PEI 25 kg/mol, 2 mg/ml from Ethanol on B 10 x 15 mm + H 1x1 mm, 70 nm, 45 µm, 21.4.2026, 9:32
Diameter[mm] 1.128e+00  Thickness[mm] 1.000e-04  Spacer Capacity[pF] 0.000e+00  Spacer Area[mm^2] 0.000e+00
Fixed value(s) :  AC Volt  [Vrms]=1.000
 Freq. [Hz]	 Time  [s]	 Eps'   	 Eps''  	M Temp [K]	M Time M[s]	  Phi [Deg]	 Zp' [Ohms]	 Zp'' [Ohms]	Tan(Phi) 
 1.0000e+06	 0.0000e+00	 1.3569e+00	-3.9228e-02	 2.9470e+02	 1.1050e+01	-9.1656e+01	-4.5875e+04	 1.3262e+03	 3.4591e+01
 3.1646e+05	 0.0000e+00	 1.2472e+00	 1.7355e-02	 2.9470e+02	 1.6050e+01	-8.9203e+01	 3.2767e+05	 4.5595e+03	-7.1864e+01
 1.0014e+05	 0.0000e+00	 1.2604e+00	 2.0197e-02	 2.9471e+02	 1.8610e+01	-8.9082e+01	 8.8973e+05	 1.4257e+04	-6.2406e+01
 3.1691e+04	 0.0000e+00	 1.2757e+00	 2.3733e-02	 2.9471e+02	 2.1110e+01	-8.8934e+01	 2.3926e+06	 4.4514e+04	-5.3750e+01
 1.0029e+04	 0.0000e+00	 1.2941e+00	 2.8262e-02	 2.9471e+02	 2.3800e+01	-8.8749e+01	 6.3491e+06	 1.3866e+05	-4.5789e+01
 3.1737e+03	 0.0000e+00	 1.3170e+00	 3.2856e-02	 2.9470e+02	 2.6380e+01	-8.8571e+01	 1.7258e+07	 4.3054e+05	-4.0084e+01
 1.0043e+03	 0.0000e+00	 1.3441e+00	 3.3579e-02	 2.9470e+02	 2.9110e+01	-8.8569e+01	 5.3362e+07	 1.3331e+06	-4.0028e+01
 3.1783e+02	 0.0000e+00	 1.3689e+00	 2.6500e-02	 2.9470e+02	 3.1850e+01	-8.8891e+01	 2.1366e+08	 4.1363e+06	-5.1655e+01
 1.0058e+02	 0.0000e+00	 1.3875e+00	 1.8297e-02	 2.9470e+02	 3.4570e+01	-8.9244e+01	 9.7790e+08	 1.2896e+07	-7.5832e+01
 3.1829e+01	 0.0000e+00	 1.3954e+00	 1.6192e-02	 2.9469e+02	 3.7570e+01	-8.9335e+01	 3.4917e+09	 4.0519e+07	-8.6175e+01
 1.0072e+01	 0.0000e+00	 1.4025e+00	 2.4507e-02	 2.9470e+02	 4.0550e+01	-8.8999e+01	 7.2905e+09	 1.2739e+08	-5.7228e+01
 1.0000e+06	 3.7800e+01	 1.3434e+00	-2.9420e-02	 2.9469e+02	 4.9550e+01	-9.1255e+01	-6.1168e+04	 1.3396e+03	 4.5662e+01
 3.1646e+05	 3.7800e+01	 1.2442e+00	 1.6807e-02	 2.9468e+02	 5.4740e+01	-8.9226e+01	 3.3836e+05	 4.5706e+03	-7.4029e+01
 1.0014e+05	 3.7800e+01	 1.2568e+00	 1.9501e-02	 2.9467e+02	 5.7550e+01	-8.9111e+01	 9.2148e+05	 1.4298e+04	-6.4449e+01
 3.1691e+04	 3.7800e+01	 1.2716e+00	 2.2889e-02	 2.9468e+02	 5.9990e+01	-8.8969e+01	 2.4809e+06	 4.4656e+04	-5.5555e+01
 1.0029e+04	 3.7800e+01	 1.2893e+00	 2.7383e-02	 2.9468e+02	 6.2740e+01	-8.8783e+01	 6.5530e+06	 1.3917e+05	-4.7085e+01
 3.1737e+03	 3.7800e+01	 1.3114e+00	 3.2384e-02	 2.9469e+02	 6.5250e+01	-8.8585e+01	 1.7510e+07	 4.3237e+05	-4.0497e+01
 1.0043e+03	 3.7800e+01	 1.3385e+00	 3.4443e-02	 2.9468e+02	 6.7880e+01	-8.8526e+01	 5.2022e+07	 1.3387e+06	-3.8860e+01
 3.1783e+02	 3.7800e+01	 1.3651e+00	 2.8533e-02	 2.9469e+02	 7.0430e+01	-8.8803e+01	 1.9844e+08	 4.1479e+06	-4.7841e+01
 1.0058e+02	 3.7800e+01	 1.3859e+00	 1.9807e-02	 2.9469e+02	 7.3350e+01	-8.9181e+01	 9.0332e+08	 1.2910e+07	-6.9968e+01
 3.1829e+01	 3.7800e+01	 1.3945e+00	 1.6854e-02	 2.9469e+02	 7.6190e+01	-8.9308e+01	 3.3547e+09	 4.0544e+07	-8.2742e+01
 1.0072e+01	 3.7800e+01	 1.4018e+00	 2.4528e-02	 2.9469e+02	 7.9180e+01	-8.8998e+01	 7.2842e+09	 1.2745e+08	-5.7153e+01
 1.0000e+06	 7.6400e+01	 1.3425e+00	-3.0668e-02	 2.9468e+02	 8.8490e+01	-9.1309e+01	-5.8680e+04	 1.3405e+03	 4.3776e+01
 3.1646e+05	 7.6400e+01	 1.2426e+00	 1.6459e-02	 2.9469e+02	 9.3550e+01	-8.9241e+01	 3.4550e+05	 4.5764e+03	-7.5496e+01
 1.0014e+05	 7.6400e+01	 1.2551e+00	 1.9130e-02	 2.9467e+02	 9.6110e+01	-8.9127e+01	 9.3934e+05	 1.4317e+04	-6.5609e+01
 3.1691e+04	 7.6400e+01	 1.2697e+00	 2.2453e-02	 2.9467e+02	 9.8550e+01	-8.8987e+01	 2.5291e+06	 4.4724e+04	-5.6548e+01
 1.0029e+04	 7.6400e+01	 1.2870e+00	 2.6898e-02	 2.9469e+02	 1.0113e+02	-8.8803e+01	 6.6711e+06	 1.3942e+05	-4.7849e+01
 3.1737e+03	 7.6400e+01	 1.3087e+00	 3.2158e-02	 2.9469e+02	 1.0355e+02	-8.8592e+01	 1.7633e+07	 4.3328e+05	-4.0696e+01
 1.0043e+03	 7.6400e+01	 1.3357e+00	 3.4936e-02	 2.9470e+02	 1.0616e+02	-8.8502e+01	 5.1288e+07	 1.3415e+06	-3.8232e+01
 3.1783e+02	 7.6400e+01	 1.3633e+00	 2.9800e-02	 2.9470e+02	 1.0861e+02	-8.8748e+01	 1.9000e+08	 4.1533e+06	-4.5747e+01
 1.0058e+02	 7.6400e+01	 1.3852e+00	 2.0738e-02	 2.9471e+02	 1.1144e+02	-8.9142e+01	 8.6277e+08	 1.2917e+07	-6.6792e+01
 3.1829e+01	 7.6400e+01	 1.3944e+00	 1.7301e-02	 2.9471e+02	 1.1430e+02	-8.9289e+01	 3.2680e+09	 4.0549e+07	-8.0594e+01
 1.0072e+01	 7.6400e+01	 1.4016e+00	 2.4411e-02	 2.9470e+02	 1.1730e+02	-8.9002e+01	 7.3190e+09	 1.2747e+08	-5.7418e+01
 1.0000e+06	 1.1460e+02	 1.3440e+00	-3.4931e-02	 2.9469e+02	 1.2643e+02	-9.1489e+01	-5.1518e+04	 1.3389e+03	 3.8477e+01
 3.1646e+05	 1.1460e+02	 1.2419e+00	 1.6261e-02	 2.9468e+02	 1.3136e+02	-8.9250e+01	 3.4970e+05	 4.5790e+03	-7.6370e+01
 1.0014e+05	 1.1460e+02	 1.2544e+00	 1.8918e-02	 2.9469e+02	 1.3393e+02	-8.9136e+01	 9.4987e+05	 1.4326e+04	-6.6305e+01
 3.1691e+04	 1.1460e+02	 1.2688e+00	 2.2236e-02	 2.9468e+02	 1.3636e+02	-8.8996e+01	 2.5538e+06	 4.4753e+04	-5.7063e+01
 1.0029e+04	 1.1460e+02	 1.2862e+00	 2.6721e-02	 2.9468e+02	 1.3925e+02	-8.8810e+01	 6.7153e+06	 1.3951e+05	-4.8134e+01
 3.1737e+03	 1.1460e+02	 1.3078e+00	 3.2059e-02	 2.9468e+02	 1.4174e+02	-8.8596e+01	 1.7687e+07	 4.3358e+05	-4.0793e+01
 1.0043e+03	 1.1460e+02	 1.3348e+00	 3.5228e-02	 2.9467e+02	 1.4449e+02	-8.8488e+01	 5.0863e+07	 1.3423e+06	-3.7891e+01
 3.1783e+02	 1.1460e+02	 1.3629e+00	 3.0310e-02	 2.9467e+02	 1.4693e+02	-8.8726e+01	 1.8681e+08	 4.1546e+06	-4.4964e+01
 1.0058e+02	 1.1460e+02	 1.3853e+00	 2.1191e-02	 2.9468e+02	 1.4977e+02	-8.9124e+01	 8.4433e+08	 1.2916e+07	-6.5372e+01
 3.1829e+01	 1.1460e+02	 1.3946e+00	 1.7323e-02	 2.9467e+02	 1.5263e+02	-8.9288e+01	 3.2638e+09	 4.0541e+07	-8.0506e+01
 1.0072e+01	 1.1460e+02	 1.4021e+00	 2.4800e-02	 2.9467e+02	 1.5561e+02	-8.8987e+01	 7.2043e+09	 1.2743e+08	-5.6537e+01
 1.0000e+06	 1.5290e+02	 1.3591e+00	-7.1121e-02	 2.9472e+02	 1.6499e+02	-9.2995e+01	-2.5303e+04	 1.3240e+03	 1.9110e+01
 3.1646e+05	 1.5290e+02	 1.2437e+00	 1.6442e-02	 2.9472e+02	 1.7005e+02	-8.9243e+01	 3.4587e+05	 4.5722e+03	-7.5646e+01
 1.0014e+05	 1.5290e+02	 1.2567e+00	 1.9211e-02	 2.9473e+02	 1.7261e+02	-8.9124e+01	 9.3537e+05	 1.4299e+04	-6.5416e+01
 3.1691e+04	 1.5290e+02	 1.2717e+00	 2.2660e-02	 2.9473e+02	 1.7538e+02	-8.8979e+01	 2.5059e+06	 4.4654e+04	-5.6118e+01
 1.0029e+04	 1.5290e+02	 1.2896e+00	 2.7320e-02	 2.9474e+02	 1.7799e+02	-8.8786e+01	 6.5681e+06	 1.3914e+05	-4.7204e+01
 3.1737e+03	 1.5290e+02	 1.3119e+00	 3.2690e-02	 2.9474e+02	 1.8072e+02	-8.8573e+01	 1.7345e+07	 4.3221e+05	-4.0132e+01
 1.0043e+03	 1.5290e+02	 1.3397e+00	 3.5254e-02	 2.9475e+02	 1.8330e+02	-8.8493e+01	 5.0826e+07	 1.3374e+06	-3.8003e+01
 3.1783e+02	 1.5290e+02	 1.3673e+00	 2.9276e-02	 2.9474e+02	 1.8596e+02	-8.8773e+01	 1.9340e+08	 4.1411e+06	-4.6704e+01
 1.0058e+02	 1.5290e+02	 1.3885e+00	 2.0096e-02	 2.9474e+02	 1.8869e+02	-8.9171e+01	 8.9033e+08	 1.2887e+07	-6.9090e+01
 3.1829e+01	 1.5290e+02	 1.3972e+00	 1.7017e-02	 2.9473e+02	 1.9157e+02	-8.9302e+01	 3.3225e+09	 4.0466e+07	-8.2106e+01
 1.0072e+01	 1.5290e+02	 1.4045e+00	 2.4430e-02	 2.9474e+02	 1.9461e+02	-8.9004e+01	 7.3134e+09	 1.2721e+08	-5.7491e+01
 1.0000e+06	 1.9190e+02	 1.3510e+00	-5.3622e-02	 2.9476e+02	 2.0355e+02	-9.2273e+01	-3.3560e+04	 1.3320e+03	 2.5195e+01
 3.1646e+05	 1.9190e+02	 1.2441e+00	 1.6480e-02	 2.9476e+02	 2.0869e+02	-8.9241e+01	 3.4506e+05	 4.5710e+03	-7.5489e+01
 1.0014e+05	 1.9190e+02	 1.2567e+00	 1.9255e-02	 2.9476e+02	 2.1155e+02	-8.9122e+01	 9.3326e+05	 1.4299e+04	-6.5268e+01
 3.1691e+04	 1.9190e+02	 1.2714e+00	 2.2613e-02	 2.9475e+02	 2.1405e+02	-8.8981e+01	 2.5111e+06	 4.4664e+04	-5.6222e+01
 1.0029e+04	 1.9190e+02	 1.2889e+00	 2.7181e-02	 2.9474e+02	 2.1691e+02	-8.8792e+01	 6.6017e+06	 1.3922e+05	-4.7421e+01
 3.1737e+03	 1.9190e+02	 1.3109e+00	 3.2476e-02	 2.9473e+02	 2.1936e+02	-8.8581e+01	 1.7460e+07	 4.3254e+05	-4.0365e+01
 1.0043e+03	 1.9190e+02	 1.3384e+00	 3.5177e-02	 2.9472e+02	 2.2193e+02	-8.8494e+01	 5.0937e+07	 1.3388e+06	-3.8048e+01
 3.1783e+02	 1.9190e+02	 1.3660e+00	 2.9488e-02	 2.9472e+02	 2.2449e+02	-8.8763e+01	 1.9201e+08	 4.1450e+06	-4.6323e+01
 1.0058e+02	 1.9190e+02	 1.3874e+00	 2.0298e-02	 2.9472e+02	 2.2730e+02	-8.9162e+01	 8.8148e+08	 1.2896e+07	-6.8352e+01
 3.1829e+01	 1.9190e+02	 1.3963e+00	 1.7017e-02	 2.9472e+02	 2.3019e+02	-8.9302e+01	 3.3226e+09	 4.0493e+07	-8.2054e+01
 1.0072e+01	 1.9190e+02	 1.4037e+00	 2.4454e-02	 2.9470e+02	 2.3336e+02	-8.9002e+01	 7.3062e+09	 1.2728e+08	-5.7401e+01
 1.0000e+06	 2.3060e+02	 1.3430e+00	-5.0892e-02	 2.9468e+02	 2.4268e+02	-9.2170e+01	-3.5361e+04	 1.3399e+03	 2.6390e+01
 3.1646e+05	 2.3060e+02	 1.2434e+00	 1.6387e-02	 2.9468e+02	 2.4772e+02	-8.9245e+01	 3.4701e+05	 4.5735e+03	-7.5874e+01
 1.0014e+05	 2.3060e+02	 1.2560e+00	 1.9121e-02	 2.9468e+02	 2.5030e+02	-8.9128e+01	 9.3978e+05	 1.4307e+04	-6.5687e+01
 3.1691e+04	 2.3060e+02	 1.2707e+00	 2.2485e-02	 2.9469e+02	 2.5274e+02	-8.8986e+01	 2.5254e+06	 4.4688e+04	-5.6512e+01
 1.0029e+04	 2.3060e+02	 1.2883e+00	 2.7048e-02	 2.9468e+02	 2.5536e+02	-8.8797e+01	 6.6342e+06	 1.3929e+05	-4.7630e+01
 3.1737e+03	 2.3060e+02	 1.3103e+00	 3.2436e-02	 2.9468e+02	 2.5782e+02	-8.8582e+01	 1.7481e+07	 4.3275e+05	-4.0396e+01
 1.0043e+03	 2.3060e+02	 1.3379e+00	 3.5223e-02	 2.9467e+02	 2.6039e+02	-8.8492e+01	 5.0871e+07	 1.3393e+06	-3.7984e+01
 3.1783e+02	 2.3060e+02	 1.3658e+00	 2.9608e-02	 2.9471e+02	 2.6293e+02	-8.8758e+01	 1.9124e+08	 4.1458e+06	-4.6129e+01
 1.0058e+02	 2.3060e+02	 1.3874e+00	 2.0352e-02	 2.9472e+02	 2.6586e+02	-8.9160e+01	 8.7913e+08	 1.2896e+07	-6.8169e+01
 3.1829e+01	 2.3060e+02	 1.3964e+00	 1.7264e-02	 2.9473e+02	 2.6869e+02	-8.9292e+01	 3.2750e+09	 4.0489e+07	-8.0886e+01
 1.0072e+01	 2.3060e+02	 1.4035e+00	 2.4313e-02	 2.9474e+02	 2.7174e+02	-8.9008e+01	 7.3487e+09	 1.2730e+08	-5.7727e+01
 1.0000e+06	 2.6900e+02	 1.3485e+00	-5.1804e-02	 2.9474e+02	 2.8105e+02	-9.2200e+01	-3.4738e+04	 1.3345e+03	 2.6031e+01
 3.1646e+05	 2.6900e+02	 1.2439e+00	 1.6493e-02	 2.9474e+02	 2.8613e+02	-8.9240e+01	 3.4479e+05	 4.5716e+03	-7.5420e+01
 1.0014e+05	 2.6900e+02	 1.2566e+00	 1.9211e-02	 2.9473e+02	 2.8868e+02	-8.9124e+01	 9.3539e+05	 1.4300e+04	-6.5410e+01
 3.1691e+04	 2.6900e+02	 1.2714e+00	 2.2593e-02	 2.9473e+02	 2.9127e+02	-8.8982e+01	 2.5134e+06	 4.4664e+04	-5.6273e+01
 1.0029e+04	 2.6900e+02	 1.2890e+00	 2.7194e-02	 2.9473e+02	 2.9386e+02	-8.8791e+01	 6.5985e+06	 1.3921e+05	-4.7401e+01
 3.1737e+03	 2.6900e+02	 1.3111e+00	 3.2546e-02	 2.9473e+02	 2.9630e+02	-8.8578e+01	 1.7422e+07	 4.3249e+05	-4.0284e+01
 1.0043e+03	 2.6900e+02	 1.3387e+00	 3.5210e-02	 2.9473e+02	 2.9893e+02	-8.8493e+01	 5.0889e+07	 1.3385e+06	-3.8020e+01
 3.1783e+02	 2.6900e+02	 1.3663e+00	 2.9472e-02	 2.9474e+02	 3.0136e+02	-8.8764e+01	 1.9212e+08	 4.1441e+06	-4.6359e+01
 1.0058e+02	 2.6900e+02	 1.3877e+00	 2.0301e-02	 2.9474e+02	 3.0413e+02	-8.9162e+01	 8.8137e+08	 1.2893e+07	-6.8358e+01
 3.1829e+01	 2.6900e+02	 1.3966e+00	 1.7271e-02	 2.9475e+02	 3.0703e+02	-8.9291e+01	 3.2736e+09	 4.0485e+07	-8.0860e+01
 1.0072e+01	 2.6900e+02	 1.4038e+00	 2.5316e-02	 2.9475e+02	 3.0999e+02	-8.8967e+01	 7.0573e+09	 1.2727e+08	-5.5451e+01
 1.0000e+06	 3.0720e+02	 1.3425e+00	-4.9861e-02	 2.9475e+02	 3.1886e+02	-9.2127e+01	-3.6092e+04	 1.3404e+03	 2.6925e+01
 3.1646e+05	 3.0720e+02	 1.2441e+00	 1.6521e-02	 2.9475e+02	 3.2405e+02	-8.9239e+01	 3.4422e+05	 4.5708e+03	-7.5307e+01
 1.0014e+05	 3.0720e+02	 1.2569e+00	 1.9249e-02	 2.9476e+02	 3.2661e+02	-8.9123e+01	 9.3352e+05	 1.4297e+04	-6.5293e+01
 3.1691e+04	 3.0720e+02	 1.2716e+00	 2.2662e-02	 2.9474e+02	 3.2928e+02	-8.8979e+01	 2.5057e+06	 4.4655e+04	-5.6113e+01
 1.0029e+04	 3.0720e+02	 1.2894e+00	 2.7260e-02	 2.9474e+02	 3.3186e+02	-8.8789e+01	 6.5825e+06	 1.3916e+05	-4.7302e+01
 3.1737e+03	 3.0720e+02	 1.3117e+00	 3.2556e-02	 2.9473e+02	 3.3455e+02	-8.8578e+01	 1.7417e+07	 4.3229e+05	-4.0290e+01
 1.0043e+03	 3.0720e+02	 1.3394e+00	 3.5135e-02	 2.9472e+02	 3.3711e+02	-8.8497e+01	 5.0997e+07	 1.3377e+06	-3.8122e+01
 3.1783e+02	 3.0720e+02	 1.3670e+00	 2.9201e-02	 2.9473e+02	 3.3955e+02	-8.8776e+01	 1.9390e+08	 4.1420e+06	-4.6814e+01
 1.0058e+02	 3.0720e+02	 1.3882e+00	 2.0001e-02	 2.9471e+02	 3.4232e+02	-8.9175e+01	 8.9458e+08	 1.2889e+07	-6.9406e+01
 3.1829e+01	 3.0720e+02	 1.3969e+00	 1.7071e-02	 2.9470e+02	 3.4530e+02	-8.9300e+01	 3.3120e+09	 4.0474e+07	-8.1830e+01
 1.0072e+01	 3.0720e+02	 1.4044e+00	 2.4911e-02	 2.9469e+02	 3.4824e+02	-8.8984e+01	 7.1720e+09	 1.2722e+08	-5.6375e+01
 1.0000e+06	 3.4550e+02	 1.3554e+00	-5.4741e-02	 2.9470e+02	 3.5711e+02	-9.2313e+01	-3.2874e+04	 1.3277e+03	 2.4760e+01
 3.1646e+05	 3.4550e+02	 1.2447e+00	 1.6614e-02	 2.9470e+02	 3.6230e+02	-8.9235e+01	 3.4228e+05	 4.5687e+03	-7.4919e+01
 1.0014e+05	 3.4550e+02	 1.2575e+00	 1.9342e-02	 2.9470e+02	 3.6486e+02	-8.9119e+01	 9.2906e+05	 1.4290e+04	-6.5016e+01
 3.1691e+04	 3.4550e+02	 1.2725e+00	 2.2814e-02	 2.9470e+02	 3.6752e+02	-8.8973e+01	 2.4891e+06	 4.4625e+04	-5.5777e+01
 1.0029e+04	 3.4550e+02	 1.2904e+00	 2.7437e-02	 2.9470e+02	 3.7013e+02	-8.8782e+01	 6.5400e+06	 1.3906e+05	-4.7031e+01
 3.1737e+03	 3.4550e+02	 1.3129e+00	 3.2733e-02	 2.9469e+02	 3.7255e+02	-8.8572e+01	 1.7323e+07	 4.3189e+05	-4.0109e+01
 1.0043e+03	 3.4550e+02	 1.3408e+00	 3.5063e-02	 2.9469e+02	 3.7511e+02	-8.8502e+01	 5.1102e+07	 1.3364e+06	-3.8238e+01
 3.1783e+02	 3.4550e+02	 1.3681e+00	 2.8749e-02	 2.9469e+02	 3.7755e+02	-8.8796e+01	 1.9695e+08	 4.1387e+06	-4.7588e+01
 1.0058e+02	 3.4550e+02	 1.3888e+00	 1.9750e-02	 2.9469e+02	 3.8025e+02	-8.9185e+01	 9.0592e+08	 1.2883e+07	-7.0317e+01
 3.1829e+01	 3.4550e+02	 1.3974e+00	 1.7110e-02	 2.9470e+02	 3.8313e+02	-8.9299e+01	 3.3046e+09	 4.0460e+07	-8.1676e+01
 1.0072e+01	 3.4550e+02	 1.4047e+00	 2.4864e-02	 2.9470e+02	 3.8611e+02	-8.8986e+01	 7.1856e+09	 1.2719e+08	-5.6494e+01
 1.0000e+06	 3.8340e+02	 1.3420e+00	-4.8791e-02	 2.9471e+02	 3.9543e+02	-9.2082e+01	-3.6883e+04	 1.3409e+03	 2.7506e+01
 3.1646e+05	 3.8340e+02	 1.2456e+00	 1.6771e-02	 2.9470e+02	 4.0061e+02	-8.9229e+01	 3.3908e+05	 4.5654e+03	-7.4272e+01
 1.0014e+05	 3.8340e+02	 1.2585e+00	 1.9532e-02	 2.9470e+02	 4.0324e+02	-8.9111e+01	 9.2004e+05	 1.4278e+04	-6.4437e+01
 3.1691e+04	 3.8340e+02	 1.2736e+00	 2.3012e-02	 2.9470e+02	 4.0599e+02	-8.8965e+01	 2.4676e+06	 4.4585e+04	-5.5345e+01
 1.0029e+04	 3.8340e+02	 1.2917e+00	 2.7710e-02	 2.9470e+02	 4.0861e+02	-8.8771e+01	 6.4755e+06	 1.3891e+05	-4.6616e+01
 3.1737e+03	 3.8340e+02	 1.3145e+00	 3.2878e-02	 2.9471e+02	 4.1122e+02	-8.8567e+01	 1.7247e+07	 4.3136e+05	-3.9981e+01
 1.0043e+03	 3.8340e+02	 1.3425e+00	 3.4895e-02	 2.9471e+02	 4.1380e+02	-8.8511e+01	 5.1348e+07	 1.3347e+06	-3.8472e+01
 3.1783e+02	 3.8340e+02	 1.3694e+00	 2.8233e-02	 2.9470e+02	 4.1646e+02	-8.8819e+01	 2.0055e+08	 4.1348e+06	-4.8502e+01
 1.0058e+02	 3.8340e+02	 1.3895e+00	 1.9274e-02	 2.9470e+02	 4.1919e+02	-8.9205e+01	 9.2832e+08	 1.2877e+07	-7.2093e+01
 3.1829e+01	 3.8340e+02	 1.3979e+00	 1.7003e-02	 2.9470e+02	 4.2207e+02	-8.9303e+01	 3.3253e+09	 4.0447e+07	-8.2214e+01
 1.0072e+01	 3.8340e+02	 1.4050e+00	 2.6025e-02	 2.9469e+02	 4.2511e+02	-8.8939e+01	 6.8652e+09	 1.2716e+08	-5.3987e+01
 1.0000e+06	 4.2240e+02	 1.3396e+00	-4.8625e-02	 2.9468e+02	 4.3386e+02	-9.2079e+01	-3.7009e+04	 1.3433e+03	 2.7550e+01
 3.1646e+05	 4.2240e+02	 1.2465e+00	 1.6953e-02	 2.9467e+02	 4.3893e+02	-8.9221e+01	 3.3543e+05	 4.5622e+03	-7.3525e+01
 1.0014e+05	 4.2240e+02	 1.2596e+00	 1.9742e-02	 2.9468e+02	 4.4149e+02	-8.9102e+01	 9.1023e+05	 1.4266e+04	-6.3804e+01
 3.1691e+04	 4.2240e+02	 1.2749e+00	 2.3277e-02	 2.9468e+02	 4.4422e+02	-8.8954e+01	 2.4395e+06	 4.4541e+04	-5.4771e+01
 1.0029e+04	 4.2240e+02	 1.2933e+00	 2.8001e-02	 2.9467e+02	 4.4680e+02	-8.8760e+01	 6.4084e+06	 1.3875e+05	-4.6188e+01
 3.1737e+03	 4.2240e+02	 1.3164e+00	 3.3128e-02	 2.9467e+02	 4.4946e+02	-8.8558e+01	 1.7116e+07	 4.3075e+05	-3.9736e+01
 1.0043e+03	 4.2240e+02	 1.3445e+00	 3.4692e-02	 2.9467e+02	 4.5205e+02	-8.8522e+01	 5.1650e+07	 1.3327e+06	-3.8757e+01
 3.1783e+02	 4.2240e+02	 1.3710e+00	 2.7476e-02	 2.9467e+02	 4.5449e+02	-8.8852e+01	 2.0607e+08	 4.1300e+06	-4.9897e+01
 1.0058e+02	 4.2240e+02	 1.3904e+00	 1.8711e-02	 2.9468e+02	 4.5732e+02	-8.9229e+01	 9.5624e+08	 1.2868e+07	-7.4309e+01
 3.1829e+01	 4.2240e+02	 1.3869e+00	 1.3761e-02	 2.9475e+02	 4.6088e+02	-8.9432e+01	 4.1087e+09	 4.0767e+07	-1.0078e+02
 1.0072e+01	 4.2240e+02	 1.4013e+00	 2.5610e-02	 2.9514e+02	 4.6386e+02	-8.8953e+01	 6.9764e+09	 1.2750e+08	-5.4717e+01
 1.0000e+06	 4.6110e+02	 1.3600e+00	-6.3389e-02	 2.9551e+02	 4.7286e+02	-9.2669e+01	-2.8389e+04	 1.3232e+03	 2.1455e+01
 3.1646e+05	 4.6110e+02	 1.2462e+00	 1.7269e-02	 2.9553e+02	 4.7530e+02	-8.9206e+01	 3.2931e+05	 4.5632e+03	-7.2166e+01
 1.0014e+05	 4.6110e+02	 1.2617e+00	 2.0484e-02	 2.9554e+02	 4.7822e+02	-8.9070e+01	 8.7725e+05	 1.4243e+04	-6.1592e+01
 3.1691e+04	 4.6110e+02	 1.2789e+00	 2.4310e-02	 2.9555e+02	 4.8068e+02	-8.8911e+01	 2.3359e+06	 4.4401e+04	-5.2608e+01
 1.0029e+04	 4.6110e+02	 1.2986e+00	 2.9388e-02	 2.9556e+02	 4.8346e+02	-8.8704e+01	 6.1058e+06	 1.3818e+05	-4.4186e+01
 3.1737e+03	 4.6110e+02	 1.3195e+00	 3.4306e-02	 2.9556e+02	 4.8593e+02	-8.8511e+01	 1.6529e+07	 4.2971e+05	-3.8464e+01
 1.0043e+03	 4.6110e+02	 1.3501e+00	 3.2712e-02	 2.9557e+02	 4.8849e+02	-8.8612e+01	 5.4776e+07	 1.3271e+06	-4.1273e+01
 3.1783e+02	 4.6110e+02	 1.3724e+00	 2.3311e-02	 2.9559e+02	 4.9105e+02	-8.9027e+01	 2.4290e+08	 4.1256e+06	-5.8875e+01
 1.0058e+02	 4.6110e+02	 1.3865e+00	 1.5345e-02	 2.9559e+02	 4.9375e+02	-8.9366e+01	 1.1660e+09	 1.2905e+07	-9.0351e+01
 3.1829e+01	 4.6110e+02	 1.3985e+00	 1.6626e-02	 2.9562e+02	 4.9707e+02	-8.9319e+01	 3.4007e+09	 4.0429e+07	-8.4115e+01
 1.0072e+01	 4.6110e+02	 1.4040e+00	 2.6050e-02	 2.9565e+02	 5.0018e+02	-8.8937e+01	 6.8586e+09	 1.2726e+08	-5.3895e+01
 1.0000e+06	 4.9740e+02	 1.3510e+00	-4.6352e-02	 2.9579e+02	 5.0930e+02	-9.1965e+01	-3.8824e+04	 1.3320e+03	 2.9147e+01
 3.1646e+05	 4.9740e+02	 1.2505e+00	 1.8916e-02	 2.9583e+02	 5.1180e+02	-8.9133e+01	 3.0062e+05	 4.5475e+03	-6.6106e+01
 1.0014e+05	 4.9740e+02	 1.2665e+00	 2.2639e-02	 2.9591e+02	 5.1449e+02	-8.8976e+01	 7.9376e+05	 1.4188e+04	-5.5945e+01
 3.1691e+04	 4.9740e+02	 1.2858e+00	 2.7055e-02	 2.9596e+02	 5.1699e+02	-8.8795e+01	 2.0988e+06	 4.4164e+04	-4.7523e+01
 1.0029e+04	 4.9740e+02	 1.3097e+00	 3.1827e-02	 2.9605e+02	 5.1974e+02	-8.8608e+01	 5.6380e+06	 1.3701e+05	-4.1150e+01
 3.1737e+03	 4.9740e+02	 1.3383e+00	 3.3308e-02	 2.9611e+02	 5.2224e+02	-8.8574e+01	 1.7024e+07	 4.2370e+05	-4.0178e+01
 1.0043e+03	 4.9740e+02	 1.3669e+00	 2.7317e-02	 2.9618e+02	 5.2485e+02	-8.8855e+01	 6.5592e+07	 1.3109e+06	-5.0037e+01
 3.1783e+02	 4.9740e+02	 1.3882e+00	 1.7683e-02	 2.9624e+02	 5.2730e+02	-8.9270e+01	 3.2021e+08	 4.0789e+06	-7.8505e+01
 1.0058e+02	 4.9740e+02	 1.3949e+00	 1.3184e-02	 2.9632e+02	 5.3025e+02	-8.9458e+01	 1.3571e+09	 1.2827e+07	-1.0581e+02
 3.1829e+01	 4.9740e+02	 1.4043e+00	 1.4783e-02	 2.9640e+02	 5.3343e+02	-8.9397e+01	 3.8247e+09	 4.0262e+07	-9.4994e+01
 1.0072e+01	 4.9740e+02	 1.4398e+00	 7.6426e-02	 2.9646e+02	 5.3649e+02	-8.6962e+01	 2.3377e+09	 1.2409e+08	-1.8840e+01
 1.0000e+06	 5.3380e+02	 1.3537e+00	-4.0097e-02	 2.9661e+02	 5.4532e+02	-9.1697e+01	-4.4881e+04	 1.3294e+03	 3.3760e+01
 3.1646e+05	 5.3380e+02	 1.2711e+00	 2.2067e-02	 2.9663e+02	 5.4786e+02	-8.9005e+01	 2.5770e+05	 4.4738e+03	-5.7603e+01
 1.0014e+05	 5.3380e+02	 1.2853e+00	 2.5675e-02	 2.9665e+02	 5.5055e+02	-8.8856e+01	 6.9989e+05	 1.3981e+04	-5.0060e+01
 3.1691e+04	 5.3380e+02	 1.3050e+00	 2.9727e-02	 2.9667e+02	 5.5299e+02	-8.8695e+01	 1.9102e+06	 4.3515e+04	-4.3898e+01
 1.0029e+04	 5.3380e+02	 1.3365e+00	 3.2475e-02	 2.9670e+02	 5.5566e+02	-8.8608e+01	 5.5255e+06	 1.3426e+05	-4.1155e+01
 3.1737e+03	 5.3380e+02	 1.3626e+00	 3.0151e-02	 2.9671e+02	 5.5811e+02	-8.8732e+01	 1.8806e+07	 4.1615e+05	-4.5191e+01
 1.0043e+03	 5.3380e+02	 1.3766e+00	 2.0854e-02	 2.9673e+02	 5.6068e+02	-8.9132e+01	 8.5921e+07	 1.3016e+06	-6.6010e+01
 3.1783e+02	 5.3380e+02	 1.3904e+00	 1.4187e-02	 2.9675e+02	 5.6311e+02	-8.9415e+01	 3.9911e+08	 4.0724e+06	-9.8005e+01
 1.0058e+02	 5.3380e+02	 1.3967e+00	 1.2283e-02	 2.9678e+02	 5.6582e+02	-8.9496e+01	 1.4567e+09	 1.2810e+07	-1.1371e+02
 3.1829e+01	 5.3380e+02	 1.4054e+00	 1.4973e-02	 2.9687e+02	 5.6963e+02	-8.9390e+01	 3.7762e+09	 4.0230e+07	-9.3866e+01
 1.0072e+01	 5.3380e+02	 1.4297e+00	 3.8977e-02	 2.9693e+02	 5.7264e+02	-8.8438e+01	 4.5838e+09	 1.2496e+08	-3.6681e+01
 1.0000e+06	 5.6990e+02	 1.3704e+00	-3.2694e-02	 2.9711e+02	 5.8143e+02	-9.1367e+01	-5.5042e+04	 1.3132e+03	 4.1915e+01
 3.1646e+05	 5.6990e+02	 1.2691e+00	 2.2615e-02	 2.9718e+02	 5.8424e+02	-8.8979e+01	 2.5145e+05	 4.4807e+03	-5.6119e+01
 1.0014e+05	 5.6990e+02	 1.2868e+00	 2.6478e-02	 2.9721e+02	 5.8699e+02	-8.8821e+01	 6.7868e+05	 1.3965e+04	-4.8600e+01
 3.1691e+04	 5.6990e+02	 1.3082e+00	 3.0301e-02	 2.9727e+02	 5.8961e+02	-8.8673e+01	 1.8740e+06	 4.3408e+04	-4.3173e+01
 1.0029e+04	 5.6990e+02	 1.3402e+00	 3.2577e-02	 2.9730e+02	 5.9218e+02	-8.8608e+01	 5.5082e+06	 1.3389e+05	-4.1141e+01
 3.1737e+03	 5.6990e+02	 1.3665e+00	 2.8344e-02	 2.9732e+02	 5.9469e+02	-8.8812e+01	 2.0005e+07	 4.1496e+05	-4.8210e+01
 1.0043e+03	 5.6990e+02	 1.3880e+00	 1.9671e-02	 2.9735e+02	 5.9743e+02	-8.9188e+01	 9.1088e+07	 1.2909e+06	-7.0560e+01
 3.1783e+02	 5.6990e+02	 1.3971e+00	 1.3027e-02	 2.9736e+02	 5.9986e+02	-8.9466e+01	 4.3464e+08	 4.0528e+06	-1.0724e+02
 1.0058e+02	 5.6990e+02	 1.4024e+00	 1.1011e-02	 2.9737e+02	 6.0258e+02	-8.9550e+01	 1.6249e+09	 1.2758e+07	-1.2736e+02
 3.1829e+01	 5.6990e+02	 1.4086e+00	 1.6695e-02	 2.9737e+02	 6.0544e+02	-8.9321e+01	 3.3866e+09	 4.0140e+07	-8.4371e+01
 1.0072e+01	 5.6990e+02	 1.4181e+00	 3.0383e-02	 2.9738e+02	 6.0846e+02	-8.8773e+01	 5.8805e+09	 1.2599e+08	-4.6674e+01
 1.0000e+06	 6.0570e+02	 1.3792e+00	-3.5780e-02	 2.9739e+02	 6.2125e+02	-9.1486e+01	-5.0295e+04	 1.3048e+03	 3.8546e+01
 3.1646e+05	 6.0570e+02	 1.2750e+00	 2.2561e-02	 2.9739e+02	 6.2386e+02	-8.8986e+01	 2.5206e+05	 4.4601e+03	-5.6514e+01
 1.0014e+05	 6.0570e+02	 1.2919e+00	 2.6095e-02	 2.9740e+02	 6.2680e+02	-8.8843e+01	 6.8862e+05	 1.3910e+04	-4.9505e+01
 3.1691e+04	 6.0570e+02	 1.3118e+00	 2.9832e-02	 2.9740e+02	 6.2924e+02	-8.8697e+01	 1.9035e+06	 4.3287e+04	-4.3974e+01
 1.0029e+04	 6.0570e+02	 1.3355e+00	 3.2215e-02	 2.9740e+02	 6.3205e+02	-8.8618e+01	 5.5700e+06	 1.3436e+05	-4.1456e+01
 3.1737e+03	 6.0570e+02	 1.3607e+00	 2.9441e-02	 2.9739e+02	 6.3455e+02	-8.8760e+01	 1.9260e+07	 4.1673e+05	-4.6216e+01
 1.0043e+03	 6.0570e+02	 1.3833e+00	 2.1447e-02	 2.9739e+02	 6.3728e+02	-8.9112e+01	 8.3546e+07	 1.2953e+06	-6.4500e+01
 3.1783e+02	 6.0570e+02	 1.3937e+00	 1.3907e-02	 2.9739e+02	 6.3980e+02	-8.9428e+01	 4.0714e+08	 4.0627e+06	-1.0021e+02
 1.0058e+02	 6.0570e+02	 1.3998e+00	 1.2414e-02	 2.9739e+02	 6.4266e+02	-8.9492e+01	 1.4413e+09	 1.2782e+07	-1.1276e+02
 3.1829e+01	 6.0570e+02	 1.4059e+00	 1.5240e-02	 2.9738e+02	 6.4549e+02	-8.9379e+01	 3.7099e+09	 4.0217e+07	-9.2248e+01
 1.0072e+01	 6.0570e+02	 1.4130e+00	 2.7404e-02	 2.9738e+02	 6.4849e+02	-8.8889e+01	 6.5197e+09	 1.2644e+08	-5.1563e+01
 1.0000e+06	 6.4580e+02	 1.3697e+00	-3.2539e-02	 2.9737e+02	 6.5786e+02	-9.1361e+01	-5.5306e+04	 1.3139e+03	 4.2094e+01
 3.1646e+05	 6.4580e+02	 1.2681e+00	 2.1475e-02	 2.9737e+02	 6.6036e+02	-8.9030e+01	 2.6480e+05	 4.4842e+03	-5.9052e+01
 1.0014e+05	 6.4580e+02	 1.2840e+00	 2.4837e-02	 2.9736e+02	 6.6311e+02	-8.8892e+01	 7.2352e+05	 1.3995e+04	-5.1700e+01
 3.1691e+04	 6.4580e+02	 1.3030e+00	 2.8689e-02	 2.9736e+02	 6.6555e+02	-8.8739e+01	 1.9793e+06	 4.3580e+04	-4.5419e+01
 1.0029e+04	 6.4580e+02	 1.3257e+00	 3.1953e-02	 2.9735e+02	 6.6822e+02	-8.8619e+01	 5.6158e+06	 1.3536e+05	-4.1489e+01
 3.1737e+03	 6.4580e+02	 1.3511e+00	 3.1381e-02	 2.9735e+02	 6.7080e+02	-8.8669e+01	 1.8069e+07	 4.1968e+05	-4.3054e+01
 1.0043e+03	 6.4580e+02	 1.3733e+00	 2.4036e-02	 2.9734e+02	 6.7346e+02	-8.8997e+01	 7.4546e+07	 1.3047e+06	-5.7134e+01
 3.1783e+02	 6.4580e+02	 1.3900e+00	 1.5949e-02	 2.9734e+02	 6.7599e+02	-8.9343e+01	 3.5501e+08	 4.0733e+06	-8.7156e+01
 1.0058e+02	 6.4580e+02	 1.3971e+00	 1.3040e-02	 2.9734e+02	 6.7877e+02	-8.9465e+01	 1.3721e+09	 1.2807e+07	-1.0714e+02
 3.1829e+01	 6.4580e+02	 1.4030e+00	 1.4689e-02	 2.9733e+02	 6.8171e+02	-8.9400e+01	 3.8491e+09	 4.0298e+07	-9.5517e+01
 1.0072e+01	 6.4580e+02	 1.4100e+00	 2.5784e-02	 2.9732e+02	 6.8469e+02	-8.8952e+01	 6.9293e+09	 1.2671e+08	-5.4686e+01
 1.0000e+06	 6.8190e+02	 1.3632e+00	-3.2579e-02	 2.9730e+02	 6.9375e+02	-9.1369e+01	-5.5237e+04	 1.3201e+03	 4.1843e+01
 3.1646e+05	 6.8190e+02	 1.2623e+00	 2.0436e-02	 2.9730e+02	 6.9630e+02	-8.9073e+01	 2.7827e+05	 4.5050e+03	-6.1769e+01
 1.0014e+05	 6.8190e+02	 1.2776e+00	 2.3718e-02	 2.9730e+02	 6.9916e+02	-8.8936e+01	 7.5763e+05	 1.4065e+04	-5.3865e+01
 3.1691e+04	 6.8190e+02	 1.2958e+00	 2.7598e-02	 2.9727e+02	 7.0161e+02	-8.8780e+01	 2.0576e+06	 4.3823e+04	-4.6952e+01
 1.0029e+04	 6.8190e+02	 1.3177e+00	 3.1542e-02	 2.9727e+02	 7.0441e+02	-8.8629e+01	 5.6889e+06	 1.3618e+05	-4.1775e+01
 3.1737e+03	 6.8190e+02	 1.3433e+00	 3.2678e-02	 2.9727e+02	 7.0686e+02	-8.8606e+01	 1.7352e+07	 4.2212e+05	-4.1106e+01
 1.0043e+03	 6.8190e+02	 1.3679e+00	 2.6834e-02	 2.9726e+02	 7.0943e+02	-8.8876e+01	 6.6774e+07	 1.3098e+06	-5.0978e+01
 3.1783e+02	 6.8190e+02	 1.3875e+00	 1.8054e-02	 2.9725e+02	 7.1193e+02	-8.9255e+01	 3.1363e+08	 4.0809e+06	-7.6854e+01
 1.0058e+02	 6.8190e+02	 1.3965e+00	 1.3333e-02	 2.9725e+02	 7.1463e+02	-8.9453e+01	 1.3419e+09	 1.2813e+07	-1.0474e+02
 3.1829e+01	 6.8190e+02	 1.4019e+00	 1.4915e-02	 2.9723e+02	 7.1769e+02	-8.9390e+01	 3.7908e+09	 4.0330e+07	-9.3993e+01
 1.0072e+01	 6.8190e+02	 1.4088e+00	 2.5710e-02	 2.9722e+02	 7.2080e+02	-8.8954e+01	 6.9492e+09	 1.2682e+08	-5.4795e+01
 1.0000e+06	 7.1810e+02	 1.3588e+00	-3.2635e-02	 2.9720e+02	 7.2988e+02	-9.1376e+01	-5.5142e+04	 1.3244e+03	 4.1637e+01
 3.1646e+05	 7.1810e+02	 1.2588e+00	 1.9795e-02	 2.9719e+02	 7.3243e+02	-8.9099e+01	 2.8728e+05	 4.5174e+03	-6.3594e+01
 1.0014e+05	 7.1810e+02	 1.2738e+00	 2.3046e-02	 2.9719e+02	 7.3527e+02	-8.8963e+01	 7.7975e+05	 1.4108e+04	-5.5272e+01
 3.1691e+04	 7.1810e+02	 1.2914e+00	 2.6959e-02	 2.9717e+02	 7.3774e+02	-8.8804e+01	 2.1063e+06	 4.3972e+04	-4.7902e+01
 1.0029e+04	 7.1810e+02	 1.3127e+00	 3.1219e-02	 2.9717e+02	 7.4030e+02	-8.8638e+01	 5.7478e+06	 1.3669e+05	-4.2049e+01
 3.1737e+03	 7.1810e+02	 1.3383e+00	 3.3293e-02	 2.9716e+02	 7.4293e+02	-8.8575e+01	 1.7031e+07	 4.2371e+05	-4.0196e+01
 1.0043e+03	 7.1810e+02	 1.3643e+00	 2.8719e-02	 2.9716e+02	 7.4549e+02	-8.8794e+01	 6.2390e+07	 1.3133e+06	-4.7505e+01
 3.1783e+02	 7.1810e+02	 1.3858e+00	 1.9786e-02	 2.9715e+02	 7.4818e+02	-8.9182e+01	 2.8617e+08	 4.0859e+06	-7.0037e+01
 1.0058e+02	 7.1810e+02	 1.3943e+00	 1.4218e-02	 2.9714e+02	 7.5088e+02	-8.9416e+01	 1.2584e+09	 1.2832e+07	-9.8065e+01
 3.1829e+01	 7.1810e+02	 1.4012e+00	 1.4937e-02	 2.9713e+02	 7.5382e+02	-8.9389e+01	 3.7852e+09	 4.0351e+07	-9.3805e+01
 1.0072e+01	 7.1810e+02	 1.4081e+00	 2.6154e-02	 2.9712e+02	 7.5671e+02	-8.8936e+01	 6.8314e+09	 1.2688e+08	-5.3840e+01
 1.0000e+06	 7.5400e+02	 1.3574e+00	-3.3655e-02	 2.9711e+02	 7.6549e+02	-9.1420e+01	-5.3472e+04	 1.3257e+03	 4.0334e+01
 3.1646e+05	 7.5400e+02	 1.2563e+00	 1.9276e-02	 2.9710e+02	 7.6799e+02	-8.9121e+01	 2.9501e+05	 4.5266e+03	-6.5173e+01
 1.0014e+05	 7.5400e+02	 1.2708e+00	 2.2465e-02	 2.9709e+02	 7.7074e+02	-8.8987e+01	 7.9990e+05	 1.4141e+04	-5.6567e+01
 3.1691e+04	 7.5400e+02	 1.2879e+00	 2.6338e-02	 2.9709e+02	 7.7346e+02	-8.8828e+01	 2.1560e+06	 4.4091e+04	-4.8898e+01
 1.0029e+04	 7.5400e+02	 1.3087e+00	 3.0832e-02	 2.9708e+02	 7.7605e+02	-8.8650e+01	 5.8199e+06	 1.3711e+05	-4.2446e+01
 3.1737e+03	 7.5400e+02	 1.3340e+00	 3.3739e-02	 2.9708e+02	 7.7849e+02	-8.8551e+01	 1.6807e+07	 4.2506e+05	-3.9539e+01
 1.0043e+03	 7.5400e+02	 1.3608e+00	 3.0181e-02	 2.9706e+02	 7.8111e+02	-8.8729e+01	 5.9368e+07	 1.3167e+06	-4.5089e+01
 3.1783e+02	 7.5400e+02	 1.3841e+00	 2.1253e-02	 2.9706e+02	 7.8355e+02	-8.9120e+01	 2.6641e+08	 4.0909e+06	-6.5123e+01
 1.0058e+02	 7.5400e+02	 1.3932e+00	 1.4461e-02	 2.9705e+02	 7.8628e+02	-8.9405e+01	 1.2373e+09	 1.2842e+07	-9.6344e+01
 3.1829e+01	 7.5400e+02	 1.4003e+00	 1.5333e-02	 2.9705e+02	 7.8914e+02	-8.9373e+01	 3.6874e+09	 4.0377e+07	-9.1325e+01
 1.0072e+01	 7.5400e+02	 1.4069e+00	 2.5467e-02	 2.9704e+02	 7.9211e+02	-8.8963e+01	 7.0155e+09	 1.2699e+08	-5.5244e+01
 1.0000e+06	 7.8940e+02	 1.3558e+00	-3.4604e-02	 2.9702e+02	 8.0136e+02	-9.1462e+01	-5.2005e+04	 1.3273e+03	 3.9180e+01
 3.1646e+05	 7.8940e+02	 1.2539e+00	 1.8813e-02	 2.9701e+02	 8.0380e+02	-8.9140e+01	 3.0227e+05	 4.5351e+03	-6.6652e+01
 1.0014e+05	 7.8940e+02	 1.2681e+00	 2.1907e-02	 2.9701e+02	 8.0647e+02	-8.9010e+01	 8.2029e+05	 1.4171e+04	-5.7886e+01
 3.1691e+04	 7.8940e+02	 1.2849e+00	 2.5811e-02	 2.9701e+02	 8.0893e+02	-8.8849e+01	 2.2000e+06	 4.4194e+04	-4.9781e+01
 1.0029e+04	 7.8940e+02	 1.3053e+00	 3.0404e-02	 2.9699e+02	 8.1149e+02	-8.8666e+01	 5.9018e+06	 1.3747e+05	-4.2930e+01
 3.1737e+03	 7.8940e+02	 1.3302e+00	 3.3877e-02	 2.9699e+02	 8.1400e+02	-8.8541e+01	 1.6738e+07	 4.2629e+05	-3.9264e+01
 1.0043e+03	 7.8940e+02	 1.3577e+00	 3.1344e-02	 2.9698e+02	 8.1661e+02	-8.8677e+01	 5.7166e+07	 1.3198e+06	-4.3315e+01
 3.1783e+02	 7.8940e+02	 1.3824e+00	 2.2640e-02	 2.9698e+02	 8.1918e+02	-8.9062e+01	 2.5009e+08	 4.0959e+06	-6.1059e+01
 1.0058e+02	 7.8940e+02	 1.3924e+00	 1.5580e-02	 2.9697e+02	 8.2188e+02	-8.9359e+01	 1.1484e+09	 1.2850e+07	-8.9369e+01
 3.1829e+01	 7.8940e+02	 1.3998e+00	 1.5173e-02	 2.9697e+02	 8.2482e+02	-8.9379e+01	 3.7262e+09	 4.0391e+07	-9.2254e+01
 1.0072e+01	 7.8940e+02	 1.4066e+00	 2.5112e-02	 2.9696e+02	 8.2788e+02	-8.8977e+01	 7.1148e+09	 1.2701e+08	-5.6015e+01
 1.0000e+06	 8.2510e+02	 1.3532e+00	-3.4576e-02	 2.9694e+02	 8.3693e+02	-9.1464e+01	-5.2046e+04	 1.3299e+03	 3.9136e+01
 3.1646e+05	 8.2510e+02	 1.2521e+00	 1.8487e-02	 2.9693e+02	 8.3943e+02	-8.9154e+01	 3.0760e+05	 4.5415e+03	-6.7731e+01
 1.0014e+05	 8.2510e+02	 1.2662e+00	 2.1542e-02	 2.9693e+02	 8.4211e+02	-8.9025e+01	 8.3418e+05	 1.4192e+04	-5.8777e+01
 3.1691e+04	 8.2510e+02	 1.2826e+00	 2.5358e-02	 2.9693e+02	 8.4468e+02	-8.8867e+01	 2.2393e+06	 4.4272e+04	-5.0580e+01
 1.0029e+04	 8.2510e+02	 1.3026e+00	 3.0036e-02	 2.9692e+02	 8.4725e+02	-8.8679e+01	 5.9741e+06	 1.3775e+05	-4.3368e+01
 3.1737e+03	 8.2510e+02	 1.3273e+00	 3.3878e-02	 2.9691e+02	 8.4999e+02	-8.8538e+01	 1.6737e+07	 4.2720e+05	-3.9179e+01
 1.0043e+03	 8.2510e+02	 1.3551e+00	 3.2203e-02	 2.9691e+02	 8.5261e+02	-8.8639e+01	 5.5642e+07	 1.3223e+06	-4.2080e+01
 3.1783e+02	 8.2510e+02	 1.3811e+00	 2.3625e-02	 2.9689e+02	 8.5525e+02	-8.9020e+01	 2.3966e+08	 4.0998e+06	-5.8457e+01
 1.0058e+02	 8.2510e+02	 1.3926e+00	 1.6342e-02	 2.9690e+02	 8.5799e+02	-8.9328e+01	 1.0949e+09	 1.2848e+07	-8.5216e+01
 3.1829e+01	 8.2510e+02	 1.3993e+00	 1.5391e-02	 2.9688e+02	 8.6108e+02	-8.9370e+01	 3.6735e+09	 4.0405e+07	-9.0916e+01
 1.0072e+01	 8.2510e+02	 1.4062e+00	 2.5164e-02	 2.9687e+02	 8.6418e+02	-8.8975e+01	 7.0999e+09	 1.2706e+08	-5.5880e+01
 1.0000e+06	 8.6140e+02	 1.3454e+00	-3.3253e-02	 2.9685e+02	 8.7330e+02	-9.1416e+01	-5.4118e+04	 1.3376e+03	 4.0461e+01
 3.1646e+05	 8.6140e+02	 1.2508e+00	 1.8223e-02	 2.9684e+02	 8.7574e+02	-8.9165e+01	 3.1206e+05	 4.5463e+03	-6.8641e+01
 1.0014e+05	 8.6140e+02	 1.2647e+00	 2.1243e-02	 2.9684e+02	 8.7872e+02	-8.9038e+01	 8.4590e+05	 1.4209e+04	-5.9532e+01
 3.1691e+04	 8.6140e+02	 1.2809e+00	 2.4999e-02	 2.9683e+02	 8.8118e+02	-8.8882e+01	 2.2715e+06	 4.4331e+04	-5.1239e+01
 1.0029e+04	 8.6140e+02	 1.3007e+00	 2.9747e-02	 2.9682e+02	 8.8399e+02	-8.8690e+01	 6.0322e+06	 1.3796e+05	-4.3724e+01
 3.1737e+03	 8.6140e+02	 1.3251e+00	 3.3887e-02	 2.9681e+02	 8.8643e+02	-8.8535e+01	 1.6733e+07	 4.2791e+05	-3.9105e+01
 1.0043e+03	 8.6140e+02	 1.3532e+00	 3.2825e-02	 2.9681e+02	 8.8899e+02	-8.8610e+01	 5.4588e+07	 1.3241e+06	-4.1226e+01
 3.1783e+02	 8.6140e+02	 1.3801e+00	 2.4554e-02	 2.9680e+02	 8.9155e+02	-8.8981e+01	 2.3060e+08	 4.1028e+06	-5.6204e+01
 1.0058e+02	 8.6140e+02	 1.3917e+00	 1.6003e-02	 2.9681e+02	 8.9425e+02	-8.9341e+01	 1.1181e+09	 1.2856e+07	-8.6969e+01
 3.1829e+01	 8.6140e+02	 1.3992e+00	 1.5847e-02	 2.9679e+02	 8.9719e+02	-8.9351e+01	 3.5679e+09	 4.0407e+07	-8.8298e+01
 1.0072e+01	 8.6140e+02	 1.4061e+00	 2.6126e-02	 2.9678e+02	 9.0036e+02	-8.8936e+01	 6.8387e+09	 1.2706e+08	-5.3823e+01
 1.0000e+06	 8.9760e+02	 1.3523e+00	-3.6858e-02	 2.9677e+02	 9.0961e+02	-9.1561e+01	-4.8824e+04	 1.3308e+03	 3.6688e+01
 3.1646e+05	 8.9760e+02	 1.2500e+00	 1.7990e-02	 2.9676e+02	 9.1205e+02	-8.9175e+01	 3.1611e+05	 4.5492e+03	-6.9486e+01
 1.0014e+05	 8.9760e+02	 1.2637e+00	 2.0997e-02	 2.9675e+02	 9.1485e+02	-8.9048e+01	 8.5584e+05	 1.4220e+04	-6.0187e+01
 3.1691e+04	 8.9760e+02	 1.2798e+00	 2.4752e-02	 2.9675e+02	 9.1730e+02	-8.8892e+01	 2.2941e+06	 4.4369e+04	-5.1706e+01
 1.0029e+04	 8.9760e+02	 1.2993e+00	 2.9510e-02	 2.9674e+02	 9.1986e+02	-8.8699e+01	 6.0806e+06	 1.3810e+05	-4.4030e+01
 3.1737e+03	 8.9760e+02	 1.3236e+00	 3.3892e-02	 2.9673e+02	 9.2243e+02	-8.8533e+01	 1.6730e+07	 4.2840e+05	-3.9053e+01
 1.0043e+03	 8.9760e+02	 1.3518e+00	 3.3270e-02	 2.9673e+02	 9.2499e+02	-8.8590e+01	 5.3857e+07	 1.3255e+06	-4.0630e+01
 3.1783e+02	 8.9760e+02	 1.3753e+00	 2.4352e-02	 2.9672e+02	 9.2774e+02	-8.8986e+01	 2.3251e+08	 4.1171e+06	-5.6475e+01
 1.0058e+02	 8.9760e+02	 1.3914e+00	 1.7019e-02	 2.9672e+02	 9.3050e+02	-8.9299e+01	 1.0513e+09	 1.2859e+07	-8.1756e+01
 3.1829e+01	 8.9760e+02	 1.3989e+00	 1.5992e-02	 2.9672e+02	 9.3338e+02	-8.9345e+01	 3.5354e+09	 4.0417e+07	-8.7474e+01
 1.0072e+01	 8.9760e+02	 1.4056e+00	 2.5470e-02	 2.9671e+02	 9.3636e+02	-8.8962e+01	 7.0147e+09	 1.2711e+08	-5.5188e+01
 1.0000e+06	 9.3360e+02	 1.3527e+00	-3.8662e-02	 2.9669e+02	 9.4561e+02	-9.1637e+01	-4.6546e+04	 1.3304e+03	 3.4987e+01
 3.1646e+05	 9.3360e+02	 1.2492e+00	 1.7823e-02	 2.9668e+02	 9.4811e+02	-8.9183e+01	 3.1906e+05	 4.5524e+03	-7.0086e+01
 1.0014e+05	 9.3360e+02	 1.2627e+00	 2.0793e-02	 2.9668e+02	 9.5080e+02	-8.9057e+01	 8.6422e+05	 1.4231e+04	-6.0726e+01
 3.1691e+04	 9.3360e+02	 1.2786e+00	 2.4518e-02	 2.9667e+02	 9.5324e+02	-8.8901e+01	 2.3160e+06	 4.4411e+04	-5.2150e+01
 1.0029e+04	 9.3360e+02	 1.2979e+00	 2.9248e-02	 2.9666e+02	 9.5619e+02	-8.8709e+01	 6.1350e+06	 1.3826e+05	-4.4374e+01
 3.1737e+03	 9.3360e+02	 1.3219e+00	 3.3775e-02	 2.9666e+02	 9.5861e+02	-8.8536e+01	 1.6788e+07	 4.2896e+05	-3.9138e+01
 1.0043e+03	 9.3360e+02	 1.3501e+00	 3.3641e-02	 2.9665e+02	 9.6146e+02	-8.8573e+01	 5.3263e+07	 1.3272e+06	-4.0131e+01
 3.1783e+02	 9.3360e+02	 1.3742e+00	 2.5104e-02	 2.9665e+02	 9.6393e+02	-8.8953e+01	 2.2555e+08	 4.1202e+06	-5.4743e+01
 1.0058e+02	 9.3360e+02	 1.3916e+00	 1.6813e-02	 2.9664e+02	 9.6677e+02	-8.9308e+01	 1.0642e+09	 1.2857e+07	-8.2774e+01
 3.1829e+01	 9.3360e+02	 1.3986e+00	 1.6015e-02	 2.9664e+02	 9.6963e+02	-8.9344e+01	 3.5304e+09	 4.0426e+07	-8.7329e+01
 1.0072e+01	 9.3360e+02	 1.4055e+00	 2.5544e-02	 2.9663e+02	 9.7261e+02	-8.8959e+01	 6.9943e+09	 1.2712e+08	-5.5020e+01
 1.0000e+06	 9.6990e+02	 1.3515e+00	-3.9236e-02	 2.9661e+02	 9.8149e+02	-9.1663e+01	-4.5865e+04	 1.3315e+03	 3.4445e+01
 3.1646e+05	 9.6990e+02	 1.2484e+00	 1.7631e-02	 2.9660e+02	 9.8393e+02	-8.9191e+01	 3.2254e+05	 4.5552e+03	-7.0808e+01
 1.0014e+05	 9.6990e+02	 1.2617e+00	 2.0595e-02	 2.9660e+02	 9.8661e+02	-8.9065e+01	 8.7253e+05	 1.4242e+04	-6.1264e+01
 3.1691e+04	 9.6990e+02	 1.2774e+00	 2.4236e-02	 2.9659e+02	 9.8922e+02	-8.8913e+01	 2.3429e+06	 4.4454e+04	-5.2705e+01
 1.0029e+04	 9.6990e+02	 1.2963e+00	 2.8950e-02	 2.9659e+02	 9.9180e+02	-8.8721e+01	 6.1983e+06	 1.3842e+05	-4.4778e+01
 3.1737e+03	 9.6990e+02	 1.3198e+00	 3.3530e-02	 2.9659e+02	 9.9441e+02	-8.8545e+01	 1.6911e+07	 4.2962e+05	-3.9363e+01
 1.0043e+03	 9.6990e+02	 1.3479e+00	 3.4003e-02	 2.9658e+02	 9.9705e+02	-8.8555e+01	 5.2695e+07	 1.3293e+06	-3.9640e+01
 3.1783e+02	 9.6990e+02	 1.3726e+00	 2.5782e-02	 2.9657e+02	 9.9977e+02	-8.8924e+01	 2.1961e+08	 4.1250e+06	-5.3240e+01
 1.0058e+02	 9.6990e+02	 1.3912e+00	 1.7883e-02	 2.9658e+02	 1.0025e+03	-8.9264e+01	 1.0005e+09	 1.2861e+07	-7.7793e+01
 3.1829e+01	 9.6990e+02	 1.3990e+00	 1.6175e-02	 2.9657e+02	 1.0056e+03	-8.9338e+01	 3.4956e+09	 4.0415e+07	-8.6492e+01
 1.0072e+01	 9.6990e+02	 1.4052e+00	 2.6204e-02	 2.9657e+02	 1.0087e+03	-8.8932e+01	 6.8183e+09	 1.2714e+08	-5.3628e+01
 1.0000e+06	 1.0060e+03	 1.3516e+00	-3.9800e-02	 2.9655e+02	 1.0181e+03	-9.1687e+01	-4.5216e+04	 1.3315e+03	 3.3959e+01
 3.1646e+05	 1.0060e+03	 1.2479e+00	 1.7521e-02	 2.9654e+02	 1.0205e+03	-8.9196e+01	 3.2457e+05	 4.5569e+03	-7.1225e+01
 1.0014e+05	 1.0060e+03	 1.2613e+00	 2.0475e-02	 2.9654e+02	 1.0232e+03	-8.9070e+01	 8.7763e+05	 1.4247e+04	-6.1600e+01
 3.1691e+04	 1.0060e+03	 1.2771e+00	 2.4130e-02	 2.9653e+02	 1.0257e+03	-8.8918e+01	 2.3533e+06	 4.4465e+04	-5.2924e+01
 1.0029e+04	 1.0060e+03	 1.2961e+00	 2.8896e-02	 2.9653e+02	 1.0284e+03	-8.8723e+01	 6.2098e+06	 1.3844e+05	-4.4854e+01
 3.1737e+03	 1.0060e+03	 1.3198e+00	 3.3738e-02	 2.9652e+02	 1.0309e+03	-8.8536e+01	 1.6807e+07	 4.2962e+05	-3.9120e+01
 1.0043e+03	 1.0060e+03	 1.3481e+00	 3.4136e-02	 2.9652e+02	 1.0335e+03	-8.8550e+01	 5.2490e+07	 1.3291e+06	-3.9492e+01
 3.1783e+02	 1.0060e+03	 1.3731e+00	 2.5902e-02	 2.9651e+02	 1.0361e+03	-8.8919e+01	 2.1860e+08	 4.1235e+06	-5.3013e+01
 1.0058e+02	 1.0060e+03	 1.3911e+00	 1.7025e-02	 2.9651e+02	 1.0388e+03	-8.9299e+01	 1.0510e+09	 1.2862e+07	-8.1710e+01
 3.1829e+01	 1.0060e+03	 1.3984e+00	 1.6471e-02	 2.9651e+02	 1.0418e+03	-8.9325e+01	 3.4327e+09	 4.0431e+07	-8.4905e+01
 1.0072e+01	 1.0060e+03	 1.4053e+00	 2.5704e-02	 2.9650e+02	 1.0449e+03	-8.8952e+01	 6.9509e+09	 1.2714e+08	-5.4673e+01
 1.0000e+06	 1.0421e+03	 1.3512e+00	-3.9917e-02	 2.9648e+02	 1.0537e+03	-9.1692e+01	-4.5083e+04	 1.3318e+03	 3.3851e+01
 3.1646e+05	 1.0421e+03	 1.2475e+00	 1.7458e-02	 2.9648e+02	 1.0563e+03	-8.9198e+01	 3.2573e+05	 4.5584e+03	-7.1456e+01
 1.0014e+05	 1.0421e+03	 1.2607e+00	 2.0348e-02	 2.9648e+02	 1.0590e+03	-8.9075e+01	 8.8313e+05	 1.4254e+04	-6.1959e+01
 3.1691e+04	 1.0421e+03	 1.2763e+00	 2.4000e-02	 2.9647e+02	 1.0615e+03	-8.8923e+01	 2.3660e+06	 4.4490e+04	-5.3181e+01
 1.0029e+04	 1.0421e+03	 1.2952e+00	 2.8725e-02	 2.9647e+02	 1.0641e+03	-8.8730e+01	 6.2467e+06	 1.3854e+05	-4.5090e+01
 3.1737e+03	 1.0421e+03	 1.3187e+00	 3.3553e-02	 2.9646e+02	 1.0666e+03	-8.8543e+01	 1.6900e+07	 4.2998e+05	-3.9303e+01
 1.0043e+03	 1.0421e+03	 1.3470e+00	 3.4329e-02	 2.9646e+02	 1.0692e+03	-8.8540e+01	 5.2196e+07	 1.3302e+06	-3.9240e+01
 3.1783e+02	 1.0421e+03	 1.3721e+00	 2.6530e-02	 2.9646e+02	 1.0717e+03	-8.8892e+01	 2.1342e+08	 4.1266e+06	-5.1718e+01
 1.0058e+02	 1.0421e+03	 1.3904e+00	 1.8076e-02	 2.9644e+02	 1.0744e+03	-8.9255e+01	 9.8985e+08	 1.2869e+07	-7.6919e+01
 3.1829e+01	 1.0421e+03	 1.3984e+00	 1.6174e-02	 2.9644e+02	 1.0774e+03	-8.9337e+01	 3.4958e+09	 4.0430e+07	-8.6465e+01
 1.0072e+01	 1.0421e+03	 1.4044e+00	 2.5403e-02	 2.9644e+02	 1.0803e+03	-8.8964e+01	 7.0331e+09	 1.2721e+08	-5.5286e+01
 1.0000e+06	 1.0776e+03	 1.3473e+00	-8.7157e-02	 2.9642e+02	 1.0894e+03	-9.3701e+01	-2.0648e+04	 1.3357e+03	 1.5458e+01
 3.1646e+05	 1.0776e+03	 1.2470e+00	 1.7434e-02	 2.9641e+02	 1.0944e+03	-8.9199e+01	 3.2619e+05	 4.5601e+03	-7.1530e+01
 1.0014e+05	 1.0776e+03	 1.2599e+00	 2.0265e-02	 2.9641e+02	 1.0970e+03	-8.9079e+01	 8.8675e+05	 1.4263e+04	-6.2172e+01
 3.1691e+04	 1.0776e+03	 1.2750e+00	 2.3869e-02	 2.9640e+02	 1.0997e+03	-8.8928e+01	 2.3790e+06	 4.4535e+04	-5.3419e+01
 1.0029e+04	 1.0776e+03	 1.2930e+00	 2.8293e-02	 2.9639e+02	 1.1023e+03	-8.8746e+01	 6.3423e+06	 1.3878e+05	-4.5701e+01
 3.1737e+03	 1.0776e+03	 1.3154e+00	 3.3182e-02	 2.9638e+02	 1.1050e+03	-8.8555e+01	 1.7088e+07	 4.3106e+05	-3.9642e+01
 1.0043e+03	 1.0776e+03	 1.3423e+00	 3.4496e-02	 2.9637e+02	 1.1076e+03	-8.8528e+01	 5.1942e+07	 1.3349e+06	-3.8910e+01
 3.1783e+02	 1.0776e+03	 1.3673e+00	 2.7540e-02	 2.9636e+02	 1.1100e+03	-8.8846e+01	 2.0560e+08	 4.1411e+06	-4.9648e+01
 1.0058e+02	 1.0776e+03	 1.3858e+00	 1.9071e-02	 2.9636e+02	 1.1128e+03	-8.9212e+01	 9.3817e+08	 1.2911e+07	-7.2665e+01
 3.1829e+01	 1.0776e+03	 1.3932e+00	 1.6484e-02	 2.9635e+02	 1.1158e+03	-8.9322e+01	 3.4299e+09	 4.0582e+07	-8.4518e+01
 1.0072e+01	 1.0776e+03	 1.3991e+00	 2.5354e-02	 2.9634e+02	 1.1188e+03	-8.8962e+01	 7.0469e+09	 1.2770e+08	-5.5185e+01
 1.0000e+06	 1.1161e+03	 1.2945e+00	-5.0226e-02	 2.9632e+02	 1.1277e+03	-9.2222e+01	-3.5829e+04	 1.3902e+03	 2.5773e+01
 3.1646e+05	 1.1161e+03	 1.2363e+00	 1.5867e-02	 2.9631e+02	 1.1327e+03	-8.9265e+01	 3.5840e+05	 4.5996e+03	-7.7920e+01
 1.0014e+05	 1.1161e+03	 1.2477e+00	 1.8149e-02	 2.9631e+02	 1.1354e+03	-8.9167e+01	 9.9012e+05	 1.4402e+04	-6.8748e+01
 3.1691e+04	 1.1161e+03	 1.2605e+00	 2.1001e-02	 2.9630e+02	 1.1379e+03	-8.9046e+01	 2.7039e+06	 4.5048e+04	-6.0023e+01
 1.0029e+04	 1.1161e+03	 1.2755e+00	 2.4895e-02	 2.9629e+02	 1.1404e+03	-8.8882e+01	 7.2078e+06	 1.4068e+05	-5.1234e+01
 3.1737e+03	 1.1161e+03	 1.2939e+00	 2.9785e-02	 2.9629e+02	 1.1431e+03	-8.8681e+01	 1.9038e+07	 4.3825e+05	-4.3440e+01
 1.0043e+03	 1.1161e+03	 1.3166e+00	 3.3930e-02	 2.9628e+02	 1.1456e+03	-8.8524e+01	 5.2810e+07	 1.3609e+06	-3.8805e+01
 3.1783e+02	 1.1161e+03	 1.3428e+00	 3.3332e-02	 2.9628e+02	 1.1481e+03	-8.8578e+01	 1.6987e+08	 4.2167e+06	-4.0285e+01
 1.0058e+02	 1.1161e+03	 1.3647e+00	 2.6514e-02	 2.9627e+02	 1.1508e+03	-8.8887e+01	 6.7483e+08	 1.3111e+07	-5.1470e+01
 3.1829e+01	 1.1161e+03	 1.3826e+00	 2.1416e-02	 2.9626e+02	 1.1537e+03	-8.9113e+01	 2.6401e+09	 4.0894e+07	-6.4559e+01
 1.0072e+01	 1.1161e+03	 1.3903e+00	 2.6611e-02	 2.9626e+02	 1.1567e+03	-8.8903e+01	 6.7139e+09	 1.2851e+08	-5.2245e+01
 1.0000e+06	 1.1541e+03	 1.2904e+00	-5.2568e-02	 2.9624e+02	 1.1657e+03	-9.2333e+01	-3.4233e+04	 1.3946e+03	 2.4547e+01
 3.1646e+05	 1.1541e+03	 1.2251e+00	 1.4839e-02	 2.9623e+02	 1.1681e+03	-8.9306e+01	 3.8321e+05	 4.6418e+03	-8.2556e+01
 1.0014e+05	 1.1541e+03	 1.2356e+00	 1.5887e-02	 2.9623e+02	 1.1709e+03	-8.9263e+01	 1.1311e+06	 1.4543e+04	-7.7775e+01
 3.1691e+04	 1.1541e+03	 1.2471e+00	 1.8310e-02	 2.9622e+02	 1.1734e+03	-8.9159e+01	 3.1014e+06	 4.5533e+04	-6.8112e+01
 1.0029e+04	 1.1541e+03	 1.2604e+00	 2.1560e-02	 2.9621e+02	 1.1761e+03	-8.9020e+01	 8.3226e+06	 1.4237e+05	-5.8459e+01
 3.1737e+03	 1.1541e+03	 1.2763e+00	 2.6153e-02	 2.9621e+02	 1.1785e+03	-8.8826e+01	 2.1681e+07	 4.4426e+05	-4.8802e+01
 1.0043e+03	 1.1541e+03	 1.2968e+00	 3.1813e-02	 2.9620e+02	 1.1814e+03	-8.8595e+01	 5.6323e+07	 1.3817e+06	-4.0762e+01
 3.1783e+02	 1.1541e+03	 1.3226e+00	 3.5674e-02	 2.9620e+02	 1.1839e+03	-8.8455e+01	 1.5872e+08	 4.2812e+06	-3.7074e+01
 1.0058e+02	 1.1541e+03	 1.3505e+00	 3.3279e-02	 2.9619e+02	 1.1868e+03	-8.8588e+01	 5.3764e+08	 1.3249e+07	-4.0581e+01
 3.1829e+01	 1.1541e+03	 1.3705e+00	 2.6452e-02	 2.9619e+02	 1.1897e+03	-8.8894e+01	 2.1375e+09	 4.1254e+07	-5.1812e+01
 1.0072e+01	 1.1541e+03	 1.3864e+00	 3.0369e-02	 2.9618e+02	 1.1928e+03	-8.8745e+01	 5.8832e+09	 1.2887e+08	-4.5651e+01
 1.0000e+06	 1.1901e+03	 1.2826e+00	-5.2382e-02	 2.9615e+02	 1.2017e+03	-9.2339e+01	-3.4355e+04	 1.4030e+03	 2.4486e+01
 3.1646e+05	 1.1901e+03	 1.2197e+00	 1.3655e-02	 2.9615e+02	 1.2042e+03	-8.9359e+01	 4.1644e+05	 4.6625e+03	-8.9317e+01
 1.0014e+05	 1.1901e+03	 1.2298e+00	 1.5284e-02	 2.9614e+02	 1.2071e+03	-8.9288e+01	 1.1757e+06	 1.4612e+04	-8.0460e+01
 3.1691e+04	 1.1901e+03	 1.2405e+00	 1.6722e-02	 2.9613e+02	 1.2096e+03	-8.9228e+01	 3.3959e+06	 4.5777e+04	-7.4183e+01
 1.0029e+04	 1.1901e+03	 1.2528e+00	 1.9656e-02	 2.9613e+02	 1.2124e+03	-8.9101e+01	 9.1288e+06	 1.4323e+05	-6.3734e+01
 3.1737e+03	 1.1901e+03	 1.2675e+00	 2.4007e-02	 2.9612e+02	 1.2148e+03	-8.8915e+01	 2.3619e+07	 4.4737e+05	-5.2796e+01
 1.0043e+03	 1.1901e+03	 1.2861e+00	 3.0014e-02	 2.9612e+02	 1.2175e+03	-8.8663e+01	 5.9699e+07	 1.3932e+06	-4.2850e+01
 3.1783e+02	 1.1901e+03	 1.3108e+00	 3.6124e-02	 2.9611e+02	 1.2200e+03	-8.8421e+01	 1.5674e+08	 4.3195e+06	-3.6287e+01
 1.0058e+02	 1.1901e+03	 1.3408e+00	 3.7432e-02	 2.9610e+02	 1.2228e+03	-8.8401e+01	 4.7799e+08	 1.3344e+07	-3.5821e+01
 3.1829e+01	 1.1901e+03	 1.3660e+00	 3.1434e-02	 2.9610e+02	 1.2257e+03	-8.8682e+01	 1.7987e+09	 4.1392e+07	-4.3455e+01
 1.0072e+01	 1.1901e+03	 1.3846e+00	 3.4084e-02	 2.9609e+02	 1.2287e+03	-8.8590e+01	 5.2419e+09	 1.2904e+08	-4.0622e+01
 1.0000e+06	 1.2259e+03	 1.2803e+00	-5.3023e-02	 2.9606e+02	 1.2376e+03	-9.2371e+01	-3.3940e+04	 1.4056e+03	 2.4147e+01
 3.1646e+05	 1.2259e+03	 1.2168e+00	 1.2929e-02	 2.9606e+02	 1.2401e+03	-8.9391e+01	 4.3984e+05	 4.6733e+03	-9.4117e+01
 1.0014e+05	 1.2259e+03	 1.2266e+00	 1.4483e-02	 2.9605e+02	 1.2429e+03	-8.9324e+01	 1.2408e+06	 1.4650e+04	-8.4694e+01
 3.1691e+04	 1.2259e+03	 1.2369e+00	 1.5779e-02	 2.9605e+02	 1.2455e+03	-8.9269e+01	 3.5987e+06	 4.5909e+04	-7.8388e+01
 1.0029e+04	 1.2259e+03	 1.2486e+00	 1.8459e-02	 2.9604e+02	 1.2480e+03	-8.9153e+01	 9.7209e+06	 1.4371e+05	-6.7641e+01
 3.1737e+03	 1.2259e+03	 1.2625e+00	 2.2520e-02	 2.9604e+02	 1.2505e+03	-8.8978e+01	 2.5179e+07	 4.4913e+05	-5.6061e+01
 1.0043e+03	 1.2259e+03	 1.2799e+00	 2.8488e-02	 2.9602e+02	 1.2531e+03	-8.8725e+01	 6.2897e+07	 1.4000e+06	-4.4926e+01
 3.1783e+02	 1.2259e+03	 1.3033e+00	 3.5573e-02	 2.9603e+02	 1.2558e+03	-8.8437e+01	 1.5917e+08	 4.3444e+06	-3.6638e+01
 1.0058e+02	 1.2259e+03	 1.3335e+00	 3.8790e-02	 2.9601e+02	 1.2585e+03	-8.8334e+01	 4.6126e+08	 1.3417e+07	-3.4378e+01
 3.1829e+01	 1.2259e+03	 1.3622e+00	 3.4076e-02	 2.9601e+02	 1.2614e+03	-8.8567e+01	 1.6592e+09	 4.1505e+07	-3.9976e+01
 1.0072e+01	 1.2259e+03	 1.3837e+00	 3.3770e-02	 2.9600e+02	 1.2646e+03	-8.8602e+01	 5.2906e+09	 1.2912e+08	-4.0973e+01
 1.0000e+06	 1.2619e+03	 1.2789e+00	-5.3444e-02	 2.9598e+02	 1.2737e+03	-9.2393e+01	-3.3672e+04	 1.4071e+03	 2.3930e+01
 3.1646e+05	 1.2619e+03	 1.2152e+00	 1.2432e-02	 2.9597e+02	 1.2762e+03	-8.9414e+01	 4.5743e+05	 4.6795e+03	-9.7754e+01
 1.0014e+05	 1.2619e+03	 1.2247e+00	 1.3952e-02	 2.9597e+02	 1.2790e+03	-8.9347e+01	 1.2880e+06	 1.4673e+04	-8.7779e+01
 3.1691e+04	 1.2619e+03	 1.2347e+00	 1.5141e-02	 2.9596e+02	 1.2816e+03	-8.9297e+01	 3.7503e+06	 4.5992e+04	-8.1544e+01
 1.0029e+04	 1.2619e+03	 1.2460e+00	 1.7662e-02	 2.9595e+02	 1.2844e+03	-8.9188e+01	 1.0159e+07	 1.4401e+05	-7.0544e+01
 3.1737e+03	 1.2619e+03	 1.2592e+00	 2.1470e-02	 2.9595e+02	 1.2869e+03	-8.9023e+01	 2.6410e+07	 4.5029e+05	-5.8652e+01
 1.0043e+03	 1.2619e+03	 1.2758e+00	 2.7237e-02	 2.9594e+02	 1.2898e+03	-8.8777e+01	 6.5787e+07	 1.4045e+06	-4.6840e+01
 3.1783e+02	 1.2619e+03	 1.2981e+00	 3.4852e-02	 2.9593e+02	 1.2922e+03	-8.8462e+01	 1.6246e+08	 4.3617e+06	-3.7247e+01
 1.0058e+02	 1.2619e+03	 1.3283e+00	 3.9980e-02	 2.9592e+02	 1.2951e+03	-8.8276e+01	 4.4753e+08	 1.3470e+07	-3.3224e+01
 3.1829e+01	 1.2619e+03	 1.3590e+00	 3.6819e-02	 2.9592e+02	 1.2979e+03	-8.8448e+01	 1.5356e+09	 4.1604e+07	-3.6910e+01
 1.0072e+01	 1.2619e+03	 1.3824e+00	 3.6045e-02	 2.9589e+02	 1.3009e+03	-8.8506e+01	 4.9567e+09	 1.2924e+08	-3.8353e+01
 1.0000e+06	 1.2981e+03	 1.2782e+00	-5.3626e-02	 2.9589e+02	 1.3102e+03	-9.2402e+01	-3.3558e+04	 1.4079e+03	 2.3836e+01
 3.1646e+05	 1.2981e+03	 1.2142e+00	 1.2154e-02	 2.9589e+02	 1.3127e+03	-8.9427e+01	 4.6790e+05	 4.6834e+03	-9.9906e+01
 1.0014e+05	 1.2981e+03	 1.2235e+00	 1.3563e-02	 2.9588e+02	 1.3154e+03	-8.9365e+01	 1.3249e+06	 1.4687e+04	-9.0211e+01
 3.1691e+04	 1.2981e+03	 1.2333e+00	 1.4686e-02	 2.9587e+02	 1.3179e+03	-8.9318e+01	 3.8665e+06	 4.6043e+04	-8.3974e+01
 1.0029e+04	 1.2981e+03	 1.2443e+00	 1.7089e-02	 2.9587e+02	 1.3206e+03	-8.9213e+01	 1.0500e+07	 1.4421e+05	-7.2813e+01
 3.1737e+03	 1.2981e+03	 1.2572e+00	 2.0635e-02	 2.9586e+02	 1.3231e+03	-8.9060e+01	 2.7479e+07	 4.5104e+05	-6.0924e+01
 1.0043e+03	 1.2981e+03	 1.2731e+00	 2.6321e-02	 2.9586e+02	 1.3257e+03	-8.8816e+01	 6.8075e+07	 1.4075e+06	-4.8367e+01
 3.1783e+02	 1.2981e+03	 1.2945e+00	 3.4145e-02	 2.9585e+02	 1.3282e+03	-8.8489e+01	 1.6583e+08	 4.3739e+06	-3.7913e+01
 1.0058e+02	 1.2981e+03	 1.3241e+00	 4.0816e-02	 2.9585e+02	 1.3312e+03	-8.8234e+01	 4.3837e+08	 1.3513e+07	-3.2440e+01
 3.1829e+01	 1.2981e+03	 1.3562e+00	 3.8824e-02	 2.9584e+02	 1.3341e+03	-8.8360e+01	 1.4563e+09	 4.1689e+07	-3.4932e+01
 1.0072e+01	 1.2981e+03	 1.3817e+00	 3.8401e-02	 2.9583e+02	 1.3370e+03	-8.8408e+01	 4.6526e+09	 1.2931e+08	-3.5980e+01
 1.0000e+06	 1.3342e+03	 1.2777e+00	-5.3770e-02	 2.9581e+02	 1.3461e+03	-9.2410e+01	-3.3468e+04	 1.4085e+03	 2.3762e+01
 3.1646e+05	 1.3342e+03	 1.2136e+00	 1.1873e-02	 2.9581e+02	 1.3485e+03	-8.9439e+01	 4.7896e+05	 4.6859e+03	-1.0221e+02
 1.0014e+05	 1.3342e+03	 1.2227e+00	 1.3306e-02	 2.9580e+02	 1.3512e+03	-8.9376e+01	 1.3505e+06	 1.4697e+04	-9.1885e+01
 3.1691e+04	 1.3342e+03	 1.2328e+00	 1.5056e-02	 2.9580e+02	 1.3539e+03	-8.9300e+01	 3.7715e+06	 4.6063e+04	-8.1876e+01
 1.0029e+04	 1.3342e+03	 1.2431e+00	 1.6658e-02	 2.9579e+02	 1.3563e+03	-8.9232e+01	 1.0772e+07	 1.4435e+05	-7.4622e+01
 3.1737e+03	 1.3342e+03	 1.2556e+00	 2.0078e-02	 2.9578e+02	 1.3589e+03	-8.9084e+01	 2.8241e+07	 4.5160e+05	-6.2534e+01
 1.0043e+03	 1.3342e+03	 1.2710e+00	 2.5598e-02	 2.9578e+02	 1.3615e+03	-8.8846e+01	 6.9997e+07	 1.4097e+06	-4.9652e+01
 3.1783e+02	 1.3342e+03	 1.2918e+00	 3.3403e-02	 2.9577e+02	 1.3642e+03	-8.8519e+01	 1.6951e+08	 4.3833e+06	-3.8671e+01
 1.0058e+02	 1.3342e+03	 1.3207e+00	 4.0805e-02	 2.9576e+02	 1.3669e+03	-8.8230e+01	 4.3848e+08	 1.3547e+07	-3.2367e+01
 3.1829e+01	 1.3342e+03	 1.3535e+00	 4.0030e-02	 2.9576e+02	 1.3699e+03	-8.8306e+01	 1.4124e+09	 4.1772e+07	-3.3813e+01
 1.0072e+01	 1.3342e+03	 1.3810e+00	 3.8864e-02	 2.9576e+02	 1.3729e+03	-8.8388e+01	 4.5972e+09	 1.2937e+08	-3.5534e+01
 1.0000e+06	 1.3701e+03	 1.2773e+00	-5.3882e-02	 2.9574e+02	 1.3817e+03	-9.2416e+01	-3.3398e+04	 1.4089e+03	 2.3705e+01
 3.1646e+05	 1.3701e+03	 1.2130e+00	 1.1722e-02	 2.9573e+02	 1.3843e+03	-8.9446e+01	 4.8512e+05	 4.6880e+03	-1.0348e+02
 1.0014e+05	 1.3701e+03	 1.2220e+00	 1.3090e-02	 2.9572e+02	 1.3870e+03	-8.9386e+01	 1.3728e+06	 1.4706e+04	-9.3353e+01
 3.1691e+04	 1.3701e+03	 1.2319e+00	 1.4774e-02	 2.9572e+02	 1.3895e+03	-8.9313e+01	 3.8436e+06	 4.6094e+04	-8.3386e+01
 1.0029e+04	 1.3701e+03	 1.2420e+00	 1.6320e-02	 2.9571e+02	 1.3921e+03	-8.9247e+01	 1.0995e+07	 1.4447e+05	-7.6104e+01
 3.1737e+03	 1.3701e+03	 1.2543e+00	 1.9655e-02	 2.9571e+02	 1.3948e+03	-8.9102e+01	 2.8850e+07	 4.5206e+05	-6.3818e+01
 1.0043e+03	 1.3701e+03	 1.2693e+00	 2.4956e-02	 2.9570e+02	 1.3975e+03	-8.8874e+01	 7.1798e+07	 1.4117e+06	-5.0859e+01
 3.1783e+02	 1.3701e+03	 1.2894e+00	 3.2748e-02	 2.9569e+02	 1.4002e+03	-8.8545e+01	 1.7290e+08	 4.3912e+06	-3.9374e+01
 1.0058e+02	 1.3701e+03	 1.3174e+00	 4.0804e-02	 2.9569e+02	 1.4031e+03	-8.8226e+01	 4.3849e+08	 1.3581e+07	-3.2286e+01
 3.1829e+01	 1.3701e+03	 1.3510e+00	 4.1177e-02	 2.9568e+02	 1.4059e+03	-8.8254e+01	 1.3731e+09	 4.1851e+07	-3.2809e+01
 1.0072e+01	 1.3701e+03	 1.3746e+00	 3.8527e-02	 2.9567e+02	 1.4089e+03	-8.8395e+01	 4.6374e+09	 1.2997e+08	-3.5679e+01
 1.0000e+06	 1.4061e+03	 1.2769e+00	-5.4022e-02	 2.9565e+02	 1.4176e+03	-9.2423e+01	-3.3312e+04	 1.4094e+03	 2.3636e+01
 3.1646e+05	 1.4061e+03	 1.2125e+00	 1.1547e-02	 2.9565e+02	 1.4200e+03	-8.9454e+01	 4.9249e+05	 4.6902e+03	-1.0500e+02
 1.0014e+05	 1.4061e+03	 1.2213e+00	 1.2871e-02	 2.9565e+02	 1.4227e+03	-8.9396e+01	 1.3962e+06	 1.4714e+04	-9.4886e+01
 3.1691e+04	 1.4061e+03	 1.2310e+00	 1.4506e-02	 2.9564e+02	 1.4252e+03	-8.9325e+01	 3.9145e+06	 4.6127e+04	-8.4863e+01
 1.0029e+04	 1.4061e+03	 1.2409e+00	 1.5964e-02	 2.9563e+02	 1.4279e+03	-8.9263e+01	 1.1240e+07	 1.4460e+05	-7.7731e+01
 3.1737e+03	 1.4061e+03	 1.2530e+00	 1.9166e-02	 2.9563e+02	 1.4304e+03	-8.9124e+01	 2.9585e+07	 4.5254e+05	-6.5375e+01
 1.0043e+03	 1.4061e+03	 1.2675e+00	 2.4316e-02	 2.9563e+02	 1.4329e+03	-8.8901e+01	 7.3689e+07	 1.4137e+06	-5.2126e+01
 3.1783e+02	 1.4061e+03	 1.2870e+00	 3.1983e-02	 2.9562e+02	 1.4356e+03	-8.8576e+01	 1.7704e+08	 4.3994e+06	-4.0241e+01
 1.0058e+02	 1.4061e+03	 1.3147e+00	 4.0256e-02	 2.9562e+02	 1.4385e+03	-8.8246e+01	 4.4446e+08	 1.3609e+07	-3.2659e+01
 3.1829e+01	 1.4061e+03	 1.3482e+00	 4.1978e-02	 2.9561e+02	 1.4414e+03	-8.8217e+01	 1.3469e+09	 4.1937e+07	-3.2117e+01
 1.0072e+01	 1.4061e+03	 1.3731e+00	 3.8454e-02	 2.9560e+02	 1.4444e+03	-8.8396e+01	 4.6462e+09	 1.3012e+08	-3.5707e+01
 1.0000e+06	 1.4416e+03	 1.2764e+00	-5.4044e-02	 2.9558e+02	 1.4533e+03	-9.2424e+01	-3.3298e+04	 1.4098e+03	 2.3619e+01
 3.1646e+05	 1.4416e+03	 1.2119e+00	 1.1361e-02	 2.9558e+02	 1.4558e+03	-8.9463e+01	 5.0052e+05	 4.6923e+03	-1.0667e+02
 1.0014e+05	 1.4416e+03	 1.2206e+00	 1.2687e-02	 2.9557e+02	 1.4587e+03	-8.9404e+01	 1.4164e+06	 1.4722e+04	-9.6209e+01
 3.1691e+04	 1.4416e+03	 1.2302e+00	 1.4279e-02	 2.9557e+02	 1.4613e+03	-8.9335e+01	 3.9768e+06	 4.6157e+04	-8.6158e+01
 1.0029e+04	 1.4416e+03	 1.2400e+00	 1.5684e-02	 2.9557e+02	 1.4640e+03	-8.9275e+01	 1.1441e+07	 1.4471e+05	-7.9060e+01
 3.1737e+03	 1.4416e+03	 1.2518e+00	 1.8776e-02	 2.9556e+02	 1.4665e+03	-8.9141e+01	 3.0199e+07	 4.5295e+05	-6.6671e+01
 1.0043e+03	 1.4416e+03	 1.2660e+00	 2.3750e-02	 2.9555e+02	 1.4693e+03	-8.8925e+01	 7.5443e+07	 1.4153e+06	-5.3305e+01
 3.1783e+02	 1.4416e+03	 1.2850e+00	 3.1381e-02	 2.9555e+02	 1.4717e+03	-8.8601e+01	 1.8043e+08	 4.4064e+06	-4.0947e+01
 1.0058e+02	 1.4416e+03	 1.3119e+00	 4.0230e-02	 2.9554e+02	 1.4746e+03	-8.8243e+01	 4.4475e+08	 1.3639e+07	-3.2609e+01
 3.1829e+01	 1.4416e+03	 1.3456e+00	 4.2769e-02	 2.9553e+02	 1.4774e+03	-8.8180e+01	 1.3220e+09	 4.2017e+07	-3.1463e+01
 1.0072e+01	 1.4416e+03	 1.3722e+00	 4.0525e-02	 2.9553e+02	 1.4806e+03	-8.8308e+01	 4.4087e+09	 1.3020e+08	-3.3860e+01
 1.0000e+06	 1.4778e+03	 1.2760e+00	-5.4146e-02	 2.9551e+02	 1.4897e+03	-9.2430e+01	-3.3235e+04	 1.4103e+03	 2.3566e+01
 3.1646e+05	 1.4778e+03	 1.2114e+00	 1.1202e-02	 2.9551e+02	 1.4922e+03	-8.9470e+01	 5.0765e+05	 4.6944e+03	-1.0814e+02
 1.0014e+05	 1.4778e+03	 1.2199e+00	 1.2496e-02	 2.9551e+02	 1.4951e+03	-8.9413e+01	 1.4380e+06	 1.4730e+04	-9.7625e+01
 3.1691e+04	 1.4778e+03	 1.2294e+00	 1.4044e-02	 2.9550e+02	 1.4976e+03	-8.9346e+01	 4.0434e+06	 4.6190e+04	-8.7539e+01
 1.0029e+04	 1.4778e+03	 1.2389e+00	 1.5385e-02	 2.9549e+02	 1.5000e+03	-8.9289e+01	 1.1663e+07	 1.4483e+05	-8.0530e+01
 3.1737e+03	 1.4778e+03	 1.2504e+00	 1.8351e-02	 2.9549e+02	 1.5025e+03	-8.9159e+01	 3.0899e+07	 4.5347e+05	-6.8138e+01
 1.0043e+03	 1.4778e+03	 1.2642e+00	 2.3135e-02	 2.9548e+02	 1.5054e+03	-8.8952e+01	 7.7449e+07	 1.4173e+06	-5.4644e+01
 3.1783e+02	 1.4778e+03	 1.2825e+00	 3.0638e-02	 2.9548e+02	 1.5079e+03	-8.8631e+01	 1.8481e+08	 4.4151e+06	-4.1859e+01
 1.0058e+02	 1.4778e+03	 1.3084e+00	 3.9717e-02	 2.9547e+02	 1.5108e+03	-8.8261e+01	 4.5049e+08	 1.3675e+07	-3.2943e+01
 3.1829e+01	 1.4778e+03	 1.3420e+00	 4.3592e-02	 2.9547e+02	 1.5137e+03	-8.8139e+01	 1.2970e+09	 4.2132e+07	-3.0785e+01
 1.0072e+01	 1.4778e+03	 1.3699e+00	 4.1752e-02	 2.9547e+02	 1.5166e+03	-8.8254e+01	 4.2792e+09	 1.3042e+08	-3.2811e+01
 1.0000e+06	 1.5139e+03	 1.2754e+00	-5.4207e-02	 2.9545e+02	 1.5256e+03	-9.2434e+01	-3.3198e+04	 1.4110e+03	 2.3528e+01
 3.1646e+05	 1.5139e+03	 1.2105e+00	 1.0985e-02	 2.9544e+02	 1.5281e+03	-8.9480e+01	 5.1765e+05	 4.6978e+03	-1.1019e+02
 1.0014e+05	 1.5139e+03	 1.2188e+00	 1.2261e-02	 2.9544e+02	 1.5308e+03	-8.9424e+01	 1.4657e+06	 1.4743e+04	-9.9412e+01
 3.1691e+04	 1.5139e+03	 1.2281e+00	 1.3761e-02	 2.9544e+02	 1.5334e+03	-8.9358e+01	 4.1264e+06	 4.6236e+04	-8.9246e+01
 1.0029e+04	 1.5139e+03	 1.2376e+00	 1.5021e-02	 2.9543e+02	 1.5359e+03	-8.9305e+01	 1.1946e+07	 1.4500e+05	-8.2391e+01
 3.1737e+03	 1.5139e+03	 1.2488e+00	 1.7795e-02	 2.9542e+02	 1.5386e+03	-8.9184e+01	 3.1864e+07	 4.5406e+05	-7.0177e+01
 1.0043e+03	 1.5139e+03	 1.2622e+00	 2.2416e-02	 2.9543e+02	 1.5411e+03	-8.8983e+01	 7.9934e+07	 1.4196e+06	-5.6309e+01
 3.1783e+02	 1.5139e+03	 1.2799e+00	 2.9776e-02	 2.9541e+02	 1.5438e+03	-8.8667e+01	 1.9016e+08	 4.4238e+06	-4.2985e+01
 1.0058e+02	 1.5139e+03	 1.3049e+00	 3.8936e-02	 2.9541e+02	 1.5465e+03	-8.8291e+01	 4.5953e+08	 1.3712e+07	-3.3514e+01
 3.1829e+01	 1.5139e+03	 1.3387e+00	 4.4321e-02	 2.9541e+02	 1.5495e+03	-8.8104e+01	 1.2757e+09	 4.2235e+07	-3.0204e+01
 1.0072e+01	 1.5139e+03	 1.3683e+00	 4.3404e-02	 2.9540e+02	 1.5525e+03	-8.8183e+01	 4.1164e+09	 1.3058e+08	-3.1525e+01
 1.0000e+06	 1.5498e+03	 1.2750e+00	-5.4287e-02	 2.9539e+02	 1.5614e+03	-9.2438e+01	-3.3149e+04	 1.4115e+03	 2.3486e+01
 3.1646e+05	 1.5498e+03	 1.2100e+00	 1.0874e-02	 2.9538e+02	 1.5641e+03	-8.9485e+01	 5.2294e+05	 4.6999e+03	-1.1127e+02
 1.0014e+05	 1.5498e+03	 1.2182e+00	 1.2090e-02	 2.9538e+02	 1.5667e+03	-8.9431e+01	 1.4864e+06	 1.4751e+04	-1.0077e+02
 3.1691e+04	 1.5498e+03	 1.2274e+00	 1.3589e-02	 2.9537e+02	 1.5694e+03	-8.9366e+01	 4.1789e+06	 4.6262e+04	-9.0330e+01
 1.0029e+04	 1.5498e+03	 1.2367e+00	 1.4771e-02	 2.9537e+02	 1.5719e+03	-8.9316e+01	 1.2148e+07	 1.4509e+05	-8.3729e+01
 3.1737e+03	 1.5498e+03	 1.2478e+00	 1.7492e-02	 2.9536e+02	 1.5744e+03	-8.9197e+01	 3.2417e+07	 4.5442e+05	-7.1337e+01
 1.0043e+03	 1.5498e+03	 1.2609e+00	 2.1967e-02	 2.9535e+02	 1.5772e+03	-8.9002e+01	 8.1570e+07	 1.4210e+06	-5.7401e+01
 3.1783e+02	 1.5498e+03	 1.2782e+00	 2.9203e-02	 2.9535e+02	 1.5799e+03	-8.8691e+01	 1.9389e+08	 4.4298e+06	-4.3769e+01
 1.0058e+02	 1.5498e+03	 1.3026e+00	 3.8361e-02	 2.9535e+02	 1.5826e+03	-8.8313e+01	 4.6641e+08	 1.3736e+07	-3.3957e+01
 3.1829e+01	 1.5498e+03	 1.3361e+00	 4.4657e-02	 2.9534e+02	 1.5856e+03	-8.8086e+01	 1.2661e+09	 4.2316e+07	-2.9920e+01
 1.0072e+01	 1.5498e+03	 1.3668e+00	 4.3730e-02	 2.9534e+02	 1.5886e+03	-8.8168e+01	 4.0856e+09	 1.3072e+08	-3.1256e+01
 1.0000e+06	 1.5858e+03	 1.2746e+00	-5.4432e-02	 2.9532e+02	 1.5974e+03	-9.2445e+01	-3.3061e+04	 1.4118e+03	 2.3417e+01
 3.1646e+05	 1.5858e+03	 1.2096e+00	 1.0733e-02	 2.9532e+02	 1.5998e+03	-8.9492e+01	 5.2985e+05	 4.7011e+03	-1.1271e+02
 1.0014e+05	 1.5858e+03	 1.2178e+00	 1.1956e-02	 2.9531e+02	 1.6026e+03	-8.9438e+01	 1.5030e+06	 1.4756e+04	-1.0186e+02
 3.1691e+04	 1.5858e+03	 1.2270e+00	 1.3431e-02	 2.9531e+02	 1.6052e+03	-8.9373e+01	 4.2280e+06	 4.6281e+04	-9.1356e+01
 1.0029e+04	 1.5858e+03	 1.2361e+00	 1.4586e-02	 2.9530e+02	 1.6077e+03	-8.9324e+01	 1.2302e+07	 1.4516e+05	-8.4747e+01
 3.1737e+03	 1.5858e+03	 1.2471e+00	 1.7227e-02	 2.9530e+02	 1.6102e+03	-8.9209e+01	 3.2915e+07	 4.5467e+05	-7.2393e+01
 1.0043e+03	 1.5858e+03	 1.2601e+00	 2.1615e-02	 2.9530e+02	 1.6127e+03	-8.9017e+01	 8.2895e+07	 1.4220e+06	-5.8295e+01
 3.1783e+02	 1.5858e+03	 1.2770e+00	 2.8702e-02	 2.9529e+02	 1.6154e+03	-8.8712e+01	 1.9727e+08	 4.4338e+06	-4.4492e+01
 1.0058e+02	 1.5858e+03	 1.3011e+00	 3.8359e-02	 2.9529e+02	 1.6181e+03	-8.8311e+01	 4.6645e+08	 1.3751e+07	-3.3920e+01
 3.1829e+01	 1.5858e+03	 1.3345e+00	 4.4806e-02	 2.9529e+02	 1.6209e+03	-8.8077e+01	 1.2619e+09	 4.2368e+07	-2.9784e+01
 1.0072e+01	 1.5858e+03	 1.3659e+00	 4.3895e-02	 2.9529e+02	 1.6239e+03	-8.8159e+01	 4.0702e+09	 1.3080e+08	-3.1117e+01
 1.0000e+06	 1.6212e+03	 1.2745e+00	-5.4376e-02	 2.9527e+02	 1.6331e+03	-9.2443e+01	-3.3095e+04	 1.4120e+03	 2.3439e+01
 3.1646e+05	 1.6212e+03	 1.2094e+00	 1.0671e-02	 2.9527e+02	 1.6357e+03	-8.9494e+01	 5.3292e+05	 4.7021e+03	-1.1334e+02
 1.0014e+05	 1.6212e+03	 1.2176e+00	 1.1862e-02	 2.9526e+02	 1.6384e+03	-8.9442e+01	 1.5150e+06	 1.4758e+04	-1.0265e+02
 3.1691e+04	 1.6212e+03	 1.2267e+00	 1.3351e-02	 2.9525e+02	 1.6411e+03	-8.9376e+01	 4.2533e+06	 4.6290e+04	-9.1882e+01
 1.0029e+04	 1.6212e+03	 1.2358e+00	 1.4465e-02	 2.9526e+02	 1.6436e+03	-8.9329e+01	 1.2405e+07	 1.4520e+05	-8.5438e+01
 3.1737e+03	 1.6212e+03	 1.2467e+00	 1.7038e-02	 2.9524e+02	 1.6462e+03	-8.9217e+01	 3.3281e+07	 4.5482e+05	-7.3174e+01
 1.0043e+03	 1.6212e+03	 1.2596e+00	 2.1409e-02	 2.9525e+02	 1.6489e+03	-8.9026e+01	 8.3694e+07	 1.4225e+06	-5.8835e+01
 3.1783e+02	 1.6212e+03	 1.2764e+00	 2.8483e-02	 2.9524e+02	 1.6514e+03	-8.8722e+01	 1.9879e+08	 4.4361e+06	-4.4812e+01
 1.0058e+02	 1.6212e+03	 1.3005e+00	 3.8123e-02	 2.9524e+02	 1.6542e+03	-8.8321e+01	 4.6933e+08	 1.3758e+07	-3.4112e+01
 3.1829e+01	 1.6212e+03	 1.3332e+00	 4.4947e-02	 2.9523e+02	 1.6571e+03	-8.8069e+01	 1.2579e+09	 4.2408e+07	-2.9663e+01
 1.0072e+01	 1.6212e+03	 1.3652e+00	 4.4979e-02	 2.9522e+02	 1.6601e+03	-8.8113e+01	 3.9722e+09	 1.3087e+08	-3.0352e+01
 1.0000e+06	 1.6574e+03	 1.2744e+00	-5.4494e-02	 2.9521e+02	 1.6691e+03	-9.2448e+01	-3.3023e+04	 1.4121e+03	 2.3386e+01
 3.1646e+05	 1.6574e+03	 1.2092e+00	 1.0574e-02	 2.9520e+02	 1.6718e+03	-8.9499e+01	 5.3779e+05	 4.7029e+03	-1.1435e+02
 1.0014e+05	 1.6574e+03	 1.2173e+00	 1.1765e-02	 2.9520e+02	 1.6745e+03	-8.9446e+01	 1.5274e+06	 1.4762e+04	-1.0347e+02
 3.1691e+04	 1.6574e+03	 1.2263e+00	 1.3208e-02	 2.9520e+02	 1.6772e+03	-8.9383e+01	 4.2994e+06	 4.6307e+04	-9.2845e+01
 1.0029e+04	 1.6574e+03	 1.2353e+00	 1.4292e-02	 2.9519e+02	 1.6797e+03	-8.9337e+01	 1.2555e+07	 1.4526e+05	-8.6429e+01
 3.1737e+03	 1.6574e+03	 1.2460e+00	 1.6839e-02	 2.9519e+02	 1.6823e+03	-8.9226e+01	 3.3673e+07	 4.5508e+05	-7.3993e+01
 1.0043e+03	 1.6574e+03	 1.2586e+00	 2.1049e-02	 2.9519e+02	 1.6849e+03	-8.9042e+01	 8.5126e+07	 1.4237e+06	-5.9793e+01
 3.1783e+02	 1.6574e+03	 1.2749e+00	 2.7950e-02	 2.9518e+02	 1.6874e+03	-8.8744e+01	 2.0258e+08	 4.4411e+06	-4.5615e+01
 1.0058e+02	 1.6574e+03	 1.2984e+00	 3.7655e-02	 2.9518e+02	 1.6902e+03	-8.8339e+01	 4.7517e+08	 1.3781e+07	-3.4481e+01
 3.1829e+01	 1.6574e+03	 1.3310e+00	 4.5293e-02	 2.9517e+02	 1.6932e+03	-8.8051e+01	 1.2483e+09	 4.2480e+07	-2.9386e+01
 1.0072e+01	 1.6574e+03	 1.3636e+00	 4.5780e-02	 2.9517e+02	 1.6963e+03	-8.8077e+01	 3.9027e+09	 1.3103e+08	-2.9786e+01
 1.0000e+06	 1.6936e+03	 1.2741e+00	-5.4473e-02	 2.9516e+02	 1.7052e+03	-9.2448e+01	-3.3036e+04	 1.4124e+03	 2.3390e+01
 3.1646e+05	 1.6936e+03	 1.2088e+00	 1.0485e-02	 2.9515e+02	 1.7076e+03	-8.9503e+01	 5.4238e+05	 4.7043e+03	-1.1530e+02
 1.0014e+05	 1.6936e+03	 1.2169e+00	 1.1672e-02	 2.9514e+02	 1.7103e+03	-8.9450e+01	 1.5396e+06	 1.4767e+04	-1.0426e+02
 3.1691e+04	 1.6936e+03	 1.2258e+00	 1.3083e-02	 2.9514e+02	 1.7129e+03	-8.9388e+01	 4.3402e+06	 4.6325e+04	-9.3692e+01
 1.0029e+04	 1.6936e+03	 1.2348e+00	 1.4141e-02	 2.9514e+02	 1.7156e+03	-8.9344e+01	 1.2690e+07	 1.4532e+05	-8.7322e+01
 3.1737e+03	 1.6936e+03	 1.2454e+00	 1.6633e-02	 2.9513e+02	 1.7180e+03	-8.9235e+01	 3.4090e+07	 4.5528e+05	-7.4877e+01
 1.0043e+03	 1.6936e+03	 1.2579e+00	 2.0775e-02	 2.9513e+02	 1.7207e+03	-8.9054e+01	 8.6250e+07	 1.4244e+06	-6.0552e+01
 3.1783e+02	 1.6936e+03	 1.2741e+00	 2.7639e-02	 2.9513e+02	 1.7232e+03	-8.8757e+01	 2.0486e+08	 4.4440e+06	-4.6097e+01
 1.0058e+02	 1.6936e+03	 1.2971e+00	 3.7429e-02	 2.9513e+02	 1.7260e+03	-8.8347e+01	 4.7803e+08	 1.3794e+07	-3.4655e+01
 3.1829e+01	 1.6936e+03	 1.3295e+00	 4.5405e-02	 2.9512e+02	 1.7289e+03	-8.8044e+01	 1.2452e+09	 4.2528e+07	-2.9280e+01
 1.0072e+01	 1.6936e+03	 1.3626e+00	 4.6240e-02	 2.9512e+02	 1.7319e+03	-8.8056e+01	 3.8639e+09	 1.3112e+08	-2.9468e+01
 1.0000e+06	 1.7292e+03	 1.2740e+00	-5.4536e-02	 2.9511e+02	 1.7412e+03	-9.2451e+01	-3.2998e+04	 1.4126e+03	 2.3360e+01
 3.1646e+05	 1.7292e+03	 1.2084e+00	 1.0411e-02	 2.9510e+02	 1.7437e+03	-8.9506e+01	 5.4623e+05	 4.7058e+03	-1.1608e+02
 1.0014e+05	 1.7292e+03	 1.2164e+00	 1.1542e-02	 2.9510e+02	 1.7465e+03	-8.9456e+01	 1.5569e+06	 1.4773e+04	-1.0538e+02
 3.1691e+04	 1.7292e+03	 1.2251e+00	 1.2920e-02	 2.9509e+02	 1.7494e+03	-8.9396e+01	 4.3951e+06	 4.6351e+04	-9.4823e+01
 1.0029e+04	 1.7292e+03	 1.2338e+00	 1.3924e-02	 2.9509e+02	 1.7519e+03	-8.9353e+01	 1.2887e+07	 1.4543e+05	-8.8609e+01
 3.1737e+03	 1.7292e+03	 1.2442e+00	 1.6319e-02	 2.9509e+02	 1.7543e+03	-8.9248e+01	 3.4745e+07	 4.5575e+05	-7.6237e+01
 1.0043e+03	 1.7292e+03	 1.2563e+00	 2.0243e-02	 2.9508e+02	 1.7569e+03	-8.9077e+01	 8.8515e+07	 1.4263e+06	-6.2060e+01
 3.1783e+02	 1.7292e+03	 1.2718e+00	 2.6852e-02	 2.9508e+02	 1.7594e+03	-8.8791e+01	 2.1086e+08	 4.4519e+06	-4.7365e+01
 1.0058e+02	 1.7292e+03	 1.2942e+00	 3.6461e-02	 2.9507e+02	 1.7622e+03	-8.8386e+01	 4.9072e+08	 1.3825e+07	-3.5494e+01
 3.1829e+01	 1.7292e+03	 1.3255e+00	 4.5399e-02	 2.9507e+02	 1.7654e+03	-8.8038e+01	 1.2454e+09	 4.2654e+07	-2.9198e+01
 1.0072e+01	 1.7292e+03	 1.3597e+00	 4.8421e-02	 2.9507e+02	 1.7683e+03	-8.7960e+01	 3.6898e+09	 1.3140e+08	-2.8080e+01
 1.0000e+06	 1.7656e+03	 1.2734e+00	-5.4644e-02	 2.9505e+02	 1.7772e+03	-9.2457e+01	-3.2933e+04	 1.4133e+03	 2.3303e+01
 3.1646e+05	 1.7656e+03	 1.2078e+00	 1.0258e-02	 2.9505e+02	 1.7796e+03	-8.9513e+01	 5.5436e+05	 4.7084e+03	-1.1774e+02
 1.0014e+05	 1.7656e+03	 1.2156e+00	 1.1400e-02	 2.9505e+02	 1.7824e+03	-8.9463e+01	 1.5763e+06	 1.4782e+04	-1.0664e+02
 3.1691e+04	 1.7656e+03	 1.2244e+00	 1.2760e-02	 2.9505e+02	 1.7851e+03	-8.9403e+01	 4.4501e+06	 4.6379e+04	-9.5950e+01
 1.0029e+04	 1.7656e+03	 1.2331e+00	 1.3729e-02	 2.9504e+02	 1.7876e+03	-8.9362e+01	 1.3070e+07	 1.4552e+05	-8.9819e+01
 3.1737e+03	 1.7656e+03	 1.2434e+00	 1.6086e-02	 2.9504e+02	 1.7901e+03	-8.9259e+01	 3.5250e+07	 4.5603e+05	-7.7298e+01
 1.0043e+03	 1.7656e+03	 1.2554e+00	 1.9937e-02	 2.9504e+02	 1.7929e+03	-8.9090e+01	 8.9874e+07	 1.4272e+06	-6.2971e+01
 3.1783e+02	 1.7656e+03	 1.2709e+00	 2.6533e-02	 2.9503e+02	 1.7953e+03	-8.8804e+01	 2.1340e+08	 4.4552e+06	-4.7899e+01
 1.0058e+02	 1.7656e+03	 1.2929e+00	 3.6094e-02	 2.9503e+02	 1.7982e+03	-8.8401e+01	 4.9572e+08	 1.3838e+07	-3.5822e+01
 3.1829e+01	 1.7656e+03	 1.3242e+00	 4.5542e-02	 2.9502e+02	 1.8011e+03	-8.8030e+01	 1.2415e+09	 4.2696e+07	-2.9077e+01
 1.0072e+01	 1.7656e+03	 1.3588e+00	 4.7720e-02	 2.9501e+02	 1.8041e+03	-8.7989e+01	 3.7440e+09	 1.3149e+08	-2.8474e+01
 1.0000e+06	 1.8013e+03	 1.2732e+00	-5.4707e-02	 2.9500e+02	 1.8132e+03	-9.2460e+01	-3.2894e+04	 1.4134e+03	 2.3273e+01
 3.1646e+05	 1.8013e+03	 1.2077e+00	 1.0221e-02	 2.9501e+02	 1.8156e+03	-8.9515e+01	 5.5636e+05	 4.7085e+03	-1.1816e+02
 1.0014e+05	 1.8013e+03	 1.2156e+00	 1.1347e-02	 2.9500e+02	 1.8184e+03	-8.9465e+01	 1.5837e+06	 1.4783e+04	-1.0713e+02
 3.1691e+04	 1.8013e+03	 1.2243e+00	 1.2718e-02	 2.9500e+02	 1.8210e+03	-8.9405e+01	 4.4651e+06	 4.6382e+04	-9.6267e+01
 1.0029e+04	 1.8013e+03	 1.2339e+00	 1.4287e-02	 2.9499e+02	 1.8237e+03	-8.9337e+01	 1.2559e+07	 1.4542e+05	-8.6367e+01
 3.1737e+03	 1.8013e+03	 1.2433e+00	 1.5992e-02	 2.9499e+02	 1.8261e+03	-8.9263e+01	 3.5456e+07	 4.5608e+05	-7.7742e+01
 1.0043e+03	 1.8013e+03	 1.2553e+00	 1.9829e-02	 2.9499e+02	 1.8289e+03	-8.9095e+01	 9.0365e+07	 1.4274e+06	-6.3305e+01
 3.1783e+02	 1.8013e+03	 1.2706e+00	 2.6312e-02	 2.9498e+02	 1.8313e+03	-8.8814e+01	 2.1519e+08	 4.4563e+06	-4.8290e+01
 1.0058e+02	 1.8013e+03	 1.2923e+00	 3.5851e-02	 2.9498e+02	 1.8342e+03	-8.8411e+01	 4.9908e+08	 1.3845e+07	-3.6047e+01
 3.1829e+01	 1.8013e+03	 1.3236e+00	 4.5660e-02	 2.9497e+02	 1.8371e+03	-8.8024e+01	 1.2383e+09	 4.2716e+07	-2.8989e+01
 1.0072e+01	 1.8013e+03	 1.3582e+00	 4.8911e-02	 2.9497e+02	 1.8401e+03	-8.7938e+01	 3.6528e+09	 1.3154e+08	-2.7769e+01
 1.0000e+06	 1.8374e+03	 1.2734e+00	-5.4638e-02	 2.9495e+02	 1.8494e+03	-9.2457e+01	-3.2936e+04	 1.4133e+03	 2.3305e+01
 3.1646e+05	 1.8374e+03	 1.2078e+00	 1.0193e-02	 2.9496e+02	 1.8518e+03	-8.9517e+01	 5.5791e+05	 4.7081e+03	-1.1850e+02
 1.0014e+05	 1.8374e+03	 1.2157e+00	 1.1332e-02	 2.9495e+02	 1.8546e+03	-8.9466e+01	 1.5858e+06	 1.4782e+04	-1.0728e+02
 3.1691e+04	 1.8374e+03	 1.2243e+00	 1.2697e-02	 2.9495e+02	 1.8571e+03	-8.9406e+01	 4.4723e+06	 4.6381e+04	-9.6426e+01
 1.0029e+04	 1.8374e+03	 1.2340e+00	 1.4272e-02	 2.9494e+02	 1.8598e+03	-8.9337e+01	 1.2572e+07	 1.4542e+05	-8.6457e+01
 3.1737e+03	 1.8374e+03	 1.2433e+00	 1.5952e-02	 2.9494e+02	 1.8622e+03	-8.9265e+01	 3.5546e+07	 4.5608e+05	-7.7938e+01
 1.0043e+03	 1.8374e+03	 1.2552e+00	 1.9753e-02	 2.9494e+02	 1.8649e+03	-8.9098e+01	 9.0711e+07	 1.4275e+06	-6.3546e+01
 3.1783e+02	 1.8374e+03	 1.2705e+00	 2.6278e-02	 2.9493e+02	 1.8675e+03	-8.8815e+01	 2.1547e+08	 4.4566e+06	-4.8349e+01
 1.0058e+02	 1.8374e+03	 1.2919e+00	 3.5910e-02	 2.9493e+02	 1.8704e+03	-8.8408e+01	 4.9825e+08	 1.3849e+07	-3.5977e+01
 3.1829e+01	 1.8374e+03	 1.3234e+00	 4.5672e-02	 2.9493e+02	 1.8732e+03	-8.8023e+01	 1.2379e+09	 4.2723e+07	-2.8976e+01
 1.0072e+01	 1.8374e+03	 1.3579e+00	 4.9555e-02	 2.9492e+02	 1.8762e+03	-8.7910e+01	 3.6054e+09	 1.3158e+08	-2.7402e+01
 1.0000e+06	 1.8735e+03	 1.2735e+00	-5.4715e-02	 2.9491e+02	 1.8856e+03	-9.2460e+01	-3.2890e+04	 1.4131e+03	 2.3275e+01
 3.1646e+05	 1.8735e+03	 1.2079e+00	 1.0188e-02	 2.9491e+02	 1.8881e+03	-8.9517e+01	 5.5816e+05	 4.7079e+03	-1.1856e+02
 1.0014e+05	 1.8735e+03	 1.2157e+00	 1.1317e-02	 2.9491e+02	 1.8909e+03	-8.9467e+01	 1.5879e+06	 1.4781e+04	-1.0743e+02
 3.1691e+04	 1.8735e+03	 1.2244e+00	 1.2664e-02	 2.9491e+02	 1.8935e+03	-8.9407e+01	 4.4839e+06	 4.6379e+04	-9.6680e+01
 1.0029e+04	 1.8735e+03	 1.2330e+00	 1.3589e-02	 2.9490e+02	 1.8962e+03	-8.9369e+01	 1.3204e+07	 1.4553e+05	-9.0735e+01
 3.1737e+03	 1.8735e+03	 1.2433e+00	 1.5913e-02	 2.9489e+02	 1.8987e+03	-8.9267e+01	 3.5634e+07	 4.5608e+05	-7.8129e+01
 1.0043e+03	 1.8735e+03	 1.2552e+00	 1.9743e-02	 2.9489e+02	 1.9014e+03	-8.9099e+01	 9.0758e+07	 1.4275e+06	-6.3578e+01
 3.1783e+02	 1.8735e+03	 1.2704e+00	 2.6258e-02	 2.9489e+02	 1.9038e+03	-8.8816e+01	 2.1564e+08	 4.4568e+06	-4.8383e+01
 1.0058e+02	 1.8735e+03	 1.2921e+00	 3.6123e-02	 2.9489e+02	 1.9067e+03	-8.8399e+01	 4.9531e+08	 1.3848e+07	-3.5769e+01
 3.1829e+01	 1.8735e+03	 1.3233e+00	 4.5713e-02	 2.9489e+02	 1.9096e+03	-8.8022e+01	 1.2368e+09	 4.2725e+07	-2.8949e+01
 1.0072e+01	 1.8735e+03	 1.3583e+00	 5.0033e-02	 2.9488e+02	 1.9126e+03	-8.7890e+01	 3.5710e+09	 1.3154e+08	-2.7148e+01
 1.0000e+06	 1.9098e+03	 1.2736e+00	-5.4721e-02	 2.9488e+02	 1.9217e+03	-9.2460e+01	-3.2887e+04	 1.4130e+03	 2.3275e+01
 3.1646e+05	 1.9098e+03	 1.2080e+00	 1.0179e-02	 2.9487e+02	 1.9241e+03	-8.9517e+01	 5.5868e+05	 4.7073e+03	-1.1868e+02
 1.0014e+05	 1.9098e+03	 1.2159e+00	 1.1332e-02	 2.9486e+02	 1.9269e+03	-8.9466e+01	 1.5857e+06	 1.4779e+04	-1.0730e+02
 3.1691e+04	 1.9098e+03	 1.2246e+00	 1.2684e-02	 2.9487e+02	 1.9296e+03	-8.9407e+01	 4.4767e+06	 4.6370e+04	-9.6543e+01
 1.0029e+04	 1.9098e+03	 1.2333e+00	 1.3634e-02	 2.9486e+02	 1.9322e+03	-8.9367e+01	 1.3162e+07	 1.4550e+05	-9.0459e+01
 3.1737e+03	 1.9098e+03	 1.2435e+00	 1.5989e-02	 2.9486e+02	 1.9346e+03	-8.9263e+01	 3.5464e+07	 4.5598e+05	-7.7775e+01
 1.0043e+03	 1.9098e+03	 1.2555e+00	 1.9752e-02	 2.9485e+02	 1.9374e+03	-8.9099e+01	 9.0717e+07	 1.4271e+06	-6.3566e+01
 3.1783e+02	 1.9098e+03	 1.2708e+00	 2.6286e-02	 2.9485e+02	 1.9400e+03	-8.8815e+01	 2.1541e+08	 4.4554e+06	-4.8348e+01
 1.0058e+02	 1.9098e+03	 1.2928e+00	 3.5888e-02	 2.9485e+02	 1.9429e+03	-8.8410e+01	 4.9856e+08	 1.3840e+07	-3.6022e+01
 3.1829e+01	 1.9098e+03	 1.3239e+00	 4.5770e-02	 2.9484e+02	 1.9459e+03	-8.8020e+01	 1.2353e+09	 4.2708e+07	-2.8924e+01
 1.0072e+01	 1.9098e+03	 1.3586e+00	 4.9225e-02	 2.9485e+02	 1.9488e+03	-8.7925e+01	 3.6295e+09	 1.3150e+08	-2.7600e+01
 1.0000e+06	 1.9461e+03	 1.2738e+00	-5.4724e-02	 2.9483e+02	 1.9577e+03	-9.2460e+01	-3.2884e+04	 1.4127e+03	 2.3277e+01
 3.1646e+05	 1.9461e+03	 1.2083e+00	 1.0180e-02	 2.9483e+02	 1.9602e+03	-8.9517e+01	 5.5859e+05	 4.7064e+03	-1.1869e+02
 1.0014e+05	 1.9461e+03	 1.2161e+00	 1.1353e-02	 2.9483e+02	 1.9631e+03	-8.9465e+01	 1.5828e+06	 1.4776e+04	-1.0712e+02
 3.1691e+04	 1.9461e+03	 1.2248e+00	 1.2682e-02	 2.9483e+02	 1.9657e+03	-8.9407e+01	 4.4777e+06	 4.6363e+04	-9.6580e+01
 1.0029e+04	 1.9461e+03	 1.2335e+00	 1.3664e-02	 2.9482e+02	 1.9681e+03	-8.9365e+01	 1.3132e+07	 1.4547e+05	-9.0273e+01
 3.1737e+03	 1.9461e+03	 1.2438e+00	 1.5953e-02	 2.9482e+02	 1.9706e+03	-8.9265e+01	 3.5544e+07	 4.5588e+05	-7.7968e+01
 1.0043e+03	 1.9461e+03	 1.2557e+00	 1.9799e-02	 2.9482e+02	 1.9731e+03	-8.9097e+01	 9.0501e+07	 1.4269e+06	-6.3425e+01
 3.1783e+02	 1.9461e+03	 1.2710e+00	 2.6309e-02	 2.9481e+02	 1.9756e+03	-8.8814e+01	 2.1522e+08	 4.4547e+06	-4.8312e+01
 1.0058e+02	 1.9461e+03	 1.2924e+00	 3.5898e-02	 2.9481e+02	 1.9782e+03	-8.8409e+01	 4.9843e+08	 1.3844e+07	-3.6003e+01
 3.1829e+01	 1.9461e+03	 1.3236e+00	 4.5546e-02	 2.9481e+02	 1.9812e+03	-8.8029e+01	 1.2414e+09	 4.2718e+07	-2.9060e+01
 1.0072e+01	 1.9461e+03	 1.3581e+00	 4.9354e-02	 2.9480e+02	 1.9844e+03	-8.7919e+01	 3.6201e+09	 1.3155e+08	-2.7518e+01
 1.0000e+06	 1.9816e+03	 1.2735e+00	-5.4812e-02	 2.9479e+02	 1.9936e+03	-9.2465e+01	-3.2832e+04	 1.4131e+03	 2.3234e+01
 3.1646e+05	 1.9816e+03	 1.2079e+00	 1.0108e-02	 2.9479e+02	 1.9961e+03	-8.9521e+01	 5.6261e+05	 4.7080e+03	-1.1950e+02
 1.0014e+05	 1.9816e+03	 1.2155e+00	 1.1243e-02	 2.9479e+02	 1.9989e+03	-8.9470e+01	 1.5983e+06	 1.4784e+04	-1.0811e+02
 3.1691e+04	 1.9816e+03	 1.2240e+00	 1.2564e-02	 2.9479e+02	 2.0015e+03	-8.9412e+01	 4.5198e+06	 4.6391e+04	-9.7428e+01
 1.0029e+04	 1.9816e+03	 1.2334e+00	 1.4076e-02	 2.9478e+02	 2.0042e+03	-8.9346e+01	 1.2748e+07	 1.4548e+05	-8.7629e+01
 3.1737e+03	 1.9816e+03	 1.2424e+00	 1.5691e-02	 2.9478e+02	 2.0067e+03	-8.9276e+01	 3.6137e+07	 4.5640e+05	-7.9179e+01
 1.0043e+03	 1.9816e+03	 1.2539e+00	 1.9277e-02	 2.9478e+02	 2.0094e+03	-8.9119e+01	 9.2951e+07	 1.4290e+06	-6.5046e+01
 3.1783e+02	 1.9816e+03	 1.2684e+00	 2.5420e-02	 2.9477e+02	 2.0119e+03	-8.8852e+01	 2.2274e+08	 4.4639e+06	-4.9899e+01
 1.0058e+02	 1.9816e+03	 1.2886e+00	 3.4776e-02	 2.9477e+02	 2.0148e+03	-8.8454e+01	 5.1450e+08	 1.3885e+07	-3.7055e+01
 3.1829e+01	 1.9816e+03	 1.3185e+00	 4.5044e-02	 2.9477e+02	 2.0177e+03	-8.8043e+01	 1.2552e+09	 4.2883e+07	-2.9271e+01
 1.0072e+01	 1.9816e+03	 1.3529e+00	 5.0782e-02	 2.9477e+02	 2.0208e+03	-8.7850e+01	 3.5182e+09	 1.3206e+08	-2.6642e+01
 1.0000e+06	 2.0181e+03	 1.2721e+00	-5.4978e-02	 2.9475e+02	 2.0301e+03	-9.2475e+01	-3.2732e+04	 1.4146e+03	 2.3139e+01
 3.1646e+05	 2.0181e+03	 1.2061e+00	 9.8266e-03	 2.9475e+02	 2.0326e+03	-8.9533e+01	 5.7870e+05	 4.7148e+03	-1.2274e+02
 1.0014e+05	 2.0181e+03	 1.2135e+00	 1.0885e-02	 2.9475e+02	 2.0354e+03	-8.9486e+01	 1.6509e+06	 1.4808e+04	-1.1148e+02
 3.1691e+04	 2.0181e+03	 1.2216e+00	 1.2117e-02	 2.9474e+02	 2.0380e+03	-8.9432e+01	 4.6862e+06	 4.6484e+04	-1.0082e+02
 1.0029e+04	 2.0181e+03	 1.2306e+00	 1.3503e-02	 2.9474e+02	 2.0405e+03	-8.9371e+01	 1.3289e+07	 1.4582e+05	-9.1134e+01
 3.1737e+03	 2.0181e+03	 1.2391e+00	 1.4795e-02	 2.9474e+02	 2.0430e+03	-8.9316e+01	 3.8324e+07	 4.5761e+05	-8.3748e+01
 1.0043e+03	 2.0181e+03	 1.2499e+00	 1.8061e-02	 2.9474e+02	 2.0455e+03	-8.9172e+01	 9.9207e+07	 1.4336e+06	-6.9201e+01
 3.1783e+02	 2.0181e+03	 1.2633e+00	 2.3785e-02	 2.9473e+02	 2.0481e+03	-8.8921e+01	 2.3805e+08	 4.4820e+06	-5.3112e+01
 1.0058e+02	 2.0181e+03	 1.2818e+00	 3.3157e-02	 2.9473e+02	 2.0508e+03	-8.8518e+01	 5.3962e+08	 1.3959e+07	-3.8657e+01
 3.1829e+01	 2.0181e+03	 1.3095e+00	 4.4870e-02	 2.9473e+02	 2.0538e+03	-8.8038e+01	 1.2601e+09	 4.3177e+07	-2.9184e+01
 1.0072e+01	 2.0181e+03	 1.3447e+00	 5.4975e-02	 2.9473e+02	 2.0569e+03	-8.7659e+01	 3.2499e+09	 1.3286e+08	-2.4461e+01
 1.0000e+06	 2.0541e+03	 1.2705e+00	-5.5304e-02	 2.9472e+02	 2.0663e+03	-9.2492e+01	-3.2539e+04	 1.4164e+03	 2.2973e+01
 3.1646e+05	 2.0541e+03	 1.2043e+00	 9.5057e-03	 2.9472e+02	 2.0688e+03	-8.9548e+01	 5.9824e+05	 4.7219e+03	-1.2669e+02
 1.0014e+05	 2.0541e+03	 1.2115e+00	 1.0527e-02	 2.9472e+02	 2.0716e+03	-8.9502e+01	 1.7070e+06	 1.4833e+04	-1.1509e+02
 3.1691e+04	 2.0541e+03	 1.2194e+00	 1.1708e-02	 2.9472e+02	 2.0741e+03	-8.9450e+01	 4.8503e+06	 4.6567e+04	-1.0416e+02
 1.0029e+04	 2.0541e+03	 1.2282e+00	 1.3000e-02	 2.9471e+02	 2.0767e+03	-8.9394e+01	 1.3803e+07	 1.4610e+05	-9.4479e+01
 3.1737e+03	 2.0541e+03	 1.2365e+00	 1.4197e-02	 2.9471e+02	 2.0791e+03	-8.9342e+01	 3.9939e+07	 4.5858e+05	-8.7093e+01
 1.0043e+03	 2.0541e+03	 1.2467e+00	 1.7094e-02	 2.9471e+02	 2.0816e+03	-8.9214e+01	 1.0482e+08	 1.4372e+06	-7.2931e+01
 3.1783e+02	 2.0541e+03	 1.2594e+00	 2.2458e-02	 2.9470e+02	 2.0842e+03	-8.8978e+01	 2.5212e+08	 4.4960e+06	-5.6078e+01
 1.0058e+02	 2.0541e+03	 1.2765e+00	 3.1362e-02	 2.9470e+02	 2.0869e+03	-8.8593e+01	 5.7052e+08	 1.4016e+07	-4.0703e+01
 3.1829e+01	 2.0541e+03	 1.3028e+00	 4.4337e-02	 2.9469e+02	 2.0898e+03	-8.8051e+01	 1.2752e+09	 4.3398e+07	-2.9385e+01
 1.0072e+01	 2.0541e+03	 1.3385e+00	 5.7415e-02	 2.9470e+02	 2.0928e+03	-8.7544e+01	 3.1118e+09	 1.3348e+08	-2.3312e+01
 1.0000e+06	 2.0901e+03	 1.2695e+00	-5.5543e-02	 2.9469e+02	 2.1017e+03	-9.2505e+01	-3.2399e+04	 1.4175e+03	 2.2856e+01
 3.1646e+05	 2.0901e+03	 1.2033e+00	 9.2816e-03	 2.9469e+02	 2.1042e+03	-8.9558e+01	 6.1268e+05	 4.7258e+03	-1.2965e+02
 1.0014e+05	 2.0901e+03	 1.2104e+00	 1.0282e-02	 2.9468e+02	 2.1069e+03	-8.9513e+01	 1.7478e+06	 1.4846e+04	-1.1773e+02
 3.1691e+04	 2.0901e+03	 1.2183e+00	 1.1473e-02	 2.9468e+02	 2.1096e+03	-8.9460e+01	 4.9495e+06	 4.6609e+04	-1.0619e+02
 1.0029e+04	 2.0901e+03	 1.2270e+00	 1.2714e-02	 2.9468e+02	 2.1121e+03	-8.9406e+01	 1.4114e+07	 1.4624e+05	-9.6511e+01
 3.1737e+03	 2.0901e+03	 1.2352e+00	 1.3838e-02	 2.9468e+02	 2.1145e+03	-8.9358e+01	 4.0977e+07	 4.5905e+05	-8.9266e+01
 1.0043e+03	 2.0901e+03	 1.2454e+00	 1.6677e-02	 2.9467e+02	 2.1171e+03	-8.9233e+01	 1.0744e+08	 1.4388e+06	-7.4677e+01
 3.1783e+02	 2.0901e+03	 1.2578e+00	 2.1869e-02	 2.9467e+02	 2.1196e+03	-8.9004e+01	 2.5891e+08	 4.5015e+06	-5.7517e+01
 1.0058e+02	 2.0901e+03	 1.2749e+00	 3.1040e-02	 2.9467e+02	 2.1224e+03	-8.8605e+01	 5.7642e+08	 1.4034e+07	-4.1073e+01
 3.1829e+01	 2.0901e+03	 1.3008e+00	 4.4022e-02	 2.9467e+02	 2.1252e+03	-8.8062e+01	 1.2843e+09	 4.3467e+07	-2.9548e+01
 1.0072e+01	 2.0901e+03	 1.3368e+00	 5.7330e-02	 2.9466e+02	 2.1282e+03	-8.7544e+01	 3.1164e+09	 1.3365e+08	-2.3318e+01
 1.0000e+06	 2.1254e+03	 1.2697e+00	-5.5568e-02	 2.9465e+02	 2.1374e+03	-9.2506e+01	-3.2385e+04	 1.4173e+03	 2.2850e+01
 3.1646e+05	 2.1254e+03	 1.2035e+00	 9.2853e-03	 2.9465e+02	 2.1399e+03	-8.9558e+01	 6.1244e+05	 4.7251e+03	-1.2961e+02
 1.0014e+05	 2.1254e+03	 1.2107e+00	 1.0275e-02	 2.9465e+02	 2.1425e+03	-8.9514e+01	 1.7489e+06	 1.4843e+04	-1.1783e+02
 3.1691e+04	 2.1254e+03	 1.2186e+00	 1.1441e-02	 2.9465e+02	 2.1452e+03	-8.9462e+01	 4.9631e+06	 4.6599e+04	-1.0651e+02
 1.0029e+04	 2.1254e+03	 1.2274e+00	 1.2719e-02	 2.9464e+02	 2.1480e+03	-8.9406e+01	 1.4108e+07	 1.4620e+05	-9.6501e+01
 3.1737e+03	 2.1254e+03	 1.2356e+00	 1.3830e-02	 2.9464e+02	 2.1506e+03	-8.9359e+01	 4.0999e+07	 4.5890e+05	-8.9340e+01
 1.0043e+03	 2.1254e+03	 1.2458e+00	 1.6693e-02	 2.9464e+02	 2.1530e+03	-8.9232e+01	 1.0734e+08	 1.4383e+06	-7.4630e+01
 3.1783e+02	 2.1254e+03	 1.2583e+00	 2.1935e-02	 2.9464e+02	 2.1555e+03	-8.9001e+01	 2.5813e+08	 4.4997e+06	-5.7366e+01
 1.0058e+02	 2.1254e+03	 1.2758e+00	 3.1127e-02	 2.9464e+02	 2.1585e+03	-8.8602e+01	 5.7481e+08	 1.4025e+07	-4.0986e+01
 3.1829e+01	 2.1254e+03	 1.3015e+00	 4.4309e-02	 2.9463e+02	 2.1613e+03	-8.8050e+01	 1.2760e+09	 4.3441e+07	-2.9374e+01
 1.0072e+01	 2.1254e+03	 1.3378e+00	 5.8309e-02	 2.9463e+02	 2.1644e+03	-8.7504e+01	 3.0641e+09	 1.3355e+08	-2.2943e+01
 1.0000e+06	 2.1616e+03	 1.2700e+00	-5.5615e-02	 2.9462e+02	 2.1735e+03	-9.2507e+01	-3.2358e+04	 1.4170e+03	 2.2835e+01
 3.1646e+05	 2.1616e+03	 1.2038e+00	 9.2737e-03	 2.9462e+02	 2.1760e+03	-8.9559e+01	 6.1320e+05	 4.7240e+03	-1.2980e+02
 1.0014e+05	 2.1616e+03	 1.2109e+00	 1.0251e-02	 2.9462e+02	 2.1788e+03	-8.9515e+01	 1.7530e+06	 1.4840e+04	-1.1813e+02
 3.1691e+04	 2.1616e+03	 1.2187e+00	 1.1440e-02	 2.9461e+02	 2.1814e+03	-8.9462e+01	 4.9639e+06	 4.6593e+04	-1.0654e+02
 1.0029e+04	 2.1616e+03	 1.2275e+00	 1.2704e-02	 2.9462e+02	 2.1840e+03	-8.9407e+01	 1.4124e+07	 1.4619e+05	-9.6616e+01
 3.1737e+03	 2.1616e+03	 1.2356e+00	 1.3759e-02	 2.9462e+02	 2.1864e+03	-8.9362e+01	 4.1211e+07	 4.5893e+05	-8.9800e+01
 1.0043e+03	 2.1616e+03	 1.2457e+00	 1.6605e-02	 2.9461e+02	 2.1889e+03	-8.9236e+01	 1.0791e+08	 1.4384e+06	-7.5020e+01
 3.1783e+02	 2.1616e+03	 1.2581e+00	 2.1751e-02	 2.9461e+02	 2.1916e+03	-8.9010e+01	 2.6031e+08	 4.5005e+06	-5.7840e+01
 1.0058e+02	 2.1616e+03	 1.2751e+00	 3.0931e-02	 2.9461e+02	 2.1942e+03	-8.8610e+01	 5.7846e+08	 1.4032e+07	-4.1226e+01
 3.1829e+01	 2.1616e+03	 1.3006e+00	 4.3852e-02	 2.9461e+02	 2.1972e+03	-8.8069e+01	 1.2893e+09	 4.3471e+07	-2.9659e+01
 1.0072e+01	 2.1616e+03	 1.3364e+00	 5.6738e-02	 2.9461e+02	 2.2004e+03	-8.7569e+01	 3.1489e+09	 1.3370e+08	-2.3553e+01
 1.0000e+06	 2.1977e+03	 1.2699e+00	-5.5586e-02	 2.9460e+02	 2.2098e+03	-9.2506e+01	-3.2374e+04	 1.4171e+03	 2.2845e+01
 3.1646e+05	 2.1977e+03	 1.2036e+00	 9.2248e-03	 2.9460e+02	 2.2122e+03	-8.9561e+01	 6.1645e+05	 4.7245e+03	-1.3048e+02
 1.0014e+05	 2.1977e+03	 1.2107e+00	 1.0211e-02	 2.9459e+02	 2.2151e+03	-8.9517e+01	 1.7598e+06	 1.4842e+04	-1.1857e+02
 3.1691e+04	 2.1977e+03	 1.2185e+00	 1.1349e-02	 2.9459e+02	 2.2177e+03	-8.9466e+01	 5.0034e+06	 4.6602e+04	-1.0736e+02
 1.0029e+04	 2.1977e+03	 1.2271e+00	 1.2613e-02	 2.9459e+02	 2.2203e+03	-8.9411e+01	 1.4227e+07	 1.4623e+05	-9.7295e+01
 3.1737e+03	 2.1977e+03	 1.2352e+00	 1.3618e-02	 2.9458e+02	 2.2227e+03	-8.9368e+01	 4.1640e+07	 4.5904e+05	-9.0709e+01
 1.0043e+03	 2.1977e+03	 1.2453e+00	 1.6428e-02	 2.9458e+02	 2.2255e+03	-8.9244e+01	 1.0907e+08	 1.4388e+06	-7.5806e+01
 3.1783e+02	 2.1977e+03	 1.2576e+00	 2.1513e-02	 2.9458e+02	 2.2279e+03	-8.9020e+01	 2.6320e+08	 4.5023e+06	-5.8458e+01
 1.0058e+02	 2.1977e+03	 1.2742e+00	 3.0332e-02	 2.9458e+02	 2.2309e+03	-8.8636e+01	 5.8989e+08	 1.4042e+07	-4.2010e+01
 3.1829e+01	 2.1977e+03	 1.2998e+00	 4.3511e-02	 2.9458e+02	 2.2337e+03	-8.8083e+01	 1.2994e+09	 4.3499e+07	-2.9873e+01
 1.0072e+01	 2.1977e+03	 1.3355e+00	 5.7340e-02	 2.9457e+02	 2.2367e+03	-8.7541e+01	 3.1159e+09	 1.3378e+08	-2.3290e+01
 1.0000e+06	 2.2339e+03	 1.2698e+00	-5.5626e-02	 2.9457e+02	 2.2460e+03	-9.2508e+01	-3.2351e+04	 1.4172e+03	 2.2827e+01
 3.1646e+05	 2.2339e+03	 1.2036e+00	 9.1842e-03	 2.9456e+02	 2.2485e+03	-8.9563e+01	 6.1918e+05	 4.7246e+03	-1.3105e+02
 1.0014e+05	 2.2339e+03	 1.2106e+00	 1.0180e-02	 2.9456e+02	 2.2513e+03	-8.9518e+01	 1.7652e+06	 1.4843e+04	-1.1892e+02
 3.1691e+04	 2.2339e+03	 1.2184e+00	 1.1319e-02	 2.9456e+02	 2.2539e+03	-8.9468e+01	 5.0165e+06	 4.6607e+04	-1.0764e+02
 1.0029e+04	 2.2339e+03	 1.2270e+00	 1.2554e-02	 2.9456e+02	 2.2564e+03	-8.9414e+01	 1.4293e+07	 1.4625e+05	-9.7732e+01
 3.1737e+03	 2.2339e+03	 1.2350e+00	 1.3581e-02	 2.9456e+02	 2.2589e+03	-8.9370e+01	 4.1750e+07	 4.5914e+05	-9.0932e+01
 1.0043e+03	 2.2339e+03	 1.2450e+00	 1.6319e-02	 2.9455e+02	 2.2614e+03	-8.9249e+01	 1.0980e+08	 1.4392e+06	-7.6291e+01
 3.1783e+02	 2.2339e+03	 1.2572e+00	 2.1343e-02	 2.9455e+02	 2.2640e+03	-8.9027e+01	 2.6529e+08	 4.5038e+06	-5.8903e+01
 1.0058e+02	 2.2339e+03	 1.2736e+00	 3.0204e-02	 2.9455e+02	 2.2668e+03	-8.8641e+01	 5.9239e+08	 1.4048e+07	-4.2167e+01
 3.1829e+01	 2.2339e+03	 1.2988e+00	 4.3305e-02	 2.9454e+02	 2.2696e+03	-8.8090e+01	 1.3056e+09	 4.3533e+07	-2.9991e+01
 1.0072e+01	 2.2339e+03	 1.3346e+00	 5.7226e-02	 2.9455e+02	 2.2727e+03	-8.7545e+01	 3.1221e+09	 1.3387e+08	-2.3322e+01
 1.0000e+06	 2.2699e+03	 1.2699e+00	-5.5629e-02	 2.9453e+02	 2.2820e+03	-9.2508e+01	-3.2350e+04	 1.4171e+03	 2.2828e+01
 3.1646e+05	 2.2699e+03	 1.2036e+00	 9.1583e-03	 2.9455e+02	 2.2846e+03	-8.9564e+01	 6.2093e+05	 4.7245e+03	-1.3143e+02
 1.0014e+05	 2.2699e+03	 1.2108e+00	 1.0152e-02	 2.9454e+02	 2.2874e+03	-8.9520e+01	 1.7701e+06	 1.4842e+04	-1.1927e+02
 3.1691e+04	 2.2699e+03	 1.2185e+00	 1.1295e-02	 2.9454e+02	 2.2899e+03	-8.9469e+01	 5.0275e+06	 4.6600e+04	-1.0788e+02
 1.0029e+04	 2.2699e+03	 1.2272e+00	 1.2568e-02	 2.9453e+02	 2.2925e+03	-8.9413e+01	 1.4278e+07	 1.4622e+05	-9.7648e+01
 3.1737e+03	 2.2699e+03	 1.2353e+00	 1.3579e-02	 2.9453e+02	 2.2950e+03	-8.9370e+01	 4.1757e+07	 4.5902e+05	-9.0971e+01
 1.0043e+03	 2.2699e+03	 1.2454e+00	 1.6337e-02	 2.9454e+02	 2.2975e+03	-8.9248e+01	 1.0968e+08	 1.4388e+06	-7.6228e+01
 3.1783e+02	 2.2699e+03	 1.2576e+00	 2.1400e-02	 2.9453e+02	 2.3002e+03	-8.9025e+01	 2.6459e+08	 4.5022e+06	-5.8768e+01
 1.0058e+02	 2.2699e+03	 1.2744e+00	 2.9994e-02	 2.9453e+02	 2.3029e+03	-8.8652e+01	 5.9653e+08	 1.4040e+07	-4.2488e+01
 3.1829e+01	 2.2699e+03	 1.2997e+00	 4.3065e-02	 2.9452e+02	 2.3059e+03	-8.8102e+01	 1.3129e+09	 4.3503e+07	-3.0179e+01
 1.0072e+01	 2.2699e+03	 1.3354e+00	 5.6774e-02	 2.9452e+02	 2.3088e+03	-8.7566e+01	 3.1470e+09	 1.3379e+08	-2.3522e+01
 1.0000e+06	 2.3060e+03	 1.2703e+00	-5.5644e-02	 2.9451e+02	 2.3177e+03	-9.2508e+01	-3.2341e+04	 1.4167e+03	 2.2828e+01
 3.1646e+05	 2.3060e+03	 1.2039e+00	 9.1814e-03	 2.9451e+02	 2.3202e+03	-8.9563e+01	 6.1936e+05	 4.7235e+03	-1.3112e+02
 1.0014e+05	 2.3060e+03	 1.2110e+00	 1.0159e-02	 2.9452e+02	 2.3230e+03	-8.9519e+01	 1.7689e+06	 1.4839e+04	-1.1920e+02
 3.1691e+04	 2.3060e+03	 1.2188e+00	 1.1317e-02	 2.9451e+02	 2.3258e+03	-8.9468e+01	 5.0177e+06	 4.6591e+04	-1.0770e+02
 1.0029e+04	 2.3060e+03	 1.2274e+00	 1.2563e-02	 2.9451e+02	 2.3282e+03	-8.9414e+01	 1.4283e+07	 1.4619e+05	-9.7700e+01
 3.1737e+03	 2.3060e+03	 1.2356e+00	 1.3598e-02	 2.9451e+02	 2.3310e+03	-8.9369e+01	 4.1699e+07	 4.5893e+05	-9.0862e+01
 1.0043e+03	 2.3060e+03	 1.2457e+00	 1.6421e-02	 2.9451e+02	 2.3334e+03	-8.9245e+01	 1.0912e+08	 1.4384e+06	-7.5859e+01
 3.1783e+02	 2.3060e+03	 1.2581e+00	 2.1517e-02	 2.9451e+02	 2.3359e+03	-8.9020e+01	 2.6314e+08	 4.5006e+06	-5.8468e+01
 1.0058e+02	 2.3060e+03	 1.2752e+00	 3.0445e-02	 2.9451e+02	 2.3386e+03	-8.8632e+01	 5.8769e+08	 1.4031e+07	-4.1885e+01
 3.1829e+01	 2.3060e+03	 1.3006e+00	 4.3455e-02	 2.9450e+02	 2.3416e+03	-8.8086e+01	 1.3011e+09	 4.3470e+07	-2.9931e+01
 1.0072e+01	 2.3060e+03	 1.3368e+00	 5.7107e-02	 2.9451e+02	 2.3446e+03	-8.7554e+01	 3.1286e+09	 1.3365e+08	-2.3409e+01
 1.0000e+06	 2.3418e+03	 1.2706e+00	-5.5431e-02	 2.9450e+02	 2.3536e+03	-9.2498e+01	-3.2465e+04	 1.4163e+03	 2.2922e+01
 3.1646e+05	 2.3418e+03	 1.2045e+00	 9.2687e-03	 2.9450e+02	 2.3561e+03	-8.9559e+01	 6.1353e+05	 4.7210e+03	-1.2996e+02
 1.0014e+05	 2.3418e+03	 1.2117e+00	 1.0269e-02	 2.9450e+02	 2.3588e+03	-8.9514e+01	 1.7500e+06	 1.4830e+04	-1.1800e+02
 3.1691e+04	 2.3418e+03	 1.2197e+00	 1.1465e-02	 2.9451e+02	 2.3614e+03	-8.9461e+01	 4.9528e+06	 4.6558e+04	-1.0638e+02
 1.0029e+04	 2.3418e+03	 1.2285e+00	 1.2766e-02	 2.9450e+02	 2.3640e+03	-8.9405e+01	 1.4056e+07	 1.4606e+05	-9.6233e+01
 3.1737e+03	 2.3418e+03	 1.2369e+00	 1.3932e-02	 2.9449e+02	 2.3665e+03	-8.9355e+01	 4.0699e+07	 4.5844e+05	-8.8777e+01
 1.0043e+03	 2.3418e+03	 1.2472e+00	 1.6837e-02	 2.9450e+02	 2.3691e+03	-8.9227e+01	 1.0642e+08	 1.4367e+06	-7.4073e+01
 3.1783e+02	 2.3418e+03	 1.2601e+00	 2.2151e-02	 2.9450e+02	 2.3716e+03	-8.8993e+01	 2.5561e+08	 4.4935e+06	-5.6885e+01
 1.0058e+02	 2.3418e+03	 1.2776e+00	 3.1333e-02	 2.9449e+02	 2.3743e+03	-8.8595e+01	 5.7103e+08	 1.4005e+07	-4.0774e+01
 3.1829e+01	 2.3418e+03	 1.3043e+00	 4.4039e-02	 2.9449e+02	 2.3773e+03	-8.8066e+01	 1.2838e+09	 4.3349e+07	-2.9616e+01
 1.0072e+01	 2.3418e+03	 1.3406e+00	 5.6611e-02	 2.9450e+02	 2.3802e+03	-8.7582e+01	 3.1560e+09	 1.3327e+08	-2.3681e+01
 1.0000e+06	 2.3775e+03	 1.2727e+00	-5.5445e-02	 2.9449e+02	 2.3895e+03	-9.2494e+01	-3.2457e+04	 1.4140e+03	 2.2954e+01
 3.1646e+05	 2.3775e+03	 1.2055e+00	 9.4252e-03	 2.9449e+02	 2.3920e+03	-8.9552e+01	 6.0335e+05	 4.7171e+03	-1.2791e+02
 1.0014e+05	 2.3775e+03	 1.2128e+00	 1.0468e-02	 2.9449e+02	 2.3949e+03	-8.9506e+01	 1.7167e+06	 1.4816e+04	-1.1587e+02
 3.1691e+04	 2.3775e+03	 1.2209e+00	 1.1658e-02	 2.9449e+02	 2.3974e+03	-8.9453e+01	 4.8707e+06	 4.6509e+04	-1.0473e+02
 1.0029e+04	 2.3775e+03	 1.2299e+00	 1.3019e-02	 2.9449e+02	 2.3999e+03	-8.9394e+01	 1.3782e+07	 1.4589e+05	-9.4470e+01
 3.1737e+03	 2.3775e+03	 1.2384e+00	 1.4308e-02	 2.9449e+02	 2.4023e+03	-8.9338e+01	 3.9630e+07	 4.5786e+05	-8.6554e+01
 1.0043e+03	 2.3775e+03	 1.2491e+00	 1.7375e-02	 2.9449e+02	 2.4048e+03	-8.9203e+01	 1.0313e+08	 1.4344e+06	-7.1895e+01
 3.1783e+02	 2.3775e+03	 1.2625e+00	 2.2925e-02	 2.9449e+02	 2.4075e+03	-8.8960e+01	 2.4698e+08	 4.4849e+06	-5.5070e+01
 1.0058e+02	 2.3775e+03	 1.2810e+00	 3.2295e-02	 2.9449e+02	 2.4102e+03	-8.8556e+01	 5.5403e+08	 1.3968e+07	-3.9666e+01
 3.1829e+01	 2.3775e+03	 1.3085e+00	 4.4497e-02	 2.9448e+02	 2.4133e+03	-8.8052e+01	 1.2706e+09	 4.3210e+07	-2.9406e+01
 1.0072e+01	 2.3775e+03	 1.3449e+00	 5.4898e-02	 2.9448e+02	 2.4164e+03	-8.7663e+01	 3.2545e+09	 1.3284e+08	-2.4499e+01
 1.0000e+06	 2.4137e+03	 1.2735e+00	-5.4735e-02	 2.9448e+02	 2.4252e+03	-9.2461e+01	-3.2878e+04	 1.4131e+03	 2.3267e+01
 3.1646e+05	 2.4137e+03	 1.2066e+00	 9.5560e-03	 2.9448e+02	 2.4278e+03	-8.9546e+01	 5.9509e+05	 4.7130e+03	-1.2626e+02
 1.0014e+05	 2.4137e+03	 1.2140e+00	 1.0624e-02	 2.9448e+02	 2.4305e+03	-8.9499e+01	 1.6915e+06	 1.4802e+04	-1.1428e+02
 3.1691e+04	 2.4137e+03	 1.2223e+00	 1.1874e-02	 2.9448e+02	 2.4332e+03	-8.9443e+01	 4.7824e+06	 4.6459e+04	-1.0294e+02
 1.0029e+04	 2.4137e+03	 1.2314e+00	 1.3316e-02	 2.9447e+02	 2.4357e+03	-8.9380e+01	 1.3475e+07	 1.4572e+05	-9.2473e+01
 3.1737e+03	 2.4137e+03	 1.2402e+00	 1.4712e-02	 2.9448e+02	 2.4384e+03	-8.9320e+01	 3.8541e+07	 4.5722e+05	-8.4295e+01
 1.0043e+03	 2.4137e+03	 1.2512e+00	 1.7970e-02	 2.9448e+02	 2.4409e+03	-8.9177e+01	 9.9712e+07	 1.4321e+06	-6.9627e+01
 3.1783e+02	 2.4137e+03	 1.2650e+00	 2.3730e-02	 2.9448e+02	 2.4433e+03	-8.8925e+01	 2.3861e+08	 4.4759e+06	-5.3309e+01
 1.0058e+02	 2.4137e+03	 1.2844e+00	 3.3068e-02	 2.9448e+02	 2.4461e+03	-8.8525e+01	 5.4107e+08	 1.3930e+07	-3.8842e+01
 3.1829e+01	 2.4137e+03	 1.3129e+00	 4.4853e-02	 2.9448e+02	 2.4489e+03	-8.8043e+01	 1.2606e+09	 4.3066e+07	-2.9270e+01
 1.0072e+01	 2.4137e+03	 1.3488e+00	 5.4214e-02	 2.9447e+02	 2.4519e+03	-8.7698e+01	 3.2956e+09	 1.3246e+08	-2.4879e+01
 1.0000e+06	 2.4492e+03	 1.2746e+00	-5.4559e-02	 2.9448e+02	 2.4610e+03	-9.2451e+01	-3.2984e+04	 1.4119e+03	 2.3361e+01
 3.1646e+05	 2.4492e+03	 1.2076e+00	 9.7571e-03	 2.9447e+02	 2.4636e+03	-8.9537e+01	 5.8282e+05	 4.7090e+03	-1.2377e+02
 1.0014e+05	 2.4492e+03	 1.2152e+00	 1.0845e-02	 2.9447e+02	 2.4662e+03	-8.9489e+01	 1.6570e+06	 1.4788e+04	-1.1205e+02
 3.1691e+04	 2.4492e+03	 1.2236e+00	 1.2126e-02	 2.9447e+02	 2.4689e+03	-8.9432e+01	 4.6829e+06	 4.6409e+04	-1.0091e+02
 1.0029e+04	 2.4492e+03	 1.2329e+00	 1.3601e-02	 2.9447e+02	 2.4714e+03	-8.9368e+01	 1.3193e+07	 1.4555e+05	-9.0643e+01
 3.1737e+03	 2.4492e+03	 1.2417e+00	 1.5117e-02	 2.9447e+02	 2.4739e+03	-8.9303e+01	 3.7510e+07	 4.5664e+05	-8.2143e+01
 1.0043e+03	 2.4492e+03	 1.2532e+00	 1.8562e-02	 2.9447e+02	 2.4766e+03	-8.9151e+01	 9.6529e+07	 1.4298e+06	-6.7510e+01
 3.1783e+02	 2.4492e+03	 1.2675e+00	 2.4520e-02	 2.9447e+02	 2.4791e+03	-8.8892e+01	 2.3092e+08	 4.4672e+06	-5.1692e+01
 1.0058e+02	 2.4492e+03	 1.2874e+00	 3.4052e-02	 2.9447e+02	 2.4820e+03	-8.8485e+01	 5.2544e+08	 1.3898e+07	-3.7807e+01
 3.1829e+01	 2.4492e+03	 1.3168e+00	 4.5311e-02	 2.9447e+02	 2.4851e+03	-8.8029e+01	 1.2478e+09	 4.2936e+07	-2.9062e+01
 1.0072e+01	 2.4492e+03	 1.3525e+00	 5.3292e-02	 2.9447e+02	 2.4880e+03	-8.7744e+01	 3.3526e+09	 1.3210e+08	-2.5380e+01
 1.0000e+06	 2.4854e+03	 1.2754e+00	-5.4294e-02	 2.9447e+02	 2.4970e+03	-9.2438e+01	-3.3145e+04	 1.4110e+03	 2.3490e+01
 3.1646e+05	 2.4854e+03	 1.2085e+00	 9.9062e-03	 2.9447e+02	 2.4998e+03	-8.9530e+01	 5.7405e+05	 4.7054e+03	-1.2200e+02
 1.0014e+05	 2.4854e+03	 1.2162e+00	 1.1021e-02	 2.9447e+02	 2.5026e+03	-8.9481e+01	 1.6305e+06	 1.4775e+04	-1.1036e+02
 3.1691e+04	 2.4854e+03	 1.2248e+00	 1.2334e-02	 2.9446e+02	 2.5052e+03	-8.9423e+01	 4.6039e+06	 4.6364e+04	-9.9299e+01
 1.0029e+04	 2.4854e+03	 1.2333e+00	 1.3244e-02	 2.9447e+02	 2.5078e+03	-8.9385e+01	 1.3548e+07	 1.4550e+05	-9.3119e+01
 3.1737e+03	 2.4854e+03	 1.2434e+00	 1.5480e-02	 2.9447e+02	 2.5104e+03	-8.9287e+01	 3.6629e+07	 4.5603e+05	-8.0322e+01
 1.0043e+03	 2.4854e+03	 1.2552e+00	 1.9111e-02	 2.9446e+02	 2.5130e+03	-8.9128e+01	 9.3758e+07	 1.4276e+06	-6.5677e+01
 3.1783e+02	 2.4854e+03	 1.2700e+00	 2.5334e-02	 2.9447e+02	 2.5158e+03	-8.8857e+01	 2.2350e+08	 4.4583e+06	-5.0131e+01
 1.0058e+02	 2.4854e+03	 1.2909e+00	 3.4725e-02	 2.9447e+02	 2.5185e+03	-8.8459e+01	 5.1526e+08	 1.3860e+07	-3.7176e+01
 3.1829e+01	 2.4854e+03	 1.3211e+00	 4.5292e-02	 2.9447e+02	 2.5214e+03	-8.8036e+01	 1.2483e+09	 4.2798e+07	-2.9168e+01
 1.0072e+01	 2.4854e+03	 1.3561e+00	 5.1258e-02	 2.9446e+02	 2.5244e+03	-8.7835e+01	 3.4856e+09	 1.3175e+08	-2.6457e+01
 1.0000e+06	 2.5217e+03	 1.2763e+00	-5.4231e-02	 2.9446e+02	 2.5338e+03	-9.2433e+01	-3.3183e+04	 1.4100e+03	 2.3535e+01
 3.1646e+05	 2.5217e+03	 1.2096e+00	 1.0098e-02	 2.9446e+02	 2.5362e+03	-8.9522e+01	 5.6314e+05	 4.7012e+03	-1.1979e+02
 1.0014e+05	 2.5217e+03	 1.2174e+00	 1.1245e-02	 2.9446e+02	 2.5390e+03	-8.9471e+01	 1.5981e+06	 1.4760e+04	-1.0827e+02
 3.1691e+04	 2.5217e+03	 1.2261e+00	 1.2594e-02	 2.9446e+02	 2.5416e+03	-8.9412e+01	 4.5088e+06	 4.6312e+04	-9.7356e+01
 1.0029e+04	 2.5217e+03	 1.2348e+00	 1.3585e-02	 2.9445e+02	 2.5440e+03	-8.9370e+01	 1.3208e+07	 1.4532e+05	-9.0892e+01
 3.1737e+03	 2.5217e+03	 1.2452e+00	 1.5867e-02	 2.9446e+02	 2.5465e+03	-8.9270e+01	 3.5737e+07	 4.5536e+05	-7.8482e+01
 1.0043e+03	 2.5217e+03	 1.2573e+00	 1.9738e-02	 2.9446e+02	 2.5491e+03	-8.9101e+01	 9.0780e+07	 1.4251e+06	-6.3699e+01
 3.1783e+02	 2.5217e+03	 1.2728e+00	 2.6148e-02	 2.9446e+02	 2.5517e+03	-8.8823e+01	 2.1654e+08	 4.4486e+06	-4.8676e+01
 1.0058e+02	 2.5217e+03	 1.2946e+00	 3.5492e-02	 2.9445e+02	 2.5544e+03	-8.8430e+01	 5.0413e+08	 1.3821e+07	-3.6475e+01
 3.1829e+01	 2.5217e+03	 1.3254e+00	 4.5033e-02	 2.9446e+02	 2.5573e+03	-8.8054e+01	 1.2555e+09	 4.2658e+07	-2.9432e+01
 1.0072e+01	 2.5217e+03	 1.3595e+00	 5.0719e-02	 2.9446e+02	 2.5603e+03	-8.7863e+01	 3.5226e+09	 1.3142e+08	-2.6805e+01
 1.0000e+06	 2.5576e+03	 1.2773e+00	-5.3992e-02	 2.9446e+02	 2.5691e+03	-9.2421e+01	-3.3330e+04	 1.4089e+03	 2.3657e+01
 3.1646e+05	 2.5576e+03	 1.2106e+00	 1.0304e-02	 2.9445e+02	 2.5718e+03	-8.9512e+01	 5.5189e+05	 4.6973e+03	-1.1749e+02
 1.0014e+05	 2.5576e+03	 1.2186e+00	 1.1450e-02	 2.9446e+02	 2.5745e+03	-8.9462e+01	 1.5694e+06	 1.4746e+04	-1.0643e+02
 3.1691e+04	 2.5576e+03	 1.2275e+00	 1.2856e-02	 2.9445e+02	 2.5772e+03	-8.9400e+01	 4.4169e+06	 4.6262e+04	-9.5475e+01
 1.0029e+04	 2.5576e+03	 1.2364e+00	 1.3895e-02	 2.9445e+02	 2.5796e+03	-8.9356e+01	 1.2914e+07	 1.4513e+05	-8.8980e+01
 3.1737e+03	 2.5576e+03	 1.2470e+00	 1.6381e-02	 2.9446e+02	 2.5821e+03	-8.9247e+01	 3.4616e+07	 4.5473e+05	-7.6124e+01
 1.0043e+03	 2.5576e+03	 1.2594e+00	 2.0364e-02	 2.9445e+02	 2.5846e+03	-8.9074e+01	 8.7991e+07	 1.4227e+06	-6.1846e+01
 3.1783e+02	 2.5576e+03	 1.2754e+00	 2.6928e-02	 2.9446e+02	 2.5871e+03	-8.8790e+01	 2.1027e+08	 4.4394e+06	-4.7364e+01
 1.0058e+02	 2.5576e+03	 1.2979e+00	 3.6153e-02	 2.9445e+02	 2.5899e+03	-8.8404e+01	 4.9491e+08	 1.3786e+07	-3.5900e+01
 3.1829e+01	 2.5576e+03	 1.3294e+00	 4.4788e-02	 2.9445e+02	 2.5928e+03	-8.8070e+01	 1.2624e+09	 4.2531e+07	-2.9681e+01
 1.0072e+01	 2.5576e+03	 1.3628e+00	 4.8989e-02	 2.9445e+02	 2.5958e+03	-8.7941e+01	 3.6471e+09	 1.3110e+08	-2.7819e+01
 1.0000e+06	 2.5930e+03	 1.2780e+00	-5.3807e-02	 2.9445e+02	 2.6050e+03	-9.2411e+01	-3.3445e+04	 1.4081e+03	 2.3752e+01
 3.1646e+05	 2.5930e+03	 1.2116e+00	 1.0464e-02	 2.9445e+02	 2.6076e+03	-8.9505e+01	 5.4344e+05	 4.6934e+03	-1.1579e+02
 1.0014e+05	 2.5930e+03	 1.2197e+00	 1.1652e-02	 2.9445e+02	 2.6103e+03	-8.9453e+01	 1.5422e+06	 1.4732e+04	-1.0468e+02
 3.1691e+04	 2.5930e+03	 1.2287e+00	 1.3082e-02	 2.9445e+02	 2.6129e+03	-8.9390e+01	 4.3407e+06	 4.6214e+04	-9.3925e+01
 1.0029e+04	 2.5930e+03	 1.2378e+00	 1.4212e-02	 2.9445e+02	 2.6156e+03	-8.9342e+01	 1.2626e+07	 1.4497e+05	-8.7096e+01
 3.1737e+03	 2.5930e+03	 1.2486e+00	 1.6732e-02	 2.9444e+02	 2.6180e+03	-8.9232e+01	 3.3888e+07	 4.5412e+05	-7.4623e+01
 1.0043e+03	 2.5930e+03	 1.2614e+00	 2.0930e-02	 2.9444e+02	 2.6208e+03	-8.9049e+01	 8.5609e+07	 1.4204e+06	-6.0270e+01
 3.1783e+02	 2.5930e+03	 1.2780e+00	 2.7697e-02	 2.9445e+02	 2.6232e+03	-8.8758e+01	 2.0443e+08	 4.4304e+06	-4.6142e+01
 1.0058e+02	 2.5930e+03	 1.3013e+00	 3.6908e-02	 2.9445e+02	 2.6260e+03	-8.8375e+01	 4.8478e+08	 1.3749e+07	-3.5259e+01
 3.1829e+01	 2.5930e+03	 1.3332e+00	 4.4190e-02	 2.9445e+02	 2.6289e+03	-8.8102e+01	 1.2795e+09	 4.2409e+07	-3.0170e+01
 1.0072e+01	 2.5930e+03	 1.3655e+00	 4.6157e-02	 2.9444e+02	 2.6319e+03	-8.8064e+01	 3.8708e+09	 1.3084e+08	-2.9585e+01
 1.0000e+06	 2.6291e+03	 1.2790e+00	-5.3757e-02	 2.9444e+02	 2.6413e+03	-9.2407e+01	-3.3476e+04	 1.4070e+03	 2.3792e+01
 3.1646e+05	 2.6291e+03	 1.2126e+00	 1.0643e-02	 2.9444e+02	 2.6437e+03	-8.9497e+01	 5.3433e+05	 4.6897e+03	-1.1394e+02
 1.0014e+05	 2.6291e+03	 1.2208e+00	 1.1857e-02	 2.9444e+02	 2.6467e+03	-8.9444e+01	 1.5155e+06	 1.4720e+04	-1.0296e+02
 3.1691e+04	 2.6291e+03	 1.2300e+00	 1.3329e-02	 2.9444e+02	 2.6495e+03	-8.9379e+01	 4.2602e+06	 4.6168e+04	-9.2275e+01
 1.0029e+04	 2.6291e+03	 1.2392e+00	 1.4496e-02	 2.9445e+02	 2.6519e+03	-8.9330e+01	 1.2379e+07	 1.4481e+05	-8.5484e+01
 3.1737e+03	 2.6291e+03	 1.2502e+00	 1.7110e-02	 2.9444e+02	 2.6544e+03	-8.9216e+01	 3.3140e+07	 4.5354e+05	-7.3070e+01
 1.0043e+03	 2.6291e+03	 1.2634e+00	 2.1520e-02	 2.9444e+02	 2.6571e+03	-8.9024e+01	 8.3262e+07	 1.4183e+06	-5.8707e+01
 3.1783e+02	 2.6291e+03	 1.2806e+00	 2.8403e-02	 2.9444e+02	 2.6596e+03	-8.8729e+01	 1.9935e+08	 4.4214e+06	-4.5087e+01
 1.0058e+02	 2.6291e+03	 1.3045e+00	 3.7419e-02	 2.9444e+02	 2.6624e+03	-8.8357e+01	 4.7816e+08	 1.3716e+07	-3.4862e+01
 3.1829e+01	 2.6291e+03	 1.3368e+00	 4.3933e-02	 2.9444e+02	 2.6654e+03	-8.8118e+01	 1.2869e+09	 4.2296e+07	-3.0427e+01
 1.0072e+01	 2.6291e+03	 1.3679e+00	 4.5544e-02	 2.9444e+02	 2.6684e+03	-8.8093e+01	 3.9229e+09	 1.3061e+08	-3.0036e+01
 1.0000e+06	 2.6656e+03	 1.2797e+00	-5.3525e-02	 2.9444e+02	 2.6775e+03	-9.2395e+01	-3.3621e+04	 1.4063e+03	 2.3908e+01
 3.1646e+05	 2.6656e+03	 1.2135e+00	 1.0800e-02	 2.9444e+02	 2.6800e+03	-8.9490e+01	 5.2655e+05	 4.6863e+03	-1.1236e+02
 1.0014e+05	 2.6656e+03	 1.2218e+00	 1.2047e-02	 2.9444e+02	 2.6828e+03	-8.9435e+01	 1.4916e+06	 1.4708e+04	-1.0142e+02
 3.1691e+04	 2.6656e+03	 1.2311e+00	 1.3526e-02	 2.9444e+02	 2.6854e+03	-8.9370e+01	 4.1980e+06	 4.6125e+04	-9.1014e+01
 1.0029e+04	 2.6656e+03	 1.2405e+00	 1.4796e-02	 2.9444e+02	 2.6879e+03	-8.9317e+01	 1.2127e+07	 1.4465e+05	-8.3840e+01
 3.1737e+03	 2.6656e+03	 1.2518e+00	 1.7575e-02	 2.9444e+02	 2.6903e+03	-8.9196e+01	 3.2263e+07	 4.5296e+05	-7.1226e+01
 1.0043e+03	 2.6656e+03	 1.2652e+00	 2.2093e-02	 2.9444e+02	 2.6929e+03	-8.9000e+01	 8.1104e+07	 1.4162e+06	-5.7270e+01
 3.1783e+02	 2.6656e+03	 1.2829e+00	 2.9088e-02	 2.9444e+02	 2.6954e+03	-8.8701e+01	 1.9465e+08	 4.4134e+06	-4.4105e+01
 1.0058e+02	 2.6656e+03	 1.3077e+00	 3.7969e-02	 2.9443e+02	 2.6981e+03	-8.8337e+01	 4.7123e+08	 1.3683e+07	-3.4440e+01
 3.1829e+01	 2.6656e+03	 1.3400e+00	 4.3525e-02	 2.9444e+02	 2.7009e+03	-8.8140e+01	 1.2990e+09	 4.2193e+07	-3.0787e+01
 1.0072e+01	 2.6656e+03	 1.3699e+00	 4.4570e-02	 2.9444e+02	 2.7041e+03	-8.8137e+01	 4.0086e+09	 1.3042e+08	-3.0737e+01
 1.0000e+06	 2.7014e+03	 1.2803e+00	-5.3327e-02	 2.9444e+02	 2.7134e+03	-9.2385e+01	-3.3746e+04	 1.4055e+03	 2.4009e+01
 3.1646e+05	 2.7014e+03	 1.2143e+00	 1.0958e-02	 2.9443e+02	 2.7159e+03	-8.9483e+01	 5.1895e+05	 4.6832e+03	-1.1081e+02
 1.0014e+05	 2.7014e+03	 1.2227e+00	 1.2238e-02	 2.9443e+02	 2.7187e+03	-8.9427e+01	 1.4684e+06	 1.4696e+04	-9.9916e+01
 3.1691e+04	 2.7014e+03	 1.2321e+00	 1.3770e-02	 2.9444e+02	 2.7212e+03	-8.9360e+01	 4.1239e+06	 4.6086e+04	-8.9482e+01
 1.0029e+04	 2.7014e+03	 1.2417e+00	 1.5038e-02	 2.9444e+02	 2.7240e+03	-8.9306e+01	 1.1932e+07	 1.4451e+05	-8.2566e+01
 3.1737e+03	 2.7014e+03	 1.2530e+00	 1.7900e-02	 2.9443e+02	 2.7265e+03	-8.9182e+01	 3.1677e+07	 4.5254e+05	-6.9998e+01
 1.0043e+03	 2.7014e+03	 1.2665e+00	 2.2449e-02	 2.9443e+02	 2.7292e+03	-8.8984e+01	 7.9816e+07	 1.4148e+06	-5.6414e+01
 3.1783e+02	 2.7014e+03	 1.2840e+00	 2.9416e-02	 2.9442e+02	 2.7317e+03	-8.8688e+01	 1.9248e+08	 4.4097e+06	-4.3650e+01
 1.0058e+02	 2.7014e+03	 1.3082e+00	 3.7929e-02	 2.9442e+02	 2.7345e+03	-8.8339e+01	 4.7173e+08	 1.3677e+07	-3.4490e+01
 3.1829e+01	 2.7014e+03	 1.3399e+00	 4.3470e-02	 2.9442e+02	 2.7374e+03	-8.8142e+01	 1.3007e+09	 4.2197e+07	-3.0823e+01
 1.0072e+01	 2.7014e+03	 1.3692e+00	 4.4133e-02	 2.9442e+02	 2.7404e+03	-8.8154e+01	 4.0483e+09	 1.3049e+08	-3.1025e+01
 1.0000e+06	 2.7376e+03	 1.2789e+00	-5.3469e-02	 2.9441e+02	 2.7494e+03	-9.2394e+01	-3.3657e+04	 1.4071e+03	 2.3919e+01
 3.1646e+05	 2.7376e+03	 1.2124e+00	 1.0725e-02	 2.9442e+02	 2.7519e+03	-8.9493e+01	 5.3022e+05	 4.6904e+03	-1.1304e+02
 1.0014e+05	 2.7376e+03	 1.2204e+00	 1.1883e-02	 2.9441e+02	 2.7547e+03	-8.9442e+01	 1.5122e+06	 1.4725e+04	-1.0270e+02
 3.1691e+04	 2.7376e+03	 1.2291e+00	 1.3277e-02	 2.9440e+02	 2.7573e+03	-8.9381e+01	 4.2769e+06	 4.6199e+04	-9.2575e+01
 1.0029e+04	 2.7376e+03	 1.2379e+00	 1.4309e-02	 2.9440e+02	 2.7600e+03	-8.9338e+01	 1.2541e+07	 1.4496e+05	-8.6511e+01
 3.1737e+03	 2.7376e+03	 1.2481e+00	 1.6727e-02	 2.9439e+02	 2.7624e+03	-8.9232e+01	 3.3898e+07	 4.5431e+05	-7.4615e+01
 1.0043e+03	 2.7376e+03	 1.2602e+00	 2.0772e-02	 2.9438e+02	 2.7650e+03	-8.9056e+01	 8.6259e+07	 1.4218e+06	-6.0667e+01
 3.1783e+02	 2.7376e+03	 1.2757e+00	 2.7262e-02	 2.9438e+02	 2.7676e+03	-8.8776e+01	 2.0769e+08	 4.4384e+06	-4.6794e+01
 1.0058e+02	 2.7376e+03	 1.2973e+00	 3.6470e-02	 2.9437e+02	 2.7703e+03	-8.8390e+01	 4.9061e+08	 1.3792e+07	-3.5571e+01
 3.1829e+01	 2.7376e+03	 1.3271e+00	 4.4835e-02	 2.9437e+02	 2.7733e+03	-8.8065e+01	 1.2611e+09	 4.2604e+07	-2.9600e+01
 1.0072e+01	 2.7376e+03	 1.3587e+00	 4.9052e-02	 2.9436e+02	 2.7763e+03	-8.7932e+01	 3.6423e+09	 1.3149e+08	-2.7700e+01
 1.0000e+06	 2.7736e+03	 1.2750e+00	-5.4035e-02	 2.9434e+02	 2.7853e+03	-9.2427e+01	-3.3304e+04	 1.4114e+03	 2.3597e+01
 3.1646e+05	 2.7736e+03	 1.2078e+00	 1.0039e-02	 2.9432e+02	 2.7879e+03	-8.9524e+01	 5.6645e+05	 4.7083e+03	-1.2031e+02
 1.0014e+05	 2.7736e+03	 1.2151e+00	 1.1081e-02	 2.9431e+02	 2.7909e+03	-8.9477e+01	 1.6216e+06	 1.4789e+04	-1.0965e+02
 3.1691e+04	 2.7736e+03	 1.2230e+00	 1.2290e-02	 2.9432e+02	 2.7935e+03	-8.9424e+01	 4.6204e+06	 4.6430e+04	-9.9512e+01
 1.0029e+04	 2.7736e+03	 1.2319e+00	 1.3656e-02	 2.9430e+02	 2.7963e+03	-8.9365e+01	 1.3140e+07	 1.4567e+05	-9.0208e+01
 3.1737e+03	 2.7736e+03	 1.2401e+00	 1.4948e-02	 2.9430e+02	 2.7987e+03	-8.9309e+01	 3.7932e+07	 4.5723e+05	-8.2961e+01
 1.0043e+03	 2.7736e+03	 1.2505e+00	 1.8098e-02	 2.9429e+02	 2.8012e+03	-8.9171e+01	 9.9008e+07	 1.4328e+06	-6.9100e+01
 3.1783e+02	 2.7736e+03	 1.2636e+00	 2.3651e-02	 2.9427e+02	 2.8038e+03	-8.8928e+01	 2.3940e+08	 4.4811e+06	-5.3425e+01
 1.0058e+02	 2.7736e+03	 1.2812e+00	 3.2410e-02	 2.9426e+02	 2.8068e+03	-8.8551e+01	 5.5207e+08	 1.3965e+07	-3.9532e+01
 3.1829e+01	 2.7736e+03	 1.3072e+00	 4.3585e-02	 2.9426e+02	 2.8097e+03	-8.8090e+01	 1.2972e+09	 4.3254e+07	-2.9991e+01
 1.0072e+01	 2.7736e+03	 1.3406e+00	 5.4396e-02	 2.9425e+02	 2.8126e+03	-8.7676e+01	 3.2845e+09	 1.3327e+08	-2.4646e+01
 1.0000e+06	 2.8099e+03	 1.2698e+00	-5.5209e-02	 2.9422e+02	 2.8219e+03	-9.2490e+01	-3.2596e+04	 1.4172e+03	 2.3000e+01
 3.1646e+05	 2.8099e+03	 1.2031e+00	 9.2754e-03	 2.9420e+02	 2.8244e+03	-8.9558e+01	 6.1309e+05	 4.7266e+03	-1.2971e+02
 1.0014e+05	 2.8099e+03	 1.2099e+00	 1.0236e-02	 2.9420e+02	 2.8271e+03	-8.9515e+01	 1.7556e+06	 1.4852e+04	-1.1820e+02
 3.1691e+04	 2.8099e+03	 1.2174e+00	 1.1330e-02	 2.9418e+02	 2.8297e+03	-8.9467e+01	 5.0117e+06	 4.6643e+04	-1.0745e+02
 1.0029e+04	 2.8099e+03	 1.2257e+00	 1.2483e-02	 2.9417e+02	 2.8323e+03	-8.9416e+01	 1.4374e+07	 1.4639e+05	-9.8188e+01
 3.1737e+03	 2.8099e+03	 1.2333e+00	 1.3404e-02	 2.9416e+02	 2.8347e+03	-8.9377e+01	 4.2303e+07	 4.5977e+05	-9.2008e+01
 1.0043e+03	 2.8099e+03	 1.2426e+00	 1.5844e-02	 2.9416e+02	 2.8372e+03	-8.9269e+01	 1.1309e+08	 1.4420e+06	-7.8426e+01
 3.1783e+02	 2.8099e+03	 1.2539e+00	 2.0350e-02	 2.9414e+02	 2.8399e+03	-8.9070e+01	 2.7824e+08	 4.5157e+06	-6.1615e+01
 1.0058e+02	 2.8099e+03	 1.2688e+00	 2.8197e-02	 2.9414e+02	 2.8426e+03	-8.8727e+01	 6.3455e+08	 1.4102e+07	-4.4997e+01
 3.1829e+01	 2.8099e+03	 1.2910e+00	 4.0954e-02	 2.9413e+02	 2.8455e+03	-8.8183e+01	 1.3806e+09	 4.3794e+07	-3.1524e+01
 1.0072e+01	 2.8099e+03	 1.3233e+00	 5.6732e-02	 2.9411e+02	 2.8487e+03	-8.7545e+01	 3.1493e+09	 1.3501e+08	-2.3325e+01
 1.0000e+06	 2.8459e+03	 1.2669e+00	-5.5635e-02	 2.9407e+02	 2.8578e+03	-9.2515e+01	-3.2346e+04	 1.4205e+03	 2.2771e+01
 3.1646e+05	 2.8459e+03	 1.1999e+00	 8.7066e-03	 2.9407e+02	 2.8602e+03	-8.9584e+01	 6.5314e+05	 4.7393e+03	-1.3781e+02
 1.0014e+05	 2.8459e+03	 1.2064e+00	 9.6117e-03	 2.9406e+02	 2.8630e+03	-8.9544e+01	 1.8696e+06	 1.4896e+04	-1.2551e+02
 3.1691e+04	 2.8459e+03	 1.2135e+00	 1.0611e-02	 2.9404e+02	 2.8657e+03	-8.9499e+01	 5.3514e+06	 4.6796e+04	-1.1436e+02
 1.0029e+04	 2.8459e+03	 1.2213e+00	 1.1646e-02	 2.9403e+02	 2.8685e+03	-8.9454e+01	 1.5408e+07	 1.4693e+05	-1.0487e+02
 3.1737e+03	 2.8459e+03	 1.2297e+00	 1.2902e-02	 2.9402e+02	 2.8709e+03	-8.9399e+01	 4.3949e+07	 4.6112e+05	-9.5308e+01
 1.0043e+03	 2.8459e+03	 1.2369e+00	 1.4224e-02	 2.9401e+02	 2.8734e+03	-8.9341e+01	 1.2597e+08	 1.4486e+06	-8.6960e+01
 3.1783e+02	 2.8459e+03	 1.2470e+00	 1.7994e-02	 2.9399e+02	 2.8761e+03	-8.9173e+01	 3.1467e+08	 4.5405e+06	-6.9303e+01
 1.0058e+02	 2.8459e+03	 1.2601e+00	 2.5059e-02	 2.9398e+02	 2.8788e+03	-8.8861e+01	 7.1402e+08	 1.4199e+07	-5.0285e+01
 3.1829e+01	 2.8459e+03	 1.2790e+00	 3.7766e-02	 2.9397e+02	 2.8817e+03	-8.8309e+01	 1.4971e+09	 4.4208e+07	-3.3865e+01
 1.0072e+01	 2.8459e+03	 1.3084e+00	 5.6788e-02	 2.9395e+02	 2.8847e+03	-8.7515e+01	 3.1462e+09	 1.3656e+08	-2.3039e+01
 1.0000e+06	 2.8819e+03	 1.2649e+00	-5.6133e-02	 2.9392e+02	 2.8936e+03	-9.2541e+01	-3.2059e+04	 1.4227e+03	 2.2535e+01
 3.1646e+05	 2.8819e+03	 1.1976e+00	 8.2894e-03	 2.9391e+02	 2.8961e+03	-8.9603e+01	 6.8602e+05	 4.7483e+03	-1.4448e+02
 1.0014e+05	 2.8819e+03	 1.2038e+00	 9.1134e-03	 2.9390e+02	 2.8987e+03	-8.9566e+01	 1.9718e+06	 1.4928e+04	-1.3209e+02
 3.1691e+04	 2.8819e+03	 1.2106e+00	 1.0055e-02	 2.9388e+02	 2.9015e+03	-8.9524e+01	 5.6474e+06	 4.6905e+04	-1.2040e+02
 1.0029e+04	 2.8819e+03	 1.2181e+00	 1.1031e-02	 2.9387e+02	 2.9039e+03	-8.9481e+01	 1.6267e+07	 1.4730e+05	-1.1043e+02
 3.1737e+03	 2.8819e+03	 1.2262e+00	 1.2059e-02	 2.9386e+02	 2.9064e+03	-8.9437e+01	 4.7021e+07	 4.6244e+05	-1.0168e+02
 1.0043e+03	 2.8819e+03	 1.2330e+00	 1.3120e-02	 2.9384e+02	 2.9089e+03	-8.9390e+01	 1.3657e+08	 1.4532e+06	-9.3977e+01
 3.1783e+02	 2.8819e+03	 1.2423e+00	 1.6325e-02	 2.9382e+02	 2.9114e+03	-8.9247e+01	 3.4683e+08	 4.5578e+06	-7.6096e+01
 1.0058e+02	 2.8819e+03	 1.2540e+00	 2.2631e-02	 2.9381e+02	 2.9141e+03	-8.8966e+01	 7.9062e+08	 1.4269e+07	-5.5410e+01
 3.1829e+01	 2.8819e+03	 1.2705e+00	 3.4417e-02	 2.9379e+02	 2.9169e+03	-8.8448e+01	 1.6428e+09	 4.4502e+07	-3.6915e+01
 1.0072e+01	 2.8819e+03	 1.2968e+00	 5.4454e-02	 2.9378e+02	 2.9199e+03	-8.7595e+01	 3.2810e+09	 1.3778e+08	-2.3814e+01
 1.0000e+06	 2.9172e+03	 1.2635e+00	-5.6424e-02	 2.9371e+02	 2.9291e+03	-9.2557e+01	-3.1894e+04	 1.4243e+03	 2.2393e+01
 3.1646e+05	 2.9172e+03	 1.1960e+00	 7.9298e-03	 2.9369e+02	 2.9316e+03	-8.9620e+01	 7.1712e+05	 4.7548e+03	-1.5082e+02
 1.0014e+05	 2.9172e+03	 1.2019e+00	 8.7578e-03	 2.9366e+02	 2.9345e+03	-8.9583e+01	 2.0519e+06	 1.4951e+04	-1.3724e+02
 3.1691e+04	 2.9172e+03	 1.2085e+00	 9.6787e-03	 2.9365e+02	 2.9371e+03	-8.9541e+01	 5.8670e+06	 4.6989e+04	-1.2486e+02
 1.0029e+04	 2.9172e+03	 1.2157e+00	 1.0553e-02	 2.9362e+02	 2.9395e+03	-8.9503e+01	 1.7004e+07	 1.4760e+05	-1.1520e+02
 3.1737e+03	 2.9172e+03	 1.2235e+00	 1.1535e-02	 2.9361e+02	 2.9420e+03	-8.9460e+01	 4.9157e+07	 4.6346e+05	-1.0607e+02
 1.0043e+03	 2.9172e+03	 1.2317e+00	 1.2912e-02	 2.9358e+02	 2.9445e+03	-8.9399e+01	 1.3877e+08	 1.4547e+06	-9.5396e+01
 3.1783e+02	 2.9172e+03	 1.2385e+00	 1.5000e-02	 2.9355e+02	 2.9471e+03	-8.9306e+01	 3.7748e+08	 4.5718e+06	-8.2568e+01
 1.0058e+02	 2.9172e+03	 1.2490e+00	 2.0737e-02	 2.9354e+02	 2.9496e+03	-8.9049e+01	 8.6280e+08	 1.4325e+07	-6.0231e+01
 3.1829e+01	 2.9172e+03	 1.2640e+00	 3.1984e-02	 2.9351e+02	 2.9524e+03	-8.8550e+01	 1.7677e+09	 4.4732e+07	-3.9518e+01
 1.0072e+01	 2.9172e+03	 1.2876e+00	 5.2298e-02	 2.9349e+02	 2.9553e+03	-8.7674e+01	 3.4163e+09	 1.3876e+08	-2.4620e+01
 1.0000e+06	 2.9526e+03	 1.2630e+00	-5.3640e-02	 2.9339e+02	 2.9645e+03	-9.2432e+01	-3.3549e+04	 1.4249e+03	 2.3546e+01
 3.1646e+05	 2.9526e+03	 1.1947e+00	 7.6668e-03	 2.9336e+02	 2.9672e+03	-8.9632e+01	 7.4172e+05	 4.7600e+03	-1.5582e+02
 1.0014e+05	 2.9526e+03	 1.2004e+00	 8.4251e-03	 2.9333e+02	 2.9699e+03	-8.9598e+01	 2.1329e+06	 1.4970e+04	-1.4248e+02
 3.1691e+04	 2.9526e+03	 1.2067e+00	 9.3104e-03	 2.9329e+02	 2.9726e+03	-8.9558e+01	 6.0990e+06	 4.7057e+04	-1.2961e+02
 1.0029e+04	 2.9526e+03	 1.2138e+00	 1.0144e-02	 2.9326e+02	 2.9751e+03	-8.9521e+01	 1.7689e+07	 1.4784e+05	-1.1965e+02
 3.1737e+03	 2.9526e+03	 1.2212e+00	 1.1033e-02	 2.9324e+02	 2.9775e+03	-8.9482e+01	 5.1393e+07	 4.6432e+05	-1.1068e+02
 1.0043e+03	 2.9526e+03	 1.2292e+00	 1.2216e-02	 2.9320e+02	 2.9801e+03	-8.9431e+01	 1.4668e+08	 1.4577e+06	-1.0062e+02
 3.1783e+02	 2.9526e+03	 1.2354e+00	 1.3966e-02	 2.9317e+02	 2.9825e+03	-8.9352e+01	 4.0543e+08	 4.5831e+06	-8.8460e+01
 1.0058e+02	 2.9526e+03	 1.2452e+00	 1.9137e-02	 2.9314e+02	 2.9850e+03	-8.9119e+01	 9.3494e+08	 1.4369e+07	-6.5065e+01
 3.1829e+01	 2.9526e+03	 1.2585e+00	 2.9583e-02	 2.9310e+02	 2.9877e+03	-8.8653e+01	 1.9112e+09	 4.4925e+07	-4.2542e+01
 1.0072e+01	 2.9526e+03	 1.2795e+00	 5.0628e-02	 2.9305e+02	 2.9909e+03	-8.7734e+01	 3.5289e+09	 1.3964e+08	-2.5272e+01
 1.0000e+06	 2.9881e+03	 1.2620e+00	-5.3793e-02	 2.9292e+02	 2.9999e+03	-9.2441e+01	-3.3454e+04	 1.4260e+03	 2.3461e+01
 3.1646e+05	 2.9881e+03	 1.1935e+00	 7.4005e-03	 2.9288e+02	 3.0024e+03	-8.9645e+01	 7.6842e+05	 4.7646e+03	-1.6128e+02
 1.0014e+05	 2.9881e+03	 1.1991e+00	 8.1247e-03	 2.9282e+02	 3.0054e+03	-8.9612e+01	 2.2117e+06	 1.4986e+04	-1.4759e+02
 3.1691e+04	 2.9881e+03	 1.2052e+00	 9.0001e-03	 2.9278e+02	 3.0079e+03	-8.9572e+01	 6.3093e+06	 4.7116e+04	-1.3391e+02
 1.0029e+04	 2.9881e+03	 1.2120e+00	 9.8170e-03	 2.9274e+02	 3.0104e+03	-8.9536e+01	 1.8278e+07	 1.4805e+05	-1.2346e+02
 3.1737e+03	 2.9881e+03	 1.2192e+00	 1.0606e-02	 2.9268e+02	 3.0129e+03	-8.9502e+01	 5.3463e+07	 4.6506e+05	-1.1496e+02
 1.0043e+03	 2.9881e+03	 1.2269e+00	 1.1659e-02	 2.9264e+02	 3.0154e+03	-8.9456e+01	 1.5368e+08	 1.4604e+06	-1.0523e+02
 3.1783e+02	 2.9881e+03	 1.2328e+00	 1.3099e-02	 2.9261e+02	 3.0178e+03	-8.9391e+01	 4.3225e+08	 4.5930e+06	-9.4112e+01
 1.0058e+02	 2.9881e+03	 1.2418e+00	 1.7540e-02	 2.9254e+02	 3.0204e+03	-8.9191e+01	 1.0201e+09	 1.4408e+07	-7.0798e+01
 3.1829e+01	 2.9881e+03	 1.2538e+00	 2.7608e-02	 2.9250e+02	 3.0232e+03	-8.8739e+01	 2.0479e+09	 4.5094e+07	-4.5414e+01
 1.0072e+01	 2.9881e+03	 1.2726e+00	 4.8498e-02	 2.9244e+02	 3.0262e+03	-8.7817e+01	 3.6840e+09	 1.4040e+08	-2.6239e+01
 1.0000e+06	 3.0235e+03	 1.2611e+00	-5.4001e-02	 2.9223e+02	 3.0353e+03	-9.2452e+01	-3.3325e+04	 1.4270e+03	 2.3354e+01
 3.1646e+05	 3.0235e+03	 1.1925e+00	 7.1794e-03	 2.9218e+02	 3.0377e+03	-8.9655e+01	 7.9208e+05	 4.7688e+03	-1.6610e+02
 1.0014e+05	 3.0235e+03	 1.1979e+00	 7.8754e-03	 2.9211e+02	 3.0406e+03	-8.9623e+01	 2.2818e+06	 1.5002e+04	-1.5210e+02
 3.1691e+04	 3.0235e+03	 1.2038e+00	 8.6839e-03	 2.9206e+02	 3.0431e+03	-8.9587e+01	 6.5391e+06	 4.7171e+04	-1.3863e+02
 1.0029e+04	 3.0235e+03	 1.2104e+00	 9.4805e-03	 2.9196e+02	 3.0458e+03	-8.9551e+01	 1.8927e+07	 1.4825e+05	-1.2767e+02
 3.1737e+03	 3.0235e+03	 1.2174e+00	 1.0193e-02	 2.9190e+02	 3.0482e+03	-8.9520e+01	 5.5631e+07	 4.6576e+05	-1.1944e+02
 1.0043e+03	 3.0235e+03	 1.2248e+00	 1.1127e-02	 2.9186e+02	 3.0509e+03	-8.9479e+01	 1.6103e+08	 1.4629e+06	-1.1007e+02
 3.1783e+02	 3.0235e+03	 1.2326e+00	 1.2976e-02	 2.9177e+02	 3.0535e+03	-8.9397e+01	 4.3635e+08	 4.5936e+06	-9.4990e+01
 1.0058e+02	 3.0235e+03	 1.2387e+00	 1.6223e-02	 2.9172e+02	 3.0560e+03	-8.9250e+01	 1.1029e+09	 1.4444e+07	-7.6355e+01
 3.1829e+01	 3.0235e+03	 1.2494e+00	 2.5493e-02	 2.9162e+02	 3.0588e+03	-8.8831e+01	 2.2178e+09	 4.5252e+07	-4.9011e+01
 1.0072e+01	 3.0235e+03	 1.2657e+00	 4.5334e-02	 2.9153e+02	 3.0619e+03	-8.7949e+01	 3.9411e+09	 1.4115e+08	-2.7920e+01
 1.0000e+06	 3.0591e+03	 1.2604e+00	-5.4176e-02	 2.9129e+02	 3.0709e+03	-9.2461e+01	-3.3217e+04	 1.4278e+03	 2.3264e+01
 3.1646e+05	 3.0591e+03	 1.1916e+00	 6.9593e-03	 2.9119e+02	 3.0734e+03	-8.9665e+01	 8.1713e+05	 4.7723e+03	-1.7122e+02
 1.0014e+05	 3.0591e+03	 1.1969e+00	 7.6412e-03	 2.9107e+02	 3.0763e+03	-8.9634e+01	 2.3517e+06	 1.5014e+04	-1.5663e+02
 3.1691e+04	 3.0591e+03	 1.2026e+00	 8.4362e-03	 2.9100e+02	 3.0789e+03	-8.9598e+01	 6.7311e+06	 4.7217e+04	-1.4256e+02
 1.0029e+04	 3.0591e+03	 1.2091e+00	 9.2063e-03	 2.9094e+02	 3.0814e+03	-8.9564e+01	 1.9491e+07	 1.4841e+05	-1.3133e+02
 3.1737e+03	 3.0591e+03	 1.2159e+00	 9.8721e-03	 2.9083e+02	 3.0839e+03	-8.9535e+01	 5.7437e+07	 4.6634e+05	-1.2316e+02
 1.0043e+03	 3.0591e+03	 1.2231e+00	 1.0719e-02	 2.9075e+02	 3.0864e+03	-8.9498e+01	 1.6716e+08	 1.4649e+06	-1.1411e+02
 3.1783e+02	 3.0591e+03	 1.2307e+00	 1.2296e-02	 2.9068e+02	 3.0888e+03	-8.9428e+01	 4.6048e+08	 4.6006e+06	-1.0009e+02
 1.0058e+02	 3.0591e+03	 1.2364e+00	 1.5072e-02	 2.9054e+02	 3.0915e+03	-8.9302e+01	 1.1871e+09	 1.4472e+07	-8.2030e+01
 3.1829e+01	 3.0591e+03	 1.2461e+00	 2.3280e-02	 2.9047e+02	 3.0942e+03	-8.8930e+01	 2.4287e+09	 4.5372e+07	-5.3529e+01
 1.0072e+01	 3.0591e+03	 1.2608e+00	 4.1834e-02	 2.9036e+02	 3.0972e+03	-8.8100e+01	 4.2708e+09	 1.4171e+08	-3.0138e+01
 1.0000e+06	 3.0945e+03	 1.2597e+00	-5.4330e-02	 2.8999e+02	 3.1065e+03	-9.2470e+01	-3.3123e+04	 1.4285e+03	 2.3187e+01
 3.1646e+05	 3.0945e+03	 1.1908e+00	 6.7349e-03	 2.8989e+02	 3.1089e+03	-8.9676e+01	 8.4435e+05	 4.7754e+03	-1.7681e+02
 1.0014e+05	 3.0945e+03	 1.1977e+00	 7.6504e-03	 2.8976e+02	 3.1117e+03	-8.9634e+01	 2.3489e+06	 1.5004e+04	-1.5655e+02
 3.1691e+04	 3.0945e+03	 1.2031e+00	 8.4150e-03	 2.8968e+02	 3.1142e+03	-8.9599e+01	 6.7480e+06	 4.7200e+04	-1.4297e+02
 1.0029e+04	 3.0945e+03	 1.2090e+00	 9.1288e-03	 2.8953e+02	 3.1169e+03	-8.9567e+01	 1.9656e+07	 1.4842e+05	-1.3243e+02
 3.1737e+03	 3.0945e+03	 1.2153e+00	 9.7207e-03	 2.8945e+02	 3.1194e+03	-8.9542e+01	 5.8332e+07	 4.6656e+05	-1.2502e+02
 1.0043e+03	 3.0945e+03	 1.2221e+00	 1.0453e-02	 2.8937e+02	 3.1218e+03	-8.9510e+01	 1.7141e+08	 1.4662e+06	-1.1691e+02
 3.1783e+02	 3.0945e+03	 1.2291e+00	 1.1783e-02	 2.8921e+02	 3.1245e+03	-8.9451e+01	 4.8054e+08	 4.6067e+06	-1.0431e+02
 1.0058e+02	 3.0945e+03	 1.2340e+00	 1.4029e-02	 2.8912e+02	 3.1271e+03	-8.9349e+01	 1.2754e+09	 1.4499e+07	-8.7961e+01
 3.1829e+01	 3.0945e+03	 1.2426e+00	 2.1361e-02	 2.8899e+02	 3.1299e+03	-8.9015e+01	 2.6469e+09	 4.5501e+07	-5.8173e+01
 1.0072e+01	 3.0945e+03	 1.2555e+00	 3.8246e-02	 2.8883e+02	 3.1330e+03	-8.8255e+01	 4.6715e+09	 1.4231e+08	-3.2827e+01
 1.0000e+06	 3.1302e+03	 1.2587e+00	-5.4571e-02	 2.8842e+02	 3.1418e+03	-9.2483e+01	-3.2977e+04	 1.4297e+03	 2.3065e+01
 3.1646e+05	 3.1302e+03	 1.1891e+00	 6.4711e-03	 2.8832e+02	 3.1442e+03	-8.9688e+01	 8.7877e+05	 4.7822e+03	-1.8376e+02
 1.0014e+05	 3.1302e+03	 1.1938e+00	 7.0483e-03	 2.8814e+02	 3.1469e+03	-8.9662e+01	 2.5495e+06	 1.5052e+04	-1.6938e+02
 3.1691e+04	 3.1302e+03	 1.1990e+00	 7.7616e-03	 2.8804e+02	 3.1495e+03	-8.9629e+01	 7.3161e+06	 4.7361e+04	-1.5448e+02
 1.0029e+04	 3.1302e+03	 1.2048e+00	 8.4921e-03	 2.8789e+02	 3.1522e+03	-8.9596e+01	 2.1130e+07	 1.4894e+05	-1.4187e+02
 3.1737e+03	 3.1302e+03	 1.2109e+00	 9.1381e-03	 2.8776e+02	 3.1547e+03	-8.9568e+01	 6.2051e+07	 4.6827e+05	-1.3251e+02
 1.0043e+03	 3.1302e+03	 1.2175e+00	 9.7646e-03	 2.8766e+02	 3.1573e+03	-8.9540e+01	 1.8350e+08	 1.4717e+06	-1.2468e+02
 3.1783e+02	 3.1302e+03	 1.2242e+00	 1.0862e-02	 2.8749e+02	 3.1598e+03	-8.9492e+01	 5.2126e+08	 4.6252e+06	-1.1270e+02
 1.0058e+02	 3.1302e+03	 1.2313e+00	 1.3500e-02	 2.8739e+02	 3.1623e+03	-8.9372e+01	 1.3253e+09	 1.4531e+07	-9.1206e+01
 3.1829e+01	 3.1302e+03	 1.2364e+00	 1.8838e-02	 2.8719e+02	 3.1652e+03	-8.9127e+01	 3.0013e+09	 4.5728e+07	-6.5634e+01
 1.0072e+01	 3.1302e+03	 1.2470e+00	 3.4138e-02	 2.8703e+02	 3.1682e+03	-8.8432e+01	 5.2336e+09	 1.4328e+08	-3.6529e+01
 1.0000e+06	 3.1654e+03	 1.2570e+00	-5.4914e-02	 2.8654e+02	 3.1769e+03	-9.2501e+01	-3.2771e+04	 1.4316e+03	 2.2890e+01
 3.1646e+05	 3.1654e+03	 1.1872e+00	 6.1167e-03	 2.8643e+02	 3.1794e+03	-8.9705e+01	 9.2970e+05	 4.7901e+03	-1.9409e+02
 1.0014e+05	 3.1654e+03	 1.1917e+00	 6.6649e-03	 2.8621e+02	 3.1821e+03	-8.9680e+01	 2.6962e+06	 1.5080e+04	-1.7880e+02
 3.1691e+04	 3.1654e+03	 1.1966e+00	 7.3549e-03	 2.8609e+02	 3.1847e+03	-8.9648e+01	 7.7206e+06	 4.7456e+04	-1.6269e+02
 1.0029e+04	 3.1654e+03	 1.2021e+00	 8.0562e-03	 2.8589e+02	 3.1874e+03	-8.9616e+01	 2.2273e+07	 1.4928e+05	-1.4921e+02
 3.1737e+03	 3.1654e+03	 1.2079e+00	 8.6476e-03	 2.8573e+02	 3.1899e+03	-8.9590e+01	 6.5571e+07	 4.6942e+05	-1.3968e+02
 1.0043e+03	 3.1654e+03	 1.2143e+00	 9.2575e-03	 2.8561e+02	 3.1924e+03	-8.9563e+01	 1.9355e+08	 1.4756e+06	-1.3117e+02
 3.1783e+02	 3.1654e+03	 1.2207e+00	 1.0156e-02	 2.8541e+02	 3.1949e+03	-8.9523e+01	 5.5754e+08	 4.6383e+06	-1.2020e+02
 1.0058e+02	 3.1654e+03	 1.2274e+00	 1.2302e-02	 2.8525e+02	 3.1974e+03	-8.9426e+01	 1.4544e+09	 1.4577e+07	-9.9773e+01
 3.1829e+01	 3.1654e+03	 1.2317e+00	 1.6773e-02	 2.8505e+02	 3.2002e+03	-8.9220e+01	 3.3708e+09	 4.5903e+07	-7.3433e+01
 1.0072e+01	 3.1654e+03	 1.2407e+00	 3.0405e-02	 2.8482e+02	 3.2033e+03	-8.8596e+01	 5.8762e+09	 1.4400e+08	-4.0807e+01
 1.0000e+06	 3.2005e+03	 1.2556e+00	-5.5211e-02	 2.8429e+02	 3.2122e+03	-9.2518e+01	-3.2594e+04	 1.4332e+03	 2.2743e+01
 3.1646e+05	 3.2005e+03	 1.1856e+00	 5.8176e-03	 2.8412e+02	 3.2147e+03	-8.9719e+01	 9.7750e+05	 4.7965e+03	-2.0380e+02
 1.0014e+05	 3.2005e+03	 1.1899e+00	 6.3162e-03	 2.8391e+02	 3.2176e+03	-8.9696e+01	 2.8450e+06	 1.5102e+04	-1.8838e+02
 3.1691e+04	 3.2005e+03	 1.1945e+00	 6.9660e-03	 2.8370e+02	 3.2202e+03	-8.9666e+01	 8.1517e+06	 4.7536e+04	-1.7148e+02
 1.0029e+04	 3.2005e+03	 1.1998e+00	 7.6609e-03	 2.8352e+02	 3.2227e+03	-8.9634e+01	 2.3423e+07	 1.4956e+05	-1.5661e+02
 3.1737e+03	 3.2005e+03	 1.2054e+00	 8.2813e-03	 2.8337e+02	 3.2251e+03	-8.9606e+01	 6.8471e+07	 4.7039e+05	-1.4556e+02
 1.0043e+03	 3.2005e+03	 1.2116e+00	 8.8571e-03	 2.8316e+02	 3.2276e+03	-8.9581e+01	 2.0230e+08	 1.4789e+06	-1.3679e+02
 3.1783e+02	 3.2005e+03	 1.2178e+00	 9.5891e-03	 2.8302e+02	 3.2301e+03	-8.9549e+01	 5.9047e+08	 4.6495e+06	-1.2700e+02
 1.0058e+02	 3.2005e+03	 1.2241e+00	 1.1262e-02	 2.8276e+02	 3.2329e+03	-8.9473e+01	 1.5888e+09	 1.4617e+07	-1.0870e+02
 3.1829e+01	 3.2005e+03	 1.2311e+00	 1.6006e-02	 2.8261e+02	 3.2356e+03	-8.9255e+01	 3.5323e+09	 4.5927e+07	-7.6911e+01
 1.0072e+01	 3.2005e+03	 1.2354e+00	 2.7656e-02	 2.8239e+02	 3.2387e+03	-8.8718e+01	 6.4603e+09	 1.4462e+08	-4.4670e+01
 1.0000e+06	 3.2359e+03	 1.2545e+00	-5.5398e-02	 2.8163e+02	 3.2480e+03	-9.2528e+01	-3.2484e+04	 1.4345e+03	 2.2645e+01
 3.1646e+05	 3.2359e+03	 1.1842e+00	 5.5539e-03	 2.8148e+02	 3.2505e+03	-8.9731e+01	 1.0239e+06	 4.8019e+03	-2.1323e+02
 1.0014e+05	 3.2359e+03	 1.1883e+00	 6.0033e-03	 2.8125e+02	 3.2534e+03	-8.9711e+01	 2.9933e+06	 1.5122e+04	-1.9794e+02
 3.1691e+04	 3.2359e+03	 1.1927e+00	 6.6355e-03	 2.8106e+02	 3.2561e+03	-8.9681e+01	 8.5577e+06	 4.7609e+04	-1.7975e+02
 1.0029e+04	 3.2359e+03	 1.1977e+00	 7.3112e-03	 2.8082e+02	 3.2587e+03	-8.9650e+01	 2.4543e+07	 1.4982e+05	-1.6382e+02
 3.1737e+03	 3.2359e+03	 1.2031e+00	 7.9295e-03	 2.8067e+02	 3.2612e+03	-8.9622e+01	 7.1509e+07	 4.7129e+05	-1.5173e+02
 1.0043e+03	 3.2359e+03	 1.2090e+00	 8.4522e-03	 2.8039e+02	 3.2638e+03	-8.9599e+01	 2.1199e+08	 1.4820e+06	-1.4304e+02
 3.1783e+02	 3.2359e+03	 1.2150e+00	 9.0708e-03	 2.8023e+02	 3.2662e+03	-8.9572e+01	 6.2421e+08	 4.6603e+06	-1.3394e+02
 1.0058e+02	 3.2359e+03	 1.2210e+00	 1.0620e-02	 2.8007e+02	 3.2688e+03	-8.9502e+01	 1.6848e+09	 1.4654e+07	-1.1497e+02
 3.1829e+01	 3.2359e+03	 1.2274e+00	 1.4362e-02	 2.7978e+02	 3.2717e+03	-8.9330e+01	 3.9367e+09	 4.6063e+07	-8.5464e+01
 1.0072e+01	 3.2359e+03	 1.2310e+00	 2.4562e-02	 2.7953e+02	 3.2746e+03	-8.8857e+01	 7.2741e+09	 1.4513e+08	-5.0120e+01
 1.0000e+06	 3.2719e+03	 1.2534e+00	-5.5646e-02	 2.7884e+02	 3.2835e+03	-9.2542e+01	-3.2340e+04	 1.4357e+03	 2.2525e+01
 3.1646e+05	 3.2719e+03	 1.1830e+00	 5.2714e-03	 2.7854e+02	 3.2862e+03	-8.9745e+01	 1.0788e+06	 4.8069e+03	-2.2442e+02
 1.0014e+05	 3.2719e+03	 1.1869e+00	 5.7060e-03	 2.7837e+02	 3.2890e+03	-8.9725e+01	 3.1493e+06	 1.5140e+04	-2.0801e+02
 3.1691e+04	 3.2719e+03	 1.1911e+00	 6.3317e-03	 2.7812e+02	 3.2916e+03	-8.9695e+01	 8.9683e+06	 4.7673e+04	-1.8812e+02
 1.0029e+04	 3.2719e+03	 1.1959e+00	 6.9724e-03	 2.7790e+02	 3.2941e+03	-8.9666e+01	 2.5736e+07	 1.5005e+05	-1.7151e+02
 3.1737e+03	 3.2719e+03	 1.2011e+00	 7.6397e-03	 2.7773e+02	 3.2965e+03	-8.9636e+01	 7.4221e+07	 4.7210e+05	-1.5721e+02
 1.0043e+03	 3.2719e+03	 1.2067e+00	 8.1468e-03	 2.7748e+02	 3.2991e+03	-8.9613e+01	 2.1994e+08	 1.4848e+06	-1.4813e+02
 3.1783e+02	 3.2719e+03	 1.2125e+00	 8.7223e-03	 2.7731e+02	 3.3016e+03	-8.9588e+01	 6.4915e+08	 4.6696e+06	-1.3902e+02
 1.0058e+02	 3.2719e+03	 1.2183e+00	 9.8791e-03	 2.7709e+02	 3.3041e+03	-8.9535e+01	 1.8111e+09	 1.4686e+07	-1.2332e+02
 3.1829e+01	 3.2719e+03	 1.2244e+00	 1.3209e-02	 2.7683e+02	 3.3068e+03	-8.9382e+01	 4.2803e+09	 4.6177e+07	-9.2695e+01
 1.0072e+01	 3.2719e+03	 1.2312e+00	 2.3188e-02	 2.7657e+02	 3.3099e+03	-8.8921e+01	 7.7051e+09	 1.4512e+08	-5.3095e+01
 1.0000e+06	 3.3071e+03	 1.2526e+00	-5.5864e-02	 2.7578e+02	 3.3188e+03	-9.2554e+01	-3.2213e+04	 1.4367e+03	 2.2422e+01
 3.1646e+05	 3.3071e+03	 1.1820e+00	 5.0318e-03	 2.7552e+02	 3.3214e+03	-8.9756e+01	 1.1301e+06	 4.8112e+03	-2.3490e+02
 1.0014e+05	 3.3071e+03	 1.1857e+00	 5.4220e-03	 2.7534e+02	 3.3241e+03	-8.9738e+01	 3.3142e+06	 1.5156e+04	-2.1868e+02
 3.1691e+04	 3.3071e+03	 1.1897e+00	 6.0176e-03	 2.7508e+02	 3.3267e+03	-8.9710e+01	 9.4364e+06	 4.7731e+04	-1.9770e+02
 1.0029e+04	 3.3071e+03	 1.1942e+00	 6.6629e-03	 2.7486e+02	 3.3292e+03	-8.9680e+01	 2.6931e+07	 1.5026e+05	-1.7923e+02
 3.1737e+03	 3.3071e+03	 1.1992e+00	 7.3519e-03	 2.7468e+02	 3.3316e+03	-8.9649e+01	 7.7126e+07	 4.7285e+05	-1.6311e+02
 1.0043e+03	 3.3071e+03	 1.2047e+00	 7.8926e-03	 2.7441e+02	 3.3341e+03	-8.9625e+01	 2.2702e+08	 1.4874e+06	-1.5263e+02
 3.1783e+02	 3.3071e+03	 1.2103e+00	 8.4137e-03	 2.7418e+02	 3.3366e+03	-8.9602e+01	 6.7297e+08	 4.6781e+06	-1.4385e+02
 1.0058e+02	 3.3071e+03	 1.2161e+00	 9.5599e-03	 2.7401e+02	 3.3391e+03	-8.9550e+01	 1.8716e+09	 1.4713e+07	-1.2720e+02
 3.1829e+01	 3.3071e+03	 1.2218e+00	 1.2816e-02	 2.7372e+02	 3.3419e+03	-8.9399e+01	 4.4118e+09	 4.6275e+07	-9.5339e+01
 1.0072e+01	 3.3071e+03	 1.2279e+00	 2.1893e-02	 2.7341e+02	 3.3449e+03	-8.8979e+01	 8.1610e+09	 1.4550e+08	-5.6088e+01
 1.0000e+06	 3.3422e+03	 1.2516e+00	-5.5999e-02	 2.7263e+02	 3.3538e+03	-9.2562e+01	-3.2136e+04	 1.4378e+03	 2.2351e+01
 3.1646e+05	 3.3422e+03	 1.1810e+00	 4.8061e-03	 2.7237e+02	 3.3564e+03	-8.9767e+01	 1.1832e+06	 4.8150e+03	-2.4573e+02
 1.0014e+05	 3.3422e+03	 1.1846e+00	 5.1738e-03	 2.7218e+02	 3.3591e+03	-8.9750e+01	 3.4732e+06	 1.5170e+04	-2.2895e+02
 3.1691e+04	 3.3422e+03	 1.1884e+00	 5.7813e-03	 2.7191e+02	 3.3617e+03	-8.9721e+01	 9.8220e+06	 4.7783e+04	-2.0555e+02
 1.0029e+04	 3.3422e+03	 1.1927e+00	 6.4150e-03	 2.7168e+02	 3.3642e+03	-8.9692e+01	 2.7972e+07	 1.5045e+05	-1.8593e+02
 3.1737e+03	 3.3422e+03	 1.1975e+00	 7.1061e-03	 2.7150e+02	 3.3666e+03	-8.9660e+01	 7.9794e+07	 4.7352e+05	-1.6851e+02
 1.0043e+03	 3.3422e+03	 1.2028e+00	 7.6455e-03	 2.7123e+02	 3.3691e+03	-8.9636e+01	 2.3436e+08	 1.4897e+06	-1.5732e+02
 3.1783e+02	 3.3422e+03	 1.2084e+00	 8.1781e-03	 2.7104e+02	 3.3716e+03	-8.9612e+01	 6.9235e+08	 4.6857e+06	-1.4776e+02
 1.0058e+02	 3.3422e+03	 1.2142e+00	 9.0153e-03	 2.7081e+02	 3.3740e+03	-8.9575e+01	 1.9846e+09	 1.4736e+07	-1.3468e+02
 3.1829e+01	 3.3422e+03	 1.2196e+00	 1.1761e-02	 2.7053e+02	 3.3768e+03	-8.9447e+01	 4.8073e+09	 4.6359e+07	-1.0370e+02
 1.0072e+01	 3.3422e+03	 1.2255e+00	 1.9770e-02	 2.7026e+02	 3.3798e+03	-8.9076e+01	 9.0371e+09	 1.4578e+08	-6.1989e+01
 1.0000e+06	 3.3771e+03	 1.2510e+00	-5.6250e-02	 2.6949e+02	 3.3887e+03	-9.2575e+01	-3.1993e+04	 1.4385e+03	 2.2240e+01
 3.1646e+05	 3.3771e+03	 1.1802e+00	 4.5857e-03	 2.6916e+02	 3.3915e+03	-8.9777e+01	 1.2401e+06	 4.8184e+03	-2.5736e+02
 1.0014e+05	 3.3771e+03	 1.1835e+00	 4.9848e-03	 2.6898e+02	 3.3942e+03	-8.9759e+01	 3.6049e+06	 1.5183e+04	-2.3743e+02
 3.1691e+04	 3.3771e+03	 1.1872e+00	 5.5156e-03	 2.6865e+02	 3.3969e+03	-8.9734e+01	 1.0295e+07	 4.7830e+04	-2.1525e+02
 1.0029e+04	 3.3771e+03	 1.1914e+00	 6.1443e-03	 2.6847e+02	 3.3994e+03	-8.9705e+01	 2.9204e+07	 1.5062e+05	-1.9390e+02
 3.1737e+03	 3.3771e+03	 1.1960e+00	 6.8251e-03	 2.6829e+02	 3.4019e+03	-8.9673e+01	 8.3080e+07	 4.7412e+05	-1.7523e+02
 1.0043e+03	 3.3771e+03	 1.2011e+00	 7.4428e-03	 2.6801e+02	 3.4044e+03	-8.9645e+01	 2.4075e+08	 1.4918e+06	-1.6138e+02
 3.1783e+02	 3.3771e+03	 1.2066e+00	 8.0210e-03	 2.6777e+02	 3.4069e+03	-8.9619e+01	 7.0592e+08	 4.6925e+06	-1.5044e+02
 1.0058e+02	 3.3771e+03	 1.2123e+00	 8.5806e-03	 2.6749e+02	 3.4095e+03	-8.9594e+01	 2.0852e+09	 1.4759e+07	-1.4128e+02
 3.1829e+01	 3.3771e+03	 1.2177e+00	 1.1249e-02	 2.6731e+02	 3.4122e+03	-8.9471e+01	 5.0264e+09	 4.6430e+07	-1.0826e+02
 1.0072e+01	 3.3771e+03	 1.2233e+00	 1.8154e-02	 2.6698e+02	 3.4152e+03	-8.9150e+01	 9.8417e+09	 1.4605e+08	-6.7388e+01
 1.0000e+06	 3.4124e+03	 1.2504e+00	-5.6293e-02	 2.6619e+02	 3.4240e+03	-9.2578e+01	-3.1968e+04	 1.4392e+03	 2.2212e+01
 3.1646e+05	 3.4124e+03	 1.1794e+00	 4.4030e-03	 2.6592e+02	 3.4266e+03	-8.9786e+01	 1.2915e+06	 4.8214e+03	-2.6787e+02
 1.0014e+05	 3.4124e+03	 1.1827e+00	 4.7699e-03	 2.6573e+02	 3.4292e+03	-8.9769e+01	 3.7673e+06	 1.5194e+04	-2.4795e+02
 3.1691e+04	 3.4124e+03	 1.1862e+00	 5.2841e-03	 2.6541e+02	 3.4319e+03	-8.9745e+01	 1.0746e+07	 4.7871e+04	-2.2448e+02
 1.0029e+04	 3.4124e+03	 1.1902e+00	 5.9125e-03	 2.6523e+02	 3.4344e+03	-8.9715e+01	 3.0349e+07	 1.5077e+05	-2.0130e+02
 3.1737e+03	 3.4124e+03	 1.1946e+00	 6.6197e-03	 2.6495e+02	 3.4370e+03	-8.9683e+01	 8.5658e+07	 4.7464e+05	-1.8047e+02
 1.0043e+03	 3.4124e+03	 1.1997e+00	 7.2514e-03	 2.6476e+02	 3.4395e+03	-8.9654e+01	 2.4710e+08	 1.4936e+06	-1.6544e+02
 3.1783e+02	 3.4124e+03	 1.2050e+00	 7.8791e-03	 2.6454e+02	 3.4420e+03	-8.9625e+01	 7.1862e+08	 4.6987e+06	-1.5294e+02
 1.0058e+02	 3.4124e+03	 1.2104e+00	 8.7972e-03	 2.6426e+02	 3.4446e+03	-8.9584e+01	 2.0339e+09	 1.4783e+07	-1.3758e+02
 3.1829e+01	 3.4124e+03	 1.2162e+00	 1.0784e-02	 2.6408e+02	 3.4474e+03	-8.9492e+01	 5.2427e+09	 4.6489e+07	-1.1277e+02
 1.0072e+01	 3.4124e+03	 1.2216e+00	 1.7223e-02	 2.6376e+02	 3.4504e+03	-8.9192e+01	 1.0374e+10	 1.4626e+08	-7.0927e+01
 1.0000e+06	 3.4476e+03	 1.2499e+00	-5.6512e-02	 2.6291e+02	 3.4594e+03	-9.2589e+01	-3.1844e+04	 1.4398e+03	 2.2118e+01
 3.1646e+05	 3.4476e+03	 1.1789e+00	 4.2405e-03	 2.6272e+02	 3.4619e+03	-8.9794e+01	 1.3410e+06	 4.8238e+03	-2.7800e+02
 1.0014e+05	 3.4476e+03	 1.1820e+00	 4.5575e-03	 2.6254e+02	 3.4645e+03	-8.9779e+01	 3.9429e+06	 1.5203e+04	-2.5936e+02
 3.1691e+04	 3.4476e+03	 1.1854e+00	 5.0782e-03	 2.6223e+02	 3.4672e+03	-8.9755e+01	 1.1182e+07	 4.7905e+04	-2.3342e+02
 1.0029e+04	 3.4476e+03	 1.1892e+00	 5.7038e-03	 2.6204e+02	 3.4697e+03	-8.9725e+01	 3.1460e+07	 1.5089e+05	-2.0849e+02
 3.1737e+03	 3.4476e+03	 1.1935e+00	 6.4338e-03	 2.6176e+02	 3.4724e+03	-8.9691e+01	 8.8133e+07	 4.7511e+05	-1.8550e+02
 1.0043e+03	 3.4476e+03	 1.1983e+00	 7.1329e-03	 2.6153e+02	 3.4748e+03	-8.9659e+01	 2.5120e+08	 1.4952e+06	-1.6800e+02
 3.1783e+02	 3.4476e+03	 1.2037e+00	 7.7800e-03	 2.6126e+02	 3.4775e+03	-8.9630e+01	 7.2778e+08	 4.7040e+06	-1.5472e+02
 1.0058e+02	 3.4476e+03	 1.2091e+00	 8.4291e-03	 2.6108e+02	 3.4799e+03	-8.9601e+01	 2.1227e+09	 1.4798e+07	-1.4345e+02
 3.1829e+01	 3.4476e+03	 1.2148e+00	 1.0536e-02	 2.6085e+02	 3.4826e+03	-8.9503e+01	 5.3664e+09	 4.6542e+07	-1.1530e+02
 1.0072e+01	 3.4476e+03	 1.2204e+00	 1.6469e-02	 2.6059e+02	 3.4857e+03	-8.9227e+01	 1.0849e+10	 1.4640e+08	-7.4103e+01
 1.0000e+06	 3.4829e+03	 1.2495e+00	-5.6635e-02	 2.5973e+02	 3.4947e+03	-9.2595e+01	-3.1775e+04	 1.4402e+03	 2.2062e+01
 3.1646e+05	 3.4829e+03	 1.1784e+00	 4.0826e-03	 2.5955e+02	 3.4971e+03	-8.9801e+01	 1.3929e+06	 4.8258e+03	-2.8864e+02
 1.0014e+05	 3.4829e+03	 1.1814e+00	 4.3685e-03	 2.5924e+02	 3.5000e+03	-8.9788e+01	 4.1135e+06	 1.5211e+04	-2.7044e+02
 3.1691e+04	 3.4829e+03	 1.1847e+00	 4.9067e-03	 2.5905e+02	 3.5026e+03	-8.9763e+01	 1.1573e+07	 4.7933e+04	-2.4144e+02
 1.0029e+04	 3.4829e+03	 1.1884e+00	 5.4858e-03	 2.5879e+02	 3.5051e+03	-8.9736e+01	 3.2710e+07	 1.5100e+05	-2.1663e+02
 3.1737e+03	 3.4829e+03	 1.1925e+00	 6.2530e-03	 2.5857e+02	 3.5076e+03	-8.9700e+01	 9.0681e+07	 4.7551e+05	-1.9070e+02
 1.0043e+03	 3.4829e+03	 1.1972e+00	 6.9577e-03	 2.5839e+02	 3.5100e+03	-8.9667e+01	 2.5753e+08	 1.4966e+06	-1.7207e+02
 3.1783e+02	 3.4829e+03	 1.2025e+00	 7.6672e-03	 2.5812e+02	 3.5127e+03	-8.9635e+01	 7.3849e+08	 4.7087e+06	-1.5683e+02
 1.0058e+02	 3.4829e+03	 1.2082e+00	 8.5111e-03	 2.5789e+02	 3.5151e+03	-8.9596e+01	 2.1022e+09	 1.4809e+07	-1.4195e+02
 3.1829e+01	 3.4829e+03	 1.2137e+00	 1.0328e-02	 2.5764e+02	 3.5179e+03	-8.9512e+01	 5.4743e+09	 4.6586e+07	-1.1751e+02
 1.0072e+01	 3.4829e+03	 1.2192e+00	 1.5850e-02	 2.5746e+02	 3.5209e+03	-8.9255e+01	 1.1272e+10	 1.4654e+08	-7.6922e+01
 1.0000e+06	 3.5181e+03	 1.2494e+00	-5.6695e-02	 2.5663e+02	 3.5299e+03	-9.2598e+01	-3.1741e+04	 1.4404e+03	 2.2037e+01
 3.1646e+05	 3.5181e+03	 1.1781e+00	 3.9454e-03	 2.5646e+02	 3.5324e+03	-8.9808e+01	 1.4413e+06	 4.8270e+03	-2.9860e+02
 1.0014e+05	 3.5181e+03	 1.1810e+00	 4.2307e-03	 2.5615e+02	 3.5351e+03	-8.9795e+01	 4.2474e+06	 1.5216e+04	-2.7915e+02
 3.1691e+04	 3.5181e+03	 1.1841e+00	 4.7090e-03	 2.5597e+02	 3.5377e+03	-8.9772e+01	 1.2059e+07	 4.7955e+04	-2.5146e+02
 1.0029e+04	 3.5181e+03	 1.1877e+00	 5.2865e-03	 2.5571e+02	 3.5401e+03	-8.9745e+01	 3.3943e+07	 1.5109e+05	-2.2466e+02
 3.1737e+03	 3.5181e+03	 1.1917e+00	 6.0184e-03	 2.5550e+02	 3.5426e+03	-8.9711e+01	 9.4216e+07	 4.7581e+05	-1.9801e+02
 1.0043e+03	 3.5181e+03	 1.1963e+00	 6.7784e-03	 2.5532e+02	 3.5450e+03	-8.9675e+01	 2.6434e+08	 1.4978e+06	-1.7648e+02
 3.1783e+02	 3.5181e+03	 1.2014e+00	 7.5553e-03	 2.5507e+02	 3.5477e+03	-8.9640e+01	 7.4942e+08	 4.7129e+06	-1.5901e+02
 1.0058e+02	 3.5181e+03	 1.2070e+00	 8.3979e-03	 2.5489e+02	 3.5501e+03	-8.9601e+01	 2.1306e+09	 1.4823e+07	-1.4373e+02
 3.1829e+01	 3.5181e+03	 1.2126e+00	 1.0180e-02	 2.5459e+02	 3.5530e+03	-8.9519e+01	 5.5540e+09	 4.6627e+07	-1.1912e+02
 1.0072e+01	 3.5181e+03	 1.2184e+00	 1.5156e-02	 2.5434e+02	 3.5562e+03	-8.9287e+01	 1.1788e+10	 1.4664e+08	-8.0390e+01
 1.0000e+06	 3.5534e+03	 1.2492e+00	-5.6769e-02	 2.5362e+02	 3.5652e+03	-9.2602e+01	-3.1700e+04	 1.4406e+03	 2.2005e+01
 3.1646e+05	 3.5534e+03	 1.1779e+00	 3.7931e-03	 2.5332e+02	 3.5679e+03	-8.9815e+01	 1.4992e+06	 4.8278e+03	-3.1053e+02
 1.0014e+05	 3.5534e+03	 1.1807e+00	 4.0856e-03	 2.5316e+02	 3.5706e+03	-8.9802e+01	 4.3983e+06	 1.5219e+04	-2.8900e+02
 3.1691e+04	 3.5534e+03	 1.1838e+00	 4.5380e-03	 2.5290e+02	 3.5732e+03	-8.9780e+01	 1.2513e+07	 4.7970e+04	-2.6085e+02
 1.0029e+04	 3.5534e+03	 1.1872e+00	 5.1104e-03	 2.5269e+02	 3.5757e+03	-8.9753e+01	 3.5113e+07	 1.5114e+05	-2.3231e+02
 3.1737e+03	 3.5534e+03	 1.1910e+00	 5.8130e-03	 2.5244e+02	 3.5785e+03	-8.9720e+01	 9.7544e+07	 4.7608e+05	-2.0489e+02
 1.0043e+03	 3.5534e+03	 1.1955e+00	 6.5955e-03	 2.5227e+02	 3.5809e+03	-8.9684e+01	 2.7167e+08	 1.4988e+06	-1.8126e+02
 3.1783e+02	 3.5534e+03	 1.2005e+00	 7.4226e-03	 2.5207e+02	 3.5834e+03	-8.9646e+01	 7.6282e+08	 4.7164e+06	-1.6174e+02
 1.0058e+02	 3.5534e+03	 1.2060e+00	 8.4748e-03	 2.5182e+02	 3.5861e+03	-8.9597e+01	 2.1112e+09	 1.4836e+07	-1.4231e+02
 3.1829e+01	 3.5534e+03	 1.2117e+00	 1.0069e-02	 2.5165e+02	 3.5888e+03	-8.9524e+01	 5.6152e+09	 4.6663e+07	-1.2034e+02
 1.0072e+01	 3.5534e+03	 1.2178e+00	 1.4588e-02	 2.5136e+02	 3.5918e+03	-8.9314e+01	 1.2247e+10	 1.4672e+08	-8.3476e+01
 1.0000e+06	 3.5891e+03	 1.2493e+00	-5.6898e-02	 2.5058e+02	 3.6009e+03	-9.2608e+01	-3.1628e+04	 1.4405e+03	 2.1956e+01
 3.1646e+05	 3.5891e+03	 1.1780e+00	 3.6841e-03	 2.5042e+02	 3.6034e+03	-8.9821e+01	 1.5435e+06	 4.8276e+03	-3.1974e+02
 1.0014e+05	 3.5891e+03	 1.1807e+00	 3.9552e-03	 2.5016e+02	 3.6060e+03	-8.9808e+01	 4.5434e+06	 1.5220e+04	-2.9851e+02
 3.1691e+04	 3.5891e+03	 1.1836e+00	 4.3696e-03	 2.5000e+02	 3.6087e+03	-8.9788e+01	 1.2995e+07	 4.7976e+04	-2.7088e+02
 1.0029e+04	 3.5891e+03	 1.1870e+00	 4.9439e-03	 2.4979e+02	 3.6112e+03	-8.9761e+01	 3.6295e+07	 1.5118e+05	-2.4009e+02
 3.1737e+03	 3.5891e+03	 1.1907e+00	 5.6173e-03	 2.4954e+02	 3.6137e+03	-8.9730e+01	 1.0094e+08	 4.7621e+05	-2.1197e+02
 1.0043e+03	 3.5891e+03	 1.1950e+00	 6.4089e-03	 2.4938e+02	 3.6162e+03	-8.9693e+01	 2.7958e+08	 1.4994e+06	-1.8647e+02
 3.1783e+02	 3.5891e+03	 1.1999e+00	 7.2746e-03	 2.4909e+02	 3.6190e+03	-8.9653e+01	 7.7834e+08	 4.7188e+06	-1.6495e+02
 1.0058e+02	 3.5891e+03	 1.2054e+00	 8.1897e-03	 2.4893e+02	 3.6215e+03	-8.9611e+01	 2.1847e+09	 1.4843e+07	-1.4719e+02
 3.1829e+01	 3.5891e+03	 1.2111e+00	 9.9651e-03	 2.4868e+02	 3.6244e+03	-8.9529e+01	 5.6737e+09	 4.6685e+07	-1.2153e+02
 1.0072e+01	 3.5891e+03	 1.2170e+00	 1.4306e-02	 2.4841e+02	 3.6274e+03	-8.9327e+01	 1.2488e+10	 1.4680e+08	-8.5069e+01
 1.0000e+06	 3.6247e+03	 1.2496e+00	-5.6986e-02	 2.4772e+02	 3.6364e+03	-9.2611e+01	-3.1579e+04	 1.4401e+03	 2.1928e+01
 3.1646e+05	 3.6247e+03	 1.1782e+00	 3.5672e-03	 2.4748e+02	 3.6390e+03	-8.9827e+01	 1.5942e+06	 4.8264e+03	-3.3030e+02
 1.0014e+05	 3.6247e+03	 1.1809e+00	 3.8207e-03	 2.4732e+02	 3.6417e+03	-8.9815e+01	 4.7033e+06	 1.5217e+04	-3.0908e+02
 3.1691e+04	 3.6247e+03	 1.1838e+00	 4.2280e-03	 2.4704e+02	 3.6443e+03	-8.9795e+01	 1.3431e+07	 4.7970e+04	-2.7998e+02
 1.0029e+04	 3.6247e+03	 1.1870e+00	 4.7922e-03	 2.4688e+02	 3.6467e+03	-8.9769e+01	 3.7444e+07	 1.5117e+05	-2.4770e+02
 3.1737e+03	 3.6247e+03	 1.1906e+00	 5.4799e-03	 2.4673e+02	 3.6492e+03	-8.9736e+01	 1.0347e+08	 4.7624e+05	-2.1728e+02
 1.0043e+03	 3.6247e+03	 1.1949e+00	 6.2520e-03	 2.4649e+02	 3.6518e+03	-8.9700e+01	 2.8660e+08	 1.4995e+06	-1.9112e+02
 3.1783e+02	 3.6247e+03	 1.1997e+00	 7.1215e-03	 2.4630e+02	 3.6543e+03	-8.9660e+01	 7.9507e+08	 4.7196e+06	-1.6846e+02
 1.0058e+02	 3.6247e+03	 1.2050e+00	 8.3001e-03	 2.4606e+02	 3.6570e+03	-8.9605e+01	 2.1557e+09	 1.4848e+07	-1.4518e+02
 3.1829e+01	 3.6247e+03	 1.2109e+00	 9.9772e-03	 2.4587e+02	 3.6598e+03	-8.9528e+01	 5.6669e+09	 4.6693e+07	-1.2137e+02
 1.0072e+01	 3.6247e+03	 1.2172e+00	 1.4538e-02	 2.4564e+02	 3.6629e+03	-8.9316e+01	 1.2289e+10	 1.4678e+08	-8.3724e+01
 1.0000e+06	 3.6602e+03	 1.2502e+00	-5.7001e-02	 2.4491e+02	 3.6719e+03	-9.2610e+01	-3.1571e+04	 1.4394e+03	 2.1933e+01
 3.1646e+05	 3.6602e+03	 1.1788e+00	 3.4915e-03	 2.4476e+02	 3.6743e+03	-8.9830e+01	 1.6287e+06	 4.8240e+03	-3.3763e+02
 1.0014e+05	 3.6602e+03	 1.1815e+00	 3.7434e-03	 2.4453e+02	 3.6772e+03	-8.9818e+01	 4.8004e+06	 1.5209e+04	-3.1562e+02
 3.1691e+04	 3.6602e+03	 1.1843e+00	 4.1418e-03	 2.4434e+02	 3.6798e+03	-8.9800e+01	 1.3710e+07	 4.7947e+04	-2.8594e+02
 1.0029e+04	 3.6602e+03	 1.1875e+00	 4.6805e-03	 2.4409e+02	 3.6825e+03	-8.9774e+01	 3.8338e+07	 1.5110e+05	-2.5372e+02
 3.1737e+03	 3.6602e+03	 1.1911e+00	 5.3584e-03	 2.4394e+02	 3.6849e+03	-8.9742e+01	 1.0582e+08	 4.7605e+05	-2.2229e+02
 1.0043e+03	 3.6602e+03	 1.1953e+00	 6.1410e-03	 2.4379e+02	 3.6874e+03	-8.9706e+01	 2.9178e+08	 1.4990e+06	-1.9465e+02
 3.1783e+02	 3.6602e+03	 1.2001e+00	 7.1355e-03	 2.4353e+02	 3.6899e+03	-8.9659e+01	 7.9351e+08	 4.7181e+06	-1.6819e+02
 1.0058e+02	 3.6602e+03	 1.2055e+00	 8.4911e-03	 2.4337e+02	 3.6924e+03	-8.9596e+01	 2.1072e+09	 1.4842e+07	-1.4198e+02
 3.1829e+01	 3.6602e+03	 1.2117e+00	 1.0605e-02	 2.4311e+02	 3.6953e+03	-8.9499e+01	 5.3314e+09	 4.6661e+07	-1.1426e+02
 1.0072e+01	 3.6602e+03	 1.2190e+00	 1.5220e-02	 2.4295e+02	 3.6982e+03	-8.9285e+01	 1.1739e+10	 1.4657e+08	-8.0091e+01
 1.0000e+06	 3.6956e+03	 1.2513e+00	-5.7006e-02	 2.4226e+02	 3.7073e+03	-9.2608e+01	-3.1568e+04	 1.4382e+03	 2.1950e+01
 3.1646e+05	 3.6956e+03	 1.1799e+00	 3.4994e-03	 2.4204e+02	 3.7100e+03	-8.9830e+01	 1.6250e+06	 4.8194e+03	-3.3718e+02
 1.0014e+05	 3.6956e+03	 1.1826e+00	 3.7040e-03	 2.4189e+02	 3.7127e+03	-8.9821e+01	 4.8514e+06	 1.5195e+04	-3.1928e+02
 3.1691e+04	 3.6956e+03	 1.1855e+00	 4.1106e-03	 2.4163e+02	 3.7153e+03	-8.9801e+01	 1.3814e+07	 4.7900e+04	-2.8840e+02
 1.0029e+04	 3.6956e+03	 1.1887e+00	 4.6386e-03	 2.4149e+02	 3.7177e+03	-8.9776e+01	 3.8684e+07	 1.5095e+05	-2.5626e+02
 3.1737e+03	 3.6956e+03	 1.1923e+00	 5.3681e-03	 2.4133e+02	 3.7204e+03	-8.9742e+01	 1.0563e+08	 4.7556e+05	-2.2212e+02
 1.0043e+03	 3.6956e+03	 1.1966e+00	 6.3284e-03	 2.4111e+02	 3.7228e+03	-8.9697e+01	 2.8314e+08	 1.4974e+06	-1.8908e+02
 3.1783e+02	 3.6956e+03	 1.2016e+00	 7.6675e-03	 2.4093e+02	 3.7252e+03	-8.9634e+01	 7.3845e+08	 4.7120e+06	-1.5672e+02
 1.0058e+02	 3.6956e+03	 1.2080e+00	 9.3445e-03	 2.4073e+02	 3.7280e+03	-8.9557e+01	 1.9147e+09	 1.4812e+07	-1.2927e+02
 3.1829e+01	 3.6956e+03	 1.2152e+00	 1.1508e-02	 2.4057e+02	 3.7307e+03	-8.9457e+01	 4.9129e+09	 4.6527e+07	-1.0559e+02
 1.0072e+01	 3.6956e+03	 1.2231e+00	 1.6013e-02	 2.4032e+02	 3.7339e+03	-8.9250e+01	 1.1157e+10	 1.4608e+08	-7.6379e+01
 1.0000e+06	 3.7312e+03	 1.2529e+00	-5.6922e-02	 2.3964e+02	 3.7432e+03	-9.2601e+01	-3.1615e+04	 1.4363e+03	 2.2011e+01
 3.1646e+05	 3.7312e+03	 1.1818e+00	 3.5385e-03	 2.3951e+02	 3.7457e+03	-8.9828e+01	 1.6071e+06	 4.8119e+03	-3.3398e+02
 1.0014e+05	 3.7312e+03	 1.1846e+00	 3.7705e-03	 2.3931e+02	 3.7486e+03	-8.9818e+01	 4.7659e+06	 1.5169e+04	-3.1419e+02
 3.1691e+04	 3.7312e+03	 1.1876e+00	 4.2047e-03	 2.3923e+02	 3.7512e+03	-8.9797e+01	 1.3505e+07	 4.7815e+04	-2.8244e+02
 1.0029e+04	 3.7312e+03	 1.1910e+00	 4.8291e-03	 2.3918e+02	 3.7537e+03	-8.9768e+01	 3.7158e+07	 1.5066e+05	-2.4663e+02
 3.1737e+03	 3.7312e+03	 1.1949e+00	 5.7776e-03	 2.3920e+02	 3.7562e+03	-8.9723e+01	 9.8142e+07	 4.7452e+05	-2.0682e+02
 1.0043e+03	 3.7312e+03	 1.1999e+00	 7.0966e-03	 2.3926e+02	 3.7586e+03	-8.9661e+01	 2.5249e+08	 1.4933e+06	-1.6909e+02
 3.1783e+02	 3.7312e+03	 1.2061e+00	 8.6121e-03	 2.3941e+02	 3.7612e+03	-8.9591e+01	 6.5746e+08	 4.6945e+06	-1.4005e+02
 1.0058e+02	 3.7312e+03	 1.2135e+00	 1.0213e-02	 2.3958e+02	 3.7638e+03	-8.9518e+01	 1.7519e+09	 1.4744e+07	-1.1882e+02
 3.1829e+01	 3.7312e+03	 1.2219e+00	 1.2633e-02	 2.3984e+02	 3.7667e+03	-8.9408e+01	 4.4754e+09	 4.6273e+07	-9.6717e+01
 1.0072e+01	 3.7312e+03	 1.2312e+00	 1.7546e-02	 2.4013e+02	 3.7697e+03	-8.9184e+01	 1.0183e+10	 1.4512e+08	-7.0169e+01
 1.0000e+06	 3.7670e+03	 1.2567e+00	-5.6581e-02	 2.4113e+02	 3.7786e+03	-9.2578e+01	-3.1805e+04	 1.4320e+03	 2.2211e+01
 3.1646e+05	 3.7670e+03	 1.1859e+00	 3.9280e-03	 2.4145e+02	 3.7811e+03	-8.9810e+01	 1.4477e+06	 4.7951e+03	-3.0191e+02
 1.0014e+05	 3.7670e+03	 1.1892e+00	 4.1837e-03	 2.4184e+02	 3.7837e+03	-8.9798e+01	 4.2952e+06	 1.5111e+04	-2.8424e+02
 3.1691e+04	 3.7670e+03	 1.1927e+00	 4.7027e-03	 2.4223e+02	 3.7865e+03	-8.9774e+01	 1.2075e+07	 4.7612e+04	-2.5361e+02
 1.0029e+04	 3.7670e+03	 1.1966e+00	 5.4291e-03	 2.4249e+02	 3.7890e+03	-8.9740e+01	 3.3051e+07	 1.4996e+05	-2.2040e+02
 3.1737e+03	 3.7670e+03	 1.2011e+00	 6.4259e-03	 2.4282e+02	 3.7916e+03	-8.9693e+01	 8.8241e+07	 4.7211e+05	-1.8691e+02
 1.0043e+03	 3.7670e+03	 1.2064e+00	 7.7725e-03	 2.4321e+02	 3.7942e+03	-8.9631e+01	 2.3053e+08	 1.4852e+06	-1.5522e+02
 3.1783e+02	 3.7670e+03	 1.2127e+00	 9.3159e-03	 2.4346e+02	 3.7967e+03	-8.9560e+01	 6.0779e+08	 4.6689e+06	-1.3018e+02
 1.0058e+02	 3.7670e+03	 1.2201e+00	 1.1097e-02	 2.4390e+02	 3.7995e+03	-8.9479e+01	 1.6124e+09	 1.4665e+07	-1.0995e+02
 3.1829e+01	 3.7670e+03	 1.2282e+00	 1.3527e-02	 2.4414e+02	 3.8023e+03	-8.9369e+01	 4.1798e+09	 4.6036e+07	-9.0795e+01
 1.0072e+01	 3.7670e+03	 1.2330e+00	 1.6698e-02	 2.4453e+02	 3.8055e+03	-8.9224e+01	 1.0700e+10	 1.4490e+08	-7.3844e+01
 1.0000e+06	 3.8029e+03	 1.2591e+00	-5.6242e-02	 2.4562e+02	 3.8146e+03	-9.2558e+01	-3.1997e+04	 1.4293e+03	 2.2387e+01
 3.1646e+05	 3.8029e+03	 1.1881e+00	 4.2160e-03	 2.4599e+02	 3.8173e+03	-8.9797e+01	 1.3488e+06	 4.7862e+03	-2.8181e+02
 1.0014e+05	 3.8029e+03	 1.1912e+00	 4.4845e-03	 2.4621e+02	 3.8200e+03	-8.9784e+01	 4.0071e+06	 1.5085e+04	-2.6563e+02
 3.1691e+04	 3.8029e+03	 1.1946e+00	 4.9634e-03	 2.4652e+02	 3.8226e+03	-8.9762e+01	 1.1441e+07	 4.7535e+04	-2.4068e+02
 1.0029e+04	 3.8029e+03	 1.1984e+00	 5.5810e-03	 2.4677e+02	 3.8251e+03	-8.9733e+01	 3.2152e+07	 1.4973e+05	-2.1474e+02
 3.1737e+03	 3.8029e+03	 1.2027e+00	 6.3658e-03	 2.4698e+02	 3.8275e+03	-8.9697e+01	 8.9074e+07	 4.7145e+05	-1.8894e+02
 1.0043e+03	 3.8029e+03	 1.2077e+00	 7.3229e-03	 2.4728e+02	 3.8302e+03	-8.9653e+01	 2.4469e+08	 1.4836e+06	-1.6493e+02
 3.1783e+02	 3.8029e+03	 1.2134e+00	 8.3632e-03	 2.4751e+02	 3.8328e+03	-8.9605e+01	 6.7703e+08	 4.6663e+06	-1.4509e+02
 1.0058e+02	 3.8029e+03	 1.2197e+00	 9.7544e-03	 2.4779e+02	 3.8355e+03	-8.9542e+01	 1.8343e+09	 1.4669e+07	-1.2504e+02
 3.1829e+01	 3.8029e+03	 1.2268e+00	 1.1970e-02	 2.4798e+02	 3.8382e+03	-8.9441e+01	 4.7235e+09	 4.6086e+07	-1.0249e+02
 1.0072e+01	 3.8029e+03	 1.2305e+00	 1.5321e-02	 2.4830e+02	 3.8414e+03	-8.9287e+01	 1.1661e+10	 1.4520e+08	-8.0313e+01
 1.0000e+06	 3.8386e+03	 1.2591e+00	-5.6128e-02	 2.4914e+02	 3.8506e+03	-9.2552e+01	-3.2062e+04	 1.4292e+03	 2.2433e+01
 3.1646e+05	 3.8386e+03	 1.1883e+00	 4.2943e-03	 2.4932e+02	 3.8531e+03	-8.9793e+01	 1.3242e+06	 4.7856e+03	-2.7672e+02
 1.0014e+05	 3.8386e+03	 1.1915e+00	 4.6365e-03	 2.4958e+02	 3.8559e+03	-8.9777e+01	 3.8757e+06	 1.5082e+04	-2.5698e+02
 3.1691e+04	 3.8386e+03	 1.1950e+00	 5.1759e-03	 2.4980e+02	 3.8584e+03	-8.9752e+01	 1.0971e+07	 4.7519e+04	-2.3088e+02
 1.0029e+04	 3.8386e+03	 1.1990e+00	 5.8122e-03	 2.5006e+02	 3.8612e+03	-8.9722e+01	 3.0873e+07	 1.4966e+05	-2.0628e+02
 3.1737e+03	 3.8386e+03	 1.2034e+00	 6.6027e-03	 2.5024e+02	 3.8637e+03	-8.9686e+01	 8.5878e+07	 4.7118e+05	-1.8226e+02
 1.0043e+03	 3.8386e+03	 1.2086e+00	 7.5158e-03	 2.5054e+02	 3.8666e+03	-8.9644e+01	 2.3840e+08	 1.4825e+06	-1.6081e+02
 3.1783e+02	 3.8386e+03	 1.2145e+00	 8.5284e-03	 2.5071e+02	 3.8690e+03	-8.9598e+01	 6.6391e+08	 4.6622e+06	-1.4240e+02
 1.0058e+02	 3.8386e+03	 1.2208e+00	 9.6783e-03	 2.5097e+02	 3.8718e+03	-8.9546e+01	 1.8487e+09	 1.4656e+07	-1.2614e+02
 3.1829e+01	 3.8386e+03	 1.2278e+00	 1.1881e-02	 2.5118e+02	 3.8745e+03	-8.9446e+01	 4.7589e+09	 4.6048e+07	-1.0335e+02
 1.0072e+01	 3.8386e+03	 1.2314e+00	 1.5034e-02	 2.5142e+02	 3.8775e+03	-8.9301e+01	 1.1884e+10	 1.4509e+08	-8.1908e+01
 1.0000e+06	 3.8748e+03	 1.2591e+00	-5.6181e-02	 2.5222e+02	 3.8868e+03	-9.2555e+01	-3.2032e+04	 1.4292e+03	 2.2412e+01
 3.1646e+05	 3.8748e+03	 1.1883e+00	 4.4130e-03	 2.5238e+02	 3.8892e+03	-8.9787e+01	 1.2886e+06	 4.7854e+03	-2.6928e+02
 1.0014e+05	 3.8748e+03	 1.1916e+00	 4.7734e-03	 2.5268e+02	 3.8921e+03	-8.9770e+01	 3.7646e+06	 1.5080e+04	-2.4964e+02
 3.1691e+04	 3.8748e+03	 1.1952e+00	 5.3704e-03	 2.5285e+02	 3.8947e+03	-8.9743e+01	 1.0574e+07	 4.7509e+04	-2.2256e+02
 1.0029e+04	 3.8748e+03	 1.1994e+00	 6.0454e-03	 2.5311e+02	 3.8973e+03	-8.9711e+01	 2.9682e+07	 1.4961e+05	-1.9840e+02
 3.1737e+03	 3.8748e+03	 1.2040e+00	 6.8303e-03	 2.5333e+02	 3.8998e+03	-8.9675e+01	 8.3017e+07	 4.7096e+05	-1.7627e+02
 1.0043e+03	 3.8748e+03	 1.2094e+00	 7.7491e-03	 2.5358e+02	 3.9025e+03	-8.9633e+01	 2.3123e+08	 1.4816e+06	-1.5607e+02
 3.1783e+02	 3.8748e+03	 1.2154e+00	 8.7002e-03	 2.5375e+02	 3.9050e+03	-8.9590e+01	 6.5080e+08	 4.6588e+06	-1.3969e+02
 1.0058e+02	 3.8748e+03	 1.2220e+00	 9.7681e-03	 2.5392e+02	 3.9075e+03	-8.9542e+01	 1.8317e+09	 1.4642e+07	-1.2510e+02
 3.1829e+01	 3.8748e+03	 1.2289e+00	 1.1923e-02	 2.5422e+02	 3.9103e+03	-8.9444e+01	 4.7421e+09	 4.6009e+07	-1.0307e+02
 1.0072e+01	 3.8748e+03	 1.2323e+00	 1.5931e-02	 2.5447e+02	 3.9134e+03	-8.9259e+01	 1.1215e+10	 1.4498e+08	-7.7356e+01
 1.0000e+06	 3.9107e+03	 1.2590e+00	-5.5976e-02	 2.5518e+02	 3.9223e+03	-9.2546e+01	-3.2149e+04	 1.4293e+03	 2.2492e+01
 3.1646e+05	 3.9107e+03	 1.1882e+00	 4.5427e-03	 2.5543e+02	 3.9247e+03	-8.9781e+01	 1.2518e+06	 4.7858e+03	-2.6157e+02
 1.0014e+05	 3.9107e+03	 1.1916e+00	 4.9188e-03	 2.5563e+02	 3.9275e+03	-8.9763e+01	 3.6533e+06	 1.5081e+04	-2.4225e+02
 3.1691e+04	 3.9107e+03	 1.1953e+00	 5.5483e-03	 2.5589e+02	 3.9301e+03	-8.9734e+01	 1.0235e+07	 4.7506e+04	-2.1544e+02
 1.0029e+04	 3.9107e+03	 1.1996e+00	 6.2730e-03	 2.5605e+02	 3.9326e+03	-8.9700e+01	 2.8605e+07	 1.4958e+05	-1.9123e+02
 3.1737e+03	 3.9107e+03	 1.2044e+00	 7.1625e-03	 2.5627e+02	 3.9351e+03	-8.9659e+01	 7.9167e+07	 4.7081e+05	-1.6815e+02
 1.0043e+03	 3.9107e+03	 1.2100e+00	 7.9892e-03	 2.5652e+02	 3.9375e+03	-8.9622e+01	 2.2428e+08	 1.4809e+06	-1.5145e+02
 3.1783e+02	 3.9107e+03	 1.2161e+00	 8.8808e-03	 2.5668e+02	 3.9401e+03	-8.9582e+01	 6.3757e+08	 4.6561e+06	-1.3693e+02
 1.0058e+02	 3.9107e+03	 1.2227e+00	 1.0067e-02	 2.5694e+02	 3.9428e+03	-8.9528e+01	 1.7774e+09	 1.4633e+07	-1.2146e+02
 3.1829e+01	 3.9107e+03	 1.2296e+00	 1.2248e-02	 2.5714e+02	 3.9456e+03	-8.9429e+01	 4.6163e+09	 4.5981e+07	-1.0039e+02
 1.0072e+01	 3.9107e+03	 1.2334e+00	 1.6375e-02	 2.5739e+02	 3.9485e+03	-8.9239e+01	 1.0911e+10	 1.4486e+08	-7.5320e+01
 1.0000e+06	 3.9458e+03	 1.2586e+00	-5.5991e-02	 2.5817e+02	 3.9575e+03	-9.2547e+01	-3.2140e+04	 1.4298e+03	 2.2479e+01
 3.1646e+05	 3.9458e+03	 1.1879e+00	 4.6529e-03	 2.5834e+02	 3.9600e+03	-8.9776e+01	 1.2222e+06	 4.7870e+03	-2.5531e+02
 1.0014e+05	 3.9458e+03	 1.1914e+00	 5.0753e-03	 2.5859e+02	 3.9627e+03	-8.9756e+01	 3.5406e+06	 1.5083e+04	-2.3475e+02
 3.1691e+04	 3.9458e+03	 1.1952e+00	 5.7232e-03	 2.5879e+02	 3.9653e+03	-8.9726e+01	 9.9219e+06	 4.7510e+04	-2.0884e+02
 1.0029e+04	 3.9458e+03	 1.1996e+00	 6.4743e-03	 2.5905e+02	 3.9680e+03	-8.9691e+01	 2.7716e+07	 1.4958e+05	-1.8529e+02
 3.1737e+03	 3.9458e+03	 1.2046e+00	 7.3822e-03	 2.5922e+02	 3.9706e+03	-8.9649e+01	 7.6810e+07	 4.7071e+05	-1.6318e+02
 1.0043e+03	 3.9458e+03	 1.2103e+00	 8.1981e-03	 2.5942e+02	 3.9731e+03	-8.9612e+01	 2.1856e+08	 1.4804e+06	-1.4763e+02
 3.1783e+02	 3.9458e+03	 1.2166e+00	 9.0223e-03	 2.5967e+02	 3.9757e+03	-8.9575e+01	 6.2757e+08	 4.6542e+06	-1.3484e+02
 1.0058e+02	 3.9458e+03	 1.2231e+00	 1.0055e-02	 2.5987e+02	 3.9782e+03	-8.9529e+01	 1.7794e+09	 1.4629e+07	-1.2164e+02
 3.1829e+01	 3.9458e+03	 1.2301e+00	 1.2449e-02	 2.6012e+02	 3.9810e+03	-8.9420e+01	 4.5417e+09	 4.5962e+07	-9.8813e+01
 1.0072e+01	 3.9458e+03	 1.2339e+00	 1.7083e-02	 2.6036e+02	 3.9840e+03	-8.9207e+01	 1.0459e+10	 1.4480e+08	-7.2230e+01
 1.0000e+06	 3.9813e+03	 1.2581e+00	-5.5954e-02	 2.6105e+02	 3.9929e+03	-9.2547e+01	-3.2162e+04	 1.4304e+03	 2.2484e+01
 3.1646e+05	 3.9813e+03	 1.1875e+00	 4.7683e-03	 2.6121e+02	 3.9953e+03	-8.9770e+01	 1.1926e+06	 4.7888e+03	-2.4904e+02
 1.0014e+05	 3.9813e+03	 1.1911e+00	 5.2402e-03	 2.6150e+02	 3.9981e+03	-8.9748e+01	 3.4292e+06	 1.5087e+04	-2.2729e+02
 3.1691e+04	 3.9813e+03	 1.1950e+00	 5.8918e-03	 2.6166e+02	 4.0007e+03	-8.9718e+01	 9.6379e+06	 4.7519e+04	-2.0282e+02
 1.0029e+04	 3.9813e+03	 1.1996e+00	 6.6668e-03	 2.6191e+02	 4.0033e+03	-8.9682e+01	 2.6915e+07	 1.4959e+05	-1.7993e+02
 3.1737e+03	 3.9813e+03	 1.2047e+00	 7.5164e-03	 2.6213e+02	 4.0058e+03	-8.9643e+01	 7.5439e+07	 4.7068e+05	-1.6028e+02
 1.0043e+03	 3.9813e+03	 1.2105e+00	 8.3517e-03	 2.6237e+02	 4.0085e+03	-8.9605e+01	 2.1454e+08	 1.4802e+06	-1.4494e+02
 3.1783e+02	 3.9813e+03	 1.2169e+00	 9.1438e-03	 2.6253e+02	 4.0110e+03	-8.9569e+01	 6.1923e+08	 4.6530e+06	-1.3308e+02
 1.0058e+02	 3.9813e+03	 1.2235e+00	 1.0230e-02	 2.6274e+02	 4.0135e+03	-8.9521e+01	 1.7490e+09	 1.4624e+07	-1.1960e+02
 3.1829e+01	 3.9813e+03	 1.2306e+00	 1.2968e-02	 2.6299e+02	 4.0165e+03	-8.9396e+01	 4.3600e+09	 4.5945e+07	-9.4896e+01
 1.0072e+01	 3.9813e+03	 1.2344e+00	 1.7811e-02	 2.6324e+02	 4.0196e+03	-8.9173e+01	 1.0031e+10	 1.4473e+08	-6.9306e+01
 1.0000e+06	 4.0168e+03	 1.2574e+00	-5.5781e-02	 2.6393e+02	 4.0283e+03	-9.2540e+01	-3.2261e+04	 1.4311e+03	 2.2542e+01
 3.1646e+05	 4.0168e+03	 1.1870e+00	 4.8963e-03	 2.6422e+02	 4.0309e+03	-8.9764e+01	 1.1614e+06	 4.7906e+03	-2.4243e+02
 1.0014e+05	 4.0168e+03	 1.1907e+00	 5.4114e-03	 2.6439e+02	 4.0336e+03	-8.9740e+01	 3.3207e+06	 1.5092e+04	-2.2003e+02
 3.1691e+04	 4.0168e+03	 1.1947e+00	 6.0698e-03	 2.6463e+02	 4.0363e+03	-8.9709e+01	 9.3552e+06	 4.7529e+04	-1.9683e+02
 1.0029e+04	 4.0168e+03	 1.1994e+00	 6.8798e-03	 2.6484e+02	 4.0387e+03	-8.9671e+01	 2.6082e+07	 1.4961e+05	-1.7434e+02
 3.1737e+03	 4.0168e+03	 1.2047e+00	 7.7144e-03	 2.6500e+02	 4.0413e+03	-8.9633e+01	 7.3502e+07	 4.7070e+05	-1.5616e+02
 1.0043e+03	 4.0168e+03	 1.2107e+00	 8.5535e-03	 2.6526e+02	 4.0439e+03	-8.9595e+01	 2.0948e+08	 1.4800e+06	-1.4154e+02
 3.1783e+02	 4.0168e+03	 1.2171e+00	 9.3003e-03	 2.6542e+02	 4.0463e+03	-8.9562e+01	 6.0881e+08	 4.6521e+06	-1.3087e+02
 1.0058e+02	 4.0168e+03	 1.2238e+00	 1.0527e-02	 2.6571e+02	 4.0491e+03	-8.9507e+01	 1.6996e+09	 1.4620e+07	-1.1625e+02
 3.1829e+01	 4.0168e+03	 1.2309e+00	 1.3218e-02	 2.6587e+02	 4.0518e+03	-8.9385e+01	 4.2774e+09	 4.5933e+07	-9.3123e+01
 1.0072e+01	 4.0168e+03	 1.2350e+00	 1.8695e-02	 2.6615e+02	 4.0548e+03	-8.9133e+01	 9.5567e+09	 1.4467e+08	-6.6060e+01
 1.0000e+06	 4.0521e+03	 1.2570e+00	-5.5608e-02	 2.6692e+02	 4.0640e+03	-9.2533e+01	-3.2362e+04	 1.4317e+03	 2.2604e+01
 3.1646e+05	 4.0521e+03	 1.1865e+00	 5.0416e-03	 2.6709e+02	 4.0664e+03	-8.9757e+01	 1.1280e+06	 4.7927e+03	-2.3535e+02
 1.0014e+05	 4.0521e+03	 1.1903e+00	 5.5198e-03	 2.6733e+02	 4.0692e+03	-8.9734e+01	 3.2555e+06	 1.5097e+04	-2.1564e+02
 3.1691e+04	 4.0521e+03	 1.1944e+00	 6.2177e-03	 2.6754e+02	 4.0719e+03	-8.9702e+01	 9.1327e+06	 4.7541e+04	-1.9210e+02
 1.0029e+04	 4.0521e+03	 1.1992e+00	 7.0313e-03	 2.6778e+02	 4.0746e+03	-8.9664e+01	 2.5520e+07	 1.4963e+05	-1.7056e+02
 3.1737e+03	 4.0521e+03	 1.2046e+00	 7.8700e-03	 2.6794e+02	 4.0771e+03	-8.9626e+01	 7.2050e+07	 4.7071e+05	-1.5307e+02
 1.0043e+03	 4.0521e+03	 1.2108e+00	 8.6438e-03	 2.6816e+02	 4.0795e+03	-8.9591e+01	 2.0729e+08	 1.4799e+06	-1.4007e+02
 3.1783e+02	 4.0521e+03	 1.2172e+00	 9.3913e-03	 2.6841e+02	 4.0822e+03	-8.9558e+01	 6.0291e+08	 4.6516e+06	-1.2961e+02
 1.0058e+02	 4.0521e+03	 1.2239e+00	 1.0582e-02	 2.6857e+02	 4.0848e+03	-8.9505e+01	 1.6908e+09	 1.4619e+07	-1.1566e+02
 3.1829e+01	 4.0521e+03	 1.2310e+00	 1.3768e-02	 2.6886e+02	 4.0876e+03	-8.9359e+01	 4.1067e+09	 4.5928e+07	-8.9416e+01
 1.0072e+01	 4.0521e+03	 1.2352e+00	 2.0284e-02	 2.6910e+02	 4.0906e+03	-8.9059e+01	 8.8082e+09	 1.4464e+08	-6.0896e+01
 1.0000e+06	 4.0879e+03	 1.2563e+00	-5.5554e-02	 2.6979e+02	 4.0997e+03	-9.2532e+01	-3.2393e+04	 1.4324e+03	 2.2614e+01
 3.1646e+05	 4.0879e+03	 1.1860e+00	 5.1438e-03	 2.7002e+02	 4.1023e+03	-8.9752e+01	 1.1055e+06	 4.7946e+03	-2.3058e+02
 1.0014e+05	 4.0879e+03	 1.1899e+00	 5.6600e-03	 2.7019e+02	 4.1050e+03	-8.9727e+01	 3.1749e+06	 1.5102e+04	-2.1023e+02
 3.1691e+04	 4.0879e+03	 1.1942e+00	 6.3809e-03	 2.7047e+02	 4.1076e+03	-8.9694e+01	 8.8991e+06	 4.7551e+04	-1.8715e+02
 1.0029e+04	 4.0879e+03	 1.1991e+00	 7.2046e-03	 2.7063e+02	 4.1100e+03	-8.9656e+01	 2.4906e+07	 1.4965e+05	-1.6643e+02
 3.1737e+03	 4.0879e+03	 1.2046e+00	 7.9893e-03	 2.7088e+02	 4.1127e+03	-8.9620e+01	 7.0973e+07	 4.7071e+05	-1.5078e+02
 1.0043e+03	 4.0879e+03	 1.2108e+00	 8.7296e-03	 2.7108e+02	 4.1152e+03	-8.9587e+01	 2.0526e+08	 1.4798e+06	-1.3870e+02
 3.1783e+02	 4.0879e+03	 1.2173e+00	 9.4963e-03	 2.7133e+02	 4.1180e+03	-8.9553e+01	 5.9624e+08	 4.6513e+06	-1.2819e+02
 1.0058e+02	 4.0879e+03	 1.2242e+00	 1.0776e-02	 2.7149e+02	 4.1205e+03	-8.9496e+01	 1.6604e+09	 1.4615e+07	-1.1360e+02
 3.1829e+01	 4.0879e+03	 1.2313e+00	 1.4087e-02	 2.7178e+02	 4.1233e+03	-8.9345e+01	 4.0137e+09	 4.5919e+07	-8.7409e+01
 1.0072e+01	 4.0879e+03	 1.2354e+00	 2.1401e-02	 2.7202e+02	 4.1265e+03	-8.9008e+01	 8.3486e+09	 1.4462e+08	-5.7729e+01
 1.0000e+06	 4.1238e+03	 1.2559e+00	-5.5461e-02	 2.7272e+02	 4.1354e+03	-9.2529e+01	-3.2448e+04	 1.4329e+03	 2.2644e+01
 3.1646e+05	 4.1238e+03	 1.1856e+00	 5.2735e-03	 2.7288e+02	 4.1379e+03	-8.9745e+01	 1.0783e+06	 4.7963e+03	-2.2483e+02
 1.0014e+05	 4.1238e+03	 1.1896e+00	 5.7916e-03	 2.7317e+02	 4.1405e+03	-8.9721e+01	 3.1027e+06	 1.5106e+04	-2.0540e+02
 3.1691e+04	 4.1238e+03	 1.1940e+00	 6.5168e-03	 2.7334e+02	 4.1431e+03	-8.9687e+01	 8.7136e+06	 4.7560e+04	-1.8321e+02
 1.0029e+04	 4.1238e+03	 1.1990e+00	 7.3219e-03	 2.7363e+02	 4.1458e+03	-8.9650e+01	 2.4507e+07	 1.4966e+05	-1.6376e+02
 3.1737e+03	 4.1238e+03	 1.2046e+00	 8.0828e-03	 2.7379e+02	 4.1483e+03	-8.9616e+01	 7.0152e+07	 4.7072e+05	-1.4903e+02
 1.0043e+03	 4.1238e+03	 1.2109e+00	 8.8383e-03	 2.7406e+02	 4.1511e+03	-8.9582e+01	 2.0273e+08	 1.4798e+06	-1.3700e+02
 3.1783e+02	 4.1238e+03	 1.2174e+00	 9.5830e-03	 2.7427e+02	 4.1536e+03	-8.9549e+01	 5.9085e+08	 4.6509e+06	-1.2704e+02
 1.0058e+02	 4.1238e+03	 1.2241e+00	 1.0956e-02	 2.7443e+02	 4.1560e+03	-8.9487e+01	 1.6331e+09	 1.4616e+07	-1.1173e+02
 3.1829e+01	 4.1238e+03	 1.2315e+00	 1.4794e-02	 2.7468e+02	 4.1590e+03	-8.9312e+01	 3.8217e+09	 4.5911e+07	-8.3242e+01
 1.0072e+01	 4.1238e+03	 1.2360e+00	 2.2893e-02	 2.7497e+02	 4.1619e+03	-8.8939e+01	 7.8044e+09	 1.4455e+08	-5.3992e+01
 1.0000e+06	 4.1592e+03	 1.2554e+00	-5.5244e-02	 2.7565e+02	 4.1707e+03	-9.2520e+01	-3.2575e+04	 1.4335e+03	 2.2724e+01
 3.1646e+05	 4.1592e+03	 1.1853e+00	 5.4101e-03	 2.7582e+02	 4.1731e+03	-8.9738e+01	 1.0511e+06	 4.7978e+03	-2.1908e+02
 1.0014e+05	 4.1592e+03	 1.1893e+00	 5.9275e-03	 2.7606e+02	 4.1760e+03	-8.9714e+01	 3.0316e+06	 1.5110e+04	-2.0064e+02
 3.1691e+04	 4.1592e+03	 1.1938e+00	 6.6452e-03	 2.7635e+02	 4.1788e+03	-8.9681e+01	 8.5452e+06	 4.7565e+04	-1.7965e+02
 1.0029e+04	 4.1592e+03	 1.1989e+00	 7.4613e-03	 2.7652e+02	 4.1812e+03	-8.9643e+01	 2.4049e+07	 1.4966e+05	-1.6069e+02
 3.1737e+03	 4.1592e+03	 1.2046e+00	 8.1961e-03	 2.7668e+02	 4.1837e+03	-8.9610e+01	 6.9183e+07	 4.7070e+05	-1.4698e+02
 1.0043e+03	 4.1592e+03	 1.2110e+00	 8.9137e-03	 2.7693e+02	 4.1863e+03	-8.9578e+01	 2.0102e+08	 1.4797e+06	-1.3585e+02
 3.1783e+02	 4.1592e+03	 1.2176e+00	 9.6580e-03	 2.7713e+02	 4.1887e+03	-8.9546e+01	 5.8626e+08	 4.6503e+06	-1.2607e+02
 1.0058e+02	 4.1592e+03	 1.2244e+00	 1.1327e-02	 2.7730e+02	 4.1912e+03	-8.9470e+01	 1.5796e+09	 1.4613e+07	-1.0810e+02
 3.1829e+01	 4.1592e+03	 1.2318e+00	 1.5369e-02	 2.7754e+02	 4.1940e+03	-8.9285e+01	 3.6789e+09	 4.5902e+07	-8.0148e+01
 1.0072e+01	 4.1592e+03	 1.2366e+00	 2.4087e-02	 2.7782e+02	 4.1972e+03	-8.8884e+01	 7.4174e+09	 1.4448e+08	-5.1340e+01
 1.0000e+06	 4.1945e+03	 1.2550e+00	-5.5235e-02	 2.7859e+02	 4.2066e+03	-9.2520e+01	-3.2580e+04	 1.4339e+03	 2.2721e+01
 3.1646e+05	 4.1945e+03	 1.1850e+00	 5.5251e-03	 2.7875e+02	 4.2090e+03	-8.9733e+01	 1.0292e+06	 4.7989e+03	-2.1447e+02
 1.0014e+05	 4.1945e+03	 1.1891e+00	 6.0524e-03	 2.7903e+02	 4.2118e+03	-8.9708e+01	 2.9690e+06	 1.5112e+04	-1.9647e+02
 3.1691e+04	 4.1945e+03	 1.1937e+00	 6.7871e-03	 2.7919e+02	 4.2144e+03	-8.9674e+01	 8.3665e+06	 4.7569e+04	-1.7588e+02
 1.0029e+04	 4.1945e+03	 1.1990e+00	 7.5619e-03	 2.7943e+02	 4.2170e+03	-8.9639e+01	 2.3729e+07	 1.4966e+05	-1.5855e+02
 3.1737e+03	 4.1945e+03	 1.2048e+00	 8.3152e-03	 2.7959e+02	 4.2195e+03	-8.9605e+01	 6.8191e+07	 4.7063e+05	-1.4489e+02
 1.0043e+03	 4.1945e+03	 1.2111e+00	 8.9926e-03	 2.7980e+02	 4.2219e+03	-8.9575e+01	 1.9925e+08	 1.4794e+06	-1.3468e+02
 3.1783e+02	 4.1945e+03	 1.2178e+00	 9.8094e-03	 2.8005e+02	 4.2245e+03	-8.9538e+01	 5.7721e+08	 4.6495e+06	-1.2414e+02
 1.0058e+02	 4.1945e+03	 1.2247e+00	 1.1600e-02	 2.8022e+02	 4.2271e+03	-8.9457e+01	 1.5424e+09	 1.4609e+07	-1.0557e+02
 3.1829e+01	 4.1945e+03	 1.2323e+00	 1.6057e-02	 2.8046e+02	 4.2299e+03	-8.9253e+01	 3.5213e+09	 4.5883e+07	-7.6745e+01
 1.0072e+01	 4.1945e+03	 1.2377e+00	 2.6282e-02	 2.8075e+02	 4.2328e+03	-8.8784e+01	 6.7981e+09	 1.4436e+08	-4.7092e+01
 1.0000e+06	 4.2301e+03	 1.2547e+00	-5.5019e-02	 2.8144e+02	 4.2417e+03	-9.2511e+01	-3.2708e+04	 1.4342e+03	 2.2805e+01
 3.1646e+05	 4.2301e+03	 1.1848e+00	 5.6659e-03	 2.8160e+02	 4.2442e+03	-8.9726e+01	 1.0037e+06	 4.7997e+03	-2.0911e+02
 1.0014e+05	 4.2301e+03	 1.1891e+00	 6.1975e-03	 2.8184e+02	 4.2469e+03	-8.9701e+01	 2.8995e+06	 1.5113e+04	-1.9186e+02
 3.1691e+04	 4.2301e+03	 1.1938e+00	 6.9147e-03	 2.8200e+02	 4.2495e+03	-8.9668e+01	 8.2122e+06	 4.7567e+04	-1.7265e+02
 1.0029e+04	 4.2301e+03	 1.1991e+00	 7.6717e-03	 2.8229e+02	 4.2520e+03	-8.9633e+01	 2.3390e+07	 1.4964e+05	-1.5631e+02
 3.1737e+03	 4.2301e+03	 1.2050e+00	 8.4308e-03	 2.8245e+02	 4.2545e+03	-8.9599e+01	 6.7257e+07	 4.7056e+05	-1.4293e+02
 1.0043e+03	 4.2301e+03	 1.2114e+00	 9.0977e-03	 2.8270e+02	 4.2572e+03	-8.9570e+01	 1.9695e+08	 1.4791e+06	-1.3316e+02
 3.1783e+02	 4.2301e+03	 1.2181e+00	 1.0016e-02	 2.8290e+02	 4.2597e+03	-8.9529e+01	 5.6532e+08	 4.6482e+06	-1.2162e+02
 1.0058e+02	 4.2301e+03	 1.2251e+00	 1.2033e-02	 2.8307e+02	 4.2621e+03	-8.9437e+01	 1.4869e+09	 1.4605e+07	-1.0181e+02
 3.1829e+01	 4.2301e+03	 1.2296e+00	 1.6285e-02	 2.8333e+02	 4.2650e+03	-8.9241e+01	 3.4720e+09	 4.5981e+07	-7.5509e+01
 1.0072e+01	 4.2301e+03	 1.2390e+00	 2.9097e-02	 2.8361e+02	 4.2679e+03	-8.8655e+01	 6.1403e+09	 1.4420e+08	-4.2582e+01
 1.0000e+06	 4.2652e+03	 1.2546e+00	-5.4913e-02	 2.8431e+02	 4.2767e+03	-9.2506e+01	-3.2771e+04	 1.4344e+03	 2.2847e+01
 3.1646e+05	 4.2652e+03	 1.1847e+00	 5.7909e-03	 2.8447e+02	 4.2791e+03	-8.9720e+01	 9.8200e+05	 4.7999e+03	-2.0459e+02
 1.0014e+05	 4.2652e+03	 1.1892e+00	 6.3496e-03	 2.8472e+02	 4.2819e+03	-8.9694e+01	 2.8301e+06	 1.5111e+04	-1.8728e+02
 3.1691e+04	 4.2652e+03	 1.1940e+00	 7.0783e-03	 2.8500e+02	 4.2848e+03	-8.9660e+01	 8.0224e+06	 4.7559e+04	-1.6868e+02
 1.0029e+04	 4.2652e+03	 1.1994e+00	 7.8258e-03	 2.8517e+02	 4.2872e+03	-8.9626e+01	 2.2929e+07	 1.4960e+05	-1.5327e+02
 3.1737e+03	 4.2652e+03	 1.2054e+00	 8.5833e-03	 2.8533e+02	 4.2897e+03	-8.9592e+01	 6.6062e+07	 4.7039e+05	-1.4044e+02
 1.0043e+03	 4.2652e+03	 1.2119e+00	 9.2925e-03	 2.8562e+02	 4.2924e+03	-8.9561e+01	 1.9282e+08	 1.4785e+06	-1.3042e+02
 3.1783e+02	 4.2652e+03	 1.2187e+00	 1.0315e-02	 2.8578e+02	 4.2949e+03	-8.9515e+01	 5.4894e+08	 4.6458e+06	-1.1816e+02
 1.0058e+02	 4.2652e+03	 1.2260e+00	 1.2533e-02	 2.8605e+02	 4.2976e+03	-8.9414e+01	 1.4276e+09	 1.4594e+07	-9.7825e+01
 3.1829e+01	 4.2652e+03	 1.2308e+00	 1.7634e-02	 2.8624e+02	 4.3003e+03	-8.9179e+01	 3.2063e+09	 4.5937e+07	-6.9798e+01
 1.0072e+01	 4.2652e+03	 1.2407e+00	 3.3092e-02	 2.8649e+02	 4.3034e+03	-8.8472e+01	 5.3990e+09	 1.4400e+08	-3.7494e+01
 1.0000e+06	 4.3007e+03	 1.2545e+00	-5.4729e-02	 2.8723e+02	 4.3127e+03	-9.2498e+01	-3.2881e+04	 1.4345e+03	 2.2922e+01
 3.1646e+05	 4.3007e+03	 1.1848e+00	 5.9615e-03	 2.8739e+02	 4.3151e+03	-8.9712e+01	 9.5389e+05	 4.7997e+03	-1.9874e+02
 1.0014e+05	 4.3007e+03	 1.1893e+00	 6.5103e-03	 2.8768e+02	 4.3179e+03	-8.9686e+01	 2.7602e+06	 1.5110e+04	-1.8267e+02
 3.1691e+04	 4.3007e+03	 1.1942e+00	 7.2139e-03	 2.8785e+02	 4.3205e+03	-8.9654e+01	 7.8716e+06	 4.7550e+04	-1.6554e+02
 1.0029e+04	 4.3007e+03	 1.1998e+00	 7.9729e-03	 2.8808e+02	 4.3233e+03	-8.9619e+01	 2.2506e+07	 1.4956e+05	-1.5048e+02
 3.1737e+03	 4.3007e+03	 1.2059e+00	 8.7115e-03	 2.8825e+02	 4.3257e+03	-8.9586e+01	 6.5089e+07	 4.7022e+05	-1.3842e+02
 1.0043e+03	 4.3007e+03	 1.2125e+00	 9.4722e-03	 2.8854e+02	 4.3285e+03	-8.9552e+01	 1.8917e+08	 1.4778e+06	-1.2801e+02
 3.1783e+02	 4.3007e+03	 1.2195e+00	 1.0663e-02	 2.8870e+02	 4.3310e+03	-8.9499e+01	 5.3099e+08	 4.6431e+06	-1.1436e+02
 1.0058e+02	 4.3007e+03	 1.2270e+00	 1.3421e-02	 2.8895e+02	 4.3337e+03	-8.9373e+01	 1.3332e+09	 1.4582e+07	-9.1428e+01
 3.1829e+01	 4.3007e+03	 1.2324e+00	 1.9591e-02	 2.8916e+02	 4.3364e+03	-8.9089e+01	 2.8861e+09	 4.5877e+07	-6.2909e+01
 1.0072e+01	 4.3007e+03	 1.2436e+00	 3.6718e-02	 2.8941e+02	 4.3395e+03	-8.8309e+01	 4.8658e+09	 1.4367e+08	-3.3869e+01
 1.0000e+06	 4.3367e+03	 1.2544e+00	-5.4561e-02	 2.9019e+02	 4.3489e+03	-9.2491e+01	-3.2983e+04	 1.4346e+03	 2.2991e+01
 3.1646e+05	 4.3367e+03	 1.1848e+00	 6.1246e-03	 2.9040e+02	 4.3514e+03	-8.9704e+01	 9.2849e+05	 4.7996e+03	-1.9345e+02
 1.0014e+05	 4.3367e+03	 1.1895e+00	 6.6786e-03	 2.9064e+02	 4.3542e+03	-8.9678e+01	 2.6907e+06	 1.5107e+04	-1.7810e+02
 3.1691e+04	 4.3367e+03	 1.1945e+00	 7.3750e-03	 2.9088e+02	 4.3572e+03	-8.9646e+01	 7.6996e+06	 4.7537e+04	-1.6197e+02
 1.0029e+04	 4.3367e+03	 1.2002e+00	 8.1363e-03	 2.9109e+02	 4.3597e+03	-8.9612e+01	 2.2054e+07	 1.4950e+05	-1.4751e+02
 3.1737e+03	 4.3367e+03	 1.2064e+00	 8.8850e-03	 2.9125e+02	 4.3621e+03	-8.9578e+01	 6.3819e+07	 4.7001e+05	-1.3578e+02
 1.0043e+03	 4.3367e+03	 1.2131e+00	 9.7446e-03	 2.9150e+02	 4.3647e+03	-8.9540e+01	 1.8388e+08	 1.4770e+06	-1.2449e+02
 3.1783e+02	 4.3367e+03	 1.2203e+00	 1.1145e-02	 2.9171e+02	 4.3673e+03	-8.9477e+01	 5.0803e+08	 4.6400e+06	-1.0949e+02
 1.0058e+02	 4.3367e+03	 1.2280e+00	 1.4328e-02	 2.9197e+02	 4.3700e+03	-8.9332e+01	 1.2488e+09	 1.4571e+07	-8.5706e+01
 3.1829e+01	 4.3367e+03	 1.2341e+00	 2.0691e-02	 2.9213e+02	 4.3727e+03	-8.9039e+01	 2.7325e+09	 4.5813e+07	-5.9645e+01
 1.0072e+01	 4.3367e+03	 1.2469e+00	 3.8867e-02	 2.9243e+02	 4.3760e+03	-8.8215e+01	 4.5969e+09	 1.4329e+08	-3.2081e+01
 1.0000e+06	 4.3732e+03	 1.2542e+00	-5.4396e-02	 2.9322e+02	 4.3852e+03	-9.2483e+01	-3.3083e+04	 1.4348e+03	 2.3057e+01
 3.1646e+05	 4.3732e+03	 1.1847e+00	 6.3030e-03	 2.9338e+02	 4.3876e+03	-8.9695e+01	 9.0221e+05	 4.8000e+03	-1.8796e+02
 1.0014e+05	 4.3732e+03	 1.1894e+00	 6.8086e-03	 2.9367e+02	 4.3904e+03	-8.9672e+01	 2.6393e+06	 1.5108e+04	-1.7469e+02
 3.1691e+04	 4.3732e+03	 1.1946e+00	 7.5116e-03	 2.9384e+02	 4.3931e+03	-8.9640e+01	 7.5596e+06	 4.7533e+04	-1.5904e+02
 1.0029e+04	 4.3732e+03	 1.2003e+00	 8.2779e-03	 2.9409e+02	 4.3957e+03	-8.9605e+01	 2.1677e+07	 1.4949e+05	-1.4500e+02
 3.1737e+03	 4.3732e+03	 1.2066e+00	 9.0560e-03	 2.9426e+02	 4.3983e+03	-8.9570e+01	 6.2614e+07	 4.6994e+05	-1.3324e+02
 1.0043e+03	 4.3732e+03	 1.2134e+00	 1.0078e-02	 2.9455e+02	 4.4010e+03	-8.9524e+01	 1.7779e+08	 1.4767e+06	-1.2039e+02
 3.1783e+02	 4.3732e+03	 1.2207e+00	 1.1818e-02	 2.9471e+02	 4.4035e+03	-8.9445e+01	 4.7911e+08	 4.6384e+06	-1.0329e+02
 1.0058e+02	 4.3732e+03	 1.2290e+00	 1.5840e-02	 2.9500e+02	 4.4063e+03	-8.9262e+01	 1.1295e+09	 1.4558e+07	-7.7587e+01
 3.1829e+01	 4.3732e+03	 1.2359e+00	 2.4329e-02	 2.9515e+02	 4.4090e+03	-8.8872e+01	 2.3240e+09	 4.5747e+07	-5.0801e+01
 1.0072e+01	 4.3732e+03	 1.2511e+00	 4.6638e-02	 2.9541e+02	 4.4121e+03	-8.7865e+01	 3.8309e+09	 1.4280e+08	-2.6827e+01
 1.0000e+06	 4.4094e+03	 1.2537e+00	-5.4205e-02	 2.9616e+02	 4.4214e+03	-9.2476e+01	-3.3199e+04	 1.4354e+03	 2.3129e+01
 3.1646e+05	 4.4094e+03	 1.1843e+00	 6.4196e-03	 2.9636e+02	 4.4239e+03	-8.9689e+01	 8.8583e+05	 4.8015e+03	-1.8449e+02
 1.0014e+05	 4.4094e+03	 1.1891e+00	 6.9220e-03	 2.9661e+02	 4.4267e+03	-8.9666e+01	 2.5960e+06	 1.5111e+04	-1.7179e+02
 3.1691e+04	 4.4094e+03	 1.1944e+00	 7.5841e-03	 2.9677e+02	 4.4292e+03	-8.9636e+01	 7.4874e+06	 4.7544e+04	-1.5748e+02
 1.0029e+04	 4.4094e+03	 1.2001e+00	 8.3618e-03	 2.9705e+02	 4.4320e+03	-8.9601e+01	 2.1459e+07	 1.4952e+05	-1.4353e+02
 3.1737e+03	 4.4094e+03	 1.2064e+00	 9.2693e-03	 2.9721e+02	 4.4345e+03	-8.9560e+01	 6.1173e+07	 4.7000e+05	-1.3015e+02
 1.0043e+03	 4.4094e+03	 1.2134e+00	 1.0509e-02	 2.9746e+02	 4.4372e+03	-8.9504e+01	 1.7051e+08	 1.4767e+06	-1.1546e+02
 3.1783e+02	 4.4094e+03	 1.2210e+00	 1.2788e-02	 2.9766e+02	 4.4397e+03	-8.9400e+01	 4.4278e+08	 4.6374e+06	-9.5479e+01
 1.0058e+02	 4.4094e+03	 1.2299e+00	 1.7637e-02	 2.9790e+02	 4.4425e+03	-8.9178e+01	 1.0145e+09	 1.4547e+07	-6.9735e+01
 3.1829e+01	 4.4094e+03	 1.2388e+00	 2.7519e-02	 2.9809e+02	 4.4452e+03	-8.8727e+01	 2.0546e+09	 4.5639e+07	-4.5018e+01
 1.0072e+01	 4.4094e+03	 1.2558e+00	 5.1806e-02	 2.9838e+02	 4.4482e+03	-8.7638e+01	 3.4487e+09	 1.4228e+08	-2.4240e+01
 1.0000e+06	 4.4455e+03	 1.2534e+00	-5.4199e-02	 2.9916e+02	 4.4579e+03	-9.2476e+01	-3.3203e+04	 1.4357e+03	 2.3127e+01
 3.1646e+05	 4.4455e+03	 1.1842e+00	 6.5281e-03	 2.9941e+02	 4.4605e+03	-8.9684e+01	 8.7110e+05	 4.8022e+03	-1.8140e+02
 1.0014e+05	 4.4455e+03	 1.1891e+00	 7.0220e-03	 2.9957e+02	 4.4633e+03	-8.9662e+01	 2.5591e+06	 1.5112e+04	-1.6934e+02
 3.1691e+04	 4.4455e+03	 1.1944e+00	 7.6903e-03	 2.9986e+02	 4.4660e+03	-8.9631e+01	 7.3839e+06	 4.7542e+04	-1.5531e+02
 1.0029e+04	 4.4455e+03	 1.2002e+00	 8.4639e-03	 3.0003e+02	 4.4685e+03	-8.9596e+01	 2.1201e+07	 1.4950e+05	-1.4181e+02
 3.1737e+03	 4.4455e+03	 1.2066e+00	 9.5545e-03	 3.0027e+02	 4.4712e+03	-8.9546e+01	 5.9347e+07	 4.6993e+05	-1.2629e+02
 1.0043e+03	 4.4455e+03	 1.2139e+00	 1.1251e-02	 3.0048e+02	 4.4737e+03	-8.9469e+01	 1.5926e+08	 1.4761e+06	-1.0789e+02
 3.1783e+02	 4.4455e+03	 1.2224e+00	 1.4084e-02	 3.0073e+02	 4.4765e+03	-8.9340e+01	 4.0204e+08	 4.6319e+06	-8.6797e+01
 1.0058e+02	 4.4455e+03	 1.2299e+00	 1.8515e-02	 3.0090e+02	 4.4790e+03	-8.9138e+01	 9.6639e+08	 1.4548e+07	-6.6428e+01
 3.1829e+01	 4.4455e+03	 1.2426e+00	 2.9539e-02	 3.0120e+02	 4.4819e+03	-8.8638e+01	 1.9141e+09	 4.5500e+07	-4.2068e+01
 1.0072e+01	 4.4455e+03	 1.2610e+00	 5.3418e-02	 3.0137e+02	 4.4848e+03	-8.7574e+01	 3.3447e+09	 1.4169e+08	-2.3606e+01
 1.0000e+06	 4.4822e+03	 1.2537e+00	-5.3943e-02	 3.0215e+02	 4.4939e+03	-9.2464e+01	-3.3361e+04	 1.4354e+03	 2.3242e+01
 3.1646e+05	 4.4822e+03	 1.1846e+00	 6.6719e-03	 3.0231e+02	 4.4964e+03	-8.9677e+01	 8.5233e+05	 4.8005e+03	-1.7755e+02
 1.0014e+05	 4.4822e+03	 1.1896e+00	 7.0962e-03	 3.0260e+02	 4.4991e+03	-8.9658e+01	 2.5323e+06	 1.5106e+04	-1.6764e+02
 3.1691e+04	 4.4822e+03	 1.1950e+00	 7.7854e-03	 3.0276e+02	 4.5017e+03	-8.9627e+01	 7.2937e+06	 4.7519e+04	-1.5349e+02
 1.0029e+04	 4.4822e+03	 1.2009e+00	 8.7572e-03	 3.0300e+02	 4.5043e+03	-8.9582e+01	 2.0490e+07	 1.4942e+05	-1.3714e+02
 3.1737e+03	 4.4822e+03	 1.2076e+00	 1.0239e-02	 3.0321e+02	 4.5068e+03	-8.9514e+01	 5.5382e+07	 4.6955e+05	-1.1795e+02
 1.0043e+03	 4.4822e+03	 1.2157e+00	 1.2260e-02	 3.0346e+02	 4.5095e+03	-8.9422e+01	 1.4615e+08	 1.4739e+06	-9.9156e+01
 3.1783e+02	 4.4822e+03	 1.2251e+00	 1.5055e-02	 3.0362e+02	 4.5120e+03	-8.9296e+01	 3.7610e+08	 4.6218e+06	-8.1376e+01
 1.0058e+02	 4.4822e+03	 1.2335e+00	 1.9583e-02	 3.0383e+02	 4.5145e+03	-8.9090e+01	 9.1366e+08	 1.4506e+07	-6.2987e+01
 3.1829e+01	 4.4822e+03	 1.2469e+00	 3.0792e-02	 3.0411e+02	 4.5174e+03	-8.8585e+01	 1.8362e+09	 4.5345e+07	-4.0494e+01
 1.0072e+01	 4.4822e+03	 1.2659e+00	 5.5365e-02	 3.0435e+02	 4.5203e+03	-8.7496e+01	 3.2270e+09	 1.4113e+08	-2.2865e+01
 1.0000e+06	 4.5176e+03	 1.2545e+00	-5.3763e-02	 3.0504e+02	 4.5292e+03	-9.2454e+01	-3.3472e+04	 1.4345e+03	 2.3334e+01
 3.1646e+05	 4.5176e+03	 1.1856e+00	 6.8707e-03	 3.0532e+02	 4.5318e+03	-8.9668e+01	 8.2767e+05	 4.7966e+03	-1.7255e+02
 1.0014e+05	 4.5176e+03	 1.1908e+00	 7.3420e-03	 3.0548e+02	 4.5346e+03	-8.9647e+01	 2.4475e+06	 1.5090e+04	-1.6219e+02
 3.1691e+04	 4.5176e+03	 1.1964e+00	 8.1078e-03	 3.0572e+02	 4.5373e+03	-8.9612e+01	 7.0037e+06	 4.7462e+04	-1.4756e+02
 1.0029e+04	 4.5176e+03	 1.2027e+00	 9.2850e-03	 3.0592e+02	 4.5399e+03	-8.9558e+01	 1.9326e+07	 1.4919e+05	-1.2953e+02
 3.1737e+03	 4.5176e+03	 1.2101e+00	 1.0888e-02	 3.0616e+02	 4.5425e+03	-8.9484e+01	 5.2076e+07	 4.6859e+05	-1.1113e+02
 1.0043e+03	 4.5176e+03	 1.2187e+00	 1.2944e-02	 3.0632e+02	 4.5450e+03	-8.9391e+01	 1.3842e+08	 1.4703e+06	-9.4150e+01
 3.1783e+02	 4.5176e+03	 1.2286e+00	 1.5946e-02	 3.0652e+02	 4.5475e+03	-8.9256e+01	 3.5507e+08	 4.6085e+06	-7.7047e+01
 1.0058e+02	 4.5176e+03	 1.2377e+00	 2.0650e-02	 3.0677e+02	 4.5500e+03	-8.9044e+01	 8.6647e+08	 1.4456e+07	-5.9940e+01
 3.1829e+01	 4.5176e+03	 1.2518e+00	 3.1815e-02	 3.0693e+02	 4.5528e+03	-8.8544e+01	 1.7771e+09	 4.5165e+07	-3.9348e+01
 1.0072e+01	 4.5176e+03	 1.2712e+00	 5.7890e-02	 3.0723e+02	 4.5559e+03	-8.7393e+01	 3.0863e+09	 1.4054e+08	-2.1960e+01
 1.0000e+06	 4.5532e+03	 1.2560e+00	-5.3501e-02	 3.0800e+02	 4.5652e+03	-9.2439e+01	-3.3636e+04	 1.4327e+03	 2.3477e+01
 3.1646e+05	 4.5532e+03	 1.1874e+00	 7.2078e-03	 3.0816e+02	 4.5677e+03	-8.9652e+01	 7.8896e+05	 4.7893e+03	-1.6474e+02
 1.0014e+05	 4.5532e+03	 1.1929e+00	 7.7807e-03	 3.0845e+02	 4.5705e+03	-8.9626e+01	 2.3095e+06	 1.5064e+04	-1.5332e+02
 3.1691e+04	 4.5532e+03	 1.1990e+00	 8.7465e-03	 3.0861e+02	 4.5731e+03	-8.9582e+01	 6.4923e+06	 4.7360e+04	-1.3708e+02
 1.0029e+04	 4.5532e+03	 1.2060e+00	 9.9902e-03	 3.0886e+02	 4.5758e+03	-8.9525e+01	 1.7962e+07	 1.4879e+05	-1.2072e+02
 3.1737e+03	 4.5532e+03	 1.2139e+00	 1.1591e-02	 3.0906e+02	 4.5783e+03	-8.9453e+01	 4.8919e+07	 4.6713e+05	-1.0472e+02
 1.0043e+03	 4.5532e+03	 1.2231e+00	 1.3620e-02	 3.0930e+02	 4.5810e+03	-8.9362e+01	 1.3156e+08	 1.4650e+06	-8.9802e+01
 3.1783e+02	 4.5532e+03	 1.2313e+00	 1.6144e-02	 3.0947e+02	 4.5835e+03	-8.9249e+01	 3.5073e+08	 4.5986e+06	-7.6268e+01
 1.0058e+02	 4.5532e+03	 1.2435e+00	 2.1874e-02	 3.0976e+02	 4.5863e+03	-8.8992e+01	 8.1795e+08	 1.4388e+07	-5.6848e+01
 3.1829e+01	 4.5532e+03	 1.2585e+00	 3.3948e-02	 3.0993e+02	 4.5890e+03	-8.8455e+01	 1.6655e+09	 4.4925e+07	-3.7072e+01
 1.0072e+01	 4.5532e+03	 1.2784e+00	 6.2662e-02	 3.1019e+02	 4.5921e+03	-8.7194e+01	 2.8512e+09	 1.3976e+08	-2.0401e+01
 1.0000e+06	 4.5894e+03	 1.2582e+00	-5.2984e-02	 3.1098e+02	 4.6015e+03	-9.2411e+01	-3.3965e+04	 1.4302e+03	 2.3748e+01
 3.1646e+05	 4.5894e+03	 1.1901e+00	 7.8043e-03	 3.1127e+02	 4.6043e+03	-8.9624e+01	 7.2865e+05	 4.7782e+03	-1.5249e+02
 1.0014e+05	 4.5894e+03	 1.1962e+00	 8.5763e-03	 3.1143e+02	 4.6070e+03	-8.9589e+01	 2.0953e+06	 1.5022e+04	-1.3948e+02
 3.1691e+04	 4.5894e+03	 1.2031e+00	 9.7453e-03	 3.1167e+02	 4.6099e+03	-8.9536e+01	 5.8269e+06	 4.7197e+04	-1.2346e+02
 1.0029e+04	 4.5894e+03	 1.2110e+00	 1.0920e-02	 3.1187e+02	 4.6124e+03	-8.9483e+01	 1.6433e+07	 1.4817e+05	-1.1091e+02
 3.1737e+03	 4.5894e+03	 1.2197e+00	 1.2355e-02	 3.1211e+02	 4.6150e+03	-8.9420e+01	 4.5895e+07	 4.6488e+05	-9.8725e+01
 1.0043e+03	 4.5894e+03	 1.2296e+00	 1.4455e-02	 3.1228e+02	 4.6175e+03	-8.9326e+01	 1.2396e+08	 1.4573e+06	-8.5061e+01
 3.1783e+02	 4.5894e+03	 1.2385e+00	 1.7105e-02	 3.1256e+02	 4.6203e+03	-8.9209e+01	 3.3102e+08	 4.5718e+06	-7.2403e+01
 1.0058e+02	 4.5894e+03	 1.2517e+00	 2.3109e-02	 3.1273e+02	 4.6227e+03	-8.8942e+01	 7.7427e+08	 1.4295e+07	-5.4164e+01
 3.1829e+01	 4.5894e+03	 1.2675e+00	 3.7108e-02	 3.1297e+02	 4.6256e+03	-8.8323e+01	 1.5237e+09	 4.4607e+07	-3.4158e+01
 1.0072e+01	 4.5894e+03	 1.2887e+00	 7.0312e-02	 3.1314e+02	 4.6285e+03	-8.6877e+01	 2.5410e+09	 1.3864e+08	-1.8329e+01
 1.0000e+06	 4.6260e+03	 1.2615e+00	-5.2077e-02	 3.1391e+02	 4.6377e+03	-9.2364e+01	-3.4556e+04	 1.4266e+03	 2.4223e+01
 3.1646e+05	 4.6260e+03	 1.1940e+00	 8.8672e-03	 3.1419e+02	 4.6405e+03	-8.9574e+01	 6.4131e+05	 4.7628e+03	-1.3465e+02
 1.0014e+05	 4.6260e+03	 1.2012e+00	 1.0070e-02	 3.1436e+02	 4.6432e+03	-8.9520e+01	 1.7844e+06	 1.4959e+04	-1.1928e+02
 3.1691e+04	 4.6260e+03	 1.2097e+00	 1.1348e-02	 3.1464e+02	 4.6459e+03	-8.9463e+01	 5.0037e+06	 4.6940e+04	-1.0660e+02
 1.0029e+04	 4.6260e+03	 1.2191e+00	 1.2332e-02	 3.1480e+02	 4.6484e+03	-8.9420e+01	 1.4550e+07	 1.4720e+05	-9.8851e+01
 3.1737e+03	 4.6260e+03	 1.2288e+00	 1.3563e-02	 3.1505e+02	 4.6511e+03	-8.9368e+01	 4.1807e+07	 4.6144e+05	-9.0601e+01
 1.0043e+03	 4.6260e+03	 1.2378e+00	 1.4896e-02	 3.1525e+02	 4.6536e+03	-8.9311e+01	 1.2029e+08	 1.4476e+06	-8.3095e+01
 3.1783e+02	 4.6260e+03	 1.2495e+00	 1.8310e-02	 3.1541e+02	 4.6560e+03	-8.9160e+01	 3.0924e+08	 4.5316e+06	-6.8240e+01
 1.0058e+02	 4.6260e+03	 1.2636e+00	 2.5156e-02	 3.1566e+02	 4.6589e+03	-8.8859e+01	 7.1124e+08	 1.4160e+07	-5.0229e+01
 3.1829e+01	 4.6260e+03	 1.2807e+00	 3.9896e-02	 3.1595e+02	 4.6618e+03	-8.8216e+01	 1.4172e+09	 4.4147e+07	-3.2101e+01
 1.0072e+01	 4.6260e+03	 1.3034e+00	 7.5065e-02	 3.1612e+02	 4.6647e+03	-8.6704e+01	 2.3801e+09	 1.3708e+08	-1.7364e+01
 1.0000e+06	 4.6622e+03	 1.2657e+00	-5.0825e-02	 3.1692e+02	 4.6739e+03	-9.2299e+01	-3.5407e+04	 1.4218e+03	 2.4904e+01
 3.1646e+05	 4.6622e+03	 1.1993e+00	 1.0572e-02	 3.1708e+02	 4.6763e+03	-8.9495e+01	 5.3788e+05	 4.7415e+03	-1.1344e+02
 1.0014e+05	 4.6622e+03	 1.2083e+00	 1.2252e-02	 3.1733e+02	 4.6790e+03	-8.9419e+01	 1.4667e+06	 1.4872e+04	-9.8621e+01
 3.1691e+04	 4.6622e+03	 1.2186e+00	 1.3380e-02	 3.1762e+02	 4.6818e+03	-8.9371e+01	 4.2441e+06	 4.6598e+04	-9.1080e+01
 1.0029e+04	 4.6622e+03	 1.2294e+00	 1.3981e-02	 3.1778e+02	 4.6842e+03	-8.9348e+01	 1.2834e+07	 1.4596e+05	-8.7931e+01
 3.1737e+03	 4.6622e+03	 1.2390e+00	 1.4221e-02	 3.1795e+02	 4.6868e+03	-8.9342e+01	 3.9873e+07	 4.5766e+05	-8.7124e+01
 1.0043e+03	 4.6622e+03	 1.2501e+00	 1.5910e-02	 3.1824e+02	 4.6895e+03	-8.9271e+01	 1.1262e+08	 1.4333e+06	-7.8576e+01
 3.1783e+02	 4.6622e+03	 1.2625e+00	 1.9213e-02	 3.1841e+02	 4.6921e+03	-8.9128e+01	 2.9470e+08	 4.4847e+06	-6.5712e+01
 1.0058e+02	 4.6622e+03	 1.2769e+00	 2.5789e-02	 3.1865e+02	 4.6949e+03	-8.8843e+01	 6.9379e+08	 1.4012e+07	-4.9514e+01
 3.1829e+01	 4.6622e+03	 1.2948e+00	 4.1736e-02	 3.1894e+02	 4.6979e+03	-8.8154e+01	 1.3547e+09	 4.3665e+07	-3.1024e+01
 1.0072e+01	 4.6622e+03	 1.3193e+00	 7.9319e-02	 3.1919e+02	 4.7010e+03	-8.6560e+01	 2.2525e+09	 1.3542e+08	-1.6633e+01
 1.0000e+06	 4.6983e+03	 1.2708e+00	-4.9171e-02	 3.1988e+02	 4.7101e+03	-9.2216e+01	-3.6598e+04	 1.4161e+03	 2.5845e+01
 3.1646e+05	 4.6983e+03	 1.2058e+00	 1.2726e-02	 3.2017e+02	 4.7128e+03	-8.9395e+01	 4.4687e+05	 4.7161e+03	-9.4754e+01
 1.0014e+05	 4.6983e+03	 1.2170e+00	 1.4867e-02	 3.2034e+02	 4.7156e+03	-8.9300e+01	 1.2087e+06	 1.4766e+04	-8.1861e+01
 3.1691e+04	 4.6983e+03	 1.2295e+00	 1.5682e-02	 3.2058e+02	 4.7182e+03	-8.9269e+01	 3.6210e+06	 4.6184e+04	-7.8403e+01
 1.0029e+04	 4.6983e+03	 1.2409e+00	 1.5227e-02	 3.2075e+02	 4.7207e+03	-8.9297e+01	 1.1784e+07	 1.4461e+05	-8.1489e+01
 3.1737e+03	 4.6983e+03	 1.2531e+00	 1.5721e-02	 3.2104e+02	 4.7235e+03	-8.9281e+01	 3.6068e+07	 4.5251e+05	-7.9706e+01
 1.0043e+03	 4.6983e+03	 1.2654e+00	 1.6885e-02	 3.2120e+02	 4.7261e+03	-8.9235e+01	 1.0612e+08	 1.4161e+06	-7.4939e+01
 3.1783e+02	 4.6983e+03	 1.2783e+00	 1.9790e-02	 3.2145e+02	 4.7288e+03	-8.9113e+01	 2.8611e+08	 4.4293e+06	-6.4594e+01
 1.0058e+02	 4.6983e+03	 1.2932e+00	 2.6868e-02	 3.2166e+02	 4.7315e+03	-8.8810e+01	 6.6592e+08	 1.3836e+07	-4.8131e+01
 3.1829e+01	 4.6983e+03	 1.3119e+00	 4.3167e-02	 3.2191e+02	 4.7345e+03	-8.8115e+01	 1.3098e+09	 4.3098e+07	-3.0391e+01
 1.0072e+01	 4.6983e+03	 1.3380e+00	 8.1841e-02	 3.2221e+02	 4.7377e+03	-8.6500e+01	 2.1831e+09	 1.3353e+08	-1.6348e+01
 1.0000e+06	 4.7349e+03	 1.2770e+00	-4.7157e-02	 3.2301e+02	 4.7470e+03	-9.2115e+01	-3.8161e+04	 1.4092e+03	 2.7081e+01
 3.1646e+05	 4.7349e+03	 1.2141e+00	 1.5690e-02	 3.2317e+02	 4.7495e+03	-8.9260e+01	 3.6244e+05	 4.6840e+03	-7.7378e+01
 1.0014e+05	 4.7349e+03	 1.2282e+00	 1.8221e-02	 3.2342e+02	 4.7524e+03	-8.9150e+01	 9.8620e+05	 1.4632e+04	-6.7402e+01
 3.1691e+04	 4.7349e+03	 1.2428e+00	 1.7842e-02	 3.2363e+02	 4.7550e+03	-8.9178e+01	 3.1827e+06	 4.5691e+04	-6.9658e+01
 1.0029e+04	 4.7349e+03	 1.2568e+00	 1.7473e-02	 3.2388e+02	 4.7575e+03	-8.9203e+01	 1.0269e+07	 1.4278e+05	-7.1927e+01
 3.1737e+03	 4.7349e+03	 1.2704e+00	 1.7212e-02	 3.2405e+02	 4.7600e+03	-8.9224e+01	 3.2943e+07	 4.4635e+05	-7.3805e+01
 1.0043e+03	 4.7349e+03	 1.2836e+00	 1.7738e-02	 3.2434e+02	 4.7628e+03	-8.9208e+01	 1.0102e+08	 1.3959e+06	-7.2367e+01
 3.1783e+02	 4.7349e+03	 1.2970e+00	 2.0330e-02	 3.2450e+02	 4.7652e+03	-8.9102e+01	 2.7851e+08	 4.3654e+06	-6.3800e+01
 1.0058e+02	 4.7349e+03	 1.3121e+00	 2.7480e-02	 3.2476e+02	 4.7681e+03	-8.8800e+01	 6.5111e+08	 1.3637e+07	-4.7746e+01
 3.1829e+01	 4.7349e+03	 1.3313e+00	 4.5071e-02	 3.2492e+02	 4.7709e+03	-8.8061e+01	 1.2545e+09	 4.2468e+07	-2.9539e+01
 1.0072e+01	 4.7349e+03	 1.3590e+00	 8.4921e-02	 3.2522e+02	 4.7740e+03	-8.6424e+01	 2.1039e+09	 1.3147e+08	-1.6003e+01
 1.0000e+06	 4.7712e+03	 1.2847e+00	-4.4514e-02	 3.2600e+02	 4.7830e+03	-9.1985e+01	-4.0427e+04	 1.4008e+03	 2.8859e+01
 3.1646e+05	 4.7712e+03	 1.2241e+00	 1.9413e-02	 3.2617e+02	 4.7855e+03	-8.9091e+01	 2.9293e+05	 4.6455e+03	-6.3057e+01
 1.0014e+05	 4.7712e+03	 1.2419e+00	 2.1408e-02	 3.2642e+02	 4.7883e+03	-8.9012e+01	 8.3941e+05	 1.4469e+04	-5.8014e+01
 3.1691e+04	 4.7712e+03	 1.2594e+00	 2.0906e-02	 3.2662e+02	 4.7907e+03	-8.9049e+01	 2.7162e+06	 4.5090e+04	-6.0239e+01
 1.0029e+04	 4.7712e+03	 1.2756e+00	 1.9625e-02	 3.2687e+02	 4.7935e+03	-8.9119e+01	 9.1435e+06	 1.4068e+05	-6.4997e+01
 3.1737e+03	 4.7712e+03	 1.2905e+00	 1.8491e-02	 3.2704e+02	 4.7960e+03	-8.9179e+01	 3.0664e+07	 4.3938e+05	-6.9790e+01
 1.0043e+03	 4.7712e+03	 1.3044e+00	 1.8231e-02	 3.2732e+02	 4.7988e+03	-8.9199e+01	 9.8285e+07	 1.3737e+06	-7.1549e+01
 3.1783e+02	 4.7712e+03	 1.3179e+00	 2.0607e-02	 3.2748e+02	 4.8013e+03	-8.9104e+01	 2.7477e+08	 4.2964e+06	-6.3953e+01
 1.0058e+02	 4.7712e+03	 1.3329e+00	 2.8448e-02	 3.2774e+02	 4.8041e+03	-8.8777e+01	 6.2895e+08	 1.3423e+07	-4.6854e+01
 3.1829e+01	 4.7712e+03	 1.3528e+00	 4.6049e-02	 3.2794e+02	 4.8069e+03	-8.8050e+01	 1.2278e+09	 4.1794e+07	-2.9378e+01
 1.0072e+01	 4.7712e+03	 1.3863e+00	 9.0683e-02	 3.2819e+02	 4.8099e+03	-8.6257e+01	 1.9702e+09	 1.2888e+08	-1.5287e+01
 1.0000e+06	 4.8072e+03	 1.2939e+00	-4.1366e-02	 3.2899e+02	 4.8192e+03	-9.1831e+01	-4.3504e+04	 1.3908e+03	 3.1281e+01
 3.1646e+05	 4.8072e+03	 1.2387e+00	 2.3474e-02	 3.2944e+02	 4.8245e+03	-8.8914e+01	 2.4225e+05	 4.5908e+03	-5.2769e+01
 1.0014e+05	 4.8072e+03	 1.2608e+00	 2.6353e-02	 3.2960e+02	 4.8271e+03	-8.8803e+01	 6.8188e+05	 1.4253e+04	-4.7842e+01
 3.1691e+04	 4.8072e+03	 1.2820e+00	 2.4231e-02	 3.2985e+02	 4.8298e+03	-8.8917e+01	 2.3434e+06	 4.4295e+04	-5.2905e+01
 1.0029e+04	 4.8072e+03	 1.3004e+00	 2.1462e-02	 3.3005e+02	 4.8324e+03	-8.9054e+01	 8.3608e+06	 1.3799e+05	-6.0589e+01
 3.1737e+03	 4.8072e+03	 1.3163e+00	 1.8985e-02	 3.3030e+02	 4.8350e+03	-8.9174e+01	 2.9867e+07	 4.3076e+05	-6.9336e+01
 1.0043e+03	 4.8072e+03	 1.3304e+00	 1.7935e-02	 3.3047e+02	 4.8376e+03	-8.9228e+01	 9.9907e+07	 1.3468e+06	-7.4181e+01
 3.1783e+02	 4.8072e+03	 1.3433e+00	 2.0507e-02	 3.3075e+02	 4.8403e+03	-8.9125e+01	 2.7611e+08	 4.2151e+06	-6.5504e+01
 1.0058e+02	 4.8072e+03	 1.3585e+00	 2.9282e-02	 3.3091e+02	 4.8430e+03	-8.8765e+01	 6.1103e+08	 1.3170e+07	-4.6395e+01
 3.1829e+01	 4.8072e+03	 1.3836e+00	 5.0366e-02	 3.3116e+02	 4.8459e+03	-8.7915e+01	 1.1226e+09	 4.0865e+07	-2.7470e+01
 1.0072e+01	 4.8072e+03	 1.4131e+00	 9.7497e-02	 3.3145e+02	 4.8490e+03	-8.6053e+01	 1.8325e+09	 1.2643e+08	-1.4494e+01
 1.0000e+06	 4.8462e+03	 1.3087e+00	-3.8410e-02	 3.3214e+02	 4.8579e+03	-9.1681e+01	-4.6852e+04	 1.3750e+03	 3.4073e+01
 3.1646e+05	 4.8462e+03	 1.2566e+00	 2.9836e-02	 3.3259e+02	 4.8630e+03	-8.8640e+01	 1.9059e+05	 4.5255e+03	-4.2115e+01
 1.0014e+05	 4.8462e+03	 1.2849e+00	 3.2019e-02	 3.3276e+02	 4.8656e+03	-8.8573e+01	 5.6123e+05	 1.3985e+04	-4.0129e+01
 3.1691e+04	 4.8462e+03	 1.3097e+00	 2.7198e-02	 3.3300e+02	 4.8684e+03	-8.8810e+01	 2.0878e+06	 4.3356e+04	-4.8155e+01
 1.0029e+04	 4.8462e+03	 1.3294e+00	 2.1875e-02	 3.3316e+02	 4.8710e+03	-8.9057e+01	 8.2029e+06	 1.3497e+05	-6.0774e+01
 3.1737e+03	 4.8462e+03	 1.3447e+00	 1.7726e-02	 3.3344e+02	 4.8735e+03	-8.9245e+01	 3.1989e+07	 4.2168e+05	-7.5860e+01
 1.0043e+03	 4.8462e+03	 1.3567e+00	 1.6490e-02	 3.3361e+02	 4.8761e+03	-8.9304e+01	 1.0866e+08	 1.3207e+06	-8.2277e+01
 3.1783e+02	 4.8462e+03	 1.3684e+00	 2.0166e-02	 3.3386e+02	 4.8789e+03	-8.9156e+01	 2.8077e+08	 4.1378e+06	-6.7856e+01
 1.0058e+02	 4.8462e+03	 1.3872e+00	 3.1304e-02	 3.3413e+02	 4.8818e+03	-8.8707e+01	 5.7156e+08	 1.2898e+07	-4.4315e+01
 3.1829e+01	 4.8462e+03	 1.4086e+00	 5.5243e-02	 3.3430e+02	 4.8847e+03	-8.7754e+01	 1.0235e+09	 4.0139e+07	-2.5498e+01
 1.0072e+01	 4.8462e+03	 1.4396e+00	 1.1103e-01	 3.3456e+02	 4.8877e+03	-8.5589e+01	 1.6091e+09	 1.2411e+08	-1.2965e+01
 1.0000e+06	 4.8849e+03	 1.3247e+00	-3.3262e-02	 3.3538e+02	 4.8970e+03	-9.1438e+01	-5.4103e+04	 1.3584e+03	 3.9827e+01
 3.1646e+05	 4.8849e+03	 1.2790e+00	 3.7565e-02	 3.3578e+02	 4.9023e+03	-8.8318e+01	 1.5138e+05	 4.4463e+03	-3.4046e+01
 1.0014e+05	 4.8849e+03	 1.3148e+00	 3.7627e-02	 3.3598e+02	 4.9049e+03	-8.8361e+01	 4.7758e+05	 1.3667e+04	-3.4943e+01
 3.1691e+04	 4.8849e+03	 1.3422e+00	 2.7715e-02	 3.3615e+02	 4.9077e+03	-8.8817e+01	 2.0489e+06	 4.2308e+04	-4.8427e+01
 1.0029e+04	 4.8849e+03	 1.3597e+00	 1.8702e-02	 3.3639e+02	 4.9103e+03	-8.9212e+01	 9.5944e+06	 1.3197e+05	-7.2699e+01
 3.1737e+03	 4.8849e+03	 1.3707e+00	 1.4111e-02	 3.3669e+02	 4.9130e+03	-8.9410e+01	 4.0183e+07	 4.1366e+05	-9.7140e+01
 1.0043e+03	 4.8849e+03	 1.3829e+00	 1.5477e-02	 3.3686e+02	 4.9156e+03	-8.9359e+01	 1.1577e+08	 1.2957e+06	-8.9353e+01
 3.1783e+02	 4.8849e+03	 1.3943e+00	 2.1717e-02	 3.3710e+02	 4.9183e+03	-8.9108e+01	 2.6073e+08	 4.0608e+06	-6.4206e+01
 1.0058e+02	 4.8849e+03	 1.4104e+00	 3.5913e-02	 3.3730e+02	 4.9210e+03	-8.8541e+01	 4.9821e+08	 1.2686e+07	-3.9273e+01
 3.1829e+01	 4.8849e+03	 1.4343e+00	 6.5719e-02	 3.3756e+02	 4.9240e+03	-8.7377e+01	 8.6032e+08	 3.9418e+07	-2.1825e+01
 1.0072e+01	 4.8849e+03	 1.4722e+00	 1.3276e-01	 3.3781e+02	 4.9270e+03	-8.4847e+01	 1.3458e+09	 1.2136e+08	-1.1089e+01
 1.0000e+06	 4.9243e+03	 1.3426e+00	-2.7671e-02	 3.3864e+02	 4.9363e+03	-9.1181e+01	-6.5035e+04	 1.3404e+03	 4.8520e+01
 3.1646e+05	 4.9243e+03	 1.3036e+00	 4.5485e-02	 3.3905e+02	 4.9415e+03	-8.8002e+01	 1.2502e+05	 4.3623e+03	-2.8660e+01
 1.0014e+05	 4.9243e+03	 1.3462e+00	 4.0709e-02	 3.3922e+02	 4.9442e+03	-8.8268e+01	 4.4142e+05	 1.3348e+04	-3.3070e+01
 3.1691e+04	 4.9243e+03	 1.3719e+00	 2.5093e-02	 3.3950e+02	 4.9470e+03	-8.8952e+01	 2.2629e+06	 4.1391e+04	-5.4672e+01
 1.0029e+04	 4.9243e+03	 1.3870e+00	 1.6402e-02	 3.3967e+02	 4.9495e+03	-8.9322e+01	 1.0940e+07	 1.2937e+05	-8.4565e+01
 3.1737e+03	 4.9243e+03	 1.3965e+00	 1.3973e-02	 3.3991e+02	 4.9522e+03	-8.9427e+01	 4.0580e+07	 4.0604e+05	-9.9939e+01
 1.0043e+03	 4.9243e+03	 1.4066e+00	 1.6926e-02	 3.4012e+02	 4.9549e+03	-8.9311e+01	 1.0586e+08	 1.2739e+06	-8.3102e+01
 3.1783e+02	 4.9243e+03	 1.4194e+00	 2.6034e-02	 3.4037e+02	 4.9575e+03	-8.8949e+01	 2.1749e+08	 3.9892e+06	-5.4519e+01
 1.0058e+02	 4.9243e+03	 1.4385e+00	 4.5206e-02	 3.4055e+02	 4.9602e+03	-8.8200e+01	 3.9580e+08	 1.2438e+07	-3.1822e+01
 3.1829e+01	 4.9243e+03	 1.4687e+00	 8.4531e-02	 3.4083e+02	 4.9633e+03	-8.6706e+01	 6.6886e+08	 3.8496e+07	-1.7375e+01
 1.0072e+01	 4.9243e+03	 1.5156e+00	 1.7285e-01	 3.4108e+02	 4.9665e+03	-8.3494e+01	 1.0336e+09	 1.1788e+08	-8.7681e+00
 1.0000e+06	 4.9638e+03	 1.3574e+00	-2.3158e-02	 3.4185e+02	 4.9758e+03	-9.0977e+01	-7.7707e+04	 1.3258e+03	 5.8613e+01
 3.1646e+05	 4.9638e+03	 1.3246e+00	 5.3517e-02	 3.4230e+02	 4.9810e+03	-8.7686e+01	 1.0626e+05	 4.2931e+03	-2.4751e+01
 1.0014e+05	 4.9638e+03	 1.3739e+00	 4.5014e-02	 3.4246e+02	 4.9837e+03	-8.8123e+01	 3.9920e+05	 1.3080e+04	-3.0521e+01
 3.1691e+04	 4.9638e+03	 1.4017e+00	 2.6716e-02	 3.4275e+02	 4.9865e+03	-8.8908e+01	 2.1255e+06	 4.0511e+04	-5.2468e+01
 1.0029e+04	 4.9638e+03	 1.4150e+00	 1.7015e-02	 3.4291e+02	 4.9891e+03	-8.9311e+01	 1.0546e+07	 1.2681e+05	-8.3162e+01
 3.1737e+03	 4.9638e+03	 1.4252e+00	 1.5464e-02	 3.4316e+02	 4.9917e+03	-8.9378e+01	 3.6667e+07	 3.9785e+05	-9.2163e+01
 1.0043e+03	 4.9638e+03	 1.4366e+00	 2.0151e-02	 3.4337e+02	 4.9944e+03	-8.9196e+01	 8.8917e+07	 1.2473e+06	-7.1290e+01
 3.1783e+02	 4.9638e+03	 1.4520e+00	 3.2715e-02	 3.4361e+02	 4.9970e+03	-8.8709e+01	 1.7307e+08	 3.8996e+06	-4.4383e+01
 1.0058e+02	 4.9638e+03	 1.4755e+00	 5.9247e-02	 3.4378e+02	 4.9997e+03	-8.7701e+01	 3.0200e+08	 1.2127e+07	-2.4904e+01
 3.1829e+01	 4.9638e+03	 1.5154e+00	 1.1662e-01	 3.4432e+02	 5.0057e+03	-8.5600e+01	 4.8483e+08	 3.7309e+07	-1.2995e+01
 1.0072e+01	 4.9638e+03	 1.5854e+00	 2.3582e-01	 3.4461e+02	 5.0088e+03	-8.1540e+01	 7.5763e+08	 1.1269e+08	-6.7229e+00
 1.0000e+06	 5.0061e+03	 1.3704e+00	-1.8068e-02	 3.4530e+02	 5.0177e+03	-9.0755e+01	-9.9601e+04	 1.3132e+03	 7.5845e+01
 3.1646e+05	 5.0061e+03	 1.3442e+00	 6.4075e-02	 3.4554e+02	 5.0205e+03	-8.7271e+01	 8.8749e+04	 4.2306e+03	-2.0978e+01
 1.0014e+05	 5.0061e+03	 1.4051e+00	 5.4980e-02	 3.4570e+02	 5.0231e+03	-8.7759e+01	 3.2684e+05	 1.2789e+04	-2.5557e+01
 3.1691e+04	 5.0061e+03	 1.4370e+00	 3.1482e-02	 3.4599e+02	 5.0258e+03	-8.8745e+01	 1.8037e+06	 3.9515e+04	-4.5646e+01
 1.0029e+04	 5.0061e+03	 1.4526e+00	 1.9654e-02	 3.4615e+02	 5.0284e+03	-8.9225e+01	 9.1300e+06	 1.2353e+05	-7.3910e+01
 3.1737e+03	 5.0061e+03	 1.4645e+00	 1.7928e-02	 3.4631e+02	 5.0308e+03	-8.9299e+01	 3.1628e+07	 3.8718e+05	-8.1687e+01
 1.0043e+03	 5.0061e+03	 1.4783e+00	 2.4101e-02	 3.4662e+02	 5.0335e+03	-8.9066e+01	 7.4347e+07	 1.2121e+06	-6.1337e+01
 3.1783e+02	 5.0061e+03	 1.4967e+00	 4.0455e-02	 3.4679e+02	 5.0359e+03	-8.8452e+01	 1.3996e+08	 3.7831e+06	-3.6996e+01
 1.0058e+02	 5.0061e+03	 1.5225e+00	 7.3975e-02	 3.4703e+02	 5.0389e+03	-8.7218e+01	 2.4187e+08	 1.1752e+07	-2.0581e+01
 3.1829e+01	 5.0061e+03	 1.5706e+00	 1.4463e-01	 3.4732e+02	 5.0419e+03	-8.4739e+01	 3.9092e+08	 3.5999e+07	-1.0859e+01
 1.0072e+01	 5.0061e+03	 1.6572e+00	 2.9213e-01	 3.4749e+02	 5.0449e+03	-8.0003e+01	 6.1159e+08	 1.0781e+08	-5.6729e+00
 1.0000e+06	 5.0422e+03	 1.3842e+00	-1.1691e-02	 3.4826e+02	 5.0539e+03	-9.0484e+01	-1.5393e+05	 1.3001e+03	 1.1840e+02
 3.1646e+05	 5.0422e+03	 1.3672e+00	 7.7761e-02	 3.4843e+02	 5.0565e+03	-8.6745e+01	 7.3130e+04	 4.1594e+03	-1.7582e+01
 1.0014e+05	 5.0422e+03	 1.4431e+00	 6.8176e-02	 3.4872e+02	 5.0592e+03	-8.7295e+01	 2.6358e+05	 1.2452e+04	-2.1167e+01
 3.1691e+04	 5.0422e+03	 1.4836e+00	 3.8473e-02	 3.4897e+02	 5.0620e+03	-8.8515e+01	 1.4760e+06	 3.8275e+04	-3.8562e+01
 1.0029e+04	 5.0422e+03	 1.5027e+00	 2.2974e-02	 3.4913e+02	 5.0647e+03	-8.9124e+01	 7.8104e+06	 1.1941e+05	-6.5406e+01
 3.1737e+03	 5.0422e+03	 1.5151e+00	 1.9570e-02	 3.4943e+02	 5.0673e+03	-8.9260e+01	 2.8974e+07	 3.7426e+05	-7.7417e+01
 1.0043e+03	 5.0422e+03	 1.5306e+00	 2.6391e-02	 3.4960e+02	 5.0699e+03	-8.9012e+01	 6.7895e+07	 1.1707e+06	-5.7996e+01
 3.1783e+02	 5.0422e+03	 1.5510e+00	 4.4721e-02	 3.4984e+02	 5.0726e+03	-8.8348e+01	 1.2661e+08	 3.6506e+06	-3.4682e+01
 1.0058e+02	 5.0422e+03	 1.5832e+00	 8.2621e-02	 3.5005e+02	 5.0753e+03	-8.7013e+01	 2.1656e+08	 1.1301e+07	-1.9163e+01
 3.1829e+01	 5.0422e+03	 1.6347e+00	 1.6187e-01	 3.5030e+02	 5.0783e+03	-8.4345e+01	 3.4928e+08	 3.4587e+07	-1.0099e+01
 1.0072e+01	 5.0422e+03	 1.7320e+00	 3.3142e-01	 3.5055e+02	 5.0813e+03	-7.9167e+01	 5.3908e+08	 1.0316e+08	-5.2259e+00
 1.0000e+06	 5.0786e+03	 1.4037e+00	-2.2490e-03	 3.5125e+02	 5.0903e+03	-9.0092e+01	-8.0018e+05	 1.2820e+03	 6.2418e+02
 3.1646e+05	 5.0786e+03	 1.3995e+00	 9.6469e-02	 3.5154e+02	 5.0930e+03	-8.6057e+01	 5.8948e+04	 4.0632e+03	-1.4508e+01
 1.0014e+05	 5.0786e+03	 1.4931e+00	 8.3893e-02	 3.5171e+02	 5.0957e+03	-8.6784e+01	 2.1420e+05	 1.2035e+04	-1.7797e+01
 3.1691e+04	 5.0786e+03	 1.5416e+00	 4.5081e-02	 3.5195e+02	 5.0982e+03	-8.8325e+01	 1.2596e+06	 3.6836e+04	-3.4195e+01
 1.0029e+04	 5.0786e+03	 1.5624e+00	 2.5482e-02	 3.5217e+02	 5.1009e+03	-8.9066e+01	 7.0417e+06	 1.1485e+05	-6.1313e+01
 3.1737e+03	 5.0786e+03	 1.5770e+00	 2.1260e-02	 3.5241e+02	 5.1037e+03	-8.9228e+01	 2.6671e+07	 3.5956e+05	-7.4177e+01
 1.0043e+03	 5.0786e+03	 1.5936e+00	 2.8009e-02	 3.5258e+02	 5.1064e+03	-8.8993e+01	 6.3972e+07	 1.1244e+06	-5.6895e+01
 3.1783e+02	 5.0786e+03	 1.6157e+00	 4.7294e-02	 3.5283e+02	 5.1088e+03	-8.8323e+01	 1.1972e+08	 3.5045e+06	-3.4162e+01
 1.0058e+02	 5.0786e+03	 1.6490e+00	 8.6597e-02	 3.5303e+02	 5.1115e+03	-8.6994e+01	 2.0662e+08	 1.0851e+07	-1.9042e+01
 3.1829e+01	 5.0786e+03	 1.7020e+00	 1.7110e-01	 3.5328e+02	 5.1144e+03	-8.4260e+01	 3.3046e+08	 3.3219e+07	-9.9479e+00
 1.0072e+01	 5.0786e+03	 1.8053e+00	 3.5316e-01	 3.5357e+02	 5.1177e+03	-7.8931e+01	 5.0590e+08	 9.8969e+07	-5.1117e+00
 1.0000e+06	 5.1149e+03	 1.4259e+00	 8.2805e-03	 3.5435e+02	 5.1270e+03	-8.9667e+01	 2.1733e+05	 1.2621e+03	-1.7220e+02
 3.1646e+05	 5.1149e+03	 1.4351e+00	 1.1705e-01	 3.5451e+02	 5.1296e+03	-8.5337e+01	 4.8582e+04	 3.9625e+03	-1.2260e+01
 1.0014e+05	 5.1149e+03	 1.5538e+00	 1.0196e-01	 3.5495e+02	 5.1347e+03	-8.6246e+01	 1.7624e+05	 1.1565e+04	-1.5239e+01
 3.1691e+04	 5.1149e+03	 1.6115e+00	 5.3541e-02	 3.5520e+02	 5.1376e+03	-8.8097e+01	 1.0606e+06	 3.5238e+04	-3.0098e+01
 1.0029e+04	 5.1149e+03	 1.6354e+00	 2.8991e-02	 3.5537e+02	 5.1403e+03	-8.8984e+01	 6.1894e+06	 1.0972e+05	-5.6411e+01
 3.1737e+03	 5.1149e+03	 1.6514e+00	 2.2989e-02	 3.5565e+02	 5.1430e+03	-8.9202e+01	 2.4665e+07	 3.4337e+05	-7.1834e+01
 1.0043e+03	 5.1149e+03	 1.6690e+00	 2.8923e-02	 3.5591e+02	 5.1460e+03	-8.9007e+01	 6.1951e+07	 1.0736e+06	-5.7705e+01
 3.1783e+02	 5.1149e+03	 1.6927e+00	 4.7941e-02	 3.5607e+02	 5.1485e+03	-8.8378e+01	 1.1811e+08	 3.3451e+06	-3.5307e+01
 1.0058e+02	 5.1149e+03	 1.7274e+00	 8.7544e-02	 3.5636e+02	 5.1513e+03	-8.7099e+01	 2.0438e+08	 1.0358e+07	-1.9732e+01
 3.1829e+01	 5.1149e+03	 1.7822e+00	 1.7036e-01	 3.5652e+02	 5.1541e+03	-8.4540e+01	 3.3188e+08	 3.1724e+07	-1.0461e+01
 1.0072e+01	 5.1149e+03	 1.8867e+00	 3.5133e-01	 3.5677e+02	 5.1571e+03	-7.9451e+01	 5.0853e+08	 9.4697e+07	-5.3701e+00
 1.0000e+06	 5.1544e+03	 1.4548e+00	 2.0735e-02	 3.5756e+02	 5.1664e+03	-8.9183e+01	 8.6790e+04	 1.2370e+03	-7.0163e+01
 3.1646e+05	 5.1544e+03	 1.4812e+00	 1.4250e-01	 3.5776e+02	 5.1690e+03	-8.4505e+01	 3.9907e+04	 3.8392e+03	-1.0395e+01
 1.0014e+05	 5.1544e+03	 1.6248e+00	 1.2297e-01	 3.5801e+02	 5.1719e+03	-8.5672e+01	 1.4613e+05	 1.1060e+04	-1.3212e+01
 3.1691e+04	 5.1544e+03	 1.6950e+00	 6.3161e-02	 3.5817e+02	 5.1743e+03	-8.7866e+01	 8.9904e+05	 3.3501e+04	-2.6836e+01
 1.0029e+04	 5.1544e+03	 1.7254e+00	 3.3193e-02	 3.5845e+02	 5.1771e+03	-8.8898e+01	 5.4060e+06	 1.0400e+05	-5.1981e+01
 3.1737e+03	 5.1544e+03	 1.7469e+00	 2.5105e-02	 3.5862e+02	 5.1795e+03	-8.9177e+01	 2.2586e+07	 3.2460e+05	-6.9582e+01
 1.0043e+03	 5.1544e+03	 1.7718e+00	 3.0462e-02	 3.5887e+02	 5.1823e+03	-8.9015e+01	 5.8820e+07	 1.0113e+06	-5.8163e+01
 3.1783e+02	 5.1544e+03	 1.8034e+00	 4.9588e-02	 3.5907e+02	 5.1848e+03	-8.8425e+01	 1.1418e+08	 3.1397e+06	-3.6367e+01
 1.0058e+02	 5.1544e+03	 1.8496e+00	 9.0884e-02	 3.5930e+02	 5.1877e+03	-8.7187e+01	 1.9687e+08	 9.6735e+06	-2.0351e+01
 3.1829e+01	 5.1544e+03	 1.9219e+00	 1.7881e-01	 3.5952e+02	 5.1906e+03	-8.4685e+01	 3.1620e+08	 2.9418e+07	-1.0749e+01
 1.0072e+01	 5.1544e+03	 2.0529e+00	 3.7017e-01	 3.5971e+02	 5.1935e+03	-7.9779e+01	 4.8266e+08	 8.7030e+07	-5.5459e+00
 1.0000e+06	 5.1908e+03	 1.5863e+00	-9.1028e-02	 3.6035e+02	 5.2026e+03	-9.3284e+01	-1.9769e+04	 1.1345e+03	 1.7426e+01
 3.1646e+05	 5.1908e+03	 1.6685e+00	 1.9547e-01	 3.6053e+02	 5.2055e+03	-8.3318e+01	 2.9093e+04	 3.4082e+03	-8.5359e+00
 1.0014e+05	 5.1908e+03	 1.9082e+00	 1.7271e-01	 3.6066e+02	 5.2082e+03	-8.4828e+01	 1.0404e+05	 9.4174e+03	-1.1048e+01
 3.1691e+04	 5.1908e+03	 2.0501e+00	 8.9829e-02	 3.6087e+02	 5.2110e+03	-8.7491e+01	 6.3214e+05	 2.7698e+04	-2.2823e+01
 1.0029e+04	 5.1908e+03	 2.1438e+00	 4.6559e-02	 3.6097e+02	 5.2135e+03	-8.8756e+01	 3.8540e+06	 8.3702e+04	-4.6045e+01
 3.1737e+03	 5.1908e+03	 2.3113e+00	 3.3501e-02	 3.6127e+02	 5.2188e+03	-8.9170e+01	 1.6926e+07	 2.4533e+05	-6.8991e+01
 1.0043e+03	 5.1908e+03	 2.4095e+00	 3.5494e-02	 3.6142e+02	 5.2215e+03	-8.9156e+01	 5.0482e+07	 7.4363e+05	-6.7885e+01
 3.1783e+02	 5.1908e+03	 2.5182e+00	 5.5498e-02	 3.6152e+02	 5.2241e+03	-8.8737e+01	 1.0202e+08	 2.2484e+06	-4.5375e+01
 1.0058e+02	 5.1908e+03	 2.6403e+00	 1.0291e-01	 3.6168e+02	 5.2270e+03	-8.7768e+01	 1.7387e+08	 6.7766e+06	-2.5657e+01
 3.1829e+01	 5.1908e+03	 2.7769e+00	 2.2362e-01	 3.6177e+02	 5.2297e+03	-8.5396e+01	 2.5284e+08	 2.0361e+07	-1.2418e+01
 1.0072e+01	 5.1908e+03	 2.9688e+00	 4.2621e-01	 3.6195e+02	 5.2332e+03	-8.1830e+01	 4.1919e+08	 6.0181e+07	-6.9655e+00
 1.0000e+06	 5.2305e+03	 2.1895e+00	 7.6367e-02	 3.6226e+02	 5.2420e+03	-8.8002e+01	 2.3565e+04	 8.2190e+02	-2.8671e+01
 3.1646e+05	 5.2305e+03	 2.4141e+00	 3.9377e-01	 3.6237e+02	 5.2449e+03	-8.0736e+01	 1.4441e+04	 2.3556e+03	-6.1306e+00
 1.0014e+05	 5.2305e+03	 2.8358e+00	 3.3400e-01	 3.6244e+02	 5.2474e+03	-8.3283e+01	 5.3801e+04	 6.3368e+03	-8.4902e+00
 3.1691e+04	 5.2305e+03	 3.0607e+00	 1.7095e-01	 3.6252e+02	 5.2502e+03	-8.6803e+01	 3.3217e+05	 1.8553e+04	-1.7904e+01
 1.0029e+04	 5.2305e+03	 3.1711e+00	 8.3592e-02	 3.6257e+02	 5.2527e+03	-8.8490e+01	 2.1466e+06	 5.6585e+04	-3.7936e+01
 3.1737e+03	 5.2305e+03	 3.2715e+00	 5.2172e-02	 3.6266e+02	 5.2556e+03	-8.9086e+01	 1.0869e+07	 1.7332e+05	-6.2707e+01
 1.0043e+03	 5.2305e+03	 3.3433e+00	 4.6614e-02	 3.6270e+02	 5.2580e+03	-8.9201e+01	 3.8439e+07	 5.3594e+05	-7.1724e+01
 3.1783e+02	 5.2305e+03	 3.4136e+00	 6.1006e-02	 3.6278e+02	 5.2608e+03	-8.8976e+01	 9.2813e+07	 1.6587e+06	-5.5956e+01
 1.0058e+02	 5.2305e+03	 3.5159e+00	 1.0333e-01	 3.6282e+02	 5.2635e+03	-8.8317e+01	 1.7316e+08	 5.0889e+06	-3.4027e+01
 3.1829e+01	 5.2305e+03	 3.6453e+00	 1.9148e-01	 3.6287e+02	 5.2664e+03	-8.6993e+01	 2.9528e+08	 1.5510e+07	-1.9038e+01
 1.0072e+01	 5.2305e+03	 3.8094e+00	 4.1721e-01	 3.6291e+02	 5.2697e+03	-8.3750e+01	 4.2823e+08	 4.6901e+07	-9.1306e+00
 1.0000e+06	 5.2670e+03	 2.5186e+00	 1.9867e-01	 3.6302e+02	 5.2780e+03	-8.5490e+01	 9.0579e+03	 7.1451e+02	-1.2677e+01
 3.1646e+05	 5.2670e+03	 2.8388e+00	 5.6668e-01	 3.6305e+02	 5.2807e+03	-7.8711e+01	 1.0035e+04	 2.0032e+03	-5.0095e+00
 1.0014e+05	 5.2670e+03	 3.4099e+00	 4.8514e-01	 3.6308e+02	 5.2832e+03	-8.1903e+01	 3.7041e+04	 5.2699e+03	-7.0287e+00
 3.1691e+04	 5.2670e+03	 3.6859e+00	 2.4522e-01	 3.6310e+02	 5.2859e+03	-8.6194e+01	 2.3157e+05	 1.5406e+04	-1.5031e+01
 1.0029e+04	 5.2670e+03	 3.7947e+00	 1.1576e-01	 3.6312e+02	 5.2885e+03	-8.8253e+01	 1.5501e+06	 4.7287e+04	-3.2780e+01
 3.1737e+03	 5.2670e+03	 3.8616e+00	 6.6359e-02	 3.6313e+02	 5.2911e+03	-8.9015e+01	 8.5448e+06	 1.4684e+05	-5.8192e+01
 1.0043e+03	 5.2670e+03	 3.9209e+00	 5.4824e-02	 3.6315e+02	 5.2937e+03	-8.9199e+01	 3.2683e+07	 4.5698e+05	-7.1518e+01
 3.1783e+02	 5.2670e+03	 3.9934e+00	 6.6671e-02	 3.6317e+02	 5.2963e+03	-8.9044e+01	 8.4926e+07	 1.4179e+06	-5.9896e+01
 1.0058e+02	 5.2670e+03	 4.0691e+00	 1.0219e-01	 3.6319e+02	 5.2993e+03	-8.8561e+01	 1.7509e+08	 4.3971e+06	-3.9820e+01
 3.1829e+01	 5.2670e+03	 4.1752e+00	 1.8640e-01	 3.6319e+02	 5.3021e+03	-8.7444e+01	 3.0333e+08	 1.3542e+07	-2.2399e+01
 1.0072e+01	 5.2670e+03	 4.3178e+00	 3.5530e-01	 3.6320e+02	 5.3055e+03	-8.5296e+01	 5.0286e+08	 4.1379e+07	-1.2153e+01
 1.0000e+06	 5.3027e+03	 2.7018e+00	 2.4754e-01	 3.6323e+02	 5.3132e+03	-8.4765e+01	 7.2699e+03	 6.6605e+02	-1.0915e+01
 3.1646e+05	 5.3027e+03	 3.0752e+00	 6.7156e-01	 3.6324e+02	 5.3160e+03	-7.7681e+01	 8.4678e+03	 1.8492e+03	-4.5792e+00
 1.0014e+05	 5.3027e+03	 3.7470e+00	 5.8218e-01	 3.6325e+02	 5.3185e+03	-8.1169e+01	 3.0866e+04	 4.7957e+03	-6.4362e+00
 3.1691e+04	 5.3027e+03	 4.0649e+00	 2.9463e-01	 3.6326e+02	 5.3213e+03	-8.5854e+01	 1.9273e+05	 1.3969e+04	-1.3797e+01
 1.0029e+04	 5.3027e+03	 4.1788e+00	 1.3777e-01	 3.6326e+02	 5.3238e+03	-8.8112e+01	 1.3024e+06	 4.2941e+04	-3.0330e+01
 3.1737e+03	 5.3027e+03	 4.2395e+00	 7.7234e-02	 3.6327e+02	 5.3264e+03	-8.8956e+01	 7.3417e+06	 1.3375e+05	-5.4891e+01
 1.0043e+03	 5.3027e+03	 4.2929e+00	 6.1412e-02	 3.6327e+02	 5.3288e+03	-8.9180e+01	 2.9177e+07	 4.1739e+05	-6.9902e+01
 3.1783e+02	 5.3027e+03	 4.3467e+00	 7.0839e-02	 3.6328e+02	 5.3314e+03	-8.9066e+01	 7.9930e+07	 1.3026e+06	-6.1360e+01
 1.0058e+02	 5.3027e+03	 4.4088e+00	 1.0545e-01	 3.6328e+02	 5.3340e+03	-8.8630e+01	 1.6968e+08	 4.0583e+06	-4.1811e+01
 3.1829e+01	 5.3027e+03	 4.4971e+00	 1.7948e-01	 3.6329e+02	 5.3369e+03	-8.7715e+01	 3.1502e+08	 1.2573e+07	-2.5056e+01
 1.0072e+01	 5.3027e+03	 4.6276e+00	 3.3956e-01	 3.6329e+02	 5.3399e+03	-8.5803e+01	 5.2617e+08	 3.8608e+07	-1.3628e+01
 1.0000e+06	 5.3372e+03	 2.8090e+00	 2.7740e-01	 3.6330e+02	 5.3478e+03	-8.4360e+01	 6.4872e+03	 6.4063e+02	-1.0126e+01
 3.1646e+05	 5.3372e+03	 3.2079e+00	 7.3356e-01	 3.6330e+02	 5.3504e+03	-7.7120e+01	 7.7521e+03	 1.7727e+03	-4.3731e+00
 1.0014e+05	 5.3372e+03	 3.9431e+00	 6.4401e-01	 3.6331e+02	 5.3529e+03	-8.0724e+01	 2.7903e+04	 4.5572e+03	-6.1227e+00
 3.1691e+04	 5.3372e+03	 4.2909e+00	 3.2745e-01	 3.6331e+02	 5.3554e+03	-8.5636e+01	 1.7341e+05	 1.3234e+04	-1.3104e+01
 1.0029e+04	 5.3372e+03	 4.4080e+00	 1.5224e-01	 3.6332e+02	 5.3579e+03	-8.8022e+01	 1.1786e+06	 4.0707e+04	-2.8954e+01
 3.1737e+03	 5.3372e+03	 4.4719e+00	 8.4411e-02	 3.6332e+02	 5.3607e+03	-8.8919e+01	 6.7175e+06	 1.2680e+05	-5.2978e+01
 1.0043e+03	 5.3372e+03	 4.5186e+00	 6.5995e-02	 3.6331e+02	 5.3633e+03	-8.9163e+01	 2.7151e+07	 3.9654e+05	-6.8469e+01
 3.1783e+02	 5.3372e+03	 4.5688e+00	 7.4385e-02	 3.6332e+02	 5.3660e+03	-8.9067e+01	 7.6119e+07	 1.2393e+06	-6.1420e+01
 1.0058e+02	 5.3372e+03	 4.6299e+00	 1.0814e-01	 3.6332e+02	 5.3686e+03	-8.8662e+01	 1.6546e+08	 3.8645e+06	-4.2815e+01
 3.1829e+01	 5.3372e+03	 4.7145e+00	 1.8149e-01	 3.6332e+02	 5.3715e+03	-8.7795e+01	 3.1153e+08	 1.1993e+07	-2.5977e+01
 1.0072e+01	 5.3372e+03	 4.8366e+00	 3.3668e-01	 3.6333e+02	 5.3745e+03	-8.6018e+01	 5.3067e+08	 3.6940e+07	-1.4366e+01
 1.0000e+06	 5.3718e+03	 2.8802e+00	 2.9041e-01	 3.6333e+02	 5.3822e+03	-8.4242e+01	 6.1967e+03	 6.2481e+02	-9.9177e+00
 3.1646e+05	 5.3718e+03	 3.2954e+00	 7.7435e-01	 3.6333e+02	 5.3850e+03	-7.6777e+01	 7.3437e+03	 1.7256e+03	-4.2557e+00
 1.0014e+05	 5.3718e+03	 4.0743e+00	 6.8906e-01	 3.6332e+02	 5.3875e+03	-8.0401e+01	 2.6079e+04	 4.4105e+03	-5.9129e+00
 3.1691e+04	 5.3718e+03	 4.4487e+00	 3.5272e-01	 3.6333e+02	 5.3905e+03	-8.5467e+01	 1.6099e+05	 1.2764e+04	-1.2613e+01
 1.0029e+04	 5.3718e+03	 4.5718e+00	 1.6347e-01	 3.6333e+02	 5.3930e+03	-8.7952e+01	 1.0977e+06	 3.9249e+04	-2.7968e+01
 3.1737e+03	 5.3718e+03	 4.6332e+00	 9.0776e-02	 3.6333e+02	 5.3960e+03	-8.8878e+01	 6.2465e+06	 1.2238e+05	-5.1041e+01
 1.0043e+03	 5.3718e+03	 4.6781e+00	 7.0331e-02	 3.6333e+02	 5.3985e+03	-8.9139e+01	 2.5477e+07	 3.8302e+05	-6.6515e+01
 3.1783e+02	 5.3718e+03	 4.7257e+00	 7.7929e-02	 3.6333e+02	 5.4011e+03	-8.9055e+01	 7.2657e+07	 1.1981e+06	-6.0641e+01
 1.0058e+02	 5.3718e+03	 4.7838e+00	 1.1079e-01	 3.6334e+02	 5.4035e+03	-8.8673e+01	 1.6149e+08	 3.7402e+06	-4.3178e+01
 3.1829e+01	 5.3718e+03	 4.8664e+00	 1.8031e-01	 3.6334e+02	 5.4065e+03	-8.7878e+01	 3.1356e+08	 1.1618e+07	-2.6989e+01
 1.0072e+01	 5.3718e+03	 4.9917e+00	 3.2362e-01	 3.6333e+02	 5.4095e+03	-8.6291e+01	 5.5209e+08	 3.5793e+07	-1.5425e+01
 1.0000e+06	 5.4068e+03	 2.9307e+00	 3.0856e-01	 3.6333e+02	 5.4175e+03	-8.3990e+01	 5.8322e+03	 6.1404e+02	-9.4982e+00
 3.1646e+05	 5.4068e+03	 3.3580e+00	 8.0375e-01	 3.6333e+02	 5.4202e+03	-7.6539e+01	 7.0751e+03	 1.6935e+03	-4.1779e+00
 1.0014e+05	 5.4068e+03	 4.1709e+00	 7.2435e-01	 3.6333e+02	 5.4226e+03	-8.0148e+01	 2.4808e+04	 4.3084e+03	-5.7581e+00
 3.1691e+04	 5.4068e+03	 4.5651e+00	 3.7278e-01	 3.6333e+02	 5.4254e+03	-8.5332e+01	 1.5233e+05	 1.2439e+04	-1.2246e+01
 1.0029e+04	 5.4068e+03	 4.6937e+00	 1.7315e-01	 3.6333e+02	 5.4279e+03	-8.7887e+01	 1.0363e+06	 3.8230e+04	-2.7107e+01
 3.1737e+03	 5.4068e+03	 4.7527e+00	 9.4426e-02	 3.6333e+02	 5.4305e+03	-8.8862e+01	 6.0050e+06	 1.1931e+05	-5.0332e+01
 1.0043e+03	 5.4068e+03	 4.7964e+00	 7.2699e-02	 3.6332e+02	 5.4330e+03	-8.9132e+01	 2.4647e+07	 3.7358e+05	-6.5976e+01
 3.1783e+02	 5.4068e+03	 4.8438e+00	 7.9839e-02	 3.6333e+02	 5.4358e+03	-8.9056e+01	 7.0919e+07	 1.1689e+06	-6.0669e+01
 1.0058e+02	 5.4068e+03	 4.9019e+00	 1.1216e-01	 3.6332e+02	 5.4384e+03	-8.8689e+01	 1.5953e+08	 3.6501e+06	-4.3706e+01
 3.1829e+01	 5.4068e+03	 4.9840e+00	 1.8297e-01	 3.6332e+02	 5.4413e+03	-8.7898e+01	 3.0902e+08	 1.1344e+07	-2.7240e+01
 1.0072e+01	 5.4068e+03	 5.1086e+00	 3.1622e-01	 3.6332e+02	 5.4442e+03	-8.6458e+01	 5.6501e+08	 3.4974e+07	-1.6155e+01
 1.0000e+06	 5.4417e+03	 2.9700e+00	 3.1941e-01	 3.6332e+02	 5.4521e+03	-8.3862e+01	 5.6340e+03	 6.0592e+02	-9.2983e+00
 3.1646e+05	 5.4417e+03	 3.4043e+00	 8.2575e-01	 3.6331e+02	 5.4547e+03	-7.6366e+01	 6.8866e+03	 1.6704e+03	-4.1227e+00
 1.0014e+05	 5.4417e+03	 4.2435e+00	 7.5321e-01	 3.6331e+02	 5.4572e+03	-7.9935e+01	 2.3858e+04	 4.2346e+03	-5.6339e+00
 3.1691e+04	 5.4417e+03	 4.6570e+00	 3.9092e-01	 3.6332e+02	 5.4599e+03	-8.5202e+01	 1.4526e+05	 1.2193e+04	-1.1913e+01
 1.0029e+04	 5.4417e+03	 4.7910e+00	 1.8094e-01	 3.6332e+02	 5.4624e+03	-8.7837e+01	 9.9172e+05	 3.7453e+04	-2.6479e+01
 3.1737e+03	 5.4417e+03	 4.8512e+00	 9.8391e-02	 3.6331e+02	 5.4650e+03	-8.8838e+01	 5.7630e+06	 1.1689e+05	-4.9305e+01
 1.0043e+03	 5.4417e+03	 4.8942e+00	 7.4851e-02	 3.6331e+02	 5.4675e+03	-8.9124e+01	 2.3938e+07	 3.6611e+05	-6.5386e+01
 3.1783e+02	 5.4417e+03	 4.9402e+00	 8.3362e-02	 3.6331e+02	 5.4701e+03	-8.9033e+01	 6.7922e+07	 1.1461e+06	-5.9262e+01
 1.0058e+02	 5.4417e+03	 4.9979e+00	 1.1534e-01	 3.6330e+02	 5.4728e+03	-8.8678e+01	 1.5512e+08	 3.5800e+06	-4.3331e+01
 3.1829e+01	 5.4417e+03	 5.0800e+00	 2.0342e-01	 3.6330e+02	 5.4756e+03	-8.7707e+01	 2.7795e+08	 1.1130e+07	-2.4974e+01
 1.0072e+01	 5.4417e+03	 5.1981e+00	 4.6146e-01	 3.6330e+02	 5.4786e+03	-8.4927e+01	 3.8717e+08	 3.4371e+07	-1.1264e+01
 1.0000e+06	 5.4759e+03	 2.9988e+00	 3.2528e-01	 3.6329e+02	 5.4855e+03	-8.3809e+01	 5.5323e+03	 6.0009e+02	-9.2191e+00
 3.1646e+05	 5.4759e+03	 3.4371e+00	 8.4155e-01	 3.6329e+02	 5.4881e+03	-7.6242e+01	 6.7574e+03	 1.6545e+03	-4.0842e+00
 1.0014e+05	 5.4759e+03	 4.2972e+00	 7.7620e-01	 3.6329e+02	 5.4908e+03	-7.9761e+01	 2.3151e+04	 4.1818e+03	-5.5362e+00
 3.1691e+04	 5.4759e+03	 4.7258e+00	 4.0488e-01	 3.6329e+02	 5.4936e+03	-8.5103e+01	 1.4025e+05	 1.2016e+04	-1.1672e+01
 1.0029e+04	 5.4759e+03	 4.8635e+00	 1.8729e-01	 3.6328e+02	 5.4963e+03	-8.7795e+01	 9.5809e+05	 3.6895e+04	-2.5968e+01
 3.1737e+03	 5.4759e+03	 4.9232e+00	 1.0163e-01	 3.6328e+02	 5.4990e+03	-8.8817e+01	 5.5791e+06	 1.1517e+05	-4.8441e+01
 1.0043e+03	 5.4759e+03	 4.9660e+00	 7.7032e-02	 3.6328e+02	 5.5017e+03	-8.9111e+01	 2.3261e+07	 3.6081e+05	-6.4467e+01
 3.1783e+02	 5.4759e+03	 5.0116e+00	 8.4882e-02	 3.6328e+02	 5.5043e+03	-8.9030e+01	 6.6706e+07	 1.1298e+06	-5.9042e+01
 1.0058e+02	 5.4759e+03	 5.0687e+00	 1.2737e-01	 3.6327e+02	 5.5070e+03	-8.8561e+01	 1.4047e+08	 3.5299e+06	-3.9795e+01
 3.1829e+01	 5.4759e+03	 5.1507e+00	 2.0214e-01	 3.6326e+02	 5.5101e+03	-8.7753e+01	 2.7970e+08	 1.0977e+07	-2.5481e+01
 1.0072e+01	 5.4759e+03	 5.2731e+00	 3.6240e-01	 3.6327e+02	 5.5133e+03	-8.6068e+01	 4.9300e+08	 3.3883e+07	-1.4550e+01
 1.0000e+06	 5.5105e+03	 3.0210e+00	 3.2813e-01	 3.6327e+02	 5.5198e+03	-8.3801e+01	 5.4844e+03	 5.9568e+02	-9.2068e+00
 3.1646e+05	 5.5105e+03	 3.4603e+00	 8.5266e-01	 3.6326e+02	 5.5224e+03	-7.6157e+01	 6.6693e+03	 1.6434e+03	-4.0583e+00
 1.0014e+05	 5.5105e+03	 4.3365e+00	 7.9484e-01	 3.6326e+02	 5.5252e+03	-7.9613e+01	 2.2608e+04	 4.1439e+03	-5.4557e+00
 3.1691e+04	 5.5105e+03	 4.7785e+00	 4.1698e-01	 3.6326e+02	 5.5280e+03	-8.5013e+01	 1.3618e+05	 1.1883e+04	-1.1460e+01
 1.0029e+04	 5.5105e+03	 4.9198e+00	 1.9229e-01	 3.6325e+02	 5.5307e+03	-8.7762e+01	 9.3319e+05	 3.6473e+04	-2.5586e+01
 3.1737e+03	 5.5105e+03	 4.9800e+00	 1.0332e-01	 3.6325e+02	 5.5337e+03	-8.8811e+01	 5.4879e+06	 1.1386e+05	-4.8198e+01
 1.0043e+03	 5.5105e+03	 5.0233e+00	 7.8114e-02	 3.6325e+02	 5.5363e+03	-8.9109e+01	 2.2938e+07	 3.5670e+05	-6.4307e+01
 3.1783e+02	 5.5105e+03	 5.0685e+00	 8.4548e-02	 3.6325e+02	 5.5390e+03	-8.9044e+01	 6.6969e+07	 1.1171e+06	-5.9948e+01
 1.0058e+02	 5.5105e+03	 5.1252e+00	 1.1976e-01	 3.6325e+02	 5.5415e+03	-8.8661e+01	 1.4940e+08	 3.4911e+06	-4.2796e+01
 3.1829e+01	 5.5105e+03	 5.2059e+00	 2.0330e-01	 3.6324e+02	 5.5445e+03	-8.7764e+01	 2.7811e+08	 1.0861e+07	-2.5607e+01
 1.0072e+01	 5.5105e+03	 5.3258e+00	 3.9083e-01	 3.6324e+02	 5.5475e+03	-8.5803e+01	 4.5714e+08	 3.3547e+07	-1.3627e+01
 1.0000e+06	 5.5448e+03	 3.0384e+00	 3.2975e-01	 3.6324e+02	 5.5540e+03	-8.3806e+01	 5.4574e+03	 5.9228e+02	-9.2144e+00
 3.1646e+05	 5.5448e+03	 3.4773e+00	 8.6062e-01	 3.6324e+02	 5.5569e+03	-7.6099e+01	 6.6076e+03	 1.6354e+03	-4.0405e+00
 1.0014e+05	 5.5448e+03	 4.3659e+00	 8.1022e-01	 3.6324e+02	 5.5594e+03	-7.9487e+01	 2.2179e+04	 4.1160e+03	-5.3885e+00
 3.1691e+04	 5.5448e+03	 4.8193e+00	 4.2713e-01	 3.6324e+02	 5.5621e+03	-8.4935e+01	 1.3294e+05	 1.1783e+04	-1.1283e+01
 1.0029e+04	 5.5448e+03	 4.9644e+00	 1.9692e-01	 3.6324e+02	 5.5645e+03	-8.7728e+01	 9.1121e+05	 3.6145e+04	-2.5210e+01
 3.1737e+03	 5.5448e+03	 5.0247e+00	 1.0532e-01	 3.6323e+02	 5.5673e+03	-8.8799e+01	 5.3841e+06	 1.1285e+05	-4.7711e+01
 1.0043e+03	 5.5448e+03	 5.0666e+00	 7.8819e-02	 3.6323e+02	 5.5699e+03	-8.9109e+01	 2.2733e+07	 3.5365e+05	-6.4281e+01
 3.1783e+02	 5.5448e+03	 5.1111e+00	 8.7693e-02	 3.6323e+02	 5.5727e+03	-8.9017e+01	 6.4567e+07	 1.1078e+06	-5.8283e+01
 1.0058e+02	 5.5448e+03	 5.1674e+00	 1.2047e-01	 3.6323e+02	 5.5752e+03	-8.8665e+01	 1.4853e+08	 3.4625e+06	-4.2895e+01
 3.1829e+01	 5.5448e+03	 5.2483e+00	 1.9437e-01	 3.6323e+02	 5.5781e+03	-8.7879e+01	 2.9088e+08	 1.0773e+07	-2.7001e+01
 1.0072e+01	 5.5448e+03	 5.3698e+00	 4.2631e-01	 3.6322e+02	 5.5811e+03	-8.5461e+01	 4.1910e+08	 3.3272e+07	-1.2596e+01
 1.0000e+06	 5.5783e+03	 3.0522e+00	 3.3074e-01	 3.6322e+02	 5.5875e+03	-8.3816e+01	 5.4411e+03	 5.8959e+02	-9.2286e+00
 3.1646e+05	 5.5783e+03	 3.4898e+00	 8.6633e-01	 3.6321e+02	 5.5901e+03	-7.6058e+01	 6.5640e+03	 1.6295e+03	-4.0283e+00
 1.0014e+05	 5.5783e+03	 4.3879e+00	 8.2295e-01	 3.6322e+02	 5.5928e+03	-7.9378e+01	 2.1836e+04	 4.0953e+03	-5.3319e+00
 3.1691e+04	 5.5783e+03	 4.8517e+00	 4.3603e-01	 3.6321e+02	 5.5955e+03	-8.4864e+01	 1.3023e+05	 1.1704e+04	-1.1127e+01
 1.0029e+04	 5.5783e+03	 5.0001e+00	 2.0089e-01	 3.6322e+02	 5.5982e+03	-8.7699e+01	 8.9321e+05	 3.5887e+04	-2.4890e+01
 3.1737e+03	 5.5783e+03	 5.0607e+00	 1.0658e-01	 3.6321e+02	 5.6010e+03	-8.8794e+01	 5.3201e+06	 1.1204e+05	-4.7482e+01
 1.0043e+03	 5.5783e+03	 5.1028e+00	 7.9502e-02	 3.6321e+02	 5.6035e+03	-8.9107e+01	 2.2538e+07	 3.5114e+05	-6.4185e+01
 3.1783e+02	 5.5783e+03	 5.1465e+00	 8.5418e-02	 3.6321e+02	 5.6061e+03	-8.9049e+01	 6.6287e+07	 1.1002e+06	-6.0251e+01
 1.0058e+02	 5.5783e+03	 5.2024e+00	 1.1733e-01	 3.6321e+02	 5.6088e+03	-8.8708e+01	 1.5249e+08	 3.4392e+06	-4.4339e+01
 3.1829e+01	 5.5783e+03	 5.2832e+00	 1.8470e-01	 3.6322e+02	 5.6116e+03	-8.7998e+01	 3.0612e+08	 1.0702e+07	-2.8604e+01
 1.0072e+01	 5.5783e+03	 5.4054e+00	 3.2836e-01	 3.6321e+02	 5.6146e+03	-8.6524e+01	 5.4412e+08	 3.3053e+07	-1.6462e+01
 1.0000e+06	 5.6119e+03	 3.0635e+00	 3.3049e-01	 3.6321e+02	 5.6215e+03	-8.3843e+01	 5.4452e+03	 5.8743e+02	-9.2696e+00
 3.1646e+05	 5.6119e+03	 3.4992e+00	 8.7067e-01	 3.6321e+02	 5.6241e+03	-7.6027e+01	 6.5313e+03	 1.6251e+03	-4.0189e+00
 1.0014e+05	 5.6119e+03	 4.4060e+00	 8.3428e-01	 3.6321e+02	 5.6268e+03	-7.9278e+01	 2.1539e+04	 4.0784e+03	-5.2812e+00
 3.1691e+04	 5.6119e+03	 4.8790e+00	 4.4396e-01	 3.6321e+02	 5.6295e+03	-8.4801e+01	 1.2790e+05	 1.1639e+04	-1.0990e+01
 1.0029e+04	 5.6119e+03	 5.0306e+00	 2.0470e-01	 3.6321e+02	 5.6322e+03	-8.7670e+01	 8.7659e+05	 3.5669e+04	-2.4575e+01
 3.1737e+03	 5.6119e+03	 5.0917e+00	 1.0801e-01	 3.6321e+02	 5.6350e+03	-8.8785e+01	 5.2496e+06	 1.1136e+05	-4.7139e+01
 1.0043e+03	 5.6119e+03	 5.1333e+00	 7.9127e-02	 3.6320e+02	 5.6375e+03	-8.9117e+01	 2.2645e+07	 3.4906e+05	-6.4875e+01
 3.1783e+02	 5.6119e+03	 5.1767e+00	 8.5358e-02	 3.6321e+02	 5.6401e+03	-8.9055e+01	 6.6334e+07	 1.0938e+06	-6.0647e+01
 1.0058e+02	 5.6119e+03	 5.2325e+00	 1.1861e-01	 3.6321e+02	 5.6428e+03	-8.8701e+01	 1.5085e+08	 3.4195e+06	-4.4116e+01
 3.1829e+01	 5.6119e+03	 5.3126e+00	 1.9683e-01	 3.6321e+02	 5.6456e+03	-8.7878e+01	 2.8725e+08	 1.0643e+07	-2.6991e+01
 1.0072e+01	 5.6119e+03	 5.4323e+00	 3.4663e-01	 3.6321e+02	 5.6485e+03	-8.6349e+01	 5.1544e+08	 3.2889e+07	-1.5672e+01
 1.0000e+06	 5.6458e+03	 3.0726e+00	 3.2898e-01	 3.6320e+02	 5.6556e+03	-8.3889e+01	 5.4701e+03	 5.8568e+02	-9.3398e+00
 3.1646e+05	 5.6458e+03	 3.5062e+00	 8.7375e-01	 3.6320e+02	 5.6582e+03	-7.6007e+01	 6.5083e+03	 1.6219e+03	-4.0128e+00
 1.0014e+05	 5.6458e+03	 4.4200e+00	 8.4407e-01	 3.6320e+02	 5.6609e+03	-7.9189e+01	 2.1290e+04	 4.0655e+03	-5.2366e+00
 3.1691e+04	 5.6458e+03	 4.9014e+00	 4.5123e-01	 3.6320e+02	 5.6636e+03	-8.4740e+01	 1.2584e+05	 1.1585e+04	-1.0862e+01
 1.0029e+04	 5.6458e+03	 5.0557e+00	 2.0771e-01	 3.6321e+02	 5.6663e+03	-8.7647e+01	 8.6390e+05	 3.5493e+04	-2.4340e+01
 3.1737e+03	 5.6458e+03	 5.1175e+00	 1.0941e-01	 3.6320e+02	 5.6690e+03	-8.8775e+01	 5.1826e+06	 1.1080e+05	-4.6774e+01
 1.0043e+03	 5.6458e+03	 5.1591e+00	 8.0658e-02	 3.6319e+02	 5.6715e+03	-8.9104e+01	 2.2215e+07	 3.4731e+05	-6.3962e+01
 3.1783e+02	 5.6458e+03	 5.2021e+00	 8.4399e-02	 3.6320e+02	 5.6741e+03	-8.9071e+01	 6.7088e+07	 1.0884e+06	-6.1638e+01
 1.0058e+02	 5.6458e+03	 5.2567e+00	 1.1578e-01	 3.6320e+02	 5.6768e+03	-8.8738e+01	 1.5454e+08	 3.4037e+06	-4.5402e+01
 3.1829e+01	 5.6458e+03	 5.3361e+00	 1.8339e-01	 3.6319e+02	 5.6796e+03	-8.8032e+01	 3.0830e+08	 1.0596e+07	-2.9097e+01
 1.0072e+01	 5.6458e+03	 5.4589e+00	 3.1719e-01	 3.6319e+02	 5.6826e+03	-8.6675e+01	 5.6328e+08	 3.2729e+07	-1.7210e+01
 1.0000e+06	 5.6799e+03	 3.0802e+00	 3.2757e-01	 3.6319e+02	 5.6895e+03	-8.3930e+01	 5.4937e+03	 5.8425e+02	-9.4031e+00
 3.1646e+05	 5.6799e+03	 3.5109e+00	 8.7605e-01	 3.6319e+02	 5.6921e+03	-7.5990e+01	 6.4913e+03	 1.6197e+03	-4.0077e+00
 1.0014e+05	 5.6799e+03	 4.4308e+00	 8.5275e-01	 3.6319e+02	 5.6945e+03	-7.9106e+01	 2.1073e+04	 4.0557e+03	-5.1958e+00
 3.1691e+04	 5.6799e+03	 4.9203e+00	 4.5771e-01	 3.6320e+02	 5.6972e+03	-8.4685e+01	 1.2406e+05	 1.1541e+04	-1.0750e+01
 1.0029e+04	 5.6799e+03	 5.0772e+00	 2.1063e-01	 3.6319e+02	 5.6997e+03	-8.7624e+01	 8.5190e+05	 3.5342e+04	-2.4104e+01
 3.1737e+03	 5.6799e+03	 5.1389e+00	 1.1026e-01	 3.6319e+02	 5.7024e+03	-8.8771e+01	 5.1429e+06	 1.1034e+05	-4.6609e+01
 1.0043e+03	 5.6799e+03	 5.1803e+00	 7.9795e-02	 3.6318e+02	 5.7049e+03	-8.9118e+01	 2.2455e+07	 3.4589e+05	-6.4921e+01
 3.1783e+02	 5.6799e+03	 5.2225e+00	 8.7443e-02	 3.6319e+02	 5.7076e+03	-8.9041e+01	 6.4752e+07	 1.0842e+06	-5.9725e+01
 1.0058e+02	 5.6799e+03	 5.2768e+00	 1.3062e-01	 3.6319e+02	 5.7100e+03	-8.8582e+01	 1.3698e+08	 3.3908e+06	-4.0397e+01
 3.1829e+01	 5.6799e+03	 5.3553e+00	 2.6767e-01	 3.6319e+02	 5.7130e+03	-8.7139e+01	 2.1123e+08	 1.0558e+07	-2.0007e+01
 1.0072e+01	 5.6799e+03	 5.4744e+00	 4.3240e-01	 3.6318e+02	 5.7162e+03	-8.5484e+01	 4.1320e+08	 3.2637e+07	-1.2661e+01
 1.0000e+06	 5.7135e+03	 3.0864e+00	 3.2650e-01	 3.6318e+02	 5.7227e+03	-8.3961e+01	 5.5116e+03	 5.8306e+02	-9.4529e+00
 3.1646e+05	 5.7135e+03	 3.5145e+00	 8.7755e-01	 3.6319e+02	 5.7253e+03	-7.5980e+01	 6.4802e+03	 1.6181e+03	-4.0049e+00
 1.0014e+05	 5.7135e+03	 4.4396e+00	 8.6047e-01	 3.6319e+02	 5.7279e+03	-7.9031e+01	 2.0884e+04	 4.0476e+03	-5.1595e+00
 3.1691e+04	 5.7135e+03	 4.9361e+00	 4.6357e-01	 3.6319e+02	 5.7306e+03	-8.4635e+01	 1.2249e+05	 1.1504e+04	-1.0648e+01
 1.0029e+04	 5.7135e+03	 5.0958e+00	 2.1342e-01	 3.6320e+02	 5.7332e+03	-8.7602e+01	 8.4076e+05	 3.5213e+04	-2.3877e+01
 3.1737e+03	 5.7135e+03	 5.1586e+00	 1.1109e-01	 3.6319e+02	 5.7359e+03	-8.8766e+01	 5.1043e+06	 1.0992e+05	-4.6437e+01
 1.0043e+03	 5.7135e+03	 5.2006e+00	 8.0262e-02	 3.6319e+02	 5.7385e+03	-8.9116e+01	 2.2325e+07	 3.4454e+05	-6.4795e+01
 3.1783e+02	 5.7135e+03	 5.2427e+00	 8.6079e-02	 3.6319e+02	 5.7410e+03	-8.9059e+01	 6.5778e+07	 1.0800e+06	-6.0905e+01
 1.0058e+02	 5.7135e+03	 5.2970e+00	 1.3189e-01	 3.6319e+02	 5.7438e+03	-8.8574e+01	 1.3566e+08	 3.3778e+06	-4.0163e+01
 3.1829e+01	 5.7135e+03	 5.3753e+00	 1.9161e-01	 3.6319e+02	 5.7466e+03	-8.7958e+01	 2.9507e+08	 1.0518e+07	-2.8053e+01
 1.0072e+01	 5.7135e+03	 5.4973e+00	 3.4617e-01	 3.6319e+02	 5.7497e+03	-8.6397e+01	 5.1611e+08	 3.2501e+07	-1.5880e+01
 1.0000e+06	 5.7470e+03	 3.0924e+00	 3.2567e-01	 3.6319e+02	 5.7565e+03	-8.3988e+01	 5.5258e+03	 5.8193e+02	-9.4956e+00
 3.1646e+05	 5.7470e+03	 3.5184e+00	 8.7931e-01	 3.6319e+02	 5.7591e+03	-7.5968e+01	 6.4671e+03	 1.6162e+03	-4.0013e+00
 1.0014e+05	 5.7470e+03	 4.4486e+00	 8.6812e-01	 3.6319e+02	 5.7617e+03	-7.8958e+01	 2.0700e+04	 4.0394e+03	-5.1244e+00
 3.1691e+04	 5.7470e+03	 4.9524e+00	 4.6952e-01	 3.6319e+02	 5.7645e+03	-8.4584e+01	 1.2094e+05	 1.1466e+04	-1.0548e+01
 1.0029e+04	 5.7470e+03	 5.1146e+00	 2.1593e-01	 3.6320e+02	 5.7670e+03	-8.7583e+01	 8.3101e+05	 3.5084e+04	-2.3687e+01
 3.1737e+03	 5.7470e+03	 5.1775e+00	 1.1201e-01	 3.6320e+02	 5.7701e+03	-8.8761e+01	 5.0621e+06	 1.0952e+05	-4.6222e+01
 1.0043e+03	 5.7470e+03	 5.2191e+00	 8.0790e-02	 3.6320e+02	 5.7726e+03	-8.9113e+01	 2.2179e+07	 3.4331e+05	-6.4601e+01
 3.1783e+02	 5.7470e+03	 5.2614e+00	 8.8093e-02	 3.6319e+02	 5.7755e+03	-8.9041e+01	 6.4274e+07	 1.0762e+06	-5.9725e+01
 1.0058e+02	 5.7470e+03	 5.3148e+00	 1.2634e-01	 3.6320e+02	 5.7779e+03	-8.8638e+01	 1.4162e+08	 3.3665e+06	-4.2068e+01
 3.1829e+01	 5.7470e+03	 5.3931e+00	 2.0433e-01	 3.6320e+02	 5.7808e+03	-8.7830e+01	 2.7671e+08	 1.0484e+07	-2.6394e+01
 1.0072e+01	 5.7470e+03	 5.5144e+00	 3.7350e-01	 3.6320e+02	 5.7837e+03	-8.6125e+01	 4.7836e+08	 3.2400e+07	-1.4764e+01
 1.0000e+06	 5.7810e+03	 3.0979e+00	 3.2399e-01	 3.6320e+02	 5.7903e+03	-8.4030e+01	 5.5544e+03	 5.8090e+02	-9.5618e+00
 3.1646e+05	 5.7810e+03	 3.5214e+00	 8.8057e-01	 3.6320e+02	 5.7929e+03	-7.5960e+01	 6.4579e+03	 1.6149e+03	-3.9990e+00
 1.0014e+05	 5.7810e+03	 4.4559e+00	 8.7503e-01	 3.6320e+02	 5.7956e+03	-7.8890e+01	 2.0536e+04	 4.0328e+03	-5.0923e+00
 3.1691e+04	 5.7810e+03	 4.9663e+00	 4.7485e-01	 3.6319e+02	 5.7983e+03	-8.4538e+01	 1.1958e+05	 1.1434e+04	-1.0459e+01
 1.0029e+04	 5.7810e+03	 5.1309e+00	 2.1835e-01	 3.6319e+02	 5.8010e+03	-8.7563e+01	 8.2179e+05	 3.4972e+04	-2.3498e+01
 3.1737e+03	 5.7810e+03	 5.1944e+00	 1.1311e-01	 3.6319e+02	 5.8038e+03	-8.8753e+01	 5.0129e+06	 1.0916e+05	-4.5921e+01
 1.0043e+03	 5.7810e+03	 5.2355e+00	 8.1047e-02	 3.6319e+02	 5.8062e+03	-8.9113e+01	 2.2108e+07	 3.4224e+05	-6.4599e+01
 3.1783e+02	 5.7810e+03	 5.2772e+00	 8.7602e-02	 3.6319e+02	 5.8088e+03	-8.9049e+01	 6.4635e+07	 1.0729e+06	-6.0241e+01
 1.0058e+02	 5.7810e+03	 5.3308e+00	 1.2062e-01	 3.6319e+02	 5.8115e+03	-8.8704e+01	 1.4834e+08	 3.3564e+06	-4.4195e+01
 3.1829e+01	 5.7810e+03	 5.4081e+00	 1.9259e-01	 3.6319e+02	 5.8144e+03	-8.7960e+01	 2.9357e+08	 1.0455e+07	-2.8081e+01
 1.0072e+01	 5.7810e+03	 5.5280e+00	 3.5198e-01	 3.6318e+02	 5.8175e+03	-8.6357e+01	 5.0759e+08	 3.2320e+07	-1.5705e+01
 1.0000e+06	 5.8148e+03	 3.1022e+00	 3.2270e-01	 3.6319e+02	 5.8243e+03	-8.4061e+01	 5.5766e+03	 5.8009e+02	-9.6133e+00
 3.1646e+05	 5.8148e+03	 3.5227e+00	 8.8097e-01	 3.6319e+02	 5.8269e+03	-7.5959e+01	 6.4550e+03	 1.6143e+03	-3.9987e+00
 1.0014e+05	 5.8148e+03	 4.4609e+00	 8.8129e-01	 3.6319e+02	 5.8296e+03	-7.8825e+01	 2.0390e+04	 4.0283e+03	-5.0617e+00
 3.1691e+04	 5.8148e+03	 4.9775e+00	 4.8000e-01	 3.6319e+02	 5.8326e+03	-8.4492e+01	 1.1830e+05	 1.1408e+04	-1.0370e+01
 1.0029e+04	 5.8148e+03	 5.1443e+00	 2.2065e-01	 3.6318e+02	 5.8351e+03	-8.7544e+01	 8.1324e+05	 3.4881e+04	-2.3315e+01
 3.1737e+03	 5.8148e+03	 5.2082e+00	 1.1384e-01	 3.6319e+02	 5.8381e+03	-8.8748e+01	 4.9809e+06	 1.0887e+05	-4.5750e+01
 1.0043e+03	 5.8148e+03	 5.2495e+00	 8.1080e-02	 3.6319e+02	 5.8405e+03	-8.9115e+01	 2.2099e+07	 3.4133e+05	-6.4745e+01
 3.1783e+02	 5.8148e+03	 5.2910e+00	 8.4461e-02	 3.6318e+02	 5.8432e+03	-8.9085e+01	 6.7039e+07	 1.0701e+06	-6.2645e+01
 1.0058e+02	 5.8148e+03	 5.3440e+00	 1.1933e-01	 3.6318e+02	 5.8458e+03	-8.8721e+01	 1.4993e+08	 3.3481e+06	-4.4782e+01
 3.1829e+01	 5.8148e+03	 5.4207e+00	 1.9291e-01	 3.6318e+02	 5.8487e+03	-8.7962e+01	 2.9309e+08	 1.0430e+07	-2.8100e+01
 1.0072e+01	 5.8148e+03	 5.5409e+00	 3.5078e-01	 3.6318e+02	 5.8519e+03	-8.6378e+01	 5.0933e+08	 3.2245e+07	-1.5796e+01
 1.0000e+06	 5.8491e+03	 3.1058e+00	 3.2023e-01	 3.6317e+02	 5.8584e+03	-8.4113e+01	 5.6196e+03	 5.7943e+02	-9.6985e+00
 3.1646e+05	 5.8491e+03	 3.5230e+00	 8.8098e-01	 3.6316e+02	 5.8613e+03	-7.5960e+01	 6.4549e+03	 1.6141e+03	-3.9990e+00
 1.0014e+05	 5.8491e+03	 4.4642e+00	 8.8703e-01	 3.6317e+02	 5.8638e+03	-7.8762e+01	 2.0258e+04	 4.0253e+03	-5.0327e+00
 3.1691e+04	 5.8491e+03	 4.9869e+00	 4.8479e-01	 3.6316e+02	 5.8665e+03	-8.4448e+01	 1.1713e+05	 1.1387e+04	-1.0287e+01
 1.0029e+04	 5.8491e+03	 5.1558e+00	 2.2281e-01	 3.6316e+02	 5.8690e+03	-8.7525e+01	 8.0536e+05	 3.4804e+04	-2.3140e+01
 3.1737e+03	 5.8491e+03	 5.2200e+00	 1.1430e-01	 3.6315e+02	 5.8718e+03	-8.8746e+01	 4.9607e+06	 1.0863e+05	-4.5667e+01
 1.0043e+03	 5.8491e+03	 5.2612e+00	 8.0747e-02	 3.6315e+02	 5.8743e+03	-8.9121e+01	 2.2190e+07	 3.4057e+05	-6.5156e+01
 3.1783e+02	 5.8491e+03	 5.3022e+00	 8.4995e-02	 3.6314e+02	 5.8769e+03	-8.9082e+01	 6.6617e+07	 1.0679e+06	-6.2383e+01
 1.0058e+02	 5.8491e+03	 5.3550e+00	 1.1706e-01	 3.6314e+02	 5.8795e+03	-8.8748e+01	 1.5285e+08	 3.3412e+06	-4.5746e+01
 3.1829e+01	 5.8491e+03	 5.4322e+00	 1.9351e-01	 3.6314e+02	 5.8825e+03	-8.7960e+01	 2.9218e+08	 1.0408e+07	-2.8072e+01
 1.0072e+01	 5.8491e+03	 5.5509e+00	 3.4573e-01	 3.6313e+02	 5.8855e+03	-8.6436e+01	 5.1678e+08	 3.2187e+07	-1.6056e+01
 1.0000e+06	 5.8829e+03	 3.1087e+00	 3.1822e-01	 3.6311e+02	 5.8922e+03	-8.4155e+01	 5.6551e+03	 5.7888e+02	-9.7689e+00
 3.1646e+05	 5.8829e+03	 3.5223e+00	 8.8030e-01	 3.6311e+02	 5.8948e+03	-7.5968e+01	 6.4599e+03	 1.6145e+03	-4.0012e+00
 1.0014e+05	 5.8829e+03	 4.4662e+00	 8.9277e-01	 3.6311e+02	 5.8975e+03	-7.8696e+01	 2.0128e+04	 4.0235e+03	-5.0026e+00
 3.1691e+04	 5.8829e+03	 4.9951e+00	 4.8974e-01	 3.6311e+02	 5.9005e+03	-8.4400e+01	 1.1595e+05	 1.1368e+04	-1.0199e+01
 1.0029e+04	 5.8829e+03	 5.1665e+00	 2.2523e-01	 3.6311e+02	 5.9030e+03	-8.7504e+01	 7.9669e+05	 3.4731e+04	-2.2939e+01
 3.1737e+03	 5.8829e+03	 5.2310e+00	 1.1550e-01	 3.6310e+02	 5.9058e+03	-8.8735e+01	 4.9095e+06	 1.0840e+05	-4.5292e+01
 1.0043e+03	 5.8829e+03	 5.2726e+00	 8.1487e-02	 3.6310e+02	 5.9083e+03	-8.9115e+01	 2.1989e+07	 3.3983e+05	-6.4705e+01
 3.1783e+02	 5.8829e+03	 5.3136e+00	 8.5631e-02	 3.6310e+02	 5.9109e+03	-8.9077e+01	 6.6122e+07	 1.0656e+06	-6.2053e+01
 1.0058e+02	 5.8829e+03	 5.3659e+00	 1.2128e-01	 3.6310e+02	 5.9133e+03	-8.8705e+01	 1.4753e+08	 3.3344e+06	-4.4243e+01
 3.1829e+01	 5.8829e+03	 5.4420e+00	 1.9984e-01	 3.6310e+02	 5.9161e+03	-8.7897e+01	 2.8292e+08	 1.0390e+07	-2.7232e+01
 1.0072e+01	 5.8829e+03	 5.5582e+00	 4.0555e-01	 3.6310e+02	 5.9190e+03	-8.5827e+01	 4.4055e+08	 3.2144e+07	-1.3705e+01
 1.0000e+06	 5.9163e+03	 3.1117e+00	 3.1811e-01	 3.6310e+02	 5.9258e+03	-8.4163e+01	 5.6571e+03	 5.7832e+02	-9.7818e+00
 3.1646e+05	 5.9163e+03	 3.5223e+00	 8.7994e-01	 3.6310e+02	 5.9284e+03	-7.5974e+01	 6.4625e+03	 1.6145e+03	-4.0029e+00
 1.0014e+05	 5.9163e+03	 4.4690e+00	 8.9773e-01	 3.6310e+02	 5.9309e+03	-7.8642e+01	 2.0017e+04	 4.0210e+03	-4.9781e+00
 3.1691e+04	 5.9163e+03	 5.0033e+00	 4.9394e-01	 3.6311e+02	 5.9336e+03	-8.4362e+01	 1.1496e+05	 1.1349e+04	-1.0129e+01
 1.0029e+04	 5.9163e+03	 5.1769e+00	 2.2693e-01	 3.6311e+02	 5.9360e+03	-8.7490e+01	 7.9071e+05	 3.4662e+04	-2.2812e+01
 3.1737e+03	 5.9163e+03	 5.2418e+00	 1.1572e-01	 3.6310e+02	 5.9389e+03	-8.8735e+01	 4.9002e+06	 1.0817e+05	-4.5299e+01
 1.0043e+03	 5.9163e+03	 5.2834e+00	 8.1470e-02	 3.6311e+02	 5.9414e+03	-8.9117e+01	 2.1993e+07	 3.3914e+05	-6.4850e+01
 3.1783e+02	 5.9163e+03	 5.3246e+00	 8.3716e-02	 3.6311e+02	 5.9440e+03	-8.9099e+01	 6.7635e+07	 1.0634e+06	-6.3603e+01
 1.0058e+02	 5.9163e+03	 5.3769e+00	 1.1095e-01	 3.6311e+02	 5.9465e+03	-8.8818e+01	 1.6126e+08	 3.3276e+06	-4.8462e+01
 3.1829e+01	 5.9163e+03	 5.4531e+00	 1.8853e-01	 3.6311e+02	 5.9494e+03	-8.8020e+01	 2.9990e+08	 1.0368e+07	-2.8924e+01
 1.0072e+01	 5.9163e+03	 5.5735e+00	 3.1408e-01	 3.6312e+02	 5.9524e+03	-8.6775e+01	 5.6885e+08	 3.2056e+07	-1.7745e+01
 1.0000e+06	 5.9498e+03	 3.1148e+00	 3.1519e-01	 3.6312e+02	 5.9591e+03	-8.4222e+01	 5.7094e+03	 5.7775e+02	-9.8821e+00
 3.1646e+05	 5.9498e+03	 3.5232e+00	 8.8019e-01	 3.6312e+02	 5.9617e+03	-7.5973e+01	 6.4607e+03	 1.6140e+03	-4.0028e+00
 1.0014e+05	 5.9498e+03	 4.4727e+00	 9.0263e-01	 3.6312e+02	 5.9642e+03	-7.8590e+01	 1.9908e+04	 4.0177e+03	-4.9552e+00
 3.1691e+04	 5.9498e+03	 5.0117e+00	 4.9761e-01	 3.6313e+02	 5.9673e+03	-8.4330e+01	 1.1411e+05	 1.1330e+04	-1.0072e+01
 1.0029e+04	 5.9498e+03	 5.1873e+00	 2.2871e-01	 3.6312e+02	 5.9697e+03	-8.7475e+01	 7.8457e+05	 3.4592e+04	-2.2681e+01
 3.1737e+03	 5.9498e+03	 5.2524e+00	 1.1632e-01	 3.6313e+02	 5.9725e+03	-8.8731e+01	 4.8749e+06	 1.0796e+05	-4.5156e+01
 1.0043e+03	 5.9498e+03	 5.2935e+00	 8.0851e-02	 3.6313e+02	 5.9750e+03	-8.9125e+01	 2.2162e+07	 3.3849e+05	-6.5472e+01
 3.1783e+02	 5.9498e+03	 5.3343e+00	 8.2768e-02	 3.6314e+02	 5.9776e+03	-8.9111e+01	 6.8410e+07	 1.0615e+06	-6.4449e+01
 1.0058e+02	 5.9498e+03	 5.3864e+00	 1.1248e-01	 3.6314e+02	 5.9802e+03	-8.8804e+01	 1.5908e+08	 3.3218e+06	-4.7889e+01
 3.1829e+01	 5.9498e+03	 5.4627e+00	 1.7667e-01	 3.6314e+02	 5.9833e+03	-8.8148e+01	 3.2002e+08	 1.0350e+07	-3.0920e+01
 1.0072e+01	 5.9498e+03	 5.5818e+00	 3.0191e-01	 3.6315e+02	 5.9862e+03	-8.6904e+01	 5.9179e+08	 3.2009e+07	-1.8488e+01
 1.0000e+06	 5.9835e+03	 3.1179e+00	 3.1075e-01	 3.6314e+02	 5.9928e+03	-8.4308e+01	 5.7910e+03	 5.7718e+02	-1.0033e+01
 3.1646e+05	 5.9835e+03	 3.5239e+00	 8.8054e-01	 3.6315e+02	 5.9954e+03	-7.5970e+01	 6.4581e+03	 1.6137e+03	-4.0020e+00
 1.0014e+05	 5.9835e+03	 4.4757e+00	 9.0690e-01	 3.6315e+02	 5.9979e+03	-7.8545e+01	 1.9815e+04	 4.0150e+03	-4.9351e+00
 3.1691e+04	 5.9835e+03	 5.0195e+00	 5.0139e-01	 3.6315e+02	 6.0006e+03	-8.4296e+01	 1.1325e+05	 1.1313e+04	-1.0011e+01
 1.0029e+04	 5.9835e+03	 5.1964e+00	 2.3039e-01	 3.6316e+02	 6.0030e+03	-8.7461e+01	 7.7886e+05	 3.4531e+04	-2.2555e+01
 3.1737e+03	 5.9835e+03	 5.2623e+00	 1.1712e-01	 3.6315e+02	 6.0059e+03	-8.8725e+01	 4.8413e+06	 1.0775e+05	-4.4930e+01
 1.0043e+03	 5.9835e+03	 5.3040e+00	 8.1681e-02	 3.6316e+02	 6.0084e+03	-8.9118e+01	 2.1937e+07	 3.3782e+05	-6.4935e+01
 3.1783e+02	 5.9835e+03	 5.3444e+00	 8.3772e-02	 3.6315e+02	 6.0111e+03	-8.9102e+01	 6.7590e+07	 1.0594e+06	-6.3797e+01
 1.0058e+02	 5.9835e+03	 5.3960e+00	 1.1676e-01	 3.6315e+02	 6.0135e+03	-8.8760e+01	 1.5324e+08	 3.3158e+06	-4.6216e+01
 3.1829e+01	 5.9835e+03	 5.4713e+00	 2.0312e-01	 3.6316e+02	 6.0165e+03	-8.7874e+01	 2.7836e+08	 1.0334e+07	-2.6937e+01
 1.0072e+01	 5.9835e+03	 5.5892e+00	 4.1647e-01	 3.6316e+02	 6.0197e+03	-8.5739e+01	 4.2900e+08	 3.1966e+07	-1.3420e+01
 1.0000e+06	 6.0169e+03	 3.1206e+00	 3.0626e-01	 3.6316e+02	 6.0262e+03	-8.4395e+01	 5.8759e+03	 5.7668e+02	-1.0189e+01
 3.1646e+05	 6.0169e+03	 3.5239e+00	 8.8035e-01	 3.6316e+02	 6.0287e+03	-7.5973e+01	 6.4595e+03	 1.6137e+03	-4.0028e+00
 1.0014e+05	 6.0169e+03	 4.4778e+00	 9.1108e-01	 3.6316e+02	 6.0314e+03	-7.8499e+01	 1.9724e+04	 4.0131e+03	-4.9148e+00
 3.1691e+04	 6.0169e+03	 5.0259e+00	 5.0485e-01	 3.6317e+02	 6.0340e+03	-8.4264e+01	 1.1248e+05	 1.1298e+04	-9.9553e+00
 1.0029e+04	 6.0169e+03	 5.2046e+00	 2.3204e-01	 3.6317e+02	 6.0367e+03	-8.7447e+01	 7.7331e+05	 3.4477e+04	-2.2430e+01
 3.1737e+03	 6.0169e+03	 5.2706e+00	 1.1771e-01	 3.6316e+02	 6.0394e+03	-8.8721e+01	 4.8172e+06	 1.0758e+05	-4.4777e+01
 1.0043e+03	 6.0169e+03	 5.3123e+00	 8.1694e-02	 3.6317e+02	 6.0420e+03	-8.9119e+01	 2.1933e+07	 3.3729e+05	-6.5026e+01
 3.1783e+02	 6.0169e+03	 5.3529e+00	 8.4223e-02	 3.6317e+02	 6.0446e+03	-8.9099e+01	 6.7228e+07	 1.0578e+06	-6.3556e+01
 1.0058e+02	 6.0169e+03	 5.4046e+00	 1.1379e-01	 3.6317e+02	 6.0473e+03	-8.8794e+01	 1.5724e+08	 3.3106e+06	-4.7495e+01
 3.1829e+01	 6.0169e+03	 5.4797e+00	 1.8447e-01	 3.6317e+02	 6.0501e+03	-8.8072e+01	 3.0650e+08	 1.0318e+07	-2.9706e+01
 1.0072e+01	 6.0169e+03	 5.5971e+00	 2.9644e-01	 3.6317e+02	 6.0532e+03	-8.6968e+01	 6.0271e+08	 3.1921e+07	-1.8881e+01
 1.0000e+06	 6.0504e+03	 3.1229e+00	 3.0358e-01	 3.6317e+02	 6.0601e+03	-8.4448e+01	 5.9279e+03	 5.7626e+02	-1.0287e+01
 3.1646e+05	 6.0504e+03	 3.5234e+00	 8.8002e-01	 3.6317e+02	 6.0627e+03	-7.5976e+01	 6.4619e+03	 1.6140e+03	-4.0037e+00
 1.0014e+05	 6.0504e+03	 4.4793e+00	 9.1529e-01	 3.6317e+02	 6.0653e+03	-7.8451e+01	 1.9633e+04	 4.0117e+03	-4.8939e+00
 3.1691e+04	 6.0504e+03	 5.0325e+00	 5.0846e-01	 3.6316e+02	 6.0680e+03	-8.4231e+01	 1.1168e+05	 1.1284e+04	-9.8975e+00
 1.0029e+04	 6.0504e+03	 5.2124e+00	 2.3345e-01	 3.6316e+02	 6.0707e+03	-8.7436e+01	 7.6863e+05	 3.4425e+04	-2.2328e+01
 3.1737e+03	 6.0504e+03	 5.2785e+00	 1.1871e-01	 3.6315e+02	 6.0735e+03	-8.8712e+01	 4.7767e+06	 1.0742e+05	-4.4467e+01
 1.0043e+03	 6.0504e+03	 5.3201e+00	 8.3363e-02	 3.6316e+02	 6.0762e+03	-8.9102e+01	 2.1494e+07	 3.3680e+05	-6.3818e+01
 3.1783e+02	 6.0504e+03	 5.3606e+00	 8.3681e-02	 3.6316e+02	 6.0787e+03	-8.9106e+01	 6.7663e+07	 1.0562e+06	-6.4059e+01
 1.0058e+02	 6.0504e+03	 5.4115e+00	 1.3149e-01	 3.6316e+02	 6.0814e+03	-8.8608e+01	 1.3608e+08	 3.3063e+06	-4.1157e+01
 3.1829e+01	 6.0504e+03	 5.4864e+00	 1.9383e-01	 3.6315e+02	 6.0842e+03	-8.7977e+01	 2.9169e+08	 1.0305e+07	-2.8305e+01
 1.0072e+01	 6.0504e+03	 5.6019e+00	 3.3926e-01	 3.6316e+02	 6.0872e+03	-8.6534e+01	 5.2663e+08	 3.1894e+07	-1.6512e+01
 1.0000e+06	 6.0845e+03	 3.1252e+00	 2.9757e-01	 3.6316e+02	 6.0940e+03	-8.4561e+01	 6.0476e+03	 5.7582e+02	-1.0503e+01
 3.1646e+05	 6.0845e+03	 3.5222e+00	 8.7926e-01	 3.6316e+02	 6.0966e+03	-7.5984e+01	 6.4675e+03	 1.6145e+03	-4.0059e+00
 1.0014e+05	 6.0845e+03	 4.4800e+00	 9.1937e-01	 3.6316e+02	 6.0993e+03	-7.8403e+01	 1.9546e+04	 4.0111e+03	-4.8729e+00
 3.1691e+04	 6.0845e+03	 5.0374e+00	 5.1183e-01	 3.6316e+02	 6.1020e+03	-8.4198e+01	 1.1094e+05	 1.1273e+04	-9.8420e+00
 1.0029e+04	 6.0845e+03	 5.2194e+00	 2.3506e-01	 3.6315e+02	 6.1048e+03	-8.7421e+01	 7.6337e+05	 3.4380e+04	-2.2204e+01
 3.1737e+03	 6.0845e+03	 5.2859e+00	 1.1893e-01	 3.6316e+02	 6.1078e+03	-8.8711e+01	 4.7677e+06	 1.0727e+05	-4.4445e+01
 1.0043e+03	 6.0845e+03	 5.3275e+00	 8.2209e-02	 3.6316e+02	 6.1102e+03	-8.9116e+01	 2.1796e+07	 3.3634e+05	-6.4804e+01
 3.1783e+02	 6.0845e+03	 5.3680e+00	 8.3682e-02	 3.6315e+02	 6.1131e+03	-8.9107e+01	 6.7662e+07	 1.0548e+06	-6.4148e+01
 1.0058e+02	 6.0845e+03	 5.4187e+00	 1.1309e-01	 3.6315e+02	 6.1156e+03	-8.8804e+01	 1.5821e+08	 3.3019e+06	-4.7915e+01
 3.1829e+01	 6.0845e+03	 5.4930e+00	 1.7915e-01	 3.6315e+02	 6.1185e+03	-8.8132e+01	 3.1560e+08	 1.0293e+07	-3.0661e+01
 1.0072e+01	 6.0845e+03	 5.6101e+00	 3.1109e-01	 3.6315e+02	 6.1214e+03	-8.6826e+01	 5.7431e+08	 3.1847e+07	-1.8033e+01
 1.0000e+06	 6.1188e+03	 3.1279e+00	 2.9064e-01	 3.6315e+02	 6.1282e+03	-8.4692e+01	 6.1918e+03	 5.7532e+02	-1.0762e+01
 3.1646e+05	 6.1188e+03	 3.5216e+00	 8.7872e-01	 3.6315e+02	 6.1307e+03	-7.5989e+01	 6.4715e+03	 1.6148e+03	-4.0076e+00
 1.0014e+05	 6.1188e+03	 4.4809e+00	 9.2326e-01	 3.6315e+02	 6.1334e+03	-7.8358e+01	 1.9463e+04	 4.0103e+03	-4.8534e+00
 3.1691e+04	 6.1188e+03	 5.0428e+00	 5.1522e-01	 3.6316e+02	 6.1361e+03	-8.4166e+01	 1.1021e+05	 1.1260e+04	-9.7878e+00
 1.0029e+04	 6.1188e+03	 5.2263e+00	 2.3668e-01	 3.6315e+02	 6.1387e+03	-8.7407e+01	 7.5814e+05	 3.4334e+04	-2.2081e+01
 3.1737e+03	 6.1188e+03	 5.2932e+00	 1.1917e-01	 3.6316e+02	 6.1414e+03	-8.8710e+01	 4.7582e+06	 1.0712e+05	-4.4418e+01
 1.0043e+03	 6.1188e+03	 5.3349e+00	 8.2885e-02	 3.6316e+02	 6.1440e+03	-8.9110e+01	 2.1618e+07	 3.3586e+05	-6.4366e+01
 3.1783e+02	 6.1188e+03	 5.3750e+00	 8.4387e-02	 3.6316e+02	 6.1466e+03	-8.9101e+01	 6.7097e+07	 1.0534e+06	-6.3695e+01
 1.0058e+02	 6.1188e+03	 5.4258e+00	 1.2308e-01	 3.6316e+02	 6.1493e+03	-8.8700e+01	 1.4537e+08	 3.2976e+06	-4.4082e+01
 3.1829e+01	 6.1188e+03	 5.4999e+00	 2.1289e-01	 3.6317e+02	 6.1522e+03	-8.7783e+01	 2.6558e+08	 1.0280e+07	-2.5834e+01
 1.0072e+01	 6.1188e+03	 5.6087e+00	 6.3921e-01	 3.6316e+02	 6.1552e+03	-8.3498e+01	 2.7951e+08	 3.1855e+07	-8.7744e+00
 1.0000e+06	 6.1524e+03	 3.1304e+00	 2.8212e-01	 3.6317e+02	 6.1617e+03	-8.4850e+01	 6.3787e+03	 5.7487e+02	-1.1096e+01
 3.1646e+05	 6.1524e+03	 3.5206e+00	 8.7824e-01	 3.6316e+02	 6.1644e+03	-7.5993e+01	 6.4751e+03	 1.6152e+03	-4.0088e+00
 1.0014e+05	 6.1524e+03	 4.4818e+00	 9.2673e-01	 3.6316e+02	 6.1669e+03	-7.8317e+01	 1.9390e+04	 4.0095e+03	-4.8361e+00
 3.1691e+04	 6.1524e+03	 5.0474e+00	 5.1819e-01	 3.6316e+02	 6.1696e+03	-8.4138e+01	 1.0958e+05	 1.1250e+04	-9.7406e+00
 1.0029e+04	 6.1524e+03	 5.2322e+00	 2.3792e-01	 3.6316e+02	 6.1720e+03	-8.7396e+01	 7.5419e+05	 3.4295e+04	-2.1991e+01
 3.1737e+03	 6.1524e+03	 5.2994e+00	 1.1952e-01	 3.6315e+02	 6.1750e+03	-8.8708e+01	 4.7444e+06	 1.0700e+05	-4.4341e+01
 1.0043e+03	 6.1524e+03	 5.3409e+00	 8.2085e-02	 3.6315e+02	 6.1775e+03	-8.9119e+01	 2.1829e+07	 3.3549e+05	-6.5065e+01
 3.1783e+02	 6.1524e+03	 5.3808e+00	 8.1839e-02	 3.6316e+02	 6.1803e+03	-8.9129e+01	 6.9186e+07	 1.0523e+06	-6.5748e+01
 1.0058e+02	 6.1524e+03	 5.4313e+00	 1.0931e-01	 3.6316e+02	 6.1827e+03	-8.8847e+01	 1.6368e+08	 3.2943e+06	-4.9686e+01
 3.1829e+01	 6.1524e+03	 5.5051e+00	 1.7258e-01	 3.6316e+02	 6.1857e+03	-8.8204e+01	 3.2761e+08	 1.0270e+07	-3.1898e+01
 1.0072e+01	 6.1524e+03	 5.6218e+00	 2.9738e-01	 3.6316e+02	 6.1888e+03	-8.6972e+01	 6.0079e+08	 3.1781e+07	-1.8904e+01
 1.0000e+06	 6.1860e+03	 3.1321e+00	 2.7644e-01	 3.6317e+02	 6.1952e+03	-8.4956e+01	 6.5099e+03	 5.7455e+02	-1.1330e+01
 3.1646e+05	 6.1860e+03	 3.5195e+00	 8.7755e-01	 3.6316e+02	 6.1978e+03	-7.5999e+01	 6.4801e+03	 1.6157e+03	-4.0106e+00
 1.0014e+05	 6.1860e+03	 4.4820e+00	 9.3016e-01	 3.6316e+02	 6.2002e+03	-7.8276e+01	 1.9319e+04	 4.0093e+03	-4.8185e+00
 3.1691e+04	 6.1860e+03	 5.0518e+00	 5.2118e-01	 3.6316e+02	 6.2030e+03	-8.4110e+01	 1.0895e+05	 1.1240e+04	-9.6931e+00
 1.0029e+04	 6.1860e+03	 5.2381e+00	 2.3944e-01	 3.6316e+02	 6.2054e+03	-8.7383e+01	 7.4941e+05	 3.4257e+04	-2.1876e+01
 3.1737e+03	 6.1860e+03	 5.3055e+00	 1.2043e-01	 3.6316e+02	 6.2082e+03	-8.8700e+01	 4.7085e+06	 1.0687e+05	-4.4056e+01
 1.0043e+03	 6.1860e+03	 5.3469e+00	 8.2682e-02	 3.6316e+02	 6.2107e+03	-8.9114e+01	 2.1671e+07	 3.3511e+05	-6.4669e+01
 3.1783e+02	 6.1860e+03	 5.3869e+00	 8.5173e-02	 3.6316e+02	 6.2133e+03	-8.9094e+01	 6.6478e+07	 1.0511e+06	-6.3246e+01
 1.0058e+02	 6.1860e+03	 5.4372e+00	 1.1321e-01	 3.6316e+02	 6.2158e+03	-8.8807e+01	 1.5805e+08	 3.2907e+06	-4.8029e+01
 3.1829e+01	 6.1860e+03	 5.5104e+00	 1.8377e-01	 3.6315e+02	 6.2187e+03	-8.8090e+01	 3.0766e+08	 1.0261e+07	-2.9985e+01
 1.0072e+01	 6.1860e+03	 5.6261e+00	 3.5379e-01	 3.6314e+02	 6.2217e+03	-8.6402e+01	 5.0501e+08	 3.1757e+07	-1.5903e+01
 1.0000e+06	 6.2190e+03	 3.1324e+00	 2.8304e-01	 3.6314e+02	 6.2283e+03	-8.4837e+01	 6.3581e+03	 5.7451e+02	-1.1067e+01
 3.1646e+05	 6.2190e+03	 3.5180e+00	 8.7657e-01	 3.6314e+02	 6.2309e+03	-7.6009e+01	 6.4873e+03	 1.6164e+03	-4.0134e+00
 1.0014e+05	 6.2190e+03	 4.4818e+00	 9.3350e-01	 3.6314e+02	 6.2335e+03	-7.8234e+01	 1.9250e+04	 4.0095e+03	-4.8011e+00
 3.1691e+04	 6.2190e+03	 5.0553e+00	 5.2427e-01	 3.6314e+02	 6.2362e+03	-8.4079e+01	 1.0831e+05	 1.1233e+04	-9.6427e+00
 1.0029e+04	 6.2190e+03	 5.2432e+00	 2.4060e-01	 3.6314e+02	 6.2390e+03	-8.7373e+01	 7.4580e+05	 3.4224e+04	-2.1792e+01
 3.1737e+03	 6.2190e+03	 5.3112e+00	 1.2078e-01	 3.6314e+02	 6.2420e+03	-8.8697e+01	 4.6949e+06	 1.0676e+05	-4.3976e+01
 1.0043e+03	 6.2190e+03	 5.3528e+00	 8.2476e-02	 3.6314e+02	 6.2445e+03	-8.9117e+01	 2.1725e+07	 3.3474e+05	-6.4902e+01
 3.1783e+02	 6.2190e+03	 5.3927e+00	 8.2263e-02	 3.6314e+02	 6.2473e+03	-8.9126e+01	 6.8829e+07	 1.0500e+06	-6.5554e+01
 1.0058e+02	 6.2190e+03	 5.4426e+00	 1.1521e-01	 3.6314e+02	 6.2497e+03	-8.8787e+01	 1.5530e+08	 3.2874e+06	-4.7240e+01
 3.1829e+01	 6.2190e+03	 5.5158e+00	 1.8831e-01	 3.6314e+02	 6.2527e+03	-8.8045e+01	 3.0024e+08	 1.0250e+07	-2.9291e+01
 1.0072e+01	 6.2190e+03	 5.6312e+00	 3.1634e-01	 3.6314e+02	 6.2556e+03	-8.6785e+01	 5.6478e+08	 3.1728e+07	-1.7801e+01
 1.0000e+06	 6.2528e+03	 3.1338e+00	 2.8144e-01	 3.6314e+02	 6.2623e+03	-8.4868e+01	 6.3942e+03	 5.7425e+02	-1.1135e+01
 3.1646e+05	 6.2528e+03	 3.5170e+00	 8.7581e-01	 3.6314e+02	 6.2649e+03	-7.6017e+01	 6.4930e+03	 1.6169e+03	-4.0157e+00
 1.0014e+05	 6.2528e+03	 4.4821e+00	 9.3689e-01	 3.6313e+02	 6.2675e+03	-7.8194e+01	 1.9180e+04	 4.0092e+03	-4.7840e+00
 3.1691e+04	 6.2528e+03	 5.0598e+00	 5.2733e-01	 3.6314e+02	 6.2703e+03	-8.4050e+01	 1.0768e+05	 1.1223e+04	-9.5951e+00
 1.0029e+04	 6.2528e+03	 5.2494e+00	 2.4205e-01	 3.6314e+02	 6.2730e+03	-8.7360e+01	 7.4133e+05	 3.4183e+04	-2.1687e+01
 3.1737e+03	 6.2528e+03	 5.3175e+00	 1.2131e-01	 3.6314e+02	 6.2757e+03	-8.8693e+01	 4.6742e+06	 1.0664e+05	-4.3833e+01
 1.0043e+03	 6.2528e+03	 5.3588e+00	 8.2145e-02	 3.6313e+02	 6.2784e+03	-8.9122e+01	 2.1813e+07	 3.3437e+05	-6.5236e+01
 3.1783e+02	 6.2528e+03	 5.3990e+00	 8.1738e-02	 3.6313e+02	 6.2810e+03	-8.9133e+01	 6.9271e+07	 1.0487e+06	-6.6052e+01
 1.0058e+02	 6.2528e+03	 5.4490e+00	 1.1129e-01	 3.6313e+02	 6.2836e+03	-8.8830e+01	 1.6077e+08	 3.2836e+06	-4.8963e+01
 3.1829e+01	 6.2528e+03	 5.5223e+00	 1.7071e-01	 3.6313e+02	 6.2864e+03	-8.8229e+01	 3.3121e+08	 1.0238e+07	-3.2350e+01
 1.0072e+01	 6.2528e+03	 5.6375e+00	 3.2899e-01	 3.6313e+02	 6.2894e+03	-8.6660e+01	 5.4308e+08	 3.1692e+07	-1.7136e+01
 1.0000e+06	 6.2867e+03	 3.1346e+00	 2.8334e-01	 3.6313e+02	 6.2960e+03	-8.4835e+01	 6.3513e+03	 5.7411e+02	-1.1063e+01
 3.1646e+05	 6.2867e+03	 3.5160e+00	 8.7498e-01	 3.6313e+02	 6.2987e+03	-7.6025e+01	 6.4992e+03	 1.6174e+03	-4.0184e+00
 1.0014e+05	 6.2867e+03	 4.4824e+00	 9.4031e-01	 3.6313e+02	 6.3012e+03	-7.8152e+01	 1.9110e+04	 4.0090e+03	-4.7669e+00
 3.1691e+04	 6.2867e+03	 5.0638e+00	 5.3018e-01	 3.6313e+02	 6.3040e+03	-8.4023e+01	 1.0710e+05	 1.1214e+04	-9.5512e+00
 1.0029e+04	 6.2867e+03	 5.2544e+00	 2.4329e-01	 3.6313e+02	 6.3065e+03	-8.7349e+01	 7.3754e+05	 3.4150e+04	-2.1597e+01
 3.1737e+03	 6.2867e+03	 5.3229e+00	 1.2186e-01	 3.6313e+02	 6.3092e+03	-8.8689e+01	 4.6532e+06	 1.0653e+05	-4.3681e+01
 1.0043e+03	 6.2867e+03	 5.3645e+00	 8.2417e-02	 3.6313e+02	 6.3117e+03	-8.9120e+01	 2.1741e+07	 3.3401e+05	-6.5090e+01
 3.1783e+02	 6.2867e+03	 5.4045e+00	 8.3131e-02	 3.6313e+02	 6.3142e+03	-8.9119e+01	 6.8111e+07	 1.0477e+06	-6.5012e+01
 1.0058e+02	 6.2867e+03	 5.4540e+00	 1.1392e-01	 3.6313e+02	 6.3168e+03	-8.8803e+01	 1.5706e+08	 3.2806e+06	-4.7877e+01
 3.1829e+01	 6.2867e+03	 5.5277e+00	 1.8506e-01	 3.6313e+02	 6.3197e+03	-8.8082e+01	 3.0552e+08	 1.0228e+07	-2.9869e+01
 1.0072e+01	 6.2867e+03	 5.6423e+00	 3.2842e-01	 3.6314e+02	 6.3227e+03	-8.6669e+01	 5.4402e+08	 3.1665e+07	-1.7180e+01
 1.0000e+06	 6.3200e+03	 3.1345e+00	 2.9101e-01	 3.6314e+02	 6.3292e+03	-8.4696e+01	 6.1840e+03	 5.7412e+02	-1.0771e+01
 3.1646e+05	 6.3200e+03	 3.5150e+00	 8.7441e-01	 3.6314e+02	 6.3320e+03	-7.6030e+01	 6.5034e+03	 1.6178e+03	-4.0199e+00
 1.0014e+05	 6.3200e+03	 4.4824e+00	 9.4312e-01	 3.6314e+02	 6.3348e+03	-7.8118e+01	 1.9053e+04	 4.0089e+03	-4.7527e+00
 3.1691e+04	 6.3200e+03	 5.0677e+00	 5.3279e-01	 3.6314e+02	 6.3375e+03	-8.3998e+01	 1.0658e+05	 1.1205e+04	-9.5118e+00
 1.0029e+04	 6.3200e+03	 5.2596e+00	 2.4445e-01	 3.6314e+02	 6.3403e+03	-8.7339e+01	 7.3404e+05	 3.4117e+04	-2.1516e+01
 3.1737e+03	 6.3200e+03	 5.3283e+00	 1.2225e-01	 3.6313e+02	 6.3433e+03	-8.8686e+01	 4.6381e+06	 1.0642e+05	-4.3584e+01
 1.0043e+03	 6.3200e+03	 5.3698e+00	 8.2744e-02	 3.6314e+02	 6.3458e+03	-8.9117e+01	 2.1655e+07	 3.3368e+05	-6.4897e+01
 3.1783e+02	 6.3200e+03	 5.4097e+00	 8.3440e-02	 3.6314e+02	 6.3485e+03	-8.9116e+01	 6.7859e+07	 1.0467e+06	-6.4834e+01
 1.0058e+02	 6.3200e+03	 5.4596e+00	 1.1139e-01	 3.6315e+02	 6.3511e+03	-8.8831e+01	 1.6063e+08	 3.2772e+06	-4.9015e+01
 3.1829e+01	 6.3200e+03	 5.5328e+00	 1.7895e-01	 3.6314e+02	 6.3539e+03	-8.8148e+01	 3.1596e+08	 1.0219e+07	-3.0919e+01
 1.0072e+01	 6.3200e+03	 5.6469e+00	 3.5777e-01	 3.6313e+02	 6.3570e+03	-8.6375e+01	 4.9938e+08	 3.1639e+07	-1.5783e+01
 1.0000e+06	 6.3543e+03	 3.1352e+00	 2.9227e-01	 3.6314e+02	 6.3635e+03	-8.4674e+01	 6.1571e+03	 5.7398e+02	-1.0727e+01
 3.1646e+05	 6.3543e+03	 3.5140e+00	 8.7387e-01	 3.6314e+02	 6.3661e+03	-7.6035e+01	 6.5074e+03	 1.6183e+03	-4.0211e+00
 1.0014e+05	 6.3543e+03	 4.4828e+00	 9.4627e-01	 3.6314e+02	 6.3688e+03	-7.8080e+01	 1.8990e+04	 4.0086e+03	-4.7373e+00
 3.1691e+04	 6.3543e+03	 5.0714e+00	 5.3550e-01	 3.6314e+02	 6.3715e+03	-8.3972e+01	 1.0604e+05	 1.1197e+04	-9.4704e+00
 1.0029e+04	 6.3543e+03	 5.2646e+00	 2.4585e-01	 3.6314e+02	 6.3744e+03	-8.7326e+01	 7.2987e+05	 3.4084e+04	-2.1414e+01
 3.1737e+03	 6.3543e+03	 5.3333e+00	 1.2295e-01	 3.6313e+02	 6.3773e+03	-8.8679e+01	 4.6119e+06	 1.0632e+05	-4.3379e+01
 1.0043e+03	 6.3543e+03	 5.3752e+00	 8.3653e-02	 3.6314e+02	 6.3798e+03	-8.9108e+01	 2.1420e+07	 3.3335e+05	-6.4256e+01
 3.1783e+02	 6.3543e+03	 5.4152e+00	 8.3684e-02	 3.6314e+02	 6.3826e+03	-8.9115e+01	 6.7661e+07	 1.0456e+06	-6.4710e+01
 1.0058e+02	 6.3543e+03	 5.4650e+00	 1.1678e-01	 3.6313e+02	 6.3850e+03	-8.8776e+01	 1.5322e+08	 3.2740e+06	-4.6799e+01
 3.1829e+01	 6.3543e+03	 5.5373e+00	 1.9384e-01	 3.6314e+02	 6.3880e+03	-8.7995e+01	 2.9168e+08	 1.0211e+07	-2.8567e+01
 1.0072e+01	 6.3543e+03	 5.6530e+00	 4.1802e-01	 3.6313e+02	 6.3909e+03	-8.5771e+01	 4.2741e+08	 3.1605e+07	-1.3523e+01
 1.0000e+06	 6.3883e+03	 3.1364e+00	 2.9048e-01	 3.6313e+02	 6.3975e+03	-8.4709e+01	 6.1951e+03	 5.7377e+02	-1.0797e+01
 3.1646e+05	 6.3883e+03	 3.5128e+00	 8.7309e-01	 3.6313e+02	 6.4001e+03	-7.6042e+01	 6.5132e+03	 1.6188e+03	-4.0234e+00
 1.0014e+05	 6.3883e+03	 4.4828e+00	 9.4912e-01	 3.6314e+02	 6.4028e+03	-7.8046e+01	 1.8933e+04	 4.0086e+03	-4.7231e+00
 3.1691e+04	 6.3883e+03	 5.0748e+00	 5.3809e-01	 3.6314e+02	 6.4055e+03	-8.3948e+01	 1.0553e+05	 1.1189e+04	-9.4313e+00
 1.0029e+04	 6.3883e+03	 5.2693e+00	 2.4671e-01	 3.6314e+02	 6.4083e+03	-8.7319e+01	 7.2732e+05	 3.4054e+04	-2.1358e+01
 3.1737e+03	 6.3883e+03	 5.3382e+00	 1.2279e-01	 3.6314e+02	 6.4113e+03	-8.8682e+01	 4.6180e+06	 1.0622e+05	-4.3475e+01
 1.0043e+03	 6.3883e+03	 5.3800e+00	 8.2151e-02	 3.6314e+02	 6.4138e+03	-8.9125e+01	 2.1811e+07	 3.3305e+05	-6.5489e+01
 3.1783e+02	 6.3883e+03	 5.4198e+00	 8.2110e-02	 3.6314e+02	 6.4166e+03	-8.9132e+01	 6.8957e+07	 1.0447e+06	-6.6007e+01
 1.0058e+02	 6.3883e+03	 5.4700e+00	 1.0771e-01	 3.6314e+02	 6.4190e+03	-8.8872e+01	 1.6611e+08	 3.2710e+06	-5.0783e+01
 3.1829e+01	 6.3883e+03	 5.5426e+00	 1.6898e-01	 3.6314e+02	 6.4220e+03	-8.8254e+01	 3.3460e+08	 1.0201e+07	-3.2801e+01
 1.0072e+01	 6.3883e+03	 5.6562e+00	 2.8286e-01	 3.6314e+02	 6.4250e+03	-8.7137e+01	 6.3163e+08	 3.1588e+07	-1.9996e+01
 1.0000e+06	 6.4223e+03	 3.1382e+00	 2.8401e-01	 3.6314e+02	 6.4317e+03	-8.4829e+01	 6.3363e+03	 5.7343e+02	-1.1050e+01
 3.1646e+05	 6.4223e+03	 3.5121e+00	 8.7246e-01	 3.6315e+02	 6.4344e+03	-7.6049e+01	 6.5179e+03	 1.6192e+03	-4.0255e+00
 1.0014e+05	 6.4223e+03	 4.4830e+00	 9.5193e-01	 3.6315e+02	 6.4370e+03	-7.8012e+01	 1.8877e+04	 4.0084e+03	-4.7094e+00
 3.1691e+04	 6.4223e+03	 5.0784e+00	 5.4047e-01	 3.6314e+02	 6.4400e+03	-8.3925e+01	 1.0506e+05	 1.1182e+04	-9.3961e+00
 1.0029e+04	 6.4223e+03	 5.2737e+00	 2.4787e-01	 3.6315e+02	 6.4425e+03	-8.7309e+01	 7.2391e+05	 3.4025e+04	-2.1276e+01
 3.1737e+03	 6.4223e+03	 5.3433e+00	 1.2295e-01	 3.6315e+02	 6.4453e+03	-8.8682e+01	 4.6117e+06	 1.0612e+05	-4.3457e+01
 1.0043e+03	 6.4223e+03	 5.3849e+00	 8.3197e-02	 3.6314e+02	 6.4478e+03	-8.9115e+01	 2.1537e+07	 3.3275e+05	-6.4725e+01
 3.1783e+02	 6.4223e+03	 5.4244e+00	 8.4290e-02	 3.6314e+02	 6.4504e+03	-8.9110e+01	 6.7174e+07	 1.0438e+06	-6.4354e+01
 1.0058e+02	 6.4223e+03	 5.4739e+00	 1.1135e-01	 3.6314e+02	 6.4530e+03	-8.8835e+01	 1.6069e+08	 3.2686e+06	-4.9161e+01
 3.1829e+01	 6.4223e+03	 5.5465e+00	 1.7663e-01	 3.6315e+02	 6.4561e+03	-8.8176e+01	 3.2010e+08	 1.0194e+07	-3.1402e+01
 1.0072e+01	 6.4223e+03	 5.6603e+00	 2.9850e-01	 3.6315e+02	 6.4590e+03	-8.6981e+01	 5.9855e+08	 3.1564e+07	-1.8963e+01
 1.0000e+06	 6.4563e+03	 3.1391e+00	 2.8282e-01	 3.6315e+02	 6.4654e+03	-8.4852e+01	 6.3630e+03	 5.7327e+02	-1.1099e+01
 3.1646e+05	 6.4563e+03	 3.5110e+00	 8.7202e-01	 3.6315e+02	 6.4681e+03	-7.6052e+01	 6.5212e+03	 1.6197e+03	-4.0262e+00
 1.0014e+05	 6.4563e+03	 4.4831e+00	 9.5459e-01	 3.6316e+02	 6.4705e+03	-7.7979e+01	 1.8825e+04	 4.0084e+03	-4.6963e+00
 3.1691e+04	 6.4563e+03	 5.0816e+00	 5.4274e-01	 3.6315e+02	 6.4733e+03	-8.3904e+01	 1.0462e+05	 1.1174e+04	-9.3629e+00
 1.0029e+04	 6.4563e+03	 5.2782e+00	 2.4879e-01	 3.6315e+02	 6.4757e+03	-8.7301e+01	 7.2125e+05	 3.3996e+04	-2.1216e+01
 3.1737e+03	 6.4563e+03	 5.3479e+00	 1.2371e-01	 3.6315e+02	 6.4784e+03	-8.8675e+01	 4.5835e+06	 1.0603e+05	-4.3229e+01
 1.0043e+03	 6.4563e+03	 5.3898e+00	 8.3108e-02	 3.6315e+02	 6.4809e+03	-8.9117e+01	 2.1560e+07	 3.3245e+05	-6.4852e+01
 3.1783e+02	 6.4563e+03	 5.4296e+00	 8.1817e-02	 3.6315e+02	 6.4835e+03	-8.9137e+01	 6.9205e+07	 1.0428e+06	-6.6362e+01
 1.0058e+02	 6.4563e+03	 5.4788e+00	 1.0811e-01	 3.6315e+02	 6.4860e+03	-8.8870e+01	 1.6550e+08	 3.2657e+06	-5.0678e+01
 3.1829e+01	 6.4563e+03	 5.5510e+00	 1.6732e-01	 3.6315e+02	 6.4889e+03	-8.8274e+01	 3.3792e+08	 1.0185e+07	-3.3177e+01
 1.0072e+01	 6.4563e+03	 5.6661e+00	 2.8922e-01	 3.6315e+02	 6.4920e+03	-8.7078e+01	 6.1776e+08	 3.1533e+07	-1.9591e+01
 1.0000e+06	 6.4892e+03	 3.1403e+00	 2.8002e-01	 3.6315e+02	 6.4984e+03	-8.4904e+01	 6.4266e+03	 5.7306e+02	-1.1215e+01
 3.1646e+05	 6.4892e+03	 3.5102e+00	 8.7128e-01	 3.6314e+02	 6.5010e+03	-7.6060e+01	 6.5268e+03	 1.6200e+03	-4.0288e+00
 1.0014e+05	 6.4892e+03	 4.4832e+00	 9.5745e-01	 3.6315e+02	 6.5037e+03	-7.7945e+01	 1.8768e+04	 4.0082e+03	-4.6824e+00
 3.1691e+04	 6.4892e+03	 5.0851e+00	 5.4497e-01	 3.6315e+02	 6.5064e+03	-8.3883e+01	 1.0420e+05	 1.1167e+04	-9.3309e+00
 1.0029e+04	 6.4892e+03	 5.2826e+00	 2.4973e-01	 3.6315e+02	 6.5090e+03	-8.7293e+01	 7.1854e+05	 3.3968e+04	-2.1153e+01
 3.1737e+03	 6.4892e+03	 5.3525e+00	 1.2386e-01	 3.6315e+02	 6.5117e+03	-8.8674e+01	 4.5781e+06	 1.0594e+05	-4.3215e+01
 1.0043e+03	 6.4892e+03	 5.3943e+00	 8.2905e-02	 3.6315e+02	 6.5143e+03	-8.9119e+01	 2.1613e+07	 3.3217e+05	-6.5066e+01
 3.1783e+02	 6.4892e+03	 5.4337e+00	 8.2491e-02	 3.6315e+02	 6.5169e+03	-8.9130e+01	 6.8639e+07	 1.0420e+06	-6.5870e+01
 1.0058e+02	 6.4892e+03	 5.4835e+00	 1.0917e-01	 3.6314e+02	 6.5197e+03	-8.8859e+01	 1.6390e+08	 3.2629e+06	-5.0230e+01
 3.1829e+01	 6.4892e+03	 5.5551e+00	 1.7084e-01	 3.6315e+02	 6.5227e+03	-8.8239e+01	 3.3096e+08	 1.0178e+07	-3.2517e+01
 1.0072e+01	 6.4892e+03	 5.6682e+00	 2.9751e-01	 3.6315e+02	 6.5258e+03	-8.6995e+01	 6.0054e+08	 3.1521e+07	-1.9052e+01
 1.0000e+06	 6.5231e+03	 3.1417e+00	 2.7658e-01	 3.6315e+02	 6.5323e+03	-8.4969e+01	 6.5066e+03	 5.7281e+02	-1.1359e+01
 3.1646e+05	 6.5231e+03	 3.5090e+00	 8.7058e-01	 3.6314e+02	 6.5349e+03	-7.6066e+01	 6.5320e+03	 1.6206e+03	-4.0307e+00
 1.0014e+05	 6.5231e+03	 4.4829e+00	 9.5998e-01	 3.6315e+02	 6.5375e+03	-7.7913e+01	 1.8719e+04	 4.0085e+03	-4.6698e+00
 3.1691e+04	 6.5231e+03	 5.0881e+00	 5.4740e-01	 3.6314e+02	 6.5402e+03	-8.3859e+01	 1.0373e+05	 1.1160e+04	-9.2950e+00
 1.0029e+04	 6.5231e+03	 5.2871e+00	 2.5087e-01	 3.6314e+02	 6.5430e+03	-8.7283e+01	 7.1528e+05	 3.3939e+04	-2.1075e+01
 3.1737e+03	 6.5231e+03	 5.3570e+00	 1.2425e-01	 3.6314e+02	 6.5461e+03	-8.8671e+01	 4.5637e+06	 1.0585e+05	-4.3116e+01
 1.0043e+03	 6.5231e+03	 5.3987e+00	 8.2998e-02	 3.6314e+02	 6.5485e+03	-8.9119e+01	 2.1589e+07	 3.3190e+05	-6.5046e+01
 3.1783e+02	 6.5231e+03	 5.4385e+00	 8.1683e-02	 3.6314e+02	 6.5513e+03	-8.9140e+01	 6.9318e+07	 1.0411e+06	-6.6580e+01
 1.0058e+02	 6.5231e+03	 5.4875e+00	 1.0894e-01	 3.6314e+02	 6.5538e+03	-8.8863e+01	 1.6423e+08	 3.2606e+06	-5.0369e+01
 3.1829e+01	 6.5231e+03	 5.5593e+00	 1.6564e-01	 3.6314e+02	 6.5567e+03	-8.8293e+01	 3.4134e+08	 1.0170e+07	-3.3563e+01
 1.0072e+01	 6.5231e+03	 5.6717e+00	 2.8966e-01	 3.6313e+02	 6.5596e+03	-8.7076e+01	 6.1680e+08	 3.1501e+07	-1.9580e+01
 1.0000e+06	 6.5570e+03	 3.1430e+00	 2.7173e-01	 3.6313e+02	 6.5662e+03	-8.5059e+01	 6.6226e+03	 5.7256e+02	-1.1567e+01
 3.1646e+05	 6.5570e+03	 3.5080e+00	 8.6989e-01	 3.6313e+02	 6.5689e+03	-7.6073e+01	 6.5372e+03	 1.6211e+03	-4.0327e+00
 1.0014e+05	 6.5570e+03	 4.4831e+00	 9.6275e-01	 3.6313e+02	 6.5715e+03	-7.7880e+01	 1.8665e+04	 4.0084e+03	-4.6565e+00
 3.1691e+04	 6.5570e+03	 5.0914e+00	 5.4985e-01	 3.6314e+02	 6.5742e+03	-8.3836e+01	 1.0327e+05	 1.1153e+04	-9.2597e+00
 1.0029e+04	 6.5570e+03	 5.2912e+00	 2.5195e-01	 3.6314e+02	 6.5770e+03	-8.7274e+01	 7.1219e+05	 3.3913e+04	-2.1001e+01
 3.1737e+03	 6.5570e+03	 5.3613e+00	 1.2476e-01	 3.6314e+02	 6.5801e+03	-8.8667e+01	 4.5449e+06	 1.0576e+05	-4.2972e+01
 1.0043e+03	 6.5570e+03	 5.4030e+00	 8.2929e-02	 3.6314e+02	 6.5825e+03	-8.9121e+01	 2.1607e+07	 3.3163e+05	-6.5153e+01
 3.1783e+02	 6.5570e+03	 5.4426e+00	 8.1060e-02	 3.6314e+02	 6.5854e+03	-8.9147e+01	 6.9851e+07	 1.0403e+06	-6.7143e+01
 1.0058e+02	 6.5570e+03	 5.4921e+00	 1.0776e-01	 3.6314e+02	 6.5878e+03	-8.8876e+01	 1.6603e+08	 3.2578e+06	-5.0965e+01
 3.1829e+01	 6.5570e+03	 5.5639e+00	 1.6985e-01	 3.6314e+02	 6.5907e+03	-8.8252e+01	 3.3289e+08	 1.0162e+07	-3.2759e+01
 1.0072e+01	 6.5570e+03	 5.6791e+00	 3.3914e-01	 3.6314e+02	 6.5937e+03	-8.6582e+01	 5.2682e+08	 3.1460e+07	-1.6745e+01
 1.0000e+06	 6.5910e+03	 3.1445e+00	 2.6607e-01	 3.6314e+02	 6.6003e+03	-8.5163e+01	 6.7636e+03	 5.7230e+02	-1.1818e+01
 3.1646e+05	 6.5910e+03	 3.5072e+00	 8.6942e-01	 3.6315e+02	 6.6029e+03	-7.6077e+01	 6.5407e+03	 1.6214e+03	-4.0340e+00
 1.0014e+05	 6.5910e+03	 4.4833e+00	 9.6532e-01	 3.6315e+02	 6.6055e+03	-7.7849e+01	 1.8615e+04	 4.0082e+03	-4.6444e+00
 3.1691e+04	 6.5910e+03	 5.0947e+00	 5.5198e-01	 3.6315e+02	 6.6082e+03	-8.3816e+01	 1.0287e+05	 1.1146e+04	-9.2298e+00
 1.0029e+04	 6.5910e+03	 5.2953e+00	 2.5290e-01	 3.6315e+02	 6.6110e+03	-8.7266e+01	 7.0951e+05	 3.3886e+04	-2.0938e+01
 3.1737e+03	 6.5910e+03	 5.3659e+00	 1.2503e-01	 3.6315e+02	 6.6137e+03	-8.8665e+01	 4.5352e+06	 1.0567e+05	-4.2918e+01
 1.0043e+03	 6.5910e+03	 5.4077e+00	 8.3580e-02	 3.6315e+02	 6.6163e+03	-8.9115e+01	 2.1438e+07	 3.3134e+05	-6.4701e+01
 3.1783e+02	 6.5910e+03	 5.4472e+00	 8.2655e-02	 3.6315e+02	 6.6189e+03	-8.9131e+01	 6.8503e+07	 1.0395e+06	-6.5903e+01
 1.0058e+02	 6.5910e+03	 5.4965e+00	 1.0821e-01	 3.6315e+02	 6.6216e+03	-8.8872e+01	 1.6535e+08	 3.2552e+06	-5.0794e+01
 3.1829e+01	 6.5910e+03	 5.5685e+00	 1.7331e-01	 3.6314e+02	 6.6244e+03	-8.8217e+01	 3.2623e+08	 1.0153e+07	-3.2130e+01
 1.0072e+01	 6.5910e+03	 5.6821e+00	 3.0286e-01	 3.6314e+02	 6.6274e+03	-8.6949e+01	 5.8992e+08	 3.1444e+07	-1.8761e+01
 1.0000e+06	 6.6247e+03	 3.1467e+00	 2.5706e-01	 3.6314e+02	 6.6340e+03	-8.5330e+01	 7.0007e+03	 5.7189e+02	-1.2241e+01
 3.1646e+05	 6.6247e+03	 3.5062e+00	 8.6879e-01	 3.6314e+02	 6.6365e+03	-7.6083e+01	 6.5455e+03	 1.6219e+03	-4.0357e+00
 1.0014e+05	 6.6247e+03	 4.4831e+00	 9.6771e-01	 3.6315e+02	 6.6390e+03	-7.7819e+01	 1.8569e+04	 4.0084e+03	-4.6327e+00
 3.1691e+04	 6.6247e+03	 5.0973e+00	 5.5405e-01	 3.6315e+02	 6.6418e+03	-8.3797e+01	 1.0249e+05	 1.1140e+04	-9.2001e+00
 1.0029e+04	 6.6247e+03	 5.2990e+00	 2.5376e-01	 3.6314e+02	 6.6443e+03	-8.7258e+01	 7.0712e+05	 3.3863e+04	-2.0882e+01
 3.1737e+03	 6.6247e+03	 5.3695e+00	 1.2543e-01	 3.6315e+02	 6.6472e+03	-8.8662e+01	 4.5207e+06	 1.0560e+05	-4.2809e+01
 1.0043e+03	 6.6247e+03	 5.4115e+00	 8.4315e-02	 3.6316e+02	 6.6497e+03	-8.9107e+01	 2.1251e+07	 3.3111e+05	-6.4182e+01
 3.1783e+02	 6.6247e+03	 5.4510e+00	 8.5015e-02	 3.6315e+02	 6.6525e+03	-8.9106e+01	 6.6601e+07	 1.0387e+06	-6.4118e+01
 1.0058e+02	 6.6247e+03	 5.4997e+00	 1.1861e-01	 3.6315e+02	 6.6550e+03	-8.8765e+01	 1.5085e+08	 3.2533e+06	-4.6369e+01
 3.1829e+01	 6.6247e+03	 5.5718e+00	 1.9229e-01	 3.6315e+02	 6.6582e+03	-8.8023e+01	 2.9404e+08	 1.0147e+07	-2.8977e+01
 1.0072e+01	 6.6247e+03	 5.6852e+00	 3.3052e-01	 3.6315e+02	 6.6612e+03	-8.6673e+01	 5.4056e+08	 3.1426e+07	-1.7201e+01
 1.0000e+06	 6.6585e+03	 3.1475e+00	 2.5561e-01	 3.6316e+02	 6.6677e+03	-8.5357e+01	 7.0403e+03	 5.7175e+02	-1.2314e+01
 3.1646e+05	 6.6585e+03	 3.5053e+00	 8.6825e-01	 3.6316e+02	 6.6703e+03	-7.6088e+01	 6.5496e+03	 1.6223e+03	-4.0372e+00
 1.0014e+05	 6.6585e+03	 4.4831e+00	 9.7003e-01	 3.6316e+02	 6.6727e+03	-7.7791e+01	 1.8525e+04	 4.0083e+03	-4.6216e+00
 3.1691e+04	 6.6585e+03	 5.1003e+00	 5.5598e-01	 3.6315e+02	 6.6758e+03	-8.3779e+01	 1.0214e+05	 1.1134e+04	-9.1735e+00
 1.0029e+04	 6.6585e+03	 5.3023e+00	 2.5452e-01	 3.6316e+02	 6.6783e+03	-8.7252e+01	 7.0501e+05	 3.3842e+04	-2.0833e+01
 3.1737e+03	 6.6585e+03	 5.3732e+00	 1.2565e-01	 3.6315e+02	 6.6812e+03	-8.8660e+01	 4.5128e+06	 1.0553e+05	-4.2763e+01
 1.0043e+03	 6.6585e+03	 5.4150e+00	 8.3012e-02	 3.6316e+02	 6.6837e+03	-8.9122e+01	 2.1585e+07	 3.3090e+05	-6.5232e+01
 3.1783e+02	 6.6585e+03	 5.4546e+00	 8.1662e-02	 3.6316e+02	 6.6862e+03	-8.9142e+01	 6.9336e+07	 1.0381e+06	-6.6794e+01
 1.0058e+02	 6.6585e+03	 5.5032e+00	 1.0690e-01	 3.6316e+02	 6.6887e+03	-8.8887e+01	 1.6737e+08	 3.2513e+06	-5.1479e+01
 3.1829e+01	 6.6585e+03	 5.5750e+00	 1.6678e-01	 3.6317e+02	 6.6916e+03	-8.8286e+01	 3.3901e+08	 1.0142e+07	-3.3427e+01
 1.0072e+01	 6.6585e+03	 5.6883e+00	 2.9170e-01	 3.6317e+02	 6.6947e+03	-8.7064e+01	 6.1250e+08	 3.1409e+07	-1.9501e+01
 1.0000e+06	 6.6919e+03	 3.1487e+00	 2.5156e-01	 3.6317e+02	 6.7012e+03	-8.5432e+01	 7.1535e+03	 5.7152e+02	-1.2517e+01
 3.1646e+05	 6.6919e+03	 3.5046e+00	 8.6785e-01	 3.6317e+02	 6.7038e+03	-7.6092e+01	 6.5525e+03	 1.6226e+03	-4.0383e+00
 1.0014e+05	 6.6919e+03	 4.4840e+00	 9.7241e-01	 3.6316e+02	 6.7065e+03	-7.7764e+01	 1.8480e+04	 4.0075e+03	-4.6112e+00
 3.1691e+04	 6.6919e+03	 5.1028e+00	 5.5778e-01	 3.6316e+02	 6.7096e+03	-8.3762e+01	 1.0181e+05	 1.1128e+04	-9.1485e+00
 1.0029e+04	 6.6919e+03	 5.3059e+00	 2.5523e-01	 3.6317e+02	 6.7120e+03	-8.7246e+01	 7.0305e+05	 3.3819e+04	-2.0789e+01
 3.1737e+03	 6.6919e+03	 5.3767e+00	 1.2608e-01	 3.6316e+02	 6.7148e+03	-8.8657e+01	 4.4973e+06	 1.0546e+05	-4.2644e+01
 1.0043e+03	 6.6919e+03	 5.4189e+00	 8.3129e-02	 3.6317e+02	 6.7172e+03	-8.9121e+01	 2.1555e+07	 3.3066e+05	-6.5187e+01
 3.1783e+02	 6.6919e+03	 5.4582e+00	 8.1977e-02	 3.6316e+02	 6.7198e+03	-8.9140e+01	 6.9069e+07	 1.0374e+06	-6.6582e+01
 1.0058e+02	 6.6919e+03	 5.5070e+00	 1.0692e-01	 3.6317e+02	 6.7223e+03	-8.8888e+01	 1.6734e+08	 3.2490e+06	-5.1506e+01
 3.1829e+01	 6.6919e+03	 5.5781e+00	 1.7519e-01	 3.6316e+02	 6.7253e+03	-8.8201e+01	 3.2273e+08	 1.0136e+07	-3.1840e+01
 1.0072e+01	 6.6919e+03	 5.6912e+00	 3.3498e-01	 3.6316e+02	 6.7282e+03	-8.6631e+01	 5.3335e+08	 3.1393e+07	-1.6990e+01
 1.0000e+06	 6.7256e+03	 3.1487e+00	 2.5493e-01	 3.6317e+02	 6.7347e+03	-8.5371e+01	 7.0592e+03	 5.7153e+02	-1.2351e+01
 3.1646e+05	 6.7256e+03	 3.5037e+00	 8.6722e-01	 3.6317e+02	 6.7373e+03	-7.6098e+01	 6.5573e+03	 1.6230e+03	-4.0401e+00
 1.0014e+05	 6.7256e+03	 4.4838e+00	 9.7468e-01	 3.6316e+02	 6.7400e+03	-7.7736e+01	 1.8437e+04	 4.0077e+03	-4.6003e+00
 3.1691e+04	 6.7256e+03	 5.1055e+00	 5.5967e-01	 3.6316e+02	 6.7427e+03	-8.3744e+01	 1.0146e+05	 1.1122e+04	-9.1224e+00
 1.0029e+04	 6.7256e+03	 5.3095e+00	 2.5611e-01	 3.6316e+02	 6.7455e+03	-8.7238e+01	 7.0063e+05	 3.3796e+04	-2.0731e+01
 3.1737e+03	 6.7256e+03	 5.3806e+00	 1.2655e-01	 3.6316e+02	 6.7482e+03	-8.8653e+01	 4.4807e+06	 1.0538e+05	-4.2518e+01
 1.0043e+03	 6.7256e+03	 5.4223e+00	 8.4293e-02	 3.6317e+02	 6.7508e+03	-8.9109e+01	 2.1257e+07	 3.3045e+05	-6.4327e+01
 3.1783e+02	 6.7256e+03	 5.4617e+00	 8.2531e-02	 3.6316e+02	 6.7534e+03	-8.9134e+01	 6.8606e+07	 1.0367e+06	-6.6178e+01
 1.0058e+02	 6.7256e+03	 5.5107e+00	 1.1624e-01	 3.6317e+02	 6.7562e+03	-8.8792e+01	 1.5393e+08	 3.2468e+06	-4.7410e+01
 3.1829e+01	 6.7256e+03	 5.5822e+00	 2.0093e-01	 3.6317e+02	 6.7592e+03	-8.7939e+01	 2.8139e+08	 1.0129e+07	-2.7782e+01
 1.0072e+01	 6.7256e+03	 5.6963e+00	 4.1372e-01	 3.6316e+02	 6.7621e+03	-8.5846e+01	 4.3185e+08	 3.1365e+07	-1.3769e+01
 1.0000e+06	 6.7595e+03	 3.1493e+00	 2.5516e-01	 3.6317e+02	 6.7687e+03	-8.5368e+01	 7.0528e+03	 5.7142e+02	-1.2343e+01
 3.1646e+05	 6.7595e+03	 3.5028e+00	 8.6673e-01	 3.6317e+02	 6.7713e+03	-7.6102e+01	 6.5611e+03	 1.6235e+03	-4.0414e+00
 1.0014e+05	 6.7595e+03	 4.4838e+00	 9.7695e-01	 3.6316e+02	 6.7740e+03	-7.7708e+01	 1.8394e+04	 4.0077e+03	-4.5896e+00
 3.1691e+04	 6.7595e+03	 5.1081e+00	 5.6157e-01	 3.6317e+02	 6.7767e+03	-8.3726e+01	 1.0112e+05	 1.1116e+04	-9.0961e+00
 1.0029e+04	 6.7595e+03	 5.3129e+00	 2.5683e-01	 3.6317e+02	 6.7793e+03	-8.7232e+01	 6.9868e+05	 3.3774e+04	-2.0687e+01
 3.1737e+03	 6.7595e+03	 5.3841e+00	 1.2677e-01	 3.6317e+02	 6.7821e+03	-8.8651e+01	 4.4730e+06	 1.0531e+05	-4.2473e+01
 1.0043e+03	 6.7595e+03	 5.4261e+00	 8.3817e-02	 3.6317e+02	 6.7848e+03	-8.9115e+01	 2.1378e+07	 3.3022e+05	-6.4737e+01
 3.1783e+02	 6.7595e+03	 5.4658e+00	 8.2138e-02	 3.6317e+02	 6.7874e+03	-8.9139e+01	 6.8934e+07	 1.0359e+06	-6.6544e+01
 1.0058e+02	 6.7595e+03	 5.5146e+00	 1.0912e-01	 3.6317e+02	 6.7902e+03	-8.8866e+01	 1.6398e+08	 3.2445e+06	-5.0540e+01
 3.1829e+01	 6.7595e+03	 5.5862e+00	 1.8387e-01	 3.6317e+02	 6.7933e+03	-8.8115e+01	 3.0750e+08	 1.0121e+07	-3.0382e+01
 1.0072e+01	 6.7595e+03	 5.6979e+00	 3.3926e-01	 3.6316e+02	 6.7964e+03	-8.6593e+01	 5.2663e+08	 3.1356e+07	-1.6795e+01
 1.0000e+06	 6.7936e+03	 3.1497e+00	 2.5802e-01	 3.6317e+02	 6.8029e+03	-8.5317e+01	 6.9745e+03	 5.7135e+02	-1.2207e+01
 3.1646e+05	 6.7936e+03	 3.5020e+00	 8.6616e-01	 3.6317e+02	 6.8055e+03	-7.6108e+01	 6.5653e+03	 1.6238e+03	-4.0432e+00
 1.0014e+05	 6.7936e+03	 4.4840e+00	 9.7937e-01	 3.6316e+02	 6.8082e+03	-7.7679e+01	 1.8348e+04	 4.0076e+03	-4.5784e+00
 3.1691e+04	 6.7936e+03	 5.1109e+00	 5.6359e-01	 3.6316e+02	 6.8110e+03	-8.3707e+01	 1.0075e+05	 1.1110e+04	-9.0685e+00
 1.0029e+04	 6.7936e+03	 5.3165e+00	 2.5780e-01	 3.6317e+02	 6.8135e+03	-8.7224e+01	 6.9603e+05	 3.3751e+04	-2.0622e+01
 3.1737e+03	 6.7936e+03	 5.3881e+00	 1.2693e-01	 3.6316e+02	 6.8162e+03	-8.8651e+01	 4.4674e+06	 1.0524e+05	-4.2451e+01
 1.0043e+03	 6.7936e+03	 5.4300e+00	 8.4287e-02	 3.6317e+02	 6.8187e+03	-8.9111e+01	 2.1258e+07	 3.2998e+05	-6.4423e+01
 3.1783e+02	 6.7936e+03	 5.4697e+00	 8.3967e-02	 3.6317e+02	 6.8213e+03	-8.9121e+01	 6.7432e+07	 1.0352e+06	-6.5141e+01
 1.0058e+02	 6.7936e+03	 5.5188e+00	 1.1380e-01	 3.6317e+02	 6.8240e+03	-8.8819e+01	 1.5723e+08	 3.2420e+06	-4.8497e+01
 3.1829e+01	 6.7936e+03	 5.5903e+00	 1.7946e-01	 3.6316e+02	 6.8269e+03	-8.8161e+01	 3.1506e+08	 1.0114e+07	-3.1151e+01
 1.0072e+01	 6.7936e+03	 5.7020e+00	 3.7244e-01	 3.6317e+02	 6.8299e+03	-8.6263e+01	 4.7972e+08	 3.1333e+07	-1.5310e+01
 1.0000e+06	 6.8272e+03	 3.1501e+00	 2.5996e-01	 3.6316e+02	 6.8365e+03	-8.5282e+01	 6.9225e+03	 5.7127e+02	-1.2118e+01
 3.1646e+05	 6.8272e+03	 3.5012e+00	 8.6559e-01	 3.6316e+02	 6.8390e+03	-7.6113e+01	 6.5697e+03	 1.6242e+03	-4.0449e+00
 1.0014e+05	 6.8272e+03	 4.4840e+00	 9.8158e-01	 3.6316e+02	 6.8415e+03	-7.7652e+01	 1.8307e+04	 4.0075e+03	-4.5682e+00
 3.1691e+04	 6.8272e+03	 5.1136e+00	 5.6538e-01	 3.6316e+02	 6.8445e+03	-8.3691e+01	 1.0044e+05	 1.1105e+04	-9.0444e+00
 1.0029e+04	 6.8272e+03	 5.3200e+00	 2.5851e-01	 3.6316e+02	 6.8470e+03	-8.7218e+01	 6.9413e+05	 3.3729e+04	-2.0580e+01
 3.1737e+03	 6.8272e+03	 5.3918e+00	 1.2755e-01	 3.6315e+02	 6.8499e+03	-8.8645e+01	 4.4455e+06	 1.0516e+05	-4.2272e+01
 1.0043e+03	 6.8272e+03	 5.4343e+00	 8.4992e-02	 3.6315e+02	 6.8524e+03	-8.9104e+01	 2.1082e+07	 3.2972e+05	-6.3939e+01
 3.1783e+02	 6.8272e+03	 5.4738e+00	 8.2658e-02	 3.6315e+02	 6.8551e+03	-8.9135e+01	 6.8501e+07	 1.0344e+06	-6.6222e+01
 1.0058e+02	 6.8272e+03	 5.5227e+00	 1.1138e-01	 3.6316e+02	 6.8575e+03	-8.8845e+01	 1.6064e+08	 3.2398e+06	-4.9585e+01
 3.1829e+01	 6.8272e+03	 5.5942e+00	 1.7519e-01	 3.6315e+02	 6.8605e+03	-8.8206e+01	 3.2274e+08	 1.0107e+07	-3.1933e+01
 1.0072e+01	 6.8272e+03	 5.7081e+00	 3.2049e-01	 3.6316e+02	 6.8635e+03	-8.6786e+01	 5.5748e+08	 3.1300e+07	-1.7811e+01
 1.0000e+06	 6.8608e+03	 3.1507e+00	 2.6093e-01	 3.6316e+02	 6.8700e+03	-8.5266e+01	 6.8968e+03	 5.7117e+02	-1.2075e+01
 3.1646e+05	 6.8608e+03	 3.5006e+00	 8.6496e-01	 3.6316e+02	 6.8725e+03	-7.6121e+01	 6.5744e+03	 1.6245e+03	-4.0471e+00
 1.0014e+05	 6.8608e+03	 4.4842e+00	 9.8366e-01	 3.6316e+02	 6.8750e+03	-7.7628e+01	 1.8268e+04	 4.0073e+03	-4.5587e+00
 3.1691e+04	 6.8608e+03	 5.1162e+00	 5.6721e-01	 3.6316e+02	 6.8779e+03	-8.3674e+01	 1.0011e+05	 1.1099e+04	-9.0200e+00
 1.0029e+04	 6.8608e+03	 5.3235e+00	 2.5949e-01	 3.6316e+02	 6.8805e+03	-8.7209e+01	 6.9151e+05	 3.3707e+04	-2.0515e+01
 3.1737e+03	 6.8608e+03	 5.3953e+00	 1.2784e-01	 3.6316e+02	 6.8833e+03	-8.8643e+01	 4.4355e+06	 1.0510e+05	-4.2204e+01
 1.0043e+03	 6.8608e+03	 5.4376e+00	 8.3974e-02	 3.6316e+02	 6.8860e+03	-8.9115e+01	 2.1338e+07	 3.2952e+05	-6.4753e+01
 3.1783e+02	 6.8608e+03	 5.4774e+00	 8.3564e-02	 3.6316e+02	 6.8885e+03	-8.9126e+01	 6.7758e+07	 1.0337e+06	-6.5547e+01
 1.0058e+02	 6.8608e+03	 5.5265e+00	 1.1304e-01	 3.6316e+02	 6.8912e+03	-8.8828e+01	 1.5828e+08	 3.2375e+06	-4.8889e+01
 3.1829e+01	 6.8608e+03	 5.5975e+00	 1.8441e-01	 3.6315e+02	 6.8941e+03	-8.8113e+01	 3.0659e+08	 1.0101e+07	-3.0353e+01
 1.0072e+01	 6.8608e+03	 5.7100e+00	 3.6165e-01	 3.6316e+02	 6.8972e+03	-8.6376e+01	 4.9402e+08	 3.1290e+07	-1.5788e+01
 1.0000e+06	 6.8947e+03	 3.1510e+00	 2.6304e-01	 3.6315e+02	 6.9039e+03	-8.5228e+01	 6.8416e+03	 5.7111e+02	-1.1979e+01
 3.1646e+05	 6.8947e+03	 3.4999e+00	 8.6460e-01	 3.6316e+02	 6.9064e+03	-7.6124e+01	 6.5772e+03	 1.6248e+03	-4.0480e+00
 1.0014e+05	 6.8947e+03	 4.4844e+00	 9.8583e-01	 3.6316e+02	 6.9090e+03	-7.7601e+01	 1.8228e+04	 4.0072e+03	-4.5488e+00
 3.1691e+04	 6.8947e+03	 5.1189e+00	 5.6899e-01	 3.6315e+02	 6.9118e+03	-8.3657e+01	 9.9800e+04	 1.1093e+04	-8.9966e+00
 1.0029e+04	 6.8947e+03	 5.3267e+00	 2.6007e-01	 3.6316e+02	 6.9142e+03	-8.7205e+01	 6.8996e+05	 3.3687e+04	-2.0482e+01
 3.1737e+03	 6.8947e+03	 5.3985e+00	 1.2818e-01	 3.6316e+02	 6.9171e+03	-8.8640e+01	 4.4237e+06	 1.0503e+05	-4.2117e+01
 1.0043e+03	 6.8947e+03	 5.4411e+00	 8.5364e-02	 3.6316e+02	 6.9198e+03	-8.9101e+01	 2.0990e+07	 3.2931e+05	-6.3740e+01
 3.1783e+02	 6.8947e+03	 5.4807e+00	 8.3385e-02	 3.6315e+02	 6.9224e+03	-8.9128e+01	 6.7904e+07	 1.0331e+06	-6.5728e+01
 1.0058e+02	 6.8947e+03	 5.5298e+00	 1.1064e-01	 3.6316e+02	 6.9251e+03	-8.8854e+01	 1.6172e+08	 3.2356e+06	-4.9980e+01
 3.1829e+01	 6.8947e+03	 5.6004e+00	 1.8170e-01	 3.6316e+02	 6.9279e+03	-8.8142e+01	 3.1117e+08	 1.0096e+07	-3.0823e+01
 1.0072e+01	 6.8947e+03	 5.7131e+00	 3.5779e-01	 3.6316e+02	 6.9309e+03	-8.6416e+01	 4.9936e+08	 3.1273e+07	-1.5968e+01
 1.0000e+06	 6.9282e+03	 3.1513e+00	 2.6432e-01	 3.6316e+02	 6.9375e+03	-8.5206e+01	 6.8084e+03	 5.7105e+02	-1.1923e+01
 3.1646e+05	 6.9282e+03	 3.4991e+00	 8.6407e-01	 3.6315e+02	 6.9402e+03	-7.6129e+01	 6.5813e+03	 1.6251e+03	-4.0496e+00
 1.0014e+05	 6.9282e+03	 4.4844e+00	 9.8793e-01	 3.6316e+02	 6.9427e+03	-7.7576e+01	 1.8189e+04	 4.0071e+03	-4.5392e+00
 3.1691e+04	 6.9282e+03	 5.1211e+00	 5.7065e-01	 3.6316e+02	 6.9455e+03	-8.3642e+01	 9.9508e+04	 1.1088e+04	-8.9742e+00
 1.0029e+04	 6.9282e+03	 5.3296e+00	 2.6072e-01	 3.6316e+02	 6.9480e+03	-8.7199e+01	 6.8824e+05	 3.3668e+04	-2.0442e+01
 3.1737e+03	 6.9282e+03	 5.4020e+00	 1.2825e-01	 3.6315e+02	 6.9507e+03	-8.8640e+01	 4.4214e+06	 1.0497e+05	-4.2122e+01
 1.0043e+03	 6.9282e+03	 5.4439e+00	 8.4425e-02	 3.6315e+02	 6.9532e+03	-8.9112e+01	 2.1224e+07	 3.2914e+05	-6.4482e+01
 3.1783e+02	 6.9282e+03	 5.4835e+00	 8.2525e-02	 3.6315e+02	 6.9560e+03	-8.9138e+01	 6.8610e+07	 1.0326e+06	-6.6446e+01
 1.0058e+02	 6.9282e+03	 5.5321e+00	 1.1162e-01	 3.6315e+02	 6.9585e+03	-8.8844e+01	 1.6030e+08	 3.2343e+06	-4.9564e+01
 3.1829e+01	 6.9282e+03	 5.6030e+00	 1.7997e-01	 3.6315e+02	 6.9615e+03	-8.8160e+01	 3.1417e+08	 1.0091e+07	-3.1133e+01
 1.0072e+01	 6.9282e+03	 5.7129e+00	 3.3682e-01	 3.6315e+02	 6.9645e+03	-8.6626e+01	 5.3045e+08	 3.1274e+07	-1.6961e+01
 1.0000e+06	 6.9618e+03	 3.1513e+00	 2.6821e-01	 3.6314e+02	 6.9710e+03	-8.5135e+01	 6.7095e+03	 5.7106e+02	-1.1749e+01
 3.1646e+05	 6.9618e+03	 3.4980e+00	 8.6331e-01	 3.6315e+02	 6.9736e+03	-7.6136e+01	 6.5870e+03	 1.6257e+03	-4.0518e+00
 1.0014e+05	 6.9618e+03	 4.4838e+00	 9.8981e-01	 3.6314e+02	 6.9762e+03	-7.7551e+01	 1.8155e+04	 4.0077e+03	-4.5300e+00
 3.1691e+04	 6.9618e+03	 5.1231e+00	 5.7239e-01	 3.6315e+02	 6.9790e+03	-8.3625e+01	 9.9206e+04	 1.1084e+04	-8.9503e+00
 1.0029e+04	 6.9618e+03	 5.3322e+00	 2.6160e-01	 3.6316e+02	 6.9815e+03	-8.7191e+01	 6.8592e+05	 3.3652e+04	-2.0383e+01
 3.1737e+03	 6.9618e+03	 5.4045e+00	 1.2905e-01	 3.6316e+02	 6.9845e+03	-8.8632e+01	 4.3938e+06	 1.0492e+05	-4.1879e+01
 1.0043e+03	 6.9618e+03	 5.4466e+00	 8.6854e-02	 3.6315e+02	 6.9870e+03	-8.9086e+01	 2.0630e+07	 3.2897e+05	-6.2710e+01
 3.1783e+02	 6.9618e+03	 5.4861e+00	 8.9038e-02	 3.6315e+02	 6.9898e+03	-8.9070e+01	 6.3592e+07	 1.0321e+06	-6.1615e+01
 1.0058e+02	 6.9618e+03	 5.5349e+00	 1.2493e-01	 3.6315e+02	 6.9922e+03	-8.8707e+01	 1.4322e+08	 3.2326e+06	-4.4305e+01
 3.1829e+01	 6.9618e+03	 5.6051e+00	 2.3028e-01	 3.6315e+02	 6.9952e+03	-8.7647e+01	 2.4553e+08	 1.0087e+07	-2.4341e+01
 1.0072e+01	 6.9618e+03	 5.7166e+00	 4.8512e-01	 3.6315e+02	 6.9982e+03	-8.5149e+01	 3.6829e+08	 3.1254e+07	-1.1784e+01
 1.0000e+06	 6.9955e+03	 3.1517e+00	 2.6879e-01	 3.6315e+02	 7.0049e+03	-8.5125e+01	 6.6952e+03	 5.7098e+02	-1.1726e+01
 3.1646e+05	 6.9955e+03	 3.4972e+00	 8.6280e-01	 3.6315e+02	 7.0075e+03	-7.6141e+01	 6.5909e+03	 1.6261e+03	-4.0533e+00
 1.0014e+05	 6.9955e+03	 4.4837e+00	 9.9170e-01	 3.6315e+02	 7.0103e+03	-7.7528e+01	 1.8120e+04	 4.0078e+03	-4.5212e+00
 3.1691e+04	 6.9955e+03	 5.1252e+00	 5.7387e-01	 3.6314e+02	 7.0133e+03	-8.3611e+01	 9.8950e+04	 1.1080e+04	-8.9309e+00
 1.0029e+04	 6.9955e+03	 5.3352e+00	 2.6200e-01	 3.6315e+02	 7.0158e+03	-8.7189e+01	 6.8489e+05	 3.3633e+04	-2.0364e+01
 3.1737e+03	 6.9955e+03	 5.4075e+00	 1.2885e-01	 3.6315e+02	 7.0185e+03	-8.8635e+01	 4.4008e+06	 1.0486e+05	-4.1968e+01
 1.0043e+03	 6.9955e+03	 5.4500e+00	 8.4321e-02	 3.6315e+02	 7.0210e+03	-8.9114e+01	 2.1250e+07	 3.2877e+05	-6.4634e+01
 3.1783e+02	 6.9955e+03	 5.4895e+00	 8.3712e-02	 3.6315e+02	 7.0238e+03	-8.9126e+01	 6.7638e+07	 1.0314e+06	-6.5577e+01
 1.0058e+02	 6.9955e+03	 5.5378e+00	 1.1315e-01	 3.6315e+02	 7.0263e+03	-8.8829e+01	 1.5813e+08	 3.2310e+06	-4.8942e+01
 3.1829e+01	 6.9955e+03	 5.6089e+00	 1.8315e-01	 3.6315e+02	 7.0294e+03	-8.8130e+01	 3.0870e+08	 1.0080e+07	-3.0624e+01
 1.0072e+01	 6.9955e+03	 5.7210e+00	 3.7464e-01	 3.6315e+02	 7.0325e+03	-8.6253e+01	 4.7689e+08	 3.1230e+07	-1.5270e+01
 1.0000e+06	 7.0297e+03	 3.1521e+00	 2.6895e-01	 3.6314e+02	 7.0390e+03	-8.5123e+01	 6.6910e+03	 5.7090e+02	-1.1720e+01
 3.1646e+05	 7.0297e+03	 3.4964e+00	 8.6218e-01	 3.6315e+02	 7.0416e+03	-7.6148e+01	 6.5956e+03	 1.6264e+03	-4.0553e+00
 1.0014e+05	 7.0297e+03	 4.4835e+00	 9.9362e-01	 3.6315e+02	 7.0440e+03	-7.7504e+01	 1.8085e+04	 4.0080e+03	-4.5123e+00
 3.1691e+04	 7.0297e+03	 5.1273e+00	 5.7562e-01	 3.6315e+02	 7.0468e+03	-8.3594e+01	 9.8649e+04	 1.1075e+04	-8.9074e+00
 1.0029e+04	 7.0297e+03	 5.3379e+00	 2.6274e-01	 3.6315e+02	 7.0494e+03	-8.7182e+01	 6.8295e+05	 3.3616e+04	-2.0316e+01
 3.1737e+03	 7.0297e+03	 5.4104e+00	 1.2916e-01	 3.6315e+02	 7.0522e+03	-8.8632e+01	 4.3902e+06	 1.0480e+05	-4.1890e+01
 1.0043e+03	 7.0297e+03	 5.4531e+00	 8.5323e-02	 3.6315e+02	 7.0549e+03	-8.9104e+01	 2.1000e+07	 3.2859e+05	-6.3911e+01
 3.1783e+02	 7.0297e+03	 5.4922e+00	 8.4593e-02	 3.6314e+02	 7.0578e+03	-8.9118e+01	 6.6933e+07	 1.0309e+06	-6.4925e+01
 1.0058e+02	 7.0297e+03	 5.5409e+00	 1.1467e-01	 3.6315e+02	 7.0602e+03	-8.8814e+01	 1.5604e+08	 3.2292e+06	-4.8322e+01
 3.1829e+01	 7.0297e+03	 5.6118e+00	 1.8067e-01	 3.6315e+02	 7.0631e+03	-8.8156e+01	 3.1294e+08	 1.0075e+07	-3.1061e+01
 1.0072e+01	 7.0297e+03	 5.7235e+00	 3.3737e-01	 3.6315e+02	 7.0662e+03	-8.6627e+01	 5.2959e+08	 3.1216e+07	-1.6965e+01
 1.0000e+06	 7.0635e+03	 3.1526e+00	 2.6770e-01	 3.6315e+02	 7.0729e+03	-8.5147e+01	 6.7225e+03	 5.7082e+02	-1.1777e+01
 3.1646e+05	 7.0635e+03	 3.4956e+00	 8.6164e-01	 3.6314e+02	 7.0754e+03	-7.6153e+01	 6.5998e+03	 1.6268e+03	-4.0569e+00
 1.0014e+05	 7.0635e+03	 4.4833e+00	 9.9551e-01	 3.6314e+02	 7.0780e+03	-7.7481e+01	 1.8051e+04	 4.0082e+03	-4.5035e+00
 3.1691e+04	 7.0635e+03	 5.1292e+00	 5.7714e-01	 3.6315e+02	 7.0806e+03	-8.3580e+01	 9.8390e+04	 1.1071e+04	-8.8873e+00
 1.0029e+04	 7.0635e+03	 5.3405e+00	 2.6339e-01	 3.6314e+02	 7.0833e+03	-8.7177e+01	 6.8126e+05	 3.3599e+04	-2.0276e+01
 3.1737e+03	 7.0635e+03	 5.4129e+00	 1.2947e-01	 3.6315e+02	 7.0860e+03	-8.8630e+01	 4.3796e+06	 1.0475e+05	-4.1809e+01
 1.0043e+03	 7.0635e+03	 5.4555e+00	 8.5716e-02	 3.6315e+02	 7.0887e+03	-8.9100e+01	 2.0904e+07	 3.2844e+05	-6.3646e+01
 3.1783e+02	 7.0635e+03	 5.4950e+00	 8.7049e-02	 3.6314e+02	 7.0912e+03	-8.9092e+01	 6.5045e+07	 1.0304e+06	-6.3125e+01
 1.0058e+02	 7.0635e+03	 5.5437e+00	 1.3243e-01	 3.6315e+02	 7.0940e+03	-8.8632e+01	 1.3511e+08	 3.2275e+06	-4.1862e+01
 3.1829e+01	 7.0635e+03	 5.6144e+00	 2.3816e-01	 3.6314e+02	 7.0970e+03	-8.7571e+01	 2.3740e+08	 1.0070e+07	-2.3574e+01
 1.0072e+01	 7.0635e+03	 5.7262e+00	 4.7018e-01	 3.6314e+02	 7.1000e+03	-8.5306e+01	 3.7999e+08	 3.1201e+07	-1.2179e+01
 1.0000e+06	 7.0974e+03	 3.1537e+00	 2.6434e-01	 3.6314e+02	 7.1067e+03	-8.5209e+01	 6.8078e+03	 5.7062e+02	-1.1930e+01
 3.1646e+05	 7.0974e+03	 3.4948e+00	 8.6117e-01	 3.6314e+02	 7.1094e+03	-7.6157e+01	 6.6034e+03	 1.6272e+03	-4.0582e+00
 1.0014e+05	 7.0974e+03	 4.4834e+00	 9.9742e-01	 3.6314e+02	 7.1119e+03	-7.7458e+01	 1.8016e+04	 4.0081e+03	-4.4950e+00
 3.1691e+04	 7.0974e+03	 5.1315e+00	 5.7858e-01	 3.6314e+02	 7.1147e+03	-8.3567e+01	 9.8145e+04	 1.1066e+04	-8.8692e+00
 1.0029e+04	 7.0974e+03	 5.3431e+00	 2.6407e-01	 3.6314e+02	 7.1174e+03	-8.7171e+01	 6.7952e+05	 3.3583e+04	-2.0234e+01
 3.1737e+03	 7.0974e+03	 5.4161e+00	 1.2965e-01	 3.6315e+02	 7.1202e+03	-8.8629e+01	 4.3734e+06	 1.0469e+05	-4.1774e+01
 1.0043e+03	 7.0974e+03	 5.4586e+00	 8.5325e-02	 3.6315e+02	 7.1227e+03	-8.9104e+01	 2.1000e+07	 3.2825e+05	-6.3974e+01
 3.1783e+02	 7.0974e+03	 5.4981e+00	 8.6602e-02	 3.6315e+02	 7.1255e+03	-8.9098e+01	 6.5381e+07	 1.0298e+06	-6.3487e+01
 1.0058e+02	 7.0974e+03	 5.5473e+00	 1.1455e-01	 3.6315e+02	 7.1280e+03	-8.8817e+01	 1.5620e+08	 3.2254e+06	-4.8429e+01
 3.1829e+01	 7.0974e+03	 5.6177e+00	 1.9501e-01	 3.6315e+02	 7.1309e+03	-8.8012e+01	 2.8994e+08	 1.0064e+07	-2.8808e+01
 1.0072e+01	 7.0974e+03	 5.7283e+00	 3.7671e-01	 3.6315e+02	 7.1341e+03	-8.6237e+01	 4.7428e+08	 3.1190e+07	-1.5206e+01
 1.0000e+06	 7.1313e+03	 3.1538e+00	 2.6795e-01	 3.6315e+02	 7.1407e+03	-8.5144e+01	 6.7160e+03	 5.7061e+02	-1.1770e+01
 3.1646e+05	 7.1313e+03	 3.4944e+00	 8.6082e-01	 3.6315e+02	 7.1432e+03	-7.6161e+01	 6.6061e+03	 1.6274e+03	-4.0594e+00
 1.0014e+05	 7.1313e+03	 4.4837e+00	 9.9919e-01	 3.6315e+02	 7.1457e+03	-7.7437e+01	 1.7984e+04	 4.0078e+03	-4.4873e+00
 3.1691e+04	 7.1313e+03	 5.1338e+00	 5.8008e-01	 3.6315e+02	 7.1488e+03	-8.3553e+01	 9.7891e+04	 1.1061e+04	-8.8502e+00
 1.0029e+04	 7.1313e+03	 5.3462e+00	 2.6460e-01	 3.6315e+02	 7.1512e+03	-8.7167e+01	 6.7815e+05	 3.3564e+04	-2.0205e+01
 3.1737e+03	 7.1313e+03	 5.4192e+00	 1.3000e-01	 3.6315e+02	 7.1541e+03	-8.8626e+01	 4.3617e+06	 1.0463e+05	-4.1686e+01
 1.0043e+03	 7.1313e+03	 5.4617e+00	 8.5812e-02	 3.6315e+02	 7.1565e+03	-8.9100e+01	 2.0881e+07	 3.2807e+05	-6.3647e+01
 3.1783e+02	 7.1313e+03	 5.5010e+00	 8.5020e-02	 3.6316e+02	 7.1593e+03	-8.9115e+01	 6.6597e+07	 1.0293e+06	-6.4703e+01
 1.0058e+02	 7.1313e+03	 5.5498e+00	 1.2230e-01	 3.6316e+02	 7.1618e+03	-8.8738e+01	 1.4629e+08	 3.2240e+06	-4.5377e+01
 3.1829e+01	 7.1313e+03	 5.6205e+00	 2.0672e-01	 3.6316e+02	 7.1647e+03	-8.7894e+01	 2.7351e+08	 1.0060e+07	-2.7189e+01
 1.0072e+01	 7.1313e+03	 5.7320e+00	 4.1178e-01	 3.6316e+02	 7.1677e+03	-8.5891e+01	 4.3389e+08	 3.1170e+07	-1.3920e+01
 1.0000e+06	 7.1652e+03	 3.1539e+00	 2.7038e-01	 3.6316e+02	 7.1744e+03	-8.5100e+01	 6.6556e+03	 5.7059e+02	-1.1664e+01
 3.1646e+05	 7.1652e+03	 3.4939e+00	 8.6049e-01	 3.6316e+02	 7.1770e+03	-7.6164e+01	 6.6086e+03	 1.6276e+03	-4.0603e+00
 1.0014e+05	 7.1652e+03	 4.4838e+00	 1.0008e+00	 3.6316e+02	 7.1797e+03	-7.7417e+01	 1.7955e+04	 4.0077e+03	-4.4801e+00
 3.1691e+04	 7.1652e+03	 5.1359e+00	 5.8142e-01	 3.6316e+02	 7.1824e+03	-8.3541e+01	 9.7665e+04	 1.1056e+04	-8.8333e+00
 1.0029e+04	 7.1652e+03	 5.3489e+00	 2.6519e-01	 3.6316e+02	 7.1850e+03	-8.7162e+01	 6.7664e+05	 3.3547e+04	-2.0170e+01
 3.1737e+03	 7.1652e+03	 5.4218e+00	 1.2990e-01	 3.6316e+02	 7.1877e+03	-8.8628e+01	 4.3652e+06	 1.0458e+05	-4.1739e+01
 1.0043e+03	 7.1652e+03	 5.4644e+00	 8.5318e-02	 3.6316e+02	 7.1902e+03	-8.9105e+01	 2.1002e+07	 3.2791e+05	-6.4047e+01
 3.1783e+02	 7.1652e+03	 5.5039e+00	 8.4061e-02	 3.6316e+02	 7.1928e+03	-8.9125e+01	 6.7357e+07	 1.0287e+06	-6.5475e+01
 1.0058e+02	 7.1652e+03	 5.5529e+00	 1.1497e-01	 3.6316e+02	 7.1955e+03	-8.8814e+01	 1.5562e+08	 3.2221e+06	-4.8297e+01
 3.1829e+01	 7.1652e+03	 5.6236e+00	 1.8752e-01	 3.6316e+02	 7.1984e+03	-8.8090e+01	 3.0152e+08	 1.0054e+07	-2.9989e+01
 1.0072e+01	 7.1652e+03	 5.7350e+00	 3.5874e-01	 3.6315e+02	 7.2015e+03	-8.6421e+01	 4.9804e+08	 3.1154e+07	-1.5987e+01
 1.0000e+06	 7.1987e+03	 3.1546e+00	 2.7092e-01	 3.6316e+02	 7.2082e+03	-8.5091e+01	 6.6424e+03	 5.7046e+02	-1.1644e+01
 3.1646e+05	 7.1987e+03	 3.4933e+00	 8.5990e-01	 3.6315e+02	 7.2108e+03	-7.6171e+01	 6.6131e+03	 1.6279e+03	-4.0625e+00
 1.0014e+05	 7.1987e+03	 4.4839e+00	 1.0026e+00	 3.6316e+02	 7.2135e+03	-7.7396e+01	 1.7923e+04	 4.0076e+03	-4.4723e+00
 3.1691e+04	 7.1987e+03	 5.1377e+00	 5.8288e-01	 3.6316e+02	 7.2162e+03	-8.3527e+01	 9.7420e+04	 1.1053e+04	-8.8143e+00
 1.0029e+04	 7.1987e+03	 5.3514e+00	 2.6594e-01	 3.6315e+02	 7.2188e+03	-8.7155e+01	 6.7474e+05	 3.3531e+04	-2.0123e+01
 3.1737e+03	 7.1987e+03	 5.4246e+00	 1.3047e-01	 3.6315e+02	 7.2215e+03	-8.8622e+01	 4.3462e+06	 1.0453e+05	-4.1579e+01
 1.0043e+03	 7.1987e+03	 5.4671e+00	 8.5597e-02	 3.6316e+02	 7.2242e+03	-8.9103e+01	 2.0933e+07	 3.2775e+05	-6.3870e+01
 3.1783e+02	 7.1987e+03	 5.5065e+00	 8.4564e-02	 3.6316e+02	 7.2267e+03	-8.9120e+01	 6.6956e+07	 1.0283e+06	-6.5116e+01
 1.0058e+02	 7.1987e+03	 5.5554e+00	 1.2004e-01	 3.6316e+02	 7.2295e+03	-8.8762e+01	 1.4905e+08	 3.2207e+06	-4.6279e+01
 3.1829e+01	 7.1987e+03	 5.6259e+00	 1.9592e-01	 3.6316e+02	 7.2326e+03	-8.8006e+01	 2.8859e+08	 1.0050e+07	-2.8716e+01
 1.0072e+01	 7.1987e+03	 5.7374e+00	 3.4495e-01	 3.6316e+02	 7.2355e+03	-8.6559e+01	 5.1795e+08	 3.1141e+07	-1.6633e+01
 1.0000e+06	 7.2330e+03	 3.1544e+00	 2.7371e-01	 3.6317e+02	 7.2423e+03	-8.5041e+01	 6.5748e+03	 5.7050e+02	-1.1525e+01
 3.1646e+05	 7.2330e+03	 3.4926e+00	 8.5948e-01	 3.6316e+02	 7.2449e+03	-7.6175e+01	 6.6164e+03	 1.6282e+03	-4.0636e+00
 1.0014e+05	 7.2330e+03	 4.4838e+00	 1.0041e+00	 3.6316e+02	 7.2474e+03	-7.7377e+01	 1.7896e+04	 4.0077e+03	-4.4655e+00
 3.1691e+04	 7.2330e+03	 5.1397e+00	 5.8418e-01	 3.6316e+02	 7.2501e+03	-8.3516e+01	 9.7203e+04	 1.1048e+04	-8.7982e+00
 1.0029e+04	 7.2330e+03	 5.3540e+00	 2.6628e-01	 3.6317e+02	 7.2528e+03	-8.7153e+01	 6.7388e+05	 3.3515e+04	-2.0107e+01
 3.1737e+03	 7.2330e+03	 5.4271e+00	 1.3048e-01	 3.6316e+02	 7.2555e+03	-8.8623e+01	 4.3457e+06	 1.0448e+05	-4.1593e+01
 1.0043e+03	 7.2330e+03	 5.4696e+00	 8.5118e-02	 3.6316e+02	 7.2580e+03	-8.9108e+01	 2.1051e+07	 3.2760e+05	-6.4259e+01
 3.1783e+02	 7.2330e+03	 5.5093e+00	 8.3874e-02	 3.6317e+02	 7.2606e+03	-8.9128e+01	 6.7507e+07	 1.0277e+06	-6.5685e+01
 1.0058e+02	 7.2330e+03	 5.5579e+00	 1.1372e-01	 3.6317e+02	 7.2632e+03	-8.8828e+01	 1.5734e+08	 3.2192e+06	-4.8874e+01
 3.1829e+01	 7.2330e+03	 5.6284e+00	 1.8189e-01	 3.6317e+02	 7.2661e+03	-8.8149e+01	 3.1084e+08	 1.0045e+07	-3.0944e+01
 1.0072e+01	 7.2330e+03	 5.7367e+00	 3.9936e-01	 3.6317e+02	 7.2691e+03	-8.6018e+01	 4.4738e+08	 3.1144e+07	-1.4365e+01
 1.0000e+06	 7.2664e+03	 3.1549e+00	 2.7572e-01	 3.6316e+02	 7.2762e+03	-8.5005e+01	 6.5268e+03	 5.7041e+02	-1.1442e+01
 3.1646e+05	 7.2664e+03	 3.4921e+00	 8.5906e-01	 3.6317e+02	 7.2788e+03	-7.6179e+01	 6.6196e+03	 1.6284e+03	-4.0650e+00
 1.0014e+05	 7.2664e+03	 4.4839e+00	 1.0060e+00	 3.6317e+02	 7.2815e+03	-7.7355e+01	 1.7863e+04	 4.0076e+03	-4.4574e+00
 3.1691e+04	 7.2664e+03	 5.1417e+00	 5.8555e-01	 3.6317e+02	 7.2846e+03	-8.3503e+01	 9.6976e+04	 1.1044e+04	-8.7810e+00
 1.0029e+04	 7.2664e+03	 5.3563e+00	 2.6693e-01	 3.6317e+02	 7.2870e+03	-8.7147e+01	 6.7223e+05	 3.3501e+04	-2.0066e+01
 3.1737e+03	 7.2664e+03	 5.4300e+00	 1.3077e-01	 3.6317e+02	 7.2898e+03	-8.8620e+01	 4.3362e+06	 1.0443e+05	-4.1525e+01
 1.0043e+03	 7.2664e+03	 5.4724e+00	 8.5317e-02	 3.6317e+02	 7.2923e+03	-8.9107e+01	 2.1002e+07	 3.2742e+05	-6.4143e+01
 3.1783e+02	 7.2664e+03	 5.5121e+00	 8.2793e-02	 3.6317e+02	 7.2952e+03	-8.9139e+01	 6.8389e+07	 1.0272e+06	-6.6577e+01
 1.0058e+02	 7.2664e+03	 5.5609e+00	 1.0862e-01	 3.6317e+02	 7.2977e+03	-8.8881e+01	 1.6473e+08	 3.2175e+06	-5.1198e+01
 3.1829e+01	 7.2664e+03	 5.6318e+00	 1.7162e-01	 3.6316e+02	 7.3006e+03	-8.8255e+01	 3.2944e+08	 1.0039e+07	-3.2815e+01
 1.0072e+01	 7.2664e+03	 5.7430e+00	 3.0082e-01	 3.6316e+02	 7.3036e+03	-8.7002e+01	 5.9393e+08	 3.1110e+07	-1.9091e+01
 1.0000e+06	 7.3008e+03	 3.1554e+00	 2.7532e-01	 3.6316e+02	 7.3100e+03	-8.5013e+01	 6.5363e+03	 5.7031e+02	-1.1461e+01
 3.1646e+05	 7.3008e+03	 3.4915e+00	 8.5868e-01	 3.6316e+02	 7.3126e+03	-7.6183e+01	 6.6225e+03	 1.6287e+03	-4.0661e+00
 1.0014e+05	 7.3008e+03	 4.4840e+00	 1.0076e+00	 3.6315e+02	 7.3153e+03	-7.7336e+01	 1.7835e+04	 4.0075e+03	-4.4503e+00
 3.1691e+04	 7.3008e+03	 5.1436e+00	 5.8698e-01	 3.6316e+02	 7.3181e+03	-8.3490e+01	 9.6740e+04	 1.1040e+04	-8.7628e+00
 1.0029e+04	 7.3008e+03	 5.3587e+00	 2.6749e-01	 3.6315e+02	 7.3206e+03	-8.7142e+01	 6.7084e+05	 3.3485e+04	-2.0034e+01
 3.1737e+03	 7.3008e+03	 5.4324e+00	 1.3083e-01	 3.6316e+02	 7.3236e+03	-8.8620e+01	 4.3341e+06	 1.0438e+05	-4.1523e+01
 1.0043e+03	 7.3008e+03	 5.4752e+00	 8.5599e-02	 3.6315e+02	 7.3261e+03	-8.9104e+01	 2.0933e+07	 3.2726e+05	-6.3963e+01
 3.1783e+02	 7.3008e+03	 5.5146e+00	 8.2326e-02	 3.6315e+02	 7.3290e+03	-8.9145e+01	 6.8777e+07	 1.0268e+06	-6.6985e+01
 1.0058e+02	 7.3008e+03	 5.5638e+00	 1.0986e-01	 3.6315e+02	 7.3315e+03	-8.8869e+01	 1.6286e+08	 3.2158e+06	-5.0644e+01
 3.1829e+01	 7.3008e+03	 5.6344e+00	 1.6943e-01	 3.6315e+02	 7.3346e+03	-8.8278e+01	 3.3370e+08	 1.0035e+07	-3.3255e+01
 1.0072e+01	 7.3008e+03	 5.7456e+00	 2.9964e-01	 3.6315e+02	 7.3377e+03	-8.7015e+01	 5.9627e+08	 3.1096e+07	-1.9175e+01
 1.0000e+06	 7.3349e+03	 3.1561e+00	 2.7498e-01	 3.6314e+02	 7.3442e+03	-8.5021e+01	 6.5443e+03	 5.7019e+02	-1.1477e+01
 3.1646e+05	 7.3349e+03	 3.4909e+00	 8.5797e-01	 3.6314e+02	 7.3471e+03	-7.6192e+01	 6.6280e+03	 1.6290e+03	-4.0688e+00
 1.0014e+05	 7.3349e+03	 4.4836e+00	 1.0093e+00	 3.6314e+02	 7.3495e+03	-7.7314e+01	 1.7804e+04	 4.0079e+03	-4.4423e+00
 3.1691e+04	 7.3349e+03	 5.1453e+00	 5.8849e-01	 3.6313e+02	 7.3523e+03	-8.3475e+01	 9.6491e+04	 1.1036e+04	-8.7433e+00
 1.0029e+04	 7.3349e+03	 5.3615e+00	 2.6810e-01	 3.6314e+02	 7.3548e+03	-8.7137e+01	 6.6931e+05	 3.3468e+04	-1.9999e+01
 3.1737e+03	 7.3349e+03	 5.4352e+00	 1.3124e-01	 3.6313e+02	 7.3575e+03	-8.8617e+01	 4.3204e+06	 1.0433e+05	-4.1413e+01
 1.0043e+03	 7.3349e+03	 5.4782e+00	 8.5496e-02	 3.6313e+02	 7.3601e+03	-8.9106e+01	 2.0958e+07	 3.2708e+05	-6.4075e+01
 3.1783e+02	 7.3349e+03	 5.5176e+00	 8.3052e-02	 3.6313e+02	 7.3627e+03	-8.9138e+01	 6.8175e+07	 1.0262e+06	-6.6436e+01
 1.0058e+02	 7.3349e+03	 5.5664e+00	 1.1232e-01	 3.6313e+02	 7.3653e+03	-8.8844e+01	 1.5930e+08	 3.2143e+06	-4.9558e+01
 3.1829e+01	 7.3349e+03	 5.6373e+00	 1.8755e-01	 3.6313e+02	 7.3683e+03	-8.8094e+01	 3.0146e+08	 1.0030e+07	-3.0057e+01
 1.0072e+01	 7.3349e+03	 5.7482e+00	 3.5382e-01	 3.6313e+02	 7.3712e+03	-8.6478e+01	 5.0496e+08	 3.1082e+07	-1.6246e+01
 1.0000e+06	 7.3687e+03	 3.1567e+00	 2.7447e-01	 3.6313e+02	 7.3780e+03	-8.5031e+01	 6.5565e+03	 5.7008e+02	-1.1501e+01
 3.1646e+05	 7.3687e+03	 3.4903e+00	 8.5744e-01	 3.6314e+02	 7.3805e+03	-7.6198e+01	 6.6321e+03	 1.6293e+03	-4.0706e+00
 1.0014e+05	 7.3687e+03	 4.4837e+00	 1.0110e+00	 3.6313e+02	 7.3832e+03	-7.7293e+01	 1.7775e+04	 4.0078e+03	-4.4350e+00
 3.1691e+04	 7.3687e+03	 5.1475e+00	 5.8971e-01	 3.6314e+02	 7.3859e+03	-8.3465e+01	 9.6292e+04	 1.1032e+04	-8.7288e+00
 1.0029e+04	 7.3687e+03	 5.3639e+00	 2.6857e-01	 3.6313e+02	 7.3885e+03	-8.7134e+01	 6.6814e+05	 3.3453e+04	-1.9972e+01
 3.1737e+03	 7.3687e+03	 5.4377e+00	 1.3122e-01	 3.6314e+02	 7.3912e+03	-8.8618e+01	 4.3211e+06	 1.0428e+05	-4.1439e+01
 1.0043e+03	 7.3687e+03	 5.4807e+00	 8.5310e-02	 3.6314e+02	 7.3940e+03	-8.9108e+01	 2.1004e+07	 3.2693e+05	-6.4245e+01
 3.1783e+02	 7.3687e+03	 5.5202e+00	 8.2227e-02	 3.6314e+02	 7.3966e+03	-8.9147e+01	 6.8859e+07	 1.0257e+06	-6.7133e+01
 1.0058e+02	 7.3687e+03	 5.5694e+00	 1.0829e-01	 3.6314e+02	 7.3993e+03	-8.8886e+01	 1.6522e+08	 3.2126e+06	-5.1430e+01
 3.1829e+01	 7.3687e+03	 5.6397e+00	 1.6962e-01	 3.6313e+02	 7.4021e+03	-8.8277e+01	 3.3332e+08	 1.0025e+07	-3.3248e+01
 1.0072e+01	 7.3687e+03	 5.7497e+00	 3.3633e-01	 3.6314e+02	 7.4051e+03	-8.6652e+01	 5.3122e+08	 3.1074e+07	-1.7095e+01
 1.0000e+06	 7.4023e+03	 3.1572e+00	 2.7317e-01	 3.6314e+02	 7.4121e+03	-8.5055e+01	 6.5877e+03	 5.6999e+02	-1.1558e+01
 3.1646e+05	 7.4023e+03	 3.4901e+00	 8.5733e-01	 3.6314e+02	 7.4147e+03	-7.6199e+01	 6.6330e+03	 1.6294e+03	-4.0709e+00
 1.0014e+05	 7.4023e+03	 4.4840e+00	 1.0124e+00	 3.6314e+02	 7.4175e+03	-7.7277e+01	 1.7750e+04	 4.0075e+03	-4.4292e+00
 3.1691e+04	 7.4023e+03	 5.1496e+00	 5.9090e-01	 3.6315e+02	 7.4202e+03	-8.3454e+01	 9.6099e+04	 1.1027e+04	-8.7148e+00
 1.0029e+04	 7.4023e+03	 5.3663e+00	 2.6903e-01	 3.6315e+02	 7.4228e+03	-8.7130e+01	 6.6699e+05	 3.3438e+04	-1.9947e+01
 3.1737e+03	 7.4023e+03	 5.4402e+00	 1.3138e-01	 3.6314e+02	 7.4255e+03	-8.8617e+01	 4.3160e+06	 1.0423e+05	-4.1409e+01
 1.0043e+03	 7.4023e+03	 5.4832e+00	 8.5803e-02	 3.6315e+02	 7.4283e+03	-8.9103e+01	 2.0883e+07	 3.2678e+05	-6.3904e+01
 3.1783e+02	 7.4023e+03	 5.5229e+00	 8.2696e-02	 3.6315e+02	 7.4309e+03	-8.9142e+01	 6.8469e+07	 1.0252e+06	-6.6785e+01
 1.0058e+02	 7.4023e+03	 5.5719e+00	 1.0995e-01	 3.6315e+02	 7.4335e+03	-8.8870e+01	 1.6273e+08	 3.2112e+06	-5.0676e+01
 3.1829e+01	 7.4023e+03	 5.6427e+00	 1.7531e-01	 3.6315e+02	 7.4364e+03	-8.8220e+01	 3.2250e+08	 1.0020e+07	-3.2186e+01
 1.0072e+01	 7.4023e+03	 5.7538e+00	 3.0567e-01	 3.6315e+02	 7.4393e+03	-8.6959e+01	 5.8449e+08	 3.1052e+07	-1.8823e+01
 1.0000e+06	 7.4365e+03	 3.1582e+00	 2.7109e-01	 3.6315e+02	 7.4461e+03	-8.5094e+01	 6.6383e+03	 5.6980e+02	-1.1650e+01
 3.1646e+05	 7.4365e+03	 3.4897e+00	 8.5693e-01	 3.6314e+02	 7.4487e+03	-7.6204e+01	 6.6360e+03	 1.6295e+03	-4.0723e+00
 1.0014e+05	 7.4365e+03	 4.4844e+00	 1.0140e+00	 3.6315e+02	 7.4511e+03	-7.7259e+01	 1.7722e+04	 4.0072e+03	-4.4225e+00
 3.1691e+04	 7.4365e+03	 5.1515e+00	 5.9216e-01	 3.6315e+02	 7.4539e+03	-8.3443e+01	 9.5895e+04	 1.1023e+04	-8.6996e+00
 1.0029e+04	 7.4365e+03	 5.3688e+00	 2.6938e-01	 3.6315e+02	 7.4564e+03	-8.7128e+01	 6.6613e+05	 3.3423e+04	-1.9931e+01
 3.1737e+03	 7.4365e+03	 5.4427e+00	 1.3163e-01	 3.6315e+02	 7.4592e+03	-8.8615e+01	 4.3076e+06	 1.0418e+05	-4.1347e+01
 1.0043e+03	 7.4365e+03	 5.4856e+00	 8.5598e-02	 3.6315e+02	 7.4616e+03	-8.9106e+01	 2.0933e+07	 3.2664e+05	-6.4085e+01
 3.1783e+02	 7.4365e+03	 5.5254e+00	 8.1784e-02	 3.6314e+02	 7.4644e+03	-8.9152e+01	 6.9233e+07	 1.0247e+06	-6.7561e+01
 1.0058e+02	 7.4365e+03	 5.5746e+00	 1.0750e-01	 3.6315e+02	 7.4668e+03	-8.8895e+01	 1.6645e+08	 3.2096e+06	-5.1858e+01
 3.1829e+01	 7.4365e+03	 5.6455e+00	 1.7627e-01	 3.6315e+02	 7.4697e+03	-8.8212e+01	 3.2076e+08	 1.0015e+07	-3.2028e+01
 1.0072e+01	 7.4365e+03	 5.7567e+00	 2.9169e-01	 3.6315e+02	 7.4727e+03	-8.7099e+01	 6.1252e+08	 3.1036e+07	-1.9736e+01
 1.0000e+06	 7.4699e+03	 3.1588e+00	 2.7043e-01	 3.6315e+02	 7.4793e+03	-8.5107e+01	 6.6544e+03	 5.6971e+02	-1.1680e+01
 3.1646e+05	 7.4699e+03	 3.4895e+00	 8.5681e-01	 3.6315e+02	 7.4819e+03	-7.6205e+01	 6.6370e+03	 1.6296e+03	-4.0727e+00
 1.0014e+05	 7.4699e+03	 4.4849e+00	 1.0154e+00	 3.6315e+02	 7.4843e+03	-7.7243e+01	 1.7697e+04	 4.0067e+03	-4.4168e+00
 3.1691e+04	 7.4699e+03	 5.1536e+00	 5.9318e-01	 3.6315e+02	 7.4870e+03	-8.3434e+01	 9.5729e+04	 1.1018e+04	-8.6881e+00
 1.0029e+04	 7.4699e+03	 5.3714e+00	 2.6984e-01	 3.6316e+02	 7.4895e+03	-8.7124e+01	 6.6499e+05	 3.3406e+04	-1.9906e+01
 3.1737e+03	 7.4699e+03	 5.4454e+00	 1.3166e-01	 3.6315e+02	 7.4924e+03	-8.8615e+01	 4.3067e+06	 1.0413e+05	-4.1359e+01
 1.0043e+03	 7.4699e+03	 5.4884e+00	 8.5345e-02	 3.6315e+02	 7.4948e+03	-8.9109e+01	 2.0995e+07	 3.2647e+05	-6.4309e+01
 3.1783e+02	 7.4699e+03	 5.5277e+00	 8.2290e-02	 3.6315e+02	 7.4975e+03	-8.9147e+01	 6.8807e+07	 1.0243e+06	-6.7174e+01
 1.0058e+02	 7.4699e+03	 5.5766e+00	 1.0786e-01	 3.6315e+02	 7.5000e+03	-8.8892e+01	 1.6589e+08	 3.2084e+06	-5.1704e+01
 3.1829e+01	 7.4699e+03	 5.6469e+00	 1.6958e-01	 3.6315e+02	 7.5030e+03	-8.8280e+01	 3.3340e+08	 1.0012e+07	-3.3299e+01
 1.0072e+01	 7.4699e+03	 5.7576e+00	 2.9458e-01	 3.6315e+02	 7.5060e+03	-8.7071e+01	 6.0650e+08	 3.1031e+07	-1.9545e+01
 1.0000e+06	 7.5033e+03	 3.1594e+00	 2.6892e-01	 3.6314e+02	 7.5126e+03	-8.5135e+01	 6.6919e+03	 5.6959e+02	-1.1749e+01
 3.1646e+05	 7.5033e+03	 3.4892e+00	 8.5634e-01	 3.6315e+02	 7.5152e+03	-7.6211e+01	 6.6406e+03	 1.6298e+03	-4.0746e+00
 1.0014e+05	 7.5033e+03	 4.4849e+00	 1.0169e+00	 3.6315e+02	 7.5177e+03	-7.7225e+01	 1.7672e+04	 4.0067e+03	-4.4105e+00
 3.1691e+04	 7.5033e+03	 5.1554e+00	 5.9439e-01	 3.6314e+02	 7.5204e+03	-8.3423e+01	 9.5534e+04	 1.1015e+04	-8.6734e+00
 1.0029e+04	 7.5033e+03	 5.3734e+00	 2.7058e-01	 3.6315e+02	 7.5230e+03	-8.7117e+01	 6.6316e+05	 3.3394e+04	-1.9858e+01
 3.1737e+03	 7.5033e+03	 5.4476e+00	 1.3214e-01	 3.6314e+02	 7.5257e+03	-8.8611e+01	 4.2913e+06	 1.0409e+05	-4.1227e+01
 1.0043e+03	 7.5033e+03	 5.4908e+00	 8.6224e-02	 3.6314e+02	 7.5282e+03	-8.9100e+01	 2.0781e+07	 3.2633e+05	-6.3681e+01
 3.1783e+02	 7.5033e+03	 5.5305e+00	 8.3330e-02	 3.6315e+02	 7.5308e+03	-8.9137e+01	 6.7948e+07	 1.0238e+06	-6.6370e+01
 1.0058e+02	 7.5033e+03	 5.5796e+00	 1.0863e-01	 3.6315e+02	 7.5335e+03	-8.8885e+01	 1.6470e+08	 3.2067e+06	-5.1361e+01
 3.1829e+01	 7.5033e+03	 5.6503e+00	 1.7701e-01	 3.6314e+02	 7.5364e+03	-8.8206e+01	 3.1941e+08	 1.0006e+07	-3.1920e+01
 1.0072e+01	 7.5033e+03	 5.7608e+00	 3.3090e-01	 3.6315e+02	 7.5394e+03	-8.6713e+01	 5.3993e+08	 3.1014e+07	-1.7409e+01
 1.0000e+06	 7.5366e+03	 3.1601e+00	 2.6843e-01	 3.6314e+02	 7.5463e+03	-8.5145e+01	 6.7040e+03	 5.6946e+02	-1.1772e+01
 3.1646e+05	 7.5366e+03	 3.4888e+00	 8.5598e-01	 3.6314e+02	 7.5489e+03	-7.6215e+01	 6.6434e+03	 1.6300e+03	-4.0758e+00
 1.0014e+05	 7.5366e+03	 4.4852e+00	 1.0183e+00	 3.6315e+02	 7.5516e+03	-7.7208e+01	 1.7647e+04	 4.0065e+03	-4.4045e+00
 3.1691e+04	 7.5366e+03	 5.1573e+00	 5.9566e-01	 3.6314e+02	 7.5543e+03	-8.3412e+01	 9.5330e+04	 1.1011e+04	-8.6580e+00
 1.0029e+04	 7.5366e+03	 5.3757e+00	 2.7092e-01	 3.6315e+02	 7.5570e+03	-8.7115e+01	 6.6233e+05	 3.3379e+04	-1.9842e+01
 3.1737e+03	 7.5366e+03	 5.4501e+00	 1.3240e-01	 3.6315e+02	 7.5597e+03	-8.8608e+01	 4.2827e+06	 1.0404e+05	-4.1164e+01
 1.0043e+03	 7.5366e+03	 5.4932e+00	 8.6003e-02	 3.6315e+02	 7.5624e+03	-8.9103e+01	 2.0834e+07	 3.2618e+05	-6.3873e+01
 3.1783e+02	 7.5366e+03	 5.5329e+00	 8.4874e-02	 3.6315e+02	 7.5650e+03	-8.9121e+01	 6.6712e+07	 1.0234e+06	-6.5190e+01
 1.0058e+02	 7.5366e+03	 5.5815e+00	 1.2361e-01	 3.6315e+02	 7.5677e+03	-8.8731e+01	 1.4474e+08	 3.2056e+06	-4.5153e+01
 3.1829e+01	 7.5366e+03	 5.6524e+00	 1.8203e-01	 3.6315e+02	 7.5709e+03	-8.8156e+01	 3.1061e+08	 1.0003e+07	-3.1053e+01
 1.0072e+01	 7.5366e+03	 5.7654e+00	 3.3160e-01	 3.6315e+02	 7.5738e+03	-8.6708e+01	 5.3880e+08	 3.0989e+07	-1.7387e+01
 1.0000e+06	 7.5712e+03	 3.1608e+00	 2.6567e-01	 3.6315e+02	 7.5805e+03	-8.5196e+01	 6.7738e+03	 5.6934e+02	-1.1898e+01
 3.1646e+05	 7.5712e+03	 3.4885e+00	 8.5564e-01	 3.6316e+02	 7.5831e+03	-7.6219e+01	 6.6461e+03	 1.6301e+03	-4.0770e+00
 1.0014e+05	 7.5712e+03	 4.4855e+00	 1.0198e+00	 3.6315e+02	 7.5857e+03	-7.7192e+01	 1.7622e+04	 4.0062e+03	-4.3985e+00
 3.1691e+04	 7.5712e+03	 5.1591e+00	 5.9663e-01	 3.6315e+02	 7.5884e+03	-8.3403e+01	 9.5175e+04	 1.1007e+04	-8.6470e+00
 1.0029e+04	 7.5712e+03	 5.3779e+00	 2.7135e-01	 3.6316e+02	 7.5910e+03	-8.7112e+01	 6.6129e+05	 3.3366e+04	-1.9819e+01
 3.1737e+03	 7.5712e+03	 5.4523e+00	 1.3220e-01	 3.6315e+02	 7.5937e+03	-8.8611e+01	 4.2892e+06	 1.0400e+05	-4.1243e+01
 1.0043e+03	 7.5712e+03	 5.4954e+00	 8.6772e-02	 3.6316e+02	 7.5964e+03	-8.9095e+01	 2.0650e+07	 3.2606e+05	-6.3331e+01
 3.1783e+02	 7.5712e+03	 5.5351e+00	 8.5427e-02	 3.6316e+02	 7.5989e+03	-8.9116e+01	 6.6280e+07	 1.0230e+06	-6.4793e+01
 1.0058e+02	 7.5712e+03	 5.5843e+00	 1.1511e-01	 3.6316e+02	 7.6015e+03	-8.8819e+01	 1.5544e+08	 3.2040e+06	-4.8513e+01
 3.1829e+01	 7.5712e+03	 5.6550e+00	 1.9358e-01	 3.6316e+02	 7.6044e+03	-8.8039e+01	 2.9207e+08	 9.9981e+06	-2.9213e+01
 1.0072e+01	 7.5712e+03	 5.7657e+00	 4.2061e-01	 3.6316e+02	 7.6074e+03	-8.5828e+01	 4.2477e+08	 3.0987e+07	-1.3708e+01
 1.0000e+06	 7.6047e+03	 3.1616e+00	 2.6323e-01	 3.6315e+02	 7.6140e+03	-8.5241e+01	 6.8366e+03	 5.6920e+02	-1.2011e+01
 3.1646e+05	 7.6047e+03	 3.4883e+00	 8.5551e-01	 3.6316e+02	 7.6165e+03	-7.6220e+01	 6.6471e+03	 1.6302e+03	-4.0775e+00
 1.0014e+05	 7.6047e+03	 4.4857e+00	 1.0210e+00	 3.6315e+02	 7.6190e+03	-7.7177e+01	 1.7600e+04	 4.0060e+03	-4.3934e+00
 3.1691e+04	 7.6047e+03	 5.1610e+00	 5.9778e-01	 3.6316e+02	 7.6218e+03	-8.3393e+01	 9.4992e+04	 1.1003e+04	-8.6335e+00
 1.0029e+04	 7.6047e+03	 5.3801e+00	 2.7172e-01	 3.6316e+02	 7.6244e+03	-8.7109e+01	 6.6038e+05	 3.3353e+04	-1.9800e+01
 3.1737e+03	 7.6047e+03	 5.4545e+00	 1.3259e-01	 3.6317e+02	 7.6272e+03	-8.8608e+01	 4.2766e+06	 1.0396e+05	-4.1139e+01
 1.0043e+03	 7.6047e+03	 5.4973e+00	 8.6794e-02	 3.6316e+02	 7.6297e+03	-8.9095e+01	 2.0644e+07	 3.2595e+05	-6.3337e+01
 3.1783e+02	 7.6047e+03	 5.5375e+00	 8.4680e-02	 3.6316e+02	 7.6322e+03	-8.9124e+01	 6.6865e+07	 1.0225e+06	-6.5394e+01
 1.0058e+02	 7.6047e+03	 5.5865e+00	 1.1519e-01	 3.6316e+02	 7.6348e+03	-8.8819e+01	 1.5532e+08	 3.2028e+06	-4.8496e+01
 3.1829e+01	 7.6047e+03	 5.6574e+00	 1.9650e-01	 3.6317e+02	 7.6377e+03	-8.8011e+01	 2.8773e+08	 9.9939e+06	-2.8790e+01
 1.0072e+01	 7.6047e+03	 5.7687e+00	 3.9429e-01	 3.6316e+02	 7.6407e+03	-8.6090e+01	 4.5313e+08	 3.0971e+07	-1.4631e+01
 1.0000e+06	 7.6380e+03	 3.1623e+00	 2.6232e-01	 3.6316e+02	 7.6474e+03	-8.5258e+01	 6.8602e+03	 5.6907e+02	-1.2055e+01
 3.1646e+05	 7.6380e+03	 3.4879e+00	 8.5522e-01	 3.6316e+02	 7.6500e+03	-7.6223e+01	 6.6493e+03	 1.6304e+03	-4.0784e+00
 1.0014e+05	 7.6380e+03	 4.4861e+00	 1.0225e+00	 3.6316e+02	 7.6527e+03	-7.7161e+01	 1.7575e+04	 4.0057e+03	-4.3876e+00
 3.1691e+04	 7.6380e+03	 5.1626e+00	 5.9875e-01	 3.6316e+02	 7.6555e+03	-8.3385e+01	 9.4838e+04	 1.0999e+04	-8.6223e+00
 1.0029e+04	 7.6380e+03	 5.3824e+00	 2.7210e-01	 3.6316e+02	 7.6581e+03	-8.7106e+01	 6.5945e+05	 3.3338e+04	-1.9780e+01
 3.1737e+03	 7.6380e+03	 5.4569e+00	 1.3276e-01	 3.6315e+02	 7.6610e+03	-8.8606e+01	 4.2711e+06	 1.0391e+05	-4.1104e+01
 1.0043e+03	 7.6380e+03	 5.4999e+00	 8.6805e-02	 3.6316e+02	 7.6635e+03	-8.9096e+01	 2.0642e+07	 3.2579e+05	-6.3358e+01
 3.1783e+02	 7.6380e+03	 5.5396e+00	 8.6264e-02	 3.6316e+02	 7.6662e+03	-8.9108e+01	 6.5637e+07	 1.0221e+06	-6.4216e+01
 1.0058e+02	 7.6380e+03	 5.5895e+00	 1.1982e-01	 3.6316e+02	 7.6686e+03	-8.8772e+01	 1.4933e+08	 3.2011e+06	-4.6649e+01
 3.1829e+01	 7.6380e+03	 5.6596e+00	 2.1325e-01	 3.6315e+02	 7.6715e+03	-8.7842e+01	 2.6514e+08	 9.9899e+06	-2.6540e+01
 1.0072e+01	 7.6380e+03	 5.7698e+00	 4.1900e-01	 3.6315e+02	 7.6746e+03	-8.5846e+01	 4.2640e+08	 3.0966e+07	-1.3770e+01
 1.0000e+06	 7.6719e+03	 3.1631e+00	 2.5880e-01	 3.6315e+02	 7.6812e+03	-8.5322e+01	 6.9534e+03	 5.6893e+02	-1.2222e+01
 3.1646e+05	 7.6719e+03	 3.4874e+00	 8.5458e-01	 3.6315e+02	 7.6838e+03	-7.6231e+01	 6.6543e+03	 1.6306e+03	-4.0808e+00
 1.0014e+05	 7.6719e+03	 4.4857e+00	 1.0237e+00	 3.6315e+02	 7.6865e+03	-7.7144e+01	 1.7553e+04	 4.0060e+03	-4.3817e+00
 3.1691e+04	 7.6719e+03	 5.1641e+00	 6.0003e-01	 3.6315e+02	 7.6892e+03	-8.3372e+01	 9.4636e+04	 1.0996e+04	-8.6064e+00
 1.0029e+04	 7.6719e+03	 5.3843e+00	 2.7276e-01	 3.6315e+02	 7.6917e+03	-8.7100e+01	 6.5786e+05	 3.3327e+04	-1.9740e+01
 3.1737e+03	 7.6719e+03	 5.4588e+00	 1.3307e-01	 3.6315e+02	 7.6944e+03	-8.8604e+01	 4.2611e+06	 1.0387e+05	-4.1023e+01
 1.0043e+03	 7.6719e+03	 5.5019e+00	 8.8379e-02	 3.6315e+02	 7.6970e+03	-8.9080e+01	 2.0274e+07	 3.2567e+05	-6.2253e+01
 3.1783e+02	 7.6719e+03	 5.5419e+00	 8.8185e-02	 3.6315e+02	 7.6996e+03	-8.9088e+01	 6.4207e+07	 1.0217e+06	-6.2844e+01
 1.0058e+02	 7.6719e+03	 5.5909e+00	 1.2590e-01	 3.6315e+02	 7.7023e+03	-8.8710e+01	 1.4212e+08	 3.2003e+06	-4.4408e+01
 3.1829e+01	 7.6719e+03	 5.6624e+00	 2.0630e-01	 3.6315e+02	 7.7053e+03	-8.7913e+01	 2.7406e+08	 9.9851e+06	-2.7447e+01
 1.0072e+01	 7.6719e+03	 5.7781e+00	 4.8075e-01	 3.6315e+02	 7.7083e+03	-8.5244e+01	 3.7164e+08	 3.0921e+07	-1.2019e+01
 1.0000e+06	 7.7058e+03	 3.1637e+00	 2.5876e-01	 3.6316e+02	 7.7151e+03	-8.5324e+01	 6.9545e+03	 5.6882e+02	-1.2226e+01
 3.1646e+05	 7.7058e+03	 3.4871e+00	 8.5438e-01	 3.6315e+02	 7.7177e+03	-7.6233e+01	 6.6559e+03	 1.6308e+03	-4.0814e+00
 1.0014e+05	 7.7058e+03	 4.4859e+00	 1.0251e+00	 3.6315e+02	 7.7202e+03	-7.7129e+01	 1.7531e+04	 4.0058e+03	-4.3763e+00
 3.1691e+04	 7.7058e+03	 5.1657e+00	 6.0123e-01	 3.6315e+02	 7.7229e+03	-8.3361e+01	 9.4447e+04	 1.0993e+04	-8.5920e+00
 1.0029e+04	 7.7058e+03	 5.3864e+00	 2.7327e-01	 3.6315e+02	 7.7255e+03	-8.7096e+01	 6.5665e+05	 3.3313e+04	-1.9711e+01
 3.1737e+03	 7.7058e+03	 5.4611e+00	 1.3302e-01	 3.6315e+02	 7.7283e+03	-8.8605e+01	 4.2626e+06	 1.0383e+05	-4.1053e+01
 1.0043e+03	 7.7058e+03	 5.5044e+00	 8.6098e-02	 3.6315e+02	 7.7309e+03	-8.9104e+01	 2.0811e+07	 3.2552e+05	-6.3932e+01
 3.1783e+02	 7.7058e+03	 5.5444e+00	 8.3518e-02	 3.6315e+02	 7.7335e+03	-8.9137e+01	 6.7795e+07	 1.0212e+06	-6.6386e+01
 1.0058e+02	 7.7058e+03	 5.5940e+00	 1.1079e-01	 3.6316e+02	 7.7362e+03	-8.8865e+01	 1.6149e+08	 3.1985e+06	-5.0491e+01
 3.1829e+01	 7.7058e+03	 5.6665e+00	 1.7115e-01	 3.6316e+02	 7.7390e+03	-8.8270e+01	 3.3035e+08	 9.9778e+06	-3.3109e+01
 1.0072e+01	 7.7058e+03	 5.7787e+00	 3.0294e-01	 3.6316e+02	 7.7423e+03	-8.6999e+01	 5.8976e+08	 3.0918e+07	-1.9075e+01
 1.0000e+06	 7.7396e+03	 3.1644e+00	 2.5747e-01	 3.6316e+02	 7.7490e+03	-8.5348e+01	 6.9896e+03	 5.6870e+02	-1.2290e+01
 3.1646e+05	 7.7396e+03	 3.4871e+00	 8.5413e-01	 3.6316e+02	 7.7518e+03	-7.6237e+01	 6.6578e+03	 1.6308e+03	-4.0826e+00
 1.0014e+05	 7.7396e+03	 4.4833e+00	 1.0266e+00	 3.6316e+02	 7.7544e+03	-7.7102e+01	 1.7504e+04	 4.0082e+03	-4.3670e+00
 3.1691e+04	 7.7396e+03	 5.1677e+00	 6.0217e-01	 3.6315e+02	 7.7573e+03	-8.3354e+01	 9.4301e+04	 1.0988e+04	-8.5819e+00
 1.0029e+04	 7.7396e+03	 5.3888e+00	 2.7368e-01	 3.6315e+02	 7.7599e+03	-8.7093e+01	 6.5564e+05	 3.3299e+04	-1.9690e+01
 3.1737e+03	 7.7396e+03	 5.4636e+00	 1.3328e-01	 3.6315e+02	 7.7627e+03	-8.8603e+01	 4.2544e+06	 1.0378e+05	-4.0993e+01
 1.0043e+03	 7.7396e+03	 5.5069e+00	 8.6831e-02	 3.6316e+02	 7.7652e+03	-8.9097e+01	 2.0636e+07	 3.2537e+05	-6.3421e+01
 3.1783e+02	 7.7396e+03	 5.5468e+00	 8.3886e-02	 3.6315e+02	 7.7679e+03	-8.9134e+01	 6.7498e+07	 1.0208e+06	-6.6124e+01
 1.0058e+02	 7.7396e+03	 5.5965e+00	 1.1124e-01	 3.6315e+02	 7.7703e+03	-8.8861e+01	 1.6085e+08	 3.1971e+06	-5.0310e+01
 3.1829e+01	 7.7396e+03	 5.6678e+00	 1.6879e-01	 3.6315e+02	 7.7733e+03	-8.8294e+01	 3.3498e+08	 9.9755e+06	-3.3580e+01
 1.0072e+01	 7.7396e+03	 5.7794e+00	 2.9465e-01	 3.6315e+02	 7.7765e+03	-8.7081e+01	 6.0636e+08	 3.0914e+07	-1.9614e+01
 1.0000e+06	 7.7738e+03	 3.1649e+00	 2.5771e-01	 3.6315e+02	 7.7830e+03	-8.5345e+01	 6.9830e+03	 5.6861e+02	-1.2281e+01
 3.1646e+05	 7.7738e+03	 3.4868e+00	 8.5381e-01	 3.6316e+02	 7.7857e+03	-7.6241e+01	 6.6603e+03	 1.6309e+03	-4.0838e+00
 1.0014e+05	 7.7738e+03	 4.4834e+00	 1.0280e+00	 3.6316e+02	 7.7884e+03	-7.7086e+01	 1.7480e+04	 4.0081e+03	-4.3613e+00
 3.1691e+04	 7.7738e+03	 5.1695e+00	 6.0331e-01	 3.6316e+02	 7.7915e+03	-8.3343e+01	 9.4122e+04	 1.0985e+04	-8.5685e+00
 1.0029e+04	 7.7738e+03	 5.3911e+00	 2.7390e-01	 3.6315e+02	 7.7940e+03	-8.7091e+01	 6.5512e+05	 3.3285e+04	-1.9682e+01
 3.1737e+03	 7.7738e+03	 5.4663e+00	 1.3362e-01	 3.6315e+02	 7.7969e+03	-8.8600e+01	 4.2435e+06	 1.0373e+05	-4.0909e+01
 1.0043e+03	 7.7738e+03	 5.5092e+00	 8.6626e-02	 3.6315e+02	 7.7994e+03	-8.9099e+01	 2.0685e+07	 3.2524e+05	-6.3598e+01
 3.1783e+02	 7.7738e+03	 5.5496e+00	 8.3467e-02	 3.6315e+02	 7.8020e+03	-8.9138e+01	 6.7836e+07	 1.0203e+06	-6.6488e+01
 1.0058e+02	 7.7738e+03	 5.5985e+00	 1.0978e-01	 3.6316e+02	 7.8044e+03	-8.8877e+01	 1.6298e+08	 3.1959e+06	-5.0998e+01
 3.1829e+01	 7.7738e+03	 5.6704e+00	 1.7222e-01	 3.6315e+02	 7.8072e+03	-8.8260e+01	 3.2830e+08	 9.9710e+06	-3.2925e+01
 1.0072e+01	 7.7738e+03	 5.7818e+00	 3.0357e-01	 3.6315e+02	 7.8103e+03	-8.6995e+01	 5.8855e+08	 3.0901e+07	-1.9046e+01
 1.0000e+06	 7.8075e+03	 3.1658e+00	 2.5576e-01	 3.6316e+02	 7.8169e+03	-8.5381e+01	 7.0361e+03	 5.6844e+02	-1.2378e+01
 3.1646e+05	 7.8075e+03	 3.4867e+00	 8.5364e-01	 3.6315e+02	 7.8195e+03	-7.6243e+01	 6.6616e+03	 1.6309e+03	-4.0845e+00
 1.0014e+05	 7.8075e+03	 4.4839e+00	 1.0294e+00	 3.6315e+02	 7.8222e+03	-7.7071e+01	 1.7457e+04	 4.0076e+03	-4.3560e+00
 3.1691e+04	 7.8075e+03	 5.1714e+00	 6.0426e-01	 3.6316e+02	 7.8249e+03	-8.3335e+01	 9.3974e+04	 1.0980e+04	-8.5583e+00
 1.0029e+04	 7.8075e+03	 5.3933e+00	 2.7452e-01	 3.6316e+02	 7.8275e+03	-8.7086e+01	 6.5365e+05	 3.3271e+04	-1.9646e+01
 3.1737e+03	 7.8075e+03	 5.4683e+00	 1.3376e-01	 3.6316e+02	 7.8302e+03	-8.8599e+01	 4.2392e+06	 1.0369e+05	-4.0882e+01
 1.0043e+03	 7.8075e+03	 5.5117e+00	 8.6803e-02	 3.6316e+02	 7.8328e+03	-8.9098e+01	 2.0642e+07	 3.2509e+05	-6.3496e+01
 3.1783e+02	 7.8075e+03	 5.5518e+00	 8.4404e-02	 3.6316e+02	 7.8354e+03	-8.9129e+01	 6.7084e+07	 1.0199e+06	-6.5777e+01
 1.0058e+02	 7.8075e+03	 5.6013e+00	 1.1345e-01	 3.6315e+02	 7.8380e+03	-8.8840e+01	 1.5771e+08	 3.1943e+06	-4.9373e+01
 3.1829e+01	 7.8075e+03	 5.6730e+00	 1.8298e-01	 3.6316e+02	 7.8409e+03	-8.8153e+01	 3.0899e+08	 9.9664e+06	-3.1003e+01
 1.0072e+01	 7.8075e+03	 5.7839e+00	 3.3071e-01	 3.6316e+02	 7.8439e+03	-8.6728e+01	 5.4024e+08	 3.0890e+07	-1.7489e+01
 1.0000e+06	 7.8411e+03	 3.1666e+00	 2.5514e-01	 3.6315e+02	 7.8508e+03	-8.5393e+01	 7.0532e+03	 5.6829e+02	-1.2411e+01
 3.1646e+05	 7.8411e+03	 3.4866e+00	 8.5330e-01	 3.6316e+02	 7.8534e+03	-7.6248e+01	 6.6643e+03	 1.6310e+03	-4.0860e+00
 1.0014e+05	 7.8411e+03	 4.4840e+00	 1.0304e+00	 3.6316e+02	 7.8560e+03	-7.7059e+01	 1.7440e+04	 4.0075e+03	-4.3518e+00
 3.1691e+04	 7.8411e+03	 5.1732e+00	 6.0525e-01	 3.6316e+02	 7.8587e+03	-8.3327e+01	 9.3820e+04	 1.0977e+04	-8.5472e+00
 1.0029e+04	 7.8411e+03	 5.3954e+00	 2.7477e-01	 3.6316e+02	 7.8613e+03	-8.7085e+01	 6.5304e+05	 3.3258e+04	-1.9636e+01
 3.1737e+03	 7.8411e+03	 5.4706e+00	 1.3376e-01	 3.6316e+02	 7.8641e+03	-8.8599e+01	 4.2390e+06	 1.0365e+05	-4.0897e+01
 1.0043e+03	 7.8411e+03	 5.5140e+00	 8.6952e-02	 3.6316e+02	 7.8668e+03	-8.9097e+01	 2.0607e+07	 3.2495e+05	-6.3415e+01
 3.1783e+02	 7.8411e+03	 5.5541e+00	 8.4629e-02	 3.6316e+02	 7.8694e+03	-8.9127e+01	 6.6905e+07	 1.0194e+06	-6.5629e+01
 1.0058e+02	 7.8411e+03	 5.6036e+00	 1.1429e-01	 3.6316e+02	 7.8720e+03	-8.8832e+01	 1.5655e+08	 3.1930e+06	-4.9029e+01
 3.1829e+01	 7.8411e+03	 5.6750e+00	 1.8608e-01	 3.6315e+02	 7.8749e+03	-8.8122e+01	 3.0385e+08	 9.9629e+06	-3.0498e+01
 1.0072e+01	 7.8411e+03	 5.7854e+00	 3.4597e-01	 3.6316e+02	 7.8779e+03	-8.6578e+01	 5.1641e+08	 3.0882e+07	-1.6722e+01
 1.0000e+06	 7.8751e+03	 3.1669e+00	 2.5620e-01	 3.6316e+02	 7.8848e+03	-8.5375e+01	 7.0240e+03	 5.6825e+02	-1.2361e+01
 3.1646e+05	 7.8751e+03	 3.4864e+00	 8.5303e-01	 3.6315e+02	 7.8874e+03	-7.6251e+01	 6.6664e+03	 1.6311e+03	-4.0871e+00
 1.0014e+05	 7.8751e+03	 4.4844e+00	 1.0316e+00	 3.6316e+02	 7.8898e+03	-7.7045e+01	 1.7419e+04	 4.0072e+03	-4.3470e+00
 3.1691e+04	 7.8751e+03	 5.1748e+00	 6.0629e-01	 3.6316e+02	 7.8925e+03	-8.3318e+01	 9.3659e+04	 1.0973e+04	-8.5352e+00
 1.0029e+04	 7.8751e+03	 5.3973e+00	 2.7542e-01	 3.6315e+02	 7.8950e+03	-8.7079e+01	 6.5152e+05	 3.3246e+04	-1.9597e+01
 3.1737e+03	 7.8751e+03	 5.4727e+00	 1.3432e-01	 3.6316e+02	 7.8977e+03	-8.8594e+01	 4.2215e+06	 1.0361e+05	-4.0744e+01
 1.0043e+03	 7.8751e+03	 5.5158e+00	 8.6915e-02	 3.6316e+02	 7.9002e+03	-8.9097e+01	 2.0616e+07	 3.2485e+05	-6.3462e+01
 3.1783e+02	 7.8751e+03	 5.5561e+00	 8.4483e-02	 3.6315e+02	 7.9029e+03	-8.9129e+01	 6.7020e+07	 1.0191e+06	-6.5766e+01
 1.0058e+02	 7.8751e+03	 5.6053e+00	 1.1333e-01	 3.6315e+02	 7.9054e+03	-8.8842e+01	 1.5788e+08	 3.1920e+06	-4.9460e+01
 3.1829e+01	 7.8751e+03	 5.6775e+00	 1.7928e-01	 3.6316e+02	 7.9084e+03	-8.8191e+01	 3.1537e+08	 9.9586e+06	-3.1668e+01
 1.0072e+01	 7.8751e+03	 5.7899e+00	 3.2444e-01	 3.6316e+02	 7.9114e+03	-8.6793e+01	 5.5070e+08	 3.0858e+07	-1.7846e+01
 1.0000e+06	 7.9087e+03	 3.1674e+00	 2.5563e-01	 3.6315e+02	 7.9180e+03	-8.5386e+01	 7.0397e+03	 5.6816e+02	-1.2390e+01
 3.1646e+05	 7.9087e+03	 3.4863e+00	 8.5267e-01	 3.6315e+02	 7.9208e+03	-7.6257e+01	 6.6692e+03	 1.6311e+03	-4.0887e+00
 1.0014e+05	 7.9087e+03	 4.4843e+00	 1.0327e+00	 3.6315e+02	 7.9232e+03	-7.7032e+01	 1.7401e+04	 4.0073e+03	-4.3424e+00
 3.1691e+04	 7.9087e+03	 5.1761e+00	 6.0730e-01	 3.6315e+02	 7.9261e+03	-8.3308e+01	 9.3503e+04	 1.0971e+04	-8.5231e+00
 1.0029e+04	 7.9087e+03	 5.3993e+00	 2.7564e-01	 3.6315e+02	 7.9285e+03	-8.7077e+01	 6.5098e+05	 3.3234e+04	-1.9588e+01
 3.1737e+03	 7.9087e+03	 5.4745e+00	 1.3419e-01	 3.6315e+02	 7.9315e+03	-8.8596e+01	 4.2254e+06	 1.0358e+05	-4.0795e+01
 1.0043e+03	 7.9087e+03	 5.5180e+00	 8.7499e-02	 3.6315e+02	 7.9339e+03	-8.9092e+01	 2.0478e+07	 3.2472e+05	-6.3063e+01
 3.1783e+02	 7.9087e+03	 5.5583e+00	 8.4284e-02	 3.6316e+02	 7.9368e+03	-8.9131e+01	 6.7179e+07	 1.0187e+06	-6.5947e+01
 1.0058e+02	 7.9087e+03	 5.6081e+00	 1.2392e-01	 3.6315e+02	 7.9392e+03	-8.8734e+01	 1.4439e+08	 3.1904e+06	-4.5257e+01
 3.1829e+01	 7.9087e+03	 5.6803e+00	 2.1743e-01	 3.6316e+02	 7.9421e+03	-8.7808e+01	 2.6004e+08	 9.9537e+06	-2.6125e+01
 1.0072e+01	 7.9087e+03	 5.7912e+00	 4.4855e-01	 3.6316e+02	 7.9450e+03	-8.5571e+01	 3.9832e+08	 3.0851e+07	-1.2911e+01
 1.0000e+06	 7.9423e+03	 3.1685e+00	 2.5310e-01	 3.6316e+02	 7.9518e+03	-8.5433e+01	 7.1101e+03	 5.6796e+02	-1.2519e+01
 3.1646e+05	 7.9423e+03	 3.4865e+00	 8.5287e-01	 3.6316e+02	 7.9544e+03	-7.6254e+01	 6.6677e+03	 1.6311e+03	-4.0879e+00
 1.0014e+05	 7.9423e+03	 4.4851e+00	 1.0337e+00	 3.6316e+02	 7.9571e+03	-7.7021e+01	 1.7383e+04	 4.0065e+03	-4.3387e+00
 3.1691e+04	 7.9423e+03	 5.1781e+00	 6.0811e-01	 3.6317e+02	 7.9598e+03	-8.3302e+01	 9.3379e+04	 1.0966e+04	-8.5150e+00
 1.0029e+04	 7.9423e+03	 5.4014e+00	 2.7617e-01	 3.6316e+02	 7.9625e+03	-8.7073e+01	 6.4974e+05	 3.3221e+04	-1.9558e+01
 3.1737e+03	 7.9423e+03	 5.4769e+00	 1.3480e-01	 3.6316e+02	 7.9656e+03	-8.8590e+01	 4.2066e+06	 1.0353e+05	-4.0631e+01
 1.0043e+03	 7.9423e+03	 5.5204e+00	 8.8576e-02	 3.6316e+02	 7.9680e+03	-8.9081e+01	 2.0229e+07	 3.2458e+05	-6.2324e+01
 3.1783e+02	 7.9423e+03	 5.5605e+00	 8.3803e-02	 3.6317e+02	 7.9708e+03	-8.9137e+01	 6.7565e+07	 1.0183e+06	-6.6352e+01
 1.0058e+02	 7.9423e+03	 5.6103e+00	 1.0933e-01	 3.6316e+02	 7.9733e+03	-8.8884e+01	 1.6365e+08	 3.1892e+06	-5.1315e+01
 3.1829e+01	 7.9423e+03	 5.6822e+00	 1.6726e-01	 3.6317e+02	 7.9762e+03	-8.8314e+01	 3.3804e+08	 9.9502e+06	-3.3973e+01
 1.0072e+01	 7.9423e+03	 5.7939e+00	 4.0411e-01	 3.6316e+02	 7.9792e+03	-8.6010e+01	 4.4212e+08	 3.0837e+07	-1.4337e+01
 1.0000e+06	 7.9765e+03	 3.1688e+00	 2.5263e-01	 3.6317e+02	 7.9858e+03	-8.5442e+01	 7.1234e+03	 5.6790e+02	-1.2544e+01
 3.1646e+05	 7.9765e+03	 3.4863e+00	 8.5251e-01	 3.6317e+02	 7.9884e+03	-7.6259e+01	 6.6704e+03	 1.6311e+03	-4.0895e+00
 1.0014e+05	 7.9765e+03	 4.4852e+00	 1.0349e+00	 3.6316e+02	 7.9910e+03	-7.7007e+01	 1.7363e+04	 4.0064e+03	-4.3338e+00
 3.1691e+04	 7.9765e+03	 5.1795e+00	 6.0908e-01	 3.6316e+02	 7.9938e+03	-8.3293e+01	 9.3230e+04	 1.0963e+04	-8.5037e+00
 1.0029e+04	 7.9765e+03	 5.4033e+00	 2.7656e-01	 3.6316e+02	 7.9965e+03	-8.7070e+01	 6.4883e+05	 3.3209e+04	-1.9538e+01
 3.1737e+03	 7.9765e+03	 5.4789e+00	 1.3487e-01	 3.6316e+02	 7.9992e+03	-8.8590e+01	 4.2041e+06	 1.0349e+05	-4.0622e+01
 1.0043e+03	 7.9765e+03	 5.5223e+00	 8.8307e-02	 3.6316e+02	 8.0019e+03	-8.9084e+01	 2.0291e+07	 3.2447e+05	-6.2535e+01
 3.1783e+02	 7.9765e+03	 5.5629e+00	 8.8955e-02	 3.6316e+02	 8.0045e+03	-8.9084e+01	 6.3651e+07	 1.0178e+06	-6.2536e+01
 1.0058e+02	 7.9765e+03	 5.6127e+00	 1.2772e-01	 3.6316e+02	 8.0074e+03	-8.8696e+01	 1.4009e+08	 3.1878e+06	-4.3944e+01
 3.1829e+01	 7.9765e+03	 5.6848e+00	 2.3673e-01	 3.6316e+02	 8.0103e+03	-8.7615e+01	 2.3884e+08	 9.9458e+06	-2.4014e+01
 1.0072e+01	 7.9765e+03	 5.7981e+00	 4.8526e-01	 3.6316e+02	 8.0135e+03	-8.5216e+01	 3.6818e+08	 3.0815e+07	-1.1948e+01
 1.0000e+06	 8.0107e+03	 3.1692e+00	 2.5340e-01	 3.6316e+02	 8.0200e+03	-8.5429e+01	 7.1018e+03	 5.6783e+02	-1.2507e+01
 3.1646e+05	 8.0107e+03	 3.4860e+00	 8.5213e-01	 3.6316e+02	 8.0225e+03	-7.6264e+01	 6.6735e+03	 1.6313e+03	-4.0909e+00
 1.0014e+05	 8.0107e+03	 4.4852e+00	 1.0360e+00	 3.6316e+02	 8.0250e+03	-7.6994e+01	 1.7346e+04	 4.0064e+03	-4.3295e+00
 3.1691e+04	 8.0107e+03	 5.1811e+00	 6.1011e-01	 3.6315e+02	 8.0279e+03	-8.3284e+01	 9.3073e+04	 1.0960e+04	-8.4920e+00
 1.0029e+04	 8.0107e+03	 5.4051e+00	 2.7707e-01	 3.6315e+02	 8.0305e+03	-8.7066e+01	 6.4764e+05	 3.3198e+04	-1.9508e+01
 3.1737e+03	 8.0107e+03	 5.4806e+00	 1.3514e-01	 3.6316e+02	 8.0333e+03	-8.8587e+01	 4.1958e+06	 1.0346e+05	-4.0554e+01
 1.0043e+03	 8.0107e+03	 5.5244e+00	 8.8768e-02	 3.6316e+02	 8.0360e+03	-8.9079e+01	 2.0185e+07	 3.2435e+05	-6.2234e+01
 3.1783e+02	 8.0107e+03	 5.5646e+00	 8.7817e-02	 3.6316e+02	 8.0386e+03	-8.9096e+01	 6.4476e+07	 1.0175e+06	-6.3366e+01
 1.0058e+02	 8.0107e+03	 5.6147e+00	 1.2217e-01	 3.6315e+02	 8.0412e+03	-8.8754e+01	 1.4646e+08	 3.1867e+06	-4.5959e+01
 3.1829e+01	 8.0107e+03	 5.6871e+00	 2.1431e-01	 3.6315e+02	 8.0441e+03	-8.7842e+01	 2.6382e+08	 9.9418e+06	-2.6537e+01
 1.0072e+01	 8.0107e+03	 5.7999e+00	 4.2236e-01	 3.6315e+02	 8.0471e+03	-8.5835e+01	 4.2301e+08	 3.0805e+07	-1.3732e+01
 1.0000e+06	 8.0444e+03	 3.1698e+00	 2.5342e-01	 3.6315e+02	 8.0540e+03	-8.5429e+01	 7.1010e+03	 5.6773e+02	-1.2508e+01
 3.1646e+05	 8.0444e+03	 3.4858e+00	 8.5179e-01	 3.6315e+02	 8.0566e+03	-7.6268e+01	 6.6761e+03	 1.6314e+03	-4.0923e+00
 1.0014e+05	 8.0444e+03	 4.4851e+00	 1.0371e+00	 3.6315e+02	 8.0590e+03	-7.6980e+01	 1.7327e+04	 4.0066e+03	-4.3247e+00
 3.1691e+04	 8.0444e+03	 5.1825e+00	 6.1110e-01	 3.6315e+02	 8.0617e+03	-8.3275e+01	 9.2922e+04	 1.0957e+04	-8.4806e+00
 1.0029e+04	 8.0444e+03	 5.4070e+00	 2.7743e-01	 3.6315e+02	 8.0642e+03	-8.7063e+01	 6.4678e+05	 3.3186e+04	-1.9489e+01
 3.1737e+03	 8.0444e+03	 5.4828e+00	 1.3506e-01	 3.6315e+02	 8.0669e+03	-8.8589e+01	 4.1983e+06	 1.0342e+05	-4.0595e+01
 1.0043e+03	 8.0444e+03	 5.5264e+00	 8.8805e-02	 3.6315e+02	 8.0694e+03	-8.9079e+01	 2.0177e+07	 3.2423e+05	-6.2230e+01
 3.1783e+02	 8.0444e+03	 5.5666e+00	 8.6876e-02	 3.6315e+02	 8.0720e+03	-8.9106e+01	 6.5175e+07	 1.0172e+06	-6.4075e+01
 1.0058e+02	 8.0444e+03	 5.6167e+00	 1.1913e-01	 3.6315e+02	 8.0745e+03	-8.8785e+01	 1.5019e+08	 3.1856e+06	-4.7146e+01
 3.1829e+01	 8.0444e+03	 5.6885e+00	 2.0573e-01	 3.6315e+02	 8.0774e+03	-8.7929e+01	 2.7483e+08	 9.9393e+06	-2.7651e+01
 1.0072e+01	 8.0444e+03	 5.8009e+00	 3.8912e-01	 3.6315e+02	 8.0805e+03	-8.6162e+01	 4.5916e+08	 3.0800e+07	-1.4908e+01
 1.0000e+06	 8.0777e+03	 3.1702e+00	 2.5381e-01	 3.6316e+02	 8.0870e+03	-8.5423e+01	 7.0901e+03	 5.6765e+02	-1.2490e+01
 3.1646e+05	 8.0777e+03	 3.4857e+00	 8.5148e-01	 3.6315e+02	 8.0895e+03	-7.6273e+01	 6.6786e+03	 1.6314e+03	-4.0937e+00
 1.0014e+05	 8.0777e+03	 4.4854e+00	 1.0381e+00	 3.6315e+02	 8.0922e+03	-7.6969e+01	 1.7310e+04	 4.0063e+03	-4.3207e+00
 3.1691e+04	 8.0777e+03	 5.1841e+00	 6.1199e-01	 3.6315e+02	 8.0949e+03	-8.3267e+01	 9.2787e+04	 1.0954e+04	-8.4708e+00
 1.0029e+04	 8.0777e+03	 5.4092e+00	 2.7789e-01	 3.6316e+02	 8.0975e+03	-8.7059e+01	 6.4572e+05	 3.3173e+04	-1.9465e+01
 3.1737e+03	 8.0777e+03	 5.4849e+00	 1.3528e-01	 3.6316e+02	 8.1002e+03	-8.8587e+01	 4.1916e+06	 1.0338e+05	-4.0546e+01
 1.0043e+03	 8.0777e+03	 5.5286e+00	 8.7979e-02	 3.6315e+02	 8.1029e+03	-8.9088e+01	 2.0366e+07	 3.2410e+05	-6.2840e+01
 3.1783e+02	 8.0777e+03	 5.5689e+00	 8.5888e-02	 3.6315e+02	 8.1055e+03	-8.9116e+01	 6.5924e+07	 1.0167e+06	-6.4838e+01
 1.0058e+02	 8.0777e+03	 5.6185e+00	 1.1622e-01	 3.6314e+02	 8.1084e+03	-8.8815e+01	 1.5395e+08	 3.1845e+06	-4.8342e+01
 3.1829e+01	 8.0777e+03	 5.6907e+00	 2.0233e-01	 3.6316e+02	 8.1113e+03	-8.7964e+01	 2.7944e+08	 9.9354e+06	-2.8126e+01
 1.0072e+01	 8.0777e+03	 5.8034e+00	 3.8446e-01	 3.6315e+02	 8.1142e+03	-8.6210e+01	 4.6472e+08	 3.0786e+07	-1.5095e+01
 1.0000e+06	 8.1115e+03	 3.1711e+00	 2.5257e-01	 3.6315e+02	 8.1210e+03	-8.5446e+01	 7.1249e+03	 5.6749e+02	-1.2555e+01
 3.1646e+05	 8.1115e+03	 3.4857e+00	 8.5129e-01	 3.6316e+02	 8.1236e+03	-7.6276e+01	 6.6800e+03	 1.6314e+03	-4.0946e+00
 1.0014e+05	 8.1115e+03	 4.4856e+00	 1.0394e+00	 3.6315e+02	 8.1262e+03	-7.6953e+01	 1.7288e+04	 4.0061e+03	-4.3154e+00
 3.1691e+04	 8.1115e+03	 5.1856e+00	 6.1292e-01	 3.6315e+02	 8.1289e+03	-8.3259e+01	 9.2647e+04	 1.0950e+04	-8.4605e+00
 1.0029e+04	 8.1115e+03	 5.4111e+00	 2.7802e-01	 3.6315e+02	 8.1315e+03	-8.7059e+01	 6.4542e+05	 3.3161e+04	-1.9463e+01
 3.1737e+03	 8.1115e+03	 5.4867e+00	 1.3558e-01	 3.6316e+02	 8.1342e+03	-8.8584e+01	 4.1823e+06	 1.0335e+05	-4.0468e+01
 1.0043e+03	 8.1115e+03	 5.5304e+00	 8.7878e-02	 3.6315e+02	 8.1369e+03	-8.9090e+01	 2.0390e+07	 3.2399e+05	-6.2933e+01
 3.1783e+02	 8.1115e+03	 5.5708e+00	 8.5264e-02	 3.6315e+02	 8.1395e+03	-8.9123e+01	 6.6407e+07	 1.0164e+06	-6.5337e+01
 1.0058e+02	 8.1115e+03	 5.6209e+00	 1.1418e-01	 3.6316e+02	 8.1421e+03	-8.8836e+01	 1.5670e+08	 3.1831e+06	-4.9228e+01
 3.1829e+01	 8.1115e+03	 5.6937e+00	 1.8618e-01	 3.6316e+02	 8.1449e+03	-8.8127e+01	 3.0369e+08	 9.9303e+06	-3.0582e+01
 1.0072e+01	 8.1115e+03	 5.8067e+00	 3.4469e-01	 3.6316e+02	 8.1479e+03	-8.6603e+01	 5.1833e+08	 3.0769e+07	-1.6846e+01
 1.0000e+06	 8.1452e+03	 3.1714e+00	 2.5295e-01	 3.6316e+02	 8.1544e+03	-8.5440e+01	 7.1143e+03	 5.6743e+02	-1.2538e+01
 3.1646e+05	 8.1452e+03	 3.4857e+00	 8.5111e-01	 3.6316e+02	 8.1571e+03	-7.6278e+01	 6.6814e+03	 1.6314e+03	-4.0954e+00
 1.0014e+05	 8.1452e+03	 4.4860e+00	 1.0402e+00	 3.6316e+02	 8.1595e+03	-7.6946e+01	 1.7276e+04	 4.0057e+03	-4.3128e+00
 3.1691e+04	 8.1452e+03	 5.1873e+00	 6.1363e-01	 3.6317e+02	 8.1625e+03	-8.3254e+01	 9.2539e+04	 1.0947e+04	-8.4535e+00
 1.0029e+04	 8.1452e+03	 5.4127e+00	 2.7831e-01	 3.6316e+02	 8.1649e+03	-8.7057e+01	 6.4475e+05	 3.3151e+04	-1.9449e+01
 3.1737e+03	 8.1452e+03	 5.4884e+00	 1.3525e-01	 3.6316e+02	 8.1677e+03	-8.8588e+01	 4.1924e+06	 1.0331e+05	-4.0579e+01
 1.0043e+03	 8.1452e+03	 5.5322e+00	 8.7572e-02	 3.6316e+02	 8.1702e+03	-8.9093e+01	 2.0461e+07	 3.2389e+05	-6.3173e+01
 3.1783e+02	 8.1452e+03	 5.5727e+00	 8.4162e-02	 3.6316e+02	 8.1730e+03	-8.9135e+01	 6.7276e+07	 1.0160e+06	-6.6214e+01
 1.0058e+02	 8.1452e+03	 5.6224e+00	 1.0921e-01	 3.6316e+02	 8.1755e+03	-8.8887e+01	 1.6384e+08	 3.1823e+06	-5.1485e+01
 3.1829e+01	 8.1452e+03	 5.6950e+00	 1.6991e-01	 3.6316e+02	 8.1784e+03	-8.8291e+01	 3.3276e+08	 9.9279e+06	-3.3518e+01
 1.0072e+01	 8.1452e+03	 5.8070e+00	 2.9359e-01	 3.6317e+02	 8.1815e+03	-8.7106e+01	 6.0855e+08	 3.0767e+07	-1.9779e+01
 1.0000e+06	 8.1788e+03	 3.1719e+00	 2.5321e-01	 3.6316e+02	 8.1882e+03	-8.5436e+01	 7.1071e+03	 5.6736e+02	-1.2527e+01
 3.1646e+05	 8.1788e+03	 3.4856e+00	 8.5098e-01	 3.6316e+02	 8.1911e+03	-7.6280e+01	 6.6825e+03	 1.6315e+03	-4.0960e+00
 1.0014e+05	 8.1788e+03	 4.4862e+00	 1.0413e+00	 3.6316e+02	 8.1935e+03	-7.6932e+01	 1.7257e+04	 4.0056e+03	-4.3083e+00
 3.1691e+04	 8.1788e+03	 5.1887e+00	 6.1450e-01	 3.6316e+02	 8.1963e+03	-8.3246e+01	 9.2407e+04	 1.0944e+04	-8.4438e+00
 1.0029e+04	 8.1788e+03	 5.4148e+00	 2.7852e-01	 3.6316e+02	 8.1988e+03	-8.7055e+01	 6.4427e+05	 3.3139e+04	-1.9441e+01
 3.1737e+03	 8.1788e+03	 5.4904e+00	 1.3545e-01	 3.6317e+02	 8.2017e+03	-8.8587e+01	 4.1864e+06	 1.0328e+05	-4.0536e+01
 1.0043e+03	 8.1788e+03	 5.5342e+00	 8.7582e-02	 3.6317e+02	 8.2042e+03	-8.9093e+01	 2.0459e+07	 3.2377e+05	-6.3189e+01
 3.1783e+02	 8.1788e+03	 5.5748e+00	 8.3959e-02	 3.6317e+02	 8.2070e+03	-8.9137e+01	 6.7439e+07	 1.0157e+06	-6.6399e+01
 1.0058e+02	 8.1788e+03	 5.6248e+00	 1.0971e-01	 3.6317e+02	 8.2095e+03	-8.8883e+01	 1.6309e+08	 3.1810e+06	-5.1271e+01
 3.1829e+01	 8.1788e+03	 5.6972e+00	 1.7036e-01	 3.6317e+02	 8.2124e+03	-8.8287e+01	 3.3188e+08	 9.9240e+06	-3.3442e+01
 1.0072e+01	 8.1788e+03	 5.8116e+00	 4.4803e-01	 3.6316e+02	 8.2155e+03	-8.5592e+01	 3.9878e+08	 3.0743e+07	-1.2971e+01
 1.0000e+06	 8.2128e+03	 3.1724e+00	 2.5265e-01	 3.6316e+02	 8.2220e+03	-8.5447e+01	 7.1229e+03	 5.6726e+02	-1.2557e+01
 3.1646e+05	 8.2128e+03	 3.4857e+00	 8.5078e-01	 3.6317e+02	 8.2246e+03	-7.6283e+01	 6.6840e+03	 1.6314e+03	-4.0970e+00
 1.0014e+05	 8.2128e+03	 4.4865e+00	 1.0422e+00	 3.6316e+02	 8.2274e+03	-7.6922e+01	 1.7242e+04	 4.0053e+03	-4.3048e+00
 3.1691e+04	 8.2128e+03	 5.1901e+00	 6.1533e-01	 3.6316e+02	 8.2305e+03	-8.3239e+01	 9.2283e+04	 1.0941e+04	-8.4346e+00
 1.0029e+04	 8.2128e+03	 5.4165e+00	 2.7915e-01	 3.6316e+02	 8.2331e+03	-8.7050e+01	 6.4279e+05	 3.3128e+04	-1.9403e+01
 3.1737e+03	 8.2128e+03	 5.4927e+00	 1.3607e-01	 3.6316e+02	 8.2360e+03	-8.8581e+01	 4.1670e+06	 1.0323e+05	-4.0365e+01
 1.0043e+03	 8.2128e+03	 5.5362e+00	 8.9140e-02	 3.6316e+02	 8.2385e+03	-8.9078e+01	 2.0101e+07	 3.2365e+05	-6.2107e+01
 3.1783e+02	 8.2128e+03	 5.5772e+00	 9.7619e-02	 3.6316e+02	 8.2413e+03	-8.8997e+01	 5.8002e+07	 1.0152e+06	-5.7132e+01
 1.0058e+02	 8.2128e+03	 5.6277e+00	 1.5680e-01	 3.6316e+02	 8.2438e+03	-8.8404e+01	 1.1411e+08	 3.1793e+06	-3.5891e+01
 3.1829e+01	 8.2128e+03	 5.7000e+00	 2.6482e-01	 3.6316e+02	 8.2469e+03	-8.7340e+01	 2.1350e+08	 9.9192e+06	-2.1524e+01
 1.0072e+01	 8.2128e+03	 5.8102e+00	 5.7060e-01	 3.6316e+02	 8.2500e+03	-8.4391e+01	 3.1312e+08	 3.0750e+07	-1.0183e+01
 1.0000e+06	 8.2473e+03	 3.1733e+00	 2.5072e-01	 3.6316e+02	 8.2565e+03	-8.5482e+01	 7.1776e+03	 5.6711e+02	-1.2657e+01
 3.1646e+05	 8.2473e+03	 3.4856e+00	 8.5039e-01	 3.6316e+02	 8.2591e+03	-7.6289e+01	 6.6871e+03	 1.6315e+03	-4.0988e+00
 1.0014e+05	 8.2473e+03	 4.4867e+00	 1.0432e+00	 3.6316e+02	 8.2615e+03	-7.6911e+01	 1.7226e+04	 4.0052e+03	-4.3010e+00
 3.1691e+04	 8.2473e+03	 5.1918e+00	 6.1639e-01	 3.6315e+02	 8.2645e+03	-8.3229e+01	 9.2125e+04	 1.0937e+04	-8.4230e+00
 1.0029e+04	 8.2473e+03	 5.4183e+00	 2.7980e-01	 3.6316e+02	 8.2670e+03	-8.7044e+01	 6.4131e+05	 3.3118e+04	-1.9365e+01
 3.1737e+03	 8.2473e+03	 5.4943e+00	 1.3719e-01	 3.6316e+02	 8.2699e+03	-8.8570e+01	 4.1332e+06	 1.0320e+05	-4.0050e+01
 1.0043e+03	 8.2473e+03	 5.5386e+00	 9.1903e-02	 3.6316e+02	 8.2723e+03	-8.9049e+01	 1.9497e+07	 3.2351e+05	-6.0266e+01
 3.1783e+02	 8.2473e+03	 5.5788e+00	 1.0102e-01	 3.6316e+02	 8.2751e+03	-8.8963e+01	 5.6047e+07	 1.0149e+06	-5.5223e+01
 1.0058e+02	 8.2473e+03	 5.6300e+00	 1.6391e-01	 3.6316e+02	 8.2776e+03	-8.8332e+01	 1.0916e+08	 3.1780e+06	-3.4349e+01
 3.1829e+01	 8.2473e+03	 5.7034e+00	 3.2963e-01	 3.6315e+02	 8.2804e+03	-8.6692e+01	 1.7152e+08	 9.9132e+06	-1.7303e+01
 1.0072e+01	 8.2473e+03	 5.8193e+00	 7.6421e-01	 3.6316e+02	 8.2835e+03	-8.2519e+01	 2.3379e+08	 3.0702e+07	-7.6148e+00
 1.0000e+06	 8.2808e+03	 3.1736e+00	 2.5148e-01	 3.6315e+02	 8.2902e+03	-8.5469e+01	 7.1559e+03	 5.6704e+02	-1.2620e+01
 3.1646e+05	 8.2808e+03	 3.4856e+00	 8.5018e-01	 3.6316e+02	 8.2931e+03	-7.6292e+01	 6.6888e+03	 1.6315e+03	-4.0998e+00
 1.0014e+05	 8.2808e+03	 4.4867e+00	 1.0442e+00	 3.6315e+02	 8.2956e+03	-7.6899e+01	 1.7209e+04	 4.0051e+03	-4.2968e+00
 3.1691e+04	 8.2808e+03	 5.1931e+00	 6.1725e-01	 3.6315e+02	 8.2985e+03	-8.3222e+01	 9.1996e+04	 1.0935e+04	-8.4134e+00
 1.0029e+04	 8.2808e+03	 5.4201e+00	 2.8021e-01	 3.6316e+02	 8.3009e+03	-8.7040e+01	 6.4036e+05	 3.3106e+04	-1.9343e+01
 3.1737e+03	 8.2808e+03	 5.4961e+00	 1.3743e-01	 3.6315e+02	 8.3037e+03	-8.8568e+01	 4.1259e+06	 1.0317e+05	-3.9992e+01
 1.0043e+03	 8.2808e+03	 5.5402e+00	 9.1900e-02	 3.6315e+02	 8.3062e+03	-8.9050e+01	 1.9497e+07	 3.2342e+05	-6.0285e+01
 3.1783e+02	 8.2808e+03	 5.5809e+00	 9.5743e-02	 3.6315e+02	 8.3091e+03	-8.9017e+01	 5.9139e+07	 1.0145e+06	-5.8291e+01
 1.0058e+02	 8.2808e+03	 5.6315e+00	 1.5307e-01	 3.6315e+02	 8.3115e+03	-8.8443e+01	 1.1689e+08	 3.1772e+06	-3.6791e+01
 3.1829e+01	 8.2808e+03	 5.7045e+00	 2.3980e-01	 3.6315e+02	 8.3143e+03	-8.7593e+01	 2.3578e+08	 9.9114e+06	-2.3789e+01
 1.0072e+01	 8.2808e+03	 5.8173e+00	 4.8838e-01	 3.6315e+02	 8.3173e+03	-8.5201e+01	 3.6583e+08	 3.0713e+07	-1.1911e+01
 1.0000e+06	 8.3147e+03	 3.1741e+00	 2.5154e-01	 3.6315e+02	 8.3240e+03	-8.5469e+01	 7.1541e+03	 5.6695e+02	-1.2618e+01
 3.1646e+05	 8.3147e+03	 3.4856e+00	 8.4992e-01	 3.6315e+02	 8.3265e+03	-7.6297e+01	 6.6908e+03	 1.6315e+03	-4.1011e+00
 1.0014e+05	 8.3147e+03	 4.4870e+00	 1.0453e+00	 3.6315e+02	 8.3290e+03	-7.6887e+01	 1.7192e+04	 4.0048e+03	-4.2927e+00
 3.1691e+04	 8.3147e+03	 5.1944e+00	 6.1809e-01	 3.6315e+02	 8.3318e+03	-8.3214e+01	 9.1871e+04	 1.0932e+04	-8.4040e+00
 1.0029e+04	 8.3147e+03	 5.4221e+00	 2.8029e-01	 3.6315e+02	 8.3345e+03	-8.7041e+01	 6.4018e+05	 3.3094e+04	-1.9344e+01
 3.1737e+03	 8.3147e+03	 5.4983e+00	 1.3673e-01	 3.6315e+02	 8.3372e+03	-8.8575e+01	 4.1470e+06	 1.0313e+05	-4.0212e+01
 1.0043e+03	 8.3147e+03	 5.5420e+00	 9.0656e-02	 3.6315e+02	 8.3398e+03	-8.9063e+01	 1.9765e+07	 3.2331e+05	-6.1133e+01
 3.1783e+02	 8.3147e+03	 5.5824e+00	 9.3149e-02	 3.6315e+02	 8.3424e+03	-8.9044e+01	 6.0785e+07	 1.0143e+06	-5.9930e+01
 1.0058e+02	 8.3147e+03	 5.6333e+00	 1.3788e-01	 3.6315e+02	 8.3449e+03	-8.8598e+01	 1.2977e+08	 3.1761e+06	-4.0856e+01
 3.1829e+01	 8.3147e+03	 5.7062e+00	 2.6022e-01	 3.6315e+02	 8.3478e+03	-8.7389e+01	 2.1728e+08	 9.9085e+06	-2.1928e+01
 1.0072e+01	 8.3147e+03	 5.8214e+00	 5.5861e-01	 3.6315e+02	 8.3510e+03	-8.4519e+01	 3.1984e+08	 3.0691e+07	-1.0421e+01
 1.0000e+06	 8.3483e+03	 3.1747e+00	 2.5123e-01	 3.6315e+02	 8.3580e+03	-8.5475e+01	 7.1629e+03	 5.6685e+02	-1.2636e+01
 3.1646e+05	 8.3483e+03	 3.4854e+00	 8.4963e-01	 3.6315e+02	 8.3606e+03	-7.6300e+01	 6.6931e+03	 1.6315e+03	-4.1023e+00
 1.0014e+05	 8.3483e+03	 4.4871e+00	 1.0462e+00	 3.6314e+02	 8.3633e+03	-7.6875e+01	 1.7176e+04	 4.0048e+03	-4.2888e+00
 3.1691e+04	 8.3483e+03	 5.1961e+00	 6.1896e-01	 3.6315e+02	 8.3660e+03	-8.3207e+01	 9.1742e+04	 1.0928e+04	-8.3948e+00
 1.0029e+04	 8.3483e+03	 5.4237e+00	 2.8079e-01	 3.6315e+02	 8.3687e+03	-8.7036e+01	 6.3905e+05	 3.3084e+04	-1.9316e+01
 3.1737e+03	 8.3483e+03	 5.5001e+00	 1.3722e-01	 3.6315e+02	 8.3718e+03	-8.8571e+01	 4.1321e+06	 1.0309e+05	-4.0081e+01
 1.0043e+03	 8.3483e+03	 5.5440e+00	 9.1768e-02	 3.6315e+02	 8.3742e+03	-8.9052e+01	 1.9525e+07	 3.2320e+05	-6.0414e+01
 3.1783e+02	 8.3483e+03	 5.5849e+00	 9.3454e-02	 3.6315e+02	 8.3768e+03	-8.9041e+01	 6.0587e+07	 1.0138e+06	-5.9760e+01
 1.0058e+02	 8.3483e+03	 5.6358e+00	 1.4488e-01	 3.6315e+02	 8.3794e+03	-8.8527e+01	 1.2350e+08	 3.1748e+06	-3.8900e+01
 3.1829e+01	 8.3483e+03	 5.7104e+00	 2.8574e-01	 3.6315e+02	 8.3822e+03	-8.7135e+01	 1.9787e+08	 9.9012e+06	-1.9984e+01
 1.0072e+01	 8.3483e+03	 5.8160e+00	 6.4184e-01	 3.6314e+02	 8.3856e+03	-8.3702e+01	 2.7836e+08	 3.0719e+07	-9.0615e+00
 1.0000e+06	 8.3829e+03	 3.1754e+00	 2.5089e-01	 3.6315e+02	 8.3922e+03	-8.5482e+01	 7.1729e+03	 5.6673e+02	-1.2657e+01
 3.1646e+05	 8.3829e+03	 3.4854e+00	 8.4939e-01	 3.6315e+02	 8.3951e+03	-7.6304e+01	 6.6949e+03	 1.6315e+03	-4.1034e+00
 1.0014e+05	 8.3829e+03	 4.4873e+00	 1.0472e+00	 3.6315e+02	 8.3976e+03	-7.6864e+01	 1.7160e+04	 4.0046e+03	-4.2852e+00
 3.1691e+04	 8.3829e+03	 5.1974e+00	 6.1993e-01	 3.6315e+02	 8.4003e+03	-8.3198e+01	 9.1599e+04	 1.0926e+04	-8.3839e+00
 1.0029e+04	 8.3829e+03	 5.4258e+00	 2.8127e-01	 3.6314e+02	 8.4028e+03	-8.7033e+01	 6.3797e+05	 3.3072e+04	-1.9291e+01
 3.1737e+03	 8.3829e+03	 5.5019e+00	 1.3746e-01	 3.6315e+02	 8.4058e+03	-8.8569e+01	 4.1251e+06	 1.0306e+05	-4.0026e+01
 1.0043e+03	 8.3829e+03	 5.5462e+00	 9.1378e-02	 3.6315e+02	 8.4082e+03	-8.9056e+01	 1.9609e+07	 3.2307e+05	-6.0695e+01
 3.1783e+02	 8.3829e+03	 5.5868e+00	 9.6399e-02	 3.6314e+02	 8.4111e+03	-8.9011e+01	 5.8736e+07	 1.0135e+06	-5.7955e+01
 1.0058e+02	 8.3829e+03	 5.6377e+00	 1.4491e-01	 3.6314e+02	 8.4135e+03	-8.8528e+01	 1.2347e+08	 3.1737e+06	-3.8904e+01
 3.1829e+01	 8.3829e+03	 5.7116e+00	 2.7547e-01	 3.6314e+02	 8.4164e+03	-8.7239e+01	 2.0525e+08	 9.8990e+06	-2.0734e+01
 1.0072e+01	 8.3829e+03	 5.8280e+00	 6.9003e-01	 3.6315e+02	 8.4193e+03	-8.3248e+01	 2.5892e+08	 3.0656e+07	-8.4459e+00
 1.0000e+06	 8.4168e+03	 3.1757e+00	 2.5248e-01	 3.6314e+02	 8.4260e+03	-8.5454e+01	 7.1275e+03	 5.6668e+02	-1.2578e+01
 3.1646e+05	 8.4168e+03	 3.4856e+00	 8.4930e-01	 3.6315e+02	 8.4286e+03	-7.6306e+01	 6.6957e+03	 1.6315e+03	-4.1041e+00
 1.0014e+05	 8.4168e+03	 4.4881e+00	 1.0482e+00	 3.6315e+02	 8.4313e+03	-7.6854e+01	 1.7143e+04	 4.0039e+03	-4.2816e+00
 3.1691e+04	 8.4168e+03	 5.1990e+00	 6.2046e-01	 3.6314e+02	 8.4340e+03	-8.3194e+01	 9.1519e+04	 1.0922e+04	-8.3792e+00
 1.0029e+04	 8.4168e+03	 5.4276e+00	 2.8147e-01	 3.6315e+02	 8.4367e+03	-8.7031e+01	 6.3751e+05	 3.3060e+04	-1.9283e+01
 3.1737e+03	 8.4168e+03	 5.5042e+00	 1.3738e-01	 3.6315e+02	 8.4394e+03	-8.8570e+01	 4.1273e+06	 1.0302e+05	-4.0064e+01
 1.0043e+03	 8.4168e+03	 5.5480e+00	 9.0354e-02	 3.6315e+02	 8.4420e+03	-8.9067e+01	 1.9831e+07	 3.2297e+05	-6.1403e+01
 3.1783e+02	 8.4168e+03	 5.5890e+00	 9.4630e-02	 3.6315e+02	 8.4445e+03	-8.9030e+01	 5.9834e+07	 1.0131e+06	-5.9062e+01
 1.0058e+02	 8.4168e+03	 5.6397e+00	 1.4046e-01	 3.6315e+02	 8.4472e+03	-8.8573e+01	 1.2738e+08	 3.1726e+06	-4.0151e+01
 3.1829e+01	 8.4168e+03	 5.7140e+00	 2.7154e-01	 3.6315e+02	 8.4501e+03	-8.7279e+01	 2.0822e+08	 9.8950e+06	-2.1043e+01
 1.0072e+01	 8.4168e+03	 5.8282e+00	 5.5682e-01	 3.6315e+02	 8.4530e+03	-8.4543e+01	 3.2087e+08	 3.0655e+07	-1.0467e+01
 1.0000e+06	 8.4503e+03	 3.1761e+00	 2.5368e-01	 3.6315e+02	 8.4600e+03	-8.5433e+01	 7.0939e+03	 5.6659e+02	-1.2520e+01
 3.1646e+05	 8.4503e+03	 3.4859e+00	 8.4930e-01	 3.6315e+02	 8.4627e+03	-7.6307e+01	 6.6957e+03	 1.6313e+03	-4.1045e+00
 1.0014e+05	 8.4503e+03	 4.4882e+00	 1.0489e+00	 3.6315e+02	 8.4655e+03	-7.6846e+01	 1.7132e+04	 4.0038e+03	-4.2790e+00
 3.1691e+04	 8.4503e+03	 5.2006e+00	 6.2135e-01	 3.6315e+02	 8.4686e+03	-8.3187e+01	 9.1388e+04	 1.0919e+04	-8.3697e+00
 1.0029e+04	 8.4503e+03	 5.4294e+00	 2.8172e-01	 3.6315e+02	 8.4710e+03	-8.7030e+01	 6.3695e+05	 3.3050e+04	-1.9273e+01
 3.1737e+03	 8.4503e+03	 5.5059e+00	 1.3752e-01	 3.6315e+02	 8.4740e+03	-8.8569e+01	 4.1233e+06	 1.0299e+05	-4.0037e+01
 1.0043e+03	 8.4503e+03	 5.5500e+00	 9.0688e-02	 3.6315e+02	 8.4765e+03	-8.9064e+01	 1.9758e+07	 3.2285e+05	-6.1199e+01
 3.1783e+02	 8.4503e+03	 5.5907e+00	 9.2123e-02	 3.6315e+02	 8.4792e+03	-8.9056e+01	 6.1462e+07	 1.0128e+06	-6.0687e+01
 1.0058e+02	 8.4503e+03	 5.6415e+00	 1.3394e-01	 3.6316e+02	 8.4818e+03	-8.8640e+01	 1.3359e+08	 3.1715e+06	-4.2120e+01
 3.1829e+01	 8.4503e+03	 5.7148e+00	 2.3462e-01	 3.6316e+02	 8.4846e+03	-8.7649e+01	 2.4099e+08	 9.8936e+06	-2.4358e+01
 1.0072e+01	 8.4503e+03	 5.8305e+00	 4.9596e-01	 3.6315e+02	 8.4878e+03	-8.5138e+01	 3.6024e+08	 3.0643e+07	-1.1756e+01
 1.0000e+06	 8.4850e+03	 3.1766e+00	 2.5433e-01	 3.6315e+02	 8.4945e+03	-8.5422e+01	 7.0756e+03	 5.6651e+02	-1.2490e+01
 3.1646e+05	 8.4850e+03	 3.4860e+00	 8.4904e-01	 3.6315e+02	 8.4973e+03	-7.6312e+01	 6.6977e+03	 1.6313e+03	-4.1058e+00
 1.0014e+05	 8.4850e+03	 4.4885e+00	 1.0497e+00	 3.6315e+02	 8.4997e+03	-7.6837e+01	 1.7119e+04	 4.0035e+03	-4.2759e+00
 3.1691e+04	 8.4850e+03	 5.2019e+00	 6.2206e-01	 3.6315e+02	 8.5026e+03	-8.3181e+01	 9.1284e+04	 1.0916e+04	-8.3623e+00
 1.0029e+04	 8.4850e+03	 5.4310e+00	 2.8191e-01	 3.6315e+02	 8.5050e+03	-8.7029e+01	 6.3652e+05	 3.3040e+04	-1.9265e+01
 3.1737e+03	 8.4850e+03	 5.5078e+00	 1.3745e-01	 3.6315e+02	 8.5080e+03	-8.8570e+01	 4.1253e+06	 1.0295e+05	-4.0071e+01
 1.0043e+03	 8.4850e+03	 5.5519e+00	 9.1523e-02	 3.6315e+02	 8.5106e+03	-8.9056e+01	 1.9578e+07	 3.2274e+05	-6.0661e+01
 3.1783e+02	 8.4850e+03	 5.5924e+00	 9.2952e-02	 3.6315e+02	 8.5133e+03	-8.9048e+01	 6.0914e+07	 1.0125e+06	-6.0165e+01
 1.0058e+02	 8.4850e+03	 5.6431e+00	 1.3593e-01	 3.6315e+02	 8.5158e+03	-8.8620e+01	 1.3163e+08	 3.1706e+06	-4.1515e+01
 3.1829e+01	 8.4850e+03	 5.7168e+00	 2.5090e-01	 3.6316e+02	 8.5188e+03	-8.7487e+01	 2.2534e+08	 9.8902e+06	-2.2785e+01
 1.0072e+01	 8.4850e+03	 5.8330e+00	 5.4375e-01	 3.6316e+02	 8.5217e+03	-8.4674e+01	 3.2858e+08	 3.0630e+07	-1.0727e+01
 1.0000e+06	 8.5191e+03	 3.1770e+00	 2.5413e-01	 3.6315e+02	 8.5284e+03	-8.5427e+01	 7.0812e+03	 5.6644e+02	-1.2501e+01
 3.1646e+05	 8.5191e+03	 3.4859e+00	 8.4878e-01	 3.6315e+02	 8.5310e+03	-7.6315e+01	 6.6998e+03	 1.6313e+03	-4.1069e+00
 1.0014e+05	 8.5191e+03	 4.4887e+00	 1.0507e+00	 3.6315e+02	 8.5337e+03	-7.6826e+01	 1.7103e+04	 4.0033e+03	-4.2721e+00
 3.1691e+04	 8.5191e+03	 5.2032e+00	 6.2293e-01	 3.6315e+02	 8.5364e+03	-8.3173e+01	 9.1157e+04	 1.0913e+04	-8.3528e+00
 1.0029e+04	 8.5191e+03	 5.4326e+00	 2.8243e-01	 3.6315e+02	 8.5389e+03	-8.7024e+01	 6.3534e+05	 3.3030e+04	-1.9235e+01
 3.1737e+03	 8.5191e+03	 5.5092e+00	 1.3851e-01	 3.6315e+02	 8.5416e+03	-8.8560e+01	 4.0936e+06	 1.0292e+05	-3.9773e+01
 1.0043e+03	 8.5191e+03	 5.5535e+00	 9.2875e-02	 3.6315e+02	 8.5442e+03	-8.9042e+01	 1.9293e+07	 3.2265e+05	-5.9795e+01
 3.1783e+02	 8.5191e+03	 5.5942e+00	 9.7927e-02	 3.6315e+02	 8.5468e+03	-8.8997e+01	 5.7820e+07	 1.0121e+06	-5.7126e+01
 1.0058e+02	 8.5191e+03	 5.6451e+00	 1.5225e-01	 3.6314e+02	 8.5495e+03	-8.8455e+01	 1.1752e+08	 3.1695e+06	-3.7077e+01
 3.1829e+01	 8.5191e+03	 5.7176e+00	 2.9684e-01	 3.6315e+02	 8.5526e+03	-8.7028e+01	 1.9047e+08	 9.8886e+06	-1.9262e+01
 1.0072e+01	 8.5191e+03	 5.8329e+00	 5.6580e-01	 3.6315e+02	 8.5558e+03	-8.4460e+01	 3.1578e+08	 3.0630e+07	-1.0309e+01
 1.0000e+06	 8.5530e+03	 3.1776e+00	 2.5381e-01	 3.6315e+02	 8.5623e+03	-8.5433e+01	 7.0903e+03	 5.6633e+02	-1.2520e+01
 3.1646e+05	 8.5530e+03	 3.4858e+00	 8.4839e-01	 3.6315e+02	 8.5648e+03	-7.6321e+01	 6.7029e+03	 1.6314e+03	-4.1087e+00
 1.0014e+05	 8.5530e+03	 4.4887e+00	 1.0516e+00	 3.6315e+02	 8.5675e+03	-7.6815e+01	 1.7088e+04	 4.0033e+03	-4.2685e+00
 3.1691e+04	 8.5530e+03	 5.2044e+00	 6.2373e-01	 3.6315e+02	 8.5702e+03	-8.3166e+01	 9.1040e+04	 1.0911e+04	-8.3440e+00
 1.0029e+04	 8.5530e+03	 5.4341e+00	 2.8282e-01	 3.6315e+02	 8.5727e+03	-8.7021e+01	 6.3446e+05	 3.3021e+04	-1.9214e+01
 3.1737e+03	 8.5530e+03	 5.5109e+00	 1.3809e-01	 3.6315e+02	 8.5754e+03	-8.8565e+01	 4.1063e+06	 1.0289e+05	-3.9909e+01
 1.0043e+03	 8.5530e+03	 5.5550e+00	 9.1259e-02	 3.6316e+02	 8.5782e+03	-8.9059e+01	 1.9634e+07	 3.2256e+05	-6.0871e+01
 3.1783e+02	 8.5530e+03	 5.5960e+00	 9.3932e-02	 3.6315e+02	 8.5807e+03	-8.9038e+01	 6.0279e+07	 1.0118e+06	-5.9575e+01
 1.0058e+02	 8.5530e+03	 5.6471e+00	 1.3892e-01	 3.6315e+02	 8.5833e+03	-8.8591e+01	 1.2880e+08	 3.1684e+06	-4.0650e+01
 3.1829e+01	 8.5530e+03	 5.7208e+00	 2.6339e-01	 3.6315e+02	 8.5862e+03	-8.7364e+01	 2.1466e+08	 9.8832e+06	-2.1720e+01
 1.0072e+01	 8.5530e+03	 5.8351e+00	 5.4418e-01	 3.6316e+02	 8.5892e+03	-8.4672e+01	 3.2832e+08	 3.0619e+07	-1.0723e+01
 1.0000e+06	 8.5864e+03	 3.1781e+00	 2.5440e-01	 3.6315e+02	 8.5958e+03	-8.5423e+01	 7.0737e+03	 5.6625e+02	-1.2492e+01
 3.1646e+05	 8.5864e+03	 3.4860e+00	 8.4840e-01	 3.6316e+02	 8.5983e+03	-7.6322e+01	 6.7028e+03	 1.6313e+03	-4.1089e+00
 1.0014e+05	 8.5864e+03	 4.4892e+00	 1.0523e+00	 3.6316e+02	 8.6008e+03	-7.6807e+01	 1.7076e+04	 4.0029e+03	-4.2660e+00
 3.1691e+04	 8.5864e+03	 5.2059e+00	 6.2430e-01	 3.6315e+02	 8.6037e+03	-8.3162e+01	 9.0958e+04	 1.0908e+04	-8.3388e+00
 1.0029e+04	 8.5864e+03	 5.4358e+00	 2.8304e-01	 3.6315e+02	 8.6062e+03	-8.7019e+01	 6.3397e+05	 3.3011e+04	-1.9205e+01
 3.1737e+03	 8.5864e+03	 5.5127e+00	 1.3835e-01	 3.6315e+02	 8.6089e+03	-8.8562e+01	 4.0984e+06	 1.0286e+05	-3.9845e+01
 1.0043e+03	 8.5864e+03	 5.5572e+00	 9.1875e-02	 3.6315e+02	 8.6113e+03	-8.9053e+01	 1.9503e+07	 3.2243e+05	-6.0486e+01
 3.1783e+02	 8.5864e+03	 5.5978e+00	 9.4824e-02	 3.6316e+02	 8.6141e+03	-8.9030e+01	 5.9712e+07	 1.0115e+06	-5.9034e+01
 1.0058e+02	 8.5864e+03	 5.6485e+00	 1.4197e-01	 3.6315e+02	 8.6165e+03	-8.8560e+01	 1.2603e+08	 3.1676e+06	-3.9787e+01
 3.1829e+01	 8.5864e+03	 5.7231e+00	 2.6112e-01	 3.6315e+02	 8.6195e+03	-8.7388e+01	 2.1653e+08	 9.8791e+06	-2.1917e+01
 1.0072e+01	 8.5864e+03	 5.8429e+00	 6.1833e-01	 3.6315e+02	 8.6226e+03	-8.3959e+01	 2.8895e+08	 3.0578e+07	-9.4495e+00
 1.0000e+06	 8.6198e+03	 3.1786e+00	 2.5423e-01	 3.6316e+02	 8.6290e+03	-8.5427e+01	 7.0786e+03	 5.6615e+02	-1.2503e+01
 3.1646e+05	 8.6198e+03	 3.4863e+00	 8.4841e-01	 3.6315e+02	 8.6316e+03	-7.6323e+01	 6.7027e+03	 1.6312e+03	-4.1092e+00
 1.0014e+05	 8.6198e+03	 4.4897e+00	 1.0530e+00	 3.6315e+02	 8.6343e+03	-7.6801e+01	 1.7066e+04	 4.0024e+03	-4.2640e+00
 3.1691e+04	 8.6198e+03	 5.2073e+00	 6.2497e-01	 3.6315e+02	 8.6370e+03	-8.3156e+01	 9.0860e+04	 1.0905e+04	-8.3321e+00
 1.0029e+04	 8.6198e+03	 5.4376e+00	 2.8347e-01	 3.6316e+02	 8.6398e+03	-8.7016e+01	 6.3300e+05	 3.3000e+04	-1.9182e+01
 3.1737e+03	 8.6198e+03	 5.5147e+00	 1.3840e-01	 3.6316e+02	 8.6425e+03	-8.8562e+01	 4.0969e+06	 1.0282e+05	-3.9845e+01
 1.0043e+03	 8.6198e+03	 5.5589e+00	 9.1707e-02	 3.6315e+02	 8.6450e+03	-8.9055e+01	 1.9538e+07	 3.2233e+05	-6.0616e+01
 3.1783e+02	 8.6198e+03	 5.6000e+00	 9.6415e-02	 3.6315e+02	 8.6476e+03	-8.9014e+01	 5.8727e+07	 1.0111e+06	-5.8083e+01
 1.0058e+02	 8.6198e+03	 5.6510e+00	 1.4242e-01	 3.6316e+02	 8.6503e+03	-8.8556e+01	 1.2563e+08	 3.1662e+06	-3.9678e+01
 3.1829e+01	 8.6198e+03	 5.7251e+00	 2.5084e-01	 3.6315e+02	 8.6532e+03	-8.7491e+01	 2.2540e+08	 9.8758e+06	-2.2823e+01
 1.0072e+01	 8.6198e+03	 5.8394e+00	 5.6528e-01	 3.6316e+02	 8.6562e+03	-8.4471e+01	 3.1606e+08	 3.0597e+07	-1.0330e+01
 1.0000e+06	 8.6534e+03	 3.1791e+00	 2.5405e-01	 3.6316e+02	 8.6627e+03	-8.5431e+01	 7.0836e+03	 5.6606e+02	-1.2514e+01
 3.1646e+05	 8.6534e+03	 3.4866e+00	 8.4828e-01	 3.6316e+02	 8.6654e+03	-7.6326e+01	 6.7038e+03	 1.6310e+03	-4.1102e+00
 1.0014e+05	 8.6534e+03	 4.4902e+00	 1.0539e+00	 3.6315e+02	 8.6678e+03	-7.6791e+01	 1.7050e+04	 4.0020e+03	-4.2605e+00
 3.1691e+04	 8.6534e+03	 5.2087e+00	 6.2573e-01	 3.6315e+02	 8.6707e+03	-8.3150e+01	 9.0749e+04	 1.0902e+04	-8.3242e+00
 1.0029e+04	 8.6534e+03	 5.4392e+00	 2.8377e-01	 3.6315e+02	 8.6731e+03	-8.7014e+01	 6.3235e+05	 3.2990e+04	-1.9168e+01
 3.1737e+03	 8.6534e+03	 5.5164e+00	 1.3814e-01	 3.6315e+02	 8.6759e+03	-8.8565e+01	 4.1046e+06	 1.0279e+05	-3.9932e+01
 1.0043e+03	 8.6534e+03	 5.5607e+00	 9.3603e-02	 3.6316e+02	 8.6784e+03	-8.9036e+01	 1.9143e+07	 3.2223e+05	-5.9407e+01
 3.1783e+02	 8.6534e+03	 5.6017e+00	 1.0072e-01	 3.6315e+02	 8.6810e+03	-8.8970e+01	 5.6218e+07	 1.0108e+06	-5.5618e+01
 1.0058e+02	 8.6534e+03	 5.6529e+00	 1.5713e-01	 3.6316e+02	 8.6835e+03	-8.8408e+01	 1.1387e+08	 3.1651e+06	-3.5976e+01
 3.1829e+01	 8.6534e+03	 5.7275e+00	 3.1518e-01	 3.6316e+02	 8.6864e+03	-8.6850e+01	 1.7939e+08	 9.8715e+06	-1.8172e+01
 1.0072e+01	 8.6534e+03	 5.8418e+00	 7.3306e-01	 3.6316e+02	 8.6896e+03	-8.2848e+01	 2.4373e+08	 3.0584e+07	-7.9691e+00
 1.0000e+06	 8.6868e+03	 3.1797e+00	 2.5460e-01	 3.6315e+02	 8.6962e+03	-8.5422e+01	 7.0683e+03	 5.6596e+02	-1.2489e+01
 3.1646e+05	 8.6868e+03	 3.4867e+00	 8.4817e-01	 3.6316e+02	 8.6987e+03	-7.6328e+01	 6.7046e+03	 1.6309e+03	-4.1109e+00
 1.0014e+05	 8.6868e+03	 4.4906e+00	 1.0547e+00	 3.6316e+02	 8.7014e+03	-7.6783e+01	 1.7038e+04	 4.0016e+03	-4.2579e+00
 3.1691e+04	 8.6868e+03	 5.2101e+00	 6.2643e-01	 3.6316e+02	 8.7041e+03	-8.3144e+01	 9.0647e+04	 1.0899e+04	-8.3171e+00
 1.0029e+04	 8.6868e+03	 5.4408e+00	 2.8408e-01	 3.6316e+02	 8.7068e+03	-8.7011e+01	 6.3164e+05	 3.2981e+04	-1.9152e+01
 3.1737e+03	 8.6868e+03	 5.5180e+00	 1.3973e-01	 3.6315e+02	 8.7095e+03	-8.8549e+01	 4.0580e+06	 1.0276e+05	-3.9491e+01
 1.0043e+03	 8.6868e+03	 5.5623e+00	 9.3922e-02	 3.6315e+02	 8.7120e+03	-8.9033e+01	 1.9078e+07	 3.2213e+05	-5.9222e+01
 3.1783e+02	 8.6868e+03	 5.6035e+00	 1.0343e-01	 3.6316e+02	 8.7147e+03	-8.8943e+01	 5.4744e+07	 1.0105e+06	-5.4177e+01
 1.0058e+02	 8.6868e+03	 5.6552e+00	 1.7039e-01	 3.6315e+02	 8.7172e+03	-8.8274e+01	 1.0501e+08	 3.1639e+06	-3.3190e+01
 3.1829e+01	 8.6868e+03	 5.7299e+00	 3.3047e-01	 3.6316e+02	 8.7202e+03	-8.6699e+01	 1.7109e+08	 9.8675e+06	-1.7338e+01
 1.0072e+01	 8.6868e+03	 5.8464e+00	 7.7556e-01	 3.6316e+02	 8.7232e+03	-8.2444e+01	 2.3037e+08	 3.0560e+07	-7.5383e+00
 1.0000e+06	 8.7205e+03	 3.1802e+00	 2.5416e-01	 3.6316e+02	 8.7300e+03	-8.5431e+01	 7.0804e+03	 5.6587e+02	-1.2513e+01
 3.1646e+05	 8.7205e+03	 3.4869e+00	 8.4802e-01	 3.6316e+02	 8.7328e+03	-7.6331e+01	 6.7058e+03	 1.6309e+03	-4.1118e+00
 1.0014e+05	 8.7205e+03	 4.4909e+00	 1.0555e+00	 3.6316e+02	 8.7353e+03	-7.6773e+01	 1.7024e+04	 4.0014e+03	-4.2547e+00
 3.1691e+04	 8.7205e+03	 5.2114e+00	 6.2716e-01	 3.6316e+02	 8.7382e+03	-8.3138e+01	 9.0542e+04	 1.0896e+04	-8.3095e+00
 1.0029e+04	 8.7205e+03	 5.4427e+00	 2.8446e-01	 3.6316e+02	 8.7408e+03	-8.7008e+01	 6.3081e+05	 3.2969e+04	-1.9134e+01
 3.1737e+03	 8.7205e+03	 5.5197e+00	 1.3951e-01	 3.6315e+02	 8.7437e+03	-8.8552e+01	 4.0644e+06	 1.0273e+05	-3.9565e+01
 1.0043e+03	 8.7205e+03	 5.5643e+00	 9.6074e-02	 3.6315e+02	 8.7462e+03	-8.9011e+01	 1.8650e+07	 3.2202e+05	-5.7917e+01
 3.1783e+02	 8.7205e+03	 5.6056e+00	 1.0693e-01	 3.6315e+02	 8.7488e+03	-8.8907e+01	 5.2953e+07	 1.0101e+06	-5.2424e+01
 1.0058e+02	 8.7205e+03	 5.6567e+00	 1.3756e-01	 3.6315e+02	 8.7513e+03	-8.8607e+01	 1.3007e+08	 3.1630e+06	-4.1121e+01
 3.1829e+01	 8.7205e+03	 5.7305e+00	 2.3987e-01	 3.6315e+02	 8.7541e+03	-8.7603e+01	 2.3571e+08	 9.8665e+06	-2.3890e+01
 1.0072e+01	 8.7205e+03	 5.8464e+00	 3.0521e-01	 3.6316e+02	 8.7571e+03	-8.7012e+01	 5.8538e+08	 3.0560e+07	-1.9155e+01
 1.0000e+06	 8.7544e+03	 3.1807e+00	 2.5641e-01	 3.6315e+02	 8.7638e+03	-8.5391e+01	 7.0182e+03	 5.6578e+02	-1.2404e+01
 3.1646e+05	 8.7544e+03	 3.4873e+00	 8.4792e-01	 3.6315e+02	 8.7663e+03	-7.6334e+01	 6.7066e+03	 1.6307e+03	-4.1127e+00
 1.0014e+05	 8.7544e+03	 4.4915e+00	 1.0564e+00	 3.6315e+02	 8.7690e+03	-7.6765e+01	 1.7010e+04	 4.0008e+03	-4.2517e+00
 3.1691e+04	 8.7544e+03	 5.2132e+00	 6.2774e-01	 3.6315e+02	 8.7717e+03	-8.3134e+01	 9.0459e+04	 1.0892e+04	-8.3047e+00
 1.0029e+04	 8.7544e+03	 5.4445e+00	 2.8428e-01	 3.6316e+02	 8.7742e+03	-8.7011e+01	 6.3121e+05	 3.2958e+04	-1.9152e+01
 3.1737e+03	 8.7544e+03	 5.5219e+00	 1.3824e-01	 3.6315e+02	 8.7770e+03	-8.8566e+01	 4.1018e+06	 1.0269e+05	-3.9944e+01
 1.0043e+03	 8.7544e+03	 5.5664e+00	 8.9565e-02	 3.6315e+02	 8.7795e+03	-8.9078e+01	 2.0006e+07	 3.2190e+05	-6.2149e+01
 3.1783e+02	 8.7544e+03	 5.6074e+00	 8.5642e-02	 3.6316e+02	 8.7821e+03	-8.9125e+01	 6.6114e+07	 1.0098e+06	-6.5475e+01
 1.0058e+02	 8.7544e+03	 5.6590e+00	 1.1290e-01	 3.6316e+02	 8.7848e+03	-8.8857e+01	 1.5848e+08	 3.1618e+06	-5.0125e+01
 3.1829e+01	 8.7544e+03	 5.7331e+00	 1.7472e-01	 3.6315e+02	 8.7876e+03	-8.8254e+01	 3.2360e+08	 9.8620e+06	-3.2812e+01
 1.0072e+01	 8.7544e+03	 5.8499e+00	 3.0538e-01	 3.6315e+02	 8.7906e+03	-8.7012e+01	 5.8507e+08	 3.0542e+07	-1.9156e+01
 1.0000e+06	 8.7879e+03	 3.1812e+00	 2.5741e-01	 3.6315e+02	 8.7976e+03	-8.5374e+01	 6.9912e+03	 5.6569e+02	-1.2359e+01
 3.1646e+05	 8.7879e+03	 3.4874e+00	 8.4786e-01	 3.6315e+02	 8.8002e+03	-7.6335e+01	 6.7070e+03	 1.6306e+03	-4.1132e+00
 1.0014e+05	 8.7879e+03	 4.4920e+00	 1.0572e+00	 3.6315e+02	 8.8028e+03	-7.6756e+01	 1.6997e+04	 4.0004e+03	-4.2489e+00
 3.1691e+04	 8.7879e+03	 5.2146e+00	 6.2835e-01	 3.6315e+02	 8.8055e+03	-8.3129e+01	 9.0371e+04	 1.0890e+04	-8.2988e+00
 1.0029e+04	 8.7879e+03	 5.4462e+00	 2.8457e-01	 3.6315e+02	 8.8083e+03	-8.7009e+01	 6.3055e+05	 3.2948e+04	-1.9138e+01
 3.1737e+03	 8.7879e+03	 5.5236e+00	 1.3826e-01	 3.6315e+02	 8.8110e+03	-8.8566e+01	 4.1010e+06	 1.0266e+05	-3.9950e+01
 1.0043e+03	 8.7879e+03	 5.5680e+00	 8.9484e-02	 3.6315e+02	 8.8135e+03	-8.9079e+01	 2.0024e+07	 3.2181e+05	-6.2223e+01
 3.1783e+02	 8.7879e+03	 5.6089e+00	 8.6474e-02	 3.6315e+02	 8.8161e+03	-8.9117e+01	 6.5477e+07	 1.0095e+06	-6.4863e+01
 1.0058e+02	 8.7879e+03	 5.6608e+00	 1.1475e-01	 3.6315e+02	 8.8188e+03	-8.8839e+01	 1.5593e+08	 3.1607e+06	-4.9333e+01
 3.1829e+01	 8.7879e+03	 5.7351e+00	 1.7856e-01	 3.6315e+02	 8.8216e+03	-8.8217e+01	 3.1664e+08	 9.8586e+06	-3.2118e+01
 1.0072e+01	 8.7879e+03	 5.8504e+00	 3.5032e-01	 3.6315e+02	 8.8246e+03	-8.6573e+01	 5.1001e+08	 3.0539e+07	-1.6700e+01
 1.0000e+06	 8.8219e+03	 3.1815e+00	 2.5865e-01	 3.6315e+02	 8.8316e+03	-8.5352e+01	 6.9575e+03	 5.6564e+02	-1.2300e+01
 3.1646e+05	 8.8219e+03	 3.4876e+00	 8.4757e-01	 3.6315e+02	 8.8342e+03	-7.6341e+01	 6.7093e+03	 1.6305e+03	-4.1148e+00
 1.0014e+05	 8.8219e+03	 4.4922e+00	 1.0579e+00	 3.6315e+02	 8.8369e+03	-7.6749e+01	 1.6987e+04	 4.0002e+03	-4.2465e+00
 3.1691e+04	 8.8219e+03	 5.2159e+00	 6.2908e-01	 3.6314e+02	 8.8397e+03	-8.3123e+01	 9.0266e+04	 1.0887e+04	-8.2913e+00
 1.0029e+04	 8.8219e+03	 5.4477e+00	 2.8480e-01	 3.6315e+02	 8.8424e+03	-8.7007e+01	 6.3005e+05	 3.2938e+04	-1.9128e+01
 3.1737e+03	 8.8219e+03	 5.5251e+00	 1.3843e-01	 3.6315e+02	 8.8451e+03	-8.8565e+01	 4.0960e+06	 1.0263e+05	-3.9912e+01
 1.0043e+03	 8.8219e+03	 5.5698e+00	 8.9192e-02	 3.6315e+02	 8.8477e+03	-8.9083e+01	 2.0089e+07	 3.2170e+05	-6.2448e+01
 3.1783e+02	 8.8219e+03	 5.6113e+00	 8.5692e-02	 3.6315e+02	 8.8503e+03	-8.9125e+01	 6.6075e+07	 1.0091e+06	-6.5482e+01
 1.0058e+02	 8.8219e+03	 5.6626e+00	 1.1347e-01	 3.6315e+02	 8.8530e+03	-8.8852e+01	 1.5768e+08	 3.1597e+06	-4.9902e+01
 3.1829e+01	 8.8219e+03	 5.7375e+00	 1.7690e-01	 3.6315e+02	 8.8560e+03	-8.8234e+01	 3.1961e+08	 9.8544e+06	-3.2434e+01
 1.0072e+01	 8.8219e+03	 5.8541e+00	 2.9191e-01	 3.6315e+02	 8.8590e+03	-8.7145e+01	 6.1205e+08	 3.0520e+07	-2.0054e+01
 1.0000e+06	 8.8563e+03	 3.1820e+00	 2.5908e-01	 3.6315e+02	 8.8657e+03	-8.5345e+01	 6.9459e+03	 5.6555e+02	-1.2282e+01
 3.1646e+05	 8.8563e+03	 3.4879e+00	 8.4759e-01	 3.6315e+02	 8.8683e+03	-7.6341e+01	 6.7092e+03	 1.6304e+03	-4.1151e+00
 1.0014e+05	 8.8563e+03	 4.4927e+00	 1.0587e+00	 3.6314e+02	 8.8708e+03	-7.6740e+01	 1.6974e+04	 3.9997e+03	-4.2437e+00
 3.1691e+04	 8.8563e+03	 5.2175e+00	 6.2982e-01	 3.6315e+02	 8.8735e+03	-8.3117e+01	 9.0160e+04	 1.0884e+04	-8.2841e+00
 1.0029e+04	 8.8563e+03	 5.4495e+00	 2.8522e-01	 3.6315e+02	 8.8760e+03	-8.7004e+01	 6.2913e+05	 3.2927e+04	-1.9107e+01
 3.1737e+03	 8.8563e+03	 5.5272e+00	 1.3887e-01	 3.6315e+02	 8.8788e+03	-8.8561e+01	 4.0831e+06	 1.0259e+05	-3.9800e+01
 1.0043e+03	 8.8563e+03	 5.5719e+00	 8.9477e-02	 3.6315e+02	 8.8813e+03	-8.9080e+01	 2.0025e+07	 3.2158e+05	-6.2272e+01
 3.1783e+02	 8.8563e+03	 5.6131e+00	 8.5796e-02	 3.6315e+02	 8.8838e+03	-8.9124e+01	 6.5995e+07	 1.0087e+06	-6.5424e+01
 1.0058e+02	 8.8563e+03	 5.6648e+00	 1.1129e-01	 3.6315e+02	 8.8865e+03	-8.8874e+01	 1.6077e+08	 3.1585e+06	-5.0900e+01
 3.1829e+01	 8.8563e+03	 5.7397e+00	 1.7059e-01	 3.6315e+02	 8.8894e+03	-8.8298e+01	 3.3143e+08	 9.8506e+06	-3.3646e+01
 1.0072e+01	 8.8563e+03	 5.8560e+00	 2.8648e-01	 3.6315e+02	 8.8923e+03	-8.7199e+01	 6.2365e+08	 3.0510e+07	-2.0441e+01
 1.0000e+06	 8.8896e+03	 3.1830e+00	 2.5613e-01	 3.6315e+02	 8.8992e+03	-8.5399e+01	 7.0259e+03	 5.6538e+02	-1.2427e+01
 3.1646e+05	 8.8896e+03	 3.4883e+00	 8.4764e-01	 3.6315e+02	 8.9018e+03	-7.6342e+01	 6.7088e+03	 1.6302e+03	-4.1154e+00
 1.0014e+05	 8.8896e+03	 4.4935e+00	 1.0594e+00	 3.6315e+02	 8.9046e+03	-7.6734e+01	 1.6962e+04	 3.9991e+03	-4.2414e+00
 3.1691e+04	 8.8896e+03	 5.2188e+00	 6.3041e-01	 3.6315e+02	 8.9073e+03	-8.3112e+01	 9.0075e+04	 1.0881e+04	-8.2784e+00
 1.0029e+04	 8.8896e+03	 5.4514e+00	 2.8545e-01	 3.6316e+02	 8.9100e+03	-8.7003e+01	 6.2862e+05	 3.2916e+04	-1.9098e+01
 3.1737e+03	 8.8896e+03	 5.5288e+00	 1.3864e-01	 3.6315e+02	 8.9127e+03	-8.8564e+01	 4.0900e+06	 1.0256e+05	-3.9880e+01
 1.0043e+03	 8.8896e+03	 5.5736e+00	 8.9716e-02	 3.6315e+02	 8.9152e+03	-8.9078e+01	 1.9972e+07	 3.2148e+05	-6.2124e+01
 3.1783e+02	 8.8896e+03	 5.6153e+00	 8.5810e-02	 3.6315e+02	 8.9178e+03	-8.9125e+01	 6.5984e+07	 1.0083e+06	-6.5439e+01
 1.0058e+02	 8.8896e+03	 5.6672e+00	 1.1140e-01	 3.6315e+02	 8.9205e+03	-8.8874e+01	 1.6061e+08	 3.1572e+06	-5.0872e+01
 3.1829e+01	 8.8896e+03	 5.7422e+00	 1.6920e-01	 3.6315e+02	 8.9234e+03	-8.8312e+01	 3.3416e+08	 9.8463e+06	-3.3937e+01
 1.0072e+01	 8.8896e+03	 5.8587e+00	 2.8311e-01	 3.6315e+02	 8.9263e+03	-8.7233e+01	 6.3108e+08	 3.0496e+07	-2.0694e+01
 1.0000e+06	 8.9235e+03	 3.1834e+00	 2.5796e-01	 3.6315e+02	 8.9333e+03	-8.5367e+01	 6.9763e+03	 5.6529e+02	-1.2341e+01
 3.1646e+05	 8.9235e+03	 3.4887e+00	 8.4755e-01	 3.6316e+02	 8.9358e+03	-7.6345e+01	 6.7095e+03	 1.6300e+03	-4.1162e+00
 1.0014e+05	 8.9235e+03	 4.4943e+00	 1.0602e+00	 3.6315e+02	 8.9385e+03	-7.6727e+01	 1.6950e+04	 3.9984e+03	-4.2391e+00
 3.1691e+04	 8.9235e+03	 5.2206e+00	 6.3100e-01	 3.6316e+02	 8.9412e+03	-8.3108e+01	 8.9992e+04	 1.0877e+04	-8.2736e+00
 1.0029e+04	 8.9235e+03	 5.4533e+00	 2.8558e-01	 3.6315e+02	 8.9440e+03	-8.7002e+01	 6.2833e+05	 3.2905e+04	-1.9096e+01
 3.1737e+03	 8.9235e+03	 5.5310e+00	 1.3864e-01	 3.6316e+02	 8.9471e+03	-8.8564e+01	 4.0901e+06	 1.0252e+05	-3.9896e+01
 1.0043e+03	 8.9235e+03	 5.5754e+00	 8.9319e-02	 3.6315e+02	 8.9495e+03	-8.9082e+01	 2.0061e+07	 3.2137e+05	-6.2422e+01
 3.1783e+02	 8.9235e+03	 5.6170e+00	 8.5491e-02	 3.6315e+02	 8.9525e+03	-8.9128e+01	 6.6230e+07	 1.0080e+06	-6.5703e+01
 1.0058e+02	 8.9235e+03	 5.6683e+00	 1.1037e-01	 3.6315e+02	 8.9550e+03	-8.8884e+01	 1.6211e+08	 3.1566e+06	-5.1355e+01
 3.1829e+01	 8.9235e+03	 5.7442e+00	 2.2163e-01	 3.6315e+02	 8.9579e+03	-8.7790e+01	 2.5511e+08	 9.8430e+06	-2.5918e+01
 1.0072e+01	 8.9235e+03	 5.8615e+00	 4.4126e-01	 3.6314e+02	 8.9610e+03	-8.5695e+01	 4.0490e+08	 3.0481e+07	-1.3284e+01
 1.0000e+06	 8.9583e+03	 3.1840e+00	 2.5961e-01	 3.6314e+02	 8.9676e+03	-8.5339e+01	 6.9318e+03	 5.6520e+02	-1.2264e+01
 3.1646e+05	 8.9583e+03	 3.4889e+00	 8.4746e-01	 3.6315e+02	 8.9702e+03	-7.6347e+01	 6.7102e+03	 1.6299e+03	-4.1169e+00
 1.0014e+05	 8.9583e+03	 4.4946e+00	 1.0611e+00	 3.6315e+02	 8.9728e+03	-7.6717e+01	 1.6935e+04	 3.9981e+03	-4.2359e+00
 3.1691e+04	 8.9583e+03	 5.2219e+00	 6.3174e-01	 3.6316e+02	 8.9758e+03	-8.3102e+01	 8.9886e+04	 1.0874e+04	-8.2660e+00
 1.0029e+04	 8.9583e+03	 5.4552e+00	 2.8610e-01	 3.6315e+02	 8.9784e+03	-8.6998e+01	 6.2718e+05	 3.2893e+04	-1.9067e+01
 3.1737e+03	 8.9583e+03	 5.5329e+00	 1.3953e-01	 3.6315e+02	 8.9813e+03	-8.8555e+01	 4.0638e+06	 1.0248e+05	-3.9654e+01
 1.0043e+03	 8.9583e+03	 5.5773e+00	 9.1635e-02	 3.6315e+02	 8.9837e+03	-8.9059e+01	 1.9554e+07	 3.2127e+05	-6.0864e+01
 3.1783e+02	 8.9583e+03	 5.6191e+00	 9.1240e-02	 3.6315e+02	 8.9865e+03	-8.9070e+01	 6.2057e+07	 1.0077e+06	-6.1586e+01
 1.0058e+02	 8.9583e+03	 5.6705e+00	 1.2810e-01	 3.6315e+02	 8.9890e+03	-8.8706e+01	 1.3967e+08	 3.1553e+06	-4.4267e+01
 3.1829e+01	 8.9583e+03	 5.7462e+00	 2.2542e-01	 3.6314e+02	 8.9920e+03	-8.7754e+01	 2.5082e+08	 9.8395e+06	-2.5491e+01
 1.0072e+01	 8.9583e+03	 5.8638e+00	 3.7945e-01	 3.6315e+02	 8.9950e+03	-8.6297e+01	 4.7085e+08	 3.0469e+07	-1.5453e+01
 1.0000e+06	 8.9923e+03	 3.1844e+00	 2.6097e-01	 3.6315e+02	 9.0016e+03	-8.5315e+01	 6.8957e+03	 5.6512e+02	-1.2202e+01
 3.1646e+05	 8.9923e+03	 3.4893e+00	 8.4745e-01	 3.6315e+02	 9.0042e+03	-7.6349e+01	 6.7103e+03	 1.6297e+03	-4.1175e+00
 1.0014e+05	 8.9923e+03	 4.4951e+00	 1.0617e+00	 3.6315e+02	 9.0067e+03	-7.6710e+01	 1.6925e+04	 3.9977e+03	-4.2337e+00
 3.1691e+04	 8.9923e+03	 5.2235e+00	 6.3226e-01	 3.6315e+02	 9.0093e+03	-8.3098e+01	 8.9812e+04	 1.0871e+04	-8.2616e+00
 1.0029e+04	 8.9923e+03	 5.4565e+00	 2.8642e-01	 3.6315e+02	 9.0120e+03	-8.6995e+01	 6.2650e+05	 3.2885e+04	-1.9051e+01
 3.1737e+03	 8.9923e+03	 5.5343e+00	 1.3934e-01	 3.6315e+02	 9.0150e+03	-8.8558e+01	 4.0695e+06	 1.0246e+05	-3.9719e+01
 1.0043e+03	 8.9923e+03	 5.5790e+00	 9.1414e-02	 3.6315e+02	 9.0175e+03	-8.9061e+01	 1.9601e+07	 3.2117e+05	-6.1029e+01
 3.1783e+02	 8.9923e+03	 5.6207e+00	 9.0387e-02	 3.6315e+02	 9.0203e+03	-8.9079e+01	 6.2643e+07	 1.0074e+06	-6.2185e+01
 1.0058e+02	 8.9923e+03	 5.6726e+00	 1.1501e-01	 3.6315e+02	 9.0228e+03	-8.8839e+01	 1.5557e+08	 3.1541e+06	-4.9322e+01
 3.1829e+01	 8.9923e+03	 5.7480e+00	 1.8206e-01	 3.6315e+02	 9.0257e+03	-8.8186e+01	 3.1055e+08	 9.8364e+06	-3.1571e+01
 1.0072e+01	 8.9923e+03	 5.8642e+00	 3.1860e-01	 3.6316e+02	 9.0288e+03	-8.6890e+01	 5.6078e+08	 3.0467e+07	-1.8406e+01
 1.0000e+06	 9.0261e+03	 3.1848e+00	 2.6211e-01	 3.6315e+02	 9.0353e+03	-8.5295e+01	 6.8658e+03	 5.6505e+02	-1.2151e+01
 3.1646e+05	 9.0261e+03	 3.4897e+00	 8.4725e-01	 3.6315e+02	 9.0379e+03	-7.6353e+01	 6.7118e+03	 1.6296e+03	-4.1188e+00
 1.0014e+05	 9.0261e+03	 4.4953e+00	 1.0622e+00	 3.6315e+02	 9.0406e+03	-7.6705e+01	 1.6917e+04	 3.9974e+03	-4.2320e+00
 3.1691e+04	 9.0261e+03	 5.2246e+00	 6.3307e-01	 3.6315e+02	 9.0436e+03	-8.3091e+01	 8.9697e+04	 1.0869e+04	-8.2528e+00
 1.0029e+04	 9.0261e+03	 5.4585e+00	 2.8656e-01	 3.6315e+02	 9.0462e+03	-8.6995e+01	 6.2619e+05	 3.2874e+04	-1.9048e+01
 3.1737e+03	 9.0261e+03	 5.5361e+00	 1.3929e-01	 3.6315e+02	 9.0490e+03	-8.8559e+01	 4.0710e+06	 1.0242e+05	-3.9746e+01
 1.0043e+03	 9.0261e+03	 5.5814e+00	 9.0374e-02	 3.6315e+02	 9.0515e+03	-8.9072e+01	 1.9826e+07	 3.2103e+05	-6.1759e+01
 3.1783e+02	 9.0261e+03	 5.6226e+00	 8.6762e-02	 3.6315e+02	 9.0543e+03	-8.9116e+01	 6.5260e+07	 1.0070e+06	-6.4805e+01
 1.0058e+02	 9.0261e+03	 5.6748e+00	 1.1359e-01	 3.6315e+02	 9.0569e+03	-8.8853e+01	 1.5751e+08	 3.1529e+06	-4.9957e+01
 3.1829e+01	 9.0261e+03	 5.7504e+00	 1.7568e-01	 3.6315e+02	 9.0597e+03	-8.8250e+01	 3.2183e+08	 9.8323e+06	-3.2732e+01
 1.0072e+01	 9.0261e+03	 5.8674e+00	 3.0478e-01	 3.6315e+02	 9.0628e+03	-8.7026e+01	 5.8621e+08	 3.0451e+07	-1.9251e+01
 1.0000e+06	 9.0600e+03	 3.1855e+00	 2.6326e-01	 3.6315e+02	 9.0693e+03	-8.5276e+01	 6.8358e+03	 5.6493e+02	-1.2100e+01
 3.1646e+05	 9.0600e+03	 3.4901e+00	 8.4717e-01	 3.6315e+02	 9.0719e+03	-7.6356e+01	 6.7126e+03	 1.6294e+03	-4.1197e+00
 1.0014e+05	 9.0600e+03	 4.4960e+00	 1.0631e+00	 3.6315e+02	 9.0747e+03	-7.6696e+01	 1.6903e+04	 3.9968e+03	-4.2291e+00
 3.1691e+04	 9.0600e+03	 5.2259e+00	 6.3364e-01	 3.6314e+02	 9.0774e+03	-8.3087e+01	 8.9616e+04	 1.0866e+04	-8.2474e+00
 1.0029e+04	 9.0600e+03	 5.4601e+00	 2.8676e-01	 3.6315e+02	 9.0801e+03	-8.6994e+01	 6.2574e+05	 3.2864e+04	-1.9041e+01
 3.1737e+03	 9.0600e+03	 5.5379e+00	 1.3949e-01	 3.6315e+02	 9.0828e+03	-8.8557e+01	 4.0651e+06	 1.0239e+05	-3.9702e+01
 1.0043e+03	 9.0600e+03	 5.5828e+00	 9.0631e-02	 3.6315e+02	 9.0853e+03	-8.9070e+01	 1.9770e+07	 3.2095e+05	-6.1599e+01
 3.1783e+02	 9.0600e+03	 5.6245e+00	 8.7159e-02	 3.6315e+02	 9.0881e+03	-8.9112e+01	 6.4963e+07	 1.0067e+06	-6.4532e+01
 1.0058e+02	 9.0600e+03	 5.6769e+00	 1.1415e-01	 3.6315e+02	 9.0905e+03	-8.8848e+01	 1.5675e+08	 3.1518e+06	-4.9734e+01
 3.1829e+01	 9.0600e+03	 5.7524e+00	 1.7783e-01	 3.6315e+02	 9.0935e+03	-8.8229e+01	 3.1794e+08	 9.8288e+06	-3.2348e+01
 1.0072e+01	 9.0600e+03	 5.8689e+00	 3.1439e-01	 3.6315e+02	 9.0966e+03	-8.6934e+01	 5.6830e+08	 3.0443e+07	-1.8668e+01
 1.0000e+06	 9.0938e+03	 3.1857e+00	 2.6416e-01	 3.6315e+02	 9.1030e+03	-8.5260e+01	 6.8124e+03	 5.6489e+02	-1.2060e+01
 3.1646e+05	 9.0938e+03	 3.4902e+00	 8.4705e-01	 3.6314e+02	 9.1056e+03	-7.6359e+01	 6.7135e+03	 1.6293e+03	-4.1205e+00
 1.0014e+05	 9.0938e+03	 4.4964e+00	 1.0637e+00	 3.6315e+02	 9.1080e+03	-7.6690e+01	 1.6894e+04	 3.9965e+03	-4.2271e+00
 3.1691e+04	 9.0938e+03	 5.2273e+00	 6.3427e-01	 3.6314e+02	 9.1110e+03	-8.3082e+01	 8.9528e+04	 1.0863e+04	-8.2414e+00
 1.0029e+04	 9.0938e+03	 5.4615e+00	 2.8713e-01	 3.6314e+02	 9.1138e+03	-8.6990e+01	 6.2493e+05	 3.2855e+04	-1.9021e+01
 3.1737e+03	 9.0938e+03	 5.5393e+00	 1.3947e-01	 3.6315e+02	 9.1165e+03	-8.8558e+01	 4.0655e+06	 1.0236e+05	-3.9716e+01
 1.0043e+03	 9.0938e+03	 5.5842e+00	 9.0595e-02	 3.6314e+02	 9.1192e+03	-8.9071e+01	 1.9778e+07	 3.2087e+05	-6.1639e+01
 3.1783e+02	 9.0938e+03	 5.6263e+00	 8.7373e-02	 3.6314e+02	 9.1217e+03	-8.9110e+01	 6.4804e+07	 1.0064e+06	-6.4394e+01
 1.0058e+02	 9.0938e+03	 5.6784e+00	 1.1551e-01	 3.6315e+02	 9.1245e+03	-8.8835e+01	 1.5490e+08	 3.1509e+06	-4.9159e+01
 3.1829e+01	 9.0938e+03	 5.7547e+00	 1.8098e-01	 3.6315e+02	 9.1275e+03	-8.8199e+01	 3.1241e+08	 9.8250e+06	-3.1798e+01
 1.0072e+01	 9.0938e+03	 5.8719e+00	 2.9753e-01	 3.6314e+02	 9.1306e+03	-8.7099e+01	 6.0050e+08	 3.0427e+07	-1.9736e+01
 1.0000e+06	 9.1279e+03	 3.1867e+00	 2.6441e-01	 3.6315e+02	 9.1372e+03	-8.5257e+01	 6.8060e+03	 5.6472e+02	-1.2052e+01
 3.1646e+05	 9.1279e+03	 3.4907e+00	 8.4713e-01	 3.6314e+02	 9.1399e+03	-7.6359e+01	 6.7129e+03	 1.6291e+03	-4.1207e+00
 1.0014e+05	 9.1279e+03	 4.4971e+00	 1.0646e+00	 3.6315e+02	 9.1424e+03	-7.6682e+01	 1.6880e+04	 3.9958e+03	-4.2243e+00
 3.1691e+04	 9.1279e+03	 5.2289e+00	 6.3512e-01	 3.6315e+02	 9.1451e+03	-8.3075e+01	 8.9408e+04	 1.0860e+04	-8.2330e+00
 1.0029e+04	 9.1279e+03	 5.4633e+00	 2.8825e-01	 3.6315e+02	 9.1477e+03	-8.6980e+01	 6.2252e+05	 3.2845e+04	-1.8953e+01
 3.1737e+03	 9.1279e+03	 5.5414e+00	 1.4208e-01	 3.6315e+02	 9.1508e+03	-8.8531e+01	 3.9910e+06	 1.0232e+05	-3.9003e+01
 1.0043e+03	 9.1279e+03	 5.5863e+00	 9.7983e-02	 3.6314e+02	 9.1532e+03	-8.8995e+01	 1.8287e+07	 3.2075e+05	-5.7013e+01
 3.1783e+02	 9.1279e+03	 5.6283e+00	 1.1238e-01	 3.6315e+02	 9.1561e+03	-8.8856e+01	 5.0384e+07	 1.0060e+06	-5.0083e+01
 1.0058e+02	 9.1279e+03	 5.6816e+00	 1.9498e-01	 3.6315e+02	 9.1585e+03	-8.8034e+01	 9.1764e+07	 3.1492e+06	-2.9139e+01
 3.1829e+01	 9.1279e+03	 5.7586e+00	 4.4271e-01	 3.6315e+02	 9.1614e+03	-8.5604e+01	 1.2771e+08	 9.8183e+06	-1.3008e+01
 1.0072e+01	 9.1279e+03	 5.8799e+00	 1.0831e+00	 3.6315e+02	 9.1643e+03	-7.9563e+01	 1.6496e+08	 3.0385e+07	-5.4290e+00
 1.0000e+06	 9.1618e+03	 3.1869e+00	 2.6648e-01	 3.6315e+02	 9.1710e+03	-8.5220e+01	 6.7532e+03	 5.6467e+02	-1.1960e+01
 3.1646e+05	 9.1618e+03	 3.4911e+00	 8.4702e-01	 3.6315e+02	 9.1736e+03	-7.6362e+01	 6.7137e+03	 1.6289e+03	-4.1216e+00
 1.0014e+05	 9.1618e+03	 4.4976e+00	 1.0653e+00	 3.6314e+02	 9.1763e+03	-7.6674e+01	 1.6868e+04	 3.9954e+03	-4.2219e+00
 3.1691e+04	 9.1618e+03	 5.2304e+00	 6.3579e-01	 3.6315e+02	 9.1790e+03	-8.3069e+01	 8.9313e+04	 1.0857e+04	-8.2266e+00
 1.0029e+04	 9.1618e+03	 5.4651e+00	 2.8852e-01	 3.6315e+02	 9.1818e+03	-8.6978e+01	 6.2192e+05	 3.2834e+04	-1.8942e+01
 3.1737e+03	 9.1618e+03	 5.5432e+00	 1.4191e-01	 3.6315e+02	 9.1845e+03	-8.8534e+01	 3.9958e+06	 1.0229e+05	-3.9062e+01
 1.0043e+03	 9.1618e+03	 5.5881e+00	 9.8220e-02	 3.6315e+02	 9.1870e+03	-8.8993e+01	 1.8243e+07	 3.2065e+05	-5.6894e+01
 3.1783e+02	 9.1618e+03	 5.6300e+00	 1.1163e-01	 3.6315e+02	 9.1896e+03	-8.8864e+01	 5.0724e+07	 1.0057e+06	-5.0436e+01
 1.0058e+02	 9.1618e+03	 5.6833e+00	 1.8584e-01	 3.6315e+02	 9.1923e+03	-8.8127e+01	 9.6278e+07	 3.1482e+06	-3.0582e+01
 3.1829e+01	 9.1618e+03	 5.7567e+00	 2.0281e-01	 3.6315e+02	 9.1952e+03	-8.7982e+01	 2.7878e+08	 9.8215e+06	-2.8385e+01
 1.0072e+01	 9.1618e+03	 5.8751e+00	 3.2667e-01	 3.6315e+02	 9.1981e+03	-8.6818e+01	 5.4693e+08	 3.0411e+07	-1.7985e+01
 1.0000e+06	 9.1954e+03	 3.1873e+00	 2.6753e-01	 3.6315e+02	 9.2048e+03	-8.5202e+01	 6.7267e+03	 5.6460e+02	-1.1914e+01
 3.1646e+05	 9.1954e+03	 3.4915e+00	 8.4698e-01	 3.6315e+02	 9.2076e+03	-7.6365e+01	 6.7140e+03	 1.6287e+03	-4.1224e+00
 1.0014e+05	 9.1954e+03	 4.4982e+00	 1.0658e+00	 3.6315e+02	 9.2103e+03	-7.6670e+01	 1.6860e+04	 3.9949e+03	-4.2204e+00
 3.1691e+04	 9.1954e+03	 5.2317e+00	 6.3611e-01	 3.6315e+02	 9.2130e+03	-8.3068e+01	 8.9268e+04	 1.0854e+04	-8.2245e+00
 1.0029e+04	 9.1954e+03	 5.4669e+00	 2.8788e-01	 3.6315e+02	 9.2157e+03	-8.6986e+01	 6.2331e+05	 3.2823e+04	-1.8990e+01
 3.1737e+03	 9.1954e+03	 5.5447e+00	 1.4001e-01	 3.6315e+02	 9.2185e+03	-8.8554e+01	 4.0500e+06	 1.0226e+05	-3.9603e+01
 1.0043e+03	 9.1954e+03	 5.5901e+00	 9.0812e-02	 3.6315e+02	 9.2212e+03	-8.9069e+01	 1.9731e+07	 3.2053e+05	-6.1557e+01
 3.1783e+02	 9.1954e+03	 5.6319e+00	 8.7687e-02	 3.6315e+02	 9.2240e+03	-8.9108e+01	 6.4572e+07	 1.0054e+06	-6.4227e+01
 1.0058e+02	 9.1954e+03	 5.6844e+00	 1.1897e-01	 3.6315e+02	 9.2265e+03	-8.8801e+01	 1.5039e+08	 3.1476e+06	-4.7779e+01
 3.1829e+01	 9.1954e+03	 5.7606e+00	 1.8552e-01	 3.6314e+02	 9.2294e+03	-8.8155e+01	 3.0477e+08	 9.8148e+06	-3.1052e+01
 1.0072e+01	 9.1954e+03	 5.8794e+00	 3.2620e-01	 3.6315e+02	 9.2325e+03	-8.6824e+01	 5.4772e+08	 3.0388e+07	-1.8024e+01
 1.0000e+06	 9.2298e+03	 3.1880e+00	 2.6751e-01	 3.6316e+02	 9.2391e+03	-8.5203e+01	 6.7271e+03	 5.6448e+02	-1.1917e+01
 3.1646e+05	 9.2298e+03	 3.4919e+00	 8.4698e-01	 3.6315e+02	 9.2417e+03	-7.6366e+01	 6.7140e+03	 1.6285e+03	-4.1228e+00
 1.0014e+05	 9.2298e+03	 4.4987e+00	 1.0665e+00	 3.6315e+02	 9.2442e+03	-7.6663e+01	 1.6849e+04	 3.9944e+03	-4.2181e+00
 3.1691e+04	 9.2298e+03	 5.2330e+00	 6.3674e-01	 3.6315e+02	 9.2473e+03	-8.3063e+01	 8.9180e+04	 1.0851e+04	-8.2185e+00
 1.0029e+04	 9.2298e+03	 5.4682e+00	 2.8830e-01	 3.6315e+02	 9.2498e+03	-8.6982e+01	 6.2240e+05	 3.2815e+04	-1.8967e+01
 3.1737e+03	 9.2298e+03	 5.5462e+00	 1.3996e-01	 3.6315e+02	 9.2526e+03	-8.8554e+01	 4.0513e+06	 1.0224e+05	-3.9626e+01
 1.0043e+03	 9.2298e+03	 5.5915e+00	 9.1116e-02	 3.6315e+02	 9.2552e+03	-8.9066e+01	 1.9665e+07	 3.2045e+05	-6.1367e+01
 3.1783e+02	 9.2298e+03	 5.6336e+00	 9.0478e-02	 3.6316e+02	 9.2578e+03	-8.9080e+01	 6.2580e+07	 1.0051e+06	-6.2265e+01
 1.0058e+02	 9.2298e+03	 5.6864e+00	 1.1895e-01	 3.6315e+02	 9.2603e+03	-8.8802e+01	 1.5042e+08	 3.1465e+06	-4.7805e+01
 3.1829e+01	 9.2298e+03	 5.7628e+00	 1.8936e-01	 3.6315e+02	 9.2634e+03	-8.8118e+01	 2.9858e+08	 9.8112e+06	-3.0432e+01
 1.0072e+01	 9.2298e+03	 5.8811e+00	 3.4509e-01	 3.6315e+02	 9.2664e+03	-8.6642e+01	 5.1773e+08	 3.0379e+07	-1.7042e+01
 1.0000e+06	 9.2636e+03	 3.1887e+00	 2.6802e-01	 3.6315e+02	 9.2730e+03	-8.5195e+01	 6.7143e+03	 5.6436e+02	-1.1897e+01
 3.1646e+05	 9.2636e+03	 3.4922e+00	 8.4689e-01	 3.6315e+02	 9.2758e+03	-7.6369e+01	 6.7148e+03	 1.6284e+03	-4.1236e+00
 1.0014e+05	 9.2636e+03	 4.4994e+00	 1.0672e+00	 3.6315e+02	 9.2783e+03	-7.6657e+01	 1.6838e+04	 3.9939e+03	-4.2160e+00
 3.1691e+04	 9.2636e+03	 5.2345e+00	 6.3729e-01	 3.6315e+02	 9.2811e+03	-8.3059e+01	 8.9103e+04	 1.0848e+04	-8.2138e+00
 1.0029e+04	 9.2636e+03	 5.4699e+00	 2.8836e-01	 3.6314e+02	 9.2835e+03	-8.6982e+01	 6.2228e+05	 3.2805e+04	-1.8969e+01
 3.1737e+03	 9.2636e+03	 5.5481e+00	 1.4012e-01	 3.6315e+02	 9.2863e+03	-8.8553e+01	 4.0468e+06	 1.0220e+05	-3.9596e+01
 1.0043e+03	 9.2636e+03	 5.5933e+00	 9.1634e-02	 3.6315e+02	 9.2888e+03	-8.9061e+01	 1.9554e+07	 3.2035e+05	-6.1039e+01
 3.1783e+02	 9.2636e+03	 5.6351e+00	 9.0006e-02	 3.6315e+02	 9.2913e+03	-8.9085e+01	 6.2908e+07	 1.0048e+06	-6.2608e+01
 1.0058e+02	 9.2636e+03	 5.6881e+00	 1.2222e-01	 3.6315e+02	 9.2940e+03	-8.8769e+01	 1.4639e+08	 3.1456e+06	-4.6539e+01
 3.1829e+01	 9.2636e+03	 5.7646e+00	 1.9137e-01	 3.6316e+02	 9.2970e+03	-8.8099e+01	 2.9545e+08	 9.8080e+06	-3.0124e+01
 1.0072e+01	 9.2636e+03	 5.8833e+00	 3.2969e-01	 3.6315e+02	 9.3000e+03	-8.6793e+01	 5.4192e+08	 3.0368e+07	-1.7845e+01
 1.0000e+06	 9.2974e+03	 3.1890e+00	 2.6833e-01	 3.6315e+02	 9.3067e+03	-8.5190e+01	 6.7064e+03	 5.6431e+02	-1.1884e+01
 3.1646e+05	 9.2974e+03	 3.4927e+00	 8.4693e-01	 3.6315e+02	 9.3092e+03	-7.6370e+01	 6.7145e+03	 1.6282e+03	-4.1240e+00
 1.0014e+05	 9.2974e+03	 4.4999e+00	 1.0677e+00	 3.6315e+02	 9.3119e+03	-7.6652e+01	 1.6830e+04	 3.9934e+03	-4.2144e+00
 3.1691e+04	 9.2974e+03	 5.2359e+00	 6.3776e-01	 3.6315e+02	 9.3146e+03	-8.3055e+01	 8.9038e+04	 1.0845e+04	-8.2098e+00
 1.0029e+04	 9.2974e+03	 5.4712e+00	 2.8886e-01	 3.6315e+02	 9.3170e+03	-8.6978e+01	 6.2120e+05	 3.2797e+04	-1.8941e+01
 3.1737e+03	 9.2974e+03	 5.5497e+00	 1.4033e-01	 3.6314e+02	 9.3197e+03	-8.8552e+01	 4.0407e+06	 1.0217e+05	-3.9548e+01
 1.0043e+03	 9.2974e+03	 5.5949e+00	 9.1603e-02	 3.6315e+02	 9.3224e+03	-8.9062e+01	 1.9561e+07	 3.2026e+05	-6.1078e+01
 3.1783e+02	 9.2974e+03	 5.6368e+00	 9.0660e-02	 3.6315e+02	 9.3251e+03	-8.9079e+01	 6.2454e+07	 1.0045e+06	-6.2175e+01
 1.0058e+02	 9.2974e+03	 5.6899e+00	 1.2195e-01	 3.6315e+02	 9.3278e+03	-8.8772e+01	 1.4672e+08	 3.1446e+06	-4.6657e+01
 3.1829e+01	 9.2974e+03	 5.7665e+00	 1.9860e-01	 3.6315e+02	 9.3308e+03	-8.8028e+01	 2.8469e+08	 9.8048e+06	-2.9036e+01
 1.0072e+01	 9.2974e+03	 5.8844e+00	 3.7147e-01	 3.6315e+02	 9.3337e+03	-8.6388e+01	 4.8097e+08	 3.0362e+07	-1.5841e+01
 1.0000e+06	 9.3312e+03	 3.1894e+00	 2.6866e-01	 3.6314e+02	 9.3403e+03	-8.5185e+01	 6.6984e+03	 5.6423e+02	-1.1872e+01
 3.1646e+05	 9.3312e+03	 3.4930e+00	 8.4682e-01	 3.6315e+02	 9.3428e+03	-7.6372e+01	 6.7153e+03	 1.6280e+03	-4.1248e+00
 1.0014e+05	 9.3312e+03	 4.5001e+00	 1.0683e+00	 3.6314e+02	 9.3456e+03	-7.6645e+01	 1.6820e+04	 3.9932e+03	-4.2122e+00
 3.1691e+04	 9.3312e+03	 5.2371e+00	 6.3840e-01	 3.6314e+02	 9.3483e+03	-8.3050e+01	 8.8949e+04	 1.0843e+04	-8.2036e+00
 1.0029e+04	 9.3312e+03	 5.4728e+00	 2.8908e-01	 3.6315e+02	 9.3510e+03	-8.6976e+01	 6.2072e+05	 3.2787e+04	-1.8932e+01
 3.1737e+03	 9.3312e+03	 5.5513e+00	 1.4044e-01	 3.6315e+02	 9.3537e+03	-8.8551e+01	 4.0376e+06	 1.0214e+05	-3.9528e+01
 1.0043e+03	 9.3312e+03	 5.5965e+00	 9.1595e-02	 3.6315e+02	 9.3563e+03	-8.9062e+01	 1.9562e+07	 3.2016e+05	-6.1101e+01
 3.1783e+02	 9.3312e+03	 5.6387e+00	 9.0129e-02	 3.6314e+02	 9.3590e+03	-8.9084e+01	 6.2822e+07	 1.0042e+06	-6.2563e+01
 1.0058e+02	 9.3312e+03	 5.6917e+00	 1.2212e-01	 3.6314e+02	 9.3617e+03	-8.8771e+01	 1.4651e+08	 3.1436e+06	-4.6606e+01
 3.1829e+01	 9.3312e+03	 5.7688e+00	 2.0145e-01	 3.6314e+02	 9.3645e+03	-8.8000e+01	 2.8066e+08	 9.8008e+06	-2.8636e+01
 1.0072e+01	 9.3312e+03	 5.8882e+00	 3.6501e-01	 3.6315e+02	 9.3676e+03	-8.6453e+01	 4.8948e+08	 3.0343e+07	-1.6132e+01
 1.0000e+06	 9.3650e+03	 3.1902e+00	 2.6888e-01	 3.6315e+02	 9.3743e+03	-8.5182e+01	 6.6928e+03	 5.6409e+02	-1.1865e+01
 3.1646e+05	 9.3650e+03	 3.4933e+00	 8.4669e-01	 3.6314e+02	 9.3769e+03	-7.6376e+01	 6.7163e+03	 1.6279e+03	-4.1259e+00
 1.0014e+05	 9.3650e+03	 4.5007e+00	 1.0690e+00	 3.6315e+02	 9.3798e+03	-7.6639e+01	 1.6809e+04	 3.9926e+03	-4.2101e+00
 3.1691e+04	 9.3650e+03	 5.2383e+00	 6.3909e-01	 3.6315e+02	 9.3828e+03	-8.3044e+01	 8.8852e+04	 1.0840e+04	-8.1965e+00
 1.0029e+04	 9.3650e+03	 5.4745e+00	 2.8914e-01	 3.6314e+02	 9.3852e+03	-8.6977e+01	 6.2059e+05	 3.2777e+04	-1.8934e+01
 3.1737e+03	 9.3650e+03	 5.5532e+00	 1.4056e-01	 3.6314e+02	 9.3881e+03	-8.8550e+01	 4.0342e+06	 1.0211e+05	-3.9509e+01
 1.0043e+03	 9.3650e+03	 5.5983e+00	 9.1861e-02	 3.6314e+02	 9.3905e+03	-8.9060e+01	 1.9506e+07	 3.2006e+05	-6.0943e+01
 3.1783e+02	 9.3650e+03	 5.6404e+00	 9.0032e-02	 3.6315e+02	 9.3933e+03	-8.9086e+01	 6.2890e+07	 1.0038e+06	-6.2649e+01
 1.0058e+02	 9.3650e+03	 5.6936e+00	 1.1951e-01	 3.6315e+02	 9.3958e+03	-8.8798e+01	 1.4972e+08	 3.1425e+06	-4.7643e+01
 3.1829e+01	 9.3650e+03	 5.7712e+00	 1.8946e-01	 3.6315e+02	 9.3987e+03	-8.8120e+01	 2.9843e+08	 9.7969e+06	-3.0462e+01
 1.0072e+01	 9.3650e+03	 5.8903e+00	 3.4524e-01	 3.6314e+02	 9.4018e+03	-8.6646e+01	 5.1751e+08	 3.0332e+07	-1.7062e+01
 1.0000e+06	 9.3991e+03	 3.1906e+00	 2.6925e-01	 3.6315e+02	 9.4084e+03	-8.5176e+01	 6.6836e+03	 5.6402e+02	-1.1850e+01
 3.1646e+05	 9.3991e+03	 3.4938e+00	 8.4684e-01	 3.6314e+02	 9.4110e+03	-7.6375e+01	 6.7151e+03	 1.6276e+03	-4.1257e+00
 1.0014e+05	 9.3991e+03	 4.5014e+00	 1.0696e+00	 3.6315e+02	 9.4135e+03	-7.6633e+01	 1.6800e+04	 3.9921e+03	-4.2083e+00
 3.1691e+04	 9.3991e+03	 5.2399e+00	 6.3946e-01	 3.6315e+02	 9.4162e+03	-8.3042e+01	 8.8801e+04	 1.0837e+04	-8.1943e+00
 1.0029e+04	 9.3991e+03	 5.4760e+00	 2.8947e-01	 3.6314e+02	 9.4188e+03	-8.6974e+01	 6.1988e+05	 3.2768e+04	-1.8917e+01
 3.1737e+03	 9.3991e+03	 5.5547e+00	 1.4086e-01	 3.6315e+02	 9.4215e+03	-8.8547e+01	 4.0253e+06	 1.0208e+05	-3.9433e+01
 1.0043e+03	 9.3991e+03	 5.6000e+00	 9.1518e-02	 3.6314e+02	 9.4242e+03	-8.9064e+01	 1.9579e+07	 3.1997e+05	-6.1190e+01
 3.1783e+02	 9.3991e+03	 5.6424e+00	 9.0069e-02	 3.6315e+02	 9.4268e+03	-8.9085e+01	 6.2864e+07	 1.0035e+06	-6.2646e+01
 1.0058e+02	 9.3991e+03	 5.6958e+00	 1.2356e-01	 3.6314e+02	 9.4295e+03	-8.8757e+01	 1.4480e+08	 3.1413e+06	-4.6097e+01
 3.1829e+01	 9.3991e+03	 5.7736e+00	 2.0936e-01	 3.6314e+02	 9.4327e+03	-8.7923e+01	 2.7006e+08	 9.7929e+06	-2.7577e+01
 1.0072e+01	 9.3991e+03	 5.8920e+00	 3.9479e-01	 3.6315e+02	 9.4358e+03	-8.6167e+01	 4.5256e+08	 3.0323e+07	-1.4925e+01
 1.0000e+06	 9.4331e+03	 3.1913e+00	 2.6965e-01	 3.6314e+02	 9.4424e+03	-8.5170e+01	 6.6737e+03	 5.6389e+02	-1.1835e+01
 3.1646e+05	 9.4331e+03	 3.4942e+00	 8.4668e-01	 3.6314e+02	 9.4450e+03	-7.6379e+01	 6.7164e+03	 1.6274e+03	-4.1270e+00
 1.0014e+05	 9.4331e+03	 4.5018e+00	 1.0703e+00	 3.6314e+02	 9.4478e+03	-7.6627e+01	 1.6790e+04	 3.9917e+03	-4.2062e+00
 3.1691e+04	 9.4331e+03	 5.2413e+00	 6.4023e-01	 3.6315e+02	 9.4505e+03	-8.3036e+01	 8.8694e+04	 1.0834e+04	-8.1866e+00
 1.0029e+04	 9.4331e+03	 5.4777e+00	 2.8982e-01	 3.6315e+02	 9.4530e+03	-8.6971e+01	 6.1915e+05	 3.2758e+04	-1.8901e+01
 3.1737e+03	 9.4331e+03	 5.5561e+00	 1.4098e-01	 3.6315e+02	 9.4558e+03	-8.8546e+01	 4.0220e+06	 1.0205e+05	-3.9410e+01
 1.0043e+03	 9.4331e+03	 5.6016e+00	 9.2561e-02	 3.6315e+02	 9.4582e+03	-8.9053e+01	 1.9358e+07	 3.1987e+05	-6.0518e+01
 3.1783e+02	 9.4331e+03	 5.6439e+00	 9.1797e-02	 3.6315e+02	 9.4611e+03	-8.9068e+01	 6.1681e+07	 1.0032e+06	-6.1482e+01
 1.0058e+02	 9.4331e+03	 5.6971e+00	 1.2593e-01	 3.6315e+02	 9.4635e+03	-8.8734e+01	 1.4209e+08	 3.1406e+06	-4.5241e+01
 3.1829e+01	 9.4331e+03	 5.7751e+00	 1.9929e-01	 3.6316e+02	 9.4664e+03	-8.8024e+01	 2.8371e+08	 9.7902e+06	-2.8979e+01
 1.0072e+01	 9.4331e+03	 5.8935e+00	 3.8043e-01	 3.6315e+02	 9.4693e+03	-8.6307e+01	 4.6964e+08	 3.0315e+07	-1.5492e+01
 1.0000e+06	 9.4668e+03	 3.1917e+00	 2.7027e-01	 3.6315e+02	 9.4762e+03	-8.5160e+01	 6.6584e+03	 5.6383e+02	-1.1809e+01
 3.1646e+05	 9.4668e+03	 3.4945e+00	 8.4659e-01	 3.6315e+02	 9.4790e+03	-7.6382e+01	 6.7171e+03	 1.6273e+03	-4.1278e+00
 1.0014e+05	 9.4668e+03	 4.5023e+00	 1.0708e+00	 3.6314e+02	 9.4815e+03	-7.6622e+01	 1.6782e+04	 3.9913e+03	-4.2047e+00
 3.1691e+04	 9.4668e+03	 5.2424e+00	 6.4069e-01	 3.6315e+02	 9.4844e+03	-8.3032e+01	 8.8631e+04	 1.0832e+04	-8.1825e+00
 1.0029e+04	 9.4668e+03	 5.4793e+00	 2.8994e-01	 3.6315e+02	 9.4868e+03	-8.6971e+01	 6.1888e+05	 3.2749e+04	-1.8898e+01
 3.1737e+03	 9.4668e+03	 5.5579e+00	 1.4104e-01	 3.6315e+02	 9.4896e+03	-8.8546e+01	 4.0203e+06	 1.0202e+05	-3.9407e+01
 1.0043e+03	 9.4668e+03	 5.6030e+00	 9.2350e-02	 3.6314e+02	 9.4920e+03	-8.9056e+01	 1.9402e+07	 3.1979e+05	-6.0672e+01
 3.1783e+02	 9.4668e+03	 5.6457e+00	 9.0544e-02	 3.6314e+02	 9.4948e+03	-8.9081e+01	 6.2534e+07	 1.0029e+06	-6.2353e+01
 1.0058e+02	 9.4668e+03	 5.6989e+00	 1.2238e-01	 3.6314e+02	 9.4973e+03	-8.8770e+01	 1.4620e+08	 3.1396e+06	-4.6565e+01
 3.1829e+01	 9.4668e+03	 5.7767e+00	 2.0001e-01	 3.6315e+02	 9.5002e+03	-8.8017e+01	 2.8269e+08	 9.7876e+06	-2.8882e+01
 1.0072e+01	 9.4668e+03	 5.8978e+00	 3.7214e-01	 3.6314e+02	 9.5031e+03	-8.6389e+01	 4.8010e+08	 3.0294e+07	-1.5848e+01
 1.0000e+06	 9.5004e+03	 3.1923e+00	 2.7023e-01	 3.6315e+02	 9.5098e+03	-8.5161e+01	 6.6593e+03	 5.6373e+02	-1.1813e+01
 3.1646e+05	 9.5004e+03	 3.4950e+00	 8.4664e-01	 3.6315e+02	 9.5123e+03	-7.6383e+01	 6.7167e+03	 1.6271e+03	-4.1280e+00
 1.0014e+05	 9.5004e+03	 4.5028e+00	 1.0713e+00	 3.6315e+02	 9.5151e+03	-7.6617e+01	 1.6774e+04	 3.9908e+03	-4.2031e+00
 3.1691e+04	 9.5004e+03	 5.2438e+00	 6.4118e-01	 3.6314e+02	 9.5178e+03	-8.3029e+01	 8.8562e+04	 1.0829e+04	-8.1782e+00
 1.0029e+04	 9.5004e+03	 5.4808e+00	 2.9000e-01	 3.6314e+02	 9.5205e+03	-8.6971e+01	 6.1875e+05	 3.2739e+04	-1.8899e+01
 3.1737e+03	 9.5004e+03	 5.5593e+00	 1.4088e-01	 3.6314e+02	 9.5233e+03	-8.8548e+01	 4.0250e+06	 1.0200e+05	-3.9462e+01
 1.0043e+03	 9.5004e+03	 5.6047e+00	 9.1316e-02	 3.6314e+02	 9.5260e+03	-8.9067e+01	 1.9622e+07	 3.1970e+05	-6.1377e+01
 3.1783e+02	 9.5004e+03	 5.6472e+00	 8.8785e-02	 3.6315e+02	 9.5288e+03	-8.9099e+01	 6.3773e+07	 1.0026e+06	-6.3606e+01
 1.0058e+02	 9.5004e+03	 5.7006e+00	 1.1459e-01	 3.6315e+02	 9.5314e+03	-8.8848e+01	 1.5614e+08	 3.1387e+06	-4.9747e+01
 3.1829e+01	 9.5004e+03	 5.7787e+00	 1.7550e-01	 3.6315e+02	 9.5344e+03	-8.8260e+01	 3.2216e+08	 9.7842e+06	-3.2926e+01
 1.0072e+01	 9.5004e+03	 5.8975e+00	 2.9363e-01	 3.6314e+02	 9.5375e+03	-8.7150e+01	 6.0846e+08	 3.0295e+07	-2.0085e+01
 1.0000e+06	 9.5348e+03	 3.1929e+00	 2.7075e-01	 3.6314e+02	 9.5440e+03	-8.5153e+01	 6.6467e+03	 5.6362e+02	-1.1793e+01
 3.1646e+05	 9.5348e+03	 3.4955e+00	 8.4655e-01	 3.6314e+02	 9.5466e+03	-7.6386e+01	 6.7175e+03	 1.6269e+03	-4.1291e+00
 1.0014e+05	 9.5348e+03	 4.5036e+00	 1.0720e+00	 3.6314e+02	 9.5493e+03	-7.6611e+01	 1.6763e+04	 3.9901e+03	-4.2011e+00
 3.1691e+04	 9.5348e+03	 5.2449e+00	 6.4177e-01	 3.6315e+02	 9.5520e+03	-8.3024e+01	 8.8481e+04	 1.0827e+04	-8.1726e+00
 1.0029e+04	 9.5348e+03	 5.4821e+00	 2.9026e-01	 3.6314e+02	 9.5547e+03	-8.6969e+01	 6.1820e+05	 3.2732e+04	-1.8887e+01
 3.1737e+03	 9.5348e+03	 5.5612e+00	 1.4093e-01	 3.6315e+02	 9.5576e+03	-8.8548e+01	 4.0236e+06	 1.0196e+05	-3.9461e+01
 1.0043e+03	 9.5348e+03	 5.6066e+00	 9.1564e-02	 3.6315e+02	 9.5601e+03	-8.9064e+01	 1.9569e+07	 3.1959e+05	-6.1231e+01
 3.1783e+02	 9.5348e+03	 5.6489e+00	 8.7921e-02	 3.6315e+02	 9.5628e+03	-8.9108e+01	 6.4400e+07	 1.0023e+06	-6.4250e+01
 1.0058e+02	 9.5348e+03	 5.7026e+00	 1.1530e-01	 3.6315e+02	 9.5654e+03	-8.8842e+01	 1.5518e+08	 3.1376e+06	-4.9459e+01
 3.1829e+01	 9.5348e+03	 5.7807e+00	 1.7343e-01	 3.6314e+02	 9.5683e+03	-8.8282e+01	 3.2601e+08	 9.7808e+06	-3.3332e+01
 1.0072e+01	 9.5348e+03	 5.9017e+00	 2.8747e-01	 3.6315e+02	 9.5712e+03	-8.7211e+01	 6.2150e+08	 3.0274e+07	-2.0530e+01
 1.0000e+06	 9.5686e+03	 3.1933e+00	 2.7184e-01	 3.6314e+02	 9.5780e+03	-8.5134e+01	 6.6199e+03	 5.6355e+02	-1.1747e+01
 3.1646e+05	 9.5686e+03	 3.4960e+00	 8.4671e-01	 3.6315e+02	 9.5806e+03	-7.6386e+01	 6.7162e+03	 1.6266e+03	-4.1290e+00
 1.0014e+05	 9.5686e+03	 4.5042e+00	 1.0726e+00	 3.6314e+02	 9.5833e+03	-7.6606e+01	 1.6754e+04	 3.9896e+03	-4.1994e+00
 3.1691e+04	 9.5686e+03	 5.2463e+00	 6.4223e-01	 3.6314e+02	 9.5863e+03	-8.3021e+01	 8.8418e+04	 1.0824e+04	-8.1689e+00
 1.0029e+04	 9.5686e+03	 5.4839e+00	 2.9049e-01	 3.6314e+02	 9.5888e+03	-8.6968e+01	 6.1772e+05	 3.2721e+04	-1.8878e+01
 3.1737e+03	 9.5686e+03	 5.5627e+00	 1.4107e-01	 3.6314e+02	 9.5916e+03	-8.8547e+01	 4.0194e+06	 1.0193e+05	-3.9431e+01
 1.0043e+03	 9.5686e+03	 5.6081e+00	 9.1130e-02	 3.6315e+02	 9.5940e+03	-8.9069e+01	 1.9662e+07	 3.1950e+05	-6.1540e+01
 3.1783e+02	 9.5686e+03	 5.6505e+00	 8.7920e-02	 3.6315e+02	 9.5966e+03	-8.9109e+01	 6.4400e+07	 1.0021e+06	-6.4268e+01
 1.0058e+02	 9.5686e+03	 5.7043e+00	 1.1457e-01	 3.6315e+02	 9.5992e+03	-8.8849e+01	 1.5616e+08	 3.1366e+06	-4.9788e+01
 3.1829e+01	 9.5686e+03	 5.7825e+00	 1.7344e-01	 3.6315e+02	 9.6023e+03	-8.8282e+01	 3.2600e+08	 9.7777e+06	-3.3341e+01
 1.0072e+01	 9.5686e+03	 5.9027e+00	 3.1072e-01	 3.6314e+02	 9.6052e+03	-8.6987e+01	 5.7500e+08	 3.0268e+07	-1.8997e+01
 1.0000e+06	 9.6025e+03	 3.1940e+00	 2.7123e-01	 3.6315e+02	 9.6120e+03	-8.5146e+01	 6.6349e+03	 5.6342e+02	-1.1776e+01
 3.1646e+05	 9.6025e+03	 3.4964e+00	 8.4659e-01	 3.6315e+02	 9.6146e+03	-7.6389e+01	 6.7171e+03	 1.6264e+03	-4.1300e+00
 1.0014e+05	 9.6025e+03	 4.5047e+00	 1.0730e+00	 3.6315e+02	 9.6173e+03	-7.6602e+01	 1.6747e+04	 3.9891e+03	-4.1981e+00
 3.1691e+04	 9.6025e+03	 5.2476e+00	 6.4271e-01	 3.6315e+02	 9.6200e+03	-8.3017e+01	 8.8352e+04	 1.0821e+04	-8.1648e+00
 1.0029e+04	 9.6025e+03	 5.4852e+00	 2.9084e-01	 3.6315e+02	 9.6227e+03	-8.6965e+01	 6.1697e+05	 3.2713e+04	-1.8860e+01
 3.1737e+03	 9.6025e+03	 5.5640e+00	 1.4121e-01	 3.6314e+02	 9.6255e+03	-8.8546e+01	 4.0154e+06	 1.0191e+05	-3.9402e+01
 1.0043e+03	 9.6025e+03	 5.6097e+00	 9.1433e-02	 3.6315e+02	 9.6280e+03	-8.9066e+01	 1.9597e+07	 3.1941e+05	-6.1353e+01
 3.1783e+02	 9.6025e+03	 5.6524e+00	 8.8388e-02	 3.6315e+02	 9.6308e+03	-8.9104e+01	 6.4060e+07	 1.0017e+06	-6.3949e+01
 1.0058e+02	 9.6025e+03	 5.7057e+00	 1.1546e-01	 3.6315e+02	 9.6335e+03	-8.8841e+01	 1.5496e+08	 3.1358e+06	-4.9416e+01
 3.1829e+01	 9.6025e+03	 5.7840e+00	 1.7559e-01	 3.6315e+02	 9.6364e+03	-8.8261e+01	 3.2200e+08	 9.7752e+06	-3.2940e+01
 1.0072e+01	 9.6025e+03	 5.9050e+00	 2.9282e-01	 3.6314e+02	 9.6395e+03	-8.7161e+01	 6.1016e+08	 3.0256e+07	-2.0166e+01
 1.0000e+06	 9.6367e+03	 3.1948e+00	 2.6911e-01	 3.6315e+02	 9.6460e+03	-8.5185e+01	 6.6871e+03	 5.6328e+02	-1.1872e+01
 3.1646e+05	 9.6367e+03	 3.4969e+00	 8.4663e-01	 3.6315e+02	 9.6486e+03	-7.6390e+01	 6.7168e+03	 1.6262e+03	-4.1303e+00
 1.0014e+05	 9.6367e+03	 4.5053e+00	 1.0735e+00	 3.6315e+02	 9.6513e+03	-7.6598e+01	 1.6740e+04	 3.9886e+03	-4.1969e+00
 3.1691e+04	 9.6367e+03	 5.2488e+00	 6.4314e-01	 3.6315e+02	 9.6539e+03	-8.3014e+01	 8.8293e+04	 1.0819e+04	-8.1613e+00
 1.0029e+04	 9.6367e+03	 5.4870e+00	 2.9104e-01	 3.6315e+02	 9.6566e+03	-8.6964e+01	 6.1655e+05	 3.2702e+04	-1.8853e+01
 3.1737e+03	 9.6367e+03	 5.5659e+00	 1.4128e-01	 3.6315e+02	 9.6593e+03	-8.8546e+01	 4.0134e+06	 1.0187e+05	-3.9395e+01
 1.0043e+03	 9.6367e+03	 5.6110e+00	 9.1696e-02	 3.6315e+02	 9.6621e+03	-8.9064e+01	 1.9541e+07	 3.1934e+05	-6.1191e+01
 3.1783e+02	 9.6367e+03	 5.6539e+00	 8.8565e-02	 3.6315e+02	 9.6648e+03	-8.9103e+01	 6.3932e+07	 1.0015e+06	-6.3839e+01
 1.0058e+02	 9.6367e+03	 5.7081e+00	 1.1598e-01	 3.6315e+02	 9.6673e+03	-8.8836e+01	 1.5428e+08	 3.1346e+06	-4.9218e+01
 3.1829e+01	 9.6367e+03	 5.7861e+00	 1.7853e-01	 3.6315e+02	 9.6702e+03	-8.8233e+01	 3.1669e+08	 9.7717e+06	-3.2409e+01
 1.0072e+01	 9.6367e+03	 5.9069e+00	 2.9814e-01	 3.6315e+02	 9.6733e+03	-8.7111e+01	 5.9927e+08	 3.0247e+07	-1.9813e+01
 1.0000e+06	 9.6705e+03	 3.1952e+00	 2.7044e-01	 3.6315e+02	 9.6799e+03	-8.5162e+01	 6.6542e+03	 5.6321e+02	-1.1815e+01
 3.1646e+05	 9.6705e+03	 3.4974e+00	 8.4680e-01	 3.6315e+02	 9.6825e+03	-7.6389e+01	 6.7155e+03	 1.6260e+03	-4.1301e+00
 1.0014e+05	 9.6705e+03	 4.5060e+00	 1.0742e+00	 3.6315e+02	 9.6852e+03	-7.6592e+01	 1.6729e+04	 3.9880e+03	-4.1949e+00
 3.1691e+04	 9.6705e+03	 5.2504e+00	 6.4373e-01	 3.6315e+02	 9.6881e+03	-8.3010e+01	 8.8211e+04	 1.0815e+04	-8.1562e+00
 1.0029e+04	 9.6705e+03	 5.4884e+00	 2.9122e-01	 3.6315e+02	 9.6905e+03	-8.6963e+01	 6.1616e+05	 3.2694e+04	-1.8846e+01
 3.1737e+03	 9.6705e+03	 5.5675e+00	 1.4173e-01	 3.6315e+02	 9.6935e+03	-8.8542e+01	 4.0007e+06	 1.0185e+05	-3.9281e+01
 1.0043e+03	 9.6705e+03	 5.6128e+00	 9.2107e-02	 3.6315e+02	 9.6960e+03	-8.9060e+01	 1.9453e+07	 3.1924e+05	-6.0937e+01
 3.1783e+02	 9.6705e+03	 5.6557e+00	 8.8597e-02	 3.6316e+02	 9.6988e+03	-8.9103e+01	 6.3909e+07	 1.0011e+06	-6.3836e+01
 1.0058e+02	 9.6705e+03	 5.7099e+00	 1.1432e-01	 3.6315e+02	 9.7013e+03	-8.8853e+01	 1.5651e+08	 3.1336e+06	-4.9945e+01
 3.1829e+01	 9.6705e+03	 5.7883e+00	 1.7266e-01	 3.6315e+02	 9.7042e+03	-8.8291e+01	 3.2746e+08	 9.7679e+06	-3.3524e+01
 1.0072e+01	 9.6705e+03	 5.9096e+00	 2.8335e-01	 3.6315e+02	 9.7072e+03	-8.7255e+01	 6.3055e+08	 3.0233e+07	-2.0856e+01
 1.0000e+06	 9.7045e+03	 3.1959e+00	 2.7008e-01	 3.6315e+02	 9.7139e+03	-8.5170e+01	 6.6632e+03	 5.6309e+02	-1.1833e+01
 3.1646e+05	 9.7045e+03	 3.4979e+00	 8.4665e-01	 3.6315e+02	 9.7167e+03	-7.6394e+01	 6.7167e+03	 1.6257e+03	-4.1315e+00
 1.0014e+05	 9.7045e+03	 4.5066e+00	 1.0746e+00	 3.6314e+02	 9.7192e+03	-7.6588e+01	 1.6722e+04	 3.9874e+03	-4.1936e+00
 3.1691e+04	 9.7045e+03	 5.2514e+00	 6.4427e-01	 3.6314e+02	 9.7223e+03	-8.3006e+01	 8.8138e+04	 1.0813e+04	-8.1510e+00
 1.0029e+04	 9.7045e+03	 5.4899e+00	 2.9147e-01	 3.6314e+02	 9.7247e+03	-8.6961e+01	 6.1564e+05	 3.2686e+04	-1.8835e+01
 3.1737e+03	 9.7045e+03	 5.5689e+00	 1.4172e-01	 3.6316e+02	 9.7276e+03	-8.8542e+01	 4.0011e+06	 1.0182e+05	-3.9295e+01
 1.0043e+03	 9.7045e+03	 5.6146e+00	 9.1761e-02	 3.6315e+02	 9.7300e+03	-8.9064e+01	 1.9527e+07	 3.1913e+05	-6.1187e+01
 3.1783e+02	 9.7045e+03	 5.6575e+00	 8.8911e-02	 3.6315e+02	 9.7328e+03	-8.9100e+01	 6.3683e+07	 1.0008e+06	-6.3632e+01
 1.0058e+02	 9.7045e+03	 5.7113e+00	 1.1530e-01	 3.6315e+02	 9.7353e+03	-8.8843e+01	 1.5518e+08	 3.1328e+06	-4.9535e+01
 3.1829e+01	 9.7045e+03	 5.7905e+00	 1.7740e-01	 3.6315e+02	 9.7381e+03	-8.8245e+01	 3.1871e+08	 9.7642e+06	-3.2641e+01
 1.0072e+01	 9.7045e+03	 5.9125e+00	 2.8789e-01	 3.6315e+02	 9.7412e+03	-8.7212e+01	 6.2059e+08	 3.0218e+07	-2.0537e+01
 1.0000e+06	 9.7385e+03	 3.1964e+00	 2.7005e-01	 3.6315e+02	 9.7478e+03	-8.5171e+01	 6.6639e+03	 5.6300e+02	-1.1836e+01
 3.1646e+05	 9.7385e+03	 3.4985e+00	 8.4661e-01	 3.6315e+02	 9.7504e+03	-7.6396e+01	 6.7169e+03	 1.6255e+03	-4.1323e+00
 1.0014e+05	 9.7385e+03	 4.5072e+00	 1.0752e+00	 3.6315e+02	 9.7530e+03	-7.6582e+01	 1.6713e+04	 3.9869e+03	-4.1919e+00
 3.1691e+04	 9.7385e+03	 5.2529e+00	 6.4473e-01	 3.6315e+02	 9.7557e+03	-8.3003e+01	 8.8074e+04	 1.0810e+04	-8.1474e+00
 1.0029e+04	 9.7385e+03	 5.4914e+00	 2.9189e-01	 3.6315e+02	 9.7583e+03	-8.6957e+01	 6.1475e+05	 3.2676e+04	-1.8813e+01
 3.1737e+03	 9.7385e+03	 5.5709e+00	 1.4184e-01	 3.6314e+02	 9.7610e+03	-8.8542e+01	 3.9977e+06	 1.0178e+05	-3.9276e+01
 1.0043e+03	 9.7385e+03	 5.6165e+00	 9.2032e-02	 3.6315e+02	 9.7637e+03	-8.9061e+01	 1.9469e+07	 3.1903e+05	-6.1027e+01
 3.1783e+02	 9.7385e+03	 5.6592e+00	 8.8603e-02	 3.6315e+02	 9.7663e+03	-8.9103e+01	 6.3905e+07	 1.0005e+06	-6.3872e+01
 1.0058e+02	 9.7385e+03	 5.7131e+00	 1.1513e-01	 3.6315e+02	 9.7690e+03	-8.8846e+01	 1.5542e+08	 3.1318e+06	-4.9625e+01
 3.1829e+01	 9.7385e+03	 5.7928e+00	 1.7401e-01	 3.6315e+02	 9.7722e+03	-8.8279e+01	 3.2492e+08	 9.7604e+06	-3.3289e+01
 1.0072e+01	 9.7385e+03	 5.9136e+00	 2.8347e-01	 3.6315e+02	 9.7753e+03	-8.7256e+01	 6.3027e+08	 3.0212e+07	-2.0861e+01
 1.0000e+06	 9.7726e+03	 3.1971e+00	 2.7070e-01	 3.6315e+02	 9.7820e+03	-8.5160e+01	 6.6478e+03	 5.6287e+02	-1.1811e+01
 3.1646e+05	 9.7726e+03	 3.4990e+00	 8.4683e-01	 3.6315e+02	 9.7848e+03	-7.6395e+01	 6.7152e+03	 1.6252e+03	-4.1318e+00
 1.0014e+05	 9.7726e+03	 4.5079e+00	 1.0757e+00	 3.6316e+02	 9.7873e+03	-7.6579e+01	 1.6705e+04	 3.9863e+03	-4.1907e+00
 3.1691e+04	 9.7726e+03	 5.2542e+00	 6.4528e-01	 3.6316e+02	 9.7903e+03	-8.2998e+01	 8.8000e+04	 1.0807e+04	-8.1425e+00
 1.0029e+04	 9.7726e+03	 5.4931e+00	 2.9194e-01	 3.6316e+02	 9.7927e+03	-8.6958e+01	 6.1464e+05	 3.2666e+04	-1.8816e+01
 3.1737e+03	 9.7726e+03	 5.5724e+00	 1.4188e-01	 3.6315e+02	 9.7955e+03	-8.8542e+01	 3.9966e+06	 1.0176e+05	-3.9276e+01
 1.0043e+03	 9.7726e+03	 5.6181e+00	 9.2089e-02	 3.6315e+02	 9.7980e+03	-8.9061e+01	 1.9457e+07	 3.1893e+05	-6.1007e+01
 3.1783e+02	 9.7726e+03	 5.6612e+00	 8.9168e-02	 3.6316e+02	 9.8008e+03	-8.9098e+01	 6.3499e+07	 1.0002e+06	-6.3489e+01
 1.0058e+02	 9.7726e+03	 5.7152e+00	 1.1524e-01	 3.6315e+02	 9.8033e+03	-8.8845e+01	 1.5526e+08	 3.1307e+06	-4.9593e+01
 3.1829e+01	 9.7726e+03	 5.7942e+00	 1.7271e-01	 3.6316e+02	 9.8063e+03	-8.8293e+01	 3.2736e+08	 9.7579e+06	-3.3549e+01
 1.0072e+01	 9.7726e+03	 5.9156e+00	 2.7620e-01	 3.6316e+02	 9.8093e+03	-8.7327e+01	 6.4688e+08	 3.0202e+07	-2.1418e+01
 1.0000e+06	 9.8066e+03	 3.1977e+00	 2.7055e-01	 3.6315e+02	 9.8159e+03	-8.5164e+01	 6.6516e+03	 5.6276e+02	-1.1820e+01
 3.1646e+05	 9.8066e+03	 3.4997e+00	 8.4694e-01	 3.6315e+02	 9.8188e+03	-7.6396e+01	 6.7144e+03	 1.6249e+03	-4.1321e+00
 1.0014e+05	 9.8066e+03	 4.5087e+00	 1.0762e+00	 3.6315e+02	 9.8213e+03	-7.6575e+01	 1.6697e+04	 3.9855e+03	-4.1893e+00
 3.1691e+04	 9.8066e+03	 5.2557e+00	 6.4567e-01	 3.6315e+02	 9.8241e+03	-8.2996e+01	 8.7946e+04	 1.0804e+04	-8.1398e+00
 1.0029e+04	 9.8066e+03	 5.4947e+00	 2.9207e-01	 3.6315e+02	 9.8266e+03	-8.6957e+01	 6.1438e+05	 3.2657e+04	-1.8813e+01
 3.1737e+03	 9.8066e+03	 5.5738e+00	 1.4192e-01	 3.6315e+02	 9.8295e+03	-8.8541e+01	 3.9954e+06	 1.0173e+05	-3.9275e+01
 1.0043e+03	 9.8066e+03	 5.6198e+00	 9.1788e-02	 3.6315e+02	 9.8321e+03	-8.9064e+01	 1.9521e+07	 3.1884e+05	-6.1226e+01
 3.1783e+02	 9.8066e+03	 5.6625e+00	 8.8507e-02	 3.6316e+02	 9.8348e+03	-8.9105e+01	 6.3974e+07	 9.9994e+05	-6.3978e+01
 1.0058e+02	 9.8066e+03	 5.7167e+00	 1.1460e-01	 3.6316e+02	 9.8373e+03	-8.8852e+01	 1.5613e+08	 3.1298e+06	-4.9886e+01
 3.1829e+01	 9.8066e+03	 5.7958e+00	 1.7348e-01	 3.6315e+02	 9.8401e+03	-8.8286e+01	 3.2591e+08	 9.7552e+06	-3.3409e+01
 1.0072e+01	 9.8066e+03	 5.9180e+00	 3.2176e-01	 3.6315e+02	 9.8431e+03	-8.6888e+01	 5.5528e+08	 3.0190e+07	-1.8393e+01
 1.0000e+06	 9.8404e+03	 3.1981e+00	 2.7142e-01	 3.6316e+02	 9.8497e+03	-8.5149e+01	 6.6302e+03	 5.6271e+02	-1.1783e+01
 3.1646e+05	 9.8404e+03	 3.5001e+00	 8.4689e-01	 3.6315e+02	 9.8523e+03	-7.6398e+01	 6.7148e+03	 1.6247e+03	-4.1329e+00
 1.0014e+05	 9.8404e+03	 4.5094e+00	 1.0768e+00	 3.6315e+02	 9.8550e+03	-7.6570e+01	 1.6688e+04	 3.9850e+03	-4.1878e+00
 3.1691e+04	 9.8404e+03	 5.2568e+00	 6.4612e-01	 3.6315e+02	 9.8581e+03	-8.2993e+01	 8.7885e+04	 1.0802e+04	-8.1359e+00
 1.0029e+04	 9.8404e+03	 5.4960e+00	 2.9242e-01	 3.6315e+02	 9.8606e+03	-8.6954e+01	 6.1363e+05	 3.2649e+04	-1.8795e+01
 3.1737e+03	 9.8404e+03	 5.5753e+00	 1.4219e-01	 3.6315e+02	 9.8633e+03	-8.8539e+01	 3.9879e+06	 1.0170e+05	-3.9211e+01
 1.0043e+03	 9.8404e+03	 5.6213e+00	 9.2670e-02	 3.6315e+02	 9.8658e+03	-8.9056e+01	 1.9335e+07	 3.1875e+05	-6.0659e+01
 3.1783e+02	 9.8404e+03	 5.6641e+00	 9.0695e-02	 3.6315e+02	 9.8683e+03	-8.9083e+01	 6.2430e+07	 9.9965e+05	-6.2452e+01
 1.0058e+02	 9.8404e+03	 5.7186e+00	 1.2123e-01	 3.6315e+02	 9.8710e+03	-8.8786e+01	 1.4759e+08	 3.1288e+06	-4.7173e+01
 3.1829e+01	 9.8404e+03	 5.7979e+00	 1.9660e-01	 3.6315e+02	 9.8741e+03	-8.8058e+01	 2.8759e+08	 9.7517e+06	-2.9492e+01
 1.0072e+01	 9.8404e+03	 5.9204e+00	 3.5793e-01	 3.6315e+02	 9.8772e+03	-8.6540e+01	 4.9916e+08	 3.0178e+07	-1.6541e+01
 1.0000e+06	 9.8745e+03	 3.1987e+00	 2.7160e-01	 3.6315e+02	 9.8838e+03	-8.5147e+01	 6.6259e+03	 5.6259e+02	-1.1778e+01
 3.1646e+05	 9.8745e+03	 3.5006e+00	 8.4690e-01	 3.6315e+02	 9.8864e+03	-7.6400e+01	 6.7147e+03	 1.6245e+03	-4.1334e+00
 1.0014e+05	 9.8745e+03	 4.5097e+00	 1.0773e+00	 3.6315e+02	 9.8889e+03	-7.6565e+01	 1.6681e+04	 3.9847e+03	-4.1862e+00
 3.1691e+04	 9.8745e+03	 5.2582e+00	 6.4661e-01	 3.6315e+02	 9.8921e+03	-8.2989e+01	 8.7818e+04	 1.0799e+04	-8.1319e+00
 1.0029e+04	 9.8745e+03	 5.4973e+00	 2.9253e-01	 3.6315e+02	 9.8945e+03	-8.6954e+01	 6.1341e+05	 3.2641e+04	-1.8793e+01
 3.1737e+03	 9.8745e+03	 5.5768e+00	 1.4220e-01	 3.6315e+02	 9.8973e+03	-8.8539e+01	 3.9876e+06	 1.0168e+05	-3.9219e+01
 1.0043e+03	 9.8745e+03	 5.6227e+00	 9.3046e-02	 3.6315e+02	 9.8997e+03	-8.9052e+01	 1.9257e+07	 3.1867e+05	-6.0430e+01
 3.1783e+02	 9.8745e+03	 5.6655e+00	 9.1157e-02	 3.6315e+02	 9.9026e+03	-8.9078e+01	 6.2114e+07	 9.9940e+05	-6.2151e+01
 1.0058e+02	 9.8745e+03	 5.7196e+00	 1.2265e-01	 3.6315e+02	 9.9050e+03	-8.8772e+01	 1.4588e+08	 3.1282e+06	-4.6635e+01
 3.1829e+01	 9.8745e+03	 5.7991e+00	 1.9634e-01	 3.6314e+02	 9.9079e+03	-8.8061e+01	 2.8797e+08	 9.7497e+06	-2.9536e+01
 1.0072e+01	 9.8745e+03	 5.9221e+00	 3.5315e-01	 3.6314e+02	 9.9111e+03	-8.6587e+01	 5.0593e+08	 3.0169e+07	-1.6770e+01
 1.0000e+06	 9.9083e+03	 3.1991e+00	 2.7124e-01	 3.6314e+02	 9.9177e+03	-8.5154e+01	 6.6346e+03	 5.6252e+02	-1.1794e+01
 3.1646e+05	 9.9083e+03	 3.5010e+00	 8.4677e-01	 3.6315e+02	 9.9203e+03	-7.6403e+01	 6.7157e+03	 1.6243e+03	-4.1346e+00
 1.0014e+05	 9.9083e+03	 4.5103e+00	 1.0777e+00	 3.6315e+02	 9.9228e+03	-7.6561e+01	 1.6674e+04	 3.9842e+03	-4.1850e+00
 3.1691e+04	 9.9083e+03	 5.2593e+00	 6.4710e-01	 3.6315e+02	 9.9255e+03	-8.2986e+01	 8.7753e+04	 1.0797e+04	-8.1275e+00
 1.0029e+04	 9.9083e+03	 5.4988e+00	 2.9279e-01	 3.6315e+02	 9.9282e+03	-8.6952e+01	 6.1286e+05	 3.2632e+04	-1.8781e+01
 3.1737e+03	 9.9083e+03	 5.5785e+00	 1.4249e-01	 3.6314e+02	 9.9310e+03	-8.8537e+01	 3.9795e+06	 1.0165e+05	-3.9150e+01
 1.0043e+03	 9.9083e+03	 5.6241e+00	 9.2658e-02	 3.6315e+02	 9.9335e+03	-8.9056e+01	 1.9338e+07	 3.1860e+05	-6.0697e+01
 3.1783e+02	 9.9083e+03	 5.6671e+00	 9.1000e-02	 3.6315e+02	 9.9361e+03	-8.9080e+01	 6.2221e+07	 9.9911e+05	-6.2276e+01
 1.0058e+02	 9.9083e+03	 5.7216e+00	 1.2332e-01	 3.6315e+02	 9.9388e+03	-8.8765e+01	 1.4509e+08	 3.1272e+06	-4.6397e+01
 3.1829e+01	 9.9083e+03	 5.8005e+00	 2.1642e-01	 3.6315e+02	 9.9416e+03	-8.7863e+01	 2.6125e+08	 9.7473e+06	-2.6803e+01
 1.0072e+01	 9.9083e+03	 5.9269e+00	 3.8744e-01	 3.6316e+02	 9.9446e+03	-8.6260e+01	 4.6114e+08	 3.0145e+07	-1.5298e+01
 1.0000e+06	 9.9419e+03	 3.1997e+00	 2.7163e-01	 3.6315e+02	 9.9510e+03	-8.5148e+01	 6.6251e+03	 5.6243e+02	-1.1779e+01
 3.1646e+05	 9.9419e+03	 3.5016e+00	 8.4683e-01	 3.6316e+02	 9.9537e+03	-7.6404e+01	 6.7152e+03	 1.6240e+03	-4.1349e+00
 1.0014e+05	 9.9419e+03	 4.5111e+00	 1.0783e+00	 3.6315e+02	 9.9562e+03	-7.6557e+01	 1.6665e+04	 3.9834e+03	-4.1836e+00
 3.1691e+04	 9.9419e+03	 5.2603e+00	 6.4766e-01	 3.6315e+02	 9.9590e+03	-8.2981e+01	 8.7677e+04	 1.0795e+04	-8.1220e+00
 1.0029e+04	 9.9419e+03	 5.5003e+00	 2.9301e-01	 3.6315e+02	 9.9615e+03	-8.6951e+01	 6.1239e+05	 3.2624e+04	-1.8771e+01
 3.1737e+03	 9.9419e+03	 5.5797e+00	 1.4253e-01	 3.6315e+02	 9.9643e+03	-8.8537e+01	 3.9784e+06	 1.0162e+05	-3.9149e+01
 1.0043e+03	 9.9419e+03	 5.6257e+00	 9.3056e-02	 3.6315e+02	 9.9667e+03	-8.9052e+01	 1.9255e+07	 3.1850e+05	-6.0455e+01
 3.1783e+02	 9.9419e+03	 5.6686e+00	 9.1371e-02	 3.6315e+02	 9.9695e+03	-8.9077e+01	 6.1968e+07	 9.9885e+05	-6.2040e+01
 1.0058e+02	 9.9419e+03	 5.7231e+00	 1.2202e-01	 3.6316e+02	 9.9720e+03	-8.8779e+01	 1.4663e+08	 3.1263e+06	-4.6902e+01
 3.1829e+01	 9.9419e+03	 5.8028e+00	 1.9346e-01	 3.6315e+02	 9.9750e+03	-8.8091e+01	 2.9226e+08	 9.7434e+06	-2.9995e+01
 1.0072e+01	 9.9419e+03	 5.9255e+00	 3.5181e-01	 3.6314e+02	 9.9780e+03	-8.6602e+01	 5.0785e+08	 3.0152e+07	-1.6843e+01
 1.0000e+06	 9.9753e+03	 3.2002e+00	 2.7211e-01	 3.6315e+02	 9.9845e+03	-8.5140e+01	 6.6134e+03	 5.6232e+02	-1.1761e+01
 3.1646e+05	 9.9753e+03	 3.5021e+00	 8.4690e-01	 3.6315e+02	 9.9871e+03	-7.6405e+01	 6.7147e+03	 1.6238e+03	-4.1352e+00
 1.0014e+05	 9.9753e+03	 4.5118e+00	 1.0787e+00	 3.6315e+02	 9.9898e+03	-7.6553e+01	 1.6658e+04	 3.9828e+03	-4.1825e+00
 3.1691e+04	 9.9753e+03	 5.2618e+00	 6.4802e-01	 3.6315e+02	 9.9928e+03	-8.2979e+01	 8.7627e+04	 1.0792e+04	-8.1198e+00
 1.0029e+04	 9.9753e+03	 5.5020e+00	 2.9328e-01	 3.6315e+02	 9.9953e+03	-8.6949e+01	 6.1184e+05	 3.2613e+04	-1.8761e+01
 3.1737e+03	 9.9753e+03	 5.5815e+00	 1.4280e-01	 3.6316e+02	 9.9980e+03	-8.8534e+01	 3.9707e+06	 1.0159e+05	-3.9085e+01
 1.0043e+03	 9.9753e+03	 5.6275e+00	 9.3444e-02	 3.6315e+02	 1.0001e+04	-8.9049e+01	 1.9175e+07	 3.1840e+05	-6.0223e+01
 3.1783e+02	 9.9753e+03	 5.6705e+00	 9.1449e-02	 3.6315e+02	 1.0004e+04	-8.9076e+01	 6.1915e+07	 9.9853e+05	-6.2007e+01
 1.0058e+02	 9.9753e+03	 5.7250e+00	 1.2234e-01	 3.6315e+02	 1.0006e+04	-8.8776e+01	 1.4625e+08	 3.1253e+06	-4.6797e+01
 3.1829e+01	 9.9753e+03	 5.8050e+00	 1.9575e-01	 3.6315e+02	 1.0009e+04	-8.8069e+01	 2.8884e+08	 9.7398e+06	-2.9655e+01
 1.0072e+01	 9.9753e+03	 5.9269e+00	 3.5462e-01	 3.6315e+02	 1.0012e+04	-8.6576e+01	 5.0382e+08	 3.0145e+07	-1.6713e+01
 1.0000e+06	 1.0009e+04	 3.2008e+00	 2.7191e-01	 3.6315e+02	 1.0018e+04	-8.5144e+01	 6.6182e+03	 5.6223e+02	-1.1771e+01
 3.1646e+05	 1.0009e+04	 3.5027e+00	 8.4692e-01	 3.6315e+02	 1.0021e+04	-7.6407e+01	 6.7145e+03	 1.6235e+03	-4.1358e+00
 1.0014e+05	 1.0009e+04	 4.5124e+00	 1.0792e+00	 3.6315e+02	 1.0024e+04	-7.6549e+01	 1.6651e+04	 3.9823e+03	-4.1812e+00
 3.1691e+04	 1.0009e+04	 5.2629e+00	 6.4846e-01	 3.6315e+02	 1.0027e+04	-8.2976e+01	 8.7568e+04	 1.0789e+04	-8.1160e+00
 1.0029e+04	 1.0009e+04	 5.5031e+00	 2.9357e-01	 3.6315e+02	 1.0029e+04	-8.6946e+01	 6.1123e+05	 3.2607e+04	-1.8746e+01
 3.1737e+03	 1.0009e+04	 5.5826e+00	 1.4278e-01	 3.6315e+02	 1.0032e+04	-8.8535e+01	 3.9714e+06	 1.0157e+05	-3.9100e+01
 1.0043e+03	 1.0009e+04	 5.6291e+00	 9.2991e-02	 3.6314e+02	 1.0034e+04	-8.9054e+01	 1.9269e+07	 3.1831e+05	-6.0534e+01
 3.1783e+02	 1.0009e+04	 5.6723e+00	 9.1201e-02	 3.6315e+02	 1.0037e+04	-8.9079e+01	 6.2084e+07	 9.9821e+05	-6.2195e+01
 1.0058e+02	 1.0009e+04	 5.7270e+00	 1.2176e-01	 3.6315e+02	 1.0039e+04	-8.8782e+01	 1.4695e+08	 3.1242e+06	-4.7036e+01
 3.1829e+01	 1.0009e+04	 5.8069e+00	 1.9502e-01	 3.6315e+02	 1.0043e+04	-8.8076e+01	 2.8991e+08	 9.7367e+06	-2.9775e+01
 1.0072e+01	 1.0009e+04	 5.9304e+00	 3.5863e-01	 3.6315e+02	 1.0046e+04	-8.6539e+01	 4.9819e+08	 3.0127e+07	-1.6536e+01
 1.0000e+06	 1.0043e+04	 3.2014e+00	 2.7113e-01	 3.6314e+02	 1.0052e+04	-8.5159e+01	 6.6372e+03	 5.6212e+02	-1.1808e+01
 3.1646e+05	 1.0043e+04	 3.5032e+00	 8.4691e-01	 3.6314e+02	 1.0055e+04	-7.6409e+01	 6.7146e+03	 1.6233e+03	-4.1365e+00
 1.0014e+05	 1.0043e+04	 4.5131e+00	 1.0798e+00	 3.6315e+02	 1.0058e+04	-7.6544e+01	 1.6641e+04	 3.9817e+03	-4.1795e+00
 3.1691e+04	 1.0043e+04	 5.2643e+00	 6.4900e-01	 3.6315e+02	 1.0061e+04	-8.2972e+01	 8.7495e+04	 1.0787e+04	-8.1114e+00
 1.0029e+04	 1.0043e+04	 5.5047e+00	 2.9369e-01	 3.6315e+02	 1.0063e+04	-8.6946e+01	 6.1099e+05	 3.2597e+04	-1.8744e+01
 3.1737e+03	 1.0043e+04	 5.5846e+00	 1.4305e-01	 3.6315e+02	 1.0066e+04	-8.8533e+01	 3.9639e+06	 1.0153e+05	-3.9041e+01
 1.0043e+03	 1.0043e+04	 5.6309e+00	 9.3604e-02	 3.6315e+02	 1.0069e+04	-8.9048e+01	 1.9142e+07	 3.1821e+05	-6.0157e+01
 3.1783e+02	 1.0043e+04	 5.6741e+00	 9.1992e-02	 3.6315e+02	 1.0071e+04	-8.9071e+01	 6.1550e+07	 9.9788e+05	-6.1681e+01
 1.0058e+02	 1.0043e+04	 5.7291e+00	 1.2454e-01	 3.6314e+02	 1.0074e+04	-8.8755e+01	 1.4366e+08	 3.1230e+06	-4.6001e+01
 3.1829e+01	 1.0043e+04	 5.8096e+00	 1.9975e-01	 3.6315e+02	 1.0077e+04	-8.8031e+01	 2.8306e+08	 9.7322e+06	-2.9085e+01
 1.0072e+01	 1.0043e+04	 5.9321e+00	 3.5937e-01	 3.6315e+02	 1.0080e+04	-8.6533e+01	 4.9716e+08	 3.0118e+07	-1.6507e+01
 1.0000e+06	 1.0077e+04	 3.2021e+00	 2.7155e-01	 3.6315e+02	 1.0086e+04	-8.5153e+01	 6.6269e+03	 5.6199e+02	-1.1792e+01
 3.1646e+05	 1.0077e+04	 3.5038e+00	 8.4701e-01	 3.6315e+02	 1.0089e+04	-7.6410e+01	 6.7138e+03	 1.6230e+03	-4.1367e+00
 1.0014e+05	 1.0077e+04	 4.5139e+00	 1.0802e+00	 3.6315e+02	 1.0092e+04	-7.6542e+01	 1.6636e+04	 3.9810e+03	-4.1788e+00
 3.1691e+04	 1.0077e+04	 5.2656e+00	 6.4931e-01	 3.6315e+02	 1.0095e+04	-8.2970e+01	 8.7454e+04	 1.0784e+04	-8.1096e+00
 1.0029e+04	 1.0077e+04	 5.5062e+00	 2.9396e-01	 3.6315e+02	 1.0097e+04	-8.6944e+01	 6.1041e+05	 3.2589e+04	-1.8731e+01
 3.1737e+03	 1.0077e+04	 5.5860e+00	 1.4317e-01	 3.6316e+02	 1.0100e+04	-8.8532e+01	 3.9604e+06	 1.0151e+05	-3.9015e+01
 1.0043e+03	 1.0077e+04	 5.6323e+00	 9.3909e-02	 3.6316e+02	 1.0103e+04	-8.9045e+01	 1.9080e+07	 3.1813e+05	-5.9976e+01
 3.1783e+02	 1.0077e+04	 5.6757e+00	 9.1866e-02	 3.6316e+02	 1.0106e+04	-8.9073e+01	 6.1634e+07	 9.9760e+05	-6.1783e+01
 1.0058e+02	 1.0077e+04	 5.7307e+00	 1.2372e-01	 3.6316e+02	 1.0108e+04	-8.8763e+01	 1.4462e+08	 3.1222e+06	-4.6322e+01
 3.1829e+01	 1.0077e+04	 5.8111e+00	 1.9787e-01	 3.6315e+02	 1.0111e+04	-8.8050e+01	 2.8574e+08	 9.7297e+06	-2.9368e+01
 1.0072e+01	 1.0077e+04	 5.9346e+00	 3.5870e-01	 3.6316e+02	 1.0114e+04	-8.6541e+01	 4.9809e+08	 3.0106e+07	-1.6545e+01
 1.0000e+06	 1.0111e+04	 3.2027e+00	 2.7130e-01	 3.6315e+02	 1.0120e+04	-8.5158e+01	 6.6331e+03	 5.6189e+02	-1.1805e+01
 3.1646e+05	 1.0111e+04	 3.5043e+00	 8.4715e-01	 3.6316e+02	 1.0123e+04	-7.6410e+01	 6.7127e+03	 1.6227e+03	-4.1366e+00
 1.0014e+05	 1.0111e+04	 4.5145e+00	 1.0807e+00	 3.6315e+02	 1.0126e+04	-7.6538e+01	 1.6628e+04	 3.9804e+03	-4.1775e+00
 3.1691e+04	 1.0111e+04	 5.2669e+00	 6.4982e-01	 3.6316e+02	 1.0129e+04	-8.2966e+01	 8.7385e+04	 1.0781e+04	-8.1052e+00
 1.0029e+04	 1.0111e+04	 5.5076e+00	 2.9420e-01	 3.6315e+02	 1.0131e+04	-8.6942e+01	 6.0992e+05	 3.2580e+04	-1.8720e+01
 3.1737e+03	 1.0111e+04	 5.5872e+00	 1.4339e-01	 3.6315e+02	 1.0134e+04	-8.8530e+01	 3.9544e+06	 1.0149e+05	-3.8965e+01
 1.0043e+03	 1.0111e+04	 5.6336e+00	 9.3749e-02	 3.6315e+02	 1.0137e+04	-8.9047e+01	 1.9113e+07	 3.1805e+05	-6.0093e+01
 3.1783e+02	 1.0111e+04	 5.6771e+00	 9.2139e-02	 3.6315e+02	 1.0140e+04	-8.9070e+01	 6.1452e+07	 9.9735e+05	-6.1615e+01
 1.0058e+02	 1.0111e+04	 5.7325e+00	 1.2423e-01	 3.6316e+02	 1.0142e+04	-8.8759e+01	 1.4402e+08	 3.1212e+06	-4.6143e+01
 3.1829e+01	 1.0111e+04	 5.8133e+00	 1.9941e-01	 3.6315e+02	 1.0145e+04	-8.8035e+01	 2.8354e+08	 9.7260e+06	-2.9153e+01
 1.0072e+01	 1.0111e+04	 5.9373e+00	 3.5415e-01	 3.6315e+02	 1.0148e+04	-8.6586e+01	 5.0449e+08	 3.0092e+07	-1.6765e+01
 1.0000e+06	 1.0146e+04	 3.2033e+00	 2.7156e-01	 3.6316e+02	 1.0155e+04	-8.5154e+01	 6.6268e+03	 5.6178e+02	-1.1796e+01
 3.1646e+05	 1.0146e+04	 3.5049e+00	 8.4719e-01	 3.6315e+02	 1.0158e+04	-7.6411e+01	 6.7123e+03	 1.6225e+03	-4.1371e+00
 1.0014e+05	 1.0146e+04	 4.5150e+00	 1.0811e+00	 3.6315e+02	 1.0160e+04	-7.6534e+01	 1.6621e+04	 3.9800e+03	-4.1762e+00
 3.1691e+04	 1.0146e+04	 5.2683e+00	 6.5022e-01	 3.6315e+02	 1.0163e+04	-8.2964e+01	 8.7332e+04	 1.0779e+04	-8.1024e+00
 1.0029e+04	 1.0146e+04	 5.5094e+00	 2.9431e-01	 3.6316e+02	 1.0165e+04	-8.6942e+01	 6.0969e+05	 3.2570e+04	-1.8720e+01
 3.1737e+03	 1.0146e+04	 5.5890e+00	 1.4338e-01	 3.6315e+02	 1.0168e+04	-8.8530e+01	 3.9547e+06	 1.0145e+05	-3.8980e+01
 1.0043e+03	 1.0146e+04	 5.6354e+00	 9.3843e-02	 3.6316e+02	 1.0171e+04	-8.9046e+01	 1.9094e+07	 3.1795e+05	-6.0052e+01
 3.1783e+02	 1.0146e+04	 5.6789e+00	 9.1829e-02	 3.6316e+02	 1.0173e+04	-8.9074e+01	 6.1659e+07	 9.9704e+05	-6.1842e+01
 1.0058e+02	 1.0146e+04	 5.7341e+00	 1.2307e-01	 3.6315e+02	 1.0176e+04	-8.8770e+01	 1.4539e+08	 3.1203e+06	-4.6593e+01
 3.1829e+01	 1.0146e+04	 5.8149e+00	 1.9505e-01	 3.6315e+02	 1.0179e+04	-8.8079e+01	 2.8987e+08	 9.7233e+06	-2.9812e+01
 1.0072e+01	 1.0146e+04	 5.9389e+00	 3.4864e-01	 3.6315e+02	 1.0182e+04	-8.6640e+01	 5.1247e+08	 3.0084e+07	-1.7035e+01
 1.0000e+06	 1.0179e+04	 3.2039e+00	 2.7159e-01	 3.6315e+02	 1.0188e+04	-8.5155e+01	 6.6260e+03	 5.6168e+02	-1.1797e+01
 3.1646e+05	 1.0179e+04	 3.5055e+00	 8.4715e-01	 3.6315e+02	 1.0191e+04	-7.6414e+01	 6.7127e+03	 1.6222e+03	-4.1380e+00
 1.0014e+05	 1.0179e+04	 4.5157e+00	 1.0816e+00	 3.6315e+02	 1.0194e+04	-7.6531e+01	 1.6615e+04	 3.9794e+03	-4.1752e+00
 3.1691e+04	 1.0179e+04	 5.2694e+00	 6.5080e-01	 3.6315e+02	 1.0197e+04	-8.2959e+01	 8.7254e+04	 1.0776e+04	-8.0969e+00
 1.0029e+04	 1.0179e+04	 5.5106e+00	 2.9460e-01	 3.6315e+02	 1.0199e+04	-8.6940e+01	 6.0910e+05	 3.2563e+04	-1.8705e+01
 3.1737e+03	 1.0179e+04	 5.5907e+00	 1.4337e-01	 3.6315e+02	 1.0202e+04	-8.8531e+01	 3.9549e+06	 1.0142e+05	-3.8995e+01
 1.0043e+03	 1.0179e+04	 5.6370e+00	 9.3785e-02	 3.6315e+02	 1.0205e+04	-8.9047e+01	 1.9105e+07	 3.1786e+05	-6.0106e+01
 3.1783e+02	 1.0179e+04	 5.6806e+00	 9.2464e-02	 3.6315e+02	 1.0207e+04	-8.9067e+01	 6.1236e+07	 9.9675e+05	-6.1435e+01
 1.0058e+02	 1.0179e+04	 5.7365e+00	 1.2434e-01	 3.6315e+02	 1.0210e+04	-8.8758e+01	 1.4390e+08	 3.1190e+06	-4.6137e+01
 3.1829e+01	 1.0179e+04	 5.8176e+00	 1.9776e-01	 3.6315e+02	 1.0213e+04	-8.8053e+01	 2.8590e+08	 9.7187e+06	-2.9417e+01
 1.0072e+01	 1.0179e+04	 5.9412e+00	 3.4796e-01	 3.6314e+02	 1.0216e+04	-8.6648e+01	 5.1346e+08	 3.0072e+07	-1.7074e+01
 1.0000e+06	 1.0213e+04	 3.2047e+00	 2.7190e-01	 3.6315e+02	 1.0222e+04	-8.5150e+01	 6.6186e+03	 5.6154e+02	-1.1787e+01
 3.1646e+05	 1.0213e+04	 3.5061e+00	 8.4715e-01	 3.6315e+02	 1.0225e+04	-7.6416e+01	 6.7126e+03	 1.6219e+03	-4.1387e+00
 1.0014e+05	 1.0213e+04	 4.5164e+00	 1.0820e+00	 3.6315e+02	 1.0228e+04	-7.6527e+01	 1.6608e+04	 3.9788e+03	-4.1741e+00
 3.1691e+04	 1.0213e+04	 5.2706e+00	 6.5128e-01	 3.6315e+02	 1.0231e+04	-8.2956e+01	 8.7189e+04	 1.0774e+04	-8.0927e+00
 1.0029e+04	 1.0213e+04	 5.5121e+00	 2.9479e-01	 3.6315e+02	 1.0233e+04	-8.6939e+01	 6.0871e+05	 3.2554e+04	-1.8698e+01
 3.1737e+03	 1.0213e+04	 5.5924e+00	 1.4341e-01	 3.6315e+02	 1.0236e+04	-8.8531e+01	 3.9538e+06	 1.0139e+05	-3.8995e+01
 1.0043e+03	 1.0213e+04	 5.6385e+00	 9.3776e-02	 3.6315e+02	 1.0239e+04	-8.9047e+01	 1.9107e+07	 3.1778e+05	-6.0127e+01
 3.1783e+02	 1.0213e+04	 5.6824e+00	 9.2356e-02	 3.6314e+02	 1.0241e+04	-8.9069e+01	 6.1307e+07	 9.9644e+05	-6.1527e+01
 1.0058e+02	 1.0213e+04	 5.7381e+00	 1.2372e-01	 3.6315e+02	 1.0244e+04	-8.8765e+01	 1.4462e+08	 3.1182e+06	-4.6380e+01
 3.1829e+01	 1.0213e+04	 5.8190e+00	 1.9705e-01	 3.6315e+02	 1.0247e+04	-8.8060e+01	 2.8692e+08	 9.7163e+06	-2.9530e+01
 1.0072e+01	 1.0213e+04	 5.9428e+00	 3.5110e-01	 3.6315e+02	 1.0250e+04	-8.6619e+01	 5.0888e+08	 3.0064e+07	-1.6926e+01
 1.0000e+06	 1.0247e+04	 3.2053e+00	 2.7212e-01	 3.6315e+02	 1.0257e+04	-8.5147e+01	 6.6131e+03	 5.6143e+02	-1.1779e+01
 3.1646e+05	 1.0247e+04	 3.5067e+00	 8.4722e-01	 3.6315e+02	 1.0259e+04	-7.6417e+01	 6.7121e+03	 1.6217e+03	-4.1390e+00
 1.0014e+05	 1.0247e+04	 4.5173e+00	 1.0826e+00	 3.6315e+02	 1.0262e+04	-7.6523e+01	 1.6599e+04	 3.9780e+03	-4.1727e+00
 3.1691e+04	 1.0247e+04	 5.2719e+00	 6.5176e-01	 3.6315e+02	 1.0265e+04	-8.2952e+01	 8.7125e+04	 1.0771e+04	-8.0888e+00
 1.0029e+04	 1.0247e+04	 5.5139e+00	 2.9494e-01	 3.6315e+02	 1.0267e+04	-8.6938e+01	 6.0839e+05	 3.2543e+04	-1.8695e+01
 3.1737e+03	 1.0247e+04	 5.5939e+00	 1.4374e-01	 3.6315e+02	 1.0270e+04	-8.8528e+01	 3.9448e+06	 1.0136e+05	-3.8917e+01
 1.0043e+03	 1.0247e+04	 5.6402e+00	 9.3860e-02	 3.6315e+02	 1.0272e+04	-8.9047e+01	 1.9090e+07	 3.1769e+05	-6.0091e+01
 3.1783e+02	 1.0247e+04	 5.6841e+00	 9.2476e-02	 3.6315e+02	 1.0275e+04	-8.9068e+01	 6.1228e+07	 9.9614e+05	-6.1466e+01
 1.0058e+02	 1.0247e+04	 5.7395e+00	 1.2403e-01	 3.6315e+02	 1.0278e+04	-8.8762e+01	 1.4426e+08	 3.1174e+06	-4.6275e+01
 3.1829e+01	 1.0247e+04	 5.8213e+00	 1.9566e-01	 3.6314e+02	 1.0281e+04	-8.8075e+01	 2.8897e+08	 9.7126e+06	-2.9752e+01
 1.0072e+01	 1.0247e+04	 5.9448e+00	 3.4452e-01	 3.6314e+02	 1.0284e+04	-8.6683e+01	 5.1859e+08	 3.0054e+07	-1.7255e+01
 1.0000e+06	 1.0281e+04	 3.2058e+00	 2.7255e-01	 3.6314e+02	 1.0290e+04	-8.5141e+01	 6.6027e+03	 5.6134e+02	-1.1762e+01
 3.1646e+05	 1.0281e+04	 3.5072e+00	 8.4731e-01	 3.6314e+02	 1.0293e+04	-7.6418e+01	 6.7114e+03	 1.6214e+03	-4.1392e+00
 1.0014e+05	 1.0281e+04	 4.5178e+00	 1.0830e+00	 3.6315e+02	 1.0296e+04	-7.6519e+01	 1.6593e+04	 3.9776e+03	-4.1715e+00
 3.1691e+04	 1.0281e+04	 5.2732e+00	 6.5221e-01	 3.6314e+02	 1.0299e+04	-8.2949e+01	 8.7064e+04	 1.0768e+04	-8.0851e+00
 1.0029e+04	 1.0281e+04	 5.5151e+00	 2.9533e-01	 3.6315e+02	 1.0301e+04	-8.6935e+01	 6.0758e+05	 3.2536e+04	-1.8674e+01
 3.1737e+03	 1.0281e+04	 5.5952e+00	 1.4396e-01	 3.6314e+02	 1.0304e+04	-8.8526e+01	 3.9388e+06	 1.0134e+05	-3.8866e+01
 1.0043e+03	 1.0281e+04	 5.6416e+00	 9.4407e-02	 3.6315e+02	 1.0307e+04	-8.9041e+01	 1.8980e+07	 3.1761e+05	-5.9758e+01
 3.1783e+02	 1.0281e+04	 5.6856e+00	 9.3208e-02	 3.6315e+02	 1.0309e+04	-8.9061e+01	 6.0747e+07	 9.9587e+05	-6.0999e+01
 1.0058e+02	 1.0281e+04	 5.7416e+00	 1.2643e-01	 3.6314e+02	 1.0312e+04	-8.8739e+01	 1.4151e+08	 3.1163e+06	-4.5411e+01
 3.1829e+01	 1.0281e+04	 5.8227e+00	 2.0348e-01	 3.6315e+02	 1.0315e+04	-8.7999e+01	 2.7786e+08	 9.7102e+06	-2.8615e+01
 1.0072e+01	 1.0281e+04	 5.9464e+00	 3.7132e-01	 3.6314e+02	 1.0318e+04	-8.6427e+01	 4.8116e+08	 3.0046e+07	-1.6014e+01
 1.0000e+06	 1.0315e+04	 3.2064e+00	 2.7305e-01	 3.6314e+02	 1.0324e+04	-8.5133e+01	 6.5907e+03	 5.6125e+02	-1.1743e+01
 3.1646e+05	 1.0315e+04	 3.5078e+00	 8.4735e-01	 3.6314e+02	 1.0327e+04	-7.6420e+01	 6.7111e+03	 1.6211e+03	-4.1397e+00
 1.0014e+05	 1.0315e+04	 4.5184e+00	 1.0835e+00	 3.6314e+02	 1.0330e+04	-7.6515e+01	 1.6585e+04	 3.9770e+03	-4.1702e+00
 3.1691e+04	 1.0315e+04	 5.2746e+00	 6.5266e-01	 3.6314e+02	 1.0332e+04	-8.2946e+01	 8.7005e+04	 1.0766e+04	-8.0817e+00
 1.0029e+04	 1.0315e+04	 5.5168e+00	 2.9538e-01	 3.6315e+02	 1.0335e+04	-8.6935e+01	 6.0748e+05	 3.2526e+04	-1.8677e+01
 3.1737e+03	 1.0315e+04	 5.5966e+00	 1.4428e-01	 3.6315e+02	 1.0338e+04	-8.8523e+01	 3.9300e+06	 1.0132e+05	-3.8789e+01
 1.0043e+03	 1.0315e+04	 5.6435e+00	 9.4317e-02	 3.6315e+02	 1.0340e+04	-8.9043e+01	 1.8998e+07	 3.1750e+05	-5.9835e+01
 3.1783e+02	 1.0315e+04	 5.6872e+00	 9.2946e-02	 3.6314e+02	 1.0343e+04	-8.9064e+01	 6.0918e+07	 9.9558e+05	-6.1189e+01
 1.0058e+02	 1.0315e+04	 5.7433e+00	 1.2542e-01	 3.6315e+02	 1.0346e+04	-8.8749e+01	 1.4266e+08	 3.1153e+06	-4.5792e+01
 3.1829e+01	 1.0315e+04	 5.8247e+00	 1.9919e-01	 3.6315e+02	 1.0348e+04	-8.8041e+01	 2.8385e+08	 9.7069e+06	-2.9242e+01
 1.0072e+01	 1.0315e+04	 5.9488e+00	 3.5648e-01	 3.6315e+02	 1.0351e+04	-8.6571e+01	 5.0119e+08	 3.0034e+07	-1.6688e+01
 1.0000e+06	 1.0349e+04	 3.2070e+00	 2.7318e-01	 3.6315e+02	 1.0358e+04	-8.5131e+01	 6.5875e+03	 5.6114e+02	-1.1740e+01
 3.1646e+05	 1.0349e+04	 3.5084e+00	 8.4746e-01	 3.6315e+02	 1.0361e+04	-7.6420e+01	 6.7102e+03	 1.6209e+03	-4.1399e+00
 1.0014e+05	 1.0349e+04	 4.5193e+00	 1.0839e+00	 3.6315e+02	 1.0363e+04	-7.6513e+01	 1.6579e+04	 3.9762e+03	-4.1694e+00
 3.1691e+04	 1.0349e+04	 5.2759e+00	 6.5292e-01	 3.6315e+02	 1.0366e+04	-8.2945e+01	 8.6971e+04	 1.0763e+04	-8.0805e+00
 1.0029e+04	 1.0349e+04	 5.5179e+00	 2.9563e-01	 3.6314e+02	 1.0368e+04	-8.6933e+01	 6.0696e+05	 3.2519e+04	-1.8665e+01
 3.1737e+03	 1.0349e+04	 5.5984e+00	 1.4407e-01	 3.6315e+02	 1.0371e+04	-8.8526e+01	 3.9357e+06	 1.0128e+05	-3.8858e+01
 1.0043e+03	 1.0349e+04	 5.6450e+00	 9.4650e-02	 3.6314e+02	 1.0374e+04	-8.9039e+01	 1.8931e+07	 3.1741e+05	-5.9641e+01
 3.1783e+02	 1.0349e+04	 5.6888e+00	 9.3170e-02	 3.6315e+02	 1.0376e+04	-8.9062e+01	 6.0772e+07	 9.9531e+05	-6.1058e+01
 1.0058e+02	 1.0349e+04	 5.7448e+00	 1.2579e-01	 3.6315e+02	 1.0379e+04	-8.8746e+01	 1.4223e+08	 3.1145e+06	-4.5668e+01
 3.1829e+01	 1.0349e+04	 5.8268e+00	 2.0314e-01	 3.6315e+02	 1.0382e+04	-8.8003e+01	 2.7833e+08	 9.7034e+06	-2.8684e+01
 1.0072e+01	 1.0349e+04	 5.9520e+00	 3.5976e-01	 3.6315e+02	 1.0385e+04	-8.6541e+01	 4.9662e+08	 3.0018e+07	-1.6544e+01
 1.0000e+06	 1.0382e+04	 3.2078e+00	 2.7304e-01	 3.6314e+02	 1.0392e+04	-8.5135e+01	 6.5909e+03	 5.6100e+02	-1.1748e+01
 3.1646e+05	 1.0382e+04	 3.5091e+00	 8.4751e-01	 3.6315e+02	 1.0394e+04	-7.6422e+01	 6.7098e+03	 1.6205e+03	-4.1405e+00
 1.0014e+05	 1.0382e+04	 4.5200e+00	 1.0842e+00	 3.6315e+02	 1.0397e+04	-7.6511e+01	 1.6574e+04	 3.9756e+03	-4.1689e+00
 3.1691e+04	 1.0382e+04	 5.2771e+00	 6.5334e-01	 3.6315e+02	 1.0400e+04	-8.2942e+01	 8.6914e+04	 1.0761e+04	-8.0770e+00
 1.0029e+04	 1.0382e+04	 5.5194e+00	 2.9584e-01	 3.6315e+02	 1.0402e+04	-8.6932e+01	 6.0655e+05	 3.2511e+04	-1.8657e+01
 3.1737e+03	 1.0382e+04	 5.6001e+00	 1.4420e-01	 3.6315e+02	 1.0405e+04	-8.8525e+01	 3.9322e+06	 1.0125e+05	-3.8835e+01
 1.0043e+03	 1.0382e+04	 5.6467e+00	 9.4412e-02	 3.6315e+02	 1.0408e+04	-8.9042e+01	 1.8979e+07	 3.1732e+05	-5.9808e+01
 3.1783e+02	 1.0382e+04	 5.6905e+00	 9.3253e-02	 3.6315e+02	 1.0411e+04	-8.9061e+01	 6.0718e+07	 9.9501e+05	-6.1022e+01
 1.0058e+02	 1.0382e+04	 5.7465e+00	 1.2579e-01	 3.6315e+02	 1.0413e+04	-8.8746e+01	 1.4224e+08	 3.1136e+06	-4.5684e+01
 3.1829e+01	 1.0382e+04	 5.8288e+00	 1.9949e-01	 3.6315e+02	 1.0416e+04	-8.8040e+01	 2.8342e+08	 9.7000e+06	-2.9219e+01
 1.0072e+01	 1.0382e+04	 5.9547e+00	 3.5669e-01	 3.6316e+02	 1.0419e+04	-8.6572e+01	 5.0090e+08	 3.0004e+07	-1.6694e+01
 1.0000e+06	 1.0416e+04	 3.2084e+00	 2.7315e-01	 3.6315e+02	 1.0425e+04	-8.5134e+01	 6.5883e+03	 5.6089e+02	-1.1746e+01
 3.1646e+05	 1.0416e+04	 3.5098e+00	 8.4776e-01	 3.6315e+02	 1.0428e+04	-7.6421e+01	 6.7078e+03	 1.6202e+03	-4.1401e+00
 1.0014e+05	 1.0416e+04	 4.5207e+00	 1.0847e+00	 3.6315e+02	 1.0431e+04	-7.6507e+01	 1.6566e+04	 3.9750e+03	-4.1676e+00
 3.1691e+04	 1.0416e+04	 5.2784e+00	 6.5364e-01	 3.6315e+02	 1.0434e+04	-8.2941e+01	 8.6874e+04	 1.0758e+04	-8.0753e+00
 1.0029e+04	 1.0416e+04	 5.5208e+00	 2.9595e-01	 3.6315e+02	 1.0436e+04	-8.6932e+01	 6.0632e+05	 3.2502e+04	-1.8655e+01
 3.1737e+03	 1.0416e+04	 5.6015e+00	 1.4432e-01	 3.6315e+02	 1.0439e+04	-8.8524e+01	 3.9289e+06	 1.0123e+05	-3.8812e+01