PEI 25 kg/mol, 2 mg/ml from Ethanol on B 10 x 15 mm + H 1x1 mm, 70 nm, 30 µm, 70°C Start, 28.4.2026, 9:21
Diameter[mm] 1.128e+00  Thickness[mm] 1.000e-04  Spacer Capacity[pF] 0.000e+00  Spacer Area[mm^2] 0.000e+00
Fixed value(s) :  AC Volt  [Vrms]=1.000
 Freq. [Hz]	 Time  [s]	 Eps'   	 Eps''  	M Temp [K]	M Time M[s]	  Phi [Deg]	 Zp' [Ohms]	 Zp'' [Ohms]	Tan(Phi) 
 1.0000e+02	 0.0000e+00	 5.2914e+00	 4.8553e-01	 2.9197e+02	 7.6600e+00	-8.4757e+01	 3.7064e+07	 3.4010e+06	-1.0898e+01
 1.5000e+02	 0.0000e+00	 5.1537e+00	 5.3640e-01	 2.9197e+02	 1.2850e+01	-8.4058e+01	 2.2366e+07	 2.3279e+06	-9.6080e+00
 2.2500e+02	 0.0000e+00	 5.0004e+00	 5.8372e-01	 2.9198e+02	 1.5440e+01	-8.3342e+01	 1.3702e+07	 1.5995e+06	-8.5664e+00
 3.3750e+02	 0.0000e+00	 4.8310e+00	 6.1928e-01	 2.9198e+02	 1.8110e+01	-8.2695e+01	 8.6101e+06	 1.1037e+06	-7.8010e+00
 5.0625e+02	 0.0000e+00	 4.6500e+00	 6.4059e-01	 2.9198e+02	 2.0670e+01	-8.2156e+01	 5.5491e+06	 7.6445e+05	-7.2590e+00
 7.5938e+02	 0.0000e+00	 4.4604e+00	 6.4232e-01	 2.9198e+02	 2.3250e+01	-8.1805e+01	 3.6894e+06	 5.3130e+05	-6.9442e+00
 1.1391e+03	 0.0000e+00	 4.2770e+00	 6.2589e-01	 2.9198e+02	 2.5970e+01	-8.1674e+01	 2.5242e+06	 3.6939e+05	-6.8334e+00
 1.7086e+03	 0.0000e+00	 4.1049e+00	 5.9342e-01	 2.9199e+02	 2.8450e+01	-8.1774e+01	 1.7749e+06	 2.5658e+05	-6.9174e+00
 2.5629e+03	 0.0000e+00	 3.9486e+00	 5.5240e-01	 2.9198e+02	 3.1110e+01	-8.2036e+01	 1.2711e+06	 1.7783e+05	-7.1481e+00
 3.8443e+03	 0.0000e+00	 3.8068e+00	 5.0673e-01	 2.9199e+02	 3.3700e+01	-8.2418e+01	 9.2378e+05	 1.2297e+05	-7.5125e+00
 5.7665e+03	 0.0000e+00	 3.6792e+00	 4.5779e-01	 2.9199e+02	 3.6130e+01	-8.2907e+01	 6.8170e+05	 8.4821e+04	-8.0370e+00
 8.6498e+03	 0.0000e+00	 3.5685e+00	 4.0615e-01	 2.9199e+02	 3.8630e+01	-8.3507e+01	 5.1225e+05	 5.8302e+04	-8.7862e+00
 1.2975e+04	 0.0000e+00	 3.4753e+00	 3.5674e-01	 2.9200e+02	 4.1190e+01	-8.4139e+01	 3.8880e+05	 3.9910e+04	-9.7417e+00
 1.9462e+04	 0.0000e+00	 3.3972e+00	 3.1363e-01	 2.9199e+02	 4.3640e+01	-8.4725e+01	 2.9483e+05	 2.7218e+04	-1.0832e+01
 2.9193e+04	 0.0000e+00	 3.3298e+00	 2.7857e-01	 2.9200e+02	 4.6380e+01	-8.5218e+01	 2.2129e+05	 1.8513e+04	-1.1953e+01
 4.3789e+04	 0.0000e+00	 3.2698e+00	 2.5080e-01	 2.9200e+02	 4.9110e+01	-8.5614e+01	 1.6386e+05	 1.2568e+04	-1.3038e+01
 6.5684e+04	 0.0000e+00	 3.2149e+00	 2.2918e-01	 2.9201e+02	 5.1560e+01	-8.5922e+01	 1.1955e+05	 8.5220e+03	-1.4028e+01
 9.8526e+04	 0.0000e+00	 3.1645e+00	 2.1113e-01	 2.9201e+02	 5.4000e+01	-8.6183e+01	 8.6511e+04	 5.7719e+03	-1.4988e+01
 1.4779e+05	 0.0000e+00	 3.1159e+00	 1.9764e-01	 2.9201e+02	 5.6690e+01	-8.6371e+01	 6.1611e+04	 3.9079e+03	-1.5766e+01
 2.2168e+05	 0.0000e+00	 3.0694e+00	 1.8661e-01	 2.9201e+02	 5.9130e+01	-8.6521e+01	 4.3501e+04	 2.6447e+03	-1.6448e+01
 3.3253e+05	 0.0000e+00	 3.0252e+00	 1.7750e-01	 2.9201e+02	 6.1920e+01	-8.6642e+01	 3.0488e+04	 1.7889e+03	-1.7043e+01
 4.9879e+05	 0.0000e+00	 2.9828e+00	 1.6978e-01	 2.9201e+02	 6.4630e+01	-8.6742e+01	 2.1250e+04	 1.2096e+03	-1.7569e+01
 7.4818e+05	 0.0000e+00	 2.9959e+00	 7.6986e-02	 2.9202e+02	 7.2470e+01	-8.8528e+01	 3.1243e+04	 8.0285e+02	-3.8915e+01
 9.0000e+05	 0.0000e+00	 2.9832e+00	 6.7611e-02	 2.9202e+02	 8.0190e+01	-8.8702e+01	 2.9574e+04	 6.7025e+02	-4.4123e+01
 1.0000e+02	 7.7500e+01	 5.3114e+00	 4.8095e-01	 2.9203e+02	 8.6780e+01	-8.4826e+01	 3.7417e+07	 3.3881e+06	-1.1044e+01
 1.5000e+02	 7.7500e+01	 5.1774e+00	 5.3480e-01	 2.9203e+02	 9.1530e+01	-8.4103e+01	 2.2433e+07	 2.3172e+06	-9.6810e+00
 2.2500e+02	 7.7500e+01	 5.0224e+00	 5.8281e-01	 2.9203e+02	 9.4020e+01	-8.3381e+01	 1.3723e+07	 1.5925e+06	-8.6175e+00
 3.3750e+02	 7.7500e+01	 4.8529e+00	 6.2065e-01	 2.9204e+02	 9.6660e+01	-8.2712e+01	 8.5910e+06	 1.0987e+06	-7.8191e+00
 5.0625e+02	 7.7500e+01	 4.6713e+00	 6.4439e-01	 2.9204e+02	 9.9140e+01	-8.2146e+01	 5.5164e+06	 7.6097e+05	-7.2491e+00
 7.5938e+02	 7.7500e+01	 4.4798e+00	 6.4876e-01	 2.9204e+02	 1.0156e+02	-8.1760e+01	 3.6528e+06	 5.2900e+05	-6.9052e+00
 1.1391e+03	 7.7500e+01	 4.2931e+00	 6.3460e-01	 2.9204e+02	 1.0425e+02	-8.1592e+01	 2.4895e+06	 3.6800e+05	-6.7650e+00
 1.7086e+03	 7.7500e+01	 4.1170e+00	 6.0316e-01	 2.9204e+02	 1.0669e+02	-8.1665e+01	 1.7462e+06	 2.5583e+05	-6.8256e+00
 2.5629e+03	 7.7500e+01	 3.9567e+00	 5.6152e-01	 2.9204e+02	 1.0947e+02	-8.1923e+01	 1.2505e+06	 1.7746e+05	-7.0464e+00
 3.8443e+03	 7.7500e+01	 3.8118e+00	 5.1418e-01	 2.9204e+02	 1.1206e+02	-8.2318e+01	 9.1041e+05	 1.2281e+05	-7.4133e+00
 5.7665e+03	 7.7500e+01	 3.6820e+00	 4.6311e-01	 2.9204e+02	 1.1450e+02	-8.2831e+01	 6.7386e+05	 8.4756e+04	-7.9506e+00
 8.6498e+03	 7.7500e+01	 3.5705e+00	 4.0942e-01	 2.9207e+02	 1.1713e+02	-8.3459e+01	 5.0816e+05	 5.8269e+04	-8.7209e+00
 1.2975e+04	 7.7500e+01	 3.4775e+00	 3.5879e-01	 2.9208e+02	 1.1975e+02	-8.4109e+01	 3.8658e+05	 3.9885e+04	-9.6924e+00
 1.9462e+04	 7.7500e+01	 3.4002e+00	 3.1537e-01	 2.9214e+02	 1.2244e+02	-8.4701e+01	 2.9320e+05	 2.7195e+04	-1.0781e+01
 2.9193e+04	 7.7500e+01	 3.3335e+00	 2.8036e-01	 2.9221e+02	 1.2500e+02	-8.5193e+01	 2.1987e+05	 1.8492e+04	-1.1890e+01
 4.3789e+04	 7.7500e+01	 3.2743e+00	 2.5288e-01	 2.9231e+02	 1.2767e+02	-8.5584e+01	 1.6251e+05	 1.2551e+04	-1.2948e+01
 6.5684e+04	 7.7500e+01	 3.2204e+00	 2.3156e-01	 2.9240e+02	 1.3013e+02	-8.5887e+01	 1.1832e+05	 8.5075e+03	-1.3908e+01
 9.8526e+04	 7.7500e+01	 3.1709e+00	 2.1378e-01	 2.9251e+02	 1.3256e+02	-8.6143e+01	 8.5439e+04	 5.7602e+03	-1.4833e+01
 1.4779e+05	 7.7500e+01	 3.1236e+00	 2.0050e-01	 2.9268e+02	 1.3517e+02	-8.6327e+01	 6.0730e+04	 3.8983e+03	-1.5579e+01
 2.2168e+05	 7.7500e+01	 3.0781e+00	 1.8970e-01	 2.9281e+02	 1.3770e+02	-8.6473e+01	 4.2793e+04	 2.6372e+03	-1.6226e+01
 3.3253e+05	 7.7500e+01	 3.0353e+00	 1.8086e-01	 2.9301e+02	 1.4039e+02	-8.6590e+01	 2.9923e+04	 1.7830e+03	-1.6783e+01
 4.9879e+05	 7.7500e+01	 2.9943e+00	 1.7357e-01	 2.9319e+02	 1.4300e+02	-8.6683e+01	 2.0787e+04	 1.2049e+03	-1.7252e+01
 7.4818e+05	 7.7500e+01	 3.0138e+00	 8.4815e-02	 2.9392e+02	 1.5113e+02	-8.8388e+01	 2.8359e+04	 7.9808e+02	-3.5534e+01
 9.0000e+05	 7.7500e+01	 3.0091e+00	 7.6112e-02	 2.9465e+02	 1.5875e+02	-8.8551e+01	 2.6271e+04	 6.6450e+02	-3.9535e+01
 1.0000e+02	 1.5610e+02	 5.4863e+00	 4.1516e-01	 2.9528e+02	 1.6552e+02	-8.5673e+01	 4.3346e+07	 3.2801e+06	-1.3215e+01
 1.5000e+02	 1.5610e+02	 5.4086e+00	 4.6559e-01	 2.9599e+02	 1.7122e+02	-8.5080e+01	 2.5768e+07	 2.2182e+06	-1.1617e+01
 2.2500e+02	 1.5610e+02	 5.2945e+00	 5.2364e-01	 2.9620e+02	 1.7370e+02	-8.4352e+01	 1.5274e+07	 1.5106e+06	-1.0111e+01
 3.3750e+02	 1.5610e+02	 5.1622e+00	 5.8005e-01	 2.9648e+02	 1.7614e+02	-8.3589e+01	 9.1924e+06	 1.0329e+06	-8.8995e+00
 5.0625e+02	 1.5610e+02	 5.0124e+00	 6.3026e-01	 2.9681e+02	 1.7883e+02	-8.2833e+01	 5.6400e+06	 7.0918e+05	-7.9529e+00
 7.5938e+02	 1.5610e+02	 4.8466e+00	 6.6961e-01	 2.9703e+02	 1.8131e+02	-8.2134e+01	 3.5391e+06	 4.8896e+05	-7.2380e+00
 1.1391e+03	 1.5610e+02	 4.6680e+00	 6.9372e-01	 2.9742e+02	 1.8394e+02	-8.1547e+01	 2.2774e+06	 3.3845e+05	-6.7290e+00
 1.7086e+03	 1.5610e+02	 4.4802e+00	 6.9661e-01	 2.9764e+02	 1.8650e+02	-8.1162e+01	 1.5120e+06	 2.3509e+05	-6.4315e+00
 2.5629e+03	 1.5610e+02	 4.2960e+00	 6.8043e-01	 2.9787e+02	 1.8894e+02	-8.1000e+01	 1.0319e+06	 1.6345e+05	-6.3137e+00
 3.8443e+03	 1.5610e+02	 4.1227e+00	 6.4656e-01	 2.9827e+02	 1.9156e+02	-8.1087e+01	 7.2399e+05	 1.1354e+05	-6.3763e+00
 5.7665e+03	 1.5610e+02	 3.9640e+00	 6.0068e-01	 2.9848e+02	 1.9406e+02	-8.1383e+01	 5.1953e+05	 7.8727e+04	-6.5991e+00
 8.6498e+03	 1.5610e+02	 3.8217e+00	 5.4698e-01	 2.9882e+02	 1.9670e+02	-8.1855e+01	 3.8036e+05	 5.4438e+04	-6.9870e+00
 1.2975e+04	 1.5610e+02	 3.6981e+00	 4.9005e-01	 2.9902e+02	 1.9925e+02	-8.2451e+01	 2.8303e+05	 3.7506e+04	-7.5463e+00
 1.9462e+04	 1.5610e+02	 3.5930e+00	 4.3242e-01	 2.9940e+02	 2.0197e+02	-8.3137e+01	 2.1384e+05	 2.5735e+04	-8.3091e+00
 2.9193e+04	 1.5610e+02	 3.5064e+00	 3.8117e-01	 2.9961e+02	 2.0456e+02	-8.3796e+01	 1.6172e+05	 1.7580e+04	-9.1992e+00
 4.3789e+04	 1.5610e+02	 3.4321e+00	 3.3769e-01	 2.9991e+02	 2.0736e+02	-8.4381e+01	 1.2170e+05	 1.1974e+04	-1.0163e+01
 6.5684e+04	 1.5610e+02	 3.3669e+00	 3.0264e-01	 3.0017e+02	 2.0981e+02	-8.4864e+01	 9.0528e+04	 8.1372e+03	-1.1125e+01
 9.8526e+04	 1.5610e+02	 3.3071e+00	 2.7461e-01	 3.0037e+02	 2.1225e+02	-8.5253e+01	 6.6512e+04	 5.5230e+03	-1.2043e+01
 1.4779e+05	 1.5610e+02	 3.2517e+00	 2.5267e-01	 3.0068e+02	 2.1494e+02	-8.5557e+01	 4.8191e+04	 3.7447e+03	-1.2869e+01
 2.2168e+05	 1.5610e+02	 3.2031e+00	 2.3652e-01	 3.0113e+02	 2.1989e+02	-8.5777e+01	 3.4322e+04	 2.5343e+03	-1.3543e+01
 3.3253e+05	 1.5610e+02	 3.1549e+00	 2.2163e-01	 3.0143e+02	 2.2250e+02	-8.5982e+01	 2.4419e+04	 1.7154e+03	-1.4235e+01
 4.9879e+05	 1.5610e+02	 3.1072e+00	 2.0976e-01	 3.0162e+02	 2.2506e+02	-8.6138e+01	 1.7200e+04	 1.1611e+03	-1.4813e+01
 7.4818e+05	 1.5610e+02	 3.1214e+00	 1.1557e-01	 3.0243e+02	 2.3288e+02	-8.7880e+01	 2.0812e+04	 7.7057e+02	-2.7008e+01
 9.0000e+05	 1.5610e+02	 3.1141e+00	 1.0585e-01	 3.0314e+02	 2.4050e+02	-8.8053e+01	 1.8890e+04	 6.4209e+02	-2.9419e+01
 1.0000e+02	 2.3780e+02	 5.7854e+00	 2.4584e-01	 3.0374e+02	 2.4702e+02	-8.7567e+01	 7.3200e+07	 3.1106e+06	-2.3533e+01
 1.5000e+02	 2.3780e+02	 5.7368e+00	 2.8841e-01	 3.0392e+02	 2.4958e+02	-8.7122e+01	 4.1598e+07	 2.0913e+06	-1.9891e+01
 2.2500e+02	 2.3780e+02	 5.6791e+00	 3.3829e-01	 3.0427e+02	 2.5214e+02	-8.6591e+01	 2.3642e+07	 1.4083e+06	-1.6787e+01
 3.3750e+02	 2.3780e+02	 5.6050e+00	 4.0125e-01	 3.0445e+02	 2.5463e+02	-8.5905e+01	 1.3289e+07	 9.5130e+05	-1.3969e+01
 5.0625e+02	 2.3780e+02	 5.5106e+00	 4.7334e-01	 3.0471e+02	 2.5739e+02	-8.5091e+01	 7.5099e+06	 6.4507e+05	-1.1642e+01
 7.5938e+02	 2.3780e+02	 5.3911e+00	 5.5100e-01	 3.0489e+02	 2.5988e+02	-8.4164e+01	 4.3009e+06	 4.3958e+05	-9.7841e+00
 1.1391e+03	 2.3780e+02	 5.2440e+00	 6.2800e-01	 3.0519e+02	 2.6244e+02	-8.3171e+01	 2.5157e+06	 3.0127e+05	-8.3503e+00
 1.7086e+03	 2.3780e+02	 5.0683e+00	 6.9592e-01	 3.0535e+02	 2.6500e+02	-8.2182e+01	 1.5135e+06	 2.0781e+05	-7.2829e+00
 2.5629e+03	 2.3780e+02	 4.8838e+00	 7.4519e-01	 3.0578e+02	 2.7006e+02	-8.1324e+01	 9.4226e+05	 1.4378e+05	-6.5537e+00
 3.8443e+03	 2.3780e+02	 4.6658e+00	 7.7087e-01	 3.0600e+02	 2.7250e+02	-8.0619e+01	 6.0724e+05	 1.0033e+05	-6.0527e+00
 5.7665e+03	 2.3780e+02	 4.4415e+00	 7.6383e-01	 3.0624e+02	 2.7519e+02	-8.0242e+01	 4.0856e+05	 7.0263e+04	-5.8148e+00
 8.6498e+03	 2.3780e+02	 4.2304e+00	 7.2865e-01	 3.0642e+02	 2.7763e+02	-8.0227e+01	 2.8553e+05	 4.9179e+04	-5.8059e+00
 1.2975e+04	 2.3780e+02	 4.0395e+00	 6.7140e-01	 3.0662e+02	 2.8019e+02	-8.0563e+01	 2.0658e+05	 3.4336e+04	-6.0165e+00
 1.9462e+04	 2.3780e+02	 3.8745e+00	 6.0182e-01	 3.0688e+02	 2.8281e+02	-8.1171e+01	 1.5364e+05	 2.3865e+04	-6.4380e+00
 2.9193e+04	 2.3780e+02	 3.7367e+00	 5.2822e-01	 3.0704e+02	 2.8538e+02	-8.1954e+01	 1.1670e+05	 1.6497e+04	-7.0741e+00
 4.3789e+04	 2.3780e+02	 3.6241e+00	 4.6060e-01	 3.0733e+02	 2.8813e+02	-8.2757e+01	 8.9223e+04	 1.1340e+04	-7.8682e+00
 6.5684e+04	 2.3780e+02	 3.5315e+00	 4.0169e-01	 3.0750e+02	 2.9056e+02	-8.3511e+01	 6.8206e+04	 7.7580e+03	-8.7917e+00
 9.8526e+04	 2.3780e+02	 3.4524e+00	 3.5406e-01	 3.0767e+02	 2.9316e+02	-8.4145e+01	 5.1588e+04	 5.2906e+03	-9.7509e+00
 1.4779e+05	 2.3780e+02	 3.3828e+00	 3.1694e-01	 3.0796e+02	 2.9588e+02	-8.4648e+01	 3.8420e+04	 3.5995e+03	-1.0674e+01
 2.2168e+05	 2.3780e+02	 3.3190e+00	 2.8763e-01	 3.0820e+02	 2.9869e+02	-8.5047e+01	 2.8223e+04	 2.4458e+03	-1.1539e+01
 3.3253e+05	 2.3780e+02	 3.2600e+00	 2.6460e-01	 3.0837e+02	 3.0113e+02	-8.5360e+01	 2.0453e+04	 1.6601e+03	-1.2320e+01
 4.9879e+05	 2.3780e+02	 3.2035e+00	 2.4646e-01	 3.0865e+02	 3.0395e+02	-8.5601e+01	 1.4639e+04	 1.1262e+03	-1.2998e+01
 7.4818e+05	 2.3780e+02	 3.2126e+00	 1.4807e-01	 3.0924e+02	 3.1181e+02	-8.7361e+01	 1.6244e+04	 7.4870e+02	-2.1696e+01
 9.0000e+05	 2.3780e+02	 3.2015e+00	 1.3672e-01	 3.0985e+02	 3.1966e+02	-8.7555e+01	 1.4625e+04	 6.2456e+02	-2.3416e+01
 1.0000e+02	 3.1710e+02	 5.9170e+00	 1.8935e-01	 3.1048e+02	 3.2664e+02	-8.8167e+01	 9.5038e+07	 3.0414e+06	-3.1248e+01
 1.5000e+02	 3.1710e+02	 5.8796e+00	 2.0962e-01	 3.1067e+02	 3.2910e+02	-8.7958e+01	 5.7231e+07	 2.0405e+06	-2.8048e+01
 2.2500e+02	 3.1710e+02	 5.8414e+00	 2.3837e-01	 3.1093e+02	 3.3189e+02	-8.7663e+01	 3.3553e+07	 1.3692e+06	-2.4505e+01
 3.3750e+02	 3.1710e+02	 5.7962e+00	 2.7748e-01	 3.1109e+02	 3.3431e+02	-8.7259e+01	 1.9216e+07	 9.1993e+05	-2.0889e+01
 5.0625e+02	 3.1710e+02	 5.7407e+00	 3.2938e-01	 3.1137e+02	 3.3702e+02	-8.6716e+01	 1.0792e+07	 6.1921e+05	-1.7429e+01
 7.5938e+02	 3.1710e+02	 5.6714e+00	 3.9499e-01	 3.1153e+02	 3.3956e+02	-8.6016e+01	 5.9996e+06	 4.1785e+05	-1.4358e+01
 1.1391e+03	 3.1710e+02	 5.5797e+00	 4.7489e-01	 3.1169e+02	 3.4202e+02	-8.5135e+01	 3.3268e+06	 2.8315e+05	-1.1749e+01
 1.7086e+03	 3.1710e+02	 5.4601e+00	 5.6430e-01	 3.1196e+02	 3.4463e+02	-8.4099e+01	 1.8665e+06	 1.9290e+05	-9.6759e+00
 2.5629e+03	 3.1710e+02	 5.3059e+00	 6.5596e-01	 3.1212e+02	 3.4719e+02	-8.2952e+01	 1.0704e+06	 1.3234e+05	-8.0888e+00
 3.8443e+03	 3.1710e+02	 5.1159e+00	 7.3829e-01	 3.1237e+02	 3.4988e+02	-8.1788e+01	 6.3404e+05	 9.1501e+04	-6.9294e+00
 5.7665e+03	 3.1710e+02	 4.8936e+00	 7.9722e-01	 3.1253e+02	 3.5231e+02	-8.0747e+01	 3.9145e+05	 6.3771e+04	-6.1384e+00
 8.6498e+03	 3.1710e+02	 4.6661e+00	 8.2180e-01	 3.1297e+02	 3.5738e+02	-8.0011e+01	 2.5316e+05	 4.4587e+04	-5.6779e+00
 1.2975e+04	 3.1710e+02	 4.4207e+00	 8.0553e-01	 3.1314e+02	 3.5988e+02	-7.9673e+01	 1.7218e+05	 3.1375e+04	-5.4880e+00
 1.9462e+04	 3.1710e+02	 4.1960e+00	 7.5559e-01	 3.1342e+02	 3.6263e+02	-7.9792e+01	 1.2238e+05	 2.2037e+04	-5.5533e+00
 2.9193e+04	 3.1710e+02	 3.9987e+00	 6.8171e-01	 3.1358e+02	 3.6506e+02	-8.0325e+01	 9.0425e+04	 1.5416e+04	-5.8657e+00
 4.3789e+04	 3.1710e+02	 3.8363e+00	 5.9883e-01	 3.1383e+02	 3.6775e+02	-8.1128e+01	 6.8628e+04	 1.0712e+04	-6.4064e+00
 6.5684e+04	 3.1710e+02	 3.7047e+00	 5.1904e-01	 3.1402e+02	 3.7019e+02	-8.2025e+01	 5.2785e+04	 7.3953e+03	-7.1376e+00
 9.8526e+04	 3.1710e+02	 3.5985e+00	 4.4929e-01	 3.1419e+02	 3.7269e+02	-8.2883e+01	 4.0653e+04	 5.0756e+03	-8.0093e+00
 1.4779e+05	 3.1710e+02	 3.5105e+00	 3.9301e-01	 3.1443e+02	 3.7539e+02	-8.3612e+01	 3.0983e+04	 3.4686e+03	-8.9325e+00
 2.2168e+05	 3.1710e+02	 3.4335e+00	 3.4855e-01	 3.1463e+02	 3.7800e+02	-8.4203e+01	 2.3290e+04	 2.3643e+03	-9.8506e+00
 3.3253e+05	 3.1710e+02	 3.3642e+00	 3.1408e-01	 3.1487e+02	 3.8069e+02	-8.4666e+01	 1.7230e+04	 1.6086e+03	-1.0711e+01
 4.9879e+05	 3.1710e+02	 3.3000e+00	 2.8728e-01	 3.1503e+02	 3.8331e+02	-8.5025e+01	 1.2559e+04	 1.0933e+03	-1.1487e+01
 7.4818e+05	 3.1710e+02	 3.3017e+00	 1.8125e-01	 3.1572e+02	 3.9117e+02	-8.6858e+01	 1.3270e+04	 7.2848e+02	-1.8216e+01
 9.0000e+05	 3.1710e+02	 3.2881e+00	 1.6698e-01	 3.1633e+02	 3.9881e+02	-8.7093e+01	 1.1975e+04	 6.0812e+02	-1.9692e+01
 1.0000e+02	 3.9610e+02	 6.0196e+00	 1.7271e-01	 3.1686e+02	 4.0547e+02	-8.8357e+01	 1.0420e+08	 2.9895e+06	-3.4854e+01
 1.5000e+02	 3.9610e+02	 5.9882e+00	 1.8010e-01	 3.1709e+02	 4.0819e+02	-8.8277e+01	 6.6614e+07	 2.0035e+06	-3.3250e+01
 2.2500e+02	 3.9610e+02	 5.9528e+00	 1.9495e-01	 3.1725e+02	 4.1063e+02	-8.8124e+01	 4.1027e+07	 1.3436e+06	-3.0535e+01
 3.3750e+02	 3.9610e+02	 5.9162e+00	 2.1659e-01	 3.1745e+02	 4.1306e+02	-8.7903e+01	 2.4618e+07	 9.0127e+05	-2.7315e+01
 5.0625e+02	 3.9610e+02	 5.8754e+00	 2.4757e-01	 3.1770e+02	 4.1570e+02	-8.7587e+01	 1.4359e+07	 6.0501e+05	-2.3733e+01
 7.5938e+02	 3.9610e+02	 5.8282e+00	 2.8995e-01	 3.1786e+02	 4.1825e+02	-8.7152e+01	 8.1732e+06	 4.0661e+05	-2.0101e+01
 1.1391e+03	 3.9610e+02	 5.7703e+00	 3.4668e-01	 3.1814e+02	 4.2094e+02	-8.6562e+01	 4.5571e+06	 2.7379e+05	-1.6644e+01
 1.7086e+03	 3.9610e+02	 5.6974e+00	 4.1921e-01	 3.1830e+02	 4.2352e+02	-8.5792e+01	 2.5124e+06	 1.8487e+05	-1.3591e+01
 2.5629e+03	 3.9610e+02	 5.6000e+00	 5.0803e-01	 3.1854e+02	 4.2622e+02	-8.4816e+01	 1.3821e+06	 1.2539e+05	-1.1023e+01
 3.8443e+03	 3.9610e+02	 5.4702e+00	 6.0823e-01	 3.1874e+02	 4.2875e+02	-8.3655e+01	 7.6963e+05	 8.5574e+04	-8.9937e+00
 5.7665e+03	 3.9610e+02	 5.2983e+00	 7.1045e-01	 3.1889e+02	 4.3119e+02	-8.2363e+01	 4.3926e+05	 5.8900e+04	-7.4577e+00
 8.6498e+03	 3.9610e+02	 5.0846e+00	 7.9752e-01	 3.1914e+02	 4.3388e+02	-8.1086e+01	 2.6087e+05	 4.0917e+04	-6.3755e+00
 1.2975e+04	 3.9610e+02	 4.8353e+00	 8.5124e-01	 3.1931e+02	 4.3631e+02	-8.0016e+01	 1.6294e+05	 2.8685e+04	-5.6803e+00
 1.9462e+04	 3.9610e+02	 4.5714e+00	 8.5822e-01	 3.1958e+02	 4.3897e+02	-7.9367e+01	 1.0774e+05	 2.0227e+04	-5.3266e+00
 2.9193e+04	 3.9610e+02	 4.3170e+00	 8.1712e-01	 3.1974e+02	 4.4144e+02	-7.9282e+01	 7.5441e+04	 1.4279e+04	-5.2832e+00
 4.3789e+04	 3.9610e+02	 4.0947e+00	 7.4272e-01	 3.1991e+02	 4.4400e+02	-7.9719e+01	 5.5332e+04	 1.0036e+04	-5.5131e+00
 6.5684e+04	 3.9610e+02	 3.9115e+00	 6.5358e-01	 3.2018e+02	 4.4663e+02	-8.0514e+01	 4.1919e+04	 7.0043e+03	-5.9847e+00
 9.8526e+04	 3.9610e+02	 3.7658e+00	 5.6457e-01	 3.2034e+02	 4.4913e+02	-8.1474e+01	 3.2352e+04	 4.8502e+03	-6.6702e+00
 1.4779e+05	 3.9610e+02	 3.6479e+00	 4.8705e-01	 3.2058e+02	 4.5174e+02	-8.2395e+01	 2.5001e+04	 3.3380e+03	-7.4898e+00
 2.2168e+05	 3.9610e+02	 3.5520e+00	 4.2344e-01	 3.2078e+02	 4.5431e+02	-8.3202e+01	 1.9171e+04	 2.2854e+03	-8.3885e+00
 3.3253e+05	 3.9610e+02	 3.4694e+00	 3.7334e-01	 3.2094e+02	 4.5675e+02	-8.3858e+01	 1.4496e+04	 1.5599e+03	-9.2930e+00
 4.9879e+05	 3.9610e+02	 3.3955e+00	 3.3489e-01	 3.2118e+02	 4.5931e+02	-8.4367e+01	 1.0773e+04	 1.0626e+03	-1.0139e+01
 7.4818e+05	 3.9610e+02	 3.3896e+00	 2.2010e-01	 3.2179e+02	 4.6694e+02	-8.6285e+01	 1.0928e+04	 7.0959e+02	-1.5400e+01
 9.0000e+05	 3.9610e+02	 3.3721e+00	 2.0726e-01	 3.2240e+02	 4.7463e+02	-8.6483e+01	 9.6475e+03	 5.9297e+02	-1.6270e+01
 1.0000e+02	 4.7190e+02	 6.1170e+00	 1.7832e-01	 3.2308e+02	 4.8289e+02	-8.8330e+01	 1.0092e+08	 2.9419e+06	-3.4304e+01
 1.5000e+02	 4.7190e+02	 6.0826e+00	 1.7714e-01	 3.2325e+02	 4.8539e+02	-8.8332e+01	 6.7726e+07	 1.9724e+06	-3.4337e+01
 2.2500e+02	 4.7190e+02	 6.0485e+00	 1.8069e-01	 3.2348e+02	 4.8789e+02	-8.8289e+01	 4.4265e+07	 1.3223e+06	-3.3475e+01
 3.3750e+02	 4.7190e+02	 6.0147e+00	 1.9033e-01	 3.2369e+02	 4.9052e+02	-8.8188e+01	 2.8015e+07	 8.8650e+05	-3.1602e+01
 5.0625e+02	 4.7190e+02	 5.9790e+00	 2.0730e-01	 3.2393e+02	 4.9333e+02	-8.8014e+01	 1.7147e+07	 5.9453e+05	-2.8842e+01
 7.5938e+02	 4.7190e+02	 5.9406e+00	 2.3280e-01	 3.2409e+02	 4.9588e+02	-8.7756e+01	 1.0179e+07	 3.9892e+05	-2.5517e+01
 1.1391e+03	 4.7190e+02	 5.8972e+00	 2.6912e-01	 3.2434e+02	 4.9863e+02	-8.7387e+01	 5.8704e+06	 2.6790e+05	-2.1912e+01
 1.7086e+03	 4.7190e+02	 5.8458e+00	 3.1927e-01	 3.2454e+02	 5.0119e+02	-8.6874e+01	 3.2989e+06	 1.8017e+05	-1.8310e+01
 2.5629e+03	 4.7190e+02	 5.7816e+00	 3.8533e-01	 3.2479e+02	 5.0394e+02	-8.6187e+01	 1.8223e+06	 1.2145e+05	-1.5005e+01
 3.8443e+03	 4.7190e+02	 5.6973e+00	 4.6974e-01	 3.2496e+02	 5.0638e+02	-8.5287e+01	 9.9653e+05	 8.2164e+04	-1.2129e+01
 5.7665e+03	 4.7190e+02	 5.5835e+00	 5.7150e-01	 3.2516e+02	 5.0881e+02	-8.4156e+01	 5.4606e+05	 5.5892e+04	-9.7698e+00
 8.6498e+03	 4.7190e+02	 5.4292e+00	 6.8296e-01	 3.2541e+02	 5.1138e+02	-8.2830e+01	 3.0463e+05	 3.8321e+04	-7.9494e+00
 1.2975e+04	 4.7190e+02	 5.2260e+00	 7.8920e-01	 3.2557e+02	 5.1381e+02	-8.1412e+01	 1.7575e+05	 2.6540e+04	-6.6219e+00
 1.9462e+04	 4.7190e+02	 4.9768e+00	 8.6725e-01	 3.2585e+02	 5.1645e+02	-8.0115e+01	 1.0662e+05	 1.8579e+04	-5.7386e+00
 2.9193e+04	 4.7190e+02	 4.7000e+00	 8.9637e-01	 3.2600e+02	 5.1900e+02	-7.9202e+01	 6.8771e+04	 1.3116e+04	-5.2434e+00
 4.3789e+04	 4.7190e+02	 4.4233e+00	 8.6775e-01	 3.2617e+02	 5.2144e+02	-7.8901e+01	 4.7359e+04	 9.2908e+03	-5.0974e+00
 6.5684e+04	 4.7190e+02	 4.1771e+00	 7.9631e-01	 3.2644e+02	 5.2419e+02	-7.9207e+01	 3.4405e+04	 6.5589e+03	-5.2456e+00
 9.8526e+04	 4.7190e+02	 3.9741e+00	 7.0182e-01	 3.2660e+02	 5.2663e+02	-7.9985e+01	 2.6025e+04	 4.5960e+03	-5.6625e+00
 1.4779e+05	 4.7190e+02	 3.8142e+00	 6.0497e-01	 3.2684e+02	 5.2920e+02	-8.0987e+01	 2.0127e+04	 3.1924e+03	-6.3048e+00
 2.2168e+05	 4.7190e+02	 3.6867e+00	 5.1970e-01	 3.2700e+02	 5.3181e+02	-8.1976e+01	 1.5620e+04	 2.2019e+03	-7.0939e+00
 3.3253e+05	 4.7190e+02	 3.5841e+00	 4.4955e-01	 3.2727e+02	 5.3447e+02	-8.2851e+01	 1.2038e+04	 1.5099e+03	-7.9727e+00
 4.9879e+05	 4.7190e+02	 3.4973e+00	 3.9518e-01	 3.2743e+02	 5.3706e+02	-8.3553e+01	 9.1297e+03	 1.0316e+03	-8.8498e+00
 7.4818e+05	 4.7190e+02	 3.4810e+00	 2.7291e-01	 3.2803e+02	 5.4456e+02	-8.5517e+01	 8.8133e+03	 6.9097e+02	-1.2755e+01
 9.0000e+05	 4.7190e+02	 3.4603e+00	 2.5346e-01	 3.2865e+02	 5.5231e+02	-8.5811e+01	 7.8889e+03	 5.7784e+02	-1.3652e+01
 1.0000e+02	 5.4960e+02	 6.2182e+00	 1.9895e-01	 3.2933e+02	 5.6064e+02	-8.8167e+01	 9.0456e+07	 2.8940e+06	-3.1256e+01
 1.5000e+02	 5.4960e+02	 6.1785e+00	 1.8785e-01	 3.2961e+02	 5.6344e+02	-8.8259e+01	 6.3867e+07	 1.9418e+06	-3.2891e+01
 2.2500e+02	 5.4960e+02	 6.1419e+00	 1.8452e-01	 3.2978e+02	 5.6589e+02	-8.8279e+01	 4.3346e+07	 1.3022e+06	-3.3287e+01
 3.3750e+02	 5.4960e+02	 6.1064e+00	 1.8456e-01	 3.2994e+02	 5.6844e+02	-8.8269e+01	 2.8890e+07	 8.7319e+05	-3.3086e+01
 5.0625e+02	 5.4960e+02	 6.0713e+00	 1.9081e-01	 3.3018e+02	 5.7095e+02	-8.8200e+01	 1.8630e+07	 5.8549e+05	-3.1819e+01
 7.5938e+02	 5.4960e+02	 6.0359e+00	 2.0400e-01	 3.3038e+02	 5.7356e+02	-8.8064e+01	 1.1616e+07	 3.9262e+05	-2.9587e+01
 1.1391e+03	 5.4960e+02	 6.0014e+00	 2.2453e-01	 3.3079e+02	 5.7869e+02	-8.7857e+01	 7.0363e+06	 2.6325e+05	-2.6728e+01
 1.7086e+03	 5.4960e+02	 5.9602e+00	 2.5664e-01	 3.3107e+02	 5.8145e+02	-8.7534e+01	 4.1040e+06	 1.7671e+05	-2.3224e+01
 2.5629e+03	 5.4960e+02	 5.9124e+00	 3.0169e-01	 3.3123e+02	 5.8400e+02	-8.7079e+01	 2.3274e+06	 1.1876e+05	-1.9598e+01
 3.8443e+03	 5.4960e+02	 5.8535e+00	 3.6333e-01	 3.3140e+02	 5.8644e+02	-8.6448e+01	 1.2884e+06	 7.9971e+04	-1.6111e+01
 5.7665e+03	 5.4960e+02	 5.7776e+00	 4.4421e-01	 3.3165e+02	 5.8906e+02	-8.5603e+01	 7.0253e+05	 5.4015e+04	-1.3006e+01
 8.6498e+03	 5.4960e+02	 5.6757e+00	 5.4457e-01	 3.3185e+02	 5.9163e+02	-8.4519e+01	 3.8204e+05	 3.6656e+04	-1.0422e+01
 1.2975e+04	 5.4960e+02	 5.5345e+00	 6.6086e-01	 3.3209e+02	 5.9438e+02	-8.3191e+01	 2.0988e+05	 2.5061e+04	-8.3748e+00
 1.9462e+04	 5.4960e+02	 5.3432e+00	 7.7950e-01	 3.3226e+02	 5.9694e+02	-8.1700e+01	 1.1862e+05	 1.7305e+04	-6.8547e+00
 2.9193e+04	 5.4960e+02	 5.0981e+00	 8.7724e-01	 3.3254e+02	 5.9963e+02	-8.0237e+01	 7.0270e+04	 1.2092e+04	-5.8115e+00
 4.3789e+04	 5.4960e+02	 4.8120e+00	 9.2713e-01	 3.3270e+02	 6.0206e+02	-7.9094e+01	 4.4326e+04	 8.5403e+03	-5.1902e+00
 6.5684e+04	 5.4960e+02	 4.5171e+00	 9.1381e-01	 3.3286e+02	 6.0450e+02	-7.8563e+01	 2.9982e+04	 6.0653e+03	-4.9431e+00
 9.8526e+04	 5.4960e+02	 4.2483e+00	 8.4437e-01	 3.3310e+02	 6.0706e+02	-7.8759e+01	 2.1631e+04	 4.2994e+03	-5.0313e+00
 1.4779e+05	 5.4960e+02	 4.0270e+00	 7.4549e-01	 3.3330e+02	 6.0950e+02	-7.9512e+01	 1.6334e+04	 3.0238e+03	-5.4018e+00
 2.2168e+05	 5.4960e+02	 3.8548e+00	 6.4183e-01	 3.3354e+02	 6.1233e+02	-8.0547e+01	 1.2648e+04	 2.1059e+03	-6.0060e+00
 3.3253e+05	 5.4960e+02	 3.7184e+00	 5.4942e-01	 3.3371e+02	 6.1475e+02	-8.1595e+01	 9.8500e+03	 1.4554e+03	-6.7679e+00
 4.9879e+05	 5.4960e+02	-1.5406e+00	 4.7029e+01	 3.3399e+02	 6.1767e+02	 1.8763e+00	 7.6716e+01	-2.3418e+03	 3.2759e-02
 7.4818e+05	 5.4960e+02	 3.5806e+00	 3.3333e-01	 3.3449e+02	 6.2431e+02	-8.4681e+01	 7.2158e+03	 6.7174e+02	-1.0742e+01
 9.0000e+05	 5.4960e+02	 3.5556e+00	 3.0819e-01	 3.3518e+02	 6.3239e+02	-8.5046e+01	 6.4879e+03	 5.6236e+02	-1.1537e+01
 1.0000e+02	 6.2970e+02	 6.3268e+00	 2.2931e-01	 3.3577e+02	 6.4020e+02	-8.7924e+01	 7.8478e+07	 2.8444e+06	-2.7591e+01
 1.5000e+02	 6.2970e+02	 6.2806e+00	 2.1061e-01	 3.3606e+02	 6.4297e+02	-8.8079e+01	 5.6963e+07	 1.9102e+06	-2.9821e+01
 2.2500e+02	 6.2970e+02	 6.2371e+00	 1.9966e-01	 3.3621e+02	 6.4545e+02	-8.8166e+01	 4.0058e+07	 1.2823e+06	-3.1238e+01
 3.3750e+02	 6.2970e+02	 6.1981e+00	 1.9136e-01	 3.3645e+02	 6.4824e+02	-8.8232e+01	 2.7864e+07	 8.6027e+05	-3.2390e+01
 5.0625e+02	 6.2970e+02	 6.1612e+00	 1.8845e-01	 3.3666e+02	 6.5069e+02	-8.8248e+01	 1.8863e+07	 5.7695e+05	-3.2695e+01
 7.5938e+02	 6.2970e+02	 6.1255e+00	 1.9131e-01	 3.3690e+02	 6.5364e+02	-8.8211e+01	 1.2387e+07	 3.8688e+05	-3.2019e+01
 1.1391e+03	 6.2970e+02	 6.0927e+00	 2.0057e-01	 3.3722e+02	 6.5858e+02	-8.8115e+01	 7.8768e+06	 2.5930e+05	-3.0377e+01
 1.7086e+03	 6.2970e+02	 6.0562e+00	 2.1868e-01	 3.3747e+02	 6.6106e+02	-8.7932e+01	 4.8165e+06	 1.7391e+05	-2.7695e+01
 2.5629e+03	 6.2970e+02	 6.0165e+00	 2.4744e-01	 3.3767e+02	 6.6363e+02	-8.7645e+01	 2.8377e+06	 1.1671e+05	-2.4315e+01
 3.8443e+03	 6.2970e+02	 5.9717e+00	 2.8900e-01	 3.3791e+02	 6.6639e+02	-8.7229e+01	 1.6197e+06	 7.8388e+04	-2.0663e+01
 5.7665e+03	 6.2970e+02	 5.9171e+00	 3.4718e-01	 3.3808e+02	 6.6881e+02	-8.6642e+01	 8.9888e+05	 5.2741e+04	-1.7043e+01
 8.6498e+03	 6.2970e+02	 5.8479e+00	 4.2549e-01	 3.3836e+02	 6.7147e+02	-8.5839e+01	 4.8896e+05	 3.5576e+04	-1.3744e+01
 1.2975e+04	 6.2970e+02	 5.7544e+00	 5.2574e-01	 3.3851e+02	 6.7406e+02	-8.4780e+01	 2.6381e+05	 2.4103e+04	-1.0945e+01
 1.9462e+04	 6.2970e+02	 5.6226e+00	 6.4633e-01	 3.3867e+02	 6.7652e+02	-8.3442e+01	 1.4306e+05	 1.6446e+04	-8.6992e+00
 2.9193e+04	 6.2970e+02	 5.4387e+00	 7.7516e-01	 3.3896e+02	 6.7913e+02	-8.1888e+01	 7.9524e+04	 1.1334e+04	-7.0162e+00
 4.3789e+04	 6.2970e+02	 5.1947e+00	 8.8894e-01	 3.3912e+02	 6.8156e+02	-8.0289e+01	 4.6231e+04	 7.9111e+03	-5.8438e+00
 6.5684e+04	 6.2970e+02	 4.9001e+00	 9.5542e-01	 3.3935e+02	 6.8427e+02	-7.8967e+01	 2.8676e+04	 5.5912e+03	-5.1287e+00
 9.8526e+04	 6.2970e+02	 4.5907e+00	 9.5333e-01	 3.3956e+02	 6.8688e+02	-7.8268e+01	 1.9159e+04	 3.9787e+03	-4.8154e+00
 1.4779e+05	 6.2970e+02	 4.3029e+00	 8.8600e-01	 3.3980e+02	 6.8964e+02	-7.8365e+01	 1.3743e+04	 2.8299e+03	-4.8565e+00
 2.2168e+05	 6.2970e+02	 4.0680e+00	 7.8335e-01	 3.3996e+02	 6.9225e+02	-7.9100e+01	 1.0363e+04	 1.9955e+03	-5.1931e+00
 3.3253e+05	 6.2970e+02	 3.8847e+00	 6.7276e-01	 3.4023e+02	 6.9497e+02	-8.0175e+01	 8.0442e+03	 1.3931e+03	-5.7743e+00
 4.9879e+05	 6.2970e+02	-2.6857e+00	 4.8814e+01	 3.4040e+02	 6.9780e+02	 3.1492e+00	 7.3910e+01	-1.3434e+03	 5.5019e-02
 7.4818e+05	 6.2970e+02	 3.6918e+00	 4.1372e-01	 3.4101e+02	 7.0447e+02	-8.3606e+01	 5.8137e+03	 6.5152e+02	-8.9234e+00
 9.0000e+05	 6.2970e+02	 3.6607e+00	 3.8217e-01	 3.4161e+02	 7.1213e+02	-8.4040e+01	 5.2321e+03	 5.4621e+02	-9.5789e+00
 1.0000e+02	 7.0940e+02	 6.4310e+00	 2.6033e-01	 3.4217e+02	 7.2002e+02	-8.7682e+01	 6.9125e+07	 2.7983e+06	-2.4703e+01
 1.5000e+02	 7.0940e+02	 6.3765e+00	 2.3736e-01	 3.4243e+02	 7.2260e+02	-8.7868e+01	 5.0545e+07	 1.8815e+06	-2.6865e+01
 2.2500e+02	 7.0940e+02	 6.3261e+00	 2.1817e-01	 3.4260e+02	 7.2506e+02	-8.8025e+01	 3.6660e+07	 1.2643e+06	-2.8996e+01
 3.3750e+02	 7.0940e+02	 6.2817e+00	 2.0280e-01	 3.4283e+02	 7.2794e+02	-8.8151e+01	 2.6292e+07	 8.4882e+05	-3.0974e+01
 5.0625e+02	 7.0940e+02	 6.2417e+00	 1.9237e-01	 3.4303e+02	 7.3039e+02	-8.8235e+01	 1.8479e+07	 5.6951e+05	-3.2447e+01
 7.5938e+02	 7.0940e+02	 6.2042e+00	 1.8718e-01	 3.4327e+02	 7.3320e+02	-8.8272e+01	 1.2661e+07	 3.8197e+05	-3.3147e+01
 1.1391e+03	 7.0940e+02	 6.1712e+00	 1.8732e-01	 3.4364e+02	 7.3819e+02	-8.8261e+01	 8.4342e+06	 2.5601e+05	-3.2945e+01
 1.7086e+03	 7.0940e+02	 6.1366e+00	 1.9524e-01	 3.4389e+02	 7.4081e+02	-8.8178e+01	 5.3947e+06	 1.7163e+05	-3.1432e+01
 2.5629e+03	 7.0940e+02	 6.1016e+00	 2.1124e-01	 3.4405e+02	 7.4338e+02	-8.8017e+01	 3.3240e+06	 1.1508e+05	-2.8884e+01
 3.8443e+03	 7.0940e+02	 6.0635e+00	 2.3779e-01	 3.4434e+02	 7.4597e+02	-8.7754e+01	 1.9685e+06	 7.7201e+04	-2.5499e+01
 5.7665e+03	 7.0940e+02	 6.0215e+00	 2.7723e-01	 3.4450e+02	 7.4844e+02	-8.7364e+01	 1.1257e+06	 5.1827e+04	-2.1720e+01
 8.6498e+03	 7.0940e+02	 5.9708e+00	 3.3321e-01	 3.4466e+02	 7.5100e+02	-8.6806e+01	 6.2438e+05	 3.4845e+04	-1.7919e+01
 1.2975e+04	 7.0940e+02	 5.9061e+00	 4.0922e-01	 3.4493e+02	 7.5369e+02	-8.6036e+01	 3.3893e+05	 2.3484e+04	-1.4433e+01
 1.9462e+04	 7.0940e+02	 5.8186e+00	 5.0930e-01	 3.4510e+02	 7.5619e+02	-8.4998e+01	 1.8155e+05	 1.5891e+04	-1.1425e+01
 2.9193e+04	 7.0940e+02	 5.6959e+00	 6.3247e-01	 3.4533e+02	 7.5874e+02	-8.3664e+01	 9.7465e+04	 1.0822e+04	-9.0058e+00
 4.3789e+04	 7.0940e+02	 5.5200e+00	 7.6985e-01	 3.4553e+02	 7.6125e+02	-8.2060e+01	 5.3382e+04	 7.4449e+03	-7.1702e+00
 6.5684e+04	 7.0940e+02	 5.2783e+00	 8.9782e-01	 3.4569e+02	 7.6369e+02	-8.0347e+01	 3.0515e+04	 5.1906e+03	-5.8790e+00
 9.8526e+04	 7.0940e+02	 4.9781e+00	 9.7994e-01	 3.4593e+02	 7.6638e+02	-7.8864e+01	 1.8639e+04	 3.6690e+03	-5.0800e+00
 1.4779e+05	 7.0940e+02	 4.6638e+00	 9.9000e-01	 3.4638e+02	 7.7147e+02	-7.8015e+01	 1.2300e+04	 2.6109e+03	-4.7109e+00
 2.2168e+05	 7.0940e+02	 4.3586e+00	 9.2670e-01	 3.4655e+02	 7.7394e+02	-7.7997e+01	 8.7598e+03	 1.8625e+03	-4.7033e+00
 3.3253e+05	 7.0940e+02	 4.1071e+00	 8.1972e-01	 3.4671e+02	 7.7650e+02	-7.8713e+01	 6.6020e+03	 1.3177e+03	-5.0104e+00
 4.9879e+05	 7.0940e+02	-4.1434e+00	 5.1120e+01	 3.4700e+02	 7.7936e+02	 4.6338e+00	 7.0576e+01	-8.7076e+02	 8.1051e-02
 7.4818e+05	 7.0940e+02	 3.8287e+00	 5.1894e-01	 3.4751e+02	 7.8575e+02	-8.2281e+01	 4.6349e+03	 6.2822e+02	-7.3778e+00
 9.0000e+05	 7.0940e+02	 3.7878e+00	 4.7749e-01	 3.4808e+02	 7.9338e+02	-8.2815e+01	 4.1875e+03	 5.2788e+02	-7.9327e+00
 1.0000e+02	 7.9070e+02	 6.5157e+00	 2.8382e-01	 3.4876e+02	 8.0138e+02	-8.7506e+01	 6.3406e+07	 2.7619e+06	-2.2957e+01
 1.5000e+02	 7.9070e+02	 6.4525e+00	 2.5533e-01	 3.4896e+02	 8.0383e+02	-8.7734e+01	 4.6987e+07	 1.8593e+06	-2.5271e+01
 2.2500e+02	 7.9070e+02	 6.3976e+00	 2.3247e-01	 3.4912e+02	 8.0633e+02	-8.7919e+01	 3.4405e+07	 1.2502e+06	-2.7521e+01
 3.3750e+02	 7.9070e+02	 6.3491e+00	 2.1183e-01	 3.4935e+02	 8.0894e+02	-8.8089e+01	 2.5172e+07	 8.3982e+05	-2.9973e+01
 5.0625e+02	 7.9070e+02	 6.3059e+00	 1.9572e-01	 3.4951e+02	 8.1139e+02	-8.8222e+01	 1.8162e+07	 5.6371e+05	-3.2219e+01
 7.5938e+02	 7.9070e+02	 6.2671e+00	 1.8409e-01	 3.4980e+02	 8.1413e+02	-8.8317e+01	 1.2873e+07	 3.7814e+05	-3.4043e+01
 1.1391e+03	 7.9070e+02	 6.2332e+00	 1.7756e-01	 3.5012e+02	 8.1906e+02	-8.8368e+01	 8.8978e+06	 2.5346e+05	-3.5106e+01
 1.7086e+03	 7.9070e+02	 6.2003e+00	 1.7718e-01	 3.5040e+02	 8.2163e+02	-8.8363e+01	 5.9444e+06	 1.6987e+05	-3.4993e+01
 2.5629e+03	 7.9070e+02	 6.1680e+00	 1.8405e-01	 3.5056e+02	 8.2419e+02	-8.8291e+01	 3.8151e+06	 1.1384e+05	-3.3512e+01
 3.8443e+03	 7.9070e+02	 6.1352e+00	 1.9964e-01	 3.5081e+02	 8.2694e+02	-8.8136e+01	 2.3448e+06	 7.6299e+04	-3.0731e+01
 5.7665e+03	 7.9070e+02	 6.1003e+00	 2.2564e-01	 3.5102e+02	 8.2938e+02	-8.7882e+01	 1.3831e+06	 5.1157e+04	-2.7036e+01
 8.6498e+03	 7.9070e+02	 6.0604e+00	 2.6455e-01	 3.5126e+02	 8.3222e+02	-8.7501e+01	 7.8644e+05	 3.4329e+04	-2.2909e+01
 1.2975e+04	 7.9070e+02	 6.0130e+00	 3.1932e-01	 3.5142e+02	 8.3481e+02	-8.6960e+01	 4.3436e+05	 2.3067e+04	-1.8831e+01
 1.9462e+04	 7.9070e+02	 5.9526e+00	 3.9476e-01	 3.5171e+02	 8.3749e+02	-8.6206e+01	 2.3423e+05	 1.5534e+04	-1.5079e+01
 2.9193e+04	 7.9070e+02	 5.8701e+00	 4.9311e-01	 3.5188e+02	 8.3994e+02	-8.5198e+01	 1.2501e+05	 1.0501e+04	-1.1904e+01
 4.3789e+04	 7.9070e+02	 5.7537e+00	 6.1756e-01	 3.5204e+02	 8.4238e+02	-8.3874e+01	 6.6546e+04	 7.1426e+03	-9.3168e+00
 6.5684e+04	 7.9070e+02	 5.5859e+00	 7.5937e-01	 3.5232e+02	 8.4513e+02	-8.2258e+01	 3.6079e+04	 4.9048e+03	-7.3560e+00
 9.8526e+04	 7.9070e+02	 5.3508e+00	 8.9762e-01	 3.5248e+02	 8.4769e+02	-8.0477e+01	 2.0348e+04	 3.4135e+03	-5.9611e+00
 1.4779e+05	 7.9070e+02	 5.0496e+00	 9.9482e-01	 3.5273e+02	 8.5044e+02	-7.8855e+01	 1.2240e+04	 2.4114e+03	-5.0759e+00
 2.2168e+05	 7.9070e+02	 4.7121e+00	 1.0155e+00	 3.5289e+02	 8.5288e+02	-7.7839e+01	 7.9941e+03	 1.7227e+03	-4.6403e+00
 3.3253e+05	 7.9070e+02	 4.3928e+00	 9.5456e-01	 3.5316e+02	 8.5567e+02	-7.7740e+01	 5.6694e+03	 1.2320e+03	-4.6019e+00
 4.9879e+05	 7.9070e+02	-5.6978e+00	 5.4032e+01	 3.5332e+02	 8.5836e+02	 6.0197e+00	 6.6773e+01	-6.3321e+02	 1.0545e-01
 7.4818e+05	 7.9070e+02	 3.9953e+00	 6.4238e-01	 3.5391e+02	 8.6522e+02	-8.0866e+01	 3.7443e+03	 6.0201e+02	-6.2196e+00
 9.0000e+05	 7.9070e+02	 3.9395e+00	 5.9156e-01	 3.5450e+02	 8.7281e+02	-8.1460e+01	 3.3801e+03	 5.0756e+02	-6.6595e+00
 1.0000e+02	 8.7010e+02	 6.5682e+00	 2.9479e-01	 3.5512e+02	 8.8077e+02	-8.7430e+01	 6.1047e+07	 2.7398e+06	-2.2281e+01
 1.5000e+02	 8.7010e+02	 6.5021e+00	 2.6483e-01	 3.5537e+02	 8.8336e+02	-8.7668e+01	 4.5302e+07	 1.8451e+06	-2.4552e+01
 2.2500e+02	 8.7010e+02	 6.4438e+00	 2.3799e-01	 3.5558e+02	 8.8589e+02	-8.7885e+01	 3.3606e+07	 1.2412e+06	-2.7076e+01
 3.3750e+02	 8.7010e+02	 6.3932e+00	 2.1428e-01	 3.5582e+02	 8.8869e+02	-8.8080e+01	 2.4884e+07	 8.3402e+05	-2.9836e+01
 5.0625e+02	 8.7010e+02	 6.3490e+00	 1.9420e-01	 3.5599e+02	 8.9113e+02	-8.8248e+01	 1.8304e+07	 5.5988e+05	-3.2693e+01
 7.5938e+02	 8.7010e+02	 6.3099e+00	 1.7892e-01	 3.5627e+02	 8.9397e+02	-8.8376e+01	 1.3245e+07	 3.7557e+05	-3.5267e+01
 1.1391e+03	 8.7010e+02	 6.2761e+00	 1.6757e-01	 3.5667e+02	 8.9924e+02	-8.8471e+01	 9.4283e+06	 2.5173e+05	-3.7454e+01
 1.7086e+03	 8.7010e+02	 6.2446e+00	 1.6231e-01	 3.5683e+02	 9.0175e+02	-8.8511e+01	 6.4889e+06	 1.6866e+05	-3.8472e+01
 2.5629e+03	 8.7010e+02	 6.2146e+00	 1.6314e-01	 3.5703e+02	 9.0439e+02	-8.8496e+01	 4.3041e+06	 1.1299e+05	-3.8094e+01
 3.8443e+03	 8.7010e+02	 6.1855e+00	 1.7090e-01	 3.5727e+02	 9.0706e+02	-8.8417e+01	 2.7390e+06	 7.5679e+04	-3.6193e+01
 5.7665e+03	 8.7010e+02	 6.1558e+00	 1.8747e-01	 3.5742e+02	 9.0950e+02	-8.8256e+01	 1.6646e+06	 5.0695e+04	-3.2836e+01
 8.6498e+03	 8.7010e+02	 6.1236e+00	 2.1471e-01	 3.5769e+02	 9.1219e+02	-8.7992e+01	 9.6897e+05	 3.3975e+04	-2.8520e+01
 1.2975e+04	 8.7010e+02	 6.0863e+00	 2.5515e-01	 3.5785e+02	 9.1475e+02	-8.7599e+01	 5.4360e+05	 2.2789e+04	-2.3854e+01
 1.9462e+04	 8.7010e+02	 6.0407e+00	 3.1235e-01	 3.5813e+02	 9.1745e+02	-8.7040e+01	 2.9603e+05	 1.5307e+04	-1.9339e+01
 2.9193e+04	 8.7010e+02	 5.9812e+00	 3.8990e-01	 3.5829e+02	 9.1994e+02	-8.6270e+01	 1.5810e+05	 1.0306e+04	-1.5340e+01
 4.3789e+04	 8.7010e+02	 5.8993e+00	 4.9145e-01	 3.5845e+02	 9.2250e+02	-8.5238e+01	 8.3622e+04	 6.9663e+03	-1.2004e+01
 6.5684e+04	 8.7010e+02	 5.7824e+00	 6.1855e-01	 3.5872e+02	 9.2513e+02	-8.3894e+01	 4.4293e+04	 4.7381e+03	-9.3483e+00
 9.8526e+04	 8.7010e+02	 5.6138e+00	 7.6412e-01	 3.5890e+02	 9.2769e+02	-8.2249e+01	 2.3903e+04	 3.2536e+03	-7.3467e+00
 1.4779e+05	 8.7010e+02	 5.3759e+00	 9.0702e-01	 3.5913e+02	 9.3024e+02	-8.0423e+01	 1.3425e+04	 2.2650e+03	-5.9270e+00
 2.2168e+05	 8.7010e+02	 5.0680e+00	 1.0092e+00	 3.5928e+02	 9.3275e+02	-7.8738e+01	 8.0435e+03	 1.6018e+03	-5.0216e+00
 3.3253e+05	 8.7010e+02	 4.7213e+00	 1.0316e+00	 3.5955e+02	 9.3563e+02	-7.7674e+01	 5.2459e+03	 1.1463e+03	-4.5765e+00
 4.9879e+05	 8.7010e+02	-6.9829e+00	 5.7516e+01	 3.5969e+02	 9.3830e+02	 6.9223e+00	 6.2729e+01	-5.1667e+02	 1.2141e-01
 7.4818e+05	 8.7010e+02	 4.1917e+00	 7.6783e-01	 3.6023e+02	 9.4522e+02	-7.9620e+01	 3.1326e+03	 5.7381e+02	-5.4592e+00
 9.0000e+05	 8.7010e+02	 4.1097e+00	 7.1040e-01	 3.6072e+02	 9.5300e+02	-8.0193e+01	 2.8146e+03	 4.8654e+02	-5.7850e+00
 1.0000e+02	 9.5030e+02	 6.5874e+00	 2.9434e-01	 3.6124e+02	 9.6138e+02	-8.7442e+01	 6.1140e+07	 2.7318e+06	-2.2381e+01
 1.5000e+02	 9.5030e+02	 6.5201e+00	 2.6226e-01	 3.6135e+02	 9.6383e+02	-8.7697e+01	 4.5745e+07	 1.8400e+06	-2.4861e+01
 2.2500e+02	 9.5030e+02	 6.4630e+00	 2.3344e-01	 3.6155e+02	 9.6663e+02	-8.7931e+01	 3.4262e+07	 1.2375e+06	-2.7686e+01
 3.3750e+02	 9.5030e+02	 6.4128e+00	 2.0788e-01	 3.6165e+02	 9.6919e+02	-8.8143e+01	 2.5650e+07	 8.3147e+05	-3.0848e+01
 5.0625e+02	 9.5030e+02	 6.3695e+00	 1.8656e-01	 3.6180e+02	 9.7189e+02	-8.8322e+01	 1.9054e+07	 5.5808e+05	-3.4142e+01
 7.5938e+02	 9.5030e+02	 6.3313e+00	 1.6927e-01	 3.6193e+02	 9.7450e+02	-8.8469e+01	 1.4000e+07	 3.7430e+05	-3.7404e+01
 1.1391e+03	 9.5030e+02	 6.2975e+00	 1.5644e-01	 3.6215e+02	 9.7969e+02	-8.8577e+01	 1.0099e+07	 2.5087e+05	-4.0255e+01
 1.7086e+03	 9.5030e+02	 6.2675e+00	 1.4868e-01	 3.6225e+02	 9.8213e+02	-8.8641e+01	 7.0842e+06	 1.6805e+05	-4.2155e+01
 2.5629e+03	 9.5030e+02	 6.2395e+00	 1.4675e-01	 3.6237e+02	 9.8475e+02	-8.8653e+01	 4.7849e+06	 1.1254e+05	-4.2519e+01
 3.8443e+03	 9.5030e+02	 6.2127e+00	 1.5121e-01	 3.6244e+02	 9.8719e+02	-8.8606e+01	 3.0957e+06	 7.5348e+04	-4.1085e+01
 5.7665e+03	 9.5030e+02	 6.1859e+00	 1.6346e-01	 3.6255e+02	 9.8994e+02	-8.8486e+01	 1.9092e+06	 5.0449e+04	-3.7844e+01
 8.6498e+03	 9.5030e+02	 6.1572e+00	 1.8520e-01	 3.6263e+02	 9.9250e+02	-8.8277e+01	 1.1234e+06	 3.3790e+04	-3.3246e+01
 1.2975e+04	 9.5030e+02	 6.1250e+00	 2.1899e-01	 3.6271e+02	 9.9522e+02	-8.7952e+01	 6.3337e+05	 2.2645e+04	-2.7970e+01
 1.9462e+04	 9.5030e+02	 6.0864e+00	 2.6797e-01	 3.6277e+02	 9.9769e+02	-8.7479e+01	 3.4507e+05	 1.5192e+04	-2.2713e+01
 2.9193e+04	 9.5030e+02	 6.0362e+00	 3.3596e-01	 3.6283e+02	 1.0002e+03	-8.6814e+01	 1.8349e+05	 1.0212e+04	-1.7967e+01
 4.3789e+04	 9.5030e+02	 5.9679e+00	 4.2738e-01	 3.6291e+02	 1.0028e+03	-8.5904e+01	 9.6158e+04	 6.8861e+03	-1.3964e+01
 6.5684e+04	 9.5030e+02	 5.8698e+00	 5.4520e-01	 3.6295e+02	 1.0052e+03	-8.4693e+01	 5.0252e+04	 4.6675e+03	-1.0766e+01
 9.8526e+04	 9.5030e+02	 5.7277e+00	 6.8820e-01	 3.6302e+02	 1.0080e+03	-8.3149e+01	 2.6540e+04	 3.1889e+03	-8.3227e+00
 1.4779e+05	 9.5030e+02	 5.5203e+00	 8.4257e-01	 3.6306e+02	 1.0106e+03	-8.1322e+01	 1.4452e+04	 2.2058e+03	-6.5518e+00
 2.2168e+05	 9.5030e+02	 5.2358e+00	 9.7650e-01	 3.6310e+02	 1.0132e+03	-7.9436e+01	 8.3131e+03	 1.5504e+03	-5.3619e+00
 3.3253e+05	 9.5030e+02	 4.8880e+00	 1.0440e+00	 3.6314e+02	 1.0158e+03	-7.7943e+01	 5.1836e+03	 1.1072e+03	-4.6819e+00
 4.9879e+05	 9.5030e+02	-7.4280e+00	 5.9233e+01	 3.6318e+02	 1.0187e+03	 7.1478e+00	 6.0910e+01	-4.8571e+02	 1.2540e-01
 7.4818e+05	 9.5030e+02	 4.2744e+00	 8.1908e-01	 3.6324e+02	 1.0252e+03	-7.9152e+01	 2.9365e+03	 5.6271e+02	-5.2185e+00
 9.0000e+05	 9.5030e+02	 4.1626e+00	 7.4555e-01	 3.6330e+02	 1.0331e+03	-7.9846e+01	 2.6819e+03	 4.8035e+02	-5.5833e+00
 1.0000e+02	 1.0304e+03	 6.5573e+00	 2.7643e-01	 3.6334e+02	 1.0413e+03	-8.7586e+01	 6.5101e+07	 2.7444e+06	-2.3722e+01
 1.5000e+02	 1.0304e+03	 6.4957e+00	 2.4307e-01	 3.6334e+02	 1.0438e+03	-8.7857e+01	 4.9357e+07	 1.8469e+06	-2.6724e+01
 2.2500e+02	 1.0304e+03	 6.4419e+00	 2.1604e-01	 3.6335e+02	 1.0464e+03	-8.8079e+01	 3.7022e+07	 1.2416e+06	-2.9819e+01
 3.3750e+02	 1.0304e+03	 6.3958e+00	 1.9177e-01	 3.6335e+02	 1.0489e+03	-8.8283e+01	 2.7804e+07	 8.3368e+05	-3.3351e+01
 5.0625e+02	 1.0304e+03	 6.3557e+00	 1.7203e-01	 3.6335e+02	 1.0516e+03	-8.8450e+01	 2.0663e+07	 5.5930e+05	-3.6944e+01
 7.5938e+02	 1.0304e+03	 6.3206e+00	 1.5602e-01	 3.6336e+02	 1.0542e+03	-8.8586e+01	 1.5189e+07	 3.7494e+05	-4.0510e+01
 1.1391e+03	 1.0304e+03	 6.2890e+00	 1.4501e-01	 3.6335e+02	 1.0593e+03	-8.8679e+01	 1.0895e+07	 2.5121e+05	-4.3368e+01
 1.7086e+03	 1.0304e+03	 6.2606e+00	 1.3864e-01	 3.6335e+02	 1.0618e+03	-8.8731e+01	 7.5971e+06	 1.6823e+05	-4.5158e+01
 2.5629e+03	 1.0304e+03	 6.2343e+00	 1.3824e-01	 3.6335e+02	 1.0645e+03	-8.8730e+01	 5.0795e+06	 1.1263e+05	-4.5099e+01
 3.8443e+03	 1.0304e+03	 6.2088e+00	 1.4413e-01	 3.6334e+02	 1.0670e+03	-8.8670e+01	 3.2478e+06	 7.5395e+04	-4.3078e+01
 5.7665e+03	 1.0304e+03	 6.1831e+00	 1.5771e-01	 3.6334e+02	 1.0697e+03	-8.8539e+01	 1.9788e+06	 5.0472e+04	-3.9206e+01
 8.6498e+03	 1.0304e+03	 6.1553e+00	 1.8119e-01	 3.6333e+02	 1.0722e+03	-8.8314e+01	 1.1482e+06	 3.3800e+04	-3.3971e+01
 1.2975e+04	 1.0304e+03	 6.1233e+00	 2.1701e-01	 3.6333e+02	 1.0750e+03	-8.7970e+01	 6.3914e+05	 2.2651e+04	-2.8217e+01
 1.9462e+04	 1.0304e+03	 6.0846e+00	 2.6879e-01	 3.6332e+02	 1.0774e+03	-8.7471e+01	 3.4401e+05	 1.5197e+04	-2.2637e+01
 2.9193e+04	 1.0304e+03	 6.0336e+00	 3.4061e-01	 3.6332e+02	 1.0799e+03	-8.6769e+01	 1.8098e+05	 1.0217e+04	-1.7714e+01
 4.3789e+04	 1.0304e+03	 5.9631e+00	 4.3685e-01	 3.6331e+02	 1.0826e+03	-8.5810e+01	 9.4073e+04	 6.8917e+03	-1.3650e+01
 6.5684e+04	 1.0304e+03	 5.8603e+00	 5.6031e-01	 3.6330e+02	 1.0851e+03	-8.4538e+01	 4.8897e+04	 4.6751e+03	-1.0459e+01
 9.8526e+04	 1.0304e+03	 5.7096e+00	 7.0893e-01	 3.6330e+02	 1.0877e+03	-8.2922e+01	 2.5764e+04	 3.1990e+03	-8.0538e+00
 1.4779e+05	 1.0304e+03	 5.4896e+00	 8.6625e-01	 3.6329e+02	 1.0903e+03	-8.1033e+01	 1.4057e+04	 2.2181e+03	-6.3372e+00
 2.2168e+05	 1.0304e+03	 5.1906e+00	 9.9653e-01	 3.6328e+02	 1.0928e+03	-7.9132e+01	 8.1460e+03	 1.5639e+03	-5.2087e+00
 3.3253e+05	 1.0304e+03	 4.8309e+00	 1.0525e+00	 3.6328e+02	 1.0955e+03	-7.7709e+01	 5.1420e+03	 1.1203e+03	-4.5901e+00
 4.9879e+05	 1.0304e+03	-7.3934e+00	 5.8451e+01	 3.6327e+02	 1.0982e+03	 7.2090e+00	 6.1724e+01	-4.8799e+02	 1.2649e-01
 7.4818e+05	 1.0304e+03	 4.2191e+00	 7.9521e-01	 3.6325e+02	 1.1045e+03	-7.9326e+01	 3.0247e+03	 5.7009e+02	-5.3056e+00
 9.0000e+05	 1.0304e+03	 4.1091e+00	 7.1836e-01	 3.6323e+02	 1.1124e+03	-8.0084e+01	 2.7834e+03	 4.8660e+02	-5.7202e+00
 1.0000e+02	 1.1097e+03	 6.5205e+00	 2.5805e-01	 3.6323e+02	 1.1201e+03	-8.7734e+01	 6.9738e+07	 2.7599e+06	-2.5269e+01
 1.5000e+02	 1.1097e+03	 6.4644e+00	 2.2547e-01	 3.6322e+02	 1.1226e+03	-8.8002e+01	 5.3210e+07	 1.8559e+06	-2.8671e+01
 2.2500e+02	 1.1097e+03	 6.4155e+00	 2.0098e-01	 3.6321e+02	 1.1251e+03	-8.8206e+01	 3.9796e+07	 1.2467e+06	-3.1922e+01
 3.3750e+02	 1.1097e+03	 6.3735e+00	 1.7883e-01	 3.6320e+02	 1.1278e+03	-8.8393e+01	 2.9817e+07	 8.3660e+05	-3.5641e+01
 5.0625e+02	 1.1097e+03	 6.3369e+00	 1.6071e-01	 3.6321e+02	 1.1306e+03	-8.8547e+01	 2.2119e+07	 5.6095e+05	-3.9431e+01
 7.5938e+02	 1.1097e+03	 6.3047e+00	 1.4719e-01	 3.6320e+02	 1.1331e+03	-8.8663e+01	 1.6100e+07	 3.7588e+05	-4.2832e+01
 1.1391e+03	 1.1097e+03	 6.2750e+00	 1.3757e-01	 3.6319e+02	 1.1384e+03	-8.8744e+01	 1.1484e+07	 2.5177e+05	-4.5614e+01
 1.7086e+03	 1.1097e+03	 6.2488e+00	 1.3327e-01	 3.6319e+02	 1.1412e+03	-8.8778e+01	 7.9030e+06	 1.6855e+05	-4.6888e+01
 2.5629e+03	 1.1097e+03	 6.2239e+00	 1.3457e-01	 3.6318e+02	 1.1438e+03	-8.8761e+01	 5.2178e+06	 1.1282e+05	-4.6249e+01
 3.8443e+03	 1.1097e+03	 6.1997e+00	 1.4258e-01	 3.6319e+02	 1.1465e+03	-8.8683e+01	 3.2830e+06	 7.5505e+04	-4.3481e+01
 5.7665e+03	 1.1097e+03	 6.1748e+00	 1.5849e-01	 3.6319e+02	 1.1490e+03	-8.8530e+01	 1.9690e+06	 5.0540e+04	-3.8959e+01
 8.6498e+03	 1.1097e+03	 6.1474e+00	 1.8478e-01	 3.6318e+02	 1.1516e+03	-8.8278e+01	 1.1259e+06	 3.3843e+04	-3.3269e+01
 1.2975e+04	 1.1097e+03	 6.1152e+00	 2.2425e-01	 3.6318e+02	 1.1542e+03	-8.7900e+01	 6.1851e+05	 2.2681e+04	-2.7270e+01
 1.9462e+04	 1.1097e+03	 6.0754e+00	 2.8057e-01	 3.6318e+02	 1.1569e+03	-8.7356e+01	 3.2957e+05	 1.5220e+04	-2.1654e+01
 2.9193e+04	 1.1097e+03	 6.0217e+00	 3.5839e-01	 3.6318e+02	 1.1594e+03	-8.6594e+01	 1.7200e+05	 1.0237e+04	-1.6802e+01
 4.3789e+04	 1.1097e+03	 5.9460e+00	 4.6182e-01	 3.6318e+02	 1.1618e+03	-8.5559e+01	 8.8987e+04	 6.9115e+03	-1.2875e+01
 6.5684e+04	 1.1097e+03	 5.8344e+00	 5.9291e-01	 3.6319e+02	 1.1644e+03	-8.4197e+01	 4.6208e+04	 4.6958e+03	-9.8402e+00
 9.8526e+04	 1.1097e+03	 5.6696e+00	 7.4717e-01	 3.6318e+02	 1.1669e+03	-8.2493e+01	 2.4446e+04	 3.2216e+03	-7.5881e+00
 1.4779e+05	 1.1097e+03	 5.4312e+00	 9.0374e-01	 3.6318e+02	 1.1698e+03	-8.0553e+01	 1.3474e+04	 2.2420e+03	-6.0097e+00
 2.2168e+05	 1.1097e+03	 5.1134e+00	 1.0227e+00	 3.6318e+02	 1.1722e+03	-7.8690e+01	 7.9375e+03	 1.5875e+03	-4.9999e+00
 3.3253e+05	 1.1097e+03	 4.7449e+00	 1.0575e+00	 3.6318e+02	 1.1750e+03	-7.7436e+01	 5.1175e+03	 1.1406e+03	-4.4869e+00
 4.9879e+05	 1.1097e+03	-7.2695e+00	 5.7408e+01	 3.6318e+02	 1.1777e+03	 7.2169e+00	 6.2846e+01	-4.9630e+02	 1.2663e-01
 7.4818e+05	 1.1097e+03	 4.1533e+00	 7.6514e-01	 3.6318e+02	 1.1840e+03	-7.9562e+01	 3.1436e+03	 5.7911e+02	-5.4282e+00
 9.0000e+05	 1.1097e+03	 4.0512e+00	 6.8486e-01	 3.6318e+02	 1.1916e+03	-8.0405e+01	 2.9196e+03	 4.9356e+02	-5.9154e+00
 1.0000e+02	 1.1889e+03	 6.4957e+00	 2.4579e-01	 3.6318e+02	 1.1998e+03	-8.7833e+01	 7.3216e+07	 2.7704e+06	-2.6428e+01
 1.5000e+02	 1.1889e+03	 6.4428e+00	 2.1735e-01	 3.6319e+02	 1.2022e+03	-8.8068e+01	 5.5197e+07	 1.8621e+06	-2.9642e+01
 2.2500e+02	 1.1889e+03	 6.3978e+00	 1.9127e-01	 3.6319e+02	 1.2050e+03	-8.8288e+01	 4.1816e+07	 1.2501e+06	-3.3450e+01
 3.3750e+02	 1.1889e+03	 6.3582e+00	 1.7037e-01	 3.6319e+02	 1.2076e+03	-8.8465e+01	 3.1298e+07	 8.3861e+05	-3.7321e+01
 5.0625e+02	 1.1889e+03	 6.3241e+00	 1.5373e-01	 3.6319e+02	 1.2103e+03	-8.8607e+01	 2.3122e+07	 5.6209e+05	-4.1137e+01
 7.5938e+02	 1.1889e+03	 6.2938e+00	 1.4149e-01	 3.6320e+02	 1.2130e+03	-8.8712e+01	 1.6749e+07	 3.7653e+05	-4.4484e+01
 1.1391e+03	 1.1889e+03	 6.2658e+00	 1.3331e-01	 3.6319e+02	 1.2182e+03	-8.8781e+01	 1.1851e+07	 2.5214e+05	-4.7000e+01
 1.7086e+03	 1.1889e+03	 6.2410e+00	 1.3055e-01	 3.6319e+02	 1.2209e+03	-8.8802e+01	 8.0675e+06	 1.6876e+05	-4.7804e+01
 2.5629e+03	 1.1889e+03	 6.2171e+00	 1.3333e-01	 3.6320e+02	 1.2234e+03	-8.8771e+01	 5.2664e+06	 1.1294e+05	-4.6630e+01
 3.8443e+03	 1.1889e+03	 6.1936e+00	 1.4303e-01	 3.6319e+02	 1.2259e+03	-8.8677e+01	 3.2729e+06	 7.5580e+04	-4.3304e+01
 5.7665e+03	 1.1889e+03	 6.1693e+00	 1.6105e-01	 3.6320e+02	 1.2285e+03	-8.8505e+01	 1.9378e+06	 5.0585e+04	-3.8308e+01
 8.6498e+03	 1.1889e+03	 6.1418e+00	 1.9023e-01	 3.6319e+02	 1.2311e+03	-8.8226e+01	 1.0936e+06	 3.3874e+04	-3.2285e+01
 1.2975e+04	 1.1889e+03	 6.1092e+00	 2.3330e-01	 3.6320e+02	 1.2337e+03	-8.7813e+01	 5.9452e+05	 2.2703e+04	-2.6187e+01
 1.9462e+04	 1.1889e+03	 6.0678e+00	 2.9439e-01	 3.6320e+02	 1.2361e+03	-8.7222e+01	 3.1410e+05	 1.5239e+04	-2.0612e+01
 2.9193e+04	 1.1889e+03	 6.0109e+00	 3.7853e-01	 3.6320e+02	 1.2386e+03	-8.6397e+01	 1.6285e+05	 1.0255e+04	-1.5880e+01
 4.3789e+04	 1.1889e+03	 5.9290e+00	 4.8936e-01	 3.6320e+02	 1.2411e+03	-8.5282e+01	 8.3979e+04	 6.9314e+03	-1.2116e+01
 6.5684e+04	 1.1889e+03	 5.8073e+00	 6.2848e-01	 3.6321e+02	 1.2435e+03	-8.3823e+01	 4.3593e+04	 4.7177e+03	-9.2403e+00
 9.8526e+04	 1.1889e+03	 5.6267e+00	 7.8775e-01	 3.6320e+02	 1.2462e+03	-8.2030e+01	 2.3186e+04	 3.2461e+03	-7.1427e+00
 1.4779e+05	 1.1889e+03	 5.3681e+00	 9.4124e-01	 3.6320e+02	 1.2488e+03	-8.0055e+01	 1.2937e+04	 2.2683e+03	-5.7032e+00
 2.2168e+05	 1.1889e+03	 5.0333e+00	 1.0455e+00	 3.6320e+02	 1.2515e+03	-7.8265e+01	 7.7641e+03	 1.6128e+03	-4.8141e+00
 3.3253e+05	 1.1889e+03	 4.6588e+00	 1.0579e+00	 3.6320e+02	 1.2541e+03	-7.7207e+01	 5.1158e+03	 1.1616e+03	-4.4040e+00
 4.9879e+05	 1.1889e+03	-7.1028e+00	 5.6398e+01	 3.6320e+02	 1.2569e+03	 7.1781e+00	 6.3972e+01	-5.0795e+02	 1.2594e-01
 7.4818e+05	 1.1889e+03	 4.0912e+00	 7.3248e-01	 3.6321e+02	 1.2634e+03	-7.9849e+01	 3.2837e+03	 5.8790e+02	-5.5854e+00
 9.0000e+05	 1.1889e+03	 3.9960e+00	 6.5013e-01	 3.6320e+02	 1.2712e+03	-8.0759e+01	 3.0756e+03	 5.0039e+02	-6.1464e+00
 1.0000e+02	 1.2685e+03	 6.4792e+00	 2.3672e-01	 3.6321e+02	 1.2794e+03	-8.7908e+01	 7.6021e+07	 2.7774e+06	-2.7371e+01
 1.5000e+02	 1.2685e+03	 6.4308e+00	 2.0851e-01	 3.6321e+02	 1.2819e+03	-8.8143e+01	 5.7537e+07	 1.8656e+06	-3.0841e+01
 2.2500e+02	 1.2685e+03	 6.3863e+00	 1.8458e-01	 3.6320e+02	 1.2847e+03	-8.8344e+01	 4.3331e+07	 1.2524e+06	-3.4598e+01
 3.3750e+02	 1.2685e+03	 6.3488e+00	 1.6482e-01	 3.6320e+02	 1.2873e+03	-8.8513e+01	 3.2350e+07	 8.3985e+05	-3.8519e+01
 5.0625e+02	 1.2685e+03	 6.3157e+00	 1.4949e-01	 3.6321e+02	 1.2901e+03	-8.8644e+01	 2.3778e+07	 5.6284e+05	-4.2247e+01
 7.5938e+02	 1.2685e+03	 6.2866e+00	 1.3804e-01	 3.6320e+02	 1.2926e+03	-8.8742e+01	 1.7168e+07	 3.7696e+05	-4.5543e+01
 1.1391e+03	 1.2685e+03	 6.2602e+00	 1.3102e-01	 3.6320e+02	 1.2979e+03	-8.8801e+01	 1.2058e+07	 2.5237e+05	-4.7780e+01
 1.7086e+03	 1.2685e+03	 6.2360e+00	 1.2930e-01	 3.6320e+02	 1.3005e+03	-8.8812e+01	 8.1458e+06	 1.6890e+05	-4.8229e+01
 2.5629e+03	 1.2685e+03	 6.2126e+00	 1.3343e-01	 3.6320e+02	 1.3031e+03	-8.8770e+01	 5.2625e+06	 1.1302e+05	-4.6561e+01
 3.8443e+03	 1.2685e+03	 6.1895e+00	 1.4479e-01	 3.6320e+02	 1.3055e+03	-8.8660e+01	 3.2330e+06	 7.5630e+04	-4.2748e+01
 5.7665e+03	 1.2685e+03	 6.1654e+00	 1.6506e-01	 3.6320e+02	 1.3081e+03	-8.8466e+01	 1.8906e+06	 5.0617e+04	-3.7352e+01
 8.6498e+03	 1.2685e+03	 6.1375e+00	 1.9707e-01	 3.6320e+02	 1.3107e+03	-8.8161e+01	 1.0557e+06	 3.3898e+04	-3.1144e+01
 1.2975e+04	 1.2685e+03	 6.1040e+00	 2.4443e-01	 3.6320e+02	 1.3134e+03	-8.7707e+01	 5.6744e+05	 2.2723e+04	-2.4972e+01
 1.9462e+04	 1.2685e+03	 6.0607e+00	 3.1104e-01	 3.6319e+02	 1.3159e+03	-8.7062e+01	 2.9728e+05	 1.5257e+04	-1.9485e+01
 2.9193e+04	 1.2685e+03	 5.9998e+00	 4.0216e-01	 3.6320e+02	 1.3187e+03	-8.6165e+01	 1.5328e+05	 1.0274e+04	-1.4919e+01
 4.3789e+04	 1.2685e+03	 5.9103e+00	 5.2121e-01	 3.6320e+02	 1.3212e+03	-8.4960e+01	 7.8847e+04	 6.9533e+03	-1.1340e+01
 6.5684e+04	 1.2685e+03	 5.7761e+00	 6.6819e-01	 3.6320e+02	 1.3236e+03	-8.3401e+01	 4.1002e+04	 4.7432e+03	-8.6444e+00
 9.8526e+04	 1.2685e+03	 5.5772e+00	 8.3086e-01	 3.6320e+02	 1.3264e+03	-8.1527e+01	 2.1983e+04	 3.2749e+03	-6.7126e+00
 1.4779e+05	 1.2685e+03	 5.2975e+00	 9.7828e-01	 3.6320e+02	 1.3289e+03	-7.9537e+01	 1.2447e+04	 2.2986e+03	-5.4151e+00
 2.2168e+05	 1.2685e+03	 4.9469e+00	 1.0645e+00	 3.6319e+02	 1.3316e+03	-7.7856e+01	 7.6256e+03	 1.6410e+03	-4.6470e+00
 3.3253e+05	 1.2685e+03	 4.5704e+00	 1.0529e+00	 3.6319e+02	 1.3342e+03	-7.7027e+01	 5.1400e+03	 1.1841e+03	-4.3409e+00
 4.9879e+05	 1.2685e+03	-6.8869e+00	 5.5393e+01	 3.6319e+02	 1.3371e+03	 7.0870e+00	 6.5132e+01	-5.2388e+02	 1.2433e-01
 7.4818e+05	 1.2685e+03	 4.0305e+00	 7.0097e-01	 3.6319e+02	 1.3436e+03	-8.0134e+01	 3.4313e+03	 5.9676e+02	-5.7499e+00
 9.0000e+05	 1.2685e+03	 3.9427e+00	 6.1754e-01	 3.6318e+02	 1.3517e+03	-8.1098e+01	 3.2379e+03	 5.0714e+02	-6.3845e+00
 1.0000e+02	 1.3490e+03	 6.4677e+00	 2.3053e-01	 3.6317e+02	 1.3597e+03	-8.7959e+01	 7.8062e+07	 2.7824e+06	-2.8056e+01
 1.5000e+02	 1.3490e+03	 6.4198e+00	 2.0197e-01	 3.6318e+02	 1.3623e+03	-8.8198e+01	 5.9399e+07	 1.8688e+06	-3.1785e+01
 2.2500e+02	 1.3490e+03	 6.3776e+00	 1.7983e-01	 3.6318e+02	 1.3648e+03	-8.8385e+01	 4.4475e+07	 1.2541e+06	-3.5464e+01
 3.3750e+02	 1.3490e+03	 6.3412e+00	 1.6095e-01	 3.6317e+02	 1.3676e+03	-8.8546e+01	 3.3129e+07	 8.4086e+05	-3.9399e+01
 5.0625e+02	 1.3490e+03	 6.3096e+00	 1.4604e-01	 3.6318e+02	 1.3701e+03	-8.8674e+01	 2.4340e+07	 5.6338e+05	-4.3204e+01
 7.5938e+02	 1.3490e+03	 6.2814e+00	 1.3580e-01	 3.6318e+02	 1.3726e+03	-8.8762e+01	 1.7451e+07	 3.7727e+05	-4.6255e+01
 1.1391e+03	 1.3490e+03	 6.2551e+00	 1.2992e-01	 3.6318e+02	 1.3776e+03	-8.8810e+01	 1.2160e+07	 2.5257e+05	-4.8145e+01
 1.7086e+03	 1.3490e+03	 6.2318e+00	 1.2907e-01	 3.6317e+02	 1.3802e+03	-8.8814e+01	 8.1605e+06	 1.6901e+05	-4.8284e+01
 2.5629e+03	 1.3490e+03	 6.2090e+00	 1.3456e-01	 3.6318e+02	 1.3828e+03	-8.8758e+01	 5.2181e+06	 1.1309e+05	-4.6142e+01
 3.8443e+03	 1.3490e+03	 6.1862e+00	 1.4748e-01	 3.6317e+02	 1.3852e+03	-8.8634e+01	 3.1741e+06	 7.5670e+04	-4.1946e+01
 5.7665e+03	 1.3490e+03	 6.1617e+00	 1.7013e-01	 3.6316e+02	 1.3877e+03	-8.8418e+01	 1.8343e+06	 5.0648e+04	-3.6217e+01
 8.6498e+03	 1.3490e+03	 6.1338e+00	 2.0520e-01	 3.6317e+02	 1.3902e+03	-8.8084e+01	 1.0139e+06	 3.3918e+04	-2.9891e+01
 1.2975e+04	 1.3490e+03	 6.0991e+00	 2.5650e-01	 3.6317e+02	 1.3929e+03	-8.7592e+01	 5.4074e+05	 2.2741e+04	-2.3778e+01
 1.9462e+04	 1.3490e+03	 6.0534e+00	 3.2881e-01	 3.6317e+02	 1.3955e+03	-8.6891e+01	 2.8121e+05	 1.5275e+04	-1.8410e+01
 2.9193e+04	 1.3490e+03	 5.9881e+00	 4.2704e-01	 3.6317e+02	 1.3982e+03	-8.5921e+01	 1.4435e+05	 1.0295e+04	-1.4022e+01
 4.3789e+04	 1.3490e+03	 5.8902e+00	 5.5423e-01	 3.6317e+02	 1.4007e+03	-8.4625e+01	 7.4149e+04	 6.9770e+03	-1.0628e+01
 6.5684e+04	 1.3490e+03	 5.7428e+00	 7.0828e-01	 3.6317e+02	 1.4031e+03	-8.2969e+01	 3.8681e+04	 4.7708e+03	-8.1080e+00
 9.8526e+04	 1.3490e+03	 5.5253e+00	 8.7239e-01	 3.6316e+02	 1.4059e+03	-8.1028e+01	 2.0937e+04	 3.3057e+03	-6.3335e+00
 1.4779e+05	 1.3490e+03	 5.2258e+00	 1.0112e+00	 3.6316e+02	 1.4084e+03	-7.9049e+01	 1.2042e+04	 2.3301e+03	-5.1681e+00
 2.2168e+05	 1.3490e+03	 4.8628e+00	 1.0780e+00	 3.6317e+02	 1.4111e+03	-7.7501e+01	 7.5305e+03	 1.6694e+03	-4.5110e+00
 3.3253e+05	 1.3490e+03	 4.4877e+00	 1.0443e+00	 3.6317e+02	 1.4137e+03	-7.6901e+01	 5.1823e+03	 1.2059e+03	-4.2974e+00
 4.9879e+05	 1.3490e+03	-6.6553e+00	 5.4478e+01	 3.6316e+02	 1.4166e+03	 6.9650e+00	 6.6227e+01	-5.4211e+02	 1.2217e-01
 7.4818e+05	 1.3490e+03	 3.9763e+00	 6.6967e-01	 3.6316e+02	 1.4230e+03	-8.0440e+01	 3.5917e+03	 6.0490e+02	-5.9377e+00
 9.0000e+05	 1.3490e+03	 3.8955e+00	 5.8403e-01	 3.6316e+02	 1.4306e+03	-8.1473e+01	 3.4236e+03	 5.1329e+02	-6.6700e+00
 1.0000e+02	 1.4279e+03	 6.4591e+00	 2.2627e-01	 3.6315e+02	 1.4389e+03	-8.7994e+01	 7.9533e+07	 2.7861e+06	-2.8547e+01
 1.5000e+02	 1.4279e+03	 6.4111e+00	 1.9805e-01	 3.6316e+02	 1.4417e+03	-8.8231e+01	 6.0576e+07	 1.8713e+06	-3.2371e+01
 2.2500e+02	 1.4279e+03	 6.3719e+00	 1.7679e-01	 3.6316e+02	 1.4443e+03	-8.8411e+01	 4.5240e+07	 1.2552e+06	-3.6042e+01
 3.3750e+02	 1.4279e+03	 6.3362e+00	 1.5849e-01	 3.6316e+02	 1.4471e+03	-8.8567e+01	 3.3643e+07	 8.4152e+05	-3.9979e+01
 5.0625e+02	 1.4279e+03	 6.3051e+00	 1.4398e-01	 3.6317e+02	 1.4497e+03	-8.8692e+01	 2.4690e+07	 5.6379e+05	-4.3793e+01
 7.5938e+02	 1.4279e+03	 6.2774e+00	 1.3428e-01	 3.6316e+02	 1.4524e+03	-8.8775e+01	 1.7648e+07	 3.7751e+05	-4.6747e+01
 1.1391e+03	 1.4279e+03	 6.2520e+00	 1.2959e-01	 3.6316e+02	 1.4574e+03	-8.8813e+01	 1.2191e+07	 2.5270e+05	-4.8244e+01
 1.7086e+03	 1.4279e+03	 6.2288e+00	 1.2959e-01	 3.6316e+02	 1.4599e+03	-8.8808e+01	 8.1274e+06	 1.6909e+05	-4.8065e+01
 2.5629e+03	 1.4279e+03	 6.2060e+00	 1.3613e-01	 3.6316e+02	 1.4624e+03	-8.8743e+01	 5.1582e+06	 1.1314e+05	-4.5590e+01
 3.8443e+03	 1.4279e+03	 6.1834e+00	 1.5056e-01	 3.6316e+02	 1.4652e+03	-8.8605e+01	 3.1091e+06	 7.5704e+04	-4.1068e+01
 5.7665e+03	 1.4279e+03	 6.1592e+00	 1.7540e-01	 3.6316e+02	 1.4676e+03	-8.8369e+01	 1.7792e+06	 5.0668e+04	-3.5115e+01
 8.6498e+03	 1.4279e+03	 6.1305e+00	 2.1340e-01	 3.6316e+02	 1.4704e+03	-8.8006e+01	 9.7493e+05	 3.3937e+04	-2.8728e+01
 1.2975e+04	 1.4279e+03	 6.0945e+00	 2.6878e-01	 3.6316e+02	 1.4729e+03	-8.7475e+01	 5.1604e+05	 2.2758e+04	-2.2675e+01
 1.9462e+04	 1.4279e+03	 6.0467e+00	 3.4651e-01	 3.6316e+02	 1.4757e+03	-8.6720e+01	 2.6685e+05	 1.5292e+04	-1.7450e+01
 2.9193e+04	 1.4279e+03	 5.9765e+00	 4.5158e-01	 3.6316e+02	 1.4781e+03	-8.5679e+01	 1.3651e+05	 1.0314e+04	-1.3235e+01
 4.3789e+04	 1.4279e+03	 5.8706e+00	 5.8639e-01	 3.6316e+02	 1.4806e+03	-8.4296e+01	 7.0084e+04	 7.0004e+03	-1.0011e+01
 6.5684e+04	 1.4279e+03	 5.7096e+00	 7.4646e-01	 3.6316e+02	 1.4832e+03	-8.2552e+01	 3.6703e+04	 4.7984e+03	-7.6490e+00
 9.8526e+04	 1.4279e+03	 5.4741e+00	 9.1065e-01	 3.6316e+02	 1.4858e+03	-8.0555e+01	 2.0057e+04	 3.3366e+03	-6.0111e+00
 1.4779e+05	 1.4279e+03	 5.1570e+00	 1.0395e+00	 3.6316e+02	 1.4884e+03	-7.8603e+01	 1.1714e+04	 2.3612e+03	-4.9609e+00
 2.2168e+05	 1.4279e+03	 4.7847e+00	 1.0876e+00	 3.6316e+02	 1.4909e+03	-7.7194e+01	 7.4638e+03	 1.6966e+03	-4.3993e+00
 3.3253e+05	 1.4279e+03	 4.4135e+00	 1.0340e+00	 3.6316e+02	 1.4938e+03	-7.6815e+01	 5.2340e+03	 1.2262e+03	-4.2685e+00
 4.9879e+05	 1.4279e+03	-6.4304e+00	 5.3660e+01	 3.6315e+02	 1.4965e+03	 6.8336e+00	 6.7236e+01	-5.6106e+02	 1.1984e-01
 7.4818e+05	 1.4279e+03	 3.9294e+00	 6.3421e-01	 3.6315e+02	 1.5032e+03	-8.0831e+01	 3.7925e+03	 6.1212e+02	-6.1957e+00
 9.0000e+05	 1.4279e+03	 3.8550e+00	 5.4393e-01	 3.6315e+02	 1.5111e+03	-8.1969e+01	 3.6761e+03	 5.1869e+02	-7.0872e+00
 1.0000e+02	 1.5084e+03	 6.4532e+00	 2.2310e-01	 3.6315e+02	 1.5190e+03	-8.8020e+01	 8.0661e+07	 2.7886e+06	-2.8925e+01
 1.5000e+02	 1.5084e+03	 6.4061e+00	 1.9625e-01	 3.6315e+02	 1.5214e+03	-8.8245e+01	 6.1133e+07	 1.8728e+06	-3.2643e+01
 2.2500e+02	 1.5084e+03	 6.3676e+00	 1.7441e-01	 3.6315e+02	 1.5239e+03	-8.8431e+01	 4.5859e+07	 1.2561e+06	-3.6510e+01
 3.3750e+02	 1.5084e+03	 6.3326e+00	 1.5656e-01	 3.6315e+02	 1.5267e+03	-8.8584e+01	 3.4057e+07	 8.4200e+05	-4.0447e+01
 5.0625e+02	 1.5084e+03	 6.3018e+00	 1.4305e-01	 3.6316e+02	 1.5292e+03	-8.8700e+01	 2.4849e+07	 5.6407e+05	-4.4053e+01
 7.5938e+02	 1.5084e+03	 6.2746e+00	 1.3393e-01	 3.6316e+02	 1.5322e+03	-8.8777e+01	 1.7694e+07	 3.7768e+05	-4.6849e+01
 1.1391e+03	 1.5084e+03	 6.2499e+00	 1.2898e-01	 3.6316e+02	 1.5375e+03	-8.8818e+01	 1.2249e+07	 2.5278e+05	-4.8456e+01
 1.7086e+03	 1.5084e+03	 6.2266e+00	 1.3032e-01	 3.6316e+02	 1.5399e+03	-8.8801e+01	 8.0822e+06	 1.6915e+05	-4.7780e+01
 2.5629e+03	 1.5084e+03	 6.2042e+00	 1.3790e-01	 3.6316e+02	 1.5427e+03	-8.8727e+01	 5.0919e+06	 1.1317e+05	-4.4992e+01
 3.8443e+03	 1.5084e+03	 6.1815e+00	 1.5378e-01	 3.6316e+02	 1.5452e+03	-8.8575e+01	 3.0441e+06	 7.5727e+04	-4.0198e+01
 5.7665e+03	 1.5084e+03	 6.1571e+00	 1.8032e-01	 3.6316e+02	 1.5476e+03	-8.8322e+01	 1.7306e+06	 5.0685e+04	-3.4145e+01
 8.6498e+03	 1.5084e+03	 6.1279e+00	 2.2123e-01	 3.6316e+02	 1.5503e+03	-8.7932e+01	 9.4042e+05	 3.3951e+04	-2.7699e+01
 1.2975e+04	 1.5084e+03	 6.0911e+00	 2.8048e-01	 3.6316e+02	 1.5529e+03	-8.7363e+01	 4.9450e+05	 2.2771e+04	-2.1716e+01
 1.9462e+04	 1.5084e+03	 6.0407e+00	 3.6344e-01	 3.6316e+02	 1.5556e+03	-8.6557e+01	 2.5442e+05	 1.5307e+04	-1.6621e+01
 2.9193e+04	 1.5084e+03	 5.9660e+00	 4.7493e-01	 3.6316e+02	 1.5581e+03	-8.5449e+01	 1.2980e+05	 1.0333e+04	-1.2562e+01
 4.3789e+04	 1.5084e+03	 5.8519e+00	 6.1647e-01	 3.6316e+02	 1.5607e+03	-8.3986e+01	 6.6663e+04	 7.0227e+03	-9.4925e+00
 6.5684e+04	 1.5084e+03	 5.6782e+00	 7.8149e-01	 3.6316e+02	 1.5632e+03	-8.2164e+01	 3.5058e+04	 4.8250e+03	-7.2658e+00
 9.8526e+04	 1.5084e+03	 5.4264e+00	 9.4457e-01	 3.6316e+02	 1.5658e+03	-8.0125e+01	 1.9337e+04	 3.3659e+03	-5.7448e+00
 1.4779e+05	 1.5084e+03	 5.0943e+00	 1.0632e+00	 3.6316e+02	 1.5684e+03	-7.8211e+01	 1.1453e+04	 2.3902e+03	-4.7914e+00
 2.2168e+05	 1.5084e+03	 4.7153e+00	 1.0938e+00	 3.6316e+02	 1.5708e+03	-7.6940e+01	 7.4215e+03	 1.7216e+03	-4.3109e+00
 3.3253e+05	 1.5084e+03	 4.3486e+00	 1.0236e+00	 3.6316e+02	 1.5735e+03	-7.6755e+01	 5.2872e+03	 1.2445e+03	-4.2484e+00
 4.9879e+05	 1.5084e+03	-6.2325e+00	 5.2957e+01	 3.6317e+02	 1.5762e+03	 6.7122e+00	 6.8129e+01	-5.7889e+02	 1.1769e-01
 7.4818e+05	 1.5084e+03	 3.8854e+00	 6.2292e-01	 3.6316e+02	 1.5825e+03	-8.0892e+01	 3.8612e+03	 6.1905e+02	-6.2373e+00
 9.0000e+05	 1.5084e+03	 3.8147e+00	 5.4211e-01	 3.6316e+02	 1.5905e+03	-8.1912e+01	 3.6884e+03	 5.2417e+02	-7.0367e+00
 1.0000e+02	 1.5878e+03	 6.4494e+00	 2.2131e-01	 3.6316e+02	 1.5983e+03	-8.8035e+01	 8.1314e+07	 2.7903e+06	-2.9142e+01
 1.5000e+02	 1.5878e+03	 6.4042e+00	 1.9392e-01	 3.6316e+02	 1.6008e+03	-8.8266e+01	 6.1867e+07	 1.8733e+06	-3.3025e+01
 2.2500e+02	 1.5878e+03	 6.3647e+00	 1.7323e-01	 3.6316e+02	 1.6034e+03	-8.8441e+01	 4.6170e+07	 1.2566e+06	-3.6741e+01
 3.3750e+02	 1.5878e+03	 6.3304e+00	 1.5572e-01	 3.6316e+02	 1.6060e+03	-8.8591e+01	 3.4241e+07	 8.4230e+05	-4.0652e+01
 5.0625e+02	 1.5878e+03	 6.3000e+00	 1.4243e-01	 3.6316e+02	 1.6087e+03	-8.8705e+01	 2.4958e+07	 5.6424e+05	-4.4233e+01
 7.5938e+02	 1.5878e+03	 6.2728e+00	 1.3361e-01	 3.6316e+02	 1.6112e+03	-8.8780e+01	 1.7736e+07	 3.7779e+05	-4.6948e+01
 1.1391e+03	 1.5878e+03	 6.2481e+00	 1.2946e-01	 3.6315e+02	 1.6164e+03	-8.8813e+01	 1.2203e+07	 2.5286e+05	-4.8262e+01
 1.7086e+03	 1.5878e+03	 6.2252e+00	 1.3121e-01	 3.6315e+02	 1.6188e+03	-8.8793e+01	 8.0275e+06	 1.6919e+05	-4.7446e+01
 2.5629e+03	 1.5878e+03	 6.2029e+00	 1.3974e-01	 3.6315e+02	 1.6216e+03	-8.8709e+01	 5.0246e+06	 1.1320e+05	-4.4388e+01
 3.8443e+03	 1.5878e+03	 6.1801e+00	 1.5682e-01	 3.6316e+02	 1.6241e+03	-8.8546e+01	 2.9850e+06	 7.5745e+04	-3.9409e+01
 5.7665e+03	 1.5878e+03	 6.1554e+00	 1.8531e-01	 3.6315e+02	 1.6267e+03	-8.8276e+01	 1.6840e+06	 5.0699e+04	-3.3217e+01
 8.6498e+03	 1.5878e+03	 6.1257e+00	 2.2851e-01	 3.6316e+02	 1.6294e+03	-8.7864e+01	 9.1047e+05	 3.3963e+04	-2.6808e+01
 1.2975e+04	 1.5878e+03	 6.0879e+00	 2.9132e-01	 3.6316e+02	 1.6322e+03	-8.7260e+01	 4.7611e+05	 2.2783e+04	-2.0898e+01
 1.9462e+04	 1.5878e+03	 6.0351e+00	 3.7884e-01	 3.6315e+02	 1.6346e+03	-8.6408e+01	 2.4408e+05	 1.5321e+04	-1.5931e+01
 2.9193e+04	 1.5878e+03	 5.9562e+00	 4.9607e-01	 3.6316e+02	 1.6371e+03	-8.5239e+01	 1.2426e+05	 1.0349e+04	-1.2007e+01
 4.3789e+04	 1.5878e+03	 5.8346e+00	 6.4361e-01	 3.6315e+02	 1.6398e+03	-8.3705e+01	 6.3853e+04	 7.0435e+03	-9.0655e+00
 6.5684e+04	 1.5878e+03	 5.6496e+00	 8.1234e-01	 3.6316e+02	 1.6422e+03	-8.1818e+01	 3.3726e+04	 4.8494e+03	-6.9548e+00
 9.8526e+04	 1.5878e+03	 5.3831e+00	 9.7368e-01	 3.6315e+02	 1.6450e+03	-7.9747e+01	 1.8759e+04	 3.3930e+03	-5.5287e+00
 1.4779e+05	 1.5878e+03	 5.0383e+00	 1.0823e+00	 3.6315e+02	 1.6476e+03	-7.7876e+01	 1.1250e+04	 2.4168e+03	-4.6550e+00
 2.2168e+05	 1.5878e+03	 4.6548e+00	 1.0978e+00	 3.6315e+02	 1.6502e+03	-7.6730e+01	 7.3947e+03	 1.7440e+03	-4.2402e+00
 3.3253e+05	 1.5878e+03	 4.2926e+00	 1.0134e+00	 3.6315e+02	 1.6528e+03	-7.6716e+01	 5.3401e+03	 1.2607e+03	-4.2357e+00
 4.9879e+05	 1.5878e+03	-6.0561e+00	 5.2353e+01	 3.6315e+02	 1.6556e+03	 6.5985e+00	 6.8915e+01	-5.9575e+02	 1.1568e-01
 7.4818e+05	 1.5878e+03	 3.8493e+00	 6.0420e-01	 3.6315e+02	 1.6621e+03	-8.1079e+01	 3.9809e+03	 6.2485e+02	-6.3709e+00
 9.0000e+05	 1.5878e+03	 3.7829e+00	 5.2388e-01	 3.6315e+02	 1.6698e+03	-8.2116e+01	 3.8168e+03	 5.2857e+02	-7.2210e+00
 1.0000e+02	 1.6671e+03	 6.4469e+00	 2.2009e-01	 3.6315e+02	 1.6779e+03	-8.8045e+01	 8.1765e+07	 2.7914e+06	-2.9292e+01
 1.5000e+02	 1.6671e+03	 6.4028e+00	 1.9236e-01	 3.6315e+02	 1.6805e+03	-8.8279e+01	 6.2368e+07	 1.8737e+06	-3.3285e+01
 2.2500e+02	 1.6671e+03	 6.3625e+00	 1.7239e-01	 3.6315e+02	 1.6832e+03	-8.8448e+01	 4.6396e+07	 1.2571e+06	-3.6908e+01
 3.3750e+02	 1.6671e+03	 6.3284e+00	 1.5516e-01	 3.6315e+02	 1.6859e+03	-8.8596e+01	 3.4366e+07	 8.4256e+05	-4.0788e+01
 5.0625e+02	 1.6671e+03	 6.2984e+00	 1.4219e-01	 3.6315e+02	 1.6887e+03	-8.8707e+01	 2.4999e+07	 5.6439e+05	-4.4295e+01
 7.5938e+02	 1.6671e+03	 6.2713e+00	 1.3376e-01	 3.6315e+02	 1.6912e+03	-8.8778e+01	 1.7717e+07	 3.7788e+05	-4.6884e+01
 1.1391e+03	 1.6671e+03	 6.2468e+00	 1.3016e-01	 3.6316e+02	 1.6964e+03	-8.8806e+01	 1.2138e+07	 2.5291e+05	-4.7994e+01
 1.7086e+03	 1.6671e+03	 6.2241e+00	 1.3228e-01	 3.6316e+02	 1.6992e+03	-8.8782e+01	 7.9622e+06	 1.6922e+05	-4.7052e+01
 2.5629e+03	 1.6671e+03	 6.2018e+00	 1.4146e-01	 3.6316e+02	 1.7018e+03	-8.8693e+01	 4.9635e+06	 1.1322e+05	-4.3840e+01
 3.8443e+03	 1.6671e+03	 6.1791e+00	 1.5968e-01	 3.6315e+02	 1.7045e+03	-8.8520e+01	 2.9315e+06	 7.5757e+04	-3.8696e+01
 5.7665e+03	 1.6671e+03	 6.1541e+00	 1.8950e-01	 3.6315e+02	 1.7069e+03	-8.8236e+01	 1.6468e+06	 5.0710e+04	-3.2475e+01
 8.6498e+03	 1.6671e+03	 6.1241e+00	 2.3497e-01	 3.6316e+02	 1.7095e+03	-8.7803e+01	 8.8544e+05	 3.3972e+04	-2.6064e+01
 1.2975e+04	 1.6671e+03	 6.0852e+00	 3.0084e-01	 3.6316e+02	 1.7121e+03	-8.7170e+01	 4.6104e+05	 2.2793e+04	-2.0227e+01
 1.9462e+04	 1.6671e+03	 6.0306e+00	 3.9254e-01	 3.6315e+02	 1.7145e+03	-8.6276e+01	 2.3556e+05	 1.5333e+04	-1.5363e+01
 2.9193e+04	 1.6671e+03	 5.9479e+00	 5.1483e-01	 3.6315e+02	 1.7172e+03	-8.5053e+01	 1.1974e+05	 1.0364e+04	-1.1553e+01
 4.3789e+04	 1.6671e+03	 5.8193e+00	 6.6745e-01	 3.6315e+02	 1.7197e+03	-8.3457e+01	 6.1572e+04	 7.0620e+03	-8.7187e+00
 6.5684e+04	 1.6671e+03	 5.6241e+00	 8.3917e-01	 3.6316e+02	 1.7225e+03	-8.1514e+01	 3.2648e+04	 4.8714e+03	-6.7020e+00
 9.8526e+04	 1.6671e+03	 5.3449e+00	 9.9839e-01	 3.6316e+02	 1.7251e+03	-7.9420e+01	 1.8294e+04	 3.4172e+03	-5.3536e+00
 1.4779e+05	 1.6671e+03	 4.9904e+00	 1.0979e+00	 3.6316e+02	 1.7279e+03	-7.7592e+01	 1.1091e+04	 2.4400e+03	-4.5453e+00
 2.2168e+05	 1.6671e+03	 4.6034e+00	 1.1003e+00	 3.6316e+02	 1.7305e+03	-7.6557e+01	 7.3775e+03	 1.7634e+03	-4.1836e+00
 3.3253e+05	 1.6671e+03	 4.2459e+00	 1.0047e+00	 3.6316e+02	 1.7332e+03	-7.6687e+01	 5.3865e+03	 1.2746e+03	-4.2261e+00
 4.9879e+05	 1.6671e+03	-5.9089e+00	 5.1848e+01	 3.6316e+02	 1.7360e+03	 6.5018e+00	 6.9586e+01	-6.1058e+02	 1.1397e-01
 7.4818e+05	 1.6671e+03	 3.8186e+00	 5.8946e-01	 3.6316e+02	 1.7424e+03	-8.1225e+01	 4.0804e+03	 6.2988e+02	-6.4781e+00
 9.0000e+05	 1.6671e+03	 3.7556e+00	 5.0877e-01	 3.6316e+02	 1.7502e+03	-8.2285e+01	 3.9301e+03	 5.3241e+02	-7.3817e+00
 1.0000e+02	 1.7476e+03	 6.4452e+00	 2.1962e-01	 3.6315e+02	 1.7581e+03	-8.8048e+01	 8.1939e+07	 2.7921e+06	-2.9347e+01
 1.5000e+02	 1.7476e+03	 6.3989e+00	 1.9290e-01	 3.6315e+02	 1.7609e+03	-8.8273e+01	 6.2195e+07	 1.8749e+06	-3.3173e+01
 2.2500e+02	 1.7476e+03	 6.3611e+00	 1.7205e-01	 3.6315e+02	 1.7634e+03	-8.8451e+01	 4.6487e+07	 1.2573e+06	-3.6973e+01
 3.3750e+02	 1.7476e+03	 6.3272e+00	 1.5497e-01	 3.6315e+02	 1.7662e+03	-8.8597e+01	 3.4407e+07	 8.4273e+05	-4.0828e+01
 5.0625e+02	 1.7476e+03	 6.2972e+00	 1.4237e-01	 3.6316e+02	 1.7687e+03	-8.8705e+01	 2.4967e+07	 5.6449e+05	-4.4230e+01
 7.5938e+02	 1.7476e+03	 6.2705e+00	 1.3387e-01	 3.6316e+02	 1.7715e+03	-8.8777e+01	 1.7702e+07	 3.7793e+05	-4.6840e+01
 1.1391e+03	 1.7476e+03	 6.2459e+00	 1.3066e-01	 3.6316e+02	 1.7769e+03	-8.8802e+01	 1.2091e+07	 2.5295e+05	-4.7803e+01
 1.7086e+03	 1.7476e+03	 6.2233e+00	 1.3325e-01	 3.6316e+02	 1.7794e+03	-8.8773e+01	 7.9041e+06	 1.6924e+05	-4.6702e+01
 2.5629e+03	 1.7476e+03	 6.2011e+00	 1.4315e-01	 3.6316e+02	 1.7822e+03	-8.8678e+01	 4.9049e+06	 1.1323e+05	-4.3318e+01
 3.8443e+03	 1.7476e+03	 6.1780e+00	 1.6215e-01	 3.6316e+02	 1.7847e+03	-8.8497e+01	 2.8869e+06	 7.5770e+04	-3.8101e+01
 5.7665e+03	 1.7476e+03	 6.1532e+00	 1.9345e-01	 3.6316e+02	 1.7871e+03	-8.8199e+01	 1.6132e+06	 5.0717e+04	-3.1808e+01
 8.6498e+03	 1.7476e+03	 6.1230e+00	 2.4075e-01	 3.6316e+02	 1.7898e+03	-8.7748e+01	 8.6418e+05	 3.3978e+04	-2.5433e+01
 1.2975e+04	 1.7476e+03	 6.0832e+00	 3.0920e-01	 3.6316e+02	 1.7923e+03	-8.7090e+01	 4.4857e+05	 2.2800e+04	-1.9674e+01
 1.9462e+04	 1.7476e+03	 6.0269e+00	 4.0437e-01	 3.6317e+02	 1.7949e+03	-8.6161e+01	 2.2866e+05	 1.5342e+04	-1.4904e+01
 2.9193e+04	 1.7476e+03	 5.9401e+00	 5.3059e-01	 3.6316e+02	 1.7973e+03	-8.4896e+01	 1.1618e+05	 1.0378e+04	-1.1195e+01
 4.3789e+04	 1.7476e+03	 5.8062e+00	 6.8787e-01	 3.6316e+02	 1.7999e+03	-8.3244e+01	 5.9744e+04	 7.0780e+03	-8.4408e+00
 6.5684e+04	 1.7476e+03	 5.6019e+00	 8.6188e-01	 3.6316e+02	 1.8024e+03	-8.1253e+01	 3.1788e+04	 4.8907e+03	-6.4996e+00
 9.8526e+04	 1.7476e+03	 5.3129e+00	 1.0186e+00	 3.6315e+02	 1.8050e+03	-7.9146e+01	 1.7931e+04	 3.4379e+03	-5.2157e+00
 1.4779e+05	 1.7476e+03	 4.9501e+00	 1.1103e+00	 3.6315e+02	 1.8076e+03	-7.7357e+01	 1.0967e+04	 2.4599e+03	-4.4582e+00
 2.2168e+05	 1.7476e+03	 4.5613e+00	 1.1019e+00	 3.6315e+02	 1.8100e+03	-7.6419e+01	 7.3669e+03	 1.7797e+03	-4.1394e+00
 3.3253e+05	 1.7476e+03	 4.2079e+00	 9.9728e-01	 3.6316e+02	 1.8126e+03	-7.6667e+01	 5.4266e+03	 1.2861e+03	-4.2194e+00
 4.9879e+05	 1.7476e+03	-5.7956e+00	 5.1435e+01	 3.6316e+02	 1.8154e+03	 6.4288e+00	 7.0145e+01	-6.2253e+02	 1.1268e-01
 7.4818e+05	 1.7476e+03	 3.7935e+00	 5.7926e-01	 3.6316e+02	 1.8222e+03	-8.1318e+01	 4.1523e+03	 6.3405e+02	-6.5488e+00
 9.0000e+05	 1.7476e+03	 3.7327e+00	 5.0100e-01	 3.6316e+02	 1.8300e+03	-8.2355e+01	 3.9911e+03	 5.3568e+02	-7.4504e+00
 1.0000e+02	 1.8273e+03	 6.4441e+00	 2.1938e-01	 3.6315e+02	 1.8383e+03	-8.8050e+01	 8.2030e+07	 2.7926e+06	-2.9374e+01
 1.5000e+02	 1.8273e+03	 6.4009e+00	 1.9393e-01	 3.6315e+02	 1.8408e+03	-8.8265e+01	 6.1862e+07	 1.8743e+06	-3.3006e+01
 2.2500e+02	 1.8273e+03	 6.3606e+00	 1.7211e-01	 3.6316e+02	 1.8434e+03	-8.8450e+01	 4.6470e+07	 1.2574e+06	-3.6956e+01
 3.3750e+02	 1.8273e+03	 6.3266e+00	 1.5511e-01	 3.6316e+02	 1.8460e+03	-8.8596e+01	 3.4376e+07	 8.4280e+05	-4.0788e+01
 5.0625e+02	 1.8273e+03	 6.2966e+00	 1.4242e-01	 3.6316e+02	 1.8488e+03	-8.8704e+01	 2.4959e+07	 5.6455e+05	-4.4210e+01
 7.5938e+02	 1.8273e+03	 6.2700e+00	 1.3426e-01	 3.6315e+02	 1.8514e+03	-8.8773e+01	 1.7651e+07	 3.7796e+05	-4.6699e+01
 1.1391e+03	 1.8273e+03	 6.2458e+00	 1.3126e-01	 3.6315e+02	 1.8566e+03	-8.8796e+01	 1.2036e+07	 2.5295e+05	-4.7584e+01
 1.7086e+03	 1.8273e+03	 6.2227e+00	 1.3403e-01	 3.6315e+02	 1.8590e+03	-8.8766e+01	 7.8584e+06	 1.6926e+05	-4.6428e+01
 2.5629e+03	 1.8273e+03	 6.2005e+00	 1.4453e-01	 3.6315e+02	 1.8617e+03	-8.8665e+01	 4.8582e+06	 1.1324e+05	-4.2901e+01
 3.8443e+03	 1.8273e+03	 6.1778e+00	 1.6421e-01	 3.6315e+02	 1.8641e+03	-8.8477e+01	 2.8507e+06	 7.5773e+04	-3.7621e+01
 5.7665e+03	 1.8273e+03	 6.1527e+00	 1.9654e-01	 3.6315e+02	 1.8667e+03	-8.8170e+01	 1.5878e+06	 5.0721e+04	-3.1304e+01
 8.6498e+03	 1.8273e+03	 6.1220e+00	 2.4535e-01	 3.6315e+02	 1.8694e+03	-8.7705e+01	 8.4796e+05	 3.3984e+04	-2.4952e+01
 1.2975e+04	 1.8273e+03	 6.0816e+00	 3.1605e-01	 3.6315e+02	 1.8722e+03	-8.7025e+01	 4.3885e+05	 2.2806e+04	-1.9243e+01
 1.9462e+04	 1.8273e+03	 6.0237e+00	 4.1438e-01	 3.6315e+02	 1.8747e+03	-8.6065e+01	 2.2314e+05	 1.5350e+04	-1.4537e+01
 2.9193e+04	 1.8273e+03	 5.9342e+00	 5.4400e-01	 3.6315e+02	 1.8774e+03	-8.4762e+01	 1.1332e+05	 1.0388e+04	-1.0908e+01
 4.3789e+04	 1.8273e+03	 5.7953e+00	 7.0474e-01	 3.6315e+02	 1.8799e+03	-8.3067e+01	 5.8314e+04	 7.0913e+03	-8.2233e+00
 6.5684e+04	 1.8273e+03	 5.5836e+00	 8.8039e-01	 3.6316e+02	 1.8824e+03	-8.1040e+01	 3.1120e+04	 4.9067e+03	-6.3422e+00
 9.8526e+04	 1.8273e+03	 5.2862e+00	 1.0350e+00	 3.6315e+02	 1.8851e+03	-7.8922e+01	 1.7647e+04	 3.4552e+03	-5.1073e+00
 1.4779e+05	 1.8273e+03	 4.9173e+00	 1.1199e+00	 3.6316e+02	 1.8876e+03	-7.7170e+01	 1.0873e+04	 2.4763e+03	-4.3909e+00
 2.2168e+05	 1.8273e+03	 4.5273e+00	 1.1028e+00	 3.6316e+02	 1.8904e+03	-7.6310e+01	 7.3609e+03	 1.7931e+03	-4.1052e+00
 3.3253e+05	 1.8273e+03	 4.1772e+00	 9.9146e-01	 3.6315e+02	 1.8930e+03	-7.6648e+01	 5.4584e+03	 1.2956e+03	-4.2131e+00
 4.9879e+05	 1.8273e+03	-5.7012e+00	 5.1103e+01	 3.6316e+02	 1.8959e+03	 6.3657e+00	 7.0600e+01	-6.3283e+02	 1.1156e-01
 7.4818e+05	 1.8273e+03	 3.7732e+00	 5.6892e-01	 3.6315e+02	 1.9023e+03	-8.1426e+01	 4.2278e+03	 6.3745e+02	-6.6323e+00
 9.0000e+05	 1.8273e+03	 3.7149e+00	 4.9025e-01	 3.6315e+02	 1.9100e+03	-8.2482e+01	 4.0786e+03	 5.3825e+02	-7.5774e+00
 1.0000e+02	 1.9073e+03	 6.4434e+00	 2.1949e-01	 3.6316e+02	 1.9182e+03	-8.8049e+01	 8.1987e+07	 2.7929e+06	-2.9355e+01
 1.5000e+02	 1.9073e+03	 6.3965e+00	 1.9367e-01	 3.6315e+02	 1.9206e+03	-8.8266e+01	 6.1945e+07	 1.8756e+06	-3.3027e+01
 2.2500e+02	 1.9073e+03	 6.3601e+00	 1.7212e-01	 3.6316e+02	 1.9234e+03	-8.8450e+01	 4.6468e+07	 1.2576e+06	-3.6951e+01
 3.3750e+02	 1.9073e+03	 6.3260e+00	 1.5513e-01	 3.6316e+02	 1.9260e+03	-8.8595e+01	 3.4371e+07	 8.4287e+05	-4.0779e+01
 5.0625e+02	 1.9073e+03	 6.2961e+00	 1.4258e-01	 3.6316e+02	 1.9287e+03	-8.8703e+01	 2.4931e+07	 5.6459e+05	-4.4158e+01
 7.5938e+02	 1.9073e+03	 6.2695e+00	 1.3489e-01	 3.6315e+02	 1.9314e+03	-8.8767e+01	 1.7568e+07	 3.7799e+05	-4.6478e+01
 1.1391e+03	 1.9073e+03	 6.2451e+00	 1.3159e-01	 3.6315e+02	 1.9364e+03	-8.8793e+01	 1.2006e+07	 2.5298e+05	-4.7460e+01
 1.7086e+03	 1.9073e+03	 6.2223e+00	 1.3510e-01	 3.6315e+02	 1.9388e+03	-8.8756e+01	 7.7959e+06	 1.6927e+05	-4.6057e+01
 2.5629e+03	 1.9073e+03	 6.2001e+00	 1.4566e-01	 3.6315e+02	 1.9416e+03	-8.8654e+01	 4.8206e+06	 1.1325e+05	-4.2566e+01
 3.8443e+03	 1.9073e+03	 6.1772e+00	 1.6587e-01	 3.6316e+02	 1.9440e+03	-8.8462e+01	 2.8222e+06	 7.5780e+04	-3.7242e+01
 5.7665e+03	 1.9073e+03	 6.1521e+00	 1.9901e-01	 3.6316e+02	 1.9465e+03	-8.8147e+01	 1.5681e+06	 5.0726e+04	-3.0913e+01
 8.6498e+03	 1.9073e+03	 6.1211e+00	 2.4922e-01	 3.6316e+02	 1.9493e+03	-8.7669e+01	 8.3481e+05	 3.3989e+04	-2.4561e+01
 1.2975e+04	 1.9073e+03	 6.0803e+00	 3.2166e-01	 3.6316e+02	 1.9519e+03	-8.6972e+01	 4.3119e+05	 2.2811e+04	-1.8903e+01
 1.9462e+04	 1.9073e+03	 6.0212e+00	 4.2220e-01	 3.6315e+02	 1.9544e+03	-8.5989e+01	 2.1901e+05	 1.5357e+04	-1.4262e+01
 2.9193e+04	 1.9073e+03	 5.9292e+00	 5.5475e-01	 3.6316e+02	 1.9569e+03	-8.4655e+01	 1.1112e+05	 1.0397e+04	-1.0688e+01
 4.3789e+04	 1.9073e+03	 5.7865e+00	 7.1815e-01	 3.6316e+02	 1.9594e+03	-8.2925e+01	 5.7225e+04	 7.1021e+03	-8.0575e+00
 6.5684e+04	 1.9073e+03	 5.5690e+00	 8.9505e-01	 3.6316e+02	 1.9619e+03	-8.0869e+01	 3.0610e+04	 4.9197e+03	-6.2219e+00
 9.8526e+04	 1.9073e+03	 5.2650e+00	 1.0476e+00	 3.6315e+02	 1.9647e+03	-7.8747e+01	 1.7435e+04	 3.4691e+03	-5.0258e+00
 1.4779e+05	 1.9073e+03	 4.8916e+00	 1.1274e+00	 3.6315e+02	 1.9673e+03	-7.7021e+01	 1.0800e+04	 2.4893e+03	-4.3387e+00
 2.2168e+05	 1.9073e+03	 4.5006e+00	 1.1035e+00	 3.6316e+02	 1.9700e+03	-7.6223e+01	 7.3562e+03	 1.8037e+03	-4.0784e+00
 3.3253e+05	 1.9073e+03	 4.1533e+00	 9.8707e-01	 3.6315e+02	 1.9726e+03	-7.6631e+01	 5.4827e+03	 1.3030e+03	-4.2078e+00
 4.9879e+05	 1.9073e+03	-5.6352e+00	 5.0842e+01	 3.6316e+02	 1.9756e+03	 6.3248e+00	 7.0963e+01	-6.4023e+02	 1.1084e-01
 7.4818e+05	 1.9073e+03	 3.7574e+00	 5.6035e-01	 3.6316e+02	 1.9821e+03	-8.1518e+01	 4.2924e+03	 6.4014e+02	-6.7054e+00
 9.0000e+05	 1.9073e+03	 3.7003e+00	 4.8257e-01	 3.6315e+02	 1.9902e+03	-8.2570e+01	 4.1435e+03	 5.4036e+02	-7.6679e+00
 1.0000e+02	 1.9875e+03	 6.4435e+00	 2.1973e-01	 3.6315e+02	 1.9980e+03	-8.8047e+01	 8.1898e+07	 2.7929e+06	-2.9324e+01
 1.5000e+02	 1.9875e+03	 6.3966e+00	 1.9240e-01	 3.6315e+02	 2.0004e+03	-8.8277e+01	 6.2356e+07	 1.8755e+06	-3.3247e+01
 2.2500e+02	 1.9875e+03	 6.3599e+00	 1.7240e-01	 3.6316e+02	 2.0031e+03	-8.8447e+01	 4.6392e+07	 1.2576e+06	-3.6890e+01
 3.3750e+02	 1.9875e+03	 6.3259e+00	 1.5543e-01	 3.6315e+02	 2.0057e+03	-8.8593e+01	 3.4306e+07	 8.4289e+05	-4.0700e+01
 5.0625e+02	 1.9875e+03	 6.2959e+00	 1.4302e-01	 3.6316e+02	 2.0084e+03	-8.8699e+01	 2.4854e+07	 5.6461e+05	-4.4021e+01
 7.5938e+02	 1.9875e+03	 6.2695e+00	 1.3506e-01	 3.6315e+02	 2.0109e+03	-8.8766e+01	 1.7546e+07	 3.7799e+05	-4.6418e+01
 1.1391e+03	 1.9875e+03	 6.2445e+00	 1.3228e-01	 3.6315e+02	 2.0161e+03	-8.8786e+01	 1.1944e+07	 2.5300e+05	-4.7208e+01
 1.7086e+03	 1.9875e+03	 6.2220e+00	 1.3558e-01	 3.6315e+02	 2.0185e+03	-8.8752e+01	 7.7687e+06	 1.6928e+05	-4.5893e+01
 2.5629e+03	 1.9875e+03	 6.1998e+00	 1.4669e-01	 3.6315e+02	 2.0212e+03	-8.8645e+01	 4.7867e+06	 1.1326e+05	-4.2265e+01
 3.8443e+03	 1.9875e+03	 6.1771e+00	 1.6736e-01	 3.6315e+02	 2.0237e+03	-8.8448e+01	 2.7970e+06	 7.5781e+04	-3.6909e+01
 5.7665e+03	 1.9875e+03	 6.1517e+00	 2.0117e-01	 3.6315e+02	 2.0264e+03	-8.8127e+01	 1.5513e+06	 5.0729e+04	-3.0580e+01
 8.6498e+03	 1.9875e+03	 6.1207e+00	 2.5231e-01	 3.6315e+02	 2.0290e+03	-8.7639e+01	 8.2456e+05	 3.3991e+04	-2.4258e+01
 1.2975e+04	 1.9875e+03	 6.0792e+00	 3.2611e-01	 3.6315e+02	 2.0317e+03	-8.6929e+01	 4.2531e+05	 2.2816e+04	-1.8641e+01
 1.9462e+04	 1.9875e+03	 6.0192e+00	 4.2833e-01	 3.6316e+02	 2.0342e+03	-8.5930e+01	 2.1587e+05	 1.5362e+04	-1.4053e+01
 2.9193e+04	 1.9875e+03	 5.9255e+00	 5.6340e-01	 3.6315e+02	 2.0366e+03	-8.4569e+01	 1.0941e+05	 1.0403e+04	-1.0517e+01
 4.3789e+04	 1.9875e+03	 5.7794e+00	 7.2898e-01	 3.6316e+02	 2.0391e+03	-8.2811e+01	 5.6375e+04	 7.1108e+03	-7.9280e+00
 6.5684e+04	 1.9875e+03	 5.5573e+00	 9.0670e-01	 3.6315e+02	 2.0416e+03	-8.0734e+01	 3.0217e+04	 4.9300e+03	-6.1291e+00
 9.8526e+04	 1.9875e+03	 5.2483e+00	 1.0576e+00	 3.6315e+02	 2.0444e+03	-7.8606e+01	 1.7269e+04	 3.4802e+03	-4.9622e+00
 1.4779e+05	 1.9875e+03	 4.8712e+00	 1.1332e+00	 3.6315e+02	 2.0471e+03	-7.6904e+01	 1.0745e+04	 2.4997e+03	-4.2986e+00
 2.2168e+05	 1.9875e+03	 4.4798e+00	 1.1044e+00	 3.6316e+02	 2.0499e+03	-7.6152e+01	 7.3507e+03	 1.8121e+03	-4.0565e+00
 3.3253e+05	 1.9875e+03	 4.1347e+00	 9.8394e-01	 3.6315e+02	 2.0525e+03	-7.6614e+01	 5.5002e+03	 1.3089e+03	-4.2022e+00
 4.9879e+05	 1.9875e+03	-5.5873e+00	 5.0637e+01	 3.6314e+02	 2.0555e+03	 6.2966e+00	 7.1250e+01	-6.4573e+02	 1.1034e-01
 7.4818e+05	 1.9875e+03	 3.7442e+00	 5.5540e-01	 3.6315e+02	 2.0619e+03	-8.1563e+01	 4.3307e+03	 6.4239e+02	-6.7415e+00
 9.0000e+05	 1.9875e+03	 3.6889e+00	 4.7599e-01	 3.6314e+02	 2.0699e+03	-8.2648e+01	 4.2008e+03	 5.4204e+02	-7.7500e+00
 1.0000e+02	 2.0672e+03	 6.4432e+00	 2.1992e-01	 3.6315e+02	 2.0777e+03	-8.8045e+01	 8.1829e+07	 2.7930e+06	-2.9298e+01
 1.5000e+02	 2.0672e+03	 6.3989e+00	 1.9495e-01	 3.6314e+02	 2.0801e+03	-8.8255e+01	 6.1539e+07	 1.8749e+06	-3.2823e+01
 2.2500e+02	 2.0672e+03	 6.3594e+00	 1.7259e-01	 3.6315e+02	 2.0828e+03	-8.8445e+01	 4.6341e+07	 1.2577e+06	-3.6846e+01
 3.3750e+02	 2.0672e+03	 6.3258e+00	 1.5563e-01	 3.6315e+02	 2.0854e+03	-8.8591e+01	 3.4261e+07	 8.4291e+05	-4.0647e+01
 5.0625e+02	 2.0672e+03	 6.2957e+00	 1.4315e-01	 3.6314e+02	 2.0881e+03	-8.8697e+01	 2.4831e+07	 5.6462e+05	-4.3979e+01
 7.5938e+02	 2.0672e+03	 6.2691e+00	 1.3519e-01	 3.6315e+02	 2.0908e+03	-8.8765e+01	 1.7529e+07	 3.7802e+05	-4.6371e+01
 1.1391e+03	 2.0672e+03	 6.2444e+00	 1.3244e-01	 3.6315e+02	 2.0960e+03	-8.8785e+01	 1.1929e+07	 2.5301e+05	-4.7148e+01
 1.7086e+03	 2.0672e+03	 6.2219e+00	 1.3599e-01	 3.6315e+02	 2.0987e+03	-8.8748e+01	 7.7451e+06	 1.6928e+05	-4.5753e+01
 2.5629e+03	 2.0672e+03	 6.1996e+00	 1.4714e-01	 3.6315e+02	 2.1012e+03	-8.8640e+01	 4.7721e+06	 1.1326e+05	-4.2135e+01
 3.8443e+03	 2.0672e+03	 6.1767e+00	 1.6840e-01	 3.6315e+02	 2.1040e+03	-8.8438e+01	 2.7798e+06	 7.5787e+04	-3.6679e+01
 5.7665e+03	 2.0672e+03	 6.1515e+00	 2.0265e-01	 3.6316e+02	 2.1064e+03	-8.8113e+01	 1.5400e+06	 5.0731e+04	-3.0355e+01
 8.6498e+03	 2.0672e+03	 6.1204e+00	 2.5453e-01	 3.6315e+02	 2.1090e+03	-8.7619e+01	 8.1737e+05	 3.3993e+04	-2.4046e+01
 1.2975e+04	 2.0672e+03	 6.0787e+00	 3.2938e-01	 3.6315e+02	 2.1116e+03	-8.6898e+01	 4.2109e+05	 2.2817e+04	-1.8455e+01
 1.9462e+04	 2.0672e+03	 6.0180e+00	 4.3332e-01	 3.6315e+02	 2.1141e+03	-8.5882e+01	 2.1339e+05	 1.5365e+04	-1.3888e+01
 2.9193e+04	 2.0672e+03	 5.9226e+00	 5.6992e-01	 3.6316e+02	 2.1167e+03	-8.4503e+01	 1.0816e+05	 1.0408e+04	-1.0392e+01
 4.3789e+04	 2.0672e+03	 5.7742e+00	 7.3707e-01	 3.6316e+02	 2.1192e+03	-8.2726e+01	 5.5756e+04	 7.1172e+03	-7.8339e+00
 6.5684e+04	 2.0672e+03	 5.5487e+00	 9.1550e-01	 3.6316e+02	 2.1216e+03	-8.0631e+01	 2.9926e+04	 4.9376e+03	-6.0609e+00
 9.8526e+04	 2.0672e+03	 5.2357e+00	 1.0654e+00	 3.6315e+02	 2.1244e+03	-7.8498e+01	 1.7144e+04	 3.4885e+03	-4.9143e+00
 1.4779e+05	 2.0672e+03	 4.8562e+00	 1.1379e+00	 3.6315e+02	 2.1270e+03	-7.6813e+01	 1.0701e+04	 2.5074e+03	-4.2678e+00
 2.2168e+05	 2.0672e+03	 4.4643e+00	 1.1049e+00	 3.6316e+02	 2.1296e+03	-7.6099e+01	 7.3468e+03	 1.8183e+03	-4.0404e+00
 3.3253e+05	 2.0672e+03	 4.1205e+00	 9.8192e-01	 3.6315e+02	 2.1322e+03	-7.6596e+01	 5.5115e+03	 1.3134e+03	-4.1964e+00
 4.9879e+05	 2.0672e+03	-5.5552e+00	 5.0477e+01	 3.6315e+02	 2.1352e+03	 6.2804e+00	 7.1476e+01	-6.4946e+02	 1.1005e-01
 7.4818e+05	 2.0672e+03	 3.7342e+00	 5.5122e-01	 3.6315e+02	 2.1416e+03	-8.1603e+01	 4.3635e+03	 6.4411e+02	-6.7745e+00
 9.0000e+05	 2.0672e+03	 3.6799e+00	 4.7163e-01	 3.6316e+02	 2.1492e+03	-8.2697e+01	 4.2396e+03	 5.4337e+02	-7.8025e+00
 1.0000e+02	 2.1465e+03	 6.4434e+00	 2.2015e-01	 3.6316e+02	 2.1573e+03	-8.8043e+01	 8.1742e+07	 2.7929e+06	-2.9268e+01
 1.5000e+02	 2.1465e+03	 6.4003e+00	 1.9353e-01	 3.6316e+02	 2.1598e+03	-8.8268e+01	 6.1992e+07	 1.8745e+06	-3.3072e+01
 2.2500e+02	 2.1465e+03	 6.3595e+00	 1.7285e-01	 3.6316e+02	 2.1625e+03	-8.8443e+01	 4.6271e+07	 1.2577e+06	-3.6791e+01
 3.3750e+02	 2.1465e+03	 6.3259e+00	 1.5581e-01	 3.6316e+02	 2.1651e+03	-8.8589e+01	 3.4221e+07	 8.4290e+05	-4.0599e+01
 5.0625e+02	 2.1465e+03	 6.2958e+00	 1.4341e-01	 3.6316e+02	 2.1675e+03	-8.8695e+01	 2.4787e+07	 5.6462e+05	-4.3901e+01
 7.5938e+02	 2.1465e+03	 6.2690e+00	 1.3553e-01	 3.6316e+02	 2.1701e+03	-8.8762e+01	 1.7486e+07	 3.7802e+05	-4.6256e+01
 1.1391e+03	 2.1465e+03	 6.2446e+00	 1.3315e-01	 3.6316e+02	 2.1751e+03	-8.8778e+01	 1.1865e+07	 2.5300e+05	-4.6898e+01
 1.7086e+03	 2.1465e+03	 6.2219e+00	 1.3635e-01	 3.6316e+02	 2.1776e+03	-8.8745e+01	 7.7246e+06	 1.6928e+05	-4.5632e+01
 2.5629e+03	 2.1465e+03	 6.1996e+00	 1.4780e-01	 3.6315e+02	 2.1802e+03	-8.8634e+01	 4.7509e+06	 1.1326e+05	-4.1947e+01
 3.8443e+03	 2.1465e+03	 6.1767e+00	 1.6924e-01	 3.6316e+02	 2.1829e+03	-8.8430e+01	 2.7659e+06	 7.5786e+04	-3.6496e+01
 5.7665e+03	 2.1465e+03	 6.1515e+00	 2.0392e-01	 3.6316e+02	 2.1853e+03	-8.8101e+01	 1.5304e+06	 5.0731e+04	-3.0166e+01
 8.6498e+03	 2.1465e+03	 6.1202e+00	 2.5634e-01	 3.6316e+02	 2.1879e+03	-8.7602e+01	 8.1162e+05	 3.3994e+04	-2.3876e+01
 1.2975e+04	 2.1465e+03	 6.0784e+00	 3.3209e-01	 3.6315e+02	 2.1905e+03	-8.6873e+01	 4.1765e+05	 2.2818e+04	-1.8303e+01
 1.9462e+04	 2.1465e+03	 6.0171e+00	 4.3713e-01	 3.6316e+02	 2.1932e+03	-8.5845e+01	 2.1153e+05	 1.5367e+04	-1.3765e+01
 2.9193e+04	 2.1465e+03	 5.9208e+00	 5.7502e-01	 3.6316e+02	 2.1957e+03	-8.4453e+01	 1.0720e+05	 1.0412e+04	-1.0297e+01
 4.3789e+04	 2.1465e+03	 5.7703e+00	 7.4359e-01	 3.6316e+02	 2.1982e+03	-8.2657e+01	 5.5267e+04	 7.1220e+03	-7.7600e+00
 6.5684e+04	 2.1465e+03	 5.5418e+00	 9.2260e-01	 3.6316e+02	 2.2009e+03	-8.0548e+01	 2.9696e+04	 4.9437e+03	-6.0067e+00
 9.8526e+04	 2.1465e+03	 5.2258e+00	 1.0714e+00	 3.6315e+02	 2.2034e+03	-7.8413e+01	 1.7047e+04	 3.4951e+03	-4.8774e+00
 1.4779e+05	 2.1465e+03	 4.8441e+00	 1.1415e+00	 3.6316e+02	 2.2060e+03	-7.6740e+01	 1.0667e+04	 2.5137e+03	-4.2436e+00
 2.2168e+05	 2.1465e+03	 4.4521e+00	 1.1059e+00	 3.6315e+02	 2.2084e+03	-7.6051e+01	 7.3406e+03	 1.8233e+03	-4.0259e+00
 3.3253e+05	 2.1465e+03	 4.1096e+00	 9.8031e-01	 3.6315e+02	 2.2114e+03	-7.6583e+01	 5.5205e+03	 1.3169e+03	-4.1921e+00
 4.9879e+05	 2.1465e+03	-5.5146e+00	 5.0344e+01	 3.6315e+02	 2.2141e+03	 6.2512e+00	 7.1665e+01	-6.5424e+02	 1.0954e-01
 7.4818e+05	 2.1465e+03	 3.7265e+00	 5.4545e-01	 3.6315e+02	 2.2204e+03	-8.1673e+01	 4.4096e+03	 6.4545e+02	-6.8319e+00
 9.0000e+05	 2.1465e+03	 3.6727e+00	 4.6759e-01	 3.6315e+02	 2.2286e+03	-8.2744e+01	 4.2762e+03	 5.4443e+02	-7.8545e+00
 1.0000e+02	 2.2259e+03	 6.4434e+00	 2.2037e-01	 3.6315e+02	 2.2364e+03	-8.8041e+01	 8.1662e+07	 2.7929e+06	-2.9239e+01
 1.5000e+02	 2.2259e+03	 6.3983e+00	 1.9545e-01	 3.6315e+02	 2.2391e+03	-8.8250e+01	 6.1381e+07	 1.8751e+06	-3.2735e+01
 2.2500e+02	 2.2259e+03	 6.3593e+00	 1.7308e-01	 3.6315e+02	 2.2416e+03	-8.8441e+01	 4.6212e+07	 1.2577e+06	-3.6743e+01
 3.3750e+02	 2.2259e+03	 6.3254e+00	 1.5589e-01	 3.6315e+02	 2.2444e+03	-8.8588e+01	 3.4204e+07	 8.4296e+05	-4.0576e+01
 5.0625e+02	 2.2259e+03	 6.2958e+00	 1.4350e-01	 3.6315e+02	 2.2469e+03	-8.8694e+01	 2.4771e+07	 5.6462e+05	-4.3873e+01
 7.5938e+02	 2.2259e+03	 6.2688e+00	 1.3561e-01	 3.6314e+02	 2.2497e+03	-8.8761e+01	 1.7476e+07	 3.7803e+05	-4.6228e+01
 1.1391e+03	 2.2259e+03	 6.2445e+00	 1.3287e-01	 3.6315e+02	 2.2547e+03	-8.8781e+01	 1.1890e+07	 2.5300e+05	-4.6997e+01
 1.7086e+03	 2.2259e+03	 6.2217e+00	 1.3662e-01	 3.6315e+02	 2.2571e+03	-8.8742e+01	 7.7090e+06	 1.6929e+05	-4.5538e+01
 2.5629e+03	 2.2259e+03	 6.1995e+00	 1.4822e-01	 3.6314e+02	 2.2598e+03	-8.8630e+01	 4.7372e+06	 1.1326e+05	-4.1826e+01
 3.8443e+03	 2.2259e+03	 6.1767e+00	 1.6986e-01	 3.6314e+02	 2.2624e+03	-8.8425e+01	 2.7559e+06	 7.5787e+04	-3.6363e+01
 5.7665e+03	 2.2259e+03	 6.1513e+00	 2.0482e-01	 3.6315e+02	 2.2649e+03	-8.8093e+01	 1.5236e+06	 5.0733e+04	-3.0032e+01
 8.6498e+03	 2.2259e+03	 6.1198e+00	 2.5775e-01	 3.6315e+02	 2.2677e+03	-8.7588e+01	 8.0717e+05	 3.3996e+04	-2.3743e+01
 1.2975e+04	 2.2259e+03	 6.0777e+00	 3.3410e-01	 3.6315e+02	 2.2702e+03	-8.6853e+01	 4.1514e+05	 2.2821e+04	-1.8191e+01
 1.9462e+04	 2.2259e+03	 6.0163e+00	 4.4009e-01	 3.6314e+02	 2.2730e+03	-8.5816e+01	 2.1011e+05	 1.5369e+04	-1.3671e+01
 2.9193e+04	 2.2259e+03	 5.9190e+00	 5.7915e-01	 3.6315e+02	 2.2754e+03	-8.4412e+01	 1.0644e+05	 1.0415e+04	-1.0220e+01
 4.3789e+04	 2.2259e+03	 5.7670e+00	 7.4874e-01	 3.6314e+02	 2.2779e+03	-8.2603e+01	 5.4887e+04	 7.1260e+03	-7.7023e+00
 6.5684e+04	 2.2259e+03	 5.5364e+00	 9.2805e-01	 3.6315e+02	 2.2806e+03	-8.0484e+01	 2.9521e+04	 4.9486e+03	-5.9656e+00
 9.8526e+04	 2.2259e+03	 5.2178e+00	 1.0763e+00	 3.6315e+02	 2.2878e+03	-7.8345e+01	 1.6970e+04	 3.5005e+03	-4.8478e+00
 1.4779e+05	 2.2259e+03	 4.8342e+00	 1.1445e+00	 3.6315e+02	 2.2905e+03	-7.6680e+01	 1.0639e+04	 2.5189e+03	-4.2237e+00
 2.2168e+05	 2.2259e+03	 4.4419e+00	 1.1067e+00	 3.6315e+02	 2.2930e+03	-7.6010e+01	 7.3352e+03	 1.8276e+03	-4.0137e+00
 3.3253e+05	 2.2259e+03	 4.0997e+00	 9.7957e-01	 3.6314e+02	 2.2959e+03	-7.6562e+01	 5.5247e+03	 1.3201e+03	-4.1852e+00
 4.9879e+05	 2.2259e+03	-5.5122e+00	 5.0240e+01	 3.6315e+02	 2.2986e+03	 6.2612e+00	 7.1812e+01	-6.5453e+02	 1.0972e-01
 7.4818e+05	 2.2259e+03	 3.7192e+00	 5.4436e-01	 3.6315e+02	 2.3054e+03	-8.1673e+01	 4.4185e+03	 6.4672e+02	-6.8322e+00
 9.0000e+05	 2.2259e+03	 3.6663e+00	 4.6383e-01	 3.6315e+02	 2.3131e+03	-8.2790e+01	 4.3109e+03	 5.4538e+02	-7.9044e+00
 1.0000e+02	 2.3104e+03	 6.4433e+00	 2.2101e-01	 3.6315e+02	 2.3209e+03	-8.8035e+01	 8.1423e+07	 2.7929e+06	-2.9153e+01
 1.5000e+02	 2.3104e+03	 6.3966e+00	 1.9539e-01	 3.6316e+02	 2.3236e+03	-8.8250e+01	 6.1399e+07	 1.8755e+06	-3.2737e+01
 2.2500e+02	 2.3104e+03	 6.3595e+00	 1.7335e-01	 3.6316e+02	 2.3260e+03	-8.8439e+01	 4.6138e+07	 1.2577e+06	-3.6685e+01
 3.3750e+02	 2.3104e+03	 6.3258e+00	 1.5623e-01	 3.6315e+02	 2.3289e+03	-8.8585e+01	 3.4129e+07	 8.4291e+05	-4.0489e+01
 5.0625e+02	 2.3104e+03	 6.2957e+00	 1.4382e-01	 3.6315e+02	 2.3314e+03	-8.8691e+01	 2.4716e+07	 5.6462e+05	-4.3774e+01
 7.5938e+02	 2.3104e+03	 6.2686e+00	 1.3595e-01	 3.6315e+02	 2.3342e+03	-8.8758e+01	 1.7431e+07	 3.7805e+05	-4.6108e+01
 1.1391e+03	 2.3104e+03	 6.2442e+00	 1.3325e-01	 3.6316e+02	 2.3394e+03	-8.8778e+01	 1.1857e+07	 2.5301e+05	-4.6862e+01
 1.7086e+03	 2.3104e+03	 6.2216e+00	 1.3706e-01	 3.6316e+02	 2.3419e+03	-8.8738e+01	 7.6844e+06	 1.6929e+05	-4.5393e+01
 2.5629e+03	 2.3104e+03	 6.1993e+00	 1.4848e-01	 3.6316e+02	 2.3444e+03	-8.8628e+01	 4.7290e+06	 1.1326e+05	-4.1751e+01
 3.8443e+03	 2.3104e+03	 6.1766e+00	 1.7047e-01	 3.6315e+02	 2.3471e+03	-8.8419e+01	 2.7459e+06	 7.5788e+04	-3.6232e+01
 5.7665e+03	 2.3104e+03	 6.1513e+00	 2.0557e-01	 3.6315e+02	 2.3496e+03	-8.8086e+01	 1.5181e+06	 5.0733e+04	-2.9924e+01
 8.6498e+03	 2.3104e+03	 6.1197e+00	 2.5882e-01	 3.6315e+02	 2.3522e+03	-8.7578e+01	 8.0382e+05	 3.3996e+04	-2.3644e+01
 1.2975e+04	 2.3104e+03	 6.0774e+00	 3.3584e-01	 3.6315e+02	 2.3548e+03	-8.6837e+01	 4.1300e+05	 2.2822e+04	-1.8096e+01
 1.9462e+04	 2.3104e+03	 6.0154e+00	 4.4249e-01	 3.6316e+02	 2.3575e+03	-8.5793e+01	 2.0897e+05	 1.5372e+04	-1.3594e+01
 2.9193e+04	 2.3104e+03	 5.9174e+00	 5.8254e-01	 3.6316e+02	 2.3599e+03	-8.4378e+01	 1.0582e+05	 1.0417e+04	-1.0158e+01
 4.3789e+04	 2.3104e+03	 5.7642e+00	 7.5286e-01	 3.6316e+02	 2.3624e+03	-8.2559e+01	 5.4587e+04	 7.1295e+03	-7.6565e+00
 6.5684e+04	 2.3104e+03	 5.5319e+00	 9.3262e-01	 3.6315e+02	 2.3651e+03	-8.0430e+01	 2.9377e+04	 4.9526e+03	-5.9316e+00
 9.8526e+04	 2.3104e+03	 5.2122e+00	 1.0802e+00	 3.6315e+02	 2.3677e+03	-7.8291e+01	 1.6908e+04	 3.5043e+03	-4.8251e+00
 1.4779e+05	 2.3104e+03	 4.8272e+00	 1.1471e+00	 3.6316e+02	 2.3729e+03	-7.6632e+01	 1.0615e+04	 2.5225e+03	-4.2081e+00
 2.2168e+05	 2.3104e+03	 4.4346e+00	 1.1076e+00	 3.6315e+02	 2.3754e+03	-7.5977e+01	 7.3294e+03	 1.8306e+03	-4.0039e+00
 3.3253e+05	 2.3104e+03	 4.0927e+00	 9.7902e-01	 3.6315e+02	 2.3780e+03	-7.6547e+01	 5.5278e+03	 1.3223e+03	-4.1804e+00
 4.9879e+05	 2.3104e+03	-5.5009e+00	 5.0158e+01	 3.6315e+02	 2.3807e+03	 6.2587e+00	 7.1930e+01	-6.5587e+02	 1.0967e-01
 7.4818e+05	 2.3104e+03	 3.7139e+00	 5.4228e-01	 3.6316e+02	 2.3874e+03	-8.1693e+01	 4.4355e+03	 6.4764e+02	-6.8487e+00
 9.0000e+05	 2.3104e+03	 3.6610e+00	 4.6457e-01	 3.6315e+02	 2.3951e+03	-8.2768e+01	 4.3040e+03	 5.4617e+02	-7.8804e+00
 1.0000e+02	 2.3924e+03	 6.4435e+00	 2.2108e-01	 3.6314e+02	 2.4030e+03	-8.8035e+01	 8.1401e+07	 2.7928e+06	-2.9146e+01
 1.5000e+02	 2.3924e+03	 6.3997e+00	 1.9288e-01	 3.6315e+02	 2.4057e+03	-8.8274e+01	 6.2199e+07	 1.8746e+06	-3.3179e+01
 2.2500e+02	 2.3924e+03	 6.3592e+00	 1.7333e-01	 3.6315e+02	 2.4082e+03	-8.8439e+01	 4.6144e+07	 1.2577e+06	-3.6689e+01
 3.3750e+02	 2.3924e+03	 6.3251e+00	 1.5635e-01	 3.6315e+02	 2.4110e+03	-8.8584e+01	 3.4103e+07	 8.4300e+05	-4.0454e+01
 5.0625e+02	 2.3924e+03	 6.2953e+00	 1.4379e-01	 3.6315e+02	 2.4134e+03	-8.8692e+01	 2.4721e+07	 5.6466e+05	-4.3781e+01
 7.5938e+02	 2.3924e+03	 6.2687e+00	 1.3606e-01	 3.6315e+02	 2.4160e+03	-8.8757e+01	 1.7418e+07	 3.7804e+05	-4.6074e+01
 1.1391e+03	 2.3924e+03	 6.2441e+00	 1.3350e-01	 3.6315e+02	 2.4212e+03	-8.8775e+01	 1.1834e+07	 2.5302e+05	-4.6773e+01
 1.7086e+03	 2.3924e+03	 6.2215e+00	 1.3714e-01	 3.6315e+02	 2.4239e+03	-8.8737e+01	 7.6803e+06	 1.6929e+05	-4.5367e+01
 2.5629e+03	 2.3924e+03	 6.1994e+00	 1.4892e-01	 3.6316e+02	 2.4265e+03	-8.8624e+01	 4.7150e+06	 1.1326e+05	-4.1629e+01
 3.8443e+03	 2.3924e+03	 6.1767e+00	 1.7060e-01	 3.6315e+02	 2.4292e+03	-8.8418e+01	 2.7438e+06	 7.5787e+04	-3.6205e+01
 5.7665e+03	 2.3924e+03	 6.1513e+00	 2.0623e-01	 3.6316e+02	 2.4316e+03	-8.8080e+01	 1.5132e+06	 5.0733e+04	-2.9828e+01
 8.6498e+03	 2.3924e+03	 6.1196e+00	 2.5972e-01	 3.6315e+02	 2.4344e+03	-8.7570e+01	 8.0106e+05	 3.3997e+04	-2.3562e+01
 1.2975e+04	 2.3924e+03	 6.0771e+00	 3.3704e-01	 3.6316e+02	 2.4371e+03	-8.6826e+01	 4.1152e+05	 2.2823e+04	-1.8031e+01
 1.9462e+04	 2.3924e+03	 6.0150e+00	 4.4445e-01	 3.6315e+02	 2.4395e+03	-8.5774e+01	 2.0805e+05	 1.5373e+04	-1.3534e+01
 2.9193e+04	 2.3924e+03	 5.9167e+00	 5.8490e-01	 3.6316e+02	 2.4421e+03	-8.4354e+01	 1.0539e+05	 1.0419e+04	-1.0116e+01
 4.3789e+04	 2.3924e+03	 5.7626e+00	 7.5604e-01	 3.6315e+02	 2.4446e+03	-8.2526e+01	 5.4357e+04	 7.1315e+03	-7.6220e+00
 6.5684e+04	 2.3924e+03	 5.5288e+00	 9.3601e-01	 3.6315e+02	 2.4472e+03	-8.0391e+01	 2.9270e+04	 4.9554e+03	-5.9067e+00
 9.8526e+04	 2.3924e+03	 5.2073e+00	 1.0835e+00	 3.6315e+02	 2.4498e+03	-7.8246e+01	 1.6858e+04	 3.5076e+03	-4.8061e+00
 1.4779e+05	 2.3924e+03	 4.8212e+00	 1.1492e+00	 3.6315e+02	 2.4548e+03	-7.6593e+01	 1.0596e+04	 2.5256e+03	-4.1952e+00
 2.2168e+05	 2.3924e+03	 4.4286e+00	 1.1083e+00	 3.6315e+02	 2.4572e+03	-7.5949e+01	 7.3242e+03	 1.8330e+03	-3.9957e+00
 3.3253e+05	 2.3924e+03	 4.0869e+00	 9.7869e-01	 3.6315e+02	 2.4599e+03	-7.6533e+01	 5.5297e+03	 1.3242e+03	-4.1759e+00
 4.9879e+05	 2.3924e+03	-5.4915e+00	 5.0089e+01	 3.6315e+02	 2.4626e+03	 6.2567e+00	 7.2030e+01	-6.5699e+02	 1.0964e-01
 7.4818e+05	 2.3924e+03	 3.7095e+00	 5.4049e-01	 3.6315e+02	 2.4692e+03	-8.1710e+01	 4.4501e+03	 6.4841e+02	-6.8631e+00
 9.0000e+05	 2.3924e+03	 3.6572e+00	 4.6185e-01	 3.6316e+02	 2.4771e+03	-8.2802e+01	 4.3294e+03	 5.4674e+02	-7.9185e+00
 1.0000e+02	 2.4744e+03	 6.4434e+00	 2.2155e-01	 3.6315e+02	 2.4849e+03	-8.8031e+01	 8.1225e+07	 2.7929e+06	-2.9083e+01
 1.5000e+02	 2.4744e+03	 6.3956e+00	 1.9593e-01	 3.6315e+02	 2.4875e+03	-8.8245e+01	 6.1233e+07	 1.8758e+06	-3.2643e+01
 2.2500e+02	 2.4744e+03	 6.3596e+00	 1.7360e-01	 3.6315e+02	 2.4899e+03	-8.8436e+01	 4.6072e+07	 1.2576e+06	-3.6634e+01
 3.3750e+02	 2.4744e+03	 6.3251e+00	 1.5640e-01	 3.6315e+02	 2.4927e+03	-8.8584e+01	 3.4093e+07	 8.4300e+05	-4.0443e+01
 5.0625e+02	 2.4744e+03	 6.2955e+00	 1.4389e-01	 3.6315e+02	 2.4952e+03	-8.8691e+01	 2.4704e+07	 5.6464e+05	-4.3751e+01
 7.5938e+02	 2.4744e+03	 6.2686e+00	 1.3614e-01	 3.6315e+02	 2.4978e+03	-8.8756e+01	 1.7407e+07	 3.7805e+05	-4.6043e+01
 1.1391e+03	 2.4744e+03	 6.2446e+00	 1.3354e-01	 3.6316e+02	 2.5028e+03	-8.8775e+01	 1.1831e+07	 2.5300e+05	-4.6763e+01
 1.7086e+03	 2.4744e+03	 6.2217e+00	 1.3732e-01	 3.6315e+02	 2.5054e+03	-8.8736e+01	 7.6699e+06	 1.6928e+05	-4.5308e+01
 2.5629e+03	 2.4744e+03	 6.1993e+00	 1.4896e-01	 3.6314e+02	 2.5080e+03	-8.8624e+01	 4.7137e+06	 1.1326e+05	-4.1617e+01
 3.8443e+03	 2.4744e+03	 6.1765e+00	 1.7112e-01	 3.6315e+02	 2.5104e+03	-8.8413e+01	 2.7356e+06	 7.5788e+04	-3.6095e+01
 5.7665e+03	 2.4744e+03	 6.1510e+00	 2.0673e-01	 3.6315e+02	 2.5129e+03	-8.8075e+01	 1.5095e+06	 5.0735e+04	-2.9753e+01
 8.6498e+03	 2.4744e+03	 6.1196e+00	 2.6052e-01	 3.6316e+02	 2.5154e+03	-8.7562e+01	 7.9859e+05	 3.3997e+04	-2.3490e+01
 1.2975e+04	 2.4744e+03	 6.0770e+00	 3.3811e-01	 3.6315e+02	 2.5180e+03	-8.6815e+01	 4.1022e+05	 2.2824e+04	-1.7974e+01
 1.9462e+04	 2.4744e+03	 6.0145e+00	 4.4593e-01	 3.6315e+02	 2.5205e+03	-8.5760e+01	 2.0736e+05	 1.5374e+04	-1.3487e+01
 2.9193e+04	 2.4744e+03	 5.9157e+00	 5.8716e-01	 3.6315e+02	 2.5230e+03	-8.4332e+01	 1.0499e+05	 1.0420e+04	-1.0075e+01
 4.3789e+04	 2.4744e+03	 5.7609e+00	 7.5867e-01	 3.6315e+02	 2.5257e+03	-8.2498e+01	 5.4168e+04	 7.1337e+03	-7.5933e+00
 6.5684e+04	 2.4744e+03	 5.5259e+00	 9.3873e-01	 3.6315e+02	 2.5281e+03	-8.0359e+01	 2.9186e+04	 4.9580e+03	-5.8866e+00
 9.8526e+04	 2.4744e+03	 5.2035e+00	 1.0859e+00	 3.6315e+02	 2.5307e+03	-7.8212e+01	 1.6820e+04	 3.5101e+03	-4.7918e+00
 1.4779e+05	 2.4744e+03	 4.8166e+00	 1.1509e+00	 3.6316e+02	 2.5357e+03	-7.6562e+01	 1.0580e+04	 2.5280e+03	-4.1852e+00
 2.2168e+05	 2.4744e+03	 4.4235e+00	 1.1091e+00	 3.6315e+02	 2.5384e+03	-7.5924e+01	 7.3189e+03	 1.8351e+03	-3.9882e+00
 3.3253e+05	 2.4744e+03	 4.0821e+00	 9.7851e-01	 3.6316e+02	 2.5409e+03	-7.6520e+01	 5.5307e+03	 1.3257e+03	-4.1718e+00
 4.9879e+05	 2.4744e+03	-5.4856e+00	 5.0032e+01	 3.6316e+02	 2.5439e+03	 6.2569e+00	 7.2111e+01	-6.5771e+02	 1.0964e-01
 7.4818e+05	 2.4744e+03	 3.7050e+00	 5.4280e-01	 3.6315e+02	 2.5502e+03	-8.1665e+01	 4.4312e+03	 6.4919e+02	-6.8258e+00
 9.0000e+05	 2.4744e+03	 3.6531e+00	 4.6546e-01	 3.6315e+02	 2.5579e+03	-8.2739e+01	 4.2958e+03	 5.4735e+02	-7.8484e+00
 1.0000e+02	 2.5552e+03	 6.4432e+00	 2.2140e-01	 3.6316e+02	 2.5661e+03	-8.8032e+01	 8.1283e+07	 2.7930e+06	-2.9103e+01
 1.5000e+02	 2.5552e+03	 6.3995e+00	 1.9442e-01	 3.6316e+02	 2.5686e+03	-8.8260e+01	 6.1709e+07	 1.8747e+06	-3.2917e+01
 2.2500e+02	 2.5552e+03	 6.3592e+00	 1.7357e-01	 3.6315e+02	 2.5714e+03	-8.8437e+01	 4.6079e+07	 1.2577e+06	-3.6637e+01
 3.3750e+02	 2.5552e+03	 6.3250e+00	 1.5652e-01	 3.6316e+02	 2.5741e+03	-8.8582e+01	 3.4067e+07	 8.4301e+05	-4.0411e+01
 5.0625e+02	 2.5552e+03	 6.2953e+00	 1.4404e-01	 3.6315e+02	 2.5766e+03	-8.8689e+01	 2.4678e+07	 5.6466e+05	-4.3704e+01
 7.5938e+02	 2.5552e+03	 6.2684e+00	 1.3619e-01	 3.6315e+02	 2.5792e+03	-8.8755e+01	 1.7401e+07	 3.7805e+05	-4.6028e+01
 1.1391e+03	 2.5552e+03	 6.2438e+00	 1.3372e-01	 3.6315e+02	 2.5842e+03	-8.8773e+01	 1.1815e+07	 2.5303e+05	-4.6694e+01
 1.7086e+03	 2.5552e+03	 6.2213e+00	 1.3743e-01	 3.6315e+02	 2.5867e+03	-8.8735e+01	 7.6641e+06	 1.6930e+05	-4.5270e+01
 2.5629e+03	 2.5552e+03	 6.1994e+00	 1.4926e-01	 3.6316e+02	 2.5894e+03	-8.8621e+01	 4.7044e+06	 1.1326e+05	-4.1535e+01
 3.8443e+03	 2.5552e+03	 6.1763e+00	 1.7128e-01	 3.6316e+02	 2.5922e+03	-8.8411e+01	 2.7330e+06	 7.5792e+04	-3.6059e+01
 5.7665e+03	 2.5552e+03	 6.1510e+00	 2.0700e-01	 3.6316e+02	 2.5947e+03	-8.8073e+01	 1.5076e+06	 5.0735e+04	-2.9715e+01
 8.6498e+03	 2.5552e+03	 6.1194e+00	 2.6100e-01	 3.6315e+02	 2.5976e+03	-8.7558e+01	 7.9712e+05	 3.3998e+04	-2.3446e+01
 1.2975e+04	 2.5552e+03	 6.0770e+00	 3.3903e-01	 3.6316e+02	 2.6002e+03	-8.6807e+01	 4.0910e+05	 2.2824e+04	-1.7924e+01
 1.9462e+04	 2.5552e+03	 6.0140e+00	 4.4711e-01	 3.6315e+02	 2.6027e+03	-8.5748e+01	 2.0681e+05	 1.5375e+04	-1.3451e+01
 2.9193e+04	 2.5552e+03	 5.9151e+00	 5.8880e-01	 3.6315e+02	 2.6053e+03	-8.4315e+01	 1.0470e+05	 1.0422e+04	-1.0046e+01
 4.3789e+04	 2.5552e+03	 5.7595e+00	 7.6086e-01	 3.6315e+02	 2.6078e+03	-8.2474e+01	 5.4013e+04	 7.1354e+03	-7.5697e+00
 6.5684e+04	 2.5552e+03	 5.5237e+00	 9.4121e-01	 3.6315e+02	 2.6104e+03	-8.0330e+01	 2.9109e+04	 4.9599e+03	-5.8687e+00
 9.8526e+04	 2.5552e+03	 5.2000e+00	 1.0879e+00	 3.6315e+02	 2.6130e+03	-7.8183e+01	 1.6789e+04	 3.5125e+03	-4.7798e+00
 1.4779e+05	 2.5552e+03	 4.8122e+00	 1.1524e+00	 3.6315e+02	 2.6181e+03	-7.6532e+01	 1.0566e+04	 2.5304e+03	-4.1757e+00
 2.2168e+05	 2.5552e+03	 4.4191e+00	 1.1097e+00	 3.6315e+02	 2.6205e+03	-7.5903e+01	 7.3150e+03	 1.8370e+03	-3.9822e+00
 3.3253e+05	 2.5552e+03	 4.0779e+00	 9.7810e-01	 3.6315e+02	 2.6232e+03	-7.6512e+01	 5.5330e+03	 1.3271e+03	-4.1692e+00
 4.9879e+05	 2.5552e+03	-5.4759e+00	 4.9981e+01	 3.6315e+02	 2.6259e+03	 6.2525e+00	 7.2186e+01	-6.5886e+02	 1.0956e-01
 7.4818e+05	 2.5552e+03	 3.7016e+00	 5.4245e-01	 3.6315e+02	 2.6323e+03	-8.1663e+01	 4.4340e+03	 6.4979e+02	-6.8239e+00
 9.0000e+05	 2.5552e+03	 3.6499e+00	 4.6477e-01	 3.6315e+02	 2.6401e+03	-8.2743e+01	 4.3022e+03	 5.4783e+02	-7.8532e+00
 1.0000e+02	 2.6374e+03	 6.4432e+00	 2.2161e-01	 3.6314e+02	 2.6479e+03	-8.8030e+01	 8.1205e+07	 2.7930e+06	-2.9074e+01
 1.5000e+02	 2.6374e+03	 6.3992e+00	 1.9560e-01	 3.6315e+02	 2.6503e+03	-8.8249e+01	 6.1336e+07	 1.8748e+06	-3.2716e+01
 2.2500e+02	 2.6374e+03	 6.3589e+00	 1.7366e-01	 3.6315e+02	 2.6531e+03	-8.8436e+01	 4.6057e+07	 1.2578e+06	-3.6618e+01
 3.3750e+02	 2.6374e+03	 6.3250e+00	 1.5654e-01	 3.6315e+02	 2.6556e+03	-8.8582e+01	 3.4063e+07	 8.4302e+05	-4.0406e+01
 5.0625e+02	 2.6374e+03	 6.2950e+00	 1.4376e-01	 3.6314e+02	 2.6584e+03	-8.8692e+01	 2.4727e+07	 5.6469e+05	-4.3789e+01
 7.5938e+02	 2.6374e+03	 6.2682e+00	 1.3608e-01	 3.6314e+02	 2.6609e+03	-8.8756e+01	 1.7414e+07	 3.7807e+05	-4.6061e+01
 1.1391e+03	 2.6374e+03	 6.2438e+00	 1.3378e-01	 3.6315e+02	 2.6661e+03	-8.8773e+01	 1.1809e+07	 2.5303e+05	-4.6672e+01
 1.7086e+03	 2.6374e+03	 6.2211e+00	 1.3749e-01	 3.6315e+02	 2.6686e+03	-8.8734e+01	 7.6603e+06	 1.6930e+05	-4.5246e+01
 2.5629e+03	 2.6374e+03	 6.1989e+00	 1.4921e-01	 3.6314e+02	 2.6713e+03	-8.8621e+01	 4.7060e+06	 1.1327e+05	-4.1546e+01
 3.8443e+03	 2.6374e+03	 6.1760e+00	 1.7150e-01	 3.6315e+02	 2.6738e+03	-8.8409e+01	 2.7295e+06	 7.5795e+04	-3.6011e+01
 5.7665e+03	 2.6374e+03	 6.1510e+00	 2.0743e-01	 3.6315e+02	 2.6764e+03	-8.8069e+01	 1.5045e+06	 5.0735e+04	-2.9653e+01
 8.6498e+03	 2.6374e+03	 6.1193e+00	 2.6152e-01	 3.6315e+02	 2.6789e+03	-8.7553e+01	 7.9555e+05	 3.3999e+04	-2.3399e+01
 1.2975e+04	 2.6374e+03	 6.0765e+00	 3.3995e-01	 3.6315e+02	 2.6817e+03	-8.6798e+01	 4.0800e+05	 2.2825e+04	-1.7875e+01
 1.9462e+04	 2.6374e+03	 6.0137e+00	 4.4827e-01	 3.6315e+02	 2.6842e+03	-8.5737e+01	 2.0627e+05	 1.5376e+04	-1.3415e+01
 2.9193e+04	 2.6374e+03	 5.9141e+00	 5.9026e-01	 3.6315e+02	 2.6869e+03	-8.4300e+01	 1.0444e+05	 1.0423e+04	-1.0020e+01
 4.3789e+04	 2.6374e+03	 5.7581e+00	 7.6276e-01	 3.6315e+02	 2.6894e+03	-8.2454e+01	 5.3878e+04	 7.1371e+03	-7.5490e+00
 6.5684e+04	 2.6374e+03	 5.5215e+00	 9.4338e-01	 3.6316e+02	 2.6918e+03	-8.0304e+01	 2.9042e+04	 4.9620e+03	-5.8528e+00
 9.8526e+04	 2.6374e+03	 5.1969e+00	 1.0900e+00	 3.6315e+02	 2.6945e+03	-7.8155e+01	 1.6757e+04	 3.5145e+03	-4.7680e+00
 1.4779e+05	 2.6374e+03	 4.8086e+00	 1.1537e+00	 3.6315e+02	 2.6999e+03	-7.6509e+01	 1.0555e+04	 2.5322e+03	-4.1682e+00
 2.2168e+05	 2.6374e+03	 4.4155e+00	 1.1103e+00	 3.6314e+02	 2.7023e+03	-7.5885e+01	 7.3112e+03	 1.8384e+03	-3.9768e+00
 3.3253e+05	 2.6374e+03	 4.0743e+00	 9.7791e-01	 3.6314e+02	 2.7049e+03	-7.6503e+01	 5.5340e+03	 1.3283e+03	-4.1663e+00
 4.9879e+05	 2.6374e+03	-5.4692e+00	 4.9937e+01	 3.6315e+02	 2.7076e+03	 6.2502e+00	 7.2248e+01	-6.5967e+02	 1.0952e-01
 7.4818e+05	 2.6374e+03	 3.6987e+00	 5.4244e-01	 3.6315e+02	 2.7144e+03	-8.1657e+01	 4.4342e+03	 6.5030e+02	-6.8187e+00
 9.0000e+05	 2.6374e+03	 3.6475e+00	 4.6292e-01	 3.6315e+02	 2.7221e+03	-8.2767e+01	 4.3194e+03	 5.4819e+02	-7.8793e+00
 1.0000e+02	 2.7194e+03	 6.4429e+00	 2.2140e-01	 3.6315e+02	 2.7302e+03	-8.8032e+01	 8.1283e+07	 2.7931e+06	-2.9101e+01
 1.5000e+02	 2.7194e+03	 6.3978e+00	 1.9468e-01	 3.6315e+02	 2.7328e+03	-8.8257e+01	 6.1625e+07	 1.8752e+06	-3.2863e+01
 2.2500e+02	 2.7194e+03	 6.3589e+00	 1.7374e-01	 3.6315e+02	 2.7352e+03	-8.8435e+01	 4.6034e+07	 1.2578e+06	-3.6599e+01
 3.3750e+02	 2.7194e+03	 6.3248e+00	 1.5656e-01	 3.6315e+02	 2.7380e+03	-8.8582e+01	 3.4059e+07	 8.4304e+05	-4.0400e+01
 5.0625e+02	 2.7194e+03	 6.2947e+00	 1.4394e-01	 3.6315e+02	 2.7404e+03	-8.8690e+01	 2.4696e+07	 5.6472e+05	-4.3731e+01
 7.5938e+02	 2.7194e+03	 6.2681e+00	 1.3611e-01	 3.6315e+02	 2.7434e+03	-8.8756e+01	 1.7411e+07	 3.7807e+05	-4.6052e+01
 1.1391e+03	 2.7194e+03	 6.2439e+00	 1.3391e-01	 3.6315e+02	 2.7483e+03	-8.8771e+01	 1.1798e+07	 2.5302e+05	-4.6627e+01
 1.7086e+03	 2.7194e+03	 6.2209e+00	 1.3748e-01	 3.6315e+02	 2.7509e+03	-8.8734e+01	 7.6613e+06	 1.6931e+05	-4.5251e+01
 2.5629e+03	 2.7194e+03	 6.1987e+00	 1.4932e-01	 3.6315e+02	 2.7535e+03	-8.8620e+01	 4.7024e+06	 1.1328e+05	-4.1513e+01
 3.8443e+03	 2.7194e+03	 6.1760e+00	 1.7176e-01	 3.6315e+02	 2.7562e+03	-8.8407e+01	 2.7254e+06	 7.5794e+04	-3.5957e+01
 5.7665e+03	 2.7194e+03	 6.1508e+00	 2.0763e-01	 3.6315e+02	 2.7586e+03	-8.8067e+01	 1.5030e+06	 5.0737e+04	-2.9623e+01
 8.6498e+03	 2.7194e+03	 6.1192e+00	 2.6200e-01	 3.6315e+02	 2.7612e+03	-8.7548e+01	 7.9407e+05	 3.3999e+04	-2.3355e+01
 1.2975e+04	 2.7194e+03	 6.0762e+00	 3.4036e-01	 3.6315e+02	 2.7639e+03	-8.6794e+01	 4.0750e+05	 2.2827e+04	-1.7852e+01
 1.9462e+04	 2.7194e+03	 6.0133e+00	 4.4923e-01	 3.6315e+02	 2.7664e+03	-8.5728e+01	 2.0583e+05	 1.5377e+04	-1.3386e+01
 2.9193e+04	 2.7194e+03	 5.9135e+00	 5.9154e-01	 3.6315e+02	 2.7689e+03	-8.4288e+01	 1.0421e+05	 1.0424e+04	-9.9968e+00
 4.3789e+04	 2.7194e+03	 5.7568e+00	 7.6430e-01	 3.6315e+02	 2.7714e+03	-8.2437e+01	 5.3770e+04	 7.1387e+03	-7.5321e+00
 6.5684e+04	 2.7194e+03	 5.5199e+00	 9.4499e-01	 3.6315e+02	 2.7738e+03	-8.0285e+01	 2.8992e+04	 4.9634e+03	-5.8413e+00
 9.8526e+04	 2.7194e+03	 5.1945e+00	 1.0914e+00	 3.6316e+02	 2.7766e+03	-7.8134e+01	 1.6735e+04	 3.5162e+03	-4.7593e+00
 1.4779e+05	 2.7194e+03	 4.8055e+00	 1.1548e+00	 3.6315e+02	 2.7819e+03	-7.6488e+01	 1.0544e+04	 2.5339e+03	-4.1613e+00
 2.2168e+05	 2.7194e+03	 4.4125e+00	 1.1108e+00	 3.6315e+02	 2.7843e+03	-7.5870e+01	 7.3079e+03	 1.8397e+03	-3.9723e+00
 3.3253e+05	 2.7194e+03	 4.0713e+00	 9.7780e-01	 3.6316e+02	 2.7869e+03	-7.6495e+01	 5.5347e+03	 1.3293e+03	-4.1637e+00
 4.9879e+05	 2.7194e+03	-5.4639e+00	 4.9900e+01	 3.6315e+02	 2.7898e+03	 6.2488e+00	 7.2302e+01	-6.6032e+02	 1.0950e-01
 7.4818e+05	 2.7194e+03	 3.6964e+00	 5.4129e-01	 3.6315e+02	 2.7961e+03	-8.1669e+01	 4.4435e+03	 6.5071e+02	-6.8288e+00
 9.0000e+05	 2.7194e+03	 3.6451e+00	 4.6397e-01	 3.6315e+02	 2.8037e+03	-8.2746e+01	 4.3095e+03	 5.4855e+02	-7.8563e+00
 1.0000e+02	 2.8010e+03	 6.4426e+00	 2.2167e-01	 3.6315e+02	 2.8118e+03	-8.8029e+01	 8.1182e+07	 2.7933e+06	-2.9064e+01
 1.5000e+02	 2.8010e+03	 6.3979e+00	 1.9785e-01	 3.6315e+02	 2.8143e+03	-8.8229e+01	 6.0638e+07	 1.8752e+06	-3.2337e+01
 2.2500e+02	 2.8010e+03	 6.3585e+00	 1.7375e-01	 3.6315e+02	 2.8169e+03	-8.8435e+01	 4.6031e+07	 1.2579e+06	-3.6594e+01
 3.3750e+02	 2.8010e+03	 6.3246e+00	 1.5648e-01	 3.6315e+02	 2.8196e+03	-8.8583e+01	 3.4075e+07	 8.4307e+05	-4.0418e+01
 5.0625e+02	 2.8010e+03	 6.2947e+00	 1.4412e-01	 3.6315e+02	 2.8224e+03	-8.8688e+01	 2.4666e+07	 5.6471e+05	-4.3679e+01
 7.5938e+02	 2.8010e+03	 6.2681e+00	 1.3625e-01	 3.6316e+02	 2.8250e+03	-8.8755e+01	 1.7394e+07	 3.7808e+05	-4.6005e+01
 1.1391e+03	 2.8010e+03	 6.2437e+00	 1.3374e-01	 3.6315e+02	 2.8301e+03	-8.8773e+01	 1.1813e+07	 2.5303e+05	-4.6684e+01
 1.7086e+03	 2.8010e+03	 6.2211e+00	 1.3760e-01	 3.6315e+02	 2.8326e+03	-8.8733e+01	 7.6545e+06	 1.6930e+05	-4.5212e+01
 2.5629e+03	 2.8010e+03	 6.1989e+00	 1.4940e-01	 3.6316e+02	 2.8354e+03	-8.8619e+01	 4.7000e+06	 1.1327e+05	-4.1493e+01
 3.8443e+03	 2.8010e+03	 6.1761e+00	 1.7177e-01	 3.6316e+02	 2.8378e+03	-8.8407e+01	 2.7252e+06	 7.5794e+04	-3.5955e+01
 5.7665e+03	 2.8010e+03	 6.1508e+00	 2.0776e-01	 3.6315e+02	 2.8404e+03	-8.8065e+01	 1.5021e+06	 5.0737e+04	-2.9605e+01
 8.6498e+03	 2.8010e+03	 6.1191e+00	 2.6232e-01	 3.6315e+02	 2.8430e+03	-8.7545e+01	 7.9312e+05	 3.4000e+04	-2.3327e+01
 1.2975e+04	 2.8010e+03	 6.0760e+00	 3.4095e-01	 3.6315e+02	 2.8457e+03	-8.6788e+01	 4.0680e+05	 2.2827e+04	-1.7821e+01
 1.9462e+04	 2.8010e+03	 6.0130e+00	 4.4994e-01	 3.6315e+02	 2.8481e+03	-8.5721e+01	 2.0551e+05	 1.5378e+04	-1.3364e+01
 2.9193e+04	 2.8010e+03	 5.9129e+00	 5.9254e-01	 3.6315e+02	 2.8507e+03	-8.4277e+01	 1.0403e+05	 1.0425e+04	-9.9789e+00
 4.3789e+04	 2.8010e+03	 5.7562e+00	 7.6551e-01	 3.6316e+02	 2.8534e+03	-8.2425e+01	 5.3684e+04	 7.1394e+03	-7.5194e+00
 6.5684e+04	 2.8010e+03	 5.5185e+00	 9.4645e-01	 3.6316e+02	 2.8559e+03	-8.0268e+01	 2.8947e+04	 4.9647e+03	-5.8307e+00
 9.8526e+04	 2.8010e+03	 5.1927e+00	 1.0927e+00	 3.6315e+02	 2.8584e+03	-7.8116e+01	 1.6715e+04	 3.5174e+03	-4.7519e+00
 1.4779e+05	 2.8010e+03	 4.8034e+00	 1.1559e+00	 3.6315e+02	 2.8633e+03	-7.6470e+01	 1.0535e+04	 2.5350e+03	-4.1556e+00
 2.2168e+05	 2.8010e+03	 4.4098e+00	 1.1112e+00	 3.6315e+02	 2.8659e+03	-7.5856e+01	 7.3051e+03	 1.8409e+03	-3.9683e+00
 3.3253e+05	 2.8010e+03	 4.0686e+00	 9.7771e-01	 3.6315e+02	 2.8685e+03	-7.6488e+01	 5.5352e+03	 1.3301e+03	-4.1613e+00
 4.9879e+05	 2.8010e+03	-5.4587e+00	 4.9868e+01	 3.6315e+02	 2.8714e+03	 6.2469e+00	 7.2349e+01	-6.6094e+02	 1.0946e-01
 7.4818e+05	 2.8010e+03	 3.6944e+00	 5.3952e-01	 3.6315e+02	 2.8778e+03	-8.1691e+01	 4.4582e+03	 6.5106e+02	-6.8476e+00
 9.0000e+05	 2.8010e+03	 3.6433e+00	 4.6199e-01	 3.6315e+02	 2.8854e+03	-8.2773e+01	 4.3280e+03	 5.4883e+02	-7.8860e+00
 1.0000e+02	 2.8827e+03	 6.4427e+00	 2.2164e-01	 3.6315e+02	 2.8933e+03	-8.8030e+01	 8.1193e+07	 2.7932e+06	-2.9068e+01
 1.5000e+02	 2.8827e+03	 6.3982e+00	 1.9349e-01	 3.6315e+02	 2.8959e+03	-8.8268e+01	 6.2003e+07	 1.8751e+06	-3.3067e+01
 2.2500e+02	 2.8827e+03	 6.3584e+00	 1.7362e-01	 3.6314e+02	 2.8984e+03	-8.8436e+01	 4.6066e+07	 1.2579e+06	-3.6622e+01
 3.3750e+02	 2.8827e+03	 6.3244e+00	 1.5657e-01	 3.6314e+02	 2.9011e+03	-8.8582e+01	 3.4055e+07	 8.4310e+05	-4.0392e+01
 5.0625e+02	 2.8827e+03	 6.2947e+00	 1.4416e-01	 3.6314e+02	 2.9036e+03	-8.8688e+01	 2.4657e+07	 5.6471e+05	-4.3664e+01
 7.5938e+02	 2.8827e+03	 6.2677e+00	 1.3633e-01	 3.6313e+02	 2.9064e+03	-8.8754e+01	 1.7382e+07	 3.7810e+05	-4.5973e+01
 1.1391e+03	 2.8827e+03	 6.2435e+00	 1.3378e-01	 3.6314e+02	 2.9114e+03	-8.8773e+01	 1.1810e+07	 2.5304e+05	-4.6671e+01
 1.7086e+03	 2.8827e+03	 6.2208e+00	 1.3754e-01	 3.6314e+02	 2.9141e+03	-8.8733e+01	 7.6579e+06	 1.6931e+05	-4.5230e+01
 2.5629e+03	 2.8827e+03	 6.1987e+00	 1.4955e-01	 3.6314e+02	 2.9167e+03	-8.8618e+01	 4.6953e+06	 1.1328e+05	-4.1450e+01
 3.8443e+03	 2.8827e+03	 6.1760e+00	 1.7199e-01	 3.6314e+02	 2.9194e+03	-8.8405e+01	 2.7218e+06	 7.5795e+04	-3.5909e+01
 5.7665e+03	 2.8827e+03	 6.1505e+00	 2.0807e-01	 3.6314e+02	 2.9219e+03	-8.8062e+01	 1.4999e+06	 5.0740e+04	-2.9560e+01
 8.6498e+03	 2.8827e+03	 6.1187e+00	 2.6257e-01	 3.6314e+02	 2.9246e+03	-8.7543e+01	 7.9235e+05	 3.4002e+04	-2.3303e+01
 1.2975e+04	 2.8827e+03	 6.0758e+00	 3.4142e-01	 3.6314e+02	 2.9272e+03	-8.6784e+01	 4.0624e+05	 2.2828e+04	-1.7796e+01
 1.9462e+04	 2.8827e+03	 6.0128e+00	 4.5074e-01	 3.6314e+02	 2.9299e+03	-8.5713e+01	 2.0514e+05	 1.5378e+04	-1.3340e+01
 2.9193e+04	 2.8827e+03	 5.9124e+00	 5.9363e-01	 3.6314e+02	 2.9324e+03	-8.4267e+01	 1.0384e+05	 1.0426e+04	-9.9599e+00
 4.3789e+04	 2.8827e+03	 5.7553e+00	 7.6676e-01	 3.6314e+02	 2.9349e+03	-8.2411e+01	 5.3597e+04	 7.1405e+03	-7.5061e+00
 6.5684e+04	 2.8827e+03	 5.5172e+00	 9.4785e-01	 3.6315e+02	 2.9376e+03	-8.0252e+01	 2.8905e+04	 4.9658e+03	-5.8207e+00
 9.8526e+04	 2.8827e+03	 5.1909e+00	 1.0941e+00	 3.6315e+02	 2.9402e+03	-7.8098e+01	 1.6695e+04	 3.5186e+03	-4.7446e+00
 1.4779e+05	 2.8827e+03	 4.8012e+00	 1.1567e+00	 3.6314e+02	 2.9456e+03	-7.6454e+01	 1.0527e+04	 2.5362e+03	-4.1506e+00
 2.2168e+05	 2.8827e+03	 4.4078e+00	 1.1118e+00	 3.6315e+02	 2.9481e+03	-7.5844e+01	 7.3017e+03	 1.8417e+03	-3.9647e+00
 3.3253e+05	 2.8827e+03	 4.0664e+00	 9.7778e-01	 3.6315e+02	 2.9507e+03	-7.6480e+01	 5.5348e+03	 1.3309e+03	-4.1588e+00
 4.9879e+05	 2.8827e+03	-5.4562e+00	 4.9839e+01	 3.6315e+02	 2.9534e+03	 6.2476e+00	 7.2390e+01	-6.6125e+02	 1.0948e-01
 7.4818e+05	 2.8827e+03	 3.6927e+00	 5.3827e-01	 3.6315e+02	 2.9600e+03	-8.1706e+01	 4.4685e+03	 6.5136e+02	-6.8602e+00
 9.0000e+05	 2.8827e+03	 3.6418e+00	 4.6106e-01	 3.6316e+02	 2.9676e+03	-8.2785e+01	 4.3368e+03	 5.4904e+02	-7.8988e+00
 1.0000e+02	 2.9649e+03	 6.4423e+00	 2.2160e-01	 3.6316e+02	 2.9758e+03	-8.8030e+01	 8.1209e+07	 2.7934e+06	-2.9072e+01
 1.5000e+02	 2.9649e+03	 6.3989e+00	 1.9775e-01	 3.6316e+02	 2.9783e+03	-8.8230e+01	 6.0668e+07	 1.8749e+06	-3.2358e+01
 2.2500e+02	 2.9649e+03	 6.3585e+00	 1.7364e-01	 3.6316e+02	 2.9809e+03	-8.8436e+01	 4.6062e+07	 1.2579e+06	-3.6619e+01
 3.3750e+02	 2.9649e+03	 6.3244e+00	 1.5657e-01	 3.6316e+02	 2.9835e+03	-8.8582e+01	 3.4055e+07	 8.4309e+05	-4.0393e+01
 5.0625e+02	 2.9649e+03	 6.2947e+00	 1.4383e-01	 3.6316e+02	 2.9859e+03	-8.8691e+01	 2.4715e+07	 5.6472e+05	-4.3766e+01
 7.5938e+02	 2.9649e+03	 6.2680e+00	 1.3637e-01	 3.6316e+02	 2.9886e+03	-8.8754e+01	 1.7378e+07	 3.7808e+05	-4.5964e+01
 1.1391e+03	 2.9649e+03	 6.2436e+00	 1.3363e-01	 3.6315e+02	 2.9937e+03	-8.8774e+01	 1.1823e+07	 2.5304e+05	-4.6725e+01
 1.7086e+03	 2.9649e+03	 6.2209e+00	 1.3745e-01	 3.6315e+02	 2.9961e+03	-8.8734e+01	 7.6630e+06	 1.6931e+05	-4.5260e+01
 2.5629e+03	 2.9649e+03	 6.1989e+00	 1.4970e-01	 3.6316e+02	 2.9987e+03	-8.8617e+01	 4.6906e+06	 1.1327e+05	-4.1410e+01
 3.8443e+03	 2.9649e+03	 6.1759e+00	 1.7201e-01	 3.6316e+02	 3.0013e+03	-8.8405e+01	 2.7214e+06	 7.5796e+04	-3.5904e+01
 5.7665e+03	 2.9649e+03	 6.1506e+00	 2.0809e-01	 3.6316e+02	 3.0038e+03	-8.8062e+01	 1.4997e+06	 5.0738e+04	-2.9557e+01
 8.6498e+03	 2.9649e+03	 6.1188e+00	 2.6277e-01	 3.6317e+02	 3.0063e+03	-8.7541e+01	 7.9175e+05	 3.4002e+04	-2.3286e+01
 1.2975e+04	 2.9649e+03	 6.0759e+00	 3.4184e-01	 3.6316e+02	 3.0089e+03	-8.6780e+01	 4.0574e+05	 2.2828e+04	-1.7774e+01
 1.9462e+04	 2.9649e+03	 6.0126e+00	 4.5111e-01	 3.6316e+02	 3.0117e+03	-8.5709e+01	 2.0497e+05	 1.5379e+04	-1.3328e+01
 2.9193e+04	 2.9649e+03	 5.9123e+00	 5.9416e-01	 3.6316e+02	 3.0141e+03	-8.4261e+01	 1.0375e+05	 1.0426e+04	-9.9507e+00
 4.3789e+04	 2.9649e+03	 5.7547e+00	 7.6751e-01	 3.6316e+02	 3.0166e+03	-8.2403e+01	 5.3544e+04	 7.1413e+03	-7.4978e+00
 6.5684e+04	 2.9649e+03	 5.5164e+00	 9.4867e-01	 3.6317e+02	 3.0192e+03	-8.0242e+01	 2.8880e+04	 4.9665e+03	-5.8149e+00
 9.8526e+04	 2.9649e+03	 5.1895e+00	 1.0949e+00	 3.6316e+02	 3.0218e+03	-7.8087e+01	 1.6682e+04	 3.5196e+03	-4.7398e+00
 1.4779e+05	 2.9649e+03	 4.7992e+00	 1.1574e+00	 3.6317e+02	 3.0269e+03	-7.6442e+01	 1.0521e+04	 2.5372e+03	-4.1467e+00
 2.2168e+05	 2.9649e+03	 4.4057e+00	 1.1122e+00	 3.6317e+02	 3.0294e+03	-7.5831e+01	 7.2985e+03	 1.8426e+03	-3.9611e+00
 3.3253e+05	 2.9649e+03	 4.0643e+00	 9.7770e-01	 3.6316e+02	 3.0319e+03	-7.6474e+01	 5.5352e+03	 1.3316e+03	-4.1570e+00
 4.9879e+05	 2.9649e+03	-5.4513e+00	 4.9812e+01	 3.6316e+02	 3.0346e+03	 6.2454e+00	 7.2430e+01	-6.6184e+02	 1.0944e-01
 7.4818e+05	 2.9649e+03	 3.6908e+00	 5.3830e-01	 3.6316e+02	 3.0410e+03	-8.1702e+01	 4.4682e+03	 6.5169e+02	-6.8564e+00
 9.0000e+05	 2.9649e+03	 3.6402e+00	 4.6066e-01	 3.6316e+02	 3.0489e+03	-8.2788e+01	 4.3405e+03	 5.4929e+02	-7.9021e+00
 1.0000e+02	 3.0462e+03	 6.4423e+00	 2.2149e-01	 3.6315e+02	 3.0568e+03	-8.8031e+01	 8.1248e+07	 2.7934e+06	-2.9086e+01
 1.5000e+02	 3.0462e+03	 6.3987e+00	 1.9369e-01	 3.6315e+02	 3.0595e+03	-8.8266e+01	 6.1941e+07	 1.8749e+06	-3.3036e+01
 2.2500e+02	 3.0462e+03	 6.3580e+00	 1.7357e-01	 3.6315e+02	 3.0620e+03	-8.8436e+01	 4.6080e+07	 1.2580e+06	-3.6631e+01
 3.3750e+02	 3.0462e+03	 6.3242e+00	 1.5646e-01	 3.6315e+02	 3.0648e+03	-8.8583e+01	 3.4079e+07	 8.4312e+05	-4.0420e+01
 5.0625e+02	 3.0462e+03	 6.2943e+00	 1.4408e-01	 3.6315e+02	 3.0673e+03	-8.8689e+01	 2.4671e+07	 5.6475e+05	-4.3686e+01
 7.5938e+02	 3.0462e+03	 6.2676e+00	 1.3610e-01	 3.6315e+02	 3.0700e+03	-8.8756e+01	 1.7412e+07	 3.7810e+05	-4.6052e+01
 1.1391e+03	 3.0462e+03	 6.2430e+00	 1.3328e-01	 3.6315e+02	 3.0749e+03	-8.8777e+01	 1.1854e+07	 2.5306e+05	-4.6842e+01
 1.7086e+03	 3.0462e+03	 6.2207e+00	 1.3776e-01	 3.6315e+02	 3.0774e+03	-8.8731e+01	 7.6457e+06	 1.6931e+05	-4.5157e+01
 2.5629e+03	 3.0462e+03	 6.1985e+00	 1.4966e-01	 3.6315e+02	 3.0802e+03	-8.8617e+01	 4.6918e+06	 1.1328e+05	-4.1417e+01
 3.8443e+03	 3.0462e+03	 6.1758e+00	 1.7212e-01	 3.6314e+02	 3.0829e+03	-8.8404e+01	 2.7197e+06	 7.5798e+04	-3.5881e+01
 5.7665e+03	 3.0462e+03	 6.1503e+00	 2.0837e-01	 3.6315e+02	 3.0854e+03	-8.8060e+01	 1.4977e+06	 5.0741e+04	-2.9517e+01
 8.6498e+03	 3.0462e+03	 6.1187e+00	 2.6330e-01	 3.6314e+02	 3.0882e+03	-8.7536e+01	 7.9016e+05	 3.4002e+04	-2.3239e+01
 1.2975e+04	 3.0462e+03	 6.0755e+00	 3.4234e-01	 3.6315e+02	 3.0908e+03	-8.6775e+01	 4.0515e+05	 2.2829e+04	-1.7747e+01
 1.9462e+04	 3.0462e+03	 6.0120e+00	 4.5187e-01	 3.6315e+02	 3.0935e+03	-8.5702e+01	 2.0463e+05	 1.5380e+04	-1.3305e+01
 2.9193e+04	 3.0462e+03	 5.9115e+00	 5.9504e-01	 3.6315e+02	 3.0959e+03	-8.4252e+01	 1.0360e+05	 1.0428e+04	-9.9346e+00
 4.3789e+04	 3.0462e+03	 5.7537e+00	 7.6879e-01	 3.6315e+02	 3.0984e+03	-8.2389e+01	 5.3456e+04	 7.1425e+03	-7.4842e+00
 6.5684e+04	 3.0462e+03	 5.5148e+00	 9.5001e-01	 3.6314e+02	 3.1011e+03	-8.0226e+01	 2.8839e+04	 4.9680e+03	-5.8050e+00
 9.8526e+04	 3.0462e+03	 5.1875e+00	 1.0959e+00	 3.6315e+02	 3.1037e+03	-7.8071e+01	 1.6666e+04	 3.5209e+03	-4.7335e+00
 1.4779e+05	 3.0462e+03	 4.7970e+00	 1.1581e+00	 3.6315e+02	 3.1090e+03	-7.6427e+01	 1.0514e+04	 2.5384e+03	-4.1421e+00
 2.2168e+05	 3.0462e+03	 4.4033e+00	 1.1126e+00	 3.6315e+02	 3.1117e+03	-7.5820e+01	 7.2962e+03	 1.8436e+03	-3.9576e+00
 3.3253e+05	 3.0462e+03	 4.0621e+00	 9.7749e-01	 3.6315e+02	 3.1142e+03	-7.6470e+01	 5.5365e+03	 1.3323e+03	-4.1557e+00
 4.9879e+05	 3.0462e+03	-5.4448e+00	 4.9784e+01	 3.6314e+02	 3.1172e+03	 6.2416e+00	 7.2470e+01	-6.6262e+02	 1.0937e-01
 7.4818e+05	 3.0462e+03	 3.6888e+00	 5.3917e-01	 3.6315e+02	 3.1236e+03	-8.1684e+01	 4.4610e+03	 6.5204e+02	-6.8417e+00
 9.0000e+05	 3.0462e+03	 3.6385e+00	 4.6089e-01	 3.6315e+02	 3.1312e+03	-8.2781e+01	 4.3384e+03	 5.4955e+02	-7.8944e+00
 1.0000e+02	 3.1285e+03	 6.4419e+00	 2.2152e-01	 3.6316e+02	 3.1394e+03	-8.8031e+01	 8.1238e+07	 2.7936e+06	-2.9080e+01
 1.5000e+02	 3.1285e+03	 6.3979e+00	 1.9760e-01	 3.6315e+02	 3.1420e+03	-8.8231e+01	 6.0715e+07	 1.8752e+06	-3.2378e+01
 2.2500e+02	 3.1285e+03	 6.3579e+00	 1.7364e-01	 3.6316e+02	 3.1447e+03	-8.8436e+01	 4.6062e+07	 1.2580e+06	-3.6616e+01
 3.3750e+02	 3.1285e+03	 6.3239e+00	 1.5642e-01	 3.6315e+02	 3.1473e+03	-8.8583e+01	 3.4088e+07	 8.4316e+05	-4.0429e+01
 5.0625e+02	 3.1285e+03	 6.2940e+00	 1.4388e-01	 3.6316e+02	 3.1500e+03	-8.8690e+01	 2.4705e+07	 5.6478e+05	-4.3743e+01
 7.5938e+02	 3.1285e+03	 6.2676e+00	 1.3627e-01	 3.6315e+02	 3.1526e+03	-8.8755e+01	 1.7391e+07	 3.7811e+05	-4.5995e+01
 1.1391e+03	 3.1285e+03	 6.2430e+00	 1.3379e-01	 3.6315e+02	 3.1576e+03	-8.8772e+01	 1.1809e+07	 2.5306e+05	-4.6663e+01
 1.7086e+03	 3.1285e+03	 6.2203e+00	 1.3765e-01	 3.6315e+02	 3.1601e+03	-8.8732e+01	 7.6516e+06	 1.6932e+05	-4.5189e+01
 2.5629e+03	 3.1285e+03	 6.1982e+00	 1.4975e-01	 3.6315e+02	 3.1627e+03	-8.8616e+01	 4.6889e+06	 1.1328e+05	-4.1390e+01
 3.8443e+03	 3.1285e+03	 6.1755e+00	 1.7232e-01	 3.6315e+02	 3.1651e+03	-8.8402e+01	 2.7165e+06	 7.5801e+04	-3.5837e+01
 5.7665e+03	 3.1285e+03	 6.1501e+00	 2.0863e-01	 3.6316e+02	 3.1676e+03	-8.8057e+01	 1.4958e+06	 5.0742e+04	-2.9479e+01
 8.6498e+03	 3.1285e+03	 6.1184e+00	 2.6349e-01	 3.6315e+02	 3.1702e+03	-8.7534e+01	 7.8960e+05	 3.4004e+04	-2.3221e+01
 1.2975e+04	 3.1285e+03	 6.0752e+00	 3.4273e-01	 3.6315e+02	 3.1728e+03	-8.6771e+01	 4.0469e+05	 2.2830e+04	-1.7726e+01
 1.9462e+04	 3.1285e+03	 6.0118e+00	 4.5237e-01	 3.6315e+02	 3.1754e+03	-8.5697e+01	 2.0441e+05	 1.5381e+04	-1.3290e+01
 2.9193e+04	 3.1285e+03	 5.9108e+00	 5.9610e-01	 3.6315e+02	 3.1779e+03	-8.4241e+01	 1.0341e+05	 1.0429e+04	-9.9159e+00
 4.3789e+04	 3.1285e+03	 5.7529e+00	 7.6962e-01	 3.6315e+02	 3.1804e+03	-8.2380e+01	 5.3398e+04	 7.1435e+03	-7.4750e+00
 6.5684e+04	 3.1285e+03	 5.5135e+00	 9.5087e-01	 3.6314e+02	 3.1830e+03	-8.0215e+01	 2.8813e+04	 4.9691e+03	-5.7983e+00
 9.8526e+04	 3.1285e+03	 5.1856e+00	 1.0969e+00	 3.6314e+02	 3.1856e+03	-7.8056e+01	 1.6651e+04	 3.5222e+03	-4.7275e+00
 1.4779e+05	 3.1285e+03	 4.7947e+00	 1.1588e+00	 3.6314e+02	 3.1905e+03	-7.6413e+01	 1.0508e+04	 2.5396e+03	-4.1378e+00
 2.2168e+05	 3.1285e+03	 4.4013e+00	 1.1127e+00	 3.6315e+02	 3.1929e+03	-7.5812e+01	 7.2956e+03	 1.8444e+03	-3.9555e+00
 3.3253e+05	 3.1285e+03	 4.0602e+00	 9.7735e-01	 3.6315e+02	 3.1957e+03	-7.6465e+01	 5.5372e+03	 1.3329e+03	-4.1543e+00
 4.9879e+05	 3.1285e+03	-5.4386e+00	 4.9759e+01	 3.6314e+02	 3.1984e+03	 6.2376e+00	 7.2507e+01	-6.6338e+02	 1.0930e-01
 7.4818e+05	 3.1285e+03	 3.6876e+00	 5.3710e-01	 3.6315e+02	 3.2048e+03	-8.1713e+01	 4.4782e+03	 6.5225e+02	-6.8658e+00
 9.0000e+05	 3.1285e+03	 3.6374e+00	 4.5950e-01	 3.6315e+02	 3.2127e+03	-8.2800e+01	 4.3515e+03	 5.4971e+02	-7.9160e+00
 1.0000e+02	 3.2100e+03	 6.4416e+00	 2.2136e-01	 3.6314e+02	 3.2206e+03	-8.8032e+01	 8.1296e+07	 2.7937e+06	-2.9100e+01
 1.5000e+02	 3.2100e+03	 6.3961e+00	 1.9654e-01	 3.6315e+02	 3.2232e+03	-8.8240e+01	 6.1042e+07	 1.8757e+06	-3.2544e+01
 2.2500e+02	 3.2100e+03	 6.3577e+00	 1.7357e-01	 3.6314e+02	 3.2257e+03	-8.8436e+01	 4.6080e+07	 1.2580e+06	-3.6629e+01
 3.3750e+02	 3.2100e+03	 6.3237e+00	 1.5630e-01	 3.6315e+02	 3.2285e+03	-8.8584e+01	 3.4113e+07	 8.4319e+05	-4.0457e+01
 5.0625e+02	 3.2100e+03	 6.2938e+00	 1.4388e-01	 3.6315e+02	 3.2310e+03	-8.8690e+01	 2.4705e+07	 5.6479e+05	-4.3742e+01
 7.5938e+02	 3.2100e+03	 6.2671e+00	 1.3593e-01	 3.6315e+02	 3.2339e+03	-8.8757e+01	 1.7433e+07	 3.7813e+05	-4.6104e+01
 1.1391e+03	 3.2100e+03	 6.2427e+00	 1.3358e-01	 3.6315e+02	 3.2389e+03	-8.8774e+01	 1.1827e+07	 2.5308e+05	-4.6734e+01
 1.7086e+03	 3.2100e+03	 6.2202e+00	 1.3765e-01	 3.6315e+02	 3.2414e+03	-8.8732e+01	 7.6518e+06	 1.6933e+05	-4.5190e+01
 2.5629e+03	 3.2100e+03	 6.1980e+00	 1.4972e-01	 3.6314e+02	 3.2441e+03	-8.8616e+01	 4.6900e+06	 1.1329e+05	-4.1399e+01
 3.8443e+03	 3.2100e+03	 6.1753e+00	 1.7225e-01	 3.6315e+02	 3.2469e+03	-8.8402e+01	 2.7176e+06	 7.5804e+04	-3.5850e+01
 5.7665e+03	 3.2100e+03	 6.1499e+00	 2.0871e-01	 3.6315e+02	 3.2494e+03	-8.8056e+01	 1.4952e+06	 5.0744e+04	-2.9466e+01
 8.6498e+03	 3.2100e+03	 6.1182e+00	 2.6386e-01	 3.6315e+02	 3.2521e+03	-8.7531e+01	 7.8848e+05	 3.4005e+04	-2.3187e+01
 1.2975e+04	 3.2100e+03	 6.0751e+00	 3.4308e-01	 3.6314e+02	 3.2548e+03	-8.6768e+01	 4.0428e+05	 2.2831e+04	-1.7707e+01
 1.9462e+04	 3.2100e+03	 6.0113e+00	 4.5293e-01	 3.6314e+02	 3.2574e+03	-8.5691e+01	 2.0415e+05	 1.5382e+04	-1.3272e+01
 2.9193e+04	 3.2100e+03	 5.9103e+00	 5.9671e-01	 3.6315e+02	 3.2599e+03	-8.4235e+01	 1.0331e+05	 1.0430e+04	-9.9049e+00
 4.3789e+04	 3.2100e+03	 5.7520e+00	 7.7046e-01	 3.6315e+02	 3.2627e+03	-8.2371e+01	 5.3340e+04	 7.1447e+03	-7.4657e+00
 6.5684e+04	 3.2100e+03	 5.5123e+00	 9.5175e-01	 3.6315e+02	 3.2651e+03	-8.0204e+01	 2.8786e+04	 4.9702e+03	-5.7917e+00
 9.8526e+04	 3.2100e+03	 5.1843e+00	 1.0977e+00	 3.6315e+02	 3.2679e+03	-7.8045e+01	 1.6639e+04	 3.5231e+03	-4.7228e+00
 1.4779e+05	 3.2100e+03	 4.7931e+00	 1.1594e+00	 3.6315e+02	 3.2729e+03	-7.6402e+01	 1.0503e+04	 2.5405e+03	-4.1342e+00
 2.2168e+05	 3.2100e+03	 4.3995e+00	 1.1130e+00	 3.6314e+02	 3.2756e+03	-7.5804e+01	 7.2939e+03	 1.8451e+03	-3.9530e+00
 3.3253e+05	 3.2100e+03	 4.0584e+00	 9.7709e-01	 3.6315e+02	 3.2781e+03	-7.6463e+01	 5.5387e+03	 1.3335e+03	-4.1535e+00
 4.9879e+05	 3.2100e+03	-5.4337e+00	 4.9737e+01	 3.6315e+02	 3.2811e+03	 6.2348e+00	 7.2539e+01	-6.6398e+02	 1.0925e-01
 7.4818e+05	 3.2100e+03	 3.6863e+00	 5.3560e-01	 3.6315e+02	 3.2875e+03	-8.1733e+01	 4.4908e+03	 6.5248e+02	-6.8826e+00
 9.0000e+05	 3.2100e+03	 3.6362e+00	 4.5840e-01	 3.6315e+02	 3.2953e+03	-8.2815e+01	 4.3620e+03	 5.4990e+02	-7.9324e+00
 1.0000e+02	 3.2926e+03	 6.4412e+00	 2.2126e-01	 3.6315e+02	 3.3033e+03	-8.8033e+01	 8.1331e+07	 2.7938e+06	-2.9111e+01
 1.5000e+02	 3.2926e+03	 6.3987e+00	 1.9561e-01	 3.6315e+02	 3.3062e+03	-8.8249e+01	 6.1332e+07	 1.8749e+06	-3.2711e+01
 2.2500e+02	 3.2926e+03	 6.3570e+00	 1.7330e-01	 3.6315e+02	 3.3087e+03	-8.8438e+01	 4.6152e+07	 1.2582e+06	-3.6682e+01
 3.3750e+02	 3.2926e+03	 6.3231e+00	 1.5626e-01	 3.6315e+02	 3.3115e+03	-8.8584e+01	 3.4123e+07	 8.4327e+05	-4.0465e+01
 5.0625e+02	 3.2926e+03	 6.2934e+00	 1.4362e-01	 3.6315e+02	 3.3139e+03	-8.8693e+01	 2.4750e+07	 5.6483e+05	-4.3819e+01
 7.5938e+02	 3.2926e+03	 6.2670e+00	 1.3606e-01	 3.6315e+02	 3.3165e+03	-8.8756e+01	 1.7417e+07	 3.7814e+05	-4.6060e+01
 1.1391e+03	 3.2926e+03	 6.2423e+00	 1.3323e-01	 3.6315e+02	 3.3216e+03	-8.8777e+01	 1.1859e+07	 2.5309e+05	-4.6855e+01
 1.7086e+03	 3.2926e+03	 6.2199e+00	 1.3772e-01	 3.6315e+02	 3.3242e+03	-8.8732e+01	 7.6478e+06	 1.6933e+05	-4.5164e+01
 2.5629e+03	 3.2926e+03	 6.1978e+00	 1.4982e-01	 3.6315e+02	 3.3270e+03	-8.8615e+01	 4.6868e+06	 1.1329e+05	-4.1369e+01
 3.8443e+03	 3.2926e+03	 6.1753e+00	 1.7232e-01	 3.6315e+02	 3.3296e+03	-8.8402e+01	 2.7165e+06	 7.5804e+04	-3.5836e+01
 5.7665e+03	 3.2926e+03	 6.1498e+00	 2.0893e-01	 3.6315e+02	 3.3321e+03	-8.8054e+01	 1.4937e+06	 5.0745e+04	-2.9435e+01
 8.6498e+03	 3.2926e+03	 6.1180e+00	 2.6384e-01	 3.6315e+02	 3.3349e+03	-8.7531e+01	 7.8855e+05	 3.4006e+04	-2.3188e+01
 1.2975e+04	 3.2926e+03	 6.0748e+00	 3.4342e-01	 3.6315e+02	 3.3375e+03	-8.6764e+01	 4.0388e+05	 2.2832e+04	-1.7689e+01
 1.9462e+04	 3.2926e+03	 6.0109e+00	 4.5342e-01	 3.6315e+02	 3.3403e+03	-8.5686e+01	 2.0393e+05	 1.5383e+04	-1.3257e+01
 2.9193e+04	 3.2926e+03	 5.9101e+00	 5.9735e-01	 3.6315e+02	 3.3428e+03	-8.4229e+01	 1.0320e+05	 1.0430e+04	-9.8938e+00
 4.3789e+04	 3.2926e+03	 5.7513e+00	 7.7113e-01	 3.6315e+02	 3.3455e+03	-8.2363e+01	 5.3293e+04	 7.1455e+03	-7.4583e+00
 6.5684e+04	 3.2926e+03	 5.5115e+00	 9.5254e-01	 3.6315e+02	 3.3479e+03	-8.0195e+01	 2.8763e+04	 4.9710e+03	-5.7861e+00
 9.8526e+04	 3.2926e+03	 5.1830e+00	 1.0984e+00	 3.6315e+02	 3.3505e+03	-7.8035e+01	 1.6629e+04	 3.5240e+03	-4.7188e+00
 1.4779e+05	 3.2926e+03	 4.7915e+00	 1.1599e+00	 3.6315e+02	 3.3555e+03	-7.6392e+01	 1.0498e+04	 2.5413e+03	-4.1310e+00
 2.2168e+05	 3.2926e+03	 4.3981e+00	 1.1132e+00	 3.6315e+02	 3.3582e+03	-7.5796e+01	 7.2921e+03	 1.8458e+03	-3.9508e+00
 3.3253e+05	 3.2926e+03	 4.0568e+00	 9.7704e-01	 3.6315e+02	 3.3608e+03	-7.6459e+01	 5.5390e+03	 1.3340e+03	-4.1521e+00
 4.9879e+05	 3.2926e+03	-5.4298e+00	 4.9716e+01	 3.6315e+02	 3.3639e+03	 6.2329e+00	 7.2569e+01	-6.6446e+02	 1.0922e-01
 7.4818e+05	 3.2926e+03	 3.6851e+00	 5.3520e-01	 3.6315e+02	 3.3702e+03	-8.1736e+01	 4.4941e+03	 6.5270e+02	-6.8855e+00
 9.0000e+05	 3.2926e+03	 3.6351e+00	 4.5774e-01	 3.6315e+02	 3.3779e+03	-8.2823e+01	 4.3682e+03	 5.5005e+02	-7.9415e+00
 1.0000e+02	 3.3752e+03	 6.4408e+00	 2.2119e-01	 3.6315e+02	 3.3859e+03	-8.8033e+01	 8.1358e+07	 2.7940e+06	-2.9119e+01
 1.5000e+02	 3.3752e+03	 6.3962e+00	 1.9599e-01	 3.6315e+02	 3.3885e+03	-8.8245e+01	 6.1212e+07	 1.8757e+06	-3.2635e+01
 2.2500e+02	 3.3752e+03	 6.3571e+00	 1.7330e-01	 3.6315e+02	 3.3912e+03	-8.8438e+01	 4.6152e+07	 1.2581e+06	-3.6683e+01
 3.3750e+02	 3.3752e+03	 6.3230e+00	 1.5625e-01	 3.6315e+02	 3.3938e+03	-8.8584e+01	 3.4125e+07	 8.4328e+05	-4.0467e+01
 5.0625e+02	 3.3752e+03	 6.2933e+00	 1.4353e-01	 3.6315e+02	 3.3964e+03	-8.8693e+01	 2.4766e+07	 5.6484e+05	-4.3846e+01
 7.5938e+02	 3.3752e+03	 6.2666e+00	 1.3578e-01	 3.6316e+02	 3.3990e+03	-8.8759e+01	 1.7454e+07	 3.7816e+05	-4.6154e+01
 1.1391e+03	 3.3752e+03	 6.2426e+00	 1.3360e-01	 3.6315e+02	 3.4042e+03	-8.8774e+01	 1.1826e+07	 2.5308e+05	-4.6727e+01
 1.7086e+03	 3.3752e+03	 6.2200e+00	 1.3760e-01	 3.6315e+02	 3.4067e+03	-8.8733e+01	 7.6545e+06	 1.6933e+05	-4.5204e+01
 2.5629e+03	 3.3752e+03	 6.1979e+00	 1.4991e-01	 3.6315e+02	 3.4094e+03	-8.8614e+01	 4.6840e+06	 1.1329e+05	-4.1345e+01
 3.8443e+03	 3.3752e+03	 6.1751e+00	 1.7250e-01	 3.6315e+02	 3.4119e+03	-8.8400e+01	 2.7136e+06	 7.5807e+04	-3.5797e+01
 5.7665e+03	 3.3752e+03	 6.1496e+00	 2.0912e-01	 3.6316e+02	 3.4147e+03	-8.8052e+01	 1.4923e+06	 5.0747e+04	-2.9407e+01
 8.6498e+03	 3.3752e+03	 6.1178e+00	 2.6422e-01	 3.6315e+02	 3.4172e+03	-8.7527e+01	 7.8742e+05	 3.4007e+04	-2.3154e+01
 1.2975e+04	 3.3752e+03	 6.0746e+00	 3.4377e-01	 3.6315e+02	 3.4198e+03	-8.6761e+01	 4.0347e+05	 2.2833e+04	-1.7671e+01
 1.9462e+04	 3.3752e+03	 6.0108e+00	 4.5389e-01	 3.6316e+02	 3.4223e+03	-8.5682e+01	 2.0372e+05	 1.5383e+04	-1.3243e+01
 2.9193e+04	 3.3752e+03	 5.9093e+00	 5.9792e-01	 3.6315e+02	 3.4248e+03	-8.4222e+01	 1.0310e+05	 1.0432e+04	-9.8831e+00
 4.3789e+04	 3.3752e+03	 5.7507e+00	 7.7199e-01	 3.6315e+02	 3.4274e+03	-8.2354e+01	 5.3234e+04	 7.1463e+03	-7.4492e+00
 6.5684e+04	 3.3752e+03	 5.5102e+00	 9.5348e-01	 3.6315e+02	 3.4299e+03	-8.0183e+01	 2.8734e+04	 4.9721e+03	-5.7791e+00
 9.8526e+04	 3.3752e+03	 5.1815e+00	 1.0992e+00	 3.6315e+02	 3.4327e+03	-7.8022e+01	 1.6616e+04	 3.5250e+03	-4.7137e+00
 1.4779e+05	 3.3752e+03	 4.7898e+00	 1.1602e+00	 3.6316e+02	 3.4377e+03	-7.6383e+01	 1.0495e+04	 2.5422e+03	-4.1283e+00
 2.2168e+05	 3.3752e+03	 4.3964e+00	 1.1135e+00	 3.6315e+02	 3.4403e+03	-7.5788e+01	 7.2906e+03	 1.8465e+03	-3.9484e+00
 3.3253e+05	 3.3752e+03	 4.0553e+00	 9.7666e-01	 3.6314e+02	 3.4429e+03	-7.6459e+01	 5.5412e+03	 1.3345e+03	-4.1522e+00
 4.9879e+05	 3.3752e+03	-5.4230e+00	 4.9695e+01	 3.6314e+02	 3.4458e+03	 6.2278e+00	 7.2600e+01	-6.6529e+02	 1.0913e-01
 7.4818e+05	 3.3752e+03	 3.6838e+00	 5.3543e-01	 3.6315e+02	 3.4521e+03	-8.1730e+01	 4.4922e+03	 6.5293e+02	-6.8800e+00
 9.0000e+05	 3.3752e+03	 3.6338e+00	 4.5848e-01	 3.6315e+02	 3.4596e+03	-8.2809e+01	 4.3612e+03	 5.5026e+02	-7.9258e+00
 1.0000e+02	 3.4569e+03	 6.4406e+00	 2.2104e-01	 3.6316e+02	 3.4679e+03	-8.8034e+01	 8.1414e+07	 2.7941e+06	-2.9138e+01
 1.5000e+02	 3.4569e+03	 6.3943e+00	 1.9387e-01	 3.6315e+02	 3.4703e+03	-8.8263e+01	 6.1883e+07	 1.8762e+06	-3.2983e+01
 2.2500e+02	 3.4569e+03	 6.3565e+00	 1.7326e-01	 3.6316e+02	 3.4730e+03	-8.8439e+01	 4.6163e+07	 1.2583e+06	-3.6688e+01
 3.3750e+02	 3.4569e+03	 6.3226e+00	 1.5604e-01	 3.6315e+02	 3.4756e+03	-8.8586e+01	 3.4171e+07	 8.4333e+05	-4.0519e+01
 5.0625e+02	 3.4569e+03	 6.2929e+00	 1.4366e-01	 3.6315e+02	 3.4782e+03	-8.8692e+01	 2.4743e+07	 5.6487e+05	-4.3803e+01
 7.5938e+02	 3.4569e+03	 6.2664e+00	 1.3581e-01	 3.6315e+02	 3.4808e+03	-8.8758e+01	 1.7449e+07	 3.7818e+05	-4.6139e+01
 1.1391e+03	 3.4569e+03	 6.2421e+00	 1.3393e-01	 3.6315e+02	 3.4861e+03	-8.8771e+01	 1.1796e+07	 2.5310e+05	-4.6608e+01
 1.7086e+03	 3.4569e+03	 6.2195e+00	 1.3766e-01	 3.6315e+02	 3.4886e+03	-8.8732e+01	 7.6511e+06	 1.6935e+05	-4.5181e+01
 2.5629e+03	 3.4569e+03	 6.1975e+00	 1.4991e-01	 3.6315e+02	 3.4911e+03	-8.8614e+01	 4.6840e+06	 1.1330e+05	-4.1342e+01
 3.8443e+03	 3.4569e+03	 6.1749e+00	 1.7252e-01	 3.6315e+02	 3.4936e+03	-8.8400e+01	 2.7134e+06	 7.5809e+04	-3.5793e+01
 5.7665e+03	 3.4569e+03	 6.1494e+00	 2.0906e-01	 3.6316e+02	 3.4962e+03	-8.8053e+01	 1.4927e+06	 5.0749e+04	-2.9414e+01
 8.6498e+03	 3.4569e+03	 6.1175e+00	 2.6427e-01	 3.6315e+02	 3.4988e+03	-8.7526e+01	 7.8727e+05	 3.4009e+04	-2.3149e+01
 1.2975e+04	 3.4569e+03	 6.0742e+00	 3.4412e-01	 3.6315e+02	 3.5017e+03	-8.6758e+01	 4.0306e+05	 2.2834e+04	-1.7652e+01
 1.9462e+04	 3.4569e+03	 6.0105e+00	 4.5431e-01	 3.6316e+02	 3.5041e+03	-8.5677e+01	 2.0353e+05	 1.5384e+04	-1.3230e+01
 2.9193e+04	 3.4569e+03	 5.9093e+00	 5.9824e-01	 3.6315e+02	 3.5066e+03	-8.4219e+01	 1.0304e+05	 1.0432e+04	-9.8777e+00
 4.3789e+04	 3.4569e+03	 5.7501e+00	 7.7271e-01	 3.6317e+02	 3.5091e+03	-8.2346e+01	 5.3184e+04	 7.1470e+03	-7.4415e+00
 6.5684e+04	 3.4569e+03	 5.5094e+00	 9.5410e-01	 3.6316e+02	 3.5116e+03	-8.0175e+01	 2.8715e+04	 4.9728e+03	-5.7744e+00
 9.8526e+04	 3.4569e+03	 5.1803e+00	 1.0997e+00	 3.6316e+02	 3.5142e+03	-7.8014e+01	 1.6608e+04	 3.5259e+03	-4.7105e+00
 1.4779e+05	 3.4569e+03	 4.7882e+00	 1.1607e+00	 3.6315e+02	 3.5191e+03	-7.6374e+01	 1.0491e+04	 2.5431e+03	-4.1254e+00
 2.2168e+05	 3.4569e+03	 4.3947e+00	 1.1134e+00	 3.6313e+02	 3.5217e+03	-7.5783e+01	 7.2908e+03	 1.8472e+03	-3.9470e+00
 3.3253e+05	 3.4569e+03	 4.0534e+00	 9.7626e-01	 3.6312e+02	 3.5242e+03	-7.6458e+01	 5.5434e+03	 1.3351e+03	-4.1520e+00
 4.9879e+05	 3.4569e+03	-5.4099e+00	 4.9669e+01	 3.6310e+02	 3.5272e+03	 6.2161e+00	 7.2638e+01	-6.6690e+02	 1.0892e-01
 7.4818e+05	 3.4569e+03	 3.6819e+00	 5.3445e-01	 3.6303e+02	 3.5336e+03	-8.1741e+01	 4.5004e+03	 6.5326e+02	-6.8892e+00
 9.0000e+05	 3.4569e+03	 3.6318e+00	 4.5631e-01	 3.6292e+02	 3.5413e+03	-8.2839e+01	 4.3820e+03	 5.5056e+02	-7.9592e+00
 1.0000e+02	 3.5386e+03	 6.4383e+00	 2.2013e-01	 3.6275e+02	 3.5495e+03	-8.8042e+01	 8.1751e+07	 2.7951e+06	-2.9248e+01
 1.5000e+02	 3.5386e+03	 6.3935e+00	 1.9376e-01	 3.6270e+02	 3.5520e+03	-8.8264e+01	 6.1918e+07	 1.8765e+06	-3.2997e+01
 2.2500e+02	 3.5386e+03	 6.3549e+00	 1.7254e-01	 3.6262e+02	 3.5547e+03	-8.8445e+01	 4.6355e+07	 1.2586e+06	-3.6831e+01
 3.3750e+02	 3.5386e+03	 6.3208e+00	 1.5552e-01	 3.6256e+02	 3.5573e+03	-8.8591e+01	 3.4286e+07	 8.4357e+05	-4.0643e+01
 5.0625e+02	 3.5386e+03	 6.2908e+00	 1.4335e-01	 3.6248e+02	 3.5599e+03	-8.8695e+01	 2.4797e+07	 5.6506e+05	-4.3884e+01
 7.5938e+02	 3.5386e+03	 6.2642e+00	 1.3570e-01	 3.6240e+02	 3.5625e+03	-8.8759e+01	 1.7464e+07	 3.7831e+05	-4.6163e+01
 1.1391e+03	 3.5386e+03	 6.2391e+00	 1.3400e-01	 3.6224e+02	 3.5677e+03	-8.8770e+01	 1.1790e+07	 2.5322e+05	-4.6561e+01
 1.7086e+03	 3.5386e+03	 6.2164e+00	 1.3844e-01	 3.6215e+02	 3.5701e+03	-8.8724e+01	 7.6079e+06	 1.6943e+05	-4.4903e+01
 2.5629e+03	 3.5386e+03	 6.1936e+00	 1.5179e-01	 3.6205e+02	 3.5728e+03	-8.8596e+01	 4.6260e+06	 1.1337e+05	-4.0804e+01
 3.8443e+03	 3.5386e+03	 6.1702e+00	 1.7589e-01	 3.6197e+02	 3.5752e+03	-8.8367e+01	 2.6614e+06	 7.5867e+04	-3.5080e+01
 5.7665e+03	 3.5386e+03	 6.1436e+00	 2.1442e-01	 3.6190e+02	 3.5777e+03	-8.8001e+01	 1.4554e+06	 5.0796e+04	-2.8652e+01
 8.6498e+03	 3.5386e+03	 6.1100e+00	 2.7242e-01	 3.6175e+02	 3.5802e+03	-8.7447e+01	 7.6371e+05	 3.4050e+04	-2.2429e+01
 1.2975e+04	 3.5386e+03	 6.0639e+00	 3.5586e-01	 3.6167e+02	 3.5829e+03	-8.6642e+01	 3.8976e+05	 2.2873e+04	-1.7040e+01
 1.9462e+04	 3.5386e+03	 5.9953e+00	 4.7089e-01	 3.6154e+02	 3.5854e+03	-8.5509e+01	 1.9637e+05	 1.5423e+04	-1.2732e+01
 2.9193e+04	 3.5386e+03	 5.8860e+00	 6.1999e-01	 3.6143e+02	 3.5879e+03	-8.3987e+01	 9.9427e+04	 1.0473e+04	-9.4937e+00
 4.3789e+04	 3.5386e+03	 5.7143e+00	 7.9727e-01	 3.6134e+02	 3.5903e+03	-8.2057e+01	 5.1546e+04	 7.1918e+03	-7.1673e+00
 6.5684e+04	 3.5386e+03	 5.4579e+00	 9.7653e-01	 3.6120e+02	 3.5929e+03	-7.9856e+01	 2.8056e+04	 5.0197e+03	-5.5891e+00
 9.8526e+04	 3.5386e+03	 5.1138e+00	 1.1110e+00	 3.6107e+02	 3.5955e+03	-7.7742e+01	 1.6440e+04	 3.5717e+03	-4.6028e+00
 1.4779e+05	 3.5386e+03	 4.7097e+00	 1.1525e+00	 3.6080e+02	 3.6006e+03	-7.6249e+01	 1.0565e+04	 2.5854e+03	-4.0864e+00
 2.2168e+05	 3.5386e+03	 4.3221e+00	 1.0841e+00	 3.6070e+02	 3.6031e+03	-7.5919e+01	 7.4878e+03	 1.8782e+03	-3.9867e+00
 3.3253e+05	 3.5386e+03	 3.9966e+00	 9.3262e-01	 3.6054e+02	 3.6057e+03	-7.6865e+01	 5.8028e+03	 1.3541e+03	-4.2854e+00
 4.9879e+05	 3.5386e+03	-4.8384e+00	 4.9131e+01	 3.6043e+02	 3.6085e+03	 5.6243e+00	 7.3434e+01	-7.4568e+02	 9.8479e-02
 7.4818e+05	 3.5386e+03	 3.6596e+00	 4.8910e-01	 3.6000e+02	 3.6152e+03	-8.2388e+01	 4.9177e+03	 6.5724e+02	-7.4823e+00
 9.0000e+05	 3.5386e+03	 3.6144e+00	 4.1035e-01	 3.5955e+02	 3.6232e+03	-8.3523e+01	 4.8727e+03	 5.5322e+02	-8.8079e+00
 1.0000e+02	 3.6205e+03	 6.4199e+00	 2.1179e-01	 3.5900e+02	 3.6314e+03	-8.8111e+01	 8.4970e+07	 2.8031e+06	-3.0313e+01
 1.5000e+02	 3.6205e+03	 6.3770e+00	 1.8789e-01	 3.5880e+02	 3.6342e+03	-8.8312e+01	 6.3852e+07	 1.8813e+06	-3.3940e+01
 2.2500e+02	 3.6205e+03	 6.3379e+00	 1.6737e-01	 3.5865e+02	 3.6367e+03	-8.8487e+01	 4.7786e+07	 1.2619e+06	-3.7867e+01
 3.3750e+02	 3.6205e+03	 6.3046e+00	 1.5215e-01	 3.5849e+02	 3.6393e+03	-8.8618e+01	 3.5044e+07	 8.4575e+05	-4.1436e+01
 5.0625e+02	 3.6205e+03	 6.2750e+00	 1.4165e-01	 3.5828e+02	 3.6417e+03	-8.8707e+01	 2.5094e+07	 5.6649e+05	-4.4298e+01
 7.5938e+02	 3.6205e+03	 6.2484e+00	 1.3659e-01	 3.5814e+02	 3.6443e+03	-8.8748e+01	 1.7350e+07	 3.7926e+05	-4.5745e+01
 1.1391e+03	 3.6205e+03	 6.2227e+00	 1.3785e-01	 3.5774e+02	 3.6496e+03	-8.8731e+01	 1.1461e+07	 2.5389e+05	-4.5142e+01
 1.7086e+03	 3.6205e+03	 6.1989e+00	 1.4567e-01	 3.5752e+02	 3.6522e+03	-8.8654e+01	 7.2302e+06	 1.6991e+05	-4.2554e+01
 2.5629e+03	 3.6205e+03	 6.1746e+00	 1.6323e-01	 3.5738e+02	 3.6548e+03	-8.8486e+01	 4.3016e+06	 1.1372e+05	-3.7828e+01
 3.8443e+03	 3.6205e+03	 6.1488e+00	 1.9338e-01	 3.5711e+02	 3.6575e+03	-8.8199e+01	 2.4207e+06	 7.6130e+04	-3.1797e+01
 5.7665e+03	 3.6205e+03	 6.1181e+00	 2.4008e-01	 3.5696e+02	 3.6601e+03	-8.7753e+01	 1.2999e+06	 5.1008e+04	-2.5484e+01
 8.6498e+03	 3.6205e+03	 6.0777e+00	 3.0843e-01	 3.5674e+02	 3.6629e+03	-8.7095e+01	 6.7453e+05	 3.4232e+04	-1.9705e+01
 1.2975e+04	 3.6205e+03	 6.0204e+00	 4.0496e-01	 3.5655e+02	 3.6654e+03	-8.6152e+01	 3.4250e+05	 2.3038e+04	-1.4867e+01
 1.9462e+04	 3.6205e+03	 5.9327e+00	 5.3397e-01	 3.5639e+02	 3.6679e+03	-8.4857e+01	 1.7317e+05	 1.5586e+04	-1.1111e+01
 2.9193e+04	 3.6205e+03	 5.7960e+00	 6.9556e-01	 3.5616e+02	 3.6704e+03	-8.3157e+01	 8.8626e+04	 1.0636e+04	-8.3329e+00
 4.3789e+04	 3.6205e+03	 5.5872e+00	 8.7392e-01	 3.5596e+02	 3.6730e+03	-8.1110e+01	 4.7025e+04	 7.3554e+03	-6.3932e+00
 6.5684e+04	 3.6205e+03	 5.2891e+00	 1.0343e+00	 3.5571e+02	 3.6757e+03	-7.8935e+01	 2.6489e+04	 5.1800e+03	-5.1136e+00
 9.8526e+04	 3.6205e+03	 4.9145e+00	 1.1264e+00	 3.5555e+02	 3.6783e+03	-7.7091e+01	 1.6216e+04	 3.7165e+03	-4.3632e+00
 1.4779e+05	 3.6205e+03	 4.5074e+00	 1.1105e+00	 3.5512e+02	 3.6834e+03	-7.6159e+01	 1.0965e+04	 2.7015e+03	-4.0588e+00
 2.2168e+05	 3.6205e+03	 4.1521e+00	 9.9525e-01	 3.5495e+02	 3.6858e+03	-7.6521e+01	 8.1564e+03	 1.9551e+03	-4.1719e+00
 3.3253e+05	 3.6205e+03	 3.8765e+00	 8.2251e-01	 3.5467e+02	 3.6885e+03	-7.8021e+01	 6.5796e+03	 1.3960e+03	-4.7130e+00
 4.9879e+05	 3.6205e+03	-3.5635e+00	 4.8102e+01	 3.5450e+02	 3.6912e+03	 4.2369e+00	 7.5006e+01	-1.0124e+03	 7.4084e-02
 7.4818e+05	 3.6205e+03	 3.6230e+00	 4.0227e-01	 3.5397e+02	 3.6974e+03	-8.3664e+01	 5.9792e+03	 6.6389e+02	-9.0063e+00
 9.0000e+05	 3.6205e+03	 3.5892e+00	 3.3362e-01	 3.5336e+02	 3.7051e+03	-8.4690e+01	 5.9935e+03	 5.5709e+02	-1.0759e+01
 1.0000e+02	 3.7024e+03	 6.3846e+00	 1.9845e-01	 3.5265e+02	 3.7133e+03	-8.8220e+01	 9.0683e+07	 2.8186e+06	-3.2173e+01
 1.5000e+02	 3.7024e+03	 6.3431e+00	 1.7562e-01	 3.5248e+02	 3.7158e+03	-8.8414e+01	 6.8314e+07	 1.8914e+06	-3.6119e+01
 2.2500e+02	 3.7024e+03	 6.3080e+00	 1.6046e-01	 3.5224e+02	 3.7184e+03	-8.8543e+01	 4.9844e+07	 1.2679e+06	-3.9312e+01
 3.3750e+02	 3.7024e+03	 6.2758e+00	 1.4819e-01	 3.5207e+02	 3.7211e+03	-8.8647e+01	 3.5980e+07	 8.4963e+05	-4.2349e+01
 5.0625e+02	 3.7024e+03	 6.2470e+00	 1.4134e-01	 3.5178e+02	 3.7238e+03	-8.8704e+01	 2.5150e+07	 5.6902e+05	-4.4199e+01
 7.5938e+02	 3.7024e+03	 6.2203e+00	 1.3961e-01	 3.5153e+02	 3.7267e+03	-8.8714e+01	 1.6975e+07	 3.8098e+05	-4.4556e+01
 1.1391e+03	 3.7024e+03	 6.1938e+00	 1.4554e-01	 3.5116e+02	 3.7317e+03	-8.8654e+01	 1.0855e+07	 2.5507e+05	-4.2557e+01
 1.7086e+03	 3.7024e+03	 6.1689e+00	 1.5937e-01	 3.5091e+02	 3.7344e+03	-8.8520e+01	 6.6089e+06	 1.7073e+05	-3.8708e+01
 2.5629e+03	 3.7024e+03	 6.1420e+00	 1.8461e-01	 3.5075e+02	 3.7369e+03	-8.8278e+01	 3.8035e+06	 1.1432e+05	-3.3271e+01
 3.8443e+03	 3.7024e+03	 6.1116e+00	 2.2458e-01	 3.5046e+02	 3.7396e+03	-8.7895e+01	 2.0843e+06	 7.6594e+04	-2.7213e+01
 5.7665e+03	 3.7024e+03	 6.0737e+00	 2.8373e-01	 3.5030e+02	 3.7421e+03	-8.7325e+01	 1.0999e+06	 5.1381e+04	-2.1407e+01
 8.6498e+03	 3.7024e+03	 6.0216e+00	 3.6767e-01	 3.5005e+02	 3.7449e+03	-8.6506e+01	 5.6585e+05	 3.4550e+04	-1.6378e+01
 1.2975e+04	 3.7024e+03	 5.9449e+00	 4.8208e-01	 3.4984e+02	 3.7475e+03	-8.5364e+01	 2.8771e+05	 2.3331e+04	-1.2332e+01
 1.9462e+04	 3.7024e+03	 5.8273e+00	 6.2780e-01	 3.4958e+02	 3.7502e+03	-8.3851e+01	 1.4729e+05	 1.5868e+04	-9.2821e+00
 2.9193e+04	 3.7024e+03	 5.6470e+00	 7.9752e-01	 3.4943e+02	 3.7528e+03	-8.1961e+01	 7.7294e+04	 1.0916e+04	-7.0807e+00
 4.3789e+04	 3.7024e+03	 5.3863e+00	 9.6324e-01	 3.4913e+02	 3.7554e+03	-7.9861e+01	 4.2665e+04	 7.6297e+03	-5.5919e+00
 6.5684e+04	 3.7024e+03	 5.0429e+00	 1.0809e+00	 3.4896e+02	 3.7579e+03	-7.7902e+01	 2.5347e+04	 5.4329e+03	-4.6656e+00
 9.8526e+04	 3.7024e+03	 4.6535e+00	 1.1059e+00	 3.4872e+02	 3.7607e+03	-7.6632e+01	 1.6516e+04	 3.9250e+03	-4.2080e+00
 1.4779e+05	 3.7024e+03	 4.2831e+00	 1.0255e+00	 3.4851e+02	 3.7632e+03	-7.6536e+01	 1.1874e+04	 2.8430e+03	-4.1767e+00
 2.2168e+05	 3.7024e+03	 3.9803e+00	 8.7070e-01	 3.4834e+02	 3.7658e+03	-7.7661e+01	 9.3232e+03	 2.0395e+03	-4.5714e+00
 3.3253e+05	 3.7024e+03	 3.7672e+00	 6.9235e-01	 3.4810e+02	 3.7684e+03	-7.9586e+01	 7.8166e+03	 1.4366e+03	-5.4411e+00
 4.9879e+05	 3.7024e+03	-2.2153e+00	 4.7233e+01	 3.4791e+02	 3.7711e+03	 2.6853e+00	 7.6385e+01	-1.6286e+03	 4.6901e-02
 7.4818e+05	 3.7024e+03	 3.5946e+00	 3.2118e-01	 3.4735e+02	 3.7779e+03	-8.4894e+01	 7.4887e+03	 6.6913e+02	-1.1192e+01
 9.0000e+05	 3.7024e+03	 3.5703e+00	 2.6538e-01	 3.4678e+02	 3.7858e+03	-8.5749e+01	 7.5345e+03	 5.6005e+02	-1.3453e+01
 1.0000e+02	 3.7831e+03	 6.3482e+00	 1.8730e-01	 3.4613e+02	 3.7939e+03	-8.8310e+01	 9.6078e+07	 2.8348e+06	-3.3893e+01
 1.5000e+02	 3.7831e+03	 6.3099e+00	 1.6921e-01	 3.4596e+02	 3.7965e+03	-8.8464e+01	 7.0903e+07	 1.9013e+06	-3.7291e+01
 2.2500e+02	 3.7831e+03	 6.2761e+00	 1.5548e-01	 3.4575e+02	 3.7994e+03	-8.8581e+01	 5.1440e+07	 1.2744e+06	-4.0365e+01
 3.3750e+02	 3.7831e+03	 6.2453e+00	 1.4669e-01	 3.4562e+02	 3.8019e+03	-8.8654e+01	 3.6349e+07	 8.5378e+05	-4.2574e+01
 5.0625e+02	 3.7831e+03	 6.2172e+00	 1.4350e-01	 3.4540e+02	 3.8046e+03	-8.8678e+01	 2.4772e+07	 5.7176e+05	-4.3326e+01
 7.5938e+02	 3.7831e+03	 6.1907e+00	 1.4648e-01	 3.4527e+02	 3.8072e+03	-8.8645e+01	 1.6178e+07	 3.8280e+05	-4.2263e+01
 1.1391e+03	 3.7831e+03	 6.1640e+00	 1.5730e-01	 3.4497e+02	 3.8122e+03	-8.8538e+01	 1.0043e+07	 2.5630e+05	-3.9186e+01
 1.7086e+03	 3.7831e+03	 6.1374e+00	 1.7806e-01	 3.4486e+02	 3.8146e+03	-8.8338e+01	 5.9152e+06	 1.7161e+05	-3.4469e+01
 2.5629e+03	 3.7831e+03	 6.1076e+00	 2.1135e-01	 3.4470e+02	 3.8174e+03	-8.8018e+01	 3.3223e+06	 1.1497e+05	-2.8899e+01
 3.8443e+03	 3.7831e+03	 6.0719e+00	 2.6145e-01	 3.4458e+02	 3.8199e+03	-8.7534e+01	 1.7904e+06	 7.7095e+04	-2.3224e+01
 5.7665e+03	 3.7831e+03	 6.0250e+00	 3.3315e-01	 3.4448e+02	 3.8223e+03	-8.6835e+01	 9.3673e+05	 5.1796e+04	-1.8085e+01
 8.6498e+03	 3.7831e+03	 5.9592e+00	 4.3140e-01	 3.4435e+02	 3.8249e+03	-8.5859e+01	 4.8227e+05	 3.4912e+04	-1.3814e+01
 1.2975e+04	 3.7831e+03	 5.8608e+00	 5.5935e-01	 3.4425e+02	 3.8275e+03	-8.4548e+01	 2.4797e+05	 2.3666e+04	-1.0478e+01
 1.9462e+04	 3.7831e+03	 5.7127e+00	 7.1391e-01	 3.4413e+02	 3.8299e+03	-8.2877e+01	 1.2952e+05	 1.6186e+04	-8.0020e+00
 2.9193e+04	 3.7831e+03	 5.4945e+00	 8.7882e-01	 3.4404e+02	 3.8325e+03	-8.0913e+01	 7.0144e+04	 1.1219e+04	-6.2521e+00
 4.3789e+04	 3.7831e+03	 5.1964e+00	 1.0186e+00	 3.4393e+02	 3.8352e+03	-7.8910e+01	 4.0347e+04	 7.9086e+03	-5.1016e+00
 6.5684e+04	 3.7831e+03	 4.8333e+00	 1.0883e+00	 3.4385e+02	 3.8377e+03	-7.7310e+01	 2.5174e+04	 5.6685e+03	-4.4411e+00
 9.8526e+04	 3.7831e+03	 4.4597e+00	 1.0581e+00	 3.4374e+02	 3.8405e+03	-7.6653e+01	 1.7262e+04	 4.0955e+03	-4.2148e+00
 1.4779e+05	 3.7831e+03	 4.1267e+00	 9.3793e-01	 3.4368e+02	 3.8429e+03	-7.7195e+01	 1.2982e+04	 2.9507e+03	-4.3998e+00
 2.2168e+05	 3.7831e+03	 3.8758e+00	 7.7051e-01	 3.4360e+02	 3.8457e+03	-7.8756e+01	 1.0536e+04	 2.0945e+03	-5.0302e+00
 3.3253e+05	 3.7831e+03	 3.7021e+00	 6.0222e-01	 3.4355e+02	 3.8482e+03	-8.0761e+01	 8.9865e+03	 1.4618e+03	-6.1474e+00
 4.9879e+05	 3.7831e+03	-1.3801e+00	 4.6789e+01	 3.4348e+02	 3.8509e+03	 1.6895e+00	 7.7109e+01	-2.6143e+03	 2.9495e-02
 7.4818e+05	 3.7831e+03	 3.5824e+00	 2.7483e-01	 3.4333e+02	 3.8577e+03	-8.5613e+01	 8.7518e+03	 6.7141e+02	-1.3035e+01
 9.0000e+05	 3.7831e+03	 3.5629e+00	 2.3175e-01	 3.4322e+02	 3.8656e+03	-8.6278e+01	 8.6280e+03	 5.6120e+02	-1.5374e+01
 1.0000e+02	 3.8629e+03	 6.3310e+00	 1.8288e-01	 3.4312e+02	 3.8736e+03	-8.8345e+01	 9.8404e+07	 2.8425e+06	-3.4619e+01
 1.5000e+02	 3.8629e+03	 6.2948e+00	 1.6674e-01	 3.4309e+02	 3.8762e+03	-8.8483e+01	 7.1952e+07	 1.9059e+06	-3.7753e+01
 2.2500e+02	 3.8629e+03	 6.2618e+00	 1.5435e-01	 3.4306e+02	 3.8789e+03	-8.8588e+01	 5.1818e+07	 1.2773e+06	-4.0569e+01
 3.3750e+02	 3.8629e+03	 6.2322e+00	 1.4704e-01	 3.4306e+02	 3.8815e+03	-8.8648e+01	 3.6262e+07	 8.5557e+05	-4.2383e+01
 5.0625e+02	 3.8629e+03	 6.2048e+00	 1.4526e-01	 3.4303e+02	 3.8841e+03	-8.8659e+01	 2.4471e+07	 5.7290e+05	-4.2714e+01
 7.5938e+02	 3.8629e+03	 6.1791e+00	 1.5004e-01	 3.4303e+02	 3.8867e+03	-8.8609e+01	 1.5795e+07	 3.8352e+05	-4.1184e+01
 1.1391e+03	 3.8629e+03	 6.1532e+00	 1.6239e-01	 3.4300e+02	 3.8917e+03	-8.8488e+01	 9.7289e+06	 2.5676e+05	-3.7892e+01
 1.7086e+03	 3.8629e+03	 6.1263e+00	 1.8517e-01	 3.4300e+02	 3.8942e+03	-8.8269e+01	 5.6881e+06	 1.7192e+05	-3.3085e+01
 2.5629e+03	 3.8629e+03	 6.0954e+00	 2.2088e-01	 3.4299e+02	 3.8967e+03	-8.7925e+01	 3.1789e+06	 1.1520e+05	-2.7595e+01
 3.8443e+03	 3.8629e+03	 6.0584e+00	 2.7354e-01	 3.4299e+02	 3.8993e+03	-8.7415e+01	 1.7113e+06	 7.7266e+04	-2.2148e+01
 5.7665e+03	 3.8629e+03	 6.0095e+00	 3.4770e-01	 3.4299e+02	 3.9022e+03	-8.6689e+01	 8.9753e+05	 5.1930e+04	-1.7284e+01
 8.6498e+03	 3.8629e+03	 5.9398e+00	 4.4817e-01	 3.4299e+02	 3.9049e+03	-8.5685e+01	 4.6422e+05	 3.5026e+04	-1.3253e+01
 1.2975e+04	 3.8629e+03	 5.8377e+00	 5.7755e-01	 3.4298e+02	 3.9076e+03	-8.4350e+01	 2.4015e+05	 2.3759e+04	-1.0108e+01
 1.9462e+04	 3.8629e+03	 5.6843e+00	 7.3181e-01	 3.4299e+02	 3.9100e+03	-8.2664e+01	 1.2635e+05	 1.6267e+04	-7.7674e+00
 2.9193e+04	 3.8629e+03	 5.4608e+00	 8.9286e-01	 3.4299e+02	 3.9127e+03	-8.0714e+01	 6.9041e+04	 1.1289e+04	-6.1161e+00
 4.3789e+04	 3.8629e+03	 5.1591e+00	 1.0251e+00	 3.4299e+02	 3.9152e+03	-7.8761e+01	 4.0089e+04	 7.9658e+03	-5.0326e+00
 6.5684e+04	 3.8629e+03	 4.7984e+00	 1.0861e+00	 3.4299e+02	 3.9178e+03	-7.7246e+01	 2.5226e+04	 5.7097e+03	-4.4180e+00
 9.8526e+04	 3.8629e+03	 4.4315e+00	 1.0486e+00	 3.4300e+02	 3.9204e+03	-7.6688e+01	 1.7419e+04	 4.1216e+03	-4.2262e+00
 1.4779e+05	 3.8629e+03	 4.1076e+00	 9.2545e-01	 3.4300e+02	 3.9229e+03	-7.7303e+01	 1.3158e+04	 2.9644e+03	-4.4385e+00
 2.2168e+05	 3.8629e+03	 3.8644e+00	 7.5879e-01	 3.4300e+02	 3.9255e+03	-7.8891e+01	 1.0698e+04	 2.1007e+03	-5.0928e+00
 3.3253e+05	 3.8629e+03	 3.6959e+00	 5.9364e-01	 3.4300e+02	 3.9281e+03	-8.0875e+01	 9.1163e+03	 1.4643e+03	-6.2257e+00
 4.9879e+05	 3.8629e+03	 3.5931e+00	 4.5698e-01	 3.4301e+02	 3.9307e+03	-8.2752e+01	 7.8950e+03	 1.0041e+03	-7.8626e+00
 7.4818e+05	 3.8629e+03	 3.5806e+00	 2.7244e-01	 3.4303e+02	 3.9384e+03	-8.5649e+01	 8.8284e+03	 6.7175e+02	-1.3142e+01
 9.0000e+05	 3.8629e+03	 3.5618e+00	 2.3095e-01	 3.4304e+02	 3.9461e+03	-8.6290e+01	 8.6578e+03	 5.6138e+02	-1.5422e+01
 1.0000e+02	 3.9434e+03	 6.3302e+00	 1.8328e-01	 3.4306e+02	 3.9544e+03	-8.8342e+01	 9.8187e+07	 2.8428e+06	-3.4538e+01
 1.5000e+02	 3.9434e+03	 6.2961e+00	 1.6605e-01	 3.4306e+02	 3.9568e+03	-8.8489e+01	 7.2249e+07	 1.9055e+06	-3.7916e+01
 2.2500e+02	 3.9434e+03	 6.2608e+00	 1.5456e-01	 3.4306e+02	 3.9595e+03	-8.8586e+01	 5.1747e+07	 1.2775e+06	-4.0507e+01
 3.3750e+02	 3.9434e+03	 6.2315e+00	 1.4740e-01	 3.4307e+02	 3.9621e+03	-8.8645e+01	 3.6173e+07	 8.5567e+05	-4.2275e+01
 5.0625e+02	 3.9434e+03	 6.2041e+00	 1.4562e-01	 3.4307e+02	 3.9645e+03	-8.8655e+01	 2.4411e+07	 5.7296e+05	-4.2605e+01
 7.5938e+02	 3.9434e+03	 6.1783e+00	 1.5020e-01	 3.4307e+02	 3.9671e+03	-8.8607e+01	 1.5778e+07	 3.8357e+05	-4.1134e+01
 1.1391e+03	 3.9434e+03	 6.1524e+00	 1.6230e-01	 3.4307e+02	 3.9723e+03	-8.8489e+01	 9.7343e+06	 2.5679e+05	-3.7908e+01
 1.7086e+03	 3.9434e+03	 6.1256e+00	 1.8501e-01	 3.4308e+02	 3.9748e+03	-8.8270e+01	 5.6928e+06	 1.7194e+05	-3.3109e+01
 2.5629e+03	 3.9434e+03	 6.0952e+00	 2.2044e-01	 3.4308e+02	 3.9775e+03	-8.7929e+01	 3.1853e+06	 1.1520e+05	-2.7650e+01
 3.8443e+03	 3.9434e+03	 6.0581e+00	 2.7267e-01	 3.4309e+02	 3.9799e+03	-8.7423e+01	 1.7168e+06	 7.7271e+04	-2.2218e+01
 5.7665e+03	 3.9434e+03	 6.0095e+00	 3.4631e-01	 3.4309e+02	 3.9824e+03	-8.6702e+01	 9.0114e+05	 5.1930e+04	-1.7353e+01
 8.6498e+03	 3.9434e+03	 5.9407e+00	 4.4630e-01	 3.4309e+02	 3.9850e+03	-8.5704e+01	 4.6617e+05	 3.5021e+04	-1.3311e+01
 1.2975e+04	 3.9434e+03	 5.8388e+00	 5.7504e-01	 3.4309e+02	 3.9876e+03	-8.4375e+01	 2.4120e+05	 2.3755e+04	-1.0154e+01
 1.9462e+04	 3.9434e+03	 5.6866e+00	 7.2874e-01	 3.4309e+02	 3.9904e+03	-8.2697e+01	 1.2688e+05	 1.6260e+04	-7.8033e+00
 2.9193e+04	 3.9434e+03	 5.4643e+00	 8.9000e-01	 3.4310e+02	 3.9930e+03	-8.0749e+01	 6.9263e+04	 1.1281e+04	-6.1397e+00
 4.3789e+04	 3.9434e+03	 5.1643e+00	 1.0233e+00	 3.4310e+02	 3.9957e+03	-7.8792e+01	 4.0160e+04	 7.9577e+03	-5.0466e+00
 6.5684e+04	 3.9434e+03	 4.8040e+00	 1.0857e+00	 3.4310e+02	 3.9981e+03	-7.7265e+01	 2.5234e+04	 5.7030e+03	-4.4247e+00
 9.8526e+04	 3.9434e+03	 4.4370e+00	 1.0503e+00	 3.4310e+02	 4.0010e+03	-7.6683e+01	 1.7391e+04	 4.1165e+03	-4.2247e+00
 1.4779e+05	 3.9434e+03	 4.1116e+00	 9.2814e-01	 3.4310e+02	 4.0034e+03	-7.7279e+01	 1.3119e+04	 2.9615e+03	-4.4299e+00
 2.2168e+05	 3.9434e+03	 3.8669e+00	 7.6198e-01	 3.4310e+02	 4.0063e+03	-7.8853e+01	 1.0654e+04	 2.0993e+03	-5.0748e+00
 3.3253e+05	 3.9434e+03	 3.6967e+00	 5.9619e-01	 3.4310e+02	 4.0088e+03	-8.0838e+01	 9.0773e+03	 1.4640e+03	-6.2005e+00
 4.9879e+05	 3.9434e+03	-1.3453e+00	 4.6744e+01	 3.4310e+02	 4.0114e+03	 1.6485e+00	 7.7183e+01	-2.6818e+03	 2.8780e-02
 7.4818e+05	 3.9434e+03	 3.5802e+00	 2.7356e-01	 3.4310e+02	 4.0181e+03	-8.5631e+01	 8.7925e+03	 6.7182e+02	-1.3087e+01
 9.0000e+05	 3.9434e+03	 3.5610e+00	 2.3185e-01	 3.4310e+02	 4.0258e+03	-8.6275e+01	 8.6242e+03	 5.6150e+02	-1.5359e+01
 1.0000e+02	 4.0231e+03	 6.3300e+00	 1.8345e-01	 3.4310e+02	 4.0340e+03	-8.8340e+01	 9.8097e+07	 2.8429e+06	-3.4506e+01
 1.5000e+02	 4.0231e+03	 6.2911e+00	 1.6545e-01	 3.4310e+02	 4.0364e+03	-8.8494e+01	 7.2513e+07	 1.9070e+06	-3.8025e+01
 2.2500e+02	 4.0231e+03	 6.2604e+00	 1.5484e-01	 3.4309e+02	 4.0392e+03	-8.8583e+01	 5.1653e+07	 1.2776e+06	-4.0431e+01
 3.3750e+02	 4.0231e+03	 6.2312e+00	 1.4758e-01	 3.4310e+02	 4.0418e+03	-8.8643e+01	 3.6130e+07	 8.5571e+05	-4.2223e+01
 5.0625e+02	 4.0231e+03	 6.2041e+00	 1.4602e-01	 3.4310e+02	 4.0446e+03	-8.8652e+01	 2.4344e+07	 5.7297e+05	-4.2487e+01
 7.5938e+02	 4.0231e+03	 6.1774e+00	 1.5031e-01	 3.4310e+02	 4.0472e+03	-8.8606e+01	 1.5766e+07	 3.8363e+05	-4.1098e+01
 1.1391e+03	 4.0231e+03	 6.1515e+00	 1.6271e-01	 3.4310e+02	 4.0524e+03	-8.8485e+01	 9.7096e+06	 2.5683e+05	-3.7806e+01
 1.7086e+03	 4.0231e+03	 6.1247e+00	 1.8507e-01	 3.4309e+02	 4.0548e+03	-8.8269e+01	 5.6910e+06	 1.7197e+05	-3.3093e+01
 2.5629e+03	 4.0231e+03	 6.0942e+00	 2.2061e-01	 3.4309e+02	 4.0575e+03	-8.7927e+01	 3.1828e+06	 1.1522e+05	-2.7624e+01
 3.8443e+03	 4.0231e+03	 6.0568e+00	 2.7283e-01	 3.4309e+02	 4.0599e+03	-8.7421e+01	 1.7158e+06	 7.7286e+04	-2.2200e+01
 5.7665e+03	 4.0231e+03	 6.0084e+00	 3.4650e-01	 3.4309e+02	 4.0628e+03	-8.6700e+01	 9.0066e+05	 5.1939e+04	-1.7341e+01
 8.6498e+03	 4.0231e+03	 5.9389e+00	 4.4632e-01	 3.4309e+02	 4.0653e+03	-8.5702e+01	 4.6615e+05	 3.5032e+04	-1.3306e+01
 1.2975e+04	 4.0231e+03	 5.8373e+00	 5.7501e-01	 3.4309e+02	 4.0680e+03	-8.4374e+01	 2.4121e+05	 2.3761e+04	-1.0152e+01
 1.9462e+04	 4.0231e+03	 5.6849e+00	 7.2853e-01	 3.4309e+02	 4.0704e+03	-8.2697e+01	 1.2692e+05	 1.6265e+04	-7.8032e+00
 2.9193e+04	 4.0231e+03	 5.4629e+00	 8.8969e-01	 3.4309e+02	 4.0730e+03	-8.0750e+01	 6.9287e+04	 1.1284e+04	-6.1403e+00
 4.3789e+04	 4.0231e+03	 5.1629e+00	 1.0228e+00	 3.4309e+02	 4.0754e+03	-7.8795e+01	 4.0181e+04	 7.9599e+03	-5.0479e+00
 6.5684e+04	 4.0231e+03	 4.8027e+00	 1.0852e+00	 3.4309e+02	 4.0779e+03	-7.7268e+01	 2.5246e+04	 5.7046e+03	-4.4256e+00
 9.8526e+04	 4.0231e+03	 4.4361e+00	 1.0497e+00	 3.4309e+02	 4.0807e+03	-7.6688e+01	 1.7401e+04	 4.1173e+03	-4.2262e+00
 1.4779e+05	 4.0231e+03	 4.1108e+00	 9.2768e-01	 3.4309e+02	 4.0832e+03	-7.7283e+01	 1.3126e+04	 2.9621e+03	-4.4312e+00
 2.2168e+05	 4.0231e+03	 3.8662e+00	 7.6161e-01	 3.4309e+02	 4.0858e+03	-7.8856e+01	 1.0659e+04	 2.0996e+03	-5.0764e+00
 3.3253e+05	 4.0231e+03	 3.6959e+00	 5.9583e-01	 3.4309e+02	 4.0882e+03	-8.0842e+01	 9.0828e+03	 1.4643e+03	-6.2029e+00
 4.9879e+05	 4.0231e+03	 3.5924e+00	 4.5858e-01	 3.4309e+02	 4.0908e+03	-8.2725e+01	 7.8675e+03	 1.0043e+03	-7.8337e+00
 7.4818e+05	 4.0231e+03	 3.5793e+00	 2.7428e-01	 3.4309e+02	 4.0987e+03	-8.5618e+01	 8.7694e+03	 6.7199e+02	-1.3050e+01
 9.0000e+05	 4.0231e+03	 3.5605e+00	 2.3155e-01	 3.4308e+02	 4.1066e+03	-8.6279e+01	 8.6355e+03	 5.6158e+02	-1.5377e+01
 1.0000e+02	 4.1039e+03	 6.3293e+00	 1.8374e-01	 3.4308e+02	 4.1148e+03	-8.8337e+01	 9.7941e+07	 2.8432e+06	-3.4447e+01
 1.5000e+02	 4.1039e+03	 6.2923e+00	 1.7025e-01	 3.4308e+02	 4.1173e+03	-8.8450e+01	 7.0467e+07	 1.9066e+06	-3.6959e+01
 2.2500e+02	 4.1039e+03	 6.2596e+00	 1.5502e-01	 3.4309e+02	 4.1200e+03	-8.8581e+01	 5.1594e+07	 1.2777e+06	-4.0379e+01
 3.3750e+02	 4.1039e+03	 6.2302e+00	 1.4765e-01	 3.4309e+02	 4.1226e+03	-8.8642e+01	 3.6113e+07	 8.5585e+05	-4.2196e+01
 5.0625e+02	 4.1039e+03	 6.2029e+00	 1.4600e-01	 3.4309e+02	 4.1254e+03	-8.8652e+01	 2.4347e+07	 5.7308e+05	-4.2485e+01
 7.5938e+02	 4.1039e+03	 6.1766e+00	 1.5068e-01	 3.4309e+02	 4.1280e+03	-8.8603e+01	 1.5728e+07	 3.8368e+05	-4.0993e+01
 1.1391e+03	 4.1039e+03	 6.1510e+00	 1.6315e-01	 3.4309e+02	 4.1331e+03	-8.8481e+01	 9.6833e+06	 2.5685e+05	-3.7700e+01
 1.7086e+03	 4.1039e+03	 6.1236e+00	 1.8538e-01	 3.4309e+02	 4.1360e+03	-8.8266e+01	 5.6815e+06	 1.7200e+05	-3.3033e+01
 2.5629e+03	 4.1039e+03	 6.0930e+00	 2.2084e-01	 3.4309e+02	 4.1386e+03	-8.7924e+01	 3.1795e+06	 1.1524e+05	-2.7590e+01
 3.8443e+03	 4.1039e+03	 6.0559e+00	 2.7316e-01	 3.4309e+02	 4.1412e+03	-8.7417e+01	 1.7137e+06	 7.7298e+04	-2.2170e+01
 5.7665e+03	 4.1039e+03	 6.0071e+00	 3.4693e-01	 3.4309e+02	 4.1437e+03	-8.6695e+01	 8.9953e+05	 5.1950e+04	-1.7315e+01
 8.6498e+03	 4.1039e+03	 5.9375e+00	 4.4666e-01	 3.4309e+02	 4.1462e+03	-8.5698e+01	 4.6579e+05	 3.5039e+04	-1.3293e+01
 1.2975e+04	 4.1039e+03	 5.8359e+00	 5.7526e-01	 3.4309e+02	 4.1489e+03	-8.4370e+01	 2.4110e+05	 2.3766e+04	-1.0145e+01
 1.9462e+04	 4.1039e+03	 5.6833e+00	 7.2863e-01	 3.4309e+02	 4.1513e+03	-8.2694e+01	 1.2690e+05	 1.6270e+04	-7.8000e+00
 2.9193e+04	 4.1039e+03	 5.4614e+00	 8.8939e-01	 3.4309e+02	 4.1539e+03	-8.0751e+01	 6.9310e+04	 1.1287e+04	-6.1406e+00
 4.3789e+04	 4.1039e+03	 5.1617e+00	 1.0225e+00	 3.4309e+02	 4.1566e+03	-7.8795e+01	 4.0192e+04	 7.9617e+03	-5.0482e+00
 6.5684e+04	 4.1039e+03	 4.8018e+00	 1.0847e+00	 3.4309e+02	 4.1590e+03	-7.7271e+01	 2.5259e+04	 5.7057e+03	-4.4270e+00
 9.8526e+04	 4.1039e+03	 4.4357e+00	 1.0493e+00	 3.4309e+02	 4.1617e+03	-7.6691e+01	 1.7407e+04	 4.1177e+03	-4.2274e+00
 1.4779e+05	 4.1039e+03	 4.1105e+00	 9.2755e-01	 3.4310e+02	 4.1641e+03	-7.7284e+01	 1.3128e+04	 2.9623e+03	-4.4316e+00
 2.2168e+05	 4.1039e+03	 3.8660e+00	 7.6149e-01	 3.4309e+02	 4.1669e+03	-7.8857e+01	 1.0660e+04	 2.0998e+03	-5.0769e+00
 3.3253e+05	 4.1039e+03	 3.6954e+00	 5.9580e-01	 3.4310e+02	 4.1694e+03	-8.0841e+01	 9.0833e+03	 1.4645e+03	-6.2024e+00
 4.9879e+05	 4.1039e+03	 3.5917e+00	 4.5850e-01	 3.4310e+02	 4.1722e+03	-8.2725e+01	 7.8689e+03	 1.0045e+03	-7.8336e+00
 7.4818e+05	 4.1039e+03	 3.5791e+00	 2.7164e-01	 3.4311e+02	 4.1798e+03	-8.5660e+01	 8.8546e+03	 6.7203e+02	-1.3176e+01
 9.0000e+05	 4.1039e+03	 3.5601e+00	 2.2944e-01	 3.4310e+02	 4.1875e+03	-8.6312e+01	 8.7148e+03	 5.6165e+02	-1.5516e+01
 1.0000e+02	 4.1848e+03	 6.3289e+00	 1.8370e-01	 3.4311e+02	 4.1958e+03	-8.8337e+01	 9.7964e+07	 2.8434e+06	-3.4453e+01
 1.5000e+02	 4.1848e+03	 6.2902e+00	 1.6375e-01	 3.4311e+02	 4.1983e+03	-8.8509e+01	 7.3266e+07	 1.9073e+06	-3.8414e+01
 2.2500e+02	 4.1848e+03	 6.2593e+00	 1.5512e-01	 3.4311e+02	 4.2010e+03	-8.8580e+01	 5.1560e+07	 1.2778e+06	-4.0351e+01
 3.3750e+02	 4.1848e+03	 6.2297e+00	 1.4795e-01	 3.4311e+02	 4.2036e+03	-8.8640e+01	 3.6040e+07	 8.5590e+05	-4.2108e+01
 5.0625e+02	 4.1848e+03	 6.2021e+00	 1.4621e-01	 3.4312e+02	 4.2064e+03	-8.8650e+01	 2.4312e+07	 5.7315e+05	-4.2418e+01
 7.5938e+02	 4.1848e+03	 6.1761e+00	 1.5054e-01	 3.4311e+02	 4.2090e+03	-8.8604e+01	 1.5742e+07	 3.8371e+05	-4.1027e+01
 1.1391e+03	 4.1848e+03	 6.1502e+00	 1.6288e-01	 3.4311e+02	 4.2141e+03	-8.8483e+01	 9.6999e+06	 2.5688e+05	-3.7760e+01
 1.7086e+03	 4.1848e+03	 6.1230e+00	 1.8558e-01	 3.4311e+02	 4.2165e+03	-8.8264e+01	 5.6755e+06	 1.7201e+05	-3.2995e+01
 2.5629e+03	 4.1848e+03	 6.0924e+00	 2.2099e-01	 3.4312e+02	 4.2192e+03	-8.7923e+01	 3.1773e+06	 1.1525e+05	-2.7568e+01
 3.8443e+03	 4.1848e+03	 6.0553e+00	 2.7317e-01	 3.4312e+02	 4.2216e+03	-8.7417e+01	 1.7136e+06	 7.7306e+04	-2.2167e+01
 5.7665e+03	 4.1848e+03	 6.0064e+00	 3.4674e-01	 3.4312e+02	 4.2241e+03	-8.6696e+01	 9.0002e+05	 5.1957e+04	-1.7322e+01
 8.6498e+03	 4.1848e+03	 5.9367e+00	 4.4647e-01	 3.4312e+02	 4.2267e+03	-8.5699e+01	 4.6599e+05	 3.5045e+04	-1.3297e+01
 1.2975e+04	 4.1848e+03	 5.8351e+00	 5.7487e-01	 3.4312e+02	 4.2292e+03	-8.4373e+01	 2.4127e+05	 2.3770e+04	-1.0150e+01
 1.9462e+04	 4.1848e+03	 5.6829e+00	 7.2802e-01	 3.4312e+02	 4.2317e+03	-8.2700e+01	 1.2701e+05	 1.6271e+04	-7.8059e+00
 2.9193e+04	 4.1848e+03	 5.4612e+00	 8.8870e-01	 3.4313e+02	 4.2344e+03	-8.0757e+01	 6.9364e+04	 1.1288e+04	-6.1451e+00
 4.3789e+04	 4.1848e+03	 5.1619e+00	 1.0218e+00	 3.4312e+02	 4.2369e+03	-7.8803e+01	 4.0220e+04	 7.9614e+03	-5.0518e+00
 6.5684e+04	 4.1848e+03	 4.8023e+00	 1.0844e+00	 3.4313e+02	 4.2394e+03	-7.7276e+01	 2.5266e+04	 5.7050e+03	-4.4287e+00
 9.8526e+04	 4.1848e+03	 4.4365e+00	 1.0495e+00	 3.4313e+02	 4.2421e+03	-7.6691e+01	 1.7404e+04	 4.1170e+03	-4.2274e+00
 1.4779e+05	 4.1848e+03	 4.1111e+00	 9.2796e-01	 3.4313e+02	 4.2448e+03	-7.7280e+01	 1.3122e+04	 2.9619e+03	-4.4303e+00
 2.2168e+05	 4.1848e+03	 3.8662e+00	 7.6200e-01	 3.4313e+02	 4.2473e+03	-7.8850e+01	 1.0653e+04	 2.0996e+03	-5.0738e+00
 3.3253e+05	 4.1848e+03	 3.6952e+00	 5.9631e-01	 3.4313e+02	 4.2498e+03	-8.0833e+01	 9.0755e+03	 1.4646e+03	-6.1968e+00
 4.9879e+05	 4.1848e+03	 3.5915e+00	 4.5887e-01	 3.4313e+02	 4.2523e+03	-8.2719e+01	 7.8626e+03	 1.0046e+03	-7.8268e+00
 7.4818e+05	 4.1848e+03	 3.5787e+00	 2.7150e-01	 3.4313e+02	 4.2598e+03	-8.5662e+01	 8.8592e+03	 6.7210e+02	-1.3181e+01
 9.0000e+05	 4.1848e+03	 3.5597e+00	 2.2892e-01	 3.4313e+02	 4.2675e+03	-8.6320e+01	 8.7346e+03	 5.6172e+02	-1.5550e+01
 1.0000e+02	 4.2648e+03	 6.3286e+00	 1.8398e-01	 3.4314e+02	 4.2757e+03	-8.8335e+01	 9.7811e+07	 2.8435e+06	-3.4398e+01
 1.5000e+02	 4.2648e+03	 6.2906e+00	 1.6480e-01	 3.4314e+02	 4.2781e+03	-8.8499e+01	 7.2798e+07	 1.9072e+06	-3.8171e+01
 2.2500e+02	 4.2648e+03	 6.2588e+00	 1.5540e-01	 3.4314e+02	 4.2806e+03	-8.8578e+01	 5.1467e+07	 1.2779e+06	-4.0275e+01
 3.3750e+02	 4.2648e+03	 6.2293e+00	 1.4815e-01	 3.4313e+02	 4.2832e+03	-8.8638e+01	 3.5990e+07	 8.5597e+05	-4.2046e+01
 5.0625e+02	 4.2648e+03	 6.2019e+00	 1.4630e-01	 3.4314e+02	 4.2856e+03	-8.8649e+01	 2.4297e+07	 5.7317e+05	-4.2391e+01
 7.5938e+02	 4.2648e+03	 6.1757e+00	 1.5085e-01	 3.4314e+02	 4.2884e+03	-8.8601e+01	 1.5710e+07	 3.8373e+05	-4.0939e+01
 1.1391e+03	 4.2648e+03	 6.1497e+00	 1.6299e-01	 3.4313e+02	 4.2937e+03	-8.8482e+01	 9.6930e+06	 2.5690e+05	-3.7730e+01
 1.7086e+03	 4.2648e+03	 6.1225e+00	 1.8586e-01	 3.4314e+02	 4.2961e+03	-8.8261e+01	 5.6669e+06	 1.7203e+05	-3.2942e+01
 2.5629e+03	 4.2648e+03	 6.0916e+00	 2.2110e-01	 3.4313e+02	 4.2989e+03	-8.7921e+01	 3.1758e+06	 1.1527e+05	-2.7552e+01
 3.8443e+03	 4.2648e+03	 6.0544e+00	 2.7323e-01	 3.4314e+02	 4.3013e+03	-8.7416e+01	 1.7132e+06	 7.7317e+04	-2.2158e+01
 5.7665e+03	 4.2648e+03	 6.0057e+00	 3.4688e-01	 3.4313e+02	 4.3038e+03	-8.6694e+01	 8.9965e+05	 5.1963e+04	-1.7313e+01
 8.6498e+03	 4.2648e+03	 5.9362e+00	 4.4636e-01	 3.4315e+02	 4.3064e+03	-8.5700e+01	 4.6610e+05	 3.5047e+04	-1.3299e+01
 1.2975e+04	 4.2648e+03	 5.8345e+00	 5.7476e-01	 3.4314e+02	 4.3090e+03	-8.4374e+01	 2.4132e+05	 2.3772e+04	-1.0151e+01
 1.9462e+04	 4.2648e+03	 5.6821e+00	 7.2781e-01	 3.4314e+02	 4.3117e+03	-8.2701e+01	 1.2705e+05	 1.6273e+04	-7.8072e+00
 2.9193e+04	 4.2648e+03	 5.4608e+00	 8.8842e-01	 3.4314e+02	 4.3142e+03	-8.0760e+01	 6.9386e+04	 1.1288e+04	-6.1467e+00
 4.3789e+04	 4.2648e+03	 5.1614e+00	 1.0215e+00	 3.4314e+02	 4.3167e+03	-7.8805e+01	 4.0231e+04	 7.9622e+03	-5.0527e+00
 6.5684e+04	 4.2648e+03	 4.8020e+00	 1.0841e+00	 3.4314e+02	 4.3193e+03	-7.7278e+01	 2.5272e+04	 5.7054e+03	-4.4295e+00
 9.8526e+04	 4.2648e+03	 4.4367e+00	 1.0494e+00	 3.4314e+02	 4.3219e+03	-7.6692e+01	 1.7405e+04	 4.1168e+03	-4.2278e+00
 1.4779e+05	 4.2648e+03	 4.1113e+00	 9.2812e-01	 3.4314e+02	 4.3244e+03	-7.7279e+01	 1.3120e+04	 2.9617e+03	-4.4297e+00
 2.2168e+05	 4.2648e+03	 3.8664e+00	 7.6215e-01	 3.4314e+02	 4.3270e+03	-7.8849e+01	 1.0651e+04	 2.0995e+03	-5.0730e+00
 3.3253e+05	 4.2648e+03	 3.6950e+00	 5.9643e-01	 3.4314e+02	 4.3295e+03	-8.0831e+01	 9.0737e+03	 1.4646e+03	-6.1952e+00
 4.9879e+05	 4.2648e+03	 3.5910e+00	 4.5897e-01	 3.4314e+02	 4.3322e+03	-8.2717e+01	 7.8609e+03	 1.0047e+03	-7.8242e+00
 7.4818e+05	 4.2648e+03	 3.5782e+00	 2.7256e-01	 3.4315e+02	 4.3397e+03	-8.5644e+01	 8.8246e+03	 6.7220e+02	-1.3128e+01
 9.0000e+05	 4.2648e+03	 3.5592e+00	 2.2930e-01	 3.4314e+02	 4.3474e+03	-8.6314e+01	 8.7201e+03	 5.6179e+02	-1.5522e+01
 1.0000e+02	 4.3448e+03	 6.3282e+00	 1.8404e-01	 3.4314e+02	 4.3555e+03	-8.8334e+01	 9.7782e+07	 2.8437e+06	-3.4385e+01
 1.5000e+02	 4.3448e+03	 6.2943e+00	 1.6764e-01	 3.4314e+02	 4.3580e+03	-8.8474e+01	 7.1565e+07	 1.9060e+06	-3.7546e+01
 2.2500e+02	 4.3448e+03	 6.2585e+00	 1.5559e-01	 3.4313e+02	 4.3606e+03	-8.8576e+01	 5.1406e+07	 1.2780e+06	-4.0225e+01
 3.3750e+02	 4.3448e+03	 6.2287e+00	 1.4837e-01	 3.4314e+02	 4.3632e+03	-8.8635e+01	 3.5939e+07	 8.5605e+05	-4.1982e+01
 5.0625e+02	 4.3448e+03	 6.2013e+00	 1.4633e-01	 3.4314e+02	 4.3659e+03	-8.8648e+01	 2.4292e+07	 5.7322e+05	-4.2379e+01
 7.5938e+02	 4.3448e+03	 6.1751e+00	 1.5100e-01	 3.4314e+02	 4.3686e+03	-8.8599e+01	 1.5694e+07	 3.8377e+05	-4.0895e+01
 1.1391e+03	 4.3448e+03	 6.1491e+00	 1.6333e-01	 3.4314e+02	 4.3736e+03	-8.8478e+01	 9.6728e+06	 2.5693e+05	-3.7648e+01
 1.7086e+03	 4.3448e+03	 6.1221e+00	 1.8573e-01	 3.4314e+02	 4.3761e+03	-8.8262e+01	 5.6709e+06	 1.7204e+05	-3.2963e+01
 2.5629e+03	 4.3448e+03	 6.0912e+00	 2.2139e-01	 3.4314e+02	 4.3789e+03	-8.7918e+01	 3.1716e+06	 1.1528e+05	-2.7513e+01
 3.8443e+03	 4.3448e+03	 6.0537e+00	 2.7348e-01	 3.4315e+02	 4.3813e+03	-8.7413e+01	 1.7117e+06	 7.7326e+04	-2.2136e+01
 5.7665e+03	 4.3448e+03	 6.0050e+00	 3.4695e-01	 3.4314e+02	 4.3840e+03	-8.6693e+01	 8.9949e+05	 5.1969e+04	-1.7308e+01
 8.6498e+03	 4.3448e+03	 5.9353e+00	 4.4654e-01	 3.4315e+02	 4.3866e+03	-8.5697e+01	 4.6591e+05	 3.5053e+04	-1.3292e+01
 1.2975e+04	 4.3448e+03	 5.8336e+00	 5.7464e-01	 3.4314e+02	 4.3893e+03	-8.4374e+01	 2.4137e+05	 2.3776e+04	-1.0152e+01
 1.9462e+04	 4.3448e+03	 5.6814e+00	 7.2764e-01	 3.4314e+02	 4.3918e+03	-8.2702e+01	 1.2708e+05	 1.6275e+04	-7.8080e+00
 2.9193e+04	 4.3448e+03	 5.4598e+00	 8.8803e-01	 3.4314e+02	 4.3943e+03	-8.0762e+01	 6.9417e+04	 1.1291e+04	-6.1482e+00
 4.3789e+04	 4.3448e+03	 5.1608e+00	 1.0211e+00	 3.4314e+02	 4.3969e+03	-7.8809e+01	 4.0248e+04	 7.9631e+03	-5.0544e+00
 6.5684e+04	 4.3448e+03	 4.8016e+00	 1.0839e+00	 3.4315e+02	 4.3993e+03	-7.7279e+01	 2.5276e+04	 5.7059e+03	-4.4298e+00
 9.8526e+04	 4.3448e+03	 4.4366e+00	 1.0494e+00	 3.4314e+02	 4.4020e+03	-7.6693e+01	 1.7406e+04	 4.1168e+03	-4.2279e+00
 1.4779e+05	 4.3448e+03	 4.1111e+00	 9.2798e-01	 3.4315e+02	 4.4044e+03	-7.7280e+01	 1.3122e+04	 2.9619e+03	-4.4301e+00
 2.2168e+05	 4.3448e+03	 3.8662e+00	 7.6203e-01	 3.4314e+02	 4.4070e+03	-7.8850e+01	 1.0653e+04	 2.0997e+03	-5.0735e+00
 3.3253e+05	 4.3448e+03	 3.6946e+00	 5.9633e-01	 3.4314e+02	 4.4097e+03	-8.0831e+01	 9.0753e+03	 1.4648e+03	-6.1956e+00
 4.9879e+05	 4.3448e+03	 3.5908e+00	 4.5894e-01	 3.4314e+02	 4.4123e+03	-8.2716e+01	 7.8614e+03	 1.0048e+03	-7.8240e+00
 7.4818e+05	 4.3448e+03	 3.5777e+00	 2.7232e-01	 3.4314e+02	 4.4200e+03	-8.5647e+01	 8.8325e+03	 6.7228e+02	-1.3138e+01
 9.0000e+05	 4.3448e+03	 3.5589e+00	 2.2824e-01	 3.4314e+02	 4.4278e+03	-8.6331e+01	 8.7606e+03	 5.6183e+02	-1.5593e+01
 1.0000e+02	 4.4251e+03	 6.3279e+00	 1.8442e-01	 3.4314e+02	 4.4358e+03	-8.8331e+01	 9.7578e+07	 2.8439e+06	-3.4312e+01
 1.5000e+02	 4.4251e+03	 6.2922e+00	 1.6604e-01	 3.4315e+02	 4.4384e+03	-8.8488e+01	 7.2253e+07	 1.9067e+06	-3.7895e+01
 2.2500e+02	 4.4251e+03	 6.2581e+00	 1.5538e-01	 3.4315e+02	 4.4409e+03	-8.8578e+01	 5.1473e+07	 1.2780e+06	-4.0275e+01
 3.3750e+02	 4.4251e+03	 6.2283e+00	 1.4841e-01	 3.4314e+02	 4.4437e+03	-8.8635e+01	 3.5928e+07	 8.5610e+05	-4.1967e+01
 5.0625e+02	 4.4251e+03	 6.2011e+00	 1.4657e-01	 3.4315e+02	 4.4462e+03	-8.8646e+01	 2.4253e+07	 5.7324e+05	-4.2308e+01
 7.5938e+02	 4.4251e+03	 6.1749e+00	 1.5110e-01	 3.4314e+02	 4.4490e+03	-8.8598e+01	 1.5684e+07	 3.8378e+05	-4.0866e+01
 1.1391e+03	 4.4251e+03	 6.1487e+00	 1.6369e-01	 3.4315e+02	 4.4539e+03	-8.8475e+01	 9.6513e+06	 2.5694e+05	-3.7562e+01
 1.7086e+03	 4.4251e+03	 6.1217e+00	 1.8599e-01	 3.4314e+02	 4.4565e+03	-8.8260e+01	 5.6629e+06	 1.7205e+05	-3.2914e+01
 2.5629e+03	 4.4251e+03	 6.0906e+00	 2.2139e-01	 3.4314e+02	 4.4591e+03	-8.7918e+01	 3.1717e+06	 1.1529e+05	-2.7511e+01
 3.8443e+03	 4.4251e+03	 6.0534e+00	 2.7370e-01	 3.4315e+02	 4.4617e+03	-8.7411e+01	 1.7103e+06	 7.7330e+04	-2.2117e+01
 5.7665e+03	 4.4251e+03	 6.0043e+00	 3.4714e-01	 3.4315e+02	 4.4642e+03	-8.6691e+01	 8.9898e+05	 5.1975e+04	-1.7297e+01
 8.6498e+03	 4.4251e+03	 5.9345e+00	 4.4659e-01	 3.4314e+02	 4.4668e+03	-8.5696e+01	 4.6586e+05	 3.5058e+04	-1.3288e+01
 1.2975e+04	 4.4251e+03	 5.8327e+00	 5.7484e-01	 3.4314e+02	 4.4693e+03	-8.4371e+01	 2.4128e+05	 2.3780e+04	-1.0147e+01
 1.9462e+04	 4.4251e+03	 5.6804e+00	 7.2772e-01	 3.4314e+02	 4.4718e+03	-8.2700e+01	 1.2706e+05	 1.6278e+04	-7.8058e+00
 2.9193e+04	 4.4251e+03	 5.4590e+00	 8.8806e-01	 3.4314e+02	 4.4743e+03	-8.0760e+01	 6.9414e+04	 1.1292e+04	-6.1470e+00
 4.3789e+04	 4.4251e+03	 5.1600e+00	 1.0211e+00	 3.4314e+02	 4.4768e+03	-7.8807e+01	 4.0247e+04	 7.9643e+03	-5.0534e+00
 6.5684e+04	 4.4251e+03	 4.8007e+00	 1.0835e+00	 3.4314e+02	 4.4792e+03	-7.7281e+01	 2.5285e+04	 5.7069e+03	-4.4306e+00
 9.8526e+04	 4.4251e+03	 4.4361e+00	 1.0490e+00	 3.4315e+02	 4.4818e+03	-7.6696e+01	 1.7412e+04	 4.1173e+03	-4.2290e+00
 1.4779e+05	 4.4251e+03	 4.1109e+00	 9.2778e-01	 3.4314e+02	 4.4843e+03	-7.7282e+01	 1.3124e+04	 2.9621e+03	-4.4308e+00
 2.2168e+05	 4.4251e+03	 3.8659e+00	 7.6221e-01	 3.4315e+02	 4.4870e+03	-7.8847e+01	 1.0650e+04	 2.0998e+03	-5.0720e+00
 3.3253e+05	 4.4251e+03	 3.6943e+00	 5.9630e-01	 3.4314e+02	 4.4895e+03	-8.0831e+01	 9.0757e+03	 1.4649e+03	-6.1954e+00
 4.9879e+05	 4.4251e+03	 3.5903e+00	 4.5884e-01	 3.4314e+02	 4.4921e+03	-8.2717e+01	 7.8630e+03	 1.0049e+03	-7.8247e+00
 7.4818e+05	 4.4251e+03	 3.5773e+00	 2.7214e-01	 3.4314e+02	 4.4999e+03	-8.5650e+01	 8.8385e+03	 6.7237e+02	-1.3145e+01
 9.0000e+05	 4.4251e+03	 3.5587e+00	 2.2774e-01	 3.4315e+02	 4.5079e+03	-8.6338e+01	 8.7799e+03	 5.6187e+02	-1.5626e+01
 1.0000e+02	 4.5052e+03	 6.3275e+00	 1.8444e-01	 3.4313e+02	 4.5161e+03	-8.8330e+01	 9.7567e+07	 2.8440e+06	-3.4306e+01
 1.5000e+02	 4.5052e+03	 6.2891e+00	 1.6807e-01	 3.4314e+02	 4.5186e+03	-8.8469e+01	 7.1381e+07	 1.9076e+06	-3.7419e+01
 2.2500e+02	 4.5052e+03	 6.2576e+00	 1.5557e-01	 3.4314e+02	 4.5212e+03	-8.8576e+01	 5.1412e+07	 1.2781e+06	-4.0224e+01
 3.3750e+02	 4.5052e+03	 6.2279e+00	 1.4835e-01	 3.4315e+02	 4.5238e+03	-8.8635e+01	 3.5943e+07	 8.5616e+05	-4.1982e+01
 5.0625e+02	 4.5052e+03	 6.2006e+00	 1.4677e-01	 3.4314e+02	 4.5264e+03	-8.8644e+01	 2.4220e+07	 5.7329e+05	-4.2248e+01
 7.5938e+02	 4.5052e+03	 6.1743e+00	 1.5143e-01	 3.4314e+02	 4.5291e+03	-8.8595e+01	 1.5650e+07	 3.8382e+05	-4.0774e+01
 1.1391e+03	 4.5052e+03	 6.1479e+00	 1.6368e-01	 3.4314e+02	 4.5342e+03	-8.8475e+01	 9.6521e+06	 2.5698e+05	-3.7560e+01
 1.7086e+03	 4.5052e+03	 6.1208e+00	 1.8616e-01	 3.4314e+02	 4.5366e+03	-8.8258e+01	 5.6577e+06	 1.7208e+05	-3.2879e+01
 2.5629e+03	 4.5052e+03	 6.0898e+00	 2.2149e-01	 3.4314e+02	 4.5392e+03	-8.7917e+01	 3.1702e+06	 1.1530e+05	-2.7495e+01
 3.8443e+03	 4.5052e+03	 6.0524e+00	 2.7378e-01	 3.4314e+02	 4.5417e+03	-8.7410e+01	 1.7098e+06	 7.7343e+04	-2.2107e+01
 5.7665e+03	 4.5052e+03	 6.0035e+00	 3.4725e-01	 3.4315e+02	 4.5441e+03	-8.6690e+01	 8.9871e+05	 5.1982e+04	-1.7289e+01
 8.6498e+03	 4.5052e+03	 5.9337e+00	 4.4672e-01	 3.4315e+02	 4.5467e+03	-8.5695e+01	 4.6572e+05	 3.5062e+04	-1.3283e+01
 1.2975e+04	 4.5052e+03	 5.8320e+00	 5.7481e-01	 3.4314e+02	 4.5492e+03	-8.4371e+01	 2.4130e+05	 2.3782e+04	-1.0146e+01
 1.9462e+04	 4.5052e+03	 5.6797e+00	 7.2766e-01	 3.4315e+02	 4.5517e+03	-8.2699e+01	 1.2707e+05	 1.6280e+04	-7.8054e+00
 2.9193e+04	 4.5052e+03	 5.4583e+00	 8.8795e-01	 3.4314e+02	 4.5544e+03	-8.0760e+01	 6.9423e+04	 1.1294e+04	-6.1471e+00
 4.3789e+04	 4.5052e+03	 5.1592e+00	 1.0208e+00	 3.4314e+02	 4.5569e+03	-7.8808e+01	 4.0259e+04	 7.9656e+03	-5.0541e+00
 6.5684e+04	 4.5052e+03	 4.8002e+00	 1.0833e+00	 3.4314e+02	 4.5595e+03	-7.7283e+01	 2.5292e+04	 5.7075e+03	-4.4313e+00
 9.8526e+04	 4.5052e+03	 4.4361e+00	 1.0489e+00	 3.4314e+02	 4.5621e+03	-7.6697e+01	 1.7413e+04	 4.1173e+03	-4.2292e+00
 1.4779e+05	 4.5052e+03	 4.1108e+00	 9.2776e-01	 3.4315e+02	 4.5648e+03	-7.7282e+01	 1.3125e+04	 2.9621e+03	-4.4309e+00
 2.2168e+05	 4.5052e+03	 3.8659e+00	 7.6205e-01	 3.4314e+02	 4.5674e+03	-7.8849e+01	 1.0653e+04	 2.0998e+03	-5.0731e+00
 3.3253e+05	 4.5052e+03	 3.6939e+00	 5.9621e-01	 3.4314e+02	 4.5699e+03	-8.0831e+01	 9.0770e+03	 1.4651e+03	-6.1957e+00
 4.9879e+05	 4.5052e+03	 3.5900e+00	 4.5886e-01	 3.4314e+02	 4.5725e+03	-8.2716e+01	 7.8627e+03	 1.0050e+03	-7.8238e+00
 7.4818e+05	 4.5052e+03	 3.5773e+00	 2.6945e-01	 3.4315e+02	 4.5801e+03	-8.5692e+01	 8.9265e+03	 6.7237e+02	-1.3276e+01
 9.0000e+05	 4.5052e+03	 3.5584e+00	 2.2626e-01	 3.4315e+02	 4.5882e+03	-8.6362e+01	 8.8374e+03	 5.6191e+02	-1.5728e+01
 1.0000e+02	 4.5856e+03	 6.3272e+00	 1.8453e-01	 3.4315e+02	 4.5966e+03	-8.8329e+01	 9.7521e+07	 2.8442e+06	-3.4288e+01
 1.5000e+02	 4.5856e+03	 6.2923e+00	 1.6786e-01	 3.4315e+02	 4.5991e+03	-8.8472e+01	 7.1471e+07	 1.9066e+06	-3.7485e+01
 2.2500e+02	 4.5856e+03	 6.2575e+00	 1.5571e-01	 3.4315e+02	 4.6017e+03	-8.8575e+01	 5.1364e+07	 1.2782e+06	-4.0186e+01
 3.3750e+02	 4.5856e+03	 6.2279e+00	 1.4870e-01	 3.4316e+02	 4.6043e+03	-8.8632e+01	 3.5859e+07	 8.5616e+05	-4.1884e+01
 5.0625e+02	 4.5856e+03	 6.2002e+00	 1.4657e-01	 3.4315e+02	 4.6068e+03	-8.8646e+01	 2.4252e+07	 5.7332e+05	-4.2301e+01
 7.5938e+02	 4.5856e+03	 6.1739e+00	 1.5149e-01	 3.4314e+02	 4.6095e+03	-8.8594e+01	 1.5644e+07	 3.8384e+05	-4.0756e+01
 1.1391e+03	 4.5856e+03	 6.1476e+00	 1.6402e-01	 3.4315e+02	 4.6148e+03	-8.8472e+01	 9.6322e+06	 2.5699e+05	-3.7481e+01
 1.7086e+03	 4.5856e+03	 6.1204e+00	 1.8622e-01	 3.4315e+02	 4.6172e+03	-8.8257e+01	 5.6560e+06	 1.7209e+05	-3.2867e+01
 2.5629e+03	 4.5856e+03	 6.0895e+00	 2.2162e-01	 3.4315e+02	 4.6199e+03	-8.7916e+01	 3.1683e+06	 1.1531e+05	-2.7477e+01
 3.8443e+03	 4.5856e+03	 6.0519e+00	 2.7395e-01	 3.4315e+02	 4.6224e+03	-8.7408e+01	 1.7088e+06	 7.7349e+04	-2.2092e+01
 5.7665e+03	 4.5856e+03	 6.0029e+00	 3.4745e-01	 3.4315e+02	 4.6251e+03	-8.6687e+01	 8.9818e+05	 5.1987e+04	-1.7277e+01
 8.6498e+03	 4.5856e+03	 5.9330e+00	 4.4684e-01	 3.4315e+02	 4.6277e+03	-8.5693e+01	 4.6560e+05	 3.5067e+04	-1.3277e+01
 1.2975e+04	 4.5856e+03	 5.8313e+00	 5.7475e-01	 3.4315e+02	 4.6304e+03	-8.4371e+01	 2.4132e+05	 2.3785e+04	-1.0146e+01
 1.9462e+04	 4.5856e+03	 5.6791e+00	 7.2750e-01	 3.4314e+02	 4.6329e+03	-8.2700e+01	 1.2710e+05	 1.6282e+04	-7.8062e+00
 2.9193e+04	 4.5856e+03	 5.4575e+00	 8.8791e-01	 3.4315e+02	 4.6354e+03	-8.0759e+01	 6.9426e+04	 1.1295e+04	-6.1465e+00
 4.3789e+04	 4.5856e+03	 5.1586e+00	 1.0205e+00	 3.4315e+02	 4.6380e+03	-7.8810e+01	 4.0270e+04	 7.9665e+03	-5.0550e+00
 6.5684e+04	 4.5856e+03	 4.7996e+00	 1.0829e+00	 3.4314e+02	 4.6405e+03	-7.7285e+01	 2.5299e+04	 5.7082e+03	-4.4320e+00
 9.8526e+04	 4.5856e+03	 4.4358e+00	 1.0488e+00	 3.4314e+02	 4.6433e+03	-7.6697e+01	 1.7415e+04	 4.1176e+03	-4.2295e+00
 1.4779e+05	 4.5856e+03	 4.1107e+00	 9.2755e-01	 3.4315e+02	 4.6458e+03	-7.7284e+01	 1.3128e+04	 2.9622e+03	-4.4317e+00
 2.2168e+05	 4.5856e+03	 3.8657e+00	 7.6200e-01	 3.4314e+02	 4.6488e+03	-7.8849e+01	 1.0653e+04	 2.0999e+03	-5.0732e+00
 3.3253e+05	 4.5856e+03	 3.6936e+00	 5.9620e-01	 3.4315e+02	 4.6513e+03	-8.0831e+01	 9.0772e+03	 1.4652e+03	-6.1952e+00
 4.9879e+05	 4.5856e+03	 3.5898e+00	 4.5890e-01	 3.4314e+02	 4.6540e+03	-8.2715e+01	 7.8620e+03	 1.0050e+03	-7.8225e+00
 7.4818e+05	 4.5856e+03	 3.5771e+00	 2.6906e-01	 3.4314e+02	 4.6619e+03	-8.5699e+01	 8.9396e+03	 6.7240e+02	-1.3295e+01
 9.0000e+05	 4.5856e+03	 3.5581e+00	 2.2600e-01	 3.4314e+02	 4.6696e+03	-8.6366e+01	 8.8473e+03	 5.6196e+02	-1.5744e+01
 1.0000e+02	 4.6669e+03	 6.3269e+00	 1.8480e-01	 3.4315e+02	 4.6778e+03	-8.8327e+01	 9.7381e+07	 2.8443e+06	-3.4237e+01
 1.5000e+02	 4.6669e+03	 6.2902e+00	 1.6954e-01	 3.4315e+02	 4.6803e+03	-8.8456e+01	 7.0762e+07	 1.9073e+06	-3.7101e+01
 2.2500e+02	 4.6669e+03	 6.2569e+00	 1.5584e-01	 3.4314e+02	 4.6829e+03	-8.8573e+01	 5.1323e+07	 1.2783e+06	-4.0150e+01
 3.3750e+02	 4.6669e+03	 6.2270e+00	 1.4856e-01	 3.4315e+02	 4.6855e+03	-8.8633e+01	 3.5892e+07	 8.5628e+05	-4.1916e+01
 5.0625e+02	 4.6669e+03	 6.1997e+00	 1.4679e-01	 3.4316e+02	 4.6882e+03	-8.8644e+01	 2.4217e+07	 5.7337e+05	-4.2236e+01
 7.5938e+02	 4.6669e+03	 6.1734e+00	 1.5154e-01	 3.4315e+02	 4.6908e+03	-8.8594e+01	 1.5638e+07	 3.8387e+05	-4.0738e+01
 1.1391e+03	 4.6669e+03	 6.1471e+00	 1.6379e-01	 3.4315e+02	 4.6959e+03	-8.8474e+01	 9.6457e+06	 2.5701e+05	-3.7530e+01
 1.7086e+03	 4.6669e+03	 6.1199e+00	 1.8626e-01	 3.4315e+02	 4.6983e+03	-8.8257e+01	 5.6548e+06	 1.7210e+05	-3.2858e+01
 2.5629e+03	 4.6669e+03	 6.0890e+00	 2.2197e-01	 3.4315e+02	 4.7011e+03	-8.7912e+01	 3.1634e+06	 1.1532e+05	-2.7432e+01
 3.8443e+03	 4.6669e+03	 6.0516e+00	 2.7410e-01	 3.4314e+02	 4.7035e+03	-8.7407e+01	 1.7078e+06	 7.7353e+04	-2.2078e+01
 5.7665e+03	 4.6669e+03	 6.0024e+00	 3.4745e-01	 3.4314e+02	 4.7059e+03	-8.6687e+01	 8.9819e+05	 5.1991e+04	-1.7276e+01
 8.6498e+03	 4.6669e+03	 5.9324e+00	 4.4686e-01	 3.4314e+02	 4.7085e+03	-8.5692e+01	 4.6558e+05	 3.5070e+04	-1.3276e+01
 1.2975e+04	 4.6669e+03	 5.8309e+00	 5.7492e-01	 3.4315e+02	 4.7111e+03	-8.4369e+01	 2.4125e+05	 2.3787e+04	-1.0142e+01
 1.9462e+04	 4.6669e+03	 5.6786e+00	 7.2774e-01	 3.4315e+02	 4.7137e+03	-8.2697e+01	 1.2706e+05	 1.6283e+04	-7.8030e+00
 2.9193e+04	 4.6669e+03	 5.4571e+00	 8.8771e-01	 3.4315e+02	 4.7163e+03	-8.0761e+01	 6.9441e+04	 1.1296e+04	-6.1474e+00
 4.3789e+04	 4.6669e+03	 5.1585e+00	 1.0203e+00	 3.4315e+02	 4.7189e+03	-7.8812e+01	 4.0279e+04	 7.9667e+03	-5.0559e+00
 6.5684e+04	 4.6669e+03	 4.7996e+00	 1.0828e+00	 3.4315e+02	 4.7215e+03	-7.7287e+01	 2.5302e+04	 5.7083e+03	-4.4326e+00
 9.8526e+04	 4.6669e+03	 4.4360e+00	 1.0487e+00	 3.4315e+02	 4.7241e+03	-7.6700e+01	 1.7417e+04	 4.1174e+03	-4.2302e+00
 1.4779e+05	 4.6669e+03	 4.1107e+00	 9.2767e-01	 3.4315e+02	 4.7266e+03	-7.7283e+01	 1.3126e+04	 2.9621e+03	-4.4313e+00
 2.2168e+05	 4.6669e+03	 3.8659e+00	 7.6212e-01	 3.4315e+02	 4.7292e+03	-7.8848e+01	 1.0652e+04	 2.0998e+03	-5.0726e+00
 3.3253e+05	 4.6669e+03	 3.6934e+00	 5.9623e-01	 3.4315e+02	 4.7319e+03	-8.0830e+01	 9.0768e+03	 1.4653e+03	-6.1946e+00
 4.9879e+05	 4.6669e+03	 3.5894e+00	 4.5887e-01	 3.4315e+02	 4.7345e+03	-8.2715e+01	 7.8625e+03	 1.0051e+03	-7.8223e+00
 7.4818e+05	 4.6669e+03	 3.5768e+00	 2.6916e-01	 3.4316e+02	 4.7426e+03	-8.5697e+01	 8.9363e+03	 6.7247e+02	-1.3289e+01
 9.0000e+05	 4.6669e+03	 3.5581e+00	 2.2434e-01	 3.4315e+02	 4.7503e+03	-8.6392e+01	 8.9130e+03	 5.6197e+02	-1.5860e+01
 1.0000e+02	 4.7476e+03	 6.3269e+00	 1.8487e-01	 3.4315e+02	 4.7586e+03	-8.8326e+01	 9.7343e+07	 2.8443e+06	-3.4223e+01
 1.5000e+02	 4.7476e+03	 6.2882e+00	 1.6566e-01	 3.4315e+02	 4.7611e+03	-8.8491e+01	 7.2421e+07	 1.9079e+06	-3.7959e+01
 2.2500e+02	 4.7476e+03	 6.2570e+00	 1.5599e-01	 3.4315e+02	 4.7637e+03	-8.8572e+01	 5.1272e+07	 1.2783e+06	-4.0111e+01
 3.3750e+02	 4.7476e+03	 6.2270e+00	 1.4872e-01	 3.4315e+02	 4.7664e+03	-8.8632e+01	 3.5854e+07	 8.5629e+05	-4.1871e+01
 5.0625e+02	 4.7476e+03	 6.1994e+00	 1.4694e-01	 3.4315e+02	 4.7691e+03	-8.8642e+01	 2.4191e+07	 5.7340e+05	-4.2189e+01
 7.5938e+02	 4.7476e+03	 6.1733e+00	 1.5172e-01	 3.4314e+02	 4.7717e+03	-8.8592e+01	 1.5619e+07	 3.8388e+05	-4.0688e+01
 1.1391e+03	 4.7476e+03	 6.1468e+00	 1.6384e-01	 3.4315e+02	 4.7768e+03	-8.8473e+01	 9.6426e+06	 2.5702e+05	-3.7517e+01
 1.7086e+03	 4.7476e+03	 6.1196e+00	 1.8634e-01	 3.4315e+02	 4.7792e+03	-8.8256e+01	 5.6524e+06	 1.7211e+05	-3.2842e+01
 2.5629e+03	 4.7476e+03	 6.0888e+00	 2.2195e-01	 3.4315e+02	 4.7819e+03	-8.7912e+01	 3.1636e+06	 1.1532e+05	-2.7433e+01
 3.8443e+03	 4.7476e+03	 6.0511e+00	 2.7421e-01	 3.4315e+02	 4.7844e+03	-8.7405e+01	 1.7071e+06	 7.7360e+04	-2.2067e+01
 5.7665e+03	 4.7476e+03	 6.0022e+00	 3.4764e-01	 3.4314e+02	 4.7868e+03	-8.6685e+01	 8.9768e+05	 5.1994e+04	-1.7265e+01
 8.6498e+03	 4.7476e+03	 5.9321e+00	 4.4704e-01	 3.4315e+02	 4.7894e+03	-8.5690e+01	 4.6539e+05	 3.5072e+04	-1.3270e+01
 1.2975e+04	 4.7476e+03	 5.8302e+00	 5.7506e-01	 3.4314e+02	 4.7920e+03	-8.4367e+01	 2.4119e+05	 2.3790e+04	-1.0138e+01
 1.9462e+04	 4.7476e+03	 5.6777e+00	 7.2756e-01	 3.4314e+02	 4.7947e+03	-8.2698e+01	 1.2709e+05	 1.6286e+04	-7.8037e+00
 2.9193e+04	 4.7476e+03	 5.4563e+00	 8.8768e-01	 3.4314e+02	 4.7973e+03	-8.0760e+01	 6.9444e+04	 1.1298e+04	-6.1467e+00
 4.3789e+04	 4.7476e+03	 5.1577e+00	 1.0202e+00	 3.4314e+02	 4.8000e+03	-7.8811e+01	 4.0283e+04	 7.9679e+03	-5.0556e+00
 6.5684e+04	 4.7476e+03	 4.7989e+00	 1.0827e+00	 3.4315e+02	 4.8024e+03	-7.7287e+01	 2.5306e+04	 5.7091e+03	-4.4325e+00
 9.8526e+04	 4.7476e+03	 4.4356e+00	 1.0485e+00	 3.4315e+02	 4.8050e+03	-7.6701e+01	 1.7420e+04	 4.1178e+03	-4.2305e+00
 1.4779e+05	 4.7476e+03	 4.1105e+00	 9.2737e-01	 3.4315e+02	 4.8076e+03	-7.7286e+01	 1.3130e+04	 2.9623e+03	-4.4325e+00
 2.2168e+05	 4.7476e+03	 3.8657e+00	 7.6187e-01	 3.4315e+02	 4.8102e+03	-7.8851e+01	 1.0655e+04	 2.0999e+03	-5.0739e+00
 3.3253e+05	 4.7476e+03	 3.6931e+00	 5.9613e-01	 3.4315e+02	 4.8129e+03	-8.0831e+01	 9.0782e+03	 1.4654e+03	-6.1951e+00
 4.9879e+05	 4.7476e+03	 3.5893e+00	 4.5882e-01	 3.4314e+02	 4.8155e+03	-8.2715e+01	 7.8635e+03	 1.0052e+03	-7.8229e+00
 7.4818e+05	 4.7476e+03	 3.5771e+00	 2.6292e-01	 3.4315e+02	 4.8236e+03	-8.5796e+01	 9.1481e+03	 6.7240e+02	-1.3605e+01
 9.0000e+05	 4.7476e+03	 3.5582e+00	 2.1993e-01	 3.4315e+02	 4.8314e+03	-8.6463e+01	 9.0917e+03	 5.6195e+02	-1.6179e+01
 1.0000e+02	 4.8287e+03	 6.3264e+00	 1.8477e-01	 3.4315e+02	 4.8396e+03	-8.8327e+01	 9.7394e+07	 2.8445e+06	-3.4239e+01
 1.5000e+02	 4.8287e+03	 6.2887e+00	 1.6918e-01	 3.4315e+02	 4.8420e+03	-8.8459e+01	 7.0914e+07	 1.9077e+06	-3.7172e+01
 2.2500e+02	 4.8287e+03	 6.2565e+00	 1.5595e-01	 3.4314e+02	 4.8448e+03	-8.8572e+01	 5.1287e+07	 1.2784e+06	-4.0120e+01
 3.3750e+02	 4.8287e+03	 6.2268e+00	 1.4877e-01	 3.4315e+02	 4.8474e+03	-8.8631e+01	 3.5842e+07	 8.5631e+05	-4.1856e+01
 5.0625e+02	 4.8287e+03	 6.1991e+00	 1.4698e-01	 3.4315e+02	 4.8498e+03	-8.8642e+01	 2.4185e+07	 5.7343e+05	-4.2176e+01
 7.5938e+02	 4.8287e+03	 6.1729e+00	 1.5164e-01	 3.4315e+02	 4.8524e+03	-8.8593e+01	 1.5628e+07	 3.8390e+05	-4.0707e+01
 1.1391e+03	 4.8287e+03	 6.1466e+00	 1.6408e-01	 3.4315e+02	 4.8577e+03	-8.8471e+01	 9.6287e+06	 2.5703e+05	-3.7461e+01
 1.7086e+03	 4.8287e+03	 6.1191e+00	 1.8654e-01	 3.4315e+02	 4.8602e+03	-8.8254e+01	 5.6462e+06	 1.7212e+05	-3.2803e+01
 2.5629e+03	 4.8287e+03	 6.0879e+00	 2.2208e-01	 3.4315e+02	 4.8630e+03	-8.7911e+01	 3.1618e+06	 1.1534e+05	-2.7414e+01
 3.8443e+03	 4.8287e+03	 6.0507e+00	 2.7412e-01	 3.4315e+02	 4.8655e+03	-8.7406e+01	 1.7077e+06	 7.7364e+04	-2.2073e+01
 5.7665e+03	 4.8287e+03	 6.0014e+00	 3.4770e-01	 3.4315e+02	 4.8679e+03	-8.6684e+01	 8.9753e+05	 5.2000e+04	-1.7260e+01
 8.6498e+03	 4.8287e+03	 5.9314e+00	 4.4703e-01	 3.4315e+02	 4.8705e+03	-8.5690e+01	 4.6541e+05	 3.5076e+04	-1.3269e+01
 1.2975e+04	 4.8287e+03	 5.8296e+00	 5.7499e-01	 3.4315e+02	 4.8731e+03	-8.4367e+01	 2.4122e+05	 2.3792e+04	-1.0138e+01
 1.9462e+04	 4.8287e+03	 5.6775e+00	 7.2763e-01	 3.4315e+02	 4.8756e+03	-8.2697e+01	 1.2708e+05	 1.6287e+04	-7.8026e+00
 2.9193e+04	 4.8287e+03	 5.4559e+00	 8.8743e-01	 3.4315e+02	 4.8782e+03	-8.0761e+01	 6.9463e+04	 1.1299e+04	-6.1479e+00
 4.3789e+04	 4.8287e+03	 5.1571e+00	 1.0201e+00	 3.4315e+02	 4.8809e+03	-7.8811e+01	 4.0288e+04	 7.9688e+03	-5.0557e+00
 6.5684e+04	 4.8287e+03	 4.7987e+00	 1.0825e+00	 3.4315e+02	 4.8834e+03	-7.7288e+01	 2.5309e+04	 5.7093e+03	-4.4328e+00
 9.8526e+04	 4.8287e+03	 4.4358e+00	 1.0484e+00	 3.4315e+02	 4.8859e+03	-7.6702e+01	 1.7422e+04	 4.1177e+03	-4.2310e+00
 1.4779e+05	 4.8287e+03	 4.1106e+00	 9.2736e-01	 3.4314e+02	 4.8885e+03	-7.7287e+01	 1.3130e+04	 2.9622e+03	-4.4326e+00
 2.2168e+05	 4.8287e+03	 3.8657e+00	 7.6188e-01	 3.4315e+02	 4.8911e+03	-7.8851e+01	 1.0655e+04	 2.0999e+03	-5.0739e+00
 3.3253e+05	 4.8287e+03	 3.6928e+00	 5.9603e-01	 3.4315e+02	 4.8937e+03	-8.0831e+01	 9.0797e+03	 1.4655e+03	-6.1956e+00
 4.9879e+05	 4.8287e+03	 3.5889e+00	 4.5880e-01	 3.4315e+02	 4.8963e+03	-8.2715e+01	 7.8638e+03	 1.0053e+03	-7.8225e+00
 7.4818e+05	 4.8287e+03	 3.5771e+00	 2.6054e-01	 3.4314e+02	 4.9038e+03	-8.5834e+01	 9.2319e+03	 6.7241e+02	-1.3730e+01
 9.0000e+05	 4.8287e+03	 3.5582e+00	 2.1719e-01	 3.4315e+02	 4.9114e+03	-8.6507e+01	 9.2061e+03	 5.6194e+02	-1.6383e+01
 1.0000e+02	 4.9087e+03	 6.3263e+00	 1.8480e-01	 3.4315e+02	 4.9196e+03	-8.8327e+01	 9.7379e+07	 2.8446e+06	-3.4233e+01
 1.5000e+02	 4.9087e+03	 6.2912e+00	 1.7081e-01	 3.4315e+02	 4.9220e+03	-8.8445e+01	 7.0238e+07	 1.9070e+06	-3.6832e+01
 2.2500e+02	 4.9087e+03	 6.2564e+00	 1.5612e-01	 3.4314e+02	 4.9248e+03	-8.8571e+01	 5.1229e+07	 1.2784e+06	-4.0073e+01
 3.3750e+02	 4.9087e+03	 6.2264e+00	 1.4884e-01	 3.4315e+02	 4.9273e+03	-8.8631e+01	 3.5824e+07	 8.5636e+05	-4.1833e+01
 5.0625e+02	 4.9087e+03	 6.1990e+00	 1.4721e-01	 3.4314e+02	 4.9302e+03	-8.8640e+01	 2.4148e+07	 5.7343e+05	-4.2111e+01
 7.5938e+02	 4.9087e+03	 6.1725e+00	 1.5175e-01	 3.4315e+02	 4.9328e+03	-8.8592e+01	 1.5616e+07	 3.8393e+05	-4.0675e+01
 1.1391e+03	 4.9087e+03	 6.1463e+00	 1.6398e-01	 3.4315e+02	 4.9379e+03	-8.8472e+01	 9.6348e+06	 2.5704e+05	-3.7483e+01
 1.7086e+03	 4.9087e+03	 6.1188e+00	 1.8662e-01	 3.4315e+02	 4.9405e+03	-8.8253e+01	 5.6439e+06	 1.7213e+05	-3.2788e+01
 2.5629e+03	 4.9087e+03	 6.0879e+00	 2.2215e-01	 3.4315e+02	 4.9432e+03	-8.7910e+01	 3.1608e+06	 1.1534e+05	-2.7404e+01
 3.8443e+03	 4.9087e+03	 6.0502e+00	 2.7434e-01	 3.4315e+02	 4.9457e+03	-8.7404e+01	 1.7063e+06	 7.7371e+04	-2.2054e+01
 5.7665e+03	 4.9087e+03	 6.0013e+00	 3.4781e-01	 3.4315e+02	 4.9484e+03	-8.6683e+01	 8.9724e+05	 5.2001e+04	-1.7254e+01
 8.6498e+03	 4.9087e+03	 5.9312e+00	 4.4730e-01	 3.4315e+02	 4.9512e+03	-8.5687e+01	 4.6512e+05	 3.5077e+04	-1.3260e+01
 1.2975e+04	 4.9087e+03	 5.8292e+00	 5.7502e-01	 3.4315e+02	 4.9538e+03	-8.4366e+01	 2.4121e+05	 2.3794e+04	-1.0137e+01
 1.9462e+04	 4.9087e+03	 5.6768e+00	 7.2746e-01	 3.4315e+02	 4.9565e+03	-8.2697e+01	 1.2711e+05	 1.6289e+04	-7.8035e+00
 2.9193e+04	 4.9087e+03	 5.4552e+00	 8.8745e-01	 3.4315e+02	 4.9592e+03	-8.0760e+01	 6.9462e+04	 1.1300e+04	-6.1470e+00
 4.3789e+04	 4.9087e+03	 5.1567e+00	 1.0199e+00	 3.4315e+02	 4.9619e+03	-7.8813e+01	 4.0295e+04	 7.9695e+03	-5.0562e+00
 6.5684e+04	 4.9087e+03	 4.7981e+00	 1.0823e+00	 3.4314e+02	 4.9644e+03	-7.7289e+01	 2.5315e+04	 5.7100e+03	-4.4334e+00
 9.8526e+04	 4.9087e+03	 4.4357e+00	 1.0476e+00	 3.4315e+02	 4.9670e+03	-7.6712e+01	 1.7436e+04	 4.1177e+03	-4.2344e+00
 1.4779e+05	 4.9087e+03	 4.1107e+00	 9.2684e-01	 3.4315e+02	 4.9696e+03	-7.7294e+01	 1.3138e+04	 2.9622e+03	-4.4351e+00
 2.2168e+05	 4.9087e+03	 3.8657e+00	 7.6142e-01	 3.4315e+02	 4.9721e+03	-7.8857e+01	 1.0661e+04	 2.0999e+03	-5.0770e+00
 3.3253e+05	 4.9087e+03	 3.6927e+00	 5.9593e-01	 3.4314e+02	 4.9746e+03	-8.0833e+01	 9.0813e+03	 1.4656e+03	-6.1965e+00
 4.9879e+05	 4.9087e+03	 3.5887e+00	 4.5865e-01	 3.4314e+02	 4.9772e+03	-8.2717e+01	 7.8663e+03	 1.0053e+03	-7.8245e+00
 7.4818e+05	 4.9087e+03	 3.5769e+00	 2.6019e-01	 3.4315e+02	 4.9852e+03	-8.5839e+01	 9.2442e+03	 6.7245e+02	-1.3747e+01
 9.0000e+05	 4.9087e+03	 3.5582e+00	 2.1654e-01	 3.4315e+02	 4.9929e+03	-8.6517e+01	 9.2339e+03	 5.6195e+02	-1.6432e+01
 1.0000e+02	 4.9902e+03	 6.3260e+00	 1.8505e-01	 3.4315e+02	 5.0010e+03	-8.8324e+01	 9.7248e+07	 2.8447e+06	-3.4186e+01
 1.5000e+02	 4.9902e+03	 6.2878e+00	 1.6883e-01	 3.4315e+02	 5.0035e+03	-8.8462e+01	 7.1060e+07	 1.9080e+06	-3.7243e+01
 2.2500e+02	 4.9902e+03	 6.2559e+00	 1.5624e-01	 3.4315e+02	 5.0060e+03	-8.8569e+01	 5.1192e+07	 1.2785e+06	-4.0041e+01
 3.3750e+02	 4.9902e+03	 6.2264e+00	 1.4903e-01	 3.4315e+02	 5.0086e+03	-8.8629e+01	 3.5778e+07	 8.5636e+05	-4.1779e+01
 5.0625e+02	 4.9902e+03	 6.1985e+00	 1.4715e-01	 3.4315e+02	 5.0111e+03	-8.8640e+01	 2.4158e+07	 5.7348e+05	-4.2125e+01
 7.5938e+02	 4.9902e+03	 6.1722e+00	 1.5191e-01	 3.4315e+02	 5.0138e+03	-8.8590e+01	 1.5600e+07	 3.8395e+05	-4.0631e+01
 1.1391e+03	 4.9902e+03	 6.1457e+00	 1.6447e-01	 3.4315e+02	 5.0192e+03	-8.8467e+01	 9.6056e+06	 2.5707e+05	-3.7366e+01
 1.7086e+03	 4.9902e+03	 6.1187e+00	 1.8691e-01	 3.4315e+02	 5.0218e+03	-8.8250e+01	 5.6351e+06	 1.7214e+05	-3.2736e+01
 2.5629e+03	 4.9902e+03	 6.0877e+00	 2.2229e-01	 3.4315e+02	 5.0245e+03	-8.7909e+01	 3.1587e+06	 1.1534e+05	-2.7386e+01
 3.8443e+03	 4.9902e+03	 6.0497e+00	 2.7440e-01	 3.4314e+02	 5.0270e+03	-8.7403e+01	 1.7059e+06	 7.7377e+04	-2.2047e+01
 5.7665e+03	 4.9902e+03	 6.0008e+00	 3.4795e-01	 3.4314e+02	 5.0294e+03	-8.6681e+01	 8.9689e+05	 5.2005e+04	-1.7246e+01
 8.6498e+03	 4.9902e+03	 5.9305e+00	 4.4737e-01	 3.4314e+02	 5.0322e+03	-8.5686e+01	 4.6505e+05	 3.5081e+04	-1.3257e+01
 1.2975e+04	 4.9902e+03	 5.8285e+00	 5.7523e-01	 3.4314e+02	 5.0348e+03	-8.4364e+01	 2.4112e+05	 2.3797e+04	-1.0132e+01
 1.9462e+04	 4.9902e+03	 5.6759e+00	 7.2766e-01	 3.4314e+02	 5.0375e+03	-8.2694e+01	 1.2707e+05	 1.6291e+04	-7.8002e+00
 2.9193e+04	 4.9902e+03	 5.4545e+00	 8.8754e-01	 3.4314e+02	 5.0401e+03	-8.0758e+01	 6.9455e+04	 1.1302e+04	-6.1456e+00
 4.3789e+04	 4.9902e+03	 5.1561e+00	 1.0198e+00	 3.4315e+02	 5.0427e+03	-7.8812e+01	 4.0299e+04	 7.9703e+03	-5.0561e+00
 6.5684e+04	 4.9902e+03	 4.7975e+00	 1.0820e+00	 3.4315e+02	 5.0452e+03	-7.7290e+01	 2.5320e+04	 5.7108e+03	-4.4337e+00
 9.8526e+04	 4.9902e+03	 4.4352e+00	 1.0479e+00	 3.4314e+02	 5.0480e+03	-7.6707e+01	 1.7430e+04	 4.1181e+03	-4.2325e+00
 1.4779e+05	 4.9902e+03	 4.1104e+00	 9.2699e-01	 3.4315e+02	 5.0505e+03	-7.7291e+01	 1.3136e+04	 2.9624e+03	-4.4341e+00
 2.2168e+05	 4.9902e+03	 3.8655e+00	 7.6176e-01	 3.4315e+02	 5.0533e+03	-7.8852e+01	 1.0657e+04	 2.1000e+03	-5.0745e+00
 3.3253e+05	 4.9902e+03	 3.6924e+00	 5.9576e-01	 3.4314e+02	 5.0558e+03	-8.0834e+01	 9.0839e+03	 1.4657e+03	-6.1977e+00
 4.9879e+05	 4.9902e+03	 3.5885e+00	 4.5856e-01	 3.4314e+02	 5.0585e+03	-8.2718e+01	 7.8678e+03	 1.0054e+03	-7.8255e+00
 7.4818e+05	 4.9902e+03	 3.5770e+00	 2.5713e-01	 3.4314e+02	 5.0663e+03	-8.5888e+01	 9.3544e+03	 6.7242e+02	-1.3912e+01
 9.0000e+05	 4.9902e+03	 3.5579e+00	 2.1518e-01	 3.4315e+02	 5.0740e+03	-8.6539e+01	 9.2922e+03	 5.6199e+02	-1.6534e+01
 1.0000e+02	 5.0713e+03	 6.3259e+00	 1.8511e-01	 3.4315e+02	 5.0820e+03	-8.8324e+01	 9.7215e+07	 2.8448e+06	-3.4173e+01
 1.5000e+02	 5.0713e+03	 6.2880e+00	 1.7019e-01	 3.4314e+02	 5.0845e+03	-8.8450e+01	 7.0494e+07	 1.9080e+06	-3.6947e+01
 2.2500e+02	 5.0713e+03	 6.2559e+00	 1.5629e-01	 3.4315e+02	 5.0870e+03	-8.8569e+01	 5.1176e+07	 1.2785e+06	-4.0028e+01
 3.3750e+02	 5.0713e+03	 6.2260e+00	 1.4915e-01	 3.4314e+02	 5.0896e+03	-8.8628e+01	 3.5749e+07	 8.5642e+05	-4.1743e+01
 5.0625e+02	 5.0713e+03	 6.1982e+00	 1.4723e-01	 3.4314e+02	 5.0921e+03	-8.8639e+01	 2.4144e+07	 5.7351e+05	-4.2098e+01
 7.5938e+02	 5.0713e+03	 6.1721e+00	 1.5181e-01	 3.4315e+02	 5.0947e+03	-8.8591e+01	 1.5610e+07	 3.8396e+05	-4.0657e+01
 1.1391e+03	 5.0713e+03	 6.1457e+00	 1.6449e-01	 3.4314e+02	 5.1002e+03	-8.8467e+01	 9.6044e+06	 2.5707e+05	-3.7361e+01
 1.7086e+03	 5.0713e+03	 6.1183e+00	 1.8690e-01	 3.4315e+02	 5.1026e+03	-8.8250e+01	 5.6352e+06	 1.7215e+05	-3.2735e+01
 2.5629e+03	 5.0713e+03	 6.0871e+00	 2.2254e-01	 3.4314e+02	 5.1055e+03	-8.7906e+01	 3.1553e+06	 1.1535e+05	-2.7353e+01
 3.8443e+03	 5.0713e+03	 6.0493e+00	 2.7454e-01	 3.4314e+02	 5.1080e+03	-8.7401e+01	 1.7051e+06	 7.7382e+04	-2.2034e+01
 5.7665e+03	 5.0713e+03	 6.0002e+00	 3.4799e-01	 3.4314e+02	 5.1104e+03	-8.6681e+01	 8.9678e+05	 5.2010e+04	-1.7242e+01
 8.6498e+03	 5.0713e+03	 5.9300e+00	 4.4728e-01	 3.4314e+02	 5.1130e+03	-8.5687e+01	 4.6514e+05	 3.5084e+04	-1.3258e+01
 1.2975e+04	 5.0713e+03	 5.8281e+00	 5.7518e-01	 3.4315e+02	 5.1156e+03	-8.4364e+01	 2.4114e+05	 2.3798e+04	-1.0133e+01
 1.9462e+04	 5.0713e+03	 5.6755e+00	 7.2751e-01	 3.4315e+02	 5.1182e+03	-8.2696e+01	 1.2710e+05	 1.6292e+04	-7.8014e+00
 2.9193e+04	 5.0713e+03	 5.4544e+00	 8.8740e-01	 3.4315e+02	 5.1208e+03	-8.0759e+01	 6.9466e+04	 1.1302e+04	-6.1465e+00
 4.3789e+04	 5.0713e+03	 5.1558e+00	 1.0196e+00	 3.4315e+02	 5.1232e+03	-7.8814e+01	 4.0305e+04	 7.9708e+03	-5.0566e+00
 6.5684e+04	 5.0713e+03	 4.7974e+00	 1.0820e+00	 3.4315e+02	 5.1259e+03	-7.7290e+01	 2.5322e+04	 5.7109e+03	-4.4339e+00
 9.8526e+04	 5.0713e+03	 4.4355e+00	 1.0481e+00	 3.4314e+02	 5.1284e+03	-7.6705e+01	 1.7426e+04	 4.1179e+03	-4.2318e+00
 1.4779e+05	 5.0713e+03	 4.1106e+00	 9.2722e-01	 3.4315e+02	 5.1311e+03	-7.7289e+01	 1.3132e+04	 2.9623e+03	-4.4333e+00
 2.2168e+05	 5.0713e+03	 3.8655e+00	 7.6176e-01	 3.4315e+02	 5.1338e+03	-7.8852e+01	 1.0657e+04	 2.1000e+03	-5.0745e+00
 3.3253e+05	 5.0713e+03	 3.6923e+00	 5.9598e-01	 3.4315e+02	 5.1364e+03	-8.0831e+01	 9.0805e+03	 1.4657e+03	-6.1953e+00
 4.9879e+05	 5.0713e+03	 3.5884e+00	 4.5868e-01	 3.4315e+02	 5.1390e+03	-8.2716e+01	 7.8657e+03	 1.0054e+03	-7.8232e+00
 7.4818e+05	 5.0713e+03	 3.5764e+00	 2.6062e-01	 3.4315e+02	 5.1470e+03	-8.5832e+01	 9.2289e+03	 6.7253e+02	-1.3723e+01
 9.0000e+05	 5.0713e+03	 3.5577e+00	 2.1719e-01	 3.4315e+02	 5.1546e+03	-8.6507e+01	 9.2063e+03	 5.6203e+02	-1.6380e+01
 1.0000e+02	 5.1519e+03	 6.3257e+00	 1.8493e-01	 3.4315e+02	 5.1625e+03	-8.8325e+01	 9.7311e+07	 2.8449e+06	-3.4206e+01
 1.5000e+02	 5.1519e+03	 6.2886e+00	 1.6864e-01	 3.4315e+02	 5.1651e+03	-8.8464e+01	 7.1139e+07	 1.9078e+06	-3.7289e+01
 2.2500e+02	 5.1519e+03	 6.2554e+00	 1.5633e-01	 3.4315e+02	 5.1676e+03	-8.8568e+01	 5.1163e+07	 1.2786e+06	-4.0015e+01
 3.3750e+02	 5.1519e+03	 6.2258e+00	 1.4914e-01	 3.4315e+02	 5.1704e+03	-8.8628e+01	 3.5753e+07	 8.5645e+05	-4.1746e+01
 5.0625e+02	 5.1519e+03	 6.1982e+00	 1.4727e-01	 3.4315e+02	 5.1729e+03	-8.8639e+01	 2.4137e+07	 5.7350e+05	-4.2087e+01
 7.5938e+02	 5.1519e+03	 6.1716e+00	 1.5182e-01	 3.4315e+02	 5.1757e+03	-8.8591e+01	 1.5609e+07	 3.8399e+05	-4.0651e+01
 1.1391e+03	 5.1519e+03	 6.1454e+00	 1.6447e-01	 3.4315e+02	 5.1810e+03	-8.8467e+01	 9.6056e+06	 2.5708e+05	-3.7364e+01
 1.7086e+03	 5.1519e+03	 6.1176e+00	 1.8689e-01	 3.4315e+02	 5.1834e+03	-8.8250e+01	 5.6357e+06	 1.7217e+05	-3.2734e+01
 2.5629e+03	 5.1519e+03	 6.0870e+00	 2.2241e-01	 3.4315e+02	 5.1860e+03	-8.7907e+01	 3.1571e+06	 1.1535e+05	-2.7369e+01
 3.8443e+03	 5.1519e+03	 6.0492e+00	 2.7465e-01	 3.4316e+02	 5.1886e+03	-8.7400e+01	 1.7044e+06	 7.7384e+04	-2.2025e+01
 5.7665e+03	 5.1519e+03	 5.9998e+00	 3.4809e-01	 3.4315e+02	 5.1910e+03	-8.6680e+01	 8.9653e+05	 5.2014e+04	-1.7236e+01
 8.6498e+03	 5.1519e+03	 5.9298e+00	 4.4720e-01	 3.4315e+02	 5.1935e+03	-8.5687e+01	 4.6523e+05	 3.5086e+04	-1.3260e+01
 1.2975e+04	 5.1519e+03	 5.8277e+00	 5.7518e-01	 3.4315e+02	 5.1961e+03	-8.4363e+01	 2.4114e+05	 2.3800e+04	-1.0132e+01
 1.9462e+04	 5.1519e+03	 5.6755e+00	 7.2745e-01	 3.4315e+02	 5.1986e+03	-8.2696e+01	 1.2711e+05	 1.6292e+04	-7.8018e+00
 2.9193e+04	 5.1519e+03	 5.4540e+00	 8.8720e-01	 3.4315e+02	 5.2012e+03	-8.0761e+01	 6.9481e+04	 1.1303e+04	-6.1474e+00
 4.3789e+04	 5.1519e+03	 5.1554e+00	 1.0195e+00	 3.4315e+02	 5.2036e+03	-7.8814e+01	 4.0310e+04	 7.9714e+03	-5.0569e+00
 6.5684e+04	 5.1519e+03	 4.7971e+00	 1.0817e+00	 3.4315e+02	 5.2064e+03	-7.7292e+01	 2.5327e+04	 5.7112e+03	-4.4346e+00
 9.8526e+04	 5.1519e+03	 4.4354e+00	 1.0479e+00	 3.4315e+02	 5.2091e+03	-7.6707e+01	 1.7430e+04	 4.1180e+03	-4.2327e+00
 1.4779e+05	 5.1519e+03	 4.1105e+00	 9.2719e-01	 3.4315e+02	 5.2118e+03	-7.7289e+01	 1.3133e+04	 2.9623e+03	-4.4333e+00
 2.2168e+05	 5.1519e+03	 3.8656e+00	 7.6175e-01	 3.4315e+02	 5.2143e+03	-7.8852e+01	 1.0657e+04	 2.1000e+03	-5.0746e+00
 3.3253e+05	 5.1519e+03	 3.6919e+00	 5.9592e-01	 3.4315e+02	 5.2168e+03	-8.0831e+01	 9.0814e+03	 1.4658e+03	-6.1954e+00
 4.9879e+05	 5.1519e+03	 3.5881e+00	 4.5870e-01	 3.4315e+02	 5.2193e+03	-8.2715e+01	 7.8654e+03	 1.0055e+03	-7.8223e+00
 7.4818e+05	 5.1519e+03	 3.5763e+00	 2.6033e-01	 3.4315e+02	 5.2269e+03	-8.5837e+01	 9.2391e+03	 6.7256e+02	-1.3737e+01
 9.0000e+05	 5.1519e+03	 3.5576e+00	 2.1546e-01	 3.4314e+02	 5.2346e+03	-8.6534e+01	 9.2804e+03	 5.6204e+02	-1.6512e+01
 1.0000e+02	 5.2319e+03	 6.3254e+00	 1.8520e-01	 3.4314e+02	 5.2428e+03	-8.8323e+01	 9.7168e+07	 2.8450e+06	-3.4154e+01
 1.5000e+02	 5.2319e+03	 6.2879e+00	 1.6865e-01	 3.4314e+02	 5.2452e+03	-8.8464e+01	 7.1136e+07	 1.9080e+06	-3.7283e+01
 2.2500e+02	 5.2319e+03	 6.2554e+00	 1.5659e-01	 3.4314e+02	 5.2481e+03	-8.8566e+01	 5.1077e+07	 1.2786e+06	-3.9948e+01
 3.3750e+02	 5.2319e+03	 6.2255e+00	 1.4924e-01	 3.4315e+02	 5.2506e+03	-8.8627e+01	 3.5729e+07	 8.5649e+05	-4.1715e+01
 5.0625e+02	 5.2319e+03	 6.1978e+00	 1.4739e-01	 3.4315e+02	 5.2534e+03	-8.8638e+01	 2.4118e+07	 5.7354e+05	-4.2050e+01
 7.5938e+02	 5.2319e+03	 6.1712e+00	 1.5206e-01	 3.4315e+02	 5.2560e+03	-8.8589e+01	 1.5585e+07	 3.8401e+05	-4.0585e+01
 1.1391e+03	 5.2319e+03	 6.1450e+00	 1.6434e-01	 3.4314e+02	 5.2612e+03	-8.8468e+01	 9.6133e+06	 2.5710e+05	-3.7391e+01
 1.7086e+03	 5.2319e+03	 6.1176e+00	 1.8702e-01	 3.4314e+02	 5.2636e+03	-8.8249e+01	 5.6316e+06	 1.7217e+05	-3.2710e+01
 2.5629e+03	 5.2319e+03	 6.0866e+00	 2.2245e-01	 3.4315e+02	 5.2662e+03	-8.7907e+01	 3.1565e+06	 1.1536e+05	-2.7362e+01
 3.8443e+03	 5.2319e+03	 6.0485e+00	 2.7461e-01	 3.4315e+02	 5.2687e+03	-8.7401e+01	 1.7047e+06	 7.7392e+04	-2.2026e+01
 5.7665e+03	 5.2319e+03	 5.9997e+00	 3.4815e-01	 3.4314e+02	 5.2711e+03	-8.6679e+01	 8.9637e+05	 5.2015e+04	-1.7233e+01
 8.6498e+03	 5.2319e+03	 5.9293e+00	 4.4730e-01	 3.4315e+02	 5.2737e+03	-8.5686e+01	 4.6513e+05	 3.5088e+04	-1.3256e+01
 1.2975e+04	 5.2319e+03	 5.8273e+00	 5.7511e-01	 3.4315e+02	 5.2762e+03	-8.4364e+01	 2.4117e+05	 2.3802e+04	-1.0132e+01
 1.9462e+04	 5.2319e+03	 5.6748e+00	 7.2737e-01	 3.4314e+02	 5.2787e+03	-8.2696e+01	 1.2712e+05	 1.6294e+04	-7.8018e+00
 2.9193e+04	 5.2319e+03	 5.4535e+00	 8.8719e-01	 3.4314e+02	 5.2815e+03	-8.0760e+01	 6.9482e+04	 1.1304e+04	-6.1469e+00
 4.3789e+04	 5.2319e+03	 5.1551e+00	 1.0193e+00	 3.4314e+02	 5.2839e+03	-7.8815e+01	 4.0317e+04	 7.9719e+03	-5.0573e+00
 6.5684e+04	 5.2319e+03	 4.7967e+00	 1.0815e+00	 3.4314e+02	 5.2864e+03	-7.7294e+01	 2.5332e+04	 5.7117e+03	-4.4351e+00
 9.8526e+04	 5.2319e+03	 4.4353e+00	 1.0479e+00	 3.4314e+02	 5.2890e+03	-7.6707e+01	 1.7430e+04	 4.1181e+03	-4.2326e+00
 1.4779e+05	 5.2319e+03	 4.1104e+00	 9.2716e-01	 3.4314e+02	 5.2917e+03	-7.7289e+01	 1.3133e+04	 2.9624e+03	-4.4333e+00
 2.2168e+05	 5.2319e+03	 3.8656e+00	 7.6168e-01	 3.4314e+02	 5.2943e+03	-7.8853e+01	 1.0658e+04	 2.1000e+03	-5.0751e+00
 3.3253e+05	 5.2319e+03	 3.6918e+00	 5.9592e-01	 3.4314e+02	 5.2970e+03	-8.0831e+01	 9.0815e+03	 1.4659e+03	-6.1952e+00
 4.9879e+05	 5.2319e+03	 3.5880e+00	 4.5866e-01	 3.4314e+02	 5.2996e+03	-8.2715e+01	 7.8661e+03	 1.0056e+03	-7.8227e+00
 7.4818e+05	 5.2319e+03	 3.5759e+00	 2.6240e-01	 3.4314e+02	 5.3072e+03	-8.5803e+01	 9.1662e+03	 6.7263e+02	-1.3627e+01
 9.0000e+05	 5.2319e+03	 3.5571e+00	 2.1867e-01	 3.4314e+02	 5.3152e+03	-8.6482e+01	 9.1438e+03	 5.6213e+02	-1.6266e+01
 1.0000e+02	 5.3126e+03	 6.3252e+00	 1.8529e-01	 3.4315e+02	 5.3236e+03	-8.8322e+01	 9.7120e+07	 2.8451e+06	-3.4136e+01
 1.5000e+02	 5.3126e+03	 6.2877e+00	 1.6810e-01	 3.4315e+02	 5.3261e+03	-8.8469e+01	 7.1371e+07	 1.9080e+06	-3.7406e+01
 2.2500e+02	 5.3126e+03	 6.2550e+00	 1.5637e-01	 3.4315e+02	 5.3288e+03	-8.8568e+01	 5.1150e+07	 1.2787e+06	-4.0002e+01
 3.3750e+02	 5.3126e+03	 6.2251e+00	 1.4915e-01	 3.4315e+02	 5.3314e+03	-8.8628e+01	 3.5751e+07	 8.5654e+05	-4.1738e+01
 5.0625e+02	 5.3126e+03	 6.1976e+00	 1.4748e-01	 3.4315e+02	 5.3342e+03	-8.8637e+01	 2.4102e+07	 5.7357e+05	-4.2022e+01
 7.5938e+02	 5.3126e+03	 6.1710e+00	 1.5215e-01	 3.4316e+02	 5.3368e+03	-8.8588e+01	 1.5576e+07	 3.8402e+05	-4.0560e+01
 1.1391e+03	 5.3126e+03	 6.1449e+00	 1.6462e-01	 3.4316e+02	 5.3419e+03	-8.8465e+01	 9.5972e+06	 2.5710e+05	-3.7328e+01
 1.7086e+03	 5.3126e+03	 6.1173e+00	 1.8694e-01	 3.4316e+02	 5.3445e+03	-8.8250e+01	 5.6342e+06	 1.7217e+05	-3.2724e+01
 2.5629e+03	 5.3126e+03	 6.0861e+00	 2.2250e-01	 3.4316e+02	 5.3470e+03	-8.7906e+01	 3.1559e+06	 1.1537e+05	-2.7354e+01
 3.8443e+03	 5.3126e+03	 6.0486e+00	 2.7461e-01	 3.4315e+02	 5.3496e+03	-8.7401e+01	 1.7046e+06	 7.7391e+04	-2.2026e+01
 5.7665e+03	 5.3126e+03	 5.9993e+00	 3.4813e-01	 3.4315e+02	 5.3520e+03	-8.6679e+01	 8.9642e+05	 5.2018e+04	-1.7233e+01
 8.6498e+03	 5.3126e+03	 5.9290e+00	 4.4733e-01	 3.4315e+02	 5.3546e+03	-8.5685e+01	 4.6509e+05	 3.5090e+04	-1.3254e+01
 1.2975e+04	 5.3126e+03	 5.8270e+00	 5.7496e-01	 3.4316e+02	 5.3572e+03	-8.4365e+01	 2.4123e+05	 2.3803e+04	-1.0135e+01
 1.9462e+04	 5.3126e+03	 5.6744e+00	 7.2707e-01	 3.4315e+02	 5.3598e+03	-8.2698e+01	 1.2718e+05	 1.6295e+04	-7.8046e+00
 2.9193e+04	 5.3126e+03	 5.4532e+00	 8.8684e-01	 3.4315e+02	 5.3624e+03	-8.0763e+01	 6.9510e+04	 1.1304e+04	-6.1491e+00
 4.3789e+04	 5.3126e+03	 5.1548e+00	 1.0191e+00	 3.4316e+02	 5.3648e+03	-7.8817e+01	 4.0326e+04	 7.9723e+03	-5.0583e+00
 6.5684e+04	 5.3126e+03	 4.7969e+00	 1.0816e+00	 3.4315e+02	 5.3674e+03	-7.7294e+01	 2.5331e+04	 5.7115e+03	-4.4351e+00
 9.8526e+04	 5.3126e+03	 4.4355e+00	 1.0479e+00	 3.4315e+02	 5.3700e+03	-7.6707e+01	 1.7429e+04	 4.1179e+03	-4.2326e+00
 1.4779e+05	 5.3126e+03	 4.1104e+00	 9.2709e-01	 3.4316e+02	 5.3725e+03	-7.7290e+01	 1.3134e+04	 2.9624e+03	-4.4337e+00
 2.2168e+05	 5.3126e+03	 3.8656e+00	 7.6193e-01	 3.4316e+02	 5.3752e+03	-7.8850e+01	 1.0654e+04	 2.1000e+03	-5.0735e+00
 3.3253e+05	 5.3126e+03	 3.6918e+00	 5.9606e-01	 3.4315e+02	 5.3780e+03	-8.0828e+01	 9.0793e+03	 1.4659e+03	-6.1936e+00
 4.9879e+05	 5.3126e+03	 3.5878e+00	 4.5879e-01	 3.4315e+02	 5.3806e+03	-8.2713e+01	 7.8639e+03	 1.0056e+03	-7.8202e+00
 7.4818e+05	 5.3126e+03	 3.5760e+00	 2.5954e-01	 3.4315e+02	 5.3883e+03	-8.5849e+01	 9.2675e+03	 6.7262e+02	-1.3778e+01
 9.0000e+05	 5.3126e+03	 3.5572e+00	 2.1449e-01	 3.4315e+02	 5.3965e+03	-8.6549e+01	 9.3223e+03	 5.6210e+02	-1.6585e+01
 1.0000e+02	 5.3938e+03	 6.3251e+00	 1.8538e-01	 3.4315e+02	 5.4046e+03	-8.8321e+01	 9.7077e+07	 2.8451e+06	-3.4120e+01
 1.5000e+02	 5.3938e+03	 6.2878e+00	 1.6864e-01	 3.4315e+02	 5.4071e+03	-8.8464e+01	 7.1142e+07	 1.9080e+06	-3.7286e+01
 2.2500e+02	 5.3938e+03	 6.2550e+00	 1.5650e-01	 3.4315e+02	 5.4097e+03	-8.8567e+01	 5.1107e+07	 1.2787e+06	-3.9968e+01
 3.3750e+02	 5.3938e+03	 6.2250e+00	 1.4925e-01	 3.4315e+02	 5.4123e+03	-8.8627e+01	 3.5725e+07	 8.5656e+05	-4.1707e+01
 5.0625e+02	 5.3938e+03	 6.1972e+00	 1.4752e-01	 3.4315e+02	 5.4150e+03	-8.8636e+01	 2.4096e+07	 5.7360e+05	-4.2009e+01
 7.5938e+02	 5.3938e+03	 6.1709e+00	 1.5203e-01	 3.4315e+02	 5.4176e+03	-8.8589e+01	 1.5587e+07	 3.8403e+05	-4.0589e+01
 1.1391e+03	 5.3938e+03	 6.1446e+00	 1.6483e-01	 3.4315e+02	 5.4226e+03	-8.8463e+01	 9.5847e+06	 2.5711e+05	-3.7278e+01
 1.7086e+03	 5.3938e+03	 6.1172e+00	 1.8695e-01	 3.4314e+02	 5.4251e+03	-8.8250e+01	 5.6338e+06	 1.7218e+05	-3.2721e+01
 2.5629e+03	 5.3938e+03	 6.0859e+00	 2.2270e-01	 3.4315e+02	 5.4277e+03	-8.7904e+01	 3.1529e+06	 1.1538e+05	-2.7328e+01
 3.8443e+03	 5.3938e+03	 6.0483e+00	 2.7484e-01	 3.4315e+02	 5.4302e+03	-8.7398e+01	 1.7032e+06	 7.7396e+04	-2.2006e+01
 5.7665e+03	 5.3938e+03	 5.9990e+00	 3.4820e-01	 3.4315e+02	 5.4327e+03	-8.6678e+01	 8.9624e+05	 5.2021e+04	-1.7228e+01
 8.6498e+03	 5.3938e+03	 5.9286e+00	 4.4746e-01	 3.4315e+02	 5.4355e+03	-8.5684e+01	 4.6495e+05	 3.5092e+04	-1.3249e+01
 1.2975e+04	 5.3938e+03	 5.8265e+00	 5.7511e-01	 3.4314e+02	 5.4382e+03	-8.4363e+01	 2.4117e+05	 2.3805e+04	-1.0131e+01
 1.9462e+04	 5.3938e+03	 5.6741e+00	 7.2722e-01	 3.4314e+02	 5.4407e+03	-8.2696e+01	 1.2715e+05	 1.6296e+04	-7.8024e+00
 2.9193e+04	 5.3938e+03	 5.4527e+00	 8.8683e-01	 3.4315e+02	 5.4435e+03	-8.0762e+01	 6.9511e+04	 1.1305e+04	-6.1486e+00
 4.3789e+04	 5.3938e+03	 5.1545e+00	 1.0191e+00	 3.4315e+02	 5.4460e+03	-7.8816e+01	 4.0325e+04	 7.9729e+03	-5.0577e+00
 6.5684e+04	 5.3938e+03	 4.7964e+00	 1.0813e+00	 3.4315e+02	 5.4484e+03	-7.7295e+01	 2.5337e+04	 5.7121e+03	-4.4357e+00
 9.8526e+04	 5.3938e+03	 4.4353e+00	 1.0478e+00	 3.4314e+02	 5.4511e+03	-7.6708e+01	 1.7432e+04	 4.1181e+03	-4.2330e+00
 1.4779e+05	 5.3938e+03	 4.1103e+00	 9.2700e-01	 3.4315e+02	 5.4536e+03	-7.7291e+01	 1.3136e+04	 2.9624e+03	-4.4340e+00
 2.2168e+05	 5.3938e+03	 3.8655e+00	 7.6174e-01	 3.4314e+02	 5.4563e+03	-7.8852e+01	 1.0657e+04	 2.1001e+03	-5.0745e+00
 3.3253e+05	 5.3938e+03	 3.6916e+00	 5.9584e-01	 3.4315e+02	 5.4588e+03	-8.0831e+01	 9.0827e+03	 1.4660e+03	-6.1957e+00
 4.9879e+05	 5.3938e+03	 3.5876e+00	 4.5860e-01	 3.4315e+02	 5.4613e+03	-8.2715e+01	 7.8672e+03	 1.0057e+03	-7.8229e+00
 7.4818e+05	 5.3938e+03	 3.5753e+00	 2.6359e-01	 3.4315e+02	 5.4692e+03	-8.5783e+01	 9.1248e+03	 6.7274e+02	-1.3564e+01
 9.0000e+05	 5.3938e+03	 3.5566e+00	 2.1911e-01	 3.4316e+02	 5.4769e+03	-8.6475e+01	 9.1255e+03	 5.6220e+02	-1.6232e+01
 1.0000e+02	 5.4742e+03	 6.3249e+00	 1.8543e-01	 3.4315e+02	 5.4850e+03	-8.8321e+01	 9.7046e+07	 2.8452e+06	-3.4109e+01
 1.5000e+02	 5.4742e+03	 6.2875e+00	 1.6827e-01	 3.4314e+02	 5.4875e+03	-8.8467e+01	 7.1297e+07	 1.9081e+06	-3.7365e+01
 2.2500e+02	 5.4742e+03	 6.2547e+00	 1.5651e-01	 3.4316e+02	 5.4899e+03	-8.8567e+01	 5.1101e+07	 1.2787e+06	-3.9963e+01
 3.3750e+02	 5.4742e+03	 6.2248e+00	 1.4948e-01	 3.4315e+02	 5.4926e+03	-8.8624e+01	 3.5671e+07	 8.5658e+05	-4.1643e+01
 5.0625e+02	 5.4742e+03	 6.1971e+00	 1.4733e-01	 3.4315e+02	 5.4951e+03	-8.8638e+01	 2.4127e+07	 5.7361e+05	-4.2062e+01
 7.5938e+02	 5.4742e+03	 6.1707e+00	 1.5227e-01	 3.4315e+02	 5.4977e+03	-8.8586e+01	 1.5563e+07	 3.8404e+05	-4.0525e+01
 1.1391e+03	 5.4742e+03	 6.1443e+00	 1.6451e-01	 3.4316e+02	 5.5027e+03	-8.8466e+01	 9.6033e+06	 2.5713e+05	-3.7348e+01
 1.7086e+03	 5.4742e+03	 6.1167e+00	 1.8716e-01	 3.4315e+02	 5.5052e+03	-8.8247e+01	 5.6275e+06	 1.7219e+05	-3.2682e+01
 2.5629e+03	 5.4742e+03	 6.0856e+00	 2.2259e-01	 3.4315e+02	 5.5078e+03	-8.7905e+01	 3.1545e+06	 1.1538e+05	-2.7340e+01
 3.8443e+03	 5.4742e+03	 6.0477e+00	 2.7484e-01	 3.4314e+02	 5.5105e+03	-8.7398e+01	 1.7032e+06	 7.7403e+04	-2.2005e+01
 5.7665e+03	 5.4742e+03	 5.9986e+00	 3.4824e-01	 3.4315e+02	 5.5129e+03	-8.6678e+01	 8.9615e+05	 5.2024e+04	-1.7226e+01
 8.6498e+03	 5.4742e+03	 5.9282e+00	 4.4747e-01	 3.4314e+02	 5.5155e+03	-8.5683e+01	 4.6494e+05	 3.5094e+04	-1.3248e+01
 1.2975e+04	 5.4742e+03	 5.8260e+00	 5.7514e-01	 3.4315e+02	 5.5181e+03	-8.4362e+01	 2.4116e+05	 2.3807e+04	-1.0130e+01
 1.9462e+04	 5.4742e+03	 5.6738e+00	 7.2731e-01	 3.4315e+02	 5.5206e+03	-8.2695e+01	 1.2714e+05	 1.6297e+04	-7.8012e+00
 2.9193e+04	 5.4742e+03	 5.4522e+00	 8.8665e-01	 3.4314e+02	 5.5232e+03	-8.0763e+01	 6.9525e+04	 1.1306e+04	-6.1492e+00
 4.3789e+04	 5.4742e+03	 5.1538e+00	 1.0189e+00	 3.4314e+02	 5.5257e+03	-7.8817e+01	 4.0333e+04	 7.9740e+03	-5.0580e+00
 6.5684e+04	 5.4742e+03	 4.7959e+00	 1.0812e+00	 3.4314e+02	 5.5281e+03	-7.7296e+01	 2.5341e+04	 5.7127e+03	-4.4359e+00
 9.8526e+04	 5.4742e+03	 4.4349e+00	 1.0475e+00	 3.4315e+02	 5.5309e+03	-7.6711e+01	 1.7437e+04	 4.1184e+03	-4.2339e+00
 1.4779e+05	 5.4742e+03	 4.1102e+00	 9.2682e-01	 3.4314e+02	 5.5333e+03	-7.7293e+01	 1.3138e+04	 2.9625e+03	-4.4347e+00
 2.2168e+05	 5.4742e+03	 3.8652e+00	 7.6149e-01	 3.4314e+02	 5.5362e+03	-7.8855e+01	 1.0660e+04	 2.1002e+03	-5.0758e+00
 3.3253e+05	 5.4742e+03	 3.6913e+00	 5.9568e-01	 3.4315e+02	 5.5386e+03	-8.0833e+01	 9.0851e+03	 1.4661e+03	-6.1968e+00
 4.9879e+05	 5.4742e+03	 3.5874e+00	 4.5851e-01	 3.4315e+02	 5.5414e+03	-8.2716e+01	 7.8687e+03	 1.0057e+03	-7.8241e+00
 7.4818e+05	 5.4742e+03	 3.5753e+00	 2.6240e-01	 3.4314e+02	 5.5491e+03	-8.5802e+01	 9.1665e+03	 6.7274e+02	-1.3625e+01
 9.0000e+05	 5.4742e+03	 3.5567e+00	 2.1670e-01	 3.4314e+02	 5.5566e+03	-8.6514e+01	 9.2273e+03	 5.6218e+02	-1.6413e+01