PEI 25 kg/mol, 2 mg/ml from Ethanol on B 10 x 15 mm + H 1x1 mm, 70 nm, 30 µm, 50°C Absorption, 12.5.2026, 11:52
Diameter[mm] 1.128e+00  Thickness[mm] 2.000e-04  Spacer Capacity[pF] 0.000e+00  Spacer Area[mm^2] 0.000e+00
Fixed value(s) : 
 Freq. [Hz]	 Time  [s]	 Eps'   	 Eps''  	M Temp [K]	M Time M[s]
 1.0000e+02	 0.0000e+00	 1.8326e+00	 3.8560e-02	 3.2311e+02	 1.1100e+01
 1.5000e+02	 0.0000e+00	 1.8229e+00	 3.8089e-02	 3.2312e+02	 1.3520e+01
 2.2500e+02	 0.0000e+00	 1.8149e+00	 4.0726e-02	 3.2312e+02	 1.8820e+01
 3.3750e+02	 0.0000e+00	 1.8052e+00	 4.2731e-02	 3.2312e+02	 2.1630e+01
 5.0625e+02	 0.0000e+00	 1.7949e+00	 4.5478e-02	 3.2313e+02	 2.4070e+01
 7.5938e+02	 0.0000e+00	 1.7835e+00	 4.8755e-02	 3.2313e+02	 2.6860e+01
 1.1391e+03	 0.0000e+00	 1.7710e+00	 5.2270e-02	 3.2313e+02	 2.9440e+01
 1.7086e+03	 0.0000e+00	 1.7576e+00	 5.5907e-02	 3.2313e+02	 3.2160e+01
 2.5629e+03	 0.0000e+00	 1.7426e+00	 5.9324e-02	 3.2314e+02	 3.7630e+01
 3.8443e+03	 0.0000e+00	 1.7267e+00	 6.2409e-02	 3.2314e+02	 4.0130e+01
 5.7665e+03	 0.0000e+00	 1.7102e+00	 6.5081e-02	 3.2314e+02	 4.2570e+01
 8.6498e+03	 0.0000e+00	 1.6935e+00	 6.7511e-02	 3.2315e+02	 4.5070e+01
 1.2975e+04	 0.0000e+00	 1.6757e+00	 7.0225e-02	 3.2316e+02	 5.0440e+01
 1.9462e+04	 0.0000e+00	 1.6571e+00	 7.3441e-02	 3.2315e+02	 5.2940e+01
 2.9193e+04	 0.0000e+00	 1.6363e+00	 7.6514e-02	 3.2315e+02	 5.5820e+01
 4.3789e+04	 0.0000e+00	 1.6126e+00	 7.7213e-02	 3.2315e+02	 6.1070e+01
 6.5684e+04	 0.0000e+00	 1.5887e+00	 7.4002e-02	 3.2315e+02	 6.3500e+01
 9.8526e+04	 0.0000e+00	 1.5675e+00	 6.6504e-02	 3.2314e+02	 6.6160e+01
 1.4779e+05	 0.0000e+00	 1.5503e+00	 5.7116e-02	 3.2314e+02	 7.1140e+01
 2.2168e+05	 0.0000e+00	 1.5513e+00	 4.6388e-02	 3.2314e+02	 7.3820e+01
 3.3253e+05	 0.0000e+00	 1.5423e+00	 3.9266e-02	 3.2314e+02	 7.6250e+01
 4.9879e+05	 0.0000e+00	 1.5339e+00	 3.4905e-02	 3.2313e+02	 7.8750e+01
 7.4818e+05	 0.0000e+00	 1.5272e+00	 3.1857e-02	 3.2313e+02	 8.1390e+01
 9.0000e+05	 0.0000e+00	 1.5250e+00	 3.0760e-02	 3.2312e+02	 8.3940e+01
 1.0000e+02	 8.1300e+01	 1.8339e+00	 3.9035e-02	 3.2313e+02	 9.3470e+01
 1.5000e+02	 8.1300e+01	 1.8245e+00	 3.8529e-02	 3.2314e+02	 9.5910e+01
 2.2500e+02	 8.1300e+01	 1.8157e+00	 4.0717e-02	 3.2313e+02	 1.0089e+02
 3.3750e+02	 8.1300e+01	 1.8061e+00	 4.2888e-02	 3.2315e+02	 1.0357e+02
 5.0625e+02	 8.1300e+01	 1.7957e+00	 4.5586e-02	 3.2315e+02	 1.0602e+02
 7.5938e+02	 8.1300e+01	 1.7843e+00	 4.8894e-02	 3.2315e+02	 1.0858e+02
 1.1391e+03	 8.1300e+01	 1.7716e+00	 5.2436e-02	 3.2315e+02	 1.1132e+02
 1.7086e+03	 8.1300e+01	 1.7581e+00	 5.6001e-02	 3.2316e+02	 1.1375e+02
 2.5629e+03	 8.1300e+01	 1.7431e+00	 5.9426e-02	 3.2317e+02	 1.1882e+02
 3.8443e+03	 8.1300e+01	 1.7271e+00	 6.2455e-02	 3.2316e+02	 1.2157e+02
 5.7665e+03	 8.1300e+01	 1.7105e+00	 6.5053e-02	 3.2316e+02	 1.2407e+02
 8.6498e+03	 8.1300e+01	 1.6938e+00	 6.7446e-02	 3.2317e+02	 1.2682e+02
 1.2975e+04	 8.1300e+01	 1.6760e+00	 7.0142e-02	 3.2317e+02	 1.3207e+02
 1.9462e+04	 8.1300e+01	 1.6574e+00	 7.3412e-02	 3.2317e+02	 1.3450e+02
 2.9193e+04	 8.1300e+01	 1.6366e+00	 7.6415e-02	 3.2317e+02	 1.3700e+02
 4.3789e+04	 8.1300e+01	 1.6128e+00	 7.7215e-02	 3.2317e+02	 1.4207e+02
 6.5684e+04	 8.1300e+01	 1.5891e+00	 7.3993e-02	 3.2317e+02	 1.4478e+02
 9.8526e+04	 8.1300e+01	 1.5680e+00	 6.6452e-02	 3.2317e+02	 1.4732e+02
 1.4779e+05	 8.1300e+01	 1.5505e+00	 5.7204e-02	 3.2317e+02	 1.5244e+02
 2.2168e+05	 8.1300e+01	 1.5514e+00	 4.6493e-02	 3.2317e+02	 1.5496e+02
 3.3253e+05	 8.1300e+01	 1.5424e+00	 3.9265e-02	 3.2316e+02	 1.5757e+02
 4.9879e+05	 8.1300e+01	 1.5342e+00	 3.4972e-02	 3.2316e+02	 1.6000e+02
 7.4818e+05	 8.1300e+01	 1.5272e+00	 3.1917e-02	 3.2317e+02	 1.6278e+02
 9.0000e+05	 8.1300e+01	 1.5250e+00	 3.0879e-02	 3.2317e+02	 1.6538e+02
 1.0000e+02	 1.6270e+02	 1.8335e+00	 3.9396e-02	 3.2316e+02	 1.7477e+02
 1.5000e+02	 1.6270e+02	 1.8245e+00	 4.0084e-02	 3.2317e+02	 1.7728e+02
 2.2500e+02	 1.6270e+02	 1.8154e+00	 4.0813e-02	 3.2317e+02	 1.8258e+02
 3.3750e+02	 1.6270e+02	 1.8057e+00	 4.2976e-02	 3.2317e+02	 1.8532e+02
 5.0625e+02	 1.6270e+02	 1.7952e+00	 4.5678e-02	 3.2316e+02	 1.8775e+02
 7.5938e+02	 1.6270e+02	 1.7837e+00	 4.8952e-02	 3.2317e+02	 1.9060e+02
 1.1391e+03	 1.6270e+02	 1.7710e+00	 5.2490e-02	 3.2316e+02	 1.9319e+02
 1.7086e+03	 1.6270e+02	 1.7574e+00	 5.6075e-02	 3.2317e+02	 1.9589e+02
 2.5629e+03	 1.6270e+02	 1.7423e+00	 5.9414e-02	 3.2318e+02	 2.0088e+02
 3.8443e+03	 1.6270e+02	 1.7264e+00	 6.2401e-02	 3.2316e+02	 2.0350e+02
 5.7665e+03	 1.6270e+02	 1.7098e+00	 6.4981e-02	 3.2317e+02	 2.0600e+02
 8.6498e+03	 1.6270e+02	 1.6931e+00	 6.7382e-02	 3.2316e+02	 2.0888e+02
 1.2975e+04	 1.6270e+02	 1.6754e+00	 7.0041e-02	 3.2316e+02	 2.1407e+02
 1.9462e+04	 1.6270e+02	 1.6569e+00	 7.3303e-02	 3.2316e+02	 2.1650e+02
 2.9193e+04	 1.6270e+02	 1.6361e+00	 7.6363e-02	 3.2317e+02	 2.1900e+02
 4.3789e+04	 1.6270e+02	 1.6124e+00	 7.7257e-02	 3.2316e+02	 2.2407e+02
 6.5684e+04	 1.6270e+02	 1.5886e+00	 7.3915e-02	 3.2316e+02	 2.2660e+02
 9.8526e+04	 1.6270e+02	 1.5676e+00	 6.6496e-02	 3.2317e+02	 2.2925e+02
 1.4779e+05	 1.6270e+02	 1.5503e+00	 5.7235e-02	 3.2317e+02	 2.3438e+02
 2.2168e+05	 1.6270e+02	 1.5510e+00	 4.6514e-02	 3.2316e+02	 2.3694e+02
 3.3253e+05	 1.6270e+02	 1.5421e+00	 3.9383e-02	 3.2316e+02	 2.3964e+02
 4.9879e+05	 1.6270e+02	 1.5338e+00	 3.4851e-02	 3.2316e+02	 2.4213e+02
 7.4818e+05	 1.6270e+02	 1.5270e+00	 3.2020e-02	 3.2316e+02	 2.4491e+02
 9.0000e+05	 1.6270e+02	 1.5247e+00	 3.0757e-02	 3.2316e+02	 2.4750e+02
 1.0000e+02	 2.4480e+02	 1.8327e+00	 3.8830e-02	 3.2315e+02	 2.5683e+02
 1.5000e+02	 2.4480e+02	 1.8239e+00	 3.8996e-02	 3.2315e+02	 2.5925e+02
 2.2500e+02	 2.4480e+02	 1.8154e+00	 4.0898e-02	 3.2314e+02	 2.6458e+02
 3.3750e+02	 2.4480e+02	 1.8056e+00	 4.2966e-02	 3.2314e+02	 2.6730e+02
 5.0625e+02	 2.4480e+02	 1.7950e+00	 4.5872e-02	 3.2314e+02	 2.6988e+02
 7.5938e+02	 2.4480e+02	 1.7835e+00	 4.9138e-02	 3.2314e+02	 2.7264e+02
 1.1391e+03	 2.4480e+02	 1.7709e+00	 5.2613e-02	 3.2314e+02	 2.7538e+02
 1.7086e+03	 2.4480e+02	 1.7572e+00	 5.6173e-02	 3.2313e+02	 2.7807e+02
 2.5629e+03	 2.4480e+02	 1.7421e+00	 5.9483e-02	 3.2312e+02	 2.8336e+02
 3.8443e+03	 2.4480e+02	 1.7262e+00	 6.2443e-02	 3.2312e+02	 2.8588e+02
 5.7665e+03	 2.4480e+02	 1.7096e+00	 6.5030e-02	 3.2312e+02	 2.8832e+02
 8.6498e+03	 2.4480e+02	 1.6930e+00	 6.7325e-02	 3.2311e+02	 2.9088e+02
 1.2975e+04	 2.4480e+02	 1.6754e+00	 6.9977e-02	 3.2312e+02	 2.9582e+02
 1.9462e+04	 2.4480e+02	 1.6570e+00	 7.3231e-02	 3.2313e+02	 2.9836e+02
 2.9193e+04	 2.4480e+02	 1.6364e+00	 7.6266e-02	 3.2313e+02	 3.0088e+02
 4.3789e+04	 2.4480e+02	 1.6127e+00	 7.7120e-02	 3.2314e+02	 3.0600e+02
 6.5684e+04	 2.4480e+02	 1.5892e+00	 7.3870e-02	 3.2313e+02	 3.0850e+02
 9.8526e+04	 2.4480e+02	 1.5680e+00	 6.6311e-02	 3.2314e+02	 3.1107e+02
 1.4779e+05	 2.4480e+02	 1.5508e+00	 5.6887e-02	 3.2314e+02	 3.1638e+02
 2.2168e+05	 2.4480e+02	 1.5516e+00	 4.6356e-02	 3.2314e+02	 3.1882e+02
 3.3253e+05	 2.4480e+02	 1.5426e+00	 3.9254e-02	 3.2314e+02	 3.2125e+02
 4.9879e+05	 2.4480e+02	 1.5344e+00	 3.4906e-02	 3.2314e+02	 3.2400e+02
 7.4818e+05	 2.4480e+02	 1.5276e+00	 3.1995e-02	 3.2315e+02	 3.2650e+02
 9.0000e+05	 2.4480e+02	 1.5253e+00	 3.0723e-02	 3.2314e+02	 3.2925e+02
 1.0000e+02	 3.2660e+02	 1.8340e+00	 3.9442e-02	 3.2315e+02	 3.3833e+02
 1.5000e+02	 3.2660e+02	 1.8257e+00	 3.9591e-02	 3.2315e+02	 3.4078e+02
 2.2500e+02	 3.2660e+02	 1.8161e+00	 4.0945e-02	 3.2315e+02	 3.4593e+02
 3.3750e+02	 3.2660e+02	 1.8065e+00	 4.3123e-02	 3.2315e+02	 3.4838e+02
 5.0625e+02	 3.2660e+02	 1.7959e+00	 4.5917e-02	 3.2315e+02	 3.5082e+02
 7.5938e+02	 3.2660e+02	 1.7843e+00	 4.9235e-02	 3.2316e+02	 3.5357e+02
 1.1391e+03	 3.2660e+02	 1.7714e+00	 5.2787e-02	 3.2316e+02	 3.5613e+02
 1.7086e+03	 3.2660e+02	 1.7578e+00	 5.6299e-02	 3.2316e+02	 3.5896e+02
 2.5629e+03	 3.2660e+02	 1.7426e+00	 5.9598e-02	 3.2316e+02	 3.6408e+02
 3.8443e+03	 3.2660e+02	 1.7266e+00	 6.2528e-02	 3.2316e+02	 3.6657e+02
 5.7665e+03	 3.2660e+02	 1.7100e+00	 6.5008e-02	 3.2315e+02	 3.6900e+02
 8.6498e+03	 3.2660e+02	 1.6933e+00	 6.7285e-02	 3.2316e+02	 3.7157e+02
 1.2975e+04	 3.2660e+02	 1.6757e+00	 6.9947e-02	 3.2315e+02	 3.7680e+02
 1.9462e+04	 3.2660e+02	 1.6573e+00	 7.3134e-02	 3.2316e+02	 3.7925e+02
 2.9193e+04	 3.2660e+02	 1.6366e+00	 7.6127e-02	 3.2315e+02	 3.8175e+02
 4.3789e+04	 3.2660e+02	 1.6129e+00	 7.7074e-02	 3.2316e+02	 3.8682e+02
 6.5684e+04	 3.2660e+02	 1.5891e+00	 7.3761e-02	 3.2316e+02	 3.8957e+02
 9.8526e+04	 3.2660e+02	 1.5682e+00	 6.6331e-02	 3.2315e+02	 3.9207e+02
 1.4779e+05	 3.2660e+02	 1.5508e+00	 5.6967e-02	 3.2315e+02	 3.9707e+02
 2.2168e+05	 3.2660e+02	 1.5516e+00	 4.6383e-02	 3.2315e+02	 3.9957e+02
 3.3253e+05	 3.2660e+02	 1.5426e+00	 3.9320e-02	 3.2315e+02	 4.0238e+02
 4.9879e+05	 3.2660e+02	 1.5343e+00	 3.4907e-02	 3.2316e+02	 4.0482e+02
 7.4818e+05	 3.2660e+02	 1.5275e+00	 3.1845e-02	 3.2315e+02	 4.0757e+02
 9.0000e+05	 3.2660e+02	 1.5253e+00	 3.0814e-02	 3.2315e+02	 4.1019e+02
 1.0000e+02	 4.0750e+02	 1.8339e+00	 3.8624e-02	 3.2315e+02	 4.1989e+02
 1.5000e+02	 4.0750e+02	 1.8237e+00	 3.9404e-02	 3.2314e+02	 4.2252e+02
 2.2500e+02	 4.0750e+02	 1.8163e+00	 4.1071e-02	 3.2315e+02	 4.2782e+02
 3.3750e+02	 4.0750e+02	 1.8065e+00	 4.3233e-02	 3.2315e+02	 4.3025e+02
 5.0625e+02	 4.0750e+02	 1.7960e+00	 4.6167e-02	 3.2315e+02	 4.3275e+02
 7.5938e+02	 4.0750e+02	 1.7843e+00	 4.9419e-02	 3.2315e+02	 4.3532e+02
 1.1391e+03	 4.0750e+02	 1.7715e+00	 5.2922e-02	 3.2315e+02	 4.3788e+02
 1.7086e+03	 4.0750e+02	 1.7577e+00	 5.6407e-02	 3.2315e+02	 4.4063e+02
 2.5629e+03	 4.0750e+02	 1.7425e+00	 5.9657e-02	 3.2315e+02	 4.4589e+02
 3.8443e+03	 4.0750e+02	 1.7268e+00	 6.2556e-02	 3.2315e+02	 4.4838e+02
 5.7665e+03	 4.0750e+02	 1.7102e+00	 6.5017e-02	 3.2315e+02	 4.5082e+02
 8.6498e+03	 4.0750e+02	 1.6933e+00	 6.7241e-02	 3.2315e+02	 4.5357e+02
 1.2975e+04	 4.0750e+02	 1.6310e+00	 5.0911e-02	 3.2314e+02	 4.5882e+02
 1.9462e+04	 4.0750e+02	 1.6121e+00	 5.4756e-02	 3.2314e+02	 4.6132e+02
 2.9193e+04	 4.0750e+02	 1.5928e+00	 5.8025e-02	 3.2314e+02	 4.6383e+02
 4.3789e+04	 4.0750e+02	 1.5699e+00	 5.8494e-02	 3.2314e+02	 4.6900e+02
 6.5684e+04	 4.0750e+02	 1.5504e+00	 5.6051e-02	 3.2314e+02	 4.7157e+02
 9.8526e+04	 4.0750e+02	 1.5452e+00	 4.8383e-02	 3.2314e+02	 4.7407e+02
 1.4779e+05	 4.0750e+02	 1.5323e+00	 4.1524e-02	 3.2315e+02	 4.7660e+02
 2.2168e+05	 4.0750e+02	 1.5228e+00	 3.5052e-02	 3.2315e+02	 4.7938e+02
 3.3253e+05	 4.0750e+02	 1.5155e+00	 3.0164e-02	 3.2315e+02	 4.8213e+02
 4.9879e+05	 4.0750e+02	 1.5083e+00	 2.7245e-02	 3.2316e+02	 4.8457e+02
 7.4818e+05	 4.0750e+02	 1.5024e+00	 2.5377e-02	 3.2315e+02	 4.8700e+02
 9.0000e+05	 4.0750e+02	 1.5004e+00	 2.4395e-02	 3.2315e+02	 4.8961e+02
 1.0000e+02	 4.8700e+02	 1.6893e+00	 1.3934e-02	 3.2316e+02	 4.9882e+02
 1.5000e+02	 4.8700e+02	 1.6851e+00	 1.5450e-02	 3.2316e+02	 5.0135e+02
 2.2500e+02	 4.8700e+02	 1.6801e+00	 1.7046e-02	 3.2316e+02	 5.0658e+02
 3.3750e+02	 4.8700e+02	 1.6754e+00	 1.8777e-02	 3.2316e+02	 5.0907e+02
 5.0625e+02	 4.8700e+02	 1.6702e+00	 2.1067e-02	 3.2315e+02	 5.1178e+02
 7.5938e+02	 4.8700e+02	 1.6643e+00	 2.3574e-02	 3.2315e+02	 5.1425e+02
 1.1391e+03	 4.8700e+02	 1.6572e+00	 2.6365e-02	 3.2315e+02	 5.1950e+02
 1.7086e+03	 4.8700e+02	 1.6501e+00	 2.9537e-02	 3.2316e+02	 5.2200e+02
 2.5629e+03	 4.8700e+02	 1.6412e+00	 3.2740e-02	 3.2314e+02	 5.2713e+02
 3.8443e+03	 4.8700e+02	 1.6320e+00	 3.6011e-02	 3.2314e+02	 5.2982e+02
 5.7665e+03	 4.8700e+02	 1.6220e+00	 3.9259e-02	 3.2314e+02	 5.3227e+02
 8.6498e+03	 4.8700e+02	 1.6115e+00	 4.2509e-02	 3.2314e+02	 5.3483e+02
 1.2975e+04	 4.8700e+02	 1.5991e+00	 4.5909e-02	 3.2314e+02	 5.4000e+02
 1.9462e+04	 4.8700e+02	 1.5860e+00	 4.9557e-02	 3.2314e+02	 5.4263e+02
 2.9193e+04	 4.8700e+02	 1.5708e+00	 5.2427e-02	 3.2314e+02	 5.4507e+02
 4.3789e+04	 4.8700e+02	 1.5534e+00	 5.2695e-02	 3.2314e+02	 5.5019e+02
 6.5684e+04	 4.8700e+02	 1.5486e+00	 4.8110e-02	 3.2313e+02	 5.5263e+02
 9.8526e+04	 4.8700e+02	 1.5348e+00	 4.2940e-02	 3.2314e+02	 5.5538e+02
 1.4779e+05	 4.8700e+02	 1.5241e+00	 3.7014e-02	 3.2314e+02	 5.5782e+02
 2.2168e+05	 4.8700e+02	 1.5161e+00	 3.1727e-02	 3.2314e+02	 5.6057e+02
 3.3253e+05	 4.8700e+02	 1.5097e+00	 2.7644e-02	 3.2314e+02	 5.6300e+02
 4.9879e+05	 4.8700e+02	 1.5032e+00	 2.5365e-02	 3.2314e+02	 5.6550e+02
 7.4818e+05	 4.8700e+02	 1.4979e+00	 2.3666e-02	 3.2314e+02	 5.6807e+02
 9.0000e+05	 4.8700e+02	 1.4962e+00	 2.2991e-02	 3.2314e+02	 5.7069e+02
 1.0000e+02	 5.6800e+02	 1.6758e+00	 1.3900e-02	 3.2315e+02	 5.8000e+02
 1.5000e+02	 5.6800e+02	 1.6729e+00	 1.5338e-02	 3.2315e+02	 5.8246e+02
 2.2500e+02	 5.6800e+02	 1.6686e+00	 1.6500e-02	 3.2314e+02	 5.8758e+02
 3.3750e+02	 5.6800e+02	 1.6645e+00	 1.8411e-02	 3.2315e+02	 5.9010e+02
 5.0625e+02	 5.6800e+02	 1.6597e+00	 2.0647e-02	 3.2314e+02	 5.9277e+02
 7.5938e+02	 5.6800e+02	 1.6542e+00	 2.3164e-02	 3.2315e+02	 5.9532e+02
 1.1391e+03	 5.6800e+02	 1.6479e+00	 2.5985e-02	 3.2315e+02	 6.0057e+02
 1.7086e+03	 5.6800e+02	 1.6410e+00	 2.9076e-02	 3.2315e+02	 6.0338e+02
 2.5629e+03	 5.6800e+02	 1.6327e+00	 3.2199e-02	 3.2315e+02	 6.0863e+02
 3.8443e+03	 5.6800e+02	 1.6238e+00	 3.5289e-02	 3.2315e+02	 6.1107e+02
 5.7665e+03	 5.6800e+02	 1.6142e+00	 3.8389e-02	 3.2315e+02	 6.1360e+02
 8.6498e+03	 5.6800e+02	 1.6042e+00	 4.1518e-02	 3.2314e+02	 6.1625e+02
 1.2975e+04	 5.6800e+02	 1.5923e+00	 4.4812e-02	 3.2315e+02	 6.2152e+02
 1.9462e+04	 5.6800e+02	 1.5796e+00	 4.8260e-02	 3.2315e+02	 6.2400e+02
 2.9193e+04	 5.6800e+02	 1.5648e+00	 5.0740e-02	 3.2315e+02	 6.2660e+02
 4.3789e+04	 5.6800e+02	 1.5482e+00	 5.0799e-02	 3.2315e+02	 6.3191e+02
 6.5684e+04	 5.6800e+02	 1.5441e+00	 4.6009e-02	 3.2315e+02	 6.3444e+02
 9.8526e+04	 5.6800e+02	 1.5312e+00	 4.0951e-02	 3.2315e+02	 6.3713e+02
 1.4779e+05	 5.6800e+02	 1.5210e+00	 3.5361e-02	 3.2315e+02	 6.3957e+02
 2.2168e+05	 5.6800e+02	 1.5135e+00	 3.0417e-02	 3.2315e+02	 6.4213e+02
 3.3253e+05	 5.6800e+02	 1.5074e+00	 2.6565e-02	 3.2313e+02	 6.4463e+02
 4.9879e+05	 5.6800e+02	 1.5010e+00	 2.4698e-02	 3.2314e+02	 6.4707e+02
 7.4818e+05	 5.6800e+02	 1.4958e+00	 2.2983e-02	 3.2314e+02	 6.4985e+02
 9.0000e+05	 5.6800e+02	 1.4942e+00	 2.2400e-02	 3.2314e+02	 6.5244e+02
 1.0000e+02	 6.4980e+02	 1.6703e+00	 1.4322e-02	 3.2315e+02	 6.6177e+02
 1.5000e+02	 6.4980e+02	 1.6677e+00	 1.5030e-02	 3.2315e+02	 6.6414e+02
 2.2500e+02	 6.4980e+02	 1.6631e+00	 1.6287e-02	 3.2315e+02	 6.6939e+02
 3.3750e+02	 6.4980e+02	 1.6592e+00	 1.8165e-02	 3.2314e+02	 6.7214e+02
 5.0625e+02	 6.4980e+02	 1.6545e+00	 2.0467e-02	 3.2314e+02	 6.7464e+02
 7.5938e+02	 6.4980e+02	 1.6491e+00	 2.2945e-02	 3.2314e+02	 6.7713e+02
 1.1391e+03	 6.4980e+02	 1.6429e+00	 2.5796e-02	 3.2315e+02	 6.8213e+02
 1.7086e+03	 6.4980e+02	 1.6362e+00	 2.8860e-02	 3.2315e+02	 6.8489e+02
 2.5629e+03	 6.4980e+02	 1.6280e+00	 3.1966e-02	 3.2315e+02	 6.8988e+02
 3.8443e+03	 6.4980e+02	 1.6192e+00	 3.5021e-02	 3.2315e+02	 6.9250e+02
 5.7665e+03	 6.4980e+02	 1.6098e+00	 3.8011e-02	 3.2315e+02	 6.9500e+02
 8.6498e+03	 6.4980e+02	 1.5998e+00	 4.1044e-02	 3.2315e+02	 6.9766e+02
 1.2975e+04	 6.4980e+02	 1.5881e+00	 4.4283e-02	 3.2315e+02	 7.0263e+02
 1.9462e+04	 6.4980e+02	 1.5755e+00	 4.7503e-02	 3.2315e+02	 7.0532e+02
 2.9193e+04	 6.4980e+02	 1.5611e+00	 4.9772e-02	 3.2315e+02	 7.0782e+02
 4.3789e+04	 6.4980e+02	 1.5449e+00	 4.9512e-02	 3.2315e+02	 7.1313e+02
 6.5684e+04	 6.4980e+02	 1.5413e+00	 4.4665e-02	 3.2316e+02	 7.1586e+02
 9.8526e+04	 6.4980e+02	 1.5288e+00	 3.9720e-02	 3.2316e+02	 7.1832e+02
 1.4779e+05	 6.4980e+02	 1.5191e+00	 3.4387e-02	 3.2316e+02	 7.2082e+02
 2.2168e+05	 6.4980e+02	 1.5118e+00	 2.9631e-02	 3.2315e+02	 7.2350e+02
 3.3253e+05	 6.4980e+02	 1.5058e+00	 2.5954e-02	 3.2315e+02	 7.2607e+02
 4.9879e+05	 6.4980e+02	 1.4996e+00	 2.4084e-02	 3.2315e+02	 7.2882e+02
 7.4818e+05	 6.4980e+02	 1.4944e+00	 2.2610e-02	 3.2315e+02	 7.3138e+02
 9.0000e+05	 6.4980e+02	 1.4929e+00	 2.2028e-02	 3.2315e+02	 7.3413e+02
 1.0000e+02	 7.3150e+02	 1.6659e+00	 1.3589e-02	 3.2313e+02	 7.4368e+02
 1.5000e+02	 7.3150e+02	 1.6632e+00	 1.5019e-02	 3.2313e+02	 7.4602e+02
 2.2500e+02	 7.3150e+02	 1.6593e+00	 1.6255e-02	 3.2313e+02	 7.5132e+02
 3.3750e+02	 7.3150e+02	 1.6553e+00	 1.8140e-02	 3.2313e+02	 7.5382e+02
 5.0625e+02	 7.3150e+02	 1.6508e+00	 2.0317e-02	 3.2312e+02	 7.5658e+02
 7.5938e+02	 7.3150e+02	 1.6454e+00	 2.2992e-02	 3.2312e+02	 7.5907e+02
 1.1391e+03	 7.3150e+02	 1.6394e+00	 2.5768e-02	 3.2312e+02	 7.6407e+02
 1.7086e+03	 7.3150e+02	 1.6327e+00	 2.8830e-02	 3.2312e+02	 7.6650e+02
 2.5629e+03	 7.3150e+02	 1.6246e+00	 3.1891e-02	 3.2311e+02	 7.7157e+02
 3.8443e+03	 7.3150e+02	 1.6159e+00	 3.4933e-02	 3.2311e+02	 7.7400e+02
 5.7665e+03	 7.3150e+02	 1.6065e+00	 3.7795e-02	 3.2311e+02	 7.7682e+02
 8.6498e+03	 7.3150e+02	 1.5967e+00	 4.0783e-02	 3.2311e+02	 7.7925e+02
 1.2975e+04	 7.3150e+02	 1.5852e+00	 4.3912e-02	 3.2312e+02	 7.8463e+02
 1.9462e+04	 7.3150e+02	 1.5727e+00	 4.7037e-02	 3.2313e+02	 7.8732e+02
 2.9193e+04	 7.3150e+02	 1.5585e+00	 4.8991e-02	 3.2313e+02	 7.8982e+02
 4.3789e+04	 7.3150e+02	 1.5427e+00	 4.8638e-02	 3.2313e+02	 7.9513e+02
 6.5684e+04	 7.3150e+02	 1.5397e+00	 4.3655e-02	 3.2314e+02	 7.9786e+02
 9.8526e+04	 7.3150e+02	 1.5276e+00	 3.8769e-02	 3.2314e+02	 8.0032e+02
 1.4779e+05	 7.3150e+02	 1.5182e+00	 3.3568e-02	 3.2315e+02	 8.0282e+02
 2.2168e+05	 7.3150e+02	 1.5112e+00	 2.8989e-02	 3.2315e+02	 8.0544e+02
 3.3253e+05	 7.3150e+02	 1.5053e+00	 2.5481e-02	 3.2315e+02	 8.0794e+02
 4.9879e+05	 7.3150e+02	 1.4992e+00	 2.3735e-02	 3.2316e+02	 8.1064e+02
 7.4818e+05	 7.3150e+02	 1.4941e+00	 2.2239e-02	 3.2316e+02	 8.1313e+02
 9.0000e+05	 7.3150e+02	 1.4925e+00	 2.1716e-02	 3.2317e+02	 8.1569e+02
 1.0000e+02	 8.1300e+02	 1.6649e+00	 1.2865e-02	 3.2317e+02	 8.2489e+02
 1.5000e+02	 8.1300e+02	 1.6607e+00	 1.4741e-02	 3.2316e+02	 8.2763e+02
 2.2500e+02	 8.1300e+02	 1.6573e+00	 1.6165e-02	 3.2317e+02	 8.3291e+02
 3.3750e+02	 8.1300e+02	 1.6533e+00	 1.8099e-02	 3.2317e+02	 8.3538e+02
 5.0625e+02	 8.1300e+02	 1.6486e+00	 2.0362e-02	 3.2318e+02	 8.3782e+02
 7.5938e+02	 8.1300e+02	 1.6432e+00	 2.2966e-02	 3.2317e+02	 8.4063e+02
 1.1391e+03	 8.1300e+02	 1.6371e+00	 2.5801e-02	 3.2317e+02	 8.4580e+02
 1.7086e+03	 8.1300e+02	 1.6303e+00	 2.8813e-02	 3.2317e+02	 8.4825e+02
 2.5629e+03	 8.1300e+02	 1.6221e+00	 3.1887e-02	 3.2317e+02	 8.5350e+02
 3.8443e+03	 8.1300e+02	 1.6133e+00	 3.4804e-02	 3.2318e+02	 8.5600e+02
 5.7665e+03	 8.1300e+02	 1.6039e+00	 3.7657e-02	 3.2318e+02	 8.5857e+02
 8.6498e+03	 8.1300e+02	 1.5941e+00	 4.0582e-02	 3.2318e+02	 8.6113e+02
 1.2975e+04	 8.1300e+02	 1.5825e+00	 4.3660e-02	 3.2317e+02	 8.6625e+02
 1.9462e+04	 8.1300e+02	 1.5699e+00	 4.6639e-02	 3.2317e+02	 8.6875e+02
 2.9193e+04	 8.1300e+02	 1.5558e+00	 4.8447e-02	 3.2317e+02	 8.7132e+02
 4.3789e+04	 8.1300e+02	 1.5512e+00	 4.6234e-02	 3.2318e+02	 8.7375e+02
 6.5684e+04	 8.1300e+02	 1.5373e+00	 4.2912e-02	 3.2318e+02	 8.7625e+02
 9.8526e+04	 8.1300e+02	 1.5255e+00	 3.8104e-02	 3.2317e+02	 8.7882e+02
 1.4779e+05	 8.1300e+02	 1.5162e+00	 3.2986e-02	 3.2317e+02	 8.8125e+02
 2.2168e+05	 8.1300e+02	 1.5093e+00	 2.8548e-02	 3.2317e+02	 8.8383e+02
 3.3253e+05	 8.1300e+02	 1.5036e+00	 2.5108e-02	 3.2317e+02	 8.8650e+02
 4.9879e+05	 8.1300e+02	 1.4975e+00	 2.3351e-02	 3.2317e+02	 8.8935e+02
 7.4818e+05	 8.1300e+02	 1.4925e+00	 2.1996e-02	 3.2318e+02	 8.9194e+02
 9.0000e+05	 8.1300e+02	 1.4909e+00	 2.1424e-02	 3.2317e+02	 8.9466e+02
 1.0000e+02	 8.9200e+02	 1.6612e+00	 1.2811e-02	 3.2317e+02	 9.0383e+02
 1.5000e+02	 8.9200e+02	 1.6583e+00	 1.5433e-02	 3.2317e+02	 9.0628e+02
 2.2500e+02	 8.9200e+02	 1.6545e+00	 1.6178e-02	 3.2317e+02	 9.1127e+02
 3.3750e+02	 8.9200e+02	 1.6504e+00	 1.8081e-02	 3.2316e+02	 9.1394e+02
 5.0625e+02	 8.9200e+02	 1.6459e+00	 2.0410e-02	 3.2317e+02	 9.1650e+02
 7.5938e+02	 8.9200e+02	 1.6404e+00	 2.3006e-02	 3.2317e+02	 9.1925e+02
 1.1391e+03	 8.9200e+02	 1.6343e+00	 2.5893e-02	 3.2316e+02	 9.2457e+02
 1.7086e+03	 8.9200e+02	 1.6275e+00	 2.8860e-02	 3.2316e+02	 9.2700e+02
 2.5629e+03	 8.9200e+02	 1.6193e+00	 3.1881e-02	 3.2316e+02	 9.3213e+02
 3.8443e+03	 8.9200e+02	 1.6106e+00	 3.4838e-02	 3.2316e+02	 9.3457e+02
 5.7665e+03	 8.9200e+02	 1.6011e+00	 3.7602e-02	 3.2315e+02	 9.3738e+02
 8.6498e+03	 8.9200e+02	 1.5914e+00	 4.0433e-02	 3.2315e+02	 9.3982e+02
 1.2975e+04	 8.9200e+02	 1.5799e+00	 4.3436e-02	 3.2315e+02	 9.4482e+02
 1.9462e+04	 8.9200e+02	 1.5674e+00	 4.6325e-02	 3.2315e+02	 9.4725e+02
 2.9193e+04	 8.9200e+02	 1.5534e+00	 4.8042e-02	 3.2315e+02	 9.4991e+02
 4.3789e+04	 8.9200e+02	 1.5489e+00	 4.5586e-02	 3.2315e+02	 9.5238e+02
 6.5684e+04	 8.9200e+02	 1.5353e+00	 4.2223e-02	 3.2315e+02	 9.5482e+02
 9.8526e+04	 8.9200e+02	 1.5237e+00	 3.7398e-02	 3.2315e+02	 9.5757e+02
 1.4779e+05	 8.9200e+02	 1.5148e+00	 3.2428e-02	 3.2315e+02	 9.6007e+02
 2.2168e+05	 8.9200e+02	 1.5079e+00	 2.8082e-02	 3.2315e+02	 9.6263e+02
 3.3253e+05	 8.9200e+02	 1.5023e+00	 2.4796e-02	 3.2316e+02	 9.6507e+02
 4.9879e+05	 8.9200e+02	 1.4962e+00	 2.3123e-02	 3.2315e+02	 9.6757e+02
 7.4818e+05	 8.9200e+02	 1.4913e+00	 2.1836e-02	 3.2314e+02	 9.7032e+02
 9.0000e+05	 8.9200e+02	 1.4898e+00	 2.1239e-02	 3.2315e+02	 9.7288e+02
 1.0000e+02	 9.7020e+02	 1.6592e+00	 1.3639e-02	 3.2314e+02	 9.8235e+02
 1.5000e+02	 9.7020e+02	 1.6557e+00	 1.4086e-02	 3.2314e+02	 9.8502e+02
 2.2500e+02	 9.7020e+02	 1.6525e+00	 1.6146e-02	 3.2314e+02	 9.9000e+02
 3.3750e+02	 9.7020e+02	 1.6485e+00	 1.8135e-02	 3.2313e+02	 9.9257e+02
 5.0625e+02	 9.7020e+02	 1.6438e+00	 2.0489e-02	 3.2313e+02	 9.9500e+02
 7.5938e+02	 9.7020e+02	 1.6386e+00	 2.3115e-02	 3.2314e+02	 9.9760e+02
 1.1391e+03	 9.7020e+02	 1.6324e+00	 2.5990e-02	 3.2314e+02	 1.0028e+03
 1.7086e+03	 9.7020e+02	 1.6256e+00	 2.8997e-02	 3.2314e+02	 1.0053e+03
 2.5629e+03	 9.7020e+02	 1.6175e+00	 3.1974e-02	 3.2314e+02	 1.0106e+03
 3.8443e+03	 9.7020e+02	 1.6087e+00	 3.4868e-02	 3.2314e+02	 1.0131e+03
 5.7665e+03	 9.7020e+02	 1.5994e+00	 3.7574e-02	 3.2314e+02	 1.0155e+03
 8.6498e+03	 9.7020e+02	 1.5896e+00	 4.0366e-02	 3.2314e+02	 1.0181e+03
 1.2975e+04	 9.7020e+02	 1.5781e+00	 4.3293e-02	 3.2314e+02	 1.0234e+03
 1.9462e+04	 9.7020e+02	 1.5657e+00	 4.6043e-02	 3.2314e+02	 1.0260e+03
 2.9193e+04	 9.7020e+02	 1.5517e+00	 4.7598e-02	 3.2315e+02	 1.0286e+03
 4.3789e+04	 9.7020e+02	 1.5474e+00	 4.5087e-02	 3.2314e+02	 1.0311e+03
 6.5684e+04	 9.7020e+02	 1.5341e+00	 4.1634e-02	 3.2314e+02	 1.0335e+03
 9.8526e+04	 9.7020e+02	 1.5227e+00	 3.6903e-02	 3.2315e+02	 1.0360e+03
 1.4779e+05	 9.7020e+02	 1.5139e+00	 3.2034e-02	 3.2314e+02	 1.0385e+03
 2.2168e+05	 9.7020e+02	 1.5072e+00	 2.7763e-02	 3.2314e+02	 1.0413e+03
 3.3253e+05	 9.7020e+02	 1.5016e+00	 2.4518e-02	 3.2314e+02	 1.0439e+03
 4.9879e+05	 9.7020e+02	 1.4956e+00	 2.2848e-02	 3.2315e+02	 1.0466e+03
 7.4818e+05	 9.7020e+02	 1.4907e+00	 2.1628e-02	 3.2315e+02	 1.0491e+03
 9.0000e+05	 9.7020e+02	 1.4891e+00	 2.0966e-02	 3.2314e+02	 1.0518e+03
 1.0000e+02	 1.0491e+03	 1.6575e+00	 1.2895e-02	 3.2314e+02	 1.0610e+03
 1.5000e+02	 1.0491e+03	 1.6547e+00	 1.3758e-02	 3.2314e+02	 1.0636e+03
 2.2500e+02	 1.0491e+03	 1.6509e+00	 1.6154e-02	 3.2314e+02	 1.0688e+03
 3.3750e+02	 1.0491e+03	 1.6470e+00	 1.8161e-02	 3.2314e+02	 1.0712e+03
 5.0625e+02	 1.0491e+03	 1.6424e+00	 2.0530e-02	 3.2314e+02	 1.0741e+03
 7.5938e+02	 1.0491e+03	 1.6370e+00	 2.3238e-02	 3.2313e+02	 1.0767e+03
 1.1391e+03	 1.0491e+03	 1.6308e+00	 2.6110e-02	 3.2313e+02	 1.0819e+03
 1.7086e+03	 1.0491e+03	 1.6240e+00	 2.9139e-02	 3.2313e+02	 1.0847e+03
 2.5629e+03	 1.0491e+03	 1.6157e+00	 3.2036e-02	 3.2312e+02	 1.0897e+03
 3.8443e+03	 1.0491e+03	 1.6070e+00	 3.4839e-02	 3.2312e+02	 1.0923e+03
 5.7665e+03	 1.0491e+03	 1.5976e+00	 3.7522e-02	 3.2311e+02	 1.0948e+03
 8.6498e+03	 1.0491e+03	 1.5878e+00	 4.0266e-02	 3.2311e+02	 1.0976e+03
 1.2975e+04	 1.0491e+03	 1.5763e+00	 4.3202e-02	 3.2309e+02	 1.1029e+03
 1.9462e+04	 1.0491e+03	 1.5639e+00	 4.5834e-02	 3.2308e+02	 1.1054e+03
 2.9193e+04	 1.0491e+03	 1.5500e+00	 4.7224e-02	 3.2308e+02	 1.1078e+03
 4.3789e+04	 1.0491e+03	 1.5459e+00	 4.4611e-02	 3.2308e+02	 1.1104e+03
 6.5684e+04	 1.0491e+03	 1.5329e+00	 4.1113e-02	 3.2308e+02	 1.1128e+03
 9.8526e+04	 1.0491e+03	 1.5219e+00	 3.6352e-02	 3.2309e+02	 1.1152e+03
 1.4779e+05	 1.0491e+03	 1.5133e+00	 3.1572e-02	 3.2310e+02	 1.1179e+03
 2.2168e+05	 1.0491e+03	 1.5068e+00	 2.7403e-02	 3.2310e+02	 1.1205e+03
 3.3253e+05	 1.0491e+03	 1.5014e+00	 2.4246e-02	 3.2311e+02	 1.1231e+03
 4.9879e+05	 1.0491e+03	 1.4955e+00	 2.2677e-02	 3.2311e+02	 1.1256e+03
 7.4818e+05	 1.0491e+03	 1.4907e+00	 2.1348e-02	 3.2312e+02	 1.1284e+03
 9.0000e+05	 1.0491e+03	 1.4892e+00	 2.0855e-02	 3.2312e+02	 1.1309e+03
 1.0000e+02	 1.1283e+03	 1.6578e+00	 1.3002e-02	 3.2312e+02	 1.1404e+03
 1.5000e+02	 1.1283e+03	 1.6544e+00	 1.4510e-02	 3.2312e+02	 1.1428e+03
 2.2500e+02	 1.1283e+03	 1.6506e+00	 1.6060e-02	 3.2313e+02	 1.1480e+03
 3.3750e+02	 1.1283e+03	 1.6466e+00	 1.8207e-02	 3.2313e+02	 1.1508e+03
 5.0625e+02	 1.1283e+03	 1.6420e+00	 2.0573e-02	 3.2314e+02	 1.1533e+03
 7.5938e+02	 1.1283e+03	 1.6367e+00	 2.3323e-02	 3.2314e+02	 1.1561e+03
 1.1391e+03	 1.1283e+03	 1.6305e+00	 2.6217e-02	 3.2315e+02	 1.1616e+03
 1.7086e+03	 1.1283e+03	 1.6236e+00	 2.9193e-02	 3.2315e+02	 1.1641e+03
 2.5629e+03	 1.1283e+03	 1.6152e+00	 3.2159e-02	 3.2315e+02	 1.1694e+03
 3.8443e+03	 1.1283e+03	 1.6065e+00	 3.4859e-02	 3.2315e+02	 1.1722e+03
 5.7665e+03	 1.1283e+03	 1.5971e+00	 3.7501e-02	 3.2315e+02	 1.1748e+03
 8.6498e+03	 1.1283e+03	 1.5873e+00	 4.0175e-02	 3.2315e+02	 1.1775e+03
 1.2975e+04	 1.1283e+03	 1.5758e+00	 4.2970e-02	 3.2316e+02	 1.1829e+03
 1.9462e+04	 1.1283e+03	 1.5635e+00	 4.5570e-02	 3.2316e+02	 1.1854e+03
 2.9193e+04	 1.1283e+03	 1.5496e+00	 4.6908e-02	 3.2317e+02	 1.1881e+03
 4.3789e+04	 1.1283e+03	 1.5456e+00	 4.4189e-02	 3.2317e+02	 1.1906e+03
 6.5684e+04	 1.1283e+03	 1.5325e+00	 4.0696e-02	 3.2318e+02	 1.1930e+03
 9.8526e+04	 1.1283e+03	 1.5216e+00	 3.6054e-02	 3.2318e+02	 1.1955e+03
 1.4779e+05	 1.1283e+03	 1.5130e+00	 3.1251e-02	 3.2318e+02	 1.1981e+03
 2.2168e+05	 1.1283e+03	 1.5064e+00	 2.7189e-02	 3.2318e+02	 1.2008e+03
 3.3253e+05	 1.1283e+03	 1.5008e+00	 2.4027e-02	 3.2319e+02	 1.2034e+03
 4.9879e+05	 1.1283e+03	 1.4948e+00	 2.2542e-02	 3.2319e+02	 1.2062e+03
 7.4818e+05	 1.1283e+03	 1.4900e+00	 2.1253e-02	 3.2319e+02	 1.2087e+03
 9.0000e+05	 1.1283e+03	 1.4884e+00	 2.0702e-02	 3.2319e+02	 1.2114e+03
 1.0000e+02	 1.2087e+03	 1.6558e+00	 1.2522e-02	 3.2319e+02	 1.2206e+03
 1.5000e+02	 1.2087e+03	 1.6523e+00	 1.3189e-02	 3.2319e+02	 1.2231e+03
 2.2500e+02	 1.2087e+03	 1.6488e+00	 1.6141e-02	 3.2319e+02	 1.2283e+03
 3.3750e+02	 1.2087e+03	 1.6447e+00	 1.8272e-02	 3.2319e+02	 1.2308e+03
 5.0625e+02	 1.2087e+03	 1.6399e+00	 2.0664e-02	 3.2319e+02	 1.2333e+03
 7.5938e+02	 1.2087e+03	 1.6345e+00	 2.3358e-02	 3.2319e+02	 1.2359e+03
 1.1391e+03	 1.2087e+03	 1.6281e+00	 2.6287e-02	 3.2319e+02	 1.2411e+03
 1.7086e+03	 1.2087e+03	 1.6212e+00	 2.9244e-02	 3.2319e+02	 1.2435e+03
 2.5629e+03	 1.2087e+03	 1.6129e+00	 3.2166e-02	 3.2318e+02	 1.2488e+03
 3.8443e+03	 1.2087e+03	 1.6040e+00	 3.4876e-02	 3.2319e+02	 1.2517e+03
 5.7665e+03	 1.2087e+03	 1.5946e+00	 3.7434e-02	 3.2318e+02	 1.2541e+03
 8.6498e+03	 1.2087e+03	 1.5848e+00	 4.0089e-02	 3.2318e+02	 1.2566e+03
 1.2975e+04	 1.2087e+03	 1.5734e+00	 4.2864e-02	 3.2319e+02	 1.2616e+03
 1.9462e+04	 1.2087e+03	 1.5610e+00	 4.5371e-02	 3.2319e+02	 1.2642e+03
 2.9193e+04	 1.2087e+03	 1.5472e+00	 4.6518e-02	 3.2318e+02	 1.2666e+03
 4.3789e+04	 1.2087e+03	 1.5432e+00	 4.3843e-02	 3.2319e+02	 1.2691e+03
 6.5684e+04	 1.2087e+03	 1.5304e+00	 4.0309e-02	 3.2319e+02	 1.2718e+03
 9.8526e+04	 1.2087e+03	 1.5196e+00	 3.5659e-02	 3.2318e+02	 1.2742e+03
 1.4779e+05	 1.2087e+03	 1.5111e+00	 3.0980e-02	 3.2318e+02	 1.2769e+03
 2.2168e+05	 1.2087e+03	 1.5046e+00	 2.6959e-02	 3.2319e+02	 1.2796e+03
 3.3253e+05	 1.2087e+03	 1.4991e+00	 2.3894e-02	 3.2318e+02	 1.2823e+03
 4.9879e+05	 1.2087e+03	 1.4932e+00	 2.2380e-02	 3.2317e+02	 1.2848e+03
 7.4818e+05	 1.2087e+03	 1.4883e+00	 2.1153e-02	 3.2317e+02	 1.2872e+03
 9.0000e+05	 1.2087e+03	 1.4868e+00	 2.0684e-02	 3.2318e+02	 1.2899e+03
 1.0000e+02	 1.2872e+03	 1.6532e+00	 1.2634e-02	 3.2317e+02	 1.2993e+03
 1.5000e+02	 1.2872e+03	 1.6510e+00	 1.3607e-02	 3.2317e+02	 1.3018e+03
 2.2500e+02	 1.2872e+03	 1.6468e+00	 1.6252e-02	 3.2316e+02	 1.3068e+03
 3.3750e+02	 1.2872e+03	 1.6428e+00	 1.8323e-02	 3.2316e+02	 1.3093e+03
 5.0625e+02	 1.2872e+03	 1.6381e+00	 2.0800e-02	 3.2316e+02	 1.3121e+03
 7.5938e+02	 1.2872e+03	 1.6326e+00	 2.3537e-02	 3.2316e+02	 1.3146e+03
 1.1391e+03	 1.2872e+03	 1.6263e+00	 2.6388e-02	 3.2316e+02	 1.3196e+03
 1.7086e+03	 1.2872e+03	 1.6193e+00	 2.9407e-02	 3.2316e+02	 1.3221e+03
 2.5629e+03	 1.2872e+03	 1.6110e+00	 3.2224e-02	 3.2316e+02	 1.3269e+03
 3.8443e+03	 1.2872e+03	 1.6022e+00	 3.4883e-02	 3.2316e+02	 1.3294e+03
 5.7665e+03	 1.2872e+03	 1.5928e+00	 3.7391e-02	 3.2315e+02	 1.3319e+03
 8.6498e+03	 1.2872e+03	 1.5830e+00	 4.0028e-02	 3.2316e+02	 1.3346e+03
 1.2975e+04	 1.2872e+03	 1.5717e+00	 4.2744e-02	 3.2315e+02	 1.3397e+03
 1.9462e+04	 1.2872e+03	 1.5594e+00	 4.5213e-02	 3.2315e+02	 1.3421e+03
 2.9193e+04	 1.2872e+03	 1.5457e+00	 4.6256e-02	 3.2315e+02	 1.3446e+03
 4.3789e+04	 1.2872e+03	 1.5417e+00	 4.3430e-02	 3.2315e+02	 1.3473e+03
 6.5684e+04	 1.2872e+03	 1.5291e+00	 3.9897e-02	 3.2314e+02	 1.3498e+03
 9.8526e+04	 1.2872e+03	 1.5185e+00	 3.5304e-02	 3.2314e+02	 1.3522e+03
 1.4779e+05	 1.2872e+03	 1.5101e+00	 3.0656e-02	 3.2314e+02	 1.3548e+03
 2.2168e+05	 1.2872e+03	 1.5037e+00	 2.6721e-02	 3.2314e+02	 1.3574e+03
 3.3253e+05	 1.2872e+03	 1.4983e+00	 2.3631e-02	 3.2314e+02	 1.3601e+03
 4.9879e+05	 1.2872e+03	 1.4925e+00	 2.2160e-02	 3.2314e+02	 1.3626e+03
 7.4818e+05	 1.2872e+03	 1.4877e+00	 2.1082e-02	 3.2313e+02	 1.3654e+03
 9.0000e+05	 1.2872e+03	 1.4862e+00	 2.0398e-02	 3.2314e+02	 1.3679e+03
 1.0000e+02	 1.3653e+03	 1.6527e+00	 1.3560e-02	 3.2313e+02	 1.3774e+03
 1.5000e+02	 1.3653e+03	 1.6489e+00	 1.4754e-02	 3.2313e+02	 1.3798e+03
 2.2500e+02	 1.3653e+03	 1.6460e+00	 1.6261e-02	 3.2313e+02	 1.3850e+03
 3.3750e+02	 1.3653e+03	 1.6419e+00	 1.8443e-02	 3.2314e+02	 1.3878e+03
 5.0625e+02	 1.3653e+03	 1.6372e+00	 2.0850e-02	 3.2314e+02	 1.3903e+03
 7.5938e+02	 1.3653e+03	 1.6317e+00	 2.3640e-02	 3.2313e+02	 1.3928e+03
 1.1391e+03	 1.3653e+03	 1.6253e+00	 2.6505e-02	 3.2313e+02	 1.3980e+03
 1.7086e+03	 1.3653e+03	 1.6183e+00	 2.9502e-02	 3.2313e+02	 1.4006e+03
 2.5629e+03	 1.3653e+03	 1.6100e+00	 3.2347e-02	 3.2313e+02	 1.4058e+03
 3.8443e+03	 1.3653e+03	 1.6011e+00	 3.4936e-02	 3.2313e+02	 1.4082e+03
 5.7665e+03	 1.3653e+03	 1.5918e+00	 3.7402e-02	 3.2314e+02	 1.4108e+03
 8.6498e+03	 1.3653e+03	 1.5821e+00	 3.9982e-02	 3.2314e+02	 1.4133e+03
 1.2975e+04	 1.3653e+03	 1.5707e+00	 4.2639e-02	 3.2313e+02	 1.4183e+03
 1.9462e+04	 1.3653e+03	 1.5584e+00	 4.4984e-02	 3.2314e+02	 1.4210e+03
 2.9193e+04	 1.3653e+03	 1.5448e+00	 4.6006e-02	 3.2314e+02	 1.4235e+03
 4.3789e+04	 1.3653e+03	 1.5409e+00	 4.3144e-02	 3.2314e+02	 1.4261e+03
 6.5684e+04	 1.3653e+03	 1.5284e+00	 3.9563e-02	 3.2315e+02	 1.4285e+03
 9.8526e+04	 1.3653e+03	 1.5179e+00	 3.4976e-02	 3.2315e+02	 1.4311e+03
 1.4779e+05	 1.3653e+03	 1.5096e+00	 3.0410e-02	 3.2314e+02	 1.4338e+03
 2.2168e+05	 1.3653e+03	 1.5033e+00	 2.6518e-02	 3.2314e+02	 1.4366e+03
 3.3253e+05	 1.3653e+03	 1.4979e+00	 2.3545e-02	 3.2315e+02	 1.4391e+03
 4.9879e+05	 1.3653e+03	 1.4921e+00	 2.2126e-02	 3.2314e+02	 1.4416e+03
 7.4818e+05	 1.3653e+03	 1.4873e+00	 2.0990e-02	 3.2315e+02	 1.4443e+03
 9.0000e+05	 1.3653e+03	 1.4858e+00	 2.0386e-02	 3.2315e+02	 1.4469e+03
 1.0000e+02	 1.4442e+03	 1.6513e+00	 1.2817e-02	 3.2315e+02	 1.4563e+03
 1.5000e+02	 1.4442e+03	 1.6488e+00	 1.4293e-02	 3.2315e+02	 1.4587e+03
 2.2500e+02	 1.4442e+03	 1.6451e+00	 1.6414e-02	 3.2315e+02	 1.4639e+03
 3.3750e+02	 1.4442e+03	 1.6410e+00	 1.8544e-02	 3.2315e+02	 1.4666e+03
 5.0625e+02	 1.4442e+03	 1.6362e+00	 2.0979e-02	 3.2315e+02	 1.4692e+03
 7.5938e+02	 1.4442e+03	 1.6307e+00	 2.3695e-02	 3.2315e+02	 1.4719e+03
 1.1391e+03	 1.4442e+03	 1.6243e+00	 2.6595e-02	 3.2315e+02	 1.4769e+03
 1.7086e+03	 1.4442e+03	 1.6172e+00	 2.9534e-02	 3.2315e+02	 1.4796e+03
 2.5629e+03	 1.4442e+03	 1.6088e+00	 3.2349e-02	 3.2315e+02	 1.4846e+03
 3.8443e+03	 1.4442e+03	 1.6000e+00	 3.4916e-02	 3.2314e+02	 1.4872e+03
 5.7665e+03	 1.4442e+03	 1.5905e+00	 3.7336e-02	 3.2315e+02	 1.4898e+03
 8.6498e+03	 1.4442e+03	 1.5808e+00	 3.9895e-02	 3.2315e+02	 1.4924e+03
 1.2975e+04	 1.4442e+03	 1.5694e+00	 4.2529e-02	 3.2315e+02	 1.4976e+03
 1.9462e+04	 1.4442e+03	 1.5572e+00	 4.4887e-02	 3.2315e+02	 1.5001e+03
 2.9193e+04	 1.4442e+03	 1.5436e+00	 4.5712e-02	 3.2315e+02	 1.5026e+03
 4.3789e+04	 1.4442e+03	 1.5398e+00	 4.2808e-02	 3.2315e+02	 1.5051e+03
 6.5684e+04	 1.4442e+03	 1.5274e+00	 3.9199e-02	 3.2314e+02	 1.5076e+03
 9.8526e+04	 1.4442e+03	 1.5171e+00	 3.4648e-02	 3.2314e+02	 1.5100e+03
 1.4779e+05	 1.4442e+03	 1.5089e+00	 3.0160e-02	 3.2315e+02	 1.5125e+03
 2.2168e+05	 1.4442e+03	 1.5026e+00	 2.6344e-02	 3.2315e+02	 1.5151e+03
 3.3253e+05	 1.4442e+03	 1.4973e+00	 2.3347e-02	 3.2315e+02	 1.5178e+03
 4.9879e+05	 1.4442e+03	 1.4916e+00	 2.1893e-02	 3.2315e+02	 1.5204e+03
 7.4818e+05	 1.4442e+03	 1.4868e+00	 2.0750e-02	 3.2315e+02	 1.5231e+03
 9.0000e+05	 1.4442e+03	 1.4853e+00	 2.0224e-02	 3.2315e+02	 1.5258e+03
 1.0000e+02	 1.5231e+03	 1.6514e+00	 1.2938e-02	 3.2314e+02	 1.5353e+03
 1.5000e+02	 1.5231e+03	 1.6477e+00	 1.3804e-02	 3.2314e+02	 1.5381e+03
 2.2500e+02	 1.5231e+03	 1.6441e+00	 1.6427e-02	 3.2314e+02	 1.5433e+03
 3.3750e+02	 1.5231e+03	 1.6400e+00	 1.8606e-02	 3.2314e+02	 1.5458e+03
 5.0625e+02	 1.5231e+03	 1.6352e+00	 2.1085e-02	 3.2314e+02	 1.5483e+03
 7.5938e+02	 1.5231e+03	 1.6297e+00	 2.3846e-02	 3.2314e+02	 1.5508e+03
 1.1391e+03	 1.5231e+03	 1.6233e+00	 2.6726e-02	 3.2315e+02	 1.5561e+03
 1.7086e+03	 1.5231e+03	 1.6161e+00	 2.9688e-02	 3.2315e+02	 1.5588e+03
 2.5629e+03	 1.5231e+03	 1.6077e+00	 3.2404e-02	 3.2315e+02	 1.5641e+03
 3.8443e+03	 1.5231e+03	 1.5989e+00	 3.4929e-02	 3.2314e+02	 1.5669e+03
 5.7665e+03	 1.5231e+03	 1.5896e+00	 3.7343e-02	 3.2315e+02	 1.5694e+03
 8.6498e+03	 1.5231e+03	 1.5798e+00	 3.9859e-02	 3.2314e+02	 1.5722e+03
 1.2975e+04	 1.5231e+03	 1.5684e+00	 4.2442e-02	 3.2315e+02	 1.5774e+03
 1.9462e+04	 1.5231e+03	 1.5562e+00	 4.4709e-02	 3.2314e+02	 1.5798e+03
 2.9193e+04	 1.5231e+03	 1.5525e+00	 4.3870e-02	 3.2314e+02	 1.5823e+03
 4.3789e+04	 1.5231e+03	 1.5389e+00	 4.2491e-02	 3.2314e+02	 1.5851e+03
 6.5684e+04	 1.5231e+03	 1.5267e+00	 3.8913e-02	 3.2314e+02	 1.5876e+03
 9.8526e+04	 1.5231e+03	 1.5164e+00	 3.4329e-02	 3.2314e+02	 1.5904e+03
 1.4779e+05	 1.5231e+03	 1.5083e+00	 2.9883e-02	 3.2314e+02	 1.5928e+03
 2.2168e+05	 1.5231e+03	 1.5021e+00	 2.6126e-02	 3.2315e+02	 1.5956e+03
 3.3253e+05	 1.5231e+03	 1.4968e+00	 2.3125e-02	 3.2315e+02	 1.5980e+03
 4.9879e+05	 1.5231e+03	 1.4911e+00	 2.1764e-02	 3.2314e+02	 1.6009e+03
 7.4818e+05	 1.5231e+03	 1.4864e+00	 2.0680e-02	 3.2315e+02	 1.6033e+03
 9.0000e+05	 1.5231e+03	 1.4849e+00	 2.0043e-02	 3.2314e+02	 1.6062e+03
 1.0000e+02	 1.6035e+03	 1.6502e+00	 1.3564e-02	 3.2315e+02	 1.6153e+03
 1.5000e+02	 1.6035e+03	 1.6474e+00	 1.4857e-02	 3.2315e+02	 1.6178e+03
 2.2500e+02	 1.6035e+03	 1.6433e+00	 1.6406e-02	 3.2315e+02	 1.6231e+03
 3.3750e+02	 1.6035e+03	 1.6391e+00	 1.8707e-02	 3.2316e+02	 1.6257e+03
 5.0625e+02	 1.6035e+03	 1.6344e+00	 2.1183e-02	 3.2315e+02	 1.6284e+03
 7.5938e+02	 1.6035e+03	 1.6287e+00	 2.3978e-02	 3.2315e+02	 1.6309e+03
 1.1391e+03	 1.6035e+03	 1.6223e+00	 2.6842e-02	 3.2315e+02	 1.6361e+03
 1.7086e+03	 1.6035e+03	 1.6151e+00	 2.9739e-02	 3.2315e+02	 1.6385e+03
 2.5629e+03	 1.6035e+03	 1.6067e+00	 3.2446e-02	 3.2316e+02	 1.6436e+03
 3.8443e+03	 1.6035e+03	 1.5978e+00	 3.4967e-02	 3.2316e+02	 1.6460e+03
 5.7665e+03	 1.6035e+03	 1.5885e+00	 3.7322e-02	 3.2316e+02	 1.6488e+03
 8.6498e+03	 1.6035e+03	 1.5787e+00	 3.9809e-02	 3.2316e+02	 1.6513e+03
 1.2975e+04	 1.6035e+03	 1.5674e+00	 4.2348e-02	 3.2315e+02	 1.6563e+03
 1.9462e+04	 1.6035e+03	 1.5552e+00	 4.4503e-02	 3.2315e+02	 1.6588e+03
 2.9193e+04	 1.6035e+03	 1.5515e+00	 4.3642e-02	 3.2315e+02	 1.6614e+03
 4.3789e+04	 1.6035e+03	 1.5380e+00	 4.2242e-02	 3.2315e+02	 1.6639e+03
 6.5684e+04	 1.6035e+03	 1.5259e+00	 3.8680e-02	 3.2315e+02	 1.6664e+03
 9.8526e+04	 1.6035e+03	 1.5158e+00	 3.4146e-02	 3.2316e+02	 1.6691e+03
 1.4779e+05	 1.6035e+03	 1.5077e+00	 2.9652e-02	 3.2316e+02	 1.6715e+03
 2.2168e+05	 1.6035e+03	 1.5015e+00	 2.5915e-02	 3.2315e+02	 1.6742e+03
 3.3253e+05	 1.6035e+03	 1.4963e+00	 2.2962e-02	 3.2315e+02	 1.6767e+03
 4.9879e+05	 1.6035e+03	 1.4905e+00	 2.1654e-02	 3.2315e+02	 1.6794e+03
 7.4818e+05	 1.6035e+03	 1.4858e+00	 2.0474e-02	 3.2316e+02	 1.6819e+03
 9.0000e+05	 1.6035e+03	 1.4843e+00	 2.0022e-02	 3.2315e+02	 1.6844e+03
 1.0000e+02	 1.6818e+03	 1.6496e+00	 1.3519e-02	 3.2315e+02	 1.6935e+03
 1.5000e+02	 1.6818e+03	 1.6458e+00	 1.4944e-02	 3.2316e+02	 1.6959e+03
 2.2500e+02	 1.6818e+03	 1.6424e+00	 1.6689e-02	 3.2316e+02	 1.7011e+03
 3.3750e+02	 1.6818e+03	 1.6382e+00	 1.8769e-02	 3.2316e+02	 1.7038e+03
 5.0625e+02	 1.6818e+03	 1.6334e+00	 2.1217e-02	 3.2315e+02	 1.7062e+03
 7.5938e+02	 1.6818e+03	 1.6277e+00	 2.4032e-02	 3.2315e+02	 1.7088e+03
 1.1391e+03	 1.6818e+03	 1.6212e+00	 2.6898e-02	 3.2315e+02	 1.7138e+03
 1.7086e+03	 1.6818e+03	 1.6140e+00	 2.9742e-02	 3.2315e+02	 1.7166e+03
 2.5629e+03	 1.6818e+03	 1.6056e+00	 3.2488e-02	 3.2316e+02	 1.7217e+03
 3.8443e+03	 1.6818e+03	 1.5967e+00	 3.4913e-02	 3.2316e+02	 1.7242e+03
 5.7665e+03	 1.6818e+03	 1.5873e+00	 3.7309e-02	 3.2315e+02	 1.7266e+03
 8.6498e+03	 1.6818e+03	 1.5776e+00	 3.9702e-02	 3.2315e+02	 1.7293e+03
 1.2975e+04	 1.6818e+03	 1.5663e+00	 4.2262e-02	 3.2315e+02	 1.7346e+03
 1.9462e+04	 1.6818e+03	 1.5540e+00	 4.4343e-02	 3.2315e+02	 1.7371e+03
 2.9193e+04	 1.6818e+03	 1.5504e+00	 4.3433e-02	 3.2315e+02	 1.7395e+03
 4.3789e+04	 1.6818e+03	 1.5370e+00	 4.1977e-02	 3.2315e+02	 1.7421e+03
 6.5684e+04	 1.6818e+03	 1.5250e+00	 3.8344e-02	 3.2315e+02	 1.7445e+03
 9.8526e+04	 1.6818e+03	 1.5149e+00	 3.3904e-02	 3.2315e+02	 1.7471e+03
 1.4779e+05	 1.6818e+03	 1.5070e+00	 2.9456e-02	 3.2315e+02	 1.7497e+03
 2.2168e+05	 1.6818e+03	 1.5009e+00	 2.5683e-02	 3.2316e+02	 1.7522e+03
 3.3253e+05	 1.6818e+03	 1.4957e+00	 2.2884e-02	 3.2316e+02	 1.7549e+03
 4.9879e+05	 1.6818e+03	 1.4900e+00	 2.1519e-02	 3.2315e+02	 1.7573e+03
 7.4818e+05	 1.6818e+03	 1.4852e+00	 2.0555e-02	 3.2315e+02	 1.7598e+03
 9.0000e+05	 1.6818e+03	 1.4838e+00	 1.9938e-02	 3.2316e+02	 1.7626e+03
 1.0000e+02	 1.7599e+03	 1.6488e+00	 1.3532e-02	 3.2315e+02	 1.7721e+03
 1.5000e+02	 1.7599e+03	 1.6448e+00	 1.5201e-02	 3.2315e+02	 1.7745e+03
 2.2500e+02	 1.7599e+03	 1.6416e+00	 1.6676e-02	 3.2316e+02	 1.7798e+03
 3.3750e+02	 1.7599e+03	 1.6373e+00	 1.8793e-02	 3.2316e+02	 1.7825e+03
 5.0625e+02	 1.7599e+03	 1.6326e+00	 2.1375e-02	 3.2315e+02	 1.7851e+03
 7.5938e+02	 1.7599e+03	 1.6268e+00	 2.4130e-02	 3.2316e+02	 1.7878e+03
 1.1391e+03	 1.7599e+03	 1.6203e+00	 2.6997e-02	 3.2315e+02	 1.7931e+03
 1.7086e+03	 1.7599e+03	 1.6131e+00	 2.9791e-02	 3.2315e+02	 1.7956e+03
 2.5629e+03	 1.7599e+03	 1.6046e+00	 3.2559e-02	 3.2315e+02	 1.8008e+03
 3.8443e+03	 1.7599e+03	 1.5956e+00	 3.4946e-02	 3.2315e+02	 1.8033e+03
 5.7665e+03	 1.7599e+03	 1.5863e+00	 3.7255e-02	 3.2315e+02	 1.8061e+03
 8.6498e+03	 1.7599e+03	 1.5766e+00	 3.9664e-02	 3.2315e+02	 1.8085e+03
 1.2975e+04	 1.7599e+03	 1.5653e+00	 4.2148e-02	 3.2315e+02	 1.8139e+03
 1.9462e+04	 1.7599e+03	 1.5531e+00	 4.4202e-02	 3.2315e+02	 1.8166e+03
 2.9193e+04	 1.7599e+03	 1.5494e+00	 4.3248e-02	 3.2315e+02	 1.8191e+03
 4.3789e+04	 1.7599e+03	 1.5362e+00	 4.1740e-02	 3.2314e+02	 1.8215e+03
 6.5684e+04	 1.7599e+03	 1.5242e+00	 3.8033e-02	 3.2315e+02	 1.8243e+03
 9.8526e+04	 1.7599e+03	 1.5143e+00	 3.3595e-02	 3.2314e+02	 1.8268e+03
 1.4779e+05	 1.7599e+03	 1.5064e+00	 2.9278e-02	 3.2314e+02	 1.8296e+03
 2.2168e+05	 1.7599e+03	 1.5003e+00	 2.5604e-02	 3.2314e+02	 1.8321e+03
 3.3253e+05	 1.7599e+03	 1.4952e+00	 2.2774e-02	 3.2315e+02	 1.8349e+03
 4.9879e+05	 1.7599e+03	 1.4895e+00	 2.1360e-02	 3.2315e+02	 1.8374e+03
 7.4818e+05	 1.7599e+03	 1.4848e+00	 2.0377e-02	 3.2315e+02	 1.8398e+03
 9.0000e+05	 1.7599e+03	 1.4835e+00	 1.9764e-02	 3.2315e+02	 1.8424e+03
 1.0000e+02	 1.8397e+03	 1.6474e+00	 1.2793e-02	 3.2315e+02	 1.8515e+03
 1.5000e+02	 1.8397e+03	 1.6445e+00	 1.5781e-02	 3.2314e+02	 1.8540e+03
 2.2500e+02	 1.8397e+03	 1.6407e+00	 1.6700e-02	 3.2315e+02	 1.8593e+03
 3.3750e+02	 1.8397e+03	 1.6365e+00	 1.8856e-02	 3.2314e+02	 1.8618e+03
 5.0625e+02	 1.8397e+03	 1.6316e+00	 2.1447e-02	 3.2314e+02	 1.8646e+03
 7.5938e+02	 1.8397e+03	 1.6260e+00	 2.4212e-02	 3.2314e+02	 1.8671e+03
 1.1391e+03	 1.8397e+03	 1.6194e+00	 2.7083e-02	 3.2315e+02	 1.8719e+03
 1.7086e+03	 1.8397e+03	 1.6122e+00	 2.9987e-02	 3.2315e+02	 1.8744e+03
 2.5629e+03	 1.8397e+03	 1.6037e+00	 3.2559e-02	 3.2315e+02	 1.8796e+03
 3.8443e+03	 1.8397e+03	 1.5947e+00	 3.4942e-02	 3.2315e+02	 1.8820e+03
 5.7665e+03	 1.8397e+03	 1.5854e+00	 3.7233e-02	 3.2315e+02	 1.8848e+03
 8.6498e+03	 1.8397e+03	 1.5757e+00	 3.9623e-02	 3.2314e+02	 1.8873e+03
 1.2975e+04	 1.8397e+03	 1.5644e+00	 4.2081e-02	 3.2314e+02	 1.8924e+03
 1.9462e+04	 1.8397e+03	 1.5523e+00	 4.4028e-02	 3.2314e+02	 1.8949e+03
 2.9193e+04	 1.8397e+03	 1.5486e+00	 4.3008e-02	 3.2315e+02	 1.8976e+03
 4.3789e+04	 1.8397e+03	 1.5355e+00	 4.1465e-02	 3.2315e+02	 1.9000e+03
 6.5684e+04	 1.8397e+03	 1.5237e+00	 3.7845e-02	 3.2314e+02	 1.9028e+03
 9.8526e+04	 1.8397e+03	 1.5138e+00	 3.3384e-02	 3.2314e+02	 1.9053e+03
 1.4779e+05	 1.8397e+03	 1.5059e+00	 2.9091e-02	 3.2314e+02	 1.9081e+03
 2.2168e+05	 1.8397e+03	 1.4999e+00	 2.5435e-02	 3.2315e+02	 1.9108e+03
 3.3253e+05	 1.8397e+03	 1.4947e+00	 2.2602e-02	 3.2315e+02	 1.9136e+03
 4.9879e+05	 1.8397e+03	 1.4892e+00	 2.1319e-02	 3.2315e+02	 1.9161e+03
 7.4818e+05	 1.8397e+03	 1.4845e+00	 2.0187e-02	 3.2315e+02	 1.9186e+03
 9.0000e+05	 1.8397e+03	 1.4831e+00	 1.9732e-02	 3.2314e+02	 1.9213e+03
 1.0000e+02	 1.9187e+03	 1.6466e+00	 1.3334e-02	 3.2314e+02	 1.9308e+03
 1.5000e+02	 1.9187e+03	 1.6434e+00	 1.4605e-02	 3.2314e+02	 1.9331e+03
 2.2500e+02	 1.9187e+03	 1.6401e+00	 1.6784e-02	 3.2315e+02	 1.9382e+03
 3.3750e+02	 1.9187e+03	 1.6359e+00	 1.8987e-02	 3.2314e+02	 1.9408e+03
 5.0625e+02	 1.9187e+03	 1.6310e+00	 2.1506e-02	 3.2315e+02	 1.9433e+03
 7.5938e+02	 1.9187e+03	 1.6252e+00	 2.4350e-02	 3.2314e+02	 1.9458e+03
 1.1391e+03	 1.9187e+03	 1.6186e+00	 2.7174e-02	 3.2314e+02	 1.9510e+03
 1.7086e+03	 1.9187e+03	 1.6114e+00	 2.9981e-02	 3.2315e+02	 1.9535e+03
 2.5629e+03	 1.9187e+03	 1.6029e+00	 3.2606e-02	 3.2315e+02	 1.9586e+03
 3.8443e+03	 1.9187e+03	 1.5940e+00	 3.4948e-02	 3.2315e+02	 1.9613e+03
 5.7665e+03	 1.9187e+03	 1.5846e+00	 3.7237e-02	 3.2314e+02	 1.9638e+03
 8.6498e+03	 1.9187e+03	 1.5750e+00	 3.9555e-02	 3.2315e+02	 1.9666e+03
 1.2975e+04	 1.9187e+03	 1.5637e+00	 4.1967e-02	 3.2315e+02	 1.9719e+03
 1.9462e+04	 1.9187e+03	 1.5516e+00	 4.3955e-02	 3.2315e+02	 1.9743e+03
 2.9193e+04	 1.9187e+03	 1.5479e+00	 4.2817e-02	 3.2315e+02	 1.9768e+03
 4.3789e+04	 1.9187e+03	 1.5348e+00	 4.1238e-02	 3.2315e+02	 1.9795e+03
 6.5684e+04	 1.9187e+03	 1.5231e+00	 3.7600e-02	 3.2315e+02	 1.9820e+03
 9.8526e+04	 1.9187e+03	 1.5133e+00	 3.3215e-02	 3.2315e+02	 1.9849e+03
 1.4779e+05	 1.9187e+03	 1.5055e+00	 2.8919e-02	 3.2315e+02	 1.9873e+03
 2.2168e+05	 1.9187e+03	 1.4995e+00	 2.5311e-02	 3.2315e+02	 1.9899e+03
 3.3253e+05	 1.9187e+03	 1.4944e+00	 2.2493e-02	 3.2315e+02	 1.9924e+03
 4.9879e+05	 1.9187e+03	 1.4888e+00	 2.1242e-02	 3.2315e+02	 1.9948e+03
 7.4818e+05	 1.9187e+03	 1.4841e+00	 2.0154e-02	 3.2315e+02	 1.9974e+03
 9.0000e+05	 1.9187e+03	 1.4827e+00	 1.9644e-02	 3.2315e+02	 2.0000e+03
 1.0000e+02	 1.9973e+03	 1.6460e+00	 1.3589e-02	 3.2315e+02	 2.0096e+03
 1.5000e+02	 1.9973e+03	 1.6434e+00	 1.4778e-02	 3.2315e+02	 2.0123e+03
 2.2500e+02	 1.9973e+03	 1.6394e+00	 1.6734e-02	 3.2315e+02	 2.0176e+03
 3.3750e+02	 1.9973e+03	 1.6352e+00	 1.9045e-02	 3.2315e+02	 2.0201e+03
 5.0625e+02	 1.9973e+03	 1.6303e+00	 2.1618e-02	 3.2315e+02	 2.0229e+03
 7.5938e+02	 1.9973e+03	 1.6245e+00	 2.4421e-02	 3.2315e+02	 2.0253e+03
 1.1391e+03	 1.9973e+03	 1.6177e+00	 2.7258e-02	 3.2315e+02	 2.0305e+03
 1.7086e+03	 1.9973e+03	 1.6104e+00	 3.0066e-02	 3.2315e+02	 2.0330e+03
 2.5629e+03	 1.9973e+03	 1.6019e+00	 3.2612e-02	 3.2315e+02	 2.0381e+03
 3.8443e+03	 1.9973e+03	 1.5930e+00	 3.4980e-02	 3.2315e+02	 2.0405e+03
 5.7665e+03	 1.9973e+03	 1.5837e+00	 3.7166e-02	 3.2315e+02	 2.0431e+03
 8.6498e+03	 1.9973e+03	 1.5740e+00	 3.9495e-02	 3.2315e+02	 2.0456e+03
 1.2975e+04	 1.9973e+03	 1.5627e+00	 4.1891e-02	 3.2315e+02	 2.0506e+03
 1.9462e+04	 1.9973e+03	 1.5506e+00	 4.3810e-02	 3.2315e+02	 2.0530e+03
 2.9193e+04	 1.9973e+03	 1.5470e+00	 4.2714e-02	 3.2314e+02	 2.0555e+03
 4.3789e+04	 1.9973e+03	 1.5339e+00	 4.1023e-02	 3.2315e+02	 2.0581e+03
 6.5684e+04	 1.9973e+03	 1.5223e+00	 3.7400e-02	 3.2315e+02	 2.0606e+03
 9.8526e+04	 1.9973e+03	 1.5126e+00	 3.3002e-02	 3.2315e+02	 2.0631e+03
 1.4779e+05	 1.9973e+03	 1.5049e+00	 2.8768e-02	 3.2315e+02	 2.0658e+03
 2.2168e+05	 1.9973e+03	 1.4989e+00	 2.5124e-02	 3.2314e+02	 2.0686e+03
 3.3253e+05	 1.9973e+03	 1.4938e+00	 2.2388e-02	 3.2315e+02	 2.0711e+03
 4.9879e+05	 1.9973e+03	 1.4882e+00	 2.1187e-02	 3.2315e+02	 2.0739e+03
 7.4818e+05	 1.9973e+03	 1.4836e+00	 2.0126e-02	 3.2315e+02	 2.0763e+03
 9.0000e+05	 1.9973e+03	 1.4821e+00	 1.9598e-02	 3.2315e+02	 2.0789e+03
 1.0000e+02	 2.0762e+03	 1.6460e+00	 1.3491e-02	 3.2315e+02	 2.0881e+03
 1.5000e+02	 2.0762e+03	 1.6427e+00	 1.5117e-02	 3.2315e+02	 2.0909e+03
 2.2500e+02	 2.0762e+03	 1.6387e+00	 1.6787e-02	 3.2314e+02	 2.0958e+03
 3.3750e+02	 2.0762e+03	 1.6345e+00	 1.9122e-02	 3.2315e+02	 2.0983e+03
 5.0625e+02	 2.0762e+03	 1.6296e+00	 2.1716e-02	 3.2315e+02	 2.1008e+03
 7.5938e+02	 2.0762e+03	 1.6238e+00	 2.4508e-02	 3.2315e+02	 2.1032e+03
 1.1391e+03	 2.0762e+03	 1.6171e+00	 2.7308e-02	 3.2315e+02	 2.1084e+03
 1.7086e+03	 2.0762e+03	 1.6098e+00	 3.0127e-02	 3.2315e+02	 2.1111e+03
 2.5629e+03	 2.0762e+03	 1.6013e+00	 3.2661e-02	 3.2315e+02	 2.1164e+03
 3.8443e+03	 2.0762e+03	 1.5923e+00	 3.4945e-02	 3.2316e+02	 2.1189e+03
 5.7665e+03	 2.0762e+03	 1.5830e+00	 3.7168e-02	 3.2315e+02	 2.1213e+03
 8.6498e+03	 2.0762e+03	 1.5733e+00	 3.9447e-02	 3.2315e+02	 2.1241e+03
 1.2975e+04	 2.0762e+03	 1.5621e+00	 4.1860e-02	 3.2315e+02	 2.1293e+03
 1.9462e+04	 2.0762e+03	 1.5500e+00	 4.3680e-02	 3.2315e+02	 2.1318e+03
 2.9193e+04	 2.0762e+03	 1.5464e+00	 4.2502e-02	 3.2315e+02	 2.1344e+03
 4.3789e+04	 2.0762e+03	 1.5335e+00	 4.0855e-02	 3.2316e+02	 2.1369e+03
 6.5684e+04	 2.0762e+03	 1.5219e+00	 3.7170e-02	 3.2316e+02	 2.1394e+03
 9.8526e+04	 2.0762e+03	 1.5123e+00	 3.2815e-02	 3.2316e+02	 2.1421e+03
 1.4779e+05	 2.0762e+03	 1.5046e+00	 2.8594e-02	 3.2316e+02	 2.1446e+03
 2.2168e+05	 2.0762e+03	 1.4986e+00	 2.5050e-02	 3.2315e+02	 2.1472e+03
 3.3253e+05	 2.0762e+03	 1.4936e+00	 2.2364e-02	 3.2316e+02	 2.1497e+03
 4.9879e+05	 2.0762e+03	 1.4879e+00	 2.1012e-02	 3.2316e+02	 2.1524e+03
 7.4818e+05	 2.0762e+03	 1.4833e+00	 2.0096e-02	 3.2316e+02	 2.1549e+03
 9.0000e+05	 2.0762e+03	 1.4819e+00	 1.9521e-02	 3.2316e+02	 2.1575e+03
 1.0000e+02	 2.1548e+03	 1.6455e+00	 1.3168e-02	 3.2315e+02	 2.1669e+03
 1.5000e+02	 2.1548e+03	 1.6415e+00	 1.4873e-02	 3.2315e+02	 2.1697e+03
 2.2500e+02	 2.1548e+03	 1.6382e+00	 1.7053e-02	 3.2315e+02	 2.1749e+03
 3.3750e+02	 2.1548e+03	 1.6339e+00	 1.9221e-02	 3.2315e+02	 2.1773e+03
 5.0625e+02	 2.1548e+03	 1.6289e+00	 2.1817e-02	 3.2315e+02	 2.1798e+03
 7.5938e+02	 2.1548e+03	 1.6230e+00	 2.4592e-02	 3.2315e+02	 2.1823e+03
 1.1391e+03	 2.1548e+03	 1.6163e+00	 2.7434e-02	 3.2315e+02	 2.1872e+03
 1.7086e+03	 2.1548e+03	 1.6090e+00	 3.0227e-02	 3.2315e+02	 2.1899e+03
 2.5629e+03	 2.1548e+03	 1.6004e+00	 3.2706e-02	 3.2315e+02	 2.1952e+03
 3.8443e+03	 2.1548e+03	 1.5914e+00	 3.4967e-02	 3.2315e+02	 2.1978e+03
 5.7665e+03	 2.1548e+03	 1.5821e+00	 3.7127e-02	 3.2315e+02	 2.2003e+03
 8.6498e+03	 2.1548e+03	 1.5725e+00	 3.9412e-02	 3.2315e+02	 2.2028e+03
 1.2975e+04	 2.1548e+03	 1.5612e+00	 4.1696e-02	 3.2315e+02	 2.2078e+03
 1.9462e+04	 2.1548e+03	 1.5492e+00	 4.3517e-02	 3.2315e+02	 2.2103e+03
 2.9193e+04	 2.1548e+03	 1.5456e+00	 4.2298e-02	 3.2315e+02	 2.2131e+03
 4.3789e+04	 2.1548e+03	 1.5328e+00	 4.0625e-02	 3.2315e+02	 2.2156e+03
 6.5684e+04	 2.1548e+03	 1.5213e+00	 3.6938e-02	 3.2316e+02	 2.2184e+03
 9.8526e+04	 2.1548e+03	 1.5117e+00	 3.2635e-02	 3.2315e+02	 2.2209e+03
 1.4779e+05	 2.1548e+03	 1.5041e+00	 2.8440e-02	 3.2315e+02	 2.2233e+03
 2.2168e+05	 2.1548e+03	 1.4982e+00	 2.4921e-02	 3.2315e+02	 2.2260e+03
 3.3253e+05	 2.1548e+03	 1.4931e+00	 2.2263e-02	 3.2315e+02	 2.2284e+03
 4.9879e+05	 2.1548e+03	 1.4875e+00	 2.0997e-02	 3.2315e+02	 2.2309e+03
 7.4818e+05	 2.1548e+03	 1.4828e+00	 2.0021e-02	 3.2315e+02	 2.2336e+03
 9.0000e+05	 2.1548e+03	 1.4815e+00	 1.9475e-02	 3.2315e+02	 2.2361e+03
 1.0000e+02	 2.2335e+03	 1.6450e+00	 1.3156e-02	 3.2315e+02	 2.2453e+03
 1.5000e+02	 2.2335e+03	 1.6407e+00	 1.4550e-02	 3.2315e+02	 2.2478e+03
 2.2500e+02	 2.2335e+03	 1.6376e+00	 1.7004e-02	 3.2315e+02	 2.2531e+03
 3.3750e+02	 2.2335e+03	 1.6333e+00	 1.9252e-02	 3.2314e+02	 2.2559e+03
 5.0625e+02	 2.2335e+03	 1.6283e+00	 2.1874e-02	 3.2315e+02	 2.2584e+03
 7.5938e+02	 2.2335e+03	 1.6223e+00	 2.4650e-02	 3.2314e+02	 2.2611e+03
 1.1391e+03	 2.2335e+03	 1.6157e+00	 2.7548e-02	 3.2315e+02	 2.2661e+03
 1.7086e+03	 2.2335e+03	 1.6083e+00	 3.0248e-02	 3.2315e+02	 2.2689e+03
 2.5629e+03	 2.2335e+03	 1.5997e+00	 3.2765e-02	 3.2315e+02	 2.2741e+03
 3.8443e+03	 2.2335e+03	 1.5908e+00	 3.4993e-02	 3.2315e+02	 2.2765e+03
 5.7665e+03	 2.2335e+03	 1.5814e+00	 3.7126e-02	 3.2315e+02	 2.2794e+03
 8.6498e+03	 2.2335e+03	 1.5718e+00	 3.9349e-02	 3.2315e+02	 2.2819e+03
 1.2975e+04	 2.2335e+03	 1.5606e+00	 4.1652e-02	 3.2315e+02	 2.2870e+03
 1.9462e+04	 2.2335e+03	 1.5486e+00	 4.3412e-02	 3.2315e+02	 2.2895e+03
 2.9193e+04	 2.2335e+03	 1.5450e+00	 4.2122e-02	 3.2316e+02	 2.2921e+03
 4.3789e+04	 2.2335e+03	 1.5322e+00	 4.0395e-02	 3.2315e+02	 2.2945e+03
 6.5684e+04	 2.2335e+03	 1.5208e+00	 3.6719e-02	 3.2316e+02	 2.2969e+03
 9.8526e+04	 2.2335e+03	 1.5114e+00	 3.2340e-02	 3.2315e+02	 2.2996e+03
 1.4779e+05	 2.2335e+03	 1.5037e+00	 2.8237e-02	 3.2315e+02	 2.3021e+03
 2.2168e+05	 2.2335e+03	 1.4978e+00	 2.4736e-02	 3.2315e+02	 2.3048e+03
 3.3253e+05	 2.2335e+03	 1.4927e+00	 2.2062e-02	 3.2315e+02	 2.3072e+03
 4.9879e+05	 2.2335e+03	 1.4872e+00	 2.0776e-02	 3.2315e+02	 2.3098e+03
 7.4818e+05	 2.2335e+03	 1.4827e+00	 1.9910e-02	 3.2315e+02	 2.3124e+03
 9.0000e+05	 2.2335e+03	 1.4813e+00	 1.9310e-02	 3.2315e+02	 2.3150e+03
 1.0000e+02	 2.3123e+03	 1.6437e+00	 1.3284e-02	 3.2315e+02	 2.3246e+03
 1.5000e+02	 2.3123e+03	 1.6399e+00	 1.5311e-02	 3.2315e+02	 2.3270e+03
 2.2500e+02	 2.3123e+03	 1.6370e+00	 1.7036e-02	 3.2315e+02	 2.3322e+03
 3.3750e+02	 2.3123e+03	 1.6327e+00	 1.9375e-02	 3.2315e+02	 2.3348e+03
 5.0625e+02	 2.3123e+03	 1.6277e+00	 2.1970e-02	 3.2315e+02	 2.3372e+03
 7.5938e+02	 2.3123e+03	 1.6217e+00	 2.4749e-02	 3.2315e+02	 2.3399e+03
 1.1391e+03	 2.3123e+03	 1.6149e+00	 2.7620e-02	 3.2315e+02	 2.3449e+03
 1.7086e+03	 2.3123e+03	 1.6075e+00	 3.0367e-02	 3.2315e+02	 2.3476e+03
 2.5629e+03	 2.3123e+03	 1.5989e+00	 3.2746e-02	 3.2315e+02	 2.3526e+03
 3.8443e+03	 2.3123e+03	 1.5900e+00	 3.4984e-02	 3.2314e+02	 2.3553e+03
 5.7665e+03	 2.3123e+03	 1.5807e+00	 3.7066e-02	 3.2314e+02	 2.3581e+03
 8.6498e+03	 2.3123e+03	 1.5710e+00	 3.9364e-02	 3.2314e+02	 2.3606e+03
 1.2975e+04	 2.3123e+03	 1.5598e+00	 4.1576e-02	 3.2314e+02	 2.3658e+03
 1.9462e+04	 2.3123e+03	 1.5478e+00	 4.3327e-02	 3.2314e+02	 2.3682e+03
 2.9193e+04	 2.3123e+03	 1.5443e+00	 4.1992e-02	 3.2314e+02	 2.3711e+03
 4.3789e+04	 2.3123e+03	 1.5315e+00	 4.0224e-02	 3.2314e+02	 2.3735e+03
 6.5684e+04	 2.3123e+03	 1.5202e+00	 3.6508e-02	 3.2314e+02	 2.3762e+03
 9.8526e+04	 2.3123e+03	 1.5108e+00	 3.2205e-02	 3.2314e+02	 2.3786e+03
 1.4779e+05	 2.3123e+03	 1.5033e+00	 2.8062e-02	 3.2314e+02	 2.3811e+03
 2.2168e+05	 2.3123e+03	 1.4975e+00	 2.4617e-02	 3.2314e+02	 2.3838e+03
 3.3253e+05	 2.3123e+03	 1.4925e+00	 2.1999e-02	 3.2314e+02	 2.3862e+03
 4.9879e+05	 2.3123e+03	 1.4869e+00	 2.0746e-02	 3.2314e+02	 2.3888e+03
 7.4818e+05	 2.3123e+03	 1.4825e+00	 1.9770e-02	 3.2315e+02	 2.3915e+03
 9.0000e+05	 2.3123e+03	 1.4811e+00	 1.9192e-02	 3.2315e+02	 2.3944e+03
 1.0000e+02	 2.3917e+03	 1.6439e+00	 1.3843e-02	 3.2315e+02	 2.4036e+03
 1.5000e+02	 2.3917e+03	 1.6406e+00	 1.4972e-02	 3.2315e+02	 2.4061e+03
 2.2500e+02	 2.3917e+03	 1.6365e+00	 1.7213e-02	 3.2315e+02	 2.4111e+03
 3.3750e+02	 2.3917e+03	 1.6322e+00	 1.9462e-02	 3.2316e+02	 2.4138e+03
 5.0625e+02	 2.3917e+03	 1.6271e+00	 2.2089e-02	 3.2315e+02	 2.4163e+03
 7.5938e+02	 2.3917e+03	 1.6212e+00	 2.4842e-02	 3.2315e+02	 2.4188e+03
 1.1391e+03	 2.3917e+03	 1.6144e+00	 2.7643e-02	 3.2315e+02	 2.4241e+03
 1.7086e+03	 2.3917e+03	 1.6069e+00	 3.0387e-02	 3.2315e+02	 2.4266e+03
 2.5629e+03	 2.3917e+03	 1.5983e+00	 3.2827e-02	 3.2316e+02	 2.4317e+03
 3.8443e+03	 2.3917e+03	 1.5894e+00	 3.4999e-02	 3.2315e+02	 2.4341e+03
 5.7665e+03	 2.3917e+03	 1.5800e+00	 3.7070e-02	 3.2315e+02	 2.4369e+03
 8.6498e+03	 2.3917e+03	 1.5704e+00	 3.9283e-02	 3.2315e+02	 2.4393e+03
 1.2975e+04	 2.3917e+03	 1.5591e+00	 4.1503e-02	 3.2315e+02	 2.4446e+03
 1.9462e+04	 2.3917e+03	 1.5471e+00	 4.3234e-02	 3.2314e+02	 2.4470e+03
 2.9193e+04	 2.3917e+03	 1.5436e+00	 4.1821e-02	 3.2315e+02	 2.4496e+03
 4.3789e+04	 2.3917e+03	 1.5309e+00	 4.0017e-02	 3.2314e+02	 2.4521e+03
 6.5684e+04	 2.3917e+03	 1.5196e+00	 3.6358e-02	 3.2315e+02	 2.4546e+03
 9.8526e+04	 2.3917e+03	 1.5102e+00	 3.2046e-02	 3.2315e+02	 2.4574e+03
 1.4779e+05	 2.3917e+03	 1.5028e+00	 2.7977e-02	 3.2315e+02	 2.4598e+03
 2.2168e+05	 2.3917e+03	 1.4970e+00	 2.4531e-02	 3.2316e+02	 2.4623e+03
 3.3253e+05	 2.3917e+03	 1.4920e+00	 2.1887e-02	 3.2315e+02	 2.4651e+03
 4.9879e+05	 2.3917e+03	 1.4865e+00	 2.0672e-02	 3.2315e+02	 2.4675e+03
 7.4818e+05	 2.3917e+03	 1.4820e+00	 1.9668e-02	 3.2315e+02	 2.4701e+03
 9.0000e+05	 2.3917e+03	 1.4806e+00	 1.9163e-02	 3.2315e+02	 2.4726e+03
 1.0000e+02	 2.4700e+03	 1.6428e+00	 1.3149e-02	 3.2315e+02	 2.4824e+03
 1.5000e+02	 2.4700e+03	 1.6390e+00	 1.4993e-02	 3.2315e+02	 2.4851e+03
 2.2500e+02	 2.4700e+03	 1.6359e+00	 1.7247e-02	 3.2315e+02	 2.4904e+03
 3.3750e+02	 2.4700e+03	 1.6316e+00	 1.9512e-02	 3.2315e+02	 2.4929e+03
 5.0625e+02	 2.4700e+03	 1.6265e+00	 2.2147e-02	 3.2315e+02	 2.4956e+03
 7.5938e+02	 2.4700e+03	 1.6205e+00	 2.4939e-02	 3.2315e+02	 2.4981e+03
 1.1391e+03	 2.4700e+03	 1.6137e+00	 2.7743e-02	 3.2315e+02	 2.5031e+03
 1.7086e+03	 2.4700e+03	 1.6062e+00	 3.0391e-02	 3.2316e+02	 2.5056e+03
 2.5629e+03	 2.4700e+03	 1.5976e+00	 3.2869e-02	 3.2315e+02	 2.5106e+03
 3.8443e+03	 2.4700e+03	 1.5886e+00	 3.5009e-02	 3.2315e+02	 2.5131e+03
 5.7665e+03	 2.4700e+03	 1.5793e+00	 3.7041e-02	 3.2315e+02	 2.5155e+03
 8.6498e+03	 2.4700e+03	 1.5696e+00	 3.9232e-02	 3.2315e+02	 2.5180e+03
 1.2975e+04	 2.4700e+03	 1.5584e+00	 4.1430e-02	 3.2315e+02	 2.5233e+03
 1.9462e+04	 2.4700e+03	 1.5465e+00	 4.3128e-02	 3.2315e+02	 2.5258e+03
 2.9193e+04	 2.4700e+03	 1.5429e+00	 4.1708e-02	 3.2315e+02	 2.5284e+03
 4.3789e+04	 2.4700e+03	 1.5303e+00	 3.9884e-02	 3.2315e+02	 2.5309e+03
 6.5684e+04	 2.4700e+03	 1.5191e+00	 3.6164e-02	 3.2315e+02	 2.5334e+03
 9.8526e+04	 2.4700e+03	 1.5098e+00	 3.1859e-02	 3.2315e+02	 2.5361e+03
 1.4779e+05	 2.4700e+03	 1.5024e+00	 2.7820e-02	 3.2315e+02	 2.5385e+03
 2.2168e+05	 2.4700e+03	 1.4966e+00	 2.4414e-02	 3.2314e+02	 2.5412e+03
 3.3253e+05	 2.4700e+03	 1.4916e+00	 2.1793e-02	 3.2315e+02	 2.5436e+03
 4.9879e+05	 2.4700e+03	 1.4861e+00	 2.0592e-02	 3.2315e+02	 2.5461e+03
 7.4818e+05	 2.4700e+03	 1.4816e+00	 1.9703e-02	 3.2314e+02	 2.5486e+03
 9.0000e+05	 2.4700e+03	 1.4803e+00	 1.9097e-02	 3.2315e+02	 2.5511e+03
 1.0000e+02	 2.5485e+03	 1.6423e+00	 1.3932e-02	 3.2315e+02	 2.5606e+03
 1.5000e+02	 2.5485e+03	 1.6388e+00	 1.5432e-02	 3.2314e+02	 2.5630e+03
 2.2500e+02	 2.5485e+03	 1.6354e+00	 1.7243e-02	 3.2314e+02	 2.5684e+03
 3.3750e+02	 2.5485e+03	 1.6310e+00	 1.9631e-02	 3.2315e+02	 2.5710e+03
 5.0625e+02	 2.5485e+03	 1.6259e+00	 2.2224e-02	 3.2314e+02	 2.5735e+03
 7.5938e+02	 2.5485e+03	 1.6198e+00	 2.4979e-02	 3.2314e+02	 2.5763e+03
 1.1391e+03	 2.5485e+03	 1.6130e+00	 2.7827e-02	 3.2314e+02	 2.5814e+03
 1.7086e+03	 2.5485e+03	 1.6055e+00	 3.0506e-02	 3.2314e+02	 2.5839e+03
 2.5629e+03	 2.5485e+03	 1.5968e+00	 3.2920e-02	 3.2315e+02	 2.5891e+03
 3.8443e+03	 2.5485e+03	 1.5880e+00	 3.5009e-02	 3.2315e+02	 2.5916e+03
 5.7665e+03	 2.5485e+03	 1.5787e+00	 3.7022e-02	 3.2315e+02	 2.5944e+03
 8.6498e+03	 2.5485e+03	 1.5690e+00	 3.9201e-02	 3.2315e+02	 2.5969e+03
 1.2975e+04	 2.5485e+03	 1.5579e+00	 4.1350e-02	 3.2315e+02	 2.6020e+03
 1.9462e+04	 2.5485e+03	 1.5459e+00	 4.3006e-02	 3.2315e+02	 2.6044e+03
 2.9193e+04	 2.5485e+03	 1.5424e+00	 4.1541e-02	 3.2316e+02	 2.6072e+03
 4.3789e+04	 2.5485e+03	 1.5298e+00	 3.9691e-02	 3.2315e+02	 2.6097e+03
 6.5684e+04	 2.5485e+03	 1.5187e+00	 3.5997e-02	 3.2315e+02	 2.6124e+03
 9.8526e+04	 2.5485e+03	 1.5094e+00	 3.1724e-02	 3.2315e+02	 2.6148e+03
 1.4779e+05	 2.5485e+03	 1.5020e+00	 2.7683e-02	 3.2315e+02	 2.6172e+03
 2.2168e+05	 2.5485e+03	 1.4963e+00	 2.4325e-02	 3.2315e+02	 2.6199e+03
 3.3253e+05	 2.5485e+03	 1.4914e+00	 2.1731e-02	 3.2315e+02	 2.6224e+03
 4.9879e+05	 2.5485e+03	 1.4859e+00	 2.0554e-02	 3.2315e+02	 2.6248e+03
 7.4818e+05	 2.5485e+03	 1.4814e+00	 1.9584e-02	 3.2315e+02	 2.6275e+03
 9.0000e+05	 2.5485e+03	 1.4800e+00	 1.9052e-02	 3.2315e+02	 2.6301e+03
 1.0000e+02	 2.6275e+03	 1.6418e+00	 1.3316e-02	 3.2315e+02	 2.6396e+03
 1.5000e+02	 2.6275e+03	 1.6385e+00	 1.5169e-02	 3.2315e+02	 2.6419e+03
 2.2500e+02	 2.6275e+03	 1.6348e+00	 1.7338e-02	 3.2315e+02	 2.6471e+03
 3.3750e+02	 2.6275e+03	 1.6304e+00	 1.9658e-02	 3.2315e+02	 2.6498e+03
 5.0625e+02	 2.6275e+03	 1.6253e+00	 2.2300e-02	 3.2315e+02	 2.6524e+03
 7.5938e+02	 2.6275e+03	 1.6193e+00	 2.5080e-02	 3.2315e+02	 2.6551e+03
 1.1391e+03	 2.6275e+03	 1.6124e+00	 2.7879e-02	 3.2315e+02	 2.6601e+03
 1.7086e+03	 2.6275e+03	 1.6049e+00	 3.0567e-02	 3.2315e+02	 2.6626e+03
 2.5629e+03	 2.6275e+03	 1.5962e+00	 3.2959e-02	 3.2315e+02	 2.6678e+03
 3.8443e+03	 2.6275e+03	 1.5872e+00	 3.5026e-02	 3.2315e+02	 2.6703e+03
 5.7665e+03	 2.6275e+03	 1.5780e+00	 3.7013e-02	 3.2315e+02	 2.6728e+03
 8.6498e+03	 2.6275e+03	 1.5683e+00	 3.9131e-02	 3.2315e+02	 2.6754e+03
 1.2975e+04	 2.6275e+03	 1.5571e+00	 4.1304e-02	 3.2316e+02	 2.6803e+03
 1.9462e+04	 2.6275e+03	 1.5452e+00	 4.2921e-02	 3.2315e+02	 2.6830e+03
 2.9193e+04	 2.6275e+03	 1.5417e+00	 4.1406e-02	 3.2315e+02	 2.6855e+03
 4.3789e+04	 2.6275e+03	 1.5292e+00	 3.9510e-02	 3.2315e+02	 2.6881e+03
 6.5684e+04	 2.6275e+03	 1.5182e+00	 3.5816e-02	 3.2316e+02	 2.6905e+03
 9.8526e+04	 2.6275e+03	 1.5090e+00	 3.1524e-02	 3.2315e+02	 2.6933e+03
 1.4779e+05	 2.6275e+03	 1.5017e+00	 2.7587e-02	 3.2315e+02	 2.6958e+03
 2.2168e+05	 2.6275e+03	 1.4959e+00	 2.4181e-02	 3.2315e+02	 2.6986e+03
 3.3253e+05	 2.6275e+03	 1.4910e+00	 2.1601e-02	 3.2315e+02	 2.7012e+03
 4.9879e+05	 2.6275e+03	 1.4856e+00	 2.0446e-02	 3.2315e+02	 2.7039e+03
 7.4818e+05	 2.6275e+03	 1.4810e+00	 1.9500e-02	 3.2315e+02	 2.7064e+03
 9.0000e+05	 2.6275e+03	 1.4797e+00	 1.9013e-02	 3.2315e+02	 2.7093e+03
 1.0000e+02	 2.7067e+03	 1.6420e+00	 1.3480e-02	 3.2315e+02	 2.7186e+03
 1.5000e+02	 2.7067e+03	 1.6382e+00	 1.4923e-02	 3.2315e+02	 2.7211e+03
 2.2500e+02	 2.7067e+03	 1.6345e+00	 1.7484e-02	 3.2315e+02	 2.7264e+03
 3.3750e+02	 2.7067e+03	 1.6300e+00	 1.9754e-02	 3.2315e+02	 2.7288e+03
 5.0625e+02	 2.7067e+03	 1.6248e+00	 2.2398e-02	 3.2315e+02	 2.7313e+03
 7.5938e+02	 2.7067e+03	 1.6187e+00	 2.5229e-02	 3.2315e+02	 2.7339e+03
 1.1391e+03	 2.7067e+03	 1.6119e+00	 2.7942e-02	 3.2314e+02	 2.7393e+03
 1.7086e+03	 2.7067e+03	 1.6043e+00	 3.0615e-02	 3.2314e+02	 2.7418e+03
 2.5629e+03	 2.7067e+03	 1.5956e+00	 3.2894e-02	 3.2313e+02	 2.7468e+03
 3.8443e+03	 2.7067e+03	 1.5866e+00	 3.4986e-02	 3.2313e+02	 2.7493e+03
 5.7665e+03	 2.7067e+03	 1.5774e+00	 3.7024e-02	 3.2313e+02	 2.7521e+03
 8.6498e+03	 2.7067e+03	 1.5677e+00	 3.9116e-02	 3.2313e+02	 2.7545e+03
 1.2975e+04	 2.7067e+03	 1.5565e+00	 4.1213e-02	 3.2313e+02	 2.7597e+03
 1.9462e+04	 2.7067e+03	 1.5446e+00	 4.2818e-02	 3.2313e+02	 2.7621e+03
 2.9193e+04	 2.7067e+03	 1.5411e+00	 4.1266e-02	 3.2313e+02	 2.7648e+03
 4.3789e+04	 2.7067e+03	 1.5287e+00	 3.9376e-02	 3.2313e+02	 2.7673e+03
 6.5684e+04	 2.7067e+03	 1.5177e+00	 3.5636e-02	 3.2313e+02	 2.7698e+03
 9.8526e+04	 2.7067e+03	 1.5086e+00	 3.1429e-02	 3.2313e+02	 2.7723e+03
 1.4779e+05	 2.7067e+03	 1.5014e+00	 2.7437e-02	 3.2313e+02	 2.7748e+03
 2.2168e+05	 2.7067e+03	 1.4958e+00	 2.4100e-02	 3.2313e+02	 2.7776e+03
 3.3253e+05	 2.7067e+03	 1.4909e+00	 2.1520e-02	 3.2313e+02	 2.7800e+03
 4.9879e+05	 2.7067e+03	 1.4855e+00	 2.0361e-02	 3.2313e+02	 2.7825e+03
 7.4818e+05	 2.7067e+03	 1.4810e+00	 1.9427e-02	 3.2313e+02	 2.7851e+03
 9.0000e+05	 2.7067e+03	 1.4797e+00	 1.8955e-02	 3.2313e+02	 2.7876e+03
 1.0000e+02	 2.7850e+03	 1.6412e+00	 1.3345e-02	 3.2313e+02	 2.7970e+03
 1.5000e+02	 2.7850e+03	 1.6387e+00	 1.5072e-02	 3.2314e+02	 2.7993e+03
 2.2500e+02	 2.7850e+03	 1.6344e+00	 1.7456e-02	 3.2314e+02	 2.8045e+03
 3.3750e+02	 2.7850e+03	 1.6299e+00	 1.9817e-02	 3.2314e+02	 2.8070e+03
 5.0625e+02	 2.7850e+03	 1.6247e+00	 2.2483e-02	 3.2315e+02	 2.8096e+03
 7.5938e+02	 2.7850e+03	 1.6186e+00	 2.5268e-02	 3.2315e+02	 2.8121e+03
 1.1391e+03	 2.7850e+03	 1.6117e+00	 2.8068e-02	 3.2316e+02	 2.8172e+03
 1.7086e+03	 2.7850e+03	 1.6041e+00	 3.0680e-02	 3.2315e+02	 2.8198e+03
 2.5629e+03	 2.7850e+03	 1.5954e+00	 3.2954e-02	 3.2316e+02	 2.8251e+03
 3.8443e+03	 2.7850e+03	 1.5864e+00	 3.4980e-02	 3.2315e+02	 2.8278e+03
 5.7665e+03	 2.7850e+03	 1.5771e+00	 3.6931e-02	 3.2316e+02	 2.8303e+03
 8.6498e+03	 2.7850e+03	 1.5675e+00	 3.9075e-02	 3.2316e+02	 2.8331e+03
 1.2975e+04	 2.7850e+03	 1.5563e+00	 4.1133e-02	 3.2316e+02	 2.8384e+03
 1.9462e+04	 2.7850e+03	 1.5444e+00	 4.2698e-02	 3.2316e+02	 2.8408e+03
 2.9193e+04	 2.7850e+03	 1.5409e+00	 4.1126e-02	 3.2316e+02	 2.8432e+03
 4.3789e+04	 2.7850e+03	 1.5285e+00	 3.9222e-02	 3.2317e+02	 2.8460e+03
 6.5684e+04	 2.7850e+03	 1.5176e+00	 3.5515e-02	 3.2316e+02	 2.8485e+03
 9.8526e+04	 2.7850e+03	 1.5085e+00	 3.1310e-02	 3.2317e+02	 2.8513e+03
 1.4779e+05	 2.7850e+03	 1.5011e+00	 2.7351e-02	 3.2317e+02	 2.8538e+03
 2.2168e+05	 2.7850e+03	 1.4955e+00	 2.4007e-02	 3.2316e+02	 2.8566e+03
 3.3253e+05	 2.7850e+03	 1.4906e+00	 2.1489e-02	 3.2316e+02	 2.8591e+03
 4.9879e+05	 2.7850e+03	 1.4852e+00	 2.0307e-02	 3.2317e+02	 2.8615e+03
 7.4818e+05	 2.7850e+03	 1.4806e+00	 1.9461e-02	 3.2317e+02	 2.8641e+03
 9.0000e+05	 2.7850e+03	 1.4793e+00	 1.8848e-02	 3.2317e+02	 2.8666e+03
 1.0000e+02	 2.8640e+03	 1.6406e+00	 1.3449e-02	 3.2316e+02	 2.8761e+03
 1.5000e+02	 2.8640e+03	 1.6378e+00	 1.5854e-02	 3.2316e+02	 2.8785e+03
 2.2500e+02	 2.8640e+03	 1.6335e+00	 1.7482e-02	 3.2317e+02	 2.8836e+03
 3.3750e+02	 2.8640e+03	 1.6291e+00	 1.9926e-02	 3.2317e+02	 2.8863e+03
 5.0625e+02	 2.8640e+03	 1.6238e+00	 2.2506e-02	 3.2316e+02	 2.8888e+03
 7.5938e+02	 2.8640e+03	 1.6177e+00	 2.5348e-02	 3.2316e+02	 2.8913e+03
 1.1391e+03	 2.8640e+03	 1.6107e+00	 2.8135e-02	 3.2316e+02	 2.8965e+03
 1.7086e+03	 2.8640e+03	 1.6031e+00	 3.0694e-02	 3.2316e+02	 2.8991e+03
 2.5629e+03	 2.8640e+03	 1.5944e+00	 3.2941e-02	 3.2316e+02	 2.9040e+03
 3.8443e+03	 2.8640e+03	 1.5854e+00	 3.4968e-02	 3.2316e+02	 2.9066e+03
 5.7665e+03	 2.8640e+03	 1.5762e+00	 3.6909e-02	 3.2316e+02	 2.9090e+03
 8.6498e+03	 2.8640e+03	 1.5665e+00	 3.9020e-02	 3.2316e+02	 2.9119e+03
 1.2975e+04	 2.8640e+03	 1.5554e+00	 4.1076e-02	 3.2315e+02	 2.9172e+03
 1.9462e+04	 2.8640e+03	 1.5526e+00	 4.0864e-02	 3.2315e+02	 2.9197e+03
 2.9193e+04	 2.8640e+03	 1.5400e+00	 4.0979e-02	 3.2315e+02	 2.9224e+03
 4.3789e+04	 2.8640e+03	 1.5277e+00	 3.9030e-02	 3.2315e+02	 2.9249e+03
 6.5684e+04	 2.8640e+03	 1.5168e+00	 3.5361e-02	 3.2315e+02	 2.9274e+03
 9.8526e+04	 2.8640e+03	 1.5077e+00	 3.1158e-02	 3.2315e+02	 2.9300e+03
 1.4779e+05	 2.8640e+03	 1.5005e+00	 2.7239e-02	 3.2315e+02	 2.9325e+03
 2.2168e+05	 2.8640e+03	 1.4949e+00	 2.3911e-02	 3.2315e+02	 2.9351e+03
 3.3253e+05	 2.8640e+03	 1.4900e+00	 2.1373e-02	 3.2315e+02	 2.9376e+03
 4.9879e+05	 2.8640e+03	 1.4846e+00	 2.0308e-02	 3.2315e+02	 2.9401e+03
 7.4818e+05	 2.8640e+03	 1.4802e+00	 1.9312e-02	 3.2315e+02	 2.9428e+03
 9.0000e+05	 2.8640e+03	 1.4788e+00	 1.8865e-02	 3.2315e+02	 2.9454e+03
 1.0000e+02	 2.9428e+03	 1.6407e+00	 1.4184e-02	 3.2315e+02	 2.9550e+03
 1.5000e+02	 2.9428e+03	 1.6359e+00	 1.5702e-02	 3.2315e+02	 2.9577e+03
 2.2500e+02	 2.9428e+03	 1.6330e+00	 1.7734e-02	 3.2316e+02	 2.9629e+03
 3.3750e+02	 2.9428e+03	 1.6285e+00	 1.9963e-02	 3.2315e+02	 2.9654e+03
 5.0625e+02	 2.9428e+03	 1.6233e+00	 2.2554e-02	 3.2315e+02	 2.9679e+03
 7.5938e+02	 2.9428e+03	 1.6171e+00	 2.5434e-02	 3.2316e+02	 2.9703e+03
 1.1391e+03	 2.9428e+03	 1.6102e+00	 2.8151e-02	 3.2316e+02	 2.9753e+03
 1.7086e+03	 2.9428e+03	 1.6025e+00	 3.0729e-02	 3.2316e+02	 2.9780e+03
 2.5629e+03	 2.9428e+03	 1.5938e+00	 3.3006e-02	 3.2315e+02	 2.9832e+03
 3.8443e+03	 2.9428e+03	 1.5848e+00	 3.4968e-02	 3.2316e+02	 2.9857e+03
 5.7665e+03	 2.9428e+03	 1.5755e+00	 3.6898e-02	 3.2315e+02	 2.9883e+03
 8.6498e+03	 2.9428e+03	 1.5659e+00	 3.8957e-02	 3.2316e+02	 2.9908e+03
 1.2975e+04	 2.9428e+03	 1.5548e+00	 4.1006e-02	 3.2315e+02	 2.9959e+03
 1.9462e+04	 2.9428e+03	 1.5520e+00	 4.0804e-02	 3.2315e+02	 2.9984e+03
 2.9193e+04	 2.9428e+03	 1.5394e+00	 4.0854e-02	 3.2315e+02	 3.0011e+03
 4.3789e+04	 2.9428e+03	 1.5271e+00	 3.8907e-02	 3.2315e+02	 3.0036e+03
 6.5684e+04	 2.9428e+03	 1.5163e+00	 3.5201e-02	 3.2315e+02	 3.0064e+03
 9.8526e+04	 2.9428e+03	 1.5073e+00	 3.1031e-02	 3.2316e+02	 3.0089e+03
 1.4779e+05	 2.9428e+03	 1.5002e+00	 2.7135e-02	 3.2315e+02	 3.0113e+03
 2.2168e+05	 2.9428e+03	 1.4945e+00	 2.3862e-02	 3.2315e+02	 3.0140e+03
 3.3253e+05	 2.9428e+03	 1.4897e+00	 2.1329e-02	 3.2315e+02	 3.0165e+03
 4.9879e+05	 2.9428e+03	 1.4843e+00	 2.0217e-02	 3.2315e+02	 3.0194e+03
 7.4818e+05	 2.9428e+03	 1.4798e+00	 1.9276e-02	 3.2314e+02	 3.0218e+03
 9.0000e+05	 2.9428e+03	 1.4785e+00	 1.8784e-02	 3.2314e+02	 3.0244e+03
 1.0000e+02	 3.0217e+03	 1.6403e+00	 1.3754e-02	 3.2314e+02	 3.0336e+03
 1.5000e+02	 3.0217e+03	 1.6365e+00	 1.5066e-02	 3.2315e+02	 3.0363e+03
 2.2500e+02	 3.0217e+03	 1.6326e+00	 1.7618e-02	 3.2315e+02	 3.0416e+03
 3.3750e+02	 3.0217e+03	 1.6281e+00	 2.0027e-02	 3.2315e+02	 3.0440e+03
 5.0625e+02	 3.0217e+03	 1.6228e+00	 2.2736e-02	 3.2315e+02	 3.0468e+03
 7.5938e+02	 3.0217e+03	 1.6166e+00	 2.5480e-02	 3.2315e+02	 3.0492e+03
 1.1391e+03	 3.0217e+03	 1.6096e+00	 2.8217e-02	 3.2315e+02	 3.0544e+03
 1.7086e+03	 3.0217e+03	 1.6020e+00	 3.0803e-02	 3.2315e+02	 3.0569e+03
 2.5629e+03	 3.0217e+03	 1.5932e+00	 3.2983e-02	 3.2315e+02	 3.0621e+03
 3.8443e+03	 3.0217e+03	 1.5843e+00	 3.4934e-02	 3.2315e+02	 3.0649e+03
 5.7665e+03	 3.0217e+03	 1.5750e+00	 3.6892e-02	 3.2315e+02	 3.0673e+03
 8.6498e+03	 3.0217e+03	 1.5654e+00	 3.8916e-02	 3.2315e+02	 3.0698e+03
 1.2975e+04	 3.0217e+03	 1.5543e+00	 4.0951e-02	 3.2315e+02	 3.0748e+03
 1.9462e+04	 3.0217e+03	 1.5514e+00	 4.0677e-02	 3.2315e+02	 3.0776e+03
 2.9193e+04	 3.0217e+03	 1.5389e+00	 4.0753e-02	 3.2315e+02	 3.0801e+03
 4.3789e+04	 3.0217e+03	 1.5267e+00	 3.8747e-02	 3.2315e+02	 3.0826e+03
 6.5684e+04	 3.0217e+03	 1.5160e+00	 3.5057e-02	 3.2315e+02	 3.0851e+03
 9.8526e+04	 3.0217e+03	 1.5070e+00	 3.0905e-02	 3.2316e+02	 3.0876e+03
 1.4779e+05	 3.0217e+03	 1.4998e+00	 2.7044e-02	 3.2315e+02	 3.0903e+03
 2.2168e+05	 3.0217e+03	 1.4943e+00	 2.3772e-02	 3.2316e+02	 3.0929e+03
 3.3253e+05	 3.0217e+03	 1.4894e+00	 2.1261e-02	 3.2315e+02	 3.0956e+03
 4.9879e+05	 3.0217e+03	 1.4841e+00	 2.0106e-02	 3.2315e+02	 3.0981e+03
 7.4818e+05	 3.0217e+03	 1.4796e+00	 1.9269e-02	 3.2315e+02	 3.1009e+03
 9.0000e+05	 3.0217e+03	 1.4783e+00	 1.8702e-02	 3.2315e+02	 3.1034e+03
 1.0000e+02	 3.1008e+03	 1.6397e+00	 1.3618e-02	 3.2315e+02	 3.1128e+03
 1.5000e+02	 3.1008e+03	 1.6356e+00	 1.6416e-02	 3.2315e+02	 3.1152e+03
 2.2500e+02	 3.1008e+03	 1.6321e+00	 1.7683e-02	 3.2315e+02	 3.1204e+03
 3.3750e+02	 3.1008e+03	 1.6275e+00	 2.0147e-02	 3.2315e+02	 3.1229e+03
 5.0625e+02	 3.1008e+03	 1.6222e+00	 2.2796e-02	 3.2315e+02	 3.1256e+03
 7.5938e+02	 3.1008e+03	 1.6160e+00	 2.5540e-02	 3.2315e+02	 3.1281e+03
 1.1391e+03	 3.1008e+03	 1.6089e+00	 2.8305e-02	 3.2316e+02	 3.1332e+03
 1.7086e+03	 3.1008e+03	 1.6013e+00	 3.0761e-02	 3.2314e+02	 3.1356e+03
 2.5629e+03	 3.1008e+03	 1.5925e+00	 3.3005e-02	 3.2316e+02	 3.1407e+03
 3.8443e+03	 3.1008e+03	 1.5836e+00	 3.4965e-02	 3.2315e+02	 3.1431e+03
 5.7665e+03	 3.1008e+03	 1.5744e+00	 3.6845e-02	 3.2315e+02	 3.1458e+03
 8.6498e+03	 3.1008e+03	 1.5648e+00	 3.8872e-02	 3.2315e+02	 3.1482e+03
 1.2975e+04	 3.1008e+03	 1.5536e+00	 4.0864e-02	 3.2315e+02	 3.1535e+03
 1.9462e+04	 3.1008e+03	 1.5508e+00	 4.0604e-02	 3.2316e+02	 3.1561e+03
 2.9193e+04	 3.1008e+03	 1.5383e+00	 4.0592e-02	 3.2315e+02	 3.1586e+03
 4.3789e+04	 3.1008e+03	 1.5262e+00	 3.8621e-02	 3.2315e+02	 3.1610e+03
 6.5684e+04	 3.1008e+03	 1.5155e+00	 3.4928e-02	 3.2315e+02	 3.1637e+03
 9.8526e+04	 3.1008e+03	 1.5066e+00	 3.0804e-02	 3.2315e+02	 3.1661e+03
 1.4779e+05	 3.1008e+03	 1.4995e+00	 2.6927e-02	 3.2315e+02	 3.1686e+03
 2.2168e+05	 3.1008e+03	 1.4939e+00	 2.3652e-02	 3.2315e+02	 3.1714e+03
 3.3253e+05	 3.1008e+03	 1.4891e+00	 2.1181e-02	 3.2315e+02	 3.1739e+03
 4.9879e+05	 3.1008e+03	 1.4837e+00	 2.0114e-02	 3.2315e+02	 3.1766e+03
 7.4818e+05	 3.1008e+03	 1.4792e+00	 1.9097e-02	 3.2315e+02	 3.1791e+03
 9.0000e+05	 3.1008e+03	 1.4779e+00	 1.8732e-02	 3.2316e+02	 3.1819e+03
 1.0000e+02	 3.1792e+03	 1.6386e+00	 1.3739e-02	 3.2315e+02	 3.1910e+03
 1.5000e+02	 3.1792e+03	 1.6348e+00	 1.5253e-02	 3.2315e+02	 3.1936e+03
 2.2500e+02	 3.1792e+03	 1.6317e+00	 1.7845e-02	 3.2315e+02	 3.1991e+03
 3.3750e+02	 3.1792e+03	 1.6271e+00	 2.0255e-02	 3.2315e+02	 3.2016e+03
 5.0625e+02	 3.1792e+03	 1.6218e+00	 2.2864e-02	 3.2316e+02	 3.2044e+03
 7.5938e+02	 3.1792e+03	 1.6155e+00	 2.5636e-02	 3.2315e+02	 3.2069e+03
 1.1391e+03	 3.1792e+03	 1.6084e+00	 2.8309e-02	 3.2315e+02	 3.2123e+03
 1.7086e+03	 3.1792e+03	 1.6007e+00	 3.0854e-02	 3.2315e+02	 3.2151e+03
 2.5629e+03	 3.1792e+03	 1.5920e+00	 3.3045e-02	 3.2315e+02	 3.2202e+03
 3.8443e+03	 3.1792e+03	 1.5830e+00	 3.4946e-02	 3.2315e+02	 3.2226e+03
 5.7665e+03	 3.1792e+03	 1.5737e+00	 3.6838e-02	 3.2315e+02	 3.2251e+03
 8.6498e+03	 3.1792e+03	 1.5642e+00	 3.8804e-02	 3.2315e+02	 3.2277e+03
 1.2975e+04	 3.1792e+03	 1.5531e+00	 4.0798e-02	 3.2315e+02	 3.2326e+03
 1.9462e+04	 3.1792e+03	 1.5502e+00	 4.0492e-02	 3.2315e+02	 3.2354e+03
 2.9193e+04	 3.1792e+03	 1.5378e+00	 4.0484e-02	 3.2315e+02	 3.2379e+03
 4.3789e+04	 3.1792e+03	 1.5257e+00	 3.8473e-02	 3.2314e+02	 3.2404e+03
 6.5684e+04	 3.1792e+03	 1.5151e+00	 3.4764e-02	 3.2315e+02	 3.2431e+03
 9.8526e+04	 3.1792e+03	 1.5063e+00	 3.0667e-02	 3.2315e+02	 3.2459e+03
 1.4779e+05	 3.1792e+03	 1.4991e+00	 2.6795e-02	 3.2315e+02	 3.2483e+03
 2.2168e+05	 3.1792e+03	 1.4936e+00	 2.3571e-02	 3.2316e+02	 3.2509e+03
 3.3253e+05	 3.1792e+03	 1.4888e+00	 2.1114e-02	 3.2315e+02	 3.2535e+03
 4.9879e+05	 3.1792e+03	 1.4834e+00	 1.9987e-02	 3.2315e+02	 3.2560e+03
 7.4818e+05	 3.1792e+03	 1.4790e+00	 1.9098e-02	 3.2315e+02	 3.2588e+03
 9.0000e+05	 3.1792e+03	 1.4777e+00	 1.8661e-02	 3.2316e+02	 3.2614e+03
 1.0000e+02	 3.2587e+03	 1.6390e+00	 1.4066e-02	 3.2315e+02	 3.2707e+03
 1.5000e+02	 3.2587e+03	 1.6356e+00	 1.6719e-02	 3.2316e+02	 3.2731e+03
 2.2500e+02	 3.2587e+03	 1.6313e+00	 1.7929e-02	 3.2315e+02	 3.2781e+03
 3.3750e+02	 3.2587e+03	 1.6266e+00	 2.0274e-02	 3.2315e+02	 3.2806e+03
 5.0625e+02	 3.2587e+03	 1.6213e+00	 2.2942e-02	 3.2314e+02	 3.2833e+03
 7.5938e+02	 3.2587e+03	 1.6149e+00	 2.5701e-02	 3.2315e+02	 3.2858e+03
 1.1391e+03	 3.2587e+03	 1.6079e+00	 2.8436e-02	 3.2315e+02	 3.2911e+03
 1.7086e+03	 3.2587e+03	 1.6001e+00	 3.0913e-02	 3.2315e+02	 3.2939e+03
 2.5629e+03	 3.2587e+03	 1.5915e+00	 3.3044e-02	 3.2315e+02	 3.2992e+03
 3.8443e+03	 3.2587e+03	 1.5825e+00	 3.4926e-02	 3.2315e+02	 3.3016e+03
 5.7665e+03	 3.2587e+03	 1.5732e+00	 3.6785e-02	 3.2315e+02	 3.3041e+03
 8.6498e+03	 3.2587e+03	 1.5637e+00	 3.8772e-02	 3.2315e+02	 3.3066e+03
 1.2975e+04	 3.2587e+03	 1.5526e+00	 4.0750e-02	 3.2315e+02	 3.3119e+03
 1.9462e+04	 3.2587e+03	 1.5497e+00	 4.0394e-02	 3.2315e+02	 3.3143e+03
 2.9193e+04	 3.2587e+03	 1.5374e+00	 4.0358e-02	 3.2315e+02	 3.3168e+03
 4.3789e+04	 3.2587e+03	 1.5253e+00	 3.8328e-02	 3.2315e+02	 3.3196e+03
 6.5684e+04	 3.2587e+03	 1.5148e+00	 3.4634e-02	 3.2315e+02	 3.3221e+03
 9.8526e+04	 3.2587e+03	 1.5060e+00	 3.0573e-02	 3.2315e+02	 3.3249e+03
 1.4779e+05	 3.2587e+03	 1.4988e+00	 2.6714e-02	 3.2315e+02	 3.3274e+03
 2.2168e+05	 3.2587e+03	 1.4933e+00	 2.3497e-02	 3.2315e+02	 3.3301e+03
 3.3253e+05	 3.2587e+03	 1.4884e+00	 2.1107e-02	 3.2315e+02	 3.3326e+03
 4.9879e+05	 3.2587e+03	 1.4831e+00	 1.9980e-02	 3.2315e+02	 3.3354e+03
 7.4818e+05	 3.2587e+03	 1.4786e+00	 1.9106e-02	 3.2315e+02	 3.3379e+03
 9.0000e+05	 3.2587e+03	 1.4773e+00	 1.8631e-02	 3.2314e+02	 3.3407e+03
 1.0000e+02	 3.3380e+03	 1.6383e+00	 1.4405e-02	 3.2315e+02	 3.3498e+03
 1.5000e+02	 3.3380e+03	 1.6330e+00	 1.6351e-02	 3.2314e+02	 3.3523e+03
 2.2500e+02	 3.3380e+03	 1.6308e+00	 1.8039e-02	 3.2315e+02	 3.3573e+03
 3.3750e+02	 3.3380e+03	 1.6261e+00	 2.0349e-02	 3.2315e+02	 3.3598e+03
 5.0625e+02	 3.3380e+03	 1.6208e+00	 2.3045e-02	 3.2315e+02	 3.3623e+03
 7.5938e+02	 3.3380e+03	 1.6145e+00	 2.5748e-02	 3.2315e+02	 3.3651e+03
 1.1391e+03	 3.3380e+03	 1.6074e+00	 2.8455e-02	 3.2315e+02	 3.3704e+03
 1.7086e+03	 3.3380e+03	 1.5997e+00	 3.0970e-02	 3.2315e+02	 3.3728e+03
 2.5629e+03	 3.3380e+03	 1.5909e+00	 3.3041e-02	 3.2315e+02	 3.3780e+03
 3.8443e+03	 3.3380e+03	 1.5820e+00	 3.4900e-02	 3.2314e+02	 3.3805e+03
 5.7665e+03	 3.3380e+03	 1.5727e+00	 3.6794e-02	 3.2315e+02	 3.3834e+03
 8.6498e+03	 3.3380e+03	 1.5632e+00	 3.8776e-02	 3.2315e+02	 3.3858e+03
 1.2975e+04	 3.3380e+03	 1.5521e+00	 4.0649e-02	 3.2315e+02	 3.3911e+03
 1.9462e+04	 3.3380e+03	 1.5492e+00	 4.0320e-02	 3.2315e+02	 3.3935e+03
 2.9193e+04	 3.3380e+03	 1.5369e+00	 4.0215e-02	 3.2315e+02	 3.3960e+03
 4.3789e+04	 3.3380e+03	 1.5249e+00	 3.8188e-02	 3.2315e+02	 3.3985e+03
 6.5684e+04	 3.3380e+03	 1.5144e+00	 3.4524e-02	 3.2315e+02	 3.4013e+03
 9.8526e+04	 3.3380e+03	 1.5056e+00	 3.0455e-02	 3.2316e+02	 3.4038e+03
 1.4779e+05	 3.3380e+03	 1.4985e+00	 2.6639e-02	 3.2315e+02	 3.4066e+03
 2.2168e+05	 3.3380e+03	 1.4930e+00	 2.3445e-02	 3.2315e+02	 3.4092e+03
 3.3253e+05	 3.3380e+03	 1.4882e+00	 2.1081e-02	 3.2315e+02	 3.4119e+03
 4.9879e+05	 3.3380e+03	 1.4828e+00	 1.9986e-02	 3.2315e+02	 3.4144e+03
 7.4818e+05	 3.3380e+03	 1.4784e+00	 1.9066e-02	 3.2315e+02	 3.4171e+03
 9.0000e+05	 3.3380e+03	 1.4771e+00	 1.8603e-02	 3.2315e+02	 3.4197e+03
 1.0000e+02	 3.4170e+03	 1.6382e+00	 1.4198e-02	 3.2315e+02	 3.4289e+03
 1.5000e+02	 3.4170e+03	 1.6355e+00	 1.6275e-02	 3.2314e+02	 3.4313e+03
 2.2500e+02	 3.4170e+03	 1.6305e+00	 1.7999e-02	 3.2314e+02	 3.4365e+03
 3.3750e+02	 3.4170e+03	 1.6258e+00	 2.0432e-02	 3.2315e+02	 3.4391e+03
 5.0625e+02	 3.4170e+03	 1.6203e+00	 2.3100e-02	 3.2315e+02	 3.4419e+03
 7.5938e+02	 3.4170e+03	 1.6140e+00	 2.5887e-02	 3.2315e+02	 3.4444e+03
 1.1391e+03	 3.4170e+03	 1.6069e+00	 2.8526e-02	 3.2315e+02	 3.4496e+03
 1.7086e+03	 3.4170e+03	 1.5992e+00	 3.0941e-02	 3.2315e+02	 3.4524e+03
 2.5629e+03	 3.4170e+03	 1.5904e+00	 3.3088e-02	 3.2315e+02	 3.4576e+03
 3.8443e+03	 3.4170e+03	 1.5815e+00	 3.4949e-02	 3.2316e+02	 3.4601e+03
 5.7665e+03	 3.4170e+03	 1.5722e+00	 3.6762e-02	 3.2315e+02	 3.4626e+03
 8.6498e+03	 3.4170e+03	 1.5627e+00	 3.8682e-02	 3.2315e+02	 3.4651e+03
 1.2975e+04	 3.4170e+03	 1.5516e+00	 4.0614e-02	 3.2315e+02	 3.4703e+03
 1.9462e+04	 3.4170e+03	 1.5487e+00	 4.0220e-02	 3.2315e+02	 3.4728e+03
 2.9193e+04	 3.4170e+03	 1.5364e+00	 4.0101e-02	 3.2315e+02	 3.4752e+03
 4.3789e+04	 3.4170e+03	 1.5245e+00	 3.8049e-02	 3.2315e+02	 3.4778e+03
 6.5684e+04	 3.4170e+03	 1.5140e+00	 3.4376e-02	 3.2316e+02	 3.4804e+03
 9.8526e+04	 3.4170e+03	 1.5052e+00	 3.0350e-02	 3.2315e+02	 3.4831e+03
 1.4779e+05	 3.4170e+03	 1.4982e+00	 2.6552e-02	 3.2315e+02	 3.4856e+03
 2.2168e+05	 3.4170e+03	 1.4927e+00	 2.3365e-02	 3.2315e+02	 3.4884e+03
 3.3253e+05	 3.4170e+03	 1.4879e+00	 2.0908e-02	 3.2315e+02	 3.4908e+03
 4.9879e+05	 3.4170e+03	 1.4825e+00	 1.9893e-02	 3.2315e+02	 3.4936e+03
 7.4818e+05	 3.4170e+03	 1.4781e+00	 1.9042e-02	 3.2315e+02	 3.4961e+03
 9.0000e+05	 3.4170e+03	 1.4768e+00	 1.8527e-02	 3.2315e+02	 3.4989e+03
 1.0000e+02	 3.4962e+03	 1.6378e+00	 1.4313e-02	 3.2314e+02	 3.5081e+03
 1.5000e+02	 3.4962e+03	 1.6342e+00	 1.6950e-02	 3.2315e+02	 3.5105e+03
 2.2500e+02	 3.4962e+03	 1.6299e+00	 1.8050e-02	 3.2315e+02	 3.5159e+03
 3.3750e+02	 3.4962e+03	 1.6253e+00	 2.0471e-02	 3.2315e+02	 3.5185e+03
 5.0625e+02	 3.4962e+03	 1.6199e+00	 2.3140e-02	 3.2315e+02	 3.5214e+03
 7.5938e+02	 3.4962e+03	 1.6135e+00	 2.5890e-02	 3.2315e+02	 3.5239e+03
 1.1391e+03	 3.4962e+03	 1.6064e+00	 2.8538e-02	 3.2315e+02	 3.5291e+03
 1.7086e+03	 3.4962e+03	 1.5986e+00	 3.0983e-02	 3.2315e+02	 3.5321e+03
 2.5629e+03	 3.4962e+03	 1.5899e+00	 3.3074e-02	 3.2315e+02	 3.5373e+03
 3.8443e+03	 3.4962e+03	 1.5809e+00	 3.4908e-02	 3.2314e+02	 3.5399e+03
 5.7665e+03	 3.4962e+03	 1.5717e+00	 3.6717e-02	 3.2315e+02	 3.5428e+03
 8.6498e+03	 3.4962e+03	 1.5622e+00	 3.8652e-02	 3.2315e+02	 3.5452e+03
 1.2975e+04	 3.4962e+03	 1.5511e+00	 4.0550e-02	 3.2315e+02	 3.5506e+03
 1.9462e+04	 3.4962e+03	 1.5482e+00	 4.0152e-02	 3.2315e+02	 3.5533e+03
 2.9193e+04	 3.4962e+03	 1.5359e+00	 3.9984e-02	 3.2314e+02	 3.5558e+03
 4.3789e+04	 3.4962e+03	 1.5240e+00	 3.7931e-02	 3.2314e+02	 3.5582e+03
 6.5684e+04	 3.4962e+03	 1.5136e+00	 3.4279e-02	 3.2315e+02	 3.5608e+03
 9.8526e+04	 3.4962e+03	 1.5049e+00	 3.0222e-02	 3.2315e+02	 3.5633e+03
 1.4779e+05	 3.4962e+03	 1.4980e+00	 2.6426e-02	 3.2314e+02	 3.5661e+03
 2.2168e+05	 3.4962e+03	 1.4924e+00	 2.3312e-02	 3.2315e+02	 3.5686e+03
 3.3253e+05	 3.4962e+03	 1.4877e+00	 2.0884e-02	 3.2315e+02	 3.5714e+03
 4.9879e+05	 3.4962e+03	 1.4823e+00	 1.9851e-02	 3.2315e+02	 3.5738e+03
 7.4818e+05	 3.4962e+03	 1.4780e+00	 1.8994e-02	 3.2315e+02	 3.5762e+03
 9.0000e+05	 3.4962e+03	 1.4767e+00	 1.8497e-02	 3.2315e+02	 3.5789e+03
 1.0000e+02	 3.5762e+03	 1.6372e+00	 1.3732e-02	 3.2315e+02	 3.5884e+03
 1.5000e+02	 3.5762e+03	 1.6332e+00	 1.5764e-02	 3.2315e+02	 3.5909e+03
 2.2500e+02	 3.5762e+03	 1.6296e+00	 1.8173e-02	 3.2315e+02	 3.5960e+03
 3.3750e+02	 3.5762e+03	 1.6250e+00	 2.0544e-02	 3.2315e+02	 3.5985e+03
 5.0625e+02	 3.5762e+03	 1.6196e+00	 2.3247e-02	 3.2315e+02	 3.6011e+03
 7.5938e+02	 3.5762e+03	 1.6131e+00	 2.5936e-02	 3.2315e+02	 3.6036e+03
 1.1391e+03	 3.5762e+03	 1.6060e+00	 2.8638e-02	 3.2315e+02	 3.6088e+03
 1.7086e+03	 3.5762e+03	 1.5982e+00	 3.1003e-02	 3.2315e+02	 3.6112e+03
 2.5629e+03	 3.5762e+03	 1.5895e+00	 3.3090e-02	 3.2315e+02	 3.6164e+03
 3.8443e+03	 3.5762e+03	 1.5806e+00	 3.4894e-02	 3.2315e+02	 3.6192e+03
 5.7665e+03	 3.5762e+03	 1.5713e+00	 3.6705e-02	 3.2315e+02	 3.6216e+03
 8.6498e+03	 3.5762e+03	 1.5618e+00	 3.8600e-02	 3.2315e+02	 3.6241e+03
 1.2975e+04	 3.5762e+03	 1.5508e+00	 4.0481e-02	 3.2315e+02	 3.6291e+03
 1.9462e+04	 3.5762e+03	 1.5479e+00	 4.0034e-02	 3.2315e+02	 3.6318e+03
 2.9193e+04	 3.5762e+03	 1.5356e+00	 3.9872e-02	 3.2315e+02	 3.6343e+03
 4.3789e+04	 3.5762e+03	 1.5237e+00	 3.7813e-02	 3.2315e+02	 3.6371e+03
 6.5684e+04	 3.5762e+03	 1.5133e+00	 3.4153e-02	 3.2315e+02	 3.6398e+03
 9.8526e+04	 3.5762e+03	 1.5047e+00	 3.0118e-02	 3.2315e+02	 3.6426e+03
 1.4779e+05	 3.5762e+03	 1.4977e+00	 2.6358e-02	 3.2315e+02	 3.6450e+03
 2.2168e+05	 3.5762e+03	 1.4923e+00	 2.3220e-02	 3.2315e+02	 3.6476e+03
 3.3253e+05	 3.5762e+03	 1.4875e+00	 2.0865e-02	 3.2315e+02	 3.6501e+03
 4.9879e+05	 3.5762e+03	 1.4821e+00	 1.9841e-02	 3.2316e+02	 3.6525e+03
 7.4818e+05	 3.5762e+03	 1.4778e+00	 1.8921e-02	 3.2317e+02	 3.6553e+03
 9.0000e+05	 3.5762e+03	 1.4765e+00	 1.8426e-02	 3.2316e+02	 3.6579e+03
 1.0000e+02	 3.6552e+03	 1.6367e+00	 1.4587e-02	 3.2316e+02	 3.6674e+03
 1.5000e+02	 3.6552e+03	 1.6324e+00	 1.6086e-02	 3.2316e+02	 3.6700e+03
 2.2500e+02	 3.6552e+03	 1.6292e+00	 1.8131e-02	 3.2316e+02	 3.6750e+03
 3.3750e+02	 3.6552e+03	 1.6245e+00	 2.0636e-02	 3.2316e+02	 3.6776e+03
 5.0625e+02	 3.6552e+03	 1.6190e+00	 2.3315e-02	 3.2315e+02	 3.6800e+03
 7.5938e+02	 3.6552e+03	 1.6125e+00	 2.6033e-02	 3.2315e+02	 3.6826e+03
 1.1391e+03	 3.6552e+03	 1.6053e+00	 2.8653e-02	 3.2315e+02	 3.6881e+03
 1.7086e+03	 3.6552e+03	 1.5976e+00	 3.1081e-02	 3.2315e+02	 3.6906e+03
 2.5629e+03	 3.6552e+03	 1.5887e+00	 3.3086e-02	 3.2315e+02	 3.6958e+03
 3.8443e+03	 3.6552e+03	 1.5798e+00	 3.4912e-02	 3.2315e+02	 3.6983e+03
 5.7665e+03	 3.6552e+03	 1.5707e+00	 3.6660e-02	 3.2315e+02	 3.7009e+03
 8.6498e+03	 3.6552e+03	 1.5612e+00	 3.8595e-02	 3.2315e+02	 3.7034e+03
 1.2975e+04	 3.6552e+03	 1.5501e+00	 4.0437e-02	 3.2315e+02	 3.7086e+03
 1.9462e+04	 3.6552e+03	 1.5472e+00	 3.9952e-02	 3.2315e+02	 3.7110e+03
 2.9193e+04	 3.6552e+03	 1.5350e+00	 3.9785e-02	 3.2314e+02	 3.7136e+03
 4.3789e+04	 3.6552e+03	 1.5232e+00	 3.7674e-02	 3.2314e+02	 3.7162e+03
 6.5684e+04	 3.6552e+03	 1.5129e+00	 3.3987e-02	 3.2314e+02	 3.7191e+03
 9.8526e+04	 3.6552e+03	 1.5042e+00	 3.0002e-02	 3.2315e+02	 3.7216e+03
 1.4779e+05	 3.6552e+03	 1.4974e+00	 2.6251e-02	 3.2315e+02	 3.7240e+03
 2.2168e+05	 3.6552e+03	 1.4919e+00	 2.3149e-02	 3.2315e+02	 3.7266e+03
 3.3253e+05	 3.6552e+03	 1.4872e+00	 2.0757e-02	 3.2314e+02	 3.7291e+03
 4.9879e+05	 3.6552e+03	 1.4819e+00	 1.9756e-02	 3.2314e+02	 3.7315e+03
 7.4818e+05	 3.6552e+03	 1.4775e+00	 1.8858e-02	 3.2314e+02	 3.7340e+03
 9.0000e+05	 3.6552e+03	 1.4762e+00	 1.8398e-02	 3.2315e+02	 3.7366e+03
 1.0000e+02	 3.7339e+03	 1.6367e+00	 1.4534e-02	 3.2315e+02	 3.7462e+03
 1.5000e+02	 3.7339e+03	 1.6337e+00	 1.5748e-02	 3.2315e+02	 3.7488e+03
 2.2500e+02	 3.7339e+03	 1.6289e+00	 1.8116e-02	 3.2315e+02	 3.7541e+03
 3.3750e+02	 3.7339e+03	 1.6242e+00	 2.0689e-02	 3.2315e+02	 3.7566e+03
 5.0625e+02	 3.7339e+03	 1.6187e+00	 2.3376e-02	 3.2315e+02	 3.7591e+03
 7.5938e+02	 3.7339e+03	 1.6122e+00	 2.6155e-02	 3.2314e+02	 3.7616e+03
 1.1391e+03	 3.7339e+03	 1.6050e+00	 2.8734e-02	 3.2314e+02	 3.7668e+03
 1.7086e+03	 3.7339e+03	 1.5973e+00	 3.1080e-02	 3.2314e+02	 3.7692e+03
 2.5629e+03	 3.7339e+03	 1.5884e+00	 3.3093e-02	 3.2313e+02	 3.7743e+03
 3.8443e+03	 3.7339e+03	 1.5794e+00	 3.4892e-02	 3.2313e+02	 3.7768e+03
 5.7665e+03	 3.7339e+03	 1.5702e+00	 3.6631e-02	 3.2313e+02	 3.7793e+03
 8.6498e+03	 3.7339e+03	 1.5607e+00	 3.8526e-02	 3.2312e+02	 3.7820e+03
 1.2975e+04	 3.7339e+03	 1.5497e+00	 4.0369e-02	 3.2313e+02	 3.7872e+03
 1.9462e+04	 3.7339e+03	 1.5468e+00	 3.9849e-02	 3.2313e+02	 3.7896e+03
 2.9193e+04	 3.7339e+03	 1.5346e+00	 3.9644e-02	 3.2313e+02	 3.7921e+03
 4.3789e+04	 3.7339e+03	 1.5229e+00	 3.7541e-02	 3.2314e+02	 3.7948e+03
 6.5684e+04	 3.7339e+03	 1.5126e+00	 3.3882e-02	 3.2313e+02	 3.7972e+03
 9.8526e+04	 3.7339e+03	 1.5041e+00	 2.9843e-02	 3.2313e+02	 3.7998e+03
 1.4779e+05	 3.7339e+03	 1.4972e+00	 2.6171e-02	 3.2314e+02	 3.8022e+03
 2.2168e+05	 3.7339e+03	 1.4918e+00	 2.3075e-02	 3.2314e+02	 3.8048e+03
 3.3253e+05	 3.7339e+03	 1.4872e+00	 2.0712e-02	 3.2314e+02	 3.8075e+03
 4.9879e+05	 3.7339e+03	 1.4818e+00	 1.9707e-02	 3.2314e+02	 3.8104e+03
 7.4818e+05	 3.7339e+03	 1.4775e+00	 1.8832e-02	 3.2314e+02	 3.8128e+03
 9.0000e+05	 3.7339e+03	 1.4762e+00	 1.8309e-02	 3.2315e+02	 3.8156e+03
 1.0000e+02	 3.8130e+03	 1.6360e+00	 1.4395e-02	 3.2315e+02	 3.8248e+03
 1.5000e+02	 3.8130e+03	 1.6328e+00	 1.6326e-02	 3.2315e+02	 3.8274e+03
 2.2500e+02	 3.8130e+03	 1.6288e+00	 1.8315e-02	 3.2316e+02	 3.8323e+03
 3.3750e+02	 3.8130e+03	 1.6241e+00	 2.0741e-02	 3.2316e+02	 3.8349e+03
 5.0625e+02	 3.8130e+03	 1.6185e+00	 2.3427e-02	 3.2316e+02	 3.8374e+03
 7.5938e+02	 3.8130e+03	 1.6120e+00	 2.6122e-02	 3.2315e+02	 3.8401e+03
 1.1391e+03	 3.8130e+03	 1.6048e+00	 2.8806e-02	 3.2316e+02	 3.8451e+03
 1.7086e+03	 3.8130e+03	 1.5970e+00	 3.1097e-02	 3.2316e+02	 3.8476e+03
 2.5629e+03	 3.8130e+03	 1.5881e+00	 3.3101e-02	 3.2316e+02	 3.8529e+03
 3.8443e+03	 3.8130e+03	 1.5792e+00	 3.4839e-02	 3.2316e+02	 3.8553e+03
 5.7665e+03	 3.8130e+03	 1.5699e+00	 3.6579e-02	 3.2316e+02	 3.8578e+03
 8.6498e+03	 3.8130e+03	 1.5604e+00	 3.8484e-02	 3.2316e+02	 3.8604e+03
 1.2975e+04	 3.8130e+03	 1.5494e+00	 4.0288e-02	 3.2316e+02	 3.8656e+03
 1.9462e+04	 3.8130e+03	 1.5464e+00	 3.9803e-02	 3.2315e+02	 3.8681e+03
 2.9193e+04	 3.8130e+03	 1.5343e+00	 3.9545e-02	 3.2316e+02	 3.8706e+03
 4.3789e+04	 3.8130e+03	 1.5226e+00	 3.7438e-02	 3.2315e+02	 3.8731e+03
 6.5684e+04	 3.8130e+03	 1.5123e+00	 3.3798e-02	 3.2315e+02	 3.8756e+03
 9.8526e+04	 3.8130e+03	 1.5038e+00	 2.9812e-02	 3.2316e+02	 3.8780e+03
 1.4779e+05	 3.8130e+03	 1.4969e+00	 2.6085e-02	 3.2316e+02	 3.8805e+03
 2.2168e+05	 3.8130e+03	 1.4915e+00	 2.3031e-02	 3.2316e+02	 3.8831e+03
 3.3253e+05	 3.8130e+03	 1.4868e+00	 2.0646e-02	 3.2316e+02	 3.8858e+03
 4.9879e+05	 3.8130e+03	 1.4815e+00	 1.9651e-02	 3.2316e+02	 3.8882e+03
 7.4818e+05	 3.8130e+03	 1.4771e+00	 1.8802e-02	 3.2316e+02	 3.8910e+03
 9.0000e+05	 3.8130e+03	 1.4758e+00	 1.8324e-02	 3.2316e+02	 3.8936e+03
 1.0000e+02	 3.8909e+03	 1.6358e+00	 1.3954e-02	 3.2316e+02	 3.9031e+03
 1.5000e+02	 3.8909e+03	 1.6313e+00	 1.6487e-02	 3.2316e+02	 3.9055e+03
 2.2500e+02	 3.8909e+03	 1.6282e+00	 1.8309e-02	 3.2316e+02	 3.9106e+03
 3.3750e+02	 3.8909e+03	 1.6234e+00	 2.0801e-02	 3.2316e+02	 3.9130e+03
 5.0625e+02	 3.8909e+03	 1.6178e+00	 2.3516e-02	 3.2316e+02	 3.9156e+03
 7.5938e+02	 3.8909e+03	 1.6114e+00	 2.6185e-02	 3.2316e+02	 3.9180e+03
 1.1391e+03	 3.8909e+03	 1.6041e+00	 2.8779e-02	 3.2316e+02	 3.9232e+03
 1.7086e+03	 3.8909e+03	 1.5963e+00	 3.1096e-02	 3.2316e+02	 3.9258e+03
 2.5629e+03	 3.8909e+03	 1.5875e+00	 3.3156e-02	 3.2315e+02	 3.9309e+03
 3.8443e+03	 3.8909e+03	 1.5786e+00	 3.4833e-02	 3.2316e+02	 3.9336e+03
 5.7665e+03	 3.8909e+03	 1.5694e+00	 3.6598e-02	 3.2316e+02	 3.9361e+03
 8.6498e+03	 3.8909e+03	 1.5599e+00	 3.8455e-02	 3.2316e+02	 3.9389e+03
 1.2975e+04	 3.8909e+03	 1.5489e+00	 4.0239e-02	 3.2316e+02	 3.9438e+03
 1.9462e+04	 3.8909e+03	 1.5459e+00	 3.9704e-02	 3.2315e+02	 3.9463e+03
 2.9193e+04	 3.8909e+03	 1.5338e+00	 3.9457e-02	 3.2315e+02	 3.9489e+03
 4.3789e+04	 3.8909e+03	 1.5221e+00	 3.7337e-02	 3.2315e+02	 3.9516e+03
 6.5684e+04	 3.8909e+03	 1.5119e+00	 3.3673e-02	 3.2316e+02	 3.9541e+03
 9.8526e+04	 3.8909e+03	 1.5034e+00	 2.9702e-02	 3.2315e+02	 3.9569e+03
 1.4779e+05	 3.8909e+03	 1.4965e+00	 2.6025e-02	 3.2316e+02	 3.9593e+03
 2.2168e+05	 3.8909e+03	 1.4911e+00	 2.2952e-02	 3.2315e+02	 3.9621e+03
 3.3253e+05	 3.8909e+03	 1.4866e+00	 2.0729e-02	 3.2315e+02	 3.9646e+03
 4.9879e+05	 3.8909e+03	 1.4813e+00	 1.9642e-02	 3.2316e+02	 3.9671e+03
 7.4818e+05	 3.8909e+03	 1.4768e+00	 1.8786e-02	 3.2316e+02	 3.9698e+03
 9.0000e+05	 3.8909e+03	 1.4755e+00	 1.8250e-02	 3.2315e+02	 3.9724e+03
 1.0000e+02	 3.9697e+03	 1.6354e+00	 1.4061e-02	 3.2316e+02	 3.9817e+03
 1.5000e+02	 3.9697e+03	 1.6311e+00	 1.6304e-02	 3.2315e+02	 3.9841e+03
 2.2500e+02	 3.9697e+03	 1.6279e+00	 1.8526e-02	 3.2315e+02	 3.9892e+03
 3.3750e+02	 3.9697e+03	 1.6230e+00	 2.0863e-02	 3.2314e+02	 3.9917e+03
 5.0625e+02	 3.9697e+03	 1.6174e+00	 2.3585e-02	 3.2314e+02	 3.9944e+03
 7.5938e+02	 3.9697e+03	 1.6110e+00	 2.6259e-02	 3.2313e+02	 3.9968e+03
 1.1391e+03	 3.9697e+03	 1.6036e+00	 2.8845e-02	 3.2313e+02	 4.0019e+03
 1.7086e+03	 3.9697e+03	 1.5958e+00	 3.1175e-02	 3.2313e+02	 4.0044e+03
 2.5629e+03	 3.9697e+03	 1.5870e+00	 3.3098e-02	 3.2313e+02	 4.0096e+03
 3.8443e+03	 3.9697e+03	 1.5781e+00	 3.4825e-02	 3.2313e+02	 4.0123e+03
 5.7665e+03	 3.9697e+03	 1.5690e+00	 3.6561e-02	 3.2313e+02	 4.0148e+03
 8.6498e+03	 3.9697e+03	 1.5595e+00	 3.8389e-02	 3.2313e+02	 4.0172e+03
 1.2975e+04	 3.9697e+03	 1.5486e+00	 4.0197e-02	 3.2314e+02	 4.0224e+03
 1.9462e+04	 3.9697e+03	 1.5456e+00	 3.9601e-02	 3.2313e+02	 4.0252e+03
 2.9193e+04	 3.9697e+03	 1.5336e+00	 3.9326e-02	 3.2314e+02	 4.0276e+03
 4.3789e+04	 3.9697e+03	 1.5220e+00	 3.7187e-02	 3.2315e+02	 4.0301e+03
 6.5684e+04	 3.9697e+03	 1.5118e+00	 3.3519e-02	 3.2314e+02	 4.0326e+03
 9.8526e+04	 3.9697e+03	 1.5033e+00	 2.9593e-02	 3.2315e+02	 4.0350e+03
 1.4779e+05	 3.9697e+03	 1.4966e+00	 2.5909e-02	 3.2314e+02	 4.0377e+03
 2.2168e+05	 3.9697e+03	 1.4912e+00	 2.2899e-02	 3.2315e+02	 4.0402e+03
 3.3253e+05	 3.9697e+03	 1.4865e+00	 2.0640e-02	 3.2316e+02	 4.0428e+03
 4.9879e+05	 3.9697e+03	 1.4813e+00	 1.9497e-02	 3.2316e+02	 4.0455e+03
 7.4818e+05	 3.9697e+03	 1.4769e+00	 1.8702e-02	 3.2315e+02	 4.0480e+03
 9.0000e+05	 3.9697e+03	 1.4756e+00	 1.8196e-02	 3.2315e+02	 4.0506e+03
 1.0000e+02	 4.0480e+03	 1.6355e+00	 1.4049e-02	 3.2315e+02	 4.0596e+03
 1.5000e+02	 4.0480e+03	 1.6311e+00	 1.7235e-02	 3.2314e+02	 4.0621e+03
 2.2500e+02	 4.0480e+03	 1.6277e+00	 1.8404e-02	 3.2316e+02	 4.0674e+03
 3.3750e+02	 4.0480e+03	 1.6229e+00	 2.0955e-02	 3.2315e+02	 4.0698e+03
 5.0625e+02	 4.0480e+03	 1.6173e+00	 2.3602e-02	 3.2316e+02	 4.0723e+03
 7.5938e+02	 4.0480e+03	 1.6107e+00	 2.6315e-02	 3.2316e+02	 4.0751e+03
 1.1391e+03	 4.0480e+03	 1.6035e+00	 2.8870e-02	 3.2316e+02	 4.0803e+03
 1.7086e+03	 4.0480e+03	 1.5957e+00	 3.1203e-02	 3.2315e+02	 4.0828e+03
 2.5629e+03	 4.0480e+03	 1.5868e+00	 3.3060e-02	 3.2315e+02	 4.0881e+03
 3.8443e+03	 4.0480e+03	 1.5779e+00	 3.4818e-02	 3.2315e+02	 4.0905e+03
 5.7665e+03	 4.0480e+03	 1.5686e+00	 3.6559e-02	 3.2316e+02	 4.0931e+03
 8.6498e+03	 4.0480e+03	 1.5592e+00	 3.8372e-02	 3.2315e+02	 4.0955e+03
 1.2975e+04	 4.0480e+03	 1.5481e+00	 4.0109e-02	 3.2316e+02	 4.1006e+03
 1.9462e+04	 4.0480e+03	 1.5451e+00	 3.9550e-02	 3.2315e+02	 4.1031e+03
 2.9193e+04	 4.0480e+03	 1.5331e+00	 3.9251e-02	 3.2315e+02	 4.1059e+03
 4.3789e+04	 4.0480e+03	 1.5214e+00	 3.7081e-02	 3.2316e+02	 4.1084e+03
 6.5684e+04	 4.0480e+03	 1.5113e+00	 3.3415e-02	 3.2316e+02	 4.1108e+03
 9.8526e+04	 4.0480e+03	 1.5029e+00	 2.9491e-02	 3.2316e+02	 4.1133e+03
 1.4779e+05	 4.0480e+03	 1.4961e+00	 2.5841e-02	 3.2316e+02	 4.1158e+03
 2.2168e+05	 4.0480e+03	 1.4908e+00	 2.2778e-02	 3.2315e+02	 4.1186e+03
 3.3253e+05	 4.0480e+03	 1.4861e+00	 2.0516e-02	 3.2316e+02	 4.1211e+03
 4.9879e+05	 4.0480e+03	 1.4808e+00	 1.9518e-02	 3.2316e+02	 4.1236e+03
 7.4818e+05	 4.0480e+03	 1.4765e+00	 1.8652e-02	 3.2316e+02	 4.1262e+03
 9.0000e+05	 4.0480e+03	 1.4752e+00	 1.8193e-02	 3.2316e+02	 4.1288e+03
 1.0000e+02	 4.1261e+03	 1.6346e+00	 1.4591e-02	 3.2315e+02	 4.1383e+03
 1.5000e+02	 4.1261e+03	 1.6314e+00	 1.6740e-02	 3.2315e+02	 4.1410e+03
 2.2500e+02	 4.1261e+03	 1.6272e+00	 1.8450e-02	 3.2315e+02	 4.1462e+03
 3.3750e+02	 4.1261e+03	 1.6224e+00	 2.1028e-02	 3.2316e+02	 4.1486e+03
 5.0625e+02	 4.1261e+03	 1.6168e+00	 2.3760e-02	 3.2315e+02	 4.1511e+03
 7.5938e+02	 4.1261e+03	 1.6102e+00	 2.6344e-02	 3.2315e+02	 4.1537e+03
 1.1391e+03	 4.1261e+03	 1.6028e+00	 2.8954e-02	 3.2315e+02	 4.1587e+03
 1.7086e+03	 4.1261e+03	 1.5950e+00	 3.1231e-02	 3.2315e+02	 4.1613e+03
 2.5629e+03	 4.1261e+03	 1.5862e+00	 3.3101e-02	 3.2316e+02	 4.1664e+03
 3.8443e+03	 4.1261e+03	 1.5773e+00	 3.4785e-02	 3.2316e+02	 4.1689e+03
 5.7665e+03	 4.1261e+03	 1.5681e+00	 3.6507e-02	 3.2316e+02	 4.1713e+03
 8.6498e+03	 4.1261e+03	 1.5586e+00	 3.8323e-02	 3.2316e+02	 4.1739e+03
 1.2975e+04	 4.1261e+03	 1.5477e+00	 4.0088e-02	 3.2315e+02	 4.1793e+03
 1.9462e+04	 4.1261e+03	 1.5446e+00	 3.9481e-02	 3.2315e+02	 4.1818e+03
 2.9193e+04	 4.1261e+03	 1.5326e+00	 3.9170e-02	 3.2316e+02	 4.1842e+03
 4.3789e+04	 4.1261e+03	 1.5210e+00	 3.6986e-02	 3.2315e+02	 4.1868e+03
 6.5684e+04	 4.1261e+03	 1.5109e+00	 3.3326e-02	 3.2315e+02	 4.1892e+03
 9.8526e+04	 4.1261e+03	 1.5025e+00	 2.9365e-02	 3.2315e+02	 4.1918e+03
 1.4779e+05	 4.1261e+03	 1.4957e+00	 2.5749e-02	 3.2315e+02	 4.1945e+03
 2.2168e+05	 4.1261e+03	 1.4904e+00	 2.2723e-02	 3.2315e+02	 4.1974e+03
 3.3253e+05	 4.1261e+03	 1.4858e+00	 1.9982e-02	 3.2315e+02	 4.1998e+03
 4.9879e+05	 4.1261e+03	 1.4805e+00	 1.9463e-02	 3.2314e+02	 4.2022e+03
 7.4818e+05	 4.1261e+03	 1.4762e+00	 1.8578e-02	 3.2315e+02	 4.2049e+03
 9.0000e+05	 4.1261e+03	 1.4748e+00	 1.8196e-02	 3.2315e+02	 4.2074e+03
 1.0000e+02	 4.2048e+03	 1.6347e+00	 1.4706e-02	 3.2314e+02	 4.2168e+03
 1.5000e+02	 4.2048e+03	 1.6310e+00	 1.6695e-02	 3.2314e+02	 4.2193e+03
 2.2500e+02	 4.2048e+03	 1.6268e+00	 1.8540e-02	 3.2315e+02	 4.2243e+03
 3.3750e+02	 4.2048e+03	 1.6219e+00	 2.1126e-02	 3.2315e+02	 4.2271e+03
 5.0625e+02	 4.2048e+03	 1.6163e+00	 2.3720e-02	 3.2315e+02	 4.2296e+03
 7.5938e+02	 4.2048e+03	 1.6098e+00	 2.6469e-02	 3.2315e+02	 4.2321e+03
 1.1391e+03	 4.2048e+03	 1.6024e+00	 2.8957e-02	 3.2314e+02	 4.2372e+03
 1.7086e+03	 4.2048e+03	 1.5946e+00	 3.1197e-02	 3.2315e+02	 4.2401e+03
 2.5629e+03	 4.2048e+03	 1.5858e+00	 3.3167e-02	 3.2315e+02	 4.2454e+03
 3.8443e+03	 4.2048e+03	 1.5769e+00	 3.4816e-02	 3.2315e+02	 4.2478e+03
 5.7665e+03	 4.2048e+03	 1.5677e+00	 3.6461e-02	 3.2315e+02	 4.2502e+03
 8.6498e+03	 4.2048e+03	 1.5582e+00	 3.8287e-02	 3.2314e+02	 4.2529e+03
 1.2975e+04	 4.2048e+03	 1.5473e+00	 4.0010e-02	 3.2314e+02	 4.2582e+03
 1.9462e+04	 4.2048e+03	 1.5443e+00	 3.9412e-02	 3.2314e+02	 4.2606e+03
 2.9193e+04	 4.2048e+03	 1.5323e+00	 3.9090e-02	 3.2314e+02	 4.2631e+03
 4.3789e+04	 4.2048e+03	 1.5207e+00	 3.6842e-02	 3.2314e+02	 4.2656e+03
 6.5684e+04	 4.2048e+03	 1.5107e+00	 3.3187e-02	 3.2315e+02	 4.2680e+03
 9.8526e+04	 4.2048e+03	 1.5024e+00	 2.9287e-02	 3.2314e+02	 4.2704e+03
 1.4779e+05	 4.2048e+03	 1.4956e+00	 2.5689e-02	 3.2315e+02	 4.2729e+03
 2.2168e+05	 4.2048e+03	 1.4903e+00	 2.2647e-02	 3.2315e+02	 4.2754e+03
 3.3253e+05	 4.2048e+03	 1.4857e+00	 2.0362e-02	 3.2314e+02	 4.2782e+03
 4.9879e+05	 4.2048e+03	 1.4804e+00	 1.9422e-02	 3.2315e+02	 4.2806e+03
 7.4818e+05	 4.2048e+03	 1.4761e+00	 1.8538e-02	 3.2314e+02	 4.2831e+03
 9.0000e+05	 4.2048e+03	 1.4749e+00	 1.8088e-02	 3.2315e+02	 4.2858e+03
 1.0000e+02	 4.2831e+03	 1.6346e+00	 1.4389e-02	 3.2315e+02	 4.2948e+03
 1.5000e+02	 4.2831e+03	 1.6305e+00	 1.6506e-02	 3.2315e+02	 4.2974e+03
 2.2500e+02	 4.2831e+03	 1.6265e+00	 1.8579e-02	 3.2315e+02	 4.3026e+03
 3.3750e+02	 4.2831e+03	 1.6217e+00	 2.1091e-02	 3.2315e+02	 4.3051e+03
 5.0625e+02	 4.2831e+03	 1.6160e+00	 2.3775e-02	 3.2315e+02	 4.3075e+03
 7.5938e+02	 4.2831e+03	 1.6095e+00	 2.6469e-02	 3.2315e+02	 4.3104e+03
 1.1391e+03	 4.2831e+03	 1.6021e+00	 2.9029e-02	 3.2316e+02	 4.3156e+03
 1.7086e+03	 4.2831e+03	 1.5943e+00	 3.1236e-02	 3.2315e+02	 4.3180e+03
 2.5629e+03	 4.2831e+03	 1.5854e+00	 3.3080e-02	 3.2316e+02	 4.3231e+03
 3.8443e+03	 4.2831e+03	 1.5765e+00	 3.4758e-02	 3.2316e+02	 4.3256e+03
 5.7665e+03	 4.2831e+03	 1.5674e+00	 3.6395e-02	 3.2315e+02	 4.3281e+03
 8.6498e+03	 4.2831e+03	 1.5579e+00	 3.8237e-02	 3.2315e+02	 4.3307e+03
 1.2975e+04	 4.2831e+03	 1.5469e+00	 3.9914e-02	 3.2315e+02	 4.3358e+03
 1.9462e+04	 4.2831e+03	 1.5439e+00	 3.9359e-02	 3.2316e+02	 4.3382e+03
 2.9193e+04	 4.2831e+03	 1.5319e+00	 3.8952e-02	 3.2315e+02	 4.3411e+03
 4.3789e+04	 4.2831e+03	 1.5204e+00	 3.6779e-02	 3.2316e+02	 4.3435e+03
 6.5684e+04	 4.2831e+03	 1.5104e+00	 3.3090e-02	 3.2315e+02	 4.3462e+03
 9.8526e+04	 4.2831e+03	 1.5021e+00	 2.9177e-02	 3.2316e+02	 4.3486e+03
 1.4779e+05	 4.2831e+03	 1.4954e+00	 2.5603e-02	 3.2315e+02	 4.3511e+03
 2.2168e+05	 4.2831e+03	 1.4901e+00	 2.2627e-02	 3.2316e+02	 4.3539e+03
 3.3253e+05	 4.2831e+03	 1.4854e+00	 2.0322e-02	 3.2315e+02	 4.3564e+03
 4.9879e+05	 4.2831e+03	 1.4802e+00	 1.9334e-02	 3.2315e+02	 4.3588e+03
 7.4818e+05	 4.2831e+03	 1.4758e+00	 1.8530e-02	 3.2316e+02	 4.3615e+03
 9.0000e+05	 4.2831e+03	 1.4746e+00	 1.8046e-02	 3.2315e+02	 4.3644e+03
 1.0000e+02	 4.3617e+03	 1.6339e+00	 1.4321e-02	 3.2316e+02	 4.3736e+03
 1.5000e+02	 4.3617e+03	 1.6306e+00	 1.6549e-02	 3.2315e+02	 4.3761e+03
 2.2500e+02	 4.3617e+03	 1.6262e+00	 1.8603e-02	 3.2315e+02	 4.3814e+03
 3.3750e+02	 4.3617e+03	 1.6213e+00	 2.1206e-02	 3.2315e+02	 4.3838e+03
 5.0625e+02	 4.3617e+03	 1.6155e+00	 2.3818e-02	 3.2315e+02	 4.3863e+03
 7.5938e+02	 4.3617e+03	 1.6089e+00	 2.6538e-02	 3.2315e+02	 4.3890e+03
 1.1391e+03	 4.3617e+03	 1.6015e+00	 2.9033e-02	 3.2315e+02	 4.3943e+03
 1.7086e+03	 4.3617e+03	 1.5936e+00	 3.1260e-02	 3.2315e+02	 4.3968e+03
 2.5629e+03	 4.3617e+03	 1.5848e+00	 3.3139e-02	 3.2316e+02	 4.4018e+03
 3.8443e+03	 4.3617e+03	 1.5758e+00	 3.4742e-02	 3.2315e+02	 4.4043e+03
 5.7665e+03	 4.3617e+03	 1.5667e+00	 3.6399e-02	 3.2315e+02	 4.4071e+03
 8.6498e+03	 4.3617e+03	 1.5573e+00	 3.8242e-02	 3.2315e+02	 4.4095e+03
 1.2975e+04	 4.3617e+03	 1.5463e+00	 3.9918e-02	 3.2315e+02	 4.4146e+03
 1.9462e+04	 4.3617e+03	 1.5432e+00	 3.9278e-02	 3.2314e+02	 4.4171e+03
 2.9193e+04	 4.3617e+03	 1.5313e+00	 3.8861e-02	 3.2314e+02	 4.4198e+03
 4.3789e+04	 4.3617e+03	 1.5198e+00	 3.6649e-02	 3.2315e+02	 4.4222e+03
 6.5684e+04	 4.3617e+03	 1.5099e+00	 3.3031e-02	 3.2314e+02	 4.4250e+03
 9.8526e+04	 4.3617e+03	 1.5016e+00	 2.9100e-02	 3.2315e+02	 4.4274e+03
 1.4779e+05	 4.3617e+03	 1.4950e+00	 2.5473e-02	 3.2314e+02	 4.4299e+03
 2.2168e+05	 4.3617e+03	 1.4897e+00	 2.2531e-02	 3.2314e+02	 4.4326e+03
 3.3253e+05	 4.3617e+03	 1.4851e+00	 2.0321e-02	 3.2314e+02	 4.4351e+03
 4.9879e+05	 4.3617e+03	 1.4799e+00	 1.9325e-02	 3.2315e+02	 4.4377e+03
 7.4818e+05	 4.3617e+03	 1.4756e+00	 1.8444e-02	 3.2314e+02	 4.4402e+03
 9.0000e+05	 4.3617e+03	 1.4743e+00	 1.8081e-02	 3.2314e+02	 4.4428e+03
 1.0000e+02	 4.4404e+03	 1.6336e+00	 1.4361e-02	 3.2315e+02	 4.4522e+03
 1.5000e+02	 4.4404e+03	 1.6304e+00	 1.6421e-02	 3.2315e+02	 4.4548e+03
 2.2500e+02	 4.4404e+03	 1.6259e+00	 1.8831e-02	 3.2315e+02	 4.4602e+03
 3.3750e+02	 4.4404e+03	 1.6210e+00	 2.1261e-02	 3.2315e+02	 4.4626e+03
 5.0625e+02	 4.4404e+03	 1.6153e+00	 2.3925e-02	 3.2315e+02	 4.4654e+03
 7.5938e+02	 4.4404e+03	 1.6086e+00	 2.6622e-02	 3.2315e+02	 4.4679e+03
 1.1391e+03	 4.4404e+03	 1.6012e+00	 2.9071e-02	 3.2315e+02	 4.4731e+03
 1.7086e+03	 4.4404e+03	 1.5933e+00	 3.1307e-02	 3.2315e+02	 4.4756e+03
 2.5629e+03	 4.4404e+03	 1.5845e+00	 3.3105e-02	 3.2315e+02	 4.4808e+03
 3.8443e+03	 4.4404e+03	 1.5756e+00	 3.4734e-02	 3.2316e+02	 4.4836e+03
 5.7665e+03	 4.4404e+03	 1.5665e+00	 3.6360e-02	 3.2316e+02	 4.4860e+03
 8.6498e+03	 4.4404e+03	 1.5570e+00	 3.8162e-02	 3.2315e+02	 4.4888e+03
 1.2975e+04	 4.4404e+03	 1.5461e+00	 3.9849e-02	 3.2315e+02	 4.4938e+03
 1.9462e+04	 4.4404e+03	 1.5430e+00	 3.9175e-02	 3.2316e+02	 4.4963e+03
 2.9193e+04	 4.4404e+03	 1.5311e+00	 3.8756e-02	 3.2316e+02	 4.4989e+03
 4.3789e+04	 4.4404e+03	 1.5197e+00	 3.6574e-02	 3.2316e+02	 4.5016e+03
 6.5684e+04	 4.4404e+03	 1.5097e+00	 3.2877e-02	 3.2316e+02	 4.5041e+03
 9.8526e+04	 4.4404e+03	 1.5015e+00	 2.9034e-02	 3.2315e+02	 4.5065e+03
 1.4779e+05	 4.4404e+03	 1.4948e+00	 2.5483e-02	 3.2315e+02	 4.5091e+03
 2.2168e+05	 4.4404e+03	 1.4895e+00	 2.2500e-02	 3.2315e+02	 4.5117e+03
 3.3253e+05	 4.4404e+03	 1.4849e+00	 2.0213e-02	 3.2315e+02	 4.5144e+03
 4.9879e+05	 4.4404e+03	 1.4797e+00	 1.9279e-02	 3.2315e+02	 4.5169e+03
 7.4818e+05	 4.4404e+03	 1.4754e+00	 1.8431e-02	 3.2315e+02	 4.5193e+03
 9.0000e+05	 4.4404e+03	 1.4742e+00	 1.8003e-02	 3.2316e+02	 4.5219e+03
 1.0000e+02	 4.5192e+03	 1.6329e+00	 1.4637e-02	 3.2315e+02	 4.5308e+03
 1.5000e+02	 4.5192e+03	 1.6302e+00	 1.5782e-02	 3.2315e+02	 4.5335e+03
 2.2500e+02	 4.5192e+03	 1.6255e+00	 1.8800e-02	 3.2315e+02	 4.5389e+03
 3.3750e+02	 4.5192e+03	 1.6205e+00	 2.1284e-02	 3.2315e+02	 4.5414e+03
 5.0625e+02	 4.5192e+03	 1.6148e+00	 2.3960e-02	 3.2315e+02	 4.5442e+03
 7.5938e+02	 4.5192e+03	 1.6082e+00	 2.6635e-02	 3.2315e+02	 4.5466e+03
 1.1391e+03	 4.5192e+03	 1.6007e+00	 2.9152e-02	 3.2315e+02	 4.5518e+03
 1.7086e+03	 4.5192e+03	 1.5929e+00	 3.1320e-02	 3.2315e+02	 4.5543e+03
 2.5629e+03	 4.5192e+03	 1.5840e+00	 3.3134e-02	 3.2315e+02	 4.5593e+03
 3.8443e+03	 4.5192e+03	 1.5752e+00	 3.4725e-02	 3.2315e+02	 4.5621e+03
 5.7665e+03	 4.5192e+03	 1.5660e+00	 3.6343e-02	 3.2314e+02	 4.5646e+03
 8.6498e+03	 4.5192e+03	 1.5566e+00	 3.8132e-02	 3.2314e+02	 4.5671e+03
 1.2975e+04	 4.5192e+03	 1.5456e+00	 3.9807e-02	 3.2314e+02	 4.5722e+03
 1.9462e+04	 4.5192e+03	 1.5425e+00	 3.9112e-02	 3.2315e+02	 4.5748e+03
 2.9193e+04	 4.5192e+03	 1.5307e+00	 3.8672e-02	 3.2315e+02	 4.5772e+03
 4.3789e+04	 4.5192e+03	 1.5193e+00	 3.6430e-02	 3.2315e+02	 4.5798e+03
 6.5684e+04	 4.5192e+03	 1.5094e+00	 3.2790e-02	 3.2315e+02	 4.5825e+03
 9.8526e+04	 4.5192e+03	 1.5012e+00	 2.8902e-02	 3.2315e+02	 4.5850e+03
 1.4779e+05	 4.5192e+03	 1.4946e+00	 2.5380e-02	 3.2314e+02	 4.5877e+03
 2.2168e+05	 4.5192e+03	 1.4893e+00	 2.2468e-02	 3.2315e+02	 4.5902e+03
 3.3253e+05	 4.5192e+03	 1.4848e+00	 2.0139e-02	 3.2315e+02	 4.5930e+03
 4.9879e+05	 4.5192e+03	 1.4795e+00	 1.9235e-02	 3.2315e+02	 4.5955e+03
 7.4818e+05	 4.5192e+03	 1.4753e+00	 1.8389e-02	 3.2315e+02	 4.5983e+03
 9.0000e+05	 4.5192e+03	 1.4740e+00	 1.7921e-02	 3.2315e+02	 4.6009e+03
 1.0000e+02	 4.5983e+03	 1.6328e+00	 1.4994e-02	 3.2316e+02	 4.6102e+03
 1.5000e+02	 4.5983e+03	 1.6301e+00	 1.6466e-02	 3.2315e+02	 4.6127e+03
 2.2500e+02	 4.5983e+03	 1.6252e+00	 1.8785e-02	 3.2315e+02	 4.6178e+03
 3.3750e+02	 4.5983e+03	 1.6203e+00	 2.1368e-02	 3.2315e+02	 4.6206e+03
 5.0625e+02	 4.5983e+03	 1.6145e+00	 2.4045e-02	 3.2315e+02	 4.6230e+03
 7.5938e+02	 4.5983e+03	 1.6079e+00	 2.6685e-02	 3.2316e+02	 4.6255e+03
 1.1391e+03	 4.5983e+03	 1.6004e+00	 2.9199e-02	 3.2315e+02	 4.6307e+03
 1.7086e+03	 4.5983e+03	 1.5925e+00	 3.1343e-02	 3.2315e+02	 4.6334e+03
 2.5629e+03	 4.5983e+03	 1.5837e+00	 3.3150e-02	 3.2315e+02	 4.6386e+03
 3.8443e+03	 4.5983e+03	 1.5748e+00	 3.4725e-02	 3.2315e+02	 4.6411e+03
 5.7665e+03	 4.5983e+03	 1.5657e+00	 3.6354e-02	 3.2315e+02	 4.6435e+03
 8.6498e+03	 4.5983e+03	 1.5563e+00	 3.8060e-02	 3.2315e+02	 4.6461e+03
 1.2975e+04	 4.5983e+03	 1.5453e+00	 3.9763e-02	 3.2315e+02	 4.6514e+03
 1.9462e+04	 4.5983e+03	 1.5422e+00	 3.9030e-02	 3.2315e+02	 4.6539e+03
 2.9193e+04	 4.5983e+03	 1.5303e+00	 3.8573e-02	 3.2315e+02	 4.6563e+03
 4.3789e+04	 4.5983e+03	 1.5190e+00	 3.6357e-02	 3.2315e+02	 4.6591e+03
 6.5684e+04	 4.5983e+03	 1.5092e+00	 3.2708e-02	 3.2315e+02	 4.6617e+03
 9.8526e+04	 4.5983e+03	 1.5010e+00	 2.8824e-02	 3.2315e+02	 4.6643e+03
 1.4779e+05	 4.5983e+03	 1.4943e+00	 2.5275e-02	 3.2315e+02	 4.6668e+03
 2.2168e+05	 4.5983e+03	 1.4891e+00	 2.2375e-02	 3.2315e+02	 4.6694e+03
 3.3253e+05	 4.5983e+03	 1.4845e+00	 2.0118e-02	 3.2315e+02	 4.6720e+03
 4.9879e+05	 4.5983e+03	 1.4793e+00	 1.9175e-02	 3.2315e+02	 4.6745e+03
 7.4818e+05	 4.5983e+03	 1.4750e+00	 1.8391e-02	 3.2315e+02	 4.6772e+03
 9.0000e+05	 4.5983e+03	 1.4739e+00	 1.7857e-02	 3.2315e+02	 4.6798e+03
 1.0000e+02	 4.6771e+03	 1.6326e+00	 1.4332e-02	 3.2315e+02	 4.6895e+03
 1.5000e+02	 4.6771e+03	 1.6293e+00	 1.7197e-02	 3.2315e+02	 4.6919e+03
 2.2500e+02	 4.6771e+03	 1.6248e+00	 1.9005e-02	 3.2314e+02	 4.6973e+03
 3.3750e+02	 4.6771e+03	 1.6199e+00	 2.1466e-02	 3.2315e+02	 4.6999e+03
 5.0625e+02	 4.6771e+03	 1.6141e+00	 2.4111e-02	 3.2314e+02	 4.7026e+03
 7.5938e+02	 4.6771e+03	 1.6074e+00	 2.6721e-02	 3.2315e+02	 4.7050e+03
 1.1391e+03	 4.6771e+03	 1.6000e+00	 2.9177e-02	 3.2315e+02	 4.7102e+03
 1.7086e+03	 4.6771e+03	 1.5921e+00	 3.1373e-02	 3.2315e+02	 4.7126e+03
 2.5629e+03	 4.6771e+03	 1.5833e+00	 3.3087e-02	 3.2315e+02	 4.7179e+03
 3.8443e+03	 4.6771e+03	 1.5744e+00	 3.4699e-02	 3.2315e+02	 4.7206e+03
 5.7665e+03	 4.6771e+03	 1.5653e+00	 3.6285e-02	 3.2315e+02	 4.7231e+03
 8.6498e+03	 4.6771e+03	 1.5559e+00	 3.8046e-02	 3.2315e+02	 4.7255e+03
 1.2975e+04	 4.6771e+03	 1.5449e+00	 3.9687e-02	 3.2315e+02	 4.7306e+03
 1.9462e+04	 4.6771e+03	 1.5418e+00	 3.8943e-02	 3.2315e+02	 4.7334e+03
 2.9193e+04	 4.6771e+03	 1.5299e+00	 3.8508e-02	 3.2315e+02	 4.7358e+03
 4.3789e+04	 4.6771e+03	 1.5186e+00	 3.6248e-02	 3.2315e+02	 4.7382e+03
 6.5684e+04	 4.6771e+03	 1.5089e+00	 3.2604e-02	 3.2315e+02	 4.7409e+03
 9.8526e+04	 4.6771e+03	 1.5007e+00	 2.8748e-02	 3.2315e+02	 4.7433e+03
 1.4779e+05	 4.6771e+03	 1.4941e+00	 2.5198e-02	 3.2315e+02	 4.7458e+03
 2.2168e+05	 4.6771e+03	 1.4889e+00	 2.2285e-02	 3.2315e+02	 4.7485e+03
 3.3253e+05	 4.6771e+03	 1.4843e+00	 2.0088e-02	 3.2315e+02	 4.7510e+03
 4.9879e+05	 4.6771e+03	 1.4792e+00	 1.9148e-02	 3.2315e+02	 4.7538e+03
 7.4818e+05	 4.6771e+03	 1.4749e+00	 1.8347e-02	 3.2315e+02	 4.7562e+03
 9.0000e+05	 4.6771e+03	 1.4736e+00	 1.7892e-02	 3.2315e+02	 4.7589e+03
 1.0000e+02	 4.7562e+03	 1.6328e+00	 1.4695e-02	 3.2315e+02	 4.7681e+03
 1.5000e+02	 4.7562e+03	 1.6294e+00	 1.6272e-02	 3.2315e+02	 4.7708e+03
 2.2500e+02	 4.7562e+03	 1.6246e+00	 1.8950e-02	 3.2315e+02	 4.7762e+03
 3.3750e+02	 4.7562e+03	 1.6196e+00	 2.1479e-02	 3.2315e+02	 4.7786e+03
 5.0625e+02	 4.7562e+03	 1.6139e+00	 2.4119e-02	 3.2315e+02	 4.7814e+03
 7.5938e+02	 4.7562e+03	 1.6072e+00	 2.6791e-02	 3.2315e+02	 4.7839e+03
 1.1391e+03	 4.7562e+03	 1.5997e+00	 2.9213e-02	 3.2315e+02	 4.7890e+03
 1.7086e+03	 4.7562e+03	 1.5917e+00	 3.1385e-02	 3.2315e+02	 4.7915e+03
 2.5629e+03	 4.7562e+03	 1.5829e+00	 3.3166e-02	 3.2315e+02	 4.7966e+03
 3.8443e+03	 4.7562e+03	 1.5740e+00	 3.4658e-02	 3.2315e+02	 4.7990e+03
 5.7665e+03	 4.7562e+03	 1.5650e+00	 3.6284e-02	 3.2315e+02	 4.8016e+03
 8.6498e+03	 4.7562e+03	 1.5556e+00	 3.7996e-02	 3.2315e+02	 4.8041e+03
 1.2975e+04	 4.7562e+03	 1.5447e+00	 3.9664e-02	 3.2315e+02	 4.8091e+03
 1.9462e+04	 4.7562e+03	 1.5415e+00	 3.8871e-02	 3.2315e+02	 4.8116e+03
 2.9193e+04	 4.7562e+03	 1.5297e+00	 3.8388e-02	 3.2315e+02	 4.8140e+03
 4.3789e+04	 4.7562e+03	 1.5184e+00	 3.6131e-02	 3.2315e+02	 4.8166e+03
 6.5684e+04	 4.7562e+03	 1.5086e+00	 3.2525e-02	 3.2315e+02	 4.8190e+03
 9.8526e+04	 4.7562e+03	 1.5005e+00	 2.8670e-02	 3.2315e+02	 4.8214e+03
 1.4779e+05	 4.7562e+03	 1.4939e+00	 2.5151e-02	 3.2315e+02	 4.8241e+03
 2.2168e+05	 4.7562e+03	 1.4887e+00	 2.2261e-02	 3.2315e+02	 4.8266e+03
 3.3253e+05	 4.7562e+03	 1.4842e+00	 2.0016e-02	 3.2315e+02	 4.8292e+03
 4.9879e+05	 4.7562e+03	 1.4790e+00	 1.9101e-02	 3.2315e+02	 4.8317e+03
 7.4818e+05	 4.7562e+03	 1.4747e+00	 1.8256e-02	 3.2315e+02	 4.8341e+03
 9.0000e+05	 4.7562e+03	 1.4735e+00	 1.7819e-02	 3.2315e+02	 4.8369e+03
 1.0000e+02	 4.8342e+03	 1.6326e+00	 1.4742e-02	 3.2315e+02	 4.8460e+03
 1.5000e+02	 4.8342e+03	 1.6282e+00	 1.6389e-02	 3.2315e+02	 4.8486e+03
 2.2500e+02	 4.8342e+03	 1.6243e+00	 1.9049e-02	 3.2315e+02	 4.8539e+03
 3.3750e+02	 4.8342e+03	 1.6193e+00	 2.1526e-02	 3.2315e+02	 4.8563e+03
 5.0625e+02	 4.8342e+03	 1.6135e+00	 2.4179e-02	 3.2315e+02	 4.8591e+03
 7.5938e+02	 4.8342e+03	 1.6067e+00	 2.6838e-02	 3.2315e+02	 4.8615e+03
 1.1391e+03	 4.8342e+03	 1.5993e+00	 2.9269e-02	 3.2315e+02	 4.8667e+03
 1.7086e+03	 4.8342e+03	 1.5914e+00	 3.1363e-02	 3.2315e+02	 4.8691e+03
 2.5629e+03	 4.8342e+03	 1.5825e+00	 3.3136e-02	 3.2315e+02	 4.8742e+03
 3.8443e+03	 4.8342e+03	 1.5737e+00	 3.4684e-02	 3.2315e+02	 4.8771e+03
 5.7665e+03	 4.8342e+03	 1.5646e+00	 3.6258e-02	 3.2315e+02	 4.8796e+03
 8.6498e+03	 4.8342e+03	 1.5551e+00	 3.7970e-02	 3.2315e+02	 4.8820e+03
 1.2975e+04	 4.8342e+03	 1.5521e+00	 3.7851e-02	 3.2315e+02	 4.8846e+03
 1.9462e+04	 4.8342e+03	 1.5411e+00	 3.8810e-02	 3.2315e+02	 4.8872e+03
 2.9193e+04	 4.8342e+03	 1.5293e+00	 3.8329e-02	 3.2314e+02	 4.8896e+03
 4.3789e+04	 4.8342e+03	 1.5181e+00	 3.6061e-02	 3.2315e+02	 4.8922e+03
 6.5684e+04	 4.8342e+03	 1.5083e+00	 3.2415e-02	 3.2314e+02	 4.8947e+03
 9.8526e+04	 4.8342e+03	 1.5003e+00	 2.8594e-02	 3.2315e+02	 4.8973e+03
 1.4779e+05	 4.8342e+03	 1.4937e+00	 2.5093e-02	 3.2315e+02	 4.8998e+03
 2.2168e+05	 4.8342e+03	 1.4886e+00	 2.2183e-02	 3.2315e+02	 4.9026e+03
 3.3253e+05	 4.8342e+03	 1.4840e+00	 2.0003e-02	 3.2315e+02	 4.9051e+03
 4.9879e+05	 4.8342e+03	 1.4788e+00	 1.9087e-02	 3.2315e+02	 4.9075e+03
 7.4818e+05	 4.8342e+03	 1.4746e+00	 1.8266e-02	 3.2316e+02	 4.9101e+03
 9.0000e+05	 4.8342e+03	 1.4733e+00	 1.7886e-02	 3.2315e+02	 4.9127e+03
 1.0000e+02	 4.9100e+03	 1.6317e+00	 1.4695e-02	 3.2315e+02	 4.9221e+03
 1.5000e+02	 4.9100e+03	 1.6280e+00	 1.6680e-02	 3.2315e+02	 4.9245e+03
 2.2500e+02	 4.9100e+03	 1.6239e+00	 1.9126e-02	 3.2315e+02	 4.9296e+03
 3.3750e+02	 4.9100e+03	 1.6190e+00	 2.1585e-02	 3.2315e+02	 4.9321e+03
 5.0625e+02	 4.9100e+03	 1.6132e+00	 2.4216e-02	 3.2315e+02	 4.9348e+03
 7.5938e+02	 4.9100e+03	 1.6064e+00	 2.6902e-02	 3.2315e+02	 4.9376e+03
 1.1391e+03	 4.9100e+03	 1.5990e+00	 2.9273e-02	 3.2315e+02	 4.9426e+03
 1.7086e+03	 4.9100e+03	 1.5910e+00	 3.1420e-02	 3.2315e+02	 4.9452e+03
 2.5629e+03	 4.9100e+03	 1.5823e+00	 3.3101e-02	 3.2315e+02	 4.9506e+03
 3.8443e+03	 4.9100e+03	 1.5734e+00	 3.4652e-02	 3.2315e+02	 4.9531e+03
 5.7665e+03	 4.9100e+03	 1.5643e+00	 3.6209e-02	 3.2315e+02	 4.9557e+03
 8.6498e+03	 4.9100e+03	 1.5549e+00	 3.7909e-02	 3.2315e+02	 4.9582e+03
 1.2975e+04	 4.9100e+03	 1.5517e+00	 3.7800e-02	 3.2315e+02	 4.9607e+03
 1.9462e+04	 4.9100e+03	 1.5408e+00	 3.8755e-02	 3.2315e+02	 4.9634e+03
 2.9193e+04	 4.9100e+03	 1.5291e+00	 3.8242e-02	 3.2316e+02	 4.9658e+03
 4.3789e+04	 4.9100e+03	 1.5179e+00	 3.5959e-02	 3.2316e+02	 4.9682e+03
 6.5684e+04	 4.9100e+03	 1.5082e+00	 3.2315e-02	 3.2316e+02	 4.9709e+03
 9.8526e+04	 4.9100e+03	 1.5001e+00	 2.8511e-02	 3.2315e+02	 4.9733e+03
 1.4779e+05	 4.9100e+03	 1.4935e+00	 2.5016e-02	 3.2315e+02	 4.9761e+03
 2.2168e+05	 4.9100e+03	 1.4883e+00	 2.2129e-02	 3.2315e+02	 4.9786e+03
 3.3253e+05	 4.9100e+03	 1.4838e+00	 1.9981e-02	 3.2315e+02	 4.9814e+03
 4.9879e+05	 4.9100e+03	 1.4787e+00	 1.9031e-02	 3.2315e+02	 4.9838e+03
 7.4818e+05	 4.9100e+03	 1.4744e+00	 1.8178e-02	 3.2315e+02	 4.9862e+03
 9.0000e+05	 4.9100e+03	 1.4732e+00	 1.7728e-02	 3.2315e+02	 4.9889e+03
 1.0000e+02	 4.9862e+03	 1.6321e+00	 1.4776e-02	 3.2315e+02	 4.9984e+03
 1.5000e+02	 4.9862e+03	 1.6285e+00	 1.6730e-02	 3.2316e+02	 5.0008e+03
 2.2500e+02	 4.9862e+03	 1.6238e+00	 1.9151e-02	 3.2316e+02	 5.0059e+03
 3.3750e+02	 4.9862e+03	 1.6188e+00	 2.1643e-02	 3.2316e+02	 5.0083e+03
 5.0625e+02	 4.9862e+03	 1.6129e+00	 2.4257e-02	 3.2315e+02	 5.0108e+03
 7.5938e+02	 4.9862e+03	 1.6061e+00	 2.6892e-02	 3.2315e+02	 5.0133e+03
 1.1391e+03	 4.9862e+03	 1.5986e+00	 2.9312e-02	 3.2315e+02	 5.0184e+03
 1.7086e+03	 4.9862e+03	 1.5907e+00	 3.1434e-02	 3.2315e+02	 5.0211e+03
 2.5629e+03	 4.9862e+03	 1.5818e+00	 3.3144e-02	 3.2315e+02	 5.0261e+03
 3.8443e+03	 4.9862e+03	 1.5729e+00	 3.4631e-02	 3.2315e+02	 5.0286e+03
 5.7665e+03	 4.9862e+03	 1.5639e+00	 3.6209e-02	 3.2315e+02	 5.0310e+03
 8.6498e+03	 4.9862e+03	 1.5544e+00	 3.7909e-02	 3.2315e+02	 5.0336e+03
 1.2975e+04	 4.9862e+03	 1.5513e+00	 3.7762e-02	 3.2316e+02	 5.0361e+03
 1.9462e+04	 4.9862e+03	 1.5404e+00	 3.8687e-02	 3.2315e+02	 5.0386e+03
 2.9193e+04	 4.9862e+03	 1.5286e+00	 3.8157e-02	 3.2315e+02	 5.0412e+03
 4.3789e+04	 4.9862e+03	 1.5175e+00	 3.5868e-02	 3.2315e+02	 5.0437e+03
 6.5684e+04	 4.9862e+03	 1.5078e+00	 3.2238e-02	 3.2315e+02	 5.0464e+03
 9.8526e+04	 4.9862e+03	 1.4997e+00	 2.8447e-02	 3.2315e+02	 5.0488e+03
 1.4779e+05	 4.9862e+03	 1.4932e+00	 2.4943e-02	 3.2315e+02	 5.0516e+03
 2.2168e+05	 4.9862e+03	 1.4880e+00	 2.2070e-02	 3.2315e+02	 5.0541e+03
 3.3253e+05	 4.9862e+03	 1.4835e+00	 1.9866e-02	 3.2315e+02	 5.0566e+03
 4.9879e+05	 4.9862e+03	 1.4784e+00	 1.8996e-02	 3.2314e+02	 5.0592e+03
 7.4818e+05	 4.9862e+03	 1.4742e+00	 1.8228e-02	 3.2315e+02	 5.0617e+03
 9.0000e+05	 4.9862e+03	 1.4729e+00	 1.7722e-02	 3.2315e+02	 5.0644e+03
 1.0000e+02	 5.0617e+03	 1.6310e+00	 1.5037e-02	 3.2315e+02	 5.0735e+03
 1.5000e+02	 5.0617e+03	 1.6282e+00	 1.7518e-02	 3.2315e+02	 5.0761e+03
 2.2500e+02	 5.0617e+03	 1.6233e+00	 1.9102e-02	 3.2315e+02	 5.0814e+03
 3.3750e+02	 5.0617e+03	 1.6184e+00	 2.1688e-02	 3.2315e+02	 5.0839e+03
 5.0625e+02	 5.0617e+03	 1.6125e+00	 2.4308e-02	 3.2315e+02	 5.0863e+03
 7.5938e+02	 5.0617e+03	 1.6057e+00	 2.6941e-02	 3.2315e+02	 5.0888e+03
 1.1391e+03	 5.0617e+03	 1.5982e+00	 2.9328e-02	 3.2315e+02	 5.0941e+03
 1.7086e+03	 5.0617e+03	 1.5902e+00	 3.1432e-02	 3.2315e+02	 5.0966e+03
 2.5629e+03	 5.0617e+03	 1.5814e+00	 3.3122e-02	 3.2315e+02	 5.1018e+03
 3.8443e+03	 5.0617e+03	 1.5726e+00	 3.4623e-02	 3.2315e+02	 5.1042e+03
 5.7665e+03	 5.0617e+03	 1.5635e+00	 3.6173e-02	 3.2315e+02	 5.1071e+03
 8.6498e+03	 5.0617e+03	 1.5541e+00	 3.7855e-02	 3.2315e+02	 5.1095e+03
 1.2975e+04	 5.0617e+03	 1.5510e+00	 3.7731e-02	 3.2315e+02	 5.1124e+03
 1.9462e+04	 5.0617e+03	 1.5401e+00	 3.8639e-02	 3.2315e+02	 5.1149e+03
 2.9193e+04	 5.0617e+03	 1.5283e+00	 3.8057e-02	 3.2315e+02	 5.1176e+03
 4.3789e+04	 5.0617e+03	 1.5172e+00	 3.5761e-02	 3.2315e+02	 5.1200e+03
 6.5684e+04	 5.0617e+03	 1.5076e+00	 3.2126e-02	 3.2315e+02	 5.1226e+03
 9.8526e+04	 5.0617e+03	 1.4996e+00	 2.8348e-02	 3.2315e+02	 5.1253e+03
 1.4779e+05	 5.0617e+03	 1.4931e+00	 2.4890e-02	 3.2315e+02	 5.1278e+03
 2.2168e+05	 5.0617e+03	 1.4879e+00	 2.2032e-02	 3.2316e+02	 5.1304e+03
 3.3253e+05	 5.0617e+03	 1.4834e+00	 1.9804e-02	 3.2315e+02	 5.1328e+03
 4.9879e+05	 5.0617e+03	 1.4783e+00	 1.8958e-02	 3.2315e+02	 5.1352e+03
 7.4818e+05	 5.0617e+03	 1.4741e+00	 1.8110e-02	 3.2315e+02	 5.1378e+03
 9.0000e+05	 5.0617e+03	 1.4728e+00	 1.7709e-02	 3.2315e+02	 5.1404e+03
 1.0000e+02	 5.1378e+03	 1.6313e+00	 1.4621e-02	 3.2315e+02	 5.1499e+03
 1.5000e+02	 5.1378e+03	 1.6282e+00	 1.6840e-02	 3.2315e+02	 5.1526e+03
 2.2500e+02	 5.1378e+03	 1.6231e+00	 1.9148e-02	 3.2315e+02	 5.1575e+03
 3.3750e+02	 5.1378e+03	 1.6181e+00	 2.1737e-02	 3.2315e+02	 5.1601e+03
 5.0625e+02	 5.1378e+03	 1.6121e+00	 2.4401e-02	 3.2315e+02	 5.1626e+03
 7.5938e+02	 5.1378e+03	 1.6054e+00	 2.6998e-02	 3.2315e+02	 5.1651e+03
 1.1391e+03	 5.1378e+03	 1.5978e+00	 2.9419e-02	 3.2315e+02	 5.1702e+03
 1.7086e+03	 5.1378e+03	 1.5899e+00	 3.1415e-02	 3.2315e+02	 5.1728e+03
 2.5629e+03	 5.1378e+03	 1.5810e+00	 3.3129e-02	 3.2315e+02	 5.1781e+03
 3.8443e+03	 5.1378e+03	 1.5722e+00	 3.4599e-02	 3.2315e+02	 5.1806e+03
 5.7665e+03	 5.1378e+03	 1.5631e+00	 3.6141e-02	 3.2315e+02	 5.1830e+03
 8.6498e+03	 5.1378e+03	 1.5537e+00	 3.7805e-02	 3.2315e+02	 5.1855e+03
 1.2975e+04	 5.1378e+03	 1.5506e+00	 3.7675e-02	 3.2315e+02	 5.1880e+03
 1.9462e+04	 5.1378e+03	 1.5397e+00	 3.8537e-02	 3.2314e+02	 5.1908e+03
 2.9193e+04	 5.1378e+03	 1.5280e+00	 3.7972e-02	 3.2315e+02	 5.1933e+03
 4.3789e+04	 5.1378e+03	 1.5169e+00	 3.5686e-02	 3.2315e+02	 5.1961e+03
 6.5684e+04	 5.1378e+03	 1.5073e+00	 3.2040e-02	 3.2315e+02	 5.1986e+03
 9.8526e+04	 5.1378e+03	 1.4994e+00	 2.8272e-02	 3.2315e+02	 5.2011e+03
 1.4779e+05	 5.1378e+03	 1.4929e+00	 2.4831e-02	 3.2314e+02	 5.2038e+03
 2.2168e+05	 5.1378e+03	 1.4877e+00	 2.1979e-02	 3.2315e+02	 5.2066e+03
 3.3253e+05	 5.1378e+03	 1.4832e+00	 1.9822e-02	 3.2315e+02	 5.2091e+03
 4.9879e+05	 5.1378e+03	 1.4781e+00	 1.8917e-02	 3.2314e+02	 5.2115e+03
 7.4818e+05	 5.1378e+03	 1.4738e+00	 1.8134e-02	 3.2314e+02	 5.2141e+03
 9.0000e+05	 5.1378e+03	 1.4726e+00	 1.7637e-02	 3.2314e+02	 5.2166e+03
 1.0000e+02	 5.2140e+03	 1.6310e+00	 1.4640e-02	 3.2315e+02	 5.2261e+03
 1.5000e+02	 5.2140e+03	 1.6267e+00	 1.7206e-02	 3.2314e+02	 5.2285e+03
 2.2500e+02	 5.2140e+03	 1.6230e+00	 1.9268e-02	 3.2314e+02	 5.2336e+03
 3.3750e+02	 5.2140e+03	 1.6179e+00	 2.1786e-02	 3.2314e+02	 5.2361e+03
 5.0625e+02	 5.2140e+03	 1.6120e+00	 2.4443e-02	 3.2314e+02	 5.2388e+03
 7.5938e+02	 5.2140e+03	 1.6052e+00	 2.7002e-02	 3.2315e+02	 5.2412e+03
 1.1391e+03	 5.2140e+03	 1.5976e+00	 2.9359e-02	 3.2315e+02	 5.2463e+03
 1.7086e+03	 5.2140e+03	 1.5897e+00	 3.1439e-02	 3.2315e+02	 5.2489e+03
 2.5629e+03	 5.2140e+03	 1.5809e+00	 3.3084e-02	 3.2314e+02	 5.2541e+03
 3.8443e+03	 5.2140e+03	 1.5720e+00	 3.4599e-02	 3.2315e+02	 5.2568e+03
 5.7665e+03	 5.2140e+03	 1.5630e+00	 3.6120e-02	 3.2315e+02	 5.2592e+03
 8.6498e+03	 5.2140e+03	 1.5536e+00	 3.7794e-02	 3.2315e+02	 5.2619e+03
 1.2975e+04	 5.2140e+03	 1.5505e+00	 3.7611e-02	 3.2315e+02	 5.2644e+03
 1.9462e+04	 5.2140e+03	 1.5396e+00	 3.8469e-02	 3.2315e+02	 5.2669e+03
 2.9193e+04	 5.2140e+03	 1.5280e+00	 3.7918e-02	 3.2315e+02	 5.2696e+03
 4.3789e+04	 5.2140e+03	 1.5169e+00	 3.5601e-02	 3.2315e+02	 5.2720e+03
 6.5684e+04	 5.2140e+03	 1.5073e+00	 3.2004e-02	 3.2315e+02	 5.2749e+03
 9.8526e+04	 5.2140e+03	 1.4993e+00	 2.8225e-02	 3.2315e+02	 5.2773e+03
 1.4779e+05	 5.2140e+03	 1.4928e+00	 2.4791e-02	 3.2315e+02	 5.2798e+03
 2.2168e+05	 5.2140e+03	 1.4877e+00	 2.1950e-02	 3.2316e+02	 5.2824e+03
 3.3253e+05	 5.2140e+03	 1.4832e+00	 1.9762e-02	 3.2315e+02	 5.2848e+03
 4.9879e+05	 5.2140e+03	 1.4782e+00	 1.8873e-02	 3.2315e+02	 5.2874e+03
 7.4818e+05	 5.2140e+03	 1.4739e+00	 1.8060e-02	 3.2315e+02	 5.2899e+03
 9.0000e+05	 5.2140e+03	 1.4726e+00	 1.7678e-02	 3.2315e+02	 5.2924e+03
 1.0000e+02	 5.2898e+03	 1.6312e+00	 1.4716e-02	 3.2316e+02	 5.3018e+03
 1.5000e+02	 5.2898e+03	 1.6268e+00	 1.7508e-02	 3.2315e+02	 5.3043e+03
 2.2500e+02	 5.2898e+03	 1.6227e+00	 1.9276e-02	 3.2315e+02	 5.3099e+03
 3.3750e+02	 5.2898e+03	 1.6175e+00	 2.1883e-02	 3.2315e+02	 5.3123e+03
 5.0625e+02	 5.2898e+03	 1.6116e+00	 2.4520e-02	 3.2315e+02	 5.3148e+03
 7.5938e+02	 5.2898e+03	 1.6048e+00	 2.7118e-02	 3.2315e+02	 5.3173e+03
 1.1391e+03	 5.2898e+03	 1.5972e+00	 2.9429e-02	 3.2315e+02	 5.3226e+03
 1.7086e+03	 5.2898e+03	 1.5892e+00	 3.1508e-02	 3.2315e+02	 5.3251e+03
 2.5629e+03	 5.2898e+03	 1.5803e+00	 3.3094e-02	 3.2315e+02	 5.3303e+03
 3.8443e+03	 5.2898e+03	 1.5716e+00	 3.4556e-02	 3.2314e+02	 5.3328e+03
 5.7665e+03	 5.2898e+03	 1.5625e+00	 3.6087e-02	 3.2315e+02	 5.3354e+03
 8.6498e+03	 5.2898e+03	 1.5531e+00	 3.7798e-02	 3.2314e+02	 5.3379e+03
 1.2975e+04	 5.2898e+03	 1.5500e+00	 3.7566e-02	 3.2315e+02	 5.3403e+03
 1.9462e+04	 5.2898e+03	 1.5391e+00	 3.8430e-02	 3.2315e+02	 5.3429e+03
 2.9193e+04	 5.2898e+03	 1.5275e+00	 3.7829e-02	 3.2315e+02	 5.3453e+03
 4.3789e+04	 5.2898e+03	 1.5165e+00	 3.5519e-02	 3.2315e+02	 5.3482e+03
 6.5684e+04	 5.2898e+03	 1.5069e+00	 3.1928e-02	 3.2315e+02	 5.3507e+03
 9.8526e+04	 5.2898e+03	 1.4990e+00	 2.8136e-02	 3.2315e+02	 5.3534e+03
 1.4779e+05	 5.2898e+03	 1.4925e+00	 2.4700e-02	 3.2315e+02	 5.3559e+03
 2.2168e+05	 5.2898e+03	 1.4874e+00	 2.1867e-02	 3.2315e+02	 5.3584e+03
 3.3253e+05	 5.2898e+03	 1.4830e+00	 1.9735e-02	 3.2315e+02	 5.3609e+03
 4.9879e+05	 5.2898e+03	 1.4778e+00	 1.8827e-02	 3.2316e+02	 5.3633e+03
 7.4818e+05	 5.2898e+03	 1.4736e+00	 1.8045e-02	 3.2315e+02	 5.3658e+03
 9.0000e+05	 5.2898e+03	 1.4724e+00	 1.7591e-02	 3.2315e+02	 5.3684e+03
 1.0000e+02	 5.3657e+03	 1.6305e+00	 1.4682e-02	 3.2315e+02	 5.3776e+03
 1.5000e+02	 5.3657e+03	 1.6267e+00	 1.6523e-02	 3.2315e+02	 5.3801e+03
 2.2500e+02	 5.3657e+03	 1.6223e+00	 1.9389e-02	 3.2316e+02	 5.3854e+03
 3.3750e+02	 5.3657e+03	 1.6173e+00	 2.1861e-02	 3.2314e+02	 5.3878e+03
 5.0625e+02	 5.3657e+03	 1.6114e+00	 2.4508e-02	 3.2315e+02	 5.3903e+03
 7.5938e+02	 5.3657e+03	 1.6045e+00	 2.7122e-02	 3.2314e+02	 5.3930e+03
 1.1391e+03	 5.3657e+03	 1.5970e+00	 2.9472e-02	 3.2315e+02	 5.3983e+03
 1.7086e+03	 5.3657e+03	 1.5889e+00	 3.1513e-02	 3.2315e+02	 5.4009e+03
 2.5629e+03	 5.3657e+03	 1.5801e+00	 3.3135e-02	 3.2315e+02	 5.4061e+03
 3.8443e+03	 5.3657e+03	 1.5713e+00	 3.4560e-02	 3.2315e+02	 5.4085e+03
 5.7665e+03	 5.3657e+03	 1.5622e+00	 3.6081e-02	 3.2315e+02	 5.4111e+03
 8.6498e+03	 5.3657e+03	 1.5528e+00	 3.7708e-02	 3.2315e+02	 5.4135e+03
 1.2975e+04	 5.3657e+03	 1.5496e+00	 3.7517e-02	 3.2315e+02	 5.4159e+03
 1.9462e+04	 5.3657e+03	 1.5388e+00	 3.8354e-02	 3.2315e+02	 5.4187e+03
 2.9193e+04	 5.3657e+03	 1.5272e+00	 3.7738e-02	 3.2315e+02	 5.4211e+03
 4.3789e+04	 5.3657e+03	 1.5162e+00	 3.5441e-02	 3.2315e+02	 5.4236e+03
 6.5684e+04	 5.3657e+03	 1.5067e+00	 3.1807e-02	 3.2316e+02	 5.4263e+03
 9.8526e+04	 5.3657e+03	 1.4987e+00	 2.8072e-02	 3.2315e+02	 5.4288e+03
 1.4779e+05	 5.3657e+03	 1.4923e+00	 2.4647e-02	 3.2315e+02	 5.4313e+03
 2.2168e+05	 5.3657e+03	 1.4872e+00	 2.1833e-02	 3.2315e+02	 5.4339e+03
 3.3253e+05	 5.3657e+03	 1.4828e+00	 1.9689e-02	 3.2315e+02	 5.4366e+03
 4.9879e+05	 5.3657e+03	 1.4776e+00	 1.8818e-02	 3.2315e+02	 5.4391e+03
 7.4818e+05	 5.3657e+03	 1.4734e+00	 1.8036e-02	 3.2315e+02	 5.4416e+03
 9.0000e+05	 5.3657e+03	 1.4722e+00	 1.7522e-02	 3.2315e+02	 5.4441e+03
 1.0000e+02	 5.4414e+03	 1.6299e+00	 1.5034e-02	 3.2313e+02	 5.4533e+03
 1.5000e+02	 5.4414e+03	 1.6266e+00	 1.6567e-02	 3.2315e+02	 5.4558e+03
 2.2500e+02	 5.4414e+03	 1.6221e+00	 1.9561e-02	 3.2315e+02	 5.4611e+03
 3.3750e+02	 5.4414e+03	 1.6170e+00	 2.1920e-02	 3.2315e+02	 5.4635e+03
 5.0625e+02	 5.4414e+03	 1.6111e+00	 2.4621e-02	 3.2315e+02	 5.4660e+03
 7.5938e+02	 5.4414e+03	 1.6042e+00	 2.7152e-02	 3.2316e+02	 5.4686e+03
 1.1391e+03	 5.4414e+03	 1.5966e+00	 2.9459e-02	 3.2315e+02	 5.4739e+03
 1.7086e+03	 5.4414e+03	 1.5885e+00	 3.1469e-02	 3.2315e+02	 5.4764e+03
 2.5629e+03	 5.4414e+03	 1.5797e+00	 3.3078e-02	 3.2315e+02	 5.4816e+03
 3.8443e+03	 5.4414e+03	 1.5709e+00	 3.4493e-02	 3.2315e+02	 5.4841e+03
 5.7665e+03	 5.4414e+03	 1.5619e+00	 3.6071e-02	 3.2315e+02	 5.4866e+03
 8.6498e+03	 5.4414e+03	 1.5525e+00	 3.7691e-02	 3.2315e+02	 5.4890e+03
 1.2975e+04	 5.4414e+03	 1.5493e+00	 3.7465e-02	 3.2315e+02	 5.4917e+03
 1.9462e+04	 5.4414e+03	 1.5385e+00	 3.8306e-02	 3.2315e+02	 5.4942e+03
 2.9193e+04	 5.4414e+03	 1.5268e+00	 3.7698e-02	 3.2315e+02	 5.4971e+03
 4.3789e+04	 5.4414e+03	 1.5159e+00	 3.5319e-02	 3.2316e+02	 5.4996e+03
 6.5684e+04	 5.4414e+03	 1.5064e+00	 3.1716e-02	 3.2314e+02	 5.5020e+03
 9.8526e+04	 5.4414e+03	 1.4985e+00	 2.7998e-02	 3.2315e+02	 5.5046e+03
 1.4779e+05	 5.4414e+03	 1.4921e+00	 2.4589e-02	 3.2315e+02	 5.5071e+03
 2.2168e+05	 5.4414e+03	 1.4870e+00	 2.1777e-02	 3.2314e+02	 5.5096e+03
 3.3253e+05	 5.4414e+03	 1.4826e+00	 1.9617e-02	 3.2315e+02	 5.5122e+03
 4.9879e+05	 5.4414e+03	 1.4775e+00	 1.8795e-02	 3.2315e+02	 5.5148e+03
 7.4818e+05	 5.4414e+03	 1.4733e+00	 1.7977e-02	 3.2315e+02	 5.5174e+03
 9.0000e+05	 5.4414e+03	 1.4721e+00	 1.7529e-02	 3.2315e+02	 5.5199e+03
 1.0000e+02	 5.5173e+03	 1.6305e+00	 1.5057e-02	 3.2315e+02	 5.5293e+03
 1.5000e+02	 5.5173e+03	 1.6266e+00	 1.7168e-02	 3.2315e+02	 5.5317e+03
 2.2500e+02	 5.5173e+03	 1.6218e+00	 1.9502e-02	 3.2315e+02	 5.5369e+03
 3.3750e+02	 5.5173e+03	 1.6166e+00	 2.2000e-02	 3.2315e+02	 5.5394e+03
 5.0625e+02	 5.5173e+03	 1.6107e+00	 2.4617e-02	 3.2315e+02	 5.5420e+03
 7.5938e+02	 5.5173e+03	 1.6039e+00	 2.7167e-02	 3.2315e+02	 5.5445e+03
 1.1391e+03	 5.5173e+03	 1.5962e+00	 2.9477e-02	 3.2315e+02	 5.5496e+03
 1.7086e+03	 5.5173e+03	 1.5882e+00	 3.1506e-02	 3.2315e+02	 5.5520e+03
 2.5629e+03	 5.5173e+03	 1.5794e+00	 3.3063e-02	 3.2315e+02	 5.5571e+03
 3.8443e+03	 5.5173e+03	 1.5705e+00	 3.4532e-02	 3.2314e+02	 5.5596e+03
 5.7665e+03	 5.5173e+03	 1.5616e+00	 3.6003e-02	 3.2315e+02	 5.5622e+03
 8.6498e+03	 5.5173e+03	 1.5522e+00	 3.7653e-02	 3.2315e+02	 5.5648e+03
 1.2975e+04	 5.5173e+03	 1.5490e+00	 3.7427e-02	 3.2315e+02	 5.5673e+03
 1.9462e+04	 5.5173e+03	 1.5382e+00	 3.8231e-02	 3.2315e+02	 5.5699e+03
 2.9193e+04	 5.5173e+03	 1.5266e+00	 3.7593e-02	 3.2315e+02	 5.5723e+03
 4.3789e+04	 5.5173e+03	 1.5156e+00	 3.5270e-02	 3.2314e+02	 5.5749e+03
 6.5684e+04	 5.5173e+03	 1.5062e+00	 3.1639e-02	 3.2315e+02	 5.5773e+03
 9.8526e+04	 5.5173e+03	 1.4983e+00	 2.7902e-02	 3.2315e+02	 5.5798e+03
 1.4779e+05	 5.5173e+03	 1.4920e+00	 2.4545e-02	 3.2315e+02	 5.5823e+03
 2.2168e+05	 5.5173e+03	 1.4868e+00	 2.1716e-02	 3.2315e+02	 5.5849e+03
 3.3253e+05	 5.5173e+03	 1.4824e+00	 1.9612e-02	 3.2315e+02	 5.5873e+03
 4.9879e+05	 5.5173e+03	 1.4773e+00	 1.8715e-02	 3.2316e+02	 5.5899e+03
 7.4818e+05	 5.5173e+03	 1.4732e+00	 1.7913e-02	 3.2315e+02	 5.5923e+03
 9.0000e+05	 5.5173e+03	 1.4719e+00	 1.7544e-02	 3.2315e+02	 5.5952e+03
 1.0000e+02	 5.5925e+03	 1.6295e+00	 1.4918e-02	 3.2315e+02	 5.6044e+03
 1.5000e+02	 5.5925e+03	 1.6257e+00	 1.7617e-02	 3.2315e+02	 5.6071e+03
 2.2500e+02	 5.5925e+03	 1.6217e+00	 1.9462e-02	 3.2315e+02	 5.6123e+03
 3.3750e+02	 5.5925e+03	 1.6164e+00	 2.2018e-02	 3.2315e+02	 5.6148e+03
 5.0625e+02	 5.5925e+03	 1.6104e+00	 2.4672e-02	 3.2315e+02	 5.6173e+03
 7.5938e+02	 5.5925e+03	 1.6035e+00	 2.7168e-02	 3.2315e+02	 5.6199e+03
 1.1391e+03	 5.5925e+03	 1.5959e+00	 2.9534e-02	 3.2315e+02	 5.6252e+03
 1.7086e+03	 5.5925e+03	 1.5879e+00	 3.1524e-02	 3.2315e+02	 5.6278e+03
 2.5629e+03	 5.5925e+03	 1.5791e+00	 3.3097e-02	 3.2315e+02	 5.6328e+03
 3.8443e+03	 5.5925e+03	 1.5702e+00	 3.4507e-02	 3.2315e+02	 5.6353e+03
 5.7665e+03	 5.5925e+03	 1.5612e+00	 3.5977e-02	 3.2315e+02	 5.6379e+03
 8.6498e+03	 5.5925e+03	 1.5518e+00	 3.7619e-02	 3.2315e+02	 5.6403e+03
 1.2975e+04	 5.5925e+03	 1.5487e+00	 3.7395e-02	 3.2315e+02	 5.6428e+03
 1.9462e+04	 5.5925e+03	 1.5378e+00	 3.8146e-02	 3.2315e+02	 5.6454e+03
 2.9193e+04	 5.5925e+03	 1.5263e+00	 3.7495e-02	 3.2315e+02	 5.6478e+03
 4.3789e+04	 5.5925e+03	 1.5154e+00	 3.5188e-02	 3.2315e+02	 5.6502e+03
 6.5684e+04	 5.5925e+03	 1.5059e+00	 3.1601e-02	 3.2315e+02	 5.6529e+03
 9.8526e+04	 5.5925e+03	 1.4981e+00	 2.7837e-02	 3.2315e+02	 5.6553e+03
 1.4779e+05	 5.5925e+03	 1.4917e+00	 2.4471e-02	 3.2315e+02	 5.6581e+03
 2.2168e+05	 5.5925e+03	 1.4867e+00	 2.1688e-02	 3.2315e+02	 5.6607e+03
 3.3253e+05	 5.5925e+03	 1.4822e+00	 1.9563e-02	 3.2315e+02	 5.6634e+03
 4.9879e+05	 5.5925e+03	 1.4772e+00	 1.8702e-02	 3.2315e+02	 5.6659e+03
 7.4818e+05	 5.5925e+03	 1.4730e+00	 1.7927e-02	 3.2315e+02	 5.6683e+03
 9.0000e+05	 5.5925e+03	 1.4718e+00	 1.7444e-02	 3.2315e+02	 5.6710e+03
 1.0000e+02	 5.6683e+03	 1.6298e+00	 1.5676e-02	 3.2315e+02	 5.6801e+03
 1.5000e+02	 5.6683e+03	 1.6262e+00	 1.6008e-02	 3.2315e+02	 5.6826e+03
 2.2500e+02	 5.6683e+03	 1.6214e+00	 1.9614e-02	 3.2315e+02	 5.6876e+03
 3.3750e+02	 5.6683e+03	 1.6161e+00	 2.2106e-02	 3.2315e+02	 5.6901e+03
 5.0625e+02	 5.6683e+03	 1.6101e+00	 2.4670e-02	 3.2315e+02	 5.6926e+03
 7.5938e+02	 5.6683e+03	 1.6032e+00	 2.7310e-02	 3.2315e+02	 5.6951e+03
 1.1391e+03	 5.6683e+03	 1.5956e+00	 2.9549e-02	 3.2315e+02	 5.7003e+03
 1.7086e+03	 5.6683e+03	 1.5875e+00	 3.1522e-02	 3.2314e+02	 5.7029e+03
 2.5629e+03	 5.6683e+03	 1.5788e+00	 3.3059e-02	 3.2315e+02	 5.7082e+03
 3.8443e+03	 5.6683e+03	 1.5699e+00	 3.4472e-02	 3.2314e+02	 5.7106e+03
 5.7665e+03	 5.6683e+03	 1.5609e+00	 3.5939e-02	 3.2315e+02	 5.7131e+03
 8.6498e+03	 5.6683e+03	 1.5516e+00	 3.7565e-02	 3.2315e+02	 5.7156e+03
 1.2975e+04	 5.6683e+03	 1.5483e+00	 3.7345e-02	 3.2315e+02	 5.7181e+03
 1.9462e+04	 5.6683e+03	 1.5375e+00	 3.8122e-02	 3.2315e+02	 5.7209e+03
 2.9193e+04	 5.6683e+03	 1.5260e+00	 3.7465e-02	 3.2315e+02	 5.7233e+03
 4.3789e+04	 5.6683e+03	 1.5152e+00	 3.5124e-02	 3.2315e+02	 5.7258e+03
 6.5684e+04	 5.6683e+03	 1.5058e+00	 3.1512e-02	 3.2315e+02	 5.7284e+03
 9.8526e+04	 5.6683e+03	 1.4980e+00	 2.7776e-02	 3.2315e+02	 5.7308e+03
 1.4779e+05	 5.6683e+03	 1.4916e+00	 2.4424e-02	 3.2315e+02	 5.7332e+03
 2.2168e+05	 5.6683e+03	 1.4865e+00	 2.1614e-02	 3.2315e+02	 5.7359e+03
 3.3253e+05	 5.6683e+03	 1.4821e+00	 1.9470e-02	 3.2315e+02	 5.7384e+03
 4.9879e+05	 5.6683e+03	 1.4771e+00	 1.8684e-02	 3.2315e+02	 5.7412e+03
 7.4818e+05	 5.6683e+03	 1.4729e+00	 1.7874e-02	 3.2314e+02	 5.7436e+03
 9.0000e+05	 5.6683e+03	 1.4717e+00	 1.7494e-02	 3.2315e+02	 5.7464e+03
 1.0000e+02	 5.7438e+03	 1.6295e+00	 1.4863e-02	 3.2315e+02	 5.7556e+03
 1.5000e+02	 5.7438e+03	 1.6242e+00	 1.8197e-02	 3.2315e+02	 5.7582e+03
 2.2500e+02	 5.7438e+03	 1.6211e+00	 1.9731e-02	 3.2314e+02	 5.7634e+03
 3.3750e+02	 5.7438e+03	 1.6159e+00	 2.2122e-02	 3.2315e+02	 5.7658e+03
 5.0625e+02	 5.7438e+03	 1.6099e+00	 2.4687e-02	 3.2315e+02	 5.7683e+03
 7.5938e+02	 5.7438e+03	 1.6029e+00	 2.7321e-02	 3.2315e+02	 5.7709e+03
 1.1391e+03	 5.7438e+03	 1.5953e+00	 2.9565e-02	 3.2315e+02	 5.7762e+03
 1.7086e+03	 5.7438e+03	 1.5873e+00	 3.1540e-02	 3.2315e+02	 5.7786e+03
 2.5629e+03	 5.7438e+03	 1.5785e+00	 3.3112e-02	 3.2315e+02	 5.7838e+03
 3.8443e+03	 5.7438e+03	 1.5697e+00	 3.4463e-02	 3.2315e+02	 5.7862e+03
 5.7665e+03	 5.7438e+03	 1.5607e+00	 3.5947e-02	 3.2315e+02	 5.7889e+03
 8.6498e+03	 5.7438e+03	 1.5513e+00	 3.7566e-02	 3.2316e+02	 5.7914e+03
 1.2975e+04	 5.7438e+03	 1.5481e+00	 3.7303e-02	 3.2316e+02	 5.7942e+03
 1.9462e+04	 5.7438e+03	 1.5373e+00	 3.8032e-02	 3.2315e+02	 5.7968e+03
 2.9193e+04	 5.7438e+03	 1.5258e+00	 3.7376e-02	 3.2315e+02	 5.7993e+03
 4.3789e+04	 5.7438e+03	 1.5150e+00	 3.5019e-02	 3.2315e+02	 5.8020e+03
 6.5684e+04	 5.7438e+03	 1.5055e+00	 3.1406e-02	 3.2315e+02	 5.8045e+03
 9.8526e+04	 5.7438e+03	 1.4978e+00	 2.7713e-02	 3.2315e+02	 5.8071e+03
 1.4779e+05	 5.7438e+03	 1.4914e+00	 2.4341e-02	 3.2315e+02	 5.8096e+03
 2.2168e+05	 5.7438e+03	 1.4864e+00	 2.1602e-02	 3.2315e+02	 5.8124e+03
 3.3253e+05	 5.7438e+03	 1.4820e+00	 1.9493e-02	 3.2316e+02	 5.8150e+03
 4.9879e+05	 5.7438e+03	 1.4769e+00	 1.8617e-02	 3.2315e+02	 5.8178e+03
 7.4818e+05	 5.7438e+03	 1.4727e+00	 1.7826e-02	 3.2315e+02	 5.8203e+03
 9.0000e+05	 5.7438e+03	 1.4715e+00	 1.7441e-02	 3.2315e+02	 5.8230e+03
 1.0000e+02	 5.8203e+03	 1.6292e+00	 1.5850e-02	 3.2315e+02	 5.8321e+03
 1.5000e+02	 5.8203e+03	 1.6266e+00	 1.7396e-02	 3.2315e+02	 5.8348e+03
 2.2500e+02	 5.8203e+03	 1.6207e+00	 1.9697e-02	 3.2316e+02	 5.8401e+03
 3.3750e+02	 5.8203e+03	 1.6156e+00	 2.2196e-02	 3.2315e+02	 5.8425e+03
 5.0625e+02	 5.8203e+03	 1.6096e+00	 2.4780e-02	 3.2316e+02	 5.8452e+03
 7.5938e+02	 5.8203e+03	 1.6027e+00	 2.7286e-02	 3.2315e+02	 5.8478e+03
 1.1391e+03	 5.8203e+03	 1.5951e+00	 2.9630e-02	 3.2316e+02	 5.8531e+03
 1.7086e+03	 5.8203e+03	 1.5870e+00	 3.1544e-02	 3.2315e+02	 5.8555e+03
 2.5629e+03	 5.8203e+03	 1.5781e+00	 3.3032e-02	 3.2316e+02	 5.8606e+03
 3.8443e+03	 5.8203e+03	 1.5693e+00	 3.4455e-02	 3.2315e+02	 5.8633e+03
 5.7665e+03	 5.8203e+03	 1.5603e+00	 3.5900e-02	 3.2315e+02	 5.8658e+03
 8.6498e+03	 5.8203e+03	 1.5510e+00	 3.7560e-02	 3.2315e+02	 5.8684e+03
 1.2975e+04	 5.8203e+03	 1.5477e+00	 3.7218e-02	 3.2315e+02	 5.8709e+03
 1.9462e+04	 5.8203e+03	 1.5369e+00	 3.7981e-02	 3.2315e+02	 5.8734e+03
 2.9193e+04	 5.8203e+03	 1.5254e+00	 3.7295e-02	 3.2315e+02	 5.8761e+03
 4.3789e+04	 5.8203e+03	 1.5147e+00	 3.4933e-02	 3.2314e+02	 5.8785e+03
 6.5684e+04	 5.8203e+03	 1.5053e+00	 3.1361e-02	 3.2315e+02	 5.8810e+03
 9.8526e+04	 5.8203e+03	 1.4975e+00	 2.7636e-02	 3.2315e+02	 5.8836e+03
 1.4779e+05	 5.8203e+03	 1.4912e+00	 2.4293e-02	 3.2315e+02	 5.8860e+03
 2.2168e+05	 5.8203e+03	 1.4862e+00	 2.1551e-02	 3.2315e+02	 5.8889e+03
 3.3253e+05	 5.8203e+03	 1.4817e+00	 1.9434e-02	 3.2315e+02	 5.8913e+03
 4.9879e+05	 5.8203e+03	 1.4767e+00	 1.8619e-02	 3.2315e+02	 5.8938e+03
 7.4818e+05	 5.8203e+03	 1.4726e+00	 1.7814e-02	 3.2315e+02	 5.8964e+03
 9.0000e+05	 5.8203e+03	 1.4714e+00	 1.7390e-02	 3.2315e+02	 5.8989e+03
 1.0000e+02	 5.8963e+03	 1.6284e+00	 1.5558e-02	 3.2315e+02	 5.9082e+03
 1.5000e+02	 5.8963e+03	 1.6253e+00	 1.7508e-02	 3.2315e+02	 5.9106e+03
 2.2500e+02	 5.8963e+03	 1.6205e+00	 1.9681e-02	 3.2315e+02	 5.9156e+03
 3.3750e+02	 5.8963e+03	 1.6153e+00	 2.2204e-02	 3.2315e+02	 5.9182e+03
 5.0625e+02	 5.8963e+03	 1.6092e+00	 2.4803e-02	 3.2315e+02	 5.9209e+03
 7.5938e+02	 5.8963e+03	 1.6023e+00	 2.7337e-02	 3.2315e+02	 5.9234e+03
 1.1391e+03	 5.8963e+03	 1.5946e+00	 2.9621e-02	 3.2315e+02	 5.9285e+03
 1.7086e+03	 5.8963e+03	 1.5866e+00	 3.1555e-02	 3.2315e+02	 5.9311e+03
 2.5629e+03	 5.8963e+03	 1.5778e+00	 3.3075e-02	 3.2315e+02	 5.9361e+03
 3.8443e+03	 5.8963e+03	 1.5690e+00	 3.4464e-02	 3.2315e+02	 5.9385e+03
 5.7665e+03	 5.8963e+03	 1.5600e+00	 3.5858e-02	 3.2315e+02	 5.9411e+03
 8.6498e+03	 5.8963e+03	 1.5507e+00	 3.7453e-02	 3.2315e+02	 5.9436e+03
 1.2975e+04	 5.8963e+03	 1.5474e+00	 3.7211e-02	 3.2315e+02	 5.9462e+03
 1.9462e+04	 5.8963e+03	 1.5367e+00	 3.7935e-02	 3.2315e+02	 5.9489e+03
 2.9193e+04	 5.8963e+03	 1.5251e+00	 3.7238e-02	 3.2315e+02	 5.9513e+03
 4.3789e+04	 5.8963e+03	 1.5144e+00	 3.4870e-02	 3.2315e+02	 5.9538e+03
 6.5684e+04	 5.8963e+03	 1.5051e+00	 3.1266e-02	 3.2315e+02	 5.9563e+03
 9.8526e+04	 5.8963e+03	 1.4973e+00	 2.7571e-02	 3.2316e+02	 5.9590e+03
 1.4779e+05	 5.8963e+03	 1.4911e+00	 2.4240e-02	 3.2315e+02	 5.9614e+03
 2.2168e+05	 5.8963e+03	 1.4860e+00	 2.1505e-02	 3.2315e+02	 5.9640e+03
 3.3253e+05	 5.8963e+03	 1.4816e+00	 1.9389e-02	 3.2315e+02	 5.9666e+03
 4.9879e+05	 5.8963e+03	 1.4766e+00	 1.8551e-02	 3.2315e+02	 5.9691e+03
 7.4818e+05	 5.8963e+03	 1.4724e+00	 1.7863e-02	 3.2315e+02	 5.9715e+03
 9.0000e+05	 5.8963e+03	 1.4712e+00	 1.7379e-02	 3.2315e+02	 5.9742e+03
 1.0000e+02	 5.9715e+03	 1.6290e+00	 1.5456e-02	 3.2315e+02	 5.9831e+03
 1.5000e+02	 5.9715e+03	 1.6254e+00	 1.7925e-02	 3.2316e+02	 5.9858e+03
 2.2500e+02	 5.9715e+03	 1.6202e+00	 1.9836e-02	 3.2315e+02	 5.9911e+03
 3.3750e+02	 5.9715e+03	 1.6150e+00	 2.2225e-02	 3.2315e+02	 5.9936e+03
 5.0625e+02	 5.9715e+03	 1.6089e+00	 2.4865e-02	 3.2316e+02	 5.9960e+03
 7.5938e+02	 5.9715e+03	 1.6020e+00	 2.7366e-02	 3.2315e+02	 5.9986e+03
 1.1391e+03	 5.9715e+03	 1.5943e+00	 2.9665e-02	 3.2315e+02	 6.0037e+03
 1.7086e+03	 5.9715e+03	 1.5863e+00	 3.1548e-02	 3.2315e+02	 6.0062e+03
 2.5629e+03	 5.9715e+03	 1.5775e+00	 3.3075e-02	 3.2316e+02	 6.0114e+03
 3.8443e+03	 5.9715e+03	 1.5687e+00	 3.4411e-02	 3.2315e+02	 6.0138e+03
 5.7665e+03	 5.9715e+03	 1.5597e+00	 3.5855e-02	 3.2315e+02	 6.0162e+03
 8.6498e+03	 5.9715e+03	 1.5504e+00	 3.7431e-02	 3.2316e+02	 6.0188e+03
 1.2975e+04	 5.9715e+03	 1.5471e+00	 3.7170e-02	 3.2315e+02	 6.0212e+03
 1.9462e+04	 5.9715e+03	 1.5363e+00	 3.7867e-02	 3.2315e+02	 6.0241e+03
 2.9193e+04	 5.9715e+03	 1.5249e+00	 3.7175e-02	 3.2315e+02	 6.0266e+03
 4.3789e+04	 5.9715e+03	 1.5141e+00	 3.4785e-02	 3.2315e+02	 6.0292e+03
 6.5684e+04	 5.9715e+03	 1.5048e+00	 3.1208e-02	 3.2315e+02	 6.0316e+03
 9.8526e+04	 5.9715e+03	 1.4971e+00	 2.7527e-02	 3.2315e+02	 6.0341e+03
 1.4779e+05	 5.9715e+03	 1.4908e+00	 2.4193e-02	 3.2315e+02	 6.0368e+03
 2.2168e+05	 5.9715e+03	 1.4858e+00	 2.1438e-02	 3.2315e+02	 6.0394e+03
 3.3253e+05	 5.9715e+03	 1.4814e+00	 1.9360e-02	 3.2315e+02	 6.0418e+03
 4.9879e+05	 5.9715e+03	 1.4764e+00	 1.8565e-02	 3.2315e+02	 6.0446e+03
 7.4818e+05	 5.9715e+03	 1.4722e+00	 1.7800e-02	 3.2315e+02	 6.0474e+03
 9.0000e+05	 5.9715e+03	 1.4710e+00	 1.7343e-02	 3.2315e+02	 6.0499e+03
 1.0000e+02	 6.0473e+03	 1.6280e+00	 1.5182e-02	 3.2315e+02	 6.0595e+03
 1.5000e+02	 6.0473e+03	 1.6250e+00	 1.7891e-02	 3.2314e+02	 6.0618e+03
 2.2500e+02	 6.0473e+03	 1.6200e+00	 1.9784e-02	 3.2315e+02	 6.0671e+03
 3.3750e+02	 6.0473e+03	 1.6147e+00	 2.2323e-02	 3.2315e+02	 6.0697e+03
 5.0625e+02	 6.0473e+03	 1.6086e+00	 2.4931e-02	 3.2315e+02	 6.0721e+03
 7.5938e+02	 6.0473e+03	 1.6017e+00	 2.7435e-02	 3.2315e+02	 6.0746e+03
 1.1391e+03	 6.0473e+03	 1.5940e+00	 2.9676e-02	 3.2315e+02	 6.0799e+03
 1.7086e+03	 6.0473e+03	 1.5859e+00	 3.1533e-02	 3.2315e+02	 6.0826e+03
 2.5629e+03	 6.0473e+03	 1.5772e+00	 3.3038e-02	 3.2315e+02	 6.0876e+03
 3.8443e+03	 6.0473e+03	 1.5683e+00	 3.4421e-02	 3.2315e+02	 6.0903e+03
 5.7665e+03	 6.0473e+03	 1.5594e+00	 3.5836e-02	 3.2315e+02	 6.0928e+03
 8.6498e+03	 6.0473e+03	 1.5500e+00	 3.7407e-02	 3.2315e+02	 6.0954e+03
 1.2975e+04	 6.0473e+03	 1.5467e+00	 3.7114e-02	 3.2315e+02	 6.0978e+03
 1.9462e+04	 6.0473e+03	 1.5360e+00	 3.7808e-02	 3.2315e+02	 6.1006e+03
 2.9193e+04	 6.0473e+03	 1.5246e+00	 3.7104e-02	 3.2315e+02	 6.1031e+03
 4.3789e+04	 6.0473e+03	 1.5138e+00	 3.4716e-02	 3.2315e+02	 6.1056e+03
 6.5684e+04	 6.0473e+03	 1.5046e+00	 3.1125e-02	 3.2315e+02	 6.1082e+03
 9.8526e+04	 6.0473e+03	 1.4969e+00	 2.7461e-02	 3.2315e+02	 6.1108e+03
 1.4779e+05	 6.0473e+03	 1.4906e+00	 2.4142e-02	 3.2314e+02	 6.1136e+03
 2.2168e+05	 6.0473e+03	 1.4856e+00	 2.1390e-02	 3.2315e+02	 6.1162e+03
 3.3253e+05	 6.0473e+03	 1.4812e+00	 1.9316e-02	 3.2314e+02	 6.1189e+03
 4.9879e+05	 6.0473e+03	 1.4762e+00	 1.8458e-02	 3.2314e+02	 6.1213e+03
 7.4818e+05	 6.0473e+03	 1.4720e+00	 1.7748e-02	 3.2314e+02	 6.1241e+03
 9.0000e+05	 6.0473e+03	 1.4709e+00	 1.7321e-02	 3.2315e+02	 6.1268e+03
 1.0000e+02	 6.1241e+03	 1.6282e+00	 1.6014e-02	 3.2315e+02	 6.1364e+03
 1.5000e+02	 6.1241e+03	 1.6239e+00	 1.7278e-02	 3.2315e+02	 6.1391e+03
 2.2500e+02	 6.1241e+03	 1.6197e+00	 1.9839e-02	 3.2315e+02	 6.1444e+03
 3.3750e+02	 6.1241e+03	 1.6145e+00	 2.2365e-02	 3.2315e+02	 6.1468e+03
 5.0625e+02	 6.1241e+03	 1.6084e+00	 2.4912e-02	 3.2315e+02	 6.1493e+03
 7.5938e+02	 6.1241e+03	 1.6014e+00	 2.7490e-02	 3.2315e+02	 6.1518e+03
 1.1391e+03	 6.1241e+03	 1.5937e+00	 2.9671e-02	 3.2315e+02	 6.1572e+03
 1.7086e+03	 6.1241e+03	 1.5857e+00	 3.1543e-02	 3.2314e+02	 6.1597e+03
 2.5629e+03	 6.1241e+03	 1.5769e+00	 3.3042e-02	 3.2315e+02	 6.1648e+03
 3.8443e+03	 6.1241e+03	 1.5680e+00	 3.4364e-02	 3.2314e+02	 6.1672e+03
 5.7665e+03	 6.1241e+03	 1.5591e+00	 3.5763e-02	 3.2314e+02	 6.1701e+03
 8.6498e+03	 6.1241e+03	 1.5497e+00	 3.7385e-02	 3.2314e+02	 6.1725e+03
 1.2975e+04	 6.1241e+03	 1.5465e+00	 3.7060e-02	 3.2314e+02	 6.1752e+03
 1.9462e+04	 6.1241e+03	 1.5357e+00	 3.7735e-02	 3.2314e+02	 6.1778e+03
 2.9193e+04	 6.1241e+03	 1.5243e+00	 3.7022e-02	 3.2315e+02	 6.1803e+03
 4.3789e+04	 6.1241e+03	 1.5136e+00	 3.4626e-02	 3.2314e+02	 6.1831e+03
 6.5684e+04	 6.1241e+03	 1.5044e+00	 3.1040e-02	 3.2315e+02	 6.1856e+03
 9.8526e+04	 6.1241e+03	 1.4968e+00	 2.7350e-02	 3.2315e+02	 6.1881e+03
 1.4779e+05	 6.1241e+03	 1.4905e+00	 2.4061e-02	 3.2315e+02	 6.1906e+03
 2.2168e+05	 6.1241e+03	 1.4855e+00	 2.1355e-02	 3.2314e+02	 6.1933e+03
 3.3253e+05	 6.1241e+03	 1.4811e+00	 1.9269e-02	 3.2315e+02	 6.1959e+03
 4.9879e+05	 6.1241e+03	 1.4761e+00	 1.8416e-02	 3.2314e+02	 6.1986e+03
 7.4818e+05	 6.1241e+03	 1.4720e+00	 1.7747e-02	 3.2314e+02	 6.2011e+03
 9.0000e+05	 6.1241e+03	 1.4708e+00	 1.7257e-02	 3.2314e+02	 6.2036e+03
 1.0000e+02	 6.2011e+03	 1.6280e+00	 1.5927e-02	 3.2315e+02	 6.2128e+03
 1.5000e+02	 6.2011e+03	 1.6252e+00	 1.7614e-02	 3.2314e+02	 6.2154e+03
 2.2500e+02	 6.2011e+03	 1.6195e+00	 1.9872e-02	 3.2315e+02	 6.2204e+03
 3.3750e+02	 6.2011e+03	 1.6143e+00	 2.2383e-02	 3.2314e+02	 6.2231e+03
 5.0625e+02	 6.2011e+03	 1.6082e+00	 2.4983e-02	 3.2315e+02	 6.2256e+03
 7.5938e+02	 6.2011e+03	 1.6012e+00	 2.7492e-02	 3.2315e+02	 6.2283e+03
 1.1391e+03	 6.2011e+03	 1.5935e+00	 2.9720e-02	 3.2315e+02	 6.2332e+03
 1.7086e+03	 6.2011e+03	 1.5854e+00	 3.1575e-02	 3.2315e+02	 6.2359e+03
 2.5629e+03	 6.2011e+03	 1.5766e+00	 3.3020e-02	 3.2315e+02	 6.2411e+03
 3.8443e+03	 6.2011e+03	 1.5678e+00	 3.4358e-02	 3.2314e+02	 6.2435e+03
 5.7665e+03	 6.2011e+03	 1.5589e+00	 3.5777e-02	 3.2314e+02	 6.2460e+03
 8.6498e+03	 6.2011e+03	 1.5496e+00	 3.7335e-02	 3.2315e+02	 6.2486e+03
 1.2975e+04	 6.2011e+03	 1.5462e+00	 3.7021e-02	 3.2315e+02	 6.2510e+03
 1.9462e+04	 6.2011e+03	 1.5355e+00	 3.7710e-02	 3.2315e+02	 6.2537e+03
 2.9193e+04	 6.2011e+03	 1.5242e+00	 3.6956e-02	 3.2315e+02	 6.2562e+03
 4.3789e+04	 6.2011e+03	 1.5135e+00	 3.4569e-02	 3.2315e+02	 6.2586e+03
 6.5684e+04	 6.2011e+03	 1.5043e+00	 3.0987e-02	 3.2315e+02	 6.2614e+03
 9.8526e+04	 6.2011e+03	 1.4967e+00	 2.7297e-02	 3.2315e+02	 6.2639e+03
 1.4779e+05	 6.2011e+03	 1.4904e+00	 2.4044e-02	 3.2315e+02	 6.2666e+03
 2.2168e+05	 6.2011e+03	 1.4854e+00	 2.1307e-02	 3.2315e+02	 6.2691e+03
 3.3253e+05	 6.2011e+03	 1.4811e+00	 1.9216e-02	 3.2315e+02	 6.2719e+03
 4.9879e+05	 6.2011e+03	 1.4760e+00	 1.8447e-02	 3.2315e+02	 6.2744e+03
 7.4818e+05	 6.2011e+03	 1.4719e+00	 1.7644e-02	 3.2315e+02	 6.2768e+03
 9.0000e+05	 6.2011e+03	 1.4707e+00	 1.7257e-02	 3.2315e+02	 6.2794e+03
 1.0000e+02	 6.2767e+03	 1.6276e+00	 1.5960e-02	 3.2315e+02	 6.2889e+03
 1.5000e+02	 6.2767e+03	 1.6231e+00	 1.7488e-02	 3.2314e+02	 6.2913e+03
 2.2500e+02	 6.2767e+03	 1.6194e+00	 1.9893e-02	 3.2315e+02	 6.2966e+03
 3.3750e+02	 6.2767e+03	 1.6141e+00	 2.2436e-02	 3.2315e+02	 6.2991e+03
 5.0625e+02	 6.2767e+03	 1.6080e+00	 2.5020e-02	 3.2315e+02	 6.3019e+03
 7.5938e+02	 6.2767e+03	 1.6010e+00	 2.7492e-02	 3.2316e+02	 6.3043e+03
 1.1391e+03	 6.2767e+03	 1.5933e+00	 2.9738e-02	 3.2315e+02	 6.3093e+03
 1.7086e+03	 6.2767e+03	 1.5852e+00	 3.1558e-02	 3.2315e+02	 6.3118e+03
 2.5629e+03	 6.2767e+03	 1.5764e+00	 3.3025e-02	 3.2315e+02	 6.3171e+03
 3.8443e+03	 6.2767e+03	 1.5677e+00	 3.4338e-02	 3.2315e+02	 6.3199e+03
 5.7665e+03	 6.2767e+03	 1.5587e+00	 3.5789e-02	 3.2315e+02	 6.3223e+03
 8.6498e+03	 6.2767e+03	 1.5494e+00	 3.7316e-02	 3.2315e+02	 6.3251e+03
 1.2975e+04	 6.2767e+03	 1.5460e+00	 3.6976e-02	 3.2316e+02	 6.3276e+03
 1.9462e+04	 6.2767e+03	 1.5353e+00	 3.7641e-02	 3.2315e+02	 6.3304e+03
 2.9193e+04	 6.2767e+03	 1.5240e+00	 3.6878e-02	 3.2315e+02	 6.3329e+03
 4.3789e+04	 6.2767e+03	 1.5133e+00	 3.4500e-02	 3.2315e+02	 6.3353e+03
 6.5684e+04	 6.2767e+03	 1.5041e+00	 3.0903e-02	 3.2315e+02	 6.3380e+03
 9.8526e+04	 6.2767e+03	 1.4965e+00	 2.7270e-02	 3.2316e+02	 6.3405e+03
 1.4779e+05	 6.2767e+03	 1.4903e+00	 2.3982e-02	 3.2315e+02	 6.3433e+03
 2.2168e+05	 6.2767e+03	 1.4853e+00	 2.1288e-02	 3.2315e+02	 6.3459e+03
 3.3253e+05	 6.2767e+03	 1.4809e+00	 1.9176e-02	 3.2315e+02	 6.3486e+03
 4.9879e+05	 6.2767e+03	 1.4760e+00	 1.8375e-02	 3.2315e+02	 6.3510e+03
 7.4818e+05	 6.2767e+03	 1.4718e+00	 1.7625e-02	 3.2315e+02	 6.3536e+03
 9.0000e+05	 6.2767e+03	 1.4706e+00	 1.7214e-02	 3.2315e+02	 6.3564e+03
 1.0000e+02	 6.3537e+03	 1.6275e+00	 1.5103e-02	 3.2316e+02	 6.3658e+03
 1.5000e+02	 6.3537e+03	 1.6231e+00	 1.6509e-02	 3.2316e+02	 6.3682e+03
 2.2500e+02	 6.3537e+03	 1.6191e+00	 1.9890e-02	 3.2315e+02	 6.3736e+03
 3.3750e+02	 6.3537e+03	 1.6138e+00	 2.2465e-02	 3.2315e+02	 6.3763e+03
 5.0625e+02	 6.3537e+03	 1.6076e+00	 2.5059e-02	 3.2315e+02	 6.3788e+03
 7.5938e+02	 6.3537e+03	 1.6006e+00	 2.7544e-02	 3.2315e+02	 6.3816e+03
 1.1391e+03	 6.3537e+03	 1.5929e+00	 2.9725e-02	 3.2315e+02	 6.3869e+03
 1.7086e+03	 6.3537e+03	 1.5849e+00	 3.1579e-02	 3.2315e+02	 6.3893e+03
 2.5629e+03	 6.3537e+03	 1.5760e+00	 3.3037e-02	 3.2315e+02	 6.3942e+03
 3.8443e+03	 6.3537e+03	 1.5673e+00	 3.4347e-02	 3.2316e+02	 6.3968e+03
 5.7665e+03	 6.3537e+03	 1.5583e+00	 3.5742e-02	 3.2315e+02	 6.3992e+03
 8.6498e+03	 6.3537e+03	 1.5491e+00	 3.7285e-02	 3.2315e+02	 6.4018e+03
 1.2975e+04	 6.3537e+03	 1.5456e+00	 3.6930e-02	 3.2315e+02	 6.4042e+03
 1.9462e+04	 6.3537e+03	 1.5350e+00	 3.7590e-02	 3.2315e+02	 6.4071e+03
 2.9193e+04	 6.3537e+03	 1.5237e+00	 3.6805e-02	 3.2315e+02	 6.4096e+03
 4.3789e+04	 6.3537e+03	 1.5131e+00	 3.4427e-02	 3.2315e+02	 6.4121e+03
 6.5684e+04	 6.3537e+03	 1.5038e+00	 3.0852e-02	 3.2315e+02	 6.4146e+03
 9.8526e+04	 6.3537e+03	 1.4962e+00	 2.7215e-02	 3.2316e+02	 6.4171e+03
 1.4779e+05	 6.3537e+03	 1.4900e+00	 2.3930e-02	 3.2315e+02	 6.4195e+03
 2.2168e+05	 6.3537e+03	 1.4851e+00	 2.1232e-02	 3.2316e+02	 6.4221e+03
 3.3253e+05	 6.3537e+03	 1.4807e+00	 1.9143e-02	 3.2315e+02	 6.4246e+03
 4.9879e+05	 6.3537e+03	 1.4757e+00	 1.8359e-02	 3.2315e+02	 6.4272e+03
 7.4818e+05	 6.3537e+03	 1.4716e+00	 1.7692e-02	 3.2315e+02	 6.4297e+03
 9.0000e+05	 6.3537e+03	 1.4704e+00	 1.7193e-02	 3.2315e+02	 6.4322e+03
 1.0000e+02	 6.4296e+03	 1.6278e+00	 1.5801e-02	 3.2316e+02	 6.4415e+03
 1.5000e+02	 6.4296e+03	 1.6227e+00	 1.8038e-02	 3.2316e+02	 6.4439e+03
 2.2500e+02	 6.4296e+03	 1.6187e+00	 1.9906e-02	 3.2315e+02	 6.4491e+03
 3.3750e+02	 6.4296e+03	 1.6134e+00	 2.2500e-02	 3.2315e+02	 6.4519e+03
 5.0625e+02	 6.4296e+03	 1.6073e+00	 2.5059e-02	 3.2315e+02	 6.4543e+03
 7.5938e+02	 6.4296e+03	 1.6002e+00	 2.7551e-02	 3.2315e+02	 6.4568e+03
 1.1391e+03	 6.4296e+03	 1.5925e+00	 2.9750e-02	 3.2315e+02	 6.4619e+03
 1.7086e+03	 6.4296e+03	 1.5846e+00	 3.1548e-02	 3.2315e+02	 6.4647e+03
 2.5629e+03	 6.4296e+03	 1.5757e+00	 3.2987e-02	 3.2314e+02	 6.4699e+03
 3.8443e+03	 6.4296e+03	 1.5669e+00	 3.4313e-02	 3.2314e+02	 6.4724e+03
 5.7665e+03	 6.4296e+03	 1.5580e+00	 3.5707e-02	 3.2314e+02	 6.4749e+03
 8.6498e+03	 6.4296e+03	 1.5486e+00	 3.7262e-02	 3.2312e+02	 6.4773e+03
 1.2975e+04	 6.4296e+03	 1.5452e+00	 3.6896e-02	 3.2311e+02	 6.4798e+03
 1.9462e+04	 6.4296e+03	 1.5345e+00	 3.7491e-02	 3.2310e+02	 6.4826e+03
 2.9193e+04	 6.4296e+03	 1.5232e+00	 3.6726e-02	 3.2309e+02	 6.4850e+03
 4.3789e+04	 6.4296e+03	 1.5126e+00	 3.4291e-02	 3.2308e+02	 6.4874e+03
 6.5684e+04	 6.4296e+03	 1.5035e+00	 3.0699e-02	 3.2308e+02	 6.4901e+03
 9.8526e+04	 6.4296e+03	 1.4960e+00	 2.7072e-02	 3.2308e+02	 6.4926e+03
 1.4779e+05	 6.4296e+03	 1.4899e+00	 2.3817e-02	 3.2307e+02	 6.4954e+03
 2.2168e+05	 6.4296e+03	 1.4851e+00	 2.1131e-02	 3.2309e+02	 6.4979e+03
 3.3253e+05	 6.4296e+03	 1.4808e+00	 1.9096e-02	 3.2308e+02	 6.5004e+03
 4.9879e+05	 6.4296e+03	 1.4759e+00	 1.8311e-02	 3.2308e+02	 6.5028e+03
 7.4818e+05	 6.4296e+03	 1.4719e+00	 1.7577e-02	 3.2308e+02	 6.5053e+03
 9.0000e+05	 6.4296e+03	 1.4708e+00	 1.7190e-02	 3.2309e+02	 6.5081e+03
 1.0000e+02	 6.5054e+03	 1.6275e+00	 1.5449e-02	 3.2309e+02	 6.5171e+03
 1.5000e+02	 6.5054e+03	 1.6243e+00	 1.8222e-02	 3.2308e+02	 6.5198e+03
 2.2500e+02	 6.5054e+03	 1.6195e+00	 2.0007e-02	 3.2306e+02	 6.5252e+03
 3.3750e+02	 6.5054e+03	 1.6142e+00	 2.2631e-02	 3.2305e+02	 6.5276e+03
 5.0625e+02	 6.5054e+03	 1.6080e+00	 2.5159e-02	 3.2305e+02	 6.5301e+03
 7.5938e+02	 6.5054e+03	 1.6010e+00	 2.7657e-02	 3.2306e+02	 6.5326e+03
 1.1391e+03	 6.5054e+03	 1.5935e+00	 2.9815e-02	 3.2306e+02	 6.5378e+03
 1.7086e+03	 6.5054e+03	 1.5855e+00	 3.1591e-02	 3.2307e+02	 6.5402e+03
 2.5629e+03	 6.5054e+03	 1.5770e+00	 3.3019e-02	 3.2309e+02	 6.5455e+03
 3.8443e+03	 6.5054e+03	 1.5684e+00	 3.4321e-02	 3.2311e+02	 6.5484e+03
 5.7665e+03	 6.5054e+03	 1.5596e+00	 3.5722e-02	 3.2312e+02	 6.5509e+03
 8.6498e+03	 6.5054e+03	 1.5504e+00	 3.7206e-02	 3.2313e+02	 6.5533e+03
 1.2975e+04	 6.5054e+03	 1.5471e+00	 3.6868e-02	 3.2314e+02	 6.5561e+03
 1.9462e+04	 6.5054e+03	 1.5365e+00	 3.7499e-02	 3.2315e+02	 6.5586e+03
 2.9193e+04	 6.5054e+03	 1.5252e+00	 3.6656e-02	 3.2315e+02	 6.5613e+03
 4.3789e+04	 6.5054e+03	 1.5146e+00	 3.4298e-02	 3.2317e+02	 6.5638e+03
 6.5684e+04	 6.5054e+03	 1.5055e+00	 3.0700e-02	 3.2318e+02	 6.5666e+03
 9.8526e+04	 6.5054e+03	 1.4980e+00	 2.7102e-02	 3.2319e+02	 6.5691e+03
 1.4779e+05	 6.5054e+03	 1.4917e+00	 2.3837e-02	 3.2318e+02	 6.5716e+03
 2.2168e+05	 6.5054e+03	 1.4867e+00	 2.1191e-02	 3.2319e+02	 6.5741e+03
 3.3253e+05	 6.5054e+03	 1.4822e+00	 1.9112e-02	 3.2320e+02	 6.5766e+03
 4.9879e+05	 6.5054e+03	 1.4772e+00	 1.8346e-02	 3.2320e+02	 6.5792e+03
 7.4818e+05	 6.5054e+03	 1.4730e+00	 1.7594e-02	 3.2321e+02	 6.5817e+03
 9.0000e+05	 6.5054e+03	 1.4718e+00	 1.7180e-02	 3.2321e+02	 6.5842e+03
 1.0000e+02	 6.5816e+03	 1.6279e+00	 1.5260e-02	 3.2322e+02	 6.5935e+03
 1.5000e+02	 6.5816e+03	 1.6253e+00	 1.7240e-02	 3.2322e+02	 6.5959e+03
 2.2500e+02	 6.5816e+03	 1.6195e+00	 1.9950e-02	 3.2322e+02	 6.6011e+03
 3.3750e+02	 6.5816e+03	 1.6142e+00	 2.2542e-02	 3.2322e+02	 6.6036e+03
 5.0625e+02	 6.5816e+03	 1.6079e+00	 2.5100e-02	 3.2322e+02	 6.6062e+03
 7.5938e+02	 6.5816e+03	 1.6008e+00	 2.7597e-02	 3.2323e+02	 6.6088e+03
 1.1391e+03	 6.5816e+03	 1.5929e+00	 2.9751e-02	 3.2323e+02	 6.6141e+03
 1.7086e+03	 6.5816e+03	 1.5848e+00	 3.1535e-02	 3.2322e+02	 6.6169e+03
 2.5629e+03	 6.5816e+03	 1.5759e+00	 3.2981e-02	 3.2323e+02	 6.6218e+03
 3.8443e+03	 6.5816e+03	 1.5670e+00	 3.4264e-02	 3.2322e+02	 6.6246e+03
 5.7665e+03	 6.5816e+03	 1.5580e+00	 3.5629e-02	 3.2322e+02	 6.6271e+03
 8.6498e+03	 6.5816e+03	 1.5487e+00	 3.7200e-02	 3.2321e+02	 6.6296e+03
 1.2975e+04	 6.5816e+03	 1.5452e+00	 3.6810e-02	 3.2322e+02	 6.6321e+03
 1.9462e+04	 6.5816e+03	 1.5345e+00	 3.7417e-02	 3.2321e+02	 6.6349e+03
 2.9193e+04	 6.5816e+03	 1.5232e+00	 3.6633e-02	 3.2321e+02	 6.6373e+03
 4.3789e+04	 6.5816e+03	 1.5126e+00	 3.4253e-02	 3.2321e+02	 6.6402e+03
 6.5684e+04	 6.5816e+03	 1.5034e+00	 3.0700e-02	 3.2320e+02	 6.6427e+03
 9.8526e+04	 6.5816e+03	 1.4958e+00	 2.7070e-02	 3.2320e+02	 6.6451e+03
 1.4779e+05	 6.5816e+03	 1.4896e+00	 2.3810e-02	 3.2320e+02	 6.6479e+03
 2.2168e+05	 6.5816e+03	 1.4846e+00	 2.1115e-02	 3.2320e+02	 6.6505e+03
 3.3253e+05	 6.5816e+03	 1.4803e+00	 1.9086e-02	 3.2319e+02	 6.6530e+03
 4.9879e+05	 6.5816e+03	 1.4752e+00	 1.8262e-02	 3.2318e+02	 6.6555e+03
 7.4818e+05	 6.5816e+03	 1.4711e+00	 1.7593e-02	 3.2318e+02	 6.6582e+03
 9.0000e+05	 6.5816e+03	 1.4699e+00	 1.7140e-02	 3.2319e+02	 6.6608e+03
 1.0000e+02	 6.6581e+03	 1.6265e+00	 1.6191e-02	 3.2318e+02	 6.6701e+03
 1.5000e+02	 6.6581e+03	 1.6217e+00	 1.7945e-02	 3.2318e+02	 6.6725e+03
 2.2500e+02	 6.6581e+03	 1.6180e+00	 2.0105e-02	 3.2318e+02	 6.6776e+03
 3.3750e+02	 6.6581e+03	 1.6126e+00	 2.2586e-02	 3.2317e+02	 6.6801e+03
 5.0625e+02	 6.6581e+03	 1.6065e+00	 2.5247e-02	 3.2317e+02	 6.6828e+03
 7.5938e+02	 6.6581e+03	 1.5993e+00	 2.7669e-02	 3.2317e+02	 6.6852e+03
 1.1391e+03	 6.6581e+03	 1.5915e+00	 2.9824e-02	 3.2317e+02	 6.6904e+03
 1.7086e+03	 6.6581e+03	 1.5835e+00	 3.1609e-02	 3.2317e+02	 6.6930e+03
 2.5629e+03	 6.6581e+03	 1.5747e+00	 3.2960e-02	 3.2316e+02	 6.6981e+03
 3.8443e+03	 6.6581e+03	 1.5659e+00	 3.4250e-02	 3.2317e+02	 6.7007e+03
 5.7665e+03	 6.6581e+03	 1.5570e+00	 3.5616e-02	 3.2316e+02	 6.7032e+03
 8.6498e+03	 6.6581e+03	 1.5477e+00	 3.7135e-02	 3.2317e+02	 6.7056e+03
 1.2975e+04	 6.6581e+03	 1.5443e+00	 3.6777e-02	 3.2316e+02	 6.7084e+03
 1.9462e+04	 6.6581e+03	 1.5336e+00	 3.7338e-02	 3.2316e+02	 6.7110e+03
 2.9193e+04	 6.6581e+03	 1.5223e+00	 3.6524e-02	 3.2316e+02	 6.7138e+03
 4.3789e+04	 6.6581e+03	 1.5118e+00	 3.4126e-02	 3.2316e+02	 6.7162e+03
 6.5684e+04	 6.6581e+03	 1.5028e+00	 3.0586e-02	 3.2315e+02	 6.7191e+03
 9.8526e+04	 6.6581e+03	 1.4952e+00	 2.6978e-02	 3.2315e+02	 6.7216e+03
 1.4779e+05	 6.6581e+03	 1.4891e+00	 2.3735e-02	 3.2314e+02	 6.7242e+03
 2.2168e+05	 6.6581e+03	 1.4841e+00	 2.1092e-02	 3.2314e+02	 6.7268e+03
 3.3253e+05	 6.6581e+03	 1.4798e+00	 1.8998e-02	 3.2313e+02	 6.7296e+03
 4.9879e+05	 6.6581e+03	 1.4748e+00	 1.8245e-02	 3.2313e+02	 6.7320e+03
 7.4818e+05	 6.6581e+03	 1.4708e+00	 1.7508e-02	 3.2313e+02	 6.7344e+03
 9.0000e+05	 6.6581e+03	 1.4696e+00	 1.7145e-02	 3.2313e+02	 6.7371e+03
 1.0000e+02	 6.7344e+03	 1.6268e+00	 1.5621e-02	 3.2313e+02	 6.7461e+03
 1.5000e+02	 6.7344e+03	 1.6212e+00	 1.7393e-02	 3.2313e+02	 6.7488e+03
 2.2500e+02	 6.7344e+03	 1.6178e+00	 2.0144e-02	 3.2313e+02	 6.7541e+03
 3.3750e+02	 6.7344e+03	 1.6124e+00	 2.2647e-02	 3.2313e+02	 6.7566e+03
 5.0625e+02	 6.7344e+03	 1.6062e+00	 2.5233e-02	 3.2314e+02	 6.7592e+03
 7.5938e+02	 6.7344e+03	 1.5991e+00	 2.7677e-02	 3.2313e+02	 6.7617e+03
 1.1391e+03	 6.7344e+03	 1.5915e+00	 2.9816e-02	 3.2314e+02	 6.7669e+03
 1.7086e+03	 6.7344e+03	 1.5834e+00	 3.1607e-02	 3.2314e+02	 6.7694e+03
 2.5629e+03	 6.7344e+03	 1.5746e+00	 3.2983e-02	 3.2314e+02	 6.7746e+03
 3.8443e+03	 6.7344e+03	 1.5659e+00	 3.4222e-02	 3.2314e+02	 6.7774e+03
 5.7665e+03	 6.7344e+03	 1.5569e+00	 3.5630e-02	 3.2314e+02	 6.7799e+03
 8.6498e+03	 6.7344e+03	 1.5476e+00	 3.7131e-02	 3.2314e+02	 6.7823e+03
 1.2975e+04	 6.7344e+03	 1.5442e+00	 3.6712e-02	 3.2314e+02	 6.7849e+03
 1.9462e+04	 6.7344e+03	 1.5336e+00	 3.7267e-02	 3.2313e+02	 6.7874e+03
 2.9193e+04	 6.7344e+03	 1.5224e+00	 3.6442e-02	 3.2314e+02	 6.7902e+03
 4.3789e+04	 6.7344e+03	 1.5119e+00	 3.4034e-02	 3.2314e+02	 6.7927e+03
 6.5684e+04	 6.7344e+03	 1.5028e+00	 3.0502e-02	 3.2314e+02	 6.7951e+03
 9.8526e+04	 6.7344e+03	 1.4953e+00	 2.6895e-02	 3.2314e+02	 6.7979e+03
 1.4779e+05	 6.7344e+03	 1.4892e+00	 2.3689e-02	 3.2315e+02	 6.8004e+03
 2.2168e+05	 6.7344e+03	 1.4843e+00	 2.0997e-02	 3.2314e+02	 6.8031e+03
 3.3253e+05	 6.7344e+03	 1.4800e+00	 1.8989e-02	 3.2314e+02	 6.8056e+03
 4.9879e+05	 6.7344e+03	 1.4750e+00	 1.8159e-02	 3.2314e+02	 6.8080e+03
 7.4818e+05	 6.7344e+03	 1.4709e+00	 1.7519e-02	 3.2315e+02	 6.8106e+03
 9.0000e+05	 6.7344e+03	 1.4698e+00	 1.7036e-02	 3.2314e+02	 6.8132e+03
 1.0000e+02	 6.8105e+03	 1.6260e+00	 1.6209e-02	 3.2315e+02	 6.8226e+03
 1.5000e+02	 6.8105e+03	 1.6226e+00	 1.6740e-02	 3.2315e+02	 6.8251e+03
 2.2500e+02	 6.8105e+03	 1.6177e+00	 2.0261e-02	 3.2315e+02	 6.8301e+03
 3.3750e+02	 6.8105e+03	 1.6123e+00	 2.2713e-02	 3.2315e+02	 6.8329e+03
 5.0625e+02	 6.8105e+03	 1.6061e+00	 2.5306e-02	 3.2314e+02	 6.8354e+03
 7.5938e+02	 6.8105e+03	 1.5989e+00	 2.7692e-02	 3.2314e+02	 6.8381e+03
 1.1391e+03	 6.8105e+03	 1.5911e+00	 2.9826e-02	 3.2315e+02	 6.8431e+03
 1.7086e+03	 6.8105e+03	 1.5831e+00	 3.1565e-02	 3.2314e+02	 6.8458e+03
 2.5629e+03	 6.8105e+03	 1.5743e+00	 3.2915e-02	 3.2315e+02	 6.8508e+03
 3.8443e+03	 6.8105e+03	 1.5655e+00	 3.4220e-02	 3.2315e+02	 6.8532e+03
 5.7665e+03	 6.8105e+03	 1.5567e+00	 3.5580e-02	 3.2315e+02	 6.8557e+03
 8.6498e+03	 6.8105e+03	 1.5475e+00	 3.7127e-02	 3.2315e+02	 6.8584e+03
 1.2975e+04	 6.8105e+03	 1.5439e+00	 3.6669e-02	 3.2314e+02	 6.8608e+03
 1.9462e+04	 6.8105e+03	 1.5333e+00	 3.7266e-02	 3.2315e+02	 6.8636e+03
 2.9193e+04	 6.8105e+03	 1.5221e+00	 3.6412e-02	 3.2314e+02	 6.8661e+03
 4.3789e+04	 6.8105e+03	 1.5116e+00	 3.3982e-02	 3.2315e+02	 6.8685e+03
 6.5684e+04	 6.8105e+03	 1.5026e+00	 3.0416e-02	 3.2314e+02	 6.8711e+03
 9.8526e+04	 6.8105e+03	 1.4951e+00	 2.6837e-02	 3.2314e+02	 6.8736e+03
 1.4779e+05	 6.8105e+03	 1.4889e+00	 2.3610e-02	 3.2314e+02	 6.8760e+03
 2.2168e+05	 6.8105e+03	 1.4841e+00	 2.0972e-02	 3.2313e+02	 6.8786e+03
 3.3253e+05	 6.8105e+03	 1.4797e+00	 1.8962e-02	 3.2314e+02	 6.8811e+03
 4.9879e+05	 6.8105e+03	 1.4748e+00	 1.8203e-02	 3.2313e+02	 6.8835e+03
 7.4818e+05	 6.8105e+03	 1.4708e+00	 1.7434e-02	 3.2314e+02	 6.8861e+03
 9.0000e+05	 6.8105e+03	 1.4696e+00	 1.7026e-02	 3.2314e+02	 6.8886e+03
 1.0000e+02	 6.8860e+03	 1.6256e+00	 1.6117e-02	 3.2315e+02	 6.8981e+03
 1.5000e+02	 6.8860e+03	 1.6236e+00	 1.7232e-02	 3.2314e+02	 6.9006e+03
 2.2500e+02	 6.8860e+03	 1.6176e+00	 2.0193e-02	 3.2314e+02	 6.9058e+03
 3.3750e+02	 6.8860e+03	 1.6120e+00	 2.2781e-02	 3.2314e+02	 6.9084e+03
 5.0625e+02	 6.8860e+03	 1.6059e+00	 2.5325e-02	 3.2315e+02	 6.9108e+03
 7.5938e+02	 6.8860e+03	 1.5988e+00	 2.7753e-02	 3.2314e+02	 6.9135e+03
 1.1391e+03	 6.8860e+03	 1.5910e+00	 2.9832e-02	 3.2315e+02	 6.9184e+03
 1.7086e+03	 6.8860e+03	 1.5829e+00	 3.1587e-02	 3.2314e+02	 6.9211e+03
 2.5629e+03	 6.8860e+03	 1.5741e+00	 3.2942e-02	 3.2315e+02	 6.9261e+03
 3.8443e+03	 6.8860e+03	 1.5654e+00	 3.4208e-02	 3.2314e+02	 6.9288e+03
 5.7665e+03	 6.8860e+03	 1.5565e+00	 3.5555e-02	 3.2314e+02	 6.9312e+03
 8.6498e+03	 6.8860e+03	 1.5472e+00	 3.7046e-02	 3.2314e+02	 6.9339e+03
 1.2975e+04	 6.8860e+03	 1.5437e+00	 3.6633e-02	 3.2314e+02	 6.9363e+03
 1.9462e+04	 6.8860e+03	 1.5330e+00	 3.7190e-02	 3.2313e+02	 6.9391e+03
 2.9193e+04	 6.8860e+03	 1.5218e+00	 3.6330e-02	 3.2313e+02	 6.9416e+03
 4.3789e+04	 6.8860e+03	 1.5114e+00	 3.3891e-02	 3.2312e+02	 6.9440e+03
 6.5684e+04	 6.8860e+03	 1.5024e+00	 3.0347e-02	 3.2312e+02	 6.9466e+03
 9.8526e+04	 6.8860e+03	 1.4950e+00	 2.6763e-02	 3.2312e+02	 6.9491e+03
 1.4779e+05	 6.8860e+03	 1.4889e+00	 2.3576e-02	 3.2312e+02	 6.9516e+03
 2.2168e+05	 6.8860e+03	 1.4840e+00	 2.0962e-02	 3.2313e+02	 6.9543e+03
 3.3253e+05	 6.8860e+03	 1.4797e+00	 1.8913e-02	 3.2313e+02	 6.9572e+03
 4.9879e+05	 6.8860e+03	 1.4749e+00	 1.8135e-02	 3.2313e+02	 6.9597e+03
 7.4818e+05	 6.8860e+03	 1.4708e+00	 1.7343e-02	 3.2313e+02	 6.9621e+03
 9.0000e+05	 6.8860e+03	 1.4697e+00	 1.7023e-02	 3.2314e+02	 6.9648e+03
 1.0000e+02	 6.9621e+03	 1.6260e+00	 1.5371e-02	 3.2314e+02	 6.9738e+03
 1.5000e+02	 6.9621e+03	 1.6200e+00	 1.7728e-02	 3.2315e+02	 6.9765e+03
 2.2500e+02	 6.9621e+03	 1.6175e+00	 2.0228e-02	 3.2314e+02	 6.9817e+03
 3.3750e+02	 6.9621e+03	 1.6121e+00	 2.2806e-02	 3.2315e+02	 6.9841e+03
 5.0625e+02	 6.9621e+03	 1.6059e+00	 2.5328e-02	 3.2315e+02	 6.9866e+03
 7.5938e+02	 6.9621e+03	 1.5987e+00	 2.7795e-02	 3.2315e+02	 6.9891e+03
 1.1391e+03	 6.9621e+03	 1.5910e+00	 2.9884e-02	 3.2315e+02	 6.9940e+03
 1.7086e+03	 6.9621e+03	 1.5829e+00	 3.1520e-02	 3.2316e+02	 6.9966e+03
 2.5629e+03	 6.9621e+03	 1.5741e+00	 3.2968e-02	 3.2316e+02	 7.0015e+03
 3.8443e+03	 6.9621e+03	 1.5653e+00	 3.4197e-02	 3.2316e+02	 7.0041e+03
 5.7665e+03	 6.9621e+03	 1.5564e+00	 3.5570e-02	 3.2316e+02	 7.0066e+03
 8.6498e+03	 6.9621e+03	 1.5472e+00	 3.7016e-02	 3.2316e+02	 7.0094e+03
 1.2975e+04	 6.9621e+03	 1.5437e+00	 3.6563e-02	 3.2316e+02	 7.0118e+03
 1.9462e+04	 6.9621e+03	 1.5330e+00	 3.7143e-02	 3.2316e+02	 7.0147e+03
 2.9193e+04	 6.9621e+03	 1.5218e+00	 3.6282e-02	 3.2316e+02	 7.0172e+03
 4.3789e+04	 6.9621e+03	 1.5114e+00	 3.3852e-02	 3.2316e+02	 7.0196e+03
 6.5684e+04	 6.9621e+03	 1.5024e+00	 3.0348e-02	 3.2317e+02	 7.0221e+03
 9.8526e+04	 6.9621e+03	 1.4949e+00	 2.6774e-02	 3.2316e+02	 7.0248e+03
 1.4779e+05	 6.9621e+03	 1.4888e+00	 2.3545e-02	 3.2317e+02	 7.0274e+03
 2.2168e+05	 6.9621e+03	 1.4839e+00	 2.0931e-02	 3.2317e+02	 7.0300e+03
 3.3253e+05	 6.9621e+03	 1.4796e+00	 1.8889e-02	 3.2318e+02	 7.0327e+03
 4.9879e+05	 6.9621e+03	 1.4746e+00	 1.8113e-02	 3.2317e+02	 7.0351e+03
 7.4818e+05	 6.9621e+03	 1.4705e+00	 1.7387e-02	 3.2316e+02	 7.0376e+03
 9.0000e+05	 6.9621e+03	 1.4694e+00	 1.7007e-02	 3.2317e+02	 7.0404e+03
 1.0000e+02	 7.0377e+03	 1.6261e+00	 1.6021e-02	 3.2316e+02	 7.0494e+03
 1.5000e+02	 7.0377e+03	 1.6204e+00	 1.6608e-02	 3.2316e+02	 7.0519e+03
 2.2500e+02	 7.0377e+03	 1.6169e+00	 2.0302e-02	 3.2317e+02	 7.0568e+03
 3.3750e+02	 7.0377e+03	 1.6115e+00	 2.2846e-02	 3.2317e+02	 7.0594e+03
 5.0625e+02	 7.0377e+03	 1.6053e+00	 2.5362e-02	 3.2316e+02	 7.0619e+03
 7.5938e+02	 7.0377e+03	 1.5981e+00	 2.7785e-02	 3.2316e+02	 7.0647e+03
 1.1391e+03	 7.0377e+03	 1.5904e+00	 2.9837e-02	 3.2317e+02	 7.0699e+03
 1.7086e+03	 7.0377e+03	 1.5823e+00	 3.1620e-02	 3.2317e+02	 7.0724e+03
 2.5629e+03	 7.0377e+03	 1.5735e+00	 3.2923e-02	 3.2316e+02	 7.0774e+03
 3.8443e+03	 7.0377e+03	 1.5647e+00	 3.4160e-02	 3.2316e+02	 7.0798e+03
 5.7665e+03	 7.0377e+03	 1.5558e+00	 3.5513e-02	 3.2316e+02	 7.0822e+03
 8.6498e+03	 7.0377e+03	 1.5466e+00	 3.6984e-02	 3.2316e+02	 7.0848e+03
 1.2975e+04	 7.0377e+03	 1.5430e+00	 3.6511e-02	 3.2316e+02	 7.0873e+03
 1.9462e+04	 7.0377e+03	 1.5324e+00	 3.7119e-02	 3.2316e+02	 7.0901e+03
 2.9193e+04	 7.0377e+03	 1.5212e+00	 3.6226e-02	 3.2316e+02	 7.0926e+03
 4.3789e+04	 7.0377e+03	 1.5108e+00	 3.3784e-02	 3.2315e+02	 7.0950e+03
 6.5684e+04	 7.0377e+03	 1.5019e+00	 3.0237e-02	 3.2316e+02	 7.0978e+03
 9.8526e+04	 7.0377e+03	 1.4945e+00	 2.6654e-02	 3.2315e+02	 7.1002e+03
 1.4779e+05	 7.0377e+03	 1.4884e+00	 2.3521e-02	 3.2315e+02	 7.1031e+03
 2.2168e+05	 7.0377e+03	 1.4835e+00	 2.0879e-02	 3.2315e+02	 7.1056e+03
 3.3253e+05	 7.0377e+03	 1.4793e+00	 1.8873e-02	 3.2315e+02	 7.1084e+03
 4.9879e+05	 7.0377e+03	 1.4743e+00	 1.8088e-02	 3.2316e+02	 7.1108e+03
 7.4818e+05	 7.0377e+03	 1.4702e+00	 1.7434e-02	 3.2315e+02	 7.1133e+03
 9.0000e+05	 7.0377e+03	 1.4691e+00	 1.6970e-02	 3.2315e+02	 7.1161e+03
 1.0000e+02	 7.1134e+03	 1.6250e+00	 1.6243e-02	 3.2315e+02	 7.1253e+03
 1.5000e+02	 7.1134e+03	 1.6214e+00	 1.6517e-02	 3.2315e+02	 7.1277e+03
 2.2500e+02	 7.1134e+03	 1.6166e+00	 2.0258e-02	 3.2315e+02	 7.1329e+03
 3.3750e+02	 7.1134e+03	 1.6111e+00	 2.2896e-02	 3.2315e+02	 7.1353e+03
 5.0625e+02	 7.1134e+03	 1.6049e+00	 2.5407e-02	 3.2315e+02	 7.1381e+03
 7.5938e+02	 7.1134e+03	 1.5978e+00	 2.7765e-02	 3.2315e+02	 7.1405e+03
 1.1391e+03	 7.1134e+03	 1.5899e+00	 2.9849e-02	 3.2315e+02	 7.1456e+03
 1.7086e+03	 7.1134e+03	 1.5818e+00	 3.1637e-02	 3.2315e+02	 7.1481e+03
 2.5629e+03	 7.1134e+03	 1.5731e+00	 3.2910e-02	 3.2314e+02	 7.1531e+03
 3.8443e+03	 7.1134e+03	 1.5644e+00	 3.4143e-02	 3.2315e+02	 7.1557e+03
 5.7665e+03	 7.1134e+03	 1.5555e+00	 3.5504e-02	 3.2314e+02	 7.1584e+03
 8.6498e+03	 7.1134e+03	 1.5463e+00	 3.6995e-02	 3.2315e+02	 7.1609e+03
 1.2975e+04	 7.1134e+03	 1.5427e+00	 3.6498e-02	 3.2315e+02	 7.1634e+03
 1.9462e+04	 7.1134e+03	 1.5322e+00	 3.7039e-02	 3.2315e+02	 7.1662e+03
 2.9193e+04	 7.1134e+03	 1.5211e+00	 3.6171e-02	 3.2313e+02	 7.1689e+03
 4.3789e+04	 7.1134e+03	 1.5107e+00	 3.3721e-02	 3.2315e+02	 7.1715e+03
 6.5684e+04	 7.1134e+03	 1.5018e+00	 3.0181e-02	 3.2315e+02	 7.1742e+03
 9.8526e+04	 7.1134e+03	 1.4943e+00	 2.6637e-02	 3.2315e+02	 7.1766e+03
 1.4779e+05	 7.1134e+03	 1.4883e+00	 2.3418e-02	 3.2314e+02	 7.1791e+03
 2.2168e+05	 7.1134e+03	 1.4835e+00	 2.0832e-02	 3.2315e+02	 7.1817e+03
 3.3253e+05	 7.1134e+03	 1.4792e+00	 1.8810e-02	 3.2315e+02	 7.1842e+03
 4.9879e+05	 7.1134e+03	 1.4743e+00	 1.8053e-02	 3.2315e+02	 7.1866e+03
 7.4818e+05	 7.1134e+03	 1.4702e+00	 1.7355e-02	 3.2314e+02	 7.1892e+03
 9.0000e+05	 7.1134e+03	 1.4691e+00	 1.6923e-02	 3.2314e+02	 7.1918e+03
 1.0000e+02	 7.1891e+03	 1.6257e+00	 1.5494e-02	 3.2315e+02	 7.2011e+03
 1.5000e+02	 7.1891e+03	 1.6204e+00	 1.7598e-02	 3.2314e+02	 7.2034e+03
 2.2500e+02	 7.1891e+03	 1.6165e+00	 2.0357e-02	 3.2314e+02	 7.2085e+03
 3.3750e+02	 7.1891e+03	 1.6110e+00	 2.2852e-02	 3.2314e+02	 7.2110e+03
 5.0625e+02	 7.1891e+03	 1.6047e+00	 2.5438e-02	 3.2314e+02	 7.2136e+03
 7.5938e+02	 7.1891e+03	 1.5976e+00	 2.7832e-02	 3.2314e+02	 7.2161e+03
 1.1391e+03	 7.1891e+03	 1.5898e+00	 2.9896e-02	 3.2314e+02	 7.2212e+03
 1.7086e+03	 7.1891e+03	 1.5817e+00	 3.1640e-02	 3.2314e+02	 7.2238e+03
 2.5629e+03	 7.1891e+03	 1.5730e+00	 3.2901e-02	 3.2314e+02	 7.2289e+03
 3.8443e+03	 7.1891e+03	 1.5643e+00	 3.4106e-02	 3.2315e+02	 7.2314e+03
 5.7665e+03	 7.1891e+03	 1.5554e+00	 3.5461e-02	 3.2315e+02	 7.2340e+03
 8.6498e+03	 7.1891e+03	 1.5461e+00	 3.6932e-02	 3.2314e+02	 7.2365e+03
 1.2975e+04	 7.1891e+03	 1.5426e+00	 3.6478e-02	 3.2315e+02	 7.2391e+03
 1.9462e+04	 7.1891e+03	 1.5320e+00	 3.6989e-02	 3.2315e+02	 7.2416e+03
 2.9193e+04	 7.1891e+03	 1.5209e+00	 3.6096e-02	 3.2315e+02	 7.2444e+03
 4.3789e+04	 7.1891e+03	 1.5105e+00	 3.3646e-02	 3.2315e+02	 7.2468e+03
 6.5684e+04	 7.1891e+03	 1.5016e+00	 3.0129e-02	 3.2315e+02	 7.2492e+03
 9.8526e+04	 7.1891e+03	 1.4943e+00	 2.6538e-02	 3.2315e+02	 7.2519e+03
 1.4779e+05	 7.1891e+03	 1.4882e+00	 2.3407e-02	 3.2315e+02	 7.2543e+03
 2.2168e+05	 7.1891e+03	 1.4834e+00	 2.0801e-02	 3.2315e+02	 7.2571e+03
 3.3253e+05	 7.1891e+03	 1.4791e+00	 1.8809e-02	 3.2316e+02	 7.2596e+03
 4.9879e+05	 7.1891e+03	 1.4741e+00	 1.8026e-02	 3.2316e+02	 7.2620e+03
 7.4818e+05	 7.1891e+03	 1.4701e+00	 1.7344e-02	 3.2316e+02	 7.2646e+03
 9.0000e+05	 7.1891e+03	 1.4690e+00	 1.6876e-02	 3.2316e+02	 7.2672e+03
 1.0000e+02	 7.2645e+03	 1.6255e+00	 1.5732e-02	 3.2316e+02	 7.2766e+03
 1.5000e+02	 7.2645e+03	 1.6220e+00	 1.7120e-02	 3.2316e+02	 7.2794e+03
 2.2500e+02	 7.2645e+03	 1.6162e+00	 2.0454e-02	 3.2316e+02	 7.2847e+03
 3.3750e+02	 7.2645e+03	 1.6106e+00	 2.2953e-02	 3.2316e+02	 7.2871e+03
 5.0625e+02	 7.2645e+03	 1.6044e+00	 2.5489e-02	 3.2316e+02	 7.2896e+03
 7.5938e+02	 7.2645e+03	 1.5972e+00	 2.7825e-02	 3.2315e+02	 7.2922e+03
 1.1391e+03	 7.2645e+03	 1.5894e+00	 2.9920e-02	 3.2316e+02	 7.2972e+03
 1.7086e+03	 7.2645e+03	 1.5813e+00	 3.1558e-02	 3.2315e+02	 7.2998e+03
 2.5629e+03	 7.2645e+03	 1.5726e+00	 3.2917e-02	 3.2315e+02	 7.3049e+03
 3.8443e+03	 7.2645e+03	 1.5638e+00	 3.4120e-02	 3.2315e+02	 7.3073e+03
 5.7665e+03	 7.2645e+03	 1.5550e+00	 3.5445e-02	 3.2315e+02	 7.3098e+03
 8.6498e+03	 7.2645e+03	 1.5458e+00	 3.6921e-02	 3.2315e+02	 7.3124e+03
 1.2975e+04	 7.2645e+03	 1.5422e+00	 3.6422e-02	 3.2315e+02	 7.3149e+03
 1.9462e+04	 7.2645e+03	 1.5316e+00	 3.6939e-02	 3.2315e+02	 7.3177e+03
 2.9193e+04	 7.2645e+03	 1.5205e+00	 3.6047e-02	 3.2315e+02	 7.3201e+03
 4.3789e+04	 7.2645e+03	 1.5102e+00	 3.3573e-02	 3.2315e+02	 7.3226e+03
 6.5684e+04	 7.2645e+03	 1.5013e+00	 3.0021e-02	 3.2315e+02	 7.3253e+03
 9.8526e+04	 7.2645e+03	 1.4939e+00	 2.6501e-02	 3.2314e+02	 7.3278e+03
 1.4779e+05	 7.2645e+03	 1.4879e+00	 2.3352e-02	 3.2315e+02	 7.3304e+03
 2.2168e+05	 7.2645e+03	 1.4831e+00	 2.0727e-02	 3.2314e+02	 7.3330e+03
 3.3253e+05	 7.2645e+03	 1.4788e+00	 1.8741e-02	 3.2315e+02	 7.3357e+03
 4.9879e+05	 7.2645e+03	 1.4739e+00	 1.7980e-02	 3.2315e+02	 7.3382e+03
 7.4818e+05	 7.2645e+03	 1.4698e+00	 1.7342e-02	 3.2315e+02	 7.3407e+03
 9.0000e+05	 7.2645e+03	 1.4687e+00	 1.6913e-02	 3.2315e+02	 7.3434e+03
 1.0000e+02	 7.3407e+03	 1.6247e+00	 1.5535e-02	 3.2314e+02	 7.3525e+03
 1.5000e+02	 7.3407e+03	 1.6205e+00	 1.6347e-02	 3.2315e+02	 7.3551e+03
 2.2500e+02	 7.3407e+03	 1.6160e+00	 2.0581e-02	 3.2315e+02	 7.3603e+03
 3.3750e+02	 7.3407e+03	 1.6106e+00	 2.3007e-02	 3.2315e+02	 7.3628e+03
 5.0625e+02	 7.3407e+03	 1.6043e+00	 2.5470e-02	 3.2315e+02	 7.3657e+03
 7.5938e+02	 7.3407e+03	 1.5971e+00	 2.7906e-02	 3.2315e+02	 7.3681e+03
 1.1391e+03	 7.3407e+03	 1.5892e+00	 2.9918e-02	 3.2315e+02	 7.3733e+03
 1.7086e+03	 7.3407e+03	 1.5812e+00	 3.1569e-02	 3.2314e+02	 7.3758e+03
 2.5629e+03	 7.3407e+03	 1.5724e+00	 3.2879e-02	 3.2314e+02	 7.3808e+03
 3.8443e+03	 7.3407e+03	 1.5637e+00	 3.4083e-02	 3.2315e+02	 7.3833e+03
 5.7665e+03	 7.3407e+03	 1.5548e+00	 3.5409e-02	 3.2315e+02	 7.3858e+03
 8.6498e+03	 7.3407e+03	 1.5521e+00	 3.5123e-02	 3.2315e+02	 7.3882e+03
 1.2975e+04	 7.3407e+03	 1.5420e+00	 3.6378e-02	 3.2315e+02	 7.3910e+03
 1.9462e+04	 7.3407e+03	 1.5315e+00	 3.6879e-02	 3.2315e+02	 7.3936e+03
 2.9193e+04	 7.3407e+03	 1.5204e+00	 3.5988e-02	 3.2315e+02	 7.3962e+03
 4.3789e+04	 7.3407e+03	 1.5101e+00	 3.3515e-02	 3.2315e+02	 7.3988e+03
 6.5684e+04	 7.3407e+03	 1.5013e+00	 2.9988e-02	 3.2315e+02	 7.4012e+03
 9.8526e+04	 7.3407e+03	 1.4939e+00	 2.6458e-02	 3.2314e+02	 7.4039e+03
 1.4779e+05	 7.3407e+03	 1.4879e+00	 2.3282e-02	 3.2314e+02	 7.4063e+03
 2.2168e+05	 7.3407e+03	 1.4830e+00	 2.0704e-02	 3.2314e+02	 7.4089e+03
 3.3253e+05	 7.3407e+03	 1.4788e+00	 1.8734e-02	 3.2315e+02	 7.4115e+03
 4.9879e+05	 7.3407e+03	 1.4739e+00	 1.7992e-02	 3.2315e+02	 7.4140e+03
 7.4818e+05	 7.3407e+03	 1.4698e+00	 1.7218e-02	 3.2315e+02	 7.4166e+03
 9.0000e+05	 7.3407e+03	 1.4687e+00	 1.6877e-02	 3.2314e+02	 7.4192e+03
 1.0000e+02	 7.4165e+03	 1.6242e+00	 1.6120e-02	 3.2315e+02	 7.4286e+03
 1.5000e+02	 7.4165e+03	 1.6192e+00	 1.7983e-02	 3.2314e+02	 7.4311e+03
 2.2500e+02	 7.4165e+03	 1.6160e+00	 2.0543e-02	 3.2315e+02	 7.4361e+03
 3.3750e+02	 7.4165e+03	 1.6104e+00	 2.3050e-02	 3.2315e+02	 7.4386e+03
 5.0625e+02	 7.4165e+03	 1.6041e+00	 2.5563e-02	 3.2315e+02	 7.4411e+03
 7.5938e+02	 7.4165e+03	 1.5969e+00	 2.7902e-02	 3.2315e+02	 7.4436e+03
 1.1391e+03	 7.4165e+03	 1.5891e+00	 2.9942e-02	 3.2316e+02	 7.4486e+03
 1.7086e+03	 7.4165e+03	 1.5810e+00	 3.1568e-02	 3.2315e+02	 7.4510e+03
 2.5629e+03	 7.4165e+03	 1.5722e+00	 3.2865e-02	 3.2314e+02	 7.4561e+03
 3.8443e+03	 7.4165e+03	 1.5636e+00	 3.4078e-02	 3.2315e+02	 7.4587e+03
 5.7665e+03	 7.4165e+03	 1.5547e+00	 3.5419e-02	 3.2315e+02	 7.4614e+03
 8.6498e+03	 7.4165e+03	 1.5519e+00	 3.5111e-02	 3.2315e+02	 7.4639e+03
 1.2975e+04	 7.4165e+03	 1.5418e+00	 3.6346e-02	 3.2315e+02	 7.4664e+03
 1.9462e+04	 7.4165e+03	 1.5313e+00	 3.6838e-02	 3.2316e+02	 7.4690e+03
 2.9193e+04	 7.4165e+03	 1.5203e+00	 3.5939e-02	 3.2315e+02	 7.4715e+03
 4.3789e+04	 7.4165e+03	 1.5100e+00	 3.3486e-02	 3.2315e+02	 7.4741e+03
 6.5684e+04	 7.4165e+03	 1.5011e+00	 2.9907e-02	 3.2315e+02	 7.4765e+03
 9.8526e+04	 7.4165e+03	 1.4938e+00	 2.6414e-02	 3.2315e+02	 7.4790e+03
 1.4779e+05	 7.4165e+03	 1.4878e+00	 2.3263e-02	 3.2315e+02	 7.4816e+03
 2.2168e+05	 7.4165e+03	 1.4829e+00	 2.0707e-02	 3.2314e+02	 7.4841e+03
 3.3253e+05	 7.4165e+03	 1.4787e+00	 1.8725e-02	 3.2315e+02	 7.4867e+03
 4.9879e+05	 7.4165e+03	 1.4738e+00	 1.7987e-02	 3.2315e+02	 7.4892e+03
 7.4818e+05	 7.4165e+03	 1.4697e+00	 1.7322e-02	 3.2315e+02	 7.4922e+03
 9.0000e+05	 7.4165e+03	 1.4686e+00	 1.6829e-02	 3.2315e+02	 7.4948e+03
 1.0000e+02	 7.4921e+03	 1.6251e+00	 1.5796e-02	 3.2315e+02	 7.5044e+03
 1.5000e+02	 7.4921e+03	 1.6208e+00	 1.7340e-02	 3.2315e+02	 7.5070e+03
 2.2500e+02	 7.4921e+03	 1.6156e+00	 2.0540e-02	 3.2315e+02	 7.5122e+03
 3.3750e+02	 7.4921e+03	 1.6101e+00	 2.3034e-02	 3.2315e+02	 7.5147e+03
 5.0625e+02	 7.4921e+03	 1.6038e+00	 2.5632e-02	 3.2315e+02	 7.5173e+03
 7.5938e+02	 7.4921e+03	 1.5966e+00	 2.7916e-02	 3.2315e+02	 7.5198e+03
 1.1391e+03	 7.4921e+03	 1.5888e+00	 2.9982e-02	 3.2315e+02	 7.5251e+03
 1.7086e+03	 7.4921e+03	 1.5807e+00	 3.1603e-02	 3.2315e+02	 7.5276e+03
 2.5629e+03	 7.4921e+03	 1.5720e+00	 3.2891e-02	 3.2315e+02	 7.5328e+03
 3.8443e+03	 7.4921e+03	 1.5632e+00	 3.4049e-02	 3.2315e+02	 7.5352e+03
 5.7665e+03	 7.4921e+03	 1.5544e+00	 3.5354e-02	 3.2315e+02	 7.5379e+03
 8.6498e+03	 7.4921e+03	 1.5515e+00	 3.5047e-02	 3.2315e+02	 7.5403e+03
 1.2975e+04	 7.4921e+03	 1.5416e+00	 3.6320e-02	 3.2315e+02	 7.5428e+03
 1.9462e+04	 7.4921e+03	 1.5310e+00	 3.6789e-02	 3.2314e+02	 7.5454e+03
 2.9193e+04	 7.4921e+03	 1.5200e+00	 3.5866e-02	 3.2314e+02	 7.5479e+03
 4.3789e+04	 7.4921e+03	 1.5097e+00	 3.3420e-02	 3.2314e+02	 7.5506e+03
 6.5684e+04	 7.4921e+03	 1.5010e+00	 2.9893e-02	 3.2315e+02	 7.5531e+03
 9.8526e+04	 7.4921e+03	 1.4936e+00	 2.6331e-02	 3.2315e+02	 7.5559e+03
 1.4779e+05	 7.4921e+03	 1.4876e+00	 2.3212e-02	 3.2315e+02	 7.5584e+03
 2.2168e+05	 7.4921e+03	 1.4828e+00	 2.0607e-02	 3.2315e+02	 7.5612e+03
 3.3253e+05	 7.4921e+03	 1.4786e+00	 1.8682e-02	 3.2315e+02	 7.5638e+03
 4.9879e+05	 7.4921e+03	 1.4737e+00	 1.7905e-02	 3.2315e+02	 7.5664e+03
 7.4818e+05	 7.4921e+03	 1.4696e+00	 1.7311e-02	 3.2315e+02	 7.5690e+03
 9.0000e+05	 7.4921e+03	 1.4685e+00	 1.6815e-02	 3.2315e+02	 7.5718e+03
 1.0000e+02	 7.5691e+03	 1.6244e+00	 1.6812e-02	 3.2315e+02	 7.5809e+03
 1.5000e+02	 7.5691e+03	 1.6212e+00	 1.8847e-02	 3.2315e+02	 7.5834e+03
 2.2500e+02	 7.5691e+03	 1.6154e+00	 2.0675e-02	 3.2315e+02	 7.5883e+03
 3.3750e+02	 7.5691e+03	 1.6099e+00	 2.3065e-02	 3.2315e+02	 7.5909e+03
 5.0625e+02	 7.5691e+03	 1.6036e+00	 2.5597e-02	 3.2316e+02	 7.5934e+03
 7.5938e+02	 7.5691e+03	 1.5963e+00	 2.7975e-02	 3.2315e+02	 7.5962e+03
 1.1391e+03	 7.5691e+03	 1.5885e+00	 2.9953e-02	 3.2315e+02	 7.6011e+03
 1.7086e+03	 7.5691e+03	 1.5804e+00	 3.1602e-02	 3.2315e+02	 7.6038e+03
 2.5629e+03	 7.5691e+03	 1.5716e+00	 3.2854e-02	 3.2315e+02	 7.6089e+03
 3.8443e+03	 7.5691e+03	 1.5629e+00	 3.4059e-02	 3.2315e+02	 7.6114e+03
 5.7665e+03	 7.5691e+03	 1.5541e+00	 3.5352e-02	 3.2315e+02	 7.6138e+03
 8.6498e+03	 7.5691e+03	 1.5512e+00	 3.4980e-02	 3.2315e+02	 7.6166e+03
 1.2975e+04	 7.5691e+03	 1.5412e+00	 3.6298e-02	 3.2314e+02	 7.6190e+03
 1.9462e+04	 7.5691e+03	 1.5307e+00	 3.6722e-02	 3.2315e+02	 7.6217e+03
 2.9193e+04	 7.5691e+03	 1.5197e+00	 3.5785e-02	 3.2315e+02	 7.6241e+03
 4.3789e+04	 7.5691e+03	 1.5094e+00	 3.3339e-02	 3.2315e+02	 7.6266e+03
 6.5684e+04	 7.5691e+03	 1.5006e+00	 2.9823e-02	 3.2314e+02	 7.6293e+03
 9.8526e+04	 7.5691e+03	 1.4933e+00	 2.6321e-02	 3.2315e+02	 7.6318e+03
 1.4779e+05	 7.5691e+03	 1.4873e+00	 2.3203e-02	 3.2315e+02	 7.6344e+03
 2.2168e+05	 7.5691e+03	 1.4825e+00	 2.0622e-02	 3.2315e+02	 7.6370e+03
 3.3253e+05	 7.5691e+03	 1.4784e+00	 1.8634e-02	 3.2315e+02	 7.6397e+03
 4.9879e+05	 7.5691e+03	 1.4735e+00	 1.7868e-02	 3.2315e+02	 7.6422e+03
 7.4818e+05	 7.5691e+03	 1.4695e+00	 1.7211e-02	 3.2315e+02	 7.6448e+03
 9.0000e+05	 7.5691e+03	 1.4684e+00	 1.6749e-02	 3.2315e+02	 7.6474e+03
 1.0000e+02	 7.6447e+03	 1.6241e+00	 1.6763e-02	 3.2316e+02	 7.6568e+03
 1.5000e+02	 7.6447e+03	 1.6213e+00	 1.7790e-02	 3.2315e+02	 7.6593e+03
 2.2500e+02	 7.6447e+03	 1.6151e+00	 2.0580e-02	 3.2315e+02	 7.6646e+03
 3.3750e+02	 7.6447e+03	 1.6096e+00	 2.3096e-02	 3.2315e+02	 7.6670e+03
 5.0625e+02	 7.6447e+03	 1.6032e+00	 2.5635e-02	 3.2315e+02	 7.6696e+03
 7.5938e+02	 7.6447e+03	 1.5959e+00	 2.7950e-02	 3.2315e+02	 7.6720e+03
 1.1391e+03	 7.6447e+03	 1.5882e+00	 3.0035e-02	 3.2315e+02	 7.6772e+03
 1.7086e+03	 7.6447e+03	 1.5802e+00	 3.1558e-02	 3.2315e+02	 7.6799e+03
 2.5629e+03	 7.6447e+03	 1.5714e+00	 3.2864e-02	 3.2315e+02	 7.6854e+03
 3.8443e+03	 7.6447e+03	 1.5626e+00	 3.4032e-02	 3.2315e+02	 7.6879e+03
 5.7665e+03	 7.6447e+03	 1.5538e+00	 3.5327e-02	 3.2315e+02	 7.6903e+03
 8.6498e+03	 7.6447e+03	 1.5510e+00	 3.4988e-02	 3.2315e+02	 7.6931e+03
 1.2975e+04	 7.6447e+03	 1.5409e+00	 3.6208e-02	 3.2315e+02	 7.6955e+03
 1.9462e+04	 7.6447e+03	 1.5305e+00	 3.6670e-02	 3.2315e+02	 7.6982e+03
 2.9193e+04	 7.6447e+03	 1.5194e+00	 3.5757e-02	 3.2315e+02	 7.7007e+03
 4.3789e+04	 7.6447e+03	 1.5092e+00	 3.3277e-02	 3.2315e+02	 7.7032e+03
 6.5684e+04	 7.6447e+03	 1.5005e+00	 2.9747e-02	 3.2315e+02	 7.7059e+03
 9.8526e+04	 7.6447e+03	 1.4932e+00	 2.6264e-02	 3.2315e+02	 7.7083e+03
 1.4779e+05	 7.6447e+03	 1.4872e+00	 2.3150e-02	 3.2315e+02	 7.7108e+03
 2.2168e+05	 7.6447e+03	 1.4824e+00	 2.0561e-02	 3.2315e+02	 7.7134e+03
 3.3253e+05	 7.6447e+03	 1.4781e+00	 1.8609e-02	 3.2315e+02	 7.7158e+03
 4.9879e+05	 7.6447e+03	 1.4732e+00	 1.7882e-02	 3.2315e+02	 7.7184e+03
 7.4818e+05	 7.6447e+03	 1.4692e+00	 1.7180e-02	 3.2315e+02	 7.7209e+03
 9.0000e+05	 7.6447e+03	 1.4681e+00	 1.6736e-02	 3.2315e+02	 7.7237e+03
 1.0000e+02	 7.7210e+03	 1.6236e+00	 1.6740e-02	 3.2315e+02	 7.7328e+03
 1.5000e+02	 7.7210e+03	 1.6203e+00	 1.8184e-02	 3.2315e+02	 7.7354e+03
 2.2500e+02	 7.7210e+03	 1.6149e+00	 2.0645e-02	 3.2314e+02	 7.7405e+03
 3.3750e+02	 7.7210e+03	 1.6093e+00	 2.3090e-02	 3.2314e+02	 7.7431e+03
 5.0625e+02	 7.7210e+03	 1.6030e+00	 2.5673e-02	 3.2315e+02	 7.7455e+03
 7.5938e+02	 7.7210e+03	 1.5957e+00	 2.7950e-02	 3.2315e+02	 7.7482e+03
 1.1391e+03	 7.7210e+03	 1.5878e+00	 2.9955e-02	 3.2315e+02	 7.7532e+03
 1.7086e+03	 7.7210e+03	 1.5798e+00	 3.1610e-02	 3.2316e+02	 7.7559e+03
 2.5629e+03	 7.7210e+03	 1.5710e+00	 3.2820e-02	 3.2315e+02	 7.7609e+03
 3.8443e+03	 7.7210e+03	 1.5624e+00	 3.3999e-02	 3.2315e+02	 7.7636e+03
 5.7665e+03	 7.7210e+03	 1.5536e+00	 3.5301e-02	 3.2315e+02	 7.7664e+03
 8.6498e+03	 7.7210e+03	 1.5507e+00	 3.4927e-02	 3.2316e+02	 7.7688e+03
 1.2975e+04	 7.7210e+03	 1.5406e+00	 3.6221e-02	 3.2315e+02	 7.7712e+03
 1.9462e+04	 7.7210e+03	 1.5302e+00	 3.6632e-02	 3.2315e+02	 7.7740e+03
 2.9193e+04	 7.7210e+03	 1.5191e+00	 3.5674e-02	 3.2315e+02	 7.7765e+03
 4.3789e+04	 7.7210e+03	 1.5090e+00	 3.3192e-02	 3.2316e+02	 7.7791e+03
 6.5684e+04	 7.7210e+03	 1.5002e+00	 2.9701e-02	 3.2315e+02	 7.7816e+03
 9.8526e+04	 7.7210e+03	 1.4930e+00	 2.6212e-02	 3.2315e+02	 7.7840e+03
 1.4779e+05	 7.7210e+03	 1.4870e+00	 2.3078e-02	 3.2315e+02	 7.7868e+03
 2.2168e+05	 7.7210e+03	 1.4822e+00	 2.0516e-02	 3.2315e+02	 7.7895e+03
 3.3253e+05	 7.7210e+03	 1.4780e+00	 1.8585e-02	 3.2315e+02	 7.7919e+03
 4.9879e+05	 7.7210e+03	 1.4731e+00	 1.7848e-02	 3.2315e+02	 7.7945e+03
 7.4818e+05	 7.7210e+03	 1.4691e+00	 1.7169e-02	 3.2315e+02	 7.7973e+03
 9.0000e+05	 7.7210e+03	 1.4680e+00	 1.6749e-02	 3.2315e+02	 7.7999e+03
 1.0000e+02	 7.7972e+03	 1.6230e+00	 1.6549e-02	 3.2315e+02	 7.8094e+03
 1.5000e+02	 7.7972e+03	 1.6200e+00	 1.8035e-02	 3.2316e+02	 7.8119e+03
 2.2500e+02	 7.7972e+03	 1.6146e+00	 2.0749e-02	 3.2315e+02	 7.8174e+03
 3.3750e+02	 7.7972e+03	 1.6091e+00	 2.3206e-02	 3.2315e+02	 7.8199e+03
 5.0625e+02	 7.7972e+03	 1.6026e+00	 2.5667e-02	 3.2316e+02	 7.8227e+03
 7.5938e+02	 7.7972e+03	 1.5955e+00	 2.8002e-02	 3.2316e+02	 7.8251e+03
 1.1391e+03	 7.7972e+03	 1.5876e+00	 2.9984e-02	 3.2315e+02	 7.8302e+03
 1.7086e+03	 7.7972e+03	 1.5796e+00	 3.1547e-02	 3.2315e+02	 7.8326e+03
 2.5629e+03	 7.7972e+03	 1.5708e+00	 3.2837e-02	 3.2315e+02	 7.8378e+03
 3.8443e+03	 7.7972e+03	 1.5621e+00	 3.3974e-02	 3.2315e+02	 7.8403e+03
 5.7665e+03	 7.7972e+03	 1.5533e+00	 3.5274e-02	 3.2315e+02	 7.8431e+03
 8.6498e+03	 7.7972e+03	 1.5504e+00	 3.4924e-02	 3.2314e+02	 7.8456e+03
 1.2975e+04	 7.7972e+03	 1.5403e+00	 3.6155e-02	 3.2315e+02	 7.8483e+03
 1.9462e+04	 7.7972e+03	 1.5299e+00	 3.6592e-02	 3.2315e+02	 7.8509e+03
 2.9193e+04	 7.7972e+03	 1.5189e+00	 3.5636e-02	 3.2314e+02	 7.8536e+03
 4.3789e+04	 7.7972e+03	 1.5088e+00	 3.3148e-02	 3.2315e+02	 7.8561e+03
 6.5684e+04	 7.7972e+03	 1.5000e+00	 2.9636e-02	 3.2314e+02	 7.8589e+03
 9.8526e+04	 7.7972e+03	 1.4928e+00	 2.6184e-02	 3.2315e+02	 7.8613e+03
 1.4779e+05	 7.7972e+03	 1.4868e+00	 2.3057e-02	 3.2314e+02	 7.8638e+03
 2.2168e+05	 7.7972e+03	 1.4821e+00	 2.0465e-02	 3.2315e+02	 7.8664e+03
 3.3253e+05	 7.7972e+03	 1.4779e+00	 1.8551e-02	 3.2315e+02	 7.8689e+03
 4.9879e+05	 7.7972e+03	 1.4730e+00	 1.7765e-02	 3.2315e+02	 7.8714e+03
 7.4818e+05	 7.7972e+03	 1.4691e+00	 1.7109e-02	 3.2314e+02	 7.8741e+03
 9.0000e+05	 7.7972e+03	 1.4679e+00	 1.6707e-02	 3.2315e+02	 7.8769e+03
 1.0000e+02	 7.8743e+03	 1.6228e+00	 1.6214e-02	 3.2315e+02	 7.8861e+03
 1.5000e+02	 7.8743e+03	 1.6191e+00	 1.8526e-02	 3.2315e+02	 7.8888e+03
 2.2500e+02	 7.8743e+03	 1.6145e+00	 2.0816e-02	 3.2315e+02	 7.8941e+03
 3.3750e+02	 7.8743e+03	 1.6089e+00	 2.3195e-02	 3.2315e+02	 7.8966e+03
 5.0625e+02	 7.8743e+03	 1.6025e+00	 2.5764e-02	 3.2315e+02	 7.8994e+03
 7.5938e+02	 7.8743e+03	 1.5953e+00	 2.8082e-02	 3.2315e+02	 7.9018e+03
 1.1391e+03	 7.8743e+03	 1.5874e+00	 3.0004e-02	 3.2315e+02	 7.9069e+03
 1.7086e+03	 7.8743e+03	 1.5793e+00	 3.1559e-02	 3.2315e+02	 7.9094e+03
 2.5629e+03	 7.8743e+03	 1.5706e+00	 3.2809e-02	 3.2315e+02	 7.9146e+03
 3.8443e+03	 7.8743e+03	 1.5620e+00	 3.3981e-02	 3.2315e+02	 7.9170e+03
 5.7665e+03	 7.8743e+03	 1.5531e+00	 3.5264e-02	 3.2315e+02	 7.9196e+03
 8.6498e+03	 7.8743e+03	 1.5502e+00	 3.4898e-02	 3.2315e+02	 7.9221e+03
 1.2975e+04	 7.8743e+03	 1.5402e+00	 3.6136e-02	 3.2315e+02	 7.9245e+03
 1.9462e+04	 7.8743e+03	 1.5298e+00	 3.6550e-02	 3.2316e+02	 7.9271e+03
 2.9193e+04	 7.8743e+03	 1.5188e+00	 3.5587e-02	 3.2316e+02	 7.9296e+03
 4.3789e+04	 7.8743e+03	 1.5086e+00	 3.3105e-02	 3.2315e+02	 7.9320e+03
 6.5684e+04	 7.8743e+03	 1.4999e+00	 2.9577e-02	 3.2315e+02	 7.9345e+03
 9.8526e+04	 7.8743e+03	 1.4927e+00	 2.6097e-02	 3.2315e+02	 7.9369e+03
 1.4779e+05	 7.8743e+03	 1.4867e+00	 2.3037e-02	 3.2315e+02	 7.9397e+03
 2.2168e+05	 7.8743e+03	 1.4820e+00	 2.0509e-02	 3.2315e+02	 7.9422e+03
 3.3253e+05	 7.8743e+03	 1.4777e+00	 1.8506e-02	 3.2316e+02	 7.9449e+03
 4.9879e+05	 7.8743e+03	 1.4729e+00	 1.7777e-02	 3.2315e+02	 7.9476e+03
 7.4818e+05	 7.8743e+03	 1.4689e+00	 1.7135e-02	 3.2315e+02	 7.9500e+03
 9.0000e+05	 7.8743e+03	 1.4678e+00	 1.6709e-02	 3.2315e+02	 7.9526e+03
 1.0000e+02	 7.9499e+03	 1.6228e+00	 1.5740e-02	 3.2315e+02	 7.9616e+03
 1.5000e+02	 7.9499e+03	 1.6184e+00	 1.8373e-02	 3.2315e+02	 7.9641e+03
 2.2500e+02	 7.9499e+03	 1.6142e+00	 2.0640e-02	 3.2315e+02	 7.9692e+03
 3.3750e+02	 7.9499e+03	 1.6087e+00	 2.3240e-02	 3.2315e+02	 7.9719e+03
 5.0625e+02	 7.9499e+03	 1.6022e+00	 2.5647e-02	 3.2315e+02	 7.9743e+03
 7.5938e+02	 7.9499e+03	 1.5950e+00	 2.8074e-02	 3.2315e+02	 7.9771e+03
 1.1391e+03	 7.9499e+03	 1.5872e+00	 3.0007e-02	 3.2315e+02	 7.9821e+03
 1.7086e+03	 7.9499e+03	 1.5791e+00	 3.1629e-02	 3.2315e+02	 7.9846e+03
 2.5629e+03	 7.9499e+03	 1.5704e+00	 3.2833e-02	 3.2315e+02	 7.9896e+03
 3.8443e+03	 7.9499e+03	 1.5618e+00	 3.3976e-02	 3.2315e+02	 7.9923e+03
 5.7665e+03	 7.9499e+03	 1.5529e+00	 3.5260e-02	 3.2315e+02	 7.9948e+03
 8.6498e+03	 7.9499e+03	 1.5500e+00	 3.4860e-02	 3.2315e+02	 7.9973e+03
 1.2975e+04	 7.9499e+03	 1.5400e+00	 3.6102e-02	 3.2315e+02	 7.9998e+03
 1.9462e+04	 7.9499e+03	 1.5296e+00	 3.6485e-02	 3.2316e+02	 8.0024e+03
 2.9193e+04	 7.9499e+03	 1.5186e+00	 3.5513e-02	 3.2315e+02	 8.0049e+03
 4.3789e+04	 7.9499e+03	 1.5085e+00	 3.3035e-02	 3.2315e+02	 8.0073e+03
 6.5684e+04	 7.9499e+03	 1.4998e+00	 2.9528e-02	 3.2316e+02	 8.0101e+03
 9.8526e+04	 7.9499e+03	 1.4926e+00	 2.6073e-02	 3.2316e+02	 8.0125e+03
 1.4779e+05	 7.9499e+03	 1.4866e+00	 2.2962e-02	 3.2316e+02	 8.0152e+03
 2.2168e+05	 7.9499e+03	 1.4819e+00	 2.0442e-02	 3.2315e+02	 8.0178e+03
 3.3253e+05	 7.9499e+03	 1.4776e+00	 1.8457e-02	 3.2315e+02	 8.0202e+03
 4.9879e+05	 7.9499e+03	 1.4728e+00	 1.7735e-02	 3.2315e+02	 8.0229e+03
 7.4818e+05	 7.9499e+03	 1.4687e+00	 1.7096e-02	 3.2315e+02	 8.0253e+03
 9.0000e+05	 7.9499e+03	 1.4676e+00	 1.6697e-02	 3.2316e+02	 8.0280e+03
 1.0000e+02	 8.0253e+03	 1.6226e+00	 1.6814e-02	 3.2315e+02	 8.0371e+03
 1.5000e+02	 8.0253e+03	 1.6195e+00	 1.8107e-02	 3.2315e+02	 8.0398e+03
 2.2500e+02	 8.0253e+03	 1.6140e+00	 2.0850e-02	 3.2315e+02	 8.0450e+03
 3.3750e+02	 8.0253e+03	 1.6084e+00	 2.3270e-02	 3.2315e+02	 8.0475e+03
 5.0625e+02	 8.0253e+03	 1.6019e+00	 2.5736e-02	 3.2314e+02	 8.0500e+03
 7.5938e+02	 8.0253e+03	 1.5948e+00	 2.8049e-02	 3.2315e+02	 8.0524e+03
 1.1391e+03	 8.0253e+03	 1.5869e+00	 3.0026e-02	 3.2315e+02	 8.0576e+03
 1.7086e+03	 8.0253e+03	 1.5787e+00	 3.1575e-02	 3.2315e+02	 8.0601e+03
 2.5629e+03	 8.0253e+03	 1.5701e+00	 3.2839e-02	 3.2315e+02	 8.0653e+03
 3.8443e+03	 8.0253e+03	 1.5615e+00	 3.3935e-02	 3.2316e+02	 8.0678e+03
 5.7665e+03	 8.0253e+03	 1.5527e+00	 3.5240e-02	 3.2316e+02	 8.0704e+03
 8.6498e+03	 8.0253e+03	 1.5497e+00	 3.4863e-02	 3.2315e+02	 8.0729e+03
 1.2975e+04	 8.0253e+03	 1.5397e+00	 3.6062e-02	 3.2316e+02	 8.0757e+03
 1.9462e+04	 8.0253e+03	 1.5293e+00	 3.6461e-02	 3.2315e+02	 8.0782e+03
 2.9193e+04	 8.0253e+03	 1.5184e+00	 3.5458e-02	 3.2315e+02	 8.0809e+03
 4.3789e+04	 8.0253e+03	 1.5083e+00	 3.2980e-02	 3.2315e+02	 8.0834e+03
 6.5684e+04	 8.0253e+03	 1.4997e+00	 2.9463e-02	 3.2315e+02	 8.0859e+03
 9.8526e+04	 8.0253e+03	 1.4924e+00	 2.5997e-02	 3.2315e+02	 8.0884e+03
 1.4779e+05	 8.0253e+03	 1.4865e+00	 2.2932e-02	 3.2315e+02	 8.0909e+03
 2.2168e+05	 8.0253e+03	 1.4817e+00	 2.0416e-02	 3.2315e+02	 8.0937e+03
 3.3253e+05	 8.0253e+03	 1.4775e+00	 1.8486e-02	 3.2315e+02	 8.0961e+03
 4.9879e+05	 8.0253e+03	 1.4727e+00	 1.7713e-02	 3.2315e+02	 8.0986e+03
 7.4818e+05	 8.0253e+03	 1.4687e+00	 1.7080e-02	 3.2315e+02	 8.1012e+03
 9.0000e+05	 8.0253e+03	 1.4676e+00	 1.6649e-02	 3.2316e+02	 8.1038e+03
 1.0000e+02	 8.1011e+03	 1.6236e+00	 1.6254e-02	 3.2316e+02	 8.1134e+03
 1.5000e+02	 8.1011e+03	 1.6190e+00	 1.8748e-02	 3.2315e+02	 8.1160e+03
 2.2500e+02	 8.1011e+03	 1.6140e+00	 2.0738e-02	 3.2315e+02	 8.1214e+03
 3.3750e+02	 8.1011e+03	 1.6083e+00	 2.3316e-02	 3.2316e+02	 8.1238e+03
 5.0625e+02	 8.1011e+03	 1.6019e+00	 2.5784e-02	 3.2315e+02	 8.1262e+03
 7.5938e+02	 8.1011e+03	 1.5946e+00	 2.8026e-02	 3.2315e+02	 8.1289e+03
 1.1391e+03	 8.1011e+03	 1.5867e+00	 3.0010e-02	 3.2315e+02	 8.1342e+03
 1.7086e+03	 8.1011e+03	 1.5786e+00	 3.1570e-02	 3.2315e+02	 8.1366e+03
 2.5629e+03	 8.1011e+03	 1.5698e+00	 3.2766e-02	 3.2315e+02	 8.1418e+03
 3.8443e+03	 8.1011e+03	 1.5612e+00	 3.3940e-02	 3.2315e+02	 8.1442e+03
 5.7665e+03	 8.1011e+03	 1.5524e+00	 3.5182e-02	 3.2315e+02	 8.1469e+03
 8.6498e+03	 8.1011e+03	 1.5495e+00	 3.4799e-02	 3.2315e+02	 8.1494e+03
 1.2975e+04	 8.1011e+03	 1.5395e+00	 3.6028e-02	 3.2315e+02	 8.1518e+03
 1.9462e+04	 8.1011e+03	 1.5291e+00	 3.6390e-02	 3.2315e+02	 8.1546e+03
 2.9193e+04	 8.1011e+03	 1.5181e+00	 3.5434e-02	 3.2315e+02	 8.1570e+03
 4.3789e+04	 8.1011e+03	 1.5080e+00	 3.2895e-02	 3.2315e+02	 8.1597e+03
 6.5684e+04	 8.1011e+03	 1.4994e+00	 2.9441e-02	 3.2315e+02	 8.1621e+03
 9.8526e+04	 8.1011e+03	 1.4923e+00	 2.5950e-02	 3.2315e+02	 8.1646e+03
 1.4779e+05	 8.1011e+03	 1.4864e+00	 2.2897e-02	 3.2315e+02	 8.1671e+03
 2.2168e+05	 8.1011e+03	 1.4816e+00	 2.0388e-02	 3.2315e+02	 8.1697e+03
 3.3253e+05	 8.1011e+03	 1.4774e+00	 1.8427e-02	 3.2315e+02	 8.1724e+03
 4.9879e+05	 8.1011e+03	 1.4726e+00	 1.7708e-02	 3.2315e+02	 8.1749e+03
 7.4818e+05	 8.1011e+03	 1.4686e+00	 1.7080e-02	 3.2315e+02	 8.1774e+03
 9.0000e+05	 8.1011e+03	 1.4675e+00	 1.6643e-02	 3.2315e+02	 8.1799e+03
 1.0000e+02	 8.1772e+03	 1.6223e+00	 1.6916e-02	 3.2315e+02	 8.1894e+03
 1.5000e+02	 8.1772e+03	 1.6189e+00	 1.8621e-02	 3.2315e+02	 8.1918e+03
 2.2500e+02	 8.1772e+03	 1.6137e+00	 2.0858e-02	 3.2315e+02	 8.1969e+03
 3.3750e+02	 8.1772e+03	 1.6080e+00	 2.3337e-02	 3.2315e+02	 8.1993e+03
 5.0625e+02	 8.1772e+03	 1.6016e+00	 2.5838e-02	 3.2315e+02	 8.2018e+03
 7.5938e+02	 8.1772e+03	 1.5944e+00	 2.8136e-02	 3.2315e+02	 8.2043e+03
 1.1391e+03	 8.1772e+03	 1.5865e+00	 3.0031e-02	 3.2315e+02	 8.2094e+03
 1.7086e+03	 8.1772e+03	 1.5784e+00	 3.1591e-02	 3.2315e+02	 8.2119e+03
 2.5629e+03	 8.1772e+03	 1.5697e+00	 3.2818e-02	 3.2315e+02	 8.2168e+03
 3.8443e+03	 8.1772e+03	 1.5611e+00	 3.3895e-02	 3.2316e+02	 8.2193e+03
 5.7665e+03	 8.1772e+03	 1.5523e+00	 3.5198e-02	 3.2315e+02	 8.2218e+03
 8.6498e+03	 8.1772e+03	 1.5493e+00	 3.4778e-02	 3.2315e+02	 8.2244e+03
 1.2975e+04	 8.1772e+03	 1.5393e+00	 3.5984e-02	 3.2315e+02	 8.2268e+03
 1.9462e+04	 8.1772e+03	 1.5289e+00	 3.6341e-02	 3.2315e+02	 8.2297e+03
 2.9193e+04	 8.1772e+03	 1.5180e+00	 3.5341e-02	 3.2314e+02	 8.2321e+03
 4.3789e+04	 8.1772e+03	 1.5080e+00	 3.2868e-02	 3.2315e+02	 8.2346e+03
 6.5684e+04	 8.1772e+03	 1.4993e+00	 2.9369e-02	 3.2315e+02	 8.2373e+03
 9.8526e+04	 8.1772e+03	 1.4922e+00	 2.5916e-02	 3.2314e+02	 8.2398e+03
 1.4779e+05	 8.1772e+03	 1.4863e+00	 2.2842e-02	 3.2315e+02	 8.2426e+03
 2.2168e+05	 8.1772e+03	 1.4815e+00	 2.0340e-02	 3.2315e+02	 8.2452e+03
 3.3253e+05	 8.1772e+03	 1.4773e+00	 1.8428e-02	 3.2315e+02	 8.2479e+03
 4.9879e+05	 8.1772e+03	 1.4725e+00	 1.7742e-02	 3.2315e+02	 8.2503e+03
 7.4818e+05	 8.1772e+03	 1.4685e+00	 1.7051e-02	 3.2315e+02	 8.2528e+03
 9.0000e+05	 8.1772e+03	 1.4674e+00	 1.6654e-02	 3.2316e+02	 8.2554e+03
 1.0000e+02	 8.2527e+03	 1.6231e+00	 1.6053e-02	 3.2315e+02	 8.2643e+03
 1.5000e+02	 8.2527e+03	 1.6190e+00	 1.8819e-02	 3.2315e+02	 8.2669e+03
 2.2500e+02	 8.2527e+03	 1.6135e+00	 2.1007e-02	 3.2315e+02	 8.2720e+03
 3.3750e+02	 8.2527e+03	 1.6079e+00	 2.3366e-02	 3.2314e+02	 8.2746e+03
 5.0625e+02	 8.2527e+03	 1.6015e+00	 2.5813e-02	 3.2315e+02	 8.2770e+03
 7.5938e+02	 8.2527e+03	 1.5941e+00	 2.8131e-02	 3.2315e+02	 8.2797e+03
 1.1391e+03	 8.2527e+03	 1.5863e+00	 3.0073e-02	 3.2315e+02	 8.2846e+03
 1.7086e+03	 8.2527e+03	 1.5781e+00	 3.1548e-02	 3.2315e+02	 8.2873e+03
 2.5629e+03	 8.2527e+03	 1.5695e+00	 3.2721e-02	 3.2315e+02	 8.2924e+03
 3.8443e+03	 8.2527e+03	 1.5608e+00	 3.3867e-02	 3.2316e+02	 8.2949e+03
 5.7665e+03	 8.2527e+03	 1.5520e+00	 3.5178e-02	 3.2315e+02	 8.2974e+03
 8.6498e+03	 8.2527e+03	 1.5491e+00	 3.4770e-02	 3.2315e+02	 8.3001e+03
 1.2975e+04	 8.2527e+03	 1.5391e+00	 3.5985e-02	 3.2315e+02	 8.3025e+03
 1.9462e+04	 8.2527e+03	 1.5287e+00	 3.6311e-02	 3.2315e+02	 8.3052e+03
 2.9193e+04	 8.2527e+03	 1.5179e+00	 3.5312e-02	 3.2316e+02	 8.3076e+03
 4.3789e+04	 8.2527e+03	 1.5078e+00	 3.2830e-02	 3.2315e+02	 8.3101e+03
 6.5684e+04	 8.2527e+03	 1.4992e+00	 2.9330e-02	 3.2315e+02	 8.3127e+03
 9.8526e+04	 8.2527e+03	 1.4920e+00	 2.5859e-02	 3.2315e+02	 8.3152e+03
 1.4779e+05	 8.2527e+03	 1.4861e+00	 2.2819e-02	 3.2315e+02	 8.3181e+03
 2.2168e+05	 8.2527e+03	 1.4814e+00	 2.0296e-02	 3.2315e+02	 8.3207e+03
 3.3253e+05	 8.2527e+03	 1.4770e+00	 1.8409e-02	 3.2315e+02	 8.3231e+03
 4.9879e+05	 8.2527e+03	 1.4724e+00	 1.7668e-02	 3.2315e+02	 8.3258e+03
 7.4818e+05	 8.2527e+03	 1.4683e+00	 1.7010e-02	 3.2315e+02	 8.3282e+03
 9.0000e+05	 8.2527e+03	 1.4672e+00	 1.6577e-02	 3.2315e+02	 8.3309e+03
 1.0000e+02	 8.3283e+03	 1.6221e+00	 1.5820e-02	 3.2315e+02	 8.3400e+03
 1.5000e+02	 8.3283e+03	 1.6185e+00	 1.8895e-02	 3.2315e+02	 8.3426e+03
 2.2500e+02	 8.3283e+03	 1.6132e+00	 2.1026e-02	 3.2315e+02	 8.3479e+03
 3.3750e+02	 8.3283e+03	 1.6076e+00	 2.3419e-02	 3.2314e+02	 8.3503e+03
 5.0625e+02	 8.3283e+03	 1.6011e+00	 2.5837e-02	 3.2314e+02	 8.3528e+03
 7.5938e+02	 8.3283e+03	 1.5939e+00	 2.8172e-02	 3.2315e+02	 8.3554e+03
 1.1391e+03	 8.3283e+03	 1.5860e+00	 3.0055e-02	 3.2314e+02	 8.3607e+03
 1.7086e+03	 8.3283e+03	 1.5779e+00	 3.1587e-02	 3.2315e+02	 8.3633e+03
 2.5629e+03	 8.3283e+03	 1.5691e+00	 3.2781e-02	 3.2314e+02	 8.3684e+03
 3.8443e+03	 8.3283e+03	 1.5605e+00	 3.3866e-02	 3.2314e+02	 8.3709e+03
 5.7665e+03	 8.3283e+03	 1.5517e+00	 3.5108e-02	 3.2313e+02	 8.3736e+03
 8.6498e+03	 8.3283e+03	 1.5487e+00	 3.4719e-02	 3.2314e+02	 8.3760e+03
 1.2975e+04	 8.3283e+03	 1.5388e+00	 3.5889e-02	 3.2314e+02	 8.3787e+03
 1.9462e+04	 8.3283e+03	 1.5284e+00	 3.6289e-02	 3.2314e+02	 8.3812e+03
 2.9193e+04	 8.3283e+03	 1.5176e+00	 3.5218e-02	 3.2314e+02	 8.3841e+03
 4.3789e+04	 8.3283e+03	 1.5076e+00	 3.2723e-02	 3.2314e+02	 8.3866e+03
 6.5684e+04	 8.3283e+03	 1.4990e+00	 2.9227e-02	 3.2314e+02	 8.3890e+03
 9.8526e+04	 8.3283e+03	 1.4919e+00	 2.5807e-02	 3.2314e+02	 8.3916e+03
 1.4779e+05	 8.3283e+03	 1.4860e+00	 2.2784e-02	 3.2315e+02	 8.3941e+03
 2.2168e+05	 8.3283e+03	 1.4813e+00	 2.0279e-02	 3.2314e+02	 8.3967e+03
 3.3253e+05	 8.3283e+03	 1.4771e+00	 1.8349e-02	 3.2315e+02	 8.3992e+03
 4.9879e+05	 8.3283e+03	 1.4724e+00	 1.7638e-02	 3.2314e+02	 8.4016e+03
 7.4818e+05	 8.3283e+03	 1.4684e+00	 1.7010e-02	 3.2315e+02	 8.4042e+03
 9.0000e+05	 8.3283e+03	 1.4673e+00	 1.6575e-02	 3.2315e+02	 8.4068e+03
 1.0000e+02	 8.4041e+03	 1.6225e+00	 1.5927e-02	 3.2315e+02	 8.4163e+03
 1.5000e+02	 8.4041e+03	 1.6182e+00	 1.7695e-02	 3.2315e+02	 8.4186e+03
 2.2500e+02	 8.4041e+03	 1.6132e+00	 2.1041e-02	 3.2315e+02	 8.4238e+03
 3.3750e+02	 8.4041e+03	 1.6075e+00	 2.3473e-02	 3.2315e+02	 8.4262e+03
 5.0625e+02	 8.4041e+03	 1.6010e+00	 2.5859e-02	 3.2315e+02	 8.4289e+03
 7.5938e+02	 8.4041e+03	 1.5937e+00	 2.8149e-02	 3.2316e+02	 8.4313e+03
 1.1391e+03	 8.4041e+03	 1.5858e+00	 3.0102e-02	 3.2316e+02	 8.4365e+03
 1.7086e+03	 8.4041e+03	 1.5777e+00	 3.1536e-02	 3.2316e+02	 8.4390e+03
 2.5629e+03	 8.4041e+03	 1.5690e+00	 3.2707e-02	 3.2316e+02	 8.4441e+03
 3.8443e+03	 8.4041e+03	 1.5603e+00	 3.3851e-02	 3.2316e+02	 8.4467e+03
 5.7665e+03	 8.4041e+03	 1.5515e+00	 3.5105e-02	 3.2315e+02	 8.4492e+03
 8.6498e+03	 8.4041e+03	 1.5486e+00	 3.4687e-02	 3.2315e+02	 8.4516e+03
 1.2975e+04	 8.4041e+03	 1.5386e+00	 3.5866e-02	 3.2316e+02	 8.4544e+03
 1.9462e+04	 8.4041e+03	 1.5282e+00	 3.6217e-02	 3.2315e+02	 8.4570e+03
 2.9193e+04	 8.4041e+03	 1.5174e+00	 3.5229e-02	 3.2314e+02	 8.4596e+03
 4.3789e+04	 8.4041e+03	 1.5074e+00	 3.2673e-02	 3.2314e+02	 8.4621e+03
 6.5684e+04	 8.4041e+03	 1.4988e+00	 2.9206e-02	 3.2314e+02	 8.4646e+03
 9.8526e+04	 8.4041e+03	 1.4917e+00	 2.5774e-02	 3.2314e+02	 8.4673e+03
 1.4779e+05	 8.4041e+03	 1.4858e+00	 2.2733e-02	 3.2315e+02	 8.4698e+03
 2.2168e+05	 8.4041e+03	 1.4811e+00	 2.0247e-02	 3.2315e+02	 8.4724e+03
 3.3253e+05	 8.4041e+03	 1.4770e+00	 1.8324e-02	 3.2314e+02	 8.4749e+03
 4.9879e+05	 8.4041e+03	 1.4722e+00	 1.7602e-02	 3.2314e+02	 8.4773e+03
 7.4818e+05	 8.4041e+03	 1.4682e+00	 1.6981e-02	 3.2315e+02	 8.4799e+03
 9.0000e+05	 8.4041e+03	 1.4670e+00	 1.6586e-02	 3.2315e+02	 8.4824e+03
 1.0000e+02	 8.4798e+03	 1.6219e+00	 1.7124e-02	 3.2313e+02	 8.4918e+03
 1.5000e+02	 8.4798e+03	 1.6184e+00	 1.9030e-02	 3.2313e+02	 8.4941e+03
 2.2500e+02	 8.4798e+03	 1.6129e+00	 2.0983e-02	 3.2313e+02	 8.4993e+03
 3.3750e+02	 8.4798e+03	 1.6072e+00	 2.3451e-02	 3.2313e+02	 8.5018e+03
 5.0625e+02	 8.4798e+03	 1.6007e+00	 2.5945e-02	 3.2313e+02	 8.5044e+03
 7.5938e+02	 8.4798e+03	 1.5934e+00	 2.8150e-02	 3.2313e+02	 8.5068e+03
 1.1391e+03	 8.4798e+03	 1.5856e+00	 3.0059e-02	 3.2313e+02	 8.5119e+03
 1.7086e+03	 8.4798e+03	 1.5775e+00	 3.1559e-02	 3.2313e+02	 8.5144e+03
 2.5629e+03	 8.4798e+03	 1.5689e+00	 3.2754e-02	 3.2314e+02	 8.5197e+03
 3.8443e+03	 8.4798e+03	 1.5603e+00	 3.3850e-02	 3.2314e+02	 8.5224e+03
 5.7665e+03	 8.4798e+03	 1.5516e+00	 3.5095e-02	 3.2315e+02	 8.5248e+03
 8.6498e+03	 8.4798e+03	 1.5486e+00	 3.4670e-02	 3.2314e+02	 8.5272e+03
 1.2975e+04	 8.4798e+03	 1.5387e+00	 3.5859e-02	 3.2315e+02	 8.5299e+03
 1.9462e+04	 8.4798e+03	 1.5283e+00	 3.6179e-02	 3.2315e+02	 8.5324e+03
 2.9193e+04	 8.4798e+03	 1.5175e+00	 3.5153e-02	 3.2316e+02	 8.5349e+03
 4.3789e+04	 8.4798e+03	 1.5075e+00	 3.2640e-02	 3.2315e+02	 8.5375e+03
 6.5684e+04	 8.4798e+03	 1.4989e+00	 2.9169e-02	 3.2316e+02	 8.5401e+03
 9.8526e+04	 8.4798e+03	 1.4918e+00	 2.5733e-02	 3.2316e+02	 8.5428e+03
 1.4779e+05	 8.4798e+03	 1.4859e+00	 2.2686e-02	 3.2315e+02	 8.5454e+03
 2.2168e+05	 8.4798e+03	 1.4812e+00	 2.0202e-02	 3.2315e+02	 8.5481e+03
 3.3253e+05	 8.4798e+03	 1.4770e+00	 1.8293e-02	 3.2316e+02	 8.5505e+03
 4.9879e+05	 8.4798e+03	 1.4722e+00	 1.7570e-02	 3.2315e+02	 8.5532e+03
 7.4818e+05	 8.4798e+03	 1.4682e+00	 1.6965e-02	 3.2316e+02	 8.5556e+03
 9.0000e+05	 8.4798e+03	 1.4670e+00	 1.6596e-02	 3.2315e+02	 8.5582e+03
 1.0000e+02	 8.5555e+03	 1.6225e+00	 1.6156e-02	 3.2316e+02	 8.5676e+03
 1.5000e+02	 8.5555e+03	 1.6173e+00	 1.8183e-02	 3.2315e+02	 8.5701e+03
 2.2500e+02	 8.5555e+03	 1.6128e+00	 2.1000e-02	 3.2315e+02	 8.5752e+03
 3.3750e+02	 8.5555e+03	 1.6071e+00	 2.3517e-02	 3.2316e+02	 8.5779e+03
 5.0625e+02	 8.5555e+03	 1.6006e+00	 2.5909e-02	 3.2316e+02	 8.5803e+03
 7.5938e+02	 8.5555e+03	 1.5933e+00	 2.8213e-02	 3.2316e+02	 8.5828e+03
 1.1391e+03	 8.5555e+03	 1.5854e+00	 3.0046e-02	 3.2316e+02	 8.5879e+03
 1.7086e+03	 8.5555e+03	 1.5773e+00	 3.1543e-02	 3.2316e+02	 8.5903e+03
 2.5629e+03	 8.5555e+03	 1.5685e+00	 3.2748e-02	 3.2316e+02	 8.5955e+03
 3.8443e+03	 8.5555e+03	 1.5600e+00	 3.3819e-02	 3.2316e+02	 8.5981e+03
 5.7665e+03	 8.5555e+03	 1.5511e+00	 3.5073e-02	 3.2316e+02	 8.6005e+03
 8.6498e+03	 8.5555e+03	 1.5482e+00	 3.4626e-02	 3.2316e+02	 8.6029e+03
 1.2975e+04	 8.5555e+03	 1.5382e+00	 3.5802e-02	 3.2316e+02	 8.6054e+03
 1.9462e+04	 8.5555e+03	 1.5279e+00	 3.6123e-02	 3.2316e+02	 8.6080e+03
 2.9193e+04	 8.5555e+03	 1.5171e+00	 3.5107e-02	 3.2316e+02	 8.6106e+03
 4.3789e+04	 8.5555e+03	 1.5071e+00	 3.2580e-02	 3.2316e+02	 8.6131e+03
 6.5684e+04	 8.5555e+03	 1.4986e+00	 2.9107e-02	 3.2316e+02	 8.6155e+03
 9.8526e+04	 8.5555e+03	 1.4914e+00	 2.5675e-02	 3.2316e+02	 8.6181e+03
 1.4779e+05	 8.5555e+03	 1.4856e+00	 2.2675e-02	 3.2316e+02	 8.6206e+03
 2.2168e+05	 8.5555e+03	 1.4808e+00	 2.0153e-02	 3.2316e+02	 8.6231e+03
 3.3253e+05	 8.5555e+03	 1.4766e+00	 1.8318e-02	 3.2316e+02	 8.6258e+03
 4.9879e+05	 8.5555e+03	 1.4719e+00	 1.7529e-02	 3.2316e+02	 8.6282e+03
 7.4818e+05	 8.5555e+03	 1.4679e+00	 1.6965e-02	 3.2316e+02	 8.6309e+03
 9.0000e+05	 8.5555e+03	 1.4668e+00	 1.6538e-02	 3.2316e+02	 8.6334e+03
 1.0000e+02	 8.6308e+03	 1.6216e+00	 1.5896e-02	 3.2315e+02	 8.6429e+03
 1.5000e+02	 8.6308e+03	 1.6170e+00	 1.9117e-02	 3.2316e+02	 8.6452e+03
 2.2500e+02	 8.6308e+03	 1.6125e+00	 2.1079e-02	 3.2316e+02	 8.6506e+03
 3.3750e+02	 8.6308e+03	 1.6068e+00	 2.3494e-02	 3.2315e+02	 8.6532e+03
 5.0625e+02	 8.6308e+03	 1.6001e+00	 2.6001e-02	 3.2315e+02	 8.6556e+03
 7.5938e+02	 8.6308e+03	 1.5928e+00	 2.8205e-02	 3.2315e+02	 8.6581e+03
 1.1391e+03	 8.6308e+03	 1.5849e+00	 3.0103e-02	 3.2315e+02	 8.6633e+03
 1.7086e+03	 8.6308e+03	 1.5769e+00	 3.1569e-02	 3.2315e+02	 8.6659e+03
 2.5629e+03	 8.6308e+03	 1.5682e+00	 3.2740e-02	 3.2315e+02	 8.6709e+03
 3.8443e+03	 8.6308e+03	 1.5595e+00	 3.3779e-02	 3.2315e+02	 8.6736e+03
 5.7665e+03	 8.6308e+03	 1.5508e+00	 3.5049e-02	 3.2315e+02	 8.6761e+03
 8.6498e+03	 8.6308e+03	 1.5478e+00	 3.4623e-02	 3.2315e+02	 8.6787e+03
 1.2975e+04	 8.6308e+03	 1.5378e+00	 3.5772e-02	 3.2314e+02	 8.6811e+03
 1.9462e+04	 8.6308e+03	 1.5275e+00	 3.6106e-02	 3.2314e+02	 8.6837e+03
 2.9193e+04	 8.6308e+03	 1.5167e+00	 3.5053e-02	 3.2313e+02	 8.6863e+03
 4.3789e+04	 8.6308e+03	 1.5068e+00	 3.2532e-02	 3.2312e+02	 8.6888e+03
 6.5684e+04	 8.6308e+03	 1.4982e+00	 2.9063e-02	 3.2312e+02	 8.6914e+03
 9.8526e+04	 8.6308e+03	 1.4912e+00	 2.5623e-02	 3.2311e+02	 8.6939e+03
 1.4779e+05	 8.6308e+03	 1.4853e+00	 2.2583e-02	 3.2310e+02	 8.6963e+03
 2.2168e+05	 8.6308e+03	 1.4807e+00	 2.0107e-02	 3.2311e+02	 8.6989e+03
 3.3253e+05	 8.6308e+03	 1.4766e+00	 1.8246e-02	 3.2311e+02	 8.7014e+03
 4.9879e+05	 8.6308e+03	 1.4719e+00	 1.7531e-02	 3.2311e+02	 8.7039e+03
 7.4818e+05	 8.6308e+03	 1.4680e+00	 1.6866e-02	 3.2312e+02	 8.7064e+03
 9.0000e+05	 8.6308e+03	 1.4669e+00	 1.6487e-02	 3.2312e+02	 8.7089e+03
 1.0000e+02	 8.7063e+03	 1.6212e+00	 1.6493e-02	 3.2313e+02	 8.7183e+03
 1.5000e+02	 8.7063e+03	 1.6174e+00	 1.9188e-02	 3.2314e+02	 8.7206e+03
 2.2500e+02	 8.7063e+03	 1.6127e+00	 2.1094e-02	 3.2314e+02	 8.7260e+03
 3.3750e+02	 8.7063e+03	 1.6071e+00	 2.3541e-02	 3.2314e+02	 8.7289e+03
 5.0625e+02	 8.7063e+03	 1.6006e+00	 2.6060e-02	 3.2314e+02	 8.7313e+03
 7.5938e+02	 8.7063e+03	 1.5932e+00	 2.8204e-02	 3.2314e+02	 8.7339e+03
 1.1391e+03	 8.7063e+03	 1.5853e+00	 3.0121e-02	 3.2315e+02	 8.7388e+03
 1.7086e+03	 8.7063e+03	 1.5772e+00	 3.1553e-02	 3.2315e+02	 8.7414e+03
 2.5629e+03	 8.7063e+03	 1.5685e+00	 3.2701e-02	 3.2314e+02	 8.7467e+03
 3.8443e+03	 8.7063e+03	 1.5599e+00	 3.3762e-02	 3.2315e+02	 8.7491e+03
 5.7665e+03	 8.7063e+03	 1.5511e+00	 3.5040e-02	 3.2315e+02	 8.7519e+03
 8.6498e+03	 8.7063e+03	 1.5481e+00	 3.4567e-02	 3.2315e+02	 8.7544e+03
 1.2975e+04	 8.7063e+03	 1.5381e+00	 3.5740e-02	 3.2316e+02	 8.7568e+03
 1.9462e+04	 8.7063e+03	 1.5278e+00	 3.6092e-02	 3.2316e+02	 8.7596e+03
 2.9193e+04	 8.7063e+03	 1.5170e+00	 3.5008e-02	 3.2316e+02	 8.7621e+03
 4.3789e+04	 8.7063e+03	 1.5071e+00	 3.2494e-02	 3.2316e+02	 8.7647e+03
 6.5684e+04	 8.7063e+03	 1.4986e+00	 2.9035e-02	 3.2316e+02	 8.7671e+03
 9.8526e+04	 8.7063e+03	 1.4916e+00	 2.5598e-02	 3.2317e+02	 8.7696e+03
 1.4779e+05	 8.7063e+03	 1.4857e+00	 2.2624e-02	 3.2316e+02	 8.7723e+03
 2.2168e+05	 8.7063e+03	 1.4810e+00	 2.0117e-02	 3.2316e+02	 8.7749e+03
 3.3253e+05	 8.7063e+03	 1.4769e+00	 1.8238e-02	 3.2317e+02	 8.7776e+03
 4.9879e+05	 8.7063e+03	 1.4720e+00	 1.7526e-02	 3.2317e+02	 8.7800e+03
 7.4818e+05	 8.7063e+03	 1.4681e+00	 1.6858e-02	 3.2317e+02	 8.7828e+03
 9.0000e+05	 8.7063e+03	 1.4669e+00	 1.6512e-02	 3.2317e+02	 8.7854e+03
 1.0000e+02	 8.7827e+03	 1.6215e+00	 1.7227e-02	 3.2317e+02	 8.7948e+03
 1.5000e+02	 8.7827e+03	 1.6167e+00	 1.9220e-02	 3.2317e+02	 8.7971e+03
 2.2500e+02	 8.7827e+03	 1.6122e+00	 2.1165e-02	 3.2317e+02	 8.8023e+03
 3.3750e+02	 8.7827e+03	 1.6065e+00	 2.3606e-02	 3.2316e+02	 8.8048e+03
 5.0625e+02	 8.7827e+03	 1.5999e+00	 2.6005e-02	 3.2316e+02	 8.8074e+03
 7.5938e+02	 8.7827e+03	 1.5925e+00	 2.8155e-02	 3.2316e+02	 8.8098e+03
 1.1391e+03	 8.7827e+03	 1.5847e+00	 3.0109e-02	 3.2317e+02	 8.8150e+03
 1.7086e+03	 8.7827e+03	 1.5765e+00	 3.1581e-02	 3.2316e+02	 8.8175e+03
 2.5629e+03	 8.7827e+03	 1.5679e+00	 3.2689e-02	 3.2316e+02	 8.8226e+03
 3.8443e+03	 8.7827e+03	 1.5593e+00	 3.3782e-02	 3.2317e+02	 8.8252e+03
 5.7665e+03	 8.7827e+03	 1.5505e+00	 3.5008e-02	 3.2317e+02	 8.8278e+03
 8.6498e+03	 8.7827e+03	 1.5475e+00	 3.4598e-02	 3.2317e+02	 8.8302e+03
 1.2975e+04	 8.7827e+03	 1.5376e+00	 3.5718e-02	 3.2316e+02	 8.8327e+03
 1.9462e+04	 8.7827e+03	 1.5272e+00	 3.6010e-02	 3.2316e+02	 8.8354e+03
 2.9193e+04	 8.7827e+03	 1.5165e+00	 3.4971e-02	 3.2317e+02	 8.8378e+03
 4.3789e+04	 8.7827e+03	 1.5065e+00	 3.2434e-02	 3.2316e+02	 8.8404e+03
 6.5684e+04	 8.7827e+03	 1.4980e+00	 2.8980e-02	 3.2316e+02	 8.8428e+03
 9.8526e+04	 8.7827e+03	 1.4910e+00	 2.5559e-02	 3.2316e+02	 8.8452e+03
 1.4779e+05	 8.7827e+03	 1.4851e+00	 2.2576e-02	 3.2316e+02	 8.8479e+03
 2.2168e+05	 8.7827e+03	 1.4805e+00	 2.0086e-02	 3.2316e+02	 8.8504e+03
 3.3253e+05	 8.7827e+03	 1.4763e+00	 1.8212e-02	 3.2315e+02	 8.8532e+03
 4.9879e+05	 8.7827e+03	 1.4715e+00	 1.7504e-02	 3.2316e+02	 8.8556e+03
 7.4818e+05	 8.7827e+03	 1.4676e+00	 1.6852e-02	 3.2316e+02	 8.8581e+03
 9.0000e+05	 8.7827e+03	 1.4665e+00	 1.6480e-02	 3.2315e+02	 8.8608e+03
 1.0000e+02	 8.8581e+03	 1.6204e+00	 1.6804e-02	 3.2316e+02	 8.8702e+03
 1.5000e+02	 8.8581e+03	 1.6163e+00	 1.9074e-02	 3.2316e+02	 8.8726e+03
 2.2500e+02	 8.8581e+03	 1.6118e+00	 2.1059e-02	 3.2316e+02	 8.8778e+03
 3.3750e+02	 8.8581e+03	 1.6061e+00	 2.3606e-02	 3.2315e+02	 8.8802e+03
 5.0625e+02	 8.8581e+03	 1.5996e+00	 2.6009e-02	 3.2316e+02	 8.8829e+03
 7.5938e+02	 8.8581e+03	 1.5921e+00	 2.8264e-02	 3.2315e+02	 8.8855e+03
 1.1391e+03	 8.8581e+03	 1.5843e+00	 3.0089e-02	 3.2315e+02	 8.8906e+03
 1.7086e+03	 8.8581e+03	 1.5762e+00	 3.1570e-02	 3.2315e+02	 8.8931e+03
 2.5629e+03	 8.8581e+03	 1.5675e+00	 3.2681e-02	 3.2315e+02	 8.8981e+03
 3.8443e+03	 8.8581e+03	 1.5589e+00	 3.3745e-02	 3.2315e+02	 8.9007e+03
 5.7665e+03	 8.8581e+03	 1.5502e+00	 3.4974e-02	 3.2315e+02	 8.9033e+03
 8.6498e+03	 8.8581e+03	 1.5471e+00	 3.4527e-02	 3.2315e+02	 8.9058e+03
 1.2975e+04	 8.8581e+03	 1.5372e+00	 3.5698e-02	 3.2315e+02	 8.9084e+03
 1.9462e+04	 8.8581e+03	 1.5270e+00	 3.5958e-02	 3.2315e+02	 8.9110e+03
 2.9193e+04	 8.8581e+03	 1.5162e+00	 3.4916e-02	 3.2314e+02	 8.9137e+03
 4.3789e+04	 8.8581e+03	 1.5063e+00	 3.2383e-02	 3.2313e+02	 8.9163e+03
 6.5684e+04	 8.8581e+03	 1.4978e+00	 2.8894e-02	 3.2314e+02	 8.9188e+03
 9.8526e+04	 8.8581e+03	 1.4908e+00	 2.5507e-02	 3.2314e+02	 8.9214e+03
 1.4779e+05	 8.8581e+03	 1.4850e+00	 2.2519e-02	 3.2313e+02	 8.9238e+03
 2.2168e+05	 8.8581e+03	 1.4804e+00	 2.0052e-02	 3.2314e+02	 8.9264e+03
 3.3253e+05	 8.8581e+03	 1.4762e+00	 1.8139e-02	 3.2314e+02	 8.9290e+03
 4.9879e+05	 8.8581e+03	 1.4715e+00	 1.7449e-02	 3.2314e+02	 8.9315e+03
 7.4818e+05	 8.8581e+03	 1.4675e+00	 1.6867e-02	 3.2314e+02	 8.9342e+03
 9.0000e+05	 8.8581e+03	 1.4664e+00	 1.6429e-02	 3.2314e+02	 8.9368e+03
 1.0000e+02	 8.9341e+03	 1.6213e+00	 1.6214e-02	 3.2314e+02	 8.9463e+03
 1.5000e+02	 8.9341e+03	 1.6163e+00	 1.8453e-02	 3.2315e+02	 8.9488e+03
 2.2500e+02	 8.9341e+03	 1.6118e+00	 2.1266e-02	 3.2314e+02	 8.9540e+03
 3.3750e+02	 8.9341e+03	 1.6060e+00	 2.3644e-02	 3.2314e+02	 8.9566e+03
 5.0625e+02	 8.9341e+03	 1.5995e+00	 2.6046e-02	 3.2315e+02	 8.9591e+03
 7.5938e+02	 8.9341e+03	 1.5921e+00	 2.8243e-02	 3.2315e+02	 8.9618e+03
 1.1391e+03	 8.9341e+03	 1.5842e+00	 3.0114e-02	 3.2315e+02	 8.9668e+03
 1.7086e+03	 8.9341e+03	 1.5762e+00	 3.1548e-02	 3.2315e+02	 8.9694e+03
 2.5629e+03	 8.9341e+03	 1.5674e+00	 3.2640e-02	 3.2315e+02	 8.9748e+03
 3.8443e+03	 8.9341e+03	 1.5588e+00	 3.3732e-02	 3.2315e+02	 8.9772e+03
 5.7665e+03	 8.9341e+03	 1.5501e+00	 3.4938e-02	 3.2315e+02	 8.9798e+03
 8.6498e+03	 8.9341e+03	 1.5470e+00	 3.4500e-02	 3.2315e+02	 8.9823e+03
 1.2975e+04	 8.9341e+03	 1.5372e+00	 3.5619e-02	 3.2315e+02	 8.9848e+03
 1.9462e+04	 8.9341e+03	 1.5269e+00	 3.5930e-02	 3.2315e+02	 8.9874e+03
 2.9193e+04	 8.9341e+03	 1.5161e+00	 3.4868e-02	 3.2315e+02	 8.9898e+03
 4.3789e+04	 8.9341e+03	 1.5062e+00	 3.2313e-02	 3.2315e+02	 8.9922e+03
 6.5684e+04	 8.9341e+03	 1.4978e+00	 2.8872e-02	 3.2315e+02	 8.9949e+03
 9.8526e+04	 8.9341e+03	 1.4907e+00	 2.5487e-02	 3.2316e+02	 8.9974e+03
 1.4779e+05	 8.9341e+03	 1.4850e+00	 2.2478e-02	 3.2315e+02	 9.0001e+03
 2.2168e+05	 8.9341e+03	 1.4803e+00	 2.0002e-02	 3.2315e+02	 9.0027e+03
 3.3253e+05	 8.9341e+03	 1.4762e+00	 1.8151e-02	 3.2315e+02	 9.0054e+03
 4.9879e+05	 8.9341e+03	 1.4714e+00	 1.7490e-02	 3.2316e+02	 9.0079e+03
 7.4818e+05	 8.9341e+03	 1.4675e+00	 1.6825e-02	 3.2315e+02	 9.0103e+03
 9.0000e+05	 8.9341e+03	 1.4664e+00	 1.6433e-02	 3.2315e+02	 9.0129e+03
 1.0000e+02	 9.0103e+03	 1.6208e+00	 1.7331e-02	 3.2316e+02	 9.0222e+03
 1.5000e+02	 9.0103e+03	 1.6158e+00	 1.8312e-02	 3.2315e+02	 9.0246e+03
 2.2500e+02	 9.0103e+03	 1.6115e+00	 2.1164e-02	 3.2316e+02	 9.0299e+03
 3.3750e+02	 9.0103e+03	 1.6058e+00	 2.3619e-02	 3.2316e+02	 9.0324e+03
 5.0625e+02	 9.0103e+03	 1.5993e+00	 2.6036e-02	 3.2316e+02	 9.0351e+03
 7.5938e+02	 9.0103e+03	 1.5919e+00	 2.8291e-02	 3.2316e+02	 9.0376e+03
 1.1391e+03	 9.0103e+03	 1.5840e+00	 3.0110e-02	 3.2315e+02	 9.0428e+03
 1.7086e+03	 9.0103e+03	 1.5758e+00	 3.1574e-02	 3.2315e+02	 9.0452e+03
 2.5629e+03	 9.0103e+03	 1.5672e+00	 3.2639e-02	 3.2315e+02	 9.0504e+03
 3.8443e+03	 9.0103e+03	 1.5586e+00	 3.3714e-02	 3.2316e+02	 9.0529e+03
 5.7665e+03	 9.0103e+03	 1.5499e+00	 3.4949e-02	 3.2315e+02	 9.0554e+03
 8.6498e+03	 9.0103e+03	 1.5468e+00	 3.4490e-02	 3.2315e+02	 9.0578e+03
 1.2975e+04	 9.0103e+03	 1.5369e+00	 3.5629e-02	 3.2316e+02	 9.0602e+03
 1.9462e+04	 9.0103e+03	 1.5266e+00	 3.5880e-02	 3.2316e+02	 9.0629e+03
 2.9193e+04	 9.0103e+03	 1.5159e+00	 3.4810e-02	 3.2316e+02	 9.0654e+03
 4.3789e+04	 9.0103e+03	 1.5060e+00	 3.2278e-02	 3.2315e+02	 9.0678e+03
 6.5684e+04	 9.0103e+03	 1.4976e+00	 2.8820e-02	 3.2315e+02	 9.0704e+03
 9.8526e+04	 9.0103e+03	 1.4905e+00	 2.5445e-02	 3.2314e+02	 9.0728e+03
 1.4779e+05	 9.0103e+03	 1.4848e+00	 2.2453e-02	 3.2315e+02	 9.0752e+03
 2.2168e+05	 9.0103e+03	 1.4802e+00	 1.9989e-02	 3.2316e+02	 9.0779e+03
 3.3253e+05	 9.0103e+03	 1.4760e+00	 1.8108e-02	 3.2315e+02	 9.0804e+03
 4.9879e+05	 9.0103e+03	 1.4713e+00	 1.7389e-02	 3.2314e+02	 9.0831e+03
 7.4818e+05	 9.0103e+03	 1.4673e+00	 1.6799e-02	 3.2316e+02	 9.0856e+03
 9.0000e+05	 9.0103e+03	 1.4662e+00	 1.6429e-02	 3.2315e+02	 9.0884e+03
 1.0000e+02	 9.0857e+03	 1.6200e+00	 1.6721e-02	 3.2315e+02	 9.0976e+03
 1.5000e+02	 9.0857e+03	 1.6155e+00	 1.7466e-02	 3.2315e+02	 9.1002e+03
 2.2500e+02	 9.0857e+03	 1.6112e+00	 2.1148e-02	 3.2315e+02	 9.1055e+03
 3.3750e+02	 9.0857e+03	 1.6055e+00	 2.3649e-02	 3.2315e+02	 9.1079e+03
 5.0625e+02	 9.0857e+03	 1.5989e+00	 2.6057e-02	 3.2315e+02	 9.1104e+03
 7.5938e+02	 9.0857e+03	 1.5915e+00	 2.8292e-02	 3.2315e+02	 9.1129e+03
 1.1391e+03	 9.0857e+03	 1.5837e+00	 3.0118e-02	 3.2315e+02	 9.1178e+03
 1.7086e+03	 9.0857e+03	 1.5755e+00	 3.1536e-02	 3.2315e+02	 9.1204e+03
 2.5629e+03	 9.0857e+03	 1.5669e+00	 3.2695e-02	 3.2315e+02	 9.1254e+03
 3.8443e+03	 9.0857e+03	 1.5583e+00	 3.3707e-02	 3.2315e+02	 9.1281e+03
 5.7665e+03	 9.0857e+03	 1.5496e+00	 3.4915e-02	 3.2315e+02	 9.1306e+03
 8.6498e+03	 9.0857e+03	 1.5465e+00	 3.4491e-02	 3.2315e+02	 9.1331e+03
 1.2975e+04	 9.0857e+03	 1.5367e+00	 3.5574e-02	 3.2315e+02	 9.1356e+03
 1.9462e+04	 9.0857e+03	 1.5264e+00	 3.5842e-02	 3.2315e+02	 9.1384e+03
 2.9193e+04	 9.0857e+03	 1.5157e+00	 3.4772e-02	 3.2315e+02	 9.1408e+03
 4.3789e+04	 9.0857e+03	 1.5058e+00	 3.2219e-02	 3.2315e+02	 9.1433e+03
 6.5684e+04	 9.0857e+03	 1.4974e+00	 2.8743e-02	 3.2315e+02	 9.1459e+03
 9.8526e+04	 9.0857e+03	 1.4904e+00	 2.5399e-02	 3.2315e+02	 9.1483e+03
 1.4779e+05	 9.0857e+03	 1.4846e+00	 2.2408e-02	 3.2315e+02	 9.1508e+03
 2.2168e+05	 9.0857e+03	 1.4800e+00	 1.9939e-02	 3.2315e+02	 9.1534e+03
 3.3253e+05	 9.0857e+03	 1.4759e+00	 1.8076e-02	 3.2315e+02	 9.1558e+03
 4.9879e+05	 9.0857e+03	 1.4712e+00	 1.7400e-02	 3.2314e+02	 9.1583e+03
 7.4818e+05	 9.0857e+03	 1.4672e+00	 1.6780e-02	 3.2315e+02	 9.1609e+03
 9.0000e+05	 9.0857e+03	 1.4661e+00	 1.6406e-02	 3.2315e+02	 9.1636e+03
 1.0000e+02	 9.1609e+03	 1.6197e+00	 1.6372e-02	 3.2315e+02	 9.1729e+03
 1.5000e+02	 9.1609e+03	 1.6154e+00	 1.8506e-02	 3.2315e+02	 9.1755e+03
 2.2500e+02	 9.1609e+03	 1.6111e+00	 2.1293e-02	 3.2315e+02	 9.1806e+03
 3.3750e+02	 9.1609e+03	 1.6053e+00	 2.3754e-02	 3.2315e+02	 9.1831e+03
 5.0625e+02	 9.1609e+03	 1.5988e+00	 2.6135e-02	 3.2315e+02	 9.1856e+03
 7.5938e+02	 9.1609e+03	 1.5914e+00	 2.8260e-02	 3.2315e+02	 9.1880e+03
 1.1391e+03	 9.1609e+03	 1.5834e+00	 3.0101e-02	 3.2315e+02	 9.1931e+03
 1.7086e+03	 9.1609e+03	 1.5754e+00	 3.1524e-02	 3.2315e+02	 9.1957e+03
 2.5629e+03	 9.1609e+03	 1.5667e+00	 3.2681e-02	 3.2315e+02	 9.2007e+03
 3.8443e+03	 9.1609e+03	 1.5582e+00	 3.3654e-02	 3.2315e+02	 9.2034e+03
 5.7665e+03	 9.1609e+03	 1.5494e+00	 3.4881e-02	 3.2315e+02	 9.2058e+03
 8.6498e+03	 9.1609e+03	 1.5464e+00	 3.4441e-02	 3.2315e+02	 9.2082e+03
 1.2975e+04	 9.1609e+03	 1.5365e+00	 3.5503e-02	 3.2314e+02	 9.2108e+03
 1.9462e+04	 9.1609e+03	 1.5262e+00	 3.5796e-02	 3.2315e+02	 9.2133e+03
 2.9193e+04	 9.1609e+03	 1.5155e+00	 3.4702e-02	 3.2315e+02	 9.2161e+03
 4.3789e+04	 9.1609e+03	 1.5057e+00	 3.2152e-02	 3.2315e+02	 9.2185e+03
 6.5684e+04	 9.1609e+03	 1.4973e+00	 2.8696e-02	 3.2315e+02	 9.2212e+03
 9.8526e+04	 9.1609e+03	 1.4904e+00	 2.5342e-02	 3.2315e+02	 9.2237e+03
 1.4779e+05	 9.1609e+03	 1.4846e+00	 2.2372e-02	 3.2315e+02	 9.2262e+03
 2.2168e+05	 9.1609e+03	 1.4799e+00	 1.9922e-02	 3.2315e+02	 9.2288e+03
 3.3253e+05	 9.1609e+03	 1.4758e+00	 1.8070e-02	 3.2315e+02	 9.2312e+03
 4.9879e+05	 9.1609e+03	 1.4711e+00	 1.7407e-02	 3.2315e+02	 9.2339e+03
 7.4818e+05	 9.1609e+03	 1.4672e+00	 1.6774e-02	 3.2316e+02	 9.2364e+03
 9.0000e+05	 9.1609e+03	 1.4661e+00	 1.6390e-02	 3.2315e+02	 9.2392e+03
 1.0000e+02	 9.2365e+03	 1.6198e+00	 1.6259e-02	 3.2315e+02	 9.2483e+03
 1.5000e+02	 9.2365e+03	 1.6164e+00	 1.9418e-02	 3.2315e+02	 9.2507e+03
 2.2500e+02	 9.2365e+03	 1.6110e+00	 2.1318e-02	 3.2314e+02	 9.2558e+03
 3.3750e+02	 9.2365e+03	 1.6052e+00	 2.3730e-02	 3.2315e+02	 9.2584e+03
 5.0625e+02	 9.2365e+03	 1.5986e+00	 2.6167e-02	 3.2314e+02	 9.2608e+03
 7.5938e+02	 9.2365e+03	 1.5912e+00	 2.8283e-02	 3.2314e+02	 9.2632e+03
 1.1391e+03	 9.2365e+03	 1.5833e+00	 3.0144e-02	 3.2314e+02	 9.2683e+03
 1.7086e+03	 9.2365e+03	 1.5752e+00	 3.1477e-02	 3.2314e+02	 9.2711e+03
 2.5629e+03	 9.2365e+03	 1.5665e+00	 3.2621e-02	 3.2315e+02	 9.2762e+03
 3.8443e+03	 9.2365e+03	 1.5580e+00	 3.3660e-02	 3.2315e+02	 9.2788e+03
 5.7665e+03	 9.2365e+03	 1.5492e+00	 3.4855e-02	 3.2314e+02	 9.2813e+03
 8.6498e+03	 9.2365e+03	 1.5462e+00	 3.4382e-02	 3.2314e+02	 9.2841e+03
 1.2975e+04	 9.2365e+03	 1.5363e+00	 3.5497e-02	 3.2315e+02	 9.2865e+03
 1.9462e+04	 9.2365e+03	 1.5261e+00	 3.5762e-02	 3.2315e+02	 9.2891e+03
 2.9193e+04	 9.2365e+03	 1.5154e+00	 3.4675e-02	 3.2315e+02	 9.2916e+03
 4.3789e+04	 9.2365e+03	 1.5056e+00	 3.2121e-02	 3.2315e+02	 9.2944e+03
 6.5684e+04	 9.2365e+03	 1.4973e+00	 2.8655e-02	 3.2315e+02	 9.2969e+03
 9.8526e+04	 9.2365e+03	 1.4903e+00	 2.5313e-02	 3.2315e+02	 9.2997e+03
 1.4779e+05	 9.2365e+03	 1.4846e+00	 2.2360e-02	 3.2315e+02	 9.3021e+03
 2.2168e+05	 9.2365e+03	 1.4799e+00	 1.9882e-02	 3.2315e+02	 9.3049e+03
 3.3253e+05	 9.2365e+03	 1.4758e+00	 1.8074e-02	 3.2315e+02	 9.3074e+03
 4.9879e+05	 9.2365e+03	 1.4710e+00	 1.7365e-02	 3.2315e+02	 9.3099e+03
 7.4818e+05	 9.2365e+03	 1.4671e+00	 1.6733e-02	 3.2315e+02	 9.3126e+03
 9.0000e+05	 9.2365e+03	 1.4660e+00	 1.6327e-02	 3.2315e+02	 9.3152e+03
 1.0000e+02	 9.3126e+03	 1.6206e+00	 1.6329e-02	 3.2315e+02	 9.3244e+03
 1.5000e+02	 9.3126e+03	 1.6160e+00	 1.8805e-02	 3.2316e+02	 9.3268e+03
 2.2500e+02	 9.3126e+03	 1.6108e+00	 2.1260e-02	 3.2316e+02	 9.3319e+03
 3.3750e+02	 9.3126e+03	 1.6050e+00	 2.3733e-02	 3.2316e+02	 9.3343e+03
 5.0625e+02	 9.3126e+03	 1.5984e+00	 2.6156e-02	 3.2315e+02	 9.3371e+03
 7.5938e+02	 9.3126e+03	 1.5910e+00	 2.8357e-02	 3.2316e+02	 9.3395e+03
 1.1391e+03	 9.3126e+03	 1.5831e+00	 3.0135e-02	 3.2315e+02	 9.3447e+03
 1.7086e+03	 9.3126e+03	 1.5750e+00	 3.1501e-02	 3.2315e+02	 9.3471e+03
 2.5629e+03	 9.3126e+03	 1.5663e+00	 3.2543e-02	 3.2315e+02	 9.3525e+03
 3.8443e+03	 9.3126e+03	 1.5578e+00	 3.3661e-02	 3.2315e+02	 9.3551e+03
 5.7665e+03	 9.3126e+03	 1.5490e+00	 3.4827e-02	 3.2315e+02	 9.3576e+03
 8.6498e+03	 9.3126e+03	 1.5460e+00	 3.4405e-02	 3.2315e+02	 9.3604e+03
 1.2975e+04	 9.3126e+03	 1.5361e+00	 3.5506e-02	 3.2315e+02	 9.3628e+03
 1.9462e+04	 9.3126e+03	 1.5259e+00	 3.5746e-02	 3.2315e+02	 9.3657e+03
 2.9193e+04	 9.3126e+03	 1.5152e+00	 3.4616e-02	 3.2316e+02	 9.3682e+03
 4.3789e+04	 9.3126e+03	 1.5054e+00	 3.2061e-02	 3.2315e+02	 9.3707e+03
 6.5684e+04	 9.3126e+03	 1.4971e+00	 2.8608e-02	 3.2315e+02	 9.3731e+03
 9.8526e+04	 9.3126e+03	 1.4901e+00	 2.5267e-02	 3.2316e+02	 9.3756e+03
 1.4779e+05	 9.3126e+03	 1.4843e+00	 2.2284e-02	 3.2315e+02	 9.3780e+03
 2.2168e+05	 9.3126e+03	 1.4797e+00	 1.9874e-02	 3.2315e+02	 9.3806e+03
 3.3253e+05	 9.3126e+03	 1.4756e+00	 1.8005e-02	 3.2315e+02	 9.3831e+03
 4.9879e+05	 9.3126e+03	 1.4709e+00	 1.7368e-02	 3.2315e+02	 9.3855e+03
 7.4818e+05	 9.3126e+03	 1.4669e+00	 1.6714e-02	 3.2315e+02	 9.3881e+03
 9.0000e+05	 9.3126e+03	 1.4658e+00	 1.6373e-02	 3.2315e+02	 9.3907e+03
 1.0000e+02	 9.3880e+03	 1.6204e+00	 1.7109e-02	 3.2315e+02	 9.4000e+03
 1.5000e+02	 9.3880e+03	 1.6149e+00	 1.8194e-02	 3.2315e+02	 9.4024e+03
 2.2500e+02	 9.3880e+03	 1.6105e+00	 2.1324e-02	 3.2315e+02	 9.4077e+03
 3.3750e+02	 9.3880e+03	 1.6047e+00	 2.3761e-02	 3.2315e+02	 9.4104e+03
 5.0625e+02	 9.3880e+03	 1.5981e+00	 2.6146e-02	 3.2315e+02	 9.4129e+03
 7.5938e+02	 9.3880e+03	 1.5907e+00	 2.8339e-02	 3.2315e+02	 9.4153e+03
 1.1391e+03	 9.3880e+03	 1.5828e+00	 3.0118e-02	 3.2315e+02	 9.4204e+03
 1.7086e+03	 9.3880e+03	 1.5747e+00	 3.1495e-02	 3.2314e+02	 9.4232e+03
 2.5629e+03	 9.3880e+03	 1.5661e+00	 3.2551e-02	 3.2315e+02	 9.4281e+03
 3.8443e+03	 9.3880e+03	 1.5575e+00	 3.3646e-02	 3.2315e+02	 9.4306e+03
 5.7665e+03	 9.3880e+03	 1.5488e+00	 3.4819e-02	 3.2315e+02	 9.4331e+03
 8.6498e+03	 9.3880e+03	 1.5457e+00	 3.4419e-02	 3.2315e+02	 9.4355e+03
 1.2975e+04	 9.3880e+03	 1.5359e+00	 3.5439e-02	 3.2315e+02	 9.4381e+03
 1.9462e+04	 9.3880e+03	 1.5256e+00	 3.5673e-02	 3.2314e+02	 9.4407e+03
 2.9193e+04	 9.3880e+03	 1.5150e+00	 3.4586e-02	 3.2314e+02	 9.4434e+03
 4.3789e+04	 9.3880e+03	 1.5052e+00	 3.2015e-02	 3.2315e+02	 9.4459e+03
 6.5684e+04	 9.3880e+03	 1.4970e+00	 2.8580e-02	 3.2315e+02	 9.4484e+03
 9.8526e+04	 9.3880e+03	 1.4900e+00	 2.5223e-02	 3.2315e+02	 9.4509e+03
 1.4779e+05	 9.3880e+03	 1.4842e+00	 2.2262e-02	 3.2315e+02	 9.4534e+03
 2.2168e+05	 9.3880e+03	 1.4796e+00	 1.9864e-02	 3.2315e+02	 9.4562e+03
 3.3253e+05	 9.3880e+03	 1.4756e+00	 1.8012e-02	 3.2314e+02	 9.4586e+03
 4.9879e+05	 9.3880e+03	 1.4708e+00	 1.7348e-02	 3.2315e+02	 9.4611e+03
 7.4818e+05	 9.3880e+03	 1.4669e+00	 1.6682e-02	 3.2315e+02	 9.4636e+03
 9.0000e+05	 9.3880e+03	 1.4658e+00	 1.6341e-02	 3.2314e+02	 9.4662e+03
 1.0000e+02	 9.4635e+03	 1.6196e+00	 1.6318e-02	 3.2315e+02	 9.4756e+03
 1.5000e+02	 9.4635e+03	 1.6144e+00	 1.9144e-02	 3.2314e+02	 9.4779e+03
 2.2500e+02	 9.4635e+03	 1.6103e+00	 2.1352e-02	 3.2315e+02	 9.4831e+03
 3.3750e+02	 9.4635e+03	 1.6046e+00	 2.3781e-02	 3.2315e+02	 9.4855e+03
 5.0625e+02	 9.4635e+03	 1.5981e+00	 2.6207e-02	 3.2315e+02	 9.4881e+03
 7.5938e+02	 9.4635e+03	 1.5907e+00	 2.8377e-02	 3.2315e+02	 9.4906e+03
 1.1391e+03	 9.4635e+03	 1.5827e+00	 3.0150e-02	 3.2315e+02	 9.4957e+03
 1.7086e+03	 9.4635e+03	 1.5747e+00	 3.1536e-02	 3.2315e+02	 9.4981e+03
 2.5629e+03	 9.4635e+03	 1.5659e+00	 3.2597e-02	 3.2315e+02	 9.5034e+03
 3.8443e+03	 9.4635e+03	 1.5574e+00	 3.3636e-02	 3.2315e+02	 9.5061e+03
 5.7665e+03	 9.4635e+03	 1.5487e+00	 3.4830e-02	 3.2315e+02	 9.5086e+03
 8.6498e+03	 9.4635e+03	 1.5457e+00	 3.4349e-02	 3.2315e+02	 9.5114e+03
 1.2975e+04	 9.4635e+03	 1.5358e+00	 3.5430e-02	 3.2315e+02	 9.5139e+03
 1.9462e+04	 9.4635e+03	 1.5256e+00	 3.5635e-02	 3.2316e+02	 9.5168e+03
 2.9193e+04	 9.4635e+03	 1.5149e+00	 3.4527e-02	 3.2316e+02	 9.5192e+03
 4.3789e+04	 9.4635e+03	 1.5051e+00	 3.1979e-02	 3.2316e+02	 9.5216e+03
 6.5684e+04	 9.4635e+03	 1.4968e+00	 2.8529e-02	 3.2315e+02	 9.5244e+03
 9.8526e+04	 9.4635e+03	 1.4899e+00	 2.5179e-02	 3.2316e+02	 9.5269e+03
 1.4779e+05	 9.4635e+03	 1.4841e+00	 2.2238e-02	 3.2316e+02	 9.5296e+03
 2.2168e+05	 9.4635e+03	 1.4796e+00	 1.9827e-02	 3.2315e+02	 9.5322e+03
 3.3253e+05	 9.4635e+03	 1.4754e+00	 1.7985e-02	 3.2315e+02	 9.5349e+03
 4.9879e+05	 9.4635e+03	 1.4707e+00	 1.7297e-02	 3.2316e+02	 9.5374e+03
 7.4818e+05	 9.4635e+03	 1.4668e+00	 1.6742e-02	 3.2316e+02	 9.5399e+03
 9.0000e+05	 9.4635e+03	 1.4657e+00	 1.6272e-02	 3.2316e+02	 9.5426e+03
 1.0000e+02	 9.5399e+03	 1.6193e+00	 1.6324e-02	 3.2316e+02	 9.5520e+03
 1.5000e+02	 9.5399e+03	 1.6147e+00	 1.8283e-02	 3.2316e+02	 9.5543e+03
 2.2500e+02	 9.5399e+03	 1.6100e+00	 2.1288e-02	 3.2316e+02	 9.5596e+03
 3.3750e+02	 9.5399e+03	 1.6043e+00	 2.3832e-02	 3.2316e+02	 9.5620e+03
 5.0625e+02	 9.5399e+03	 1.5977e+00	 2.6261e-02	 3.2316e+02	 9.5647e+03
 7.5938e+02	 9.5399e+03	 1.5903e+00	 2.8353e-02	 3.2316e+02	 9.5671e+03
 1.1391e+03	 9.5399e+03	 1.5824e+00	 3.0178e-02	 3.2315e+02	 9.5723e+03
 1.7086e+03	 9.5399e+03	 1.5742e+00	 3.1534e-02	 3.2315e+02	 9.5748e+03
 2.5629e+03	 9.5399e+03	 1.5656e+00	 3.2538e-02	 3.2315e+02	 9.5799e+03
 3.8443e+03	 9.5399e+03	 1.5571e+00	 3.3600e-02	 3.2316e+02	 9.5824e+03
 5.7665e+03	 9.5399e+03	 1.5484e+00	 3.4803e-02	 3.2315e+02	 9.5851e+03
 8.6498e+03	 9.5399e+03	 1.5453e+00	 3.4307e-02	 3.2315e+02	 9.5875e+03
 1.2975e+04	 9.5399e+03	 1.5354e+00	 3.5362e-02	 3.2315e+02	 9.5901e+03
 1.9462e+04	 9.5399e+03	 1.5252e+00	 3.5594e-02	 3.2315e+02	 9.5926e+03
 2.9193e+04	 9.5399e+03	 1.5146e+00	 3.4478e-02	 3.2315e+02	 9.5951e+03
 4.3789e+04	 9.5399e+03	 1.5048e+00	 3.1904e-02	 3.2315e+02	 9.5978e+03
 6.5684e+04	 9.5399e+03	 1.4966e+00	 2.8486e-02	 3.2315e+02	 9.6002e+03
 9.8526e+04	 9.5399e+03	 1.4896e+00	 2.5131e-02	 3.2315e+02	 9.6029e+03
 1.4779e+05	 9.5399e+03	 1.4839e+00	 2.2205e-02	 3.2315e+02	 9.6053e+03
 2.2168e+05	 9.5399e+03	 1.4794e+00	 1.9792e-02	 3.2315e+02	 9.6082e+03
 3.3253e+05	 9.5399e+03	 1.4753e+00	 1.7921e-02	 3.2314e+02	 9.6106e+03
 4.9879e+05	 9.5399e+03	 1.4705e+00	 1.7273e-02	 3.2314e+02	 9.6135e+03
 7.4818e+05	 9.5399e+03	 1.4666e+00	 1.6653e-02	 3.2315e+02	 9.6159e+03
 9.0000e+05	 9.5399e+03	 1.4655e+00	 1.6307e-02	 3.2314e+02	 9.6185e+03
 1.0000e+02	 9.6158e+03	 1.6195e+00	 1.6274e-02	 3.2315e+02	 9.6279e+03
 1.5000e+02	 9.6158e+03	 1.6144e+00	 1.9278e-02	 3.2314e+02	 9.6304e+03
 2.2500e+02	 9.6158e+03	 1.6099e+00	 2.1433e-02	 3.2315e+02	 9.6359e+03
 3.3750e+02	 9.6158e+03	 1.6041e+00	 2.3848e-02	 3.2314e+02	 9.6383e+03
 5.0625e+02	 9.6158e+03	 1.5975e+00	 2.6246e-02	 3.2314e+02	 9.6408e+03
 7.5938e+02	 9.6158e+03	 1.5901e+00	 2.8365e-02	 3.2315e+02	 9.6434e+03
 1.1391e+03	 9.6158e+03	 1.5822e+00	 3.0157e-02	 3.2314e+02	 9.6487e+03
 1.7086e+03	 9.6158e+03	 1.5741e+00	 3.1462e-02	 3.2314e+02	 9.6512e+03
 2.5629e+03	 9.6158e+03	 1.5654e+00	 3.2533e-02	 3.2314e+02	 9.6563e+03
 3.8443e+03	 9.6158e+03	 1.5570e+00	 3.3575e-02	 3.2314e+02	 9.6588e+03
 5.7665e+03	 9.6158e+03	 1.5482e+00	 3.4772e-02	 3.2315e+02	 9.6614e+03
 8.6498e+03	 9.6158e+03	 1.5452e+00	 3.4335e-02	 3.2314e+02	 9.6638e+03
 1.2975e+04	 9.6158e+03	 1.5354e+00	 3.5371e-02	 3.2314e+02	 9.6662e+03
 1.9462e+04	 9.6158e+03	 1.5252e+00	 3.5558e-02	 3.2314e+02	 9.6689e+03
 2.9193e+04	 9.6158e+03	 1.5146e+00	 3.4421e-02	 3.2315e+02	 9.6714e+03
 4.3789e+04	 9.6158e+03	 1.5049e+00	 3.1875e-02	 3.2315e+02	 9.6739e+03
 6.5684e+04	 9.6158e+03	 1.4966e+00	 2.8455e-02	 3.2315e+02	 9.6764e+03
 9.8526e+04	 9.6158e+03	 1.4897e+00	 2.5133e-02	 3.2314e+02	 9.6788e+03
 1.4779e+05	 9.6158e+03	 1.4840e+00	 2.2154e-02	 3.2315e+02	 9.6812e+03
 2.2168e+05	 9.6158e+03	 1.4794e+00	 1.9751e-02	 3.2315e+02	 9.6839e+03
 3.3253e+05	 9.6158e+03	 1.4754e+00	 1.7923e-02	 3.2315e+02	 9.6863e+03
 4.9879e+05	 9.6158e+03	 1.4707e+00	 1.7296e-02	 3.2315e+02	 9.6892e+03
 7.4818e+05	 9.6158e+03	 1.4667e+00	 1.6641e-02	 3.2316e+02	 9.6917e+03
 9.0000e+05	 9.6158e+03	 1.4656e+00	 1.6310e-02	 3.2316e+02	 9.6944e+03
 1.0000e+02	 9.6917e+03	 1.6188e+00	 1.6640e-02	 3.2316e+02	 9.7035e+03
 1.5000e+02	 9.6917e+03	 1.6152e+00	 1.9079e-02	 3.2316e+02	 9.7060e+03
 2.2500e+02	 9.6917e+03	 1.6099e+00	 2.1409e-02	 3.2315e+02	 9.7110e+03
 3.3750e+02	 9.6917e+03	 1.6040e+00	 2.3875e-02	 3.2315e+02	 9.7136e+03
 5.0625e+02	 9.6917e+03	 1.5974e+00	 2.6265e-02	 3.2315e+02	 9.7161e+03
 7.5938e+02	 9.6917e+03	 1.5900e+00	 2.8430e-02	 3.2316e+02	 9.7185e+03
 1.1391e+03	 9.6917e+03	 1.5820e+00	 3.0169e-02	 3.2315e+02	 9.7236e+03
 1.7086e+03	 9.6917e+03	 1.5739e+00	 3.1608e-02	 3.2315e+02	 9.7263e+03
 2.5629e+03	 9.6917e+03	 1.5652e+00	 3.2532e-02	 3.2315e+02	 9.7317e+03
 3.8443e+03	 9.6917e+03	 1.5567e+00	 3.3562e-02	 3.2316e+02	 9.7341e+03
 5.7665e+03	 9.6917e+03	 1.5480e+00	 3.4761e-02	 3.2315e+02	 9.7366e+03
 8.6498e+03	 9.6917e+03	 1.5449e+00	 3.4255e-02	 3.2315e+02	 9.7393e+03
 1.2975e+04	 9.6917e+03	 1.5350e+00	 3.5300e-02	 3.2315e+02	 9.7418e+03
 1.9462e+04	 9.6917e+03	 1.5248e+00	 3.5496e-02	 3.2315e+02	 9.7446e+03
 2.9193e+04	 9.6917e+03	 1.5142e+00	 3.4393e-02	 3.2315e+02	 9.7470e+03
 4.3789e+04	 9.6917e+03	 1.5045e+00	 3.1846e-02	 3.2315e+02	 9.7497e+03
 6.5684e+04	 9.6917e+03	 1.4963e+00	 2.8385e-02	 3.2315e+02	 9.7521e+03
 9.8526e+04	 9.6917e+03	 1.4893e+00	 2.5058e-02	 3.2315e+02	 9.7546e+03
 1.4779e+05	 9.6917e+03	 1.4837e+00	 2.2139e-02	 3.2315e+02	 9.7573e+03
 2.2168e+05	 9.6917e+03	 1.4791e+00	 1.9748e-02	 3.2314e+02	 9.7599e+03
 3.3253e+05	 9.6917e+03	 1.4750e+00	 1.7896e-02	 3.2315e+02	 9.7626e+03
 4.9879e+05	 9.6917e+03	 1.4703e+00	 1.7263e-02	 3.2315e+02	 9.7650e+03
 7.4818e+05	 9.6917e+03	 1.4664e+00	 1.6644e-02	 3.2314e+02	 9.7674e+03
 9.0000e+05	 9.6917e+03	 1.4654e+00	 1.6284e-02	 3.2315e+02	 9.7701e+03
 1.0000e+02	 9.7675e+03	 1.6185e+00	 1.6693e-02	 3.2315e+02	 9.7791e+03
 1.5000e+02	 9.7675e+03	 1.6146e+00	 1.8329e-02	 3.2315e+02	 9.7818e+03
 2.2500e+02	 9.7675e+03	 1.6098e+00	 2.1483e-02	 3.2315e+02	 9.7869e+03
 3.3750e+02	 9.7675e+03	 1.6038e+00	 2.3927e-02	 3.2315e+02	 9.7894e+03
 5.0625e+02	 9.7675e+03	 1.5972e+00	 2.6270e-02	 3.2315e+02	 9.7918e+03
 7.5938e+02	 9.7675e+03	 1.5898e+00	 2.8414e-02	 3.2315e+02	 9.7946e+03
 1.1391e+03	 9.7675e+03	 1.5819e+00	 3.0168e-02	 3.2315e+02	 9.7997e+03
 1.7086e+03	 9.7675e+03	 1.5737e+00	 3.1528e-02	 3.2315e+02	 9.8021e+03
 2.5629e+03	 9.7675e+03	 1.5651e+00	 3.2565e-02	 3.2315e+02	 9.8071e+03
 3.8443e+03	 9.7675e+03	 1.5566e+00	 3.3561e-02	 3.2315e+02	 9.8096e+03
 5.7665e+03	 9.7675e+03	 1.5479e+00	 3.4726e-02	 3.2315e+02	 9.8121e+03
 8.6498e+03	 9.7675e+03	 1.5448e+00	 3.4227e-02	 3.2315e+02	 9.8146e+03
 1.2975e+04	 9.7675e+03	 1.5350e+00	 3.5280e-02	 3.2316e+02	 9.8171e+03
 1.9462e+04	 9.7675e+03	 1.5247e+00	 3.5482e-02	 3.2316e+02	 9.8199e+03
 2.9193e+04	 9.7675e+03	 1.5142e+00	 3.4336e-02	 3.2315e+02	 9.8223e+03
 4.3789e+04	 9.7675e+03	 1.5045e+00	 3.1786e-02	 3.2315e+02	 9.8248e+03
 6.5684e+04	 9.7675e+03	 1.4962e+00	 2.8337e-02	 3.2315e+02	 9.8274e+03
 9.8526e+04	 9.7675e+03	 1.4893e+00	 2.5022e-02	 3.2315e+02	 9.8298e+03
 1.4779e+05	 9.7675e+03	 1.4836e+00	 2.2108e-02	 3.2315e+02	 9.8323e+03
 2.2168e+05	 9.7675e+03	 1.4791e+00	 1.9718e-02	 3.2315e+02	 9.8350e+03
 3.3253e+05	 9.7675e+03	 1.4750e+00	 1.7860e-02	 3.2315e+02	 9.8376e+03
 4.9879e+05	 9.7675e+03	 1.4702e+00	 1.7219e-02	 3.2315e+02	 9.8402e+03
 7.4818e+05	 9.7675e+03	 1.4664e+00	 1.6568e-02	 3.2315e+02	 9.8427e+03
 9.0000e+05	 9.7675e+03	 1.4653e+00	 1.6210e-02	 3.2315e+02	 9.8454e+03
 1.0000e+02	 9.8428e+03	 1.6195e+00	 1.7105e-02	 3.2315e+02	 9.8546e+03
 1.5000e+02	 9.8428e+03	 1.6148e+00	 1.8851e-02	 3.2315e+02	 9.8570e+03
 2.2500e+02	 9.8428e+03	 1.6093e+00	 2.1521e-02	 3.2315e+02	 9.8621e+03
 3.3750e+02	 9.8428e+03	 1.6035e+00	 2.3941e-02	 3.2315e+02	 9.8646e+03
 5.0625e+02	 9.8428e+03	 1.5970e+00	 2.6332e-02	 3.2315e+02	 9.8671e+03
 7.5938e+02	 9.8428e+03	 1.5894e+00	 2.8450e-02	 3.2315e+02	 9.8699e+03
 1.1391e+03	 9.8428e+03	 1.5816e+00	 3.0146e-02	 3.2315e+02	 9.8751e+03
 1.7086e+03	 9.8428e+03	 1.5735e+00	 3.1446e-02	 3.2315e+02	 9.8776e+03
 2.5629e+03	 9.8428e+03	 1.5648e+00	 3.2504e-02	 3.2315e+02	 9.8827e+03
 3.8443e+03	 9.8428e+03	 1.5564e+00	 3.3505e-02	 3.2315e+02	 9.8852e+03
 5.7665e+03	 9.8428e+03	 1.5477e+00	 3.4746e-02	 3.2315e+02	 9.8879e+03
 8.6498e+03	 9.8428e+03	 1.5446e+00	 3.4227e-02	 3.2315e+02	 9.8904e+03
 1.2975e+04	 9.8428e+03	 1.5348e+00	 3.5246e-02	 3.2315e+02	 9.8931e+03
 1.9462e+04	 9.8428e+03	 1.5246e+00	 3.5460e-02	 3.2315e+02	 9.8957e+03
 2.9193e+04	 9.8428e+03	 1.5140e+00	 3.4271e-02	 3.2314e+02	 9.8984e+03
 4.3789e+04	 9.8428e+03	 1.5044e+00	 3.1736e-02	 3.2314e+02	 9.9009e+03
 6.5684e+04	 9.8428e+03	 1.4961e+00	 2.8279e-02	 3.2315e+02	 9.9033e+03
 9.8526e+04	 9.8428e+03	 1.4892e+00	 2.4982e-02	 3.2314e+02	 9.9061e+03
 1.4779e+05	 9.8428e+03	 1.4836e+00	 2.2063e-02	 3.2314e+02	 9.9085e+03
 2.2168e+05	 9.8428e+03	 1.4790e+00	 1.9694e-02	 3.2313e+02	 9.9112e+03
 3.3253e+05	 9.8428e+03	 1.4750e+00	 1.7823e-02	 3.2314e+02	 9.9137e+03
 4.9879e+05	 9.8428e+03	 1.4703e+00	 1.7180e-02	 3.2314e+02	 9.9162e+03
 7.4818e+05	 9.8428e+03	 1.4663e+00	 1.6633e-02	 3.2314e+02	 9.9189e+03
 9.0000e+05	 9.8428e+03	 1.4653e+00	 1.6186e-02	 3.2314e+02	 9.9215e+03
 1.0000e+02	 9.9188e+03	 1.6190e+00	 1.7535e-02	 3.2315e+02	 9.9309e+03
 1.5000e+02	 9.9188e+03	 1.6149e+00	 1.9862e-02	 3.2315e+02	 9.9335e+03
 2.2500e+02	 9.9188e+03	 1.6094e+00	 2.1525e-02	 3.2315e+02	 9.9385e+03
 3.3750e+02	 9.9188e+03	 1.6035e+00	 2.3971e-02	 3.2315e+02	 9.9411e+03
 5.0625e+02	 9.9188e+03	 1.5969e+00	 2.6320e-02	 3.2315e+02	 9.9436e+03
 7.5938e+02	 9.9188e+03	 1.5895e+00	 2.8455e-02	 3.2316e+02	 9.9463e+03
 1.1391e+03	 9.9188e+03	 1.5815e+00	 3.0182e-02	 3.2316e+02	 9.9512e+03
 1.7086e+03	 9.9188e+03	 1.5734e+00	 3.1503e-02	 3.2316e+02	 9.9539e+03
 2.5629e+03	 9.9188e+03	 1.5648e+00	 3.2509e-02	 3.2316e+02	 9.9588e+03
 3.8443e+03	 9.9188e+03	 1.5563e+00	 3.3499e-02	 3.2316e+02	 9.9615e+03
 5.7665e+03	 9.9188e+03	 1.5476e+00	 3.4709e-02	 3.2316e+02	 9.9641e+03
 8.6498e+03	 9.9188e+03	 1.5445e+00	 3.4203e-02	 3.2316e+02	 9.9668e+03
 1.2975e+04	 9.9188e+03	 1.5347e+00	 3.5255e-02	 3.2315e+02	 9.9693e+03
 1.9462e+04	 9.9188e+03	 1.5245e+00	 3.5419e-02	 3.2315e+02	 9.9719e+03
 2.9193e+04	 9.9188e+03	 1.5140e+00	 3.4241e-02	 3.2316e+02	 9.9743e+03
 4.3789e+04	 9.9188e+03	 1.5043e+00	 3.1682e-02	 3.2315e+02	 9.9770e+03
 6.5684e+04	 9.9188e+03	 1.4961e+00	 2.8253e-02	 3.2316e+02	 9.9794e+03
 9.8526e+04	 9.9188e+03	 1.4892e+00	 2.4958e-02	 3.2316e+02	 9.9819e+03
 1.4779e+05	 9.9188e+03	 1.4836e+00	 2.2039e-02	 3.2316e+02	 9.9846e+03
 2.2168e+05	 9.9188e+03	 1.4790e+00	 1.9665e-02	 3.2315e+02	 9.9871e+03
 3.3253e+05	 9.9188e+03	 1.4750e+00	 1.7840e-02	 3.2316e+02	 9.9899e+03
 4.9879e+05	 9.9188e+03	 1.4703e+00	 1.7204e-02	 3.2316e+02	 9.9923e+03
 7.4818e+05	 9.9188e+03	 1.4664e+00	 1.6561e-02	 3.2316e+02	 9.9948e+03
 9.0000e+05	 9.9188e+03	 1.4653e+00	 1.6189e-02	 3.2316e+02	 9.9975e+03
 1.0000e+02	 9.9948e+03	 1.6183e+00	 1.6563e-02	 3.2316e+02	 1.0007e+04
 1.5000e+02	 9.9948e+03	 1.6137e+00	 1.9245e-02	 3.2316e+02	 1.0009e+04
 2.2500e+02	 9.9948e+03	 1.6092e+00	 2.1562e-02	 3.2316e+02	 1.0014e+04
 3.3750e+02	 9.9948e+03	 1.6033e+00	 2.3989e-02	 3.2316e+02	 1.0017e+04
 5.0625e+02	 9.9948e+03	 1.5966e+00	 2.6293e-02	 3.2316e+02	 1.0020e+04
 7.5938e+02	 9.9948e+03	 1.5892e+00	 2.8443e-02	 3.2316e+02	 1.0022e+04
 1.1391e+03	 9.9948e+03	 1.5812e+00	 3.0171e-02	 3.2316e+02	 1.0027e+04
 1.7086e+03	 9.9948e+03	 1.5731e+00	 3.1480e-02	 3.2316e+02	 1.0030e+04
 2.5629e+03	 9.9948e+03	 1.5645e+00	 3.2520e-02	 3.2315e+02	 1.0035e+04
 3.8443e+03	 9.9948e+03	 1.5560e+00	 3.3485e-02	 3.2315e+02	 1.0037e+04
 5.7665e+03	 9.9948e+03	 1.5473e+00	 3.4668e-02	 3.2315e+02	 1.0040e+04
 8.6498e+03	 9.9948e+03	 1.5443e+00	 3.4197e-02	 3.2316e+02	 1.0042e+04
 1.2975e+04	 9.9948e+03	 1.5344e+00	 3.5193e-02	 3.2315e+02	 1.0045e+04
 1.9462e+04	 9.9948e+03	 1.5242e+00	 3.5368e-02	 3.2315e+02	 1.0047e+04
 2.9193e+04	 9.9948e+03	 1.5137e+00	 3.4191e-02	 3.2315e+02	 1.0050e+04
 4.3789e+04	 9.9948e+03	 1.5040e+00	 3.1652e-02	 3.2315e+02	 1.0052e+04
 6.5684e+04	 9.9948e+03	 1.4958e+00	 2.8224e-02	 3.2315e+02	 1.0055e+04
 9.8526e+04	 9.9948e+03	 1.4890e+00	 2.4907e-02	 3.2315e+02	 1.0057e+04
 1.4779e+05	 9.9948e+03	 1.4833e+00	 2.1993e-02	 3.2315e+02	 1.0060e+04
 2.2168e+05	 9.9948e+03	 1.4788e+00	 1.9614e-02	 3.2315e+02	 1.0063e+04
 3.3253e+05	 9.9948e+03	 1.4747e+00	 1.7848e-02	 3.2315e+02	 1.0065e+04
 4.9879e+05	 9.9948e+03	 1.4701e+00	 1.7153e-02	 3.2315e+02	 1.0068e+04
 7.4818e+05	 9.9948e+03	 1.4661e+00	 1.6607e-02	 3.2315e+02	 1.0071e+04
 9.0000e+05	 9.9948e+03	 1.4650e+00	 1.6160e-02	 3.2315e+02	 1.0073e+04
 1.0000e+02	 1.0070e+04	 1.6185e+00	 1.7682e-02	 3.2315e+02	 1.0082e+04
 1.5000e+02	 1.0070e+04	 1.6136e+00	 1.9470e-02	 3.2315e+02	 1.0085e+04
 2.2500e+02	 1.0070e+04	 1.6089e+00	 2.1660e-02	 3.2315e+02	 1.0090e+04
 3.3750e+02	 1.0070e+04	 1.6029e+00	 2.3999e-02	 3.2314e+02	 1.0093e+04
 5.0625e+02	 1.0070e+04	 1.5963e+00	 2.6352e-02	 3.2314e+02	 1.0095e+04
 7.5938e+02	 1.0070e+04	 1.5888e+00	 2.8504e-02	 3.2315e+02	 1.0098e+04
 1.1391e+03	 1.0070e+04	 1.5809e+00	 3.0135e-02	 3.2314e+02	 1.0103e+04
 1.7086e+03	 1.0070e+04	 1.5729e+00	 3.1469e-02	 3.2315e+02	 1.0105e+04
 2.5629e+03	 1.0070e+04	 1.5643e+00	 3.2475e-02	 3.2315e+02	 1.0110e+04
 3.8443e+03	 1.0070e+04	 1.5558e+00	 3.3503e-02	 3.2314e+02	 1.0113e+04
 5.7665e+03	 1.0070e+04	 1.5471e+00	 3.4636e-02	 3.2315e+02	 1.0116e+04
 8.6498e+03	 1.0070e+04	 1.5441e+00	 3.4141e-02	 3.2315e+02	 1.0118e+04
 1.2975e+04	 1.0070e+04	 1.5343e+00	 3.5168e-02	 3.2315e+02	 1.0121e+04
 1.9462e+04	 1.0070e+04	 1.5241e+00	 3.5344e-02	 3.2315e+02	 1.0124e+04
 2.9193e+04	 1.0070e+04	 1.5136e+00	 3.4163e-02	 3.2314e+02	 1.0126e+04
 4.3789e+04	 1.0070e+04	 1.5040e+00	 3.1611e-02	 3.2315e+02	 1.0129e+04
 6.5684e+04	 1.0070e+04	 1.4958e+00	 2.8179e-02	 3.2314e+02	 1.0131e+04
 9.8526e+04	 1.0070e+04	 1.4890e+00	 2.4890e-02	 3.2315e+02	 1.0134e+04
 1.4779e+05	 1.0070e+04	 1.4833e+00	 2.1956e-02	 3.2314e+02	 1.0136e+04
 2.2168e+05	 1.0070e+04	 1.4788e+00	 1.9610e-02	 3.2314e+02	 1.0139e+04
 3.3253e+05	 1.0070e+04	 1.4748e+00	 1.7786e-02	 3.2314e+02	 1.0142e+04
 4.9879e+05	 1.0070e+04	 1.4701e+00	 1.7173e-02	 3.2314e+02	 1.0144e+04
 7.4818e+05	 1.0070e+04	 1.4662e+00	 1.6515e-02	 3.2314e+02	 1.0147e+04
 9.0000e+05	 1.0070e+04	 1.4651e+00	 1.6149e-02	 3.2314e+02	 1.0149e+04
 1.0000e+02	 1.0147e+04	 1.6182e+00	 1.7730e-02	 3.2314e+02	 1.0158e+04
 1.5000e+02	 1.0147e+04	 1.6141e+00	 1.8955e-02	 3.2314e+02	 1.0161e+04
 2.2500e+02	 1.0147e+04	 1.6088e+00	 2.1513e-02	 3.2314e+02	 1.0166e+04
 3.3750e+02	 1.0147e+04	 1.6030e+00	 2.4026e-02	 3.2314e+02	 1.0169e+04
 5.0625e+02	 1.0147e+04	 1.5963e+00	 2.6392e-02	 3.2313e+02	 1.0171e+04
 7.5938e+02	 1.0147e+04	 1.5888e+00	 2.8429e-02	 3.2313e+02	 1.0174e+04
 1.1391e+03	 1.0147e+04	 1.5808e+00	 3.0167e-02	 3.2313e+02	 1.0179e+04
 1.7086e+03	 1.0147e+04	 1.5727e+00	 3.1447e-02	 3.2313e+02	 1.0181e+04
 2.5629e+03	 1.0147e+04	 1.5642e+00	 3.2483e-02	 3.2314e+02	 1.0187e+04
 3.8443e+03	 1.0147e+04	 1.5557e+00	 3.3473e-02	 3.2313e+02	 1.0189e+04
 5.7665e+03	 1.0147e+04	 1.5471e+00	 3.4628e-02	 3.2314e+02	 1.0192e+04
 8.6498e+03	 1.0147e+04	 1.5441e+00	 3.4131e-02	 3.2314e+02	 1.0194e+04
 1.2975e+04	 1.0147e+04	 1.5343e+00	 3.5136e-02	 3.2315e+02	 1.0197e+04
 1.9462e+04	 1.0147e+04	 1.5242e+00	 3.5308e-02	 3.2314e+02	 1.0199e+04
 2.9193e+04	 1.0147e+04	 1.5137e+00	 3.4126e-02	 3.2314e+02	 1.0202e+04
 4.3789e+04	 1.0147e+04	 1.5040e+00	 3.1538e-02	 3.2314e+02	 1.0204e+04
 6.5684e+04	 1.0147e+04	 1.4959e+00	 2.8124e-02	 3.2314e+02	 1.0207e+04
 9.8526e+04	 1.0147e+04	 1.4890e+00	 2.4840e-02	 3.2314e+02	 1.0209e+04
 1.4779e+05	 1.0147e+04	 1.4834e+00	 2.1913e-02	 3.2314e+02	 1.0212e+04
 2.2168e+05	 1.0147e+04	 1.4789e+00	 1.9592e-02	 3.2313e+02	 1.0214e+04
 3.3253e+05	 1.0147e+04	 1.4749e+00	 1.7783e-02	 3.2314e+02	 1.0217e+04
 4.9879e+05	 1.0147e+04	 1.4702e+00	 1.7128e-02	 3.2314e+02	 1.0220e+04
 7.4818e+05	 1.0147e+04	 1.4663e+00	 1.6565e-02	 3.2314e+02	 1.0222e+04
 9.0000e+05	 1.0147e+04	 1.4653e+00	 1.6142e-02	 3.2315e+02	 1.0225e+04
 1.0000e+02	 1.0222e+04	 1.6185e+00	 1.6532e-02	 3.2315e+02	 1.0234e+04
 1.5000e+02	 1.0222e+04	 1.6140e+00	 1.8720e-02	 3.2315e+02	 1.0236e+04
 2.2500e+02	 1.0222e+04	 1.6089e+00	 2.1785e-02	 3.2314e+02	 1.0242e+04
 3.3750e+02	 1.0222e+04	 1.6030e+00	 2.4063e-02	 3.2314e+02	 1.0244e+04
 5.0625e+02	 1.0222e+04	 1.5963e+00	 2.6369e-02	 3.2313e+02	 1.0247e+04
 7.5938e+02	 1.0222e+04	 1.5888e+00	 2.8497e-02	 3.2314e+02	 1.0249e+04
 1.1391e+03	 1.0222e+04	 1.5808e+00	 3.0197e-02	 3.2314e+02	 1.0254e+04
 1.7086e+03	 1.0222e+04	 1.5728e+00	 3.1413e-02	 3.2314e+02	 1.0257e+04
 2.5629e+03	 1.0222e+04	 1.5642e+00	 3.2478e-02	 3.2315e+02	 1.0262e+04
 3.8443e+03	 1.0222e+04	 1.5558e+00	 3.3413e-02	 3.2314e+02	 1.0264e+04
 5.7665e+03	 1.0222e+04	 1.5471e+00	 3.4603e-02	 3.2315e+02	 1.0267e+04
 8.6498e+03	 1.0222e+04	 1.5441e+00	 3.4091e-02	 3.2315e+02	 1.0270e+04
 1.2975e+04	 1.0222e+04	 1.5343e+00	 3.5099e-02	 3.2316e+02	 1.0272e+04
 1.9462e+04	 1.0222e+04	 1.5242e+00	 3.5272e-02	 3.2316e+02	 1.0275e+04
 2.9193e+04	 1.0222e+04	 1.5137e+00	 3.4079e-02	 3.2316e+02	 1.0278e+04
 4.3789e+04	 1.0222e+04	 1.5042e+00	 3.1484e-02	 3.2316e+02	 1.0280e+04
 6.5684e+04	 1.0222e+04	 1.4960e+00	 2.8100e-02	 3.2316e+02	 1.0283e+04
 9.8526e+04	 1.0222e+04	 1.4892e+00	 2.4806e-02	 3.2317e+02	 1.0285e+04
 1.4779e+05	 1.0222e+04	 1.4835e+00	 2.1922e-02	 3.2317e+02	 1.0288e+04
 2.2168e+05	 1.0222e+04	 1.4789e+00	 1.9598e-02	 3.2316e+02	 1.0291e+04
 3.3253e+05	 1.0222e+04	 1.4748e+00	 1.7734e-02	 3.2317e+02	 1.0293e+04
 4.9879e+05	 1.0222e+04	 1.4701e+00	 1.7129e-02	 3.2316e+02	 1.0296e+04
 7.4818e+05	 1.0222e+04	 1.4662e+00	 1.6510e-02	 3.2317e+02	 1.0298e+04
 9.0000e+05	 1.0222e+04	 1.4651e+00	 1.6137e-02	 3.2316e+02	 1.0301e+04
 1.0000e+02	 1.0298e+04	 1.6176e+00	 1.6961e-02	 3.2317e+02	 1.0310e+04
 1.5000e+02	 1.0298e+04	 1.6138e+00	 1.8607e-02	 3.2316e+02	 1.0313e+04
 2.2500e+02	 1.0298e+04	 1.6086e+00	 2.1574e-02	 3.2317e+02	 1.0318e+04
 3.3750e+02	 1.0298e+04	 1.6026e+00	 2.4016e-02	 3.2317e+02	 1.0320e+04
 5.0625e+02	 1.0298e+04	 1.5959e+00	 2.6415e-02	 3.2316e+02	 1.0323e+04
 7.5938e+02	 1.0298e+04	 1.5885e+00	 2.8460e-02	 3.2316e+02	 1.0326e+04
 1.1391e+03	 1.0298e+04	 1.5805e+00	 3.0115e-02	 3.2318e+02	 1.0331e+04
 1.7086e+03	 1.0298e+04	 1.5724e+00	 3.1473e-02	 3.2317e+02	 1.0333e+04
 2.5629e+03	 1.0298e+04	 1.5638e+00	 3.2443e-02	 3.2317e+02	 1.0338e+04
 3.8443e+03	 1.0298e+04	 1.5553e+00	 3.3408e-02	 3.2317e+02	 1.0341e+04
 5.7665e+03	 1.0298e+04	 1.5467e+00	 3.4608e-02	 3.2317e+02	 1.0343e+04
 8.6498e+03	 1.0298e+04	 1.5436e+00	 3.4064e-02	 3.2317e+02	 1.0346e+04
 1.2975e+04	 1.0298e+04	 1.5338e+00	 3.5102e-02	 3.2317e+02	 1.0348e+04
 1.9462e+04	 1.0298e+04	 1.5236e+00	 3.5227e-02	 3.2316e+02	 1.0351e+04
 2.9193e+04	 1.0298e+04	 1.5131e+00	 3.4057e-02	 3.2316e+02	 1.0354e+04
 4.3789e+04	 1.0298e+04	 1.5036e+00	 3.1442e-02	 3.2316e+02	 1.0356e+04
 6.5684e+04	 1.0298e+04	 1.4954e+00	 2.8026e-02	 3.2317e+02	 1.0359e+04
 9.8526e+04	 1.0298e+04	 1.4886e+00	 2.4765e-02	 3.2316e+02	 1.0361e+04
 1.4779e+05	 1.0298e+04	 1.4830e+00	 2.1885e-02	 3.2316e+02	 1.0364e+04
 2.2168e+05	 1.0298e+04	 1.4785e+00	 1.9537e-02	 3.2316e+02	 1.0366e+04
 3.3253e+05	 1.0298e+04	 1.4744e+00	 1.7732e-02	 3.2316e+02	 1.0369e+04
 4.9879e+05	 1.0298e+04	 1.4697e+00	 1.7098e-02	 3.2316e+02	 1.0371e+04
 7.4818e+05	 1.0298e+04	 1.4658e+00	 1.6480e-02	 3.2316e+02	 1.0374e+04
 9.0000e+05	 1.0298e+04	 1.4648e+00	 1.6074e-02	 3.2316e+02	 1.0376e+04
 1.0000e+02	 1.0374e+04	 1.6173e+00	 1.6856e-02	 3.2316e+02	 1.0386e+04
 1.5000e+02	 1.0374e+04	 1.6136e+00	 1.9804e-02	 3.2316e+02	 1.0388e+04
 2.2500e+02	 1.0374e+04	 1.6080e+00	 2.1656e-02	 3.2315e+02	 1.0394e+04
 3.3750e+02	 1.0374e+04	 1.6022e+00	 2.4073e-02	 3.2316e+02	 1.0396e+04
 5.0625e+02	 1.0374e+04	 1.5955e+00	 2.6402e-02	 3.2315e+02	 1.0398e+04
 7.5938e+02	 1.0374e+04	 1.5880e+00	 2.8529e-02	 3.2315e+02	 1.0401e+04
 1.1391e+03	 1.0374e+04	 1.5801e+00	 3.0156e-02	 3.2315e+02	 1.0406e+04
 1.7086e+03	 1.0374e+04	 1.5720e+00	 3.1476e-02	 3.2315e+02	 1.0409e+04
 2.5629e+03	 1.0374e+04	 1.5635e+00	 3.2480e-02	 3.2315e+02	 1.0414e+04
 3.8443e+03	 1.0374e+04	 1.5550e+00	 3.3390e-02	 3.2315e+02	 1.0416e+04
 5.7665e+03	 1.0374e+04	 1.5463e+00	 3.4559e-02	 3.2316e+02	 1.0419e+04
 8.6498e+03	 1.0374e+04	 1.5433e+00	 3.4050e-02	 3.2315e+02	 1.0421e+04
 1.2975e+04	 1.0374e+04	 1.5335e+00	 3.5039e-02	 3.2315e+02	 1.0424e+04
 1.9462e+04	 1.0374e+04	 1.5234e+00	 3.5167e-02	 3.2315e+02	 1.0427e+04
 2.9193e+04	 1.0374e+04	 1.5129e+00	 3.3975e-02	 3.2315e+02	 1.0429e+04
 4.3789e+04	 1.0374e+04	 1.5034e+00	 3.1423e-02	 3.2315e+02	 1.0432e+04
 6.5684e+04	 1.0374e+04	 1.4953e+00	 2.8007e-02	 3.2315e+02	 1.0434e+04
 9.8526e+04	 1.0374e+04	 1.4885e+00	 2.4692e-02	 3.2315e+02	 1.0437e+04
 1.4779e+05	 1.0374e+04	 1.4829e+00	 2.1873e-02	 3.2315e+02	 1.0439e+04
 2.2168e+05	 1.0374e+04	 1.4783e+00	 1.9510e-02	 3.2315e+02	 1.0442e+04
 3.3253e+05	 1.0374e+04	 1.4743e+00	 1.7692e-02	 3.2315e+02	 1.0445e+04
 4.9879e+05	 1.0374e+04	 1.4697e+00	 1.7047e-02	 3.2315e+02	 1.0447e+04
 7.4818e+05	 1.0374e+04	 1.4657e+00	 1.6492e-02	 3.2316e+02	 1.0450e+04
 9.0000e+05	 1.0374e+04	 1.4647e+00	 1.6107e-02	 3.2315e+02	 1.0452e+04
 1.0000e+02	 1.0450e+04	 1.6170e+00	 1.7043e-02	 3.2315e+02	 1.0462e+04
 1.5000e+02	 1.0450e+04	 1.6136e+00	 1.9591e-02	 3.2314e+02	 1.0464e+04
 2.2500e+02	 1.0450e+04	 1.6080e+00	 2.1757e-02	 3.2314e+02	 1.0470e+04
 3.3750e+02	 1.0450e+04	 1.6020e+00	 2.4116e-02	 3.2315e+02	 1.0472e+04
 5.0625e+02	 1.0450e+04	 1.5954e+00	 2.6491e-02	 3.2315e+02	 1.0475e+04
 7.5938e+02	 1.0450e+04	 1.5879e+00	 2.8529e-02	 3.2314e+02	 1.0477e+04
 1.1391e+03	 1.0450e+04	 1.5800e+00	 3.0193e-02	 3.2314e+02	 1.0482e+04
 1.7086e+03	 1.0450e+04	 1.5720e+00	 3.1437e-02	 3.2315e+02	 1.0485e+04
 2.5629e+03	 1.0450e+04	 1.5633e+00	 3.2420e-02	 3.2315e+02	 1.0490e+04
 3.8443e+03	 1.0450e+04	 1.5549e+00	 3.3399e-02	 3.2315e+02	 1.0493e+04
 5.7665e+03	 1.0450e+04	 1.5463e+00	 3.4577e-02	 3.2314e+02	 1.0495e+04
 8.6498e+03	 1.0450e+04	 1.5432e+00	 3.4041e-02	 3.2315e+02	 1.0498e+04
 1.2975e+04	 1.0450e+04	 1.5334e+00	 3.5014e-02	 3.2315e+02	 1.0500e+04
 1.9462e+04	 1.0450e+04	 1.5233e+00	 3.5143e-02	 3.2315e+02	 1.0503e+04
 2.9193e+04	 1.0450e+04	 1.5129e+00	 3.3941e-02	 3.2315e+02	 1.0506e+04
 4.3789e+04	 1.0450e+04	 1.5034e+00	 3.1379e-02	 3.2315e+02	 1.0508e+04
 6.5684e+04	 1.0450e+04	 1.4953e+00	 2.7985e-02	 3.2315e+02	 1.0511e+04
 9.8526e+04	 1.0450e+04	 1.4885e+00	 2.4682e-02	 3.2316e+02	 1.0513e+04
 1.4779e+05	 1.0450e+04	 1.4829e+00	 2.1836e-02	 3.2315e+02	 1.0516e+04
 2.2168e+05	 1.0450e+04	 1.4784e+00	 1.9493e-02	 3.2315e+02	 1.0518e+04
 3.3253e+05	 1.0450e+04	 1.4744e+00	 1.7666e-02	 3.2315e+02	 1.0521e+04
 4.9879e+05	 1.0450e+04	 1.4697e+00	 1.7042e-02	 3.2315e+02	 1.0524e+04
 7.4818e+05	 1.0450e+04	 1.4658e+00	 1.6472e-02	 3.2315e+02	 1.0526e+04
 9.0000e+05	 1.0450e+04	 1.4647e+00	 1.6117e-02	 3.2315e+02	 1.0529e+04
 1.0000e+02	 1.0526e+04	 1.6179e+00	 1.6791e-02	 3.2315e+02	 1.0538e+04
 1.5000e+02	 1.0526e+04	 1.6142e+00	 1.9950e-02	 3.2315e+02	 1.0541e+04
 2.2500e+02	 1.0526e+04	 1.6080e+00	 2.1804e-02	 3.2315e+02	 1.0546e+04
 3.3750e+02	 1.0526e+04	 1.6019e+00	 2.4166e-02	 3.2315e+02	 1.0549e+04
 5.0625e+02	 1.0526e+04	 1.5953e+00	 2.6394e-02	 3.2315e+02	 1.0551e+04
 7.5938e+02	 1.0526e+04	 1.5878e+00	 2.8525e-02	 3.2315e+02	 1.0554e+04
 1.1391e+03	 1.0526e+04	 1.5799e+00	 3.0163e-02	 3.2315e+02	 1.0559e+04
 1.7086e+03	 1.0526e+04	 1.5717e+00	 3.1450e-02	 3.2314e+02	 1.0561e+04
 2.5629e+03	 1.0526e+04	 1.5631e+00	 3.2421e-02	 3.2314e+02	 1.0566e+04
 3.8443e+03	 1.0526e+04	 1.5546e+00	 3.3376e-02	 3.2313e+02	 1.0569e+04
 5.7665e+03	 1.0526e+04	 1.5460e+00	 3.4539e-02	 3.2313e+02	 1.0571e+04
 8.6498e+03	 1.0526e+04	 1.5429e+00	 3.3990e-02	 3.2313e+02	 1.0574e+04
 1.2975e+04	 1.0526e+04	 1.5332e+00	 3.4960e-02	 3.2313e+02	 1.0576e+04
 1.9462e+04	 1.0526e+04	 1.5231e+00	 3.5107e-02	 3.2313e+02	 1.0579e+04
 2.9193e+04	 1.0526e+04	 1.5127e+00	 3.3889e-02	 3.2314e+02	 1.0582e+04
 4.3789e+04	 1.0526e+04	 1.5032e+00	 3.1327e-02	 3.2314e+02	 1.0584e+04
 6.5684e+04	 1.0526e+04	 1.4952e+00	 2.7898e-02	 3.2313e+02	 1.0587e+04
 9.8526e+04	 1.0526e+04	 1.4884e+00	 2.4653e-02	 3.2314e+02	 1.0589e+04
 1.4779e+05	 1.0526e+04	 1.4828e+00	 2.1781e-02	 3.2314e+02	 1.0592e+04
 2.2168e+05	 1.0526e+04	 1.4784e+00	 1.9465e-02	 3.2314e+02	 1.0594e+04
 3.3253e+05	 1.0526e+04	 1.4744e+00	 1.7647e-02	 3.2315e+02	 1.0597e+04
 4.9879e+05	 1.0526e+04	 1.4697e+00	 1.7015e-02	 3.2315e+02	 1.0600e+04
 7.4818e+05	 1.0526e+04	 1.4659e+00	 1.6373e-02	 3.2315e+02	 1.0602e+04
 9.0000e+05	 1.0526e+04	 1.4648e+00	 1.6058e-02	 3.2314e+02	 1.0605e+04
 1.0000e+02	 1.0602e+04	 1.6173e+00	 1.7746e-02	 3.2315e+02	 1.0614e+04
 1.5000e+02	 1.0602e+04	 1.6124e+00	 1.9721e-02	 3.2315e+02	 1.0617e+04
 2.2500e+02	 1.0602e+04	 1.6079e+00	 2.1787e-02	 3.2315e+02	 1.0622e+04
 3.3750e+02	 1.0602e+04	 1.6020e+00	 2.4211e-02	 3.2315e+02	 1.0625e+04
 5.0625e+02	 1.0602e+04	 1.5953e+00	 2.6498e-02	 3.2315e+02	 1.0627e+04
 7.5938e+02	 1.0602e+04	 1.5877e+00	 2.8516e-02	 3.2315e+02	 1.0630e+04
 1.1391e+03	 1.0602e+04	 1.5798e+00	 3.0203e-02	 3.2316e+02	 1.0635e+04
 1.7086e+03	 1.0602e+04	 1.5717e+00	 3.1407e-02	 3.2315e+02	 1.0638e+04
 2.5629e+03	 1.0602e+04	 1.5631e+00	 3.2366e-02	 3.2315e+02	 1.0643e+04
 3.8443e+03	 1.0602e+04	 1.5546e+00	 3.3355e-02	 3.2316e+02	 1.0645e+04
 5.7665e+03	 1.0602e+04	 1.5459e+00	 3.4548e-02	 3.2316e+02	 1.0648e+04
 8.6498e+03	 1.0602e+04	 1.5429e+00	 3.4000e-02	 3.2316e+02	 1.0650e+04
 1.2975e+04	 1.0602e+04	 1.5331e+00	 3.4952e-02	 3.2316e+02	 1.0653e+04
 1.9462e+04	 1.0602e+04	 1.5230e+00	 3.5095e-02	 3.2315e+02	 1.0655e+04
 2.9193e+04	 1.0602e+04	 1.5126e+00	 3.3875e-02	 3.2316e+02	 1.0658e+04
 4.3789e+04	 1.0602e+04	 1.5031e+00	 3.1280e-02	 3.2316e+02	 1.0661e+04
 6.5684e+04	 1.0602e+04	 1.4950e+00	 2.7865e-02	 3.2315e+02	 1.0663e+04
 9.8526e+04	 1.0602e+04	 1.4883e+00	 2.4629e-02	 3.2316e+02	 1.0666e+04
 1.4779e+05	 1.0602e+04	 1.4827e+00	 2.1759e-02	 3.2315e+02	 1.0668e+04
 2.2168e+05	 1.0602e+04	 1.4782e+00	 1.9453e-02	 3.2316e+02	 1.0671e+04
 3.3253e+05	 1.0602e+04	 1.4741e+00	 1.7655e-02	 3.2315e+02	 1.0673e+04
 4.9879e+05	 1.0602e+04	 1.4695e+00	 1.7047e-02	 3.2316e+02	 1.0676e+04
 7.4818e+05	 1.0602e+04	 1.4656e+00	 1.6439e-02	 3.2316e+02	 1.0678e+04
 9.0000e+05	 1.0602e+04	 1.4646e+00	 1.6044e-02	 3.2315e+02	 1.0681e+04
 1.0000e+02	 1.0678e+04	 1.6173e+00	 1.7910e-02	 3.2315e+02	 1.0691e+04
 1.5000e+02	 1.0678e+04	 1.6134e+00	 1.9959e-02	 3.2315e+02	 1.0693e+04
 2.2500e+02	 1.0678e+04	 1.6076e+00	 2.1799e-02	 3.2316e+02	 1.0699e+04
 3.3750e+02	 1.0678e+04	 1.6016e+00	 2.4186e-02	 3.2315e+02	 1.0701e+04
 5.0625e+02	 1.0678e+04	 1.5948e+00	 2.6489e-02	 3.2315e+02	 1.0704e+04
 7.5938e+02	 1.0678e+04	 1.5875e+00	 2.8513e-02	 3.2315e+02	 1.0706e+04
 1.1391e+03	 1.0678e+04	 1.5795e+00	 3.0175e-02	 3.2315e+02	 1.0711e+04
 1.7086e+03	 1.0678e+04	 1.5714e+00	 3.1459e-02	 3.2315e+02	 1.0714e+04
 2.5629e+03	 1.0678e+04	 1.5629e+00	 3.2443e-02	 3.2316e+02	 1.0719e+04
 3.8443e+03	 1.0678e+04	 1.5544e+00	 3.3344e-02	 3.2316e+02	 1.0721e+04
 5.7665e+03	 1.0678e+04	 1.5457e+00	 3.4450e-02	 3.2316e+02	 1.0724e+04
 8.6498e+03	 1.0678e+04	 1.5427e+00	 3.3924e-02	 3.2316e+02	 1.0727e+04
 1.2975e+04	 1.0678e+04	 1.5329e+00	 3.4926e-02	 3.2315e+02	 1.0729e+04
 1.9462e+04	 1.0678e+04	 1.5228e+00	 3.5016e-02	 3.2316e+02	 1.0732e+04
 2.9193e+04	 1.0678e+04	 1.5124e+00	 3.3816e-02	 3.2315e+02	 1.0735e+04
 4.3789e+04	 1.0678e+04	 1.5029e+00	 3.1236e-02	 3.2316e+02	 1.0737e+04
 6.5684e+04	 1.0678e+04	 1.4948e+00	 2.7855e-02	 3.2315e+02	 1.0740e+04
 9.8526e+04	 1.0678e+04	 1.4881e+00	 2.4588e-02	 3.2316e+02	 1.0743e+04
 1.4779e+05	 1.0678e+04	 1.4825e+00	 2.1737e-02	 3.2315e+02	 1.0745e+04
 2.2168e+05	 1.0678e+04	 1.4780e+00	 1.9411e-02	 3.2315e+02	 1.0748e+04
 3.3253e+05	 1.0678e+04	 1.4740e+00	 1.7605e-02	 3.2315e+02	 1.0750e+04
 4.9879e+05	 1.0678e+04	 1.4693e+00	 1.7003e-02	 3.2316e+02	 1.0753e+04
 7.4818e+05	 1.0678e+04	 1.4655e+00	 1.6389e-02	 3.2316e+02	 1.0755e+04
 9.0000e+05	 1.0678e+04	 1.4644e+00	 1.6021e-02	 3.2315e+02	 1.0758e+04
 1.0000e+02	 1.0755e+04	 1.6172e+00	 1.7880e-02	 3.2315e+02	 1.0767e+04
 1.5000e+02	 1.0755e+04	 1.6137e+00	 1.9670e-02	 3.2315e+02	 1.0770e+04
 2.2500e+02	 1.0755e+04	 1.6073e+00	 2.1932e-02	 3.2315e+02	 1.0775e+04
 3.3750e+02	 1.0755e+04	 1.6014e+00	 2.4214e-02	 3.2315e+02	 1.0777e+04
 5.0625e+02	 1.0755e+04	 1.5947e+00	 2.6490e-02	 3.2315e+02	 1.0780e+04
 7.5938e+02	 1.0755e+04	 1.5872e+00	 2.8469e-02	 3.2315e+02	 1.0782e+04
 1.1391e+03	 1.0755e+04	 1.5792e+00	 3.0217e-02	 3.2315e+02	 1.0788e+04
 1.7086e+03	 1.0755e+04	 1.5712e+00	 3.1439e-02	 3.2315e+02	 1.0790e+04
 2.5629e+03	 1.0755e+04	 1.5626e+00	 3.2368e-02	 3.2315e+02	 1.0795e+04
 3.8443e+03	 1.0755e+04	 1.5541e+00	 3.3314e-02	 3.2315e+02	 1.0798e+04
 5.7665e+03	 1.0755e+04	 1.5514e+00	 3.2597e-02	 3.2315e+02	 1.0800e+04
 8.6498e+03	 1.0755e+04	 1.5424e+00	 3.3947e-02	 3.2314e+02	 1.0803e+04
 1.2975e+04	 1.0755e+04	 1.5327e+00	 3.4861e-02	 3.2315e+02	 1.0805e+04
 1.9462e+04	 1.0755e+04	 1.5226e+00	 3.5002e-02	 3.2315e+02	 1.0808e+04
 2.9193e+04	 1.0755e+04	 1.5122e+00	 3.3757e-02	 3.2315e+02	 1.0811e+04
 4.3789e+04	 1.0755e+04	 1.5027e+00	 3.1237e-02	 3.2315e+02	 1.0813e+04
 6.5684e+04	 1.0755e+04	 1.4947e+00	 2.7777e-02	 3.2315e+02	 1.0816e+04
 9.8526e+04	 1.0755e+04	 1.4879e+00	 2.4562e-02	 3.2315e+02	 1.0818e+04
 1.4779e+05	 1.0755e+04	 1.4824e+00	 2.1690e-02	 3.2315e+02	 1.0821e+04
 2.2168e+05	 1.0755e+04	 1.4779e+00	 1.9390e-02	 3.2315e+02	 1.0824e+04
 3.3253e+05	 1.0755e+04	 1.4739e+00	 1.7583e-02	 3.2315e+02	 1.0826e+04
 4.9879e+05	 1.0755e+04	 1.4692e+00	 1.6967e-02	 3.2315e+02	 1.0829e+04
 7.4818e+05	 1.0755e+04	 1.4654e+00	 1.6365e-02	 3.2315e+02	 1.0831e+04
 9.0000e+05	 1.0755e+04	 1.4643e+00	 1.6040e-02	 3.2315e+02	 1.0834e+04
 1.0000e+02	 1.0831e+04	 1.6171e+00	 1.7757e-02	 3.2315e+02	 1.0843e+04
 1.5000e+02	 1.0831e+04	 1.6130e+00	 1.8961e-02	 3.2315e+02	 1.0845e+04
 2.2500e+02	 1.0831e+04	 1.6071e+00	 2.1922e-02	 3.2314e+02	 1.0850e+04
 3.3750e+02	 1.0831e+04	 1.6012e+00	 2.4249e-02	 3.2314e+02	 1.0853e+04
 5.0625e+02	 1.0831e+04	 1.5945e+00	 2.6526e-02	 3.2315e+02	 1.0855e+04
 7.5938e+02	 1.0831e+04	 1.5870e+00	 2.8568e-02	 3.2315e+02	 1.0858e+04
 1.1391e+03	 1.0831e+04	 1.5790e+00	 3.0184e-02	 3.2315e+02	 1.0863e+04
 1.7086e+03	 1.0831e+04	 1.5709e+00	 3.1367e-02	 3.2315e+02	 1.0866e+04
 2.5629e+03	 1.0831e+04	 1.5624e+00	 3.2356e-02	 3.2316e+02	 1.0871e+04
 3.8443e+03	 1.0831e+04	 1.5540e+00	 3.3319e-02	 3.2315e+02	 1.0873e+04
 5.7665e+03	 1.0831e+04	 1.5513e+00	 3.2604e-02	 3.2315e+02	 1.0876e+04
 8.6498e+03	 1.0831e+04	 1.5423e+00	 3.3875e-02	 3.2315e+02	 1.0879e+04
 1.2975e+04	 1.0831e+04	 1.5325e+00	 3.4846e-02	 3.2315e+02	 1.0881e+04
 1.9462e+04	 1.0831e+04	 1.5225e+00	 3.4961e-02	 3.2314e+02	 1.0884e+04
 2.9193e+04	 1.0831e+04	 1.5121e+00	 3.3719e-02	 3.2314e+02	 1.0886e+04
 4.3789e+04	 1.0831e+04	 1.5026e+00	 3.1142e-02	 3.2314e+02	 1.0889e+04
 6.5684e+04	 1.0831e+04	 1.4946e+00	 2.7782e-02	 3.2313e+02	 1.0892e+04
 9.8526e+04	 1.0831e+04	 1.4879e+00	 2.4536e-02	 3.2313e+02	 1.0894e+04
 1.4779e+05	 1.0831e+04	 1.4823e+00	 2.1667e-02	 3.2313e+02	 1.0897e+04
 2.2168e+05	 1.0831e+04	 1.4778e+00	 1.9307e-02	 3.2313e+02	 1.0899e+04
 3.3253e+05	 1.0831e+04	 1.4738e+00	 1.7561e-02	 3.2313e+02	 1.0902e+04
 4.9879e+05	 1.0831e+04	 1.4692e+00	 1.6934e-02	 3.2313e+02	 1.0904e+04
 7.4818e+05	 1.0831e+04	 1.4654e+00	 1.6372e-02	 3.2314e+02	 1.0907e+04
 9.0000e+05	 1.0831e+04	 1.4644e+00	 1.5954e-02	 3.2314e+02	 1.0910e+04
 1.0000e+02	 1.0907e+04	 1.6167e+00	 1.7977e-02	 3.2314e+02	 1.0919e+04
 1.5000e+02	 1.0907e+04	 1.6123e+00	 1.9909e-02	 3.2314e+02	 1.0922e+04
 2.2500e+02	 1.0907e+04	 1.6073e+00	 2.1916e-02	 3.2314e+02	 1.0927e+04
 3.3750e+02	 1.0907e+04	 1.6012e+00	 2.4243e-02	 3.2314e+02	 1.0929e+04
 5.0625e+02	 1.0907e+04	 1.5945e+00	 2.6559e-02	 3.2313e+02	 1.0932e+04
 7.5938e+02	 1.0907e+04	 1.5870e+00	 2.8601e-02	 3.2314e+02	 1.0934e+04
 1.1391e+03	 1.0907e+04	 1.5790e+00	 3.0181e-02	 3.2314e+02	 1.0939e+04
 1.7086e+03	 1.0907e+04	 1.5711e+00	 3.1356e-02	 3.2314e+02	 1.0942e+04
 2.5629e+03	 1.0907e+04	 1.5625e+00	 3.2349e-02	 3.2315e+02	 1.0947e+04
 3.8443e+03	 1.0907e+04	 1.5540e+00	 3.3298e-02	 3.2314e+02	 1.0950e+04
 5.7665e+03	 1.0907e+04	 1.5513e+00	 3.2553e-02	 3.2314e+02	 1.0952e+04
 8.6498e+03	 1.0907e+04	 1.5423e+00	 3.3853e-02	 3.2314e+02	 1.0955e+04
 1.2975e+04	 1.0907e+04	 1.5326e+00	 3.4833e-02	 3.2314e+02	 1.0957e+04
 1.9462e+04	 1.0907e+04	 1.5226e+00	 3.4931e-02	 3.2314e+02	 1.0960e+04
 2.9193e+04	 1.0907e+04	 1.5122e+00	 3.3678e-02	 3.2314e+02	 1.0963e+04
 4.3789e+04	 1.0907e+04	 1.5028e+00	 3.1103e-02	 3.2314e+02	 1.0965e+04
 6.5684e+04	 1.0907e+04	 1.4948e+00	 2.7728e-02	 3.2315e+02	 1.0968e+04
 9.8526e+04	 1.0907e+04	 1.4881e+00	 2.4490e-02	 3.2315e+02	 1.0970e+04
 1.4779e+05	 1.0907e+04	 1.4825e+00	 2.1649e-02	 3.2316e+02	 1.0972e+04
 2.2168e+05	 1.0907e+04	 1.4780e+00	 1.9346e-02	 3.2315e+02	 1.0975e+04
 3.3253e+05	 1.0907e+04	 1.4740e+00	 1.7564e-02	 3.2315e+02	 1.0978e+04
 4.9879e+05	 1.0907e+04	 1.4694e+00	 1.6956e-02	 3.2315e+02	 1.0980e+04
 7.4818e+05	 1.0907e+04	 1.4655e+00	 1.6369e-02	 3.2315e+02	 1.0983e+04
 9.0000e+05	 1.0907e+04	 1.4645e+00	 1.5987e-02	 3.2315e+02	 1.0986e+04
 1.0000e+02	 1.0983e+04	 1.6166e+00	 1.7890e-02	 3.2315e+02	 1.0995e+04
 1.5000e+02	 1.0983e+04	 1.6123e+00	 2.0298e-02	 3.2317e+02	 1.0998e+04
 2.2500e+02	 1.0983e+04	 1.6071e+00	 2.1941e-02	 3.2317e+02	 1.1003e+04
 3.3750e+02	 1.0983e+04	 1.6011e+00	 2.4267e-02	 3.2316e+02	 1.1006e+04
 5.0625e+02	 1.0983e+04	 1.5944e+00	 2.6572e-02	 3.2316e+02	 1.1008e+04
 7.5938e+02	 1.0983e+04	 1.5868e+00	 2.8573e-02	 3.2316e+02	 1.1011e+04
 1.1391e+03	 1.0983e+04	 1.5788e+00	 3.0177e-02	 3.2316e+02	 1.1016e+04
 1.7086e+03	 1.0983e+04	 1.5708e+00	 3.1373e-02	 3.2316e+02	 1.1018e+04
 2.5629e+03	 1.0983e+04	 1.5621e+00	 3.2320e-02	 3.2316e+02	 1.1024e+04
 3.8443e+03	 1.0983e+04	 1.5537e+00	 3.3308e-02	 3.2316e+02	 1.1026e+04
 5.7665e+03	 1.0983e+04	 1.5510e+00	 3.2584e-02	 3.2316e+02	 1.1029e+04
 8.6498e+03	 1.0983e+04	 1.5420e+00	 3.3863e-02	 3.2316e+02	 1.1031e+04
 1.2975e+04	 1.0983e+04	 1.5322e+00	 3.4824e-02	 3.2316e+02	 1.1034e+04
 1.9462e+04	 1.0983e+04	 1.5222e+00	 3.4902e-02	 3.2316e+02	 1.1036e+04
 2.9193e+04	 1.0983e+04	 1.5118e+00	 3.3667e-02	 3.2316e+02	 1.1039e+04
 4.3789e+04	 1.0983e+04	 1.5024e+00	 3.1062e-02	 3.2316e+02	 1.1042e+04
 6.5684e+04	 1.0983e+04	 1.4944e+00	 2.7688e-02	 3.2316e+02	 1.1044e+04
 9.8526e+04	 1.0983e+04	 1.4876e+00	 2.4449e-02	 3.2316e+02	 1.1046e+04
 1.4779e+05	 1.0983e+04	 1.4821e+00	 2.1602e-02	 3.2316e+02	 1.1049e+04
 2.2168e+05	 1.0983e+04	 1.4776e+00	 1.9276e-02	 3.2316e+02	 1.1052e+04
 3.3253e+05	 1.0983e+04	 1.4736e+00	 1.7540e-02	 3.2315e+02	 1.1054e+04
 4.9879e+05	 1.0983e+04	 1.4689e+00	 1.6941e-02	 3.2316e+02	 1.1057e+04
 7.4818e+05	 1.0983e+04	 1.4651e+00	 1.6337e-02	 3.2315e+02	 1.1059e+04
 9.0000e+05	 1.0983e+04	 1.4641e+00	 1.5977e-02	 3.2315e+02	 1.1062e+04
 1.0000e+02	 1.1059e+04	 1.6159e+00	 1.7674e-02	 3.2315e+02	 1.1071e+04
 1.5000e+02	 1.1059e+04	 1.6110e+00	 1.9729e-02	 3.2315e+02	 1.1074e+04
 2.2500e+02	 1.1059e+04	 1.6066e+00	 2.1934e-02	 3.2314e+02	 1.1079e+04
 3.3750e+02	 1.1059e+04	 1.6007e+00	 2.4299e-02	 3.2314e+02	 1.1081e+04
 5.0625e+02	 1.1059e+04	 1.5939e+00	 2.6577e-02	 3.2314e+02	 1.1084e+04
 7.5938e+02	 1.1059e+04	 1.5864e+00	 2.8532e-02	 3.2314e+02	 1.1086e+04
 1.1391e+03	 1.1059e+04	 1.5785e+00	 3.0180e-02	 3.2314e+02	 1.1092e+04
 1.7086e+03	 1.1059e+04	 1.5705e+00	 3.1419e-02	 3.2314e+02	 1.1094e+04
 2.5629e+03	 1.1059e+04	 1.5619e+00	 3.2314e-02	 3.2314e+02	 1.1099e+04
 3.8443e+03	 1.1059e+04	 1.5535e+00	 3.3267e-02	 3.2314e+02	 1.1102e+04
 5.7665e+03	 1.1059e+04	 1.5508e+00	 3.2589e-02	 3.2314e+02	 1.1105e+04
 8.6498e+03	 1.1059e+04	 1.5419e+00	 3.3805e-02	 3.2314e+02	 1.1107e+04
 1.2975e+04	 1.1059e+04	 1.5322e+00	 3.4783e-02	 3.2314e+02	 1.1110e+04
 1.9462e+04	 1.1059e+04	 1.5222e+00	 3.4828e-02	 3.2315e+02	 1.1112e+04
 2.9193e+04	 1.1059e+04	 1.5118e+00	 3.3601e-02	 3.2316e+02	 1.1115e+04
 4.3789e+04	 1.1059e+04	 1.5024e+00	 3.1024e-02	 3.2315e+02	 1.1117e+04
 6.5684e+04	 1.1059e+04	 1.4944e+00	 2.7617e-02	 3.2315e+02	 1.1120e+04
 9.8526e+04	 1.1059e+04	 1.4877e+00	 2.4395e-02	 3.2315e+02	 1.1122e+04
 1.4779e+05	 1.1059e+04	 1.4822e+00	 2.1566e-02	 3.2315e+02	 1.1125e+04
 2.2168e+05	 1.1059e+04	 1.4778e+00	 1.9279e-02	 3.2315e+02	 1.1128e+04
 3.3253e+05	 1.1059e+04	 1.4737e+00	 1.7493e-02	 3.2315e+02	 1.1130e+04
 4.9879e+05	 1.1059e+04	 1.4692e+00	 1.6899e-02	 3.2315e+02	 1.1133e+04
 7.4818e+05	 1.1059e+04	 1.4653e+00	 1.6340e-02	 3.2315e+02	 1.1135e+04
 9.0000e+05	 1.1059e+04	 1.4642e+00	 1.5929e-02	 3.2315e+02	 1.1138e+04
 1.0000e+02	 1.1135e+04	 1.6163e+00	 1.7930e-02	 3.2314e+02	 1.1147e+04
 1.5000e+02	 1.1135e+04	 1.6117e+00	 1.8983e-02	 3.2314e+02	 1.1150e+04
 2.2500e+02	 1.1135e+04	 1.6067e+00	 2.1836e-02	 3.2314e+02	 1.1155e+04
 3.3750e+02	 1.1135e+04	 1.6006e+00	 2.4314e-02	 3.2315e+02	 1.1157e+04
 5.0625e+02	 1.1135e+04	 1.5939e+00	 2.6565e-02	 3.2314e+02	 1.1160e+04
 7.5938e+02	 1.1135e+04	 1.5864e+00	 2.8580e-02	 3.2314e+02	 1.1162e+04
 1.1391e+03	 1.1135e+04	 1.5784e+00	 3.0203e-02	 3.2315e+02	 1.1167e+04
 1.7086e+03	 1.1135e+04	 1.5704e+00	 3.1391e-02	 3.2315e+02	 1.1170e+04
 2.5629e+03	 1.1135e+04	 1.5619e+00	 3.2282e-02	 3.2315e+02	 1.1175e+04
 3.8443e+03	 1.1135e+04	 1.5534e+00	 3.3241e-02	 3.2315e+02	 1.1178e+04
 5.7665e+03	 1.1135e+04	 1.5507e+00	 3.2546e-02	 3.2315e+02	 1.1180e+04
 8.6498e+03	 1.1135e+04	 1.5418e+00	 3.3816e-02	 3.2316e+02	 1.1183e+04
 1.2975e+04	 1.1135e+04	 1.5320e+00	 3.4736e-02	 3.2315e+02	 1.1185e+04
 1.9462e+04	 1.1135e+04	 1.5220e+00	 3.4819e-02	 3.2315e+02	 1.1188e+04
 2.9193e+04	 1.1135e+04	 1.5117e+00	 3.3562e-02	 3.2315e+02	 1.1191e+04
 4.3789e+04	 1.1135e+04	 1.5023e+00	 3.0978e-02	 3.2315e+02	 1.1193e+04
 6.5684e+04	 1.1135e+04	 1.4943e+00	 2.7591e-02	 3.2316e+02	 1.1196e+04
 9.8526e+04	 1.1135e+04	 1.4876e+00	 2.4380e-02	 3.2316e+02	 1.1198e+04
 1.4779e+05	 1.1135e+04	 1.4822e+00	 2.1566e-02	 3.2315e+02	 1.1200e+04
 2.2168e+05	 1.1135e+04	 1.4777e+00	 1.9267e-02	 3.2315e+02	 1.1203e+04
 3.3253e+05	 1.1135e+04	 1.4737e+00	 1.7468e-02	 3.2316e+02	 1.1206e+04
 4.9879e+05	 1.1135e+04	 1.4691e+00	 1.6904e-02	 3.2315e+02	 1.1208e+04
 7.4818e+05	 1.1135e+04	 1.4652e+00	 1.6325e-02	 3.2315e+02	 1.1211e+04
 9.0000e+05	 1.1135e+04	 1.4641e+00	 1.5956e-02	 3.2315e+02	 1.1213e+04
 1.0000e+02	 1.1211e+04	 1.6164e+00	 1.6820e-02	 3.2315e+02	 1.1223e+04
 1.5000e+02	 1.1211e+04	 1.6117e+00	 2.0086e-02	 3.2315e+02	 1.1225e+04
 2.2500e+02	 1.1211e+04	 1.6065e+00	 2.2034e-02	 3.2316e+02	 1.1231e+04
 3.3750e+02	 1.1211e+04	 1.6005e+00	 2.4308e-02	 3.2315e+02	 1.1233e+04
 5.0625e+02	 1.1211e+04	 1.5937e+00	 2.6575e-02	 3.2316e+02	 1.1236e+04
 7.5938e+02	 1.1211e+04	 1.5862e+00	 2.8605e-02	 3.2316e+02	 1.1238e+04
 1.1391e+03	 1.1211e+04	 1.5783e+00	 3.0154e-02	 3.2316e+02	 1.1243e+04
 1.7086e+03	 1.1211e+04	 1.5702e+00	 3.1350e-02	 3.2316e+02	 1.1246e+04
 2.5629e+03	 1.1211e+04	 1.5616e+00	 3.2266e-02	 3.2315e+02	 1.1251e+04
 3.8443e+03	 1.1211e+04	 1.5532e+00	 3.3223e-02	 3.2316e+02	 1.1254e+04
 5.7665e+03	 1.1211e+04	 1.5505e+00	 3.2556e-02	 3.2316e+02	 1.1256e+04
 8.6498e+03	 1.1211e+04	 1.5415e+00	 3.3800e-02	 3.2316e+02	 1.1259e+04
 1.2975e+04	 1.1211e+04	 1.5318e+00	 3.4685e-02	 3.2316e+02	 1.1261e+04
 1.9462e+04	 1.1211e+04	 1.5218e+00	 3.4779e-02	 3.2316e+02	 1.1264e+04
 2.9193e+04	 1.1211e+04	 1.5114e+00	 3.3528e-02	 3.2315e+02	 1.1266e+04
 4.3789e+04	 1.1211e+04	 1.5021e+00	 3.0913e-02	 3.2316e+02	 1.1269e+04
 6.5684e+04	 1.1211e+04	 1.4941e+00	 2.7561e-02	 3.2316e+02	 1.1272e+04
 9.8526e+04	 1.1211e+04	 1.4875e+00	 2.4340e-02	 3.2316e+02	 1.1274e+04
 1.4779e+05	 1.1211e+04	 1.4819e+00	 2.1539e-02	 3.2316e+02	 1.1277e+04
 2.2168e+05	 1.1211e+04	 1.4774e+00	 1.9213e-02	 3.2316e+02	 1.1279e+04
 3.3253e+05	 1.1211e+04	 1.4735e+00	 1.7602e-02	 3.2315e+02	 1.1282e+04
 4.9879e+05	 1.1211e+04	 1.4688e+00	 1.6776e-02	 3.2316e+02	 1.1284e+04
 7.4818e+05	 1.1211e+04	 1.4650e+00	 1.6273e-02	 3.2316e+02	 1.1287e+04
 9.0000e+05	 1.1211e+04	 1.4639e+00	 1.5918e-02	 3.2315e+02	 1.1290e+04
 1.0000e+02	 1.1287e+04	 1.6162e+00	 1.8075e-02	 3.2313e+02	 1.1299e+04
 1.5000e+02	 1.1287e+04	 1.6114e+00	 1.8783e-02	 3.2312e+02	 1.1301e+04
 2.2500e+02	 1.1287e+04	 1.6061e+00	 2.1940e-02	 3.2313e+02	 1.1307e+04
 3.3750e+02	 1.1287e+04	 1.6002e+00	 2.4357e-02	 3.2313e+02	 1.1309e+04
 5.0625e+02	 1.1287e+04	 1.5934e+00	 2.6572e-02	 3.2313e+02	 1.1312e+04
 7.5938e+02	 1.1287e+04	 1.5859e+00	 2.8617e-02	 3.2313e+02	 1.1314e+04
 1.1391e+03	 1.1287e+04	 1.5780e+00	 3.0191e-02	 3.2313e+02	 1.1319e+04
 1.7086e+03	 1.1287e+04	 1.5701e+00	 3.1320e-02	 3.2314e+02	 1.1322e+04
 2.5629e+03	 1.1287e+04	 1.5615e+00	 3.2293e-02	 3.2314e+02	 1.1327e+04
 3.8443e+03	 1.1287e+04	 1.5532e+00	 3.3230e-02	 3.2314e+02	 1.1330e+04
 5.7665e+03	 1.1287e+04	 1.5505e+00	 3.2519e-02	 3.2315e+02	 1.1332e+04
 8.6498e+03	 1.1287e+04	 1.5415e+00	 3.3758e-02	 3.2315e+02	 1.1335e+04
 1.2975e+04	 1.1287e+04	 1.5318e+00	 3.4683e-02	 3.2315e+02	 1.1337e+04
 1.9462e+04	 1.1287e+04	 1.5218e+00	 3.4713e-02	 3.2315e+02	 1.1340e+04
 2.9193e+04	 1.1287e+04	 1.5115e+00	 3.3477e-02	 3.2315e+02	 1.1342e+04
 4.3789e+04	 1.1287e+04	 1.5022e+00	 3.0873e-02	 3.2315e+02	 1.1345e+04
 6.5684e+04	 1.1287e+04	 1.4942e+00	 2.7528e-02	 3.2315e+02	 1.1348e+04
 9.8526e+04	 1.1287e+04	 1.4875e+00	 2.4288e-02	 3.2316e+02	 1.1350e+04
 1.4779e+05	 1.1287e+04	 1.4820e+00	 2.1486e-02	 3.2316e+02	 1.1353e+04
 2.2168e+05	 1.1287e+04	 1.4776e+00	 1.9226e-02	 3.2316e+02	 1.1355e+04
 3.3253e+05	 1.1287e+04	 1.4736e+00	 1.7451e-02	 3.2315e+02	 1.1358e+04
 4.9879e+05	 1.1287e+04	 1.4689e+00	 1.6847e-02	 3.2315e+02	 1.1361e+04
 7.4818e+05	 1.1287e+04	 1.4651e+00	 1.6271e-02	 3.2316e+02	 1.1363e+04
 9.0000e+05	 1.1287e+04	 1.4640e+00	 1.5922e-02	 3.2316e+02	 1.1366e+04
 1.0000e+02	 1.1363e+04	 1.6155e+00	 1.7380e-02	 3.2315e+02	 1.1375e+04
 1.5000e+02	 1.1363e+04	 1.6112e+00	 1.9019e-02	 3.2315e+02	 1.1378e+04
 2.2500e+02	 1.1363e+04	 1.6062e+00	 2.1989e-02	 3.2316e+02	 1.1383e+04
 3.3750e+02	 1.1363e+04	 1.6002e+00	 2.4351e-02	 3.2316e+02	 1.1386e+04
 5.0625e+02	 1.1363e+04	 1.5934e+00	 2.6645e-02	 3.2315e+02	 1.1388e+04
 7.5938e+02	 1.1363e+04	 1.5859e+00	 2.8601e-02	 3.2316e+02	 1.1391e+04
 1.1391e+03	 1.1363e+04	 1.5780e+00	 3.0179e-02	 3.2316e+02	 1.1396e+04
 1.7086e+03	 1.1363e+04	 1.5699e+00	 3.1376e-02	 3.2316e+02	 1.1399e+04
 2.5629e+03	 1.1363e+04	 1.5613e+00	 3.2259e-02	 3.2316e+02	 1.1404e+04
 3.8443e+03	 1.1363e+04	 1.5529e+00	 3.3206e-02	 3.2316e+02	 1.1406e+04
 5.7665e+03	 1.1363e+04	 1.5502e+00	 3.2522e-02	 3.2317e+02	 1.1409e+04
 8.6498e+03	 1.1363e+04	 1.5412e+00	 3.3751e-02	 3.2316e+02	 1.1412e+04
 1.2975e+04	 1.1363e+04	 1.5315e+00	 3.4654e-02	 3.2317e+02	 1.1414e+04
 1.9462e+04	 1.1363e+04	 1.5215e+00	 3.4703e-02	 3.2316e+02	 1.1417e+04
 2.9193e+04	 1.1363e+04	 1.5111e+00	 3.3459e-02	 3.2315e+02	 1.1420e+04
 4.3789e+04	 1.1363e+04	 1.5018e+00	 3.0865e-02	 3.2315e+02	 1.1422e+04
 6.5684e+04	 1.1363e+04	 1.4939e+00	 2.7492e-02	 3.2315e+02	 1.1425e+04
 9.8526e+04	 1.1363e+04	 1.4872e+00	 2.4267e-02	 3.2315e+02	 1.1427e+04
 1.4779e+05	 1.1363e+04	 1.4817e+00	 2.1480e-02	 3.2315e+02	 1.1430e+04
 2.2168e+05	 1.1363e+04	 1.4773e+00	 1.9178e-02	 3.2315e+02	 1.1432e+04
 3.3253e+05	 1.1363e+04	 1.4733e+00	 1.7456e-02	 3.2316e+02	 1.1435e+04
 4.9879e+05	 1.1363e+04	 1.4686e+00	 1.6860e-02	 3.2315e+02	 1.1437e+04
 7.4818e+05	 1.1363e+04	 1.4649e+00	 1.6236e-02	 3.2314e+02	 1.1440e+04
 9.0000e+05	 1.1363e+04	 1.4638e+00	 1.5888e-02	 3.2314e+02	 1.1442e+04
 1.0000e+02	 1.1440e+04	 1.6160e+00	 1.7195e-02	 3.2310e+02	 1.1452e+04
 1.5000e+02	 1.1440e+04	 1.6114e+00	 1.9578e-02	 3.2309e+02	 1.1454e+04
 2.2500e+02	 1.1440e+04	 1.6058e+00	 2.2065e-02	 3.2309e+02	 1.1460e+04
 3.3750e+02	 1.1440e+04	 1.5999e+00	 2.4402e-02	 3.2309e+02	 1.1462e+04
 5.0625e+02	 1.1440e+04	 1.5932e+00	 2.6670e-02	 3.2309e+02	 1.1465e+04
 7.5938e+02	 1.1440e+04	 1.5858e+00	 2.8636e-02	 3.2311e+02	 1.1467e+04
 1.1391e+03	 1.1440e+04	 1.5780e+00	 3.0197e-02	 3.2311e+02	 1.1472e+04
 1.7086e+03	 1.1440e+04	 1.5700e+00	 3.1359e-02	 3.2312e+02	 1.1475e+04
 2.5629e+03	 1.1440e+04	 1.5616e+00	 3.2268e-02	 3.2313e+02	 1.1480e+04
 3.8443e+03	 1.1440e+04	 1.5533e+00	 3.3213e-02	 3.2313e+02	 1.1483e+04
 5.7665e+03	 1.1440e+04	 1.5505e+00	 3.2504e-02	 3.2314e+02	 1.1485e+04
 8.6498e+03	 1.1440e+04	 1.5416e+00	 3.3722e-02	 3.2314e+02	 1.1488e+04
 1.2975e+04	 1.1440e+04	 1.5319e+00	 3.4648e-02	 3.2314e+02	 1.1491e+04
 1.9462e+04	 1.1440e+04	 1.5219e+00	 3.4691e-02	 3.2315e+02	 1.1493e+04
 2.9193e+04	 1.1440e+04	 1.5116e+00	 3.3403e-02	 3.2315e+02	 1.1496e+04
 4.3789e+04	 1.1440e+04	 1.5023e+00	 3.0820e-02	 3.2315e+02	 1.1499e+04
 6.5684e+04	 1.1440e+04	 1.4944e+00	 2.7444e-02	 3.2316e+02	 1.1501e+04
 9.8526e+04	 1.1440e+04	 1.4878e+00	 2.4259e-02	 3.2316e+02	 1.1504e+04
 1.4779e+05	 1.1440e+04	 1.4823e+00	 2.1448e-02	 3.2317e+02	 1.1506e+04
 2.2168e+05	 1.1440e+04	 1.4779e+00	 1.9155e-02	 3.2317e+02	 1.1509e+04
 3.3253e+05	 1.1440e+04	 1.4739e+00	 1.7406e-02	 3.2317e+02	 1.1511e+04
 4.9879e+05	 1.1440e+04	 1.4692e+00	 1.6810e-02	 3.2316e+02	 1.1514e+04
 7.4818e+05	 1.1440e+04	 1.4654e+00	 1.6246e-02	 3.2317e+02	 1.1516e+04
 9.0000e+05	 1.1440e+04	 1.4643e+00	 1.5840e-02	 3.2317e+02	 1.1519e+04
 1.0000e+02	 1.1516e+04	 1.6155e+00	 1.7508e-02	 3.2318e+02	 1.1528e+04
 1.5000e+02	 1.1516e+04	 1.6110e+00	 1.9964e-02	 3.2317e+02	 1.1530e+04
 2.2500e+02	 1.1516e+04	 1.6061e+00	 2.2057e-02	 3.2317e+02	 1.1536e+04
 3.3750e+02	 1.1516e+04	 1.6001e+00	 2.4436e-02	 3.2317e+02	 1.1538e+04
 5.0625e+02	 1.1516e+04	 1.5933e+00	 2.6583e-02	 3.2317e+02	 1.1541e+04
 7.5938e+02	 1.1516e+04	 1.5857e+00	 2.8674e-02	 3.2317e+02	 1.1543e+04
 1.1391e+03	 1.1516e+04	 1.5777e+00	 3.0184e-02	 3.2317e+02	 1.1548e+04
 1.7086e+03	 1.1516e+04	 1.5697e+00	 3.1362e-02	 3.2318e+02	 1.1551e+04
 2.5629e+03	 1.1516e+04	 1.5611e+00	 3.2274e-02	 3.2317e+02	 1.1556e+04
 3.8443e+03	 1.1516e+04	 1.5527e+00	 3.3159e-02	 3.2317e+02	 1.1558e+04
 5.7665e+03	 1.1516e+04	 1.5499e+00	 3.2482e-02	 3.2317e+02	 1.1561e+04
 8.6498e+03	 1.1516e+04	 1.5410e+00	 3.3660e-02	 3.2317e+02	 1.1564e+04
 1.2975e+04	 1.1516e+04	 1.5313e+00	 3.4618e-02	 3.2317e+02	 1.1566e+04
 1.9462e+04	 1.1516e+04	 1.5213e+00	 3.4658e-02	 3.2317e+02	 1.1569e+04
 2.9193e+04	 1.1516e+04	 1.5110e+00	 3.3376e-02	 3.2317e+02	 1.1572e+04
 4.3789e+04	 1.1516e+04	 1.5017e+00	 3.0767e-02	 3.2317e+02	 1.1574e+04
 6.5684e+04	 1.1516e+04	 1.4937e+00	 2.7405e-02	 3.2317e+02	 1.1577e+04
 9.8526e+04	 1.1516e+04	 1.4871e+00	 2.4206e-02	 3.2317e+02	 1.1579e+04
 1.4779e+05	 1.1516e+04	 1.4816e+00	 2.1423e-02	 3.2316e+02	 1.1582e+04
 2.2168e+05	 1.1516e+04	 1.4772e+00	 1.9143e-02	 3.2317e+02	 1.1585e+04
 3.3253e+05	 1.1516e+04	 1.4732e+00	 1.7389e-02	 3.2317e+02	 1.1587e+04
 4.9879e+05	 1.1516e+04	 1.4686e+00	 1.6779e-02	 3.2317e+02	 1.1590e+04
 7.4818e+05	 1.1516e+04	 1.4648e+00	 1.6218e-02	 3.2316e+02	 1.1592e+04
 9.0000e+05	 1.1516e+04	 1.4637e+00	 1.5853e-02	 3.2317e+02	 1.1595e+04
 1.0000e+02	 1.1592e+04	 1.6160e+00	 1.7759e-02	 3.2316e+02	 1.1604e+04
 1.5000e+02	 1.1592e+04	 1.6107e+00	 2.0350e-02	 3.2316e+02	 1.1607e+04
 2.2500e+02	 1.1592e+04	 1.6056e+00	 2.2148e-02	 3.2315e+02	 1.1612e+04
 3.3750e+02	 1.1592e+04	 1.5995e+00	 2.4414e-02	 3.2315e+02	 1.1615e+04
 5.0625e+02	 1.1592e+04	 1.5928e+00	 2.6690e-02	 3.2315e+02	 1.1617e+04
 7.5938e+02	 1.1592e+04	 1.5852e+00	 2.8655e-02	 3.2314e+02	 1.1620e+04
 1.1391e+03	 1.1592e+04	 1.5771e+00	 3.0194e-02	 3.2313e+02	 1.1625e+04
 1.7086e+03	 1.1592e+04	 1.5691e+00	 3.1366e-02	 3.2313e+02	 1.1627e+04
 2.5629e+03	 1.1592e+04	 1.5606e+00	 3.2290e-02	 3.2314e+02	 1.1632e+04
 3.8443e+03	 1.1592e+04	 1.5522e+00	 3.3170e-02	 3.2313e+02	 1.1635e+04
 5.7665e+03	 1.1592e+04	 1.5495e+00	 3.2447e-02	 3.2314e+02	 1.1638e+04
 8.6498e+03	 1.1592e+04	 1.5406e+00	 3.3673e-02	 3.2314e+02	 1.1640e+04
 1.2975e+04	 1.1592e+04	 1.5310e+00	 3.4559e-02	 3.2314e+02	 1.1643e+04
 1.9462e+04	 1.1592e+04	 1.5210e+00	 3.4586e-02	 3.2314e+02	 1.1645e+04
 2.9193e+04	 1.1592e+04	 1.5108e+00	 3.3278e-02	 3.2315e+02	 1.1648e+04
 4.3789e+04	 1.1592e+04	 1.5016e+00	 3.0689e-02	 3.2315e+02	 1.1650e+04
 6.5684e+04	 1.1592e+04	 1.4937e+00	 2.7337e-02	 3.2314e+02	 1.1653e+04
 9.8526e+04	 1.1592e+04	 1.4871e+00	 2.4170e-02	 3.2315e+02	 1.1655e+04
 1.4779e+05	 1.1592e+04	 1.4816e+00	 2.1353e-02	 3.2315e+02	 1.1658e+04
 2.2168e+05	 1.1592e+04	 1.4772e+00	 1.9085e-02	 3.2315e+02	 1.1660e+04
 3.3253e+05	 1.1592e+04	 1.4733e+00	 1.7337e-02	 3.2315e+02	 1.1663e+04
 4.9879e+05	 1.1592e+04	 1.4686e+00	 1.6751e-02	 3.2315e+02	 1.1665e+04
 7.4818e+05	 1.1592e+04	 1.4648e+00	 1.6172e-02	 3.2316e+02	 1.1668e+04
 9.0000e+05	 1.1592e+04	 1.4638e+00	 1.5852e-02	 3.2315e+02	 1.1670e+04
 1.0000e+02	 1.1668e+04	 1.6152e+00	 1.7167e-02	 3.2316e+02	 1.1680e+04
 1.5000e+02	 1.1668e+04	 1.6119e+00	 2.0261e-02	 3.2316e+02	 1.1682e+04
 2.2500e+02	 1.1668e+04	 1.6055e+00	 2.2163e-02	 3.2315e+02	 1.1687e+04
 3.3750e+02	 1.1668e+04	 1.5996e+00	 2.4429e-02	 3.2315e+02	 1.1690e+04
 5.0625e+02	 1.1668e+04	 1.5927e+00	 2.6668e-02	 3.2315e+02	 1.1692e+04
 7.5938e+02	 1.1668e+04	 1.5851e+00	 2.8660e-02	 3.2316e+02	 1.1695e+04
 1.1391e+03	 1.1668e+04	 1.5772e+00	 3.0170e-02	 3.2315e+02	 1.1700e+04
 1.7086e+03	 1.1668e+04	 1.5690e+00	 3.1321e-02	 3.2315e+02	 1.1703e+04
 2.5629e+03	 1.1668e+04	 1.5605e+00	 3.2193e-02	 3.2315e+02	 1.1708e+04
 3.8443e+03	 1.1668e+04	 1.5521e+00	 3.3149e-02	 3.2315e+02	 1.1710e+04
 5.7665e+03	 1.1668e+04	 1.5494e+00	 3.2425e-02	 3.2315e+02	 1.1713e+04
 8.6498e+03	 1.1668e+04	 1.5405e+00	 3.3680e-02	 3.2315e+02	 1.1716e+04
 1.2975e+04	 1.1668e+04	 1.5308e+00	 3.4537e-02	 3.2315e+02	 1.1718e+04
 1.9462e+04	 1.1668e+04	 1.5208e+00	 3.4547e-02	 3.2315e+02	 1.1721e+04
 2.9193e+04	 1.1668e+04	 1.5106e+00	 3.3238e-02	 3.2316e+02	 1.1723e+04
 4.3789e+04	 1.1668e+04	 1.5013e+00	 3.0670e-02	 3.2315e+02	 1.1726e+04
 6.5684e+04	 1.1668e+04	 1.4935e+00	 2.7276e-02	 3.2315e+02	 1.1728e+04
 9.8526e+04	 1.1668e+04	 1.4869e+00	 2.4135e-02	 3.2315e+02	 1.1731e+04
 1.4779e+05	 1.1668e+04	 1.4814e+00	 2.1342e-02	 3.2316e+02	 1.1733e+04
 2.2168e+05	 1.1668e+04	 1.4770e+00	 1.9079e-02	 3.2316e+02	 1.1736e+04
 3.3253e+05	 1.1668e+04	 1.4731e+00	 1.7329e-02	 3.2315e+02	 1.1739e+04
 4.9879e+05	 1.1668e+04	 1.4685e+00	 1.6745e-02	 3.2315e+02	 1.1741e+04
 7.4818e+05	 1.1668e+04	 1.4646e+00	 1.6156e-02	 3.2315e+02	 1.1744e+04
 9.0000e+05	 1.1668e+04	 1.4636e+00	 1.5816e-02	 3.2315e+02	 1.1747e+04
 1.0000e+02	 1.1744e+04	 1.6155e+00	 1.8082e-02	 3.2315e+02	 1.1756e+04
 1.5000e+02	 1.1744e+04	 1.6113e+00	 2.0257e-02	 3.2315e+02	 1.1759e+04
 2.2500e+02	 1.1744e+04	 1.6053e+00	 2.2182e-02	 3.2315e+02	 1.1764e+04
 3.3750e+02	 1.1744e+04	 1.5993e+00	 2.4477e-02	 3.2316e+02	 1.1767e+04
 5.0625e+02	 1.1744e+04	 1.5925e+00	 2.6738e-02	 3.2315e+02	 1.1769e+04
 7.5938e+02	 1.1744e+04	 1.5849e+00	 2.8684e-02	 3.2315e+02	 1.1772e+04
 1.1391e+03	 1.1744e+04	 1.5770e+00	 3.0175e-02	 3.2314e+02	 1.1777e+04
 1.7086e+03	 1.1744e+04	 1.5689e+00	 3.1293e-02	 3.2315e+02	 1.1780e+04
 2.5629e+03	 1.1744e+04	 1.5604e+00	 3.2218e-02	 3.2315e+02	 1.1785e+04
 3.8443e+03	 1.1744e+04	 1.5520e+00	 3.3112e-02	 3.2315e+02	 1.1787e+04
 5.7665e+03	 1.1744e+04	 1.5492e+00	 3.2441e-02	 3.2314e+02	 1.1790e+04
 8.6498e+03	 1.1744e+04	 1.5403e+00	 3.3627e-02	 3.2315e+02	 1.1792e+04
 1.2975e+04	 1.1744e+04	 1.5306e+00	 3.4478e-02	 3.2315e+02	 1.1794e+04
 1.9462e+04	 1.1744e+04	 1.5207e+00	 3.4544e-02	 3.2315e+02	 1.1797e+04
 2.9193e+04	 1.1744e+04	 1.5105e+00	 3.3225e-02	 3.2315e+02	 1.1800e+04
 4.3789e+04	 1.1744e+04	 1.5012e+00	 3.0608e-02	 3.2315e+02	 1.1802e+04
 6.5684e+04	 1.1744e+04	 1.4934e+00	 2.7244e-02	 3.2315e+02	 1.1805e+04
 9.8526e+04	 1.1744e+04	 1.4868e+00	 2.4070e-02	 3.2315e+02	 1.1807e+04
 1.4779e+05	 1.1744e+04	 1.4813e+00	 2.1312e-02	 3.2315e+02	 1.1810e+04
 2.2168e+05	 1.1744e+04	 1.4770e+00	 1.9048e-02	 3.2316e+02	 1.1813e+04
 3.3253e+05	 1.1744e+04	 1.4730e+00	 1.7326e-02	 3.2316e+02	 1.1816e+04
 4.9879e+05	 1.1744e+04	 1.4684e+00	 1.6758e-02	 3.2315e+02	 1.1818e+04
 7.4818e+05	 1.1744e+04	 1.4646e+00	 1.6175e-02	 3.2316e+02	 1.1821e+04
 9.0000e+05	 1.1744e+04	 1.4635e+00	 1.5825e-02	 3.2316e+02	 1.1823e+04
 1.0000e+02	 1.1821e+04	 1.6146e+00	 1.7247e-02	 3.2315e+02	 1.1833e+04
 1.5000e+02	 1.1821e+04	 1.6107e+00	 2.0135e-02	 3.2315e+02	 1.1835e+04
 2.2500e+02	 1.1821e+04	 1.6051e+00	 2.2161e-02	 3.2316e+02	 1.1840e+04
 3.3750e+02	 1.1821e+04	 1.5991e+00	 2.4532e-02	 3.2315e+02	 1.1843e+04
 5.0625e+02	 1.1821e+04	 1.5923e+00	 2.6744e-02	 3.2316e+02	 1.1845e+04
 7.5938e+02	 1.1821e+04	 1.5847e+00	 2.8659e-02	 3.2316e+02	 1.1848e+04
 1.1391e+03	 1.1821e+04	 1.5767e+00	 3.0170e-02	 3.2316e+02	 1.1853e+04
 1.7086e+03	 1.1821e+04	 1.5687e+00	 3.1292e-02	 3.2316e+02	 1.1855e+04
 2.5629e+03	 1.1821e+04	 1.5601e+00	 3.2204e-02	 3.2314e+02	 1.1860e+04
 3.8443e+03	 1.1821e+04	 1.5517e+00	 3.3126e-02	 3.2315e+02	 1.1863e+04
 5.7665e+03	 1.1821e+04	 1.5490e+00	 3.2381e-02	 3.2315e+02	 1.1865e+04
 8.6498e+03	 1.1821e+04	 1.5401e+00	 3.3597e-02	 3.2315e+02	 1.1868e+04
 1.2975e+04	 1.1821e+04	 1.5304e+00	 3.4500e-02	 3.2315e+02	 1.1870e+04
 1.9462e+04	 1.1821e+04	 1.5204e+00	 3.4486e-02	 3.2315e+02	 1.1873e+04
 2.9193e+04	 1.1821e+04	 1.5102e+00	 3.3171e-02	 3.2315e+02	 1.1875e+04
 4.3789e+04	 1.1821e+04	 1.5010e+00	 3.0579e-02	 3.2315e+02	 1.1878e+04
 6.5684e+04	 1.1821e+04	 1.4931e+00	 2.7241e-02	 3.2315e+02	 1.1881e+04
 9.8526e+04	 1.1821e+04	 1.4866e+00	 2.4049e-02	 3.2315e+02	 1.1883e+04
 1.4779e+05	 1.1821e+04	 1.4811e+00	 2.1290e-02	 3.2315e+02	 1.1886e+04
 2.2168e+05	 1.1821e+04	 1.4768e+00	 1.9021e-02	 3.2315e+02	 1.1888e+04
 3.3253e+05	 1.1821e+04	 1.4728e+00	 1.7300e-02	 3.2315e+02	 1.1891e+04
 4.9879e+05	 1.1821e+04	 1.4682e+00	 1.6748e-02	 3.2315e+02	 1.1893e+04
 7.4818e+05	 1.1821e+04	 1.4645e+00	 1.6162e-02	 3.2315e+02	 1.1896e+04
 9.0000e+05	 1.1821e+04	 1.4634e+00	 1.5814e-02	 3.2315e+02	 1.1899e+04
 1.0000e+02	 1.1896e+04	 1.6154e+00	 1.7515e-02	 3.2315e+02	 1.1908e+04
 1.5000e+02	 1.1896e+04	 1.6091e+00	 2.0192e-02	 3.2315e+02	 1.1910e+04
 2.2500e+02	 1.1896e+04	 1.6050e+00	 2.2135e-02	 3.2315e+02	 1.1916e+04
 3.3750e+02	 1.1896e+04	 1.5989e+00	 2.4511e-02	 3.2315e+02	 1.1918e+04
 5.0625e+02	 1.1896e+04	 1.5921e+00	 2.6715e-02	 3.2315e+02	 1.1921e+04
 7.5938e+02	 1.1896e+04	 1.5845e+00	 2.8695e-02	 3.2315e+02	 1.1923e+04
 1.1391e+03	 1.1896e+04	 1.5766e+00	 3.0146e-02	 3.2315e+02	 1.1929e+04
 1.7086e+03	 1.1896e+04	 1.5685e+00	 3.1312e-02	 3.2315e+02	 1.1931e+04
 2.5629e+03	 1.1896e+04	 1.5600e+00	 3.2168e-02	 3.2314e+02	 1.1936e+04
 3.8443e+03	 1.1896e+04	 1.5516e+00	 3.3101e-02	 3.2314e+02	 1.1939e+04
 5.7665e+03	 1.1896e+04	 1.5489e+00	 3.2393e-02	 3.2315e+02	 1.1941e+04
 8.6498e+03	 1.1896e+04	 1.5400e+00	 3.3591e-02	 3.2314e+02	 1.1944e+04
 1.2975e+04	 1.1896e+04	 1.5303e+00	 3.4472e-02	 3.2315e+02	 1.1947e+04
 1.9462e+04	 1.1896e+04	 1.5204e+00	 3.4469e-02	 3.2314e+02	 1.1949e+04
 2.9193e+04	 1.1896e+04	 1.5102e+00	 3.3134e-02	 3.2314e+02	 1.1952e+04
 4.3789e+04	 1.1896e+04	 1.5010e+00	 3.0541e-02	 3.2314e+02	 1.1954e+04
 6.5684e+04	 1.1896e+04	 1.4932e+00	 2.7155e-02	 3.2314e+02	 1.1957e+04
 9.8526e+04	 1.1896e+04	 1.4866e+00	 2.4025e-02	 3.2314e+02	 1.1959e+04
 1.4779e+05	 1.1896e+04	 1.4812e+00	 2.1244e-02	 3.2314e+02	 1.1962e+04
 2.2168e+05	 1.1896e+04	 1.4768e+00	 1.8981e-02	 3.2314e+02	 1.1964e+04
 3.3253e+05	 1.1896e+04	 1.4728e+00	 1.7293e-02	 3.2314e+02	 1.1967e+04
 4.9879e+05	 1.1896e+04	 1.4683e+00	 1.6697e-02	 3.2314e+02	 1.1969e+04
 7.4818e+05	 1.1896e+04	 1.4645e+00	 1.6114e-02	 3.2314e+02	 1.1972e+04
 9.0000e+05	 1.1896e+04	 1.4635e+00	 1.5785e-02	 3.2315e+02	 1.1974e+04
 1.0000e+02	 1.1972e+04	 1.6147e+00	 1.7273e-02	 3.2314e+02	 1.1984e+04
 1.5000e+02	 1.1972e+04	 1.6109e+00	 2.0362e-02	 3.2314e+02	 1.1986e+04
 2.2500e+02	 1.1972e+04	 1.6049e+00	 2.2210e-02	 3.2314e+02	 1.1992e+04
 3.3750e+02	 1.1972e+04	 1.5988e+00	 2.4539e-02	 3.2314e+02	 1.1994e+04
 5.0625e+02	 1.1972e+04	 1.5920e+00	 2.6795e-02	 3.2315e+02	 1.1997e+04
 7.5938e+02	 1.1972e+04	 1.5845e+00	 2.8657e-02	 3.2314e+02	 1.1999e+04
 1.1391e+03	 1.1972e+04	 1.5765e+00	 3.0185e-02	 3.2314e+02	 1.2005e+04
 1.7086e+03	 1.1972e+04	 1.5685e+00	 3.1311e-02	 3.2314e+02	 1.2007e+04
 2.5629e+03	 1.1972e+04	 1.5599e+00	 3.2178e-02	 3.2314e+02	 1.2012e+04
 3.8443e+03	 1.1972e+04	 1.5517e+00	 3.3090e-02	 3.2315e+02	 1.2015e+04
 5.7665e+03	 1.1972e+04	 1.5489e+00	 3.2367e-02	 3.2314e+02	 1.2017e+04
 8.6498e+03	 1.1972e+04	 1.5400e+00	 3.3581e-02	 3.2314e+02	 1.2020e+04
 1.2975e+04	 1.1972e+04	 1.5303e+00	 3.4455e-02	 3.2314e+02	 1.2022e+04
 1.9462e+04	 1.1972e+04	 1.5204e+00	 3.4427e-02	 3.2315e+02	 1.2025e+04
 2.9193e+04	 1.1972e+04	 1.5102e+00	 3.3117e-02	 3.2315e+02	 1.2027e+04
 4.3789e+04	 1.1972e+04	 1.5010e+00	 3.0489e-02	 3.2315e+02	 1.2030e+04
 6.5684e+04	 1.1972e+04	 1.4932e+00	 2.7136e-02	 3.2315e+02	 1.2032e+04
 9.8526e+04	 1.1972e+04	 1.4867e+00	 2.3981e-02	 3.2315e+02	 1.2035e+04
 1.4779e+05	 1.1972e+04	 1.4813e+00	 2.1212e-02	 3.2314e+02	 1.2037e+04
 2.2168e+05	 1.1972e+04	 1.4769e+00	 1.8967e-02	 3.2315e+02	 1.2040e+04
 3.3253e+05	 1.1972e+04	 1.4729e+00	 1.7245e-02	 3.2315e+02	 1.2043e+04
 4.9879e+05	 1.1972e+04	 1.4684e+00	 1.6700e-02	 3.2315e+02	 1.2045e+04
 7.4818e+05	 1.1972e+04	 1.4646e+00	 1.6107e-02	 3.2315e+02	 1.2048e+04
 9.0000e+05	 1.1972e+04	 1.4636e+00	 1.5769e-02	 3.2315e+02	 1.2050e+04
 1.0000e+02	 1.2048e+04	 1.6149e+00	 1.8153e-02	 3.2315e+02	 1.2059e+04
 1.5000e+02	 1.2048e+04	 1.6092e+00	 2.0343e-02	 3.2315e+02	 1.2062e+04
 2.2500e+02	 1.2048e+04	 1.6048e+00	 2.2208e-02	 3.2314e+02	 1.2067e+04
 3.3750e+02	 1.2048e+04	 1.5988e+00	 2.4539e-02	 3.2315e+02	 1.2070e+04
 5.0625e+02	 1.2048e+04	 1.5920e+00	 2.6778e-02	 3.2315e+02	 1.2073e+04
 7.5938e+02	 1.2048e+04	 1.5843e+00	 2.8651e-02	 3.2315e+02	 1.2075e+04
 1.1391e+03	 1.2048e+04	 1.5764e+00	 3.0180e-02	 3.2316e+02	 1.2080e+04
 1.7086e+03	 1.2048e+04	 1.5683e+00	 3.1206e-02	 3.2315e+02	 1.2083e+04
 2.5629e+03	 1.2048e+04	 1.5598e+00	 3.2159e-02	 3.2316e+02	 1.2088e+04
 3.8443e+03	 1.2048e+04	 1.5515e+00	 3.3063e-02	 3.2315e+02	 1.2091e+04
 5.7665e+03	 1.2048e+04	 1.5488e+00	 3.2340e-02	 3.2315e+02	 1.2093e+04
 8.6498e+03	 1.2048e+04	 1.5399e+00	 3.3527e-02	 3.2315e+02	 1.2096e+04
 1.2975e+04	 1.2048e+04	 1.5302e+00	 3.4420e-02	 3.2316e+02	 1.2098e+04
 1.9462e+04	 1.2048e+04	 1.5203e+00	 3.4402e-02	 3.2316e+02	 1.2101e+04
 2.9193e+04	 1.2048e+04	 1.5101e+00	 3.3089e-02	 3.2316e+02	 1.2104e+04
 4.3789e+04	 1.2048e+04	 1.5009e+00	 3.0471e-02	 3.2316e+02	 1.2106e+04
 6.5684e+04	 1.2048e+04	 1.4931e+00	 2.7118e-02	 3.2316e+02	 1.2109e+04
 9.8526e+04	 1.2048e+04	 1.4865e+00	 2.3976e-02	 3.2315e+02	 1.2111e+04
 1.4779e+05	 1.2048e+04	 1.4811e+00	 2.1178e-02	 3.2315e+02	 1.2114e+04
 2.2168e+05	 1.2048e+04	 1.4767e+00	 1.8958e-02	 3.2315e+02	 1.2116e+04
 3.3253e+05	 1.2048e+04	 1.4727e+00	 1.7230e-02	 3.2315e+02	 1.2119e+04
 4.9879e+05	 1.2048e+04	 1.4682e+00	 1.6669e-02	 3.2315e+02	 1.2121e+04
 7.4818e+05	 1.2048e+04	 1.4644e+00	 1.6091e-02	 3.2315e+02	 1.2124e+04
 9.0000e+05	 1.2048e+04	 1.4633e+00	 1.5723e-02	 3.2315e+02	 1.2127e+04
 1.0000e+02	 1.2124e+04	 1.6150e+00	 1.7496e-02	 3.2315e+02	 1.2136e+04
 1.5000e+02	 1.2124e+04	 1.6102e+00	 1.9745e-02	 3.2315e+02	 1.2139e+04
 2.2500e+02	 1.2124e+04	 1.6046e+00	 2.2222e-02	 3.2315e+02	 1.2144e+04
 3.3750e+02	 1.2124e+04	 1.5985e+00	 2.4547e-02	 3.2315e+02	 1.2146e+04
 5.0625e+02	 1.2124e+04	 1.5917e+00	 2.6750e-02	 3.2314e+02	 1.2149e+04
 7.5938e+02	 1.2124e+04	 1.5841e+00	 2.8726e-02	 3.2314e+02	 1.2151e+04
 1.1391e+03	 1.2124e+04	 1.5761e+00	 3.0225e-02	 3.2314e+02	 1.2157e+04
 1.7086e+03	 1.2124e+04	 1.5681e+00	 3.1272e-02	 3.2313e+02	 1.2159e+04
 2.5629e+03	 1.2124e+04	 1.5595e+00	 3.2169e-02	 3.2313e+02	 1.2164e+04
 3.8443e+03	 1.2124e+04	 1.5512e+00	 3.3052e-02	 3.2313e+02	 1.2167e+04
 5.7665e+03	 1.2124e+04	 1.5484e+00	 3.2355e-02	 3.2314e+02	 1.2170e+04
 8.6498e+03	 1.2124e+04	 1.5396e+00	 3.3525e-02	 3.2314e+02	 1.2172e+04
 1.2975e+04	 1.2124e+04	 1.5299e+00	 3.4393e-02	 3.2314e+02	 1.2174e+04
 1.9462e+04	 1.2124e+04	 1.5201e+00	 3.4366e-02	 3.2314e+02	 1.2177e+04
 2.9193e+04	 1.2124e+04	 1.5100e+00	 3.3029e-02	 3.2314e+02	 1.2180e+04
 4.3789e+04	 1.2124e+04	 1.5008e+00	 3.0445e-02	 3.2313e+02	 1.2182e+04
 6.5684e+04	 1.2124e+04	 1.4930e+00	 2.7063e-02	 3.2314e+02	 1.2185e+04
 9.8526e+04	 1.2124e+04	 1.4865e+00	 2.3934e-02	 3.2313e+02	 1.2187e+04
 1.4779e+05	 1.2124e+04	 1.4811e+00	 2.1165e-02	 3.2314e+02	 1.2190e+04
 2.2168e+05	 1.2124e+04	 1.4768e+00	 1.8910e-02	 3.2313e+02	 1.2192e+04
 3.3253e+05	 1.2124e+04	 1.4728e+00	 1.7199e-02	 3.2313e+02	 1.2195e+04
 4.9879e+05	 1.2124e+04	 1.4683e+00	 1.6612e-02	 3.2312e+02	 1.2197e+04
 7.4818e+05	 1.2124e+04	 1.4644e+00	 1.6090e-02	 3.2313e+02	 1.2200e+04
 9.0000e+05	 1.2124e+04	 1.4635e+00	 1.5733e-02	 3.2313e+02	 1.2203e+04
 1.0000e+02	 1.2200e+04	 1.6152e+00	 1.7633e-02	 3.2313e+02	 1.2212e+04
 1.5000e+02	 1.2200e+04	 1.6097e+00	 2.0064e-02	 3.2314e+02	 1.2214e+04
 2.2500e+02	 1.2200e+04	 1.6048e+00	 2.2280e-02	 3.2314e+02	 1.2219e+04
 3.3750e+02	 1.2200e+04	 1.5988e+00	 2.4578e-02	 3.2314e+02	 1.2222e+04
 5.0625e+02	 1.2200e+04	 1.5920e+00	 2.6765e-02	 3.2315e+02	 1.2224e+04
 7.5938e+02	 1.2200e+04	 1.5844e+00	 2.8664e-02	 3.2315e+02	 1.2227e+04
 1.1391e+03	 1.2200e+04	 1.5764e+00	 3.0198e-02	 3.2315e+02	 1.2232e+04
 1.7086e+03	 1.2200e+04	 1.5683e+00	 3.1312e-02	 3.2315e+02	 1.2235e+04
 2.5629e+03	 1.2200e+04	 1.5598e+00	 3.2104e-02	 3.2315e+02	 1.2240e+04
 3.8443e+03	 1.2200e+04	 1.5515e+00	 3.3021e-02	 3.2316e+02	 1.2242e+04
 5.7665e+03	 1.2200e+04	 1.5487e+00	 3.2334e-02	 3.2316e+02	 1.2245e+04
 8.6498e+03	 1.2200e+04	 1.5398e+00	 3.3500e-02	 3.2316e+02	 1.2247e+04
 1.2975e+04	 1.2200e+04	 1.5301e+00	 3.4367e-02	 3.2316e+02	 1.2250e+04
 1.9462e+04	 1.2200e+04	 1.5203e+00	 3.4322e-02	 3.2316e+02	 1.2252e+04
 2.9193e+04	 1.2200e+04	 1.5101e+00	 3.3008e-02	 3.2316e+02	 1.2255e+04
 4.3789e+04	 1.2200e+04	 1.5009e+00	 3.0398e-02	 3.2316e+02	 1.2257e+04
 6.5684e+04	 1.2200e+04	 1.4931e+00	 2.7050e-02	 3.2317e+02	 1.2260e+04
 9.8526e+04	 1.2200e+04	 1.4865e+00	 2.3913e-02	 3.2318e+02	 1.2263e+04
 1.4779e+05	 1.2200e+04	 1.4811e+00	 2.1157e-02	 3.2317e+02	 1.2265e+04
 2.2168e+05	 1.2200e+04	 1.4768e+00	 1.8942e-02	 3.2317e+02	 1.2268e+04
 3.3253e+05	 1.2200e+04	 1.4728e+00	 1.7203e-02	 3.2317e+02	 1.2270e+04
 4.9879e+05	 1.2200e+04	 1.4682e+00	 1.6661e-02	 3.2317e+02	 1.2273e+04
 7.4818e+05	 1.2200e+04	 1.4644e+00	 1.6070e-02	 3.2318e+02	 1.2275e+04
 9.0000e+05	 1.2200e+04	 1.4633e+00	 1.5744e-02	 3.2317e+02	 1.2278e+04
 1.0000e+02	 1.2275e+04	 1.6149e+00	 1.7923e-02	 3.2317e+02	 1.2287e+04
 1.5000e+02	 1.2275e+04	 1.6089e+00	 2.0666e-02	 3.2317e+02	 1.2289e+04
 2.2500e+02	 1.2275e+04	 1.6043e+00	 2.2293e-02	 3.2317e+02	 1.2294e+04
 3.3750e+02	 1.2275e+04	 1.5982e+00	 2.4614e-02	 3.2317e+02	 1.2297e+04
 5.0625e+02	 1.2275e+04	 1.5914e+00	 2.6720e-02	 3.2317e+02	 1.2300e+04
 7.5938e+02	 1.2275e+04	 1.5838e+00	 2.8680e-02	 3.2317e+02	 1.2302e+04
 1.1391e+03	 1.2275e+04	 1.5757e+00	 3.0166e-02	 3.2317e+02	 1.2307e+04
 1.7086e+03	 1.2275e+04	 1.5677e+00	 3.1257e-02	 3.2317e+02	 1.2310e+04
 2.5629e+03	 1.2275e+04	 1.5592e+00	 3.2138e-02	 3.2316e+02	 1.2315e+04
 3.8443e+03	 1.2275e+04	 1.5508e+00	 3.3032e-02	 3.2316e+02	 1.2317e+04
 5.7665e+03	 1.2275e+04	 1.5480e+00	 3.2311e-02	 3.2316e+02	 1.2320e+04
 8.6498e+03	 1.2275e+04	 1.5391e+00	 3.3497e-02	 3.2316e+02	 1.2322e+04
 1.2975e+04	 1.2275e+04	 1.5295e+00	 3.4309e-02	 3.2317e+02	 1.2325e+04
 1.9462e+04	 1.2275e+04	 1.5196e+00	 3.4292e-02	 3.2316e+02	 1.2327e+04
 2.9193e+04	 1.2275e+04	 1.5094e+00	 3.2994e-02	 3.2316e+02	 1.2330e+04
 4.3789e+04	 1.2275e+04	 1.5003e+00	 3.0373e-02	 3.2316e+02	 1.2332e+04
 6.5684e+04	 1.2275e+04	 1.4925e+00	 2.7019e-02	 3.2316e+02	 1.2335e+04
 9.8526e+04	 1.2275e+04	 1.4860e+00	 2.3864e-02	 3.2317e+02	 1.2337e+04
 1.4779e+05	 1.2275e+04	 1.4806e+00	 2.1112e-02	 3.2316e+02	 1.2340e+04
 2.2168e+05	 1.2275e+04	 1.4763e+00	 1.8891e-02	 3.2316e+02	 1.2342e+04
 3.3253e+05	 1.2275e+04	 1.4723e+00	 1.7174e-02	 3.2316e+02	 1.2345e+04
 4.9879e+05	 1.2275e+04	 1.4678e+00	 1.6602e-02	 3.2316e+02	 1.2348e+04
 7.4818e+05	 1.2275e+04	 1.4640e+00	 1.6084e-02	 3.2316e+02	 1.2350e+04
 9.0000e+05	 1.2275e+04	 1.4629e+00	 1.5674e-02	 3.2316e+02	 1.2353e+04
 1.0000e+02	 1.2350e+04	 1.6144e+00	 1.7651e-02	 3.2316e+02	 1.2362e+04
 1.5000e+02	 1.2350e+04	 1.6088e+00	 1.9949e-02	 3.2315e+02	 1.2364e+04
 2.2500e+02	 1.2350e+04	 1.6040e+00	 2.2263e-02	 3.2315e+02	 1.2369e+04
 3.3750e+02	 1.2350e+04	 1.5979e+00	 2.4580e-02	 3.2315e+02	 1.2372e+04
 5.0625e+02	 1.2350e+04	 1.5911e+00	 2.6829e-02	 3.2315e+02	 1.2374e+04
 7.5938e+02	 1.2350e+04	 1.5834e+00	 2.8739e-02	 3.2315e+02	 1.2377e+04
 1.1391e+03	 1.2350e+04	 1.5755e+00	 3.0169e-02	 3.2314e+02	 1.2382e+04
 1.7086e+03	 1.2350e+04	 1.5674e+00	 3.1307e-02	 3.2314e+02	 1.2385e+04
 2.5629e+03	 1.2350e+04	 1.5589e+00	 3.2089e-02	 3.2313e+02	 1.2390e+04
 3.8443e+03	 1.2350e+04	 1.5506e+00	 3.3021e-02	 3.2312e+02	 1.2393e+04
 5.7665e+03	 1.2350e+04	 1.5478e+00	 3.2298e-02	 3.2312e+02	 1.2395e+04
 8.6498e+03	 1.2350e+04	 1.5389e+00	 3.3393e-02	 3.2313e+02	 1.2398e+04
 1.2975e+04	 1.2350e+04	 1.5293e+00	 3.4278e-02	 3.2312e+02	 1.2400e+04
 1.9462e+04	 1.2350e+04	 1.5194e+00	 3.4263e-02	 3.2312e+02	 1.2403e+04
 2.9193e+04	 1.2350e+04	 1.5094e+00	 3.2907e-02	 3.2313e+02	 1.2405e+04
 4.3789e+04	 1.2350e+04	 1.5002e+00	 3.0306e-02	 3.2312e+02	 1.2408e+04
 6.5684e+04	 1.2350e+04	 1.4925e+00	 2.6956e-02	 3.2313e+02	 1.2410e+04
 9.8526e+04	 1.2350e+04	 1.4861e+00	 2.3804e-02	 3.2313e+02	 1.2412e+04
 1.4779e+05	 1.2350e+04	 1.4807e+00	 2.1077e-02	 3.2313e+02	 1.2415e+04
 2.2168e+05	 1.2350e+04	 1.4764e+00	 1.8847e-02	 3.2314e+02	 1.2418e+04
 3.3253e+05	 1.2350e+04	 1.4725e+00	 1.7147e-02	 3.2314e+02	 1.2420e+04
 4.9879e+05	 1.2350e+04	 1.4680e+00	 1.6593e-02	 3.2313e+02	 1.2423e+04
 7.4818e+05	 1.2350e+04	 1.4643e+00	 1.6042e-02	 3.2314e+02	 1.2425e+04
 9.0000e+05	 1.2350e+04	 1.4633e+00	 1.5667e-02	 3.2313e+02	 1.2428e+04
 1.0000e+02	 1.2425e+04	 1.6144e+00	 1.8235e-02	 3.2311e+02	 1.2437e+04
 1.5000e+02	 1.2425e+04	 1.6094e+00	 2.0471e-02	 3.2311e+02	 1.2440e+04
 2.2500e+02	 1.2425e+04	 1.6043e+00	 2.2387e-02	 3.2311e+02	 1.2445e+04
 3.3750e+02	 1.2425e+04	 1.5981e+00	 2.4657e-02	 3.2312e+02	 1.2447e+04
 5.0625e+02	 1.2425e+04	 1.5914e+00	 2.6882e-02	 3.2312e+02	 1.2450e+04
 7.5938e+02	 1.2425e+04	 1.5838e+00	 2.8708e-02	 3.2312e+02	 1.2453e+04
 1.1391e+03	 1.2425e+04	 1.5760e+00	 3.0198e-02	 3.2313e+02	 1.2458e+04
 1.7086e+03	 1.2425e+04	 1.5680e+00	 3.1285e-02	 3.2313e+02	 1.2460e+04
 2.5629e+03	 1.2425e+04	 1.5596e+00	 3.2122e-02	 3.2314e+02	 1.2466e+04
 3.8443e+03	 1.2425e+04	 1.5513e+00	 3.2974e-02	 3.2315e+02	 1.2468e+04
 5.7665e+03	 1.2425e+04	 1.5485e+00	 3.2252e-02	 3.2315e+02	 1.2471e+04
 8.6498e+03	 1.2425e+04	 1.5397e+00	 3.3441e-02	 3.2315e+02	 1.2473e+04
 1.2975e+04	 1.2425e+04	 1.5300e+00	 3.4275e-02	 3.2315e+02	 1.2476e+04
 1.9462e+04	 1.2425e+04	 1.5202e+00	 3.4229e-02	 3.2315e+02	 1.2479e+04
 2.9193e+04	 1.2425e+04	 1.5100e+00	 3.2861e-02	 3.2316e+02	 1.2481e+04
 4.3789e+04	 1.2425e+04	 1.5009e+00	 3.0277e-02	 3.2316e+02	 1.2484e+04
 6.5684e+04	 1.2425e+04	 1.4931e+00	 2.6949e-02	 3.2316e+02	 1.2487e+04
 9.8526e+04	 1.2425e+04	 1.4866e+00	 2.3838e-02	 3.2316e+02	 1.2489e+04
 1.4779e+05	 1.2425e+04	 1.4812e+00	 2.1062e-02	 3.2315e+02	 1.2492e+04
 2.2168e+05	 1.2425e+04	 1.4768e+00	 1.8834e-02	 3.2315e+02	 1.2494e+04
 3.3253e+05	 1.2425e+04	 1.4728e+00	 1.7127e-02	 3.2315e+02	 1.2497e+04
 4.9879e+05	 1.2425e+04	 1.4682e+00	 1.6604e-02	 3.2315e+02	 1.2499e+04
 7.4818e+05	 1.2425e+04	 1.4644e+00	 1.5988e-02	 3.2315e+02	 1.2502e+04
 9.0000e+05	 1.2425e+04	 1.4634e+00	 1.5662e-02	 3.2315e+02	 1.2504e+04
 1.0000e+02	 1.2502e+04	 1.6147e+00	 1.8221e-02	 3.2315e+02	 1.2514e+04
 1.5000e+02	 1.2502e+04	 1.6086e+00	 2.0010e-02	 3.2316e+02	 1.2516e+04
 2.2500e+02	 1.2502e+04	 1.6043e+00	 2.2336e-02	 3.2316e+02	 1.2521e+04
 3.3750e+02	 1.2502e+04	 1.5982e+00	 2.4626e-02	 3.2316e+02	 1.2524e+04
 5.0625e+02	 1.2502e+04	 1.5914e+00	 2.6834e-02	 3.2316e+02	 1.2526e+04
 7.5938e+02	 1.2502e+04	 1.5837e+00	 2.8725e-02	 3.2316e+02	 1.2529e+04
 1.1391e+03	 1.2502e+04	 1.5758e+00	 3.0213e-02	 3.2317e+02	 1.2534e+04
 1.7086e+03	 1.2502e+04	 1.5677e+00	 3.1268e-02	 3.2317e+02	 1.2537e+04
 2.5629e+03	 1.2502e+04	 1.5592e+00	 3.2012e-02	 3.2316e+02	 1.2542e+04
 3.8443e+03	 1.2502e+04	 1.5509e+00	 3.2921e-02	 3.2317e+02	 1.2545e+04
 5.7665e+03	 1.2502e+04	 1.5481e+00	 3.2256e-02	 3.2318e+02	 1.2547e+04
 8.6498e+03	 1.2502e+04	 1.5392e+00	 3.3409e-02	 3.2317e+02	 1.2550e+04
 1.2975e+04	 1.2502e+04	 1.5295e+00	 3.4256e-02	 3.2318e+02	 1.2552e+04
 1.9462e+04	 1.2502e+04	 1.5196e+00	 3.4261e-02	 3.2318e+02	 1.2555e+04
 2.9193e+04	 1.2502e+04	 1.5095e+00	 3.2875e-02	 3.2318e+02	 1.2557e+04
 4.3789e+04	 1.2502e+04	 1.5003e+00	 3.0241e-02	 3.2317e+02	 1.2560e+04
 6.5684e+04	 1.2502e+04	 1.4926e+00	 2.6921e-02	 3.2317e+02	 1.2562e+04
 9.8526e+04	 1.2502e+04	 1.4861e+00	 2.3793e-02	 3.2318e+02	 1.2565e+04
 1.4779e+05	 1.2502e+04	 1.4806e+00	 2.1040e-02	 3.2318e+02	 1.2567e+04
 2.2168e+05	 1.2502e+04	 1.4763e+00	 1.8822e-02	 3.2318e+02	 1.2570e+04
 3.3253e+05	 1.2502e+04	 1.4724e+00	 1.7109e-02	 3.2317e+02	 1.2572e+04
 4.9879e+05	 1.2502e+04	 1.4678e+00	 1.6567e-02	 3.2317e+02	 1.2575e+04
 7.4818e+05	 1.2502e+04	 1.4640e+00	 1.5995e-02	 3.2317e+02	 1.2578e+04
 9.0000e+05	 1.2502e+04	 1.4630e+00	 1.5663e-02	 3.2318e+02	 1.2580e+04
 1.0000e+02	 1.2578e+04	 1.6137e+00	 1.8340e-02	 3.2317e+02	 1.2589e+04
 1.5000e+02	 1.2578e+04	 1.6096e+00	 1.9244e-02	 3.2317e+02	 1.2592e+04
 2.2500e+02	 1.2578e+04	 1.6037e+00	 2.2353e-02	 3.2318e+02	 1.2597e+04
 3.3750e+02	 1.2578e+04	 1.5976e+00	 2.4671e-02	 3.2317e+02	 1.2599e+04
 5.0625e+02	 1.2578e+04	 1.5906e+00	 2.6843e-02	 3.2317e+02	 1.2602e+04
 7.5938e+02	 1.2578e+04	 1.5830e+00	 2.8684e-02	 3.2317e+02	 1.2604e+04
 1.1391e+03	 1.2578e+04	 1.5751e+00	 3.0132e-02	 3.2317e+02	 1.2609e+04
 1.7086e+03	 1.2578e+04	 1.5670e+00	 3.1200e-02	 3.2316e+02	 1.2612e+04
 2.5629e+03	 1.2578e+04	 1.5585e+00	 3.2045e-02	 3.2317e+02	 1.2617e+04
 3.8443e+03	 1.2578e+04	 1.5501e+00	 3.2952e-02	 3.2316e+02	 1.2620e+04
 5.7665e+03	 1.2578e+04	 1.5474e+00	 3.2224e-02	 3.2316e+02	 1.2622e+04
 8.6498e+03	 1.2578e+04	 1.5385e+00	 3.3370e-02	 3.2316e+02	 1.2625e+04
 1.2975e+04	 1.2578e+04	 1.5289e+00	 3.4237e-02	 3.2316e+02	 1.2628e+04
 1.9462e+04	 1.2578e+04	 1.5190e+00	 3.4168e-02	 3.2315e+02	 1.2630e+04
 2.9193e+04	 1.2578e+04	 1.5089e+00	 3.2799e-02	 3.2315e+02	 1.2633e+04
 4.3789e+04	 1.2578e+04	 1.4998e+00	 3.0210e-02	 3.2315e+02	 1.2635e+04
 6.5684e+04	 1.2578e+04	 1.4921e+00	 2.6860e-02	 3.2315e+02	 1.2638e+04
 9.8526e+04	 1.2578e+04	 1.4856e+00	 2.3754e-02	 3.2315e+02	 1.2640e+04
 1.4779e+05	 1.2578e+04	 1.4802e+00	 2.1000e-02	 3.2315e+02	 1.2643e+04
 2.2168e+05	 1.2578e+04	 1.4759e+00	 1.8806e-02	 3.2315e+02	 1.2646e+04
 3.3253e+05	 1.2578e+04	 1.4720e+00	 1.7085e-02	 3.2315e+02	 1.2648e+04
 4.9879e+05	 1.2578e+04	 1.4675e+00	 1.6548e-02	 3.2315e+02	 1.2651e+04
 7.4818e+05	 1.2578e+04	 1.4637e+00	 1.5989e-02	 3.2314e+02	 1.2654e+04
 9.0000e+05	 1.2578e+04	 1.4627e+00	 1.5646e-02	 3.2314e+02	 1.2656e+04
 1.0000e+02	 1.2654e+04	 1.6132e+00	 1.7696e-02	 3.2313e+02	 1.2666e+04
 1.5000e+02	 1.2654e+04	 1.6082e+00	 2.1516e-02	 3.2313e+02	 1.2668e+04
 2.2500e+02	 1.2654e+04	 1.6036e+00	 2.2451e-02	 3.2314e+02	 1.2673e+04
 3.3750e+02	 1.2654e+04	 1.5974e+00	 2.4607e-02	 3.2315e+02	 1.2676e+04
 5.0625e+02	 1.2654e+04	 1.5905e+00	 2.6834e-02	 3.2315e+02	 1.2678e+04
 7.5938e+02	 1.2654e+04	 1.5830e+00	 2.8702e-02	 3.2315e+02	 1.2681e+04
 1.1391e+03	 1.2654e+04	 1.5749e+00	 3.0168e-02	 3.2315e+02	 1.2686e+04
 1.7086e+03	 1.2654e+04	 1.5669e+00	 3.1227e-02	 3.2315e+02	 1.2689e+04
 2.5629e+03	 1.2654e+04	 1.5584e+00	 3.2099e-02	 3.2314e+02	 1.2694e+04
 3.8443e+03	 1.2654e+04	 1.5501e+00	 3.2986e-02	 3.2314e+02	 1.2696e+04
 5.7665e+03	 1.2654e+04	 1.5473e+00	 3.2194e-02	 3.2313e+02	 1.2699e+04
 8.6498e+03	 1.2654e+04	 1.5385e+00	 3.3347e-02	 3.2314e+02	 1.2701e+04
 1.2975e+04	 1.2654e+04	 1.5288e+00	 3.4203e-02	 3.2313e+02	 1.2704e+04
 1.9462e+04	 1.2654e+04	 1.5190e+00	 3.4135e-02	 3.2313e+02	 1.2706e+04
 2.9193e+04	 1.2654e+04	 1.5088e+00	 3.2752e-02	 3.2313e+02	 1.2709e+04
 4.3789e+04	 1.2654e+04	 1.4998e+00	 3.0137e-02	 3.2313e+02	 1.2711e+04
 6.5684e+04	 1.2654e+04	 1.4921e+00	 2.6794e-02	 3.2313e+02	 1.2714e+04
 9.8526e+04	 1.2654e+04	 1.4857e+00	 2.3667e-02	 3.2313e+02	 1.2716e+04
 1.4779e+05	 1.2654e+04	 1.4804e+00	 2.0964e-02	 3.2314e+02	 1.2719e+04
 2.2168e+05	 1.2654e+04	 1.4761e+00	 1.8753e-02	 3.2313e+02	 1.2722e+04
 3.3253e+05	 1.2654e+04	 1.4723e+00	 1.7037e-02	 3.2314e+02	 1.2724e+04
 4.9879e+05	 1.2654e+04	 1.4677e+00	 1.6531e-02	 3.2314e+02	 1.2727e+04
 7.4818e+05	 1.2654e+04	 1.4640e+00	 1.5991e-02	 3.2314e+02	 1.2730e+04
 9.0000e+05	 1.2654e+04	 1.4630e+00	 1.5637e-02	 3.2314e+02	 1.2732e+04
 1.0000e+02	 1.2730e+04	 1.6133e+00	 1.8082e-02	 3.2315e+02	 1.2742e+04
 1.5000e+02	 1.2730e+04	 1.6103e+00	 2.0197e-02	 3.2314e+02	 1.2744e+04
 2.2500e+02	 1.2730e+04	 1.6037e+00	 2.2519e-02	 3.2314e+02	 1.2750e+04
 3.3750e+02	 1.2730e+04	 1.5975e+00	 2.4691e-02	 3.2313e+02	 1.2752e+04
 5.0625e+02	 1.2730e+04	 1.5905e+00	 2.6877e-02	 3.2312e+02	 1.2755e+04
 7.5938e+02	 1.2730e+04	 1.5830e+00	 2.8766e-02	 3.2310e+02	 1.2757e+04
 1.1391e+03	 1.2730e+04	 1.5749e+00	 3.0154e-02	 3.2308e+02	 1.2762e+04
 1.7086e+03	 1.2730e+04	 1.5668e+00	 3.1198e-02	 3.2307e+02	 1.2765e+04
 2.5629e+03	 1.2730e+04	 1.5585e+00	 3.2052e-02	 3.2306e+02	 1.2770e+04
 3.8443e+03	 1.2730e+04	 1.5502e+00	 3.2933e-02	 3.2307e+02	 1.2772e+04
 5.7665e+03	 1.2730e+04	 1.5475e+00	 3.2147e-02	 3.2307e+02	 1.2775e+04
 8.6498e+03	 1.2730e+04	 1.5388e+00	 3.3323e-02	 3.2307e+02	 1.2778e+04
 1.2975e+04	 1.2730e+04	 1.5292e+00	 3.4126e-02	 3.2308e+02	 1.2780e+04
 1.9462e+04	 1.2730e+04	 1.5195e+00	 3.4050e-02	 3.2308e+02	 1.2783e+04
 2.9193e+04	 1.2730e+04	 1.5096e+00	 3.2688e-02	 3.2309e+02	 1.2786e+04
 4.3789e+04	 1.2730e+04	 1.5007e+00	 3.0032e-02	 3.2310e+02	 1.2788e+04
 6.5684e+04	 1.2730e+04	 1.4931e+00	 2.6744e-02	 3.2310e+02	 1.2791e+04
 9.8526e+04	 1.2730e+04	 1.4868e+00	 2.3604e-02	 3.2310e+02	 1.2793e+04
 1.4779e+05	 1.2730e+04	 1.4815e+00	 2.0918e-02	 3.2311e+02	 1.2796e+04
 2.2168e+05	 1.2730e+04	 1.4772e+00	 1.8699e-02	 3.2312e+02	 1.2798e+04
 3.3253e+05	 1.2730e+04	 1.4734e+00	 1.7038e-02	 3.2312e+02	 1.2801e+04
 4.9879e+05	 1.2730e+04	 1.4689e+00	 1.6529e-02	 3.2313e+02	 1.2803e+04
 7.4818e+05	 1.2730e+04	 1.4651e+00	 1.5931e-02	 3.2314e+02	 1.2806e+04
 9.0000e+05	 1.2730e+04	 1.4641e+00	 1.5600e-02	 3.2313e+02	 1.2809e+04
 1.0000e+02	 1.2806e+04	 1.6153e+00	 1.7923e-02	 3.2316e+02	 1.2818e+04
 1.5000e+02	 1.2806e+04	 1.6098e+00	 2.0360e-02	 3.2316e+02	 1.2820e+04
 2.2500e+02	 1.2806e+04	 1.6047e+00	 2.2431e-02	 3.2317e+02	 1.2826e+04
 3.3750e+02	 1.2806e+04	 1.5985e+00	 2.4714e-02	 3.2318e+02	 1.2828e+04
 5.0625e+02	 1.2806e+04	 1.5917e+00	 2.6981e-02	 3.2318e+02	 1.2831e+04
 7.5938e+02	 1.2806e+04	 1.5840e+00	 2.8706e-02	 3.2319e+02	 1.2833e+04
 1.1391e+03	 1.2806e+04	 1.5759e+00	 3.0188e-02	 3.2319e+02	 1.2838e+04
 1.7086e+03	 1.2806e+04	 1.5678e+00	 3.1250e-02	 3.2320e+02	 1.2841e+04
 2.5629e+03	 1.2806e+04	 1.5592e+00	 3.2070e-02	 3.2319e+02	 1.2846e+04
 3.8443e+03	 1.2806e+04	 1.5508e+00	 3.2910e-02	 3.2320e+02	 1.2849e+04
 5.7665e+03	 1.2806e+04	 1.5480e+00	 3.2135e-02	 3.2320e+02	 1.2851e+04
 8.6498e+03	 1.2806e+04	 1.5390e+00	 3.3319e-02	 3.2319e+02	 1.2854e+04
 1.2975e+04	 1.2806e+04	 1.5293e+00	 3.4131e-02	 3.2319e+02	 1.2857e+04
 1.9462e+04	 1.2806e+04	 1.5194e+00	 3.4066e-02	 3.2319e+02	 1.2859e+04
 2.9193e+04	 1.2806e+04	 1.5093e+00	 3.2717e-02	 3.2319e+02	 1.2862e+04
 4.3789e+04	 1.2806e+04	 1.5002e+00	 3.0127e-02	 3.2319e+02	 1.2864e+04
 6.5684e+04	 1.2806e+04	 1.4925e+00	 2.6797e-02	 3.2319e+02	 1.2867e+04
 9.8526e+04	 1.2806e+04	 1.4860e+00	 2.3646e-02	 3.2320e+02	 1.2869e+04
 1.4779e+05	 1.2806e+04	 1.4806e+00	 2.0961e-02	 3.2320e+02	 1.2872e+04
 2.2168e+05	 1.2806e+04	 1.4762e+00	 1.8766e-02	 3.2319e+02	 1.2874e+04
 3.3253e+05	 1.2806e+04	 1.4723e+00	 1.7056e-02	 3.2319e+02	 1.2877e+04
 4.9879e+05	 1.2806e+04	 1.4677e+00	 1.6535e-02	 3.2319e+02	 1.2879e+04
 7.4818e+05	 1.2806e+04	 1.4639e+00	 1.6018e-02	 3.2320e+02	 1.2882e+04
 9.0000e+05	 1.2806e+04	 1.4629e+00	 1.5607e-02	 3.2320e+02	 1.2884e+04
 1.0000e+02	 1.2882e+04	 1.6130e+00	 1.7890e-02	 3.2319e+02	 1.2894e+04
 1.5000e+02	 1.2882e+04	 1.6093e+00	 1.9182e-02	 3.2319e+02	 1.2896e+04
 2.2500e+02	 1.2882e+04	 1.6033e+00	 2.2434e-02	 3.2319e+02	 1.2901e+04
 3.3750e+02	 1.2882e+04	 1.5972e+00	 2.4698e-02	 3.2319e+02	 1.2904e+04
 5.0625e+02	 1.2882e+04	 1.5902e+00	 2.6822e-02	 3.2319e+02	 1.2906e+04
 7.5938e+02	 1.2882e+04	 1.5826e+00	 2.8747e-02	 3.2318e+02	 1.2909e+04
 1.1391e+03	 1.2882e+04	 1.5745e+00	 3.0161e-02	 3.2319e+02	 1.2915e+04
 1.7086e+03	 1.2882e+04	 1.5665e+00	 3.1218e-02	 3.2318e+02	 1.2917e+04
 2.5629e+03	 1.2882e+04	 1.5580e+00	 3.1981e-02	 3.2318e+02	 1.2922e+04
 3.8443e+03	 1.2882e+04	 1.5496e+00	 3.2925e-02	 3.2318e+02	 1.2925e+04
 5.7665e+03	 1.2882e+04	 1.5468e+00	 3.2154e-02	 3.2318e+02	 1.2927e+04
 8.6498e+03	 1.2882e+04	 1.5379e+00	 3.3311e-02	 3.2317e+02	 1.2930e+04
 1.2975e+04	 1.2882e+04	 1.5283e+00	 3.4119e-02	 3.2318e+02	 1.2933e+04
 1.9462e+04	 1.2882e+04	 1.5185e+00	 3.4054e-02	 3.2317e+02	 1.2935e+04
 2.9193e+04	 1.2882e+04	 1.5084e+00	 3.2686e-02	 3.2317e+02	 1.2938e+04
 4.3789e+04	 1.2882e+04	 1.4993e+00	 3.0072e-02	 3.2316e+02	 1.2940e+04
 6.5684e+04	 1.2882e+04	 1.4916e+00	 2.6721e-02	 3.2317e+02	 1.2943e+04
 9.8526e+04	 1.2882e+04	 1.4852e+00	 2.3614e-02	 3.2317e+02	 1.2945e+04
 1.4779e+05	 1.2882e+04	 1.4799e+00	 2.0885e-02	 3.2316e+02	 1.2948e+04
 2.2168e+05	 1.2882e+04	 1.4755e+00	 1.8685e-02	 3.2317e+02	 1.2951e+04
 3.3253e+05	 1.2882e+04	 1.4716e+00	 1.7030e-02	 3.2316e+02	 1.2953e+04
 4.9879e+05	 1.2882e+04	 1.4671e+00	 1.6456e-02	 3.2316e+02	 1.2956e+04
 7.4818e+05	 1.2882e+04	 1.4633e+00	 1.5942e-02	 3.2315e+02	 1.2958e+04
 9.0000e+05	 1.2882e+04	 1.4623e+00	 1.5562e-02	 3.2314e+02	 1.2961e+04
 1.0000e+02	 1.2958e+04	 1.6125e+00	 1.8264e-02	 3.2310e+02	 1.2970e+04
 1.5000e+02	 1.2958e+04	 1.6075e+00	 2.0555e-02	 3.2309e+02	 1.2973e+04
 2.2500e+02	 1.2958e+04	 1.6027e+00	 2.2512e-02	 3.2309e+02	 1.2978e+04
 3.3750e+02	 1.2958e+04	 1.5965e+00	 2.4818e-02	 3.2309e+02	 1.2981e+04
 5.0625e+02	 1.2958e+04	 1.5898e+00	 2.6918e-02	 3.2308e+02	 1.2983e+04
 7.5938e+02	 1.2958e+04	 1.5822e+00	 2.8809e-02	 3.2308e+02	 1.2986e+04
 1.1391e+03	 1.2958e+04	 1.5744e+00	 3.0163e-02	 3.2309e+02	 1.2991e+04
 1.7086e+03	 1.2958e+04	 1.5664e+00	 3.1199e-02	 3.2308e+02	 1.2994e+04
 2.5629e+03	 1.2958e+04	 1.5582e+00	 3.2059e-02	 3.2310e+02	 1.2999e+04
 3.8443e+03	 1.2958e+04	 1.5500e+00	 3.2894e-02	 3.2310e+02	 1.3001e+04
 5.7665e+03	 1.2958e+04	 1.5473e+00	 3.2138e-02	 3.2311e+02	 1.3004e+04
 8.6498e+03	 1.2958e+04	 1.5385e+00	 3.3323e-02	 3.2311e+02	 1.3006e+04
 1.2975e+04	 1.2958e+04	 1.5290e+00	 3.4114e-02	 3.2312e+02	 1.3009e+04
 1.9462e+04	 1.2958e+04	 1.5192e+00	 3.3988e-02	 3.2313e+02	 1.3012e+04
 2.9193e+04	 1.2958e+04	 1.5092e+00	 3.2600e-02	 3.2313e+02	 1.3015e+04
 4.3789e+04	 1.2958e+04	 1.5003e+00	 3.0001e-02	 3.2313e+02	 1.3017e+04
 6.5684e+04	 1.2958e+04	 1.4926e+00	 2.6681e-02	 3.2313e+02	 1.3020e+04
 9.8526e+04	 1.2958e+04	 1.4862e+00	 2.3553e-02	 3.2313e+02	 1.3022e+04
 1.4779e+05	 1.2958e+04	 1.4809e+00	 2.0819e-02	 3.2314e+02	 1.3025e+04
 2.2168e+05	 1.2958e+04	 1.4766e+00	 1.8667e-02	 3.2314e+02	 1.3027e+04
 3.3253e+05	 1.2958e+04	 1.4728e+00	 1.6968e-02	 3.2314e+02	 1.3030e+04
 4.9879e+05	 1.2958e+04	 1.4682e+00	 1.6452e-02	 3.2315e+02	 1.3033e+04
 7.4818e+05	 1.2958e+04	 1.4644e+00	 1.5944e-02	 3.2315e+02	 1.3035e+04
 9.0000e+05	 1.2958e+04	 1.4634e+00	 1.5545e-02	 3.2316e+02	 1.3038e+04
 1.0000e+02	 1.3035e+04	 1.6139e+00	 1.8440e-02	 3.2313e+02	 1.3047e+04
 1.5000e+02	 1.3035e+04	 1.6091e+00	 1.9888e-02	 3.2311e+02	 1.3050e+04
 2.2500e+02	 1.3035e+04	 1.6033e+00	 2.2499e-02	 3.2310e+02	 1.3055e+04
 3.3750e+02	 1.3035e+04	 1.5971e+00	 2.4808e-02	 3.2309e+02	 1.3057e+04
 5.0625e+02	 1.3035e+04	 1.5902e+00	 2.6898e-02	 3.2309e+02	 1.3060e+04