PEI 25 kg/mol, 2 mg/ml from Ethanol on B 10 x 15 mm + H 1x1 mm, 70 nm, 30 µm, 60°C Absorption, 30.4.2026, 11:14
Diameter[mm] 1.128e+00  Thickness[mm] 1.000e-04  Spacer Capacity[pF] 0.000e+00  Spacer Area[mm^2] 0.000e+00
Fixed value(s) :  AC Volt  [Vrms]=1.000
 Freq. [Hz]	 Time  [s]	 Eps'   	 Eps''  	M Temp [K]	M Time M[s]
 1.0000e+02	 0.0000e+00	 6.3131e+00	 1.8181e-01	 3.3315e+02	 7.5300e+00
 1.5000e+02	 0.0000e+00	 6.2764e+00	 1.6877e-01	 3.3314e+02	 1.0010e+01
 2.2500e+02	 0.0000e+00	 6.2432e+00	 1.6235e-01	 3.3314e+02	 1.2510e+01
 3.3750e+02	 0.0000e+00	 6.2120e+00	 1.6098e-01	 3.3315e+02	 1.5190e+01
 5.0625e+02	 0.0000e+00	 6.1817e+00	 1.6604e-01	 3.3315e+02	 1.7640e+01
 7.5938e+02	 0.0000e+00	 6.1511e+00	 1.7893e-01	 3.3315e+02	 2.0450e+01
 1.1391e+03	 0.0000e+00	 6.1186e+00	 2.0125e-01	 3.3314e+02	 2.5750e+01
 1.7086e+03	 0.0000e+00	 6.0816e+00	 2.3542e-01	 3.3314e+02	 2.8190e+01
 2.5629e+03	 0.0000e+00	 6.0367e+00	 2.8396e-01	 3.3314e+02	 3.0980e+01
 3.8443e+03	 0.0000e+00	 5.9805e+00	 3.4985e-01	 3.3315e+02	 3.3440e+01
 5.7665e+03	 0.0000e+00	 5.9057e+00	 4.3655e-01	 3.3314e+02	 3.5870e+01
 8.6498e+03	 0.0000e+00	 5.8036e+00	 5.4589e-01	 3.3314e+02	 3.8620e+01
 1.2975e+04	 0.0000e+00	 5.6607e+00	 6.7535e-01	 3.3315e+02	 4.1060e+01
 1.9462e+04	 0.0000e+00	 5.4623e+00	 8.1347e-01	 3.3315e+02	 4.3720e+01
 2.9193e+04	 0.0000e+00	 5.1981e+00	 9.3550e-01	 3.3315e+02	 4.6310e+01
 4.3789e+04	 0.0000e+00	 4.8771e+00	 1.0052e+00	 3.3315e+02	 4.8750e+01
 6.5684e+04	 0.0000e+00	 4.5340e+00	 9.9370e-01	 3.3315e+02	 5.1370e+01
 9.8526e+04	 0.0000e+00	 4.2283e+00	 9.0144e-01	 3.3315e+02	 5.3940e+01
 1.4779e+05	 0.0000e+00	 3.9801e+00	 7.5805e-01	 3.3315e+02	 5.6690e+01
 2.2168e+05	 0.0000e+00	 3.8075e+00	 6.0658e-01	 3.3315e+02	 5.9250e+01
 3.3253e+05	 0.0000e+00	 3.6840e+00	 4.7605e-01	 3.3315e+02	 6.2000e+01
 4.9879e+05	 0.0000e+00	 3.6078e+00	 3.7828e-01	 3.3315e+02	 6.4690e+01
 7.4818e+05	 0.0000e+00	 3.6066e+00	 2.1194e-01	 3.3315e+02	 7.2690e+01
 9.0000e+05	 0.0000e+00	 3.5892e+00	 1.7616e-01	 3.3315e+02	 8.0500e+01
 1.0000e+02	 7.7800e+01	 6.3127e+00	 1.8210e-01	 3.3314e+02	 8.7480e+01
 1.5000e+02	 7.7800e+01	 6.2777e+00	 1.6818e-01	 3.3315e+02	 8.9950e+01
 2.2500e+02	 7.7800e+01	 6.2432e+00	 1.6250e-01	 3.3314e+02	 9.2700e+01
 3.3750e+02	 7.7800e+01	 6.2119e+00	 1.6114e-01	 3.3314e+02	 9.5440e+01
 5.0625e+02	 7.7800e+01	 6.1815e+00	 1.6606e-01	 3.3314e+02	 9.8170e+01
 7.5938e+02	 7.7800e+01	 6.1510e+00	 1.7922e-01	 3.3314e+02	 1.0081e+02
 1.1391e+03	 7.7800e+01	 6.1181e+00	 2.0139e-01	 3.3315e+02	 1.0587e+02
 1.7086e+03	 7.7800e+01	 6.0813e+00	 2.3540e-01	 3.3314e+02	 1.0831e+02
 2.5629e+03	 7.7800e+01	 6.0364e+00	 2.8391e-01	 3.3315e+02	 1.1112e+02
 3.8443e+03	 7.7800e+01	 5.9801e+00	 3.4990e-01	 3.3315e+02	 1.1356e+02
 5.7665e+03	 7.7800e+01	 5.9052e+00	 4.3655e-01	 3.3314e+02	 1.1623e+02
 8.6498e+03	 7.7800e+01	 5.8032e+00	 5.4590e-01	 3.3315e+02	 1.1887e+02
 1.2975e+04	 7.7800e+01	 5.6600e+00	 6.7524e-01	 3.3315e+02	 1.2153e+02
 1.9462e+04	 7.7800e+01	 5.4618e+00	 8.1333e-01	 3.3314e+02	 1.2412e+02
 2.9193e+04	 7.7800e+01	 5.1975e+00	 9.3514e-01	 3.3315e+02	 1.2678e+02
 4.3789e+04	 7.7800e+01	 4.8768e+00	 1.0051e+00	 3.3314e+02	 1.2925e+02
 6.5684e+04	 7.7800e+01	 4.5337e+00	 9.9353e-01	 3.3315e+02	 1.3169e+02
 9.8526e+04	 7.7800e+01	 4.2280e+00	 9.0132e-01	 3.3315e+02	 1.3437e+02
 1.4779e+05	 7.7800e+01	 3.9799e+00	 7.5792e-01	 3.3314e+02	 1.3681e+02
 2.2168e+05	 7.7800e+01	 3.8072e+00	 6.0638e-01	 3.3315e+02	 1.3955e+02
 3.3253e+05	 7.7800e+01	 3.6838e+00	 4.7595e-01	 3.3314e+02	 1.4200e+02
 4.9879e+05	 7.7800e+01	 3.6078e+00	 3.7838e-01	 3.3315e+02	 1.4456e+02
 7.4818e+05	 7.7800e+01	 3.6066e+00	 2.1043e-01	 3.3315e+02	 1.5245e+02
 9.0000e+05	 7.7800e+01	 3.5886e+00	 1.8005e-01	 3.3315e+02	 1.6033e+02
 1.0000e+02	 1.5760e+02	 6.3124e+00	 1.8197e-01	 3.3314e+02	 1.6745e+02
 1.5000e+02	 1.5760e+02	 6.2752e+00	 1.6881e-01	 3.3315e+02	 1.6991e+02
 2.2500e+02	 1.5760e+02	 6.2427e+00	 1.6254e-01	 3.3315e+02	 1.7270e+02
 3.3750e+02	 1.5760e+02	 6.2115e+00	 1.6107e-01	 3.3315e+02	 1.7531e+02
 5.0625e+02	 1.5760e+02	 6.1816e+00	 1.6630e-01	 3.3314e+02	 1.7798e+02
 7.5938e+02	 1.5760e+02	 6.1507e+00	 1.7922e-01	 3.3314e+02	 1.8056e+02
 1.1391e+03	 1.5760e+02	 6.1179e+00	 2.0128e-01	 3.3315e+02	 1.8562e+02
 1.7086e+03	 1.5760e+02	 6.0806e+00	 2.3546e-01	 3.3314e+02	 1.8806e+02
 2.5629e+03	 1.5760e+02	 6.0360e+00	 2.8398e-01	 3.3315e+02	 1.9070e+02
 3.8443e+03	 1.5760e+02	 5.9798e+00	 3.5006e-01	 3.3314e+02	 1.9319e+02
 5.7665e+03	 1.5760e+02	 5.9047e+00	 4.3662e-01	 3.3315e+02	 1.9562e+02
 8.6498e+03	 1.5760e+02	 5.8027e+00	 5.4588e-01	 3.3314e+02	 1.9825e+02
 1.2975e+04	 1.5760e+02	 5.6596e+00	 6.7520e-01	 3.3314e+02	 2.0069e+02
 1.9462e+04	 1.5760e+02	 5.4614e+00	 8.1319e-01	 3.3314e+02	 2.0344e+02
 2.9193e+04	 1.5760e+02	 5.1973e+00	 9.3505e-01	 3.3314e+02	 2.0600e+02
 4.3789e+04	 1.5760e+02	 4.8765e+00	 1.0047e+00	 3.3315e+02	 2.0872e+02
 6.5684e+04	 1.5760e+02	 4.5335e+00	 9.9348e-01	 3.3314e+02	 2.1119e+02
 9.8526e+04	 1.5760e+02	 4.2277e+00	 9.0117e-01	 3.3314e+02	 2.1401e+02
 1.4779e+05	 1.5760e+02	 3.9798e+00	 7.5779e-01	 3.3314e+02	 2.1650e+02
 2.2168e+05	 1.5760e+02	 3.8071e+00	 6.0642e-01	 3.3314e+02	 2.1941e+02
 3.3253e+05	 1.5760e+02	 3.6836e+00	 4.7588e-01	 3.3315e+02	 2.2189e+02
 4.9879e+05	 1.5760e+02	 3.6076e+00	 3.7840e-01	 3.3315e+02	 2.2472e+02
 7.4818e+05	 1.5760e+02	 3.6061e+00	 2.1482e-01	 3.3314e+02	 2.3244e+02
 9.0000e+05	 1.5760e+02	 3.5882e+00	 1.8494e-01	 3.3315e+02	 2.4012e+02
 1.0000e+02	 2.3740e+02	 6.3123e+00	 1.8200e-01	 3.3315e+02	 2.4705e+02
 1.5000e+02	 2.3740e+02	 6.2759e+00	 1.6832e-01	 3.3315e+02	 2.4951e+02
 2.2500e+02	 2.3740e+02	 6.2426e+00	 1.6248e-01	 3.3315e+02	 2.5201e+02
 3.3750e+02	 2.3740e+02	 6.2116e+00	 1.6135e-01	 3.3314e+02	 2.5470e+02
 5.0625e+02	 2.3740e+02	 6.1811e+00	 1.6647e-01	 3.3315e+02	 2.5714e+02
 7.5938e+02	 2.3740e+02	 6.1503e+00	 1.7932e-01	 3.3315e+02	 2.5989e+02
 1.1391e+03	 2.3740e+02	 6.1174e+00	 2.0152e-01	 3.3315e+02	 2.6522e+02
 1.7086e+03	 2.3740e+02	 6.0802e+00	 2.3557e-01	 3.3315e+02	 2.6769e+02
 2.5629e+03	 2.3740e+02	 6.0357e+00	 2.8421e-01	 3.3315e+02	 2.7053e+02
 3.8443e+03	 2.3740e+02	 5.9792e+00	 3.5008e-01	 3.3315e+02	 2.7300e+02
 5.7665e+03	 2.3740e+02	 5.9043e+00	 4.3665e-01	 3.3314e+02	 2.7544e+02
 8.6498e+03	 2.3740e+02	 5.8023e+00	 5.4585e-01	 3.3314e+02	 2.7820e+02
 1.2975e+04	 2.3740e+02	 5.6595e+00	 6.7514e-01	 3.3314e+02	 2.8062e+02
 1.9462e+04	 2.3740e+02	 5.4613e+00	 8.1318e-01	 3.3315e+02	 2.8320e+02
 2.9193e+04	 2.3740e+02	 5.1971e+00	 9.3500e-01	 3.3315e+02	 2.8606e+02
 4.3789e+04	 2.3740e+02	 4.8762e+00	 1.0047e+00	 3.3315e+02	 2.8872e+02
 6.5684e+04	 2.3740e+02	 4.5334e+00	 9.9327e-01	 3.3315e+02	 2.9119e+02
 9.8526e+04	 2.3740e+02	 4.2275e+00	 9.0118e-01	 3.3315e+02	 2.9398e+02
 1.4779e+05	 2.3740e+02	 3.9798e+00	 7.5795e-01	 3.3315e+02	 2.9645e+02
 2.2168e+05	 2.3740e+02	 3.8070e+00	 6.0634e-01	 3.3315e+02	 2.9900e+02
 3.3253e+05	 2.3740e+02	 3.6835e+00	 4.7601e-01	 3.3314e+02	 3.0162e+02
 4.9879e+05	 2.3740e+02	 3.6075e+00	 3.7841e-01	 3.3315e+02	 3.0419e+02
 7.4818e+05	 2.3740e+02	 3.6058e+00	 2.1496e-01	 3.3315e+02	 3.1219e+02
 9.0000e+05	 2.3740e+02	 3.5878e+00	 1.8392e-01	 3.3314e+02	 3.1987e+02
 1.0000e+02	 3.1720e+02	 6.3122e+00	 1.8216e-01	 3.3314e+02	 3.2651e+02
 1.5000e+02	 3.1720e+02	 6.2746e+00	 1.6943e-01	 3.3315e+02	 3.2914e+02
 2.2500e+02	 3.1720e+02	 6.2425e+00	 1.6270e-01	 3.3314e+02	 3.3164e+02
 3.3750e+02	 3.1720e+02	 6.2111e+00	 1.6122e-01	 3.3315e+02	 3.3445e+02
 5.0625e+02	 3.1720e+02	 6.1808e+00	 1.6646e-01	 3.3314e+02	 3.3706e+02
 7.5938e+02	 3.1720e+02	 6.1501e+00	 1.7946e-01	 3.3315e+02	 3.3967e+02
 1.1391e+03	 3.1720e+02	 6.1172e+00	 2.0145e-01	 3.3314e+02	 3.4464e+02
 1.7086e+03	 3.1720e+02	 6.0800e+00	 2.3581e-01	 3.3314e+02	 3.4712e+02
 2.5629e+03	 3.1720e+02	 6.0353e+00	 2.8416e-01	 3.3315e+02	 3.4969e+02
 3.8443e+03	 3.1720e+02	 5.9789e+00	 3.5003e-01	 3.3315e+02	 3.5241e+02
 5.7665e+03	 3.1720e+02	 5.9041e+00	 4.3656e-01	 3.3315e+02	 3.5487e+02
 8.6498e+03	 3.1720e+02	 5.8019e+00	 5.4575e-01	 3.3315e+02	 3.5772e+02
 1.2975e+04	 3.1720e+02	 5.6590e+00	 6.7478e-01	 3.3315e+02	 3.6031e+02
 1.9462e+04	 3.1720e+02	 5.4608e+00	 8.1289e-01	 3.3315e+02	 3.6294e+02
 2.9193e+04	 3.1720e+02	 5.1970e+00	 9.3480e-01	 3.3315e+02	 3.6550e+02
 4.3789e+04	 3.1720e+02	 4.8762e+00	 1.0046e+00	 3.3314e+02	 3.6822e+02
 6.5684e+04	 3.1720e+02	 4.5334e+00	 9.9327e-01	 3.3315e+02	 3.7069e+02
 9.8526e+04	 3.1720e+02	 4.2276e+00	 9.0114e-01	 3.3316e+02	 3.7348e+02
 1.4779e+05	 3.1720e+02	 3.9796e+00	 7.5785e-01	 3.3315e+02	 3.7594e+02
 2.2168e+05	 3.1720e+02	 3.8068e+00	 6.0645e-01	 3.3315e+02	 3.7891e+02
 3.3253e+05	 3.1720e+02	 3.6834e+00	 4.7597e-01	 3.3315e+02	 3.8137e+02
 4.9879e+05	 3.1720e+02	 3.6072e+00	 3.7842e-01	 3.3315e+02	 3.8426e+02
 7.4818e+05	 3.1720e+02	 3.6059e+00	 2.1374e-01	 3.3315e+02	 3.9194e+02
 9.0000e+05	 3.1720e+02	 3.5882e+00	 1.8093e-01	 3.3315e+02	 3.9956e+02
 1.0000e+02	 3.9690e+02	 6.3120e+00	 1.8234e-01	 3.3315e+02	 4.0626e+02
 1.5000e+02	 3.9690e+02	 6.2754e+00	 1.7028e-01	 3.3315e+02	 4.0887e+02
 2.2500e+02	 3.9690e+02	 6.2424e+00	 1.6282e-01	 3.3315e+02	 4.1133e+02
 3.3750e+02	 3.9690e+02	 6.2109e+00	 1.6131e-01	 3.3315e+02	 4.1412e+02
 5.0625e+02	 3.9690e+02	 6.1811e+00	 1.6611e-01	 3.3314e+02	 4.1656e+02
 7.5938e+02	 3.9690e+02	 6.1501e+00	 1.7924e-01	 3.3315e+02	 4.1948e+02
 1.1391e+03	 3.9690e+02	 6.1171e+00	 2.0163e-01	 3.3316e+02	 4.2444e+02
 1.7086e+03	 3.9690e+02	 6.0493e+00	 2.0455e-01	 3.3317e+02	 4.2712e+02
 2.5629e+03	 3.9690e+02	 5.9797e+00	 2.4117e-01	 3.3318e+02	 4.2975e+02
 3.8443e+03	 3.9690e+02	 5.9256e+00	 3.1671e-01	 3.3318e+02	 4.3244e+02
 5.7665e+03	 3.9690e+02	 5.8519e+00	 4.1364e-01	 3.3318e+02	 4.3494e+02
 8.6498e+03	 3.9690e+02	 5.7470e+00	 5.3244e-01	 3.3319e+02	 4.3770e+02
 1.2975e+04	 3.9690e+02	 5.5966e+00	 6.6739e-01	 3.3319e+02	 4.4012e+02
 1.9462e+04	 3.9690e+02	 5.3878e+00	 8.0249e-01	 3.3320e+02	 4.4273e+02
 2.9193e+04	 3.9690e+02	 5.1179e+00	 9.0993e-01	 3.3320e+02	 4.4531e+02
 4.3789e+04	 3.9690e+02	 4.8051e+00	 9.5922e-01	 3.3321e+02	 4.4775e+02
 6.5684e+04	 3.9690e+02	 4.4939e+00	 9.3462e-01	 3.3321e+02	 4.5037e+02
 9.8526e+04	 3.9690e+02	 4.2071e+00	 8.4357e-01	 3.3321e+02	 4.5300e+02
 1.4779e+05	 3.9690e+02	 3.9804e+00	 7.1496e-01	 3.3321e+02	 4.5575e+02
 2.2168e+05	 3.9690e+02	 3.8175e+00	 5.8235e-01	 3.3321e+02	 4.5831e+02
 3.3253e+05	 3.9690e+02	 3.6951e+00	 4.6859e-01	 3.3321e+02	 4.6112e+02
 4.9879e+05	 3.9690e+02	 3.6149e+00	 3.8319e-01	 3.3322e+02	 4.6369e+02
 7.4818e+05	 3.9690e+02	 3.6071e+00	 2.2810e-01	 3.3322e+02	 4.7153e+02
 9.0000e+05	 3.9690e+02	 3.5860e+00	 1.9877e-01	 3.3322e+02	 4.7931e+02
 1.0000e+02	 4.7660e+02	 6.0932e+00	 4.6301e-02	 3.3322e+02	 4.8658e+02
 1.5000e+02	 4.7660e+02	 6.0839e+00	 5.1560e-02	 3.3321e+02	 4.8903e+02
 2.2500e+02	 4.7660e+02	 6.0730e+00	 6.2778e-02	 3.3321e+02	 4.9172e+02
 3.3750e+02	 4.7660e+02	 6.0607e+00	 7.5817e-02	 3.3321e+02	 4.9433e+02
 5.0625e+02	 4.7660e+02	 6.0463e+00	 9.3393e-02	 3.3321e+02	 4.9676e+02
 7.5938e+02	 4.7660e+02	 6.0289e+00	 1.1758e-01	 3.3321e+02	 4.9931e+02
 1.1391e+03	 4.7660e+02	 6.0069e+00	 1.4976e-01	 3.3320e+02	 5.0453e+02
 1.7086e+03	 4.7660e+02	 5.9793e+00	 1.9305e-01	 3.3320e+02	 5.0708e+02
 2.5629e+03	 4.7660e+02	 5.9414e+00	 2.4969e-01	 3.3319e+02	 5.0972e+02
 3.8443e+03	 4.7660e+02	 5.8897e+00	 3.2393e-01	 3.3319e+02	 5.1250e+02
 5.7665e+03	 4.7660e+02	 5.8170e+00	 4.1780e-01	 3.3318e+02	 5.1520e+02
 8.6498e+03	 4.7660e+02	 5.7125e+00	 5.3199e-01	 3.3318e+02	 5.1781e+02
 1.2975e+04	 4.7660e+02	 5.5637e+00	 6.6036e-01	 3.3318e+02	 5.2062e+02
 1.9462e+04	 4.7660e+02	 5.3595e+00	 7.8776e-01	 3.3318e+02	 5.2325e+02
 2.9193e+04	 4.7660e+02	 5.0983e+00	 8.8889e-01	 3.3317e+02	 5.2589e+02
 4.3789e+04	 4.7660e+02	 4.7962e+00	 9.3581e-01	 3.3317e+02	 5.2837e+02
 6.5684e+04	 4.7660e+02	 4.4955e+00	 9.1367e-01	 3.3317e+02	 5.3122e+02
 9.8526e+04	 4.7660e+02	 4.2165e+00	 8.2841e-01	 3.3317e+02	 5.3387e+02
 1.4779e+05	 4.7660e+02	 3.9938e+00	 7.0756e-01	 3.3316e+02	 5.3669e+02
 2.2168e+05	 4.7660e+02	 3.8313e+00	 5.8244e-01	 3.3316e+02	 5.3931e+02
 3.3253e+05	 4.7660e+02	 3.7065e+00	 4.7482e-01	 3.3316e+02	 5.4175e+02
 4.9879e+05	 4.7660e+02	-4.8279e-01	 4.7025e+01	 3.3316e+02	 5.4442e+02
 7.4818e+05	 4.7660e+02	 3.6088e+00	 2.4093e-01	 3.3316e+02	 5.5122e+02
 9.0000e+05	 4.7660e+02	 3.5851e+00	 2.1437e-01	 3.3315e+02	 5.5912e+02
 1.0000e+02	 5.5640e+02	 6.0839e+00	 4.7660e-02	 3.3315e+02	 5.6739e+02
 1.5000e+02	 5.5640e+02	 6.0735e+00	 5.5985e-02	 3.3314e+02	 5.6994e+02
 2.2500e+02	 5.5640e+02	 6.0630e+00	 6.4526e-02	 3.3314e+02	 5.7276e+02
 3.3750e+02	 5.5640e+02	 6.0502e+00	 7.7787e-02	 3.3315e+02	 5.7567e+02
 5.0625e+02	 5.5640e+02	 6.0354e+00	 9.5538e-02	 3.3314e+02	 5.7812e+02
 7.5938e+02	 5.5640e+02	 6.0175e+00	 1.1940e-01	 3.3314e+02	 5.8098e+02
 1.1391e+03	 5.5640e+02	 5.9949e+00	 1.5122e-01	 3.3314e+02	 5.8595e+02
 1.7086e+03	 5.5640e+02	 5.9665e+00	 1.9368e-01	 3.3314e+02	 5.8850e+02
 2.5629e+03	 5.5640e+02	 5.9283e+00	 2.4929e-01	 3.3315e+02	 5.9106e+02
 3.8443e+03	 5.5640e+02	 5.8766e+00	 3.2193e-01	 3.3315e+02	 5.9372e+02
 5.7665e+03	 5.5640e+02	 5.8042e+00	 4.1372e-01	 3.3314e+02	 5.9619e+02
 8.6498e+03	 5.5640e+02	 5.7012e+00	 5.2521e-01	 3.3314e+02	 5.9876e+02
 1.2975e+04	 5.5640e+02	 5.5550e+00	 6.5105e-01	 3.3315e+02	 6.0137e+02
 1.9462e+04	 5.5640e+02	 5.3550e+00	 7.7672e-01	 3.3314e+02	 6.0394e+02
 2.9193e+04	 5.5640e+02	 5.0982e+00	 8.7802e-01	 3.3314e+02	 6.0648e+02
 4.3789e+04	 5.5640e+02	 4.8001e+00	 9.2694e-01	 3.3315e+02	 6.0894e+02
 6.5684e+04	 5.5640e+02	 4.5017e+00	 9.0777e-01	 3.3315e+02	 6.1137e+02
 9.8526e+04	 5.5640e+02	 4.2241e+00	 8.2538e-01	 3.3314e+02	 6.1398e+02
 1.4779e+05	 5.5640e+02	 4.0015e+00	 7.0759e-01	 3.3315e+02	 6.1644e+02
 2.2168e+05	 5.5640e+02	 3.8383e+00	 5.8553e-01	 3.3314e+02	 6.1925e+02
 3.3253e+05	 5.5640e+02	 3.7114e+00	 4.8045e-01	 3.3314e+02	 6.2169e+02
 4.9879e+05	 5.5640e+02	-5.7230e-01	 4.7059e+01	 3.3314e+02	 6.2436e+02
 7.4818e+05	 5.5640e+02	 3.6080e+00	 2.5037e-01	 3.3315e+02	 6.3080e+02
 9.0000e+05	 5.5640e+02	 3.5837e+00	 2.1720e-01	 3.3314e+02	 6.3862e+02
 1.0000e+02	 6.3590e+02	 6.0783e+00	 4.8705e-02	 3.3315e+02	 6.4645e+02
 1.5000e+02	 6.3590e+02	 6.0676e+00	 5.5855e-02	 3.3315e+02	 6.4908e+02
 2.2500e+02	 6.3590e+02	 6.0569e+00	 6.5829e-02	 3.3315e+02	 6.5156e+02
 3.3750e+02	 6.3590e+02	 6.0439e+00	 7.9165e-02	 3.3314e+02	 6.5422e+02
 5.0625e+02	 6.3590e+02	 6.0285e+00	 9.6789e-02	 3.3314e+02	 6.5669e+02
 7.5938e+02	 6.3590e+02	 6.0101e+00	 1.2061e-01	 3.3314e+02	 6.5925e+02
 1.1391e+03	 6.3590e+02	 5.9872e+00	 1.5214e-01	 3.3314e+02	 6.6431e+02
 1.7086e+03	 6.3590e+02	 5.9581e+00	 1.9401e-01	 3.3314e+02	 6.6675e+02
 2.5629e+03	 6.3590e+02	 5.9194e+00	 2.4891e-01	 3.3313e+02	 6.6937e+02
 3.8443e+03	 6.3590e+02	 5.8678e+00	 3.2016e-01	 3.3314e+02	 6.7181e+02
 5.7665e+03	 6.3590e+02	 5.7956e+00	 4.1019e-01	 3.3313e+02	 6.7431e+02
 8.6498e+03	 6.3590e+02	 5.6937e+00	 5.1994e-01	 3.3313e+02	 6.7687e+02
 1.2975e+04	 6.3590e+02	 5.5494e+00	 6.4409e-01	 3.3313e+02	 6.7931e+02
 1.9462e+04	 6.3590e+02	 5.3524e+00	 7.6919e-01	 3.3313e+02	 6.8194e+02
 2.9193e+04	 6.3590e+02	 5.0987e+00	 8.7094e-01	 3.3313e+02	 6.8450e+02
 4.3789e+04	 6.3590e+02	 4.8026e+00	 9.2164e-01	 3.3313e+02	 6.8694e+02
 6.5684e+04	 6.3590e+02	 4.5053e+00	 9.0451e-01	 3.3314e+02	 6.8956e+02
 9.8526e+04	 6.3590e+02	 4.2283e+00	 8.2403e-01	 3.3314e+02	 6.9212e+02
 1.4779e+05	 6.3590e+02	 4.0057e+00	 7.0815e-01	 3.3314e+02	 6.9487e+02
 2.2168e+05	 6.3590e+02	 3.8418e+00	 5.8809e-01	 3.3314e+02	 6.9744e+02
 3.3253e+05	 6.3590e+02	 3.7136e+00	 4.8448e-01	 3.3314e+02	 7.0019e+02
 4.9879e+05	 6.3590e+02	-6.3861e-01	 4.7068e+01	 3.3314e+02	 7.0292e+02
 7.4818e+05	 6.3590e+02	 3.6063e+00	 2.5503e-01	 3.3315e+02	 7.0953e+02
 9.0000e+05	 6.3590e+02	 3.5806e+00	 2.2503e-01	 3.3315e+02	 7.1737e+02
 1.0000e+02	 7.1470e+02	 6.0737e+00	 4.9590e-02	 3.3315e+02	 7.2569e+02
 1.5000e+02	 7.1470e+02	 6.0637e+00	 5.7699e-02	 3.3315e+02	 7.2820e+02
 2.2500e+02	 7.1470e+02	 6.0519e+00	 6.6883e-02	 3.3315e+02	 7.3091e+02
 3.3750e+02	 7.1470e+02	 6.0384e+00	 8.0135e-02	 3.3314e+02	 7.3362e+02
 5.0625e+02	 7.1470e+02	 6.0223e+00	 9.7968e-02	 3.3314e+02	 7.3626e+02
 7.5938e+02	 7.1470e+02	 6.0036e+00	 1.2176e-01	 3.3314e+02	 7.3881e+02
 1.1391e+03	 7.1470e+02	 5.9802e+00	 1.5324e-01	 3.3314e+02	 7.4387e+02
 1.7086e+03	 7.1470e+02	 5.9502e+00	 1.9429e-01	 3.3314e+02	 7.4631e+02
 2.5629e+03	 7.1470e+02	 5.9120e+00	 2.4855e-01	 3.3314e+02	 7.4894e+02
 3.8443e+03	 7.1470e+02	 5.8600e+00	 3.1854e-01	 3.3314e+02	 7.5137e+02
 5.7665e+03	 7.1470e+02	 5.7884e+00	 4.0758e-01	 3.3314e+02	 7.5381e+02
 8.6498e+03	 7.1470e+02	 5.6874e+00	 5.1572e-01	 3.3314e+02	 7.5644e+02
 1.2975e+04	 7.1470e+02	 5.5449e+00	 6.3872e-01	 3.3314e+02	 7.5887e+02
 1.9462e+04	 7.1470e+02	 5.3502e+00	 7.6314e-01	 3.3314e+02	 7.6145e+02
 2.9193e+04	 7.1470e+02	 5.0988e+00	 8.6566e-01	 3.3314e+02	 7.6419e+02
 4.3789e+04	 7.1470e+02	 4.8042e+00	 9.1771e-01	 3.3315e+02	 7.6662e+02
 6.5684e+04	 7.1470e+02	 4.5077e+00	 9.0220e-01	 3.3315e+02	 7.6919e+02
 9.8526e+04	 7.1470e+02	 4.2309e+00	 8.2323e-01	 3.3314e+02	 7.7175e+02
 1.4779e+05	 7.1470e+02	 4.0083e+00	 7.0880e-01	 3.3314e+02	 7.7447e+02
 2.2168e+05	 7.1470e+02	 3.8438e+00	 5.9027e-01	 3.3315e+02	 7.7706e+02
 3.3253e+05	 7.1470e+02	 3.7143e+00	 4.8785e-01	 3.3315e+02	 7.7975e+02
 4.9879e+05	 7.1470e+02	-7.0043e-01	 4.7077e+01	 3.3315e+02	 7.8242e+02
 7.4818e+05	 7.1470e+02	 3.6035e+00	 2.6307e-01	 3.3315e+02	 7.8922e+02
 9.0000e+05	 7.1470e+02	 3.5775e+00	 2.3071e-01	 3.3315e+02	 7.9687e+02
 1.0000e+02	 7.9420e+02	 6.0698e+00	 5.0325e-02	 3.3315e+02	 8.0475e+02
 1.5000e+02	 7.9420e+02	 6.0581e+00	 5.6804e-02	 3.3315e+02	 8.0739e+02
 2.2500e+02	 7.9420e+02	 6.0474e+00	 6.7975e-02	 3.3315e+02	 8.0983e+02
 3.3750e+02	 7.9420e+02	 6.0336e+00	 8.1313e-02	 3.3315e+02	 8.1237e+02
 5.0625e+02	 7.9420e+02	 6.0175e+00	 9.9102e-02	 3.3315e+02	 8.1500e+02
 7.5938e+02	 7.9420e+02	 5.9983e+00	 1.2257e-01	 3.3315e+02	 8.1756e+02
 1.1391e+03	 7.9420e+02	 5.9748e+00	 1.5384e-01	 3.3314e+02	 8.2294e+02
 1.7086e+03	 7.9420e+02	 5.9443e+00	 1.9472e-01	 3.3315e+02	 8.2569e+02
 2.5629e+03	 7.9420e+02	 5.9056e+00	 2.4836e-01	 3.3314e+02	 8.2825e+02
 3.8443e+03	 7.9420e+02	 5.8534e+00	 3.1769e-01	 3.3315e+02	 8.3092e+02
 5.7665e+03	 7.9420e+02	 5.7819e+00	 4.0554e-01	 3.3315e+02	 8.3337e+02
 8.6498e+03	 7.9420e+02	 5.6815e+00	 5.1255e-01	 3.3315e+02	 8.3595e+02
 1.2975e+04	 7.9420e+02	 5.5405e+00	 6.3447e-01	 3.3315e+02	 8.3862e+02
 1.9462e+04	 7.9420e+02	 5.3473e+00	 7.5845e-01	 3.3314e+02	 8.4148e+02
 2.9193e+04	 7.9420e+02	 5.0975e+00	 8.6155e-01	 3.3315e+02	 8.4406e+02
 4.3789e+04	 7.9420e+02	 4.8044e+00	 9.1476e-01	 3.3315e+02	 8.4672e+02
 6.5684e+04	 7.9420e+02	 4.5084e+00	 9.0003e-01	 3.3315e+02	 8.4919e+02
 9.8526e+04	 7.9420e+02	 4.2318e+00	 8.2238e-01	 3.3314e+02	 8.5175e+02
 1.4779e+05	 7.9420e+02	 4.0093e+00	 7.0909e-01	 3.3314e+02	 8.5437e+02
 2.2168e+05	 7.9420e+02	 3.8444e+00	 5.9181e-01	 3.3314e+02	 8.5694e+02
 3.3253e+05	 7.9420e+02	 3.7140e+00	 4.9031e-01	 3.3315e+02	 8.5945e+02
 4.9879e+05	 7.9420e+02	-7.3361e-01	 4.7047e+01	 3.3314e+02	 8.6230e+02
 7.4818e+05	 7.9420e+02	 3.6009e+00	 2.6570e-01	 3.3315e+02	 8.6881e+02
 9.0000e+05	 7.9420e+02	 3.5739e+00	 2.3836e-01	 3.3315e+02	 8.7675e+02
 1.0000e+02	 8.7400e+02	 6.0665e+00	 5.1093e-02	 3.3315e+02	 8.8451e+02
 1.5000e+02	 8.7400e+02	 6.0557e+00	 5.7895e-02	 3.3315e+02	 8.8712e+02
 2.2500e+02	 8.7400e+02	 6.0435e+00	 6.8890e-02	 3.3315e+02	 8.8969e+02
 3.3750e+02	 8.7400e+02	 6.0293e+00	 8.2329e-02	 3.3315e+02	 8.9225e+02
 5.0625e+02	 8.7400e+02	 6.0132e+00	 1.0041e-01	 3.3315e+02	 8.9489e+02
 7.5938e+02	 8.7400e+02	 5.9934e+00	 1.2375e-01	 3.3315e+02	 8.9750e+02
 1.1391e+03	 8.7400e+02	 5.9690e+00	 1.5480e-01	 3.3315e+02	 9.0275e+02
 1.7086e+03	 8.7400e+02	 5.9384e+00	 1.9554e-01	 3.3315e+02	 9.0544e+02
 2.5629e+03	 8.7400e+02	 5.8994e+00	 2.4847e-01	 3.3315e+02	 9.0806e+02
 3.8443e+03	 8.7400e+02	 5.8472e+00	 3.1709e-01	 3.3314e+02	 9.1070e+02
 5.7665e+03	 8.7400e+02	 5.7756e+00	 4.0412e-01	 3.3315e+02	 9.1331e+02
 8.6498e+03	 8.7400e+02	 5.6758e+00	 5.1009e-01	 3.3315e+02	 9.1598e+02
 1.2975e+04	 8.7400e+02	 5.5357e+00	 6.3131e-01	 3.3315e+02	 9.1844e+02
 1.9462e+04	 8.7400e+02	 5.3439e+00	 7.5506e-01	 3.3315e+02	 9.2100e+02
 2.9193e+04	 8.7400e+02	 5.0955e+00	 8.5832e-01	 3.3315e+02	 9.2356e+02
 4.3789e+04	 8.7400e+02	 4.8031e+00	 9.1224e-01	 3.3315e+02	 9.2600e+02
 6.5684e+04	 8.7400e+02	 4.5078e+00	 8.9830e-01	 3.3314e+02	 9.2870e+02
 9.8526e+04	 8.7400e+02	 4.2316e+00	 8.2131e-01	 3.3314e+02	 9.3131e+02
 1.4779e+05	 8.7400e+02	 4.0094e+00	 7.0914e-01	 3.3314e+02	 9.3398e+02
 2.2168e+05	 8.7400e+02	 3.8442e+00	 5.9293e-01	 3.3315e+02	 9.3656e+02
 3.3253e+05	 8.7400e+02	 3.7131e+00	 4.9233e-01	 3.3314e+02	 9.3928e+02
 4.9879e+05	 8.7400e+02	-7.6674e-01	 4.7026e+01	 3.3314e+02	 9.4205e+02
 7.4818e+05	 8.7400e+02	 3.5980e+00	 2.6870e-01	 3.3315e+02	 9.4850e+02
 9.0000e+05	 8.7400e+02	 3.5703e+00	 2.4232e-01	 3.3314e+02	 9.5662e+02
 1.0000e+02	 9.5390e+02	 6.0629e+00	 5.2050e-02	 3.3315e+02	 9.6451e+02
 1.5000e+02	 9.5390e+02	 6.0536e+00	 5.8550e-02	 3.3315e+02	 9.6720e+02
 2.2500e+02	 9.5390e+02	 6.0397e+00	 6.9801e-02	 3.3314e+02	 9.6976e+02
 3.3750e+02	 9.5390e+02	 6.0256e+00	 8.3296e-02	 3.3314e+02	 9.7244e+02
 5.0625e+02	 9.5390e+02	 6.0087e+00	 1.0099e-01	 3.3314e+02	 9.7494e+02
 7.5938e+02	 9.5390e+02	 5.9889e+00	 1.2499e-01	 3.3314e+02	 9.7770e+02
 1.1391e+03	 9.5390e+02	 5.9644e+00	 1.5570e-01	 3.3314e+02	 9.8269e+02
 1.7086e+03	 9.5390e+02	 5.9330e+00	 1.9606e-01	 3.3314e+02	 9.8525e+02
 2.5629e+03	 9.5390e+02	 5.8936e+00	 2.4891e-01	 3.3314e+02	 9.8781e+02
 3.8443e+03	 9.5390e+02	 5.8411e+00	 3.1693e-01	 3.3314e+02	 9.9048e+02
 5.7665e+03	 9.5390e+02	 5.7697e+00	 4.0328e-01	 3.3314e+02	 9.9294e+02
 8.6498e+03	 9.5390e+02	 5.6702e+00	 5.0848e-01	 3.3314e+02	 9.9575e+02
 1.2975e+04	 9.5390e+02	 5.5306e+00	 6.2880e-01	 3.3314e+02	 9.9825e+02
 1.9462e+04	 9.5390e+02	 5.3401e+00	 7.5230e-01	 3.3314e+02	 1.0009e+03
 2.9193e+04	 9.5390e+02	 5.0925e+00	 8.5582e-01	 3.3314e+02	 1.0036e+03
 4.3789e+04	 9.5390e+02	 4.8010e+00	 9.0993e-01	 3.3314e+02	 1.0060e+03
 6.5684e+04	 9.5390e+02	 4.5061e+00	 8.9641e-01	 3.3313e+02	 1.0087e+03
 9.8526e+04	 9.5390e+02	 4.2305e+00	 8.2026e-01	 3.3314e+02	 1.0112e+03
 1.4779e+05	 9.5390e+02	 4.0086e+00	 7.0884e-01	 3.3313e+02	 1.0140e+03
 2.2168e+05	 9.5390e+02	 3.8433e+00	 5.9358e-01	 3.3314e+02	 1.0165e+03
 3.3253e+05	 9.5390e+02	 3.7118e+00	 4.9387e-01	 3.3314e+02	 1.0192e+03
 4.9879e+05	 9.5390e+02	-7.9499e-01	 4.7002e+01	 3.3314e+02	 1.0219e+03
 7.4818e+05	 9.5390e+02	 3.5949e+00	 2.7185e-01	 3.3314e+02	 1.0284e+03
 9.0000e+05	 9.5390e+02	 3.5671e+00	 2.4394e-01	 3.3315e+02	 1.0366e+03
 1.0000e+02	 1.0339e+03	 6.0601e+00	 5.2390e-02	 3.3314e+02	 1.0448e+03
 1.5000e+02	 1.0339e+03	 6.0485e+00	 5.8948e-02	 3.3315e+02	 1.0473e+03
 2.2500e+02	 1.0339e+03	 6.0363e+00	 7.0603e-02	 3.3315e+02	 1.0497e+03
 3.3750e+02	 1.0339e+03	 6.0219e+00	 8.4263e-02	 3.3315e+02	 1.0524e+03
 5.0625e+02	 1.0339e+03	 6.0051e+00	 1.0209e-01	 3.3315e+02	 1.0548e+03
 7.5938e+02	 1.0339e+03	 5.9846e+00	 1.2553e-01	 3.3315e+02	 1.0575e+03
 1.1391e+03	 1.0339e+03	 5.9591e+00	 1.5648e-01	 3.3315e+02	 1.0625e+03
 1.7086e+03	 1.0339e+03	 5.9281e+00	 1.9663e-01	 3.3315e+02	 1.0652e+03
 2.5629e+03	 1.0339e+03	 5.8885e+00	 2.4932e-01	 3.3315e+02	 1.0678e+03
 3.8443e+03	 1.0339e+03	 5.8358e+00	 3.1691e-01	 3.3315e+02	 1.0704e+03
 5.7665e+03	 1.0339e+03	 5.7641e+00	 4.0234e-01	 3.3315e+02	 1.0729e+03
 8.6498e+03	 1.0339e+03	 5.6650e+00	 5.0692e-01	 3.3315e+02	 1.0757e+03
 1.2975e+04	 1.0339e+03	 5.5264e+00	 6.2667e-01	 3.3315e+02	 1.0782e+03
 1.9462e+04	 1.0339e+03	 5.3365e+00	 7.4967e-01	 3.3314e+02	 1.0810e+03
 2.9193e+04	 1.0339e+03	 5.0900e+00	 8.5322e-01	 3.3314e+02	 1.0836e+03
 4.3789e+04	 1.0339e+03	 4.7991e+00	 9.0790e-01	 3.3315e+02	 1.0861e+03
 6.5684e+04	 1.0339e+03	 4.5049e+00	 8.9507e-01	 3.3314e+02	 1.0887e+03
 9.8526e+04	 1.0339e+03	 4.2297e+00	 8.1931e-01	 3.3315e+02	 1.0912e+03
 1.4779e+05	 1.0339e+03	 4.0079e+00	 7.0883e-01	 3.3315e+02	 1.0939e+03
 2.2168e+05	 1.0339e+03	 3.8424e+00	 5.9443e-01	 3.3316e+02	 1.0965e+03
 3.3253e+05	 1.0339e+03	 3.7104e+00	 4.9532e-01	 3.3315e+02	 1.0992e+03
 4.9879e+05	 1.0339e+03	-8.2092e-01	 4.6975e+01	 3.3315e+02	 1.1019e+03
 7.4818e+05	 1.0339e+03	 3.5921e+00	 2.7424e-01	 3.3315e+02	 1.1084e+03
 9.0000e+05	 1.0339e+03	 3.5638e+00	 2.4575e-01	 3.3315e+02	 1.1162e+03
 1.0000e+02	 1.1135e+03	 6.0575e+00	 5.2998e-02	 3.3315e+02	 1.1239e+03
 1.5000e+02	 1.1135e+03	 6.0458e+00	 6.1090e-02	 3.3316e+02	 1.1264e+03
 2.2500e+02	 1.1135e+03	 6.0332e+00	 7.1431e-02	 3.3316e+02	 1.1292e+03
 3.3750e+02	 1.1135e+03	 6.0184e+00	 8.5187e-02	 3.3316e+02	 1.1318e+03
 5.0625e+02	 1.1135e+03	 6.0012e+00	 1.0330e-01	 3.3315e+02	 1.1344e+03
 7.5938e+02	 1.1135e+03	 5.9807e+00	 1.2672e-01	 3.3315e+02	 1.1370e+03
 1.1391e+03	 1.1135e+03	 5.9553e+00	 1.5730e-01	 3.3315e+02	 1.1397e+03
 1.7086e+03	 1.1135e+03	 5.9237e+00	 1.9759e-01	 3.3315e+02	 1.1423e+03
 2.5629e+03	 1.1135e+03	 5.8834e+00	 2.4973e-01	 3.3316e+02	 1.1450e+03
 3.8443e+03	 1.1135e+03	 5.8307e+00	 3.1691e-01	 3.3315e+02	 1.1475e+03
 5.7665e+03	 1.1135e+03	 5.7590e+00	 4.0187e-01	 3.3316e+02	 1.1499e+03
 8.6498e+03	 1.1135e+03	 5.6599e+00	 5.0576e-01	 3.3316e+02	 1.1527e+03
 1.2975e+04	 1.1135e+03	 5.5217e+00	 6.2498e-01	 3.3315e+02	 1.1551e+03
 1.9462e+04	 1.1135e+03	 5.3328e+00	 7.4771e-01	 3.3315e+02	 1.1577e+03
 2.9193e+04	 1.1135e+03	 5.0869e+00	 8.5126e-01	 3.3316e+02	 1.1604e+03
 4.3789e+04	 1.1135e+03	 4.7967e+00	 9.0611e-01	 3.3316e+02	 1.1630e+03
 6.5684e+04	 1.1135e+03	 4.5031e+00	 8.9358e-01	 3.3316e+02	 1.1654e+03
 9.8526e+04	 1.1135e+03	 4.2283e+00	 8.1832e-01	 3.3315e+02	 1.1680e+03
 1.4779e+05	 1.1135e+03	 4.0068e+00	 7.0853e-01	 3.3315e+02	 1.1707e+03
 2.2168e+05	 1.1135e+03	 3.8411e+00	 5.9483e-01	 3.3316e+02	 1.1732e+03
 3.3253e+05	 1.1135e+03	 3.7087e+00	 4.9640e-01	 3.3316e+02	 1.1759e+03
 4.9879e+05	 1.1135e+03	-8.4141e-01	 4.6949e+01	 3.3315e+02	 1.1786e+03
 7.4818e+05	 1.1135e+03	 3.5890e+00	 2.7702e-01	 3.3315e+02	 1.1849e+03
 9.0000e+05	 1.1135e+03	 3.5605e+00	 2.4900e-01	 3.3315e+02	 1.1932e+03
 1.0000e+02	 1.1905e+03	 6.0549e+00	 5.3856e-02	 3.3315e+02	 1.2009e+03
 1.5000e+02	 1.1905e+03	 6.0433e+00	 6.2019e-02	 3.3315e+02	 1.2036e+03
 2.2500e+02	 1.1905e+03	 6.0304e+00	 7.2407e-02	 3.3314e+02	 1.2061e+03
 3.3750e+02	 1.1905e+03	 6.0154e+00	 8.6143e-02	 3.3314e+02	 1.2089e+03
 5.0625e+02	 1.1905e+03	 5.9979e+00	 1.0411e-01	 3.3315e+02	 1.2114e+03
 7.5938e+02	 1.1905e+03	 5.9769e+00	 1.2775e-01	 3.3315e+02	 1.2142e+03
 1.1391e+03	 1.1905e+03	 5.9513e+00	 1.5830e-01	 3.3315e+02	 1.2167e+03
 1.7086e+03	 1.1905e+03	 5.9192e+00	 1.9844e-01	 3.3315e+02	 1.2192e+03
 2.5629e+03	 1.1905e+03	 5.8786e+00	 2.5034e-01	 3.3315e+02	 1.2218e+03
 3.8443e+03	 1.1905e+03	 5.8255e+00	 3.1735e-01	 3.3315e+02	 1.2242e+03
 5.7665e+03	 1.1905e+03	 5.7538e+00	 4.0185e-01	 3.3315e+02	 1.2270e+03
 8.6498e+03	 1.1905e+03	 5.6547e+00	 5.0525e-01	 3.3315e+02	 1.2296e+03
 1.2975e+04	 1.1905e+03	 5.5168e+00	 6.2393e-01	 3.3315e+02	 1.2323e+03
 1.9462e+04	 1.1905e+03	 5.3282e+00	 7.4639e-01	 3.3314e+02	 1.2348e+03
 2.9193e+04	 1.1905e+03	 5.0828e+00	 8.4975e-01	 3.3315e+02	 1.2375e+03
 4.3789e+04	 1.1905e+03	 4.7932e+00	 9.0442e-01	 3.3315e+02	 1.2400e+03
 6.5684e+04	 1.1905e+03	 4.5002e+00	 8.9191e-01	 3.3315e+02	 1.2426e+03
 9.8526e+04	 1.1905e+03	 4.2259e+00	 8.1709e-01	 3.3315e+02	 1.2451e+03
 1.4779e+05	 1.1905e+03	 4.0049e+00	 7.0785e-01	 3.3315e+02	 1.2476e+03
 2.2168e+05	 1.1905e+03	 3.8393e+00	 5.9482e-01	 3.3314e+02	 1.2502e+03
 3.3253e+05	 1.1905e+03	 3.7067e+00	 4.9704e-01	 3.3315e+02	 1.2527e+03
 4.9879e+05	 1.1905e+03	-8.5642e-01	 4.6919e+01	 3.3314e+02	 1.2555e+03
 7.4818e+05	 1.1905e+03	 3.5863e+00	 2.7573e-01	 3.3314e+02	 1.2621e+03
 9.0000e+05	 1.1905e+03	 3.5576e+00	 2.4865e-01	 3.3315e+02	 1.2696e+03
 1.0000e+02	 1.2669e+03	 6.0525e+00	 5.4378e-02	 3.3315e+02	 1.2777e+03
 1.5000e+02	 1.2669e+03	 6.0405e+00	 6.3771e-02	 3.3315e+02	 1.2802e+03
 2.2500e+02	 1.2669e+03	 6.0278e+00	 7.3088e-02	 3.3316e+02	 1.2827e+03
 3.3750e+02	 1.2669e+03	 6.0123e+00	 8.6923e-02	 3.3315e+02	 1.2853e+03
 5.0625e+02	 1.2669e+03	 5.9946e+00	 1.0494e-01	 3.3315e+02	 1.2878e+03
 7.5938e+02	 1.2669e+03	 5.9734e+00	 1.2862e-01	 3.3315e+02	 1.2905e+03
 1.1391e+03	 1.2669e+03	 5.9473e+00	 1.5974e-01	 3.3315e+02	 1.2930e+03
 1.7086e+03	 1.2669e+03	 5.9148e+00	 1.9938e-01	 3.3315e+02	 1.2961e+03
 2.5629e+03	 1.2669e+03	 5.8743e+00	 2.5112e-01	 3.3314e+02	 1.2987e+03
 3.8443e+03	 1.2669e+03	 5.8207e+00	 3.1774e-01	 3.3315e+02	 1.3012e+03
 5.7665e+03	 1.2669e+03	 5.7489e+00	 4.0186e-01	 3.3314e+02	 1.3036e+03
 8.6498e+03	 1.2669e+03	 5.6498e+00	 5.0461e-01	 3.3315e+02	 1.3065e+03
 1.2975e+04	 1.2669e+03	 5.5121e+00	 6.2284e-01	 3.3315e+02	 1.3090e+03
 1.9462e+04	 1.2669e+03	 5.3238e+00	 7.4496e-01	 3.3315e+02	 1.3118e+03
 2.9193e+04	 1.2669e+03	 5.0792e+00	 8.4815e-01	 3.3315e+02	 1.3143e+03
 4.3789e+04	 1.2669e+03	 4.7900e+00	 9.0291e-01	 3.3315e+02	 1.3170e+03
 6.5684e+04	 1.2669e+03	 4.4976e+00	 8.9053e-01	 3.3316e+02	 1.3194e+03
 9.8526e+04	 1.2669e+03	 4.2240e+00	 8.1606e-01	 3.3315e+02	 1.3220e+03
 1.4779e+05	 1.2669e+03	 4.0033e+00	 7.0736e-01	 3.3315e+02	 1.3246e+03
 2.2168e+05	 1.2669e+03	 3.8378e+00	 5.9501e-01	 3.3315e+02	 1.3272e+03
 3.3253e+05	 1.2669e+03	 3.7048e+00	 4.9772e-01	 3.3315e+02	 1.3299e+03
 4.9879e+05	 1.2669e+03	-8.7260e-01	 4.6891e+01	 3.3315e+02	 1.3326e+03
 7.4818e+05	 1.2669e+03	 3.5835e+00	 2.7827e-01	 3.3315e+02	 1.3391e+03
 9.0000e+05	 1.2669e+03	 3.5545e+00	 2.5099e-01	 3.3316e+02	 1.3471e+03
 1.0000e+02	 1.3444e+03	 6.0504e+00	 5.5131e-02	 3.3315e+02	 1.3550e+03
 1.5000e+02	 1.3444e+03	 6.0376e+00	 6.3585e-02	 3.3316e+02	 1.3576e+03
 2.2500e+02	 1.3444e+03	 6.0249e+00	 7.3866e-02	 3.3315e+02	 1.3601e+03
 3.3750e+02	 1.3444e+03	 6.0097e+00	 8.7774e-02	 3.3315e+02	 1.3629e+03
 5.0625e+02	 1.3444e+03	 5.9915e+00	 1.0597e-01	 3.3315e+02	 1.3654e+03
 7.5938e+02	 1.3444e+03	 5.9699e+00	 1.2965e-01	 3.3315e+02	 1.3679e+03
 1.1391e+03	 1.3444e+03	 5.9435e+00	 1.6019e-01	 3.3315e+02	 1.3707e+03
 1.7086e+03	 1.3444e+03	 5.9109e+00	 2.0017e-01	 3.3314e+02	 1.3735e+03
 2.5629e+03	 1.3444e+03	 5.8700e+00	 2.5175e-01	 3.3315e+02	 1.3761e+03
 3.8443e+03	 1.3444e+03	 5.8161e+00	 3.1818e-01	 3.3315e+02	 1.3786e+03
 5.7665e+03	 1.3444e+03	 5.7440e+00	 4.0187e-01	 3.3315e+02	 1.3812e+03
 8.6498e+03	 1.3444e+03	 5.6450e+00	 5.0419e-01	 3.3315e+02	 1.3838e+03
 1.2975e+04	 1.3444e+03	 5.5073e+00	 6.2198e-01	 3.3315e+02	 1.3864e+03
 1.9462e+04	 1.3444e+03	 5.3196e+00	 7.4375e-01	 3.3315e+02	 1.3889e+03
 2.9193e+04	 1.3444e+03	 5.0753e+00	 8.4663e-01	 3.3315e+02	 1.3917e+03
 4.3789e+04	 1.3444e+03	 4.7868e+00	 9.0128e-01	 3.3315e+02	 1.3941e+03
 6.5684e+04	 1.3444e+03	 4.4947e+00	 8.8885e-01	 3.3315e+02	 1.3966e+03
 9.8526e+04	 1.3444e+03	 4.2218e+00	 8.1487e-01	 3.3315e+02	 1.3992e+03
 1.4779e+05	 1.3444e+03	 4.0014e+00	 7.0671e-01	 3.3315e+02	 1.4016e+03
 2.2168e+05	 1.3444e+03	 3.8360e+00	 5.9506e-01	 3.3315e+02	 1.4045e+03
 3.3253e+05	 1.3444e+03	 3.7028e+00	 4.9822e-01	 3.3315e+02	 1.4069e+03
 4.9879e+05	 1.3444e+03	 3.6066e+00	 4.2391e-01	 3.3315e+02	 1.4098e+03
 7.4818e+05	 1.3444e+03	 3.5804e+00	 2.8084e-01	 3.3315e+02	 1.4174e+03
 9.0000e+05	 1.3444e+03	 3.5514e+00	 2.5298e-01	 3.3315e+02	 1.4251e+03
 1.0000e+02	 1.4224e+03	 6.0480e+00	 5.5529e-02	 3.3315e+02	 1.4332e+03
 1.5000e+02	 1.4224e+03	 6.0355e+00	 6.3378e-02	 3.3315e+02	 1.4357e+03
 2.2500e+02	 1.4224e+03	 6.0226e+00	 7.4486e-02	 3.3315e+02	 1.4381e+03
 3.3750e+02	 1.4224e+03	 6.0067e+00	 8.8573e-02	 3.3315e+02	 1.4407e+03
 5.0625e+02	 1.4224e+03	 5.9884e+00	 1.0685e-01	 3.3314e+02	 1.4431e+03
 7.5938e+02	 1.4224e+03	 5.9666e+00	 1.3059e-01	 3.3314e+02	 1.4457e+03
 1.1391e+03	 1.4224e+03	 5.9401e+00	 1.6154e-01	 3.3315e+02	 1.4482e+03
 1.7086e+03	 1.4224e+03	 5.9072e+00	 2.0107e-01	 3.3314e+02	 1.4510e+03
 2.5629e+03	 1.4224e+03	 5.8657e+00	 2.5242e-01	 3.3315e+02	 1.4536e+03
 3.8443e+03	 1.4224e+03	 5.8115e+00	 3.1876e-01	 3.3314e+02	 1.4560e+03
 5.7665e+03	 1.4224e+03	 5.7391e+00	 4.0223e-01	 3.3314e+02	 1.4586e+03
 8.6498e+03	 1.4224e+03	 5.6398e+00	 5.0418e-01	 3.3314e+02	 1.4612e+03
 1.2975e+04	 1.4224e+03	 5.5022e+00	 6.2151e-01	 3.3314e+02	 1.4639e+03
 1.9462e+04	 1.4224e+03	 5.3148e+00	 7.4290e-01	 3.3314e+02	 1.4664e+03
 2.9193e+04	 1.4224e+03	 5.0708e+00	 8.4528e-01	 3.3313e+02	 1.4690e+03
 4.3789e+04	 1.4224e+03	 4.7828e+00	 8.9970e-01	 3.3314e+02	 1.4714e+03
 6.5684e+04	 1.4224e+03	 4.4914e+00	 8.8750e-01	 3.3314e+02	 1.4739e+03
 9.8526e+04	 1.4224e+03	 4.2192e+00	 8.1347e-01	 3.3315e+02	 1.4765e+03
 1.4779e+05	 1.4224e+03	 3.9993e+00	 7.0589e-01	 3.3314e+02	 1.4790e+03
 2.2168e+05	 1.4224e+03	 3.8339e+00	 5.9484e-01	 3.3314e+02	 1.4819e+03
 3.3253e+05	 1.4224e+03	 3.7007e+00	 4.9862e-01	 3.3315e+02	 1.4844e+03
 4.9879e+05	 1.4224e+03	 3.6041e+00	 4.2449e-01	 3.3315e+02	 1.4870e+03
 7.4818e+05	 1.4224e+03	 3.5776e+00	 2.8135e-01	 3.3315e+02	 1.4948e+03
 9.0000e+05	 1.4224e+03	 3.5489e+00	 2.5074e-01	 3.3315e+02	 1.5024e+03
 1.0000e+02	 1.4997e+03	 6.0458e+00	 5.5935e-02	 3.3315e+02	 1.5105e+03
 1.5000e+02	 1.4997e+03	 6.0326e+00	 6.5064e-02	 3.3315e+02	 1.5131e+03
 2.2500e+02	 1.4997e+03	 6.0201e+00	 7.5264e-02	 3.3315e+02	 1.5155e+03
 3.3750e+02	 1.4997e+03	 6.0043e+00	 8.9397e-02	 3.3316e+02	 1.5182e+03
 5.0625e+02	 1.4997e+03	 5.9858e+00	 1.0781e-01	 3.3315e+02	 1.5206e+03
 7.5938e+02	 1.4997e+03	 5.9635e+00	 1.3140e-01	 3.3315e+02	 1.5232e+03
 1.1391e+03	 1.4997e+03	 5.9369e+00	 1.6216e-01	 3.3316e+02	 1.5257e+03
 1.7086e+03	 1.4997e+03	 5.9034e+00	 2.0205e-01	 3.3316e+02	 1.5282e+03
 2.5629e+03	 1.4997e+03	 5.8618e+00	 2.5341e-01	 3.3316e+02	 1.5308e+03
 3.8443e+03	 1.4997e+03	 5.8073e+00	 3.1933e-01	 3.3315e+02	 1.5333e+03
 5.7665e+03	 1.4997e+03	 5.7348e+00	 4.0232e-01	 3.3315e+02	 1.5359e+03
 8.6498e+03	 1.4997e+03	 5.6356e+00	 5.0379e-01	 3.3316e+02	 1.5385e+03
 1.2975e+04	 1.4997e+03	 5.4983e+00	 6.2076e-01	 3.3315e+02	 1.5412e+03
 1.9462e+04	 1.4997e+03	 5.3109e+00	 7.4170e-01	 3.3316e+02	 1.5438e+03
 2.9193e+04	 1.4997e+03	 5.0675e+00	 8.4395e-01	 3.3315e+02	 1.5465e+03
 4.3789e+04	 1.4997e+03	 4.7800e+00	 8.9822e-01	 3.3315e+02	 1.5489e+03
 6.5684e+04	 1.4997e+03	 4.4892e+00	 8.8612e-01	 3.3315e+02	 1.5514e+03
 9.8526e+04	 1.4997e+03	 4.2173e+00	 8.1245e-01	 3.3315e+02	 1.5541e+03
 1.4779e+05	 1.4997e+03	 3.9976e+00	 7.0538e-01	 3.3315e+02	 1.5566e+03
 2.2168e+05	 1.4997e+03	 3.8322e+00	 5.9495e-01	 3.3315e+02	 1.5592e+03
 3.3253e+05	 1.4997e+03	 3.6988e+00	 4.9903e-01	 3.3316e+02	 1.5617e+03
 4.9879e+05	 1.4997e+03	 3.6018e+00	 4.2515e-01	 3.3315e+02	 1.5642e+03
 7.4818e+05	 1.4997e+03	 3.5753e+00	 2.8020e-01	 3.3315e+02	 1.5717e+03
 9.0000e+05	 1.4997e+03	 3.5457e+00	 2.5413e-01	 3.3315e+02	 1.5796e+03
 1.0000e+02	 1.5769e+03	 6.0440e+00	 5.6543e-02	 3.3315e+02	 1.5875e+03
 1.5000e+02	 1.5769e+03	 6.0313e+00	 6.2958e-02	 3.3315e+02	 1.5901e+03
 2.2500e+02	 1.5769e+03	 6.0177e+00	 7.5883e-02	 3.3315e+02	 1.5925e+03
 3.3750e+02	 1.5769e+03	 6.0015e+00	 9.0186e-02	 3.3315e+02	 1.5952e+03
 5.0625e+02	 1.5769e+03	 5.9828e+00	 1.0851e-01	 3.3315e+02	 1.5977e+03
 7.5938e+02	 1.5769e+03	 5.9605e+00	 1.3242e-01	 3.3315e+02	 1.6005e+03
 1.1391e+03	 1.5769e+03	 5.9334e+00	 1.6333e-01	 3.3315e+02	 1.6031e+03
 1.7086e+03	 1.5769e+03	 5.8998e+00	 2.0300e-01	 3.3315e+02	 1.6057e+03
 2.5629e+03	 1.5769e+03	 5.8577e+00	 2.5427e-01	 3.3315e+02	 1.6084e+03
 3.8443e+03	 1.5769e+03	 5.8028e+00	 3.1996e-01	 3.3314e+02	 1.6109e+03
 5.7665e+03	 1.5769e+03	 5.7300e+00	 4.0279e-01	 3.3315e+02	 1.6134e+03
 8.6498e+03	 1.5769e+03	 5.6308e+00	 5.0398e-01	 3.3314e+02	 1.6160e+03
 1.2975e+04	 1.5769e+03	 5.4931e+00	 6.2054e-01	 3.3314e+02	 1.6188e+03
 1.9462e+04	 1.5769e+03	 5.3061e+00	 7.4104e-01	 3.3315e+02	 1.6213e+03
 2.9193e+04	 1.5769e+03	 5.0628e+00	 8.4295e-01	 3.3315e+02	 1.6240e+03
 4.3789e+04	 1.5769e+03	 4.7758e+00	 8.9687e-01	 3.3315e+02	 1.6264e+03
 6.5684e+04	 1.5769e+03	 4.4855e+00	 8.8444e-01	 3.3315e+02	 1.6289e+03
 9.8526e+04	 1.5769e+03	 4.2143e+00	 8.1128e-01	 3.3315e+02	 1.6316e+03
 1.4779e+05	 1.5769e+03	 3.9953e+00	 7.0462e-01	 3.3314e+02	 1.6341e+03
 2.2168e+05	 1.5769e+03	 3.8302e+00	 5.9450e-01	 3.3315e+02	 1.6367e+03
 3.3253e+05	 1.5769e+03	 3.6965e+00	 4.9908e-01	 3.3314e+02	 1.6392e+03
 4.9879e+05	 1.5769e+03	 3.5994e+00	 4.2558e-01	 3.3315e+02	 1.6418e+03
 7.4818e+05	 1.5769e+03	 3.5722e+00	 2.8369e-01	 3.3316e+02	 1.6492e+03
 9.0000e+05	 1.5769e+03	 3.5430e+00	 2.5365e-01	 3.3316e+02	 1.6573e+03
 1.0000e+02	 1.6546e+03	 6.0419e+00	 5.7204e-02	 3.3315e+02	 1.6654e+03
 1.5000e+02	 1.6546e+03	 6.0298e+00	 6.8727e-02	 3.3316e+02	 1.6679e+03
 2.2500e+02	 1.6546e+03	 6.0154e+00	 7.6644e-02	 3.3315e+02	 1.6707e+03
 3.3750e+02	 1.6546e+03	 5.9991e+00	 9.1017e-02	 3.3316e+02	 1.6732e+03
 5.0625e+02	 1.6546e+03	 5.9800e+00	 1.0950e-01	 3.3315e+02	 1.6757e+03
 7.5938e+02	 1.6546e+03	 5.9576e+00	 1.3335e-01	 3.3316e+02	 1.6782e+03
 1.1391e+03	 1.6546e+03	 5.9302e+00	 1.6373e-01	 3.3316e+02	 1.6808e+03
 1.7086e+03	 1.6546e+03	 5.8962e+00	 2.0389e-01	 3.3316e+02	 1.6835e+03
 2.5629e+03	 1.6546e+03	 5.8537e+00	 2.5499e-01	 3.3315e+02	 1.6861e+03
 3.8443e+03	 1.6546e+03	 5.7987e+00	 3.2067e-01	 3.3315e+02	 1.6886e+03
 5.7665e+03	 1.6546e+03	 5.7256e+00	 4.0324e-01	 3.3316e+02	 1.6913e+03
 8.6498e+03	 1.6546e+03	 5.6260e+00	 5.0412e-01	 3.3314e+02	 1.6942e+03
 1.2975e+04	 1.6546e+03	 5.4887e+00	 6.2019e-01	 3.3314e+02	 1.6968e+03
 1.9462e+04	 1.6546e+03	 5.3015e+00	 7.4034e-01	 3.3314e+02	 1.6995e+03
 2.9193e+04	 1.6546e+03	 5.0586e+00	 8.4181e-01	 3.3314e+02	 1.7022e+03
 4.3789e+04	 1.6546e+03	 4.7719e+00	 8.9554e-01	 3.3314e+02	 1.7047e+03
 6.5684e+04	 1.6546e+03	 4.4824e+00	 8.8320e-01	 3.3315e+02	 1.7074e+03
 9.8526e+04	 1.6546e+03	 4.2117e+00	 8.0987e-01	 3.3314e+02	 1.7102e+03
 1.4779e+05	 1.6546e+03	 3.9929e+00	 7.0365e-01	 3.3314e+02	 1.7127e+03
 2.2168e+05	 1.6546e+03	 3.8279e+00	 5.9415e-01	 3.3314e+02	 1.7152e+03
 3.3253e+05	 1.6546e+03	 3.6943e+00	 4.9931e-01	 3.3314e+02	 1.7179e+03
 4.9879e+05	 1.6546e+03	 3.5969e+00	 4.2590e-01	 3.3315e+02	 1.7204e+03
 7.4818e+05	 1.6546e+03	 3.5696e+00	 2.8284e-01	 3.3314e+02	 1.7281e+03
 9.0000e+05	 1.6546e+03	 3.5399e+00	 2.5671e-01	 3.3315e+02	 1.7361e+03
 1.0000e+02	 1.7334e+03	 6.0399e+00	 5.7678e-02	 3.3314e+02	 1.7439e+03
 1.5000e+02	 1.7334e+03	 6.0256e+00	 6.7532e-02	 3.3315e+02	 1.7466e+03
 2.2500e+02	 1.7334e+03	 6.0132e+00	 7.7402e-02	 3.3314e+02	 1.7490e+03
 3.3750e+02	 1.7334e+03	 5.9966e+00	 9.1641e-02	 3.3315e+02	 1.7517e+03
 5.0625e+02	 1.7334e+03	 5.9774e+00	 1.1028e-01	 3.3315e+02	 1.7542e+03
 7.5938e+02	 1.7334e+03	 5.9546e+00	 1.3416e-01	 3.3314e+02	 1.7568e+03
 1.1391e+03	 1.7334e+03	 5.9267e+00	 1.6526e-01	 3.3315e+02	 1.7595e+03
 1.7086e+03	 1.7334e+03	 5.8927e+00	 2.0466e-01	 3.3315e+02	 1.7622e+03
 2.5629e+03	 1.7334e+03	 5.8498e+00	 2.5587e-01	 3.3315e+02	 1.7648e+03
 3.8443e+03	 1.7334e+03	 5.7944e+00	 3.2147e-01	 3.3314e+02	 1.7672e+03
 5.7665e+03	 1.7334e+03	 5.7212e+00	 4.0374e-01	 3.3315e+02	 1.7698e+03
 8.6498e+03	 1.7334e+03	 5.6214e+00	 5.0422e-01	 3.3315e+02	 1.7724e+03
 1.2975e+04	 1.7334e+03	 5.4838e+00	 6.1988e-01	 3.3314e+02	 1.7750e+03
 1.9462e+04	 1.7334e+03	 5.2969e+00	 7.3962e-01	 3.3314e+02	 1.7776e+03
 2.9193e+04	 1.7334e+03	 5.0542e+00	 8.4074e-01	 3.3314e+02	 1.7801e+03
 4.3789e+04	 1.7334e+03	 4.7682e+00	 8.9414e-01	 3.3315e+02	 1.7828e+03
 6.5684e+04	 1.7334e+03	 4.4791e+00	 8.8162e-01	 3.3314e+02	 1.7852e+03
 9.8526e+04	 1.7334e+03	 4.2091e+00	 8.0877e-01	 3.3315e+02	 1.7878e+03
 1.4779e+05	 1.7334e+03	 3.9909e+00	 7.0298e-01	 3.3314e+02	 1.7902e+03
 2.2168e+05	 1.7334e+03	 3.8260e+00	 5.9395e-01	 3.3315e+02	 1.7931e+03
 3.3253e+05	 1.7334e+03	 3.6922e+00	 4.9935e-01	 3.3314e+02	 1.7956e+03
 4.9879e+05	 1.7334e+03	 3.5946e+00	 4.2637e-01	 3.3315e+02	 1.7984e+03
 7.4818e+05	 1.7334e+03	 3.5673e+00	 2.8265e-01	 3.3315e+02	 1.8061e+03
 9.0000e+05	 1.7334e+03	 3.5377e+00	 2.5485e-01	 3.3316e+02	 1.8138e+03
 1.0000e+02	 1.8111e+03	 6.0379e+00	 5.8342e-02	 3.3315e+02	 1.8219e+03
 1.5000e+02	 1.8111e+03	 6.0264e+00	 6.7866e-02	 3.3315e+02	 1.8244e+03
 2.2500e+02	 1.8111e+03	 6.0109e+00	 7.8034e-02	 3.3315e+02	 1.8268e+03
 3.3750e+02	 1.8111e+03	 5.9945e+00	 9.2375e-02	 3.3315e+02	 1.8294e+03
 5.0625e+02	 1.8111e+03	 5.9749e+00	 1.1102e-01	 3.3315e+02	 1.8319e+03
 7.5938e+02	 1.8111e+03	 5.9518e+00	 1.3499e-01	 3.3315e+02	 1.8346e+03
 1.1391e+03	 1.8111e+03	 5.9237e+00	 1.6564e-01	 3.3314e+02	 1.8371e+03
 1.7086e+03	 1.8111e+03	 5.8891e+00	 2.0578e-01	 3.3314e+02	 1.8398e+03
 2.5629e+03	 1.8111e+03	 5.8461e+00	 2.5685e-01	 3.3314e+02	 1.8424e+03
 3.8443e+03	 1.8111e+03	 5.7905e+00	 3.2218e-01	 3.3314e+02	 1.8451e+03
 5.7665e+03	 1.8111e+03	 5.7169e+00	 4.0425e-01	 3.3314e+02	 1.8475e+03
 8.6498e+03	 1.8111e+03	 5.6169e+00	 5.0459e-01	 3.3314e+02	 1.8501e+03
 1.2975e+04	 1.8111e+03	 5.4793e+00	 6.1975e-01	 3.3315e+02	 1.8527e+03
 1.9462e+04	 1.8111e+03	 5.2924e+00	 7.3895e-01	 3.3315e+02	 1.8552e+03
 2.9193e+04	 1.8111e+03	 5.0501e+00	 8.3966e-01	 3.3315e+02	 1.8579e+03
 4.3789e+04	 1.8111e+03	 4.7645e+00	 8.9281e-01	 3.3315e+02	 1.8604e+03
 6.5684e+04	 1.8111e+03	 4.4762e+00	 8.8023e-01	 3.3315e+02	 1.8629e+03
 9.8526e+04	 1.8111e+03	 4.2067e+00	 8.0761e-01	 3.3315e+02	 1.8658e+03
 1.4779e+05	 1.8111e+03	 3.9888e+00	 7.0229e-01	 3.3315e+02	 1.8685e+03
 2.2168e+05	 1.8111e+03	 3.8241e+00	 5.9369e-01	 3.3315e+02	 1.8711e+03
 3.3253e+05	 1.8111e+03	 3.6902e+00	 4.9953e-01	 3.3315e+02	 1.8737e+03
 4.9879e+05	 1.8111e+03	 3.5924e+00	 4.2660e-01	 3.3315e+02	 1.8763e+03
 7.4818e+05	 1.8111e+03	 3.5645e+00	 2.8555e-01	 3.3316e+02	 1.8838e+03
 9.0000e+05	 1.8111e+03	 3.5347e+00	 2.5756e-01	 3.3316e+02	 1.8918e+03
 1.0000e+02	 1.8891e+03	 6.0364e+00	 5.8672e-02	 3.3315e+02	 1.8998e+03
 1.5000e+02	 1.8891e+03	 6.0223e+00	 6.7861e-02	 3.3315e+02	 1.9025e+03
 2.2500e+02	 1.8891e+03	 6.0091e+00	 7.8560e-02	 3.3315e+02	 1.9049e+03
 3.3750e+02	 1.8891e+03	 5.9923e+00	 9.3138e-02	 3.3315e+02	 1.9075e+03
 5.0625e+02	 1.8891e+03	 5.9727e+00	 1.1162e-01	 3.3316e+02	 1.9101e+03
 7.5938e+02	 1.8891e+03	 5.9490e+00	 1.3591e-01	 3.3315e+02	 1.9127e+03
 1.1391e+03	 1.8891e+03	 5.9207e+00	 1.6672e-01	 3.3316e+02	 1.9154e+03
 1.7086e+03	 1.8891e+03	 5.8861e+00	 2.0644e-01	 3.3315e+02	 1.9179e+03
 2.5629e+03	 1.8891e+03	 5.8425e+00	 2.5763e-01	 3.3316e+02	 1.9205e+03
 3.8443e+03	 1.8891e+03	 5.7866e+00	 3.2280e-01	 3.3316e+02	 1.9229e+03
 5.7665e+03	 1.8891e+03	 5.7128e+00	 4.0462e-01	 3.3316e+02	 1.9254e+03
 8.6498e+03	 1.8891e+03	 5.6126e+00	 5.0462e-01	 3.3316e+02	 1.9282e+03
 1.2975e+04	 1.8891e+03	 5.4750e+00	 6.1940e-01	 3.3316e+02	 1.9307e+03
 1.9462e+04	 1.8891e+03	 5.2883e+00	 7.3831e-01	 3.3316e+02	 1.9332e+03
 2.9193e+04	 1.8891e+03	 5.0463e+00	 8.3852e-01	 3.3316e+02	 1.9358e+03
 4.3789e+04	 1.8891e+03	 4.7612e+00	 8.9154e-01	 3.3316e+02	 1.9382e+03
 6.5684e+04	 1.8891e+03	 4.4733e+00	 8.7901e-01	 3.3316e+02	 1.9409e+03
 9.8526e+04	 1.8891e+03	 4.2044e+00	 8.0641e-01	 3.3316e+02	 1.9434e+03
 1.4779e+05	 1.8891e+03	 3.9866e+00	 7.0149e-01	 3.3315e+02	 1.9460e+03
 2.2168e+05	 1.8891e+03	 3.8220e+00	 5.9338e-01	 3.3316e+02	 1.9486e+03
 3.3253e+05	 1.8891e+03	 3.6881e+00	 4.9949e-01	 3.3316e+02	 1.9511e+03
 4.9879e+05	 1.8891e+03	 3.5901e+00	 4.2685e-01	 3.3315e+02	 1.9536e+03
 7.4818e+05	 1.8891e+03	 3.5618e+00	 2.8594e-01	 3.3315e+02	 1.9613e+03
 9.0000e+05	 1.8891e+03	 3.5322e+00	 2.5651e-01	 3.3315e+02	 1.9691e+03
 1.0000e+02	 1.9665e+03	 6.0346e+00	 5.9174e-02	 3.3315e+02	 1.9770e+03
 1.5000e+02	 1.9665e+03	 6.0215e+00	 6.7505e-02	 3.3315e+02	 1.9795e+03
 2.2500e+02	 1.9665e+03	 6.0067e+00	 7.9216e-02	 3.3315e+02	 1.9822e+03
 3.3750e+02	 1.9665e+03	 5.9897e+00	 9.3957e-02	 3.3315e+02	 1.9848e+03
 5.0625e+02	 1.9665e+03	 5.9699e+00	 1.1256e-01	 3.3315e+02	 1.9875e+03
 7.5938e+02	 1.9665e+03	 5.9461e+00	 1.3675e-01	 3.3315e+02	 1.9901e+03
 1.1391e+03	 1.9665e+03	 5.9179e+00	 1.6759e-01	 3.3316e+02	 1.9927e+03
 1.7086e+03	 1.9665e+03	 5.8825e+00	 2.0776e-01	 3.3315e+02	 1.9954e+03
 2.5629e+03	 1.9665e+03	 5.8389e+00	 2.5860e-01	 3.3315e+02	 1.9981e+03
 3.8443e+03	 1.9665e+03	 5.7826e+00	 3.2376e-01	 3.3315e+02	 2.0006e+03
 5.7665e+03	 1.9665e+03	 5.7084e+00	 4.0547e-01	 3.3315e+02	 2.0031e+03
 8.6498e+03	 1.9665e+03	 5.6078e+00	 5.0518e-01	 3.3314e+02	 2.0057e+03
 1.2975e+04	 1.9665e+03	 5.4700e+00	 6.1972e-01	 3.3314e+02	 2.0081e+03
 1.9462e+04	 1.9665e+03	 5.2831e+00	 7.3808e-01	 3.3315e+02	 2.0107e+03
 2.9193e+04	 1.9665e+03	 5.0410e+00	 8.3778e-01	 3.3314e+02	 2.0135e+03
 4.3789e+04	 1.9665e+03	 4.7562e+00	 8.9020e-01	 3.3314e+02	 2.0159e+03
 6.5684e+04	 1.9665e+03	 4.4689e+00	 8.7733e-01	 3.3314e+02	 2.0184e+03
 9.8526e+04	 1.9665e+03	 4.2008e+00	 8.0487e-01	 3.3313e+02	 2.0211e+03
 1.4779e+05	 1.9665e+03	 3.9837e+00	 7.0036e-01	 3.3314e+02	 2.0239e+03
 2.2168e+05	 1.9665e+03	 3.8196e+00	 5.9257e-01	 3.3314e+02	 2.0264e+03
 3.3253e+05	 1.9665e+03	 3.6857e+00	 4.9923e-01	 3.3314e+02	 2.0292e+03
 4.9879e+05	 1.9665e+03	 3.5876e+00	 4.2691e-01	 3.3313e+02	 2.0318e+03
 7.4818e+05	 1.9665e+03	 3.5596e+00	 2.8297e-01	 3.3314e+02	 2.0397e+03
 9.0000e+05	 1.9665e+03	 3.5295e+00	 2.5664e-01	 3.3315e+02	 2.0475e+03
 1.0000e+02	 2.0448e+03	 6.0327e+00	 5.9753e-02	 3.3315e+02	 2.0557e+03
 1.5000e+02	 2.0448e+03	 6.0196e+00	 7.0203e-02	 3.3316e+02	 2.0581e+03
 2.2500e+02	 2.0448e+03	 6.0045e+00	 7.9904e-02	 3.3315e+02	 2.0610e+03
 3.3750e+02	 2.0448e+03	 5.9876e+00	 9.4660e-02	 3.3316e+02	 2.0636e+03
 5.0625e+02	 2.0448e+03	 5.9675e+00	 1.1364e-01	 3.3315e+02	 2.0663e+03
 7.5938e+02	 2.0448e+03	 5.9437e+00	 1.3757e-01	 3.3315e+02	 2.0689e+03
 1.1391e+03	 2.0448e+03	 5.9151e+00	 1.6846e-01	 3.3316e+02	 2.0717e+03
 1.7086e+03	 2.0448e+03	 5.8794e+00	 2.0852e-01	 3.3316e+02	 2.0742e+03
 2.5629e+03	 2.0448e+03	 5.8353e+00	 2.5949e-01	 3.3315e+02	 2.0769e+03
 3.8443e+03	 2.0448e+03	 5.7787e+00	 3.2444e-01	 3.3315e+02	 2.0794e+03
 5.7665e+03	 2.0448e+03	 5.7042e+00	 4.0616e-01	 3.3315e+02	 2.0818e+03
 8.6498e+03	 2.0448e+03	 5.6036e+00	 5.0552e-01	 3.3315e+02	 2.0844e+03
 1.2975e+04	 2.0448e+03	 5.4656e+00	 6.1960e-01	 3.3315e+02	 2.0869e+03
 1.9462e+04	 2.0448e+03	 5.2787e+00	 7.3751e-01	 3.3316e+02	 2.0897e+03
 2.9193e+04	 2.0448e+03	 5.0370e+00	 8.3682e-01	 3.3315e+02	 2.0922e+03
 4.3789e+04	 2.0448e+03	 4.7529e+00	 8.8879e-01	 3.3315e+02	 2.0950e+03
 6.5684e+04	 2.0448e+03	 4.4662e+00	 8.7604e-01	 3.3315e+02	 2.0975e+03
 9.8526e+04	 2.0448e+03	 4.1985e+00	 8.0363e-01	 3.3315e+02	 2.1004e+03
 1.4779e+05	 2.0448e+03	 3.9817e+00	 6.9954e-01	 3.3315e+02	 2.1029e+03
 2.2168e+05	 2.0448e+03	 3.8174e+00	 5.9231e-01	 3.3315e+02	 2.1054e+03
 3.3253e+05	 2.0448e+03	 3.6837e+00	 4.9915e-01	 3.3315e+02	 2.1081e+03
 4.9879e+05	 2.0448e+03	 3.5854e+00	 4.2712e-01	 3.3315e+02	 2.1110e+03
 7.4818e+05	 2.0448e+03	 3.5572e+00	 2.8405e-01	 3.3315e+02	 2.1188e+03
 9.0000e+05	 2.0448e+03	 3.5273e+00	 2.5442e-01	 3.3315e+02	 2.1263e+03
 1.0000e+02	 2.1236e+03	 6.0312e+00	 6.0444e-02	 3.3315e+02	 2.1344e+03
 1.5000e+02	 2.1236e+03	 6.0165e+00	 6.9094e-02	 3.3315e+02	 2.1369e+03
 2.2500e+02	 2.1236e+03	 6.0030e+00	 8.0691e-02	 3.3315e+02	 2.1395e+03
 3.3750e+02	 2.1236e+03	 5.9854e+00	 9.5333e-02	 3.3315e+02	 2.1421e+03
 5.0625e+02	 2.1236e+03	 5.9652e+00	 1.1422e-01	 3.3315e+02	 2.1446e+03
 7.5938e+02	 2.1236e+03	 5.9410e+00	 1.3853e-01	 3.3315e+02	 2.1472e+03
 1.1391e+03	 2.1236e+03	 5.9122e+00	 1.6963e-01	 3.3315e+02	 2.1497e+03
 1.7086e+03	 2.1236e+03	 5.8763e+00	 2.0948e-01	 3.3315e+02	 2.1524e+03
 2.5629e+03	 2.1236e+03	 5.8321e+00	 2.6061e-01	 3.3315e+02	 2.1549e+03
 3.8443e+03	 2.1236e+03	 5.7751e+00	 3.2538e-01	 3.3315e+02	 2.1576e+03
 5.7665e+03	 2.1236e+03	 5.7002e+00	 4.0679e-01	 3.3316e+02	 2.1601e+03
 8.6498e+03	 2.1236e+03	 5.5991e+00	 5.0606e-01	 3.3315e+02	 2.1626e+03
 1.2975e+04	 2.1236e+03	 5.4609e+00	 6.1976e-01	 3.3315e+02	 2.1652e+03
 1.9462e+04	 2.1236e+03	 5.2740e+00	 7.3706e-01	 3.3315e+02	 2.1678e+03
 2.9193e+04	 2.1236e+03	 5.0326e+00	 8.3586e-01	 3.3315e+02	 2.1704e+03
 4.3789e+04	 2.1236e+03	 4.7487e+00	 8.8763e-01	 3.3315e+02	 2.1728e+03
 6.5684e+04	 2.1236e+03	 4.4628e+00	 8.7458e-01	 3.3315e+02	 2.1752e+03
 9.8526e+04	 2.1236e+03	 4.1956e+00	 8.0236e-01	 3.3314e+02	 2.1779e+03
 1.4779e+05	 2.1236e+03	 3.9794e+00	 6.9860e-01	 3.3315e+02	 2.1804e+03
 2.2168e+05	 2.1236e+03	 3.8153e+00	 5.9177e-01	 3.3315e+02	 2.1831e+03
 3.3253e+05	 2.1236e+03	 3.6814e+00	 4.9902e-01	 3.3315e+02	 2.1856e+03
 4.9879e+05	 2.1236e+03	 3.5831e+00	 4.2702e-01	 3.3315e+02	 2.1883e+03
 7.4818e+05	 2.1236e+03	 3.5547e+00	 2.8490e-01	 3.3315e+02	 2.1959e+03
 9.0000e+05	 2.1236e+03	 3.5247e+00	 2.5644e-01	 3.3314e+02	 2.2036e+03
 1.0000e+02	 2.2009e+03	 6.0293e+00	 6.0765e-02	 3.3315e+02	 2.2114e+03
 1.5000e+02	 2.2009e+03	 6.0157e+00	 7.0549e-02	 3.3315e+02	 2.2141e+03
 2.2500e+02	 2.2009e+03	 6.0009e+00	 8.1215e-02	 3.3314e+02	 2.2166e+03
 3.3750e+02	 2.2009e+03	 5.9834e+00	 9.6170e-02	 3.3314e+02	 2.2194e+03
 5.0625e+02	 2.2009e+03	 5.9630e+00	 1.1508e-01	 3.3315e+02	 2.2219e+03
 7.5938e+02	 2.2009e+03	 5.9383e+00	 1.3946e-01	 3.3314e+02	 2.2245e+03
 1.1391e+03	 2.2009e+03	 5.9095e+00	 1.7059e-01	 3.3314e+02	 2.2270e+03
 1.7086e+03	 2.2009e+03	 5.8732e+00	 2.1043e-01	 3.3314e+02	 2.2297e+03
 2.5629e+03	 2.2009e+03	 5.8286e+00	 2.6161e-01	 3.3313e+02	 2.2324e+03
 3.8443e+03	 2.2009e+03	 5.7711e+00	 3.2639e-01	 3.3314e+02	 2.2352e+03
 5.7665e+03	 2.2009e+03	 5.6959e+00	 4.0772e-01	 3.3314e+02	 2.2376e+03
 8.6498e+03	 2.2009e+03	 5.5944e+00	 5.0658e-01	 3.3314e+02	 2.2402e+03
 1.2975e+04	 2.2009e+03	 5.4561e+00	 6.2004e-01	 3.3314e+02	 2.2428e+03
 1.9462e+04	 2.2009e+03	 5.2691e+00	 7.3690e-01	 3.3315e+02	 2.2454e+03
 2.9193e+04	 2.2009e+03	 5.0279e+00	 8.3512e-01	 3.3314e+02	 2.2482e+03
 4.3789e+04	 2.2009e+03	 4.7444e+00	 8.8640e-01	 3.3314e+02	 2.2506e+03
 6.5684e+04	 2.2009e+03	 4.4592e+00	 8.7312e-01	 3.3314e+02	 2.2534e+03
 9.8526e+04	 2.2009e+03	 4.1928e+00	 8.0120e-01	 3.3314e+02	 2.2560e+03
 1.4779e+05	 2.2009e+03	 3.9770e+00	 6.9769e-01	 3.3315e+02	 2.2587e+03
 2.2168e+05	 2.2009e+03	 3.8131e+00	 5.9125e-01	 3.3315e+02	 2.2612e+03
 3.3253e+05	 2.2009e+03	 3.6793e+00	 4.9888e-01	 3.3315e+02	 2.2637e+03
 4.9879e+05	 2.2009e+03	 3.5809e+00	 4.2727e-01	 3.3315e+02	 2.2662e+03
 7.4818e+05	 2.2009e+03	 3.5522e+00	 2.8694e-01	 3.3315e+02	 2.2739e+03
 9.0000e+05	 2.2009e+03	 3.5218e+00	 2.6183e-01	 3.3315e+02	 2.2814e+03
 1.0000e+02	 2.2788e+03	 6.0272e+00	 6.1152e-02	 3.3315e+02	 2.2897e+03
 1.5000e+02	 2.2788e+03	 6.0148e+00	 6.9411e-02	 3.3316e+02	 2.2922e+03
 2.2500e+02	 2.2788e+03	 5.9990e+00	 8.1856e-02	 3.3316e+02	 2.2949e+03
 3.3750e+02	 2.2788e+03	 5.9812e+00	 9.6724e-02	 3.3315e+02	 2.2975e+03
 5.0625e+02	 2.2788e+03	 5.9603e+00	 1.1573e-01	 3.3315e+02	 2.3002e+03
 7.5938e+02	 2.2788e+03	 5.9361e+00	 1.4000e-01	 3.3316e+02	 2.3029e+03
 1.1391e+03	 2.2788e+03	 5.9066e+00	 1.7105e-01	 3.3316e+02	 2.3055e+03
 1.7086e+03	 2.2788e+03	 5.8702e+00	 2.1127e-01	 3.3315e+02	 2.3081e+03
 2.5629e+03	 2.2788e+03	 5.8254e+00	 2.6226e-01	 3.3316e+02	 2.3109e+03
 3.8443e+03	 2.2788e+03	 5.7676e+00	 3.2717e-01	 3.3315e+02	 2.3134e+03
 5.7665e+03	 2.2788e+03	 5.6922e+00	 4.0828e-01	 3.3315e+02	 2.3158e+03
 8.6498e+03	 2.2788e+03	 5.5905e+00	 5.0678e-01	 3.3316e+02	 2.3184e+03
 1.2975e+04	 2.2788e+03	 5.4521e+00	 6.1996e-01	 3.3315e+02	 2.3208e+03
 1.9462e+04	 2.2788e+03	 5.2651e+00	 7.3635e-01	 3.3315e+02	 2.3237e+03
 2.9193e+04	 2.2788e+03	 5.0240e+00	 8.3424e-01	 3.3315e+02	 2.3262e+03
 4.3789e+04	 2.2788e+03	 4.7411e+00	 8.8521e-01	 3.3315e+02	 2.3290e+03
 6.5684e+04	 2.2788e+03	 4.4562e+00	 8.7184e-01	 3.3315e+02	 2.3314e+03
 9.8526e+04	 2.2788e+03	 4.1903e+00	 8.0002e-01	 3.3314e+02	 2.3342e+03
 1.4779e+05	 2.2788e+03	 3.9748e+00	 6.9689e-01	 3.3315e+02	 2.3367e+03
 2.2168e+05	 2.2788e+03	 3.8111e+00	 5.9084e-01	 3.3315e+02	 2.3392e+03
 3.3253e+05	 2.2788e+03	 3.6773e+00	 4.9875e-01	 3.3315e+02	 2.3419e+03
 4.9879e+05	 2.2788e+03	 3.5787e+00	 4.2732e-01	 3.3315e+02	 2.3445e+03
 7.4818e+05	 2.2788e+03	 3.5499e+00	 2.8597e-01	 3.3316e+02	 2.3525e+03
 9.0000e+05	 2.2788e+03	 3.5198e+00	 2.5987e-01	 3.3315e+02	 2.3601e+03
 1.0000e+02	 2.3574e+03	 6.0260e+00	 6.1702e-02	 3.3315e+02	 2.3680e+03
 1.5000e+02	 2.3574e+03	 6.0123e+00	 7.0369e-02	 3.3315e+02	 2.3707e+03
 2.2500e+02	 2.3574e+03	 5.9971e+00	 8.2515e-02	 3.3315e+02	 2.3732e+03
 3.3750e+02	 2.3574e+03	 5.9790e+00	 9.7468e-02	 3.3315e+02	 2.3758e+03
 5.0625e+02	 2.3574e+03	 5.9582e+00	 1.1662e-01	 3.3315e+02	 2.3783e+03
 7.5938e+02	 2.3574e+03	 5.9336e+00	 1.4092e-01	 3.3315e+02	 2.3812e+03
 1.1391e+03	 2.3574e+03	 5.9036e+00	 1.7226e-01	 3.3315e+02	 2.3836e+03
 1.7086e+03	 2.3574e+03	 5.8672e+00	 2.1236e-01	 3.3315e+02	 2.3865e+03
 2.5629e+03	 2.3574e+03	 5.8219e+00	 2.6342e-01	 3.3315e+02	 2.3891e+03
 3.8443e+03	 2.3574e+03	 5.7639e+00	 3.2813e-01	 3.3315e+02	 2.3917e+03
 5.7665e+03	 2.3574e+03	 5.6881e+00	 4.0914e-01	 3.3316e+02	 2.3942e+03
 8.6498e+03	 2.3574e+03	 5.5862e+00	 5.0743e-01	 3.3315e+02	 2.3968e+03
 1.2975e+04	 2.3574e+03	 5.4474e+00	 6.2015e-01	 3.3315e+02	 2.3994e+03
 1.9462e+04	 2.3574e+03	 5.2603e+00	 7.3609e-01	 3.3315e+02	 2.4020e+03
 2.9193e+04	 2.3574e+03	 5.0194e+00	 8.3336e-01	 3.3315e+02	 2.4048e+03
 4.3789e+04	 2.3574e+03	 4.7370e+00	 8.8398e-01	 3.3314e+02	 2.4072e+03
 6.5684e+04	 2.3574e+03	 4.4528e+00	 8.7045e-01	 3.3314e+02	 2.4100e+03
 9.8526e+04	 2.3574e+03	 4.1875e+00	 7.9865e-01	 3.3314e+02	 2.4126e+03
 1.4779e+05	 2.3574e+03	 3.9724e+00	 6.9591e-01	 3.3315e+02	 2.4152e+03
 2.2168e+05	 2.3574e+03	 3.8088e+00	 5.9023e-01	 3.3315e+02	 2.4178e+03
 3.3253e+05	 2.3574e+03	 3.6751e+00	 4.9846e-01	 3.3315e+02	 2.4205e+03
 4.9879e+05	 2.3574e+03	 3.5765e+00	 4.2708e-01	 3.3315e+02	 2.4231e+03
 7.4818e+05	 2.3574e+03	 3.5477e+00	 2.8544e-01	 3.3315e+02	 2.4306e+03
 9.0000e+05	 2.3574e+03	 3.5175e+00	 2.5935e-01	 3.3315e+02	 2.4386e+03
 1.0000e+02	 2.4359e+03	 6.0244e+00	 6.2058e-02	 3.3315e+02	 2.4466e+03
 1.5000e+02	 2.4359e+03	 6.0118e+00	 7.0381e-02	 3.3315e+02	 2.4493e+03
 2.2500e+02	 2.4359e+03	 5.9953e+00	 8.3233e-02	 3.3315e+02	 2.4518e+03
 3.3750e+02	 2.4359e+03	 5.9773e+00	 9.8278e-02	 3.3315e+02	 2.4546e+03
 5.0625e+02	 2.4359e+03	 5.9563e+00	 1.1748e-01	 3.3315e+02	 2.4571e+03
 7.5938e+02	 2.4359e+03	 5.9312e+00	 1.4199e-01	 3.3315e+02	 2.4600e+03
 1.1391e+03	 2.4359e+03	 5.9009e+00	 1.7341e-01	 3.3315e+02	 2.4625e+03
 1.7086e+03	 2.4359e+03	 5.8642e+00	 2.1337e-01	 3.3316e+02	 2.4652e+03
 2.5629e+03	 2.4359e+03	 5.8187e+00	 2.6435e-01	 3.3315e+02	 2.4678e+03
 3.8443e+03	 2.4359e+03	 5.7603e+00	 3.2895e-01	 3.3315e+02	 2.4702e+03
 5.7665e+03	 2.4359e+03	 5.6842e+00	 4.0990e-01	 3.3315e+02	 2.4727e+03
 8.6498e+03	 2.4359e+03	 5.5820e+00	 5.0794e-01	 3.3315e+02	 2.4752e+03
 1.2975e+04	 2.4359e+03	 5.4430e+00	 6.2025e-01	 3.3315e+02	 2.4779e+03
 1.9462e+04	 2.4359e+03	 5.2557e+00	 7.3571e-01	 3.3315e+02	 2.4805e+03
 2.9193e+04	 2.4359e+03	 5.0151e+00	 8.3258e-01	 3.3315e+02	 2.4832e+03
 4.3789e+04	 2.4359e+03	 4.7330e+00	 8.8272e-01	 3.3315e+02	 2.4858e+03
 6.5684e+04	 2.4359e+03	 4.4494e+00	 8.6896e-01	 3.3315e+02	 2.4882e+03
 9.8526e+04	 2.4359e+03	 4.1846e+00	 7.9743e-01	 3.3314e+02	 2.4909e+03
 1.4779e+05	 2.4359e+03	 3.9699e+00	 6.9497e-01	 3.3315e+02	 2.4933e+03
 2.2168e+05	 2.4359e+03	 3.8067e+00	 5.8960e-01	 3.3315e+02	 2.4960e+03
 3.3253e+05	 2.4359e+03	 3.6731e+00	 4.9818e-01	 3.3315e+02	 2.4984e+03
 4.9879e+05	 2.4359e+03	 3.5743e+00	 4.2697e-01	 3.3315e+02	 2.5010e+03
 7.4818e+05	 2.4359e+03	 3.5451e+00	 2.8770e-01	 3.3316e+02	 2.5087e+03
 9.0000e+05	 2.4359e+03	 3.5149e+00	 2.6216e-01	 3.3315e+02	 2.5166e+03
 1.0000e+02	 2.5139e+03	 6.0230e+00	 6.2651e-02	 3.3315e+02	 2.5249e+03
 1.5000e+02	 2.5139e+03	 6.0098e+00	 7.1090e-02	 3.3315e+02	 2.5274e+03
 2.2500e+02	 2.5139e+03	 5.9934e+00	 8.3641e-02	 3.3314e+02	 2.5300e+03
 3.3750e+02	 2.5139e+03	 5.9753e+00	 9.8908e-02	 3.3314e+02	 2.5327e+03
 5.0625e+02	 2.5139e+03	 5.9540e+00	 1.1808e-01	 3.3314e+02	 2.5354e+03
 7.5938e+02	 2.5139e+03	 5.9287e+00	 1.4269e-01	 3.3314e+02	 2.5380e+03
 1.1391e+03	 2.5139e+03	 5.8986e+00	 1.7408e-01	 3.3314e+02	 2.5407e+03
 1.7086e+03	 2.5139e+03	 5.8613e+00	 2.1415e-01	 3.3315e+02	 2.5434e+03
 2.5629e+03	 2.5139e+03	 5.8154e+00	 2.6522e-01	 3.3315e+02	 2.5462e+03
 3.8443e+03	 2.5139e+03	 5.7568e+00	 3.2996e-01	 3.3315e+02	 2.5487e+03
 5.7665e+03	 2.5139e+03	 5.6802e+00	 4.1067e-01	 3.3315e+02	 2.5511e+03
 8.6498e+03	 2.5139e+03	 5.5777e+00	 5.0861e-01	 3.3315e+02	 2.5538e+03
 1.2975e+04	 2.5139e+03	 5.4382e+00	 6.2047e-01	 3.3315e+02	 2.5562e+03
 1.9462e+04	 2.5139e+03	 5.2512e+00	 7.3554e-01	 3.3315e+02	 2.5590e+03
 2.9193e+04	 2.5139e+03	 5.0106e+00	 8.3186e-01	 3.3315e+02	 2.5616e+03
 4.3789e+04	 2.5139e+03	 4.7290e+00	 8.8147e-01	 3.3315e+02	 2.5642e+03
 6.5684e+04	 2.5139e+03	 4.4460e+00	 8.6769e-01	 3.3315e+02	 2.5668e+03
 9.8526e+04	 2.5139e+03	 4.1818e+00	 7.9614e-01	 3.3315e+02	 2.5695e+03
 1.4779e+05	 2.5139e+03	 3.9678e+00	 6.9399e-01	 3.3315e+02	 2.5720e+03
 2.2168e+05	 2.5139e+03	 3.8046e+00	 5.8908e-01	 3.3315e+02	 2.5746e+03
 3.3253e+05	 2.5139e+03	 3.6709e+00	 4.9787e-01	 3.3315e+02	 2.5772e+03
 4.9879e+05	 2.5139e+03	 3.5721e+00	 4.2696e-01	 3.3315e+02	 2.5798e+03
 7.4818e+05	 2.5139e+03	 3.5432e+00	 2.8596e-01	 3.3315e+02	 2.5876e+03
 9.0000e+05	 2.5139e+03	 3.5129e+00	 2.5967e-01	 3.3315e+02	 2.5954e+03
 1.0000e+02	 2.5927e+03	 6.0213e+00	 6.3131e-02	 3.3315e+02	 2.6033e+03
 1.5000e+02	 2.5927e+03	 6.0066e+00	 7.2301e-02	 3.3315e+02	 2.6058e+03
 2.2500e+02	 2.5927e+03	 5.9917e+00	 8.4246e-02	 3.3315e+02	 2.6083e+03
 3.3750e+02	 2.5927e+03	 5.9733e+00	 9.9542e-02	 3.3315e+02	 2.6110e+03
 5.0625e+02	 2.5927e+03	 5.9519e+00	 1.1900e-01	 3.3315e+02	 2.6135e+03
 7.5938e+02	 2.5927e+03	 5.9264e+00	 1.4358e-01	 3.3315e+02	 2.6161e+03
 1.1391e+03	 2.5927e+03	 5.8957e+00	 1.7514e-01	 3.3315e+02	 2.6187e+03
 1.7086e+03	 2.5927e+03	 5.8583e+00	 2.1525e-01	 3.3315e+02	 2.6212e+03
 2.5629e+03	 2.5927e+03	 5.8122e+00	 2.6629e-01	 3.3314e+02	 2.6238e+03
 3.8443e+03	 2.5927e+03	 5.7532e+00	 3.3084e-01	 3.3315e+02	 2.6262e+03
 5.7665e+03	 2.5927e+03	 5.6763e+00	 4.1156e-01	 3.3315e+02	 2.6290e+03
 8.6498e+03	 2.5927e+03	 5.5736e+00	 5.0930e-01	 3.3315e+02	 2.6316e+03
 1.2975e+04	 2.5927e+03	 5.4340e+00	 6.2080e-01	 3.3316e+02	 2.6342e+03
 1.9462e+04	 2.5927e+03	 5.2466e+00	 7.3537e-01	 3.3315e+02	 2.6368e+03
 2.9193e+04	 2.5927e+03	 5.0063e+00	 8.3114e-01	 3.3315e+02	 2.6394e+03
 4.3789e+04	 2.5927e+03	 4.7251e+00	 8.8030e-01	 3.3315e+02	 2.6421e+03
 6.5684e+04	 2.5927e+03	 4.4428e+00	 8.6631e-01	 3.3316e+02	 2.6445e+03
 9.8526e+04	 2.5927e+03	 4.1793e+00	 7.9493e-01	 3.3316e+02	 2.6472e+03
 1.4779e+05	 2.5927e+03	 3.9655e+00	 6.9311e-01	 3.3315e+02	 2.6497e+03
 2.2168e+05	 2.5927e+03	 3.8026e+00	 5.8859e-01	 3.3315e+02	 2.6524e+03
 3.3253e+05	 2.5927e+03	 3.6689e+00	 4.9763e-01	 3.3315e+02	 2.6549e+03
 4.9879e+05	 2.5927e+03	 3.5701e+00	 4.2690e-01	 3.3315e+02	 2.6577e+03
 7.4818e+05	 2.5927e+03	 3.5408e+00	 2.8851e-01	 3.3315e+02	 2.6654e+03
 9.0000e+05	 2.5927e+03	 3.5109e+00	 2.5873e-01	 3.3316e+02	 2.6734e+03
 1.0000e+02	 2.6709e+03	 6.0200e+00	 6.3409e-02	 3.3316e+02	 2.6815e+03
 1.5000e+02	 2.6709e+03	 6.0069e+00	 7.2993e-02	 3.3315e+02	 2.6842e+03
 2.2500e+02	 2.6709e+03	 5.9897e+00	 8.4774e-02	 3.3316e+02	 2.6867e+03
 3.3750e+02	 2.6709e+03	 5.9713e+00	 1.0005e-01	 3.3315e+02	 2.6893e+03
 5.0625e+02	 2.6709e+03	 5.9495e+00	 1.1959e-01	 3.3315e+02	 2.6918e+03
 7.5938e+02	 2.6709e+03	 5.9240e+00	 1.4433e-01	 3.3316e+02	 2.6943e+03
 1.1391e+03	 2.6709e+03	 5.8934e+00	 1.7587e-01	 3.3316e+02	 2.6970e+03
 1.7086e+03	 2.6709e+03	 5.8556e+00	 2.1622e-01	 3.3315e+02	 2.6996e+03
 2.5629e+03	 2.6709e+03	 5.8091e+00	 2.6725e-01	 3.3315e+02	 2.7022e+03
 3.8443e+03	 2.6709e+03	 5.7498e+00	 3.3179e-01	 3.3315e+02	 2.7047e+03
 5.7665e+03	 2.6709e+03	 5.6727e+00	 4.1225e-01	 3.3315e+02	 2.7071e+03
 8.6498e+03	 2.6709e+03	 5.5696e+00	 5.0978e-01	 3.3316e+02	 2.7097e+03
 1.2975e+04	 2.6709e+03	 5.4299e+00	 6.2103e-01	 3.3315e+02	 2.7122e+03
 1.9462e+04	 2.6709e+03	 5.2423e+00	 7.3496e-01	 3.3315e+02	 2.7150e+03
 2.9193e+04	 2.6709e+03	 5.0020e+00	 8.3023e-01	 3.3316e+02	 2.7176e+03
 4.3789e+04	 2.6709e+03	 4.7214e+00	 8.7901e-01	 3.3315e+02	 2.7200e+03
 6.5684e+04	 2.6709e+03	 4.4396e+00	 8.6498e-01	 3.3315e+02	 2.7227e+03
 9.8526e+04	 2.6709e+03	 4.1765e+00	 7.9372e-01	 3.3315e+02	 2.7252e+03
 1.4779e+05	 2.6709e+03	 3.9631e+00	 6.9222e-01	 3.3315e+02	 2.7279e+03
 2.2168e+05	 2.6709e+03	 3.8004e+00	 5.8787e-01	 3.3315e+02	 2.7304e+03
 3.3253e+05	 2.6709e+03	 3.6669e+00	 4.9726e-01	 3.3315e+02	 2.7329e+03
 4.9879e+05	 2.6709e+03	 3.5681e+00	 4.2666e-01	 3.3315e+02	 2.7357e+03
 7.4818e+05	 2.6709e+03	 3.5389e+00	 2.8612e-01	 3.3313e+02	 2.7432e+03
 9.0000e+05	 2.6709e+03	 3.5085e+00	 2.5883e-01	 3.3313e+02	 2.7512e+03
 1.0000e+02	 2.7485e+03	 6.0182e+00	 6.3915e-02	 3.3313e+02	 2.7591e+03
 1.5000e+02	 2.7485e+03	 6.0070e+00	 7.4941e-02	 3.3312e+02	 2.7616e+03
 2.2500e+02	 2.7485e+03	 5.9879e+00	 8.5494e-02	 3.3313e+02	 2.7642e+03
 3.3750e+02	 2.7485e+03	 5.9692e+00	 1.0086e-01	 3.3313e+02	 2.7668e+03
 5.0625e+02	 2.7485e+03	 5.9473e+00	 1.2039e-01	 3.3314e+02	 2.7696e+03
 7.5938e+02	 2.7485e+03	 5.9217e+00	 1.4549e-01	 3.3314e+02	 2.7721e+03
 1.1391e+03	 2.7485e+03	 5.8906e+00	 1.7679e-01	 3.3313e+02	 2.7747e+03
 1.7086e+03	 2.7485e+03	 5.8528e+00	 2.1722e-01	 3.3314e+02	 2.7772e+03
 2.5629e+03	 2.7485e+03	 5.8059e+00	 2.6814e-01	 3.3314e+02	 2.7801e+03
 3.8443e+03	 2.7485e+03	 5.7462e+00	 3.3266e-01	 3.3314e+02	 2.7825e+03
 5.7665e+03	 2.7485e+03	 5.6687e+00	 4.1322e-01	 3.3313e+02	 2.7849e+03
 8.6498e+03	 2.7485e+03	 5.5651e+00	 5.1057e-01	 3.3315e+02	 2.7875e+03
 1.2975e+04	 2.7485e+03	 5.4250e+00	 6.2149e-01	 3.3314e+02	 2.7899e+03
 1.9462e+04	 2.7485e+03	 5.2374e+00	 7.3489e-01	 3.3314e+02	 2.7925e+03
 2.9193e+04	 2.7485e+03	 4.9972e+00	 8.2961e-01	 3.3314e+02	 2.7951e+03
 4.3789e+04	 2.7485e+03	 4.7172e+00	 8.7784e-01	 3.3314e+02	 2.7979e+03
 6.5684e+04	 2.7485e+03	 4.4360e+00	 8.6350e-01	 3.3314e+02	 2.8004e+03
 9.8526e+04	 2.7485e+03	 4.1738e+00	 7.9246e-01	 3.3314e+02	 2.8032e+03
 1.4779e+05	 2.7485e+03	 3.9609e+00	 6.9126e-01	 3.3314e+02	 2.8056e+03
 2.2168e+05	 2.7485e+03	 3.7985e+00	 5.8733e-01	 3.3315e+02	 2.8085e+03
 3.3253e+05	 2.7485e+03	 3.6650e+00	 4.9702e-01	 3.3315e+02	 2.8110e+03
 4.9879e+05	 2.7485e+03	 3.5661e+00	 4.2676e-01	 3.3315e+02	 2.8137e+03
 7.4818e+05	 2.7485e+03	 3.5369e+00	 2.8760e-01	 3.3316e+02	 2.8212e+03
 9.0000e+05	 2.7485e+03	 3.5066e+00	 2.6003e-01	 3.3316e+02	 2.8291e+03
 1.0000e+02	 2.8264e+03	 6.0170e+00	 6.4357e-02	 3.3315e+02	 2.8372e+03
 1.5000e+02	 2.8264e+03	 6.0066e+00	 7.3628e-02	 3.3315e+02	 2.8398e+03
 2.2500e+02	 2.8264e+03	 5.9864e+00	 8.5952e-02	 3.3315e+02	 2.8425e+03
 3.3750e+02	 2.8264e+03	 5.9677e+00	 1.0139e-01	 3.3316e+02	 2.8451e+03
 5.0625e+02	 2.8264e+03	 5.9456e+00	 1.2091e-01	 3.3315e+02	 2.8478e+03
 7.5938e+02	 2.8264e+03	 5.9197e+00	 1.4597e-01	 3.3316e+02	 2.8504e+03
 1.1391e+03	 2.8264e+03	 5.8883e+00	 1.7764e-01	 3.3316e+02	 2.8532e+03
 1.7086e+03	 2.8264e+03	 5.8500e+00	 2.1786e-01	 3.3316e+02	 2.8558e+03
 2.5629e+03	 2.8264e+03	 5.8030e+00	 2.6883e-01	 3.3317e+02	 2.8585e+03
 3.8443e+03	 2.8264e+03	 5.7433e+00	 3.3335e-01	 3.3316e+02	 2.8610e+03
 5.7665e+03	 2.8264e+03	 5.6654e+00	 4.1371e-01	 3.3316e+02	 2.8634e+03
 8.6498e+03	 2.8264e+03	 5.5617e+00	 5.1077e-01	 3.3317e+02	 2.8662e+03
 1.2975e+04	 2.8264e+03	 5.4215e+00	 6.2134e-01	 3.3316e+02	 2.8686e+03
 1.9462e+04	 2.8264e+03	 5.2341e+00	 7.3448e-01	 3.3316e+02	 2.8712e+03
 2.9193e+04	 2.8264e+03	 4.9942e+00	 8.2869e-01	 3.3316e+02	 2.8738e+03
 4.3789e+04	 2.8264e+03	 4.7144e+00	 8.7671e-01	 3.3317e+02	 2.8762e+03
 6.5684e+04	 2.8264e+03	 4.4338e+00	 8.6242e-01	 3.3316e+02	 2.8789e+03
 9.8526e+04	 2.8264e+03	 4.1719e+00	 7.9156e-01	 3.3317e+02	 2.8814e+03
 1.4779e+05	 2.8264e+03	 3.9591e+00	 6.9058e-01	 3.3316e+02	 2.8842e+03
 2.2168e+05	 2.8264e+03	 3.7968e+00	 5.8697e-01	 3.3316e+02	 2.8868e+03
 3.3253e+05	 2.8264e+03	 3.6632e+00	 4.9696e-01	 3.3316e+02	 2.8895e+03
 4.9879e+05	 2.8264e+03	 3.5642e+00	 4.2667e-01	 3.3316e+02	 2.8921e+03
 7.4818e+05	 2.8264e+03	 3.5354e+00	 2.8218e-01	 3.3316e+02	 2.9002e+03
 9.0000e+05	 2.8264e+03	 3.5050e+00	 2.5356e-01	 3.3316e+02	 2.9079e+03
 1.0000e+02	 2.9052e+03	 6.0157e+00	 6.4872e-02	 3.3315e+02	 2.9160e+03
 1.5000e+02	 2.9052e+03	 6.0035e+00	 7.2621e-02	 3.3315e+02	 2.9184e+03
 2.2500e+02	 2.9052e+03	 5.9845e+00	 8.6519e-02	 3.3315e+02	 2.9209e+03
 3.3750e+02	 2.9052e+03	 5.9657e+00	 1.0205e-01	 3.3315e+02	 2.9237e+03
 5.0625e+02	 2.9052e+03	 5.9436e+00	 1.2179e-01	 3.3314e+02	 2.9261e+03
 7.5938e+02	 2.9052e+03	 5.9174e+00	 1.4671e-01	 3.3314e+02	 2.9287e+03
 1.1391e+03	 2.9052e+03	 5.8860e+00	 1.7846e-01	 3.3315e+02	 2.9312e+03
 1.7086e+03	 2.9052e+03	 5.8473e+00	 2.1894e-01	 3.3315e+02	 2.9338e+03
 2.5629e+03	 2.9052e+03	 5.8000e+00	 2.7006e-01	 3.3315e+02	 2.9363e+03
 3.8443e+03	 2.9052e+03	 5.7397e+00	 3.3454e-01	 3.3315e+02	 2.9388e+03
 5.7665e+03	 2.9052e+03	 5.6615e+00	 4.1485e-01	 3.3315e+02	 2.9415e+03
 8.6498e+03	 2.9052e+03	 5.5572e+00	 5.1169e-01	 3.3314e+02	 2.9442e+03
 1.2975e+04	 2.9052e+03	 5.4166e+00	 6.2181e-01	 3.3315e+02	 2.9469e+03
 1.9462e+04	 2.9052e+03	 5.2290e+00	 7.3445e-01	 3.3315e+02	 2.9495e+03
 2.9193e+04	 2.9052e+03	 4.9891e+00	 8.2814e-01	 3.3315e+02	 2.9522e+03
 4.3789e+04	 2.9052e+03	 4.7097e+00	 8.7558e-01	 3.3315e+02	 2.9548e+03
 6.5684e+04	 2.9052e+03	 4.4297e+00	 8.6089e-01	 3.3315e+02	 2.9575e+03
 9.8526e+04	 2.9052e+03	 4.1685e+00	 7.8998e-01	 3.3315e+02	 2.9601e+03
 1.4779e+05	 2.9052e+03	 3.9563e+00	 6.8928e-01	 3.3315e+02	 2.9627e+03
 2.2168e+05	 2.9052e+03	 3.7944e+00	 5.8602e-01	 3.3315e+02	 2.9653e+03
 3.3253e+05	 2.9052e+03	 3.6609e+00	 4.9635e-01	 3.3315e+02	 2.9678e+03
 4.9879e+05	 2.9052e+03	 3.5619e+00	 4.2626e-01	 3.3315e+02	 2.9704e+03
 7.4818e+05	 2.9052e+03	 3.5331e+00	 2.8226e-01	 3.3315e+02	 2.9779e+03
 9.0000e+05	 2.9052e+03	 3.5027e+00	 2.5527e-01	 3.3315e+02	 2.9856e+03
 1.0000e+02	 2.9829e+03	 6.0139e+00	 6.5226e-02	 3.3315e+02	 2.9939e+03
 1.5000e+02	 2.9829e+03	 5.9980e+00	 7.4854e-02	 3.3315e+02	 2.9963e+03
 2.2500e+02	 2.9829e+03	 5.9830e+00	 8.7116e-02	 3.3314e+02	 2.9990e+03
 3.3750e+02	 2.9829e+03	 5.9637e+00	 1.0272e-01	 3.3314e+02	 3.0016e+03
 5.0625e+02	 2.9829e+03	 5.9413e+00	 1.2250e-01	 3.3314e+02	 3.0042e+03
 7.5938e+02	 2.9829e+03	 5.9151e+00	 1.4751e-01	 3.3314e+02	 3.0068e+03
 1.1391e+03	 2.9829e+03	 5.8834e+00	 1.7951e-01	 3.3314e+02	 3.0092e+03
 1.7086e+03	 2.9829e+03	 5.8446e+00	 2.1979e-01	 3.3314e+02	 3.0119e+03
 2.5629e+03	 2.9829e+03	 5.7968e+00	 2.7104e-01	 3.3314e+02	 3.0145e+03
 3.8443e+03	 2.9829e+03	 5.7362e+00	 3.3559e-01	 3.3314e+02	 3.0172e+03
 5.7665e+03	 2.9829e+03	 5.6577e+00	 4.1585e-01	 3.3314e+02	 3.0198e+03
 8.6498e+03	 2.9829e+03	 5.5530e+00	 5.1245e-01	 3.3313e+02	 3.0225e+03
 1.2975e+04	 2.9829e+03	 5.4120e+00	 6.2236e-01	 3.3314e+02	 3.0250e+03
 1.9462e+04	 2.9829e+03	 5.2242e+00	 7.3440e-01	 3.3314e+02	 3.0277e+03
 2.9193e+04	 2.9829e+03	 4.9844e+00	 8.2746e-01	 3.3314e+02	 3.0305e+03
 4.3789e+04	 2.9829e+03	 4.7055e+00	 8.7455e-01	 3.3314e+02	 3.0332e+03
 6.5684e+04	 2.9829e+03	 4.4260e+00	 8.5947e-01	 3.3314e+02	 3.0358e+03
 9.8526e+04	 2.9829e+03	 4.1655e+00	 7.8869e-01	 3.3314e+02	 3.0385e+03
 1.4779e+05	 2.9829e+03	 3.9540e+00	 6.8831e-01	 3.3314e+02	 3.0409e+03
 2.2168e+05	 2.9829e+03	 3.7921e+00	 5.8538e-01	 3.3314e+02	 3.0435e+03
 3.3253e+05	 2.9829e+03	 3.6588e+00	 4.9589e-01	 3.3315e+02	 3.0459e+03
 4.9879e+05	 2.9829e+03	 3.5599e+00	 4.2599e-01	 3.3315e+02	 3.0486e+03
 7.4818e+05	 2.9829e+03	 3.5305e+00	 2.8623e-01	 3.3315e+02	 3.0568e+03
 9.0000e+05	 2.9829e+03	 3.5007e+00	 2.5451e-01	 3.3314e+02	 3.0646e+03
 1.0000e+02	 3.0619e+03	 6.0125e+00	 6.5567e-02	 3.3316e+02	 3.0726e+03
 1.5000e+02	 3.0619e+03	 5.9980e+00	 7.6072e-02	 3.3316e+02	 3.0751e+03
 2.2500e+02	 3.0619e+03	 5.9814e+00	 8.7522e-02	 3.3315e+02	 3.0779e+03
 3.3750e+02	 3.0619e+03	 5.9621e+00	 1.0317e-01	 3.3315e+02	 3.0804e+03
 5.0625e+02	 3.0619e+03	 5.9396e+00	 1.2289e-01	 3.3316e+02	 3.0832e+03
 7.5938e+02	 3.0619e+03	 5.9128e+00	 1.4827e-01	 3.3315e+02	 3.0858e+03
 1.1391e+03	 3.0619e+03	 5.8812e+00	 1.8021e-01	 3.3315e+02	 3.0884e+03
 1.7086e+03	 3.0619e+03	 5.8421e+00	 2.2058e-01	 3.3316e+02	 3.0911e+03
 2.5629e+03	 3.0619e+03	 5.7941e+00	 2.7182e-01	 3.3315e+02	 3.0938e+03
 3.8443e+03	 3.0619e+03	 5.7334e+00	 3.3624e-01	 3.3316e+02	 3.0962e+03
 5.7665e+03	 3.0619e+03	 5.6544e+00	 4.1643e-01	 3.3316e+02	 3.0990e+03
 8.6498e+03	 3.0619e+03	 5.5495e+00	 5.1286e-01	 3.3314e+02	 3.1016e+03
 1.2975e+04	 3.0619e+03	 5.4084e+00	 6.2229e-01	 3.3316e+02	 3.1044e+03
 1.9462e+04	 3.0619e+03	 5.2205e+00	 7.3387e-01	 3.3315e+02	 3.1070e+03
 2.9193e+04	 3.0619e+03	 4.9811e+00	 8.2656e-01	 3.3315e+02	 3.1097e+03
 4.3789e+04	 3.0619e+03	 4.7025e+00	 8.7324e-01	 3.3315e+02	 3.1122e+03
 6.5684e+04	 3.0619e+03	 4.4234e+00	 8.5816e-01	 3.3316e+02	 3.1150e+03
 9.8526e+04	 3.0619e+03	 4.1635e+00	 7.8767e-01	 3.3316e+02	 3.1176e+03
 1.4779e+05	 3.0619e+03	 3.9521e+00	 6.8760e-01	 3.3315e+02	 3.1204e+03
 2.2168e+05	 3.0619e+03	 3.7904e+00	 5.8498e-01	 3.3315e+02	 3.1230e+03
 3.3253e+05	 3.0619e+03	 3.6571e+00	 4.9567e-01	 3.3315e+02	 3.1257e+03
 4.9879e+05	 3.0619e+03	 3.5581e+00	 4.2597e-01	 3.3315e+02	 3.1282e+03
 7.4818e+05	 3.0619e+03	 3.5288e+00	 2.8554e-01	 3.3316e+02	 3.1360e+03
 9.0000e+05	 3.0619e+03	 3.4985e+00	 2.5803e-01	 3.3315e+02	 3.1439e+03
 1.0000e+02	 3.1412e+03	 6.0114e+00	 6.6171e-02	 3.3315e+02	 3.1516e+03
 1.5000e+02	 3.1412e+03	 5.9959e+00	 7.6935e-02	 3.3315e+02	 3.1541e+03
 2.2500e+02	 3.1412e+03	 5.9798e+00	 8.8101e-02	 3.3315e+02	 3.1568e+03
 3.3750e+02	 3.1412e+03	 5.9605e+00	 1.0397e-01	 3.3315e+02	 3.1594e+03
 5.0625e+02	 3.1412e+03	 5.9378e+00	 1.2397e-01	 3.3315e+02	 3.1621e+03
 7.5938e+02	 3.1412e+03	 5.9109e+00	 1.4898e-01	 3.3315e+02	 3.1647e+03
 1.1391e+03	 3.1412e+03	 5.8786e+00	 1.8112e-01	 3.3315e+02	 3.1674e+03
 1.7086e+03	 3.1412e+03	 5.8394e+00	 2.2155e-01	 3.3315e+02	 3.1700e+03
 2.5629e+03	 3.1412e+03	 5.7911e+00	 2.7280e-01	 3.3315e+02	 3.1728e+03
 3.8443e+03	 3.1412e+03	 5.7298e+00	 3.3729e-01	 3.3315e+02	 3.1752e+03
 5.7665e+03	 3.1412e+03	 5.6506e+00	 4.1730e-01	 3.3315e+02	 3.1780e+03
 8.6498e+03	 3.1412e+03	 5.5453e+00	 5.1363e-01	 3.3315e+02	 3.1806e+03
 1.2975e+04	 3.1412e+03	 5.4040e+00	 6.2285e-01	 3.3315e+02	 3.1832e+03
 1.9462e+04	 3.1412e+03	 5.2158e+00	 7.3375e-01	 3.3315e+02	 3.1859e+03
 2.9193e+04	 3.1412e+03	 4.9766e+00	 8.2576e-01	 3.3315e+02	 3.1885e+03
 4.3789e+04	 3.1412e+03	 4.6986e+00	 8.7202e-01	 3.3315e+02	 3.1909e+03
 6.5684e+04	 3.1412e+03	 4.4202e+00	 8.5700e-01	 3.3315e+02	 3.1934e+03
 9.8526e+04	 3.1412e+03	 4.1606e+00	 7.8639e-01	 3.3315e+02	 3.1961e+03
 1.4779e+05	 3.1412e+03	 3.9496e+00	 6.8650e-01	 3.3315e+02	 3.1986e+03
 2.2168e+05	 3.1412e+03	 3.7881e+00	 5.8416e-01	 3.3315e+02	 3.2012e+03
 3.3253e+05	 3.1412e+03	 3.6551e+00	 4.9512e-01	 3.3315e+02	 3.2037e+03
 4.9879e+05	 3.1412e+03	 3.5561e+00	 4.2567e-01	 3.3315e+02	 3.2062e+03
 7.4818e+05	 3.1412e+03	 3.5266e+00	 2.8600e-01	 3.3315e+02	 3.2142e+03
 9.0000e+05	 3.1412e+03	 3.4963e+00	 2.5915e-01	 3.3314e+02	 3.2219e+03
 1.0000e+02	 3.2192e+03	 6.0096e+00	 6.6458e-02	 3.3315e+02	 3.2298e+03
 1.5000e+02	 3.2192e+03	 5.9964e+00	 7.4774e-02	 3.3315e+02	 3.2324e+03
 2.2500e+02	 3.2192e+03	 5.9780e+00	 8.8718e-02	 3.3315e+02	 3.2349e+03
 3.3750e+02	 3.2192e+03	 5.9584e+00	 1.0461e-01	 3.3315e+02	 3.2375e+03
 5.0625e+02	 3.2192e+03	 5.9357e+00	 1.2459e-01	 3.3314e+02	 3.2400e+03
 7.5938e+02	 3.2192e+03	 5.9085e+00	 1.4990e-01	 3.3315e+02	 3.2426e+03
 1.1391e+03	 3.2192e+03	 5.8763e+00	 1.8205e-01	 3.3315e+02	 3.2452e+03
 1.7086e+03	 3.2192e+03	 5.8367e+00	 2.2244e-01	 3.3315e+02	 3.2478e+03
 2.5629e+03	 3.2192e+03	 5.7881e+00	 2.7370e-01	 3.3314e+02	 3.2503e+03
 3.8443e+03	 3.2192e+03	 5.7266e+00	 3.3829e-01	 3.3315e+02	 3.2528e+03
 5.7665e+03	 3.2192e+03	 5.6470e+00	 4.1824e-01	 3.3315e+02	 3.2552e+03
 8.6498e+03	 3.2192e+03	 5.5414e+00	 5.1436e-01	 3.3315e+02	 3.2579e+03
 1.2975e+04	 3.2192e+03	 5.3998e+00	 6.2326e-01	 3.3315e+02	 3.2604e+03
 1.9462e+04	 3.2192e+03	 5.2114e+00	 7.3382e-01	 3.3315e+02	 3.2631e+03
 2.9193e+04	 3.2192e+03	 4.9723e+00	 8.2511e-01	 3.3315e+02	 3.2658e+03
 4.3789e+04	 3.2192e+03	 4.6947e+00	 8.7108e-01	 3.3315e+02	 3.2685e+03
 6.5684e+04	 3.2192e+03	 4.4170e+00	 8.5557e-01	 3.3315e+02	 3.2709e+03
 9.8526e+04	 3.2192e+03	 4.1580e+00	 7.8516e-01	 3.3315e+02	 3.2738e+03
 1.4779e+05	 3.2192e+03	 3.9476e+00	 6.8555e-01	 3.3315e+02	 3.2763e+03
 2.2168e+05	 3.2192e+03	 3.7862e+00	 5.8355e-01	 3.3315e+02	 3.2790e+03
 3.3253e+05	 3.2192e+03	 3.6531e+00	 4.9475e-01	 3.3315e+02	 3.2815e+03
 4.9879e+05	 3.2192e+03	 3.5542e+00	 4.2546e-01	 3.3315e+02	 3.2841e+03
 7.4818e+05	 3.2192e+03	 3.5247e+00	 2.8584e-01	 3.3315e+02	 3.2920e+03
 9.0000e+05	 3.2192e+03	 3.4945e+00	 2.5772e-01	 3.3315e+02	 3.2998e+03
 1.0000e+02	 3.2971e+03	 6.0086e+00	 6.6814e-02	 3.3315e+02	 3.3080e+03
 1.5000e+02	 3.2971e+03	 5.9929e+00	 7.6780e-02	 3.3316e+02	 3.3104e+03
 2.2500e+02	 3.2971e+03	 5.9766e+00	 8.9156e-02	 3.3315e+02	 3.3132e+03
 3.3750e+02	 3.2971e+03	 5.9567e+00	 1.0512e-01	 3.3316e+02	 3.3159e+03
 5.0625e+02	 3.2971e+03	 5.9337e+00	 1.2502e-01	 3.3315e+02	 3.3185e+03
 7.5938e+02	 3.2971e+03	 5.9066e+00	 1.5059e-01	 3.3316e+02	 3.3211e+03
 1.1391e+03	 3.2971e+03	 5.8739e+00	 1.8305e-01	 3.3316e+02	 3.3239e+03
 1.7086e+03	 3.2971e+03	 5.8343e+00	 2.2337e-01	 3.3315e+02	 3.3265e+03
 2.5629e+03	 3.2971e+03	 5.7854e+00	 2.7457e-01	 3.3315e+02	 3.3293e+03
 3.8443e+03	 3.2971e+03	 5.7235e+00	 3.3906e-01	 3.3316e+02	 3.3318e+03
 5.7665e+03	 3.2971e+03	 5.6436e+00	 4.1916e-01	 3.3315e+02	 3.3345e+03
 8.6498e+03	 3.2971e+03	 5.5377e+00	 5.1489e-01	 3.3315e+02	 3.3371e+03
 1.2975e+04	 3.2971e+03	 5.3956e+00	 6.2350e-01	 3.3316e+02	 3.3397e+03
 1.9462e+04	 3.2971e+03	 5.2072e+00	 7.3361e-01	 3.3315e+02	 3.3423e+03
 2.9193e+04	 3.2971e+03	 4.9683e+00	 8.2440e-01	 3.3315e+02	 3.3450e+03
 4.3789e+04	 3.2971e+03	 4.6910e+00	 8.6982e-01	 3.3315e+02	 3.3475e+03
 6.5684e+04	 3.2971e+03	 4.4136e+00	 8.5422e-01	 3.3315e+02	 3.3499e+03
 9.8526e+04	 3.2971e+03	 4.1553e+00	 7.8392e-01	 3.3316e+02	 3.3527e+03
 1.4779e+05	 3.2971e+03	 3.9451e+00	 6.8458e-01	 3.3315e+02	 3.3551e+03
 2.2168e+05	 3.2971e+03	 3.7841e+00	 5.8281e-01	 3.3315e+02	 3.3578e+03
 3.3253e+05	 3.2971e+03	 3.6512e+00	 4.9436e-01	 3.3315e+02	 3.3603e+03
 4.9879e+05	 3.2971e+03	 3.5522e+00	 4.2519e-01	 3.3315e+02	 3.3632e+03
 7.4818e+05	 3.2971e+03	 3.5226e+00	 2.8765e-01	 3.3314e+02	 3.3709e+03
 9.0000e+05	 3.2971e+03	 3.4921e+00	 2.6065e-01	 3.3314e+02	 3.3784e+03
 1.0000e+02	 3.3758e+03	 6.0070e+00	 6.7261e-02	 3.3314e+02	 3.3867e+03
 1.5000e+02	 3.3758e+03	 5.9919e+00	 7.5263e-02	 3.3314e+02	 3.3891e+03
 2.2500e+02	 3.3758e+03	 5.9748e+00	 8.9791e-02	 3.3314e+02	 3.3919e+03
 3.3750e+02	 3.3758e+03	 5.9551e+00	 1.0582e-01	 3.3314e+02	 3.3944e+03
 5.0625e+02	 3.3758e+03	 5.9320e+00	 1.2606e-01	 3.3314e+02	 3.3972e+03
 7.5938e+02	 3.3758e+03	 5.9043e+00	 1.5135e-01	 3.3314e+02	 3.3998e+03
 1.1391e+03	 3.3758e+03	 5.8718e+00	 1.8348e-01	 3.3315e+02	 3.4026e+03
 1.7086e+03	 3.3758e+03	 5.8315e+00	 2.2427e-01	 3.3314e+02	 3.4051e+03
 2.5629e+03	 3.3758e+03	 5.7824e+00	 2.7564e-01	 3.3315e+02	 3.4078e+03
 3.8443e+03	 3.3758e+03	 5.7203e+00	 3.4001e-01	 3.3314e+02	 3.4102e+03
 5.7665e+03	 3.3758e+03	 5.6398e+00	 4.1995e-01	 3.3314e+02	 3.4126e+03
 8.6498e+03	 3.3758e+03	 5.5337e+00	 5.1573e-01	 3.3315e+02	 3.4152e+03
 1.2975e+04	 3.3758e+03	 5.3914e+00	 6.2369e-01	 3.3314e+02	 3.4176e+03
 1.9462e+04	 3.3758e+03	 5.2029e+00	 7.3342e-01	 3.3314e+02	 3.4202e+03
 2.9193e+04	 3.3758e+03	 4.9641e+00	 8.2384e-01	 3.3315e+02	 3.4228e+03
 4.3789e+04	 3.3758e+03	 4.6872e+00	 8.6880e-01	 3.3315e+02	 3.4256e+03
 6.5684e+04	 3.3758e+03	 4.4105e+00	 8.5295e-01	 3.3315e+02	 3.4280e+03
 9.8526e+04	 3.3758e+03	 4.1526e+00	 7.8269e-01	 3.3315e+02	 3.4308e+03
 1.4779e+05	 3.3758e+03	 3.9429e+00	 6.8366e-01	 3.3315e+02	 3.4333e+03
 2.2168e+05	 3.3758e+03	 3.7823e+00	 5.8221e-01	 3.3315e+02	 3.4362e+03
 3.3253e+05	 3.3758e+03	 3.6494e+00	 4.9402e-01	 3.3315e+02	 3.4387e+03
 4.9879e+05	 3.3758e+03	 3.5505e+00	 4.2496e-01	 3.3315e+02	 3.4416e+03
 7.4818e+05	 3.3758e+03	 3.5209e+00	 2.8668e-01	 3.3315e+02	 3.4491e+03
 9.0000e+05	 3.3758e+03	 3.4906e+00	 2.6037e-01	 3.3316e+02	 3.4568e+03
 1.0000e+02	 3.4541e+03	 6.0059e+00	 6.7605e-02	 3.3316e+02	 3.4649e+03
 1.5000e+02	 3.4541e+03	 5.9916e+00	 7.6421e-02	 3.3316e+02	 3.4674e+03
 2.2500e+02	 3.4541e+03	 5.9736e+00	 9.0263e-02	 3.3316e+02	 3.4702e+03
 3.3750e+02	 3.4541e+03	 5.9535e+00	 1.0624e-01	 3.3316e+02	 3.4728e+03
 5.0625e+02	 3.4541e+03	 5.9301e+00	 1.2661e-01	 3.3315e+02	 3.4756e+03
 7.5938e+02	 3.4541e+03	 5.9027e+00	 1.5223e-01	 3.3316e+02	 3.4783e+03
 1.1391e+03	 3.4541e+03	 5.8697e+00	 1.8459e-01	 3.3316e+02	 3.4809e+03
 1.7086e+03	 3.4541e+03	 5.8293e+00	 2.2505e-01	 3.3316e+02	 3.4835e+03
 2.5629e+03	 3.4541e+03	 5.7798e+00	 2.7646e-01	 3.3316e+02	 3.4863e+03
 3.8443e+03	 3.4541e+03	 5.7173e+00	 3.4088e-01	 3.3315e+02	 3.4889e+03
 5.7665e+03	 3.4541e+03	 5.6367e+00	 4.2077e-01	 3.3316e+02	 3.4914e+03
 8.6498e+03	 3.4541e+03	 5.5300e+00	 5.1623e-01	 3.3315e+02	 3.4941e+03
 1.2975e+04	 3.4541e+03	 5.3876e+00	 6.2402e-01	 3.3315e+02	 3.4967e+03
 1.9462e+04	 3.4541e+03	 5.1989e+00	 7.3318e-01	 3.3315e+02	 3.4994e+03
 2.9193e+04	 3.4541e+03	 4.9601e+00	 8.2305e-01	 3.3315e+02	 3.5020e+03
 4.3789e+04	 3.4541e+03	 4.6837e+00	 8.6771e-01	 3.3315e+02	 3.5044e+03
 6.5684e+04	 3.4541e+03	 4.4075e+00	 8.5178e-01	 3.3315e+02	 3.5069e+03
 9.8526e+04	 3.4541e+03	 4.1502e+00	 7.8152e-01	 3.3315e+02	 3.5096e+03
 1.4779e+05	 3.4541e+03	 3.9408e+00	 6.8264e-01	 3.3316e+02	 3.5121e+03
 2.2168e+05	 3.4541e+03	 3.7803e+00	 5.8154e-01	 3.3315e+02	 3.5147e+03
 3.3253e+05	 3.4541e+03	 3.6475e+00	 4.9356e-01	 3.3315e+02	 3.5172e+03
 4.9879e+05	 3.4541e+03	 3.5485e+00	 4.2470e-01	 3.3315e+02	 3.5200e+03
 7.4818e+05	 3.4541e+03	 3.5196e+00	 2.7974e-01	 3.3314e+02	 3.5274e+03
 9.0000e+05	 3.4541e+03	 3.4891e+00	 2.5476e-01	 3.3314e+02	 3.5351e+03
 1.0000e+02	 3.5324e+03	 6.0046e+00	 6.8039e-02	 3.3314e+02	 3.5431e+03
 1.5000e+02	 3.5324e+03	 5.9879e+00	 7.6975e-02	 3.3314e+02	 3.5456e+03
 2.2500e+02	 3.5324e+03	 5.9716e+00	 9.0830e-02	 3.3314e+02	 3.5481e+03
 3.3750e+02	 3.5324e+03	 5.9516e+00	 1.0689e-01	 3.3315e+02	 3.5508e+03
 5.0625e+02	 3.5324e+03	 5.9281e+00	 1.2738e-01	 3.3314e+02	 3.5532e+03
 7.5938e+02	 3.5324e+03	 5.9003e+00	 1.5300e-01	 3.3315e+02	 3.5558e+03
 1.1391e+03	 3.5324e+03	 5.8672e+00	 1.8499e-01	 3.3314e+02	 3.5582e+03
 1.7086e+03	 3.5324e+03	 5.8267e+00	 2.2596e-01	 3.3314e+02	 3.5608e+03
 2.5629e+03	 3.5324e+03	 5.7770e+00	 2.7753e-01	 3.3315e+02	 3.5633e+03
 3.8443e+03	 3.5324e+03	 5.7142e+00	 3.4202e-01	 3.3314e+02	 3.5658e+03
 5.7665e+03	 3.5324e+03	 5.6329e+00	 4.2168e-01	 3.3314e+02	 3.5682e+03
 8.6498e+03	 3.5324e+03	 5.5261e+00	 5.1700e-01	 3.3315e+02	 3.5707e+03
 1.2975e+04	 3.5324e+03	 5.3832e+00	 6.2444e-01	 3.3314e+02	 3.5732e+03
 1.9462e+04	 3.5324e+03	 5.1945e+00	 7.3315e-01	 3.3314e+02	 3.5758e+03
 2.9193e+04	 3.5324e+03	 4.9559e+00	 8.2244e-01	 3.3315e+02	 3.5784e+03
 4.3789e+04	 3.5324e+03	 4.6799e+00	 8.6648e-01	 3.3315e+02	 3.5809e+03
 6.5684e+04	 3.5324e+03	 4.4044e+00	 8.5041e-01	 3.3316e+02	 3.5833e+03
 9.8526e+04	 3.5324e+03	 4.1472e+00	 7.8028e-01	 3.3314e+02	 3.5858e+03
 1.4779e+05	 3.5324e+03	 3.9386e+00	 6.8181e-01	 3.3315e+02	 3.5883e+03
 2.2168e+05	 3.5324e+03	 3.7783e+00	 5.8092e-01	 3.3315e+02	 3.5909e+03
 3.3253e+05	 3.5324e+03	 3.6457e+00	 4.9312e-01	 3.3315e+02	 3.5934e+03
 4.9879e+05	 3.5324e+03	 3.5467e+00	 4.2451e-01	 3.3315e+02	 3.5960e+03
 7.4818e+05	 3.5324e+03	 3.5175e+00	 2.8375e-01	 3.3315e+02	 3.6038e+03
 9.0000e+05	 3.5324e+03	 3.4872e+00	 2.5546e-01	 3.3314e+02	 3.6113e+03
 1.0000e+02	 3.6086e+03	 6.0032e+00	 6.8518e-02	 3.3315e+02	 3.6195e+03
 1.5000e+02	 3.6086e+03	 5.9894e+00	 7.9048e-02	 3.3315e+02	 3.6220e+03
 2.2500e+02	 3.6086e+03	 5.9702e+00	 9.1342e-02	 3.3315e+02	 3.6247e+03
 3.3750e+02	 3.6086e+03	 5.9502e+00	 1.0756e-01	 3.3315e+02	 3.6273e+03
 5.0625e+02	 3.6086e+03	 5.9265e+00	 1.2786e-01	 3.3315e+02	 3.6300e+03
 7.5938e+02	 3.6086e+03	 5.8985e+00	 1.5358e-01	 3.3315e+02	 3.6326e+03
 1.1391e+03	 3.6086e+03	 5.8654e+00	 1.8578e-01	 3.3315e+02	 3.6351e+03
 1.7086e+03	 3.6086e+03	 5.8244e+00	 2.2671e-01	 3.3316e+02	 3.6378e+03
 2.5629e+03	 3.6086e+03	 5.7745e+00	 2.7824e-01	 3.3315e+02	 3.6407e+03
 3.8443e+03	 3.6086e+03	 5.7114e+00	 3.4276e-01	 3.3315e+02	 3.6432e+03
 5.7665e+03	 3.6086e+03	 5.6301e+00	 4.2235e-01	 3.3316e+02	 3.6460e+03
 8.6498e+03	 3.6086e+03	 5.5227e+00	 5.1742e-01	 3.3316e+02	 3.6486e+03
 1.2975e+04	 3.6086e+03	 5.3797e+00	 6.2458e-01	 3.3315e+02	 3.6511e+03
 1.9462e+04	 3.6086e+03	 5.1908e+00	 7.3292e-01	 3.3315e+02	 3.6538e+03
 2.9193e+04	 3.6086e+03	 4.9523e+00	 8.2174e-01	 3.3315e+02	 3.6564e+03
 4.3789e+04	 3.6086e+03	 4.6767e+00	 8.6560e-01	 3.3314e+02	 3.6592e+03
 6.5684e+04	 3.6086e+03	 4.4015e+00	 8.4916e-01	 3.3315e+02	 3.6616e+03
 9.8526e+04	 3.6086e+03	 4.1446e+00	 7.7909e-01	 3.3314e+02	 3.6642e+03
 1.4779e+05	 3.6086e+03	 3.9365e+00	 6.8081e-01	 3.3314e+02	 3.6669e+03
 2.2168e+05	 3.6086e+03	 3.7764e+00	 5.8021e-01	 3.3314e+02	 3.6695e+03
 3.3253e+05	 3.6086e+03	 3.6437e+00	 4.9262e-01	 3.3314e+02	 3.6719e+03
 4.9879e+05	 3.6086e+03	 3.5449e+00	 4.2404e-01	 3.3313e+02	 3.6748e+03
 7.4818e+05	 3.6086e+03	 3.5159e+00	 2.8057e-01	 3.3313e+02	 3.6824e+03
 9.0000e+05	 3.6086e+03	 3.4853e+00	 2.5533e-01	 3.3314e+02	 3.6902e+03
 1.0000e+02	 3.6875e+03	 6.0018e+00	 6.8934e-02	 3.3315e+02	 3.6983e+03
 1.5000e+02	 3.6875e+03	 5.9861e+00	 7.8632e-02	 3.3315e+02	 3.7008e+03
 2.2500e+02	 3.6875e+03	 5.9687e+00	 9.1833e-02	 3.3315e+02	 3.7034e+03
 3.3750e+02	 3.6875e+03	 5.9485e+00	 1.0813e-01	 3.3315e+02	 3.7060e+03
 5.0625e+02	 3.6875e+03	 5.9249e+00	 1.2850e-01	 3.3315e+02	 3.7087e+03
 7.5938e+02	 3.6875e+03	 5.8965e+00	 1.5429e-01	 3.3316e+02	 3.7113e+03
 1.1391e+03	 3.6875e+03	 5.8632e+00	 1.8671e-01	 3.3315e+02	 3.7140e+03
 1.7086e+03	 3.6875e+03	 5.8222e+00	 2.2782e-01	 3.3315e+02	 3.7166e+03
 2.5629e+03	 3.6875e+03	 5.7718e+00	 2.7912e-01	 3.3316e+02	 3.7192e+03
 3.8443e+03	 3.6875e+03	 5.7084e+00	 3.4359e-01	 3.3316e+02	 3.7219e+03
 5.7665e+03	 3.6875e+03	 5.6269e+00	 4.2305e-01	 3.3316e+02	 3.7247e+03
 8.6498e+03	 3.6875e+03	 5.5193e+00	 5.1783e-01	 3.3316e+02	 3.7273e+03
 1.2975e+04	 3.6875e+03	 5.3761e+00	 6.2458e-01	 3.3316e+02	 3.7298e+03
 1.9462e+04	 3.6875e+03	 5.1874e+00	 7.3247e-01	 3.3316e+02	 3.7324e+03
 2.9193e+04	 3.6875e+03	 4.9493e+00	 8.2095e-01	 3.3316e+02	 3.7351e+03
 4.3789e+04	 3.6875e+03	 4.6743e+00	 8.6454e-01	 3.3316e+02	 3.7377e+03
 6.5684e+04	 3.6875e+03	 4.3996e+00	 8.4829e-01	 3.3316e+02	 3.7401e+03
 9.8526e+04	 3.6875e+03	 4.1433e+00	 7.7843e-01	 3.3316e+02	 3.7426e+03
 1.4779e+05	 3.6875e+03	 3.9353e+00	 6.8050e-01	 3.3317e+02	 3.7452e+03
 2.2168e+05	 3.6875e+03	 3.7753e+00	 5.8016e-01	 3.3317e+02	 3.7478e+03
 3.3253e+05	 3.6875e+03	 3.6426e+00	 4.9275e-01	 3.3317e+02	 3.7504e+03
 4.9879e+05	 3.6875e+03	 3.5436e+00	 4.2428e-01	 3.3317e+02	 3.7530e+03
 7.4818e+05	 3.6875e+03	 3.5145e+00	 2.8202e-01	 3.3317e+02	 3.7609e+03
 9.0000e+05	 3.6875e+03	 3.4840e+00	 2.5488e-01	 3.3317e+02	 3.7688e+03
 1.0000e+02	 3.7661e+03	 6.0009e+00	 6.9162e-02	 3.3316e+02	 3.7769e+03
 1.5000e+02	 3.7661e+03	 5.9850e+00	 7.8592e-02	 3.3316e+02	 3.7794e+03
 2.2500e+02	 3.7661e+03	 5.9675e+00	 9.2286e-02	 3.3316e+02	 3.7820e+03
 3.3750e+02	 3.7661e+03	 5.9470e+00	 1.0860e-01	 3.3316e+02	 3.7846e+03
 5.0625e+02	 3.7661e+03	 5.9228e+00	 1.2928e-01	 3.3316e+02	 3.7874e+03
 7.5938e+02	 3.7661e+03	 5.8948e+00	 1.5504e-01	 3.3316e+02	 3.7900e+03
 1.1391e+03	 3.7661e+03	 5.8609e+00	 1.8753e-01	 3.3316e+02	 3.7924e+03
 1.7086e+03	 3.7661e+03	 5.8197e+00	 2.2853e-01	 3.3315e+02	 3.7952e+03
 2.5629e+03	 3.7661e+03	 5.7693e+00	 2.8011e-01	 3.3315e+02	 3.7980e+03
 3.8443e+03	 3.7661e+03	 5.7054e+00	 3.4452e-01	 3.3316e+02	 3.8004e+03
 5.7665e+03	 3.7661e+03	 5.6233e+00	 4.2406e-01	 3.3315e+02	 3.8029e+03
 8.6498e+03	 3.7661e+03	 5.5155e+00	 5.1878e-01	 3.3315e+02	 3.8056e+03
 1.2975e+04	 3.7661e+03	 5.3717e+00	 6.2518e-01	 3.3315e+02	 3.8081e+03
 1.9462e+04	 3.7661e+03	 5.1827e+00	 7.3265e-01	 3.3315e+02	 3.8107e+03
 2.9193e+04	 3.7661e+03	 4.9444e+00	 8.2030e-01	 3.3315e+02	 3.8134e+03
 4.3789e+04	 3.7661e+03	 4.6697e+00	 8.6337e-01	 3.3315e+02	 3.8162e+03
 6.5684e+04	 3.7661e+03	 4.3955e+00	 8.4668e-01	 3.3314e+02	 3.8186e+03
 9.8526e+04	 3.7661e+03	 4.1398e+00	 7.7680e-01	 3.3315e+02	 3.8213e+03
 1.4779e+05	 3.7661e+03	 3.9324e+00	 6.7902e-01	 3.3315e+02	 3.8239e+03
 2.2168e+05	 3.7661e+03	 3.7726e+00	 5.7894e-01	 3.3315e+02	 3.8267e+03
 3.3253e+05	 3.7661e+03	 3.6403e+00	 4.9184e-01	 3.3314e+02	 3.8291e+03
 4.9879e+05	 3.7661e+03	 3.5413e+00	 4.2355e-01	 3.3314e+02	 3.8320e+03
 7.4818e+05	 3.7661e+03	 3.5118e+00	 2.8419e-01	 3.3314e+02	 3.8396e+03
 9.0000e+05	 3.7661e+03	 3.4819e+00	 2.5412e-01	 3.3314e+02	 3.8472e+03
 1.0000e+02	 3.8445e+03	 5.9992e+00	 6.9730e-02	 3.3313e+02	 3.8554e+03
 1.5000e+02	 3.8445e+03	 5.9845e+00	 7.8875e-02	 3.3314e+02	 3.8579e+03
 2.2500e+02	 3.8445e+03	 5.9659e+00	 9.2948e-02	 3.3314e+02	 3.8603e+03
 3.3750e+02	 3.8445e+03	 5.9452e+00	 1.0936e-01	 3.3314e+02	 3.8632e+03
 5.0625e+02	 3.8445e+03	 5.9212e+00	 1.3007e-01	 3.3314e+02	 3.8658e+03
 7.5938e+02	 3.8445e+03	 5.8927e+00	 1.5582e-01	 3.3314e+02	 3.8683e+03
 1.1391e+03	 3.8445e+03	 5.8585e+00	 1.8797e-01	 3.3314e+02	 3.8708e+03
 1.7086e+03	 3.8445e+03	 5.8171e+00	 2.2968e-01	 3.3313e+02	 3.8733e+03
 2.5629e+03	 3.8445e+03	 5.7664e+00	 2.8120e-01	 3.3314e+02	 3.8759e+03
 3.8443e+03	 3.8445e+03	 5.7022e+00	 3.4575e-01	 3.3313e+02	 3.8783e+03
 5.7665e+03	 3.8445e+03	 5.6198e+00	 4.2502e-01	 3.3314e+02	 3.8809e+03
 8.6498e+03	 3.8445e+03	 5.5114e+00	 5.1965e-01	 3.3314e+02	 3.8835e+03
 1.2975e+04	 3.8445e+03	 5.3676e+00	 6.2567e-01	 3.3315e+02	 3.8859e+03
 1.9462e+04	 3.8445e+03	 5.1783e+00	 7.3242e-01	 3.3314e+02	 3.8887e+03
 2.9193e+04	 3.8445e+03	 4.9402e+00	 8.1971e-01	 3.3315e+02	 3.8915e+03
 4.3789e+04	 3.8445e+03	 4.6660e+00	 8.6226e-01	 3.3314e+02	 3.8940e+03
 6.5684e+04	 3.8445e+03	 4.3926e+00	 8.4542e-01	 3.3314e+02	 3.8964e+03
 9.8526e+04	 3.8445e+03	 4.1375e+00	 7.7580e-01	 3.3315e+02	 3.8989e+03
 1.4779e+05	 3.8445e+03	 3.9305e+00	 6.7812e-01	 3.3315e+02	 3.9015e+03
 2.2168e+05	 3.8445e+03	 3.7709e+00	 5.7835e-01	 3.3314e+02	 3.9043e+03
 3.3253e+05	 3.8445e+03	 3.6387e+00	 4.9148e-01	 3.3314e+02	 3.9068e+03
 4.9879e+05	 3.8445e+03	 3.5397e+00	 4.2339e-01	 3.3315e+02	 3.9093e+03
 7.4818e+05	 3.8445e+03	 3.5106e+00	 2.8282e-01	 3.3315e+02	 3.9170e+03
 9.0000e+05	 3.8445e+03	 3.4801e+00	 2.5854e-01	 3.3316e+02	 3.9246e+03
 1.0000e+02	 3.9219e+03	 5.9983e+00	 7.0022e-02	 3.3315e+02	 3.9329e+03
 1.5000e+02	 3.9219e+03	 5.9826e+00	 8.0542e-02	 3.3315e+02	 3.9355e+03
 2.2500e+02	 3.9219e+03	 5.9645e+00	 9.3420e-02	 3.3315e+02	 3.9382e+03
 3.3750e+02	 3.9219e+03	 5.9437e+00	 1.0970e-01	 3.3315e+02	 3.9407e+03
 5.0625e+02	 3.9219e+03	 5.9195e+00	 1.3045e-01	 3.3315e+02	 3.9435e+03
 7.5938e+02	 3.9219e+03	 5.8908e+00	 1.5654e-01	 3.3315e+02	 3.9461e+03
 1.1391e+03	 3.9219e+03	 5.8565e+00	 1.8899e-01	 3.3315e+02	 3.9487e+03
 1.7086e+03	 3.9219e+03	 5.8149e+00	 2.3020e-01	 3.3315e+02	 3.9513e+03
 2.5629e+03	 3.9219e+03	 5.7639e+00	 2.8197e-01	 3.3316e+02	 3.9540e+03
 3.8443e+03	 3.9219e+03	 5.6995e+00	 3.4651e-01	 3.3315e+02	 3.9565e+03
 5.7665e+03	 3.9219e+03	 5.6168e+00	 4.2567e-01	 3.3315e+02	 3.9590e+03
 8.6498e+03	 3.9219e+03	 5.5081e+00	 5.2009e-01	 3.3316e+02	 3.9618e+03
 1.2975e+04	 3.9219e+03	 5.3640e+00	 6.2588e-01	 3.3315e+02	 3.9642e+03
 1.9462e+04	 3.9219e+03	 5.1748e+00	 7.3229e-01	 3.3315e+02	 3.9669e+03
 2.9193e+04	 3.9219e+03	 4.9367e+00	 8.1903e-01	 3.3315e+02	 3.9695e+03
 4.3789e+04	 3.9219e+03	 4.6629e+00	 8.6128e-01	 3.3315e+02	 3.9722e+03
 6.5684e+04	 3.9219e+03	 4.3900e+00	 8.4437e-01	 3.3315e+02	 3.9747e+03
 9.8526e+04	 3.9219e+03	 4.1352e+00	 7.7461e-01	 3.3315e+02	 3.9772e+03
 1.4779e+05	 3.9219e+03	 3.9285e+00	 6.7731e-01	 3.3315e+02	 3.9798e+03
 2.2168e+05	 3.9219e+03	 3.7692e+00	 5.7773e-01	 3.3315e+02	 3.9823e+03
 3.3253e+05	 3.9219e+03	 3.6369e+00	 4.9111e-01	 3.3315e+02	 3.9849e+03
 4.9879e+05	 3.9219e+03	 3.5380e+00	 4.2313e-01	 3.3315e+02	 3.9875e+03
 7.4818e+05	 3.9219e+03	 3.5086e+00	 2.8467e-01	 3.3315e+02	 3.9952e+03
 9.0000e+05	 3.9219e+03	 3.4782e+00	 2.5837e-01	 3.3316e+02	 4.0031e+03
 1.0000e+02	 4.0003e+03	 5.9972e+00	 7.0172e-02	 3.3316e+02	 4.0109e+03
 1.5000e+02	 4.0003e+03	 5.9828e+00	 8.2098e-02	 3.3315e+02	 4.0137e+03
 2.2500e+02	 4.0003e+03	 5.9629e+00	 9.3857e-02	 3.3315e+02	 4.0163e+03
 3.3750e+02	 4.0003e+03	 5.9421e+00	 1.1042e-01	 3.3315e+02	 4.0190e+03
 5.0625e+02	 4.0003e+03	 5.9177e+00	 1.3123e-01	 3.3316e+02	 4.0216e+03
 7.5938e+02	 4.0003e+03	 5.8889e+00	 1.5694e-01	 3.3315e+02	 4.0243e+03
 1.1391e+03	 4.0003e+03	 5.8542e+00	 1.9005e-01	 3.3315e+02	 4.0268e+03
 1.7086e+03	 4.0003e+03	 5.8125e+00	 2.3111e-01	 3.3314e+02	 4.0294e+03
 2.5629e+03	 4.0003e+03	 5.7611e+00	 2.8285e-01	 3.3315e+02	 4.0319e+03
 3.8443e+03	 4.0003e+03	 5.6966e+00	 3.4737e-01	 3.3315e+02	 4.0344e+03
 5.7665e+03	 4.0003e+03	 5.6135e+00	 4.2653e-01	 3.3314e+02	 4.0368e+03
 8.6498e+03	 4.0003e+03	 5.5045e+00	 5.2077e-01	 3.3315e+02	 4.0394e+03
 1.2975e+04	 4.0003e+03	 5.3601e+00	 6.2619e-01	 3.3315e+02	 4.0418e+03
 1.9462e+04	 4.0003e+03	 5.1706e+00	 7.3216e-01	 3.3315e+02	 4.0445e+03
 2.9193e+04	 4.0003e+03	 4.9328e+00	 8.1834e-01	 3.3315e+02	 4.0471e+03
 4.3789e+04	 4.0003e+03	 4.6594e+00	 8.6005e-01	 3.3315e+02	 4.0497e+03
 6.5684e+04	 4.0003e+03	 4.3867e+00	 8.4297e-01	 3.3315e+02	 4.0522e+03
 9.8526e+04	 4.0003e+03	 4.1328e+00	 7.7348e-01	 3.3315e+02	 4.0546e+03
 1.4779e+05	 4.0003e+03	 3.9266e+00	 6.7636e-01	 3.3315e+02	 4.0572e+03
 2.2168e+05	 4.0003e+03	 3.7673e+00	 5.7711e-01	 3.3315e+02	 4.0598e+03
 3.3253e+05	 4.0003e+03	 3.6351e+00	 4.9069e-01	 3.3315e+02	 4.0625e+03
 4.9879e+05	 4.0003e+03	 3.5364e+00	 4.2286e-01	 3.3315e+02	 4.0651e+03
 7.4818e+05	 4.0003e+03	 3.5071e+00	 2.8205e-01	 3.3315e+02	 4.0730e+03
 9.0000e+05	 4.0003e+03	 3.4767e+00	 2.5715e-01	 3.3315e+02	 4.0809e+03
 1.0000e+02	 4.0782e+03	 5.9956e+00	 7.0732e-02	 3.3315e+02	 4.0892e+03
 1.5000e+02	 4.0782e+03	 5.9804e+00	 8.1075e-02	 3.3314e+02	 4.0917e+03
 2.2500e+02	 4.0782e+03	 5.9619e+00	 9.4395e-02	 3.3314e+02	 4.0945e+03
 3.3750e+02	 4.0782e+03	 5.9408e+00	 1.1113e-01	 3.3315e+02	 4.0969e+03
 5.0625e+02	 4.0782e+03	 5.9162e+00	 1.3201e-01	 3.3315e+02	 4.0997e+03
 7.5938e+02	 4.0782e+03	 5.8869e+00	 1.5785e-01	 3.3315e+02	 4.1023e+03
 1.1391e+03	 4.0782e+03	 5.8523e+00	 1.9071e-01	 3.3315e+02	 4.1050e+03
 1.7086e+03	 4.0782e+03	 5.8102e+00	 2.3188e-01	 3.3314e+02	 4.1076e+03
 2.5629e+03	 4.0782e+03	 5.7586e+00	 2.8381e-01	 3.3315e+02	 4.1104e+03
 3.8443e+03	 4.0782e+03	 5.6937e+00	 3.4833e-01	 3.3314e+02	 4.1129e+03
 5.7665e+03	 4.0782e+03	 5.6101e+00	 4.2735e-01	 3.3314e+02	 4.1154e+03
 8.6498e+03	 4.0782e+03	 5.5009e+00	 5.2140e-01	 3.3314e+02	 4.1179e+03
 1.2975e+04	 4.0782e+03	 5.3562e+00	 6.2653e-01	 3.3315e+02	 4.1204e+03
 1.9462e+04	 4.0782e+03	 5.1667e+00	 7.3195e-01	 3.3315e+02	 4.1230e+03
 2.9193e+04	 4.0782e+03	 4.9291e+00	 8.1779e-01	 3.3315e+02	 4.1256e+03
 4.3789e+04	 4.0782e+03	 4.6560e+00	 8.5921e-01	 3.3316e+02	 4.1284e+03
 6.5684e+04	 4.0782e+03	 4.3842e+00	 8.4194e-01	 3.3315e+02	 4.1309e+03
 9.8526e+04	 4.0782e+03	 4.1305e+00	 7.7240e-01	 3.3315e+02	 4.1335e+03
 1.4779e+05	 4.0782e+03	 3.9245e+00	 6.7563e-01	 3.3315e+02	 4.1362e+03
 2.2168e+05	 4.0782e+03	 3.7656e+00	 5.7654e-01	 3.3315e+02	 4.1390e+03
 3.3253e+05	 4.0782e+03	 3.6336e+00	 4.9029e-01	 3.3315e+02	 4.1414e+03
 4.9879e+05	 4.0782e+03	 3.5348e+00	 4.2257e-01	 3.3316e+02	 4.1442e+03
 7.4818e+05	 4.0782e+03	 3.5052e+00	 2.8559e-01	 3.3316e+02	 4.1518e+03
 9.0000e+05	 4.0782e+03	 3.4749e+00	 2.5773e-01	 3.3315e+02	 4.1596e+03
 1.0000e+02	 4.1569e+03	 5.9947e+00	 7.1005e-02	 3.3315e+02	 4.1678e+03
 1.5000e+02	 4.1569e+03	 5.9781e+00	 8.2800e-02	 3.3315e+02	 4.1702e+03
 2.2500e+02	 4.1569e+03	 5.9603e+00	 9.4850e-02	 3.3315e+02	 4.1727e+03
 3.3750e+02	 4.1569e+03	 5.9393e+00	 1.1157e-01	 3.3315e+02	 4.1752e+03
 5.0625e+02	 4.1569e+03	 5.9144e+00	 1.3229e-01	 3.3316e+02	 4.1776e+03
 7.5938e+02	 4.1569e+03	 5.8853e+00	 1.5858e-01	 3.3315e+02	 4.1805e+03
 1.1391e+03	 4.1569e+03	 5.8502e+00	 1.9129e-01	 3.3315e+02	 4.1829e+03
 1.7086e+03	 4.1569e+03	 5.8080e+00	 2.3277e-01	 3.3315e+02	 4.1857e+03
 2.5629e+03	 4.1569e+03	 5.7562e+00	 2.8466e-01	 3.3315e+02	 4.1883e+03
 3.8443e+03	 4.1569e+03	 5.6908e+00	 3.4919e-01	 3.3315e+02	 4.1908e+03
 5.7665e+03	 4.1569e+03	 5.6072e+00	 4.2811e-01	 3.3315e+02	 4.1932e+03
 8.6498e+03	 4.1569e+03	 5.4975e+00	 5.2185e-01	 3.3316e+02	 4.1958e+03
 1.2975e+04	 4.1569e+03	 5.3526e+00	 6.2679e-01	 3.3315e+02	 4.1985e+03
 1.9462e+04	 4.1569e+03	 5.1629e+00	 7.3177e-01	 3.3315e+02	 4.2011e+03
 2.9193e+04	 4.1569e+03	 4.9254e+00	 8.1706e-01	 3.3315e+02	 4.2039e+03
 4.3789e+04	 4.1569e+03	 4.6527e+00	 8.5813e-01	 3.3315e+02	 4.2064e+03
 6.5684e+04	 4.1569e+03	 4.3813e+00	 8.4083e-01	 3.3315e+02	 4.2088e+03
 9.8526e+04	 4.1569e+03	 4.1281e+00	 7.7136e-01	 3.3315e+02	 4.2114e+03
 1.4779e+05	 4.1569e+03	 3.9225e+00	 6.7461e-01	 3.3315e+02	 4.2140e+03
 2.2168e+05	 4.1569e+03	 3.7636e+00	 5.7576e-01	 3.3314e+02	 4.2166e+03
 3.3253e+05	 4.1569e+03	 3.6318e+00	 4.8983e-01	 3.3315e+02	 4.2190e+03
 4.9879e+05	 4.1569e+03	 3.5330e+00	 4.2221e-01	 3.3314e+02	 4.2216e+03
 7.4818e+05	 4.1569e+03	 3.5036e+00	 2.8493e-01	 3.3315e+02	 4.2294e+03
 9.0000e+05	 4.1569e+03	 3.4731e+00	 2.5972e-01	 3.3315e+02	 4.2371e+03
 1.0000e+02	 4.2344e+03	 5.9934e+00	 7.1471e-02	 3.3315e+02	 4.2454e+03
 1.5000e+02	 4.2344e+03	 5.9765e+00	 8.3289e-02	 3.3314e+02	 4.2479e+03
 2.2500e+02	 4.2344e+03	 5.9589e+00	 9.5384e-02	 3.3315e+02	 4.2505e+03
 3.3750e+02	 4.2344e+03	 5.9373e+00	 1.1201e-01	 3.3314e+02	 4.2531e+03
 5.0625e+02	 4.2344e+03	 5.9126e+00	 1.3324e-01	 3.3315e+02	 4.2555e+03
 7.5938e+02	 4.2344e+03	 5.8831e+00	 1.5951e-01	 3.3314e+02	 4.2582e+03
 1.1391e+03	 4.2344e+03	 5.8483e+00	 1.9235e-01	 3.3314e+02	 4.2607e+03
 1.7086e+03	 4.2344e+03	 5.8055e+00	 2.3379e-01	 3.3314e+02	 4.2635e+03
 2.5629e+03	 4.2344e+03	 5.7534e+00	 2.8547e-01	 3.3314e+02	 4.2661e+03
 3.8443e+03	 4.2344e+03	 5.6877e+00	 3.5018e-01	 3.3314e+02	 4.2688e+03
 5.7665e+03	 4.2344e+03	 5.6038e+00	 4.2915e-01	 3.3315e+02	 4.2712e+03
 8.6498e+03	 4.2344e+03	 5.4936e+00	 5.2278e-01	 3.3314e+02	 4.2740e+03
 1.2975e+04	 4.2344e+03	 5.3484e+00	 6.2722e-01	 3.3315e+02	 4.2764e+03
 1.9462e+04	 4.2344e+03	 5.1585e+00	 7.3185e-01	 3.3314e+02	 4.2790e+03
 2.9193e+04	 4.2344e+03	 4.9212e+00	 8.1654e-01	 3.3315e+02	 4.2817e+03
 4.3789e+04	 4.2344e+03	 4.6489e+00	 8.5699e-01	 3.3314e+02	 4.2842e+03
 6.5684e+04	 4.2344e+03	 4.3780e+00	 8.3946e-01	 3.3315e+02	 4.2869e+03
 9.8526e+04	 4.2344e+03	 4.1256e+00	 7.7012e-01	 3.3315e+02	 4.2894e+03
 1.4779e+05	 4.2344e+03	 3.9203e+00	 6.7366e-01	 3.3315e+02	 4.2922e+03
 2.2168e+05	 4.2344e+03	 3.7618e+00	 5.7517e-01	 3.3316e+02	 4.2949e+03
 3.3253e+05	 4.2344e+03	 3.6301e+00	 4.8930e-01	 3.3315e+02	 4.2975e+03
 4.9879e+05	 4.2344e+03	 3.5313e+00	 4.2195e-01	 3.3315e+02	 4.3002e+03
 7.4818e+05	 4.2344e+03	 3.5028e+00	 2.7773e-01	 3.3314e+02	 4.3082e+03
 9.0000e+05	 4.2344e+03	 3.4724e+00	 2.5012e-01	 3.3314e+02	 4.3162e+03
 1.0000e+02	 4.3135e+03	 5.9923e+00	 7.1772e-02	 3.3314e+02	 4.3242e+03
 1.5000e+02	 4.3135e+03	 5.9769e+00	 8.1667e-02	 3.3314e+02	 4.3268e+03
 2.2500e+02	 4.3135e+03	 5.9575e+00	 9.5722e-02	 3.3314e+02	 4.3292e+03
 3.3750e+02	 4.3135e+03	 5.9361e+00	 1.1252e-01	 3.3314e+02	 4.3318e+03
 5.0625e+02	 4.3135e+03	 5.9108e+00	 1.3348e-01	 3.3314e+02	 4.3342e+03
 7.5938e+02	 4.3135e+03	 5.8814e+00	 1.5991e-01	 3.3314e+02	 4.3370e+03
 1.1391e+03	 4.3135e+03	 5.8464e+00	 1.9319e-01	 3.3314e+02	 4.3396e+03
 1.7086e+03	 4.3135e+03	 5.8035e+00	 2.3447e-01	 3.3314e+02	 4.3423e+03
 2.5629e+03	 4.3135e+03	 5.7510e+00	 2.8624e-01	 3.3314e+02	 4.3450e+03
 3.8443e+03	 4.3135e+03	 5.6853e+00	 3.5089e-01	 3.3314e+02	 4.3478e+03
 5.7665e+03	 4.3135e+03	 5.6009e+00	 4.2976e-01	 3.3314e+02	 4.3502e+03
 8.6498e+03	 4.3135e+03	 5.4907e+00	 5.2321e-01	 3.3315e+02	 4.3530e+03
 1.2975e+04	 4.3135e+03	 5.3453e+00	 6.2721e-01	 3.3314e+02	 4.3554e+03
 1.9462e+04	 4.3135e+03	 5.1557e+00	 7.3139e-01	 3.3315e+02	 4.3580e+03
 2.9193e+04	 4.3135e+03	 4.9187e+00	 8.1565e-01	 3.3315e+02	 4.3606e+03
 4.3789e+04	 4.3135e+03	 4.6470e+00	 8.5603e-01	 3.3315e+02	 4.3631e+03
 6.5684e+04	 4.3135e+03	 4.3765e+00	 8.3853e-01	 3.3316e+02	 4.3655e+03
 9.8526e+04	 4.3135e+03	 4.1245e+00	 7.6958e-01	 3.3316e+02	 4.3681e+03
 1.4779e+05	 4.3135e+03	 3.9194e+00	 6.7336e-01	 3.3316e+02	 4.3708e+03
 2.2168e+05	 4.3135e+03	 3.7609e+00	 5.7506e-01	 3.3316e+02	 4.3734e+03
 3.3253e+05	 4.3135e+03	 3.6290e+00	 4.8936e-01	 3.3316e+02	 4.3759e+03
 4.9879e+05	 4.3135e+03	 3.5303e+00	 4.2196e-01	 3.3316e+02	 4.3785e+03
 7.4818e+05	 4.3135e+03	 3.5013e+00	 2.8110e-01	 3.3317e+02	 4.3865e+03
 9.0000e+05	 4.3135e+03	 3.4712e+00	 2.5082e-01	 3.3316e+02	 4.3948e+03
 1.0000e+02	 4.3921e+03	 5.9915e+00	 7.2011e-02	 3.3317e+02	 4.4032e+03
 1.5000e+02	 4.3921e+03	 5.9753e+00	 8.2448e-02	 3.3317e+02	 4.4056e+03
 2.2500e+02	 4.3921e+03	 5.9566e+00	 9.6287e-02	 3.3317e+02	 4.4083e+03
 3.3750e+02	 4.3921e+03	 5.9349e+00	 1.1304e-01	 3.3317e+02	 4.4108e+03
 5.0625e+02	 4.3921e+03	 5.9099e+00	 1.3418e-01	 3.3317e+02	 4.4132e+03
 7.5938e+02	 4.3921e+03	 5.8801e+00	 1.6062e-01	 3.3316e+02	 4.4159e+03
 1.1391e+03	 4.3921e+03	 5.8446e+00	 1.9408e-01	 3.3317e+02	 4.4184e+03
 1.7086e+03	 4.3921e+03	 5.8016e+00	 2.3506e-01	 3.3317e+02	 4.4212e+03
 2.5629e+03	 4.3921e+03	 5.7489e+00	 2.8681e-01	 3.3316e+02	 4.4238e+03
 3.8443e+03	 4.3921e+03	 5.6828e+00	 3.5144e-01	 3.3315e+02	 4.4265e+03
 5.7665e+03	 4.3921e+03	 5.5981e+00	 4.3030e-01	 3.3316e+02	 4.4289e+03
 8.6498e+03	 4.3921e+03	 5.4876e+00	 5.2351e-01	 3.3316e+02	 4.4318e+03
 1.2975e+04	 4.3921e+03	 5.3420e+00	 6.2748e-01	 3.3316e+02	 4.4342e+03
 1.9462e+04	 4.3921e+03	 5.1520e+00	 7.3126e-01	 3.3315e+02	 4.4368e+03
 2.9193e+04	 4.3921e+03	 4.9150e+00	 8.1503e-01	 3.3315e+02	 4.4394e+03
 4.3789e+04	 4.3921e+03	 4.6434e+00	 8.5506e-01	 3.3315e+02	 4.4419e+03
 6.5684e+04	 4.3921e+03	 4.3735e+00	 8.3737e-01	 3.3315e+02	 4.4445e+03
 9.8526e+04	 4.3921e+03	 4.1218e+00	 7.6834e-01	 3.3315e+02	 4.4469e+03
 1.4779e+05	 4.3921e+03	 3.9171e+00	 6.7232e-01	 3.3315e+02	 4.4497e+03
 2.2168e+05	 4.3921e+03	 3.7587e+00	 5.7416e-01	 3.3315e+02	 4.4524e+03
 3.3253e+05	 4.3921e+03	 3.6272e+00	 4.8864e-01	 3.3315e+02	 4.4550e+03
 4.9879e+05	 4.3921e+03	 3.5283e+00	 4.2153e-01	 3.3315e+02	 4.4576e+03
 7.4818e+05	 4.3921e+03	 3.4995e+00	 2.7862e-01	 3.3315e+02	 4.4652e+03
 9.0000e+05	 4.3921e+03	 3.4689e+00	 2.5266e-01	 3.3312e+02	 4.4734e+03
 1.0000e+02	 4.4707e+03	 5.9897e+00	 7.2612e-02	 3.3313e+02	 4.4811e+03
 1.5000e+02	 4.4707e+03	 5.9748e+00	 8.2562e-02	 3.3313e+02	 4.4836e+03
 2.2500e+02	 4.4707e+03	 5.9549e+00	 9.6789e-02	 3.3313e+02	 4.4862e+03
 3.3750e+02	 4.4707e+03	 5.9331e+00	 1.1389e-01	 3.3313e+02	 4.4887e+03
 5.0625e+02	 4.4707e+03	 5.9078e+00	 1.3505e-01	 3.3313e+02	 4.4915e+03
 7.5938e+02	 4.4707e+03	 5.8779e+00	 1.6151e-01	 3.3314e+02	 4.4941e+03
 1.1391e+03	 4.4707e+03	 5.8423e+00	 1.9468e-01	 3.3314e+02	 4.4967e+03
 1.7086e+03	 4.4707e+03	 5.7989e+00	 2.3623e-01	 3.3314e+02	 4.4992e+03
 2.5629e+03	 4.4707e+03	 5.7462e+00	 2.8820e-01	 3.3314e+02	 4.5020e+03
 3.8443e+03	 4.4707e+03	 5.6796e+00	 3.5269e-01	 3.3314e+02	 4.5044e+03
 5.7665e+03	 4.4707e+03	 5.5945e+00	 4.3151e-01	 3.3314e+02	 4.5069e+03
 8.6498e+03	 4.4707e+03	 5.4836e+00	 5.2450e-01	 3.3315e+02	 4.5094e+03
 1.2975e+04	 4.4707e+03	 5.3377e+00	 6.2799e-01	 3.3315e+02	 4.5119e+03
 1.9462e+04	 4.4707e+03	 5.1478e+00	 7.3126e-01	 3.3315e+02	 4.5147e+03
 2.9193e+04	 4.4707e+03	 4.9109e+00	 8.1455e-01	 3.3314e+02	 4.5173e+03
 4.3789e+04	 4.4707e+03	 4.6398e+00	 8.5406e-01	 3.3315e+02	 4.5200e+03
 6.5684e+04	 4.4707e+03	 4.3703e+00	 8.3600e-01	 3.3315e+02	 4.5224e+03
 9.8526e+04	 4.4707e+03	 4.1193e+00	 7.6706e-01	 3.3315e+02	 4.5249e+03
 1.4779e+05	 4.4707e+03	 3.9149e+00	 6.7132e-01	 3.3315e+02	 4.5274e+03
 2.2168e+05	 4.4707e+03	 3.7569e+00	 5.7345e-01	 3.3315e+02	 4.5300e+03
 3.3253e+05	 4.4707e+03	 3.6254e+00	 4.8821e-01	 3.3314e+02	 4.5324e+03
 4.9879e+05	 4.4707e+03	 3.5267e+00	 4.2121e-01	 3.3315e+02	 4.5349e+03
 7.4818e+05	 4.4707e+03	 3.4983e+00	 2.7676e-01	 3.3316e+02	 4.5426e+03
 9.0000e+05	 4.4707e+03	 3.4679e+00	 2.5063e-01	 3.3317e+02	 4.5504e+03
 1.0000e+02	 4.5477e+03	 5.9891e+00	 7.2987e-02	 3.3316e+02	 4.5586e+03
 1.5000e+02	 4.5477e+03	 5.9737e+00	 8.2564e-02	 3.3316e+02	 4.5611e+03
 2.2500e+02	 4.5477e+03	 5.9535e+00	 9.7186e-02	 3.3316e+02	 4.5637e+03
 3.3750e+02	 4.5477e+03	 5.9320e+00	 1.1412e-01	 3.3316e+02	 4.5662e+03
 5.0625e+02	 4.5477e+03	 5.9064e+00	 1.3539e-01	 3.3316e+02	 4.5689e+03
 7.5938e+02	 4.5477e+03	 5.8764e+00	 1.6192e-01	 3.3317e+02	 4.5715e+03
 1.1391e+03	 4.5477e+03	 5.8406e+00	 1.9501e-01	 3.3317e+02	 4.5740e+03
 1.7086e+03	 4.5477e+03	 5.7973e+00	 2.3670e-01	 3.3316e+02	 4.5768e+03
 2.5629e+03	 4.5477e+03	 5.7440e+00	 2.8870e-01	 3.3316e+02	 4.5795e+03
 3.8443e+03	 4.5477e+03	 5.6773e+00	 3.5322e-01	 3.3316e+02	 4.5820e+03
 5.7665e+03	 4.5477e+03	 5.5919e+00	 4.3191e-01	 3.3316e+02	 4.5845e+03
 8.6498e+03	 4.5477e+03	 5.4807e+00	 5.2476e-01	 3.3315e+02	 4.5872e+03
 1.2975e+04	 4.5477e+03	 5.3345e+00	 6.2811e-01	 3.3316e+02	 4.5896e+03
 1.9462e+04	 4.5477e+03	 5.1445e+00	 7.3092e-01	 3.3315e+02	 4.5923e+03
 2.9193e+04	 4.5477e+03	 4.9078e+00	 8.1386e-01	 3.3315e+02	 4.5949e+03
 4.3789e+04	 4.5477e+03	 4.6371e+00	 8.5318e-01	 3.3316e+02	 4.5973e+03
 6.5684e+04	 4.5477e+03	 4.3680e+00	 8.3510e-01	 3.3315e+02	 4.5999e+03
 9.8526e+04	 4.5477e+03	 4.1171e+00	 7.6615e-01	 3.3315e+02	 4.6024e+03
 1.4779e+05	 4.5477e+03	 3.9132e+00	 6.7052e-01	 3.3315e+02	 4.6052e+03
 2.2168e+05	 4.5477e+03	 3.7553e+00	 5.7283e-01	 3.3315e+02	 4.6078e+03
 3.3253e+05	 4.5477e+03	 3.6239e+00	 4.8774e-01	 3.3315e+02	 4.6105e+03
 4.9879e+05	 4.5477e+03	 3.5252e+00	 4.2074e-01	 3.3315e+02	 4.6131e+03
 7.4818e+05	 4.5477e+03	 3.4964e+00	 2.7880e-01	 3.3315e+02	 4.6206e+03
 9.0000e+05	 4.5477e+03	 3.4663e+00	 2.5002e-01	 3.3316e+02	 4.6282e+03
 1.0000e+02	 4.6256e+03	 5.9877e+00	 7.3146e-02	 3.3315e+02	 4.6361e+03
 1.5000e+02	 4.6256e+03	 5.9717e+00	 8.4175e-02	 3.3316e+02	 4.6386e+03
 2.2500e+02	 4.6256e+03	 5.9521e+00	 9.7671e-02	 3.3315e+02	 4.6412e+03
 3.3750e+02	 4.6256e+03	 5.9301e+00	 1.1474e-01	 3.3316e+02	 4.6437e+03
 5.0625e+02	 4.6256e+03	 5.9046e+00	 1.3621e-01	 3.3315e+02	 4.6461e+03
 7.5938e+02	 4.6256e+03	 5.8746e+00	 1.6270e-01	 3.3315e+02	 4.6487e+03
 1.1391e+03	 4.6256e+03	 5.8384e+00	 1.9588e-01	 3.3315e+02	 4.6511e+03
 1.7086e+03	 4.6256e+03	 5.7948e+00	 2.3788e-01	 3.3314e+02	 4.6537e+03
 2.5629e+03	 4.6256e+03	 5.7411e+00	 2.8998e-01	 3.3315e+02	 4.6563e+03
 3.8443e+03	 4.6256e+03	 5.6741e+00	 3.5441e-01	 3.3315e+02	 4.6590e+03
 5.7665e+03	 4.6256e+03	 5.5884e+00	 4.3294e-01	 3.3314e+02	 4.6614e+03
 8.6498e+03	 4.6256e+03	 5.4768e+00	 5.2574e-01	 3.3314e+02	 4.6640e+03
 1.2975e+04	 4.6256e+03	 5.3303e+00	 6.2872e-01	 3.3314e+02	 4.6666e+03
 1.9462e+04	 4.6256e+03	 5.1402e+00	 7.3089e-01	 3.3314e+02	 4.6692e+03
 2.9193e+04	 4.6256e+03	 4.9034e+00	 8.1338e-01	 3.3315e+02	 4.6719e+03
 4.3789e+04	 4.6256e+03	 4.6330e+00	 8.5205e-01	 3.3314e+02	 4.6744e+03
 6.5684e+04	 4.6256e+03	 4.3648e+00	 8.3376e-01	 3.3314e+02	 4.6768e+03
 9.8526e+04	 4.6256e+03	 4.1145e+00	 7.6486e-01	 3.3314e+02	 4.6792e+03
 1.4779e+05	 4.6256e+03	 3.9108e+00	 6.6948e-01	 3.3314e+02	 4.6818e+03
 2.2168e+05	 4.6256e+03	 3.7534e+00	 5.7199e-01	 3.3314e+02	 4.6845e+03
 3.3253e+05	 4.6256e+03	 3.6221e+00	 4.8717e-01	 3.3314e+02	 4.6870e+03
 4.9879e+05	 4.6256e+03	 3.5236e+00	 4.2042e-01	 3.3315e+02	 4.6897e+03
 7.4818e+05	 4.6256e+03	 3.4946e+00	 2.8077e-01	 3.3315e+02	 4.6974e+03
 9.0000e+05	 4.6256e+03	 3.4642e+00	 2.5328e-01	 3.3314e+02	 4.7049e+03
 1.0000e+02	 4.7022e+03	 5.9865e+00	 7.3501e-02	 3.3314e+02	 4.7132e+03
 1.5000e+02	 4.7022e+03	 5.9704e+00	 8.4803e-02	 3.3314e+02	 4.7156e+03
 2.2500e+02	 4.7022e+03	 5.9509e+00	 9.8076e-02	 3.3314e+02	 4.7183e+03
 3.3750e+02	 4.7022e+03	 5.9289e+00	 1.1533e-01	 3.3314e+02	 4.7208e+03
 5.0625e+02	 4.7022e+03	 5.9033e+00	 1.3658e-01	 3.3314e+02	 4.7232e+03
 7.5938e+02	 4.7022e+03	 5.8728e+00	 1.6332e-01	 3.3314e+02	 4.7260e+03
 1.1391e+03	 4.7022e+03	 5.8365e+00	 1.9702e-01	 3.3314e+02	 4.7285e+03
 1.7086e+03	 4.7022e+03	 5.7926e+00	 2.3847e-01	 3.3314e+02	 4.7313e+03
 2.5629e+03	 4.7022e+03	 5.7389e+00	 2.9057e-01	 3.3314e+02	 4.7339e+03
 3.8443e+03	 4.7022e+03	 5.6713e+00	 3.5518e-01	 3.3314e+02	 4.7366e+03
 5.7665e+03	 4.7022e+03	 5.5854e+00	 4.3371e-01	 3.3314e+02	 4.7391e+03
 8.6498e+03	 4.7022e+03	 5.4737e+00	 5.2632e-01	 3.3315e+02	 4.7419e+03
 1.2975e+04	 4.7022e+03	 5.3270e+00	 6.2882e-01	 3.3315e+02	 4.7444e+03
 1.9462e+04	 4.7022e+03	 5.1368e+00	 7.3062e-01	 3.3315e+02	 4.7470e+03
 2.9193e+04	 4.7022e+03	 4.9003e+00	 8.1266e-01	 3.3316e+02	 4.7498e+03
 4.3789e+04	 4.7022e+03	 4.6305e+00	 8.5106e-01	 3.3316e+02	 4.7525e+03
 6.5684e+04	 4.7022e+03	 4.3625e+00	 8.3276e-01	 3.3316e+02	 4.7549e+03
 9.8526e+04	 4.7022e+03	 4.1129e+00	 7.6409e-01	 3.3316e+02	 4.7574e+03
 1.4779e+05	 4.7022e+03	 3.9096e+00	 6.6887e-01	 3.3316e+02	 4.7601e+03
 2.2168e+05	 4.7022e+03	 3.7521e+00	 5.7169e-01	 3.3316e+02	 4.7628e+03
 3.3253e+05	 4.7022e+03	 3.6209e+00	 4.8700e-01	 3.3316e+02	 4.7654e+03
 4.9879e+05	 4.7022e+03	 3.5223e+00	 4.2025e-01	 3.3316e+02	 4.7680e+03
 7.4818e+05	 4.7022e+03	 3.4931e+00	 2.8196e-01	 3.3316e+02	 4.7757e+03
 9.0000e+05	 4.7022e+03	 3.4629e+00	 2.5267e-01	 3.3314e+02	 4.7836e+03
 1.0000e+02	 4.7809e+03	 5.9855e+00	 7.4002e-02	 3.3315e+02	 4.7914e+03
 1.5000e+02	 4.7809e+03	 5.9688e+00	 8.4750e-02	 3.3315e+02	 4.7940e+03
 2.2500e+02	 4.7809e+03	 5.9497e+00	 9.8492e-02	 3.3315e+02	 4.7965e+03
 3.3750e+02	 4.7809e+03	 5.9273e+00	 1.1579e-01	 3.3314e+02	 4.7992e+03
 5.0625e+02	 4.7809e+03	 5.9015e+00	 1.3731e-01	 3.3315e+02	 4.8018e+03
 7.5938e+02	 4.7809e+03	 5.8711e+00	 1.6404e-01	 3.3315e+02	 4.8045e+03
 1.1391e+03	 4.7809e+03	 5.8346e+00	 1.9710e-01	 3.3315e+02	 4.8069e+03
 1.7086e+03	 4.7809e+03	 5.7904e+00	 2.3914e-01	 3.3315e+02	 4.8095e+03
 2.5629e+03	 4.7809e+03	 5.7365e+00	 2.9143e-01	 3.3316e+02	 4.8121e+03
 3.8443e+03	 4.7809e+03	 5.6690e+00	 3.5583e-01	 3.3315e+02	 4.8146e+03
 5.7665e+03	 4.7809e+03	 5.5829e+00	 4.3438e-01	 3.3316e+02	 4.8172e+03
 8.6498e+03	 4.7809e+03	 5.4705e+00	 5.2675e-01	 3.3315e+02	 4.8198e+03
 1.2975e+04	 4.7809e+03	 5.3237e+00	 6.2898e-01	 3.3316e+02	 4.8225e+03
 1.9462e+04	 4.7809e+03	 5.1334e+00	 7.3054e-01	 3.3316e+02	 4.8251e+03
 2.9193e+04	 4.7809e+03	 4.8972e+00	 8.1188e-01	 3.3315e+02	 4.8279e+03
 4.3789e+04	 4.7809e+03	 4.6275e+00	 8.5011e-01	 3.3316e+02	 4.8304e+03
 6.5684e+04	 4.7809e+03	 4.3600e+00	 8.3162e-01	 3.3315e+02	 4.8332e+03
 9.8526e+04	 4.7809e+03	 4.1108e+00	 7.6311e-01	 3.3315e+02	 4.8356e+03
 1.4779e+05	 4.7809e+03	 3.9077e+00	 6.6808e-01	 3.3316e+02	 4.8385e+03
 2.2168e+05	 4.7809e+03	 3.7503e+00	 5.7105e-01	 3.3316e+02	 4.8412e+03
 3.3253e+05	 4.7809e+03	 3.6194e+00	 4.8647e-01	 3.3316e+02	 4.8439e+03
 4.9879e+05	 4.7809e+03	 3.5207e+00	 4.1996e-01	 3.3316e+02	 4.8466e+03
 7.4818e+05	 4.7809e+03	 3.4917e+00	 2.8173e-01	 3.3315e+02	 4.8544e+03
 9.0000e+05	 4.7809e+03	 3.4612e+00	 2.5645e-01	 3.3315e+02	 4.8622e+03
 1.0000e+02	 4.8595e+03	 5.9846e+00	 7.4349e-02	 3.3315e+02	 4.8705e+03
 1.5000e+02	 4.8595e+03	 5.9673e+00	 8.5378e-02	 3.3315e+02	 4.8729e+03
 2.2500e+02	 4.8595e+03	 5.9482e+00	 9.9009e-02	 3.3315e+02	 4.8757e+03
 3.3750e+02	 4.8595e+03	 5.9260e+00	 1.1624e-01	 3.3315e+02	 4.8781e+03
 5.0625e+02	 4.8595e+03	 5.9002e+00	 1.3773e-01	 3.3315e+02	 4.8806e+03
 7.5938e+02	 4.8595e+03	 5.8693e+00	 1.6471e-01	 3.3315e+02	 4.8832e+03
 1.1391e+03	 4.8595e+03	 5.8326e+00	 1.9835e-01	 3.3315e+02	 4.8857e+03
 1.7086e+03	 4.8595e+03	 5.7882e+00	 2.3996e-01	 3.3315e+02	 4.8884e+03
 2.5629e+03	 4.8595e+03	 5.7343e+00	 2.9218e-01	 3.3315e+02	 4.8910e+03
 3.8443e+03	 4.8595e+03	 5.6663e+00	 3.5673e-01	 3.3315e+02	 4.8938e+03
 5.7665e+03	 4.8595e+03	 5.5797e+00	 4.3508e-01	 3.3315e+02	 4.8962e+03
 8.6498e+03	 4.8595e+03	 5.4672e+00	 5.2723e-01	 3.3315e+02	 4.8990e+03
 1.2975e+04	 4.8595e+03	 5.3200e+00	 6.2925e-01	 3.3315e+02	 4.9015e+03
 1.9462e+04	 4.8595e+03	 5.1297e+00	 7.3030e-01	 3.3316e+02	 4.9042e+03
 2.9193e+04	 4.8595e+03	 4.8935e+00	 8.1126e-01	 3.3316e+02	 4.9069e+03
 4.3789e+04	 4.8595e+03	 4.6243e+00	 8.4913e-01	 3.3316e+02	 4.9097e+03
 6.5684e+04	 4.8595e+03	 4.3573e+00	 8.3062e-01	 3.3316e+02	 4.9122e+03
 9.8526e+04	 4.8595e+03	 4.1084e+00	 7.6200e-01	 3.3315e+02	 4.9146e+03
 1.4779e+05	 4.8595e+03	 3.9059e+00	 6.6729e-01	 3.3316e+02	 4.9172e+03
 2.2168e+05	 4.8595e+03	 3.7488e+00	 5.7043e-01	 3.3315e+02	 4.9198e+03
 3.3253e+05	 4.8595e+03	 3.6177e+00	 4.8605e-01	 3.3315e+02	 4.9225e+03
 4.9879e+05	 4.8595e+03	 3.5192e+00	 4.1971e-01	 3.3315e+02	 4.9251e+03
 7.4818e+05	 4.8595e+03	 3.4903e+00	 2.8030e-01	 3.3315e+02	 4.9326e+03
 9.0000e+05	 4.8595e+03	 3.4598e+00	 2.5470e-01	 3.3315e+02	 4.9406e+03
 1.0000e+02	 4.9379e+03	 5.9831e+00	 7.4749e-02	 3.3314e+02	 4.9484e+03
 1.5000e+02	 4.9379e+03	 5.9677e+00	 8.5434e-02	 3.3315e+02	 4.9508e+03
 2.2500e+02	 4.9379e+03	 5.9471e+00	 9.9682e-02	 3.3314e+02	 4.9534e+03
 3.3750e+02	 4.9379e+03	 5.9246e+00	 1.1680e-01	 3.3314e+02	 4.9559e+03
 5.0625e+02	 4.9379e+03	 5.8984e+00	 1.3832e-01	 3.3315e+02	 4.9587e+03
 7.5938e+02	 4.9379e+03	 5.8678e+00	 1.6544e-01	 3.3315e+02	 4.9612e+03
 1.1391e+03	 4.9379e+03	 5.8308e+00	 1.9897e-01	 3.3314e+02	 4.9640e+03
 1.7086e+03	 4.9379e+03	 5.7862e+00	 2.4081e-01	 3.3315e+02	 4.9666e+03
 2.5629e+03	 4.9379e+03	 5.7317e+00	 2.9305e-01	 3.3315e+02	 4.9692e+03
 3.8443e+03	 4.9379e+03	 5.6634e+00	 3.5768e-01	 3.3315e+02	 4.9717e+03
 5.7665e+03	 4.9379e+03	 5.5766e+00	 4.3594e-01	 3.3315e+02	 4.9741e+03
 8.6498e+03	 4.9379e+03	 5.4638e+00	 5.2796e-01	 3.3314e+02	 4.9769e+03
 1.2975e+04	 4.9379e+03	 5.3164e+00	 6.2962e-01	 3.3315e+02	 4.9794e+03
 1.9462e+04	 4.9379e+03	 5.1257e+00	 7.3015e-01	 3.3315e+02	 4.9820e+03
 2.9193e+04	 4.9379e+03	 4.8897e+00	 8.1067e-01	 3.3315e+02	 4.9846e+03
 4.3789e+04	 4.9379e+03	 4.6209e+00	 8.4804e-01	 3.3315e+02	 4.9872e+03
 6.5684e+04	 4.9379e+03	 4.3545e+00	 8.2942e-01	 3.3315e+02	 4.9897e+03
 9.8526e+04	 4.9379e+03	 4.1062e+00	 7.6084e-01	 3.3315e+02	 4.9921e+03
 1.4779e+05	 4.9379e+03	 3.9037e+00	 6.6627e-01	 3.3315e+02	 4.9948e+03
 2.2168e+05	 4.9379e+03	 3.7468e+00	 5.6963e-01	 3.3314e+02	 4.9975e+03
 3.3253e+05	 4.9379e+03	 3.6160e+00	 4.8540e-01	 3.3315e+02	 5.0002e+03
 4.9879e+05	 4.9379e+03	 3.5175e+00	 4.1920e-01	 3.3314e+02	 5.0028e+03
 7.4818e+05	 4.9379e+03	 3.4887e+00	 2.7791e-01	 3.3314e+02	 5.0107e+03
 9.0000e+05	 4.9379e+03	 3.4585e+00	 2.5178e-01	 3.3314e+02	 5.0185e+03
 1.0000e+02	 5.0158e+03	 5.9823e+00	 7.4955e-02	 3.3315e+02	 5.0267e+03
 1.5000e+02	 5.0158e+03	 5.9663e+00	 8.7021e-02	 3.3314e+02	 5.0292e+03
 2.2500e+02	 5.0158e+03	 5.9458e+00	 9.9981e-02	 3.3314e+02	 5.0320e+03
 3.3750e+02	 5.0158e+03	 5.9234e+00	 1.1739e-01	 3.3314e+02	 5.0344e+03
 5.0625e+02	 5.0158e+03	 5.8970e+00	 1.3902e-01	 3.3315e+02	 5.0369e+03
 7.5938e+02	 5.0158e+03	 5.8661e+00	 1.6593e-01	 3.3315e+02	 5.0394e+03
 1.1391e+03	 5.0158e+03	 5.8289e+00	 1.9940e-01	 3.3315e+02	 5.0419e+03
 1.7086e+03	 5.0158e+03	 5.7842e+00	 2.4161e-01	 3.3316e+02	 5.0447e+03
 2.5629e+03	 5.0158e+03	 5.7296e+00	 2.9400e-01	 3.3315e+02	 5.0473e+03
 3.8443e+03	 5.0158e+03	 5.6611e+00	 3.5857e-01	 3.3316e+02	 5.0500e+03
 5.7665e+03	 5.0158e+03	 5.5738e+00	 4.3672e-01	 3.3315e+02	 5.0525e+03
 8.6498e+03	 5.0158e+03	 5.4606e+00	 5.2851e-01	 3.3316e+02	 5.0555e+03
 1.2975e+04	 5.0158e+03	 5.3132e+00	 6.2986e-01	 3.3316e+02	 5.0579e+03
 1.9462e+04	 5.0158e+03	 5.1224e+00	 7.3000e-01	 3.3315e+02	 5.0608e+03
 2.9193e+04	 5.0158e+03	 4.8866e+00	 8.1010e-01	 3.3316e+02	 5.0634e+03
 4.3789e+04	 5.0158e+03	 4.6181e+00	 8.4725e-01	 3.3316e+02	 5.0660e+03
 6.5684e+04	 5.0158e+03	 4.3521e+00	 8.2825e-01	 3.3316e+02	 5.0684e+03
 9.8526e+04	 5.0158e+03	 4.1042e+00	 7.5987e-01	 3.3315e+02	 5.0709e+03
 1.4779e+05	 5.0158e+03	 3.9020e+00	 6.6548e-01	 3.3316e+02	 5.0735e+03
 2.2168e+05	 5.0158e+03	 3.7455e+00	 5.6915e-01	 3.3315e+02	 5.0761e+03
 3.3253e+05	 5.0158e+03	 3.6147e+00	 4.8516e-01	 3.3316e+02	 5.0787e+03
 4.9879e+05	 5.0158e+03	 3.5162e+00	 4.1889e-01	 3.3315e+02	 5.0813e+03
 7.4818e+05	 5.0158e+03	 3.4871e+00	 2.8029e-01	 3.3315e+02	 5.0888e+03
 9.0000e+05	 5.0158e+03	 3.4569e+00	 2.5344e-01	 3.3315e+02	 5.0965e+03
 1.0000e+02	 5.0938e+03	 5.9813e+00	 7.5118e-02	 3.3315e+02	 5.1046e+03
 1.5000e+02	 5.0938e+03	 5.9626e+00	 8.6820e-02	 3.3315e+02	 5.1071e+03
 2.2500e+02	 5.0938e+03	 5.9446e+00	 1.0048e-01	 3.3315e+02	 5.1097e+03
 3.3750e+02	 5.0938e+03	 5.9218e+00	 1.1776e-01	 3.3315e+02	 5.1122e+03
 5.0625e+02	 5.0938e+03	 5.8954e+00	 1.3943e-01	 3.3314e+02	 5.1146e+03
 7.5938e+02	 5.0938e+03	 5.8643e+00	 1.6663e-01	 3.3315e+02	 5.1174e+03
 1.1391e+03	 5.0938e+03	 5.8270e+00	 2.0019e-01	 3.3315e+02	 5.1198e+03
 1.7086e+03	 5.0938e+03	 5.7820e+00	 2.4225e-01	 3.3315e+02	 5.1225e+03
 2.5629e+03	 5.0938e+03	 5.7270e+00	 2.9487e-01	 3.3314e+02	 5.1251e+03
 3.8443e+03	 5.0938e+03	 5.6581e+00	 3.5930e-01	 3.3315e+02	 5.1280e+03
 5.7665e+03	 5.0938e+03	 5.5706e+00	 4.3743e-01	 3.3315e+02	 5.1306e+03
 8.6498e+03	 5.0938e+03	 5.4571e+00	 5.2916e-01	 3.3315e+02	 5.1333e+03
 1.2975e+04	 5.0938e+03	 5.3093e+00	 6.3024e-01	 3.3315e+02	 5.1358e+03
 1.9462e+04	 5.0938e+03	 5.1186e+00	 7.3000e-01	 3.3315e+02	 5.1385e+03
 2.9193e+04	 5.0938e+03	 4.8828e+00	 8.0951e-01	 3.3315e+02	 5.1411e+03
 4.3789e+04	 5.0938e+03	 4.6146e+00	 8.4618e-01	 3.3315e+02	 5.1436e+03
 6.5684e+04	 5.0938e+03	 4.3493e+00	 8.2716e-01	 3.3315e+02	 5.1462e+03
 9.8526e+04	 5.0938e+03	 4.1017e+00	 7.5869e-01	 3.3315e+02	 5.1486e+03
 1.4779e+05	 5.0938e+03	 3.9000e+00	 6.6451e-01	 3.3315e+02	 5.1513e+03
 2.2168e+05	 5.0938e+03	 3.7437e+00	 5.6841e-01	 3.3315e+02	 5.1539e+03
 3.3253e+05	 5.0938e+03	 3.6130e+00	 4.8458e-01	 3.3315e+02	 5.1563e+03
 4.9879e+05	 5.0938e+03	 3.5146e+00	 4.1854e-01	 3.3315e+02	 5.1589e+03
 7.4818e+05	 5.0938e+03	 3.4858e+00	 2.7985e-01	 3.3315e+02	 5.1665e+03
 9.0000e+05	 5.0938e+03	 3.4555e+00	 2.5291e-01	 3.3315e+02	 5.1741e+03
 1.0000e+02	 5.1714e+03	 5.9802e+00	 7.5642e-02	 3.3315e+02	 5.1825e+03
 1.5000e+02	 5.1714e+03	 5.9627e+00	 8.6711e-02	 3.3315e+02	 5.1849e+03
 2.2500e+02	 5.1714e+03	 5.9433e+00	 1.0084e-01	 3.3314e+02	 5.1875e+03
 3.3750e+02	 5.1714e+03	 5.9207e+00	 1.1829e-01	 3.3314e+02	 5.1900e+03
 5.0625e+02	 5.1714e+03	 5.8939e+00	 1.4022e-01	 3.3315e+02	 5.1924e+03
 7.5938e+02	 5.1714e+03	 5.8625e+00	 1.6734e-01	 3.3314e+02	 5.1950e+03
 1.1391e+03	 5.1714e+03	 5.8252e+00	 2.0100e-01	 3.3314e+02	 5.1974e+03
 1.7086e+03	 5.1714e+03	 5.7799e+00	 2.4329e-01	 3.3314e+02	 5.2000e+03
 2.5629e+03	 5.1714e+03	 5.7247e+00	 2.9569e-01	 3.3315e+02	 5.2027e+03
 3.8443e+03	 5.1714e+03	 5.6556e+00	 3.6013e-01	 3.3315e+02	 5.2052e+03
 5.7665e+03	 5.1714e+03	 5.5676e+00	 4.3831e-01	 3.3315e+02	 5.2079e+03
 8.6498e+03	 5.1714e+03	 5.4538e+00	 5.2985e-01	 3.3315e+02	 5.2106e+03
 1.2975e+04	 5.1714e+03	 5.3057e+00	 6.3051e-01	 3.3315e+02	 5.2134e+03
 1.9462e+04	 5.1714e+03	 5.1147e+00	 7.2979e-01	 3.3315e+02	 5.2159e+03
 2.9193e+04	 5.1714e+03	 4.8791e+00	 8.0896e-01	 3.3314e+02	 5.2186e+03
 4.3789e+04	 5.1714e+03	 4.6114e+00	 8.4529e-01	 3.3314e+02	 5.2211e+03
 6.5684e+04	 5.1714e+03	 4.3464e+00	 8.2607e-01	 3.3315e+02	 5.2239e+03
 9.8526e+04	 5.1714e+03	 4.0994e+00	 7.5765e-01	 3.3315e+02	 5.2264e+03
 1.4779e+05	 5.1714e+03	 3.8981e+00	 6.6357e-01	 3.3315e+02	 5.2292e+03
 2.2168e+05	 5.1714e+03	 3.7420e+00	 5.6769e-01	 3.3315e+02	 5.2318e+03
 3.3253e+05	 5.1714e+03	 3.6115e+00	 4.8409e-01	 3.3314e+02	 5.2345e+03
 4.9879e+05	 5.1714e+03	 3.5132e+00	 4.1817e-01	 3.3314e+02	 5.2371e+03
 7.4818e+05	 5.1714e+03	 3.4843e+00	 2.7909e-01	 3.3315e+02	 5.2448e+03
 9.0000e+05	 5.1714e+03	 3.4543e+00	 2.5126e-01	 3.3314e+02	 5.2527e+03
 1.0000e+02	 5.2500e+03	 5.9791e+00	 7.5991e-02	 3.3314e+02	 5.2605e+03
 1.5000e+02	 5.2500e+03	 5.9616e+00	 8.6979e-02	 3.3315e+02	 5.2632e+03
 2.2500e+02	 5.2500e+03	 5.9418e+00	 1.0125e-01	 3.3315e+02	 5.2657e+03
 3.3750e+02	 5.2500e+03	 5.9190e+00	 1.1895e-01	 3.3315e+02	 5.2681e+03
 5.0625e+02	 5.2500e+03	 5.8923e+00	 1.4087e-01	 3.3315e+02	 5.2708e+03
 7.5938e+02	 5.2500e+03	 5.8609e+00	 1.6803e-01	 3.3316e+02	 5.2733e+03
 1.1391e+03	 5.2500e+03	 5.8235e+00	 2.0169e-01	 3.3315e+02	 5.2760e+03
 1.7086e+03	 5.2500e+03	 5.7778e+00	 2.4417e-01	 3.3315e+02	 5.2786e+03
 2.5629e+03	 5.2500e+03	 5.7224e+00	 2.9635e-01	 3.3315e+02	 5.2812e+03
 3.8443e+03	 5.2500e+03	 5.6530e+00	 3.6094e-01	 3.3315e+02	 5.2837e+03
 5.7665e+03	 5.2500e+03	 5.5648e+00	 4.3901e-01	 3.3315e+02	 5.2861e+03
 8.6498e+03	 5.2500e+03	 5.4509e+00	 5.3023e-01	 3.3315e+02	 5.2888e+03
 1.2975e+04	 5.2500e+03	 5.3024e+00	 6.3072e-01	 3.3315e+02	 5.2912e+03
 1.9462e+04	 5.2500e+03	 5.1116e+00	 7.2962e-01	 3.3315e+02	 5.2940e+03
 2.9193e+04	 5.2500e+03	 4.8760e+00	 8.0839e-01	 3.3314e+02	 5.2966e+03
 4.3789e+04	 5.2500e+03	 4.6086e+00	 8.4436e-01	 3.3315e+02	 5.2990e+03
 6.5684e+04	 5.2500e+03	 4.3441e+00	 8.2514e-01	 3.3315e+02	 5.3017e+03
 9.8526e+04	 5.2500e+03	 4.0975e+00	 7.5668e-01	 3.3315e+02	 5.3041e+03
 1.4779e+05	 5.2500e+03	 3.8965e+00	 6.6285e-01	 3.3316e+02	 5.3069e+03
 2.2168e+05	 5.2500e+03	 3.7405e+00	 5.6715e-01	 3.3315e+02	 5.3095e+03
 3.3253e+05	 5.2500e+03	 3.6100e+00	 4.8367e-01	 3.3314e+02	 5.3122e+03
 4.9879e+05	 5.2500e+03	 3.5118e+00	 4.1784e-01	 3.3315e+02	 5.3148e+03
 7.4818e+05	 5.2500e+03	 3.4829e+00	 2.7990e-01	 3.3315e+02	 5.3227e+03
 9.0000e+05	 5.2500e+03	 3.4528e+00	 2.5187e-01	 3.3315e+02	 5.3304e+03
 1.0000e+02	 5.3278e+03	 5.9783e+00	 7.6167e-02	 3.3316e+02	 5.3381e+03
 1.5000e+02	 5.3278e+03	 5.9603e+00	 8.8172e-02	 3.3315e+02	 5.3406e+03
 2.2500e+02	 5.3278e+03	 5.9409e+00	 1.0174e-01	 3.3315e+02	 5.3432e+03
 3.3750e+02	 5.3278e+03	 5.9178e+00	 1.1936e-01	 3.3315e+02	 5.3458e+03
 5.0625e+02	 5.3278e+03	 5.8909e+00	 1.4118e-01	 3.3316e+02	 5.3482e+03
 7.5938e+02	 5.3278e+03	 5.8593e+00	 1.6846e-01	 3.3316e+02	 5.3508e+03
 1.1391e+03	 5.3278e+03	 5.8217e+00	 2.0264e-01	 3.3316e+02	 5.3533e+03
 1.7086e+03	 5.3278e+03	 5.7760e+00	 2.4486e-01	 3.3315e+02	 5.3560e+03
 2.5629e+03	 5.3278e+03	 5.7203e+00	 2.9713e-01	 3.3316e+02	 5.3586e+03
 3.8443e+03	 5.3278e+03	 5.6506e+00	 3.6170e-01	 3.3316e+02	 5.3610e+03
 5.7665e+03	 5.3278e+03	 5.5621e+00	 4.3969e-01	 3.3316e+02	 5.3636e+03
 8.6498e+03	 5.3278e+03	 5.4477e+00	 5.3073e-01	 3.3315e+02	 5.3662e+03
 1.2975e+04	 5.3278e+03	 5.2992e+00	 6.3092e-01	 3.3315e+02	 5.3689e+03
 1.9462e+04	 5.3278e+03	 5.1084e+00	 7.2946e-01	 3.3316e+02	 5.3715e+03
 2.9193e+04	 5.3278e+03	 4.8730e+00	 8.0768e-01	 3.3316e+02	 5.3742e+03
 4.3789e+04	 5.3278e+03	 4.6058e+00	 8.4337e-01	 3.3315e+02	 5.3768e+03
 6.5684e+04	 5.3278e+03	 4.3417e+00	 8.2404e-01	 3.3315e+02	 5.3794e+03
 9.8526e+04	 5.3278e+03	 4.0956e+00	 7.5579e-01	 3.3315e+02	 5.3819e+03
 1.4779e+05	 5.3278e+03	 3.8949e+00	 6.6215e-01	 3.3315e+02	 5.3847e+03
 2.2168e+05	 5.3278e+03	 3.7390e+00	 5.6652e-01	 3.3315e+02	 5.3874e+03
 3.3253e+05	 5.3278e+03	 3.6086e+00	 4.8329e-01	 3.3316e+02	 5.3900e+03
 4.9879e+05	 5.3278e+03	 3.5104e+00	 4.1763e-01	 3.3315e+02	 5.3926e+03
 7.4818e+05	 5.3278e+03	 3.4817e+00	 2.7849e-01	 3.3315e+02	 5.4002e+03
 9.0000e+05	 5.3278e+03	 3.4515e+00	 2.5127e-01	 3.3315e+02	 5.4082e+03
 1.0000e+02	 5.4055e+03	 5.9769e+00	 7.6754e-02	 3.3315e+02	 5.4159e+03
 1.5000e+02	 5.4055e+03	 5.9597e+00	 8.8429e-02	 3.3315e+02	 5.4188e+03
 2.2500e+02	 5.4055e+03	 5.9396e+00	 1.0223e-01	 3.3315e+02	 5.4212e+03
 3.3750e+02	 5.4055e+03	 5.9164e+00	 1.1989e-01	 3.3315e+02	 5.4237e+03
 5.0625e+02	 5.4055e+03	 5.8896e+00	 1.4187e-01	 3.3315e+02	 5.4262e+03
 7.5938e+02	 5.4055e+03	 5.8577e+00	 1.6908e-01	 3.3315e+02	 5.4288e+03
 1.1391e+03	 5.4055e+03	 5.8198e+00	 2.0342e-01	 3.3315e+02	 5.4314e+03
 1.7086e+03	 5.4055e+03	 5.7739e+00	 2.4549e-01	 3.3315e+02	 5.4340e+03
 2.5629e+03	 5.4055e+03	 5.7181e+00	 2.9815e-01	 3.3315e+02	 5.4366e+03
 3.8443e+03	 5.4055e+03	 5.6481e+00	 3.6249e-01	 3.3315e+02	 5.4391e+03
 5.7665e+03	 5.4055e+03	 5.5593e+00	 4.4038e-01	 3.3316e+02	 5.4416e+03
 8.6498e+03	 5.4055e+03	 5.4447e+00	 5.3134e-01	 3.3316e+02	 5.4442e+03
 1.2975e+04	 5.4055e+03	 5.2960e+00	 6.3123e-01	 3.3316e+02	 5.4468e+03
 1.9462e+04	 5.4055e+03	 5.1047e+00	 7.2930e-01	 3.3315e+02	 5.4494e+03
 2.9193e+04	 5.4055e+03	 4.8695e+00	 8.0714e-01	 3.3316e+02	 5.4521e+03
 4.3789e+04	 5.4055e+03	 4.6028e+00	 8.4247e-01	 3.3315e+02	 5.4548e+03
 6.5684e+04	 5.4055e+03	 4.3392e+00	 8.2289e-01	 3.3315e+02	 5.4572e+03
 9.8526e+04	 5.4055e+03	 4.0934e+00	 7.5471e-01	 3.3315e+02	 5.4600e+03
 1.4779e+05	 5.4055e+03	 3.8930e+00	 6.6125e-01	 3.3315e+02	 5.4626e+03
 2.2168e+05	 5.4055e+03	 3.7373e+00	 5.6588e-01	 3.3315e+02	 5.4653e+03
 3.3253e+05	 5.4055e+03	 3.6071e+00	 4.8279e-01	 3.3315e+02	 5.4678e+03
 4.9879e+05	 5.4055e+03	 3.5089e+00	 4.1726e-01	 3.3315e+02	 5.4703e+03
 7.4818e+05	 5.4055e+03	 3.4799e+00	 2.7992e-01	 3.3315e+02	 5.4780e+03
 9.0000e+05	 5.4055e+03	 3.4497e+00	 2.5341e-01	 3.3315e+02	 5.4859e+03
 1.0000e+02	 5.4832e+03	 5.9765e+00	 7.7098e-02	 3.3314e+02	 5.4938e+03
 1.5000e+02	 5.4832e+03	 5.9591e+00	 8.9871e-02	 3.3314e+02	 5.4964e+03
 2.2500e+02	 5.4832e+03	 5.9384e+00	 1.0251e-01	 3.3315e+02	 5.4989e+03
 3.3750e+02	 5.4832e+03	 5.9152e+00	 1.2051e-01	 3.3314e+02	 5.5017e+03
 5.0625e+02	 5.4832e+03	 5.8880e+00	 1.4252e-01	 3.3315e+02	 5.5042e+03
 7.5938e+02	 5.4832e+03	 5.8560e+00	 1.6983e-01	 3.3315e+02	 5.5070e+03
 1.1391e+03	 5.4832e+03	 5.8179e+00	 2.0411e-01	 3.3316e+02	 5.5094e+03
 1.7086e+03	 5.4832e+03	 5.7719e+00	 2.4627e-01	 3.3315e+02	 5.5122e+03
 2.5629e+03	 5.4832e+03	 5.7156e+00	 2.9894e-01	 3.3316e+02	 5.5148e+03
 3.8443e+03	 5.4832e+03	 5.6453e+00	 3.6345e-01	 3.3315e+02	 5.5172e+03
 5.7665e+03	 5.4832e+03	 5.5562e+00	 4.4125e-01	 3.3315e+02	 5.5197e+03
 8.6498e+03	 5.4832e+03	 5.4412e+00	 5.3204e-01	 3.3316e+02	 5.5222e+03
 1.2975e+04	 5.4832e+03	 5.2921e+00	 6.3155e-01	 3.3315e+02	 5.5250e+03
 1.9462e+04	 5.4832e+03	 5.1009e+00	 7.2922e-01	 3.3315e+02	 5.5276e+03
 2.9193e+04	 5.4832e+03	 4.8658e+00	 8.0659e-01	 3.3316e+02	 5.5304e+03
 4.3789e+04	 5.4832e+03	 4.5994e+00	 8.4149e-01	 3.3316e+02	 5.5329e+03
 6.5684e+04	 5.4832e+03	 4.3363e+00	 8.2174e-01	 3.3315e+02	 5.5353e+03
 9.8526e+04	 5.4832e+03	 4.0911e+00	 7.5371e-01	 3.3315e+02	 5.5379e+03
 1.4779e+05	 5.4832e+03	 3.8910e+00	 6.6033e-01	 3.3316e+02	 5.5405e+03
 2.2168e+05	 5.4832e+03	 3.7263e+00	 5.6450e-01	 3.3316e+02	 5.5432e+03
 3.3253e+05	 5.4832e+03	 3.6055e+00	 4.8225e-01	 3.3316e+02	 5.5457e+03
 4.9879e+05	 5.4832e+03	 3.5074e+00	 4.1679e-01	 3.3315e+02	 5.5486e+03
 7.4818e+05	 5.4832e+03	 3.4786e+00	 2.7871e-01	 3.3315e+02	 5.5562e+03
 9.0000e+05	 5.4832e+03	 3.4484e+00	 2.5262e-01	 3.3315e+02	 5.5640e+03
 1.0000e+02	 5.5613e+03	 5.9745e+00	 7.7448e-02	 3.3314e+02	 5.5722e+03
 1.5000e+02	 5.5613e+03	 5.9579e+00	 8.8866e-02	 3.3314e+02	 5.5747e+03
 2.2500e+02	 5.5613e+03	 5.9370e+00	 1.0325e-01	 3.3314e+02	 5.5773e+03
 3.3750e+02	 5.5613e+03	 5.9137e+00	 1.2113e-01	 3.3315e+02	 5.5798e+03
 5.0625e+02	 5.5613e+03	 5.8864e+00	 1.4295e-01	 3.3314e+02	 5.5822e+03
 7.5938e+02	 5.5613e+03	 5.8542e+00	 1.7074e-01	 3.3314e+02	 5.5849e+03
 1.1391e+03	 5.5613e+03	 5.8155e+00	 2.0463e-01	 3.3314e+02	 5.5874e+03
 1.7086e+03	 5.5613e+03	 5.7695e+00	 2.4731e-01	 3.3314e+02	 5.5901e+03
 2.5629e+03	 5.5613e+03	 5.7128e+00	 2.9989e-01	 3.3313e+02	 5.5926e+03
 3.8443e+03	 5.5613e+03	 5.6422e+00	 3.6451e-01	 3.3314e+02	 5.5951e+03
 5.7665e+03	 5.5613e+03	 5.5527e+00	 4.4242e-01	 3.3313e+02	 5.5978e+03
 8.6498e+03	 5.5613e+03	 5.4371e+00	 5.3299e-01	 3.3314e+02	 5.6003e+03
 1.2975e+04	 5.5613e+03	 5.2877e+00	 6.3224e-01	 3.3314e+02	 5.6029e+03
 1.9462e+04	 5.5613e+03	 5.0963e+00	 7.2945e-01	 3.3314e+02	 5.6055e+03
 2.9193e+04	 5.5613e+03	 4.8612e+00	 8.0614e-01	 3.3314e+02	 5.6081e+03
 4.3789e+04	 5.5613e+03	 4.5954e+00	 8.4057e-01	 3.3313e+02	 5.6105e+03
 6.5684e+04	 5.5613e+03	 4.3328e+00	 8.2051e-01	 3.3314e+02	 5.6129e+03
 9.8526e+04	 5.5613e+03	 4.0883e+00	 7.5230e-01	 3.3314e+02	 5.6157e+03
 1.4779e+05	 5.5613e+03	 3.8888e+00	 6.5913e-01	 3.3314e+02	 5.6182e+03
 2.2168e+05	 5.5613e+03	 3.7246e+00	 5.6371e-01	 3.3314e+02	 5.6209e+03
 3.3253e+05	 5.5613e+03	 3.6039e+00	 4.8166e-01	 3.3314e+02	 5.6234e+03
 4.9879e+05	 5.5613e+03	 3.5059e+00	 4.1647e-01	 3.3314e+02	 5.6260e+03
 7.4818e+05	 5.5613e+03	 3.4772e+00	 2.7970e-01	 3.3315e+02	 5.6339e+03
 9.0000e+05	 5.5613e+03	 3.4471e+00	 2.5315e-01	 3.3315e+02	 5.6416e+03
 1.0000e+02	 5.6389e+03	 5.9738e+00	 7.7806e-02	 3.3315e+02	 5.6498e+03
 1.5000e+02	 5.6389e+03	 5.9565e+00	 8.9272e-02	 3.3315e+02	 5.6522e+03
 2.2500e+02	 5.6389e+03	 5.9357e+00	 1.0358e-01	 3.3315e+02	 5.6550e+03
 3.3750e+02	 5.6389e+03	 5.9124e+00	 1.2149e-01	 3.3314e+02	 5.6574e+03
 5.0625e+02	 5.6389e+03	 5.8849e+00	 1.4348e-01	 3.3316e+02	 5.6599e+03
 7.5938e+02	 5.6389e+03	 5.8527e+00	 1.7111e-01	 3.3316e+02	 5.6626e+03
 1.1391e+03	 5.6389e+03	 5.8144e+00	 2.0544e-01	 3.3315e+02	 5.6651e+03
 1.7086e+03	 5.6389e+03	 5.7679e+00	 2.4797e-01	 3.3316e+02	 5.6678e+03
 2.5629e+03	 5.6389e+03	 5.7110e+00	 3.0054e-01	 3.3316e+02	 5.6704e+03
 3.8443e+03	 5.6389e+03	 5.6404e+00	 3.6494e-01	 3.3316e+02	 5.6730e+03
 5.7665e+03	 5.6389e+03	 5.5505e+00	 4.4277e-01	 3.3316e+02	 5.6754e+03
 8.6498e+03	 5.6389e+03	 5.4351e+00	 5.3316e-01	 3.3315e+02	 5.6780e+03
 1.2975e+04	 5.6389e+03	 5.2855e+00	 6.3212e-01	 3.3315e+02	 5.6806e+03
 1.9462e+04	 5.6389e+03	 5.0942e+00	 7.2886e-01	 3.3316e+02	 5.6832e+03
 2.9193e+04	 5.6389e+03	 4.8594e+00	 8.0537e-01	 3.3316e+02	 5.6857e+03
 4.3789e+04	 5.6389e+03	 4.5937e+00	 8.3967e-01	 3.3316e+02	 5.6882e+03
 6.5684e+04	 5.6389e+03	 4.3316e+00	 8.1977e-01	 3.3316e+02	 5.6907e+03
 9.8526e+04	 5.6389e+03	 4.0871e+00	 7.5174e-01	 3.3316e+02	 5.6932e+03
 1.4779e+05	 5.6389e+03	 3.8877e+00	 6.5875e-01	 3.3316e+02	 5.6958e+03
 2.2168e+05	 5.6389e+03	 3.7234e+00	 5.6337e-01	 3.3315e+02	 5.6985e+03
 3.3253e+05	 5.6389e+03	 3.6027e+00	 4.8137e-01	 3.3315e+02	 5.7009e+03
 4.9879e+05	 5.6389e+03	 3.5046e+00	 4.1613e-01	 3.3315e+02	 5.7035e+03
 7.4818e+05	 5.6389e+03	 3.4759e+00	 2.7858e-01	 3.3315e+02	 5.7114e+03
 9.0000e+05	 5.6389e+03	 3.4456e+00	 2.5256e-01	 3.3314e+02	 5.7192e+03
 1.0000e+02	 5.7165e+03	 5.9730e+00	 7.7981e-02	 3.3314e+02	 5.7275e+03
 1.5000e+02	 5.7165e+03	 5.9564e+00	 8.9867e-02	 3.3315e+02	 5.7300e+03
 2.2500e+02	 5.7165e+03	 5.9347e+00	 1.0407e-01	 3.3315e+02	 5.7325e+03
 3.3750e+02	 5.7165e+03	 5.9110e+00	 1.2205e-01	 3.3314e+02	 5.7351e+03
 5.0625e+02	 5.7165e+03	 5.8835e+00	 1.4430e-01	 3.3315e+02	 5.7375e+03
 7.5938e+02	 5.7165e+03	 5.8511e+00	 1.7191e-01	 3.3315e+02	 5.7402e+03
 1.1391e+03	 5.7165e+03	 5.8124e+00	 2.0617e-01	 3.3315e+02	 5.7426e+03
 1.7086e+03	 5.7165e+03	 5.7655e+00	 2.4872e-01	 3.3315e+02	 5.7453e+03
 2.5629e+03	 5.7165e+03	 5.7087e+00	 3.0134e-01	 3.3315e+02	 5.7479e+03
 3.8443e+03	 5.7165e+03	 5.6376e+00	 3.6591e-01	 3.3315e+02	 5.7503e+03
 5.7665e+03	 5.7165e+03	 5.5476e+00	 4.4359e-01	 3.3315e+02	 5.7529e+03
 8.6498e+03	 5.7165e+03	 5.4317e+00	 5.3380e-01	 3.3315e+02	 5.7555e+03
 1.2975e+04	 5.7165e+03	 5.2820e+00	 6.3241e-01	 3.3315e+02	 5.7582e+03
 1.9462e+04	 5.7165e+03	 5.0904e+00	 7.2885e-01	 3.3316e+02	 5.7608e+03
 2.9193e+04	 5.7165e+03	 4.8557e+00	 8.0483e-01	 3.3315e+02	 5.7636e+03
 4.3789e+04	 5.7165e+03	 4.5905e+00	 8.3881e-01	 3.3315e+02	 5.7661e+03
 6.5684e+04	 5.7165e+03	 4.3289e+00	 8.1855e-01	 3.3315e+02	 5.7688e+03
 9.8526e+04	 5.7165e+03	 4.0848e+00	 7.5061e-01	 3.3316e+02	 5.7712e+03
 1.4779e+05	 5.7165e+03	 3.8856e+00	 6.5777e-01	 3.3316e+02	 5.7738e+03
 2.2168e+05	 5.7165e+03	 3.7218e+00	 5.6272e-01	 3.3315e+02	 5.7764e+03
 3.3253e+05	 5.7165e+03	 3.6012e+00	 4.8086e-01	 3.3315e+02	 5.7789e+03
 4.9879e+05	 5.7165e+03	 3.5032e+00	 4.1584e-01	 3.3315e+02	 5.7815e+03
 7.4818e+05	 5.7165e+03	 3.4746e+00	 2.7888e-01	 3.3315e+02	 5.7891e+03
 9.0000e+05	 5.7165e+03	 3.4449e+00	 2.4861e-01	 3.3315e+02	 5.7968e+03
 1.0000e+02	 5.7941e+03	 5.9719e+00	 7.8308e-02	 3.3315e+02	 5.8050e+03
 1.5000e+02	 5.7941e+03	 5.9544e+00	 8.7892e-02	 3.3316e+02	 5.8075e+03
 2.2500e+02	 5.7941e+03	 5.9336e+00	 1.0440e-01	 3.3316e+02	 5.8102e+03
 3.3750e+02	 5.7941e+03	 5.9098e+00	 1.2240e-01	 3.3316e+02	 5.8127e+03
 5.0625e+02	 5.7941e+03	 5.8822e+00	 1.4463e-01	 3.3316e+02	 5.8151e+03
 7.5938e+02	 5.7941e+03	 5.8495e+00	 1.7234e-01	 3.3316e+02	 5.8178e+03
 1.1391e+03	 5.7941e+03	 5.8107e+00	 2.0709e-01	 3.3316e+02	 5.8202e+03
 1.7086e+03	 5.7941e+03	 5.7638e+00	 2.4922e-01	 3.3316e+02	 5.8230e+03
 2.5629e+03	 5.7941e+03	 5.7065e+00	 3.0213e-01	 3.3316e+02	 5.8256e+03
 3.8443e+03	 5.7941e+03	 5.6351e+00	 3.6658e-01	 3.3316e+02	 5.8280e+03
 5.7665e+03	 5.7941e+03	 5.5448e+00	 4.4427e-01	 3.3316e+02	 5.8307e+03
 8.6498e+03	 5.7941e+03	 5.4288e+00	 5.3438e-01	 3.3316e+02	 5.8332e+03
 1.2975e+04	 5.7941e+03	 5.2786e+00	 6.3266e-01	 3.3316e+02	 5.8359e+03
 1.9462e+04	 5.7941e+03	 5.0871e+00	 7.2869e-01	 3.3316e+02	 5.8385e+03
 2.9193e+04	 5.7941e+03	 4.8525e+00	 8.0431e-01	 3.3315e+02	 5.8414e+03
 4.3789e+04	 5.7941e+03	 4.5875e+00	 8.3797e-01	 3.3315e+02	 5.8438e+03
 6.5684e+04	 5.7941e+03	 4.3261e+00	 8.1738e-01	 3.3315e+02	 5.8465e+03
 9.8526e+04	 5.7941e+03	 4.0827e+00	 7.4965e-01	 3.3316e+02	 5.8491e+03
 1.4779e+05	 5.7941e+03	 3.8840e+00	 6.5690e-01	 3.3315e+02	 5.8519e+03
 2.2168e+05	 5.7941e+03	 3.7201e+00	 5.6194e-01	 3.3315e+02	 5.8545e+03
 3.3253e+05	 5.7941e+03	 3.5996e+00	 4.8033e-01	 3.3314e+02	 5.8572e+03
 4.9879e+05	 5.7941e+03	 3.5018e+00	 4.1547e-01	 3.3314e+02	 5.8598e+03
 7.4818e+05	 5.7941e+03	 3.4733e+00	 2.7672e-01	 3.3314e+02	 5.8677e+03
 9.0000e+05	 5.7941e+03	 3.4432e+00	 2.4904e-01	 3.3314e+02	 5.8754e+03
 1.0000e+02	 5.8727e+03	 5.9708e+00	 7.8546e-02	 3.3315e+02	 5.8833e+03
 1.5000e+02	 5.8727e+03	 5.9531e+00	 8.8754e-02	 3.3315e+02	 5.8859e+03
 2.2500e+02	 5.8727e+03	 5.9321e+00	 1.0491e-01	 3.3315e+02	 5.8885e+03
 3.3750e+02	 5.8727e+03	 5.9083e+00	 1.2284e-01	 3.3315e+02	 5.8912e+03
 5.0625e+02	 5.8727e+03	 5.8808e+00	 1.4518e-01	 3.3315e+02	 5.8936e+03
 7.5938e+02	 5.8727e+03	 5.8478e+00	 1.7301e-01	 3.3315e+02	 5.8965e+03
 1.1391e+03	 5.8727e+03	 5.8089e+00	 2.0729e-01	 3.3315e+02	 5.8990e+03
 1.7086e+03	 5.8727e+03	 5.7615e+00	 2.5025e-01	 3.3314e+02	 5.9017e+03
 2.5629e+03	 5.8727e+03	 5.7042e+00	 3.0289e-01	 3.3315e+02	 5.9043e+03
 3.8443e+03	 5.8727e+03	 5.6325e+00	 3.6749e-01	 3.3315e+02	 5.9068e+03
 5.7665e+03	 5.8727e+03	 5.5419e+00	 4.4514e-01	 3.3315e+02	 5.9094e+03
 8.6498e+03	 5.8727e+03	 5.4254e+00	 5.3496e-01	 3.3314e+02	 5.9119e+03
 1.2975e+04	 5.8727e+03	 5.2751e+00	 6.3309e-01	 3.3314e+02	 5.9147e+03
 1.9462e+04	 5.8727e+03	 5.0835e+00	 7.2864e-01	 3.3314e+02	 5.9172e+03
 2.9193e+04	 5.8727e+03	 4.8488e+00	 8.0368e-01	 3.3314e+02	 5.9199e+03
 4.3789e+04	 5.8727e+03	 4.5843e+00	 8.3685e-01	 3.3314e+02	 5.9224e+03
 6.5684e+04	 5.8727e+03	 4.3235e+00	 8.1627e-01	 3.3314e+02	 5.9248e+03
 9.8526e+04	 5.8727e+03	 4.0806e+00	 7.4857e-01	 3.3315e+02	 5.9274e+03
 1.4779e+05	 5.8727e+03	 3.8821e+00	 6.5611e-01	 3.3315e+02	 5.9301e+03
 2.2168e+05	 5.8727e+03	 3.7186e+00	 5.6131e-01	 3.3315e+02	 5.9328e+03
 3.3253e+05	 5.8727e+03	 3.5983e+00	 4.7994e-01	 3.3315e+02	 5.9352e+03
 4.9879e+05	 5.8727e+03	 3.5005e+00	 4.1514e-01	 3.3315e+02	 5.9380e+03
 7.4818e+05	 5.8727e+03	 3.4721e+00	 2.7653e-01	 3.3315e+02	 5.9456e+03
 9.0000e+05	 5.8727e+03	 3.4420e+00	 2.4967e-01	 3.3315e+02	 5.9533e+03
 1.0000e+02	 5.9506e+03	 5.9699e+00	 7.9010e-02	 3.3315e+02	 5.9615e+03
 1.5000e+02	 5.9506e+03	 5.9518e+00	 9.1571e-02	 3.3315e+02	 5.9640e+03
 2.2500e+02	 5.9506e+03	 5.9311e+00	 1.0528e-01	 3.3315e+02	 5.9667e+03
 3.3750e+02	 5.9506e+03	 5.9072e+00	 1.2332e-01	 3.3315e+02	 5.9692e+03
 5.0625e+02	 5.9506e+03	 5.8792e+00	 1.4586e-01	 3.3314e+02	 5.9716e+03
 7.5938e+02	 5.9506e+03	 5.8463e+00	 1.7376e-01	 3.3314e+02	 5.9743e+03
 1.1391e+03	 5.9506e+03	 5.8069e+00	 2.0810e-01	 3.3314e+02	 5.9768e+03
 1.7086e+03	 5.9506e+03	 5.7598e+00	 2.5106e-01	 3.3314e+02	 5.9795e+03
 2.5629e+03	 5.9506e+03	 5.7020e+00	 3.0370e-01	 3.3314e+02	 5.9821e+03
 3.8443e+03	 5.9506e+03	 5.6301e+00	 3.6828e-01	 3.3314e+02	 5.9846e+03
 5.7665e+03	 5.9506e+03	 5.5392e+00	 4.4582e-01	 3.3314e+02	 5.9872e+03
 8.6498e+03	 5.9506e+03	 5.4225e+00	 5.3554e-01	 3.3314e+02	 5.9898e+03
 1.2975e+04	 5.9506e+03	 5.2719e+00	 6.3327e-01	 3.3315e+02	 5.9924e+03
 1.9462e+04	 5.9506e+03	 5.0802e+00	 7.2851e-01	 3.3315e+02	 5.9951e+03
 2.9193e+04	 5.9506e+03	 4.8459e+00	 8.0323e-01	 3.3315e+02	 5.9979e+03
 4.3789e+04	 5.9506e+03	 4.5817e+00	 8.3608e-01	 3.3314e+02	 6.0004e+03
 6.5684e+04	 5.9506e+03	 4.3214e+00	 8.1542e-01	 3.3315e+02	 6.0032e+03
 9.8526e+04	 5.9506e+03	 4.0787e+00	 7.4766e-01	 3.3315e+02	 6.0057e+03
 1.4779e+05	 5.9506e+03	 3.8807e+00	 6.5544e-01	 3.3315e+02	 6.0082e+03
 2.2168e+05	 5.9506e+03	 3.7173e+00	 5.6084e-01	 3.3315e+02	 6.0108e+03
 3.3253e+05	 5.9506e+03	 3.5970e+00	 4.7956e-01	 3.3316e+02	 6.0132e+03
 4.9879e+05	 5.9506e+03	 3.4993e+00	 4.1489e-01	 3.3316e+02	 6.0159e+03
 7.4818e+05	 5.9506e+03	 3.4709e+00	 2.7775e-01	 3.3316e+02	 6.0236e+03
 9.0000e+05	 5.9506e+03	 3.4409e+00	 2.5084e-01	 3.3316e+02	 6.0314e+03
 1.0000e+02	 6.0288e+03	 5.9691e+00	 7.9356e-02	 3.3316e+02	 6.0394e+03
 1.5000e+02	 6.0288e+03	 5.9500e+00	 9.0429e-02	 3.3316e+02	 6.0420e+03
 2.2500e+02	 6.0288e+03	 5.9301e+00	 1.0556e-01	 3.3316e+02	 6.0447e+03
 3.3750e+02	 6.0288e+03	 5.9060e+00	 1.2374e-01	 3.3316e+02	 6.0472e+03
 5.0625e+02	 6.0288e+03	 5.8780e+00	 1.4640e-01	 3.3316e+02	 6.0500e+03
 7.5938e+02	 6.0288e+03	 5.8450e+00	 1.7421e-01	 3.3316e+02	 6.0526e+03
 1.1391e+03	 6.0288e+03	 5.8059e+00	 2.0858e-01	 3.3315e+02	 6.0553e+03
 1.7086e+03	 6.0288e+03	 5.7582e+00	 2.5157e-01	 3.3316e+02	 6.0579e+03
 2.5629e+03	 6.0288e+03	 5.7001e+00	 3.0423e-01	 3.3315e+02	 6.0605e+03
 3.8443e+03	 6.0288e+03	 5.6280e+00	 3.6891e-01	 3.3316e+02	 6.0630e+03
 5.7665e+03	 6.0288e+03	 5.5366e+00	 4.4635e-01	 3.3315e+02	 6.0654e+03
 8.6498e+03	 6.0288e+03	 5.4194e+00	 5.3593e-01	 3.3314e+02	 6.0682e+03
 1.2975e+04	 6.0288e+03	 5.2687e+00	 6.3343e-01	 3.3315e+02	 6.0706e+03
 1.9462e+04	 6.0288e+03	 5.0765e+00	 7.2823e-01	 3.3314e+02	 6.0733e+03
 2.9193e+04	 6.0288e+03	 4.8422e+00	 8.0256e-01	 3.3314e+02	 6.0759e+03
 4.3789e+04	 6.0288e+03	 4.5781e+00	 8.3508e-01	 3.3313e+02	 6.0785e+03
 6.5684e+04	 6.0288e+03	 4.3183e+00	 8.1426e-01	 3.3313e+02	 6.0810e+03
 9.8526e+04	 6.0288e+03	 4.0760e+00	 7.4639e-01	 3.3313e+02	 6.0834e+03
 1.4779e+05	 6.0288e+03	 3.8783e+00	 6.5419e-01	 3.3313e+02	 6.0861e+03
 2.2168e+05	 6.0288e+03	 3.7153e+00	 5.5989e-01	 3.3313e+02	 6.0886e+03
 3.3253e+05	 6.0288e+03	 3.5953e+00	 4.7875e-01	 3.3313e+02	 6.0913e+03
 4.9879e+05	 6.0288e+03	 3.4976e+00	 4.1433e-01	 3.3314e+02	 6.0939e+03
 7.4818e+05	 6.0288e+03	 3.4693e+00	 2.7783e-01	 3.3314e+02	 6.1014e+03
 9.0000e+05	 6.0288e+03	 3.4393e+00	 2.5065e-01	 3.3313e+02	 6.1091e+03
 1.0000e+02	 6.1064e+03	 5.9678e+00	 7.9701e-02	 3.3314e+02	 6.1170e+03
 1.5000e+02	 6.1064e+03	 5.9500e+00	 9.3865e-02	 3.3315e+02	 6.1195e+03
 2.2500e+02	 6.1064e+03	 5.9289e+00	 1.0602e-01	 3.3314e+02	 6.1222e+03
 3.3750e+02	 6.1064e+03	 5.9047e+00	 1.2435e-01	 3.3315e+02	 6.1247e+03
 5.0625e+02	 6.1064e+03	 5.8765e+00	 1.4681e-01	 3.3315e+02	 6.1275e+03
 7.5938e+02	 6.1064e+03	 5.8436e+00	 1.7466e-01	 3.3315e+02	 6.1302e+03
 1.1391e+03	 6.1064e+03	 5.8039e+00	 2.0928e-01	 3.3315e+02	 6.1329e+03
 1.7086e+03	 6.1064e+03	 5.7565e+00	 2.5224e-01	 3.3315e+02	 6.1356e+03
 2.5629e+03	 6.1064e+03	 5.6981e+00	 3.0501e-01	 3.3316e+02	 6.1383e+03
 3.8443e+03	 6.1064e+03	 5.6259e+00	 3.6953e-01	 3.3315e+02	 6.1408e+03
 5.7665e+03	 6.1064e+03	 5.5344e+00	 4.4679e-01	 3.3315e+02	 6.1432e+03
 8.6498e+03	 6.1064e+03	 5.4173e+00	 5.3610e-01	 3.3316e+02	 6.1460e+03
 1.2975e+04	 6.1064e+03	 5.2666e+00	 6.3327e-01	 3.3316e+02	 6.1487e+03
 1.9462e+04	 6.1064e+03	 5.0750e+00	 7.2781e-01	 3.3316e+02	 6.1513e+03
 2.9193e+04	 6.1064e+03	 4.8411e+00	 8.0185e-01	 3.3316e+02	 6.1540e+03
 4.3789e+04	 6.1064e+03	 4.5776e+00	 8.3437e-01	 3.3316e+02	 6.1564e+03
 6.5684e+04	 6.1064e+03	 4.3179e+00	 8.1374e-01	 3.3316e+02	 6.1589e+03
 9.8526e+04	 6.1064e+03	 4.0761e+00	 7.4632e-01	 3.3317e+02	 6.1614e+03
 1.4779e+05	 6.1064e+03	 3.8782e+00	 6.5443e-01	 3.3316e+02	 6.1640e+03
 2.2168e+05	 6.1064e+03	 3.7151e+00	 5.6018e-01	 3.3317e+02	 6.1667e+03
 3.3253e+05	 6.1064e+03	 3.5949e+00	 4.7911e-01	 3.3317e+02	 6.1692e+03
 4.9879e+05	 6.1064e+03	 3.4971e+00	 4.1449e-01	 3.3316e+02	 6.1720e+03
 7.4818e+05	 6.1064e+03	 3.4688e+00	 2.7545e-01	 3.3317e+02	 6.1796e+03
 9.0000e+05	 6.1064e+03	 3.4386e+00	 2.5068e-01	 3.3316e+02	 6.1873e+03
 1.0000e+02	 6.1846e+03	 5.9671e+00	 7.9889e-02	 3.3316e+02	 6.1955e+03
 1.5000e+02	 6.1846e+03	 5.9456e+00	 8.9030e-02	 3.3315e+02	 6.1980e+03
 2.2500e+02	 6.1846e+03	 5.9279e+00	 1.0637e-01	 3.3316e+02	 6.2005e+03
 3.3750e+02	 6.1846e+03	 5.9035e+00	 1.2474e-01	 3.3315e+02	 6.2030e+03
 5.0625e+02	 6.1846e+03	 5.8755e+00	 1.4725e-01	 3.3315e+02	 6.2055e+03
 7.5938e+02	 6.1846e+03	 5.8420e+00	 1.7554e-01	 3.3316e+02	 6.2082e+03
 1.1391e+03	 6.1846e+03	 5.8022e+00	 2.0989e-01	 3.3316e+02	 6.2107e+03
 1.7086e+03	 6.1846e+03	 5.7543e+00	 2.5293e-01	 3.3316e+02	 6.2136e+03
 2.5629e+03	 6.1846e+03	 5.6959e+00	 3.0582e-01	 3.3316e+02	 6.2161e+03
 3.8443e+03	 6.1846e+03	 5.6234e+00	 3.7052e-01	 3.3316e+02	 6.2188e+03
 5.7665e+03	 6.1846e+03	 5.5316e+00	 4.4749e-01	 3.3316e+02	 6.2212e+03
 8.6498e+03	 6.1846e+03	 5.4142e+00	 5.3669e-01	 3.3316e+02	 6.2239e+03
 1.2975e+04	 6.1846e+03	 5.2633e+00	 6.3356e-01	 3.3315e+02	 6.2264e+03
 1.9462e+04	 6.1846e+03	 5.0713e+00	 7.2774e-01	 3.3315e+02	 6.2291e+03
 2.9193e+04	 6.1846e+03	 4.8374e+00	 8.0128e-01	 3.3315e+02	 6.2318e+03
 4.3789e+04	 6.1846e+03	 4.5742e+00	 8.3343e-01	 3.3315e+02	 6.2343e+03
 6.5684e+04	 6.1846e+03	 4.3149e+00	 8.1258e-01	 3.3315e+02	 6.2370e+03
 9.8526e+04	 6.1846e+03	 4.0733e+00	 7.4511e-01	 3.3315e+02	 6.2395e+03
 1.4779e+05	 6.1846e+03	 3.8760e+00	 6.5326e-01	 3.3314e+02	 6.2422e+03
 2.2168e+05	 6.1846e+03	 3.7131e+00	 5.5929e-01	 3.3315e+02	 6.2448e+03
 3.3253e+05	 6.1846e+03	 3.5931e+00	 4.7831e-01	 3.3315e+02	 6.2472e+03
 4.9879e+05	 6.1846e+03	 3.4955e+00	 4.1390e-01	 3.3315e+02	 6.2498e+03
 7.4818e+05	 6.1846e+03	 3.4670e+00	 2.7801e-01	 3.3315e+02	 6.2576e+03
 9.0000e+05	 6.1846e+03	 3.4368e+00	 2.5149e-01	 3.3315e+02	 6.2658e+03
 1.0000e+02	 6.2630e+03	 5.9661e+00	 8.0198e-02	 3.3315e+02	 6.2742e+03
 1.5000e+02	 6.2630e+03	 5.9497e+00	 9.3342e-02	 3.3314e+02	 6.2766e+03
 2.2500e+02	 6.2630e+03	 5.9266e+00	 1.0687e-01	 3.3315e+02	 6.2796e+03
 3.3750e+02	 6.2630e+03	 5.9021e+00	 1.2527e-01	 3.3315e+02	 6.2820e+03
 5.0625e+02	 6.2630e+03	 5.8738e+00	 1.4782e-01	 3.3314e+02	 6.2844e+03
 7.5938e+02	 6.2630e+03	 5.8405e+00	 1.7594e-01	 3.3315e+02	 6.2870e+03
 1.1391e+03	 6.2630e+03	 5.8004e+00	 2.1055e-01	 3.3315e+02	 6.2894e+03
 1.7086e+03	 6.2630e+03	 5.7523e+00	 2.5356e-01	 3.3315e+02	 6.2922e+03
 2.5629e+03	 6.2630e+03	 5.6937e+00	 3.0666e-01	 3.3315e+02	 6.2948e+03
 3.8443e+03	 6.2630e+03	 5.6208e+00	 3.7104e-01	 3.3315e+02	 6.2975e+03
 5.7665e+03	 6.2630e+03	 5.5288e+00	 4.4819e-01	 3.3315e+02	 6.2999e+03
 8.6498e+03	 6.2630e+03	 5.4108e+00	 5.3725e-01	 3.3315e+02	 6.3025e+03
 1.2975e+04	 6.2630e+03	 5.2597e+00	 6.3380e-01	 3.3315e+02	 6.3051e+03
 1.9462e+04	 6.2630e+03	 5.0679e+00	 7.2763e-01	 3.3315e+02	 6.3077e+03
 2.9193e+04	 6.2630e+03	 4.8341e+00	 8.0066e-01	 3.3315e+02	 6.3104e+03
 4.3789e+04	 6.2630e+03	 4.5712e+00	 8.3250e-01	 3.3315e+02	 6.3129e+03
 6.5684e+04	 6.2630e+03	 4.3125e+00	 8.1155e-01	 3.3315e+02	 6.3155e+03
 9.8526e+04	 6.2630e+03	 4.0715e+00	 7.4417e-01	 3.3315e+02	 6.3181e+03
 1.4779e+05	 6.2630e+03	 3.8743e+00	 6.5247e-01	 3.3315e+02	 6.3210e+03
 2.2168e+05	 6.2630e+03	 3.7117e+00	 5.5867e-01	 3.3315e+02	 6.3236e+03
 3.3253e+05	 6.2630e+03	 3.5918e+00	 4.7795e-01	 3.3315e+02	 6.3263e+03
 4.9879e+05	 6.2630e+03	 3.4941e+00	 4.1358e-01	 3.3316e+02	 6.3289e+03
 7.4818e+05	 6.2630e+03	 3.4657e+00	 2.7760e-01	 3.3315e+02	 6.3365e+03
 9.0000e+05	 6.2630e+03	 3.4357e+00	 2.5062e-01	 3.3315e+02	 6.3444e+03
 1.0000e+02	 6.3418e+03	 5.9652e+00	 8.0649e-02	 3.3315e+02	 6.3522e+03
 1.5000e+02	 6.3418e+03	 5.9462e+00	 9.6184e-02	 3.3315e+02	 6.3550e+03
 2.2500e+02	 6.3418e+03	 5.9255e+00	 1.0727e-01	 3.3315e+02	 6.3575e+03
 3.3750e+02	 6.3418e+03	 5.9008e+00	 1.2564e-01	 3.3315e+02	 6.3603e+03
 5.0625e+02	 6.3418e+03	 5.8723e+00	 1.4843e-01	 3.3315e+02	 6.3628e+03
 7.5938e+02	 6.3418e+03	 5.8387e+00	 1.7662e-01	 3.3315e+02	 6.3653e+03
 1.1391e+03	 6.3418e+03	 5.7989e+00	 2.1170e-01	 3.3315e+02	 6.3679e+03
 1.7086e+03	 6.3418e+03	 5.7504e+00	 2.5444e-01	 3.3315e+02	 6.3705e+03
 2.5629e+03	 6.3418e+03	 5.6915e+00	 3.0742e-01	 3.3315e+02	 6.3732e+03
 3.8443e+03	 6.3418e+03	 5.6183e+00	 3.7194e-01	 3.3314e+02	 6.3757e+03
 5.7665e+03	 6.3418e+03	 5.5260e+00	 4.4903e-01	 3.3315e+02	 6.3781e+03
 8.6498e+03	 6.3418e+03	 5.4078e+00	 5.3769e-01	 3.3315e+02	 6.3806e+03
 1.2975e+04	 6.3418e+03	 5.2565e+00	 6.3408e-01	 3.3315e+02	 6.3831e+03
 1.9462e+04	 6.3418e+03	 5.0644e+00	 7.2748e-01	 3.3315e+02	 6.3858e+03
 2.9193e+04	 6.3418e+03	 4.8310e+00	 8.0023e-01	 3.3315e+02	 6.3883e+03
 4.3789e+04	 6.3418e+03	 4.5685e+00	 8.3177e-01	 3.3315e+02	 6.3908e+03
 6.5684e+04	 6.3418e+03	 4.3102e+00	 8.1059e-01	 3.3315e+02	 6.3934e+03
 9.8526e+04	 6.3418e+03	 4.0695e+00	 7.4318e-01	 3.3315e+02	 6.3958e+03
 1.4779e+05	 6.3418e+03	 3.8726e+00	 6.5163e-01	 3.3315e+02	 6.3985e+03
 2.2168e+05	 6.3418e+03	 3.7103e+00	 5.5805e-01	 3.3315e+02	 6.4012e+03
 3.3253e+05	 6.3418e+03	 3.5904e+00	 4.7743e-01	 3.3315e+02	 6.4037e+03
 4.9879e+05	 6.3418e+03	 3.4929e+00	 4.1322e-01	 3.3314e+02	 6.4064e+03
 7.4818e+05	 6.3418e+03	 3.4644e+00	 2.7799e-01	 3.3315e+02	 6.4140e+03
 9.0000e+05	 6.3418e+03	 3.4343e+00	 2.5303e-01	 3.3315e+02	 6.4215e+03
 1.0000e+02	 6.4188e+03	 5.9640e+00	 8.0929e-02	 3.3315e+02	 6.4297e+03
 1.5000e+02	 6.4188e+03	 5.9459e+00	 8.9379e-02	 3.3315e+02	 6.4325e+03
 2.2500e+02	 6.4188e+03	 5.9241e+00	 1.0790e-01	 3.3315e+02	 6.4349e+03
 3.3750e+02	 6.4188e+03	 5.8997e+00	 1.2616e-01	 3.3315e+02	 6.4374e+03
 5.0625e+02	 6.4188e+03	 5.8711e+00	 1.4902e-01	 3.3314e+02	 6.4401e+03
 7.5938e+02	 6.4188e+03	 5.8373e+00	 1.7712e-01	 3.3314e+02	 6.4428e+03
 1.1391e+03	 6.4188e+03	 5.7970e+00	 2.1217e-01	 3.3314e+02	 6.4455e+03
 1.7086e+03	 6.4188e+03	 5.7482e+00	 2.5523e-01	 3.3314e+02	 6.4481e+03
 2.5629e+03	 6.4188e+03	 5.6893e+00	 3.0820e-01	 3.3315e+02	 6.4508e+03
 3.8443e+03	 6.4188e+03	 5.6157e+00	 3.7256e-01	 3.3314e+02	 6.4533e+03
 5.7665e+03	 6.4188e+03	 5.5232e+00	 4.4964e-01	 3.3314e+02	 6.4559e+03
 8.6498e+03	 6.4188e+03	 5.4048e+00	 5.3846e-01	 3.3314e+02	 6.4585e+03
 1.2975e+04	 6.4188e+03	 5.2532e+00	 6.3445e-01	 3.3314e+02	 6.4609e+03
 1.9462e+04	 6.4188e+03	 5.0612e+00	 7.2729e-01	 3.3315e+02	 6.4635e+03
 2.9193e+04	 6.4188e+03	 4.8278e+00	 7.9957e-01	 3.3314e+02	 6.4661e+03
 4.3789e+04	 6.4188e+03	 4.5656e+00	 8.3068e-01	 3.3315e+02	 6.4687e+03
 6.5684e+04	 6.4188e+03	 4.3076e+00	 8.0947e-01	 3.3315e+02	 6.4712e+03
 9.8526e+04	 6.4188e+03	 4.0676e+00	 7.4234e-01	 3.3315e+02	 6.4737e+03
 1.4779e+05	 6.4188e+03	 3.8711e+00	 6.5090e-01	 3.3315e+02	 6.4764e+03
 2.2168e+05	 6.4188e+03	 3.7089e+00	 5.5745e-01	 3.3315e+02	 6.4793e+03
 3.3253e+05	 6.4188e+03	 3.5891e+00	 4.7710e-01	 3.3315e+02	 6.4818e+03
 4.9879e+05	 6.4188e+03	 3.4917e+00	 4.1297e-01	 3.3315e+02	 6.4847e+03
 7.4818e+05	 6.4188e+03	 3.4631e+00	 2.7958e-01	 3.3315e+02	 6.4924e+03
 9.0000e+05	 6.4188e+03	 3.4330e+00	 2.5401e-01	 3.3315e+02	 6.5001e+03
 1.0000e+02	 6.4974e+03	 5.9629e+00	 8.1000e-02	 3.3314e+02	 6.5083e+03
 1.5000e+02	 6.4974e+03	 5.9459e+00	 9.3171e-02	 3.3314e+02	 6.5108e+03
 2.2500e+02	 6.4974e+03	 5.9230e+00	 1.0815e-01	 3.3314e+02	 6.5134e+03
 3.3750e+02	 6.4974e+03	 5.8984e+00	 1.2667e-01	 3.3314e+02	 6.5159e+03
 5.0625e+02	 6.4974e+03	 5.8694e+00	 1.4945e-01	 3.3314e+02	 6.5187e+03
 7.5938e+02	 6.4974e+03	 5.8357e+00	 1.7792e-01	 3.3314e+02	 6.5212e+03
 1.1391e+03	 6.4974e+03	 5.7954e+00	 2.1291e-01	 3.3313e+02	 6.5240e+03
 1.7086e+03	 6.4974e+03	 5.7464e+00	 2.5622e-01	 3.3313e+02	 6.5266e+03
 2.5629e+03	 6.4974e+03	 5.6870e+00	 3.0928e-01	 3.3313e+02	 6.5293e+03
 3.8443e+03	 6.4974e+03	 5.6131e+00	 3.7370e-01	 3.3313e+02	 6.5318e+03
 5.7665e+03	 6.4974e+03	 5.5201e+00	 4.5062e-01	 3.3313e+02	 6.5342e+03
 8.6498e+03	 6.4974e+03	 5.4015e+00	 5.3914e-01	 3.3314e+02	 6.5369e+03
 1.2975e+04	 6.4974e+03	 5.2496e+00	 6.3483e-01	 3.3314e+02	 6.5394e+03
 1.9462e+04	 6.4974e+03	 5.0574e+00	 7.2734e-01	 3.3314e+02	 6.5420e+03
 2.9193e+04	 6.4974e+03	 4.8242e+00	 7.9905e-01	 3.3313e+02	 6.5447e+03
 4.3789e+04	 6.4974e+03	 4.5624e+00	 8.2992e-01	 3.3314e+02	 6.5475e+03
 6.5684e+04	 6.4974e+03	 4.3051e+00	 8.0851e-01	 3.3314e+02	 6.5499e+03
 9.8526e+04	 6.4974e+03	 4.0653e+00	 7.4115e-01	 3.3314e+02	 6.5524e+03
 1.4779e+05	 6.4974e+03	 3.8692e+00	 6.4997e-01	 3.3315e+02	 6.5549e+03
 2.2168e+05	 6.4974e+03	 3.7073e+00	 5.5686e-01	 3.3314e+02	 6.5575e+03
 3.3253e+05	 6.4974e+03	 3.5878e+00	 4.7650e-01	 3.3315e+02	 6.5602e+03
 4.9879e+05	 6.4974e+03	 3.4904e+00	 4.1268e-01	 3.3315e+02	 6.5628e+03
 7.4818e+05	 6.4974e+03	 3.4620e+00	 2.7893e-01	 3.3316e+02	 6.5707e+03
 9.0000e+05	 6.4974e+03	 3.4321e+00	 2.5204e-01	 3.3316e+02	 6.5784e+03
 1.0000e+02	 6.5758e+03	 5.9620e+00	 8.1476e-02	 3.3316e+02	 6.5865e+03
 1.5000e+02	 6.5758e+03	 5.9442e+00	 9.4750e-02	 3.3316e+02	 6.5890e+03
 2.2500e+02	 6.5758e+03	 5.9222e+00	 1.0847e-01	 3.3316e+02	 6.5915e+03
 3.3750e+02	 6.5758e+03	 5.8974e+00	 1.2703e-01	 3.3316e+02	 6.5942e+03
 5.0625e+02	 6.5758e+03	 5.8685e+00	 1.4995e-01	 3.3316e+02	 6.5967e+03
 7.5938e+02	 6.5758e+03	 5.8346e+00	 1.7809e-01	 3.3316e+02	 6.5994e+03
 1.1391e+03	 6.5758e+03	 5.7942e+00	 2.1329e-01	 3.3316e+02	 6.6019e+03
 1.7086e+03	 6.5758e+03	 5.7450e+00	 2.5635e-01	 3.3316e+02	 6.6047e+03
 2.5629e+03	 6.5758e+03	 5.6856e+00	 3.0946e-01	 3.3316e+02	 6.6072e+03
 3.8443e+03	 6.5758e+03	 5.6117e+00	 3.7389e-01	 3.3317e+02	 6.6100e+03
 5.7665e+03	 6.5758e+03	 5.5186e+00	 4.5068e-01	 3.3317e+02	 6.6125e+03
 8.6498e+03	 6.5758e+03	 5.3998e+00	 5.3896e-01	 3.3317e+02	 6.6152e+03
 1.2975e+04	 6.5758e+03	 5.2478e+00	 6.3445e-01	 3.3317e+02	 6.6177e+03
 1.9462e+04	 6.5758e+03	 5.0556e+00	 7.2666e-01	 3.3316e+02	 6.6202e+03
 2.9193e+04	 6.5758e+03	 4.8226e+00	 7.9835e-01	 3.3316e+02	 6.6229e+03
 4.3789e+04	 6.5758e+03	 4.5609e+00	 8.2902e-01	 3.3315e+02	 6.6253e+03
 6.5684e+04	 6.5758e+03	 4.3036e+00	 8.0765e-01	 3.3316e+02	 6.6278e+03
 9.8526e+04	 6.5758e+03	 4.0641e+00	 7.4057e-01	 3.3316e+02	 6.6302e+03
 1.4779e+05	 6.5758e+03	 3.8682e+00	 6.4950e-01	 3.3316e+02	 6.6328e+03
 2.2168e+05	 6.5758e+03	 3.7061e+00	 5.5637e-01	 3.3316e+02	 6.6355e+03
 3.3253e+05	 6.5758e+03	 3.5866e+00	 4.7616e-01	 3.3315e+02	 6.6379e+03
 4.9879e+05	 6.5758e+03	 3.4892e+00	 4.1226e-01	 3.3315e+02	 6.6408e+03
 7.4818e+05	 6.5758e+03	 3.4611e+00	 2.7412e-01	 3.3315e+02	 6.6486e+03
 9.0000e+05	 6.5758e+03	 3.4312e+00	 2.4781e-01	 3.3315e+02	 6.6562e+03
 1.0000e+02	 6.6535e+03	 5.9611e+00	 8.1882e-02	 3.3315e+02	 6.6644e+03
 1.5000e+02	 6.6535e+03	 5.9422e+00	 9.4550e-02	 3.3315e+02	 6.6668e+03
 2.2500e+02	 6.6535e+03	 5.9208e+00	 1.0890e-01	 3.3315e+02	 6.6695e+03
 3.3750e+02	 6.6535e+03	 5.8960e+00	 1.2757e-01	 3.3315e+02	 6.6719e+03
 5.0625e+02	 6.6535e+03	 5.8667e+00	 1.5063e-01	 3.3315e+02	 6.6744e+03
 7.5938e+02	 6.6535e+03	 5.8328e+00	 1.7894e-01	 3.3314e+02	 6.6770e+03
 1.1391e+03	 6.6535e+03	 5.7922e+00	 2.1390e-01	 3.3315e+02	 6.6794e+03
 1.7086e+03	 6.6535e+03	 5.7428e+00	 2.5727e-01	 3.3316e+02	 6.6822e+03
 2.5629e+03	 6.6535e+03	 5.6831e+00	 3.1037e-01	 3.3315e+02	 6.6849e+03
 3.8443e+03	 6.6535e+03	 5.6088e+00	 3.7481e-01	 3.3315e+02	 6.6875e+03
 5.7665e+03	 6.6535e+03	 5.5154e+00	 4.5160e-01	 3.3315e+02	 6.6900e+03
 8.6498e+03	 6.6535e+03	 5.3963e+00	 5.3985e-01	 3.3315e+02	 6.6926e+03
 1.2975e+04	 6.6535e+03	 5.2440e+00	 6.3502e-01	 3.3315e+02	 6.6952e+03
 1.9462e+04	 6.6535e+03	 5.0519e+00	 7.2678e-01	 3.3315e+02	 6.6978e+03
 2.9193e+04	 6.6535e+03	 4.8188e+00	 7.9795e-01	 3.3315e+02	 6.7003e+03
 4.3789e+04	 6.6535e+03	 4.5576e+00	 8.2804e-01	 3.3315e+02	 6.7028e+03
 6.5684e+04	 6.6535e+03	 4.3008e+00	 8.0659e-01	 3.3315e+02	 6.7052e+03
 9.8526e+04	 6.6535e+03	 4.0619e+00	 7.3951e-01	 3.3315e+02	 6.7079e+03
 1.4779e+05	 6.6535e+03	 3.8664e+00	 6.4858e-01	 3.3315e+02	 6.7105e+03
 2.2168e+05	 6.6535e+03	 3.7046e+00	 5.5565e-01	 3.3315e+02	 6.7131e+03
 3.3253e+05	 6.6535e+03	 3.5853e+00	 4.7569e-01	 3.3315e+02	 6.7156e+03
 4.9879e+05	 6.6535e+03	 3.4879e+00	 4.1188e-01	 3.3315e+02	 6.7182e+03
 7.4818e+05	 6.6535e+03	 3.4597e+00	 2.7704e-01	 3.3315e+02	 6.7261e+03
 9.0000e+05	 6.6535e+03	 3.4296e+00	 2.5053e-01	 3.3315e+02	 6.7336e+03
 1.0000e+02	 6.7309e+03	 5.9604e+00	 8.2168e-02	 3.3315e+02	 6.7417e+03
 1.5000e+02	 6.7309e+03	 5.9408e+00	 9.4495e-02	 3.3315e+02	 6.7442e+03
 2.2500e+02	 6.7309e+03	 5.9198e+00	 1.0936e-01	 3.3315e+02	 6.7468e+03
 3.3750e+02	 6.7309e+03	 5.8948e+00	 1.2811e-01	 3.3314e+02	 6.7494e+03
 5.0625e+02	 6.7309e+03	 5.8657e+00	 1.5117e-01	 3.3314e+02	 6.7519e+03
 7.5938e+02	 6.7309e+03	 5.8312e+00	 1.7946e-01	 3.3315e+02	 6.7545e+03
 1.1391e+03	 6.7309e+03	 5.7905e+00	 2.1424e-01	 3.3315e+02	 6.7569e+03
 1.7086e+03	 6.7309e+03	 5.7411e+00	 2.5793e-01	 3.3315e+02	 6.7598e+03
 2.5629e+03	 6.7309e+03	 5.6811e+00	 3.1110e-01	 3.3315e+02	 6.7624e+03
 3.8443e+03	 6.7309e+03	 5.6066e+00	 3.7562e-01	 3.3315e+02	 6.7651e+03
 5.7665e+03	 6.7309e+03	 5.5129e+00	 4.5232e-01	 3.3315e+02	 6.7676e+03
 8.6498e+03	 6.7309e+03	 5.3935e+00	 5.4033e-01	 3.3315e+02	 6.7702e+03
 1.2975e+04	 6.7309e+03	 5.2411e+00	 6.3512e-01	 3.3315e+02	 6.7729e+03
 1.9462e+04	 6.7309e+03	 5.0488e+00	 7.2651e-01	 3.3315e+02	 6.7757e+03
 2.9193e+04	 6.7309e+03	 4.8161e+00	 7.9743e-01	 3.3316e+02	 6.7783e+03
 4.3789e+04	 6.7309e+03	 4.5551e+00	 8.2737e-01	 3.3316e+02	 6.7810e+03
 6.5684e+04	 6.7309e+03	 4.2990e+00	 8.0573e-01	 3.3316e+02	 6.7834e+03
 9.8526e+04	 6.7309e+03	 4.0602e+00	 7.3870e-01	 3.3315e+02	 6.7859e+03
 1.4779e+05	 6.7309e+03	 3.8648e+00	 6.4798e-01	 3.3315e+02	 6.7886e+03
 2.2168e+05	 6.7309e+03	 3.7033e+00	 5.5522e-01	 3.3316e+02	 6.7912e+03
 3.3253e+05	 6.7309e+03	 3.5840e+00	 4.7535e-01	 3.3315e+02	 6.7939e+03
 4.9879e+05	 6.7309e+03	 3.4868e+00	 4.1169e-01	 3.3316e+02	 6.7966e+03
 7.4818e+05	 6.7309e+03	 3.4586e+00	 2.7644e-01	 3.3315e+02	 6.8046e+03
 9.0000e+05	 6.7309e+03	 3.4285e+00	 2.5142e-01	 3.3315e+02	 6.8122e+03
 1.0000e+02	 6.8095e+03	 5.9593e+00	 8.2431e-02	 3.3315e+02	 6.8206e+03
 1.5000e+02	 6.8095e+03	 5.9401e+00	 9.5736e-02	 3.3315e+02	 6.8231e+03
 2.2500e+02	 6.8095e+03	 5.9188e+00	 1.0978e-01	 3.3315e+02	 6.8259e+03
 3.3750e+02	 6.8095e+03	 5.8936e+00	 1.2845e-01	 3.3315e+02	 6.8283e+03
 5.0625e+02	 6.8095e+03	 5.8644e+00	 1.5178e-01	 3.3314e+02	 6.8308e+03
 7.5938e+02	 6.8095e+03	 5.8300e+00	 1.8027e-01	 3.3315e+02	 6.8334e+03
 1.1391e+03	 6.8095e+03	 5.7884e+00	 2.1538e-01	 3.3315e+02	 6.8359e+03
 1.7086e+03	 6.8095e+03	 5.7393e+00	 2.5877e-01	 3.3315e+02	 6.8387e+03
 2.5629e+03	 6.8095e+03	 5.6788e+00	 3.1188e-01	 3.3315e+02	 6.8412e+03
 3.8443e+03	 6.8095e+03	 5.6040e+00	 3.7629e-01	 3.3315e+02	 6.8440e+03
 5.7665e+03	 6.8095e+03	 5.5100e+00	 4.5303e-01	 3.3315e+02	 6.8464e+03
 8.6498e+03	 6.8095e+03	 5.3905e+00	 5.4079e-01	 3.3315e+02	 6.8492e+03
 1.2975e+04	 6.8095e+03	 5.2377e+00	 6.3542e-01	 3.3315e+02	 6.8517e+03
 1.9462e+04	 6.8095e+03	 5.0454e+00	 7.2652e-01	 3.3315e+02	 6.8542e+03
 2.9193e+04	 6.8095e+03	 4.8127e+00	 7.9685e-01	 3.3315e+02	 6.8569e+03
 4.3789e+04	 6.8095e+03	 4.5521e+00	 8.2642e-01	 3.3315e+02	 6.8594e+03
 6.5684e+04	 6.8095e+03	 4.2964e+00	 8.0457e-01	 3.3315e+02	 6.8620e+03
 9.8526e+04	 6.8095e+03	 4.0581e+00	 7.3769e-01	 3.3315e+02	 6.8644e+03
 1.4779e+05	 6.8095e+03	 3.8632e+00	 6.4716e-01	 3.3315e+02	 6.8672e+03
 2.2168e+05	 6.8095e+03	 3.7017e+00	 5.5455e-01	 3.3315e+02	 6.8698e+03
 3.3253e+05	 6.8095e+03	 3.5826e+00	 4.7481e-01	 3.3315e+02	 6.8725e+03
 4.9879e+05	 6.8095e+03	 3.4855e+00	 4.1123e-01	 3.3315e+02	 6.8751e+03
 7.4818e+05	 6.8095e+03	 3.4571e+00	 2.7788e-01	 3.3315e+02	 6.8827e+03
 9.0000e+05	 6.8095e+03	 3.4282e+00	 2.4149e-01	 3.3316e+02	 6.8907e+03
 1.0000e+02	 6.8880e+03	 5.9583e+00	 8.2766e-02	 3.3316e+02	 6.8988e+03
 1.5000e+02	 6.8880e+03	 5.9394e+00	 9.5947e-02	 3.3316e+02	 6.9014e+03
 2.2500e+02	 6.8880e+03	 5.9177e+00	 1.1017e-01	 3.3316e+02	 6.9038e+03
 3.3750e+02	 6.8880e+03	 5.8925e+00	 1.2889e-01	 3.3316e+02	 6.9063e+03
 5.0625e+02	 6.8880e+03	 5.8630e+00	 1.5216e-01	 3.3316e+02	 6.9089e+03
 7.5938e+02	 6.8880e+03	 5.8285e+00	 1.8055e-01	 3.3315e+02	 6.9114e+03
 1.1391e+03	 6.8880e+03	 5.7872e+00	 2.1596e-01	 3.3316e+02	 6.9142e+03
 1.7086e+03	 6.8880e+03	 5.7374e+00	 2.5937e-01	 3.3316e+02	 6.9169e+03
 2.5629e+03	 6.8880e+03	 5.6769e+00	 3.1260e-01	 3.3315e+02	 6.9197e+03
 3.8443e+03	 6.8880e+03	 5.6019e+00	 3.7702e-01	 3.3315e+02	 6.9221e+03
 5.7665e+03	 6.8880e+03	 5.5076e+00	 4.5356e-01	 3.3315e+02	 6.9248e+03
 8.6498e+03	 6.8880e+03	 5.3878e+00	 5.4119e-01	 3.3315e+02	 6.9274e+03
 1.2975e+04	 6.8880e+03	 5.2348e+00	 6.3556e-01	 3.3316e+02	 6.9300e+03
 1.9462e+04	 6.8880e+03	 5.0426e+00	 7.2635e-01	 3.3315e+02	 6.9326e+03
 2.9193e+04	 6.8880e+03	 4.8100e+00	 7.9622e-01	 3.3315e+02	 6.9352e+03
 4.3789e+04	 6.8880e+03	 4.5496e+00	 8.2567e-01	 3.3315e+02	 6.9378e+03
 6.5684e+04	 6.8880e+03	 4.2942e+00	 8.0371e-01	 3.3315e+02	 6.9402e+03
 9.8526e+04	 6.8880e+03	 4.0564e+00	 7.3679e-01	 3.3315e+02	 6.9427e+03
 1.4779e+05	 6.8880e+03	 3.8615e+00	 6.4633e-01	 3.3315e+02	 6.9455e+03
 2.2168e+05	 6.8880e+03	 3.7004e+00	 5.5393e-01	 3.3315e+02	 6.9482e+03
 3.3253e+05	 6.8880e+03	 3.5814e+00	 4.7435e-01	 3.3315e+02	 6.9507e+03
 4.9879e+05	 6.8880e+03	 3.4842e+00	 4.1096e-01	 3.3315e+02	 6.9532e+03
 7.4818e+05	 6.8880e+03	 3.4564e+00	 2.7346e-01	 3.3315e+02	 6.9610e+03
 9.0000e+05	 6.8880e+03	 3.4267e+00	 2.4426e-01	 3.3315e+02	 6.9686e+03
 1.0000e+02	 6.9659e+03	 5.9573e+00	 8.3205e-02	 3.3314e+02	 6.9768e+03
 1.5000e+02	 6.9659e+03	 5.9386e+00	 9.4765e-02	 3.3314e+02	 6.9793e+03
 2.2500e+02	 6.9659e+03	 5.9164e+00	 1.1068e-01	 3.3314e+02	 6.9817e+03
 3.3750e+02	 6.9659e+03	 5.8910e+00	 1.2960e-01	 3.3313e+02	 6.9844e+03
 5.0625e+02	 6.9659e+03	 5.8613e+00	 1.5254e-01	 3.3313e+02	 6.9869e+03
 7.5938e+02	 6.9659e+03	 5.8265e+00	 1.8148e-01	 3.3313e+02	 6.9895e+03
 1.1391e+03	 6.9659e+03	 5.7850e+00	 2.1710e-01	 3.3313e+02	 6.9920e+03
 1.7086e+03	 6.9659e+03	 5.7351e+00	 2.6041e-01	 3.3313e+02	 6.9946e+03
 2.5629e+03	 6.9659e+03	 5.6744e+00	 3.1360e-01	 3.3313e+02	 6.9972e+03
 3.8443e+03	 6.9659e+03	 5.5989e+00	 3.7802e-01	 3.3313e+02	 6.9996e+03
 5.7665e+03	 6.9659e+03	 5.5043e+00	 4.5449e-01	 3.3314e+02	 7.0024e+03
 8.6498e+03	 6.9659e+03	 5.3843e+00	 5.4205e-01	 3.3313e+02	 7.0050e+03
 1.2975e+04	 6.9659e+03	 5.2312e+00	 6.3608e-01	 3.3314e+02	 7.0077e+03
 1.9462e+04	 6.9659e+03	 5.0386e+00	 7.2631e-01	 3.3314e+02	 7.0103e+03
 2.9193e+04	 6.9659e+03	 4.8062e+00	 7.9573e-01	 3.3314e+02	 7.0130e+03
 4.3789e+04	 6.9659e+03	 4.5463e+00	 8.2486e-01	 3.3314e+02	 7.0155e+03
 6.5684e+04	 6.9659e+03	 4.2915e+00	 8.0254e-01	 3.3314e+02	 7.0179e+03
 9.8526e+04	 6.9659e+03	 4.0540e+00	 7.3565e-01	 3.3314e+02	 7.0204e+03
 1.4779e+05	 6.9659e+03	 3.8597e+00	 6.4542e-01	 3.3314e+02	 7.0231e+03
 2.2168e+05	 6.9659e+03	 3.6986e+00	 5.5314e-01	 3.3313e+02	 7.0259e+03
 3.3253e+05	 6.9659e+03	 3.5798e+00	 4.7374e-01	 3.3314e+02	 7.0283e+03
 4.9879e+05	 6.9659e+03	 3.4828e+00	 4.1042e-01	 3.3314e+02	 7.0310e+03
 7.4818e+05	 6.9659e+03	 3.4551e+00	 2.7309e-01	 3.3314e+02	 7.0387e+03
 9.0000e+05	 6.9659e+03	 3.4255e+00	 2.4500e-01	 3.3315e+02	 7.0463e+03
 1.0000e+02	 7.0436e+03	 5.9568e+00	 8.3351e-02	 3.3315e+02	 7.0545e+03
 1.5000e+02	 7.0436e+03	 5.9362e+00	 9.5378e-02	 3.3315e+02	 7.0570e+03
 2.2500e+02	 7.0436e+03	 5.9153e+00	 1.1102e-01	 3.3315e+02	 7.0595e+03
 3.3750e+02	 7.0436e+03	 5.8899e+00	 1.2976e-01	 3.3315e+02	 7.0619e+03
 5.0625e+02	 7.0436e+03	 5.8605e+00	 1.5318e-01	 3.3315e+02	 7.0644e+03
 7.5938e+02	 7.0436e+03	 5.8254e+00	 1.8167e-01	 3.3315e+02	 7.0670e+03
 1.1391e+03	 7.0436e+03	 5.7839e+00	 2.1736e-01	 3.3315e+02	 7.0696e+03
 1.7086e+03	 7.0436e+03	 5.7339e+00	 2.6088e-01	 3.3315e+02	 7.0721e+03
 2.5629e+03	 7.0436e+03	 5.6729e+00	 3.1402e-01	 3.3315e+02	 7.0748e+03
 3.8443e+03	 7.0436e+03	 5.5973e+00	 3.7842e-01	 3.3315e+02	 7.0773e+03
 5.7665e+03	 7.0436e+03	 5.5025e+00	 4.5484e-01	 3.3316e+02	 7.0800e+03
 8.6498e+03	 7.0436e+03	 5.3822e+00	 5.4212e-01	 3.3316e+02	 7.0826e+03
 1.2975e+04	 7.0436e+03	 5.2290e+00	 6.3593e-01	 3.3316e+02	 7.0852e+03
 1.9462e+04	 7.0436e+03	 5.0364e+00	 7.2581e-01	 3.3316e+02	 7.0878e+03
 2.9193e+04	 7.0436e+03	 4.8043e+00	 7.9514e-01	 3.3316e+02	 7.0907e+03
 4.3789e+04	 7.0436e+03	 4.5446e+00	 8.2401e-01	 3.3316e+02	 7.0931e+03
 6.5684e+04	 7.0436e+03	 4.2901e+00	 8.0188e-01	 3.3316e+02	 7.0956e+03
 9.8526e+04	 7.0436e+03	 4.0530e+00	 7.3521e-01	 3.3316e+02	 7.0983e+03
 1.4779e+05	 7.0436e+03	 3.8587e+00	 6.4501e-01	 3.3316e+02	 7.1009e+03
 2.2168e+05	 7.0436e+03	 3.6979e+00	 5.5292e-01	 3.3316e+02	 7.1037e+03
 3.3253e+05	 7.0436e+03	 3.5790e+00	 4.7363e-01	 3.3316e+02	 7.1061e+03
 4.9879e+05	 7.0436e+03	 3.4820e+00	 4.1036e-01	 3.3315e+02	 7.1089e+03
 7.4818e+05	 7.0436e+03	 3.4542e+00	 2.7373e-01	 3.3316e+02	 7.1166e+03
 9.0000e+05	 7.0436e+03	 3.4244e+00	 2.4759e-01	 3.3316e+02	 7.1241e+03
 1.0000e+02	 7.1214e+03	 5.9558e+00	 8.3558e-02	 3.3317e+02	 7.1322e+03
 1.5000e+02	 7.1214e+03	 5.9368e+00	 9.4927e-02	 3.3316e+02	 7.1347e+03
 2.2500e+02	 7.1214e+03	 5.9144e+00	 1.1144e-01	 3.3316e+02	 7.1371e+03
 3.3750e+02	 7.1214e+03	 5.8891e+00	 1.3008e-01	 3.3316e+02	 7.1399e+03
 5.0625e+02	 7.1214e+03	 5.8592e+00	 1.5362e-01	 3.3316e+02	 7.1425e+03
 7.5938e+02	 7.1214e+03	 5.8243e+00	 1.8225e-01	 3.3316e+02	 7.1453e+03
 1.1391e+03	 7.1214e+03	 5.7825e+00	 2.1773e-01	 3.3316e+02	 7.1478e+03
 1.7086e+03	 7.1214e+03	 5.7321e+00	 2.6133e-01	 3.3316e+02	 7.1503e+03
 2.5629e+03	 7.1214e+03	 5.6708e+00	 3.1478e-01	 3.3315e+02	 7.1529e+03
 3.8443e+03	 7.1214e+03	 5.5950e+00	 3.7912e-01	 3.3315e+02	 7.1553e+03
 5.7665e+03	 7.1214e+03	 5.4998e+00	 4.5559e-01	 3.3314e+02	 7.1578e+03
 8.6498e+03	 7.1214e+03	 5.3790e+00	 5.4275e-01	 3.3315e+02	 7.1604e+03
 1.2975e+04	 7.1214e+03	 5.2255e+00	 6.3635e-01	 3.3314e+02	 7.1632e+03
 1.9462e+04	 7.1214e+03	 5.0328e+00	 7.2592e-01	 3.3314e+02	 7.1658e+03
 2.9193e+04	 7.1214e+03	 4.8005e+00	 7.9470e-01	 3.3314e+02	 7.1684e+03
 4.3789e+04	 7.1214e+03	 4.5411e+00	 8.2310e-01	 3.3314e+02	 7.1709e+03
 6.5684e+04	 7.1214e+03	 4.2870e+00	 8.0076e-01	 3.3313e+02	 7.1735e+03
 9.8526e+04	 7.1214e+03	 4.0503e+00	 7.3382e-01	 3.3314e+02	 7.1760e+03
 1.4779e+05	 7.1214e+03	 3.8565e+00	 6.4383e-01	 3.3314e+02	 7.1786e+03
 2.2168e+05	 7.1214e+03	 3.6960e+00	 5.5203e-01	 3.3315e+02	 7.1812e+03
 3.3253e+05	 7.1214e+03	 3.5772e+00	 4.7282e-01	 3.3314e+02	 7.1836e+03
 4.9879e+05	 7.1214e+03	 3.4803e+00	 4.0962e-01	 3.3314e+02	 7.1863e+03
 7.4818e+05	 7.1214e+03	 3.4526e+00	 2.7250e-01	 3.3312e+02	 7.1940e+03
 9.0000e+05	 7.1214e+03	 3.4226e+00	 2.4665e-01	 3.3313e+02	 7.2016e+03
 1.0000e+02	 7.1989e+03	 5.9546e+00	 8.3709e-02	 3.3313e+02	 7.2099e+03
 1.5000e+02	 7.1989e+03	 5.9344e+00	 9.5573e-02	 3.3314e+02	 7.2123e+03
 2.2500e+02	 7.1989e+03	 5.9128e+00	 1.1185e-01	 3.3314e+02	 7.2150e+03
 3.3750e+02	 7.1989e+03	 5.8876e+00	 1.3086e-01	 3.3314e+02	 7.2175e+03
 5.0625e+02	 7.1989e+03	 5.8576e+00	 1.5439e-01	 3.3315e+02	 7.2200e+03
 7.5938e+02	 7.1989e+03	 5.8224e+00	 1.8294e-01	 3.3315e+02	 7.2228e+03
 1.1391e+03	 7.1989e+03	 5.7808e+00	 2.1870e-01	 3.3315e+02	 7.2255e+03
 1.7086e+03	 7.1989e+03	 5.7303e+00	 2.6228e-01	 3.3315e+02	 7.2281e+03
 2.5629e+03	 7.1989e+03	 5.6688e+00	 3.1534e-01	 3.3316e+02	 7.2308e+03
 3.8443e+03	 7.1989e+03	 5.5928e+00	 3.8003e-01	 3.3315e+02	 7.2333e+03
 5.7665e+03	 7.1989e+03	 5.4974e+00	 4.5610e-01	 3.3316e+02	 7.2358e+03
 8.6498e+03	 7.1989e+03	 5.3765e+00	 5.4311e-01	 3.3316e+02	 7.2384e+03
 1.2975e+04	 7.1989e+03	 5.2229e+00	 6.3631e-01	 3.3315e+02	 7.2409e+03
 1.9462e+04	 7.1989e+03	 5.0304e+00	 7.2570e-01	 3.3315e+02	 7.2437e+03
 2.9193e+04	 7.1989e+03	 4.7983e+00	 7.9408e-01	 3.3315e+02	 7.2463e+03
 4.3789e+04	 7.1989e+03	 4.5393e+00	 8.2234e-01	 3.3316e+02	 7.2492e+03
 6.5684e+04	 7.1989e+03	 4.2856e+00	 8.0000e-01	 3.3316e+02	 7.2516e+03
 9.8526e+04	 7.1989e+03	 4.0491e+00	 7.3339e-01	 3.3316e+02	 7.2541e+03
 1.4779e+05	 7.1989e+03	 3.8554e+00	 6.4353e-01	 3.3315e+02	 7.2567e+03
 2.2168e+05	 7.1989e+03	 3.6951e+00	 5.5174e-01	 3.3316e+02	 7.2592e+03
 3.3253e+05	 7.1989e+03	 3.5764e+00	 4.7269e-01	 3.3315e+02	 7.2618e+03
 4.9879e+05	 7.1989e+03	 3.4796e+00	 4.0964e-01	 3.3315e+02	 7.2643e+03
 7.4818e+05	 7.1989e+03	 3.4518e+00	 2.7389e-01	 3.3316e+02	 7.2722e+03
 9.0000e+05	 7.1989e+03	 3.4220e+00	 2.4757e-01	 3.3316e+02	 7.2801e+03
 1.0000e+02	 7.2774e+03	 5.9539e+00	 8.4182e-02	 3.3316e+02	 7.2882e+03
 1.5000e+02	 7.2774e+03	 5.9368e+00	 9.7666e-02	 3.3315e+02	 7.2906e+03
 2.2500e+02	 7.2774e+03	 5.9123e+00	 1.1203e-01	 3.3316e+02	 7.2934e+03
 3.3750e+02	 7.2774e+03	 5.8865e+00	 1.3120e-01	 3.3316e+02	 7.2959e+03
 5.0625e+02	 7.2774e+03	 5.8564e+00	 1.5452e-01	 3.3316e+02	 7.2983e+03
 7.5938e+02	 7.2774e+03	 5.8211e+00	 1.8335e-01	 3.3315e+02	 7.3009e+03
 1.1391e+03	 7.2774e+03	 5.7792e+00	 2.1908e-01	 3.3316e+02	 7.3034e+03
 1.7086e+03	 7.2774e+03	 5.7283e+00	 2.6284e-01	 3.3314e+02	 7.3062e+03
 2.5629e+03	 7.2774e+03	 5.6666e+00	 3.1631e-01	 3.3314e+02	 7.3089e+03
 3.8443e+03	 7.2774e+03	 5.5902e+00	 3.8062e-01	 3.3314e+02	 7.3115e+03
 5.7665e+03	 7.2774e+03	 5.4946e+00	 4.5686e-01	 3.3314e+02	 7.3140e+03
 8.6498e+03	 7.2774e+03	 5.3733e+00	 5.4379e-01	 3.3314e+02	 7.3168e+03
 1.2975e+04	 7.2774e+03	 5.2196e+00	 6.3675e-01	 3.3314e+02	 7.3192e+03
 1.9462e+04	 7.2774e+03	 5.0266e+00	 7.2543e-01	 3.3314e+02	 7.3218e+03
 2.9193e+04	 7.2774e+03	 4.7947e+00	 7.9356e-01	 3.3314e+02	 7.3244e+03
 4.3789e+04	 7.2774e+03	 4.5362e+00	 8.2137e-01	 3.3314e+02	 7.3269e+03
 6.5684e+04	 7.2774e+03	 4.2828e+00	 7.9889e-01	 3.3314e+02	 7.3295e+03
 9.8526e+04	 7.2774e+03	 4.0471e+00	 7.3225e-01	 3.3314e+02	 7.3321e+03
 1.4779e+05	 7.2774e+03	 3.8538e+00	 6.4250e-01	 3.3315e+02	 7.3350e+03
 2.2168e+05	 7.2774e+03	 3.6936e+00	 5.5095e-01	 3.3314e+02	 7.3376e+03
 3.3253e+05	 7.2774e+03	 3.5750e+00	 4.7214e-01	 3.3315e+02	 7.3403e+03
 4.9879e+05	 7.2774e+03	 3.4783e+00	 4.0923e-01	 3.3315e+02	 7.3429e+03
 7.4818e+05	 7.2774e+03	 3.4506e+00	 2.7319e-01	 3.3315e+02	 7.3504e+03
 9.0000e+05	 7.2774e+03	 3.4207e+00	 2.4850e-01	 3.3315e+02	 7.3583e+03
 1.0000e+02	 7.3556e+03	 5.9528e+00	 8.4304e-02	 3.3316e+02	 7.3661e+03
 1.5000e+02	 7.3556e+03	 5.9329e+00	 9.6844e-02	 3.3316e+02	 7.3686e+03
 2.2500e+02	 7.3556e+03	 5.9110e+00	 1.1249e-01	 3.3316e+02	 7.3712e+03
 3.3750e+02	 7.3556e+03	 5.8852e+00	 1.3166e-01	 3.3316e+02	 7.3737e+03
 5.0625e+02	 7.3556e+03	 5.8553e+00	 1.5513e-01	 3.3316e+02	 7.3764e+03
 7.5938e+02	 7.3556e+03	 5.8197e+00	 1.8388e-01	 3.3316e+02	 7.3791e+03
 1.1391e+03	 7.3556e+03	 5.7777e+00	 2.1972e-01	 3.3316e+02	 7.3817e+03
 1.7086e+03	 7.3556e+03	 5.7266e+00	 2.6349e-01	 3.3316e+02	 7.3842e+03
 2.5629e+03	 7.3556e+03	 5.6650e+00	 3.1679e-01	 3.3316e+02	 7.3870e+03
 3.8443e+03	 7.3556e+03	 5.5884e+00	 3.8112e-01	 3.3316e+02	 7.3895e+03
 5.7665e+03	 7.3556e+03	 5.4926e+00	 4.5721e-01	 3.3316e+02	 7.3920e+03
 8.6498e+03	 7.3556e+03	 5.3713e+00	 5.4382e-01	 3.3316e+02	 7.3947e+03
 1.2975e+04	 7.3556e+03	 5.2174e+00	 6.3649e-01	 3.3316e+02	 7.3971e+03
 1.9462e+04	 7.3556e+03	 5.0249e+00	 7.2512e-01	 3.3316e+02	 7.3999e+03
 2.9193e+04	 7.3556e+03	 4.7932e+00	 7.9284e-01	 3.3316e+02	 7.4024e+03
 4.3789e+04	 7.3556e+03	 4.5347e+00	 8.2075e-01	 3.3316e+02	 7.4052e+03
 6.5684e+04	 7.3556e+03	 4.2819e+00	 7.9826e-01	 3.3316e+02	 7.4076e+03
 9.8526e+04	 7.3556e+03	 4.0460e+00	 7.3178e-01	 3.3316e+02	 7.4103e+03
 1.4779e+05	 7.3556e+03	 3.8529e+00	 6.4219e-01	 3.3316e+02	 7.4130e+03
 2.2168e+05	 7.3556e+03	 3.6925e+00	 5.5069e-01	 3.3316e+02	 7.4157e+03
 3.3253e+05	 7.3556e+03	 3.5740e+00	 4.7188e-01	 3.3316e+02	 7.4182e+03
 4.9879e+05	 7.3556e+03	 3.4772e+00	 4.0898e-01	 3.3316e+02	 7.4210e+03
 7.4818e+05	 7.3556e+03	 3.4493e+00	 2.7500e-01	 3.3316e+02	 7.4287e+03
 9.0000e+05	 7.3556e+03	 3.4197e+00	 2.4663e-01	 3.3315e+02	 7.4363e+03
 1.0000e+02	 7.4336e+03	 5.9523e+00	 8.4678e-02	 3.3315e+02	 7.4447e+03
 1.5000e+02	 7.4336e+03	 5.9332e+00	 9.7167e-02	 3.3315e+02	 7.4471e+03
 2.2500e+02	 7.4336e+03	 5.9101e+00	 1.1287e-01	 3.3315e+02	 7.4500e+03
 3.3750e+02	 7.4336e+03	 5.8842e+00	 1.3202e-01	 3.3315e+02	 7.4524e+03
 5.0625e+02	 7.4336e+03	 5.8538e+00	 1.5565e-01	 3.3315e+02	 7.4548e+03
 7.5938e+02	 7.4336e+03	 5.8181e+00	 1.8465e-01	 3.3315e+02	 7.4574e+03
 1.1391e+03	 7.4336e+03	 5.7759e+00	 2.2059e-01	 3.3315e+02	 7.4598e+03
 1.7086e+03	 7.4336e+03	 5.7246e+00	 2.6409e-01	 3.3315e+02	 7.4625e+03
 2.5629e+03	 7.4336e+03	 5.6624e+00	 3.1761e-01	 3.3315e+02	 7.4651e+03
 3.8443e+03	 7.4336e+03	 5.5857e+00	 3.8199e-01	 3.3314e+02	 7.4678e+03
 5.7665e+03	 7.4336e+03	 5.4895e+00	 4.5800e-01	 3.3314e+02	 7.4702e+03
 8.6498e+03	 7.4336e+03	 5.3678e+00	 5.4460e-01	 3.3314e+02	 7.4728e+03
 1.2975e+04	 7.4336e+03	 5.2138e+00	 6.3698e-01	 3.3314e+02	 7.4752e+03
 1.9462e+04	 7.4336e+03	 5.0208e+00	 7.2521e-01	 3.3315e+02	 7.4778e+03
 2.9193e+04	 7.4336e+03	 4.7891e+00	 7.9242e-01	 3.3315e+02	 7.4803e+03
 4.3789e+04	 7.4336e+03	 4.5395e+00	 8.1995e-01	 3.3315e+02	 7.4828e+03
 6.5684e+04	 7.4336e+03	 4.2788e+00	 7.9705e-01	 3.3314e+02	 7.4852e+03
 9.8526e+04	 7.4336e+03	 4.0433e+00	 7.3046e-01	 3.3315e+02	 7.4878e+03
 1.4779e+05	 7.4336e+03	 3.8507e+00	 6.4105e-01	 3.3315e+02	 7.4904e+03
 2.2168e+05	 7.4336e+03	 3.6908e+00	 5.4987e-01	 3.3315e+02	 7.4930e+03
 3.3253e+05	 7.4336e+03	 3.5726e+00	 4.7124e-01	 3.3316e+02	 7.4956e+03
 4.9879e+05	 7.4336e+03	 3.4760e+00	 4.0856e-01	 3.3315e+02	 7.4981e+03
 7.4818e+05	 7.4336e+03	 3.4482e+00	 2.7430e-01	 3.3315e+02	 7.5060e+03
 9.0000e+05	 7.4336e+03	 3.4184e+00	 2.4806e-01	 3.3315e+02	 7.5138e+03
 1.0000e+02	 7.5111e+03	 5.9511e+00	 8.5117e-02	 3.3315e+02	 7.5216e+03
 1.5000e+02	 7.5111e+03	 5.9331e+00	 9.7668e-02	 3.3315e+02	 7.5242e+03
 2.2500e+02	 7.5111e+03	 5.9088e+00	 1.1338e-01	 3.3314e+02	 7.5266e+03
 3.3750e+02	 7.5111e+03	 5.8829e+00	 1.3259e-01	 3.3315e+02	 7.5291e+03
 5.0625e+02	 7.5111e+03	 5.8526e+00	 1.5630e-01	 3.3315e+02	 7.5317e+03
 7.5938e+02	 7.5111e+03	 5.8169e+00	 1.8533e-01	 3.3315e+02	 7.5342e+03
 1.1391e+03	 7.5111e+03	 5.7743e+00	 2.2135e-01	 3.3315e+02	 7.5369e+03
 1.7086e+03	 7.5111e+03	 5.7230e+00	 2.6485e-01	 3.3315e+02	 7.5395e+03
 2.5629e+03	 7.5111e+03	 5.6608e+00	 3.1820e-01	 3.3315e+02	 7.5423e+03
 3.8443e+03	 7.5111e+03	 5.5837e+00	 3.8273e-01	 3.3315e+02	 7.5448e+03
 5.7665e+03	 7.5111e+03	 5.4873e+00	 4.5860e-01	 3.3315e+02	 7.5475e+03
 8.6498e+03	 7.5111e+03	 5.3653e+00	 5.4482e-01	 3.3315e+02	 7.5502e+03
 1.2975e+04	 7.5111e+03	 5.2112e+00	 6.3712e-01	 3.3315e+02	 7.5529e+03
 1.9462e+04	 7.5111e+03	 5.0184e+00	 7.2487e-01	 3.3315e+02	 7.5555e+03
 2.9193e+04	 7.5111e+03	 4.7870e+00	 7.9180e-01	 3.3315e+02	 7.5582e+03
 4.3789e+04	 7.5111e+03	 4.5377e+00	 8.1922e-01	 3.3316e+02	 7.5607e+03
 6.5684e+04	 7.5111e+03	 4.2771e+00	 7.9633e-01	 3.3316e+02	 7.5631e+03
 9.8526e+04	 7.5111e+03	 4.0423e+00	 7.2983e-01	 3.3316e+02	 7.5657e+03
 1.4779e+05	 7.5111e+03	 3.8495e+00	 6.4062e-01	 3.3315e+02	 7.5684e+03
 2.2168e+05	 7.5111e+03	 3.6898e+00	 5.4944e-01	 3.3316e+02	 7.5711e+03
 3.3253e+05	 7.5111e+03	 3.5716e+00	 4.7099e-01	 3.3316e+02	 7.5737e+03
 4.9879e+05	 7.5111e+03	 3.4749e+00	 4.0827e-01	 3.3316e+02	 7.5764e+03
 7.4818e+05	 7.5111e+03	 3.4472e+00	 2.7427e-01	 3.3315e+02	 7.5842e+03
 9.0000e+05	 7.5111e+03	 3.4174e+00	 2.4837e-01	 3.3315e+02	 7.5922e+03
 1.0000e+02	 7.5895e+03	 5.9503e+00	 8.5443e-02	 3.3315e+02	 7.5999e+03
 1.5000e+02	 7.5895e+03	 5.9303e+00	 9.7003e-02	 3.3315e+02	 7.6023e+03
 2.2500e+02	 7.5895e+03	 5.9079e+00	 1.1369e-01	 3.3315e+02	 7.6050e+03
 3.3750e+02	 7.5895e+03	 5.8818e+00	 1.3296e-01	 3.3315e+02	 7.6075e+03
 5.0625e+02	 7.5895e+03	 5.8513e+00	 1.5677e-01	 3.3315e+02	 7.6100e+03
 7.5938e+02	 7.5895e+03	 5.8156e+00	 1.8583e-01	 3.3315e+02	 7.6127e+03
 1.1391e+03	 7.5895e+03	 5.7726e+00	 2.2148e-01	 3.3315e+02	 7.6152e+03
 1.7086e+03	 7.5895e+03	 5.7211e+00	 2.6546e-01	 3.3315e+02	 7.6179e+03
 2.5629e+03	 7.5895e+03	 5.6586e+00	 3.1904e-01	 3.3315e+02	 7.6204e+03
 3.8443e+03	 7.5895e+03	 5.5814e+00	 3.8340e-01	 3.3315e+02	 7.6230e+03
 5.7665e+03	 7.5895e+03	 5.4847e+00	 4.5922e-01	 3.3315e+02	 7.6256e+03
 8.6498e+03	 7.5895e+03	 5.3625e+00	 5.4538e-01	 3.3315e+02	 7.6285e+03
 1.2975e+04	 7.5895e+03	 5.2080e+00	 6.3715e-01	 3.3315e+02	 7.6309e+03
 1.9462e+04	 7.5895e+03	 5.0152e+00	 7.2472e-01	 3.3315e+02	 7.6338e+03
 2.9193e+04	 7.5895e+03	 4.7839e+00	 7.9131e-01	 3.3315e+02	 7.6364e+03
 4.3789e+04	 7.5895e+03	 4.5348e+00	 8.1849e-01	 3.3315e+02	 7.6390e+03
 6.5684e+04	 7.5895e+03	 4.2745e+00	 7.9533e-01	 3.3315e+02	 7.6414e+03
 9.8526e+04	 7.5895e+03	 4.0402e+00	 7.2887e-01	 3.3315e+02	 7.6439e+03
 1.4779e+05	 7.5895e+03	 3.8479e+00	 6.3972e-01	 3.3315e+02	 7.6467e+03
 2.2168e+05	 7.5895e+03	 3.6883e+00	 5.4875e-01	 3.3315e+02	 7.6492e+03
 3.3253e+05	 7.5895e+03	 3.5702e+00	 4.7047e-01	 3.3315e+02	 7.6519e+03
 4.9879e+05	 7.5895e+03	 3.4737e+00	 4.0789e-01	 3.3315e+02	 7.6546e+03
 7.4818e+05	 7.5895e+03	 3.4460e+00	 2.7214e-01	 3.3314e+02	 7.6625e+03
 9.0000e+05	 7.5895e+03	 3.4162e+00	 2.4758e-01	 3.3314e+02	 7.6702e+03
 1.0000e+02	 7.6675e+03	 5.9492e+00	 8.5633e-02	 3.3313e+02	 7.6781e+03
 1.5000e+02	 7.6675e+03	 5.9286e+00	 9.8632e-02	 3.3314e+02	 7.6807e+03
 2.2500e+02	 7.6675e+03	 5.9068e+00	 1.1403e-01	 3.3314e+02	 7.6831e+03
 3.3750e+02	 7.6675e+03	 5.8805e+00	 1.3333e-01	 3.3315e+02	 7.6856e+03
 5.0625e+02	 7.6675e+03	 5.8498e+00	 1.5727e-01	 3.3314e+02	 7.6882e+03
 7.5938e+02	 7.6675e+03	 5.8138e+00	 1.8643e-01	 3.3315e+02	 7.6909e+03
 1.1391e+03	 7.6675e+03	 5.7710e+00	 2.2215e-01	 3.3315e+02	 7.6934e+03
 1.7086e+03	 7.6675e+03	 5.7195e+00	 2.6629e-01	 3.3315e+02	 7.6960e+03
 2.5629e+03	 7.6675e+03	 5.6566e+00	 3.1974e-01	 3.3316e+02	 7.6988e+03
 3.8443e+03	 7.6675e+03	 5.5793e+00	 3.8408e-01	 3.3315e+02	 7.7012e+03
 5.7665e+03	 7.6675e+03	 5.4824e+00	 4.5978e-01	 3.3315e+02	 7.7036e+03
 8.6498e+03	 7.6675e+03	 5.3600e+00	 5.4569e-01	 3.3315e+02	 7.7062e+03
 1.2975e+04	 7.6675e+03	 5.2056e+00	 6.3737e-01	 3.3314e+02	 7.7087e+03
 1.9462e+04	 7.6675e+03	 5.0125e+00	 7.2440e-01	 3.3315e+02	 7.7115e+03
 2.9193e+04	 7.6675e+03	 4.7814e+00	 7.9079e-01	 3.3315e+02	 7.7141e+03
 4.3789e+04	 7.6675e+03	 4.5328e+00	 8.1769e-01	 3.3315e+02	 7.7167e+03
 6.5684e+04	 7.6675e+03	 4.2727e+00	 7.9449e-01	 3.3316e+02	 7.7192e+03
 9.8526e+04	 7.6675e+03	 4.0388e+00	 7.2823e-01	 3.3316e+02	 7.7217e+03
 1.4779e+05	 7.6675e+03	 3.8467e+00	 6.3911e-01	 3.3315e+02	 7.7242e+03
 2.2168e+05	 7.6675e+03	 3.6873e+00	 5.4838e-01	 3.3315e+02	 7.7268e+03
 3.3253e+05	 7.6675e+03	 3.5693e+00	 4.7012e-01	 3.3316e+02	 7.7294e+03
 4.9879e+05	 7.6675e+03	 3.4727e+00	 4.0769e-01	 3.3315e+02	 7.7320e+03
 7.4818e+05	 7.6675e+03	 3.4451e+00	 2.7377e-01	 3.3316e+02	 7.7394e+03
 9.0000e+05	 7.6675e+03	 3.4158e+00	 2.4452e-01	 3.3316e+02	 7.7475e+03
 1.0000e+02	 7.7448e+03	 5.9485e+00	 8.6067e-02	 3.3315e+02	 7.7552e+03
 1.5000e+02	 7.7448e+03	 5.9291e+00	 9.8533e-02	 3.3316e+02	 7.7576e+03
 2.2500e+02	 7.7448e+03	 5.9058e+00	 1.1437e-01	 3.3315e+02	 7.7603e+03
 3.3750e+02	 7.7448e+03	 5.8796e+00	 1.3403e-01	 3.3315e+02	 7.7627e+03
 5.0625e+02	 7.7448e+03	 5.8486e+00	 1.5764e-01	 3.3314e+02	 7.7652e+03
 7.5938e+02	 7.7448e+03	 5.8127e+00	 1.8681e-01	 3.3315e+02	 7.7679e+03
 1.1391e+03	 7.7448e+03	 5.7697e+00	 2.2287e-01	 3.3315e+02	 7.7704e+03
 1.7086e+03	 7.7448e+03	 5.7177e+00	 2.6697e-01	 3.3315e+02	 7.7732e+03
 2.5629e+03	 7.7448e+03	 5.6548e+00	 3.2048e-01	 3.3315e+02	 7.7758e+03
 3.8443e+03	 7.7448e+03	 5.5770e+00	 3.8478e-01	 3.3315e+02	 7.7784e+03
 5.7665e+03	 7.7448e+03	 5.4799e+00	 4.6035e-01	 3.3315e+02	 7.7809e+03
 8.6498e+03	 7.7448e+03	 5.3572e+00	 5.4622e-01	 3.3315e+02	 7.7837e+03
 1.2975e+04	 7.7448e+03	 5.2025e+00	 6.3756e-01	 3.3315e+02	 7.7862e+03
 1.9462e+04	 7.7448e+03	 5.0093e+00	 7.2430e-01	 3.3314e+02	 7.7890e+03
 2.9193e+04	 7.7448e+03	 4.7781e+00	 7.9025e-01	 3.3314e+02	 7.7916e+03
 4.3789e+04	 7.7448e+03	 4.5296e+00	 8.1680e-01	 3.3314e+02	 7.7940e+03
 6.5684e+04	 7.7448e+03	 4.2701e+00	 7.9349e-01	 3.3314e+02	 7.7966e+03
 9.8526e+04	 7.7448e+03	 4.0363e+00	 7.2705e-01	 3.3314e+02	 7.7991e+03
 1.4779e+05	 7.7448e+03	 3.8446e+00	 6.3809e-01	 3.3314e+02	 7.8018e+03
 2.2168e+05	 7.7448e+03	 3.6855e+00	 5.4746e-01	 3.3314e+02	 7.8044e+03
 3.3253e+05	 7.7448e+03	 3.5676e+00	 4.6941e-01	 3.3314e+02	 7.8070e+03
 4.9879e+05	 7.7448e+03	 3.4712e+00	 4.0712e-01	 3.3314e+02	 7.8096e+03
 7.4818e+05	 7.7448e+03	 3.4441e+00	 2.6978e-01	 3.3314e+02	 7.8171e+03
 9.0000e+05	 7.7448e+03	 3.4146e+00	 2.4327e-01	 3.3315e+02	 7.8252e+03
 1.0000e+02	 7.8225e+03	 5.9476e+00	 8.6483e-02	 3.3315e+02	 7.8330e+03
 1.5000e+02	 7.8225e+03	 5.9279e+00	 1.0011e-01	 3.3314e+02	 7.8356e+03
 2.2500e+02	 7.8225e+03	 5.9048e+00	 1.1486e-01	 3.3315e+02	 7.8383e+03
 3.3750e+02	 7.8225e+03	 5.8783e+00	 1.3431e-01	 3.3315e+02	 7.8407e+03
 5.0625e+02	 7.8225e+03	 5.8478e+00	 1.5807e-01	 3.3315e+02	 7.8434e+03
 7.5938e+02	 7.8225e+03	 5.8113e+00	 1.8745e-01	 3.3316e+02	 7.8459e+03
 1.1391e+03	 7.8225e+03	 5.7683e+00	 2.2332e-01	 3.3316e+02	 7.8486e+03
 1.7086e+03	 7.8225e+03	 5.7162e+00	 2.6735e-01	 3.3316e+02	 7.8512e+03
 2.5629e+03	 7.8225e+03	 5.6532e+00	 3.2091e-01	 3.3317e+02	 7.8540e+03
 3.8443e+03	 7.8225e+03	 5.5752e+00	 3.8515e-01	 3.3316e+02	 7.8564e+03
 5.7665e+03	 7.8225e+03	 5.4779e+00	 4.6073e-01	 3.3317e+02	 7.8588e+03
 8.6498e+03	 7.8225e+03	 5.3553e+00	 5.4634e-01	 3.3316e+02	 7.8615e+03
 1.2975e+04	 7.8225e+03	 5.2005e+00	 6.3736e-01	 3.3317e+02	 7.8639e+03
 1.9462e+04	 7.8225e+03	 5.0077e+00	 7.2394e-01	 3.3316e+02	 7.8667e+03
 2.9193e+04	 7.8225e+03	 4.7767e+00	 7.8969e-01	 3.3316e+02	 7.8692e+03
 4.3789e+04	 7.8225e+03	 4.5287e+00	 8.1621e-01	 3.3316e+02	 7.8720e+03
 6.5684e+04	 7.8225e+03	 4.2695e+00	 7.9301e-01	 3.3317e+02	 7.8744e+03
 9.8526e+04	 7.8225e+03	 4.0359e+00	 7.2670e-01	 3.3317e+02	 7.8769e+03
 1.4779e+05	 7.8225e+03	 3.8442e+00	 6.3804e-01	 3.3316e+02	 7.8796e+03
 2.2168e+05	 7.8225e+03	 3.6850e+00	 5.4746e-01	 3.3316e+02	 7.8822e+03
 3.3253e+05	 7.8225e+03	 3.5671e+00	 4.6947e-01	 3.3316e+02	 7.8849e+03
 4.9879e+05	 7.8225e+03	 3.4706e+00	 4.0715e-01	 3.3316e+02	 7.8875e+03
 7.4818e+05	 7.8225e+03	 3.4431e+00	 2.7178e-01	 3.3316e+02	 7.8955e+03
 9.0000e+05	 7.8225e+03	 3.4133e+00	 2.4602e-01	 3.3316e+02	 7.9032e+03
 1.0000e+02	 7.9006e+03	 5.9468e+00	 8.6643e-02	 3.3315e+02	 7.9115e+03
 1.5000e+02	 7.9006e+03	 5.9274e+00	 9.8522e-02	 3.3315e+02	 7.9140e+03
 2.2500e+02	 7.9006e+03	 5.9038e+00	 1.1539e-01	 3.3315e+02	 7.9167e+03
 3.3750e+02	 7.9006e+03	 5.8773e+00	 1.3480e-01	 3.3315e+02	 7.9192e+03
 5.0625e+02	 7.9006e+03	 5.8464e+00	 1.5881e-01	 3.3315e+02	 7.9219e+03
 7.5938e+02	 7.9006e+03	 5.8097e+00	 1.8822e-01	 3.3314e+02	 7.9245e+03
 1.1391e+03	 7.9006e+03	 5.7664e+00	 2.2399e-01	 3.3315e+02	 7.9272e+03
 1.7086e+03	 7.9006e+03	 5.7140e+00	 2.6815e-01	 3.3315e+02	 7.9298e+03
 2.5629e+03	 7.9006e+03	 5.6509e+00	 3.2180e-01	 3.3314e+02	 7.9326e+03
 3.8443e+03	 7.9006e+03	 5.5725e+00	 3.8607e-01	 3.3315e+02	 7.9351e+03
 5.7665e+03	 7.9006e+03	 5.4748e+00	 4.6162e-01	 3.3314e+02	 7.9375e+03
 8.6498e+03	 7.9006e+03	 5.3517e+00	 5.4707e-01	 3.3314e+02	 7.9402e+03
 1.2975e+04	 7.9006e+03	 5.1967e+00	 6.3792e-01	 3.3314e+02	 7.9428e+03
 1.9462e+04	 7.9006e+03	 5.0035e+00	 7.2399e-01	 3.3315e+02	 7.9454e+03
 2.9193e+04	 7.9006e+03	 4.7727e+00	 7.8930e-01	 3.3314e+02	 7.9480e+03
 4.3789e+04	 7.9006e+03	 4.5248e+00	 8.1518e-01	 3.3314e+02	 7.9508e+03
 6.5684e+04	 7.9006e+03	 4.2660e+00	 7.9164e-01	 3.3315e+02	 7.9532e+03
 9.8526e+04	 7.9006e+03	 4.0332e+00	 7.2545e-01	 3.3314e+02	 7.9557e+03
 1.4779e+05	 7.9006e+03	 3.8421e+00	 6.3687e-01	 3.3315e+02	 7.9584e+03
 2.2168e+05	 7.9006e+03	 3.6831e+00	 5.4646e-01	 3.3315e+02	 7.9609e+03
 3.3253e+05	 7.9006e+03	 3.5654e+00	 4.6878e-01	 3.3315e+02	 7.9637e+03
 4.9879e+05	 7.9006e+03	 3.4692e+00	 4.0647e-01	 3.3314e+02	 7.9662e+03
 7.4818e+05	 7.9006e+03	 3.4420e+00	 2.6992e-01	 3.3314e+02	 7.9740e+03
 9.0000e+05	 7.9006e+03	 3.4122e+00	 2.4643e-01	 3.3315e+02	 7.9819e+03
 1.0000e+02	 7.9792e+03	 5.9458e+00	 8.7066e-02	 3.3315e+02	 7.9898e+03
 1.5000e+02	 7.9792e+03	 5.9241e+00	 1.0059e-01	 3.3315e+02	 7.9924e+03
 2.2500e+02	 7.9792e+03	 5.9027e+00	 1.1566e-01	 3.3315e+02	 7.9949e+03
 3.3750e+02	 7.9792e+03	 5.8761e+00	 1.3515e-01	 3.3315e+02	 7.9973e+03
 5.0625e+02	 7.9792e+03	 5.8450e+00	 1.5916e-01	 3.3315e+02	 7.9998e+03
 7.5938e+02	 7.9792e+03	 5.8084e+00	 1.8858e-01	 3.3315e+02	 8.0023e+03
 1.1391e+03	 7.9792e+03	 5.7650e+00	 2.2491e-01	 3.3314e+02	 8.0050e+03
 1.7086e+03	 7.9792e+03	 5.7125e+00	 2.6893e-01	 3.3314e+02	 8.0076e+03
 2.5629e+03	 7.9792e+03	 5.6488e+00	 3.2238e-01	 3.3315e+02	 8.0102e+03
 3.8443e+03	 7.9792e+03	 5.5704e+00	 3.8671e-01	 3.3315e+02	 8.0129e+03
 5.7665e+03	 7.9792e+03	 5.4726e+00	 4.6209e-01	 3.3314e+02	 8.0153e+03
 8.6498e+03	 7.9792e+03	 5.3492e+00	 5.4738e-01	 3.3315e+02	 8.0179e+03
 1.2975e+04	 7.9792e+03	 5.1941e+00	 6.3795e-01	 3.3315e+02	 8.0204e+03
 1.9462e+04	 7.9792e+03	 5.0012e+00	 7.2386e-01	 3.3315e+02	 8.0230e+03
 2.9193e+04	 7.9792e+03	 4.7705e+00	 7.8865e-01	 3.3316e+02	 8.0256e+03
 4.3789e+04	 7.9792e+03	 4.5230e+00	 8.1444e-01	 3.3316e+02	 8.0282e+03
 6.5684e+04	 7.9792e+03	 4.2647e+00	 7.9092e-01	 3.3315e+02	 8.0308e+03
 9.8526e+04	 7.9792e+03	 4.0319e+00	 7.2481e-01	 3.3315e+02	 8.0332e+03
 1.4779e+05	 7.9792e+03	 3.8408e+00	 6.3632e-01	 3.3316e+02	 8.0358e+03
 2.2168e+05	 7.9792e+03	 3.6822e+00	 5.4613e-01	 3.3315e+02	 8.0384e+03
 3.3253e+05	 7.9792e+03	 3.5646e+00	 4.6839e-01	 3.3315e+02	 8.0408e+03
 4.9879e+05	 7.9792e+03	 3.4683e+00	 4.0633e-01	 3.3315e+02	 8.0434e+03
 7.4818e+05	 7.9792e+03	 3.4408e+00	 2.7196e-01	 3.3316e+02	 8.0511e+03
 9.0000e+05	 7.9792e+03	 3.4111e+00	 2.4693e-01	 3.3315e+02	 8.0590e+03
 1.0000e+02	 8.0563e+03	 5.9450e+00	 8.7309e-02	 3.3315e+02	 8.0668e+03
 1.5000e+02	 8.0563e+03	 5.9251e+00	 1.0105e-01	 3.3315e+02	 8.0693e+03
 2.2500e+02	 8.0563e+03	 5.9015e+00	 1.1597e-01	 3.3315e+02	 8.0719e+03
 3.3750e+02	 8.0563e+03	 5.8749e+00	 1.3569e-01	 3.3314e+02	 8.0744e+03
 5.0625e+02	 8.0563e+03	 5.8436e+00	 1.5969e-01	 3.3314e+02	 8.0769e+03
 7.5938e+02	 8.0563e+03	 5.8068e+00	 1.8919e-01	 3.3314e+02	 8.0794e+03
 1.1391e+03	 8.0563e+03	 5.7632e+00	 2.2542e-01	 3.3314e+02	 8.0819e+03
 1.7086e+03	 8.0563e+03	 5.7107e+00	 2.6952e-01	 3.3313e+02	 8.0847e+03
 2.5629e+03	 8.0563e+03	 5.6468e+00	 3.2322e-01	 3.3315e+02	 8.0872e+03
 3.8443e+03	 8.0563e+03	 5.5680e+00	 3.8736e-01	 3.3314e+02	 8.0900e+03
 5.7665e+03	 8.0563e+03	 5.4699e+00	 4.6277e-01	 3.3314e+02	 8.0924e+03
 8.6498e+03	 8.0563e+03	 5.3463e+00	 5.4798e-01	 3.3314e+02	 8.0952e+03
 1.2975e+04	 8.0563e+03	 5.1910e+00	 6.3819e-01	 3.3315e+02	 8.0977e+03
 1.9462e+04	 8.0563e+03	 4.9981e+00	 7.2367e-01	 3.3315e+02	 8.1002e+03
 2.9193e+04	 8.0563e+03	 4.7674e+00	 7.8813e-01	 3.3315e+02	 8.1029e+03
 4.3789e+04	 8.0563e+03	 4.5204e+00	 8.1370e-01	 3.3315e+02	 8.1053e+03
 6.5684e+04	 8.0563e+03	 4.2624e+00	 7.9000e-01	 3.3315e+02	 8.1081e+03
 9.8526e+04	 8.0563e+03	 4.0302e+00	 7.2395e-01	 3.3316e+02	 8.1106e+03
 1.4779e+05	 8.0563e+03	 3.8396e+00	 6.3570e-01	 3.3315e+02	 8.1132e+03
 2.2168e+05	 8.0563e+03	 3.6809e+00	 5.4563e-01	 3.3316e+02	 8.1158e+03
 3.3253e+05	 8.0563e+03	 3.5634e+00	 4.6808e-01	 3.3316e+02	 8.1185e+03
 4.9879e+05	 8.0563e+03	 3.4672e+00	 4.0604e-01	 3.3316e+02	 8.1211e+03
 7.4818e+05	 8.0563e+03	 3.4399e+00	 2.7167e-01	 3.3316e+02	 8.1288e+03
 9.0000e+05	 8.0563e+03	 3.4108e+00	 2.4098e-01	 3.3316e+02	 8.1367e+03
 1.0000e+02	 8.1340e+03	 5.9442e+00	 8.7437e-02	 3.3315e+02	 8.1445e+03
 1.5000e+02	 8.1340e+03	 5.9235e+00	 9.8567e-02	 3.3316e+02	 8.1472e+03
 2.2500e+02	 8.1340e+03	 5.9007e+00	 1.1633e-01	 3.3316e+02	 8.1497e+03
 3.3750e+02	 8.1340e+03	 5.8738e+00	 1.3594e-01	 3.3316e+02	 8.1521e+03
 5.0625e+02	 8.1340e+03	 5.8425e+00	 1.6002e-01	 3.3316e+02	 8.1548e+03
 7.5938e+02	 8.1340e+03	 5.8058e+00	 1.8962e-01	 3.3316e+02	 8.1573e+03
 1.1391e+03	 8.1340e+03	 5.7622e+00	 2.2592e-01	 3.3315e+02	 8.1601e+03
 1.7086e+03	 8.1340e+03	 5.7092e+00	 2.7006e-01	 3.3315e+02	 8.1627e+03
 2.5629e+03	 8.1340e+03	 5.6451e+00	 3.2373e-01	 3.3316e+02	 8.1652e+03
 3.8443e+03	 8.1340e+03	 5.5663e+00	 3.8792e-01	 3.3315e+02	 8.1678e+03
 5.7665e+03	 8.1340e+03	 5.4679e+00	 4.6322e-01	 3.3315e+02	 8.1702e+03
 8.6498e+03	 8.1340e+03	 5.3440e+00	 5.4827e-01	 3.3315e+02	 8.1729e+03
 1.2975e+04	 8.1340e+03	 5.1884e+00	 6.3832e-01	 3.3315e+02	 8.1753e+03
 1.9462e+04	 8.1340e+03	 4.9952e+00	 7.2343e-01	 3.3315e+02	 8.1780e+03
 2.9193e+04	 8.1340e+03	 4.7648e+00	 7.8771e-01	 3.3315e+02	 8.1806e+03
 4.3789e+04	 8.1340e+03	 4.5177e+00	 8.1279e-01	 3.3315e+02	 8.1833e+03
 6.5684e+04	 8.1340e+03	 4.2603e+00	 7.8905e-01	 3.3314e+02	 8.1858e+03
 9.8526e+04	 8.1340e+03	 4.0282e+00	 7.2300e-01	 3.3314e+02	 8.1882e+03
 1.4779e+05	 8.1340e+03	 3.8378e+00	 6.3479e-01	 3.3315e+02	 8.1909e+03
 2.2168e+05	 8.1340e+03	 3.6795e+00	 5.4496e-01	 3.3315e+02	 8.1935e+03
 3.3253e+05	 8.1340e+03	 3.5621e+00	 4.6745e-01	 3.3315e+02	 8.1962e+03
 4.9879e+05	 8.1340e+03	 3.4660e+00	 4.0559e-01	 3.3314e+02	 8.1988e+03
 7.4818e+05	 8.1340e+03	 3.4390e+00	 2.6956e-01	 3.3314e+02	 8.2069e+03
 9.0000e+05	 8.1340e+03	 3.4095e+00	 2.4121e-01	 3.3314e+02	 8.2146e+03
 1.0000e+02	 8.2119e+03	 5.9431e+00	 8.7899e-02	 3.3314e+02	 8.2228e+03
 1.5000e+02	 8.2119e+03	 5.9227e+00	 1.0121e-01	 3.3315e+02	 8.2252e+03
 2.2500e+02	 8.2119e+03	 5.8996e+00	 1.1684e-01	 3.3315e+02	 8.2277e+03
 3.3750e+02	 8.2119e+03	 5.8727e+00	 1.3655e-01	 3.3315e+02	 8.2303e+03
 5.0625e+02	 8.2119e+03	 5.8413e+00	 1.6082e-01	 3.3315e+02	 8.2328e+03
 7.5938e+02	 8.2119e+03	 5.8042e+00	 1.9038e-01	 3.3314e+02	 8.2355e+03
 1.1391e+03	 8.2119e+03	 5.7604e+00	 2.2679e-01	 3.3315e+02	 8.2380e+03
 1.7086e+03	 8.2119e+03	 5.7074e+00	 2.7068e-01	 3.3314e+02	 8.2406e+03
 2.5629e+03	 8.2119e+03	 5.6431e+00	 3.2438e-01	 3.3315e+02	 8.2432e+03
 3.8443e+03	 8.2119e+03	 5.5639e+00	 3.8877e-01	 3.3315e+02	 8.2456e+03
 5.7665e+03	 8.2119e+03	 5.4651e+00	 4.6392e-01	 3.3315e+02	 8.2483e+03
 8.6498e+03	 8.2119e+03	 5.3412e+00	 5.4873e-01	 3.3315e+02	 8.2509e+03
 1.2975e+04	 8.2119e+03	 5.1855e+00	 6.3855e-01	 3.3315e+02	 8.2537e+03
 1.9462e+04	 8.2119e+03	 4.9924e+00	 7.2332e-01	 3.3315e+02	 8.2563e+03
 2.9193e+04	 8.2119e+03	 4.7620e+00	 7.8712e-01	 3.3315e+02	 8.2590e+03
 4.3789e+04	 8.2119e+03	 4.5154e+00	 8.1219e-01	 3.3315e+02	 8.2614e+03
 6.5684e+04	 8.2119e+03	 4.2581e+00	 7.8823e-01	 3.3314e+02	 8.2639e+03
 9.8526e+04	 8.2119e+03	 4.0265e+00	 7.2222e-01	 3.3315e+02	 8.2664e+03
 1.4779e+05	 8.2119e+03	 3.8363e+00	 6.3401e-01	 3.3315e+02	 8.2690e+03
 2.2168e+05	 8.2119e+03	 3.6783e+00	 5.4430e-01	 3.3314e+02	 8.2715e+03
 3.3253e+05	 8.2119e+03	 3.5610e+00	 4.6706e-01	 3.3314e+02	 8.2741e+03
 4.9879e+05	 8.2119e+03	 3.4649e+00	 4.0530e-01	 3.3315e+02	 8.2767e+03
 7.4818e+05	 8.2119e+03	 3.4381e+00	 2.6776e-01	 3.3315e+02	 8.2844e+03
 9.0000e+05	 8.2119e+03	 3.4082e+00	 2.4378e-01	 3.3315e+02	 8.2921e+03
 1.0000e+02	 8.2894e+03	 5.9425e+00	 8.8115e-02	 3.3315e+02	 8.3003e+03
 1.5000e+02	 8.2894e+03	 5.9214e+00	 1.0120e-01	 3.3315e+02	 8.3028e+03
 2.2500e+02	 8.2894e+03	 5.8986e+00	 1.1712e-01	 3.3314e+02	 8.3052e+03
 3.3750e+02	 8.2894e+03	 5.8714e+00	 1.3685e-01	 3.3315e+02	 8.3078e+03
 5.0625e+02	 8.2894e+03	 5.8401e+00	 1.6116e-01	 3.3314e+02	 8.3102e+03
 7.5938e+02	 8.2894e+03	 5.8029e+00	 1.9076e-01	 3.3314e+02	 8.3128e+03
 1.1391e+03	 8.2894e+03	 5.7587e+00	 2.2689e-01	 3.3315e+02	 8.3154e+03
 1.7086e+03	 8.2894e+03	 5.7057e+00	 2.7145e-01	 3.3314e+02	 8.3180e+03
 2.5629e+03	 8.2894e+03	 5.6413e+00	 3.2509e-01	 3.3315e+02	 8.3205e+03
 3.8443e+03	 8.2894e+03	 5.5619e+00	 3.8920e-01	 3.3315e+02	 8.3230e+03
 5.7665e+03	 8.2894e+03	 5.4631e+00	 4.6433e-01	 3.3315e+02	 8.3254e+03
 8.6498e+03	 8.2894e+03	 5.3388e+00	 5.4902e-01	 3.3315e+02	 8.3282e+03
 1.2975e+04	 8.2894e+03	 5.1831e+00	 6.3850e-01	 3.3316e+02	 8.3307e+03
 1.9462e+04	 8.2894e+03	 4.9900e+00	 7.2309e-01	 3.3316e+02	 8.3335e+03
 2.9193e+04	 8.2894e+03	 4.7601e+00	 7.8659e-01	 3.3316e+02	 8.3361e+03
 4.3789e+04	 8.2894e+03	 4.5138e+00	 8.1145e-01	 3.3316e+02	 8.3387e+03
 6.5684e+04	 8.2894e+03	 4.2571e+00	 7.8764e-01	 3.3315e+02	 8.3411e+03
 9.8526e+04	 8.2894e+03	 4.0256e+00	 7.2175e-01	 3.3316e+02	 8.3436e+03
 1.4779e+05	 8.2894e+03	 3.8357e+00	 6.3376e-01	 3.3316e+02	 8.3462e+03
 2.2168e+05	 8.2894e+03	 3.6774e+00	 5.4409e-01	 3.3316e+02	 8.3488e+03
 3.3253e+05	 8.2894e+03	 3.5602e+00	 4.6687e-01	 3.3316e+02	 8.3514e+03
 4.9879e+05	 8.2894e+03	 3.4640e+00	 4.0514e-01	 3.3316e+02	 8.3540e+03
 7.4818e+05	 8.2894e+03	 3.4372e+00	 2.6868e-01	 3.3316e+02	 8.3617e+03
 9.0000e+05	 8.2894e+03	 3.4073e+00	 2.4438e-01	 3.3317e+02	 8.3695e+03
 1.0000e+02	 8.3668e+03	 5.9417e+00	 8.8075e-02	 3.3316e+02	 8.3772e+03
 1.5000e+02	 8.3668e+03	 5.9207e+00	 1.0096e-01	 3.3317e+02	 8.3797e+03
 2.2500e+02	 8.3668e+03	 5.8977e+00	 1.1736e-01	 3.3316e+02	 8.3824e+03
 3.3750e+02	 8.3668e+03	 5.8706e+00	 1.3735e-01	 3.3315e+02	 8.3849e+03
 5.0625e+02	 8.3668e+03	 5.8390e+00	 1.6167e-01	 3.3315e+02	 8.3876e+03
 7.5938e+02	 8.3668e+03	 5.8016e+00	 1.9141e-01	 3.3314e+02	 8.3901e+03
 1.1391e+03	 8.3668e+03	 5.7572e+00	 2.2794e-01	 3.3314e+02	 8.3926e+03
 1.7086e+03	 8.3668e+03	 5.7037e+00	 2.7209e-01	 3.3314e+02	 8.3952e+03
 2.5629e+03	 8.3668e+03	 5.6392e+00	 3.2585e-01	 3.3314e+02	 8.3978e+03
 3.8443e+03	 8.3668e+03	 5.5595e+00	 3.9004e-01	 3.3314e+02	 8.4004e+03
 5.7665e+03	 8.3668e+03	 5.4603e+00	 4.6514e-01	 3.3314e+02	 8.4029e+03
 8.6498e+03	 8.3668e+03	 5.3357e+00	 5.4959e-01	 3.3314e+02	 8.4057e+03
 1.2975e+04	 8.3668e+03	 5.1799e+00	 6.3882e-01	 3.3315e+02	 8.4082e+03
 1.9462e+04	 8.3668e+03	 4.9864e+00	 7.2289e-01	 3.3314e+02	 8.4110e+03
 2.9193e+04	 8.3668e+03	 4.7564e+00	 7.8616e-01	 3.3314e+02	 8.4136e+03
 4.3789e+04	 8.3668e+03	 4.5104e+00	 8.1055e-01	 3.3314e+02	 8.4163e+03
 6.5684e+04	 8.3668e+03	 4.2542e+00	 7.8651e-01	 3.3314e+02	 8.4188e+03
 9.8526e+04	 8.3668e+03	 4.0231e+00	 7.2043e-01	 3.3314e+02	 8.4212e+03
 1.4779e+05	 8.3668e+03	 3.8335e+00	 6.3259e-01	 3.3315e+02	 8.4240e+03
 2.2168e+05	 8.3668e+03	 3.6758e+00	 5.4317e-01	 3.3315e+02	 8.4266e+03
 3.3253e+05	 8.3668e+03	 3.5587e+00	 4.6627e-01	 3.3315e+02	 8.4292e+03
 4.9879e+05	 8.3668e+03	 3.4628e+00	 4.0466e-01	 3.3315e+02	 8.4318e+03
 7.4818e+05	 8.3668e+03	 3.4357e+00	 2.7027e-01	 3.3316e+02	 8.4397e+03
 9.0000e+05	 8.3668e+03	 3.4064e+00	 2.4245e-01	 3.3315e+02	 8.4474e+03
 1.0000e+02	 8.4448e+03	 5.9407e+00	 8.8397e-02	 3.3315e+02	 8.4553e+03
 1.5000e+02	 8.4448e+03	 5.9199e+00	 1.0129e-01	 3.3315e+02	 8.4579e+03
 2.2500e+02	 8.4448e+03	 5.8965e+00	 1.1784e-01	 3.3315e+02	 8.4604e+03
 3.3750e+02	 8.4448e+03	 5.8694e+00	 1.3772e-01	 3.3315e+02	 8.4628e+03
 5.0625e+02	 8.4448e+03	 5.8375e+00	 1.6206e-01	 3.3315e+02	 8.4654e+03
 7.5938e+02	 8.4448e+03	 5.8003e+00	 1.9159e-01	 3.3315e+02	 8.4680e+03
 1.1391e+03	 8.4448e+03	 5.7559e+00	 2.2804e-01	 3.3315e+02	 8.4705e+03
 1.7086e+03	 8.4448e+03	 5.7023e+00	 2.7277e-01	 3.3315e+02	 8.4732e+03
 2.5629e+03	 8.4448e+03	 5.6373e+00	 3.2628e-01	 3.3314e+02	 8.4760e+03
 3.8443e+03	 8.4448e+03	 5.5575e+00	 3.9062e-01	 3.3315e+02	 8.4784e+03
 5.7665e+03	 8.4448e+03	 5.4581e+00	 4.6551e-01	 3.3314e+02	 8.4809e+03
 8.6498e+03	 8.4448e+03	 5.3336e+00	 5.4978e-01	 3.3314e+02	 8.4837e+03
 1.2975e+04	 8.4448e+03	 5.1774e+00	 6.3885e-01	 3.3315e+02	 8.4861e+03
 1.9462e+04	 8.4448e+03	 4.9842e+00	 7.2262e-01	 3.3315e+02	 8.4887e+03
 2.9193e+04	 8.4448e+03	 4.7543e+00	 7.8550e-01	 3.3315e+02	 8.4913e+03
 4.3789e+04	 8.4448e+03	 4.5087e+00	 8.0992e-01	 3.3315e+02	 8.4938e+03
 6.5684e+04	 8.4448e+03	 4.2525e+00	 7.8574e-01	 3.3315e+02	 8.4963e+03
 9.8526e+04	 8.4448e+03	 4.0220e+00	 7.1989e-01	 3.3315e+02	 8.4988e+03
 1.4779e+05	 8.4448e+03	 3.8325e+00	 6.3222e-01	 3.3315e+02	 8.5015e+03
 2.2168e+05	 8.4448e+03	 3.6748e+00	 5.4292e-01	 3.3315e+02	 8.5042e+03
 3.3253e+05	 8.4448e+03	 3.5578e+00	 4.6599e-01	 3.3316e+02	 8.5067e+03
 4.9879e+05	 8.4448e+03	 3.4620e+00	 4.0440e-01	 3.3316e+02	 8.5095e+03
 7.4818e+05	 8.4448e+03	 3.4350e+00	 2.6899e-01	 3.3316e+02	 8.5170e+03
 9.0000e+05	 8.4448e+03	 3.4054e+00	 2.4221e-01	 3.3315e+02	 8.5250e+03
 1.0000e+02	 8.5223e+03	 5.9400e+00	 8.8570e-02	 3.3315e+02	 8.5328e+03
 1.5000e+02	 8.5223e+03	 5.9191e+00	 1.0437e-01	 3.3316e+02	 8.5355e+03
 2.2500e+02	 8.5223e+03	 5.8958e+00	 1.1823e-01	 3.3316e+02	 8.5381e+03
 3.3750e+02	 8.5223e+03	 5.8686e+00	 1.3812e-01	 3.3316e+02	 8.5408e+03
 5.0625e+02	 8.5223e+03	 5.8366e+00	 1.6237e-01	 3.3315e+02	 8.5433e+03
 7.5938e+02	 8.5223e+03	 5.7989e+00	 1.9230e-01	 3.3315e+02	 8.5458e+03
 1.1391e+03	 8.5223e+03	 5.7542e+00	 2.2874e-01	 3.3315e+02	 8.5484e+03
 1.7086e+03	 8.5223e+03	 5.7007e+00	 2.7318e-01	 3.3314e+02	 8.5510e+03
 2.5629e+03	 8.5223e+03	 5.6356e+00	 3.2699e-01	 3.3314e+02	 8.5538e+03
 3.8443e+03	 8.5223e+03	 5.5553e+00	 3.9126e-01	 3.3315e+02	 8.5562e+03
 5.7665e+03	 8.5223e+03	 5.4559e+00	 4.6612e-01	 3.3315e+02	 8.5586e+03
 8.6498e+03	 8.5223e+03	 5.3308e+00	 5.5021e-01	 3.3315e+02	 8.5612e+03
 1.2975e+04	 8.5223e+03	 5.1746e+00	 6.3895e-01	 3.3315e+02	 8.5637e+03
 1.9462e+04	 8.5223e+03	 4.9815e+00	 7.2253e-01	 3.3315e+02	 8.5665e+03
 2.9193e+04	 8.5223e+03	 4.7516e+00	 7.8504e-01	 3.3315e+02	 8.5691e+03
 4.3789e+04	 8.5223e+03	 4.5062e+00	 8.0915e-01	 3.3315e+02	 8.5718e+03
 6.5684e+04	 8.5223e+03	 4.2504e+00	 7.8483e-01	 3.3315e+02	 8.5742e+03
 9.8526e+04	 8.5223e+03	 4.0202e+00	 7.1901e-01	 3.3315e+02	 8.5767e+03
 1.4779e+05	 8.5223e+03	 3.8311e+00	 6.3144e-01	 3.3314e+02	 8.5792e+03
 2.2168e+05	 8.5223e+03	 3.6736e+00	 5.4235e-01	 3.3315e+02	 8.5818e+03
 3.3253e+05	 8.5223e+03	 3.5567e+00	 4.6549e-01	 3.3315e+02	 8.5845e+03
 4.9879e+05	 8.5223e+03	 3.4608e+00	 4.0403e-01	 3.3315e+02	 8.5871e+03
 7.4818e+05	 8.5223e+03	 3.4337e+00	 2.7122e-01	 3.3315e+02	 8.5948e+03
 9.0000e+05	 8.5223e+03	 3.4045e+00	 2.3942e-01	 3.3315e+02	 8.6027e+03
 1.0000e+02	 8.6000e+03	 5.9391e+00	 8.9146e-02	 3.3314e+02	 8.6106e+03
 1.5000e+02	 8.6000e+03	 5.9164e+00	 1.0095e-01	 3.3314e+02	 8.6132e+03
 2.2500e+02	 8.6000e+03	 5.8946e+00	 1.1871e-01	 3.3315e+02	 8.6157e+03
 3.3750e+02	 8.6000e+03	 5.8670e+00	 1.3850e-01	 3.3315e+02	 8.6185e+03
 5.0625e+02	 8.6000e+03	 5.8353e+00	 1.6300e-01	 3.3314e+02	 8.6209e+03
 7.5938e+02	 8.6000e+03	 5.7974e+00	 1.9289e-01	 3.3315e+02	 8.6235e+03
 1.1391e+03	 8.6000e+03	 5.7526e+00	 2.2930e-01	 3.3314e+02	 8.6261e+03
 1.7086e+03	 8.6000e+03	 5.6987e+00	 2.7391e-01	 3.3314e+02	 8.6287e+03
 2.5629e+03	 8.6000e+03	 5.6338e+00	 3.2776e-01	 3.3315e+02	 8.6314e+03
 3.8443e+03	 8.6000e+03	 5.5535e+00	 3.9178e-01	 3.3315e+02	 8.6339e+03
 5.7665e+03	 8.6000e+03	 5.4535e+00	 4.6664e-01	 3.3315e+02	 8.6365e+03
 8.6498e+03	 8.6000e+03	 5.3285e+00	 5.5063e-01	 3.3315e+02	 8.6391e+03
 1.2975e+04	 8.6000e+03	 5.1720e+00	 6.3916e-01	 3.3315e+02	 8.6416e+03
 1.9462e+04	 8.6000e+03	 4.9786e+00	 7.2239e-01	 3.3314e+02	 8.6442e+03
 2.9193e+04	 8.6000e+03	 4.7488e+00	 7.8452e-01	 3.3315e+02	 8.6468e+03
 4.3789e+04	 8.6000e+03	 4.5036e+00	 8.0835e-01	 3.3314e+02	 8.6494e+03
 6.5684e+04	 8.6000e+03	 4.2479e+00	 7.8391e-01	 3.3313e+02	 8.6519e+03
 9.8526e+04	 8.6000e+03	 4.0181e+00	 7.1795e-01	 3.3313e+02	 8.6544e+03
 1.4779e+05	 8.6000e+03	 3.8293e+00	 6.3050e-01	 3.3314e+02	 8.6569e+03
 2.2168e+05	 8.6000e+03	 3.6720e+00	 5.4151e-01	 3.3314e+02	 8.6595e+03
 3.3253e+05	 8.6000e+03	 3.5552e+00	 4.6485e-01	 3.3314e+02	 8.6622e+03
 4.9879e+05	 8.6000e+03	 3.4596e+00	 4.0355e-01	 3.3314e+02	 8.6648e+03
 7.4818e+05	 8.6000e+03	 3.4330e+00	 2.6742e-01	 3.3314e+02	 8.6723e+03
 9.0000e+05	 8.6000e+03	 3.4033e+00	 2.4321e-01	 3.3315e+02	 8.6802e+03
 1.0000e+02	 8.6775e+03	 5.9382e+00	 8.9245e-02	 3.3316e+02	 8.6881e+03
 1.5000e+02	 8.6775e+03	 5.9144e+00	 1.0184e-01	 3.3316e+02	 8.6908e+03
 2.2500e+02	 8.6775e+03	 5.8938e+00	 1.1886e-01	 3.3315e+02	 8.6933e+03
 3.3750e+02	 8.6775e+03	 5.8661e+00	 1.3889e-01	 3.3316e+02	 8.6958e+03
 5.0625e+02	 8.6775e+03	 5.8342e+00	 1.6325e-01	 3.3316e+02	 8.6984e+03
 7.5938e+02	 8.6775e+03	 5.7964e+00	 1.9347e-01	 3.3316e+02	 8.7009e+03
 1.1391e+03	 8.6775e+03	 5.7516e+00	 2.2999e-01	 3.3316e+02	 8.7036e+03
 1.7086e+03	 8.6775e+03	 5.6975e+00	 2.7453e-01	 3.3315e+02	 8.7061e+03
 2.5629e+03	 8.6775e+03	 5.6319e+00	 3.2828e-01	 3.3316e+02	 8.7090e+03
 3.8443e+03	 8.6775e+03	 5.5514e+00	 3.9226e-01	 3.3316e+02	 8.7114e+03
 5.7665e+03	 8.6775e+03	 5.4514e+00	 4.6701e-01	 3.3315e+02	 8.7139e+03
 8.6498e+03	 8.6775e+03	 5.3262e+00	 5.5076e-01	 3.3315e+02	 8.7164e+03
 1.2975e+04	 8.6775e+03	 5.1697e+00	 6.3911e-01	 3.3316e+02	 8.7189e+03
 1.9462e+04	 8.6775e+03	 4.9765e+00	 7.2201e-01	 3.3315e+02	 8.7215e+03
 2.9193e+04	 8.6775e+03	 4.7471e+00	 7.8408e-01	 3.3316e+02	 8.7241e+03
 4.3789e+04	 8.6775e+03	 4.5022e+00	 8.0765e-01	 3.3316e+02	 8.7268e+03
 6.5684e+04	 8.6775e+03	 4.2473e+00	 7.8329e-01	 3.3315e+02	 8.7293e+03
 9.8526e+04	 8.6775e+03	 4.0175e+00	 7.1767e-01	 3.3316e+02	 8.7320e+03
 1.4779e+05	 8.6775e+03	 3.8286e+00	 6.3029e-01	 3.3316e+02	 8.7347e+03
 2.2168e+05	 8.6775e+03	 3.6713e+00	 5.4137e-01	 3.3315e+02	 8.7373e+03
 3.3253e+05	 8.6775e+03	 3.5545e+00	 4.6476e-01	 3.3315e+02	 8.7398e+03
 4.9879e+05	 8.6775e+03	 3.4588e+00	 4.0339e-01	 3.3315e+02	 8.7424e+03
 7.4818e+05	 8.6775e+03	 3.4319e+00	 2.6784e-01	 3.3315e+02	 8.7502e+03
 9.0000e+05	 8.6775e+03	 3.4023e+00	 2.4388e-01	 3.3315e+02	 8.7579e+03
 1.0000e+02	 8.7552e+03	 5.9375e+00	 8.9675e-02	 3.3316e+02	 8.7658e+03
 1.5000e+02	 8.7552e+03	 5.9152e+00	 1.0365e-01	 3.3315e+02	 8.7684e+03
 2.2500e+02	 8.7552e+03	 5.8929e+00	 1.1924e-01	 3.3316e+02	 8.7708e+03
 3.3750e+02	 8.7552e+03	 5.8652e+00	 1.3937e-01	 3.3315e+02	 8.7732e+03
 5.0625e+02	 8.7552e+03	 5.8329e+00	 1.6390e-01	 3.3316e+02	 8.7759e+03
 7.5938e+02	 8.7552e+03	 5.7952e+00	 1.9388e-01	 3.3315e+02	 8.7785e+03
 1.1391e+03	 8.7552e+03	 5.7500e+00	 2.3073e-01	 3.3315e+02	 8.7812e+03
 1.7086e+03	 8.7552e+03	 5.6958e+00	 2.7512e-01	 3.3315e+02	 8.7838e+03
 2.5629e+03	 8.7552e+03	 5.6301e+00	 3.2890e-01	 3.3315e+02	 8.7865e+03
 3.8443e+03	 8.7552e+03	 5.5492e+00	 3.9293e-01	 3.3315e+02	 8.7889e+03
 5.7665e+03	 8.7552e+03	 5.4491e+00	 4.6758e-01	 3.3315e+02	 8.7914e+03
 8.6498e+03	 8.7552e+03	 5.3235e+00	 5.5118e-01	 3.3315e+02	 8.7942e+03
 1.2975e+04	 8.7552e+03	 5.1669e+00	 6.3934e-01	 3.3315e+02	 8.7970e+03
 1.9462e+04	 8.7552e+03	 4.9737e+00	 7.2187e-01	 3.3316e+02	 8.7996e+03
 2.9193e+04	 8.7552e+03	 4.7443e+00	 7.8359e-01	 3.3315e+02	 8.8023e+03
 4.3789e+04	 8.7552e+03	 4.4998e+00	 8.0692e-01	 3.3316e+02	 8.8048e+03
 6.5684e+04	 8.7552e+03	 4.2452e+00	 7.8248e-01	 3.3316e+02	 8.8072e+03
 9.8526e+04	 8.7552e+03	 4.0157e+00	 7.1684e-01	 3.3316e+02	 8.8100e+03
 1.4779e+05	 8.7552e+03	 3.8273e+00	 6.2961e-01	 3.3316e+02	 8.8126e+03
 2.2168e+05	 8.7552e+03	 3.6700e+00	 5.4083e-01	 3.3316e+02	 8.8152e+03
 3.3253e+05	 8.7552e+03	 3.5534e+00	 4.6431e-01	 3.3316e+02	 8.8177e+03
 4.9879e+05	 8.7552e+03	 3.4578e+00	 4.0303e-01	 3.3316e+02	 8.8205e+03
 7.4818e+05	 8.7552e+03	 3.4309e+00	 2.6925e-01	 3.3315e+02	 8.8281e+03
 9.0000e+05	 8.7552e+03	 3.4013e+00	 2.4437e-01	 3.3315e+02	 8.8359e+03
 1.0000e+02	 8.8332e+03	 5.9367e+00	 8.9845e-02	 3.3316e+02	 8.8441e+03
 1.5000e+02	 8.8332e+03	 5.9162e+00	 1.0288e-01	 3.3315e+02	 8.8465e+03
 2.2500e+02	 8.8332e+03	 5.8919e+00	 1.1976e-01	 3.3315e+02	 8.8493e+03
 3.3750e+02	 8.8332e+03	 5.8641e+00	 1.3978e-01	 3.3315e+02	 8.8518e+03
 5.0625e+02	 8.8332e+03	 5.8315e+00	 1.6422e-01	 3.3315e+02	 8.8545e+03
 7.5938e+02	 8.8332e+03	 5.7936e+00	 1.9451e-01	 3.3315e+02	 8.8571e+03
 1.1391e+03	 8.8332e+03	 5.7485e+00	 2.3109e-01	 3.3315e+02	 8.8598e+03
 1.7086e+03	 8.8332e+03	 5.6941e+00	 2.7582e-01	 3.3315e+02	 8.8624e+03
 2.5629e+03	 8.8332e+03	 5.6282e+00	 3.2956e-01	 3.3314e+02	 8.8650e+03
 3.8443e+03	 8.8332e+03	 5.5472e+00	 3.9370e-01	 3.3315e+02	 8.8675e+03
 5.7665e+03	 8.8332e+03	 5.4467e+00	 4.6820e-01	 3.3315e+02	 8.8699e+03
 8.6498e+03	 8.8332e+03	 5.3210e+00	 5.5167e-01	 3.3315e+02	 8.8727e+03
 1.2975e+04	 8.8332e+03	 5.1641e+00	 6.3946e-01	 3.3315e+02	 8.8751e+03
 1.9462e+04	 8.8332e+03	 4.9708e+00	 7.2175e-01	 3.3315e+02	 8.8778e+03
 2.9193e+04	 8.8332e+03	 4.7415e+00	 7.8305e-01	 3.3315e+02	 8.8804e+03
 4.3789e+04	 8.8332e+03	 4.4972e+00	 8.0605e-01	 3.3315e+02	 8.8832e+03
 6.5684e+04	 8.8332e+03	 4.2431e+00	 7.8152e-01	 3.3316e+02	 8.8857e+03
 9.8526e+04	 8.8332e+03	 4.0141e+00	 7.1590e-01	 3.3315e+02	 8.8881e+03
 1.4779e+05	 8.8332e+03	 3.8258e+00	 6.2877e-01	 3.3315e+02	 8.8907e+03
 2.2168e+05	 8.8332e+03	 3.6688e+00	 5.4023e-01	 3.3316e+02	 8.8932e+03
 3.3253e+05	 8.8332e+03	 3.5523e+00	 4.6389e-01	 3.3315e+02	 8.8959e+03
 4.9879e+05	 8.8332e+03	 3.4567e+00	 4.0282e-01	 3.3315e+02	 8.8984e+03
 7.4818e+05	 8.8332e+03	 3.4301e+00	 2.6617e-01	 3.3316e+02	 8.9060e+03
 9.0000e+05	 8.8332e+03	 3.4003e+00	 2.4381e-01	 3.3315e+02	 8.9142e+03
 1.0000e+02	 8.9115e+03	 5.9358e+00	 9.0495e-02	 3.3315e+02	 8.9223e+03
 1.5000e+02	 8.9115e+03	 5.9157e+00	 1.0284e-01	 3.3315e+02	 8.9248e+03
 2.2500e+02	 8.9115e+03	 5.8908e+00	 1.2015e-01	 3.3315e+02	 8.9273e+03
 3.3750e+02	 8.9115e+03	 5.8631e+00	 1.4021e-01	 3.3315e+02	 8.9299e+03
 5.0625e+02	 8.9115e+03	 5.8304e+00	 1.6494e-01	 3.3315e+02	 8.9323e+03
 7.5938e+02	 8.9115e+03	 5.7922e+00	 1.9500e-01	 3.3315e+02	 8.9350e+03
 1.1391e+03	 8.9115e+03	 5.7469e+00	 2.3173e-01	 3.3314e+02	 8.9375e+03
 1.7086e+03	 8.9115e+03	 5.6922e+00	 2.7641e-01	 3.3315e+02	 8.9401e+03
 2.5629e+03	 8.9115e+03	 5.6261e+00	 3.3033e-01	 3.3315e+02	 8.9427e+03
 3.8443e+03	 8.9115e+03	 5.5450e+00	 3.9429e-01	 3.3315e+02	 8.9452e+03
 5.7665e+03	 8.9115e+03	 5.4442e+00	 4.6881e-01	 3.3315e+02	 8.9478e+03
 8.6498e+03	 8.9115e+03	 5.3183e+00	 5.5209e-01	 3.3315e+02	 8.9504e+03
 1.2975e+04	 8.9115e+03	 5.1612e+00	 6.3957e-01	 3.3315e+02	 8.9528e+03
 1.9462e+04	 8.9115e+03	 4.9680e+00	 7.2157e-01	 3.3315e+02	 8.9554e+03
 2.9193e+04	 8.9115e+03	 4.7388e+00	 7.8255e-01	 3.3315e+02	 8.9579e+03
 4.3789e+04	 8.9115e+03	 4.4949e+00	 8.0552e-01	 3.3315e+02	 8.9606e+03
 6.5684e+04	 8.9115e+03	 4.2410e+00	 7.8079e-01	 3.3315e+02	 8.9631e+03
 9.8526e+04	 8.9115e+03	 4.0124e+00	 7.1507e-01	 3.3315e+02	 8.9655e+03
 1.4779e+05	 8.9115e+03	 3.8243e+00	 6.2812e-01	 3.3316e+02	 8.9681e+03
 2.2168e+05	 8.9115e+03	 3.6676e+00	 5.3968e-01	 3.3315e+02	 8.9706e+03
 3.3253e+05	 8.9115e+03	 3.5512e+00	 4.6343e-01	 3.3316e+02	 8.9732e+03
 4.9879e+05	 8.9115e+03	 3.4557e+00	 4.0244e-01	 3.3315e+02	 8.9758e+03
 7.4818e+05	 8.9115e+03	 3.4288e+00	 2.6944e-01	 3.3315e+02	 8.9839e+03
 9.0000e+05	 8.9115e+03	 3.3993e+00	 2.4341e-01	 3.3315e+02	 8.9916e+03
 1.0000e+02	 8.9889e+03	 5.9347e+00	 9.0382e-02	 3.3315e+02	 8.9993e+03
 1.5000e+02	 8.9889e+03	 5.9122e+00	 1.0311e-01	 3.3315e+02	 9.0020e+03
 2.2500e+02	 8.9889e+03	 5.8897e+00	 1.2049e-01	 3.3315e+02	 9.0044e+03
 3.3750e+02	 8.9889e+03	 5.8618e+00	 1.4060e-01	 3.3315e+02	 9.0068e+03
 5.0625e+02	 8.9889e+03	 5.8295e+00	 1.6546e-01	 3.3315e+02	 9.0094e+03
 7.5938e+02	 8.9889e+03	 5.7909e+00	 1.9553e-01	 3.3314e+02	 9.0120e+03
 1.1391e+03	 8.9889e+03	 5.7454e+00	 2.3226e-01	 3.3314e+02	 9.0147e+03
 1.7086e+03	 8.9889e+03	 5.6905e+00	 2.7698e-01	 3.3314e+02	 9.0174e+03
 2.5629e+03	 8.9889e+03	 5.6243e+00	 3.3095e-01	 3.3314e+02	 9.0200e+03
 3.8443e+03	 8.9889e+03	 5.5426e+00	 3.9485e-01	 3.3314e+02	 9.0225e+03
 5.7665e+03	 8.9889e+03	 5.4416e+00	 4.6939e-01	 3.3313e+02	 9.0249e+03
 8.6498e+03	 8.9889e+03	 5.3155e+00	 5.5258e-01	 3.3314e+02	 9.0276e+03
 1.2975e+04	 8.9889e+03	 5.1584e+00	 6.3983e-01	 3.3314e+02	 9.0301e+03
 1.9462e+04	 8.9889e+03	 4.9649e+00	 7.2146e-01	 3.3314e+02	 9.0328e+03
 2.9193e+04	 8.9889e+03	 4.7359e+00	 7.8210e-01	 3.3314e+02	 9.0353e+03
 4.3789e+04	 8.9889e+03	 4.4921e+00	 8.0453e-01	 3.3314e+02	 9.0378e+03
 6.5684e+04	 8.9889e+03	 4.2386e+00	 7.7974e-01	 3.3314e+02	 9.0402e+03
 9.8526e+04	 8.9889e+03	 4.0103e+00	 7.1408e-01	 3.3315e+02	 9.0427e+03
 1.4779e+05	 8.9889e+03	 3.8226e+00	 6.2727e-01	 3.3314e+02	 9.0455e+03
 2.2168e+05	 8.9889e+03	 3.6662e+00	 5.3895e-01	 3.3314e+02	 9.0481e+03
 3.3253e+05	 8.9889e+03	 3.5498e+00	 4.6294e-01	 3.3314e+02	 9.0508e+03
 4.9879e+05	 8.9889e+03	 3.4545e+00	 4.0190e-01	 3.3314e+02	 9.0534e+03
 7.4818e+05	 8.9889e+03	 3.4280e+00	 2.6656e-01	 3.3315e+02	 9.0610e+03
 9.0000e+05	 8.9889e+03	 3.3986e+00	 2.4029e-01	 3.3314e+02	 9.0692e+03
 1.0000e+02	 9.0665e+03	 5.9340e+00	 9.0896e-02	 3.3315e+02	 9.0771e+03
 1.5000e+02	 9.0665e+03	 5.9137e+00	 1.0410e-01	 3.3315e+02	 9.0797e+03
 2.2500e+02	 9.0665e+03	 5.8889e+00	 1.2069e-01	 3.3315e+02	 9.0822e+03
 3.3750e+02	 9.0665e+03	 5.8608e+00	 1.4096e-01	 3.3315e+02	 9.0846e+03
 5.0625e+02	 9.0665e+03	 5.8284e+00	 1.6586e-01	 3.3315e+02	 9.0873e+03
 7.5938e+02	 9.0665e+03	 5.7898e+00	 1.9596e-01	 3.3315e+02	 9.0898e+03
 1.1391e+03	 9.0665e+03	 5.7443e+00	 2.3266e-01	 3.3315e+02	 9.0925e+03
 1.7086e+03	 9.0665e+03	 5.6894e+00	 2.7737e-01	 3.3316e+02	 9.0951e+03
 2.5629e+03	 9.0665e+03	 5.6231e+00	 3.3135e-01	 3.3316e+02	 9.0977e+03
 3.8443e+03	 9.0665e+03	 5.5413e+00	 3.9523e-01	 3.3316e+02	 9.1002e+03
 5.7665e+03	 9.0665e+03	 5.4401e+00	 4.6953e-01	 3.3316e+02	 9.1030e+03
 8.6498e+03	 9.0665e+03	 5.3140e+00	 5.5257e-01	 3.3316e+02	 9.1056e+03
 1.2975e+04	 9.0665e+03	 5.1569e+00	 6.3967e-01	 3.3316e+02	 9.1083e+03
 1.9462e+04	 9.0665e+03	 4.9634e+00	 7.2090e-01	 3.3316e+02	 9.1109e+03
 2.9193e+04	 9.0665e+03	 4.7348e+00	 7.8144e-01	 3.3314e+02	 9.1138e+03
 4.3789e+04	 9.0665e+03	 4.4915e+00	 8.0401e-01	 3.3316e+02	 9.1162e+03
 6.5684e+04	 9.0665e+03	 4.2382e+00	 7.7932e-01	 3.3317e+02	 9.1187e+03
 9.8526e+04	 9.0665e+03	 4.0098e+00	 7.1384e-01	 3.3316e+02	 9.1213e+03
 1.4779e+05	 9.0665e+03	 3.8222e+00	 6.2708e-01	 3.3316e+02	 9.1239e+03
 2.2168e+05	 9.0665e+03	 3.6657e+00	 5.3895e-01	 3.3316e+02	 9.1264e+03
 3.3253e+05	 9.0665e+03	 3.5493e+00	 4.6288e-01	 3.3316e+02	 9.1289e+03
 4.9879e+05	 9.0665e+03	 3.4540e+00	 4.0201e-01	 3.3316e+02	 9.1317e+03
 7.4818e+05	 9.0665e+03	 3.4276e+00	 2.6435e-01	 3.3316e+02	 9.1394e+03
 9.0000e+05	 9.0665e+03	 3.3982e+00	 2.3714e-01	 3.3316e+02	 9.1470e+03
 1.0000e+02	 9.1443e+03	 5.9333e+00	 9.1125e-02	 3.3316e+02	 9.1553e+03
 1.5000e+02	 9.1443e+03	 5.9124e+00	 1.0504e-01	 3.3315e+02	 9.1577e+03
 2.2500e+02	 9.1443e+03	 5.8881e+00	 1.2102e-01	 3.3315e+02	 9.1605e+03
 3.3750e+02	 9.1443e+03	 5.8598e+00	 1.4165e-01	 3.3315e+02	 9.1631e+03
 5.0625e+02	 9.1443e+03	 5.8268e+00	 1.6624e-01	 3.3315e+02	 9.1658e+03
 7.5938e+02	 9.1443e+03	 5.7884e+00	 1.9657e-01	 3.3314e+02	 9.1684e+03
 1.1391e+03	 9.1443e+03	 5.7426e+00	 2.3338e-01	 3.3315e+02	 9.1710e+03
 1.7086e+03	 9.1443e+03	 5.6875e+00	 2.7813e-01	 3.3314e+02	 9.1738e+03
 2.5629e+03	 9.1443e+03	 5.6207e+00	 3.3203e-01	 3.3314e+02	 9.1765e+03
 3.8443e+03	 9.1443e+03	 5.5389e+00	 3.9615e-01	 3.3314e+02	 9.1791e+03
 5.7665e+03	 9.1443e+03	 5.4374e+00	 4.7031e-01	 3.3314e+02	 9.1818e+03
 8.6498e+03	 9.1443e+03	 5.3108e+00	 5.5323e-01	 3.3314e+02	 9.1845e+03
 1.2975e+04	 9.1443e+03	 5.1533e+00	 6.3999e-01	 3.3315e+02	 9.1872e+03
 1.9462e+04	 9.1443e+03	 4.9600e+00	 7.2104e-01	 3.3314e+02	 9.1899e+03
 2.9193e+04	 9.1443e+03	 4.7312e+00	 7.8099e-01	 3.3315e+02	 9.1925e+03
 4.3789e+04	 9.1443e+03	 4.4880e+00	 8.0321e-01	 3.3314e+02	 9.1949e+03
 6.5684e+04	 9.1443e+03	 4.2349e+00	 7.7810e-01	 3.3315e+02	 9.1974e+03
 9.8526e+04	 9.1443e+03	 4.0073e+00	 7.1263e-01	 3.3314e+02	 9.2001e+03
 1.4779e+05	 9.1443e+03	 3.8201e+00	 6.2595e-01	 3.3313e+02	 9.2027e+03
 2.2168e+05	 9.1443e+03	 3.6638e+00	 5.3785e-01	 3.3314e+02	 9.2054e+03
 3.3253e+05	 9.1443e+03	 3.5477e+00	 4.6211e-01	 3.3314e+02	 9.2078e+03
 4.9879e+05	 9.1443e+03	 3.4525e+00	 4.0125e-01	 3.3314e+02	 9.2107e+03
 7.4818e+05	 9.1443e+03	 3.4262e+00	 2.6519e-01	 3.3314e+02	 9.2184e+03
 9.0000e+05	 9.1443e+03	 3.3967e+00	 2.4067e-01	 3.3314e+02	 9.2261e+03
 1.0000e+02	 9.2234e+03	 5.9326e+00	 9.1368e-02	 3.3315e+02	 9.2342e+03
 1.5000e+02	 9.2234e+03	 5.9105e+00	 1.0357e-01	 3.3315e+02	 9.2367e+03
 2.2500e+02	 9.2234e+03	 5.8870e+00	 1.2156e-01	 3.3315e+02	 9.2392e+03
 3.3750e+02	 9.2234e+03	 5.8587e+00	 1.4184e-01	 3.3315e+02	 9.2418e+03
 5.0625e+02	 9.2234e+03	 5.8259e+00	 1.6668e-01	 3.3315e+02	 9.2443e+03
 7.5938e+02	 9.2234e+03	 5.7872e+00	 1.9701e-01	 3.3315e+02	 9.2470e+03
 1.1391e+03	 9.2234e+03	 5.7410e+00	 2.3416e-01	 3.3315e+02	 9.2494e+03
 1.7086e+03	 9.2234e+03	 5.6859e+00	 2.7886e-01	 3.3315e+02	 9.2522e+03
 2.5629e+03	 9.2234e+03	 5.6190e+00	 3.3262e-01	 3.3315e+02	 9.2548e+03
 3.8443e+03	 9.2234e+03	 5.5370e+00	 3.9654e-01	 3.3315e+02	 9.2575e+03
 5.7665e+03	 9.2234e+03	 5.4354e+00	 4.7062e-01	 3.3315e+02	 9.2599e+03
 8.6498e+03	 9.2234e+03	 5.3087e+00	 5.5332e-01	 3.3315e+02	 9.2628e+03
 1.2975e+04	 9.2234e+03	 5.1513e+00	 6.3988e-01	 3.3315e+02	 9.2652e+03
 1.9462e+04	 9.2234e+03	 4.9580e+00	 7.2060e-01	 3.3316e+02	 9.2681e+03
 2.9193e+04	 9.2234e+03	 4.7295e+00	 7.8045e-01	 3.3315e+02	 9.2706e+03
 4.3789e+04	 9.2234e+03	 4.4866e+00	 8.0250e-01	 3.3316e+02	 9.2731e+03
 6.5684e+04	 9.2234e+03	 4.2339e+00	 7.7750e-01	 3.3315e+02	 9.2757e+03
 9.8526e+04	 9.2234e+03	 4.0065e+00	 7.1217e-01	 3.3316e+02	 9.2782e+03
 1.4779e+05	 9.2234e+03	 3.8194e+00	 6.2574e-01	 3.3315e+02	 9.2809e+03
 2.2168e+05	 9.2234e+03	 3.6632e+00	 5.3771e-01	 3.3316e+02	 9.2834e+03
 3.3253e+05	 9.2234e+03	 3.5471e+00	 4.6196e-01	 3.3315e+02	 9.2862e+03
 4.9879e+05	 9.2234e+03	 3.4518e+00	 4.0126e-01	 3.3315e+02	 9.2888e+03
 7.4818e+05	 9.2234e+03	 3.4251e+00	 2.6762e-01	 3.3315e+02	 9.2967e+03
 9.0000e+05	 9.2234e+03	 3.3962e+00	 2.3753e-01	 3.3314e+02	 9.3044e+03
 1.0000e+02	 9.3017e+03	 5.9317e+00	 9.1627e-02	 3.3315e+02	 9.3127e+03
 1.5000e+02	 9.3017e+03	 5.9104e+00	 1.0563e-01	 3.3314e+02	 9.3152e+03
 2.2500e+02	 9.3017e+03	 5.8857e+00	 1.2186e-01	 3.3314e+02	 9.3176e+03
 3.3750e+02	 9.3017e+03	 5.8578e+00	 1.4230e-01	 3.3315e+02	 9.3202e+03
 5.0625e+02	 9.3017e+03	 5.8248e+00	 1.6728e-01	 3.3315e+02	 9.3227e+03
 7.5938e+02	 9.3017e+03	 5.7858e+00	 1.9733e-01	 3.3315e+02	 9.3255e+03
 1.1391e+03	 9.3017e+03	 5.7399e+00	 2.3436e-01	 3.3316e+02	 9.3279e+03
 1.7086e+03	 9.3017e+03	 5.6843e+00	 2.7924e-01	 3.3316e+02	 9.3305e+03
 2.5629e+03	 9.3017e+03	 5.6173e+00	 3.3317e-01	 3.3316e+02	 9.3331e+03
 3.8443e+03	 9.3017e+03	 5.5349e+00	 3.9713e-01	 3.3316e+02	 9.3356e+03
 5.7665e+03	 9.3017e+03	 5.4332e+00	 4.7118e-01	 3.3316e+02	 9.3380e+03
 8.6498e+03	 9.3017e+03	 5.3063e+00	 5.5363e-01	 3.3316e+02	 9.3407e+03
 1.2975e+04	 9.3017e+03	 5.1487e+00	 6.4007e-01	 3.3315e+02	 9.3432e+03
 1.9462e+04	 9.3017e+03	 4.9553e+00	 7.2057e-01	 3.3316e+02	 9.3459e+03
 2.9193e+04	 9.3017e+03	 4.7268e+00	 7.7999e-01	 3.3315e+02	 9.3486e+03
 4.3789e+04	 9.3017e+03	 4.4842e+00	 8.0180e-01	 3.3315e+02	 9.3512e+03
 6.5684e+04	 9.3017e+03	 4.2318e+00	 7.7670e-01	 3.3315e+02	 9.3536e+03
 9.8526e+04	 9.3017e+03	 4.0048e+00	 7.1124e-01	 3.3315e+02	 9.3561e+03
 1.4779e+05	 9.3017e+03	 3.8179e+00	 6.2501e-01	 3.3315e+02	 9.3587e+03
 2.2168e+05	 9.3017e+03	 3.6619e+00	 5.3715e-01	 3.3315e+02	 9.3612e+03
 3.3253e+05	 9.3017e+03	 3.5460e+00	 4.6154e-01	 3.3315e+02	 9.3639e+03
 4.9879e+05	 9.3017e+03	 3.4508e+00	 4.0080e-01	 3.3315e+02	 9.3665e+03
 7.4818e+05	 9.3017e+03	 3.4246e+00	 2.6344e-01	 3.3315e+02	 9.3744e+03
 9.0000e+05	 9.3017e+03	 3.3951e+00	 2.3847e-01	 3.3315e+02	 9.3822e+03
 1.0000e+02	 9.3795e+03	 5.9311e+00	 9.1861e-02	 3.3315e+02	 9.3905e+03
 1.5000e+02	 9.3795e+03	 5.9096e+00	 1.0537e-01	 3.3315e+02	 9.3930e+03
 2.2500e+02	 9.3795e+03	 5.8852e+00	 1.2220e-01	 3.3315e+02	 9.3955e+03
 3.3750e+02	 9.3795e+03	 5.8567e+00	 1.4257e-01	 3.3315e+02	 9.3981e+03
 5.0625e+02	 9.3795e+03	 5.8237e+00	 1.6760e-01	 3.3315e+02	 9.4005e+03
 7.5938e+02	 9.3795e+03	 5.7848e+00	 1.9816e-01	 3.3316e+02	 9.4032e+03
 1.1391e+03	 9.3795e+03	 5.7383e+00	 2.3512e-01	 3.3316e+02	 9.4056e+03
 1.7086e+03	 9.3795e+03	 5.6828e+00	 2.7999e-01	 3.3315e+02	 9.4083e+03
 2.5629e+03	 9.3795e+03	 5.6154e+00	 3.3383e-01	 3.3315e+02	 9.4109e+03
 3.8443e+03	 9.3795e+03	 5.5328e+00	 3.9779e-01	 3.3315e+02	 9.4133e+03
 5.7665e+03	 9.3795e+03	 5.4307e+00	 4.7174e-01	 3.3315e+02	 9.4159e+03
 8.6498e+03	 9.3795e+03	 5.3037e+00	 5.5410e-01	 3.3315e+02	 9.4185e+03
 1.2975e+04	 9.3795e+03	 5.1460e+00	 6.4021e-01	 3.3315e+02	 9.4212e+03
 1.9462e+04	 9.3795e+03	 4.9525e+00	 7.2034e-01	 3.3316e+02	 9.4238e+03
 2.9193e+04	 9.3795e+03	 4.7241e+00	 7.7946e-01	 3.3314e+02	 9.4265e+03
 4.3789e+04	 9.3795e+03	 4.4818e+00	 8.0116e-01	 3.3315e+02	 9.4290e+03
 6.5684e+04	 9.3795e+03	 4.2300e+00	 7.7590e-01	 3.3315e+02	 9.4314e+03
 9.8526e+04	 9.3795e+03	 4.0033e+00	 7.1055e-01	 3.3316e+02	 9.4340e+03
 1.4779e+05	 9.3795e+03	 3.8167e+00	 6.2430e-01	 3.3315e+02	 9.4366e+03
 2.2168e+05	 9.3795e+03	 3.6607e+00	 5.3663e-01	 3.3315e+02	 9.4394e+03
 3.3253e+05	 9.3795e+03	 3.5448e+00	 4.6114e-01	 3.3315e+02	 9.4420e+03
 4.9879e+05	 9.3795e+03	 3.4498e+00	 4.0068e-01	 3.3315e+02	 9.4448e+03
 7.4818e+05	 9.3795e+03	 3.4234e+00	 2.6621e-01	 3.3315e+02	 9.4524e+03
 9.0000e+05	 9.3795e+03	 3.3940e+00	 2.4042e-01	 3.3314e+02	 9.4605e+03
 1.0000e+02	 9.4578e+03	 5.9302e+00	 9.2288e-02	 3.3314e+02	 9.4684e+03
 1.5000e+02	 9.4578e+03	 5.9098e+00	 1.0676e-01	 3.3314e+02	 9.4709e+03
 2.2500e+02	 9.4578e+03	 5.8838e+00	 1.2252e-01	 3.3314e+02	 9.4735e+03
 3.3750e+02	 9.4578e+03	 5.8555e+00	 1.4304e-01	 3.3314e+02	 9.4759e+03
 5.0625e+02	 9.4578e+03	 5.8223e+00	 1.6824e-01	 3.3315e+02	 9.4785e+03
 7.5938e+02	 9.4578e+03	 5.7833e+00	 1.9868e-01	 3.3315e+02	 9.4812e+03
 1.1391e+03	 9.4578e+03	 5.7371e+00	 2.3553e-01	 3.3315e+02	 9.4840e+03
 1.7086e+03	 9.4578e+03	 5.6808e+00	 2.8057e-01	 3.3314e+02	 9.4866e+03
 2.5629e+03	 9.4578e+03	 5.6137e+00	 3.3452e-01	 3.3315e+02	 9.4893e+03
 3.8443e+03	 9.4578e+03	 5.5306e+00	 3.9834e-01	 3.3315e+02	 9.4918e+03
 5.7665e+03	 9.4578e+03	 5.4285e+00	 4.7232e-01	 3.3315e+02	 9.4945e+03
 8.6498e+03	 9.4578e+03	 5.3013e+00	 5.5442e-01	 3.3315e+02	 9.4971e+03
 1.2975e+04	 9.4578e+03	 5.1433e+00	 6.4037e-01	 3.3315e+02	 9.4996e+03
 1.9462e+04	 9.4578e+03	 4.9499e+00	 7.2009e-01	 3.3315e+02	 9.5022e+03
 2.9193e+04	 9.4578e+03	 4.7219e+00	 7.7901e-01	 3.3315e+02	 9.5048e+03
 4.3789e+04	 9.4578e+03	 4.4798e+00	 8.0031e-01	 3.3316e+02	 9.5072e+03
 6.5684e+04	 9.4578e+03	 4.2284e+00	 7.7508e-01	 3.3315e+02	 9.5098e+03
 9.8526e+04	 9.4578e+03	 4.0017e+00	 7.0974e-01	 3.3315e+02	 9.5123e+03
 1.4779e+05	 9.4578e+03	 3.8155e+00	 6.2367e-01	 3.3315e+02	 9.5149e+03
 2.2168e+05	 9.4578e+03	 3.6597e+00	 5.3618e-01	 3.3316e+02	 9.5175e+03
 3.3253e+05	 9.4578e+03	 3.5439e+00	 4.6079e-01	 3.3315e+02	 9.5202e+03
 4.9879e+05	 9.4578e+03	 3.4487e+00	 4.0025e-01	 3.3316e+02	 9.5228e+03
 7.4818e+05	 9.4578e+03	 3.4226e+00	 2.6463e-01	 3.3316e+02	 9.5306e+03
 9.0000e+05	 9.4578e+03	 3.3933e+00	 2.3929e-01	 3.3316e+02	 9.5384e+03
 1.0000e+02	 9.5357e+03	 5.9294e+00	 9.2439e-02	 3.3316e+02	 9.5462e+03
 1.5000e+02	 9.5357e+03	 5.9084e+00	 1.0628e-01	 3.3316e+02	 9.5490e+03
 2.2500e+02	 9.5357e+03	 5.8832e+00	 1.2274e-01	 3.3316e+02	 9.5515e+03
 3.3750e+02	 9.5357e+03	 5.8546e+00	 1.4351e-01	 3.3315e+02	 9.5539e+03
 5.0625e+02	 9.5357e+03	 5.8212e+00	 1.6867e-01	 3.3315e+02	 9.5565e+03
 7.5938e+02	 9.5357e+03	 5.7821e+00	 1.9919e-01	 3.3315e+02	 9.5590e+03
 1.1391e+03	 9.5357e+03	 5.7355e+00	 2.3632e-01	 3.3315e+02	 9.5617e+03
 1.7086e+03	 9.5357e+03	 5.6793e+00	 2.8117e-01	 3.3314e+02	 9.5643e+03
 2.5629e+03	 9.5357e+03	 5.6117e+00	 3.3517e-01	 3.3315e+02	 9.5670e+03
 3.8443e+03	 9.5357e+03	 5.5286e+00	 3.9910e-01	 3.3315e+02	 9.5695e+03
 5.7665e+03	 9.5357e+03	 5.4260e+00	 4.7290e-01	 3.3314e+02	 9.5719e+03
 8.6498e+03	 9.5357e+03	 5.2984e+00	 5.5489e-01	 3.3314e+02	 9.5747e+03
 1.2975e+04	 9.5357e+03	 5.1404e+00	 6.4056e-01	 3.3314e+02	 9.5771e+03
 1.9462e+04	 9.5357e+03	 4.9468e+00	 7.2001e-01	 3.3314e+02	 9.5797e+03
 2.9193e+04	 9.5357e+03	 4.7187e+00	 7.7851e-01	 3.3314e+02	 9.5823e+03
 4.3789e+04	 9.5357e+03	 4.4770e+00	 7.9950e-01	 3.3314e+02	 9.5850e+03
 6.5684e+04	 9.5357e+03	 4.2258e+00	 7.7408e-01	 3.3314e+02	 9.5875e+03
 9.8526e+04	 9.5357e+03	 3.9996e+00	 7.0875e-01	 3.3314e+02	 9.5899e+03
 1.4779e+05	 9.5357e+03	 3.8137e+00	 6.2274e-01	 3.3314e+02	 9.5926e+03
 2.2168e+05	 9.5357e+03	 3.6582e+00	 5.3535e-01	 3.3314e+02	 9.5952e+03
 3.3253e+05	 9.5357e+03	 3.5427e+00	 4.6009e-01	 3.3314e+02	 9.5978e+03
 4.9879e+05	 9.5357e+03	 3.4476e+00	 3.9975e-01	 3.3314e+02	 9.6004e+03
 7.4818e+05	 9.5357e+03	 3.4213e+00	 2.6688e-01	 3.3314e+02	 9.6079e+03
 9.0000e+05	 9.5357e+03	 3.3919e+00	 2.4279e-01	 3.3315e+02	 9.6160e+03
 1.0000e+02	 9.6133e+03	 5.9286e+00	 9.2647e-02	 3.3315e+02	 9.6238e+03
 1.5000e+02	 9.6133e+03	 5.9070e+00	 1.0627e-01	 3.3315e+02	 9.6262e+03
 2.2500e+02	 9.6133e+03	 5.8822e+00	 1.2319e-01	 3.3315e+02	 9.6289e+03
 3.3750e+02	 9.6133e+03	 5.8536e+00	 1.4383e-01	 3.3315e+02	 9.6313e+03
 5.0625e+02	 9.6133e+03	 5.8202e+00	 1.6909e-01	 3.3315e+02	 9.6340e+03
 7.5938e+02	 9.6133e+03	 5.7805e+00	 1.9960e-01	 3.3315e+02	 9.6366e+03
 1.1391e+03	 9.6133e+03	 5.7342e+00	 2.3674e-01	 3.3315e+02	 9.6393e+03
 1.7086e+03	 9.6133e+03	 5.6780e+00	 2.8168e-01	 3.3314e+02	 9.6419e+03
 2.5629e+03	 9.6133e+03	 5.6099e+00	 3.3568e-01	 3.3316e+02	 9.6447e+03
 3.8443e+03	 9.6133e+03	 5.5266e+00	 3.9962e-01	 3.3315e+02	 9.6473e+03
 5.7665e+03	 9.6133e+03	 5.4240e+00	 4.7316e-01	 3.3315e+02	 9.6500e+03
 8.6498e+03	 9.6133e+03	 5.2961e+00	 5.5506e-01	 3.3315e+02	 9.6527e+03
 1.2975e+04	 9.6133e+03	 5.1381e+00	 6.4052e-01	 3.3314e+02	 9.6553e+03
 1.9462e+04	 9.6133e+03	 4.9446e+00	 7.1967e-01	 3.3314e+02	 9.6579e+03
 2.9193e+04	 9.6133e+03	 4.7166e+00	 7.7793e-01	 3.3315e+02	 9.6607e+03
 4.3789e+04	 9.6133e+03	 4.4751e+00	 7.9886e-01	 3.3315e+02	 9.6632e+03
 6.5684e+04	 9.6133e+03	 4.2243e+00	 7.7347e-01	 3.3315e+02	 9.6656e+03
 9.8526e+04	 9.6133e+03	 3.9984e+00	 7.0816e-01	 3.3315e+02	 9.6681e+03
 1.4779e+05	 9.6133e+03	 3.8126e+00	 6.2228e-01	 3.3315e+02	 9.6707e+03
 2.2168e+05	 9.6133e+03	 3.6573e+00	 5.3503e-01	 3.3315e+02	 9.6734e+03
 3.3253e+05	 9.6133e+03	 3.5417e+00	 4.5985e-01	 3.3315e+02	 9.6759e+03
 4.9879e+05	 9.6133e+03	 3.4468e+00	 3.9960e-01	 3.3315e+02	 9.6785e+03
 7.4818e+05	 9.6133e+03	 3.4203e+00	 2.6783e-01	 3.3315e+02	 9.6865e+03
 9.0000e+05	 9.6133e+03	 3.3911e+00	 2.4299e-01	 3.3315e+02	 9.6947e+03
 1.0000e+02	 9.6920e+03	 5.9278e+00	 9.2838e-02	 3.3316e+02	 9.7025e+03
 1.5000e+02	 9.6920e+03	 5.9070e+00	 1.0651e-01	 3.3316e+02	 9.7053e+03
 2.2500e+02	 9.6920e+03	 5.8813e+00	 1.2358e-01	 3.3316e+02	 9.7078e+03
 3.3750e+02	 9.6920e+03	 5.8526e+00	 1.4425e-01	 3.3315e+02	 9.7102e+03
 5.0625e+02	 9.6920e+03	 5.8194e+00	 1.6932e-01	 3.3316e+02	 9.7129e+03
 7.5938e+02	 9.6920e+03	 5.7796e+00	 2.0001e-01	 3.3315e+02	 9.7155e+03
 1.1391e+03	 9.6920e+03	 5.7328e+00	 2.3726e-01	 3.3316e+02	 9.7182e+03
 1.7086e+03	 9.6920e+03	 5.6765e+00	 2.8222e-01	 3.3316e+02	 9.7208e+03
 2.5629e+03	 9.6920e+03	 5.6084e+00	 3.3627e-01	 3.3316e+02	 9.7234e+03
 3.8443e+03	 9.6920e+03	 5.5250e+00	 4.0002e-01	 3.3315e+02	 9.7259e+03
 5.7665e+03	 9.6920e+03	 5.4221e+00	 4.7362e-01	 3.3315e+02	 9.7284e+03
 8.6498e+03	 9.6920e+03	 5.2943e+00	 5.5541e-01	 3.3316e+02	 9.7309e+03
 1.2975e+04	 9.6920e+03	 5.1359e+00	 6.4052e-01	 3.3316e+02	 9.7334e+03
 1.9462e+04	 9.6920e+03	 4.9424e+00	 7.1947e-01	 3.3316e+02	 9.7360e+03
 2.9193e+04	 9.6920e+03	 4.7146e+00	 7.7750e-01	 3.3316e+02	 9.7387e+03
 4.3789e+04	 9.6920e+03	 4.4734e+00	 7.9820e-01	 3.3315e+02	 9.7414e+03
 6.5684e+04	 9.6920e+03	 4.2228e+00	 7.7272e-01	 3.3315e+02	 9.7439e+03
 9.8526e+04	 9.6920e+03	 3.9972e+00	 7.0756e-01	 3.3315e+02	 9.7463e+03
 1.4779e+05	 9.6920e+03	 3.8116e+00	 6.2175e-01	 3.3316e+02	 9.7490e+03
 2.2168e+05	 9.6920e+03	 3.6563e+00	 5.3466e-01	 3.3315e+02	 9.7516e+03
 3.3253e+05	 9.6920e+03	 3.5409e+00	 4.5954e-01	 3.3316e+02	 9.7542e+03
 4.9879e+05	 9.6920e+03	 3.4459e+00	 3.9934e-01	 3.3316e+02	 9.7568e+03
 7.4818e+05	 9.6920e+03	 3.4197e+00	 2.6612e-01	 3.3316e+02	 9.7648e+03
 9.0000e+05	 9.6920e+03	 3.3905e+00	 2.4060e-01	 3.3314e+02	 9.7726e+03
 1.0000e+02	 9.7699e+03	 5.9267e+00	 9.3335e-02	 3.3315e+02	 9.7808e+03
 1.5000e+02	 9.7699e+03	 5.9036e+00	 1.0770e-01	 3.3315e+02	 9.7833e+03
 2.2500e+02	 9.7699e+03	 5.8802e+00	 1.2409e-01	 3.3315e+02	 9.7858e+03
 3.3750e+02	 9.7699e+03	 5.8514e+00	 1.4470e-01	 3.3314e+02	 9.7884e+03
 5.0625e+02	 9.7699e+03	 5.8179e+00	 1.6998e-01	 3.3315e+02	 9.7909e+03
 7.5938e+02	 9.7699e+03	 5.7781e+00	 2.0058e-01	 3.3315e+02	 9.7935e+03
 1.1391e+03	 9.7699e+03	 5.7310e+00	 2.3765e-01	 3.3314e+02	 9.7960e+03
 1.7086e+03	 9.7699e+03	 5.6745e+00	 2.8313e-01	 3.3315e+02	 9.7986e+03
 2.5629e+03	 9.7699e+03	 5.6063e+00	 3.3707e-01	 3.3315e+02	 9.8011e+03
 3.8443e+03	 9.7699e+03	 5.5227e+00	 4.0079e-01	 3.3315e+02	 9.8036e+03
 5.7665e+03	 9.7699e+03	 5.4195e+00	 4.7424e-01	 3.3315e+02	 9.8062e+03
 8.6498e+03	 9.7699e+03	 5.2913e+00	 5.5575e-01	 3.3315e+02	 9.8089e+03
 1.2975e+04	 9.7699e+03	 5.1330e+00	 6.4072e-01	 3.3315e+02	 9.8115e+03
 1.9462e+04	 9.7699e+03	 4.9395e+00	 7.1930e-01	 3.3315e+02	 9.8141e+03
 2.9193e+04	 9.7699e+03	 4.7118e+00	 7.7690e-01	 3.3314e+02	 9.8170e+03
 4.3789e+04	 9.7699e+03	 4.4709e+00	 7.9748e-01	 3.3314e+02	 9.8194e+03
 6.5684e+04	 9.7699e+03	 4.2205e+00	 7.7178e-01	 3.3314e+02	 9.8219e+03
 9.8526e+04	 9.7699e+03	 3.9955e+00	 7.0673e-01	 3.3315e+02	 9.8245e+03
 1.4779e+05	 9.7699e+03	 3.8100e+00	 6.2099e-01	 3.3315e+02	 9.8271e+03
 2.2168e+05	 9.7699e+03	 3.6551e+00	 5.3400e-01	 3.3315e+02	 9.8297e+03
 3.3253e+05	 9.7699e+03	 3.5397e+00	 4.5910e-01	 3.3315e+02	 9.8321e+03
 4.9879e+05	 9.7699e+03	 3.4448e+00	 3.9895e-01	 3.3315e+02	 9.8350e+03
 7.4818e+05	 9.7699e+03	 3.4185e+00	 2.6675e-01	 3.3315e+02	 9.8426e+03
 9.0000e+05	 9.7699e+03	 3.3894e+00	 2.4159e-01	 3.3315e+02	 9.8504e+03
 1.0000e+02	 9.8478e+03	 5.9264e+00	 9.3323e-02	 3.3315e+02	 9.8587e+03
 1.5000e+02	 9.8478e+03	 5.9043e+00	 1.0655e-01	 3.3316e+02	 9.8611e+03
 2.2500e+02	 9.8478e+03	 5.8794e+00	 1.2459e-01	 3.3316e+02	 9.8638e+03
 3.3750e+02	 9.8478e+03	 5.8505e+00	 1.4500e-01	 3.3315e+02	 9.8662e+03
 5.0625e+02	 9.8478e+03	 5.8166e+00	 1.7027e-01	 3.3315e+02	 9.8687e+03
 7.5938e+02	 9.8478e+03	 5.7769e+00	 2.0089e-01	 3.3315e+02	 9.8713e+03
 1.1391e+03	 9.8478e+03	 5.7298e+00	 2.3820e-01	 3.3315e+02	 9.8738e+03
 1.7086e+03	 9.8478e+03	 5.6732e+00	 2.8344e-01	 3.3315e+02	 9.8767e+03
 2.5629e+03	 9.8478e+03	 5.6047e+00	 3.3741e-01	 3.3315e+02	 9.8793e+03
 3.8443e+03	 9.8478e+03	 5.5210e+00	 4.0115e-01	 3.3315e+02	 9.8820e+03
 5.7665e+03	 9.8478e+03	 5.4175e+00	 4.7462e-01	 3.3315e+02	 9.8844e+03
 8.6498e+03	 9.8478e+03	 5.2892e+00	 5.5608e-01	 3.3315e+02	 9.8873e+03
 1.2975e+04	 9.8478e+03	 5.1307e+00	 6.4074e-01	 3.3315e+02	 9.8897e+03
 1.9462e+04	 9.8478e+03	 4.9372e+00	 7.1909e-01	 3.3315e+02	 9.8926e+03
 2.9193e+04	 9.8478e+03	 4.7098e+00	 7.7641e-01	 3.3315e+02	 9.8952e+03
 4.3789e+04	 9.8478e+03	 4.4690e+00	 7.9684e-01	 3.3315e+02	 9.8976e+03
 6.5684e+04	 9.8478e+03	 4.2192e+00	 7.7115e-01	 3.3315e+02	 9.9002e+03
 9.8526e+04	 9.8478e+03	 3.9940e+00	 7.0610e-01	 3.3315e+02	 9.9026e+03
 1.4779e+05	 9.8478e+03	 3.8088e+00	 6.2050e-01	 3.3315e+02	 9.9052e+03
 2.2168e+05	 9.8478e+03	 3.6541e+00	 5.3362e-01	 3.3315e+02	 9.9079e+03
 3.3253e+05	 9.8478e+03	 3.5388e+00	 4.5867e-01	 3.3315e+02	 9.9104e+03
 4.9879e+05	 9.8478e+03	 3.4440e+00	 3.9870e-01	 3.3315e+02	 9.9129e+03
 7.4818e+05	 9.8478e+03	 3.4181e+00	 2.6452e-01	 3.3315e+02	 9.9207e+03
 9.0000e+05	 9.8478e+03	 3.3887e+00	 2.4020e-01	 3.3315e+02	 9.9283e+03
 1.0000e+02	 9.9256e+03	 5.9255e+00	 9.3859e-02	 3.3315e+02	 9.9364e+03
 1.5000e+02	 9.9256e+03	 5.9027e+00	 1.0728e-01	 3.3315e+02	 9.9389e+03
 2.2500e+02	 9.9256e+03	 5.8784e+00	 1.2474e-01	 3.3315e+02	 9.9416e+03
 3.3750e+02	 9.9256e+03	 5.8492e+00	 1.4544e-01	 3.3315e+02	 9.9441e+03
 5.0625e+02	 9.9256e+03	 5.8155e+00	 1.7069e-01	 3.3315e+02	 9.9468e+03
 7.5938e+02	 9.9256e+03	 5.7758e+00	 2.0146e-01	 3.3315e+02	 9.9494e+03
 1.1391e+03	 9.9256e+03	 5.7284e+00	 2.3897e-01	 3.3315e+02	 9.9520e+03
 1.7086e+03	 9.9256e+03	 5.6715e+00	 2.8413e-01	 3.3314e+02	 9.9546e+03
 2.5629e+03	 9.9256e+03	 5.6027e+00	 3.3816e-01	 3.3315e+02	 9.9575e+03
 3.8443e+03	 9.9256e+03	 5.5186e+00	 4.0192e-01	 3.3314e+02	 9.9600e+03
 5.7665e+03	 9.9256e+03	 5.4150e+00	 4.7531e-01	 3.3314e+02	 9.9627e+03
 8.6498e+03	 9.9256e+03	 5.2864e+00	 5.5648e-01	 3.3314e+02	 9.9653e+03
 1.2975e+04	 9.9256e+03	 5.1277e+00	 6.4098e-01	 3.3314e+02	 9.9678e+03
 1.9462e+04	 9.9256e+03	 4.9339e+00	 7.1888e-01	 3.3314e+02	 9.9703e+03
 2.9193e+04	 9.9256e+03	 4.7067e+00	 7.7605e-01	 3.3313e+02	 9.9729e+03
 4.3789e+04	 9.9256e+03	 4.4662e+00	 7.9596e-01	 3.3314e+02	 9.9755e+03
 6.5684e+04	 9.9256e+03	 4.2168e+00	 7.7020e-01	 3.3314e+02	 9.9780e+03
 9.8526e+04	 9.9256e+03	 3.9922e+00	 7.0511e-01	 3.3314e+02	 9.9806e+03
 1.4779e+05	 9.9256e+03	 3.8073e+00	 6.1967e-01	 3.3315e+02	 9.9832e+03
 2.2168e+05	 9.9256e+03	 3.6527e+00	 5.3294e-01	 3.3314e+02	 9.9859e+03
 3.3253e+05	 9.9256e+03	 3.5376e+00	 4.5819e-01	 3.3314e+02	 9.9885e+03
 4.9879e+05	 9.9256e+03	 3.4428e+00	 3.9822e-01	 3.3314e+02	 9.9911e+03
 7.4818e+05	 9.9256e+03	 3.4171e+00	 2.6322e-01	 3.3315e+02	 9.9987e+03
 9.0000e+05	 9.9256e+03	 3.3882e+00	 2.3527e-01	 3.3315e+02	 1.0006e+04
 1.0000e+02	 1.0004e+04	 5.9249e+00	 9.4032e-02	 3.3315e+02	 1.0014e+04
 1.5000e+02	 1.0004e+04	 5.9037e+00	 1.0740e-01	 3.3315e+02	 1.0017e+04
 2.2500e+02	 1.0004e+04	 5.8776e+00	 1.2510e-01	 3.3315e+02	 1.0019e+04
 3.3750e+02	 1.0004e+04	 5.8484e+00	 1.4589e-01	 3.3316e+02	 1.0022e+04
 5.0625e+02	 1.0004e+04	 5.8143e+00	 1.7126e-01	 3.3315e+02	 1.0025e+04
 7.5938e+02	 1.0004e+04	 5.7745e+00	 2.0200e-01	 3.3315e+02	 1.0027e+04
 1.1391e+03	 1.0004e+04	 5.7271e+00	 2.3939e-01	 3.3315e+02	 1.0030e+04
 1.7086e+03	 1.0004e+04	 5.6700e+00	 2.8453e-01	 3.3316e+02	 1.0033e+04
 2.5629e+03	 1.0004e+04	 5.6014e+00	 3.3865e-01	 3.3315e+02	 1.0035e+04
 3.8443e+03	 1.0004e+04	 5.5171e+00	 4.0229e-01	 3.3316e+02	 1.0038e+04
 5.7665e+03	 1.0004e+04	 5.4133e+00	 4.7553e-01	 3.3316e+02	 1.0040e+04
 8.6498e+03	 1.0004e+04	 5.2849e+00	 5.5668e-01	 3.3316e+02	 1.0043e+04
 1.2975e+04	 1.0004e+04	 5.1260e+00	 6.4088e-01	 3.3315e+02	 1.0045e+04
 1.9462e+04	 1.0004e+04	 4.9325e+00	 7.1867e-01	 3.3316e+02	 1.0048e+04
 2.9193e+04	 1.0004e+04	 4.7054e+00	 7.7542e-01	 3.3316e+02	 1.0051e+04
 4.3789e+04	 1.0004e+04	 4.4651e+00	 7.9544e-01	 3.3315e+02	 1.0053e+04
 6.5684e+04	 1.0004e+04	 4.2158e+00	 7.6966e-01	 3.3316e+02	 1.0056e+04
 9.8526e+04	 1.0004e+04	 3.9912e+00	 7.0463e-01	 3.3315e+02	 1.0058e+04
 1.4779e+05	 1.0004e+04	 3.8064e+00	 6.1939e-01	 3.3315e+02	 1.0061e+04
 2.2168e+05	 1.0004e+04	 3.6518e+00	 5.3261e-01	 3.3315e+02	 1.0064e+04
 3.3253e+05	 1.0004e+04	 3.5367e+00	 4.5801e-01	 3.3315e+02	 1.0066e+04
 4.9879e+05	 1.0004e+04	 3.4420e+00	 3.9813e-01	 3.3315e+02	 1.0069e+04
 7.4818e+05	 1.0004e+04	 3.4163e+00	 2.6277e-01	 3.3315e+02	 1.0077e+04
 9.0000e+05	 1.0004e+04	 3.3873e+00	 2.3540e-01	 3.3315e+02	 1.0084e+04
 1.0000e+02	 1.0082e+04	 5.9237e+00	 9.4329e-02	 3.3315e+02	 1.0093e+04
 1.5000e+02	 1.0082e+04	 5.9003e+00	 1.0960e-01	 3.3315e+02	 1.0095e+04
 2.2500e+02	 1.0082e+04	 5.8764e+00	 1.2545e-01	 3.3315e+02	 1.0098e+04
 3.3750e+02	 1.0082e+04	 5.8473e+00	 1.4624e-01	 3.3315e+02	 1.0101e+04
 5.0625e+02	 1.0082e+04	 5.8131e+00	 1.7181e-01	 3.3315e+02	 1.0103e+04
 7.5938e+02	 1.0082e+04	 5.7730e+00	 2.0251e-01	 3.3314e+02	 1.0106e+04
 1.1391e+03	 1.0082e+04	 5.7258e+00	 2.4015e-01	 3.3314e+02	 1.0108e+04
 1.7086e+03	 1.0082e+04	 5.6685e+00	 2.8532e-01	 3.3315e+02	 1.0111e+04
 2.5629e+03	 1.0082e+04	 5.5993e+00	 3.3926e-01	 3.3314e+02	 1.0114e+04
 3.8443e+03	 1.0082e+04	 5.5148e+00	 4.0294e-01	 3.3314e+02	 1.0116e+04
 5.7665e+03	 1.0082e+04	 5.4108e+00	 4.7614e-01	 3.3315e+02	 1.0119e+04
 8.6498e+03	 1.0082e+04	 5.2821e+00	 5.5702e-01	 3.3315e+02	 1.0122e+04
 1.2975e+04	 1.0082e+04	 5.1232e+00	 6.4100e-01	 3.3314e+02	 1.0124e+04
 1.9462e+04	 1.0082e+04	 4.9298e+00	 7.1851e-01	 3.3315e+02	 1.0127e+04
 2.9193e+04	 1.0082e+04	 4.7028e+00	 7.7496e-01	 3.3315e+02	 1.0129e+04
 4.3789e+04	 1.0082e+04	 4.4629e+00	 7.9472e-01	 3.3315e+02	 1.0132e+04
 6.5684e+04	 1.0082e+04	 4.2139e+00	 7.6880e-01	 3.3315e+02	 1.0135e+04
 9.8526e+04	 1.0082e+04	 3.9898e+00	 7.0383e-01	 3.3315e+02	 1.0137e+04
 1.4779e+05	 1.0082e+04	 3.8053e+00	 6.1875e-01	 3.3315e+02	 1.0140e+04
 2.2168e+05	 1.0082e+04	 3.6507e+00	 5.3211e-01	 3.3315e+02	 1.0142e+04
 3.3253e+05	 1.0082e+04	 3.5359e+00	 4.5762e-01	 3.3315e+02	 1.0145e+04
 4.9879e+05	 1.0082e+04	 3.4412e+00	 3.9772e-01	 3.3315e+02	 1.0148e+04
 7.4818e+05	 1.0082e+04	 3.4154e+00	 2.6244e-01	 3.3315e+02	 1.0156e+04
 9.0000e+05	 1.0082e+04	 3.3861e+00	 2.3874e-01	 3.3315e+02	 1.0163e+04
 1.0000e+02	 1.0161e+04	 5.9230e+00	 9.4584e-02	 3.3315e+02	 1.0172e+04
 1.5000e+02	 1.0161e+04	 5.9008e+00	 1.0922e-01	 3.3315e+02	 1.0174e+04
 2.2500e+02	 1.0161e+04	 5.8757e+00	 1.2574e-01	 3.3316e+02	 1.0176e+04
 3.3750e+02	 1.0161e+04	 5.8463e+00	 1.4656e-01	 3.3316e+02	 1.0179e+04
 5.0625e+02	 1.0161e+04	 5.8124e+00	 1.7186e-01	 3.3316e+02	 1.0181e+04
 7.5938e+02	 1.0161e+04	 5.7721e+00	 2.0279e-01	 3.3316e+02	 1.0184e+04
 1.1391e+03	 1.0161e+04	 5.7242e+00	 2.4024e-01	 3.3316e+02	 1.0186e+04
 1.7086e+03	 1.0161e+04	 5.6671e+00	 2.8567e-01	 3.3315e+02	 1.0189e+04
 2.5629e+03	 1.0161e+04	 5.5978e+00	 3.3967e-01	 3.3315e+02	 1.0192e+04
 3.8443e+03	 1.0161e+04	 5.5132e+00	 4.0334e-01	 3.3316e+02	 1.0194e+04
 5.7665e+03	 1.0161e+04	 5.4089e+00	 4.7647e-01	 3.3315e+02	 1.0197e+04
 8.6498e+03	 1.0161e+04	 5.2798e+00	 5.5727e-01	 3.3314e+02	 1.0199e+04
 1.2975e+04	 1.0161e+04	 5.1207e+00	 6.4107e-01	 3.3315e+02	 1.0202e+04
 1.9462e+04	 1.0161e+04	 4.9271e+00	 7.1833e-01	 3.3314e+02	 1.0204e+04
 2.9193e+04	 1.0161e+04	 4.7001e+00	 7.7457e-01	 3.3314e+02	 1.0207e+04
 4.3789e+04	 1.0161e+04	 4.4604e+00	 7.9389e-01	 3.3315e+02	 1.0210e+04
 6.5684e+04	 1.0161e+04	 4.2118e+00	 7.6796e-01	 3.3314e+02	 1.0212e+04
 9.8526e+04	 1.0161e+04	 3.9878e+00	 7.0294e-01	 3.3313e+02	 1.0214e+04
 1.4779e+05	 1.0161e+04	 3.8038e+00	 6.1783e-01	 3.3314e+02	 1.0217e+04
 2.2168e+05	 1.0161e+04	 3.6495e+00	 5.3147e-01	 3.3314e+02	 1.0220e+04
 3.3253e+05	 1.0161e+04	 3.5346e+00	 4.5707e-01	 3.3314e+02	 1.0222e+04
 4.9879e+05	 1.0161e+04	 3.4401e+00	 3.9750e-01	 3.3314e+02	 1.0225e+04
 7.4818e+05	 1.0161e+04	 3.4148e+00	 2.5911e-01	 3.3314e+02	 1.0233e+04
 9.0000e+05	 1.0161e+04	 3.3856e+00	 2.3514e-01	 3.3315e+02	 1.0241e+04
 1.0000e+02	 1.0238e+04	 5.9222e+00	 9.4928e-02	 3.3315e+02	 1.0249e+04
 1.5000e+02	 1.0238e+04	 5.8993e+00	 1.0797e-01	 3.3315e+02	 1.0251e+04
 2.2500e+02	 1.0238e+04	 5.8751e+00	 1.2621e-01	 3.3316e+02	 1.0254e+04
 3.3750e+02	 1.0238e+04	 5.8454e+00	 1.4689e-01	 3.3316e+02	 1.0257e+04
 5.0625e+02	 1.0238e+04	 5.8112e+00	 1.7237e-01	 3.3316e+02	 1.0259e+04
 7.5938e+02	 1.0238e+04	 5.7709e+00	 2.0343e-01	 3.3316e+02	 1.0262e+04
 1.1391e+03	 1.0238e+04	 5.7229e+00	 2.4085e-01	 3.3316e+02	 1.0264e+04
 1.7086e+03	 1.0238e+04	 5.6654e+00	 2.8636e-01	 3.3315e+02	 1.0267e+04
 2.5629e+03	 1.0238e+04	 5.5961e+00	 3.4029e-01	 3.3315e+02	 1.0270e+04
 3.8443e+03	 1.0238e+04	 5.5115e+00	 4.0395e-01	 3.3316e+02	 1.0272e+04
 5.7665e+03	 1.0238e+04	 5.4070e+00	 4.7694e-01	 3.3316e+02	 1.0275e+04
 8.6498e+03	 1.0238e+04	 5.2778e+00	 5.5746e-01	 3.3316e+02	 1.0278e+04
 1.2975e+04	 1.0238e+04	 5.1188e+00	 6.4098e-01	 3.3316e+02	 1.0280e+04
 1.9462e+04	 1.0238e+04	 4.9254e+00	 7.1807e-01	 3.3316e+02	 1.0283e+04
 2.9193e+04	 1.0238e+04	 4.6986e+00	 7.7409e-01	 3.3316e+02	 1.0285e+04
 4.3789e+04	 1.0238e+04	 4.4591e+00	 7.9341e-01	 3.3315e+02	 1.0288e+04
 6.5684e+04	 1.0238e+04	 4.2109e+00	 7.6747e-01	 3.3315e+02	 1.0290e+04
 9.8526e+04	 1.0238e+04	 3.9873e+00	 7.0263e-01	 3.3316e+02	 1.0293e+04
 1.4779e+05	 1.0238e+04	 3.8032e+00	 6.1759e-01	 3.3316e+02	 1.0296e+04
 2.2168e+05	 1.0238e+04	 3.6489e+00	 5.3139e-01	 3.3316e+02	 1.0298e+04
 3.3253e+05	 1.0238e+04	 3.5342e+00	 4.5702e-01	 3.3315e+02	 1.0301e+04
 4.9879e+05	 1.0238e+04	 3.4396e+00	 3.9733e-01	 3.3316e+02	 1.0304e+04
 7.4818e+05	 1.0238e+04	 3.4139e+00	 2.6238e-01	 3.3316e+02	 1.0311e+04
 9.0000e+05	 1.0238e+04	 3.3848e+00	 2.3616e-01	 3.3315e+02	 1.0319e+04
 1.0000e+02	 1.0316e+04	 5.9216e+00	 9.5133e-02	 3.3315e+02	 1.0327e+04
 1.5000e+02	 1.0316e+04	 5.8989e+00	 1.0896e-01	 3.3315e+02	 1.0329e+04
 2.2500e+02	 1.0316e+04	 5.8738e+00	 1.2643e-01	 3.3315e+02	 1.0332e+04
 3.3750e+02	 1.0316e+04	 5.8444e+00	 1.4735e-01	 3.3315e+02	 1.0335e+04
 5.0625e+02	 1.0316e+04	 5.8097e+00	 1.7271e-01	 3.3315e+02	 1.0337e+04
 7.5938e+02	 1.0316e+04	 5.7695e+00	 2.0402e-01	 3.3315e+02	 1.0340e+04
 1.1391e+03	 1.0316e+04	 5.7216e+00	 2.4155e-01	 3.3315e+02	 1.0342e+04
 1.7086e+03	 1.0316e+04	 5.6640e+00	 2.8683e-01	 3.3316e+02	 1.0345e+04
 2.5629e+03	 1.0316e+04	 5.5943e+00	 3.4091e-01	 3.3316e+02	 1.0347e+04
 3.8443e+03	 1.0316e+04	 5.5093e+00	 4.0443e-01	 3.3315e+02	 1.0350e+04
 5.7665e+03	 1.0316e+04	 5.4048e+00	 4.7734e-01	 3.3316e+02	 1.0353e+04
 8.6498e+03	 1.0316e+04	 5.2754e+00	 5.5783e-01	 3.3316e+02	 1.0355e+04
 1.2975e+04	 1.0316e+04	 5.1164e+00	 6.4115e-01	 3.3316e+02	 1.0358e+04
 1.9462e+04	 1.0316e+04	 4.9228e+00	 7.1780e-01	 3.3315e+02	 1.0360e+04
 2.9193e+04	 1.0316e+04	 4.6962e+00	 7.7355e-01	 3.3315e+02	 1.0363e+04
 4.3789e+04	 1.0316e+04	 4.4568e+00	 7.9254e-01	 3.3316e+02	 1.0366e+04
 6.5684e+04	 1.0316e+04	 4.2090e+00	 7.6653e-01	 3.3315e+02	 1.0368e+04
 9.8526e+04	 1.0316e+04	 3.9858e+00	 7.0187e-01	 3.3315e+02	 1.0371e+04
 1.4779e+05	 1.0316e+04	 3.8017e+00	 6.1703e-01	 3.3316e+02	 1.0374e+04
 2.2168e+05	 1.0316e+04	 3.6477e+00	 5.3084e-01	 3.3315e+02	 1.0376e+04
 3.3253e+05	 1.0316e+04	 3.5330e+00	 4.5654e-01	 3.3315e+02	 1.0379e+04
 4.9879e+05	 1.0316e+04	 3.4385e+00	 3.9691e-01	 3.3315e+02	 1.0381e+04
 7.4818e+05	 1.0316e+04	 3.4130e+00	 2.6018e-01	 3.3315e+02	 1.0389e+04
 9.0000e+05	 1.0316e+04	 3.3845e+00	 2.2885e-01	 3.3315e+02	 1.0397e+04
 1.0000e+02	 1.0394e+04	 5.9208e+00	 9.5338e-02	 3.3315e+02	 1.0405e+04
 1.5000e+02	 1.0394e+04	 5.8974e+00	 1.0841e-01	 3.3315e+02	 1.0408e+04
 2.2500e+02	 1.0394e+04	 5.8728e+00	 1.2677e-01	 3.3315e+02	 1.0410e+04
 3.3750e+02	 1.0394e+04	 5.8435e+00	 1.4777e-01	 3.3314e+02	 1.0413e+04
 5.0625e+02	 1.0394e+04	 5.8088e+00	 1.7323e-01	 3.3314e+02	 1.0415e+04
 7.5938e+02	 1.0394e+04	 5.7681e+00	 2.0426e-01	 3.3315e+02	 1.0418e+04
 1.1391e+03	 1.0394e+04	 5.7203e+00	 2.4232e-01	 3.3315e+02	 1.0420e+04
 1.7086e+03	 1.0394e+04	 5.6621e+00	 2.8737e-01	 3.3315e+02	 1.0423e+04
 2.5629e+03	 1.0394e+04	 5.5925e+00	 3.4153e-01	 3.3315e+02	 1.0426e+04
 3.8443e+03	 1.0394e+04	 5.5071e+00	 4.0502e-01	 3.3315e+02	 1.0428e+04
 5.7665e+03	 1.0394e+04	 5.4023e+00	 4.7793e-01	 3.3315e+02	 1.0431e+04
 8.6498e+03	 1.0394e+04	 5.2727e+00	 5.5829e-01	 3.3315e+02	 1.0434e+04
 1.2975e+04	 1.0394e+04	 5.1134e+00	 6.4123e-01	 3.3315e+02	 1.0436e+04
 1.9462e+04	 1.0394e+04	 4.9196e+00	 7.1751e-01	 3.3315e+02	 1.0439e+04
 2.9193e+04	 1.0394e+04	 4.6932e+00	 7.7298e-01	 3.3314e+02	 1.0442e+04
 4.3789e+04	 1.0394e+04	 4.4542e+00	 7.9180e-01	 3.3314e+02	 1.0444e+04
 6.5684e+04	 1.0394e+04	 4.2066e+00	 7.6563e-01	 3.3314e+02	 1.0447e+04
 9.8526e+04	 1.0394e+04	 3.9838e+00	 7.0089e-01	 3.3315e+02	 1.0449e+04
 1.4779e+05	 1.0394e+04	 3.8002e+00	 6.1616e-01	 3.3315e+02	 1.0452e+04
 2.2168e+05	 1.0394e+04	 3.6464e+00	 5.3012e-01	 3.3314e+02	 1.0454e+04
 3.3253e+05	 1.0394e+04	 3.5318e+00	 4.5600e-01	 3.3315e+02	 1.0457e+04
 4.9879e+05	 1.0394e+04	 3.4375e+00	 3.9650e-01	 3.3315e+02	 1.0459e+04
 7.4818e+05	 1.0394e+04	 3.4126e+00	 2.5501e-01	 3.3314e+02	 1.0467e+04
 9.0000e+05	 1.0394e+04	 3.3834e+00	 2.3018e-01	 3.3315e+02	 1.0475e+04
 1.0000e+02	 1.0472e+04	 5.9201e+00	 9.5734e-02	 3.3315e+02	 1.0483e+04
 1.5000e+02	 1.0472e+04	 5.8963e+00	 1.1039e-01	 3.3315e+02	 1.0485e+04
 2.2500e+02	 1.0472e+04	 5.8718e+00	 1.2719e-01	 3.3314e+02	 1.0488e+04
 3.3750e+02	 1.0472e+04	 5.8422e+00	 1.4825e-01	 3.3315e+02	 1.0490e+04
 5.0625e+02	 1.0472e+04	 5.8076e+00	 1.7384e-01	 3.3315e+02	 1.0493e+04
 7.5938e+02	 1.0472e+04	 5.7668e+00	 2.0508e-01	 3.3315e+02	 1.0495e+04
 1.1391e+03	 1.0472e+04	 5.7186e+00	 2.4299e-01	 3.3315e+02	 1.0498e+04
 1.7086e+03	 1.0472e+04	 5.6606e+00	 2.8803e-01	 3.3314e+02	 1.0500e+04
 2.5629e+03	 1.0472e+04	 5.5906e+00	 3.4225e-01	 3.3315e+02	 1.0503e+04
 3.8443e+03	 1.0472e+04	 5.5052e+00	 4.0559e-01	 3.3315e+02	 1.0506e+04
 5.7665e+03	 1.0472e+04	 5.4001e+00	 4.7844e-01	 3.3315e+02	 1.0508e+04
 8.6498e+03	 1.0472e+04	 5.2703e+00	 5.5858e-01	 3.3315e+02	 1.0511e+04
 1.2975e+04	 1.0472e+04	 5.1109e+00	 6.4136e-01	 3.3315e+02	 1.0513e+04
 1.9462e+04	 1.0472e+04	 4.9175e+00	 7.1737e-01	 3.3314e+02	 1.0516e+04
 2.9193e+04	 1.0472e+04	 4.6910e+00	 7.7254e-01	 3.3315e+02	 1.0518e+04
 4.3789e+04	 1.0472e+04	 4.4522e+00	 7.9119e-01	 3.3315e+02	 1.0521e+04
 6.5684e+04	 1.0472e+04	 4.2050e+00	 7.6500e-01	 3.3314e+02	 1.0524e+04
 9.8526e+04	 1.0472e+04	 3.9823e+00	 7.0022e-01	 3.3315e+02	 1.0526e+04
 1.4779e+05	 1.0472e+04	 3.7989e+00	 6.1548e-01	 3.3314e+02	 1.0529e+04
 2.2168e+05	 1.0472e+04	 3.6454e+00	 5.2971e-01	 3.3314e+02	 1.0531e+04
 3.3253e+05	 1.0472e+04	 3.5309e+00	 4.5560e-01	 3.3314e+02	 1.0534e+04
 4.9879e+05	 1.0472e+04	 3.4366e+00	 3.9629e-01	 3.3314e+02	 1.0537e+04
 7.4818e+05	 1.0472e+04	 3.4114e+00	 2.5852e-01	 3.3314e+02	 1.0544e+04
 9.0000e+05	 1.0472e+04	 3.3828e+00	 2.2888e-01	 3.3314e+02	 1.0552e+04
 1.0000e+02	 1.0550e+04	 5.9192e+00	 9.6215e-02	 3.3315e+02	 1.0560e+04
 1.5000e+02	 1.0550e+04	 5.8967e+00	 1.0927e-01	 3.3314e+02	 1.0563e+04
 2.2500e+02	 1.0550e+04	 5.8709e+00	 1.2730e-01	 3.3315e+02	 1.0565e+04
 3.3750e+02	 1.0550e+04	 5.8412e+00	 1.4857e-01	 3.3315e+02	 1.0568e+04
 5.0625e+02	 1.0550e+04	 5.8065e+00	 1.7421e-01	 3.3315e+02	 1.0570e+04
 7.5938e+02	 1.0550e+04	 5.7656e+00	 2.0548e-01	 3.3314e+02	 1.0573e+04
 1.1391e+03	 1.0550e+04	 5.7173e+00	 2.4317e-01	 3.3315e+02	 1.0575e+04
 1.7086e+03	 1.0550e+04	 5.6591e+00	 2.8848e-01	 3.3315e+02	 1.0578e+04
 2.5629e+03	 1.0550e+04	 5.5891e+00	 3.4272e-01	 3.3315e+02	 1.0581e+04
 3.8443e+03	 1.0550e+04	 5.5034e+00	 4.0618e-01	 3.3315e+02	 1.0583e+04
 5.7665e+03	 1.0550e+04	 5.3981e+00	 4.7877e-01	 3.3316e+02	 1.0586e+04
 8.6498e+03	 1.0550e+04	 5.2683e+00	 5.5866e-01	 3.3315e+02	 1.0588e+04
 1.2975e+04	 1.0550e+04	 5.1089e+00	 6.4134e-01	 3.3315e+02	 1.0591e+04
 1.9462e+04	 1.0550e+04	 4.9154e+00	 7.1718e-01	 3.3315e+02	 1.0594e+04
 2.9193e+04	 1.0550e+04	 4.6890e+00	 7.7208e-01	 3.3315e+02	 1.0596e+04
 4.3789e+04	 1.0550e+04	 4.4507e+00	 7.9060e-01	 3.3315e+02	 1.0599e+04
 6.5684e+04	 1.0550e+04	 4.2035e+00	 7.6433e-01	 3.3315e+02	 1.0601e+04
 9.8526e+04	 1.0550e+04	 3.9812e+00	 6.9961e-01	 3.3315e+02	 1.0603e+04
 1.4779e+05	 1.0550e+04	 3.7979e+00	 6.1502e-01	 3.3315e+02	 1.0606e+04
 2.2168e+05	 1.0550e+04	 3.6444e+00	 5.2925e-01	 3.3315e+02	 1.0609e+04
 3.3253e+05	 1.0550e+04	 3.5300e+00	 4.5540e-01	 3.3315e+02	 1.0612e+04
 4.9879e+05	 1.0550e+04	 3.4358e+00	 3.9608e-01	 3.3315e+02	 1.0614e+04
 7.4818e+05	 1.0550e+04	 3.4109e+00	 2.5655e-01	 3.3315e+02	 1.0622e+04
 9.0000e+05	 1.0550e+04	 3.3817e+00	 2.3201e-01	 3.3316e+02	 1.0630e+04
 1.0000e+02	 1.0627e+04	 5.9186e+00	 9.6162e-02	 3.3316e+02	 1.0637e+04
 1.5000e+02	 1.0627e+04	 5.8973e+00	 1.0925e-01	 3.3315e+02	 1.0640e+04
 2.2500e+02	 1.0627e+04	 5.8701e+00	 1.2778e-01	 3.3315e+02	 1.0642e+04
 3.3750e+02	 1.0627e+04	 5.8404e+00	 1.4897e-01	 3.3315e+02	 1.0645e+04
 5.0625e+02	 1.0627e+04	 5.8053e+00	 1.7477e-01	 3.3315e+02	 1.0647e+04
 7.5938e+02	 1.0627e+04	 5.7645e+00	 2.0584e-01	 3.3314e+02	 1.0650e+04
 1.1391e+03	 1.0627e+04	 5.7159e+00	 2.4394e-01	 3.3315e+02	 1.0652e+04
 1.7086e+03	 1.0627e+04	 5.6576e+00	 2.8909e-01	 3.3315e+02	 1.0655e+04
 2.5629e+03	 1.0627e+04	 5.5871e+00	 3.4344e-01	 3.3315e+02	 1.0658e+04
 3.8443e+03	 1.0627e+04	 5.5011e+00	 4.0685e-01	 3.3314e+02	 1.0660e+04
 5.7665e+03	 1.0627e+04	 5.3956e+00	 4.7938e-01	 3.3314e+02	 1.0663e+04
 8.6498e+03	 1.0627e+04	 5.2655e+00	 5.5919e-01	 3.3315e+02	 1.0666e+04
 1.2975e+04	 1.0627e+04	 5.1059e+00	 6.4148e-01	 3.3314e+02	 1.0668e+04
 1.9462e+04	 1.0627e+04	 4.9122e+00	 7.1716e-01	 3.3314e+02	 1.0671e+04
 2.9193e+04	 1.0627e+04	 4.6861e+00	 7.7160e-01	 3.3314e+02	 1.0673e+04
 4.3789e+04	 1.0627e+04	 4.4479e+00	 7.8983e-01	 3.3314e+02	 1.0676e+04
 6.5684e+04	 1.0627e+04	 4.2014e+00	 7.6339e-01	 3.3314e+02	 1.0678e+04
 9.8526e+04	 1.0627e+04	 3.9795e+00	 6.9868e-01	 3.3314e+02	 1.0681e+04
 1.4779e+05	 1.0627e+04	 3.7965e+00	 6.1433e-01	 3.3314e+02	 1.0683e+04
 2.2168e+05	 1.0627e+04	 3.6433e+00	 5.2868e-01	 3.3315e+02	 1.0686e+04
 3.3253e+05	 1.0627e+04	 3.5290e+00	 4.5489e-01	 3.3315e+02	 1.0688e+04
 4.9879e+05	 1.0627e+04	 3.4348e+00	 3.9562e-01	 3.3315e+02	 1.0691e+04
 7.4818e+05	 1.0627e+04	 3.4100e+00	 2.5644e-01	 3.3316e+02	 1.0699e+04
 9.0000e+05	 1.0627e+04	 3.3812e+00	 2.2990e-01	 3.3316e+02	 1.0706e+04
 1.0000e+02	 1.0704e+04	 5.9178e+00	 9.6388e-02	 3.3316e+02	 1.0715e+04
 1.5000e+02	 1.0704e+04	 5.8953e+00	 1.1093e-01	 3.3316e+02	 1.0717e+04
 2.2500e+02	 1.0704e+04	 5.8692e+00	 1.2801e-01	 3.3316e+02	 1.0720e+04
 3.3750e+02	 1.0704e+04	 5.8394e+00	 1.4916e-01	 3.3316e+02	 1.0722e+04
 5.0625e+02	 1.0704e+04	 5.8046e+00	 1.7501e-01	 3.3316e+02	 1.0725e+04
 7.5938e+02	 1.0704e+04	 5.7634e+00	 2.0630e-01	 3.3316e+02	 1.0727e+04
 1.1391e+03	 1.0704e+04	 5.7148e+00	 2.4415e-01	 3.3316e+02	 1.0730e+04
 1.7086e+03	 1.0704e+04	 5.6562e+00	 2.8941e-01	 3.3316e+02	 1.0732e+04
 2.5629e+03	 1.0704e+04	 5.5858e+00	 3.4371e-01	 3.3316e+02	 1.0735e+04
 3.8443e+03	 1.0704e+04	 5.4997e+00	 4.0695e-01	 3.3316e+02	 1.0738e+04
 5.7665e+03	 1.0704e+04	 5.3941e+00	 4.7949e-01	 3.3316e+02	 1.0740e+04
 8.6498e+03	 1.0704e+04	 5.2639e+00	 5.5924e-01	 3.3315e+02	 1.0743e+04
 1.2975e+04	 1.0704e+04	 5.1043e+00	 6.4140e-01	 3.3316e+02	 1.0746e+04
 1.9462e+04	 1.0704e+04	 4.9109e+00	 7.1679e-01	 3.3315e+02	 1.0748e+04
 2.9193e+04	 1.0704e+04	 4.6847e+00	 7.7111e-01	 3.3315e+02	 1.0751e+04
 4.3789e+04	 1.0704e+04	 4.4467e+00	 7.8926e-01	 3.3315e+02	 1.0753e+04
 6.5684e+04	 1.0704e+04	 4.2005e+00	 7.6289e-01	 3.3315e+02	 1.0756e+04
 9.8526e+04	 1.0704e+04	 3.9785e+00	 6.9825e-01	 3.3316e+02	 1.0758e+04
 1.4779e+05	 1.0704e+04	 3.7956e+00	 6.1383e-01	 3.3315e+02	 1.0761e+04
 2.2168e+05	 1.0704e+04	 3.6425e+00	 5.2841e-01	 3.3315e+02	 1.0763e+04
 3.3253e+05	 1.0704e+04	 3.5281e+00	 4.5467e-01	 3.3315e+02	 1.0766e+04
 4.9879e+05	 1.0704e+04	 3.4340e+00	 3.9549e-01	 3.3315e+02	 1.0768e+04
 7.4818e+05	 1.0704e+04	 3.4092e+00	 2.5616e-01	 3.3315e+02	 1.0776e+04