PEI 25 kg/mol, 2 mg/ml from Ethanol on B 10 x 15 mm + H 1x1 mm, 70 nm, 30 µm, 80°C Absorption, 4.5.2026, 12:4
Diameter[mm] 1.128e+00  Thickness[mm] 1.000e-04  Spacer Capacity[pF] 0.000e+00  Spacer Area[mm^2] 0.000e+00
Fixed value(s) :  AC Volt  [Vrms]=1.000
 Freq. [Hz]	 Time  [s]	 Eps'   	 Eps''  	M Temp [K]	M Time M[s]
 1.0000e+02	 0.0000e+00	 6.4741e+00	 2.3323e-01	 3.5315e+02	 7.8300e+00
 1.5000e+02	 0.0000e+00	 6.4246e+00	 2.0642e-01	 3.5314e+02	 1.0330e+01
 2.2500e+02	 0.0000e+00	 6.3821e+00	 1.8672e-01	 3.5314e+02	 1.3000e+01
 3.3750e+02	 0.0000e+00	 6.3443e+00	 1.7007e-01	 3.5314e+02	 1.5570e+01
 5.0625e+02	 0.0000e+00	 6.3110e+00	 1.5789e-01	 3.5314e+02	 1.8270e+01
 7.5938e+02	 0.0000e+00	 6.2811e+00	 1.5098e-01	 3.5315e+02	 2.0820e+01
 1.1391e+03	 0.0000e+00	 6.2532e+00	 1.4991e-01	 3.5314e+02	 2.5940e+01
 1.7086e+03	 0.0000e+00	 6.2271e+00	 1.5605e-01	 3.5314e+02	 2.8380e+01
 2.5629e+03	 0.0000e+00	 6.2003e+00	 1.7126e-01	 3.5315e+02	 3.1070e+01
 3.8443e+03	 0.0000e+00	 6.1714e+00	 1.9771e-01	 3.5315e+02	 3.3570e+01
 5.7665e+03	 0.0000e+00	 6.1380e+00	 2.3841e-01	 3.5315e+02	 3.6320e+01
 8.6498e+03	 0.0000e+00	 6.0953e+00	 2.9715e-01	 3.5315e+02	 3.8880e+01
 1.2975e+04	 0.0000e+00	 6.0378e+00	 3.7762e-01	 3.5315e+02	 4.1600e+01
 1.9462e+04	 0.0000e+00	 5.9571e+00	 4.8312e-01	 3.5315e+02	 4.4130e+01
 2.9193e+04	 0.0000e+00	 5.8382e+00	 6.1310e-01	 3.5315e+02	 4.6570e+01
 4.3789e+04	 0.0000e+00	 5.6668e+00	 7.6179e-01	 3.5315e+02	 4.9250e+01
 6.5684e+04	 0.0000e+00	 5.4286e+00	 9.0808e-01	 3.5315e+02	 5.1690e+01
 9.8526e+04	 0.0000e+00	 5.1214e+00	 1.0186e+00	 3.5315e+02	 5.4350e+01
 1.4779e+05	 0.0000e+00	 4.7686e+00	 1.0570e+00	 3.5315e+02	 5.9320e+01
 2.2168e+05	 0.0000e+00	 4.4423e+00	 1.0125e+00	 3.5315e+02	 6.2000e+01
 3.3253e+05	 0.0000e+00	 4.1390e+00	 8.9030e-01	 3.5315e+02	 6.4570e+01
 4.9879e+05	 0.0000e+00	-4.4983e+00	 5.0775e+01	 3.5316e+02	 6.7490e+01
 7.4818e+05	 0.0000e+00	 3.7899e+00	 4.8856e-01	 3.5315e+02	 7.3880e+01
 9.0000e+05	 0.0000e+00	 3.7429e+00	 4.1965e-01	 3.5316e+02	 8.1630e+01
 1.0000e+02	 7.8800e+01	 6.4742e+00	 2.3330e-01	 3.5315e+02	 8.9710e+01
 1.5000e+02	 7.8800e+01	 6.4267e+00	 2.0844e-01	 3.5315e+02	 9.2140e+01
 2.2500e+02	 7.8800e+01	 6.3823e+00	 1.8694e-01	 3.5315e+02	 9.5000e+01
 3.3750e+02	 7.8800e+01	 6.3445e+00	 1.7007e-01	 3.5315e+02	 9.7580e+01
 5.0625e+02	 7.8800e+01	 6.3109e+00	 1.5798e-01	 3.5315e+02	 1.0033e+02
 7.5938e+02	 7.8800e+01	 6.2809e+00	 1.5066e-01	 3.5315e+02	 1.0288e+02
 1.1391e+03	 7.8800e+01	 6.2530e+00	 1.4982e-01	 3.5316e+02	 1.0800e+02
 1.7086e+03	 7.8800e+01	 6.2267e+00	 1.5599e-01	 3.5315e+02	 1.1082e+02
 2.5629e+03	 7.8800e+01	 6.1999e+00	 1.7125e-01	 3.5316e+02	 1.1338e+02
 3.8443e+03	 7.8800e+01	 6.1711e+00	 1.9786e-01	 3.5315e+02	 1.1608e+02
 5.7665e+03	 7.8800e+01	 6.1378e+00	 2.3866e-01	 3.5315e+02	 1.1857e+02
 8.6498e+03	 7.8800e+01	 6.0951e+00	 2.9718e-01	 3.5316e+02	 1.2135e+02
 1.2975e+04	 7.8800e+01	 6.0375e+00	 3.7752e-01	 3.5315e+02	 1.2394e+02
 1.9462e+04	 7.8800e+01	 5.9565e+00	 4.8296e-01	 3.5314e+02	 1.2644e+02
 2.9193e+04	 7.8800e+01	 5.8378e+00	 6.1313e-01	 3.5314e+02	 1.2913e+02
 4.3789e+04	 7.8800e+01	 5.6666e+00	 7.6182e-01	 3.5314e+02	 1.3157e+02
 6.5684e+04	 7.8800e+01	 5.4281e+00	 9.0810e-01	 3.5315e+02	 1.3432e+02
 9.8526e+04	 7.8800e+01	 5.1210e+00	 1.0186e+00	 3.5314e+02	 1.3688e+02
 1.4779e+05	 7.8800e+01	 4.7682e+00	 1.0568e+00	 3.5315e+02	 1.4200e+02
 2.2168e+05	 7.8800e+01	 4.4419e+00	 1.0123e+00	 3.5315e+02	 1.4452e+02
 3.3253e+05	 7.8800e+01	 4.1388e+00	 8.9017e-01	 3.5315e+02	 1.4732e+02
 4.9879e+05	 7.8800e+01	-4.4964e+00	 5.0772e+01	 3.5315e+02	 1.5030e+02
 7.4818e+05	 7.8800e+01	 3.7892e+00	 4.9139e-01	 3.5315e+02	 1.5675e+02
 9.0000e+05	 7.8800e+01	 3.7420e+00	 4.2443e-01	 3.5315e+02	 1.6432e+02
 1.0000e+02	 1.6150e+02	 6.4737e+00	 2.3299e-01	 3.5314e+02	 1.7258e+02
 1.5000e+02	 1.6150e+02	 6.4248e+00	 2.0654e-01	 3.5315e+02	 1.7525e+02
 2.2500e+02	 1.6150e+02	 6.3817e+00	 1.8678e-01	 3.5315e+02	 1.7796e+02
 3.3750e+02	 1.6150e+02	 6.3441e+00	 1.7015e-01	 3.5315e+02	 1.8082e+02
 5.0625e+02	 1.6150e+02	 6.3106e+00	 1.5804e-01	 3.5315e+02	 1.8338e+02
 7.5938e+02	 1.6150e+02	 6.2807e+00	 1.5108e-01	 3.5315e+02	 1.8610e+02
 1.1391e+03	 1.6150e+02	 6.2531e+00	 1.5035e-01	 3.5315e+02	 1.9107e+02
 1.7086e+03	 1.6150e+02	 6.2266e+00	 1.5619e-01	 3.5315e+02	 1.9350e+02
 2.5629e+03	 1.6150e+02	 6.2001e+00	 1.7134e-01	 3.5315e+02	 1.9607e+02
 3.8443e+03	 1.6150e+02	 6.1711e+00	 1.9797e-01	 3.5315e+02	 1.9882e+02
 5.7665e+03	 1.6150e+02	 6.1377e+00	 2.3864e-01	 3.5315e+02	 2.0125e+02
 8.6498e+03	 1.6150e+02	 6.0948e+00	 2.9711e-01	 3.5314e+02	 2.0382e+02
 1.2975e+04	 1.6150e+02	 6.0372e+00	 3.7768e-01	 3.5314e+02	 2.0644e+02
 1.9462e+04	 1.6150e+02	 5.9561e+00	 4.8310e-01	 3.5314e+02	 2.0888e+02
 2.9193e+04	 1.6150e+02	 5.8372e+00	 6.1320e-01	 3.5315e+02	 2.1160e+02
 4.3789e+04	 1.6150e+02	 5.6662e+00	 7.6164e-01	 3.5314e+02	 2.1407e+02
 6.5684e+04	 1.6150e+02	 5.4277e+00	 9.0803e-01	 3.5315e+02	 2.1650e+02
 9.8526e+04	 1.6150e+02	 5.1205e+00	 1.0183e+00	 3.5315e+02	 2.1925e+02
 1.4779e+05	 1.6150e+02	 4.7679e+00	 1.0568e+00	 3.5315e+02	 2.2457e+02
 2.2168e+05	 1.6150e+02	 4.4417e+00	 1.0123e+00	 3.5314e+02	 2.2700e+02
 3.3253e+05	 1.6150e+02	 4.1385e+00	 8.8996e-01	 3.5315e+02	 2.2985e+02
 4.9879e+05	 1.6150e+02	-4.4969e+00	 5.0772e+01	 3.5315e+02	 2.3255e+02
 7.4818e+05	 1.6150e+02	 3.7888e+00	 4.9325e-01	 3.5315e+02	 2.3907e+02
 9.0000e+05	 1.6150e+02	 3.7416e+00	 4.2559e-01	 3.5314e+02	 2.4654e+02
 1.0000e+02	 2.4390e+02	 6.4738e+00	 2.3336e-01	 3.5315e+02	 2.5458e+02
 1.5000e+02	 2.4390e+02	 6.4252e+00	 2.0734e-01	 3.5315e+02	 2.5735e+02
 2.2500e+02	 2.4390e+02	 6.3815e+00	 1.8671e-01	 3.5315e+02	 2.5983e+02
 3.3750e+02	 2.4390e+02	 6.3437e+00	 1.7005e-01	 3.5315e+02	 2.6275e+02
 5.0625e+02	 2.4390e+02	 6.3103e+00	 1.5803e-01	 3.5314e+02	 2.6519e+02
 7.5938e+02	 2.4390e+02	 6.2804e+00	 1.5093e-01	 3.5315e+02	 2.6777e+02
 1.1391e+03	 2.4390e+02	 6.2526e+00	 1.4997e-01	 3.5314e+02	 2.7332e+02
 1.7086e+03	 2.4390e+02	 6.2264e+00	 1.5621e-01	 3.5314e+02	 2.7588e+02
 2.5629e+03	 2.4390e+02	 6.1995e+00	 1.7159e-01	 3.5314e+02	 2.7860e+02
 3.8443e+03	 2.4390e+02	 6.1707e+00	 1.9802e-01	 3.5314e+02	 2.8113e+02
 5.7665e+03	 2.4390e+02	 6.1371e+00	 2.3892e-01	 3.5314e+02	 2.8357e+02
 8.6498e+03	 2.4390e+02	 6.0943e+00	 2.9751e-01	 3.5315e+02	 2.8632e+02
 1.2975e+04	 2.4390e+02	 6.0367e+00	 3.7792e-01	 3.5314e+02	 2.8888e+02
 1.9462e+04	 2.4390e+02	 5.9556e+00	 4.8343e-01	 3.5314e+02	 2.9150e+02
 2.9193e+04	 2.4390e+02	 5.8366e+00	 6.1359e-01	 3.5314e+02	 2.9400e+02
 4.3789e+04	 2.4390e+02	 5.6654e+00	 7.6200e-01	 3.5315e+02	 2.9644e+02
 6.5684e+04	 2.4390e+02	 5.4268e+00	 9.0795e-01	 3.5315e+02	 2.9900e+02
 9.8526e+04	 2.4390e+02	 5.1196e+00	 1.0184e+00	 3.5315e+02	 3.0161e+02
 1.4779e+05	 2.4390e+02	 4.7672e+00	 1.0566e+00	 3.5315e+02	 3.0677e+02
 2.2168e+05	 2.4390e+02	 4.4411e+00	 1.0119e+00	 3.5315e+02	 3.0950e+02
 3.3253e+05	 2.4390e+02	 4.1381e+00	 8.8976e-01	 3.5316e+02	 3.1207e+02
 4.9879e+05	 2.4390e+02	-4.4945e+00	 5.0767e+01	 3.5316e+02	 3.1499e+02
 7.4818e+05	 2.4390e+02	 3.7885e+00	 4.9305e-01	 3.5316e+02	 3.2150e+02
 9.0000e+05	 2.4390e+02	 3.7417e+00	 4.2508e-01	 3.5316e+02	 3.2975e+02
 1.0000e+02	 3.2690e+02	 6.4737e+00	 2.3333e-01	 3.5316e+02	 3.3752e+02
 1.5000e+02	 3.2690e+02	 6.4241e+00	 2.0933e-01	 3.5316e+02	 3.4032e+02
 2.2500e+02	 3.2690e+02	 6.3814e+00	 1.8685e-01	 3.5316e+02	 3.4275e+02
 3.3750e+02	 3.2690e+02	 6.3437e+00	 1.7008e-01	 3.5316e+02	 3.4557e+02
 5.0625e+02	 3.2690e+02	 6.3101e+00	 1.5783e-01	 3.5315e+02	 3.4802e+02
 7.5938e+02	 3.2690e+02	 6.2800e+00	 1.5079e-01	 3.5315e+02	 3.5057e+02
 1.1391e+03	 3.2690e+02	 6.2524e+00	 1.4974e-01	 3.5314e+02	 3.5557e+02
 1.7086e+03	 3.2690e+02	 6.2261e+00	 1.5635e-01	 3.5314e+02	 3.5802e+02
 2.5629e+03	 3.2690e+02	 6.1993e+00	 1.7154e-01	 3.5313e+02	 3.6075e+02
 3.8443e+03	 3.2690e+02	 6.1705e+00	 1.9818e-01	 3.5312e+02	 3.6319e+02
 5.7665e+03	 3.2690e+02	 6.1366e+00	 2.3895e-01	 3.5309e+02	 3.6569e+02
 8.6498e+03	 3.2690e+02	 6.0939e+00	 2.9789e-01	 3.5308e+02	 3.6827e+02
 1.2975e+04	 3.2690e+02	 6.0357e+00	 3.7853e-01	 3.5307e+02	 3.7100e+02
 1.9462e+04	 3.2690e+02	 5.9544e+00	 4.8430e-01	 3.5306e+02	 3.7344e+02
 2.9193e+04	 3.2690e+02	 5.8350e+00	 6.1457e-01	 3.5306e+02	 3.7625e+02
 4.3789e+04	 3.2690e+02	 5.6630e+00	 7.6313e-01	 3.5306e+02	 3.7869e+02
 6.5684e+04	 3.2690e+02	 5.4240e+00	 9.0881e-01	 3.5306e+02	 3.8113e+02
 9.8526e+04	 3.2690e+02	 5.1167e+00	 1.0186e+00	 3.5306e+02	 3.8369e+02
 1.4779e+05	 3.2690e+02	 4.7641e+00	 1.0561e+00	 3.5308e+02	 3.8900e+02
 2.2168e+05	 3.2690e+02	 4.4383e+00	 1.0109e+00	 3.5309e+02	 3.9152e+02
 3.3253e+05	 3.2690e+02	 4.1361e+00	 8.8844e-01	 3.5310e+02	 3.9446e+02
 4.9879e+05	 3.2690e+02	-4.4830e+00	 5.0752e+01	 3.5312e+02	 3.9732e+02
 7.4818e+05	 3.2690e+02	 3.7882e+00	 4.9156e-01	 3.5313e+02	 4.0383e+02
 9.0000e+05	 3.2690e+02	 3.7413e+00	 4.2501e-01	 3.5316e+02	 4.1144e+02
 1.0000e+02	 4.0860e+02	 6.4733e+00	 2.3329e-01	 3.5318e+02	 4.1933e+02
 1.5000e+02	 4.0860e+02	 6.4222e+00	 2.0837e-01	 3.5318e+02	 4.2196e+02
 2.2500e+02	 4.0860e+02	 6.3814e+00	 1.8692e-01	 3.5319e+02	 4.2439e+02
 3.3750e+02	 4.0860e+02	 6.3439e+00	 1.7014e-01	 3.5320e+02	 4.2710e+02
 5.0625e+02	 4.0860e+02	 6.3101e+00	 1.5795e-01	 3.5320e+02	 4.2957e+02
 7.5938e+02	 4.0860e+02	 6.2803e+00	 1.5087e-01	 3.5319e+02	 4.3213e+02
 1.1391e+03	 4.0860e+02	 6.2527e+00	 1.4991e-01	 3.5318e+02	 4.3707e+02
 1.7086e+03	 4.0860e+02	 6.2261e+00	 1.5611e-01	 3.5318e+02	 4.3983e+02
 2.5629e+03	 4.0860e+02	 6.1902e+00	 1.6731e-01	 3.5318e+02	 4.4238e+02
 3.8443e+03	 4.0860e+02	 6.1356e+00	 1.8042e-01	 3.5317e+02	 4.4507e+02
 5.7665e+03	 4.0860e+02	 6.0751e+00	 2.0835e-01	 3.5317e+02	 4.4750e+02
 8.6498e+03	 4.0860e+02	 6.0304e+00	 2.7370e-01	 3.5317e+02	 4.5007e+02
 1.2975e+04	 4.0860e+02	 5.9700e+00	 3.5830e-01	 3.5317e+02	 4.5275e+02
 1.9462e+04	 4.0860e+02	 5.8841e+00	 4.6427e-01	 3.5317e+02	 4.5519e+02
 2.9193e+04	 4.0860e+02	 5.7619e+00	 5.8867e-01	 3.5317e+02	 4.5800e+02
 4.3789e+04	 4.0860e+02	 5.5897e+00	 7.2058e-01	 3.5316e+02	 4.6046e+02
 6.5684e+04	 4.0860e+02	 5.3617e+00	 8.4201e-01	 3.5316e+02	 4.6288e+02
 9.8526e+04	 4.0860e+02	 5.0846e+00	 9.2742e-01	 3.5316e+02	 4.6557e+02
 1.4779e+05	 4.0860e+02	 4.7815e+00	 9.5629e-01	 3.5316e+02	 4.7085e+02
 2.2168e+05	 4.0860e+02	 4.5010e+00	 9.3006e-01	 3.5316e+02	 4.7338e+02
 3.3253e+05	 4.0860e+02	 4.2250e+00	 8.4381e-01	 3.5316e+02	 4.7605e+02
 4.9879e+05	 4.0860e+02	-4.2895e+00	 5.1937e+01	 3.5316e+02	 4.7880e+02
 7.4818e+05	 4.0860e+02	 3.8739e+00	 5.1381e-01	 3.5315e+02	 4.8532e+02
 9.0000e+05	 4.0860e+02	 3.8215e+00	 4.6064e-01	 3.5313e+02	 4.9307e+02
 1.0000e+02	 4.9020e+02	 6.1849e+00	 5.6800e-02	 3.5311e+02	 5.0083e+02
 1.5000e+02	 4.9020e+02	 6.1748e+00	 5.7050e-02	 3.5310e+02	 5.0355e+02
 2.2500e+02	 4.9020e+02	 6.1607e+00	 5.6373e-02	 3.5311e+02	 5.0602e+02
 3.3750e+02	 4.9020e+02	 6.1488e+00	 5.9753e-02	 3.5311e+02	 5.0857e+02
 5.0625e+02	 4.9020e+02	 6.1360e+00	 6.5693e-02	 3.5310e+02	 5.1119e+02
 7.5938e+02	 4.9020e+02	 6.1220e+00	 7.4549e-02	 3.5311e+02	 5.1375e+02
 1.1391e+03	 4.9020e+02	 6.1053e+00	 8.7441e-02	 3.5311e+02	 5.1900e+02
 1.7086e+03	 4.9020e+02	 6.0878e+00	 1.0538e-01	 3.5311e+02	 5.2177e+02
 2.5629e+03	 4.9020e+02	 6.0662e+00	 1.2949e-01	 3.5312e+02	 5.2438e+02
 3.8443e+03	 4.9020e+02	 6.0405e+00	 1.6157e-01	 3.5312e+02	 5.2719e+02
 5.7665e+03	 4.9020e+02	 6.0083e+00	 2.0405e-01	 3.5313e+02	 5.2969e+02
 8.6498e+03	 4.9020e+02	 5.9666e+00	 2.6005e-01	 3.5313e+02	 5.3235e+02
 1.2975e+04	 4.9020e+02	 5.9101e+00	 3.3235e-01	 3.5313e+02	 5.3494e+02
 1.9462e+04	 4.9020e+02	 5.8331e+00	 4.2363e-01	 3.5313e+02	 5.3738e+02
 2.9193e+04	 4.9020e+02	 5.7259e+00	 5.3326e-01	 3.5313e+02	 5.4000e+02
 4.3789e+04	 4.9020e+02	 5.5770e+00	 6.5580e-01	 3.5314e+02	 5.4244e+02
 6.5684e+04	 4.9020e+02	 5.3763e+00	 7.7786e-01	 3.5313e+02	 5.4510e+02
 9.8526e+04	 4.9020e+02	 5.1224e+00	 8.7803e-01	 3.5313e+02	 5.4769e+02
 1.4779e+05	 4.9020e+02	 4.8278e+00	 9.3109e-01	 3.5314e+02	 5.5275e+02
 2.2168e+05	 4.9020e+02	 4.5199e+00	 9.2059e-01	 3.5314e+02	 5.5532e+02
 3.3253e+05	 4.9020e+02	 4.2600e+00	 8.5285e-01	 3.5314e+02	 5.5800e+02
 4.9879e+05	 4.9020e+02	-4.4721e+00	 5.2260e+01	 3.5314e+02	 5.6068e+02
 7.4818e+05	 4.9020e+02	 3.8862e+00	 5.3465e-01	 3.5314e+02	 5.6707e+02
 9.0000e+05	 4.9020e+02	 3.8270e+00	 4.8011e-01	 3.5313e+02	 5.7494e+02
 1.0000e+02	 5.7210e+02	 6.1660e+00	 6.0583e-02	 3.5312e+02	 5.8282e+02
 1.5000e+02	 5.7210e+02	 6.1541e+00	 5.7552e-02	 3.5312e+02	 5.8550e+02
 2.2500e+02	 5.7210e+02	 6.1404e+00	 6.1618e-02	 3.5311e+02	 5.8796e+02
 3.3750e+02	 5.7210e+02	 6.1271e+00	 6.5424e-02	 3.5311e+02	 5.9075e+02
 5.0625e+02	 5.7210e+02	 6.1128e+00	 7.1833e-02	 3.5312e+02	 5.9319e+02
 7.5938e+02	 5.7210e+02	 6.0974e+00	 8.1352e-02	 3.5312e+02	 5.9605e+02
 1.1391e+03	 5.7210e+02	 6.0793e+00	 9.4898e-02	 3.5312e+02	 6.0135e+02
 1.7086e+03	 5.7210e+02	 6.0592e+00	 1.1239e-01	 3.5312e+02	 6.0382e+02
 2.5629e+03	 5.7210e+02	 6.0356e+00	 1.3596e-01	 3.5313e+02	 6.0638e+02
 3.8443e+03	 5.7210e+02	 6.0074e+00	 1.6716e-01	 3.5313e+02	 6.0907e+02
 5.7665e+03	 5.7210e+02	 5.9732e+00	 2.0766e-01	 3.5314e+02	 6.1150e+02
 8.6498e+03	 5.7210e+02	 5.9287e+00	 2.6048e-01	 3.5314e+02	 6.1407e+02
 1.2975e+04	 5.7210e+02	 5.8720e+00	 3.2827e-01	 3.5314e+02	 6.1669e+02
 1.9462e+04	 5.7210e+02	 5.7963e+00	 4.1369e-01	 3.5315e+02	 6.1935e+02
 2.9193e+04	 5.7210e+02	 5.6929e+00	 5.1732e-01	 3.5316e+02	 6.2194e+02
 4.3789e+04	 5.7210e+02	 5.5508e+00	 6.3516e-01	 3.5316e+02	 6.2438e+02
 6.5684e+04	 5.7210e+02	 5.3596e+00	 7.5621e-01	 3.5316e+02	 6.2700e+02
 9.8526e+04	 5.7210e+02	 5.1141e+00	 8.5964e-01	 3.5317e+02	 6.2957e+02
 1.4779e+05	 5.7210e+02	 4.8238e+00	 9.1864e-01	 3.5317e+02	 6.3482e+02
 2.2168e+05	 5.7210e+02	 4.5179e+00	 9.1415e-01	 3.5318e+02	 6.3754e+02
 3.3253e+05	 5.7210e+02	 4.2577e+00	 8.5123e-01	 3.5318e+02	 6.4013e+02
 4.9879e+05	 5.7210e+02	-4.5051e+00	 5.2214e+01	 3.5319e+02	 6.4305e+02
 7.4818e+05	 5.7210e+02	 3.8802e+00	 5.4026e-01	 3.5320e+02	 6.4944e+02
 9.0000e+05	 5.7210e+02	 3.8188e+00	 4.8709e-01	 3.5319e+02	 6.5700e+02
 1.0000e+02	 6.5420e+02	 6.1531e+00	 6.4159e-02	 3.5319e+02	 6.6507e+02
 1.5000e+02	 6.5420e+02	 6.1391e+00	 6.3872e-02	 3.5319e+02	 6.6752e+02
 2.2500e+02	 6.5420e+02	 6.1253e+00	 6.6097e-02	 3.5319e+02	 6.6996e+02
 3.3750e+02	 6.5420e+02	 6.1108e+00	 7.0218e-02	 3.5318e+02	 6.7275e+02
 5.0625e+02	 6.5420e+02	 6.0952e+00	 7.7142e-02	 3.5319e+02	 6.7519e+02
 7.5938e+02	 6.5420e+02	 6.0785e+00	 8.7096e-02	 3.5318e+02	 6.7797e+02
 1.1391e+03	 6.5420e+02	 6.0587e+00	 1.0055e-01	 3.5318e+02	 6.8294e+02
 1.7086e+03	 6.5420e+02	 6.0373e+00	 1.1899e-01	 3.5318e+02	 6.8557e+02
 2.5629e+03	 6.5420e+02	 6.0116e+00	 1.4281e-01	 3.5318e+02	 6.8813e+02
 3.8443e+03	 6.5420e+02	 5.9811e+00	 1.7350e-01	 3.5317e+02	 6.9094e+02
 5.7665e+03	 6.5420e+02	 5.9435e+00	 2.1338e-01	 3.5317e+02	 6.9338e+02
 8.6498e+03	 6.5420e+02	 5.8976e+00	 2.6473e-01	 3.5318e+02	 6.9610e+02
 1.2975e+04	 6.5420e+02	 5.8391e+00	 3.3020e-01	 3.5317e+02	 6.9869e+02
 1.9462e+04	 6.5420e+02	 5.7620e+00	 4.1232e-01	 3.5317e+02	 7.0149e+02
 2.9193e+04	 6.5420e+02	 5.6591e+00	 5.1202e-01	 3.5317e+02	 7.0407e+02
 4.3789e+04	 6.5420e+02	 5.5194e+00	 6.2606e-01	 3.5317e+02	 7.0682e+02
 6.5684e+04	 6.5420e+02	 5.3318e+00	 7.4473e-01	 3.5317e+02	 7.0932e+02
 9.8526e+04	 6.5420e+02	 5.0908e+00	 8.4769e-01	 3.5316e+02	 7.1211e+02
 1.4779e+05	 6.5420e+02	 4.8041e+00	 9.0799e-01	 3.5316e+02	 7.1713e+02
 2.2168e+05	 6.5420e+02	 4.5260e+00	 9.1017e-01	 3.5315e+02	 7.1975e+02
 3.3253e+05	 6.5420e+02	 4.2431e+00	 8.4452e-01	 3.5315e+02	 7.2232e+02
 4.9879e+05	 6.5420e+02	-4.4672e+00	 5.2040e+01	 3.5314e+02	 7.2530e+02
 7.4818e+05	 6.5420e+02	 3.8669e+00	 5.3818e-01	 3.5314e+02	 7.3175e+02
 9.0000e+05	 6.5420e+02	 3.8055e+00	 4.8520e-01	 3.5315e+02	 7.3983e+02
 1.0000e+02	 7.3700e+02	 6.1409e+00	 6.7138e-02	 3.5314e+02	 7.4760e+02
 1.5000e+02	 7.3700e+02	 6.1273e+00	 6.7351e-02	 3.5314e+02	 7.5038e+02
 2.2500e+02	 7.3700e+02	 6.1116e+00	 6.9770e-02	 3.5313e+02	 7.5288e+02
 3.3750e+02	 7.3700e+02	 6.0963e+00	 7.4555e-02	 3.5313e+02	 7.5582e+02
 5.0625e+02	 7.3700e+02	 6.0796e+00	 8.2111e-02	 3.5313e+02	 7.5825e+02
 7.5938e+02	 7.3700e+02	 6.0614e+00	 9.2697e-02	 3.5313e+02	 7.6105e+02
 1.1391e+03	 7.3700e+02	 6.0401e+00	 1.0685e-01	 3.5313e+02	 7.6600e+02
 1.7086e+03	 7.3700e+02	 6.0170e+00	 1.2555e-01	 3.5312e+02	 7.6850e+02
 2.5629e+03	 7.3700e+02	 5.9894e+00	 1.4965e-01	 3.5312e+02	 7.7107e+02
 3.8443e+03	 7.3700e+02	 5.9566e+00	 1.8065e-01	 3.5313e+02	 7.7375e+02
 5.7665e+03	 7.3700e+02	 5.9170e+00	 2.2032e-01	 3.5313e+02	 7.7619e+02
 8.6498e+03	 7.3700e+02	 5.8688e+00	 2.7112e-01	 3.5313e+02	 7.7900e+02
 1.2975e+04	 7.3700e+02	 5.8078e+00	 3.3518e-01	 3.5314e+02	 7.8157e+02
 1.9462e+04	 7.3700e+02	 5.7293e+00	 4.1512e-01	 3.5313e+02	 7.8432e+02
 2.9193e+04	 7.3700e+02	 5.6252e+00	 5.1169e-01	 3.5313e+02	 7.8694e+02
 4.3789e+04	 7.3700e+02	 5.4861e+00	 6.2218e-01	 3.5314e+02	 7.8960e+02
 6.5684e+04	 7.3700e+02	 5.3009e+00	 7.3759e-01	 3.5314e+02	 7.9213e+02
 9.8526e+04	 7.3700e+02	 5.0635e+00	 8.3823e-01	 3.5314e+02	 7.9477e+02
 1.4779e+05	 7.3700e+02	 4.7809e+00	 8.9798e-01	 3.5315e+02	 7.9988e+02
 2.2168e+05	 7.3700e+02	 4.5064e+00	 9.0075e-01	 3.5315e+02	 8.0252e+02
 3.3253e+05	 7.3700e+02	 4.2268e+00	 8.3691e-01	 3.5315e+02	 8.0507e+02
 4.9879e+05	 7.3700e+02	-4.4176e+00	 5.1858e+01	 3.5315e+02	 8.0805e+02
 7.4818e+05	 7.3700e+02	 3.8537e+00	 5.3710e-01	 3.5316e+02	 8.1457e+02
 9.0000e+05	 7.3700e+02	 3.7924e+00	 4.8437e-01	 3.5316e+02	 8.2255e+02
 1.0000e+02	 8.1970e+02	 6.1309e+00	 6.9678e-02	 3.5316e+02	 8.3033e+02
 1.5000e+02	 8.1970e+02	 6.1160e+00	 7.0782e-02	 3.5316e+02	 8.3279e+02
 2.2500e+02	 8.1970e+02	 6.1003e+00	 7.3415e-02	 3.5316e+02	 8.3552e+02
 3.3750e+02	 8.1970e+02	 6.0840e+00	 7.8558e-02	 3.5316e+02	 8.3813e+02
 5.0625e+02	 8.1970e+02	 6.0666e+00	 8.6558e-02	 3.5316e+02	 8.4082e+02
 7.5938e+02	 8.1970e+02	 6.0470e+00	 9.7555e-02	 3.5316e+02	 8.4338e+02
 1.1391e+03	 8.1970e+02	 6.0246e+00	 1.1230e-01	 3.5314e+02	 8.4850e+02
 1.7086e+03	 8.1970e+02	 6.0000e+00	 1.3149e-01	 3.5315e+02	 8.5094e+02
 2.5629e+03	 8.1970e+02	 5.9707e+00	 1.5606e-01	 3.5316e+02	 8.5369e+02
 3.8443e+03	 8.1970e+02	 5.9356e+00	 1.8739e-01	 3.5317e+02	 8.5613e+02
 5.7665e+03	 8.1970e+02	 5.8942e+00	 2.2707e-01	 3.5316e+02	 8.5882e+02
 8.6498e+03	 8.1970e+02	 5.8436e+00	 2.7737e-01	 3.5316e+02	 8.6139e+02
 1.2975e+04	 8.1970e+02	 5.7801e+00	 3.4047e-01	 3.5317e+02	 8.6382e+02
 1.9462e+04	 8.1970e+02	 5.6995e+00	 4.1857e-01	 3.5316e+02	 8.6644e+02
 2.9193e+04	 8.1970e+02	 5.5942e+00	 5.1262e-01	 3.5316e+02	 8.6900e+02
 4.3789e+04	 8.1970e+02	 5.4547e+00	 6.1980e-01	 3.5315e+02	 8.7175e+02
 6.5684e+04	 8.1970e+02	 5.2708e+00	 7.3194e-01	 3.5315e+02	 8.7419e+02
 9.8526e+04	 8.1970e+02	 5.0362e+00	 8.3001e-01	 3.5315e+02	 8.7688e+02
 1.4779e+05	 8.1970e+02	 4.7569e+00	 8.8860e-01	 3.5315e+02	 8.8182e+02
 2.2168e+05	 8.1970e+02	 4.4862e+00	 8.9135e-01	 3.5315e+02	 8.8457e+02
 3.3253e+05	 8.1970e+02	 4.2096e+00	 8.2872e-01	 3.5315e+02	 8.8713e+02
 4.9879e+05	 8.1970e+02	-4.3547e+00	 5.1666e+01	 3.5315e+02	 8.8999e+02
 7.4818e+05	 8.1970e+02	 3.8402e+00	 5.3305e-01	 3.5316e+02	 8.9638e+02
 9.0000e+05	 8.1970e+02	 3.7792e+00	 4.8117e-01	 3.5315e+02	 9.0400e+02
 1.0000e+02	 9.0120e+02	 6.1216e+00	 7.2604e-02	 3.5315e+02	 9.1232e+02
 1.5000e+02	 9.0120e+02	 6.1051e+00	 7.4856e-02	 3.5315e+02	 9.1511e+02
 2.2500e+02	 9.0120e+02	 6.0897e+00	 7.6691e-02	 3.5315e+02	 9.1758e+02
 3.3750e+02	 9.0120e+02	 6.0726e+00	 8.2383e-02	 3.5315e+02	 9.2013e+02
 5.0625e+02	 9.0120e+02	 6.0541e+00	 9.1094e-02	 3.5314e+02	 9.2275e+02
 7.5938e+02	 9.0120e+02	 6.0336e+00	 1.0247e-01	 3.5315e+02	 9.2538e+02
 1.1391e+03	 9.0120e+02	 6.0100e+00	 1.1800e-01	 3.5314e+02	 9.3050e+02
 1.7086e+03	 9.0120e+02	 5.9838e+00	 1.3760e-01	 3.5314e+02	 9.3302e+02
 2.5629e+03	 9.0120e+02	 5.9523e+00	 1.6243e-01	 3.5314e+02	 9.3575e+02
 3.8443e+03	 9.0120e+02	 5.9157e+00	 1.9410e-01	 3.5313e+02	 9.3819e+02
 5.7665e+03	 9.0120e+02	 5.8722e+00	 2.3414e-01	 3.5312e+02	 9.4077e+02
 8.6498e+03	 9.0120e+02	 5.8193e+00	 2.8434e-01	 3.5312e+02	 9.4332e+02
 1.2975e+04	 9.0120e+02	 5.7530e+00	 3.4681e-01	 3.5312e+02	 9.4605e+02
 1.9462e+04	 9.0120e+02	 5.6701e+00	 4.2345e-01	 3.5312e+02	 9.4863e+02
 2.9193e+04	 9.0120e+02	 5.5628e+00	 5.1541e-01	 3.5312e+02	 9.5136e+02
 4.3789e+04	 9.0120e+02	 5.4225e+00	 6.1956e-01	 3.5313e+02	 9.5388e+02
 6.5684e+04	 9.0120e+02	 5.2391e+00	 7.2786e-01	 3.5312e+02	 9.5632e+02
 9.8526e+04	 9.0120e+02	 5.0068e+00	 8.2303e-01	 3.5312e+02	 9.5888e+02
 1.4779e+05	 9.0120e+02	 4.7312e+00	 8.7943e-01	 3.5313e+02	 9.6399e+02
 2.2168e+05	 9.0120e+02	 4.4645e+00	 8.8167e-01	 3.5313e+02	 9.6650e+02
 3.3253e+05	 9.0120e+02	 4.1918e+00	 8.2006e-01	 3.5313e+02	 9.6932e+02
 4.9879e+05	 9.0120e+02	-4.2857e+00	 5.1468e+01	 3.5314e+02	 9.7205e+02
 7.4818e+05	 9.0120e+02	 3.8268e+00	 5.2927e-01	 3.5315e+02	 9.7857e+02
 9.0000e+05	 9.0120e+02	 3.7673e+00	 4.7297e-01	 3.5316e+02	 9.8650e+02
 1.0000e+02	 9.8370e+02	 6.1136e+00	 7.4899e-02	 3.5317e+02	 9.9421e+02
 1.5000e+02	 9.8370e+02	 6.0963e+00	 7.6127e-02	 3.5316e+02	 9.9664e+02
 2.2500e+02	 9.8370e+02	 6.0804e+00	 7.9653e-02	 3.5317e+02	 9.9932e+02
 3.3750e+02	 9.8370e+02	 6.0625e+00	 8.5850e-02	 3.5317e+02	 1.0019e+03
 5.0625e+02	 9.8370e+02	 6.0429e+00	 9.4802e-02	 3.5318e+02	 1.0046e+03
 7.5938e+02	 9.8370e+02	 6.0216e+00	 1.0672e-01	 3.5317e+02	 1.0071e+03
 1.1391e+03	 9.8370e+02	 5.9970e+00	 1.2231e-01	 3.5318e+02	 1.0122e+03
 1.7086e+03	 9.8370e+02	 5.9694e+00	 1.4279e-01	 3.5318e+02	 1.0147e+03
 2.5629e+03	 9.8370e+02	 5.9365e+00	 1.6819e-01	 3.5317e+02	 1.0173e+03
 3.8443e+03	 9.8370e+02	 5.8983e+00	 2.0012e-01	 3.5317e+02	 1.0199e+03
 5.7665e+03	 9.8370e+02	 5.8528e+00	 2.4045e-01	 3.5318e+02	 1.0224e+03
 8.6498e+03	 9.8370e+02	 5.7976e+00	 2.9049e-01	 3.5317e+02	 1.0249e+03
 1.2975e+04	 9.8370e+02	 5.7293e+00	 3.5245e-01	 3.5316e+02	 1.0274e+03
 1.9462e+04	 9.8370e+02	 5.6442e+00	 4.2798e-01	 3.5316e+02	 1.0301e+03
 2.9193e+04	 9.8370e+02	 5.5352e+00	 5.1757e-01	 3.5316e+02	 1.0326e+03
 4.3789e+04	 9.8370e+02	 5.3939e+00	 6.1876e-01	 3.5316e+02	 1.0351e+03
 6.5684e+04	 9.8370e+02	 5.2112e+00	 7.2402e-01	 3.5314e+02	 1.0378e+03
 9.8526e+04	 9.8370e+02	 4.9807e+00	 8.1603e-01	 3.5315e+02	 1.0403e+03
 1.4779e+05	 9.8370e+02	 4.7083e+00	 8.7079e-01	 3.5314e+02	 1.0456e+03
 2.2168e+05	 9.8370e+02	 4.4451e+00	 8.7258e-01	 3.5315e+02	 1.0483e+03
 3.3253e+05	 9.8370e+02	 4.1757e+00	 8.1183e-01	 3.5314e+02	 1.0509e+03
 4.9879e+05	 9.8370e+02	-4.2181e+00	 5.1286e+01	 3.5315e+02	 1.0537e+03
 7.4818e+05	 9.8370e+02	 3.8147e+00	 5.2068e-01	 3.5315e+02	 1.0602e+03
 9.0000e+05	 9.8370e+02	 3.7553e+00	 4.6599e-01	 3.5314e+02	 1.0678e+03
 1.0000e+02	 1.0649e+03	 6.1060e+00	 7.7250e-02	 3.5315e+02	 1.0757e+03
 1.5000e+02	 1.0649e+03	 6.0886e+00	 7.7907e-02	 3.5315e+02	 1.0784e+03
 2.2500e+02	 1.0649e+03	 6.0711e+00	 8.2802e-02	 3.5314e+02	 1.0808e+03
 3.3750e+02	 1.0649e+03	 6.0525e+00	 8.9301e-02	 3.5315e+02	 1.0836e+03
 5.0625e+02	 1.0649e+03	 6.0323e+00	 9.8453e-02	 3.5314e+02	 1.0860e+03
 7.5938e+02	 1.0649e+03	 6.0096e+00	 1.1097e-01	 3.5314e+02	 1.0888e+03
 1.1391e+03	 1.0649e+03	 5.9840e+00	 1.2762e-01	 3.5314e+02	 1.0940e+03
 1.7086e+03	 1.0649e+03	 5.9544e+00	 1.4812e-01	 3.5315e+02	 1.0967e+03
 2.5629e+03	 1.0649e+03	 5.9205e+00	 1.7419e-01	 3.5315e+02	 1.0996e+03
 3.8443e+03	 1.0649e+03	 5.8807e+00	 2.0664e-01	 3.5315e+02	 1.1020e+03
 5.7665e+03	 1.0649e+03	 5.8333e+00	 2.4712e-01	 3.5315e+02	 1.1044e+03
 8.6498e+03	 1.0649e+03	 5.7760e+00	 2.9744e-01	 3.5315e+02	 1.1071e+03
 1.2975e+04	 1.0649e+03	 5.7054e+00	 3.5880e-01	 3.5315e+02	 1.1095e+03
 1.9462e+04	 1.0649e+03	 5.6179e+00	 4.3310e-01	 3.5315e+02	 1.1123e+03
 2.9193e+04	 1.0649e+03	 5.5068e+00	 5.2060e-01	 3.5315e+02	 1.1149e+03
 4.3789e+04	 1.0649e+03	 5.3647e+00	 6.1895e-01	 3.5315e+02	 1.1173e+03
 6.5684e+04	 1.0649e+03	 5.1824e+00	 7.2098e-01	 3.5316e+02	 1.1201e+03
 9.8526e+04	 1.0649e+03	 4.9539e+00	 8.0978e-01	 3.5315e+02	 1.1227e+03
 1.4779e+05	 1.0649e+03	 4.6849e+00	 8.6242e-01	 3.5315e+02	 1.1278e+03
 2.2168e+05	 1.0649e+03	 4.4254e+00	 8.6349e-01	 3.5315e+02	 1.1306e+03
 3.3253e+05	 1.0649e+03	 4.1593e+00	 8.0368e-01	 3.5315e+02	 1.1331e+03
 4.9879e+05	 1.0649e+03	-4.1471e+00	 5.1103e+01	 3.5314e+02	 1.1361e+03
 7.4818e+05	 1.0649e+03	 3.8029e+00	 5.1310e-01	 3.5314e+02	 1.1424e+03
 9.0000e+05	 1.0649e+03	 3.7433e+00	 4.6324e-01	 3.5314e+02	 1.1501e+03
 1.0000e+02	 1.1472e+03	 6.0985e+00	 7.9411e-02	 3.5315e+02	 1.1581e+03
 1.5000e+02	 1.1472e+03	 6.0810e+00	 8.0399e-02	 3.5315e+02	 1.1606e+03
 2.2500e+02	 1.1472e+03	 6.0627e+00	 8.5749e-02	 3.5315e+02	 1.1631e+03
 3.3750e+02	 1.1472e+03	 6.0434e+00	 9.2586e-02	 3.5315e+02	 1.1658e+03
 5.0625e+02	 1.1472e+03	 6.0222e+00	 1.0243e-01	 3.5315e+02	 1.1682e+03
 7.5938e+02	 1.1472e+03	 5.9988e+00	 1.1525e-01	 3.5315e+02	 1.1708e+03
 1.1391e+03	 1.1472e+03	 5.9719e+00	 1.3207e-01	 3.5315e+02	 1.1758e+03
 1.7086e+03	 1.1472e+03	 5.9411e+00	 1.5337e-01	 3.5315e+02	 1.1785e+03
 2.5629e+03	 1.1472e+03	 5.9059e+00	 1.7967e-01	 3.5316e+02	 1.1811e+03
 3.8443e+03	 1.1472e+03	 5.8644e+00	 2.1269e-01	 3.5316e+02	 1.1835e+03
 5.7665e+03	 1.1472e+03	 5.8152e+00	 2.5331e-01	 3.5316e+02	 1.1862e+03
 8.6498e+03	 1.1472e+03	 5.7559e+00	 3.0345e-01	 3.5317e+02	 1.1891e+03
 1.2975e+04	 1.1472e+03	 5.6832e+00	 3.6443e-01	 3.5317e+02	 1.1916e+03
 1.9462e+04	 1.1472e+03	 5.5935e+00	 4.3762e-01	 3.5317e+02	 1.1943e+03
 2.9193e+04	 1.1472e+03	 5.4807e+00	 5.2341e-01	 3.5317e+02	 1.1970e+03
 4.3789e+04	 1.1472e+03	 5.3376e+00	 6.1916e-01	 3.5317e+02	 1.1995e+03
 6.5684e+04	 1.1472e+03	 5.1553e+00	 7.1791e-01	 3.5317e+02	 1.2022e+03
 9.8526e+04	 1.1472e+03	 4.9287e+00	 8.0386e-01	 3.5317e+02	 1.2051e+03
 1.4779e+05	 1.1472e+03	 4.6629e+00	 8.5439e-01	 3.5317e+02	 1.2100e+03
 2.2168e+05	 1.1472e+03	 4.4069e+00	 8.5498e-01	 3.5317e+02	 1.2127e+03
 3.3253e+05	 1.1472e+03	 4.1441e+00	 7.9575e-01	 3.5316e+02	 1.2152e+03
 4.9879e+05	 1.1472e+03	-4.0819e+00	 5.0935e+01	 3.5316e+02	 1.2182e+03
 7.4818e+05	 1.1472e+03	 3.7920e+00	 5.0582e-01	 3.5316e+02	 1.2246e+03
 9.0000e+05	 1.1472e+03	 3.7330e+00	 4.5374e-01	 3.5315e+02	 1.2322e+03
 1.0000e+02	 1.2294e+03	 6.0914e+00	 8.1657e-02	 3.5314e+02	 1.2405e+03
 1.5000e+02	 1.2294e+03	 6.0727e+00	 8.2340e-02	 3.5313e+02	 1.2430e+03
 2.2500e+02	 1.2294e+03	 6.0545e+00	 8.8519e-02	 3.5313e+02	 1.2454e+03
 3.3750e+02	 1.2294e+03	 6.0344e+00	 9.5821e-02	 3.5312e+02	 1.2480e+03
 5.0625e+02	 1.2294e+03	 6.0123e+00	 1.0596e-01	 3.5311e+02	 1.2504e+03
 7.5938e+02	 1.2294e+03	 5.9879e+00	 1.1935e-01	 3.5311e+02	 1.2531e+03
 1.1391e+03	 1.2294e+03	 5.9596e+00	 1.3668e-01	 3.5309e+02	 1.2580e+03
 1.7086e+03	 1.2294e+03	 5.9273e+00	 1.5865e-01	 3.5308e+02	 1.2605e+03
 2.5629e+03	 1.2294e+03	 5.8908e+00	 1.8560e-01	 3.5306e+02	 1.2631e+03
 3.8443e+03	 1.2294e+03	 5.8475e+00	 2.1908e-01	 3.5307e+02	 1.2658e+03
 5.7665e+03	 1.2294e+03	 5.7962e+00	 2.6012e-01	 3.5307e+02	 1.2682e+03
 8.6498e+03	 1.2294e+03	 5.7347e+00	 3.1029e-01	 3.5307e+02	 1.2711e+03
 1.2975e+04	 1.2294e+03	 5.6595e+00	 3.7103e-01	 3.5308e+02	 1.2735e+03
 1.9462e+04	 1.2294e+03	 5.5677e+00	 4.4323e-01	 3.5309e+02	 1.2763e+03
 2.9193e+04	 1.2294e+03	 5.4531e+00	 5.2717e-01	 3.5310e+02	 1.2790e+03
 4.3789e+04	 1.2294e+03	 5.3088e+00	 6.2027e-01	 3.5311e+02	 1.2818e+03
 6.5684e+04	 1.2294e+03	 5.1269e+00	 7.1587e-01	 3.5312e+02	 1.2843e+03
 9.8526e+04	 1.2294e+03	 4.9020e+00	 7.9862e-01	 3.5313e+02	 1.2872e+03
 1.4779e+05	 1.2294e+03	 4.6398e+00	 8.4673e-01	 3.5314e+02	 1.2922e+03
 2.2168e+05	 1.2294e+03	 4.3876e+00	 8.4636e-01	 3.5315e+02	 1.2949e+03
 3.3253e+05	 1.2294e+03	 4.1287e+00	 7.8790e-01	 3.5316e+02	 1.2974e+03
 4.9879e+05	 1.2294e+03	-4.0161e+00	 5.0769e+01	 3.5316e+02	 1.3003e+03
 7.4818e+05	 1.2294e+03	 3.7821e+00	 4.9798e-01	 3.5317e+02	 1.3066e+03
 9.0000e+05	 1.2294e+03	 3.7236e+00	 4.4905e-01	 3.5320e+02	 1.3142e+03
 1.0000e+02	 1.3114e+03	 6.0858e+00	 8.3960e-02	 3.5320e+02	 1.3225e+03
 1.5000e+02	 1.3114e+03	 6.0661e+00	 8.5081e-02	 3.5320e+02	 1.3250e+03
 2.2500e+02	 1.3114e+03	 6.0478e+00	 9.1164e-02	 3.5321e+02	 1.3278e+03
 3.3750e+02	 1.3114e+03	 6.0271e+00	 9.8762e-02	 3.5321e+02	 1.3303e+03
 5.0625e+02	 1.3114e+03	 6.0044e+00	 1.0920e-01	 3.5320e+02	 1.3330e+03
 7.5938e+02	 1.3114e+03	 5.9790e+00	 1.2303e-01	 3.5320e+02	 1.3356e+03
 1.1391e+03	 1.3114e+03	 5.9503e+00	 1.4047e-01	 3.5321e+02	 1.3380e+03
 1.7086e+03	 1.3114e+03	 5.9173e+00	 1.6267e-01	 3.5320e+02	 1.3408e+03
 2.5629e+03	 1.3114e+03	 5.8794e+00	 1.8998e-01	 3.5320e+02	 1.3436e+03
 3.8443e+03	 1.3114e+03	 5.8347e+00	 2.2358e-01	 3.5319e+02	 1.3460e+03
 5.7665e+03	 1.3114e+03	 5.7820e+00	 2.6487e-01	 3.5319e+02	 1.3484e+03
 8.6498e+03	 1.3114e+03	 5.7187e+00	 3.1506e-01	 3.5319e+02	 1.3512e+03
 1.2975e+04	 1.3114e+03	 5.6419e+00	 3.7515e-01	 3.5319e+02	 1.3536e+03
 1.9462e+04	 1.3114e+03	 5.5482e+00	 4.4639e-01	 3.5318e+02	 1.3563e+03
 2.9193e+04	 1.3114e+03	 5.4320e+00	 5.2876e-01	 3.5319e+02	 1.3589e+03
 4.3789e+04	 1.3114e+03	 5.2870e+00	 6.1987e-01	 3.5318e+02	 1.3613e+03
 6.5684e+04	 1.3114e+03	 5.1047e+00	 7.1266e-01	 3.5318e+02	 1.3639e+03
 9.8526e+04	 1.3114e+03	 4.8812e+00	 7.9318e-01	 3.5317e+02	 1.3665e+03
 1.4779e+05	 1.3114e+03	 4.6206e+00	 8.3967e-01	 3.5318e+02	 1.3715e+03
 2.2168e+05	 1.3114e+03	 4.3711e+00	 8.3868e-01	 3.5317e+02	 1.3741e+03
 3.3253e+05	 1.3114e+03	 4.1147e+00	 7.8064e-01	 3.5317e+02	 1.3768e+03
 4.9879e+05	 1.3114e+03	-3.9508e+00	 5.0610e+01	 3.5316e+02	 1.3795e+03
 7.4818e+05	 1.3114e+03	 3.7718e+00	 4.8801e-01	 3.5316e+02	 1.3861e+03
 9.0000e+05	 1.3114e+03	 3.7132e+00	 4.4025e-01	 3.5314e+02	 1.3938e+03
 1.0000e+02	 1.3909e+03	 6.0790e+00	 8.5623e-02	 3.5314e+02	 1.4016e+03
 1.5000e+02	 1.3909e+03	 6.0610e+00	 8.9076e-02	 3.5314e+02	 1.4042e+03
 2.2500e+02	 1.3909e+03	 6.0398e+00	 9.3678e-02	 3.5314e+02	 1.4066e+03
 3.3750e+02	 1.3909e+03	 6.0185e+00	 1.0166e-01	 3.5315e+02	 1.4095e+03
 5.0625e+02	 1.3909e+03	 5.9951e+00	 1.1264e-01	 3.5315e+02	 1.4119e+03
 7.5938e+02	 1.3909e+03	 5.9689e+00	 1.2680e-01	 3.5315e+02	 1.4148e+03
 1.1391e+03	 1.3909e+03	 5.9392e+00	 1.4489e-01	 3.5315e+02	 1.4174e+03
 1.7086e+03	 1.3909e+03	 5.9048e+00	 1.6724e-01	 3.5315e+02	 1.4201e+03
 2.5629e+03	 1.3909e+03	 5.8658e+00	 1.9531e-01	 3.5315e+02	 1.4226e+03
 3.8443e+03	 1.3909e+03	 5.8197e+00	 2.2926e-01	 3.5315e+02	 1.4253e+03
 5.7665e+03	 1.3909e+03	 5.7652e+00	 2.7076e-01	 3.5315e+02	 1.4279e+03
 8.6498e+03	 1.3909e+03	 5.7001e+00	 3.2098e-01	 3.5316e+02	 1.4305e+03
 1.2975e+04	 1.3909e+03	 5.6211e+00	 3.8080e-01	 3.5314e+02	 1.4331e+03
 1.9462e+04	 1.3909e+03	 5.5254e+00	 4.5115e-01	 3.5314e+02	 1.4357e+03
 2.9193e+04	 1.3909e+03	 5.4076e+00	 5.3192e-01	 3.5314e+02	 1.4383e+03
 4.3789e+04	 1.3909e+03	 5.2613e+00	 6.2060e-01	 3.5314e+02	 1.4408e+03
 6.5684e+04	 1.3909e+03	 5.0794e+00	 7.1084e-01	 3.5314e+02	 1.4432e+03
 9.8526e+04	 1.3909e+03	 4.8570e+00	 7.8850e-01	 3.5314e+02	 1.4458e+03
 1.4779e+05	 1.3909e+03	 4.5992e+00	 8.3288e-01	 3.5314e+02	 1.4511e+03
 2.2168e+05	 1.3909e+03	 4.3529e+00	 8.3068e-01	 3.5314e+02	 1.4536e+03
 3.3253e+05	 1.3909e+03	 4.0998e+00	 7.7291e-01	 3.5314e+02	 1.4563e+03
 4.9879e+05	 1.3909e+03	-3.8829e+00	 5.0446e+01	 3.5314e+02	 1.4591e+03
 7.4818e+05	 1.3909e+03	 3.7607e+00	 4.8708e-01	 3.5314e+02	 1.4658e+03
 9.0000e+05	 1.3909e+03	 3.7045e+00	 4.3081e-01	 3.5315e+02	 1.4738e+03
 1.0000e+02	 1.4709e+03	 6.0732e+00	 8.7511e-02	 3.5316e+02	 1.4821e+03
 1.5000e+02	 1.4709e+03	 6.0536e+00	 9.2158e-02	 3.5315e+02	 1.4845e+03
 2.2500e+02	 1.4709e+03	 6.0331e+00	 9.6178e-02	 3.5315e+02	 1.4873e+03
 3.3750e+02	 1.4709e+03	 6.0110e+00	 1.0458e-01	 3.5315e+02	 1.4899e+03
 5.0625e+02	 1.4709e+03	 5.9869e+00	 1.1584e-01	 3.5315e+02	 1.4926e+03
 7.5938e+02	 1.4709e+03	 5.9598e+00	 1.3034e-01	 3.5315e+02	 1.4951e+03
 1.1391e+03	 1.4709e+03	 5.9293e+00	 1.4869e-01	 3.5315e+02	 1.4976e+03
 1.7086e+03	 1.4709e+03	 5.8939e+00	 1.7201e-01	 3.5314e+02	 1.5001e+03
 2.5629e+03	 1.4709e+03	 5.8537e+00	 2.0015e-01	 3.5314e+02	 1.5027e+03
 3.8443e+03	 1.4709e+03	 5.8060e+00	 2.3454e-01	 3.5314e+02	 1.5053e+03
 5.7665e+03	 1.4709e+03	 5.7497e+00	 2.7628e-01	 3.5314e+02	 1.5078e+03
 8.6498e+03	 1.4709e+03	 5.6829e+00	 3.2635e-01	 3.5314e+02	 1.5106e+03
 1.2975e+04	 1.4709e+03	 5.6022e+00	 3.8563e-01	 3.5315e+02	 1.5131e+03
 1.9462e+04	 1.4709e+03	 5.5048e+00	 4.5507e-01	 3.5315e+02	 1.5158e+03
 2.9193e+04	 1.4709e+03	 5.3853e+00	 5.3432e-01	 3.5314e+02	 1.5184e+03
 4.3789e+04	 1.4709e+03	 5.2383e+00	 6.2082e-01	 3.5314e+02	 1.5208e+03
 6.5684e+04	 1.4709e+03	 5.0565e+00	 7.0859e-01	 3.5314e+02	 1.5234e+03
 9.8526e+04	 1.4709e+03	 4.8355e+00	 7.8365e-01	 3.5314e+02	 1.5260e+03
 1.4779e+05	 1.4709e+03	 4.5803e+00	 8.2616e-01	 3.5315e+02	 1.5312e+03
 2.2168e+05	 1.4709e+03	 4.3371e+00	 8.2344e-01	 3.5315e+02	 1.5338e+03
 3.3253e+05	 1.4709e+03	 4.0866e+00	 7.6610e-01	 3.5314e+02	 1.5365e+03
 4.9879e+05	 1.4709e+03	-3.8237e+00	 5.0303e+01	 3.5315e+02	 1.5393e+03
 7.4818e+05	 1.4709e+03	 3.7520e+00	 4.7783e-01	 3.5315e+02	 1.5458e+03
 9.0000e+05	 1.4709e+03	 3.6952e+00	 4.2783e-01	 3.5315e+02	 1.5534e+03
 1.0000e+02	 1.5505e+03	 6.0677e+00	 8.9550e-02	 3.5314e+02	 1.5616e+03
 1.5000e+02	 1.5505e+03	 6.0482e+00	 9.4677e-02	 3.5314e+02	 1.5641e+03
 2.2500e+02	 1.5505e+03	 6.0265e+00	 9.8542e-02	 3.5314e+02	 1.5666e+03
 3.3750e+02	 1.5505e+03	 6.0038e+00	 1.0716e-01	 3.5314e+02	 1.5692e+03
 5.0625e+02	 1.5505e+03	 5.9790e+00	 1.1908e-01	 3.5314e+02	 1.5716e+03
 7.5938e+02	 1.5505e+03	 5.9510e+00	 1.3368e-01	 3.5315e+02	 1.5744e+03
 1.1391e+03	 1.5505e+03	 5.9196e+00	 1.5268e-01	 3.5315e+02	 1.5768e+03
 1.7086e+03	 1.5505e+03	 5.8832e+00	 1.7603e-01	 3.5315e+02	 1.5794e+03
 2.5629e+03	 1.5505e+03	 5.8417e+00	 2.0486e-01	 3.5316e+02	 1.5820e+03
 3.8443e+03	 1.5505e+03	 5.7930e+00	 2.3939e-01	 3.5315e+02	 1.5844e+03
 5.7665e+03	 1.5505e+03	 5.7352e+00	 2.8120e-01	 3.5316e+02	 1.5872e+03
 8.6498e+03	 1.5505e+03	 5.6666e+00	 3.3122e-01	 3.5315e+02	 1.5898e+03
 1.2975e+04	 1.5505e+03	 5.5843e+00	 3.8999e-01	 3.5315e+02	 1.5923e+03
 1.9462e+04	 1.5505e+03	 5.4853e+00	 4.5849e-01	 3.5315e+02	 1.5951e+03
 2.9193e+04	 1.5505e+03	 5.3647e+00	 5.3643e-01	 3.5315e+02	 1.5978e+03
 4.3789e+04	 1.5505e+03	 5.2168e+00	 6.2093e-01	 3.5316e+02	 1.6002e+03
 6.5684e+04	 1.5505e+03	 5.0350e+00	 7.0641e-01	 3.5316e+02	 1.6027e+03
 9.8526e+04	 1.5505e+03	 4.8154e+00	 7.7908e-01	 3.5315e+02	 1.6053e+03
 1.4779e+05	 1.5505e+03	 4.5624e+00	 8.1994e-01	 3.5315e+02	 1.6106e+03
 2.2168e+05	 1.5505e+03	 4.3219e+00	 8.1634e-01	 3.5316e+02	 1.6130e+03
 3.3253e+05	 1.5505e+03	 4.0741e+00	 7.5958e-01	 3.5315e+02	 1.6158e+03
 4.9879e+05	 1.5505e+03	-3.7639e+00	 5.0164e+01	 3.5315e+02	 1.6186e+03
 7.4818e+05	 1.5505e+03	 3.7421e+00	 4.7797e-01	 3.5316e+02	 1.6253e+03
 9.0000e+05	 1.5505e+03	 3.6864e+00	 4.2581e-01	 3.5315e+02	 1.6330e+03
 1.0000e+02	 1.6302e+03	 6.0623e+00	 9.1586e-02	 3.5315e+02	 1.6407e+03
 1.5000e+02	 1.6302e+03	 6.0405e+00	 9.3327e-02	 3.5315e+02	 1.6435e+03
 2.2500e+02	 1.6302e+03	 6.0202e+00	 1.0102e-01	 3.5315e+02	 1.6459e+03
 3.3750e+02	 1.6302e+03	 5.9969e+00	 1.0988e-01	 3.5315e+02	 1.6489e+03
 5.0625e+02	 1.6302e+03	 5.9717e+00	 1.2174e-01	 3.5315e+02	 1.6514e+03
 7.5938e+02	 1.6302e+03	 5.9424e+00	 1.3713e-01	 3.5315e+02	 1.6541e+03
 1.1391e+03	 1.6302e+03	 5.9102e+00	 1.5626e-01	 3.5314e+02	 1.6565e+03
 1.7086e+03	 1.6302e+03	 5.8729e+00	 1.8024e-01	 3.5315e+02	 1.6593e+03
 2.5629e+03	 1.6302e+03	 5.8298e+00	 2.0917e-01	 3.5314e+02	 1.6619e+03
 3.8443e+03	 1.6302e+03	 5.7796e+00	 2.4437e-01	 3.5314e+02	 1.6643e+03
 5.7665e+03	 1.6302e+03	 5.7205e+00	 2.8624e-01	 3.5314e+02	 1.6669e+03
 8.6498e+03	 1.6302e+03	 5.6503e+00	 3.3612e-01	 3.5314e+02	 1.6695e+03
 1.2975e+04	 1.6302e+03	 5.5662e+00	 3.9463e-01	 3.5314e+02	 1.6721e+03
 1.9462e+04	 1.6302e+03	 5.4652e+00	 4.6235e-01	 3.5313e+02	 1.6747e+03
 2.9193e+04	 1.6302e+03	 5.3433e+00	 5.3866e-01	 3.5313e+02	 1.6775e+03
 4.3789e+04	 1.6302e+03	 5.1944e+00	 6.2150e-01	 3.5313e+02	 1.6800e+03
 6.5684e+04	 1.6302e+03	 5.0128e+00	 7.0437e-01	 3.5314e+02	 1.6824e+03
 9.8526e+04	 1.6302e+03	 4.7943e+00	 7.7485e-01	 3.5313e+02	 1.6851e+03
 1.4779e+05	 1.6302e+03	 4.5437e+00	 8.1392e-01	 3.5314e+02	 1.6904e+03
 2.2168e+05	 1.6302e+03	 4.3056e+00	 8.0924e-01	 3.5314e+02	 1.6928e+03
 3.3253e+05	 1.6302e+03	 4.0607e+00	 7.5273e-01	 3.5314e+02	 1.6956e+03
 4.9879e+05	 1.6302e+03	-3.7017e+00	 5.0017e+01	 3.5313e+02	 1.6982e+03
 7.4818e+05	 1.6302e+03	 3.7329e+00	 4.7069e-01	 3.5313e+02	 1.7046e+03
 9.0000e+05	 1.6302e+03	 3.6776e+00	 4.1891e-01	 3.5313e+02	 1.7124e+03
 1.0000e+02	 1.7096e+03	 6.0567e+00	 9.3109e-02	 3.5313e+02	 1.7205e+03
 1.5000e+02	 1.7096e+03	 6.0382e+00	 9.5976e-02	 3.5313e+02	 1.7230e+03
 2.2500e+02	 1.7096e+03	 6.0137e+00	 1.0332e-01	 3.5313e+02	 1.7257e+03
 3.3750e+02	 1.7096e+03	 5.9899e+00	 1.1256e-01	 3.5313e+02	 1.7283e+03
 5.0625e+02	 1.7096e+03	 5.9637e+00	 1.2465e-01	 3.5312e+02	 1.7309e+03
 7.5938e+02	 1.7096e+03	 5.9342e+00	 1.4048e-01	 3.5313e+02	 1.7334e+03
 1.1391e+03	 1.7096e+03	 5.9009e+00	 1.6013e-01	 3.5312e+02	 1.7360e+03
 1.7086e+03	 1.7096e+03	 5.8625e+00	 1.8441e-01	 3.5311e+02	 1.7386e+03
 2.5629e+03	 1.7096e+03	 5.8182e+00	 2.1377e-01	 3.5313e+02	 1.7412e+03
 3.8443e+03	 1.7096e+03	 5.7667e+00	 2.4911e-01	 3.5312e+02	 1.7438e+03
 5.7665e+03	 1.7096e+03	 5.7061e+00	 2.9117e-01	 3.5312e+02	 1.7463e+03
 8.6498e+03	 1.7096e+03	 5.6346e+00	 3.4081e-01	 3.5312e+02	 1.7490e+03
 1.2975e+04	 1.7096e+03	 5.5491e+00	 3.9889e-01	 3.5313e+02	 1.7514e+03
 1.9462e+04	 1.7096e+03	 5.4473e+00	 4.6557e-01	 3.5314e+02	 1.7541e+03
 2.9193e+04	 1.7096e+03	 5.3240e+00	 5.4059e-01	 3.5314e+02	 1.7566e+03
 4.3789e+04	 1.7096e+03	 5.1748e+00	 6.2145e-01	 3.5315e+02	 1.7592e+03
 6.5684e+04	 1.7096e+03	 4.9936e+00	 7.0228e-01	 3.5315e+02	 1.7617e+03
 9.8526e+04	 1.7096e+03	 4.7763e+00	 7.7036e-01	 3.5315e+02	 1.7642e+03
 1.4779e+05	 1.7096e+03	 4.5532e+00	 8.1184e-01	 3.5317e+02	 1.7668e+03
 2.2168e+05	 1.7096e+03	 4.2935e+00	 8.0354e-01	 3.5317e+02	 1.7693e+03
 3.3253e+05	 1.7096e+03	 4.0509e+00	 7.4736e-01	 3.5317e+02	 1.7721e+03
 4.9879e+05	 1.7096e+03	-3.6565e+00	 4.9913e+01	 3.5318e+02	 1.7747e+03
 7.4818e+05	 1.7096e+03	 3.7264e+00	 4.6636e-01	 3.5318e+02	 1.7811e+03
 9.0000e+05	 1.7096e+03	 3.6706e+00	 4.2080e-01	 3.5319e+02	 1.7888e+03
 1.0000e+02	 1.7859e+03	 6.0528e+00	 9.4984e-02	 3.5319e+02	 1.7970e+03
 1.5000e+02	 1.7859e+03	 6.0302e+00	 9.6802e-02	 3.5319e+02	 1.7994e+03
 2.2500e+02	 1.7859e+03	 6.0087e+00	 1.0547e-01	 3.5319e+02	 1.8020e+03
 3.3750e+02	 1.7859e+03	 5.9844e+00	 1.1478e-01	 3.5319e+02	 1.8046e+03
 5.0625e+02	 1.7859e+03	 5.9575e+00	 1.2730e-01	 3.5319e+02	 1.8073e+03
 7.5938e+02	 1.7859e+03	 5.9274e+00	 1.4322e-01	 3.5319e+02	 1.8098e+03
 1.1391e+03	 1.7859e+03	 5.8934e+00	 1.6350e-01	 3.5319e+02	 1.8125e+03
 1.7086e+03	 1.7859e+03	 5.8540e+00	 1.8776e-01	 3.5319e+02	 1.8152e+03
 2.5629e+03	 1.7859e+03	 5.8091e+00	 2.1742e-01	 3.5319e+02	 1.8180e+03
 3.8443e+03	 1.7859e+03	 5.7561e+00	 2.5282e-01	 3.5319e+02	 1.8204e+03
 5.7665e+03	 1.7859e+03	 5.6943e+00	 2.9505e-01	 3.5318e+02	 1.8231e+03
 8.6498e+03	 1.7859e+03	 5.6212e+00	 3.4457e-01	 3.5318e+02	 1.8257e+03
 1.2975e+04	 1.7859e+03	 5.5342e+00	 4.0219e-01	 3.5318e+02	 1.8283e+03
 1.9462e+04	 1.7859e+03	 5.4309e+00	 4.6815e-01	 3.5319e+02	 1.8309e+03
 2.9193e+04	 1.7859e+03	 5.3066e+00	 5.4194e-01	 3.5319e+02	 1.8335e+03
 4.3789e+04	 1.7859e+03	 5.1567e+00	 6.2111e-01	 3.5318e+02	 1.8361e+03
 6.5684e+04	 1.7859e+03	 4.9755e+00	 7.0009e-01	 3.5318e+02	 1.8386e+03
 9.8526e+04	 1.7859e+03	 4.7592e+00	 7.6640e-01	 3.5319e+02	 1.8412e+03
 1.4779e+05	 1.7859e+03	 4.5377e+00	 8.0633e-01	 3.5317e+02	 1.8438e+03
 2.2168e+05	 1.7859e+03	 4.2800e+00	 7.9726e-01	 3.5317e+02	 1.8463e+03
 3.3253e+05	 1.7859e+03	 4.0396e+00	 7.4144e-01	 3.5317e+02	 1.8489e+03
 4.9879e+05	 1.7859e+03	-3.6002e+00	 4.9783e+01	 3.5317e+02	 1.8518e+03
 7.4818e+05	 1.7859e+03	 3.7171e+00	 4.6491e-01	 3.5316e+02	 1.8582e+03
 9.0000e+05	 1.7859e+03	 3.6622e+00	 4.1441e-01	 3.5315e+02	 1.8659e+03
 1.0000e+02	 1.8631e+03	 6.0471e+00	 9.6454e-02	 3.5314e+02	 1.8742e+03
 1.5000e+02	 1.8631e+03	 6.0267e+00	 1.0000e-01	 3.5314e+02	 1.8766e+03
 2.2500e+02	 1.8631e+03	 6.0022e+00	 1.0764e-01	 3.5314e+02	 1.8793e+03
 3.3750e+02	 1.8631e+03	 5.9774e+00	 1.1725e-01	 3.5315e+02	 1.8819e+03
 5.0625e+02	 1.8631e+03	 5.9494e+00	 1.3025e-01	 3.5314e+02	 1.8846e+03
 7.5938e+02	 1.8631e+03	 5.9189e+00	 1.4662e-01	 3.5314e+02	 1.8871e+03
 1.1391e+03	 1.8631e+03	 5.8840e+00	 1.6678e-01	 3.5314e+02	 1.8896e+03
 1.7086e+03	 1.8631e+03	 5.8437e+00	 1.9158e-01	 3.5314e+02	 1.8922e+03
 2.5629e+03	 1.8631e+03	 5.7974e+00	 2.2162e-01	 3.5314e+02	 1.8948e+03
 3.8443e+03	 1.8631e+03	 5.7435e+00	 2.5757e-01	 3.5314e+02	 1.8976e+03
 5.7665e+03	 1.8631e+03	 5.6801e+00	 2.9984e-01	 3.5314e+02	 1.9000e+03
 8.6498e+03	 1.8631e+03	 5.6054e+00	 3.4927e-01	 3.5314e+02	 1.9028e+03
 1.2975e+04	 1.8631e+03	 5.5171e+00	 4.0639e-01	 3.5314e+02	 1.9052e+03
 1.9462e+04	 1.8631e+03	 5.4123e+00	 4.7155e-01	 3.5314e+02	 1.9081e+03
 2.9193e+04	 1.8631e+03	 5.2867e+00	 5.4414e-01	 3.5313e+02	 1.9107e+03
 4.3789e+04	 1.8631e+03	 5.1361e+00	 6.2158e-01	 3.5314e+02	 1.9133e+03
 6.5684e+04	 1.8631e+03	 4.9548e+00	 6.9846e-01	 3.5313e+02	 1.9159e+03
 9.8526e+04	 1.8631e+03	 4.7391e+00	 7.6266e-01	 3.5313e+02	 1.9188e+03
 1.4779e+05	 1.8631e+03	 4.5192e+00	 8.0069e-01	 3.5312e+02	 1.9212e+03
 2.2168e+05	 1.8631e+03	 4.2638e+00	 7.9048e-01	 3.5310e+02	 1.9241e+03
 3.3253e+05	 1.8631e+03	 4.0258e+00	 7.3448e-01	 3.5310e+02	 1.9267e+03
 4.9879e+05	 1.8631e+03	-3.5322e+00	 4.9628e+01	 3.5308e+02	 1.9296e+03
 7.4818e+05	 1.8631e+03	 3.7083e+00	 4.5313e-01	 3.5307e+02	 1.9359e+03
 9.0000e+05	 1.8631e+03	 3.6531e+00	 4.0925e-01	 3.5309e+02	 1.9436e+03
 1.0000e+02	 1.9408e+03	 6.0418e+00	 9.8171e-02	 3.5310e+02	 1.9518e+03
 1.5000e+02	 1.9408e+03	 6.0211e+00	 1.0236e-01	 3.5310e+02	 1.9543e+03
 2.2500e+02	 1.9408e+03	 5.9964e+00	 1.0982e-01	 3.5312e+02	 1.9570e+03
 3.3750e+02	 1.9408e+03	 5.9709e+00	 1.1981e-01	 3.5313e+02	 1.9596e+03
 5.0625e+02	 1.9408e+03	 5.9430e+00	 1.3302e-01	 3.5314e+02	 1.9620e+03
 7.5938e+02	 1.9408e+03	 5.9114e+00	 1.4958e-01	 3.5314e+02	 1.9646e+03
 1.1391e+03	 1.9408e+03	 5.8756e+00	 1.7001e-01	 3.5315e+02	 1.9671e+03
 1.7086e+03	 1.9408e+03	 5.8347e+00	 1.9519e-01	 3.5316e+02	 1.9698e+03
 2.5629e+03	 1.9408e+03	 5.7879e+00	 2.2555e-01	 3.5316e+02	 1.9723e+03
 3.8443e+03	 1.9408e+03	 5.7328e+00	 2.6133e-01	 3.5316e+02	 1.9751e+03
 5.7665e+03	 1.9408e+03	 5.6684e+00	 3.0346e-01	 3.5317e+02	 1.9775e+03
 8.6498e+03	 1.9408e+03	 5.5928e+00	 3.5275e-01	 3.5318e+02	 1.9801e+03
 1.2975e+04	 1.9408e+03	 5.5033e+00	 4.0932e-01	 3.5319e+02	 1.9827e+03
 1.9462e+04	 1.9408e+03	 5.3977e+00	 4.7376e-01	 3.5318e+02	 1.9852e+03
 2.9193e+04	 1.9408e+03	 5.2714e+00	 5.4508e-01	 3.5319e+02	 1.9880e+03
 4.3789e+04	 1.9408e+03	 5.1206e+00	 6.2103e-01	 3.5319e+02	 1.9904e+03
 6.5684e+04	 1.9408e+03	 4.9399e+00	 6.9596e-01	 3.5319e+02	 1.9931e+03
 9.8526e+04	 1.9408e+03	 4.7258e+00	 7.5873e-01	 3.5319e+02	 1.9957e+03
 1.4779e+05	 1.9408e+03	 4.5079e+00	 7.9591e-01	 3.5319e+02	 1.9981e+03
 2.2168e+05	 1.9408e+03	 4.2548e+00	 7.8566e-01	 3.5319e+02	 2.0008e+03
 3.3253e+05	 1.9408e+03	 4.0188e+00	 7.3047e-01	 3.5319e+02	 2.0037e+03
 4.9879e+05	 1.9408e+03	-3.5020e+00	 4.9552e+01	 3.5318e+02	 2.0064e+03
 7.4818e+05	 1.9408e+03	 3.7028e+00	 4.5367e-01	 3.5317e+02	 2.0134e+03
 9.0000e+05	 1.9408e+03	 3.6478e+00	 4.0835e-01	 3.5316e+02	 2.0209e+03
 1.0000e+02	 2.0181e+03	 6.0381e+00	 9.9912e-02	 3.5314e+02	 2.0288e+03
 1.5000e+02	 2.0181e+03	 6.0147e+00	 1.0403e-01	 3.5314e+02	 2.0315e+03
 2.2500e+02	 2.0181e+03	 5.9913e+00	 1.1182e-01	 3.5313e+02	 2.0339e+03
 3.3750e+02	 2.0181e+03	 5.9653e+00	 1.2215e-01	 3.5313e+02	 2.0366e+03
 5.0625e+02	 2.0181e+03	 5.9365e+00	 1.3549e-01	 3.5314e+02	 2.0391e+03
 7.5938e+02	 2.0181e+03	 5.9043e+00	 1.5246e-01	 3.5314e+02	 2.0416e+03
 1.1391e+03	 2.0181e+03	 5.8678e+00	 1.7328e-01	 3.5313e+02	 2.0441e+03
 1.7086e+03	 2.0181e+03	 5.8256e+00	 1.9888e-01	 3.5314e+02	 2.0466e+03
 2.5629e+03	 2.0181e+03	 5.7773e+00	 2.2924e-01	 3.5314e+02	 2.0492e+03
 3.8443e+03	 2.0181e+03	 5.7211e+00	 2.6539e-01	 3.5312e+02	 2.0517e+03
 5.7665e+03	 2.0181e+03	 5.6554e+00	 3.0766e-01	 3.5313e+02	 2.0541e+03
 8.6498e+03	 2.0181e+03	 5.5782e+00	 3.5680e-01	 3.5314e+02	 2.0569e+03
 1.2975e+04	 2.0181e+03	 5.4875e+00	 4.1304e-01	 3.5314e+02	 2.0594e+03
 1.9462e+04	 2.0181e+03	 5.3803e+00	 4.7653e-01	 3.5314e+02	 2.0622e+03
 2.9193e+04	 2.0181e+03	 5.2529e+00	 5.4666e-01	 3.5315e+02	 2.0648e+03
 4.3789e+04	 2.0181e+03	 5.1016e+00	 6.2113e-01	 3.5315e+02	 2.0675e+03
 6.5684e+04	 2.0181e+03	 4.9208e+00	 6.9441e-01	 3.5316e+02	 2.0701e+03
 9.8526e+04	 2.0181e+03	 4.7078e+00	 7.5509e-01	 3.5316e+02	 2.0728e+03
 1.4779e+05	 2.0181e+03	 4.4919e+00	 7.9076e-01	 3.5316e+02	 2.0752e+03
 2.2168e+05	 2.0181e+03	 4.2415e+00	 7.7993e-01	 3.5316e+02	 2.0781e+03
 3.3253e+05	 2.0181e+03	 4.0080e+00	 7.2478e-01	 3.5316e+02	 2.0806e+03
 4.9879e+05	 2.0181e+03	-3.4517e+00	 4.9436e+01	 3.5317e+02	 2.0833e+03
 7.4818e+05	 2.0181e+03	 3.6953e+00	 4.5170e-01	 3.5317e+02	 2.0899e+03
 9.0000e+05	 2.0181e+03	 3.6413e+00	 4.0572e-01	 3.5317e+02	 2.0974e+03
 1.0000e+02	 2.0946e+03	 6.0343e+00	 1.0137e-01	 3.5318e+02	 2.1054e+03
 1.5000e+02	 2.0946e+03	 6.0127e+00	 1.0672e-01	 3.5318e+02	 2.1080e+03
 2.2500e+02	 2.0946e+03	 5.9869e+00	 1.1381e-01	 3.5317e+02	 2.1104e+03
 3.3750e+02	 2.0946e+03	 5.9603e+00	 1.2424e-01	 3.5318e+02	 2.1131e+03
 5.0625e+02	 2.0946e+03	 5.9305e+00	 1.3792e-01	 3.5318e+02	 2.1156e+03
 7.5938e+02	 2.0946e+03	 5.8979e+00	 1.5506e-01	 3.5317e+02	 2.1182e+03
 1.1391e+03	 2.0946e+03	 5.8606e+00	 1.7653e-01	 3.5317e+02	 2.1208e+03
 1.7086e+03	 2.0946e+03	 5.8178e+00	 2.0204e-01	 3.5318e+02	 2.1233e+03
 2.5629e+03	 2.0946e+03	 5.7686e+00	 2.3277e-01	 3.5317e+02	 2.1259e+03
 3.8443e+03	 2.0946e+03	 5.7112e+00	 2.6894e-01	 3.5317e+02	 2.1283e+03
 5.7665e+03	 2.0946e+03	 5.6443e+00	 3.1124e-01	 3.5316e+02	 2.1308e+03
 8.6498e+03	 2.0946e+03	 5.5657e+00	 3.6009e-01	 3.5316e+02	 2.1336e+03
 1.2975e+04	 2.0946e+03	 5.4738e+00	 4.1605e-01	 3.5316e+02	 2.1361e+03
 1.9462e+04	 2.0946e+03	 5.3655e+00	 4.7879e-01	 3.5316e+02	 2.1388e+03
 2.9193e+04	 2.0946e+03	 5.2371e+00	 5.4793e-01	 3.5316e+02	 2.1414e+03
 4.3789e+04	 2.0946e+03	 5.0850e+00	 6.2097e-01	 3.5316e+02	 2.1440e+03
 6.5684e+04	 2.0946e+03	 4.9042e+00	 6.9244e-01	 3.5314e+02	 2.1464e+03
 9.8526e+04	 2.0946e+03	 4.6918e+00	 7.5157e-01	 3.5313e+02	 2.1493e+03
 1.4779e+05	 2.0946e+03	 4.4767e+00	 7.8566e-01	 3.5313e+02	 2.1518e+03
 2.2168e+05	 2.0946e+03	 4.2281e+00	 7.7402e-01	 3.5312e+02	 2.1546e+03
 3.3253e+05	 2.0946e+03	 3.9966e+00	 7.1897e-01	 3.5312e+02	 2.1572e+03
 4.9879e+05	 2.0946e+03	-3.3947e+00	 4.9308e+01	 3.5312e+02	 2.1601e+03
 7.4818e+05	 2.0946e+03	 3.6864e+00	 4.5155e-01	 3.5312e+02	 2.1665e+03
 9.0000e+05	 2.0946e+03	 3.6343e+00	 3.9647e-01	 3.5313e+02	 2.1742e+03
 1.0000e+02	 2.1714e+03	 6.0296e+00	 1.0298e-01	 3.5314e+02	 2.1825e+03
 1.5000e+02	 2.1714e+03	 6.0062e+00	 1.0843e-01	 3.5314e+02	 2.1849e+03
 2.2500e+02	 2.1714e+03	 5.9809e+00	 1.1586e-01	 3.5315e+02	 2.1876e+03
 3.3750e+02	 2.1714e+03	 5.9541e+00	 1.2657e-01	 3.5315e+02	 2.1901e+03
 5.0625e+02	 2.1714e+03	 5.9239e+00	 1.4053e-01	 3.5316e+02	 2.1929e+03
 7.5938e+02	 2.1714e+03	 5.8905e+00	 1.5815e-01	 3.5316e+02	 2.1954e+03
 1.1391e+03	 2.1714e+03	 5.8524e+00	 1.7966e-01	 3.5316e+02	 2.1979e+03
 1.7086e+03	 2.1714e+03	 5.8087e+00	 2.0544e-01	 3.5317e+02	 2.2005e+03
 2.5629e+03	 2.1714e+03	 5.7586e+00	 2.3649e-01	 3.5317e+02	 2.2031e+03
 3.8443e+03	 2.1714e+03	 5.7001e+00	 2.7272e-01	 3.5317e+02	 2.2058e+03
 5.7665e+03	 2.1714e+03	 5.6321e+00	 3.1493e-01	 3.5317e+02	 2.2082e+03
 8.6498e+03	 2.1714e+03	 5.5527e+00	 3.6365e-01	 3.5316e+02	 2.2110e+03
 1.2975e+04	 2.1714e+03	 5.4595e+00	 4.1912e-01	 3.5317e+02	 2.2134e+03
 1.9462e+04	 2.1714e+03	 5.3500e+00	 4.8113e-01	 3.5316e+02	 2.2160e+03
 2.9193e+04	 2.1714e+03	 5.2210e+00	 5.4914e-01	 3.5316e+02	 2.2187e+03
 4.3789e+04	 2.1714e+03	 5.0686e+00	 6.2062e-01	 3.5315e+02	 2.2211e+03
 6.5684e+04	 2.1714e+03	 4.8882e+00	 6.9064e-01	 3.5316e+02	 2.2239e+03
 9.8526e+04	 2.1714e+03	 4.6766e+00	 7.4810e-01	 3.5315e+02	 2.2265e+03
 1.4779e+05	 2.1714e+03	 4.4640e+00	 7.8115e-01	 3.5315e+02	 2.2293e+03
 2.2168e+05	 2.1714e+03	 4.2171e+00	 7.6889e-01	 3.5315e+02	 2.2319e+03
 3.3253e+05	 2.1714e+03	 3.9878e+00	 7.1431e-01	 3.5314e+02	 2.2345e+03
 4.9879e+05	 2.1714e+03	-3.3518e+00	 4.9210e+01	 3.5314e+02	 2.2372e+03
 7.4818e+05	 2.1714e+03	 3.6810e+00	 4.4103e-01	 3.5314e+02	 2.2435e+03
 9.0000e+05	 2.1714e+03	 3.6265e+00	 4.0188e-01	 3.5313e+02	 2.2516e+03
 1.0000e+02	 2.2487e+03	 6.0252e+00	 1.0457e-01	 3.5313e+02	 2.2593e+03
 1.5000e+02	 2.2487e+03	 6.0018e+00	 1.1019e-01	 3.5314e+02	 2.2618e+03
 2.2500e+02	 2.2487e+03	 5.9758e+00	 1.1777e-01	 3.5314e+02	 2.2646e+03
 3.3750e+02	 2.2487e+03	 5.9481e+00	 1.2878e-01	 3.5314e+02	 2.2670e+03
 5.0625e+02	 2.2487e+03	 5.9176e+00	 1.4311e-01	 3.5314e+02	 2.2698e+03
 7.5938e+02	 2.2487e+03	 5.8835e+00	 1.6084e-01	 3.5315e+02	 2.2724e+03
 1.1391e+03	 2.2487e+03	 5.8446e+00	 1.8222e-01	 3.5315e+02	 2.2751e+03
 1.7086e+03	 2.2487e+03	 5.8000e+00	 2.0889e-01	 3.5314e+02	 2.2776e+03
 2.5629e+03	 2.2487e+03	 5.7488e+00	 2.3998e-01	 3.5315e+02	 2.2804e+03
 3.8443e+03	 2.2487e+03	 5.6892e+00	 2.7646e-01	 3.5315e+02	 2.2828e+03
 5.7665e+03	 2.2487e+03	 5.6201e+00	 3.1873e-01	 3.5315e+02	 2.2853e+03
 8.6498e+03	 2.2487e+03	 5.5394e+00	 3.6705e-01	 3.5315e+02	 2.2880e+03
 1.2975e+04	 2.2487e+03	 5.4450e+00	 4.2207e-01	 3.5315e+02	 2.2905e+03
 1.9462e+04	 2.2487e+03	 5.3348e+00	 4.8346e-01	 3.5315e+02	 2.2933e+03
 2.9193e+04	 2.2487e+03	 5.2050e+00	 5.5023e-01	 3.5316e+02	 2.2959e+03
 4.3789e+04	 2.2487e+03	 5.0523e+00	 6.2054e-01	 3.5315e+02	 2.2986e+03
 6.5684e+04	 2.2487e+03	 4.8722e+00	 6.8877e-01	 3.5316e+02	 2.3011e+03
 9.8526e+04	 2.2487e+03	 4.6619e+00	 7.4473e-01	 3.5316e+02	 2.3036e+03
 1.4779e+05	 2.2487e+03	 4.4509e+00	 7.7663e-01	 3.5316e+02	 2.3062e+03
 2.2168e+05	 2.2487e+03	 4.2064e+00	 7.6395e-01	 3.5316e+02	 2.3088e+03
 3.3253e+05	 2.2487e+03	 3.9788e+00	 7.0961e-01	 3.5316e+02	 2.3115e+03
 4.9879e+05	 2.2487e+03	-3.3095e+00	 4.9115e+01	 3.5316e+02	 2.3142e+03
 7.4818e+05	 2.2487e+03	 3.6739e+00	 4.4419e-01	 3.5316e+02	 2.3204e+03
 9.0000e+05	 2.2487e+03	 3.6209e+00	 3.9802e-01	 3.5316e+02	 2.3285e+03
 1.0000e+02	 2.3257e+03	 6.0212e+00	 1.0596e-01	 3.5316e+02	 2.3366e+03
 1.5000e+02	 2.3257e+03	 5.9974e+00	 1.1166e-01	 3.5316e+02	 2.3392e+03
 2.2500e+02	 2.3257e+03	 5.9711e+00	 1.1978e-01	 3.5315e+02	 2.3418e+03
 3.3750e+02	 2.3257e+03	 5.9429e+00	 1.3101e-01	 3.5316e+02	 2.3446e+03
 5.0625e+02	 2.3257e+03	 5.9117e+00	 1.4533e-01	 3.5315e+02	 2.3470e+03
 7.5938e+02	 2.3257e+03	 5.8768e+00	 1.6366e-01	 3.5316e+02	 2.3498e+03
 1.1391e+03	 2.3257e+03	 5.8370e+00	 1.8560e-01	 3.5316e+02	 2.3524e+03
 1.7086e+03	 2.3257e+03	 5.7918e+00	 2.1221e-01	 3.5315e+02	 2.3551e+03
 2.5629e+03	 2.3257e+03	 5.7394e+00	 2.4343e-01	 3.5315e+02	 2.3578e+03
 3.8443e+03	 2.3257e+03	 5.6789e+00	 2.8000e-01	 3.5315e+02	 2.3606e+03
 5.7665e+03	 2.3257e+03	 5.6086e+00	 3.2214e-01	 3.5316e+02	 2.3630e+03
 8.6498e+03	 2.3257e+03	 5.5268e+00	 3.7033e-01	 3.5315e+02	 2.3658e+03
 1.2975e+04	 2.3257e+03	 5.4313e+00	 4.2479e-01	 3.5315e+02	 2.3682e+03
 1.9462e+04	 2.3257e+03	 5.3200e+00	 4.8552e-01	 3.5316e+02	 2.3708e+03
 2.9193e+04	 2.3257e+03	 5.1895e+00	 5.5131e-01	 3.5316e+02	 2.3735e+03
 4.3789e+04	 2.3257e+03	 5.0365e+00	 6.2017e-01	 3.5316e+02	 2.3759e+03
 6.5684e+04	 2.3257e+03	 4.8566e+00	 6.8688e-01	 3.5316e+02	 2.3787e+03
 9.8526e+04	 2.3257e+03	 4.6471e+00	 7.4129e-01	 3.5316e+02	 2.3813e+03
 1.4779e+05	 2.3257e+03	 4.4373e+00	 7.7204e-01	 3.5315e+02	 2.3840e+03
 2.2168e+05	 2.3257e+03	 4.1949e+00	 7.5879e-01	 3.5315e+02	 2.3866e+03
 3.3253e+05	 2.3257e+03	 3.9692e+00	 7.0455e-01	 3.5315e+02	 2.3894e+03
 4.9879e+05	 2.3257e+03	-3.2619e+00	 4.9008e+01	 3.5315e+02	 2.3921e+03
 7.4818e+05	 2.3257e+03	 3.6665e+00	 4.4254e-01	 3.5315e+02	 2.3988e+03
 9.0000e+05	 2.3257e+03	 3.6134e+00	 4.0019e-01	 3.5314e+02	 2.4065e+03
 1.0000e+02	 2.4037e+03	 6.0167e+00	 1.0772e-01	 3.5314e+02	 2.4145e+03
 1.5000e+02	 2.4037e+03	 5.9921e+00	 1.1428e-01	 3.5314e+02	 2.4170e+03
 2.2500e+02	 2.4037e+03	 5.9657e+00	 1.2178e-01	 3.5314e+02	 2.4195e+03
 3.3750e+02	 2.4037e+03	 5.9371e+00	 1.3315e-01	 3.5314e+02	 2.4219e+03
 5.0625e+02	 2.4037e+03	 5.9055e+00	 1.4794e-01	 3.5314e+02	 2.4245e+03
 7.5938e+02	 2.4037e+03	 5.8700e+00	 1.6630e-01	 3.5314e+02	 2.4270e+03
 1.1391e+03	 2.4037e+03	 5.8295e+00	 1.8839e-01	 3.5314e+02	 2.4298e+03
 1.7086e+03	 2.4037e+03	 5.7832e+00	 2.1541e-01	 3.5314e+02	 2.4324e+03
 2.5629e+03	 2.4037e+03	 5.7302e+00	 2.4680e-01	 3.5315e+02	 2.4351e+03
 3.8443e+03	 2.4037e+03	 5.6685e+00	 2.8340e-01	 3.5315e+02	 2.4376e+03
 5.7665e+03	 2.4037e+03	 5.5971e+00	 3.2561e-01	 3.5315e+02	 2.4403e+03
 8.6498e+03	 2.4037e+03	 5.5143e+00	 3.7354e-01	 3.5315e+02	 2.4429e+03
 1.2975e+04	 2.4037e+03	 5.4179e+00	 4.2778e-01	 3.5315e+02	 2.4456e+03
 1.9462e+04	 2.4037e+03	 5.3056e+00	 4.8746e-01	 3.5315e+02	 2.4482e+03
 2.9193e+04	 2.4037e+03	 5.1744e+00	 5.5230e-01	 3.5315e+02	 2.4509e+03
 4.3789e+04	 2.4037e+03	 5.0210e+00	 6.1979e-01	 3.5314e+02	 2.4534e+03
 6.5684e+04	 2.4037e+03	 4.8413e+00	 6.8518e-01	 3.5315e+02	 2.4558e+03
 9.8526e+04	 2.4037e+03	 4.6327e+00	 7.3825e-01	 3.5315e+02	 2.4585e+03
 1.4779e+05	 2.4037e+03	 4.4247e+00	 7.6778e-01	 3.5315e+02	 2.4611e+03
 2.2168e+05	 2.4037e+03	 4.1838e+00	 7.5387e-01	 3.5315e+02	 2.4638e+03
 3.3253e+05	 2.4037e+03	 3.9602e+00	 6.9979e-01	 3.5315e+02	 2.4663e+03
 4.9879e+05	 2.4037e+03	-3.2185e+00	 4.8907e+01	 3.5315e+02	 2.4693e+03
 7.4818e+05	 2.4037e+03	 3.6596e+00	 4.4303e-01	 3.5316e+02	 2.4757e+03
 9.0000e+05	 2.4037e+03	 3.6070e+00	 4.0162e-01	 3.5315e+02	 2.4832e+03
 1.0000e+02	 2.4804e+03	 6.0130e+00	 1.0903e-01	 3.5315e+02	 2.4912e+03
 1.5000e+02	 2.4804e+03	 5.9882e+00	 1.1492e-01	 3.5314e+02	 2.4936e+03
 2.2500e+02	 2.4804e+03	 5.9613e+00	 1.2366e-01	 3.5315e+02	 2.4961e+03
 3.3750e+02	 2.4804e+03	 5.9321e+00	 1.3517e-01	 3.5315e+02	 2.4985e+03
 5.0625e+02	 2.4804e+03	 5.8998e+00	 1.5018e-01	 3.5315e+02	 2.5010e+03
 7.5938e+02	 2.4804e+03	 5.8637e+00	 1.6884e-01	 3.5316e+02	 2.5036e+03
 1.1391e+03	 2.4804e+03	 5.8228e+00	 1.9139e-01	 3.5315e+02	 2.5064e+03
 1.7086e+03	 2.4804e+03	 5.7755e+00	 2.1823e-01	 3.5315e+02	 2.5089e+03
 2.5629e+03	 2.4804e+03	 5.7217e+00	 2.4995e-01	 3.5316e+02	 2.5116e+03
 3.8443e+03	 2.4804e+03	 5.6589e+00	 2.8659e-01	 3.5315e+02	 2.5141e+03
 5.7665e+03	 2.4804e+03	 5.5866e+00	 3.2866e-01	 3.5315e+02	 2.5168e+03
 8.6498e+03	 2.4804e+03	 5.5025e+00	 3.7652e-01	 3.5316e+02	 2.5194e+03
 1.2975e+04	 2.4804e+03	 5.4052e+00	 4.3003e-01	 3.5316e+02	 2.5221e+03
 1.9462e+04	 2.4804e+03	 5.2917e+00	 4.8929e-01	 3.5316e+02	 2.5247e+03
 2.9193e+04	 2.4804e+03	 5.1600e+00	 5.5313e-01	 3.5315e+02	 2.5274e+03
 4.3789e+04	 2.4804e+03	 5.0064e+00	 6.1943e-01	 3.5315e+02	 2.5298e+03
 6.5684e+04	 2.4804e+03	 4.8271e+00	 6.8337e-01	 3.5315e+02	 2.5322e+03
 9.8526e+04	 2.4804e+03	 4.6194e+00	 7.3497e-01	 3.5316e+02	 2.5350e+03
 1.4779e+05	 2.4804e+03	 4.4127e+00	 7.6347e-01	 3.5315e+02	 2.5374e+03
 2.2168e+05	 2.4804e+03	 4.1739e+00	 7.4933e-01	 3.5315e+02	 2.5402e+03
 3.3253e+05	 2.4804e+03	 3.9518e+00	 6.9537e-01	 3.5315e+02	 2.5428e+03
 4.9879e+05	 2.4804e+03	-3.1769e+00	 4.8814e+01	 3.5315e+02	 2.5457e+03
 7.4818e+05	 2.4804e+03	 3.6529e+00	 4.4291e-01	 3.5315e+02	 2.5521e+03
 9.0000e+05	 2.4804e+03	 3.6011e+00	 3.9825e-01	 3.5315e+02	 2.5599e+03
 1.0000e+02	 2.5571e+03	 6.0089e+00	 1.1053e-01	 3.5315e+02	 2.5682e+03
 1.5000e+02	 2.5571e+03	 5.9839e+00	 1.1594e-01	 3.5315e+02	 2.5711e+03
 2.2500e+02	 2.5571e+03	 5.9563e+00	 1.2543e-01	 3.5315e+02	 2.5736e+03
 3.3750e+02	 2.5571e+03	 5.9270e+00	 1.3745e-01	 3.5315e+02	 2.5760e+03
 5.0625e+02	 2.5571e+03	 5.8940e+00	 1.5256e-01	 3.5315e+02	 2.5787e+03
 7.5938e+02	 2.5571e+03	 5.8570e+00	 1.7168e-01	 3.5315e+02	 2.5812e+03
 1.1391e+03	 2.5571e+03	 5.8152e+00	 1.9431e-01	 3.5316e+02	 2.5839e+03
 1.7086e+03	 2.5571e+03	 5.7676e+00	 2.2132e-01	 3.5315e+02	 2.5864e+03
 2.5629e+03	 2.5571e+03	 5.7124e+00	 2.5302e-01	 3.5315e+02	 2.5890e+03
 3.8443e+03	 2.5571e+03	 5.6490e+00	 2.8981e-01	 3.5315e+02	 2.5918e+03
 5.7665e+03	 2.5571e+03	 5.5756e+00	 3.3190e-01	 3.5315e+02	 2.5942e+03
 8.6498e+03	 2.5571e+03	 5.4906e+00	 3.7939e-01	 3.5315e+02	 2.5968e+03
 1.2975e+04	 2.5571e+03	 5.3922e+00	 4.3259e-01	 3.5314e+02	 2.5993e+03
 1.9462e+04	 2.5571e+03	 5.2781e+00	 4.9100e-01	 3.5314e+02	 2.6021e+03
 2.9193e+04	 2.5571e+03	 5.1456e+00	 5.5381e-01	 3.5315e+02	 2.6046e+03
 4.3789e+04	 2.5571e+03	 4.9917e+00	 6.1899e-01	 3.5315e+02	 2.6074e+03
 6.5684e+04	 2.5571e+03	 4.8127e+00	 6.8156e-01	 3.5314e+02	 2.6098e+03
 9.8526e+04	 2.5571e+03	 4.6057e+00	 7.3193e-01	 3.5315e+02	 2.6126e+03
 1.4779e+05	 2.5571e+03	 4.4003e+00	 7.5924e-01	 3.5315e+02	 2.6151e+03
 2.2168e+05	 2.5571e+03	 4.1634e+00	 7.4457e-01	 3.5315e+02	 2.6178e+03
 3.3253e+05	 2.5571e+03	 3.9431e+00	 6.9079e-01	 3.5315e+02	 2.6203e+03
 4.9879e+05	 2.5571e+03	-3.1352e+00	 4.8720e+01	 3.5315e+02	 2.6231e+03
 7.4818e+05	 2.5571e+03	 3.6470e+00	 4.3904e-01	 3.5316e+02	 2.6300e+03
 9.0000e+05	 2.5571e+03	 3.5953e+00	 3.9722e-01	 3.5316e+02	 2.6379e+03
 1.0000e+02	 2.6350e+03	 6.0051e+00	 1.1212e-01	 3.5315e+02	 2.6459e+03
 1.5000e+02	 2.6350e+03	 5.9790e+00	 1.1732e-01	 3.5314e+02	 2.6485e+03
 2.2500e+02	 2.6350e+03	 5.9515e+00	 1.2721e-01	 3.5314e+02	 2.6512e+03
 3.3750e+02	 2.6350e+03	 5.9214e+00	 1.3945e-01	 3.5315e+02	 2.6536e+03
 5.0625e+02	 2.6350e+03	 5.8880e+00	 1.5494e-01	 3.5315e+02	 2.6561e+03
 7.5938e+02	 2.6350e+03	 5.8507e+00	 1.7405e-01	 3.5315e+02	 2.6587e+03
 1.1391e+03	 2.6350e+03	 5.8081e+00	 1.9718e-01	 3.5314e+02	 2.6611e+03
 1.7086e+03	 2.6350e+03	 5.7591e+00	 2.2456e-01	 3.5314e+02	 2.6640e+03
 2.5629e+03	 2.6350e+03	 5.7033e+00	 2.5644e-01	 3.5314e+02	 2.6666e+03
 3.8443e+03	 2.6350e+03	 5.6387e+00	 2.9316e-01	 3.5314e+02	 2.6693e+03
 5.7665e+03	 2.6350e+03	 5.5642e+00	 3.3501e-01	 3.5314e+02	 2.6718e+03
 8.6498e+03	 2.6350e+03	 5.4782e+00	 3.8235e-01	 3.5314e+02	 2.6746e+03
 1.2975e+04	 2.6350e+03	 5.3787e+00	 4.3500e-01	 3.5313e+02	 2.6770e+03
 1.9462e+04	 2.6350e+03	 5.2637e+00	 4.9285e-01	 3.5314e+02	 2.6796e+03
 2.9193e+04	 2.6350e+03	 5.1307e+00	 5.5478e-01	 3.5314e+02	 2.6821e+03
 4.3789e+04	 2.6350e+03	 4.9766e+00	 6.1870e-01	 3.5314e+02	 2.6846e+03
 6.5684e+04	 2.6350e+03	 4.7979e+00	 6.7990e-01	 3.5314e+02	 2.6873e+03
 9.8526e+04	 2.6350e+03	 4.5918e+00	 7.2892e-01	 3.5314e+02	 2.6899e+03
 1.4779e+05	 2.6350e+03	 4.3879e+00	 7.5517e-01	 3.5314e+02	 2.6926e+03
 2.2168e+05	 2.6350e+03	 4.1526e+00	 7.3988e-01	 3.5315e+02	 2.6952e+03
 3.3253e+05	 2.6350e+03	 3.9343e+00	 6.8618e-01	 3.5315e+02	 2.6980e+03
 4.9879e+05	 2.6350e+03	-3.0908e+00	 4.8619e+01	 3.5314e+02	 2.7007e+03
 7.4818e+05	 2.6350e+03	 3.6401e+00	 4.3832e-01	 3.5314e+02	 2.7071e+03
 9.0000e+05	 2.6350e+03	 3.5886e+00	 3.9943e-01	 3.5314e+02	 2.7150e+03
 1.0000e+02	 2.7122e+03	 6.0011e+00	 1.1359e-01	 3.5315e+02	 2.7228e+03
 1.5000e+02	 2.7122e+03	 5.9759e+00	 1.1770e-01	 3.5315e+02	 2.7258e+03
 2.2500e+02	 2.7122e+03	 5.9469e+00	 1.2921e-01	 3.5315e+02	 2.7282e+03
 3.3750e+02	 2.7122e+03	 5.9165e+00	 1.4151e-01	 3.5315e+02	 2.7306e+03
 5.0625e+02	 2.7122e+03	 5.8824e+00	 1.5711e-01	 3.5315e+02	 2.7331e+03
 7.5938e+02	 2.7122e+03	 5.8444e+00	 1.7664e-01	 3.5315e+02	 2.7356e+03
 1.1391e+03	 2.7122e+03	 5.8012e+00	 1.9991e-01	 3.5315e+02	 2.7383e+03
 1.7086e+03	 2.7122e+03	 5.7516e+00	 2.2728e-01	 3.5315e+02	 2.7409e+03
 2.5629e+03	 2.7122e+03	 5.6951e+00	 2.5914e-01	 3.5315e+02	 2.7436e+03
 3.8443e+03	 2.7122e+03	 5.6296e+00	 2.9603e-01	 3.5316e+02	 2.7460e+03
 5.7665e+03	 2.7122e+03	 5.5544e+00	 3.3788e-01	 3.5316e+02	 2.7485e+03
 8.6498e+03	 2.7122e+03	 5.4675e+00	 3.8486e-01	 3.5316e+02	 2.7511e+03
 1.2975e+04	 2.7122e+03	 5.3674e+00	 4.3703e-01	 3.5316e+02	 2.7535e+03
 1.9462e+04	 2.7122e+03	 5.2519e+00	 4.9417e-01	 3.5316e+02	 2.7563e+03
 2.9193e+04	 2.7122e+03	 5.1185e+00	 5.5523e-01	 3.5316e+02	 2.7589e+03
 4.3789e+04	 2.7122e+03	 4.9642e+00	 6.1817e-01	 3.5316e+02	 2.7613e+03
 6.5684e+04	 2.7122e+03	 4.7851e+00	 6.7812e-01	 3.5316e+02	 2.7639e+03
 9.8526e+04	 2.7122e+03	 4.5798e+00	 7.2592e-01	 3.5315e+02	 2.7665e+03
 1.4779e+05	 2.7122e+03	 4.3769e+00	 7.5136e-01	 3.5314e+02	 2.7692e+03
 2.2168e+05	 2.7122e+03	 4.1431e+00	 7.3554e-01	 3.5314e+02	 2.7718e+03
 3.3253e+05	 2.7122e+03	 3.9262e+00	 6.8185e-01	 3.5313e+02	 2.7745e+03
 4.9879e+05	 2.7122e+03	-3.0503e+00	 4.8528e+01	 3.5313e+02	 2.7772e+03
 7.4818e+05	 2.7122e+03	 3.6334e+00	 4.4039e-01	 3.5312e+02	 2.7837e+03
 9.0000e+05	 2.7122e+03	 3.5818e+00	 4.0238e-01	 3.5313e+02	 2.7915e+03
 1.0000e+02	 2.7887e+03	 5.9973e+00	 1.1519e-01	 3.5314e+02	 2.7993e+03
 1.5000e+02	 2.7887e+03	 5.9716e+00	 1.1988e-01	 3.5314e+02	 2.8018e+03
 2.2500e+02	 2.7887e+03	 5.9422e+00	 1.3098e-01	 3.5315e+02	 2.8045e+03
 3.3750e+02	 2.7887e+03	 5.9113e+00	 1.4355e-01	 3.5315e+02	 2.8070e+03
 5.0625e+02	 2.7887e+03	 5.8769e+00	 1.5926e-01	 3.5315e+02	 2.8096e+03
 7.5938e+02	 2.7887e+03	 5.8382e+00	 1.7896e-01	 3.5315e+02	 2.8122e+03
 1.1391e+03	 2.7887e+03	 5.7943e+00	 2.0227e-01	 3.5315e+02	 2.8146e+03
 1.7086e+03	 2.7887e+03	 5.7440e+00	 2.2995e-01	 3.5316e+02	 2.8172e+03
 2.5629e+03	 2.7887e+03	 5.6866e+00	 2.6199e-01	 3.5316e+02	 2.8198e+03
 3.8443e+03	 2.7887e+03	 5.6205e+00	 2.9897e-01	 3.5315e+02	 2.8224e+03
 5.7665e+03	 2.7887e+03	 5.5444e+00	 3.4060e-01	 3.5316e+02	 2.8249e+03
 8.6498e+03	 2.7887e+03	 5.4567e+00	 3.8742e-01	 3.5316e+02	 2.8276e+03
 1.2975e+04	 2.7887e+03	 5.3556e+00	 4.3900e-01	 3.5316e+02	 2.8300e+03
 1.9462e+04	 2.7887e+03	 5.2396e+00	 4.9547e-01	 3.5317e+02	 2.8326e+03
 2.9193e+04	 2.7887e+03	 5.1054e+00	 5.5576e-01	 3.5316e+02	 2.8352e+03
 4.3789e+04	 2.7887e+03	 4.9510e+00	 6.1757e-01	 3.5316e+02	 2.8376e+03
 6.5684e+04	 2.7887e+03	 4.7729e+00	 6.7650e-01	 3.5317e+02	 2.8401e+03
 9.8526e+04	 2.7887e+03	 4.5685e+00	 7.2309e-01	 3.5317e+02	 2.8428e+03
 1.4779e+05	 2.7887e+03	 4.3672e+00	 7.4777e-01	 3.5317e+02	 2.8452e+03
 2.2168e+05	 2.7887e+03	 4.1350e+00	 7.3176e-01	 3.5318e+02	 2.8480e+03
 3.3253e+05	 2.7887e+03	 3.9196e+00	 6.7848e-01	 3.5317e+02	 2.8504e+03
 4.9879e+05	 2.7887e+03	-3.0195e+00	 4.8458e+01	 3.5317e+02	 2.8533e+03
 7.4818e+05	 2.7887e+03	 3.6283e+00	 4.4205e-01	 3.5316e+02	 2.8597e+03
 9.0000e+05	 2.7887e+03	 3.5768e+00	 4.0461e-01	 3.5316e+02	 2.8674e+03
 1.0000e+02	 2.8645e+03	 5.9938e+00	 1.1650e-01	 3.5315e+02	 2.8756e+03
 1.5000e+02	 2.8645e+03	 5.9673e+00	 1.2482e-01	 3.5316e+02	 2.8781e+03
 2.2500e+02	 2.8645e+03	 5.9381e+00	 1.3259e-01	 3.5316e+02	 2.8809e+03
 3.3750e+02	 2.8645e+03	 5.9068e+00	 1.4543e-01	 3.5315e+02	 2.8834e+03
 5.0625e+02	 2.8645e+03	 5.8717e+00	 1.6158e-01	 3.5315e+02	 2.8862e+03
 7.5938e+02	 2.8645e+03	 5.8322e+00	 1.8135e-01	 3.5315e+02	 2.8888e+03
 1.1391e+03	 2.8645e+03	 5.7875e+00	 2.0527e-01	 3.5315e+02	 2.8916e+03
 1.7086e+03	 2.8645e+03	 5.7365e+00	 2.3274e-01	 3.5315e+02	 2.8941e+03
 2.5629e+03	 2.8645e+03	 5.6783e+00	 2.6499e-01	 3.5315e+02	 2.8968e+03
 3.8443e+03	 2.8645e+03	 5.6110e+00	 3.0167e-01	 3.5315e+02	 2.8992e+03
 5.7665e+03	 2.8645e+03	 5.5340e+00	 3.4338e-01	 3.5315e+02	 2.9018e+03
 8.6498e+03	 2.8645e+03	 5.4452e+00	 3.8990e-01	 3.5316e+02	 2.9046e+03
 1.2975e+04	 2.8645e+03	 5.3434e+00	 4.4125e-01	 3.5316e+02	 2.9070e+03
 1.9462e+04	 2.8645e+03	 5.2265e+00	 4.9692e-01	 3.5316e+02	 2.9098e+03
 2.9193e+04	 2.8645e+03	 5.0921e+00	 5.5635e-01	 3.5315e+02	 2.9123e+03
 4.3789e+04	 2.8645e+03	 4.9374e+00	 6.1703e-01	 3.5316e+02	 2.9151e+03
 6.5684e+04	 2.8645e+03	 4.7594e+00	 6.7479e-01	 3.5316e+02	 2.9175e+03
 9.8526e+04	 2.8645e+03	 4.5556e+00	 7.2032e-01	 3.5316e+02	 2.9204e+03
 1.4779e+05	 2.8645e+03	 4.3555e+00	 7.4383e-01	 3.5316e+02	 2.9229e+03
 2.2168e+05	 2.8645e+03	 4.1251e+00	 7.2734e-01	 3.5316e+02	 2.9258e+03
 3.3253e+05	 2.8645e+03	 3.9114e+00	 6.7405e-01	 3.5315e+02	 2.9282e+03
 4.9879e+05	 2.8645e+03	-2.9787e+00	 4.8365e+01	 3.5315e+02	 2.9311e+03
 7.4818e+05	 2.8645e+03	 3.6215e+00	 4.4362e-01	 3.5315e+02	 2.9377e+03
 9.0000e+05	 2.8645e+03	 3.5704e+00	 4.0670e-01	 3.5314e+02	 2.9453e+03
 1.0000e+02	 2.9425e+03	 5.9899e+00	 1.1790e-01	 3.5314e+02	 2.9535e+03
 1.5000e+02	 2.9425e+03	 5.9633e+00	 1.2582e-01	 3.5314e+02	 2.9560e+03
 2.2500e+02	 2.9425e+03	 5.9332e+00	 1.3446e-01	 3.5314e+02	 2.9584e+03
 3.3750e+02	 2.9425e+03	 5.9014e+00	 1.4753e-01	 3.5314e+02	 2.9610e+03
 5.0625e+02	 2.9425e+03	 5.8658e+00	 1.6397e-01	 3.5314e+02	 2.9634e+03
 7.5938e+02	 2.9425e+03	 5.8258e+00	 1.8389e-01	 3.5314e+02	 2.9660e+03
 1.1391e+03	 2.9425e+03	 5.7806e+00	 2.0762e-01	 3.5313e+02	 2.9687e+03
 1.7086e+03	 2.9425e+03	 5.7288e+00	 2.3551e-01	 3.5313e+02	 2.9716e+03
 2.5629e+03	 2.9425e+03	 5.6696e+00	 2.6797e-01	 3.5314e+02	 2.9741e+03
 3.8443e+03	 2.9425e+03	 5.6016e+00	 3.0473e-01	 3.5314e+02	 2.9769e+03
 5.7665e+03	 2.9425e+03	 5.5235e+00	 3.4618e-01	 3.5314e+02	 2.9793e+03
 8.6498e+03	 2.9425e+03	 5.4339e+00	 3.9240e-01	 3.5314e+02	 2.9821e+03
 1.2975e+04	 2.9425e+03	 5.3314e+00	 4.4337e-01	 3.5314e+02	 2.9846e+03
 1.9462e+04	 2.9425e+03	 5.2136e+00	 4.9834e-01	 3.5314e+02	 2.9871e+03
 2.9193e+04	 2.9425e+03	 5.0788e+00	 5.5697e-01	 3.5314e+02	 2.9897e+03
 4.3789e+04	 2.9425e+03	 4.9241e+00	 6.1661e-01	 3.5315e+02	 2.9921e+03
 6.5684e+04	 2.9425e+03	 4.7463e+00	 6.7307e-01	 3.5314e+02	 2.9948e+03
 9.8526e+04	 2.9425e+03	 4.5685e+00	 7.2037e-01	 3.5313e+02	 2.9974e+03
 1.4779e+05	 2.9425e+03	 4.3440e+00	 7.4002e-01	 3.5313e+02	 2.9998e+03
 2.2168e+05	 2.9425e+03	 4.1149e+00	 7.2306e-01	 3.5311e+02	 3.0025e+03
 3.3253e+05	 2.9425e+03	 3.9027e+00	 6.6961e-01	 3.5312e+02	 3.0050e+03
 4.9879e+05	 2.9425e+03	-2.9329e+00	 4.8265e+01	 3.5310e+02	 3.0080e+03
 7.4818e+05	 2.9425e+03	 3.6145e+00	 4.4217e-01	 3.5308e+02	 3.0146e+03
 9.0000e+05	 2.9425e+03	 3.5643e+00	 4.0513e-01	 3.5308e+02	 3.0225e+03
 1.0000e+02	 3.0197e+03	 5.9863e+00	 1.1941e-01	 3.5310e+02	 3.0303e+03
 1.5000e+02	 3.0197e+03	 5.9589e+00	 1.2653e-01	 3.5312e+02	 3.0327e+03
 2.2500e+02	 3.0197e+03	 5.9288e+00	 1.3637e-01	 3.5313e+02	 3.0352e+03
 3.3750e+02	 3.0197e+03	 5.8963e+00	 1.4939e-01	 3.5313e+02	 3.0378e+03
 5.0625e+02	 3.0197e+03	 5.8606e+00	 1.6615e-01	 3.5314e+02	 3.0405e+03
 7.5938e+02	 3.0197e+03	 5.8202e+00	 1.8607e-01	 3.5315e+02	 3.0431e+03
 1.1391e+03	 3.0197e+03	 5.7746e+00	 2.1002e-01	 3.5315e+02	 3.0458e+03
 1.7086e+03	 3.0197e+03	 5.7219e+00	 2.3803e-01	 3.5316e+02	 3.0484e+03
 2.5629e+03	 3.0197e+03	 5.6626e+00	 2.7043e-01	 3.5317e+02	 3.0511e+03
 3.8443e+03	 3.0197e+03	 5.5939e+00	 3.0707e-01	 3.5318e+02	 3.0536e+03
 5.7665e+03	 3.0197e+03	 5.5154e+00	 3.4824e-01	 3.5318e+02	 3.0561e+03
 8.6498e+03	 3.0197e+03	 5.4252e+00	 3.9427e-01	 3.5318e+02	 3.0587e+03
 1.2975e+04	 3.0197e+03	 5.3222e+00	 4.4470e-01	 3.5318e+02	 3.0611e+03
 1.9462e+04	 3.0197e+03	 5.2040e+00	 4.9911e-01	 3.5320e+02	 3.0639e+03
 2.9193e+04	 3.0197e+03	 5.0690e+00	 5.5686e-01	 3.5319e+02	 3.0664e+03
 4.3789e+04	 3.0197e+03	 4.9146e+00	 6.1578e-01	 3.5320e+02	 3.0689e+03
 6.5684e+04	 3.0197e+03	 4.7374e+00	 6.7127e-01	 3.5320e+02	 3.0715e+03
 9.8526e+04	 3.0197e+03	 4.5606e+00	 7.1785e-01	 3.5320e+02	 3.0741e+03
 1.4779e+05	 3.0197e+03	 4.3374e+00	 7.3697e-01	 3.5320e+02	 3.0768e+03
 2.2168e+05	 3.0197e+03	 4.1098e+00	 7.2018e-01	 3.5320e+02	 3.0793e+03
 3.3253e+05	 3.0197e+03	 3.8988e+00	 6.6729e-01	 3.5321e+02	 3.0820e+03
 4.9879e+05	 3.0197e+03	-2.9172e+00	 4.8226e+01	 3.5321e+02	 3.0847e+03
 7.4818e+05	 3.0197e+03	 3.6120e+00	 4.4211e-01	 3.5319e+02	 3.0911e+03
 9.0000e+05	 3.0197e+03	 3.5615e+00	 4.0549e-01	 3.5320e+02	 3.0991e+03
 1.0000e+02	 3.0962e+03	 5.9838e+00	 1.2078e-01	 3.5319e+02	 3.1068e+03
 1.5000e+02	 3.0962e+03	 5.9561e+00	 1.2832e-01	 3.5318e+02	 3.1093e+03
 2.2500e+02	 3.0962e+03	 5.9256e+00	 1.3777e-01	 3.5319e+02	 3.1119e+03
 3.3750e+02	 3.0962e+03	 5.8928e+00	 1.5113e-01	 3.5318e+02	 3.1144e+03
 5.0625e+02	 3.0962e+03	 5.8562e+00	 1.6792e-01	 3.5318e+02	 3.1171e+03
 7.5938e+02	 3.0962e+03	 5.8151e+00	 1.8822e-01	 3.5318e+02	 3.1196e+03
 1.1391e+03	 3.0962e+03	 5.7686e+00	 2.1197e-01	 3.5317e+02	 3.1221e+03
 1.7086e+03	 3.0962e+03	 5.7153e+00	 2.4039e-01	 3.5317e+02	 3.1248e+03
 2.5629e+03	 3.0962e+03	 5.6546e+00	 2.7295e-01	 3.5317e+02	 3.1273e+03
 3.8443e+03	 3.0962e+03	 5.5848e+00	 3.0971e-01	 3.5317e+02	 3.1300e+03
 5.7665e+03	 3.0962e+03	 5.5053e+00	 3.5096e-01	 3.5317e+02	 3.1326e+03
 8.6498e+03	 3.0962e+03	 5.4141e+00	 3.9670e-01	 3.5316e+02	 3.1353e+03
 1.2975e+04	 3.0962e+03	 5.3100e+00	 4.4677e-01	 3.5316e+02	 3.1378e+03
 1.9462e+04	 3.0962e+03	 5.1908e+00	 5.0053e-01	 3.5316e+02	 3.1407e+03
 2.9193e+04	 3.0962e+03	 5.0551e+00	 5.5748e-01	 3.5316e+02	 3.1433e+03
 4.3789e+04	 3.0962e+03	 4.9003e+00	 6.1536e-01	 3.5316e+02	 3.1461e+03
 6.5684e+04	 3.0962e+03	 4.7230e+00	 6.6980e-01	 3.5316e+02	 3.1485e+03
 9.8526e+04	 3.0962e+03	 4.5468e+00	 7.1500e-01	 3.5316e+02	 3.1514e+03
 1.4779e+05	 3.0962e+03	 4.3247e+00	 7.3310e-01	 3.5316e+02	 3.1538e+03
 2.2168e+05	 3.0962e+03	 4.0989e+00	 7.1557e-01	 3.5316e+02	 3.1566e+03
 3.3253e+05	 3.0962e+03	 3.8896e+00	 6.6253e-01	 3.5315e+02	 3.1591e+03
 4.9879e+05	 3.0962e+03	-2.8695e+00	 4.8123e+01	 3.5315e+02	 3.1617e+03
 7.4818e+05	 3.0962e+03	 3.6053e+00	 4.3968e-01	 3.5315e+02	 3.1684e+03
 9.0000e+05	 3.0962e+03	 3.5553e+00	 4.0328e-01	 3.5314e+02	 3.1762e+03
 1.0000e+02	 3.1734e+03	 5.9795e+00	 1.2208e-01	 3.5314e+02	 3.1843e+03
 1.5000e+02	 3.1734e+03	 5.9488e+00	 1.2985e-01	 3.5314e+02	 3.1868e+03
 2.2500e+02	 3.1734e+03	 5.9204e+00	 1.3957e-01	 3.5313e+02	 3.1896e+03
 3.3750e+02	 3.1734e+03	 5.8873e+00	 1.5318e-01	 3.5314e+02	 3.1920e+03
 5.0625e+02	 3.1734e+03	 5.8501e+00	 1.7025e-01	 3.5314e+02	 3.1944e+03
 7.5938e+02	 3.1734e+03	 5.8084e+00	 1.9071e-01	 3.5314e+02	 3.1972e+03
 1.1391e+03	 3.1734e+03	 5.7609e+00	 2.1484e-01	 3.5314e+02	 3.1996e+03
 1.7086e+03	 3.1734e+03	 5.7069e+00	 2.4343e-01	 3.5314e+02	 3.2025e+03
 2.5629e+03	 3.1734e+03	 5.6456e+00	 2.7590e-01	 3.5314e+02	 3.2051e+03
 3.8443e+03	 3.1734e+03	 5.5752e+00	 3.1258e-01	 3.5314e+02	 3.2078e+03
 5.7665e+03	 3.1734e+03	 5.4946e+00	 3.5373e-01	 3.5314e+02	 3.2104e+03
 8.6498e+03	 3.1734e+03	 5.4026e+00	 3.9913e-01	 3.5313e+02	 3.2131e+03
 1.2975e+04	 3.1734e+03	 5.2977e+00	 4.4878e-01	 3.5314e+02	 3.2156e+03
 1.9462e+04	 3.1734e+03	 5.1780e+00	 5.0185e-01	 3.5313e+02	 3.2183e+03
 2.9193e+04	 3.1734e+03	 5.0421e+00	 5.5808e-01	 3.5313e+02	 3.2209e+03
 4.3789e+04	 3.1734e+03	 4.8872e+00	 6.1497e-01	 3.5312e+02	 3.2233e+03
 6.5684e+04	 3.1734e+03	 4.7102e+00	 6.6818e-01	 3.5313e+02	 3.2258e+03
 9.8526e+04	 3.1734e+03	 4.5347e+00	 7.1245e-01	 3.5313e+02	 3.2284e+03
 1.4779e+05	 3.1734e+03	 4.3139e+00	 7.2953e-01	 3.5313e+02	 3.2311e+03
 2.2168e+05	 3.1734e+03	 4.0893e+00	 7.1130e-01	 3.5313e+02	 3.2338e+03
 3.3253e+05	 3.1734e+03	 3.8817e+00	 6.5846e-01	 3.5313e+02	 3.2365e+03
 4.9879e+05	 3.1734e+03	-2.8313e+00	 4.8037e+01	 3.5314e+02	 3.2392e+03
 7.4818e+05	 3.1734e+03	 3.5998e+00	 4.3764e-01	 3.5313e+02	 3.2459e+03
 9.0000e+05	 3.1734e+03	 3.5503e+00	 4.0177e-01	 3.5310e+02	 3.2538e+03
 1.0000e+02	 3.2509e+03	 5.9759e+00	 1.2320e-01	 3.5312e+02	 3.2616e+03
 1.5000e+02	 3.2509e+03	 5.9454e+00	 1.3196e-01	 3.5312e+02	 3.2642e+03
 2.2500e+02	 3.2509e+03	 5.9163e+00	 1.4123e-01	 3.5313e+02	 3.2666e+03
 3.3750e+02	 3.2509e+03	 5.8825e+00	 1.5504e-01	 3.5314e+02	 3.2691e+03
 5.0625e+02	 3.2509e+03	 5.8450e+00	 1.7222e-01	 3.5314e+02	 3.2717e+03
 7.5938e+02	 3.2509e+03	 5.8028e+00	 1.9280e-01	 3.5314e+02	 3.2743e+03
 1.1391e+03	 3.2509e+03	 5.7551e+00	 2.1731e-01	 3.5314e+02	 3.2770e+03
 1.7086e+03	 3.2509e+03	 5.7006e+00	 2.4579e-01	 3.5314e+02	 3.2796e+03
 2.5629e+03	 3.2509e+03	 5.6382e+00	 2.7819e-01	 3.5314e+02	 3.2822e+03
 3.8443e+03	 3.2509e+03	 5.5672e+00	 3.1477e-01	 3.5315e+02	 3.2848e+03
 5.7665e+03	 3.2509e+03	 5.4862e+00	 3.5574e-01	 3.5315e+02	 3.2872e+03
 8.6498e+03	 3.2509e+03	 5.3937e+00	 4.0104e-01	 3.5316e+02	 3.2898e+03
 1.2975e+04	 3.2509e+03	 5.2883e+00	 4.5013e-01	 3.5316e+02	 3.2922e+03
 1.9462e+04	 3.2509e+03	 5.1684e+00	 5.0263e-01	 3.5314e+02	 3.2951e+03
 2.9193e+04	 3.2509e+03	 5.0321e+00	 5.5802e-01	 3.5315e+02	 3.2976e+03
 4.3789e+04	 3.2509e+03	 4.8772e+00	 6.1406e-01	 3.5316e+02	 3.3001e+03
 6.5684e+04	 3.2509e+03	 4.7004e+00	 6.6647e-01	 3.5315e+02	 3.3028e+03
 9.8526e+04	 3.2509e+03	 4.5261e+00	 7.0994e-01	 3.5315e+02	 3.3056e+03
 1.4779e+05	 3.2509e+03	 4.3062e+00	 7.2643e-01	 3.5315e+02	 3.3081e+03
 2.2168e+05	 3.2509e+03	 4.0832e+00	 7.0828e-01	 3.5315e+02	 3.3109e+03
 3.3253e+05	 3.2509e+03	 3.8766e+00	 6.5569e-01	 3.5315e+02	 3.3133e+03
 4.9879e+05	 3.2509e+03	-2.8064e+00	 4.7978e+01	 3.5316e+02	 3.3160e+03
 7.4818e+05	 3.2509e+03	 3.5959e+00	 4.3618e-01	 3.5316e+02	 3.3225e+03
 9.0000e+05	 3.2509e+03	 3.5467e+00	 4.0052e-01	 3.5316e+02	 3.3302e+03
 1.0000e+02	 3.3274e+03	 5.9729e+00	 1.2498e-01	 3.5316e+02	 3.3381e+03
 1.5000e+02	 3.3274e+03	 5.9441e+00	 1.3247e-01	 3.5316e+02	 3.3408e+03
 2.2500e+02	 3.3274e+03	 5.9128e+00	 1.4282e-01	 3.5315e+02	 3.3432e+03
 3.3750e+02	 3.3274e+03	 5.8787e+00	 1.5685e-01	 3.5316e+02	 3.3456e+03
 5.0625e+02	 3.3274e+03	 5.8406e+00	 1.7417e-01	 3.5316e+02	 3.3483e+03
 7.5938e+02	 3.3274e+03	 5.7979e+00	 1.9492e-01	 3.5315e+02	 3.3509e+03
 1.1391e+03	 3.3274e+03	 5.7495e+00	 2.1948e-01	 3.5315e+02	 3.3537e+03
 1.7086e+03	 3.3274e+03	 5.6939e+00	 2.4807e-01	 3.5315e+02	 3.3563e+03
 2.5629e+03	 3.3274e+03	 5.6312e+00	 2.8075e-01	 3.5315e+02	 3.3590e+03
 3.8443e+03	 3.3274e+03	 5.5593e+00	 3.1735e-01	 3.5315e+02	 3.3614e+03
 5.7665e+03	 3.3274e+03	 5.4773e+00	 3.5796e-01	 3.5315e+02	 3.3641e+03
 8.6498e+03	 3.3274e+03	 5.3840e+00	 4.0292e-01	 3.5314e+02	 3.3666e+03
 1.2975e+04	 3.3274e+03	 5.2782e+00	 4.5170e-01	 3.5315e+02	 3.3691e+03
 1.9462e+04	 3.3274e+03	 5.1573e+00	 5.0364e-01	 3.5315e+02	 3.3717e+03
 2.9193e+04	 3.3274e+03	 5.0209e+00	 5.5823e-01	 3.5315e+02	 3.3743e+03
 4.3789e+04	 3.3274e+03	 4.8659e+00	 6.1339e-01	 3.5315e+02	 3.3771e+03
 6.5684e+04	 3.3274e+03	 4.6894e+00	 6.6487e-01	 3.5315e+02	 3.3796e+03
 9.8526e+04	 3.3274e+03	 4.5157e+00	 7.0748e-01	 3.5315e+02	 3.3821e+03
 1.4779e+05	 3.3274e+03	 4.2971e+00	 7.2326e-01	 3.5315e+02	 3.3846e+03
 2.2168e+05	 3.3274e+03	 4.0752e+00	 7.0465e-01	 3.5315e+02	 3.3871e+03
 3.3253e+05	 3.3274e+03	 3.8702e+00	 6.5218e-01	 3.5316e+02	 3.3898e+03
 4.9879e+05	 3.3274e+03	-2.7737e+00	 4.7906e+01	 3.5316e+02	 3.3925e+03
 7.4818e+05	 3.3274e+03	 3.5912e+00	 4.3415e-01	 3.5316e+02	 3.3991e+03
 9.0000e+05	 3.3274e+03	 3.5423e+00	 3.9850e-01	 3.5316e+02	 3.4069e+03
 1.0000e+02	 3.4041e+03	 5.9700e+00	 1.2584e-01	 3.5317e+02	 3.4147e+03
 1.5000e+02	 3.4041e+03	 5.9379e+00	 1.3579e-01	 3.5316e+02	 3.4175e+03
 2.2500e+02	 3.4041e+03	 5.9088e+00	 1.4448e-01	 3.5316e+02	 3.4199e+03
 3.3750e+02	 3.4041e+03	 5.8741e+00	 1.5865e-01	 3.5316e+02	 3.4226e+03
 5.0625e+02	 3.4041e+03	 5.8355e+00	 1.7601e-01	 3.5316e+02	 3.4251e+03
 7.5938e+02	 3.4041e+03	 5.7922e+00	 1.9715e-01	 3.5316e+02	 3.4278e+03
 1.1391e+03	 3.4041e+03	 5.7432e+00	 2.2167e-01	 3.5315e+02	 3.4304e+03
 1.7086e+03	 3.4041e+03	 5.6872e+00	 2.5045e-01	 3.5315e+02	 3.4333e+03
 2.5629e+03	 3.4041e+03	 5.6235e+00	 2.8294e-01	 3.5315e+02	 3.4359e+03
 3.8443e+03	 3.4041e+03	 5.5508e+00	 3.1958e-01	 3.5315e+02	 3.4386e+03
 5.7665e+03	 3.4041e+03	 5.4683e+00	 3.6022e-01	 3.5315e+02	 3.4411e+03
 8.6498e+03	 3.4041e+03	 5.3742e+00	 4.0485e-01	 3.5314e+02	 3.4436e+03
 1.2975e+04	 3.4041e+03	 5.2675e+00	 4.5323e-01	 3.5315e+02	 3.4461e+03
 1.9462e+04	 3.4041e+03	 5.1465e+00	 5.0470e-01	 3.5315e+02	 3.4487e+03
 2.9193e+04	 3.4041e+03	 5.0095e+00	 5.5861e-01	 3.5315e+02	 3.4514e+03
 4.3789e+04	 3.4041e+03	 4.8544e+00	 6.1276e-01	 3.5315e+02	 3.4539e+03
 6.5684e+04	 3.4041e+03	 4.6782e+00	 6.6331e-01	 3.5315e+02	 3.4566e+03
 9.8526e+04	 3.4041e+03	 4.5051e+00	 7.0493e-01	 3.5315e+02	 3.4592e+03
 1.4779e+05	 3.4041e+03	 4.2875e+00	 7.1999e-01	 3.5315e+02	 3.4618e+03
 2.2168e+05	 3.4041e+03	 4.0669e+00	 7.0091e-01	 3.5315e+02	 3.4646e+03
 3.3253e+05	 3.4041e+03	 3.8632e+00	 6.4850e-01	 3.5315e+02	 3.4673e+03
 4.9879e+05	 3.4041e+03	-2.7392e+00	 4.7829e+01	 3.5314e+02	 3.4700e+03
 7.4818e+05	 3.4041e+03	 3.5862e+00	 4.3167e-01	 3.5315e+02	 3.4770e+03
 9.0000e+05	 3.4041e+03	 3.5374e+00	 3.9642e-01	 3.5315e+02	 3.4849e+03
 1.0000e+02	 3.4821e+03	 5.9663e+00	 1.2736e-01	 3.5315e+02	 3.4932e+03
 1.5000e+02	 3.4821e+03	 5.9378e+00	 1.3486e-01	 3.5315e+02	 3.4957e+03
 2.2500e+02	 3.4821e+03	 5.9045e+00	 1.4623e-01	 3.5315e+02	 3.4983e+03
 3.3750e+02	 3.4821e+03	 5.8694e+00	 1.6042e-01	 3.5315e+02	 3.5007e+03
 5.0625e+02	 3.4821e+03	 5.8305e+00	 1.7794e-01	 3.5315e+02	 3.5031e+03
 7.5938e+02	 3.4821e+03	 5.7864e+00	 1.9935e-01	 3.5314e+02	 3.5058e+03
 1.1391e+03	 3.4821e+03	 5.7367e+00	 2.2433e-01	 3.5315e+02	 3.5082e+03
 1.7086e+03	 3.4821e+03	 5.6800e+00	 2.5274e-01	 3.5314e+02	 3.5110e+03
 2.5629e+03	 3.4821e+03	 5.6159e+00	 2.8539e-01	 3.5315e+02	 3.5136e+03
 3.8443e+03	 3.4821e+03	 5.5425e+00	 3.2191e-01	 3.5315e+02	 3.5163e+03
 5.7665e+03	 3.4821e+03	 5.4592e+00	 3.6234e-01	 3.5316e+02	 3.5188e+03
 8.6498e+03	 3.4821e+03	 5.3645e+00	 4.0668e-01	 3.5315e+02	 3.5216e+03
 1.2975e+04	 3.4821e+03	 5.2574e+00	 4.5460e-01	 3.5315e+02	 3.5241e+03
 1.9462e+04	 3.4821e+03	 5.1360e+00	 5.0556e-01	 3.5315e+02	 3.5269e+03
 2.9193e+04	 3.4821e+03	 4.9986e+00	 5.5860e-01	 3.5316e+02	 3.5294e+03
 4.3789e+04	 3.4821e+03	 4.8436e+00	 6.1199e-01	 3.5315e+02	 3.5319e+03
 6.5684e+04	 3.4821e+03	 4.6680e+00	 6.6180e-01	 3.5315e+02	 3.5345e+03
 9.8526e+04	 3.4821e+03	 4.4954e+00	 7.0235e-01	 3.5315e+02	 3.5371e+03
 1.4779e+05	 3.4821e+03	 4.2788e+00	 7.1681e-01	 3.5315e+02	 3.5398e+03
 2.2168e+05	 3.4821e+03	 4.0595e+00	 6.9757e-01	 3.5315e+02	 3.5424e+03
 3.3253e+05	 3.4821e+03	 3.8572e+00	 6.4518e-01	 3.5315e+02	 3.5451e+03
 4.9879e+05	 3.4821e+03	-2.7074e+00	 4.7759e+01	 3.5315e+02	 3.5479e+03
 7.4818e+05	 3.4821e+03	 3.5816e+00	 4.2938e-01	 3.5315e+02	 3.5544e+03
 9.0000e+05	 3.4821e+03	 3.5331e+00	 3.9420e-01	 3.5315e+02	 3.5624e+03
 1.0000e+02	 3.5596e+03	 5.9630e+00	 1.2865e-01	 3.5316e+02	 3.5706e+03
 1.5000e+02	 3.5596e+03	 5.9313e+00	 1.3620e-01	 3.5315e+02	 3.5731e+03
 2.2500e+02	 3.5596e+03	 5.9006e+00	 1.4791e-01	 3.5316e+02	 3.5756e+03
 3.3750e+02	 3.5596e+03	 5.8648e+00	 1.6223e-01	 3.5315e+02	 3.5782e+03
 5.0625e+02	 3.5596e+03	 5.8253e+00	 1.8011e-01	 3.5315e+02	 3.5807e+03
 7.5938e+02	 3.5596e+03	 5.7807e+00	 2.0140e-01	 3.5314e+02	 3.5835e+03
 1.1391e+03	 3.5596e+03	 5.7305e+00	 2.2669e-01	 3.5314e+02	 3.5860e+03
 1.7086e+03	 3.5596e+03	 5.6731e+00	 2.5522e-01	 3.5314e+02	 3.5889e+03
 2.5629e+03	 3.5596e+03	 5.6079e+00	 2.8791e-01	 3.5313e+02	 3.5914e+03
 3.8443e+03	 3.5596e+03	 5.5338e+00	 3.2435e-01	 3.5313e+02	 3.5941e+03
 5.7665e+03	 3.5596e+03	 5.4495e+00	 3.6473e-01	 3.5312e+02	 3.5965e+03
 8.6498e+03	 3.5596e+03	 5.3539e+00	 4.0880e-01	 3.5311e+02	 3.5994e+03
 1.2975e+04	 3.5596e+03	 5.2460e+00	 4.5623e-01	 3.5311e+02	 3.6019e+03
 1.9462e+04	 3.5596e+03	 5.1238e+00	 5.0658e-01	 3.5312e+02	 3.6045e+03
 2.9193e+04	 3.5596e+03	 4.9862e+00	 5.5890e-01	 3.5311e+02	 3.6072e+03
 4.3789e+04	 3.5596e+03	 4.8311e+00	 6.1147e-01	 3.5311e+02	 3.6098e+03
 6.5684e+04	 3.5596e+03	 4.6557e+00	 6.6033e-01	 3.5312e+02	 3.6124e+03
 9.8526e+04	 3.5596e+03	 4.4836e+00	 6.9998e-01	 3.5312e+02	 3.6149e+03
 1.4779e+05	 3.5596e+03	 4.2685e+00	 7.1349e-01	 3.5313e+02	 3.6174e+03
 2.2168e+05	 3.5596e+03	 4.0507e+00	 6.9370e-01	 3.5313e+02	 3.6200e+03
 3.3253e+05	 3.5596e+03	 3.8499e+00	 6.4147e-01	 3.5313e+02	 3.6228e+03
 4.9879e+05	 3.5596e+03	-2.6729e+00	 4.7682e+01	 3.5314e+02	 3.6254e+03
 7.4818e+05	 3.5596e+03	 3.5768e+00	 4.2710e-01	 3.5315e+02	 3.6318e+03
 9.0000e+05	 3.5596e+03	 3.5289e+00	 3.9258e-01	 3.5315e+02	 3.6396e+03
 1.0000e+02	 3.6368e+03	 5.9600e+00	 1.2968e-01	 3.5316e+02	 3.6473e+03
 1.5000e+02	 3.6368e+03	 5.9274e+00	 1.3644e-01	 3.5316e+02	 3.6497e+03
 2.2500e+02	 3.6368e+03	 5.8969e+00	 1.4944e-01	 3.5316e+02	 3.6523e+03
 3.3750e+02	 3.6368e+03	 5.8609e+00	 1.6407e-01	 3.5317e+02	 3.6548e+03
 5.0625e+02	 3.6368e+03	 5.8208e+00	 1.8186e-01	 3.5317e+02	 3.6576e+03
 7.5938e+02	 3.6368e+03	 5.7760e+00	 2.0341e-01	 3.5317e+02	 3.6601e+03
 1.1391e+03	 3.6368e+03	 5.7252e+00	 2.2837e-01	 3.5317e+02	 3.6629e+03
 1.7086e+03	 3.6368e+03	 5.6675e+00	 2.5721e-01	 3.5317e+02	 3.6654e+03
 2.5629e+03	 3.6368e+03	 5.6019e+00	 2.8983e-01	 3.5317e+02	 3.6681e+03
 3.8443e+03	 3.6368e+03	 5.5272e+00	 3.2610e-01	 3.5317e+02	 3.6706e+03
 5.7665e+03	 3.6368e+03	 5.4426e+00	 3.6636e-01	 3.5318e+02	 3.6731e+03
 8.6498e+03	 3.6368e+03	 5.3466e+00	 4.1009e-01	 3.5317e+02	 3.6758e+03
 1.2975e+04	 3.6368e+03	 5.2384e+00	 4.5709e-01	 3.5317e+02	 3.6782e+03
 1.9462e+04	 3.6368e+03	 5.1159e+00	 5.0700e-01	 3.5318e+02	 3.6809e+03
 2.9193e+04	 3.6368e+03	 4.9784e+00	 5.5869e-01	 3.5318e+02	 3.6836e+03
 4.3789e+04	 3.6368e+03	 4.8233e+00	 6.1046e-01	 3.5317e+02	 3.6863e+03
 6.5684e+04	 3.6368e+03	 4.6482e+00	 6.5869e-01	 3.5318e+02	 3.6887e+03
 9.8526e+04	 3.6368e+03	 4.4767e+00	 6.9761e-01	 3.5317e+02	 3.6913e+03
 1.4779e+05	 3.6368e+03	 4.2622e+00	 7.1082e-01	 3.5317e+02	 3.6939e+03
 2.2168e+05	 3.6368e+03	 4.0453e+00	 6.9089e-01	 3.5317e+02	 3.6968e+03
 3.3253e+05	 3.6368e+03	 3.8452e+00	 6.3884e-01	 3.5317e+02	 3.6993e+03
 4.9879e+05	 3.6368e+03	-2.6485e+00	 4.7627e+01	 3.5317e+02	 3.7021e+03
 7.4818e+05	 3.6368e+03	 3.5729e+00	 4.2541e-01	 3.5316e+02	 3.7086e+03
 9.0000e+05	 3.6368e+03	 3.5250e+00	 3.9075e-01	 3.5316e+02	 3.7164e+03
 1.0000e+02	 3.7136e+03	 5.9567e+00	 1.3143e-01	 3.5315e+02	 3.7247e+03
 1.5000e+02	 3.7136e+03	 5.9255e+00	 1.3953e-01	 3.5316e+02	 3.7272e+03
 2.2500e+02	 3.7136e+03	 5.8926e+00	 1.5099e-01	 3.5315e+02	 3.7299e+03
 3.3750e+02	 3.7136e+03	 5.8561e+00	 1.6585e-01	 3.5315e+02	 3.7323e+03
 5.0625e+02	 3.7136e+03	 5.8157e+00	 1.8391e-01	 3.5315e+02	 3.7348e+03
 7.5938e+02	 3.7136e+03	 5.7701e+00	 2.0552e-01	 3.5315e+02	 3.7374e+03
 1.1391e+03	 3.7136e+03	 5.7186e+00	 2.3070e-01	 3.5315e+02	 3.7399e+03
 1.7086e+03	 3.7136e+03	 5.6601e+00	 2.5956e-01	 3.5315e+02	 3.7426e+03
 2.5629e+03	 3.7136e+03	 5.5938e+00	 2.9215e-01	 3.5315e+02	 3.7451e+03
 3.8443e+03	 3.7136e+03	 5.5184e+00	 3.2867e-01	 3.5314e+02	 3.7476e+03
 5.7665e+03	 3.7136e+03	 5.4328e+00	 3.6860e-01	 3.5315e+02	 3.7502e+03
 8.6498e+03	 3.7136e+03	 5.3359e+00	 4.1206e-01	 3.5314e+02	 3.7528e+03
 1.2975e+04	 3.7136e+03	 5.2271e+00	 4.5871e-01	 3.5314e+02	 3.7556e+03
 1.9462e+04	 3.7136e+03	 5.1041e+00	 5.0791e-01	 3.5314e+02	 3.7581e+03
 2.9193e+04	 3.7136e+03	 4.9661e+00	 5.5888e-01	 3.5314e+02	 3.7609e+03
 4.3789e+04	 3.7136e+03	 4.8111e+00	 6.1011e-01	 3.5314e+02	 3.7634e+03
 6.5684e+04	 3.7136e+03	 4.6363e+00	 6.5726e-01	 3.5314e+02	 3.7661e+03
 9.8526e+04	 3.7136e+03	 4.4653e+00	 6.9514e-01	 3.5313e+02	 3.7687e+03
 1.4779e+05	 3.7136e+03	 4.2521e+00	 7.0748e-01	 3.5314e+02	 3.7715e+03
 2.2168e+05	 3.7136e+03	 4.0364e+00	 6.8711e-01	 3.5314e+02	 3.7741e+03
 3.3253e+05	 3.7136e+03	 3.8378e+00	 6.3514e-01	 3.5314e+02	 3.7765e+03
 4.9879e+05	 3.7136e+03	-2.6132e+00	 4.7547e+01	 3.5314e+02	 3.7794e+03
 7.4818e+05	 3.7136e+03	 3.5681e+00	 4.2277e-01	 3.5315e+02	 3.7858e+03
 9.0000e+05	 3.7136e+03	 3.5206e+00	 3.8859e-01	 3.5315e+02	 3.7934e+03
 1.0000e+02	 3.7906e+03	 5.9531e+00	 1.3229e-01	 3.5315e+02	 3.8015e+03
 1.5000e+02	 3.7906e+03	 5.9230e+00	 1.4101e-01	 3.5315e+02	 3.8040e+03
 2.2500e+02	 3.7906e+03	 5.8886e+00	 1.5264e-01	 3.5314e+02	 3.8067e+03
 3.3750e+02	 3.7906e+03	 5.8520e+00	 1.6750e-01	 3.5315e+02	 3.8091e+03
 5.0625e+02	 3.7906e+03	 5.8108e+00	 1.8573e-01	 3.5314e+02	 3.8119e+03
 7.5938e+02	 3.7906e+03	 5.7647e+00	 2.0751e-01	 3.5315e+02	 3.8144e+03
 1.1391e+03	 3.7906e+03	 5.7127e+00	 2.3262e-01	 3.5315e+02	 3.8171e+03
 1.7086e+03	 3.7906e+03	 5.6534e+00	 2.6179e-01	 3.5315e+02	 3.8197e+03
 2.5629e+03	 3.7906e+03	 5.5867e+00	 2.9434e-01	 3.5315e+02	 3.8223e+03
 3.8443e+03	 3.7906e+03	 5.5107e+00	 3.3063e-01	 3.5315e+02	 3.8249e+03
 5.7665e+03	 3.7906e+03	 5.4247e+00	 3.7051e-01	 3.5316e+02	 3.8274e+03
 8.6498e+03	 3.7906e+03	 5.3273e+00	 4.1364e-01	 3.5315e+02	 3.8301e+03
 1.2975e+04	 3.7906e+03	 5.2180e+00	 4.5989e-01	 3.5315e+02	 3.8325e+03
 1.9462e+04	 3.7906e+03	 5.0946e+00	 5.0849e-01	 3.5315e+02	 3.8353e+03
 2.9193e+04	 3.7906e+03	 4.9565e+00	 5.5900e-01	 3.5315e+02	 3.8379e+03
 4.3789e+04	 3.7906e+03	 4.8014e+00	 6.0933e-01	 3.5315e+02	 3.8406e+03
 6.5684e+04	 3.7906e+03	 4.6266e+00	 6.5559e-01	 3.5315e+02	 3.8431e+03
 9.8526e+04	 3.7906e+03	 4.4565e+00	 6.9288e-01	 3.5315e+02	 3.8459e+03
 1.4779e+05	 3.7906e+03	 4.2438e+00	 7.0460e-01	 3.5315e+02	 3.8483e+03
 2.2168e+05	 3.7906e+03	 4.0294e+00	 6.8397e-01	 3.5314e+02	 3.8509e+03
 3.3253e+05	 3.7906e+03	 3.8320e+00	 6.3196e-01	 3.5314e+02	 3.8535e+03
 4.9879e+05	 3.7906e+03	-2.5833e+00	 4.7481e+01	 3.5315e+02	 3.8562e+03
 7.4818e+05	 3.7906e+03	 3.5637e+00	 4.2075e-01	 3.5315e+02	 3.8628e+03
 9.0000e+05	 3.7906e+03	 3.5163e+00	 3.8667e-01	 3.5315e+02	 3.8707e+03
 1.0000e+02	 3.8679e+03	 5.9500e+00	 1.3386e-01	 3.5314e+02	 3.8789e+03
 1.5000e+02	 3.8679e+03	 5.9178e+00	 1.4260e-01	 3.5314e+02	 3.8814e+03
 2.2500e+02	 3.8679e+03	 5.8846e+00	 1.5427e-01	 3.5315e+02	 3.8838e+03
 3.3750e+02	 3.8679e+03	 5.8471e+00	 1.6926e-01	 3.5314e+02	 3.8865e+03
 5.0625e+02	 3.8679e+03	 5.8056e+00	 1.8773e-01	 3.5314e+02	 3.8890e+03
 7.5938e+02	 3.8679e+03	 5.7589e+00	 2.0959e-01	 3.5315e+02	 3.8916e+03
 1.1391e+03	 3.8679e+03	 5.7064e+00	 2.3469e-01	 3.5315e+02	 3.8941e+03
 1.7086e+03	 3.8679e+03	 5.6467e+00	 2.6398e-01	 3.5315e+02	 3.8966e+03
 2.5629e+03	 3.8679e+03	 5.5793e+00	 2.9653e-01	 3.5315e+02	 3.8992e+03
 3.8443e+03	 3.8679e+03	 5.5026e+00	 3.3277e-01	 3.5315e+02	 3.9017e+03
 5.7665e+03	 3.8679e+03	 5.4159e+00	 3.7240e-01	 3.5315e+02	 3.9045e+03
 8.6498e+03	 3.8679e+03	 5.3179e+00	 4.1526e-01	 3.5316e+02	 3.9071e+03
 1.2975e+04	 3.8679e+03	 5.2081e+00	 4.6107e-01	 3.5315e+02	 3.9098e+03
 1.9462e+04	 3.8679e+03	 5.0846e+00	 5.0934e-01	 3.5316e+02	 3.9124e+03
 2.9193e+04	 3.8679e+03	 4.9461e+00	 5.5910e-01	 3.5316e+02	 3.9151e+03
 4.3789e+04	 3.8679e+03	 4.7913e+00	 6.0870e-01	 3.5315e+02	 3.9176e+03
 6.5684e+04	 3.8679e+03	 4.6168e+00	 6.5413e-01	 3.5315e+02	 3.9200e+03
 9.8526e+04	 3.8679e+03	 4.4471e+00	 6.9066e-01	 3.5315e+02	 3.9226e+03
 1.4779e+05	 3.8679e+03	 4.2355e+00	 7.0170e-01	 3.5315e+02	 3.9250e+03
 2.2168e+05	 3.8679e+03	 4.0223e+00	 6.8087e-01	 3.5315e+02	 3.9275e+03
 3.3253e+05	 3.8679e+03	 3.8261e+00	 6.2894e-01	 3.5315e+02	 3.9302e+03
 4.9879e+05	 3.8679e+03	-2.5534e+00	 4.7415e+01	 3.5314e+02	 3.9330e+03
 7.4818e+05	 3.8679e+03	 3.5594e+00	 4.1846e-01	 3.5315e+02	 3.9396e+03
 9.0000e+05	 3.8679e+03	 3.5125e+00	 3.8481e-01	 3.5315e+02	 3.9472e+03
 1.0000e+02	 3.9444e+03	 5.9465e+00	 1.3492e-01	 3.5315e+02	 3.9553e+03
 1.5000e+02	 3.9444e+03	 5.9152e+00	 1.4445e-01	 3.5315e+02	 3.9578e+03
 2.2500e+02	 3.9444e+03	 5.8806e+00	 1.5569e-01	 3.5314e+02	 3.9603e+03
 3.3750e+02	 3.9444e+03	 5.8429e+00	 1.7099e-01	 3.5314e+02	 3.9629e+03
 5.0625e+02	 3.9444e+03	 5.8011e+00	 1.8958e-01	 3.5314e+02	 3.9654e+03
 7.5938e+02	 3.9444e+03	 5.7538e+00	 2.1141e-01	 3.5315e+02	 3.9681e+03
 1.1391e+03	 3.9444e+03	 5.7006e+00	 2.3707e-01	 3.5315e+02	 3.9705e+03
 1.7086e+03	 3.9444e+03	 5.6403e+00	 2.6600e-01	 3.5315e+02	 3.9731e+03
 2.5629e+03	 3.9444e+03	 5.5723e+00	 2.9858e-01	 3.5314e+02	 3.9756e+03
 3.8443e+03	 3.9444e+03	 5.4950e+00	 3.3476e-01	 3.5315e+02	 3.9781e+03
 5.7665e+03	 3.9444e+03	 5.4079e+00	 3.7417e-01	 3.5316e+02	 3.9808e+03
 8.6498e+03	 3.9444e+03	 5.3093e+00	 4.1688e-01	 3.5316e+02	 3.9834e+03
 1.2975e+04	 3.9444e+03	 5.1992e+00	 4.6222e-01	 3.5316e+02	 3.9861e+03
 1.9462e+04	 3.9444e+03	 5.0752e+00	 5.0989e-01	 3.5316e+02	 3.9886e+03
 2.9193e+04	 3.9444e+03	 4.9366e+00	 5.5888e-01	 3.5316e+02	 3.9913e+03
 4.3789e+04	 3.9444e+03	 4.7819e+00	 6.0800e-01	 3.5317e+02	 3.9939e+03
 6.5684e+04	 3.9444e+03	 4.6080e+00	 6.5279e-01	 3.5317e+02	 3.9963e+03
 9.8526e+04	 3.9444e+03	 4.4387e+00	 6.8846e-01	 3.5316e+02	 3.9991e+03
 1.4779e+05	 3.9444e+03	 4.2281e+00	 6.9903e-01	 3.5316e+02	 4.0015e+03
 2.2168e+05	 3.9444e+03	 4.0159e+00	 6.7792e-01	 3.5316e+02	 4.0043e+03
 3.3253e+05	 3.9444e+03	 3.8207e+00	 6.2601e-01	 3.5316e+02	 4.0067e+03
 4.9879e+05	 3.9444e+03	-2.5256e+00	 4.7357e+01	 3.5314e+02	 4.0096e+03
 7.4818e+05	 3.9444e+03	 3.5553e+00	 4.1632e-01	 3.5314e+02	 4.0162e+03
 9.0000e+05	 3.9444e+03	 3.5084e+00	 3.8262e-01	 3.5314e+02	 4.0239e+03
 1.0000e+02	 4.0211e+03	 5.9435e+00	 1.3653e-01	 3.5314e+02	 4.0322e+03
 1.5000e+02	 4.0211e+03	 5.9119e+00	 1.4507e-01	 3.5314e+02	 4.0348e+03
 2.2500e+02	 4.0211e+03	 5.8768e+00	 1.5730e-01	 3.5315e+02	 4.0376e+03
 3.3750e+02	 4.0211e+03	 5.8388e+00	 1.7250e-01	 3.5315e+02	 4.0400e+03
 5.0625e+02	 4.0211e+03	 5.7963e+00	 1.9137e-01	 3.5315e+02	 4.0426e+03
 7.5938e+02	 4.0211e+03	 5.7489e+00	 2.1346e-01	 3.5315e+02	 4.0452e+03
 1.1391e+03	 4.0211e+03	 5.6951e+00	 2.3885e-01	 3.5315e+02	 4.0480e+03
 1.7086e+03	 4.0211e+03	 5.6342e+00	 2.6809e-01	 3.5315e+02	 4.0506e+03
 2.5629e+03	 4.0211e+03	 5.5656e+00	 3.0067e-01	 3.5316e+02	 4.0533e+03
 3.8443e+03	 4.0211e+03	 5.4878e+00	 3.3665e-01	 3.5316e+02	 4.0557e+03
 5.7665e+03	 4.0211e+03	 5.3999e+00	 3.7599e-01	 3.5316e+02	 4.0581e+03
 8.6498e+03	 4.0211e+03	 5.3008e+00	 4.1826e-01	 3.5316e+02	 4.0608e+03
 1.2975e+04	 4.0211e+03	 5.1900e+00	 4.6322e-01	 3.5316e+02	 4.0633e+03
 1.9462e+04	 4.0211e+03	 5.0657e+00	 5.1043e-01	 3.5315e+02	 4.0659e+03
 2.9193e+04	 4.0211e+03	 4.9269e+00	 5.5900e-01	 3.5315e+02	 4.0685e+03
 4.3789e+04	 4.0211e+03	 4.7721e+00	 6.0713e-01	 3.5315e+02	 4.0713e+03
 6.5684e+04	 4.0211e+03	 4.5981e+00	 6.5135e-01	 3.5315e+02	 4.0738e+03
 9.8526e+04	 4.0211e+03	 4.4296e+00	 6.8619e-01	 3.5314e+02	 4.0766e+03
 1.4779e+05	 4.0211e+03	 4.2198e+00	 6.9618e-01	 3.5315e+02	 4.0790e+03
 2.2168e+05	 4.0211e+03	 4.0089e+00	 6.7468e-01	 3.5315e+02	 4.0819e+03
 3.3253e+05	 4.0211e+03	 3.8148e+00	 6.2294e-01	 3.5314e+02	 4.0843e+03
 4.9879e+05	 4.0211e+03	-2.4956e+00	 4.7289e+01	 3.5315e+02	 4.0871e+03
 7.4818e+05	 4.0211e+03	 3.5513e+00	 4.1411e-01	 3.5315e+02	 4.0938e+03
 9.0000e+05	 4.0211e+03	 3.5048e+00	 3.8075e-01	 3.5314e+02	 4.1016e+03
 1.0000e+02	 4.0988e+03	 5.9407e+00	 1.3770e-01	 3.5314e+02	 4.1097e+03
 1.5000e+02	 4.0988e+03	 5.9076e+00	 1.4694e-01	 3.5314e+02	 4.1122e+03
 2.2500e+02	 4.0988e+03	 5.8731e+00	 1.5891e-01	 3.5315e+02	 4.1149e+03
 3.3750e+02	 4.0988e+03	 5.8345e+00	 1.7432e-01	 3.5314e+02	 4.1173e+03
 5.0625e+02	 4.0988e+03	 5.7917e+00	 1.9307e-01	 3.5315e+02	 4.1198e+03
 7.5938e+02	 4.0988e+03	 5.7436e+00	 2.1535e-01	 3.5314e+02	 4.1225e+03
 1.1391e+03	 4.0988e+03	 5.6893e+00	 2.4109e-01	 3.5315e+02	 4.1249e+03
 1.7086e+03	 4.0988e+03	 5.6278e+00	 2.7012e-01	 3.5315e+02	 4.1275e+03
 2.5629e+03	 4.0988e+03	 5.5586e+00	 3.0263e-01	 3.5315e+02	 4.1302e+03
 3.8443e+03	 4.0988e+03	 5.4802e+00	 3.3862e-01	 3.5315e+02	 4.1331e+03
 5.7665e+03	 4.0988e+03	 5.3918e+00	 3.7770e-01	 3.5315e+02	 4.1355e+03
 8.6498e+03	 4.0988e+03	 5.2922e+00	 4.1978e-01	 3.5315e+02	 4.1383e+03
 1.2975e+04	 4.0988e+03	 5.1808e+00	 4.6436e-01	 3.5315e+02	 4.1408e+03
 1.9462e+04	 4.0988e+03	 5.0563e+00	 5.1101e-01	 3.5315e+02	 4.1434e+03
 2.9193e+04	 4.0988e+03	 4.9172e+00	 5.5896e-01	 3.5314e+02	 4.1460e+03
 4.3789e+04	 4.0988e+03	 4.7622e+00	 6.0665e-01	 3.5314e+02	 4.1485e+03
 6.5684e+04	 4.0988e+03	 4.5884e+00	 6.4992e-01	 3.5314e+02	 4.1512e+03
 9.8526e+04	 4.0988e+03	 4.4206e+00	 6.8399e-01	 3.5314e+02	 4.1540e+03
 1.4779e+05	 4.0988e+03	 4.2116e+00	 6.9327e-01	 3.5314e+02	 4.1565e+03
 2.2168e+05	 4.0988e+03	 4.0019e+00	 6.7154e-01	 3.5314e+02	 4.1593e+03
 3.3253e+05	 4.0988e+03	 3.8092e+00	 6.1992e-01	 3.5314e+02	 4.1618e+03
 4.9879e+05	 4.0988e+03	-2.4717e+00	 4.7231e+01	 3.5314e+02	 4.1644e+03
 7.4818e+05	 4.0988e+03	 3.5476e+00	 4.1220e-01	 3.5315e+02	 4.1712e+03
 9.0000e+05	 4.0988e+03	 3.5013e+00	 3.7914e-01	 3.5315e+02	 4.1789e+03
 1.0000e+02	 4.1761e+03	 5.9379e+00	 1.3879e-01	 3.5315e+02	 4.1872e+03
 1.5000e+02	 4.1761e+03	 5.9051e+00	 1.4793e-01	 3.5315e+02	 4.1898e+03
 2.2500e+02	 4.1761e+03	 5.8696e+00	 1.6031e-01	 3.5315e+02	 4.1926e+03
 3.3750e+02	 4.1761e+03	 5.8307e+00	 1.7584e-01	 3.5315e+02	 4.1950e+03
 5.0625e+02	 4.1761e+03	 5.7872e+00	 1.9485e-01	 3.5314e+02	 4.1977e+03
 7.5938e+02	 4.1761e+03	 5.7386e+00	 2.1718e-01	 3.5314e+02	 4.2003e+03
 1.1391e+03	 4.1761e+03	 5.6836e+00	 2.4274e-01	 3.5314e+02	 4.2031e+03
 1.7086e+03	 4.1761e+03	 5.6216e+00	 2.7198e-01	 3.5315e+02	 4.2056e+03
 2.5629e+03	 4.1761e+03	 5.5517e+00	 3.0478e-01	 3.5314e+02	 4.2084e+03
 3.8443e+03	 4.1761e+03	 5.4728e+00	 3.4035e-01	 3.5314e+02	 4.2108e+03
 5.7665e+03	 4.1761e+03	 5.3836e+00	 3.7943e-01	 3.5315e+02	 4.2133e+03
 8.6498e+03	 4.1761e+03	 5.2836e+00	 4.2131e-01	 3.5315e+02	 4.2161e+03
 1.2975e+04	 4.1761e+03	 5.1720e+00	 4.6526e-01	 3.5315e+02	 4.2185e+03
 1.9462e+04	 4.1761e+03	 5.0471e+00	 5.1146e-01	 3.5315e+02	 4.2210e+03
 2.9193e+04	 4.1761e+03	 4.9080e+00	 5.5881e-01	 3.5315e+02	 4.2239e+03
 4.3789e+04	 4.1761e+03	 4.7534e+00	 6.0584e-01	 3.5315e+02	 4.2268e+03
 6.5684e+04	 4.1761e+03	 4.5804e+00	 6.4857e-01	 3.5315e+02	 4.2292e+03
 9.8526e+04	 4.1761e+03	 4.4133e+00	 6.8200e-01	 3.5316e+02	 4.2320e+03
 1.4779e+05	 4.1761e+03	 4.2054e+00	 6.9093e-01	 3.5316e+02	 4.2344e+03
 2.2168e+05	 4.1761e+03	 3.9966e+00	 6.6898e-01	 3.5317e+02	 4.2373e+03
 3.3253e+05	 4.1761e+03	 3.8048e+00	 6.1755e-01	 3.5317e+02	 4.2398e+03
 4.9879e+05	 4.1761e+03	-2.4478e+00	 4.7182e+01	 3.5317e+02	 4.2424e+03
 7.4818e+05	 4.1761e+03	 3.5442e+00	 4.1069e-01	 3.5316e+02	 4.2492e+03
 9.0000e+05	 4.1761e+03	 3.4980e+00	 3.7759e-01	 3.5317e+02	 4.2569e+03
 1.0000e+02	 4.2541e+03	 5.9352e+00	 1.3996e-01	 3.5317e+02	 4.2650e+03
 1.5000e+02	 4.2541e+03	 5.9009e+00	 1.5065e-01	 3.5317e+02	 4.2675e+03
 2.2500e+02	 4.2541e+03	 5.8664e+00	 1.6167e-01	 3.5317e+02	 4.2702e+03
 3.3750e+02	 4.2541e+03	 5.8271e+00	 1.7752e-01	 3.5316e+02	 4.2727e+03
 5.0625e+02	 4.2541e+03	 5.7831e+00	 1.9652e-01	 3.5316e+02	 4.2751e+03
 7.5938e+02	 4.2541e+03	 5.7338e+00	 2.1902e-01	 3.5315e+02	 4.2778e+03
 1.1391e+03	 4.2541e+03	 5.6784e+00	 2.4450e-01	 3.5314e+02	 4.2802e+03
 1.7086e+03	 4.2541e+03	 5.6159e+00	 2.7399e-01	 3.5315e+02	 4.2830e+03
 2.5629e+03	 4.2541e+03	 5.5454e+00	 3.0656e-01	 3.5315e+02	 4.2857e+03
 3.8443e+03	 4.2541e+03	 5.4656e+00	 3.4219e-01	 3.5315e+02	 4.2886e+03
 5.7665e+03	 4.2541e+03	 5.3758e+00	 3.8103e-01	 3.5315e+02	 4.2910e+03
 8.6498e+03	 4.2541e+03	 5.2754e+00	 4.2252e-01	 3.5315e+02	 4.2936e+03
 1.2975e+04	 4.2541e+03	 5.1631e+00	 4.6629e-01	 3.5315e+02	 4.2960e+03
 1.9462e+04	 4.2541e+03	 5.0380e+00	 5.1201e-01	 3.5315e+02	 4.2987e+03
 2.9193e+04	 4.2541e+03	 4.8987e+00	 5.5881e-01	 3.5315e+02	 4.3013e+03
 4.3789e+04	 4.2541e+03	 4.7440e+00	 6.0505e-01	 3.5315e+02	 4.3038e+03
 6.5684e+04	 4.2541e+03	 4.5710e+00	 6.4704e-01	 3.5315e+02	 4.3065e+03
 9.8526e+04	 4.2541e+03	 4.4043e+00	 6.7985e-01	 3.5315e+02	 4.3091e+03
 1.4779e+05	 4.2541e+03	 4.1971e+00	 6.8811e-01	 3.5315e+02	 4.3118e+03
 2.2168e+05	 4.2541e+03	 3.9895e+00	 6.6589e-01	 3.5315e+02	 4.3144e+03
 3.3253e+05	 4.2541e+03	 3.7988e+00	 6.1435e-01	 3.5315e+02	 4.3171e+03
 4.9879e+05	 4.2541e+03	-2.4168e+00	 4.7114e+01	 3.5316e+02	 4.3197e+03
 7.4818e+05	 4.2541e+03	 3.5399e+00	 4.0820e-01	 3.5315e+02	 4.3265e+03
 9.0000e+05	 4.2541e+03	 3.4939e+00	 3.7547e-01	 3.5315e+02	 4.3342e+03
 1.0000e+02	 4.3314e+03	 5.9316e+00	 1.4135e-01	 3.5315e+02	 4.3419e+03
 1.5000e+02	 4.3314e+03	 5.8975e+00	 1.4956e-01	 3.5314e+02	 4.3446e+03
 2.2500e+02	 4.3314e+03	 5.8623e+00	 1.6322e-01	 3.5315e+02	 4.3471e+03
 3.3750e+02	 4.3314e+03	 5.8225e+00	 1.7902e-01	 3.5315e+02	 4.3496e+03
 5.0625e+02	 4.3314e+03	 5.7782e+00	 1.9845e-01	 3.5315e+02	 4.3522e+03
 7.5938e+02	 4.3314e+03	 5.7288e+00	 2.2082e-01	 3.5315e+02	 4.3548e+03
 1.1391e+03	 4.3314e+03	 5.6729e+00	 2.4657e-01	 3.5315e+02	 4.3577e+03
 1.7086e+03	 4.3314e+03	 5.6096e+00	 2.7572e-01	 3.5315e+02	 4.3603e+03
 2.5629e+03	 4.3314e+03	 5.5386e+00	 3.0832e-01	 3.5315e+02	 4.3630e+03
 3.8443e+03	 4.3314e+03	 5.4583e+00	 3.4393e-01	 3.5314e+02	 4.3654e+03
 5.7665e+03	 4.3314e+03	 5.3681e+00	 3.8261e-01	 3.5314e+02	 4.3681e+03
 8.6498e+03	 4.3314e+03	 5.2670e+00	 4.2375e-01	 3.5314e+02	 4.3706e+03
 1.2975e+04	 4.3314e+03	 5.1543e+00	 4.6725e-01	 3.5314e+02	 4.3731e+03
 1.9462e+04	 4.3314e+03	 5.0288e+00	 5.1247e-01	 3.5315e+02	 4.3757e+03
 2.9193e+04	 4.3314e+03	 4.8896e+00	 5.5867e-01	 3.5314e+02	 4.3782e+03
 4.3789e+04	 4.3314e+03	 4.7348e+00	 6.0434e-01	 3.5314e+02	 4.3810e+03
 6.5684e+04	 4.3314e+03	 4.5620e+00	 6.4558e-01	 3.5314e+02	 4.3835e+03
 9.8526e+04	 4.3314e+03	 4.3956e+00	 6.7756e-01	 3.5314e+02	 4.3863e+03
 1.4779e+05	 4.3314e+03	 4.1893e+00	 6.8534e-01	 3.5313e+02	 4.3888e+03
 2.2168e+05	 4.3314e+03	 3.9824e+00	 6.6278e-01	 3.5312e+02	 4.3916e+03
 3.3253e+05	 4.3314e+03	 3.7926e+00	 6.1122e-01	 3.5312e+02	 4.3941e+03
 4.9879e+05	 4.3314e+03	-2.3848e+00	 4.7045e+01	 3.5311e+02	 4.3967e+03
 7.4818e+05	 4.3314e+03	 3.5352e+00	 4.0596e-01	 3.5311e+02	 4.4035e+03
 9.0000e+05	 4.3314e+03	 3.4899e+00	 3.7326e-01	 3.5312e+02	 4.4111e+03
 1.0000e+02	 4.4083e+03	 5.9286e+00	 1.4252e-01	 3.5314e+02	 4.4193e+03
 1.5000e+02	 4.4083e+03	 5.8939e+00	 1.5221e-01	 3.5314e+02	 4.4218e+03
 2.2500e+02	 4.4083e+03	 5.8584e+00	 1.6468e-01	 3.5314e+02	 4.4242e+03
 3.3750e+02	 4.4083e+03	 5.8183e+00	 1.8071e-01	 3.5314e+02	 4.4269e+03
 5.0625e+02	 4.4083e+03	 5.7737e+00	 2.0016e-01	 3.5315e+02	 4.4293e+03
 7.5938e+02	 4.4083e+03	 5.7238e+00	 2.2261e-01	 3.5315e+02	 4.4321e+03
 1.1391e+03	 4.4083e+03	 5.6674e+00	 2.4841e-01	 3.5316e+02	 4.4345e+03
 1.7086e+03	 4.4083e+03	 5.6040e+00	 2.7734e-01	 3.5316e+02	 4.4373e+03
 2.5629e+03	 4.4083e+03	 5.5324e+00	 3.1003e-01	 3.5316e+02	 4.4399e+03
 3.8443e+03	 4.4083e+03	 5.4518e+00	 3.4563e-01	 3.5316e+02	 4.4423e+03
 5.7665e+03	 4.4083e+03	 5.3614e+00	 3.8394e-01	 3.5316e+02	 4.4448e+03
 8.6498e+03	 4.4083e+03	 5.2599e+00	 4.2490e-01	 3.5317e+02	 4.4474e+03
 1.2975e+04	 4.4083e+03	 5.1470e+00	 4.6790e-01	 3.5317e+02	 4.4501e+03
 1.9462e+04	 4.4083e+03	 5.0215e+00	 5.1275e-01	 3.5317e+02	 4.4527e+03
 2.9193e+04	 4.4083e+03	 4.8820e+00	 5.5846e-01	 3.5317e+02	 4.4555e+03
 4.3789e+04	 4.4083e+03	 4.7275e+00	 6.0357e-01	 3.5317e+02	 4.4579e+03
 6.5684e+04	 4.4083e+03	 4.5811e+00	 6.4612e-01	 3.5317e+02	 4.4604e+03
 9.8526e+04	 4.4083e+03	 4.3893e+00	 6.7589e-01	 3.5317e+02	 4.4631e+03
 1.4779e+05	 4.4083e+03	 4.1840e+00	 6.8315e-01	 3.5318e+02	 4.4655e+03
 2.2168e+05	 4.4083e+03	 3.9783e+00	 6.6049e-01	 3.5318e+02	 4.4681e+03
 3.3253e+05	 4.4083e+03	 3.7895e+00	 6.0947e-01	 3.5318e+02	 4.4706e+03
 4.9879e+05	 4.4083e+03	-2.3708e+00	 4.7011e+01	 3.5318e+02	 4.4732e+03
 7.4818e+05	 4.4083e+03	 3.5332e+00	 4.0505e-01	 3.5317e+02	 4.4798e+03
 9.0000e+05	 4.4083e+03	 3.4877e+00	 3.7243e-01	 3.5318e+02	 4.4876e+03
 1.0000e+02	 4.4848e+03	 5.9264e+00	 1.4350e-01	 3.5318e+02	 4.4958e+03
 1.5000e+02	 4.4848e+03	 5.8942e+00	 1.5252e-01	 3.5318e+02	 4.4983e+03
 2.2500e+02	 4.4848e+03	 5.8556e+00	 1.6608e-01	 3.5317e+02	 4.5010e+03
 3.3750e+02	 4.4848e+03	 5.8150e+00	 1.8219e-01	 3.5317e+02	 4.5035e+03
 5.0625e+02	 4.4848e+03	 5.7698e+00	 2.0162e-01	 3.5317e+02	 4.5060e+03
 7.5938e+02	 4.4848e+03	 5.7192e+00	 2.2417e-01	 3.5317e+02	 4.5087e+03
 1.1391e+03	 4.4848e+03	 5.6624e+00	 2.5036e-01	 3.5317e+02	 4.5115e+03
 1.7086e+03	 4.4848e+03	 5.5981e+00	 2.7952e-01	 3.5317e+02	 4.5141e+03
 2.5629e+03	 4.4848e+03	 5.5259e+00	 3.1177e-01	 3.5316e+02	 4.5169e+03
 3.8443e+03	 4.4848e+03	 5.4446e+00	 3.4722e-01	 3.5315e+02	 4.5194e+03
 5.7665e+03	 4.4848e+03	 5.3533e+00	 3.8554e-01	 3.5315e+02	 4.5218e+03
 8.6498e+03	 4.4848e+03	 5.2512e+00	 4.2627e-01	 3.5315e+02	 4.5246e+03
 1.2975e+04	 4.4848e+03	 5.1378e+00	 4.6894e-01	 3.5315e+02	 4.5271e+03
 1.9462e+04	 4.4848e+03	 5.0116e+00	 5.1322e-01	 3.5315e+02	 4.5298e+03
 2.9193e+04	 4.4848e+03	 4.8722e+00	 5.5841e-01	 3.5315e+02	 4.5323e+03
 4.3789e+04	 4.4848e+03	 4.7176e+00	 6.0293e-01	 3.5315e+02	 4.5348e+03
 6.5684e+04	 4.4848e+03	 4.5714e+00	 6.4469e-01	 3.5315e+02	 4.5374e+03
 9.8526e+04	 4.4848e+03	 4.3802e+00	 6.7357e-01	 3.5315e+02	 4.5403e+03
 1.4779e+05	 4.4848e+03	 4.1756e+00	 6.8023e-01	 3.5315e+02	 4.5428e+03
 2.2168e+05	 4.4848e+03	 3.9708e+00	 6.5736e-01	 3.5315e+02	 4.5456e+03
 3.3253e+05	 4.4848e+03	 3.7832e+00	 6.0616e-01	 3.5314e+02	 4.5481e+03
 4.9879e+05	 4.4848e+03	-2.3394e+00	 4.6941e+01	 3.5314e+02	 4.5510e+03
 7.4818e+05	 4.4848e+03	 3.5287e+00	 4.0242e-01	 3.5315e+02	 4.5574e+03
 9.0000e+05	 4.4848e+03	 3.4835e+00	 3.7021e-01	 3.5314e+02	 4.5651e+03
 1.0000e+02	 4.5623e+03	 5.9229e+00	 1.4467e-01	 3.5314e+02	 4.5733e+03
 1.5000e+02	 4.5623e+03	 5.8895e+00	 1.5336e-01	 3.5314e+02	 4.5758e+03
 2.2500e+02	 4.5623e+03	 5.8514e+00	 1.6764e-01	 3.5314e+02	 4.5783e+03
 3.3750e+02	 4.5623e+03	 5.8103e+00	 1.8394e-01	 3.5314e+02	 4.5811e+03
 5.0625e+02	 4.5623e+03	 5.7647e+00	 2.0329e-01	 3.5314e+02	 4.5835e+03
 7.5938e+02	 4.5623e+03	 5.7138e+00	 2.2618e-01	 3.5315e+02	 4.5862e+03
 1.1391e+03	 4.5623e+03	 5.6564e+00	 2.5197e-01	 3.5314e+02	 4.5887e+03
 1.7086e+03	 4.5623e+03	 5.5915e+00	 2.8144e-01	 3.5314e+02	 4.5915e+03
 2.5629e+03	 4.5623e+03	 5.5188e+00	 3.1377e-01	 3.5314e+02	 4.5942e+03
 3.8443e+03	 4.5623e+03	 5.4370e+00	 3.4908e-01	 3.5314e+02	 4.5968e+03
 5.7665e+03	 4.5623e+03	 5.3453e+00	 3.8706e-01	 3.5314e+02	 4.5992e+03
 8.6498e+03	 4.5623e+03	 5.2428e+00	 4.2745e-01	 3.5314e+02	 4.6020e+03
 1.2975e+04	 4.5623e+03	 5.1291e+00	 4.6979e-01	 3.5315e+02	 4.6045e+03
 1.9462e+04	 4.5623e+03	 5.0030e+00	 5.1346e-01	 3.5315e+02	 4.6073e+03
 2.9193e+04	 4.5623e+03	 4.8634e+00	 5.5820e-01	 3.5314e+02	 4.6099e+03
 4.3789e+04	 4.5623e+03	 4.7089e+00	 6.0217e-01	 3.5315e+02	 4.6123e+03
 6.5684e+04	 4.5623e+03	 4.5630e+00	 6.4363e-01	 3.5314e+02	 4.6150e+03
 9.8526e+04	 4.5623e+03	 4.3723e+00	 6.7156e-01	 3.5315e+02	 4.6176e+03
 1.4779e+05	 4.5623e+03	 4.1685e+00	 6.7782e-01	 3.5315e+02	 4.6204e+03
 2.2168e+05	 4.5623e+03	 3.9649e+00	 6.5458e-01	 3.5314e+02	 4.6229e+03
 3.3253e+05	 4.5623e+03	 3.7782e+00	 6.0351e-01	 3.5314e+02	 4.6257e+03
 4.9879e+05	 4.5623e+03	-2.3139e+00	 4.6884e+01	 3.5314e+02	 4.6285e+03
 7.4818e+05	 4.5623e+03	 3.5252e+00	 4.0063e-01	 3.5315e+02	 4.6354e+03
 9.0000e+05	 4.5623e+03	 3.4802e+00	 3.6849e-01	 3.5315e+02	 4.6432e+03
 1.0000e+02	 4.6404e+03	 5.9200e+00	 1.4580e-01	 3.5315e+02	 4.6515e+03
 1.5000e+02	 4.6404e+03	 5.8858e+00	 1.5716e-01	 3.5315e+02	 4.6543e+03
 2.2500e+02	 4.6404e+03	 5.8479e+00	 1.6905e-01	 3.5315e+02	 4.6569e+03
 3.3750e+02	 4.6404e+03	 5.8067e+00	 1.8535e-01	 3.5315e+02	 4.6596e+03
 5.0625e+02	 4.6404e+03	 5.7607e+00	 2.0500e-01	 3.5315e+02	 4.6621e+03
 7.5938e+02	 4.6404e+03	 5.7090e+00	 2.2788e-01	 3.5315e+02	 4.6646e+03
 1.1391e+03	 4.6404e+03	 5.6510e+00	 2.5411e-01	 3.5315e+02	 4.6671e+03
 1.7086e+03	 4.6404e+03	 5.5858e+00	 2.8308e-01	 3.5314e+02	 4.6696e+03
 2.5629e+03	 4.6404e+03	 5.5125e+00	 3.1553e-01	 3.5314e+02	 4.6723e+03
 3.8443e+03	 4.6404e+03	 5.4301e+00	 3.5081e-01	 3.5314e+02	 4.6748e+03
 5.7665e+03	 4.6404e+03	 5.3378e+00	 3.8861e-01	 3.5313e+02	 4.6772e+03
 8.6498e+03	 4.6404e+03	 5.2348e+00	 4.2868e-01	 3.5314e+02	 4.6798e+03
 1.2975e+04	 4.6404e+03	 5.1208e+00	 4.7070e-01	 3.5314e+02	 4.6823e+03
 1.9462e+04	 4.6404e+03	 4.9940e+00	 5.1400e-01	 3.5314e+02	 4.6851e+03
 2.9193e+04	 4.6404e+03	 4.8544e+00	 5.5803e-01	 3.5313e+02	 4.6877e+03
 4.3789e+04	 4.6404e+03	 4.6999e+00	 6.0146e-01	 3.5313e+02	 4.6904e+03
 6.5684e+04	 4.6404e+03	 4.5543e+00	 6.4231e-01	 3.5313e+02	 4.6928e+03
 9.8526e+04	 4.6404e+03	 4.3643e+00	 6.6986e-01	 3.5313e+02	 4.6955e+03
 1.4779e+05	 4.6404e+03	 4.1613e+00	 6.7543e-01	 3.5314e+02	 4.6980e+03
 2.2168e+05	 4.6404e+03	 3.9587e+00	 6.5189e-01	 3.5314e+02	 4.7009e+03
 3.3253e+05	 4.6404e+03	 3.7732e+00	 6.0087e-01	 3.5314e+02	 4.7033e+03
 4.9879e+05	 4.6404e+03	-2.2885e+00	 4.6830e+01	 3.5314e+02	 4.7060e+03
 7.4818e+05	 4.6404e+03	 3.5217e+00	 3.9876e-01	 3.5314e+02	 4.7125e+03
 9.0000e+05	 4.6404e+03	 3.4771e+00	 3.6706e-01	 3.5315e+02	 4.7202e+03
 1.0000e+02	 4.7174e+03	 5.9173e+00	 1.4711e-01	 3.5315e+02	 4.7284e+03
 1.5000e+02	 4.7174e+03	 5.8819e+00	 1.5738e-01	 3.5316e+02	 4.7309e+03
 2.2500e+02	 4.7174e+03	 5.8448e+00	 1.7028e-01	 3.5316e+02	 4.7333e+03
 3.3750e+02	 4.7174e+03	 5.8031e+00	 1.8687e-01	 3.5316e+02	 4.7360e+03
 5.0625e+02	 4.7174e+03	 5.7567e+00	 2.0647e-01	 3.5316e+02	 4.7384e+03
 7.5938e+02	 4.7174e+03	 5.7046e+00	 2.2929e-01	 3.5316e+02	 4.7412e+03
 1.1391e+03	 4.7174e+03	 5.6464e+00	 2.5561e-01	 3.5316e+02	 4.7437e+03
 1.7086e+03	 4.7174e+03	 5.5808e+00	 2.8477e-01	 3.5316e+02	 4.7465e+03
 2.5629e+03	 4.7174e+03	 5.5070e+00	 3.1709e-01	 3.5316e+02	 4.7491e+03
 3.8443e+03	 4.7174e+03	 5.4243e+00	 3.5215e-01	 3.5317e+02	 4.7519e+03
 5.7665e+03	 4.7174e+03	 5.3315e+00	 3.8971e-01	 3.5317e+02	 4.7544e+03
 8.6498e+03	 4.7174e+03	 5.2281e+00	 4.2957e-01	 3.5316e+02	 4.7573e+03
 1.2975e+04	 4.7174e+03	 5.1139e+00	 4.7125e-01	 3.5316e+02	 4.7598e+03
 1.9462e+04	 4.7174e+03	 4.9871e+00	 5.1418e-01	 3.5316e+02	 4.7626e+03
 2.9193e+04	 4.7174e+03	 4.8474e+00	 5.5789e-01	 3.5316e+02	 4.7652e+03
 4.3789e+04	 4.7174e+03	 4.6931e+00	 6.0062e-01	 3.5316e+02	 4.7680e+03
 6.5684e+04	 4.7174e+03	 4.5480e+00	 6.4113e-01	 3.5316e+02	 4.7704e+03
 9.8526e+04	 4.7174e+03	 4.3580e+00	 6.6803e-01	 3.5316e+02	 4.7730e+03
 1.4779e+05	 4.7174e+03	 4.1558e+00	 6.7346e-01	 3.5316e+02	 4.7758e+03
 2.2168e+05	 4.7174e+03	 3.9538e+00	 6.4957e-01	 3.5315e+02	 4.7785e+03
 3.3253e+05	 4.7174e+03	 3.7691e+00	 5.9856e-01	 3.5315e+02	 4.7811e+03
 4.9879e+05	 4.7174e+03	-2.2675e+00	 4.6781e+01	 3.5315e+02	 4.7838e+03
 7.4818e+05	 4.7174e+03	 3.5185e+00	 3.9709e-01	 3.5315e+02	 4.7904e+03
 9.0000e+05	 4.7174e+03	 3.4738e+00	 3.6526e-01	 3.5316e+02	 4.7981e+03
 1.0000e+02	 4.7952e+03	 5.9146e+00	 1.4837e-01	 3.5315e+02	 4.8065e+03
 1.5000e+02	 4.7952e+03	 5.8793e+00	 1.5861e-01	 3.5315e+02	 4.8090e+03
 2.2500e+02	 4.7952e+03	 5.8411e+00	 1.7188e-01	 3.5315e+02	 4.8117e+03
 3.3750e+02	 4.7952e+03	 5.7990e+00	 1.8828e-01	 3.5316e+02	 4.8141e+03
 5.0625e+02	 4.7952e+03	 5.7521e+00	 2.0822e-01	 3.5316e+02	 4.8168e+03
 7.5938e+02	 4.7952e+03	 5.6998e+00	 2.3110e-01	 3.5316e+02	 4.8194e+03
 1.1391e+03	 4.7952e+03	 5.6408e+00	 2.5757e-01	 3.5315e+02	 4.8218e+03
 1.7086e+03	 4.7952e+03	 5.5747e+00	 2.8651e-01	 3.5316e+02	 4.8244e+03
 2.5629e+03	 4.7952e+03	 5.5003e+00	 3.1884e-01	 3.5315e+02	 4.8274e+03
 3.8443e+03	 4.7952e+03	 5.4171e+00	 3.5374e-01	 3.5316e+02	 4.8299e+03
 5.7665e+03	 4.7952e+03	 5.3239e+00	 3.9111e-01	 3.5315e+02	 4.8323e+03
 8.6498e+03	 4.7952e+03	 5.2201e+00	 4.3079e-01	 3.5316e+02	 4.8349e+03
 1.2975e+04	 4.7952e+03	 5.1055e+00	 4.7194e-01	 3.5315e+02	 4.8374e+03
 1.9462e+04	 4.7952e+03	 4.9786e+00	 5.1450e-01	 3.5315e+02	 4.8401e+03
 2.9193e+04	 4.7952e+03	 4.8388e+00	 5.5775e-01	 3.5316e+02	 4.8427e+03
 4.3789e+04	 4.7952e+03	 4.6845e+00	 6.0008e-01	 3.5316e+02	 4.8453e+03
 6.5684e+04	 4.7952e+03	 4.5394e+00	 6.4004e-01	 3.5316e+02	 4.8478e+03
 9.8526e+04	 4.7952e+03	 4.3505e+00	 6.6624e-01	 3.5316e+02	 4.8506e+03
 1.4779e+05	 4.7952e+03	 4.1489e+00	 6.7093e-01	 3.5315e+02	 4.8531e+03
 2.2168e+05	 4.7952e+03	 3.9480e+00	 6.4693e-01	 3.5316e+02	 4.8559e+03
 3.3253e+05	 4.7952e+03	 3.7643e+00	 5.9607e-01	 3.5314e+02	 4.8583e+03
 4.9879e+05	 4.7952e+03	-2.2422e+00	 4.6727e+01	 3.5315e+02	 4.8610e+03
 7.4818e+05	 4.7952e+03	 3.5150e+00	 3.9521e-01	 3.5315e+02	 4.8675e+03
 9.0000e+05	 4.7952e+03	 3.4704e+00	 3.6352e-01	 3.5315e+02	 4.8754e+03
 1.0000e+02	 4.8725e+03	 5.9115e+00	 1.4953e-01	 3.5315e+02	 4.8836e+03
 1.5000e+02	 4.8725e+03	 5.8764e+00	 1.6046e-01	 3.5314e+02	 4.8860e+03
 2.2500e+02	 4.8725e+03	 5.8373e+00	 1.7320e-01	 3.5314e+02	 4.8884e+03
 3.3750e+02	 4.8725e+03	 5.7949e+00	 1.8999e-01	 3.5315e+02	 4.8910e+03
 5.0625e+02	 4.8725e+03	 5.7476e+00	 2.0972e-01	 3.5314e+02	 4.8935e+03
 7.5938e+02	 4.8725e+03	 5.6947e+00	 2.3282e-01	 3.5314e+02	 4.8963e+03
 1.1391e+03	 4.8725e+03	 5.6355e+00	 2.5896e-01	 3.5314e+02	 4.8988e+03
 1.7086e+03	 4.8725e+03	 5.5686e+00	 2.8826e-01	 3.5314e+02	 4.9016e+03
 2.5629e+03	 4.8725e+03	 5.4938e+00	 3.2062e-01	 3.5314e+02	 4.9042e+03
 3.8443e+03	 4.8725e+03	 5.4099e+00	 3.5542e-01	 3.5314e+02	 4.9069e+03
 5.7665e+03	 4.8725e+03	 5.3164e+00	 3.9267e-01	 3.5314e+02	 4.9093e+03
 8.6498e+03	 4.8725e+03	 5.2122e+00	 4.3192e-01	 3.5314e+02	 4.9119e+03
 1.2975e+04	 4.8725e+03	 5.0972e+00	 4.7277e-01	 3.5314e+02	 4.9146e+03
 1.9462e+04	 4.8725e+03	 4.9700e+00	 5.1479e-01	 3.5315e+02	 4.9171e+03
 2.9193e+04	 4.8725e+03	 4.8302e+00	 5.5757e-01	 3.5315e+02	 4.9198e+03
 4.3789e+04	 4.8725e+03	 4.6760e+00	 5.9920e-01	 3.5314e+02	 4.9222e+03
 6.5684e+04	 4.8725e+03	 4.5313e+00	 6.3881e-01	 3.5314e+02	 4.9250e+03
 9.8526e+04	 4.8725e+03	 4.3427e+00	 6.6440e-01	 3.5314e+02	 4.9276e+03
 1.4779e+05	 4.8725e+03	 4.1420e+00	 6.6858e-01	 3.5315e+02	 4.9303e+03
 2.2168e+05	 4.8725e+03	 3.9422e+00	 6.4431e-01	 3.5314e+02	 4.9329e+03
 3.3253e+05	 4.8725e+03	 3.7595e+00	 5.9355e-01	 3.5315e+02	 4.9353e+03
 4.9879e+05	 4.8725e+03	-2.2189e+00	 4.6674e+01	 3.5315e+02	 4.9380e+03
 7.4818e+05	 4.8725e+03	 3.5117e+00	 3.9354e-01	 3.5315e+02	 4.9446e+03
 9.0000e+05	 4.8725e+03	 3.4674e+00	 3.6209e-01	 3.5315e+02	 4.9528e+03
 1.0000e+02	 4.9500e+03	 5.9091e+00	 1.5033e-01	 3.5315e+02	 4.9606e+03
 1.5000e+02	 4.9500e+03	 5.8725e+00	 1.6082e-01	 3.5315e+02	 4.9634e+03
 2.2500e+02	 4.9500e+03	 5.8343e+00	 1.7454e-01	 3.5316e+02	 4.9659e+03
 3.3750e+02	 4.9500e+03	 5.7914e+00	 1.9115e-01	 3.5316e+02	 4.9686e+03
 5.0625e+02	 4.9500e+03	 5.7437e+00	 2.1140e-01	 3.5316e+02	 4.9712e+03
 7.5938e+02	 4.9500e+03	 5.6903e+00	 2.3435e-01	 3.5316e+02	 4.9739e+03
 1.1391e+03	 4.9500e+03	 5.6308e+00	 2.6080e-01	 3.5315e+02	 4.9763e+03
 1.7086e+03	 4.9500e+03	 5.5634e+00	 2.8980e-01	 3.5315e+02	 4.9789e+03
 2.5629e+03	 4.9500e+03	 5.4882e+00	 3.2211e-01	 3.5315e+02	 4.9816e+03
 3.8443e+03	 4.9500e+03	 5.4038e+00	 3.5674e-01	 3.5315e+02	 4.9840e+03
 5.7665e+03	 4.9500e+03	 5.3098e+00	 3.9384e-01	 3.5315e+02	 4.9866e+03
 8.6498e+03	 4.9500e+03	 5.2052e+00	 4.3285e-01	 3.5315e+02	 4.9892e+03
 1.2975e+04	 4.9500e+03	 5.0899e+00	 4.7335e-01	 3.5314e+02	 4.9920e+03
 1.9462e+04	 4.9500e+03	 4.9626e+00	 5.1502e-01	 3.5315e+02	 4.9946e+03
 2.9193e+04	 4.9500e+03	 4.8225e+00	 5.5731e-01	 3.5315e+02	 4.9974e+03
 4.3789e+04	 4.9500e+03	 4.6686e+00	 5.9852e-01	 3.5315e+02	 4.9999e+03
 6.5684e+04	 4.9500e+03	 4.5242e+00	 6.3752e-01	 3.5314e+02	 5.0026e+03
 9.8526e+04	 4.9500e+03	 4.3359e+00	 6.6247e-01	 3.5315e+02	 5.0052e+03
 1.4779e+05	 4.9500e+03	 4.1361e+00	 6.6617e-01	 3.5315e+02	 5.0080e+03
 2.2168e+05	 4.9500e+03	 3.9370e+00	 6.4185e-01	 3.5315e+02	 5.0106e+03
 3.3253e+05	 4.9500e+03	 3.7550e+00	 5.9116e-01	 3.5315e+02	 5.0132e+03
 4.9879e+05	 4.9500e+03	-2.1963e+00	 4.6623e+01	 3.5315e+02	 5.0160e+03
 7.4818e+05	 4.9500e+03	 3.5084e+00	 3.9175e-01	 3.5315e+02	 5.0228e+03
 9.0000e+05	 4.9500e+03	 3.4644e+00	 3.6051e-01	 3.5315e+02	 5.0304e+03
 1.0000e+02	 5.0276e+03	 5.9061e+00	 1.5162e-01	 3.5316e+02	 5.0384e+03
 1.5000e+02	 5.0276e+03	 5.8699e+00	 1.6186e-01	 3.5316e+02	 5.0410e+03
 2.2500e+02	 5.0276e+03	 5.8309e+00	 1.7590e-01	 3.5315e+02	 5.0434e+03
 3.3750e+02	 5.0276e+03	 5.7875e+00	 1.9275e-01	 3.5315e+02	 5.0464e+03
 5.0625e+02	 5.0276e+03	 5.7396e+00	 2.1301e-01	 3.5315e+02	 5.0489e+03
 7.5938e+02	 5.0276e+03	 5.6857e+00	 2.3601e-01	 3.5315e+02	 5.0516e+03
 1.1391e+03	 5.0276e+03	 5.6254e+00	 2.6228e-01	 3.5315e+02	 5.0540e+03
 1.7086e+03	 5.0276e+03	 5.5580e+00	 2.9159e-01	 3.5315e+02	 5.0566e+03
 2.5629e+03	 5.0276e+03	 5.4820e+00	 3.2355e-01	 3.5316e+02	 5.0593e+03
 3.8443e+03	 5.0276e+03	 5.3973e+00	 3.5814e-01	 3.5315e+02	 5.0618e+03
 5.7665e+03	 5.0276e+03	 5.3028e+00	 3.9508e-01	 3.5315e+02	 5.0643e+03
 8.6498e+03	 5.0276e+03	 5.1978e+00	 4.3384e-01	 3.5315e+02	 5.0670e+03
 1.2975e+04	 5.0276e+03	 5.0825e+00	 4.7399e-01	 3.5315e+02	 5.0695e+03
 1.9462e+04	 5.0276e+03	 4.9548e+00	 5.1520e-01	 3.5314e+02	 5.0721e+03
 2.9193e+04	 5.0276e+03	 4.8148e+00	 5.5708e-01	 3.5315e+02	 5.0746e+03
 4.3789e+04	 5.0276e+03	 4.6608e+00	 5.9785e-01	 3.5315e+02	 5.0773e+03
 6.5684e+04	 5.0276e+03	 4.5169e+00	 6.3611e-01	 3.5315e+02	 5.0798e+03
 9.8526e+04	 5.0276e+03	 4.3290e+00	 6.6063e-01	 3.5314e+02	 5.0823e+03
 1.4779e+05	 5.0276e+03	 4.1299e+00	 6.6410e-01	 3.5315e+02	 5.0849e+03
 2.2168e+05	 5.0276e+03	 3.9317e+00	 6.3936e-01	 3.5315e+02	 5.0874e+03
 3.3253e+05	 5.0276e+03	 3.7507e+00	 5.8879e-01	 3.5315e+02	 5.0901e+03
 4.9879e+05	 5.0276e+03	-2.1733e+00	 4.6574e+01	 3.5314e+02	 5.0928e+03
 7.4818e+05	 5.0276e+03	 3.5053e+00	 3.9004e-01	 3.5314e+02	 5.0995e+03
 9.0000e+05	 5.0276e+03	 3.4613e+00	 3.5896e-01	 3.5315e+02	 5.1075e+03
 1.0000e+02	 5.1047e+03	 5.9038e+00	 1.5278e-01	 3.5315e+02	 5.1158e+03
 1.5000e+02	 5.1047e+03	 5.8667e+00	 1.6315e-01	 3.5315e+02	 5.1182e+03
 2.2500e+02	 5.1047e+03	 5.8273e+00	 1.7732e-01	 3.5314e+02	 5.1209e+03
 3.3750e+02	 5.1047e+03	 5.7836e+00	 1.9432e-01	 3.5315e+02	 5.1234e+03
 5.0625e+02	 5.1047e+03	 5.7352e+00	 2.1430e-01	 3.5315e+02	 5.1259e+03
 7.5938e+02	 5.1047e+03	 5.6812e+00	 2.3762e-01	 3.5315e+02	 5.1286e+03
 1.1391e+03	 5.1047e+03	 5.6208e+00	 2.6373e-01	 3.5314e+02	 5.1310e+03
 1.7086e+03	 5.1047e+03	 5.5523e+00	 2.9314e-01	 3.5315e+02	 5.1338e+03
 2.5629e+03	 5.1047e+03	 5.4763e+00	 3.2519e-01	 3.5315e+02	 5.1364e+03
 3.8443e+03	 5.1047e+03	 5.3910e+00	 3.5949e-01	 3.5315e+02	 5.1391e+03
 5.7665e+03	 5.1047e+03	 5.2961e+00	 3.9631e-01	 3.5315e+02	 5.1416e+03
 8.6498e+03	 5.1047e+03	 5.1908e+00	 4.3470e-01	 3.5315e+02	 5.1444e+03
 1.2975e+04	 5.1047e+03	 5.0750e+00	 4.7448e-01	 3.5315e+02	 5.1468e+03
 1.9462e+04	 5.1047e+03	 4.9474e+00	 5.1542e-01	 3.5315e+02	 5.1495e+03
 2.9193e+04	 5.1047e+03	 4.8073e+00	 5.5670e-01	 3.5315e+02	 5.1522e+03
 4.3789e+04	 5.1047e+03	 4.6535e+00	 5.9710e-01	 3.5315e+02	 5.1551e+03
 6.5684e+04	 5.1047e+03	 4.5097e+00	 6.3468e-01	 3.5315e+02	 5.1576e+03
 9.8526e+04	 5.1047e+03	 4.3225e+00	 6.5874e-01	 3.5316e+02	 5.1604e+03
 1.4779e+05	 5.1047e+03	 4.1239e+00	 6.6165e-01	 3.5316e+02	 5.1628e+03
 2.2168e+05	 5.1047e+03	 3.9267e+00	 6.3712e-01	 3.5315e+02	 5.1654e+03
 3.3253e+05	 5.1047e+03	 3.7221e+00	 5.8360e-01	 3.5316e+02	 5.1680e+03
 4.9879e+05	 5.1047e+03	-2.1526e+00	 4.6528e+01	 3.5315e+02	 5.1707e+03
 7.4818e+05	 5.1047e+03	 3.5023e+00	 3.8861e-01	 3.5316e+02	 5.1771e+03
 9.0000e+05	 5.1047e+03	 3.4586e+00	 3.5747e-01	 3.5315e+02	 5.1850e+03
 1.0000e+02	 5.1822e+03	 5.9012e+00	 1.5375e-01	 3.5316e+02	 5.1930e+03
 1.5000e+02	 5.1822e+03	 5.8667e+00	 1.6400e-01	 3.5316e+02	 5.1955e+03
 2.2500e+02	 5.1822e+03	 5.8243e+00	 1.7847e-01	 3.5316e+02	 5.1982e+03
 3.3750e+02	 5.1822e+03	 5.7804e+00	 1.9548e-01	 3.5316e+02	 5.2006e+03
 5.0625e+02	 5.1822e+03	 5.7315e+00	 2.1578e-01	 3.5316e+02	 5.2033e+03
 7.5938e+02	 5.1822e+03	 5.6769e+00	 2.3918e-01	 3.5315e+02	 5.2058e+03
 1.1391e+03	 5.1822e+03	 5.6157e+00	 2.6564e-01	 3.5315e+02	 5.2083e+03
 1.7086e+03	 5.1822e+03	 5.5470e+00	 2.9454e-01	 3.5314e+02	 5.2110e+03
 2.5629e+03	 5.1822e+03	 5.4703e+00	 3.2657e-01	 3.5314e+02	 5.2138e+03
 3.8443e+03	 5.1822e+03	 5.3845e+00	 3.6108e-01	 3.5315e+02	 5.2162e+03
 5.7665e+03	 5.1822e+03	 5.2892e+00	 3.9745e-01	 3.5314e+02	 5.2188e+03
 8.6498e+03	 5.1822e+03	 5.1836e+00	 4.3562e-01	 3.5315e+02	 5.2215e+03
 1.2975e+04	 5.1822e+03	 5.0677e+00	 4.7524e-01	 3.5315e+02	 5.2239e+03
 1.9462e+04	 5.1822e+03	 4.9397e+00	 5.1565e-01	 3.5314e+02	 5.2266e+03
 2.9193e+04	 5.1822e+03	 4.7997e+00	 5.5666e-01	 3.5315e+02	 5.2292e+03
 4.3789e+04	 5.1822e+03	 4.6458e+00	 5.9647e-01	 3.5315e+02	 5.2319e+03
 6.5684e+04	 5.1822e+03	 4.5023e+00	 6.3308e-01	 3.5315e+02	 5.2343e+03
 9.8526e+04	 5.1822e+03	 4.3157e+00	 6.5686e-01	 3.5315e+02	 5.2369e+03
 1.4779e+05	 5.1822e+03	 4.1179e+00	 6.5938e-01	 3.5315e+02	 5.2396e+03
 2.2168e+05	 5.1822e+03	 3.9215e+00	 6.3446e-01	 3.5315e+02	 5.2421e+03
 3.3253e+05	 5.1822e+03	 3.7176e+00	 5.8133e-01	 3.5316e+02	 5.2448e+03
 4.9879e+05	 5.1822e+03	-2.1298e+00	 4.6478e+01	 3.5315e+02	 5.2475e+03
 7.4818e+05	 5.1822e+03	 3.4992e+00	 3.8681e-01	 3.5315e+02	 5.2543e+03
 9.0000e+05	 5.1822e+03	 3.4554e+00	 3.5603e-01	 3.5315e+02	 5.2620e+03
 1.0000e+02	 5.2592e+03	 5.8982e+00	 1.5486e-01	 3.5315e+02	 5.2700e+03
 1.5000e+02	 5.2592e+03	 5.8615e+00	 1.6397e-01	 3.5315e+02	 5.2725e+03
 2.2500e+02	 5.2592e+03	 5.8208e+00	 1.7981e-01	 3.5315e+02	 5.2750e+03
 3.3750e+02	 5.2592e+03	 5.7764e+00	 1.9708e-01	 3.5316e+02	 5.2775e+03
 5.0625e+02	 5.2592e+03	 5.7273e+00	 2.1734e-01	 3.5315e+02	 5.2800e+03
 7.5938e+02	 5.2592e+03	 5.6720e+00	 2.4073e-01	 3.5315e+02	 5.2826e+03
 1.1391e+03	 5.2592e+03	 5.6105e+00	 2.6732e-01	 3.5315e+02	 5.2852e+03
 1.7086e+03	 5.2592e+03	 5.5415e+00	 2.9626e-01	 3.5315e+02	 5.2878e+03
 2.5629e+03	 5.2592e+03	 5.4644e+00	 3.2814e-01	 3.5315e+02	 5.2905e+03
 3.8443e+03	 5.2592e+03	 5.3782e+00	 3.6238e-01	 3.5315e+02	 5.2930e+03
 5.7665e+03	 5.2592e+03	 5.2826e+00	 3.9857e-01	 3.5315e+02	 5.2954e+03
 8.6498e+03	 5.2592e+03	 5.1766e+00	 4.3657e-01	 3.5315e+02	 5.2980e+03
 1.2975e+04	 5.2592e+03	 5.0603e+00	 4.7571e-01	 3.5315e+02	 5.3005e+03
 1.9462e+04	 5.2592e+03	 4.9322e+00	 5.1577e-01	 3.5315e+02	 5.3034e+03
 2.9193e+04	 5.2592e+03	 4.7921e+00	 5.5612e-01	 3.5315e+02	 5.3059e+03
 4.3789e+04	 5.2592e+03	 4.6383e+00	 5.9566e-01	 3.5315e+02	 5.3086e+03
 6.5684e+04	 5.2592e+03	 4.4952e+00	 6.3111e-01	 3.5315e+02	 5.3111e+03
 9.8526e+04	 5.2592e+03	 4.3089e+00	 6.5464e-01	 3.5314e+02	 5.3136e+03
 1.4779e+05	 5.2592e+03	 4.1117e+00	 6.5692e-01	 3.5314e+02	 5.3161e+03
 2.2168e+05	 5.2592e+03	 3.9162e+00	 6.3177e-01	 3.5315e+02	 5.3186e+03
 3.3253e+05	 5.2592e+03	 3.7132e+00	 5.7897e-01	 3.5315e+02	 5.3213e+03
 4.9879e+05	 5.2592e+03	-2.1067e+00	 4.6428e+01	 3.5314e+02	 5.3240e+03
 7.4818e+05	 5.2592e+03	 3.4959e+00	 3.8509e-01	 3.5314e+02	 5.3309e+03
 9.0000e+05	 5.2592e+03	 3.4523e+00	 3.5443e-01	 3.5313e+02	 5.3388e+03
 1.0000e+02	 5.3359e+03	 5.8956e+00	 1.5619e-01	 3.5314e+02	 5.3470e+03
 1.5000e+02	 5.3359e+03	 5.8576e+00	 1.6571e-01	 3.5314e+02	 5.3495e+03
 2.2500e+02	 5.3359e+03	 5.8173e+00	 1.8126e-01	 3.5314e+02	 5.3523e+03
 3.3750e+02	 5.3359e+03	 5.7726e+00	 1.9848e-01	 3.5314e+02	 5.3548e+03
 5.0625e+02	 5.3359e+03	 5.7230e+00	 2.1889e-01	 3.5315e+02	 5.3575e+03
 7.5938e+02	 5.3359e+03	 5.6677e+00	 2.4209e-01	 3.5315e+02	 5.3601e+03
 1.1391e+03	 5.3359e+03	 5.6055e+00	 2.6877e-01	 3.5315e+02	 5.3629e+03
 1.7086e+03	 5.3359e+03	 5.5362e+00	 2.9789e-01	 3.5314e+02	 5.3654e+03
 2.5629e+03	 5.3359e+03	 5.4587e+00	 3.2959e-01	 3.5315e+02	 5.3681e+03
 3.8443e+03	 5.3359e+03	 5.3720e+00	 3.6361e-01	 3.5314e+02	 5.3706e+03
 5.7665e+03	 5.3359e+03	 5.2760e+00	 3.9978e-01	 3.5315e+02	 5.3730e+03
 8.6498e+03	 5.3359e+03	 5.1696e+00	 4.3738e-01	 3.5315e+02	 5.3756e+03
 1.2975e+04	 5.3359e+03	 5.0531e+00	 4.7620e-01	 3.5315e+02	 5.3781e+03
 1.9462e+04	 5.3359e+03	 4.9250e+00	 5.1599e-01	 3.5315e+02	 5.3808e+03
 2.9193e+04	 5.3359e+03	 4.7848e+00	 5.5603e-01	 3.5315e+02	 5.3834e+03
 4.3789e+04	 5.3359e+03	 4.6312e+00	 5.9494e-01	 3.5316e+02	 5.3858e+03
 6.5684e+04	 5.3359e+03	 4.4885e+00	 6.2802e-01	 3.5315e+02	 5.3885e+03
 9.8526e+04	 5.3359e+03	 4.3027e+00	 6.5065e-01	 3.5315e+02	 5.3911e+03
 1.4779e+05	 5.3359e+03	 4.1063e+00	 6.5350e-01	 3.5315e+02	 5.3938e+03
 2.2168e+05	 5.3359e+03	 3.9115e+00	 6.2880e-01	 3.5316e+02	 5.3963e+03
 3.3253e+05	 5.3359e+03	 3.7095e+00	 5.7688e-01	 3.5315e+02	 5.3990e+03
 4.9879e+05	 5.3359e+03	-2.0894e+00	 4.6387e+01	 3.5316e+02	 5.4017e+03
 7.4818e+05	 5.3359e+03	 3.4934e+00	 3.8391e-01	 3.5315e+02	 5.4086e+03
 9.0000e+05	 5.3359e+03	 3.4500e+00	 3.5341e-01	 3.5317e+02	 5.4162e+03
 1.0000e+02	 5.4134e+03	 5.8933e+00	 1.5722e-01	 3.5316e+02	 5.4247e+03
 1.5000e+02	 5.4134e+03	 5.8560e+00	 1.6829e-01	 3.5316e+02	 5.4271e+03
 2.2500e+02	 5.4134e+03	 5.8148e+00	 1.8235e-01	 3.5316e+02	 5.4299e+03
 3.3750e+02	 5.4134e+03	 5.7696e+00	 1.9978e-01	 3.5317e+02	 5.4324e+03
 5.0625e+02	 5.4134e+03	 5.7198e+00	 2.2031e-01	 3.5316e+02	 5.4348e+03
 7.5938e+02	 5.4134e+03	 5.6638e+00	 2.4362e-01	 3.5316e+02	 5.4375e+03
 1.1391e+03	 5.4134e+03	 5.6014e+00	 2.6978e-01	 3.5316e+02	 5.4399e+03
 1.7086e+03	 5.4134e+03	 5.5313e+00	 2.9901e-01	 3.5316e+02	 5.4426e+03
 2.5629e+03	 5.4134e+03	 5.4534e+00	 3.3072e-01	 3.5316e+02	 5.4452e+03
 3.8443e+03	 5.4134e+03	 5.3665e+00	 3.6494e-01	 3.5316e+02	 5.4476e+03
 5.7665e+03	 5.4134e+03	 5.2700e+00	 4.0077e-01	 3.5316e+02	 5.4502e+03
 8.6498e+03	 5.4134e+03	 5.1634e+00	 4.3811e-01	 3.5316e+02	 5.4528e+03
 1.2975e+04	 5.4134e+03	 5.0467e+00	 4.7673e-01	 3.5316e+02	 5.4555e+03
 1.9462e+04	 5.4134e+03	 4.9183e+00	 5.1604e-01	 3.5316e+02	 5.4581e+03
 2.9193e+04	 5.4134e+03	 4.7780e+00	 5.5581e-01	 3.5316e+02	 5.4608e+03
 4.3789e+04	 5.4134e+03	 4.6243e+00	 5.9432e-01	 3.5316e+02	 5.4632e+03
 6.5684e+04	 5.4134e+03	 4.4824e+00	 6.1815e-01	 3.5315e+02	 5.4657e+03
 9.8526e+04	 5.4134e+03	 4.2964e+00	 6.4441e-01	 3.5315e+02	 5.4684e+03
 1.4779e+05	 5.4134e+03	 4.1002e+00	 6.4763e-01	 3.5314e+02	 5.4709e+03
 2.2168e+05	 5.4134e+03	 3.9059e+00	 6.2304e-01	 3.5313e+02	 5.4736e+03
 3.3253e+05	 5.4134e+03	 3.7042e+00	 5.7413e-01	 3.5312e+02	 5.4761e+03
 4.9879e+05	 5.4134e+03	-2.0604e+00	 4.6325e+01	 3.5312e+02	 5.4787e+03
 7.4818e+05	 5.4134e+03	 3.4890e+00	 3.8162e-01	 3.5311e+02	 5.4852e+03
 9.0000e+05	 5.4134e+03	 3.4461e+00	 3.5135e-01	 3.5311e+02	 5.4930e+03
 1.0000e+02	 5.4902e+03	 5.8897e+00	 1.5830e-01	 3.5312e+02	 5.5011e+03
 1.5000e+02	 5.4902e+03	 5.8504e+00	 1.6889e-01	 3.5313e+02	 5.5036e+03
 2.2500e+02	 5.4902e+03	 5.8106e+00	 1.8384e-01	 3.5313e+02	 5.5061e+03
 3.3750e+02	 5.4902e+03	 5.7654e+00	 2.0125e-01	 3.5314e+02	 5.5088e+03
 5.0625e+02	 5.4902e+03	 5.7149e+00	 2.2155e-01	 3.5314e+02	 5.5113e+03
 7.5938e+02	 5.4902e+03	 5.6589e+00	 2.4521e-01	 3.5315e+02	 5.5139e+03
 1.1391e+03	 5.4902e+03	 5.5961e+00	 2.7166e-01	 3.5314e+02	 5.5164e+03
 1.7086e+03	 5.4902e+03	 5.5258e+00	 3.0060e-01	 3.5314e+02	 5.5191e+03
 2.5629e+03	 5.4902e+03	 5.4476e+00	 3.3235e-01	 3.5315e+02	 5.5217e+03
 3.8443e+03	 5.4902e+03	 5.3601e+00	 3.6615e-01	 3.5316e+02	 5.5241e+03
 5.7665e+03	 5.4902e+03	 5.2635e+00	 4.0182e-01	 3.5316e+02	 5.5268e+03
 8.6498e+03	 5.4902e+03	 5.1566e+00	 4.3895e-01	 3.5316e+02	 5.5293e+03
 1.2975e+04	 5.4902e+03	 5.0397e+00	 4.7705e-01	 3.5316e+02	 5.5320e+03
 1.9462e+04	 5.4902e+03	 4.9115e+00	 5.1618e-01	 3.5317e+02	 5.5346e+03
 2.9193e+04	 5.4902e+03	 4.7714e+00	 5.5538e-01	 3.5317e+02	 5.5374e+03
 4.3789e+04	 5.4902e+03	 4.6182e+00	 5.9360e-01	 3.5318e+02	 5.5398e+03
 6.5684e+04	 5.4902e+03	 4.4769e+00	 6.1228e-01	 3.5317e+02	 5.5425e+03
 9.8526e+04	 5.4902e+03	 4.2918e+00	 6.3939e-01	 3.5318e+02	 5.5451e+03
 1.4779e+05	 5.4902e+03	 4.0965e+00	 6.4429e-01	 3.5318e+02	 5.5479e+03
 2.2168e+05	 5.4902e+03	 3.9031e+00	 6.2120e-01	 3.5318e+02	 5.5504e+03
 3.3253e+05	 5.4902e+03	 3.7021e+00	 5.7290e-01	 3.5318e+02	 5.5529e+03
 4.9879e+05	 5.4902e+03	-2.0514e+00	 4.6304e+01	 3.5317e+02	 5.5557e+03
 7.4818e+05	 5.4902e+03	 3.4878e+00	 3.8108e-01	 3.5318e+02	 5.5622e+03
 9.0000e+05	 5.4902e+03	 3.4449e+00	 3.5104e-01	 3.5317e+02	 5.5699e+03
 1.0000e+02	 5.5671e+03	 5.8885e+00	 1.5915e-01	 3.5318e+02	 5.5781e+03
 1.5000e+02	 5.5671e+03	 5.8501e+00	 1.6937e-01	 3.5317e+02	 5.5806e+03
 2.2500e+02	 5.5671e+03	 5.8086e+00	 1.8495e-01	 3.5318e+02	 5.5833e+03
 3.3750e+02	 5.5671e+03	 5.7629e+00	 2.0240e-01	 3.5318e+02	 5.5858e+03
 5.0625e+02	 5.5671e+03	 5.7120e+00	 2.2283e-01	 3.5317e+02	 5.5885e+03
 7.5938e+02	 5.5671e+03	 5.6553e+00	 2.4650e-01	 3.5318e+02	 5.5911e+03
 1.1391e+03	 5.5671e+03	 5.5919e+00	 2.7287e-01	 3.5317e+02	 5.5938e+03
 1.7086e+03	 5.5671e+03	 5.5212e+00	 3.0197e-01	 3.5317e+02	 5.5965e+03
 2.5629e+03	 5.5671e+03	 5.4422e+00	 3.3355e-01	 3.5317e+02	 5.5993e+03
 3.8443e+03	 5.5671e+03	 5.3544e+00	 3.6728e-01	 3.5316e+02	 5.6018e+03
 5.7665e+03	 5.5671e+03	 5.2570e+00	 4.0292e-01	 3.5316e+02	 5.6045e+03
 8.6498e+03	 5.5671e+03	 5.1496e+00	 4.3976e-01	 3.5316e+02	 5.6071e+03
 1.2975e+04	 5.5671e+03	 5.0324e+00	 4.7773e-01	 3.5316e+02	 5.6098e+03
 1.9462e+04	 5.5671e+03	 4.9036e+00	 5.1632e-01	 3.5316e+02	 5.6124e+03
 2.9193e+04	 5.5671e+03	 4.7634e+00	 5.5525e-01	 3.5315e+02	 5.6150e+03
 4.3789e+04	 5.5671e+03	 4.6100e+00	 5.9276e-01	 3.5315e+02	 5.6176e+03
 6.5684e+04	 5.5671e+03	 4.4581e+00	 5.4432e-01	 3.5315e+02	 5.6203e+03
 9.8526e+04	 5.5671e+03	 4.2766e+00	 5.8669e-01	 3.5315e+02	 5.6229e+03
 1.4779e+05	 5.5671e+03	 3.8653e+00	 4.7622e-01	 3.5315e+02	 5.6253e+03
 2.2168e+05	 5.5671e+03	 3.7390e+00	 4.4521e-01	 3.5314e+02	 5.6281e+03
 3.3253e+05	 5.5671e+03	 3.6967e+00	 5.7010e-01	 3.5315e+02	 5.6305e+03
 4.9879e+05	 5.5671e+03	 3.5495e+00	 5.0741e-01	 3.5314e+02	 5.6331e+03
 7.4818e+05	 5.5671e+03	 3.4838e+00	 3.7894e-01	 3.5314e+02	 5.6409e+03
 9.0000e+05	 5.5671e+03	 3.4411e+00	 3.4885e-01	 3.5314e+02	 5.6487e+03
 1.0000e+02	 5.6459e+03	 5.8847e+00	 1.6061e-01	 3.5314e+02	 5.6569e+03
 1.5000e+02	 5.6459e+03	 5.8446e+00	 1.7240e-01	 3.5312e+02	 5.6598e+03
 2.2500e+02	 5.6459e+03	 5.8041e+00	 1.8641e-01	 3.5312e+02	 5.6623e+03
 3.3750e+02	 5.6459e+03	 5.7579e+00	 2.0398e-01	 3.5312e+02	 5.6647e+03
 5.0625e+02	 5.6459e+03	 5.7067e+00	 2.2456e-01	 3.5313e+02	 5.6674e+03
 7.5938e+02	 5.6459e+03	 5.6496e+00	 2.4818e-01	 3.5312e+02	 5.6700e+03
 1.1391e+03	 5.6459e+03	 5.5857e+00	 2.7476e-01	 3.5311e+02	 5.6728e+03
 1.7086e+03	 5.6459e+03	 5.5145e+00	 3.0381e-01	 3.5311e+02	 5.6753e+03
 2.5629e+03	 5.6459e+03	 5.4351e+00	 3.3529e-01	 3.5311e+02	 5.6781e+03
 3.8443e+03	 5.6459e+03	 5.3467e+00	 3.6887e-01	 3.5311e+02	 5.6805e+03
 5.7665e+03	 5.6459e+03	 5.2491e+00	 4.0417e-01	 3.5311e+02	 5.6830e+03
 8.6498e+03	 5.6459e+03	 5.1416e+00	 4.4072e-01	 3.5312e+02	 5.6859e+03
 1.2975e+04	 5.6459e+03	 5.0242e+00	 4.7826e-01	 3.5312e+02	 5.6886e+03
 1.9462e+04	 5.6459e+03	 4.8956e+00	 5.1651e-01	 3.5312e+02	 5.6912e+03
 2.9193e+04	 5.6459e+03	 4.7554e+00	 5.5501e-01	 3.5312e+02	 5.6939e+03
 4.3789e+04	 5.6459e+03	 4.6022e+00	 5.9204e-01	 3.5312e+02	 5.6963e+03
 6.5684e+04	 5.6459e+03	 4.1246e+00	 5.3241e-01	 3.5313e+02	 5.6988e+03
 9.8526e+04	 5.6459e+03	 3.9416e+00	 5.9712e-01	 3.5313e+02	 5.7015e+03
 1.4779e+05	 5.6459e+03	 3.7632e+00	 5.9704e-01	 3.5314e+02	 5.7039e+03
 2.2168e+05	 5.6459e+03	 3.5865e+00	 5.7281e-01	 3.5313e+02	 5.7067e+03
 3.3253e+05	 5.6459e+03	 3.6925e+00	 5.6787e-01	 3.5313e+02	 5.7092e+03
 4.9879e+05	 5.6459e+03	 3.5462e+00	 5.0555e-01	 3.5313e+02	 5.7120e+03
 7.4818e+05	 5.6459e+03	 3.4811e+00	 3.7747e-01	 3.5314e+02	 5.7198e+03
 9.0000e+05	 5.6459e+03	 3.4389e+00	 3.4772e-01	 3.5314e+02	 5.7274e+03
 1.0000e+02	 5.7246e+03	 5.8828e+00	 1.6142e-01	 3.5316e+02	 5.7356e+03
 1.5000e+02	 5.7246e+03	 5.8436e+00	 1.7264e-01	 3.5316e+02	 5.7382e+03
 2.2500e+02	 5.7246e+03	 5.8019e+00	 1.8754e-01	 3.5316e+02	 5.7408e+03
 3.3750e+02	 5.7246e+03	 5.7557e+00	 2.0508e-01	 3.5317e+02	 5.7432e+03
 5.0625e+02	 5.7246e+03	 5.7044e+00	 2.2575e-01	 3.5316e+02	 5.7456e+03
 7.5938e+02	 5.7246e+03	 5.6469e+00	 2.4940e-01	 3.5316e+02	 5.7482e+03
 1.1391e+03	 5.7246e+03	 5.5828e+00	 2.7580e-01	 3.5316e+02	 5.7508e+03
 1.7086e+03	 5.7246e+03	 5.5111e+00	 3.0501e-01	 3.5316e+02	 5.7535e+03
 2.5629e+03	 5.7246e+03	 5.4314e+00	 3.3622e-01	 3.5316e+02	 5.7561e+03
 3.8443e+03	 5.7246e+03	 5.3426e+00	 3.6972e-01	 3.5315e+02	 5.7589e+03
 5.7665e+03	 5.7246e+03	 5.2447e+00	 4.0494e-01	 3.5315e+02	 5.7614e+03
 8.6498e+03	 5.7246e+03	 5.1368e+00	 4.4130e-01	 3.5315e+02	 5.7641e+03
 1.2975e+04	 5.7246e+03	 5.0192e+00	 4.7845e-01	 3.5315e+02	 5.7666e+03
 1.9462e+04	 5.7246e+03	 4.8904e+00	 5.1650e-01	 3.5315e+02	 5.7694e+03
 2.9193e+04	 5.7246e+03	 4.7502e+00	 5.5466e-01	 3.5316e+02	 5.7719e+03
 4.3789e+04	 5.7246e+03	 4.5970e+00	 5.9134e-01	 3.5316e+02	 5.7744e+03
 6.5684e+04	 5.7246e+03	 4.1068e+00	 5.7744e-01	 3.5316e+02	 5.7770e+03
 9.8526e+04	 5.7246e+03	 3.9375e+00	 5.9572e-01	 3.5317e+02	 5.7796e+03
 1.4779e+05	 5.7246e+03	 3.7597e+00	 5.9554e-01	 3.5316e+02	 5.7823e+03
 2.2168e+05	 5.7246e+03	 3.5836e+00	 5.7127e-01	 3.5317e+02	 5.7848e+03
 3.3253e+05	 5.7246e+03	 3.6898e+00	 5.6645e-01	 3.5317e+02	 5.7876e+03
 4.9879e+05	 5.7246e+03	 3.5439e+00	 5.0434e-01	 3.5317e+02	 5.7902e+03
 7.4818e+05	 5.7246e+03	 3.4792e+00	 3.7652e-01	 3.5318e+02	 5.7978e+03
 9.0000e+05	 5.7246e+03	 3.4368e+00	 3.4683e-01	 3.5318e+02	 5.8058e+03
 1.0000e+02	 5.8030e+03	 5.8809e+00	 1.6282e-01	 3.5318e+02	 5.8143e+03
 1.5000e+02	 5.8030e+03	 5.8402e+00	 1.7343e-01	 3.5318e+02	 5.8168e+03
 2.2500e+02	 5.8030e+03	 5.7993e+00	 1.8865e-01	 3.5317e+02	 5.8196e+03
 3.3750e+02	 5.8030e+03	 5.7524e+00	 2.0635e-01	 3.5317e+02	 5.8220e+03
 5.0625e+02	 5.8030e+03	 5.7007e+00	 2.2697e-01	 3.5317e+02	 5.8245e+03
 7.5938e+02	 5.8030e+03	 5.6429e+00	 2.5070e-01	 3.5317e+02	 5.8274e+03
 1.1391e+03	 5.8030e+03	 5.5784e+00	 2.7678e-01	 3.5317e+02	 5.8301e+03
 1.7086e+03	 5.8030e+03	 5.5062e+00	 3.0610e-01	 3.5318e+02	 5.8326e+03
 2.5629e+03	 5.8030e+03	 5.4260e+00	 3.3754e-01	 3.5317e+02	 5.8354e+03
 3.8443e+03	 5.8030e+03	 5.3370e+00	 3.7093e-01	 3.5317e+02	 5.8378e+03
 5.7665e+03	 5.8030e+03	 5.2387e+00	 4.0585e-01	 3.5317e+02	 5.8402e+03
 8.6498e+03	 5.8030e+03	 5.1305e+00	 4.4192e-01	 3.5316e+02	 5.8430e+03
 1.2975e+04	 5.8030e+03	 5.0127e+00	 4.7902e-01	 3.5316e+02	 5.8454e+03
 1.9462e+04	 5.8030e+03	 4.8836e+00	 5.1649e-01	 3.5316e+02	 5.8483e+03
 2.9193e+04	 5.8030e+03	 4.7431e+00	 5.5430e-01	 3.5316e+02	 5.8509e+03
 4.3789e+04	 5.8030e+03	 4.5901e+00	 5.9069e-01	 3.5316e+02	 5.8538e+03
 6.5684e+04	 5.8030e+03	 4.1006e+00	 5.7632e-01	 3.5315e+02	 5.8562e+03
 9.8526e+04	 5.8030e+03	 3.9313e+00	 5.9423e-01	 3.5316e+02	 5.8588e+03
 1.4779e+05	 5.8030e+03	 3.7537e+00	 5.9347e-01	 3.5316e+02	 5.8612e+03
 2.2168e+05	 5.8030e+03	 3.5785e+00	 5.6906e-01	 3.5316e+02	 5.8641e+03
 3.3253e+05	 5.8030e+03	 3.6851e+00	 5.6405e-01	 3.5315e+02	 5.8665e+03
 4.9879e+05	 5.8030e+03	 3.5398e+00	 5.0191e-01	 3.5316e+02	 5.8691e+03
 7.4818e+05	 5.8030e+03	 3.4755e+00	 3.7445e-01	 3.5314e+02	 5.8770e+03
 9.0000e+05	 5.8030e+03	 3.4332e+00	 3.4478e-01	 3.5314e+02	 5.8845e+03
 1.0000e+02	 5.8817e+03	 5.8772e+00	 1.6382e-01	 3.5313e+02	 5.8926e+03
 1.5000e+02	 5.8817e+03	 5.8388e+00	 1.7580e-01	 3.5313e+02	 5.8950e+03
 2.2500e+02	 5.8817e+03	 5.7949e+00	 1.8997e-01	 3.5314e+02	 5.8976e+03
 3.3750e+02	 5.8817e+03	 5.7478e+00	 2.0798e-01	 3.5314e+02	 5.9002e+03
 5.0625e+02	 5.8817e+03	 5.6956e+00	 2.2889e-01	 3.5314e+02	 5.9027e+03
 7.5938e+02	 5.8817e+03	 5.6374e+00	 2.5244e-01	 3.5313e+02	 5.9055e+03
 1.1391e+03	 5.8817e+03	 5.5722e+00	 2.7916e-01	 3.5314e+02	 5.9080e+03
 1.7086e+03	 5.8817e+03	 5.4997e+00	 3.0788e-01	 3.5314e+02	 5.9109e+03
 2.5629e+03	 5.8817e+03	 5.4191e+00	 3.3911e-01	 3.5314e+02	 5.9134e+03
 3.8443e+03	 5.8817e+03	 5.3296e+00	 3.7235e-01	 3.5314e+02	 5.9161e+03
 5.7665e+03	 5.8817e+03	 5.2309e+00	 4.0697e-01	 3.5313e+02	 5.9186e+03
 8.6498e+03	 5.8817e+03	 5.1225e+00	 4.4276e-01	 3.5314e+02	 5.9211e+03
 1.2975e+04	 5.8817e+03	 5.0045e+00	 4.7940e-01	 3.5314e+02	 5.9238e+03
 1.9462e+04	 5.8817e+03	 4.8754e+00	 5.1666e-01	 3.5313e+02	 5.9263e+03
 2.9193e+04	 5.8817e+03	 4.7353e+00	 5.5401e-01	 3.5314e+02	 5.9289e+03
 4.3789e+04	 5.8817e+03	 4.5822e+00	 5.8984e-01	 3.5314e+02	 5.9314e+03
 6.5684e+04	 5.8817e+03	 4.0937e+00	 5.7522e-01	 3.5314e+02	 5.9338e+03
 9.8526e+04	 5.8817e+03	 3.9249e+00	 5.9255e-01	 3.5314e+02	 5.9365e+03
 1.4779e+05	 5.8817e+03	 3.7483e+00	 5.9149e-01	 3.5313e+02	 5.9389e+03
 2.2168e+05	 5.8817e+03	 3.5736e+00	 5.6687e-01	 3.5314e+02	 5.9418e+03
 3.3253e+05	 5.8817e+03	 3.6809e+00	 5.6171e-01	 3.5313e+02	 5.9442e+03
 4.9879e+05	 5.8817e+03	 3.5364e+00	 5.0007e-01	 3.5314e+02	 5.9470e+03
 7.4818e+05	 5.8817e+03	 3.4726e+00	 3.7295e-01	 3.5313e+02	 5.9548e+03
 9.0000e+05	 5.8817e+03	 3.4307e+00	 3.4358e-01	 3.5313e+02	 5.9624e+03
 1.0000e+02	 5.9596e+03	 5.8748e+00	 1.6497e-01	 3.5314e+02	 5.9706e+03
 1.5000e+02	 5.9596e+03	 5.8359e+00	 1.7639e-01	 3.5314e+02	 5.9731e+03
 2.2500e+02	 5.9596e+03	 5.7921e+00	 1.9141e-01	 3.5314e+02	 5.9758e+03
 3.3750e+02	 5.9596e+03	 5.7446e+00	 2.0908e-01	 3.5314e+02	 5.9782e+03
 5.0625e+02	 5.9596e+03	 5.6917e+00	 2.3005e-01	 3.5314e+02	 5.9808e+03
 7.5938e+02	 5.9596e+03	 5.6334e+00	 2.5373e-01	 3.5315e+02	 5.9832e+03
 1.1391e+03	 5.9596e+03	 5.5682e+00	 2.8022e-01	 3.5315e+02	 5.9859e+03
 1.7086e+03	 5.9596e+03	 5.4952e+00	 3.0902e-01	 3.5315e+02	 5.9886e+03
 2.5629e+03	 5.9596e+03	 5.4142e+00	 3.4021e-01	 3.5314e+02	 5.9912e+03
 3.8443e+03	 5.9596e+03	 5.3246e+00	 3.7325e-01	 3.5315e+02	 5.9938e+03
 5.7665e+03	 5.9596e+03	 5.2255e+00	 4.0790e-01	 3.5315e+02	 5.9963e+03
 8.6498e+03	 5.9596e+03	 5.1168e+00	 4.4332e-01	 3.5315e+02	 5.9990e+03
 1.2975e+04	 5.9596e+03	 4.9988e+00	 4.7973e-01	 3.5316e+02	 6.0015e+03
 1.9462e+04	 5.9596e+03	 4.8697e+00	 5.1676e-01	 3.5314e+02	 6.0044e+03
 2.9193e+04	 5.9596e+03	 4.7293e+00	 5.5362e-01	 3.5314e+02	 6.0069e+03
 4.3789e+04	 5.9596e+03	 4.5765e+00	 5.8921e-01	 3.5315e+02	 6.0094e+03
 6.5684e+04	 5.9596e+03	 4.0886e+00	 5.7420e-01	 3.5315e+02	 6.0121e+03
 9.8526e+04	 5.9596e+03	 3.9202e+00	 5.9123e-01	 3.5315e+02	 6.0146e+03
 1.4779e+05	 5.9596e+03	 3.7439e+00	 5.8984e-01	 3.5315e+02	 6.0172e+03
 2.2168e+05	 5.9596e+03	 3.5701e+00	 5.6514e-01	 3.5315e+02	 6.0198e+03
 3.3253e+05	 5.9596e+03	 3.6777e+00	 5.5998e-01	 3.5315e+02	 6.0225e+03
 4.9879e+05	 5.9596e+03	 3.5337e+00	 4.9857e-01	 3.5315e+02	 6.0251e+03
 7.4818e+05	 5.9596e+03	 3.4703e+00	 3.7180e-01	 3.5316e+02	 6.0326e+03
 9.0000e+05	 5.9596e+03	 3.4286e+00	 3.4253e-01	 3.5316e+02	 6.0408e+03
 1.0000e+02	 6.0379e+03	 5.8730e+00	 1.6589e-01	 3.5316e+02	 6.0486e+03
 1.5000e+02	 6.0379e+03	 5.8344e+00	 1.7726e-01	 3.5316e+02	 6.0513e+03
 2.2500e+02	 6.0379e+03	 5.7892e+00	 1.9249e-01	 3.5316e+02	 6.0538e+03
 3.3750e+02	 6.0379e+03	 5.7415e+00	 2.1026e-01	 3.5315e+02	 6.0562e+03
 5.0625e+02	 6.0379e+03	 5.6887e+00	 2.3135e-01	 3.5315e+02	 6.0588e+03
 7.5938e+02	 6.0379e+03	 5.6296e+00	 2.5492e-01	 3.5315e+02	 6.0612e+03
 1.1391e+03	 6.0379e+03	 5.5639e+00	 2.8131e-01	 3.5316e+02	 6.0640e+03
 1.7086e+03	 6.0379e+03	 5.4905e+00	 3.1032e-01	 3.5315e+02	 6.0666e+03
 2.5629e+03	 6.0379e+03	 5.4091e+00	 3.4139e-01	 3.5315e+02	 6.0694e+03
 3.8443e+03	 6.0379e+03	 5.3189e+00	 3.7435e-01	 3.5316e+02	 6.0718e+03
 5.7665e+03	 6.0379e+03	 5.2196e+00	 4.0876e-01	 3.5315e+02	 6.0743e+03
 8.6498e+03	 6.0379e+03	 5.1107e+00	 4.4404e-01	 3.5315e+02	 6.0770e+03
 1.2975e+04	 6.0379e+03	 4.9922e+00	 4.8008e-01	 3.5315e+02	 6.0794e+03
 1.9462e+04	 6.0379e+03	 4.8629e+00	 5.1667e-01	 3.5316e+02	 6.0823e+03
 2.9193e+04	 6.0379e+03	 4.7225e+00	 5.5334e-01	 3.5315e+02	 6.0849e+03
 4.3789e+04	 6.0379e+03	 4.5698e+00	 5.8855e-01	 3.5315e+02	 6.0876e+03
 6.5684e+04	 6.0379e+03	 4.0826e+00	 5.7315e-01	 3.5315e+02	 6.0901e+03
 9.8526e+04	 6.0379e+03	 3.9146e+00	 5.8973e-01	 3.5315e+02	 6.0928e+03
 1.4779e+05	 6.0379e+03	 3.7388e+00	 5.8799e-01	 3.5315e+02	 6.0952e+03
 2.2168e+05	 6.0379e+03	 3.5658e+00	 5.6317e-01	 3.5316e+02	 6.0981e+03
 3.3253e+05	 6.0379e+03	 3.6738e+00	 5.5791e-01	 3.5315e+02	 6.1006e+03
 4.9879e+05	 6.0379e+03	 3.5305e+00	 4.9673e-01	 3.5315e+02	 6.1031e+03
 7.4818e+05	 6.0379e+03	 3.4676e+00	 3.7031e-01	 3.5316e+02	 6.1110e+03
 9.0000e+05	 6.0379e+03	 3.4260e+00	 3.4112e-01	 3.5315e+02	 6.1186e+03
 1.0000e+02	 6.1158e+03	 5.8704e+00	 1.6689e-01	 3.5315e+02	 6.1270e+03
 1.5000e+02	 6.1158e+03	 5.8312e+00	 1.7921e-01	 3.5315e+02	 6.1295e+03
 2.2500e+02	 6.1158e+03	 5.7863e+00	 1.9364e-01	 3.5315e+02	 6.1321e+03
 3.3750e+02	 6.1158e+03	 5.7379e+00	 2.1174e-01	 3.5315e+02	 6.1346e+03
 5.0625e+02	 6.1158e+03	 5.6847e+00	 2.3239e-01	 3.5316e+02	 6.1370e+03
 7.5938e+02	 6.1158e+03	 5.6252e+00	 2.5626e-01	 3.5316e+02	 6.1397e+03
 1.1391e+03	 6.1158e+03	 5.5589e+00	 2.8267e-01	 3.5316e+02	 6.1422e+03
 1.7086e+03	 6.1158e+03	 5.4855e+00	 3.1162e-01	 3.5316e+02	 6.1450e+03
 2.5629e+03	 6.1158e+03	 5.4038e+00	 3.4261e-01	 3.5315e+02	 6.1476e+03
 3.8443e+03	 6.1158e+03	 5.3133e+00	 3.7541e-01	 3.5316e+02	 6.1502e+03
 5.7665e+03	 6.1158e+03	 5.2136e+00	 4.0968e-01	 3.5316e+02	 6.1527e+03
 8.6498e+03	 6.1158e+03	 5.1043e+00	 4.4469e-01	 3.5315e+02	 6.1556e+03
 1.2975e+04	 6.1158e+03	 4.9858e+00	 4.8056e-01	 3.5315e+02	 6.1580e+03
 1.9462e+04	 6.1158e+03	 4.8564e+00	 5.1663e-01	 3.5315e+02	 6.1609e+03
 2.9193e+04	 6.1158e+03	 4.7162e+00	 5.5319e-01	 3.5315e+02	 6.1634e+03
 4.3789e+04	 6.1158e+03	 4.2319e+00	 5.4477e-01	 3.5316e+02	 6.1659e+03
 6.5684e+04	 6.1158e+03	 4.0766e+00	 5.7199e-01	 3.5315e+02	 6.1684e+03
 9.8526e+04	 6.1158e+03	 3.9092e+00	 5.8830e-01	 3.5315e+02	 6.1709e+03
 1.4779e+05	 6.1158e+03	 3.7340e+00	 5.8621e-01	 3.5315e+02	 6.1738e+03
 2.2168e+05	 6.1158e+03	 3.5617e+00	 5.6125e-01	 3.5315e+02	 6.1763e+03
 3.3253e+05	 6.1158e+03	 3.6700e+00	 5.5592e-01	 3.5315e+02	 6.1790e+03
 4.9879e+05	 6.1158e+03	 3.5272e+00	 4.9495e-01	 3.5315e+02	 6.1816e+03
 7.4818e+05	 6.1158e+03	 3.4647e+00	 3.6888e-01	 3.5315e+02	 6.1898e+03
 9.0000e+05	 6.1158e+03	 3.4232e+00	 3.3979e-01	 3.5314e+02	 6.1977e+03
 1.0000e+02	 6.1949e+03	 5.8673e+00	 1.6808e-01	 3.5315e+02	 6.2057e+03
 1.5000e+02	 6.1949e+03	 5.8265e+00	 1.7924e-01	 3.5315e+02	 6.2081e+03
 2.2500e+02	 6.1949e+03	 5.7827e+00	 1.9475e-01	 3.5315e+02	 6.2109e+03
 3.3750e+02	 6.1949e+03	 5.7343e+00	 2.1292e-01	 3.5315e+02	 6.2133e+03
 5.0625e+02	 6.1949e+03	 5.6805e+00	 2.3404e-01	 3.5315e+02	 6.2160e+03
 7.5938e+02	 6.1949e+03	 5.6208e+00	 2.5781e-01	 3.5315e+02	 6.2185e+03
 1.1391e+03	 6.1949e+03	 5.5542e+00	 2.8421e-01	 3.5314e+02	 6.2211e+03
 1.7086e+03	 6.1949e+03	 5.4803e+00	 3.1295e-01	 3.5315e+02	 6.2237e+03
 2.5629e+03	 6.1949e+03	 5.3980e+00	 3.4401e-01	 3.5315e+02	 6.2262e+03
 3.8443e+03	 6.1949e+03	 5.3073e+00	 3.7657e-01	 3.5315e+02	 6.2291e+03
 5.7665e+03	 6.1949e+03	 5.2071e+00	 4.1049e-01	 3.5315e+02	 6.2316e+03
 8.6498e+03	 6.1949e+03	 5.0977e+00	 4.4527e-01	 3.5315e+02	 6.2343e+03
 1.2975e+04	 6.1949e+03	 4.9790e+00	 4.8092e-01	 3.5315e+02	 6.2368e+03
 1.9462e+04	 6.1949e+03	 4.8497e+00	 5.1670e-01	 3.5315e+02	 6.2395e+03
 2.9193e+04	 6.1949e+03	 4.7094e+00	 5.5285e-01	 3.5316e+02	 6.2421e+03
 4.3789e+04	 6.1949e+03	 4.2258e+00	 5.4414e-01	 3.5315e+02	 6.2448e+03
 6.5684e+04	 6.1949e+03	 4.0708e+00	 5.7087e-01	 3.5315e+02	 6.2472e+03
 9.8526e+04	 6.1949e+03	 3.9038e+00	 5.8665e-01	 3.5315e+02	 6.2498e+03
 1.4779e+05	 6.1949e+03	 3.7293e+00	 5.8437e-01	 3.5316e+02	 6.2524e+03
 2.2168e+05	 6.1949e+03	 3.5575e+00	 5.5928e-01	 3.5315e+02	 6.2549e+03
 3.3253e+05	 6.1949e+03	 3.6663e+00	 5.5395e-01	 3.5316e+02	 6.2575e+03
 4.9879e+05	 6.1949e+03	 3.5241e+00	 4.9326e-01	 3.5314e+02	 6.2601e+03
 7.4818e+05	 6.1949e+03	 3.4621e+00	 3.6743e-01	 3.5316e+02	 6.2681e+03
 9.0000e+05	 6.1949e+03	 3.4209e+00	 3.3844e-01	 3.5316e+02	 6.2758e+03
 1.0000e+02	 6.2729e+03	 5.8649e+00	 1.6895e-01	 3.5315e+02	 6.2836e+03
 1.5000e+02	 6.2729e+03	 5.8240e+00	 1.8192e-01	 3.5315e+02	 6.2862e+03
 2.2500e+02	 6.2729e+03	 5.7795e+00	 1.9617e-01	 3.5315e+02	 6.2887e+03
 3.3750e+02	 6.2729e+03	 5.7307e+00	 2.1434e-01	 3.5315e+02	 6.2911e+03
 5.0625e+02	 6.2729e+03	 5.6767e+00	 2.3543e-01	 3.5315e+02	 6.2938e+03
 7.5938e+02	 6.2729e+03	 5.6164e+00	 2.5913e-01	 3.5315e+02	 6.2964e+03
 1.1391e+03	 6.2729e+03	 5.5497e+00	 2.8576e-01	 3.5316e+02	 6.2991e+03
 1.7086e+03	 6.2729e+03	 5.4750e+00	 3.1432e-01	 3.5315e+02	 6.3016e+03
 2.5629e+03	 6.2729e+03	 5.3925e+00	 3.4526e-01	 3.5315e+02	 6.3043e+03
 3.8443e+03	 6.2729e+03	 5.3010e+00	 3.7770e-01	 3.5314e+02	 6.3068e+03
 5.7665e+03	 6.2729e+03	 5.2008e+00	 4.1139e-01	 3.5315e+02	 6.3092e+03
 8.6498e+03	 6.2729e+03	 5.0910e+00	 4.4605e-01	 3.5315e+02	 6.3119e+03
 1.2975e+04	 6.2729e+03	 4.9721e+00	 4.8117e-01	 3.5315e+02	 6.3144e+03
 1.9462e+04	 6.2729e+03	 4.8426e+00	 5.1676e-01	 3.5315e+02	 6.3170e+03
 2.9193e+04	 6.2729e+03	 4.7022e+00	 5.5240e-01	 3.5315e+02	 6.3196e+03
 4.3789e+04	 6.2729e+03	 4.2191e+00	 5.4353e-01	 3.5314e+02	 6.3223e+03
 6.5684e+04	 6.2729e+03	 4.0643e+00	 5.6990e-01	 3.5314e+02	 6.3248e+03
 9.8526e+04	 6.2729e+03	 3.8976e+00	 5.8518e-01	 3.5313e+02	 6.3276e+03
 1.4779e+05	 6.2729e+03	 3.7236e+00	 5.8245e-01	 3.5313e+02	 6.3300e+03
 2.2168e+05	 6.2729e+03	 3.5526e+00	 5.5711e-01	 3.5314e+02	 6.3326e+03
 3.3253e+05	 6.2729e+03	 3.6618e+00	 5.5156e-01	 3.5314e+02	 6.3352e+03
 4.9879e+05	 6.2729e+03	 3.5203e+00	 4.9096e-01	 3.5313e+02	 6.3378e+03
 7.4818e+05	 6.2729e+03	 3.4588e+00	 3.6556e-01	 3.5313e+02	 6.3455e+03
 9.0000e+05	 6.2729e+03	 3.4178e+00	 3.3677e-01	 3.5313e+02	 6.3536e+03
 1.0000e+02	 6.3508e+03	 5.8619e+00	 1.7019e-01	 3.5313e+02	 6.3618e+03
 1.5000e+02	 6.3508e+03	 5.8208e+00	 1.8078e-01	 3.5313e+02	 6.3642e+03
 2.2500e+02	 6.3508e+03	 5.7761e+00	 1.9742e-01	 3.5313e+02	 6.3666e+03
 3.3750e+02	 6.3508e+03	 5.7269e+00	 2.1562e-01	 3.5315e+02	 6.3692e+03
 5.0625e+02	 6.3508e+03	 5.6725e+00	 2.3647e-01	 3.5314e+02	 6.3717e+03
 7.5938e+02	 6.3508e+03	 5.6123e+00	 2.6043e-01	 3.5315e+02	 6.3741e+03
 1.1391e+03	 6.3508e+03	 5.5448e+00	 2.8696e-01	 3.5315e+02	 6.3768e+03
 1.7086e+03	 6.3508e+03	 5.4703e+00	 3.1564e-01	 3.5315e+02	 6.3794e+03
 2.5629e+03	 6.3508e+03	 5.3875e+00	 3.4633e-01	 3.5315e+02	 6.3820e+03
 3.8443e+03	 6.3508e+03	 5.2960e+00	 3.7864e-01	 3.5316e+02	 6.3846e+03
 5.7665e+03	 6.3508e+03	 5.1956e+00	 4.1212e-01	 3.5316e+02	 6.3873e+03
 8.6498e+03	 6.3508e+03	 5.0858e+00	 4.4647e-01	 3.5316e+02	 6.3899e+03
 1.2975e+04	 6.3508e+03	 4.9669e+00	 4.8145e-01	 3.5317e+02	 6.3926e+03
 1.9462e+04	 6.3508e+03	 4.8373e+00	 5.1677e-01	 3.5316e+02	 6.3951e+03
 2.9193e+04	 6.3508e+03	 4.6970e+00	 5.5205e-01	 3.5316e+02	 6.3979e+03
 4.3789e+04	 6.3508e+03	 4.2145e+00	 5.4300e-01	 3.5316e+02	 6.4004e+03
 6.5684e+04	 6.3508e+03	 4.0601e+00	 5.6893e-01	 3.5316e+02	 6.4028e+03
 9.8526e+04	 6.3508e+03	 3.8936e+00	 5.8390e-01	 3.5316e+02	 6.4055e+03
 1.4779e+05	 6.3508e+03	 3.7204e+00	 5.8103e-01	 3.5316e+02	 6.4079e+03
 2.2168e+05	 6.3508e+03	 3.5497e+00	 5.5563e-01	 3.5316e+02	 6.4108e+03
 3.3253e+05	 6.3508e+03	 3.6593e+00	 5.5019e-01	 3.5316e+02	 6.4133e+03
 4.9879e+05	 6.3508e+03	 3.5182e+00	 4.8995e-01	 3.5315e+02	 6.4161e+03
 7.4818e+05	 6.3508e+03	 3.4571e+00	 3.6472e-01	 3.5315e+02	 6.4238e+03
 9.0000e+05	 6.3508e+03	 3.4159e+00	 3.3589e-01	 3.5315e+02	 6.4314e+03
 1.0000e+02	 6.4286e+03	 5.8597e+00	 1.7115e-01	 3.5314e+02	 6.4396e+03
 1.5000e+02	 6.4286e+03	 5.8178e+00	 1.8125e-01	 3.5314e+02	 6.4420e+03
 2.2500e+02	 6.4286e+03	 5.7732e+00	 1.9850e-01	 3.5314e+02	 6.4444e+03
 3.3750e+02	 6.4286e+03	 5.7238e+00	 2.1667e-01	 3.5314e+02	 6.4471e+03
 5.0625e+02	 6.4286e+03	 5.6690e+00	 2.3784e-01	 3.5314e+02	 6.4495e+03
 7.5938e+02	 6.4286e+03	 5.6080e+00	 2.6175e-01	 3.5314e+02	 6.4520e+03
 1.1391e+03	 6.4286e+03	 5.5405e+00	 2.8807e-01	 3.5314e+02	 6.4548e+03
 1.7086e+03	 6.4286e+03	 5.4653e+00	 3.1685e-01	 3.5314e+02	 6.4576e+03
 2.5629e+03	 6.4286e+03	 5.3821e+00	 3.4756e-01	 3.5314e+02	 6.4601e+03
 3.8443e+03	 6.4286e+03	 5.2902e+00	 3.7965e-01	 3.5315e+02	 6.4626e+03
 5.7665e+03	 6.4286e+03	 5.1893e+00	 4.1307e-01	 3.5315e+02	 6.4650e+03
 8.6498e+03	 6.4286e+03	 5.0792e+00	 4.4712e-01	 3.5315e+02	 6.4676e+03
 1.2975e+04	 6.4286e+03	 4.9601e+00	 4.8174e-01	 3.5315e+02	 6.4700e+03
 1.9462e+04	 6.4286e+03	 4.8305e+00	 5.1680e-01	 3.5315e+02	 6.4728e+03
 2.9193e+04	 6.4286e+03	 4.6902e+00	 5.5186e-01	 3.5315e+02	 6.4755e+03
 4.3789e+04	 6.4286e+03	 4.2083e+00	 5.4222e-01	 3.5315e+02	 6.4780e+03
 6.5684e+04	 6.4286e+03	 4.0538e+00	 5.6781e-01	 3.5315e+02	 6.4808e+03
 9.8526e+04	 6.4286e+03	 3.8879e+00	 5.8235e-01	 3.5315e+02	 6.4834e+03
 1.4779e+05	 6.4286e+03	 3.7150e+00	 5.7909e-01	 3.5315e+02	 6.4861e+03
 2.2168e+05	 6.4286e+03	 3.5454e+00	 5.5365e-01	 3.5315e+02	 6.4888e+03
 3.3253e+05	 6.4286e+03	 3.6554e+00	 5.4810e-01	 3.5315e+02	 6.4915e+03
 4.9879e+05	 6.4286e+03	 3.5151e+00	 4.8796e-01	 3.5315e+02	 6.4941e+03
 7.4818e+05	 6.4286e+03	 3.4546e+00	 3.6332e-01	 3.5315e+02	 6.5018e+03
 9.0000e+05	 6.4286e+03	 3.4138e+00	 3.3482e-01	 3.5317e+02	 6.5099e+03
 1.0000e+02	 6.5071e+03	 5.8579e+00	 1.7196e-01	 3.5317e+02	 6.5183e+03
 1.5000e+02	 6.5071e+03	 5.8155e+00	 1.8374e-01	 3.5317e+02	 6.5207e+03
 2.2500e+02	 6.5071e+03	 5.7711e+00	 1.9956e-01	 3.5317e+02	 6.5232e+03
 3.3750e+02	 6.5071e+03	 5.7213e+00	 2.1771e-01	 3.5317e+02	 6.5258e+03
 5.0625e+02	 6.5071e+03	 5.6662e+00	 2.3899e-01	 3.5317e+02	 6.5282e+03
 7.5938e+02	 6.5071e+03	 5.6050e+00	 2.6278e-01	 3.5317e+02	 6.5308e+03
 1.1391e+03	 6.5071e+03	 5.5371e+00	 2.8881e-01	 3.5317e+02	 6.5333e+03
 1.7086e+03	 6.5071e+03	 5.4615e+00	 3.1796e-01	 3.5317e+02	 6.5361e+03
 2.5629e+03	 6.5071e+03	 5.3778e+00	 3.4845e-01	 3.5317e+02	 6.5387e+03
 3.8443e+03	 6.5071e+03	 5.2856e+00	 3.8064e-01	 3.5317e+02	 6.5411e+03
 5.7665e+03	 6.5071e+03	 5.1844e+00	 4.1371e-01	 3.5316e+02	 6.5436e+03
 8.6498e+03	 6.5071e+03	 5.0739e+00	 4.4756e-01	 3.5316e+02	 6.5462e+03
 1.2975e+04	 6.5071e+03	 4.9545e+00	 4.8206e-01	 3.5316e+02	 6.5489e+03
 1.9462e+04	 6.5071e+03	 4.8248e+00	 5.1684e-01	 3.5316e+02	 6.5516e+03
 2.9193e+04	 6.5071e+03	 4.6843e+00	 5.5149e-01	 3.5316e+02	 6.5542e+03
 4.3789e+04	 6.5071e+03	 4.2029e+00	 5.4155e-01	 3.5316e+02	 6.5567e+03
 6.5684e+04	 6.5071e+03	 4.0487e+00	 5.6697e-01	 3.5315e+02	 6.5594e+03
 9.8526e+04	 6.5071e+03	 3.8830e+00	 5.8110e-01	 3.5315e+02	 6.5619e+03
 1.4779e+05	 6.5071e+03	 3.7107e+00	 5.7755e-01	 3.5315e+02	 6.5644e+03
 2.2168e+05	 6.5071e+03	 3.5415e+00	 5.5182e-01	 3.5315e+02	 6.5671e+03
 3.3253e+05	 6.5071e+03	 3.6518e+00	 5.4617e-01	 3.5315e+02	 6.5695e+03
 4.9879e+05	 6.5071e+03	 3.5118e+00	 4.8631e-01	 3.5314e+02	 6.5723e+03
 7.4818e+05	 6.5071e+03	 3.4516e+00	 3.6175e-01	 3.5314e+02	 6.5800e+03
 9.0000e+05	 6.5071e+03	 3.4108e+00	 3.3315e-01	 3.5314e+02	 6.5878e+03
 1.0000e+02	 6.5849e+03	 5.8549e+00	 1.7309e-01	 3.5313e+02	 6.5959e+03
 1.5000e+02	 6.5849e+03	 5.8127e+00	 1.8567e-01	 3.5314e+02	 6.5984e+03
 2.2500e+02	 6.5849e+03	 5.7669e+00	 2.0086e-01	 3.5314e+02	 6.6011e+03
 3.3750e+02	 6.5849e+03	 5.7168e+00	 2.1933e-01	 3.5313e+02	 6.6035e+03
 5.0625e+02	 6.5849e+03	 5.6611e+00	 2.4039e-01	 3.5313e+02	 6.6063e+03
 7.5938e+02	 6.5849e+03	 5.5996e+00	 2.6420e-01	 3.5312e+02	 6.6088e+03
 1.1391e+03	 6.5849e+03	 5.5311e+00	 2.9099e-01	 3.5312e+02	 6.6116e+03
 1.7086e+03	 6.5849e+03	 5.4549e+00	 3.1931e-01	 3.5312e+02	 6.6142e+03
 2.5629e+03	 6.5849e+03	 5.3708e+00	 3.4999e-01	 3.5311e+02	 6.6171e+03
 3.8443e+03	 6.5849e+03	 5.2781e+00	 3.8179e-01	 3.5311e+02	 6.6195e+03
 5.7665e+03	 6.5849e+03	 5.1766e+00	 4.1466e-01	 3.5312e+02	 6.6222e+03
 8.6498e+03	 6.5849e+03	 5.0660e+00	 4.4827e-01	 3.5313e+02	 6.6248e+03
 1.2975e+04	 6.5849e+03	 4.9467e+00	 4.8239e-01	 3.5313e+02	 6.6276e+03
 1.9462e+04	 6.5849e+03	 4.8171e+00	 5.1687e-01	 3.5313e+02	 6.6301e+03
 2.9193e+04	 6.5849e+03	 4.6769e+00	 5.5112e-01	 3.5313e+02	 6.6329e+03
 4.3789e+04	 6.5849e+03	 4.1963e+00	 5.4095e-01	 3.5313e+02	 6.6353e+03
 6.5684e+04	 6.5849e+03	 4.0426e+00	 5.6580e-01	 3.5314e+02	 6.6378e+03
 9.8526e+04	 6.5849e+03	 3.8775e+00	 5.7968e-01	 3.5315e+02	 6.6405e+03
 1.4779e+05	 6.5849e+03	 3.7060e+00	 5.7575e-01	 3.5315e+02	 6.6430e+03
 2.2168e+05	 6.5849e+03	 3.5377e+00	 5.5005e-01	 3.5315e+02	 6.6456e+03
 3.3253e+05	 6.5849e+03	 3.6485e+00	 5.4439e-01	 3.5316e+02	 6.6481e+03
 4.9879e+05	 6.5849e+03	 3.5093e+00	 4.8478e-01	 3.5316e+02	 6.6509e+03
 7.4818e+05	 6.5849e+03	 3.4495e+00	 3.6065e-01	 3.5316e+02	 6.6585e+03
 9.0000e+05	 6.5849e+03	 3.4092e+00	 3.3244e-01	 3.5316e+02	 6.6662e+03
 1.0000e+02	 6.6634e+03	 5.8529e+00	 1.7399e-01	 3.5317e+02	 6.6747e+03
 1.5000e+02	 6.6634e+03	 5.8112e+00	 1.8666e-01	 3.5317e+02	 6.6771e+03
 2.2500e+02	 6.6634e+03	 5.7651e+00	 2.0172e-01	 3.5316e+02	 6.6798e+03
 3.3750e+02	 6.6634e+03	 5.7146e+00	 2.2016e-01	 3.5317e+02	 6.6822e+03
 5.0625e+02	 6.6634e+03	 5.6589e+00	 2.4132e-01	 3.5317e+02	 6.6849e+03
 7.5938e+02	 6.6634e+03	 5.5971e+00	 2.6538e-01	 3.5317e+02	 6.6873e+03
 1.1391e+03	 6.6634e+03	 5.5283e+00	 2.9157e-01	 3.5316e+02	 6.6899e+03
 1.7086e+03	 6.6634e+03	 5.4522e+00	 3.2027e-01	 3.5317e+02	 6.6925e+03
 2.5629e+03	 6.6634e+03	 5.3678e+00	 3.5064e-01	 3.5317e+02	 6.6951e+03
 3.8443e+03	 6.6634e+03	 5.2748e+00	 3.8242e-01	 3.5317e+02	 6.6978e+03
 5.7665e+03	 6.6634e+03	 5.1730e+00	 4.1530e-01	 3.5316e+02	 6.7002e+03
 8.6498e+03	 6.6634e+03	 5.0621e+00	 4.4866e-01	 3.5315e+02	 6.7029e+03
 1.2975e+04	 6.6634e+03	 4.9426e+00	 4.8259e-01	 3.5315e+02	 6.7054e+03
 1.9462e+04	 6.6634e+03	 4.8126e+00	 5.1671e-01	 3.5315e+02	 6.7083e+03
 2.9193e+04	 6.6634e+03	 4.6722e+00	 5.5077e-01	 3.5315e+02	 6.7109e+03
 4.3789e+04	 6.6634e+03	 4.1916e+00	 5.4040e-01	 3.5314e+02	 6.7136e+03
 6.5684e+04	 6.6634e+03	 4.0380e+00	 5.6482e-01	 3.5315e+02	 6.7161e+03
 9.8526e+04	 6.6634e+03	 3.8729e+00	 5.7833e-01	 3.5315e+02	 6.7189e+03
 1.4779e+05	 6.6634e+03	 3.7017e+00	 5.7411e-01	 3.5315e+02	 6.7213e+03
 2.2168e+05	 6.6634e+03	 3.5339e+00	 5.4833e-01	 3.5315e+02	 6.7239e+03
 3.3253e+05	 6.6634e+03	 3.6451e+00	 5.4251e-01	 3.5315e+02	 6.7265e+03
 4.9879e+05	 6.6634e+03	 3.5063e+00	 4.8312e-01	 3.5315e+02	 6.7291e+03
 7.4818e+05	 6.6634e+03	 3.4468e+00	 3.5920e-01	 3.5315e+02	 6.7368e+03
 9.0000e+05	 6.6634e+03	 3.4066e+00	 3.3104e-01	 3.5315e+02	 6.7445e+03
 1.0000e+02	 6.7417e+03	 5.8505e+00	 1.7530e-01	 3.5314e+02	 6.7523e+03
 1.5000e+02	 6.7417e+03	 5.8080e+00	 1.8725e-01	 3.5314e+02	 6.7547e+03
 2.2500e+02	 6.7417e+03	 5.7614e+00	 2.0313e-01	 3.5314e+02	 6.7574e+03
 3.3750e+02	 6.7417e+03	 5.7106e+00	 2.2159e-01	 3.5314e+02	 6.7599e+03
 5.0625e+02	 6.7417e+03	 5.6543e+00	 2.4273e-01	 3.5314e+02	 6.7626e+03
 7.5938e+02	 6.7417e+03	 5.5922e+00	 2.6669e-01	 3.5314e+02	 6.7651e+03
 1.1391e+03	 6.7417e+03	 5.5232e+00	 2.9326e-01	 3.5314e+02	 6.7679e+03
 1.7086e+03	 6.7417e+03	 5.4464e+00	 3.2155e-01	 3.5314e+02	 6.7704e+03
 2.5629e+03	 6.7417e+03	 5.3616e+00	 3.5178e-01	 3.5314e+02	 6.7733e+03
 3.8443e+03	 6.7417e+03	 5.2685e+00	 3.8348e-01	 3.5314e+02	 6.7758e+03
 5.7665e+03	 6.7417e+03	 5.1666e+00	 4.1609e-01	 3.5315e+02	 6.7782e+03
 8.6498e+03	 6.7417e+03	 5.0556e+00	 4.4924e-01	 3.5315e+02	 6.7808e+03
 1.2975e+04	 6.7417e+03	 4.9361e+00	 4.8279e-01	 3.5314e+02	 6.7832e+03
 1.9462e+04	 6.7417e+03	 4.8062e+00	 5.1681e-01	 3.5315e+02	 6.7858e+03
 2.9193e+04	 6.7417e+03	 4.6661e+00	 5.5043e-01	 3.5316e+02	 6.7885e+03
 4.3789e+04	 6.7417e+03	 4.1862e+00	 5.3990e-01	 3.5315e+02	 6.7913e+03
 6.5684e+04	 6.7417e+03	 4.0330e+00	 5.6390e-01	 3.5316e+02	 6.7938e+03
 9.8526e+04	 6.7417e+03	 3.8685e+00	 5.7701e-01	 3.5316e+02	 6.7966e+03
 1.4779e+05	 6.7417e+03	 3.6979e+00	 5.7256e-01	 3.5316e+02	 6.7990e+03
 2.2168e+05	 6.7417e+03	 3.5307e+00	 5.4676e-01	 3.5317e+02	 6.8016e+03
 3.3253e+05	 6.7417e+03	 3.6422e+00	 5.4099e-01	 3.5316e+02	 6.8042e+03
 4.9879e+05	 6.7417e+03	 3.5040e+00	 4.8173e-01	 3.5317e+02	 6.8068e+03
 7.4818e+05	 6.7417e+03	 3.4450e+00	 3.5819e-01	 3.5317e+02	 6.8149e+03
 9.0000e+05	 6.7417e+03	 3.4046e+00	 3.3000e-01	 3.5317e+02	 6.8228e+03
 1.0000e+02	 6.8199e+03	 5.8484e+00	 1.7598e-01	 3.5316e+02	 6.8310e+03
 1.5000e+02	 6.8199e+03	 5.8056e+00	 1.8873e-01	 3.5316e+02	 6.8335e+03
 2.2500e+02	 6.8199e+03	 5.7589e+00	 2.0413e-01	 3.5316e+02	 6.8363e+03
 3.3750e+02	 6.8199e+03	 5.7077e+00	 2.2264e-01	 3.5315e+02	 6.8387e+03
 5.0625e+02	 6.8199e+03	 5.6514e+00	 2.4397e-01	 3.5315e+02	 6.8411e+03
 7.5938e+02	 6.8199e+03	 5.5886e+00	 2.6783e-01	 3.5316e+02	 6.8438e+03
 1.1391e+03	 6.8199e+03	 5.5192e+00	 2.9442e-01	 3.5315e+02	 6.8463e+03
 1.7086e+03	 6.8199e+03	 5.4422e+00	 3.2275e-01	 3.5315e+02	 6.8489e+03
 2.5629e+03	 6.8199e+03	 5.3571e+00	 3.5302e-01	 3.5315e+02	 6.8514e+03
 3.8443e+03	 6.8199e+03	 5.2636e+00	 3.8440e-01	 3.5315e+02	 6.8539e+03
 5.7665e+03	 6.8199e+03	 5.1613e+00	 4.1681e-01	 3.5315e+02	 6.8563e+03
 8.6498e+03	 6.8199e+03	 5.0500e+00	 4.4977e-01	 3.5314e+02	 6.8589e+03
 1.2975e+04	 6.8199e+03	 4.9302e+00	 4.8295e-01	 3.5314e+02	 6.8616e+03
 1.9462e+04	 6.8199e+03	 4.8002e+00	 5.1666e-01	 3.5315e+02	 6.8641e+03
 2.9193e+04	 6.8199e+03	 4.6597e+00	 5.5009e-01	 3.5315e+02	 6.8669e+03
 4.3789e+04	 6.8199e+03	 4.1804e+00	 5.3909e-01	 3.5315e+02	 6.8693e+03
 6.5684e+04	 6.8199e+03	 4.0270e+00	 5.6288e-01	 3.5315e+02	 6.8719e+03
 9.8526e+04	 6.8199e+03	 3.8629e+00	 5.7555e-01	 3.5315e+02	 6.8745e+03
 1.4779e+05	 6.8199e+03	 3.6927e+00	 5.7087e-01	 3.5315e+02	 6.8771e+03
 2.2168e+05	 6.8199e+03	 3.5261e+00	 5.4472e-01	 3.5314e+02	 6.8798e+03
 3.3253e+05	 6.8199e+03	 3.6379e+00	 5.3869e-01	 3.5313e+02	 6.8822e+03
 4.9879e+05	 6.8199e+03	 3.5002e+00	 4.7967e-01	 3.5313e+02	 6.8848e+03
 7.4818e+05	 6.8199e+03	 3.4413e+00	 3.5610e-01	 3.5310e+02	 6.8926e+03
 9.0000e+05	 6.8199e+03	 3.4013e+00	 3.2813e-01	 3.5311e+02	 6.9004e+03
 1.0000e+02	 6.8975e+03	 5.8448e+00	 1.7721e-01	 3.5311e+02	 6.9085e+03
 1.5000e+02	 6.8975e+03	 5.8028e+00	 1.8822e-01	 3.5312e+02	 6.9110e+03
 2.2500e+02	 6.8975e+03	 5.7550e+00	 2.0535e-01	 3.5312e+02	 6.9138e+03
 3.3750e+02	 6.8975e+03	 5.7036e+00	 2.2397e-01	 3.5313e+02	 6.9162e+03
 5.0625e+02	 6.8975e+03	 5.6468e+00	 2.4518e-01	 3.5313e+02	 6.9186e+03
 7.5938e+02	 6.8975e+03	 5.5842e+00	 2.6922e-01	 3.5314e+02	 6.9213e+03
 1.1391e+03	 6.8975e+03	 5.5143e+00	 2.9550e-01	 3.5314e+02	 6.9238e+03
 1.7086e+03	 6.8975e+03	 5.4372e+00	 3.2378e-01	 3.5315e+02	 6.9264e+03
 2.5629e+03	 6.8975e+03	 5.3521e+00	 3.5395e-01	 3.5316e+02	 6.9289e+03
 3.8443e+03	 6.8975e+03	 5.2584e+00	 3.8528e-01	 3.5315e+02	 6.9314e+03
 5.7665e+03	 6.8975e+03	 5.1562e+00	 4.1748e-01	 3.5316e+02	 6.9338e+03
 8.6498e+03	 6.8975e+03	 5.0449e+00	 4.5017e-01	 3.5316e+02	 6.9365e+03
 1.2975e+04	 6.8975e+03	 4.9252e+00	 4.8329e-01	 3.5316e+02	 6.9392e+03
 1.9462e+04	 6.8975e+03	 4.7953e+00	 5.1659e-01	 3.5316e+02	 6.9418e+03
 2.9193e+04	 6.8975e+03	 4.6551e+00	 5.4974e-01	 3.5317e+02	 6.9446e+03
 4.3789e+04	 6.8975e+03	 4.1763e+00	 5.3840e-01	 3.5317e+02	 6.9470e+03
 6.5684e+04	 6.8975e+03	 4.0234e+00	 5.6200e-01	 3.5318e+02	 6.9498e+03
 9.8526e+04	 6.8975e+03	 3.8597e+00	 5.7443e-01	 3.5318e+02	 6.9522e+03
 1.4779e+05	 6.8975e+03	 3.6901e+00	 5.6950e-01	 3.5318e+02	 6.9550e+03
 2.2168e+05	 6.8975e+03	 3.5241e+00	 5.4357e-01	 3.5318e+02	 6.9576e+03
 3.3253e+05	 6.8975e+03	 3.6362e+00	 5.3774e-01	 3.5318e+02	 6.9604e+03
 4.9879e+05	 6.8975e+03	 3.4989e+00	 4.7891e-01	 3.5318e+02	 6.9630e+03
 7.4818e+05	 6.8975e+03	 3.4404e+00	 3.5581e-01	 3.5317e+02	 6.9710e+03
 9.0000e+05	 6.8975e+03	 3.4003e+00	 3.2779e-01	 3.5316e+02	 6.9790e+03
 1.0000e+02	 6.9762e+03	 5.8433e+00	 1.7820e-01	 3.5316e+02	 6.9872e+03
 1.5000e+02	 6.9762e+03	 5.8006e+00	 1.9277e-01	 3.5315e+02	 6.9896e+03
 2.2500e+02	 6.9762e+03	 5.7528e+00	 2.0643e-01	 3.5315e+02	 6.9924e+03
 3.3750e+02	 6.9762e+03	 5.7011e+00	 2.2495e-01	 3.5314e+02	 6.9949e+03
 5.0625e+02	 6.9762e+03	 5.6440e+00	 2.4625e-01	 3.5314e+02	 6.9976e+03
 7.5938e+02	 6.9762e+03	 5.5806e+00	 2.7054e-01	 3.5315e+02	 7.0000e+03
 1.1391e+03	 6.9762e+03	 5.5104e+00	 2.9678e-01	 3.5314e+02	 7.0026e+03
 1.7086e+03	 6.9762e+03	 5.4328e+00	 3.2516e-01	 3.5315e+02	 7.0052e+03
 2.5629e+03	 6.9762e+03	 5.3470e+00	 3.5501e-01	 3.5315e+02	 7.0078e+03
 3.8443e+03	 6.9762e+03	 5.2529e+00	 3.8629e-01	 3.5315e+02	 7.0105e+03
 5.7665e+03	 6.9762e+03	 5.1503e+00	 4.1816e-01	 3.5315e+02	 7.0129e+03
 8.6498e+03	 6.9762e+03	 5.0388e+00	 4.5058e-01	 3.5315e+02	 7.0158e+03
 1.2975e+04	 6.9762e+03	 4.9188e+00	 4.8344e-01	 3.5316e+02	 7.0182e+03
 1.9462e+04	 6.9762e+03	 4.7889e+00	 5.1667e-01	 3.5316e+02	 7.0211e+03
 2.9193e+04	 6.9762e+03	 4.6486e+00	 5.4936e-01	 3.5316e+02	 7.0238e+03
 4.3789e+04	 6.9762e+03	 4.1703e+00	 5.3789e-01	 3.5316e+02	 7.0264e+03
 6.5684e+04	 6.9762e+03	 4.0176e+00	 5.6097e-01	 3.5316e+02	 7.0288e+03
 9.8526e+04	 6.9762e+03	 3.8541e+00	 5.7310e-01	 3.5316e+02	 7.0312e+03
 1.4779e+05	 6.9762e+03	 3.6852e+00	 5.6789e-01	 3.5316e+02	 7.0338e+03
 2.2168e+05	 6.9762e+03	 3.5197e+00	 5.4160e-01	 3.5316e+02	 7.0364e+03
 3.3253e+05	 6.9762e+03	 3.6323e+00	 5.3563e-01	 3.5316e+02	 7.0391e+03
 4.9879e+05	 6.9762e+03	 3.4955e+00	 4.7704e-01	 3.5316e+02	 7.0417e+03
 7.4818e+05	 6.9762e+03	 3.4376e+00	 3.5433e-01	 3.5316e+02	 7.0493e+03
 9.0000e+05	 6.9762e+03	 3.3979e+00	 3.2652e-01	 3.5316e+02	 7.0575e+03
 1.0000e+02	 7.0547e+03	 5.8413e+00	 1.7921e-01	 3.5316e+02	 7.0658e+03
 1.5000e+02	 7.0547e+03	 5.7994e+00	 1.9007e-01	 3.5316e+02	 7.0683e+03
 2.2500e+02	 7.0547e+03	 5.7499e+00	 2.0756e-01	 3.5315e+02	 7.0711e+03
 3.3750e+02	 7.0547e+03	 5.6980e+00	 2.2619e-01	 3.5315e+02	 7.0736e+03
 5.0625e+02	 7.0547e+03	 5.6406e+00	 2.4742e-01	 3.5316e+02	 7.0760e+03
 7.5938e+02	 7.0547e+03	 5.5771e+00	 2.7151e-01	 3.5315e+02	 7.0785e+03
 1.1391e+03	 7.0547e+03	 5.5067e+00	 2.9790e-01	 3.5315e+02	 7.0811e+03
 1.7086e+03	 7.0547e+03	 5.4284e+00	 3.2607e-01	 3.5316e+02	 7.0838e+03
 2.5629e+03	 7.0547e+03	 5.3426e+00	 3.5607e-01	 3.5315e+02	 7.0864e+03
 3.8443e+03	 7.0547e+03	 5.2482e+00	 3.8700e-01	 3.5316e+02	 7.0891e+03
 5.7665e+03	 7.0547e+03	 5.1450e+00	 4.1883e-01	 3.5315e+02	 7.0916e+03
 8.6498e+03	 7.0547e+03	 5.0332e+00	 4.5109e-01	 3.5315e+02	 7.0945e+03
 1.2975e+04	 7.0547e+03	 4.9130e+00	 4.8371e-01	 3.5315e+02	 7.0970e+03
 1.9462e+04	 7.0547e+03	 4.7828e+00	 5.1660e-01	 3.5314e+02	 7.0999e+03
 2.9193e+04	 7.0547e+03	 4.6425e+00	 5.4924e-01	 3.5314e+02	 7.1024e+03
 4.3789e+04	 7.0547e+03	 4.1645e+00	 5.3719e-01	 3.5314e+02	 7.1051e+03
 6.5684e+04	 7.0547e+03	 4.0119e+00	 5.6006e-01	 3.5315e+02	 7.1076e+03
 9.8526e+04	 7.0547e+03	 3.8486e+00	 5.7164e-01	 3.5314e+02	 7.1101e+03
 1.4779e+05	 7.0547e+03	 3.6802e+00	 5.6606e-01	 3.5314e+02	 7.1128e+03
 2.2168e+05	 7.0547e+03	 3.5154e+00	 5.3961e-01	 3.5314e+02	 7.1153e+03
 3.3253e+05	 7.0547e+03	 3.6283e+00	 5.3356e-01	 3.5314e+02	 7.1178e+03
 4.9879e+05	 7.0547e+03	 3.4921e+00	 4.7519e-01	 3.5315e+02	 7.1205e+03
 7.4818e+05	 7.0547e+03	 3.4348e+00	 3.5260e-01	 3.5314e+02	 7.1281e+03
 9.0000e+05	 7.0547e+03	 3.3953e+00	 3.2502e-01	 3.5314e+02	 7.1362e+03
 1.0000e+02	 7.1334e+03	 5.8381e+00	 1.8007e-01	 3.5314e+02	 7.1440e+03
 1.5000e+02	 7.1334e+03	 5.7937e+00	 1.9262e-01	 3.5314e+02	 7.1464e+03
 2.2500e+02	 7.1334e+03	 5.7466e+00	 2.0856e-01	 3.5314e+02	 7.1491e+03
 3.3750e+02	 7.1334e+03	 5.6945e+00	 2.2737e-01	 3.5314e+02	 7.1515e+03
 5.0625e+02	 7.1334e+03	 5.6366e+00	 2.4864e-01	 3.5315e+02	 7.1539e+03
 7.5938e+02	 7.1334e+03	 5.5728e+00	 2.7266e-01	 3.5315e+02	 7.1565e+03
 1.1391e+03	 7.1334e+03	 5.5022e+00	 2.9912e-01	 3.5315e+02	 7.1591e+03
 1.7086e+03	 7.1334e+03	 5.4237e+00	 3.2725e-01	 3.5316e+02	 7.1618e+03
 2.5629e+03	 7.1334e+03	 5.3374e+00	 3.5711e-01	 3.5315e+02	 7.1644e+03
 3.8443e+03	 7.1334e+03	 5.2427e+00	 3.8790e-01	 3.5315e+02	 7.1671e+03
 5.7665e+03	 7.1334e+03	 5.1395e+00	 4.1947e-01	 3.5315e+02	 7.1696e+03
 8.6498e+03	 7.1334e+03	 5.0274e+00	 4.5156e-01	 3.5315e+02	 7.1724e+03
 1.2975e+04	 7.1334e+03	 4.9072e+00	 4.8391e-01	 3.5315e+02	 7.1749e+03
 1.9462e+04	 7.1334e+03	 4.7768e+00	 5.1648e-01	 3.5314e+02	 7.1778e+03
 2.9193e+04	 7.1334e+03	 4.6361e+00	 5.4865e-01	 3.5313e+02	 7.1831e+03
 4.3789e+04	 7.1334e+03	 4.1586e+00	 5.3671e-01	 3.5312e+02	 7.1855e+03
 6.5684e+04	 7.1334e+03	 4.0061e+00	 5.5889e-01	 3.5312e+02	 7.1879e+03
 9.8526e+04	 7.1334e+03	 3.8433e+00	 5.7011e-01	 3.5313e+02	 7.1905e+03
 1.4779e+05	 7.1334e+03	 3.6753e+00	 5.6426e-01	 3.5312e+02	 7.1931e+03
 2.2168e+05	 7.1334e+03	 3.5113e+00	 5.3776e-01	 3.5312e+02	 7.1959e+03
 3.3253e+05	 7.1334e+03	 3.6248e+00	 5.3170e-01	 3.5313e+02	 7.1984e+03
 4.9879e+05	 7.1334e+03	 3.4893e+00	 4.7337e-01	 3.5313e+02	 7.2011e+03
 7.4818e+05	 7.1334e+03	 3.4327e+00	 3.5158e-01	 3.5315e+02	 7.2087e+03
 9.0000e+05	 7.1334e+03	 3.3933e+00	 3.2410e-01	 3.5316e+02	 7.2165e+03
 1.0000e+02	 7.2137e+03	 5.8363e+00	 1.8088e-01	 3.5316e+02	 7.2246e+03
 1.5000e+02	 7.2137e+03	 5.7934e+00	 1.9313e-01	 3.5316e+02	 7.2270e+03
 2.2500e+02	 7.2137e+03	 5.7444e+00	 2.0967e-01	 3.5316e+02	 7.2298e+03
 3.3750e+02	 7.2137e+03	 5.6920e+00	 2.2828e-01	 3.5316e+02	 7.2323e+03
 5.0625e+02	 7.2137e+03	 5.6336e+00	 2.4980e-01	 3.5316e+02	 7.2348e+03
 7.5938e+02	 7.2137e+03	 5.5697e+00	 2.7377e-01	 3.5317e+02	 7.2374e+03
 1.1391e+03	 7.2137e+03	 5.4984e+00	 2.9997e-01	 3.5317e+02	 7.2400e+03
 1.7086e+03	 7.2137e+03	 5.4198e+00	 3.2812e-01	 3.5317e+02	 7.2426e+03
 2.5629e+03	 7.2137e+03	 5.3335e+00	 3.5783e-01	 3.5317e+02	 7.2452e+03
 3.8443e+03	 7.2137e+03	 5.2383e+00	 3.8862e-01	 3.5318e+02	 7.2476e+03
 5.7665e+03	 7.2137e+03	 5.1350e+00	 4.2003e-01	 3.5317e+02	 7.2501e+03
 8.6498e+03	 7.2137e+03	 5.0230e+00	 4.5188e-01	 3.5318e+02	 7.2527e+03
 1.2975e+04	 7.2137e+03	 4.9026e+00	 4.8399e-01	 3.5318e+02	 7.2555e+03
 1.9462e+04	 7.2137e+03	 4.7724e+00	 5.1647e-01	 3.5317e+02	 7.2581e+03
 2.9193e+04	 7.2137e+03	 4.6318e+00	 5.4851e-01	 3.5316e+02	 7.2633e+03
 4.3789e+04	 7.2137e+03	 4.1550e+00	 5.3587e-01	 3.5316e+02	 7.2660e+03
 6.5684e+04	 7.2137e+03	 4.0027e+00	 5.5806e-01	 3.5317e+02	 7.2685e+03
 9.8526e+04	 7.2137e+03	 3.8402e+00	 5.6909e-01	 3.5316e+02	 7.2709e+03
 1.4779e+05	 7.2137e+03	 3.6726e+00	 5.6311e-01	 3.5316e+02	 7.2735e+03
 2.2168e+05	 7.2137e+03	 3.5090e+00	 5.3653e-01	 3.5316e+02	 7.2761e+03
 3.3253e+05	 7.2137e+03	 3.6225e+00	 5.3043e-01	 3.5316e+02	 7.2789e+03
 4.9879e+05	 7.2137e+03	 3.4872e+00	 4.7236e-01	 3.5316e+02	 7.2815e+03
 7.4818e+05	 7.2137e+03	 3.4305e+00	 3.5046e-01	 3.5315e+02	 7.2893e+03
 9.0000e+05	 7.2137e+03	 3.3912e+00	 3.2301e-01	 3.5315e+02	 7.2972e+03
 1.0000e+02	 7.2944e+03	 5.8338e+00	 1.8218e-01	 3.5315e+02	 7.3050e+03
 1.5000e+02	 7.2944e+03	 5.7899e+00	 1.9398e-01	 3.5315e+02	 7.3077e+03
 2.2500e+02	 7.2944e+03	 5.7410e+00	 2.1087e-01	 3.5315e+02	 7.3102e+03
 3.3750e+02	 7.2944e+03	 5.6881e+00	 2.2962e-01	 3.5316e+02	 7.3131e+03
 5.0625e+02	 7.2944e+03	 5.6297e+00	 2.5115e-01	 3.5315e+02	 7.3155e+03
 7.5938e+02	 7.2944e+03	 5.5650e+00	 2.7509e-01	 3.5315e+02	 7.3181e+03
 1.1391e+03	 7.2944e+03	 5.4935e+00	 3.0109e-01	 3.5315e+02	 7.3207e+03
 1.7086e+03	 7.2944e+03	 5.4143e+00	 3.2927e-01	 3.5315e+02	 7.3233e+03
 2.5629e+03	 7.2944e+03	 5.3275e+00	 3.5907e-01	 3.5315e+02	 7.3260e+03
 3.8443e+03	 7.2944e+03	 5.2321e+00	 3.8957e-01	 3.5315e+02	 7.3284e+03
 5.7665e+03	 7.2944e+03	 5.1284e+00	 4.2088e-01	 3.5315e+02	 7.3310e+03
 8.6498e+03	 7.2944e+03	 5.0160e+00	 4.5235e-01	 3.5314e+02	 7.3336e+03
 1.2975e+04	 7.2944e+03	 4.8956e+00	 4.8432e-01	 3.5315e+02	 7.3363e+03
 1.9462e+04	 7.2944e+03	 4.7652e+00	 5.1642e-01	 3.5314e+02	 7.3389e+03
 2.9193e+04	 7.2944e+03	 4.6248e+00	 5.4818e-01	 3.5314e+02	 7.3440e+03
 4.3789e+04	 7.2944e+03	 4.1485e+00	 5.3532e-01	 3.5315e+02	 7.3464e+03
 6.5684e+04	 7.2944e+03	 3.9964e+00	 5.5702e-01	 3.5314e+02	 7.3492e+03
 9.8526e+04	 7.2944e+03	 3.8343e+00	 5.6771e-01	 3.5315e+02	 7.3518e+03
 1.4779e+05	 7.2944e+03	 3.6675e+00	 5.6129e-01	 3.5314e+02	 7.3546e+03
 2.2168e+05	 7.2944e+03	 3.5046e+00	 5.3452e-01	 3.5314e+02	 7.3571e+03
 3.3253e+05	 7.2944e+03	 3.6185e+00	 5.2835e-01	 3.5314e+02	 7.3599e+03
 4.9879e+05	 7.2944e+03	 3.4841e+00	 4.7054e-01	 3.5314e+02	 7.3624e+03
 7.4818e+05	 7.2944e+03	 3.4279e+00	 3.4910e-01	 3.5314e+02	 7.3704e+03
 9.0000e+05	 7.2944e+03	 3.3889e+00	 3.2179e-01	 3.5314e+02	 7.3781e+03
 1.0000e+02	 7.3753e+03	 5.8314e+00	 1.8317e-01	 3.5315e+02	 7.3862e+03
 1.5000e+02	 7.3753e+03	 5.7866e+00	 1.9437e-01	 3.5315e+02	 7.3887e+03
 2.2500e+02	 7.3753e+03	 5.7379e+00	 2.1181e-01	 3.5314e+02	 7.3911e+03
 3.3750e+02	 7.3753e+03	 5.6847e+00	 2.3071e-01	 3.5315e+02	 7.3938e+03
 5.0625e+02	 7.3753e+03	 5.6261e+00	 2.5227e-01	 3.5314e+02	 7.3962e+03
 7.5938e+02	 7.3753e+03	 5.5612e+00	 2.7629e-01	 3.5315e+02	 7.3986e+03
 1.1391e+03	 7.3753e+03	 5.4895e+00	 3.0250e-01	 3.5315e+02	 7.4012e+03
 1.7086e+03	 7.3753e+03	 5.4099e+00	 3.3046e-01	 3.5315e+02	 7.4038e+03
 2.5629e+03	 7.3753e+03	 5.3226e+00	 3.5989e-01	 3.5315e+02	 7.4066e+03
 3.8443e+03	 7.3753e+03	 5.2271e+00	 3.9041e-01	 3.5315e+02	 7.4090e+03
 5.7665e+03	 7.3753e+03	 5.1233e+00	 4.2145e-01	 3.5315e+02	 7.4116e+03
 8.6498e+03	 7.3753e+03	 5.0109e+00	 4.5277e-01	 3.5315e+02	 7.4142e+03
 1.2975e+04	 7.3753e+03	 4.8903e+00	 4.8445e-01	 3.5314e+02	 7.4167e+03
 1.9462e+04	 7.3753e+03	 4.7601e+00	 5.1617e-01	 3.5315e+02	 7.4193e+03
 2.9193e+04	 7.3753e+03	 4.6198e+00	 5.4759e-01	 3.5315e+02	 7.4243e+03
 4.3789e+04	 7.3753e+03	 4.1440e+00	 5.3475e-01	 3.5315e+02	 7.4269e+03
 6.5684e+04	 7.3753e+03	 3.9921e+00	 5.5609e-01	 3.5316e+02	 7.4294e+03
 9.8526e+04	 7.3753e+03	 3.8306e+00	 5.6630e-01	 3.5316e+02	 7.4320e+03
 1.4779e+05	 7.3753e+03	 3.6641e+00	 5.5984e-01	 3.5315e+02	 7.4346e+03
 2.2168e+05	 7.3753e+03	 3.5016e+00	 5.3311e-01	 3.5316e+02	 7.4372e+03
 3.3253e+05	 7.3753e+03	 3.6160e+00	 5.2692e-01	 3.5315e+02	 7.4396e+03
 4.9879e+05	 7.3753e+03	 3.4819e+00	 4.6932e-01	 3.5315e+02	 7.4423e+03
 7.4818e+05	 7.3753e+03	 3.4260e+00	 3.4807e-01	 3.5315e+02	 7.4502e+03
 9.0000e+05	 7.3753e+03	 3.3870e+00	 3.2081e-01	 3.5315e+02	 7.4578e+03
 1.0000e+02	 7.4549e+03	 5.8293e+00	 1.8402e-01	 3.5314e+02	 7.4660e+03
 1.5000e+02	 7.4549e+03	 5.7848e+00	 1.9658e-01	 3.5314e+02	 7.4685e+03
 2.2500e+02	 7.4549e+03	 5.7355e+00	 2.1309e-01	 3.5314e+02	 7.4711e+03
 3.3750e+02	 7.4549e+03	 5.6820e+00	 2.3177e-01	 3.5314e+02	 7.4736e+03
 5.0625e+02	 7.4549e+03	 5.6229e+00	 2.5342e-01	 3.5314e+02	 7.4761e+03
 7.5938e+02	 7.4549e+03	 5.5577e+00	 2.7728e-01	 3.5314e+02	 7.4788e+03
 1.1391e+03	 7.4549e+03	 5.4854e+00	 3.0357e-01	 3.5315e+02	 7.4813e+03
 1.7086e+03	 7.4549e+03	 5.4060e+00	 3.3145e-01	 3.5314e+02	 7.4841e+03
 2.5629e+03	 7.4549e+03	 5.3183e+00	 3.6076e-01	 3.5315e+02	 7.4866e+03
 3.8443e+03	 7.4549e+03	 5.2226e+00	 3.9111e-01	 3.5315e+02	 7.4893e+03
 5.7665e+03	 7.4549e+03	 5.1184e+00	 4.2197e-01	 3.5315e+02	 7.4918e+03
 8.6498e+03	 7.4549e+03	 5.0059e+00	 4.5315e-01	 3.5314e+02	 7.4946e+03
 1.2975e+04	 7.4549e+03	 4.8852e+00	 4.8457e-01	 3.5315e+02	 7.4971e+03
 1.9462e+04	 7.4549e+03	 4.7550e+00	 5.1618e-01	 3.5315e+02	 7.5000e+03
 2.9193e+04	 7.4549e+03	 4.6148e+00	 5.4747e-01	 3.5315e+02	 7.5054e+03
 4.3789e+04	 7.4549e+03	 4.1394e+00	 5.3391e-01	 3.5315e+02	 7.5078e+03
 6.5684e+04	 7.4549e+03	 3.9879e+00	 5.5519e-01	 3.5315e+02	 7.5102e+03
 9.8526e+04	 7.4549e+03	 3.8265e+00	 5.6509e-01	 3.5315e+02	 7.5128e+03
 1.4779e+05	 7.4549e+03	 3.6605e+00	 5.5853e-01	 3.5315e+02	 7.5153e+03
 2.2168e+05	 7.4549e+03	 3.4987e+00	 5.3173e-01	 3.5315e+02	 7.5181e+03
 3.3253e+05	 7.4549e+03	 3.6133e+00	 5.2540e-01	 3.5315e+02	 7.5206e+03
 4.9879e+05	 7.4549e+03	 3.4795e+00	 4.6799e-01	 3.5315e+02	 7.5234e+03
 7.4818e+05	 7.4549e+03	 3.4241e+00	 3.4699e-01	 3.5315e+02	 7.5310e+03
 9.0000e+05	 7.4549e+03	 3.3852e+00	 3.1993e-01	 3.5315e+02	 7.5386e+03
 1.0000e+02	 7.5358e+03	 5.8271e+00	 1.8485e-01	 3.5315e+02	 7.5468e+03
 1.5000e+02	 7.5358e+03	 5.7836e+00	 1.9761e-01	 3.5315e+02	 7.5492e+03
 2.2500e+02	 7.5358e+03	 5.7328e+00	 2.1393e-01	 3.5316e+02	 7.5517e+03
 3.3750e+02	 7.5358e+03	 5.6792e+00	 2.3296e-01	 3.5316e+02	 7.5542e+03
 5.0625e+02	 7.5358e+03	 5.6195e+00	 2.5437e-01	 3.5316e+02	 7.5566e+03
 7.5938e+02	 7.5358e+03	 5.5541e+00	 2.7829e-01	 3.5316e+02	 7.5594e+03
 1.1391e+03	 7.5358e+03	 5.4818e+00	 3.0456e-01	 3.5316e+02	 7.5619e+03
 1.7086e+03	 7.5358e+03	 5.4020e+00	 3.3234e-01	 3.5316e+02	 7.5646e+03
 2.5629e+03	 7.5358e+03	 5.3139e+00	 3.6173e-01	 3.5315e+02	 7.5672e+03
 3.8443e+03	 7.5358e+03	 5.2179e+00	 3.9182e-01	 3.5316e+02	 7.5700e+03
 5.7665e+03	 7.5358e+03	 5.1134e+00	 4.2257e-01	 3.5315e+02	 7.5725e+03
 8.6498e+03	 7.5358e+03	 5.0006e+00	 4.5356e-01	 3.5316e+02	 7.5753e+03
 1.2975e+04	 7.5358e+03	 4.8800e+00	 4.8470e-01	 3.5315e+02	 7.5778e+03
 1.9462e+04	 7.5358e+03	 4.7494e+00	 5.1612e-01	 3.5314e+02	 7.5806e+03
 2.9193e+04	 7.5358e+03	 4.6089e+00	 5.4706e-01	 3.5315e+02	 7.5859e+03
 4.3789e+04	 7.5358e+03	 4.1341e+00	 5.3338e-01	 3.5314e+02	 7.5883e+03
 6.5684e+04	 7.5358e+03	 3.9825e+00	 5.5422e-01	 3.5314e+02	 7.5908e+03
 9.8526e+04	 7.5358e+03	 3.8216e+00	 5.6379e-01	 3.5315e+02	 7.5935e+03
 1.4779e+05	 7.5358e+03	 3.6560e+00	 5.5672e-01	 3.5314e+02	 7.5961e+03
 2.2168e+05	 7.5358e+03	 3.4949e+00	 5.2988e-01	 3.5314e+02	 7.5986e+03
 3.3253e+05	 7.5358e+03	 3.6099e+00	 5.2355e-01	 3.5315e+02	 7.6011e+03
 4.9879e+05	 7.5358e+03	 3.4768e+00	 4.6638e-01	 3.5315e+02	 7.6040e+03
 7.4818e+05	 7.5358e+03	 3.4218e+00	 3.4575e-01	 3.5315e+02	 7.6118e+03
 9.0000e+05	 7.5358e+03	 3.3831e+00	 3.1886e-01	 3.5315e+02	 7.6194e+03
 1.0000e+02	 7.6166e+03	 5.8251e+00	 1.8566e-01	 3.5317e+02	 7.6276e+03
 1.5000e+02	 7.6166e+03	 5.7783e+00	 2.0035e-01	 3.5316e+02	 7.6301e+03
 2.2500e+02	 7.6166e+03	 5.7304e+00	 2.1505e-01	 3.5316e+02	 7.6328e+03
 3.3750e+02	 7.6166e+03	 5.6764e+00	 2.3382e-01	 3.5317e+02	 7.6352e+03
 5.0625e+02	 7.6166e+03	 5.6166e+00	 2.5525e-01	 3.5316e+02	 7.6376e+03
 7.5938e+02	 7.6166e+03	 5.5508e+00	 2.7943e-01	 3.5316e+02	 7.6401e+03
 1.1391e+03	 7.6166e+03	 5.4778e+00	 3.0592e-01	 3.5316e+02	 7.6427e+03
 1.7086e+03	 7.6166e+03	 5.3975e+00	 3.3341e-01	 3.5316e+02	 7.6454e+03
 2.5629e+03	 7.6166e+03	 5.3094e+00	 3.6254e-01	 3.5316e+02	 7.6480e+03
 3.8443e+03	 7.6166e+03	 5.2130e+00	 3.9249e-01	 3.5316e+02	 7.6508e+03
 5.7665e+03	 7.6166e+03	 5.1086e+00	 4.2308e-01	 3.5315e+02	 7.6532e+03
 8.6498e+03	 7.6166e+03	 4.9954e+00	 4.5380e-01	 3.5316e+02	 7.6559e+03
 1.2975e+04	 7.6166e+03	 4.8746e+00	 4.8490e-01	 3.5315e+02	 7.6583e+03
 1.9462e+04	 7.6166e+03	 4.7442e+00	 5.1609e-01	 3.5315e+02	 7.6609e+03
 2.9193e+04	 7.6166e+03	 4.6038e+00	 5.4666e-01	 3.5315e+02	 7.6660e+03
 4.3789e+04	 7.6166e+03	 4.1294e+00	 5.3288e-01	 3.5315e+02	 7.6688e+03
 6.5684e+04	 7.6166e+03	 3.9780e+00	 5.5329e-01	 3.5315e+02	 7.6712e+03
 9.8526e+04	 7.6166e+03	 3.8176e+00	 5.6261e-01	 3.5315e+02	 7.6741e+03
 1.4779e+05	 7.6166e+03	 3.6524e+00	 5.5540e-01	 3.5315e+02	 7.6766e+03
 2.2168e+05	 7.6166e+03	 3.4917e+00	 5.2838e-01	 3.5315e+02	 7.6794e+03
 3.3253e+05	 7.6166e+03	 3.6069e+00	 5.2203e-01	 3.5315e+02	 7.6818e+03
 4.9879e+05	 7.6166e+03	 3.4743e+00	 4.6502e-01	 3.5315e+02	 7.6844e+03
 7.4818e+05	 7.6166e+03	 3.4195e+00	 3.4458e-01	 3.5314e+02	 7.6920e+03
 9.0000e+05	 7.6166e+03	 3.3809e+00	 3.1770e-01	 3.5315e+02	 7.6999e+03
 1.0000e+02	 7.6971e+03	 5.8226e+00	 1.8702e-01	 3.5315e+02	 7.7083e+03
 1.5000e+02	 7.6971e+03	 5.7777e+00	 1.9937e-01	 3.5315e+02	 7.7108e+03
 2.2500e+02	 7.6971e+03	 5.7271e+00	 2.1612e-01	 3.5315e+02	 7.7136e+03
 3.3750e+02	 7.6971e+03	 5.6727e+00	 2.3514e-01	 3.5315e+02	 7.7162e+03
 5.0625e+02	 7.6971e+03	 5.6126e+00	 2.5666e-01	 3.5315e+02	 7.7189e+03
 7.5938e+02	 7.6971e+03	 5.5465e+00	 2.8058e-01	 3.5315e+02	 7.7213e+03
 1.1391e+03	 7.6971e+03	 5.4734e+00	 3.0667e-01	 3.5315e+02	 7.7240e+03
 1.7086e+03	 7.6971e+03	 5.3930e+00	 3.3441e-01	 3.5316e+02	 7.7268e+03
 2.5629e+03	 7.6971e+03	 5.3045e+00	 3.6344e-01	 3.5316e+02	 7.7296e+03
 3.8443e+03	 7.6971e+03	 5.2079e+00	 3.9328e-01	 3.5316e+02	 7.7320e+03
 5.7665e+03	 7.6971e+03	 5.1031e+00	 4.2376e-01	 3.5316e+02	 7.7344e+03
 8.6498e+03	 7.6971e+03	 4.9901e+00	 4.5427e-01	 3.5315e+02	 7.7372e+03
 1.2975e+04	 7.6971e+03	 4.8692e+00	 4.8498e-01	 3.5315e+02	 7.7396e+03
 1.9462e+04	 7.6971e+03	 4.7387e+00	 5.1594e-01	 3.5315e+02	 7.7424e+03
 2.9193e+04	 7.6971e+03	 4.5982e+00	 5.4630e-01	 3.5314e+02	 7.7473e+03
 4.3789e+04	 7.6971e+03	 4.1242e+00	 5.3214e-01	 3.5314e+02	 7.7501e+03
 6.5684e+04	 7.6971e+03	 3.9732e+00	 5.5230e-01	 3.5314e+02	 7.7525e+03
 9.8526e+04	 7.6971e+03	 3.8128e+00	 5.6122e-01	 3.5314e+02	 7.7553e+03
 1.4779e+05	 7.6971e+03	 3.6482e+00	 5.5381e-01	 3.5313e+02	 7.7579e+03
 2.2168e+05	 7.6971e+03	 3.4880e+00	 5.2667e-01	 3.5314e+02	 7.7605e+03
 3.3253e+05	 7.6971e+03	 3.6037e+00	 5.2024e-01	 3.5314e+02	 7.7629e+03
 4.9879e+05	 7.6971e+03	 3.4714e+00	 4.6338e-01	 3.5314e+02	 7.7655e+03
 7.4818e+05	 7.6971e+03	 3.4170e+00	 3.4328e-01	 3.5314e+02	 7.7730e+03
 9.0000e+05	 7.6971e+03	 3.3788e+00	 3.1668e-01	 3.5314e+02	 7.7808e+03
 1.0000e+02	 7.7779e+03	 5.8201e+00	 1.8790e-01	 3.5315e+02	 7.7885e+03
 1.5000e+02	 7.7779e+03	 5.7762e+00	 1.9932e-01	 3.5315e+02	 7.7913e+03
 2.2500e+02	 7.7779e+03	 5.7240e+00	 2.1718e-01	 3.5315e+02	 7.7938e+03
 3.3750e+02	 7.7779e+03	 5.6694e+00	 2.3621e-01	 3.5315e+02	 7.7962e+03
 5.0625e+02	 7.7779e+03	 5.6093e+00	 2.5782e-01	 3.5315e+02	 7.7988e+03
 7.5938e+02	 7.7779e+03	 5.5429e+00	 2.8164e-01	 3.5316e+02	 7.8012e+03
 1.1391e+03	 7.7779e+03	 5.4694e+00	 3.0780e-01	 3.5316e+02	 7.8041e+03
 1.7086e+03	 7.7779e+03	 5.3887e+00	 3.3531e-01	 3.5316e+02	 7.8066e+03
 2.5629e+03	 7.7779e+03	 5.3000e+00	 3.6431e-01	 3.5316e+02	 7.8093e+03
 3.8443e+03	 7.7779e+03	 5.2032e+00	 3.9402e-01	 3.5316e+02	 7.8119e+03
 5.7665e+03	 7.7779e+03	 5.0983e+00	 4.2421e-01	 3.5316e+02	 7.8143e+03
 8.6498e+03	 7.7779e+03	 4.9852e+00	 4.5453e-01	 3.5315e+02	 7.8170e+03
 1.2975e+04	 7.7779e+03	 4.8641e+00	 4.8512e-01	 3.5316e+02	 7.8194e+03
 1.9462e+04	 7.7779e+03	 4.7338e+00	 5.1575e-01	 3.5316e+02	 7.8223e+03
 2.9193e+04	 7.7779e+03	 4.5937e+00	 5.4576e-01	 3.5316e+02	 7.8276e+03
 4.3789e+04	 7.7779e+03	 4.1201e+00	 5.3187e-01	 3.5316e+02	 7.8301e+03
 6.5684e+04	 7.7779e+03	 3.9693e+00	 5.5142e-01	 3.5316e+02	 7.8329e+03
 9.8526e+04	 7.7779e+03	 3.8094e+00	 5.6018e-01	 3.5315e+02	 7.8353e+03
 1.4779e+05	 7.7779e+03	 3.6452e+00	 5.5246e-01	 3.5316e+02	 7.8379e+03
 2.2168e+05	 7.7779e+03	 3.4855e+00	 5.2543e-01	 3.5316e+02	 7.8404e+03
 3.3253e+05	 7.7779e+03	 3.6015e+00	 5.1901e-01	 3.5316e+02	 7.8429e+03
 4.9879e+05	 7.7779e+03	 3.4696e+00	 4.6237e-01	 3.5316e+02	 7.8455e+03
 7.4818e+05	 7.7779e+03	 3.4155e+00	 3.4237e-01	 3.5316e+02	 7.8532e+03
 9.0000e+05	 7.7779e+03	 3.3771e+00	 3.1568e-01	 3.5315e+02	 7.8615e+03
 1.0000e+02	 7.8587e+03	 5.8178e+00	 1.8896e-01	 3.5315e+02	 7.8696e+03
 1.5000e+02	 7.8587e+03	 5.7733e+00	 2.0034e-01	 3.5314e+02	 7.8722e+03
 2.2500e+02	 7.8587e+03	 5.7211e+00	 2.1836e-01	 3.5313e+02	 7.8747e+03
 3.3750e+02	 7.8587e+03	 5.6657e+00	 2.3738e-01	 3.5312e+02	 7.8771e+03
 5.0625e+02	 7.8587e+03	 5.6053e+00	 2.5912e-01	 3.5312e+02	 7.8798e+03
 7.5938e+02	 7.8587e+03	 5.5382e+00	 2.8312e-01	 3.5312e+02	 7.8822e+03
 1.1391e+03	 7.8587e+03	 5.4643e+00	 3.0914e-01	 3.5312e+02	 7.8848e+03
 1.7086e+03	 7.8587e+03	 5.3829e+00	 3.3644e-01	 3.5313e+02	 7.8875e+03
 2.5629e+03	 7.8587e+03	 5.2939e+00	 3.6535e-01	 3.5313e+02	 7.8903e+03
 3.8443e+03	 7.8587e+03	 5.1969e+00	 3.9484e-01	 3.5313e+02	 7.8928e+03
 5.7665e+03	 7.8587e+03	 5.0918e+00	 4.2489e-01	 3.5313e+02	 7.8952e+03
 8.6498e+03	 7.8587e+03	 4.9787e+00	 4.5497e-01	 3.5313e+02	 7.8979e+03
 1.2975e+04	 7.8587e+03	 4.8576e+00	 4.8526e-01	 3.5313e+02	 7.9004e+03
 1.9462e+04	 7.8587e+03	 4.7274e+00	 5.1574e-01	 3.5313e+02	 7.9030e+03
 2.9193e+04	 7.8587e+03	 4.5873e+00	 5.4554e-01	 3.5314e+02	 7.9079e+03
 4.3789e+04	 7.8587e+03	 4.1146e+00	 5.3101e-01	 3.5315e+02	 7.9105e+03
 6.5684e+04	 7.8587e+03	 3.9641e+00	 5.5039e-01	 3.5315e+02	 7.9129e+03
 9.8526e+04	 7.8587e+03	 3.8047e+00	 5.5878e-01	 3.5315e+02	 7.9154e+03
 1.4779e+05	 7.8587e+03	 3.6412e+00	 5.5104e-01	 3.5315e+02	 7.9181e+03
 2.2168e+05	 7.8587e+03	 3.4822e+00	 5.2387e-01	 3.5316e+02	 7.9206e+03
 3.3253e+05	 7.8587e+03	 3.5985e+00	 5.1739e-01	 3.5316e+02	 7.9234e+03
 4.9879e+05	 7.8587e+03	 3.4672e+00	 4.6089e-01	 3.5316e+02	 7.9261e+03
 7.4818e+05	 7.8587e+03	 3.4136e+00	 3.4136e-01	 3.5317e+02	 7.9341e+03
 9.0000e+05	 7.8587e+03	 3.3753e+00	 3.1483e-01	 3.5316e+02	 7.9417e+03
 1.0000e+02	 7.9389e+03	 5.8161e+00	 1.8983e-01	 3.5316e+02	 7.9499e+03
 1.5000e+02	 7.9389e+03	 5.7687e+00	 2.0391e-01	 3.5315e+02	 7.9523e+03
 2.2500e+02	 7.9389e+03	 5.7187e+00	 2.1934e-01	 3.5315e+02	 7.9548e+03
 3.3750e+02	 7.9389e+03	 5.6632e+00	 2.3838e-01	 3.5315e+02	 7.9576e+03
 5.0625e+02	 7.9389e+03	 5.6022e+00	 2.5994e-01	 3.5314e+02	 7.9601e+03
 7.5938e+02	 7.9389e+03	 5.5352e+00	 2.8414e-01	 3.5314e+02	 7.9628e+03
 1.1391e+03	 7.9389e+03	 5.4609e+00	 3.0961e-01	 3.5314e+02	 7.9654e+03
 1.7086e+03	 7.9389e+03	 5.3792e+00	 3.3742e-01	 3.5314e+02	 7.9682e+03
 2.5629e+03	 7.9389e+03	 5.2901e+00	 3.6632e-01	 3.5314e+02	 7.9708e+03
 3.8443e+03	 7.9389e+03	 5.1926e+00	 3.9564e-01	 3.5315e+02	 7.9735e+03
 5.7665e+03	 7.9389e+03	 5.0873e+00	 4.2534e-01	 3.5315e+02	 7.9761e+03
 8.6498e+03	 7.9389e+03	 4.9740e+00	 4.5527e-01	 3.5315e+02	 7.9788e+03
 1.2975e+04	 7.9389e+03	 4.8531e+00	 4.8548e-01	 3.5314e+02	 7.9812e+03
 1.9462e+04	 7.9389e+03	 4.7224e+00	 5.1556e-01	 3.5315e+02	 7.9841e+03
 2.9193e+04	 7.9389e+03	 4.5824e+00	 5.4512e-01	 3.5315e+02	 7.9890e+03
 4.3789e+04	 7.9389e+03	 4.1100e+00	 5.3031e-01	 3.5315e+02	 7.9915e+03
 6.5684e+04	 7.9389e+03	 3.9598e+00	 5.4951e-01	 3.5315e+02	 7.9940e+03
 9.8526e+04	 7.9389e+03	 3.8006e+00	 5.5761e-01	 3.5316e+02	 7.9965e+03
 1.4779e+05	 7.9389e+03	 3.6375e+00	 5.4959e-01	 3.5316e+02	 7.9991e+03
 2.2168e+05	 7.9389e+03	 3.4790e+00	 5.2233e-01	 3.5316e+02	 8.0016e+03
 3.3253e+05	 7.9389e+03	 3.5956e+00	 5.1586e-01	 3.5316e+02	 8.0042e+03
 4.9879e+05	 7.9389e+03	 3.4647e+00	 4.5958e-01	 3.5316e+02	 8.0068e+03
 7.4818e+05	 7.9389e+03	 3.4114e+00	 3.4024e-01	 3.5317e+02	 8.0148e+03
 9.0000e+05	 7.9389e+03	 3.3734e+00	 3.1373e-01	 3.5316e+02	 8.0226e+03
 1.0000e+02	 8.0198e+03	 5.8138e+00	 1.9057e-01	 3.5315e+02	 8.0308e+03
 1.5000e+02	 8.0198e+03	 5.7661e+00	 2.0184e-01	 3.5316e+02	 8.0333e+03
 2.2500e+02	 8.0198e+03	 5.7162e+00	 2.2031e-01	 3.5316e+02	 8.0361e+03
 3.3750e+02	 8.0198e+03	 5.6605e+00	 2.3936e-01	 3.5317e+02	 8.0386e+03
 5.0625e+02	 8.0198e+03	 5.5992e+00	 2.6110e-01	 3.5316e+02	 8.0410e+03
 7.5938e+02	 8.0198e+03	 5.5320e+00	 2.8499e-01	 3.5316e+02	 8.0437e+03
 1.1391e+03	 8.0198e+03	 5.4577e+00	 3.1080e-01	 3.5315e+02	 8.0462e+03
 1.7086e+03	 8.0198e+03	 5.3755e+00	 3.3832e-01	 3.5315e+02	 8.0489e+03
 2.5629e+03	 8.0198e+03	 5.2860e+00	 3.6705e-01	 3.5316e+02	 8.0515e+03
 3.8443e+03	 8.0198e+03	 5.1881e+00	 3.9622e-01	 3.5316e+02	 8.0541e+03
 5.7665e+03	 8.0198e+03	 5.0826e+00	 4.2583e-01	 3.5315e+02	 8.0566e+03
 8.6498e+03	 8.0198e+03	 4.9690e+00	 4.5555e-01	 3.5315e+02	 8.0591e+03
 1.2975e+04	 8.0198e+03	 4.8478e+00	 4.8556e-01	 3.5315e+02	 8.0618e+03
 1.9462e+04	 8.0198e+03	 4.7171e+00	 5.1552e-01	 3.5313e+02	 8.0643e+03
 2.9193e+04	 8.0198e+03	 4.5769e+00	 5.4482e-01	 3.5314e+02	 8.0695e+03
 4.3789e+04	 8.0198e+03	 4.1049e+00	 5.2973e-01	 3.5315e+02	 8.0719e+03
 6.5684e+04	 8.0198e+03	 3.9547e+00	 5.4855e-01	 3.5315e+02	 8.0746e+03
 9.8526e+04	 8.0198e+03	 3.7960e+00	 5.5627e-01	 3.5314e+02	 8.0770e+03
 1.4779e+05	 8.0198e+03	 3.6333e+00	 5.4802e-01	 3.5315e+02	 8.0798e+03
 2.2168e+05	 8.0198e+03	 3.4754e+00	 5.2066e-01	 3.5315e+02	 8.0824e+03
 3.3253e+05	 8.0198e+03	 3.5923e+00	 5.1416e-01	 3.5315e+02	 8.0850e+03
 4.9879e+05	 8.0198e+03	 3.4620e+00	 4.5796e-01	 3.5316e+02	 8.0876e+03
 7.4818e+05	 8.0198e+03	 3.4091e+00	 3.3897e-01	 3.5315e+02	 8.0953e+03
 9.0000e+05	 8.0198e+03	 3.3711e+00	 3.1263e-01	 3.5315e+02	 8.1034e+03
 1.0000e+02	 8.1006e+03	 5.8111e+00	 1.9161e-01	 3.5314e+02	 8.1116e+03
 1.5000e+02	 8.1006e+03	 5.7629e+00	 2.0349e-01	 3.5314e+02	 8.1141e+03
 2.2500e+02	 8.1006e+03	 5.7127e+00	 2.2133e-01	 3.5314e+02	 8.1166e+03
 3.3750e+02	 8.1006e+03	 5.6568e+00	 2.4051e-01	 3.5313e+02	 8.1192e+03
 5.0625e+02	 8.1006e+03	 5.5950e+00	 2.6232e-01	 3.5314e+02	 8.1217e+03
 7.5938e+02	 8.1006e+03	 5.5272e+00	 2.8625e-01	 3.5313e+02	 8.1244e+03
 1.1391e+03	 8.1006e+03	 5.4525e+00	 3.1197e-01	 3.5313e+02	 8.1269e+03
 1.7086e+03	 8.1006e+03	 5.3704e+00	 3.3928e-01	 3.5313e+02	 8.1298e+03
 2.5629e+03	 8.1006e+03	 5.2803e+00	 3.6793e-01	 3.5313e+02	 8.1324e+03
 3.8443e+03	 8.1006e+03	 5.1823e+00	 3.9698e-01	 3.5313e+02	 8.1351e+03
 5.7665e+03	 8.1006e+03	 5.0768e+00	 4.2643e-01	 3.5313e+02	 8.1376e+03
 8.6498e+03	 8.1006e+03	 4.9632e+00	 4.5601e-01	 3.5313e+02	 8.1404e+03
 1.2975e+04	 8.1006e+03	 4.8419e+00	 4.8569e-01	 3.5314e+02	 8.1428e+03
 1.9462e+04	 8.1006e+03	 4.7115e+00	 5.1536e-01	 3.5314e+02	 8.1454e+03
 2.9193e+04	 8.1006e+03	 4.2393e+00	 5.0493e-01	 3.5315e+02	 8.1480e+03
 4.3789e+04	 8.1006e+03	 4.1000e+00	 5.2953e-01	 3.5315e+02	 8.1506e+03
 6.5684e+04	 8.1006e+03	 3.9502e+00	 5.4755e-01	 3.5315e+02	 8.1533e+03
 9.8526e+04	 8.1006e+03	 3.7919e+00	 5.5520e-01	 3.5315e+02	 8.1558e+03
 1.4779e+05	 8.1006e+03	 3.6297e+00	 5.4656e-01	 3.5315e+02	 8.1586e+03
 2.2168e+05	 8.1006e+03	 3.4724e+00	 5.1917e-01	 3.5316e+02	 8.1611e+03
 3.3253e+05	 8.1006e+03	 3.5897e+00	 5.1268e-01	 3.5316e+02	 8.1636e+03
 4.9879e+05	 8.1006e+03	 3.4596e+00	 4.5673e-01	 3.5316e+02	 8.1662e+03
 7.4818e+05	 8.1006e+03	 3.4072e+00	 3.3793e-01	 3.5316e+02	 8.1739e+03
 9.0000e+05	 8.1006e+03	 3.3694e+00	 3.1175e-01	 3.5315e+02	 8.1815e+03
 1.0000e+02	 8.1786e+03	 5.8092e+00	 1.9232e-01	 3.5314e+02	 8.1895e+03
 1.5000e+02	 8.1786e+03	 5.7616e+00	 2.0520e-01	 3.5315e+02	 8.1920e+03
 2.2500e+02	 8.1786e+03	 5.7103e+00	 2.2228e-01	 3.5315e+02	 8.1948e+03
 3.3750e+02	 8.1786e+03	 5.6541e+00	 2.4152e-01	 3.5315e+02	 8.1972e+03
 5.0625e+02	 8.1786e+03	 5.5924e+00	 2.6326e-01	 3.5315e+02	 8.1996e+03
 7.5938e+02	 8.1786e+03	 5.5246e+00	 2.8701e-01	 3.5315e+02	 8.2023e+03
 1.1391e+03	 8.1786e+03	 5.4496e+00	 3.1283e-01	 3.5315e+02	 8.2049e+03
 1.7086e+03	 8.1786e+03	 5.3670e+00	 3.4003e-01	 3.5315e+02	 8.2076e+03
 2.5629e+03	 8.1786e+03	 5.2770e+00	 3.6861e-01	 3.5315e+02	 8.2102e+03
 3.8443e+03	 8.1786e+03	 5.1789e+00	 3.9753e-01	 3.5315e+02	 8.2128e+03
 5.7665e+03	 8.1786e+03	 5.0731e+00	 4.2677e-01	 3.5315e+02	 8.2152e+03
 8.6498e+03	 8.1786e+03	 4.9593e+00	 4.5609e-01	 3.5316e+02	 8.2180e+03
 1.2975e+04	 8.1786e+03	 4.8380e+00	 4.8576e-01	 3.5315e+02	 8.2205e+03
 1.9462e+04	 8.1786e+03	 4.7073e+00	 5.1515e-01	 3.5315e+02	 8.2233e+03
 2.9193e+04	 8.1786e+03	 4.2353e+00	 5.0459e-01	 3.5315e+02	 8.2258e+03
 4.3789e+04	 8.1786e+03	 4.0958e+00	 5.2894e-01	 3.5315e+02	 8.2286e+03
 6.5684e+04	 8.1786e+03	 3.9460e+00	 5.4672e-01	 3.5315e+02	 8.2311e+03
 9.8526e+04	 8.1786e+03	 3.7878e+00	 5.5406e-01	 3.5314e+02	 8.2336e+03
 1.4779e+05	 8.1786e+03	 3.6260e+00	 5.4519e-01	 3.5314e+02	 8.2362e+03
 2.2168e+05	 8.1786e+03	 3.4691e+00	 5.1766e-01	 3.5314e+02	 8.2388e+03
 3.3253e+05	 8.1786e+03	 3.5866e+00	 5.1101e-01	 3.5314e+02	 8.2415e+03
 4.9879e+05	 8.1786e+03	 3.4572e+00	 4.5522e-01	 3.5314e+02	 8.2441e+03
 7.4818e+05	 8.1786e+03	 3.4047e+00	 3.3664e-01	 3.5314e+02	 8.2521e+03
 9.0000e+05	 8.1786e+03	 3.3674e+00	 3.1069e-01	 3.5315e+02	 8.2598e+03
 1.0000e+02	 8.2569e+03	 5.8066e+00	 1.9331e-01	 3.5314e+02	 8.2676e+03
 1.5000e+02	 8.2569e+03	 5.7586e+00	 2.0616e-01	 3.5316e+02	 8.2702e+03
 2.2500e+02	 8.2569e+03	 5.7078e+00	 2.2308e-01	 3.5315e+02	 8.2727e+03
 3.3750e+02	 8.2569e+03	 5.6512e+00	 2.4239e-01	 3.5315e+02	 8.2751e+03
 5.0625e+02	 8.2569e+03	 5.5893e+00	 2.6401e-01	 3.5315e+02	 8.2778e+03
 7.5938e+02	 8.2569e+03	 5.5211e+00	 2.8806e-01	 3.5315e+02	 8.2804e+03
 1.1391e+03	 8.2569e+03	 5.4458e+00	 3.1400e-01	 3.5315e+02	 8.2831e+03
 1.7086e+03	 8.2569e+03	 5.3632e+00	 3.4088e-01	 3.5316e+02	 8.2856e+03
 2.5629e+03	 8.2569e+03	 5.2726e+00	 3.6940e-01	 3.5315e+02	 8.2884e+03
 3.8443e+03	 8.2569e+03	 5.1745e+00	 3.9821e-01	 3.5316e+02	 8.2908e+03
 5.7665e+03	 8.2569e+03	 5.0684e+00	 4.2733e-01	 3.5316e+02	 8.2935e+03
 8.6498e+03	 8.2569e+03	 4.9544e+00	 4.5639e-01	 3.5316e+02	 8.2961e+03
 1.2975e+04	 8.2569e+03	 4.8334e+00	 4.8580e-01	 3.5315e+02	 8.2988e+03
 1.9462e+04	 8.2569e+03	 4.7026e+00	 5.1519e-01	 3.5316e+02	 8.3014e+03
 2.9193e+04	 8.2569e+03	 4.2311e+00	 5.0436e-01	 3.5316e+02	 8.3041e+03
 4.3789e+04	 8.2569e+03	 4.0918e+00	 5.2828e-01	 3.5316e+02	 8.3067e+03
 6.5684e+04	 8.2569e+03	 3.9425e+00	 5.4601e-01	 3.5315e+02	 8.3091e+03
 9.8526e+04	 8.2569e+03	 3.7845e+00	 5.5295e-01	 3.5316e+02	 8.3116e+03
 1.4779e+05	 8.2569e+03	 3.6231e+00	 5.4398e-01	 3.5315e+02	 8.3141e+03
 2.2168e+05	 8.2569e+03	 3.4666e+00	 5.1645e-01	 3.5316e+02	 8.3168e+03
 3.3253e+05	 8.2569e+03	 3.5843e+00	 5.0977e-01	 3.5316e+02	 8.3193e+03
 4.9879e+05	 8.2569e+03	 3.4552e+00	 4.5411e-01	 3.5315e+02	 8.3219e+03
 7.4818e+05	 8.2569e+03	 3.4030e+00	 3.3576e-01	 3.5315e+02	 8.3295e+03
 9.0000e+05	 8.2569e+03	 3.3657e+00	 3.0976e-01	 3.5315e+02	 8.3372e+03
 1.0000e+02	 8.3344e+03	 5.8047e+00	 1.9418e-01	 3.5314e+02	 8.3453e+03
 1.5000e+02	 8.3344e+03	 5.7563e+00	 2.0849e-01	 3.5315e+02	 8.3478e+03
 2.2500e+02	 8.3344e+03	 5.7049e+00	 2.2429e-01	 3.5314e+02	 8.3503e+03
 3.3750e+02	 8.3344e+03	 5.6483e+00	 2.4350e-01	 3.5315e+02	 8.3528e+03
 5.0625e+02	 8.3344e+03	 5.5860e+00	 2.6508e-01	 3.5314e+02	 8.3552e+03
 7.5938e+02	 8.3344e+03	 5.5173e+00	 2.8897e-01	 3.5314e+02	 8.3580e+03
 1.1391e+03	 8.3344e+03	 5.4416e+00	 3.1460e-01	 3.5314e+02	 8.3606e+03
 1.7086e+03	 8.3344e+03	 5.3588e+00	 3.4199e-01	 3.5315e+02	 8.3633e+03
 2.5629e+03	 8.3344e+03	 5.2683e+00	 3.7003e-01	 3.5314e+02	 8.3659e+03
 3.8443e+03	 8.3344e+03	 5.1697e+00	 3.9880e-01	 3.5315e+02	 8.3683e+03
 5.7665e+03	 8.3344e+03	 5.0635e+00	 4.2773e-01	 3.5315e+02	 8.3710e+03
 8.6498e+03	 8.3344e+03	 4.9496e+00	 4.5666e-01	 3.5314e+02	 8.3735e+03
 1.2975e+04	 8.3344e+03	 4.8283e+00	 4.8591e-01	 3.5314e+02	 8.3760e+03
 1.9462e+04	 8.3344e+03	 4.6977e+00	 5.1512e-01	 3.5315e+02	 8.3786e+03
 2.9193e+04	 8.3344e+03	 4.2265e+00	 5.0396e-01	 3.5315e+02	 8.3814e+03
 4.3789e+04	 8.3344e+03	 4.0872e+00	 5.2763e-01	 3.5315e+02	 8.3839e+03
 6.5684e+04	 8.3344e+03	 3.9381e+00	 5.4513e-01	 3.5315e+02	 8.3867e+03
 9.8526e+04	 8.3344e+03	 3.7805e+00	 5.5176e-01	 3.5315e+02	 8.3891e+03
 1.4779e+05	 8.3344e+03	 3.6196e+00	 5.4264e-01	 3.5314e+02	 8.3918e+03
 2.2168e+05	 8.3344e+03	 3.4637e+00	 5.1511e-01	 3.5315e+02	 8.3945e+03
 3.3253e+05	 8.3344e+03	 3.5818e+00	 5.0841e-01	 3.5315e+02	 8.3970e+03
 4.9879e+05	 8.3344e+03	 3.4531e+00	 4.5297e-01	 3.5315e+02	 8.3995e+03
 7.4818e+05	 8.3344e+03	 3.4013e+00	 3.3490e-01	 3.5315e+02	 8.4072e+03
 9.0000e+05	 8.3344e+03	 3.3641e+00	 3.0896e-01	 3.5315e+02	 8.4149e+03
 1.0000e+02	 8.4121e+03	 5.8030e+00	 1.9496e-01	 3.5316e+02	 8.4231e+03
 1.5000e+02	 8.4121e+03	 5.7540e+00	 2.1004e-01	 3.5316e+02	 8.4255e+03
 2.2500e+02	 8.4121e+03	 5.7028e+00	 2.2523e-01	 3.5315e+02	 8.4283e+03
 3.3750e+02	 8.4121e+03	 5.6458e+00	 2.4445e-01	 3.5315e+02	 8.4307e+03
 5.0625e+02	 8.4121e+03	 5.5831e+00	 2.6609e-01	 3.5316e+02	 8.4334e+03
 7.5938e+02	 8.4121e+03	 5.5143e+00	 2.8983e-01	 3.5315e+02	 8.4358e+03
 1.1391e+03	 8.4121e+03	 5.4387e+00	 3.1529e-01	 3.5316e+02	 8.4384e+03
 1.7086e+03	 8.4121e+03	 5.3554e+00	 3.4282e-01	 3.5316e+02	 8.4411e+03
 2.5629e+03	 8.4121e+03	 5.2645e+00	 3.7079e-01	 3.5316e+02	 8.4436e+03
 3.8443e+03	 8.4121e+03	 5.1658e+00	 3.9933e-01	 3.5316e+02	 8.4462e+03
 5.7665e+03	 8.4121e+03	 5.0593e+00	 4.2816e-01	 3.5315e+02	 8.4488e+03
 8.6498e+03	 8.4121e+03	 4.9452e+00	 4.5694e-01	 3.5315e+02	 8.4515e+03
 1.2975e+04	 8.4121e+03	 4.8236e+00	 4.8593e-01	 3.5315e+02	 8.4540e+03
 1.9462e+04	 8.4121e+03	 4.6930e+00	 5.1477e-01	 3.5315e+02	 8.4568e+03
 2.9193e+04	 8.4121e+03	 4.2221e+00	 5.0361e-01	 3.5315e+02	 8.4592e+03
 4.3789e+04	 8.4121e+03	 4.0830e+00	 5.2718e-01	 3.5315e+02	 8.4621e+03
 6.5684e+04	 8.4121e+03	 3.9339e+00	 5.4413e-01	 3.5315e+02	 8.4646e+03
 9.8526e+04	 8.4121e+03	 3.7766e+00	 5.5057e-01	 3.5315e+02	 8.4671e+03
 1.4779e+05	 8.4121e+03	 3.6161e+00	 5.4127e-01	 3.5314e+02	 8.4696e+03
 2.2168e+05	 8.4121e+03	 3.4605e+00	 5.1357e-01	 3.5315e+02	 8.4722e+03
 3.3253e+05	 8.4121e+03	 3.5789e+00	 5.0682e-01	 3.5314e+02	 8.4749e+03
 4.9879e+05	 8.4121e+03	 3.4506e+00	 4.5144e-01	 3.5314e+02	 8.4775e+03
 7.4818e+05	 8.4121e+03	 3.3991e+00	 3.3364e-01	 3.5314e+02	 8.4855e+03
 9.0000e+05	 8.4121e+03	 3.3619e+00	 3.0785e-01	 3.5313e+02	 8.4932e+03
 1.0000e+02	 8.4904e+03	 5.8004e+00	 1.9595e-01	 3.5313e+02	 8.5016e+03
 1.5000e+02	 8.4904e+03	 5.7512e+00	 2.0789e-01	 3.5313e+02	 8.5041e+03
 2.2500e+02	 8.4904e+03	 5.6995e+00	 2.2609e-01	 3.5314e+02	 8.5068e+03
 3.3750e+02	 8.4904e+03	 5.6424e+00	 2.4539e-01	 3.5314e+02	 8.5093e+03
 5.0625e+02	 8.4904e+03	 5.5795e+00	 2.6706e-01	 3.5314e+02	 8.5117e+03
 7.5938e+02	 8.4904e+03	 5.5104e+00	 2.9097e-01	 3.5314e+02	 8.5141e+03
 1.1391e+03	 8.4904e+03	 5.4346e+00	 3.1636e-01	 3.5314e+02	 8.5167e+03
 1.7086e+03	 8.4904e+03	 5.3510e+00	 3.4358e-01	 3.5314e+02	 8.5194e+03
 2.5629e+03	 8.4904e+03	 5.2600e+00	 3.7159e-01	 3.5314e+02	 8.5220e+03
 3.8443e+03	 8.4904e+03	 5.1611e+00	 4.0000e-01	 3.5315e+02	 8.5248e+03
 5.7665e+03	 8.4904e+03	 5.0545e+00	 4.2865e-01	 3.5314e+02	 8.5272e+03
 8.6498e+03	 8.4904e+03	 4.9404e+00	 4.5717e-01	 3.5314e+02	 8.5298e+03
 1.2975e+04	 8.4904e+03	 4.8188e+00	 4.8603e-01	 3.5315e+02	 8.5324e+03
 1.9462e+04	 8.4904e+03	 4.6881e+00	 5.1463e-01	 3.5315e+02	 8.5349e+03
 2.9193e+04	 8.4904e+03	 4.2176e+00	 5.0335e-01	 3.5314e+02	 8.5376e+03
 4.3789e+04	 8.4904e+03	 4.0785e+00	 5.2667e-01	 3.5314e+02	 8.5401e+03
 6.5684e+04	 8.4904e+03	 3.9295e+00	 5.4343e-01	 3.5314e+02	 8.5428e+03
 9.8526e+04	 8.4904e+03	 3.7725e+00	 5.4932e-01	 3.5314e+02	 8.5452e+03
 1.4779e+05	 8.4904e+03	 3.6122e+00	 5.3977e-01	 3.5312e+02	 8.5481e+03
 2.2168e+05	 8.4904e+03	 3.7266e+00	 5.5212e-01	 3.5312e+02	 8.5507e+03
 3.3253e+05	 8.4904e+03	 3.5756e+00	 5.0509e-01	 3.5312e+02	 8.5534e+03
 4.9879e+05	 8.4904e+03	 3.4479e+00	 4.4998e-01	 3.5312e+02	 8.5559e+03
 7.4818e+05	 8.4904e+03	 3.3970e+00	 3.3242e-01	 3.5312e+02	 8.5636e+03
 9.0000e+05	 8.4904e+03	 3.3603e+00	 3.0700e-01	 3.5314e+02	 8.5715e+03
 1.0000e+02	 8.5687e+03	 5.7983e+00	 1.9694e-01	 3.5315e+02	 8.5793e+03
 1.5000e+02	 8.5687e+03	 5.7491e+00	 2.1013e-01	 3.5315e+02	 8.5820e+03
 2.2500e+02	 8.5687e+03	 5.6976e+00	 2.2696e-01	 3.5316e+02	 8.5846e+03
 3.3750e+02	 8.5687e+03	 5.6401e+00	 2.4627e-01	 3.5316e+02	 8.5870e+03
 5.0625e+02	 8.5687e+03	 5.5773e+00	 2.6802e-01	 3.5316e+02	 8.5898e+03
 7.5938e+02	 8.5687e+03	 5.5079e+00	 2.9172e-01	 3.5317e+02	 8.5922e+03
 1.1391e+03	 8.5687e+03	 5.4318e+00	 3.1742e-01	 3.5317e+02	 8.5948e+03
 1.7086e+03	 8.5687e+03	 5.3484e+00	 3.4437e-01	 3.5317e+02	 8.5974e+03
 2.5629e+03	 8.5687e+03	 5.2570e+00	 3.7216e-01	 3.5318e+02	 8.6000e+03
 3.8443e+03	 8.5687e+03	 5.1580e+00	 4.0043e-01	 3.5317e+02	 8.6027e+03
 5.7665e+03	 8.5687e+03	 5.0516e+00	 4.2892e-01	 3.5317e+02	 8.6051e+03
 8.6498e+03	 8.5687e+03	 4.9372e+00	 4.5745e-01	 3.5318e+02	 8.6078e+03
 1.2975e+04	 8.5687e+03	 4.8158e+00	 4.8611e-01	 3.5318e+02	 8.6102e+03
 1.9462e+04	 8.5687e+03	 4.6850e+00	 5.1476e-01	 3.5317e+02	 8.6129e+03
 2.9193e+04	 8.5687e+03	 4.2149e+00	 5.0313e-01	 3.5317e+02	 8.6154e+03
 4.3789e+04	 8.5687e+03	 4.0759e+00	 5.2604e-01	 3.5318e+02	 8.6184e+03
 6.5684e+04	 8.5687e+03	 3.9272e+00	 5.4264e-01	 3.5318e+02	 8.6208e+03
 9.8526e+04	 8.5687e+03	 3.7706e+00	 5.4862e-01	 3.5318e+02	 8.6232e+03
 1.4779e+05	 8.5687e+03	 3.6109e+00	 5.3913e-01	 3.5318e+02	 8.6260e+03
 2.2168e+05	 8.5687e+03	 3.7257e+00	 5.5139e-01	 3.5318e+02	 8.6286e+03
 3.3253e+05	 8.5687e+03	 3.5751e+00	 5.0468e-01	 3.5319e+02	 8.6310e+03
 4.9879e+05	 8.5687e+03	 3.4474e+00	 4.4965e-01	 3.5318e+02	 8.6338e+03
 7.4818e+05	 8.5687e+03	 3.3964e+00	 3.3216e-01	 3.5318e+02	 8.6418e+03
 9.0000e+05	 8.5687e+03	 3.3592e+00	 3.0643e-01	 3.5317e+02	 8.6496e+03
 1.0000e+02	 8.6468e+03	 5.7970e+00	 1.9771e-01	 3.5317e+02	 8.6578e+03
 1.5000e+02	 8.6468e+03	 5.7456e+00	 2.1128e-01	 3.5316e+02	 8.6603e+03
 2.2500e+02	 8.6468e+03	 5.6951e+00	 2.2799e-01	 3.5316e+02	 8.6631e+03
 3.3750e+02	 8.6468e+03	 5.6372e+00	 2.4716e-01	 3.5316e+02	 8.6656e+03
 5.0625e+02	 8.6468e+03	 5.5737e+00	 2.6890e-01	 3.5316e+02	 8.6680e+03
 7.5938e+02	 8.6468e+03	 5.5040e+00	 2.9292e-01	 3.5316e+02	 8.6706e+03
 1.1391e+03	 8.6468e+03	 5.4272e+00	 3.1830e-01	 3.5316e+02	 8.6732e+03
 1.7086e+03	 8.6468e+03	 5.3432e+00	 3.4536e-01	 3.5315e+02	 8.6759e+03
 2.5629e+03	 8.6468e+03	 5.2515e+00	 3.7313e-01	 3.5316e+02	 8.6786e+03
 3.8443e+03	 8.6468e+03	 5.1521e+00	 4.0121e-01	 3.5316e+02	 8.6810e+03
 5.7665e+03	 8.6468e+03	 5.0453e+00	 4.2942e-01	 3.5315e+02	 8.6836e+03
 8.6498e+03	 8.6468e+03	 4.9306e+00	 4.5777e-01	 3.5315e+02	 8.6864e+03
 1.2975e+04	 8.6468e+03	 4.8090e+00	 4.8613e-01	 3.5315e+02	 8.6888e+03
 1.9462e+04	 8.6468e+03	 4.6782e+00	 5.1456e-01	 3.5315e+02	 8.6917e+03
 2.9193e+04	 8.6468e+03	 4.2084e+00	 5.0271e-01	 3.5315e+02	 8.6941e+03
 4.3789e+04	 8.6468e+03	 4.0696e+00	 5.2524e-01	 3.5314e+02	 8.6968e+03
 6.5684e+04	 8.6468e+03	 3.9210e+00	 5.4166e-01	 3.5314e+02	 8.6995e+03
 9.8526e+04	 8.6468e+03	 3.7647e+00	 5.4715e-01	 3.5315e+02	 8.7019e+03
 1.4779e+05	 8.6468e+03	 3.6056e+00	 5.3724e-01	 3.5316e+02	 8.7046e+03
 2.2168e+05	 8.6468e+03	 3.7206e+00	 5.4909e-01	 3.5314e+02	 8.7071e+03
 3.3253e+05	 8.6468e+03	 3.5708e+00	 5.0242e-01	 3.5314e+02	 8.7098e+03
 4.9879e+05	 8.6468e+03	 3.4438e+00	 4.4757e-01	 3.5315e+02	 8.7125e+03
 7.4818e+05	 8.6468e+03	 3.3934e+00	 3.3057e-01	 3.5315e+02	 8.7206e+03
 9.0000e+05	 8.6468e+03	 3.3565e+00	 3.0486e-01	 3.5314e+02	 8.7282e+03
 1.0000e+02	 8.7254e+03	 5.7935e+00	 1.9865e-01	 3.5314e+02	 8.7365e+03
 1.5000e+02	 8.7254e+03	 5.7460e+00	 2.1362e-01	 3.5313e+02	 8.7390e+03
 2.2500e+02	 8.7254e+03	 5.6913e+00	 2.2910e-01	 3.5313e+02	 8.7418e+03
 3.3750e+02	 8.7254e+03	 5.6331e+00	 2.4855e-01	 3.5314e+02	 8.7443e+03
 5.0625e+02	 8.7254e+03	 5.5694e+00	 2.7018e-01	 3.5313e+02	 8.7469e+03
 7.5938e+02	 8.7254e+03	 5.4993e+00	 2.9420e-01	 3.5313e+02	 8.7494e+03
 1.1391e+03	 8.7254e+03	 5.4221e+00	 3.1955e-01	 3.5313e+02	 8.7523e+03
 1.7086e+03	 8.7254e+03	 5.3377e+00	 3.4625e-01	 3.5313e+02	 8.7550e+03
 2.5629e+03	 8.7254e+03	 5.2458e+00	 3.7394e-01	 3.5313e+02	 8.7599e+03
 3.8443e+03	 8.7254e+03	 5.1463e+00	 4.0187e-01	 3.5313e+02	 8.7624e+03
 5.7665e+03	 8.7254e+03	 5.0394e+00	 4.2987e-01	 3.5313e+02	 8.7650e+03
 8.6498e+03	 8.7254e+03	 4.9248e+00	 4.5800e-01	 3.5313e+02	 8.7676e+03
 1.2975e+04	 8.7254e+03	 4.8033e+00	 4.8630e-01	 3.5314e+02	 8.7700e+03
 1.9462e+04	 8.7254e+03	 4.6726e+00	 5.1434e-01	 3.5314e+02	 8.7728e+03
 2.9193e+04	 8.7254e+03	 4.2036e+00	 5.0233e-01	 3.5314e+02	 8.7755e+03
 4.3789e+04	 8.7254e+03	 4.0647e+00	 5.2483e-01	 3.5314e+02	 8.7782e+03
 6.5684e+04	 8.7254e+03	 3.9165e+00	 5.4076e-01	 3.5315e+02	 8.7809e+03
 9.8526e+04	 8.7254e+03	 3.7606e+00	 5.4597e-01	 3.5315e+02	 8.7834e+03
 1.4779e+05	 8.7254e+03	 3.6020e+00	 5.3584e-01	 3.5315e+02	 8.7861e+03
 2.2168e+05	 8.7254e+03	 3.7173e+00	 5.4757e-01	 3.5315e+02	 8.7887e+03
 3.3253e+05	 8.7254e+03	 3.5681e+00	 5.0099e-01	 3.5315e+02	 8.7911e+03
 4.9879e+05	 8.7254e+03	 3.4415e+00	 4.4635e-01	 3.5315e+02	 8.7937e+03
 7.4818e+05	 8.7254e+03	 3.3916e+00	 3.2944e-01	 3.5315e+02	 8.8013e+03
 9.0000e+05	 8.7254e+03	 3.3548e+00	 3.0395e-01	 3.5314e+02	 8.8095e+03
 1.0000e+02	 8.8067e+03	 5.7913e+00	 1.9930e-01	 3.5314e+02	 8.8175e+03
 1.5000e+02	 8.8067e+03	 5.7404e+00	 2.1418e-01	 3.5314e+02	 8.8202e+03
 2.2500e+02	 8.8067e+03	 5.6890e+00	 2.2993e-01	 3.5315e+02	 8.8228e+03
 3.3750e+02	 8.8067e+03	 5.6307e+00	 2.4923e-01	 3.5315e+02	 8.8255e+03
 5.0625e+02	 8.8067e+03	 5.5666e+00	 2.7107e-01	 3.5315e+02	 8.8279e+03
 7.5938e+02	 8.8067e+03	 5.4964e+00	 2.9486e-01	 3.5315e+02	 8.8304e+03
 1.1391e+03	 8.8067e+03	 5.4191e+00	 3.2015e-01	 3.5316e+02	 8.8330e+03
 1.7086e+03	 8.8067e+03	 5.3347e+00	 3.4692e-01	 3.5315e+02	 8.8356e+03
 2.5629e+03	 8.8067e+03	 5.2423e+00	 3.7450e-01	 3.5315e+02	 8.8408e+03
 3.8443e+03	 8.8067e+03	 5.1425e+00	 4.0242e-01	 3.5314e+02	 8.8435e+03
 5.7665e+03	 8.8067e+03	 5.0353e+00	 4.3039e-01	 3.5314e+02	 8.8461e+03
 8.6498e+03	 8.8067e+03	 4.9205e+00	 4.5819e-01	 3.5313e+02	 8.8488e+03
 1.2975e+04	 8.8067e+03	 4.7987e+00	 4.8624e-01	 3.5313e+02	 8.8512e+03
 1.9462e+04	 8.8067e+03	 4.6676e+00	 5.1418e-01	 3.5312e+02	 8.8541e+03
 2.9193e+04	 8.8067e+03	 4.1986e+00	 5.0203e-01	 3.5312e+02	 8.8566e+03
 4.3789e+04	 8.8067e+03	 4.0598e+00	 5.2405e-01	 3.5312e+02	 8.8593e+03
 6.5684e+04	 8.8067e+03	 3.9118e+00	 5.3977e-01	 3.5313e+02	 8.8618e+03
 9.8526e+04	 8.8067e+03	 3.7562e+00	 5.4476e-01	 3.5312e+02	 8.8642e+03
 1.4779e+05	 8.8067e+03	 3.5981e+00	 5.3437e-01	 3.5313e+02	 8.8669e+03
 2.2168e+05	 8.8067e+03	 3.7138e+00	 5.4597e-01	 3.5313e+02	 8.8694e+03
 3.3253e+05	 8.8067e+03	 3.5652e+00	 4.9943e-01	 3.5314e+02	 8.8721e+03
 4.9879e+05	 8.8067e+03	 3.4392e+00	 4.4510e-01	 3.5314e+02	 8.8747e+03
 7.4818e+05	 8.8067e+03	 3.3899e+00	 3.2849e-01	 3.5315e+02	 8.8824e+03
 9.0000e+05	 8.8067e+03	 3.3535e+00	 3.0328e-01	 3.5316e+02	 8.8905e+03
 1.0000e+02	 8.8877e+03	 5.7903e+00	 2.0028e-01	 3.5317e+02	 8.8984e+03
 1.5000e+02	 8.8877e+03	 5.7405e+00	 2.1546e-01	 3.5317e+02	 8.9010e+03
 2.2500e+02	 8.8877e+03	 5.6872e+00	 2.3058e-01	 3.5318e+02	 8.9035e+03
 3.3750e+02	 8.8877e+03	 5.6287e+00	 2.5014e-01	 3.5317e+02	 8.9059e+03
 5.0625e+02	 8.8877e+03	 5.5645e+00	 2.7192e-01	 3.5317e+02	 8.9086e+03
 7.5938e+02	 8.8877e+03	 5.4938e+00	 2.9556e-01	 3.5317e+02	 8.9110e+03
 1.1391e+03	 8.8877e+03	 5.4162e+00	 3.2075e-01	 3.5317e+02	 8.9137e+03
 1.7086e+03	 8.8877e+03	 5.3315e+00	 3.4775e-01	 3.5316e+02	 8.9163e+03
 2.5629e+03	 8.8877e+03	 5.2389e+00	 3.7505e-01	 3.5317e+02	 8.9215e+03
 3.8443e+03	 8.8877e+03	 5.1388e+00	 4.0283e-01	 3.5316e+02	 8.9239e+03
 5.7665e+03	 8.8877e+03	 5.0317e+00	 4.3069e-01	 3.5316e+02	 8.9266e+03
 8.6498e+03	 8.8877e+03	 4.9169e+00	 4.5842e-01	 3.5316e+02	 8.9291e+03
 1.2975e+04	 8.8877e+03	 4.7950e+00	 4.8624e-01	 3.5316e+02	 8.9318e+03
 1.9462e+04	 8.8877e+03	 4.6644e+00	 5.1412e-01	 3.5316e+02	 8.9344e+03
 2.9193e+04	 8.8877e+03	 4.1959e+00	 5.0158e-01	 3.5316e+02	 8.9371e+03
 4.3789e+04	 8.8877e+03	 4.0572e+00	 5.2367e-01	 3.5317e+02	 8.9398e+03
 6.5684e+04	 8.8877e+03	 3.9093e+00	 5.3904e-01	 3.5316e+02	 8.9423e+03
 9.8526e+04	 8.8877e+03	 3.7541e+00	 5.4386e-01	 3.5316e+02	 8.9448e+03
 1.4779e+05	 8.8877e+03	 3.5961e+00	 5.3347e-01	 3.5316e+02	 8.9474e+03
 2.2168e+05	 8.8877e+03	 3.7120e+00	 5.4492e-01	 3.5316e+02	 8.9499e+03
 3.3253e+05	 8.8877e+03	 3.5636e+00	 4.9848e-01	 3.5316e+02	 8.9524e+03
 4.9879e+05	 8.8877e+03	 3.4377e+00	 4.4424e-01	 3.5316e+02	 8.9550e+03
 7.4818e+05	 8.8877e+03	 3.3882e+00	 3.2762e-01	 3.5316e+02	 8.9628e+03
 9.0000e+05	 8.8877e+03	 3.3517e+00	 3.0230e-01	 3.5317e+02	 8.9705e+03
 1.0000e+02	 8.9677e+03	 5.7877e+00	 2.0103e-01	 3.5316e+02	 8.9788e+03
 1.5000e+02	 8.9677e+03	 5.7370e+00	 2.1388e-01	 3.5316e+02	 8.9816e+03
 2.2500e+02	 8.9677e+03	 5.6842e+00	 2.3178e-01	 3.5316e+02	 8.9841e+03
 3.3750e+02	 8.9677e+03	 5.6251e+00	 2.5130e-01	 3.5315e+02	 8.9865e+03
 5.0625e+02	 8.9677e+03	 5.5608e+00	 2.7287e-01	 3.5316e+02	 8.9891e+03
 7.5938e+02	 8.9677e+03	 5.4899e+00	 2.9672e-01	 3.5315e+02	 8.9916e+03
 1.1391e+03	 8.9677e+03	 5.4118e+00	 3.2200e-01	 3.5316e+02	 8.9944e+03
 1.7086e+03	 8.9677e+03	 5.3268e+00	 3.4857e-01	 3.5316e+02	 8.9970e+03
 2.5629e+03	 8.9677e+03	 5.2342e+00	 3.7590e-01	 3.5316e+02	 9.0022e+03
 3.8443e+03	 8.9677e+03	 5.1342e+00	 4.0350e-01	 3.5316e+02	 9.0046e+03
 5.7665e+03	 8.9677e+03	 5.0267e+00	 4.3098e-01	 3.5316e+02	 9.0073e+03
 8.6498e+03	 8.9677e+03	 4.9118e+00	 4.5863e-01	 3.5316e+02	 9.0099e+03
 1.2975e+04	 8.9677e+03	 4.7901e+00	 4.8639e-01	 3.5316e+02	 9.0125e+03
 1.9462e+04	 8.9677e+03	 4.6592e+00	 5.1394e-01	 3.5315e+02	 9.0151e+03
 2.9193e+04	 8.9677e+03	 4.1910e+00	 5.0136e-01	 3.5315e+02	 9.0175e+03
 4.3789e+04	 8.9677e+03	 4.0523e+00	 5.2299e-01	 3.5315e+02	 9.0203e+03
 6.5684e+04	 8.9677e+03	 3.9045e+00	 5.3798e-01	 3.5315e+02	 9.0228e+03
 9.8526e+04	 8.9677e+03	 3.7497e+00	 5.4265e-01	 3.5316e+02	 9.0254e+03
 1.4779e+05	 8.9677e+03	 3.5922e+00	 5.3206e-01	 3.5315e+02	 9.0279e+03
 2.2168e+05	 8.9677e+03	 3.7085e+00	 5.4329e-01	 3.5315e+02	 9.0305e+03
 3.3253e+05	 8.9677e+03	 3.5606e+00	 4.9686e-01	 3.5315e+02	 9.0329e+03
 4.9879e+05	 8.9677e+03	 3.4352e+00	 4.4282e-01	 3.5315e+02	 9.0356e+03
 7.4818e+05	 8.9677e+03	 3.3859e+00	 3.2640e-01	 3.5315e+02	 9.0434e+03
 9.0000e+05	 8.9677e+03	 3.3499e+00	 3.0118e-01	 3.5316e+02	 9.0510e+03
 1.0000e+02	 9.0482e+03	 5.7853e+00	 2.0176e-01	 3.5315e+02	 9.0592e+03
 1.5000e+02	 9.0482e+03	 5.7335e+00	 2.1833e-01	 3.5316e+02	 9.0617e+03
 2.2500e+02	 9.0482e+03	 5.6812e+00	 2.3282e-01	 3.5316e+02	 9.0645e+03
 3.3750e+02	 9.0482e+03	 5.6220e+00	 2.5214e-01	 3.5316e+02	 9.0670e+03
 5.0625e+02	 9.0482e+03	 5.5572e+00	 2.7387e-01	 3.5315e+02	 9.0698e+03
 7.5938e+02	 9.0482e+03	 5.4861e+00	 2.9764e-01	 3.5315e+02	 9.0722e+03
 1.1391e+03	 9.0482e+03	 5.4080e+00	 3.2286e-01	 3.5315e+02	 9.0751e+03
 1.7086e+03	 9.0482e+03	 5.3227e+00	 3.4946e-01	 3.5315e+02	 9.0776e+03
 2.5629e+03	 9.0482e+03	 5.2297e+00	 3.7659e-01	 3.5315e+02	 9.0828e+03
 3.8443e+03	 9.0482e+03	 5.1294e+00	 4.0398e-01	 3.5314e+02	 9.0852e+03
 5.7665e+03	 9.0482e+03	 5.0218e+00	 4.3162e-01	 3.5314e+02	 9.0879e+03
 8.6498e+03	 9.0482e+03	 4.9068e+00	 4.5884e-01	 3.5314e+02	 9.0906e+03
 1.2975e+04	 9.0482e+03	 4.7847e+00	 4.8643e-01	 3.5314e+02	 9.0933e+03
 1.9462e+04	 9.0482e+03	 4.6539e+00	 5.1380e-01	 3.5314e+02	 9.0959e+03
 2.9193e+04	 9.0482e+03	 4.1861e+00	 5.0100e-01	 3.5314e+02	 9.0986e+03
 4.3789e+04	 9.0482e+03	 4.0477e+00	 5.2235e-01	 3.5314e+02	 9.1012e+03
 6.5684e+04	 9.0482e+03	 3.9000e+00	 5.3711e-01	 3.5314e+02	 9.1038e+03
 9.8526e+04	 9.0482e+03	 3.7455e+00	 5.4152e-01	 3.5314e+02	 9.1062e+03
 1.4779e+05	 9.0482e+03	 3.5885e+00	 5.3055e-01	 3.5314e+02	 9.1091e+03
 2.2168e+05	 9.0482e+03	 3.7048e+00	 5.4160e-01	 3.5314e+02	 9.1116e+03
 3.3253e+05	 9.0482e+03	 3.5577e+00	 4.9525e-01	 3.5314e+02	 9.1143e+03
 4.9879e+05	 9.0482e+03	 3.4327e+00	 4.4130e-01	 3.5314e+02	 9.1169e+03
 7.4818e+05	 9.0482e+03	 3.3838e+00	 3.2520e-01	 3.5314e+02	 9.1246e+03
 9.0000e+05	 9.0482e+03	 3.3478e+00	 3.0003e-01	 3.5313e+02	 9.1326e+03
 1.0000e+02	 9.1298e+03	 5.7829e+00	 2.0298e-01	 3.5313e+02	 9.1406e+03
 1.5000e+02	 9.1298e+03	 5.7336e+00	 2.1444e-01	 3.5313e+02	 9.1432e+03
 2.2500e+02	 9.1298e+03	 5.6781e+00	 2.3382e-01	 3.5313e+02	 9.1457e+03
 3.3750e+02	 9.1298e+03	 5.6184e+00	 2.5319e-01	 3.5314e+02	 9.1483e+03
 5.0625e+02	 9.1298e+03	 5.5534e+00	 2.7494e-01	 3.5314e+02	 9.1508e+03
 7.5938e+02	 9.1298e+03	 5.4823e+00	 2.9875e-01	 3.5314e+02	 9.1532e+03
 1.1391e+03	 9.1298e+03	 5.4037e+00	 3.2397e-01	 3.5314e+02	 9.1558e+03
 1.7086e+03	 9.1298e+03	 5.3185e+00	 3.5040e-01	 3.5315e+02	 9.1584e+03
 2.5629e+03	 9.1298e+03	 5.2253e+00	 3.7718e-01	 3.5315e+02	 9.1636e+03
 3.8443e+03	 9.1298e+03	 5.1250e+00	 4.0460e-01	 3.5315e+02	 9.1660e+03
 5.7665e+03	 9.1298e+03	 5.0174e+00	 4.3179e-01	 3.5315e+02	 9.1688e+03
 8.6498e+03	 9.1298e+03	 4.9024e+00	 4.5912e-01	 3.5316e+02	 9.1714e+03
 1.2975e+04	 9.1298e+03	 4.7804e+00	 4.8632e-01	 3.5316e+02	 9.1741e+03
 1.9462e+04	 9.1298e+03	 4.6497e+00	 5.1358e-01	 3.5315e+02	 9.1766e+03
 2.9193e+04	 9.1298e+03	 4.1824e+00	 5.0064e-01	 3.5316e+02	 9.1794e+03
 4.3789e+04	 9.1298e+03	 4.0439e+00	 5.2181e-01	 3.5316e+02	 9.1819e+03
 6.5684e+04	 9.1298e+03	 3.8966e+00	 5.3645e-01	 3.5315e+02	 9.1844e+03
 9.8526e+04	 9.1298e+03	 3.7422e+00	 5.4037e-01	 3.5315e+02	 9.1871e+03
 1.4779e+05	 9.1298e+03	 3.5856e+00	 5.2938e-01	 3.5315e+02	 9.1896e+03
 2.2168e+05	 9.1298e+03	 3.7023e+00	 5.4039e-01	 3.5315e+02	 9.1923e+03
 3.3253e+05	 9.1298e+03	 3.5554e+00	 4.9411e-01	 3.5315e+02	 9.1948e+03
 4.9879e+05	 9.1298e+03	 3.4309e+00	 4.4028e-01	 3.5315e+02	 9.1976e+03
 7.4818e+05	 9.1298e+03	 3.3825e+00	 3.2436e-01	 3.5315e+02	 9.2050e+03
 9.0000e+05	 9.1298e+03	 3.3463e+00	 2.9940e-01	 3.5315e+02	 9.2127e+03
 1.0000e+02	 9.2099e+03	 5.7808e+00	 2.0375e-01	 3.5315e+02	 9.2206e+03
 1.5000e+02	 9.2099e+03	 5.7296e+00	 2.1840e-01	 3.5316e+02	 9.2233e+03
 2.2500e+02	 9.2099e+03	 5.6759e+00	 2.3459e-01	 3.5316e+02	 9.2258e+03
 3.3750e+02	 9.2099e+03	 5.6163e+00	 2.5406e-01	 3.5315e+02	 9.2284e+03
 5.0625e+02	 9.2099e+03	 5.5509e+00	 2.7547e-01	 3.5314e+02	 9.2309e+03
 7.5938e+02	 9.2099e+03	 5.4794e+00	 2.9927e-01	 3.5315e+02	 9.2333e+03
 1.1391e+03	 9.2099e+03	 5.4007e+00	 3.2490e-01	 3.5315e+02	 9.2359e+03
 1.7086e+03	 9.2099e+03	 5.3152e+00	 3.5081e-01	 3.5315e+02	 9.2386e+03
 2.5629e+03	 9.2099e+03	 5.2218e+00	 3.7784e-01	 3.5316e+02	 9.2438e+03
 3.8443e+03	 9.2099e+03	 5.1211e+00	 4.0505e-01	 3.5316e+02	 9.2463e+03
 5.7665e+03	 9.2099e+03	 5.0133e+00	 4.3219e-01	 3.5316e+02	 9.2489e+03
 8.6498e+03	 9.2099e+03	 4.8983e+00	 4.5928e-01	 3.5316e+02	 9.2515e+03
 1.2975e+04	 9.2099e+03	 4.7763e+00	 4.8646e-01	 3.5316e+02	 9.2542e+03
 1.9462e+04	 9.2099e+03	 4.6453e+00	 5.1344e-01	 3.5316e+02	 9.2568e+03
 2.9193e+04	 9.2099e+03	 4.1783e+00	 5.0025e-01	 3.5315e+02	 9.2596e+03
 4.3789e+04	 9.2099e+03	 4.0399e+00	 5.2145e-01	 3.5315e+02	 9.2621e+03
 6.5684e+04	 9.2099e+03	 3.8927e+00	 5.3559e-01	 3.5314e+02	 9.2648e+03
 9.8526e+04	 9.2099e+03	 3.7387e+00	 5.3931e-01	 3.5314e+02	 9.2672e+03
 1.4779e+05	 9.2099e+03	 3.5824e+00	 5.2815e-01	 3.5315e+02	 9.2701e+03
 2.2168e+05	 9.2099e+03	 3.6992e+00	 5.3884e-01	 3.5314e+02	 9.2727e+03
 3.3253e+05	 9.2099e+03	 3.5528e+00	 4.9279e-01	 3.5314e+02	 9.2753e+03
 4.9879e+05	 9.2099e+03	 3.4287e+00	 4.3898e-01	 3.5315e+02	 9.2779e+03
 7.4818e+05	 9.2099e+03	 3.3804e+00	 3.2333e-01	 3.5316e+02	 9.2855e+03
 9.0000e+05	 9.2099e+03	 3.3446e+00	 2.9839e-01	 3.5314e+02	 9.2935e+03
 1.0000e+02	 9.2907e+03	 5.7788e+00	 2.0444e-01	 3.5314e+02	 9.3012e+03
 1.5000e+02	 9.2907e+03	 5.7284e+00	 2.2009e-01	 3.5315e+02	 9.3037e+03
 2.2500e+02	 9.2907e+03	 5.6731e+00	 2.3559e-01	 3.5314e+02	 9.3062e+03
 3.3750e+02	 9.2907e+03	 5.6133e+00	 2.5511e-01	 3.5315e+02	 9.3087e+03
 5.0625e+02	 9.2907e+03	 5.5474e+00	 2.7663e-01	 3.5313e+02	 9.3115e+03
 7.5938e+02	 9.2907e+03	 5.4754e+00	 3.0047e-01	 3.5314e+02	 9.3141e+03
 1.1391e+03	 9.2907e+03	 5.3967e+00	 3.2563e-01	 3.5314e+02	 9.3168e+03
 1.7086e+03	 9.2907e+03	 5.3104e+00	 3.5185e-01	 3.5314e+02	 9.3193e+03
 2.5629e+03	 9.2907e+03	 5.2167e+00	 3.7860e-01	 3.5314e+02	 9.3246e+03
 3.8443e+03	 9.2907e+03	 5.1160e+00	 4.0570e-01	 3.5313e+02	 9.3270e+03
 5.7665e+03	 9.2907e+03	 5.0079e+00	 4.3259e-01	 3.5313e+02	 9.3294e+03
 8.6498e+03	 9.2907e+03	 4.8926e+00	 4.5949e-01	 3.5313e+02	 9.3344e+03
 1.2975e+04	 9.2907e+03	 4.7706e+00	 4.8653e-01	 3.5313e+02	 9.3371e+03
 1.9462e+04	 9.2907e+03	 4.6400e+00	 5.1320e-01	 3.5314e+02	 9.3396e+03
 2.9193e+04	 9.2907e+03	 4.1735e+00	 4.9990e-01	 3.5314e+02	 9.3423e+03
 4.3789e+04	 9.2907e+03	 4.0355e+00	 5.2067e-01	 3.5315e+02	 9.3449e+03
 6.5684e+04	 9.2907e+03	 3.8886e+00	 5.3463e-01	 3.5315e+02	 9.3475e+03
 9.8526e+04	 9.2907e+03	 3.7351e+00	 5.3831e-01	 3.5316e+02	 9.3501e+03
 1.4779e+05	 9.2907e+03	 3.5794e+00	 5.2683e-01	 3.5316e+02	 9.3527e+03
 2.2168e+05	 9.2907e+03	 3.6968e+00	 5.3757e-01	 3.5316e+02	 9.3553e+03
 3.3253e+05	 9.2907e+03	 3.5509e+00	 4.9153e-01	 3.5316e+02	 9.3578e+03
 4.9879e+05	 9.2907e+03	 3.4270e+00	 4.3812e-01	 3.5317e+02	 9.3606e+03
 7.4818e+05	 9.2907e+03	 3.3792e+00	 3.2264e-01	 3.5316e+02	 9.3682e+03
 9.0000e+05	 9.2907e+03	 3.3433e+00	 2.9772e-01	 3.5316e+02	 9.3759e+03
 1.0000e+02	 9.3731e+03	 5.7771e+00	 2.0529e-01	 3.5316e+02	 9.3841e+03
 1.5000e+02	 9.3731e+03	 5.7257e+00	 2.2067e-01	 3.5315e+02	 9.3865e+03
 2.2500e+02	 9.3731e+03	 5.6710e+00	 2.3639e-01	 3.5315e+02	 9.3890e+03
 3.3750e+02	 9.3731e+03	 5.6110e+00	 2.5587e-01	 3.5316e+02	 9.3915e+03
 5.0625e+02	 9.3731e+03	 5.5451e+00	 2.7738e-01	 3.5316e+02	 9.3940e+03
 7.5938e+02	 9.3731e+03	 5.4728e+00	 3.0103e-01	 3.5316e+02	 9.3964e+03
 1.1391e+03	 9.3731e+03	 5.3940e+00	 3.2635e-01	 3.5316e+02	 9.3991e+03
 1.7086e+03	 9.3731e+03	 5.3076e+00	 3.5239e-01	 3.5316e+02	 9.4017e+03
 2.5629e+03	 9.3731e+03	 5.2139e+00	 3.7926e-01	 3.5316e+02	 9.4068e+03
 3.8443e+03	 9.3731e+03	 5.1128e+00	 4.0591e-01	 3.5316e+02	 9.4096e+03
 5.7665e+03	 9.3731e+03	 5.0048e+00	 4.3285e-01	 3.5316e+02	 9.4121e+03
 8.6498e+03	 9.3731e+03	 4.8893e+00	 4.5968e-01	 3.5316e+02	 9.4172e+03
 1.2975e+04	 9.3731e+03	 4.7671e+00	 4.8645e-01	 3.5316e+02	 9.4197e+03
 1.9462e+04	 9.3731e+03	 4.6361e+00	 5.1302e-01	 3.5315e+02	 9.4223e+03
 2.9193e+04	 9.3731e+03	 4.1698e+00	 4.9958e-01	 3.5315e+02	 9.4248e+03
 4.3789e+04	 9.3731e+03	 4.0315e+00	 5.2017e-01	 3.5315e+02	 9.4276e+03
 6.5684e+04	 9.3731e+03	 3.8847e+00	 5.3376e-01	 3.5316e+02	 9.4301e+03
 9.8526e+04	 9.3731e+03	 3.7313e+00	 5.3706e-01	 3.5315e+02	 9.4325e+03
 1.4779e+05	 9.3731e+03	 3.5760e+00	 5.2553e-01	 3.5315e+02	 9.4352e+03
 2.2168e+05	 9.3731e+03	 3.6934e+00	 5.3608e-01	 3.5315e+02	 9.4379e+03
 3.3253e+05	 9.3731e+03	 3.5480e+00	 4.9001e-01	 3.5315e+02	 9.4406e+03
 4.9879e+05	 9.3731e+03	 3.4247e+00	 4.3675e-01	 3.5315e+02	 9.4431e+03
 7.4818e+05	 9.3731e+03	 3.3771e+00	 3.2158e-01	 3.5315e+02	 9.4511e+03
 9.0000e+05	 9.3731e+03	 3.3413e+00	 2.9680e-01	 3.5315e+02	 9.4589e+03
 1.0000e+02	 9.4561e+03	 5.7746e+00	 2.0622e-01	 3.5315e+02	 9.4671e+03
 1.5000e+02	 9.4561e+03	 5.7232e+00	 2.2020e-01	 3.5315e+02	 9.4697e+03
 2.2500e+02	 9.4561e+03	 5.6680e+00	 2.3725e-01	 3.5315e+02	 9.4723e+03
 3.3750e+02	 9.4561e+03	 5.6078e+00	 2.5692e-01	 3.5315e+02	 9.4748e+03
 5.0625e+02	 9.4561e+03	 5.5416e+00	 2.7843e-01	 3.5315e+02	 9.4772e+03
 7.5938e+02	 9.4561e+03	 5.4691e+00	 3.0227e-01	 3.5315e+02	 9.4799e+03
 1.1391e+03	 9.4561e+03	 5.3897e+00	 3.2707e-01	 3.5315e+02	 9.4825e+03
 1.7086e+03	 9.4561e+03	 5.3033e+00	 3.5324e-01	 3.5315e+02	 9.4851e+03
 2.5629e+03	 9.4561e+03	 5.2093e+00	 3.7987e-01	 3.5316e+02	 9.4901e+03
 3.8443e+03	 9.4561e+03	 5.1083e+00	 4.0651e-01	 3.5315e+02	 9.4926e+03
 5.7665e+03	 9.4561e+03	 5.0000e+00	 4.3320e-01	 3.5315e+02	 9.4950e+03
 8.6498e+03	 9.4561e+03	 4.8846e+00	 4.5985e-01	 3.5316e+02	 9.5001e+03
 1.2975e+04	 9.4561e+03	 4.7624e+00	 4.8658e-01	 3.5316e+02	 9.5026e+03
 1.9462e+04	 9.4561e+03	 4.6316e+00	 5.1299e-01	 3.5315e+02	 9.5052e+03
 2.9193e+04	 9.4561e+03	 4.1657e+00	 4.9928e-01	 3.5316e+02	 9.5077e+03
 4.3789e+04	 9.4561e+03	 4.0277e+00	 5.1946e-01	 3.5316e+02	 9.5105e+03
 6.5684e+04	 9.4561e+03	 3.8809e+00	 5.3303e-01	 3.5316e+02	 9.5130e+03
 9.8526e+04	 9.4561e+03	 3.7280e+00	 5.3597e-01	 3.5315e+02	 9.5159e+03
 1.4779e+05	 9.4561e+03	 3.5730e+00	 5.2432e-01	 3.5316e+02	 9.5184e+03
 2.2168e+05	 9.4561e+03	 3.6905e+00	 5.3473e-01	 3.5315e+02	 9.5213e+03
 3.3253e+05	 9.4561e+03	 3.5457e+00	 4.8878e-01	 3.5315e+02	 9.5238e+03
 4.9879e+05	 9.4561e+03	 3.4227e+00	 4.3554e-01	 3.5316e+02	 9.5266e+03
 7.4818e+05	 9.4561e+03	 3.3753e+00	 3.2053e-01	 3.5315e+02	 9.5342e+03
 9.0000e+05	 9.4561e+03	 3.3396e+00	 2.9590e-01	 3.5315e+02	 9.5419e+03
 1.0000e+02	 9.5391e+03	 5.7723e+00	 2.0708e-01	 3.5314e+02	 9.5502e+03
 1.5000e+02	 9.5391e+03	 5.7213e+00	 2.2098e-01	 3.5315e+02	 9.5527e+03
 2.2500e+02	 9.5391e+03	 5.6653e+00	 2.3831e-01	 3.5314e+02	 9.5554e+03
 3.3750e+02	 9.5391e+03	 5.6045e+00	 2.5780e-01	 3.5315e+02	 9.5579e+03
 5.0625e+02	 9.5391e+03	 5.5381e+00	 2.7948e-01	 3.5314e+02	 9.5603e+03
 7.5938e+02	 9.5391e+03	 5.4655e+00	 3.0317e-01	 3.5314e+02	 9.5631e+03
 1.1391e+03	 9.5391e+03	 5.3860e+00	 3.2801e-01	 3.5314e+02	 9.5656e+03
 1.7086e+03	 9.5391e+03	 5.2991e+00	 3.5417e-01	 3.5315e+02	 9.5683e+03
 2.5629e+03	 9.5391e+03	 5.2048e+00	 3.8059e-01	 3.5314e+02	 9.5733e+03
 3.8443e+03	 9.5391e+03	 5.1036e+00	 4.0707e-01	 3.5315e+02	 9.5759e+03
 5.7665e+03	 9.5391e+03	 4.9954e+00	 4.3362e-01	 3.5315e+02	 9.5784e+03
 8.6498e+03	 9.5391e+03	 4.8798e+00	 4.6005e-01	 3.5316e+02	 9.5838e+03
 1.2975e+04	 9.5391e+03	 4.7576e+00	 4.8647e-01	 3.5315e+02	 9.5866e+03
 1.9462e+04	 9.5391e+03	 4.6268e+00	 5.1295e-01	 3.5315e+02	 9.5892e+03
 2.9193e+04	 9.5391e+03	 4.1613e+00	 4.9887e-01	 3.5315e+02	 9.5918e+03
 4.3789e+04	 9.5391e+03	 4.0233e+00	 5.1891e-01	 3.5316e+02	 9.5944e+03
 6.5684e+04	 9.5391e+03	 3.8768e+00	 5.3210e-01	 3.5316e+02	 9.5971e+03
 9.8526e+04	 9.5391e+03	 3.7241e+00	 5.3490e-01	 3.5315e+02	 9.5995e+03
 1.4779e+05	 9.5391e+03	 3.5697e+00	 5.2304e-01	 3.5316e+02	 9.6024e+03
 2.2168e+05	 9.5391e+03	 3.6876e+00	 5.3338e-01	 3.5316e+02	 9.6049e+03
 3.3253e+05	 9.5391e+03	 3.5431e+00	 4.8727e-01	 3.5315e+02	 9.6076e+03
 4.9879e+05	 9.5391e+03	 3.4206e+00	 4.3431e-01	 3.5316e+02	 9.6102e+03
 7.4818e+05	 9.5391e+03	 3.3734e+00	 3.1945e-01	 3.5314e+02	 9.6176e+03
 9.0000e+05	 9.5391e+03	 3.3380e+00	 2.9494e-01	 3.5314e+02	 9.6255e+03
 1.0000e+02	 9.6229e+03	 5.7700e+00	 2.0767e-01	 3.5315e+02	 9.6335e+03
 1.5000e+02	 9.6229e+03	 5.7185e+00	 2.2204e-01	 3.5314e+02	 9.6360e+03
 2.2500e+02	 9.6229e+03	 5.6625e+00	 2.3927e-01	 3.5313e+02	 9.6387e+03
 3.3750e+02	 9.6229e+03	 5.6016e+00	 2.5878e-01	 3.5314e+02	 9.6411e+03
 5.0625e+02	 9.6229e+03	 5.5348e+00	 2.8041e-01	 3.5314e+02	 9.6438e+03
 7.5938e+02	 9.6229e+03	 5.4619e+00	 3.0392e-01	 3.5314e+02	 9.6464e+03
 1.1391e+03	 9.6229e+03	 5.3819e+00	 3.2885e-01	 3.5314e+02	 9.6493e+03
 1.7086e+03	 9.6229e+03	 5.2948e+00	 3.5491e-01	 3.5314e+02	 9.6519e+03
 2.5629e+03	 9.6229e+03	 5.2007e+00	 3.8121e-01	 3.5314e+02	 9.6571e+03
 3.8443e+03	 9.6229e+03	 5.0991e+00	 4.0759e-01	 3.5314e+02	 9.6598e+03
 5.7665e+03	 9.6229e+03	 4.9908e+00	 4.3394e-01	 3.5314e+02	 9.6623e+03
 8.6498e+03	 9.6229e+03	 4.8754e+00	 4.6023e-01	 3.5315e+02	 9.6675e+03
 1.2975e+04	 9.6229e+03	 4.7531e+00	 4.8659e-01	 3.5315e+02	 9.6699e+03
 1.9462e+04	 9.6229e+03	 4.6223e+00	 5.1267e-01	 3.5315e+02	 9.6726e+03
 2.9193e+04	 9.6229e+03	 4.1572e+00	 4.9856e-01	 3.5316e+02	 9.6751e+03
 4.3789e+04	 9.6229e+03	 4.0194e+00	 5.1841e-01	 3.5316e+02	 9.6778e+03
 6.5684e+04	 9.6229e+03	 3.8733e+00	 5.3136e-01	 3.5316e+02	 9.6803e+03
 9.8526e+04	 9.6229e+03	 3.7209e+00	 5.3385e-01	 3.5316e+02	 9.6828e+03
 1.4779e+05	 9.6229e+03	 3.5669e+00	 5.2180e-01	 3.5316e+02	 9.6854e+03
 2.2168e+05	 9.6229e+03	 3.6851e+00	 5.3203e-01	 3.5316e+02	 9.6884e+03
 3.3253e+05	 9.6229e+03	 3.5410e+00	 4.8619e-01	 3.5316e+02	 9.6909e+03
 4.9879e+05	 9.6229e+03	 3.4187e+00	 4.3341e-01	 3.5316e+02	 9.6937e+03
 7.4818e+05	 9.6229e+03	 3.3721e+00	 3.1874e-01	 3.5316e+02	 9.7012e+03
 9.0000e+05	 9.6229e+03	 3.3366e+00	 2.9415e-01	 3.5316e+02	 9.7089e+03
 1.0000e+02	 9.7061e+03	 5.7683e+00	 2.0872e-01	 3.5316e+02	 9.7171e+03
 1.5000e+02	 9.7061e+03	 5.7163e+00	 2.2238e-01	 3.5315e+02	 9.7196e+03
 2.2500e+02	 9.7061e+03	 5.6605e+00	 2.4014e-01	 3.5316e+02	 9.7224e+03
 3.3750e+02	 9.7061e+03	 5.5991e+00	 2.5953e-01	 3.5316e+02	 9.7248e+03
 5.0625e+02	 9.7061e+03	 5.5324e+00	 2.8129e-01	 3.5315e+02	 9.7276e+03
 7.5938e+02	 9.7061e+03	 5.4589e+00	 3.0471e-01	 3.5316e+02	 9.7301e+03
 1.1391e+03	 9.7061e+03	 5.3789e+00	 3.2961e-01	 3.5316e+02	 9.7328e+03
 1.7086e+03	 9.7061e+03	 5.2918e+00	 3.5558e-01	 3.5316e+02	 9.7354e+03
 2.5629e+03	 9.7061e+03	 5.1970e+00	 3.8183e-01	 3.5315e+02	 9.7406e+03
 3.8443e+03	 9.7061e+03	 5.0953e+00	 4.0809e-01	 3.5316e+02	 9.7430e+03
 5.7665e+03	 9.7061e+03	 4.9867e+00	 4.3437e-01	 3.5315e+02	 9.7455e+03
 8.6498e+03	 9.7061e+03	 4.8709e+00	 4.6039e-01	 3.5315e+02	 9.7507e+03
 1.2975e+04	 9.7061e+03	 4.7486e+00	 4.8662e-01	 3.5315e+02	 9.7532e+03
 1.9462e+04	 9.7061e+03	 4.6177e+00	 5.1266e-01	 3.5315e+02	 9.7558e+03
 2.9193e+04	 9.7061e+03	 4.1529e+00	 4.9814e-01	 3.5315e+02	 9.7586e+03
 4.3789e+04	 9.7061e+03	 4.0151e+00	 5.1755e-01	 3.5315e+02	 9.7611e+03
 6.5684e+04	 9.7061e+03	 3.8690e+00	 5.3048e-01	 3.5315e+02	 9.7638e+03
 9.8526e+04	 9.7061e+03	 3.7170e+00	 5.3265e-01	 3.5315e+02	 9.7662e+03
 1.4779e+05	 9.7061e+03	 3.5632e+00	 5.2044e-01	 3.5314e+02	 9.7691e+03
 2.2168e+05	 9.7061e+03	 3.6816e+00	 5.3043e-01	 3.5314e+02	 9.7717e+03
 3.3253e+05	 9.7061e+03	 3.5389e+00	 4.8495e-01	 3.5314e+02	 9.7744e+03
 4.9879e+05	 9.7061e+03	 3.4162e+00	 4.3191e-01	 3.5314e+02	 9.7769e+03
 7.4818e+05	 9.7061e+03	 3.3700e+00	 3.1755e-01	 3.5315e+02	 9.7846e+03
 9.0000e+05	 9.7061e+03	 3.3346e+00	 2.9306e-01	 3.5315e+02	 9.7927e+03
 1.0000e+02	 9.7899e+03	 5.7658e+00	 2.0935e-01	 3.5315e+02	 9.8005e+03
 1.5000e+02	 9.7899e+03	 5.7161e+00	 2.2369e-01	 3.5314e+02	 9.8030e+03
 2.2500e+02	 9.7899e+03	 5.6576e+00	 2.4102e-01	 3.5314e+02	 9.8057e+03
 3.3750e+02	 9.7899e+03	 5.5959e+00	 2.6054e-01	 3.5315e+02	 9.8081e+03
 5.0625e+02	 9.7899e+03	 5.5287e+00	 2.8234e-01	 3.5314e+02	 9.8108e+03
 7.5938e+02	 9.7899e+03	 5.4551e+00	 3.0572e-01	 3.5315e+02	 9.8132e+03
 1.1391e+03	 9.7899e+03	 5.3750e+00	 3.3057e-01	 3.5315e+02	 9.8158e+03
 1.7086e+03	 9.7899e+03	 5.2874e+00	 3.5617e-01	 3.5315e+02	 9.8187e+03
 2.5629e+03	 9.7899e+03	 5.1926e+00	 3.8239e-01	 3.5314e+02	 9.8238e+03
 3.8443e+03	 9.7899e+03	 5.0908e+00	 4.0865e-01	 3.5315e+02	 9.8262e+03
 5.7665e+03	 9.7899e+03	 4.9820e+00	 4.3456e-01	 3.5314e+02	 9.8288e+03
 8.6498e+03	 9.7899e+03	 4.8661e+00	 4.6048e-01	 3.5314e+02	 9.8341e+03
 1.2975e+04	 9.7899e+03	 4.7438e+00	 4.8663e-01	 3.5314e+02	 9.8366e+03
 1.9462e+04	 9.7899e+03	 4.6127e+00	 5.1219e-01	 3.5314e+02	 9.8395e+03
 2.9193e+04	 9.7899e+03	 4.1484e+00	 4.9783e-01	 3.5314e+02	 9.8419e+03
 4.3789e+04	 9.7899e+03	 4.0107e+00	 5.1709e-01	 3.5314e+02	 9.8445e+03
 6.5684e+04	 9.7899e+03	 3.8647e+00	 5.2943e-01	 3.5314e+02	 9.8472e+03
 9.8526e+04	 9.7899e+03	 3.7132e+00	 5.3158e-01	 3.5314e+02	 9.8498e+03
 1.4779e+05	 9.7899e+03	 3.5600e+00	 5.1911e-01	 3.5315e+02	 9.8526e+03
 2.2168e+05	 9.7899e+03	 3.6787e+00	 5.2892e-01	 3.5315e+02	 9.8553e+03
 3.3253e+05	 9.7899e+03	 3.5357e+00	 4.8330e-01	 3.5315e+02	 9.8579e+03
 4.9879e+05	 9.7899e+03	 3.4143e+00	 4.3085e-01	 3.5315e+02	 9.8608e+03
 7.4818e+05	 9.7899e+03	 3.3684e+00	 3.1666e-01	 3.5314e+02	 9.8684e+03
 9.0000e+05	 9.7899e+03	 3.3332e+00	 2.9229e-01	 3.5316e+02	 9.8759e+03
 1.0000e+02	 9.8731e+03	 5.7643e+00	 2.1026e-01	 3.5316e+02	 9.8843e+03
 1.5000e+02	 9.8731e+03	 5.7124e+00	 2.2535e-01	 3.5316e+02	 9.8868e+03
 2.2500e+02	 9.8731e+03	 5.6554e+00	 2.4195e-01	 3.5316e+02	 9.8896e+03
 3.3750e+02	 9.8731e+03	 5.5937e+00	 2.6145e-01	 3.5316e+02	 9.8921e+03
 5.0625e+02	 9.8731e+03	 5.5262e+00	 2.8312e-01	 3.5316e+02	 9.8948e+03
 7.5938e+02	 9.8731e+03	 5.4526e+00	 3.0650e-01	 3.5316e+02	 9.8973e+03
 1.1391e+03	 9.8731e+03	 5.3720e+00	 3.3110e-01	 3.5316e+02	 9.9001e+03
 1.7086e+03	 9.8731e+03	 5.2843e+00	 3.5687e-01	 3.5317e+02	 9.9027e+03
 2.5629e+03	 9.8731e+03	 5.1895e+00	 3.8298e-01	 3.5316e+02	 9.9078e+03
 3.8443e+03	 9.8731e+03	 5.0874e+00	 4.0894e-01	 3.5316e+02	 9.9102e+03
 5.7665e+03	 9.8731e+03	 4.9787e+00	 4.3489e-01	 3.5316e+02	 9.9129e+03
 8.6498e+03	 9.8731e+03	 4.8628e+00	 4.6065e-01	 3.5316e+02	 9.9178e+03
 1.2975e+04	 9.8731e+03	 4.7404e+00	 4.8653e-01	 3.5316e+02	 9.9206e+03
 1.9462e+04	 9.8731e+03	 4.6095e+00	 5.1224e-01	 3.5316e+02	 9.9231e+03
 2.9193e+04	 9.8731e+03	 4.1453e+00	 4.9752e-01	 3.5316e+02	 9.9258e+03
 4.3789e+04	 9.8731e+03	 4.0076e+00	 5.1662e-01	 3.5316e+02	 9.9284e+03
 6.5684e+04	 9.8731e+03	 3.8618e+00	 5.2873e-01	 3.5315e+02	 9.9311e+03
 9.8526e+04	 9.8731e+03	 3.7104e+00	 5.3056e-01	 3.5316e+02	 9.9336e+03
 1.4779e+05	 9.8731e+03	 3.5574e+00	 5.1803e-01	 3.5316e+02	 9.9364e+03
 2.2168e+05	 9.8731e+03	 3.6762e+00	 5.2772e-01	 3.5315e+02	 9.9390e+03
 3.3253e+05	 9.8731e+03	 3.5337e+00	 4.8219e-01	 3.5315e+02	 9.9418e+03
 4.9879e+05	 9.8731e+03	 3.4125e+00	 4.2977e-01	 3.5315e+02	 9.9444e+03
 7.4818e+05	 9.8731e+03	 3.3667e+00	 3.1560e-01	 3.5315e+02	 9.9523e+03
 9.0000e+05	 9.8731e+03	 3.3315e+00	 2.9141e-01	 3.5315e+02	 9.9602e+03
 1.0000e+02	 9.9574e+03	 5.7616e+00	 2.1139e-01	 3.5315e+02	 9.9686e+03
 1.5000e+02	 9.9574e+03	 5.7088e+00	 2.2604e-01	 3.5315e+02	 9.9710e+03
 2.2500e+02	 9.9574e+03	 5.6522e+00	 2.4289e-01	 3.5315e+02	 9.9738e+03
 3.3750e+02	 9.9574e+03	 5.5903e+00	 2.6235e-01	 3.5315e+02	 9.9762e+03
 5.0625e+02	 9.9574e+03	 5.5224e+00	 2.8382e-01	 3.5315e+02	 9.9791e+03
 7.5938e+02	 9.9574e+03	 5.4484e+00	 3.0759e-01	 3.5314e+02	 9.9816e+03
 1.1391e+03	 9.9574e+03	 5.3676e+00	 3.3224e-01	 3.5315e+02	 9.9844e+03
 1.7086e+03	 9.9574e+03	 5.2796e+00	 3.5768e-01	 3.5315e+02	 9.9869e+03
 2.5629e+03	 9.9574e+03	 5.1843e+00	 3.8371e-01	 3.5314e+02	 9.9919e+03
 3.8443e+03	 9.9574e+03	 5.0822e+00	 4.0946e-01	 3.5314e+02	 9.9944e+03
 5.7665e+03	 9.9574e+03	 4.9732e+00	 4.3522e-01	 3.5315e+02	 9.9968e+03
 8.6498e+03	 9.9574e+03	 4.8572e+00	 4.6089e-01	 3.5314e+02	 1.0002e+04
 1.2975e+04	 9.9574e+03	 4.7348e+00	 4.8664e-01	 3.5314e+02	 1.0005e+04
 1.9462e+04	 9.9574e+03	 4.6039e+00	 5.1211e-01	 3.5314e+02	 1.0007e+04
 2.9193e+04	 9.9574e+03	 4.1402e+00	 4.9707e-01	 3.5314e+02	 1.0010e+04
 4.3789e+04	 9.9574e+03	 4.0026e+00	 5.1602e-01	 3.5314e+02	 1.0012e+04
 6.5684e+04	 9.9574e+03	 3.8572e+00	 5.2780e-01	 3.5314e+02	 1.0015e+04
 9.8526e+04	 9.9574e+03	 3.7061e+00	 5.2931e-01	 3.5314e+02	 1.0018e+04
 1.4779e+05	 9.9574e+03	 3.5538e+00	 5.1669e-01	 3.5314e+02	 1.0020e+04
 2.2168e+05	 9.9574e+03	 3.6729e+00	 5.2621e-01	 3.5314e+02	 1.0023e+04
 3.3253e+05	 9.9574e+03	 3.5308e+00	 4.8069e-01	 3.5315e+02	 1.0026e+04
 4.9879e+05	 9.9574e+03	 3.4102e+00	 4.2845e-01	 3.5314e+02	 1.0028e+04
 7.4818e+05	 9.9574e+03	 3.3646e+00	 3.1454e-01	 3.5314e+02	 1.0036e+04
 9.0000e+05	 9.9574e+03	 3.3298e+00	 2.9040e-01	 3.5314e+02	 1.0044e+04
 1.0000e+02	 1.0042e+04	 5.7595e+00	 2.1245e-01	 3.5314e+02	 1.0053e+04
 1.5000e+02	 1.0042e+04	 5.7070e+00	 2.2574e-01	 3.5314e+02	 1.0055e+04
 2.2500e+02	 1.0042e+04	 5.6496e+00	 2.4382e-01	 3.5315e+02	 1.0058e+04
 3.3750e+02	 1.0042e+04	 5.5875e+00	 2.6327e-01	 3.5315e+02	 1.0060e+04
 5.0625e+02	 1.0042e+04	 5.5195e+00	 2.8487e-01	 3.5315e+02	 1.0063e+04
 7.5938e+02	 1.0042e+04	 5.4454e+00	 3.0818e-01	 3.5315e+02	 1.0065e+04
 1.1391e+03	 1.0042e+04	 5.3643e+00	 3.3299e-01	 3.5315e+02	 1.0068e+04
 1.7086e+03	 1.0042e+04	 5.2762e+00	 3.5823e-01	 3.5315e+02	 1.0071e+04
 2.5629e+03	 1.0042e+04	 5.1809e+00	 3.8416e-01	 3.5317e+02	 1.0076e+04
 3.8443e+03	 1.0042e+04	 5.0787e+00	 4.0994e-01	 3.5316e+02	 1.0078e+04
 5.7665e+03	 1.0042e+04	 4.9699e+00	 4.3546e-01	 3.5316e+02	 1.0081e+04
 8.6498e+03	 1.0042e+04	 4.8540e+00	 4.6100e-01	 3.5316e+02	 1.0086e+04
 1.2975e+04	 1.0042e+04	 4.7315e+00	 4.8662e-01	 3.5317e+02	 1.0089e+04
 1.9462e+04	 1.0042e+04	 4.6007e+00	 5.1191e-01	 3.5317e+02	 1.0091e+04
 2.9193e+04	 1.0042e+04	 4.1372e+00	 4.9686e-01	 3.5316e+02	 1.0094e+04
 4.3789e+04	 1.0042e+04	 3.9998e+00	 5.1548e-01	 3.5317e+02	 1.0096e+04
 6.5684e+04	 1.0042e+04	 3.8546e+00	 5.2710e-01	 3.5317e+02	 1.0099e+04
 9.8526e+04	 1.0042e+04	 3.7037e+00	 5.2850e-01	 3.5317e+02	 1.0102e+04
 1.4779e+05	 1.0042e+04	 3.5516e+00	 5.1570e-01	 3.5316e+02	 1.0104e+04
 2.2168e+05	 1.0042e+04	 3.6710e+00	 5.2512e-01	 3.5316e+02	 1.0107e+04
 3.3253e+05	 1.0042e+04	 3.5291e+00	 4.7975e-01	 3.5316e+02	 1.0109e+04
 4.9879e+05	 1.0042e+04	 3.4087e+00	 4.2768e-01	 3.5315e+02	 1.0112e+04
 7.4818e+05	 1.0042e+04	 3.3633e+00	 3.1388e-01	 3.5316e+02	 1.0120e+04
 9.0000e+05	 1.0042e+04	 3.3284e+00	 2.8968e-01	 3.5315e+02	 1.0128e+04
 1.0000e+02	 1.0125e+04	 5.7576e+00	 2.1301e-01	 3.5314e+02	 1.0136e+04
 1.5000e+02	 1.0125e+04	 5.7049e+00	 2.2717e-01	 3.5314e+02	 1.0139e+04
 2.2500e+02	 1.0125e+04	 5.6469e+00	 2.4473e-01	 3.5314e+02	 1.0142e+04
 3.3750e+02	 1.0125e+04	 5.5846e+00	 2.6404e-01	 3.5314e+02	 1.0144e+04
 5.0625e+02	 1.0125e+04	 5.5164e+00	 2.8584e-01	 3.5315e+02	 1.0146e+04
 7.5938e+02	 1.0125e+04	 5.4419e+00	 3.0904e-01	 3.5314e+02	 1.0149e+04
 1.1391e+03	 1.0125e+04	 5.3607e+00	 3.3375e-01	 3.5314e+02	 1.0152e+04
 1.7086e+03	 1.0125e+04	 5.2722e+00	 3.5908e-01	 3.5314e+02	 1.0155e+04
 2.5629e+03	 1.0125e+04	 5.1767e+00	 3.8481e-01	 3.5314e+02	 1.0160e+04
 3.8443e+03	 1.0125e+04	 5.0743e+00	 4.1037e-01	 3.5315e+02	 1.0162e+04
 5.7665e+03	 1.0125e+04	 4.9651e+00	 4.3586e-01	 3.5314e+02	 1.0165e+04
 8.6498e+03	 1.0125e+04	 4.8491e+00	 4.6111e-01	 3.5314e+02	 1.0170e+04
 1.2975e+04	 1.0125e+04	 4.7268e+00	 4.8666e-01	 3.5314e+02	 1.0172e+04
 1.9462e+04	 1.0125e+04	 4.5958e+00	 5.1174e-01	 3.5315e+02	 1.0175e+04
 2.9193e+04	 1.0125e+04	 4.1329e+00	 4.9643e-01	 3.5315e+02	 1.0178e+04
 4.3789e+04	 1.0125e+04	 3.9956e+00	 5.1485e-01	 3.5315e+02	 1.0180e+04
 6.5684e+04	 1.0125e+04	 3.8506e+00	 5.2634e-01	 3.5315e+02	 1.0183e+04
 9.8526e+04	 1.0125e+04	 3.7002e+00	 5.2742e-01	 3.5316e+02	 1.0186e+04
 1.4779e+05	 1.0125e+04	 3.5485e+00	 5.1453e-01	 3.5315e+02	 1.0188e+04
 2.2168e+05	 1.0125e+04	 3.6681e+00	 5.2380e-01	 3.5315e+02	 1.0191e+04
 3.3253e+05	 1.0125e+04	 3.5268e+00	 4.7846e-01	 3.5315e+02	 1.0193e+04
 4.9879e+05	 1.0125e+04	 3.4067e+00	 4.2653e-01	 3.5315e+02	 1.0196e+04
 7.4818e+05	 1.0125e+04	 3.3618e+00	 3.1296e-01	 3.5315e+02	 1.0204e+04
 9.0000e+05	 1.0125e+04	 3.3270e+00	 2.8882e-01	 3.5315e+02	 1.0211e+04
 1.0000e+02	 1.0208e+04	 5.7556e+00	 2.1397e-01	 3.5316e+02	 1.0219e+04
 1.5000e+02	 1.0208e+04	 5.7022e+00	 2.2958e-01	 3.5315e+02	 1.0222e+04
 2.2500e+02	 1.0208e+04	 5.6449e+00	 2.4525e-01	 3.5315e+02	 1.0224e+04
 3.3750e+02	 1.0208e+04	 5.5823e+00	 2.6488e-01	 3.5316e+02	 1.0227e+04
 5.0625e+02	 1.0208e+04	 5.5141e+00	 2.8661e-01	 3.5316e+02	 1.0229e+04
 7.5938e+02	 1.0208e+04	 5.4392e+00	 3.0989e-01	 3.5316e+02	 1.0232e+04
 1.1391e+03	 1.0208e+04	 5.3577e+00	 3.3423e-01	 3.5316e+02	 1.0234e+04
 1.7086e+03	 1.0208e+04	 5.2693e+00	 3.5972e-01	 3.5315e+02	 1.0237e+04
 2.5629e+03	 1.0208e+04	 5.1737e+00	 3.8526e-01	 3.5316e+02	 1.0242e+04
 3.8443e+03	 1.0208e+04	 5.0710e+00	 4.1078e-01	 3.5315e+02	 1.0244e+04
 5.7665e+03	 1.0208e+04	 4.9618e+00	 4.3617e-01	 3.5316e+02	 1.0247e+04
 8.6498e+03	 1.0208e+04	 4.8456e+00	 4.6131e-01	 3.5316e+02	 1.0252e+04
 1.2975e+04	 1.0208e+04	 4.7231e+00	 4.8656e-01	 3.5316e+02	 1.0255e+04
 1.9462e+04	 1.0208e+04	 4.5922e+00	 5.1147e-01	 3.5316e+02	 1.0257e+04
 2.9193e+04	 1.0208e+04	 4.1295e+00	 4.9616e-01	 3.5316e+02	 1.0260e+04
 4.3789e+04	 1.0208e+04	 3.9922e+00	 5.1429e-01	 3.5315e+02	 1.0262e+04
 6.5684e+04	 1.0208e+04	 3.8472e+00	 5.2540e-01	 3.5315e+02	 1.0265e+04
 9.8526e+04	 1.0208e+04	 3.6970e+00	 5.2639e-01	 3.5315e+02	 1.0267e+04
 1.4779e+05	 1.0208e+04	 3.5457e+00	 5.1334e-01	 3.5316e+02	 1.0270e+04
 2.2168e+05	 1.0208e+04	 3.6654e+00	 5.2250e-01	 3.5315e+02	 1.0273e+04
 3.3253e+05	 1.0208e+04	 3.5246e+00	 4.7729e-01	 3.5315e+02	 1.0275e+04
 4.9879e+05	 1.0208e+04	 3.4048e+00	 4.2533e-01	 3.5315e+02	 1.0278e+04
 7.4818e+05	 1.0208e+04	 3.3600e+00	 3.1194e-01	 3.5315e+02	 1.0286e+04
 9.0000e+05	 1.0208e+04	 3.3255e+00	 2.8804e-01	 3.5315e+02	 1.0294e+04
 1.0000e+02	 1.0291e+04	 5.7538e+00	 2.1465e-01	 3.5315e+02	 1.0302e+04
 1.5000e+02	 1.0291e+04	 5.7008e+00	 2.2859e-01	 3.5314e+02	 1.0305e+04
 2.2500e+02	 1.0291e+04	 5.6423e+00	 2.4629e-01	 3.5315e+02	 1.0307e+04
 3.3750e+02	 1.0291e+04	 5.5793e+00	 2.6588e-01	 3.5315e+02	 1.0310e+04
 5.0625e+02	 1.0291e+04	 5.5107e+00	 2.8737e-01	 3.5315e+02	 1.0312e+04
 7.5938e+02	 1.0291e+04	 5.4356e+00	 3.1081e-01	 3.5315e+02	 1.0315e+04
 1.1391e+03	 1.0291e+04	 5.3538e+00	 3.3519e-01	 3.5315e+02	 1.0317e+04
 1.7086e+03	 1.0291e+04	 5.2651e+00	 3.6035e-01	 3.5315e+02	 1.0320e+04
 2.5629e+03	 1.0291e+04	 5.1691e+00	 3.8581e-01	 3.5315e+02	 1.0325e+04
 3.8443e+03	 1.0291e+04	 5.0663e+00	 4.1119e-01	 3.5315e+02	 1.0328e+04
 5.7665e+03	 1.0291e+04	 4.9572e+00	 4.3629e-01	 3.5315e+02	 1.0330e+04
 8.6498e+03	 1.0291e+04	 4.8411e+00	 4.6146e-01	 3.5316e+02	 1.0335e+04
 1.2975e+04	 1.0291e+04	 4.7187e+00	 4.8658e-01	 3.5315e+02	 1.0338e+04
 1.9462e+04	 1.0291e+04	 4.5877e+00	 5.1130e-01	 3.5316e+02	 1.0340e+04
 2.9193e+04	 1.0291e+04	 4.1252e+00	 4.9571e-01	 3.5315e+02	 1.0343e+04
 4.3789e+04	 1.0291e+04	 3.9882e+00	 5.1371e-01	 3.5316e+02	 1.0346e+04
 6.5684e+04	 1.0291e+04	 3.8435e+00	 5.2465e-01	 3.5315e+02	 1.0348e+04
 9.8526e+04	 1.0291e+04	 3.6936e+00	 5.2540e-01	 3.5316e+02	 1.0351e+04
 1.4779e+05	 1.0291e+04	 3.5427e+00	 5.1211e-01	 3.5316e+02	 1.0353e+04
 2.2168e+05	 1.0291e+04	 3.6627e+00	 5.2128e-01	 3.5316e+02	 1.0356e+04
 3.3253e+05	 1.0291e+04	 3.5223e+00	 4.7597e-01	 3.5316e+02	 1.0359e+04
 4.9879e+05	 1.0291e+04	 3.4029e+00	 4.2428e-01	 3.5316e+02	 1.0361e+04
 7.4818e+05	 1.0291e+04	 3.3585e+00	 3.1108e-01	 3.5315e+02	 1.0369e+04
 9.0000e+05	 1.0291e+04	 3.3238e+00	 2.8712e-01	 3.5314e+02	 1.0377e+04
 1.0000e+02	 1.0374e+04	 5.7510e+00	 2.1551e-01	 3.5315e+02	 1.0385e+04
 1.5000e+02	 1.0374e+04	 5.6979e+00	 2.2923e-01	 3.5314e+02	 1.0388e+04
 2.2500e+02	 1.0374e+04	 5.6395e+00	 2.4709e-01	 3.5314e+02	 1.0390e+04
 3.3750e+02	 1.0374e+04	 5.5762e+00	 2.6681e-01	 3.5314e+02	 1.0393e+04
 5.0625e+02	 1.0374e+04	 5.5073e+00	 2.8821e-01	 3.5314e+02	 1.0395e+04
 7.5938e+02	 1.0374e+04	 5.4320e+00	 3.1180e-01	 3.5314e+02	 1.0398e+04
 1.1391e+03	 1.0374e+04	 5.3499e+00	 3.3606e-01	 3.5314e+02	 1.0400e+04
 1.7086e+03	 1.0374e+04	 5.2609e+00	 3.6114e-01	 3.5315e+02	 1.0403e+04
 2.5629e+03	 1.0374e+04	 5.1648e+00	 3.8631e-01	 3.5315e+02	 1.0408e+04
 3.8443e+03	 1.0374e+04	 5.0621e+00	 4.1169e-01	 3.5315e+02	 1.0411e+04
 5.7665e+03	 1.0374e+04	 4.9527e+00	 4.3658e-01	 3.5315e+02	 1.0413e+04
 8.6498e+03	 1.0374e+04	 4.8363e+00	 4.6160e-01	 3.5314e+02	 1.0418e+04
 1.2975e+04	 1.0374e+04	 4.7139e+00	 4.8660e-01	 3.5315e+02	 1.0421e+04
 1.9462e+04	 1.0374e+04	 4.5829e+00	 5.1116e-01	 3.5314e+02	 1.0424e+04
 2.9193e+04	 1.0374e+04	 4.1210e+00	 4.9537e-01	 3.5315e+02	 1.0426e+04
 4.3789e+04	 1.0374e+04	 3.9838e+00	 5.1296e-01	 3.5314e+02	 1.0429e+04
 6.5684e+04	 1.0374e+04	 3.8394e+00	 5.2383e-01	 3.5314e+02	 1.0432e+04
 9.8526e+04	 1.0374e+04	 3.6898e+00	 5.2413e-01	 3.5314e+02	 1.0434e+04
 1.4779e+05	 1.0374e+04	 3.5393e+00	 5.1075e-01	 3.5315e+02	 1.0437e+04
 2.2168e+05	 1.0374e+04	 3.6594e+00	 5.1970e-01	 3.5314e+02	 1.0439e+04
 3.3253e+05	 1.0374e+04	 3.5195e+00	 4.7452e-01	 3.5314e+02	 1.0442e+04
 4.9879e+05	 1.0374e+04	 3.4007e+00	 4.2305e-01	 3.5314e+02	 1.0444e+04
 7.4818e+05	 1.0374e+04	 3.3564e+00	 3.1000e-01	 3.5314e+02	 1.0452e+04
 9.0000e+05	 1.0374e+04	 3.3221e+00	 2.8616e-01	 3.5314e+02	 1.0460e+04
 1.0000e+02	 1.0457e+04	 5.7492e+00	 2.1608e-01	 3.5315e+02	 1.0468e+04
 1.5000e+02	 1.0457e+04	 5.6952e+00	 2.3078e-01	 3.5314e+02	 1.0470e+04
 2.2500e+02	 1.0457e+04	 5.6372e+00	 2.4827e-01	 3.5315e+02	 1.0473e+04
 3.3750e+02	 1.0457e+04	 5.5739e+00	 2.6746e-01	 3.5315e+02	 1.0476e+04
 5.0625e+02	 1.0457e+04	 5.5047e+00	 2.8902e-01	 3.5316e+02	 1.0479e+04
 7.5938e+02	 1.0457e+04	 5.4295e+00	 3.1238e-01	 3.5316e+02	 1.0481e+04
 1.1391e+03	 1.0457e+04	 5.3475e+00	 3.3624e-01	 3.5316e+02	 1.0484e+04
 1.7086e+03	 1.0457e+04	 5.2584e+00	 3.6158e-01	 3.5316e+02	 1.0486e+04
 2.5629e+03	 1.0457e+04	 5.1621e+00	 3.8684e-01	 3.5317e+02	 1.0492e+04
 3.8443e+03	 1.0457e+04	 5.0593e+00	 4.1201e-01	 3.5316e+02	 1.0494e+04
 5.7665e+03	 1.0457e+04	 4.9498e+00	 4.3681e-01	 3.5317e+02	 1.0497e+04
 8.6498e+03	 1.0457e+04	 4.8335e+00	 4.6171e-01	 3.5316e+02	 1.0502e+04
 1.2975e+04	 1.0457e+04	 4.7109e+00	 4.8650e-01	 3.5317e+02	 1.0505e+04
 1.9462e+04	 1.0457e+04	 4.5799e+00	 5.1104e-01	 3.5316e+02	 1.0507e+04
 2.9193e+04	 1.0457e+04	 4.1181e+00	 4.9506e-01	 3.5317e+02	 1.0510e+04
 4.3789e+04	 1.0457e+04	 3.9810e+00	 5.1277e-01	 3.5317e+02	 1.0513e+04
 6.5684e+04	 1.0457e+04	 3.8367e+00	 5.2309e-01	 3.5316e+02	 1.0515e+04
 9.8526e+04	 1.0457e+04	 3.6873e+00	 5.2329e-01	 3.5316e+02	 1.0518e+04
 1.4779e+05	 1.0457e+04	 3.5372e+00	 5.0980e-01	 3.5316e+02	 1.0520e+04
 2.2168e+05	 1.0457e+04	 3.6575e+00	 5.1877e-01	 3.5316e+02	 1.0523e+04
 3.3253e+05	 1.0457e+04	 3.5180e+00	 4.7368e-01	 3.5316e+02	 1.0526e+04
 4.9879e+05	 1.0457e+04	 3.3992e+00	 4.2216e-01	 3.5316e+02	 1.0528e+04
 7.4818e+05	 1.0457e+04	 3.3552e+00	 3.0931e-01	 3.5316e+02	 1.0536e+04
 9.0000e+05	 1.0457e+04	 3.3209e+00	 2.8548e-01	 3.5315e+02	 1.0544e+04
 1.0000e+02	 1.0541e+04	 5.7472e+00	 2.1702e-01	 3.5315e+02	 1.0551e+04
 1.5000e+02	 1.0541e+04	 5.6918e+00	 2.3024e-01	 3.5315e+02	 1.0554e+04
 2.2500e+02	 1.0541e+04	 5.6348e+00	 2.4900e-01	 3.5315e+02	 1.0556e+04
 3.3750e+02	 1.0541e+04	 5.5711e+00	 2.6841e-01	 3.5315e+02	 1.0559e+04
 5.0625e+02	 1.0541e+04	 5.5017e+00	 2.8993e-01	 3.5315e+02	 1.0561e+04
 7.5938e+02	 1.0541e+04	 5.4259e+00	 3.1298e-01	 3.5315e+02	 1.0564e+04
 1.1391e+03	 1.0541e+04	 5.3435e+00	 3.3764e-01	 3.5316e+02	 1.0566e+04
 1.7086e+03	 1.0541e+04	 5.2539e+00	 3.6245e-01	 3.5316e+02	 1.0569e+04
 2.5629e+03	 1.0541e+04	 5.1576e+00	 3.8739e-01	 3.5316e+02	 1.0575e+04
 3.8443e+03	 1.0541e+04	 5.0544e+00	 4.1250e-01	 3.5315e+02	 1.0577e+04
 5.7665e+03	 1.0541e+04	 4.9449e+00	 4.3722e-01	 3.5316e+02	 1.0580e+04
 8.6498e+03	 1.0541e+04	 4.8285e+00	 4.6181e-01	 3.5315e+02	 1.0585e+04
 1.2975e+04	 1.0541e+04	 4.7059e+00	 4.8648e-01	 3.5315e+02	 1.0587e+04
 1.9462e+04	 1.0541e+04	 4.2428e+00	 4.7371e-01	 3.5315e+02	 1.0590e+04
 2.9193e+04	 1.0541e+04	 4.1136e+00	 4.9470e-01	 3.5316e+02	 1.0592e+04
 4.3789e+04	 1.0541e+04	 3.9766e+00	 5.1200e-01	 3.5315e+02	 1.0595e+04
 6.5684e+04	 1.0541e+04	 3.8325e+00	 5.2219e-01	 3.5316e+02	 1.0598e+04
 9.8526e+04	 1.0541e+04	 3.6835e+00	 5.2215e-01	 3.5315e+02	 1.0600e+04
 1.4779e+05	 1.0541e+04	 3.5338e+00	 5.0854e-01	 3.5315e+02	 1.0603e+04
 2.2168e+05	 1.0541e+04	 3.6545e+00	 5.1714e-01	 3.5315e+02	 1.0606e+04
 3.3253e+05	 1.0541e+04	 3.5154e+00	 4.7223e-01	 3.5315e+02	 1.0608e+04
 4.9879e+05	 1.0541e+04	 3.3971e+00	 4.2106e-01	 3.5314e+02	 1.0611e+04
 7.4818e+05	 1.0541e+04	 3.3536e+00	 3.0842e-01	 3.5315e+02	 1.0619e+04
 9.0000e+05	 1.0541e+04	 3.3193e+00	 2.8473e-01	 3.5315e+02	 1.0626e+04
 1.0000e+02	 1.0624e+04	 5.7451e+00	 2.1771e-01	 3.5315e+02	 1.0634e+04
 1.5000e+02	 1.0624e+04	 5.6888e+00	 2.3397e-01	 3.5315e+02	 1.0637e+04
 2.2500e+02	 1.0624e+04	 5.6320e+00	 2.4968e-01	 3.5315e+02	 1.0640e+04
 3.3750e+02	 1.0624e+04	 5.5681e+00	 2.6930e-01	 3.5314e+02	 1.0642e+04
 5.0625e+02	 1.0624e+04	 5.4984e+00	 2.9072e-01	 3.5314e+02	 1.0645e+04
 7.5938e+02	 1.0624e+04	 5.4225e+00	 3.1390e-01	 3.5315e+02	 1.0647e+04
 1.1391e+03	 1.0624e+04	 5.3396e+00	 3.3791e-01	 3.5315e+02	 1.0650e+04
 1.7086e+03	 1.0624e+04	 5.2499e+00	 3.6307e-01	 3.5314e+02	 1.0652e+04
 2.5629e+03	 1.0624e+04	 5.1535e+00	 3.8799e-01	 3.5315e+02	 1.0658e+04
 3.8443e+03	 1.0624e+04	 5.0500e+00	 4.1285e-01	 3.5314e+02	 1.0660e+04
 5.7665e+03	 1.0624e+04	 4.9404e+00	 4.3738e-01	 3.5315e+02	 1.0663e+04
 8.6498e+03	 1.0624e+04	 4.8239e+00	 4.6195e-01	 3.5315e+02	 1.0668e+04
 1.2975e+04	 1.0624e+04	 4.7014e+00	 4.8652e-01	 3.5314e+02	 1.0670e+04
 1.9462e+04	 1.0624e+04	 4.2386e+00	 4.7359e-01	 3.5314e+02	 1.0672e+04
 2.9193e+04	 1.0624e+04	 4.1093e+00	 4.9439e-01	 3.5315e+02	 1.0675e+04
 4.3789e+04	 1.0624e+04	 3.9725e+00	 5.1130e-01	 3.5314e+02	 1.0678e+04
 6.5684e+04	 1.0624e+04	 3.8286e+00	 5.2140e-01	 3.5314e+02	 1.0680e+04
 9.8526e+04	 1.0624e+04	 3.6799e+00	 5.2104e-01	 3.5314e+02	 1.0683e+04
 1.4779e+05	 1.0624e+04	 3.5306e+00	 5.0727e-01	 3.5314e+02	 1.0685e+04
 2.2168e+05	 1.0624e+04	 3.6515e+00	 5.1582e-01	 3.5314e+02	 1.0688e+04
 3.3253e+05	 1.0624e+04	 3.5130e+00	 4.7093e-01	 3.5315e+02	 1.0691e+04
 4.9879e+05	 1.0624e+04	 3.3950e+00	 4.1994e-01	 3.5315e+02	 1.0693e+04
 7.4818e+05	 1.0624e+04	 3.3518e+00	 3.0741e-01	 3.5314e+02	 1.0701e+04
 9.0000e+05	 1.0624e+04	 3.3177e+00	 2.8387e-01	 3.5314e+02	 1.0709e+04
 1.0000e+02	 1.0706e+04	 5.7429e+00	 2.1872e-01	 3.5315e+02	 1.0717e+04
 1.5000e+02	 1.0706e+04	 5.6892e+00	 2.3626e-01	 3.5315e+02	 1.0719e+04
 2.2500e+02	 1.0706e+04	 5.6293e+00	 2.5060e-01	 3.5315e+02	 1.0722e+04
 3.3750e+02	 1.0706e+04	 5.5653e+00	 2.7019e-01	 3.5316e+02	 1.0724e+04
 5.0625e+02	 1.0706e+04	 5.4956e+00	 2.9156e-01	 3.5314e+02	 1.0727e+04
 7.5938e+02	 1.0706e+04	 5.4195e+00	 3.1458e-01	 3.5315e+02	 1.0730e+04
 1.1391e+03	 1.0706e+04	 5.3362e+00	 3.3871e-01	 3.5315e+02	 1.0732e+04
 1.7086e+03	 1.0706e+04	 5.2465e+00	 3.6353e-01	 3.5315e+02	 1.0735e+04
 2.5629e+03	 1.0706e+04	 5.1498e+00	 3.8844e-01	 3.5315e+02	 1.0740e+04
 3.8443e+03	 1.0706e+04	 5.0464e+00	 4.1326e-01	 3.5315e+02	 1.0743e+04
 5.7665e+03	 1.0706e+04	 4.9367e+00	 4.3773e-01	 3.5315e+02	 1.0745e+04
 8.6498e+03	 1.0706e+04	 4.8202e+00	 4.6208e-01	 3.5315e+02	 1.0750e+04
 1.2975e+04	 1.0706e+04	 4.6976e+00	 4.8647e-01	 3.5314e+02	 1.0752e+04
 1.9462e+04	 1.0706e+04	 4.2351e+00	 4.7340e-01	 3.5315e+02	 1.0755e+04
 2.9193e+04	 1.0706e+04	 4.1059e+00	 4.9401e-01	 3.5315e+02	 1.0758e+04
 4.3789e+04	 1.0706e+04	 3.9692e+00	 5.1089e-01	 3.5315e+02	 1.0760e+04
 6.5684e+04	 1.0706e+04	 3.8254e+00	 5.2054e-01	 3.5315e+02	 1.0763e+04
 9.8526e+04	 1.0706e+04	 3.6771e+00	 5.2014e-01	 3.5315e+02	 1.0765e+04
 1.4779e+05	 1.0706e+04	 3.5281e+00	 5.0617e-01	 3.5315e+02	 1.0768e+04
 2.2168e+05	 1.0706e+04	 3.6492e+00	 5.1470e-01	 3.5314e+02	 1.0770e+04
 3.3253e+05	 1.0706e+04	 3.5110e+00	 4.6979e-01	 3.5314e+02	 1.0773e+04
 4.9879e+05	 1.0706e+04	 3.3934e+00	 4.1897e-01	 3.5315e+02	 1.0776e+04
 7.4818e+05	 1.0706e+04	 3.3503e+00	 3.0660e-01	 3.5315e+02	 1.0783e+04
 9.0000e+05	 1.0706e+04	 3.3162e+00	 2.8301e-01	 3.5314e+02	 1.0791e+04
 1.0000e+02	 1.0788e+04	 5.7408e+00	 2.1946e-01	 3.5312e+02	 1.0799e+04
 1.5000e+02	 1.0788e+04	 5.6903e+00	 2.3273e-01	 3.5313e+02	 1.0802e+04
 2.2500e+02	 1.0788e+04	 5.6262e+00	 2.5150e-01	 3.5313e+02	 1.0804e+04
 3.3750e+02	 1.0788e+04	 5.5621e+00	 2.7107e-01	 3.5313e+02	 1.0807e+04
 5.0625e+02	 1.0788e+04	 5.4919e+00	 2.9237e-01	 3.5313e+02	 1.0809e+04
 7.5938e+02	 1.0788e+04	 5.4155e+00	 3.1568e-01	 3.5314e+02	 1.0812e+04
 1.1391e+03	 1.0788e+04	 5.3324e+00	 3.3973e-01	 3.5314e+02	 1.0815e+04
 1.7086e+03	 1.0788e+04	 5.2426e+00	 3.6434e-01	 3.5314e+02	 1.0817e+04
 2.5629e+03	 1.0788e+04	 5.1458e+00	 3.8902e-01	 3.5315e+02	 1.0822e+04
 3.8443e+03	 1.0788e+04	 5.0425e+00	 4.1353e-01	 3.5316e+02	 1.0825e+04
 5.7665e+03	 1.0788e+04	 4.9327e+00	 4.3791e-01	 3.5316e+02	 1.0828e+04
 8.6498e+03	 1.0788e+04	 4.8165e+00	 4.6215e-01	 3.5316e+02	 1.0833e+04
 1.2975e+04	 1.0788e+04	 4.6940e+00	 4.8652e-01	 3.5316e+02	 1.0835e+04
 1.9462e+04	 1.0788e+04	 4.2315e+00	 4.7326e-01	 3.5315e+02	 1.0838e+04
 2.9193e+04	 1.0788e+04	 4.1025e+00	 4.9369e-01	 3.5315e+02	 1.0840e+04
 4.3789e+04	 1.0788e+04	 3.9659e+00	 5.1045e-01	 3.5316e+02	 1.0843e+04
 6.5684e+04	 1.0788e+04	 3.8224e+00	 5.1981e-01	 3.5316e+02	 1.0846e+04
 9.8526e+04	 1.0788e+04	 3.6743e+00	 5.1914e-01	 3.5316e+02	 1.0848e+04
 1.4779e+05	 1.0788e+04	 3.5257e+00	 5.0513e-01	 3.5316e+02	 1.0851e+04
 2.2168e+05	 1.0788e+04	 3.6471e+00	 5.1357e-01	 3.5316e+02	 1.0853e+04
 3.3253e+05	 1.0788e+04	 3.5092e+00	 4.6887e-01	 3.5316e+02	 1.0856e+04
 4.9879e+05	 1.0788e+04	 3.3919e+00	 4.1816e-01	 3.5316e+02	 1.0859e+04
 7.4818e+05	 1.0788e+04	 3.3492e+00	 3.0592e-01	 3.5317e+02	 1.0866e+04
 9.0000e+05	 1.0788e+04	 3.3153e+00	 2.8247e-01	 3.5317e+02	 1.0874e+04
 1.0000e+02	 1.0871e+04	 5.7399e+00	 2.2025e-01	 3.5317e+02	 1.0882e+04
 1.5000e+02	 1.0871e+04	 5.6878e+00	 2.3423e-01	 3.5317e+02	 1.0885e+04
 2.2500e+02	 1.0871e+04	 5.6254e+00	 2.5222e-01	 3.5317e+02	 1.0887e+04
 3.3750e+02	 1.0871e+04	 5.5608e+00	 2.7159e-01	 3.5317e+02	 1.0890e+04
 5.0625e+02	 1.0871e+04	 5.4906e+00	 2.9304e-01	 3.5317e+02	 1.0892e+04
 7.5938e+02	 1.0871e+04	 5.4137e+00	 3.1601e-01	 3.5317e+02	 1.0895e+04
 1.1391e+03	 1.0871e+04	 5.3304e+00	 3.4015e-01	 3.5316e+02	 1.0897e+04
 1.7086e+03	 1.0871e+04	 5.2401e+00	 3.6478e-01	 3.5316e+02	 1.0900e+04
 2.5629e+03	 1.0871e+04	 5.1431e+00	 3.8944e-01	 3.5316e+02	 1.0905e+04
 3.8443e+03	 1.0871e+04	 5.0392e+00	 4.1389e-01	 3.5316e+02	 1.0908e+04
 5.7665e+03	 1.0871e+04	 4.9293e+00	 4.3817e-01	 3.5316e+02	 1.0910e+04
 8.6498e+03	 1.0871e+04	 4.8126e+00	 4.6225e-01	 3.5316e+02	 1.0915e+04
 1.2975e+04	 1.0871e+04	 4.6898e+00	 4.8645e-01	 3.5316e+02	 1.0918e+04
 1.9462e+04	 1.0871e+04	 4.2279e+00	 4.7300e-01	 3.5316e+02	 1.0920e+04
 2.9193e+04	 1.0871e+04	 4.0987e+00	 4.9330e-01	 3.5315e+02	 1.0923e+04
 4.3789e+04	 1.0871e+04	 3.9621e+00	 5.0967e-01	 3.5315e+02	 1.0926e+04
 6.5684e+04	 1.0871e+04	 3.8187e+00	 5.1898e-01	 3.5315e+02	 1.0928e+04
 9.8526e+04	 1.0871e+04	 3.6710e+00	 5.1810e-01	 3.5316e+02	 1.0931e+04
 1.4779e+05	 1.0871e+04	 3.5226e+00	 5.0397e-01	 3.5315e+02	 1.0934e+04
 2.2168e+05	 1.0871e+04	 3.6442e+00	 5.1220e-01	 3.5315e+02	 1.0936e+04
 3.3253e+05	 1.0871e+04	 3.5067e+00	 4.6747e-01	 3.5315e+02	 1.0939e+04
 4.9879e+05	 1.0871e+04	 3.3899e+00	 4.1686e-01	 3.5315e+02	 1.0941e+04
 7.4818e+05	 1.0871e+04	 3.3474e+00	 3.0473e-01	 3.5315e+02	 1.0949e+04
 9.0000e+05	 1.0871e+04	 3.3133e+00	 2.8127e-01	 3.5314e+02	 1.0957e+04
 1.0000e+02	 1.0954e+04	 5.7369e+00	 2.2111e-01	 3.5314e+02	 1.0965e+04
 1.5000e+02	 1.0954e+04	 5.6825e+00	 2.3593e-01	 3.5313e+02	 1.0968e+04
 2.2500e+02	 1.0954e+04	 5.6219e+00	 2.5311e-01	 3.5314e+02	 1.0970e+04
 3.3750e+02	 1.0954e+04	 5.5571e+00	 2.7269e-01	 3.5314e+02	 1.0973e+04
 5.0625e+02	 1.0954e+04	 5.4864e+00	 2.9409e-01	 3.5314e+02	 1.0975e+04
 7.5938e+02	 1.0954e+04	 5.4095e+00	 3.1693e-01	 3.5314e+02	 1.0978e+04
 1.1391e+03	 1.0954e+04	 5.3258e+00	 3.4108e-01	 3.5314e+02	 1.0980e+04
 1.7086e+03	 1.0954e+04	 5.2356e+00	 3.6544e-01	 3.5315e+02	 1.0983e+04
 2.5629e+03	 1.0954e+04	 5.1384e+00	 3.8983e-01	 3.5314e+02	 1.0988e+04
 3.8443e+03	 1.0954e+04	 5.0347e+00	 4.1428e-01	 3.5314e+02	 1.0990e+04
 5.7665e+03	 1.0954e+04	 4.9248e+00	 4.3837e-01	 3.5315e+02	 1.0993e+04
 8.6498e+03	 1.0954e+04	 4.8080e+00	 4.6231e-01	 3.5315e+02	 1.0998e+04
 1.2975e+04	 1.0954e+04	 4.6853e+00	 4.8641e-01	 3.5314e+02	 1.1001e+04
 1.9462e+04	 1.0954e+04	 4.2237e+00	 4.7290e-01	 3.5314e+02	 1.1004e+04
 2.9193e+04	 1.0954e+04	 4.0946e+00	 4.9303e-01	 3.5314e+02	 1.1006e+04
 4.3789e+04	 1.0954e+04	 3.9581e+00	 5.0907e-01	 3.5314e+02	 1.1009e+04
 6.5684e+04	 1.0954e+04	 3.8149e+00	 5.1811e-01	 3.5314e+02	 1.1012e+04
 9.8526e+04	 1.0954e+04	 3.6675e+00	 5.1716e-01	 3.5314e+02	 1.1014e+04
 1.4779e+05	 1.0954e+04	 3.5195e+00	 5.0273e-01	 3.5314e+02	 1.1017e+04
 2.2168e+05	 1.0954e+04	 3.6415e+00	 5.1089e-01	 3.5314e+02	 1.1019e+04
 3.3253e+05	 1.0954e+04	 3.5045e+00	 4.6630e-01	 3.5314e+02	 1.1022e+04
 4.9879e+05	 1.0954e+04	 3.3880e+00	 4.1576e-01	 3.5314e+02	 1.1025e+04
 7.4818e+05	 1.0954e+04	 3.3458e+00	 3.0386e-01	 3.5315e+02	 1.1033e+04
 9.0000e+05	 1.0954e+04	 3.3120e+00	 2.8061e-01	 3.5314e+02	 1.1040e+04
 1.0000e+02	 1.1038e+04	 5.7350e+00	 2.2189e-01	 3.5315e+02	 1.1049e+04
 1.5000e+02	 1.1038e+04	 5.6791e+00	 2.3611e-01	 3.5315e+02	 1.1051e+04
 2.2500e+02	 1.1038e+04	 5.6195e+00	 2.5380e-01	 3.5315e+02	 1.1054e+04
 3.3750e+02	 1.1038e+04	 5.5547e+00	 2.7347e-01	 3.5315e+02	 1.1056e+04
 5.0625e+02	 1.1038e+04	 5.4838e+00	 2.9492e-01	 3.5315e+02	 1.1059e+04
 7.5938e+02	 1.1038e+04	 5.4067e+00	 3.1775e-01	 3.5315e+02	 1.1062e+04
 1.1391e+03	 1.1038e+04	 5.3229e+00	 3.4168e-01	 3.5315e+02	 1.1064e+04
 1.7086e+03	 1.1038e+04	 5.2323e+00	 3.6604e-01	 3.5314e+02	 1.1067e+04
 2.5629e+03	 1.1038e+04	 5.1349e+00	 3.9036e-01	 3.5313e+02	 1.1072e+04
 3.8443e+03	 1.1038e+04	 5.0309e+00	 4.1467e-01	 3.5314e+02	 1.1074e+04
 5.7665e+03	 1.1038e+04	 4.9209e+00	 4.3856e-01	 3.5314e+02	 1.1077e+04
 8.6498e+03	 1.1038e+04	 4.8041e+00	 4.6251e-01	 3.5313e+02	 1.1082e+04
 1.2975e+04	 1.1038e+04	 4.6815e+00	 4.8636e-01	 3.5314e+02	 1.1084e+04
 1.9462e+04	 1.1038e+04	 4.2202e+00	 4.7273e-01	 3.5314e+02	 1.1087e+04
 2.9193e+04	 1.1038e+04	 4.0912e+00	 4.9265e-01	 3.5314e+02	 1.1090e+04
 4.3789e+04	 1.1038e+04	 3.9549e+00	 5.0863e-01	 3.5314e+02	 1.1092e+04
 6.5684e+04	 1.1038e+04	 3.8121e+00	 5.1747e-01	 3.5313e+02	 1.1095e+04
 9.8526e+04	 1.1038e+04	 3.6650e+00	 5.1631e-01	 3.5314e+02	 1.1098e+04
 1.4779e+05	 1.1038e+04	 3.5174e+00	 5.0181e-01	 3.5314e+02	 1.1100e+04
 2.2168e+05	 1.1038e+04	 3.6397e+00	 5.0989e-01	 3.5315e+02	 1.1103e+04
 3.3253e+05	 1.1038e+04	 3.5032e+00	 4.6544e-01	 3.5315e+02	 1.1105e+04
 4.9879e+05	 1.1038e+04	 3.3868e+00	 4.1511e-01	 3.5316e+02	 1.1108e+04
 7.4818e+05	 1.1038e+04	 3.3449e+00	 3.0350e-01	 3.5316e+02	 1.1116e+04
 9.0000e+05	 1.1038e+04	 3.3112e+00	 2.8031e-01	 3.5317e+02	 1.1124e+04
 1.0000e+02	 1.1121e+04	 5.7343e+00	 2.2244e-01	 3.5317e+02	 1.1132e+04
 1.5000e+02	 1.1121e+04	 5.6782e+00	 2.3682e-01	 3.5317e+02	 1.1134e+04
 2.2500e+02	 1.1121e+04	 5.6185e+00	 2.5451e-01	 3.5317e+02	 1.1137e+04
 3.3750e+02	 1.1121e+04	 5.5532e+00	 2.7400e-01	 3.5317e+02	 1.1139e+04
 5.0625e+02	 1.1121e+04	 5.4822e+00	 2.9527e-01	 3.5316e+02	 1.1142e+04
 7.5938e+02	 1.1121e+04	 5.4048e+00	 3.1823e-01	 3.5317e+02	 1.1144e+04
 1.1391e+03	 1.1121e+04	 5.3209e+00	 3.4207e-01	 3.5316e+02	 1.1147e+04
 1.7086e+03	 1.1121e+04	 5.2301e+00	 3.6641e-01	 3.5316e+02	 1.1150e+04
 2.5629e+03	 1.1121e+04	 5.1324e+00	 3.9074e-01	 3.5316e+02	 1.1155e+04
 3.8443e+03	 1.1121e+04	 5.0284e+00	 4.1499e-01	 3.5316e+02	 1.1157e+04
 5.7665e+03	 1.1121e+04	 4.9181e+00	 4.3881e-01	 3.5315e+02	 1.1160e+04
 8.6498e+03	 1.1121e+04	 4.8013e+00	 4.6260e-01	 3.5315e+02	 1.1165e+04
 1.2975e+04	 1.1121e+04	 4.6784e+00	 4.8636e-01	 3.5315e+02	 1.1167e+04
 1.9462e+04	 1.1121e+04	 4.2173e+00	 4.7255e-01	 3.5315e+02	 1.1170e+04
 2.9193e+04	 1.1121e+04	 4.0882e+00	 4.9234e-01	 3.5315e+02	 1.1172e+04
 4.3789e+04	 1.1121e+04	 3.9519e+00	 5.0798e-01	 3.5315e+02	 1.1175e+04
 6.5684e+04	 1.1121e+04	 3.8091e+00	 5.1674e-01	 3.5315e+02	 1.1178e+04
 9.8526e+04	 1.1121e+04	 3.6621e+00	 5.1520e-01	 3.5315e+02	 1.1180e+04
 1.4779e+05	 1.1121e+04	 3.5149e+00	 5.0075e-01	 3.5315e+02	 1.1183e+04
 2.2168e+05	 1.1121e+04	 3.6372e+00	 5.0879e-01	 3.5315e+02	 1.1185e+04
 3.3253e+05	 1.1121e+04	 3.5009e+00	 4.6424e-01	 3.5315e+02	 1.1188e+04
 4.9879e+05	 1.1121e+04	 3.3849e+00	 4.1406e-01	 3.5316e+02	 1.1191e+04
 7.4818e+05	 1.1121e+04	 3.3431e+00	 3.0254e-01	 3.5315e+02	 1.1198e+04
 9.0000e+05	 1.1121e+04	 3.3095e+00	 2.7939e-01	 3.5315e+02	 1.1207e+04
 1.0000e+02	 1.1204e+04	 5.7318e+00	 2.2337e-01	 3.5315e+02	 1.1215e+04
 1.5000e+02	 1.1204e+04	 5.6756e+00	 2.3848e-01	 3.5315e+02	 1.1217e+04
 2.2500e+02	 1.1204e+04	 5.6158e+00	 2.5542e-01	 3.5315e+02	 1.1220e+04
 3.3750e+02	 1.1204e+04	 5.5503e+00	 2.7494e-01	 3.5315e+02	 1.1223e+04
 5.0625e+02	 1.1204e+04	 5.4788e+00	 2.9621e-01	 3.5316e+02	 1.1225e+04
 7.5938e+02	 1.1204e+04	 5.4014e+00	 3.1904e-01	 3.5316e+02	 1.1228e+04
 1.1391e+03	 1.1204e+04	 5.3172e+00	 3.4263e-01	 3.5316e+02	 1.1230e+04
 1.7086e+03	 1.1204e+04	 5.2262e+00	 3.6705e-01	 3.5315e+02	 1.1233e+04
 2.5629e+03	 1.1204e+04	 5.1283e+00	 3.9145e-01	 3.5316e+02	 1.1238e+04
 3.8443e+03	 1.1204e+04	 5.0240e+00	 4.1530e-01	 3.5315e+02	 1.1241e+04
 5.7665e+03	 1.1204e+04	 4.9140e+00	 4.3910e-01	 3.5315e+02	 1.1243e+04
 8.6498e+03	 1.1204e+04	 4.7971e+00	 4.6264e-01	 3.5316e+02	 1.1248e+04
 1.2975e+04	 1.1204e+04	 4.6744e+00	 4.8640e-01	 3.5315e+02	 1.1251e+04
 1.9462e+04	 1.1204e+04	 4.2135e+00	 4.7238e-01	 3.5315e+02	 1.1254e+04
 2.9193e+04	 1.1204e+04	 4.0845e+00	 4.9198e-01	 3.5316e+02	 1.1256e+04
 4.3789e+04	 1.1204e+04	 3.9484e+00	 5.0752e-01	 3.5315e+02	 1.1259e+04
 6.5684e+04	 1.1204e+04	 3.8058e+00	 5.1592e-01	 3.5315e+02	 1.1262e+04
 9.8526e+04	 1.1204e+04	 3.6592e+00	 5.1445e-01	 3.5315e+02	 1.1264e+04
 1.4779e+05	 1.1204e+04	 3.5122e+00	 4.9967e-01	 3.5315e+02	 1.1267e+04
 2.2168e+05	 1.1204e+04	 3.6346e+00	 5.0755e-01	 3.5316e+02	 1.1270e+04
 3.3253e+05	 1.1204e+04	 3.4988e+00	 4.6316e-01	 3.5315e+02	 1.1272e+04
 4.9879e+05	 1.1204e+04	 3.3832e+00	 4.1299e-01	 3.5315e+02	 1.1275e+04
 7.4818e+05	 1.1204e+04	 3.3416e+00	 3.0161e-01	 3.5315e+02	 1.1282e+04
 9.0000e+05	 1.1204e+04	 3.3080e+00	 2.7846e-01	 3.5314e+02	 1.1290e+04
 1.0000e+02	 1.1288e+04	 5.7296e+00	 2.2408e-01	 3.5314e+02	 1.1298e+04
 1.5000e+02	 1.1288e+04	 5.6739e+00	 2.3884e-01	 3.5314e+02	 1.1301e+04
 2.2500e+02	 1.1288e+04	 5.6127e+00	 2.5626e-01	 3.5314e+02	 1.1303e+04
 3.3750e+02	 1.1288e+04	 5.5470e+00	 2.7581e-01	 3.5315e+02	 1.1306e+04
 5.0625e+02	 1.1288e+04	 5.4756e+00	 2.9698e-01	 3.5315e+02	 1.1308e+04
 7.5938e+02	 1.1288e+04	 5.3979e+00	 3.1988e-01	 3.5315e+02	 1.1311e+04
 1.1391e+03	 1.1288e+04	 5.3131e+00	 3.4327e-01	 3.5315e+02	 1.1314e+04
 1.7086e+03	 1.1288e+04	 5.2222e+00	 3.6763e-01	 3.5315e+02	 1.1316e+04
 2.5629e+03	 1.1288e+04	 5.1243e+00	 3.9181e-01	 3.5314e+02	 1.1321e+04
 3.8443e+03	 1.1288e+04	 5.0202e+00	 4.1566e-01	 3.5314e+02	 1.1324e+04
 5.7665e+03	 1.1288e+04	 4.9100e+00	 4.3940e-01	 3.5314e+02	 1.1326e+04
 8.6498e+03	 1.1288e+04	 4.7931e+00	 4.6283e-01	 3.5314e+02	 1.1331e+04
 1.2975e+04	 1.1288e+04	 4.6703e+00	 4.8620e-01	 3.5315e+02	 1.1334e+04
 1.9462e+04	 1.1288e+04	 4.2098e+00	 4.7223e-01	 3.5315e+02	 1.1336e+04
 2.9193e+04	 1.1288e+04	 4.0809e+00	 4.9162e-01	 3.5315e+02	 1.1339e+04
 4.3789e+04	 1.1288e+04	 3.9449e+00	 5.0694e-01	 3.5315e+02	 1.1341e+04
 6.5684e+04	 1.1288e+04	 3.8024e+00	 5.1517e-01	 3.5315e+02	 1.1344e+04
 9.8526e+04	 1.1288e+04	 3.6561e+00	 5.1336e-01	 3.5315e+02	 1.1347e+04
 1.4779e+05	 1.1288e+04	 3.5095e+00	 4.9852e-01	 3.5315e+02	 1.1349e+04
 2.2168e+05	 1.1288e+04	 3.6322e+00	 5.0618e-01	 3.5315e+02	 1.1352e+04
 3.3253e+05	 1.1288e+04	 3.4967e+00	 4.6197e-01	 3.5315e+02	 1.1354e+04
 4.9879e+05	 1.1288e+04	 3.3813e+00	 4.1197e-01	 3.5315e+02	 1.1357e+04
 7.4818e+05	 1.1288e+04	 3.3401e+00	 3.0088e-01	 3.5315e+02	 1.1364e+04
 9.0000e+05	 1.1288e+04	 3.3066e+00	 2.7779e-01	 3.5315e+02	 1.1372e+04
 1.0000e+02	 1.1369e+04	 5.7277e+00	 2.2479e-01	 3.5314e+02	 1.1381e+04
 1.5000e+02	 1.1369e+04	 5.6713e+00	 2.3951e-01	 3.5315e+02	 1.1383e+04
 2.2500e+02	 1.1369e+04	 5.6105e+00	 2.5705e-01	 3.5315e+02	 1.1386e+04
 3.3750e+02	 1.1369e+04	 5.5447e+00	 2.7662e-01	 3.5314e+02	 1.1388e+04
 5.0625e+02	 1.1369e+04	 5.4730e+00	 2.9778e-01	 3.5315e+02	 1.1391e+04
 7.5938e+02	 1.1369e+04	 5.3950e+00	 3.2057e-01	 3.5314e+02	 1.1393e+04
 1.1391e+03	 1.1369e+04	 5.3104e+00	 3.4439e-01	 3.5315e+02	 1.1396e+04
 1.7086e+03	 1.1369e+04	 5.2192e+00	 3.6812e-01	 3.5315e+02	 1.1399e+04
 2.5629e+03	 1.1369e+04	 5.1209e+00	 3.9226e-01	 3.5315e+02	 1.1404e+04
 3.8443e+03	 1.1369e+04	 5.0167e+00	 4.1604e-01	 3.5315e+02	 1.1406e+04
 5.7665e+03	 1.1369e+04	 4.9063e+00	 4.3952e-01	 3.5315e+02	 1.1409e+04
 8.6498e+03	 1.1369e+04	 4.7895e+00	 4.6282e-01	 3.5315e+02	 1.1414e+04
 1.2975e+04	 1.1369e+04	 4.6669e+00	 4.8638e-01	 3.5315e+02	 1.1416e+04
 1.9462e+04	 1.1369e+04	 4.2065e+00	 4.7207e-01	 3.5315e+02	 1.1419e+04
 2.9193e+04	 1.1369e+04	 4.0778e+00	 4.9135e-01	 3.5315e+02	 1.1421e+04
 4.3789e+04	 1.1369e+04	 3.9418e+00	 5.0635e-01	 3.5316e+02	 1.1424e+04
 6.5684e+04	 1.1369e+04	 3.7995e+00	 5.1438e-01	 3.5315e+02	 1.1426e+04
 9.8526e+04	 1.1369e+04	 3.6535e+00	 5.1234e-01	 3.5316e+02	 1.1429e+04
 1.4779e+05	 1.1369e+04	 3.5073e+00	 4.9750e-01	 3.5316e+02	 1.1432e+04
 2.2168e+05	 1.1369e+04	 3.6302e+00	 5.0520e-01	 3.5315e+02	 1.1434e+04
 3.3253e+05	 1.1369e+04	 3.4949e+00	 4.6102e-01	 3.5316e+02	 1.1437e+04
 4.9879e+05	 1.1369e+04	 3.3799e+00	 4.1107e-01	 3.5316e+02	 1.1439e+04
 7.4818e+05	 1.1369e+04	 3.3387e+00	 3.0006e-01	 3.5315e+02	 1.1447e+04
 9.0000e+05	 1.1369e+04	 3.3053e+00	 2.7705e-01	 3.5315e+02	 1.1455e+04
 1.0000e+02	 1.1452e+04	 5.7258e+00	 2.2562e-01	 3.5315e+02	 1.1463e+04
 1.5000e+02	 1.1452e+04	 5.6682e+00	 2.4106e-01	 3.5315e+02	 1.1466e+04
 2.2500e+02	 1.1452e+04	 5.6081e+00	 2.5787e-01	 3.5314e+02	 1.1469e+04
 3.3750e+02	 1.1452e+04	 5.5419e+00	 2.7729e-01	 3.5315e+02	 1.1471e+04
 5.0625e+02	 1.1452e+04	 5.4700e+00	 2.9866e-01	 3.5315e+02	 1.1474e+04
 7.5938e+02	 1.1452e+04	 5.3919e+00	 3.2120e-01	 3.5315e+02	 1.1476e+04
 1.1391e+03	 1.1452e+04	 5.3072e+00	 3.4490e-01	 3.5315e+02	 1.1479e+04
 1.7086e+03	 1.1452e+04	 5.2157e+00	 3.6883e-01	 3.5315e+02	 1.1481e+04
 2.5629e+03	 1.1452e+04	 5.1174e+00	 3.9284e-01	 3.5315e+02	 1.1486e+04
 3.8443e+03	 1.1452e+04	 5.0131e+00	 4.1624e-01	 3.5315e+02	 1.1489e+04
 5.7665e+03	 1.1452e+04	 4.9027e+00	 4.3962e-01	 3.5315e+02	 1.1492e+04
 8.6498e+03	 1.1452e+04	 4.7859e+00	 4.6299e-01	 3.5315e+02	 1.1497e+04
 1.2975e+04	 1.1452e+04	 4.6631e+00	 4.8617e-01	 3.5315e+02	 1.1499e+04
 1.9462e+04	 1.1452e+04	 4.2031e+00	 4.7182e-01	 3.5315e+02	 1.1502e+04
 2.9193e+04	 1.1452e+04	 4.0743e+00	 4.9102e-01	 3.5316e+02	 1.1504e+04
 4.3789e+04	 1.1452e+04	 3.9384e+00	 5.0591e-01	 3.5316e+02	 1.1507e+04
 6.5684e+04	 1.1452e+04	 3.7963e+00	 5.1340e-01	 3.5316e+02	 1.1509e+04
 9.8526e+04	 1.1452e+04	 3.6505e+00	 5.1116e-01	 3.5316e+02	 1.1512e+04
 1.4779e+05	 1.1452e+04	 3.5048e+00	 4.9624e-01	 3.5315e+02	 1.1514e+04
 2.2168e+05	 1.1452e+04	 3.6277e+00	 5.0410e-01	 3.5315e+02	 1.1517e+04
 3.3253e+05	 1.1452e+04	 3.4929e+00	 4.5992e-01	 3.5315e+02	 1.1520e+04
 4.9879e+05	 1.1452e+04	 3.3782e+00	 4.1017e-01	 3.5315e+02	 1.1522e+04
 7.4818e+05	 1.1452e+04	 3.3373e+00	 2.9933e-01	 3.5314e+02	 1.1531e+04
 9.0000e+05	 1.1452e+04	 3.3041e+00	 2.7624e-01	 3.5315e+02	 1.1538e+04
 1.0000e+02	 1.1535e+04	 5.7240e+00	 2.2632e-01	 3.5315e+02	 1.1546e+04
 1.5000e+02	 1.1535e+04	 5.6686e+00	 2.4027e-01	 3.5315e+02	 1.1549e+04
 2.2500e+02	 1.1535e+04	 5.6060e+00	 2.5846e-01	 3.5315e+02	 1.1551e+04
 3.3750e+02	 1.1535e+04	 5.5396e+00	 2.7805e-01	 3.5315e+02	 1.1554e+04
 5.0625e+02	 1.1535e+04	 5.4676e+00	 2.9939e-01	 3.5315e+02	 1.1556e+04
 7.5938e+02	 1.1535e+04	 5.3890e+00	 3.2193e-01	 3.5315e+02	 1.1559e+04
 1.1391e+03	 1.1535e+04	 5.3042e+00	 3.4552e-01	 3.5315e+02	 1.1562e+04
 1.7086e+03	 1.1535e+04	 5.2123e+00	 3.6929e-01	 3.5314e+02	 1.1564e+04
 2.5629e+03	 1.1535e+04	 5.1141e+00	 3.9313e-01	 3.5315e+02	 1.1569e+04
 3.8443e+03	 1.1535e+04	 5.0096e+00	 4.1667e-01	 3.5315e+02	 1.1572e+04
 5.7665e+03	 1.1535e+04	 4.8990e+00	 4.3986e-01	 3.5315e+02	 1.1574e+04
 8.6498e+03	 1.1535e+04	 4.7821e+00	 4.6307e-01	 3.5315e+02	 1.1580e+04
 1.2975e+04	 1.1535e+04	 4.6593e+00	 4.8612e-01	 3.5314e+02	 1.1582e+04
 1.9462e+04	 1.1535e+04	 4.1995e+00	 4.7171e-01	 3.5314e+02	 1.1585e+04
 2.9193e+04	 1.1535e+04	 4.0707e+00	 4.9054e-01	 3.5315e+02	 1.1587e+04
 4.3789e+04	 1.1535e+04	 3.9349e+00	 5.0536e-01	 3.5314e+02	 1.1590e+04
 6.5684e+04	 1.1535e+04	 3.7930e+00	 5.1272e-01	 3.5315e+02	 1.1592e+04
 9.8526e+04	 1.1535e+04	 3.6476e+00	 5.1039e-01	 3.5315e+02	 1.1595e+04
 1.4779e+05	 1.1535e+04	 3.5022e+00	 4.9514e-01	 3.5315e+02	 1.1598e+04
 2.2168e+05	 1.1535e+04	 3.6254e+00	 5.0291e-01	 3.5316e+02	 1.1600e+04
 3.3253e+05	 1.1535e+04	 3.4911e+00	 4.5887e-01	 3.5315e+02	 1.1603e+04
 4.9879e+05	 1.1535e+04	 3.3766e+00	 4.0929e-01	 3.5315e+02	 1.1605e+04
 7.4818e+05	 1.1535e+04	 3.3359e+00	 2.9848e-01	 3.5315e+02	 1.1613e+04
 9.0000e+05	 1.1535e+04	 3.3027e+00	 2.7562e-01	 3.5315e+02	 1.1621e+04
 1.0000e+02	 1.1618e+04	 5.7221e+00	 2.2687e-01	 3.5315e+02	 1.1629e+04
 1.5000e+02	 1.1618e+04	 5.6647e+00	 2.3972e-01	 3.5315e+02	 1.1632e+04
 2.2500e+02	 1.1618e+04	 5.6038e+00	 2.5931e-01	 3.5315e+02	 1.1634e+04
 3.3750e+02	 1.1618e+04	 5.5372e+00	 2.7865e-01	 3.5315e+02	 1.1636e+04
 5.0625e+02	 1.1618e+04	 5.4649e+00	 2.9995e-01	 3.5315e+02	 1.1639e+04
 7.5938e+02	 1.1618e+04	 5.3864e+00	 3.2263e-01	 3.5315e+02	 1.1642e+04
 1.1391e+03	 1.1618e+04	 5.3011e+00	 3.4588e-01	 3.5316e+02	 1.1644e+04
 1.7086e+03	 1.1618e+04	 5.2094e+00	 3.6987e-01	 3.5316e+02	 1.1647e+04
 2.5629e+03	 1.1618e+04	 5.1109e+00	 3.9350e-01	 3.5315e+02	 1.1652e+04
 3.8443e+03	 1.1618e+04	 5.0061e+00	 4.1690e-01	 3.5315e+02	 1.1654e+04
 5.7665e+03	 1.1618e+04	 4.8956e+00	 4.4008e-01	 3.5315e+02	 1.1657e+04
 8.6498e+03	 1.1618e+04	 4.7786e+00	 4.6311e-01	 3.5316e+02	 1.1662e+04
 1.2975e+04	 1.1618e+04	 4.6556e+00	 4.8603e-01	 3.5315e+02	 1.1665e+04
 1.9462e+04	 1.1618e+04	 4.1960e+00	 4.7150e-01	 3.5315e+02	 1.1668e+04
 2.9193e+04	 1.1618e+04	 4.0672e+00	 4.9020e-01	 3.5315e+02	 1.1670e+04
 4.3789e+04	 1.1618e+04	 3.9315e+00	 5.0478e-01	 3.5315e+02	 1.1673e+04
 6.5684e+04	 1.1618e+04	 3.7897e+00	 5.1198e-01	 3.5315e+02	 1.1675e+04
 9.8526e+04	 1.1618e+04	 3.6445e+00	 5.0935e-01	 3.5315e+02	 1.1678e+04
 1.4779e+05	 1.1618e+04	 3.4993e+00	 4.9401e-01	 3.5314e+02	 1.1680e+04
 2.2168e+05	 1.1618e+04	 3.6228e+00	 5.0167e-01	 3.5315e+02	 1.1683e+04
 3.3253e+05	 1.1618e+04	 3.4888e+00	 4.5762e-01	 3.5314e+02	 1.1686e+04
 4.9879e+05	 1.1618e+04	 3.3747e+00	 4.0811e-01	 3.5314e+02	 1.1688e+04
 7.4818e+05	 1.1618e+04	 3.3344e+00	 2.9774e-01	 3.5314e+02	 1.1696e+04
 9.0000e+05	 1.1618e+04	 3.3011e+00	 2.7475e-01	 3.5314e+02	 1.1704e+04
 1.0000e+02	 1.1701e+04	 5.7199e+00	 2.2775e-01	 3.5314e+02	 1.1712e+04
 1.5000e+02	 1.1701e+04	 5.6627e+00	 2.4297e-01	 3.5315e+02	 1.1715e+04
 2.2500e+02	 1.1701e+04	 5.6012e+00	 2.5998e-01	 3.5315e+02	 1.1718e+04
 3.3750e+02	 1.1701e+04	 5.5344e+00	 2.7954e-01	 3.5315e+02	 1.1720e+04
 5.0625e+02	 1.1701e+04	 5.4619e+00	 3.0068e-01	 3.5315e+02	 1.1723e+04
 7.5938e+02	 1.1701e+04	 5.3832e+00	 3.2335e-01	 3.5314e+02	 1.1725e+04
 1.1391e+03	 1.1701e+04	 5.2978e+00	 3.4663e-01	 3.5316e+02	 1.1728e+04
 1.7086e+03	 1.1701e+04	 5.2059e+00	 3.7040e-01	 3.5315e+02	 1.1730e+04
 2.5629e+03	 1.1701e+04	 5.1073e+00	 3.9403e-01	 3.5316e+02	 1.1735e+04
 3.8443e+03	 1.1701e+04	 5.0025e+00	 4.1719e-01	 3.5316e+02	 1.1738e+04
 5.7665e+03	 1.1701e+04	 4.8919e+00	 4.4024e-01	 3.5315e+02	 1.1740e+04
 8.6498e+03	 1.1701e+04	 4.7750e+00	 4.6317e-01	 3.5315e+02	 1.1746e+04
 1.2975e+04	 1.1701e+04	 4.6521e+00	 4.8608e-01	 3.5316e+02	 1.1748e+04
 1.9462e+04	 1.1701e+04	 4.1928e+00	 4.7135e-01	 3.5316e+02	 1.1751e+04
 2.9193e+04	 1.1701e+04	 4.0642e+00	 4.8988e-01	 3.5316e+02	 1.1753e+04
 4.3789e+04	 1.1701e+04	 3.9286e+00	 5.0416e-01	 3.5315e+02	 1.1756e+04
 6.5684e+04	 1.1701e+04	 3.7871e+00	 5.1133e-01	 3.5316e+02	 1.1758e+04
 9.8526e+04	 1.1701e+04	 3.6421e+00	 5.0864e-01	 3.5315e+02	 1.1761e+04
 1.4779e+05	 1.1701e+04	 3.4974e+00	 4.9324e-01	 3.5315e+02	 1.1764e+04
 2.2168e+05	 1.1701e+04	 3.6211e+00	 5.0073e-01	 3.5316e+02	 1.1766e+04
 3.3253e+05	 1.1701e+04	 3.4873e+00	 4.5675e-01	 3.5316e+02	 1.1769e+04
 4.9879e+05	 1.1701e+04	 3.3733e+00	 4.0737e-01	 3.5316e+02	 1.1771e+04
 7.4818e+05	 1.1701e+04	 3.3333e+00	 2.9707e-01	 3.5315e+02	 1.1779e+04
 9.0000e+05	 1.1701e+04	 3.3001e+00	 2.7414e-01	 3.5316e+02	 1.1787e+04
 1.0000e+02	 1.1784e+04	 5.7184e+00	 2.2852e-01	 3.5315e+02	 1.1795e+04
 1.5000e+02	 1.1784e+04	 5.6595e+00	 2.4346e-01	 3.5315e+02	 1.1797e+04
 2.2500e+02	 1.1784e+04	 5.5991e+00	 2.6077e-01	 3.5315e+02	 1.1800e+04
 3.3750e+02	 1.1784e+04	 5.5321e+00	 2.8033e-01	 3.5315e+02	 1.1802e+04
 5.0625e+02	 1.1784e+04	 5.4595e+00	 3.0154e-01	 3.5315e+02	 1.1805e+04
 7.5938e+02	 1.1784e+04	 5.3802e+00	 3.2422e-01	 3.5315e+02	 1.1808e+04
 1.1391e+03	 1.1784e+04	 5.2947e+00	 3.4748e-01	 3.5315e+02	 1.1810e+04
 1.7086e+03	 1.1784e+04	 5.2024e+00	 3.7086e-01	 3.5315e+02	 1.1813e+04
 2.5629e+03	 1.1784e+04	 5.1038e+00	 3.9434e-01	 3.5314e+02	 1.1818e+04
 3.8443e+03	 1.1784e+04	 4.9986e+00	 4.1754e-01	 3.5315e+02	 1.1820e+04
 5.7665e+03	 1.1784e+04	 4.8878e+00	 4.4040e-01	 3.5314e+02	 1.1823e+04
 8.6498e+03	 1.1784e+04	 4.7706e+00	 4.6321e-01	 3.5314e+02	 1.1828e+04
 1.2975e+04	 1.1784e+04	 4.6477e+00	 4.8592e-01	 3.5314e+02	 1.1831e+04
 1.9462e+04	 1.1784e+04	 4.1887e+00	 4.7117e-01	 3.5314e+02	 1.1834e+04
 2.9193e+04	 1.1784e+04	 4.0600e+00	 4.8952e-01	 3.5314e+02	 1.1836e+04
 4.3789e+04	 1.1784e+04	 3.9245e+00	 5.0354e-01	 3.5314e+02	 1.1839e+04
 6.5684e+04	 1.1784e+04	 3.7832e+00	 5.1045e-01	 3.5314e+02	 1.1841e+04
 9.8526e+04	 1.1784e+04	 3.6387e+00	 5.0731e-01	 3.5314e+02	 1.1844e+04
 1.4779e+05	 1.1784e+04	 3.4944e+00	 4.9183e-01	 3.5315e+02	 1.1847e+04
 2.2168e+05	 1.1784e+04	 3.6181e+00	 4.9934e-01	 3.5314e+02	 1.1849e+04
 3.3253e+05	 1.1784e+04	 3.4849e+00	 4.5550e-01	 3.5315e+02	 1.1852e+04
 4.9879e+05	 1.1784e+04	 3.3714e+00	 4.0639e-01	 3.5315e+02	 1.1854e+04
 7.4818e+05	 1.1784e+04	 3.3316e+00	 2.9620e-01	 3.5315e+02	 1.1862e+04
 9.0000e+05	 1.1784e+04	 3.2987e+00	 2.7338e-01	 3.5315e+02	 1.1870e+04
 1.0000e+02	 1.1867e+04	 5.7163e+00	 2.2917e-01	 3.5315e+02	 1.1878e+04
 1.5000e+02	 1.1867e+04	 5.6601e+00	 2.4447e-01	 3.5315e+02	 1.1881e+04
 2.2500e+02	 1.1867e+04	 5.5968e+00	 2.6165e-01	 3.5316e+02	 1.1884e+04
 3.3750e+02	 1.1867e+04	 5.5296e+00	 2.8092e-01	 3.5315e+02	 1.1886e+04
 5.0625e+02	 1.1867e+04	 5.4566e+00	 3.0228e-01	 3.5315e+02	 1.1888e+04
 7.5938e+02	 1.1867e+04	 5.3774e+00	 3.2479e-01	 3.5315e+02	 1.1891e+04
 1.1391e+03	 1.1867e+04	 5.2915e+00	 3.4804e-01	 3.5315e+02	 1.1894e+04
 1.7086e+03	 1.1867e+04	 5.1992e+00	 3.7142e-01	 3.5315e+02	 1.1896e+04
 2.5629e+03	 1.1867e+04	 5.1002e+00	 3.9484e-01	 3.5315e+02	 1.1901e+04
 3.8443e+03	 1.1867e+04	 4.9953e+00	 4.1789e-01	 3.5315e+02	 1.1904e+04
 5.7665e+03	 1.1867e+04	 4.8844e+00	 4.4060e-01	 3.5314e+02	 1.1907e+04
 8.6498e+03	 1.1867e+04	 4.7673e+00	 4.6336e-01	 3.5315e+02	 1.1912e+04
 1.2975e+04	 1.1867e+04	 4.6442e+00	 4.8599e-01	 3.5315e+02	 1.1914e+04
 1.9462e+04	 1.1867e+04	 4.1856e+00	 4.7096e-01	 3.5315e+02	 1.1917e+04
 2.9193e+04	 1.1867e+04	 4.0570e+00	 4.8922e-01	 3.5316e+02	 1.1919e+04
 4.3789e+04	 1.1867e+04	 3.9216e+00	 5.0300e-01	 3.5315e+02	 1.1922e+04
 6.5684e+04	 1.1867e+04	 3.7805e+00	 5.0970e-01	 3.5315e+02	 1.1925e+04
 9.8526e+04	 1.1867e+04	 3.6362e+00	 5.0667e-01	 3.5315e+02	 1.1927e+04
 1.4779e+05	 1.1867e+04	 3.4921e+00	 4.9116e-01	 3.5316e+02	 1.1930e+04
 2.2168e+05	 1.1867e+04	 3.6162e+00	 4.9841e-01	 3.5315e+02	 1.1932e+04
 3.3253e+05	 1.1867e+04	 3.4832e+00	 4.5456e-01	 3.5315e+02	 1.1935e+04
 4.9879e+05	 1.1867e+04	 3.3700e+00	 4.0553e-01	 3.5315e+02	 1.1937e+04
 7.4818e+05	 1.1867e+04	 3.3303e+00	 2.9526e-01	 3.5315e+02	 1.1945e+04
 9.0000e+05	 1.1867e+04	 3.2972e+00	 2.7277e-01	 3.5314e+02	 1.1953e+04
 1.0000e+02	 1.1950e+04	 5.7140e+00	 2.3004e-01	 3.5314e+02	 1.1962e+04
 1.5000e+02	 1.1950e+04	 5.6568e+00	 2.4505e-01	 3.5314e+02	 1.1964e+04
 2.2500e+02	 1.1950e+04	 5.5940e+00	 2.6243e-01	 3.5314e+02	 1.1967e+04
 3.3750e+02	 1.1950e+04	 5.5264e+00	 2.8182e-01	 3.5314e+02	 1.1969e+04
 5.0625e+02	 1.1950e+04	 5.4534e+00	 3.0301e-01	 3.5314e+02	 1.1972e+04
 7.5938e+02	 1.1950e+04	 5.3738e+00	 3.2528e-01	 3.5314e+02	 1.1974e+04
 1.1391e+03	 1.1950e+04	 5.2878e+00	 3.4870e-01	 3.5314e+02	 1.1977e+04
 1.7086e+03	 1.1950e+04	 5.1954e+00	 3.7193e-01	 3.5315e+02	 1.1980e+04
 2.5629e+03	 1.1950e+04	 5.0964e+00	 3.9522e-01	 3.5315e+02	 1.1985e+04
 3.8443e+03	 1.1950e+04	 4.9914e+00	 4.1822e-01	 3.5314e+02	 1.1987e+04
 5.7665e+03	 1.1950e+04	 4.8806e+00	 4.4083e-01	 3.5315e+02	 1.1990e+04
 8.6498e+03	 1.1950e+04	 4.7635e+00	 4.6340e-01	 3.5315e+02	 1.1995e+04
 1.2975e+04	 1.1950e+04	 4.6407e+00	 4.8597e-01	 3.5314e+02	 1.1997e+04
 1.9462e+04	 1.1950e+04	 4.1823e+00	 4.7083e-01	 3.5314e+02	 1.2000e+04
 2.9193e+04	 1.1950e+04	 4.0537e+00	 4.8887e-01	 3.5315e+02	 1.2002e+04
 4.3789e+04	 1.1950e+04	 3.9183e+00	 5.0261e-01	 3.5314e+02	 1.2005e+04
 6.5684e+04	 1.1950e+04	 3.7775e+00	 5.0904e-01	 3.5315e+02	 1.2007e+04
 9.8526e+04	 1.1950e+04	 3.6335e+00	 5.0571e-01	 3.5316e+02	 1.2010e+04
 1.4779e+05	 1.1950e+04	 3.4897e+00	 4.9008e-01	 3.5316e+02	 1.2013e+04
 2.2168e+05	 1.1950e+04	 3.6141e+00	 4.9733e-01	 3.5315e+02	 1.2015e+04
 3.3253e+05	 1.1950e+04	 3.4815e+00	 4.5362e-01	 3.5316e+02	 1.2018e+04
 4.9879e+05	 1.1950e+04	 3.3686e+00	 4.0472e-01	 3.5316e+02	 1.2021e+04
 7.4818e+05	 1.1950e+04	 3.3291e+00	 2.9472e-01	 3.5316e+02	 1.2028e+04
 9.0000e+05	 1.1950e+04	 3.2962e+00	 2.7229e-01	 3.5315e+02	 1.2036e+04
 1.0000e+02	 1.2033e+04	 5.7127e+00	 2.3073e-01	 3.5316e+02	 1.2044e+04
 1.5000e+02	 1.2033e+04	 5.6562e+00	 2.4404e-01	 3.5316e+02	 1.2047e+04
 2.2500e+02	 1.2033e+04	 5.5924e+00	 2.6295e-01	 3.5316e+02	 1.2049e+04
 3.3750e+02	 1.2033e+04	 5.5249e+00	 2.8238e-01	 3.5316e+02	 1.2052e+04
 5.0625e+02	 1.2033e+04	 5.4515e+00	 3.0376e-01	 3.5316e+02	 1.2054e+04
 7.5938e+02	 1.2033e+04	 5.3718e+00	 3.2595e-01	 3.5316e+02	 1.2057e+04
 1.1391e+03	 1.2033e+04	 5.2858e+00	 3.4922e-01	 3.5316e+02	 1.2060e+04
 1.7086e+03	 1.2033e+04	 5.1931e+00	 3.7244e-01	 3.5316e+02	 1.2062e+04
 2.5629e+03	 1.2033e+04	 5.0938e+00	 3.9565e-01	 3.5316e+02	 1.2068e+04
 3.8443e+03	 1.2033e+04	 4.9885e+00	 4.1837e-01	 3.5316e+02	 1.2070e+04
 5.7665e+03	 1.2033e+04	 4.8775e+00	 4.4108e-01	 3.5315e+02	 1.2073e+04
 8.6498e+03	 1.2033e+04	 4.7602e+00	 4.6348e-01	 3.5314e+02	 1.2078e+04
 1.2975e+04	 1.2033e+04	 4.6371e+00	 4.8581e-01	 3.5315e+02	 1.2080e+04
 1.9462e+04	 1.2033e+04	 4.1788e+00	 4.7059e-01	 3.5314e+02	 1.2083e+04
 2.9193e+04	 1.2033e+04	 4.0501e+00	 4.8856e-01	 3.5315e+02	 1.2086e+04
 4.3789e+04	 1.2033e+04	 3.9149e+00	 5.0200e-01	 3.5314e+02	 1.2089e+04
 6.5684e+04	 1.2033e+04	 3.7742e+00	 5.0815e-01	 3.5315e+02	 1.2091e+04
 9.8526e+04	 1.2033e+04	 3.6304e+00	 5.0451e-01	 3.5314e+02	 1.2094e+04
 1.4779e+05	 1.2033e+04	 3.4870e+00	 4.8873e-01	 3.5314e+02	 1.2097e+04
 2.2168e+05	 1.2033e+04	 3.6114e+00	 4.9603e-01	 3.5315e+02	 1.2099e+04
 3.3253e+05	 1.2033e+04	 3.4793e+00	 4.5238e-01	 3.5315e+02	 1.2102e+04
 4.9879e+05	 1.2033e+04	 3.3667e+00	 4.0358e-01	 3.5315e+02	 1.2105e+04
 7.4818e+05	 1.2033e+04	 3.3275e+00	 2.9381e-01	 3.5315e+02	 1.2112e+04
 9.0000e+05	 1.2033e+04	 3.2948e+00	 2.7138e-01	 3.5315e+02	 1.2120e+04
 1.0000e+02	 1.2117e+04	 5.7105e+00	 2.3128e-01	 3.5315e+02	 1.2128e+04
 1.5000e+02	 1.2117e+04	 5.6527e+00	 2.4585e-01	 3.5316e+02	 1.2131e+04
 2.2500e+02	 1.2117e+04	 5.5899e+00	 2.6385e-01	 3.5315e+02	 1.2134e+04
 3.3750e+02	 1.2117e+04	 5.5220e+00	 2.8326e-01	 3.5315e+02	 1.2136e+04
 5.0625e+02	 1.2117e+04	 5.4485e+00	 3.0438e-01	 3.5315e+02	 1.2139e+04
 7.5938e+02	 1.2117e+04	 5.3687e+00	 3.2678e-01	 3.5315e+02	 1.2141e+04
 1.1391e+03	 1.2117e+04	 5.2823e+00	 3.4964e-01	 3.5316e+02	 1.2144e+04
 1.7086e+03	 1.2117e+04	 5.1894e+00	 3.7291e-01	 3.5315e+02	 1.2146e+04
 2.5629e+03	 1.2117e+04	 5.0900e+00	 3.9607e-01	 3.5315e+02	 1.2151e+04
 3.8443e+03	 1.2117e+04	 4.9847e+00	 4.1868e-01	 3.5315e+02	 1.2154e+04
 5.7665e+03	 1.2117e+04	 4.8738e+00	 4.4118e-01	 3.5315e+02	 1.2156e+04
 8.6498e+03	 1.2117e+04	 4.7565e+00	 4.6359e-01	 3.5314e+02	 1.2161e+04
 1.2975e+04	 1.2117e+04	 4.6334e+00	 4.8583e-01	 3.5315e+02	 1.2164e+04
 1.9462e+04	 1.2117e+04	 4.1756e+00	 4.7041e-01	 3.5315e+02	 1.2166e+04
 2.9193e+04	 1.2117e+04	 4.0471e+00	 4.8807e-01	 3.5315e+02	 1.2169e+04
 4.3789e+04	 1.2117e+04	 3.9120e+00	 5.0146e-01	 3.5315e+02	 1.2172e+04
 6.5684e+04	 1.2117e+04	 3.7713e+00	 5.0728e-01	 3.5315e+02	 1.2174e+04
 9.8526e+04	 1.2117e+04	 3.6279e+00	 5.0358e-01	 3.5315e+02	 1.2177e+04
 1.4779e+05	 1.2117e+04	 3.7835e+00	 5.0852e-01	 3.5315e+02	 1.2179e+04
 2.2168e+05	 1.2117e+04	 3.6095e+00	 4.9497e-01	 3.5315e+02	 1.2182e+04
 3.3253e+05	 1.2117e+04	 3.4775e+00	 4.5141e-01	 3.5314e+02	 1.2184e+04
 4.9879e+05	 1.2117e+04	 3.3652e+00	 4.0276e-01	 3.5314e+02	 1.2187e+04
 7.4818e+05	 1.2117e+04	 3.3261e+00	 2.9312e-01	 3.5314e+02	 1.2195e+04
 9.0000e+05	 1.2117e+04	 3.2935e+00	 2.7065e-01	 3.5315e+02	 1.2203e+04
 1.0000e+02	 1.2200e+04	 5.7086e+00	 2.3217e-01	 3.5315e+02	 1.2211e+04
 1.5000e+02	 1.2200e+04	 5.6501e+00	 2.4727e-01	 3.5315e+02	 1.2213e+04
 2.2500e+02	 1.2200e+04	 5.5875e+00	 2.6458e-01	 3.5314e+02	 1.2216e+04
 3.3750e+02	 1.2200e+04	 5.5193e+00	 2.8406e-01	 3.5314e+02	 1.2218e+04
 5.0625e+02	 1.2200e+04	 5.4455e+00	 3.0503e-01	 3.5314e+02	 1.2221e+04
 7.5938e+02	 1.2200e+04	 5.3651e+00	 3.2759e-01	 3.5314e+02	 1.2224e+04
 1.1391e+03	 1.2200e+04	 5.2787e+00	 3.5028e-01	 3.5314e+02	 1.2226e+04
 1.7086e+03	 1.2200e+04	 5.1857e+00	 3.7351e-01	 3.5314e+02	 1.2229e+04
 2.5629e+03	 1.2200e+04	 5.0860e+00	 3.9649e-01	 3.5314e+02	 1.2234e+04
 3.8443e+03	 1.2200e+04	 4.9807e+00	 4.1902e-01	 3.5314e+02	 1.2237e+04
 5.7665e+03	 1.2200e+04	 4.8696e+00	 4.4143e-01	 3.5314e+02	 1.2240e+04
 8.6498e+03	 1.2200e+04	 4.7524e+00	 4.6362e-01	 3.5314e+02	 1.2245e+04
 1.2975e+04	 1.2200e+04	 4.6295e+00	 4.8583e-01	 3.5314e+02	 1.2247e+04
 1.9462e+04	 1.2200e+04	 4.4683e+00	 3.5949e-01	 3.5314e+02	 1.2250e+04
 2.9193e+04	 1.2200e+04	 4.3077e+00	 3.6568e-01	 3.5314e+02	 1.2252e+04
 4.3789e+04	 1.2200e+04	 4.2388e+00	 4.8662e-01	 3.5315e+02	 1.2255e+04
 6.5684e+04	 1.2200e+04	 4.0900e+00	 5.1471e-01	 3.5314e+02	 1.2257e+04
 9.8526e+04	 1.2200e+04	 3.9352e+00	 5.2411e-01	 3.5315e+02	 1.2260e+04
 1.4779e+05	 1.2200e+04	 3.7806e+00	 5.1521e-01	 3.5315e+02	 1.2263e+04
 2.2168e+05	 1.2200e+04	 3.6072e+00	 4.9387e-01	 3.5315e+02	 1.2265e+04
 3.3253e+05	 1.2200e+04	 3.4757e+00	 4.5043e-01	 3.5315e+02	 1.2268e+04
 4.9879e+05	 1.2200e+04	 3.3637e+00	 4.0192e-01	 3.5315e+02	 1.2271e+04
 7.4818e+05	 1.2200e+04	 3.3250e+00	 2.9229e-01	 3.5316e+02	 1.2278e+04
 9.0000e+05	 1.2200e+04	 3.2923e+00	 2.7010e-01	 3.5316e+02	 1.2286e+04
 1.0000e+02	 1.2283e+04	 5.7069e+00	 2.3295e-01	 3.5317e+02	 1.2294e+04
 1.5000e+02	 1.2283e+04	 5.6488e+00	 2.4754e-01	 3.5316e+02	 1.2297e+04
 2.2500e+02	 1.2283e+04	 5.5852e+00	 2.6523e-01	 3.5316e+02	 1.2299e+04
 3.3750e+02	 1.2283e+04	 5.5169e+00	 2.8479e-01	 3.5316e+02	 1.2302e+04
 5.0625e+02	 1.2283e+04	 5.4428e+00	 3.0572e-01	 3.5316e+02	 1.2304e+04
 7.5938e+02	 1.2283e+04	 5.3625e+00	 3.2804e-01	 3.5315e+02	 1.2306e+04
 1.1391e+03	 1.2283e+04	 5.2760e+00	 3.5098e-01	 3.5315e+02	 1.2309e+04
 1.7086e+03	 1.2283e+04	 5.1827e+00	 3.7403e-01	 3.5315e+02	 1.2312e+04
 2.5629e+03	 1.2283e+04	 5.0831e+00	 3.9686e-01	 3.5315e+02	 1.2317e+04
 3.8443e+03	 1.2283e+04	 4.9777e+00	 4.1927e-01	 3.5316e+02	 1.2319e+04
 5.7665e+03	 1.2283e+04	 4.8665e+00	 4.4148e-01	 3.5315e+02	 1.2322e+04
 8.6498e+03	 1.2283e+04	 4.7491e+00	 4.6361e-01	 3.5315e+02	 1.2327e+04
 1.2975e+04	 1.2283e+04	 4.6261e+00	 4.8575e-01	 3.5315e+02	 1.2330e+04
 1.9462e+04	 1.2283e+04	 4.5084e+00	 4.1762e-01	 3.5315e+02	 1.2333e+04
 2.9193e+04	 1.2283e+04	 4.3792e+00	 4.6305e-01	 3.5316e+02	 1.2335e+04
 4.3789e+04	 1.2283e+04	 4.2379e+00	 4.9888e-01	 3.5315e+02	 1.2338e+04
 6.5684e+04	 1.2283e+04	 4.0873e+00	 5.2158e-01	 3.5315e+02	 1.2340e+04
 9.8526e+04	 1.2283e+04	 3.9319e+00	 5.2720e-01	 3.5315e+02	 1.2343e+04
 1.4779e+05	 1.2283e+04	 3.7777e+00	 5.1493e-01	 3.5315e+02	 1.2345e+04
 2.2168e+05	 1.2283e+04	 3.6047e+00	 4.9274e-01	 3.5315e+02	 1.2348e+04
 3.3253e+05	 1.2283e+04	 3.4736e+00	 4.4933e-01	 3.5315e+02	 1.2351e+04
 4.9879e+05	 1.2283e+04	 3.3620e+00	 4.0085e-01	 3.5315e+02	 1.2353e+04
 7.4818e+05	 1.2283e+04	 3.3233e+00	 2.9143e-01	 3.5315e+02	 1.2361e+04
 9.0000e+05	 1.2283e+04	 3.2908e+00	 2.6908e-01	 3.5314e+02	 1.2369e+04
 1.0000e+02	 1.2366e+04	 5.7046e+00	 2.3353e-01	 3.5314e+02	 1.2377e+04
 1.5000e+02	 1.2366e+04	 5.6481e+00	 2.4830e-01	 3.5314e+02	 1.2379e+04
 2.2500e+02	 1.2366e+04	 5.5827e+00	 2.6611e-01	 3.5315e+02	 1.2382e+04
 3.3750e+02	 1.2366e+04	 5.5140e+00	 2.8544e-01	 3.5315e+02	 1.2384e+04
 5.0625e+02	 1.2366e+04	 5.4399e+00	 3.0643e-01	 3.5315e+02	 1.2387e+04
 7.5938e+02	 1.2366e+04	 5.3595e+00	 3.2875e-01	 3.5316e+02	 1.2390e+04
 1.1391e+03	 1.2366e+04	 5.2727e+00	 3.5153e-01	 3.5316e+02	 1.2392e+04
 1.7086e+03	 1.2366e+04	 5.1795e+00	 3.7450e-01	 3.5315e+02	 1.2395e+04
 2.5629e+03	 1.2366e+04	 5.0798e+00	 3.9720e-01	 3.5316e+02	 1.2400e+04
 3.8443e+03	 1.2366e+04	 4.9743e+00	 4.1951e-01	 3.5316e+02	 1.2402e+04
 5.7665e+03	 1.2366e+04	 4.8631e+00	 4.4171e-01	 3.5316e+02	 1.2405e+04
 8.6498e+03	 1.2366e+04	 4.7457e+00	 4.6365e-01	 3.5315e+02	 1.2410e+04
 1.2975e+04	 1.2366e+04	 4.6227e+00	 4.8565e-01	 3.5315e+02	 1.2413e+04
 1.9462e+04	 1.2366e+04	 4.5064e+00	 4.2028e-01	 3.5315e+02	 1.2415e+04
 2.9193e+04	 1.2366e+04	 4.3766e+00	 4.6649e-01	 3.5315e+02	 1.2418e+04
 4.3789e+04	 1.2366e+04	 4.2355e+00	 5.0385e-01	 3.5315e+02	 1.2420e+04
 6.5684e+04	 1.2366e+04	 4.0842e+00	 5.2291e-01	 3.5315e+02	 1.2423e+04
 9.8526e+04	 1.2366e+04	 3.9291e+00	 5.2751e-01	 3.5315e+02	 1.2425e+04
 1.4779e+05	 1.2366e+04	 3.7750e+00	 5.1573e-01	 3.5314e+02	 1.2428e+04
 2.2168e+05	 1.2366e+04	 3.6025e+00	 4.9167e-01	 3.5314e+02	 1.2430e+04
 3.3253e+05	 1.2366e+04	 3.4718e+00	 4.4827e-01	 3.5315e+02	 1.2433e+04
 4.9879e+05	 1.2366e+04	 3.3603e+00	 4.0003e-01	 3.5315e+02	 1.2436e+04
 7.4818e+05	 1.2366e+04	 3.3220e+00	 2.9069e-01	 3.5314e+02	 1.2444e+04
 9.0000e+05	 1.2366e+04	 3.2896e+00	 2.6859e-01	 3.5315e+02	 1.2451e+04
 1.0000e+02	 1.2448e+04	 5.7027e+00	 2.3440e-01	 3.5316e+02	 1.2459e+04
 1.5000e+02	 1.2448e+04	 5.6449e+00	 2.5021e-01	 3.5315e+02	 1.2462e+04
 2.2500e+02	 1.2448e+04	 5.5804e+00	 2.6664e-01	 3.5315e+02	 1.2465e+04
 3.3750e+02	 1.2448e+04	 5.5117e+00	 2.8617e-01	 3.5315e+02	 1.2467e+04
 5.0625e+02	 1.2448e+04	 5.4373e+00	 3.0718e-01	 3.5315e+02	 1.2470e+04
 7.5938e+02	 1.2448e+04	 5.3564e+00	 3.2924e-01	 3.5315e+02	 1.2472e+04
 1.1391e+03	 1.2448e+04	 5.2695e+00	 3.5195e-01	 3.5314e+02	 1.2475e+04
 1.7086e+03	 1.2448e+04	 5.1759e+00	 3.7500e-01	 3.5315e+02	 1.2477e+04
 2.5629e+03	 1.2448e+04	 5.0762e+00	 3.9742e-01	 3.5314e+02	 1.2482e+04
 3.8443e+03	 1.2448e+04	 4.9705e+00	 4.1986e-01	 3.5315e+02	 1.2485e+04
 5.7665e+03	 1.2448e+04	 4.8593e+00	 4.4186e-01	 3.5315e+02	 1.2487e+04
 8.6498e+03	 1.2448e+04	 4.7420e+00	 4.6377e-01	 3.5314e+02	 1.2492e+04
 1.2975e+04	 1.2448e+04	 4.6190e+00	 4.8570e-01	 3.5315e+02	 1.2495e+04
 1.9462e+04	 1.2448e+04	 4.5009e+00	 4.1695e-01	 3.5314e+02	 1.2498e+04
 2.9193e+04	 1.2448e+04	 4.3732e+00	 4.6737e-01	 3.5315e+02	 1.2500e+04
 4.3789e+04	 1.2448e+04	 4.2317e+00	 5.0303e-01	 3.5315e+02	 1.2503e+04
 6.5684e+04	 1.2448e+04	 4.0809e+00	 5.2240e-01	 3.5315e+02	 1.2505e+04
 9.8526e+04	 1.2448e+04	 3.9261e+00	 5.2687e-01	 3.5315e+02	 1.2508e+04
 1.4779e+05	 1.2448e+04	 3.7726e+00	 5.1424e-01	 3.5315e+02	 1.2510e+04
 2.2168e+05	 1.2448e+04	 3.6003e+00	 4.9060e-01	 3.5315e+02	 1.2513e+04
 3.3253e+05	 1.2448e+04	 3.4700e+00	 4.4725e-01	 3.5315e+02	 1.2516e+04
 4.9879e+05	 1.2448e+04	 3.3587e+00	 3.9896e-01	 3.5314e+02	 1.2518e+04
 7.4818e+05	 1.2448e+04	 3.3205e+00	 2.8977e-01	 3.5312e+02	 1.2526e+04
 9.0000e+05	 1.2448e+04	 3.2880e+00	 2.6776e-01	 3.5313e+02	 1.2534e+04
 1.0000e+02	 1.2531e+04	 5.7005e+00	 2.3533e-01	 3.5314e+02	 1.2542e+04
 1.5000e+02	 1.2531e+04	 5.6393e+00	 2.5054e-01	 3.5315e+02	 1.2544e+04
 2.2500e+02	 1.2531e+04	 5.5779e+00	 2.6755e-01	 3.5315e+02	 1.2547e+04
 3.3750e+02	 1.2531e+04	 5.5093e+00	 2.8692e-01	 3.5316e+02	 1.2549e+04
 5.0625e+02	 1.2531e+04	 5.4348e+00	 3.0787e-01	 3.5316e+02	 1.2552e+04
 7.5938e+02	 1.2531e+04	 5.3540e+00	 3.2997e-01	 3.5315e+02	 1.2554e+04
 1.1391e+03	 1.2531e+04	 5.2668e+00	 3.5294e-01	 3.5316e+02	 1.2557e+04
 1.7086e+03	 1.2531e+04	 5.1732e+00	 3.7531e-01	 3.5315e+02	 1.2560e+04
 2.5629e+03	 1.2531e+04	 5.0735e+00	 3.9806e-01	 3.5315e+02	 1.2565e+04
 3.8443e+03	 1.2531e+04	 4.9678e+00	 4.2009e-01	 3.5315e+02	 1.2567e+04
 5.7665e+03	 1.2531e+04	 4.8565e+00	 4.4198e-01	 3.5316e+02	 1.2570e+04
 8.6498e+03	 1.2531e+04	 4.7390e+00	 4.6389e-01	 3.5315e+02	 1.2575e+04
 1.2975e+04	 1.2531e+04	 4.6160e+00	 4.8565e-01	 3.5315e+02	 1.2578e+04
 1.9462e+04	 1.2531e+04	 4.4994e+00	 4.1939e-01	 3.5316e+02	 1.2580e+04
 2.9193e+04	 1.2531e+04	 4.3713e+00	 4.7070e-01	 3.5316e+02	 1.2583e+04
 4.3789e+04	 1.2531e+04	 4.2290e+00	 5.0410e-01	 3.5316e+02	 1.2585e+04
 6.5684e+04	 1.2531e+04	 4.0782e+00	 5.2231e-01	 3.5316e+02	 1.2588e+04
 9.8526e+04	 1.2531e+04	 3.9237e+00	 5.2704e-01	 3.5316e+02	 1.2591e+04
 1.4779e+05	 1.2531e+04	 3.7705e+00	 5.1514e-01	 3.5316e+02	 1.2593e+04
 2.2168e+05	 1.2531e+04	 3.5988e+00	 4.8971e-01	 3.5317e+02	 1.2596e+04
 3.3253e+05	 1.2531e+04	 3.4686e+00	 4.4648e-01	 3.5316e+02	 1.2599e+04
 4.9879e+05	 1.2531e+04	 3.3577e+00	 3.9837e-01	 3.5316e+02	 1.2601e+04
 7.4818e+05	 1.2531e+04	 3.3198e+00	 2.8949e-01	 3.5316e+02	 1.2609e+04
 9.0000e+05	 1.2531e+04	 3.2874e+00	 2.6722e-01	 3.5316e+02	 1.2617e+04
 1.0000e+02	 1.2614e+04	 5.6995e+00	 2.3576e-01	 3.5315e+02	 1.2625e+04
 1.5000e+02	 1.2614e+04	 5.6398e+00	 2.5060e-01	 3.5315e+02	 1.2627e+04
 2.2500e+02	 1.2614e+04	 5.5758e+00	 2.6813e-01	 3.5315e+02	 1.2630e+04
 3.3750e+02	 1.2614e+04	 5.5066e+00	 2.8753e-01	 3.5314e+02	 1.2633e+04
 5.0625e+02	 1.2614e+04	 5.4319e+00	 3.0859e-01	 3.5315e+02	 1.2635e+04
 7.5938e+02	 1.2614e+04	 5.3508e+00	 3.3065e-01	 3.5315e+02	 1.2638e+04
 1.1391e+03	 1.2614e+04	 5.2636e+00	 3.5311e-01	 3.5314e+02	 1.2640e+04
 1.7086e+03	 1.2614e+04	 5.1697e+00	 3.7580e-01	 3.5315e+02	 1.2643e+04
 2.5629e+03	 1.2614e+04	 5.0697e+00	 3.9825e-01	 3.5316e+02	 1.2648e+04
 3.8443e+03	 1.2614e+04	 4.9640e+00	 4.2036e-01	 3.5315e+02	 1.2651e+04
 5.7665e+03	 1.2614e+04	 4.8527e+00	 4.4222e-01	 3.5315e+02	 1.2653e+04
 8.6498e+03	 1.2614e+04	 4.7354e+00	 4.6385e-01	 3.5315e+02	 1.2658e+04
 1.2975e+04	 1.2614e+04	 4.6121e+00	 4.8547e-01	 3.5315e+02	 1.2661e+04
 1.9462e+04	 1.2614e+04	 4.5009e+00	 4.3243e-01	 3.5315e+02	 1.2663e+04
 2.9193e+04	 1.2614e+04	 4.3687e+00	 4.7591e-01	 3.5315e+02	 1.2666e+04
 4.3789e+04	 1.2614e+04	 4.2254e+00	 5.0477e-01	 3.5315e+02	 1.2668e+04
 6.5684e+04	 1.2614e+04	 4.0747e+00	 5.2132e-01	 3.5315e+02	 1.2671e+04
 9.8526e+04	 1.2614e+04	 3.9204e+00	 5.2298e-01	 3.5315e+02	 1.2674e+04
 1.4779e+05	 1.2614e+04	 3.7673e+00	 5.1147e-01	 3.5314e+02	 1.2676e+04
 2.2168e+05	 1.2614e+04	 3.5958e+00	 4.8827e-01	 3.5313e+02	 1.2679e+04
 3.3253e+05	 1.2614e+04	 3.4660e+00	 4.4507e-01	 3.5313e+02	 1.2682e+04
 4.9879e+05	 1.2614e+04	 3.3554e+00	 3.9704e-01	 3.5312e+02	 1.2684e+04
 7.4818e+05	 1.2614e+04	 3.3177e+00	 2.8834e-01	 3.5312e+02	 1.2692e+04
 9.0000e+05	 1.2614e+04	 3.2855e+00	 2.6635e-01	 3.5313e+02	 1.2700e+04
 1.0000e+02	 1.2697e+04	 5.6969e+00	 2.3634e-01	 3.5314e+02	 1.2708e+04
 1.5000e+02	 1.2697e+04	 5.6378e+00	 2.5197e-01	 3.5315e+02	 1.2711e+04
 2.2500e+02	 1.2697e+04	 5.5736e+00	 2.6891e-01	 3.5315e+02	 1.2713e+04
 3.3750e+02	 1.2697e+04	 5.5045e+00	 2.8834e-01	 3.5315e+02	 1.2716e+04
 5.0625e+02	 1.2697e+04	 5.4296e+00	 3.0902e-01	 3.5316e+02	 1.2718e+04
 7.5938e+02	 1.2697e+04	 5.3485e+00	 3.3101e-01	 3.5316e+02	 1.2721e+04
 1.1391e+03	 1.2697e+04	 5.2611e+00	 3.5361e-01	 3.5316e+02	 1.2724e+04
 1.7086e+03	 1.2697e+04	 5.1673e+00	 3.7633e-01	 3.5316e+02	 1.2727e+04
 2.5629e+03	 1.2697e+04	 5.0673e+00	 3.9858e-01	 3.5317e+02	 1.2732e+04
 3.8443e+03	 1.2697e+04	 4.9615e+00	 4.2056e-01	 3.5317e+02	 1.2734e+04
 5.7665e+03	 1.2697e+04	 4.8503e+00	 4.4230e-01	 3.5317e+02	 1.2737e+04
 8.6498e+03	 1.2697e+04	 4.7330e+00	 4.6391e-01	 3.5318e+02	 1.2742e+04
 1.2975e+04	 1.2697e+04	 4.6099e+00	 4.8546e-01	 3.5317e+02	 1.2744e+04
 1.9462e+04	 1.2697e+04	 4.4939e+00	 4.2042e-01	 3.5317e+02	 1.2747e+04
 2.9193e+04	 1.2697e+04	 4.3650e+00	 4.6915e-01	 3.5317e+02	 1.2749e+04
 4.3789e+04	 1.2697e+04	 4.2230e+00	 5.0018e-01	 3.5317e+02	 1.2752e+04
 6.5684e+04	 1.2697e+04	 4.0727e+00	 5.1859e-01	 3.5318e+02	 1.2754e+04
 9.8526e+04	 1.2697e+04	 3.9189e+00	 5.2387e-01	 3.5318e+02	 1.2757e+04
 1.4779e+05	 1.2697e+04	 3.7661e+00	 5.1263e-01	 3.5317e+02	 1.2759e+04
 2.2168e+05	 1.2697e+04	 3.5949e+00	 4.8783e-01	 3.5317e+02	 1.2762e+04
 3.3253e+05	 1.2697e+04	 3.4654e+00	 4.4478e-01	 3.5317e+02	 1.2765e+04
 4.9879e+05	 1.2697e+04	 3.3548e+00	 3.9676e-01	 3.5317e+02	 1.2767e+04
 7.4818e+05	 1.2697e+04	 3.3173e+00	 2.8819e-01	 3.5317e+02	 1.2775e+04
 9.0000e+05	 1.2697e+04	 3.2850e+00	 2.6596e-01	 3.5316e+02	 1.2783e+04
 1.0000e+02	 1.2780e+04	 5.6959e+00	 2.3704e-01	 3.5315e+02	 1.2791e+04
 1.5000e+02	 1.2780e+04	 5.6356e+00	 2.5364e-01	 3.5316e+02	 1.2794e+04
 2.2500e+02	 1.2780e+04	 5.5715e+00	 2.6965e-01	 3.5315e+02	 1.2796e+04
 3.3750e+02	 1.2780e+04	 5.5020e+00	 2.8900e-01	 3.5315e+02	 1.2798e+04
 5.0625e+02	 1.2780e+04	 5.4267e+00	 3.0987e-01	 3.5315e+02	 1.2801e+04
 7.5938e+02	 1.2780e+04	 5.3451e+00	 3.3177e-01	 3.5315e+02	 1.2804e+04
 1.1391e+03	 1.2780e+04	 5.2573e+00	 3.5439e-01	 3.5314e+02	 1.2806e+04
 1.7086e+03	 1.2780e+04	 5.1632e+00	 3.7672e-01	 3.5314e+02	 1.2809e+04
 2.5629e+03	 1.2780e+04	 5.0630e+00	 3.9902e-01	 3.5314e+02	 1.2814e+04
 3.8443e+03	 1.2780e+04	 4.9570e+00	 4.2086e-01	 3.5314e+02	 1.2816e+04
 5.7665e+03	 1.2780e+04	 4.8456e+00	 4.4258e-01	 3.5314e+02	 1.2819e+04
 8.6498e+03	 1.2780e+04	 4.7280e+00	 4.6395e-01	 3.5314e+02	 1.2825e+04
 1.2975e+04	 1.2780e+04	 4.6047e+00	 4.8528e-01	 3.5315e+02	 1.2827e+04
 1.9462e+04	 1.2780e+04	 4.4907e+00	 4.2478e-01	 3.5313e+02	 1.2830e+04
 2.9193e+04	 1.2780e+04	 4.3601e+00	 4.6969e-01	 3.5314e+02	 1.2832e+04
 4.3789e+04	 1.2780e+04	 4.2179e+00	 5.0040e-01	 3.5313e+02	 1.2835e+04
 6.5684e+04	 1.2780e+04	 4.0677e+00	 5.1795e-01	 3.5314e+02	 1.2837e+04
 9.8526e+04	 1.2780e+04	 3.9142e+00	 5.2270e-01	 3.5314e+02	 1.2840e+04
 1.4779e+05	 1.2780e+04	 3.7618e+00	 5.1074e-01	 3.5313e+02	 1.2843e+04
 2.2168e+05	 1.2780e+04	 3.5914e+00	 4.8616e-01	 3.5313e+02	 1.2845e+04
 3.3253e+05	 1.2780e+04	 3.4624e+00	 4.4315e-01	 3.5313e+02	 1.2848e+04
 4.9879e+05	 1.2780e+04	 3.3524e+00	 3.9540e-01	 3.5313e+02	 1.2851e+04
 7.4818e+05	 1.2780e+04	 3.3153e+00	 2.8696e-01	 3.5313e+02	 1.2858e+04
 9.0000e+05	 1.2780e+04	 3.2833e+00	 2.6498e-01	 3.5314e+02	 1.2866e+04
 1.0000e+02	 1.2863e+04	 5.6933e+00	 2.3770e-01	 3.5314e+02	 1.2874e+04
 1.5000e+02	 1.2863e+04	 5.6356e+00	 2.5400e-01	 3.5314e+02	 1.2877e+04
 2.2500e+02	 1.2863e+04	 5.5691e+00	 2.7022e-01	 3.5314e+02	 1.2879e+04
 3.3750e+02	 1.2863e+04	 5.4995e+00	 2.8962e-01	 3.5314e+02	 1.2882e+04
 5.0625e+02	 1.2863e+04	 5.4242e+00	 3.1053e-01	 3.5314e+02	 1.2884e+04
 7.5938e+02	 1.2863e+04	 5.3426e+00	 3.3242e-01	 3.5314e+02	 1.2887e+04
 1.1391e+03	 1.2863e+04	 5.2548e+00	 3.5480e-01	 3.5314e+02	 1.2890e+04
 1.7086e+03	 1.2863e+04	 5.1606e+00	 3.7734e-01	 3.5315e+02	 1.2892e+04
 2.5629e+03	 1.2863e+04	 5.0605e+00	 3.9931e-01	 3.5315e+02	 1.2897e+04
 3.8443e+03	 1.2863e+04	 4.9545e+00	 4.2108e-01	 3.5315e+02	 1.2900e+04
 5.7665e+03	 1.2863e+04	 4.8431e+00	 4.4258e-01	 3.5315e+02	 1.2902e+04
 8.6498e+03	 1.2863e+04	 4.7256e+00	 4.6401e-01	 3.5315e+02	 1.2908e+04
 1.2975e+04	 1.2863e+04	 4.6024e+00	 4.8532e-01	 3.5315e+02	 1.2910e+04
 1.9462e+04	 1.2863e+04	 4.4877e+00	 4.2304e-01	 3.5316e+02	 1.2913e+04
 2.9193e+04	 1.2863e+04	 4.3580e+00	 4.6993e-01	 3.5315e+02	 1.2915e+04
 4.3789e+04	 1.2863e+04	 4.2161e+00	 5.0133e-01	 3.5315e+02	 1.2918e+04
 6.5684e+04	 1.2863e+04	 4.0661e+00	 5.1856e-01	 3.5315e+02	 1.2920e+04
 9.8526e+04	 1.2863e+04	 3.9128e+00	 5.2154e-01	 3.5316e+02	 1.2923e+04
 1.4779e+05	 1.2863e+04	 3.7341e+00	 5.1716e-01	 3.5315e+02	 1.2925e+04
 2.2168e+05	 1.2863e+04	 3.5906e+00	 4.8566e-01	 3.5316e+02	 1.2928e+04
 3.3253e+05	 1.2863e+04	 3.4618e+00	 4.4278e-01	 3.5316e+02	 1.2930e+04
 4.9879e+05	 1.2863e+04	 3.3519e+00	 3.9508e-01	 3.5316e+02	 1.2933e+04
 7.4818e+05	 1.2863e+04	 3.3148e+00	 2.8682e-01	 3.5316e+02	 1.2941e+04
 9.0000e+05	 1.2863e+04	 3.2828e+00	 2.6477e-01	 3.5316e+02	 1.2948e+04
 1.0000e+02	 1.2946e+04	 5.6926e+00	 2.3856e-01	 3.5316e+02	 1.2957e+04
 1.5000e+02	 1.2946e+04	 5.6309e+00	 2.5531e-01	 3.5315e+02	 1.2959e+04
 2.2500e+02	 1.2946e+04	 5.5681e+00	 2.7086e-01	 3.5315e+02	 1.2962e+04
 3.3750e+02	 1.2946e+04	 5.4982e+00	 2.9011e-01	 3.5316e+02	 1.2964e+04
 5.0625e+02	 1.2946e+04	 5.4226e+00	 3.1094e-01	 3.5316e+02	 1.2967e+04
 7.5938e+02	 1.2946e+04	 5.3409e+00	 3.3271e-01	 3.5316e+02	 1.2970e+04
 1.1391e+03	 1.2946e+04	 5.2527e+00	 3.5521e-01	 3.5316e+02	 1.2972e+04
 1.7086e+03	 1.2946e+04	 5.1587e+00	 3.7755e-01	 3.5316e+02	 1.2975e+04
 2.5629e+03	 1.2946e+04	 5.0581e+00	 3.9956e-01	 3.5316e+02	 1.2980e+04
 3.8443e+03	 1.2946e+04	 4.9520e+00	 4.2137e-01	 3.5316e+02	 1.2982e+04
 5.7665e+03	 1.2946e+04	 4.8405e+00	 4.4274e-01	 3.5316e+02	 1.2985e+04
 8.6498e+03	 1.2946e+04	 4.7227e+00	 4.6405e-01	 3.5315e+02	 1.2990e+04
 1.2975e+04	 1.2946e+04	 4.5995e+00	 4.8533e-01	 3.5316e+02	 1.2993e+04
 1.9462e+04	 1.2946e+04	 4.4867e+00	 4.2799e-01	 3.5317e+02	 1.2995e+04
 2.9193e+04	 1.2946e+04	 4.3557e+00	 4.7276e-01	 3.5316e+02	 1.2998e+04
 4.3789e+04	 1.2946e+04	 4.2134e+00	 5.0343e-01	 3.5316e+02	 1.3000e+04
 6.5684e+04	 1.2946e+04	 4.0633e+00	 5.2043e-01	 3.5315e+02	 1.3003e+04
 9.8526e+04	 1.2946e+04	 3.9102e+00	 5.2170e-01	 3.5315e+02	 1.3006e+04
 1.4779e+05	 1.2946e+04	 3.7316e+00	 5.1618e-01	 3.5315e+02	 1.3008e+04
 2.2168e+05	 1.2946e+04	 3.5884e+00	 4.8458e-01	 3.5315e+02	 1.3011e+04
 3.3253e+05	 1.2946e+04	 3.4599e+00	 4.4166e-01	 3.5315e+02	 1.3013e+04
 4.9879e+05	 1.2946e+04	 3.3503e+00	 3.9418e-01	 3.5315e+02	 1.3016e+04
 7.4818e+05	 1.2946e+04	 3.3134e+00	 2.8599e-01	 3.5315e+02	 1.3024e+04
 9.0000e+05	 1.2946e+04	 3.2813e+00	 2.6399e-01	 3.5315e+02	 1.3032e+04
 1.0000e+02	 1.3029e+04	 5.6904e+00	 2.3940e-01	 3.5315e+02	 1.3040e+04
 1.5000e+02	 1.3029e+04	 5.6300e+00	 2.5577e-01	 3.5315e+02	 1.3042e+04
 2.2500e+02	 1.3029e+04	 5.5652e+00	 2.7171e-01	 3.5315e+02	 1.3045e+04
 3.3750e+02	 1.3029e+04	 5.4952e+00	 2.9096e-01	 3.5314e+02	 1.3047e+04
 5.0625e+02	 1.3029e+04	 5.4194e+00	 3.1193e-01	 3.5314e+02	 1.3050e+04
 7.5938e+02	 1.3029e+04	 5.3373e+00	 3.3353e-01	 3.5314e+02	 1.3052e+04
 1.1391e+03	 1.3029e+04	 5.2492e+00	 3.5593e-01	 3.5315e+02	 1.3055e+04
 1.7086e+03	 1.3029e+04	 5.1546e+00	 3.7800e-01	 3.5314e+02	 1.3058e+04
 2.5629e+03	 1.3029e+04	 5.0541e+00	 4.0004e-01	 3.5314e+02	 1.3063e+04
 3.8443e+03	 1.3029e+04	 4.9477e+00	 4.2160e-01	 3.5315e+02	 1.3065e+04
 5.7665e+03	 1.3029e+04	 4.8363e+00	 4.4285e-01	 3.5314e+02	 1.3068e+04
 8.6498e+03	 1.3029e+04	 4.7187e+00	 4.6415e-01	 3.5315e+02	 1.3073e+04
 1.2975e+04	 1.3029e+04	 4.5956e+00	 4.8526e-01	 3.5314e+02	 1.3075e+04
 1.9462e+04	 1.3029e+04	 4.4858e+00	 4.3615e-01	 3.5315e+02	 1.3078e+04
 2.9193e+04	 1.3029e+04	 4.3525e+00	 4.7550e-01	 3.5315e+02	 1.3081e+04
 4.3789e+04	 1.3029e+04	 4.2099e+00	 5.0429e-01	 3.5315e+02	 1.3083e+04
 6.5684e+04	 1.3029e+04	 4.0601e+00	 5.2032e-01	 3.5315e+02	 1.3086e+04
 9.8526e+04	 1.3029e+04	 3.9074e+00	 5.1806e-01	 3.5315e+02	 1.3088e+04
 1.4779e+05	 1.3029e+04	 3.7293e+00	 5.1516e-01	 3.5315e+02	 1.3091e+04
 2.2168e+05	 1.3029e+04	 3.5865e+00	 4.8358e-01	 3.5316e+02	 1.3093e+04
 3.3253e+05	 1.3029e+04	 3.4583e+00	 4.4077e-01	 3.5316e+02	 1.3096e+04
 4.9879e+05	 1.3029e+04	 3.3489e+00	 3.9345e-01	 3.5315e+02	 1.3099e+04
 7.4818e+05	 1.3029e+04	 3.3122e+00	 2.8525e-01	 3.5315e+02	 1.3107e+04
 9.0000e+05	 1.3029e+04	 3.2803e+00	 2.6361e-01	 3.5315e+02	 1.3114e+04
 1.0000e+02	 1.3111e+04	 5.6887e+00	 2.3972e-01	 3.5316e+02	 1.3122e+04
 1.5000e+02	 1.3111e+04	 5.6286e+00	 2.5595e-01	 3.5315e+02	 1.3125e+04
 2.2500e+02	 1.3111e+04	 5.5632e+00	 2.7239e-01	 3.5315e+02	 1.3127e+04
 3.3750e+02	 1.3111e+04	 5.4928e+00	 2.9164e-01	 3.5315e+02	 1.3130e+04
 5.0625e+02	 1.3111e+04	 5.4171e+00	 3.1241e-01	 3.5315e+02	 1.3132e+04
 7.5938e+02	 1.3111e+04	 5.3347e+00	 3.3402e-01	 3.5315e+02	 1.3135e+04
 1.1391e+03	 1.3111e+04	 5.2465e+00	 3.5640e-01	 3.5315e+02	 1.3137e+04
 1.7086e+03	 1.3111e+04	 5.1517e+00	 3.7843e-01	 3.5315e+02	 1.3140e+04
 2.5629e+03	 1.3111e+04	 5.0510e+00	 4.0016e-01	 3.5315e+02	 1.3145e+04
 3.8443e+03	 1.3111e+04	 4.9449e+00	 4.2179e-01	 3.5315e+02	 1.3148e+04
 5.7665e+03	 1.3111e+04	 4.8332e+00	 4.4295e-01	 3.5315e+02	 1.3150e+04
 8.6498e+03	 1.3111e+04	 4.7156e+00	 4.6427e-01	 3.5315e+02	 1.3156e+04
 1.2975e+04	 1.3111e+04	 4.5923e+00	 4.8505e-01	 3.5315e+02	 1.3158e+04
 1.9462e+04	 1.3111e+04	 4.4625e+00	 3.9363e-01	 3.5315e+02	 1.3161e+04
 2.9193e+04	 1.3111e+04	 4.3409e+00	 4.4550e-01	 3.5315e+02	 1.3163e+04
 4.3789e+04	 1.3111e+04	 4.2050e+00	 4.9003e-01	 3.5315e+02	 1.3166e+04
 6.5684e+04	 1.3111e+04	 4.0562e+00	 5.0704e-01	 3.5315e+02	 1.3168e+04
 9.8526e+04	 1.3111e+04	 3.9044e+00	 5.1304e-01	 3.5315e+02	 1.3171e+04
 1.4779e+05	 1.3111e+04	 3.7268e+00	 5.1407e-01	 3.5315e+02	 1.3174e+04
 2.2168e+05	 1.3111e+04	 3.5843e+00	 4.8258e-01	 3.5315e+02	 1.3176e+04
 3.3253e+05	 1.3111e+04	 3.4564e+00	 4.3976e-01	 3.5314e+02	 1.3179e+04
 4.9879e+05	 1.3111e+04	 3.3473e+00	 3.9254e-01	 3.5315e+02	 1.3182e+04
 7.4818e+05	 1.3111e+04	 3.3109e+00	 2.8454e-01	 3.5315e+02	 1.3189e+04
 9.0000e+05	 1.3111e+04	 3.2790e+00	 2.6278e-01	 3.5314e+02	 1.3197e+04
 1.0000e+02	 1.3194e+04	 5.6866e+00	 2.4039e-01	 3.5314e+02	 1.3205e+04
 1.5000e+02	 1.3194e+04	 5.6258e+00	 2.5557e-01	 3.5315e+02	 1.3207e+04
 2.2500e+02	 1.3194e+04	 5.5609e+00	 2.7310e-01	 3.5315e+02	 1.3210e+04
 3.3750e+02	 1.3194e+04	 5.4904e+00	 2.9234e-01	 3.5314e+02	 1.3212e+04
 5.0625e+02	 1.3194e+04	 5.4141e+00	 3.1310e-01	 3.5314e+02	 1.3215e+04
 7.5938e+02	 1.3194e+04	 5.3318e+00	 3.3473e-01	 3.5315e+02	 1.3218e+04
 1.1391e+03	 1.3194e+04	 5.2432e+00	 3.5676e-01	 3.5315e+02	 1.3220e+04
 1.7086e+03	 1.3194e+04	 5.1487e+00	 3.7888e-01	 3.5314e+02	 1.3223e+04
 2.5629e+03	 1.3194e+04	 5.0479e+00	 4.0070e-01	 3.5314e+02	 1.3228e+04
 3.8443e+03	 1.3194e+04	 4.9416e+00	 4.2202e-01	 3.5314e+02	 1.3231e+04
 5.7665e+03	 1.3194e+04	 4.8299e+00	 4.4316e-01	 3.5315e+02	 1.3233e+04
 8.6498e+03	 1.3194e+04	 4.7121e+00	 4.6420e-01	 3.5315e+02	 1.3238e+04
 1.2975e+04	 1.3194e+04	 4.5890e+00	 4.8503e-01	 3.5315e+02	 1.3241e+04
 1.9462e+04	 1.3194e+04	 4.4652e+00	 4.0380e-01	 3.5316e+02	 1.3244e+04
 2.9193e+04	 1.3194e+04	 4.3426e+00	 4.6051e-01	 3.5315e+02	 1.3246e+04
 4.3789e+04	 1.3194e+04	 4.2032e+00	 4.9916e-01	 3.5315e+02	 1.3249e+04
 6.5684e+04	 1.3194e+04	 4.0539e+00	 5.1397e-01	 3.5315e+02	 1.3251e+04
 9.8526e+04	 1.3194e+04	 3.9018e+00	 5.1620e-01	 3.5315e+02	 1.3254e+04
 1.4779e+05	 1.3194e+04	 3.7246e+00	 5.1317e-01	 3.5315e+02	 1.3257e+04
 2.2168e+05	 1.3194e+04	 3.5823e+00	 4.8157e-01	 3.5316e+02	 1.3259e+04
 3.3253e+05	 1.3194e+04	 3.4548e+00	 4.3887e-01	 3.5316e+02	 1.3262e+04
 4.9879e+05	 1.3194e+04	 3.3459e+00	 3.9170e-01	 3.5315e+02	 1.3264e+04
 7.4818e+05	 1.3194e+04	 3.3098e+00	 2.8392e-01	 3.5315e+02	 1.3272e+04
 9.0000e+05	 1.3194e+04	 3.2778e+00	 2.6213e-01	 3.5315e+02	 1.3280e+04
 1.0000e+02	 1.3277e+04	 5.6851e+00	 2.4099e-01	 3.5315e+02	 1.3288e+04
 1.5000e+02	 1.3277e+04	 5.6263e+00	 2.5629e-01	 3.5314e+02	 1.3290e+04
 2.2500e+02	 1.3277e+04	 5.5585e+00	 2.7365e-01	 3.5315e+02	 1.3293e+04
 3.3750e+02	 1.3277e+04	 5.4881e+00	 2.9301e-01	 3.5315e+02	 1.3295e+04
 5.0625e+02	 1.3277e+04	 5.4116e+00	 3.1349e-01	 3.5315e+02	 1.3298e+04
 7.5938e+02	 1.3277e+04	 5.3291e+00	 3.3515e-01	 3.5315e+02	 1.3301e+04
 1.1391e+03	 1.3277e+04	 5.2404e+00	 3.5750e-01	 3.5314e+02	 1.3303e+04
 1.7086e+03	 1.3277e+04	 5.1456e+00	 3.7937e-01	 3.5314e+02	 1.3306e+04
 2.5629e+03	 1.3277e+04	 5.0446e+00	 4.0095e-01	 3.5315e+02	 1.3311e+04
 3.8443e+03	 1.3277e+04	 4.9382e+00	 4.2219e-01	 3.5315e+02	 1.3314e+04
 5.7665e+03	 1.3277e+04	 4.8265e+00	 4.4324e-01	 3.5315e+02	 1.3316e+04
 8.6498e+03	 1.3277e+04	 4.7089e+00	 4.6421e-01	 3.5315e+02	 1.3321e+04
 1.2975e+04	 1.3277e+04	 4.5856e+00	 4.8489e-01	 3.5315e+02	 1.3324e+04
 1.9462e+04	 1.3277e+04	 4.4656e+00	 4.1085e-01	 3.5315e+02	 1.3326e+04
 2.9193e+04	 1.3277e+04	 4.3400e+00	 4.6402e-01	 3.5315e+02	 1.3329e+04
 4.3789e+04	 1.3277e+04	 4.1996e+00	 4.9680e-01	 3.5315e+02	 1.3332e+04
 6.5684e+04	 1.3277e+04	 4.0509e+00	 5.1559e-01	 3.5316e+02	 1.3334e+04
 9.8526e+04	 1.3277e+04	 3.8990e+00	 5.1878e-01	 3.5315e+02	 1.3337e+04
 1.4779e+05	 1.3277e+04	 3.7218e+00	 5.1208e-01	 3.5315e+02	 1.3339e+04
 2.2168e+05	 1.3277e+04	 3.5802e+00	 4.8046e-01	 3.5315e+02	 1.3342e+04
 3.3253e+05	 1.3277e+04	 3.4529e+00	 4.3792e-01	 3.5314e+02	 1.3344e+04
 4.9879e+05	 1.3277e+04	 3.3444e+00	 3.9075e-01	 3.5315e+02	 1.3347e+04
 7.4818e+05	 1.3277e+04	 3.3083e+00	 2.8320e-01	 3.5315e+02	 1.3355e+04
 9.0000e+05	 1.3277e+04	 3.2766e+00	 2.6149e-01	 3.5314e+02	 1.3363e+04
 1.0000e+02	 1.3360e+04	 5.6828e+00	 2.4188e-01	 3.5315e+02	 1.3371e+04
 1.5000e+02	 1.3360e+04	 5.6221e+00	 2.5750e-01	 3.5315e+02	 1.3373e+04
 2.2500e+02	 1.3360e+04	 5.5564e+00	 2.7444e-01	 3.5315e+02	 1.3376e+04
 3.3750e+02	 1.3360e+04	 5.4857e+00	 2.9369e-01	 3.5315e+02	 1.3378e+04
 5.0625e+02	 1.3360e+04	 5.4090e+00	 3.1437e-01	 3.5315e+02	 1.3381e+04
 7.5938e+02	 1.3360e+04	 5.3263e+00	 3.3580e-01	 3.5315e+02	 1.3384e+04
 1.1391e+03	 1.3360e+04	 5.2376e+00	 3.5759e-01	 3.5316e+02	 1.3386e+04
 1.7086e+03	 1.3360e+04	 5.1428e+00	 3.7985e-01	 3.5316e+02	 1.3389e+04
 2.5629e+03	 1.3360e+04	 5.0416e+00	 4.0120e-01	 3.5315e+02	 1.3394e+04
 3.8443e+03	 1.3360e+04	 4.9351e+00	 4.2250e-01	 3.5314e+02	 1.3397e+04
 5.7665e+03	 1.3360e+04	 4.8233e+00	 4.4341e-01	 3.5315e+02	 1.3399e+04
 8.6498e+03	 1.3360e+04	 4.7056e+00	 4.6424e-01	 3.5315e+02	 1.3404e+04
 1.2975e+04	 1.3360e+04	 4.5823e+00	 4.8485e-01	 3.5315e+02	 1.3407e+04
 1.9462e+04	 1.3360e+04	 4.4634e+00	 4.1362e-01	 3.5315e+02	 1.3409e+04
 2.9193e+04	 1.3360e+04	 4.3345e+00	 4.5535e-01	 3.5315e+02	 1.3412e+04
 4.3789e+04	 1.3360e+04	 4.1958e+00	 4.9121e-01	 3.5314e+02	 1.3414e+04
 6.5684e+04	 1.3360e+04	 4.0478e+00	 5.1370e-01	 3.5315e+02	 1.3417e+04
 9.8526e+04	 1.3360e+04	 3.8962e+00	 5.1363e-01	 3.5314e+02	 1.3419e+04
 1.4779e+05	 1.3360e+04	 3.7197e+00	 5.1104e-01	 3.5315e+02	 1.3422e+04
 2.2168e+05	 1.3360e+04	 3.5783e+00	 4.7950e-01	 3.5314e+02	 1.3424e+04
 3.3253e+05	 1.3360e+04	 3.4514e+00	 4.3708e-01	 3.5315e+02	 1.3427e+04
 4.9879e+05	 1.3360e+04	 3.3432e+00	 3.9010e-01	 3.5315e+02	 1.3429e+04
 7.4818e+05	 1.3360e+04	 3.3074e+00	 2.8253e-01	 3.5315e+02	 1.3437e+04
 9.0000e+05	 1.3360e+04	 3.2757e+00	 2.6093e-01	 3.5315e+02	 1.3445e+04
 1.0000e+02	 1.3442e+04	 5.6819e+00	 2.4238e-01	 3.5316e+02	 1.3453e+04
 1.5000e+02	 1.3442e+04	 5.6221e+00	 2.5768e-01	 3.5316e+02	 1.3455e+04
 2.2500e+02	 1.3442e+04	 5.5547e+00	 2.7493e-01	 3.5316e+02	 1.3458e+04
 3.3750e+02	 1.3442e+04	 5.4838e+00	 2.9416e-01	 3.5316e+02	 1.3461e+04
 5.0625e+02	 1.3442e+04	 5.4070e+00	 3.1471e-01	 3.5316e+02	 1.3463e+04
 7.5938e+02	 1.3442e+04	 5.3243e+00	 3.3634e-01	 3.5316e+02	 1.3466e+04
 1.1391e+03	 1.3442e+04	 5.2354e+00	 3.5821e-01	 3.5317e+02	 1.3469e+04
 1.7086e+03	 1.3442e+04	 5.1401e+00	 3.8007e-01	 3.5316e+02	 1.3471e+04
 2.5629e+03	 1.3442e+04	 5.0390e+00	 4.0161e-01	 3.5315e+02	 1.3476e+04
 3.8443e+03	 1.3442e+04	 4.9325e+00	 4.2268e-01	 3.5315e+02	 1.3479e+04
 5.7665e+03	 1.3442e+04	 4.8206e+00	 4.4351e-01	 3.5316e+02	 1.3481e+04
 8.6498e+03	 1.3442e+04	 4.7026e+00	 4.6426e-01	 3.5315e+02	 1.3486e+04
 1.2975e+04	 1.3442e+04	 4.5793e+00	 4.8488e-01	 3.5314e+02	 1.3489e+04
 1.9462e+04	 1.3442e+04	 4.4608e+00	 4.1393e-01	 3.5315e+02	 1.3492e+04
 2.9193e+04	 1.3442e+04	 4.3332e+00	 4.6124e-01	 3.5315e+02	 1.3494e+04
 4.3789e+04	 1.3442e+04	 4.1929e+00	 4.9248e-01	 3.5315e+02	 1.3497e+04
 6.5684e+04	 1.3442e+04	 4.0447e+00	 5.0906e-01	 3.5315e+02	 1.3499e+04
 9.8526e+04	 1.3442e+04	 3.8936e+00	 5.1264e-01	 3.5314e+02	 1.3502e+04
 1.4779e+05	 1.3442e+04	 3.7173e+00	 5.1013e-01	 3.5314e+02	 1.3505e+04
 2.2168e+05	 1.3442e+04	 3.5761e+00	 4.7851e-01	 3.5314e+02	 1.3507e+04
 3.3253e+05	 1.3442e+04	 3.4495e+00	 4.3597e-01	 3.5315e+02	 1.3510e+04
 4.9879e+05	 1.3442e+04	 3.3415e+00	 3.8916e-01	 3.5315e+02	 1.3512e+04
 7.4818e+05	 1.3442e+04	 3.3057e+00	 2.8168e-01	 3.5314e+02	 1.3520e+04
 9.0000e+05	 1.3442e+04	 3.2745e+00	 2.6020e-01	 3.5314e+02	 1.3527e+04
 1.0000e+02	 1.3525e+04	 5.6796e+00	 2.4299e-01	 3.5314e+02	 1.3536e+04
 1.5000e+02	 1.3525e+04	 5.6183e+00	 2.5868e-01	 3.5315e+02	 1.3538e+04
 2.2500e+02	 1.3525e+04	 5.5523e+00	 2.7579e-01	 3.5315e+02	 1.3541e+04
 3.3750e+02	 1.3525e+04	 5.4813e+00	 2.9487e-01	 3.5315e+02	 1.3544e+04
 5.0625e+02	 1.3525e+04	 5.4043e+00	 3.1570e-01	 3.5315e+02	 1.3546e+04
 7.5938e+02	 1.3525e+04	 5.3213e+00	 3.3696e-01	 3.5315e+02	 1.3549e+04
 1.1391e+03	 1.3525e+04	 5.2321e+00	 3.5889e-01	 3.5315e+02	 1.3552e+04
 1.7086e+03	 1.3525e+04	 5.1369e+00	 3.8061e-01	 3.5315e+02	 1.3554e+04
 2.5629e+03	 1.3525e+04	 5.0356e+00	 4.0198e-01	 3.5315e+02	 1.3559e+04
 3.8443e+03	 1.3525e+04	 4.9291e+00	 4.2295e-01	 3.5315e+02	 1.3562e+04
 5.7665e+03	 1.3525e+04	 4.8172e+00	 4.4363e-01	 3.5315e+02	 1.3565e+04
 8.6498e+03	 1.3525e+04	 4.6994e+00	 4.6434e-01	 3.5315e+02	 1.3570e+04
 1.2975e+04	 1.3525e+04	 4.5644e+00	 3.5598e-01	 3.5315e+02	 1.3572e+04
 1.9462e+04	 1.3525e+04	 4.4579e+00	 4.1424e-01	 3.5315e+02	 1.3575e+04
 2.9193e+04	 1.3525e+04	 4.3303e+00	 4.6068e-01	 3.5315e+02	 1.3577e+04
 4.3789e+04	 1.3525e+04	 4.1909e+00	 4.9632e-01	 3.5315e+02	 1.3580e+04
 6.5684e+04	 1.3525e+04	 4.0425e+00	 5.1302e-01	 3.5316e+02	 1.3583e+04
 9.8526e+04	 1.3525e+04	 3.8914e+00	 5.1496e-01	 3.5316e+02	 1.3585e+04
 1.4779e+05	 1.3525e+04	 3.7155e+00	 5.0932e-01	 3.5316e+02	 1.3588e+04
 2.2168e+05	 1.3525e+04	 3.5746e+00	 4.7781e-01	 3.5315e+02	 1.3590e+04
 3.3253e+05	 1.3525e+04	 3.4483e+00	 4.3527e-01	 3.5316e+02	 1.3593e+04
 4.9879e+05	 1.3525e+04	 3.3404e+00	 3.8860e-01	 3.5315e+02	 1.3596e+04
 7.4818e+05	 1.3525e+04	 3.3050e+00	 2.8119e-01	 3.5316e+02	 1.3603e+04
 9.0000e+05	 1.3525e+04	 3.2737e+00	 2.5967e-01	 3.5314e+02	 1.3611e+04
 1.0000e+02	 1.3608e+04	 5.6783e+00	 2.4375e-01	 3.5315e+02	 1.3619e+04
 1.5000e+02	 1.3608e+04	 5.6165e+00	 2.5852e-01	 3.5315e+02	 1.3621e+04
 2.2500e+02	 1.3608e+04	 5.5503e+00	 2.7631e-01	 3.5315e+02	 1.3624e+04
 3.3750e+02	 1.3608e+04	 5.4790e+00	 2.9550e-01	 3.5315e+02	 1.3626e+04
 5.0625e+02	 1.3608e+04	 5.4019e+00	 3.1597e-01	 3.5315e+02	 1.3629e+04
 7.5938e+02	 1.3608e+04	 5.3188e+00	 3.3748e-01	 3.5316e+02	 1.3631e+04
 1.1391e+03	 1.3608e+04	 5.2296e+00	 3.5926e-01	 3.5316e+02	 1.3634e+04
 1.7086e+03	 1.3608e+04	 5.1341e+00	 3.8085e-01	 3.5316e+02	 1.3637e+04
 2.5629e+03	 1.3608e+04	 5.0330e+00	 4.0214e-01	 3.5316e+02	 1.3642e+04
 3.8443e+03	 1.3608e+04	 4.9261e+00	 4.2306e-01	 3.5315e+02	 1.3644e+04
 5.7665e+03	 1.3608e+04	 4.8143e+00	 4.4383e-01	 3.5316e+02	 1.3647e+04
 8.6498e+03	 1.3608e+04	 4.6964e+00	 4.6436e-01	 3.5316e+02	 1.3652e+04
 1.2975e+04	 1.3608e+04	 4.5639e+00	 3.5847e-01	 3.5316e+02	 1.3655e+04
 1.9462e+04	 1.3608e+04	 4.4559e+00	 4.1617e-01	 3.5315e+02	 1.3657e+04
 2.9193e+04	 1.3608e+04	 4.3263e+00	 4.5711e-01	 3.5315e+02	 1.3660e+04
 4.3789e+04	 1.3608e+04	 4.1866e+00	 4.8873e-01	 3.5315e+02	 1.3662e+04
 6.5684e+04	 1.3608e+04	 4.0392e+00	 5.0724e-01	 3.5315e+02	 1.3665e+04
 9.8526e+04	 1.3608e+04	 3.8887e+00	 5.1029e-01	 3.5315e+02	 1.3667e+04
 1.4779e+05	 1.3608e+04	 3.7130e+00	 5.0829e-01	 3.5314e+02	 1.3670e+04
 2.2168e+05	 1.3608e+04	 3.5723e+00	 4.7668e-01	 3.5315e+02	 1.3673e+04
 3.3253e+05	 1.3608e+04	 3.4465e+00	 4.3430e-01	 3.5316e+02	 1.3675e+04
 4.9879e+05	 1.3608e+04	 3.3389e+00	 3.8774e-01	 3.5315e+02	 1.3678e+04
 7.4818e+05	 1.3608e+04	 3.3037e+00	 2.8049e-01	 3.5315e+02	 1.3685e+04
 9.0000e+05	 1.3608e+04	 3.2722e+00	 2.5902e-01	 3.5315e+02	 1.3693e+04
 1.0000e+02	 1.3690e+04	 5.6761e+00	 2.4458e-01	 3.5315e+02	 1.3701e+04
 1.5000e+02	 1.3690e+04	 5.6145e+00	 2.6052e-01	 3.5315e+02	 1.3704e+04
 2.2500e+02	 1.3690e+04	 5.5480e+00	 2.7705e-01	 3.5316e+02	 1.3706e+04
 3.3750e+02	 1.3690e+04	 5.4765e+00	 2.9623e-01	 3.5315e+02	 1.3709e+04
 5.0625e+02	 1.3690e+04	 5.3993e+00	 3.1662e-01	 3.5315e+02	 1.3711e+04
 7.5938e+02	 1.3690e+04	 5.3157e+00	 3.3807e-01	 3.5314e+02	 1.3714e+04
 1.1391e+03	 1.3690e+04	 5.2264e+00	 3.5971e-01	 3.5314e+02	 1.3716e+04
 1.7086e+03	 1.3690e+04	 5.1308e+00	 3.8135e-01	 3.5314e+02	 1.3719e+04
 2.5629e+03	 1.3690e+04	 5.0294e+00	 4.0256e-01	 3.5315e+02	 1.3724e+04
 3.8443e+03	 1.3690e+04	 4.9226e+00	 4.2329e-01	 3.5314e+02	 1.3727e+04
 5.7665e+03	 1.3690e+04	 4.8108e+00	 4.4382e-01	 3.5315e+02	 1.3729e+04
 8.6498e+03	 1.3690e+04	 4.6929e+00	 4.6439e-01	 3.5315e+02	 1.3734e+04
 1.2975e+04	 1.3690e+04	 4.5635e+00	 3.6278e-01	 3.5315e+02	 1.3737e+04
 1.9462e+04	 1.3690e+04	 4.4481e+00	 4.0707e-01	 3.5315e+02	 1.3739e+04
 2.9193e+04	 1.3690e+04	 4.3236e+00	 4.5934e-01	 3.5314e+02	 1.3742e+04
 4.3789e+04	 1.3690e+04	 4.1838e+00	 4.9103e-01	 3.5315e+02	 1.3744e+04
 6.5684e+04	 1.3690e+04	 4.0362e+00	 5.0800e-01	 3.5314e+02	 1.3747e+04
 9.8526e+04	 1.3690e+04	 3.8858e+00	 5.0979e-01	 3.5314e+02	 1.3750e+04
 1.4779e+05	 1.3690e+04	 3.7104e+00	 5.0715e-01	 3.5314e+02	 1.3752e+04
 2.2168e+05	 1.3690e+04	 3.5703e+00	 4.7568e-01	 3.5314e+02	 1.3755e+04
 3.3253e+05	 1.3690e+04	 3.4447e+00	 4.3342e-01	 3.5314e+02	 1.3757e+04
 4.9879e+05	 1.3690e+04	 3.3374e+00	 3.8679e-01	 3.5314e+02	 1.3760e+04
 7.4818e+05	 1.3690e+04	 3.3024e+00	 2.7963e-01	 3.5315e+02	 1.3767e+04
 9.0000e+05	 1.3690e+04	 3.2711e+00	 2.5841e-01	 3.5316e+02	 1.3775e+04
 1.0000e+02	 1.3772e+04	 5.6744e+00	 2.4506e-01	 3.5315e+02	 1.3783e+04
 1.5000e+02	 1.3772e+04	 5.6127e+00	 2.6038e-01	 3.5315e+02	 1.3786e+04
 2.2500e+02	 1.3772e+04	 5.5459e+00	 2.7756e-01	 3.5314e+02	 1.3788e+04
 3.3750e+02	 1.3772e+04	 5.4741e+00	 2.9683e-01	 3.5315e+02	 1.3791e+04
 5.0625e+02	 1.3772e+04	 5.3968e+00	 3.1732e-01	 3.5315e+02	 1.3794e+04
 7.5938e+02	 1.3772e+04	 5.3134e+00	 3.3859e-01	 3.5314e+02	 1.3796e+04
 1.1391e+03	 1.3772e+04	 5.2237e+00	 3.6018e-01	 3.5315e+02	 1.3799e+04
 1.7086e+03	 1.3772e+04	 5.1282e+00	 3.8171e-01	 3.5315e+02	 1.3801e+04
 2.5629e+03	 1.3772e+04	 5.0266e+00	 4.0295e-01	 3.5315e+02	 1.3806e+04
 3.8443e+03	 1.3772e+04	 4.9199e+00	 4.2352e-01	 3.5315e+02	 1.3809e+04
 5.7665e+03	 1.3772e+04	 4.8079e+00	 4.4404e-01	 3.5315e+02	 1.3812e+04
 8.6498e+03	 1.3772e+04	 4.6899e+00	 4.6447e-01	 3.5315e+02	 1.3817e+04
 1.2975e+04	 1.3772e+04	 4.5501e+00	 3.4998e-01	 3.5315e+02	 1.3819e+04
 1.9462e+04	 1.3772e+04	 4.4461e+00	 4.0850e-01	 3.5315e+02	 1.3822e+04
 2.9193e+04	 1.3772e+04	 4.3150e+00	 4.4136e-01	 3.5316e+02	 1.3825e+04
 4.3789e+04	 1.3772e+04	 4.1793e+00	 4.7909e-01	 3.5316e+02	 1.3827e+04
 6.5684e+04	 1.3772e+04	 4.0336e+00	 5.0263e-01	 3.5315e+02	 1.3830e+04
 9.8526e+04	 1.3772e+04	 3.8839e+00	 5.0598e-01	 3.5315e+02	 1.3832e+04
 1.4779e+05	 1.3772e+04	 3.7088e+00	 5.0643e-01	 3.5316e+02	 1.3835e+04
 2.2168e+05	 1.3772e+04	 3.5690e+00	 4.7483e-01	 3.5316e+02	 1.3837e+04
 3.3253e+05	 1.3772e+04	 3.4436e+00	 4.3273e-01	 3.5316e+02	 1.3840e+04
 4.9879e+05	 1.3772e+04	 3.3365e+00	 3.8627e-01	 3.5316e+02	 1.3843e+04
 7.4818e+05	 1.3772e+04	 3.3015e+00	 2.7919e-01	 3.5315e+02	 1.3850e+04
 9.0000e+05	 1.3772e+04	 3.2702e+00	 2.5802e-01	 3.5315e+02	 1.3858e+04
 1.0000e+02	 1.3855e+04	 5.6728e+00	 2.4562e-01	 3.5315e+02	 1.3866e+04
 1.5000e+02	 1.3855e+04	 5.6112e+00	 2.6101e-01	 3.5315e+02	 1.3868e+04
 2.2500e+02	 1.3855e+04	 5.5441e+00	 2.7826e-01	 3.5315e+02	 1.3871e+04
 3.3750e+02	 1.3855e+04	 5.4720e+00	 2.9738e-01	 3.5315e+02	 1.3874e+04
 5.0625e+02	 1.3855e+04	 5.3945e+00	 3.1773e-01	 3.5315e+02	 1.3876e+04
 7.5938e+02	 1.3855e+04	 5.3109e+00	 3.3909e-01	 3.5315e+02	 1.3879e+04
 1.1391e+03	 1.3855e+04	 5.2211e+00	 3.6078e-01	 3.5315e+02	 1.3881e+04
 1.7086e+03	 1.3855e+04	 5.1253e+00	 3.8208e-01	 3.5316e+02	 1.3884e+04
 2.5629e+03	 1.3855e+04	 5.0238e+00	 4.0313e-01	 3.5316e+02	 1.3889e+04
 3.8443e+03	 1.3855e+04	 4.9167e+00	 4.2381e-01	 3.5316e+02	 1.3892e+04
 5.7665e+03	 1.3855e+04	 4.8047e+00	 4.4413e-01	 3.5315e+02	 1.3894e+04
 8.6498e+03	 1.3855e+04	 4.6866e+00	 4.6442e-01	 3.5314e+02	 1.3899e+04
 1.2975e+04	 1.3855e+04	 4.5252e+00	 3.2911e-01	 3.5315e+02	 1.3902e+04
 1.9462e+04	 1.3855e+04	 4.4279e+00	 3.8414e-01	 3.5315e+02	 1.3904e+04
 2.9193e+04	 1.3855e+04	 4.3082e+00	 4.3262e-01	 3.5315e+02	 1.3907e+04
 4.3789e+04	 1.3855e+04	 4.1744e+00	 4.7135e-01	 3.5315e+02	 1.3909e+04
 6.5684e+04	 1.3855e+04	 4.0298e+00	 4.9557e-01	 3.5314e+02	 1.3912e+04
 9.8526e+04	 1.3855e+04	 3.8791e+00	 4.9252e-01	 3.5314e+02	 1.3915e+04
 1.4779e+05	 1.3855e+04	 3.7062e+00	 5.0544e-01	 3.5315e+02	 1.3917e+04
 2.2168e+05	 1.3855e+04	 3.5668e+00	 4.7393e-01	 3.5315e+02	 1.3920e+04
 3.3253e+05	 1.3855e+04	 3.4418e+00	 4.3172e-01	 3.5316e+02	 1.3922e+04
 4.9879e+05	 1.3855e+04	 3.3350e+00	 3.8544e-01	 3.5315e+02	 1.3925e+04
 7.4818e+05	 1.3855e+04	 3.3004e+00	 2.7863e-01	 3.5316e+02	 1.3933e+04
 9.0000e+05	 1.3855e+04	 3.2691e+00	 2.5737e-01	 3.5316e+02	 1.3940e+04
 1.0000e+02	 1.3937e+04	 5.6712e+00	 2.4644e-01	 3.5315e+02	 1.3948e+04
 1.5000e+02	 1.3937e+04	 5.6072e+00	 2.6201e-01	 3.5315e+02	 1.3951e+04
 2.2500e+02	 1.3937e+04	 5.5417e+00	 2.7884e-01	 3.5315e+02	 1.3953e+04
 3.3750e+02	 1.3937e+04	 5.4697e+00	 2.9800e-01	 3.5315e+02	 1.3956e+04
 5.0625e+02	 1.3937e+04	 5.3920e+00	 3.1835e-01	 3.5315e+02	 1.3959e+04
 7.5938e+02	 1.3937e+04	 5.3081e+00	 3.3984e-01	 3.5315e+02	 1.3961e+04
 1.1391e+03	 1.3937e+04	 5.2179e+00	 3.6111e-01	 3.5314e+02	 1.3964e+04
 1.7086e+03	 1.3937e+04	 5.1222e+00	 3.8251e-01	 3.5315e+02	 1.3967e+04
 2.5629e+03	 1.3937e+04	 5.0205e+00	 4.0333e-01	 3.5315e+02	 1.3972e+04
 3.8443e+03	 1.3937e+04	 4.9136e+00	 4.2395e-01	 3.5316e+02	 1.3974e+04
 5.7665e+03	 1.3937e+04	 4.8015e+00	 4.4424e-01	 3.5315e+02	 1.3977e+04
 8.6498e+03	 1.3937e+04	 4.6835e+00	 4.6440e-01	 3.5315e+02	 1.3982e+04
 1.2975e+04	 1.3937e+04	 4.5352e+00	 3.4034e-01	 3.5315e+02	 1.3985e+04
 1.9462e+04	 1.3937e+04	 4.4361e+00	 4.0149e-01	 3.5315e+02	 1.3987e+04
 2.9193e+04	 1.3937e+04	 4.3143e+00	 4.5819e-01	 3.5315e+02	 1.3990e+04
 4.3789e+04	 1.3937e+04	 4.1751e+00	 4.9016e-01	 3.5315e+02	 1.3992e+04
 6.5684e+04	 1.3937e+04	 4.0279e+00	 5.0601e-01	 3.5315e+02	 1.3995e+04
 9.8526e+04	 1.3937e+04	 3.8784e+00	 5.0777e-01	 3.5315e+02	 1.3998e+04
 1.4779e+05	 1.3937e+04	 3.7040e+00	 5.0441e-01	 3.5314e+02	 1.4000e+04
 2.2168e+05	 1.3937e+04	 3.5649e+00	 4.7292e-01	 3.5315e+02	 1.4003e+04
 3.3253e+05	 1.3937e+04	 3.4401e+00	 4.3085e-01	 3.5315e+02	 1.4005e+04
 4.9879e+05	 1.3937e+04	 3.3337e+00	 3.8455e-01	 3.5315e+02	 1.4008e+04
 7.4818e+05	 1.3937e+04	 3.2990e+00	 2.7793e-01	 3.5315e+02	 1.4016e+04
 9.0000e+05	 1.3937e+04	 3.2680e+00	 2.5671e-01	 3.5315e+02	 1.4024e+04
 1.0000e+02	 1.4021e+04	 5.6694e+00	 2.4702e-01	 3.5315e+02	 1.4032e+04
 1.5000e+02	 1.4021e+04	 5.6056e+00	 2.6258e-01	 3.5315e+02	 1.4034e+04
 2.2500e+02	 1.4021e+04	 5.5397e+00	 2.7962e-01	 3.5316e+02	 1.4037e+04
 3.3750e+02	 1.4021e+04	 5.4674e+00	 2.9875e-01	 3.5316e+02	 1.4039e+04
 5.0625e+02	 1.4021e+04	 5.3895e+00	 3.1909e-01	 3.5315e+02	 1.4042e+04
 7.5938e+02	 1.4021e+04	 5.3053e+00	 3.4020e-01	 3.5315e+02	 1.4045e+04
 1.1391e+03	 1.4021e+04	 5.2153e+00	 3.6203e-01	 3.5315e+02	 1.4047e+04
 1.7086e+03	 1.4021e+04	 5.1194e+00	 3.8294e-01	 3.5315e+02	 1.4050e+04
 2.5629e+03	 1.4021e+04	 5.0176e+00	 4.0364e-01	 3.5316e+02	 1.4055e+04
 3.8443e+03	 1.4021e+04	 4.9106e+00	 4.2414e-01	 3.5316e+02	 1.4057e+04
 5.7665e+03	 1.4021e+04	 4.7986e+00	 4.4431e-01	 3.5316e+02	 1.4060e+04
 8.6498e+03	 1.4021e+04	 4.6806e+00	 4.6452e-01	 3.5316e+02	 1.4065e+04
 1.2975e+04	 1.4021e+04	 4.5375e+00	 3.4590e-01	 3.5315e+02	 1.4068e+04
 1.9462e+04	 1.4021e+04	 4.4331e+00	 4.0151e-01	 3.5315e+02	 1.4070e+04
 2.9193e+04	 1.4021e+04	 4.3087e+00	 4.4852e-01	 3.5315e+02	 1.4073e+04
 4.3789e+04	 1.4021e+04	 4.1712e+00	 4.8345e-01	 3.5315e+02	 1.4076e+04
 6.5684e+04	 1.4021e+04	 4.0251e+00	 5.0292e-01	 3.5315e+02	 1.4078e+04
 9.8526e+04	 1.4021e+04	 3.8759e+00	 5.0490e-01	 3.5314e+02	 1.4081e+04
 1.4779e+05	 1.4021e+04	 3.7017e+00	 5.0349e-01	 3.5315e+02	 1.4083e+04
 2.2168e+05	 1.4021e+04	 3.5629e+00	 4.7200e-01	 3.5315e+02	 1.4086e+04
 3.3253e+05	 1.4021e+04	 3.4385e+00	 4.2991e-01	 3.5314e+02	 1.4088e+04
 4.9879e+05	 1.4021e+04	 3.3321e+00	 3.8386e-01	 3.5315e+02	 1.4091e+04
 7.4818e+05	 1.4021e+04	 3.2978e+00	 2.7724e-01	 3.5314e+02	 1.4099e+04
 9.0000e+05	 1.4021e+04	 3.2669e+00	 2.5604e-01	 3.5315e+02	 1.4106e+04
 1.0000e+02	 1.4104e+04	 5.6676e+00	 2.4767e-01	 3.5315e+02	 1.4115e+04
 1.5000e+02	 1.4104e+04	 5.6040e+00	 2.6321e-01	 3.5315e+02	 1.4117e+04
 2.2500e+02	 1.4104e+04	 5.5375e+00	 2.8010e-01	 3.5315e+02	 1.4120e+04
 3.3750e+02	 1.4104e+04	 5.4651e+00	 2.9932e-01	 3.5315e+02	 1.4122e+04
 5.0625e+02	 1.4104e+04	 5.3871e+00	 3.1962e-01	 3.5315e+02	 1.4125e+04
 7.5938e+02	 1.4104e+04	 5.3028e+00	 3.4065e-01	 3.5315e+02	 1.4127e+04
 1.1391e+03	 1.4104e+04	 5.2126e+00	 3.6240e-01	 3.5315e+02	 1.4130e+04
 1.7086e+03	 1.4104e+04	 5.1165e+00	 3.8326e-01	 3.5314e+02	 1.4133e+04
 2.5629e+03	 1.4104e+04	 5.0147e+00	 4.0394e-01	 3.5315e+02	 1.4138e+04
 3.8443e+03	 1.4104e+04	 4.9076e+00	 4.2447e-01	 3.5314e+02	 1.4140e+04
 5.7665e+03	 1.4104e+04	 4.7954e+00	 4.4448e-01	 3.5315e+02	 1.4143e+04
 8.6498e+03	 1.4104e+04	 4.6774e+00	 4.6451e-01	 3.5314e+02	 1.4148e+04
 1.2975e+04	 1.4104e+04	 4.5146e+00	 3.2768e-01	 3.5314e+02	 1.4151e+04
 1.9462e+04	 1.4104e+04	 4.4168e+00	 3.8111e-01	 3.5314e+02	 1.4153e+04
 2.9193e+04	 1.4104e+04	 4.2982e+00	 4.2964e-01	 3.5314e+02	 1.4156e+04
 4.3789e+04	 1.4104e+04	 4.1641e+00	 4.6596e-01	 3.5315e+02	 1.4158e+04
 6.5684e+04	 1.4104e+04	 4.0198e+00	 4.8294e-01	 3.5315e+02	 1.4161e+04
 9.8526e+04	 1.4104e+04	 3.8732e+00	 4.9617e-01	 3.5315e+02	 1.4164e+04
 1.4779e+05	 1.4104e+04	 3.6996e+00	 5.0254e-01	 3.5314e+02	 1.4166e+04
 2.2168e+05	 1.4104e+04	 3.5611e+00	 4.7096e-01	 3.5315e+02	 1.4169e+04
 3.3253e+05	 1.4104e+04	 3.4369e+00	 4.2909e-01	 3.5315e+02	 1.4171e+04
 4.9879e+05	 1.4104e+04	 3.3309e+00	 3.8315e-01	 3.5315e+02	 1.4174e+04
 7.4818e+05	 1.4104e+04	 3.2967e+00	 2.7660e-01	 3.5315e+02	 1.4182e+04
 9.0000e+05	 1.4104e+04	 3.2660e+00	 2.5556e-01	 3.5316e+02	 1.4189e+04
 1.0000e+02	 1.4187e+04	 5.6662e+00	 2.4825e-01	 3.5316e+02	 1.4198e+04
 1.5000e+02	 1.4187e+04	 5.6035e+00	 2.6277e-01	 3.5316e+02	 1.4200e+04
 2.2500e+02	 1.4187e+04	 5.5358e+00	 2.8083e-01	 3.5315e+02	 1.4203e+04
 3.3750e+02	 1.4187e+04	 5.4630e+00	 2.9986e-01	 3.5315e+02	 1.4205e+04
 5.0625e+02	 1.4187e+04	 5.3847e+00	 3.2006e-01	 3.5315e+02	 1.4208e+04
 7.5938e+02	 1.4187e+04	 5.3004e+00	 3.4125e-01	 3.5315e+02	 1.4210e+04
 1.1391e+03	 1.4187e+04	 5.2100e+00	 3.6253e-01	 3.5316e+02	 1.4213e+04
 1.7086e+03	 1.4187e+04	 5.1139e+00	 3.8362e-01	 3.5315e+02	 1.4216e+04
 2.5629e+03	 1.4187e+04	 5.0118e+00	 4.0426e-01	 3.5315e+02	 1.4221e+04
 3.8443e+03	 1.4187e+04	 4.9047e+00	 4.2442e-01	 3.5315e+02	 1.4223e+04
 5.7665e+03	 1.4187e+04	 4.7926e+00	 4.4455e-01	 3.5315e+02	 1.4226e+04
 8.6498e+03	 1.4187e+04	 4.6744e+00	 4.6452e-01	 3.5315e+02	 1.4231e+04
 1.2975e+04	 1.4187e+04	 4.4806e+00	 3.0782e-01	 3.5315e+02	 1.4234e+04
 1.9462e+04	 1.4187e+04	 4.3939e+00	 3.5860e-01	 3.5316e+02	 1.4236e+04
 2.9193e+04	 1.4187e+04	 4.2842e+00	 4.0878e-01	 3.5315e+02	 1.4239e+04
 4.3789e+04	 1.4187e+04	 4.1579e+00	 4.5363e-01	 3.5315e+02	 1.4242e+04
 6.5684e+04	 1.4187e+04	 4.0170e+00	 4.8050e-01	 3.5315e+02	 1.4244e+04
 9.8526e+04	 1.4187e+04	 3.8705e+00	 4.8857e-01	 3.5314e+02	 1.4247e+04
 1.4779e+05	 1.4187e+04	 3.6977e+00	 5.0169e-01	 3.5315e+02	 1.4249e+04
 2.2168e+05	 1.4187e+04	 3.5593e+00	 4.7014e-01	 3.5316e+02	 1.4252e+04
 3.3253e+05	 1.4187e+04	 3.4355e+00	 4.2818e-01	 3.5315e+02	 1.4254e+04
 4.9879e+05	 1.4187e+04	 3.3296e+00	 3.8237e-01	 3.5315e+02	 1.4257e+04
 7.4818e+05	 1.4187e+04	 3.2957e+00	 2.7597e-01	 3.5315e+02	 1.4265e+04
 9.0000e+05	 1.4187e+04	 3.2647e+00	 2.5497e-01	 3.5315e+02	 1.4272e+04
 1.0000e+02	 1.4269e+04	 5.6638e+00	 2.4876e-01	 3.5315e+02	 1.4280e+04
 1.5000e+02	 1.4269e+04	 5.6004e+00	 2.6401e-01	 3.5314e+02	 1.4283e+04
 2.2500e+02	 1.4269e+04	 5.5334e+00	 2.8157e-01	 3.5314e+02	 1.4286e+04
 3.3750e+02	 1.4269e+04	 5.4604e+00	 3.0062e-01	 3.5314e+02	 1.4288e+04
 5.0625e+02	 1.4269e+04	 5.3819e+00	 3.2107e-01	 3.5315e+02	 1.4291e+04
 7.5938e+02	 1.4269e+04	 5.2973e+00	 3.4179e-01	 3.5315e+02	 1.4293e+04
 1.1391e+03	 1.4269e+04	 5.2067e+00	 3.6282e-01	 3.5314e+02	 1.4296e+04
 1.7086e+03	 1.4269e+04	 5.1105e+00	 3.8393e-01	 3.5315e+02	 1.4299e+04
 2.5629e+03	 1.4269e+04	 5.0084e+00	 4.0442e-01	 3.5315e+02	 1.4304e+04
 3.8443e+03	 1.4269e+04	 4.9013e+00	 4.2470e-01	 3.5314e+02	 1.4306e+04
 5.7665e+03	 1.4269e+04	 4.7890e+00	 4.4475e-01	 3.5314e+02	 1.4309e+04
 8.6498e+03	 1.4269e+04	 4.6708e+00	 4.6454e-01	 3.5314e+02	 1.4314e+04
 1.2975e+04	 1.4269e+04	 4.4468e+00	 2.9585e-01	 3.5315e+02	 1.4317e+04
 1.9462e+04	 1.4269e+04	 4.3729e+00	 3.4415e-01	 3.5315e+02	 1.4319e+04
 2.9193e+04	 1.4269e+04	 4.2830e+00	 4.1256e-01	 3.5314e+02	 1.4322e+04
 4.3789e+04	 1.4269e+04	 4.1540e+00	 4.5267e-01	 3.5315e+02	 1.4324e+04
 6.5684e+04	 1.4269e+04	 4.0141e+00	 4.8135e-01	 3.5315e+02	 1.4327e+04
 9.8526e+04	 1.4269e+04	 3.8679e+00	 4.9306e-01	 3.5314e+02	 1.4330e+04
 1.4779e+05	 1.4269e+04	 3.6950e+00	 5.0062e-01	 3.5314e+02	 1.4332e+04
 2.2168e+05	 1.4269e+04	 3.5571e+00	 4.6902e-01	 3.5315e+02	 1.4335e+04
 3.3253e+05	 1.4269e+04	 3.4336e+00	 4.2727e-01	 3.5314e+02	 1.4337e+04
 4.9879e+05	 1.4269e+04	 3.3281e+00	 3.8145e-01	 3.5314e+02	 1.4340e+04
 7.4818e+05	 1.4269e+04	 3.2942e+00	 2.7527e-01	 3.5314e+02	 1.4348e+04
 9.0000e+05	 1.4269e+04	 3.2635e+00	 2.5419e-01	 3.5315e+02	 1.4355e+04
 1.0000e+02	 1.4352e+04	 5.6623e+00	 2.4976e-01	 3.5314e+02	 1.4363e+04
 1.5000e+02	 1.4352e+04	 5.5976e+00	 2.6389e-01	 3.5315e+02	 1.4366e+04
 2.2500e+02	 1.4352e+04	 5.5311e+00	 2.8218e-01	 3.5315e+02	 1.4368e+04
 3.3750e+02	 1.4352e+04	 5.4581e+00	 3.0126e-01	 3.5314e+02	 1.4371e+04
 5.0625e+02	 1.4352e+04	 5.3793e+00	 3.2131e-01	 3.5314e+02	 1.4373e+04
 7.5938e+02	 1.4352e+04	 5.2948e+00	 3.4243e-01	 3.5314e+02	 1.4376e+04
 1.1391e+03	 1.4352e+04	 5.2042e+00	 3.6350e-01	 3.5314e+02	 1.4379e+04
 1.7086e+03	 1.4352e+04	 5.1079e+00	 3.8422e-01	 3.5315e+02	 1.4381e+04
 2.5629e+03	 1.4352e+04	 5.0057e+00	 4.0477e-01	 3.5315e+02	 1.4386e+04
 3.8443e+03	 1.4352e+04	 4.8985e+00	 4.2482e-01	 3.5315e+02	 1.4389e+04
 5.7665e+03	 1.4352e+04	 4.7863e+00	 4.4472e-01	 3.5315e+02	 1.4391e+04
 8.6498e+03	 1.4352e+04	 4.6683e+00	 4.6453e-01	 3.5315e+02	 1.4397e+04
 1.2975e+04	 1.4352e+04	 4.4667e+00	 3.0446e-01	 3.5316e+02	 1.4400e+04
 1.9462e+04	 1.4352e+04	 4.3776e+00	 3.4955e-01	 3.5316e+02	 1.4402e+04
 2.9193e+04	 1.4352e+04	 4.2705e+00	 3.9729e-01	 3.5315e+02	 1.4405e+04
 4.3789e+04	 1.4352e+04	 4.1471e+00	 4.4066e-01	 3.5316e+02	 1.4407e+04
 6.5684e+04	 1.4352e+04	 4.0108e+00	 4.7468e-01	 3.5316e+02	 1.4410e+04
 9.8526e+04	 1.4352e+04	 3.8654e+00	 4.8557e-01	 3.5315e+02	 1.4412e+04
 1.4779e+05	 1.4352e+04	 3.6934e+00	 4.9981e-01	 3.5315e+02	 1.4415e+04
 2.2168e+05	 1.4352e+04	 3.5557e+00	 4.6827e-01	 3.5315e+02	 1.4418e+04
 3.3253e+05	 1.4352e+04	 3.4324e+00	 4.2650e-01	 3.5316e+02	 1.4420e+04
 4.9879e+05	 1.4352e+04	 3.3271e+00	 3.8093e-01	 3.5315e+02	 1.4423e+04
 7.4818e+05	 1.4352e+04	 3.2934e+00	 2.7486e-01	 3.5316e+02	 1.4431e+04
 9.0000e+05	 1.4352e+04	 3.2628e+00	 2.5380e-01	 3.5316e+02	 1.4438e+04
 1.0000e+02	 1.4436e+04	 5.6610e+00	 2.5022e-01	 3.5316e+02	 1.4447e+04
 1.5000e+02	 1.4436e+04	 5.5973e+00	 2.6592e-01	 3.5316e+02	 1.4449e+04
 2.2500e+02	 1.4436e+04	 5.5296e+00	 2.8264e-01	 3.5317e+02	 1.4452e+04
 3.3750e+02	 1.4436e+04	 5.4565e+00	 3.0169e-01	 3.5316e+02	 1.4454e+04
 5.0625e+02	 1.4436e+04	 5.3774e+00	 3.2185e-01	 3.5316e+02	 1.4456e+04
 7.5938e+02	 1.4436e+04	 5.2928e+00	 3.4274e-01	 3.5315e+02	 1.4459e+04
 1.1391e+03	 1.4436e+04	 5.2019e+00	 3.6376e-01	 3.5316e+02	 1.4462e+04
 1.7086e+03	 1.4436e+04	 5.1052e+00	 3.8458e-01	 3.5315e+02	 1.4464e+04
 2.5629e+03	 1.4436e+04	 5.0028e+00	 4.0510e-01	 3.5315e+02	 1.4470e+04
 3.8443e+03	 1.4436e+04	 4.8954e+00	 4.2493e-01	 3.5314e+02	 1.4472e+04
 5.7665e+03	 1.4436e+04	 4.7831e+00	 4.4480e-01	 3.5314e+02	 1.4475e+04
 8.6498e+03	 1.4436e+04	 4.6648e+00	 4.6456e-01	 3.5314e+02	 1.4480e+04
 1.2975e+04	 1.4436e+04	 4.4691e+00	 3.0691e-01	 3.5314e+02	 1.4482e+04
 1.9462e+04	 1.4436e+04	 4.3802e+00	 3.5457e-01	 3.5314e+02	 1.4485e+04
 2.9193e+04	 1.4436e+04	 4.2735e+00	 4.0624e-01	 3.5314e+02	 1.4487e+04
 4.3789e+04	 1.4436e+04	 4.1484e+00	 4.5202e-01	 3.5314e+02	 1.4490e+04
 6.5684e+04	 1.4436e+04	 4.0088e+00	 4.8065e-01	 3.5314e+02	 1.4493e+04
 9.8526e+04	 1.4436e+04	 3.8627e+00	 4.8849e-01	 3.5314e+02	 1.4495e+04
 1.4779e+05	 1.4436e+04	 3.6909e+00	 4.9887e-01	 3.5314e+02	 1.4498e+04
 2.2168e+05	 1.4436e+04	 3.5536e+00	 4.6733e-01	 3.5314e+02	 1.4500e+04
 3.3253e+05	 1.4436e+04	 3.4306e+00	 4.2561e-01	 3.5315e+02	 1.4503e+04
 4.9879e+05	 1.4436e+04	 3.3256e+00	 3.8001e-01	 3.5314e+02	 1.4505e+04
 7.4818e+05	 1.4436e+04	 3.2923e+00	 2.7416e-01	 3.5316e+02	 1.4513e+04
 9.0000e+05	 1.4436e+04	 3.2617e+00	 2.5320e-01	 3.5316e+02	 1.4521e+04
 1.0000e+02	 1.4518e+04	 5.6594e+00	 2.5079e-01	 3.5316e+02	 1.4529e+04
 1.5000e+02	 1.4518e+04	 5.5957e+00	 2.6617e-01	 3.5316e+02	 1.4532e+04
 2.2500e+02	 1.4518e+04	 5.5275e+00	 2.8336e-01	 3.5316e+02	 1.4534e+04
 3.3750e+02	 1.4518e+04	 5.4543e+00	 3.0225e-01	 3.5316e+02	 1.4537e+04
 5.0625e+02	 1.4518e+04	 5.3752e+00	 3.2237e-01	 3.5316e+02	 1.4539e+04
 7.5938e+02	 1.4518e+04	 5.2902e+00	 3.4325e-01	 3.5316e+02	 1.4542e+04
 1.1391e+03	 1.4518e+04	 5.1992e+00	 3.6417e-01	 3.5316e+02	 1.4544e+04
 1.7086e+03	 1.4518e+04	 5.1028e+00	 3.8498e-01	 3.5316e+02	 1.4547e+04
 2.5629e+03	 1.4518e+04	 5.0002e+00	 4.0535e-01	 3.5316e+02	 1.4552e+04
 3.8443e+03	 1.4518e+04	 4.8929e+00	 4.2527e-01	 3.5315e+02	 1.4555e+04
 5.7665e+03	 1.4518e+04	 4.7805e+00	 4.4498e-01	 3.5315e+02	 1.4557e+04
 8.6498e+03	 1.4518e+04	 4.6622e+00	 4.6461e-01	 3.5315e+02	 1.4562e+04
 1.2975e+04	 1.4518e+04	 4.4668e+00	 3.0675e-01	 3.5315e+02	 1.4565e+04
 1.9462e+04	 1.4518e+04	 4.3839e+00	 3.6020e-01	 3.5315e+02	 1.4568e+04
 2.9193e+04	 1.4518e+04	 4.2743e+00	 4.1133e-01	 3.5315e+02	 1.4570e+04
 4.3789e+04	 1.4518e+04	 4.1473e+00	 4.5534e-01	 3.5315e+02	 1.4573e+04
 6.5684e+04	 1.4518e+04	 4.0066e+00	 4.8163e-01	 3.5315e+02	 1.4575e+04
 9.8526e+04	 1.4518e+04	 3.8606e+00	 4.8831e-01	 3.5315e+02	 1.4578e+04
 1.4779e+05	 1.4518e+04	 3.6890e+00	 4.9808e-01	 3.5315e+02	 1.4580e+04
 2.2168e+05	 1.4518e+04	 3.5519e+00	 4.6641e-01	 3.5314e+02	 1.4583e+04
 3.3253e+05	 1.4518e+04	 3.4292e+00	 4.2480e-01	 3.5315e+02	 1.4586e+04
 4.9879e+05	 1.4518e+04	 3.3243e+00	 3.7932e-01	 3.5314e+02	 1.4588e+04
 7.4818e+05	 1.4518e+04	 3.2909e+00	 2.7346e-01	 3.5315e+02	 1.4596e+04
 9.0000e+05	 1.4518e+04	 3.2605e+00	 2.5258e-01	 3.5315e+02	 1.4604e+04
 1.0000e+02	 1.4601e+04	 5.6574e+00	 2.5135e-01	 3.5315e+02	 1.4611e+04
 1.5000e+02	 1.4601e+04	 5.5940e+00	 2.6767e-01	 3.5315e+02	 1.4614e+04
 2.2500e+02	 1.4601e+04	 5.5251e+00	 2.8395e-01	 3.5315e+02	 1.4617e+04
 3.3750e+02	 1.4601e+04	 5.4514e+00	 3.0287e-01	 3.5314e+02	 1.4619e+04
 5.0625e+02	 1.4601e+04	 5.3722e+00	 3.2302e-01	 3.5314e+02	 1.4622e+04
 7.5938e+02	 1.4601e+04	 5.2870e+00	 3.4367e-01	 3.5314e+02	 1.4624e+04
 1.1391e+03	 1.4601e+04	 5.1959e+00	 3.6455e-01	 3.5314e+02	 1.4627e+04
 1.7086e+03	 1.4601e+04	 5.0993e+00	 3.8528e-01	 3.5313e+02	 1.4630e+04
 2.5629e+03	 1.4601e+04	 4.9967e+00	 4.0549e-01	 3.5314e+02	 1.4634e+04
 3.8443e+03	 1.4601e+04	 4.8894e+00	 4.2541e-01	 3.5314e+02	 1.4637e+04
 5.7665e+03	 1.4601e+04	 4.7772e+00	 4.4505e-01	 3.5314e+02	 1.4640e+04
 8.6498e+03	 1.4601e+04	 4.6590e+00	 4.6464e-01	 3.5314e+02	 1.4645e+04
 1.2975e+04	 1.4601e+04	 4.4535e+00	 3.0202e-01	 3.5315e+02	 1.4647e+04
 1.9462e+04	 1.4601e+04	 4.3717e+00	 3.5148e-01	 3.5314e+02	 1.4650e+04
 2.9193e+04	 1.4601e+04	 4.2799e+00	 4.2697e-01	 3.5315e+02	 1.4653e+04
 4.3789e+04	 1.4601e+04	 4.1464e+00	 4.6086e-01	 3.5315e+02	 1.4656e+04
 6.5684e+04	 1.4601e+04	 4.0052e+00	 4.8771e-01	 3.5315e+02	 1.4658e+04
 9.8526e+04	 1.4601e+04	 3.8587e+00	 4.9125e-01	 3.5315e+02	 1.4661e+04
 1.4779e+05	 1.4601e+04	 3.6872e+00	 4.9728e-01	 3.5315e+02	 1.4663e+04
 2.2168e+05	 1.4601e+04	 3.5505e+00	 4.6568e-01	 3.5316e+02	 1.4666e+04
 3.3253e+05	 1.4601e+04	 3.4280e+00	 4.2408e-01	 3.5316e+02	 1.4668e+04
 4.9879e+05	 1.4601e+04	 3.3232e+00	 3.7877e-01	 3.5315e+02	 1.4671e+04
 7.4818e+05	 1.4601e+04	 3.2901e+00	 2.7294e-01	 3.5315e+02	 1.4679e+04
 9.0000e+05	 1.4601e+04	 3.2598e+00	 2.5224e-01	 3.5315e+02	 1.4687e+04
 1.0000e+02	 1.4684e+04	 5.6558e+00	 2.5208e-01	 3.5316e+02	 1.4695e+04
 1.5000e+02	 1.4684e+04	 5.5893e+00	 2.6796e-01	 3.5316e+02	 1.4697e+04
 2.2500e+02	 1.4684e+04	 5.5233e+00	 2.8444e-01	 3.5315e+02	 1.4700e+04
 3.3750e+02	 1.4684e+04	 5.4497e+00	 3.0346e-01	 3.5315e+02	 1.4703e+04
 5.0625e+02	 1.4684e+04	 5.3704e+00	 3.2338e-01	 3.5315e+02	 1.4705e+04
 7.5938e+02	 1.4684e+04	 5.2851e+00	 3.4426e-01	 3.5315e+02	 1.4707e+04
 1.1391e+03	 1.4684e+04	 5.1939e+00	 3.6519e-01	 3.5315e+02	 1.4710e+04
 1.7086e+03	 1.4684e+04	 5.0971e+00	 3.8576e-01	 3.5315e+02	 1.4713e+04
 2.5629e+03	 1.4684e+04	 4.9947e+00	 4.0584e-01	 3.5315e+02	 1.4718e+04
 3.8443e+03	 1.4684e+04	 4.8872e+00	 4.2554e-01	 3.5315e+02	 1.4720e+04
 5.7665e+03	 1.4684e+04	 4.7748e+00	 4.4513e-01	 3.5315e+02	 1.4723e+04
 8.6498e+03	 1.4684e+04	 4.6566e+00	 4.6467e-01	 3.5315e+02	 1.4728e+04
 1.2975e+04	 1.4684e+04	 4.4742e+00	 3.1392e-01	 3.5315e+02	 1.4731e+04
 1.9462e+04	 1.4684e+04	 4.3898e+00	 3.7237e-01	 3.5315e+02	 1.4733e+04
 2.9193e+04	 1.4684e+04	 4.2787e+00	 4.2989e-01	 3.5315e+02	 1.4736e+04
 4.3789e+04	 1.4684e+04	 4.1438e+00	 4.6098e-01	 3.5315e+02	 1.4738e+04
 6.5684e+04	 1.4684e+04	 4.0021e+00	 4.8307e-01	 3.5315e+02	 1.4741e+04
 9.8526e+04	 1.4684e+04	 3.8563e+00	 4.9096e-01	 3.5314e+02	 1.4743e+04
 1.4779e+05	 1.4684e+04	 3.6850e+00	 4.9632e-01	 3.5315e+02	 1.4746e+04
 2.2168e+05	 1.4684e+04	 3.5485e+00	 4.6472e-01	 3.5315e+02	 1.4749e+04
 3.3253e+05	 1.4684e+04	 3.4264e+00	 4.2324e-01	 3.5315e+02	 1.4751e+04
 4.9879e+05	 1.4684e+04	 3.3220e+00	 3.7796e-01	 3.5315e+02	 1.4754e+04
 7.4818e+05	 1.4684e+04	 3.2890e+00	 2.7235e-01	 3.5315e+02	 1.4762e+04
 9.0000e+05	 1.4684e+04	 3.2587e+00	 2.5148e-01	 3.5315e+02	 1.4770e+04
 1.0000e+02	 1.4767e+04	 5.6539e+00	 2.5279e-01	 3.5315e+02	 1.4777e+04
 1.5000e+02	 1.4767e+04	 5.5891e+00	 2.6836e-01	 3.5315e+02	 1.4780e+04
 2.2500e+02	 1.4767e+04	 5.5210e+00	 2.8521e-01	 3.5315e+02	 1.4783e+04
 3.3750e+02	 1.4767e+04	 5.4472e+00	 3.0402e-01	 3.5315e+02	 1.4785e+04
 5.0625e+02	 1.4767e+04	 5.3676e+00	 3.2400e-01	 3.5315e+02	 1.4788e+04
 7.5938e+02	 1.4767e+04	 5.2823e+00	 3.4482e-01	 3.5314e+02	 1.4790e+04
 1.1391e+03	 1.4767e+04	 5.1910e+00	 3.6568e-01	 3.5315e+02	 1.4793e+04
 1.7086e+03	 1.4767e+04	 5.0939e+00	 3.8601e-01	 3.5315e+02	 1.4795e+04
 2.5629e+03	 1.4767e+04	 4.9914e+00	 4.0603e-01	 3.5315e+02	 1.4801e+04
 3.8443e+03	 1.4767e+04	 4.8838e+00	 4.2566e-01	 3.5314e+02	 1.4803e+04
 5.7665e+03	 1.4767e+04	 4.7712e+00	 4.4524e-01	 3.5314e+02	 1.4806e+04
 8.6498e+03	 1.4767e+04	 4.6531e+00	 4.6466e-01	 3.5315e+02	 1.4811e+04
 1.2975e+04	 1.4767e+04	 4.4687e+00	 3.1250e-01	 3.5315e+02	 1.4814e+04
 1.9462e+04	 1.4767e+04	 4.3841e+00	 3.6928e-01	 3.5315e+02	 1.4816e+04
 2.9193e+04	 1.4767e+04	 4.2705e+00	 4.1938e-01	 3.5315e+02	 1.4819e+04
 4.3789e+04	 1.4767e+04	 4.1400e+00	 4.5833e-01	 3.5314e+02	 1.4821e+04
 6.5684e+04	 1.4767e+04	 3.9986e+00	 4.7837e-01	 3.5315e+02	 1.4824e+04
 9.8526e+04	 1.4767e+04	 3.8535e+00	 4.8722e-01	 3.5315e+02	 1.4826e+04
 1.4779e+05	 1.4767e+04	 3.6828e+00	 4.9538e-01	 3.5314e+02	 1.4829e+04
 2.2168e+05	 1.4767e+04	 3.5467e+00	 4.6387e-01	 3.5315e+02	 1.4832e+04
 3.3253e+05	 1.4767e+04	 3.4248e+00	 4.2242e-01	 3.5315e+02	 1.4834e+04
 4.9879e+05	 1.4767e+04	 3.3207e+00	 3.7722e-01	 3.5315e+02	 1.4837e+04
 7.4818e+05	 1.4767e+04	 3.2879e+00	 2.7157e-01	 3.5315e+02	 1.4845e+04
 9.0000e+05	 1.4767e+04	 3.2576e+00	 2.5095e-01	 3.5315e+02	 1.4853e+04
 1.0000e+02	 1.4850e+04	 5.6522e+00	 2.5323e-01	 3.5315e+02	 1.4861e+04
 1.5000e+02	 1.4850e+04	 5.5879e+00	 2.6994e-01	 3.5315e+02	 1.4864e+04
 2.2500e+02	 1.4850e+04	 5.5190e+00	 2.8577e-01	 3.5314e+02	 1.4866e+04
 3.3750e+02	 1.4850e+04	 5.4450e+00	 3.0487e-01	 3.5315e+02	 1.4869e+04
 5.0625e+02	 1.4850e+04	 5.3653e+00	 3.2462e-01	 3.5315e+02	 1.4871e+04
 7.5938e+02	 1.4850e+04	 5.2797e+00	 3.4522e-01	 3.5315e+02	 1.4874e+04
 1.1391e+03	 1.4850e+04	 5.1884e+00	 3.6567e-01	 3.5315e+02	 1.4877e+04
 1.7086e+03	 1.4850e+04	 5.0914e+00	 3.8639e-01	 3.5315e+02	 1.4879e+04
 2.5629e+03	 1.4850e+04	 4.9888e+00	 4.0629e-01	 3.5315e+02	 1.4885e+04
 3.8443e+03	 1.4850e+04	 4.8813e+00	 4.2601e-01	 3.5315e+02	 1.4887e+04
 5.7665e+03	 1.4850e+04	 4.7688e+00	 4.4534e-01	 3.5316e+02	 1.4890e+04
 8.6498e+03	 1.4850e+04	 4.6506e+00	 4.6469e-01	 3.5316e+02	 1.4895e+04
 1.2975e+04	 1.4850e+04	 4.4566e+00	 3.0754e-01	 3.5315e+02	 1.4897e+04
 1.9462e+04	 1.4850e+04	 4.3708e+00	 3.5831e-01	 3.5316e+02	 1.4900e+04
 2.9193e+04	 1.4850e+04	 4.2634e+00	 4.1108e-01	 3.5315e+02	 1.4903e+04
 4.3789e+04	 1.4850e+04	 4.1350e+00	 4.5000e-01	 3.5315e+02	 1.4905e+04
 6.5684e+04	 1.4850e+04	 3.9958e+00	 4.7562e-01	 3.5315e+02	 1.4908e+04
 9.8526e+04	 1.4850e+04	 3.8514e+00	 4.8466e-01	 3.5315e+02	 1.4910e+04
 1.4779e+05	 1.4850e+04	 3.6808e+00	 4.9456e-01	 3.5315e+02	 1.4913e+04
 2.2168e+05	 1.4850e+04	 3.5452e+00	 4.6293e-01	 3.5315e+02	 1.4915e+04
 3.3253e+05	 1.4850e+04	 3.4234e+00	 4.2166e-01	 3.5315e+02	 1.4918e+04
 4.9879e+05	 1.4850e+04	 3.3195e+00	 3.7651e-01	 3.5316e+02	 1.4921e+04
 7.4818e+05	 1.4850e+04	 3.2869e+00	 2.7108e-01	 3.5315e+02	 1.4929e+04
 9.0000e+05	 1.4850e+04	 3.2566e+00	 2.5054e-01	 3.5315e+02	 1.4937e+04
 1.0000e+02	 1.4934e+04	 5.6507e+00	 2.5388e-01	 3.5315e+02	 1.4945e+04
 1.5000e+02	 1.4934e+04	 5.5872e+00	 2.6890e-01	 3.5315e+02	 1.4947e+04
 2.2500e+02	 1.4934e+04	 5.5173e+00	 2.8654e-01	 3.5315e+02	 1.4950e+04
 3.3750e+02	 1.4934e+04	 5.4430e+00	 3.0512e-01	 3.5316e+02	 1.4953e+04
 5.0625e+02	 1.4934e+04	 5.3632e+00	 3.2534e-01	 3.5316e+02	 1.4955e+04
 7.5938e+02	 1.4934e+04	 5.2774e+00	 3.4576e-01	 3.5315e+02	 1.4958e+04
 1.1391e+03	 1.4934e+04	 5.1861e+00	 3.6648e-01	 3.5316e+02	 1.4960e+04
 1.7086e+03	 1.4934e+04	 5.0888e+00	 3.8675e-01	 3.5315e+02	 1.4963e+04
 2.5629e+03	 1.4934e+04	 4.9861e+00	 4.0666e-01	 3.5315e+02	 1.4968e+04
 3.8443e+03	 1.4934e+04	 4.8786e+00	 4.2601e-01	 3.5316e+02	 1.4971e+04
 5.7665e+03	 1.4934e+04	 4.7660e+00	 4.4539e-01	 3.5316e+02	 1.4973e+04
 8.6498e+03	 1.4934e+04	 4.6477e+00	 4.6465e-01	 3.5315e+02	 1.4978e+04
 1.2975e+04	 1.4934e+04	 4.4295e+00	 2.9736e-01	 3.5316e+02	 1.4981e+04
 1.9462e+04	 1.4934e+04	 4.3499e+00	 3.4320e-01	 3.5315e+02	 1.4983e+04
 2.9193e+04	 1.4934e+04	 4.2497e+00	 3.9477e-01	 3.5315e+02	 1.4986e+04
 4.3789e+04	 1.4934e+04	 4.1277e+00	 4.3851e-01	 3.5315e+02	 1.4988e+04
 6.5684e+04	 1.4934e+04	 3.9912e+00	 4.6669e-01	 3.5315e+02	 1.4991e+04
 9.8526e+04	 1.4934e+04	 3.8485e+00	 4.8172e-01	 3.5314e+02	 1.4993e+04
 1.4779e+05	 1.4934e+04	 3.6786e+00	 4.9355e-01	 3.5314e+02	 1.4996e+04
 2.2168e+05	 1.4934e+04	 3.5429e+00	 4.6198e-01	 3.5314e+02	 1.4999e+04
 3.3253e+05	 1.4934e+04	 3.4216e+00	 4.2052e-01	 3.5313e+02	 1.5001e+04
 4.9879e+05	 1.4934e+04	 3.3178e+00	 3.7570e-01	 3.5314e+02	 1.5004e+04
 7.4818e+05	 1.4934e+04	 3.2854e+00	 2.7031e-01	 3.5313e+02	 1.5012e+04
 9.0000e+05	 1.4934e+04	 3.2553e+00	 2.4967e-01	 3.5314e+02	 1.5020e+04
 1.0000e+02	 1.5017e+04	 5.6488e+00	 2.5456e-01	 3.5314e+02	 1.5028e+04
 1.5000e+02	 1.5017e+04	 5.5853e+00	 2.6968e-01	 3.5314e+02	 1.5030e+04
 2.2500e+02	 1.5017e+04	 5.5149e+00	 2.8696e-01	 3.5315e+02	 1.5033e+04
 3.3750e+02	 1.5017e+04	 5.4406e+00	 3.0577e-01	 3.5315e+02	 1.5035e+04
 5.0625e+02	 1.5017e+04	 5.3608e+00	 3.2565e-01	 3.5316e+02	 1.5038e+04
 7.5938e+02	 1.5017e+04	 5.2750e+00	 3.4615e-01	 3.5315e+02	 1.5040e+04
 1.1391e+03	 1.5017e+04	 5.1831e+00	 3.6641e-01	 3.5315e+02	 1.5043e+04
 1.7086e+03	 1.5017e+04	 5.0863e+00	 3.8707e-01	 3.5316e+02	 1.5046e+04
 2.5629e+03	 1.5017e+04	 4.9836e+00	 4.0675e-01	 3.5316e+02	 1.5051e+04
 3.8443e+03	 1.5017e+04	 4.8759e+00	 4.2617e-01	 3.5315e+02	 1.5054e+04
 5.7665e+03	 1.5017e+04	 4.7635e+00	 4.4552e-01	 3.5316e+02	 1.5056e+04
 8.6498e+03	 1.5017e+04	 4.6452e+00	 4.6464e-01	 3.5316e+02	 1.5061e+04
 1.2975e+04	 1.5017e+04	 4.4618e+00	 3.1327e-01	 3.5316e+02	 1.5064e+04
 1.9462e+04	 1.5017e+04	 4.3733e+00	 3.6578e-01	 3.5316e+02	 1.5066e+04
 2.9193e+04	 1.5017e+04	 4.2623e+00	 4.1767e-01	 3.5316e+02	 1.5069e+04
 4.3789e+04	 1.5017e+04	 4.1314e+00	 4.5320e-01	 3.5316e+02	 1.5072e+04
 6.5684e+04	 1.5017e+04	 3.9915e+00	 4.7621e-01	 3.5316e+02	 1.5074e+04
 9.8526e+04	 1.5017e+04	 3.8472e+00	 4.8342e-01	 3.5316e+02	 1.5077e+04
 1.4779e+05	 1.5017e+04	 3.6773e+00	 4.9303e-01	 3.5316e+02	 1.5080e+04
 2.2168e+05	 1.5017e+04	 3.5420e+00	 4.6145e-01	 3.5317e+02	 1.5082e+04
 3.3253e+05	 1.5017e+04	 3.4208e+00	 4.2027e-01	 3.5316e+02	 1.5085e+04
 4.9879e+05	 1.5017e+04	 3.3173e+00	 3.7522e-01	 3.5316e+02	 1.5088e+04
 7.4818e+05	 1.5017e+04	 3.2850e+00	 2.7007e-01	 3.5316e+02	 1.5096e+04
 9.0000e+05	 1.5017e+04	 3.2547e+00	 2.4939e-01	 3.5316e+02	 1.5103e+04
 1.0000e+02	 1.5101e+04	 5.6476e+00	 2.5515e-01	 3.5316e+02	 1.5111e+04
 1.5000e+02	 1.5101e+04	 5.5832e+00	 2.7060e-01	 3.5316e+02	 1.5114e+04
 2.2500e+02	 1.5101e+04	 5.5132e+00	 2.8748e-01	 3.5316e+02	 1.5116e+04
 3.3750e+02	 1.5101e+04	 5.4387e+00	 3.0630e-01	 3.5316e+02	 1.5119e+04
 5.0625e+02	 1.5101e+04	 5.3586e+00	 3.2627e-01	 3.5316e+02	 1.5121e+04
 7.5938e+02	 1.5101e+04	 5.2726e+00	 3.4671e-01	 3.5316e+02	 1.5124e+04
 1.1391e+03	 1.5101e+04	 5.1805e+00	 3.6734e-01	 3.5315e+02	 1.5126e+04
 1.7086e+03	 1.5101e+04	 5.0832e+00	 3.8724e-01	 3.5315e+02	 1.5129e+04
 2.5629e+03	 1.5101e+04	 4.9804e+00	 4.0699e-01	 3.5316e+02	 1.5134e+04
 3.8443e+03	 1.5101e+04	 4.8726e+00	 4.2636e-01	 3.5315e+02	 1.5137e+04
 5.7665e+03	 1.5101e+04	 4.7600e+00	 4.4559e-01	 3.5316e+02	 1.5139e+04
 8.6498e+03	 1.5101e+04	 4.6415e+00	 4.6462e-01	 3.5315e+02	 1.5144e+04
 1.2975e+04	 1.5101e+04	 4.4301e+00	 3.0002e-01	 3.5314e+02	 1.5147e+04
 1.9462e+04	 1.5101e+04	 4.3556e+00	 3.5278e-01	 3.5313e+02	 1.5150e+04
 2.9193e+04	 1.5101e+04	 4.2527e+00	 4.0788e-01	 3.5314e+02	 1.5152e+04
 4.3789e+04	 1.5101e+04	 4.1268e+00	 4.5142e-01	 3.5314e+02	 1.5155e+04
 6.5684e+04	 1.5101e+04	 3.9878e+00	 4.7684e-01	 3.5314e+02	 1.5158e+04
 9.8526e+04	 1.5101e+04	 3.8437e+00	 4.8481e-01	 3.5313e+02	 1.5160e+04
 1.4779e+05	 1.5101e+04	 3.6742e+00	 4.9173e-01	 3.5314e+02	 1.5163e+04
 2.2168e+05	 1.5101e+04	 3.5393e+00	 4.6020e-01	 3.5313e+02	 1.5165e+04
 3.3253e+05	 1.5101e+04	 3.4185e+00	 4.1898e-01	 3.5314e+02	 1.5168e+04
 4.9879e+05	 1.5101e+04	 3.3153e+00	 3.7421e-01	 3.5314e+02	 1.5171e+04
 7.4818e+05	 1.5101e+04	 3.2835e+00	 2.6923e-01	 3.5314e+02	 1.5179e+04
 9.0000e+05	 1.5101e+04	 3.2534e+00	 2.4866e-01	 3.5316e+02	 1.5186e+04
 1.0000e+02	 1.5183e+04	 5.6454e+00	 2.5552e-01	 3.5315e+02	 1.5194e+04
 1.5000e+02	 1.5183e+04	 5.5797e+00	 2.6953e-01	 3.5315e+02	 1.5197e+04
 2.2500e+02	 1.5183e+04	 5.5109e+00	 2.8806e-01	 3.5314e+02	 1.5199e+04
 3.3750e+02	 1.5183e+04	 5.4361e+00	 3.0701e-01	 3.5314e+02	 1.5202e+04
 5.0625e+02	 1.5183e+04	 5.3557e+00	 3.2681e-01	 3.5314e+02	 1.5204e+04
 7.5938e+02	 1.5183e+04	 5.2697e+00	 3.4726e-01	 3.5314e+02	 1.5207e+04
 1.1391e+03	 1.5183e+04	 5.1778e+00	 3.6756e-01	 3.5315e+02	 1.5210e+04
 1.7086e+03	 1.5183e+04	 5.0803e+00	 3.8752e-01	 3.5315e+02	 1.5212e+04
 2.5629e+03	 1.5183e+04	 4.9774e+00	 4.0734e-01	 3.5315e+02	 1.5217e+04
 3.8443e+03	 1.5183e+04	 4.8696e+00	 4.2648e-01	 3.5315e+02	 1.5220e+04
 5.7665e+03	 1.5183e+04	 4.7571e+00	 4.4558e-01	 3.5315e+02	 1.5223e+04
 8.6498e+03	 1.5183e+04	 4.6390e+00	 4.6466e-01	 3.5315e+02	 1.5228e+04