Time_Relative_s,Fit_Success,Direction,Run_Label,Target_der_m,Der_m_Bound_Half_Width,RMSE_Log,R2,At_Bounds,Bounds_Hit_Count,Sequential_Bounds,Sequential_Bounds_Hit_Count,Fixed_der_m,Accepted,height,alpha,alpha_beta,omega_p,der_A,der_m,beta,de,tau_hn
-345.28,True,backward,pilot_free_der_m,,,0.015543638304258152,0.9997039297141663,False,0,True,0,,True,1.2635870099633657,0.803975798815622,0.8564025762566317,319969.86255468096,0.38475099897612314,-0.23026714217070907,1.0652093974946042,2.5241111950695445,2.9202900521346792e-06
-338.29999999999995,True,backward,pilot_free_der_m,,,0.015467276039770947,0.9997068245619236,False,0,True,0,,True,1.2631629060336729,0.8044718795813378,0.8558912549281855,319919.0003847866,0.37632077396914326,-0.22638961727536144,1.0639169331482503,2.521784865906637,2.924724611447554e-06
-335.83,True,backward,pilot_free_der_m,,,0.015445280188864407,0.9997076522329476,False,0,True,0,,True,1.2630119774774644,0.8046350728704371,0.8557262012113208,319907.49118443014,0.3735140382135276,-0.22507876250068665,1.0634960245501384,2.5209929495405925,2.9261241538852245e-06
-333.08,True,backward,pilot_free_der_m,,,0.015532347975386654,0.999704185627799,False,0,True,0,,True,1.2629788104557662,0.8045799829756052,0.8551057974136946,319860.8158441342,0.37647118451293055,-0.22635558728788954,1.0627977522523344,2.522108426598729,2.9285968144853277e-06
-330.34,True,backward,pilot_free_der_m,,,0.015624991399175418,0.9997005095677372,False,0,True,0,,True,1.2629481240867124,0.8045123674784446,0.8545259943370858,319824.3506028888,0.3793032738865411,-0.22759389774173117,1.0621663865968862,2.5232256648393205,2.930777743482077e-06
-327.61,True,backward,pilot_free_der_m,,,0.015732071544016357,0.9996962537245998,False,0,True,0,,True,1.2629117871264743,0.8044337300409347,0.8539431826437601,319787.5902557027,0.3823191524512747,-0.22891014020608336,1.0615457193724411,2.5243871589285343,2.9329294240259746e-06
-324.97,True,backward,pilot_free_der_m,,,0.015834467186512404,0.9996921532322427,False,0,True,0,,True,1.2628576039126458,0.8043532170468128,0.8533842342486557,319751.27223090915,0.38519724285706214,-0.2301591188135356,1.0609570722945083,2.5254865734230156,2.9349845479669828e-06
-319.91,True,backward,pilot_free_der_m,,,0.016020578354667487,0.9996846102539323,False,0,True,0,,True,1.262771762391219,0.8042165703933605,0.8522894523591708,319671.95916309976,0.3908125438209636,-0.23256217214520808,1.0597760401060834,2.5275881870515082,2.9391833945073667e-06
-317.47,True,backward,pilot_free_der_m,,,0.016112132955408896,0.99968088020604,False,0,True,0,,True,1.2627448403762798,0.8041324707852405,0.8517828181023746,319643.9991268672,0.39375939418650835,-0.23382862185586506,1.0592568377080995,2.528682227523129,2.9409622183454317e-06
-314.66,True,backward,pilot_free_der_m,,,0.01622374896162601,0.999676309720539,False,0,True,0,,True,1.262727086698352,0.8040557077082492,0.851114849524257,319581.54179058765,0.397328054882877,-0.23535123106911568,1.0585272156703391,2.5300070239468133,2.9436914488384667e-06
-312.22,True,backward,pilot_free_der_m,,,0.016321359228480308,0.9996722872275595,False,0,True,0,,True,1.2626843276632802,0.8039737198336449,0.8505910224379031,319547.0494168839,0.4003781100944568,-0.23664211298222146,1.0579836149543596,2.5310879467195195,2.9456096072888306e-06
-309.54999999999995,True,backward,pilot_free_der_m,,,0.016430968798056007,0.9996677437140288,False,0,True,0,,True,1.2626761099444515,0.8039177000912564,0.8499862163446634,319497.96428249707,0.4036263695717965,-0.2379935537531168,1.0573050154862589,2.5322445424846927,2.9480767908618815e-06
-306.91,True,backward,pilot_free_der_m,,,0.016544983275418472,0.999662989655103,False,0,True,0,,True,1.2626595956920301,0.8038436759046338,0.8494227948552711,319461.14882150275,0.40692959484050684,-0.23936438785485706,1.0567014710905616,2.5334043388553034,2.9502041506274936e-06
-304.25,True,backward,pilot_free_der_m,,,0.016665448250932566,0.999657934433819,False,0,True,0,,True,1.2626284615949677,0.8037607453858422,0.8488586203053672,319421.28251867596,0.4103238498316338,-0.24076580936905165,1.0561085810403392,2.534577428206887,2.9523282091358974e-06
-301.66,True,backward,pilot_free_der_m,,,0.016788474708623897,0.9996527380618636,False,0,True,0,,True,1.262602216818697,0.8036899849529024,0.8482888770784602,319375.44172932405,0.4136635794254609,-0.2421313026737541,1.0554926563234097,2.535714766616606,2.9545833174465545e-06
-299.0,True,backward,pilot_free_der_m,,,0.016920727426805816,0.9996471129174209,False,0,True,0,,True,1.262568426615468,0.8036079223798951,0.8477406798921053,319340.3125022087,0.4170817746275474,-0.24351848040112117,1.054918270817329,2.5368563865656566,2.9566142492425137e-06
-296.53,True,backward,pilot_free_der_m,,,0.017050191760005058,0.9996415677502039,False,0,True,0,,True,1.2625615961324246,0.803542988603131,0.8472419336089658,319302.9845169008,0.4202177236240552,-0.2447771601522934,1.0543828340557118,2.53789988527407,2.9585556720999987e-06
-294.09,True,backward,pilot_free_der_m,,,0.0171820920792376,0.9996358761615514,False,0,True,0,,True,1.2625362805011249,0.8034907150839493,0.8466760672601502,319247.9388273356,0.4234308265529828,-0.2460572760836879,1.0537471701483059,2.538952500159343,2.9609700557047e-06
-291.41,True,backward,pilot_free_der_m,,,0.0173305494634555,0.9996294181261244,False,0,True,0,,True,1.2625144360550362,0.8034059943085388,0.8461481983715474,319219.60935850645,0.42695269835354205,-0.24745433304513123,1.0532012511305635,2.5401021141910043,2.9628597091281073e-06
-288.97,True,backward,pilot_free_der_m,,,0.0174696702290466,0.9996233167480495,False,0,True,0,,True,1.2624763895756728,0.8033229323606025,0.8456572873677619,319192.72498920176,0.4302472746871298,-0.2487542737633055,1.0526990495375974,2.54115584048447,2.9646065464784557e-06
-286.23,True,backward,pilot_free_der_m,,,0.017627480553166024,0.9996163348271069,False,0,True,0,,True,1.2624498941647968,0.8032423944584531,0.8451062803517568,319152.5873618766,0.43390779236683424,-0.25018310983762077,1.0521186209569136,2.5423146028999217,2.9667166091372413e-06
-283.78,True,backward,pilot_free_der_m,,,0.017777552731721772,0.9996096417695289,False,0,True,0,,True,1.262425669636609,0.8031750249277787,0.8446137715338313,319125.6790266605,0.43715674352686595,-0.25143737500439445,1.0515936692749863,2.543329200869962,2.9685416323644947e-06
-281.22,True,backward,pilot_free_der_m,,,0.017937884313953677,0.9996024283587994,False,0,True,0,,True,1.2623762885917822,0.8030856930956671,0.8440823849612856,319087.4321796481,0.44078214220433376,-0.252838699625938,1.0510489630410274,2.544453565437515,2.9705287828406677e-06
-273.33,True,backward,pilot_free_der_m,,,0.01845345226846106,0.9995787906475387,False,0,True,0,,True,1.262239363556695,0.8028215166456689,0.8425492527130802,318992.14513191365,0.4517809891006248,-0.2570087888209766,1.0494851411474382,2.5477434763923186,2.976111454037539e-06
-265.44999999999993,True,backward,pilot_free_der_m,,,0.018936183684411717,0.9995561446285757,False,0,True,0,,True,1.2623231812303737,0.8024029959361902,0.8419645111220925,318939.1449438578,0.4637923778964433,-0.26150754130111037,1.049303797949738,2.5507196134108887,2.9770531166612274e-06
-258.33,True,backward,pilot_free_der_m,,,0.019370786989203092,0.9995352960556095,False,0,True,0,,True,1.2624304596216545,0.8019339409126666,0.841849135474741,318943.5740494475,0.47524786557482396,-0.2657195082834103,1.0497736690339452,2.5532491841508214,2.9754564752121075e-06
-255.87,True,backward,pilot_free_der_m,,,0.01953567708882258,0.9995272567096679,False,0,True,0,,True,1.262450619950703,0.8017591050099244,0.8417835073198204,318933.05494219135,0.47967748772473146,-0.26732141697978334,1.049920733122701,2.5541876508377443,2.9750603985281443e-06
-253.08,True,backward,pilot_free_der_m,,,0.01953251757595086,0.999527493856376,False,0,True,0,,True,1.2624514476199955,0.8017962326365304,0.8419052665211298,318945.3592899609,0.478003778870947,-0.26675005221735,1.050023973987393,2.553831644898188,2.974639906531325e-06
-250.47,True,backward,pilot_free_der_m,,,0.019509085677471297,0.9995286743889422,False,0,True,0,,True,1.2623970301191665,0.8018021810871889,0.8420284952288289,318963.2197785066,0.47672231635503487,-0.26630728690123484,1.0501698736801837,2.5535036483867866,2.9740294490955858e-06
-247.8,True,backward,pilot_free_der_m,,,0.019471149629664553,0.9995305509305398,False,0,True,0,,True,1.2623894099822446,0.8018660044394795,0.8421035249446466,318956.11057450494,0.4749190821965488,-0.26565583670124715,1.050179855839248,2.5530814971294826,2.974081793196586e-06
-245.22,True,backward,pilot_free_der_m,,,0.019379139033813695,0.9995350177675489,False,0,True,0,,True,1.2624070330574133,0.8019186451981731,0.8422429055609545,318974.9381667951,0.47324466015754857,-0.2650438033181329,1.0502847272653404,2.5526617620998073,2.9735998625999512e-06
-240.16,True,backward,pilot_free_der_m,,,0.019197458715455726,0.9995437721892275,False,0,True,0,,True,1.2624010176336735,0.8020054867402004,0.8424500788567633,318998.5495854252,0.47040321062978413,-0.26400808285692756,1.0504293209775313,2.551933791788034,2.9729612627144944e-06
-237.72,True,backward,pilot_free_der_m,,,0.01912179693097482,0.9995473789595026,False,0,True,0,,True,1.2623784511019598,0.8020528911583937,0.8425788708513154,319020.25054128654,0.4686689580059617,-0.2633578169601357,1.0505278144866363,2.551473257763076,2.9724710555215424e-06
-235.08,True,backward,pilot_free_der_m,,,0.019041101424180376,0.9995512101586888,False,0,True,0,,True,1.2623791953788608,0.8021293196030815,0.8426466512754599,319007.60090258,0.4669020149877581,-0.2626896140968562,1.0505122187684495,2.5510221962572923,2.9726563701121597e-06
-232.59,True,backward,pilot_free_der_m,,,0.01897021959915225,0.9995545612748127,False,0,True,0,,True,1.2623407615724513,0.8021766931992015,0.8427790649824355,319024.1245012241,0.4651110605889257,-0.26201344002108157,1.0506152473980583,2.5505243189489915,2.9722007260398605e-06
-230.16,True,backward,pilot_free_der_m,,,0.018908029078223476,0.9995574891914407,False,0,True,0,,True,1.2623104514647272,0.8022164695502888,0.8429032421103695,319034.80252816813,0.46344450723196395,-0.26138507448026344,1.0507179472180235,2.5500902469759916,2.9717987055802535e-06
-227.53,True,backward,pilot_free_der_m,,,0.018838534633126208,0.9995607499761622,False,0,True,0,,True,1.262283772554651,0.8022629787357348,0.8430474085752993,319053.9998305878,0.4615883189652984,-0.2606804529997035,1.050836734238735,2.549602101645165,2.971270240573169e-06
-225.09,True,backward,pilot_free_der_m,,,0.01877501202001227,0.9995637206554375,False,0,True,0,,True,1.2622513643609081,0.8023016279100589,0.8431842165192525,319067.7954962842,0.4599236785094736,-0.2600477146874331,1.0509566317541819,2.5491496057877043,2.9707868257888206e-06
-222.34,True,backward,pilot_free_der_m,,,0.018705934013872043,0.9995669408318503,False,0,True,0,,True,1.2622546558252468,0.8023855146132073,0.8433076627359244,319080.7000910093,0.45783320214034395,-0.2592355330922376,1.0510006067874291,2.5485842315063407,2.970554829965697e-06
-219.78,True,backward,pilot_free_der_m,,,0.018645643104991626,0.9995697426978576,False,0,True,0,,True,1.2622041992259347,0.802407715474268,0.8434745231276308,319106.4168382701,0.45617519545714785,-0.25860590618085355,1.051179477541651,2.5481239152828503,2.9697770018564166e-06
-217.06,True,backward,pilot_free_der_m,,,0.01858300206424037,0.999572644528309,False,0,True,0,,True,1.2621750432158998,0.802479987807844,0.8435796113706074,319105.5854490874,0.4542422742771944,-0.2578540722704888,1.0512157613737338,2.5475743982927863,2.969693398769982e-06
-214.59,True,backward,pilot_free_der_m,,,0.018527407602894553,0.9995752120573889,False,0,True,0,,True,1.2621828261515302,0.8025366942999307,0.8437351888612089,319128.3696443851,0.4524439583316717,-0.25715245268204817,1.0513353406191808,2.5470924245814843,2.9691326948784137e-06
-211.77,True,backward,pilot_free_der_m,,,0.018464571153225997,0.9995781049438203,False,0,True,0,,True,1.2621366800694735,0.802595299044392,0.8438708558052949,319143.19364668266,0.45048736314484333,-0.256388625381824,1.0514276084223861,2.5465238207903096,2.9687297749100207e-06
-209.28,True,backward,pilot_free_der_m,,,0.018410620887989143,0.9995805812733943,False,0,True,0,,True,1.2621001526696054,0.8026289402807697,0.8440299407305025,319163.589082363,0.4488312536991083,-0.2557455966374875,1.0515817439067798,2.546052092605121,2.9680805904294645e-06
-206.37,True,backward,pilot_free_der_m,,,0.018346297908397997,0.9995835237818037,False,0,True,0,,True,1.2620755848024343,0.8027082975613313,0.8441483571304402,319170.6853010836,0.4467767964270294,-0.2549317771819253,1.0516253036065604,2.545459568831664,2.967903310998719e-06
-203.89,True,backward,pilot_free_der_m,,,0.018292837972362634,0.9995859618574531,False,0,True,0,,True,1.2620722280598948,0.8027599954327566,0.8443044343106046,319192.31409158505,0.4450400676345013,-0.2542450828122805,1.0517520044773183,2.544977587678732,2.9673311619361067e-06
-201.06,True,backward,pilot_free_der_m,,,0.018232873062941787,0.9995886880324183,False,0,True,0,,True,1.2620209629558563,0.802811090710836,0.8444557126244747,319203.17975613277,0.4431511396565404,-0.2534992336737169,1.0518735009960627,2.5444092566733527,2.9668749181523e-06
-193.34,True,backward,pilot_free_der_m,,,0.018077667577147866,0.9995957047544501,False,0,True,0,,True,1.261951835058179,0.8029857740823408,0.8448708350282916,319244.0722879047,0.4378465176989185,-0.251373869371062,1.0521616475632054,2.5428381362997086,2.9656673953537974e-06
-185.66,True,backward,pilot_free_der_m,,,0.017956990729963533,0.9996010745557585,False,0,True,0,,True,1.2617972815268839,0.8032175621115476,0.844928691809421,319259.49272426724,0.4324144780219167,-0.2491563614880059,1.0519300519129844,2.5413859657008313,2.966288272193276e-06
-178.72999999999996,True,backward,pilot_free_der_m,,,0.017858496287650488,0.9996054307912134,False,0,True,0,,True,1.2616616840156059,0.803431339868263,0.8450128747829023,319283.65945198265,0.42745900809250376,-0.24710634489883743,1.051754932688408,2.540013968061882,2.9666515664248567e-06
-176.26999999999998,True,backward,pilot_free_der_m,,,0.017825920754365857,0.9996068663245716,False,0,True,0,,True,1.2616061926268471,0.8035095701817069,0.8450111457637564,319282.2355614164,0.42579817197577624,-0.24641465852498656,1.051650381180481,2.539550247592935,2.967002568674175e-06
-173.76999999999998,True,backward,pilot_free_der_m,,,0.017899969101956372,0.9996034970999567,False,0,True,0,,True,1.2616067479343867,0.8034599099559897,0.8449208629960251,319284.2567431422,0.4272949625502978,-0.24697473701077416,1.0516030140723591,2.5399152410694397,2.9671142950585412e-06
-171.07999999999998,True,backward,pilot_free_der_m,,,0.017981587258208094,0.9995997685341947,False,0,True,0,,True,1.2616037975884105,0.8034060320426842,0.8447905866739661,319288.51282669033,0.42901485167903086,-0.24762031658182873,1.0515113815190813,2.5403538373229932,2.9673384544518793e-06
-168.64,True,backward,pilot_free_der_m,,,0.018035451886474877,0.9995972730952443,False,0,True,0,,True,1.26160465998272,0.8033566907532863,0.8446380466377673,319274.01401375805,0.4308900582874084,-0.24833198022163483,1.0513860858565485,2.5408138670611446,2.967840381215966e-06
-165.89,True,backward,pilot_free_der_m,,,0.018099939347018968,0.9995942816216115,False,0,True,0,,True,1.2616150906809922,0.8032929521707255,0.8444905843985501,319269.4231856084,0.4329688102778763,-0.24911942379267238,1.0512859376103039,2.5413507630257057,2.9681702551694964e-06
-160.55999999999997,True,backward,pilot_free_der_m,,,0.018246076716228275,0.9995874979560848,False,0,True,0,,True,1.2616157185887114,0.8031546194972575,0.8442498991227098,319263.42210435,0.4369305843078385,-0.250615917302689,1.0511673327001172,2.542349913718534,2.9685498258717755e-06
-158.08999999999995,True,backward,pilot_free_der_m,,,0.018306818625879757,0.9995846688645886,False,0,True,0,,True,1.2616030085800674,0.8030826867790086,0.8440796960640231,319247.5716151504,0.4391567161416401,-0.2514741371931655,1.0510495493925347,2.542912719200456,2.9690361506655323e-06
-155.25,True,backward,pilot_free_der_m,,,0.018377205617261607,0.9995813786634616,False,0,True,0,,True,1.261629808369781,0.8029996080574322,0.84394468347411,319243.8773644477,0.4415910317188894,-0.25240347309885924,1.0509901561667379,2.543551697103971,2.9692292230532145e-06
-152.77999999999997,True,backward,pilot_free_der_m,,,0.018434040464283066,0.9995787082820028,False,0,True,0,,True,1.2616474191629738,0.8029400384263236,0.8437896417462354,319232.51361226843,0.44375462350996586,-0.253222856931499,1.050875035949101,2.5440964572280125,2.9696692742184175e-06
-150.33999999999995,True,backward,pilot_free_der_m,,,0.01848171749991424,0.9995764531429034,False,0,True,0,,True,1.2616762052427428,0.8028790554025842,0.8436248347094569,319219.31034243584,0.4459998273478868,-0.25407375388283926,1.050749585548027,2.5446853639080835,2.970157664586073e-06
-147.57999999999998,True,backward,pilot_free_der_m,,,0.018529729530016435,0.9995741683383419,False,0,True,0,,True,1.2616914565943687,0.8028174471050635,0.8434549599072461,319207.43625129847,0.44844701786806357,-0.25498962062498054,1.0506186218905933,2.5452577805465575,2.9706505027666178e-06
-145.15999999999997,True,backward,pilot_free_der_m,,,0.01857216896660321,0.9995721439580328,False,0,True,0,,True,1.2617434661259301,0.8027619182050391,0.8433123463859805,319200.50992445374,0.4506651041771292,-0.2558184623125538,1.0505136420417294,2.5458348517921356,2.9710199930299956e-06
-142.57999999999998,True,backward,pilot_free_der_m,,,0.018615801305144303,0.9995700540148954,False,0,True,0,,True,1.2617212635311583,0.8026871135542747,0.8431489894746552,319189.80147268396,0.45306431432972477,-0.2567152211288004,1.0504080297754084,2.546381861973081,2.9714217532636315e-06
-139.71999999999997,True,backward,pilot_free_der_m,,,0.018660527619330916,0.999567899516306,False,0,True,0,,True,1.2617857218295494,0.8026331885515318,0.8429562882196093,319162.9174068677,0.4557131984961116,-0.2576934350222264,1.0502385152311562,2.5470543998354644,2.972174352291016e-06
-137.05999999999997,True,backward,pilot_free_der_m,,,0.018703104095656578,0.9995658452232886,False,0,True,0,,True,1.2617982944885735,0.8025466252440806,0.8428378207276486,319168.99319952313,0.45818982041980505,-0.2586103847305843,1.0502041803132798,2.54765601684314,2.97219999140422e-06
-134.58999999999995,True,backward,pilot_free_der_m,,,0.01874412428475755,0.9995638639869772,False,0,True,0,,True,1.261815404203997,0.8024886656527822,0.8426682811167288,319151.2328632534,0.4605408867443182,-0.2594722229098151,1.050068763813957,2.5482158599951075,2.9727631086818308e-06
-131.79999999999995,True,backward,pilot_free_der_m,,,0.018790022466361276,0.999561640781631,False,0,True,0,,True,1.261858816609005,0.8024329700864912,0.8424797689833275,319127.4126147446,0.4631682789041035,-0.26042683247139287,1.0499067216698734,2.548848023262128,2.9734647087991026e-06
-129.32999999999998,True,backward,pilot_free_der_m,,,0.01883136682635405,0.9995596344224242,False,0,True,0,,True,1.261859597938631,0.8023566651217277,0.842353609036434,319123.94181738206,0.46552041653600523,-0.26128432667672236,1.0498493321653137,2.5493915089792596,2.9736524654994753e-06
-126.77999999999996,True,backward,pilot_free_der_m,,,0.0188791915603982,0.9995573171734108,False,0,True,0,,True,1.2618854259452723,0.802287394873665,0.8422093176914107,319109.9049896364,0.46800318320556533,-0.26218392087444575,1.049760127197352,2.5499817889912983,2.9740376323971068e-06
-124.15999999999995,True,backward,pilot_free_der_m,,,0.018926130453255495,0.9995550333907613,False,0,True,0,,True,1.2618822107765229,0.8022133044814906,0.8420378739824003,319106.751712086,0.47060830185930075,-0.263122292522582,1.049643367017766,2.5505774507816894,2.9744043624394087e-06
-121.58999999999996,True,backward,pilot_free_der_m,,,0.018972470091440267,0.9995527732604148,False,0,True,0,,True,1.2618987818549678,0.8021378992782049,0.8419230730632526,319098.13779303775,0.47306259837175146,-0.2640016251582312,1.0495989203612597,2.5511315636475813,2.9746010374010533e-06
-113.58999999999996,True,backward,pilot_free_der_m,,,0.019118667808085618,0.9995456069474072,False,0,True,0,,True,1.2619919023441017,0.8019527705631945,0.8414675374269845,319054.86480947695,0.480773396207371,-0.26672073692768217,1.049273184549309,2.552867662555061,2.9759523280795743e-06
-105.90999999999995,True,backward,pilot_free_der_m,,,0.019311554818164465,0.9995360250461688,False,0,True,0,,True,1.2619231094747474,0.801899973358124,0.8403171345022873,318975.4205685808,0.4876614898325957,-0.26906787237348306,1.04790767230392,2.5547538302393145,2.980860582736033e-06
-99.26999999999998,True,backward,pilot_free_der_m,,,0.019394174260842334,0.9995319473803781,False,0,True,0,,True,1.2620958636550552,0.8016096122854404,0.8406108851460846,318986.5327231078,0.49488351467940944,-0.2715905401042889,1.048653699086079,2.555969254769651,2.9783983928330084e-06
-96.64,True,backward,pilot_free_der_m,,,0.019421765880612774,0.9995305811118342,False,0,True,0,,True,1.2621309832429586,0.8014866561817736,0.8407426760156843,319001.3629558219,0.49761733133516783,-0.2725403852311573,1.0489790061146167,2.556395799224149,2.977232929873433e-06
-94.14,True,backward,pilot_free_der_m,,,0.0193386718948851,0.9995346668554969,False,0,True,0,,True,1.2621911886454649,0.8015224614030814,0.8409843442020255,319027.4255379144,0.496023715481695,-0.2719984664818559,1.0492336580685029,2.5559794999011882,2.976219626628876e-06
-91.32999999999998,True,backward,pilot_free_der_m,,,0.019246692334764257,0.9995391693602103,False,0,True,0,,True,1.2621860225427946,0.8015387291061544,0.8411812734839692,319026.3776149444,0.4946567189066067,-0.2715513204482238,1.0494580522915251,2.5555894044817458,2.9755473105296197e-06
-88.71999999999997,True,backward,pilot_free_der_m,,,0.01916130357176063,0.9995433275173795,False,0,True,0,,True,1.2622102801451924,0.8015684968031253,0.8414385735649474,319048.9279419235,0.49288313094961855,-0.2709471003143128,1.049740074517443,2.5551039290790323,2.9744826715508344e-06
-86.10999999999996,True,backward,pilot_free_der_m,,,0.01910125662982137,0.9995462642787929,False,0,True,0,,True,1.2622283027095333,0.8016065241378416,0.8417043055075062,319081.4060551069,0.4907276957426425,-0.2702046614901997,1.050021775225434,2.554555373932158,2.9733293436860635e-06
-81.13999999999999,True,backward,pilot_free_der_m,,,0.019013545996210628,0.9995505748523588,False,0,True,0,,True,1.2622139327480886,0.801639752313903,0.8421869285747756,319116.3755646058,0.48715314362951834,-0.2689934662669027,1.05058029637856,2.553627627337725,2.971308023586675e-06
-78.65999999999997,True,backward,pilot_free_der_m,,,0.018967585569049112,0.9995528277026549,False,0,True,0,,True,1.262205311845588,0.8016439931130226,0.8424453143827009,319137.7775954091,0.4854903591005373,-0.2684365925387487,1.0508970585698953,2.5531911021563185,2.9701443172467617e-06
-76.08999999999997,True,backward,pilot_free_der_m,,,0.01892125172201528,0.9995550951857078,False,0,True,0,,True,1.2622147972613802,0.801682970159085,0.842681117232675,319150.90134096605,0.4835357214112641,-0.26776135873420315,1.0511400997646918,2.552668170066653,2.969292056005012e-06
-73.36999999999995,True,backward,pilot_free_der_m,,,0.018873673258873413,0.9995574199836813,False,0,True,0,,True,1.2622422757965803,0.8016966443944352,0.8429791679928319,319179.5760655908,0.48165146732556496,-0.2671201889841842,1.0514939458547685,2.5522008564691814,2.967951771430741e-06
-70.90999999999997,True,backward,pilot_free_der_m,,,0.018831926672838083,0.9995594569952174,False,0,True,0,,True,1.2622084404302205,0.8017104179399297,0.8431810639842101,319184.7064871134,0.48006951289471433,-0.26658414755877236,1.0517277125459379,2.5517578948603385,2.967196556399715e-06
-68.05999999999995,True,backward,pilot_free_der_m,,,0.01878511811062275,0.9995617381712936,False,0,True,0,,True,1.2622292691811103,0.8017445776157568,0.8434638761710299,319212.712335174,0.4779800648674622,-0.2658569907371781,1.052035647910883,2.5512078966266634,2.96600916096963e-06
-65.46999999999997,True,backward,pilot_free_der_m,,,0.018744038831994766,0.9995637379400235,False,0,True,0,,True,1.2622114850794752,0.8017469785461548,0.8437333307184576,319238.07963272114,0.4762726181419224,-0.26527455350679496,1.052368581729411,2.5507453224722103,2.964762680256781e-06
-62.839999999999975,True,backward,pilot_free_der_m,,,0.018703763053779337,0.9995656969082986,False,0,True,0,,True,1.2622433394573693,0.8017731324365069,0.8440138303257513,319260.70226588054,0.47439654779267965,-0.2646201760699135,1.0526841024977716,2.5502581489741725,2.9636018192319123e-06
-60.27999999999997,True,backward,pilot_free_der_m,,,0.018665951593658716,0.9995675347775017,False,0,True,0,,True,1.2622326420571948,0.8017898222379602,0.8442585601636253,319278.1472173172,0.47266625335027235,-0.2640199263698351,1.0529674195752774,2.54978345580731,2.962584926037765e-06
-57.559999999999945,True,backward,pilot_free_der_m,,,0.01862730813533755,0.999569412241015,False,0,True,0,,True,1.2622170562247998,0.801814237533678,0.8445023620013942,319293.53019546386,0.47081629784043677,-0.26337295108514097,1.0532394193934767,2.5492653728782773,2.9616242058359374e-06
-55.089999999999975,True,backward,pilot_free_der_m,,,0.018593591806661914,0.9995710499707594,False,0,True,0,,True,1.262254596039735,0.8018483184681664,0.8447418732853791,319308.3144288529,0.46908093143646146,-0.2627588952030746,1.0534933525821388,2.5488174012707248,2.9607270110803543e-06
-52.29999999999996,True,backward,pilot_free_der_m,,,0.018557069171410104,0.9995728240307953,False,0,True,0,,True,1.2622460172787822,0.8018437124425317,0.8450856607095896,319346.86642977764,0.4671948120053252,-0.2621021352269192,1.053928150331611,2.5482922154785554,2.959051994830982e-06
-49.839999999999975,True,backward,pilot_free_der_m,,,0.018526268754482076,0.9995743206093591,False,0,True,0,,True,1.2622260313963412,0.8018562932011959,0.8453209448984402,319367.4169025852,0.4655787187351203,-0.2615340917742566,1.0542050390646975,2.5478329270011555,2.9580274539965362e-06
-46.86999999999995,True,backward,pilot_free_der_m,,,0.018490856329254225,0.9995760424567716,False,0,True,0,,True,1.2622252124646585,0.801890361813612,0.8455868138719698,319381.1354217989,0.4635681264446471,-0.2608178989450292,1.0544918035422335,2.5472677653638782,2.957042934274452e-06
-44.40999999999997,True,backward,pilot_free_der_m,,,0.01846299631641083,0.999577398496933,False,0,True,0,,True,1.2622505225323895,0.8019034150751025,0.8458947529161005,319420.0992354752,0.46180422545846617,-0.2601865343869669,1.0548586488272755,2.546786634306755,2.955577722310752e-06
-41.51999999999998,True,backward,pilot_free_der_m,,,0.018431970591290838,0.9995789107933054,False,0,True,0,,True,1.2622181058139241,0.8019201692064106,0.8461284039853609,319425.74475033855,0.4600467869533054,-0.2595671781733509,1.0551279746744608,2.5462864723005647,2.9547171685398216e-06
-33.839999999999975,True,backward,pilot_free_der_m,,,0.01835860275068451,0.9995825028696625,False,0,True,0,,True,1.2622361486368137,0.801977353887935,0.8469673914056337,319503.93578393734,0.4547700365437048,-0.25766036105687307,1.056098887704983,2.5447768509419,2.95108381892642e-06
-26.21999999999997,True,backward,pilot_free_der_m,,,0.018299028207257498,0.9995854522058276,False,0,True,0,,True,1.2622306332406215,0.8020324154969786,0.847733364109125,319558.64190282056,0.4498187571781622,-0.2558611681458773,1.056981423355349,2.5433434284360015,2.947939900065047e-06
-19.519999999999985,True,backward,pilot_free_der_m,,,0.018257679396597875,0.999587538172873,False,0,True,0,,True,1.2622156791283758,0.8020701144545355,0.8484500552490021,319621.43271744426,0.4454546137003323,-0.25425913654906934,1.0578252947699072,2.5420472232999383,2.9448384671208102e-06
-16.909999999999968,True,backward,pilot_free_der_m,,,0.018244393947815934,0.9995882219563123,False,0,True,0,,True,1.262226948985277,0.8020887429129621,0.8487370829960643,319643.47888083634,0.44373625551343465,-0.25362278783183867,1.0581585772089115,2.541547306700685,2.943641599706139e-06
-14.449999999999989,True,backward,pilot_free_der_m,,,0.01823332845613561,0.9995888002543266,False,0,True,0,,True,1.262196413880854,0.80210430374809,0.8489757995632335,319660.633649969,0.442161811889181,-0.2530389137559739,1.0584356617912676,2.5410510925575025,2.942658042263917e-06
-11.659999999999968,True,backward,pilot_free_der_m,,,0.018222493898668892,0.9995893783736415,False,0,True,0,,True,1.2622187188160994,0.8021296734437253,0.8492784540791587,319683.2722819234,0.4403401385697392,-0.25235746274138876,1.0587794993707351,2.540519450616477,2.9414277405179574e-06
-9.21999999999997,True,backward,pilot_free_der_m,,,0.018214518949348408,0.9995898161073624,False,0,True,0,,True,1.2622077474718822,0.8021410944547185,0.8495334076657498,319705.03450611123,0.4388263392544659,-0.25179407581237895,1.0590822656246628,2.54005718583721,2.9403250975262687e-06
-6.2999999999999545,True,backward,pilot_free_der_m,,,0.01820684089121325,0.9995902557484068,False,0,True,0,,True,1.2622030465592753,0.8021681332236286,0.8498202355292833,319712.71277659433,0.4369408384393137,-0.25108647948555446,1.0594041327896657,2.539488262597902,2.939300266357567e-06
-1.339999999999975,True,backward,pilot_free_der_m,,,0.018198382605549665,0.9995907961077848,False,0,True,0,,True,1.2622277303231124,0.8021955596874049,0.8503880583813387,319777.0660404937,0.433810339376472,-0.24990350134638137,1.0600757485029126,2.5385498656046956,2.9367114417342027e-06
0.0,True,reference,pilot_free_der_m,,,0.018197102290114904,0.9995908969169353,False,0,False,0,,True,1.2621808814720996,0.8021953396749107,0.8505121187210317,319777.7360636457,0.43302896917909023,-0.24961307541087085,1.060230690277634,2.5382681650908103,2.936242910542146e-06
1.3400000000000318,True,forward,pilot_free_der_m,,,0.024057666144648153,0.9993001108348897,False,0,True,0,,True,1.2752522132541204,0.8221966508094766,0.8320994065381455,318730.3833707044,0.40091535026052205,-0.2335782853481849,1.0120442666835476,2.5032958815246196,3.0985397073445177e-06
3.9700000000000273,True,forward,pilot_free_der_m,,,0.08829276838514942,0.9911323706891682,False,0,True,0,,True,1.3127389607929123,0.8684502574203705,0.7850072311270502,312201.3142096654,0.3938437795545898,-0.22672247738099924,0.9039173221720516,2.4568082588824245,3.531830966363039e-06
6.660000000000025,True,forward,pilot_free_der_m,,,0.03726735285381865,0.9983705761684899,False,0,True,1,,True,1.2561853711894566,0.8273100334712669,0.8201654913085322,320698.4597928062,0.354459402812089,-0.22173120095927043,0.9913641296809164,2.4627123295123483,3.146274712286544e-06
9.160000000000023,True,forward,pilot_free_der_m,,,0.02274247911336646,0.9993965963924503,False,0,True,1,,True,1.2326043970264329,0.8109327221721536,0.8279988421460366,319593.8977794177,0.31901346253286533,-0.21538325386330762,1.021045050356545,2.4745420376010845,3.0605420650985868e-06
11.920000000000016,True,forward,pilot_free_der_m,,,0.014581271607202939,0.9997564754447118,False,0,True,0,,True,1.2213703754011194,0.8038957150805593,0.8233851275165268,315300.24343191733,0.2961323806916619,-0.21363183237152025,1.0242437073246675,2.4898265372121946,3.0910186147478773e-06
14.340000000000032,True,forward,pilot_free_der_m,,,0.014022310472969585,0.9997793367152847,False,0,True,0,,True,1.2169986382338087,0.8019631292189395,0.8147897829742355,311100.86827519437,0.28538208025673906,-0.21592035000675042,1.0159940691634892,2.5029028637232,3.15990077417265e-06
16.950000000000045,True,forward,pilot_free_der_m,,,0.014621342740157294,0.9997657744059109,False,0,True,0,,True,1.2146358179654877,0.8035283303078965,0.8052743506448097,306886.5532104229,0.25930589193299264,-0.20727390818206526,1.0021729418504064,2.5064304374488926,3.25094049045695e-06
19.53000000000003,True,forward,pilot_free_der_m,,,0.015525628067092907,0.9997424008564115,False,0,True,1,,True,1.2128245938502187,0.8055992529190767,0.797158805136153,303548.28524056764,0.23337530273971643,-0.19676038447875482,0.9895227710895462,2.506908714382828,3.331743221209924e-06
21.970000000000027,True,forward,pilot_free_der_m,,,0.01636091671622853,0.9997208519646401,False,0,True,1,,True,1.2109001384859643,0.8069495119404192,0.7916178644116509,301356.73963651975,0.21003777246576502,-0.18624790987369774,0.9810004872648089,2.506243127758939,3.3870543755214364e-06
24.590000000000032,True,forward,pilot_free_der_m,,,0.015467129476153555,0.9997572730577824,False,0,True,1,,True,1.2085668040710427,0.807011743585572,0.7877826793704876,299999.30681024457,0.1890339988151759,-0.17729443748320908,0.9761725100434732,2.507552409656422,3.420357902050862e-06
27.220000000000027,True,forward,pilot_free_der_m,,,0.016877519915972826,0.9997192257621167,False,0,True,1,,True,1.205813152519175,0.8060104849429602,0.7852448091774334,299304.90792046714,0.17013060821647538,-0.1694373456963869,0.9742364694337737,2.5104317983233075,3.435732088360604e-06
29.970000000000027,True,forward,pilot_free_der_m,,,0.019071565578365642,0.9996527151366392,False,0,True,1,,True,1.2025513658019957,0.8039350463155659,0.78324965482417,298992.82083565055,0.15311754739520264,-0.16342300655700653,0.9742698224362814,2.5159822489190105,3.4395209367502446e-06
32.53000000000003,True,forward,pilot_free_der_m,,,0.021718830694960885,0.9995634720086448,False,0,True,1,,True,1.1993272528988732,0.8016095187353108,0.7817356976099464,298894.67858620017,0.13780580149572147,-0.15770681973708509,0.9752076033768672,2.5218741699192844,3.437453022262492e-06
35.34000000000003,True,forward,pilot_free_der_m,,,0.025528978544590217,0.9994184376095119,False,0,True,1,,True,1.195544221678744,0.7981815453017284,0.7802559125799879,298890.5090329628,0.12402522134617135,-0.15519076043536392,0.9775419103244687,2.5313240172775218,3.4291284726061112e-06
37.910000000000025,True,forward,pilot_free_der_m,,,0.03018624104195986,0.9992153217874713,False,0,True,1,,True,1.1918386187879415,0.7942189185587153,0.7796948665821865,299328.92685898195,0.11162269921155422,-0.15347440052746586,0.9817127851815896,2.5417348763353114,3.408783953756961e-06
45.75,True,forward,pilot_free_der_m,,,0.05601456389177017,0.9976165007990325,False,0,True,1,,True,1.1738311597298563,0.769587666410858,0.7854877975340666,303501.94472447695,0.10046042929039882,-0.21889715132253942,1.020660584644453,2.6029276550264746,3.2191331000498437e-06
53.53000000000003,True,forward,pilot_free_der_m,,,0.09923381804588911,0.9936752182288261,False,0,True,2,,True,1.168208367336093,0.7604089905944258,0.7793129290129781,302586.5898057105,0.09041438749313134,-0.3188971297260989,1.0248602247637482,2.6426788405337076,3.2124314197763596e-06
60.80000000000001,True,forward,pilot_free_der_m,,,0.2721731310827758,0.9642816124716207,False,0,True,2,,True,1.2020533379907499,0.7923792665077622,0.7221317331505498,282758.2545119012,0.08137294874398307,-0.4188971297158186,0.9113460733686116,2.677259611118004,3.914938072728377e-06
63.25,True,forward,pilot_free_der_m,,,0.06640863721596393,0.9972933751182125,False,0,True,2,,True,1.1858959153332531,0.7834743017811389,0.7450670694120387,296207.60039318906,0.08951023859532181,-0.31889718348258983,0.9509783125218202,2.6374339709983556,3.5699166449834067e-06
65.94000000000005,True,forward,pilot_free_der_m,,,0.08635794060915887,0.9955979965711179,False,0,True,1,,True,1.1995067664699866,0.7995696808820306,0.7213328747856679,289179.13831355266,0.09846033224538188,-0.3257620298644335,0.9021513597038131,2.6413960100191614,3.865599105992731e-06
68.55000000000001,True,forward,pilot_free_der_m,,,0.061892965798522624,0.997581420958799,False,0,True,1,,True,1.2046440468332855,0.8093071293116754,0.7127050984988782,288106.9356484206,0.1083063652403343,-0.2821615336014488,0.8806361301982373,2.627469201530131,3.9739743172076614e-06
70.98000000000002,True,forward,pilot_free_der_m,,,0.06765450240010763,0.9969937526330811,False,0,True,1,,True,1.2006458022328097,0.8090318399284214,0.7155536607751726,289927.1061895733,0.09747581967468456,-0.2406159354776107,0.8844567363856541,2.614224027547403,3.931090461214595e-06
73.53000000000003,True,forward,pilot_free_der_m,,,0.07818616011303019,0.9958749642221483,False,0,True,1,,True,1.189968966731755,0.800556616575467,0.7262343899327073,293759.9822065464,0.08772878426435853,-0.21782961515468655,0.9071618107902385,2.606593087929047,3.781931059433131e-06
78.75,True,forward,pilot_free_der_m,,,0.038364516916230565,0.998961308504313,False,0,True,1,,True,1.1609815909420746,0.7720161581892397,0.7564980090327165,302338.2274697764,0.07895590583792794,-0.21927602941598204,0.9798991912385344,2.612530026836967,3.3844989532262263e-06
81.30000000000001,True,forward,pilot_free_der_m,,,0.03642946509892625,0.9990618334761959,False,0,True,1,,True,1.1608719092493236,0.7745527030601986,0.7534536513972261,301798.36980355385,0.07106031525413517,-0.19519797859977184,0.9727596952672015,2.6062858977153502,3.418296659169798e-06
83.94000000000005,True,forward,pilot_free_der_m,,,0.03441841346491713,0.9991610650251884,False,0,True,1,,True,1.160439176749115,0.7771817924717896,0.7505048212299571,301226.4783667618,0.06395428372882069,-0.17115282447640962,0.965674734662803,2.59883678219837,3.452540092472231e-06
86.72000000000003,True,forward,pilot_free_der_m,,,0.031565082861281575,0.9992926685104192,False,0,True,1,,True,1.159174665676662,0.7783773437517411,0.7491765866249751,300745.484533814,0.05755885535598068,-0.1492790618738934,0.9624850885484157,2.593072687373763,3.4706345738490123e-06
89.42000000000007,True,forward,pilot_free_der_m,,,0.028691344156327445,0.9994144678553667,False,0,True,1,,True,1.158294312988589,0.7804154480825573,0.7472857854323027,299966.29671061155,0.05180296982057759,-0.1265098850042921,0.957548684189104,2.5854883606354093,3.4991800130698282e-06
92.02999999999996,True,forward,pilot_free_der_m,,,0.02614247302600887,0.999513079853518,False,0,True,0,,True,1.1574826152168727,0.7816291916973342,0.7467952106939605,299509.9073069381,0.046640727902547044,-0.10571281425209664,0.955434135043331,2.5792243364082252,3.5128134083750763e-06
94.84000000000005,True,forward,pilot_free_der_m,,,0.02361533110326487,0.9996020050501343,False,0,True,1,,True,1.1571876730531454,0.7854281445745455,0.7453469573257256,298310.9580519859,0.04197665797349391,-0.08014992034543855,0.948968995412647,2.5645719288201003,3.5524146815416406e-06
97.47000000000004,True,forward,pilot_free_der_m,,,0.021280123163689796,0.9996763282463174,False,0,True,1,,True,1.1562918889205458,0.7881944543392159,0.7452430809924641,297384.38146815175,0.037778993965488374,-0.05685101099782665,0.9455066283322684,2.5507878109478526,3.57691963353726e-06
100.11,True,forward,pilot_free_der_m,,,0.018999927498523063,0.9997415770872712,False,0,True,1,,True,1.1554989911875484,0.7908266337726081,0.7470184628149503,296635.6768872251,0.0340010945690058,-0.0337391808822127,0.9446045832464284,2.534542099912965,3.5887397290424817e-06
102.59000000000005,True,forward,pilot_free_der_m,,,0.01679683508134839,0.999797738234734,False,0,True,1,,True,1.1544466921260808,0.7932534942474658,0.750526805067514,295947.5783959017,0.030600985567278673,-0.010982218638600529,0.9461374081680091,2.515647422944173,3.589811170653505e-06
105.44000000000004,True,forward,pilot_free_der_m,,,0.014589355835638359,0.9998471534910212,False,0,True,1,,True,1.153052555022045,0.7954494310401098,0.7558266263608856,295362.2934467919,0.027540887221589695,0.011524462081028806,0.9501881538498125,2.4940188613077385,3.579438091314931e-06
108.09000000000005,True,forward,pilot_free_der_m,,,0.012787522428646022,0.9998823944527736,False,0,True,1,,True,1.1514744176184706,0.7974039854345315,0.7633591066489392,294735.21913803683,0.024786798499435474,0.03361478550223576,0.9573053566229167,2.469422483602984,3.557468602252838e-06
110.91000000000008,True,forward,pilot_free_der_m,,,0.011723344402645157,0.9999009916995686,False,0,True,1,,True,1.1496469122934874,0.7988975897547145,0.7736805374597447,294268.73617455445,0.02230811866899052,0.0552234035435181,0.9684351879159979,2.4419355196956656,3.518368648797048e-06
113.52999999999996,True,forward,pilot_free_der_m,,,0.0117774247398709,0.9998999240744484,False,0,True,0,,True,1.1483647323390977,0.7995675420943738,0.7778872998039986,294041.98115659814,0.021436110834991518,0.06381857186307147,0.9728850395382656,2.4294932810271317,3.5035279201796714e-06
115.97000000000004,True,forward,pilot_free_der_m,,,0.01154190507195804,0.9999037518241994,False,0,True,0,,True,1.1476125523117393,0.7999074321162005,0.777135526973927,293953.5587135206,0.021465370874480066,0.06444202603384183,0.9715318245237087,2.427712497014983,3.5098013178504434e-06
118.64,True,forward,pilot_free_der_m,,,0.011522513165236236,0.9999039343150252,False,0,True,0,,True,1.146865599571454,0.8001388929368436,0.7758039987193115,293994.27237490355,0.02157216183573572,0.06434597766648731,0.9695866624752949,2.4273492060049735,3.5168830306444026e-06
125.44000000000004,True,forward,pilot_free_der_m,,,0.011532353959540706,0.999903411825627,False,0,True,0,,True,1.14494796584585,0.8007505486161217,0.7723034440959763,294062.2928491597,0.021852713978275984,0.06404042021894303,0.9644744489163217,2.4265060964905407,3.536077204053254e-06
133.34000000000003,True,forward,pilot_free_der_m,,,0.011780163916807244,0.9998988174326476,False,0,True,0,,True,1.1438784330219836,0.8005133913269286,0.7696712929942287,294578.0000504758,0.022617756995824495,0.05926987161808462,0.9614721019450079,2.4295850158046775,3.5418484304712733e-06
141.61,True,forward,pilot_free_der_m,,,0.01206099391788616,0.9998934906949235,False,0,True,0,,True,1.1424750101686751,0.8004293205129938,0.7667092924106463,295035.8047335632,0.023337677610800005,0.05526008300590745,0.957872572583003,2.431887290352382,3.550731896783974e-06
144.16000000000008,True,forward,pilot_free_der_m,,,0.012507280981050764,0.9998851030679005,False,0,True,0,,True,1.1428081910974324,0.8007199622613945,0.7609108252384789,295170.12325497466,0.024721080069081507,0.04636448238303323,0.9502833213868096,2.4411546487323106,3.5796524467055504e-06
146.98000000000002,True,forward,pilot_free_der_m,,,0.01254228721915907,0.9998843470777763,False,0,True,0,,True,1.142180521309228,0.8006313867576487,0.7612169819961072,295316.1736757517,0.02467911581410019,0.04700105369928851,0.9507708473419214,2.439662910997828,3.5759295819511447e-06
149.89,True,forward,pilot_free_der_m,,,0.012134825015364056,0.9998914571112362,False,0,True,0,,True,1.1414281073364114,0.8007444486990579,0.7622369668831795,295462.74488968874,0.02465980056842675,0.048457749045930865,0.951910398032181,2.4358619887145196,3.5694995305040126e-06
152.34000000000003,True,forward,pilot_free_der_m,,,0.011913970536539767,0.9998951739764497,False,0,True,0,,True,1.1405495717332061,0.8006476561912392,0.7642598629902528,295626.79456881323,0.024390126380558687,0.05124554302827918,0.9545520518050514,2.4309836332902437,3.556888073133382e-06
155.20000000000005,True,forward,pilot_free_der_m,,,0.012063380717669926,0.9998923264811109,False,0,True,0,,True,1.139404469673687,0.8003503328234953,0.7669123246261577,295836.8001799423,0.02400781266495234,0.05470558227034228,0.958220785541034,2.4253401603205327,3.5397492148019985e-06
160.17000000000007,True,forward,pilot_free_der_m,,,0.0127045407511694,0.9998802468494328,False,0,True,0,,True,1.13736750707937,0.7995311960334253,0.7707392062063231,296286.09393244167,0.023482534704313062,0.05919902146638534,0.9639889100388542,2.4180581852803855,3.5117257926557616e-06
162.72000000000003,True,forward,pilot_free_der_m,,,0.01273001553316457,0.9998796675881788,False,0,True,0,,True,1.1367843987833273,0.7994304602337275,0.7709101844727207,296428.0449850187,0.0234676146579044,0.05956072745925715,0.9643242568557265,2.4169539820222274,3.508746501210484e-06
165.27999999999997,True,forward,pilot_free_der_m,,,0.01275769869769865,0.9998790442701065,False,0,True,0,,True,1.1362011120077857,0.7993218994593257,0.7712056246996736,296589.2586454646,0.023440586352742186,0.06002234789607786,0.9648248411826693,2.415677103202878,3.504894889945471e-06
167.94000000000003,True,forward,pilot_free_der_m,,,0.01281623681613225,0.9998778169117416,False,0,True,0,,True,1.1354877661250098,0.798987124542561,0.7713979062256502,296769.384391241,0.023424834256544774,0.0601998826193951,0.9654697585612455,2.415229953347301,3.5003090202010482e-06
170.41000000000008,True,forward,pilot_free_der_m,,,0.01281923214099807,0.9998776616564216,False,0,True,0,,True,1.1348983779134716,0.7987982406959746,0.7712034585402927,296865.7920530464,0.023450085256141253,0.06012286614733247,0.9654546282780503,2.4150774390968928,3.4992732574209262e-06
172.98000000000002,True,forward,pilot_free_der_m,,,0.012816727926441637,0.9998776120725245,False,0,True,0,,True,1.134358084767395,0.7986657710433206,0.7711486092032231,296980.2906657614,0.023460867172661604,0.060228968056695184,0.9655460859376119,2.4145659498247554,3.49759432738077e-06
175.59000000000003,True,forward,pilot_free_der_m,,,0.01283627782493463,0.9998771410786365,False,0,True,0,,True,1.1338441139601725,0.798560714064442,0.7712030098931258,297099.50201737747,0.02346287408616027,0.06044252244000911,0.9657412345868189,2.413817262846087,3.4954484167733613e-06
178.16000000000008,True,forward,pilot_free_der_m,,,0.012864491555613106,0.999876504504983,False,0,True,0,,True,1.1333520198631577,0.7984767032612018,0.7712501078648765,297218.50284813304,0.02346513357546929,0.06066780031608691,0.9659018287131931,2.4130398651939746,3.4934376303385864e-06
180.70000000000005,True,forward,pilot_free_der_m,,,0.012901101624181448,0.9998757052255016,False,0,True,0,,True,1.132856589199525,0.798416341130919,0.7713447020331909,297323.7123101052,0.02345716609483525,0.06099131073307557,0.9660933303802596,2.4120795156785215,3.4914642620515247e-06
183.16000000000008,True,forward,pilot_free_der_m,,,0.012939699944177532,0.9998748673749671,False,0,True,0,,True,1.132370243364725,0.7983190422567712,0.7714901084073383,297458.4025308635,0.02345162480762467,0.06126340182192676,0.9663932182131219,2.4112079373929705,3.4887303068653396e-06
185.59000000000003,True,forward,pilot_free_der_m,,,0.012992254525444077,0.9998737562251871,False,0,True,0,,True,1.1319135133810327,0.7982822489790955,0.771658598108663,297544.6358057881,0.023430386120168272,0.06169508778988835,0.966648825143637,2.410111571250516,3.486727259039148e-06
188.20000000000005,True,forward,pilot_free_der_m,,,0.013017363603469403,0.9998731678156986,False,0,True,0,,True,1.13139986401071,0.7982154142726257,0.7717156212053017,297653.3792843202,0.023429827401798026,0.06196252510218283,0.9668012010373517,2.409200701337061,3.4848719802304623e-06
190.66000000000008,True,forward,pilot_free_der_m,,,0.013070342380477386,0.9998720381682422,False,0,True,0,,True,1.1309178116573038,0.7981644599726642,0.7717281266220357,297753.3388703922,0.023432197428683497,0.062199536475075985,0.9668785887164986,2.4083642116219406,3.4834104605276446e-06
193.47000000000003,True,forward,pilot_free_der_m,,,0.013238680266646126,0.9998686095021885,False,0,True,0,,True,1.1303988559515172,0.7981457330504088,0.7720888129963217,297839.3495582797,0.023390864662412712,0.0628567212164732,0.9673531800332993,2.4067470324012508,3.4805558489644716e-06
195.91000000000008,True,forward,pilot_free_der_m,,,0.013192310698568915,0.9998694330983549,False,0,True,0,,True,1.1299288664657412,0.7981597534615712,0.7727865939909612,297887.35970227316,0.023304643604698062,0.06385969424949654,0.9682104248421846,2.404550322842265,3.476651091733155e-06
198.58000000000004,True,forward,pilot_free_der_m,,,0.01322787801207427,0.999868627013779,False,0,True,0,,True,1.1294719261426545,0.7981178004527665,0.7729759127514135,297994.2274321009,0.02329061081925723,0.06426209266352031,0.9684985252965287,2.4034426262483612,3.4742916343493073e-06
205.02,True,forward,pilot_free_der_m,,,0.013321329664087443,0.9998665168133277,False,0,True,0,,True,1.1283971408861442,0.7980254659272035,0.7736458238365097,298249.398032944,0.02322879560148296,0.06545910134605272,0.9694500449777405,2.400447144600619,3.4676424070511547e-06
212.84000000000003,True,forward,pilot_free_der_m,,,0.013509831436001662,0.99986242023493,False,0,True,0,,True,1.1275058931589692,0.797562202193584,0.7752102303653688,298729.5868217562,0.023287823219591944,0.06558429977630761,0.9719746349980739,2.397925691102986,3.452398183626294e-06
220.67000000000007,True,forward,pilot_free_der_m,,,0.013597980392211557,0.9998602899101328,False,0,True,0,,True,1.1258331567463904,0.7977236627557641,0.7755617898918088,298923.6298636656,0.023093684122955142,0.06820117971711281,0.9722186091517,2.393136431393262,3.4491892046886888e-06
223.30000000000007,True,forward,pilot_free_der_m,,,0.013719604433892306,0.9998575901147942,False,0,True,0,,True,1.1255010279316366,0.7979196479413728,0.7740865068611894,298970.5202334716,0.023319815204244997,0.06712950996537491,0.9701309008473814,2.3940077405098226,3.4566652404528378e-06
225.78,True,forward,pilot_free_der_m,,,0.013670245327397012,0.999858577901857,False,0,True,0,,True,1.1247532577892851,0.797855813719188,0.7755495711888376,299027.53464101953,0.02300548287798701,0.06963790267005361,0.9720422635935053,2.39031751458605,3.448646283437909e-06
228.44000000000003,True,forward,pilot_free_der_m,,,0.013389661871730366,0.9998642259134883,False,0,True,0,,True,1.1239561377388236,0.7978185206357661,0.7776343209578823,299112.0501805159,0.022666291981055364,0.07264076925879306,0.9747007631988797,2.385427757507694,3.4374772827203995e-06
230.91000000000008,True,forward,pilot_free_der_m,,,0.013351730033775124,0.9998649143859265,False,0,True,0,,True,1.123125392019923,0.7977042820075614,0.7797987203182963,299213.48380143073,0.022325000616209123,0.07557779201184316,0.9775536347326573,2.380676878894727,3.425449042745644e-06
233.47000000000003,True,forward,pilot_free_der_m,,,0.013334751156174395,0.9998651835500616,False,0,True,0,,True,1.122222794707141,0.7975737876785586,0.7819486753051216,299277.3197415542,0.021978640496275546,0.07854433637374943,0.9804091952182683,2.375885772325133,3.4139114411823212e-06
238.53,True,forward,pilot_free_der_m,,,0.013326634959759883,0.9998652202343602,False,0,True,0,,True,1.1205242535128048,0.7972013367643057,0.7862502572428431,299483.41751662915,0.021337901238171145,0.08402923430544652,0.9862630943822661,2.36704910904367,3.3896213918671325e-06
240.97000000000003,True,forward,pilot_free_der_m,,,0.013309741009275363,0.9998655168252417,False,0,True,0,,True,1.1197862030224293,0.7970699292137391,0.7880336979608389,299575.73264900595,0.021073095034510655,0.08633913133135111,0.9886631888599613,2.3632448850571914,3.379653074030935e-06
243.59000000000003,True,forward,pilot_free_der_m,,,0.013307520469256418,0.9998655138060664,False,0,True,0,,True,1.1189723132578901,0.7969290511409509,0.789831407686803,299661.5382304908,0.02080542139084969,0.08869725067681825,0.9910937574129262,2.3593121786509785,3.3696932576616154e-06
246.03,True,forward,pilot_free_der_m,,,0.013311988758032857,0.9998653743475661,False,0,True,0,,True,1.1181734227139644,0.7967089808585949,0.7916676781176986,299747.01977407624,0.020546397568324593,0.09093736517065004,0.9936723410153311,2.355690660302589,3.3592436509217448e-06
248.53,True,forward,pilot_free_der_m,,,0.013330996720311357,0.9998649423815598,False,0,True,0,,True,1.1174144261471983,0.7965134282572127,0.7932766262485201,299818.1828530686,0.0203128885859123,0.09298107288056137,0.9959362869552937,2.352416964661361,3.350154103837787e-06
251.09000000000003,True,forward,pilot_free_der_m,,,0.013358396335587903,0.999864340544686,False,0,True,0,,True,1.1166508346016288,0.7963513931817534,0.7950451346887853,299878.7156883124,0.020071844195223558,0.09515421098671842,0.99835969585267,2.3487646907148543,3.340640453969532e-06
253.53,True,forward,pilot_free_der_m,,,0.013409035523335755,0.9998632669135874,False,0,True,0,,True,1.1159279251503045,0.7961706810139892,0.7967687408779249,299964.6856788935,0.019845227336087626,0.09719724179140656,1.000751170418853,2.3453566169074667,3.33100364746525e-06
256.1600000000001,True,forward,pilot_free_der_m,,,0.013481936701300153,0.9998617296347919,False,0,True,0,,True,1.1151555819109824,0.795992425724055,0.7987285356296906,300053.45936545177,0.01960344458145299,0.09942913426748258,1.0034373567099546,2.341490617491943,3.3203178759709593e-06
258.72,True,forward,pilot_free_der_m,,,0.01357124850673799,0.9998598460965173,False,0,True,0,,True,1.1144118076886358,0.7957888620103257,0.8007245591410134,300163.6689524694,0.019370612966009334,0.10158234950285466,1.0062022696802002,2.337750192019846,3.309167640837586e-06
261.1600000000001,True,forward,pilot_free_der_m,,,0.013670662903946135,0.9998577415379429,False,0,True,0,,True,1.1136689974759997,0.7956330436958692,0.8024616819954855,300209.40636716556,0.019159601307207418,0.10356953001991237,1.0085826479351536,2.334221584721091,3.3001560275560047e-06
263.78,True,forward,pilot_free_der_m,,,0.013804555168332937,0.9998548938230859,False,0,True,0,,True,1.1129248885003242,0.7954387671281236,0.8042553120855231,300295.58208244154,0.01894983259203687,0.10554383562788648,1.0110838763733268,2.330776160147123,3.290310522382707e-06
266.34000000000003,True,forward,pilot_free_der_m,,,0.013937973054269016,0.9998520284686264,False,0,True,0,,True,1.1121741865498738,0.7952411247812037,0.8061481519679432,300383.47095335805,0.01874106891775787,0.10753425662032838,1.0137153711583269,2.3271974208630355,3.280032534071669e-06
269.09000000000003,True,forward,pilot_free_der_m,,,0.014113884281067898,0.9998482183819778,False,0,True,0,,True,1.1113480122321526,0.7950627881535681,0.808198800254245,300427.8199791424,0.018515116340883875,0.1097294622556502,1.0165219807748562,2.323164739737755,3.269666586173949e-06
271.6600000000001,True,forward,pilot_free_der_m,,,0.014331645216570774,0.9998434496103725,False,0,True,0,,True,1.1106019727301135,0.7948209987178376,0.810124383469537,300553.1664199258,0.0183181149964077,0.111616105066072,1.01925387574861,2.319759189710486,3.2587296245734368e-06
274.4100000000001,True,forward,pilot_free_der_m,,,0.014477339342953546,0.9998401978911444,False,0,True,0,,True,1.1098257143367136,0.7946539708270468,0.8126615218857662,300587.97905793216,0.018080297104012273,0.11400858530288616,1.0226608709196756,2.315109678831684,3.2464963745837064e-06
277.14,True,forward,pilot_free_der_m,,,0.014696824179879676,0.9998352651960488,False,0,True,0,,True,1.1090992384534282,0.7944563463525872,0.8147405927278836,300658.7335187073,0.017878932708956442,0.1160192133389319,1.0255322353058454,2.3113778859212633,3.2357932360663655e-06
283.75,True,forward,pilot_free_der_m,,,0.01529275463191792,0.9998215043890101,False,0,True,0,,True,1.1072157184936051,0.7938470615445339,0.8201048537138895,300916.82091434934,0.017391962153342766,0.12088845289970006,1.0330766383618875,2.302214916822347,3.207152869257964e-06
291.59000000000003,True,forward,pilot_free_der_m,,,0.016242482441553296,0.9997985000713413,False,0,True,0,,True,1.1055055010948063,0.7928450104042137,0.8261195392686775,301347.9889783376,0.01696955244304313,0.12489586083047839,1.0419685164538017,2.2942054069126088,3.172491672418812e-06
299.9100000000001,True,forward,pilot_free_der_m,,,0.017370905335978105,0.9997693589567004,False,0,True,0,,True,1.1037502488753277,0.7917412413332209,0.8334163984447386,301804.7769858861,0.016504542292786563,0.12944058067434844,1.0526373453040547,2.284875775433376,3.132262426493288e-06
302.4200000000001,True,forward,pilot_free_der_m,,,0.017552195167861474,0.9997643757257114,False,0,True,0,,True,1.1034195792130956,0.7915271460805073,0.8346912796980407,302017.3596453751,0.016469142713380208,0.1299681396826123,1.0545327268070008,2.2833022017684383,3.1238277788970056e-06
305.13,True,forward,pilot_free_der_m,,,0.017284044865128512,0.9997711323379329,False,0,True,0,,True,1.1033820269892491,0.791893595051102,0.8324429956099976,302032.6166919172,0.016713712364213585,0.12829373121004278,1.0512056175378952,2.284841079862886,3.134615289277161e-06
307.84000000000003,True,forward,pilot_free_der_m,,,0.017072152849331498,0.9997762906380908,False,0,True,0,,True,1.1032677599244105,0.7922264817475845,0.83046422559134,302068.0854813098,0.016960236881194954,0.1267005009924043,1.0482661773176356,2.285998679186883,3.143967938678317e-06
310.48,True,forward,pilot_free_der_m,,,0.0169518383233317,0.9997790445388567,False,0,True,0,,True,1.1032812528151428,0.7925011227843569,0.8288270197766726,302167.4738671504,0.017189576594397866,0.12523571363456806,1.0458370290564245,2.287193180679194,3.1509992864599213e-06
313.03,True,forward,pilot_free_der_m,,,0.01657737358516457,0.9997883579114005,False,0,True,0,,True,1.1031665835853897,0.7927314228688644,0.8271095096497671,302214.2064710055,0.01740249924865057,0.12384555851337298,1.043366625554579,2.288423341115147,3.158734034550753e-06
318.09000000000003,True,forward,pilot_free_der_m,,,0.015988242211331376,0.9998025369599334,False,0,True,0,,True,1.1029429355919234,0.7930761515264203,0.8240631767861482,302367.28658503,0.01780197784635812,0.12124252613188334,1.0390719418306649,2.290844801642406,3.1714912301109247e-06
320.53,True,forward,pilot_free_der_m,,,0.015711314773193784,0.999809083606932,False,0,True,0,,True,1.1029983224298696,0.7933878579599547,0.8218492787996817,302406.95439938427,0.018040609250324975,0.11957320857787583,1.0358732750371429,2.2928278491826313,3.1818477316766576e-06
323.1600000000001,True,forward,pilot_free_der_m,,,0.015436380105346155,0.9998154637013357,False,0,True,0,,True,1.1030489862800572,0.7937184796303789,0.8193723617781045,302458.5618751217,0.018306026909202796,0.11771475182777068,1.032321135019651,2.2951160258656365,3.193331571455643e-06
325.59000000000003,True,forward,pilot_free_der_m,,,0.015204746395806152,0.9998207392334794,False,0,True,0,,True,1.1030807506563824,0.7939682061500353,0.8172702460337473,302511.3856321493,0.018543091017028446,0.11607089243360309,1.029348832488777,2.2971759067201174,3.2028877469419444e-06
328.03,True,forward,pilot_free_der_m,,,0.014978734371081387,0.9998258178037169,False,0,True,0,,True,1.1030798766266683,0.7942208358449242,0.8147966126136627,302560.86661767226,0.01880448663009752,0.11420221623502064,1.0259068710365036,2.2997062094177214,3.214134503955045e-06
330.6600000000001,True,forward,pilot_free_der_m,,,0.01476389658206244,0.9998305594899628,False,0,True,0,,True,1.103157432951788,0.7945294183367481,0.8121561813877528,302600.19481451105,0.019095216384169722,0.11216679473023841,1.0221851609823387,2.3024361017889206,3.226528928731122e-06
333.09000000000003,True,forward,pilot_free_der_m,,,0.014591369250453002,0.9998342997091466,False,0,True,0,,True,1.1032593972184748,0.7948299880756531,0.8099283196923919,302626.77184121025,0.019354812187086616,0.11042019242506824,1.0189956743495463,2.3046718345792003,3.237295869346377e-06
335.6700000000001,True,forward,pilot_free_der_m,,,0.01443332668619949,0.9998376660571554,False,0,True,0,,True,1.1032896204757836,0.795090803026838,0.8074962062883295,302680.8541726514,0.019635153049408965,0.1084974184772068,1.0156024987514196,2.307235314011447,3.2485334414509646e-06
338.4100000000001,True,forward,pilot_free_der_m,,,0.01429030874147007,0.9998406558721433,False,0,True,0,,True,1.103398025844805,0.7954094529133372,0.804824460214847,302726.6452447419,0.019954949965287332,0.10634218544887465,1.011836680173998,2.3101025847556413,3.261240637236436e-06
340.84000000000003,True,forward,pilot_free_der_m,,,0.014184239619050257,0.9998428285622162,False,0,True,0,,True,1.1034840196062021,0.795655227055161,0.8025546780521388,302780.0088792699,0.02023437815958538,0.10446572634870249,1.0086714078691013,2.3126465163748247,3.2718253113888565e-06
343.4100000000001,True,forward,pilot_free_der_m,,,0.014111887165175663,0.9998442359116402,False,0,True,0,,True,1.103522372983543,0.7959319276641477,0.800040452664252,302804.0429661991,0.020538435084291578,0.10244475557111063,1.0051619050038134,2.3153485858016327,3.284012951825134e-06
345.97,True,forward,pilot_free_der_m,,,0.014046968585314719,0.9998454767922628,False,0,True,0,,True,1.103634012784255,0.796205750412939,0.7974892943632279,302837.4650127793,0.0208565509712825,0.10033041269059732,1.0016120757098568,2.318294261265279,3.2963204003260035e-06
348.69000000000005,True,forward,pilot_free_der_m,,,0.014021953439097975,0.9998458271844558,False,0,True,0,,True,1.1037164352579876,0.7964838561742597,0.7949383065132085,302876.9633027333,0.021189244340564052,0.0981697619120918,0.998059534227756,2.3211847613161356,3.3086510037563217e-06
351.28,True,forward,pilot_free_der_m,,,0.014062875082118282,0.999844735712056,False,0,True,0,,True,1.1037784553174343,0.7967551891797007,0.7926982184514568,302899.3370262916,0.021493167470365775,0.09626120079300467,0.9949081339119727,2.323611394305032,3.319794351229979e-06
353.97,True,forward,pilot_free_der_m,,,0.014041171517011236,0.9998450186216652,False,0,True,0,,True,1.1038879237287564,0.797059453552103,0.7903408140267764,302893.4636824746,0.021824672717905714,0.09420291109117747,0.9915707172214256,2.3262028021112746,3.3319891717973094e-06
356.64,True,forward,pilot_free_der_m,,,0.014080559804138222,0.999843954640795,False,0,True,0,,True,1.1039951784950088,0.7972959588933021,0.7879680423979452,302954.5996404353,0.02216530859589032,0.09205440224331957,0.9883005596713362,2.3291075104576273,3.343275704085969e-06
363.44000000000005,True,forward,pilot_free_der_m,,,0.014290931642566068,0.9998387529264837,False,0,True,0,,True,1.1042955454113488,0.7979165397883954,0.7818850013136817,303068.00792921905,0.023070420642121746,0.08646401241017367,0.9799082514582725,2.3366482542913953,3.3730396867803493e-06
371.09,True,forward,pilot_free_der_m,,,0.014690565241027112,0.9998290107104795,False,0,True,0,,True,1.1045111047856933,0.7985839927340065,0.7752417071114425,303195.03909632773,0.024104128152045375,0.0803499016161605,0.9707704063255136,2.3448501835421616,3.4059464046438218e-06
378.97,True,forward,pilot_free_der_m,,,0.015257061042115922,0.9998149004343879,False,0,True,0,,True,1.1045568390080756,0.7993691093059566,0.7683282034173538,303276.0604003744,0.025160357975278873,0.07450619672696907,0.9611682443976929,2.352825314124639,3.441720296975797e-06
381.61,True,forward,pilot_free_der_m,,,0.015579829564938138,0.9998066937254521,False,0,True,0,,True,1.104700286680799,0.7996908180448173,0.764696853831306,303304.6035016253,0.0257418473956403,0.07115020439128063,0.9562406327246962,2.357710114985691,3.4605031140236405e-06
384.05000000000007,True,forward,pilot_free_der_m,,,0.015434761369717238,0.9998102900356274,False,0,True,0,,True,1.1041110834179524,0.7996195846660953,0.766212611238327,303309.2421125304,0.02543277367001029,0.07325410520541989,0.9582214166981435,2.3542822324096577,3.452732394646521e-06
386.59,True,forward,pilot_free_der_m,,,0.01515892086403626,0.9998169802827634,False,0,True,0,,True,1.1035585683055331,0.799510205930442,0.7682202816245276,303401.76523794496,0.025112441073237218,0.07556375790902668,0.9608636336674399,2.3503052198069674,3.441439971893958e-06
389.22,True,forward,pilot_free_der_m,,,0.014983717347647165,0.9998211649802488,False,0,True,0,,True,1.102975334600741,0.7994765914141835,0.7700454835730403,303383.56884199544,0.024790164648865264,0.07792023400105992,0.9631870299178079,2.346269168599132,3.4326728157373895e-06
391.78,True,forward,pilot_free_der_m,,,0.014874884961828039,0.9998237405982461,False,0,True,0,,True,1.1023024677329862,0.7993434450709975,0.772019415729653,303418.9128301239,0.024465224870907964,0.08025088656011524,0.9658169094776057,2.342221381268321,3.422190178128543e-06
397.1600000000001,True,forward,pilot_free_der_m,,,0.014664581352905324,0.9998286750956399,False,0,True,0,,True,1.1009570049084247,0.7990026878000431,0.7763136801014806,303523.7843998091,0.023797699312325435,0.0850600317970697,0.9716033399574238,2.3339343422143624,3.3990237282138856e-06
399.9100000000001,True,forward,pilot_free_der_m,,,0.014587125441939526,0.9998304639696988,False,0,True,0,,True,1.100254390110229,0.7987760230469804,0.7787017821482118,303598.47013687587,0.023456714190938623,0.08755250096138097,0.9748687487861816,2.3296076998495026,3.3858990178887965e-06
402.47,True,forward,pilot_free_der_m,,,0.014526847082173373,0.9998318477469252,False,0,True,0,,True,1.0995475114159372,0.7985589728016868,0.7808431820504717,303659.49944591906,0.023154238296872614,0.0897858355913983,0.9778153006169845,2.325642307359944,3.37419938900126e-06
405.14,True,forward,pilot_free_der_m,,,0.014483330317397432,0.9998328381403893,False,0,True,0,,True,1.0988552448585025,0.7983396295255041,0.7832207127807105,303702.98340382555,0.02283477593761373,0.09218112637524979,0.9810620490507536,2.3213724049904543,3.3616447397509497e-06
407.59,True,forward,pilot_free_der_m,,,0.01444216597617888,0.9998337745063604,False,0,True,0,,True,1.0982258519174106,0.7980812727591997,0.785302095427826,303802.2164503378,0.022565224998187278,0.09417330622799464,0.9839876241085167,2.317871098741913,3.3497423907133764e-06
410.1700000000001,True,forward,pilot_free_der_m,,,0.014410220692149187,0.9998344968073175,False,0,True,0,,True,1.0975506155532149,0.7978643420103824,0.7876101940170024,303847.1450457341,0.022274325649535093,0.09641134751511327,0.9871480056778292,2.313779393586986,3.337637219663463e-06
412.84,True,forward,pilot_free_der_m,,,0.014391854340024832,0.9998349064424498,False,0,True,0,,True,1.0968447342118095,0.79762650099791,0.7900411478665722,303895.67040380836,0.021977880042813026,0.0987021802863736,0.9904900938950151,2.30954319871656,3.324904366753142e-06
415.7000000000001,True,forward,pilot_free_der_m,,,0.014386109144854917,0.9998350258167199,False,0,True,0,,True,1.096109744838166,0.7973535660161567,0.7925323604541007,303961.32675437717,0.021680733099149228,0.10100381840743333,0.9939534909386004,2.3053204309565056,3.3116273219985422e-06
418.28,True,forward,pilot_free_der_m,,,0.014392857842923858,0.9998348602593151,False,0,True,0,,True,1.0954616019918944,0.7970802791097815,0.7948340517048443,304051.9999446423,0.021418398315992144,0.10304436558542138,0.9971819307743433,2.3015915523524133,3.2990084487665113e-06
420.94000000000005,True,forward,pilot_free_der_m,,,0.014412686997856925,0.9998343943249224,False,0,True,0,,True,1.0947699002364637,0.7968070508802578,0.7972681801377215,304117.8508180041,0.02115011770701675,0.10516509735340879,1.0005787213566375,2.297595560719577,3.2861322145830813e-06
423.4100000000001,True,forward,pilot_free_der_m,,,0.014459442619964536,0.9998333086476692,False,0,True,0,,True,1.094135527723048,0.796566899638933,0.7993264114724852,304161.058704632,0.020918850439687234,0.10700189775565296,1.0034642562160228,2.294168319048275,3.2753941922370148e-06
425.97,True,forward,pilot_free_der_m,,,0.014509997388499054,0.9998321315195599,False,0,True,0,,True,1.0934817470645553,0.7962995527887158,0.8016395792837647,304215.07253953646,0.020673728029403232,0.10896821861023272,1.0067060523597529,2.290451056486397,3.2633390399519448e-06
428.59,True,forward,pilot_free_der_m,,,0.014588842249937575,0.9998302928276052,False,0,True,0,,True,1.0927968735952105,0.7960303659925074,0.8039122425895204,304266.7860099604,0.0204350833080876,0.11089970941094543,1.009901477297522,2.286756922665875,3.2515418550710292e-06
431.1600000000001,True,forward,pilot_free_der_m,,,0.014701562349304309,0.999827651428416,False,0,True,0,,True,1.092183105860332,0.7957743378708784,0.8062596823637325,304312.028574746,0.020202235163832082,0.11281276741913432,1.01317627874368,2.283070765954416,3.2396063115276816e-06
433.6700000000001,True,forward,pilot_free_der_m,,,0.014778102510356406,0.9998258441985816,False,0,True,0,,True,1.0915526232052652,0.7955223310615456,0.8086778695021113,304343.9345004679,0.01996912157605378,0.11475324354506715,1.016536981963801,2.2792529093167286,3.2275864542441217e-06
436.52,True,forward,pilot_free_der_m,,,0.014904657185435752,0.9998228412033616,False,0,True,0,,True,1.0908280275674007,0.7951906599541637,0.811322652823144,304422.96088806813,0.01972022940353504,0.11681239761376341,1.0202869496353366,2.2752543149386955,3.213796343981739e-06
443.03,True,forward,pilot_free_der_m,,,0.015260947692999429,0.9998142547564994,False,0,True,0,,True,1.0892381397524948,0.7944551128026113,0.817395676597217,304573.3510181721,0.019173925804799832,0.12141733820526086,1.0288758463819032,2.2662242804552784,3.1828807575574028e-06
450.97,True,forward,pilot_free_der_m,,,0.0158497798925615,0.9997996352609506,False,0,True,0,,True,1.0874037071158384,0.7934101389709868,0.8251368027914947,304808.8011137663,0.018557495946600024,0.1266297666168873,1.039987721686612,2.2557423118259754,3.143132897296314e-06
458.73,True,forward,pilot_free_der_m,,,0.01655046995398354,0.9997815236970983,False,0,True,0,,True,1.0856815565669968,0.7923611822974855,0.8323631721508677,305063.7804156326,0.01801386374902316,0.13128468392971818,1.0504845400646643,2.2464266344374235,3.1059333951510204e-06
461.34,True,forward,pilot_free_der_m,,,0.016853429001929283,0.9997734875392841,False,0,True,0,,True,1.0850223497607958,0.7919072961008559,0.8353205395209704,305180.44602865784,0.017795312804781183,0.13311797866696048,1.0548211181206057,2.242860194709751,3.0906377443041325e-06
463.9100000000001,True,forward,pilot_free_der_m,,,0.017217864738770235,0.9997636626189532,False,0,True,0,,True,1.0842598219452566,0.7913516398313956,0.8390941332666856,305276.17074965884,0.0175191437017103,0.13542487493916042,1.0603303146569103,2.238421843070464,3.0719017336566017e-06
466.47,True,forward,pilot_free_der_m,,,0.017618341516589982,0.9997526130357718,False,0,True,0,,True,1.0836059607452202,0.7908440583415629,0.8425230525258948,305394.1576918479,0.01727868679703371,0.13745858662227253,1.0653466301469157,2.2345220279854896,3.054682338289777e-06
469.11,True,forward,pilot_free_der_m,,,0.0179378180994173,0.9997436492602509,False,0,True,0,,True,1.082773955972453,0.7902474704038178,0.8458382676335453,305492.32375196397,0.017030228792156685,0.13949555758538348,1.0703460615967813,2.2308006746417726,3.0378230881876596e-06
471.72,True,forward,pilot_free_der_m,,,0.018249776373912955,0.9997347442318754,False,0,True,0,,True,1.082019097774001,0.7896216924220906,0.8498513846808722,305637.2343048212,0.016766767327351238,0.14174650698360744,1.0762766434063287,2.22647926308775,3.0177501340586345e-06
476.97,True,forward,pilot_free_der_m,,,0.018941926006740207,0.999714455657087,False,0,True,0,,True,1.0804967720083567,0.7883669094981683,0.8575855837823944,305884.2223668183,0.016261777826793996,0.14607306910096143,1.0878000756377344,2.2183551915578756,2.979620660149824e-06
479.6600000000001,True,forward,pilot_free_der_m,,,0.019262221232347224,0.9997048864259935,False,0,True,0,,True,1.0799046183559493,0.7878674706188833,0.8610914583692127,305982.0103783925,0.01603113724991704,0.14807171375402162,1.0929394733010245,2.214658777423857,2.9629910930067026e-06
482.28,True,forward,pilot_free_der_m,,,0.01960408932392857,0.9996944905886054,False,0,True,0,,True,1.0792176661730408,0.7873038204397033,0.8644268149066694,306124.0897548202,0.015812723620299445,0.14992772385060035,1.0979583643121325,2.2112791218591674,2.946398727092903e-06
484.9200000000001,True,forward,pilot_free_der_m,,,0.01996954460488104,0.9996831732799712,False,0,True,0,,True,1.078593144053754,0.7867864044340939,0.8669317895852512,306222.3813794392,0.015625078336633996,0.15145185631295546,1.1018642222329742,2.208918766446803,2.933654351740579e-06
487.53,True,forward,pilot_free_der_m,,,0.02035712330299988,0.9996709426314844,False,0,True,0,,True,1.0779674679129743,0.7862426808915187,0.8708123672147847,306310.34108745976,0.015393833716438422,0.15353016377764117,1.1075618105943734,2.2049667084232962,2.9158425071523162e-06
490.2000000000001,True,forward,pilot_free_der_m,,,0.020782107560502985,0.999657263115555,False,0,True,0,,True,1.0773222927892818,0.7856590799964248,0.8740040282936595,306444.22559051146,0.0151898875146951,0.1552697203176472,1.112446925831541,2.202030636499106,2.900079803695968e-06
492.6600000000001,True,forward,pilot_free_der_m,,,0.021197093922148386,0.9996436353978885,False,0,True,0,,True,1.0767574614367572,0.7851403076453713,0.8772816003937547,306551.362798105,0.014993767324095299,0.15701500650217304,1.1173564671831895,2.198924107519407,2.8846563959353874e-06
495.22,True,forward,pilot_free_der_m,,,0.021649582750751857,0.9996284742373197,False,0,True,0,,True,1.076061197556335,0.7845383666987125,0.8806249998230329,306706.5352699066,0.014793878504799171,0.15876841890414098,1.1224753781368868,2.1958351706756,2.8682578746979823e-06
497.78,True,forward,pilot_free_der_m,,,0.022122008845786485,0.9996123104094173,False,0,True,0,,True,1.0754764105379668,0.78401237595277,0.8838028701291453,306766.3961883116,0.014601493273849759,0.16048489960450388,1.1272817843661014,2.192901753087785,2.8538017914166885e-06
500.22,True,forward,pilot_free_der_m,,,0.022591625942819188,0.9995959042424306,False,0,True,0,,True,1.074925948807967,0.7834936117397705,0.8860190051049801,306890.06582691136,0.014448177978282042,0.1617464242900707,1.1308567062053627,2.1911936873918094,2.8423026126636664e-06
502.9200000000001,True,forward,pilot_free_der_m,,,0.023139308721996904,0.9995763422620038,False,0,True,0,,True,1.074240814579129,0.7829021917622249,0.8894679232330966,307005.1141638446,0.014249676165601981,0.16354526424432966,1.1361162768378568,2.1880460572097453,2.826224800860977e-06
505.53,True,forward,pilot_free_der_m,,,0.02368421246720421,0.9995564285952281,False,0,True,0,,True,1.0736753756318305,0.7823156150041577,0.8933245380651792,307104.4659947666,0.014046828813899584,0.16544280930140745,1.1418978746326462,2.1846745948694455,2.8089916554670248e-06
508.2000000000001,True,forward,pilot_free_der_m,,,0.024268066754207666,0.9995345874608815,False,0,True,0,,True,1.0730496068187774,0.7817272754173591,0.8973924639968082,307173.1580143468,0.013840761881320171,0.16741851809782438,1.1479610501215993,2.180981295524667,2.79142536464344e-06
510.78,True,forward,pilot_free_der_m,,,0.024857726549735306,0.9995120012585968,False,0,True,0,,True,1.0723221189584482,0.781143128046064,0.9000110910495266,307256.3155692066,0.013672083685481127,0.16888969319776098,1.1521718091546123,2.1787957580342425,2.7788726636484395e-06
513.5,True,forward,pilot_free_der_m,,,0.02546480107181018,0.9994882167620762,False,0,True,0,,True,1.0716373400342258,0.7804853556058859,0.9033220788297904,307380.20391746424,0.01348620570434113,0.1705621611886948,1.157385045525354,2.1762125848372245,2.763296328313913e-06
516.27,True,forward,pilot_free_der_m,,,0.026113209422447645,0.9994621950683107,False,0,True,0,,True,1.0710960788924055,0.7799627451364962,0.9075183952067345,307409.678315296,0.013289322518790307,0.17255134310209802,1.163540695841717,2.172391105839704,2.7462967950521275e-06
522.72,True,forward,pilot_free_der_m,,,0.027687746829247285,0.9993963789462049,False,0,True,0,,True,1.0694200365508824,0.7783029161584807,0.9162326268702312,307771.7491338925,0.012847108313867088,0.17668714928790225,1.1772185454379884,2.1658040089407518,2.7060725481724497e-06
530.84,True,forward,pilot_free_der_m,,,0.02980958689259541,0.9993018236103604,False,0,True,0,,True,1.0676661506542482,0.7766661429002834,0.9244118178117576,307841.4766094163,0.012383872187711191,0.18098047762609742,1.1902306110058456,2.15976000268031,2.6708752243213982e-06
538.73,True,forward,pilot_free_der_m,,,0.032014302734775846,0.9991964998625641,False,0,True,0,,True,1.065979121668755,0.7743097269002005,0.9361986109707421,308459.92418658047,0.011878280345303662,0.1857020345633024,1.209075100630122,2.153048288753771,2.616622226970487e-06
541.4200000000001,True,forward,pilot_free_der_m,,,0.03242882185545952,0.999175729693258,False,0,True,0,,True,1.065491877885946,0.7737252990749991,0.9406238635188036,308654.5623538259,0.011750070021101016,0.18718148487718103,1.2157077772218827,2.1496949086395993,2.5983016777427876e-06
543.98,True,forward,pilot_free_der_m,,,0.03157844703072935,0.9992170220788411,False,0,True,0,,True,1.065823051136315,0.7745274968118899,0.9364328026241147,308573.0639071917,0.011969229469125526,0.18524327245638464,1.2090375183304136,2.1515978221350633,2.615958903854177e-06
546.6600000000001,True,forward,pilot_free_der_m,,,0.030780232370660358,0.9992546438559669,False,0,True,0,,True,1.0662371035796,0.7753666435310219,0.9326162398847436,308454.86259889096,0.012199293764759391,0.1833254994454422,1.2028067594417096,2.153155517997196,2.6330423636997272e-06
549.1600000000001,True,forward,pilot_free_der_m,,,0.030052285515560776,0.9992881894988839,False,0,True,0,,True,1.066463833330481,0.7762406222310346,0.9262830522680782,308388.15907345695,0.012476580622995276,0.18068634362547592,1.1932937104036099,2.156988690406735,2.658067342963551e-06
551.9200000000001,True,forward,pilot_free_der_m,,,0.02914537071217401,0.9993292074494898,False,0,True,0,,True,1.0666685180055455,0.777033486563781,0.9231935039613451,308198.9937618119,0.012687472058222713,0.17909856297864324,1.1881000239049118,2.157603016455677,2.673476965242123e-06
556.9100000000001,True,forward,pilot_free_der_m,,,0.02755493145214048,0.9993983561260259,False,0,True,0,,True,1.0673672590708672,0.778537685834221,0.915361841866505,308024.8262355706,0.013143594798766114,0.17532404445649338,1.1757450647821548,2.1616781890331978,2.7078429938163116e-06
559.47,True,forward,pilot_free_der_m,,,0.026787003352672503,0.9994303752026511,False,0,True,0,,True,1.0674514253379248,0.7791591673556574,0.9098257478096895,307966.20777191897,0.013402303617776539,0.17293257749074858,1.1677020382080516,2.165602373423696,2.72977457591231e-06
562.03,True,forward,pilot_free_der_m,,,0.02604020769773154,0.9994607081957465,False,0,True,0,,True,1.0676945898192176,0.7797175121432218,0.9083508735605774,307986.7648392469,0.013587185785678578,0.1717324542406293,1.1649743136636486,2.1655281994410043,2.7371871400099926e-06
564.7,True,forward,pilot_free_der_m,,,0.025276072883937396,0.9994909219982477,False,0,True,0,,True,1.0678341597383594,0.7803792366518237,0.9036058271771927,307823.81419451424,0.013840360911129727,0.16958974171850733,1.1579060343200138,2.168588753256549,2.7578468721543945e-06
567.1600000000001,True,forward,pilot_free_der_m,,,0.024596354628367876,0.9995170966687364,False,0,True,0,,True,1.068062609957611,0.7807913803119503,0.9029052981612584,307918.2425672381,0.014001076069649966,0.16864110161330131,1.1563976254457622,2.168204794843314,2.761328671919419e-06
569.97,True,forward,pilot_free_der_m,,,0.02385645742903329,0.9995448193096215,False,0,True,0,,True,1.068209920991908,0.7814984907313806,0.8981971525419578,307770.97136872663,0.014272547807435115,0.16644306597520625,1.1493267910234382,2.171123770696901,2.7821475278002278e-06
572.47,True,forward,pilot_free_der_m,,,0.023233394016356823,0.9995675357571076,False,0,True,0,,True,1.0684517210802684,0.7820248060275826,0.8961321073050864,307748.0643964916,0.014465217248645476,0.16513980728045027,1.1459126365276437,2.1719162511449053,2.7919747747242008e-06
575.12,True,forward,pilot_free_der_m,,,0.0226102436061742,0.9995896753973326,False,0,True,0,,True,1.068680010398027,0.782595706312967,0.8926669042707739,307704.33982563147,0.014705753683618206,0.1633024744847102,1.1406488651418545,2.174163195918061,2.8071270291306797e-06
577.82,True,forward,pilot_free_der_m,,,0.022013222207707177,0.999610339912679,False,0,True,0,,True,1.0688240414295662,0.7832250637436343,0.8886409053788736,307600.3007616486,0.014965713586626576,0.1613069686455355,1.134592017690772,2.1767036106117574,2.8251866363091584e-06
580.22,True,forward,pilot_free_der_m,,,0.021516230513263408,0.9996271285951779,False,0,True,0,,True,1.0689946022288497,0.7837415017864863,0.8848770290550124,307565.95089056843,0.015207109053328083,0.1594101858351159,1.129041944363026,2.1794788590646164,2.841282374452169e-06
582.9200000000001,True,forward,pilot_free_der_m,,,0.02099306373491365,0.9996443934388431,False,0,True,0,,True,1.069157263483863,0.7842815022057202,0.8827434842704386,307502.393767988,0.015418978613843453,0.15805483246000898,1.1255441850761532,2.180216116994185,2.8520206790342677e-06
585.4200000000001,True,forward,pilot_free_der_m,,,0.020549757472986954,0.9996586817412182,False,0,True,0,,True,1.0693286361797636,0.7848425313582045,0.8788379456911319,307421.85055147484,0.015672216045731532,0.1561209084154212,1.1197634054951944,2.183048233891539,2.8694571852906596e-06
588.22,True,forward,pilot_free_der_m,,,0.020095585807702456,0.999672992705194,False,0,True,0,,True,1.0694886136574757,0.785308200749371,0.8765797275855495,307455.3411813951,0.01590020198979527,0.15462155919265874,1.1162238300186904,2.1842661112119783,2.8795080713152545e-06
590.72,True,forward,pilot_free_der_m,,,0.019731548945434496,0.9996842110140169,False,0,True,0,,True,1.0697433146384145,0.785822402266783,0.8736949591671168,307430.72864004015,0.016138297423087273,0.15296318523187852,1.1118224126047522,2.186267935884671,2.8926643538432586e-06
593.4200000000001,True,forward,pilot_free_der_m,,,0.019384846876155704,0.9996946693056031,False,0,True,0,,True,1.069974139171859,0.7863717481203966,0.8702541340680678,307372.21875308186,0.016403714072003823,0.1510782352912209,1.1066701418866698,2.188792800201647,2.9084294559899475e-06
596.12,True,forward,pilot_free_der_m,,,0.01909135044107794,0.9997033225066894,False,0,True,0,,True,1.0701032817022966,0.7868692612089124,0.8668459748885788,307341.4155932847,0.016665097597243442,0.14922555955817135,1.1016391383198698,2.191309183165213,2.92367607046255e-06
602.6200000000001,True,forward,pilot_free_der_m,,,0.018594901840905464,0.9997173675730967,False,0,True,0,,True,1.0704867411433343,0.7880416412240138,0.8594222966058108,307260.5016577538,0.017294700291636583,0.14495162889111493,1.0905798014314652,2.196763601842967,2.957788429341828e-06
610.8199999999999,True,forward,pilot_free_der_m,,,0.018365519830324743,0.9997228504998348,False,0,True,0,,True,1.0709274449606536,0.7895130737651435,0.8502985223606887,307198.8730196597,0.018098424444041427,0.13975858250951692,1.0769910602058341,2.2035079283721912,3.0001746845256853e-06
619.02,True,forward,pilot_free_der_m,,,0.018596575757254676,0.9997143659246024,False,0,True,0,,True,1.0712657382920967,0.790973722077236,0.8410481392012283,307075.12046035525,0.018924593088584307,0.13459576630186335,1.0633073081018267,2.2105054630381633,3.0444009773865237e-06
621.52,True,forward,pilot_free_der_m,,,0.01875892697718769,0.9997088829258698,False,0,True,0,,True,1.0713431825310447,0.7913987688042294,0.8383715030802011,307056.8819138508,0.019182980492666094,0.13303640202943603,1.059354065393538,2.212528143699086,3.057188870314948e-06
623.9200000000001,True,forward,pilot_free_der_m,,,0.018885610057183602,0.9997048034620406,False,0,True,0,,True,1.0710756846017153,0.7912941915597195,0.8388115716136121,307105.2102818874,0.019170444462482877,0.13325634959758906,1.0600502070667688,2.211805037057826,3.0544726019324373e-06
626.6200000000001,True,forward,pilot_free_der_m,,,0.01898999549236499,0.9997013466799758,False,0,True,0,,True,1.0707113152217214,0.7911940878219812,0.8394827013082228,307123.28247034235,0.019149289202435298,0.1336153354214327,1.06103257624077,2.2105590853956847,3.0511584009256147e-06
629.02,True,forward,pilot_free_der_m,,,0.019097722007895956,0.9996977867663801,False,0,True,0,,True,1.0703836862033533,0.7910671331313773,0.8405996754968269,307173.956628495,0.019105568552188073,0.1341540772861535,1.06261484049954,2.208908027111171,3.0456294476953813e-06
631.72,True,forward,pilot_free_der_m,,,0.019171926880100772,0.9996952422166682,False,0,True,0,,True,1.0700159454371003,0.7909258728997229,0.8415871159069876,307229.2445915643,0.01907177716932719,0.13461943377762278,1.0640530860642206,2.2074055634680105,3.040516873142506e-06
636.72,True,forward,pilot_free_der_m,,,0.019354958225705474,0.9996890490659663,False,0,True,0,,True,1.0693709631431476,0.7907138778897805,0.843094994588567,307295.3985258043,0.019022413242873352,0.13536242986963423,1.066245348872058,2.2049312380401673,3.0329282247213143e-06
639.4200000000001,True,forward,pilot_free_der_m,,,0.019272093991839354,0.9996915815961591,False,0,True,0,,True,1.0691071181337133,0.7906866690079167,0.8432482173788113,307352.69109030516,0.01902348680197766,0.13548916662742103,1.0664758246611696,2.2042937778109604,3.0316337142080707e-06
642.02,True,forward,pilot_free_der_m,,,0.019193910315201464,0.9996939602153578,False,0,True,0,,True,1.0689630132509902,0.7907063816135478,0.8437851984240865,307367.1390974635,0.019011415208528084,0.13577190028576522,1.0671283526284736,2.2032156602951547,3.0294630454366748e-06
644.6200000000001,True,forward,pilot_free_der_m,,,0.019117800943221266,0.9996962661315417,False,0,True,0,,True,1.068728066900624,0.7907563971591157,0.8435740831833385,307356.7232869129,0.01902601737448337,0.1357948040227494,1.066793877626506,2.2028103955262544,3.0306264688827508e-06
647.1200000000001,True,forward,pilot_free_der_m,,,0.019046218679773543,0.9996984254730382,False,0,True,0,,True,1.068531855515557,0.7907395258317129,0.84396142092135,307402.95963658066,0.019020125856963364,0.13599045769402593,1.0673064812760655,2.2019657752997617,3.0285668964097957e-06
649.9200000000001,True,forward,pilot_free_der_m,,,0.01896597374922773,0.9997008392414977,False,0,True,0,,True,1.0683539442973546,0.7908121895044359,0.8435162799442032,307392.5735398255,0.01904881903060263,0.13589648632556828,1.066645521072196,2.2018949024673526,3.0307555995820377e-06
652.4200000000001,True,forward,pilot_free_der_m,,,0.018895186737673333,0.9997029599202087,False,0,True,0,,True,1.0681602174641145,0.7908432898548707,0.843648298003149,307415.76684780157,0.019052058529790108,0.13602658129101472,1.0667705079194243,2.201200292674663,3.0301482669142547e-06
655.22,True,forward,pilot_free_der_m,,,0.018812142069661458,0.9997054445931371,False,0,True,0,,True,1.067987894452919,0.7908848809225777,0.8437321841459918,307421.49659148237,0.019059118066698973,0.1361349056266387,1.066820474759572,2.2005715437444224,3.0299508529641838e-06
657.8199999999999,True,forward,pilot_free_der_m,,,0.018735333803401415,0.9997077339363196,False,0,True,0,,True,1.0677879960079364,0.7909145715364235,0.84418201412253,307420.13744424976,0.0190486033670346,0.13640526575475517,1.0673491733533618,2.1994548361623134,3.028327612988041e-06
660.3199999999999,True,forward,pilot_free_der_m,,,0.0186610109807475,0.9997099423516097,False,0,True,0,,True,1.0676232136641257,0.7909268104497674,0.8437084135233046,307472.3175132259,0.01908063916223982,0.13623374517967554,1.0667338651012759,2.1996860081237872,3.0297349627543057e-06
662.9200000000001,True,forward,pilot_free_der_m,,,0.018591176542551397,0.9997120000422262,False,0,True,0,,True,1.067400118232441,0.79100508889079,0.8433876273775176,307423.7859153698,0.019098545283697116,0.1362338198531592,1.0662227578841275,2.1993374775284074,3.031835234420376e-06
665.4200000000001,True,forward,pilot_free_der_m,,,0.01852183193551709,0.9997140402843024,False,0,True,0,,True,1.0672057090607368,0.7909894270161608,0.8435575580388289,307479.48540531076,0.019100744253236525,0.1363435620964421,1.0664587025151147,2.1987763965510183,3.0305445140837114e-06
668.1200000000001,True,forward,pilot_free_der_m,,,0.018454760357863444,0.9997159958154901,False,0,True,0,,True,1.0670321623536094,0.7910665011443814,0.8435888429337044,307447.8074524806,0.019109036836816674,0.13645511949045877,1.0663943444872745,2.1980745408655156,3.031084842300165e-06
670.72,True,forward,pilot_free_der_m,,,0.018398659447830035,0.9997176130348422,False,0,True,0,,True,1.0668541523384159,0.7911063922816681,0.8434806294385498,307450.0201144453,0.019122172564867125,0.13648645811231175,1.0662037845577592,2.1976922689765814,3.031671575236087e-06
673.4200000000001,True,forward,pilot_free_der_m,,,0.018316662322296468,0.999720014753205,False,0,True,0,,True,1.06666281480693,0.7911859554059262,0.8434968097508343,307422.263643627,0.01913097598329698,0.136595793745621,1.0661170158386715,2.1969639551172997,3.0322441602155738e-06
676.1200000000001,True,forward,pilot_free_der_m,,,0.018248611660473552,0.9997219836481536,False,0,True,0,,True,1.0664651586931573,0.7911875059465642,0.84334654691993,307474.50141686155,0.019148133871117853,0.13657606237735823,1.065925005869454,2.1967470929009956,3.032328676064829e-06
682.6200000000001,True,forward,pilot_free_der_m,,,0.018091485501279637,0.999726496041501,False,0,True,0,,True,1.0659913683466349,0.791292090285235,0.8432620692871886,307459.00778546155,0.01916970102494016,0.13676262990843147,1.065677364452386,2.195470398396155,3.0332912879289873e-06
690.4200000000001,True,forward,pilot_free_der_m,,,0.01795856749240488,0.9997302101834163,False,0,True,0,,True,1.0656755086602565,0.791285576520487,0.8434480187511303,307563.61560470844,0.01922760529914294,0.13662235575572537,1.0659211336316994,2.194602640232409,3.031496701652804e-06
698.1200000000001,True,forward,pilot_free_der_m,,,0.017831915843827966,0.9997337174334706,False,0,True,0,,True,1.0652661216877024,0.7913139900846323,0.8439154951235018,307601.12697255757,0.019253806000652015,0.1367829733044345,1.0664736194456055,2.193038191329085,3.029414750936623e-06
700.6200000000001,True,forward,pilot_free_der_m,,,0.01779703034572369,0.9997346755574467,False,0,True,0,,True,1.0651569226127688,0.7913304082403021,0.8435447195389931,307636.928555767,0.01928796299477959,0.13658658337424107,1.0659829456254577,2.193232443844619,3.0305972956831044e-06
703.4200000000001,True,forward,pilot_free_der_m,,,0.017768358309032898,0.9997354576895207,False,0,True,0,,True,1.0649771762075795,0.7912821997486089,0.8439809652947822,307667.1835880794,0.019274784651687808,0.13678042695657505,1.066599205141877,2.1924828501848683,3.0283618915699156e-06
706.02,True,forward,pilot_free_der_m,,,0.01773373509279372,0.9997364018431303,False,0,True,0,,True,1.0648117308004803,0.7912521998150477,0.8442984913348335,307692.7334265013,0.019271311476461026,0.13691153865319558,1.067040940337588,2.1918464491890504,3.026724702215957e-06
708.6200000000001,True,forward,pilot_free_der_m,,,0.017719661672374203,0.9997367426979283,False,0,True,0,,True,1.0645892251735516,0.7911810127063976,0.8450089417943604,307720.065215984,0.019245811225629888,0.13722110495412781,1.0680349101197881,2.1907437652014297,3.023340610929206e-06
711.22,True,forward,pilot_free_der_m,,,0.017731323368168104,0.9997363278134799,False,0,True,0,,True,1.0643755862071809,0.7911096982333643,0.8451929620559984,307738.01508580777,0.019236838082258827,0.13733542775466007,1.0683637982740042,2.1903449870875895,3.0221173388444815e-06
713.9200000000001,True,forward,pilot_free_der_m,,,0.017744709581130686,0.9997358583621759,False,0,True,0,,True,1.0641486685764012,0.7910250215317184,0.8457632666032114,307774.10886878107,0.019214284197972706,0.1375931136413807,1.069199132241733,2.189470200508276,3.0191415871209985e-06
716.52,True,forward,pilot_free_der_m,,,0.017784294971046315,0.9997346016063894,False,0,True,0,,True,1.0639025426970845,0.790885444709442,0.8464756304619215,307834.27223003743,0.019184519822220303,0.13788769752161736,1.070288543207294,2.1885885888908168,3.0151280083897416e-06
719.22,True,forward,pilot_free_der_m,,,0.017827163516314058,0.9997332403586875,False,0,True,0,,True,1.06367511312066,0.7907783852491359,0.8474092232471863,307866.9932395818,0.01914763185916567,0.13828324245948198,1.0716140439020836,2.1873336739175486,3.0106740755264084e-06
721.72,True,forward,pilot_free_der_m,,,0.017866719997233257,0.9997319787808766,False,0,True,0,,True,1.063436824662747,0.7906537216933486,0.8481758517916724,307919.37144455255,0.019117575545256633,0.13859634301672047,1.0727526204203888,2.1863436572168875,3.00660677668957e-06
724.1200000000001,True,forward,pilot_free_der_m,,,0.017906541500107415,0.9997307083829152,False,0,True,0,,True,1.0631787984345784,0.7905091913668328,0.8490767905638644,307957.31769739144,0.01907671613724655,0.13898790006162462,1.0740884480998445,2.1852202240963376,3.0020746129896918e-06
726.9200000000001,True,forward,pilot_free_der_m,,,0.017954925710665485,0.9997291636721302,False,0,True,0,,True,1.0628993349135971,0.790374364087272,0.8497053413452735,307986.6152657068,0.019049174957221377,0.1392688564324325,1.0750669302470572,2.1843671218601406,2.9987350784710686e-06
729.3199999999999,True,forward,pilot_free_der_m,,,0.017997035885062455,0.9997278163339602,False,0,True,0,,True,1.0626847354654576,0.7902180481591019,0.8506473467674908,308060.72713920224,0.019012035488100248,0.1396291948514344,1.0764716760761988,2.183331202809866,2.993653117872239e-06
731.9200000000001,True,forward,pilot_free_der_m,,,0.01804277072564443,0.9997263489921384,False,0,True,0,,True,1.0624338339146826,0.7900997893455955,0.8514269085066015,308083.90482571174,0.01898028660795081,0.13996356001762802,1.0776194602099571,2.182281947068347,2.9898763089852907e-06
734.6200000000001,True,forward,pilot_free_der_m,,,0.018085317544389964,0.9997249710999218,False,0,True,0,,True,1.0621540906086115,0.7899387059558071,0.8519737929309312,308140.3248317774,0.018956886429023906,0.1401858587332543,1.0785315196070349,2.1816407089636254,2.9864842045376415e-06
737.22,True,forward,pilot_free_der_m,,,0.018125929856189184,0.9997236516751816,False,0,True,0,,True,1.0618843028143548,0.7897983180885759,0.8528982940995499,308162.1820462525,0.018916747952666062,0.14058417800415157,1.0798937837240332,2.180458326168192,2.982072366824356e-06
739.6200000000001,True,forward,pilot_free_der_m,,,0.018175835067116154,0.9997220510320193,False,0,True,0,,True,1.0616359675419773,0.789675570493983,0.8534175769688528,308191.9774031078,0.018893902291916276,0.14081394817251142,1.080719233133926,2.1797689995519183,2.979227899223362e-06
742.22,True,forward,pilot_free_der_m,,,0.018225271135449507,0.9997204532898196,False,0,True,0,,True,1.0614466121459167,0.7895406517969277,0.8543133236729935,308242.0049502957,0.018860622764724257,0.14115650444804476,1.0820384254169164,2.178771218927113,2.9746924820802667e-06
744.9200000000001,True,forward,pilot_free_der_m,,,0.01828881145137903,0.9997184130980064,False,0,True,0,,True,1.06115306118263,0.7894007074560293,0.8553088975672754,308257.81993881066,0.018818638349192746,0.14158138933289882,1.0834914251896806,2.177455433532541,2.9700908684455326e-06
747.4200000000001,True,forward,pilot_free_der_m,,,0.018360188425199726,0.9997161293457091,False,0,True,0,,True,1.0608824382988462,0.7892821121629197,0.8553561053655828,308281.15463077766,0.018813104993335213,0.14163348337998727,1.0837140385984378,2.177305843179638,2.9691430204629084e-06
750.1200000000001,True,forward,pilot_free_der_m,,,0.018409209083954416,0.9997145232946737,False,0,True,0,,True,1.060619459888276,0.7891742827976128,0.8564068864004897,308267.6727893642,0.018769975601039764,0.14208860652224078,1.085193606872918,2.1758605410986007,2.9647697163741067e-06
752.8199999999999,True,forward,pilot_free_der_m,,,0.018470643878267422,0.9997125270351056,False,0,True,0,,True,1.0603583055682406,0.7890301279153901,0.8572609177716762,308289.4585714671,0.018734656578616858,0.1424409909650375,1.086474251669643,2.1748130690166905,2.9606490257931108e-06
759.1200000000001,True,forward,pilot_free_der_m,,,0.018619633518831613,0.999707662857797,False,0,True,0,,True,1.0597600794534243,0.7887223431389387,0.8591291088258167,308350.4176649309,0.018660464359132045,0.14320886051722198,1.0892668583555967,2.172445133884199,2.951566628246019e-06
767.4200000000001,True,forward,pilot_free_der_m,,,0.01877473119260532,0.9997024817417108,False,0,True,0,,True,1.0587969036646878,0.7884556688565622,0.8616065496173474,308329.2870702751,0.018530978520719495,0.1446263888021664,1.0927774174886338,2.1684194017213625,2.941196450581331e-06
775.1200000000001,True,forward,pilot_free_der_m,,,0.018973343761510993,0.9996958893780727,False,0,True,0,,True,1.0581273379250695,0.7880843058205564,0.8636542194672419,308427.1135610982,0.018452295362833552,0.14545298110704555,1.09589064658254,2.165958759992416,2.930876023235723e-06
777.8199999999999,True,forward,pilot_free_der_m,,,0.019017242190084008,0.9996943542942202,False,0,True,0,,True,1.05782405167606,0.7879426133254497,0.8644504443509794,308483.5690186473,0.018430794454196226,0.14573164112494347,1.097098227372974,2.1649071164845997,2.9267121365280004e-06
780.3199999999999,True,forward,pilot_free_der_m,,,0.019014739355345256,0.9996942669952767,False,0,True,0,,True,1.0577099889472337,0.7880486186847462,0.8639833835367645,308405.64015818475,0.018475566697793946,0.14553990894173557,1.096357969612019,2.1648363702892564,2.9296845862594782e-06
783.1200000000001,True,forward,pilot_free_der_m,,,0.019007387859505523,0.9996942929348996,False,0,True,0,,True,1.0575763984339412,0.78812350736269,0.8637822131412219,308387.55579424003,0.018522098910662477,0.14538223657538782,1.0959985396599956,2.164518595051742,2.9309530274166715e-06
785.6200000000001,True,forward,pilot_free_der_m,,,0.018995613650632022,0.999694480900382,False,0,True,0,,True,1.0573739764873364,0.7881127756212228,0.8638439488460805,308391.6651565243,0.018548609938135462,0.14533645462689956,1.096091797478049,2.164069867475674,2.930633680451573e-06
788.4200000000001,True,forward,pilot_free_der_m,,,0.01898172962811219,0.9996947134908517,False,0,True,0,,True,1.057218591714613,0.7881676308982328,0.8633569449458063,308388.01022268087,0.018602944099404092,0.1450784167910446,1.0953976173341249,2.1641405571765664,2.9327435458942836e-06
790.9200000000001,True,forward,pilot_free_der_m,,,0.018972079668267663,0.9996948377799685,False,0,True,0,,True,1.0571483682646854,0.7882388883481037,0.8630592458416303,308396.1652475065,0.018655876777013997,0.14484403071284693,1.0949209162343234,2.1640868849488224,2.9341087235061432e-06
793.4200000000001,True,forward,pilot_free_der_m,,,0.018966586459140827,0.9996948269772025,False,0,True,0,,True,1.0569540442335246,0.7882610121535297,0.8633434102701895,308377.4566795321,0.01867521532045965,0.1448973922599005,1.0952506808773081,2.1632499236728826,2.9333234503798596e-06
796.02,True,forward,pilot_free_der_m,,,0.018961763676349407,0.9996947872655572,False,0,True,0,,True,1.0568641589457262,0.7882952785147456,0.8628325518251084,308402.9146400525,0.018733106985613257,0.1445830172128841,1.094555016808931,2.1635654984509247,2.9351533642159253e-06
798.4200000000001,True,forward,pilot_free_der_m,,,0.018955683295650783,0.9996947994555936,False,0,True,0,,True,1.0567156611534811,0.7882785687552069,0.8632065744117314,308411.94365883834,0.018748851832754,0.14464218440840737,1.095052699168069,2.1628629295330146,2.933588669807177e-06
801.22,True,forward,pilot_free_der_m,,,0.018944570190311476,0.9996949461336107,False,0,True,0,,True,1.0565080658429276,0.7883066700464414,0.86320078950487,308381.2165842051,0.018783689985120384,0.14457269733354106,1.095006324701041,2.1623351585153623,2.9340316688192218e-06
803.8199999999999,True,forward,pilot_free_der_m,,,0.018935786634120103,0.999695034112235,False,0,True,0,,True,1.0563919985064507,0.7883607520451393,0.862814341642546,308363.39610133786,0.018833553656998424,0.14434889715885105,1.094441014984906,2.1623651607551433,2.9358984069305136e-06
806.52,True,forward,pilot_free_der_m,,,0.018929934119006838,0.9996950209641163,False,0,True,0,,True,1.0562374612125087,0.7883566170800782,0.8624054072724039,308396.6664641674,0.018885073670722133,0.14408258822432993,1.0939280378803544,2.162572567337634,2.937097213807746e-06
809.02,True,forward,pilot_free_der_m,,,0.01892687864896933,0.9996949328775094,False,0,True,0,,True,1.0560944321134067,0.7884190013497346,0.8621488665907511,308363.00149671145,0.018926939618159954,0.14393414013483735,1.0935160937455777,2.1623541577575645,2.938667746701708e-06
811.72,True,forward,pilot_free_der_m,,,0.018926015555888777,0.9996947592756082,False,0,True,0,,True,1.0559269272933154,0.7884321334331748,0.861802646102551,308356.6799970689,0.01897037290985538,0.14374208292150004,1.0930587549113318,2.1623899806557114,2.9400896065012222e-06
814.22,True,forward,pilot_free_der_m,,,0.018926870165979874,0.9996945451390826,False,0,True,0,,True,1.055817964650591,0.7884664186778896,0.8615967884878711,308370.12430792995,0.019017097696605683,0.14354925893898787,1.0927501388487888,2.162288605267517,2.940892997484778e-06
816.8199999999999,True,forward,pilot_free_der_m,,,0.018925557496043726,0.9996943935001128,False,0,True,0,,True,1.055650572395315,0.7884987969869995,0.8616095293967377,308350.3721089164,0.01904963605849049,0.14348838619688717,1.0927214254341389,2.1618033032940596,2.941182021617568e-06
819.3199999999999,True,forward,pilot_free_der_m,,,0.018926736532003052,0.9996941688690418,False,0,True,0,,True,1.0555285595149373,0.7885098254941286,0.8611111487484365,308375.8910605277,0.019103102788343276,0.14319688340283165,1.0920740882446347,2.1621301291794595,2.9428651765367814e-06
821.8199999999999,True,forward,pilot_free_der_m,,,0.01892384294826126,0.9996940759198926,False,0,True,0,,True,1.0553984327645747,0.7885354799844179,0.8613059998601441,308374.4070491994,0.019128826535402682,0.14319474415346156,1.0922856633884936,2.161520882063265,2.9422633206872877e-06
824.4200000000001,True,forward,pilot_free_der_m,,,0.018917717950820565,0.9996940800633614,False,0,True,0,,True,1.0552615848224818,0.7885686612294158,0.8610598582271874,308373.6784976627,0.019173379599718383,0.143018220811945,1.0919275651720097,2.1614170414700316,2.943349381345144e-06
826.9200000000001,True,forward,pilot_free_der_m,,,0.018929183718398825,0.9996935223185696,False,0,True,0,,True,1.0551101148881334,0.7886210385504993,0.8606527744976572,308335.6269804883,0.019218872783289813,0.14282369838251077,1.0913388464496885,2.1614086929647565,2.9454872420493444e-06
829.72,True,forward,pilot_free_der_m,,,0.01893889619122815,0.9996929978743895,False,0,True,0,,True,1.0549398657254672,0.7886117073512198,0.8605810120131641,308365.35667772236,0.019256316000793132,0.1427037826651742,1.0912607611465395,2.161185743321435,2.945431086018733e-06
836.3199999999999,True,forward,pilot_free_der_m,,,0.018966469447657935,0.9996916071772899,False,0,True,0,,True,1.0545337207240366,0.7886465603063968,0.8600171338473809,308393.9904224103,0.01936727208270891,0.14226092064524654,1.0904975398780106,2.1609197771124196,2.9474452526107325e-06
843.8199999999999,True,forward,pilot_free_der_m,,,0.019017148144946792,0.9996893931113765,False,0,True,0,,True,1.0542083447778756,0.7887068006688505,0.859363586790151,308411.75697487046,0.01950114444945547,0.1416849442483278,1.0895856179525536,2.160832511417166,2.950021326696584e-06
851.9200000000001,True,forward,pilot_free_der_m,,,0.01906250621747797,0.9996872930844265,False,0,True,0,,True,1.0537067014547274,0.7887994991318572,0.8584785596563211,308399.96397689736,0.019636187518762303,0.14117070302993853,1.0883355790681306,2.16054711989077,2.953909819128094e-06
854.4200000000001,True,forward,pilot_free_der_m,,,0.019041653335785808,0.9996877375991587,False,0,True,0,,True,1.053662102688784,0.788931803284052,0.8584301193912158,308365.3081623565,0.01969167761064853,0.14103057606074254,1.0880916649802508,2.159999983071502,2.9550316578919228e-06
856.9200000000001,True,forward,pilot_free_der_m,,,0.019014790786506225,0.9996883684998141,False,0,True,0,,True,1.053573835199278,0.7890485424574838,0.8569800473924097,308377.37221709813,0.019803695037803073,0.14034156487951427,1.0860929350726052,2.161178063172775,2.960957451726027e-06
859.52,True,forward,pilot_free_der_m,,,0.01898507837306458,0.9996891127786693,False,0,True,0,,True,1.0534517474182146,0.7891624427197002,0.8560499894608928,308350.61745531874,0.019886972999254293,0.13990198308499266,1.084757640658465,2.1616500853550003,2.9652783387088037e-06
862.02,True,forward,pilot_free_der_m,,,0.01893514675918149,0.9996905382885614,False,0,True,0,,True,1.053365832406937,0.7892205448684418,0.8557304967804421,308371.62211043935,0.01994477835739077,0.1396575793930825,1.0842729606374946,2.1616485407806088,2.9665609533602755e-06
864.72,True,forward,pilot_free_der_m,,,0.01891398127547235,0.9996910122422972,False,0,True,0,,True,1.0532511798029016,0.7892804080152314,0.855214204561596,308366.30371198256,0.020007658837046735,0.13936505214199818,1.0835365934296601,2.161828876158823,2.9688574307695815e-06
867.22,True,forward,pilot_free_der_m,,,0.018907967033133844,0.999691008721775,False,0,True,0,,True,1.0531534471236095,0.7893532967052482,0.8545868045330128,308355.5642941493,0.02007284289810498,0.13904042468174663,1.0826417120192549,2.162133747293399,2.9716933465308458e-06
870.3199999999999,True,forward,pilot_free_der_m,,,0.0188783561850096,0.9996917432449053,False,0,True,0,,True,1.052980073331282,0.789415020518784,0.8540623081542369,308343.26286529156,0.02013272079368779,0.13878340793899696,1.0818926495634302,2.16219808180425,2.974102693552193e-06
872.9200000000001,True,forward,pilot_free_der_m,,,0.01886477109317174,0.9996919923388694,False,0,True,0,,True,1.0529284953150349,0.7895207670582097,0.8531245844678487,308349.7726919417,0.020219583079675748,0.13829696992718898,1.0805600309243666,2.1628634079866615,2.9781206053404298e-06
875.4200000000001,True,forward,pilot_free_der_m,,,0.01886183228695882,0.9996919015025523,False,0,True,0,,True,1.052875887951855,0.7896451318480449,0.8522298082721588,308305.5204107694,0.02029427424739565,0.13789911692383416,1.0792567115276757,2.16340219431519,2.9825571546135587e-06
877.8199999999999,True,forward,pilot_free_der_m,,,0.018863317693592594,0.9996916751565198,False,0,True,0,,True,1.0527869266956522,0.789700696324761,0.8516817325922096,308331.7979279205,0.02035572542754727,0.1375904024609647,1.078486743845999,2.1636969661599195,2.984667854115251e-06
880.72,True,forward,pilot_free_der_m,,,0.01887688393347529,0.9996910169535936,False,0,True,0,,True,1.052709486032095,0.7897950421204243,0.8506719807067709,308336.8203700039,0.02044398791433336,0.13709607473666804,1.0770794134423856,2.1644510533607866,2.988946764718657e-06
883.22,True,forward,pilot_free_der_m,,,0.01889949207415323,0.9996900915196447,False,0,True,0,,True,1.0525842067518305,0.7898893534520032,0.8498799204263654,308302.1089524283,0.02051275642142308,0.13674171265641066,1.0759480637537262,2.164832751565797,2.992777571918954e-06
886.02,True,forward,pilot_free_der_m,,,0.018935500270125263,0.9996887019329519,False,0,True,0,,True,1.0525121545930491,0.7899887120363284,0.8494011499348308,308282.2288901192,0.020576008032061336,0.1364744338969489,1.075206692188496,2.164907071610664,2.9952789850767935e-06
888.52,True,forward,pilot_free_der_m,,,0.018978739146705902,0.999687092767677,False,0,True,0,,True,1.0524027878273503,0.7900978932830934,0.8481558721829491,308248.46166944056,0.020665324651834478,0.1359408823523024,1.073482006968285,2.165844471733205,3.000940527209921e-06
891.22,True,forward,pilot_free_der_m,,,0.01903493943203726,0.9996850352826417,False,0,True,0,,True,1.0523775148262868,0.7901875259561532,0.847544435834336,308271.8765816138,0.0207380604100883,0.13558509297955332,1.0725864532077738,2.1662246999629162,3.003500763082876e-06
893.6200000000001,True,forward,pilot_free_der_m,,,0.01909378707169553,0.9996829048088157,False,0,True,0,,True,1.052255663984935,0.7902783158955414,0.8469673350674314,308242.43357197597,0.02079697410715803,0.13531818011966995,1.0717329806875064,2.1663587447688335,3.006450881341654e-06
896.22,True,forward,pilot_free_der_m,,,0.01916540777420569,0.9996803253189065,False,0,True,0,,True,1.0521475130794626,0.7903187971981792,0.8463211179380286,308263.9441807499,0.020863496715981412,0.13497177177697348,1.0708604185277986,2.1668059639028603,3.0089478086493675e-06
898.8199999999999,True,forward,pilot_free_der_m,,,0.019249425179256187,0.9996773187741099,False,0,True,0,,True,1.0521464900283672,0.7904633054786753,0.8453068833751287,308230.22599170875,0.02095189433777085,0.13449343840926883,1.0693815608091286,2.167542945828478,3.01390264210144e-06
901.42,True,forward,pilot_free_der_m,,,0.019347628878055093,0.9996738187223585,False,0,True,0,,True,1.0520091452725358,0.7904968518279819,0.8453184167762738,308242.79384417617,0.020987982679312202,0.1344218744421001,1.0693507694831674,2.16711485840834,3.0138874326134287e-06
904.12,True,forward,pilot_free_der_m,,,0.01944227223233369,0.9996704113387143,False,0,True,0,,True,1.0519557682617504,0.7906376106762009,0.8437676970892592,308211.99915583484,0.021101476763842074,0.1337287584542225,1.0671990374548692,2.1684520462530363,3.0209144687035127e-06
906.82,True,forward,pilot_free_der_m,,,0.019550706409266583,0.9996665147409984,False,0,True,0,,True,1.0517889314915325,0.7907317489435045,0.8430770713162024,308156.6876529986,0.021163410713685986,0.1334495534897311,1.066198584339931,2.1686326487734955,3.0246032337155836e-06
913.32,True,forward,pilot_free_der_m,,,0.019850908665699638,0.9996556751095943,False,0,True,0,,True,1.0516541076629957,0.7909172016282557,0.8414172718485124,308208.60537770187,0.021349215901757094,0.13251136601681582,1.063850008719361,2.1697791834099798,3.031487374220037e-06
921.32,True,forward,pilot_free_der_m,,,0.020313943784658537,0.9996387664104752,False,0,True,0,,True,1.0515676687690334,0.7911906836516275,0.8393731575756153,308139.3485164828,0.021586901723189757,0.13128199151357695,1.0608986871554256,2.1711912829322735,3.0415173581415456e-06
929.22,True,forward,pilot_free_der_m,,,0.020843673064053707,0.9996190007543836,False,0,True,0,,True,1.051397816923454,0.7913685604411214,0.8371484426922893,308138.41410615284,0.021833586184755494,0.12993079784286818,1.0578490030304584,2.1730498507768505,3.0512025818244905e-06
931.82,True,forward,pilot_free_der_m,,,0.021012507601097984,0.9996126277161258,False,0,True,0,,True,1.0513107166380549,0.7913729103078343,0.836615460686735,308152.1886568357,0.021889292056473424,0.12961543811499024,1.057169698115269,2.1735495915987144,3.0532176734622503e-06
934.32,True,forward,pilot_free_der_m,,,0.02112191619266336,0.9996085612005814,False,0,True,0,,True,1.0511593013734566,0.7912025115251782,0.8378272900374661,308185.6573886291,0.021819773591434763,0.13011028121340873,1.0589290072176474,2.17231475613149,3.0472700095730525e-06
937.12,True,forward,pilot_free_der_m,,,0.021087988359877404,0.9996096976353235,False,0,True,0,,True,1.0507853390925186,0.7909335812988053,0.8393991760836109,308251.9543533292,0.021740032470081903,0.13072494389345982,1.0612764408172168,2.170539069969577,3.0391344912827893e-06
939.62,True,forward,pilot_free_der_m,,,0.020968418847040416,0.9996139918113407,False,0,True,0,,True,1.050544356967579,0.790783806443092,0.8400178605358385,308300.23028752767,0.021715315212458522,0.13094262920782762,1.0622598157569754,2.169819104193412,3.0355214761705797e-06
942.12,True,forward,pilot_free_der_m,,,0.02085484432287513,0.9996180443971951,False,0,True,0,,True,1.0504423481159384,0.7906982763476286,0.8406247721323594,308306.4153584653,0.021694341731241473,0.13115727854705536,1.0631422848363221,2.1691535402668896,3.0326658109672007e-06
944.92,True,forward,pilot_free_der_m,,,0.020744320320684153,0.9996219575392816,False,0,True,0,,True,1.0501438472831017,0.7905438836602472,0.8414060846310385,308304.69015414803,0.021658334734351557,0.13146867763267192,1.0643382385495128,2.168125107405332,3.0288884331716895e-06
947.72,True,forward,pilot_free_der_m,,,0.02059745505343985,0.999627191353775,False,0,True,0,,True,1.0498986836395086,0.7903847518276268,0.8423993407831349,308356.2411999717,0.021614363572833795,0.13183731861274728,1.0658092009432538,2.166953930143224,3.0237363830595535e-06
950.32,True,forward,pilot_free_der_m,,,0.020467781219871712,0.9996317791435514,False,0,True,0,,True,1.0497185609924016,0.7902442484784948,0.8435951642140196,308404.78020453895,0.021563964988865484,0.13227186392977874,1.0675119317075,2.1655874404830655,3.0179130866263785e-06
952.82,True,forward,pilot_free_der_m,,,0.020349171848299874,0.9996359475783051,False,0,True,0,,True,1.0495400777125323,0.7902000221494735,0.8438574479714059,308369.4168219648,0.021552196693444412,0.13240756973721077,1.0679035994911459,2.165053658670796,3.0170268809239276e-06
955.42,True,forward,pilot_free_der_m,,,0.020232343525424044,0.9996400267446114,False,0,True,0,,True,1.0493274742852898,0.7900928262770133,0.8444149721135582,308368.6924320217,0.021527008224795252,0.1326287346819348,1.0687541311981221,2.1643150537602875,3.0143565131535662e-06
958.02,True,forward,pilot_free_der_m,,,0.020122030914332737,0.9996438535486217,False,0,True,0,,True,1.049157122397157,0.7899356691649948,0.8455557706655387,308439.22762083134,0.02148049430598441,0.13302127218791185,1.070410925435659,2.1631115941224155,3.0084822030454535e-06
960.62,True,forward,pilot_free_der_m,,,0.02001544092053427,0.9996475291578978,False,0,True,0,,True,1.0489354190957105,0.7898184466373457,0.8460527429228167,308449.83574952796,0.02145856303732617,0.13321031068902472,1.0711990160838718,2.1624737028578376,3.0059014022104048e-06
963.12,True,forward,pilot_free_der_m,,,0.019917398288240608,0.9996508904160033,False,0,True,0,,True,1.0487515568951171,0.7896888354881156,0.8469023022867259,308472.98506603914,0.02142163280048482,0.1335227670998785,1.0724506466692618,2.1615128808981936,3.001769230134362e-06
965.92,True,forward,pilot_free_der_m,,,0.019810468363423945,0.999654536742058,False,0,True,0,,True,1.0485449187065268,0.7895577119805894,0.8474243161220562,308497.96125597315,0.021400288347093253,0.13370449445524418,1.0732898979560461,2.1609303714049823,2.9988942261962027e-06
968.32,True,forward,pilot_free_der_m,,,0.01972382409044437,0.999657474027187,False,0,True,0,,True,1.048330791875909,0.7894400263675789,0.8482617841768963,308501.1696094019,0.021362359774587152,0.13403044695997357,1.0745107365279816,2.159880124503316,2.9950688024193517e-06
970.82,True,forward,pilot_free_der_m,,,0.01964734634295346,0.9996600447379299,False,0,True,0,,True,1.0481400484046806,0.7893319193678403,0.8487208982832825,308517.3414070933,0.021343226442424815,0.1341986900224213,1.0752395506354355,2.159323328234045,2.9926354367609928e-06
973.42,True,forward,pilot_free_der_m,,,0.01957305848428567,0.9996625279051007,False,0,True,0,,True,1.0479752827516735,0.7892213248289448,0.849359667153356,308541.500216915,0.02131798499358245,0.13442422382125738,1.0761995912077584,2.158602642741111,2.9894192298243806e-06
975.82,True,forward,pilot_free_der_m,,,0.019514420796660867,0.9996644711437865,False,0,True,0,,True,1.0477920417361726,0.7891057441277158,0.8500923534786684,308541.92692995374,0.021285329244260878,0.13470085338167975,1.0772857247647687,2.157745734270323,2.9860508573423775e-06
978.72,True,forward,pilot_free_der_m,,,0.01945487948462147,0.9996664248593673,False,0,True,0,,True,1.0475603429938711,0.788953726067806,0.850864285783418,308581.78646462556,0.021254674174033376,0.13496358628187385,1.0784717248553701,2.1568826061742477,2.981988071026606e-06
981.12,True,forward,pilot_free_der_m,,,0.01939709102441507,0.9996683294316113,False,0,True,0,,True,1.0473691585941602,0.7888719738228294,0.8510836489334426,308554.8331475753,0.021242355963382274,0.1350703128308054,1.0788615607791705,2.1565292066867494,2.9810280977137757e-06
984.02,True,forward,pilot_free_der_m,,,0.019338661733571294,0.9996702361294317,False,0,True,0,,True,1.0471309430192979,0.7887108768169356,0.8521745277447994,308589.789924285,0.021196423868184613,0.13546072521653116,1.0804650383217602,2.155288823484905,2.975751077153575e-06
991.62,True,forward,pilot_free_der_m,,,0.019228274436316216,0.9996737622076487,False,0,True,0,,True,1.0465932769779194,0.7883995473832753,0.854126118166935,308588.28876501706,0.02111456794858274,0.1361867778613242,1.0833670833548907,2.152939575271027,2.9668498217468576e-06
999.32,True,forward,pilot_free_der_m,,,0.019151438020732946,0.9996761292664565,False,0,True,0,,True,1.045956925743636,0.788118054587118,0.856013292452181,308598.400713907,0.02101987767166738,0.13705513846857145,1.0861485629848084,2.1503642964897254,2.958253474220906e-06
1007.42,True,forward,pilot_free_der_m,,,0.019204455192492066,0.9996741054875236,False,0,True,0,,True,1.0454751163082767,0.7876500465114608,0.8581457734700866,308680.04478992673,0.020955146481737234,0.13755246687516265,1.0895013302809473,2.148537647612417,2.9472194067184557e-06
1009.92,True,forward,pilot_free_der_m,,,0.01921866338678996,0.9996735257244413,False,0,True,0,,True,1.0453592694024243,0.7875434061533821,0.8585749753437423,308702.44063575746,0.020955175115869966,0.13758673649281206,1.0901938466316434,2.1481812807307117,2.944889894099393e-06
1012.32,True,forward,pilot_free_der_m,,,0.01916041807624935,0.9996752852558086,False,0,True,0,,True,1.0453844705136106,0.7876627162156087,0.8575646366636274,308679.81636966794,0.021059356228659197,0.13698343739585167,1.0887460063920105,2.1490236115891515,2.9494840438780044e-06
1014.92,True,forward,pilot_free_der_m,,,0.019104474813140364,0.9996769701502816,False,0,True,0,,True,1.0454402831599086,0.7877610857508482,0.8564860949676234,308685.44140328193,0.021168470674352707,0.13632333157810766,1.0872409293374405,2.1500979604234227,2.953981121722402e-06
1017.32,True,forward,pilot_free_der_m,,,0.01906290231240934,0.9996781954013492,False,0,True,0,,True,1.0454803172118383,0.7878181515126093,0.8558468539385042,308705.79942181683,0.021249947755271323,0.13585346232450737,1.0863507679980209,2.150755387119116,2.9564827039258596e-06
1019.92,True,forward,pilot_free_der_m,,,0.019055573583074446,0.9996782602618387,False,0,True,0,,True,1.0454195710345744,0.7878250012021495,0.8553316084250738,308702.8695170678,0.02131634510986454,0.13546979186306388,1.0856873126898936,2.151246657776893,2.9585072286149176e-06
1022.42,True,forward,pilot_free_der_m,,,0.019058602836478953,0.9996779860916006,False,0,True,0,,True,1.045424370435459,0.7878628927775176,0.8548047724770274,308707.5135884694,0.021392088664167825,0.13503990163098317,1.0849664076239383,2.1517675301231223,2.960648361091413e-06
1025.22,True,forward,pilot_free_der_m,,,0.01904881124414174,0.9996781347342522,False,0,True,0,,True,1.0454828508443128,0.7879303059243429,0.8538931581977846,308710.5907604467,0.021487898835891115,0.13445424620194651,1.0837166076459754,2.1527667971153446,2.9644152847790072e-06
1027.82,True,forward,pilot_free_der_m,,,0.019045063455363186,0.9996780925052372,False,0,True,0,,True,1.0455003335359294,0.7879785409506073,0.8528455670821852,308720.56814712414,0.021584592167355914,0.1338350028792791,1.0823208028651683,2.1539290767293116,2.9685575118463434e-06
1030.22,True,forward,pilot_free_der_m,,,0.019049089543332957,0.9996777976133506,False,0,True,0,,True,1.0455194589953027,0.7879889985798575,0.8526341923448377,308721.5826341483,0.021639811555934335,0.13354631054321536,1.0820381932761576,2.1541932889880324,2.9694074419344972e-06
1032.82,True,forward,pilot_free_der_m,,,0.019049594390583603,0.9996776112331215,False,0,True,0,,True,1.0454977489929815,0.7880136538197008,0.8516607688499902,308727.48448305245,0.021731872157479255,0.13295873583684623,1.080769051045976,2.1552766261034497,2.9732072792277024e-06
1035.42,True,forward,pilot_free_der_m,,,0.01905370647585714,0.9996773052169665,False,0,True,0,,True,1.0455351483998376,0.7880920305583107,0.8506708736935505,308696.8677874086,0.0218254155815549,0.13238615615324248,1.0794055017799216,2.1562967959880184,2.977677939183766e-06
1038.12,True,forward,pilot_free_der_m,,,0.019069872560357214,0.9996765861686007,False,0,True,0,,True,1.0455822599171851,0.7881362316963098,0.8501017302719465,308717.5112304378,0.021907080676768276,0.1319211512138015,1.0786228269727787,2.156940791825047,2.979879742026923e-06
1040.62,True,forward,pilot_free_der_m,,,0.019098205811068737,0.9996754664296178,False,0,True,0,,True,1.0456294542584663,0.7882040873364076,0.8494976962665183,308710.79169523664,0.021984926593315607,0.13148357991795684,1.0777636273585454,2.1575382704157486,2.9825920399310096e-06
1043.22,True,forward,pilot_free_der_m,,,0.01913970623677696,0.9996738897181059,False,0,True,0,,True,1.0456472716100935,0.7882541174839928,0.8486652007479327,308721.2758252439,0.022075453825093353,0.13093821344122417,1.076639096357358,2.1584347377277098,2.985945768023961e-06
1045.62,True,forward,pilot_free_der_m,,,0.019184771558314575,0.9996721994903981,False,0,True,0,,True,1.0457438721007528,0.7883428946791758,0.8479888144553496,308722.592541566,0.02215862134362856,0.13046792552605013,1.075659868540386,2.1591474253378364,2.988965361960356e-06
1048.12,True,forward,pilot_free_der_m,,,0.019224085872912702,0.9996706950462855,False,0,True,0,,True,1.045699002372266,0.7883943647462148,0.8471444299935885,308702.7246152992,0.02223996937482711,0.12998085144929403,1.0745186265585314,2.1599276022438687,2.9926777024621517e-06
1050.72,True,forward,pilot_free_der_m,,,0.019274041314778053,0.9996688148085109,False,0,True,0,,True,1.045766161749727,0.7884199980215144,0.8468851463793532,308754.1806266274,0.022312723550206158,0.12960056063370465,1.0741548267478667,2.1602966353199373,2.993305985319526e-06
1053.22,True,forward,pilot_free_der_m,,,0.019319634275006773,0.9996670854432326,False,0,True,0,,True,1.0458458243668065,0.7884962758631829,0.8463947636222979,308760.4126639726,0.022390334370002755,0.12918744662479983,1.0734289933021337,2.160789529356609,2.9955059939554536e-06
1056.12,True,forward,pilot_free_der_m,,,0.019371479756888087,0.9996651089810629,False,0,True,0,,True,1.0458839683634236,0.7885212232823705,0.8455021225573147,308813.96397922345,0.02249486909159585,0.12855208302754373,1.072262987466273,2.1619095823079055,2.9985852999097203e-06
1058.62,True,forward,pilot_free_der_m,,,0.0194418255331328,0.9996625096377714,False,0,True,0,,True,1.0459402665979642,0.7885902190384443,0.8446736224377424,308816.688435368,0.022586705504149856,0.1280144480343639,1.0711185632858629,2.162816645305593,3.0021154650191227e-06
1061.22,True,forward,pilot_free_der_m,,,0.019512828421077228,0.9996598690648484,False,0,True,0,,True,1.0459223289224413,0.7886019296033729,0.8439192913537916,308848.51329952554,0.02267441921866558,0.12748737826330622,1.0701461151359857,2.1636993765871524,3.004816097889359e-06
1069.02,True,forward,pilot_free_der_m,,,0.019751527515125662,0.9996509722225807,False,0,True,0,,True,1.046086083684741,0.7887619838241399,0.8418111026298337,308919.67713142233,0.02294641157094103,0.12593798739482917,1.067256181070615,2.166123967836675,3.0131451422687424e-06
1076.62,True,forward,pilot_free_der_m,,,0.01997638893235599,0.999642442078369,False,0,True,0,,True,1.0459522841925466,0.7890341501588805,0.8396634172529867,308886.85710108245,0.02316809906231483,0.12485309693847191,1.064166129037522,2.1675617513418493,3.0231985351080704e-06
1084.72,True,forward,pilot_free_der_m,,,0.020192100210676217,0.9996340675141369,False,0,True,0,,True,1.0454949424323376,0.7895239792222373,0.8372933393816895,308738.6859662605,0.023338559228996827,0.1243404576483896,1.0605040016726408,2.1677878379290396,3.036310332157916e-06
1087.32,True,forward,pilot_free_der_m,,,0.02028803093629034,0.9996303161470148,False,0,True,0,,True,1.045427837482223,0.7897375794332199,0.836276182245374,308730.3284897272,0.023436811491422963,0.12395968543252212,1.05892919879228,2.168144811343973,3.0414282540129588e-06
1089.72,True,forward,pilot_free_der_m,,,0.02031620779164163,0.9996292995815527,False,0,True,0,,True,1.045077728705547,0.7896071478295599,0.8374539028265565,308734.4735841215,0.023323429502983932,0.12474296737834684,1.0605956457315715,2.166392520112362,3.0360902761420973e-06
1092.42,True,forward,pilot_free_der_m,,,0.02033382598063538,0.9996286570586091,False,0,True,0,,True,1.0446191481274052,0.7894958613845915,0.8388645193819229,308668.69098365435,0.02318885950335055,0.12570894589277684,1.0625318768748835,2.1640449194554443,3.0306138359219837e-06
1094.82,True,forward,pilot_free_der_m,,,0.020294799937402744,0.9996300704461986,False,0,True,0,,True,1.0443531610721923,0.7894131312260011,0.8396537488980584,308670.3765039221,0.023108755492161206,0.12628501723952062,1.0636429971642745,2.162794166492376,3.027086398506813e-06
1097.42,True,forward,pilot_free_der_m,,,0.020201088995498672,0.9996334563082347,False,0,True,0,,True,1.0440157004647341,0.7893412075849755,0.8406933905676738,308647.89021305967,0.023010621957676603,0.12702079427920754,1.0650570152542935,2.161033371940935,3.0228599655693173e-06
1099.92,True,forward,pilot_free_der_m,,,0.02011224149272334,0.9996366540196828,False,0,True,0,,True,1.0436572000027127,0.7892694847086948,0.84150613462424,308623.140795472,0.0229277788717428,0.12764080641265757,1.0661835417782872,2.159523486624884,3.0195622542940974e-06
1102.42,True,forward,pilot_free_der_m,,,0.020048398163422066,0.99963892281514,False,0,True,0,,True,1.0433066688403065,0.7891241717883682,0.8430651812295109,308638.0586792638,0.022809490625869785,0.1285222823735186,1.068355540698871,2.157361022036381,3.012608268251483e-06
1105.02,True,forward,pilot_free_der_m,,,0.019986584027661767,0.9996411108072585,False,0,True,0,,True,1.0429185759959634,0.7890272253058285,0.8439116887756252,308616.8297059333,0.022725405887895744,0.12915355424983627,1.0695596573977828,2.15585115435859,3.009046006841749e-06
1107.52,True,forward,pilot_free_der_m,,,0.0199292733493629,0.999643134372848,False,0,True,0,,True,1.0425422895797256,0.7888909670796731,0.8456674198803168,308629.1495728035,0.022602429302799886,0.13009810206788822,1.071969961845069,2.15336290460461,3.0014258396650276e-06
1110.12,True,forward,pilot_free_der_m,,,0.019881922816533143,0.9996447936653886,False,0,True,0,,True,1.0422159006364755,0.7887824358433747,0.8468752387250962,308621.9373343015,0.022504472104659293,0.13084172926586085,1.0736487024075378,2.151574708859227,2.996285743117655e-06
1112.72,True,forward,pilot_free_der_m,,,0.01984125210861213,0.9996462092597839,False,0,True,0,,True,1.0417963356281696,0.7886902197227723,0.8474881592111716,308577.5018842314,0.02242756803745315,0.13141068242096315,1.0745513739336936,2.1502884514117797,2.993908171966871e-06
1115.42,True,forward,pilot_free_der_m,,,0.01980046190380903,0.9996476240202493,False,0,True,0,,True,1.0413447328166847,0.7885296942042752,0.8489162273079637,308570.87381091726,0.02231539177313842,0.13225430232681326,1.0765811782961783,2.148172420799507,2.987689595733702e-06
1118.02,True,forward,pilot_free_der_m,,,0.0197544748769253,0.9996492213850153,False,0,True,0,,True,1.04101504551916,0.7883910882179798,0.8500879644028356,308581.2205704762,0.02222192373357333,0.13295496591872227,1.0782566889794643,2.1465521650190755,2.9824170341953277e-06
1120.72,True,forward,pilot_free_der_m,,,0.019705176006440863,0.9996509314530734,False,0,True,0,,True,1.0405686399913934,0.7882517262513864,0.8510829334954462,308548.1176116821,0.02213090084348988,0.13363425828852943,1.0797095713863643,2.1449204008031644,2.978255103077242e-06
1123.12,True,forward,pilot_free_der_m,,,0.019662440534363543,0.9996524102118237,False,0,True,0,,True,1.0401944634477056,0.7881096050300719,0.8519694635967474,308535.5015302244,0.022049731229692338,0.13422760116798582,1.0810291590904273,2.1435872372033775,2.9743085754779933e-06
1125.62,True,forward,pilot_free_der_m,,,0.01963615595366752,0.9996533042119841,False,0,True,0,,True,1.039810913774308,0.7879439854447883,0.853643318657011,308536.97449541255,0.021934458832191556,0.13511050389883228,1.0833807154135913,2.141346114390021,2.967103767049972e-06
1128.32,True,forward,pilot_free_der_m,,,0.019606441419088433,0.9996543155804113,False,0,True,0,,True,1.0393884651827308,0.7877917742188683,0.8546426707487408,308515.50612594443,0.02184501281275633,0.13577404348486022,1.0848585866438607,2.1398198417079235,2.962784308173868e-06
1130.82,True,forward,pilot_free_der_m,,,0.019594580862501466,0.9996546995856564,False,0,True,0,,True,1.0390130984125576,0.7876962116023373,0.8553857150914344,308464.5835818278,0.021770212470895126,0.13634416191589976,1.085933514078229,2.138493175654173,2.9599944218478775e-06
1133.42,True,forward,pilot_free_der_m,,,0.01959542834399483,0.9996546347471942,False,0,True,0,,True,1.0386118931406219,0.7875377718857571,0.8568411885746648,308441.1878643089,0.021665519962087845,0.13714655768618456,1.0880001177885867,2.136476473956444,2.95394218807844e-06
1135.92,True,forward,pilot_free_der_m,,,0.019585505995543043,0.9996549513293468,False,0,True,0,,True,1.038264192716361,0.7874381076171368,0.857864132007953,308395.43789499725,0.021583144070042262,0.13779097295865608,1.0894369014015997,2.1348829064697856,2.950033570016926e-06
1138.42,True,forward,pilot_free_der_m,,,0.01959298853303835,0.9996546563558569,False,0,True,0,,True,1.037878721941449,0.7873035600682435,0.8589470052028368,308365.08270968567,0.021497010723912725,0.13845090155191778,1.0909985026974642,2.1332759687698,2.9455987090970976e-06
1145.92,True,forward,pilot_free_der_m,,,0.019644149267769175,0.9996527579474421,False,0,True,0,,True,1.0368059568856252,0.7869394360516667,0.8618890608385732,308252.96329387074,0.021253119896662783,0.140325179166221,1.0952419225079801,2.128871633076275,2.9338868764217727e-06
1153.82,True,forward,pilot_free_der_m,,,0.01982967729471437,0.9996460966134876,False,0,True,0,,True,1.0359523569128428,0.7862990216513015,0.8654528189636056,308270.6446171584,0.021041787841312512,0.1417880949222122,1.1006662797901918,2.12525712414014,2.9174171935620633e-06
1161.72,True,forward,pilot_free_der_m,,,0.020123106733726918,0.9996354919177161,False,0,True,0,,True,1.0353981203059426,0.7855217611864642,0.8685914824891224,308401.8407846464,0.02089038308420593,0.14264846453803445,1.1057510121389742,2.1233336582832063,2.9009283202145868e-06
1164.32,True,forward,pilot_free_der_m,,,0.02026078372838479,0.9996305213478536,False,0,True,0,,True,1.035150809993176,0.7852018647819241,0.870034977114094,308446.68628509785,0.02080871483560856,0.14312357051265162,1.1080398762880306,2.1223297628262348,2.8936956238463073e-06
1166.72,True,forward,pilot_free_der_m,,,0.02037602570006403,0.9996263064980969,False,0,True,0,,True,1.0349534310903472,0.7849386722919018,0.8715269432921362,308484.8789946806,0.02073859889931599,0.14357834001907727,1.1103121480145828,2.1211576393681515,2.88662910613579e-06
1169.42,True,forward,pilot_free_der_m,,,0.0205098274783787,0.9996213649274115,False,0,True,0,,True,1.0347324179044526,0.7846184689728618,0.8730016648900834,308552.2981361913,0.020670244820097043,0.14399532105661728,1.112644806886745,2.120184282575755,2.87910890717958e-06
1171.92,True,forward,pilot_free_der_m,,,0.020647906753106477,0.9996162448831145,False,0,True,0,,True,1.03449191159506,0.784331131316493,0.874316450915745,308581.7601477843,0.020603984387895666,0.14439858249529305,1.114728736379764,2.1192400785429486,2.872698565886394e-06
1174.72,True,forward,pilot_free_der_m,,,0.02082292764718328,0.9996097135594524,False,0,True,0,,True,1.0342071527792585,0.7839599582249658,0.8759363523993803,308649.9469066685,0.020522016836813397,0.14488631721580997,1.1173228214138213,2.118173830268527,2.8644458229627525e-06
1177.32,True,forward,pilot_free_der_m,,,0.02099220819061817,0.9996033471293171,False,0,True,0,,True,1.0339983115151217,0.7836395223358669,0.8773124674844959,308705.91669218894,0.020452106172420534,0.14529326187050293,1.1195357590814325,2.117361703295025,2.857448665617248e-06
1179.92,True,forward,pilot_free_der_m,,,0.021138930044306555,0.9995978062291524,False,0,True,0,,True,1.0337682649323,0.7833583336493685,0.8787370111523611,308734.242119607,0.020379600823504675,0.14574084351211447,1.1217561279506145,2.1163030411960206,2.850732199047849e-06
1182.62,True,forward,pilot_free_der_m,,,0.02129565608152682,0.9995918451395822,False,0,True,0,,True,1.0335707283655444,0.7830412868306694,0.880091979230774,308794.33573183836,0.020309236336635554,0.14614111112424313,1.1239407091711775,2.1155370010007992,2.843823920190795e-06
1185.12,True,forward,pilot_free_der_m,,,0.02144507726262848,0.9995861200076287,False,0,True,0,,True,1.033379625949889,0.782732981361526,0.8814103836674151,308856.47414119437,0.020242602135208055,0.14652185989507685,1.1260677710734055,2.1147983456495263,2.8370856612048993e-06
1187.62,True,forward,pilot_free_der_m,,,0.021589860561507954,0.999580539091218,False,0,True,0,,True,1.0331568140498189,0.7824495786397799,0.88227888376543,308899.8906273744,0.020190947530904328,0.14677445115157098,1.1275856078792892,2.1144272552190353,2.83225866068658e-06
1190.22,True,forward,pilot_free_der_m,,,0.021743968140438864,0.9995745600167917,False,0,True,0,,True,1.0329470855057243,0.782176598164829,0.8836518455379672,308927.0855763094,0.020121272022905406,0.14720228258044415,1.1297344456625564,2.113458820232063,2.8258372460851886e-06
1193.02,True,forward,pilot_free_der_m,,,0.021915301395247295,0.9995678629657639,False,0,True,0,,True,1.0327607642122814,0.7819163062565535,0.8847690136868546,308933.76421699545,0.02005927537137506,0.14755428946308558,1.1315392793414314,2.1127906552588733,2.82058700482099e-06
1195.52,True,forward,pilot_free_der_m,,,0.022077912902689765,0.9995614582135982,False,0,True,0,,True,1.0325615724676986,0.7815817365780829,0.8862798294992114,309024.4732908728,0.019986324770033405,0.1479822818390432,1.1339566778767338,2.111933149643035,2.8128403535512013e-06
1198.22,True,forward,pilot_free_der_m,,,0.022259756816882706,0.9995542399461812,False,0,True,0,,True,1.0323547489380698,0.7812685464447326,0.8878323320109499,309103.9021481161,0.019914661334447685,0.14842133646696057,1.1363984075016844,2.11093562827244,2.8051713317120143e-06
1200.62,True,forward,pilot_free_der_m,,,0.022425467971277636,0.9995476107754265,False,0,True,0,,True,1.0321463005455949,0.7810297711365904,0.8888331998354094,309098.08080675476,0.019857054630935088,0.1487520362158258,1.1380272976559376,2.110285609532466,2.8005836242136363e-06
1203.12,True,forward,pilot_free_der_m,,,0.022598414523209206,0.9995406408171696,False,0,True,0,,True,1.0319940432385597,0.7807657435927994,0.8901815346121691,309131.85134863557,0.0197923577036674,0.14914708071855337,1.140139077459877,2.10945355427185,2.794308606919789e-06
1205.82,True,forward,pilot_free_der_m,,,0.022790687862799305,0.9995328294447678,False,0,True,0,,True,1.031819985220311,0.7804737381280031,0.8915960307160754,309186.83700210194,0.019723913779554153,0.14955858622115825,1.1423780034605693,2.1086150891781332,2.787495774453403e-06
1208.32,True,forward,pilot_free_der_m,,,0.022968179983793524,0.9995255612918201,False,0,True,0,,True,1.0316406134517164,0.7801887484289913,0.892542241413872,309259.1236970702,0.019673259093010983,0.14981127287075247,1.144008091902272,2.1082769645737054,2.782208992716509e-06
1210.92,True,forward,pilot_free_der_m,,,0.023157186039359012,0.9995177601578825,False,0,True,0,,True,1.031424814765797,0.7799593918242697,0.8934996856311059,309246.31435959635,0.019620046419030496,0.15011604185541388,1.1455720579776256,2.107638156329671,2.7779169349848617e-06
1213.42,True,forward,pilot_free_der_m,,,0.023328474798803164,0.9995106388183954,False,0,True,0,,True,1.031222972071126,0.7796183295075787,0.89548449870484,309356.0601906275,0.019536155834365073,0.15067381159699977,1.1486190932304587,2.106301288029119,2.7684505590349483e-06
1216.02,True,forward,pilot_free_der_m,,,0.02350590502860439,0.9995032075714748,False,0,True,0,,True,1.0310174582568388,0.7793244151642877,0.8963737763391203,309396.8372363203,0.019483076027816255,0.15092821867237685,1.1501933712036438,2.1060193749968112,2.7636343865906574e-06
1223.42,True,forward,pilot_free_der_m,,,0.02402994446774547,0.9994809343228557,False,0,True,0,,True,1.0304017109461507,0.7784390339688186,0.9009308036831495,309559.62492257444,0.01927524893180276,0.15223857039874455,1.1573556365613051,2.103088287766067,2.7423874833524506e-06
1231.52,True,forward,pilot_free_der_m,,,0.02456777808891949,0.9994575571831298,False,0,True,0,,True,1.0296097666089292,0.7776530753010148,0.9051601530041821,309639.91143531026,0.019043735713355617,0.15382389519193673,1.1639639599622384,2.0998286416095437,2.7236202651198477e-06
1239.62,True,forward,pilot_free_der_m,,,0.025093499316601747,0.999434202344756,False,0,True,0,,True,1.028570740759538,0.776951247440609,0.9099117137913112,309641.2380145561,0.01877790828603784,0.15583839175968536,1.171131028862742,2.0952128296923895,2.7043382273764146e-06
1242.12,True,forward,pilot_free_der_m,,,0.025235176207332972,0.999427796456199,False,0,True,0,,True,1.0282604843582586,0.7767930562972888,0.9106371504069855,309597.03778435703,0.01872139775359928,0.15625122957234572,1.1723034121181342,2.0944034422155844,2.701556143202432e-06
1244.92,True,forward,pilot_free_der_m,,,0.024718870363808557,0.9994501330513541,False,0,True,0,,True,1.0285800440557198,0.7775270508582122,0.9056545810091471,309484.50508992485,0.019005647552396237,0.15446393712351505,1.1647885176593038,2.097672546564381,2.722723999207964e-06
1247.42,True,forward,pilot_free_der_m,,,0.024280406055768245,0.9994687307675035,False,0,True,0,,True,1.0287054190223723,0.7780899970580883,0.9037604579910536,309395.7512832308,0.019192411701325702,0.15358682937338847,1.1615114722051663,2.0978348105274467,2.7325673086676617e-06
1249.92,True,forward,pilot_free_der_m,,,0.023857010270550257,0.9994863862652524,False,0,True,0,,True,1.028949924615499,0.7786896746661738,0.9006549317565522,309296.3553578334,0.019413497741328594,0.15236138366220095,1.1566288356689272,2.0994589430394885,2.746843117233381e-06
1252.42,True,forward,pilot_free_der_m,,,0.023446214575695918,0.999503244123076,False,0,True,0,,True,1.0291325066094545,0.7792363956302447,0.8974127728718764,309249.67093114957,0.01964194226083595,0.15106064980931913,1.1516566447670233,2.101341211045453,2.7609527811346783e-06
1255.02,True,forward,pilot_free_der_m,,,0.023037800818040313,0.999519719912185,False,0,True,0,,True,1.0294183466423692,0.7798540972708944,0.8947153593550511,309113.685867703,0.01985683491601175,0.14995235932014903,1.1472855787846914,2.1025697860873453,2.774392652803535e-06
1257.72,True,forward,pilot_free_der_m,,,0.022658474226880224,0.9995347088355774,False,0,True,0,,True,1.029558208183545,0.7804505653339056,0.8908464601309205,309028.7563687447,0.020118429348305752,0.14845437619466376,1.1414514893070562,2.104936808541205,2.791435139126838e-06
1260.32,True,forward,pilot_free_der_m,,,0.022317121367130786,0.9995479741855983,False,0,True,0,,True,1.0298161585070302,0.7810678385224249,0.8877038329320778,308917.0152072671,0.02035703712461701,0.1471832142292001,1.136525906138166,2.1066691663316988,2.8063829350977277e-06
1262.82,True,forward,pilot_free_der_m,,,0.0220112378503798,0.9995596745942169,False,0,True,0,,True,1.0299666354994077,0.7815898571515871,0.8847134045540497,308819.07498917414,0.020581164773632414,0.14597533971037677,1.1319407441881146,2.108401142895098,2.8203071511336547e-06
1265.52,True,forward,pilot_free_der_m,,,0.021709119825526025,0.9995710438112457,False,0,True,0,,True,1.030169402187896,0.7821462063664262,0.881692184786692,308736.48090903356,0.020821653721765355,0.1447099452374223,1.1272728520703579,2.110167374597808,2.8344419908186027e-06
1268.42,True,forward,pilot_free_der_m,,,0.021415235585725275,0.999581917953356,False,0,True,0,,True,1.030335905383974,0.7827415526568395,0.8781561267040632,308625.2208006809,0.021090421638889092,0.14327149448438534,1.1218979287906212,2.112336773112969,2.8509637146669315e-06
1271.02,True,forward,pilot_free_der_m,,,0.02118063715723262,0.9995904507602502,False,0,True,0,,True,1.0305131961379055,0.7832689412373932,0.875490243178491,308549.5290914297,0.02132027740086843,0.14211375395704,1.1177390000877712,2.1137979041838366,2.8637855231559863e-06
1273.72,True,forward,pilot_free_der_m,,,0.020959756116453922,0.9995983631537413,False,0,True,0,,True,1.0306835388760698,0.7837972903947978,0.8721953564321798,308472.53723085125,0.021575674703617233,0.14074714348612963,1.1127817959065105,2.1160074171724665,2.8789931054136877e-06
1276.42,True,forward,pilot_free_der_m,,,0.020767455968302238,0.9996051270757589,False,0,True,0,,True,1.0308762806835503,0.7843509713902447,0.8692551320392087,308370.13600738894,0.021824428675871095,0.13949039889856923,1.1082476643057804,2.1177714253020836,2.8933454411810955e-06
1278.92,True,forward,pilot_free_der_m,,,0.02061464971426404,0.9996103966213261,False,0,True,0,,True,1.0310339948099958,0.7848485777930279,0.8662766194557758,308275.64306281245,0.022063356625103392,0.13824751225016138,1.103750002187328,2.1197500081491065,2.907587754168226e-06
1281.62,True,forward,pilot_free_der_m,,,0.02047542306485951,0.999615089419428,False,0,True,0,,True,1.0311982755366915,0.7853662494612671,0.8630891665248068,308196.7492088765,0.02232541118003512,0.1368872390323802,1.0989639128455735,2.1219430036371736,2.922643651413419e-06
1284.42,True,forward,pilot_free_der_m,,,0.020360731718235457,0.9996188255228402,False,0,True,0,,True,1.0313888730010126,0.7859169557569847,0.8597609939407103,308104.9189656413,0.022601115060938634,0.1354698503631805,1.0939590851715368,2.124263802367039,2.9386039739973987e-06
1286.92,True,forward,pilot_free_der_m,,,0.020284867860770092,0.9996211628242112,False,0,True,0,,True,1.0315489623794658,0.7863669259192815,0.8573149586772364,308035.0921749912,0.0228271575901806,0.1343677091022738,1.0902225544074289,2.125857360869622,2.950633236742098e-06
1289.42,True,forward,pilot_free_der_m,,,0.02022896191515879,0.9996227545323292,False,0,True,0,,True,1.0317331605337507,0.7868410682901406,0.854179057444759,307970.14068571484,0.02308736888433868,0.13301321215066259,1.085580165891631,2.1282770850612374,2.9654293141468237e-06
1292.12,True,forward,pilot_free_der_m,,,0.020216981059067725,0.9996226703739814,False,0,True,0,,True,1.0319389561468972,0.7873903247532457,0.8509611459390266,307855.03571884724,0.023362895905165767,0.1316333461621309,1.0807360964280364,2.1305840077420273,2.981468865220929e-06
1294.62,True,forward,pilot_free_der_m,,,0.02022821167404331,0.9996217603578705,False,0,True,0,,True,1.032029177308879,0.7877748727353147,0.8484526753144218,307823.41394139815,0.023595936229079618,0.13048427378224386,1.0770242929536729,2.132425866369726,2.9932793641319244e-06
1302.32,True,forward,pilot_free_der_m,,,0.020406885848210796,0.9996135212634816,False,0,True,0,,True,1.032530513888276,0.7892062062000935,0.8396055395108237,307547.89996400493,0.024392065036443828,0.12656060179177983,1.0638607919131746,2.13916300309725,3.037379106905959e-06
1310.32,True,forward,pilot_free_der_m,,,0.020787376401663758,0.999597334482124,False,0,True,0,,True,1.0328404310077848,0.7906160169304469,0.8306535959044714,307317.17445665883,0.025209606782219337,0.12268426141300827,1.0506409914758237,2.145961284646718,3.0821732436208823e-06
1318.12,True,forward,pilot_free_der_m,,,0.021405296376877922,0.9995713953602917,False,0,True,0,,True,1.0335418840536537,0.7916103161111154,0.8223121978518616,307325.210342851,0.026113465041027736,0.11811432195126755,1.0387840849416579,2.1545981098781954,3.1209566644024056e-06
1320.82,True,forward,pilot_free_der_m,,,0.02165342615626169,0.9995608251248947,False,0,True,0,,True,1.03384306894887,0.7920597678025881,0.8190036915083264,307219.23770499154,0.026455305161548863,0.11640927812097743,1.0340175385760204,2.157923773202354,3.1378982902641434e-06
1323.22,True,forward,pilot_free_der_m,,,0.021402115470939908,0.9995713171853381,False,0,True,0,,True,1.0332208319938545,0.7913659262726058,0.8237109710086739,307323.8143037118,0.026040572525819632,0.11861934312238188,1.0408724253373096,2.153006570334506,3.114052067972462e-06
1325.92,True,forward,pilot_free_der_m,,,0.021185247573212378,0.999580376261543,False,0,True,0,,True,1.0325463509497197,0.7906330779670093,0.8285866094500036,307374.8857423533,0.025603339676317127,0.12094344610984156,1.0480039762320417,2.1479828024845835,3.090114159492378e-06
1328.42,True,forward,pilot_free_der_m,,,0.021065533875460955,0.9995855009413418,False,0,True,0,,True,1.0317781466242817,0.7898884906260686,0.8331814133565708,307429.1534807506,0.02519314552214495,0.12312881666359433,1.054808904350775,2.143250328163419,3.0674681980187727e-06
1331.02,True,forward,pilot_free_der_m,,,0.02099147224005372,0.9995888255927083,False,0,True,0,,True,1.0310962795229994,0.7890994220141294,0.8382547939031784,307501.43949918455,0.024767440326067754,0.12543204221631435,1.0622930020194195,2.1383238483498617,3.0427371580738808e-06
1333.72,True,forward,pilot_free_der_m,,,0.020975688945972643,0.9995898835819063,False,0,True,0,,True,1.0303391788211953,0.7882401160849041,0.8430924502695184,307606.2283089722,0.024354632379877283,0.12762180292848857,1.0695883564732271,2.133889640533118,3.018550110567445e-06
1336.42,True,forward,pilot_free_der_m,,,0.02095656961019735,0.9995911015455442,False,0,True,0,,True,1.0296372914636238,0.7873882106830022,0.8483533732453509,307721.80487622705,0.02393222025235679,0.12992619980227468,1.0774270705799185,2.1290867915990788,2.9928744145004757e-06
1339.02,True,forward,pilot_free_der_m,,,0.020987004136990502,0.9995903722439352,False,0,True,0,,True,1.0289933071740105,0.7865794130903693,0.8533651139933289,307811.22629974724,0.023538545080139667,0.13209198736761257,1.084906494870705,2.124630875857832,2.968879943596976e-06
1341.42,True,forward,pilot_free_der_m,,,0.021059698951034978,0.999587959109025,False,0,True,0,,True,1.0283402842332114,0.7858801799499191,0.8573062728081937,307816.7081666675,0.023207121607368125,0.13388475671707736,1.0908867467084185,2.1211199394333304,2.950508387898562e-06
1344.02,True,forward,pilot_free_der_m,,,0.021176584195692058,0.9995838506415824,False,0,True,0,,True,1.0276674440121885,0.785044761508778,0.8620877014689565,307918.77417243324,0.02283723983092531,0.13592038409524726,1.0981382766150936,2.1171202974090275,2.9275563655032622e-06
1346.62,True,forward,pilot_free_der_m,,,0.02134328712606868,0.9995777637463639,False,0,True,0,,True,1.0270275002334444,0.7841809717967707,0.8670837851853924,308021.12328150857,0.02246650085170934,0.13798607508198923,1.105718981166642,2.113108194714945,2.903884899974572e-06
1349.22,True,forward,pilot_free_der_m,,,0.021560448268801644,0.99956963387387,False,0,True,0,,True,1.0263216903175274,0.7832945606163666,0.8717575340435867,308140.40938990243,0.02211478326988234,0.1399211327682413,1.1129370454936,2.1095013759765013,2.881362709406026e-06
1351.82,True,forward,pilot_free_der_m,,,0.021830184596726494,0.9995593226120218,False,0,True,0,,True,1.0257067514191136,0.7824799809973836,0.8766220416264326,308207.4502139575,0.021764203866282274,0.14192241439304124,1.1203124206565023,2.1056449204745644,2.8591673444720097e-06
1354.32,True,forward,pilot_free_der_m,,,0.02213620917063579,0.9995474045036786,False,0,True,0,,True,1.0250284750952627,0.7816190408407178,0.8812717535816235,308293.4201122203,0.021430266343357256,0.14380827157503948,1.127495247088298,2.102152204390284,2.837558268587852e-06
1357.02,True,forward,pilot_free_der_m,,,0.022516890847900557,0.999532294965958,False,0,True,0,,True,1.0243855851925805,0.7806835573672966,0.8865043018296941,308427.445792528,0.02107402403168489,0.14585289584445676,1.1355488321276517,2.0984122624702213,2.813281230881718e-06
1359.42,True,forward,pilot_free_der_m,,,0.022897808698932032,0.999516885570377,False,0,True,0,,True,1.0237197814332688,0.779847427572531,0.8911188403164159,308506.57821287285,0.02075986264368955,0.14767637065207312,1.1426835670795823,2.095016865399762,2.792372543617082e-06
1362.02,True,forward,pilot_free_der_m,,,0.02335492194914319,0.9994980285961929,False,0,True,0,,True,1.0230145998707894,0.7788849204808589,0.8962387630388833,308636.1623236315,0.020422068784424346,0.14963571672980497,1.1506690391252843,2.0915202850683743,2.7688444015266915e-06
1364.42,True,forward,pilot_free_der_m,,,0.0238139279735678,0.9994787090245695,False,0,True,0,,True,1.0224156789161543,0.7780380816746985,0.9007047528376254,308731.6300489599,0.02012496298884364,0.15136223195661175,1.1576615258971532,2.0885889032861855,2.7486255501411703e-06
1367.32,True,forward,pilot_free_der_m,,,0.024417326106630863,0.999452734399399,False,0,True,0,,True,1.021693115469248,0.7769665966376078,0.9065633153226953,308874.52011909994,0.01975772356603199,0.15354478020297146,1.166798314426809,2.084799561716243,2.722382567664162e-06
1369.82,True,forward,pilot_free_der_m,,,0.0249780815831718,0.9994280177791177,False,0,True,0,,True,1.0209843031071495,0.7760455472981879,0.9114564367455062,308968.39612246846,0.01944931549382852,0.15538973498661898,1.1744883272879447,2.0815891928050396,2.700780100023907e-06
1372.62,True,forward,pilot_free_der_m,,,0.02564490026283813,0.9993979150024471,False,0,True,0,,True,1.0202637934858996,0.774943241225923,0.9173804587991021,309129.1272236985,0.01909808876664853,0.1575150401785758,1.1838034193934646,2.07801533121738,2.674534461589855e-06
1380.32,True,forward,pilot_free_der_m,,,0.027693916087933743,0.9993006234031537,False,0,True,0,,True,1.018221983486497,0.7718979605568331,0.9327635029531095,309533.2834593924,0.018183951266551382,0.16304872905738735,1.2084026006238324,2.069507229985251,2.606932251201686e-06
1388.02,True,forward,pilot_free_der_m,,,0.03007996864130529,0.9991783188376725,False,0,True,0,,True,1.0163250184699621,0.7687073695949761,0.9494689838122897,309886.94960135943,0.017294325607221,0.16856637804766345,1.2351500992016702,2.061111141313191,2.536829991425707e-06
1396.12,True,forward,pilot_free_der_m,,,0.03276515840210943,0.9990293780448273,False,0,True,0,,True,1.013955366880372,0.7652876209471322,0.9673581207606832,310329.3282378058,0.016359271459843498,0.1747396303199166,1.2640451697931103,2.052156638212511,2.463472657209923e-06
1398.62,True,forward,pilot_free_der_m,,,0.033493636512809004,0.9989868754617434,False,0,True,0,,True,1.0132504841112324,0.7643568397492556,0.9715265884529528,310386.26379447285,0.016125127058294546,0.17625776157363596,1.2710379994397099,2.050390424798951,2.4464235208706048e-06
1401.02,True,forward,pilot_free_der_m,,,0.03279857477793082,0.9990269931386669,False,0,True,0,,True,1.0136576724867281,0.765136925488338,0.9677241764450765,310339.1339064768,0.016351356906737207,0.17484703135587557,1.264772544897686,2.051793900236873,2.4616012623158687e-06
1403.62,True,forward,pilot_free_der_m,,,0.032098951172975586,0.9990663601577692,False,0,True,0,,True,1.0140395107571982,0.7659912524961647,0.9617269875073179,310205.1038477324,0.016634261725071986,0.17289889387352053,1.2555325982813794,2.0550215159157146,2.484406780673189e-06
1406.12,True,forward,pilot_free_der_m,,,0.031438273302435135,0.9991028311748653,False,0,True,0,,True,1.0143751111047923,0.7667352610568464,0.9589604296196899,310138.3098689156,0.01685878162535144,0.17166114787298314,1.250706049827271,2.0554859880142784,2.4967331101771555e-06
1408.82,True,forward,pilot_free_der_m,,,0.030732657861160972,0.999141061092491,False,0,True,0,,True,1.0147138941372895,0.7676636011652523,0.9533894732103445,309968.73402298975,0.017151952714053703,0.16978812612584943,1.241936535434499,2.058026148705532,2.519268883487331e-06
1411.32,True,forward,pilot_free_der_m,,,0.030099826726679317,0.9991746654862468,False,0,True,0,,True,1.014999569433862,0.7683955746370701,0.9491792316743426,309881.9234099913,0.01740166222032464,0.16825197380557957,1.2352742038144358,2.0599320974641127,2.5362606492302312e-06
1414.02,True,forward,pilot_free_der_m,,,0.029437389147537955,0.9992091529796377,False,0,True,0,,True,1.0153897796356468,0.7691658963094742,0.9460753153116285,309801.14597423107,0.01764409219504751,0.1669215093532903,1.2300016418447324,2.060825537066959,2.550112375493212e-06
1416.62,True,forward,pilot_free_der_m,,,0.028822612837438047,0.9992405176931094,False,0,True,0,,True,1.015750955305843,0.7699411871297044,0.9412639203710398,309709.89295992913,0.017920424822714352,0.16519823559637076,1.2225140518589692,2.0633965209324816,2.5694385221325608e-06
1419.32,True,forward,pilot_free_der_m,,,0.028206959021939156,0.9992713055355258,False,0,True,0,,True,1.0160599941648112,0.7707946617755759,0.9363551527666564,309542.2338166703,0.018211454005330887,0.1634535468622916,1.2147919532936322,2.065708950891964,2.590254405917158e-06
1421.72,True,forward,pilot_free_der_m,,,0.02768211744718965,0.9992970540432932,False,0,True,0,,True,1.0165004009253418,0.7716413418887262,0.9322625426657827,309344.33206750406,0.01847067090906797,0.1619706231645412,1.208155255631986,2.067525131444521,2.608889707626813e-06
1424.32,True,forward,pilot_free_der_m,,,0.027138447161532634,0.9993232392480388,False,0,True,0,,True,1.0167684191766637,0.7722691779009457,0.9286829756125666,309354.22327499936,0.018726357782857212,0.16049773262644154,1.2025379261370486,2.06934685934264,2.623213458852936e-06
1426.92,True,forward,pilot_free_der_m,,,0.026622936429143314,0.999347601069675,False,0,True,0,,True,1.017039917500492,0.7730279246034911,0.9244961315444447,309179.4692885928,0.018995661720618853,0.15895748742075674,1.1959414428898492,2.0713358695711013,2.64178893449586e-06
1429.42,True,forward,pilot_free_der_m,,,0.026154167615469716,0.9993693534457693,False,0,True,0,,True,1.0174608334268243,0.7737615593362633,0.9201847866015829,309119.88419093454,0.019275675572902214,0.1573150165310529,1.189235592668783,2.0739010782756164,2.6598073051381126e-06
1432.12,True,forward,pilot_free_der_m,,,0.025678949307746318,0.9993910065183802,False,0,True,0,,True,1.017782632947443,0.7745058114336071,0.916319560735152,309008.21932078805,0.019554202486878305,0.1557825698464296,1.1831022404325775,2.0757905095232796,2.676998127652429e-06
1434.62,True,forward,pilot_free_der_m,,,0.025266384955538953,0.9994094756853579,False,0,True,0,,True,1.0181181625995899,0.7752283363230335,0.9120709592552873,308890.8054707951,0.019834060086603336,0.15418270493859448,1.1765191189750734,2.078243151619082,2.6955344247154652e-06
1437.12,True,forward,pilot_free_der_m,,,0.024876675032458228,0.9994266428774924,False,0,True,0,,True,1.0184162312749887,0.7758915842907966,0.9085264209955327,308794.57522813085,0.020095154447565308,0.15276257885787745,1.1709450642205004,2.0801266940733725,2.711384490939039e-06
1440.02,True,forward,pilot_free_der_m,,,0.024458935774227912,0.9994447233889752,False,0,True,0,,True,1.0187592705808408,0.7766751850507702,0.9040566825065212,308679.17049259745,0.020413622787184105,0.15100714392512188,1.1640087129182892,2.082684148215978,2.7312178403437977e-06
1442.72,True,forward,pilot_free_der_m,,,0.024103013390070243,0.9994598545772859,False,0,True,0,,True,1.0191021163180225,0.7773793544872625,0.8997971616544982,308599.76888473146,0.02071490457146062,0.149330692541419,1.157474991406196,2.085365506116061,2.749800495376061e-06
1445.32,True,forward,pilot_free_der_m,,,0.023792799628289674,0.999472817562111,False,0,True,0,,True,1.0193830811091324,0.7780180715859008,0.8965477890440049,308519.6854907445,0.020984608184403633,0.1479380088671666,1.1523482831401266,2.0870903250927784,2.7647317947525027e-06
1447.92,True,forward,pilot_free_der_m,,,0.023503268857704332,0.9994847435226183,False,0,True,0,,True,1.0196873888601317,0.7786734428045954,0.8924634331982613,308445.4519070029,0.021283166722577965,0.1462995122698034,1.1461331337868947,2.089766061352873,2.782692997704742e-06
1450.52,True,forward,pilot_free_der_m,,,0.02324920163521132,0.9994950190447102,False,0,True,0,,True,1.0200104185648302,0.7793448304085802,0.8886549710031892,308353.6429866971,0.02158090229192156,0.14472507219046893,1.1402590179975942,2.092148635384565,2.800057474407482e-06
1458.02,True,forward,pilot_free_der_m,,,0.0226966747597669,0.9995165462503542,False,0,True,0,,True,1.0209689980774521,0.7812167499368518,0.8777112975328892,308107.00531217793,0.022451417167701458,0.14016175368914335,1.1235182778708181,2.099494389511251,2.8502353265389576e-06
1466.02,True,forward,pilot_free_der_m,,,0.022393971859748577,0.9995271093796851,False,0,True,0,,True,1.0218720935209522,0.7831078379586687,0.8667445895022693,307837.62300165923,0.023372321227387246,0.1355202837750049,1.1068010655615668,2.10700926279277,2.901877679319894e-06
1474.02,True,forward,pilot_free_der_m,,,0.02243405768126506,0.999523214586115,False,0,True,0,,True,1.0230088332512786,0.7847921477101125,0.855404093887719,307717.96868883475,0.024410296921063238,0.13014560265467415,1.0899753474644718,2.1165958393540567,2.9536764861694276e-06
1476.72,True,forward,pilot_free_der_m,,,0.022500166794203972,0.999519731738764,False,0,True,0,,True,1.0232835689486182,0.7851773306595116,0.8531083250552507,307730.1544565532,0.02467785193377182,0.1288664419521022,1.0865167545510774,2.1185054291327803,2.9641615915076337e-06
1479.12,True,forward,pilot_free_der_m,,,0.022483436877884785,0.9995205089354343,False,0,True,0,,True,1.0229948647076474,0.7848838625931862,0.8543758485563325,307745.10050536983,0.024577997196026484,0.1293725413903907,1.0885379216914346,2.1174743643747536,2.9577835642293367e-06
1481.72,True,forward,pilot_free_der_m,,,0.022575211611177398,0.9995167594051385,False,0,True,0,,True,1.0227645724444498,0.7845268181891547,0.8563760036267652,307794.76240248757,0.024429164243085992,0.1301463038792467,1.0915828290018854,2.1159184167327,2.9479912801568245e-06
1484.32,True,forward,pilot_free_der_m,,,0.022621085869350476,0.9995149520025457,False,0,True,0,,True,1.0224655352772127,0.784145369586568,0.8588335152010497,307851.53632509545,0.024264570313795076,0.13105842150201166,1.0952478309651439,2.113770823821316,2.936319272439881e-06
1486.92,True,forward,pilot_free_der_m,,,0.02258658246363127,0.9995165669328678,False,0,True,0,,True,1.0222245379042272,0.7838846651512064,0.8598577579953203,307863.5057644985,0.02417152488627792,0.13149599690245622,1.0969187129454294,2.1130296101908823,2.931109690414604e-06
1489.62,True,forward,pilot_free_der_m,,,0.022560937657745122,0.9995178028987405,False,0,True,0,,True,1.02196639257529,0.783572617884789,0.8618461336392498,307877.8623408413,0.02403041730068023,0.13227271751401964,1.0998931228170732,2.111290782608446,2.9220107210462704e-06
1492.12,True,forward,pilot_free_der_m,,,0.022531054226523167,0.999519218753195,False,0,True,0,,True,1.0217167875059987,0.7832557395728065,0.8631543963986495,307927.7191100556,0.023924227369331714,0.13278396442061405,1.1020083898388289,2.1104153349635855,2.9151406687762015e-06
1494.72,True,forward,pilot_free_der_m,,,0.02250812223548121,0.9995203422748078,False,0,True,0,,True,1.0215101719582953,0.7829633459529617,0.8650474113845119,307969.4623480619,0.02380052414475637,0.133466240310439,1.1048376860242977,2.1088408777976597,2.9062909496425674e-06
1497.12,True,forward,pilot_free_der_m,,,0.022494144912033397,0.9995210727848284,False,0,True,0,,True,1.0212372734384267,0.7826553934583781,0.8664509329676278,308016.91447151016,0.023690912483221263,0.13402034976220864,1.1070656897143147,2.1077823126921036,2.899170278462891e-06
1499.62,True,forward,pilot_free_der_m,,,0.022489241902069218,0.9995214218411477,False,0,True,0,,True,1.0209710851286387,0.7823772716889091,0.8678719636064482,308032.6933109976,0.023581556053027104,0.13459167334110092,1.1092755311423894,2.106608455647934,2.8924400224524835e-06
1502.42,True,forward,pilot_free_der_m,,,0.022493386806155494,0.9995214014748236,False,0,True,0,,True,1.0207422913176243,0.7820182784933603,0.8697582446518239,308091.7632939171,0.023451295467838845,0.13527299244662486,1.112196822723254,2.1052773550283366,2.8832244366739717e-06
1504.92,True,forward,pilot_free_der_m,,,0.022501864935890736,0.999521179244882,False,0,True,0,,True,1.0204876203310993,0.7816838792456254,0.871673282492096,308135.11873653985,0.02332315127007432,0.13597321057829112,1.1151225010976509,2.10377499632009,2.874198307463797e-06
1507.42,True,forward,pilot_free_der_m,,,0.022511726103046265,0.999520898120987,False,0,True,0,,True,1.0202258552469254,0.7813655091904861,0.873200265424726,308175.4092739526,0.023212215267031124,0.13654802728615026,1.1175311107977917,2.1026620374206733,2.866729646267909e-06
1510.02,True,forward,pilot_free_der_m,,,0.022521912144599632,0.9995206093743663,False,0,True,0,,True,1.01995189135999,0.7810297481507962,0.8747384531948117,308204.6021676166,0.023099116213434974,0.1371259753361531,1.1199809677747676,2.1015844045808247,2.8592626573044544e-06
1512.42,True,forward,pilot_free_der_m,,,0.02253610369306574,0.9995201398902497,False,0,True,0,,True,1.0197742306559194,0.7807327511050087,0.8760473508564217,308242.04851393827,0.023001132247073067,0.13761207678863577,1.1220835165637788,2.1008304661230226,2.8527553889568486e-06
1515.12,True,forward,pilot_free_der_m,,,0.022578132644617867,0.9995185015263679,False,0,True,0,,True,1.0194952674233897,0.7804067626491861,0.8776537924499678,308258.3309750703,0.02288734112647341,0.13821019299095952,1.124610695928191,2.099638548587566,2.8452446666230884e-06
1517.62,True,forward,pilot_free_der_m,,,0.02262166642985812,0.9995167859825334,False,0,True,0,,True,1.0192384787101436,0.7801092717345129,0.8790058708990736,308242.51387730386,0.02277796138261415,0.13877140283177491,1.126772751905219,2.098684639739761,2.839103340438538e-06
1520.22,True,forward,pilot_free_der_m,,,0.022687434446682753,0.9995141225687946,False,0,True,0,,True,1.0189947314402874,0.7797827392222161,0.8802705629060551,308277.06405601016,0.022677254712622646,0.13925772095142663,1.1288664375721746,2.097975369918193,2.8326910837307675e-06
1522.82,True,forward,pilot_free_der_m,,,0.022769311047825393,0.9995107619440994,False,0,True,0,,True,1.0187234978288453,0.7794130155810797,0.8821702667836215,308334.23893022,0.02255352237780951,0.13992442384506265,1.1318392805205244,2.096649900444151,2.8236055003898105e-06
1525.32,True,forward,pilot_free_der_m,,,0.022841538201875705,0.9995078020102066,False,0,True,0,,True,1.018486810682386,0.7791553538817706,0.8837396593292761,308288.0414688618,0.02244329373463349,0.1405394693019397,1.1342277954280415,2.0953528232507472,2.817202813807961e-06
1527.82,True,forward,pilot_free_der_m,,,0.022930326461345886,0.9995041204865854,False,0,True,0,,True,1.0182142288576057,0.7788480036188866,0.8851686457896627,308285.8896419273,0.022336627767853064,0.1410980912794723,1.1365101299313363,2.094340121973675,2.810681864559911e-06
1535.52,True,forward,pilot_free_der_m,,,0.02325228808708701,0.9994905854648161,False,0,True,0,,True,1.0174789036186243,0.7778661275492599,0.8900158986302622,308336.9370141892,0.022003446995711873,0.14287558448127438,1.1441761854759516,2.0911034042989667,2.7884406601273806e-06
1543.32,True,forward,pilot_free_der_m,,,0.02359210387547503,0.999476077291698,False,0,True,0,,True,1.0165388772124353,0.7769936238906344,0.8949690229138243,308331.28376699367,0.021636834544461764,0.14503331443192344,1.1518357363506442,2.086971197894335,2.76705057224993e-06
1551.22,True,forward,pilot_free_der_m,,,0.023989901518985786,0.9994587739395983,False,0,True,0,,True,1.0154494515978902,0.7761659449620945,0.9010153689050414,308236.59245963953,0.021224123033905914,0.1476692619089539,1.1608540348276222,2.0812201961214924,2.7431079137413565e-06
1553.72,True,forward,pilot_free_der_m,,,0.024139912892700722,0.9994521677052777,False,0,True,0,,True,1.0151250499851336,0.7758987541995692,0.9012022342557721,308220.65552617965,0.021149009870134523,0.14798171025823076,1.1614946272023186,2.0813797836883414,2.7413405359239623e-06
1556.42,True,forward,pilot_free_der_m,,,0.024124452493850826,0.9994527625866122,False,0,True,0,,True,1.0149518744029995,0.7759332358593394,0.9010471084903252,308135.634303662,0.021145376289594932,0.14807063385824445,1.1612430900609938,2.081062539951521,2.742792381138843e-06
1559.02,True,forward,pilot_free_der_m,,,0.024106684346243315,0.9994534216754705,False,0,True,0,,True,1.0147398256424913,0.7759289198669653,0.9008491403334259,308083.6765654013,0.021148842954486307,0.148106045965399,1.1609944123333853,2.080862395372489,2.743913233183677e-06
1561.72,True,forward,pilot_free_der_m,,,0.024116382515895454,0.9994528522252886,False,0,True,0,,True,1.0146031820786607,0.7759041547809519,0.9014510972926323,308059.63769361447,0.02112572220079758,0.14836220800420993,1.1618072821727885,2.0800151483644065,2.7419464470639908e-06
1564.32,True,forward,pilot_free_der_m,,,0.024159368616794206,0.9994507920711153,False,0,True,0,,True,1.0143499840378352,0.7758292137750905,0.9018981171564736,308025.50541775866,0.02109892670846019,0.14860136311108713,1.1624956899572616,2.0792935824684866,2.740363561210378e-06
1566.92,True,forward,pilot_free_der_m,,,0.02417418449207794,0.9994500254102171,False,0,True,0,,True,1.0142074640382486,0.7757868322228952,0.9027409679578077,307980.6431680487,0.02106109573536506,0.14895006946075756,1.1636456439601395,2.0782397466494174,2.7376795397708064e-06
1569.62,True,forward,pilot_free_der_m,,,0.024186783063820928,0.9994493603200073,False,0,True,0,,True,1.0139035887970185,0.7757319323298243,0.9031678236730498,307883.2364274335,0.021026478962000494,0.14924469244640542,1.1642782590636511,2.0773608883889896,2.736826806737513e-06
1572.32,True,forward,pilot_free_der_m,,,0.02420015800260653,0.9994486594317211,False,0,True,0,,True,1.0137785034492615,0.7756722614207399,0.9034279296697485,307883.23638228973,0.02101047065892414,0.1493897919210953,1.1647031544160265,2.0770497532558965,2.7356553570845416e-06
1574.82,True,forward,pilot_free_der_m,,,0.02421282143161748,0.9994479965605146,False,0,True,0,,True,1.0135334269303857,0.7756433320279978,0.9033976236710141,307783.6182361362,0.020992258896502553,0.149542615451021,1.1647075226044807,2.0766922505576075,2.7365064897831994e-06
1577.32,True,forward,pilot_free_der_m,,,0.024224473727989942,0.9994473809781548,False,0,True,0,,True,1.0133533821728389,0.7755477148461274,0.9044248825496509,307783.6182605207,0.020949441471534623,0.14991302652946525,1.1661756784740103,2.0755689110752757,2.732550013700451e-06
1579.92,True,forward,pilot_free_der_m,,,0.02423676842197226,0.9994467340638927,False,0,True,0,,True,1.0131883113782865,0.7755600345809238,0.9032678523379082,307718.4174187863,0.020971665346137144,0.1497214883425303,1.1646652896780476,2.076447944054343,2.737132652821224e-06
1582.32,True,forward,pilot_free_der_m,,,0.02425392810429305,0.999445873261453,False,0,True,0,,True,1.0129347965788607,0.7755009115779212,0.9040273342224826,307654.95330388076,0.020932634433751818,0.1500652504509436,1.165733425616544,2.0753258612093415,2.734824384716652e-06
1584.92,True,forward,pilot_free_der_m,,,0.024279719989250367,0.9994446114045057,False,0,True,0,,True,1.0127497375842394,0.7754388822466228,0.9042555966509233,307634.8381393772,0.02091266983090323,0.15023228847261735,1.1661210410691416,2.0749363575290776,2.7339297079831317e-06
1587.72,True,forward,pilot_free_der_m,,,0.024314777823661492,0.9994429173265544,False,0,True,0,,True,1.0126546546223534,0.7754777890666119,0.9038148315570288,307571.4291735318,0.020917093582890005,0.15023337531450323,1.1654941563766605,2.075073034241288,2.736181624546895e-06
1590.12,True,forward,pilot_free_der_m,,,0.024346923171847397,0.999441366704265,False,0,True,0,,True,1.0124560973350671,0.7754650003153488,0.9042976880211153,307501.1514294464,0.020889827003489236,0.15049707866367013,1.166136044377729,2.07418825791764,2.7350993227201654e-06
1592.62,True,forward,pilot_free_der_m,,,0.02436462768717943,0.9994404740169436,False,0,True,0,,True,1.0122901520974383,0.7754078819627923,0.904652925390508,307472.1363395259,0.02086665425675705,0.1506959286425574,1.1666800743636463,2.073680748634966,2.7338747245491048e-06
1595.32,True,forward,pilot_free_der_m,,,0.024387519257980567,0.9994393358598422,False,0,True,0,,True,1.0120815475550522,0.7754047008928747,0.9046796743200753,307407.6843248114,0.020852975213241268,0.15084183729253858,1.1667193573605386,2.07323651032646,2.734341628045539e-06
1598.12,True,forward,pilot_free_der_m,,,0.024399576457304402,0.999438691960696,False,0,True,0,,True,1.0119012597043286,0.7753843159508683,0.9042301817735862,307378.80394675035,0.020854838387914486,0.15083440431934653,1.1661703276325777,2.0734356877912514,2.736033385716513e-06
1600.62,True,forward,pilot_free_der_m,,,0.02440143601237139,0.9994385261084838,False,0,True,0,,True,1.0117007004245893,0.7752793686314372,0.9052265385394326,307396.4369682566,0.02081313937173179,0.15119239373411114,1.1676133470923968,2.072343145391286,2.731982197935851e-06
1603.42,True,forward,pilot_free_der_m,,,0.02441736235075086,0.999437702663655,False,0,True,0,,True,1.0114989201872704,0.7752178671961707,0.9057723257566661,307363.197479383,0.020781740276867078,0.1514699029503569,1.1684100226336223,2.071572953891656,2.7301283798647538e-06
1606.02,True,forward,pilot_free_der_m,,,0.024419769949720865,0.9994375051824105,False,0,True,0,,True,1.0112995261986673,0.7751678418261155,0.9057865649408275,307363.19302719913,0.02077233421951997,0.15156210149262125,1.1685037950065171,2.0713415905714787,2.7298413201295326e-06
1613.92,True,forward,pilot_free_der_m,,,0.02443094682008372,0.9994367272010073,False,0,True,0,,True,1.0106621932023059,0.774935327557708,0.9078773568990375,307309.0952523017,0.020670670340034458,0.15245079744032566,1.1715524181357309,2.0686649128030408,2.722123479431077e-06
1621.72,True,forward,pilot_free_der_m,,,0.02446842896366246,0.9994347467868983,False,0,True,0,,True,1.0100798086684972,0.774694991532468,0.9087813469857685,307268.83904886246,0.020615479236486694,0.15289937697930164,1.173082770534061,2.0674210975058935,2.7182775465349474e-06
1629.9199999999998,True,forward,pilot_free_der_m,,,0.024573667822561988,0.9994296364002023,False,0,True,0,,True,1.0098100904654843,0.7743240802292896,0.9101661371483231,307326.8172194748,0.020579625257025867,0.15310713041943091,1.1754330782000328,2.0668046666309388,2.7113263785671732e-06
1632.32,True,forward,pilot_free_der_m,,,0.02454835026080966,0.9994306371037281,False,0,True,0,,True,1.0097922211941506,0.7743091395728793,0.9096835100304894,307363.78561519313,0.02061869246916258,0.15284918311786938,1.1748324584316345,2.0673448395101466,2.712552936703625e-06
1635.22,True,forward,pilot_free_der_m,,,0.024322225983243066,0.9994405026404035,False,0,True,0,,True,1.0100578007049879,0.7747064047960224,0.9074227148098356,307322.7578477999,0.020795868563116174,0.15187748615804414,1.1713117500929362,2.0687996895763443,2.7224473362053777e-06
1637.82,True,forward,pilot_free_der_m,,,0.024088728589759526,0.9994505621847726,False,0,True,0,,True,1.0102380751766795,0.7751202623479746,0.9044522971815038,307264.43919466855,0.021002595127390642,0.1507019693320663,1.1668541529823513,2.0708007410818587,2.7350338762416108e-06
1640.5200000000002,True,forward,pilot_free_der_m,,,0.02383931859965427,0.9994612350556998,False,0,True,0,,True,1.0104014667733843,0.7755140608006513,0.9024626819067969,307218.39568342,0.021185709410088387,0.14977555083686464,1.1636960920799837,2.071792547434243,2.7441243092088268e-06
1643.12,True,forward,pilot_free_der_m,,,0.023608624154304463,0.9994710062916655,False,0,True,0,,True,1.0106405192420613,0.7759408091178946,0.8995044983332421,307147.04819094716,0.021396035779987915,0.14859577050169107,1.1592437048849347,2.0738876685034535,2.7569703242888945e-06
1645.9199999999998,True,forward,pilot_free_der_m,,,0.02337166439118438,0.9994809247513,False,0,True,0,,True,1.010783321385211,0.776262726613287,0.8976828713344251,307176.8622326439,0.02158307587249791,0.1476506389392602,1.1564163015412001,2.074952731849471,2.764536036036661e-06
1648.4199999999998,True,forward,pilot_free_der_m,,,0.02317659035144859,0.9994889775367848,False,0,True,0,,True,1.0110035155551866,0.7766414678698572,0.895507215621885,307143.77739864436,0.02177208551030091,0.1466694130258866,1.153050992857809,2.0763599506702866,2.7741972921013297e-06
1651.12,True,forward,pilot_free_der_m,,,0.02297332716386352,0.9994972916772022,False,0,True,0,,True,1.0111874874703461,0.7770449790659226,0.8929656054605687,307075.2250145246,0.021979335244866772,0.14558025589080548,1.1491813595320994,2.0780182292381224,2.785619712769572e-06
1653.62,True,forward,pilot_free_der_m,,,0.02279273279931454,0.9995046048521647,False,0,True,0,,True,1.0113270095765454,0.77733897969591,0.8912355392852293,307067.64385178004,0.022151905733247195,0.14471854528253075,1.1465210964126291,2.0791118056749607,2.7931637996869347e-06
1656.0200000000002,True,forward,pilot_free_der_m,,,0.022621476738497844,0.9995114956384983,False,0,True,0,,True,1.0115212785531178,0.7776972982158612,0.8889957460511556,307008.3719129362,0.02233988740605265,0.14374155966400162,1.1431128127751344,2.0806526905446514,2.803312438824112e-06
1658.62,True,forward,pilot_free_der_m,,,0.022442915395136584,0.9995186187342261,False,0,True,0,,True,1.0116883356682378,0.7780358739604865,0.8870053833518067,306948.98693311744,0.02252517697068388,0.1428165054297025,1.1400571786447657,2.08194433078144,2.8125255412247297e-06
1661.12,True,forward,pilot_free_der_m,,,0.022275541780572183,0.9995252430590279,False,0,True,0,,True,1.011871877026303,0.7783316712462313,0.8849130494953922,306967.05964076583,0.022718340916306944,0.14181324640737808,1.136935682031938,2.0835598888678843,2.82122399761818e-06
1663.9199999999998,True,forward,pilot_free_der_m,,,0.022093321337520254,0.9995323965496461,False,0,True,0,,True,1.012081419516665,0.7787050695533295,0.8826062483060254,306929.8108239468,0.02293292635668697,0.14073514929613706,1.1334281524740737,2.085188295541315,2.83160628544762e-06
1666.4199999999998,True,forward,pilot_free_der_m,,,0.021935756854458484,0.9995385310833033,False,0,True,0,,True,1.0122005781419943,0.7789948513810884,0.8806449219920708,306890.9863471812,0.023117895416035466,0.1398073276893074,1.1304887579561866,2.0865683138563944,2.8404053554656763e-06
1669.22,True,forward,pilot_free_der_m,,,0.021767195859874508,0.9995450331489452,False,0,True,0,,True,1.0124272296976655,0.7793862130277392,0.8773929572363433,306843.3479605641,0.02336941350623336,0.13844442723047995,1.1257486244565065,2.089279415779366,2.8544934200175457e-06
1671.72,True,forward,pilot_free_der_m,,,0.021633213836416924,0.9995501213705562,False,0,True,0,,True,1.0125804972795311,0.7796457649097427,0.8762527055082813,306835.7835913134,0.023530168693661577,0.13773317244516392,1.1239113260747622,2.0899214989197787,2.859948815810603e-06
1674.62,True,forward,pilot_free_der_m,,,0.021484717917237054,0.9995557105894624,False,0,True,0,,True,1.0127814711206182,0.7800008550313476,0.8737046201533607,306807.5738903236,0.023764977595010485,0.13654503536846724,1.1201329005187401,2.0919365925869005,2.8712227548515196e-06
1677.12,True,forward,pilot_free_der_m,,,0.021370722572926944,0.9995599311254135,False,0,True,0,,True,1.0129144514146045,0.7803025376984407,0.8715634912219309,306762.81653707987,0.02396492415375024,0.1355480363773256,1.116955858932192,2.093556628646657,2.88095416042858e-06
1679.62,True,forward,pilot_free_der_m,,,0.021267741696611293,0.9995636860903275,False,0,True,0,,True,1.0131145208609855,0.7806511363745812,0.8696197013986421,306688.0412658766,0.024159990113960826,0.13462292538796888,1.1139671242102323,2.0949170269458293,2.8904995969983265e-06
1682.32,True,forward,pilot_free_der_m,,,0.021168270583588843,0.9995672494844907,False,0,True,0,,True,1.0132720164785383,0.7810055745845146,0.8670448642618371,306602.3564662912,0.02438787220938917,0.13348057382194836,1.1101647574322302,2.0969224130569306,2.902568524213211e-06
1685.22,True,forward,pilot_free_der_m,,,0.02108295560032453,0.9995701920223253,False,0,True,0,,True,1.0135228243928511,0.7813369962680141,0.8648040821680667,306604.29633851873,0.02462364168620227,0.13233642741459734,1.1068259743218682,2.098830377973534,2.9125057687303163e-06
1693.0200000000002,True,forward,pilot_free_der_m,,,0.020901904698206464,0.9995761235924542,False,0,True,0,,True,1.014012827550184,0.7822236480823335,0.8581546975810249,306503.55008453317,0.025277981516103935,0.12914061296122448,1.0970707670176436,2.104417553933791,2.9428226253397168e-06
1700.5200000000002,True,forward,pilot_free_der_m,,,0.020807628285017872,0.9995786005986576,False,0,True,0,,True,1.0146576276961756,0.7830209184740613,0.8519073579691723,306476.44637481694,0.02594202951345253,0.12589830608078945,1.0879752224619437,2.1103005479121433,2.970867307207273e-06
1708.62,True,forward,pilot_free_der_m,,,0.020733280185407103,0.9995801600410206,False,0,True,0,,True,1.0150482887843244,0.7839964871285457,0.8453527976253635,306303.35911876423,0.026617147079430227,0.1228520962119224,1.0782609507875993,2.1154709250388963,3.00275287438978e-06
1711.12,True,forward,pilot_free_der_m,,,0.020715680948492278,0.9995805055319361,False,0,True,0,,True,1.0151775244961136,0.7842010058522321,0.8437695533113592,306301.0223674313,0.026789375910262585,0.12206893915014248,1.0759608149117212,2.11692974259278,3.009987126823687e-06
1713.72,True,forward,pilot_free_der_m,,,0.020658076474488224,0.9995828688541637,False,0,True,0,,True,1.0147927416586628,0.783928971070977,0.8456110382873817,306257.16891325545,0.026638939895108682,0.12289665023322208,1.0786832346968078,2.114874885903771,3.0018720166681613e-06
1716.32,True,forward,pilot_free_der_m,,,0.020684862920400466,0.9995819079842115,False,0,True,0,,True,1.0143965693492862,0.7835306366181105,0.847798173121753,306304.6321598762,0.026458926687265103,0.12381094949414255,1.0820230039517476,2.112860904277448,2.990947612013582e-06
1718.82,True,forward,pilot_free_der_m,,,0.020727831335790554,0.9995802918923432,False,0,True,0,,True,1.0140462408441284,0.7832255558517386,0.8496542872043227,306273.8694712627,0.026295109913190954,0.12465585909176266,1.0848143052231545,2.1110086854582266,2.9825596087533994e-06
1721.4199999999998,True,forward,pilot_free_der_m,,,0.020788639208957536,0.9995779570194512,False,0,True,0,,True,1.013717393010111,0.7828702718807781,0.851450146784273,306310.3460537082,0.026140377844681345,0.12542126386108693,1.087600560867815,2.109476383945729,2.973547419159272e-06
1723.9199999999998,True,forward,pilot_free_der_m,,,0.020854247449845924,0.9995754159827105,False,0,True,0,,True,1.0133385493340945,0.7824673030623288,0.853968562724923,306344.45334214775,0.025944369318783685,0.1264571967883712,1.091379230010968,2.1071530684289064,2.9615733624266178e-06
1726.62,True,forward,pilot_free_der_m,,,0.02091973995853504,0.9995728947019966,False,0,True,0,,True,1.0129970671240054,0.7821615534415163,0.8549288227438233,306324.46877549397,0.025821510615302197,0.1269960482644057,1.093033554234583,2.106441452927518,2.95662757429844e-06
1729.12,True,forward,pilot_free_der_m,,,0.020987389429987936,0.9995702682433757,False,0,True,0,,True,1.0126452513520925,0.7817702393251807,0.8574447057036572,306362.72232613876,0.025634162144568734,0.12799594109163018,1.0967988579915733,2.1041596725215808,2.9447591323536466e-06
1731.82,True,forward,pilot_free_der_m,,,0.021064578617108372,0.9995672587460875,False,0,True,0,,True,1.0123340596202657,0.7814482065058107,0.8589048361915644,306374.7328164327,0.025498287703060698,0.12864783151047948,1.0991193389925296,2.1029832241641055,2.937549464460863e-06
1734.32,True,forward,pilot_free_der_m,,,0.021153341418974805,0.9995637482658428,False,0,True,0,,True,1.0119579652707957,0.7810831383877245,0.8611500453896789,306387.0490114761,0.025319428309250172,0.12959588063088665,1.1025075348153397,2.1009039404942342,2.9271723577061617e-06
1736.82,True,forward,pilot_free_der_m,,,0.021250924257836635,0.9995598585597147,False,0,True,0,,True,1.0116167272577141,0.7807493184747829,0.8630570429264396,306394.52673329925,0.02516518675649119,0.13039982045355997,1.1054214489901153,2.0991948056076333,2.9183105918785752e-06
1739.4199999999998,True,forward,pilot_free_der_m,,,0.0213583370777578,0.9995555499414325,False,0,True,0,,True,1.0112270230796845,0.7803314562212785,0.8653014650463035,306439.263866582,0.02499309138608343,0.131292291411851,1.1088896367660077,2.097316939835788,2.9074631712521334e-06
1742.0200000000002,True,forward,pilot_free_der_m,,,0.02147196251238228,0.9995509628226111,False,0,True,0,,True,1.0109155153257476,0.7799536207971206,0.8676182936893294,306498.6894997867,0.024830517164181744,0.13216384341236412,1.1123972894729492,2.0953781095044928,2.8964425663017114e-06
1744.62,True,forward,pilot_free_der_m,,,0.02159091223263543,0.9995461308691582,False,0,True,0,,True,1.0105157784835734,0.7796006467888721,0.8690226402542142,306474.26067267923,0.024687639993179387,0.1328532138538602,1.1147023079491607,2.0942461325235935,2.88977069809492e-06
1747.0200000000002,True,forward,pilot_free_der_m,,,0.02170666443551672,0.9995413985916969,False,0,True,0,,True,1.0102044539666715,0.779228575068508,0.8716204049130712,306517.35689126793,0.02451372207943659,0.1338265083277214,1.1185683287300396,2.0919829744511595,2.877970779331071e-06
1749.4199999999998,True,forward,pilot_free_der_m,,,0.021829346752154515,0.9995363498334872,False,0,True,0,,True,1.0098784069569944,0.7788902517800509,0.872854009045567,306522.9860139156,0.024394101566324038,0.1343871210245071,1.1206379936721178,2.091162899387676,2.871761800481327e-06
1752.12,True,forward,pilot_free_der_m,,,0.021974264323944986,0.9995303450572227,False,0,True,0,,True,1.009473389198069,0.7784888574790095,0.8749318290128429,306545.4868488209,0.024232684533563927,0.13523148435624124,1.123884845116661,2.0894471771849465,2.8620096330178715e-06
1754.62,True,forward,pilot_free_der_m,,,0.022114100504250955,0.9995245105520947,False,0,True,0,,True,1.0091229954624104,0.7781171778353249,0.876808113543038,306562.5017000394,0.024086326571117565,0.13599120471192894,1.1268329996033057,2.0879755116278216,2.853222538918218e-06
1757.32,True,forward,pilot_free_der_m,,,0.02227332887767819,0.999517817050744,False,0,True,0,,True,1.008794891436269,0.7777507545099764,0.8786509036415614,306561.72483380075,0.023939146112956146,0.13675082097139576,1.129733270648072,2.0865783648851943,2.844777352956619e-06
1759.82,True,forward,pilot_free_der_m,,,0.022422972054582584,0.999511484763366,False,0,True,0,,True,1.0084206507447468,0.7773735161102158,0.8805104007303997,306582.4188799362,0.023793883108229635,0.13750836062981875,1.1326735249951083,2.0851177337784894,2.8360495347676926e-06
1762.5200000000002,True,forward,pilot_free_der_m,,,0.022584325534375272,0.9995046132530718,False,0,True,0,,True,1.0080346270779648,0.7769445053717445,0.8829055661056026,306604.3993001503,0.02362493762581789,0.1384202423459575,1.1363817621480685,2.0832316616994007,2.825165028941297e-06
1770.12,True,forward,pilot_free_der_m,,,0.023077895380038366,0.999483271990836,False,0,True,0,,True,1.006967724516911,0.775790866013882,0.8888163521530829,306661.8189089239,0.023190786045863134,0.14072439813928525,1.145690663670663,2.0787723463577685,2.7980295431837793e-06
1777.82,True,forward,pilot_free_der_m,,,0.023631797449996154,0.9994587607729096,False,0,True,0,,True,1.0058430370415914,0.774585290238214,0.8955728458445142,306710.7527084909,0.022729889348182267,0.143271859764779,1.1561965572172073,2.0735543912914056,2.7680591242120676e-06
1785.62,True,forward,pilot_free_der_m,,,0.024217620721423076,0.9994322176647474,False,0,True,0,,True,1.0046724457465621,0.7734385385377616,0.9020557674419276,306743.60528554214,0.0222721860971172,0.14587803508524858,1.1662927595350054,2.0684351127613763,2.7398252349709863e-06
1788.32,True,forward,pilot_free_der_m,,,0.0244592273363619,0.9994211042760652,False,0,True,0,,True,1.0041886964012987,0.7729747985341003,0.9046034844515726,306744.2432944683,0.022092776356765834,0.14689784512070694,1.1702884572266754,2.066454892223728,2.728867393627819e-06
1790.82,True,forward,pilot_free_der_m,,,0.02467670066755261,0.9994109971270786,False,0,True,0,,True,1.0037770443204381,0.7725482042608853,0.9067184536798306,306794.8189426528,0.0219444447959727,0.14772312212640662,1.1736723335565955,2.0649630409674424,2.7191648911711866e-06
1793.62,True,forward,pilot_free_der_m,,,0.024922550481398374,0.9993994210190918,False,0,True,0,,True,1.003316761994607,0.7721066894921834,0.9100906943268915,306787.0842277035,0.021753930725445098,0.1489261612782831,1.1787110598995854,2.0620944245402324,2.705699966999788e-06
1796.12,True,forward,pilot_free_der_m,,,0.025140805818847235,0.99938904849574,False,0,True,0,,True,1.0028587615318687,0.7717350178754395,0.9113148350864648,306771.0784232166,0.021638544751052157,0.14952601978388677,1.1808649523191053,2.0612746619601308,2.6999311533103686e-06
1798.72,True,forward,pilot_free_der_m,,,0.025336445514905805,0.999379687019373,False,0,True,0,,True,1.0024566720533017,0.771330928951177,0.9138197393026809,306795.26883692265,0.021489084864937547,0.15043582304510364,1.1847310991992166,2.0593391709110214,2.689378557056673e-06
1801.22,True,forward,pilot_free_der_m,,,0.025490459330244755,0.9993723181206369,False,0,True,0,,True,1.0021328493307635,0.7710079437906796,0.9154328333581424,306791.5434755068,0.02137217247385647,0.15110280598552814,1.1873195869518467,2.058209154218276,2.6824748273293247e-06
1803.92,True,forward,pilot_free_der_m,,,0.025676172092772717,0.9993633408537779,False,0,True,0,,True,1.0015931515297443,0.7705277288729241,0.9179962447829133,306803.9765441381,0.021212921078903213,0.15205304567400135,1.191386384141809,2.0562483643806253,2.671543032286857e-06
1806.62,True,forward,pilot_free_der_m,,,0.02587578376258448,0.9993536107793171,False,0,True,0,,True,1.0011540891768191,0.770140445677188,0.9202050914960614,306774.6833191978,0.02107070360684624,0.1529110991973139,1.1948536097035145,2.0545233790728794,2.662638364033749e-06
1809.42,True,forward,pilot_free_der_m,,,0.026096097966977056,0.9993427719161766,False,0,True,0,,True,1.0007138402809965,0.7696071265076544,0.9233814425310497,306854.36086001876,0.020898438888041042,0.15396900366597605,1.1998088514606107,2.052365161267233,2.6489558721550583e-06
1811.82,True,forward,pilot_free_der_m,,,0.026288242488433908,0.9993332531269975,False,0,True,0,,True,1.0002937246149384,0.7691709952469674,0.9259212655339638,306873.8248052615,0.020754096984855936,0.15485575586816697,1.2037911872075553,2.0505546532144603,2.638407190965188e-06
1814.42,True,forward,pilot_free_der_m,,,0.02651020665523752,0.9993221685681136,False,0,True,0,,True,0.9999544567829658,0.7688274706138096,0.9268573243356316,306888.12051470124,0.020658676233618337,0.1553352380001523,1.2055465754828656,2.050217688444471,2.6335848298961634e-06
1817.02,True,forward,pilot_free_der_m,,,0.026751051897408125,0.9993100286510237,False,0,True,0,,True,0.9995315618821271,0.7683791823330608,0.9297391965842734,306909.57396011625,0.020504475181059748,0.15630989428943046,1.210000502305735,2.0481198308841346,2.6219249319597283e-06
1819.62,True,forward,pilot_free_der_m,,,0.02701197422251549,0.9992967439128518,False,0,True,0,,True,0.9991206696245188,0.7680280018477424,0.9317861317808135,306862.96702902566,0.02037437366439437,0.15711182768210163,1.2132189575628718,2.0465416590340193,2.614048427199211e-06
1822.42,True,forward,pilot_free_der_m,,,0.027312493830436487,0.9992812764523016,False,0,True,0,,True,0.9987364669485219,0.7676358043836607,0.9339722090874751,306855.68248947646,0.020239286468488056,0.15793353670090193,1.2166866159107401,2.045045285209709,2.6052229272812403e-06
1824.82,True,forward,pilot_free_der_m,,,0.027581623778101617,0.9992672784048934,False,0,True,0,,True,0.9982901339766805,0.7671782506776581,0.9361841393760989,306909.5132183144,0.02010906047422291,0.15870771667522876,1.2202954639930887,2.0436592631977586,2.5955143387938165e-06
1827.62,True,forward,pilot_free_der_m,,,0.027896721897713313,0.999250725428207,False,0,True,0,,True,0.9978895882105318,0.766803065393829,0.9387680736736447,306879.62870113103,0.01996629065977378,0.15963212710470082,1.2242622858993066,2.041687055205428,2.585776532227134e-06
1830.22,True,forward,pilot_free_der_m,,,0.0282013978537255,0.999234541844514,False,0,True,0,,True,0.9974848752604326,0.7663232204893834,0.9420613297682341,306913.6541901186,0.019807384387782234,0.16067449896813285,1.2293263528757776,2.039418254778791,2.572818595034948e-06
1832.92,True,forward,pilot_free_der_m,,,0.028526473640427825,0.9992170853842044,False,0,True,0,,True,0.9970579155819121,0.765878292803986,0.9447080357693279,306985.7021922252,0.019672668173703715,0.16153235825236428,1.2334962939223955,2.0376337865038243,2.56180015878033e-06
1835.42,True,forward,pilot_free_der_m,,,0.028835855177579226,0.9992002898411145,False,0,True,0,,True,0.996673742369498,0.7655372619987562,0.946388612906699,306894.54594114557,0.01955338020566793,0.16225095169038573,1.2362410817675347,2.036504221226442,2.555686248589045e-06
1837.92,True,forward,pilot_free_der_m,,,0.029163182723966546,0.9991823182225538,False,0,True,0,,True,0.9963316461932918,0.7650686983593291,0.9492069983368993,307003.6442943899,0.019418150818345945,0.163115228909156,1.2406820464259618,2.0348420983257633,2.543799586971898e-06
1840.42,True,forward,pilot_free_der_m,,,0.029496760155937985,0.9991638007089049,False,0,True,0,,True,0.9959910258517735,0.7647309049224527,0.9501821903211886,306992.4021036098,0.01932509207422647,0.16360928964005278,1.2425052841529158,2.034497011822722,2.5392500318946774e-06
1848.12,True,forward,pilot_free_der_m,,,0.030578199005096604,0.9991023561360793,False,0,True,0,,True,0.9946331557037971,0.7633667726563546,0.9583769045787505,307008.5118999774,0.018907072985466056,0.16632574928552696,1.2554605975890227,2.0290487318082446,2.5075470949312417e-06
1855.62,True,forward,pilot_free_der_m,,,0.03168532147394913,0.999037227788618,False,0,True,0,,True,0.9932754196236719,0.7619589164033719,0.9675557256906165,307141.677104399,0.018483104108770878,0.16921733291968555,1.2698266335115687,2.02298655915707,2.4722326096736955e-06
1863.92,True,forward,pilot_free_der_m,,,0.03308573156170362,0.9989516362522916,False,0,True,0,,True,0.9924360813660495,0.7605409961812587,0.9732735359567394,307226.0367637894,0.018162104602343028,0.1709397492484659,1.2797121270827332,2.0214156862813253,2.4478676572385408e-06
1866.42,True,forward,pilot_free_der_m,,,0.03325687331587057,0.9989406863249017,False,0,True,0,,True,0.9924535678580445,0.7604632445232914,0.972711385205903,307226.0369114939,0.01817086087350199,0.17078317008169724,1.2791037465797084,2.0222789705596624,2.4491232216546076e-06
1869.12,True,forward,pilot_free_der_m,,,0.03293978493880722,0.9989597619062307,False,0,True,0,,True,0.9924195146074339,0.7605743184914215,0.9726618564178673,307304.12566465855,0.018258382003583696,0.17038497499935948,1.2788518265343427,2.0218238364646166,2.4491893604665315e-06
1871.72,True,forward,pilot_free_der_m,,,0.032641494614258464,0.9989775467529421,False,0,True,0,,True,0.9927185118658889,0.7610980130193518,0.9686249049719103,307203.8335648476,0.018442521715296527,0.16917730756722935,1.2726677621050129,2.024186384039156,2.464370895908628e-06
1874.42,True,forward,pilot_free_der_m,,,0.03233780760550856,0.9989954978495155,False,0,True,0,,True,0.992849811512541,0.7614039188912294,0.9682006333614945,307147.5413716178,0.018543416904351368,0.16875130343610378,1.2715992252461825,2.0236655183058296,2.4675692489868397e-06
1877.12,True,forward,pilot_free_der_m,,,0.03200135211793112,0.9990153618512915,False,0,True,0,,True,0.9930161314897908,0.7616265328339165,0.9667348793419911,307210.6025466723,0.018666178232604157,0.16803839104124943,1.269303047708819,2.024524632183762,2.472473582241402e-06
1879.72,True,forward,pilot_free_der_m,,,0.03167925464287699,0.9990341910648912,False,0,True,0,,True,0.9931474335815874,0.7619370694078191,0.9648402040189621,307163.24095228204,0.018794813529537553,0.1673005265861722,1.2662990721383856,2.025382673160167,2.4799824210865215e-06
1882.32,True,forward,pilot_free_der_m,,,0.03136800531591387,0.9990521892914824,False,0,True,0,,True,0.993358879068894,0.7623761675770279,0.9615385671748824,307077.79493764613,0.01896204921884884,0.16625526304072072,1.2612390156828084,2.0272560777749886,2.4926535294498213e-06
1885.12,True,forward,pilot_free_der_m,,,0.031038740120373304,0.9990710499792177,False,0,True,0,,True,0.9935910442394359,0.7627145030712005,0.9601672097409013,307006.76691980957,0.019087353129615396,0.165608988512714,1.2588815420116226,2.0277306580164343,2.498992071523559e-06
1887.62,True,forward,pilot_free_der_m,,,0.030752898269414724,0.9990872717161965,False,0,True,0,,True,0.9936659540813829,0.7630480947638952,0.9580437955163768,306911.0527234559,0.01921913522850455,0.16485689858622266,1.2555483751162733,2.0286305502205906,2.5077891458982033e-06
1890.02,True,forward,pilot_free_der_m,,,0.030484574375418846,0.9991023648418409,False,0,True,0,,True,0.9938137025408905,0.763183492135451,0.9570214203812147,307051.12082204816,0.01932855746308871,0.16423716904028324,1.2539860076157952,2.0293929204860777,2.5103912363126395e-06
1892.62,True,forward,pilot_free_der_m,,,0.030197017845701127,0.9991184040398232,False,0,True,0,,True,0.9939947139679273,0.7635032051356279,0.9543914655179115,307094.655925756,0.01948632302047047,0.16327281282997078,1.2500163183314659,2.0310683001832066,2.519563202511266e-06
1895.02,True,forward,pilot_free_der_m,,,0.0299337776468419,0.9991329673782965,False,0,True,0,,True,0.9940997642138806,0.7637257203346078,0.9548481405419269,306982.79716672987,0.019545855868287894,0.16315081711077112,1.2502500768516522,2.029978601574759,2.520181430625118e-06
1897.92,True,forward,pilot_free_der_m,,,0.029613027009586814,0.9991505738741897,False,0,True,0,,True,0.994240208960771,0.7641647863348193,0.9506620420884923,306899.7537094506,0.019751287299706977,0.16183712523680946,1.2440537160161147,2.0326401511200465,2.5357811048780818e-06
1900.42,True,forward,pilot_free_der_m,,,0.029338589483634398,0.9991655058302104,False,0,True,0,,True,0.9943719621765721,0.764337571040179,0.9501434298812299,306953.8901033779,0.019850877591708345,0.16136387546919403,1.2430939755953507,2.0327482474059475,2.5377681551796424e-06
1903.22,True,forward,pilot_free_der_m,,,0.029036111043527022,0.9991818152400641,False,0,True,0,,True,0.99461188296246,0.7646996051005024,0.947247513963823,306912.6216088859,0.020020524040928744,0.16034341003356378,1.2387184557775845,2.0346805271316075,2.548794538823025e-06
1905.62,True,forward,pilot_free_der_m,,,0.028790282676741007,0.9991949302287182,False,0,True,0,,True,0.9945979140225281,0.7647974969423684,0.9477378753373324,306897.1673867389,0.020077373712322405,0.16019649779552356,1.2392010684218409,2.0337912400496396,2.5478863371251793e-06
1908.42,True,forward,pilot_free_der_m,,,0.028506252431835712,0.9992099600504561,False,0,True,0,,True,0.9948662046179721,0.7653555212105515,0.942843943265528,306754.2744362575,0.020308727832942634,0.1587274580311126,1.2319032359944901,2.0370197110207076,2.566992950904155e-06
1910.92,True,forward,pilot_free_der_m,,,0.02826401607308444,0.9992226496731843,False,0,True,0,,True,0.994867000010064,0.7653358478500496,0.9444087320486603,306862.2237761537,0.02034476842880676,0.15875480030844075,1.2339794806445497,2.035545993838455,2.5611182387974225e-06
1913.42,True,forward,pilot_free_der_m,,,0.028024073204216862,0.999235124683716,False,0,True,0,,True,0.9951257042208653,0.765856982956611,0.939587568655213,306699.76022762153,0.020563788437526452,0.15734333403929346,1.2268446845361525,2.0388595567039416,2.580103362793527e-06
1916.12,True,forward,pilot_free_der_m,,,0.02776014618458074,0.9992487585222001,False,0,True,0,,True,0.9952706186786995,0.7661693188432404,0.9372813078366531,306645.59249652846,0.020717462455164953,0.15647605894035907,1.2233344311564929,2.04026227982847,2.5893593278274962e-06
1918.72,True,forward,pilot_free_der_m,,,0.02751749480755752,0.999261169983624,False,0,True,0,,True,0.9953876466628755,0.7663304008752337,0.9364356763538821,306695.05831219227,0.020829131893980776,0.15592003864169288,1.221973805664462,2.0407309664158375,2.5924043236384766e-06
1926.72,True,forward,pilot_free_der_m,,,0.02680871275776646,0.9992968083656627,False,0,True,0,,True,0.9958733854095472,0.7672178299648497,0.9303622306891024,306551.2102659145,0.02127288206922293,0.1535026336842038,1.2126441726878627,2.044456408325151,2.617338463666381e-06
1934.32,True,forward,pilot_free_der_m,,,0.02618118824435858,0.9993275970996703,False,0,True,0,,True,0.9962096691346204,0.7678928552218065,0.9258455267387562,306511.3783033281,0.021651925873573594,0.15153440349872396,1.2056962380139935,2.047171851165436,2.6355662999362938e-06
1942.22,True,forward,pilot_free_der_m,,,0.02555285301380269,0.9993577460197826,False,0,True,0,,True,0.9965040181571742,0.7688443639842707,0.9200902623724713,306330.6165246027,0.022083747154240572,0.1493963751244803,1.1967184848756918,2.050072743604301,2.6605899123199707e-06
1944.92,True,forward,pilot_free_der_m,,,0.02542796492762837,0.9993635500481759,False,0,True,0,,True,0.996490741738304,0.769008488838768,0.9183443481956299,306307.76605039317,0.022195547156406554,0.1487892230027484,1.1941927319714827,2.051235197171878,2.6673521229145947e-06
1947.42,True,forward,pilot_free_der_m,,,0.025673888634058225,0.9993513583227329,False,0,True,0,,True,0.9961742062402238,0.7686854299986023,0.9201194521141105,306262.6102247628,0.02207855008852566,0.14944190351256986,1.197003892887346,2.0499744165751923,2.660312039185186e-06
1950.02,True,forward,pilot_free_der_m,,,0.025940903684090372,0.9993379648541821,False,0,True,0,,True,0.9958127554802785,0.7683198676310098,0.9218412871631299,306259.95163044863,0.02196588135353664,0.15005458468928096,1.1998144600965202,2.048847575893981,2.6528931526833538e-06
1952.52,True,forward,pilot_free_der_m,,,0.026199593062213842,0.9993248837190435,False,0,True,0,,True,0.9954523233034828,0.7678357841458512,0.9235425706829291,306373.94093647134,0.02184934950084903,0.1506198308411866,1.2027865720145978,2.0482073000746395,2.6439787612714346e-06
1955.42,True,forward,pilot_free_der_m,,,0.0265078710934429,0.9993091391683412,False,0,True,0,,True,0.9950015285632408,0.7672866630920838,0.927566483864522,306363.6391072741,0.021648460865498844,0.1518604680315073,1.2088917069489094,2.045255711113382,2.6283011594370194e-06
1957.82,True,forward,pilot_free_der_m,,,0.026771095373477875,0.9992955559416472,False,0,True,0,,True,0.994498258295288,0.7668287304135656,0.9302405312949311,306378.22117250937,0.0215018347072708,0.15272880934790745,1.2131007803962097,2.0432545435795286,2.6173116727254256e-06
1960.72,True,forward,pilot_free_der_m,,,0.027064077328298748,0.9992803420611499,False,0,True,0,,True,0.9941415775765713,0.7663048745865377,0.9329228319262135,306445.41456174944,0.021347656225310162,0.15357555942240644,1.2174303764276262,2.041817084371429,2.6055794106550992e-06
1963.32,True,forward,pilot_free_der_m,,,0.02733170678729276,0.9992663049240322,False,0,True,0,,True,0.9938202407411244,0.7658845939904761,0.9351822790235736,306470.37744710903,0.02121463688780132,0.15432163707187463,1.221048557917856,2.0404956863614196,2.5961107584431747e-06
1965.92,True,forward,pilot_free_der_m,,,0.02760106699302985,0.999252039417735,False,0,True,0,,True,0.9934260253918555,0.7654513153404565,0.9372059395375327,306494.15342443396,0.021090496924867273,0.15499979241502196,1.2243834725408804,2.039323174827606,2.5873724976092704e-06
1968.42,True,forward,pilot_free_der_m,,,0.027862546406478585,0.9992380655786653,False,0,True,0,,True,0.9930962135083281,0.7649563662714192,0.9397779226112963,306539.85181868024,0.020945917795865555,0.15580944403442865,1.2285379454935441,2.037983512732662,2.576451916121388e-06
1971.02,True,forward,pilot_free_der_m,,,0.028139490204487173,0.9992231282647064,False,0,True,0,,True,0.9927315308045429,0.7645384584788495,0.9422721504998105,306510.7517976333,0.020805582232499557,0.15663487206640161,1.23247187901389,2.0363673248528897,2.56682696464361e-06
1973.62,True,forward,pilot_free_der_m,,,0.028421316234885988,0.9992077818049862,False,0,True,0,,True,0.9922301740519691,0.7639479214233256,0.9444557298346188,306613.28737868625,0.020670018023395912,0.1573288779691587,1.2362828713179634,2.0354584721718743,2.5562671975715663e-06
1976.22,True,forward,pilot_free_der_m,,,0.028709937780227967,0.9991919111008022,False,0,True,0,,True,0.9919469780032831,0.7635404386911863,0.9469055116166695,306639.3032632799,0.020539151225227724,0.15809884923562292,1.240151095650934,2.0340397018802276,2.546454140746474e-06
1979.02,True,forward,pilot_free_der_m,,,0.02902654266582676,0.9991743237401666,False,0,True,0,,True,0.9914465833742876,0.7629856203935553,0.9495067847178109,306675.01571882487,0.020390231452546877,0.15893194232100372,1.2444622275162227,2.032610834888593,2.5354159659963014e-06
1981.42,True,forward,pilot_free_der_m,,,0.02930181046015269,0.9991588823476976,False,0,True,0,,True,0.9912098810190234,0.7626743545350387,0.9510202532292229,306627.19525706174,0.02028783203960441,0.15949777678256963,1.2469545456383,2.031853675039948,2.529638294188788e-06
1984.22,True,forward,pilot_free_der_m,,,0.029625445027685104,0.9991405514091954,False,0,True,0,,True,0.9907577864301885,0.7620531658464381,0.9540914856664372,306735.14770287334,0.020129843591367724,0.16039501822457372,1.25200120992437,2.0303506477400255,2.516324177496411e-06
1986.82,True,forward,pilot_free_der_m,,,0.02992993831741585,0.9991231290714483,False,0,True,0,,True,0.9903692406620277,0.7615926089378741,0.9565158843421946,306735.77837564354,0.019996246960374692,0.16117239647095008,1.2559416584624723,2.0289988443106437,2.506702689741941e-06
1989.42,True,forward,pilot_free_der_m,,,0.03023925155062749,0.9991052557248588,False,0,True,0,,True,0.9900662413740957,0.7612191540080322,0.9581042325358307,306735.38512798015,0.019892294455128925,0.16173489434703675,1.2586444094202613,2.028299080334665,2.5000746754514903e-06
1992.02,True,forward,pilot_free_der_m,,,0.030552187163008643,0.999086994998457,False,0,True,0,,True,0.9895911257668103,0.7605271993825762,0.9626939587668925,306881.12611370144,0.019701402210479644,0.1629522426984522,1.2658244958871196,2.025627005237969,2.481730558846207e-06
1994.72,True,forward,pilot_free_der_m,,,0.030889126809083095,0.9990671236598319,False,0,True,0,,True,0.9892959744233158,0.7601447352204533,0.9643409798025186,306828.3335770846,0.019589390167177364,0.16356399500014726,1.268628111359405,2.0249445206598944,2.4753742685403777e-06
1997.32,True,forward,pilot_free_der_m,,,0.031212374465048962,0.9990478682627929,False,0,True,0,,True,0.988887394564781,0.7596252382584685,0.9679201197477587,306866.5776959679,0.019437516752716606,0.16454615410810752,1.274207426239327,2.02274811078822,2.461920583392991e-06
2004.82,True,forward,pilot_free_der_m,,,0.032162088364820346,0.9989901958689291,False,0,True,0,,True,0.9877151294597694,0.758203021477548,0.9736185814031787,306931.13544605556,0.01908726993793128,0.16645581734071266,1.2841132966020625,2.02055360034024,2.4377197952994176e-06
2012.82,True,forward,pilot_free_der_m,,,0.0332444351014831,0.9989224649531399,False,0,True,0,,True,0.9867505762278705,0.7565599284478962,0.9825694674564276,307140.0867594612,0.01868858678806455,0.1687927961964198,1.2987331611286845,2.0167415092534635,2.4022101825555388e-06
2020.82,True,forward,pilot_free_der_m,,,0.03432159472581049,0.9988529661626838,False,0,True,0,,True,0.9855310145450333,0.7548883685733004,0.990480038020139,307254.43169755716,0.01829378036613923,0.171087683867562,1.312088090444544,2.0136164726546415,2.370743311708823e-06
2023.52,True,forward,pilot_free_der_m,,,0.03463448080755439,0.9988323356209892,False,0,True,0,,True,0.9851444258855252,0.7542611022251043,0.9946689352151846,307397.9881341625,0.018146075810534318,0.17207882781651146,1.3187329059935164,2.0115343128240775,2.3548830026160437e-06
2026.02,True,forward,pilot_free_der_m,,,0.03451026738837054,0.9988401203150999,False,0,True,0,,True,0.9851427312045974,0.754494706899735,0.9922619001511472,307228.9404234083,0.018225313606950608,0.17153461918544624,1.3151343423314554,2.0127655195273677,2.3640208236345945e-06
2028.82,True,forward,pilot_free_der_m,,,0.03436571098845372,0.9988492205920805,False,0,True,0,,True,0.9852212903459894,0.7547333478690149,0.9895507497714532,307163.92645463307,0.0183220033631025,0.17085124870002236,1.3111263104584472,2.0144246869841105,2.3732776269686946e-06
2031.32,True,forward,pilot_free_der_m,,,0.03423919599503644,0.9988571250893381,False,0,True,0,,True,0.9851948126930526,0.7547638948976797,0.9914437845158717,307102.9028941082,0.018314827381289117,0.17114622486652523,1.3135813612948162,2.0125517557559536,2.3686040798957464e-06
2034.22,True,forward,pilot_free_der_m,,,0.0340920008938022,0.9988662611020638,False,0,True,0,,True,0.9850581499615539,0.7547563394550557,0.9917362436262265,307108.6356496463,0.01834504550288353,0.17105762084356563,1.3139819989352768,2.0120401598629036,2.3677062483401443e-06
2036.72,True,forward,pilot_free_der_m,,,0.033966764945700334,0.9988739956710382,False,0,True,0,,True,0.9851757020730165,0.7549330660502583,0.9896693890504923,307136.896558469,0.01843443249611502,0.1704473772941572,1.3109366029340233,2.0134440755826453,2.374141427445519e-06
2039.42,True,forward,pilot_free_der_m,,,0.033808833513066044,0.9988838767808227,False,0,True,0,,True,0.9852954997832216,0.7552151921069966,0.9868069723452297,307072.47712470015,0.018539619319830374,0.16971775879453851,1.306656675684858,2.0151672350568375,2.3840838886485542e-06
2042.02,True,forward,pilot_free_der_m,,,0.03365805099227966,0.9988932708500374,False,0,True,0,,True,0.9853328734543312,0.7554864531829706,0.9846969689585335,306935.86385548924,0.018623354220500345,0.1691947227328976,1.303394607288942,2.0160956370545104,2.392455840019464e-06
2044.42,True,forward,pilot_free_der_m,,,0.03352051583396498,0.998901806535238,False,0,True,0,,True,0.9852284489427414,0.7553978027118603,0.9870475578424986,306997.5186513838,0.018606042062245722,0.1695351570344964,1.3066592916990507,2.0140994838964117,2.3848902232026895e-06
2046.92,True,forward,pilot_free_der_m,,,0.03337755363193715,0.9989106495851721,False,0,True,0,,True,0.9852498217063442,0.7557176971697951,0.984320487178999,306852.9884414629,0.01870387086020054,0.16889293002556996,1.302497600447011,2.01536491036935,2.3953141446948718e-06
2049.42,True,forward,pilot_free_der_m,,,0.0332350066909511,0.9989194333977076,False,0,True,0,,True,0.9853444849352778,0.7558135750933571,0.9845959782726498,306867.08387225453,0.018738567908169263,0.16879587718959782,1.3026968695964924,2.0149342443445843,2.3948963501551547e-06
2052.12,True,forward,pilot_free_der_m,,,0.033082432420937044,0.9989287955804133,False,0,True,0,,True,0.9853682478777832,0.7558177009942555,0.9855432546405656,306921.8783153931,0.01875813090013422,0.1688173736116304,1.3039430716482467,2.014107529874847,2.391804833270614e-06
2054.7200000000003,True,forward,pilot_free_der_m,,,0.03292986242284658,0.9989381407992831,False,0,True,0,,True,0.9853456679277034,0.7561034835132977,0.982376800117162,306817.65897534596,0.018867513237400844,0.16805640114607653,1.2992623649245292,2.015824714156375,2.4030284202684513e-06
2057.42,True,forward,pilot_free_der_m,,,0.03277548357058043,0.9989475470502867,False,0,True,0,,True,0.9854145850294939,0.7561761523975016,0.9830375792755777,306817.66720260977,0.018893371249884505,0.1680449444795421,1.3000113480950153,2.0150802790929547,2.401504547213203e-06
2060.0200000000004,True,forward,pilot_free_der_m,,,0.03262596433346798,0.998956625507028,False,0,True,0,,True,0.9855359194075152,0.7564356317942058,0.9793691158946181,306835.3882480377,0.01902094169805834,0.1671016334869467,1.294715736184494,2.017669237257671,2.413136987820452e-06
2062.42,True,forward,pilot_free_der_m,,,0.032489841698842704,0.9989648544886228,False,0,True,0,,True,0.9855646095599238,0.7565466556407321,0.9793727733978664,306835.34813451173,0.019060757125447213,0.16696488849679053,1.2945305700524432,2.0172919179946756,2.413675561359207e-06
2065.12,True,forward,pilot_free_der_m,,,0.032336529075318775,0.9989740893359476,False,0,True,0,,True,0.985505469260946,0.7567916930317283,0.9774893484862132,306617.57498875394,0.019130919594856032,0.16654740755597644,1.2916227245708314,2.017946494111885,2.422023928250296e-06
2067.5200000000004,True,forward,pilot_free_der_m,,,0.032201028453097594,0.998982218735505,False,0,True,0,,True,0.9855810554360398,0.7570580356679831,0.975766088471524,306540.13842086564,0.01921418931572123,0.166066188658668,1.288892056486219,2.0186527750746794,2.4289355689240223e-06
2070.2200000000003,True,forward,pilot_free_der_m,,,0.0320470136990397,0.9989914293759615,False,0,True,0,,True,0.985601723758784,0.7571574170364993,0.9751572902742555,306507.6417623335,0.01926578643588346,0.16580103126198917,1.2879188241871866,2.0188707525606726,2.431449639989512e-06
2072.62,True,forward,pilot_free_der_m,,,0.03191200538912469,0.998999467180692,False,0,True,0,,True,0.9856742346490315,0.7572544920855901,0.9759605172251467,306507.64384877885,0.01928713806476675,0.16584125658304577,1.2888144308490108,2.01789941478238,2.429601241830341e-06
2075.2200000000003,True,forward,pilot_free_der_m,,,0.03177022123167689,0.9990078657949242,False,0,True,0,,True,0.9857332692236636,0.7574894123006408,0.9730164421886389,306455.4664082128,0.01939104477340083,0.1651081183851552,1.2845281087604923,2.0198317601442124,2.439732647455968e-06
2082.92,True,forward,pilot_free_der_m,,,0.03135799803303128,0.999032084357608,False,0,True,0,,True,0.9857855230673975,0.7579592128770399,0.9696653817243552,306366.52288908395,0.01959255922165784,0.16399288764318257,1.2793107666621362,2.0212332738279013,2.4525749952474586e-06
2090.82,True,forward,pilot_free_der_m,,,0.030869226489535977,0.999060605481626,False,0,True,0,,True,0.9856049713344924,0.7586527469878044,0.9662908114490644,306078.77995577967,0.019757647227317227,0.1633471951894755,1.2736931557760482,2.0213328303373364,2.4682759823666323e-06
2099.12,True,forward,pilot_free_der_m,,,0.0304339598974919,0.9990855257653584,False,0,True,0,,True,0.9856722334328871,0.7591379244902484,0.9638792640580791,305991.3516383998,0.01994122582472345,0.16247435761088963,1.2697024255576639,2.021861888011356,2.478550287667539e-06
2101.62,True,forward,pilot_free_der_m,,,0.030375557287545197,0.9990887534304843,False,0,True,0,,True,0.9857242260373867,0.7593874683301911,0.9602030859324376,305877.6749684055,0.020047936864916984,0.1616597321802568,1.2644442079664784,2.024486853970706,2.4917152014531954e-06
2104.2200000000003,True,forward,pilot_free_der_m,,,0.03002489442161813,0.9991088363617388,False,0,True,0,,True,0.9858557984616375,0.7597518790750195,0.9602351978192736,305788.09622160223,0.020141256064245185,0.16141067511453805,1.2638799906468647,2.0233146957791113,2.4941504312979884e-06
2106.92,True,forward,pilot_free_der_m,,,0.029674447876725515,0.9991286155602712,False,0,True,0,,True,0.9860404070655335,0.760171262599921,0.9566850324105256,305789.9752724941,0.020331003552472422,0.16029339748012875,1.2585124951165512,2.02546031313344,2.506930555846062e-06
2109.62,True,forward,pilot_free_der_m,,,0.02932986969065962,0.999147856000304,False,0,True,0,,True,0.9861941559632816,0.7606672497008498,0.9538958499910767,305690.5095496679,0.020503396663885655,0.159401429183536,1.2540251343359643,2.026537826311448,2.518685229392443e-06
2112.2200000000003,True,forward,pilot_free_der_m,,,0.02900532926707771,0.9991657944655477,False,0,True,0,,True,0.9863708371642989,0.7610366748732935,0.9515723808347663,305690.5717444944,0.020659466390815364,0.15857786864170928,1.250363369141435,2.027717175422488,2.527621534765254e-06
2114.92,True,forward,pilot_free_der_m,,,0.0286673186607501,0.9991843073480263,False,0,True,0,,True,0.9865058785959109,0.7614678425906822,0.9504299206631741,305578.03734559525,0.02078588769048354,0.1580819520026458,1.2481550336119265,2.027436474549531,2.5341936659957148e-06
2117.62,True,forward,pilot_free_der_m,,,0.028367236006570085,0.9992004323839575,False,0,True,0,,True,0.9867946588982361,0.7619691228679975,0.9457938140667118,305516.6418309738,0.021013685541377468,0.15670574836686368,1.2412495279425646,2.030615658611004,2.5515284297600543e-06
2120.42,True,forward,pilot_free_der_m,,,0.028064366229299458,0.9992165412683072,False,0,True,0,,True,0.9868453525573492,0.7623109281685566,0.9440562434350325,305485.04299551185,0.021163694435386807,0.1560091775822291,1.2384136295974622,2.0311064710430364,2.558897423497118e-06
2122.92,True,forward,pilot_free_der_m,,,0.027800098990680564,0.9992304617299788,False,0,True,0,,True,0.9869476379420176,0.7626155226391992,0.9424221381767954,305440.88772022526,0.02129814053790386,0.15537022785357893,1.2357762335014317,2.0317516416415455,2.5658862744338967e-06
2125.32,True,forward,pilot_free_der_m,,,0.027553727361724033,0.9992433191449517,False,0,True,0,,True,0.9870467114540391,0.7630577574968813,0.9397253111886766,305267.8479350777,0.02145736383307423,0.15456078643712318,1.2315257946807747,2.032918728038196,2.5780132809883185e-06
2128.0200000000004,True,forward,pilot_free_der_m,,,0.02728377724438666,0.9992572793218815,False,0,True,0,,True,0.987201829808174,0.7633931200234019,0.9377735002467367,305252.86899048573,0.021612357250463957,0.15380622584397072,1.2284280217484658,2.0338862980314083,2.5859719530456742e-06
2130.42,True,forward,pilot_free_der_m,,,0.02705204908806301,0.9992691502814265,False,0,True,0,,True,0.9872976251397678,0.763689181500484,0.9351044538138975,305268.80529890856,0.021778900067841424,0.15289305047927676,1.2244568555712936,2.0356088928951657,2.595790083651553e-06
2133.2200000000003,True,forward,pilot_free_der_m,,,0.026794438370587894,0.9992822145455657,False,0,True,0,,True,0.9873809020208901,0.764078378534547,0.9332963050897919,305148.9641777344,0.021929386290851886,0.15222518759373277,1.2214667124592558,2.0360968687654672,2.6045136395958197e-06
2135.82,True,forward,pilot_free_der_m,,,0.026562050353921618,0.9992938928291183,False,0,True,0,,True,0.9876068867255265,0.764449784488528,0.9309635377706115,305117.5119980933,0.022097358848922593,0.15138014877316552,1.2178217021717042,2.03748470034996,2.614113408245992e-06
2138.42,True,forward,pilot_free_der_m,,,0.02633732626492783,0.9993050851982579,False,0,True,0,,True,0.9876572838558828,0.764728840256577,0.9290823258511635,305105.19608461147,0.022246692742071094,0.15065633047119723,1.2149173366332617,2.038419418953479,2.621672521361065e-06
2141.0200000000004,True,forward,pilot_free_der_m,,,0.026119475517065848,0.9993158418146905,False,0,True,0,,True,0.9877446686492622,0.7650614269527298,0.9278318721276025,305037.4460024206,0.022379152338283054,0.15011472263108075,1.212754740260784,2.0385914739974753,2.6279484155638997e-06
2143.7200000000003,True,forward,pilot_free_der_m,,,0.025901428973976556,0.9993265118034097,False,0,True,0,,True,0.9878289486465518,0.7654499270877693,0.9244507380365306,304952.6361232913,0.022577996017891577,0.14904132083561178,1.2077220276885985,2.040721901986803,2.641623033269359e-06
2146.2200000000003,True,forward,pilot_free_der_m,,,0.025704515105312624,0.9993360714833874,False,0,True,0,,True,0.9879756108458676,0.765759468263919,0.9235684793355033,304908.8988489968,0.022699113111104702,0.1485801622942709,1.206081697467429,2.0407410309739684,2.6464174682821374e-06
2148.82,True,forward,pilot_free_der_m,,,0.02550904243949402,0.9993454751427958,False,0,True,0,,True,0.9881052781839096,0.7661386339933299,0.9209924883844417,304836.3282310582,0.022875695602847718,0.14770085726622612,1.202122497835633,2.042202950527258,2.657396014326741e-06
2151.42,True,forward,pilot_free_der_m,,,0.025325409195002785,0.9993542195409236,False,0,True,0,,True,0.9881603577000607,0.7664194275963052,0.9189182088912738,304814.122756929,0.02303491642056659,0.1469248210678538,1.1989756206640603,2.043383099989804,2.6658391668915915e-06
2154.0200000000004,True,forward,pilot_free_der_m,,,0.025144527979588396,0.9993627752171496,False,0,True,0,,True,0.9882947233434444,0.7667718427623664,0.9166213125250665,304755.6425270416,0.023204481840711232,0.1461040434251631,1.1954290199583406,2.044694205618162,2.675729359067862e-06
2161.82,True,forward,pilot_free_der_m,,,0.02465055215956588,0.9993857395743432,False,0,True,0,,True,0.9886019357782644,0.7677285540232968,0.9112450248403129,304601.27717628266,0.02366837101871771,0.1440108533939276,1.186936476525349,2.0472922815408863,2.699853218708251e-06
2169.62,True,forward,pilot_free_der_m,,,0.024287812080974216,0.9994019538949,False,0,True,0,,True,0.9891714960881819,0.7685702845621998,0.9050451680227263,304518.8531816473,0.024204534877472327,0.14133442219250875,1.1775698152814569,2.051820083932296,2.725842457933792e-06
2177.5200000000004,True,forward,pilot_free_der_m,,,0.023993778764534276,0.9994146450933505,False,0,True,0,,True,0.9897347053174289,0.7693534985828933,0.89923670323982,304469.96128699,0.02474147584461712,0.13871268408817405,1.1688212309376176,2.0562285740178528,2.7501989672910457e-06
2180.0200000000004,True,forward,pilot_free_der_m,,,0.02388321082369758,0.9994193952589013,False,0,True,0,,True,0.9899743493757684,0.7697260869705153,0.8966560019921592,304418.48638980853,0.024964158655651544,0.13763496239773815,1.1649027065215032,2.058098075729689,2.761500596690838e-06
2182.5200000000004,True,forward,pilot_free_der_m,,,0.02407745033316061,0.999410177570589,False,0,True,0,,True,0.9896396341873377,0.7691507913446051,0.8997549346779408,304516.15938310034,0.024774370599876888,0.138556907127891,1.1698030409681015,2.056245678805091,2.746987416574971e-06
2185.2200000000003,True,forward,pilot_free_der_m,,,0.024318915508877714,0.9993986412728546,False,0,True,0,,True,0.9891900308067811,0.7685273281383411,0.9028950779296997,304572.4128497618,0.0245630992202355,0.13956102524107863,1.1748379593954676,2.054319120522476,2.732553156498288e-06
2187.7200000000003,True,forward,pilot_free_der_m,,,0.024553018625744213,0.9993873433658237,False,0,True,0,,True,0.988846047687129,0.7679659653915525,0.9051254053486212,304658.09174719825,0.024399300674837324,0.14026613569186175,1.1786009356379967,2.053368159376425,2.7213615234706223e-06
2190.32,True,forward,pilot_free_der_m,,,0.0247899672418288,0.9993758075080477,False,0,True,0,,True,0.9884513549908152,0.7674046248466655,0.9083877452674648,304659.8557577491,0.02419141398035686,0.14130642417399136,1.1837141917785146,2.051232420838762,2.707441931879979e-06
2192.92,True,forward,pilot_free_der_m,,,0.02503862523744737,0.9993635748572998,False,0,True,0,,True,0.9880716924980634,0.7667852147606657,0.9114843681671748,304752.896134952,0.02399694184816977,0.14223610237493983,1.188708846520565,2.04955063860033,2.69307316354144e-06
2195.42,True,forward,pilot_free_der_m,,,0.02524045609983478,0.9993536682789338,False,0,True,0,,True,0.9877651051253604,0.7662607346205391,0.9142498590457594,304805.0656250811,0.023816607579110284,0.14309703068904106,1.1931315513622216,2.0480264372904484,2.6807229201985375e-06
2198.0200000000004,True,forward,pilot_free_der_m,,,0.025463152058602747,0.9993426331673885,False,0,True,0,,True,0.9874724166465794,0.7657452770455352,0.9165446782420716,304869.131238545,0.023652414911331677,0.14383141346809655,1.1969315459291683,2.0470042436734364,2.669945195057384e-06
2200.42,True,forward,pilot_free_der_m,,,0.025679772286571225,0.9993317956479557,False,0,True,0,,True,0.9871872559737238,0.7652953888085118,0.9187976618246936,304869.80249628855,0.023495305878583582,0.14456946257387163,1.2005791165881314,2.0458026747362243,2.6602256476884276e-06
2203.2200000000003,True,forward,pilot_free_der_m,,,0.02594222263674433,0.9993185436658848,False,0,True,0,,True,0.9868535149459868,0.7646685935695003,0.9217045004928524,304993.58394397516,0.023306995254090534,0.14543677115801237,1.2053646615592029,2.0445195776234413,2.6464458430689296e-06
2205.82,True,forward,pilot_free_der_m,,,0.026199142241749993,0.9993054352970067,False,0,True,0,,True,0.9864681083212029,0.7641508765574017,0.9248935127041935,304963.8020069622,0.023109775905302155,0.1464519676372767,1.2103545792827697,2.0424429437942178,2.633679419973238e-06
2208.42,True,forward,pilot_free_der_m,,,0.02646918696709582,0.9992915119317108,False,0,True,0,,True,0.9862373469790152,0.7636293458711326,0.9266078869509453,305047.82865142863,0.02296887729163254,0.14700839913265307,1.213426241357828,2.042222785782206,2.6247851059772396e-06
2211.0200000000004,True,forward,pilot_free_der_m,,,0.026752606663023863,0.9992767400706682,False,0,True,0,,True,0.98588084678075,0.7630483858726043,0.9294394204091517,305121.77035433415,0.02278974210656541,0.1478655099116868,1.2180609219771386,2.0408479566905813,2.6120896325935215e-06
2213.62,True,forward,pilot_free_der_m,,,0.027049922974412624,0.9992610701037262,False,0,True,0,,True,0.9855636661384872,0.7625542589179617,0.9316806253493941,305142.29255897977,0.022630240441448415,0.14860476239402473,1.221789288373285,2.0398330153285853,2.6022409465592475e-06
2216.32,True,forward,pilot_free_der_m,,,0.027370978196033298,0.999243954971337,False,0,True,0,,True,0.985304555989837,0.7619696405123314,0.9344512345788962,305252.30078725406,0.02245685800989994,0.14941659628491372,1.226362816700403,2.038769234579209,2.589528664740133e-06
2218.7200000000003,True,forward,pilot_free_der_m,,,0.027664864932372128,0.9992281158649189,False,0,True,0,,True,0.9849613976508572,0.7613942000146864,0.937488913990947,305321.6294247982,0.022279201136676502,0.15030693040069798,1.231279295236113,2.0372487181645473,2.5764211222465096e-06
2221.42,True,forward,pilot_free_der_m,,,0.028007006610200724,0.999209466125243,False,0,True,0,,True,0.984641890225321,0.7607883131318137,0.9409955482625798,305395.2782115622,0.022084640655719804,0.15130948821310214,1.2368690896274894,2.035452822371654,2.5617216934267396e-06
2223.92,True,forward,pilot_free_der_m,,,0.028336173489942686,0.9991913090070274,False,0,True,0,,True,0.9843310525540486,0.7603832010230043,0.9422480751976579,305326.21989825234,0.021956105219258244,0.15184731428549866,1.2391752920500825,2.035140442088784,2.5563573271402264e-06
2226.62,True,forward,pilot_free_der_m,,,0.028703494477975447,0.9991708026722408,False,0,True,0,,True,0.9840974825951633,0.7597978005046623,0.9457119294015385,305440.3471960068,0.021771376692861198,0.15280326482999965,1.2446889537892725,2.0335228532197025,2.541678036034951e-06
2229.12,True,forward,pilot_free_der_m,,,0.029045268450257785,0.9991515067896664,False,0,True,0,,True,0.9837367158459963,0.759252868878547,0.9487912165080581,305520.25878352823,0.02160949222872985,0.15364590499688924,1.2496379735903642,2.0318855242135734,2.528764848941048e-06
2231.92,True,forward,pilot_free_der_m,,,0.029439164726031593,0.9991289946192421,False,0,True,0,,True,0.9832574705281137,0.7585175558657772,0.9530289421430583,305549.8885563763,0.02137401868908949,0.15490461138976958,1.2564362350918359,2.029645432068025,2.511844795821788e-06
2239.62,True,forward,pilot_free_der_m,,,0.030577902023975315,0.9990622815354531,False,0,True,0,,True,0.9824735850189479,0.7569422154391802,0.9592252233256945,305701.51128131006,0.020939819774626087,0.1568652130675473,1.2672370542434988,2.028210573453514,2.4839633287023765e-06
2247.62,True,forward,pilot_free_der_m,,,0.03179383672749619,0.9989884200673325,False,0,True,0,,True,0.9812137393158309,0.7552684809188599,0.9682844223356315,305816.75178005104,0.020400565279510896,0.15980305741508677,1.2820400252339623,2.0235876408723246,2.4476869729909274e-06
2255.7200000000003,True,forward,pilot_free_der_m,,,0.033066411917679735,0.9989082236235147,False,0,True,0,,True,0.9797970148145122,0.7535257818372738,0.978481042610727,305849.49110838247,0.01980998356163379,0.16322767512024466,1.298536912997136,2.0180442665379443,2.4089991252653977e-06
2258.42,True,forward,pilot_free_der_m,,,0.03365300174980046,0.9988703069510646,False,0,True,0,,True,0.9791448218364934,0.7527826019156735,0.9829146622010431,305852.1472539328,0.01956022884796203,0.16469578274978197,1.3057085268704827,2.015569069422127,2.3925517661741063e-06
2260.92,True,forward,pilot_free_der_m,,,0.03415590165865165,0.9988372889047525,False,0,True,0,,True,0.9787172733104106,0.752232228422435,0.9849670550544616,305871.18447893654,0.01939221546050945,0.1655612102440847,1.3093922565909109,2.0149842105487634,2.383810828800772e-06
2263.5200000000004,True,forward,pilot_free_der_m,,,0.03470226263665326,0.99880080548861,False,0,True,0,,True,0.9782874220392329,0.751619168838997,0.9884815173284984,305868.6424718286,0.019190909772586504,0.16673965058051102,1.3151361198722158,2.01333836714098,2.3708240631218313e-06
2266.0200000000004,True,forward,pilot_free_der_m,,,0.035234985504091064,0.9987647040140731,False,0,True,0,,True,0.9776776708615138,0.7508810422696971,0.9927173788839683,305956.6176821543,0.01897814876576992,0.16802176912064723,1.3220701056498505,2.0111956244098286,2.3545765908888983e-06
2268.5200000000004,True,forward,pilot_free_der_m,,,0.03577171902513458,0.9987278335432557,False,0,True,0,,True,0.9772440038541969,0.7503016344523773,0.9954244208819543,305966.13266977016,0.01880252902160566,0.1690035049073543,1.3266989903447095,2.010176121649263,2.344075370274836e-06
2271.2200000000003,True,forward,pilot_free_der_m,,,0.03636266305963792,0.9986866419387183,False,0,True,0,,True,0.976967665836107,0.7498945928363872,0.9971725092458926,305994.66968702443,0.018665972923427844,0.16974184369046078,1.3297502325949653,2.0096622382630636,2.3369825375074243e-06
2273.82,True,forward,pilot_free_der_m,,,0.03696308544775677,0.998644013867869,True,1,True,1,,True,0.9762535883763744,0.7491221702080368,0.9999999998076107,305923.93802495534,0.018455822556802157,0.1708907407888642,1.3348957480859274,2.0087423766687755,2.325869026137195e-06
2276.42,True,forward,pilot_free_der_m,,,0.03757974011143553,0.9985995420376009,True,1,True,1,,True,0.9758264215010444,0.748649672075024,0.999999999999918,305892.1631988892,0.01833574944069968,0.17136511748469935,1.3357382462056373,2.0097174838701513,2.323742598509377e-06
2278.92,True,forward,pilot_free_der_m,,,0.03818800689607284,0.998554994160103,True,1,True,1,,True,0.9754035568396294,0.7481995397911171,0.9999999999999839,305842.45938774175,0.018219389684096754,0.17183302808774645,1.3365418539005847,2.0106139984374507,2.3218619081365485e-06
2281.32,True,forward,pilot_free_der_m,,,0.038785129626593064,0.9985105984728273,True,1,True,1,,True,0.9750928860915618,0.7477524559859003,0.9999999999999972,305783.95701478113,0.018104786080232815,0.1722823567011375,1.337340976943382,2.0117303089238994,2.3200607004850803e-06
2283.92,True,forward,pilot_free_der_m,,,0.039442150520385806,0.99846099821178,True,1,True,1,,True,0.9746017809919636,0.747267522341902,0.9999999999999999,305713.9847053966,0.017980283384785987,0.17279435293934586,1.3382088343222063,2.0126236216156395,2.3181534364922504e-06
2286.42,True,forward,pilot_free_der_m,,,0.040081196016994086,0.9984120090101448,True,1,True,1,,True,0.9741969126534993,0.7467853177966782,0.9999999999999801,305686.9602106756,0.017862724966147495,0.1732604300504979,1.3390729252021032,2.01368466758267,2.315931325577119e-06
2289.2200000000003,True,forward,pilot_free_der_m,,,0.0408029920636491,0.9983558007820241,True,1,True,1,,True,0.9737095689328417,0.7462288267483188,0.9999999999999999,305637.52754412853,0.01772660709415057,0.17380924355982943,1.340071522508029,2.014868254125171,2.3135016757766367e-06
2291.82,True,forward,pilot_free_der_m,,,0.04148288719863644,0.9983020032409172,True,1,True,1,,True,0.9733000474491111,0.7457088667489218,0.9999999999999086,305597.1625487245,0.01760066332357475,0.1743130151675443,1.341005913419836,2.016069652377224,2.3111840489969287e-06
2294.2200000000003,True,forward,pilot_free_der_m,,,0.04212081547481341,0.998250772481414,True,1,True,1,,True,0.9729352578103967,0.745222883416347,0.9999999999999998,305561.8062269172,0.01748363188490366,0.17478095762297427,1.341880425646178,2.0172304867737543,2.3089970177935148e-06
2296.92,True,forward,pilot_free_der_m,,,0.042853600532356116,0.9981910177529273,True,1,True,1,,True,0.9724690703494862,0.7447044513835289,0.9999999999999999,305425.39929145656,0.017346555248168753,0.17536675320392328,1.3428145865681038,2.0183097377673387,2.3074062051932435e-06
2299.42,True,forward,pilot_free_der_m,,,0.043543002839587314,0.998133925516188,True,1,True,1,,True,0.9720471396769997,0.7441562953595844,0.9999999999999997,305417.4509296231,0.01722282391459818,0.17585565305060363,1.343803722733796,2.019598902762448,2.304690967372082e-06
2302.12,True,forward,pilot_free_der_m,,,0.04429802949096829,0.9980704307336016,True,1,True,1,,True,0.9716137152599202,0.7436693716535108,0.9999999999999999,305321.67539008433,0.017091901426157616,0.17642516104469083,1.3446835893974645,2.0206228802844284,2.3029454274817463e-06
2304.62,True,forward,pilot_free_der_m,,,0.045006356889500145,0.9980099462183354,True,1,True,1,,True,0.971146615814372,0.743087702617813,0.9999999999999997,305296.4386955911,0.016963169170154665,0.17694084052296,1.3457361714870453,2.02195219122889,2.3001837252889362e-06
2307.12,True,forward,pilot_free_der_m,,,0.04573266691321183,0.9979469831944305,True,1,True,1,,True,0.970596255889669,0.7424744364684849,0.9999999999974412,305287.57477893523,0.016833769124077493,0.17745876497320662,1.346847717416177,2.023234029248043,2.2971344354807484e-06
2309.92,True,forward,pilot_free_der_m,,,0.04655460330986154,0.9978746123748108,True,1,True,1,,True,0.9701723355091733,0.7419456348779205,0.9999999999958898,305179.6687955485,0.01669339497149104,0.17807713519825535,1.3478076465271334,2.024445568696227,2.2952558830394646e-06
2317.42,True,forward,pilot_free_der_m,,,0.048809757466825546,0.9976699698524926,True,1,True,1,,True,0.9688816286549661,0.7402970441370971,0.9999999999997327,305017.29192978126,0.01630619188896611,0.17972158882808467,1.350809121715932,2.028292232304398,2.2880671650584186e-06
2325.42,True,forward,pilot_free_der_m,,,0.05130279539395496,0.9974334620237614,True,1,True,1,,True,0.967426007918404,0.7384412202353552,0.9999999999999999,304835.6635357051,0.015885906483030114,0.1815099135362551,1.3542039265918566,2.032626204807124,2.2799255382001396e-06
2333.32,True,forward,pilot_free_der_m,,,0.05387313925904467,0.9971784678780151,True,1,True,1,,True,0.9664324502892464,0.7364335121297476,0.9999999999999998,304846.19652386976,0.015484671854348556,0.18298530846665145,1.3578958365270808,2.0385520497633918,2.269526948163614e-06
2335.82,True,forward,pilot_free_der_m,,,0.05445298460326986,0.9971191233964499,True,1,True,1,,True,0.966084443602075,0.7359842518964107,0.9999999999999998,304763.14111656504,0.015392907841098803,0.18335917123584095,1.3587247246436316,2.0396156541408446,2.2678302759089662e-06
2338.42,True,forward,pilot_free_der_m,,,0.05484791880945315,0.997078044304821,True,1,True,1,,True,0.9659777317746192,0.7357668192740482,0.999999999999999,304699.1162218306,0.015345555493695059,0.18355453945558456,1.359126252780275,2.0402609867099324,2.267185376757889e-06
2341.0200000000004,True,forward,pilot_free_der_m,,,0.05529249464730203,0.9970310864263389,True,1,True,1,,True,0.9655518951809,0.7352960205778495,0.9999999999999998,304752.774759518,0.015287282643438945,0.18373104868295112,1.359996480348318,2.0412473972421363,2.2643568789371957e-06
2343.82,True,forward,pilot_free_der_m,,,0.0557481746150332,0.9969827550132323,True,1,True,1,,True,0.965376893037343,0.7349041253269016,0.9999999999999999,304733.28525152575,0.015225213618801095,0.1839419960230065,1.3607217125841793,2.0424485158557,2.262477779856096e-06
2346.32,True,forward,pilot_free_der_m,,,0.05613001207517497,0.9969420982394193,True,1,True,1,,True,0.9649839381698239,0.7344771099082503,0.9999999999998506,304692.70348496176,0.015159418931139477,0.18418960443982527,1.3615128184522578,2.0433299788060415,2.2605718557590466e-06
2348.92,True,forward,pilot_free_der_m,,,0.056521825328117926,0.9969001768492636,True,1,True,1,,True,0.9647174999805916,0.7341973694290387,0.9999999999820922,304562.1754484833,0.01510114009309816,0.18445197747211686,1.362031575732503,2.0438885195652388,2.2600931258957807e-06
2351.42,True,forward,pilot_free_der_m,,,0.05687795479550517,0.9968620789206807,True,1,True,1,,True,0.9645537022233364,0.7337120308752816,0.9999999999999958,304706.7161642376,0.015036977368721087,0.18461372308015542,1.36293253745212,2.045490790317112,2.2565089913874193e-06
2354.32,True,forward,pilot_free_der_m,,,0.057292639888894784,0.996817442749348,True,1,True,1,,True,0.9645355493297902,0.7333973060293769,0.9999999999999999,304685.18259379856,0.014974270878691425,0.18484114616476027,1.363517416520131,2.046717517257092,2.255038185443504e-06
2356.7200000000003,True,forward,pilot_free_der_m,,,0.057630522358782944,0.9967808555285687,True,1,True,1,,True,0.9641472273282677,0.7330822856914414,0.9999999999999999,304594.4455595412,0.014911136194436117,0.18513246798496452,1.3641033476300717,2.0471603527173774,2.2540767009381147e-06
2359.12,True,forward,pilot_free_der_m,,,0.05796776272739298,0.9967441865876054,True,1,True,1,,True,0.9639791051812969,0.7326507189193731,0.9999999999999999,304682.12203002523,0.014853073221595728,0.18528761744067776,1.3649068705957936,2.0485401432563775,2.251189674110906e-06
2361.7200000000003,True,forward,pilot_free_der_m,,,0.05833972057691065,0.9967035279803109,True,1,True,1,,True,0.9637538462837243,0.7323043027976991,0.999999999999944,304674.4144771862,0.014792416662065624,0.18551776411785162,1.3655525389916991,2.049456495015331,2.2494485553520816e-06
2364.12,True,forward,pilot_free_der_m,,,0.05869369008289971,0.9966646067829465,True,1,True,1,,True,0.9636054219579355,0.731997865052269,0.9999999999999999,304655.56844672933,0.014735757935248705,0.1857334550928105,1.366124203010611,2.0503756799410975,2.247996093978744e-06
2366.7200000000003,True,forward,pilot_free_der_m,,,0.05908929243746134,0.9966208308583799,True,1,True,1,,True,0.963396871908221,0.7316313830801714,0.9999999999999999,304644.5972760312,0.014673261688650536,0.18596243055755673,1.3668085092112854,2.0514095488056023,2.2461723314859173e-06
2369.32,True,forward,pilot_free_der_m,,,0.059493436270595064,0.996575813110485,True,1,True,1,,True,0.9631056266510205,0.73126491996749,0.9999999999999999,304616.01841518545,0.014606940466053072,0.18622969561319136,1.3674934660402651,2.052267771694216,2.2444769879413106e-06
2372.12,True,forward,pilot_free_der_m,,,0.059931301843447776,0.9965267205787062,True,1,True,1,,True,0.9631207421239373,0.7310899116378295,0.9999999999999947,304498.6847488375,0.014551932688024367,0.18648685900379264,1.3678208166759371,2.0530064644248966,2.2444307920299985e-06
2374.62,True,forward,pilot_free_der_m,,,0.06031699289585926,0.9964832310283586,True,1,True,1,,True,0.9627883892385196,0.7305968459907788,0.9999999999999999,304618.24471392296,0.014487338216159074,0.1866754275390716,1.368743932426751,2.0542893404430957,2.240982484522631e-06
2377.42,True,forward,pilot_free_der_m,,,0.06074932773889198,0.9964341879271219,True,1,True,1,,True,0.9625906726850996,0.730216247684395,0.9999999999888827,304740.1015862026,0.014428437274625994,0.18686910915860483,1.369457339740118,2.0554058619680693,2.238103822524739e-06
2379.82,True,forward,pilot_free_der_m,,,0.061116042914848366,0.9963923600603211,True,1,True,1,,True,0.9622649191839765,0.7299941724405478,0.9999999999935502,304520.2502629196,0.014368639868438511,0.18719045200228462,1.3698739493362082,2.0556082569597356,2.2385613710496817e-06
2382.7200000000003,True,forward,pilot_free_der_m,,,0.061558379838994884,0.9963416124979378,True,1,True,1,,True,0.9621645532239271,0.7295986306481274,0.9999999999999999,304547.05938483716,0.014297344044464042,0.18745295857306224,1.3706166075334678,2.056994252309994,2.2363003181621286e-06
2385.2200000000003,True,forward,pilot_free_der_m,,,0.06194514165360978,0.9962969547575808,True,1,True,1,,True,0.962035295889797,0.7291578687535176,0.9999999999999999,304755.53862749913,0.014242600665181373,0.18757828651930494,1.3714451188869181,2.0585028130513416,2.232470364704265e-06
2387.92,True,forward,pilot_free_der_m,,,0.062362058895543616,0.9962485375443313,True,1,True,1,,True,0.9617977244171526,0.7289181924633629,0.9999999999935401,304616.3004503021,0.014183541537118191,0.18787150296053076,1.3718960650632992,2.058965605104609,2.2322387109732896e-06
2395.42,True,forward,pilot_free_der_m,,,0.06352678219902522,0.9961117408850526,True,1,True,1,,True,0.9612257897657939,0.7278358399157433,0.9999999999999999,304647.30784954416,0.013994943625985103,0.18860513159244766,1.373936188846874,2.062131064548352,2.226350966364862e-06
2403.32,True,forward,pilot_free_der_m,,,0.06473617245996284,0.9959672337730657,True,1,True,1,,True,0.9605304301415424,0.7268735490150531,0.9999999999999999,304601.731601892,0.01379239607651851,0.1896347800459811,1.3757551108511867,2.064548868421614,2.221641409331479e-06
2411.42,True,forward,pilot_free_der_m,,,0.0660034099071269,0.9958132806151883,True,1,True,1,,True,0.9598370507008783,0.7257403697997961,0.9999999999999999,304642.8083660611,0.01358777016690201,0.19053247917695473,1.3779032304291705,2.0676705748169097,2.215393297800269e-06
2414.0200000000004,True,forward,pilot_free_der_m,,,0.06645303606114675,0.9957581164528546,True,1,True,1,,True,0.9594454143719656,0.7253855547422543,0.9999999999999981,304605.3150455805,0.013516945858753557,0.19088953794692154,1.378577217953176,2.068272994248429,2.2138006968985837e-06
2416.7200000000003,True,forward,pilot_free_der_m,,,0.06564007000338719,0.9958550248780434,True,1,True,1,,True,0.9596255388527728,0.7259444460823987,0.9999999999999999,304532.8315312955,0.01365248764515386,0.19029354687068217,1.3775158765888462,2.066383607934802,2.217265913509625e-06
2419.32,True,forward,pilot_free_der_m,,,0.06480172870836856,0.9959548611947512,True,1,True,1,,True,0.9597798212315336,0.7264504755756636,0.9999999999999989,304581.5951603945,0.013781297002611822,0.1897112569235333,1.3765563291944514,2.064655869954693,2.2195683544764057e-06
2422.0200000000004,True,forward,pilot_free_der_m,,,0.06395503181435949,0.9960543355196392,True,1,True,1,,True,0.9600294187448455,0.7270639264132936,0.9999999999999999,304535.395842927,0.013921895038882104,0.18910440875012652,1.3753948774946618,2.062698234069545,2.2231238821081665e-06
2424.62,True,forward,pilot_free_der_m,,,0.06316140034888244,0.9961464120790724,True,1,True,1,,True,0.9600225784121347,0.727575009291397,0.9999999999999998,304508.62325043656,0.014051524044355314,0.18855940629575604,1.3744287354975595,2.060608047860377,2.2259985482951048e-06
2427.42,True,forward,pilot_free_der_m,,,0.06232125094865934,0.9962427191086927,True,1,True,1,,True,0.9603493711858947,0.7282742492598346,0.9999999999999999,304501.9511171248,0.014206758289590728,0.18790527907381105,1.3731091014357952,2.0584730211844424,2.229708979606012e-06
2430.0200000000004,True,forward,pilot_free_der_m,,,0.06154744409749589,0.9963304547882679,True,1,True,1,,True,0.960560077564803,0.7288732138075892,0.9999999999999993,304482.16939800046,0.014345193330599073,0.18733112744116912,1.3719807245708213,2.056498190225007,2.2329869221545355e-06
2432.7200000000003,True,forward,pilot_free_der_m,,,0.06074966388803773,0.9964199445573569,True,1,True,1,,True,0.960686445277546,0.7293589498746276,0.9999999999999999,304456.62008173147,0.01447434284168065,0.18677869735596228,1.3710670173744957,2.0548032442688715,2.2357128330982185e-06
2435.2200000000003,True,forward,pilot_free_der_m,,,0.06001925348694482,0.9965010055180398,True,1,True,1,,True,0.9609577345532971,0.7299408514033195,0.999999999999999,304381.9688906344,0.01460269679493379,0.18626519423099616,1.3699740164939223,2.053031208461357,2.239300053048006e-06
2437.62,True,forward,pilot_free_der_m,,,0.05932187855399116,0.9965775932982592,True,1,True,1,,True,0.9610155835396119,0.7303762743114663,0.9999999999999999,304524.93714425,0.0147316574673215,0.18569377697604394,1.3691572894296309,2.051396655128772,2.2405195158024677e-06
2440.42,True,forward,pilot_free_der_m,,,0.05851030440427027,0.9966657685695196,True,1,True,1,,True,0.9611973983782847,0.7309583980859137,0.9999999999999999,304409.41848162905,0.014866477892590862,0.18517263611283183,1.3680669140933301,2.0494366620838647,2.2444039244670577e-06
2442.82,True,forward,pilot_free_der_m,,,0.05781027021017022,0.996741032980385,True,1,True,1,,True,0.9610681127334836,0.7312940134071125,0.999999999999681,304458.9822449108,0.014977366799064213,0.18470725130809174,1.3674390623555939,2.0478088955742755,2.245786109270258e-06
2445.42,True,forward,pilot_free_der_m,,,0.05704653256873305,0.996822316794395,True,1,True,1,,True,0.9613782755171645,0.7319317045045033,0.9999999999999998,304353.03538340173,0.015112560633983918,0.1842026547504547,1.3662476892935946,2.0459028208627394,2.2498865559896977e-06
2448.0200000000004,True,forward,pilot_free_der_m,,,0.056280115312265636,0.9969029999263346,True,1,True,1,,True,0.961460304872467,0.732307160999814,0.9999999999999999,304357.50843520794,0.015228954933631139,0.18371113558569652,1.3655472092266676,2.044567710936497,2.251805603328287e-06
2450.42,True,forward,pilot_free_der_m,,,0.05557609384178969,0.9969762991408609,True,1,True,1,,True,0.9616266117682185,0.7328278701660684,0.9999999999999978,304332.9982093961,0.01535229597305065,0.18324140879202802,1.3645769227818596,2.0428295011946553,2.2546922776187047e-06
2453.12,True,forward,pilot_free_der_m,,,0.05480015109315455,0.9970561142338219,True,1,True,1,,True,0.9617906918728127,0.7332041399888777,0.9999999999999999,304405.3318993468,0.015477388132206555,0.18269398895551886,1.3638766415246502,2.0416678068883742,2.2561093280189903e-06
2455.62,True,forward,pilot_free_der_m,,,0.05408892852162687,0.997128414020894,True,1,True,1,,True,0.9619108264703035,0.733679680857382,0.9999999999995219,304384.64683900314,0.015597888854449078,0.18223620532449056,1.3629926330124293,2.040015801398501,2.2587289071583935e-06
2458.42,True,forward,pilot_free_der_m,,,0.05330884433656878,0.9972067265071007,True,1,True,1,,True,0.9620982917360907,0.7342198772465645,0.9999999999994271,304274.33396720566,0.01572831405153341,0.1817550914401591,1.3619898221083013,2.0382492462075064,2.2623477665917997e-06
2461.0200000000004,True,forward,pilot_free_der_m,,,0.052596616868303754,0.9972773424380199,True,1,True,1,,True,0.9620710729299798,0.7345782252378207,0.9999999999995322,304347.14123541926,0.015849042358880974,0.18125776961268825,1.3613254050319568,2.036757534116258,2.2636619782763517e-06
2463.7200000000003,True,forward,pilot_free_der_m,,,0.05184570959131855,0.9973509927088441,True,1,True,1,,True,0.9623224324769398,0.7351304188892824,0.9999999999999996,304178.5554282448,0.01597291728105072,0.1808210842865591,1.36030284464478,2.035081687325399,2.26777484589476e-06
2466.32,True,forward,pilot_free_der_m,,,0.051136153927851036,0.9974197218834343,True,1,True,1,,True,0.9624300772236729,0.7356274742152249,0.9999999999992347,304133.99215143046,0.016096197094170456,0.18037884676268615,1.3593837030978828,2.0333240520345055,2.270677870542288e-06
2474.42,True,forward,pilot_free_der_m,,,0.04896759499869678,0.9976246314235149,True,1,True,1,,True,0.9627547626013351,0.736922564531697,0.9999999999999999,304068.98007367476,0.016465067687121217,0.17898048460035962,1.3569946804865238,2.028846487068463,2.277851760221037e-06
2482.12,True,forward,pilot_free_der_m,,,0.047026121852348786,0.9978013840791045,True,1,True,1,,True,0.9635711505225887,0.7380179355571068,0.9999999999999136,304130.9588545453,0.016842463150127236,0.17723813345314868,1.3549806201458299,2.0262082152689906,2.283030766882604e-06
2490.2200000000003,True,forward,pilot_free_der_m,,,0.0449993711137108,0.9979791823282289,True,1,True,1,,True,0.9639608795559419,0.7393058820857868,0.9999999999999999,304016.880331638,0.017207546207259113,0.1759070157328255,1.3526201051974898,2.0219150319711345,2.290510453708657e-06
2492.62,True,forward,pilot_free_der_m,,,0.04458302679373421,0.9980147678656114,True,1,True,1,,True,0.9640321852756205,0.7395841237668388,0.9999999999999999,303927.4743867168,0.017281221196236374,0.1756588560207004,1.3521112309804797,2.0209620172970837,2.292613366084549e-06
2495.12,True,forward,pilot_free_der_m,,,0.04332864247686522,0.9981206955298633,True,1,True,1,,True,0.9643756503891888,0.7404404797554034,0.9999999999999997,303901.9253083556,0.017514691776785232,0.1748197918152934,1.3505474475549188,2.018291891752848,2.2972002199641935e-06
2497.92,True,forward,pilot_free_der_m,,,0.04200539460904962,0.9982291095000325,True,1,True,1,,True,0.9647576398792301,0.7413193622097524,0.9999999999805654,303966.66864055884,0.017780244384782366,0.1738378610811799,1.3489462854440064,2.01561769026967,2.3012122750474388e-06
2500.32,True,forward,pilot_free_der_m,,,0.04090051187857765,0.9983173199400447,True,1,True,1,,True,0.9649910723115738,0.7421354523002626,0.9999999999999104,303919.72225549864,0.01801173895533734,0.17303610311329443,1.3474629151597486,2.012885524058625,2.3057414162409357e-06
2502.92,True,forward,pilot_free_der_m,,,0.03974125063341324,0.9984075452657162,True,1,True,1,,True,0.965461880308559,0.7430591042599907,0.9999999999997434,303842.39922502736,0.018259935303220128,0.17218741230612788,1.3457879652731515,2.0102289609529724,2.311045345927251e-06
2505.42,True,forward,pilot_free_der_m,,,0.03865789554948933,0.9984897451449838,True,1,True,1,,True,0.9657445651897714,0.743846693285798,0.9999999999999999,303866.93966683233,0.01849772015085441,0.1713575573115186,1.3443630374730773,2.0077202086601456,2.314874087460768e-06
2508.0200000000004,True,forward,pilot_free_der_m,,,0.037579214855283954,0.9985694466764657,True,1,True,1,,True,0.9661247637285127,0.7446814380298589,0.999999999996046,303847.8354062778,0.01874328722782783,0.17051840206789992,1.3428560843971915,2.0052327332479623,2.319269092966902e-06
2510.5200000000004,True,forward,pilot_free_der_m,,,0.03657611715925677,0.9986417208622744,True,1,True,1,,True,0.9664193479066147,0.7454112710452848,0.9999999999999999,303869.41188247985,0.018975558062413255,0.16971596360548633,1.341541292497103,2.002982580329413,2.322813952563274e-06
2513.0200000000004,True,forward,pilot_free_der_m,,,0.03561081559203706,0.9987095784455537,True,1,True,1,,True,0.9667654544979287,0.7461964322791852,0.999999999999869,303871.38719318394,0.01921091534326477,0.16892852228137334,1.3401296987516615,2.000625720455277,2.3267837693916424e-06
2515.7200000000003,True,forward,pilot_free_der_m,,,0.03460617744866696,0.9987784382714243,False,0,True,0,,True,0.9670849873135202,0.7471374679902845,0.9961542983023324,303814.60786009213,0.019535166782999568,0.16738740666339846,1.333294528759045,2.0009531556387814,2.3426522708568284e-06
2518.42,True,forward,pilot_free_der_m,,,0.03363264451936522,0.9988434634493656,False,0,True,0,,True,0.9677579235883006,0.7484371389540154,0.9904997962992002,303612.6949884483,0.019921780535174315,0.1654949382188078,1.3234241658337285,2.0022387562587998,2.3666561393149882e-06
2521.12,True,forward,pilot_free_der_m,,,0.03269148996642816,0.9989047214390254,False,0,True,0,,True,0.9684562665931314,0.749807066234108,0.9821554144961816,303416.62335344794,0.020371632634880572,0.16306111670182102,1.3098775121299389,2.0057779478276956,2.3989190738605025e-06
2523.7200000000003,True,forward,pilot_free_der_m,,,0.03181798396108342,0.9989601502145075,False,0,True,0,,True,0.9689418441015596,0.7508216708087899,0.9780110506821137,303349.6493782455,0.020714964478820184,0.1614741726568608,1.3025876698905,2.006575897419581,2.416573869360177e-06
2526.42,True,forward,pilot_free_der_m,,,0.030942335841713648,0.9990143357568432,False,0,True,0,,True,0.9696248234480894,0.7521357488481735,0.9689716470779864,303197.67376680183,0.021193952687364813,0.15884625420227905,1.288293567433641,2.0111479309878586,2.4509929211056987e-06
2529.0200000000004,True,forward,pilot_free_der_m,,,0.030131722046987462,0.9990632536455051,False,0,True,0,,True,0.9702938386783041,0.7533664056742821,0.962158985313587,303023.0573709235,0.021619890740581724,0.15669998207263258,1.2771461244710403,2.014091934567775,2.479022855113945e-06
2531.7200000000003,True,forward,pilot_free_der_m,,,0.029319445704989126,0.9991110772656234,False,0,True,0,,True,0.9709581293866004,0.7545223213011267,0.9559579464511486,302931.4180206131,0.022046227732197842,0.1546113555887722,1.2669710616415677,2.016833676707912,2.5044615120166116e-06
2534.32,True,forward,pilot_free_der_m,,,0.028571394590318093,0.9991540424922695,False,0,True,0,,True,0.9714641914546973,0.755574591645771,0.9498435773301375,302769.3971504159,0.022447066523544307,0.15263955006004165,1.257114238398641,2.0196460525603794,2.5299756865376987e-06
2536.92,True,forward,pilot_free_der_m,,,0.027854573094400974,0.9991942446054043,False,0,True,0,,True,0.9721777812298239,0.7567713585246288,0.9436711213490593,302634.8257493219,0.02288576091260693,0.15055507847781519,1.246969921257066,2.0224711331726053,2.5564595227649876e-06
2539.5200000000004,True,forward,pilot_free_der_m,,,0.027169895008187197,0.9992317501392642,False,0,True,0,,True,0.9726530833517455,0.7578403867120324,0.9377186142048572,302447.9672196696,0.023300386936578744,0.1485957102306147,1.2373563492350215,2.025160603045436,2.5823365748815916e-06
2542.0200000000004,True,forward,pilot_free_der_m,,,0.026550726791033992,0.99926488929358,False,0,True,0,,True,0.9732061997176401,0.7587729003856936,0.9323495319994378,302402.2982660863,0.02370238901663532,0.1466934726100042,1.2287596611917915,2.028035520346871,2.6047064472301926e-06
2544.62,True,forward,pilot_free_der_m,,,0.025938479177522098,0.9992969435283482,False,0,True,0,,True,0.9737982584074869,0.7598657607321141,0.9261515167005753,302252.3495075549,0.024147928265398428,0.14460273617670524,1.21883570041141,2.0312764263942378,2.6317314196522538e-06
2552.12,True,forward,pilot_free_der_m,,,0.024399919335917324,0.9993742034108234,False,0,True,0,,True,0.9754025899045223,0.7627726769235538,0.9093740284274157,301863.39278148656,0.02542539023184313,0.13874235030659784,1.1921953367484799,2.0407002018593974,2.706072609022494e-06
2559.82,True,forward,pilot_free_der_m,,,0.023222999520654278,0.9994297863502598,False,0,True,0,,True,0.9771878013984592,0.765471204807352,0.892851258258361,301668.169758919,0.026811747588980517,0.13245681397203685,1.166407374504789,2.051703842223081,2.779093647837546e-06
2568.12,True,forward,pilot_free_der_m,,,0.022439228411734537,0.9994643634089094,False,0,True,0,,True,0.9792714875132053,0.7681545474039093,0.8754478435628605,301426.3179062653,0.02839334542209187,0.1253835272395624,1.1396767050609342,2.065077169107288,2.8581239731854738e-06
2570.5200000000004,True,forward,pilot_free_der_m,,,0.022288472550240527,0.9994705317550567,False,0,True,0,,True,0.9799059361136663,0.7689794641159735,0.8702514014758511,301347.20764714864,0.02889998443399765,0.12319687954994027,1.1316965433872812,2.06916214651564,2.8824406122082575e-06
2573.2200000000003,True,forward,pilot_free_der_m,,,0.022320166294727724,0.9994691945210191,False,0,True,0,,True,0.9796562395163919,0.7685272511868106,0.8722897976464271,301419.3365207815,0.02875729007846777,0.12376281626137835,1.135014791341985,2.068036501788181,2.8718429094508658e-06
2575.82,True,forward,pilot_free_der_m,,,0.022372755996437947,0.9994668698880529,False,0,True,0,,True,0.9794568295995896,0.7681250596286345,0.8741583803808775,301444.3357085254,0.028615777239913646,0.12432084319009601,1.1380417412803936,2.067030406294436,2.862615577840924e-06
2578.42,True,forward,pilot_free_der_m,,,0.022476029210576128,0.9994621350796157,False,0,True,0,,True,0.9791430357960909,0.7676242717041554,0.8767566937318233,301501.8480709278,0.028434442493535404,0.12509179591766262,1.142169061154606,2.0653487945584703,2.849912319037031e-06
2581.0200000000004,True,forward,pilot_free_der_m,,,0.022607120487813867,0.9994560646109409,False,0,True,0,,True,0.978828255253371,0.7671167375271022,0.8792170593829253,301541.327957022,0.028251771116967438,0.12584799072874017,1.1461320244650022,2.06386282004146,2.8379169274725034e-06
2583.42,True,forward,pilot_free_der_m,,,0.022737800949036612,0.9994499673712983,False,0,True,0,,True,0.9785735679750591,0.7666580402645694,0.8815634508812566,301598.3527047958,0.02809196032164923,0.12651984204847558,1.1498783089485816,2.062460912924504,2.8264724840445587e-06
2586.12,True,forward,pilot_free_der_m,,,0.02285619937825786,0.999444495771287,False,0,True,0,,True,0.978247212125219,0.7661338001871199,0.8840453506444521,301645.0289590096,0.027900480720432896,0.12730172165004308,1.1539046448917065,2.0610226181476397,2.814355469932312e-06
2588.7200000000003,True,forward,pilot_free_der_m,,,0.02298076234995617,0.9994386902050687,False,0,True,0,,True,0.9780161090206622,0.7656882494815099,0.8860552079057107,301653.9936052385,0.02774026504580843,0.12793068462408594,1.1572009998921988,2.0600200053889903,2.8047468226006097e-06
2591.42,True,forward,pilot_free_der_m,,,0.02312361363804207,0.9994319634033048,False,0,True,0,,True,0.9776993989528177,0.7651322094118914,0.8883499121598609,301740.61854588665,0.027567569113683826,0.128601882493702,1.1610410609202808,2.058957650835132,2.792874345402276e-06
2594.0200000000004,True,forward,pilot_free_der_m,,,0.023255900611103972,0.9994257208440417,False,0,True,0,,True,0.977397610943406,0.7646026746158037,0.8912982357367771,301781.2342210799,0.02736790832831613,0.12947812971438885,1.1657011743839836,2.0571309742076376,2.7792668775943103e-06
2596.7200000000003,True,forward,pilot_free_der_m,,,0.023403740770731225,0.9994186913225058,False,0,True,0,,True,0.9771677062533283,0.7641090404960994,0.8931157055712471,301836.209101696,0.027219549170915968,0.13001375142642513,1.1688327951091768,2.0565611557188674,2.769805984373066e-06
2599.2200000000003,True,forward,pilot_free_der_m,,,0.023555060347236027,0.9994114311081681,False,0,True,0,,True,0.9769539856925584,0.7636913616442955,0.8954078940356871,301838.0854998702,0.02705438917075433,0.13072158724155872,1.1724735135248803,2.055234427342937,2.759557432554537e-06
2601.92,True,forward,pilot_free_der_m,,,0.023738895290029625,0.9994025201215689,False,0,True,0,,True,0.9767034489292254,0.7631993759071841,0.8976084444988548,301883.71975054825,0.02689036942489192,0.13137485144634153,1.1761126552703272,2.054225322020261,2.7489043440664787e-06
2604.7200000000003,True,forward,pilot_free_der_m,,,0.02395038850487618,0.9993921580357527,False,0,True,0,,True,0.9764471654594621,0.7627071765039302,0.90006833733896,301904.6382242922,0.026712755437784768,0.13211632754695252,1.1800968511462826,2.0529417104236605,2.7376076940015e-06
2607.42,True,forward,pilot_free_der_m,,,0.024167349614748833,0.999381422582226,False,0,True,0,,True,0.9761632800314959,0.7621795298702405,0.903271588031229,301977.2954682822,0.02651557295324492,0.13301896074840822,1.1851165672017052,2.0509649701616324,2.723131189317851e-06
2610.0200000000004,True,forward,pilot_free_der_m,,,0.024373390488897584,0.9993711521608437,False,0,True,0,,True,0.9759197021340746,0.7617094463397455,0.9050343051724293,302036.8268436819,0.026374643282053818,0.1335418108163431,1.1881621128914772,2.0503919232951664,2.714125539676749e-06
2612.7200000000003,True,forward,pilot_free_der_m,,,0.02459866512914912,0.9993598165157703,False,0,True,0,,True,0.9756190318226857,0.7611724800036686,0.9076376676205545,302089.67905103584,0.026196645989598775,0.13429410814808046,1.1924204979352118,2.0490827195881147,2.701978709455464e-06
2615.12,True,forward,pilot_free_der_m,,,0.02479742351926337,0.9993497402202524,False,0,True,0,,True,0.9754154610348695,0.7607020145666212,0.9098248427218043,302173.34678714926,0.02604926038862374,0.13489888800546554,1.1960331710704615,2.048173107811595,2.6913710423631226e-06
2617.7200000000003,True,forward,pilot_free_der_m,,,0.025017740935030466,0.9993384783200673,False,0,True,0,,True,0.9751339675652511,0.7601925718971068,0.9124413830877759,302212.36885738093,0.0258751915389137,0.1356558334801323,1.2002766362353725,2.0468163779212913,2.67954722285007e-06
2620.12,True,forward,pilot_free_der_m,,,0.025257681918253186,0.999326052805081,False,0,True,0,,True,0.9749079399982639,0.7597365654479254,0.9146584041391279,302276.73855011165,0.02572768061495286,0.13628070998037764,1.2039152065819863,2.045799629217128,2.6691737303312043e-06
2622.82,True,forward,pilot_free_der_m,,,0.025521630980111953,0.9993122641562635,False,0,True,0,,True,0.9745975937405571,0.7591656543320948,0.9176809249384914,302355.3258513122,0.025539055183238634,0.13712157886432289,1.208801952119207,2.0442333815833287,2.6554354387477006e-06
2631.0200000000004,True,forward,pilot_free_der_m,,,0.026375719333896663,0.9992666795512009,False,0,True,0,,True,0.9737655921941026,0.7575428341314213,0.9245401250590577,302574.3626066179,0.025059433805439582,0.13905615018711384,1.2204460043755956,2.041752065480997,2.6225393426566996e-06
2638.82,True,forward,pilot_free_der_m,,,0.027159071866823255,0.99922363686913,False,0,True,0,,True,0.9726313877843713,0.7562427253151751,0.9320756444383649,302642.85072013503,0.024523490695325292,0.14171209055127598,1.2325085759336183,2.0368372926449156,2.5907664458478202e-06
2646.82,True,forward,pilot_free_der_m,,,0.028009328961289773,0.9991755376142304,False,0,True,0,,True,0.9712185620250253,0.7549037030351445,0.94037133335646,302574.3002582557,0.02394119193298886,0.14474022340030096,1.2456838263948493,2.0308789059919707,2.55797429398003e-06
2649.32,True,forward,pilot_free_der_m,,,0.028231026255271893,0.9991627253415364,False,0,True,0,,True,0.9708652402718289,0.7544929233189596,0.9421601288871386,302644.7671139743,0.023808321915587426,0.14538095129216505,1.248732890353225,2.0299841555136244,2.5496303222601494e-06
2652.12,True,forward,pilot_free_der_m,,,0.028043452868213862,0.9991732412744495,False,0,True,0,,True,0.9708667475728354,0.7548200120587847,0.9408177970057796,302532.6454001923,0.02390738533607577,0.14503146696834732,1.2464134256849957,2.03003091885934,2.556485188774017e-06
2654.62,True,forward,pilot_free_der_m,,,0.027879567942842798,0.9991823710981986,False,0,True,0,,True,0.9709635645086212,0.755067065976134,0.9394557346671247,302534.26179369754,0.024008918271490844,0.14460565210071974,1.2442017100197809,2.0306093352842582,2.5620515267531103e-06
2657.42,True,forward,pilot_free_der_m,,,0.027700665116127277,0.9991922735559777,False,0,True,0,,True,0.9708923354278179,0.7553077780615504,0.9373439868679839,302457.5477259607,0.024118896087226623,0.1440879932063586,1.241009313148632,2.0316000050774887,2.570660526433858e-06
2660.0200000000004,True,forward,pilot_free_der_m,,,0.027534661788498997,0.9992014099161974,False,0,True,0,,True,0.9709035390560158,0.7556048317879133,0.9365626054961087,302373.7276584143,0.024208812606947523,0.1438225636175139,1.239487316776433,2.0312457398450725,2.5753808862964207e-06
2662.62,True,forward,pilot_free_der_m,,,0.02735546348238461,0.9992112769287412,False,0,True,0,,True,0.9709666502596168,0.7559096120444684,0.9341945485894171,302309.8965098504,0.02433773365838651,0.1432015556995427,1.2358548346312874,2.032536671302245,2.585083487309171e-06
2665.32,True,forward,pilot_free_der_m,,,0.02719308204319191,0.9992200656413772,False,0,True,0,,True,0.9709594639618666,0.7561060997406536,0.933679484923591,302278.41932096303,0.024411549148657067,0.14299914126295604,1.2348524701015446,2.0322739109277816,2.5880097293324952e-06
2668.0200000000004,True,forward,pilot_free_der_m,,,0.027035307617359873,0.9992285495981372,False,0,True,0,,True,0.9708686332634676,0.7562619992404572,0.9327660148778947,302245.83741045976,0.02449215508336813,0.1427121036153494,1.2333900365411816,2.032387503196341,2.5920310807499808e-06
2670.42,True,forward,pilot_free_der_m,,,0.026901498816780226,0.9992356975465096,False,0,True,0,,True,0.9708565571829538,0.7564130640267224,0.9323981530986168,302259.3182990629,0.02455331120190525,0.14255011090699818,1.2326573897799276,2.0321453753551584,2.5938710286909923e-06
2673.2200000000003,True,forward,pilot_free_der_m,,,0.026756924797214903,0.9992433371853179,False,0,True,0,,True,0.9707747475102394,0.756690621127789,0.9307861987568713,302142.7701906121,0.02466267938312776,0.1421229462240158,1.2300749774982096,2.0325065729242313,2.6015095165550927e-06
2675.82,True,forward,pilot_free_der_m,,,0.026627338353378778,0.999250135923177,False,0,True,0,,True,0.9707268713762168,0.7568014138159138,0.9299200992667344,302190.4845113796,0.024745273212850014,0.14180351973483332,1.2287504783823386,2.0328421219202224,2.6044787673571522e-06
2678.62,True,forward,pilot_free_der_m,,,0.026486271919543745,0.9992575108338034,False,0,True,0,,True,0.9707157774396187,0.7570945411226722,0.9285596236474847,302056.9815676691,0.024844345667710717,0.14145374356218074,1.2264777689065784,2.0330490968631683,2.611555605535997e-06
2681.2200000000003,True,forward,pilot_free_der_m,,,0.026352524431280434,0.9992644845909338,False,0,True,0,,True,0.9706110311951784,0.7572493331542388,0.9277646846938612,302008.65583147295,0.02491949561934759,0.14120834609697286,1.225177288475593,2.033029529687294,2.6153594131591825e-06
2683.92,True,forward,pilot_free_der_m,,,0.02621166026931765,0.9992718070891068,False,0,True,0,,True,0.9706478549262801,0.7574621074230092,0.9258531067447041,301997.9541862078,0.02504112752363741,0.14064771983969848,1.2223094695714671,2.034205005178815,2.6228074233567165e-06
2686.42,True,forward,pilot_free_der_m,,,0.026083385826427916,0.999278441059549,False,0,True,0,,True,0.970559197707147,0.757631992816574,0.9253071882390849,301901.32021867833,0.02510262288952842,0.14049521941603071,1.2213148296432959,2.03391557087581,2.6263053001504817e-06
2689.2200000000003,True,forward,pilot_free_der_m,,,0.025954405892432884,0.9992850324117134,False,0,True,0,,True,0.9703994311682984,0.7578099105197194,0.9240410873413725,301805.16785799287,0.02519083778333736,0.14016815920218417,1.2193573540198872,2.0341720168906607,2.632224571197049e-06
2691.82,True,forward,pilot_free_der_m,,,0.025838859546312036,0.9992908995746225,False,0,True,0,,True,0.9703652160528523,0.7579657782382243,0.9231387727094228,301782.76234341325,0.025271850330258337,0.13987994263141948,1.2179161635174585,2.0344123409301633,2.6361969858420365e-06
2694.62,True,forward,pilot_free_der_m,,,0.025728894347204878,0.9992964055407413,False,0,True,0,,True,0.9703243827594052,0.7581734802904091,0.9216967519739153,301713.78417919995,0.025373625874986146,0.13947418793457778,1.2156805479675583,2.0349878210041785,2.642640738748583e-06
2697.2200000000003,True,forward,pilot_free_der_m,,,0.02563678712368095,0.9993009589173074,False,0,True,0,,True,0.9702278449026012,0.7583542662179061,0.9208299279460903,301640.85603947175,0.02545273846168257,0.1392190334601125,1.214247705809699,2.0349706934184284,2.647082247205395e-06
2699.92,True,forward,pilot_free_der_m,,,0.02551424367521573,0.9993071386745593,False,0,True,0,,True,0.9701705190423895,0.758581919417205,0.9200795293563709,301516.0524492613,0.02552707337053664,0.13902050626406579,1.2128940933145884,2.034739980073882,2.6518355509956446e-06
2702.42,True,forward,pilot_free_der_m,,,0.025415510523315733,0.9993120463633307,False,0,True,0,,True,0.9701782148201553,0.7587464289103977,0.9183796001699943,301525.3570301781,0.025639918997955077,0.13850063678322042,1.2103906722682554,2.0358549832270376,2.6582792603134223e-06
2710.2200000000003,True,forward,pilot_free_der_m,,,0.025135734797814297,0.9993257562071106,False,0,True,0,,True,0.9700271482755269,0.7592864286448539,0.9153373034642075,301321.61615517485,0.02588989308217616,0.13762134502830584,1.2055230660422411,2.0365808699182066,2.673061684005294e-06
2718.12,True,forward,pilot_free_der_m,,,0.024951814778220675,0.9993342818375189,False,0,True,0,,True,0.9700351629451646,0.7596628170310132,0.9132400786194805,301192.5448467934,0.02614814253826478,0.13663489685987387,1.2021650370998709,2.0373133094993268,2.683225147852866e-06
2725.82,True,forward,pilot_free_der_m,,,0.024810897093487543,0.9993405238964022,False,0,True,0,,True,0.9701361076469103,0.7600556020707784,0.9105164472157201,301116.52243234054,0.026431441871283236,0.13547679369931698,1.1979603133441945,2.0388365425912705,2.695183392847878e-06
2728.32,True,forward,pilot_free_der_m,,,0.024832210006575744,0.999339184971026,False,0,True,0,,True,0.970075016205492,0.7600334594510179,0.9099936212436089,301098.4306387739,0.026466682331192336,0.13529439394793846,1.197307315787004,2.039333975971097,2.6970248742145204e-06
2731.0200000000004,True,forward,pilot_free_der_m,,,0.025097597430799777,0.9993255699315227,False,0,True,0,,True,0.9694319614717514,0.7592179162023017,0.9147814114936095,301143.84669419855,0.026134728542071127,0.1368524556696133,1.2048996631552833,2.0361625502672016,2.676175831521636e-06
2733.62,True,forward,pilot_free_der_m,,,0.02538718415447652,0.9993105443766239,False,0,True,0,,True,0.9688211323709427,0.7583747874318542,0.9197303939599265,301222.1867976783,0.02580363789208755,0.13840784770681147,1.2127649932488973,2.0330558323331087,2.6545425789713408e-06
2736.32,True,forward,pilot_free_der_m,,,0.025653978869444642,0.9992966194996645,False,0,True,0,,True,0.9683166068925171,0.7576266035652957,0.9233402201887368,301274.0443359813,0.02552646003986633,0.13962625997694386,1.2187272936874363,2.0312124156216527,2.6382605696599448e-06
2738.92,True,forward,pilot_free_der_m,,,0.02592071533043008,0.9992825386759671,False,0,True,0,,True,0.9678061629095328,0.7569300689134958,0.9264914174429302,301294.2823537835,0.025272613139108946,0.14072971899454564,1.2240119074313223,2.029648439279646,2.6241296477289846e-06
2741.62,True,forward,pilot_free_der_m,,,0.026220415632948434,0.9992664975393015,False,0,True,0,,True,0.9671970927834169,0.7561057154316868,0.9314181377230707,301371.35621848167,0.02495978913711808,0.1422430501117938,1.2318623159610584,2.0266324616024747,2.603140190370211e-06
2744.2200000000003,True,forward,pilot_free_der_m,,,0.026512237352595627,0.9992507448189454,False,0,True,0,,True,0.9667431967519626,0.7554675391791871,0.9348010703474461,301351.72795812687,0.02470761835634837,0.1433996924222479,1.2373808560498898,2.024795761543519,2.589095599632771e-06
2747.0200000000004,True,forward,pilot_free_der_m,,,0.02685210788944706,0.9992321526538801,False,0,True,0,,True,0.9662288636109292,0.7547165439125132,0.9388570211168862,301390.8956485797,0.024427324712415543,0.14470752661980632,1.2439862736409268,2.0226364956621756,2.571902067280602e-06
2749.42,True,forward,pilot_free_der_m,,,0.02716466763372993,0.9992148291458344,False,0,True,0,,True,0.9657393836901731,0.7540215781157625,0.9415777184878549,301488.93259482505,0.024212182276950118,0.14561851526614608,1.248741078260359,2.02164190959237,2.5588553824240153e-06
2752.2200000000003,True,forward,pilot_free_der_m,,,0.02754737510614343,0.9991933483163319,False,0,True,0,,True,0.9651496742779098,0.7531857140199192,0.9471147744493359,301515.371948662,0.02388563890652729,0.1472759475738462,1.2574784104631702,2.018294992891996,2.5368929956368103e-06
2754.82,True,forward,pilot_free_der_m,,,0.027926119315006683,0.9991717842619167,False,0,True,0,,True,0.964693912074475,0.7525432827479236,0.9495778586517094,301529.2174587638,0.023672332953043853,0.14818187082209588,1.2618249081757942,2.01746553667388,2.5257979344732804e-06
2757.42,True,forward,pilot_free_der_m,,,0.02832766504320493,0.9991485945245873,False,0,True,0,,True,0.9641893200016691,0.7518616511913638,0.954473685339089,301459.55220990616,0.02338266598905739,0.14969120411205755,1.2694804740029977,2.014401374822471,2.507718716219557e-06
2760.12,True,forward,pilot_free_der_m,,,0.028767446309023472,0.9991228163788298,False,0,True,0,,True,0.9636308649734936,0.7510387278684812,0.9585356921260083,301566.14287249406,0.02312015620795369,0.15092570508948952,1.27627997939124,2.012598622427373,2.4901672211154877e-06
2762.7200000000003,True,forward,pilot_free_der_m,,,0.029212819945642707,0.9990963089788949,False,0,True,0,,True,0.9631674864285826,0.7502702472977512,0.9621845076689356,301671.61315027217,0.022878661395420993,0.152044913371214,1.2824505718232013,2.011203006753165,2.474278804948294e-06
2765.12,True,forward,pilot_free_der_m,,,0.02964154317252697,0.9990704164404791,False,0,True,0,,True,0.9626714565127515,0.749497306733157,0.967658992193607,301729.02485445817,0.02259817966808677,0.153553650298079,1.2910773441086185,2.0081077620048653,2.453392869143936e-06
2767.62,True,forward,pilot_free_der_m,,,0.030105095232421965,0.9990420094559854,False,0,True,0,,True,0.9622180600792422,0.7488740403335932,0.9701633299200041,301682.9232507791,0.022390683793584255,0.15447924950508385,1.2954960082310176,2.0072838182592663,2.443115760046219e-06
2770.32,True,forward,pilot_free_der_m,,,0.030625126424406186,0.9990096354324433,False,0,True,0,,True,0.9617064955346808,0.7480680604249079,0.9746502978877627,301759.3655965631,0.022127763829667076,0.15579338815546742,1.302889869852423,2.0052647129882075,2.4251100178805103e-06
2772.82,True,forward,pilot_free_der_m,,,0.031121553124040052,0.9989782395603818,False,0,True,0,,True,0.9611845280185249,0.7473105958053781,0.9785820875115244,301768.68149115785,0.021883289178451292,0.15700086130538848,1.3094717149793715,2.00357430027772,2.4096472981234542e-06
2775.42,True,forward,pilot_free_der_m,,,0.03165197970275935,0.9989441659631746,False,0,True,0,,True,0.9607086078291421,0.7465606938283857,0.9825764181982107,301806.5051441538,0.02164137334360093,0.15820571791992294,1.31613735670911,2.001926439611376,2.3939184467484864e-06
2777.92,True,forward,pilot_free_der_m,,,0.03219381408961156,0.9989087618119378,False,0,True,0,,True,0.9601798007475585,0.7456778657785311,0.9874463477461554,301977.14944671415,0.021386221312199114,0.1595125702232898,1.32422644289596,1.999945436066506,2.3740683359523194e-06
2780.42,True,forward,pilot_free_der_m,,,0.03275026233032741,0.9988718120770322,False,0,True,0,,True,0.9597156345399644,0.7450598668240255,0.9903639589893825,301869.08182615484,0.02117218029372989,0.1605578550276853,1.3292407806248072,1.9988211078859015,2.3634482778233976e-06
2788.42,True,forward,pilot_free_der_m,,,0.03462666256492626,0.9987428251918486,True,1,True,1,,True,0.9583252249591779,0.7427418009170395,0.9999999999996234,302019.9012227576,0.020504639125451647,0.16370025403840519,1.346362893222053,1.9966092939776074,2.3233617078763794e-06
2796.12,True,forward,pilot_free_der_m,,,0.03656362758972569,0.9986025871970793,True,1,True,1,,True,0.957214678337075,0.7411716253860358,0.9999999999999999,301893.390472169,0.020066899546846817,0.16517462790073797,1.3492151692654917,2.0004374216021126,2.3162547151270815e-06
2804.0200000000004,True,forward,pilot_free_der_m,,,0.03874332909980222,0.9984362071207002,True,1,True,1,,True,0.9562377208800406,0.7394259316066185,0.9999999999999991,301800.1572587081,0.019624778660237797,0.16652890689034885,1.3524005005169448,2.005243692480782,2.3079553019053056e-06
2806.62,True,forward,pilot_free_der_m,,,0.03924387384474499,0.9983966098616731,True,1,True,1,,True,0.956132351216639,0.7390526312345702,0.9999999999991585,301822.5339002815,0.019536967341993942,0.16677564564614072,1.3530836069532446,2.006490581545519,2.3058527133771238e-06
2809.12,True,forward,pilot_free_der_m,,,0.038542694114694326,0.9984510900244551,True,1,True,1,,True,0.9562449893966032,0.7395499988479415,0.999999999996771,301755.1002694575,0.01969081753524467,0.1662877361468508,1.3521736211947186,2.0047713180099525,2.3089416921993137e-06
2811.7200000000003,True,forward,pilot_free_der_m,,,0.037868787958199,0.9985022999606824,True,1,True,1,,True,0.956476641336574,0.7400881044732244,0.9999999999999999,301818.03022780386,0.019874483755062608,0.16566618549987536,1.3511904784792808,2.0031432097605952,2.3112414645029754e-06
2814.2200000000003,True,forward,pilot_free_der_m,,,0.03722428244003299,0.9985505886998994,True,1,True,1,,True,0.956656171333507,0.7405944442802901,0.9999999999912078,301812.43657398474,0.02004004217253218,0.16513059328679436,1.3502666779562573,2.001532270625735,2.3138987803304257e-06
2816.82,True,forward,pilot_free_der_m,,,0.03656997405545216,0.9985988496350114,True,1,True,1,,True,0.9568379018105674,0.7411086698702116,0.9999999999999999,301809.7145874723,0.020211974712276745,0.16457528218383918,1.3493297820616876,1.99989664341563,2.3165723084424768e-06
2819.42,True,forward,pilot_free_der_m,,,0.035909820862141,0.9986468573474095,True,1,True,1,,True,0.9570131248361994,0.7415899949941431,0.9999999999991741,301816.4555943479,0.020378709618496367,0.16403354001672163,1.3484540065930526,1.998377857369039,2.3190011111589344e-06
2822.0200000000004,True,forward,pilot_free_der_m,,,0.03526924518767915,0.9986926537833214,True,1,True,1,,True,0.9572026773513521,0.7420598811035481,0.9999999999965976,301827.0078977813,0.020544957505021333,0.16349284853737128,1.347600140448849,1.9969351272379954,2.3213393554732698e-06
2824.5200000000004,True,forward,pilot_free_der_m,,,0.0346694599627157,0.998734846052349,True,1,True,1,,True,0.9573651996883319,0.7425411165465632,0.9999463615468624,301830.62780710025,0.020708042376674233,0.16297324105564573,1.3466545343609373,1.99543905287023,2.3239357874803018e-06
2827.0200000000004,True,forward,pilot_free_der_m,,,0.03407764516293971,0.9987758382725453,False,0,True,0,,True,0.9576654422878316,0.7431686066969299,0.9961841270837312,301803.0140976537,0.02095425676754112,0.1617361625004704,1.3404550705005533,1.996856466923125,2.3378569047562764e-06
2829.42,True,forward,pilot_free_der_m,,,0.033519394566828745,0.9988139264087217,False,0,True,0,,True,0.9580618716401309,0.7439429383859895,0.9907023839887956,301651.6243450514,0.021233806478437593,0.16022974325147565,1.3316913608161394,1.9994292449010171,2.358453783007465e-06
2832.12,True,forward,pilot_free_der_m,,,0.03290578778104661,0.998855132428075,False,0,True,0,,True,0.958383981384085,0.7446159008518802,0.987966411591826,301612.76272215036,0.021477876733005365,0.15915228677180834,1.3268134758625754,1.999877655121827,2.3699980707814118e-06
2834.62,True,forward,pilot_free_der_m,,,0.032352363273386385,0.9988916979520673,False,0,True,0,,True,0.9588327346230445,0.7455163023913043,0.982713364162686,301417.86309047183,0.021775045818958505,0.15766732623223062,1.318164822164925,2.001951719655447,2.391245299876488e-06
2837.32,True,forward,pilot_free_der_m,,,0.03176916568538227,0.9989296157960277,False,0,True,0,,True,0.9591743606800086,0.7461899367364034,0.9780863350789367,301417.929953283,0.02206752327539268,0.156181803188601,1.310773955699234,2.0041752509563238,2.4081447143099794e-06
2840.0200000000004,True,forward,pilot_free_der_m,,,0.031203845451443394,0.9989657586638772,False,0,True,0,,True,0.9594241175756317,0.7467316087302474,0.9766860643800337,301391.49145954684,0.02227534732588504,0.15538754605541638,1.3079479333154305,2.003850804925316,2.4152344088699283e-06
2842.7200000000003,True,forward,pilot_free_der_m,,,0.030650895778523035,0.999000540118303,False,0,True,0,,True,0.9599570234682797,0.7476818840274954,0.9695654523853489,301240.13312996406,0.02264355183161487,0.15342623393659527,1.2967619961080854,2.007725027537417,2.4423701793819556e-06
2845.12,True,forward,pilot_free_der_m,,,0.030171317472724845,0.9990302437129918,False,0,True,0,,True,0.9602676193885776,0.748286373699562,0.9658300649070335,301191.3159283139,0.02289938533304719,0.15219649926359038,1.2907225079242397,2.009451471713979,2.4570481360933973e-06
2848.0200000000004,True,forward,pilot_free_der_m,,,0.029608326454670496,0.9990645589722584,False,0,True,0,,True,0.9607584444500734,0.7491325984340528,0.960408442549389,301094.5373636065,0.023242924840209952,0.15051151137099866,1.2820273000493851,2.012211929366554,2.478583650946961e-06
2850.5200000000004,True,forward,pilot_free_der_m,,,0.029138350024598574,0.9990927418455843,False,0,True,0,,True,0.9611072967111064,0.7498265392829745,0.956989489647586,300976.8797516117,0.023504054520694297,0.1493551222781602,1.2762811657249584,2.0134468458999386,2.493567858477344e-06
2853.2200000000003,True,forward,pilot_free_der_m,,,0.028649652964587477,0.9991215910834395,False,0,True,0,,True,0.9614217829354599,0.7504157940145841,0.9530221068011991,300978.1917988396,0.023792857629867985,0.1479807077646592,1.2699920689338229,2.0155558368760547,2.5088138240155407e-06
2855.7200000000003,True,forward,pilot_free_der_m,,,0.028205055812742102,0.9991474565092318,False,0,True,0,,True,0.9618684727992256,0.7512054389993327,0.9477858629786567,300821.0814855439,0.02411327180079338,0.1464155327887677,1.2616866356042167,2.0184097317489935,2.530503295839479e-06
2858.32,True,forward,pilot_free_der_m,,,0.027753928437941926,0.9991733200559507,False,0,True,0,,True,0.96222461991562,0.751840928643991,0.9447544303690713,300778.1521613515,0.024382392705044678,0.14526354405948685,1.2565881882395205,2.0196062742493677,2.5436687537156466e-06
2866.2200000000003,True,forward,pilot_free_der_m,,,0.026486211710292598,0.9992438503513368,False,0,True,0,,True,0.9633506796013949,0.7537935595305417,0.9335546488359763,300585.7255923493,0.025263560463220376,0.14132955032275527,1.2384752257864722,2.0253275675379077,2.5911846880330273e-06
2874.0200000000004,True,forward,pilot_free_der_m,,,0.02541214167701531,0.9993010183627946,False,0,True,0,,True,0.9644109091193213,0.7555908141474164,0.9226439688376423,300370.7509684067,0.02615490787323452,0.13736423962026173,1.2210894462483948,2.031497682437714,2.6381370934009303e-06
2882.2200000000003,True,forward,pilot_free_der_m,,,0.02439898691517516,0.9993528065036422,False,0,True,0,,True,0.9653151560045682,0.7576068982432532,0.9113830322388317,300074.37164599675,0.027077744234632235,0.1335573436403626,1.202976153401132,2.037137330977204,2.6891203807302644e-06
2884.62,True,forward,pilot_free_der_m,,,0.024199832893686348,0.9993626735941972,False,0,True,0,,True,0.9655575684765308,0.7580802649730229,0.908604016741297,299991.16194477,0.02730100297819606,0.13263279094093328,1.1985591219336524,2.0387083676638142,2.701838839587217e-06
2887.42,True,forward,pilot_free_der_m,,,0.02427827952242087,0.9993585427134285,False,0,True,0,,True,0.9652520673590097,0.7578802994626849,0.909735913969754,299959.02237569244,0.02721637000614092,0.13306814064846673,1.200368863809668,2.0376571019184873,2.6972073932026368e-06
2890.12,True,forward,pilot_free_der_m,,,0.024365365681798493,0.9993540203178578,False,0,True,0,,True,0.9649371751893451,0.7576366377706036,0.9116788110891788,299923.96779787214,0.027088713615135488,0.13374039833539916,1.2033193296615836,2.035922222652026,2.6896066741190487e-06
2892.7200000000003,True,forward,pilot_free_der_m,,,0.024455760520003738,0.9993493082014239,False,0,True,0,,True,0.9646559882381935,0.7573256502056456,0.9137546343647087,299963.1986596057,0.026961458696817507,0.13438520891547315,1.2065544513335658,2.0343885295433126,2.6805736301003074e-06
2895.32,True,forward,pilot_free_der_m,,,0.02455663623044787,0.9993440322384866,False,0,True,0,,True,0.9644360870081478,0.7571678423095587,0.9137753195766815,299892.80697082344,0.026903925491971063,0.1345809039832085,1.2068332389677687,2.034506056808295,2.6803267730715497e-06
2898.12,True,forward,pilot_free_der_m,,,0.024657570154421844,0.9993387262950093,False,0,True,0,,True,0.9641337379186952,0.7568518472667667,0.9157289328421344,299914.563043942,0.02677722479676561,0.13521306167424946,1.209918342868718,2.033082003130964,2.6718730637661434e-06
2900.7200000000003,True,forward,pilot_free_der_m,,,0.024729992255027623,0.9993349522094426,False,0,True,0,,True,0.963852145573763,0.7566678504235917,0.9166589981420412,299857.07418548875,0.026689469065573828,0.13562928546257466,1.2114417146557561,2.0322452278331675,2.6682916437905183e-06
2903.5200000000004,True,forward,pilot_free_der_m,,,0.024810511540782832,0.9993307408117037,False,0,True,0,,True,0.9636152823903426,0.7564501323452997,0.918127841342031,299820.9424222418,0.026580036105957324,0.13617393892921784,1.2137321445043117,2.0310879223331857,2.6625335255342807e-06
2906.0200000000004,True,forward,pilot_free_der_m,,,0.024885112579461067,0.9993268288623894,False,0,True,0,,True,0.9633951318527127,0.7562546281681984,0.9191196253151338,299818.41889274266,0.026497378655126438,0.13656076306900009,1.2153573559495792,2.0303677874815405,2.658212429457451e-06
2908.7200000000003,True,forward,pilot_free_der_m,,,0.024970293449368002,0.9993223405832828,False,0,True,0,,True,0.9631869039378473,0.7560914709821038,0.9197678395400536,299788.92517865566,0.026423184613328796,0.13689041504391036,1.2164769407401819,2.0298980336828127,2.6554579473743003e-06
2911.32,True,forward,pilot_free_der_m,,,0.025054369394869734,0.9993178904343416,False,0,True,0,,True,0.9628552052181244,0.7557994028114694,0.9225729026884312,299792.7338867811,0.026273486812251255,0.13772889494700283,1.2206584171098673,2.027494424133599,2.6445285198190297e-06
2913.92,True,forward,pilot_free_der_m,,,0.025137250209626347,0.9993134907023178,False,0,True,0,,True,0.9626562900928488,0.7556489836955123,0.9220657062999059,299751.10481215164,0.026237295259537895,0.13777619786795905,1.2202301944356893,2.028159227938399,2.64582133938504e-06
2916.5200000000004,True,forward,pilot_free_der_m,,,0.02522185709594026,0.999308983400761,False,0,True,0,,True,0.9624482097091804,0.7554890456381796,0.9231783114060423,299717.41515578143,0.026151357719738658,0.1382121168806534,1.2219612140454155,2.0272171636636314,2.641582745827386e-06
2919.2200000000003,True,forward,pilot_free_der_m,,,0.02531064908651289,0.9993042372704447,False,0,True,0,,True,0.9621548879287398,0.7551937354790074,0.9251161116162517,299723.02555924165,0.02602808571813866,0.1388395055689758,1.2250050128255703,2.0257928384193447,2.6335703124565973e-06
2921.7200000000003,True,forward,pilot_free_der_m,,,0.02539464900646407,0.999299731087247,False,0,True,0,,True,0.9619065301256556,0.7549364872029576,0.9265850564908339,299733.1638551048,0.025928202747112227,0.13932933601578656,1.2273682252712872,2.0247918990061433,2.6272932836857004e-06
2924.12,True,forward,pilot_free_der_m,,,0.0254783493528482,0.9992952233523826,False,0,True,0,,True,0.9616619070283098,0.7548017003458064,0.9274525760902721,299623.06324942113,0.02584693795798147,0.13973633836864996,1.2287367339863795,2.0239314347674915,2.6246985408334434e-06
2926.92,True,forward,pilot_free_der_m,,,0.02557868301078623,0.9992897985952367,False,0,True,0,,True,0.96146964281927,0.754615833427433,0.9278315189900583,299607.4587436436,0.02578224652081027,0.13998802393867513,1.229541546691231,2.023862224415049,2.622630502392474e-06
2929.32,True,forward,pilot_free_der_m,,,0.02566658386673889,0.9992850277060905,False,0,True,0,,True,0.961116969484445,0.7543448726866853,0.9298604071902195,299576.6276825347,0.025660646416658252,0.14064155741160836,1.2326728010736199,2.0221511249893185,2.6148280888511578e-06
2932.0200000000004,True,forward,pilot_free_der_m,,,0.025765302840002474,0.9992796520061693,False,0,True,0,,True,0.9609416881073521,0.7541322184850132,0.93072239428706,299608.31201723375,0.02558584135657748,0.14097415550433662,1.2341634152122571,2.021746781749563,2.610631276069311e-06
2934.5200000000004,True,forward,pilot_free_der_m,,,0.0258722356553133,0.9992737860816706,False,0,True,0,,True,0.9606545958792725,0.7538805115004981,0.9321671047058165,299599.8906638997,0.025486488894649034,0.14147243805631893,1.2364918451737967,2.0206863135278836,2.6046838560516064e-06
2937.42,True,forward,pilot_free_der_m,,,0.02599548333745609,0.9992669976421588,False,0,True,0,,True,0.9603875017459383,0.7536603954523104,0.9331069780543088,299559.89320930507,0.025397311675805605,0.1418870142743681,1.2381000563182083,2.0200459166495253,2.6008330843296393e-06
2945.12,True,forward,pilot_free_der_m,,,0.02633462843013552,0.9992481506609427,False,0,True,0,,True,0.9596102758119113,0.7529406587369628,0.9377869594118795,299520.9090328849,0.0250951345843009,0.1434498428555243,1.2454991618927729,2.016608796053475,2.5822943140774723e-06
2952.62,True,forward,pilot_free_der_m,,,0.026642284316061013,0.9992308556900924,False,0,True,0,,True,0.9587263627347501,0.752433456244336,0.940855476546008,299353.9630311325,0.02482731311846087,0.14487536184495547,1.2504168557870268,2.0137309067474543,2.57125712249663e-06
2960.92,True,forward,pilot_free_der_m,,,0.02709950462013595,0.9992047511827405,False,0,True,0,,True,0.9582126358200285,0.7515959423516325,0.9439430670479231,299392.887144347,0.024605148021001336,0.14575137353255185,1.2559182585452295,2.0129006730021155,2.556753978188224e-06
2963.32,True,forward,pilot_free_der_m,,,0.027162271190161603,0.9992010451636936,False,0,True,0,,True,0.9581182974717402,0.7515026448096841,0.9442117859163852,299342.83874881273,0.02458462478494579,0.14582993353891616,1.2564317536839862,2.0128035772601494,2.555846053191824e-06
2966.12,True,forward,pilot_free_der_m,,,0.027357038726771154,0.999189811176567,False,0,True,0,,True,0.957909706010617,0.7511519016263046,0.9455580773745882,299363.2935565247,0.024486239510508035,0.14622559875756647,1.2588107349889928,2.012426713427893,2.5495905013926166e-06
2968.62,True,forward,pilot_free_der_m,,,0.02752717860946489,0.9991797997525796,False,0,True,0,,True,0.9576276517588634,0.7508601087184895,0.9470301238622972,299361.03194995556,0.024405102653738218,0.14661774401043762,1.2612604037236919,2.011553935980655,2.5434485215402713e-06
2971.42,True,forward,pilot_free_der_m,,,0.027723338257507092,0.9991681803017552,False,0,True,0,,True,0.9574050782940683,0.7504532163850964,0.9502586301549907,299438.3193043743,0.02427378965750509,0.14735071185002196,1.266246328761637,2.0095925095741696,2.5305396816682916e-06
2974.0200000000004,True,forward,pilot_free_der_m,,,0.027899379906047312,0.9991576776910365,False,0,True,0,,True,0.9571530832215105,0.750126354021805,0.9507952622505311,299454.7192909329,0.024213508291531707,0.1475307316878338,1.267513475766901,2.009813707973202,2.5270341405803475e-06
2976.82,True,forward,pilot_free_der_m,,,0.028055706337746695,0.9991483447823375,False,0,True,0,,True,0.9570375604389084,0.7498955703990341,0.9517286925963022,299443.237829769,0.024150390243911586,0.14779200589391786,1.2691483056632389,2.0095795518142756,2.5230220305392194e-06
2979.32,True,forward,pilot_free_der_m,,,0.028200776914883218,0.9991396345053313,False,0,True,0,,True,0.9568105367973188,0.7496284003463602,0.9527778008988734,299405.65535539074,0.024077291679608637,0.1481096938190805,1.2710001388136436,2.009144682690736,2.5186869114896856e-06
2982.0200000000004,True,forward,pilot_free_der_m,,,0.028362328680672566,0.9991298811095368,False,0,True,0,,True,0.956582318877754,0.7492493080542119,0.9546442092401853,299471.13195139327,0.023982779094964473,0.14855097181443416,1.2741342554181072,2.008375829452212,2.5103782292779973e-06
2984.42,True,forward,pilot_free_der_m,,,0.028506645880057812,0.999121115987033,False,0,True,0,,True,0.9563094990052325,0.7488608974628537,0.956575770399808,299524.950485584,0.023886403950633836,0.1490131810157553,1.2773744411554855,2.007496178644795,2.5019457335475186e-06
2986.82,True,forward,pilot_free_der_m,,,0.02865343034800071,0.9991121593627882,False,0,True,0,,True,0.9561238784884131,0.7485630258184369,0.9580330392531333,299522.3756205751,0.02380577513840947,0.14939006561997795,1.2798294949255256,2.0068989553198713,2.49593782476591e-06
2989.42,True,forward,pilot_free_der_m,,,0.02881670540957667,0.9991021498938014,False,0,True,0,,True,0.9559359052617157,0.7482701891745636,0.9586044026451265,299533.8265020423,0.023747901224327326,0.14957309094011592,1.2810939370745054,2.007102827681605,2.4925720185510953e-06
2991.82,True,forward,pilot_free_der_m,,,0.02897468985063769,0.9990924095985009,False,0,True,0,,True,0.9557258709949278,0.7480130697475221,0.959951993993458,299488.42956415284,0.02366972412505951,0.14995205417380927,1.2833358571093842,2.0064053391132086,2.4874866582014486e-06
2994.42,True,forward,pilot_free_der_m,,,0.029154402632828917,0.9990812626783415,False,0,True,0,,True,0.9555020579355233,0.7476474827262901,0.9617574423619846,299528.3172343633,0.023576701113927692,0.15039048773718666,1.286378225811641,2.005679282835621,2.4797475031510046e-06
2997.0200000000004,True,forward,pilot_free_der_m,,,0.02934090682491565,0.9990696203544586,False,0,True,0,,True,0.9553038875315094,0.7473026615131065,0.9631489874678862,299590.4680219167,0.023498859193826233,0.15072364429933674,1.2888338782545525,2.005313956467239,2.4732135666247924e-06
2999.82,True,forward,pilot_free_der_m,,,0.029547071446802152,0.999056664747808,False,0,True,0,,True,0.955098357569394,0.7470022906442848,0.9642076323090627,299596.84415930265,0.0234277326573313,0.15101714627071738,1.2907693113998884,2.005070912146809,2.468393303773809e-06
3002.2200000000003,True,forward,pilot_free_der_m,,,0.029725259363718025,0.9990453969275831,False,0,True,0,,True,0.9549237783933278,0.7468056034852091,0.9646626409914842,299542.5315359681,0.023377384173838472,0.15120493467096793,1.29171853624233,2.005047288834735,2.4664434435928506e-06
3005.0200000000004,True,forward,pilot_free_der_m,,,0.029937157946159983,0.9990319107264124,False,0,True,0,,True,0.9546365781473684,0.7463358482514058,0.9687105545463377,299594.9759152547,0.023220552885463135,0.15212396656137597,1.2979552795379383,2.002568420801334,2.451380617080137e-06
3007.5200000000004,True,forward,pilot_free_der_m,,,0.030127867740657104,0.999019694317741,False,0,True,0,,True,0.9544327950414649,0.7460452706823899,0.9693704798446163,299593.82873380993,0.023161500572783843,0.15232724948692156,1.299345385512539,2.002665471395779,2.4479064167469834e-06
3010.42,True,forward,pilot_free_der_m,,,0.030353274388343628,0.9990051570021747,False,0,True,0,,True,0.9542059463519476,0.7457111849618717,0.971214025720076,299576.7942800666,0.023065353376484042,0.15280417684639147,1.302399702868523,2.0018130306610415,2.440804448941494e-06
3012.92,True,forward,pilot_free_der_m,,,0.030543314606246135,0.9989928250898605,False,0,True,0,,True,0.954073038947544,0.7454841891572412,0.972171954918781,299576.7946110833,0.02300708333455658,0.1530585538405998,1.304081252236626,2.00154798379101,2.4367739873733995e-06
3015.82,True,forward,pilot_free_der_m,,,0.030771447473333824,0.998977919923708,False,0,True,0,,True,0.9537821395555249,0.7450230797612242,0.9736130992525496,299648.69959459116,0.022915099871042822,0.1534193756334588,1.306822735699124,2.001425420184628,2.429518120464238e-06
3023.32,True,forward,pilot_free_der_m,,,0.03138444936857214,0.9989373294363225,False,0,True,0,,True,0.9531414860476303,0.7440329329421371,0.9787149653879038,299722.80208021036,0.022661151641173313,0.15465973026147872,1.3154188773845819,1.9993561749048412,2.408747724441419e-06
3031.0200000000004,True,forward,pilot_free_der_m,,,0.032007954850588265,0.9988952220694687,False,0,True,0,,True,0.9523989638614501,0.7431951509704219,0.9833241388903288,299699.46534445864,0.022402612514976935,0.15602907024470317,1.3231035450195823,1.9969686107122786,2.3911546438189203e-06
3039.12,True,forward,pilot_free_der_m,,,0.03269909969871533,0.9988475992354294,False,0,True,0,,True,0.9515247438618977,0.7422661722771817,0.9882990582466316,299592.78498176596,0.02211734358518659,0.1575429019178237,1.3314618059646326,1.9943827292576137,2.3728352776988356e-06
3041.62,True,forward,pilot_free_der_m,,,0.03296676547781312,0.9988289629571022,False,0,True,0,,True,0.9512237980099885,0.7417788361696515,0.9911204361545001,299738.8026004152,0.021993285524366975,0.15820596781412682,1.3361400835758301,1.993192700445043,2.3610889700168434e-06
3044.42,True,forward,pilot_free_der_m,,,0.03236865331262616,0.9988692950813124,False,0,True,0,,True,0.9516068385429005,0.7426709641600482,0.9853570873278201,299602.84322777076,0.022310231104626873,0.15664040111036576,1.3267747560889862,1.9955556575268387,2.3833212533907812e-06
3047.0200000000004,True,forward,pilot_free_der_m,,,0.03177117215480338,0.9989093338589589,False,0,True,0,,True,0.9519085679591125,0.7434141280489798,0.981140843784138,299415.8669356463,0.022549088978495287,0.15551541917130868,1.3197769678645328,1.997018001423386,2.400907787389854e-06
3049.82,True,forward,pilot_free_der_m,,,0.031143448456628076,0.9989506266408962,False,0,True,0,,True,0.9522493878762506,0.7440325633349387,0.9784437013057156,299443.8547345131,0.02278086906568097,0.1545196675731181,1.3150549445310402,1.997727498801034,2.4117852097908365e-06
3052.5200000000004,True,forward,pilot_free_der_m,,,0.030558413266470227,0.998988401750447,False,0,True,0,,True,0.9526615144604733,0.744834556322178,0.9727067287772952,299363.71291048714,0.023082716510103036,0.15298345104604325,1.3059366278335658,2.000618047675856,2.433543780054517e-06
3055.12,True,forward,pilot_free_der_m,,,0.03001138350624795,0.9990230711751216,False,0,True,0,,True,0.9530729847100788,0.7457015317080381,0.9673019868647347,299179.6685411571,0.023378742472460308,0.15154814484257378,1.2971704438491873,2.003017410224606,2.4557265818501333e-06
3057.7200000000003,True,forward,pilot_free_der_m,,,0.029503622596593598,0.9990546227706824,False,0,True,0,,True,0.9533090025839442,0.7463610679264937,0.964763839380435,299011.90069349296,0.023593356451029956,0.1507116608145744,1.2926234778840995,2.003279579050032,2.4682049756665123e-06
3060.5200000000004,True,forward,pilot_free_der_m,,,0.028974967790060726,0.9990869314492854,False,0,True,0,,True,0.9536406486741916,0.7470077474132288,0.9610295975848342,299024.95326133835,0.023863555790044913,0.14949389078923378,1.286505529444279,2.004907256461316,2.4828266335177274e-06
3063.12,True,forward,pilot_free_der_m,,,0.02850427403493161,0.9991152282198855,False,0,True,0,,True,0.9539570831668611,0.7476815812394104,0.9568048908305049,298952.7206144844,0.0241336495459418,0.14824279934414544,1.2796956817425365,2.0068824872171023,2.4999118848315876e-06
3065.62,True,forward,pilot_free_der_m,,,0.028069668933378204,0.9991409539122743,False,0,True,0,,True,0.954228454081552,0.748285297602974,0.9540701770303508,298860.1896812324,0.024355559916893796,0.1473330918567475,1.275008583071964,2.007675737846484,2.5122971810726194e-06
3068.32,True,forward,pilot_free_der_m,,,0.027616016978320765,0.9991673974449016,False,0,True,0,,True,0.9545704528762162,0.7490001041475944,0.9495324510881653,298780.39797993004,0.02464768266801962,0.14598903810759473,1.2677334032800813,2.0099037101273765,2.53086760477087e-06
3070.92,True,forward,pilot_free_der_m,,,0.027196153690858954,0.9991914988410621,False,0,True,0,,True,0.954934760067888,0.7496171454915558,0.9455365775627409,298775.66056175943,0.024922978545459957,0.1447272215057614,1.2613593262234049,2.0120820496481757,2.546728839759831e-06
3073.62,True,forward,pilot_free_der_m,,,0.026772365922927786,0.9992154731778755,False,0,True,0,,True,0.9551346219769801,0.7502385911451626,0.9421070248813196,298648.32224918646,0.025174784144766173,0.14366344491971525,1.255743220890956,2.0133883636449283,2.5619686036908332e-06
3076.2200000000003,True,forward,pilot_free_der_m,,,0.026381005335377662,0.9992372866125528,False,0,True,0,,True,0.9554688162995939,0.7508717389116362,0.9382504009198347,298566.0090824405,0.02544283793113904,0.1424738978255389,1.2495481615539263,2.015370555932428,2.578358532522575e-06
3078.62,True,forward,pilot_free_der_m,,,0.026037065932482638,0.9992561893088945,False,0,True,0,,True,0.9556551967195472,0.7513868426631539,0.935701233081846,298475.4153404782,0.025657715137076827,0.14161288697858201,1.2452989325251203,2.0162556874426456,2.5900720875083384e-06
3081.12,True,forward,pilot_free_der_m,,,0.025701315065026032,0.9992743844177102,False,0,True,0,,True,0.9559613515483792,0.7519883401336055,0.9319067364362397,298401.29657679243,0.025923024780770874,0.14043877616152217,1.2392568962846793,2.018293469226613,2.6062244404512736e-06
3083.82,True,forward,pilot_free_der_m,,,0.025360487854565735,0.9992925970958606,False,0,True,0,,True,0.9562295287510509,0.7525792109754816,0.9285373432298311,298350.8099321294,0.02619043572164034,0.13931751304102188,1.2338067936081774,2.019904801618316,2.620824736124027e-06
3086.32,True,forward,pilot_free_der_m,,,0.025072210121201952,0.9993077732551044,False,0,True,0,,True,0.9564808785107157,0.7532146991346501,0.9245881504423202,298178.8799665273,0.026458647664020604,0.1381530200903159,1.2275227123216752,2.021910875752251,2.6387565833228625e-06
3088.92,True,forward,pilot_free_der_m,,,0.02479555540928559,0.9993221405912338,False,0,True,0,,True,0.956773066446602,0.7537342329436737,0.9215928691104207,298173.1448560164,0.026713476405090572,0.13709303325402483,1.2227026832935304,2.0235272146677796,2.6515366780410614e-06
3091.42,True,forward,pilot_free_der_m,,,0.024547883112447766,0.9993348408636766,False,0,True,0,,True,0.9570458036585803,0.7543254398819548,0.9182654743775824,298055.6954521506,0.02696987983252372,0.1360319661137717,1.217333296516266,2.0251837592453508,2.66688265407815e-06
3094.2200000000003,True,forward,pilot_free_der_m,,,0.02429399398412003,0.999347683404269,False,0,True,0,,True,0.9573540354061619,0.7549437818658391,0.9143809438237162,297980.80352558446,0.02726830048005232,0.1347640009326536,1.2111907744492298,2.0274025202834127,2.6839920345570327e-06
3101.62,True,forward,pilot_free_der_m,,,0.02375328911130112,0.9993742804235134,False,0,True,0,,True,0.958111866007375,0.756516180190842,0.9043931720337159,297776.50528223615,0.028057558624725386,0.13145417309705348,1.1954710232444332,2.0332618264101963,2.728598393382911e-06
3109.32,True,forward,pilot_free_der_m,,,0.023476144622254898,0.9993867353260486,False,0,True,0,,True,0.9593869093039448,0.7579697348474077,0.8945031907968354,297633.8746214675,0.02895602456635024,0.12752677004495394,1.1801304849947791,2.040806342603451,2.7725520643940593e-06
3117.32,True,forward,pilot_free_der_m,,,0.02335755983730176,0.999390791180768,False,0,True,0,,True,0.9604083977419527,0.7594512146700683,0.8844788261528841,297491.35496220837,0.029869724503820652,0.12371858839517043,1.1646288913200726,2.048093772275299,2.8180214866395494e-06
3119.82,True,forward,pilot_free_der_m,,,0.02336611312584158,0.9993897193326543,False,0,True,0,,True,0.9607047442476964,0.7598792479600348,0.8814968207783193,297436.3068750836,0.03014555290197424,0.12257631113245039,1.1600485513254613,2.050342518904003,2.8317810124552835e-06
3122.32,True,forward,pilot_free_der_m,,,0.02345359292207133,0.9993858072958434,False,0,True,0,,True,0.9601234549591291,0.7590951076048704,0.8856956200053514,297456.0280485852,0.02976929356759527,0.12407992998823122,1.1667781956860932,2.0475204532267037,2.8120450595980912e-06
3125.0200000000004,True,forward,pilot_free_der_m,,,0.023514468297225907,0.999383228777816,False,0,True,0,,True,0.9594776012762719,0.7582229804769928,0.8904595159950246,297520.8081292961,0.029381343653874608,0.12567812608385254,1.1744032282361618,2.0443372376392355,2.789533348541471e-06
3127.42,True,forward,pilot_free_der_m,,,0.023659359569933765,0.9993761831685345,False,0,True,0,,True,0.9588817229112998,0.7574165240748529,0.8956278143258967,297544.1357817965,0.028994054788379783,0.12736462642993812,1.1824772577015823,2.040642605420112,2.766497328373221e-06
3130.0200000000004,True,forward,pilot_free_der_m,,,0.02387036942492236,0.9993656656200978,False,0,True,0,,True,0.9582554879586239,0.756526855168099,0.9001225320667009,297596.5964043569,0.028621524989386225,0.1288796865977478,1.1898090939107444,2.037969538189465,2.7453823562554964e-06
3132.42,True,forward,pilot_free_der_m,,,0.02409275852312328,0.9993544341405515,False,0,True,0,,True,0.9576501530867211,0.7556122895580841,0.9050579101826909,297712.51012851426,0.02825358271960335,0.13042477608260206,1.197780823167936,2.0350311209146534,2.7221865687585027e-06
3135.0200000000004,True,forward,pilot_free_der_m,,,0.024317495945946267,0.9993431073578632,False,0,True,0,,True,0.9570859554365058,0.7548149599066496,0.9088481288260754,297711.7758156139,0.027912869961845173,0.13177857359894668,1.2040674563981555,2.032966235061048,2.7048443725857054e-06
3137.5200000000004,True,forward,pilot_free_der_m,,,0.024564541943231166,0.9993304572194983,False,0,True,0,,True,0.9565183215208782,0.7539700452764213,0.9139529429810261,297748.6918440889,0.027535735668411217,0.13341726620551142,1.212187339148138,2.0297765534990453,2.682513571148399e-06
3140.0200000000004,True,forward,pilot_free_der_m,,,0.02484114026237152,0.9993160774544724,False,0,True,0,,True,0.9558782542980463,0.7530358545575488,0.9185777743573635,297809.2022346118,0.027175000907691656,0.13491085067359948,1.2198327195151684,2.0273174150929454,2.66135077512817e-06
3142.42,True,forward,pilot_free_der_m,,,0.02513070918741789,0.9993008192895538,False,0,True,0,,True,0.9553613600464335,0.7522118263334511,0.9232618249369272,297858.8040792753,0.026833353883211834,0.13638688584138808,1.2273960507071988,2.024690880285528,2.6408337637248035e-06
3144.92,True,forward,pilot_free_der_m,,,0.025456670889935553,0.9992834121535391,False,0,True,0,,True,0.9548190049929981,0.7513659002206515,0.9280221501235449,297893.22644301824,0.026483166009047435,0.1379045239127161,1.235113477802247,2.022069963810031,2.620261101901091e-06
3147.42,True,forward,pilot_free_der_m,,,0.025816864936239237,0.9992638721164616,False,0,True,0,,True,0.954293569455967,0.7505598178259913,0.9316622928148804,297885.12876780797,0.026172568812732656,0.13916309380413666,1.2412898621637585,2.02047656390786,2.6041228207543993e-06
3150.0200000000004,True,forward,pilot_free_der_m,,,0.02623080134416744,0.9992410337955331,False,0,True,0,,True,0.9537478690464689,0.7496198991022934,0.9368800049807261,297972.5749947335,0.025810922462027264,0.14074501686822966,1.2498067435278677,2.0178592244614624,2.5814260408578296e-06
3152.62,True,forward,pilot_free_der_m,,,0.026680410512695523,0.9992157906472308,False,0,True,0,,True,0.9532147187734187,0.7487835077172271,0.9408487593850624,297994.03942629875,0.025493482706529926,0.1420691495789563,1.256503047527547,2.0161260520410824,2.564062190229057e-06
3155.12,True,forward,pilot_free_der_m,,,0.027141134066823395,0.9991894738751501,False,0,True,0,,True,0.952680025623662,0.7479083087441954,0.9452223180560905,298011.69160141674,0.025167149801345264,0.14346802114211024,1.2638211221950493,2.014190604522375,2.545357689979174e-06
3157.5200000000004,True,forward,pilot_free_der_m,,,0.027601144632553917,0.9991627674673744,False,0,True,0,,True,0.9521156853645345,0.7469640259261333,0.9511766105786762,298133.65587789664,0.024812467286854684,0.14514048663752943,1.2733901199583837,2.0110171275894477,2.5205826672054957e-06
3160.0200000000004,True,forward,pilot_free_der_m,,,0.028106180766148653,0.999132938384737,False,0,True,0,,True,0.9515847787900898,0.7460205525739433,0.9552971435326072,298274.75772153493,0.02450839363957369,0.14640189869192136,1.2805238947326736,2.0096867992924654,2.5016095692982367e-06
3162.5200000000004,True,forward,pilot_free_der_m,,,0.02863014531371702,0.9991014488576236,False,0,True,0,,True,0.9510122994264758,0.7451364535988525,0.960644487074419,298230.62536898546,0.02416169286231524,0.14802663070338842,1.2892195549348149,2.006948230449233,2.480858242874165e-06
3165.12,True,forward,pilot_free_der_m,,,0.029199508534839255,0.9990665976322732,False,0,True,0,,True,0.9504028225357415,0.7441423373109445,0.9664849617085582,298306.2045416939,0.023805721424181223,0.14970420294164943,1.2987904507638657,2.00416797063831,2.4572467773832758e-06
3167.62,True,forward,pilot_free_der_m,,,0.029777398760018583,0.9990305384078639,False,0,True,0,,True,0.949818769186225,0.7431374720813384,0.9715898457967637,298399.2653044303,0.02347619142750182,0.15118959627399428,1.3074160331002935,2.002213306278891,2.4358803758753585e-06
3170.2200000000003,True,forward,pilot_free_der_m,,,0.030405856539789316,0.9989905562143384,False,0,True,0,,True,0.94929071065663,0.7421586141497122,0.9763817362988442,298483.43118765467,0.023155730810686035,0.15261885688621407,1.3155971212669686,2.0006082856084193,2.4158363977205964e-06
3178.0200000000004,True,forward,pilot_free_der_m,,,0.032424740726206366,0.9988568117405238,False,0,True,0,,True,0.9474718735537894,0.7390187388903855,0.9928781532656225,298703.51019326516,0.022145525652025568,0.15735231638084243,1.3435087650908544,1.994542706931408,2.3498347205449426e-06
3185.5200000000004,True,forward,pilot_free_der_m,,,0.034499754773873334,0.99871103756587,True,1,True,1,,True,0.9460347655054195,0.7367332970912083,0.9999999999956057,298649.2733336104,0.021397384114231914,0.16050836944869518,1.3573432936231262,1.9943523971080153,2.3181946674362414e-06
3193.7200000000003,True,forward,pilot_free_der_m,,,0.03702046443028114,0.9985225651564116,True,1,True,1,,True,0.9447979938208311,0.7345839385492022,0.9999999999999384,298482.8217987546,0.020761109220270788,0.16252007071835672,1.3613148171670224,2.000167029214649,2.3081665061287406e-06
3196.2200000000003,True,forward,pilot_free_der_m,,,0.03782501782286493,0.9984598069093773,True,1,True,1,,True,0.9443959028288236,0.7339214148305842,0.9999999999999999,298412.4486016712,0.020565321789682452,0.1631569087715924,1.3625436999012168,2.001919287539746,2.3052113091213335e-06
3198.92,True,forward,pilot_free_der_m,,,0.037292012094783215,0.9985011505241925,True,1,True,1,,True,0.9444835302792475,0.7343626650098469,0.9999999999999996,298390.52108498855,0.020692958970659106,0.16281589165380236,1.3617249999856553,2.0003704590035447,2.307712088292645e-06
3201.5200000000004,True,forward,pilot_free_der_m,,,0.03678401742892408,0.9985400939801968,True,1,True,1,,True,0.9445400734866239,0.7347449068009237,0.9999999999909804,298364.7101263765,0.020808970643165847,0.16250445623395626,1.3610165796793017,1.9989889703571082,2.3099299650009324e-06
3204.2200000000003,True,forward,pilot_free_der_m,,,0.03625846305304399,0.998579863124255,True,1,True,1,,True,0.9446802048411802,0.735218163755187,0.9999999999999992,298337.8732452353,0.0209397838956468,0.16216140040705906,1.360140498831554,1.9974284346945235,2.3126348019276345e-06
3206.82,True,forward,pilot_free_der_m,,,0.03576099564216149,0.9986170282230066,True,1,True,1,,True,0.9447527727632969,0.7355935725705207,0.9999999999999736,298347.1832309398,0.021060130711878008,0.16182766278521826,1.359446353650819,1.996110093359611,2.314541786904994e-06
3209.32,True,forward,pilot_free_der_m,,,0.035297836958782476,0.9986511765234927,True,1,True,1,,True,0.9448371688244132,0.7359827302831206,0.9999999999999992,298325.8406635367,0.021175629284982473,0.1615231610538438,1.35872753374976,1.99476396571531,2.3167576972742927e-06
3212.0200000000004,True,forward,pilot_free_der_m,,,0.03482084235193868,0.9986858165879923,True,1,True,1,,True,0.9449079891656113,0.7363951883070783,0.9999999999999999,298304.51503658184,0.021302011144911016,0.16119209621153208,1.357966504777049,1.9932991702755676,2.3190949424089293e-06
3214.92,True,forward,pilot_free_der_m,,,0.034320431481622664,0.9987216874516479,True,1,True,1,,True,0.9449863157090158,0.7368299096640274,0.9999999999999984,298273.50565428555,0.021435752629261947,0.1608444968600872,1.3571653198171187,1.9917645072160155,2.3216233136164466e-06
3217.42,True,forward,pilot_free_der_m,,,0.033901499797360124,0.9987513425627947,True,1,True,1,,True,0.9450450895996965,0.7371622029608575,0.9999999999999287,298288.59173171717,0.021550290336860307,0.16052883072164176,1.3565535454522315,1.9905901082914754,2.3232529069642482e-06
3220.2200000000003,True,forward,pilot_free_der_m,,,0.03344468594817479,0.9987832838856993,True,1,True,1,,True,0.9450962158716043,0.737549915784984,0.9999999999992846,298278.61118357413,0.021677533762937396,0.1601929832489826,1.355840436826532,1.9891841947517623,2.3253677164357506e-06
3222.82,True,forward,pilot_free_der_m,,,0.03302841871260807,0.9988120400806035,False,0,True,0,,True,0.9453507031245095,0.7382014918547212,0.9967407225018569,298156.93622916314,0.021877959082490493,0.15929561718088447,1.3502285399038674,1.989951562073978,2.3389025613291113e-06
3225.32,True,forward,pilot_free_der_m,,,0.03263577579165151,0.9988388609374904,False,0,True,0,,True,0.9455242288367034,0.7387105362327159,0.9938931764359593,298108.9170916218,0.022062030316089876,0.15845613634798766,1.3454433471392282,1.9907705807672016,2.3500161404045976e-06
3228.0200000000004,True,forward,pilot_free_der_m,,,0.0322195317082853,0.9988669728112012,False,0,True,0,,True,0.9457286963242844,0.7392826726144642,0.9909990872577742,298020.6913836615,0.022255819908689342,0.15760524953048843,1.3404873723783055,1.9914648310185898,2.361968597305546e-06
3230.62,True,forward,pilot_free_der_m,,,0.031829286701325434,0.9988930189415843,False,0,True,0,,True,0.9458905290399812,0.7397267383644516,0.9893814624982269,298055.93236828095,0.022420968871935187,0.156955825355054,1.3374958767689893,1.9914770378394806,2.3686565089699684e-06
3233.42,True,forward,pilot_free_der_m,,,0.03141815150696924,0.9989201410943829,False,0,True,0,,True,0.9462312524408759,0.740470639366295,0.9839195702033131,297923.4945615221,0.022688036992238918,0.15559257748910124,1.3287759404550668,1.9940587969715997,2.3894026069335572e-06
3235.82,True,forward,pilot_free_der_m,,,0.031067565385868474,0.9989430282090036,False,0,True,0,,True,0.9463971735914991,0.7410408800207567,0.9811412994677894,297815.3527747754,0.022872518658570765,0.15480761565724116,1.324004283596753,1.9946334614137522,2.4013745350672214e-06
3238.42,True,forward,pilot_free_der_m,,,0.030696643298746558,0.9989669798880602,False,0,True,0,,True,0.9465420191906475,0.7414771378061027,0.979302243699088,297805.09189447283,0.02303880133701243,0.15414357719335914,1.3207450287633506,1.9948684271792483,2.4091447108445636e-06
3241.12,True,forward,pilot_free_der_m,,,0.030307595552610252,0.9989918520169933,False,0,True,0,,True,0.9468498882919536,0.7421381312699752,0.9741523111021195,297748.1780580436,0.023302961441686334,0.15280415374193618,1.3126293745816737,1.9975278797714318,2.4283131937645366e-06
3243.7200000000003,True,forward,pilot_free_der_m,,,0.029936142665094843,0.999015337176105,False,0,True,0,,True,0.9469926150152588,0.7425885722008446,0.9724952362611119,297718.38600417745,0.023465585456096647,0.15219509845607554,1.309601672671695,1.9975665396030955,2.4358629367828724e-06
3246.12,True,forward,pilot_free_der_m,,,0.029634973790086932,0.9990340780882838,False,0,True,0,,True,0.9472077331175079,0.7431856662542508,0.9680461638529848,297586.3007715925,0.023692224220645833,0.1510789748207148,1.302563017303683,1.999711246005827,2.4534478334485953e-06
3249.0200000000004,True,forward,pilot_free_der_m,,,0.029251930015107112,0.9990577351088414,False,0,True,0,,True,0.9473268528793006,0.7436449172635867,0.9669932705320452,297551.8830806016,0.02385439080164697,0.15055611962192228,1.3003427416546063,1.9991405476715145,2.4593267432897433e-06
3256.62,True,forward,pilot_free_der_m,,,0.028305699430307783,0.9991149016636942,False,0,True,0,,True,0.9478576864294534,0.7451367728198577,0.958055076269276,297429.46043645806,0.0244581430238251,0.14790219598754795,1.285743921406081,2.002668388410789,2.4955283499727944e-06
3264.42,True,forward,pilot_free_der_m,,,0.02740408396458917,0.9991676940443408,False,0,True,0,,True,0.9483626005025669,0.746746547570319,0.9485871667890924,297239.01289187104,0.025086951070996504,0.14522478284613227,1.270293340994344,2.0063489452314016,2.535200265070082e-06
3272.5200000000004,True,forward,pilot_free_der_m,,,0.02663060058549305,0.9992114534604095,False,0,True,0,,True,0.9490280769117436,0.7481208684742346,0.9417030180563916,297108.8730443573,0.025693573442811604,0.14273000965137497,1.258757852827927,2.0089937743523643,2.5654827821045534e-06
3275.0200000000004,True,forward,pilot_free_der_m,,,0.026351073420977648,0.9992269832535882,False,0,True,0,,True,0.9493577838383883,0.7487390309250743,0.9368415754106023,297052.8905038807,0.025997965170770868,0.14128075952173422,1.2512257765607937,2.011976274465388,2.5849374357514677e-06
3277.62,True,forward,pilot_free_der_m,,,0.026352978043669255,0.9992266705744648,False,0,True,0,,True,0.9493269557228988,0.7487412560014152,0.9363228512347316,297052.8898646191,0.026033417811404832,0.14109998655723752,1.2505292632532083,2.012401456672519,2.5866386684761558e-06
3280.2200000000003,True,forward,pilot_free_der_m,,,0.026346183905534143,0.9992267985571135,False,0,True,0,,True,0.9492127896648814,0.7487019127588641,0.9368526776434037,297029.67359337374,0.02604095841033525,0.1411425580766201,1.2513026368414497,2.0118003747592623,2.584909046505128e-06
3282.92,True,forward,pilot_free_der_m,,,0.026352053545468483,0.9992261839831859,False,0,True,0,,True,0.9491229091675426,0.7486046658288185,0.9371524560254598,297105.14072814997,0.02605849821562657,0.1410871500230453,1.2518656358999452,2.0116939898819273,2.582768202370084e-06
3285.5200000000004,True,forward,pilot_free_der_m,,,0.026323368612254053,0.9992275828097946,False,0,True,0,,True,0.9490471124832084,0.7486614667142272,0.9367157074375931,297016.78279724915,0.026094616094798732,0.14095359004177085,1.2511872843525798,2.0117356957855765,2.5852554647069895e-06
3288.2200000000003,True,forward,pilot_free_der_m,,,0.02627992247527339,0.9992298462379612,False,0,True,0,,True,0.9490058461355415,0.7486070525985796,0.9367385968225967,297086.02115389454,0.02612488540618594,0.14083226471942886,1.2513088055622388,2.011834468157543,2.58429359357058e-06
3290.82,True,forward,pilot_free_der_m,,,0.026245793030565012,0.9992315617775295,False,0,True,0,,True,0.948888750881997,0.7485322965337818,0.9375347756991737,297097.0918789554,0.026124470167919203,0.14092159103105192,1.2524974273529719,2.0111075721134353,2.5812165087157455e-06
3293.42,True,forward,pilot_free_der_m,,,0.026213472996742173,0.9992331704872058,False,0,True,0,,True,0.948862930996565,0.7485876069847134,0.9367504851643451,297046.4075092352,0.026176620538965845,0.1406775557997479,1.2513571910942338,2.0115944859956953,2.5844977120966547e-06
3296.12,True,forward,pilot_free_der_m,,,0.02618131823764813,0.9992347541390719,False,0,True,0,,True,0.9487956207721809,0.748548547048581,0.9363027708649465,297046.40759673086,0.02621141971147932,0.1405032913875149,1.2508243781337274,2.0120318057850537,2.585751613082801e-06
3298.92,True,forward,pilot_free_der_m,,,0.02615022492807309,0.9992362640469671,False,0,True,0,,True,0.9486781072653775,0.7484556695521908,0.9366473401698127,297093.45479256514,0.026230910948185377,0.14045508463652934,1.2514399693574625,2.011806707320889,2.583733439769791e-06
3301.5200000000004,True,forward,pilot_free_der_m,,,0.026122670961378176,0.9992375848708582,False,0,True,0,,True,0.9485821506777393,0.7484485116759718,0.9361438838714636,297037.63498861727,0.026266262072559363,0.14029132883677392,1.2507792710752978,2.0121147795611862,2.585821983538687e-06
3304.0200000000004,True,forward,pilot_free_der_m,,,0.026094845497272905,0.9992389302417859,False,0,True,0,,True,0.9484735269949511,0.7483607414143207,0.9369661647327353,297061.2083007351,0.026264272764768313,0.14038346903013704,1.252024742722301,2.0114298342625987,2.5824789208172797e-06
3306.62,True,forward,pilot_free_der_m,,,0.02606066015330254,0.9992406330507652,False,0,True,0,,True,0.948396730949384,0.748347926672032,0.9368872154862619,297024.65303048585,0.026289543277814815,0.14030208625893967,1.2519406843988736,2.0113918467390652,2.5829865589083796e-06
3309.32,True,forward,pilot_free_der_m,,,0.026017746047063497,0.9992428312432922,False,0,True,0,,True,0.948275663592385,0.7481850807752737,0.9370163131630392,297095.9823755799,0.026307343213047132,0.14020483070528003,1.252385722784124,2.0116343903103946,2.5810933440682896e-06
3311.92,True,forward,pilot_free_der_m,,,0.025975474189324995,0.9992450013552681,False,0,True,0,,True,0.9481650947787185,0.748143433189796,0.9370593107677669,297059.5173848749,0.02632629687462961,0.14015320784442675,1.2525129128949328,2.011517975558888,2.58105206614524e-06
3314.32,True,forward,pilot_free_der_m,,,0.025957319404081382,0.9992457907422712,False,0,True,0,,True,0.9480925692501584,0.7480681808987405,0.9367677895390009,297088.2155649291,0.026356663120289114,0.13999416049537208,1.2522492113132706,2.0119321200260134,2.581356896595547e-06
3316.82,True,forward,pilot_free_der_m,,,0.02593795729027299,0.9992466392028654,False,0,True,0,,True,0.9479576932382945,0.7479451460996493,0.9380329722032948,297088.2184369638,0.02633445467849634,0.1402031464805428,1.254146747385028,2.0109033836505508,2.5766003207824004e-06
3319.42,True,forward,pilot_free_der_m,,,0.025942901195324643,0.9992460650559983,False,0,True,0,,True,0.9479287692106856,0.7480157848708207,0.9361501036024525,297019.95614085544,0.02641625611070059,0.13973213268013115,1.2515111613107495,2.01237867301771,2.583687702316159e-06
3322.0200000000004,True,forward,pilot_free_der_m,,,0.025963380360396828,0.9992445893057164,False,0,True,0,,True,0.9478211670073439,0.7479864371526039,0.9364885601452955,296965.34184392047,0.02642936868774107,0.13973804768170078,1.2520127553519174,2.0119372853368516,2.5829057933534305e-06
3324.62,True,forward,pilot_free_der_m,,,0.025907893079211236,0.999247534369652,False,0,True,0,,True,0.9477713411210984,0.7479993351782013,0.9365416909435446,296895.12148758856,0.026452923878723684,0.13968103147910602,1.252062196980998,2.0117311050862687,2.5834112130759293e-06
3327.2200000000003,True,forward,pilot_free_der_m,,,0.025891747314845875,0.9992482029962737,False,0,True,0,,True,0.9477036699820699,0.7479417102925316,0.9365615984381275,296888.3594216265,0.026474271668274086,0.13960230603720847,1.2521852780102658,2.0117889207721498,2.583102892451595e-06
3335.12,True,forward,pilot_free_der_m,,,0.025855225083634945,0.999249508537057,False,0,True,0,,True,0.9475314225011225,0.7478845292098144,0.9360846198042511,296753.37505829387,0.026557360736219643,0.13928602943197488,1.2516432460413127,2.0121004427848384,2.5855334238872825e-06
3343.0200000000004,True,forward,pilot_free_der_m,,,0.02597262659375667,0.9992419806962884,False,0,True,0,,True,0.947969389831904,0.7474570844661694,0.935701846456665,296891.7109745206,0.026729109993972197,0.13814170823271327,1.2518469165690485,2.0150365598293316,2.5833336493470195e-06
3351.12,True,forward,pilot_free_der_m,,,0.02602640808714451,0.9992380450470368,False,0,True,0,,True,0.9479847213397878,0.7472019231862972,0.9360407528756868,296879.7866403991,0.026822358187259657,0.13766913556953772,1.2527279759721752,2.015721493183504,2.5809909085735734e-06
3353.62,True,forward,pilot_free_der_m,,,0.02615392836497743,0.9992305820744521,False,0,True,0,,True,0.9478531874938378,0.7468970831665108,0.937311955348204,296895.51275091374,0.026759149822007805,0.13790287488867156,1.2549412448826536,2.0153901920277413,2.575112264153571e-06
3356.2200000000003,True,forward,pilot_free_der_m,,,0.026376744084950703,0.9992176533680777,False,0,True,0,,True,0.9477217174889646,0.7465479889557618,0.9385608145825985,296906.87740526104,0.02666903019685625,0.13820239403700788,1.257200914699959,2.0152541721046684,2.5691235712740344e-06
3358.82,True,forward,pilot_free_der_m,,,0.0266123954743532,0.9992039519128135,False,0,True,0,,True,0.9474407364560868,0.7460064006546695,0.9410874107938085,296916.176863728,0.026503755464743824,0.13885938859273722,1.2615004508914973,2.0143259824468047,2.5580281691303303e-06
3361.62,True,forward,pilot_free_der_m,,,0.026845629109649813,0.9991902927551444,False,0,True,0,,True,0.9471824384111592,0.7454333808039619,0.9440113599274875,296980.22317382373,0.02633544079110828,0.13954857711807286,1.266392657261144,2.0132053528718177,2.5450737847755368e-06
3364.2200000000003,True,forward,pilot_free_der_m,,,0.027052587724894658,0.999178118224652,False,0,True,0,,True,0.9469502856404702,0.7449612515571957,0.946014065932229,296994.5101733545,0.02619747682632712,0.1400693469115161,1.269883586501676,2.0126379331443345,2.5360735573127287e-06
3366.62,True,forward,pilot_free_der_m,,,0.027239494712496985,0.9991670419260513,False,0,True,0,,True,0.9467092547132256,0.7444721413609257,0.9480717379546826,297027.44672743353,0.026063078587783138,0.14057993423837054,1.2734818205844056,2.0120747618648673,2.5266808761510535e-06
3369.42,True,forward,pilot_free_der_m,,,0.027469976452218665,0.9991532568450177,False,0,True,0,,True,0.9465251469304294,0.7439483796941821,0.9505331784553276,297075.5203178975,0.02591400666647961,0.141163162685566,1.2776870067867707,2.011398864217836,2.515737692345588e-06
3372.2200000000003,True,forward,pilot_free_der_m,,,0.027706202791525643,0.9991390101054802,False,0,True,0,,True,0.9462554014703748,0.7434448644684003,0.9526966546663943,297063.23513384745,0.02576749246186271,0.14172865419554034,1.2814624193384123,2.010753095102414,2.5063906289826308e-06
3374.62,True,forward,pilot_free_der_m,,,0.027915811717340474,0.9991262724842489,False,0,True,0,,True,0.9460595827372713,0.7430433682472112,0.9549280949383332,297053.1751642371,0.025635461894323214,0.1422897123029941,1.2851579540921598,2.0098180584501253,2.4973840532455473e-06
3377.12,True,forward,pilot_free_der_m,,,0.028141280748054023,0.9991124590823609,False,0,True,0,,True,0.9458390910159379,0.7425397369734303,0.9566675777288629,297126.4615470518,0.025514313873740396,0.14270425144945148,1.2883722312669907,2.0096891582119687,2.4887011477471356e-06
3379.82,True,forward,pilot_free_der_m,,,0.02839009591952599,0.9990970908357025,False,0,True,0,,True,0.945615311758462,0.7420369767547003,0.9587358804756274,297167.62047596223,0.025379482896348688,0.14320835735347112,1.2920324869370527,2.009255320118752,2.4793004624709883e-06
3382.32,True,forward,pilot_free_der_m,,,0.028621888085355915,0.9990826594616163,False,0,True,0,,True,0.9453469319264413,0.7414940529302889,0.9617440673444893,297226.812220779,0.02521958724179642,0.14390836803834753,1.2970354428923612,2.0080335835113354,2.466686359957146e-06
3384.92,True,forward,pilot_free_der_m,,,0.028870040661202048,0.9990670805791242,False,0,True,0,,True,0.9451699097529451,0.7410692351073824,0.9635913248856498,297233.1767836559,0.02509772640522227,0.14437374570879938,1.3002716605095925,2.0076209242672847,2.458739424221881e-06
3387.62,True,forward,pilot_free_der_m,,,0.029134582157890485,0.9990503272299165,False,0,True,0,,True,0.9448695919051471,0.740516183533638,0.9668525318936462,297274.0320906263,0.024926286410985862,0.14514917556837015,1.305646727773002,2.0061725990935813,2.4455657816621246e-06
3390.42,True,forward,pilot_free_der_m,,,0.029414733579961997,0.9990324241560694,False,0,True,0,,True,0.9446447634466388,0.7400156329096261,0.9689617255058616,297273.7162673944,0.02478837175904271,0.14567582337804114,1.3093800757911762,2.0057368700514973,2.436550931572585e-06
3392.82,True,forward,pilot_free_der_m,,,0.029651935903607842,0.9990171485882617,False,0,True,0,,True,0.9444664786949079,0.7395549534656582,0.9713311699210792,297321.25832132745,0.02465751739195521,0.14622376859106861,1.313399586290762,2.005021836858398,2.4266066673879787e-06
3395.5200000000004,True,forward,pilot_free_der_m,,,0.02992360898592164,0.9989995082461776,False,0,True,0,,True,0.944180471145812,0.7389698356598773,0.9740964116727434,297381.614881052,0.02450109415019671,0.14686983136518536,1.3181815612309877,2.0042211141125983,2.414763211489022e-06
3398.12,True,forward,pilot_free_der_m,,,0.030177603948095787,0.9989828963263664,False,0,True,0,,True,0.9439537119063124,0.7384976847618301,0.975876432031097,297398.71175026847,0.024378793418681613,0.14732074962619457,1.3214346533067642,2.00399523301338,2.4068401060766247e-06
3400.92,True,forward,pilot_free_der_m,,,0.030450310574944524,0.9989649189784089,False,0,True,0,,True,0.943619967908349,0.7378368447104213,0.9796173037746918,297480.48386590433,0.024193090768936065,0.14816495228963322,1.3276882427295456,2.0025551883970416,2.391646906042191e-06
3403.32,True,forward,pilot_free_der_m,,,0.030727219260708115,0.9989464334640255,False,0,True,0,,True,0.943524105950922,0.7374991291400661,0.9801851330173037,297510.24415040796,0.024120298080838952,0.1483373370876324,1.3290661565393478,2.0031683882366726,2.3879535857390192e-06
3406.2200000000003,True,forward,pilot_free_der_m,,,0.0310456362890616,0.9989250027897322,False,0,True,0,,True,0.9433369509179456,0.7370616766017378,0.9808918673653193,297498.1274611888,0.024022670149002997,0.14858184651164177,1.33081382264748,2.003856209823066,2.383662973877374e-06
3413.82,True,forward,pilot_free_der_m,,,0.031899129518375875,0.9988665320164907,False,0,True,0,,True,0.9424539170303542,0.7352790428869069,0.9900233499498421,297724.12291583937,0.023547420822615003,0.15066461681170001,1.34645936060239,2.0010028548962056,2.3459819543775675e-06
3421.42,True,forward,pilot_free_der_m,,,0.032647322624834677,0.9988140527678543,False,0,True,0,,True,0.9410086431560899,0.734038950986422,0.9977773730284873,297601.9678574568,0.023052631406881966,0.1533102798439213,1.359297584532328,1.9961601293366893,2.31835221674651e-06
3429.62,True,forward,pilot_free_der_m,,,0.03352380890436478,0.998751093000359,True,1,True,1,,True,0.9399664562454153,0.7330379602570598,0.9999999994864576,297425.12242049415,0.02270661217532629,0.1547846407322663,1.364185831707515,1.9959915159166484,2.3081749658131575e-06
3432.12,True,forward,pilot_free_der_m,,,0.033623443725265496,0.9987436658313469,True,1,True,1,,True,0.9397185294182476,0.7329452437043374,0.9999999964488763,297313.32535215316,0.022665520048682736,0.1549957349819802,1.364358395171285,1.995828675895709,2.3085502109728756e-06
3434.5200000000004,True,forward,pilot_free_der_m,,,0.033414032644598475,0.9987584521694309,True,1,True,1,,True,0.9396378370164401,0.7330856651841572,0.9999999995495409,297298.86832931667,0.0227161666101459,0.15491561236922569,1.3640970585590875,1.9951066567692037,2.309408662101145e-06
3437.42,True,forward,pilot_free_der_m,,,0.033181128877507335,0.998774653786219,True,1,True,1,,True,0.9396407844910362,0.7330564188922304,0.9999994667798799,297298.86832805065,0.022724443214173187,0.154969728194612,1.3641507543048934,1.995228033850185,2.3092547560127197e-06
3440.0200000000004,True,forward,pilot_free_der_m,,,0.03296946334245487,0.9987893344801708,True,1,True,1,,True,0.9394684943414299,0.7334688031195947,0.9999999787722353,297276.8721570982,0.022848065783667538,0.15469737916024554,1.3633844745939137,1.9932459084402672,2.311614763728086e-06
3442.5200000000004,True,forward,pilot_free_der_m,,,0.03276972568936278,0.9988030944755835,True,1,True,1,,True,0.9392871654449658,0.7336422164072123,0.9999999194478634,297179.35722700047,0.022898040973444802,0.15465914089748836,1.363062126311455,1.9921823503081961,2.3132944242680745e-06
3445.0200000000004,True,forward,pilot_free_der_m,,,0.0325701465437972,0.9988167864768602,False,0,True,0,,True,0.9391934629289916,0.7338435949156354,0.9995223563224149,297107.8021486871,0.0229635000074432,0.15450537578456672,1.3620373104671202,1.9915985361034336,2.3162612262369637e-06
3447.5200000000004,True,forward,pilot_free_der_m,,,0.032352749215345235,0.9988317489708146,False,0,True,0,,True,0.9392182492459007,0.734151964527994,0.9974345778075755,297054.7666297887,0.02307374807282233,0.15402518543408655,1.3586214108258268,1.9922106530265293,2.3241900361225716e-06
3450.12,True,forward,pilot_free_der_m,,,0.03212833675833357,0.9988471005987011,False,0,True,0,,True,0.9391651897239133,0.7344412846991376,0.9962782721452811,296937.66425136523,0.023157290297227517,0.15376219629385426,1.3565118041442952,1.9919481850604115,2.329912384471358e-06
3452.5200000000004,True,forward,pilot_free_der_m,,,0.03191782498540887,0.9988614226694075,False,0,True,0,,True,0.9391761967999377,0.7346507648554901,0.995041075187523,296948.3966553657,0.023243823070304277,0.15342513895138268,1.3544409436274842,1.992205014011839,2.3344478382998765e-06
3455.12,True,forward,pilot_free_der_m,,,0.03168748000107942,0.9988770215678859,False,0,True,0,,True,0.9391785433864072,0.7349886076279359,0.993150830904949,296839.0650925138,0.023349432007079084,0.15301100383485283,1.3512465643653886,1.9925027235651902,2.3424821122377155e-06
3457.7200000000003,True,forward,pilot_free_der_m,,,0.03146141701639934,0.9988922301654201,False,0,True,0,,True,0.9391401879884127,0.7352407792605345,0.9923362417495362,296763.2011669569,0.023427240953218183,0.15278923736012606,1.3496751944955696,1.9921338788010543,2.3467470620534437e-06
3460.12,True,forward,pilot_free_der_m,,,0.03126065559361027,0.9989056388540476,False,0,True,0,,True,0.9391368842483506,0.7355753854462419,0.9895473650737353,296629.06209121994,0.023546065525279693,0.15222196707703775,1.3452698182300098,1.9932140473860496,2.357587419848922e-06
3462.92,True,forward,pilot_free_der_m,,,0.03103357514261098,0.9989206964182431,False,0,True,0,,True,0.9392063310165182,0.7359701290035486,0.988303874016091,296538.0227090023,0.023649895335701703,0.1519073159245586,1.3428586773680398,1.992894194628547,2.363995031676343e-06
3465.7200000000003,True,forward,pilot_free_der_m,,,0.030814314272646692,0.9989351226678681,False,0,True,0,,True,0.939259336073305,0.7363035292150734,0.9860739694092787,296492.4072872943,0.023773413789725133,0.15137845237705375,1.3392221146358891,1.9936348682049696,2.372587002986854e-06
3468.2200000000003,True,forward,pilot_free_der_m,,,0.03062093038589836,0.9989477675772026,False,0,True,0,,True,0.9391879508827111,0.7365290616147401,0.9855866929715918,296446.3365876963,0.023841493659343606,0.1512236979979783,1.3381504469230674,1.9930279657539671,2.3755702299587435e-06
3470.62,True,forward,pilot_free_der_m,,,0.03043190261139319,0.9989600755771127,False,0,True,0,,True,0.9391983015525954,0.7369163642904327,0.9834974167861127,296287.5346346408,0.023950714203262516,0.15079737181947764,1.3346119918684527,1.9933577723834752,2.384993515639657e-06
3473.12,True,forward,pilot_free_der_m,,,0.030236599453651414,0.9989727200887265,False,0,True,0,,True,0.9392188817886287,0.7371615593333131,0.9824183549138354,296285.3610063734,0.024039810114421797,0.15048922275242219,1.3327042660801955,1.9933883458035666,2.3894719250811164e-06
3475.7200000000003,True,forward,pilot_free_der_m,,,0.030035307874390668,0.9989856751864216,False,0,True,0,,True,0.9392328242475633,0.7375087933180101,0.980169533967475,296180.7738028238,0.02415688445975607,0.15000007768544807,1.329027589702013,1.994033840596177,2.3987697738932095e-06
3478.5200000000004,True,forward,pilot_free_der_m,,,0.02982106452372846,0.9989993763693956,False,0,True,0,,True,0.9392301918914756,0.737772467005523,0.9793900404649198,296175.88172607246,0.024245833591147275,0.14974490779847446,1.3274960563926657,1.9936879939380638,2.4025099506794396e-06
3481.0200000000004,True,forward,pilot_free_der_m,,,0.029632060894576734,0.9990113880107089,False,0,True,0,,True,0.9392421855903597,0.7380926330918904,0.9776788517109354,296070.8481017005,0.024346975514013262,0.1493642063415662,1.3246018289268269,1.9939743565727206,2.4101270931320274e-06
3483.5200000000004,True,forward,pilot_free_der_m,,,0.029450426970861372,0.9990228492513459,False,0,True,0,,True,0.9391924525110937,0.7383080519035344,0.9772165450510545,296033.53336691036,0.024414504384993915,0.14921091050257476,1.323589174642694,1.9934407646605417,2.4129477614640035e-06
3491.2200000000003,True,forward,pilot_free_der_m,,,0.028902142834052763,0.9990570555797648,False,0,True,0,,True,0.9392702802503723,0.7392909856786171,0.971655569827114,295805.8590927168,0.024743458154858386,0.14793894359643334,1.3143073412902533,1.9947222764560837,2.436657930550477e-06
3498.82,True,forward,pilot_free_der_m,,,0.028455831161460676,0.9990842881609037,False,0,True,0,,True,0.939658622675007,0.7399477104241784,0.9667660301381605,295787.26113351167,0.02509706458723787,0.14631064746508204,1.3065329029587205,1.9973803157226193,2.4550998047302425e-06
3507.12,True,forward,pilot_free_der_m,,,0.027982384295239804,0.9991127461125185,False,0,True,0,,True,0.9400110002944204,0.7407363873006964,0.9620351353665986,295652.9925209654,0.025463748086622707,0.14474883889658866,1.2987550657155278,1.999355288993284,2.4748935683022745e-06
3509.7200000000003,True,forward,pilot_free_der_m,,,0.027871682064716966,0.9991192873312584,False,0,True,0,,True,0.9400532836248463,0.7408603478870053,0.9615934557702402,295659.0206262551,0.02553608729074652,0.14448848771459727,1.2979415871193323,1.999367840755083,2.4768626996482172e-06
3512.42,True,forward,pilot_free_der_m,,,0.028129612362230043,0.9991033432023504,False,0,True,0,,True,0.9397847422126089,0.7404559773258976,0.963889422487583,295662.81581133103,0.025391851443341627,0.14512890079317753,1.3017511533482367,1.9982776075724586,2.4676242676912847e-06
3514.92,True,forward,pilot_free_der_m,,,0.028369429275465673,0.9990884490809837,False,0,True,0,,True,0.9394984693802779,0.7399305018396193,0.9655644345058837,295736.5256352206,0.02524716287878569,0.14565141859291317,1.3049393586361044,1.998186759664974,2.4590916015727635e-06
3517.7200000000003,True,forward,pilot_free_der_m,,,0.028640281950517384,0.9990714815345734,False,0,True,0,,True,0.9391797872212251,0.7394969965712034,0.9678537970726219,295695.3119033181,0.025084312217646884,0.14636186996236655,1.30880017303685,1.9971276307221422,2.4501576528881784e-06
3520.32,True,forward,pilot_free_der_m,,,0.028894628794292124,0.9990554060372712,False,0,True,0,,True,0.9389117191254573,0.73903749090959,0.9706635027030643,295695.50902760244,0.024916603042705997,0.1471306018892194,1.31341578017699,1.9958236694819846,2.439207063371401e-06
3522.92,True,forward,pilot_free_der_m,,,0.029153206743065686,0.9990389250003644,False,0,True,0,,True,0.9386266580541213,0.7385294012802179,0.97288432100755,295782.6905133938,0.024768653971273757,0.14773475633920105,1.3173264589345868,1.9952091909716931,2.429103822914606e-06
3525.5200000000004,True,forward,pilot_free_der_m,,,0.029432649302736154,0.999020890901401,False,0,True,0,,True,0.9383269872946132,0.7380683572836529,0.9753801005612724,295772.76006657566,0.02461127606128713,0.14844026784035533,1.321530845938185,1.9941492859605274,2.4192648016796194e-06
3528.2200000000003,True,forward,pilot_free_der_m,,,0.029727219987897954,0.9990017038597053,False,0,True,0,,True,0.9379378479186542,0.7374825872949023,0.9787673545650533,295823.6851245789,0.024424378784119568,0.14931190785891474,1.3271735108420488,1.9926132428812529,2.4056675478427696e-06
3530.7200000000003,True,forward,pilot_free_der_m,,,0.03000709098486249,0.9989833076914937,False,0,True,0,,True,0.9376155697998226,0.7369937140171613,0.981258285576093,295842.4183637885,0.024269665704414405,0.14999931748395895,1.331433724485259,1.9916467173385752,2.395563070946856e-06
3533.2200000000003,True,forward,pilot_free_der_m,,,0.030292195245104674,0.9989643936538412,False,0,True,0,,True,0.9373972646982348,0.7366262746220912,0.9817374622133397,295839.390198731,0.02417274846083198,0.15028407171219538,1.3327483637710276,1.992190918160657,2.3922205903055905e-06
3536.0200000000004,True,forward,pilot_free_der_m,,,0.030614418401075802,0.9989428122336375,False,0,True,0,,True,0.9370299914199987,0.7360608827100061,0.9852583851053168,295884.12708765775,0.02398553190143328,0.15118573599963583,1.3385555573580041,1.990549954488366,2.3785453712958632e-06
3538.42,True,forward,pilot_free_der_m,,,0.03089157043625927,0.9989240797561466,False,0,True,0,,True,0.9367356533570148,0.735581073850919,0.987815084916052,295897.08694683434,0.02383651559945035,0.15186169366630922,1.3429044330146176,1.9895836268131628,2.368456823396055e-06
3541.12,True,forward,pilot_free_der_m,,,0.03120395958353219,0.9989027798408918,False,0,True,0,,True,0.9363670325216646,0.7349965101574621,0.9902608466093937,295959.28587225446,0.023677453969613748,0.1525291259345754,1.347300065951667,1.9889747647601432,2.3577808141387247e-06
3543.7200000000003,True,forward,pilot_free_der_m,,,0.03150403917823597,0.9988821371916632,False,0,True,0,,True,0.9360530305039729,0.7344896129884558,0.9938706289109642,295961.04938206397,0.02349853536134424,0.1534339203243108,1.3531445664250465,1.9872012605416989,2.3447142227592836e-06
3546.42,True,forward,pilot_free_der_m,,,0.03181910641506984,0.9988602646560981,False,0,True,0,,True,0.9357842661435409,0.7340545259340697,0.9945522017892587,295953.60076738487,0.023386775068233827,0.15378823533167238,1.3548751034859583,1.987746189741222,2.3405077690243776e-06
3548.92,True,forward,pilot_free_der_m,,,0.03211777625658245,0.9988393352500022,False,0,True,0,,True,0.9354986631668116,0.7334988182354202,0.9972781044175794,296048.339222801,0.023235489937652707,0.15446068132700957,1.3596178748000354,1.9869982182873225,2.329051260694008e-06
3551.42,True,forward,pilot_free_der_m,,,0.032419427010272145,0.9988180114402954,True,1,True,1,,True,0.9351250386952386,0.7330228515810897,0.999985450522838,295986.78168700245,0.023075662512047165,0.155226330593294,1.3641941016789925,1.985782081589717,2.3193517929251817e-06
3554.0200000000004,True,forward,pilot_free_der_m,,,0.03273906744820006,0.9987952074796165,True,1,True,1,,True,0.9349920414531216,0.7326653738005489,0.9999944523197994,295995.15396218526,0.02299076853421296,0.15542254992427407,1.3648719976113197,1.9868875175414007,2.3173522468361264e-06
3556.5200000000004,True,forward,pilot_free_der_m,,,0.033050857963361095,0.998772759439884,True,1,True,1,,True,0.9347810801352986,0.7323176430268605,0.9999999946091221,295972.6061305444,0.022905397351050478,0.15563611431199662,1.3655276561081615,1.9877927642311786,2.3156552822633823e-06
3559.12,True,forward,pilot_free_der_m,,,0.03337124465235149,0.9987495003743272,True,1,True,1,,True,0.9346303907395843,0.7319972011500571,0.9999999999228858,295947.3498384565,0.022821194334470298,0.15585006517007083,1.3661254419439905,1.9887247213200219,2.314139584253001e-06
3561.7200000000003,True,forward,pilot_free_der_m,,,0.033697055442994533,0.9987256288262949,True,1,True,1,,True,0.934412650045248,0.7316425880664522,0.9999999999999987,295875.8843126587,0.022727994707539202,0.15609837143960384,1.3667875767630582,1.9896481465026596,2.3128009026743816e-06
3569.42,True,forward,pilot_free_der_m,,,0.03469071660703847,0.9986514716946306,True,1,True,1,,True,0.9338814357840953,0.7305861308810581,0.9999999999999999,295833.42051470635,0.02246794069519481,0.1567455341431749,1.3687640070501192,1.9926529420523629,2.3074713673800374e-06
3577.32,True,forward,pilot_free_der_m,,,0.03570992312407868,0.9985733048471024,True,1,True,1,,True,0.9330934238025007,0.7296050143080915,0.9999999999999999,295684.6571385987,0.022172854878978115,0.15771731250762455,1.370604615359357,1.9948185487522159,2.303362104392536e-06
3585.12,True,forward,pilot_free_der_m,,,0.036790927309483405,0.9984880722747735,True,1,True,1,,True,0.9325065036025936,0.7285276890771801,0.9999999999999999,295604.6552199067,0.021896425455477975,0.15847455101899371,1.3726314249863192,1.9977957366987527,2.298186111029924e-06
3587.92,True,forward,pilot_free_der_m,,,0.03733105204839915,0.9984447059824549,True,1,True,1,,True,0.9322104924827916,0.7280323766561729,0.9999999999999999,295541.3768304659,0.02175823194113311,0.15887531739038627,1.3735652864683912,1.9991102716768336,2.2960074835381732e-06
3590.5200000000004,True,forward,pilot_free_der_m,,,0.037138376687041626,0.9984598496298092,True,1,True,1,,True,0.9322544109903719,0.7281665784741657,0.9999999999999999,295524.76530959073,0.021813047853620923,0.15871297953636887,1.3733121370324999,1.998676212127343,2.2968604267060835e-06
3593.2200000000003,True,forward,pilot_free_der_m,,,0.03698571269826255,0.9984713124487347,True,1,True,1,,True,0.9321896763977793,0.7282665694806881,0.9999999999999999,295531.1546588961,0.021881436543984587,0.15849964624047388,1.373123581263766,1.9981439813538768,2.2973499942831833e-06
3595.82,True,forward,pilot_free_der_m,,,0.03684155635509431,0.9984821162410931,True,1,True,1,,True,0.932142756413183,0.7283997110722421,0.9999999999436284,295469.7313982807,0.02193867050509769,0.15835265271551907,1.372872592812505,1.997519694134699,2.2985455714715766e-06
3598.5200000000004,True,forward,pilot_free_der_m,,,0.036688090254362045,0.9984936411990052,True,1,True,1,,True,0.9320926274514716,0.7284879683088883,0.9999999999419614,295469.0747244502,0.022003221045867157,0.15814981731659342,1.372706267563157,1.9970652201035393,2.2990265328872573e-06
3601.0200000000004,True,forward,pilot_free_der_m,,,0.03654807876724411,0.9985041038967725,True,1,True,1,,True,0.932071419852461,0.7286099030843566,0.9999999999991417,295479.4047272673,0.022068553158592567,0.15795216066808912,1.3724765416527207,1.9965404322547933,2.299603441358216e-06
3603.62,True,forward,pilot_free_der_m,,,0.03638180424607926,0.9985167091117482,True,1,True,1,,True,0.9320560896737573,0.728746277407175,0.9999999999999999,295461.2440351761,0.0221317119946233,0.1577694697125798,1.3722197025251717,1.995971654049901,2.3004797798730473e-06
3606.12,True,forward,pilot_free_der_m,,,0.03622303799132115,0.9985286981088907,True,1,True,1,,True,0.9320574387290035,0.7288686595276744,0.9999999999999987,295467.60435573815,0.02219342124418208,0.15758289314422075,1.3719892972871468,1.9954937383960574,2.3010896713980015e-06
3608.62,True,forward,pilot_free_der_m,,,0.036059655744712385,0.9985410113413236,True,1,True,1,,True,0.9320403071318332,0.729033408743557,0.9999999999999952,295400.4035550766,0.02225231086863828,0.1574368943863298,1.371679250918599,1.9948100404811273,2.3025008110950465e-06
3611.02,True,forward,pilot_free_der_m,,,0.035903778773076996,0.9985527144129421,True,1,True,1,,True,0.9319795134877976,0.7290959889254076,0.9999999999999999,295409.46852891066,0.02230573286554493,0.15726813769624548,1.371561516164517,1.994434237402083,2.3027672565504135e-06
3613.62,True,forward,pilot_free_der_m,,,0.035735819594075076,0.9985652751530778,True,1,True,1,,True,0.9319604415681221,0.7292398826873044,0.9999999999999976,295395.5268983618,0.022369829287224325,0.1570895373663995,1.3712908793673235,1.9938286492270139,2.3036509423844583e-06
3616.02,True,forward,pilot_free_der_m,,,0.035582208513103335,0.9985767159022294,True,1,True,1,,True,0.9319716441757497,0.7293385234753006,0.9999999999999999,295398.54911991756,0.02242666593085508,0.15691459307728578,1.371105416501238,1.993465563882563,2.3041585250249516e-06
3618.72,True,forward,pilot_free_der_m,,,0.035411390438532024,0.9985893831658702,True,1,True,1,,True,0.9319666088230891,0.7293945899201639,0.9999999999976859,295492.02668492886,0.022494003566631417,0.15667586393605534,1.3710000236047009,1.9932348384484875,2.30373137820326e-06
3621.32,True,forward,pilot_free_der_m,,,0.035249612771736945,0.9986013224195504,True,1,True,1,,True,0.931899439388556,0.7295278545697168,0.999999999999824,295410.3330590852,0.02254972426107259,0.15653990779601532,1.3707495796574272,1.9925685236981292,2.3050857967724025e-06
3623.92,True,forward,pilot_free_der_m,,,0.03508949794643959,0.998613088774934,True,1,True,1,,True,0.9319004852882806,0.7296761052127382,0.9999999999999999,295367.48951061646,0.022611117354393254,0.15637586278989957,1.3704710800533182,1.9919895228976598,2.3062180700394812e-06
3626.42,True,forward,pilot_free_der_m,,,0.034935652728263676,0.9986243555942992,True,1,True,1,,True,0.931868820926913,0.7298049379952843,0.9999999999999976,295333.2187749321,0.02266946143756313,0.15621925546001714,1.3702291501985686,1.9914169153128274,2.307178997375745e-06
3628.82,True,forward,pilot_free_der_m,,,0.034788749301000864,0.9986350746966445,True,1,True,1,,True,0.9318598512972368,0.7299171769591355,0.9999999999999999,295330.69255522446,0.022727336273436333,0.15605188836693823,1.370018450813886,1.9909579887935762,2.307802617918834e-06
3631.42,True,forward,pilot_free_der_m,,,0.034629492488757116,0.9986466570766989,True,1,True,1,,True,0.9318232619078094,0.7300155534336258,0.9999999999981453,295320.32894468814,0.02278645487494841,0.1558795273676878,1.369833827915924,1.990494481277825,2.308412822569859e-06
3634.02,True,forward,pilot_free_der_m,,,0.0344722984434139,0.9986580388754248,True,1,True,1,,True,0.9317764489994512,0.7301082143664746,0.9999999999999999,295348.62375191133,0.022849385034427128,0.15568815034664785,1.3696599768675584,1.9900316380437206,2.308690009738002e-06
3636.72,True,forward,pilot_free_der_m,,,0.03432020805773169,0.9986689512628888,True,1,True,1,,True,0.931770293008821,0.7302410297734666,0.9999999999999999,295313.70862076257,0.02291157315725691,0.15551860259257297,1.3694108646705556,1.9894985500621731,2.3096771952485157e-06
3639.32,True,forward,pilot_free_der_m,,,0.0341669711133774,0.9986799444808925,True,1,True,1,,True,0.9317548793238204,0.7303924060471213,0.9999999999999836,295256.95643187343,0.022972197400882542,0.15536421151370075,1.369127049680016,1.988873247085143,2.3109351313568684e-06
3647.22,True,forward,pilot_free_der_m,,,0.03370919426180496,0.9987125214440108,True,1,True,1,,True,0.9316703225106,0.7307218429212551,0.9999999999940405,295242.0305554334,0.02315865860614459,0.15482543119332337,1.368509795733318,1.9874043996587694,2.3128227350128737e-06
3655.12,True,forward,pilot_free_der_m,,,0.03329906040533516,0.9987412296114108,True,1,True,1,,True,0.9317712959239834,0.7309531066864179,0.999999999999182,295302.6472227812,0.023364594032991494,0.15406942558060444,1.3680768175846696,1.9867158730049104,2.313590171667507e-06
3663.42,True,forward,pilot_free_der_m,,,0.032854642571186234,0.9987720778469943,True,1,True,1,,True,0.9317333896787768,0.7312906515187024,0.9999999999896684,295265.34759840753,0.0235635697381216,0.15347466588932568,1.36744534873094,1.985316662782565,2.315694783237418e-06
3665.92,True,forward,pilot_free_der_m,,,0.032574538969748164,0.998791774417224,True,1,True,1,,True,0.9317696874821076,0.7315595292120857,0.9999999999999888,295252.4646229225,0.023671378543131606,0.1531804664624467,1.366942757313301,1.9843445335182448,2.317238747043129e-06
3668.72,True,forward,pilot_free_der_m,,,0.03229322612208297,0.9988113601937246,False,0,True,0,,True,0.9318410121827453,0.731802610903095,0.999547285323341,295271.78368315083,0.023792869113600717,0.1527702472504461,1.3658700726550164,1.9839271594687502,2.319667868004904e-06
3671.12,True,forward,pilot_free_der_m,,,0.03202827255462787,0.998829970138091,False,0,True,0,,True,0.9319744673805613,0.7321343350077786,0.9973714158303904,295184.7163743946,0.023925019704381014,0.15216727277525763,1.3622792541477975,1.9847442162017188,2.3282892287209564e-06
3673.92,True,forward,pilot_free_der_m,,,0.03172280949506338,0.9988512355676094,False,0,True,0,,True,0.9321302339036006,0.732453090471299,0.9957093007198299,295177.4186488436,0.024066251946813322,0.15157267803903623,1.3594171608712005,1.9852341072276374,2.3347814113372996e-06
3676.52,True,forward,pilot_free_der_m,,,0.031439239548753106,0.9988707999618277,False,0,True,0,,True,0.9323849311902717,0.7328487514798004,0.9923720916059363,295184.9310813642,0.02425051354289682,0.15065441995682205,1.3541294702380198,1.987061057643568,2.3463849270585255e-06
3679.22,True,forward,pilot_free_der_m,,,0.03113525504380496,0.9988916565839583,False,0,True,0,,True,0.9325736771614036,0.7331972602740685,0.9901421825835488,295173.5456636059,0.02440654138732741,0.14995459449386325,1.3504444659455417,1.9880049891377403,2.3547611688945287e-06
3681.8200000000006,True,forward,pilot_free_der_m,,,0.030856756881355897,0.9989105444820846,False,0,True,0,,True,0.9327166152192772,0.7336242400414497,0.9873086266872892,295006.95257067855,0.02456745716235341,0.1492256269093737,1.3457960803360403,1.989072823298657,2.3665880640508553e-06
3684.62,True,forward,pilot_free_der_m,,,0.03056355613430277,0.9989302531751024,False,0,True,0,,True,0.9328892959666529,0.7339650158912121,0.9858072201275287,294951.5105614296,0.024706122995815722,0.14867994984984315,1.3431256242240905,1.9894062298962654,2.3732328067896187e-06
3687.12,True,forward,pilot_free_der_m,,,0.03030648959460725,0.9989473853730116,False,0,True,0,,True,0.9330779249275072,0.7343055176494717,0.9830186655831206,294952.5053194369,0.024874414172454146,0.14787685163240558,1.3387052690680918,1.9908914960350645,2.38320989649141e-06
3689.62,True,forward,pilot_free_der_m,,,0.03005547057872914,0.9989639774409594,False,0,True,0,,True,0.9330643847833295,0.7344350264324576,0.983179257801071,294944.0354451508,0.024944741362988538,0.14770270496342877,1.3386878653880339,1.9902207552967646,2.383502493169573e-06
3692.12,True,forward,pilot_free_der_m,,,0.029809713988815826,0.9989800977953133,False,0,True,0,,True,0.9332963467783196,0.7348541511320804,0.9800229986385529,294849.55230115686,0.02512445979556716,0.14685270728125663,1.333629261165331,1.9918268900080995,2.3958132979320597e-06
3694.62,True,forward,pilot_free_der_m,,,0.029571552855424676,0.9989955913674887,False,0,True,0,,True,0.9334751888038845,0.7351984850888648,0.9770609090916871,294816.3701068221,0.02529611751475725,0.14602894220291165,1.3289756833130415,1.993458127471996,2.4067194683138893e-06
3697.22,True,forward,pilot_free_der_m,,,0.029332575488412786,0.9990110070921127,False,0,True,0,,True,0.933633911750713,0.735531744078528,0.9748829352727808,294740.58818136225,0.02543733082455408,0.14541143096453293,1.3254124558473155,1.994415553401761,2.4156299268122984e-06
3699.8200000000006,True,forward,pilot_free_der_m,,,0.029100261307418197,0.9990258719719896,False,0,True,0,,True,0.9338070479574203,0.7358327858069384,0.9738524504369314,294775.9094262999,0.025578163684485997,0.1448922246998153,1.3234697735966912,1.9945256350217242,2.4200446518331814e-06
3702.62,True,forward,pilot_free_der_m,,,0.028857205426513766,0.9990412963128767,False,0,True,0,,True,0.934019778675948,0.7362578218024338,0.9709553576812371,294678.23451986106,0.025760713742337658,0.14407841177433178,1.3187708557095392,1.9958936337490434,2.4318521788679834e-06
3705.12,True,forward,pilot_free_der_m,,,0.0286462996479263,0.999054573972445,False,0,True,0,,True,0.9341087056834361,0.7365289249065522,0.9682626599025972,294614.1243757279,0.025908686822266744,0.14336338706961518,1.3146295103419685,1.9974266282609625,2.441999199820365e-06
3707.72,True,forward,pilot_free_der_m,,,0.028432560298275508,0.9990679298450647,False,0,True,0,,True,0.9343296369334535,0.7369047984133815,0.9670508709045184,294569.70646581263,0.026054465177898337,0.14284543819745477,1.3123145255488373,1.9975256386462932,2.4480774290221894e-06
3710.42,True,forward,pilot_free_der_m,,,0.0282193235212888,0.9990811440839862,False,0,True,0,,True,0.9345066530499578,0.737225854245694,0.9646160994606667,294553.4624914591,0.026224388928812712,0.14208645070732728,1.308440410635939,1.9988424510738705,2.457383937718808e-06
3713.22,True,forward,pilot_free_der_m,,,0.028005392751480045,0.9990942956593105,False,0,True,0,,True,0.9346480208447859,0.7375565277902141,0.9627079362329518,294490.6895794478,0.026378704896817668,0.14145939250157674,1.3052666473135444,1.9995826310158182,2.465551538589971e-06
3715.62,True,forward,pilot_free_der_m,,,0.027813574948733353,0.9991060475664569,False,0,True,0,,True,0.9348184903556388,0.7378762666776417,0.960562251781664,294431.9268869704,0.026529531203303567,0.14080773786480585,1.3017931259758322,2.0006495386556686,2.4743917817156426e-06
3718.42,True,forward,pilot_free_der_m,,,0.0276079325094077,0.9991185192382867,False,0,True,0,,True,0.9349382985466134,0.7380979752614811,0.9593965055023612,294438.53938396304,0.026653002594377414,0.14033379503342522,1.2998227032969194,2.0011059419966624,2.4791434744023547e-06
3726.02,True,forward,pilot_free_der_m,,,0.02709003222127579,0.9991494645099933,False,0,True,0,,True,0.9355065577344839,0.7390963766359637,0.952514395072268,294326.2396122249,0.02715477246981976,0.13817652417008577,1.288755330404524,2.0047572106494362,2.5070131642060757e-06
3733.8200000000006,True,forward,pilot_free_der_m,,,0.02659512329213173,0.9991784442124876,False,0,True,0,,True,0.9358790968635303,0.7400769997468475,0.9460668713271162,294130.6927888109,0.027610157190790647,0.13633169105295703,1.2783357294588673,2.0077480091026536,2.5344812906070047e-06
3742.02,True,forward,pilot_free_der_m,,,0.026143546517320728,0.999204275337408,False,0,True,0,,True,0.9362731142021558,0.741109764268237,0.9404039619684739,293985.93472972745,0.028083173596332108,0.13455708870669236,1.2689131992438631,2.0099301232852467,2.5595814625379844e-06
3744.42,True,forward,pilot_free_der_m,,,0.026065636784247732,0.9992086146834115,False,0,True,0,,True,0.9362862894401527,0.7412909343522059,0.939371564022385,293935.5726150495,0.02816905797760314,0.13425173562297982,1.2672103765079445,2.0102367748902896,2.564357215221207e-06
3746.92,True,forward,pilot_free_der_m,,,0.026055809251168488,0.9992090284366159,False,0,True,0,,True,0.9362029374991432,0.7412881451693755,0.9394387553715527,293907.09494798136,0.028175557534677542,0.13427197180807396,1.2673057858721082,2.010005066761507,2.564371499013454e-06
3749.42,True,forward,pilot_free_der_m,,,0.02603681656385049,0.99920995443228,False,0,True,0,,True,0.9361566080672368,0.7413056530369904,0.9386704637971529,293897.5908233977,0.02821672719974408,0.13408059208179257,1.2662394519070452,2.01056445848937,2.567057044088218e-06
3751.8200000000006,True,forward,pilot_free_der_m,,,0.02596819342616581,0.999213868732552,False,0,True,0,,True,0.9360922791867318,0.7413603185895891,0.9385812320295667,293857.6930043551,0.028240341241309017,0.13405025385156807,1.2660257212244421,2.010300837096358,2.5679910511880177e-06
3754.72,True,forward,pilot_free_der_m,,,0.025887655044153277,0.999218443788382,False,0,True,0,,True,0.9360669650517944,0.7414630166499928,0.9381191421672637,293805.67918456305,0.028285767533259096,0.13392189381899886,1.2652271537504105,2.0102895683206974,2.5705094137928846e-06
3757.12,True,forward,pilot_free_der_m,,,0.025811161426244972,0.999222791337968,False,0,True,0,,True,0.9360396940462841,0.7415336091544578,0.9373998070464118,293765.9949886788,0.02833213049311848,0.1337425472988812,1.2641366425930347,2.010641586280233,2.5735931023301137e-06
3759.92,True,forward,pilot_free_der_m,,,0.025708220115903162,0.9992286919641702,False,0,True,0,,True,0.9360245520563333,0.7416537609024076,0.9364408222438769,293724.0168260992,0.028396163914539516,0.13349680927730853,1.2626388101969064,2.0110581034381476,2.577755768982925e-06
3762.52,True,forward,pilot_free_der_m,,,0.025614345216970754,0.9992340508263062,False,0,True,0,,True,0.9359477265097048,0.7417301590277258,0.9365675716801282,293675.383004164,0.028417703132175322,0.13351230483223864,1.2626796420248019,2.010479653571776,2.5781766885965097e-06
3765.02,True,forward,pilot_free_der_m,,,0.025527184683056047,0.9992390094760665,False,0,True,0,,True,0.9359657273741865,0.7418609657793179,0.9349650526049325,293653.6329110344,0.028500873145028253,0.13311953539439983,1.260296869269514,2.011540793039012,2.5843487625714127e-06
3767.42,True,forward,pilot_free_der_m,,,0.025447276079892733,0.999243530166075,False,0,True,0,,True,0.9359100131196696,0.7419259213166969,0.9353779556530041,293649.471437522,0.02851793604996587,0.133169674390425,1.2607430590819466,2.0107788994434643,2.5833727252957498e-06
3770.02,True,forward,pilot_free_der_m,,,0.025361811381066558,0.9992483445504508,False,0,True,0,,True,0.9358403209242494,0.7419902207240101,0.935826927703585,293602.90325474925,0.02852792583704517,0.13325495833908152,1.2612388971790427,2.0099556515649923,2.5826485118420274e-06
3772.72,True,forward,pilot_free_der_m,,,0.025271840430034248,0.9992533995052993,False,0,True,0,,True,0.9357704220924657,0.7420238732247724,0.9362036788422523,293609.72941751656,0.028544835142058928,0.13329242904081037,1.2616894315995402,2.009318523984302,2.5815289349833065e-06
3775.3200000000006,True,forward,pilot_free_der_m,,,0.025179951146795162,0.9992585611106646,False,0,True,0,,True,0.9358275061347195,0.7422189226488176,0.9342112848399244,293544.10680592014,0.028645105231064668,0.13282551331077047,1.2586734942110178,2.010590426770604,2.5897281379332273e-06
3778.12,True,forward,pilot_free_der_m,,,0.025079194519360394,0.9992642073129354,False,0,True,0,,True,0.9357585243530033,0.7422928637006582,0.9337293515685955,293511.8968558628,0.02868836912691092,0.13269353945279447,1.2578988661072958,2.0106188943527328,2.59200473577048e-06
3780.62,True,forward,pilot_free_der_m,,,0.024990042098127926,0.9992691851404452,False,0,True,0,,True,0.9357842067712254,0.7424367440713868,0.9323355732291538,293453.3065835107,0.028765350473484313,0.13235551055856903,1.2557777893863344,2.0114556152426286,2.5979196534996505e-06
3783.02,True,forward,pilot_free_der_m,,,0.024910959617664437,0.9992735705276895,False,0,True,0,,True,0.9357803905122777,0.7425699389693878,0.9309612959508613,293398.9488834079,0.02883745383653732,0.13203694409996658,1.2537018361434638,2.0122550060801516,2.603692195180381e-06
3785.62,True,forward,pilot_free_der_m,,,0.02482569571691989,0.9992782845720231,False,0,True,0,,True,0.9356582518090513,0.7426163556990839,0.9316525113158594,293355.89224359184,0.028839530711557225,0.13217789204717828,1.2545542582870002,2.011151706621489,2.602020634928353e-06
3788.22,True,forward,pilot_free_der_m,,,0.024743746409862176,0.999282793103696,False,0,True,0,,True,0.9356892223178396,0.7427449960148732,0.931005417085599,293308.5873032502,0.028892699245921395,0.13200325833629947,1.2534657548429393,2.011346733221663,2.6052886192360937e-06
3790.8200000000006,True,forward,pilot_free_der_m,,,0.024665050927508723,0.9992871015689302,False,0,True,0,,True,0.9356121113074628,0.7427852815389584,0.9305774132030951,293301.3954524502,0.02893194040169781,0.1318748262708225,1.252821557361846,2.0114378106763606,2.6069974135543916e-06
3793.22,True,forward,pilot_free_der_m,,,0.02460422364485845,0.9992903869212746,False,0,True,0,,True,0.9355782483813349,0.7428756626558526,0.9299302188764347,293264.31501884985,0.028980533468331144,0.1317055463079617,1.2517979328490099,2.0116413669154825,2.6099758718762224e-06
3795.8200000000006,True,forward,pilot_free_der_m,,,0.024536542164319757,0.9992940406747888,False,0,True,0,,True,0.9355162077632317,0.7429428691450873,0.9302051568100519,293227.367017633,0.028997581932100634,0.13174713402050262,1.2520547614656419,2.010986651654195,2.609746815856806e-06
3803.62,True,forward,pilot_free_der_m,,,0.024344308122713616,0.9993043370395922,False,0,True,0,,True,0.935462144405289,0.7432920436337894,0.9275724456546112,293078.4970110833,0.02917462882316603,0.1310875590588554,1.2479246261266512,2.012072889914597,2.6217833650355133e-06
3811.3200000000006,True,forward,pilot_free_der_m,,,0.024089636349070947,0.9993180454791761,False,0,True,0,,True,0.934982503953904,0.7438191804333263,0.9258184086474538,292801.50859939435,0.029256283213895236,0.13115406320594322,1.244682085380079,2.0107262603862472,2.633021892658065e-06
3819.62,True,forward,pilot_free_der_m,,,0.023956818969252107,0.9993248332444843,False,0,True,0,,True,0.9350616921175184,0.744099665609918,0.9234663544224843,292670.64425976836,0.029451162688716167,0.1303636519995286,1.2410519680391796,2.0121118074526105,2.6436920786472857e-06
3822.12,True,forward,pilot_free_der_m,,,0.02389724183310167,0.9993279128786268,False,0,True,0,,True,0.9350169503594888,0.7441319428777026,0.9234461321370268,292690.1968033182,0.029498231682726833,0.13023276222348884,1.2409709608297173,2.0119121761233445,2.64375796758514e-06
3824.72,True,forward,pilot_free_der_m,,,0.02406822468143879,0.9993185682243662,False,0,True,0,,True,0.9347605968995099,0.7437484846899671,0.9251225141839142,292685.4466093144,0.029348121852502993,0.13078049903256642,1.2438647381843786,2.011193331820755,2.6360426823428233e-06
3827.3200000000006,True,forward,pilot_free_der_m,,,0.024252439642025808,0.9993084078960761,False,0,True,0,,True,0.9344554677126469,0.7432919944371339,0.9281938752843504,292717.737387058,0.02915102509127172,0.13162496025916778,1.248760759205049,2.0093084389342875,2.6229218210221065e-06
3829.72,True,forward,pilot_free_der_m,,,0.024434530731405304,0.9992983085127626,False,0,True,0,,True,0.9342075662860635,0.7429565537547428,0.9292477853618337,292656.23905092647,0.02901808644181352,0.1320705362818659,1.2507431028982987,2.009041125803096,2.6181236414237355e-06
3832.42,True,forward,pilot_free_der_m,,,0.02465047160741439,0.9992862260649005,False,0,True,0,,True,0.9338203546626036,0.7424152167051699,0.9322162149681522,292679.3565105158,0.028806458238531524,0.13292861117605517,1.2556534321929944,2.0074306385303538,2.6050711722123015e-06
3834.92,True,forward,pilot_free_der_m,,,0.024845447458238853,0.9992752614987587,False,0,True,0,,True,0.9334798615997032,0.7419299167549935,0.9345283331122491,292695.31789585075,0.028624389088453196,0.1336309602073495,1.259591117715849,2.0063496973327855,2.594628620416323e-06
3837.72,True,forward,pilot_free_der_m,,,0.02507128323868615,0.9992624548209714,False,0,True,0,,True,0.9331669901718511,0.7414293539612248,0.9365639775104637,292713.327706786,0.02844483650456991,0.13428114924520043,1.2631870757567067,2.0056604437762644,2.585039367406736e-06
3840.3200000000006,True,forward,pilot_free_der_m,,,0.025288981172445272,0.9992499976631656,False,0,True,0,,True,0.9328148435161229,0.7409124385448544,0.9399993827480545,292714.5530367972,0.028223960850989088,0.1352381892707147,1.2687050909743196,2.003641656601596,2.570956477288059e-06
3843.02,True,forward,pilot_free_der_m,,,0.025521914874655584,0.9992365427907116,False,0,True,0,,True,0.9324510506640096,0.7403969931978044,0.9422241148016263,292680.81139015505,0.028034360218838844,0.13595586460026005,1.2725931135026933,2.0027484774105804,2.5612114691239355e-06
3845.42,True,forward,pilot_free_der_m,,,0.025725416497912174,0.9992247142462086,False,0,True,0,,True,0.9320967102821472,0.7399257654802882,0.9451555340493446,292647.8293177251,0.027836073694525544,0.13680834005564615,1.2773653495304913,2.0010599199945163,2.549448349240231e-06
3848.22,True,forward,pilot_free_der_m,,,0.025972759767802025,0.9992102117348337,False,0,True,0,,True,0.9318112039789632,0.7394059857470481,0.9471168688022068,292673.0958410601,0.02766118813308761,0.13742966011217506,1.280915879853611,2.000620931504037,2.540096295529182e-06
3850.62,True,forward,pilot_free_der_m,,,0.026197739394644357,0.9991968933622377,False,0,True,0,,True,0.9314759918207016,0.7388750790616411,0.9499274659685438,292724.606031449,0.02747311874568523,0.13819997157255368,1.2856401479597008,1.999344637134565,2.5277718746061927e-06
3853.22,True,forward,pilot_free_der_m,,,0.02645996784886329,0.9991812081603966,False,0,True,0,,True,0.9311848601318276,0.7384418443164233,0.9523666130282187,292702.32019795815,0.027295073008213447,0.13893372951622007,1.2896975169518268,1.9981445578933121,2.5178523588039294e-06
3855.92,True,forward,pilot_free_der_m,,,0.026750704175885705,0.9991636212219864,False,0,True,0,,True,0.9308585321797772,0.7378619670978628,0.9551344967077601,292779.7186514441,0.0271020190378913,0.13969273529136483,1.2944622968771073,1.9971459781434968,2.5052907644612305e-06
3858.42,True,forward,pilot_free_der_m,,,0.02702928459156069,0.9991465904194753,False,0,True,0,,True,0.9305554163430327,0.7374182173186747,0.9580024971769878,292764.17419982527,0.0269165268583955,0.1405028209206929,1.2991304997324031,1.9955991149305938,2.4940064828763113e-06
3861.12,True,forward,pilot_free_der_m,,,0.02731835902376087,0.9991287706254273,False,0,True,0,,True,0.9302889441205054,0.7369589231358324,0.9606764358479404,292776.5904514998,0.026742261759009997,0.14123268295663555,1.303568497088234,1.994381996102939,2.4830639317595053e-06
3863.62,True,forward,pilot_free_der_m,,,0.02759366272116384,0.9991116274294845,False,0,True,0,,True,0.9298903597143351,0.7363826424870576,0.9633290240139957,292794.1815748517,0.026543622782663753,0.14202887821381005,1.3081908350805902,1.993366277139321,2.4715629255696596e-06
3866.42,True,forward,pilot_free_der_m,,,0.027893418478573163,0.9990928018681496,False,0,True,0,,True,0.9296019633742666,0.7358429057983672,0.9653977452695701,292861.69525500137,0.02637543641824384,0.1426432155586714,1.3119617484415955,1.992981053016984,2.4616876908754967e-06
3869.12,True,forward,pilot_free_der_m,,,0.02818047814009457,0.9990746049752832,False,0,True,0,,True,0.9292012910059971,0.7351779060845525,0.9696566796411679,292967.6249579592,0.026144320765869682,0.14368877600023527,1.318941540021808,1.9909083981466233,2.444159331055151e-06
3871.72,True,forward,pilot_free_der_m,,,0.028505254081387658,0.9990537154870918,False,0,True,0,,True,0.9288852298146115,0.7346993590766648,0.9720797244575519,292965.7724004739,0.02596876540473882,0.1444164989903922,1.3230986422517306,1.989943536386584,2.4342232017814833e-06
3874.42,True,forward,pilot_free_der_m,,,0.02883061515403169,0.9990325846566447,False,0,True,0,,True,0.928526770231648,0.7341384770721476,0.9750211572767128,292989.3730795348,0.025775484913654455,0.14523012515079237,1.3281161357530813,1.9887648325554135,2.422111370671731e-06
3882.42,True,forward,pilot_free_der_m,,,0.029831347196657747,0.9989661644562686,False,0,True,0,,True,0.9275048318148266,0.7324513465836561,0.9832974276706448,293111.06998429983,0.025222308790242173,0.14751860120536558,1.3424747353622875,1.985935093174466,2.387323205857548e-06
3890.42,True,forward,pilot_free_der_m,,,0.03095286752192036,0.9988891571011829,False,0,True,0,,True,0.9267581998668976,0.7305435103917679,0.9914637285668941,293366.5198509343,0.02471649873743688,0.14936234122025585,1.3571590390765402,1.9847830307192846,2.3510779373152633e-06
3898.42,True,forward,pilot_free_der_m,,,0.032071817339359224,0.9988096932408824,True,1,True,1,,True,0.925858050865745,0.7287851124094408,0.9999971208620624,293536.6649465486,0.02418597260559321,0.15154841760633192,1.3721426300215793,1.9825495528606631,2.3157817135349127e-06
3901.02,True,forward,pilot_free_der_m,,,0.032379089202608895,0.9987873665194383,True,1,True,1,,True,0.9257513818257951,0.7284654047417357,0.9999994248239171,293591.7901077144,0.024117873924707947,0.1516583866479793,1.372747996424688,1.9835673089669377,2.313606170061111e-06
3903.42,True,forward,pilot_free_der_m,,,0.0322560325330046,0.998796020484896,False,0,True,0,,True,0.9257952955806824,0.7285467733742185,0.9987150505655928,293591.78833419376,0.02419261096148492,0.15126165812958922,1.3708317531077752,1.9844132665244425,2.3176874933057066e-06
3906.02,True,forward,pilot_free_der_m,,,0.03214904656232843,0.9988032335953101,False,0,True,0,,True,0.9257660691621061,0.7286364339342366,0.999089503109711,293579.2056819807,0.02424755460865603,0.15113527467398577,1.3711769774058324,1.9836884587293444,2.3172110807887397e-06
3908.42,True,forward,pilot_free_der_m,,,0.03205209298570644,0.9988097442932905,False,0,True,0,,True,0.9258837218198308,0.7287914737225115,0.9988057287513114,293620.58700225485,0.024331186609602373,0.1508331888441378,1.3704959028261192,1.9835718587103586,2.318530485357946e-06
3911.22,True,forward,pilot_free_der_m,,,0.03190578127432667,0.9988198406123554,False,0,True,0,,True,0.9258698166357455,0.7288784836374297,0.9982479123698618,293626.90392513113,0.024410409139750948,0.1505105839387819,1.3695669920014075,1.9836678017225065,2.3205363635065942e-06
3913.8200000000006,True,forward,pilot_free_der_m,,,0.031764108859515444,0.9988296348364234,False,0,True,0,,True,0.9259488345560629,0.7289886178242846,0.9968327325638614,293650.1228304602,0.024506556613627307,0.15003094494766867,1.3674187884290643,1.9845900777110232,2.3249770844549533e-06
3916.52,True,forward,pilot_free_der_m,,,0.03161591389515957,0.9988398622278322,False,0,True,0,,True,0.9261012199040863,0.7292627159315088,0.9940590579934058,293583.8075172702,0.02464382774601842,0.14931925869577428,1.3631014396830432,1.9861749888353284,2.3349215039662952e-06
3919.22,True,forward,pilot_free_der_m,,,0.031469403119302804,0.9988499288470247,False,0,True,0,,True,0.9261109655779375,0.729251009476739,0.9946586561710077,293698.7784876041,0.02469460039273422,0.1491761634859128,1.3639455321216587,1.9857373451110878,2.3322257533343413e-06
3922.02,True,forward,pilot_free_der_m,,,0.031315655399295976,0.9988604535161688,False,0,True,0,,True,0.9262209654888203,0.7294891448234209,0.9925210132135704,293610.2162793815,0.024814657853128964,0.14858972950833665,1.3605699553676274,1.9868449137577011,2.3403600505669867e-06
3924.42,True,forward,pilot_free_der_m,,,0.031186534850666674,0.9988692472009386,False,0,True,0,,True,0.9261665736758096,0.7293681518585028,0.9937805666715539,293757.9913135929,0.024836532219762487,0.1485844898050456,1.3625225671552863,1.9861383544579656,2.3349076631006146e-06
3927.22,True,forward,pilot_free_der_m,,,0.031037746827146787,0.9988793378873326,False,0,True,0,,True,0.9263255554013473,0.7296501052833986,0.9911625610112119,293664.79148924863,0.02497198517516563,0.1479066988800953,1.3584080284977702,1.9875897809897907,2.3447144592286335e-06
3929.62,True,forward,pilot_free_der_m,,,0.03091120121799839,0.9988878845819855,False,0,True,0,,True,0.9263051416842363,0.7295980500479448,0.9910890305133101,293759.4677653778,0.025025104683478402,0.14767317797313742,1.358404165756997,1.9878111087865014,2.34388853830487e-06
3932.22,True,forward,pilot_free_der_m,,,0.03077420996413613,0.9988971048692091,False,0,True,0,,True,0.9264840796151902,0.729900491502377,0.9881263961485364,293658.75508489535,0.02516814309169289,0.14693810701996335,1.3537823410895982,1.9895309705340463,2.3549178978127795e-06
3934.8200000000006,True,forward,pilot_free_der_m,,,0.030634268901631366,0.998906502946291,False,0,True,0,,True,0.9264930812584469,0.7298396519803938,0.9882755318450821,293811.2441243235,0.025226500198274233,0.14669875890888773,1.3540995329089502,1.9896604533723146,2.3529322294842846e-06
3937.3200000000006,True,forward,pilot_free_der_m,,,0.030500213101496605,0.9989154719398532,False,0,True,0,,True,0.9265254294415348,0.7300163352706783,0.9872386491721713,293683.7383222334,0.02530586196836935,0.1463758760298685,1.3523514495139606,1.989924720023912,2.357929743060536e-06
3939.72,True,forward,pilot_free_der_m,,,0.03038802325632983,0.9989228832552915,False,0,True,0,,True,0.9265231112957705,0.7299858899370011,0.9880941233829816,293764.52675029135,0.02533836096808311,0.14632994344388742,1.3535797568200334,1.9893095266348166,2.3546273254160497e-06
3942.3200000000006,True,forward,pilot_free_der_m,,,0.03026696779522279,0.9989308546044471,False,0,True,0,,True,0.9266980743793053,0.7302562302216962,0.9844921990099615,293683.44356867525,0.025498053911370847,0.14545199695032487,1.3481462509550692,1.9917093134839188,2.3672598724395642e-06
3945.02,True,forward,pilot_free_der_m,,,0.030161162851523975,0.9989377058859692,False,0,True,0,,True,0.926730101242646,0.7303888012682446,0.9833163186631646,293629.9658198468,0.025589169528139867,0.14504708370599434,1.3462916147615318,1.9922710997302868,2.37186321609925e-06
3947.62,True,forward,pilot_free_der_m,,,0.0300699447902164,0.9989435408758064,False,0,True,0,,True,0.9268459950282606,0.730550153707325,0.9817316114173001,293607.01443957846,0.025696856115267275,0.14453337805271152,1.343825069963101,1.9932558523712136,2.377592686025582e-06
3950.12,True,forward,pilot_free_der_m,,,0.0299286704871297,0.998952895655659,False,0,True,0,,True,0.9269285409041885,0.7306817715436454,0.9810838014905294,293581.8813840023,0.025777286116906915,0.1442116046434369,1.3426964236672858,1.9934797927019074,2.3804246046164757e-06
3952.72,True,forward,pilot_free_der_m,,,0.02980380478849422,0.9989610579217542,False,0,True,0,,True,0.9269830791604023,0.7307542449483136,0.9806708253405328,293589.8606110004,0.025849268736423875,0.143926471027807,1.3419981233361098,1.9936716026142356,2.3819748104787626e-06
3960.72,True,forward,pilot_free_der_m,,,0.029434151233768458,0.99898500292007,False,0,True,0,,True,0.9272935946946256,0.731178791389545,0.9768565827797481,293500.801103896,0.02614600588842385,0.1425772744357697,1.3360023489238695,1.995995193870185,2.3963419325843412e-06
3969.02,True,forward,pilot_free_der_m,,,0.029105009675906464,0.9990059349445194,False,0,True,0,,True,0.9276891160974122,0.7315159047324193,0.9741612192392355,293449.1311846546,0.026442423490973713,0.14124729058035404,1.331702035372113,1.9978882974370735,2.4066702070051713e-06
3977.42,True,forward,pilot_free_der_m,,,0.028680160314507933,0.9990329751437197,False,0,True,0,,True,0.9276417440481621,0.7321720453424757,0.9700870599023342,293271.02177639276,0.02671644753000856,0.14029116087948568,1.3249441385713832,1.9988165488979701,2.4240095882456477e-06
3979.8200000000006,True,forward,pilot_free_der_m,,,0.02872830857370147,0.999029642537026,False,0,True,0,,True,0.9276417440481621,0.7321720453424757,0.9700870599023342,293271.02177639276,0.02671644753000856,0.14029116087948568,1.3249441385713832,1.9988165488979701,2.4240095882456477e-06
3982.52,True,forward,pilot_free_der_m,,,0.028982528289751626,0.9990128186107167,False,0,True,0,,True,0.9269882502059549,0.731542396817582,0.9746793609123269,293229.9685242306,0.02644750393448928,0.1416401825666646,1.3323620956932365,1.9958230459656072,2.407056241396927e-06
3985.02,True,forward,pilot_free_der_m,,,0.02919159860873631,0.9989991535574185,False,0,True,0,,True,0.9265493986147482,0.7310205049818759,0.977160268900932,293234.0951967237,0.026249036184859714,0.14247165197991568,1.336707058477325,1.9947445429579063,2.396752782214972e-06
3987.42,True,forward,pilot_free_der_m,,,0.029395678366518328,0.9989856880867285,False,0,True,0,,True,0.9261009205867594,0.7305390129390408,0.9815800360751736,293186.97782607214,0.026007935700624353,0.14369837541487876,1.3436380791303213,1.991827402533484,2.3813862604807877e-06
3990.12,True,forward,pilot_free_der_m,,,0.029590628871241923,0.9989727704707401,False,0,True,0,,True,0.9259081734266998,0.7303125641917956,0.9814459739221082,293087.5518503094,0.025906105918502335,0.14400348773186095,1.3438711341468303,1.9924092104574977,2.381357210383845e-06
3992.62,True,forward,pilot_free_der_m,,,0.029791107897658764,0.9989593078816992,False,0,True,0,,True,0.9255683017750849,0.7299253489660515,0.9836744361692992,293084.2335173084,0.025745889408575404,0.14472704497477465,1.347637039270778,1.9912694589834967,2.372701657301822e-06
3995.42,True,forward,pilot_free_der_m,,,0.03004967226245246,0.9989416740037846,False,0,True,0,,True,0.9251318535754335,0.7294491418033199,0.9874652598479139,293063.1124949769,0.025536031760533644,0.14578422653066692,1.3537136494625728,1.9889465568598232,2.3591740019032237e-06
3998.02,True,forward,pilot_free_der_m,,,0.030294554498851187,0.9989248379777899,False,0,True,0,,True,0.92480160223966,0.7290481080987722,0.9893077532098817,293047.78084178857,0.02538593667632518,0.14643102937639166,1.3569855572217593,1.98823391475907,2.3517503916880824e-06
4000.72,True,forward,pilot_free_der_m,,,0.030562570309679304,0.9989062583736028,False,0,True,0,,True,0.9244860634938491,0.7287601450985648,0.9912598957027146,292997.0399106486,0.0252445386802508,0.1471055951226849,1.3602004752450434,1.987026259906398,2.3449312492329637e-06
4003.12,True,forward,pilot_free_der_m,,,0.03080842491407033,0.9988890575851267,False,0,True,0,,True,0.924022627645327,0.7282483082911093,0.9945761498205204,292975.26011291164,0.025049851909650186,0.1480474513403118,1.3657102096870914,1.9852353157263383,2.332763720688103e-06
4006.02,True,forward,pilot_free_der_m,,,0.03110809520701607,0.9988679067812141,False,0,True,0,,True,0.9236264581688423,0.7278253944473252,0.997116093599282,292934.3190550614,0.02487506176577358,0.14886887765421278,1.3699935468127529,1.9839093825424587,2.3235168933865325e-06
4008.42,True,forward,pilot_free_der_m,,,0.03135256696605273,0.9988505153787989,False,0,True,0,,True,0.9232633218575174,0.7274232361381755,0.9992806301735088,292930.5535403061,0.024727897936757608,0.1495477840032392,1.373726574199911,1.9828970956527008,2.315194839255893e-06
4011.02,True,forward,pilot_free_der_m,,,0.03161261558739153,0.9988318873421707,True,1,True,1,,True,0.9229857398281163,0.7270868212030754,0.9999998071806802,292872.9662213391,0.02460961659792183,0.1499908162957011,1.3753513033368268,1.983017714740534,2.3117757956521434e-06
4013.62,True,forward,pilot_free_der_m,,,0.03187584506729298,0.9988128838888742,True,1,True,1,,True,0.922725941033542,0.72679163666498,0.9999998489963258,292820.68754641485,0.024512143672383597,0.15029804176181036,1.375909956235893,1.9836127160898562,2.3105781224449744e-06
4016.12,True,forward,pilot_free_der_m,,,0.03213424089372453,0.9987940809973129,True,1,True,1,,True,0.9224643653592846,0.7264759766651699,0.9999999673707065,292798.79617986694,0.024417846746024412,0.15058231344323436,1.3765079637748334,1.9842840512929236,2.3090274820108355e-06
4018.72,True,forward,pilot_free_der_m,,,0.032408852573875005,0.9987739365184128,True,1,True,1,,True,0.9222210077885441,0.7262479480600255,0.9999999999999983,292658.69188663707,0.024318070398993148,0.1509343899696399,1.3769402070893657,1.984652134081573,2.308886871963726e-06
4021.12,True,forward,pilot_free_der_m,,,0.032667557919140854,0.998754807071954,True,1,True,1,,True,0.9219872983192458,0.7259734064651543,0.9999999999996075,292601.8538309592,0.02422716239706661,0.1512236745298052,1.3774609250064949,1.9852230092069347,2.3078343505967657e-06
4023.92,True,forward,pilot_free_der_m,,,0.0329737177794698,0.99873198277347,True,1,True,1,,True,0.9216956039491352,0.7256660612514806,0.9999999999999936,292525.1667737845,0.024120574641908473,0.15157409634753613,1.3780443283724717,1.9857975207757885,2.3067576727611077e-06
4026.62,True,forward,pilot_free_der_m,,,0.03327476870783818,0.9987093401174918,True,1,True,1,,True,0.9214203417206224,0.7253599873332784,0.999999999999842,292444.83910229366,0.024016155028218914,0.15191510062941443,1.3786258098909663,1.9864026011111116,2.3057151733379565e-06
4029.22,True,forward,pilot_free_der_m,,,0.033584634986048904,0.9986857973951062,True,1,True,1,,True,0.9211436195267747,0.7250978942977448,0.9999999999998763,292359.5664418634,0.023918545737473425,0.15225104671204684,1.3791241263614114,1.9868324008721505,2.3049512713273498e-06
4031.8200000000006,True,forward,pilot_free_der_m,,,0.033900512788151406,0.9986615827784062,True,1,True,1,,True,0.920897954383047,0.7247722111372379,0.9999999999918339,292304.7861324218,0.02381645249269613,0.15257155003331882,1.3797438486538232,1.9875784562315642,2.3035970490601017e-06
4039.42,True,forward,pilot_free_der_m,,,0.03485203162391968,0.9985873405414815,True,1,True,1,,True,0.9201513905800621,0.7239024494924874,0.9999999999999986,292109.258234269,0.023523712892850122,0.15353688735927892,1.381401597274712,1.9893767407481142,2.3003605736883935e-06
4047.62,True,forward,pilot_free_der_m,,,0.03587450038073753,0.9985053804071784,True,1,True,1,,True,0.9190223977579024,0.723064814379901,0.9999999999999999,291788.2021259363,0.023173240954004495,0.15494084813845954,1.3830018832510858,1.990222191341416,2.2982777060530746e-06
4055.3200000000006,True,forward,pilot_free_der_m,,,0.036976457960770426,0.9984145870356407,True,1,True,1,,True,0.918601972997545,0.7219818724052238,0.999999999999965,291739.6369612965,0.022907535973542618,0.1555465066548701,1.3850763270115722,1.9935683535146935,2.2926839744240787e-06
4057.8200000000006,True,forward,pilot_free_der_m,,,0.03702741412388542,0.9984100566332881,True,1,True,1,,True,0.9184182373084666,0.7218789900613141,0.9999999999957585,291664.5338218358,0.022893201783517,0.15558562003944776,1.3852737283721497,1.9935744929025911,2.292705831013363e-06
4060.42,True,forward,pilot_free_der_m,,,0.03691587962495991,0.9984189562761195,True,1,True,1,,True,0.9184574577462444,0.7218783793205782,0.9999999999999999,291702.5628981518,0.022933910623512407,0.15541237551972628,1.385274900380291,1.9936620310935635,2.292403557720836e-06
4062.92,True,forward,pilot_free_der_m,,,0.036834899083796974,0.9984251237396887,True,1,True,1,,True,0.9184413414907373,0.7219062519190196,0.9999999999999943,291699.9612254782,0.022977251670955316,0.15525580829083513,1.3852214153038949,1.9935173446658498,2.292578013298904e-06
4065.72,True,forward,pilot_free_der_m,,,0.036733991490163376,0.9984329682148266,True,1,True,1,,True,0.9183887631820891,0.7219071791543973,0.9999999999999731,291686.67389159143,0.023014697289791684,0.1551185004597954,1.3852196360913305,1.9933995719759636,2.2926875716623277e-06
4068.3200000000006,True,forward,pilot_free_der_m,,,0.03663463708911289,0.9984407819301545,True,1,True,1,,True,0.9183389054272613,0.7218902044617144,0.9999999999999999,291672.94968178804,0.023044453430931307,0.1550028230873726,1.3852522084652212,1.9933581557538325,2.2927016494090835e-06
4070.92,True,forward,pilot_free_der_m,,,0.03651940208609314,0.9984499782515343,True,1,True,1,,True,0.9183083555420544,0.7218688618942741,0.9999999999999999,291667.3242845587,0.023071989135057917,0.15489000767481542,1.3852931644341535,1.993375836187959,2.292627924937191e-06
4073.42,True,forward,pilot_free_der_m,,,0.036387588618646514,0.9984606747757868,True,1,True,1,,True,0.9182770708530402,0.7218516434057224,0.9999999999999999,291657.8834926904,0.02309537486879578,0.1547902498773679,1.3853262081415558,1.993375689554978,2.2926069763452186e-06
4076.22,True,forward,pilot_free_der_m,,,0.03624153311045371,0.9984724828884399,True,1,True,1,,True,0.9182569161658303,0.7218658560574747,0.9999999999999999,291638.7485419459,0.023124014987795354,0.15468278456754228,1.385298932770662,1.9932760054907288,2.292835951388474e-06
4078.62,True,forward,pilot_free_der_m,,,0.03611116450791924,0.9984829933501471,True,1,True,1,,True,0.9182022860640641,0.7218285437875512,0.9999999999999992,291642.6265173247,0.023145534285400872,0.15458644389121526,1.385370540700479,1.993304253657495,2.2925992382433147e-06
4081.12,True,forward,pilot_free_der_m,,,0.03597217465587867,0.9984941960569534,True,1,True,1,,True,0.9181938172979983,0.7218755851847909,0.9999999999999999,291553.6670793033,0.02316730278298108,0.15452606320515577,1.3852802623100389,1.9931007512584258,2.2935588360752382e-06
4083.62,True,forward,pilot_free_der_m,,,0.03583805434450195,0.9985049708588013,True,1,True,1,,True,0.9181947075538365,0.7218056511018088,0.999999999999966,291614.3026863118,0.023191407206411458,0.15439078269416534,1.3854144789161793,1.993377896822137,2.292695366086405e-06
4086.12,True,forward,pilot_free_der_m,,,0.03571457872351844,0.9985148356294822,True,1,True,1,,True,0.9182791833125714,0.7218586089019268,0.9999999999998438,291655.3838610921,0.02322806645405908,0.1542498486623635,1.3853128405866333,1.9933528621969763,2.2926651212717765e-06
4088.92,True,forward,pilot_free_der_m,,,0.03558802776172362,0.998524881196516,True,1,True,1,,True,0.9182528032594144,0.7219031335015196,0.9999999999730758,291585.45339167095,0.023253792473493497,0.15417117658210228,1.3852273990316053,1.993120385023771,2.29346108910435e-06
4091.52,True,forward,pilot_free_der_m,,,0.03547741476275765,0.9985336130231101,True,1,True,1,,True,0.9182506679181063,0.7219324549602606,0.9999999999693152,291574.972941138,0.023284162908255808,0.15405915407074758,1.3851711376853961,1.993000375153517,2.2937056033761756e-06
4094.22,True,forward,pilot_free_der_m,,,0.035365429957659546,0.9985424190689222,True,1,True,1,,True,0.9182731517833511,0.7220128797945898,0.9999999999997308,291511.71211960237,0.023313861896997065,0.1539735235959557,1.3850168438604964,1.992732750658632,2.2946479696267454e-06
4096.62,True,forward,pilot_free_der_m,,,0.03526110991353335,0.9985506201335319,True,1,True,1,,True,0.9182993240679829,0.7220282411583084,0.9999999999999999,291548.3623595837,0.023344618827994153,0.15384749879135284,1.3849873772191477,1.992729114145411,2.294444415792321e-06
4099.12,True,forward,pilot_free_der_m,,,0.03515368679329694,0.9985590394319602,True,1,True,1,,True,0.9182690996363273,0.7220012710625825,0.9999999999997009,291569.2818866307,0.023369370286940076,0.15373538962090308,1.3850391129200958,1.9927696266572734,2.2941307363393276e-06
4101.62,True,forward,pilot_free_der_m,,,0.03504509768303135,0.998567532404288,True,1,True,1,,True,0.9183170659918227,0.7220727219601184,0.9999999999999999,291552.702702616,0.023401675782504235,0.15362956976976244,1.384902059844371,1.9925926332047144,2.2946560921469685e-06
4104.22,True,forward,pilot_free_der_m,,,0.03493065216613542,0.9985764635362604,True,1,True,1,,True,0.9183274025103869,0.7221060559284127,0.999999999999839,291559.5288010422,0.023432385436805137,0.1535175024547762,1.3848381297870958,1.9924839412847777,2.294786579997331e-06
4106.62,True,forward,pilot_free_der_m,,,0.03483363084774708,0.9985839842074702,True,1,True,1,,True,0.9183432778563201,0.7221112496097322,0.9999999999762889,291574.17538254894,0.023458722760467128,0.15340942750922254,1.3848281695053812,1.9924979569066452,2.294700005617058e-06
4109.12,True,forward,pilot_free_der_m,,,0.03472685621626095,0.9985922577419917,True,1,True,1,,True,0.9183241540185422,0.7221674331857655,0.9999999999999999,291537.4336463829,0.023487756990179787,0.15332004158733042,1.3847204319206217,1.992235491669052,2.2952996804706394e-06
4116.820000000001,True,forward,pilot_free_der_m,,,0.03440695945923042,0.9986168855605627,True,1,True,1,,True,0.9183752121268797,0.7222619831308603,0.9999999999999999,291537.78489562665,0.023578302231899162,0.15298335279639613,1.3845391607975837,1.9919744352856112,2.295819343505549e-06
4124.62,True,forward,pilot_free_der_m,,,0.03415569331913554,0.9986359600876761,True,1,True,1,,True,0.918695831295695,0.7221531560446415,0.9999999999999996,291650.41274827893,0.023698623848114435,0.1522639288697501,1.384747808175725,1.9930979903075217,2.294331666367483e-06
4132.820000000001,True,forward,pilot_free_der_m,,,0.033854822851469846,0.9986586902948208,True,1,True,1,,True,0.9187669812869679,0.7222217117833006,0.9999999999999999,291670.868056399,0.02380006651481657,0.15185074026772163,1.3846163632090382,1.9929826171511495,2.2945494063104868e-06
4135.320000000001,True,forward,pilot_free_der_m,,,0.03394298319698462,0.9986518547380254,True,1,True,1,,True,0.9187583774436198,0.7220792289918678,0.9999999999999999,291654.82327917666,0.023775080713102914,0.1518692722366123,1.384889579771117,1.9935245958859042,2.2938885853366085e-06
4137.92,True,forward,pilot_free_der_m,,,0.033828398282496425,0.9986604966232279,True,1,True,1,,True,0.9187754288275182,0.722117129306367,0.9999999999999999,291666.28820457397,0.02381367981225223,0.15172209432825998,1.3848168938473384,1.9934124421399793,2.2940077822779586e-06
4140.42,True,forward,pilot_free_der_m,,,0.03372014427586439,0.998668631593001,True,1,True,1,,True,0.9188134060771294,0.7221474549405024,0.9999999999999999,291683.33465419186,0.02385123682230898,0.1515726571639536,1.3847587402802517,1.9933755012790402,2.294041219372385e-06
4143.12,True,forward,pilot_free_der_m,,,0.03356221202097892,0.9986805359669942,True,1,True,1,,True,0.9188774503363802,0.7222371099511085,0.9999999999983705,291708.51811844384,0.023905531040889695,0.15137988483671366,1.38458684304669,1.9931616606463491,2.2943382841660097e-06
4145.72,True,forward,pilot_free_der_m,,,0.033420905539433596,0.9986910812511176,True,1,True,1,,True,0.9189146686312751,0.7223439106776974,0.9999999999996683,291688.00028601004,0.02395741438166677,0.15121234135878012,1.3843821277062833,1.992822221644796,2.295089408394163e-06
4148.22,True,forward,pilot_free_der_m,,,0.0332920143071869,0.998700622923342,True,1,True,1,,True,0.9189593023405356,0.7224452202857164,0.9999999999999999,291692.9727498613,0.024010908461062803,0.15103441890362335,1.3841879936647856,1.9925205303516884,2.2956095876008448e-06
4151.02,True,forward,pilot_free_der_m,,,0.033173692473158926,0.9987091677313966,True,1,True,1,,True,0.9190016762084732,0.7224857559610345,0.9999999999992581,291732.57626340684,0.02406929641676422,0.1508129830968445,1.3841103326239013,1.9924529853437192,2.2955216805076312e-06
4153.72,True,forward,pilot_free_der_m,,,0.0330607912700073,0.9987172931831084,True,1,True,1,,True,0.9190233309652682,0.7225730065228909,0.9999999999987886,291722.44210940093,0.02412689398370779,0.1506224581149887,1.3839432015470798,1.9921568336438358,2.296082948729198e-06
4156.22,True,forward,pilot_free_der_m,,,0.032968276707465695,0.9987238861839484,True,1,True,1,,True,0.9190764741283852,0.7226926365160378,0.9999999999984647,291725.737236871,0.02418423911067023,0.15043983392993027,1.3837141122943668,1.9918016930205602,2.2967171076313892e-06
4158.72,True,forward,pilot_free_der_m,,,0.03288037380948584,0.9987300903915801,True,1,True,1,,True,0.919106824709548,0.7227741335064367,0.9999999999971448,291750.03366895067,0.02424084061906157,0.15024619195392377,1.383558090472588,1.991547120508112,2.296975407550598e-06
4161.42,True,forward,pilot_free_der_m,,,0.03278324734447267,0.9987369332954943,True,1,True,1,,True,0.9191003457078893,0.7228448509725295,0.9999999999999925,291756.4734842038,0.02429778318480665,0.15005377652416896,1.3834227340134928,1.9912551588287017,2.297314749171855e-06
4163.820000000001,True,forward,pilot_free_der_m,,,0.03268953229549134,0.9987435637867094,True,1,True,1,,True,0.9191183753128587,0.7229078862452909,0.9999999999999942,291768.2314085119,0.024349340119552497,0.14987650905675504,1.3833021039428568,1.9910465239129194,2.2975697856564546e-06
4166.52,True,forward,pilot_free_der_m,,,0.03257589973359083,0.9987516318136915,True,1,True,1,,True,0.9190824379684099,0.72291441011758,0.9999999999997635,291776.1469500728,0.02439882255352842,0.14968996716127558,1.3832896204643594,1.9909430420408365,2.2975434288043484e-06
4169.12,True,forward,pilot_free_der_m,,,0.03246139223752565,0.9987597688489367,True,1,True,1,,True,0.9191124519445631,0.7230101615301563,0.999999999999973,291788.1139530562,0.024457711906410603,0.14949913264510753,1.3831064253420782,1.9906318848955131,2.2979771171036414e-06
4171.52,True,forward,pilot_free_der_m,,,0.032355298808259735,0.9987672908295859,True,1,True,1,,True,0.9191084318104225,0.7230199359522256,0.9999999999994967,291814.59187108866,0.024504936055178582,0.14931827968481154,1.3830877272871946,1.9905847827070977,2.2978224896659695e-06
4174.12,True,forward,pilot_free_der_m,,,0.03225336390149913,0.9987744308292478,True,1,True,1,,True,0.9190929734340416,0.7230579099958728,0.9999999999979773,291815.38164851913,0.02455575358860393,0.14914006324458545,1.3830150893497386,1.990402146972057,2.2980255892805786e-06
4176.62,True,forward,pilot_free_der_m,,,0.03215647580623247,0.9987811953976651,True,1,True,1,,True,0.9190819428505889,0.7230998745165773,0.9999999999955516,291813.9551221381,0.024605286636961446,0.14896828435570006,1.3829348271759743,1.990213446439423,2.298268122527247e-06
4179.42,True,forward,pilot_free_der_m,,,0.032054141732872465,0.9987882872594646,True,1,True,1,,True,0.9190633620150591,0.7231546165536953,0.9999999999999999,291797.26715290366,0.02466002836465538,0.14878422404621966,1.3828301404831707,1.989958244842892,2.2987012788997932e-06
4182.02,True,forward,pilot_free_der_m,,,0.031964526327662446,0.9987944521816817,True,1,True,1,,True,0.9190539724611367,0.7232272484661677,0.9999999999956352,291764.02311051736,0.024711671056743868,0.14861925988954455,1.3826912662879498,1.9896527434952962,2.2993635171346936e-06
4184.72,True,forward,pilot_free_der_m,,,0.031858187068473244,0.9988018418454498,True,1,True,1,,True,0.9191287530106624,0.7233055378098838,0.999999999793212,291779.25477285765,0.024771736912105508,0.14840978756294668,1.38254160589056,1.9895072825597055,2.299674907000482e-06
4187.320000000001,True,forward,pilot_free_der_m,,,0.03176626103475671,0.9988081597583128,True,1,True,1,,True,0.9191343433357226,0.7233348138811719,0.9999999999999987,291808.572288591,0.024825549228371373,0.14821265167994946,1.382485649535288,1.9894044633847707,2.2996051594860425e-06
4194.820000000001,True,forward,pilot_free_der_m,,,0.03150830755271652,0.9988257748833197,True,1,True,1,,True,0.9191081713264234,0.7235120764806994,0.9999999999999227,291751.07766666205,0.024974419335659078,0.147728033677839,1.3821469364604297,1.9886521855791874,2.3010349851114334e-06
4202.42,True,forward,pilot_free_der_m,,,0.03125164189737594,0.9988431613454886,True,1,True,1,,True,0.9191145893946009,0.7236791328305798,0.9999999999996371,291733.30670013314,0.025125207923968648,0.14724005498359638,1.3818278773470543,1.9880107603073043,2.302095344404205e-06
4210.320000000001,True,forward,pilot_free_der_m,,,0.030953389334594534,0.9988633517250084,True,1,True,1,,True,0.9191205936746615,0.7236221129674494,0.9999963033371373,291733.30669438926,0.02513977055112479,0.14733170163206993,1.3819316538522088,1.9882504457780674,2.301791789905534e-06
4212.820000000001,True,forward,pilot_free_der_m,,,0.030815121762829013,0.9988728227639919,False,0,True,0,,True,0.918978472631957,0.7243045934107337,0.9968817278485355,291567.8359790172,0.025394036377259656,0.1463609821998551,1.3763294295211388,1.987849235377617,2.315739614441405e-06
4215.42,True,forward,pilot_free_der_m,,,0.030816410388690648,0.9988724187078372,False,0,True,0,,True,0.9188989429231553,0.724331087098605,0.9962951307981787,291567.7958400953,0.025423341060682947,0.14624386874139106,1.3754692412677718,1.9880611638102934,2.3175657540691023e-06
4217.92,True,forward,pilot_free_der_m,,,0.03082802227896025,0.998871210263984,False,0,True,0,,True,0.9186676251783642,0.7242860333369583,0.9977907560075485,291462.0159421514,0.025387183985730952,0.14658433080764785,1.3776197663380154,1.9864949877196703,2.313878336477184e-06
4220.320000000001,True,forward,pilot_free_der_m,,,0.03084061663795528,0.9988699904858445,False,0,True,0,,True,0.9186024895015839,0.7242629605125864,0.9977449772853036,291464.56940744916,0.025396297921238407,0.14657360987900278,1.3776004458093016,1.9864824198708835,2.3138617115091398e-06
4222.92,True,forward,pilot_free_der_m,,,0.030851454293148187,0.9988689063004321,False,0,True,0,,True,0.9183958377428981,0.7241955843830076,0.9982690869927339,291388.1826082153,0.025375925314310474,0.14673918792369792,1.3784523249243898,1.9858648954255895,2.31259989192445e-06
4225.320000000001,True,forward,pilot_free_der_m,,,0.0308618228338113,0.9988678783052893,False,0,True,0,,True,0.9182035207645253,0.7241371690443683,0.9988338842091895,291322.3374003987,0.02535640847347292,0.14690454127979916,1.379343482019206,1.9852101728772302,2.311188971951169e-06
4227.92,True,forward,pilot_free_der_m,,,0.030856403060789805,0.9988680259834073,False,0,True,0,,True,0.9181161345000677,0.7240973256463501,0.9984057210474286,291322.33708617307,0.02536707273495279,0.14684323455608933,1.3788280741904728,1.9855314901432937,2.312190778950572e-06
4230.52,True,forward,pilot_free_der_m,,,0.030851331144726695,0.9988681482743186,False,0,True,0,,True,0.9180060410436222,0.724123249042653,0.9983296837375635,291248.2068330368,0.02537049342416912,0.14688194535095056,1.3786737065236236,1.9852548993543753,2.3131393668323016e-06
4233.22,True,forward,pilot_free_der_m,,,0.030835862337573794,0.9988690060706603,False,0,True,0,,True,0.917806399690683,0.7240872859589218,0.9981131034151002,291133.00334046717,0.025365163102372128,0.14693128933630137,1.3784430727757926,1.9851431675683517,2.3144750649349086e-06
4235.62,True,forward,pilot_free_der_m,,,0.030820089990609287,0.9988699245407371,False,0,True,0,,True,0.9176601927534952,0.7239390477624084,0.9990487544276311,291166.5812106567,0.02533632536922821,0.14711690293006713,1.3800177756891927,1.9846329895435626,2.3107195113846558e-06
4238.22,True,forward,pilot_free_der_m,,,0.03080571088465202,0.9988707278007918,False,0,True,0,,True,0.9175781718267192,0.7239065701674806,0.9983717095020642,291166.5786105286,0.02535397540213518,0.1470083349672773,1.3791444236665573,1.985142557601087,2.3124722198207004e-06
4240.820000000001,True,forward,pilot_free_der_m,,,0.030798249641834943,0.9988710300915353,False,0,True,0,,True,0.9174021348695436,0.7238952405990053,0.9990784971747205,291044.591831725,0.025329886458511187,0.1472282274418115,1.380142375778031,1.9842217057376452,2.3113613862239186e-06
4243.42,True,forward,pilot_free_der_m,,,0.03079957913999789,0.9988706909746322,False,0,True,0,,True,0.9172537117796621,0.7237881187486336,0.9996543085616301,291052.03736761725,0.02531081787402781,0.14736143913241168,1.381142191571126,1.983844402058151,2.3090697422920152e-06
4246.12,True,forward,pilot_free_der_m,,,0.030807696496571106,0.9988698454463665,False,0,True,0,,True,0.9171555673633489,0.7238444592713033,0.9989658980913795,290941.3583844613,0.025327600127298386,0.1473028481463596,1.380083642688986,1.9839800760857538,2.31222239281064e-06
4248.62,True,forward,pilot_free_der_m,,,0.030817074134600542,0.9988689255256336,False,0,True,0,,True,0.9170937752706153,0.7238372880340274,0.9984734640807046,290941.3581094221,0.025343365315657094,0.14722754995866802,1.3794170051567813,1.9842814484522582,2.313588899815487e-06
4251.02,True,forward,pilot_free_der_m,,,0.030811972984154112,0.9988690775547584,True,1,True,1,,True,0.916899340951587,0.7237411183893829,0.999977636446646,290889.7246037279,0.025298151137719056,0.1475641027391193,1.3816786293308871,1.9829951972301236,2.30917747527952e-06
4253.42,True,forward,pilot_free_der_m,,,0.030808117133037643,0.9988691383330537,False,0,True,0,,True,0.9168038543236483,0.7237662603356788,0.9996525889874711,290827.98034655565,0.02530882556962392,0.1475467362684554,1.381181527477998,1.98295835666375,2.310732824392227e-06
4256.02,True,forward,pilot_free_der_m,,,0.03079372012891526,0.9988699540214818,False,0,True,0,,True,0.9167023802574524,0.7237157186599069,0.9992488640479643,290827.97983137803,0.025317670758959025,0.14749406341939486,1.3807201340026962,1.9832696251186752,2.3116049035388317e-06
4258.72,True,forward,pilot_free_der_m,,,0.030770879668788616,0.9988713767817854,False,0,True,0,,True,0.9165773221366943,0.7236931393907708,0.9989296664968494,290774.57353888423,0.025322097183934435,0.14748795298972894,1.3803221450154715,1.9833508534772633,2.312815820865224e-06
4261.22,True,forward,pilot_free_der_m,,,0.030777650232838013,0.9988706436126813,False,0,True,0,,True,0.9164764304022215,0.7236642870472167,0.9986219249214897,290774.57229427836,0.025330385659980442,0.14745880315837487,1.3799519235586277,1.983499522495205,2.3135353779046713e-06
4263.92,True,forward,pilot_free_der_m,,,0.03076543058661006,0.9988712760105117,True,1,True,1,,True,0.9162452213690488,0.7235181034465825,0.9999999463332324,290778.745227607,0.02529008137814856,0.14774795104069735,1.3821353488870407,1.9824341612828693,2.308762860115666e-06
4271.62,True,forward,pilot_free_der_m,,,0.030735013863201703,0.9988727549869195,True,1,True,1,,True,0.9158535590233359,0.723429070301797,0.9999999987820751,290682.5970443616,0.025287223963106724,0.14786700180031498,1.3823055221777298,1.9819348107711097,2.3090340753771637e-06
4279.12,True,forward,pilot_free_der_m,,,0.030680770097876654,0.9988759497513899,True,1,True,1,,True,0.9158584900938389,0.7233907276148088,0.9999939238579422,290682.5970429807,0.025295733329374088,0.147945706777561,1.3823703922155042,1.982100424823961,2.308839348266838e-06
4287.42,True,forward,pilot_free_der_m,,,0.030703738463960878,0.9988735453819954,True,1,True,1,,True,0.9151315270044462,0.7231301569595942,0.9999941969030316,290551.2958915911,0.025289600749728205,0.1479723659520266,1.3828688892017922,1.9815454366224579,2.308439952099324e-06
4289.820000000001,True,forward,pilot_free_der_m,,,0.030673555837740486,0.9988754431485279,True,1,True,1,,True,0.9151098340866263,0.7230895123436268,0.999999946527249,290551.9680023084,0.02530878439837838,0.14788542544211786,1.3829545712620275,1.981652660977481,2.3081932414149967e-06
4292.52,True,forward,pilot_free_der_m,,,0.030586458801417735,0.9988813140917514,True,1,True,1,,True,0.9150859864550731,0.7230873275016616,0.9999999998929238,290580.5469116041,0.02535175356897872,0.1477291865744168,1.3829588237260677,1.9816095187854146,2.307953982772526e-06
4295.02,True,forward,pilot_free_der_m,,,0.03050765899265306,0.9988865994150912,True,1,True,1,,True,0.9150668506351478,0.7231196026059071,0.9999999999999996,290558.2873184892,0.0253913844047803,0.1476029916231513,1.3828970980682838,1.9814418834069008,2.308309448643257e-06
4297.42,True,forward,pilot_free_der_m,,,0.03042901970353528,0.9988918562626782,True,1,True,1,,True,0.915031838374281,0.7231162174843401,0.9999999999905951,290587.6159577044,0.025433118496893885,0.14745233486998277,1.3829035718069085,1.981379304524619,2.3080577384185933e-06
4300.22,True,forward,pilot_free_der_m,,,0.03032833126933536,0.9988985925656363,True,1,True,1,,True,0.9149814127280574,0.7231877354791173,0.9999999998261226,290526.18578342476,0.025480338225312756,0.14732460890137264,1.3827668124980232,1.9809905352611514,2.308941652974296e-06
4302.72,True,forward,pilot_free_der_m,,,0.0302366261102695,0.9989047304488452,False,0,True,0,,True,0.9150448916229867,0.7232722960788415,0.9995708802840425,290571.2463442723,0.02554941429355875,0.14705414446323922,1.3820118449208272,1.9811506271216912,2.3102750793564667e-06
4305.52,True,forward,pilot_free_der_m,,,0.030133442508150848,0.9989116260830714,False,0,True,0,,True,0.9150525545394173,0.7233523890245166,0.9989566371497969,290563.035540106,0.025618952937188227,0.14677323436025216,1.3810096604463404,1.9813602529633685,2.312537145374675e-06
4308.12,True,forward,pilot_free_der_m,,,0.030038336699104752,0.9989179625447326,False,0,True,0,,True,0.915179892788536,0.7235715101724878,0.9965832288821662,290530.10344242345,0.02573894832069929,0.14617299304853823,1.37731131598119,1.982740875554002,2.320811822473538e-06
4310.820000000001,True,forward,pilot_free_der_m,,,0.02994186783574578,0.9989243662623561,False,0,True,0,,True,0.9151803725046175,0.7236517889909437,0.9967677522977648,290506.3096397917,0.025787504801418077,0.14605384779569663,1.3774135122192575,1.982275556554422,2.320916443939552e-06
4313.320000000001,True,forward,pilot_free_der_m,,,0.029848321269150546,0.9989305936143412,False,0,True,0,,True,0.9152823503526949,0.7238129411987723,0.9942134082906675,290511.86576599086,0.025904334518990182,0.14542194982177015,1.3735778288849885,1.9839869164227015,2.3291212144676888e-06
4316.12,True,forward,pilot_free_der_m,,,0.02974534057480003,0.9989374294302797,False,0,True,0,,True,0.9153796251590831,0.7240101575745996,0.99407411967295,290479.6179508379,0.025977545797538144,0.1452186954752064,1.373011288961818,1.9835436528749049,2.3308747457493533e-06
4318.62,True,forward,pilot_free_der_m,,,0.02965374038916498,0.9989434924086532,False,0,True,0,,True,0.9153433818861195,0.723938803663375,0.9952670348014107,290616.6084050176,0.026000713872172735,0.14522264861880843,1.374794429812331,1.9827520791299325,2.3259398298974695e-06
4321.22,True,forward,pilot_free_der_m,,,0.029558182468150247,0.998949803856655,False,0,True,0,,True,0.9153871914526092,0.7240939332520695,0.9938767134102525,290550.7535043627,0.02608870070005423,0.14482613142339187,1.3725798101173525,1.9833973678012047,2.3313384597125172e-06
4324.02,True,forward,pilot_free_der_m,,,0.029455886424384854,0.9989565401902281,False,0,True,0,,True,0.9155986693080703,0.7244386074246155,0.9903208600165861,290472.1606348158,0.026250065254284,0.14400327888554196,1.3670183364980837,1.9854814353922785,2.3442023722508963e-06
4326.72,True,forward,pilot_free_der_m,,,0.029358124322821116,0.9989629570189857,False,0,True,0,,True,0.9157233775871982,0.7246145365446335,0.9888950960924155,290491.9447579304,0.026353560915081932,0.14354191245971032,1.364718821137676,1.986262602986704,2.349180495497731e-06
4329.12,True,forward,pilot_free_der_m,,,0.029275689876217946,0.9989683326713685,False,0,True,0,,True,0.9157319633268087,0.724680531276063,0.988248005513995,290491.9435877449,0.026413762044446166,0.14328913633417567,1.3637016076226387,1.9865681906029216,2.351440123749937e-06
4331.62,True,forward,pilot_free_der_m,,,0.0291901858243853,0.9989738947271237,False,0,True,0,,True,0.9157627455893077,0.7248244943778585,0.987969152365052,290450.8196657863,0.02647923223081513,0.1430868407800925,1.3630460339410295,1.9863084516326879,2.353388140860782e-06
4334.320000000001,True,forward,pilot_free_der_m,,,0.0291040160564505,0.9989794554657166,False,0,True,0,,True,0.9158511441549734,0.7249326588854987,0.9870792896716781,290484.5709518333,0.026561818183171812,0.14273296853701503,1.3616151480734775,1.9868286574560792,2.356325078983329e-06
4337.02,True,forward,pilot_free_der_m,,,0.029023252353033123,0.9989846277259457,False,0,True,0,,True,0.9160090044158775,0.7251906457271141,0.9839715858008559,290444.70750698855,0.026713598518184407,0.14195820964454078,1.3568453917580174,1.9887956958803337,2.3672404356486623e-06
4339.62,True,forward,pilot_free_der_m,,,0.028922066447243662,0.9989912344145924,False,0,True,0,,True,0.9160350368859693,0.7252994430056781,0.9849527494845887,290412.2172324243,0.026743826161159064,0.14200084614727576,1.357994631021491,1.9875963086581867,2.3652084856750298e-06
4342.22,True,forward,pilot_free_der_m,,,0.02883059948170263,0.9989971506862486,False,0,True,0,,True,0.9160821474826296,0.7254252938753383,0.9841372813029423,290396.23681856174,0.026822699069924308,0.14168558701330455,1.3566349141832692,1.987899792621939,2.3684464954679538e-06
4349.92,True,forward,pilot_free_der_m,,,0.028562588131946516,0.9990143905209417,False,0,True,0,,True,0.9163748361205538,0.7259077895920035,0.9803742407147966,290373.41573138617,0.027106585444914996,0.14046090202376538,1.3505492774306995,1.9898619237416821,2.382490372709842e-06
4357.820000000001,True,forward,pilot_free_der_m,,,0.0282813794737664,0.9990323626067794,False,0,True,0,,True,0.9165347418638009,0.7263428932083658,0.9780990216896764,290311.2838479275,0.027340319549652402,0.13959743455763413,1.3466078223320477,1.9904661160136592,2.3922242050658955e-06
4365.62,True,forward,pilot_free_der_m,,,0.02796942563089091,0.9990522436218487,False,0,True,0,,True,0.9164304499228573,0.7268370285809467,0.9765360783991287,290146.4656385464,0.027518764929708315,0.13915252922931448,1.3435420046027189,1.9896635140595376,2.4010274813450245e-06
4368.22,True,forward,pilot_free_der_m,,,0.027847383127780193,0.9990600038686253,False,0,True,0,,True,0.9165667184978058,0.7271604800411325,0.9737809318286785,290124.7280826342,0.02766600111149646,0.1385066893993662,1.339155466443385,1.9910828107615945,2.4113349732513005e-06
4370.72,True,forward,pilot_free_der_m,,,0.027748627705106152,0.9990662339558064,False,0,True,0,,True,0.9165615192847308,0.7273836640303731,0.9724814733201604,290003.5283062867,0.027745488114692646,0.13823011846380379,1.3369580888464287,1.9913320092798346,2.417532262967661e-06
4373.42,True,forward,pilot_free_der_m,,,0.027630591371021983,0.999073782806492,False,0,True,0,,True,0.9166232787962488,0.7276330697396455,0.9717654335740892,289939.93288270285,0.027814434035079678,0.13805359591453487,1.3355157619784883,1.9911208034289816,2.4216297809804926e-06
4376.02,True,forward,pilot_free_der_m,,,0.027518458987161057,0.9990809417000511,False,0,True,0,,True,0.9165539889947273,0.7277452994249679,0.9714129830705979,289887.70894054876,0.02785603433587102,0.1379630062225515,1.3348254998529916,1.9908416393972264,2.4237650517049114e-06
4378.72,True,forward,pilot_free_der_m,,,0.027409408460288564,0.999087885193577,False,0,True,0,,True,0.9165392233131218,0.7278070163532345,0.9710114347831159,289941.0757427798,0.027902106326391177,0.13781710981778345,1.3341605851074185,1.990919737413954,2.424888196503989e-06
4381.12,True,forward,pilot_free_der_m,,,0.027313892903605565,0.999093939558935,False,0,True,0,,True,0.9165261270141151,0.7279337698189979,0.9703346440785421,289892.10658420547,0.027951288666560718,0.13766222059295918,1.3329985285884147,1.990989571771972,2.4280720081258926e-06
4383.72,True,forward,pilot_free_der_m,,,0.02721749474866531,0.9991000012065363,False,0,True,0,,True,0.9164642891177982,0.7280788892233923,0.9696725263635045,289801.9487445307,0.02799770177307749,0.13753983489706476,1.3318234338559232,1.9908704772539736,2.431662713798073e-06
4386.320000000001,True,forward,pilot_free_der_m,,,0.027123111179340166,0.9991059123631221,False,0,True,0,,True,0.9164475099079981,0.7282105419956356,0.9684966087230451,289754.9155777871,0.028059623414849622,0.13729397689364956,1.3299678497772278,1.9913514492482618,2.4364014218319537e-06
4388.820000000001,True,forward,pilot_free_der_m,,,0.027032057994018466,0.9991115960608381,False,0,True,0,,True,0.9163677198898275,0.7282463521008518,0.9690282049872245,289756.204949857,0.02807378843965571,0.1373599912953435,1.330632418812347,1.9905747972941665,2.4349549114675842e-06
4391.42,True,forward,pilot_free_der_m,,,0.026942770899592464,0.99911713058795,False,0,True,0,,True,0.9163065685003355,0.7282926537502092,0.9689425429824587,289757.5981180648,0.028104509824264448,0.13730493285756493,1.3304302027393344,1.9903375689785905,2.4354635463344534e-06
4394.02,True,forward,pilot_free_der_m,,,0.026852282360671113,0.9991227221327272,False,0,True,0,,True,0.9163403673579729,0.7284627109719486,0.9667991399625773,289684.8122662464,0.028198017092517184,0.13686029232696637,1.3271772534144255,1.9916294187862509,2.4436260520148343e-06
4396.72,True,forward,pilot_free_der_m,,,0.026760322543208023,0.9991283815241175,False,0,True,0,,True,0.916244350583043,0.7285226247875995,0.9669514619493349,289645.07305621734,0.02822036518686232,0.13687599761677613,1.3272771895467887,1.9910553339082349,2.4438235534299764e-06
4399.320000000001,True,forward,pilot_free_der_m,,,0.026670658401215706,0.9991338877760781,False,0,True,0,,True,0.9162148164243744,0.7286361343771058,0.9663554955550049,289585.1988264498,0.028265550883997313,0.13674808268095506,1.3262525010252475,1.9910750384734428,2.446802228449693e-06
4402.12,True,forward,pilot_free_der_m,,,0.026574715065538327,0.999139760708179,False,0,True,0,,True,0.9161130383506972,0.7286851512377903,0.966137651649801,289550.60817045445,0.028297907151712567,0.13668715397390066,1.3258643325017108,1.990855596282389,2.4480412037726835e-06
4404.62,True,forward,pilot_free_der_m,,,0.026490167107432506,0.9991449179487967,False,0,True,0,,True,0.9160935979970333,0.7287746033270616,0.9653831484453426,289528.4955128541,0.028349241658101466,0.1365050731637017,1.3246662878180664,1.9911306036482384,2.451063580630436e-06
4407.42,True,forward,pilot_free_der_m,,,0.026399350757356298,0.9991504288160988,False,0,True,0,,True,0.9159872635687313,0.7288615573971401,0.9648072235768699,289445.9989656643,0.028389408638056644,0.13639977625595687,1.323718083064118,1.9910701502717452,2.454033714706871e-06
4409.820000000001,True,forward,pilot_free_der_m,,,0.02632341830586532,0.999155017793523,False,0,True,0,,True,0.9159104204610946,0.72889237318601,0.9648047440128315,289411.08193376334,0.02840943327126456,0.13638737670190465,1.3236587176727361,1.9907862246230732,2.4545088102263593e-06
4412.72,True,forward,pilot_free_der_m,,,0.026237779156691905,0.9991601577047842,False,0,True,0,,True,0.9157972511997767,0.728938130924545,0.964968487126778,289364.78054319083,0.028430113458067396,0.13640957038581314,1.3238002598421694,1.990219371349721,2.4546471399378685e-06
4415.42,True,forward,pilot_free_der_m,,,0.02615929285616617,0.9991648516636104,False,0,True,0,,True,0.9158251289594581,0.7290887643045603,0.9629669425306949,289330.4209820382,0.02852345583834871,0.135974572675008,1.3207814873532153,1.9914627299785943,2.4620100253872374e-06
4418.12,True,forward,pilot_free_der_m,,,0.02609893974086344,0.9991683787179773,False,0,True,0,,True,0.915778645601126,0.7291406934563783,0.9621754022231691,289330.41903612367,0.028573315401441604,0.13578449204153242,1.3196018420836257,1.9918608220284313,2.464772116956077e-06
4420.820000000001,True,forward,pilot_free_der_m,,,0.026047117902739128,0.9991713594741509,False,0,True,0,,True,0.9157198348480793,0.7292784023774442,0.9615166161529161,289209.65190188296,0.028617266882206602,0.13567551820681645,1.3184493233563155,1.9917843967931768,2.468630443952384e-06
4428.62,True,forward,pilot_free_der_m,,,0.025911670352157787,0.999179046242781,False,0,True,0,,True,0.915564382086969,0.7295229230000376,0.9600989852086883,289097.51875702897,0.028740433214521435,0.13534494585061282,1.3160641769287333,1.991759966741332,2.4754007117196407e-06
4436.42,True,forward,pilot_free_der_m,,,0.02579801065368853,0.9991853351896923,False,0,True,0,,True,0.9154299175711181,0.7297816404991957,0.9572000436709297,288972.23912372603,0.028905215161790048,0.1347161849579598,1.3116252733025346,1.9930510860086603,2.4870685476707444e-06
4444.72,True,forward,pilot_free_der_m,,,0.025730156878574825,0.9991887049558389,False,0,True,0,,True,0.915385092514713,0.7299462199663896,0.9557424693298386,288883.2707554661,0.029051767581574604,0.1342006276113602,1.3093327195719238,1.993622495502116,2.49337907908183e-06
4447.12,True,forward,pilot_free_der_m,,,0.025777908252932608,0.9991856310408269,False,0,True,0,,True,0.9152799365269891,0.7298138425954301,0.956224200653406,288883.27261779737,0.02902451110922234,0.1343070185928046,1.3102302872918863,1.9934724757387807,2.491110225608335e-06
4449.92,True,forward,pilot_free_der_m,,,0.02606503634434913,0.999168064231236,False,0,True,0,,True,0.9148562422797262,0.7291213168757266,0.9589537709440056,288905.3237496596,0.028773859904033403,0.13517971998559902,1.3152183988435662,1.992785471932012,2.4784185359612247e-06
4452.320000000001,True,forward,pilot_free_der_m,,,0.02631320618440888,0.9991526551699943,False,0,True,0,,True,0.9144195915934674,0.7285222025179903,0.9624738408414749,288888.91295227385,0.028531800833424253,0.13616736582967068,1.3211317891409182,1.9910277246705246,2.4641572744195764e-06
4454.820000000001,True,forward,pilot_free_der_m,,,0.026577203975100768,0.9991361042006727,False,0,True,0,,True,0.9139828791642324,0.7278474849145908,0.9661648246833624,288931.34647197474,0.02828355668410118,0.13715864473292322,1.327427578865285,1.9894371866037588,2.4485354997150378e-06
4457.42,True,forward,pilot_free_der_m,,,0.026836627915391636,0.9991197012855847,False,0,True,0,,True,0.9136353715897482,0.7272997021522298,0.9685061989821184,288928.5812050397,0.028083504257893303,0.13789191478980206,1.3316466322151774,1.988752379224811,2.4382623965632794e-06
4459.92,True,forward,pilot_free_der_m,,,0.027092915934539063,0.9991033563640348,False,0,True,0,,True,0.9131937044430094,0.7266059990175083,0.972570783397479,288991.2875040193,0.027832481611604083,0.13892961971742065,1.3385119097730487,1.986946594175249,2.421392056551278e-06
4462.62,True,forward,pilot_free_der_m,,,0.02737156312489233,0.9990854473745269,False,0,True,0,,True,0.9128352190859266,0.7260486569301818,0.9752275124589106,288966.0194328351,0.027617847473748302,0.13974854706132767,1.3431985627275806,1.9860346150478323,2.410406379520254e-06
4465.22,True,forward,pilot_free_der_m,,,0.02765255093078519,0.9990671969892667,False,0,True,0,,True,0.9123929556336448,0.7253941734394168,0.9798075196275395,288965.4339811722,0.027350383660658905,0.14092654733045637,1.350724275853824,1.9836895011466122,2.3929355523744942e-06
4468.02,True,forward,pilot_free_der_m,,,0.027973143836305517,0.9990461426154564,False,0,True,0,,True,0.9118887777627322,0.7246152289858061,0.983882494843924,289025.8249085242,0.027085177838169255,0.14199004793294717,1.357799912956558,1.9821588038337914,2.3759180388250533e-06
4470.42,True,forward,pilot_free_der_m,,,0.028260561379907758,0.9990270533603886,False,0,True,0,,True,0.91157608495483,0.7241666435135449,0.9856533580161213,288968.02326031786,0.026913693151399083,0.1426179016374123,1.3610863837001428,1.9817280535230195,2.3686357881220874e-06
4473.22,True,forward,pilot_free_der_m,,,0.028609028060075304,0.9990036497519719,False,0,True,0,,True,0.9111541600123226,0.7234664799946785,0.9893584567659583,289014.1315053174,0.026668694142549663,0.14360587760305646,1.3675249429292642,1.9804253155046514,2.353430578470955e-06
4475.72,True,forward,pilot_free_der_m,,,0.028930289952949446,0.9989818248093948,False,0,True,0,,True,0.9108287936640515,0.7229834568306106,0.9918681716257454,288941.3403829935,0.02647345100836871,0.14438827674097116,1.371909913366292,1.979505869179216,2.3439824161485968e-06
4478.42,True,forward,pilot_free_der_m,,,0.02928918499891758,0.9989571612164128,False,0,True,0,,True,0.9104510323296727,0.7223689689134122,0.9946826740039758,288963.7668807518,0.02626118633449045,0.14520991276773704,1.3769731491929644,1.9787447973584757,2.332185857990725e-06
4481.12,True,forward,pilot_free_der_m,,,0.029657130296102,0.9989315744625795,False,0,True,0,,True,0.9099476435000272,0.7215352614347378,0.9993983005765278,289051.21233577846,0.025991235809257055,0.146351063741454,1.3850997366217042,1.9770213265333085,2.313239965801172e-06
4483.92,True,forward,pilot_free_der_m,,,0.030051731255616287,0.9989037890141977,True,1,True,1,,True,0.909695877687665,0.7210680810414691,0.9999999991353627,289004.77885864966,0.025838285990476176,0.14679091227189892,1.386831598052462,1.9778056522472922,2.3092801747137035e-06
4486.42,True,forward,pilot_free_der_m,,,0.0304192873427682,0.9988775794047834,True,1,True,1,,True,0.9094829125881841,0.7206650431669833,0.9999999999509147,288963.45085849985,0.02571521637659205,0.1470866790421658,1.3876071962036425,1.9789173567011669,2.307358329803348e-06
4488.820000000001,True,forward,pilot_free_der_m,,,0.030783258211367022,0.9988513199804141,True,1,True,1,,True,0.9093187675420364,0.7202796609437514,0.9999999999500778,288948.7573835218,0.025599930548809227,0.1473550746181462,1.3883496288647397,1.980067094425267,2.3053206050906663e-06
4491.42,True,forward,pilot_free_der_m,,,0.03118790856699684,0.9988217739699918,True,1,True,1,,True,0.9091301476913176,0.7198589443456974,0.9999999999999577,288903.7884517508,0.02547060152843669,0.14766576817309993,1.3891610403047632,1.9813026845692894,2.3033247663045984e-06
4494.02,True,forward,pilot_free_der_m,,,0.03160727416416874,0.998790756655449,True,1,True,1,,True,0.908898616338197,0.719462998892161,0.9999999999893134,288817.6119778473,0.02533940240324197,0.14800420839349337,1.3899255438141045,1.9823486131327044,2.3017937542823975e-06
4496.72,True,forward,pilot_free_der_m,,,0.03203265174691218,0.9987589377825762,True,1,True,1,,True,0.9087165778981633,0.7190467913450015,0.9999999999999589,288766.98910703446,0.02520764198642574,0.14832689124297707,1.3907300777038791,1.9835827096145038,2.29986342880332e-06
4499.320000000001,True,forward,pilot_free_der_m,,,0.032455124159226946,0.9987269299833519,True,1,True,1,,True,0.9085216052483479,0.7186097458917723,0.9999999999999999,288755.38004635,0.02508025298455639,0.1486252650850521,1.3915758945893937,1.9848713074386268,2.2975032837789296e-06
4506.820000000001,True,forward,pilot_free_der_m,,,0.03373867652128435,0.998627223919157,True,1,True,1,,True,0.9079853195174125,0.7173635470778505,0.9999999999999999,288639.5366067032,0.024702771892751312,0.14954239287599752,1.393993330262538,1.988594606735091,2.2914189482898567e-06
4514.820000000001,True,forward,pilot_free_der_m,,,0.035223510701075655,0.9985073113992556,True,1,True,1,,True,0.9074465983135914,0.715951788028332,0.9999999999999999,288522.8728616911,0.02430018312935411,0.15045685783520754,1.3967420945395101,1.9929745474879819,2.2843868138206856e-06
4522.62,True,forward,pilot_free_der_m,,,0.036767319127188926,0.9983774942180511,True,1,True,1,,True,0.9069882779930557,0.7145399648901756,0.9999999999995908,288428.9436791326,0.023908016850404477,0.15131949483215312,1.3995018461329736,1.9975442694019856,2.2771498362004687e-06
4525.02,True,forward,pilot_free_der_m,,,0.03708921335036335,0.9983496397163087,True,1,True,1,,True,0.90692317685962,0.7142214769487114,0.9999999999999999,288468.3612846249,0.02383840785204892,0.15143211820174574,1.4001259165044828,1.9986613840031748,2.275035880991661e-06
4527.62,True,forward,pilot_free_der_m,,,0.03697392985020365,0.9983590968748807,True,1,True,1,,True,0.9069075108259539,0.7143144744096971,0.9999999999999999,288416.7230393023,0.0238894869692425,0.15127545869255565,1.3999436324265873,1.9982587050734097,2.27596981005079e-06
4530.12,True,forward,pilot_free_der_m,,,0.03684836554706804,0.9983695538062191,True,1,True,1,,True,0.9069410133764222,0.7143653924948908,0.9999999999999999,288452.551530943,0.023939881920021507,0.15108728395095855,1.399843848128676,1.998130979272319,2.275975370134529e-06
4532.92,True,forward,pilot_free_der_m,,,0.036707159255108986,0.9983813068557065,True,1,True,1,,True,0.9069701471567572,0.7144450110405569,0.9999999999999999,288422.7975702222,0.02398943265195127,0.1509204854501963,1.3996878479752346,1.997880058321508,2.276660893619023e-06
4535.42,True,forward,pilot_free_der_m,,,0.03657121034297167,0.9983926711963667,True,1,True,1,,True,0.9069482577472114,0.714520792065844,0.9999999999673602,288323.8589132673,0.024022639210707793,0.15082864982276895,1.3995393990931044,1.9975319847103832,2.2778712299483715e-06
4538.22,True,forward,pilot_free_der_m,,,0.03641990405979296,0.9984052570532622,True,1,True,1,,True,0.9070003100316155,0.7145092976136118,0.9999999999999999,288432.3534367117,0.024076541009999307,0.15059044312759975,1.3995619138055977,1.9976921096875184,2.2769493457272306e-06
4540.820000000001,True,forward,pilot_free_der_m,,,0.03628581723119335,0.9984163267614526,True,1,True,1,,True,0.9070269654121441,0.7145691657349056,0.9999999999999999,288431.0270025221,0.02412321719263151,0.15042667532615822,1.3994446555380544,1.997513940498313,2.277298651791686e-06
4543.42,True,forward,pilot_free_der_m,,,0.03615269353305915,0.9984272795916088,True,1,True,1,,True,0.9070498353450878,0.7146259346833519,0.9999999999685513,288433.47796495,0.024168069196644895,0.1502701190435224,1.3993334854431887,1.9973397163742752,2.2776005604004445e-06
4545.92,True,forward,pilot_free_der_m,,,0.036018456140752976,0.9984383064807695,True,1,True,1,,True,0.9070388752185927,0.7146254475789332,0.9999999999999541,288414.14524283615,0.024205886263416847,0.15012151585648437,1.399334439303605,1.997317508892041,2.2777504738047963e-06
4548.320000000001,True,forward,pilot_free_der_m,,,0.035887059857200275,0.9984490937800228,True,1,True,1,,True,0.9070471420828043,0.7146371200719338,0.9999999999999234,288408.2024798778,0.024242847361969914,0.14997887805252838,1.3993115833379401,1.9972895377899071,2.2778634652678976e-06
4551.12,True,forward,pilot_free_der_m,,,0.03573655090352571,0.9984614037122368,True,1,True,1,,True,0.9070755377762764,0.7146865826577368,0.9999999999998281,288395.11186072475,0.024289916487207172,0.14981131247806123,1.3992147386915865,1.997156404940461,2.2782467795303646e-06
4553.62,True,forward,pilot_free_der_m,,,0.03560491398260138,0.998472125106047,True,1,True,1,,True,0.9070845510437813,0.7147359180493688,0.9999999999999999,288380.0706604448,0.0243323423196148,0.14966515329012628,1.399118156436245,1.9969811152706478,2.278644797714052e-06
4556.22,True,forward,pilot_free_der_m,,,0.0354727194253967,0.9984828399886726,True,1,True,1,,True,0.9071267968522503,0.7147548969207422,0.9999999999998793,288389.991861462,0.02437501913483537,0.14949766112753216,1.3990810056818224,1.9969990572415754,2.2786737997384368e-06
4558.820000000001,True,forward,pilot_free_der_m,,,0.03534568382070635,0.9984930833374992,True,1,True,1,,True,0.9071433448569854,0.7147939025133624,0.9999999999579885,288394.909096549,0.024418774424131547,0.14933939292893442,1.3990046591636873,1.9968812230884898,2.278855646315796e-06
4561.42,True,forward,pilot_free_der_m,,,0.03522069973727032,0.9985031225739555,True,1,True,1,,True,0.9071621716697794,0.7148265208087617,0.9999999999999991,288396.5536713768,0.024463754601881337,0.149172885193757,1.3989408211499894,1.9967936721331214,2.279027197255334e-06
4563.92,True,forward,pilot_free_der_m,,,0.035096693131351,0.9985130731638966,True,1,True,1,,True,0.9071701700197122,0.7148673058947418,0.9999999999999999,288384.6124422079,0.024505445943873036,0.14902620577689227,1.3988610078458974,1.9966499996613318,2.279352312585864e-06
4566.320000000001,True,forward,pilot_free_der_m,,,0.03497852917911943,0.9985225243263854,True,1,True,1,,True,0.9072143365377398,0.714867099868391,0.9999999999999999,288407.15636340185,0.024544190087117237,0.14886504798173467,1.3988614110008737,1.9967480233318378,2.2791729769719406e-06
4569.02,True,forward,pilot_free_der_m,,,0.034844363255690985,0.9985332294010739,True,1,True,1,,True,0.9071951240249637,0.7149474020981464,0.9999999999999999,288347.9104840642,0.024588290176241843,0.14873468598356557,1.398704292183332,1.9963882329352587,2.2800956024470986e-06
4571.72,True,forward,pilot_free_der_m,,,0.034707665430577184,0.9985441115377873,True,1,True,1,,True,0.9072457688074652,0.7149260606355967,0.9999999999999993,288429.49469365843,0.024636490033500286,0.14852330863924104,1.3987460453056655,1.9965840626192057,2.2793299573389793e-06
4574.42,True,forward,pilot_free_der_m,,,0.034600607079846,0.9985524762211379,True,1,True,1,,True,0.907250355764755,0.7149648405226923,0.999999999999895,288421.8732338351,0.02467997836734432,0.14837282133828747,1.3986701769401988,1.9964408315635807,2.2796095250067444e-06
4577.02,True,forward,pilot_free_der_m,,,0.03448916202852109,0.9985612022104572,True,1,True,1,,True,0.9072623195733818,0.7149988879420828,0.9999999999999999,288422.96024886466,0.024724413539178647,0.1482122797565215,1.3986035738855627,1.9963325538835905,2.2797934913451515e-06
4584.92,True,forward,pilot_free_der_m,,,0.034157540979192456,0.9985870013466476,True,1,True,1,,True,0.9073010660706354,0.7150650001156081,0.9999999999981389,288477.1163364139,0.02485694560825353,0.14771641418698522,1.3984742643486452,1.996156461251688,2.279739303825829e-06
4592.72,True,forward,pilot_free_der_m,,,0.03384046711400626,0.9986114337057718,True,1,True,1,,True,0.9072949541498927,0.7151519460144249,0.9999999999999999,288446.73401942645,0.02498403789268772,0.14726403154335396,1.3983042422985024,1.995799372024503,2.2804710129191797e-06
4600.92,True,forward,pilot_free_der_m,,,0.03349234926145668,0.9986380663939607,True,1,True,1,,True,0.9071637213777591,0.7153254769153176,0.9999999999999999,288397.48176857445,0.025105161698935025,0.14695385818147058,1.3979650274896933,1.9948251536599046,2.28184154324414e-06
4603.42,True,forward,pilot_free_der_m,,,0.03343174936514198,0.9986425794605075,True,1,True,1,,True,0.9071329071725597,0.7153259205765315,0.9999999999999999,288387.2936715752,0.02512691651461136,0.14688889254044823,1.3979641604403619,1.9947556418974275,2.281924663749138e-06
4606.22,True,forward,pilot_free_der_m,,,0.03282553350157557,0.9986893137707681,True,1,True,1,,True,0.9072507710675228,0.7158541451298435,0.9999999999923395,288408.1149884474,0.02533499643008694,0.14637310809609363,1.396932610917489,1.9929296218379047,2.2847443874569536e-06
4608.62,True,forward,pilot_free_der_m,,,0.03232610732951719,0.9987271713095061,True,1,True,1,,True,0.9073811744689404,0.7163372742921802,0.9999999999999476,288396.9053332652,0.025516374901279552,0.14593671044213985,1.3959904585281526,1.9913109566462617,2.28756061150509e-06
4611.12,True,forward,pilot_free_der_m,,,0.0318083459683829,0.9987658542304186,True,1,True,1,,True,0.9074547620659564,0.7167854328948533,0.9999999999855254,288426.1161775532,0.02570477445514716,0.1454686679638676,1.3951176378499552,1.9897070805792731,2.289856656018419e-06
4613.62,True,forward,pilot_free_der_m,,,0.031309842582484954,0.998802519815881,True,1,True,1,,True,0.9075629807126576,0.7172684954579032,0.9999999999999999,288450.62813026615,0.025898934031688803,0.14499527791754602,1.3941780607018037,1.9880434197543635,2.292384243454692e-06
4616.12,True,forward,pilot_free_der_m,,,0.030826711481488238,0.9988375297740774,True,1,True,1,,True,0.9076480652115747,0.7177513873381549,0.9999999999770094,288437.9131570934,0.0260875687092177,0.14455166821215049,1.3932400795289281,1.9863315699332582,2.2952043650211446e-06
4618.92,True,forward,pilot_free_der_m,,,0.0303041775076111,0.9988748157879358,True,1,True,1,,True,0.907773205643208,0.7182938277382506,0.9999999999999972,288462.52797399496,0.02630467696300212,0.14403234960363753,1.3921879339389251,1.9844754675164362,2.2980599222903017e-06
4621.52,True,forward,pilot_free_der_m,,,0.029837091242681565,0.9989076307129426,True,1,True,1,,True,0.9078694510147437,0.7187774426106084,0.9999999962703204,288481.6773309598,0.026502536001461012,0.14356185920008213,1.391251223241381,1.9827890454214536,2.3006252884540853e-06
4624.22,True,forward,pilot_free_der_m,,,0.029376468062775985,0.9989395027658443,False,0,True,0,,True,0.9081967925850006,0.7195330290922545,0.9967473392778615,288454.67981865804,0.026808713517762837,0.14246995032575469,1.3852697499311935,1.9832091840355723,2.314431283457963e-06
4626.72,True,forward,pilot_free_der_m,,,0.0289659428547665,0.9989674939313835,False,0,True,0,,True,0.9086188525651238,0.7203602228848137,0.9920023851095556,288400.94572871504,0.027148441627560155,0.14113402006010667,1.3770921180751783,1.9848136885759649,2.3332763911129554e-06
4629.72,True,forward,pilot_free_der_m,,,0.028487724354169564,0.9989996340524201,False,0,True,0,,True,0.9089843479911077,0.7211921199368929,0.9872572304478916,288343.6945591116,0.027518020022964218,0.1397198092382756,1.3689240400106983,1.9863181051142365,2.352339661512575e-06
4632.12,True,forward,pilot_free_der_m,,,0.02811603670665835,0.9990242695503696,False,0,True,0,,True,0.9093332760086476,0.721847011255644,0.9832489184690689,288372.11695762054,0.02783004021605203,0.13850084685484954,1.362129236718345,1.9878960675645534,2.3676716843769724e-06
4635.02,True,forward,pilot_free_der_m,,,0.027674170302280917,0.9990531818139332,False,0,True,0,,True,0.9097554847174257,0.7227318207291504,0.9779007914876865,288291.5522783382,0.028222381514747274,0.1369808909852947,1.3530617629387078,1.9899106054655622,2.3893442163062613e-06
4637.62,True,forward,pilot_free_der_m,,,0.027289515021389602,0.9990780036091528,False,0,True,0,,True,0.9101522539636636,0.7235550916079952,0.9733501477741693,288167.66441583476,0.028567898396130692,0.13568992824051168,1.3452329464105368,1.991475823001193,2.408814336965442e-06
4640.22,True,forward,pilot_free_der_m,,,0.026917726574042553,0.999101679989805,False,0,True,0,,True,0.9105018266946592,0.7242109954835677,0.9692204566376469,288191.4457955089,0.028906300161661194,0.1343938685405493,1.338312263528231,1.9932625633077286,2.424967941345062e-06
4642.62,True,forward,pilot_free_der_m,,,0.02659409853114245,0.9991220068998813,False,0,True,0,,True,0.9108200337939971,0.7248523689970632,0.965477731338748,288147.3633073528,0.029212406425431173,0.13325556242853545,1.3319646491252066,1.9947312740320113,2.4405333921637588e-06
4645.12,True,forward,pilot_free_der_m,,,0.026269927953584973,0.9991421229224576,False,0,True,0,,True,0.911171871652661,0.7256121091626584,0.9613890631389169,288043.5174311448,0.0295471187652078,0.13204667761320293,1.32493525259431,1.9961476947540342,2.458469361382242e-06
4647.72,True,forward,pilot_free_der_m,,,0.025953532850882373,0.9991614923075066,False,0,True,0,,True,0.9115700793961247,0.7263373725347425,0.9567801109964728,287997.68727585906,0.029909178063886464,0.13067213667443495,1.3172668062742532,1.9982960867198571,2.477502357922178e-06
4650.320000000001,True,forward,pilot_free_der_m,,,0.025655367579118456,0.9991795092659571,False,0,True,0,,True,0.91193496179567,0.7270561081060656,0.952502666892212,287932.98927797313,0.03026090747110112,0.12937844745089835,1.3100813764888382,2.000141150715334,2.4957651000905617e-06
4652.92,True,forward,pilot_free_der_m,,,0.025346374275272313,0.9991980487861675,False,0,True,0,,True,0.9123384786365687,0.7277749182818211,0.9479554083682541,287895.56326596194,0.030631811821915347,0.12799177524208416,1.3025392666818605,2.00235254762122,2.5148144652875185e-06
4655.52,True,forward,pilot_free_der_m,,,0.025066463676898073,0.9992145907850635,False,0,True,0,,True,0.9127166252937399,0.7284898932091832,0.9439213583455589,287818.2460889277,0.030982654198193137,0.12674117900069976,1.2957233410436833,2.0040959564494996,2.532675932751733e-06
4663.02,True,forward,pilot_free_der_m,,,0.024349809559786998,0.9992559618268536,False,0,True,0,,True,0.9138178910611543,0.730498689547637,0.9318485165737073,287652.9468353866,0.03203557899624235,0.12296419242831992,1.2756333856680244,2.0099567787336867,2.585628388639471e-06
4670.72,True,forward,pilot_free_der_m,,,0.023730694808550938,0.9992904920818427,False,0,True,0,,True,0.9148127305203155,0.732560354327237,0.9198796535397032,287471.924026043,0.033110371193506044,0.11928923260860198,1.2557049369461102,2.0155953078059023,2.6399110489545623e-06
4678.820000000001,True,forward,pilot_free_der_m,,,0.023260700806027986,0.9993155188220604,False,0,True,0,,True,0.9159518021505869,0.734593439316249,0.9074986611576259,287299.9271203121,0.034280598564506444,0.11527429184620004,1.2353753962223173,2.022388976255898,2.6967058702691543e-06
4681.320000000001,True,forward,pilot_free_der_m,,,0.023152582958449408,0.9993210444407722,False,0,True,0,,True,0.9162802741997108,0.7351750452557888,0.9040212538674295,287260.8583762823,0.034629818109840185,0.11410362193463093,1.2296680357980516,2.024338789841911,2.7128817322908335e-06
4683.92,True,forward,pilot_free_der_m,,,0.02317362665429793,0.9993200004410666,False,0,True,0,,True,0.9159932641450175,0.7348782350588086,0.9056626528689353,287224.0896513131,0.03446930427596055,0.1146812004550967,1.2323982527478987,2.0232085292130155,2.7056274401528153e-06
4686.42,True,forward,pilot_free_der_m,,,0.023205970360274324,0.9993183047689975,False,0,True,0,,True,0.9157482083687001,0.734591564219312,0.9071335484211606,287203.911301608,0.034323731469446735,0.11518916397553666,1.2348815213869462,2.0223070359721977,2.6989089402251786e-06
4688.820000000001,True,forward,pilot_free_der_m,,,0.02327205266737719,0.9993146353682841,False,0,True,0,,True,0.9154050090320861,0.7341920928951047,0.9094683163900905,287215.59547618986,0.03412574457968779,0.11591981021327842,1.2387334666106624,2.020775570855269,2.6881846002513045e-06
4691.62,True,forward,pilot_free_der_m,,,0.023358923561737053,0.9993097716653149,False,0,True,0,,True,0.9150561066258447,0.7337901275432647,0.9118284432952404,287200.9949130327,0.03391799199915594,0.11668322074427796,1.2426283879670736,2.019229084239238,2.67764951078113e-06
4694.02,True,forward,pilot_free_der_m,,,0.02343733513778197,0.9993053572525715,False,0,True,0,,True,0.914739141674383,0.7334353027238761,0.9136785770962981,287170.1102857317,0.033743548841105725,0.11730634975375302,1.2457521116082408,2.018081898928845,2.669381122305099e-06
4696.72,True,forward,pilot_free_der_m,,,0.023523535414354063,0.9993005047470395,False,0,True,0,,True,0.9144580280727698,0.733112727334404,0.915125771778009,287145.7615062421,0.03358900481736634,0.11782843846631114,1.2482742935120004,2.0172892910911986,2.662681040975884e-06
4699.320000000001,True,forward,pilot_free_der_m,,,0.02361096808511866,0.9992955550358881,False,0,True,0,,True,0.9140906406858087,0.7326640181514091,0.9180191772052878,287157.0803273528,0.033361769436024195,0.11869882857562426,1.2529879378020363,2.015397840484577,2.6498865126952917e-06
4702.22,True,forward,pilot_free_der_m,,,0.023714566967789664,0.999289648436446,False,0,True,0,,True,0.9137486798946697,0.7322650970459947,0.9204335718018198,287136.80153499637,0.033161368329185384,0.11945067409354833,1.2569676958725864,2.0138497738477503,2.639400775701074e-06
4704.820000000001,True,forward,pilot_free_der_m,,,0.023804543794372114,0.9992845158001056,False,0,True,0,,True,0.913409430085388,0.7318004453090253,0.9223301929049684,287153.92275162693,0.03297306595318188,0.12007770417624183,1.2603575179781232,2.0130670065434932,2.6300421297963012e-06
4707.52,True,forward,pilot_free_der_m,,,0.023902663047094957,0.9992788886385087,False,0,True,0,,True,0.9130987521840634,0.7314422800528436,0.9244654337148471,287117.882401844,0.03278667388867845,0.12077423060289308,1.2638938969293085,2.011720715382036,2.6209773822211886e-06
4710.02,True,forward,pilot_free_der_m,,,0.023998748989997345,0.9992733457551665,False,0,True,0,,True,0.9128246562394856,0.7311045097688559,0.9261807907130551,287083.22963111626,0.032623040814916716,0.12135791603345597,1.2668240700715607,2.010784495330416,2.6134908657370485e-06
4712.72,True,forward,pilot_free_der_m,,,0.024109989237116637,0.9992668858970613,False,0,True,0,,True,0.912465399381248,0.7306885254344927,0.9287446664810036,287055.999911383,0.03241719062169036,0.12214628183826244,1.2710541279250827,2.0091676819624604,2.6026216397091988e-06
4715.320000000001,True,forward,pilot_free_der_m,,,0.024220741233002677,0.9992604202732139,False,0,True,0,,True,0.9121641811560184,0.7302886724013288,0.9306001437642839,287065.11015215405,0.03224761426294301,0.12274013543445496,1.2742908098304369,2.00829521966993,2.593970248539682e-06
4717.820000000001,True,forward,pilot_free_der_m,,,0.024331789247759097,0.9992539008707608,False,0,True,0,,True,0.9118315301459394,0.7298702442491066,0.9334681924650154,287068.1587023389,0.032043357938852546,0.1235540766099185,1.2789508817767619,2.0064877495034605,2.5818796716162193e-06
4720.42,True,forward,pilot_free_der_m,,,0.024448262502093695,0.9992470337507823,False,0,True,0,,True,0.9115396124105959,0.7295029462542973,0.934880227073605,287034.289859816,0.031887866295171846,0.12407220357286834,1.2815304336656033,2.0059422431145744,2.5753588017940962e-06
4722.820000000001,True,forward,pilot_free_der_m,,,0.024559531710433888,0.9992404383255539,False,0,True,0,,True,0.911308060581846,0.7291829467943641,0.9367104003061147,287030.3435616442,0.031735290446109635,0.12464177269161185,1.284602724767609,2.004965134097734,2.567452280978164e-06
4725.52,True,forward,pilot_free_der_m,,,0.024686558114843368,0.9992328734600654,False,0,True,0,,True,0.910976903650851,0.7287339474745577,0.9388433209512632,287045.292053457,0.031553357593179,0.12529152953472703,1.288321100183193,2.0039933535503986,2.5576678154593264e-06
4728.12,True,forward,pilot_free_der_m,,,0.024812303638552163,0.9992253438107952,False,0,True,0,,True,0.9106828590690579,0.7283968620573384,0.9406219929028313,286981.6576623382,0.03138825799317038,0.12590118043793536,1.2913592052635543,2.003007655868465,2.5504239959323123e-06
4730.52,True,forward,pilot_free_der_m,,,0.024937077972812634,0.9992178186745562,False,0,True,0,,True,0.9103991569817108,0.7279951241609497,0.9429959632810564,287003.1300920795,0.031213303599875602,0.12657499395400804,1.2953328009825695,2.0017564473133977,2.540120208740664e-06
4733.12,True,forward,pilot_free_der_m,,,0.025069466416301173,0.9992098034351455,False,0,True,0,,True,0.9100408316825971,0.7275824905013034,0.9451575772988209,286968.3003881289,0.03103231047745496,0.12725320548432895,1.299038376593709,2.000588150160073,2.530993174917323e-06
4740.72,True,forward,pilot_free_der_m,,,0.025480277538355325,0.9991846430549572,False,0,True,0,,True,0.909175053205376,0.7264658249053138,0.951207499165319,286907.65598414344,0.030536714702375446,0.129120758824838,1.309363037537654,1.9975255182823275,2.5055257962535584e-06
4748.320000000001,True,forward,pilot_free_der_m,,,0.025943528500494587,0.9991557470478244,False,0,True,0,,True,0.9083964984574867,0.7252482420193483,0.9569734666038446,286887.7893615304,0.030067841055811225,0.1307857795227027,1.3195115977658782,1.9953732964779585,2.480311575457715e-06
4756.72,True,forward,pilot_free_der_m,,,0.026517053870508383,0.9991192333964231,False,0,True,0,,True,0.9074573388535987,0.7236257287550019,0.9667354539297786,286972.10503269767,0.029457520000249884,0.13314665444426865,1.3359605877931497,1.9910200260257782,2.439672324751615e-06
4759.12,True,forward,pilot_free_der_m,,,0.02668714041927505,0.9991082555282671,False,0,True,0,,True,0.9073307020121172,0.7233016781032077,0.9671175699884257,286964.36108349764,0.029366805757959944,0.13333412399622296,1.337087413545898,1.9916665290991418,2.4367153351742e-06
4761.72,True,forward,pilot_free_der_m,,,0.0267241008542719,0.9991056979546241,False,0,True,0,,True,0.9073411804493611,0.7232300902078469,0.9666048388820274,286964.3603199473,0.02938507951077658,0.13317351234865285,1.3365108171926832,1.9924129032824736,2.437904251791986e-06
4764.22,True,forward,pilot_free_der_m,,,0.02676506294759413,0.9991029201105137,False,0,True,0,,True,0.9072562285761756,0.7231081917725571,0.9672175563472125,286925.72855107125,0.029357007527907104,0.1332759653582459,1.3375834589513769,1.9921668027772845,2.435636647437532e-06
4766.62,True,forward,pilot_free_der_m,,,0.026755696176179934,0.999103478103078,False,0,True,0,,True,0.9072780940970125,0.7230710511196111,0.9673330208719898,286923.0397801158,0.029361781077895374,0.13323976452315825,1.337811850404135,1.992258661838442,2.435090320083644e-06
4769.22,True,forward,pilot_free_der_m,,,0.026746040135979015,0.9991040452681957,False,0,True,0,,True,0.9072561034430335,0.7229856826151058,0.9668082689986136,286922.260590905,0.02938011168893232,0.13307253794488394,1.3372440039221511,1.9929975929460775,2.4362441467340484e-06
4771.62,True,forward,pilot_free_der_m,,,0.026734676940596787,0.9991047411941517,False,0,True,0,,True,0.9072784038510385,0.7229335076510045,0.9666051943288243,286922.25809928536,0.029392070248190252,0.13297067052463998,1.3370596107373296,1.9934256743418248,2.4365801067329708e-06
4774.22,True,forward,pilot_free_der_m,,,0.026716591598439254,0.9991058939696724,False,0,True,0,,True,0.9072693346517441,0.7228769568909826,0.9669661064507862,286897.25943666475,0.029384166729873012,0.13299672777563767,1.3376634809464742,1.9933115456345485,2.4353493151280693e-06
4776.92,True,forward,pilot_free_der_m,,,0.026698171602281672,0.9991070662942555,False,0,True,0,,True,0.9072541039913917,0.7228008008857911,0.9673508033972331,286904.902026343,0.02937876831673926,0.1330064200939406,1.3383366512761834,1.9932396003093784,2.433657328262783e-06
4779.42,True,forward,pilot_free_der_m,,,0.02668108969149307,0.9991081525282801,False,0,True,0,,True,0.9072462951183827,0.7227107971897828,0.967204231187856,286908.8224866663,0.029382732052261693,0.1329227673996066,1.3383005137722739,1.9936992633784993,2.4335690772607576e-06
4782.12,True,forward,pilot_free_der_m,,,0.026663490138780905,0.9991092674314852,False,0,True,0,,True,0.9072031596495862,0.7226572780687824,0.9678191164781562,286852.05245979904,0.02936529391781144,0.13301468280643008,1.3392504937673086,1.9932785870445624,2.4318379000158107e-06
4784.820000000001,True,forward,pilot_free_der_m,,,0.026645910779663027,0.9991103828443693,False,0,True,0,,True,0.9072739027266189,0.7226646762705405,0.9666712863777412,286824.01024215337,0.02940825138910085,0.1327271181862278,1.337648453175333,1.9944022496056,2.43568423474702e-06
4787.62,True,forward,pilot_free_der_m,,,0.026631349596392538,0.9991112967582758,False,0,True,0,,True,0.9072718462187467,0.7226055427105332,0.966825256848788,286810.86072532326,0.02940873914694141,0.13269844744898437,1.3379709948282061,1.9944935845995455,2.434981401253703e-06
4790.12,True,forward,pilot_free_der_m,,,0.02662151252351629,0.99911190214309,False,0,True,0,,True,0.9072681935430347,0.7225437176857691,0.9670926024242588,286810.8629917336,0.02940581435670493,0.13269332966843927,1.338455485464262,1.9944934236929381,2.433799323421541e-06
4792.820000000001,True,forward,pilot_free_der_m,,,0.026616736774633314,0.9991121663451893,False,0,True,0,,True,0.9072520316853188,0.7224838606201676,0.9673681287200974,286810.86532272235,0.029403811305254293,0.1326871912959641,1.3389477349566334,1.9944511643393286,2.432603529441002e-06
4795.320000000001,True,forward,pilot_free_der_m,,,0.026613283314276683,0.9991123464124912,False,0,True,0,,True,0.9073655938996341,0.7225170305410151,0.9657081913328909,286801.5347618187,0.02946650940267292,0.13228344369371342,1.3365888283765106,1.9960158277264426,2.4380371037558535e-06
4798.12,True,forward,pilot_free_der_m,,,0.026605716401553018,0.9991127948589882,False,0,True,0,,True,0.9073246413041905,0.7224226386948576,0.9667546025234344,286801.5366885258,0.02943884517162484,0.13243305274736128,1.3382119423471994,1.9953818544727848,2.4342423035554297e-06
4800.62,True,forward,pilot_free_der_m,,,0.026599745108541042,0.9991131429120216,False,0,True,0,,True,0.9073251483255318,0.7224088017762105,0.9661604228653858,286751.478142375,0.029459282227152044,0.13228143345578572,1.3374150764634307,1.9959536757933742,2.436438504660857e-06
4803.42,True,forward,pilot_free_der_m,,,0.026588432652118466,0.9991138408169659,False,0,True,0,,True,0.9073274658111945,0.7222902363577469,0.9668498430850834,286811.20061382186,0.029447025600114595,0.13232006004745606,1.3385891078364338,1.9958199867744042,2.4331124697888404e-06
4806.02,True,forward,pilot_free_der_m,,,0.026575662840178916,0.9991146390400905,False,0,True,0,,True,0.9073685972621788,0.7223054296052499,0.9659125742462709,286772.4049490619,0.0294826565092281,0.13208826777107058,1.3372633440872177,1.996666959366249,2.4364459423799244e-06
4808.72,True,forward,pilot_free_der_m,,,0.02657314561301801,0.9991147514053761,False,0,True,0,,True,0.9073134472548499,0.722197976315456,0.9667402867642997,286788.00670056575,0.029460273627371414,0.13219378719220384,1.3386084127464069,1.9962431581314353,2.4331260879164904e-06
4811.320000000001,True,forward,pilot_free_der_m,,,0.02657103158307377,0.9991148391159884,False,0,True,0,,True,0.9074167513144284,0.7221959530083517,0.9654883494309943,286827.1676761181,0.029514395630901576,0.1318448526204802,1.336878648252172,1.9975683381857392,2.4366815138743015e-06
4819.02,True,forward,pilot_free_der_m,,,0.026566454768355476,0.9991149870090359,False,0,True,0,,True,0.9074099775328865,0.722045998402742,0.9654019102611988,286780.8949968813,0.029527905878727063,0.13167948067320331,1.3370365771665396,1.9982121479614021,2.436492241957595e-06
4826.92,True,forward,pilot_free_der_m,,,0.02655487468806076,0.9991155843674978,False,0,True,0,,True,0.9074053753894713,0.7219046573849908,0.9650834218625258,286784.9649340784,0.02955026932273238,0.13147599227324444,1.3368571763457238,1.9990298337600703,2.436648182368294e-06
4834.72,True,forward,pilot_free_der_m,,,0.026515061069597043,0.9991180180869869,False,0,True,0,,True,0.9072072440588437,0.7218197980961423,0.9652033211967372,286755.1868584502,0.029536681974594872,0.131554689120434,1.3371804482816052,1.99881903494963,2.4360444133373085e-06
4837.42,True,forward,pilot_free_der_m,,,0.026461824350373288,0.9991213616251129,False,0,True,0,,True,0.9071319028098778,0.7218037125187586,0.9656279298345073,286755.18591957673,0.029538373388034875,0.13161302093796803,1.3377985082189667,1.9983455428062031,2.4346283670109086e-06
4839.92,True,forward,pilot_free_der_m,,,0.026385589065685736,0.9991261579117292,False,0,True,0,,True,0.9071987402442743,0.721985201736085,0.9636998744183521,286693.10145207454,0.029630822339819743,0.13119177046871836,1.3347917271725793,1.9994696198712987,2.44221457539553e-06
4842.320000000001,True,forward,pilot_free_der_m,,,0.026310562615650766,0.9991307370202364,False,0,True,0,,True,0.9072850347581972,0.7221521401967043,0.9626608212098133,286707.2753069306,0.02972540374676782,0.13085407005307204,1.3330443373713436,1.9999200916181563,2.446302603039521e-06
4845.02,True,forward,pilot_free_der_m,,,0.02625378210363903,0.9991340863326126,False,0,True,0,,True,0.9072458813797659,0.722309408289746,0.9621816201446312,286611.14614393184,0.029783808578063075,0.13072043209039194,1.3320906651663926,1.999642351670446,2.449524308093432e-06
4847.52,True,forward,pilot_free_der_m,,,0.02620305139610686,0.9991370705100149,False,0,True,0,,True,0.9072123427988864,0.722349749801701,0.9617113754801061,286632.2848275038,0.029840050318133943,0.13053005330820075,1.3313652780306418,1.9998242593261362,2.451052978047461e-06
4850.22,True,forward,pilot_free_der_m,,,0.026148940795327185,0.9991402439943956,False,0,True,0,,True,0.9071775692164672,0.7223751061334043,0.9614362463507845,286700.8981085246,0.02989707539749995,0.1303528280120475,1.330937677928829,1.9998906445635318,2.451476977482029e-06
4852.820000000001,True,forward,pilot_free_der_m,,,0.02610284606987149,0.9991428886786454,False,0,True,0,,True,0.9072490931441424,0.7225911102977225,0.9596605353051528,286609.0695338282,0.030003180298463123,0.12993174605430777,1.3280823990621098,2.000771375914971,2.459098590374842e-06
4855.42,True,forward,pilot_free_der_m,,,0.026057188085652935,0.9991455020996062,False,0,True,0,,True,0.9071693432842102,0.7226670173852184,0.9597279119149459,286568.58456748584,0.030040818198126772,0.1298923436526625,1.3280361339686848,2.000241206917077,2.459664804215447e-06
4857.92,True,forward,pilot_free_der_m,,,0.026012605065264326,0.9991480544735705,False,0,True,0,,True,0.9071244606889091,0.7227483429911403,0.9593067622589273,286523.88487769134,0.03009151238722895,0.12975440852276762,1.3273039939306879,2.000197650309881,2.461844969225489e-06
4860.320000000001,True,forward,pilot_free_der_m,,,0.02596853181180758,0.9991505878943947,False,0,True,0,,True,0.9071848036529642,0.7228465779192582,0.9579814652455882,286564.61709286756,0.030186180806639776,0.1293593406993923,1.3252901715370569,2.001119665443779,2.4662587536611873e-06
4863.02,True,forward,pilot_free_der_m,,,0.025918979159118834,0.9991534338003766,False,0,True,0,,True,0.9071011146896749,0.7229173551243123,0.9580711604701295,286498.8781158352,0.03022098218427173,0.12933323983212625,1.3252844930045709,2.0005809463276742,2.466942538329812e-06
4865.42,True,forward,pilot_free_der_m,,,0.025872799523265603,0.9991560983111005,False,0,True,0,,True,0.9070689741735979,0.7229772622357534,0.9577816404005259,286477.493624998,0.03026806963671631,0.12920785605582855,1.3247742224128287,2.0005335257947854,2.4683881403015947e-06
4868.22,True,forward,pilot_free_der_m,,,0.02581997884471641,0.9991591347772132,False,0,True,0,,True,0.907068129299214,0.7230786635174646,0.9566586835243066,286467.01942556206,0.030354000264965514,0.12888244338574723,1.3230354203380532,2.0011324914299062,2.4726318292991576e-06
4870.820000000001,True,forward,pilot_free_der_m,,,0.025770311553568376,0.9991619912402865,False,0,True,0,,True,0.9070079944660498,0.7231423253118073,0.9565111871189551,286438.59093499655,0.030399140938834057,0.1287877267899428,1.3227149810468124,2.000883557595773,2.4737102106339577e-06
4873.22,True,forward,pilot_free_der_m,,,0.025724804284826874,0.9991646029827929,False,0,True,0,,True,0.9069995838024191,0.7232641373969718,0.9556196961646786,286380.41559913696,0.030467298466592192,0.12855612504299907,1.3212596156142271,2.001183578516523,2.4777542234713487e-06
4875.92,True,forward,pilot_free_der_m,,,0.02567388891465519,0.9991675196969233,False,0,True,0,,True,0.906938907149306,0.723310748438463,0.9549837353880629,286354.89839544275,0.030525621316978314,0.12835834678508187,1.3202952361066842,2.00143410332402,2.480275892698197e-06
4878.320000000001,True,forward,pilot_free_der_m,,,0.02562879389929582,0.9991700988581182,False,0,True,0,,True,0.9069594953371706,0.7234019153670715,0.953615943254903,286354.89765649464,0.030611653253101424,0.1279960989812266,1.3182380679362942,2.0023439692964593,2.485183231106807e-06
4881.12,True,forward,pilot_free_der_m,,,0.025576102203915225,0.9991731096705255,False,0,True,0,,True,0.9068954963045874,0.7234562314435297,0.9542972623717657,286341.2738089217,0.030638742686575373,0.12804793450025617,1.3190808522965285,2.0013850160722932,2.4834232972759607e-06
4883.72,True,forward,pilot_free_der_m,,,0.02552750818277618,0.9991758805206151,False,0,True,0,,True,0.9069095460897003,0.7235663643360877,0.9532962746192244,286309.35556791705,0.030717673705598057,0.12776214497573,1.3174966687318677,2.001881261533658,2.4875433642351686e-06
4886.42,True,forward,pilot_free_der_m,,,0.025477569230221965,0.9991787208013032,False,0,True,0,,True,0.9068834943493616,0.7236660322320515,0.9521846817253442,286283.66416630975,0.03079949252245943,0.1274567726529641,1.3157791568418065,2.0024302665636387,2.4919149435079097e-06
4889.02,True,forward,pilot_free_der_m,,,0.02542635542621407,0.9991816528769153,False,0,True,0,,True,0.9068857321731382,0.7237713209860723,0.9517108834297455,286253.3108187957,0.030862284564661818,0.1272802056206348,1.3149331229829975,2.002451055758234,2.4943084027234845e-06
4896.92,True,forward,pilot_free_der_m,,,0.025272081923559772,0.9991904535665518,False,0,True,0,,True,0.9067712653322615,0.7239758284731874,0.9503239184347255,286201.14863038453,0.031038032364152836,0.12676278276488326,1.3126459213961463,2.0026490143575755,2.5004159849750516e-06
4904.62,True,forward,pilot_free_der_m,,,0.025104928779933457,0.9992000441725682,False,0,True,0,,True,0.9065807157494918,0.7242306971118582,0.9491967409918872,286129.4014023568,0.031190204071135087,0.12642080999333977,1.3106276008144444,2.0022540442772443,2.5061548649071282e-06
4912.320000000001,True,forward,pilot_free_der_m,,,0.024959391179089623,0.9992082478443443,False,0,True,0,,True,0.9064747487650621,0.7244837775179304,0.9479685061037116,286013.1169426045,0.031356694257834446,0.1259764128210321,1.3084744414173584,2.0021466335268236,2.5126170444935588e-06
4914.820000000001,True,forward,pilot_free_der_m,,,0.024977536053731625,0.9992069540902625,False,0,True,0,,True,0.9063965464575414,0.7244281213893617,0.9474916650482046,286004.6547482058,0.03137218463678484,0.12587793746244896,1.3079167374549667,2.002618936364727,2.513930108133443e-06
4917.42,True,forward,pilot_free_der_m,,,0.025078924145226538,0.9992005999707613,False,0,True,0,,True,0.9062000400748229,0.7242153538399098,0.9485494434402891,285979.46761341585,0.03128236434608349,0.1262194626306196,1.3097615763196995,2.002054701700192,2.5094879864646176e-06
4920.02,True,forward,pilot_free_der_m,,,0.025185416582618008,0.9991939859402769,False,0,True,0,,True,0.9058724189182906,0.723781117172943,0.9512086823372979,286031.8691975293,0.03111267452212039,0.12689774195778317,1.3142214680215434,2.0006248469583428,2.497919299924585e-06
4922.42,True,forward,pilot_free_der_m,,,0.025276224058073064,0.9991883299032271,False,0,True,0,,True,0.9057139040842938,0.7235604385757818,0.9520488604105906,286005.3283688149,0.03102339011839142,0.1271982444397891,1.315783464176888,2.0003777896911727,2.494176137972482e-06
4925.02,True,forward,pilot_free_der_m,,,0.02537766900316268,0.9991819894146514,False,0,True,0,,True,0.905427059610702,0.72323661093238,0.9542057387014855,285988.7853222316,0.030877167329992652,0.1277968392472187,1.3193548615733728,1.999076065171659,2.485525319508227e-06
4927.52,True,forward,pilot_free_der_m,,,0.025476759580588957,0.9991757718611418,False,0,True,0,,True,0.9052092650026761,0.7229462548055129,0.9552306855788402,285978.8653514549,0.030773747109527825,0.12813992392338117,1.3213024885727038,1.9988095547046147,2.4806657759527955e-06
4930.22,True,forward,pilot_free_der_m,,,0.02558973492097377,0.9991686377431721,False,0,True,0,,True,0.9050108170300316,0.7227244605718224,0.9561533471643361,285926.0157176033,0.030675215775604437,0.12848906092728285,1.3229846218402845,1.9984130373313829,2.476904093043975e-06
4932.820000000001,True,forward,pilot_free_der_m,,,0.02570002718601661,0.9991616431909058,False,0,True,0,,True,0.9046810156034197,0.7223486784797661,0.9590409272626264,285921.6691705426,0.030503044671303672,0.12923630853276097,1.3276703562066394,1.9965926084795602,2.4655937585210923e-06
4935.22,True,forward,pilot_free_der_m,,,0.025803726434751647,0.9991550401902091,False,0,True,0,,True,0.9044873817824252,0.7220314592944334,0.9600946217646553,285969.88728188624,0.030406576101280596,0.1295428429987899,1.329713005445575,1.9964691328604633,2.4600256490001312e-06
4937.820000000001,True,forward,pilot_free_der_m,,,0.025918444864174297,0.9991477025693217,False,0,True,0,,True,0.9042491200586733,0.7217328288084264,0.9617926132786987,285949.84516568924,0.03028089357661307,0.1300343128327881,1.3326158585118106,1.9956134955591447,2.4531258397735377e-06
4940.42,True,forward,pilot_free_der_m,,,0.026034685145856606,0.999140234358705,False,0,True,0,,True,0.904024390897276,0.7214407218943365,0.9632146094893232,285944.71879655984,0.030167257412026673,0.13045778183239998,1.3351264771416624,1.995008933114173,2.447023936518448e-06
4943.12,True,forward,pilot_free_der_m,,,0.026158478404167577,0.9991322438551884,False,0,True,0,,True,0.9037929767388,0.7211805860536644,0.9646493825992082,285890.50412677927,0.030049284746590427,0.13091608275216984,1.3375975466530747,1.9942585377281061,2.4414987712515977e-06
4945.72,True,forward,pilot_free_der_m,,,0.026279381301050297,0.9991244040723261,False,0,True,0,,True,0.9035609421984621,0.7208598532024094,0.9660915089842323,285896.7060811045,0.029933511972054763,0.13133723619195706,1.3401932493429685,1.9937399852719744,2.4351031500821897e-06
4948.42,True,forward,pilot_free_der_m,,,0.026402958092235525,0.9991163601068294,False,0,True,0,,True,0.903294417580934,0.720535712484777,0.967880725276378,285862.98702150874,0.029801038443518862,0.13185692145485933,1.3432793246827814,1.9928629858473184,2.427963442484262e-06
4951.02,True,forward,pilot_free_der_m,,,0.02652275884834325,0.9991085281017186,False,0,True,0,,True,0.9030448899601151,0.7202713359372074,0.9690447882539913,285802.5057077256,0.02969095708808748,0.1322646548850277,1.3453885222200093,1.9923358887745697,2.4233514282659e-06
4953.62,True,forward,pilot_free_der_m,,,0.026645775588054928,0.9991004470458437,False,0,True,0,,True,0.9028020541055626,0.7199289657475963,0.9710120655537402,285836.600538416,0.029563617793628885,0.1327716632605951,1.3487609358034531,1.9914398645375793,2.4150203464428704e-06
4956.12,True,forward,pilot_free_der_m,,,0.0267655988071356,0.9990925406908522,False,0,True,0,,True,0.9026017417491812,0.7196711521466591,0.9723593584902388,285805.8193019732,0.02945753660111453,0.13317975752045158,1.3511162085486585,1.990846425798489,2.409655423528382e-06
4958.92,True,forward,pilot_free_der_m,,,0.026905122456808168,0.9990832850991516,False,0,True,0,,True,0.9023277192692124,0.7193117674852338,0.974234713837689,285794.7891425644,0.029321836008828733,0.13370616227471346,1.3543984095292703,1.9900390392659193,2.401937723674772e-06
4961.62,True,forward,pilot_free_der_m,,,0.02704359397688506,0.9990740502835608,False,0,True,0,,True,0.9020850533432898,0.7189921213288778,0.9759248734703615,285795.9367072712,0.02920002675480999,0.13418087795014338,1.3573512762095468,1.9893102877585112,2.39493515556711e-06
4964.22,True,forward,pilot_free_der_m,,,0.027168666985561456,0.9990656862974632,False,0,True,0,,True,0.9017997420302374,0.7186330693528192,0.9781679770001165,285819.7189804697,0.029066745415536277,0.1347365088106302,1.361150799643867,1.9881788216678993,2.3858606274008625e-06
4966.820000000001,True,forward,pilot_free_der_m,,,0.027298205347097322,0.9990569802191744,False,0,True,0,,True,0.9015622595255607,0.7183462001775519,0.9794376612466854,285752.41985884804,0.02895192355812269,0.13516366229213886,1.3634618809212051,1.987701136988727,2.380935810428758e-06
4974.42,True,forward,pilot_free_der_m,,,0.027685487698446077,0.9990307131223508,False,0,True,0,,True,0.9009031141479614,0.7174385911925042,0.9841594157246082,285725.3095037749,0.028612069926661605,0.13648750397019277,1.3717681594027007,1.9858256799197016,2.3617679229041927e-06
4982.42,True,forward,pilot_free_der_m,,,0.028163770906398423,0.9989977817899158,False,0,True,0,,True,0.900525849002572,0.716374172081012,0.9886587637147219,285766.29153273144,0.028309529936182166,0.13744057533160553,1.3800871140325233,1.985411948174142,2.341959381893304e-06
4990.12,True,forward,pilot_free_der_m,,,0.028589525523453695,0.9989680171254803,False,0,True,0,,True,0.8998783306713046,0.7154391568679312,0.9935889907242981,285704.9642773056,0.027969038245336048,0.13877301108637746,1.38878195467251,1.9835831456597415,2.3226106459824493e-06
4993.02,True,forward,pilot_free_der_m,,,0.028569121052053555,0.9989692483628793,False,0,True,0,,True,0.8998783306713046,0.7154391568679312,0.9935889907242981,285704.9642773056,0.027969038245336048,0.13877301108637746,1.38878195467251,1.9835831456597415,2.3226106459824493e-06
4995.42,True,forward,pilot_free_der_m,,,0.028551784762628565,0.99897029749068,False,0,True,0,,True,0.8998899704724868,0.715471106208165,0.9918457750604445,285704.9539349422,0.02804932538683915,0.13835143714434017,1.3862834801491883,1.9849150148333925,2.327901933654262e-06
4997.92,True,forward,pilot_free_der_m,,,0.028537275435564963,0.9989711076156819,False,0,True,0,,True,0.8998307793479298,0.71542310779908,0.9917009576265098,285704.9535278256,0.02806249768378079,0.13828974444624323,1.3861740651310075,1.9850916037967117,2.3280525836082555e-06
5000.42,True,forward,pilot_free_der_m,,,0.028522699001573216,0.9989719351123845,False,0,True,0,,True,0.8996106911337314,0.7153586037233471,0.993583342713889,285583.5524533027,0.028010243246704883,0.13867928651313152,1.3889304434760676,1.9833133308541104,2.323153752544139e-06
5003.02,True,forward,pilot_free_der_m,,,0.02850064712379035,0.9989732736809963,False,0,True,0,,True,0.8995748091032365,0.7152827965879328,0.993930292232244,285656.10917482385,0.028020752705121218,0.13865635598276416,1.3895626974023776,1.9832469584771244,2.3211156250707234e-06
5005.62,True,forward,pilot_free_der_m,,,0.028480829757872424,0.9989744463626598,False,0,True,0,,True,0.8995033582306605,0.7152262212046524,0.9943053961843267,285656.10673351126,0.02802349679138137,0.13868017973786925,1.3901970687115224,1.9830040144325745,2.319696230110019e-06
5008.22,True,forward,pilot_free_der_m,,,0.02846124582446324,0.9989756016973449,False,0,True,0,,True,0.8994945086375512,0.7153255334863197,0.9934547839166172,285532.2071888503,0.028059807230815966,0.13853460856133903,1.3888149344743286,1.9832920769180122,2.3237585149151303e-06
5010.820000000001,True,forward,pilot_free_der_m,,,0.02844204160007731,0.9989767294597552,False,0,True,0,,True,0.8994768265424101,0.7153144801981024,0.9930008448532281,285558.7654394714,0.028092707918920958,0.13838273919342198,1.3882017942349245,1.9836685944242443,2.3248084228746454e-06
5013.320000000001,True,forward,pilot_free_der_m,,,0.028426823271071662,0.9989775856221395,False,0,True,0,,True,0.8994177423083148,0.715291388023928,0.9930704024409998,285558.76986317366,0.028106209153727284,0.13835112447322917,1.3883438540822743,1.9835716912179135,2.3244724434217348e-06
5015.820000000001,True,forward,pilot_free_der_m,,,0.028414143295676448,0.9989782542834169,False,0,True,0,,True,0.899276979086917,0.7152048895801614,0.9939690819116466,285558.74232602626,0.02809194936869419,0.1384817223041676,1.3897682977183294,1.982863735425973,2.3213478504574396e-06
5018.42,True,forward,pilot_free_der_m,,,0.028400452338479015,0.998978982625239,False,0,True,0,,True,0.8993542177815267,0.7153535258919885,0.9925394522356297,285486.388841243,0.028155823427843885,0.13818946355077025,1.3874810374325233,1.9836238780322055,2.3269742165038364e-06
5021.02,True,forward,pilot_free_der_m,,,0.02838357616709806,0.9989799367490544,False,0,True,0,,True,0.8992611165367205,0.7153120479420546,0.9921100160980599,285463.15523186186,0.028177219417045724,0.1380789740104126,1.3869611436747784,1.9839335975156502,2.328186601033158e-06
5023.62,True,forward,pilot_free_der_m,,,0.02836010048282152,0.9989813628847087,False,0,True,0,,True,0.8991274306955005,0.7152290189846543,0.9932910937862474,285442.6581533361,0.028154486961265473,0.138271083238611,1.3887734801313467,1.9829947746180803,2.3244142975158962e-06
5026.320000000001,True,forward,pilot_free_der_m,,,0.028335661089588873,0.9989828476098289,False,0,True,0,,True,0.8990416859767605,0.71517417574863,0.9933196232549805,285442.68036162306,0.02816585551988404,0.13823431391828273,1.3889198700654892,1.9829970664087064,2.3240165085510753e-06
5029.02,True,forward,pilot_free_der_m,,,0.028311252053001213,0.9989843295822664,False,0,True,0,,True,0.8990290281522211,0.7152016216548507,0.9929256687896322,285415.1845267318,0.028196372846107137,0.138117223304661,1.3883157402414399,1.9831845943580428,2.3255519667696085e-06
5031.42,True,forward,pilot_free_der_m,,,0.0282933504023235,0.9989853742265694,False,0,True,0,,True,0.8988817973571805,0.7151173435442493,0.9936361450754105,285395.5063764228,0.02818324053209251,0.13822849376463692,1.3894728663001967,1.9826077152120682,2.3231483695930678e-06
5034.22,True,forward,pilot_free_der_m,,,0.02827238150257552,0.9989865987245212,False,0,True,0,,True,0.8988439348700212,0.7151092928947989,0.993423977720786,285384.17444662616,0.028206932110420264,0.13814028827104108,1.389191816679315,1.9827294818384649,2.323815667039302e-06
5036.820000000001,True,forward,pilot_free_der_m,,,0.028254453550905174,0.998987624994645,False,0,True,0,,True,0.8988149459202888,0.715099786497936,0.9928616926802633,285374.23430978385,0.028237837265785277,0.13798944647408717,1.3884239814174926,1.9831635597000241,2.325489836452e-06
5039.52,True,forward,pilot_free_der_m,,,0.028236884956185117,0.9989886157045617,False,0,True,0,,True,0.8987689220829044,0.7151357037877991,0.992721307898967,285334.4141554782,0.028260994409317685,0.1379329533075603,1.3881579435076496,1.9830364810829848,2.3264319563022884e-06
5042.02,True,forward,pilot_free_der_m,,,0.027796159124667725,0.9990197311852894,False,0,True,0,,True,0.8986749610676092,0.715053652378186,0.9950786357400404,285270.010135765,0.028210937005375566,0.13831099694740365,1.3916139473318172,1.9812216684356416,2.319588543650995e-06
5044.52,True,forward,pilot_free_der_m,,,0.027368097258935575,0.9990494894696842,False,0,True,0,,True,0.8987722046560004,0.7151125709810336,0.994969741230816,285269.7941938906,0.02824867096914473,0.1381728526226731,1.3913470152899954,1.9812942458964227,2.3202456158312445e-06
5052.22,True,forward,pilot_free_der_m,,,0.026109913518892774,0.9991343147690772,True,1,True,1,,True,0.898626147137942,0.7149591815478921,0.9999999999999996,285155.9855299137,0.028175322530526736,0.138850410354596,1.3986812475573667,1.977485074792721,2.305685489997954e-06
5060.12,True,forward,pilot_free_der_m,,,0.02489761728976593,0.9992122538272,True,1,True,1,,True,0.898580343408808,0.7153328168910386,0.9999999999999999,284871.52138411166,0.028236527905144807,0.1388876489910415,1.3979506830766897,1.975921852938785,2.310126745996441e-06
5068.02,True,forward,pilot_free_der_m,,,0.023877359129847054,0.9992750222735827,True,1,True,1,,True,0.8987767630915603,0.7155468185055087,0.9999999999999999,284692.43370560353,0.028327759844544602,0.1386163560747362,1.3975325920512094,1.9755165685072529,2.312805149774017e-06
5070.62,True,forward,pilot_free_der_m,,,0.02387392400550025,0.9992756031871768,True,1,True,1,,True,0.8987442800108182,0.7153351863264703,0.9999999999999859,284572.85472591495,0.028240010256893527,0.13879897685185888,1.3979460525846383,1.9762730676991844,2.3125648581306666e-06
5073.12,True,forward,pilot_free_der_m,,,0.02379066894587209,0.9992808165473115,True,1,True,1,,True,0.8987462397117469,0.7152172549712307,0.9999999999989801,284529.15852744173,0.028202179028536598,0.13885266951624456,1.398176558309132,1.9767389055470308,2.3122442497223653e-06
5075.92,True,forward,pilot_free_der_m,,,0.023721187655792633,0.9992852426617352,True,1,True,1,,True,0.8987592322272414,0.7150796925820301,0.999999999999281,284432.9155285575,0.02814951259993901,0.1389431143792242,1.3984455304393453,1.9773060119485288,2.312237955180864e-06
5078.42,True,forward,pilot_free_der_m,,,0.02367089847290305,0.99928846281318,True,1,True,1,,True,0.8987429146517161,0.7150048118806822,0.9999999999999999,284317.13242605934,0.028105000044082954,0.13904372397114556,1.398591986212922,1.97756332636682,2.3127500080871555e-06
5081.22,True,forward,pilot_free_der_m,,,0.02364306276743056,0.9992903519375784,True,1,True,1,,True,0.8987923371974882,0.7148969532959364,0.9999999999999999,284255.90242222924,0.028062102042925186,0.13910765154489751,1.3988029958578425,1.9780945377299535,2.3126292073325484e-06
5083.62,True,forward,pilot_free_der_m,,,0.023645041348971284,0.9992904166657464,True,1,True,1,,True,0.8987982869382696,0.7147951527050436,0.9999999999999999,284192.8643013395,0.028023167796259327,0.13917148783292393,1.3990022123340344,1.9785064718522702,2.312557736122476e-06
5086.42,True,forward,pilot_free_der_m,,,0.023706591602373463,0.9992868915648481,True,1,True,1,,True,0.8987685785545558,0.7146500703514731,0.999999999999997,284087.6712889185,0.02797339329588803,0.13926147577069362,1.3992862262060446,1.979009638342762,2.312580624112432e-06
5089.02,True,forward,pilot_free_der_m,,,0.023791481012911352,0.9992819393499636,True,1,True,1,,True,0.8987420478768986,0.7145136468082944,0.9999999999999999,284004.9309429937,0.02792912701658211,0.13933651956332374,1.3995533947699421,1.9794860171442012,2.3124702671629777e-06
5091.42,True,forward,pilot_free_der_m,,,0.023896927885065103,0.999275717998117,True,1,True,1,,True,0.8987475466444946,0.7144093028768721,0.9999999999999999,283929.3347504555,0.027890876958915498,0.1394008542968487,1.3997578082663198,1.9799072914080846,2.3124859657477345e-06
5093.92,True,forward,pilot_free_der_m,,,0.02403339122490379,0.999267586231333,True,1,True,1,,True,0.8987361382128937,0.71429962577666,0.9999999999999987,283845.89474481496,0.027850473045937366,0.13947236291515164,1.3999727340087795,1.9803123415832005,2.3125347858706594e-06
5096.42,True,forward,pilot_free_der_m,,,0.02419244221170349,0.9992580241753962,True,1,True,1,,True,0.8987185646317472,0.7141998513722053,0.999999999999966,283747.1775794692,0.02780936056242263,0.13955302414871543,1.4001683115428372,1.980665052745994,2.312765032867801e-06
5099.22,True,forward,pilot_free_der_m,,,0.02439306397125203,0.9992458524636498,True,1,True,1,,True,0.8986803653838886,0.7140205339166839,0.9999999999997727,283681.43185764493,0.02776057977505564,0.13962225631851466,1.4005199465544484,1.981284570792984,2.3122684108580167e-06
5101.820000000001,True,forward,pilot_free_der_m,,,0.024599755251357054,0.9992331933143592,True,1,True,1,,True,0.8986515554562919,0.7138860947076584,0.9999999999680216,283586.58402940707,0.027715375879215114,0.13970177617345575,1.4007836927787884,1.9817488256385507,2.312267114358338e-06
5104.62,True,forward,pilot_free_der_m,,,0.024842954824154436,0.999218150230722,True,1,True,1,,True,0.8986290042577818,0.7137451078108525,0.9999999999999519,283470.47134544037,0.02766403780207851,0.13979903704073454,1.4010603912467852,1.982252741491098,2.312401340004821e-06
5107.12,True,forward,pilot_free_der_m,,,0.025081659151591437,0.9992032307345421,True,1,True,1,,True,0.8986325898200641,0.7135800837787487,0.9999999999999999,283443.46165396954,0.02762384687672512,0.1398400470593038,1.401384403421856,1.9829089338075336,2.311669855378222e-06
5109.52,True,forward,pilot_free_der_m,,,0.02533676906788822,0.9991871153512403,True,1,True,1,,True,0.8985807191925871,0.7134931232228201,0.9999999999999999,283290.1077538811,0.027577776938946082,0.1399535369274025,1.4015552041805808,1.9831361791308242,2.312419279927737e-06
5112.12,True,forward,pilot_free_der_m,,,0.025634083632849136,0.9991681215448699,True,1,True,1,,True,0.898531200454511,0.7133503386460618,0.9999999999999479,283177.67675868614,0.02752858278650381,0.14004744633969063,1.4018357402029793,1.9835880757782105,2.312512715788426e-06
5114.72,True,forward,pilot_free_der_m,,,0.02595893610340232,0.9991471062264298,True,1,True,1,,True,0.8985066169484126,0.713212905518136,0.9999999999999388,283085.5051479299,0.027482933459325214,0.1401263869724075,1.4021058680555665,1.9840741250548437,2.3124714507981446e-06
5117.42,True,forward,pilot_free_der_m,,,0.026314187777039085,0.999123820680297,True,1,True,1,,True,0.8984665053840176,0.7130720673638524,0.9999999999999999,282967.4464678074,0.027432725246528747,0.14022204389041326,1.4023827965900948,1.9845394203921636,2.312621832624296e-06
5119.92,True,forward,pilot_free_der_m,,,0.026536498827057366,0.9991091111742294,True,1,True,1,,True,0.8983319436946792,0.7128385247196137,0.9999999999999999,282919.3516201108,0.027370599675563594,0.14035627622767605,1.4028422501341908,1.9851609257893021,2.311663811169119e-06
5122.820000000001,True,forward,pilot_free_der_m,,,0.02679585463019261,0.9990917991952833,True,1,True,1,,True,0.8981641173609344,0.7125491340248395,0.9999999999999264,282890.00619191467,0.02729975826061091,0.14049961931100133,1.4034119925897859,1.9859289958459525,2.3102284336404137e-06
5130.42,True,forward,pilot_free_der_m,,,0.027482715767472885,0.9990451646502924,True,1,True,1,,True,0.8976903263596403,0.711851546017515,0.9999999999999999,282703.75431456737,0.027106663335349095,0.14094298948311623,1.4047872840826774,1.9876287078750463,2.3077063599102646e-06
5138.22,True,forward,pilot_free_der_m,,,0.028202005014068665,0.9989951207608517,True,1,True,1,,True,0.8972999824902528,0.7110724741079907,0.9999999999999999,282582.2629734154,0.02691536034672794,0.1413103056685292,1.406326410334553,1.9898368383743088,2.3041744703775593e-06
5146.42,True,forward,pilot_free_der_m,,,0.02896832319264106,0.9989404328579723,True,1,True,1,,True,0.8968480197376354,0.7102458281047445,0.9999999999999997,282426.6345061482,0.02670848185442829,0.14172561475638953,1.4079632155931838,1.9920993584154418,2.300634741207882e-06
5148.92,True,forward,pilot_free_der_m,,,0.028883067134677674,0.9989462278978817,True,1,True,1,,True,0.8968158310330083,0.7102463829879656,0.9999999999999954,282404.5793844517,0.02674091422898487,0.14162681197681729,1.4079621156155038,1.9920256665125173,2.3008176460645485e-06
5151.52,True,forward,pilot_free_der_m,,,0.02874006426559677,0.9989560828631447,True,1,True,1,,True,0.8967499648311841,0.7102872882030526,0.9999999999999999,282394.4068923196,0.0267932568126073,0.141482419103431,1.4078810315328716,1.9917176733788726,2.3011386964370974e-06
5154.02,True,forward,pilot_free_der_m,,,0.028608512698993754,0.998965065740354,True,1,True,1,,True,0.8967060475096655,0.7103351644043266,0.9999999999938669,282360.6964919022,0.026839257051980935,0.14136439774727455,1.407786141113326,1.9914309164197042,2.3016921948391727e-06
5156.42,True,forward,pilot_free_der_m,,,0.02848707543952272,0.9989733205344157,True,1,True,1,,True,0.8967023163623652,0.7104096671725204,0.9999999999999962,282351.576647025,0.026894220997694302,0.14121756481307568,1.4076385024151845,1.9911282279273959,2.3022003184962692e-06
5159.12,True,forward,pilot_free_der_m,,,0.028351112929094428,0.9989825319122072,True,1,True,1,,True,0.8965812427271013,0.7104161817314605,0.999999999999977,282308.43733891216,0.026938070900731987,0.14110020560715403,1.4076255942857734,1.9908336471751147,2.302590048895079e-06
5161.62,True,forward,pilot_free_der_m,,,0.028224792247957976,0.9989910738107594,True,1,True,1,,True,0.8965507108239867,0.7104532194950773,0.9999999999999925,282295.3461644722,0.02698552942773724,0.140967869264951,1.407552211123341,1.9906195419750352,2.3029124959859338e-06
5164.320000000001,True,forward,pilot_free_der_m,,,0.02800019101144249,0.9990066740037553,True,1,True,1,,True,0.8965789631383575,0.7105849457136265,0.9999999999999999,282264.8427634071,0.027038348387599397,0.14084081294999334,1.4072912830931417,1.9901620048064708,2.3039283654259262e-06
5166.820000000001,True,forward,pilot_free_der_m,,,0.027793139646923485,0.9990209520864295,True,1,True,1,,True,0.8966005968369314,0.7107060637505042,0.9999999999999999,282250.5983896379,0.0270891397526673,0.14071599270712387,1.4070514534839447,1.9897317940644175,2.3047497578554102e-06
5169.320000000001,True,forward,pilot_free_der_m,,,0.02757282959722949,0.9990360425869201,True,1,True,1,,True,0.8965892803631609,0.7107866731470065,0.9999999999999999,282215.4727409842,0.027132230563952472,0.14061060242079457,1.4068918816000053,1.9893884787740543,2.305505883620707e-06
5172.02,True,forward,pilot_free_der_m,,,0.027326250391664777,0.9990528361686852,True,1,True,1,,True,0.896629439183604,0.7108677684584852,0.9999999999999873,282201.2069121992,0.02718144978702652,0.140473638829977,1.4067313843311318,1.9891575137361943,2.306094487758706e-06
5174.52,True,forward,pilot_free_der_m,,,0.02710467447376094,0.9990678097857915,True,1,True,1,,True,0.8966314198129673,0.7109804655451003,0.9999999999999862,282151.9072713704,0.02722471617848255,0.1403790563155459,1.4065084041842106,1.9887172135107887,2.307153443944401e-06
5177.12,True,forward,pilot_free_der_m,,,0.02688980647276093,0.9990822109914484,True,1,True,1,,True,0.8967138713119451,0.7111278835198328,0.9999999999852187,282138.45323065657,0.027278330062729006,0.14024933834392012,1.4062168326680857,1.9883185209761438,2.308121448231945e-06
5179.72,True,forward,pilot_free_der_m,,,0.026698450079085313,0.999094917970807,True,1,True,1,,True,0.8967977569776872,0.7113020204515922,0.9999999999810403,282128.0853331949,0.027337493945144765,0.14011087859549176,1.405872570622194,1.9878177532387005,2.3092195253087145e-06
5182.320000000001,True,forward,pilot_free_der_m,,,0.026526657587501744,0.999106225317362,True,1,True,1,,True,0.8967940770707352,0.711439396917946,0.9999999999837069,282109.6981431244,0.02739047825818315,0.13999041187055103,1.405601101535627,1.9872680119161665,2.3101692343694795e-06
5184.72,True,forward,pilot_free_der_m,,,0.02637392731469782,0.9991162119661967,True,1,True,1,,True,0.8968760565786842,0.7116231154769103,0.9999999999999999,282075.8550634457,0.027447142145535793,0.13986565496764766,1.405238219854378,1.9867256128140718,2.3115150447462133e-06
5187.12,True,forward,pilot_free_der_m,,,0.026201517557568985,0.9991274573517245,True,1,True,1,,True,0.8969207515026415,0.7117445218596423,0.9999999999999903,282097.6246294499,0.02750064836864435,0.1397264167826801,1.4049985202375646,1.9863462923255755,2.3120426158214955e-06
5189.92,True,forward,pilot_free_der_m,,,0.02600379426949262,0.9991402647922104,True,1,True,1,,True,0.8969787041610643,0.711930905566719,0.9999999999793309,282053.21716531576,0.02755746412791313,0.13960906608659115,1.404630691209142,1.9857405341492291,2.3134903025740187e-06
5192.42,True,forward,pilot_free_der_m,,,0.025810190650224225,0.9991527444031192,True,1,True,1,,True,0.8970752524152789,0.7120843655933565,0.9999999999999999,282095.31892887637,0.02762077203056345,0.13944379996532563,1.4043279817929055,1.9853500324216975,2.3140368796420034e-06
5195.12,True,forward,pilot_free_der_m,,,0.02562456884536857,0.9991645937337336,True,1,True,1,,True,0.8971117764965485,0.7121972064475178,0.9999999999999999,282138.4519302259,0.027679131218891675,0.1392878501825374,1.40410547941919,1.9849866861295289,2.3143386578802366e-06
5197.62,True,forward,pilot_free_der_m,,,0.02544789433005012,0.9991758038350201,True,1,True,1,,True,0.8971600277678544,0.7123320543037762,0.9999999999998171,282132.16213481425,0.027730836665684027,0.13916782808489073,1.4038396755530027,1.9845627746766918,2.3151735017991817e-06
5200.22,True,forward,pilot_free_der_m,,,0.025266923085117375,0.9991872049807986,True,1,True,1,,True,0.8972070590116956,0.7124519538879289,0.9999999999999999,282162.64835967065,0.027786585167544255,0.13902323462087396,1.403603421315486,1.9841950844488985,2.3156195576065302e-06
5208.12,True,forward,pilot_free_der_m,,,0.024724551650544293,0.9992209138763769,True,1,True,1,,True,0.8973260180459911,0.7128372117084772,0.9999999999995148,282230.1703192705,0.027957118665666258,0.1385956949440892,1.4028448341000415,1.982943161966257,2.3173010748160003e-06
5215.820000000001,True,forward,pilot_free_der_m,,,0.0242031831150435,0.9992526589506899,True,1,True,1,,True,0.8974160575154564,0.7132604263255364,0.9999999999999999,282239.6995250667,0.02811567003308395,0.13825412572421056,1.4020124530834321,1.981479339506238,2.319676842157933e-06
5224.02,True,forward,pilot_free_der_m,,,0.02365174404784797,0.9992855251846721,True,1,True,1,,True,0.8974471097835496,0.7137458489222439,0.9999999999999999,282273.30798793846,0.028277125932426133,0.1379793942670991,1.401058936468772,1.9796427368795728,2.322212872017752e-06
5226.42,True,forward,pilot_free_der_m,,,0.023513194663347496,0.9992936704697668,True,1,True,1,,True,0.8974118982158491,0.7138557111252366,0.9999999999999999,282256.04259327496,0.02831189179029815,0.13793385249347073,1.4008433138732193,1.9791342117862722,2.3229911070055994e-06
5229.22,True,forward,pilot_free_der_m,,,0.02366496249405862,0.9992847522255753,True,1,True,1,,True,0.8973464435302032,0.713749004378389,0.9999999999999999,282244.8647781126,0.028256860044417107,0.13808514235148125,1.4010527424425758,1.979408305565058,2.3224651677893104e-06
5231.62,True,forward,pilot_free_der_m,,,0.02380449649302706,0.9992764357358485,True,1,True,1,,True,0.8972345808350587,0.7136616478161422,0.999999999999962,282187.73043086735,0.02821034817250751,0.13822933741325535,1.4012242398902008,1.9795041570709468,2.322429329308918e-06
5234.12,True,forward,pilot_free_der_m,,,0.02394685597206782,0.9992679016815739,True,1,True,1,,True,0.8971778201747496,0.7135739771418717,0.9999999999728637,282197.20769904484,0.0281732937673536,0.13832951186350698,1.401396396177779,1.9797228169301562,2.321843388909029e-06
5236.820000000001,True,forward,pilot_free_der_m,,,0.024102497684268167,0.9992585188865006,True,1,True,1,,True,0.8970745149865036,0.7134352274132226,0.9999999999667116,282195.2133540429,0.028124501414665146,0.13845450193901573,1.401668941401334,1.9800391933555088,2.3210557529458145e-06
5239.320000000001,True,forward,pilot_free_der_m,,,0.024251752436980786,0.9992494586558683,True,1,True,1,,True,0.8969858539630631,0.7133526115794968,0.9999999999723013,282169.3842350567,0.028082192570196465,0.13858225228352,1.4018312735382201,1.9801676656350162,2.320789330232615e-06
5242.02,True,forward,pilot_free_der_m,,,0.024466946086432184,0.9992361675605768,True,1,True,1,,True,0.8968472286701821,0.7131618067044777,0.9999999999999999,282166.84837837494,0.028031927138619323,0.13870417134067864,1.4022063304553591,1.9806104494177084,2.319703911567237e-06
5244.62,True,forward,pilot_free_der_m,,,0.02467658740298428,0.9992231083976746,True,1,True,1,,True,0.8967054180116432,0.7130406843971708,0.9999999999999988,282087.2221979069,0.027982140642651407,0.13886075918591786,1.4024445194812878,1.9807727202791214,2.319656062189938e-06
5247.22,True,forward,pilot_free_der_m,,,0.024895702488719362,0.9992093466652934,True,1,True,1,,True,0.8965928690045272,0.7128922784267346,0.9999999999999999,282095.7493575303,0.027940222699226826,0.13896611458218136,1.4027364726223106,1.981106769364364,2.318724854216881e-06
5249.62,True,forward,pilot_free_der_m,,,0.025103997628612144,0.9991961392553294,True,1,True,1,,True,0.8964654408793262,0.7127232731956851,0.9999999999999999,282102.9889246843,0.027898478928009413,0.1390639010736592,1.4030690979350695,1.9814889064304853,2.3176844993180076e-06
5252.22,True,forward,pilot_free_der_m,,,0.025331909619830055,0.9991815577972224,True,1,True,1,,True,0.896297245724654,0.7125588675740196,0.9999999999999999,282090.199702071,0.027851639841546247,0.13919083281577016,1.4033928219918212,1.9817629183193404,2.3168351098000626e-06
5254.820000000001,True,forward,pilot_free_der_m,,,0.025549354580888937,0.9991675223767652,True,1,True,1,,True,0.8961022866595109,0.712393315760905,0.9999999999555012,282007.7239956465,0.027796246250205568,0.13935588295871248,1.4037189538863153,1.9819822547681092,2.316551018972603e-06
5257.42,True,forward,pilot_free_der_m,,,0.025756058574834054,0.9991540722304392,True,1,True,1,,True,0.8959802264180033,0.7121826679319432,0.9999999999540895,282024.08200996404,0.027747758279950876,0.13946098756572373,1.4041341428006366,1.9825401209650502,2.3151927091455846e-06
5259.92,True,forward,pilot_free_der_m,,,0.025944733284494332,0.9991417054140439,True,1,True,1,,True,0.8958099585611687,0.711974317423337,0.9999999999999999,282017.7021421393,0.027696638226481742,0.13958433579416848,1.4045450454154569,1.9829824394509143,2.3140340325378757e-06
5262.42,True,forward,pilot_free_der_m,,,0.02613147100777953,0.9991293796396827,True,1,True,1,,True,0.8956229643905742,0.7117312541257207,0.9999999999999084,282007.9344509121,0.027640848417929947,0.13971108858050166,1.4050247115089705,1.9835243667553475,2.312700774450148e-06
5264.92,True,forward,pilot_free_der_m,,,0.026334589296459515,0.9991158682285505,True,1,True,1,,True,0.895467187383311,0.7115466662921447,0.9999999999998005,281980.99484386155,0.027590875995315057,0.13984124511023008,1.4053891998549868,1.9839055248794573,2.3118478602410334e-06
5267.42,True,forward,pilot_free_der_m,,,0.02653726103411173,0.9991022849217845,True,1,True,1,,True,0.8952777469639296,0.7113707650408277,0.9999999999999999,281912.1721381327,0.027536289457650406,0.1399985672222827,1.4057367116325152,1.9841779610970738,2.311388360291073e-06
5270.02,True,forward,pilot_free_der_m,,,0.026762511316253595,0.9990870640747311,True,1,True,1,,True,0.8951229547753947,0.7111838237800646,0.9999999999604458,281860.08565836074,0.02748237603576528,0.14014282947528084,1.4061062225027467,1.9845706799305063,2.3107268131156373e-06
5272.72,True,forward,pilot_free_der_m,,,0.02697877927759291,0.9990723403198573,True,1,True,1,,True,0.8949716521661855,0.7109818327762223,0.9999999999999999,281836.5412830565,0.027428832385137304,0.14027607900709702,1.4065056994427374,1.9850304854888905,2.309743041046196e-06
5275.12,True,forward,pilot_free_der_m,,,0.027177440753385525,0.999058712907194,True,1,True,1,,True,0.8948187619180614,0.7108174444341365,0.9999999999999999,281773.7107169159,0.027378387721687526,0.1404158030072642,1.406830977250529,1.9853387691421882,2.309299831983341e-06
5277.72,True,forward,pilot_free_der_m,,,0.027393093349307635,0.9990438123460211,True,1,True,1,,True,0.8946590169667217,0.710625334841129,0.9999999999999941,281750.7537732781,0.027327466146288636,0.14054617721558865,1.407211298234335,1.9857410994297102,2.308367735551341e-06
5285.62,True,forward,pilot_free_der_m,,,0.028059268708600545,0.9989970540901745,True,1,True,1,,True,0.8941881941683878,0.7100824497536565,0.9999999999999999,281553.57959857926,0.027160336753643134,0.14101201937361746,1.4082871648875737,1.9868354103735317,2.3068143891885793e-06
5293.42,True,forward,pilot_free_der_m,,,0.028732409379756,0.9989486892829522,True,1,True,1,,True,0.893710309540365,0.7095196723427684,0.9999999999999999,281392.31914304825,0.026995607920822538,0.14146182857248668,1.409404191286328,1.9879931068766472,2.304845396206747e-06
5301.72,True,forward,pilot_free_der_m,,,0.029493948109516135,0.9988927592329563,True,1,True,1,,True,0.8936160400890771,0.7087045660443047,0.9999999999999999,281395.6093466521,0.026869514551021316,0.14144171194287175,1.4110251971164596,1.9910031840017017,2.3000464962261397e-06
5304.22,True,forward,pilot_free_der_m,,,0.029806013841042162,0.9988695346573709,True,1,True,1,,True,0.8935647820617995,0.7084054195438404,0.9999999999998694,281377.1510137254,0.02680751762944462,0.1414969922456951,1.411621046947656,1.9920721921976423,2.2984443242825094e-06
5306.72,True,forward,pilot_free_der_m,,,0.029616902664128277,0.9988831510580992,True,1,True,1,,True,0.8936159722330728,0.7084457316847922,0.9999999999999999,281402.1938942398,0.026884939353357878,0.1412186186995969,1.4115407225643763,1.9920268070717984,2.2984760447413677e-06
5309.320000000001,True,forward,pilot_free_der_m,,,0.029413147346340672,0.9988977949308577,True,1,True,1,,True,0.8936846949646599,0.7085283173903879,0.9999999999999997,281444.787312074,0.02697169109623904,0.14092199151312151,1.4113761940851484,1.9918532530133022,2.298612102931023e-06
5311.72,True,forward,pilot_free_der_m,,,0.029225237099895916,0.9989112355248458,True,1,True,1,,True,0.8937095741224754,0.7085873686553472,0.9999999999998868,281431.0275367581,0.02704058177022616,0.14068937932045977,1.411258574785971,1.9916751025549344,2.2990704707568963e-06
5314.42,True,forward,pilot_free_der_m,,,0.029014238833729996,0.9989262442905544,True,1,True,1,,True,0.8938145189986629,0.7086290585066664,0.9999999999999999,281494.8394512765,0.027125123081357467,0.1403756986816774,1.4111755480467536,1.9917440570841423,2.2987934824252116e-06
5316.820000000001,True,forward,pilot_free_der_m,,,0.028827987119940217,0.9989394109455642,True,1,True,1,,True,0.893858840586491,0.7086900672622369,0.9999999999999191,281505.0495226307,0.02719749883112412,0.140128553338335,1.4110540646675787,1.9916014965638482,2.2990674046108616e-06
5319.52,True,forward,pilot_free_der_m,,,0.028602943802174385,0.9989553050651858,True,1,True,1,,True,0.8939428299497677,0.7087541845900073,0.9999999999999303,281538.21214973764,0.027279122157498212,0.1398388476794774,1.410926413899623,1.9915350264536615,2.2991720161846588e-06
5322.12,True,forward,pilot_free_der_m,,,0.028387533808636078,0.9989704127349034,True,1,True,1,,True,0.8939978654757684,0.7088390757569222,0.9999999999998614,281529.2697047703,0.027356321660497285,0.1395822708244595,1.4107574401595,1.9913219017553803,2.299742057023553e-06
5324.52,True,forward,pilot_free_der_m,,,0.028188567411260846,0.9989842763174589,True,1,True,1,,True,0.8940635905926811,0.7089079610796818,0.9999999999999295,281546.3792851879,0.027428424505836938,0.13933595240774252,1.4106203553941028,1.991195899062431,2.3000055270089996e-06
5327.12,True,forward,pilot_free_der_m,,,0.027971882689639297,0.9989992847682299,True,1,True,1,,True,0.8941236900566545,0.7089574431705322,0.9999999999998614,281578.21695023024,0.0275054882532644,0.1390617153824861,1.4105219003382719,1.9911340909233177,2.30003505443425e-06
5329.72,True,forward,pilot_free_der_m,,,0.027756839355343444,0.9990140754016635,True,1,True,1,,True,0.8942213892449963,0.7090572334361408,0.9999999999999106,281592.5311614637,0.02758689555177697,0.13879224115373173,1.4103233883587096,1.9909571060385192,2.3005020409242536e-06
5332.42,True,forward,pilot_free_der_m,,,0.027538850102717505,0.9990289556841183,True,1,True,1,,True,0.8943145796397918,0.7091613578197002,0.9999999999999998,281586.0232071151,0.027669436421242363,0.13852209715620298,1.4101163141128783,1.9907529629538323,2.301164385168368e-06
5335.02,True,forward,pilot_free_der_m,,,0.027331303434501644,0.9990430212851873,True,1,True,1,,True,0.894371255616721,0.7092215189484748,0.9999999999999999,281627.6943718247,0.02774983269815121,0.13824263445975293,1.4099966981862688,1.9906413256168862,2.301175762557121e-06
5337.820000000001,True,forward,pilot_free_der_m,,,0.0271130625337327,0.9990576978328056,True,1,True,1,,True,0.8944558460667252,0.7093161022518494,0.9999999999998801,281642.4575690985,0.02783631202754156,0.13795499785760207,1.4098086830754346,1.9904557787996702,2.301608237354179e-06
5340.320000000001,True,forward,pilot_free_der_m,,,0.026920503207092276,0.9990705555505982,True,1,True,1,,True,0.8945572458192762,0.7093956126850232,0.9999999999998902,281673.5621869562,0.027915377293093034,0.1376853758700148,1.4096506689898258,1.9903672069740246,2.3018189131388846e-06
5343.02,True,forward,pilot_free_der_m,,,0.026712030399611758,0.9990843860558526,True,1,True,1,,True,0.8946381711528556,0.7094736890418674,0.9999999999999999,281708.2639184437,0.028000145097239335,0.13739764336258575,1.4094955393631068,1.9902387434398559,2.301991705204613e-06
5345.42,True,forward,pilot_free_der_m,,,0.02652783085151616,0.9990965245818683,True,1,True,1,,True,0.8947173022283997,0.709563197129763,0.9999999999998881,281698.08408702887,0.02807233643220578,0.13716406566215725,1.4093177380745845,1.9900611289900418,2.3025979923859155e-06
5348.02,True,forward,pilot_free_der_m,,,0.026327283719720387,0.9991096583073582,True,1,True,1,,True,0.8948240957134581,0.7096454582614968,0.9999999999998807,281755.2410067744,0.028158439147498323,0.13687072147203136,1.4091543718883228,1.9899736736395006,2.3026114675893253e-06
5350.62,True,forward,pilot_free_der_m,,,0.026137506585632415,0.9991219796187334,True,1,True,1,,True,0.894872568915717,0.7097029223195392,0.9999999999999392,281766.92477404757,0.028234408119407715,0.1366131141155163,1.4090402738255818,1.9898544750329077,2.302851647165476e-06
5353.12,True,forward,pilot_free_der_m,,,0.025957574782836813,0.9991335836980703,True,1,True,1,,True,0.8949843497701814,0.7097939778072946,0.9999999999999999,281800.02193969727,0.02831581608450118,0.1363431047433742,1.408859515953085,1.9897433624102865,2.3031129255477154e-06
5355.72,True,forward,pilot_free_der_m,,,0.02577169590929309,0.9991454951649544,True,1,True,1,,True,0.895029546021198,0.7098615191736746,0.9999999999998783,281824.1269191888,0.02839391528589835,0.1360845603107138,1.4087254668543576,1.9895770923415332,2.30331027826988e-06
5363.320000000001,True,forward,pilot_free_der_m,,,0.025237870759413708,0.9991792627804607,True,1,True,1,,True,0.8952930434131415,0.7100460393538449,0.9999999999999999,281915.85189073416,0.028628393032373755,0.135283759622433,1.4083593803438696,1.9894340827783088,2.3036376170159003e-06
5371.02,True,forward,pilot_free_der_m,,,0.02471127568058017,0.9992119290246578,True,1,True,1,,True,0.8955107438355545,0.7102542221894798,0.9999999999974253,282010.6343649596,0.028867661767882066,0.1344923705391738,1.4079465756849072,1.9890958349844445,2.304077400792595e-06
5379.22,True,forward,pilot_free_der_m,,,0.02412216251443946,0.999247678102567,True,1,True,1,,True,0.8952944074849647,0.7107593087790052,0.9999999999999934,281914.56003339216,0.029058909890999317,0.13426597290592918,1.4069460472038942,1.9866232191163573,2.3078072923578832e-06
5381.72,True,forward,pilot_free_der_m,,,0.02394346372564839,0.9992583664201978,True,1,True,1,,True,0.8952049656294724,0.7109021716130575,0.9999999999449389,281856.53119683807,0.029108912698805948,0.1342259581136003,1.4066633073801282,1.9858617936190628,2.3091150430274994e-06
5384.42,True,forward,pilot_free_der_m,,,0.02392130572213833,0.9992595441668518,True,1,True,1,,True,0.8951136227891583,0.7109285340746262,0.9999999999999999,281855.52141999465,0.02912447614289776,0.13423513623008157,1.4066111459454094,1.9855553144077185,2.309276937080804e-06
5386.92,True,forward,pilot_free_der_m,,,0.023882093959093114,0.9992618670448771,True,1,True,1,,True,0.8949935752458696,0.71094683454351,0.9999999999997379,281779.9968277496,0.029115405539258003,0.13432397485266218,1.4065749383944093,1.9852169450646535,2.3100025518348936e-06
5389.320000000001,True,forward,pilot_free_der_m,,,0.023841354004940297,0.9992642727210079,True,1,True,1,,True,0.8948940166724288,0.7109398278174898,0.9999999999999101,281784.2221918248,0.02911646818931124,0.1343586009378956,1.406588801009791,1.9850237038046388,2.3099270746627887e-06
5392.02,True,forward,pilot_free_der_m,,,0.023794494634644815,0.999267034461024,True,1,True,1,,True,0.8948104010225661,0.710966380804237,0.9999999999999999,281737.1266510261,0.02911520359344809,0.13442094585057207,1.4065362680986566,1.9847336745054398,2.310467992092242e-06
5394.42,True,forward,pilot_free_der_m,,,0.023754890165818898,0.9992693571013168,True,1,True,1,,True,0.8947167599378496,0.7109693197322815,0.9999999999999825,281724.3059523885,0.029115816127937885,0.1344621306329683,1.4065304539111994,1.984514403164274,2.3105902692188747e-06
5397.22,True,forward,pilot_free_der_m,,,0.023713564197055455,0.999271756826793,True,1,True,1,,True,0.8946174073074636,0.7110051528920751,0.9999999999442143,281659.4035192204,0.029114114302160966,0.13453558362535115,1.406459567665055,1.984152979856627,2.31133162613443e-06
5399.820000000001,True,forward,pilot_free_der_m,,,0.02367563085837321,0.9992739550680267,True,1,True,1,,True,0.8945054831614216,0.7110289891406493,0.9999999999999999,281618.38723270956,0.029114558648330086,0.1345941198701799,1.40641241816118,1.9838109338905785,2.311807253549134e-06
5402.22,True,forward,pilot_free_der_m,,,0.023641684755196218,0.9992759170570504,True,1,True,1,,True,0.8944043382163698,0.7110422785170315,0.999999999949702,281588.05241882545,0.029115175843886842,0.13464241440129482,1.406386132249869,1.9835343229271223,2.3121337981319714e-06
5404.92,True,forward,pilot_free_der_m,,,0.023604596846235375,0.9992780534246559,True,1,True,1,,True,0.8943007678472377,0.711049516938481,0.9999999999402501,281554.8012582736,0.029113451182879405,0.13469983435229063,1.4063718153496316,1.9832761537797956,2.31244907352995e-06
5407.42,True,forward,pilot_free_der_m,,,0.02357055045052082,0.9992800106741293,True,1,True,1,,True,0.8942032711609151,0.7110695079926674,0.9999999999999999,281524.99175689666,0.029114730726196962,0.1347496735938234,1.4063322766053863,1.9829812933695938,2.312810531060717e-06
5410.12,True,forward,pilot_free_der_m,,,0.023529679311420214,0.9992823700098507,True,1,True,1,,True,0.8940906796147863,0.7110993715346242,0.9999999999422979,281474.4748474634,0.029114394508395678,0.13481556863935523,1.4062732157732005,1.9826141515278883,2.3133998265431647e-06
5412.72,True,forward,pilot_free_der_m,,,0.023490261357707064,0.9992846423840291,True,1,True,1,,True,0.8939923341152507,0.7111203133265912,0.9999999999999999,281430.01777562714,0.02911384698584101,0.13487435118363483,1.4062318024949134,1.9823137197060263,2.3138874490884333e-06
5415.62,True,forward,pilot_free_der_m,,,0.023444561527912446,0.9992872785138026,True,1,True,1,,True,0.8938704714214454,0.7111431619927616,0.9999999999999786,281375.46055587445,0.02911133259108137,0.13494846740974598,1.406186620986109,1.9819536688385335,2.314469424164016e-06
5418.02,True,forward,pilot_free_der_m,,,0.02340616308178821,0.999289492000291,True,1,True,1,,True,0.893771301679631,0.7111385215037428,0.9999999999999999,281356.50139838055,0.02911088429078262,0.13499128383526532,1.406195796967155,1.9817520255277492,2.3145983050954872e-06
5420.72,True,forward,pilot_free_der_m,,,0.023365309723186834,0.9992918364434655,True,1,True,1,,True,0.8936599121463148,0.7111736892672844,0.9999999999411623,281288.31267229374,0.029109472241210927,0.13506390219230355,1.4061262600581483,1.981366811334522,2.3153646633915593e-06
5423.320000000001,True,forward,pilot_free_der_m,,,0.023326659329004434,0.9992940491284495,True,1,True,1,,True,0.8935298789102667,0.7111646417495514,0.999999999999963,281254.8257602213,0.029106284713259056,0.13512146469217626,1.4061441490395832,1.9811140657795228,2.315587523809532e-06
5426.12,True,forward,pilot_free_der_m,,,0.02328536107702319,0.9992964090184792,True,1,True,1,,True,0.8934315085759084,0.7111775438366489,0.9999999999999999,281224.826493403,0.029106758169259346,0.1351747008187814,1.4061186389621028,1.9808452629368662,2.3159098563400036e-06
5428.72,True,forward,pilot_free_der_m,,,0.023240708150128218,0.9992989780565541,True,1,True,1,,True,0.8933225524790207,0.711192142467689,0.9999999999999999,281178.3875019828,0.02910556794899686,0.13523394299873406,1.406089775584707,1.9805463381643236,2.3163775851967275e-06
5431.42,True,forward,pilot_free_der_m,,,0.023191992065222444,0.9993017818036289,True,1,True,1,,True,0.8932245876349671,0.7111654551775639,0.9999999999335123,281198.3234821423,0.029106976320016995,0.1352618844447793,1.4061425406044676,1.9804339853325899,2.3160575532210187e-06
5434.02,True,forward,pilot_free_der_m,,,0.023146301101237637,0.9993044015627508,True,1,True,1,,True,0.8931163298699193,0.7112281365452103,0.9999999999999999,281088.367563674,0.029103334161099195,0.1353536547427606,1.4060186157109849,1.979947756725509,2.3173296328470687e-06
5441.92,True,forward,pilot_free_der_m,,,0.02301022538050179,0.9993121701241672,True,1,True,1,,True,0.8927711599580913,0.7112833851414324,0.9999999999999999,280941.07469534205,0.02910021361670386,0.13553520501810873,1.40590940388852,1.9789656577964827,2.3188673843037555e-06
5449.62,True,forward,pilot_free_der_m,,,0.022877594130152588,0.999319694677758,True,1,True,1,,True,0.8924170343840284,0.7113944616691759,0.9999999999994218,280778.2820690848,0.029096176857793837,0.13576027553657405,1.405689886386068,1.9777448857733626,2.3208611385534305e-06
5457.52,True,forward,pilot_free_der_m,,,0.022765088195431656,0.9993260384117063,True,1,True,1,,True,0.8922701088999037,0.7113131875659248,0.9999999999999999,280724.9679674592,0.029116469666614526,0.13569582331922916,1.4058504994430734,1.977738081238748,2.320826741511395e-06
5460.12,True,forward,pilot_free_der_m,,,0.022687854687494315,0.9993304351142237,True,1,True,1,,True,0.8922261274754257,0.7113344396505227,0.9999999999999999,280705.6850549315,0.029138779275403853,0.13564649515674732,1.4058084977458678,1.9775572296583384,2.3211104334450694e-06
5462.72,True,forward,pilot_free_der_m,,,0.02261035537046624,0.9993348328092566,True,1,True,1,,True,0.8922001471629399,0.7113662673321957,0.9999999999967472,280670.7953354665,0.02916005082297569,0.13560408119307082,1.4057455995868364,1.9773748071704051,2.3215850828636384e-06
5465.42,True,forward,pilot_free_der_m,,,0.02254918755392693,0.9993381573858132,True,1,True,1,,True,0.8921376388757901,0.711418212792354,0.999999999999979,280642.4240390641,0.029198724705821986,0.13552560224681723,1.405642956587977,1.9770325580702297,2.322123547843913e-06
5467.820000000001,True,forward,pilot_free_der_m,,,0.02249730968276757,0.9993409757117736,True,1,True,1,,True,0.8920814613743164,0.711443864106764,0.9999999999999833,280595.06675901375,0.029225526171669625,0.13547234256087426,1.4055922757243946,1.9768074852996798,2.322665482160957e-06
5470.72,True,forward,pilot_free_der_m,,,0.02242266577923187,0.9993450638204212,True,1,True,1,,True,0.8920252873237667,0.7114535747128449,0.9999999999999999,280606.4834288041,0.029265280597098833,0.13536908796243166,1.405573090842389,1.9766449347588322,2.3226277704245174e-06
5473.22,True,forward,pilot_free_der_m,,,0.02235224138896676,0.9993489383861737,True,1,True,1,,True,0.8920038736049042,0.7115053031831895,0.9999999999999453,280575.5713383583,0.029298892244475197,0.13530030203523236,1.4054709016588705,1.9763946959432652,2.3231861885396734e-06
5475.92,True,forward,pilot_free_der_m,,,0.022290142250684486,0.9993522842733304,True,1,True,1,,True,0.8919103118213219,0.7114933594542979,0.9999999999999999,280566.04866943316,0.0293302874915396,0.13522273749646588,1.4054944950814174,1.9762342081072004,2.323195188678197e-06
5478.52,True,forward,pilot_free_der_m,,,0.02223121546757361,0.9993554490001298,True,1,True,1,,True,0.8918450979836859,0.7114972000835884,0.9999999999807176,280547.4094413615,0.02936151798257023,0.1351487913854335,1.4054869082594215,1.9760746588163618,2.3233720019252345e-06
5481.02,True,forward,pilot_free_der_m,,,0.022174686196401127,0.9993584776363723,True,1,True,1,,True,0.8917787754867512,0.7115143270471702,0.9999999999999999,280513.95741901675,0.02939261929009041,0.13508164991847077,1.4054530766092421,1.9758605864936196,2.3237492517931705e-06
5483.62,True,forward,pilot_free_der_m,,,0.02211482515655389,0.9993616848097658,True,1,True,1,,True,0.8917049971154339,0.7115017459014229,0.9999999999999993,280489.87118028925,0.02942100752487507,0.13501128183274258,1.4054779285651215,1.9757464213337126,2.3238751992276264e-06
5486.12,True,forward,pilot_free_der_m,,,0.022058469600290787,0.9993646942302319,True,1,True,1,,True,0.8916709794022948,0.7115193941486442,0.9999999999999619,280483.08925130795,0.02945478954901789,0.13492951619546964,1.4054430676432847,1.9756018941670888,2.324034630714509e-06
5488.92,True,forward,pilot_free_der_m,,,0.02200021763100981,0.9993677802043867,True,1,True,1,,True,0.8915793017229279,0.7115444823442716,0.9999999999808505,280445.87859532307,0.029489005949796677,0.13486150507340244,1.4053935133981033,1.9753004791585396,2.324489771784325e-06
5491.42,True,forward,pilot_free_der_m,,,0.02195161200000619,0.9993703355756399,True,1,True,1,,True,0.8915275777454305,0.7115556318711345,0.9999999999999999,280433.2107720511,0.029521257461070424,0.13478423472175552,1.405371491994745,1.9751422063430644,2.3246600058612813e-06
5494.12,True,forward,pilot_free_der_m,,,0.021902376350103968,0.9993729044048565,True,1,True,1,,True,0.8914907154413344,0.7116042833720464,0.9999999999999999,280395.254804849,0.029557420931883214,0.13471200903686983,1.405275408491565,1.9748699703691543,2.325259350688042e-06
5496.62,True,forward,pilot_free_der_m,,,0.02185899894549557,0.9993751529897803,True,1,True,1,,True,0.891432873830554,0.7116094199555466,0.9999999999999999,280396.81391386746,0.029590808390670728,0.13462859843891162,1.4052652648449604,1.9747217195629385,2.325276474558238e-06
5499.02,True,forward,pilot_free_der_m,,,0.021811835760738023,0.9993776238848886,True,1,True,1,,True,0.8913861203195116,0.7116335698923976,0.9999999999999307,280377.39497415686,0.02962226006254116,0.13455933541864903,1.4052175758812722,1.974523574974014,2.3255788261721805e-06
5501.62,True,forward,pilot_free_der_m,,,0.021762422840603063,0.9993802006077399,True,1,True,1,,True,0.8913147611307892,0.7116391980934302,0.9999999999999459,280352.1694238503,0.02965291507957593,0.13448949236536445,1.405206462318363,1.974343467692999,2.3258210104261825e-06
5504.320000000001,True,forward,pilot_free_der_m,,,0.02170931514071959,0.9993829739341735,True,1,True,1,,True,0.8912492015744286,0.7116745890557026,0.9999999999999991,280335.7611274235,0.029690423451170837,0.13441030773602788,1.4051365826154703,1.9740596836289657,2.3261642361618855e-06
5507.02,True,forward,pilot_free_der_m,,,0.021669441162288774,0.9993849908090183,True,1,True,1,,True,0.8912000079525089,0.7116718879080683,0.9999999999784679,280333.6051607887,0.029723883842253305,0.1343249216032115,1.4051419157751597,1.973961297550191,2.3261663204014594e-06
5509.42,True,forward,pilot_free_der_m,,,0.021632257154081076,0.9993868796078932,True,1,True,1,,True,0.891142165722598,0.7116743115128539,0.9999999999999999,280332.66483260965,0.029754898265721662,0.13424928121430657,1.4051371305987324,1.9738236925659298,2.3261883047792324e-06
5512.22,True,forward,pilot_free_der_m,,,0.021589879969283004,0.9993890237499657,True,1,True,1,,True,0.8910684619896483,0.7116863351069472,0.9999999999999075,280313.71938946727,0.02978933994676421,0.13417307152717559,1.4051133914909784,1.9736133805853386,2.326415883776534e-06
5519.820000000001,True,forward,pilot_free_der_m,,,0.021480329524156263,0.9993945216447632,True,1,True,1,,True,0.890888113171019,0.711717707662974,0.9999999999990826,280291.86636242527,0.029887187627818036,0.1339475883096038,1.4050514540135925,1.973091161454189,2.3267808575482398e-06
5527.52,True,forward,pilot_free_der_m,,,0.02137750246886326,0.9993996156966656,True,1,True,1,,True,0.8907098464366288,0.7117376138566406,0.9999999999999999,280268.96080076054,0.029984535490643293,0.13372019517996545,1.405012156911833,1.9726184692056359,2.327087515322215e-06
5535.72,True,forward,pilot_free_der_m,,,0.02128172083943089,0.9994042681819685,True,1,True,1,,True,0.890556832415727,0.7117241682526094,0.9999999999999999,280271.9368137622,0.03009543312652068,0.13341405542825058,1.4050386998310753,1.972332187539288,2.3269841193050416e-06
5538.22,True,forward,pilot_free_der_m,,,0.021237070056024248,0.9994065236589812,True,1,True,1,,True,0.8905076624139894,0.7117425084788082,0.9999999999999999,280251.4370234227,0.03013357874872135,0.1333198931961572,1.40500249470455,1.9721515568322268,2.3272616711746803e-06
5540.92,True,forward,pilot_free_der_m,,,0.02109385695317026,0.9994141078676415,True,1,True,1,,True,0.8905127156478084,0.7118392045299788,0.9999999999998921,280295.3996829736,0.03021940380432049,0.13310402360567364,1.4048116395333736,1.9717845973731987,2.327462433762932e-06
5543.42,True,forward,pilot_free_der_m,,,0.020964089438844705,0.9994209356460554,True,1,True,1,,True,0.8904952116886024,0.7119592231426355,0.9999999999999999,280278.18823711766,0.030294765147726756,0.13293814792150094,1.4045748232404844,1.9712766147802412,2.3283075173761964e-06
5545.820000000001,True,forward,pilot_free_der_m,,,0.02083649941637197,0.9994276191447496,True,1,True,1,,True,0.8904728220421391,0.7120448116755923,0.9999999999999999,280295.58301648014,0.03036837777517457,0.13276090122138848,1.4044059918740057,1.970892526272612,2.3286636357246512e-06
5548.52,True,forward,pilot_free_der_m,,,0.02069816140674754,0.9994348263743287,True,1,True,1,,True,0.8904557621227779,0.7121333313563155,0.9999999999999999,280308.2805872678,0.030447030684124434,0.1325703545291072,1.404231421235991,1.970508866141785,2.3290758056604084e-06
5551.02,True,forward,pilot_free_der_m,,,0.020573520409907092,0.9994412818405589,True,1,True,1,,True,0.8904489598943268,0.7122417270029623,0.999999999999959,280302.039498894,0.03051939590341719,0.13240743154943693,1.4040177120875144,1.9700703492998546,2.3297614608573634e-06
5553.72,True,forward,pilot_free_der_m,,,0.020365179692584345,0.9994522531483391,True,1,True,1,,True,0.8904907850373713,0.7123911811156669,0.9999999999999104,280318.65387843206,0.030598995527949167,0.13222269800068454,1.4037231601236597,1.9695791760836105,2.3304970038366765e-06
5556.320000000001,True,forward,pilot_free_der_m,,,0.02016719542628535,0.9994625806029876,True,1,True,1,,True,0.8905023848893452,0.7125634906748616,0.9999999999999999,280299.3674633177,0.030674038409567228,0.13206937572568545,1.4033837168010252,1.968932114148308,2.331664380670678e-06
5558.820000000001,True,forward,pilot_free_der_m,,,0.019976677154789547,0.9994724284812125,True,1,True,1,,True,0.890545883989761,0.7127013689442407,0.9999999999999999,280313.4742908008,0.03074735489799194,0.13190124012475626,1.4031122200331236,1.9684901750738737,2.332352585565929e-06
5561.42,True,forward,pilot_free_der_m,,,0.019777666334956912,0.9994826276334159,True,1,True,1,,True,0.8905758656235119,0.7128424669872787,0.9999999999999999,280324.17014007346,0.030822466543367365,0.1317313245863165,1.4028344919268758,1.968005932612435,2.3330877260430537e-06
5564.02,True,forward,pilot_free_der_m,,,0.019581621877505794,0.9994925797913952,True,1,True,1,,True,0.8905965885242324,0.7129856955760583,0.9999999999999998,280331.38668452704,0.030897327101135342,0.13156497856016416,1.402552682620158,1.967493079406825,2.3338640193364693e-06
5566.62,True,forward,pilot_free_der_m,,,0.019386922879882782,0.999502371154791,True,1,True,1,,True,0.8906373646468687,0.7131214490592718,0.9999999999999999,280339.5855663887,0.03097126550697343,0.13139594249910244,1.4022856854455432,1.9670538259179147,2.3345882568303864e-06
5569.320000000001,True,forward,pilot_free_der_m,,,0.019188112392969688,0.9995122722305031,True,1,True,1,,True,0.8906691627903578,0.713271091369179,0.9999999999999999,280342.796888232,0.03104842134922842,0.13122530963752424,1.401991489772034,1.9665407455206887,2.3354348669397184e-06
5572.12,True,forward,pilot_free_der_m,,,0.018981824346753846,0.999522446466836,True,1,True,1,,True,0.8907001587864967,0.7134279838277325,0.9999999999999999,280349.4993474326,0.031128999398659284,0.13104813238597757,1.4016831728897592,1.9659978188260505,2.3362944395957223e-06
5574.62,True,forward,pilot_free_der_m,,,0.018798911114598645,0.9995313815983732,True,1,True,1,,True,0.8907233601421093,0.7135645157374209,0.9999999999998624,280335.8760752776,0.031197825104693187,0.1309001733869866,1.4014149778263985,1.9655171813068406,2.337204426563202e-06
5577.42,True,forward,pilot_free_der_m,,,0.018612759024954902,0.9995403707142125,True,1,True,1,,True,0.8907753445778814,0.7137105280877591,0.9999999999999999,280350.7647230517,0.03127834382420168,0.13071581148874506,1.4011282735022763,1.9650632762430436,2.3379318103992025e-06
5579.92,True,forward,pilot_free_der_m,,,0.018447355446799867,0.9995482883230479,True,1,True,1,,True,0.8907949753662786,0.7138622752808791,0.9999999999999999,280335.15322717215,0.03134896329750908,0.13057021435014535,1.4008304327421364,1.964515833154293,2.3389467828684703e-06
5582.42,True,forward,pilot_free_der_m,,,0.01829775043636164,0.9995553741328853,True,1,True,1,,True,0.8908262867949851,0.7139843595953888,0.9999999999999999,280344.6544660368,0.03141937319726369,0.1304088660630417,1.400590904493615,1.9641097555219376,2.3395791473537505e-06
5585.02,True,forward,pilot_free_der_m,,,0.01811516852503517,0.9995639891332355,True,1,True,1,,True,0.8908628362419331,0.7141457733713924,0.9999999999997935,280318.1435939993,0.03149239860693776,0.13025765747003512,1.4002743379393248,1.9635623375836675,2.3407411610510553e-06
5587.42,True,forward,pilot_free_der_m,,,0.017959473503660478,0.9995712596871317,True,1,True,1,,True,0.8909049980242968,0.714332560036697,0.9999999999995561,280272.1166861053,0.031562649409314664,0.13012452913562134,1.3999081883488325,1.9629288205010893,2.3422140470706637e-06
5590.12,True,forward,pilot_free_der_m,,,0.017787250506903704,0.9995792332485417,True,1,True,1,,True,0.890961368071718,0.7144815764665797,0.9999999999999999,280282.85793986806,0.03164196487905897,0.12994484276354118,1.3996162153619582,1.9624736690403821,2.34299238661885e-06
5597.820000000001,True,forward,pilot_free_der_m,,,0.017317071321298384,0.9996006185361194,True,1,True,1,,True,0.8911034900475232,0.7149505894206992,0.9999999999999999,280243.02720825095,0.0318620991331083,0.12947988973068264,1.3986980566171248,1.9609643460066333,2.346056594753552e-06
5605.62,True,forward,pilot_free_der_m,,,0.016893069386362966,0.9996194220804993,True,1,True,1,,True,0.8914362482806774,0.715314174588624,0.9999999999999999,280270.9719375465,0.032112733385542866,0.12877897998094429,1.3979871160460342,1.9602847911545067,2.3479382278548386e-06
5613.62,True,forward,pilot_free_der_m,,,0.016470825428771284,0.9996376764189232,True,1,True,1,,True,0.8915454223783529,0.7158227957153294,0.9999999999999902,280212.90719535714,0.032333855600807156,0.1283611183523652,1.3969937895043976,1.95855170778563,2.3513826195181633e-06
5616.22,True,forward,pilot_free_der_m,,,0.016387289686003136,0.9996412467688601,True,1,True,1,,True,0.8915523977262803,0.7159057617587286,0.999999999978043,280182.60357164784,0.03236804380589401,0.1283022701717391,1.3968318924007468,1.9582453988320905,2.3521192300260158e-06
5618.92,True,forward,pilot_free_der_m,,,0.016475822934348773,0.9996375418084186,True,1,True,1,,True,0.891462800388576,0.7156885073877927,0.9999999999999999,280122.6549572796,0.03227311828267842,0.12849377408582155,1.397255914657512,1.9588908805034926,2.3513592591486286e-06
5621.42,True,forward,pilot_free_der_m,,,0.01657372791842133,0.9996334128545774,True,1,True,1,,True,0.8913856858631015,0.7154853228302607,0.9999999999999999,280056.431143902,0.0321780687823208,0.12868956693358033,1.397652709414469,1.9595094932736616,2.3507330432298436e-06
5624.22,True,forward,pilot_free_der_m,,,0.01668440541772311,0.9996287156008368,True,1,True,1,,True,0.8912957662633685,0.715256540627582,0.9999999999999999,279990.0389982235,0.0320731097506095,0.12890467772279443,1.3980997630900063,1.9601995464238113,2.3499584764725e-06
5626.820000000001,True,forward,pilot_free_der_m,,,0.01678406763563142,0.9996244626663308,True,1,True,1,,True,0.8912231188676859,0.7150474049463394,0.9999999999998725,279937.4738387567,0.03197935104114069,0.12909372161032331,1.398508676602941,1.960851629021841,2.3491814574936168e-06
5629.52,True,forward,pilot_free_der_m,,,0.016898847162838616,0.9996195136635939,True,1,True,1,,True,0.8911411381556171,0.7148438469552484,0.9999999999999999,279866.9361437564,0.0318818396601262,0.12929917532278387,1.3989069140894532,1.9614617814573727,2.3485870389637533e-06
5632.12,True,forward,pilot_free_der_m,,,0.017077308253275473,0.999611592979721,True,1,True,1,,True,0.8910123595411356,0.7145641489881646,0.9999999999999999,279813.4676055448,0.03178594598899428,0.12948314969049735,1.3994544806313296,1.9622650287961636,2.3474045243281546e-06
5634.72,True,forward,pilot_free_der_m,,,0.01726432571145374,0.9996032015837463,True,1,True,1,,True,0.8908804725194811,0.7142957690111034,0.9999999999999999,279750.148178476,0.0316900053839371,0.12967388415496,1.3999802930156449,1.9630178403023393,2.346369470083856e-06
5637.22,True,forward,pilot_free_der_m,,,0.017452702302677824,0.999594656123937,True,1,True,1,,True,0.8907565044433453,0.7140441983574305,0.9999999999999981,279690.91924985393,0.03159814881770729,0.129858688427604,1.4004735313309362,1.963723086128057,2.3453971235225806e-06
5639.62,True,forward,pilot_free_der_m,,,0.01764083052199185,0.9995860288112014,True,1,True,1,,True,0.8906426893833556,0.7137908367542185,0.9999999999999996,279636.59542459704,0.031509607932906546,0.13003131475764354,1.4009706324435938,1.964458023166014,2.34437214490717e-06
5642.42,True,forward,pilot_free_der_m,,,0.01786841261709222,0.9995754711612751,True,1,True,1,,True,0.8905049741146992,0.7135125616256117,0.9999999999999999,279568.8828239106,0.03140670670305898,0.13024072313038995,1.401517021258431,1.965237591656359,2.3433126323384915e-06
5644.820000000001,True,forward,pilot_free_der_m,,,0.018076495147930898,0.999565698062611,True,1,True,1,,True,0.8904009170517521,0.713269703111964,0.9999999999999999,279521.4468196629,0.03132022326033699,0.13041001909002614,1.4019942185081524,1.9659538848879028,2.342289219224976e-06
5647.52,True,forward,pilot_free_der_m,,,0.01833263719841198,0.9995535041669273,True,1,True,1,,True,0.890288829115994,0.7130227112788831,0.9999999999999999,279454.967065487,0.03122387374573337,0.13060958560351124,1.402479870811397,1.9666688877898875,2.341400215187786e-06
5650.12,True,forward,pilot_free_der_m,,,0.01860422666619574,0.9995403783433577,True,1,True,1,,True,0.8901735547751413,0.712788159022561,0.9999999999997485,279402.5752369516,0.031133261925854576,0.13079686833885937,1.4029413751359705,1.967328673370552,2.340465067447316e-06
5652.72,True,forward,pilot_free_der_m,,,0.018889194285178355,0.999526398740114,True,1,True,1,,True,0.890084267255774,0.7125440661453742,0.9999999999997198,279367.24003079813,0.03104362973144263,0.1309724913989954,1.403421974179627,1.9680834274419885,2.3393302481487816e-06
5655.22,True,forward,pilot_free_der_m,,,0.019127556343999267,0.9995145771526306,True,1,True,1,,True,0.8899832286131053,0.7123209544888329,0.9999999999999998,279313.2740670894,0.03095573272629048,0.13115602774823149,1.403861551030192,1.9687306623667566,2.3384736018284016e-06
5657.62,True,forward,pilot_free_der_m,,,0.01937001568874876,0.9995023969020781,True,1,True,1,,True,0.8898922082953696,0.7120919511610593,0.9999999999999999,279298.6716678045,0.03087462700035174,0.13131337699841714,1.4043130221729219,1.969423352092796,2.337252096806745e-06
5660.320000000001,True,forward,pilot_free_der_m,,,0.019606344543300465,0.9994904156857944,True,1,True,1,,True,0.8897739745022748,0.7117874041251601,0.9999999999999999,279304.8292972847,0.030779170645298455,0.13148601748031233,1.404913874851543,1.9703512647247585,2.3354127574668512e-06
5662.820000000001,True,forward,pilot_free_der_m,,,0.019891866250720914,0.9994756885871292,True,1,True,1,,True,0.8896459990936667,0.7114818963537299,0.9999999999999999,279315.2942782873,0.03068687077167156,0.13165335476607218,1.4055171398244917,1.9712619163939828,2.333530952991178e-06
5665.52,True,forward,pilot_free_der_m,,,0.020177572186860594,0.9994607610899653,True,1,True,1,,True,0.8894914240809598,0.7111273525576828,0.9999999999999994,279335.0354623174,0.030583099503270875,0.13184389941301577,1.4062178826385179,1.97230598541092,2.3312827279717168e-06
5668.12,True,forward,pilot_free_der_m,,,0.020462481220631056,0.9994456590598828,True,1,True,1,,True,0.8893363280323852,0.7108187088541185,0.9999999999997228,279324.79121654166,0.0304850837393454,0.1320318077914417,1.4068284747481978,1.973169916245502,2.3295535533027678e-06
5675.62,True,forward,pilot_free_der_m,,,0.021315144711525125,0.9993992362109223,True,1,True,1,,True,0.8888972144572292,0.7099499691302436,0.9999999999999999,279295.70822020643,0.03020657539559332,0.13257197430055498,1.4085499591261272,1.9755985546307868,2.3246827976264987e-06
5683.320000000001,True,forward,pilot_free_der_m,,,0.022190545720849452,0.9993495828710052,True,1,True,1,,True,0.8879406425647246,0.7093101582011785,0.9999999999999994,279121.48308413156,0.02985310259224768,0.13374156947045762,1.4098204973350654,1.975980646714167,2.3223608738679803e-06
5691.22,True,forward,pilot_free_der_m,,,0.023169169572663146,0.9992918692679659,True,1,True,1,,True,0.8873866650671697,0.7084265402477657,0.9999999999999952,279019.4287222454,0.029537387357612643,0.1344670639072792,1.411578961525431,1.9782159932617536,2.317991091622299e-06
5693.72,True,forward,pilot_free_der_m,,,0.023355090374131787,0.9992805634537005,True,1,True,1,,True,0.8872255814017289,0.7082322639091665,0.9999999999999984,279031.8013151279,0.02948366285312864,0.13458838526554864,1.411966174035037,1.9786202867591653,2.3167398148933534e-06
5696.42,True,forward,pilot_free_der_m,,,0.02255562867049116,0.9993276872449259,True,1,True,1,,True,0.8873165208325066,0.7088936385377645,0.9999999999999999,279105.91088373226,0.029772826639756812,0.13399831807903373,1.4106488556769965,1.9762255032689704,2.3200319304578635e-06
5698.92,True,forward,pilot_free_der_m,,,0.021852825511907124,0.9993677840296046,True,1,True,1,,True,0.887387192035211,0.7094926175865236,0.9999999999999999,279179.5009047932,0.030044231195846732,0.13344423099279473,1.4094579354492698,1.9740338176457504,2.32295440167811e-06
5701.72,True,forward,pilot_free_der_m,,,0.0211034685765824,0.9994092126739325,True,1,True,1,,True,0.8874809891938731,0.7101689620370525,0.9999999999999999,279247.5298966123,0.030343372109967594,0.13284763352197032,1.4081156083357889,1.9715938344195467,2.3263737695940495e-06
5704.42,True,forward,pilot_free_der_m,,,0.02041149112354475,0.9994462725549905,True,1,True,1,,True,0.8875443958104073,0.7107807436255,0.9999999999999875,279322.5147196609,0.030625601509296434,0.13228252362135515,1.406903618265259,1.9693424921754328,2.3293492556532063e-06
5707.12,True,forward,pilot_free_der_m,,,0.019756616924348297,0.9994802521567676,True,1,True,1,,True,0.887595815451065,0.7113748903725436,0.9999999999999705,279390.4530313274,0.030903962686708746,0.13173039335469536,1.4057285596294735,1.9671366237589059,2.3322746955010512e-06
5709.820000000001,True,forward,pilot_free_der_m,,,0.019120779781152647,0.9995122712726987,True,1,True,1,,True,0.8876934776011077,0.7120081270168144,0.9999999999999871,279465.2972162822,0.031185935574252126,0.1311800147823193,1.4044783508157508,1.964883901874122,2.3353668503683915e-06
5712.52,True,forward,pilot_free_der_m,,,0.018531172834280414,0.9995410491642217,True,1,True,1,,True,0.8877652526464891,0.7126052863765002,0.999999999993375,279533.44737458765,0.03146025078175516,0.13064700901280993,1.403301405576483,1.9627175867008997,2.338298018494571e-06
5715.02,True,forward,pilot_free_der_m,,,0.01803101787995907,0.9995647606818241,True,1,True,1,,True,0.88786464870533,0.7131826114633437,0.9999999999949031,279618.78142019996,0.031721192359465335,0.13014122135844616,1.402165425686772,1.9606923424779064,2.34096429358077e-06
5717.42,True,forward,pilot_free_der_m,,,0.017596550444067757,0.999584817980494,True,1,True,1,,True,0.8879324363240494,0.7137234794485787,0.9999999999999999,279678.92804406333,0.03196699553950636,0.12967369078488683,1.4011028483644643,1.9587415137191804,2.3436236231801132e-06
5720.22,True,forward,pilot_free_der_m,,,0.01714738072483647,0.9996050085086364,True,1,True,1,,True,0.8880148323970497,0.7143092935603719,0.9999999999865428,279772.09583159,0.0322486694344535,0.1291281580709437,1.3999537861283964,1.9566511015696686,2.3462643469381266e-06
5722.92,True,forward,pilot_free_der_m,,,0.016767385036881924,0.9996216451091215,True,1,True,1,,True,0.888061279544092,0.7148770921676446,0.9999999999999999,279830.98108352616,0.03251715738133788,0.12862501324165093,1.3988418582106301,1.9545541154358523,2.3490826393693084e-06
5725.52,True,forward,pilot_free_der_m,,,0.016447182993696376,0.9996353338617134,True,1,True,1,,True,0.8881134071100888,0.7153930444503975,0.9999999999999999,279905.98459590966,0.03277285987884648,0.12813853950715723,1.3978329923073998,1.9526728509066829,2.351459190249968e-06
5728.22,True,forward,pilot_free_der_m,,,0.01615761359278166,0.999647438952443,True,1,True,1,,True,0.8881598721402587,0.7159270997156679,0.9999999999999999,279961.2913312364,0.03303410697631395,0.12765279584971745,1.3967902603451554,1.9507115093569747,2.3541027314229764e-06
5730.62,True,forward,pilot_free_der_m,,,0.0159517128664848,0.9996558307934774,True,1,True,1,,True,0.8881877436554869,0.7163827468981493,0.9999999999948923,280005.969705536,0.033262512378988154,0.1272299942584709,1.3959018476153584,1.9490142344320185,2.3563761939617097e-06
5733.12,True,forward,pilot_free_der_m,,,0.015841794135978866,0.9996600093279925,True,1,True,1,,True,0.8882349924024985,0.7168608217326784,0.9999999999999999,280058.3815509043,0.03350151577736895,0.12678842922214414,1.3949709199938753,1.9472748577513082,2.35871194066774e-06
5735.62,True,forward,pilot_free_der_m,,,0.01578563627496738,0.9996618740652184,True,1,True,1,,True,0.8882633074403695,0.7173476435194813,0.9999999973943313,280075.9728651622,0.033735638421591684,0.12637225286084405,1.3940242313867361,1.9454622875124863,2.361388813040682e-06
5738.22,True,forward,pilot_free_der_m,,,0.015831856655670135,0.9996593284874246,False,0,True,0,,True,0.8886463016247513,0.7182182510435102,0.9947713446271802,280015.61749226996,0.034171537669637445,0.12500229726689074,1.385054394234429,1.947153605028111,2.3824459746556907e-06
5740.92,True,forward,pilot_free_der_m,,,0.015853574388390097,0.9996578120953061,False,0,True,0,,True,0.8891290258823369,0.7192025318413443,0.9883267283135667,279920.03756423044,0.034667387813325526,0.12338982918513636,1.374198065992892,1.9496692161888742,2.4083456057229782e-06
5743.42,True,forward,pilot_free_der_m,,,0.01594922932189059,0.9996531328884047,False,0,True,0,,True,0.8895396879294786,0.7200670349373496,0.9833481672003677,279836.82544672757,0.035099027428487535,0.12205859837914018,1.3656341972187704,1.951347025807297,2.4292562678585785e-06
5746.22,True,forward,pilot_free_der_m,,,0.016105449733799147,0.9996456995219618,False,0,True,0,,True,0.8900770740591374,0.7210349789644769,0.976775005072965,279792.2436200825,0.035625379913505145,0.1203546722086278,1.35468463191033,1.954285339461192,2.4555793413447815e-06
5753.820000000001,True,forward,pilot_free_der_m,,,0.016770799411100813,0.9996140601183652,False,0,True,0,,True,0.8914663137513916,0.7236362989033328,0.9597773035712612,279541.77383157687,0.03704330379678698,0.11589839109886306,1.3263255381547319,1.9618784103616869,2.526982367158285e-06
5761.52,True,forward,pilot_free_der_m,,,0.017763379057589963,0.999565159658042,False,0,True,0,,True,0.893603863867603,0.7258434407043982,0.9422638578521928,279581.70637555496,0.038692797740190014,0.11033020091823557,1.2981640461443977,1.973639799214962,2.5975128333469718e-06
5769.72,True,forward,pilot_free_der_m,,,0.01906870684614542,0.9994965498187012,False,0,True,0,,True,0.8954056989929158,0.7285129341759901,0.9226552058263231,279340.930131641,0.04046644082893147,0.10475840810076549,1.2664911802422896,1.9854827161055955,2.6833390085139638e-06
5772.22,True,forward,pilot_free_der_m,,,0.019475733599698047,0.9994741410378392,False,0,True,0,,True,0.8958000965449026,0.7291491577835196,0.9187511074635354,279313.2652468307,0.040903039319470334,0.1035052101231119,1.2600317749201975,1.9876196598422176,2.701252264123411e-06
5774.72,True,forward,pilot_free_der_m,,,0.018917410870092993,0.9995046531669695,False,0,True,0,,True,0.8949392891799005,0.7279885640546938,0.926425257754392,279315.62071939406,0.04016600367687595,0.1057674507012504,1.2725821578768504,1.982920019450287,2.667191389598391e-06
5777.22,True,forward,pilot_free_der_m,,,0.018446761699888042,0.9995297941711517,False,0,True,0,,True,0.8939608231850443,0.7266636644968898,0.93515221380576,279383.9843771181,0.03938045091018007,0.1082198156262675,1.2869120330286756,1.9777489624360893,2.6284247932391375e-06
5779.72,True,forward,pilot_free_der_m,,,0.018009305569784962,0.9995525960466478,False,0,True,0,,True,0.893163413628689,0.7255506357095943,0.9426803153406602,279343.16693856154,0.03868025834636412,0.11040851000284312,1.2992619245915364,1.9734057058925585,2.5966130701795426e-06
5782.42,True,forward,pilot_free_der_m,,,0.0175053331651596,0.9995780553620414,False,0,True,0,,True,0.892182505557944,0.7241667076233549,0.9522947693340132,279389.8325471271,0.037878759955023523,0.11299822383365284,1.3150214713119754,1.9679655268165288,2.555960364278439e-06
5784.92,True,forward,pilot_free_der_m,,,0.017102312254827556,0.9995979496743927,False,0,True,0,,True,0.8913941861483583,0.7229885951735362,0.9596084209110542,279377.29138219985,0.03721967816023579,0.1150547899572525,1.3272801636389895,1.9643345668285253,2.5252422298061714e-06
5787.820000000001,True,forward,pilot_free_der_m,,,0.016724302845519432,0.9996162954422317,False,0,True,0,,True,0.8903902798427205,0.721505679771865,0.9692792422673502,279412.3990971623,0.03642278339280336,0.11762769879520651,1.3434117976366167,1.9594923090632768,2.4852361743512426e-06
5790.320000000001,True,forward,pilot_free_der_m,,,0.01647633760108612,0.9996282400432698,False,0,True,0,,True,0.8895382196217461,0.7202125580024334,0.9776977817897841,279429.9563805935,0.0357460974612073,0.1198335686224772,1.3575128216335275,1.9554778793643643,2.4510986702610456e-06
5793.02,True,forward,pilot_free_der_m,,,0.016295998019643966,0.9996370284591519,False,0,True,0,,True,0.8886689149582933,0.7188300473261967,0.9866426557865071,279470.8038613306,0.03504281428277023,0.12213966941621532,1.3725673536554046,1.951467774941751,2.41516586347279e-06
5795.42,True,forward,pilot_free_der_m,,,0.01621683764748397,0.9996411639987703,False,0,True,0,,True,0.887815736193016,0.7175101117786302,0.9951962381644579,279473.9850514257,0.034393913970633204,0.12430289196717031,1.3870135372691454,1.94771196118659,2.3816746435796276e-06
5798.12,True,forward,pilot_free_der_m,,,0.016226355477329903,0.9996414459391958,True,1,True,1,,True,0.8871981384786526,0.7163531511167396,0.99999999990027,279433.0139845226,0.033857389933184476,0.12583626569219633,1.3959595184879787,1.9469567062780078,2.3610354040692234e-06
5800.62,True,forward,pilot_free_der_m,,,0.016351598547450632,0.9996365574578534,True,1,True,1,,True,0.8869213293855914,0.715557653750728,0.9999999999999962,279324.74646004784,0.033518238702638876,0.12647134271100557,1.3975114300829723,1.9494164378730954,2.3573127420175867e-06
5803.320000000001,True,forward,pilot_free_der_m,,,0.016614521401019943,0.9996255282086592,True,1,True,1,,True,0.886607860711261,0.714696240973044,0.9999999999999999,279191.09632245963,0.033147511179106026,0.12718055245758147,1.3991958298794476,1.9520542922239663,2.3534095675496578e-06
5806.02,True,forward,pilot_free_der_m,,,0.017012669095809566,0.9996081637854539,True,1,True,1,,True,0.8863017852774665,0.7138070871417126,0.9999999999999649,279076.98886393855,0.03277453679129103,0.12789100164769324,1.4009387382300313,1.9548205082343604,2.3491682660728586e-06
5808.52,True,forward,pilot_free_der_m,,,0.017494791195449253,0.999586430781828,True,1,True,1,,True,0.8860046704340808,0.712968739433884,0.9999999999999953,278960.34091652324,0.03242435229933701,0.12856723354929184,1.402586038756793,1.9574144649008922,2.345235102405238e-06
5811.22,True,forward,pilot_free_der_m,,,0.018123046897679837,0.9995571199757469,True,1,True,1,,True,0.8856935334271036,0.7120482446210215,0.9999999999999999,278845.4090660966,0.03204416905633078,0.12930425495687756,1.4043992209154832,1.960301134034313,2.3407943539701838e-06
5813.72,True,forward,pilot_free_der_m,,,0.01880422687882562,0.9995241349933393,True,1,True,1,,True,0.8854058291646107,0.7111826293687207,0.9999999999999963,278736.6511419154,0.031688548474740647,0.13000085739764933,1.4061085840744503,1.9630315615287137,2.336613049966832e-06
5816.42,True,forward,pilot_free_der_m,,,0.019620622170853648,0.9994830272641032,True,1,True,1,,True,0.8850878310926331,0.7102219063931149,0.9999999999999999,278613.50934896356,0.031298101532840204,0.1307734109428016,1.4080106386446631,1.966070693455162,2.3319802174276686e-06
5819.02,True,forward,pilot_free_der_m,,,0.02050678061564208,0.9994364543395157,True,1,True,1,,True,0.8847762286149399,0.7092588801236669,0.9999999999999999,278528.20830570644,0.03092016689264037,0.13151620894019062,1.4099224246944067,1.9691391776715155,2.3270043777671404e-06
5821.42,True,forward,pilot_free_der_m,,,0.021383183476309343,0.9993884504665346,True,1,True,1,,True,0.8844680487054478,0.7083513447270675,0.9999999999999999,278429.9880555808,0.030563622232530927,0.13223283707917685,1.4117288086539972,1.972004149750914,2.322452868474434e-06
5824.02,True,forward,pilot_free_der_m,,,0.022401125234869073,0.9993302710431176,True,1,True,1,,True,0.8841470171169573,0.7073711284225263,0.9999999999999981,278319.17962612916,0.03017687102240775,0.1330180052050969,1.4136850654762363,1.9751310968150502,2.3175634845573546e-06
5831.820000000001,True,forward,pilot_free_der_m,,,0.025804868953569902,0.9991171158014308,True,1,True,1,,True,0.8831707414143711,0.7043181540955092,0.9999999999999999,277978.5801583906,0.02899030855302248,0.1354814097291765,1.4198128987377978,1.9849648797346193,2.3022124589886855e-06
5840.02,True,forward,pilot_free_der_m,,,0.029814898316378406,0.9988297651240962,True,1,True,1,,True,0.8818815496176745,0.7010703135193225,0.9999999999999999,277524.1760090578,0.027671184921363223,0.1385724965112663,1.426390450025008,1.994929909695478,2.2864992178899196e-06
5848.42,True,forward,pilot_free_der_m,,,0.03430641544274537,0.9984626091410398,True,1,True,1,,True,0.8809154348191759,0.6973079966926933,0.9999999999999999,277186.15395805513,0.026310548547502803,0.14153585183280995,1.4340865223731318,2.0077581005335525,2.2665643633015836e-06
5850.820000000001,True,forward,pilot_free_der_m,,,0.03562088972613461,0.9983462499678041,True,1,True,1,,True,0.8806520362658408,0.6962114844756375,0.9999999999999999,277100.35322966834,0.025920486173336005,0.14240806234415923,1.436345165654895,2.0115586611543415,2.2606161852308577e-06
5853.820000000001,True,forward,pilot_free_der_m,,,0.03478505923668092,0.9984203183456095,True,1,True,1,,True,0.8807647608679381,0.6968016603909235,0.9999999999999999,277126.76840728964,0.026172125697982586,0.14178846570486991,1.435128612407402,2.009445651249329,2.2639810074185157e-06
5856.22,True,forward,pilot_free_der_m,,,0.03413990318317478,0.9984762863836812,True,1,True,1,,True,0.8808577162374086,0.6972637970465394,0.9999999999999999,277166.67059251835,0.026379668358961196,0.14127059069191575,1.4341774293112397,2.007803755441788,2.266455918790676e-06
5858.62,True,forward,pilot_free_der_m,,,0.03349828047404242,0.9985310288266767,True,1,True,1,,True,0.8809512583566603,0.6976761160808145,0.9999999999999307,277272.8165015605,0.026586992005910925,0.14072939201166165,1.4333298459712456,2.006364483603212,2.2680845233839658e-06
5861.22,True,forward,pilot_free_der_m,,,0.03280631633736851,0.9985890428926073,True,1,True,1,,True,0.881044362242886,0.6982184684039324,0.9999999999999999,277240.4405919579,0.026805442691231696,0.14022787936635706,1.4322164841699392,2.0044052459748105,2.2716308092198426e-06
5863.62,True,forward,pilot_free_der_m,,,0.032175355626540794,0.9986409654148057,True,1,True,1,,True,0.8811261804669305,0.6986536198226888,0.9999999999999999,277287.22770032147,0.027008389144542913,0.1397288997164352,1.4313244383587245,2.0028512345993352,2.273877863848391e-06
5866.42,True,forward,pilot_free_der_m,,,0.031429424939726544,0.9987012637039837,True,1,True,1,,True,0.8812404044668088,0.6991933412549085,0.9999999999999515,277304.9065034489,0.02724147771045611,0.1391767212841483,1.430219570176622,2.0009548876393577,2.2769926265441934e-06
5869.02,True,forward,pilot_free_der_m,,,0.03074372193567466,0.9987555594048799,True,1,True,1,,True,0.881327176576647,0.6997296651886785,0.9999999999999999,277299.04734382627,0.027462273024275098,0.13867464732081738,1.4291233454141965,1.9990121535187566,2.2802772592397957e-06
5871.72,True,forward,pilot_free_der_m,,,0.030038940767831812,0.9988102287006895,True,1,True,1,,True,0.8814581766375911,0.7002095216537276,0.9999999999999999,277397.35748128395,0.02769283143525766,0.13810458592764593,1.428143961307808,1.997396943646222,2.2823615276583693e-06
5874.12,True,forward,pilot_free_der_m,,,0.029418456735094245,0.9988574032189537,True,1,True,1,,True,0.8815797129999288,0.7006779364167468,0.9999999999999999,277420.6093290043,0.027894823403391326,0.13763535028599033,1.4271892235025698,1.9958075413552092,2.2849913054449187e-06
5876.72,True,forward,pilot_free_der_m,,,0.02875321103757079,0.9989069796620264,True,1,True,1,,True,0.8816430857819986,0.7011732336396641,0.9999999999999999,277420.15377872705,0.028108268847690007,0.13715576090236964,1.426181080542935,1.9939813976555045,2.287975747517626e-06
5879.320000000001,True,forward,pilot_free_der_m,,,0.02809779749743038,0.9989548033323203,True,1,True,1,,True,0.8817505636563917,0.7015785579771566,0.9999999999999691,277541.40193129,0.028325084056634982,0.1366120039737362,1.4253571301883048,1.99261425409547,2.289412626627371e-06
5881.92,True,forward,pilot_free_der_m,,,0.027453617023293728,0.9990008132071391,True,1,True,1,,True,0.881868501259105,0.7021475624364475,0.9999999999999171,277489.2849686681,0.02854108400706739,0.1361620328404952,1.4242020530982455,1.9906227274193584,2.2932608916245634e-06
5884.62,True,forward,pilot_free_der_m,,,0.026792404630197903,0.999047018719682,True,1,True,1,,True,0.881995273977994,0.7026600905187761,0.9999999999999548,277526.3875768363,0.02876705092376985,0.13564991192897774,1.4231632242862289,1.9888773925081134,2.296030217958237e-06
5887.12,True,forward,pilot_free_der_m,,,0.026188643895912342,0.9990883003011688,True,1,True,1,,True,0.8820934950693131,0.7030742759285451,0.9999999999999999,277583.39747592836,0.028971140722522742,0.13517035862081203,1.4223248300178628,1.9874588788745067,2.298042011960365e-06
5889.72,True,forward,pilot_free_der_m,,,0.025566682485839674,0.9991299209159787,True,1,True,1,,True,0.8822132875336861,0.7035430010996333,0.9999999999999999,277651.52763922664,0.029189586656458478,0.1346695259757617,1.421377227030908,1.9858746031036496,2.3002857862899916e-06
5892.320000000001,True,forward,pilot_free_der_m,,,0.024953940523213154,0.9991700170357009,True,1,True,1,,True,0.8823192751692891,0.7039835823760361,0.9999999999998751,277707.8010497355,0.02940144175801691,0.13418420046408172,1.4204876719209063,1.9843720792260928,2.3024562796005268e-06
5895.22,True,forward,pilot_free_der_m,,,0.024284680347062125,0.9992127733675983,True,1,True,1,,True,0.8824406759540874,0.7044893631265898,0.9999999999998341,277722.6206091701,0.029632708697457235,0.1336732184216595,1.4194678476928884,1.982648411901539,2.3053577287476865e-06
5897.820000000001,True,forward,pilot_free_der_m,,,0.023694749020976427,0.9992495646433469,True,1,True,1,,True,0.8825409110177685,0.7049678407090353,0.9999999999999991,277746.34281942574,0.029846117237587275,0.13321132041817857,1.418504422831869,1.9809867788063003,2.308019350302368e-06
5900.52,True,forward,pilot_free_der_m,,,0.02309363092944767,0.9992861840508618,True,1,True,1,,True,0.8826662815751389,0.7054219098105191,0.9999999999999999,277795.09438730916,0.030064094280234207,0.13272296756088503,1.4175913536178744,1.9794794070520993,2.310324470985861e-06
5903.12,True,forward,pilot_free_der_m,,,0.0225254963627443,0.9993199863880917,True,1,True,1,,True,0.8827644969394015,0.7058690572068799,0.9999999999999999,277832.1548789804,0.030272904153810933,0.13226913229325027,1.4166933509693633,1.9779399085154445,2.312682828393614e-06
5910.72,True,forward,pilot_free_der_m,,,0.02093442652348014,0.9994104360162276,True,1,True,1,,True,0.8830859261619408,0.7071187110541942,0.9999999999999999,277959.08058202034,0.030879282895076177,0.13094294179955285,1.4141897030403414,1.9737505377622164,2.3190652670336715e-06
5918.62,True,forward,pilot_free_der_m,,,0.0194060964620286,0.9994914182979445,True,1,True,1,,True,0.8834072268979527,0.7083958229346496,0.9999999999998297,278060.4092189144,0.03150112050035082,0.12961085312727352,1.4116401701200896,1.9694649464368628,2.3258035526505937e-06
5926.42,True,forward,pilot_free_der_m,,,0.01802969066955515,0.99955932839425,True,1,True,1,,True,0.8835769389111944,0.7096741460442183,0.9999999999999973,278148.35073306144,0.03208868625866349,0.12849071823876673,1.4090974084008543,1.9648495467081843,2.332640350058606e-06
5929.22,True,forward,pilot_free_der_m,,,0.017627852280109834,0.9995782418723594,True,1,True,1,,True,0.8836363114572231,0.7100797287514562,0.9999999999999984,278173.4123893785,0.03227465646497508,0.12814251084061978,1.4082925613977368,1.9634003290307505,2.3348290830985165e-06
5931.72,True,forward,pilot_free_der_m,,,0.017760515817720174,0.9995719673089855,True,1,True,1,,True,0.8835200649700901,0.7099331039765431,0.9999999999999999,278118.74894788675,0.032211389000276716,0.12828978516512096,1.4085834206049939,1.9637134249241965,2.3344207662223823e-06
5934.52,True,forward,pilot_free_der_m,,,0.017907384075953908,0.9995650101664649,True,1,True,1,,True,0.8834148837341463,0.7097435304416199,0.999999999954428,278076.46737523394,0.03213468941491818,0.1284510982629471,1.4089596552323675,1.9642186246865712,2.3336539867999196e-06
5937.02,True,forward,pilot_free_der_m,,,0.01804617126904468,0.9995583837920761,True,1,True,1,,True,0.8833023002481503,0.7095395720530979,0.9999999999999991,278053.2314042334,0.03205754010869499,0.12860955189959955,1.4093646632088968,1.9647636330378477,2.3326416602495455e-06
5939.52,True,forward,pilot_free_der_m,,,0.018195485031608612,0.9995511976971607,True,1,True,1,,True,0.8831886978043811,0.7093540748629441,0.9999999999999988,277996.3215633645,0.03197811949386196,0.1287846345519202,1.4097332142529964,1.965234536362793,2.332020544696673e-06
5942.12,True,forward,pilot_free_der_m,,,0.018346251791182308,0.9995438984610825,True,1,True,1,,True,0.8830785255863793,0.709158141071896,0.9999999999999999,277938.2597939491,0.03189358387406521,0.12896994532894987,1.4101227104133571,1.9657539524715677,2.3313466436558165e-06
5944.72,True,forward,pilot_free_der_m,,,0.018522012551297252,0.9995352688338951,True,1,True,1,,True,0.882949257240064,0.7089176235743673,0.9999999999999996,277899.36025957693,0.031809336844017815,0.1291404560986266,1.4106011287432707,1.966405102263678,2.330247004250588e-06
5947.42,True,forward,pilot_free_der_m,,,0.0187066460850707,0.9995261182246312,True,1,True,1,,True,0.8828135178549021,0.708660650426682,0.999999999999658,277870.79199849634,0.03172158619589849,0.12931545877534942,1.4111126381824102,1.9671063979496781,2.3289622579881315e-06
5949.92,True,forward,pilot_free_der_m,,,0.018879615953797533,0.9995174665054841,True,1,True,1,,True,0.8826908582987515,0.7084375510164547,0.9999999999999989,277822.06793874316,0.031639637646627805,0.1294873963964513,1.4115570223024108,1.9677047831400405,2.328046560792506e-06
5952.320000000001,True,forward,pilot_free_der_m,,,0.019048692456930902,0.9995089334319313,True,1,True,1,,True,0.8825706095100901,0.7082341827458623,0.9999999999997989,277774.7486037486,0.031561334141448696,0.12965750017721922,1.4119623485592645,1.9682316346839974,2.32723547650692e-06
5954.820000000001,True,forward,pilot_free_der_m,,,0.019226452923877643,0.999499883216196,True,1,True,1,,True,0.8824382610113622,0.7079966138475621,0.9999999999999386,277726.19414290925,0.03147679761863477,0.12983351913242647,1.4124361337909555,1.968865438161291,2.3262308169206454e-06
5957.320000000001,True,forward,pilot_free_der_m,,,0.019405813927896535,0.9994906697397083,True,1,True,1,,True,0.8823092987293197,0.7077702640585871,0.9999999999999999,277686.6346037926,0.03139539426831928,0.13000436609089788,1.4128878405623762,1.9694631623818906,2.3252166392312604e-06
5960.02,True,forward,pilot_free_der_m,,,0.01959998644993771,0.9994806039532761,True,1,True,1,,True,0.8821735781392478,0.7075219312126397,0.9999999999999999,277641.6113396818,0.031306448090551116,0.13019055563626594,1.4133837495130004,1.9701320838141834,2.3241166289508407e-06
5962.52,True,forward,pilot_free_der_m,,,0.01978361941171326,0.9994709942410537,True,1,True,1,,True,0.8820389455811922,0.7072737405301828,0.9999999999999999,277612.9917782446,0.03122339081593888,0.13035783343882063,1.4138797225108135,1.9708031731693298,2.3228792399135123e-06
5965.02,True,forward,pilot_free_der_m,,,0.019968481785460113,0.9994612337531154,True,1,True,1,,True,0.8818932481540136,0.707052413572199,0.9999999999999999,277552.67551442655,0.031138300658102254,0.13054789537544717,1.4143223059628058,1.9713445661198814,2.322066120523042e-06
5967.62,True,forward,pilot_free_der_m,,,0.02016485968365092,0.9994507676832963,True,1,True,1,,True,0.8817783931174115,0.7068139074668475,0.9999999999999999,277505.7706599301,0.031053010972608347,0.1307255078957035,1.4147995525214025,1.9720224562484616,2.3210376156253696e-06
5970.02,True,forward,pilot_free_der_m,,,0.020346828598652018,0.9994409827324112,True,1,True,1,,True,0.8816389144667306,0.706581295979032,0.9999999999999999,277471.54039189324,0.03097302945427598,0.13089264590085398,1.4152653143958613,1.9726224404694566,2.3199373747902956e-06
5972.72,True,forward,pilot_free_der_m,,,0.020551531598910877,0.9994298763206161,True,1,True,1,,True,0.8815230936579111,0.7063435857455608,0.9999999999999997,277426.86133788625,0.030885422051621994,0.13107924248969455,1.415741602501392,1.9732956189567468,2.318893252249388e-06
5975.42,True,forward,pilot_free_der_m,,,0.020763018451065447,0.9994182849728299,True,1,True,1,,True,0.8813705208921594,0.7060776455228931,0.9999999999999999,277373.5024732173,0.030792149391721136,0.1312775422611028,1.4162748337110143,1.9739975917236423,2.3177522697217077e-06
5977.92,True,forward,pilot_free_der_m,,,0.020959983379057003,0.9994073878215215,True,1,True,1,,True,0.8812414841867309,0.7058439648508255,0.9999999999999999,277325.21182717156,0.03070741810149695,0.13146053802656463,1.4167437136213836,1.9746259453662114,2.3167604920664267e-06
5980.62,True,forward,pilot_free_der_m,,,0.021174543099819608,0.9993954044258208,True,1,True,1,,True,0.8810839659373079,0.7055831236524952,0.9999999999999999,277276.14989031304,0.030616133753503607,0.1316557966515619,1.4172674579055085,1.9752974090377078,2.3156119694645226e-06
5988.22,True,forward,pilot_free_der_m,,,0.02178572872858833,0.9993606319376327,True,1,True,1,,True,0.8807114162856509,0.7048605772242622,0.9999999999999999,277140.0995018847,0.030359728130353803,0.13220226873904534,1.4187202864118114,1.9773021366636,2.3124261156905572e-06
5995.72,True,forward,pilot_free_der_m,,,0.022398244735073982,0.9993248388316956,True,1,True,1,,True,0.8803115866256804,0.7041528464393498,0.9999999999999984,277002.90655004344,0.030105675551508837,0.13275960918375612,1.4201462154937559,1.979189826716296,2.3093304026429954e-06
6003.92,True,forward,pilot_free_der_m,,,0.0230830032150674,0.9992837214594337,True,1,True,1,,True,0.8799538366928487,0.7033327202658625,0.9999999999999999,276877.5233129009,0.029833922109019334,0.1332971858501688,1.4218021871952666,1.9816179804543985,2.305453337093669e-06
6006.72,True,forward,pilot_free_der_m,,,0.023292804796912533,0.9992708783759553,True,1,True,1,,True,0.8798213801240519,0.7030704250229712,0.9999999999999999,276827.0247742104,0.02974852481179203,0.13346967523712888,1.4223326204730162,1.9823547415409504,2.3042977929006067e-06
6009.12,True,forward,pilot_free_der_m,,,0.023532222800916002,0.9992561150580055,True,1,True,1,,True,0.8797035329611165,0.7027983768079487,0.9999999999999999,276777.03270285664,0.0296536810660309,0.1336642432802069,1.4228831952371832,1.9831633153897612,2.3030782927501905e-06
6011.62,True,forward,pilot_free_der_m,,,0.0237924506964667,0.9992398303508395,True,1,True,1,,True,0.8795866569746729,0.7025140233249811,0.9999999999999999,276766.70169710106,0.029568130461623775,0.13382486822496856,1.4234591293523582,1.9840231416233773,2.30145373707206e-06
6014.320000000001,True,forward,pilot_free_der_m,,,0.024068805560466144,0.9992223457674854,True,1,True,1,,True,0.8794291499705539,0.7022151895218766,0.9999999999999999,276709.48928422836,0.029472566658526506,0.13402030157228648,1.4240648948093513,1.9848490131872278,2.300130740212798e-06
6017.02,True,forward,pilot_free_der_m,,,0.02434546746652888,0.9992046277930308,True,1,True,1,,True,0.8793140553995853,0.7019629914019503,0.9999999999999999,276648.93455442786,0.02938603957866906,0.1342031673759242,1.4245765264673205,1.9855866174568633,2.299115084235263e-06
6019.72,True,forward,pilot_free_der_m,,,0.024629042028832874,0.9991862538360012,True,1,True,1,,True,0.8791678774761801,0.7016823918364985,0.9999999999999994,276592.01180650026,0.029295727280532022,0.1343908879765052,1.4251462080767348,1.9863667685456896,2.297896972009846e-06
6022.320000000001,True,forward,pilot_free_der_m,,,0.024886645997832253,0.9991694301203718,True,1,True,1,,True,0.8790844428595684,0.7014433698824761,0.9999999999999999,276581.3104598293,0.029218098838068588,0.13454130501839184,1.4256318370612664,1.9871245060146303,2.2965445573020156e-06
6025.02,True,forward,pilot_free_der_m,,,0.02515805268915377,0.9991515222270547,True,1,True,1,,True,0.8789610210848642,0.7011957307325007,0.9999999999999999,276524.4248308199,0.029130585034833706,0.13472945048367924,1.4261353230935316,1.9878263323335863,2.295522819360229e-06
6027.52,True,forward,pilot_free_der_m,,,0.025413644442333988,0.9991344867236672,True,1,True,1,,True,0.8788431697651261,0.7010022565727803,0.9999999999999999,276447.02435123187,0.029051124119541964,0.13491745666831678,1.4265289314317304,1.9883264059140486,2.2949974275283776e-06
6030.12,True,forward,pilot_free_der_m,,,0.02568242113881811,0.9991163945067144,True,1,True,1,,True,0.878761312350287,0.7007582488878407,0.9999999999885597,276461.2527692381,0.028978845378266352,0.13504633391480172,1.4270256562454164,1.9891084737921787,2.2934056789057175e-06
6032.72,True,forward,pilot_free_der_m,,,0.025953609591346218,0.9990979528331948,True,1,True,1,,True,0.878611132722224,0.7004371910078171,0.9999999999999999,276444.61587287,0.028884963943638802,0.13522543521809943,1.4276797589247936,1.9900419091261574,2.2916037471860626e-06
6035.12,True,forward,pilot_free_der_m,,,0.026205018690341482,0.99908069063764,True,1,True,1,,True,0.8785246659575342,0.7002328329927604,0.9999999999999997,276388.5009482533,0.02880821836701316,0.13539559453400965,1.428096417196048,1.9906570319060597,2.2908334341373647e-06
6037.72,True,forward,pilot_free_der_m,,,0.026477856957587594,0.9990617786393253,True,1,True,1,,True,0.8784039110961323,0.6999893638226151,0.9999999999999999,276341.22570130596,0.028723920514179796,0.13557726620100694,1.4285931353857124,1.9913499931142051,2.289752517229229e-06
6040.320000000001,True,forward,pilot_free_der_m,,,0.02674965018852772,0.9990427568129139,True,1,True,1,,True,0.8782826982918388,0.6997399803581775,0.9999999999999999,276286.5166057859,0.028637435409724667,0.1357648508326173,1.429102278089252,1.9920657325504805,2.288696434997412e-06
6042.92,True,forward,pilot_free_der_m,,,0.02702366461841942,0.9990233920385818,True,1,True,1,,True,0.8781776606717604,0.6994729919970124,0.9999999999999999,276256.6898537753,0.028551764106618575,0.1359380033637063,1.4296477654483493,1.9928885014420503,2.2873266536901283e-06
6045.42,True,forward,pilot_free_der_m,,,0.02729238765906419,0.9990042145164171,True,1,True,1,,True,0.8780654780340185,0.6992092905216468,0.9999999999999664,276236.5167220733,0.028469795337378218,0.13610151730461154,1.430186946248832,1.993682424170407,2.2858959249716404e-06
6047.92,True,forward,pilot_free_der_m,,,0.027563969364891795,0.9989846482448038,True,1,True,1,,True,0.877942600972042,0.6989557701845248,0.9999999999999999,276206.03005113837,0.02838593024692582,0.13627966743028186,1.4307056936320866,1.9944119567231227,2.284611355136935e-06
6050.62,True,forward,pilot_free_der_m,,,0.027864602943919164,0.9989627674711903,True,1,True,1,,True,0.8778409673121914,0.6987088625949782,0.9999999999999999,276134.1863289156,0.02829689961877304,0.13647653855967748,1.4312112720111174,1.9951637979806007,2.2837079851885338e-06
6053.52,True,forward,pilot_free_der_m,,,0.028183737137535216,0.9989393021787462,True,1,True,1,,True,0.8777184720485709,0.698393725470787,0.9999999999999569,276110.43829942204,0.02820003979220537,0.1366679341379032,1.4318570793657361,1.9961403747862572,2.28199173098692e-06
6056.02,True,forward,pilot_free_der_m,,,0.028464108543432648,0.99891847449078,True,1,True,1,,True,0.8775997431188328,0.6981724997173941,0.9999999999999999,276038.12913584925,0.028116596220506253,0.1368619130500287,1.4323107833734203,1.9967518234487283,2.2812458935285352e-06
6058.92,True,forward,pilot_free_der_m,,,0.028792625414078156,0.9988938197519429,True,1,True,1,,True,0.8775024046312682,0.6979389152462329,0.9999999999999994,275957.78501177725,0.028023862219718372,0.137078394645263,1.4327901456063665,1.9974614880594863,2.2804904755103965e-06
6066.62,True,forward,pilot_free_der_m,,,0.02968078139129805,0.998825815655644,True,1,True,1,,True,0.8771614014684801,0.6971331178577284,0.9999999999999999,275821.44967492425,0.027760532235248915,0.13763500213013538,1.4344462691328932,1.9999003084944387,2.2767140944812518e-06
6074.320000000001,True,forward,pilot_free_der_m,,,0.030585753875643572,0.9987544682430841,True,1,True,1,,True,0.8767335017897883,0.6964165020774207,0.9999999999999999,275644.8330508503,0.02748965363033766,0.13831903282881933,1.4359223209343621,2.001787967793002,2.2738039860992612e-06
6082.52,True,forward,pilot_free_der_m,,,0.031583087767959366,0.9986735636058883,True,1,True,1,,True,0.8764826310589382,0.6955271318534033,0.9999999999999999,275538.71422264405,0.027220215736177535,0.13881425022886013,1.437758434146564,2.004774786273351,2.269248724985641e-06
6085.02,True,forward,pilot_free_der_m,,,0.03184129891211478,0.9986521757707912,True,1,True,1,,True,0.8764060689875302,0.6952869309009331,0.9999999999999999,275497.6768239708,0.027151062477031994,0.13893831552536937,1.438255136917687,2.0055623200847714,2.2681184434802944e-06
6087.62,True,forward,pilot_free_der_m,,,0.03165492723524733,0.9986671838041351,True,1,True,1,,True,0.8764164199634572,0.6954500892236497,0.9999999999999999,275474.8309150192,0.02722667269855602,0.13875577117295254,1.4379177104087049,2.0049320465103992,2.269304043048697e-06
6090.12,True,forward,pilot_free_der_m,,,0.03149878520791666,0.9986795104995644,True,1,True,1,,True,0.876419641645714,0.6955292666216012,0.9999999999999999,275506.2794011266,0.027304701556485147,0.13852481736413955,1.4377540212754905,2.0046221578130865,2.2695289258230694e-06
6092.92,True,forward,pilot_free_der_m,,,0.0313304549385912,0.998692740636766,True,1,True,1,,True,0.8764410356401877,0.6956352741053307,0.9999999999999706,275520.48875307554,0.027389952686787955,0.1382810383301037,1.4375349227166334,2.004246414714658,2.2700596538229757e-06
6095.42,True,forward,pilot_free_der_m,,,0.031150918539765447,0.9987069831299824,True,1,True,1,,True,0.8764269605785285,0.6957741610585256,0.9999999999999999,275492.9865347798,0.027458873936659432,0.13811900712935754,1.4372479691954012,2.003658011120011,2.2711348838359908e-06
6098.22,True,forward,pilot_free_der_m,,,0.03094289175849532,0.9987234573246839,True,1,True,1,,True,0.8764407434308729,0.695856911016063,0.999999999993033,275515.23691138584,0.027529648624941,0.13791594944840302,1.437077054437632,2.003358209212646,2.27145695090442e-06
6100.820000000001,True,forward,pilot_free_der_m,,,0.03073359444294836,0.9987400440027883,True,1,True,1,,True,0.876393883464193,0.6959523517574543,0.9999999999999641,275456.19203635916,0.02758995288237966,0.1377651214178712,1.4368799781690704,2.002869079919056,2.2725268930692258e-06
6103.52,True,forward,pilot_free_der_m,,,0.030517048559978253,0.9987570983249365,True,1,True,1,,True,0.8764439843876957,0.6960679307911732,0.9999999999865877,275469.08959948894,0.027663836909678937,0.1375582268225501,1.436641390517669,2.002521049541721,2.2731264171942656e-06
6106.02,True,forward,pilot_free_der_m,,,0.030306565726762384,0.9987735848527362,True,1,True,1,,True,0.8764242598267827,0.6961294042498685,0.9999999999954937,275458.0678578983,0.027718542628981244,0.13740885144145212,1.4365145242974884,2.002230035430959,2.2735927965643305e-06
6108.42,True,forward,pilot_free_der_m,,,0.03009772576453127,0.9987898825204063,True,1,True,1,,True,0.876465724860185,0.6962277421693479,0.9999999999999999,275468.6569738198,0.027784689627745305,0.13722461758583632,1.4363116253945014,2.001931387402224,2.2741058630664114e-06
6111.12,True,forward,pilot_free_der_m,,,0.029866940962039595,0.9988077851897762,True,1,True,1,,True,0.876503944382453,0.6963410804089974,0.9999999999999999,275444.58221922844,0.02785197747443745,0.13704594490591268,1.436077847672936,2.001565402672627,2.2749966319550318e-06
6113.62,True,forward,pilot_free_der_m,,,0.02966554396317454,0.9988232873160872,True,1,True,1,,True,0.8765557260222708,0.6964988666688413,0.9999999999881087,275401.13561588246,0.027917060585909793,0.1368954586039839,1.435752515680073,2.0010527804688008,2.276318867403396e-06
6116.22,True,forward,pilot_free_der_m,,,0.029473467546372933,0.9988379462134592,True,1,True,1,,True,0.8765884204790374,0.696656765998514,0.9999999999867977,275384.0924980186,0.027988056213650536,0.13672548100434945,1.4354270980968706,2.0004963207425117,2.2774235957513357e-06
6118.92,True,forward,pilot_free_der_m,,,0.029288895675346486,0.9988519146527465,True,1,True,1,,True,0.8766382175653337,0.6968006761597382,0.9999999999999722,275386.98149406316,0.02806546081553439,0.13652141135771953,1.4351306395270016,2.0000349642645667,2.2782779454565052e-06
6121.72,True,forward,pilot_free_der_m,,,0.029103818956675714,0.99886582608299,True,1,True,1,,True,0.8767322085267567,0.6969707986917166,0.9999999999999999,275428.1217530082,0.02815239605073525,0.13628953939366692,1.434780340693038,1.999569863244618,2.2789754409750666e-06
6124.12,True,forward,pilot_free_der_m,,,0.02893243904967614,0.9988786768769571,True,1,True,1,,True,0.8767573298159465,0.6971019392510324,0.9999999999999695,275406.36023823865,0.0282159825255863,0.13613393195941412,1.4345104262288688,1.9991035097166774,2.279955387994646e-06
6126.62,True,forward,pilot_free_der_m,,,0.028755845088684544,0.9988918432306261,True,1,True,1,,True,0.876808689075181,0.6972624114304045,0.9999999999999999,275408.5329487449,0.028289055487018044,0.135955442210186,1.4341802793420946,1.9985800401336054,2.280915945486712e-06
6129.12,True,forward,pilot_free_der_m,,,0.028568280463675457,0.9989057780052781,True,1,True,1,,True,0.8768567892624823,0.6973876787644219,0.9999999999999987,275417.9336491433,0.028358820283774348,0.13577201009928655,1.4339226666174,1.9981897860796511,2.281601763597587e-06
6131.72,True,forward,pilot_free_der_m,,,0.02838847956742447,0.998919019690023,True,1,True,1,,True,0.8768965209038422,0.6974976395083388,0.9999999999999775,275438.1841757243,0.028428338772299694,0.13558509812473132,1.4336966082134277,1.9978416256309235,2.2821042022567386e-06
6134.42,True,forward,pilot_free_der_m,,,0.02819723049767207,0.9989330326718026,True,1,True,1,,True,0.876949583102266,0.6976674485915803,0.9999999999999725,275441.4075166813,0.028506352608361044,0.13539873387435117,1.4333476529809834,1.9972852396446332,2.2831122029975297e-06
6137.02,True,forward,pilot_free_der_m,,,0.02801446286979225,0.9989463412798141,True,1,True,1,,True,0.8769891795532686,0.6977530334794099,0.9999999999999999,275502.9529673407,0.028578451114688857,0.13519041306945884,1.433171841637732,1.9970341626403956,2.283123449694294e-06
6144.92,True,forward,pilot_free_der_m,,,0.027464479380363012,0.9989859131227482,True,1,True,1,,True,0.8771283899045677,0.6981490194626057,0.9999999999999999,275550.3402122448,0.028797325870586987,0.13463188948591384,1.4323589550691362,1.9957729153171957,2.285141348268999e-06
6152.62,True,forward,pilot_free_der_m,,,0.02693037172056334,0.9990236360440996,True,1,True,1,,True,0.8771584493959821,0.6985508026299795,0.999999999999524,275602.39383576903,0.0289989269737587,0.13418961174618155,1.4315351098797913,1.9942414908156492,2.2871535772630164e-06
6160.72,True,forward,pilot_free_der_m,,,0.0263767498184891,0.9990620219164015,True,1,True,1,,True,0.8772029280616628,0.6989904315008718,0.9999999999999991,275636.7424369034,0.029212868654363927,0.13372974574491098,1.4306347482508448,1.9925938428357222,2.2895404803160777e-06
6163.22,True,forward,pilot_free_der_m,,,0.026208485419902987,0.9990735435420016,True,1,True,1,,True,0.877230179422448,0.6991255497608281,0.9999999999999999,275640.15780567087,0.029277074133478125,0.13359287879710785,1.4303582530235113,1.9921186343278499,2.2903329323859035e-06
6165.72,True,forward,pilot_free_der_m,,,0.025969268579611973,0.9990898519088459,True,1,True,1,,True,0.8772293221645278,0.6992867127987237,0.9999999999999999,275672.19963275304,0.02936396553760233,0.1334002882708481,1.430028601569941,1.991476282260681,2.291045418975595e-06
6168.42,True,forward,pilot_free_der_m,,,0.02567228364695607,0.9991101453403353,True,1,True,1,,True,0.877278141035194,0.6994961093397836,0.9999999999999999,275672.05619674706,0.029442690238589916,0.1332453912196982,1.4296005176409712,1.9907553788682009,2.292317842525238e-06
6170.92,True,forward,pilot_free_der_m,,,0.025394568257131846,0.9991289059038376,True,1,True,1,,True,0.8773358049717896,0.6996486504541477,0.9999999999999942,275726.29052416934,0.029521596978739604,0.13305782764185659,1.4292888285439926,1.9902805654309583,2.292792570952966e-06
6173.62,True,forward,pilot_free_der_m,,,0.025109331584528792,0.9991479130221762,True,1,True,1,,True,0.8773789798397829,0.6999061155858458,0.9999999999999999,275727.9427682302,0.029615363106330964,0.13288016655418938,1.4287630551177068,1.9893567108172796,2.2943406119869156e-06
6176.12,True,forward,pilot_free_der_m,,,0.024857111270150025,0.9991645099473346,True,1,True,1,,True,0.8774290001904425,0.7001297810131062,0.9999999999999999,275739.24382238335,0.0297051484748628,0.13269841657800502,1.428306618457186,1.9885829473801564,2.2956027574620156e-06
6178.92,True,forward,pilot_free_der_m,,,0.024621321963935988,0.9991797318603637,True,1,True,1,,True,0.8774671465293805,0.7003270736640205,0.9999999999999356,275766.0749842137,0.029805735824180748,0.13248102665641806,1.427904243038992,1.9878872060263841,2.296575154969797e-06
6181.42,True,forward,pilot_free_der_m,,,0.024413019835143362,0.9991930673399825,True,1,True,1,,True,0.8774752326011445,0.7004887527942072,0.9999999999999999,275806.13260057685,0.029896147473340517,0.13228183993930703,1.4275746698445342,1.9872648041811682,2.297221088015189e-06
6184.22,True,forward,pilot_free_der_m,,,0.024195779908839234,0.9992068477037936,True,1,True,1,,True,0.8774829402278801,0.7007549292572353,0.9999999999999934,275800.741503005,0.029999694676739817,0.13209022548436597,1.4270324163969033,1.9862279757290018,2.2988780232586438e-06
6186.72,True,forward,pilot_free_der_m,,,0.024015589131979296,0.999218145112602,True,1,True,1,,True,0.8774969517455719,0.7009428119820588,0.9999999999999999,275836.1799612371,0.030094831458107502,0.13188533842065794,1.4266499105287862,1.9855159238322229,2.2997199785029606e-06
6189.42,True,forward,pilot_free_der_m,,,0.02382077630462038,0.9992302628616467,True,1,True,1,,True,0.8774930831214249,0.7011145394044869,0.9999999999999999,275885.4713875938,0.030193259752384325,0.13166863855510097,1.4263004741698562,1.9848276622781782,2.3003481266306665e-06
6191.92,True,forward,pilot_free_der_m,,,0.0236301018005813,0.9992420590978328,True,1,True,1,,True,0.877452951510354,0.7012443991963745,0.9999999999999999,275896.3447670319,0.030274642326806735,0.1314953003855571,1.4260363450260696,1.9842232609205201,2.3010429591531268e-06
6194.42,True,forward,pilot_free_der_m,,,0.023422009155427203,0.9992548770329,True,1,True,1,,True,0.8774371121861271,0.7013649425573799,0.9999999999999268,275942.9081492156,0.030360228103387645,0.13129964959756885,1.425791252630388,1.9837108215068857,2.3013835446516484e-06
6197.12,True,forward,pilot_free_der_m,,,0.023184866306976238,0.9992693882730971,True,1,True,1,,True,0.877415699469051,0.7015103288365442,0.9999999999999999,275957.55206720874,0.030449509501745617,0.13110962095007414,1.425495760922724,1.9830877663622644,2.3021402698569964e-06
6199.52,True,forward,pilot_free_der_m,,,0.022970249482663806,0.9992824152616739,True,1,True,1,,True,0.8773649357453964,0.7016309855364972,0.9999999999999994,275945.62505587656,0.030523697664533132,0.13096013381626134,1.4252506240660916,1.982496317071218,2.302969011426782e-06
6202.02,True,forward,pilot_free_der_m,,,0.022768402144217815,0.9992945248248409,True,1,True,1,,True,0.877363081804691,0.7017509076244621,0.9999999999999999,275972.45442913275,0.030606345963374658,0.13077501182548623,1.4250070632400864,1.9820184566698469,2.303469710102843e-06
6204.42,True,forward,pilot_free_der_m,,,0.022575210745086376,0.9993060253055529,True,1,True,1,,True,0.8772955352917907,0.7018623341660828,0.9999999999999999,275960.2309910579,0.030679132534685283,0.1306286226692559,1.4247808313978683,1.981425909476634,2.304244901840997e-06
6207.02,True,forward,pilot_free_der_m,,,0.02238240024033648,0.9993173819326864,True,1,True,1,,True,0.8772829652391068,0.7019925008508869,0.9999999999999999,275980.2135024781,0.030764853494389854,0.13044147400011208,1.4245166419696753,1.980883731553269,2.3048642286629778e-06
6209.72,True,forward,pilot_free_der_m,,,0.022165856738469887,0.9993300727849109,True,1,True,1,,True,0.8772348561187855,0.7021478237950471,0.9999999999999579,275950.6769391071,0.030849569194737168,0.13027775620499155,1.4242015229713965,1.9801622692898286,2.3060489200826806e-06
6212.12,True,forward,pilot_free_der_m,,,0.021980447996968903,0.9993408386139193,True,1,True,1,,True,0.8772275677273177,0.7022960831348058,0.9999999999999708,275945.5812540961,0.030929874252223304,0.1301143862330434,1.4239008646272353,1.979561078665251,2.306986634504135e-06
6215.02,True,forward,pilot_free_der_m,,,0.02175914822972577,0.9993535786546299,True,1,True,1,,True,0.8771958010595617,0.702452463404268,0.9999999999999999,275943.34790626337,0.031024213481336323,0.12991923656840784,1.423583875204507,1.9788728805544018,2.3079492439147752e-06
6222.820000000001,True,forward,pilot_free_der_m,,,0.021182610927295367,0.9993861953539117,True,1,True,1,,True,0.8771021093298661,0.7028825098784408,0.9999999999999999,275905.201419315,0.03127363384058785,0.1294188785308849,1.422712880098473,1.976967516866198,2.3108633076170175e-06
6230.42,True,forward,pilot_free_der_m,,,0.020666643048381717,0.9994146937830368,True,1,True,1,,True,0.8772967033005646,0.7031745994357934,0.9999999999999931,275980.81804139406,0.031553989309611584,0.1286256754552857,1.422121903724002,1.9762563236043291,2.311991155526179e-06
6238.62,True,forward,pilot_free_der_m,,,0.02011447121287799,0.9994444145433925,True,1,True,1,,True,0.8770985582190007,0.7036809511231896,0.9999999999999999,275909.0705388356,0.03180238074571109,0.12823215591486833,1.4210985794113606,1.9738191427712586,2.3156439852957527e-06
6241.02,True,forward,pilot_free_der_m,,,0.019928038601449215,0.9994542968183636,True,1,True,1,,True,0.8770565324716353,0.703860310205575,0.9999999999999999,275886.4119115874,0.031887901972407755,0.1280928142332914,1.4207364522485035,1.973020011639768,2.3169145988537055e-06
6243.72,True,forward,pilot_free_der_m,,,0.019829098012191754,0.9994594369098665,True,1,True,1,,True,0.8769725408268688,0.703956235350149,0.9999999999999999,275853.81460847065,0.03193690599934477,0.12803034702529792,1.4205428544895242,1.9724544165568692,2.31776616229239e-06
6246.12,True,forward,pilot_free_der_m,,,0.01974210942348494,0.9994638821641738,True,1,True,1,,True,0.8768958524289576,0.7040356926046735,0.9999999999999999,275839.17769151146,0.031992493471912166,0.12793970040822972,1.4203825324542385,1.9719700393679498,2.3183676949394786e-06
6248.62,True,forward,pilot_free_der_m,,,0.019669380072438687,0.9994675353186252,True,1,True,1,,True,0.8767853420415558,0.7041207019843039,0.9999999999483852,275781.9619155768,0.03203950667389687,0.1278872573109132,1.4202110478079324,1.971387946436019,2.3193607019518256e-06
6251.22,True,forward,pilot_free_der_m,,,0.019564911173187278,0.9994728994211659,True,1,True,1,,True,0.8767276482830036,0.7042006843266294,0.9999999999999981,275776.28945138765,0.0320955652827635,0.12779345811723883,1.4200497418661526,1.9709444604146888,2.3198900970386497e-06
6253.62,True,forward,pilot_free_der_m,,,0.019471903365939347,0.9994776504764118,True,1,True,1,,True,0.8766330230472242,0.7042545367242512,0.9999999999998902,275741.6013460426,0.03213668651903931,0.12773821171744226,1.4199411545877443,1.9705205343959704,2.3205062655677647e-06
6256.42,True,forward,pilot_free_der_m,,,0.01934621992104063,0.9994841038172688,True,1,True,1,,True,0.8765448608848726,0.7043360119903654,0.9999999999480651,275724.52742387395,0.03218765265452487,0.12766594685919375,1.4197769004060863,1.9700029113458748,2.3211406245223128e-06
6259.12,True,forward,pilot_free_der_m,,,0.01922730773198559,0.9994901711520884,True,1,True,1,,True,0.8764650772534353,0.7043989687033776,0.9999999999491691,275708.5623685005,0.032234894355323666,0.1275937791564857,1.419650005720365,1.9695768251465948,2.321654149798384e-06
6261.72,True,forward,pilot_free_der_m,,,0.019112434503622672,0.9994959979662592,True,1,True,1,,True,0.8763650672957216,0.7044847958078461,0.9999999999997483,275636.3804362809,0.03227733227744937,0.12755376272943383,1.4194770503925913,1.9690157627326663,2.3227790441562596e-06
6264.22,True,forward,pilot_free_der_m,,,0.018994826213288525,0.9995019526883021,True,1,True,1,,True,0.8762940909433411,0.7045447268700298,0.9999999999997914,275614.2793949366,0.03232130612449419,0.1274884403527585,1.4193563046626356,1.9686215087608663,2.3233262392156697e-06
6266.820000000001,True,forward,pilot_free_der_m,,,0.01887459809738579,0.9995080063009625,True,1,True,1,,True,0.8762372936807188,0.704618727703003,0.9999999999997582,275590.5074988152,0.03236871829929315,0.1274176151934689,1.4192072402896143,1.9682040748484773,2.323972305392694e-06
6269.42,True,forward,pilot_free_der_m,,,0.018761744216851214,0.999513645922128,True,1,True,1,,True,0.8761593190772229,0.7047052021323104,0.999999999999708,275542.1551045407,0.032412615736956286,0.12736741951085237,1.41903308926043,1.9676903333172542,2.3249009229457162e-06
6272.02,True,forward,pilot_free_der_m,,,0.01866055725716428,0.9995186555227735,True,1,True,1,,True,0.8760957748846196,0.7048069526042446,0.9999999999998277,275514.49403712334,0.03246267056625779,0.1273019012541831,1.4188282285026443,1.9671493371527193,2.32574711267447e-06
6274.52,True,forward,pilot_free_der_m,,,0.018570935572146893,0.9995230566472888,True,1,True,1,,True,0.8760368726314095,0.7048969001814798,0.9999999999999999,275487.37754411757,0.03250941164721539,0.127239185347301,1.4186471805203629,1.9666651002964533,2.3265177008375482e-06
6277.02,True,forward,pilot_free_der_m,,,0.018486279600349983,0.9995271858540895,True,1,True,1,,True,0.8759724614698977,0.7049807449528827,0.9999999999534648,275467.68659957557,0.0325546873956222,0.12717893292357357,1.418478457904974,1.9661924955896375,2.327188881098022e-06
6279.42,True,forward,pilot_free_der_m,,,0.018396565157630454,0.9995315651220499,True,1,True,1,,True,0.875929679420893,0.7050842402988526,0.9999999999999999,275448.9289805369,0.032604921992129755,0.12710775450945064,1.4182702475042501,1.9656917025615688,2.3279705094815616e-06
6282.12,True,forward,pilot_free_der_m,,,0.01830032968001749,0.9995362320643912,True,1,True,1,,True,0.8758695910593423,0.7051745771144095,0.9999999999997252,275424.89089645084,0.032655375340644596,0.12703674265403245,1.4180885591363037,1.965203662852427,2.328717570487161e-06
6284.72,True,forward,pilot_free_der_m,,,0.018202013271959843,0.9995409910061173,True,1,True,1,,True,0.8758025549459197,0.7052570762252707,0.999999999999794,275410.2926804206,0.03270368656436324,0.12696863559046004,1.4179226748805815,1.9647307954012794,2.3293376576283193e-06
6287.320000000001,True,forward,pilot_free_der_m,,,0.01811224097089463,0.9995452987648042,True,1,True,1,,True,0.8757465151078001,0.7053498123957679,0.9999999999999999,275387.08024543634,0.03275240731806355,0.12690315208138633,1.4177362528862565,1.964242709776935,2.3300922460607225e-06
6289.820000000001,True,forward,pilot_free_der_m,,,0.018024376334233757,0.9995495003928364,True,1,True,1,,True,0.8756785841929132,0.7054205502966509,0.9999999999999991,275380.4869348788,0.03279876599720499,0.12683518793236565,1.4175940856549594,1.963814012254029,2.330573811934622e-06
6292.42,True,forward,pilot_free_der_m,,,0.017935364016175123,0.9995537338033512,True,1,True,1,,True,0.8756120189868766,0.7054991384721307,0.9999999999999999,275375.8189719354,0.032848115186489904,0.1267627195813887,1.4174361745723134,1.9633578121422957,2.3310862974594503e-06
6300.320000000001,True,forward,pilot_free_der_m,,,0.017679696655050665,0.9995657612430052,True,1,True,1,,True,0.8754201100130532,0.7057473698653429,0.9999999999999999,275331.23033957876,0.03299390864030671,0.12656030700839427,1.4169376220145184,1.9619586556515498,2.3329576189924043e-06
6307.820000000001,True,forward,pilot_free_der_m,,,0.01744689279664972,0.9995765390386642,True,1,True,1,,True,0.8750885426512243,0.7060496181384374,0.9999999999999949,275247.94020710076,0.03311120314901823,0.12653706013906652,1.4163310542346639,1.9600371325521981,2.3354821817489537e-06
6315.92,True,forward,pilot_free_der_m,,,0.017239357592689065,0.9995859829375571,True,1,True,1,,True,0.8749732250938775,0.7062466642422192,0.9999999999966518,275226.01695782447,0.033273042512630406,0.12621964008106193,1.4159358912790347,1.9590111583033563,2.3368534397633836e-06
6318.42,True,forward,pilot_free_der_m,,,0.017222943234306832,0.9995866588265321,True,1,True,1,,True,0.874938602565871,0.706246613358842,0.9999999999999999,275223.63137859537,0.03329764033140657,0.12616455472103463,1.4159359932985656,1.958933838781232,2.3368733890816476e-06
6321.02,True,forward,pilot_free_der_m,,,0.017291445199505505,0.9995833721200844,True,1,True,1,,True,0.8748487424290147,0.7061214685906013,0.9999999999999994,275202.156709703,0.033267539999816735,0.12621506499290827,1.4161869373494216,1.9592200943099962,2.336302979184943e-06
6323.62,True,forward,pilot_free_der_m,,,0.017361245323227775,0.9995800071208177,True,1,True,1,,True,0.8747620361368057,0.7059896858981755,0.9999999999999999,275178.3873639856,0.03323656996568528,0.12626523130311032,1.4164512881342992,1.9595393293115473,2.3357118594617633e-06
6326.12,True,forward,pilot_free_der_m,,,0.017431520924314978,0.9995766060375186,True,1,True,1,,True,0.8746934486280189,0.7058839480468534,0.9999999999999999,275152.9616653357,0.03320927819387133,0.1263135314581486,1.416663465385424,1.95979772076546,2.335291294780169e-06
6328.72,True,forward,pilot_free_der_m,,,0.01749251040280013,0.999573637487798,True,1,True,1,,True,0.8746090047301387,0.7057731217515422,0.9999999999999999,275123.6537053096,0.0331820990944281,0.1263623286457155,1.4168859215242775,1.9600404545749162,2.3348728527469984e-06
6331.12,True,forward,pilot_free_der_m,,,0.017539209983569854,0.99957136488282,True,1,True,1,,True,0.8745369441820126,0.7056583325275732,0.9999999999999999,275112.3867856076,0.033155943067674665,0.12640257307340286,1.4171164059214527,1.960326430892985,2.334277248464656e-06
6334.02,True,forward,pilot_free_der_m,,,0.017621007083733393,0.9995673471908226,True,1,True,1,,True,0.8744397204789689,0.7054902599399984,0.9999999999999999,275092.0105928723,0.03312180946789406,0.12645147371207424,1.417454012880418,1.9607638283534339,2.333437757756922e-06
6336.62,True,forward,pilot_free_der_m,,,0.01769653831773139,0.9995636209866686,True,1,True,1,,True,0.8743446752776611,0.7053595327793125,0.9999999999999611,275065.5682065606,0.03309286728583325,0.12650092814634,1.4177167154170063,1.9610605567992616,2.332874366082891e-06
6339.320000000001,True,forward,pilot_free_der_m,,,0.017778440567999754,0.9995595650267667,True,1,True,1,,True,0.8742428576606828,0.7051943283520791,0.9999999999582032,275069.0616210543,0.0330633054976079,0.1265351441000033,1.4180488409415255,1.961476664695695,2.331849057094701e-06
6341.820000000001,True,forward,pilot_free_der_m,,,0.017860741417740546,0.999555468616956,True,1,True,1,,True,0.8741419314254464,0.7050825273295891,0.9999999999999999,275009.08487977734,0.033031539975008635,0.12660318352550842,1.418273693134013,1.9616864655614026,2.331683490037208e-06
6344.42,True,forward,pilot_free_der_m,,,0.017948467934837217,0.999551079860466,True,1,True,1,,True,0.8740327370796516,0.704931742033555,0.9999999999999839,274997.1615416829,0.03300196892772073,0.12664642071003332,1.4185770626745071,1.962029892922977,2.33087517222802e-06
6347.12,True,forward,pilot_free_der_m,,,0.018040617855295052,0.9995464463595901,True,1,True,1,,True,0.8739301797165611,0.7047770524087988,0.9999999999999999,274974.95856017375,0.03296981442039771,0.12669559970510688,1.4188884223488594,1.9624035394598014,2.330130109690983e-06
6349.92,True,forward,pilot_free_der_m,,,0.01813279515791486,0.9995417866386399,True,1,True,1,,True,0.8738287052924157,0.7046215430844884,0.9999999999999998,274950.4521385363,0.032936950330158636,0.12674701600989433,1.4192015697142737,1.9627829083972115,2.3293992590173685e-06
6352.52,True,forward,pilot_free_der_m,,,0.018217939775171728,0.9995374611458352,True,1,True,1,,True,0.8737183059294844,0.7044506127751737,0.9999999999999999,274940.4737885646,0.03290446799135948,0.12679042072618987,1.4195459296436883,1.9632025595774334,2.328451882951462e-06
6355.22,True,forward,pilot_free_der_m,,,0.018305962594901956,0.9995329680360324,True,1,True,1,,True,0.873603752733149,0.70429637458232,0.9999999999999999,274902.1776833351,0.03287000411411764,0.12684967687066728,1.4198568047337254,1.9635477585810326,2.32784473444217e-06
6357.62,True,forward,pilot_free_der_m,,,0.018392328302957762,0.9995285396244965,True,1,True,1,,True,0.8735219643522033,0.7041640104827188,0.9999999999654032,274892.46522211476,0.032843757703509564,0.12688736520662175,1.42012369998842,1.9638811965044785,2.3271273551509234e-06
6360.12,True,forward,pilot_free_der_m,,,0.018481412533157184,0.9995239498882249,True,1,True,1,,True,0.8734089894955523,0.7040123698560817,0.9999999999999954,274853.51327568234,0.032809427146591366,0.12694651328019968,1.4204295873443549,1.9642199336839132,2.326540734066508e-06
6362.820000000001,True,forward,pilot_free_der_m,,,0.018585708782882276,0.9995185494395288,True,1,True,1,,True,0.8732941312871787,0.7038536136046639,0.9999999999999519,274812.2336509132,0.032773560498290846,0.12700790145154556,1.4207499694128525,1.9645823283277701,2.3259303976719314e-06
6365.42,True,forward,pilot_free_der_m,,,0.018688102873227103,0.9995132181262617,True,1,True,1,,True,0.8731934095213001,0.7037147450205017,0.9999999999999283,274785.5095048857,0.03274332471216381,0.1270582306819784,1.4210303351975306,1.964898823619235,2.3253167509041467e-06
6368.12,True,forward,pilot_free_der_m,,,0.01880154351507649,0.9995072793163634,True,1,True,1,,True,0.8730829034786936,0.7035528122790085,0.9999999999999517,274756.37198376167,0.03270926412930851,0.12711062248605046,1.421357405651846,1.965283592633987,2.3245836628661953e-06
6370.820000000001,True,forward,pilot_free_der_m,,,0.018916162051297754,0.9995012429184374,True,1,True,1,,True,0.872991996624909,0.703416261909035,0.9999999999999999,274718.32677865465,0.03267775716869325,0.12716503885428418,1.4216333260281078,1.9656132513591238,2.3240791535628318e-06
6378.820000000001,True,forward,pilot_free_der_m,,,0.019265329694396247,0.9994826287885181,True,1,True,1,,True,0.8726828153846754,0.7029560809300012,0.9999999999999999,274634.3701113604,0.03257871630515542,0.12732287114917196,1.422563979640113,1.966718366935587,2.3220023101161393e-06
6386.42,True,forward,pilot_free_der_m,,,0.01962284305372633,0.9994632603296224,True,1,True,1,,True,0.8725809660963527,0.7024498029343671,0.9999999999997229,274583.28594017413,0.03251046928714364,0.12726581946810353,1.4235892669090224,1.9684726696718322,2.319364808179892e-06
6394.820000000001,True,forward,pilot_free_der_m,,,0.02005980491467182,0.999439199680132,True,1,True,1,,True,0.8728707483810134,0.7016311738103099,0.9999999999999999,274689.181198457,0.032489835171449814,0.12670029933572438,1.425250241618192,1.9723404985057538,2.313504064996388e-06
6397.320000000001,True,forward,pilot_free_der_m,,,0.020178403780022208,0.9994325615283649,True,1,True,1,,True,0.8729640748308986,0.7013930134217625,0.9999999999999999,274734.81670477643,0.032490953824502664,0.1265107875683394,1.4257341901959875,1.9734877691908248,2.3116738764470504e-06
6400.12,True,forward,pilot_free_der_m,,,0.02031148179012531,0.9994250656139789,True,1,True,1,,True,0.8730800624597475,0.7011287543111704,0.9999999998745233,274795.6022439416,0.03249599876798186,0.12628519683778164,1.4262715567228181,1.9747897687259766,2.3095578920769894e-06
6402.52,True,forward,pilot_free_der_m,,,0.020424912471481153,0.9994186550507026,True,1,True,1,,True,0.8731683334100745,0.7009299522421941,0.9999999999999999,274801.81406922726,0.03249148179839533,0.12613403374350002,1.4266760848229059,1.9757721869873253,2.3082980980648303e-06
6405.02,True,forward,pilot_free_der_m,,,0.020545907299975682,0.9994117808960694,True,1,True,1,,True,0.8732615527494938,0.7006763707334184,0.9999999999998793,274859.19585762144,0.03248893781203403,0.12594459740631722,1.427192412601484,1.976982236388346,2.3062756308045523e-06
6407.62,True,forward,pilot_free_der_m,,,0.020670709151512756,0.9994046454319852,True,1,True,1,,True,0.8733561019949432,0.7004396417653442,0.9999999999999999,274887.467693754,0.032485923205148835,0.12576297929797497,1.4276747636379667,1.9781296723091824,2.304599833814792e-06
6410.12,True,forward,pilot_free_der_m,,,0.020783686025762877,0.9993981423927146,True,1,True,1,,True,0.8734455668914757,0.7002103073086019,0.9999999999999999,274915.4024259505,0.03248427826698339,0.1255840481985276,1.4281423588917157,1.9792371536697566,2.302971620203199e-06
6412.92,True,forward,pilot_free_der_m,,,0.020833165587726684,0.9993953582988544,True,1,True,1,,True,0.8735836383980726,0.7000311819263281,0.9999999999999986,274930.80344682233,0.03248502557618616,0.12539743714808654,1.4285077948216875,1.9802572396501823,2.3017534839953565e-06
6415.42,True,forward,pilot_free_der_m,,,0.020878298199159286,0.9993928122112038,True,1,True,1,,True,0.8737233089946878,0.6998443951326345,0.9999999999998703,275008.2317977966,0.0324922445673626,0.12519188860566732,1.4288890601322175,1.9813117637336548,2.29996970474165e-06
6418.22,True,forward,pilot_free_der_m,,,0.020926043582601986,0.9993901140571523,True,1,True,1,,True,0.8738783714899412,0.6996249872969508,0.9999999998664183,275040.8736677229,0.03249092674146089,0.12498974466925736,1.4293371706605091,1.9825307728177843,2.2983624044168595e-06
6420.62,True,forward,pilot_free_der_m,,,0.020963534135619338,0.9993880019975102,True,1,True,1,,True,0.8740140881209039,0.6994626766798068,0.9999999999999991,275082.36574284825,0.03249408626555797,0.12481385682937596,1.429668849161153,1.9834807295613008,2.2970284801087003e-06
6423.42,True,forward,pilot_free_der_m,,,0.021008370623961825,0.9993854731737034,True,1,True,1,,True,0.87416192497875,0.6992640475469203,0.9999999999999999,275113.5531125915,0.03249454566683966,0.1246153439397207,1.430074953099745,1.9846024445522938,2.2955597198354267e-06
6425.92,True,forward,pilot_free_der_m,,,0.02105174928851257,0.9993830164104558,True,1,True,1,,True,0.8743064509707505,0.6991044413252102,0.9999999999998858,275140.8911886831,0.032497534221384274,0.12443620708714453,1.4304014405977785,1.9855627009671577,2.2943604855023017e-06
6428.42,True,forward,pilot_free_der_m,,,0.02110063616083641,0.9993802326892789,True,1,True,1,,True,0.8744502154604155,0.6989360094950633,0.9999999999993384,275179.1472571248,0.03250107025497285,0.12425001739310886,1.4307461433011224,1.9865566692765715,2.2930165471977694e-06
6431.12,True,forward,pilot_free_der_m,,,0.021159711360441296,0.9993768507075841,True,1,True,1,,True,0.8746058491728198,0.6987607498723619,0.9999999999998485,275213.19454317214,0.03250471188868458,0.12405237592033688,1.431104995783624,1.987605189939385,2.2916661946345433e-06
6433.62,True,forward,pilot_free_der_m,,,0.021217241955730593,0.9993735446890888,True,1,True,1,,True,0.8747575049778358,0.6986048405602351,0.9999999999999982,275247.87958538113,0.032509613382913014,0.12386596026809647,1.4314243789064847,1.9885684265359524,2.2904283779256156e-06
6436.22,True,forward,pilot_free_der_m,,,0.021271873833167983,0.9993704058262214,True,1,True,1,,True,0.8748963615620591,0.6984108314701993,0.9999999999999928,275292.19317218685,0.03251117007564892,0.12366953347945597,1.4318220092533918,1.9896542967707123,2.288878601596155e-06
6438.62,True,forward,pilot_free_der_m,,,0.021323936604063624,0.9993674052433115,True,1,True,1,,True,0.8750440903255124,0.698255182654317,0.9999999999997756,275340.3736520683,0.03251746078410827,0.12348100434419945,1.4321411782414832,1.9906085501855304,2.2875304284839632e-06
6441.42,True,forward,pilot_free_der_m,,,0.02137947443811191,0.9993642056313993,True,1,True,1,,True,0.8751909646216381,0.6980643339263647,0.9999999999999999,275375.5793369381,0.032519786600167716,0.12327666477325247,1.4325327214117272,1.9917012456150236,2.28607584376626e-06
6444.02,True,forward,pilot_free_der_m,,,0.021429415505757773,0.9993613254451431,True,1,True,1,,True,0.8753622168747487,0.6979083241541629,0.99999999986582,275424.5975992186,0.03252819968013616,0.12307162375984584,1.4328529482404155,1.9927114593121615,2.284718904932583e-06
6446.72,True,forward,pilot_free_der_m,,,0.021477701147789033,0.9993585406375768,True,1,True,1,,True,0.8755070255268105,0.6977066813928839,0.9999999999998586,275472.56815799046,0.0325296813262474,0.12286657266848786,1.4332670542920471,1.9938435805106463,2.2830929372494723e-06
6449.320000000001,True,forward,pilot_free_der_m,,,0.021526053028287237,0.9993557418149455,True,1,True,1,,True,0.8756451320335185,0.6975137986159045,0.9999999999998395,275518.8319073288,0.032531883053502866,0.12266609383300171,1.4336633941639099,1.9949262080025612,2.281534649809552e-06
6456.92,True,forward,pilot_free_der_m,,,0.02167311730909925,0.9993471850910822,True,1,True,1,,True,0.8760865009543958,0.6970031599221914,0.9999999999993577,275640.48039622715,0.03254496573908266,0.12207786587622796,1.4347137251300135,1.9979680567238012,2.2774169050353334e-06
6464.92,True,forward,pilot_free_der_m,,,0.021803988272801146,0.9993394551645399,True,1,True,1,,True,0.8761475291414544,0.6966982682349404,0.9999999999999755,275624.9826112939,0.03250016088097072,0.12197191156863424,1.4353415898871673,1.999324392922485,2.275686255558996e-06
6473.02,True,forward,pilot_free_der_m,,,0.021895402147028155,0.9993339049998594,True,1,True,1,,True,0.8756072015485331,0.696700418946521,0.9999999999967977,275424.116217466,0.03236554434200877,0.12262654173807479,1.4353371589885007,1.9980828088659306,2.27735903412638e-06
6475.62,True,forward,pilot_free_der_m,,,0.02192718103628434,0.9993319713631789,True,1,True,1,,True,0.8754015685657093,0.6967290350883107,0.9999999998853829,275313.59971157974,0.032318827376856624,0.12286885914769165,1.4352782064818534,1.9974993869509148,2.278447899192184e-06
6478.02,True,forward,pilot_free_der_m,,,0.02193907948186988,0.9993312192679022,True,1,True,1,,True,0.8752534380656599,0.6967473539406468,0.9999999998917192,275269.48615172785,0.03228907296461269,0.1230392694965614,1.4352404702162749,1.9970883048460613,2.27892487453903e-06
6480.52,True,forward,pilot_free_der_m,,,0.02194713340359683,0.9993307354186025,True,1,True,1,,True,0.8750863164337116,0.6967251056414522,0.9999999999999999,275227.8248894777,0.03224704107594854,0.12322919101181998,1.4352863014450044,1.996795714212053,2.279133983535969e-06
6483.12,True,forward,pilot_free_der_m,,,0.021938023835685185,0.9993312807157647,True,1,True,1,,True,0.8749360040974228,0.6967724283327448,0.9999999999999999,275155.1393614154,0.032213573911246615,0.12342830960085513,1.4351888211088173,1.9962640238253846,2.280025074877749e-06
6485.62,True,forward,pilot_free_der_m,,,0.021933115387086817,0.9993315600052423,True,1,True,1,,True,0.8747731996964668,0.6968310837984023,0.9999999999999999,275067.7979439001,0.032181242017978014,0.12363111627585491,1.435068014688774,1.995658747771108,2.281107375695269e-06
6488.42,True,forward,pilot_free_der_m,,,0.021928706732139022,0.9993317896124757,True,1,True,1,,True,0.8746139713785668,0.6968830994521401,0.99999999999999,275011.2042983538,0.03215355188323254,0.1238203500012918,1.4349609005960218,1.9950882083108181,2.2818946035257446e-06
6491.12,True,forward,pilot_free_der_m,,,0.021988589713643085,0.999328023612502,True,1,True,1,,True,0.8744058860361553,0.6968682652113642,0.9999999999999999,274932.75194906647,0.03212026897431529,0.12401175940872058,1.4349914466211113,1.9946726416874485,2.2824550867715438e-06
6493.92,True,forward,pilot_free_der_m,,,0.022051204692930537,0.999324074989444,True,1,True,1,,True,0.8741775730506613,0.6968381458003461,0.9999999999995812,274877.75809119956,0.03208784159322645,0.12419710698145082,1.43505347120606,1.9942717884365802,2.282727615153068e-06
6496.320000000001,True,forward,pilot_free_der_m,,,0.022111403478146503,0.9993202861011998,True,1,True,1,,True,0.873990969534535,0.6968636851761313,0.9999999999999999,274799.40036241466,0.03206226317737931,0.124371835187337,1.435000877893718,1.9937443828937027,2.2835346867356783e-06
6499.02,True,forward,pilot_free_der_m,,,0.022187841259921078,0.9993154625006927,True,1,True,1,,True,0.873753535125891,0.6968271030270394,0.9999999999994328,274744.6860473606,0.0320295960890633,0.12455218287752375,1.4350762128157768,1.9933483910052423,2.283765712356848e-06
6501.62,True,forward,pilot_free_der_m,,,0.02226147569447785,0.9993107924437168,True,1,True,1,,True,0.8735656549835588,0.6968470664044826,0.9999999999998784,274684.8622336877,0.032006038269076026,0.12472328707080894,1.435035100541604,1.9928403047030188,2.2843852167070534e-06
6504.22,True,forward,pilot_free_der_m,,,0.022328458384700527,0.999306515633741,True,1,True,1,,True,0.8733502230372469,0.6968328253631739,0.9999999999998515,274614.9883999889,0.031975461056779855,0.12490485757688324,1.4350644280838427,1.9924055176282927,2.284879324228724e-06
6506.820000000001,True,forward,pilot_free_der_m,,,0.022389131942210434,0.9993026166631905,True,1,True,1,,True,0.873099423909992,0.6967882228818455,0.9999999999999999,274537.5644564146,0.0319389252904695,0.125096147958287,1.4351562887560028,1.9920108163214294,2.2852506932575164e-06
6509.42,True,forward,pilot_free_der_m,,,0.022439630373468265,0.9992993409860653,True,1,True,1,,True,0.8728766699455784,0.6967570266807835,0.9999999998803787,274462.25253238773,0.03190570905154825,0.12527955996198978,1.4352205454521016,1.9916266920136727,2.2856867524850083e-06
6512.02,True,forward,pilot_free_der_m,,,0.022487288818958222,0.9992962349098791,True,1,True,1,,True,0.8726436563546566,0.6966903849748561,0.9999999999999999,274415.17953964206,0.03187013183757463,0.12545340243202263,1.4353578312065989,1.9913600893915118,2.2856706990650713e-06
6514.42,True,forward,pilot_free_der_m,,,0.022540506889510755,0.9992927825473182,True,1,True,1,,True,0.8724458189595959,0.6966677293024705,0.9999999999999999,274354.9869977657,0.03184148496838339,0.1256178389488514,1.4354045091212089,1.9909987274765848,2.28603337561738e-06
6516.92,True,forward,pilot_free_der_m,,,0.02259542742972069,0.9992892093498124,True,1,True,1,,True,0.8722108656897406,0.6966292014154519,0.9999999999999984,274275.34881226777,0.031806611316762594,0.12580272494090405,1.435483895834599,1.9906157366325203,2.2864610379827484e-06
6519.72,True,forward,pilot_free_der_m,,,0.022667558264780976,0.9992845264216643,True,1,True,1,,True,0.8720018010480142,0.6966209687439182,0.999999999876509,274186.8159165658,0.03177415024261444,0.12599726486889493,1.4355008602161596,1.9901713245043822,2.287148850056159e-06
6522.42,True,forward,pilot_free_der_m,,,0.022734851217768533,0.9992801389688792,True,1,True,1,,True,0.8717170012719416,0.6965608524027056,0.9999999999997408,274105.78235395433,0.03173421556098507,0.12619895226157166,1.4356247505876294,1.9897602569885975,2.287456330294841e-06
6524.92,True,forward,pilot_free_der_m,,,0.022805013388613758,0.9992755677158112,True,1,True,1,,True,0.8715172809040516,0.6965554274736734,0.9999999999998789,274021.8843401391,0.03170396741981782,0.1263784309801517,1.4356359315535938,1.9893259382085742,2.2881234063871586e-06
6527.42,True,forward,pilot_free_der_m,,,0.02287325558807153,0.9992711065254742,True,1,True,1,,True,0.8713284517677385,0.6965263968638659,0.9999999998922593,273947.4700207927,0.031673158748348716,0.12654794603420103,1.435695767446566,1.9890102615368466,2.28856679766703e-06
6535.22,True,forward,pilot_free_der_m,,,0.02308821891281696,0.9992569643048423,True,1,True,1,,True,0.8706368983674152,0.6964442180897261,0.9999999999999999,273681.6574956163,0.03156791282874616,0.12712784988459605,1.4358651763136114,1.9877579294401297,2.2902847317285526e-06
6542.820000000001,True,forward,pilot_free_der_m,,,0.023319069121130496,0.9992417484818128,True,1,True,1,,True,0.870289769707779,0.6961544757033375,0.9999999999999999,273599.0452646964,0.03150902739689878,0.12729087058899555,1.4364627893682385,1.9881159264647155,2.289195315047828e-06
6551.02,True,forward,pilot_free_der_m,,,0.023580102072917712,0.9992244157031889,True,1,True,1,,True,0.8700747911012534,0.6958024506881597,0.9999999999999999,273532.9507528702,0.03146764600580986,0.1272971979071429,1.437189534200381,1.9890234435274377,2.287583063187893e-06
6553.52,True,forward,pilot_free_der_m,,,0.023558987647027352,0.9992255568989268,True,1,True,1,,True,0.8700327575051243,0.6957845598139438,0.9999999999999999,273523.55033309665,0.03149480014348791,0.1272207770561567,1.4372264889974056,1.988998464308875,2.2875515957363374e-06
6555.92,True,forward,pilot_free_der_m,,,0.023228741125130948,0.9992463821455663,True,1,True,1,,True,0.8700455975766334,0.6960392948879965,0.9999999999999308,273539.3673861399,0.03164081455768575,0.12691724448417716,1.4367004957110163,1.9880156032684755,2.288986387357708e-06
6558.62,True,forward,pilot_free_der_m,,,0.02287118223930049,0.9992685639979425,True,1,True,1,,True,0.8700601809797982,0.6963402418414419,0.9999999999999998,273563.4867067522,0.031815335860892024,0.12655515912625814,1.436079577069311,1.9868538929074708,2.2906349609295385e-06
6561.12,True,forward,pilot_free_der_m,,,0.022559761260976505,0.9992876095389985,True,1,True,1,,True,0.8700779273224714,0.6965953427853419,0.9999999999999999,273591.81590777624,0.03197039071198319,0.1262295665258512,1.4355536687935526,1.9858821180103183,2.29196543508417e-06
6563.72,True,forward,pilot_free_der_m,,,0.02223724224371827,0.9993071222558201,True,1,True,1,,True,0.8700525227670263,0.6968269049455331,0.9999999999998451,273589.8818780333,0.03211498657654392,0.12593512475933857,1.4350766207542018,1.9849058261654426,2.2934041145598077e-06
6566.22,True,forward,pilot_free_der_m,,,0.021929982145940306,0.9993255013481585,True,1,True,1,,True,0.8700483220400385,0.697029995832221,0.9999999999999212,273595.4786453681,0.032249471603255205,0.1256523364396633,1.4346584881271405,1.984091284051756,2.2946043303955143e-06
6568.820000000001,True,forward,pilot_free_der_m,,,0.021557061968923024,0.9993476838337155,True,1,True,1,,True,0.8701073336075709,0.6973244395264192,0.9999999999999999,273611.9043352387,0.03239566415802642,0.12535901062531385,1.4340527067703803,1.9830594618738977,2.296273872436702e-06
6571.42,True,forward,pilot_free_der_m,,,0.021194192075651277,0.9993689183377694,True,1,True,1,,True,0.8701684640585107,0.697599652616724,0.9999999999999999,273657.39934471314,0.03254343302285562,0.12505116826936058,1.433486952364383,1.9821092662624988,2.297580343595604e-06
6573.820000000001,True,forward,pilot_free_der_m,,,0.02086250138723384,0.9993880246242939,True,1,True,1,,True,0.8701795674281783,0.6978161234516836,0.9999999999999999,273631.7211825133,0.032663630127689795,0.1248144317835322,1.4330422677160157,1.9812781038976874,2.2991234492985435e-06
6576.62,True,forward,pilot_free_der_m,,,0.020468210558138595,0.9994104014771551,True,1,True,1,,True,0.8702470067946538,0.698077118481171,0.9999999999999999,273667.37178497214,0.03281430025264689,0.12449845911136893,1.4325064860680898,1.9803995764619906,2.300423672909375e-06
6579.22,True,forward,pilot_free_der_m,,,0.020112295225316927,0.9994302575886341,True,1,True,1,,True,0.8703107178725334,0.6983686712629659,0.9999999999999999,273648.5379868373,0.03295317126750869,0.12423372304147197,1.431908447713653,1.9793923558331208,2.3023683750750233e-06
6581.92,True,forward,pilot_free_der_m,,,0.019767296115682224,0.9994491712349025,True,1,True,1,,True,0.8703880487784326,0.6986763121308546,0.9999999999999999,273656.08210719354,0.03310185466245217,0.12394509038707116,1.431277950371832,1.978353246011708,2.304188912135249e-06
6584.52,True,forward,pilot_free_der_m,,,0.019462510273112958,0.9994655961724969,True,1,True,1,,True,0.8704640352743223,0.6989836367744087,0.9999999999999997,273667.06685438694,0.033247642837711006,0.12366476391070325,1.4306486552599251,1.9773130436663529,2.305977507984055e-06
6587.22,True,forward,pilot_free_der_m,,,0.019174996551039738,0.9994808376689295,True,1,True,1,,True,0.8705604852822068,0.6993202963685916,0.9999999999999999,273673.8661724316,0.033400601399818375,0.12337589603023819,1.4299599270788628,1.9762043599539538,2.3079797561064187e-06
6589.72,True,forward,pilot_free_der_m,,,0.018926972425649564,0.999493794043261,True,1,True,1,,True,0.8706298384376685,0.6996273390232045,0.9999999999999998,273656.5396039187,0.03353727449756,0.12312626824209426,1.42933236627969,1.975151698690421,2.310003403805644e-06
6592.12,True,forward,pilot_free_der_m,,,0.018679727207968996,0.9995065720888859,True,1,True,1,,True,0.8707344041581921,0.6998901416547909,0.9999999999999999,273714.02139662724,0.03367593225006706,0.12284134178806073,1.428795664467629,1.974353790317779,2.311124221737405e-06
6594.62,True,forward,pilot_free_der_m,,,0.01843802556424163,0.9995188937063181,True,1,True,1,,True,0.8708108994018874,0.7001769097934195,0.9999999999999999,273742.499840943,0.03381656310670434,0.12256999109805478,1.428210479398757,1.9733983846961485,2.3126352232475213e-06
6597.320000000001,True,forward,pilot_free_der_m,,,0.018167142729673413,0.9995325443781414,True,1,True,1,,True,0.8708962928219921,0.7004620159131666,0.9999999999999999,273789.2646935199,0.03396726662576691,0.12226992961544836,1.4276291608708243,1.9724702735107524,2.313980408262331e-06
6600.12,True,forward,pilot_free_der_m,,,0.017928574873847473,0.9995443558615833,True,1,True,1,,True,0.870982913172118,0.7007498930091508,0.9999999999999999,273831.82147211774,0.034120343961542225,0.12196782864966674,1.4270426723945875,1.9715346222592887,2.3153768237883795e-06
6602.52,True,forward,pilot_free_der_m,,,0.017718365169923665,0.9995546534358762,True,1,True,1,,True,0.87104054099786,0.7009841719057633,0.9999999999999999,273871.11296709604,0.03424852099120174,0.12171841582553954,1.426565734403536,1.9707444971040418,2.3164729335376933e-06
6605.22,True,forward,pilot_free_der_m,,,0.017500939893325948,0.9995651579228632,True,1,True,1,,True,0.8711031596300568,0.7012679676273528,0.9999999999999999,273913.2375744648,0.034397761635450094,0.12142917664237236,1.4259884183550653,1.9697716684348563,2.317845877619748e-06
6612.92,True,forward,pilot_free_der_m,,,0.016973250233415903,0.9995900311151914,True,1,True,1,,True,0.8712901973345217,0.7020628020337165,0.9999999999999999,274001.35112344206,0.034814782660760914,0.12063013273519892,1.42437399774383,1.9670766809442881,2.3219377606443485e-06
6620.52,True,forward,pilot_free_der_m,,,0.01658004668907347,0.9996078837937706,True,1,True,1,,True,0.8712755087292403,0.7029378400173895,0.9999999999999999,274028.0224842871,0.03519300023806769,0.12008782255260814,1.4226008945190112,1.9636181220163835,2.327029481294849e-06
6628.72,True,forward,pilot_free_der_m,,,0.016325196453010813,0.9996188993958214,True,1,True,1,,True,0.871308940994012,0.703836021521253,0.9999999999999999,274065.47858311085,0.03560296247132299,0.11945792873006096,1.420785480456976,1.960185038728273,2.332161272357644e-06
6631.22,True,forward,pilot_free_der_m,,,0.016293615595346127,0.9996201599063653,True,1,True,1,,True,0.8713024652352713,0.7040324867792256,0.9999999999999999,274071.7093367681,0.03569197572694433,0.11932871528397988,1.4203890001933752,1.959404090193436,2.3332992472606605e-06
6633.72,True,forward,pilot_free_der_m,,,0.01634152026759955,0.9996181495775511,True,1,True,1,,True,0.8711787802101566,0.7037805311789631,0.9999999999999999,274018.93944906857,0.03556288720689431,0.11958557664234871,1.4208975038352,1.960108711481739,2.332220842485396e-06
6636.12,True,forward,pilot_free_der_m,,,0.016383182455783744,0.9996163997641496,True,1,True,1,,True,0.871053408901655,0.7035412001804764,0.999999999999986,273970.3779560274,0.03544498686144332,0.119820867443484,1.4213808654609856,1.9607605881709667,2.331182200398825e-06
6638.62,True,forward,pilot_free_der_m,,,0.016454874841233466,0.9996132531070249,True,1,True,1,,True,0.8709244342945117,0.7032725882636819,0.9999999999999999,273922.4988499925,0.03531711564233586,0.12007161305214098,1.4219237557216782,1.9615189864885825,2.329959036386107e-06
6641.22,True,forward,pilot_free_der_m,,,0.016497429623904897,0.9996114670487849,True,1,True,1,,True,0.8707879660975457,0.703015083245911,0.9999999999974272,273864.4501422211,0.03518930610790353,0.12033046228427899,1.422444587362619,1.96221748440981,2.328888694781553e-06
6643.820000000001,True,forward,pilot_free_der_m,,,0.016552547898127355,0.999609085957466,True,1,True,1,,True,0.8706540264137991,0.7027493850224685,0.9999999999999983,273814.2408754354,0.03506141153574502,0.12058598920133597,1.4229823907537478,1.9629540379649684,2.3277007932221843e-06
6646.320000000001,True,forward,pilot_free_der_m,,,0.016635579287701582,0.9996053564536654,True,1,True,1,,True,0.8705173919836711,0.7024703452473267,0.9999999999977974,273775.2256525974,0.03493852851231035,0.12082510313609607,1.4235476369407682,1.9637370596782553,2.3263354827052865e-06
6649.02,True,forward,pilot_free_der_m,,,0.016738373495919705,0.9996006862722348,True,1,True,1,,True,0.8703482016876362,0.702180039997263,0.9999999999978206,273701.57200304745,0.034801926959790765,0.12110533403549953,1.4241361802333752,1.9644910978187085,2.3251946806627825e-06
6651.52,True,forward,pilot_free_der_m,,,0.016846059765768695,0.9995957447979756,True,1,True,1,,True,0.8702121612748912,0.7019249471064262,0.9999999999999999,273660.60182288196,0.03468156238063597,0.1213474991247814,1.4246537384407558,1.9651825023699363,2.3239893587443715e-06
6654.22,True,forward,pilot_free_der_m,,,0.016986653733414882,0.9995891991661201,True,1,True,1,,True,0.8700739222226765,0.70164639232471,0.9999999999999999,273622.4303442193,0.03455260604844761,0.12160505110058577,1.425219328338279,1.9659611657241851,2.322616296556555e-06
6656.820000000001,True,forward,pilot_free_der_m,,,0.01713653428788202,0.999582140487773,True,1,True,1,,True,0.8699112538190117,0.7013587151624779,0.9999999999999999,273567.2375296703,0.03442241311817002,0.12186864590625617,1.42580391229378,1.9667207604549473,2.3213308887376665e-06
6659.42,True,forward,pilot_free_der_m,,,0.017290145319282475,0.9995748403736411,True,1,True,1,,True,0.8697466196720978,0.7010557713314123,0.9999999999999999,273515.45334802,0.034290440060786936,0.12213228273418267,1.4264200380247163,1.9675361607617652,2.3199220761609367e-06
6662.02,True,forward,pilot_free_der_m,,,0.01744041714737125,0.999567646121736,True,1,True,1,,True,0.869567685130487,0.7007296171835417,0.9999999999999999,273477.7517702517,0.03415726214441567,0.12239172237888872,1.4270839643104032,1.968410710044288,2.3182507104433485e-06
6664.92,True,forward,pilot_free_der_m,,,0.017607910194270115,0.9995595618289118,True,1,True,1,,True,0.8693788976324367,0.7003716457001925,0.9999999999999999,273411.34900153754,0.034005206488151224,0.12269542770236713,1.427813370428861,1.9693883820090459,2.316626579322103e-06
6667.320000000001,True,forward,pilot_free_der_m,,,0.017750361790586613,0.9995526261430389,True,1,True,1,,True,0.8692247926940982,0.7000809391968066,0.9999999999999999,273358.54538575833,0.033880566560966406,0.12294665083198382,1.4284062656344942,1.9701810186327675,2.3152966340163574e-06
6669.820000000001,True,forward,pilot_free_der_m,,,0.017933771279041517,0.9995435677689346,True,1,True,1,,True,0.8690487217790096,0.6997487506751389,0.9999999999992335,273312.30396380485,0.03374771363017582,0.12320634563767906,1.429084366402088,1.971087327148154,2.3136559389807824e-06
6672.52,True,forward,pilot_free_der_m,,,0.018136928749279243,0.9995334284886976,True,1,True,1,,True,0.868872693265529,0.6994087131257185,0.9999999999999999,273249.319469273,0.033604839367658686,0.123493097640702,1.4297791566406326,1.972025156658738,2.312107211932986e-06
6675.12,True,forward,pilot_free_der_m,,,0.018369416728617388,0.9995216496163275,True,1,True,1,,True,0.8686914002756305,0.6991305844202907,0.999999999999385,273131.42941955145,0.033465817241341206,0.12380135043140833,1.4303479525624974,1.972707943884942,2.3114006384996757e-06
6677.92,True,forward,pilot_free_der_m,,,0.018593894092089794,0.9995101760273735,True,1,True,1,,True,0.8685151791185067,0.6988100674183896,0.9999999999999993,273034.6645562528,0.03331844289134356,0.12411191480365741,1.4310039975444173,1.973569473742521,2.310253870141938e-06
6680.320000000001,True,forward,pilot_free_der_m,,,0.018815239245521295,0.999498703580683,True,1,True,1,,True,0.8683676632919303,0.6985473932010355,0.9999999999996873,272933.1213157078,0.03319238174457135,0.12438129888574112,1.4315420968322137,1.9742688535133164,2.309500892956084e-06
6683.12,True,forward,pilot_free_der_m,,,0.019077729976786705,0.9994849360857584,True,1,True,1,,True,0.8682269313672903,0.6982303488062768,0.9999999999999999,272847.4503257189,0.033046068816696306,0.12468995061373016,1.4321921149798786,1.9751983258169254,2.30827828950643e-06
6690.820000000001,True,forward,pilot_free_der_m,,,0.01985072401849458,0.999443304601607,True,1,True,1,,True,0.86781935631383,0.6973161141480294,0.9999999999999999,272635.4025748917,0.03264067206815674,0.12553752996102052,1.4340698281751099,1.9778778197898224,2.304447193704558e-06
6698.320000000001,True,forward,pilot_free_der_m,,,0.02069206252107995,0.9993962214736547,True,1,True,1,,True,0.8677025760130062,0.696208349433207,0.9999999999999999,272525.4153999859,0.03228143291206082,0.12599420059330999,1.4363516335506663,1.9819923115571403,2.2985462456440314e-06
6706.42,True,forward,pilot_free_der_m,,,0.021643331103250157,0.9993406539177451,True,1,True,1,,True,0.8672654778793122,0.6952175341386293,0.9999999999999999,272289.8368816628,0.03184516535072593,0.12692554670435097,1.4383987038517294,1.9849203743693906,2.294409781893679e-06
6708.92,True,forward,pilot_free_der_m,,,0.021986003511526624,0.9993200616697284,True,1,True,1,,True,0.867119768445894,0.6948628014994981,0.9999999999999999,272213.9892136929,0.03169241358725139,0.1272475828666985,1.4391330171107486,1.985994777852464,2.292853261446535e-06
6711.320000000001,True,forward,pilot_free_der_m,,,0.021797826799117202,0.9993312503555877,True,1,True,1,,True,0.8670905016353546,0.6950384498483907,0.999999999999836,272195.7450499466,0.03177401488342801,0.12711722465762537,1.4387693230755318,1.98523048767077,2.294094439954495e-06
6714.12,True,forward,pilot_free_der_m,,,0.02157883214796711,0.9993442986380711,True,1,True,1,,True,0.8670720227790106,0.6952146106895498,0.999999999999913,272174.438388451,0.0318451206658488,0.12701286937896428,1.4384047524663806,1.984489208538083,2.295364488361929e-06
6716.72,True,forward,pilot_free_der_m,,,0.021329783793215568,0.9993590233595656,True,1,True,1,,True,0.8670490707910872,0.6954080665043523,0.99999999999993,272148.8587190164,0.03192071931610518,0.12690297098770603,1.4380046021420019,1.9836694585749834,2.2967775206804897e-06
6719.52,True,forward,pilot_free_der_m,,,0.02107289186557366,0.9993740200938486,True,1,True,1,,True,0.8670645572450306,0.6956526952182728,0.9999999999999999,272128.13750183204,0.03201137119771936,0.12676780139249413,1.437498922772423,1.9827352391095479,2.2984660041623326e-06
6722.02,True,forward,pilot_free_der_m,,,0.020846320962448792,0.9993870806143194,True,1,True,1,,True,0.8670546810095259,0.6958712497750997,0.999999999999923,272099.7652879451,0.03209326863973626,0.12665037827749345,1.4370474427893312,1.981846867860883,2.300057589437824e-06
6724.52,True,forward,pilot_free_der_m,,,0.020642691244892538,0.9993986567626933,True,1,True,1,,True,0.8670295036300834,0.6960626672185182,0.9999999999999999,272086.4142430066,0.032175929705923555,0.12652255389156888,1.4366522543092592,1.981031444205609,2.301354190280726e-06
6727.12,True,forward,pilot_free_der_m,,,0.02043524214305888,0.9994103370451491,True,1,True,1,,True,0.8670262013384852,0.6962724540619282,0.9999999999997691,272063.9434851434,0.03226180968481261,0.12639233867459407,1.4362193910816794,1.980193713493312,2.3028413065557056e-06
6729.52,True,forward,pilot_free_der_m,,,0.020247002928266398,0.9994208371245658,True,1,True,1,,True,0.867004607339627,0.696456744328592,0.9999999999999999,272042.186422738,0.03233990574215746,0.12627486338317445,1.435839351321142,1.9794154837104672,2.304164624499541e-06
6732.02,True,forward,pilot_free_der_m,,,0.020054197010560163,0.9994314963026797,True,1,True,1,,True,0.8669994568319082,0.6966507912380424,0.9999999999999999,272032.05095703545,0.03242294832154052,0.12614540138598243,1.4354394089223168,1.9786365905097987,2.305449617205515e-06
6734.62,True,forward,pilot_free_der_m,,,0.019858260940061354,0.9994422283755776,True,1,True,1,,True,0.8669799534756568,0.696855960476164,0.9999999999997435,272002.20125725056,0.03250651499852611,0.12602400571306555,1.4350167849844322,1.977781398081161,2.306970238486487e-06
6737.42,True,forward,pilot_free_der_m,,,0.019657667016316428,0.9994531026601845,True,1,True,1,,True,0.8669586599016651,0.6970702452029262,0.9999999999997926,271989.20379485044,0.03259869058872311,0.1258824516973802,1.4345756498452744,1.9768865857939024,2.308404049446988e-06
6740.02,True,forward,pilot_free_der_m,,,0.019486192381945894,0.9994622965912924,True,1,True,1,,True,0.8669586839457192,0.6972938565053481,0.9999999999999998,271970.40119192447,0.03268724855866518,0.12575104334067103,1.4341156037308782,1.97600405417991,2.309944438723325e-06
6742.62,True,forward,pilot_free_der_m,,,0.019330425329980562,0.9994705591382458,True,1,True,1,,True,0.8669586868081653,0.6975177993049065,0.9999999999999999,271959.4934882125,0.03277628990667721,0.12561796930431915,1.433655171232224,1.9751206588694397,2.3114195019142513e-06
6745.12,True,forward,pilot_free_der_m,,,0.01919045462884858,0.9994779154492126,True,1,True,1,,True,0.8669559845576357,0.6977309352753962,0.9999999999998688,271943.1123761571,0.03286076418994076,0.12549339710694585,1.433217232377931,1.9742741916091222,2.3128740690295667e-06
6747.72,True,forward,pilot_free_der_m,,,0.01902677710788599,0.9994864942861075,True,1,True,1,,True,0.8669540347523217,0.6979536656590433,0.9999999999999999,271943.5730600744,0.03295166140739449,0.12535470189779804,1.4327598653067453,1.973392092169478,2.3142442223744922e-06
6750.22,True,forward,pilot_free_der_m,,,0.01887902171487651,0.9994941655801124,True,1,True,1,,True,0.8669402675038401,0.6981460053135834,0.9999999999999999,271939.1993111449,0.03303441617896942,0.12522798677140248,1.4323651390812355,1.9726032524674444,2.3154676604056162e-06
6752.820000000001,True,forward,pilot_free_der_m,,,0.01870650809386904,0.9995030886936758,True,1,True,1,,True,0.8669397542455151,0.69833184528153,0.9999999999999999,271969.9350289771,0.03312405857662028,0.12507627685901093,1.431983958281114,1.97187052548986,2.3163516469622084e-06
6755.42,True,forward,pilot_free_der_m,,,0.018570234151050132,0.9995100264118413,True,1,True,1,,True,0.8669294059229617,0.6985269164551382,0.9999999999999999,271966.0444546195,0.03320768913780328,0.1249522476556512,1.4315840613197377,1.9710794634050635,2.3175870090794363e-06
6757.820000000001,True,forward,pilot_free_der_m,,,0.018432732027149634,0.9995170018263759,True,1,True,1,,True,0.866899769591784,0.6986693263528037,0.9999999999999999,272003.2770437298,0.03328499061617645,0.12482381762702874,1.4312922612764523,1.9704520114412707,2.318147091475511e-06
6760.52,True,forward,pilot_free_der_m,,,0.018289030381371724,0.9995242182320425,True,1,True,1,,True,0.866867446785591,0.69888370727877,0.9999999999999999,271993.00834101473,0.03337434168444269,0.12469384440854803,1.430853215756997,1.9695358301130554,2.3195549880253326e-06
6768.22,True,forward,pilot_free_der_m,,,0.017913181414727208,0.9995427950992651,True,1,True,1,,True,0.8667866165262258,0.6994439297694239,0.9999999999918654,272001.2782979186,0.033626187589064736,0.12430687517736387,1.4297071679806008,1.9671523237578292,2.3229326750435327e-06
6775.820000000001,True,forward,pilot_free_der_m,,,0.01756867090793681,0.9995594069966032,True,1,True,1,,True,0.8663031295348238,0.7002046518533198,0.9999999999154667,271865.26195681567,0.03381645735047917,0.124395735871914,1.428153893677571,1.9630744507591553,2.3287746018503357e-06
6784.12,True,forward,pilot_free_der_m,,,0.017293324187838622,0.9995723735647046,True,1,True,1,,True,0.8664203105835526,0.7006881316199765,0.9999999999999999,271953.62130105536,0.03411725165179366,0.12373721824407317,1.4271684575105055,1.9614483169885792,2.3309882942910328e-06
6786.52,True,forward,pilot_free_der_m,,,0.017193256570970504,0.9995770174592128,True,1,True,1,,True,0.866461660617265,0.7009002218962949,0.9999999999999984,271979.10127445764,0.03423754867841591,0.12348975199053819,1.4267366006740376,1.9607127759311864,2.3320720814857344e-06
6789.22,True,forward,pilot_free_der_m,,,0.01744795063100294,0.9995649496192929,True,1,True,1,,True,0.8663382013964775,0.7003251192066496,0.9999999999969148,271927.6089603808,0.033995502599185684,0.12389543630468956,1.4279082280095083,1.9626824147873718,2.328981057541904e-06
6791.72,True,forward,pilot_free_der_m,,,0.017637262749141135,0.9995558548415292,True,1,True,1,,True,0.8661825328837043,0.6998187151320646,0.9999999999999999,271872.281051033,0.033801420422825926,0.12422029313440074,1.428941493528488,1.9643124115230612,2.326341072870775e-06
6794.22,True,forward,pilot_free_der_m,,,0.01793218302127591,0.9995413054486312,True,1,True,1,,True,0.8660240166565563,0.6992931372550982,0.9999999999998591,271810.41600074276,0.03359981076121031,0.12456077635156723,1.4300154637940694,1.9660129247306177,2.323635322752454e-06
6797.02,True,forward,pilot_free_der_m,,,0.018317705306532088,0.9995218875437336,True,1,True,1,,True,0.8658362271812113,0.6986756591647614,0.9999999999999999,271749.0666752421,0.03336670808491916,0.12495339119764645,1.4312792880110632,1.9680097227099977,2.320354670629667e-06
6799.72,True,forward,pilot_free_der_m,,,0.01872187699284928,0.9995010960395152,True,1,True,1,,True,0.8656639601302762,0.6980593082025713,0.9999999999999999,271697.45063103514,0.03313655851855394,0.12533825217297118,1.4325430350250523,1.9700400873543924,2.316992779224771e-06
6802.320000000001,True,forward,pilot_free_der_m,,,0.019147095494937667,0.999478730542643,True,1,True,1,,True,0.8655131168103518,0.6974769478077985,0.9999999999999998,271652.2831333066,0.03291551284516901,0.12571158167098134,1.433739140975261,1.971988179825993,2.3137810474672553e-06
6805.02,True,forward,pilot_free_der_m,,,0.019629406243055595,0.9994527489591314,True,1,True,1,,True,0.8653490416304463,0.6968640526866117,0.9999999999999996,271577.32875569304,0.03267921221945333,0.1261215442808078,1.4350001211064216,1.9740290056910796,2.3106294734056323e-06
6807.52,True,forward,pilot_free_der_m,,,0.020112331897494087,0.9994260908916214,True,1,True,1,,True,0.8651940431813602,0.69629285230628,0.9999999999999999,271531.55588155985,0.032462528453277094,0.12649430226757935,1.436177316322827,1.9759287353242625,2.3074827907575833e-06
6810.02,True,forward,pilot_free_der_m,,,0.02063066614820456,0.9993967613815801,True,1,True,1,,True,0.8650343952486822,0.6956982543101743,0.9999999999999998,271493.15107334795,0.03224372513360836,0.12686584344421525,1.4374047854864298,1.9779127266146386,2.304124295128565e-06
6812.62,True,forward,pilot_free_der_m,,,0.021201196152078387,0.9993636343240059,True,1,True,1,,True,0.8648686175325115,0.6950905030658021,0.9999999999999999,271423.6513538257,0.0320118071650055,0.12727574323498136,1.4386615780094076,1.9799373714247994,2.3009433765232123e-06
6815.12,True,forward,pilot_free_der_m,,,0.021773193721843328,0.9993295454718247,True,1,True,1,,True,0.8647062288204251,0.6944831411478167,0.9999999999999999,271370.81717817235,0.031786113927851106,0.12767075969048877,1.4399197629869545,1.9819709762265898,2.297618588047146e-06
6817.92,True,forward,pilot_free_der_m,,,0.022437152964411795,0.9992888847276125,True,1,True,1,,True,0.8645183290131326,0.6937796944463375,0.9999999999999999,271324.82731435075,0.03153227894424363,0.1281093470498911,1.4413797463444615,1.984330154125193,2.2936332565831346e-06
6820.52,True,forward,pilot_free_der_m,,,0.023068897387390524,0.9992491201475844,True,1,True,1,,True,0.8643276702289606,0.6931275894252956,0.9999999999999999,271248.690981653,0.03128974601475992,0.12854698534594527,1.4427358184214634,1.9864825988553736,2.290216203863579e-06
6823.42,True,forward,pilot_free_der_m,,,0.02379812109195231,0.9992019088362558,True,1,True,1,,True,0.8641515459888774,0.6923881530527977,0.9999999999999999,271181.2726606309,0.031018987705430646,0.12902821253649788,1.4442765890648412,1.9890192766809158,2.286174834416672e-06
6825.820000000001,True,forward,pilot_free_der_m,,,0.024436042188348925,0.9991594386099297,True,1,True,1,,True,0.8639679049752605,0.6917802085909996,0.9999999999999998,271081.1931214292,0.030787656145561,0.12946318794087677,1.4455458360637035,1.9910185622430725,2.2832227369051304e-06
6828.320000000001,True,forward,pilot_free_der_m,,,0.025116590026356484,0.9991129544418881,True,1,True,1,,True,0.8638045198556915,0.6911244968398099,0.9999999999999999,271026.45005127793,0.030550474447742476,0.12988960558877705,1.4469173131216353,1.9932579700964481,2.2795847605162055e-06
6830.92,True,forward,pilot_free_der_m,,,0.025853846645931818,0.9990612126765047,True,1,True,1,,True,0.8636217667900694,0.6904681023674837,0.9999999999999999,270925.78893110435,0.030300412277216946,0.13036444459340094,1.4482928270997462,1.9954586871599103,2.276322705286893e-06
6833.42,True,forward,pilot_free_der_m,,,0.026571577754851732,0.9990094915400334,True,1,True,1,,True,0.8634646466196911,0.6898181560555124,0.9999999999999999,270863.8833971064,0.03006192038645409,0.1308040761004705,1.4496574078568119,1.9976961175439307,2.2727693556363093e-06
6836.02,True,forward,pilot_free_der_m,,,0.02734399777212648,0.9989523226906631,True,1,True,1,,True,0.8633058919960537,0.6891496628947223,0.9999999999999997,270773.6005847597,0.029810671688461972,0.13127860922690096,1.4510636133805441,2.000007457929291,2.269331759427107e-06
6838.52,True,forward,pilot_free_der_m,,,0.028097796197076703,0.9988950544492833,True,1,True,1,,True,0.8631565553378768,0.6884882227559185,0.9999999999999999,270691.069720773,0.02956445506665582,0.1317483168590079,1.4524576702229488,2.0023158565589094,2.2658671216686853e-06
6846.42,True,forward,pilot_free_der_m,,,0.030569422158073623,0.9986970241043926,True,1,True,1,,True,0.8626594671943991,0.6863408692396676,0.9999999999999999,270456.04750666505,0.028776067866301127,0.13327088413188226,1.4570019720781098,2.0098057680418817,2.2543020454364056e-06
6854.320000000001,True,forward,pilot_free_der_m,,,0.033168387848777375,0.9984721114733891,True,1,True,1,,True,0.8623910155199248,0.6839850095316358,0.9999999999999997,270323.5846894532,0.02798940927696258,0.13461028971483835,1.462020345569792,2.0187139303874897,2.240501854939171e-06
6862.42,True,forward,pilot_free_der_m,,,0.035924662255067165,0.9982148470501143,True,1,True,1,,True,0.8617534322475866,0.6816963240885194,0.9999999999999999,270034.9938808189,0.02711804856216692,0.1365339962831041,1.466928843040304,2.0265312141718246,2.228352022362453e-06
6864.820000000001,True,forward,pilot_free_der_m,,,0.03686243249729602,0.9981230860421538,True,1,True,1,,True,0.8615691476133935,0.6809110136763875,0.9999999999999999,269969.7389976075,0.026824600221976056,0.13718071990496278,1.468620685984768,2.029304139631156,2.223887859594776e-06
6867.62,True,forward,pilot_free_der_m,,,0.03610505586456209,0.9981961137434021,True,1,True,1,,True,0.8615436145255463,0.6815646555102417,0.9999999999999993,269956.0786119469,0.027106944726319325,0.13658495922743805,1.4672122327871688,2.0265749159789506,2.2281649894051126e-06
6870.12,True,forward,pilot_free_der_m,,,0.0353584850965409,0.9982674731806193,True,1,True,1,,True,0.8616054004125985,0.6821501033436822,0.9999999999999998,269951.83636896254,0.0273440332736368,0.13608697347204005,1.4659530140042767,2.0243332411784176,2.2319268649191246e-06
6872.52,True,forward,pilot_free_der_m,,,0.034650214637272816,0.9983339003990631,True,1,True,1,,True,0.8616078848955171,0.6826517154670438,0.9999999999999999,269971.48327851313,0.027565338857015665,0.13561335325183507,1.4648758324965736,2.022296714531542,2.2349548918897197e-06
6875.12,True,forward,pilot_free_der_m,,,0.033887544798529096,0.9984040869669656,True,1,True,1,,True,0.8616756137582882,0.6832565939540056,0.9999999999999998,269999.19603358296,0.027815158900822375,0.1350900414903411,1.4635789963079613,2.0199961373790667,2.238569304162958e-06
6877.62,True,forward,pilot_free_der_m,,,0.03316392104602467,0.9984693568830223,True,1,True,1,,True,0.8617121705001104,0.6837425401253168,0.9999999999999996,270089.3912328622,0.02804938820313756,0.13456487032439896,1.4625388085648714,2.018108551501622,2.24090631102862e-06
6880.42,True,forward,pilot_free_der_m,,,0.03235787754703932,0.9985405830817176,True,1,True,1,,True,0.8617262121104711,0.6843782437769781,0.9999999999999996,270054.49029839196,0.02830414998247411,0.13406707529128933,1.4611802889600254,2.015563671224699,2.2452283184636825e-06
6883.12,True,forward,pilot_free_der_m,,,0.03158953187268315,0.9986069902061949,True,1,True,1,,True,0.8617557127042524,0.6849683763882645,0.9999999999999999,270061.4451554604,0.02855224731015588,0.1335667854718932,1.4599214131210698,2.0132433422797242,2.248910396424223e-06
6885.72,True,forward,pilot_free_der_m,,,0.030850312218097652,0.9986695110932091,True,1,True,1,,True,0.8617862500081016,0.6855063918675754,0.9999999999999999,270076.64135532995,0.02878774841204219,0.13308796687574406,1.4587756027710062,2.0111394082411165,2.25219047115417e-06
6888.22,True,forward,pilot_free_der_m,,,0.030142876215946496,0.9987280997836789,True,1,True,1,,True,0.861857314778976,0.6860116987936884,0.9999999999999992,270130.4604980525,0.02901618756543084,0.13260939973701902,1.4577010884193973,2.0092647566904325,2.2549381844181287e-06
6891.02,True,forward,pilot_free_der_m,,,0.02936305398504778,0.9987912388240253,True,1,True,1,,True,0.8618847853571125,0.686595578653058,0.9999999999999999,270122.6296868938,0.029264285245618925,0.1321248087216161,1.4564614615808757,2.0069741969970756,2.258694161154672e-06
6893.42,True,forward,pilot_free_der_m,,,0.02871002914692712,0.9988429294723009,True,1,True,1,,True,0.8619576516483214,0.6870861115959961,0.9999999999997954,270180.7343909725,0.02948260695949164,0.1316775609252844,1.4554216467524692,2.005168233282233,2.2613058637428886e-06
6896.02,True,forward,pilot_free_der_m,,,0.028022736705262813,0.9988961519875232,True,1,True,1,,True,0.8620244528325697,0.6876329993439099,0.9999999999999999,270199.8209621615,0.029719502700332738,0.13120680932779955,1.4542641219285988,2.003123743221745,2.2645965398408764e-06
6898.62,True,forward,pilot_free_der_m,,,0.027360164486289456,0.9989463011757616,True,1,True,1,,True,0.8620290856871017,0.6881931150783102,0.9999999999999999,270185.70164106257,0.02995035971695846,0.13077812335533656,1.4530805061689827,2.0008845503223633,2.2682460349944252e-06
6901.12,True,forward,pilot_free_der_m,,,0.026739052895693546,0.9989922899891679,True,1,True,1,,True,0.8621279594826972,0.6887256030275203,0.9999999999996941,270237.4168143954,0.030180424857588456,0.13032134042599805,1.4519570575042726,1.9989777779222706,2.271165568437497e-06
6903.72,True,forward,pilot_free_der_m,,,0.026089496106294286,0.9990393653722006,True,1,True,1,,True,0.8622074113341824,0.6892887243564978,0.9999999999999999,270267.84081323544,0.030417984118972875,0.1298664471064062,1.4507708666402082,1.996905746771355,2.274453139372738e-06
6906.320000000001,True,forward,pilot_free_der_m,,,0.02545425388903262,0.9990843547120586,True,1,True,1,,True,0.862298087730302,0.6898156508037973,0.9999999999999999,270322.783504997,0.030652984091967636,0.12940294929333046,1.449662672678947,1.9950072064277091,2.277302973080927e-06
6909.22,True,forward,pilot_free_der_m,,,0.02474777179950908,0.999133195117488,True,1,True,1,,True,0.8623567374823073,0.6903753476169611,0.9999999999999999,270384.12456195906,0.030909520540363,0.1289025394696313,1.4484874111623507,1.9929061281837621,2.2803007587084e-06
6911.820000000001,True,forward,pilot_free_der_m,,,0.024141830258791137,0.9991740334273358,True,1,True,1,,True,0.8624411893130713,0.6908900886040411,0.9999999999999999,270442.46045228484,0.031141206335197215,0.12845462400246835,1.4474082296078705,1.9910467693201157,2.283037716249771e-06
6914.52,True,forward,pilot_free_der_m,,,0.023521069304097326,0.99921489330071,True,1,True,1,,True,0.8624653437646196,0.6913879301895305,0.9999999999999999,270487.596705784,0.031371760069689024,0.1280194576047953,1.4463660071790223,1.989117933401057,2.285776660710906e-06
6917.12,True,forward,pilot_free_der_m,,,0.02294128770663264,0.9992521429314906,True,1,True,1,,True,0.8625190502848046,0.6918689573672676,0.999999999999506,270536.8786679379,0.03159598493246642,0.12758974747511367,1.4453604101631516,1.9873264678946423,2.2883720313801825e-06
6924.62,True,forward,pilot_free_der_m,,,0.02136003623688728,0.9993492606845813,True,1,True,1,,True,0.8626726717508171,0.6932685383811982,0.9999999999999999,270691.1465508798,0.03224547262397772,0.12636778509061117,1.4424424947005794,1.9821198045218242,2.2958132609978297e-06
6932.52,True,forward,pilot_free_der_m,,,0.019864146579890284,0.9994350507434868,True,1,True,1,,True,0.8628770838385995,0.6946667849901013,0.9999999999999999,270845.67874890426,0.0329194886297468,0.12508208696407902,1.439539102210349,1.9770523013203418,2.3032167361898624e-06
6940.320000000001,True,forward,pilot_free_der_m,,,0.018594123503578353,0.9995031684033492,True,1,True,1,,True,0.8632446710317976,0.6959466597258883,0.9999999999999999,271053.72586833744,0.033599940247957885,0.12367132912545331,1.4368917301706265,1.972840931447806,2.3094020367296245e-06
6942.820000000001,True,forward,pilot_free_der_m,,,0.018153945823976995,0.9995257476155752,True,1,True,1,,True,0.8633814187238429,0.6964459874779891,0.9999999999999999,271126.16029101756,0.03386129558552379,0.12314603015796306,1.4358615283595189,1.9711859192741803,2.3118827626366344e-06
6945.42,True,forward,pilot_free_der_m,,,0.018289680230873264,0.9995187840042228,True,1,True,1,,True,0.863358163565247,0.6962341560073302,0.9999999999999999,271122.6203092972,0.033797324381543675,0.12321193383512569,1.4362983938258145,1.9719671961230278,2.310599073965229e-06
6947.92,True,forward,pilot_free_der_m,,,0.018421616477925416,0.9995119146906644,True,1,True,1,,True,0.8633360334127453,0.6960531002948689,0.9999999999763672,271139.3110822929,0.03375463886853119,0.12323533852700959,1.4366720003872369,1.9726301309039316,2.309333574725993e-06
6950.62,True,forward,pilot_free_der_m,,,0.018577530924252912,0.9995037364705789,True,1,True,1,,True,0.8632956379067949,0.6958264604099724,0.9999999999999999,271118.22850005503,0.03369142641969007,0.12330089898328817,1.4371399435008725,1.9734313584409016,2.3081065305044235e-06
6953.320000000001,True,forward,pilot_free_der_m,,,0.01871593108003082,0.9994964233804503,True,1,True,1,,True,0.8632653827695953,0.6956111534218482,0.9999999999999999,271134.29212204367,0.03364029886739024,0.12333335301684707,1.4375847699980127,1.9742114835209954,2.306633119869784e-06
6955.92,True,forward,pilot_free_der_m,,,0.01885851718837911,0.9994888234382253,True,1,True,1,,True,0.863245586221802,0.6954229221970136,0.9999999999999999,271140.80609155644,0.03359334660416726,0.12336625883849134,1.4379738833467721,1.974909052909241,2.3054087933791315e-06
6958.42,True,forward,pilot_free_der_m,,,0.01901425653928269,0.9994804299929131,True,1,True,1,,True,0.8631913827581349,0.6952130636040885,0.9999999999999606,271129.48029180075,0.03354257434896767,0.12341017953563696,1.438407953406127,1.975613601355957,2.3042014231427696e-06
6961.22,True,forward,pilot_free_der_m,,,0.019192063027234182,0.9994707640287712,True,1,True,1,,True,0.8631630573473953,0.6949765164627077,0.9999999999999045,271146.2474183178,0.033490414181529135,0.12343824176542748,1.438897540149566,1.9764831870300523,2.3025890524052463e-06
6963.72,True,forward,pilot_free_der_m,,,0.019358666206330668,0.9994616322676836,True,1,True,1,,True,0.8631396503471688,0.6948278677608808,0.9999999999741882,271150.24880386615,0.033452088391951275,0.12346415677660254,1.4392053721114275,1.9770170525960296,2.30163112112388e-06
6966.22,True,forward,pilot_free_der_m,,,0.01953948233160211,0.9994516196791503,True,1,True,1,,True,0.8630919833997689,0.6946351363063411,0.9999999999999999,271162.9990430251,0.033406411394574044,0.12349567982184127,1.4396046899058528,1.977669834363463,2.300324681486644e-06
6968.92,True,forward,pilot_free_der_m,,,0.019738143167290098,0.9994405066932351,True,1,True,1,,True,0.8630319977224749,0.6944202422352568,0.9999999999999999,271175.8960121613,0.03335765502196664,0.12352702247354735,1.4400501874500633,1.9783823415031967,2.2988789215323587e-06
6971.320000000001,True,forward,pilot_free_der_m,,,0.01990718962791758,0.9994309633598407,True,1,True,1,,True,0.8629688153911852,0.6942204122750171,0.9999999999999999,271177.3364665015,0.03331099500550687,0.12356361356209111,1.4404647030226583,1.9790282321779702,2.2976236405004195e-06
6974.12,True,forward,pilot_free_der_m,,,0.020092145894299238,0.9994204349805105,True,1,True,1,,True,0.862897355838994,0.6939541242670033,0.9999999999999999,271191.4746172495,0.033253482090261646,0.12359933425242947,1.4410174462991496,1.9799185856656392,2.2958468680142398e-06
6976.62,True,forward,pilot_free_der_m,,,0.020238865154858485,0.9994120244581033,True,1,True,1,,True,0.8628298083592332,0.6937272903806345,0.9999999999999729,271184.4951045573,0.033199185386147155,0.12364761930280446,1.4414886279755443,1.9806621145139083,2.294493900497119e-06
6979.42,True,forward,pilot_free_der_m,,,0.020396796615980175,0.9994029089314304,True,1,True,1,,True,0.862757350048241,0.6934518645921689,0.9999999999999999,271185.1521905434,0.03313793823260909,0.12369197479152957,1.442061159628026,1.9815873738451775,2.2927731397158313e-06
6981.820000000001,True,forward,pilot_free_der_m,,,0.020462156511342686,0.9993991599669356,True,1,True,1,,True,0.8626948457998839,0.6932111857720307,0.9999999999922686,271201.70380865264,0.03308773015702006,0.12372061950901463,1.4425618347150106,1.982398240337198,2.2911338923544686e-06
6984.52,True,forward,pilot_free_der_m,,,0.02053884129992089,0.9993947437646958,True,1,True,1,,True,0.8626277527671201,0.6929481984343767,0.9999999999999434,271213.85529881885,0.03302801626563665,0.12376580005473185,1.4431093150387126,1.983287536803041,2.289392391833456e-06
6987.22,True,forward,pilot_free_der_m,,,0.020652518698792165,0.9993881237460501,True,1,True,1,,True,0.8625627830873778,0.6927299559656381,0.9999999999843613,271193.90261470486,0.032974901053879055,0.12381236261297829,1.4435639622230583,1.9840045549447887,2.2882002163297596e-06
6989.92,True,forward,pilot_free_der_m,,,0.020742313732044066,0.9993828931714096,True,1,True,1,,True,0.862527376616674,0.6924925680824421,0.9999999999999999,271189.90993198846,0.03291821041632422,0.12385375330894677,1.4440588189546442,1.9848660119892771,2.2867533934980982e-06
6992.42,True,forward,pilot_free_der_m,,,0.02084629645540463,0.99937678895052,True,1,True,1,,True,0.8624673186594045,0.6922882255409217,0.9999999999999997,271168.3112386761,0.03286733600515924,0.12389781639563065,1.4444850614332583,1.9855398406696159,2.285660585041919e-06
6995.22,True,forward,pilot_free_der_m,,,0.020970507252783897,0.9993694549512718,True,1,True,1,,True,0.8624176826917566,0.6920217586226607,0.9999999999999991,271176.377177163,0.03280834330420113,0.12393350739470162,1.4450412686304999,1.9864850470313928,2.283929492109106e-06
7002.92,True,forward,pilot_free_der_m,,,0.02136990771063436,0.9993455390718906,True,1,True,1,,True,0.8622776758555302,0.6913783192731241,0.9999999999999999,271131.9987357327,0.03264810051544901,0.12407290905577707,1.4463861132517766,1.9887233929992996,2.280283968211768e-06
7010.52,True,forward,pilot_free_der_m,,,0.021838851238545353,0.9993168211360017,True,1,True,1,,True,0.8620491775859219,0.6907594521960232,0.9999999999999999,271079.7035479018,0.032476375634612274,0.12430650399461829,1.4476819634112232,1.9906626947119657,2.276853561088899e-06
7018.92,True,forward,pilot_free_der_m,,,0.022435106503465894,0.9992793356697552,True,1,True,1,,True,0.86164015420475,0.6901620938650797,0.9999999999999999,270970.8557086219,0.032263674759823724,0.12476522946808967,1.4489349804764715,1.9921012708640256,2.2740274329490226e-06
7021.320000000001,True,forward,pilot_free_der_m,,,0.02276320949377755,0.9992584227980705,True,1,True,1,,True,0.861483447458357,0.6898478947556903,0.9999999999999999,270915.9622995692,0.032141242682517904,0.12501324928930233,1.4495949144762557,1.9929936453229242,2.272518896339314e-06
7024.22,True,forward,pilot_free_der_m,,,0.02307585747191841,0.9992381584651064,True,1,True,1,,True,0.8613348354081393,0.6895807928782011,0.9999999999999999,270871.5520734481,0.032038665366252626,0.12522872357683204,1.450156399841356,1.9937170446182924,2.2712163640175937e-06
7026.62,True,forward,pilot_free_der_m,,,0.023325982545724808,0.9992218465160541,True,1,True,1,,True,0.8612306545470269,0.6893680240261014,0.9999999999999997,270808.83467404434,0.03193935395098836,0.12544869972633335,1.4506039809617524,1.9943264282524702,2.270407200364559e-06
7029.02,True,forward,pilot_free_der_m,,,0.023570445932218114,0.9992057342850045,True,1,True,1,,True,0.8610949085342172,0.689110829692697,0.9999999999999231,270783.4182042311,0.03184268615744334,0.1256425723090089,1.4511453846195748,1.995040650148674,2.2690056481018463e-06
7031.62,True,forward,pilot_free_der_m,,,0.02384000416072044,0.9991877910975798,True,1,True,1,,True,0.8609771753432096,0.6888480552021795,0.9999999999999313,270762.1987571079,0.03173856278462288,0.125854078089353,1.4516989522550476,1.9958193054079119,2.2675330061133313e-06
7034.02,True,forward,pilot_free_der_m,,,0.0240851584060594,0.9991713229629346,True,1,True,1,,True,0.8608533096580097,0.6886037395454668,0.9999999999999988,270706.8983674011,0.03163389239266401,0.12607959943525146,1.4522140130404726,1.9965102282307854,2.2664608015775196e-06
7036.72,True,forward,pilot_free_der_m,,,0.024359700984352358,0.9991527115609959,True,1,True,1,,True,0.860721939791359,0.6883209369181489,0.9999999999999999,270679.98829196196,0.031521833471210216,0.1263069398844569,1.4528106677640027,1.9973382603172307,2.2649079558052017e-06
7039.320000000001,True,forward,pilot_free_der_m,,,0.02463090286437297,0.9991341237285657,True,1,True,1,,True,0.8605977679092599,0.6880585844663302,0.9999999999999999,270630.0545773795,0.03141029371959342,0.12654421801870464,1.4533646154209627,1.9981014862622692,2.2636752917646644e-06
7042.02,True,forward,pilot_free_der_m,,,0.024906846261136085,0.9991150080812371,True,1,True,1,,True,0.8604876153175831,0.6877583237473418,0.9999999999998854,270592.3054489838,0.031293405292311505,0.12678198559539972,1.4539991236329264,1.9990497286178015,2.26210097692091e-06
7044.42,True,forward,pilot_free_der_m,,,0.025154082588896717,0.9990977182599196,True,1,True,1,,True,0.8603293503192184,0.6874904080301626,0.999999999999999,270486.2537185767,0.031176900537529403,0.127046513388332,1.4545657485829613,1.9997569212028699,2.261300022139882e-06
7047.02,True,forward,pilot_free_der_m,,,0.02542897841489376,0.9990783050831994,True,1,True,1,,True,0.8602315398015934,0.6872423828076774,0.9999999999999999,270408.2107473669,0.031062135293455105,0.1273042460851659,1.455090700190193,2.0005251737582084,2.260389046302976e-06
7049.42,True,forward,pilot_free_der_m,,,0.025693750616709757,0.9990594092548951,True,1,True,1,,True,0.860146047580642,0.6869676415958422,0.9999999999999999,270418.0798675737,0.03096321981190399,0.12749190770455718,1.4556726393647539,2.0014298218741207,2.2585739066015504e-06
7052.02,True,forward,pilot_free_der_m,,,0.0259963613154306,0.9990375681941457,True,1,True,1,,True,0.8600408732245819,0.6867025936506764,0.9999999999999999,270346.49384093785,0.03084716999793631,0.12774675838904653,1.4562344881847016,2.002250228822162,2.2574993378761294e-06
7054.52,True,forward,pilot_free_der_m,,,0.02630426852011063,0.9990150756833559,True,1,True,1,,True,0.8599337232811789,0.6864709036282626,0.9999999999999999,270273.4011561308,0.030738999770810717,0.12799422398148205,1.4567259802485664,2.0029323228410894,2.2566468093002253e-06
7057.02,True,forward,pilot_free_der_m,,,0.026604894131009825,0.99899288673296,True,1,True,1,,True,0.8598153730102341,0.6861959849829056,0.9999999999999999,270240.147013173,0.03063008216403527,0.12822289908269482,1.457309605250622,2.0037625789994524,2.255187616056372e-06
7059.42,True,forward,pilot_free_der_m,,,0.026848511410843,0.9989748018553902,True,1,True,1,,True,0.8597316134440727,0.6860143204253444,0.9999999999999999,270159.19152866764,0.030531677743659665,0.12846198425305172,1.4576955177553397,2.0042985141662357,2.2547149508144285e-06
7062.02,True,forward,pilot_free_der_m,,,0.0271044035334501,0.9989556573175709,True,1,True,1,,True,0.8596504776444268,0.6857182863594442,0.9999999999999999,270156.8560809307,0.0304220531222462,0.12867638066755457,1.4583248250664465,2.005301399881291,2.252862293933131e-06
7064.62,True,forward,pilot_free_der_m,,,0.02733943718951736,0.998937965789634,True,1,True,1,,True,0.8595400206632632,0.6854756792962798,0.9999999999999999,270094.0998877179,0.030310468080928892,0.12893425053129665,1.4588409628575236,2.00602118393201,2.251850511048628e-06
7067.22,True,forward,pilot_free_der_m,,,0.027593591382144407,0.9989186352663009,True,1,True,1,,True,0.8594544804767208,0.6852045820292477,0.9999999999999999,270043.1325483929,0.030196307668837193,0.12918366640951384,1.4594181449261168,2.006914382654875,2.2505590286354193e-06
7069.820000000001,True,forward,pilot_free_der_m,,,0.027837384013333265,0.998899954497742,True,1,True,1,,True,0.8593221934815298,0.6849115019485111,0.9999999999999999,270003.20879285,0.0300789615576621,0.1294427767984564,1.4600426436920544,2.0077875949517674,2.2490350857943544e-06
7072.320000000001,True,forward,pilot_free_der_m,,,0.028077026027401517,0.9988814309371415,True,1,True,1,,True,0.8592147498523647,0.684631221184126,0.9999999999999999,269977.48724996427,0.029969356052299122,0.1296766764215319,1.4606403696729133,2.008667728550683,2.24747281173721e-06
7080.22,True,forward,pilot_free_der_m,,,0.02884228938839286,0.9988212942087612,True,1,True,1,,True,0.8588518908327171,0.6837703128772432,0.9999999999999971,269819.68350931996,0.029614410863311257,0.13047141934876055,1.4624794045124425,2.0112975182513813,2.2433226869686543e-06
7088.02,True,forward,pilot_free_der_m,,,0.029607862123846602,0.9987596133264601,True,1,True,1,,True,0.8584797578875861,0.682968154653993,0.999999999998422,269636.17328702204,0.029259661522970604,0.1313296946289608,1.4641971125360076,2.0136722287473106,2.2397481983706875e-06
7095.820000000001,True,forward,pilot_free_der_m,,,0.030388396137636078,0.9986952674229327,True,1,True,1,,True,0.8582200957546857,0.6820384024950797,0.9999999999999745,269574.07020074734,0.028925186527972782,0.13198204469695438,1.466193100478955,2.016832869327522,2.234342740583385e-06
7098.42,True,forward,pilot_free_der_m,,,0.0305468065587398,0.9986820075812413,True,1,True,1,,True,0.8581252962650084,0.6818127125624249,0.9999999999999999,269518.16088019777,0.0288418315928266,0.13215969354483414,1.4666784317378692,2.0175264044499586,2.2333673620107777e-06
7100.820000000001,True,forward,pilot_free_der_m,,,0.03008031271772944,0.9987207459561912,True,1,True,1,,True,0.8581691643591607,0.6821537121118976,0.9999999999999414,269536.6560165945,0.028998692735487892,0.1318300311528904,1.4659452587365025,2.016245194940295,2.2353878083231812e-06
7103.320000000001,True,forward,pilot_free_der_m,,,0.02962851287864318,0.9987575311724591,True,1,True,1,,True,0.8581855314381286,0.6825136319180949,0.9999999999998815,269580.04974496184,0.029177928594751684,0.13144780446653126,1.465172200575016,2.014823770004325,2.2373207620281815e-06
7105.92,True,forward,pilot_free_der_m,,,0.029163670694786932,0.998794868458435,True,1,True,1,,True,0.8581709942411724,0.6828618314134339,0.9999999999998798,269575.0653389435,0.029349297748728666,0.13109739618244418,1.4644250915738133,2.013378598775709,2.23957915872331e-06
7108.42,True,forward,pilot_free_der_m,,,0.02872148459633704,0.998829882374284,True,1,True,1,,True,0.8581862124300013,0.6832237123712706,0.9999999999999999,269615.3080592512,0.029527087626463937,0.13072659543101983,1.4636494341352573,2.011949119323109,2.2415474966700217e-06
7111.12,True,forward,pilot_free_der_m,,,0.028249523414644727,0.998866711452179,True,1,True,1,,True,0.8582040754058721,0.6835835131667277,0.9999999999999999,269672.66318838834,0.029716056713256004,0.13032219470144912,1.462879049507002,2.01053554483371,2.243358455371917e-06
7113.72,True,forward,pilot_free_der_m,,,0.0278029772168293,0.9989010292111264,True,1,True,1,,True,0.8582098632903071,0.683936706260882,0.9999999999999999,269677.22105567815,0.02989091453168177,0.12996792195223203,1.462123601271604,2.00912166735118,2.2455650296268343e-06
7116.52,True,forward,pilot_free_der_m,,,0.027327033810873272,0.9989370590883735,True,1,True,1,,True,0.8582237578514375,0.6842867925701999,0.9999999999999999,269747.878206735,0.030084483700378504,0.12955186590583534,1.4613755677556959,2.007740557272904,2.247199859930678e-06
7119.02,True,forward,pilot_free_der_m,,,0.026913132818490476,0.9989679232123057,True,1,True,1,,True,0.8582281725587383,0.6846428574265103,0.999999999999887,269765.1739426754,0.03025698751975566,0.12920673066796984,1.4606155445172773,2.0063143890242245,2.2493154687294576e-06
7121.72,True,forward,pilot_free_der_m,,,0.026472791233322905,0.999000278419054,True,1,True,1,,True,0.8582348463691513,0.685013141399453,0.9999999999999999,269796.94461416116,0.030444104880420098,0.12882641461549246,1.4598260085303503,2.0048374963479088,2.2513989981091306e-06
7124.42,True,forward,pilot_free_der_m,,,0.026036522977144143,0.9990318526101453,True,1,True,1,,True,0.8582191692547648,0.6853768734057496,0.9999999999998526,269839.0802702368,0.030629860626926273,0.12845338341099335,1.4590512735434,2.003336182274549,2.2533526928284895e-06
7127.12,True,forward,pilot_free_der_m,,,0.025603825854664527,0.9990626971068785,True,1,True,1,,True,0.85823636254025,0.6857413427068532,0.9999999999997985,269857.41448828287,0.030812170158946734,0.12809074924233776,1.4582757925203402,2.0019099820434088,2.2555081367500385e-06
7129.72,True,forward,pilot_free_der_m,,,0.025186169102613988,0.9990920335082153,True,1,True,1,,True,0.8582211615048739,0.6860766037280042,0.9999999999999999,269891.53698149323,0.03098877148864244,0.12773701431352194,1.4575631854609212,2.000526921717799,2.2573451467411374e-06
7132.42,True,forward,pilot_free_der_m,,,0.0247515525481651,0.9991221048650648,True,1,True,1,,True,0.8582450410398786,0.686419926744003,0.9999999999999999,269947.2353160969,0.031173860643887236,0.12735719196124418,1.4568341638090951,1.9992037257378121,2.2590510619401565e-06
7134.92,True,forward,pilot_free_der_m,,,0.02436046046694144,0.999148738786552,True,1,True,1,,True,0.8582384966432485,0.6867356009815513,0.9999999999999998,269968.7363511669,0.03133958099724962,0.1270308174206183,1.456164495579812,1.9979217333565555,2.2608667999651735e-06
7137.320000000001,True,forward,pilot_free_der_m,,,0.02398084793495681,0.9991742370421455,True,1,True,1,,True,0.8582315270575267,0.6870160949791898,0.9999999999998955,269998.7018009888,0.031496268706053154,0.126715415810742,1.4555699747182578,1.9967807922118195,2.2623881534084116e-06
7139.92,True,forward,pilot_free_der_m,,,0.023582129488378022,0.9992006051296269,True,1,True,1,,True,0.8582364202391198,0.6873545322814606,0.9999999999999999,270036.3138351786,0.03167367770943833,0.12636620058005751,1.4548532860921268,1.995436176535168,2.264210141892116e-06
7142.62,True,forward,pilot_free_der_m,,,0.02318954327285999,0.9992261363708115,True,1,True,1,,True,0.8582334631964547,0.6877038787281908,0.9999999999998452,270039.7198568594,0.03185042055367087,0.12603053890127236,1.4541142356928407,1.9940308146747774,2.2663864243142885e-06
7145.320000000001,True,forward,pilot_free_der_m,,,0.02279553433660539,0.9992513788242503,True,1,True,1,,True,0.8582392756988294,0.6880662412637892,0.9999999999999999,270051.33679783164,0.032031779826606106,0.12568704220977742,1.453348442387282,1.992595023150401,2.2685746134215665e-06
7147.92,True,forward,pilot_free_der_m,,,0.02243175083970947,0.9992743116141167,True,1,True,1,,True,0.8582406187852131,0.6884124267370967,0.9999999999999999,270051.7312911702,0.032204299194745885,0.12536313741404279,1.4526175896326432,1.9912147841230845,2.2707537885594437e-06
7150.62,True,forward,pilot_free_der_m,,,0.022056882597808355,0.999297594822661,True,1,True,1,,True,0.8582466531024763,0.6887533433505844,0.9999999999998552,270079.42312042636,0.03238353238302052,0.12501996251594846,1.4518985782851472,1.9898676542365126,2.2726689145721855e-06
7158.42,True,forward,pilot_free_der_m,,,0.02101700627099906,0.9993602574781631,True,1,True,1,,True,0.8582895981052331,0.6897266124190473,0.9999999999999999,270141.0604481678,0.03289631702892205,0.12404769473810066,1.4498498129465305,1.9860876352101138,2.278275044844914e-06
7166.42,True,forward,pilot_free_der_m,,,0.020026330778641417,0.9994173182940543,True,1,True,1,,True,0.8584212510718948,0.6906457475866935,0.9999999999999902,270247.07588119333,0.033432117522217454,0.12294989619126266,1.4479203028387067,1.9827366513645923,2.2831548382270373e-06
7174.12,True,forward,pilot_free_der_m,,,0.019145692945886097,0.9994658179032646,True,1,True,1,,True,0.8584423008610254,0.6915783509055143,0.9999999999999999,270280.95661795064,0.033926311281665976,0.12205297380083853,1.4459677615568147,1.9790846240840463,2.288717858027223e-06
7176.52,True,forward,pilot_free_der_m,,,0.01893010633328423,0.9994773510317098,True,1,True,1,,True,0.8584442872822243,0.6918096353873,0.9999999999999999,270297.2872172184,0.03405753490602507,0.1218109860571502,1.4454843483643645,1.9781727885651372,2.2900288131851706e-06
7179.22,True,forward,pilot_free_der_m,,,0.01886693347676247,0.99948060854074,True,1,True,1,,True,0.8583988627552186,0.6918708797337182,0.9999999999999999,270288.5131235243,0.03411034586756292,0.12171279446546253,1.4453563942232575,1.9778255481731384,2.2904868374336486e-06
7181.72,True,forward,pilot_free_der_m,,,0.018809700503051946,0.999483575325584,True,1,True,1,,True,0.8583726529792488,0.6919320080678371,0.9999999999999999,270277.70332125894,0.03415414596504351,0.12163376630947514,1.4452287050463488,1.9775230971889814,2.290961384168533e-06
7184.22,True,forward,pilot_free_der_m,,,0.018742375096769716,0.9994870806278159,True,1,True,1,,True,0.8583327419863208,0.691978992728724,0.9999999999921,270270.94136382005,0.034196936551940435,0.12155335879789583,1.4451305754944055,1.9772451299615563,2.2913130206491264e-06
7186.92,True,forward,pilot_free_der_m,,,0.01867065818031524,0.999490794595843,True,1,True,1,,True,0.8583082793751452,0.6920646935888667,0.9999999999999999,270259.9066380315,0.03425208243222519,0.12145464595124804,1.444951619788984,1.9768495404546513,2.291943384948616e-06
7189.42,True,forward,pilot_free_der_m,,,0.018593697772119444,0.9994947846724895,True,1,True,1,,True,0.8582660284421496,0.6921408258702989,0.9999999999999999,270234.4694916667,0.03430099702561729,0.1213731071695297,1.444792681810957,1.9764509429935835,2.2926359861131104e-06
7192.12,True,forward,pilot_free_der_m,,,0.018503474208874937,0.999499468010777,True,1,True,1,,True,0.8582384819577137,0.6922208178022742,0.9999999999999999,270238.43606648414,0.034358347513906304,0.12126563403059204,1.4446257238765097,1.9760710204748586,2.2931033037426513e-06
7194.62,True,forward,pilot_free_der_m,,,0.0184205751872021,0.9995037523409979,True,1,True,1,,True,0.8582113869377311,0.6923121927089327,0.9999999999999999,270225.6376186691,0.034410664345838816,0.1211779730635651,1.4444350547794378,1.9756472002170522,2.293784120023428e-06
7197.22,True,forward,pilot_free_der_m,,,0.018333609748372916,0.9995082290654519,True,1,True,1,,True,0.8581949376714717,0.6923845278072595,0.9999999999999921,270230.20429921045,0.03446620614078517,0.12107094680690306,1.444284151130489,1.975323274969409,2.2941982712872418e-06
7199.820000000001,True,forward,pilot_free_der_m,,,0.018245375550864473,0.9995127567871561,True,1,True,1,,True,0.8581620331721088,0.6924554339000806,0.9999999999999999,270221.0464908696,0.0345181119835953,0.1209770509616287,1.4441362592358502,1.9749671922772527,2.2947199553238553e-06
7202.72,True,forward,pilot_free_der_m,,,0.01814746352553038,0.9995177594922411,True,1,True,1,,True,0.858128756481164,0.692551261982547,0.9999999999999999,270203.8672968223,0.034577494925525955,0.12087562953472779,1.4439364345930552,1.974511822180334,2.2954657790794783e-06
7205.12,True,forward,pilot_free_der_m,,,0.018068712179454608,0.9995217620706962,True,1,True,1,,True,0.8581083940524169,0.6926307623396158,0.9999999999999999,270187.56430856563,0.03462618790396679,0.12079211097191525,1.4437706991559702,1.974150798395005,2.2961019592224913e-06
7208.02,True,forward,pilot_free_der_m,,,0.017983758920583365,0.9995260419156882,True,1,True,1,,True,0.8580828538626335,0.6927201389258572,0.9999999999921112,270184.8840820121,0.03468497337293021,0.12068750797913232,1.4435844200267183,1.9737389265459893,2.29668416803985e-06
7210.62,True,forward,pilot_free_der_m,,,0.01791279257213721,0.9995295916594459,True,1,True,1,,True,0.8580610227927302,0.6928255713109213,0.9999999999999999,270170.54723630805,0.03474359138708359,0.12058865908261579,1.4433647391332025,1.9732722750101355,2.2974659094616316e-06
7213.22,True,forward,pilot_free_der_m,,,0.01783680036540723,0.9995333926446924,True,1,True,1,,True,0.8580474587169065,0.6929206768227307,0.9999999999999999,270168.86755437875,0.03480071999749826,0.12048774765477888,1.4431666328465313,1.9728655351029274,2.2980753390359757e-06
7215.62,True,forward,pilot_free_der_m,,,0.017777134658685932,0.9995363424753633,True,1,True,1,,True,0.8580263852173237,0.6930126789883596,0.9999999999999922,270162.644295238,0.034853312687410494,0.12039872433101771,1.4429750426208132,1.9724538836057055,2.298703932557917e-06
7218.12,True,forward,pilot_free_der_m,,,0.01770751974296705,0.9995397945015984,True,1,True,1,,True,0.8580192941891438,0.6931016758646701,0.9999999999999941,270167.78550249967,0.03490887230108064,0.12029809739724193,1.442789759168389,1.9720863310185315,2.2992169540059346e-06
7220.92,True,forward,pilot_free_der_m,,,0.017617794690866263,0.9995442552341824,True,1,True,1,,True,0.8579971157045534,0.6931850969026803,0.9999999999999999,270171.64258950524,0.03496778380899287,0.12019022945162279,1.4426161273060303,1.9717061904258042,2.2997059356473265e-06
7223.42,True,forward,pilot_free_der_m,,,0.01754925571190917,0.9995476245807465,True,1,True,1,,True,0.8579704473611937,0.6932660184697629,0.9999999999999999,270173.00852754177,0.035020836090164334,0.1200974608572486,1.442447737749049,1.971325678722129,2.300200414396686e-06
7226.12,True,forward,pilot_free_der_m,,,0.017464844962958265,0.9995517825911984,True,1,True,1,,True,0.8579421385328019,0.6933327578111342,0.9999999999999999,270189.18604438537,0.03507681937831856,0.11999223088049621,1.442308889539592,1.970997412474285,2.300480024276673e-06
7228.820000000001,True,forward,pilot_free_der_m,,,0.017385760018629303,0.9995556490091272,True,1,True,1,,True,0.8579140536384919,0.6934186474212563,0.9999999999999999,270193.7915423809,0.035135215528084754,0.11988670676956173,1.4421302393855202,1.9705942160008516,2.300977824392575e-06
7236.72,True,forward,pilot_free_der_m,,,0.01715878579278319,0.9995666523616046,True,1,True,1,,True,0.8578099983251846,0.6936711137549133,0.9999999999999999,270180.80382642854,0.03530149337166647,0.11959732380393003,1.4416053662475532,1.9693602357776185,2.302666608429431e-06
7244.42,True,forward,pilot_free_der_m,,,0.01693836425941068,0.999577192300622,True,1,True,1,,True,0.8575844352880729,0.6939909117576903,0.9999999999999999,270138.4761318337,0.035445672783479924,0.1194694559045329,1.4409410599733528,1.9675832997352607,2.3050259128395582e-06
7252.320000000001,True,forward,pilot_free_der_m,,,0.016735685125783415,0.9995868006273072,True,1,True,1,,True,0.8577502365708781,0.6941073133408149,0.9999999999999999,270216.1856586944,0.035652198942012076,0.11887252955261214,1.4406994146004453,1.9675055758490876,2.3050899982133702e-06
7254.92,True,forward,pilot_free_der_m,,,0.016625126085988057,0.999592030806873,True,1,True,1,,True,0.8578175086570339,0.6942008303662126,0.9999999999999999,270255.77921123535,0.03575123773605487,0.11861879004006168,1.440505335426448,1.9672918930751506,2.3053361620117283e-06
7257.320000000001,True,forward,pilot_free_der_m,,,0.016763313720739085,0.9995853693729502,True,1,True,1,,True,0.8578058209291409,0.6939769940554996,0.9999999999999999,270239.7356235941,0.035681719653857455,0.11867347814834868,1.44096995803297,1.9681460209010564,2.3040752916112265e-06
7259.820000000001,True,forward,pilot_free_der_m,,,0.01691201619807299,0.9995781292181342,True,1,True,1,,True,0.8577951895547036,0.69370924595115,0.9999999999999999,270239.1181354964,0.0356085683698254,0.11871662181547207,1.4415261232807879,1.969176016227836,2.3024079820013283e-06
7262.42,True,forward,pilot_free_der_m,,,0.017101069107234922,0.9995688144064327,True,1,True,1,,True,0.8577897321068783,0.6934245763089657,0.999999999999755,270238.14045212587,0.03552831055967881,0.11876888592965078,1.4421179089478795,1.9702852820233288,2.3006372706360162e-06
7265.12,True,forward,pilot_free_der_m,,,0.017307644309524486,0.9995585225888963,True,1,True,1,,True,0.8577709618258369,0.6931326793771098,0.9999999999999999,270215.04492888885,0.03543867855932715,0.11884546020700208,1.4427252238325559,1.9713932492674786,2.2990087374932503e-06
7267.62,True,forward,pilot_free_der_m,,,0.017501722218158558,0.9995487585953655,True,1,True,1,,True,0.857758862602766,0.6928376440332786,0.9999999999999999,270203.5961410047,0.035350410573484835,0.11891702810613398,1.443339588447604,1.9725297400233748,2.297260446912077e-06
7270.22,True,forward,pilot_free_der_m,,,0.017690897367487305,0.9995391695251883,True,1,True,1,,True,0.857739176591298,0.6925409558092482,0.9999999999999999,270198.83492874884,0.03525936842517043,0.11899215181948518,1.443957922793865,1.9736561332936637,2.295444012951992e-06
7273.02,True,forward,pilot_free_der_m,,,0.017899611045346316,0.9995284734262474,True,1,True,1,,True,0.8577495287859758,0.6922351249777821,0.9999999999999998,270182.55469242326,0.03516177758291816,0.11907402101763069,1.4445958662269496,1.9748886516944129,2.2936671964807032e-06
7275.42,True,forward,pilot_free_der_m,,,0.018081410835361415,0.9995190572649817,True,1,True,1,,True,0.8577449086428424,0.6919771371073405,0.9999999999999997,270165.62046656816,0.035077236717578564,0.11915201600251522,1.4451344508003277,1.9758983452975774,2.292194634118429e-06
7277.820000000001,True,forward,pilot_free_der_m,,,0.018268561508862,0.9995092638029098,True,1,True,1,,True,0.8577509967293206,0.6916972249163312,0.9999999999997875,270164.4977536569,0.034992447048694225,0.11921818616282687,1.445719259782702,1.9770201671186127,2.2904497442054607e-06
7280.42,True,forward,pilot_free_der_m,,,0.018475306075129216,0.9994983302666647,True,1,True,1,,True,0.8577295610822087,0.6913943822927203,0.9999999999999999,270134.2076494452,0.034895177373129235,0.11931163724223644,1.4463525096688203,1.9781701570773635,2.288807381395513e-06
7282.92,True,forward,pilot_free_der_m,,,0.01867619677782961,0.9994875933723212,True,1,True,1,,True,0.8577076114425344,0.6910892510329287,0.9999999999999999,270129.0143442176,0.034803663205904244,0.11938846591536363,1.4469911064386565,1.979328889302155,2.2869369221947786e-06
7285.72,True,forward,pilot_free_der_m,,,0.01889595021590004,0.9994757297499978,True,1,True,1,,True,0.8576982908502335,0.6907506829205873,0.9999999999999999,270110.7948974724,0.034699038697677057,0.11948096529047622,1.4477003421435135,1.9806503308059384,2.2849657491029567e-06
7288.320000000001,True,forward,pilot_free_der_m,,,0.019099657549372945,0.9994646176775978,True,1,True,1,,True,0.8576842379185474,0.6904565898009271,0.9999999999999999,270069.31334407703,0.034600653589530746,0.11958264910299556,1.4483169757106968,1.9817853272985368,2.2834693141299265e-06
7290.92,True,forward,pilot_free_der_m,,,0.019314410140596493,0.9994527695500145,True,1,True,1,,True,0.8576700908701431,0.6901182919161154,0.9999999999999999,270064.5546414803,0.03450124422282635,0.11966442094157045,1.4490269446756687,1.9830966129798115,2.2813834227878415e-06
7293.42,True,forward,pilot_free_der_m,,,0.019510404225644335,0.9994418619253218,True,1,True,1,,True,0.8576536992854015,0.6898093751063207,0.9999999999999999,270047.0872051684,0.03440597512884016,0.1197511955509331,1.4496758613143947,1.9842869409290977,2.2795884436516316e-06
7295.92,True,forward,pilot_free_der_m,,,0.019717710824822182,0.9994301990532306,True,1,True,1,,True,0.8576405158864231,0.6894968262427306,0.9999999999999999,270027.80099200975,0.034309652055560504,0.11983890265524799,1.4503329992819427,1.9855000637828246,2.2777848154296114e-06
7298.42,True,forward,pilot_free_der_m,,,0.019944385737142238,0.9994172914145382,True,1,True,1,,True,0.8576319987042647,0.6892175251168304,0.9999999999999999,269980.3267772065,0.03421392752591658,0.11994123704717849,1.450920737731514,1.9865924972362368,2.276426998222883e-06
7301.02,True,forward,pilot_free_der_m,,,0.020160655808761797,0.9994048729586722,True,1,True,1,,True,0.8576275407440632,0.6889171067125294,0.9999999999999999,269946.8528274443,0.03411601340124242,0.12003557236429936,1.4515534456270642,1.9877792787283408,2.2748169289972485e-06
7303.62,True,forward,pilot_free_der_m,,,0.020395403725537116,0.9993912319822224,True,1,True,1,,True,0.857635920193457,0.6886314590769518,0.9999999999997782,269900.5910446299,0.034019109143228185,0.12013071620345801,1.4521555569653872,1.9889378032580862,2.2734064335380362e-06
7306.22,True,forward,pilot_free_der_m,,,0.02062624323433577,0.999377684748411,True,1,True,1,,True,0.8576267577227584,0.688312326479309,0.9999999999999998,269881.63894450886,0.0339191051754603,0.12022509954209318,1.452828841690169,1.9901901476533619,2.2715535731460645e-06
7313.62,True,forward,pilot_free_der_m,,,0.021299177667083582,0.9993373651499149,True,1,True,1,,True,0.8576505588835889,0.6874339129889838,0.9999999999999999,269791.9750645015,0.03363150943978991,0.1205127039559549,1.4546852884402648,1.993756358335448,2.266762296156312e-06
7321.72,True,forward,pilot_free_der_m,,,0.02206316426499141,0.9992901151641714,True,1,True,1,,True,0.8577211403922745,0.6864448952393912,0.9999999999999999,269716.8071298942,0.03332234417612082,0.12077413869677502,1.4567811734564058,1.9978831759700115,2.2611390747880412e-06
7329.42,True,forward,pilot_free_der_m,,,0.02279525868617872,0.9992432521442816,True,1,True,1,,True,0.8573938615133447,0.6856788968838949,0.9999999999999999,269537.879273437,0.032969907538360405,0.12150174006854449,1.4584085999212668,2.0001956655513955,2.2577861142328295e-06
7331.820000000001,True,forward,pilot_free_der_m,,,0.02306372573469599,0.9992257146542668,True,1,True,1,,True,0.8573015076429604,0.6854275297466903,0.9999999999999999,269458.55082325917,0.032844153719126364,0.12176873804747003,1.4589434427437784,2.000990430015579,2.2568562827710714e-06
7334.52,True,forward,pilot_free_der_m,,,0.023012123329018523,0.9992290047900947,True,1,True,1,,True,0.8572255528769926,0.6854336105188308,0.9999999999999999,269429.87181784434,0.032854976603381714,0.12177560706582412,1.4589304998379957,2.0007887039274217,2.2571350938224187e-06
7336.92,True,forward,pilot_free_der_m,,,0.022967088194400655,0.9992318664494702,True,1,True,1,,True,0.8571852115438976,0.6854679318540637,0.9999999999999999,269400.21048063633,0.03286901949793617,0.12177876305042126,1.4588574512817618,2.000556595571985,2.2576014013587855e-06
7339.42,True,forward,pilot_free_der_m,,,0.022897076728779525,0.9992363636415237,True,1,True,1,,True,0.8571075180595706,0.6855081139610252,0.9999999999999999,269362.0701485244,0.03288645392033494,0.12178252699086302,1.4587719381201303,2.00021379196327,2.2581760733824567e-06
7342.12,True,forward,pilot_free_der_m,,,0.022805833132648803,0.999242262402357,True,1,True,1,,True,0.8570618414077059,0.6855486957495266,0.9999999999758333,269330.2043210195,0.032903235529321576,0.12178409847164985,1.4586855845192874,1.9999441392643156,2.2587008083495354e-06
7344.62,True,forward,pilot_free_der_m,,,0.022722856162645466,0.9992475956523534,True,1,True,1,,True,0.8569849606695246,0.6855933046310976,0.9999999999999999,269263.92268278135,0.03291560816827156,0.12180655935319515,1.4585906735744416,1.9995855353709717,2.259539976138213e-06
7347.42,True,forward,pilot_free_der_m,,,0.022636274963308153,0.9992531225582566,True,1,True,1,,True,0.8569281123559483,0.6856105101977265,0.9999999999999999,269269.0309616201,0.032937218126766116,0.12178399845285157,1.458554069877962,1.9993837838904864,2.259606321430113e-06
7350.02,True,forward,pilot_free_der_m,,,0.022557683043702013,0.9992581192839423,True,1,True,1,,True,0.8568798882145691,0.6856487007080023,0.9999999999999944,269222.00403020554,0.03295340407636819,0.12178776192530237,1.4584728286765398,1.999117889451907,2.2602434664205848e-06
7352.62,True,forward,pilot_free_der_m,,,0.022478848897394176,0.9992631140511569,True,1,True,1,,True,0.8568121542434673,0.6856798755882312,0.9999999999999999,269185.1928494737,0.032969220054901986,0.12179284334162656,1.458406518263526,1.9988346834029314,2.260750478936425e-06
7355.12,True,forward,pilot_free_der_m,,,0.022399722062180286,0.9992681251298986,True,1,True,1,,True,0.856747244330137,0.6856889199631494,0.9999999999999999,269149.96982946276,0.032981334372892,0.12179576497147561,1.4583872815878989,1.998646944084795,2.2611037648267617e-06
7357.92,True,forward,pilot_free_der_m,,,0.022313950952413026,0.9992735374211829,True,1,True,1,,True,0.8566990064567993,0.6857490964912545,0.9999999999999999,269109.4415120817,0.0330026554804461,0.12179630039447542,1.4582593037550624,1.9982928425516355,2.2618264168077977e-06
7360.42,True,forward,pilot_free_der_m,,,0.022244282308416543,0.9992779092615593,True,1,True,1,,True,0.8566584532010704,0.6857957152140216,0.9999999999999806,269077.67158593773,0.03302101435682848,0.1217940517145068,1.4581601748385127,1.9980111395897246,2.262389514648339e-06
7363.22,True,forward,pilot_free_der_m,,,0.02218144467142594,0.9992818106045167,True,1,True,1,,True,0.8566107434388833,0.685858487752877,0.9999999999762892,269034.89135987323,0.03304303257424578,0.12179243210108943,1.458026718095528,1.9976479676648122,2.2631479237608087e-06
7365.820000000001,True,forward,pilot_free_der_m,,,0.022137807325377738,0.9992844753783955,True,1,True,1,,True,0.8565486754030973,0.6859172195905431,0.9999999999769321,269002.68720774504,0.03306280630170255,0.12179554396015357,1.457901874185168,1.997267593867262,2.2637918683914283e-06
7368.22,True,forward,pilot_free_der_m,,,0.022085415911157247,0.9992877130997133,True,1,True,1,,True,0.8565212983749767,0.6859971171377904,0.9999999999999811,268975.96991048445,0.03308783389794862,0.1217853374703254,1.4577320735286992,1.9968832792645557,2.2645241605522694e-06
7370.820000000001,True,forward,pilot_free_der_m,,,0.022053337849661882,0.9992896243379962,True,1,True,1,,True,0.8564965997253133,0.6860358410580459,0.9999999999999999,268986.91760570783,0.033112947386595544,0.12175397731618516,1.4576497905091073,1.996670399063912,2.2646778997710186e-06
7373.320000000001,True,forward,pilot_free_der_m,,,0.0220075279795732,0.999292422726599,True,1,True,1,,True,0.8564682060105927,0.6860993755873848,0.9999999999780452,268982.08751646325,0.033137977304575954,0.12173642731034844,1.457514808437077,1.9963494506497208,2.2651220005261365e-06
7376.02,True,forward,pilot_free_der_m,,,0.021927274173080366,0.9992974117838197,True,1,True,1,,True,0.856397038349016,0.6861341588033826,0.9999999999999999,268968.288862806,0.033158546179429864,0.12172831532618952,1.457440920510355,1.9960441226735264,2.2654590693029018e-06
7378.62,True,forward,pilot_free_der_m,,,0.021889743655892326,0.9992996565779935,True,1,True,1,,True,0.8563520359240561,0.6861335812623337,0.999999999999969,268996.8664844524,0.033177989430137035,0.12170112639194859,1.457442147285942,1.9959415485317278,2.265214725296471e-06
7381.22,True,forward,pilot_free_der_m,,,0.021830744579657935,0.9993032623797783,True,1,True,1,,True,0.8562772371034366,0.68614352073528,0.9999999999999999,269012.15612583974,0.03319538259666601,0.12169478603149202,1.4574210347834917,1.995727372636989,2.2651490794097204e-06
7383.820000000001,True,forward,pilot_free_der_m,,,0.02178471642588159,0.9993060261916867,True,1,True,1,,True,0.8562077023819283,0.686152149948496,0.9999999999999999,269020.07148751395,0.03321424800622682,0.12167529728031426,1.457402705908685,1.995530724569114,2.265137211978479e-06
7391.320000000001,True,forward,pilot_free_der_m,,,0.021662802789112874,0.9993132847028103,True,1,True,1,,True,0.8560173864992356,0.6862239937509059,0.9999999999997373,269028.02159409254,0.03327413719629009,0.12162502856978087,1.4572501240210638,1.9947993273375388,2.265526312297918e-06
7399.42,True,forward,pilot_free_der_m,,,0.021549266552787577,0.999319943661264,True,1,True,1,,True,0.8557696648095509,0.68632122643197,0.9999999999996334,269004.23572239967,0.03333631733949453,0.1215980870165814,1.4570436720985724,1.9938326979859982,2.2663438093604754e-06
7407.22,True,forward,pilot_free_der_m,,,0.021456453133304573,0.9993252793967276,True,1,True,1,,True,0.8554896325758008,0.6864373486816887,0.9999999999999999,268959.29483839305,0.03338665418560669,0.1216363976662184,1.4567971890231672,1.99271553871434,2.2674595786420967e-06
7409.820000000001,True,forward,pilot_free_der_m,,,0.02140936656112934,0.9993280369709646,True,1,True,1,,True,0.8554216633814993,0.6864935864857011,0.9999999999999999,268967.82905761624,0.033416283333190196,0.1216159434001084,1.4566778476681788,1.9923322199789197,2.267744544069754e-06
7412.52,True,forward,pilot_free_der_m,,,0.021499633273794616,0.9993223663317927,True,1,True,1,,True,0.8553051344579516,0.6864235709453058,0.9999999999999999,268949.0604106884,0.03338289616900341,0.12171936668047834,1.4568264295220128,1.9923409015269375,2.2674584127709522e-06
7414.92,True,forward,pilot_free_der_m,,,0.021581811967700565,0.9993171823490153,True,1,True,1,,True,0.8551977562037475,0.6863374502905907,0.9999999999999999,268932.054028176,0.033349076571488064,0.12181272422118197,1.4570092300465414,1.9924353110396067,2.2670550972072947e-06
7417.62,True,forward,pilot_free_der_m,,,0.021673369355908766,0.9993113969756757,True,1,True,1,,True,0.855089713578335,0.6862536422588469,0.9999999999999966,268911.21116863657,0.03331053185291202,0.12192344478087663,1.457187165824627,1.9925189073902834,2.266698683585983e-06
7420.12,True,forward,pilot_free_der_m,,,0.021732818778863246,0.9993076093887483,True,1,True,1,,True,0.8549887368376013,0.686191921675356,0.9999999999999999,268892.20107953413,0.03328128322080668,0.12201580811661672,1.4573182347563536,1.9925305713709758,2.266466976905298e-06
7422.820000000001,True,forward,pilot_free_der_m,,,0.021804458244964724,0.9993030262729125,True,1,True,1,,True,0.8548660024344957,0.686114639758321,0.9999999999999999,268874.18069003517,0.033249255119795686,0.1221142471649604,1.4574823827578476,1.9925537751644917,2.2661280164082176e-06
7425.42,True,forward,pilot_free_der_m,,,0.02189781072290044,0.9992969998334241,True,1,True,1,,True,0.854720959325724,0.6860201424454287,0.9999999999550981,268839.6614848224,0.0332159724437931,0.12221674313407113,1.4576831467228322,1.9925938399741843,2.2658186281657955e-06
7428.22,True,forward,pilot_free_der_m,,,0.021998918187003485,0.9992904435179253,True,1,True,1,,True,0.8545813225032722,0.6859000406673873,0.9999999999999974,268830.65937087964,0.033181034930051,0.12231116790734024,1.4579383885543846,1.9927489542003687,2.265131324471425e-06
7430.62,True,forward,pilot_free_der_m,,,0.02209088305424074,0.9992844628349008,True,1,True,1,,True,0.8544784016329358,0.6858416026081261,0.9999999999999999,268828.293629583,0.033159632158653675,0.12238265746883392,1.4580626141622042,1.9927428526152453,2.2647798660949743e-06
7433.02,True,forward,pilot_free_der_m,,,0.022191528910869174,0.9992778830846197,True,1,True,1,,True,0.8543474337582734,0.6857698592715455,0.9999999999999415,268798.32078678394,0.03313125905419702,0.12247554313613851,1.4582151526201295,1.9927245707070682,2.264576358903881e-06
7435.72,True,forward,pilot_free_der_m,,,0.022305317950186292,0.9992703994877428,True,1,True,1,,True,0.8542127217232359,0.6856560784035954,0.9999999999998748,268803.33711639367,0.033101249820367405,0.12255504826285504,1.4584571354317495,1.9928658009428954,2.263810750617447e-06
7438.12,True,forward,pilot_free_der_m,,,0.02239571773277992,0.9992644139281537,True,1,True,1,,True,0.8540489241339677,0.6855628167304477,0.9999999999999705,268748.8083936839,0.03306544236766228,0.12266832163061989,1.4586555390636864,1.992856995890153,2.263676964747866e-06
7440.92,True,forward,pilot_free_der_m,,,0.022482852215427215,0.9992586048367397,True,1,True,1,,True,0.8538966793346005,0.6854156924952833,0.9999999999999665,268749.71698137315,0.03302876251153661,0.12275762134724141,1.4589686389575154,1.9930907666969109,2.2627334944952184e-06
7443.42,True,forward,pilot_free_der_m,,,0.022539985034412763,0.9992547637721542,True,1,True,1,,True,0.8537299113090849,0.685258875254533,0.9999999999999999,268723.06884085614,0.03298642104278641,0.12286075127771923,1.4593025148759426,1.9933294599137172,2.2619600874835337e-06
7446.22,True,forward,pilot_free_der_m,,,0.022626087470868153,0.9992489821465813,True,1,True,1,,True,0.8535546455446851,0.6851040877408043,0.999999999999927,268698.26478770154,0.03294363065245336,0.12297078515357308,1.4596322192406146,1.993540179834488,2.2611836997204594e-06
7448.62,True,forward,pilot_free_der_m,,,0.02267300658920899,0.9992457978470193,True,1,True,1,,True,0.8533938965693184,0.6849711909311176,0.9999999999999974,268643.1611025108,0.03290111159305652,0.12308602174595491,1.4599154143120159,1.993697097366473,2.2608012954893506e-06
7451.12,True,forward,pilot_free_der_m,,,0.022745341108497467,0.9992409087854223,True,1,True,1,,True,0.8532453311842907,0.6848602756544259,0.9999999999999999,268586.3577820009,0.032861405490774744,0.1232022972616585,1.4601518522072823,1.9937943844446646,2.260572908718305e-06
7453.820000000001,True,forward,pilot_free_der_m,,,0.022857471247304768,0.9992333328732249,True,1,True,1,,True,0.853075206516484,0.6847539638726057,0.9999999999590109,268513.8439417221,0.03282144020673293,0.12332595854226583,1.460378548673951,1.9938228056214509,2.260505900776899e-06
7456.42,True,forward,pilot_free_der_m,,,0.022930724168601806,0.9992283434202966,True,1,True,1,,True,0.8529288659044867,0.6846766352960517,0.999999999964185,268426.3470680029,0.032783903272361685,0.12345071485700765,1.4605434863887075,1.9937906237790595,2.2607497243251456e-06
7459.12,True,forward,pilot_free_der_m,,,0.023034206678141864,0.9992213011857152,True,1,True,1,,True,0.8527899307988038,0.6845945124688144,0.9999999999999999,268335.8312125598,0.03274620585769569,0.12356883428232138,1.4607186908258387,1.9937949229118241,2.2609885072396866e-06
7461.72,True,forward,pilot_free_der_m,,,0.023121949012252018,0.9992153060348217,True,1,True,1,,True,0.8526477675614751,0.6844900471088983,0.9999999999999999,268269.4730197742,0.03270658076988831,0.12368818708565564,1.460941622487764,1.993881178604833,2.2608811903128173e-06
7469.72,True,forward,pilot_free_der_m,,,0.02339427513608814,0.9991965525092352,True,1,True,1,,True,0.8522373496939346,0.6841721062258749,0.9999999999999999,268084.5441414562,0.03258855238929113,0.12404051258928302,1.4616205350965543,1.9941956031034413,2.2604099959203203e-06
7477.42,True,forward,pilot_free_der_m,,,0.023660991266814313,0.9991779887649057,True,1,True,1,,True,0.8519055856566292,0.6838511748957677,0.9999999999999999,267909.3894391064,0.03247982293444141,0.12433104170530578,1.4623064735575242,1.9947059891866223,2.259835635063865e-06
7485.72,True,forward,pilot_free_der_m,,,0.02395490558603381,0.9991573289257326,True,1,True,1,,True,0.8516537857575778,0.6834226321468619,0.9999999999999978,267770.2281280496,0.03237601412689509,0.12450392803730968,1.463223418368015,1.9958356812214808,2.258266870792875e-06
7488.22,True,forward,pilot_free_der_m,,,0.024083573129741912,0.9991482932485473,True,1,True,1,,True,0.8515967835194477,0.6832905541018982,0.9999999999999839,267732.2304424812,0.03233475740098021,0.12457869869615389,1.463506255130896,1.9962323247606102,2.2577414453017283e-06
7490.92,True,forward,pilot_free_der_m,,,0.023636531087313676,0.9991785904409124,True,1,True,1,,True,0.8515629928090552,0.6836538844936312,0.9999999999999999,267722.6128638832,0.03253250270194028,0.12421054922701208,1.4627284693053122,1.9946950132589778,2.2601492898889273e-06
7493.42,True,forward,pilot_free_der_m,,,0.023227330591295323,0.9992058891978122,True,1,True,1,,True,0.8515965842508957,0.683997263812765,0.9999999999997827,267773.87910673267,0.032722657064591605,0.1238389890888812,1.4619941524700588,1.9933968467815653,2.2619140029358753e-06
7496.12,True,forward,pilot_free_der_m,,,0.022790062916755338,0.9992345677326779,True,1,True,1,,True,0.8515784557979627,0.6843819148867298,0.9999999999999999,267751.739464776,0.032919931598674436,0.12348508012155023,1.4611724510071356,1.9918135343413912,2.264561478067964e-06
7498.72,True,forward,pilot_free_der_m,,,0.022377922985225677,0.9992611320383454,True,1,True,1,,True,0.8515841642497338,0.6847325244755723,0.9999999999999999,267771.82392436994,0.03311328119212238,0.12312065998738782,1.4604242740855442,1.9904236786817877,2.2666329500110914e-06
7501.42,True,forward,pilot_free_der_m,,,0.021950824359470236,0.9992882090868094,True,1,True,1,,True,0.8515832086000977,0.6851025076988911,0.9999999999999999,267763.02158132364,0.03330819585222166,0.12276742130247227,1.4596355855692023,1.9889420574872105,2.2690714736247107e-06
7504.02,True,forward,pilot_free_der_m,,,0.021525440940083025,0.9993147715007505,True,1,True,1,,True,0.8516130323328067,0.6855110806800448,0.9999999999999999,267770.35499763093,0.03350430488967442,0.12241940648659635,1.4587656249231944,1.9873795810662607,2.2716183543912694e-06
7506.820000000001,True,forward,pilot_free_der_m,,,0.0210782030325809,0.9993421701544385,True,1,True,1,,True,0.8516293752086275,0.6858934811980464,0.9999999999999999,267805.16514759674,0.03371009518313751,0.12203638892625684,1.4579523313930691,1.98589164285883,2.273763244416672e-06
7509.320000000001,True,forward,pilot_free_der_m,,,0.020687827612316835,0.9993656410230106,True,1,True,1,,True,0.8516557521929954,0.6862662312463715,0.9999999999999999,267808.3698649323,0.03389414755780871,0.12171120637915372,1.4571604349289293,1.9844669648973667,2.2761132689169885e-06
7511.72,True,forward,pilot_free_der_m,,,0.02031620730560819,0.9993876132459694,True,1,True,1,,True,0.8516638781294744,0.6866168242290254,0.9999999999999999,267799.3806016616,0.03406673444545239,0.12141215411862455,1.4564163951602263,1.983089323755222,2.278424481862179e-06
7514.42,True,forward,pilot_free_der_m,,,0.019908892172776697,0.9994112673005613,True,1,True,1,,True,0.8517151757470909,0.6870407429691716,0.9999999999998685,267806.12554758484,0.034268248815756394,0.12106207349004837,1.455517755290882,1.9815216580968573,2.2810677019707126e-06
7517.02,True,forward,pilot_free_der_m,,,0.019534121591004653,0.999432622130567,True,1,True,1,,True,0.8517613156204857,0.68742026454874,0.9999999999999021,267831.01634348615,0.034460648059856644,0.12071724572309865,1.4547141706047269,1.9801200373651797,2.2832718201729206e-06
7519.62,True,forward,pilot_free_der_m,,,0.01918425191268591,0.999452188142512,True,1,True,1,,True,0.8518150930386666,0.687810184548864,0.9999999999999999,267870.6463717176,0.03465759931618158,0.1203640387187372,1.4538894922818013,1.9786961575415536,2.2854145470056723e-06
7522.22,True,forward,pilot_free_der_m,,,0.018862398068967307,0.999469861119525,True,1,True,1,,True,0.8518562118088269,0.6882375341740854,0.9999999999999999,267855.5802645006,0.0348503086496961,0.12004737809712189,1.4529867238351695,1.977095763416797,2.288260235641506e-06
7525.02,True,forward,pilot_free_der_m,,,0.018512466637358324,0.9994887761884479,True,1,True,1,,True,0.8519102339673407,0.6886705219417861,0.9999999999999999,267889.279707605,0.035061818216916084,0.11968022343024318,1.452073187596856,1.9755046193713215,2.2907232605841106e-06
7527.42,True,forward,pilot_free_der_m,,,0.01824733322585632,0.9995028396168997,True,1,True,1,,True,0.8519540727008998,0.6890391759585102,0.9999999999999999,267907.649985762,0.035241002487921946,0.11937318828584081,1.4512962903871434,1.9741461991595914,2.2929067762830806e-06
7529.92,True,forward,pilot_free_der_m,,,0.017961466911457613,0.9995178167174056,True,1,True,1,,True,0.8520100073079907,0.6894218063466563,0.9999999999999457,267945.69980008644,0.035429897871294566,0.11904633574638825,1.4504908182395437,1.9727617152361507,2.295008786097665e-06
7532.62,True,forward,pilot_free_der_m,,,0.017642723350933667,0.9995342812318272,True,1,True,1,,True,0.8520515436246743,0.6897958945602319,0.9999999999999999,267995.23465926707,0.035628684190261266,0.11869533927101741,1.449704192045871,1.971378936371763,2.29695622326918e-06
7535.12,True,forward,pilot_free_der_m,,,0.01738342397114206,0.9995474239271425,True,1,True,1,,True,0.852092868994,0.6901402712568364,0.9999999999999999,268040.30438960873,0.03581100137025762,0.11837683471703697,1.4489807965833787,1.9701142284115627,2.298751726098628e-06
7537.92,True,forward,pilot_free_der_m,,,0.017085019294025037,0.9995623435510227,True,1,True,1,,True,0.852135788210708,0.6905069430360239,0.9999999999999999,268108.0216099892,0.0360136538606555,0.11802038824760719,1.4482113613560432,1.9687662963026504,2.300492261731966e-06
7540.42,True,forward,pilot_free_der_m,,,0.01684179949935607,0.9995742932059309,True,1,True,1,,True,0.8521648052856717,0.690854548335023,0.9999999999999436,268152.62456107256,0.0361971978164604,0.11770328380159047,1.44748268996704,1.9674626098449035,2.302308504978134e-06
7548.22,True,forward,pilot_free_der_m,,,0.01617889088462227,0.9996059376000708,True,1,True,1,,True,0.8522425342372639,0.6919322977290623,0.9999999999999999,268251.5695761281,0.03676060953012227,0.11675179800560509,1.4452281000352534,1.9633993610350116,2.308267096842606e-06
7556.12,True,forward,pilot_free_der_m,,,0.01566785609476466,0.9996293123269153,True,1,True,1,,True,0.8523953909187532,0.6929734255655136,0.999999999999966,268382.0913376587,0.037338229307122384,0.11572945434744339,1.4430567798236964,1.959663138225222,2.3137072158977342e-06
7564.02,True,forward,pilot_free_der_m,,,0.015327066641957774,0.9996441937317654,True,1,True,1,,True,0.852544360629397,0.6939886894576106,0.9999999999999208,268516.6948643565,0.03790801342864825,0.11473784961964026,1.4409456741744229,1.9560283904472997,2.318933789782899e-06
7566.62,True,forward,pilot_free_der_m,,,0.015250455005378166,0.9996473703401146,True,1,True,1,,True,0.852591850837596,0.6943478475488478,0.9999999999999999,268559.52454011264,0.038108282202499504,0.11439598569326695,1.440200331188683,1.9547327144951048,2.3208204666398552e-06
7569.12,True,forward,pilot_free_der_m,,,0.015261607326633878,0.999647066457343,True,1,True,1,,True,0.8525142256702749,0.6940532673389849,0.9999999999999999,268521.991678201,0.03797641242734729,0.11459418695195386,1.440811602017265,1.9557066220997832,2.3192939220254162e-06
7571.52,True,forward,pilot_free_der_m,,,0.015295376671434099,0.9996457187316182,True,1,True,1,,True,0.8524390249557905,0.6937668592272819,0.9999999999999999,268484.0398946672,0.037845309394072116,0.11479410360531991,1.4414064129753916,1.9566547483707637,2.3178211174001417e-06
7574.02,True,forward,pilot_free_der_m,,,0.015341801456429157,0.999643791486549,True,1,True,1,,True,0.8523657772558777,0.6934707301146887,0.9999999999999999,268438.0027241901,0.037708047802751166,0.11500557298090196,1.4420219290792795,1.9576460410529513,2.3163557050541814e-06
7576.52,True,forward,pilot_free_der_m,,,0.01540073199259298,0.9996412786484897,True,1,True,1,,True,0.8522913991288775,0.6931757875618543,0.999999999999778,268395.1157590608,0.037571449035377985,0.11521676516046248,1.442635501619486,1.9586307474923579,2.3148692439368316e-06
7579.22,True,forward,pilot_free_der_m,,,0.015479705471660197,0.9996378355583775,True,1,True,1,,True,0.8522101177301745,0.6928580629700883,0.9999999999998056,268347.8446854278,0.037425172990190575,0.11544365913397901,1.4432970523761908,1.9596895830923464,2.3132757310278586e-06
7581.820000000001,True,forward,pilot_free_der_m,,,0.015596803885493083,0.9996325600976504,True,1,True,1,,True,0.8521154297281779,0.6925118395684098,0.9999999999999999,268316.78424623376,0.03728329822571005,0.11565314684678288,1.4440186331301197,1.9608301800005885,2.311361357107912e-06
7584.42,True,forward,pilot_free_der_m,,,0.015728173483522977,0.9996265735933708,True,1,True,1,,True,0.8520159277987298,0.6921777223810747,0.9999999999999948,268263.2434781341,0.03713922191032215,0.11587693538459516,1.4447156671844608,1.961913019430594,2.3097152945172062e-06
7587.12,True,forward,pilot_free_der_m,,,0.015879437880508232,0.9996195995924001,True,1,True,1,,True,0.8519222276317859,0.6918294958824464,0.9999999999999909,268212.3995366771,0.036990014259225955,0.11610737201900506,1.4454428525405167,1.9630654831469276,2.3079552175377506e-06
7589.52,True,forward,pilot_free_der_m,,,0.01603051073360857,0.999612546667749,True,1,True,1,,True,0.8518318745882818,0.6915029227497534,0.9999999999999999,268172.50217476254,0.0368553530430289,0.11631175228666835,1.4461254856646322,1.9641413830520775,2.306235969632341e-06
7592.12,True,forward,pilot_free_der_m,,,0.016207258802457596,0.9996041976545812,True,1,True,1,,True,0.8517144426650859,0.6911272567714429,0.9999999999999725,268135.8898852367,0.03670717356308159,0.11653339156864771,1.4469115350353985,1.9653488450908831,2.304176602357921e-06
7594.62,True,forward,pilot_free_der_m,,,0.01638758817592885,0.9995955788738718,True,1,True,1,,True,0.8516246913052157,0.6907748540797629,0.9999999999999999,268100.4638924219,0.03656578938303849,0.11674527202095036,1.4476496851237888,1.9665295612296245,2.3022523051298926e-06
7597.22,True,forward,pilot_free_der_m,,,0.016581225269253735,0.9995862189249822,True,1,True,1,,True,0.8515099524062195,0.6904026205854272,0.9999999999999999,268040.244146083,0.03641311432997879,0.11698409543902653,1.4484301915772704,1.9677316684948736,2.3004135426162616e-06
7599.820000000001,True,forward,pilot_free_der_m,,,0.016778485105155262,0.9995765759567425,True,1,True,1,,True,0.8514004742270859,0.6900286717435687,0.9999999999999428,267988.2053631088,0.03626154217304996,0.11721917523465811,1.4492151427173838,1.9689536919536283,2.298491592993456e-06
7602.42,True,forward,pilot_free_der_m,,,0.01699724502705083,0.999565731424564,True,1,True,1,,True,0.8512911877508268,0.6896495471113661,0.9999999999999999,267936.34218824323,0.03610874215965955,0.11745625839827555,1.4500118272948244,1.9701976127261969,2.2965332397247976e-06
7605.02,True,forward,pilot_free_der_m,,,0.01721633108334863,0.9995547412398659,True,1,True,1,,True,0.8511772900301127,0.689263375240867,0.9999999999999999,267885.2681504589,0.03595473198929708,0.11769518449806458,1.4508242218013458,1.9714597574524657,2.2945212809234102e-06
7607.42,True,forward,pilot_free_der_m,,,0.017437740878633045,0.9995434786644845,True,1,True,1,,True,0.851086750372846,0.6889145105961817,0.9999999999999999,267830.60580352077,0.03581230226988999,0.1179189006179686,1.4515589156840476,1.972629532383828,2.2927747687353676e-06
7610.02,True,forward,pilot_free_der_m,,,0.01769440223702643,0.9995302364106595,True,1,True,1,,True,0.8509726238410902,0.6885342096223671,0.9999999999999896,267774.45309378905,0.03565826372010277,0.1181625917644672,1.4523606612784696,1.9738699802110398,2.2908393590162693e-06
7612.62,True,forward,pilot_free_der_m,,,0.017963544988784042,0.9995161427409084,True,1,True,1,,True,0.8508580217209918,0.688155229243568,0.9999999999999999,267705.22195187287,0.03550169819034089,0.11841595920274123,1.453160504351928,1.975105134280703,2.289021987089479e-06
7615.02,True,forward,pilot_free_der_m,,,0.018228304809882103,0.9995020682092067,True,1,True,1,,True,0.8507695765246498,0.6878032602494824,0.9999999999999999,267656.5798038199,0.0353593917569716,0.11863921031270035,1.4539041289761792,1.9762949676286927,2.287198304969504e-06
7617.62,True,forward,pilot_free_der_m,,,0.01851949376729072,0.9994863640727184,True,1,True,1,,True,0.8506586140042245,0.6874286086690213,0.9999999999999742,267577.26774605864,0.03520049537568883,0.11890499498836746,1.4546965130475793,1.9775234306825271,2.2854902455436965e-06
7625.320000000001,True,forward,pilot_free_der_m,,,0.019429732568229007,0.999435722513075,True,1,True,1,,True,0.8503630536219688,0.6862497201440495,0.9999999999999999,267424.6787187963,0.03473121781614589,0.11965316222439945,1.4571954940689689,1.9815205132179,2.2792735290809966e-06
7633.22,True,forward,pilot_free_der_m,,,0.02042677771525186,0.9993775329538557,True,1,True,1,,True,0.8498940234758505,0.68509879901097,0.9999999999999999,267212.13145408756,0.03422032183157418,0.12063102368498577,1.4596434871052628,1.9850116208112496,2.273725699707175e-06
7641.02,True,forward,pilot_free_der_m,,,0.0214828746694532,0.999312968717802,True,1,True,1,,True,0.8498423240747807,0.6837662215865825,0.9999999999999999,267101.7798231868,0.03376620631878256,0.12115371292387365,1.4624881552055053,1.990214887984978,2.2661234470452585e-06
7643.52,True,forward,pilot_free_der_m,,,0.021831418857361194,0.9992909813960388,True,1,True,1,,True,0.8498381364662494,0.6833173002495797,0.9999999999999999,267098.83393467224,0.03362194825867024,0.12130468953533388,1.4634489711218386,1.9920027062714971,2.2632671612514394e-06
7646.12,True,forward,pilot_free_der_m,,,0.021718037487917733,0.9992980215426096,True,1,True,1,,True,0.8498852417591249,0.6833461488316188,0.9999999999999999,267127.1209473501,0.03369945621158913,0.12106622943274749,1.4633871892155885,1.9919975328986574,2.2632126895474247e-06
7648.62,True,forward,pilot_free_der_m,,,0.02161665309941236,0.9993041952902163,True,1,True,1,,True,0.8499355247692985,0.6833855184747823,0.9999999999999999,267152.73900856887,0.033786048718862524,0.12081310259853564,1.4633028839005182,1.9919576509845551,2.2632483601420282e-06
7651.12,True,forward,pilot_free_der_m,,,0.021521761687287352,0.9993099342188293,True,1,True,1,,True,0.8499699316161011,0.683414385725016,0.9999999999640794,267187.2332478433,0.03386934615201547,0.12056756602941948,1.4632410743054614,1.9919226354560386,2.2631414250996473e-06
7653.62,True,forward,pilot_free_der_m,,,0.02142776081293499,0.9993156071900348,True,1,True,1,,True,0.8500277816360983,0.6834256583290779,0.9999999999610005,267219.922697923,0.033950004238467404,0.12031668646855796,1.4632169392146062,1.992013045028447,2.2629369014242524e-06
7656.12,True,forward,pilot_free_der_m,,,0.021322722664082732,0.9993219800187821,True,1,True,1,,True,0.850072701569715,0.6834342809793168,0.9999999999999999,267252.4115254409,0.034029384472437516,0.12006916628507448,1.4631984783775627,1.9920837662076456,2.2627171242297905e-06
7658.92,True,forward,pilot_free_der_m,,,0.02116114307062708,0.9993319243848106,True,1,True,1,,True,0.8501620271169873,0.6834991059282013,0.9999999999999999,267294.0016323073,0.03412018814054386,0.11979925352477944,1.4630597045799878,1.9920333656962836,2.2627808552625597e-06
7661.42,True,forward,pilot_free_der_m,,,0.021018037340661787,0.9993406725020108,True,1,True,1,,True,0.8502608949371548,0.6835565801503147,0.9999999999493805,267346.7639214617,0.03420260886451239,0.11955048008936042,1.4629366887660997,1.9920347572494603,2.2627028317181744e-06
7664.22,True,forward,pilot_free_der_m,,,0.02085660038699765,0.9993504753455238,True,1,True,1,,True,0.8503274867495777,0.6836376422280797,0.9999999999999999,267332.07015445153,0.03428797378864823,0.11931408623731277,1.462763221669373,1.991866032234757,2.263346979140066e-06
7666.62,True,forward,pilot_free_der_m,,,0.020711925107994196,0.9993592197149045,True,1,True,1,,True,0.8503896559158369,0.6836843134548114,0.9999999999999506,267369.6088815743,0.03436478124871785,0.11908548970952072,1.4626633671712088,1.9918247105196776,2.263328396462474e-06
7669.42,True,forward,pilot_free_der_m,,,0.020545154008674533,0.9993692323928923,True,1,True,1,,True,0.8504947541776601,0.683760710002184,0.9999999999998109,267409.80674227537,0.03445735706904127,0.11881564620666259,1.4624999438716169,1.9917648650978934,2.263477797985918e-06
7671.92,True,forward,pilot_free_der_m,,,0.020400630009274237,0.9993778448304316,True,1,True,1,,True,0.8505797259735255,0.6838428397570682,0.9999999999999014,267423.1738469186,0.034538364229254465,0.11858926640946554,1.4623242971369657,1.9916349166333098,2.263890948182775e-06
7674.42,True,forward,pilot_free_der_m,,,0.020262359878281847,0.9993860236612944,True,1,True,1,,True,0.8507004954616123,0.6839228647704145,0.9999999999999999,267467.92841816676,0.03462490946229879,0.11833867217849715,1.4621531922838829,1.9915972061850653,2.2640247948040856e-06
7677.12,True,forward,pilot_free_der_m,,,0.020116452698372683,0.9993945939343739,True,1,True,1,,True,0.8507877020444268,0.6840192517157498,0.9999999999999999,267491.1870357862,0.03471568327289974,0.11808946332424679,1.4619471564457642,1.9914153943339343,2.2644452771553934e-06
7679.52,True,forward,pilot_free_der_m,,,0.019983361699441603,0.9994023678378959,True,1,True,1,,True,0.8508751152486728,0.6841012904735522,0.9999999999999832,267513.24806380965,0.0347956042654152,0.11786727792851175,1.4617718368982435,1.991291523497733,2.264783867493772e-06
7682.320000000001,True,forward,pilot_free_der_m,,,0.019828423073767008,0.9994113580053812,True,1,True,1,,True,0.8509891907313512,0.6841775132957627,0.9999999999999999,267571.4526276926,0.034892178249618225,0.1175855642210332,1.4616089838774202,1.9912533233467096,2.264779139226872e-06
7684.820000000001,True,forward,pilot_free_der_m,,,0.019689163162999786,0.9994193852687341,True,1,True,1,,True,0.8510743133663847,0.684237625306404,0.9999999999999999,267602.8438740254,0.03497342610853234,0.11734884769929446,1.461480577821479,1.9912118544188901,2.264898182509583e-06
7687.42,True,forward,pilot_free_der_m,,,0.01955030034805458,0.9994273293623417,True,1,True,1,,True,0.8511711582921523,0.6843470389008622,0.9999999999339476,267612.3171504054,0.03506007320615781,0.11711963235512889,1.4612469158046761,1.9910004602819653,2.265518137666142e-06
7690.02,True,forward,pilot_free_der_m,,,0.019396622955491424,0.9994360847457561,True,1,True,1,,True,0.8512766949155953,0.6844541767344499,0.9999999999999633,267635.0805222932,0.03515185860765142,0.11687287289255312,1.4610181864489329,1.9908185219168797,2.2660108484950683e-06
7692.72,True,forward,pilot_free_der_m,,,0.01924002563512728,0.9994449373247172,True,1,True,1,,True,0.8513817207473448,0.6845370166469625,0.9999999999999999,267671.83602974686,0.035244870492698296,0.11660893694997065,1.4608413799128874,1.9907326236550613,2.2662295026241808e-06
7695.320000000001,True,forward,pilot_free_der_m,,,0.01908923141474209,0.9994533998246822,True,1,True,1,,True,0.8514911528716845,0.6846278181675746,0.9999999999999971,267707.2274294653,0.03533540570397979,0.11635744059513722,1.4606476299437043,1.99062515963816,2.266510484683688e-06
7703.02,True,forward,pilot_free_der_m,,,0.018648283573031124,0.9994777855272565,True,1,True,1,,True,0.8518098084599868,0.6849080423063368,0.9999999999977304,267793.6816488653,0.035602352920298654,0.1156268436634618,1.460050018730052,1.990248908335419,2.2675694476255016e-06
7710.92,True,forward,pilot_free_der_m,,,0.018204892184374367,0.9995017633831755,True,1,True,1,,True,0.852125173134383,0.6851773133670419,0.9999999999999991,267870.3037869154,0.03587116700150139,0.11489088713155472,1.459476226797238,1.9899087261790318,2.2686403340551073e-06
7718.72,True,forward,pilot_free_der_m,,,0.017754740008535077,0.999525459213492,True,1,True,1,,True,0.851948596460461,0.6857100742614921,0.999999999994816,267807.2970019617,0.03606431468182734,0.11476550757682027,1.458342290029519,1.9873680528451274,2.272574974017784e-06
7721.42,True,forward,pilot_free_der_m,,,0.017644974479309343,0.9995311499964153,True,1,True,1,,True,0.8518642040460976,0.6858467442702306,0.9999999999998483,267757.20838306344,0.03610167218830686,0.11478117225844993,1.4580516833449284,1.9866257227695663,2.2738722715738613e-06
7723.92,True,forward,pilot_free_der_m,,,0.017655873265773,0.9995305750999351,True,1,True,1,,True,0.8517710675135403,0.6858359332067583,0.9999999999999988,267714.38619458245,0.036072816821704566,0.11489422156298532,1.4580746671063234,1.9864516563548535,2.2741669917257336e-06
7726.320000000001,True,forward,pilot_free_der_m,,,0.017665263380382348,0.99953011454902,True,1,True,1,,True,0.8516891081571732,0.6858195383283043,0.9999999999999999,267659.62634472223,0.03603366258311515,0.11502695744098161,1.4581095231516956,1.9863259275722478,2.2745276020780477e-06
7729.02,True,forward,pilot_free_der_m,,,0.0176764917900211,0.9995295611291475,True,1,True,1,,True,0.8515855637558072,0.6857933534741095,0.9999999999999999,267605.17809477414,0.035989729336610196,0.1151736954636444,1.4581651964606748,1.9861889043434586,2.274823199243804e-06
7731.52,True,forward,pilot_free_der_m,,,0.017686451729338488,0.9995290693723524,True,1,True,1,,True,0.8515127555234028,0.6857918834848488,0.9999999999485323,267559.690050852,0.03595468489854334,0.11530137421001918,1.4581683219507298,1.9860249549300366,2.2752005563590816e-06
7734.320000000001,True,forward,pilot_free_der_m,,,0.017703282754525058,0.9995282022121926,True,1,True,1,,True,0.8514087944004163,0.6857763668207482,0.9999999999999998,267507.92842000385,0.03591594385050404,0.1154410775764556,1.4582013151546604,1.9858443759887274,2.2755416851428936e-06
7736.92,True,forward,pilot_free_der_m,,,0.017763035742716763,0.9995250003582862,True,1,True,1,,True,0.8512898682531392,0.6857214495254651,0.9999999999251187,267453.51983648585,0.035877695662222035,0.11556945371638912,1.4583180978473715,1.9857860397497549,2.275653729929153e-06
7739.42,True,forward,pilot_free_der_m,,,0.017821029883732596,0.9995218825189747,True,1,True,1,,True,0.8511775934300256,0.6856737552297414,0.9999999999999999,267391.9488476097,0.035840317148636586,0.1156973542533572,1.458419536073596,1.9857143773600214,2.2758729152008457e-06
7742.02,True,forward,pilot_free_der_m,,,0.01788376459873784,0.9995185009855385,True,1,True,1,,True,0.8510559235339887,0.6856255915707087,0.9999999999999999,267339.68093074195,0.035803593202643196,0.11582393188028872,1.4585219867728199,1.9856226402171575,2.2760099746518e-06
7744.42,True,forward,pilot_free_der_m,,,0.01794857103437892,0.9995149914312554,True,1,True,1,,True,0.8509336117140974,0.6855739453176027,0.9999999999364876,267283.9856083244,0.035767716106195405,0.1159456880239894,1.4586318613278428,1.9855432652089149,2.2761539828836926e-06
7747.12,True,forward,pilot_free_der_m,,,0.01802236484234412,0.9995109757015921,True,1,True,1,,True,0.8508030243758382,0.6855044461168771,0.9999999999999999,267234.6507090936,0.03572827307387545,0.11607340024383654,1.458779743391339,1.9855157582651481,2.276129650309496e-06
7749.52,True,forward,pilot_free_der_m,,,0.0180860825642547,0.9995074931109392,True,1,True,1,,True,0.8506832392007774,0.685432550633514,0.9999999999999999,267191.2146642498,0.03569070655255094,0.11619024683444878,1.4589327557842788,1.9855229865936348,2.276039681187729e-06
7752.22,True,forward,pilot_free_der_m,,,0.018155121090357263,0.9995037045156053,True,1,True,1,,True,0.8505466360821596,0.6853536232782488,0.9999999999999999,267144.08541101584,0.03564985621121705,0.1163189094272489,1.4591007708060324,1.9855189787412377,2.275936093489872e-06
7754.820000000001,True,forward,pilot_free_der_m,,,0.018223150931731595,0.9994999575659221,True,1,True,1,,True,0.8504010942681621,0.6852630586459144,0.9999999999998742,267088.9331021143,0.03560604584859213,0.11645113678922593,1.4592936061311734,1.9855404889434407,2.275826268457527e-06
7757.52,True,forward,pilot_free_der_m,,,0.018296009281041654,0.9994959296426994,True,1,True,1,,True,0.8502520417398299,0.6851960389458527,0.9999999999999999,267025.7641421816,0.03556428172006361,0.11659119764534666,1.4594363410776,1.9854598259859229,2.2759354398961295e-06
7760.02,True,forward,pilot_free_der_m,,,0.018368429203554457,0.9994919113572375,True,1,True,1,,True,0.8501220534123167,0.6851280111298523,0.9999999999999976,266963.2340184388,0.03552284519551773,0.11672501148250475,1.459581251612945,1.9854276603255667,2.2760327157166717e-06
7762.42,True,forward,pilot_free_der_m,,,0.018439064998138004,0.9994879769541338,True,1,True,1,,True,0.8499920746068732,0.685036961491696,0.9999999999999999,266932.1579715458,0.035485882528348826,0.11683202870362105,1.4597752474880465,1.9854873315910304,2.2757142571179074e-06
7765.12,True,forward,pilot_free_der_m,,,0.01851327323458123,0.9994838255244259,True,1,True,1,,True,0.849863429686264,0.6849536253210358,0.9999999999999999,266882.77476719447,0.035443719769462215,0.1169618446005196,1.4599528537881712,1.9855193144727954,2.275601175812736e-06
7767.72,True,forward,pilot_free_der_m,,,0.018593553572471336,0.9994793176537167,True,1,True,1,,True,0.8497234708642056,0.6848755697755113,0.9999999999999999,266826.75677807094,0.03540181775351327,0.11709510612576829,1.4601192452050524,1.9855037592375608,2.275578429986107e-06
7770.420000000001,True,forward,pilot_free_der_m,,,0.018672773888043948,0.9994748479786231,True,1,True,1,,True,0.849582846826916,0.6847856346459665,0.9999999999998935,266793.3799247541,0.03536120233837328,0.11721967153432483,1.4603110074248162,1.9855340129722432,2.2752863103564155e-06
7773.019999999999,True,forward,pilot_free_der_m,,,0.018751361820895002,0.9994703947500447,True,1,True,1,,True,0.8494293837601923,0.6846788862285432,0.9999999999999983,266746.0921706519,0.035316252402005754,0.11734883368790103,1.4605386847962507,1.9856013163872392,2.2750048091763707e-06
7781.12,True,forward,pilot_free_der_m,,,0.018998280316584282,0.999456280696052,True,1,True,1,,True,0.8489789073724188,0.684420474310724,0.9999999999999888,266581.06517709576,0.035186124037054366,0.11775659805131121,1.4610901303136543,1.9855793662795003,2.274753814538755e-06
7788.820000000001,True,forward,pilot_free_der_m,,,0.019235969429102887,0.9994425198670523,True,1,True,1,,True,0.848571806359134,0.6841754380955902,0.9999999999999999,266431.3633320102,0.03506451260608623,0.11813454206378522,1.4616134171427007,1.9856051022796632,2.2744570396761874e-06
7797.019999999999,True,forward,pilot_free_der_m,,,0.019491904513762415,0.999427509496515,True,1,True,1,,True,0.8481311841536024,0.6839219949311351,0.9999999999999999,266252.6363575686,0.03493233487580534,0.11855277240464486,1.462155051908648,1.9855855969542395,2.2743531846075397e-06
7799.420000000001,True,forward,pilot_free_der_m,,,0.01949220371315808,0.9994273581342674,True,1,True,1,,True,0.8479997847877553,0.6839131205881052,0.9999999999999781,266214.4241055877,0.03493117418046177,0.11860698031709496,1.4621740245896526,1.9853133988646345,2.2746225281947847e-06
7801.920000000001,True,forward,pilot_free_der_m,,,0.019412949201074618,0.9994317486125375,True,1,True,1,,True,0.8479262250424773,0.6840294007530862,0.9999999999999999,266195.2989947271,0.034981036632401714,0.11857526913728146,1.4619254653367881,1.984677114961698,2.2755343305610817e-06
7804.519999999999,True,forward,pilot_free_der_m,,,0.019332903307081383,0.9994361462896514,True,1,True,1,,True,0.847798369736268,0.684081197825311,0.9999999999999974,266191.0166816139,0.03502601362295436,0.11853721575649889,1.4618147716659806,1.9841712097007067,2.275904268693308e-06
7807.019999999999,True,forward,pilot_free_der_m,,,0.019247736428404747,0.9994408300581505,True,1,True,1,,True,0.8476782591028625,0.684208609352148,0.9999999999999999,266126.50699817156,0.035073199479942134,0.11853015804096678,1.4615425563657598,1.9833819857626374,2.2772759791672306e-06
7809.72,True,forward,pilot_free_der_m,,,0.01915687671471902,0.9994458043251991,True,1,True,1,,True,0.8475517345058423,0.6843050755963443,0.9999999999997797,266117.0978219683,0.03512869757269099,0.11848593225911569,1.4613365232287951,1.982701403774842,2.277977279179416e-06
7812.22,True,forward,pilot_free_der_m,,,0.01906686808950863,0.9994507382420459,True,1,True,1,,True,0.8474616184486891,0.6844183065091655,0.9999999999997385,266077.05203544773,0.03517668233459618,0.11846323441815933,1.4610947581168285,1.9820393902813824,2.27904878953486e-06
7814.820000000001,True,forward,pilot_free_der_m,,,0.018970083367756862,0.9994560359928993,True,1,True,1,,True,0.8473356098204826,0.6845279851776729,0.9999999999998096,266032.21243716846,0.035224139609636725,0.11844697115041031,1.460860653842011,1.9813078231696968,2.280138731641518e-06
7817.420000000001,True,forward,pilot_free_der_m,,,0.018874594354369,0.9994612369507915,True,1,True,1,,True,0.847231817086793,0.684619467827295,0.9999999999421262,266013.5527864519,0.03527102858854721,0.11841911708350497,1.4606654454564685,1.9807008820168257,2.2808873419225343e-06
7819.820000000001,True,forward,pilot_free_der_m,,,0.01878679997882537,0.9994659969469,True,1,True,1,,True,0.8471391342402342,0.6847148153042624,0.9999999999998282,265993.9150113773,0.03531904164275467,0.11838502275778047,1.460462045874478,1.9801047022149654,2.2816692345208623e-06
7822.519999999999,True,forward,pilot_free_der_m,,,0.0186853215599832,0.9994714861508045,True,1,True,1,,True,0.8470028428755088,0.6848043852546869,0.9999999999998568,265954.7939643476,0.035365994922905014,0.11836382797561883,1.4602710226920421,1.9794297701226384,2.2825811923172536e-06
7825.12,True,forward,pilot_free_der_m,,,0.018586530459773213,0.9994768125052974,True,1,True,1,,True,0.8469146672731098,0.6849263136668442,0.9999999999999999,265931.253092349,0.03541909218061239,0.11833012081725709,1.460011069871687,1.978738779971856,2.2835677406380436e-06
7827.920000000001,True,forward,pilot_free_der_m,,,0.018484134483783155,0.9994822990629795,True,1,True,1,,True,0.8468208871867674,0.6850781629200182,0.9999999999999933,265888.7500127355,0.035476442416863,0.11830369633139332,1.459687454841181,1.9779160236669608,2.2849097360936773e-06
7830.519999999999,True,forward,pilot_free_der_m,,,0.01839534393632108,0.9994870204542644,True,1,True,1,,True,0.8467199898387398,0.685200742465417,0.9999999999998475,265847.53012087004,0.03552599955152489,0.11828285222050111,1.4594263228637976,1.977193294460014,2.2860526239530842e-06
7833.22,True,forward,pilot_free_der_m,,,0.018308163090469315,0.9994916243588422,True,1,True,1,,True,0.8466263212283108,0.6853209574193585,0.9999999999999999,265832.5637362791,0.035582584578239186,0.11824004605678927,1.459170318919759,1.9764970989454145,2.2869546331040927e-06
7835.62,True,forward,pilot_free_der_m,,,0.01822392825013082,0.9994960743353283,True,1,True,1,,True,0.8465389625812164,0.6854357214473518,0.9999999999999999,265817.6892061237,0.03563140028428927,0.1182109034027491,1.4589260067864873,1.9758375201064196,2.2878207602464674e-06
7838.12,True,forward,pilot_free_der_m,,,0.018145725760900153,0.9995001656633407,True,1,True,1,,True,0.8464492716670945,0.6855518536072721,0.9999999999999999,265796.22449783405,0.0356827100115611,0.11817758963747002,1.4586788654106153,1.975167296964263,2.2887524043669043e-06
7840.62,True,forward,pilot_free_der_m,,,0.01805705767279552,0.99950481643883,True,1,True,1,,True,0.8463587891602707,0.6856715861664434,0.9999999999999999,265773.43185971177,0.03573315220283951,0.11814910144867122,1.458424149658806,1.974481179927151,2.289718663645382e-06
7843.22,True,forward,pilot_free_der_m,,,0.01795266813073501,0.99951029657202,True,1,True,1,,True,0.8462624435413564,0.6857778274841803,0.9999999999999999,265762.9327720998,0.03578575418780159,0.11811055946014465,1.4581982092780161,1.973835124046037,2.290492250911663e-06
7845.72,True,forward,pilot_free_der_m,,,0.017877097631094383,0.9995141915781354,True,1,True,1,,True,0.846167878506182,0.6858835748182868,0.9999999999999999,265750.4885606561,0.03583487575718259,0.11808088551341096,1.4579733889456865,1.9731953876413164,2.2912793876453394e-06
7848.320000000001,True,forward,pilot_free_der_m,,,0.017793329558547056,0.9995185069150505,True,1,True,1,,True,0.8460656310227123,0.6859546193665585,0.9999999999999999,265767.3523094462,0.03588510860510129,0.11803391430523083,1.4578223861564559,1.9726754386708079,2.291590676919952e-06
7850.920000000001,True,forward,pilot_free_der_m,,,0.017714258927486102,0.9995225508509878,True,1,True,1,,True,0.8459624904301238,0.6860695868392983,0.9999999999999999,265750.870941614,0.03593677038404788,0.11800398178540883,1.4575780929263595,1.9719795584958624,2.292471758578428e-06
7858.62,True,forward,pilot_free_der_m,,,0.017488993206852405,0.9995339651241496,True,1,True,1,,True,0.8456422723419725,0.6863664146767163,0.9999999999999999,265708.7310491077,0.03608421963898407,0.11791204861480004,1.4569477448441404,1.970058405211347,2.2947429380733737e-06
7866.320000000001,True,forward,pilot_free_der_m,,,0.0172773839640013,0.9995445395977416,True,1,True,1,,True,0.845338938546776,0.6866709706121309,0.9999999999999992,265672.9612557158,0.03623482594029972,0.11781201219489287,1.4563015516857398,1.9681477976208455,2.297008567511161e-06
7874.519999999999,True,forward,pilot_free_der_m,,,0.017071867486742335,0.999554694157197,True,1,True,1,,True,0.8452099478360731,0.6868690396529862,0.9999999999999999,265703.5680203128,0.03642208976626181,0.11746832868188908,1.455881605182279,1.9670651060882414,2.298015880136292e-06
7877.019999999999,True,forward,pilot_free_der_m,,,0.017036123721857362,0.9995564063981427,True,1,True,1,,True,0.8451731657003697,0.6869020013798273,0.9999999999999943,265708.36262334324,0.0364637433542762,0.11739023856027327,1.4558117431470947,1.966849347942829,2.298186038454856e-06
7879.420000000001,True,forward,pilot_free_der_m,,,0.017068283530482238,0.9995546861252217,True,1,True,1,,True,0.845113703746243,0.6868290321261188,0.9999999999999999,265713.7847029196,0.03645775037256409,0.11738772858067852,1.4559664097256377,1.9669990960307542,2.2976706514652015e-06
7882.019999999999,True,forward,pilot_free_der_m,,,0.017103671243694923,0.9995527783445345,True,1,True,1,,True,0.8450379070006891,0.6867700324082602,0.9999999999999999,265683.22050539166,0.03645108125586872,0.1173998159738605,1.456091490325157,1.9670556628326337,2.2975560939562702e-06
7884.420000000001,True,forward,pilot_free_der_m,,,0.01714363964001224,0.9995506432516481,True,1,True,1,,True,0.8449806459502397,0.6866748208528458,0.9999999999999999,265694.00565941405,0.036441172899072956,0.11739769545489226,1.456293386086308,1.9672984001892424,2.2968513609059984e-06
7887.019999999999,True,forward,pilot_free_der_m,,,0.01719303997542831,0.9995480062549782,True,1,True,1,,True,0.8449106631381712,0.6865831602651481,0.9999999999999999,265680.5203221759,0.03642691472154588,0.11741277173896228,1.456487804935115,1.9674975246004343,2.2963791681182458e-06
7889.62,True,forward,pilot_free_der_m,,,0.0172428273074897,0.9995453409205352,True,1,True,1,,True,0.8448396308620071,0.686498495377215,0.9999999999815055,265665.9002961586,0.03641387054963648,0.117428034106228,1.4566674314880015,1.967666588784121,2.2959616016796906e-06
7892.22,True,forward,pilot_free_der_m,,,0.017280093741669996,0.9995433387652332,True,1,True,1,,True,0.8447932852727257,0.6864206840090206,0.9999999999853204,265671.73285468225,0.036404166782296105,0.11743050494423951,1.4568325565961222,1.967866092393934,2.2954112385227455e-06
7894.72,True,forward,pilot_free_der_m,,,0.017316259152721416,0.999541391753341,True,1,True,1,,True,0.8447178376490299,0.686325348062059,0.9999999999840729,265662.0277749441,0.03638831177216627,0.11744677201015322,1.4570349220056065,1.9680670799806734,2.2948824358042423e-06
7897.22,True,forward,pilot_free_der_m,,,0.01735351025381226,0.9995393848537859,True,1,True,1,,True,0.8446683224839896,0.6862644034700875,0.9999999999894003,265658.5100795461,0.03637903798987604,0.11745545336372887,1.457164315871423,1.9681925831756455,2.294521124437022e-06
7899.62,True,forward,pilot_free_der_m,,,0.017394550084939488,0.9995371704729359,True,1,True,1,,True,0.8445939867193714,0.6861891512178357,0.9999999999999999,265645.7463451316,0.036366154357723064,0.11747195543208816,1.4573241186125117,1.968316809023517,2.294147643666092e-06
7902.420000000001,True,forward,pilot_free_der_m,,,0.01744311045066669,0.9995345397069418,True,1,True,1,,True,0.8445234496333041,0.6860964777362494,0.999999999999972,265651.06188024423,0.03635355406442513,0.11747960975395187,1.4575209645434064,1.9685187671640245,2.293505964411078e-06
7904.920000000001,True,forward,pilot_free_der_m,,,0.017484048882838818,0.9995323118753369,True,1,True,1,,True,0.8444564416794473,0.6860086937717998,0.9999999999853775,265637.31712501176,0.03633939705111047,0.11749389376032439,1.4577074737744162,1.9687096441708896,2.2930601911132485e-06
7907.72,True,forward,pilot_free_der_m,,,0.017520491356609876,0.9995303135621727,True,1,True,1,,True,0.8443710527819663,0.6859067920328079,0.9999999999823898,265620.13534548605,0.03632171501068023,0.11751539523230821,1.4579240380733223,1.9689135145018084,2.292553163598969e-06
7910.320000000001,True,forward,pilot_free_der_m,,,0.017543531459138915,0.9995290334128559,True,1,True,1,,True,0.8443013988513763,0.6857840296715548,0.9999999999821415,265626.5731030693,0.036305309865786235,0.11751952475184009,1.4581850213996312,1.969236620517298,2.2917079746692546e-06
7912.920000000001,True,forward,pilot_free_der_m,,,0.017584629611199942,0.9995267798585256,True,1,True,1,,True,0.8442133617029585,0.6856762052336267,0.999999999999994,265609.01845046633,0.03628524804214939,0.11754529567941197,1.4584143249644625,1.969457810453457,2.291165731792118e-06
7915.320000000001,True,forward,pilot_free_der_m,,,0.017601362557154217,0.9995258377879198,True,1,True,1,,True,0.8441400054677508,0.6855824934134919,0.9999999999999999,265589.8943885108,0.03626817899997336,0.11756652737985582,1.4586136746593892,1.969657441495394,2.290727666191509e-06
7917.820000000001,True,forward,pilot_free_der_m,,,0.017636881056800887,0.9995238794804506,True,1,True,1,,True,0.8440586874102433,0.6854881869344904,0.9999999999999999,265558.76436568244,0.03624909057180036,0.11759463720024835,1.4588143443755162,1.9698408685783801,2.2903891711146183e-06
7920.420000000001,True,forward,pilot_free_der_m,,,0.017703115110237602,0.9995202529583072,True,1,True,1,,True,0.8439820992656073,0.6854075603632931,0.9999999999999999,265515.1526801915,0.03623067054333772,0.11762631194092256,1.4589859491336226,1.9699812090024194,2.2902462518898325e-06
7923.019999999999,True,forward,pilot_free_der_m,,,0.017722143567394936,0.9995191792514916,True,1,True,1,,True,0.8439149098657364,0.6853454977203969,0.9999999999999999,265470.73458732245,0.03621641200129181,0.11765178927999989,1.4591180701211433,1.970070016733565,2.2902297462916557e-06
7925.62,True,forward,pilot_free_der_m,,,0.017759279126743435,0.9995171229747372,True,1,True,1,,True,0.8438582430005864,0.6853008784524165,0.9999999999989105,265413.6724044044,0.03620391437924534,0.11767759476840561,1.4592130718658418,1.9701143420388982,2.290434682309711e-06
7928.22,True,forward,pilot_free_der_m,,,0.017788197943337594,0.9995155128272616,True,1,True,1,,True,0.8437875601014514,0.6852320310945301,0.9999999999883038,265365.6480229828,0.03618682622398809,0.11771069566984493,1.4593596834505689,1.97022184833965,2.2904055437138442e-06
7935.920000000001,True,forward,pilot_free_der_m,,,0.017875696311881645,0.999510626584017,True,1,True,1,,True,0.8436218131991285,0.6850224893189544,0.9999999999999668,265249.58619894343,0.03613957190410566,0.11778862556181953,1.4598060875259167,1.9706644165973513,2.290056585097544e-06
7943.72,True,forward,pilot_free_der_m,,,0.01797262732618949,0.9995052618683223,True,1,True,1,,True,0.843745311181141,0.6846524704607977,0.9999999999999999,265234.2596898069,0.036135969630414114,0.11751879812636415,1.4605950363794948,1.972419113323639,2.2878018569503306e-06
7951.420000000001,True,forward,pilot_free_der_m,,,0.018071383639347783,0.9994997684363579,True,1,True,1,,True,0.8438682419155804,0.6842924867728403,0.9999999999999836,265202.5670817866,0.03613062982398254,0.11725845195203,1.4613634072120778,1.9741344660855729,2.2857514230691936e-06
7953.920000000001,True,forward,pilot_free_der_m,,,0.01812692073649228,0.9994967134513747,True,1,True,1,,True,0.8439051920061236,0.684133816212119,0.9999999999999999,265209.52007265785,0.03611569070190952,0.11718703353862764,1.461702339955587,1.9748507615960933,2.2846668578805563e-06
7956.62,True,forward,pilot_free_der_m,,,0.018175774125023084,0.9994940043431552,True,1,True,1,,True,0.843943339506553,0.6839681355933723,0.9999999999999977,265210.3640817877,0.03610382136658646,0.11710271533305733,1.4620564145615553,1.9755980149010093,2.2835894300391283e-06
7959.12,True,forward,pilot_free_der_m,,,0.018225711691164933,0.999491265314789,True,1,True,1,,True,0.8440027061566122,0.6838491535606419,0.9999999999999448,265201.77088792296,0.03608952323526795,0.11704247014464873,1.4623107958724226,1.976209716040038,2.2828947166055367e-06
7961.820000000001,True,forward,pilot_free_der_m,,,0.018257949141260513,0.9994894994281146,True,1,True,1,,True,0.8440603136766487,0.6837152730856564,0.9999999999379448,265184.9473753305,0.03607541497348068,0.11697314788431122,1.4625971355369503,1.9768767322411562,2.2821743698207703e-06
7964.320000000001,True,forward,pilot_free_der_m,,,0.018274955976213356,0.999488569760254,True,1,True,1,,True,0.844102866978855,0.6835949705030226,0.9999999999999999,265182.1477076265,0.0360671269147419,0.1168990102413498,1.462854531045117,1.9774547374224865,2.2814208812729057e-06
7966.820000000001,True,forward,pilot_free_der_m,,,0.018292450067300018,0.9994876123146031,True,1,True,1,,True,0.8441591226044688,0.6834808637977121,0.9999999999999999,265178.83543154085,0.03605981960336322,0.11682295307313356,1.4630987536996602,1.9780403967268578,2.2807117083246077e-06
7969.420000000001,True,forward,pilot_free_der_m,,,0.0182978777050454,0.9994873424659302,True,1,True,1,,True,0.8442222240903864,0.6833720830933571,0.9999999999999999,265175.7067910897,0.036053310394396194,0.11674243131205489,1.4633316530482086,1.978621098020861,2.280035256848613e-06
7972.019999999999,True,forward,pilot_free_der_m,,,0.018303956768469916,0.9994870361567709,True,1,True,1,,True,0.8442825634841308,0.6832684847344873,0.9999999999999911,265165.8177043493,0.036045953275702626,0.1166675449699143,1.463553525944612,1.9791748783732783,2.2794503086428456e-06
7974.62,True,forward,pilot_free_der_m,,,0.01830963446865393,0.999486750704879,True,1,True,1,,True,0.8443406195598122,0.6831553936804485,0.9999999999998992,265162.22923517344,0.03603785720289538,0.11659109817907926,1.4637958058304628,1.9797612754612286,2.278749662322215e-06
7977.12,True,forward,pilot_free_der_m,,,0.018311124084820028,0.9994867020375008,True,1,True,1,,True,0.8444030708538094,0.6830571770512147,0.9999999999999503,265154.16001136525,0.036031250389748574,0.11651788084554651,1.4640062846817457,1.9802989169884884,2.278183609575464e-06
7979.920000000001,True,forward,pilot_free_der_m,,,0.01831310664773294,0.9994866335211061,True,1,True,1,,True,0.8444748192697463,0.6829514249693729,0.9999999999999999,265130.32900286565,0.03602200545564032,0.11644268124323814,1.464232979739145,1.9808885510590377,2.2777040700836894e-06
7982.420000000001,True,forward,pilot_free_der_m,,,0.01831934739822508,0.9994863247525261,True,1,True,1,,True,0.8445592711905442,0.6828735242837181,0.9999999999999721,265135.46096574585,0.03602127816607567,0.11635731292650114,1.4644000161653585,1.9813971493871743,2.277155837577294e-06
7985.22,True,forward,pilot_free_der_m,,,0.018337009743882353,0.9994853813010337,True,1,True,1,,True,0.8446339883218371,0.6827754440254096,0.9999999999999999,265139.56647945853,0.03601819836701662,0.11626553231906761,1.4646103762964047,1.9819634949256628,2.27648576635596e-06
7987.820000000001,True,forward,pilot_free_der_m,,,0.01836648304417356,0.999483770836044,True,1,True,1,,True,0.8447169394915806,0.6827090991605841,0.9999999999999999,265136.70103649754,0.03601850012492728,0.1161812523651788,1.4647527054048886,1.982422746437414,2.2760809057583285e-06
7990.519999999999,True,forward,pilot_free_der_m,,,0.018381596931914247,0.9994829681113726,True,1,True,1,,True,0.8447992746701097,0.682630152523218,0.9999999999318993,265133.50155245943,0.036016902957092735,0.11609453576721315,1.4649221049430374,1.982930927084309,2.2755972754635174e-06
7993.019999999999,True,forward,pilot_free_der_m,,,0.018416305716182357,0.9994810577542702,True,1,True,1,,True,0.8448790972426479,0.6825532149420114,0.9999999999999999,265143.05560684414,0.03601694962709139,0.11600697251259973,1.465087231454852,1.9834253157059014,2.275017148918921e-06
7995.420000000001,True,forward,pilot_free_der_m,,,0.018439864067794368,0.9994797715801319,True,1,True,1,,True,0.8449606282742509,0.6824664149899504,0.9999999999999999,265173.2370192744,0.03601870416299791,0.11591014936017957,1.4652735695641892,1.983963206716997,2.2741962275626397e-06
7998.22,True,forward,pilot_free_der_m,,,0.018441360905068042,0.9994797356126948,True,1,True,1,,True,0.8450376350712463,0.6823767168658245,0.9999999999999977,265170.51581799815,0.03601488472236467,0.11582500613718247,1.4654661791407917,1.984502190525208,2.2736387375975893e-06
8000.820000000001,True,forward,pilot_free_der_m,,,0.0184758075269399,0.9994778338567435,True,1,True,1,,True,0.8451266157760277,0.682258668781241,0.9999999999400259,265224.70463144913,0.03601560730493387,0.11571272658940095,1.4657197419365664,1.9851827051301634,2.272409841946296e-06
8003.420000000001,True,forward,pilot_free_der_m,,,0.01849796736792481,0.9994766217510394,True,1,True,1,,True,0.8451767667730045,0.6821347425816294,0.9999999999999999,265256.4693307385,0.03600961988505579,0.11562529165768859,1.465986025305451,1.9857957219566793,2.2713352521597036e-06
8006.019999999999,True,forward,pilot_free_der_m,,,0.018526990703837995,0.9994750167991777,True,1,True,1,,True,0.8452401438732058,0.6820451261213673,0.9999999999999253,265259.82566324325,0.036006187469630684,0.11554307790829603,1.4661786466926225,1.9863028653188795,2.2707261326597036e-06
8013.920000000001,True,forward,pilot_free_der_m,,,0.018618983264493374,0.9994699097949015,True,1,True,1,,True,0.8454415980379445,0.6817193811186726,0.9999999999999999,265334.09531768266,0.035998763048160215,0.11525278139626398,1.4668792287510475,1.9880794214722055,2.2679808836554383e-06
8021.62,True,forward,pilot_free_der_m,,,0.01870228359978978,0.9994651714146392,True,1,True,1,,True,0.8452380127682815,0.681641214856668,0.9999999999999999,265256.5351268655,0.03593361010925835,0.11545990995216776,1.467047441094469,1.9879134748120033,2.268137504832017e-06
8029.519999999999,True,forward,pilot_free_der_m,,,0.01879154957310114,0.9994600563909822,True,1,True,1,,True,0.8449757116751226,0.6815748219617577,0.9999999998748929,265185.2212150821,0.035861823649729625,0.11571999037558464,1.4671903474905674,1.9875622136221816,2.2683170589077036e-06
8032.12,True,forward,pilot_free_der_m,,,0.018779111680257997,0.999460704943822,True,1,True,1,,True,0.8448953665370083,0.6816135523288218,0.9999999999999999,265149.3711778656,0.035861429826693436,0.11577515194254695,1.4671069795830338,1.9872182701999455,2.2688748618937233e-06
8034.62,True,forward,pilot_free_der_m,,,0.018766697916545762,0.9994613530265941,True,1,True,1,,True,0.8448163047695882,0.6816252305863919,0.9999999999999999,265126.44659135974,0.03585919675087744,0.11582051857527202,1.4670818436983546,1.9869855990330796,2.2691467644671122e-06
8037.019999999999,True,forward,pilot_free_der_m,,,0.018751759301574158,0.999462081943712,True,1,True,1,,True,0.8447326682395184,0.6816566615018029,0.9999999999597118,265116.3737217883,0.035875460185042965,0.11583037118069969,1.467014197083537,1.986663176903515,2.269436775213869e-06
8039.62,True,forward,pilot_free_der_m,,,0.018766495556868157,0.9994611119663622,True,1,True,1,,True,0.8446311525998922,0.6816848777112148,0.9999999999999999,265097.7784091844,0.035888073230464085,0.11585339815254285,1.4669534746869277,1.986311598349146,2.2697789223628793e-06
8042.22,True,forward,pilot_free_der_m,,,0.018773977524270336,0.9994605747437411,True,1,True,1,,True,0.8445319259451501,0.6816943014744418,0.9999999999999478,265073.30629285885,0.03589094796960714,0.1158934784423397,1.4669331954763891,1.986040570205363,2.2700495818884453e-06
8044.72,True,forward,pilot_free_der_m,,,0.018781344251564115,0.9994600454897338,True,1,True,1,,True,0.8444322635426379,0.6817018509490341,0.999999999956572,265046.524014031,0.0358939953818408,0.115931376921035,1.4669169499311432,1.9857760197240797,2.2703279240461207e-06
8047.420000000001,True,forward,pilot_free_der_m,,,0.018813681882136016,0.99945804705851,True,1,True,1,,True,0.8443291611610284,0.6816883388063477,0.9999999999999993,265026.5890828257,0.03589901579656804,0.11595962727815494,1.4669460266124295,1.9855875729745138,2.270411059941484e-06
8050.22,True,forward,pilot_free_der_m,,,0.018847541277587226,0.9994559515205157,True,1,True,1,,True,0.8441894581019486,0.6816577779720787,0.9999999999999999,264997.55906330585,0.03589888412866984,0.11600158287059828,1.4670117943566703,1.9853811794604697,2.2704615449963305e-06
8052.62,True,forward,pilot_free_der_m,,,0.018875795568931274,0.9994541947577277,True,1,True,1,,True,0.8440881249650246,0.6816379056141554,0.9999999999999999,264970.586408757,0.03589956786589166,0.11603627474118564,1.4670545633740841,1.9852222817548297,2.270563745500098e-06
8055.12,True,forward,pilot_free_der_m,,,0.01890742380576414,0.9994522324628362,True,1,True,1,,True,0.8439775712863601,0.6816103206974045,0.9999999999999999,264942.3348034989,0.03589922344064912,0.11607308334938092,1.467113935388813,1.9850725039474764,2.2706268817070382e-06
8057.920000000001,True,forward,pilot_free_der_m,,,0.018943207737518557,0.9994500090331258,True,1,True,1,,True,0.8438523349721683,0.6815788584258073,0.9999999999419116,264906.42347902333,0.03589784066858127,0.11611733393738079,1.4671816585560447,1.9849036630586154,2.2707305184131476e-06
8060.320000000001,True,forward,pilot_free_der_m,,,0.018969684404971387,0.9994483410526476,True,1,True,1,,True,0.8437296351864667,0.6815345769288558,0.9999999999487725,264877.29097535304,0.0358940231859502,0.11615684331284944,1.467276986084832,1.984791985719924,2.2706928518635985e-06
8062.920000000001,True,forward,pilot_free_der_m,,,0.018995406565874284,0.9994467028166694,True,1,True,1,,True,0.843625321622789,0.6815080642067659,0.9999999999999762,264856.36601180845,0.035895771691532276,0.1161885861117771,1.4673340676664122,1.9846525319291985,2.270700142419632e-06
8065.519999999999,True,forward,pilot_free_der_m,,,0.01901678290856677,0.9994453150267514,True,1,True,1,,True,0.8434920711140126,0.6814486517748306,0.9999999999441318,264832.8217419772,0.03589055504808619,0.116228795020948,1.467461997818376,1.9845764321989006,2.2705162841063796e-06
8068.019999999999,True,forward,pilot_free_der_m,,,0.019043140507191296,0.9994436395774573,True,1,True,1,,True,0.8433767610152831,0.6814116218802942,0.9999999999999999,264794.6020647483,0.035887043814232474,0.11627173739854736,1.4675417440644607,1.9844530762923287,2.2706035395203033e-06
8070.519999999999,True,forward,pilot_free_der_m,,,0.019060291342178085,0.9994424999247026,True,1,True,1,,True,0.8432573745817777,0.6813657813410468,0.9999999999483459,264765.8659065896,0.03588357986329416,0.11631042570953691,1.467640476426878,1.9843553036318584,2.2705522494304357e-06
8073.019999999999,True,forward,pilot_free_der_m,,,0.01908151568427847,0.999441120326157,True,1,True,1,,True,0.8431449642833986,0.6813340984323811,0.9999999999999999,264721.99342496344,0.035879542615059414,0.11635708740581184,1.4677087236655377,1.9842173544018191,2.2707227268584304e-06
8075.72,True,forward,pilot_free_der_m,,,0.01911651051610923,0.9994389201970713,True,1,True,1,,True,0.8430125612024794,0.6812913384985906,0.9999999999999999,264686.61043564405,0.035876407797647475,0.11640054494559723,1.4678008415662085,1.984076581035731,2.2707484407276103e-06
8078.420000000001,True,forward,pilot_free_der_m,,,0.019141052464629497,0.999437330542672,True,1,True,1,,True,0.8428829831855958,0.6812666163421616,0.9999999999455474,264639.82928656106,0.03587457536162263,0.11644881135692485,1.4678541058047445,1.9838703656972538,2.270989178765862e-06
8080.920000000001,True,forward,pilot_free_der_m,,,0.01916838329597175,0.9994355859796454,True,1,True,1,,True,0.8427676146542559,0.6812386546626952,0.9999999999999999,264602.20893760974,0.0358733777834147,0.11648783696566746,1.4679143544711721,1.9837105121848557,2.271130305847162e-06
8083.72,True,forward,pilot_free_der_m,,,0.01919689307068787,0.9994337533999383,True,1,True,1,,True,0.8426467295376003,0.6812039845696389,0.9999999999999999,264549.0404870512,0.035868787421322365,0.11653960957378691,1.4679890644382612,1.9835644448432352,2.271361336056605e-06
8091.22,True,forward,pilot_free_der_m,,,0.01927484550706992,0.9994287338607217,True,1,True,1,,True,0.842303609482071,0.6811067668627541,0.9999999998385016,264445.6315211746,0.035862582403358045,0.11666023483207988,1.4681985974748155,1.9831449465353894,2.2716171390195288e-06
8099.22,True,forward,pilot_free_der_m,,,0.01936716777828606,0.9994228897865958,True,1,True,1,,True,0.8422460377658979,0.6808586964716503,0.9999999999580156,264411.1749332525,0.035898937774310226,0.11643856201167715,1.4687335347851487,1.9840003260222514,2.2702988810974848e-06
8107.019999999999,True,forward,pilot_free_der_m,,,0.019460554570794826,0.9994169725295797,True,1,True,1,,True,0.8422517861126,0.6805632091592277,0.9999999999999999,264414.20761736913,0.03594218091494107,0.11614410243421137,1.4693712303893218,1.985195032631303,2.268349278652417e-06
8109.72,True,forward,pilot_free_der_m,,,0.019522681587804555,0.9994131771588811,True,1,True,1,,True,0.8422517112615896,0.6804159484360248,0.9999999999753377,264418.00185154786,0.03593893254943153,0.1160677372421935,1.4696892426961703,1.9857838420365317,2.267357803348809e-06
8112.320000000001,True,forward,pilot_free_der_m,,,0.019314290933822864,0.9994251133254605,True,1,True,1,,True,0.8423100696222612,0.6806427242798234,0.9999999999999999,264450.6924407634,0.036106813779287796,0.11571922872888106,1.469199573180016,1.9850144479345255,2.268553962483529e-06
8115.019999999999,True,forward,pilot_free_der_m,,,0.019117362638109963,0.9994363233644108,True,1,True,1,,True,0.8423569935713534,0.6808258415043839,0.9999999999999999,264489.7822890311,0.03625839981967818,0.11539042392298611,1.4688044122860469,1.984392999271411,2.2694103614483464e-06
8117.519999999999,True,forward,pilot_free_der_m,,,0.018885323701428522,0.9994494857295544,True,1,True,1,,True,0.8424175577751623,0.681031745657873,0.9999999999997679,264538.3202853,0.03641468357278555,0.11505891545566518,1.468360331769517,1.9837128999537046,2.2703333160500264e-06
8120.019999999999,True,forward,pilot_free_der_m,,,0.018654672620782752,0.9994624130241995,True,1,True,1,,True,0.8424674670800807,0.6812644176669973,0.9999999999999999,264556.57507185056,0.03657260010799448,0.11474171010265702,1.4678588431559636,1.9829011555531184,2.271689550037391e-06
8122.62,True,forward,pilot_free_der_m,,,0.018424228878392162,0.9994751674724923,True,1,True,1,,True,0.8425505024546986,0.681494813178434,0.99999999999973,264613.24767945864,0.03674221811121257,0.11438627408702211,1.4673625986026435,1.982176870116608,2.272700290825933e-06
8125.22,True,forward,pilot_free_der_m,,,0.018196426916225063,0.9994876373219979,True,1,True,1,,True,0.8426013416121657,0.6817356061471008,0.9999999999999997,264637.1299454416,0.036907426583711316,0.11405538416729165,1.4668443176257184,1.9813357638517062,2.274059363685017e-06
8128.019999999999,True,forward,pilot_free_der_m,,,0.017960685370962678,0.9995003789583338,True,1,True,1,,True,0.8426859302866934,0.6819933300511858,0.9999999999999999,264685.6416523387,0.03708944408797477,0.11368301319476101,1.4662900001161987,1.9805069604276841,2.27531582420485e-06
8130.420000000001,True,forward,pilot_free_der_m,,,0.017766822996648,0.9995107321457695,True,1,True,1,,True,0.8427487090359264,0.6822228293358169,0.9999999999999997,264713.97164065286,0.03724375633663884,0.11337604535325926,1.465796741181407,1.979739845801969,2.276561642426759e-06
8132.820000000001,True,forward,pilot_free_der_m,,,0.017574203104542153,0.9995209209849397,True,1,True,1,,True,0.8428229440913584,0.6824439787425377,0.9999999999999999,264758.65512892307,0.037399873530300685,0.11305839244224408,1.4653217423686362,1.9790332826384758,2.277611857940199e-06
8135.420000000001,True,forward,pilot_free_der_m,,,0.017373756246796,0.9995314034241637,True,1,True,1,,True,0.842887575734745,0.6826808868343808,0.9999999999999999,264798.7384787517,0.0375670131959264,0.1127230129215308,1.464813237465957,1.9782417959613048,2.2788029976464203e-06
8137.920000000001,True,forward,pilot_free_der_m,,,0.017191286513247174,0.999540835747634,True,1,True,1,,True,0.8429683151613298,0.6829223587379353,0.9999999999995683,264841.65758527745,0.03773096016078646,0.11239642639533094,1.464295299757946,1.9774703649804648,2.279998407760585e-06
8140.72,True,forward,pilot_free_der_m,,,0.016999749129457134,0.999550618620388,True,1,True,1,,True,0.8430501218692906,0.6831848817284953,0.9999999999999999,264881.0374962207,0.037911586611840985,0.11203841611878912,1.4637326245714701,1.9766181433953525,2.2813596798991e-06
8143.320000000001,True,forward,pilot_free_der_m,,,0.01682973941701704,0.999559206353892,True,1,True,1,,True,0.8431205103331335,0.6834299113407493,0.9999999999999999,264921.84001315525,0.03808043066467229,0.11170594729013376,1.4632078336141376,1.9758091738896602,2.282594428432208e-06
8146.019999999999,True,forward,pilot_free_der_m,,,0.01666486297617754,0.9995674396460802,True,1,True,1,,True,0.8431951875359912,0.6836714126535167,0.9999999999999999,264962.21054287325,0.03825298830154086,0.11136331458207437,1.4626909674615836,1.9750247082470356,2.2838091341201456e-06
8148.420000000001,True,forward,pilot_free_der_m,,,0.016525957708318162,0.9995743057742354,True,1,True,1,,True,0.8432758090287532,0.6839128054126954,0.9999999999999999,264994.01578124426,0.038410427777280515,0.11106026046001725,1.4621746984201693,1.9742550099548284,2.285096078871428e-06
8150.920000000001,True,forward,pilot_free_der_m,,,0.01639501400488813,0.9995807031752704,True,1,True,1,,True,0.8433456491761092,0.6841307813054183,0.9999999999999999,265040.2472983721,0.03857118814889714,0.11073983070002712,1.4617088242862841,1.973553398492429,2.2861063887187823e-06
8153.420000000001,True,forward,pilot_free_der_m,,,0.016279333899953185,0.9995862829152747,True,1,True,1,,True,0.8434197543694926,0.6843725586302295,0.9999999999999999,265063.73050356406,0.038731681831609036,0.11043321523639824,1.4611924271211256,1.9727677080204742,2.28746593783721e-06
8156.019999999999,True,forward,pilot_free_der_m,,,0.01615632884778796,0.9995921885679169,True,1,True,1,,True,0.8435012508576669,0.6846138386704793,0.9999999999992047,265103.3424260619,0.03890013610226155,0.11010490311520377,1.4606774556897735,1.972001689581296,2.288682235098799e-06
8158.72,True,forward,pilot_free_der_m,,,0.01604953185392363,0.9995972338464777,True,1,True,1,,True,0.8435874916042677,0.6848689472637948,0.9999999999989605,265132.8268755339,0.039075118477256164,0.10976663430974234,1.460133364192062,1.9711923766694226,2.2900743313808748e-06
8161.320000000001,True,forward,pilot_free_der_m,,,0.01595425843360473,0.9996016912742799,True,1,True,1,,True,0.8436805693201063,0.6851157202902625,0.9999999999999999,265176.06245971564,0.03924409609543448,0.10944211311316517,1.4596074362099452,1.970432483587468,2.291292913397449e-06
8169.019999999999,True,forward,pilot_free_der_m,,,0.01573733155767764,0.9996115601445151,True,1,True,1,,True,0.8439382658216156,0.685793144325057,0.9999999999999999,265303.78742736246,0.03973728394373865,0.10848529216074537,1.4581656411630923,1.9683536159815356,2.2945549172201945e-06
8176.920000000001,True,forward,pilot_free_der_m,,,0.015611471695801848,0.999616798171969,True,1,True,1,,True,0.8438887168384063,0.6866552009704461,0.9999999999999994,265321.7090817419,0.04018667548886694,0.10789673801102975,1.456334996933985,1.964833549939884,2.299948087366748e-06
8184.820000000001,True,forward,pilot_free_der_m,,,0.015589082522774984,0.9996169250873497,True,1,True,1,,True,0.8436844681834582,0.6875839766709629,0.9999999997892046,265292.8897946715,0.04060333162417273,0.10750762878595795,1.4543678062872392,1.9606992024068635,2.3061682514437514e-06
8187.420000000001,True,forward,pilot_free_der_m,,,0.015604917129289856,0.9996158280121024,True,1,True,1,,True,0.8436152329171577,0.6879078844991755,0.9999999999999999,265261.3656134198,0.04073881334375636,0.10739399956082817,1.4536830039795807,1.9592644339965075,2.308522765864813e-06
8189.920000000001,True,forward,pilot_free_der_m,,,0.015615443150852604,0.9996151013535876,True,1,True,1,,True,0.8435347699487349,0.6880920365815284,0.9999999999999999,265250.89336654416,0.040816673737236846,0.10734725184634886,1.4532939590000837,1.958353861208887,2.30979630839531e-06
8192.72,True,forward,pilot_free_der_m,,,0.015593192155649275,0.9996159203190766,True,1,True,1,,True,0.8434321233255165,0.6883129035626824,0.9999999999999999,265227.97922251775,0.0409161879931551,0.10728035833264503,1.452827623634595,1.9572481195534106,2.3114136956900433e-06
8195.119999999999,True,forward,pilot_free_der_m,,,0.015605788321895133,0.9996150767689089,True,1,True,1,,True,0.8433323942325762,0.688486911822808,0.9999999999961419,265195.97478587006,0.040990431449740725,0.10724493577236198,1.4524604358107338,1.9563337093264213,2.3128094777985175e-06
8197.72,True,forward,pilot_free_der_m,,,0.015644204992271746,0.9996129417054478,True,1,True,1,,True,0.8432305013190413,0.688654548762569,0.9999999999950075,265172.8333290886,0.041068029690259904,0.1072020207414833,1.4521068680834093,1.9554397311340495,2.3140870775196852e-06
8200.32,True,forward,pilot_free_der_m,,,0.015685724684570742,0.9996106544377561,True,1,True,1,,True,0.8431309967714434,0.6888218833327808,0.9999999999937357,265141.1561863505,0.04114116556004426,0.10716912586222536,1.4517541097204365,1.9545529122687564,2.3154372296560267e-06
8202.92,True,forward,pilot_free_der_m,,,0.015695177593809125,0.9996099790548097,True,1,True,1,,True,0.8430536773799437,0.6890141730146022,0.999999999995008,265125.7098344791,0.041216990188846836,0.10713109873071597,1.4513489550146237,1.9536201704435827,2.3168056717073753e-06
8205.619999999999,True,forward,pilot_free_der_m,,,0.015709271353415055,0.9996090642694272,True,1,True,1,,True,0.8429662875875604,0.6892315528738703,0.9999999999999999,265086.19036766945,0.041293746893696914,0.10710687187932873,1.4508912075054121,1.9525663726896367,2.318545343012212e-06
8208.119999999999,True,forward,pilot_free_der_m,,,0.015725407239781317,0.9996080629796252,True,1,True,1,,True,0.8428856122053696,0.6894323525158147,0.9999999999998969,265050.67573316436,0.041364713703746905,0.10708393217359988,1.4504686302445577,1.951593636251443,2.320143710915912e-06
8210.72,True,forward,pilot_free_der_m,,,0.015750077202928932,0.9996066242735746,True,1,True,1,,True,0.8428020732139506,0.6896228509559221,0.9999999999999998,265042.76891747396,0.04144164770940179,0.1070429136842725,1.45006795905015,1.9506551022814707,2.3214342454618256e-06
8213.32,True,forward,pilot_free_der_m,,,0.015776271441606978,0.9996051074378692,True,1,True,1,,True,0.8427208660463081,0.6898174678815789,0.999999999999978,265015.29237387836,0.0415148200145845,0.10701333667906021,1.4496588540602862,1.9497063731915276,2.322922422168589e-06
8215.82,True,forward,pilot_free_der_m,,,0.015804959885063558,0.9996034700876371,True,1,True,1,,True,0.8426415117290025,0.6900186228611713,0.9999999999999462,264988.54605630995,0.041587550050515086,0.10698572048410776,1.4492362479340528,1.9487369125993244,2.3244460317623084e-06
8218.42,True,forward,pilot_free_der_m,,,0.01584104504877983,0.9996014491314638,True,1,True,1,,True,0.8425620678986196,0.6902221280224496,0.9999999999870393,264961.76633425057,0.041662212835182164,0.10695613362734328,1.4488089549550258,1.947758617737655,2.3259849084079083e-06
8221.019999999999,True,forward,pilot_free_der_m,,,0.01588761158955525,0.9995988936936171,True,1,True,1,,True,0.8424850953295308,0.6904382190373484,0.9999999999999905,264933.7187773066,0.04173874669829877,0.10692723450119145,1.448355511654978,1.9467374932283095,2.3276154483035267e-06
8223.619999999999,True,forward,pilot_free_der_m,,,0.015923595078604875,0.9995968652840247,True,1,True,1,,True,0.8424122591491596,0.6906332664933352,0.9999999999999717,264928.05953616666,0.04181613987117762,0.1068849251249592,1.44794646958933,1.9458085754871761,2.3289142985882367e-06
8226.119999999999,True,forward,pilot_free_der_m,,,0.015978963025276575,0.9995938544063079,True,1,True,1,,True,0.8423329902874159,0.6908377727093705,0.9999999999988729,264899.76218309486,0.04188849066259044,0.10685949200887629,1.447517839212831,1.944828455717837,2.330472529946354e-06
8228.619999999999,True,forward,pilot_free_der_m,,,0.01601656246879148,0.9995917373415018,True,1,True,1,,True,0.8422529453042314,0.6910135363349295,0.9999999999999999,264898.589808165,0.04196115190734441,0.10681967447655301,1.4471496539762527,1.9439590307205008,2.331607937306477e-06
8231.119999999999,True,forward,pilot_free_der_m,,,0.01603227535420386,0.9995907314410125,True,1,True,1,,True,0.8421806967049039,0.6911863008551105,0.999999999997994,264899.5800552466,0.04203305988925224,0.10678009326142288,1.4467879336740768,1.9431196997783382,2.332704821082216e-06
8233.72,True,forward,pilot_free_der_m,,,0.01609137019025566,0.9995874935170818,True,1,True,1,,True,0.8420951578379553,0.6913533128076724,0.9999999999999999,264909.4152458497,0.04210661518248098,0.10673876708329838,1.446438429489655,1.9422725014423616,2.333686687439974e-06
8236.42,True,forward,pilot_free_der_m,,,0.01613775522534248,0.999584883844232,True,1,True,1,,True,0.8420968614930192,0.6913367120946278,0.9999992903136127,264909.41524637945,0.042112173407691245,0.1067780903015821,1.4464721355297219,1.942341551017343,2.3335826580517605e-06
8239.019999999999,True,forward,pilot_free_der_m,,,0.016186786163429005,0.9995821339700041,True,1,True,1,,True,0.8418778359686239,0.6916848573380014,0.9999999964732137,264908.9168874826,0.04224979881370238,0.10667479733756378,1.4457451046735144,1.9404823671022835,2.3358113723693507e-06
8246.519999999999,True,forward,pilot_free_der_m,,,0.016352475884969356,0.9995728786861722,False,0,True,0,,True,0.841691248529444,0.6922633897762603,0.9986157982797053,264900.6081321378,0.04252035775132304,0.10632287677867912,1.442537353596668,1.9388589474195623,2.3438110323783037e-06
8254.42,True,forward,pilot_free_der_m,,,0.016549129904141816,0.9995618815957968,False,0,True,0,,True,0.8420782919606539,0.6931002757754745,0.9921040992921376,264870.8005922937,0.04306496033273791,0.10483476326596186,1.4314005259659188,1.9414966661703859,2.3695149538802776e-06
8262.32,True,forward,pilot_free_der_m,,,0.016763485577265237,0.9995498047066828,False,0,True,0,,True,0.8425004943953068,0.6937799173919029,0.9865896750971904,264913.67068863724,0.04359221267727397,0.10337255315090607,1.4220499186630173,1.944115224770115,2.3907413409465583e-06
8265.019999999999,True,forward,pilot_free_der_m,,,0.01686281046338524,0.9995441943066272,False,0,True,0,,True,0.842623866573101,0.6940488920237001,0.9850652934772048,264901.88027077116,0.04377133653892363,0.10293375181869165,1.4193024508762808,1.9445497087087826,2.3973836538416865e-06
8267.519999999999,True,forward,pilot_free_der_m,,,0.016676755353631983,0.9995543913217522,False,0,True,0,,True,0.8424500161543801,0.6936768696669787,0.9864505804421114,264947.1749060914,0.04360312356490366,0.10328803811417718,1.422060650394308,1.9445059641577658,2.390216563521278e-06
8270.019999999999,True,forward,pilot_free_der_m,,,0.016507143347478104,0.9995636120002699,False,0,True,0,,True,0.842189603467606,0.6932882126508251,0.9892253415197426,264940.2470082275,0.04336609059919864,0.10393846532956871,1.4268601765741638,1.943251789502037,2.3790754138055998e-06
8272.619999999999,True,forward,pilot_free_der_m,,,0.016334518666897682,0.9995728983460224,False,0,True,0,,True,0.8420630356908132,0.6929798982726358,0.9902662882137013,264948.11921481794,0.043214017297797454,0.10424473146867168,1.428997133512963,1.9433476286499318,2.373776187873915e-06
8275.119999999999,True,forward,pilot_free_der_m,,,0.016153802489112756,0.9995824869011447,False,0,True,0,,True,0.8416753980731918,0.6924875731495387,0.9941566810908619,264938.1781700533,0.04291562151949472,0.10511862230094095,1.4356310779257544,1.941362637568529,2.358627247978158e-06
8277.82,True,forward,pilot_free_der_m,,,0.015959710134894254,0.9995926571950533,False,0,True,0,,True,0.8414391373811962,0.6920580296629364,0.996813512889382,264989.05014305207,0.042690955064285774,0.10570695402401206,1.440361169387595,1.940449198103361,2.3472398989516824e-06
8280.32,True,forward,pilot_free_der_m,,,0.015814067044555985,0.9996002137854755,True,1,True,1,,True,0.8411217834048755,0.6916219914009163,0.9999821625612514,264971.45124760893,0.04244304937245717,0.10641696275772236,1.4458507320389502,1.938997335013914,2.3349126035448607e-06
8283.22,True,forward,pilot_free_der_m,,,0.01565283263917251,0.9996085023977042,True,1,True,1,,True,0.8410231459273634,0.6913141136847761,0.9999999710900294,264930.6017050761,0.042313449869113486,0.10658712236673616,1.4465204041038964,1.9399522574075214,2.333249415911729e-06
8285.619999999999,True,forward,pilot_free_der_m,,,0.015528213963862293,0.9996148564284767,True,1,True,1,,True,0.8409499082327603,0.6910448660614328,0.9999999995613761,264919.0532916033,0.04220885846072448,0.10671221597094888,1.4470840442832806,1.9408297497394764,2.331628335331166e-06
8288.119999999999,True,forward,pilot_free_der_m,,,0.015407579046354725,0.9996209661811977,True,1,True,1,,True,0.8408528706940139,0.6907704652217699,0.9999999999910719,264874.6419828496,0.04209398383374243,0.10686465564809056,1.4476588828534016,1.9416728796373741,2.330262582518662e-06
8290.619999999999,True,forward,pilot_free_der_m,,,0.015296108940256764,0.9996265773152233,True,1,True,1,,True,0.8407846741787623,0.690507212301131,0.9999999999981314,264853.5208889557,0.041985917933181856,0.10700081235943307,1.4482107966195004,1.9425397439733298,2.328762267628809e-06
8293.119999999999,True,forward,pilot_free_der_m,,,0.015192188751868434,0.9996317783777335,True,1,True,1,,True,0.840690698058254,0.6902188084531677,0.999999999997798,264826.41666456073,0.04187206459970788,0.10714441660357792,1.4488159229373554,1.943445483480996,2.3271524143677625e-06
8295.72,True,forward,pilot_free_der_m,,,0.015088413521198126,0.9996369398404651,True,1,True,1,,True,0.8406020214489339,0.6899131066780014,0.9999999999999999,264808.75163123506,0.0417547100593884,0.10728735871432198,1.449457895958952,1.94443146137454,2.325347601289133e-06
8298.32,True,forward,pilot_free_der_m,,,0.01498736182735866,0.9996419331068032,True,1,True,1,,True,0.8405043038570138,0.689602832177415,0.9999999999981475,264779.36132035236,0.041634291474959756,0.10743812734711594,1.4501100536966416,1.9454150137865531,2.323615197660226e-06
8301.019999999999,True,forward,pilot_free_der_m,,,0.014906694853584732,0.9996459282998171,True,1,True,1,,True,0.8404091247601438,0.6892886041136339,0.9999999999999999,264745.94823393103,0.041508997987719586,0.1075987753654565,1.4507711197197497,1.9464205403554828,2.3218913781891514e-06
8303.519999999999,True,forward,pilot_free_der_m,,,0.014826215821967565,0.9996498801210842,True,1,True,1,,True,0.8403236179110654,0.6889974320313237,0.9999999999999999,264713.7179636364,0.0413926207345701,0.10774837850854099,1.4513842193167088,1.9473591388390006,2.3203039262318097e-06
8306.22,True,forward,pilot_free_der_m,,,0.014766171296321405,0.9996528599490794,True,1,True,1,,True,0.840221620852283,0.688694510963215,0.999999999999999,264661.11375297874,0.0412659250284968,0.1079199516654229,1.4520226081102185,1.9483060150358973,2.3188182434567345e-06
8308.92,True,forward,pilot_free_der_m,,,0.014740504658201795,0.9996542161440672,True,1,True,1,,True,0.8401232177309959,0.6883832141633771,0.9999999999995135,264604.84428822884,0.041136871059517945,0.10809288400843431,1.452679233637122,1.949294598991586,2.3173093091633584e-06
8311.519999999999,True,forward,pilot_free_der_m,,,0.014703819009387796,0.9996560805117662,True,1,True,1,,True,0.8400402051302996,0.6881105096285118,0.9999999999999999,264552.1189702827,0.04101801620220034,0.10825631819164201,1.4532549438023652,1.9501685867763194,2.3160161927015756e-06
8314.019999999999,True,forward,pilot_free_der_m,,,0.01469296468901445,0.9996567300098096,True,1,True,1,,True,0.8399676817647005,0.6878554705966982,0.9999999999999999,264492.1790858398,0.040903844786531016,0.10841460481670327,1.4537937731781414,1.9509983066648533,2.314898764626834e-06
8316.619999999999,True,forward,pilot_free_der_m,,,0.014688425726346953,0.9996570913489308,True,1,True,1,,True,0.8398877464956018,0.6875645822250054,0.9999999999997848,264442.85066663753,0.04078178474833883,0.10857869983892564,1.4544088306057263,1.9519516974133868,2.313456333295922e-06
8324.42,True,forward,pilot_free_der_m,,,0.01473632592009711,0.9996553057463017,True,1,True,1,,True,0.8396552063873558,0.6866981659010106,0.9999999999999977,264294.3314794459,0.04041536834928195,0.10907648061641444,1.4562438778147986,1.954807994581986,2.309165966247587e-06
8332.119999999999,True,forward,pilot_free_der_m,,,0.0148734514426779,0.9996493150673639,True,1,True,1,,True,0.8393677862420973,0.6858556798738943,0.9999999999999999,264127.66788002703,0.04004012447954423,0.10963921085482158,1.4580326872613583,1.9574477930395897,2.305176747844567e-06
8340.019999999999,True,forward,pilot_free_der_m,,,0.01510571254790024,0.9996387641864143,True,1,True,1,,True,0.8390873991782886,0.6849839807007961,0.9999999999999999,263956.9268273614,0.03965266331874014,0.11022241734517099,1.4598881553068086,1.9602239049429602,2.3010219648851915e-06
8342.619999999999,True,forward,pilot_free_der_m,,,0.015206089382494764,0.9996341247681825,True,1,True,1,,True,0.8389932910976057,0.6846925597936631,0.9999999999999999,263892.2191783515,0.03951742311431837,0.1104325732831826,1.4605095172954077,1.9611523134724327,2.299696618845579e-06
8345.019999999999,True,forward,pilot_free_der_m,,,0.015317213380303523,0.9996289506363245,True,1,True,1,,True,0.8389032674114953,0.6843747837582032,0.9999999999999999,263839.36454058567,0.03937594583852694,0.11064443605423974,1.461187676302975,1.9621948204684472,2.2980955320034194e-06
8347.42,True,forward,pilot_free_der_m,,,0.015444019871749705,0.999622986788522,True,1,True,1,,True,0.8388057370947064,0.6840615897064948,0.9999999999999999,263775.58618677,0.03923049898167842,0.11086997910001566,1.4618566735037155,1.9632024164891255,2.296617710180576e-06
8350.119999999999,True,forward,pilot_free_der_m,,,0.015583194178288115,0.9996163923935142,True,1,True,1,,True,0.8387230326772579,0.6837055016743357,0.9999999999999999,263731.0229246409,0.039073421529168234,0.11110080481580838,1.4626180388355603,1.9644148664693997,2.2946922828872933e-06
8352.72,True,forward,pilot_free_der_m,,,0.015728882014853084,0.9996094122647982,True,1,True,1,,True,0.8386185442793335,0.6833804685511466,0.9999999999998116,263648.3996472546,0.03891783078316487,0.11134967136272213,1.4633136971560492,1.965454488942682,2.293297968799995e-06
8355.42,True,forward,pilot_free_der_m,,,0.01588164871467552,0.9996020211438491,True,1,True,1,,True,0.8385197706278141,0.6830441708737094,0.9999999999999999,263586.12365800433,0.03876202331939977,0.11159318956151074,1.464034161540182,1.9665528192063084,2.2916515506137044e-06
8358.019999999999,True,forward,pilot_free_der_m,,,0.016033342274996684,0.9995946167923441,True,1,True,1,,True,0.8384293355636024,0.6827140104217414,0.9999999999999999,263533.54225089116,0.03861176295849885,0.11182391714707185,1.4647421683674802,1.9676472487692864,2.2899590199265907e-06
8360.72,True,forward,pilot_free_der_m,,,0.016204085033641152,0.9995861867082191,True,1,True,1,,True,0.8383344802470023,0.6823826716605862,0.9999999999998614,263465.5256971867,0.03845489100431265,0.11207303967458752,1.4654533907878255,1.9687367844352215,2.2883911687685606e-06
8363.119999999999,True,forward,pilot_free_der_m,,,0.016366731705542863,0.9995780658722753,True,1,True,1,,True,0.838248499875852,0.6820773085772076,0.9999999999999999,263413.18471043,0.03831474193545571,0.1122916191336192,1.4661094679809379,1.9697450047236538,2.286854802147458e-06
8365.619999999999,True,forward,pilot_free_der_m,,,0.016543058207440176,0.999569170686879,True,1,True,1,,True,0.8381693834922103,0.6817698161195513,0.9999999999999999,263354.7713724278,0.03816964636134513,0.1125212301774359,1.4667707140391288,1.97077850698031,2.2853557493113084e-06
8368.42,True,forward,pilot_free_der_m,,,0.016753423428475855,0.9995584265373573,True,1,True,1,,True,0.8380846477928502,0.6814233383538716,0.9999999999999044,263291.9088827909,0.03800793015711559,0.11277566512843407,1.4675165109777792,1.971954292935391,2.2836391376560753e-06
8371.22,True,forward,pilot_free_der_m,,,0.016977822355298683,0.9995468104798624,True,1,True,1,,True,0.8379801694164839,0.6810851577973046,0.9999999999999999,263221.4635703527,0.037844074462475924,0.1130445822513418,1.4682451798451999,1.9730515654362333,2.282040551318034e-06
8373.82,True,forward,pilot_free_der_m,,,0.017197686767502707,0.9995352764875325,True,1,True,1,,True,0.8378970525835798,0.6807570032540727,0.9999999999999999,263162.64274119254,0.037690971680269234,0.11328859700123951,1.4689529380085995,1.9741601290383153,2.2804048842011235e-06
8376.519999999999,True,forward,pilot_free_der_m,,,0.01743632325058442,0.9995225897996952,True,1,True,1,,True,0.8378040756612891,0.6804150240321395,0.9999999999999999,263097.3519071524,0.037530920339814075,0.11354665037967258,1.469691239435014,1.9753012931223823,2.278733037974375e-06
8379.019999999999,True,forward,pilot_free_der_m,,,0.017667286169801698,0.9995101447370449,True,1,True,1,,True,0.8377225315584653,0.6801032391369382,0.9999999999999999,263037.93806041137,0.037384074704236436,0.11378454530671564,1.4703650011563183,1.9763500801743028,2.2772061606633186e-06
8381.42,True,forward,pilot_free_der_m,,,0.017895460296384724,0.999497693200932,True,1,True,1,,True,0.8376486707241874,0.6797891705100985,0.9999999999999998,262998.0139343651,0.0372433619776009,0.1140045279247111,1.4710443228297125,1.977426854606127,2.2754940829859713e-06
8384.22,True,forward,pilot_free_der_m,,,0.01817197435127524,0.9994823925461368,True,1,True,1,,True,0.8375539752756329,0.6794305563535249,0.9999999999999999,262925.139084388,0.037074968886128636,0.11428032723484202,1.4718207632093523,1.9786328420178603,2.2737733835233125e-06
8386.82,True,forward,pilot_free_der_m,,,0.018434913602274887,0.9994676335072571,True,1,True,1,,True,0.8374628962074865,0.6791011304138254,0.9999999999999999,262855.5300102784,0.03691943078221827,0.11453775642971392,1.4725347304172909,1.9797318742238814,2.272213886664476e-06
8389.42,True,forward,pilot_free_der_m,,,0.01870156107979669,0.9994524612686065,True,1,True,1,,True,0.8373749918579652,0.6787842304312968,0.9999999999999599,262780.7373350896,0.03676367336662863,0.11480284089250627,1.4732222040051872,1.9807892131007891,2.270779623673646e-06
8391.92,True,forward,pilot_free_der_m,,,0.018964032976638547,0.9994373211290998,True,1,True,1,,True,0.8373028894266027,0.6784462225724815,0.9999999999999999,262736.561359824,0.036613322074057555,0.11504095628092861,1.4739561762290825,1.9819690837154385,2.268940442980345e-06
8394.72,True,forward,pilot_free_der_m,,,0.019267660392274528,0.9994195503260158,True,1,True,1,,True,0.8372051321380352,0.6780855519922518,0.9999999999999999,262660.772602532,0.0364429651391492,0.11532720589307911,1.4747401667266704,1.9831797783030805,2.2672233852865645e-06
8402.32,True,forward,pilot_free_der_m,,,0.020139913343527178,0.9993669769381492,True,1,True,1,,True,0.8369615857042085,0.6770788721100344,0.9999999999999988,262478.2357843611,0.03597968235037669,0.11609577079099291,1.4769328082614952,1.9866338460046316,2.262169303969187e-06
8410.119999999999,True,forward,pilot_free_der_m,,,0.02110054262614092,0.99930645126396,True,1,True,1,,True,0.8366230268317821,0.6760974381297568,0.9999999999999957,262263.9666202703,0.03548711903589824,0.11702112589589374,1.4790767478223685,1.9897685934359488,2.2575387601116127e-06
8418.32,True,forward,pilot_free_der_m,,,0.02217592947231632,0.9992354909810616,True,1,True,1,,True,0.8362424346006538,0.6750100664215987,0.9999999999999999,262024.8224587424,0.03495573985532023,0.11802425106313427,1.4814593881558777,1.9932365450360447,2.252404283106369e-06
8420.72,True,forward,pilot_free_der_m,,,0.02252009877627992,0.9992120763609909,True,1,True,1,,True,0.8361308863382619,0.674681697912887,0.9999999999998476,261951.33455221212,0.034792196135264845,0.11833767682401124,1.4821804164739099,1.9942935123742518,2.2508607122312164e-06
8423.519999999999,True,forward,pilot_free_der_m,,,0.0226165447365824,0.9992053384186352,True,1,True,1,,True,0.8360513885583564,0.6745779184171333,0.9999999999999721,261931.1420515029,0.03475157642156377,0.11842848572040163,1.4824084404458822,1.994522173233092,2.2503464311997217e-06
8426.019999999999,True,forward,pilot_free_der_m,,,0.022698905185128366,0.9991995845915783,True,1,True,1,,True,0.835948007311864,0.6744779834942776,0.9999999999999999,261882.36879083025,0.034706397832255355,0.1185369682348906,1.4826280834539414,1.994678377737748,2.2501030007301536e-06
8428.72,True,forward,pilot_free_der_m,,,0.02279199327232081,0.9991930598697466,True,1,True,1,,True,0.8358926443747116,0.674423809213578,0.9999999999999851,261846.32192606575,0.03466949137033511,0.11863643482315521,1.4827471781668713,1.9947646790760873,2.2500535134468494e-06
8431.32,True,forward,pilot_free_der_m,,,0.02287443535295823,0.9991872756598753,True,1,True,1,,True,0.8358082767022963,0.6743104747599866,0.9999999999999999,261786.35893973353,0.03461511100832862,0.11876232164989309,1.48299639028437,1.995020307133079,2.2498170823199324e-06
8434.019999999999,True,forward,pilot_free_der_m,,,0.022958665398525507,0.999181353601529,True,1,True,1,,True,0.8356892792554937,0.6742016188746249,0.9999999999999994,261728.53202003744,0.034560984089843184,0.11889543710363534,1.4832358333241562,1.9951752360228663,2.249591789112552e-06
8436.619999999999,True,forward,pilot_free_der_m,,,0.02304513018115638,0.9991752384254129,True,1,True,1,,True,0.8356127386058302,0.6740941897226141,0.9999999999770306,261683.49946912008,0.03451124872379381,0.11900988898931958,1.4834722138586076,1.995425794346947,2.2492657834845853e-06
8439.22,True,forward,pilot_free_der_m,,,0.02313188147053271,0.9991690805802993,True,1,True,1,,True,0.8355316994478671,0.6739938381612471,0.9999999999999999,261625.02238103372,0.034459466595691234,0.11913521140434323,1.4836930894326048,1.9956370938323162,2.2491021336878515e-06
8441.72,True,forward,pilot_free_der_m,,,0.023217346353423096,0.99916299322107,True,1,True,1,,True,0.8354538181071361,0.6738855762570108,0.9999999999999999,261612.72261178988,0.034416421310693945,0.11922726675827713,1.48393144954124,1.9958878838467191,2.248488816154878e-06
8444.119999999999,True,forward,pilot_free_der_m,,,0.023301347298708443,0.9991569850304058,True,1,True,1,,True,0.8353720053427611,0.673772707221095,0.9999999999999999,261576.3107048705,0.03436857892915384,0.1193329823234445,1.4841800347247596,1.9961479150972539,2.248051933394835e-06
8446.92,True,forward,pilot_free_der_m,,,0.02339956090683467,0.999149932555241,True,1,True,1,,True,0.8352643107911922,0.6736652945895955,0.9999999999999901,261529.96669975173,0.03431699859347343,0.11945868853317358,1.4844166799615253,1.996324104737585,2.2477364370513387e-06
8449.32,True,forward,pilot_free_der_m,,,0.02348283793307795,0.999143929855126,True,1,True,1,,True,0.8351540111235387,0.6735709087247014,0.99999999997883,261435.15787008737,0.03426168209520857,0.11960401321884818,1.4846246876548899,1.9964414837708422,2.2479239761453892e-06
8452.019999999999,True,forward,pilot_free_der_m,,,0.023575491123724996,0.9991372276187837,True,1,True,1,,True,0.8350909486882416,0.6734515640783973,0.9999999999999748,261421.6338537135,0.034214431100603654,0.11970196590274758,1.484887783085709,1.9967725795368028,2.247246555874665e-06
8454.619999999999,True,forward,pilot_free_der_m,,,0.023665681626797292,0.9991306785139835,True,1,True,1,,True,0.8350019903095396,0.6733220481997821,0.9999999999999999,261402.1354585383,0.034166021550058746,0.11980280173471815,1.4851734065053055,1.9970828979322053,2.246552616063674e-06
8457.42,True,forward,pilot_free_der_m,,,0.02376249645845679,0.9991236218574705,True,1,True,1,,True,0.8348990746382822,0.6731992696412208,0.9999999999754835,261374.0935908531,0.034114791668550644,0.11991897008489172,1.4854442734443696,1.9973326721588505,2.245976665696732e-06
8459.92,True,forward,pilot_free_der_m,,,0.02385168417356928,0.9991170945988187,True,1,True,1,,True,0.8348231364253338,0.6731006973296129,0.9999999999807359,261311.4552329466,0.03406567641736901,0.12003722087027956,1.4856618095153193,1.9975492291454626,2.245858882655004e-06
8462.32,True,forward,pilot_free_der_m,,,0.02393774287192354,0.9991107737095677,True,1,True,1,,True,0.8347124125562212,0.6729876176629838,0.9999999999999823,261246.54213668517,0.03400979677822598,0.1201744551081451,1.4859114399052118,1.997741188536824,2.2456638951224563e-06
8464.92,True,forward,pilot_free_der_m,,,0.024032743181079758,0.9991037694753652,True,1,True,1,,True,0.8346320730958066,0.6728702815938754,0.9999999999999926,261234.21972335273,0.03396429722105895,0.12027155808526088,1.4861705552387035,1.9980231009438936,2.2449882938503316e-06
8467.42,True,forward,pilot_free_der_m,,,0.024124049438453785,0.9990970124736971,True,1,True,1,,True,0.8345451185207706,0.6727732399141461,0.9999999999999999,261185.6446045274,0.03391678356439827,0.12038766014805669,1.4863849223961583,1.9982071839257183,2.244759244976783e-06
8470.119999999999,True,forward,pilot_free_der_m,,,0.024223082783527663,0.9990896555121384,True,1,True,1,,True,0.8344450827732222,0.6726328468741177,0.9999999999999999,261152.0402471339,0.03386205945024132,0.12050542554794166,1.4866951631149652,1.9985352379087742,2.244112412256917e-06
8472.619999999999,True,forward,pilot_free_der_m,,,0.02431480778983537,0.9990828156585307,True,1,True,1,,True,0.8343829063551889,0.6725507252791729,0.9999999999999999,261089.92949347565,0.03381419548798086,0.12062704311992692,1.4868766955606274,1.9987183918334628,2.244098733656089e-06
8480.22,True,forward,pilot_free_der_m,,,0.024594771583325008,0.9990617843127982,True,1,True,1,,True,0.8341211562030197,0.6722035483715582,0.9999999999999999,260981.070653029,0.033666353182715665,0.1209634742165922,1.4876446314848273,1.9994955791418276,2.242718402592719e-06
8488.42,True,forward,pilot_free_der_m,,,0.02490101119631441,0.9990386307549777,True,1,True,1,,True,0.8341028699087956,0.6717130825767653,0.9999999999999999,260939.38080508876,0.033542118050474815,0.12102318634671756,1.4887308672981177,2.001437599068023,2.2398019464262585e-06
8496.519999999999,True,forward,pilot_free_der_m,,,0.02520504367294577,0.9990153713338787,True,1,True,1,,True,0.834085190169252,0.6712012164000573,0.9999999999999999,260903.01486181852,0.03341489448588538,0.12108322019976932,1.4898661914879012,2.00347033133773,2.236693707714223e-06
8499.019999999999,True,forward,pilot_free_der_m,,,0.025341466694174888,0.9990048905946534,True,1,True,1,,True,0.8340814712932771,0.6710445051507441,0.9999999999999999,260880.53588381602,0.03336084489022164,0.12114328260618147,1.4902141248818643,2.004097269783973,2.2358386871517177e-06
8501.519999999999,True,forward,pilot_free_der_m,,,0.02488843347325637,0.9990390809265607,True,1,True,1,,True,0.8341084365351663,0.671426479292176,0.9999999999999999,260888.75553239076,0.03357183879679314,0.12073361341777966,1.489366342915473,2.0026125664208605,2.238321598950573e-06
8504.119999999999,True,forward,pilot_free_der_m,,,0.024425049735472222,0.999073463737086,True,1,True,1,,True,0.8341898637141464,0.6717998698755167,0.9999999999999011,261008.4222676472,0.03380751798952859,0.12023513781417616,1.4885385437558947,2.0012947264690784,2.2397889485933155e-06
8506.519999999999,True,forward,pilot_free_der_m,,,0.023990981501824722,0.9991051388702261,True,1,True,1,,True,0.8341924094846825,0.6721639543338954,0.9999999999999999,261011.4373766155,0.034010654308263236,0.11984970923636379,1.4877322616786037,1.999826618842968,2.242193268323262e-06
8509.22,True,forward,pilot_free_der_m,,,0.023507114597145436,0.9991398426452439,True,1,True,1,,True,0.8342607886135774,0.6725916288171164,0.9999999999999998,261064.2083082166,0.034251802332139376,0.11937679609676871,1.4867862714240063,1.9982604820962586,2.2445925835653445e-06
8511.72,True,forward,pilot_free_der_m,,,0.023066096005231757,0.9991709042959843,True,1,True,1,,True,0.8342755936500433,0.6729110150499462,0.9999999999999132,261129.15434598608,0.03446206916680899,0.11894890758050342,1.4860805925813074,1.9970051634894528,2.246162998102034e-06
8514.32,True,forward,pilot_free_der_m,,,0.02261236348763824,0.9992023021938885,True,1,True,1,,True,0.8343499070264708,0.6733449383597712,0.9999999999999998,261166.7346867914,0.03469430742148907,0.11850966709941264,1.48512291847911,1.9954309254704288,2.248729948404578e-06
8516.92,True,forward,pilot_free_der_m,,,0.022168153982246874,0.9992324739839867,True,1,True,1,,True,0.8344076083399687,0.6737083513530225,0.9999999999999999,261250.76166636727,0.0349218600440513,0.11805219325179113,1.4843218107533906,1.994102924357517,2.250425118960555e-06
8519.42,True,forward,pilot_free_der_m,,,0.02174770634224324,0.9992605153415054,True,1,True,1,,True,0.8344600011581844,0.6740742300249147,0.9999999999999999,261273.48173074907,0.0351321991350498,0.11765253666596814,1.4835161402966532,1.9927534873513852,2.2526628517421576e-06
8522.019999999999,True,forward,pilot_free_der_m,,,0.02132238357856469,0.9992883610124736,True,1,True,1,,True,0.8344927561516278,0.6744142270917923,0.9999999999999999,261334.81115151785,0.035351125039275774,0.1172208893575084,1.4827682451365207,1.9914625707055622,2.254393875399286e-06
8524.619999999999,True,forward,pilot_free_der_m,,,0.020908340293293443,0.9993149669909305,True,1,True,1,,True,0.8345547735169137,0.6747885960374934,0.9999999999999999,261379.01121345215,0.03557289124158392,0.11679750310915238,1.4819456135924927,1.990104298791697,2.256499129365167e-06
8527.019999999999,True,forward,pilot_free_der_m,,,0.020535929556011853,0.9993384750900375,True,1,True,1,,True,0.8345933327103833,0.6751103226768819,0.9999999999999999,261420.33709618336,0.03577311187845411,0.11641313972050826,1.4812393862308266,1.9889028848451478,2.2582779016963825e-06
8529.619999999999,True,forward,pilot_free_der_m,,,0.020145124479997275,0.9993627098652886,True,1,True,1,,True,0.8346505573239777,0.6754600347447152,0.999999999999832,261466.39128186388,0.035990004426433166,0.11599730596016486,1.480472490689659,1.9876345098622985,2.2601998947499624e-06
8532.119999999999,True,forward,pilot_free_der_m,,,0.019778526784454076,0.9993850433880321,True,1,True,1,,True,0.8347046517401954,0.6758100046384741,0.9999999999999999,261513.7694261138,0.03620257068085456,0.11559593495789389,1.4797058243240302,1.9863587253014077,2.262110351547817e-06
8534.82,True,forward,pilot_free_der_m,,,0.01939849489665084,0.9994077755443282,True,1,True,1,,True,0.8347375895054941,0.6761584820189341,0.9999999999999999,261546.0394266818,0.036422074885759034,0.1151838304152126,1.4789432161142324,1.98503969624695,2.264139892186599e-06
8537.32,True,forward,pilot_free_der_m,,,0.01905384372083914,0.9994280337862004,True,1,True,1,,True,0.8347948840579276,0.6764987173635424,0.9999999999999997,261594.7203018879,0.03663257228480718,0.11478784810031498,1.4781994027974061,1.9838127005736703,2.265971101066609e-06
8539.72,True,forward,pilot_free_der_m,,,0.018738316113391246,0.999446266245665,True,1,True,1,,True,0.8348464977089903,0.6768025178949374,0.9999999999998248,261643.21341101622,0.036830228398553516,0.11441140436204648,1.477535874290377,1.982719030649981,2.267561185010716e-06
8542.32,True,forward,pilot_free_der_m,,,0.01841793939176704,0.9994644618089178,True,1,True,1,,True,0.834895111843694,0.6771574669958418,0.9999999999999999,261671.8751570346,0.03704511725620364,0.11401888898443793,1.4767613867368616,1.9814144997611114,2.269659960052802e-06
8544.82,True,forward,pilot_free_der_m,,,0.018119599937412096,0.9994811358131863,True,1,True,1,,True,0.8349379137441871,0.6774637277356386,0.9999999999999999,261726.8740105593,0.037250511218199604,0.1136290120478524,1.4760937878436824,1.980291850487324,2.271206850779849e-06
8547.42,True,forward,pilot_free_der_m,,,0.01783031233815608,0.9994970353506727,True,1,True,1,,True,0.8349874248461908,0.67779459273986,0.9999999999996994,261761.71421045723,0.03746177372393554,0.11323800508987268,1.4753732335889302,1.9790877038214527,2.2730897172364143e-06
8550.019999999999,True,forward,pilot_free_der_m,,,0.017554303016656468,0.9995119700102912,True,1,True,1,,True,0.8350514852041978,0.6781379001984981,0.9999999999999999,261806.58761533897,0.037676963313036785,0.11284409551729875,1.4746263255707865,1.977869346451895,2.2749659922571233e-06
8558.119999999999,True,forward,pilot_free_der_m,,,0.016810833609205964,0.9995509692069551,True,1,True,1,,True,0.8352248706834363,0.6791440579635448,0.999999999999997,261942.212065315,0.03833309762600994,0.11164395380490588,1.4724416539821588,1.974270404874368,2.2804191720426776e-06
8565.82,True,forward,pilot_free_der_m,,,0.016277228259201502,0.9995776802887422,True,1,True,1,,True,0.8351401985806456,0.6802012474942907,0.9999999999999999,261993.44340328444,0.03891124272458662,0.11081691887180245,1.4701531402416217,1.9698688340220403,2.2869291666413274e-06
8573.519999999999,True,forward,pilot_free_der_m,,,0.01592973900811621,0.9995942773772192,True,1,True,1,,True,0.8352254229185136,0.6811497261754876,0.9999999999999999,262102.49031510044,0.03950820496527031,0.10982364882916562,1.468106000151816,1.9663097419531237,2.2922068739156143e-06
8576.22,True,forward,pilot_free_der_m,,,0.0158381110346461,0.9995984367607939,True,1,True,1,,True,0.8352519868718177,0.6815546081390375,0.9999999999999999,262136.91294184528,0.039751740535745136,0.10943391507963336,1.4672338621999301,1.9647699044990767,2.294562039538722e-06
8578.619999999999,True,forward,pilot_free_der_m,,,0.015937893213030876,0.9995936562015248,True,1,True,1,,True,0.8351847892659046,0.6811732932518519,0.9999999999999999,262074.4823686247,0.039572889883787536,0.1096905174910337,1.4680552069593065,1.9661207733118982,2.2926065297166946e-06
8581.019999999999,True,forward,pilot_free_der_m,,,0.01603537160264681,0.999588938877689,True,1,True,1,,True,0.8351120488623186,0.6808015556054121,0.9999999999999547,262015.57746348577,0.039404709548233344,0.10993070100647065,1.4688568082231994,1.967421861338707,2.290680811535669e-06
8583.619999999999,True,forward,pilot_free_der_m,,,0.01617642384232803,0.9995819812573821,True,1,True,1,,True,0.8350260712252378,0.6803782762047929,0.9999999999999999,261946.22665399214,0.03921413818901046,0.11020483501375894,1.4697706187476822,1.9688973076458054,2.2885053697639103e-06
8586.22,True,forward,pilot_free_der_m,,,0.016319496828679128,0.9995748621334668,True,1,True,1,,True,0.8349428498803227,0.6799691682038332,0.9999999999999999,261867.34599477256,0.03902524687020791,0.1104833193771407,1.4706549160773588,1.9703244671368878,2.286503555461335e-06
8588.92,True,forward,pilot_free_der_m,,,0.0164820895441847,0.9995666806453689,True,1,True,1,,True,0.8348512615893461,0.679513254677048,0.9999999999999999,261810.74604077014,0.038827196235687526,0.11076323753079104,1.471641639242592,1.9719192558270064,2.2839963206131966e-06
8591.619999999999,True,forward,pilot_free_der_m,,,0.016638312019331247,0.9995587866811704,True,1,True,1,,True,0.8347864491159398,0.6791061590961837,0.9999999999999999,261735.79192276733,0.03863052750751776,0.11105705745558707,1.4725238265117357,1.973384845094909,2.281967844751879e-06
8594.22,True,forward,pilot_free_der_m,,,0.016806109088823917,0.9995501971762203,True,1,True,1,,True,0.8347186356206616,0.6787016932202634,0.999999999999908,261671.42685208624,0.038440232798748704,0.1113384803382501,1.4734013632044551,1.9748343016675507,2.2798617527085652e-06
8596.72,True,forward,pilot_free_der_m,,,0.016984281824721392,0.9995409554755752,True,1,True,1,,True,0.8346504120266415,0.6782976239051439,0.9999999999999999,261594.8503060249,0.03825136611855601,0.11162250194075549,1.474279084515626,1.9762826162304175,2.277862053169356e-06
8599.119999999999,True,forward,pilot_free_der_m,,,0.017151896688136506,0.9995321979680103,True,1,True,1,,True,0.8345883353175844,0.677902470638736,0.9999999999999999,261525.31854390673,0.0380691136416697,0.1118935322469582,1.4751384503109657,1.9777113328430982,2.275857281844889e-06
8601.82,True,forward,pilot_free_der_m,,,0.01735382173160233,0.9995215263512865,True,1,True,1,,True,0.8345339993974918,0.677494419861793,0.9999999999999999,261441.64543153354,0.03786784323601408,0.1122047694028531,1.4760269172460447,1.9792112786995761,2.2738876939171043e-06
8604.32,True,forward,pilot_free_der_m,,,0.017562424792956166,0.9995103463903388,True,1,True,1,,True,0.8344962715766069,0.6771175260646174,0.9999999999999999,261373.02416230802,0.03768342902913393,0.11248649633886333,1.4768484960239676,1.9806275963941071,2.2719907050643267e-06
8607.019999999999,True,forward,pilot_free_der_m,,,0.01781981077587266,0.999496329158064,True,1,True,1,,True,0.8344620651477651,0.6767324091268956,0.9999999999999999,261300.8052683362,0.03748855152409079,0.11278995191467436,1.477688945458038,1.9820865029499593,2.2700681944577236e-06
8609.519999999999,True,forward,pilot_free_der_m,,,0.018087499582943492,0.9994815058891473,True,1,True,1,,True,0.8344309482124889,0.6763729943548392,0.9999999999998616,261237.46693968822,0.037308075206770784,0.1130706358545479,1.4784741678719966,1.983451225131064,2.2682365416366296e-06
8612.019999999999,True,forward,pilot_free_der_m,,,0.01835131606725341,0.9994667075929351,True,1,True,1,,True,0.8343929966352996,0.6760106091216724,0.9999999999999999,261176.46004375175,0.037126293926301644,0.11335583988208285,1.4792667252652745,1.9848128201419057,2.2663628771860024e-06
8614.42,True,forward,pilot_free_der_m,,,0.01864328288638652,0.9994500382835124,True,1,True,1,,True,0.8343686907692816,0.675663430353052,0.9999999999999999,261123.484620848,0.036954065854135326,0.11362293350685235,1.4800268226407836,1.986147119360457,2.2645184350090448e-06
8616.92,True,forward,pilot_free_der_m,,,0.01894051071687645,0.9994328317155436,True,1,True,1,,True,0.834328064325257,0.6752711030941831,0.9999999999999999,261077.83579345507,0.03676942320463754,0.11390453660095566,1.480886706713593,1.9876249881436518,2.262308716770043e-06
8619.72,True,forward,pilot_free_der_m,,,0.019258099749175334,0.9994141962008469,True,1,True,1,,True,0.8342883538206718,0.6748224541261011,0.9999999999999999,261046.83199273868,0.03656414580221465,0.11421232986500668,1.4818712594485397,1.989332873734997,2.259595601211193e-06
8622.32,True,forward,pilot_free_der_m,,,0.01959887081440815,0.9993938047429508,True,1,True,1,,True,0.8342500435004546,0.6744010283244752,0.9999999999999999,261010.9443661693,0.03636978009802704,0.114510207554903,1.4827972645363003,1.990936465158724,2.2571033550650313e-06
8625.019999999999,True,forward,pilot_free_der_m,,,0.01994373608952439,0.9993728438004499,True,1,True,1,,True,0.8341970199914063,0.6739139918241954,0.9999999999999999,261016.5478904347,0.036165417969924514,0.11480654092595152,1.4838688796075195,1.9927709218474445,2.253813649289998e-06
8627.619999999999,True,forward,pilot_free_der_m,,,0.02029834271473047,0.9993508998252917,True,1,True,1,,True,0.8341544682178599,0.6734969428839732,0.9999999999999999,260961.84308250947,0.035968576686061716,0.11511577200416905,1.4847877344742084,1.9943503497944832,2.2515083399590745e-06
8635.22,True,forward,pilot_free_der_m,,,0.021394911217718127,0.9992806964562961,True,1,True,1,,True,0.833979188756202,0.6722282692703331,0.999999999999983,260826.84601543352,0.03538861864393011,0.11602574000743641,1.4875899240081472,1.999055253759364,2.2442095744378362e-06
8643.42,True,forward,pilot_free_der_m,,,0.022666032249141866,0.9991948375084653,True,1,True,1,,True,0.8335859806666689,0.6709635589795779,0.9999999999999771,260612.21491229674,0.03472558030925137,0.11730382270296003,1.4903939068178427,2.003235078081764,2.2375988239675285e-06
8651.32,True,forward,pilot_free_der_m,,,0.023971030688072086,0.9991018761330918,True,1,True,1,,True,0.8333724047633659,0.6696148997119427,0.9999999999999999,260467.17181218287,0.03409892613569598,0.11837092665958364,1.4933956822498775,2.0082013463585384,2.2298035853323397e-06
8653.92,True,forward,pilot_free_der_m,,,0.024415028482112227,0.9990691307378299,True,1,True,1,,True,0.8332994428645745,0.6691816523400553,0.9999999999999998,260394.25557069923,0.033889463622017266,0.1187440745852152,1.49436254939613,2.0097897159843177,2.2275192952273357e-06
8656.42,True,forward,pilot_free_der_m,,,0.024310188606507258,0.9990767837797887,True,1,True,1,,True,0.8332941463614456,0.6692621753116763,0.9999999999999999,260443.38878024,0.03395302947071912,0.11861207072940824,1.4941827536186376,2.009448902718964,2.2276396982814117e-06
8658.82,True,forward,pilot_free_der_m,,,0.02421011255819103,0.9990840595342961,True,1,True,1,,True,0.8332693099486048,0.6693371835245675,0.9999999999999999,260457.80646824668,0.03400723477176195,0.11850979864511417,1.4940153103914564,2.009083509295032,2.2280199108314066e-06
8661.519999999999,True,forward,pilot_free_der_m,,,0.024097707839306447,0.9990922005055414,True,1,True,1,,True,0.8332600019926674,0.6694410033001623,0.9999999999999948,260494.58547112969,0.03407634334200327,0.11837674719149566,1.4937836121036303,2.0086383217039083,2.2284020916596898e-06
8664.019999999999,True,forward,pilot_free_der_m,,,0.0239835382390867,0.9991004416982107,True,1,True,1,,True,0.8332130541251357,0.6695498928710303,0.9999999999999999,260469.18816706867,0.03413376862980465,0.11829077044332864,1.4935406765760195,2.008081908832792,2.2293501201835924e-06
8666.72,True,forward,pilot_free_der_m,,,0.023869949892565332,0.9991085672598633,True,1,True,1,,True,0.8331878289250545,0.6696631039091897,0.9999999999999927,260483.99631128574,0.03420485578686428,0.1181631003082426,1.4932881835096572,2.0075604299074974,2.229982977074561e-06
8669.32,True,forward,pilot_free_der_m,,,0.023784865549605287,0.9991145015424364,True,1,True,1,,True,0.8331438381081425,0.6697166130318237,0.9999999999881249,260509.37271696102,0.034266606991756036,0.11804011498777751,1.493168872519229,2.007236750605238,2.230124699126781e-06
8671.92,True,forward,pilot_free_der_m,,,0.02370051935072858,0.9991203643679505,True,1,True,1,,True,0.8331129263218091,0.6697821836061002,0.9999999999898862,260545.26059701853,0.034334977240886556,0.11790137627799803,1.493022693744848,2.006895576476948,2.2302572793914865e-06
8674.42,True,forward,pilot_free_der_m,,,0.023628659092800878,0.9991253150520282,True,1,True,1,,True,0.8330797004647268,0.6699161706488206,0.9999999999999999,260573.10292138808,0.03441540027263499,0.11775789290526463,1.492724080733101,2.00627072525211,2.230917369206889e-06
8677.22,True,forward,pilot_free_der_m,,,0.02355957037829149,0.9991299901306563,True,1,True,1,,True,0.833019761070167,0.6700012357043046,0.9999999999999744,260623.4769868554,0.03449600354547345,0.1175958402537009,1.4925345606993925,2.0057806108375047,2.231056345901295e-06
8679.82,True,forward,pilot_free_der_m,,,0.023496621482362142,0.9991342237897886,True,1,True,1,,True,0.8329735256801399,0.6701111850937884,0.999999999999991,260646.4923847506,0.034569395734301005,0.1174671720327338,1.4922896710939566,2.0052225088758835,2.231596150537273e-06
8682.519999999999,True,forward,pilot_free_der_m,,,0.023421513873106797,0.9991393189727344,True,1,True,1,,True,0.8329182086901256,0.6701825868031971,0.9999999999999999,260680.38158839176,0.03464106322310481,0.11732656101660355,1.4921306815356805,2.0047992939705197,2.231784404863875e-06
8685.119999999999,True,forward,pilot_free_der_m,,,0.023328336295677304,0.9991457365643684,True,1,True,1,,True,0.8328473453578306,0.6702481435852234,0.9999999999999759,260683.36361742104,0.03470353535172956,0.11721431940469683,1.4919847366542147,2.004362492416955,2.2321980391041484e-06
8688.019999999999,True,forward,pilot_free_der_m,,,0.023209117543055727,0.9991539835556229,True,1,True,1,,True,0.8327597276347597,0.6702722173719574,0.9999999999999651,260703.87757326936,0.034766959959742105,0.1170832245116112,1.491931149885376,2.0040538824454277,2.232183642346121e-06
8690.42,True,forward,pilot_free_der_m,,,0.02312767881409124,0.9991595303159803,True,1,True,1,,True,0.8327003796211438,0.6703142944798346,0.9999999999999999,260723.24962291186,0.03482461730342563,0.11696916686787397,1.4918374980739477,2.003740243139667,2.2322995903010095e-06
8692.92,True,forward,pilot_free_der_m,,,0.02301417588509945,0.9991673675077092,True,1,True,1,,True,0.8326142300883279,0.6703395309759272,0.9999999999874091,260732.72003059043,0.034877079559331926,0.11686762872897626,1.491781334350876,2.0034305091445237,2.2323875101290224e-06
8695.519999999999,True,forward,pilot_free_der_m,,,0.022919271367343112,0.9991738168096513,True,1,True,1,,True,0.8325486899790462,0.6704189841195637,0.9999999999999806,260719.41638251045,0.03494163492177614,0.11675664039009664,1.4916045393810609,2.0029503883064326,2.233033487854824e-06
8698.119999999999,True,forward,pilot_free_der_m,,,0.022855576160302902,0.9991780035489959,True,1,True,1,,True,0.8324655929563115,0.6705065330631157,0.9999999999999999,260673.24715984502,0.034999985085350564,0.11667126083219591,1.4914097785619467,2.0023953143526225,2.234015311850346e-06
8700.619999999999,True,forward,pilot_free_der_m,,,0.022761937966429106,0.9991843483386674,True,1,True,1,,True,0.8324017032970925,0.6706024206054223,0.9999999999999999,260638.90834001268,0.035061401045027335,0.11657473031440461,1.491196526098424,2.0018527723137582,2.2349518101733695e-06
8703.119999999999,True,forward,pilot_free_der_m,,,0.022696442613455287,0.9991886705502424,True,1,True,1,,True,0.8323434278137111,0.6706945476215208,0.9999999999982191,260603.7401085387,0.03512171475997536,0.11647473677086129,1.490991694422613,2.0013391295877443,2.2358704060987794e-06
8705.92,True,forward,pilot_free_der_m,,,0.022609464379781636,0.9991944794583899,True,1,True,1,,True,0.8323133984979889,0.670812243570035,0.9999999999999999,260584.50455274348,0.03519707897189385,0.1163483171947464,1.4907300956196645,2.00078991725596,2.236823630329078e-06
8713.619999999999,True,forward,pilot_free_der_m,,,0.02237552030230832,0.9992099928082984,True,1,True,1,,True,0.8321832170805211,0.6710737210939737,0.9999999999999999,260528.59666571362,0.035385883476278496,0.11603159561723997,1.490149246747162,1.999417924914409,2.239054619346029e-06
8721.22,True,forward,pilot_free_der_m,,,0.022159318172578234,0.9992243405333685,True,1,True,1,,True,0.8325519656207955,0.6710636710243805,0.9999999999999999,260650.45308051485,0.035641567352350835,0.11512525746716104,1.4901715637109325,2.0003445966772864,2.237940583932694e-06
8729.519999999999,True,forward,pilot_free_der_m,,,0.021923842312698873,0.9992396141103365,True,1,True,1,,True,0.8323593186486393,0.6713882483756648,0.9999999999999999,260562.86483015484,0.03583961746908329,0.11485537003037331,1.4894511520262201,1.9985677969822357,2.2408652881108274e-06
8731.92,True,forward,pilot_free_der_m,,,0.021856453732678176,0.999243956738488,True,1,True,1,,True,0.832313592200111,0.6714641841428641,0.9999999999999999,260566.2080389213,0.03589952030296645,0.11475810928352408,1.4892827102558233,1.9981507820672098,2.2413446376280915e-06
8734.72,True,forward,pilot_free_der_m,,,0.021664099227810582,0.9992566333363703,True,1,True,1,,True,0.8322432677828471,0.6716728395049104,0.9999999999998598,260530.2948712147,0.036017491055053454,0.1145874711877791,1.4888200641505158,1.9971381559026944,2.2430496791603046e-06
8737.32,True,forward,pilot_free_der_m,,,0.021474852275397284,0.9992690977833003,True,1,True,1,,True,0.8322224036803894,0.6718721193896499,0.9999999999999999,260538.238505018,0.03612904813144807,0.1144127000143292,1.4883784743269775,1.9962826518647652,2.244314235250176e-06
8740.019999999999,True,forward,pilot_free_der_m,,,0.021278762277945333,0.9992819054960012,True,1,True,1,,True,0.8321779128150468,0.6720838835960712,0.9999999999999999,260518.44850725718,0.036241078681556106,0.11425018880860922,1.4879095071427266,1.995320537122028,2.2459008892819808e-06
8742.619999999999,True,forward,pilot_free_der_m,,,0.02107852653252221,0.9992949291538209,True,1,True,1,,True,0.8321464472358618,0.6722614401618163,0.9999999999999999,260511.6249938585,0.03634079485445868,0.1140998430137749,1.4875165229754892,1.9945282650449974,2.247146840487465e-06
8745.22,True,forward,pilot_free_der_m,,,0.020881122710149344,0.999307660939366,True,1,True,1,,True,0.8320947818209796,0.6724256401778317,0.9999999999999721,260500.34060744496,0.036434859537052826,0.11396223454482833,1.4871532854331806,1.9937418615344047,2.248341802104747e-06
8748.019999999999,True,forward,pilot_free_der_m,,,0.020667084333792492,0.9993213540400285,True,1,True,1,,True,0.8320649653578845,0.6726353178094211,0.9999999999998923,260468.57747187247,0.03654065656883531,0.11381380397172662,1.4866897017192071,1.9928247820096716,2.250017417760182e-06
8750.72,True,forward,pilot_free_der_m,,,0.020464301031127917,0.9993342027332416,True,1,True,1,,True,0.8320201414661489,0.6728067525364677,0.9999999999999999,260461.80478160453,0.036640542834775254,0.11366325768731743,1.4863108853025335,1.992026402957832,2.251221491189552e-06
8753.32,True,forward,pilot_free_der_m,,,0.020267380516344257,0.9993465679193841,True,1,True,1,,True,0.8319900630175148,0.6729548965387021,0.9999999999999586,260445.6215679029,0.03673131684158723,0.11352647615429981,1.4859836894617913,1.9913575143086377,2.2523511552791873e-06
8756.019999999999,True,forward,pilot_free_der_m,,,0.020062643347636043,0.9993593149722547,True,1,True,1,,True,0.8319592969546803,0.6731201104583043,0.9999999999999432,260417.82916512058,0.0368256893637709,0.11338996363945222,1.4856189622964577,1.9906185210061893,2.2536952437656283e-06
8758.72,True,forward,pilot_free_der_m,,,0.019861110835412945,0.999371746687874,True,1,True,1,,True,0.8319209604802976,0.6732947706446215,0.9999999999998885,260394.29981252507,0.036922230241123684,0.11325313536934105,1.485233576138539,1.9898237380691262,2.2550655437565875e-06
8761.42,True,forward,pilot_free_der_m,,,0.019669061822362426,0.9993834745274085,True,1,True,1,,True,0.8318917720762922,0.6734732587357902,0.9999999999999424,260367.19238173863,0.03701849996299262,0.11311743011467827,1.4848399502559189,1.9890358132582582,2.2564923863313873e-06
8764.119999999999,True,forward,pilot_free_der_m,,,0.019496861451031973,0.9993938690444821,True,1,True,1,,True,0.8318569910540233,0.6736647499305287,0.9999999999999999,260337.12266235275,0.03711663133186384,0.11298394793390187,1.4844178801148855,1.9881826272364285,2.2580317504116927e-06
8766.72,True,forward,pilot_free_der_m,,,0.019348339277918052,0.999402734891719,True,1,True,1,,True,0.8318491181387815,0.6738607443727443,0.9999999999999999,260336.64805442616,0.037219223390829,0.11283343153855195,1.4839861326702426,1.9873760789704003,2.25934432873314e-06
8769.119999999999,True,forward,pilot_free_der_m,,,0.019198565817127377,0.9994116432503828,True,1,True,1,,True,0.8318361723633177,0.6740375651950525,0.9999999999999999,260329.69339547376,0.03731056721872826,0.11270334364043488,1.4835968373819353,1.9866348337012762,2.260584877210449e-06
8771.619999999999,True,forward,pilot_free_der_m,,,0.01907188407818841,0.9994190716981793,True,1,True,1,,True,0.8318279234007011,0.6742163864801932,0.9999999999999999,260339.93493864368,0.0374102629465736,0.11255144734975267,1.4832033454727926,1.9858971176941105,2.2616891542817923e-06
8774.32,True,forward,pilot_free_der_m,,,0.018915644942351054,0.9994282210777102,True,1,True,1,,True,0.8318118673383954,0.6744062200752061,0.9999999999999999,260338.78647782805,0.037513118714533285,0.11240188282501219,1.4827858495855588,1.985096930471637,2.2629655060262066e-06
8776.92,True,forward,pilot_free_der_m,,,0.018740568072589368,0.9994384439580338,True,1,True,1,,True,0.8317950249339497,0.6745661528913509,0.9999999999999999,260359.55451227573,0.03761163951707419,0.11224880560421979,1.4824342960490415,1.9844151844009608,2.2638515639679806e-06
8779.619999999999,True,forward,pilot_free_der_m,,,0.018601758635753706,0.9994464104442612,True,1,True,1,,True,0.8317754222754934,0.6747053325999921,0.9999999999999999,260393.98658089034,0.037710388444747577,0.11208814765458941,1.4821284962229029,1.983810343625058,2.264480068923175e-06
8782.019999999999,True,forward,pilot_free_der_m,,,0.0184529575202722,0.9994549450291856,True,1,True,1,,True,0.8317324909540278,0.6748140599491154,0.9999999999998891,260430.04440125846,0.03779406147892466,0.11195689651407258,1.4818896928070742,1.9832721444922163,2.264891159033131e-06
8784.92,True,forward,pilot_free_der_m,,,0.018292293440069694,0.9994640502439075,True,1,True,1,,True,0.8316722818425671,0.6749748216237664,0.9999999999999999,260444.80132327383,0.03789954051199869,0.11179728330266478,1.4815367447252776,1.982484472871909,2.2658339745134034e-06
8792.619999999999,True,forward,pilot_free_der_m,,,0.017892129506292025,0.9994863696735519,True,1,True,1,,True,0.8315514638717546,0.6754168505150486,0.9999999999999997,260483.7261315737,0.03818024285232768,0.11137544656533921,1.4805671478842075,1.9804270901464462,2.268438938543751e-06
8800.32,True,forward,pilot_free_der_m,,,0.0175304029365127,0.9995060571691987,True,1,True,1,,True,0.8312695620245109,0.67593706656265,0.9999999999999999,260462.25547405687,0.03843610211976196,0.1111384758938459,1.4794276708115899,1.9776766401934587,2.272088142878124e-06
8808.42,True,forward,pilot_free_der_m,,,0.017200723671728983,0.9995237087729111,True,1,True,1,,True,0.8315029480423592,0.6761809837224003,0.9999999999963215,260626.6091762969,0.03878255042495109,0.11027207496154637,1.4788940003773634,1.977257747889603,2.272276812925503e-06
8810.92,True,forward,pilot_free_der_m,,,0.017128971711972,0.9995274822002203,True,1,True,1,,True,0.8315728659835524,0.6762265715162605,0.9999999999999999,260682.55491603556,0.03887611565634487,0.11002329279463123,1.47879430078851,1.9772419947691608,2.272092079038696e-06
8813.42,True,forward,pilot_free_der_m,,,0.017239024353579838,0.9995215280890766,True,1,True,1,,True,0.8316091443683848,0.6759895615832648,0.9999999999999999,260685.8398504725,0.03881399027555994,0.11002170310748957,1.4793127835552016,1.9782748118779487,2.2704883583567538e-06
8816.019999999999,True,forward,pilot_free_der_m,,,0.017357869818386364,0.9995150791680186,True,1,True,1,,True,0.8316492966563057,0.675729356420192,0.999999999999999,260696.27149611694,0.03874232161568864,0.11002772990345552,1.479882427038088,1.9794102376807967,2.2686677437735033e-06
8818.519999999999,True,forward,pilot_free_der_m,,,0.017480870435182844,0.9995083552067274,True,1,True,1,,True,0.8316888704342362,0.6754799064883652,0.9999999999997906,260697.51099444923,0.03866989510082137,0.11004293434125058,1.4804289371071249,1.9805020560152133,2.266998118045183e-06
8821.22,True,forward,pilot_free_der_m,,,0.01760840476775175,0.9995013392091487,True,1,True,1,,True,0.8317300855584152,0.6752025476088703,0.9999999999999982,260703.852260346,0.03859240358512021,0.11005386905356025,1.481037065901706,1.981710255728738,2.265097919285334e-06
8823.619999999999,True,forward,pilot_free_der_m,,,0.017721540167837644,0.9994950722972797,True,1,True,1,,True,0.8317756955396008,0.674971909192694,0.9999999999999999,260716.80879079166,0.03852895201390583,0.11005560564763407,1.481543137396723,1.9827426514265314,2.263450632832828e-06
8826.42,True,forward,pilot_free_der_m,,,0.01781938836486919,0.9994896988715963,True,1,True,1,,True,0.8318361870102775,0.6747260123608173,0.9999999999999999,260715.64557993104,0.038451404624964394,0.11007262262898411,1.4820830702837031,1.9838723599627393,2.2618239358902695e-06
8829.019999999999,True,forward,pilot_free_der_m,,,0.01791222833742866,0.9994845722895656,True,1,True,1,,True,0.8319009079617625,0.6745105037950162,0.9999999999997946,260727.47628063045,0.03838470473321076,0.11007863505553009,1.482556601229289,1.984891018082209,2.2602863977618497e-06
8831.72,True,forward,pilot_free_der_m,,,0.018010621409875166,0.9994791093606296,True,1,True,1,,True,0.8319574195988126,0.674277664602987,0.9999999999999999,260734.9219643379,0.0383124381820204,0.11009023809344225,1.4830685524616887,1.9859602654639898,2.258671123410572e-06
8834.119999999999,True,forward,pilot_free_der_m,,,0.018101767919704994,0.9994740158230492,True,1,True,1,,True,0.8320000605626636,0.674065395291163,0.9999999999999969,260734.9140766143,0.03824551226532472,0.11010682856358493,1.483535584211449,1.9869144498848275,2.2572570308636697e-06
8837.019999999999,True,forward,pilot_free_der_m,,,0.018214255671464712,0.9994676923731851,True,1,True,1,,True,0.8320706885673925,0.6737998217870126,0.9999999999999999,260756.2486717443,0.038167681788527495,0.11011009536346844,1.48412030942344,1.9881503139314227,2.255302635782437e-06
8839.42,True,forward,pilot_free_der_m,,,0.01830770558336087,0.9994624112672521,True,1,True,1,,True,0.8321186387339786,0.6735855342481168,0.9999999999997957,260752.85617334972,0.038100085235603945,0.11012689736784556,1.484592452116769,1.989126575584697,2.253903538753497e-06
8842.32,True,forward,pilot_free_der_m,,,0.018415291697663472,0.9994563120327671,True,1,True,1,,True,0.8321733034575575,0.673311904619664,0.9999999999999997,260765.5749943965,0.038018674227904545,0.11013897749276595,1.485195780943266,1.99035832986157,2.251969075818774e-06
8844.82,True,forward,pilot_free_der_m,,,0.018502982894362766,0.9994513284795968,True,1,True,1,,True,0.8322309093682059,0.673081492135797,0.9999999999999999,260782.94083669217,0.03795083500675943,0.11014388672148716,1.4857042002846301,1.9914239549190746,2.25028232941218e-06
8847.32,True,forward,pilot_free_der_m,,,0.01860150160840348,0.9994456792605738,True,1,True,1,,True,0.8322815302614003,0.6728484366825367,0.9999999999998932,260773.50955777295,0.03787654642383006,0.1101671845200464,1.4862188057244654,1.9924841930733794,2.248808757401594e-06
8849.92,True,forward,pilot_free_der_m,,,0.018692370643133283,0.9994404701642049,True,1,True,1,,True,0.8323282877114992,0.6725987122439996,0.9999999999999999,260775.8357253837,0.037800430827910646,0.11018494708242832,1.486770613437078,1.9936030935097329,2.2471219955558377e-06
8852.42,True,forward,pilot_free_der_m,,,0.01879206916390811,0.9994346997574253,True,1,True,1,,True,0.8323804658154506,0.6723693485047685,0.9999999999999999,260775.89469875136,0.03772795686506023,0.11020412428690526,1.4872777919216937,1.9946535658337126,2.245590181415851e-06
8855.119999999999,True,forward,pilot_free_der_m,,,0.018917546145412627,0.9994273609581554,True,1,True,1,,True,0.8324282414805133,0.6721320516844933,0.999999999999822,260750.42786800847,0.03764854020481523,0.11023500858411232,1.487802876672267,1.995726190997622,2.2442245798735124e-06
8857.619999999999,True,forward,pilot_free_der_m,,,0.019014724741925143,0.9994216845597529,True,1,True,1,,True,0.8324891403454842,0.6719204236478643,0.9999999999998452,260740.7178887736,0.03757994453845909,0.11024983714976384,1.4882714750220463,1.9967272501076445,2.2428941963145095e-06
8860.42,True,forward,pilot_free_der_m,,,0.019142855259145868,0.9994141207283943,True,1,True,1,,True,0.8325514728775905,0.6717017401066033,0.9999999999996662,260702.90515572246,0.03750013037171827,0.11028413058776086,1.4887560062609928,1.9977608765748753,2.241757776101644e-06
8863.019999999999,True,forward,pilot_free_der_m,,,0.019257243523481227,0.9994073417156881,True,1,True,1,,True,0.8326254992840976,0.6714789711435126,0.9999999999997683,260702.0229128818,0.03742856533363977,0.11029760054351703,1.489249913957532,1.9988397424607136,2.2402758757733726e-06
8870.92,True,forward,pilot_free_der_m,,,0.019613729856459317,0.9993859667293503,True,1,True,1,,True,0.8328197766343054,0.6707953285730103,0.9999999999999974,260645.84951066665,0.037197219260819585,0.11038041918985494,1.490767686363153,2.002075781869125,2.2361839360288203e-06
8878.619999999999,True,forward,pilot_free_der_m,,,0.0199688076491382,0.9993642131395299,True,1,True,1,,True,0.8327227083126514,0.6702947626049498,0.9999999999996572,260531.94647692086,0.03693524402399959,0.1108054272338841,1.4918809690730421,2.0038732648210975,2.233807816701473e-06
8886.92,True,forward,pilot_free_der_m,,,0.020360096354034914,0.9993397032495988,True,1,True,1,,True,0.8322789505683662,0.6699199156531358,0.9999999999999982,260277.79458065605,0.03659539902380027,0.11169307198858462,1.4927157360668284,2.0043271026004104,2.233473680413634e-06
8889.42,True,forward,pilot_free_der_m,,,0.020440596337981728,0.999334590532012,True,1,True,1,,True,0.8321380656679656,0.6698430743220074,0.9999999999999999,260214.68709751498,0.036518564057945506,0.11191571992137704,1.4928869735828294,2.0042998879176843,2.233499429588728e-06
8891.82,True,forward,pilot_free_der_m,,,0.02042673146929392,0.9993354240921344,True,1,True,1,,True,0.8320288760938599,0.6698962362045111,0.9999999999999999,260157.96898214522,0.036505618611108306,0.11203425375845802,1.4927685004856666,2.003821011649746,2.2343433777368e-06
8894.42,True,forward,pilot_free_der_m,,,0.02040197702329064,0.9993368190946763,True,1,True,1,,True,0.8318879669586345,0.6699773855207359,0.9999999999999999,260125.2628431031,0.03652505610442314,0.11209757366960345,1.4925876926767547,2.003152233254593,2.2351692928277784e-06
8896.92,True,forward,pilot_free_der_m,,,0.020364071515080347,0.9993390661076038,True,1,True,1,,True,0.8317497353749049,0.6700639813573346,0.9999999999998975,260077.09198324636,0.036543608334099933,0.1121648406753588,1.4923947978433618,2.0024679834630787,2.2361648926549322e-06
8899.72,True,forward,pilot_free_der_m,,,0.020322615610911792,0.9993415143158852,True,1,True,1,,True,0.8316113598208753,0.6701740225957475,0.9999999999997542,260023.78303457197,0.03656762016700806,0.11223486398384927,1.4921497495926657,2.0016884957312593,2.2373624710469547e-06
8902.119999999999,True,forward,pilot_free_der_m,,,0.020276889162196967,0.9993442793664399,True,1,True,1,,True,0.8314653380791848,0.6702332338307979,0.9999999999999567,259975.75760778014,0.03657887687771087,0.1123065542007852,1.4920179267810065,2.0010969469004425,2.2381735212197606e-06
8904.72,True,forward,pilot_free_der_m,,,0.020251658588812362,0.9993456666339718,True,1,True,1,,True,0.8313180230107096,0.6702946479856996,0.9999999999999993,259931.2940167714,0.03659608243689626,0.11237170216572537,1.4918812241826729,2.000493478889895,2.2389689575527026e-06
8907.32,True,forward,pilot_free_der_m,,,0.020227552185621944,0.9993469805792726,True,1,True,1,,True,0.8311534292254166,0.6703352837202486,0.9999999999236516,259864.67055708537,0.03660554528531921,0.11245136608048038,1.4917907862074915,1.999932748662919,2.2398160189876917e-06
8909.82,True,forward,pilot_free_der_m,,,0.02020643026910503,0.9993481123837098,True,1,True,1,,True,0.8310047498193256,0.6704054409042962,0.9999999999999553,259820.0055515133,0.03662202501523118,0.11252019543189273,1.4916346720740745,1.9992908196463413,2.2406725068694404e-06
8912.22,True,forward,pilot_free_der_m,,,0.02018726175809691,0.9993491269795107,True,1,True,1,,True,0.830854720798086,0.6704447862150056,0.9999999999287678,259787.66604973897,0.0366359884541911,0.11257754274988574,1.4915471348121974,1.9987705507738696,2.2412158447111135e-06
8914.92,True,forward,pilot_free_der_m,,,0.020166608644905725,0.9993502072875629,True,1,True,1,,True,0.830671491908024,0.6705133380122641,0.9999999999999999,259708.95785161,0.03664854953283864,0.11266765390362724,1.4913946424458886,1.9980522785551318,2.2423558636547327e-06
8917.42,True,forward,pilot_free_der_m,,,0.02014758774108646,0.9993512000115339,True,1,True,1,,True,0.8305329200728833,0.6705754206950297,0.9999999999999999,259662.69671147977,0.03666486146883283,0.11273096903189009,1.4912565673277023,1.9974677533394447,2.24317270218433e-06
8920.119999999999,True,forward,pilot_free_der_m,,,0.02012713865099044,0.9993522656986059,True,1,True,1,,True,0.8303640399894653,0.6706251470667935,0.9999999999225886,259607.0508481577,0.036677269410511686,0.11280842758389077,1.4911459916115994,1.9968604462943897,2.243987845141773e-06
8922.82,True,forward,pilot_free_der_m,,,0.020106962122117013,0.9993533135406499,True,1,True,1,,True,0.8301913956735081,0.6706664868695819,0.9999999999999746,259556.25474391726,0.03669017865455174,0.11288035131472156,1.491054077664738,1.9962781060183252,2.2447049799276225e-06
8925.42,True,forward,pilot_free_der_m,,,0.020088720656726716,0.9993542460070111,True,1,True,1,,True,0.8300447539312571,0.6707238909423259,0.9999999999999999,259514.62494788753,0.036707130045220776,0.11294228273920492,1.4909264654268708,1.9956934383521565,2.245451097031139e-06
8927.82,True,forward,pilot_free_der_m,,,0.020072788776001244,0.9993550483960444,True,1,True,1,,True,0.8298918363731442,0.6707686573297663,0.9999999999999999,259469.82993722238,0.036719870503937616,0.11300649906584287,1.4908269625788066,1.9951448671321284,2.2461398324793538e-06
8930.32,True,forward,pilot_free_der_m,,,0.020054480291741106,0.9993559941218906,True,1,True,1,,True,0.8297411884076156,0.6708148834439277,0.9999999999998146,259423.7560883771,0.036732954600522894,0.11307221949536375,1.4907242291135046,1.9945959425737785,2.246849681988745e-06
8932.92,True,forward,pilot_free_der_m,,,0.020033338275657446,0.9993571121744204,True,1,True,1,,True,0.8295720736444697,0.6708748457058774,0.9999999999999141,259364.04880918944,0.036746635551531674,0.11314912733387035,1.4905909893636562,1.9939472493585895,2.2477703132909263e-06
8935.42,True,forward,pilot_free_der_m,,,0.020021157331078947,0.9993576636508718,True,1,True,1,,True,0.829411007929691,0.6709135185804358,0.9999999999256133,259305.49951621177,0.03675412113333718,0.11322914053141044,1.4905050684348722,1.993403981251121,2.2485380544201507e-06
8938.119999999999,True,forward,pilot_free_der_m,,,0.020006506666904667,0.9993583546757756,True,1,True,1,,True,0.8292727596308576,0.6709488727097511,0.9999999999998452,259299.9590169028,0.03677562030130433,0.11326642328934602,1.490426529760994,1.9929290188510744,2.248823972904626e-06
8940.72,True,forward,pilot_free_der_m,,,0.019992213835404504,0.9993590325602747,True,1,True,1,,True,0.8290926787413506,0.6709915372970209,0.9999999999202633,259238.03371328555,0.036784148159066575,0.11335191247349571,1.4903317617813765,1.9923240955107246,2.2496482740010232e-06
8948.619999999999,True,forward,pilot_free_der_m,,,0.019955746563584068,0.9993606469219048,True,1,True,1,,True,0.8285893425691853,0.671099389603927,0.9999999999999999,259099.55488915974,0.036818186757470506,0.11356662776436552,1.4900922508515246,1.990679742843527,2.2515767402370177e-06
8956.42,True,forward,pilot_free_der_m,,,0.01993160272018729,0.9993615979116841,True,1,True,1,,True,0.8284748893092827,0.6710251439661176,0.9999999999999999,259106.83077970942,0.03690981323894225,0.11333576335779239,1.4902571222435346,1.9907040507133413,2.25101368119427e-06
8964.72,True,forward,pilot_free_der_m,,,0.019916804252423204,0.9993619150849675,True,1,True,1,,True,0.8283302585442399,0.6709552607209356,0.999999999999914,259084.2091836014,0.037003585437294026,0.11310945142450975,1.4904123397518676,1.9906382240208536,2.2507396741785868e-06
8967.22,True,forward,pilot_free_der_m,,,0.019958609043100657,0.9993591212858828,True,1,True,1,,True,0.828305018489008,0.6708823474498183,0.9999999999948671,259087.04259268582,0.03700831460015964,0.11307080971144168,1.4905743217064846,1.990871526770927,2.2502240647619744e-06
8969.72,True,forward,pilot_free_der_m,,,0.02015096741330566,0.9993468611247444,True,1,True,1,,True,0.8282404512917315,0.6706358107282722,0.9999999999999999,259041.99778642153,0.036916904322481264,0.11319921500473548,1.4911222812782052,1.9917106167470937,2.2489545455089823e-06
8972.32,True,forward,pilot_free_der_m,,,0.020329562605150234,0.9993355507403509,True,1,True,1,,True,0.8281929726156696,0.6703412584044561,0.9999999999999999,259002.27826545082,0.03679132788088035,0.11337955856212713,1.4917774901401657,1.992785136594448,2.2473141460397393e-06
8974.72,True,forward,pilot_free_der_m,,,0.02049410398026422,0.9993250467010857,True,1,True,1,,True,0.8281600534357858,0.6700832198574209,0.9999999999999999,258970.40697822947,0.03667960855354575,0.11354023801303191,1.4923519502738452,1.9937479730651302,2.2458506825855865e-06
8977.42,True,forward,pilot_free_der_m,,,0.02067678402946926,0.9993132872957944,True,1,True,1,,True,0.8281185285215106,0.6698198386674887,0.9999999999999769,258906.40856238277,0.03655520753856346,0.11373456791228638,1.492938760950011,1.9947122937237547,2.244628709660685e-06
8979.82,True,forward,pilot_free_der_m,,,0.0208398194933324,0.9993026963351601,True,1,True,1,,True,0.8280856989644396,0.6695600997327333,0.9999999999999999,258884.8813519224,0.036449568624737305,0.11387969992655708,1.4935179088466704,1.9956834607356997,2.2430620625711386e-06
8982.519999999999,True,forward,pilot_free_der_m,,,0.02100035444180151,0.9992922630413971,True,1,True,1,,True,0.8280510483008963,0.6693278600284557,0.9999999999999999,258845.3596961944,0.036335181155349665,0.11405809183084155,1.4940361214868392,1.9965395672781254,2.241836124213643e-06
8985.119999999999,True,forward,pilot_free_der_m,,,0.021157185222119703,0.9992819966707805,True,1,True,1,,True,0.8280407256848873,0.6690746825858649,0.9999999999999998,258826.4554104123,0.036223405275278474,0.11421501119391954,1.4946014638233842,1.9975396390101376,2.240289371291277e-06
8987.519999999999,True,forward,pilot_free_der_m,,,0.021302539829620118,0.9992724176288471,True,1,True,1,,True,0.8280097120033456,0.668852540503042,0.9999999999999999,258781.41284972147,0.036116830320480325,0.11438165380001898,1.495097857067124,1.9983646634611254,2.2391777620165715e-06
8990.119999999999,True,forward,pilot_free_der_m,,,0.02146276080109453,0.9992617841684347,True,1,True,1,,True,0.827994989745446,0.6686099310109996,0.9999999999999999,258745.34539574338,0.036003569854205456,0.11455185514335706,1.495640363115618,1.9993124588546947,2.237849266358446e-06
8992.72,True,forward,pilot_free_der_m,,,0.021624813716582286,0.9992509551057488,True,1,True,1,,True,0.8279461195313847,0.6683573977526058,0.999999999999962,258693.13730021656,0.035885056700163315,0.11473882595958033,1.496205478330195,2.0002186042452945,2.2365922666285594e-06
8995.42,True,forward,pilot_free_der_m,,,0.021796574417521145,0.9992393912303315,True,1,True,1,,True,0.8279389713395443,0.6681012243048952,0.9999999999999999,258677.08278963147,0.03577101100498601,0.11490173650733038,1.4967791760004905,2.001240927757074,2.234997133129808e-06
8998.019999999999,True,forward,pilot_free_der_m,,,0.0219641877838053,0.9992280228874836,True,1,True,1,,True,0.8279089754429677,0.667863475532149,0.9999999999999999,258624.25460578798,0.035654597256749965,0.1150883344951481,1.497312005576,2.0021338328724037,2.2338435838276926e-06
9000.72,True,forward,pilot_free_der_m,,,0.022142342976519902,0.9992158451940587,True,1,True,1,,True,0.8278921454440684,0.6676179744208276,0.9999999999999404,258589.98344524147,0.035538617173236135,0.11526612304586432,1.497862607530094,2.003090630058474,2.2324763084321963e-06
9003.22,True,forward,pilot_free_der_m,,,0.02230530041660417,0.9992046339093514,True,1,True,1,,True,0.8278722509568202,0.6673962655474049,0.999999999999968,258546.1523543418,0.035429530309540144,0.11544034690001871,1.4983601971158143,2.0039438499428215,2.2313519356369804e-06
9005.619999999999,True,forward,pilot_free_der_m,,,0.022467615320243176,0.9991933802997286,True,1,True,1,,True,0.8278478697335615,0.6671652597745916,0.9999999999999999,258510.47085509586,0.035322409164145974,0.11560617237449074,1.4988790038885715,2.004824511753436,2.2300933849291386e-06
9008.22,True,forward,pilot_free_der_m,,,0.022643473803602075,0.9991811051910884,True,1,True,1,,True,0.8278476553586473,0.6668831583326849,0.9999999999999999,258517.63190466518,0.035209086288650326,0.11575541068237184,1.499513051881773,2.005972286222833,2.2281179888748757e-06
9010.82,True,forward,pilot_free_der_m,,,0.022822550099552183,0.9991685102180471,True,1,True,1,,True,0.8278157608747766,0.6666672511246318,0.9999999999999999,258464.53244823616,0.03509714197613095,0.11594418124359182,1.4999986849707312,2.0067743905100373,2.2271103680772525e-06
9013.62,True,forward,pilot_free_der_m,,,0.023017578063922593,0.9991546872721757,True,1,True,1,,True,0.8277996340199674,0.6663940191595741,0.9999999999999999,258428.25566236288,0.034972133862548105,0.11613562832795618,1.5006137078798434,2.0078488580516045,2.2255677161922584e-06
9016.22,True,forward,pilot_free_der_m,,,0.023196104673931465,0.9991419461066212,True,1,True,1,,True,0.8277848013957041,0.6661593217871636,0.9999999999999999,258380.0502294808,0.03485655795797237,0.11632390271058793,1.5011423953615373,2.0087700131470925,2.224388489077644e-06
9019.02,True,forward,pilot_free_der_m,,,0.023394815038580905,0.9991276433099435,True,1,True,1,,True,0.8277650550369227,0.6658793101480388,0.9999999999999999,258356.46314517644,0.034735694377842984,0.11649969520121527,1.5017736469055918,2.0098647676930206,2.2226884687901585e-06
9026.62,True,forward,pilot_free_der_m,,,0.023944278450458132,0.9990875015085819,True,1,True,1,,True,0.8276980511425098,0.6651721631086863,0.9999999999999999,258243.54020556022,0.034399124254279496,0.11703867947739532,1.503370188142711,2.012591305507684,2.2188491135984254e-06
9034.72,True,forward,pilot_free_der_m,,,0.024544871606974116,0.9990425314961826,True,1,True,1,,True,0.8274103213224583,0.664523684583351,0.9999999999999999,258038.93886833903,0.03400906989660272,0.11788586850869905,1.5048372589262773,2.0145449862414857,2.2161890209849045e-06
9042.62,True,forward,pilot_free_der_m,,,0.025145891257589613,0.9989965932555972,True,1,True,1,,True,0.8273443469467775,0.6637733150369775,0.9999999999999999,257893.52003197966,0.03365241771663398,0.11847548276861825,1.5065384180807146,2.0174599568245175,2.2123173941546053e-06
9045.12,True,forward,pilot_free_der_m,,,0.025320193902309735,0.9989830820530042,True,1,True,1,,True,0.8273354884972179,0.6635415199811603,0.9999999999999999,257889.50134993388,0.03355342552527447,0.11862275310201859,1.507064697365724,2.018389649241692,2.210768857776828e-06
9047.72,True,forward,pilot_free_der_m,,,0.025188224021979108,0.9989933849812629,True,1,True,1,,True,0.8273397167579335,0.6636430444064072,0.9999999999999999,257879.66765819883,0.03360636984071647,0.11852174130817435,1.5068341458990893,2.0179832320344206,2.211546590664849e-06
9050.12,True,forward,pilot_free_der_m,,,0.025104268474605253,0.9989996451881056,True,1,True,1,,True,0.827302714054971,0.6637425230094619,0.9999999999999999,257873.16347326973,0.033675023789015525,0.11839206382117473,1.506608308694642,2.017484768979141,2.2122817586312217e-06
9052.72,True,forward,pilot_free_der_m,,,0.025019921201380347,0.9990059038271323,True,1,True,1,,True,0.8272778431382317,0.6638053487429297,0.9999999999999997,257909.88413363366,0.03374978463751427,0.11822087753156289,1.5064657160321666,2.0171663763019505,2.2123957408021025e-06
9055.42,True,forward,pilot_free_der_m,,,0.024929054850670464,0.9990126615848025,True,1,True,1,,True,0.827245243277931,0.6639185965692466,0.9999999999999999,257871.87441058632,0.03381858339612596,0.11810024942462725,1.506208750842996,2.016622415534382,2.213495105235067e-06
9058.22,True,forward,pilot_free_der_m,,,0.024828330785969327,0.9990201751028893,True,1,True,1,,True,0.8272228290448447,0.6639839165519793,0.9999999999999999,257908.3342821686,0.033892086055534835,0.11793478157054933,1.506060576275594,2.016299943339311,2.213628083779526e-06
9060.82,True,forward,pilot_free_der_m,,,0.024750686590965267,0.9990258408251527,True,1,True,1,,True,0.8271880609734942,0.6640346811085375,0.9999999999999999,257904.60373856153,0.033954129799393974,0.11780300910485224,1.505945439974013,2.0160070888897352,2.2140066180135373e-06
9063.52,True,forward,pilot_free_der_m,,,0.02467043683057818,0.9990316803634668,True,1,True,1,,True,0.8271391330637339,0.6641057710223415,0.9999999999999999,257877.77178938728,0.0340178057028837,0.11768181454334446,1.5057842344308712,2.015596473024075,2.214722250045082e-06
9066.02,True,forward,pilot_free_der_m,,,0.024598305667893946,0.9990369078876602,True,1,True,1,,True,0.8271060000485937,0.6641480948998775,0.9999999999980217,257896.53550616885,0.034078596250592376,0.11754628107082567,1.5056882759691947,2.015342297326231,2.214849979122117e-06
9068.72,True,forward,pilot_free_der_m,,,0.02451838672266814,0.999042700746545,True,1,True,1,,True,0.827067137517276,0.6642100686564637,0.9999999999999973,257912.96065111062,0.034150992770799964,0.11738948884846334,1.505547788552431,2.0149936926972063,2.2151318494885686e-06
9071.32,True,forward,pilot_free_der_m,,,0.0244410934224115,0.9990482884084276,True,1,True,1,,True,0.8270279921345113,0.6642656829042538,0.9999999999999999,257910.8724288673,0.03421424505134399,0.1172572645724262,1.5054217397290088,2.014670512240613,2.215529283475812e-06
9073.82,True,forward,pilot_free_der_m,,,0.024363778984657913,0.9990538782302101,True,1,True,1,,True,0.8269990329555834,0.6643044016252411,0.9999999999999999,257927.89703594425,0.034275995024049474,0.1171176342141934,1.5053339968145165,2.0144413901001865,2.215647221145262e-06
9076.42,True,forward,pilot_free_der_m,,,0.02428151798224987,0.9990598201033066,True,1,True,1,,True,0.8269505807796483,0.6643731377504725,0.999999999999994,257916.69287275552,0.03434035781474362,0.11699223215570889,1.5051782547770278,2.0140419083845646,2.2162124398379015e-06
9079.02,True,forward,pilot_free_der_m,,,0.02419513525687191,0.9990660640232486,True,1,True,1,,True,0.8269240466796363,0.6644101750073733,0.9999999999999999,257949.4814760441,0.03440745426864415,0.11683626628055511,1.5050943492683602,2.0138256507451313,2.21618337801165e-06
9081.42,True,forward,pilot_free_der_m,,,0.02412193679886523,0.9990713084145667,True,1,True,1,,True,0.8268556701673271,0.6644552847498008,0.9999999999999999,257917.11298501192,0.03445853132850336,0.11674110163767766,1.504992168700333,2.013474483971256,2.21676924289786e-06
9084.02,True,forward,pilot_free_der_m,,,0.02403478240569577,0.9990775790967035,True,1,True,1,,True,0.8268515480472103,0.6645163084874925,0.9999999999999999,257920.73379626469,0.034524054182411945,0.11660057455692625,1.5048539625402162,2.013214693375155,2.2171543876115823e-06
9086.52,True,forward,pilot_free_der_m,,,0.02395852449621577,0.999083014487557,True,1,True,1,,True,0.8267910599528834,0.6645649536558836,0.9999999999999999,257918.9862665241,0.03458493276959405,0.11647653774809515,1.5047438094633665,2.012868369545489,2.217501215131993e-06
9089.12,True,forward,pilot_free_der_m,,,0.023887455048187477,0.9990880249129962,True,1,True,1,,True,0.8267544188298808,0.6646285005035852,0.9999999999999999,257904.2026488971,0.034647746892277086,0.11635163287237607,1.5045999370209155,2.0125191917325487,2.2180617693847165e-06
9091.72,True,forward,pilot_free_der_m,,,0.023804445993176656,0.9990939349839852,True,1,True,1,,True,0.8267267435585199,0.6646859786540736,0.9999999999999981,257902.12657672822,0.03471238810667489,0.11621554377150842,1.504469828030529,2.012216722990592,2.2184716461791096e-06
9094.42,True,forward,pilot_free_der_m,,,0.023730015647371958,0.9990991661250174,True,1,True,1,,True,0.8266730152730308,0.6647774254709127,0.9999999999999999,257853.3616310279,0.03477741732489328,0.11610238062539319,1.504262873083609,2.0117120069553325,2.2195149601797977e-06
9097.02,True,forward,pilot_free_der_m,,,0.02365448697068614,0.9991044860568384,True,1,True,1,,True,0.826639800880996,0.6648504325544018,0.9999999999993178,257822.2988119591,0.03483698538323264,0.11599270041295473,1.5040976902989263,2.0113327158815455,2.2202803600510465e-06
9104.82,True,forward,pilot_free_der_m,,,0.02342980034579033,0.9991202250474779,True,1,True,1,,True,0.8265554563511561,0.6650253532871783,0.9999999999999999,257828.36843235057,0.03503627985225939,0.11557436115583115,1.5037020694881227,2.010412697184658,2.2214210284816556e-06
9112.62,True,forward,pilot_free_der_m,,,0.0232093141934178,0.9991356531173742,True,1,True,1,,True,0.8267338104414206,0.6650712340600659,0.9999999999999999,257881.73188164516,0.035262410705812514,0.1148736432717952,1.5035983347156539,2.01065903046926,2.2212741420576616e-06
9120.42,True,forward,pilot_free_der_m,,,0.0229903022105907,0.9991506987841478,True,1,True,1,,True,0.8265204285724553,0.665330362469501,0.9999999999999981,257792.32581559694,0.03544064401875932,0.11462756628851659,1.503012723315838,2.009081946414034,2.2238113872261486e-06
9123.22,True,forward,pilot_free_der_m,,,0.022912850570092576,0.9991559881394539,True,1,True,1,,True,0.8264621284859844,0.6654134817433942,0.9999999999999999,257778.05701010095,0.035506084233647976,0.11452612573695249,1.5028249764041202,2.008600998001569,2.224501140725085e-06
9125.72,True,forward,pilot_free_der_m,,,0.02284118259032949,0.9991608783449845,True,1,True,1,,True,0.8264096845536383,0.6654967155253899,0.9999999999999756,257754.83958895336,0.0355647884334858,0.11444068815040535,1.5026370178408848,2.008133934329852,2.225268944001369e-06
9128.12,True,forward,pilot_free_der_m,,,0.022756404095801566,0.9991668135733813,True,1,True,1,,True,0.8263378517055743,0.6655472828501168,0.9999999999999999,257714.9843232159,0.03560139263807488,0.11439784831166994,1.5025228496428298,2.0077531161279807,2.22595783533898e-06
9130.72,True,forward,pilot_free_der_m,,,0.022662946186418478,0.999173334205423,True,1,True,1,,True,0.8262881959098339,0.665638423334522,0.9999999999999999,257701.33027651397,0.03565564537810512,0.11432304796235522,1.5023171213441833,2.007260789744212,2.2266971271251356e-06
9133.22,True,forward,pilot_free_der_m,,,0.022572868817722247,0.9991796018846981,True,1,True,1,,True,0.8262393285520538,0.6656935615250325,0.9999999999999999,257702.7976094877,0.03570369961773886,0.1142451871092341,1.5021926871413738,2.0069172774131445,2.227060316573684e-06
9135.92,True,forward,pilot_free_der_m,,,0.02247975418133799,0.9991860296629049,True,1,True,1,,True,0.8261902434805907,0.665791598535984,0.9999999999999999,257659.1215048834,0.035755555007363674,0.11418399233955326,1.5019714910775537,2.006398452725333,2.2281061780464204e-06
9138.52,True,forward,pilot_free_der_m,,,0.02237741300661658,0.9991931359567713,True,1,True,1,,True,0.826139609577488,0.6659014588718215,0.9999999999999999,257625.7808822915,0.035808334947999294,0.11412243153824468,1.5017236960168434,2.0058278479781113,2.2291434783644553e-06
9141.22,True,forward,pilot_free_der_m,,,0.022272462521883852,0.9992003903798016,True,1,True,1,,True,0.8260846333964521,0.6660095302988724,0.9999999999999999,257590.14504405798,0.035860934334969126,0.11406224941090609,1.5014800156857349,2.0052541718581667,2.2301886184188682e-06
9143.72,True,forward,pilot_free_der_m,,,0.022175098968138515,0.9992070924255818,True,1,True,1,,True,0.8260500787572619,0.666085137696793,0.9999999999999999,257585.76389464363,0.03591249582527648,0.11398218737216481,1.5013095825224785,2.004862416087922,2.2307419353128875e-06
9146.12,True,forward,pilot_free_der_m,,,0.02208273810717053,0.9992134234154181,True,1,True,1,,True,0.8260045271103579,0.6661747483534928,0.9999999999999999,257559.63585713477,0.035959797053440705,0.11392388460568185,1.5011076335024474,2.004387059962872,2.2315790682454467e-06
9148.92,True,forward,pilot_free_der_m,,,0.021976383284677343,0.9992206855489053,True,1,True,1,,True,0.8259616477197809,0.6662854857178053,0.9999999999999812,257516.0463866549,0.03601307113754292,0.11386284662485321,1.5008581477992984,2.0038323443405073,2.2327116831979164e-06
9151.32,True,forward,pilot_free_der_m,,,0.021889095930930302,0.9992266147593909,True,1,True,1,,True,0.8259282014385054,0.6663839685434413,0.9999999999999999,257502.56775309396,0.0360648368677747,0.11379333394934919,1.5006363406157037,2.0033505352058487,2.233499836915094e-06
9153.92,True,forward,pilot_free_der_m,,,0.02180234713906712,0.9992324664810226,True,1,True,1,,True,0.8258795714230834,0.6664720589158724,0.9999999999913757,257488.01823686055,0.03611667164895969,0.11372227807496148,1.5004379952822657,2.00287430211453,2.2342264514458392e-06
9156.52,True,forward,pilot_free_der_m,,,0.021725086329430782,0.9992376334146832,True,1,True,1,,True,0.8258435992152114,0.6666076527028033,0.9999999999999999,257467.88018220014,0.036177642616424754,0.11364812986426774,1.5001327931736697,2.00223576855839,2.2353253265648284e-06
9159.22,True,forward,pilot_free_der_m,,,0.021636680417705164,0.9992435546514408,True,1,True,1,,True,0.8258256411546503,0.6667305135886263,0.9999999999999887,257447.81346555168,0.03623671976727468,0.11357040228757244,1.4998563581822058,2.001692882777323,2.236336827690283e-06
9161.72,True,forward,pilot_free_der_m,,,0.021566380163263826,0.9992482134320259,True,1,True,1,,True,0.8257731774741058,0.6668248732564541,0.9999999999999964,257439.33807119104,0.03628998577644477,0.1134983010057585,1.4996441196269032,2.0011823423192503,2.2370534227726117e-06
9164.12,True,forward,pilot_free_der_m,,,0.021491422761400977,0.999253192999173,True,1,True,1,,True,0.825754101156759,0.6669191140139538,0.9999999999999999,257445.15129553384,0.03634436250273743,0.11341639359577058,1.4994322084748004,2.000753323644393,2.2376449765651925e-06
9166.82,True,forward,pilot_free_der_m,,,0.021392993629951593,0.9992597525964038,True,1,True,1,,True,0.82570883007072,0.6670532339142121,0.9999999999999999,257409.0534257937,0.03640189996827602,0.11335580072125644,1.4991307277412993,2.0000990559175906,2.2388725328221668e-06
9169.42,True,forward,pilot_free_der_m,,,0.021315878829699122,0.9992648246583126,True,1,True,1,,True,0.8256771780663188,0.6671254452057394,0.9999999999999807,257438.08762561373,0.036458832263317344,0.11325981158541812,1.4989684581609444,1.9997292704211758,2.2391118842640572e-06
9172.02,True,forward,pilot_free_der_m,,,0.021225441298774135,0.9992707928827405,True,1,True,1,,True,0.8256331380646709,0.6672178050657148,0.9999999999999827,257436.72146771313,0.03651255683425833,0.11318858456996166,1.4987609629234817,1.999247808166886,2.2397527956475115e-06
9174.62,True,forward,pilot_free_der_m,,,0.021139323901493923,0.9992764422829955,True,1,True,1,,True,0.8255919284525385,0.6673003829860591,0.9999999999999999,257440.37954383326,0.03656577359947009,0.11311205829204804,1.4985754923819539,1.9988130084735296,2.240283305956309e-06
9182.12,True,forward,pilot_free_der_m,,,0.020898554691783863,0.9992921104375373,True,1,True,1,,True,0.8254475327717439,0.6675455752238085,0.9999999999999987,257440.21604211594,0.03671816215684755,0.11290332187324742,1.498025059434673,1.9974692919876982,2.2419540746243344e-06
9190.22,True,forward,pilot_free_der_m,,,0.020651050836005793,0.9993079595340975,True,1,True,1,,True,0.8251245495634367,0.6678980077510096,0.9999999999999999,257383.44768937243,0.036857740221278114,0.112881701609425,1.4972345903040887,1.9952604625863621,2.244847625862261e-06
9198.02,True,forward,pilot_free_der_m,,,0.020426846109698072,0.9993222454596858,True,1,True,1,,True,0.825146946149854,0.6680757183960769,0.9999999999999999,257441.26358249263,0.03704113813839146,0.11247482664169434,1.496836320291374,1.9945954196189466,2.2455524965005624e-06
9200.42,True,forward,pilot_free_der_m,,,0.02035894525816344,0.99932653973038,True,1,True,1,,True,0.8251539882320713,0.668121981529664,0.9999999999999997,257466.82367346846,0.03709785119812818,0.11234482516549885,1.4967326740403026,1.9944252668356364,2.245644232654187e-06
9203.12,True,forward,pilot_free_der_m,,,0.020510298517089104,0.9993166832368351,True,1,True,1,,True,0.8251410624201538,0.6679307974846024,0.99999999999996,257443.0685369724,0.037022515943684504,0.11243379320341171,1.4971610887923053,1.995167667575756,2.2445508424771445e-06
9205.52,True,forward,pilot_free_der_m,,,0.02064821022813267,0.9993076185553172,True,1,True,1,,True,0.8251158369130095,0.6677432891272814,0.9999999999999999,257426.2105542818,0.03695574115108837,0.11250731803745344,1.497581505172395,1.9958657936936808,2.243421833688174e-06
9208.22,True,forward,pilot_free_der_m,,,0.02080609222847915,0.9992971688041318,True,1,True,1,,True,0.8251128085835382,0.6675557503642545,0.9999999999999658,257425.02381949953,0.03688914909698056,0.11257349755631833,1.4980022259628678,1.9966180812280014,2.2421556541607293e-06
9210.82,True,forward,pilot_free_der_m,,,0.020966244683173416,0.9992864916137658,True,1,True,1,,True,0.8250908524101008,0.667352321083055,0.9999999999999999,257407.71760486395,0.03681527905917139,0.11265605124678565,1.4984588625946285,1.9973893263556182,2.240921270902961e-06
9213.52,True,forward,pilot_free_der_m,,,0.021098274580798864,0.9992776927971013,True,1,True,1,,True,0.8250657292955635,0.6671213276526765,0.9999999999999999,257384.61155861503,0.036728263512487924,0.1127594162578789,1.498977709974564,1.9982650864094065,2.2395490475884186e-06
9216.12,True,forward,pilot_free_der_m,,,0.021229293600406544,0.9992688991969396,True,1,True,1,,True,0.8250536581178674,0.6669082093358485,0.9999999999999999,257365.88092555042,0.036649815633628645,0.11284770480647659,1.4994567258301803,1.9991004420593093,2.238259872772511e-06
9218.92,True,forward,pilot_free_der_m,,,0.021371808264550544,0.9992592748096469,True,1,True,1,,True,0.8250230944594892,0.666675510847016,0.9999999999999999,257334.8074934122,0.03656239977061795,0.11295291200290482,1.4999801008582012,1.9999709271239057,2.2369439129453465e-06
9221.52,True,forward,pilot_free_der_m,,,0.02150364338954363,0.999250316583051,True,1,True,1,,True,0.825008239939766,0.6664411344249794,0.9999999999999999,257306.17602068683,0.036476710415291894,0.11305308711839758,1.5005076192705642,2.0008868331813576,2.2355944961455878e-06
9224.22,True,forward,pilot_free_der_m,,,0.021636694883758755,0.9992412351968554,True,1,True,1,,True,0.8250103254696411,0.6662233745160148,0.9999999999999999,257292.9561377638,0.036396262153156604,0.11314246411468885,1.5009980709945232,2.0017768444194592,2.2342238385616057e-06
9226.92,True,forward,pilot_free_der_m,,,0.02177125954797181,0.9992319965459731,True,1,True,1,,True,0.8249855774441806,0.6660008404487071,0.9999999999999997,257265.4019388903,0.03631188047954791,0.11324581930186002,1.5014996067066013,2.002621645524725,2.232944447267826e-06
9229.52,True,forward,pilot_free_der_m,,,0.021903818757984406,0.9992228413421869,True,1,True,1,,True,0.8249570342685505,0.6657530728136092,0.9999999999917387,257246.60025710735,0.036225970325690186,0.11334117089674443,1.502058406978932,2.003560394909317,2.231416120976549e-06
9232.12,True,forward,pilot_free_der_m,,,0.02203862312180227,0.9992134751335257,True,1,True,1,,True,0.8249533354254887,0.6655458583571532,0.9999999999999999,257209.38484623618,0.03614223552820725,0.11344869246228953,1.5025260655492922,2.0043949573678965,2.230323695870418e-06
9234.92,True,forward,pilot_free_der_m,,,0.02218508113212328,0.9992032372009916,True,1,True,1,,True,0.8249650699033877,0.6653107183855559,0.9999999999999999,257208.3713203898,0.03605839163704649,0.11353579322102811,1.5030571015398664,2.0053812643977014,2.2287260027544705e-06
9237.42,True,forward,pilot_free_der_m,,,0.022316320301381445,0.9991940094115304,True,1,True,1,,True,0.8249453150449122,0.6650861759060408,0.9999999999999999,257184.9177106556,0.035976625993375526,0.11363198070068287,1.5035645548303707,2.0062484009898243,2.2273945774038392e-06
9239.82,True,forward,pilot_free_der_m,,,0.022445400032442102,0.999184879320198,True,1,True,1,,True,0.8249217606079431,0.6649099267611284,0.9999999999999999,257128.60658069386,0.035898593028173754,0.11374630306401731,1.5039631080124543,2.0069098050488594,2.2266772015705453e-06
9242.32,True,forward,pilot_free_der_m,,,0.02258076789619382,0.9991752508691725,True,1,True,1,,True,0.8249229945712911,0.6646801220007391,0.9999999999999843,257136.2306004023,0.035822548602164106,0.11381870496787992,1.5044830842690258,2.0078503782184582,2.22503943739703e-06
9244.92,True,forward,pilot_free_der_m,,,0.022722655742140593,0.9991650996052789,True,1,True,1,,True,0.8249124100735079,0.6644618625258699,0.9999999999999999,257115.9219136702,0.03573996397212834,0.11391868873816777,1.504977270175632,2.008715595693871,2.22372186120148e-06
9247.62,True,forward,pilot_free_der_m,,,0.022873330941024353,0.9991542495345421,True,1,True,1,,True,0.8249041939883435,0.6642389261834166,0.9999999999999702,257086.80986708295,0.035653915918850115,0.11402558015075774,1.5054823807839286,2.0096061788067137,2.2224477473254345e-06
9250.12,True,forward,pilot_free_der_m,,,0.0230159032544411,0.999143917593074,True,1,True,1,,True,0.8248889738005604,0.6640203453847517,0.9999999999999999,257068.0095400391,0.035573593549947526,0.11412068315264862,1.5059779522577312,2.010462400381275,2.221113642232308e-06
9252.72,True,forward,pilot_free_der_m,,,0.023167864759728422,0.999132832277666,True,1,True,1,,True,0.8248841731462807,0.6638104056110282,0.9999999999999999,257048.3170432499,0.035494063825173075,0.11421440987869258,1.5064542398661465,2.011309164049817,2.219845826221417e-06
9260.72,True,forward,pilot_free_der_m,,,0.023641411469026187,0.999097845784774,True,1,True,1,,True,0.8248604052111979,0.6631403866571793,0.9999999999994095,256969.0977295636,0.03524015125336606,0.11452046792914339,1.5079763201277845,2.0139940736516264,2.2159369252631865e-06
9268.92,True,forward,pilot_free_der_m,,,0.024135275757710888,0.9990605430596019,True,1,True,1,,True,0.82459832542979,0.6625770232721729,0.9999999999999988,256798.75490005958,0.034948672446912674,0.11511445241988956,1.509258493543051,2.0156634296055067,2.2135391851919404e-06
9276.72,True,forward,pilot_free_der_m,,,0.024613472712509236,0.9990237773485752,True,1,True,1,,True,0.8244811187996794,0.6619806524905236,0.9999999999999999,256679.3802674696,0.034685411469227496,0.11555051122150149,1.5106181672194945,2.017824867095088,2.210469512766891e-06
9279.52,True,forward,pilot_free_der_m,,,0.024847676197467517,0.9990055615324203,True,1,True,1,,True,0.8244514534975196,0.6616939813409689,0.9999999999999999,256646.4545613644,0.03455931690320567,0.11575200010153654,1.5112726248067578,2.018930298399701,2.20878133658865e-06
9282.02,True,forward,pilot_free_der_m,,,0.02445205247345615,0.9990359562881913,True,1,True,1,,True,0.8244362603818991,0.6620918755876829,0.9999999999999999,256670.95335586372,0.03477216205179869,0.11539548715108695,1.51036440239111,2.0172582738068585,2.2113068302392067e-06
9284.42,True,forward,pilot_free_der_m,,,0.024069783383086175,0.9990649643488921,True,1,True,1,,True,0.8244243756370975,0.6624496224081277,0.9999999999999152,256707.00350866985,0.03496928471061782,0.11505899685886134,1.5095487508389378,2.0157608105539317,2.2134550078869985e-06
9287.12,True,forward,pilot_free_der_m,,,0.023649758831978014,0.9990963282353617,True,1,True,1,,True,0.8244214572879897,0.6628546084568202,0.9999999999999999,256759.74629205943,0.0351957470002603,0.11466907592465725,1.5086264578111357,2.014093070706259,2.2157818095003233e-06
9289.72,True,forward,pilot_free_der_m,,,0.023227597201374975,0.9991273539941857,True,1,True,1,,True,0.8244281086300553,0.663288159148194,0.9999999999999999,256804.36037584097,0.035427103633205885,0.11428171569614523,1.5076403614444394,2.012333534867716,2.218372448267128e-06
9292.42,True,forward,pilot_free_der_m,,,0.02281774232369594,0.9991569089989066,True,1,True,1,,True,0.8244213111692792,0.6637110595579039,0.9999999999999999,256859.0773089806,0.03566593901134246,0.11387549728863972,1.50667972998084,2.0105867436422455,2.2208001850587186e-06
9295.02,True,forward,pilot_free_der_m,,,0.02244842031446831,0.9991830466278343,True,1,True,1,,True,0.8243959888551019,0.6641140367621188,0.9999999999999999,256885.9098684539,0.03589221113891343,0.1135042974907414,1.5057654930401558,2.008878138020439,2.223330149578482e-06
9297.62,True,forward,pilot_free_der_m,,,0.022086441586284485,0.999208279658525,True,1,True,1,,True,0.8243913778985474,0.6644967925824518,0.9999999999999999,256934.9452408059,0.036118680530895605,0.11311988898707022,1.504898159272783,2.0073043124474554,2.225527365585617e-06
9300.12,True,forward,pilot_free_der_m,,,0.021750108737517742,0.9992313765056167,True,1,True,1,,True,0.8243488488943541,0.6649001816329912,0.9999999999999999,256952.6839250744,0.03633535407911309,0.11278010712327696,1.5039851508898754,2.005555717168209,2.2281350063174036e-06
9302.62,True,forward,pilot_free_der_m,,,0.021427189697551835,0.9992532172065868,True,1,True,1,,True,0.8243467452306016,0.6652698385865073,0.9999999999999998,257025.18576527032,0.03656019893767388,0.11239322130456061,1.5031494620659347,2.004044649742964,2.2300349077132584e-06
9305.12,True,forward,pilot_free_der_m,,,0.02111197335912187,0.9992742354532891,True,1,True,1,,True,0.8243061404858547,0.6656284159459392,0.9999999999999999,257068.76131681862,0.03677331697910914,0.11204467733310221,1.5023397079267984,2.002486589809207,2.232107969675545e-06
9307.62,True,forward,pilot_free_der_m,,,0.02079777123821217,0.9992949059142348,True,1,True,1,,True,0.8242896462406661,0.6659835175357535,0.9999999999999999,257119.09016261864,0.03699077369656748,0.11168075808961488,1.501538662248221,2.0010026981562152,2.2340967823739116e-06
9310.22,True,forward,pilot_free_der_m,,,0.020472838036400147,0.9993159890891627,True,1,True,1,,True,0.8242508562929252,0.6663401512364856,0.9999999999999999,257159.26119075355,0.03720961867292619,0.1113230248294469,1.500735019710823,1.9994599003854887,2.2361824913704664e-06
9312.92,True,forward,pilot_free_der_m,,,0.020138226982201635,0.999337386629405,True,1,True,1,,True,0.8242165125274225,0.6667068902432285,0.9999999999999999,257203.3522182353,0.03743593714699149,0.11095389479506951,1.4999095024129407,1.9978883798581994,2.238301243783579e-06
9315.62,True,forward,pilot_free_der_m,,,0.019821146095479747,0.9993573357897524,True,1,True,1,,True,0.8241824994429959,0.6670624217050025,0.9999999999999999,257241.84039899067,0.037659683775273775,0.11058865355153424,1.4991100794495564,1.9963646237403414,2.240390482020454e-06
9318.12,True,forward,pilot_free_der_m,,,0.019527034587647065,0.9993755918166349,True,1,True,1,,True,0.8241577573099499,0.6674134653511586,0.9999999999998419,257282.04123578925,0.03787103587997752,0.11025141461645487,1.498321583118934,1.9948829328793833,2.2424324765414256e-06
9320.52,True,forward,pilot_free_der_m,,,0.019260373130561486,0.9993919009834724,True,1,True,1,,True,0.8241225002799756,0.6677260503943114,0.9999999999999999,257302.96153829966,0.03806670548257779,0.10993892171520082,1.4976201683451935,1.993532745009941,2.2443790588955088e-06
9323.22,True,forward,pilot_free_der_m,,,0.018980226658009892,0.9994087781313229,True,1,True,1,,True,0.8240882767635281,0.6680948182727939,0.9999999999999999,257339.41381717226,0.03829168847127336,0.10958363111972308,1.4967935278786786,1.9919591607048823,2.246571217651481e-06
9325.82,True,forward,pilot_free_der_m,,,0.01870535276333743,0.9994251413897665,True,1,True,1,,True,0.8240566686043409,0.6684435153453535,0.9999999999999999,257363.29338424225,0.0385050920825101,0.10924860911847352,1.4960127176689666,1.9904744719674436,2.248734897188021e-06
9328.42,True,forward,pilot_free_der_m,,,0.01844664003709101,0.9994403162967432,True,1,True,1,,True,0.8240392976235412,0.668809748057751,0.9999999999999999,257388.5120394306,0.038722479687331904,0.10891099700218151,1.4951935178935984,1.9889548143256628,2.2510045784894597e-06
9331.02,True,forward,pilot_free_der_m,,,0.018193427586391104,0.9994549794815782,True,1,True,1,,True,0.8240177107004731,0.6691588594740104,0.9999999999996988,257414.05242016484,0.03893455932867347,0.10858399257743336,1.494413450321415,1.987495443260138,2.2531534880440298e-06
9339.02,True,forward,pilot_free_der_m,,,0.01748897513601776,0.9994946817367547,True,1,True,1,,True,0.8239352898871138,0.6701902762039703,0.9999999999999999,257518.51844747027,0.03958476929052086,0.10757727682633102,1.4921135616352228,1.98314688805334,2.259238840081091e-06
9346.82,True,forward,pilot_free_der_m,,,0.01691801012820122,0.9995256908802858,True,1,True,1,,True,0.8241823236253208,0.6710186168235919,0.9999999999999999,257719.607601984,0.04026494549019032,0.10624556026483693,1.4902716182953475,1.9804158199190411,2.2630859955985576e-06
9355.02,True,forward,pilot_free_der_m,,,0.0164504401056674,0.9995500547900975,True,1,True,1,,True,0.8241780091797126,0.6719933368580735,0.9999999999999097,257856.85495372265,0.04093130864915925,0.10518133402239802,1.4881099932857103,1.9765012738652155,2.268471306357947e-06
9357.52,True,forward,pilot_free_der_m,,,0.01630070429951437,0.9995576325476884,True,1,True,1,,True,0.8241784139714726,0.672414449073184,0.9999999999999999,257906.3469448963,0.04120133003193053,0.10476832288123585,1.4871780363707832,1.974818556456878,2.2708798233536438e-06
9360.02,True,forward,pilot_free_der_m,,,0.016343907036339797,0.9995553910261283,True,1,True,1,,True,0.8241329524921612,0.6722072300498492,0.9999999999999999,257869.83470058587,0.04111662890939521,0.10487205640687884,1.4876364836567475,1.9755378523677483,2.269801983068956e-06
9362.62,True,forward,pilot_free_der_m,,,0.016375330683153753,0.9995537556625431,True,1,True,1,,True,0.8240699566159687,0.6719956836190979,0.9999999999999998,257842.7498972269,0.04104082959698261,0.1049583958908209,1.488104796468934,1.9762327611016337,2.268611257453214e-06
9365.12,True,forward,pilot_free_der_m,,,0.01642879165587334,0.9995509193737429,True,1,True,1,,True,0.8240071211616942,0.6717876055179222,0.9999999999917014,257792.32838361178,0.040959935770195896,0.1050600611457335,1.4885657189532997,1.9769145102791044,2.2676485797130788e-06
9367.72,True,forward,pilot_free_der_m,,,0.016500996688618645,0.9995470551407308,True,1,True,1,,True,0.8239540326554018,0.6715512668972564,0.9999999999999999,257768.1064559642,0.0408738370769069,0.10515758471118021,1.4890895889754823,1.9777331234761768,2.2662636325790004e-06
9370.22,True,forward,pilot_free_der_m,,,0.016572292824141816,0.9995432278824966,True,1,True,1,,True,0.8238849781550571,0.671324855740104,0.9999999999999999,257722.39713049223,0.04078594471352939,0.1052680444906345,1.489591799632604,1.9784740847117066,2.2651339206111164e-06
9372.82,True,forward,pilot_free_der_m,,,0.016614135816588032,0.9995410454725436,True,1,True,1,,True,0.823850548752947,0.6711376446001324,0.9999999999999999,257687.90822471923,0.04070193709238693,0.10537582912102164,1.4900073152591606,1.9791415047715786,2.2641700971614895e-06
9375.32,True,forward,pilot_free_der_m,,,0.016658528225645515,0.9995387128121426,True,1,True,1,,True,0.8237973571460314,0.670942642180001,0.9999999999999999,257646.88992612017,0.0406165962127875,0.10548744508392065,1.4904403702093496,1.9797953755316853,2.2632102963727896e-06
9377.82,True,forward,pilot_free_der_m,,,0.016706873872157996,0.9995361528693265,True,1,True,1,,True,0.8237637309661132,0.6707357019010675,0.9999999999999999,257606.3137787425,0.040529106433242076,0.1055976138737102,1.4909002117610528,1.9805444677985327,2.2621650932889475e-06
9380.42,True,forward,pilot_free_der_m,,,0.016753341519115925,0.9995337007292718,True,1,True,1,,True,0.823725931000308,0.6705262297073383,0.9999999999999958,257564.88778864738,0.0404389608686188,0.10571289734238087,1.491365968541546,1.9812940611582357,2.261109475533613e-06
9383.12,True,forward,pilot_free_der_m,,,0.016804573057420846,0.9995309855055007,True,1,True,1,,True,0.8236852578302852,0.6703169377252455,0.9999999999999999,257518.9463035466,0.04034627768108685,0.10583443142786243,1.491831615345348,1.9820363975991437,2.2600939736478165e-06
9385.72,True,forward,pilot_free_der_m,,,0.016860755299402393,0.9995279838330003,True,1,True,1,,True,0.8236609109128589,0.6701263928659256,0.9999999999999999,257482.44929956296,0.04026011584994816,0.1059460555683179,1.4922558052419124,1.9827430963647463,2.259122016304546e-06
9388.32,True,forward,pilot_free_der_m,,,0.016928106747596112,0.9995243473780216,True,1,True,1,,True,0.8236280519153203,0.6699403351925851,0.9999999999999999,257440.75842142093,0.04017393515483623,0.1060616125054164,1.492670238630331,1.9834115962687373,2.2582254643660786e-06
9391.22,True,forward,pilot_free_der_m,,,0.017015393242685858,0.9995195905163743,True,1,True,1,,True,0.8236013207037273,0.6697400796922697,0.9999999999999999,257397.46017736325,0.040079834918920004,0.10618731888587167,1.4931165542003655,1.9841522495348745,2.257246022073842e-06
9393.62,True,forward,pilot_free_der_m,,,0.017083506949111954,0.9995158713878093,True,1,True,1,,True,0.8235749136548416,0.6695609813877154,0.9999999999999999,257370.93533647797,0.04000127738209069,0.10628688047152209,1.4935159422334092,1.9848089381704135,2.2562625269148546e-06
9396.12,True,forward,pilot_free_der_m,,,0.017167174577323405,0.9995112598690895,True,1,True,1,,True,0.8235528211083272,0.6693945351679637,0.9999999999999999,257321.25683120525,0.039918279406666986,0.10640404792269514,1.4938873078028359,1.9854253999920441,2.2555674279435055e-06
9398.72,True,forward,pilot_free_der_m,,,0.017247039635532202,0.9995068513730009,True,1,True,1,,True,0.8235224503318797,0.6692000540871293,0.9999999999999999,257290.54706563728,0.03983222372228468,0.10651534803401014,1.4943214572271997,1.9861350251937666,2.254515037880004e-06
9401.32,True,forward,pilot_free_der_m,,,0.017327566038743497,0.9995023867894185,True,1,True,1,,True,0.8235118150835911,0.6690001489833931,0.9999999999999999,257280.25592825122,0.039749435217860084,0.10661158623421314,1.4947679780334748,1.9869144550375946,2.2532463403790585e-06
9403.92,True,forward,pilot_free_der_m,,,0.017423558750388826,0.9994970107737504,True,1,True,1,,True,0.8234711746899489,0.6688058806621437,0.9999999999999891,257243.3358038574,0.03966074056300894,0.10673299618757025,1.4952021639073363,1.987599142170998,2.252248638375446e-06
9406.32,True,forward,pilot_free_der_m,,,0.01751092674594079,0.9994920956457007,True,1,True,1,,True,0.8234445179047497,0.6686190197557458,0.9999999999999999,257218.6321465159,0.03958041490721854,0.10683574069466942,1.4956200324144404,1.9882880465093862,2.2511937876047847e-06
9409.22,True,forward,pilot_free_der_m,,,0.01762551161675433,0.999485599627731,True,1,True,1,,True,0.8234112690926301,0.6684015646235346,0.9999999999999999,257185.32969244054,0.039484425177707984,0.10695983926144256,1.4961066115445618,1.9890847628158088,2.2500054229445993e-06
9416.82,True,forward,pilot_free_der_m,,,0.017948514853309987,0.9994670455970596,True,1,True,1,,True,0.8233144427727503,0.6678271012082234,0.9999999999999997,257085.91301854065,0.03922853080922051,0.10729783192021339,1.497393559187421,1.9911698013269785,2.246962525249585e-06
9424.62,True,forward,pilot_free_der_m,,,0.018310904036437252,0.9994456907999135,True,1,True,1,,True,0.822810546693934,0.6674711651658626,0.9999999999999934,256853.2894621626,0.03890308351106146,0.10814691174522813,1.4981920601041985,1.9913888116236806,2.2465693781382594e-06
9432.92,True,forward,pilot_free_der_m,,,0.01873237319920294,0.9994203826377169,True,1,True,1,,True,0.8224935971711299,0.666949517477716,0.9999999999999999,256682.74366182843,0.038589116757810855,0.10878270681774165,1.4993638555760882,1.9927303296545107,2.244499043140337e-06
9435.32,True,forward,pilot_free_der_m,,,0.01893781849977883,0.9994078862211967,True,1,True,1,,True,0.8223852920246941,0.6667067799910792,0.9999999999999999,256605.63015343534,0.03844325365804252,0.10906022567927903,1.4999097504503858,1.9934499751978312,2.2435142573016027e-06
9438.02,True,forward,pilot_free_der_m,,,0.018839439870428076,0.9994137576264466,True,1,True,1,,True,0.8223098625398889,0.6668380988789895,0.9999999999999999,256604.72428255368,0.03851056689178195,0.10899950335974132,1.4996143766846606,1.9927358280006433,2.2444199061331896e-06
9440.42,True,forward,pilot_free_der_m,,,0.01875311702802015,0.9994189133159285,True,1,True,1,,True,0.8222348589149804,0.6669568577719213,0.9999999999999999,256582.30726726077,0.0385605934749247,0.10897193594548728,1.499347354101229,1.9920737792729102,2.2454278009605076e-06
9442.92,True,forward,pilot_free_der_m,,,0.018640932380522893,0.9994256197976712,True,1,True,1,,True,0.8221687058467928,0.6670959212025083,0.9999999999999999,256571.43547267673,0.038622093943867244,0.10892444354153152,1.4990347987698653,1.9913513353448682,2.2464734302190944e-06
9445.52,True,forward,pilot_free_der_m,,,0.01852534227175458,0.999432496148497,True,1,True,1,,True,0.8221033545777823,0.6672387298437249,0.9999999999999998,256551.12696855082,0.03868212759284363,0.1088839462243627,1.4987139613946143,1.9906159968967787,2.247627240132775e-06
9448.02,True,forward,pilot_free_der_m,,,0.018414297090258124,0.9994390682605819,True,1,True,1,,True,0.8220283439832372,0.6673647222118896,0.9999999999999446,256547.92995319495,0.03874084183824995,0.10883775987781803,1.498431017878171,1.9899254909193322,2.248516164142371e-06
9450.92,True,forward,pilot_free_der_m,,,0.01829791509206526,0.9994458831289053,True,1,True,1,,True,0.8219402112690921,0.6675076256582081,0.9999999999999999,256509.33939472894,0.038801888261658896,0.1088051517825832,1.4981102261025583,1.9891352274171914,2.2498308878880585e-06
9453.52,True,forward,pilot_free_der_m,,,0.018194822303032446,0.9994518852286456,True,1,True,1,,True,0.8218658715571832,0.6676178324714472,0.99999999999993,256516.82322008218,0.03886245875264478,0.10874876675267693,1.4978629260066958,1.9885105924859368,2.250518136222573e-06
9456.22,True,forward,pilot_free_der_m,,,0.01809110138521162,0.9994578893293916,True,1,True,1,,True,0.8217900473765921,0.6677778944399406,0.9999999999999999,256488.16233639343,0.03892602622695311,0.10871131298226383,1.49750389811674,1.9876815077253096,2.2518630228652563e-06
9458.62,True,forward,pilot_free_der_m,,,0.018005666521650924,0.9994627922263616,True,1,True,1,,True,0.8217148832145655,0.6679072108352241,0.9999999999999329,256476.62261646782,0.03898350695453969,0.10867034172136304,1.49721395992929,1.98697833925952,2.252847593159659e-06
9461.52,True,forward,pilot_free_der_m,,,0.017905571568952477,0.9994685004178812,True,1,True,1,,True,0.8216202416541187,0.6680219507022711,0.9999999999999066,256481.328285289,0.03904875771418102,0.10861134428813139,1.4969567975253464,1.986287089442064,2.2535898125452468e-06
9463.92,True,forward,pilot_free_der_m,,,0.01782133036413259,0.9994732845950729,True,1,True,1,,True,0.821543207192869,0.6681425110747701,0.9999999999999999,256456.68572382428,0.03910093319191754,0.10858176956073425,1.4966866849879166,1.9856151966780573,2.2546296097416325e-06
9466.82,True,forward,pilot_free_der_m,,,0.017712677499894063,0.9994794415071918,True,1,True,1,,True,0.8214484878650151,0.6682688786138598,0.9999999999998602,256447.7624341161,0.03916623461367604,0.10853002684995126,1.4964036662519518,1.9848774355842262,2.255570859458813e-06
9469.42,True,forward,pilot_free_der_m,,,0.01760641600750519,0.9994854501404242,True,1,True,1,,True,0.8213538538593249,0.6683630972560799,0.9999999999999999,256432.2100757188,0.03921855888245137,0.1084926108404498,1.4961927193548434,1.9842695426967287,2.256350899312146e-06
9471.82,True,forward,pilot_free_der_m,,,0.017519872681821116,0.999490296482428,True,1,True,1,,True,0.8212626496836799,0.6684573136954105,0.9999999999999046,256413.14235572345,0.039267305314495064,0.10846147989868199,1.4959818368530335,1.9836701235962697,2.2571618841001163e-06
9474.42,True,forward,pilot_free_der_m,,,0.017414547382914695,0.999496192807024,True,1,True,1,,True,0.8211719649189909,0.6685562891532847,0.9999999999999999,256393.87263742296,0.03931976080062913,0.10842568869301691,1.4957603663656849,1.9830529973381412,2.258007174135615e-06
9476.82,True,forward,pilot_free_der_m,,,0.01732830613302283,0.9995009753950768,True,1,True,1,,True,0.8210839053044905,0.6686584630435993,0.9999999999999499,256362.98934100175,0.03936763242060676,0.10840047579382556,1.4955318077455422,1.9824295419753464,2.2589766647230747e-06
9479.42,True,forward,pilot_free_der_m,,,0.01724211972299608,0.9995057182685746,True,1,True,1,,True,0.8209942296369299,0.6687745252674864,0.9999999999999999,256335.42742883874,0.03942191921373594,0.10836821679621016,1.4952722662395594,1.981746573175064,2.2600118097943233e-06
9482.12,True,forward,pilot_free_der_m,,,0.01714530064254262,0.9995110399038035,True,1,True,1,,True,0.8209043891767406,0.6689010289149114,0.9999999999999999,256296.8689310353,0.039477243818988164,0.1083399384304872,1.4949894779235067,1.9810215096357928,2.261215336662909e-06
9484.62,True,forward,pilot_free_der_m,,,0.017067611023742133,0.9995152667982243,True,1,True,1,,True,0.8208111331120883,0.6690108787310937,0.9999999999999999,256260.02810266885,0.03952806718568125,0.10831170374731416,1.4947440046067562,1.9803553485574534,2.2622902483685903e-06
9487.12,True,forward,pilot_free_der_m,,,0.016987138068705485,0.9995196357702362,True,1,True,1,,True,0.8207234676020856,0.6691201855304746,0.9999999999999999,256224.79783492518,0.039577293028941446,0.10828821900054811,1.494499824732093,1.979705078505906,2.263347427570985e-06
9494.92,True,forward,pilot_free_der_m,,,0.016745599122662526,0.9995326200228564,True,1,True,1,,True,0.8204798366938363,0.6694498957076739,0.9999999999999999,256161.92861132647,0.03973981767276627,0.10817923015355886,1.4937637699426367,1.9777950864410851,2.2661533938908413e-06
9502.52,True,forward,pilot_free_der_m,,,0.016523223259503055,0.9995444759195249,True,1,True,1,,True,0.8205384444598942,0.6696238395053938,0.9999999999991651,256173.32926319237,0.03994220951309679,0.10773642573529076,1.4933757447133273,1.977239159886935,2.2672393697806515e-06
9510.62,True,forward,pilot_free_der_m,,,0.016301536769800427,0.999556151358342,True,1,True,1,,True,0.8207031294398845,0.6697260396430456,0.9999999999999999,256235.2890801475,0.04017378481780198,0.10713123190130923,1.4931478557007962,1.9772264245874005,2.267388153829633e-06
9513.12,True,forward,pilot_free_der_m,,,0.016208566939301776,0.9995610069867484,True,1,True,1,,True,0.8207702391680484,0.6698125510623533,0.9999999999999999,256264.54254299836,0.04027413692141187,0.10690083937942368,1.492955004223128,1.9770414605867972,2.2677192046054457e-06
9515.82,True,forward,pilot_free_der_m,,,0.01637425341211806,0.9995522598961242,True,1,True,1,,True,0.820793967430203,0.6694529909885835,0.9999999999999999,256229.79484334018,0.040131497322534425,0.10702828841539692,1.4937568633807978,1.9785398963121095,2.2655742868123042e-06
9518.32,True,forward,pilot_free_der_m,,,0.01653492851394034,0.9995436665873181,True,1,True,1,,True,0.8208099509418039,0.6691325613560428,0.9999999999999999,256192.80712778328,0.04000608414655407,0.10714009782841706,1.4944721834690449,1.9798640146401072,2.263714531213819e-06
9521.02,True,forward,pilot_free_der_m,,,0.016729044201341713,0.9995331668771195,True,1,True,1,,True,0.8208280708976305,0.6687569486158713,0.9999999999999999,256149.43373348474,0.03985873388827988,0.1072760195713252,1.495311565838237,1.9814161103957546,2.261532776545996e-06
9523.62,True,forward,pilot_free_der_m,,,0.016920425099953337,0.9995226964903313,True,1,True,1,,True,0.8208443443451405,0.6683940855392734,0.9999999999999999,256116.2772466984,0.039718048061308804,0.10740379728426602,1.4961233524279025,1.9829140137426802,2.2593460304618227e-06
9526.22,True,forward,pilot_free_der_m,,,0.01711687047467763,0.9995118237279595,True,1,True,1,,True,0.8208761703310107,0.6680217345336713,0.9999999999996356,256104.39909007386,0.039582829632229144,0.10750975564764075,1.4969572819329147,1.9844891489938064,2.25690512148648e-06
9528.82,True,forward,pilot_free_der_m,,,0.01731454906762051,0.9995007695369215,True,1,True,1,,True,0.8208834659819391,0.6676780604210144,0.9999999999995804,256045.99452586297,0.039440874192737285,0.10765338328306703,1.4977278111684775,1.9858909551915973,2.2550686513865737e-06
9531.72,True,forward,pilot_free_der_m,,,0.017543429149949254,0.9994878130831066,True,1,True,1,,True,0.8208988802830418,0.6672759848537339,0.9999999999999999,256000.35131337764,0.03928251121091112,0.10780264271958583,1.498630285966606,1.9875492375486783,2.2527180555925415e-06
9534.22,True,forward,pilot_free_der_m,,,0.017746091894249104,0.999476198447776,True,1,True,1,,True,0.8209142969231372,0.6669035343348354,0.9999999999999999,255959.64620147776,0.03914073601917175,0.10793494859670422,1.4994672370381008,1.9890896688636468,2.250524771813395e-06
9536.92,True,forward,pilot_free_der_m,,,0.017959347257796052,0.9994638600999041,True,1,True,1,,True,0.8209568694883469,0.6665141663593053,0.9999999999999997,255913.70068275512,0.038988534289799225,0.10807697673321363,1.5003432041996816,1.9907658486460427,2.2482595964388225e-06
9539.52,True,forward,pilot_free_der_m,,,0.01817055475137062,0.9994515026836704,True,1,True,1,,True,0.8209852999408542,0.6661378078135121,0.9999999999999999,255883.64110569214,0.03884445277011614,0.10820783331822242,1.5011908771284663,1.9923568349573424,2.2459420872773837e-06
9542.02,True,forward,pilot_free_der_m,,,0.018384617732847348,0.9994388302289674,True,1,True,1,,True,0.8210130114267707,0.6658133813757403,0.9999999999999999,255826.66000875234,0.03870682057720257,0.1083513770575788,1.5019223523770953,1.9937373567471144,2.244215438807054e-06
9544.52,True,forward,pilot_free_der_m,,,0.018618537984220897,0.9994247978019448,True,1,True,1,,True,0.8210543032973494,0.6654910453049396,0.9999999999999999,255784.20667542957,0.03857248525314602,0.10848424557453062,1.5026498208428671,1.9951436105217495,2.242374085488362e-06
9547.12,True,forward,pilot_free_der_m,,,0.018884760041239627,0.9994085957779565,True,1,True,1,,True,0.8211056965328611,0.6651622075596637,0.9999999999999999,255743.6617735292,0.038434525410854875,0.10861953640806962,1.5033926892340796,1.9966020387100187,2.240469797107583e-06
9549.72,True,forward,pilot_free_der_m,,,0.01914052618966622,0.9993928442666422,True,1,True,1,,True,0.8211468616115418,0.6648151637426176,0.9999999999999999,255725.51162912798,0.03829751613948001,0.10874398321204173,1.5041774835135209,1.99811082893395,2.2382427132073175e-06
9552.22,True,forward,pilot_free_der_m,,,0.019413115653306934,0.9993758010781049,True,1,True,1,,True,0.8212060031338094,0.6644956155104311,0.9999999999999998,255702.2397249865,0.038168120506035574,0.10886205644590098,1.5049008250142502,1.9995530519983153,2.2362482297625615e-06
9554.82,True,forward,pilot_free_der_m,,,0.01968888085127404,0.9993583420733555,True,1,True,1,,True,0.8212459023685174,0.6641469145362721,0.9999999999999999,255673.75656530503,0.038026062782656925,0.10900123583559963,1.5056909519759356,2.0010682736551737,2.2340973370306553e-06
9557.42,True,forward,pilot_free_der_m,,,0.0199564332520622,0.9993411965896157,True,1,True,1,,True,0.8212923600706123,0.6637871260678004,0.9999999999999999,255657.87334062514,0.03788516823607455,0.1091308236138529,1.5065070724162524,2.0026460788237133,2.231758534264248e-06
9560.12,True,forward,pilot_free_der_m,,,0.02025461834371887,0.9993218030004277,True,1,True,1,,True,0.8213456984484871,0.663385056958797,0.9999999999999999,255667.31887434953,0.0377377078105724,0.10925267426915622,1.507420146881768,2.004414603300759,2.228906094002706e-06
9562.72,True,forward,pilot_free_der_m,,,0.020534423872435034,0.9993033702801727,True,1,True,1,,True,0.8213850857126791,0.6630267481938305,0.9999999999999999,255651.2276090533,0.037595219976243474,0.10939188504983213,1.5082347774416758,2.005972390933131,2.226576537341273e-06
9565.32,True,forward,pilot_free_der_m,,,0.020823105428939916,0.9992840922199997,True,1,True,1,,True,0.8214350273269378,0.6626560580464974,0.99999999999972,255653.80969104057,0.03745499892107379,0.1095142115378749,1.509078484768869,2.0076080747375533,2.2239977080362187e-06
9572.92,True,forward,pilot_free_der_m,,,0.021692269641591596,0.9992245066364716,True,1,True,1,,True,0.8215303039498335,0.6615724620895026,0.9999999999948301,255581.89293996376,0.03702679224815468,0.10993707823671485,1.5115502190590613,2.0122748035394427,2.217141935421637e-06
9580.22,True,forward,pilot_free_der_m,,,0.022559673616274062,0.9991626982276106,True,1,True,1,,True,0.821553538329827,0.6605594008394812,0.9999999999999949,255523.7828423024,0.036598544120447704,0.11045647843645852,1.513868395074131,2.016488558938313,2.2106408549700067e-06
9588.22,True,forward,pilot_free_der_m,,,0.02354315214400559,0.9990897464087548,True,1,True,1,,True,0.8213544820282414,0.6595472022108915,0.9999999999999999,255379.35008533575,0.03609444917064111,0.11130351017155785,1.516191709475629,2.0201633953615037,2.2048790656626445e-06
9591.22,True,forward,pilot_free_der_m,,,0.02404692968857042,0.9990513048347466,True,1,True,1,,True,0.8213042185954137,0.6590448787502872,0.9999999999998904,255328.25394483228,0.035842098363550255,0.11171852587560294,1.5173473495403513,2.0221099613183373,2.201836512664777e-06
9593.22,True,forward,pilot_free_der_m,,,0.023747696710361626,0.9990739863936057,True,1,True,1,,True,0.8212481837321932,0.6593475864450873,0.9999999999999126,255335.77797624876,0.036007811271244,0.11147018031512725,1.5166507325695595,2.020724226562306,2.203871210462538e-06
9596.22,True,forward,pilot_free_der_m,,,0.023283406894389277,0.9991088162024622,True,1,True,1,,True,0.8212215921569657,0.6597813761188077,0.9999999999999994,255385.64972350321,0.036249213758066084,0.1110898258062252,1.5156535728282334,2.018872497650566,2.206447660880574e-06
9599.22,True,forward,pilot_free_der_m,,,0.022822353949003154,0.9991427617123854,True,1,True,1,,True,0.8212028897979364,0.6602349873186485,0.9999999999996778,255451.07245679596,0.036500171617553014,0.11069472074641457,1.5146122504971837,2.016960830774436,2.2090242757459845e-06
9601.22,True,forward,pilot_free_der_m,,,0.022519962487564587,0.9991646811299165,True,1,True,1,,True,0.8211879144812293,0.6605461116432226,0.9999999999999999,255494.8369613136,0.036670291841334225,0.11043072415843033,1.5138988518338667,2.015645720195612,2.210799342773737e-06
9604.22,True,forward,pilot_free_der_m,,,0.022075567990949667,0.9991963869535817,True,1,True,1,,True,0.8211744046952538,0.6609785456400864,0.9999999999999999,255563.08925317938,0.03691823677355104,0.11003744393181963,1.512908409200495,2.013837572471566,2.2131998473994453e-06
9607.22,True,forward,pilot_free_der_m,,,0.02164068474172424,0.9992268407958863,True,1,True,1,,True,0.8211439983857024,0.6614477877477237,0.9999999999999999,255597.68200025285,0.03716532923540294,0.10967386961882099,1.511835126707537,2.011839294174554,2.2161435797139324e-06
9609.22,True,forward,pilot_free_der_m,,,0.021356292677243042,0.9992464482288437,True,1,True,1,,True,0.8211259889960962,0.6617479156575077,0.9999999999999999,255628.53525285053,0.037330384974091003,0.10942449371165804,1.5111494518368185,2.010566037132924,2.217949258415983e-06
9612.22,True,forward,pilot_free_der_m,,,0.020943524124484657,0.9992744691721152,True,1,True,1,,True,0.8211149547812439,0.6622424276119135,0.9999999999999997,255686.90852586736,0.03758744794536565,0.10904344791190204,1.5100210410952686,2.00851595901194,2.220856311517333e-06
9614.22,True,forward,pilot_free_der_m,,,0.020680003329707118,0.9992920704181755,True,1,True,1,,True,0.8210983645765482,0.662537102067229,0.9999999999999999,255747.27973590343,0.037756752304588394,0.10877947571315985,1.5093494339861555,2.0072711342635836,2.222364592928329e-06
9617.22,True,forward,pilot_free_der_m,,,0.02029580859225037,0.9993173439635116,True,1,True,1,,True,0.8210663091203281,0.662983335769872,0.9999999999999999,255811.43508990944,0.03800536979269026,0.10840596709979296,1.5083335372808069,2.005370999539496,2.2248829619934794e-06
9619.22,True,forward,pilot_free_der_m,,,0.020039657382660156,0.9993339535560558,True,1,True,1,,True,0.8210454462572687,0.663281035563916,0.9999999999999999,255842.8034909924,0.03816836994341433,0.10816699790791706,1.507656553379079,2.004105889339402,2.2266608940329085e-06
9622.22,True,forward,pilot_free_der_m,,,0.019653924449747864,0.9993586070996759,True,1,True,1,,True,0.8209874318686323,0.6636722128781185,0.9999999999996273,255894.99313501362,0.038401841925004135,0.10781596164228234,1.506767920360822,2.002370438962315,2.2288996938939454e-06
9625.22,True,forward,pilot_free_der_m,,,0.019266908117490777,0.9993829083421215,True,1,True,1,,True,0.8209603395102475,0.6640772820801631,0.9999999999999998,255975.5878276641,0.038645307104758345,0.10744198922263733,1.5058488326352446,2.000655697136352,2.230984197080263e-06
9627.22,True,forward,pilot_free_der_m,,,0.01902499319262064,0.9993978470927432,True,1,True,1,,True,0.8209247011022777,0.6643530011714823,0.9999999999999999,255982.25704770786,0.038797401087682114,0.10722928150019015,1.5052238768194872,1.9994476998881423,2.2328217453936997e-06
9630.22,True,forward,pilot_free_der_m,,,0.018657127831520386,0.9994202461315222,True,1,True,1,,True,0.8208753277884657,0.6647487906150553,0.9999999999999999,256038.03305388556,0.03903292833955247,0.10688050879103772,1.5043276710210411,1.9977195745320662,2.2350547898804884e-06
9632.22,True,forward,pilot_free_der_m,,,0.01842593280769917,0.9994340963151135,True,1,True,1,,True,0.8208570565768023,0.6650212879605294,0.9999999999999999,256066.65446118527,0.039188694163445704,0.10665474942324418,1.5037112617353572,1.9965690988031004,2.2366762789466582e-06
9635.22,True,forward,pilot_free_der_m,,,0.01809947415590589,0.9994533524137008,True,1,True,1,,True,0.8208161109330527,0.6654248688185695,0.9999999999996104,256101.3962878641,0.039419888198279164,0.1063240297310149,1.5027992593289505,1.9948329885662577,2.2391427785899197e-06
9638.22,True,forward,pilot_free_der_m,,,0.017782550415508663,0.9994717335902712,True,1,True,1,,True,0.8207820702781271,0.6658187275798041,0.9999999999995882,256162.91235979216,0.03965537233544721,0.10597680111601318,1.501910292662547,1.9931548979801132,2.2413062247120804e-06
9640.22,True,forward,pilot_free_der_m,,,0.017584168565899103,0.9994830686178402,True,1,True,1,,True,0.8207521961168672,0.6660935481536121,0.9999999999999999,256163.96131509217,0.03980586693770341,0.10577241176204501,1.5012906261770058,1.9919701811796315,2.2431810051211033e-06
9643.22,True,forward,pilot_free_der_m,,,0.01730231421109618,0.9994989481712326,True,1,True,1,,True,0.8207198598200751,0.6665058589149556,0.999999999999643,256209.96813253517,0.04004179319474527,0.1054361542578857,1.5003619047364447,1.9902246853523577,2.245602931191086e-06
9651.22,True,forward,pilot_free_der_m,,,0.016636196092062655,0.9995354154457634,True,1,True,1,,True,0.8206177467832542,0.6675884090349672,0.9999999999999999,256281.48351430596,0.04065390319118838,0.10458983334218754,1.4979289431426026,1.985609287994665,2.2523835730152494e-06
9658.22,True,forward,pilot_free_der_m,,,0.01616248259245077,0.9995603858892486,True,1,True,1,,True,0.8205748904160232,0.6684758061930935,0.9999999999999999,256372.30231610357,0.04119017206782885,0.10380611166957773,1.4959404524973092,1.9819345842882803,2.2576477044386365e-06
9667.22,True,forward,pilot_free_der_m,,,0.01571529721132914,0.9995829984226402,True,1,True,1,,True,0.8203520054789937,0.669705458685493,0.9999999999999999,256424.8737793506,0.04184430106282147,0.10303341650918812,1.493193742160641,1.9764629372792069,2.2655715331156763e-06
9669.22,True,forward,pilot_free_der_m,,,0.015623151199931363,0.9995875126929861,True,1,True,1,,True,0.8202983715287596,0.6700284509977447,0.9999999999999994,256439.31616870922,0.042021198819521405,0.10281829482921548,1.4924739367572997,1.9750405879231627,2.2676444861625294e-06
9672.22,True,forward,pilot_free_der_m,,,0.0157155104923459,0.999582801961469,True,1,True,1,,True,0.8201753306351555,0.6698125536287793,0.9999999999999999,256372.05089004777,0.0418800131613659,0.10307549222131755,1.4929549985027835,1.975608456302436,2.2667682653036347e-06
9675.22,True,forward,pilot_free_der_m,,,0.015776715901049208,0.9995796663071539,True,1,True,1,,True,0.8200382409701548,0.669613451506568,0.9999999999999998,256295.14541053373,0.041757477902608586,0.10330793689577811,1.4933989120888966,1.9760754300637127,2.2660909226371916e-06
9677.22,True,forward,pilot_free_der_m,,,0.015829522417241025,0.9995769308774597,True,1,True,1,,True,0.819941366148382,0.6694762889477657,0.9999999999513569,256245.4103238723,0.04167568299228902,0.10346186806392335,1.493704880158018,1.9763913516930887,2.2655951575672195e-06
9680.22,True,forward,pilot_free_der_m,,,0.015927608130661894,0.9995718117024837,True,1,True,1,,True,0.8197939354126159,0.6692470868544407,0.9999999999999999,256171.31459671553,0.04154102705635038,0.10371072812929664,1.4942164405976668,1.976954258134521,2.2646862323782546e-06
9682.22,True,forward,pilot_free_der_m,,,0.015989488313753696,0.9995685809729238,True,1,True,1,,True,0.8197086891058546,0.6690898833875624,0.9999999999999999,256123.21901064573,0.041449137536159496,0.10387683979995381,1.4945675085342185,1.9773787552288586,2.2640381628892935e-06
9685.22,True,forward,pilot_free_der_m,,,0.016103767565612236,0.9995625341913873,True,1,True,1,,True,0.81956596803594,0.6688380663559977,0.9999999999999996,256040.56490534032,0.04130847243499815,0.10413212373876966,1.4951302120829597,1.9780441134909286,2.2630486809461004e-06
9688.22,True,forward,pilot_free_der_m,,,0.016225743259323053,0.999556027117535,True,1,True,1,,True,0.819414102551763,0.6685748484043611,0.9999999999997129,255968.02452424951,0.04116791273930976,0.10438344936304983,1.495718844922659,1.978733449614461,2.2618906631769287e-06
9690.22,True,forward,pilot_free_der_m,,,0.016312842507512127,0.9995513436421329,True,1,True,1,,True,0.8193030481407241,0.6683775914885475,0.9999999999999999,255901.0592907684,0.041065723986908303,0.10456619759206444,1.496160273376153,1.9792569141501,2.26113335584846e-06
9693.22,True,forward,pilot_free_der_m,,,0.01643676018735551,0.9995446534745631,True,1,True,1,,True,0.8191610183156212,0.6681059448449326,0.9999999999999999,255814.62795971936,0.040920403882413324,0.10482755756719023,1.4967686004232457,1.9800044634395684,2.260038096977551e-06
9696.22,True,forward,pilot_free_der_m,,,0.01656495954046599,0.9995376810127734,True,1,True,1,,True,0.8190234092910488,0.667830100275189,0.9999999999999999,255727.4836189328,0.040772953478665046,0.10509193199627019,1.497386834747244,1.9807799689425778,2.2589189786620224e-06
9698.22,True,forward,pilot_free_der_m,,,0.016655913370864948,0.9995326981932904,True,1,True,1,,True,0.8189337952872953,0.6676693873053755,0.9999999999999999,255665.26404763063,0.04067872385661443,0.1052696783636686,1.4977472668559306,1.9812091534449845,2.2583674048006106e-06
9701.22,True,forward,pilot_free_der_m,,,0.016801307282220547,0.9995246702980521,True,1,True,1,,True,0.8188038024181606,0.6674041472558522,0.9999999999999999,255585.71515623527,0.040535431652417714,0.10552838247246489,1.498342502232977,1.9819611033306865,2.257251631226595e-06
9703.22,True,forward,pilot_free_der_m,,,0.01690152486184584,0.9995190953626119,True,1,True,1,,True,0.818709674331243,0.6672269680859078,0.9999999999999999,255525.38782669065,0.040438845929433136,0.10570541541437063,1.4987403804566342,1.9824459649683137,2.256569047945105e-06
9706.22,True,forward,pilot_free_der_m,,,0.01705875321840884,0.9995102791097483,True,1,True,1,,True,0.8185798394538657,0.6669762082143676,0.9999999999997516,255434.71664055777,0.04029525936660787,0.10597432615177049,1.4993038547461193,1.9831406659608612,2.255648683291807e-06
9709.22,True,forward,pilot_free_der_m,,,0.017216842436269936,0.9995013370656798,True,1,True,1,,True,0.8184431805152149,0.6667037121319185,0.9999999999999999,255351.2232957703,0.0401493925008159,0.10623978278308813,1.4999166523346628,1.9839067104417472,2.254514390701464e-06
9711.22,True,forward,pilot_free_der_m,,,0.017327851689181568,0.9994950058397001,True,1,True,1,,True,0.818358484518404,0.6665430706228928,0.9999999999999999,255284.97388307774,0.04005414910813856,0.10642215868820702,1.5002781426644904,1.9843484808388168,2.2539953876749144e-06
9714.22,True,forward,pilot_free_der_m,,,0.01751364270618023,0.999484303898693,True,1,True,1,,True,0.8182215929587969,0.6662863147526077,0.9999999999997928,255185.5479939859,0.03990823992903257,0.10669753838316373,1.5008562803381202,1.9850511668863944,2.253107768513268e-06
9716.22,True,forward,pilot_free_der_m,,,0.017631030365933675,0.9994774939687026,True,1,True,1,,True,0.8181342400742667,0.666115198770279,0.9999999999999476,255120.06047901147,0.03981114545498183,0.10688011795863159,1.5012418300108692,1.9855290826498069,2.252508657024171e-06
9719.22,True,forward,pilot_free_der_m,,,0.017815769476317755,0.9994666817743789,True,1,True,1,,True,0.8180124887128046,0.66585515656436,0.9999999999999999,255039.97708465435,0.03966962336652526,0.10713965293714732,1.5018281230406634,1.9862823768072557,2.2514255136435234e-06
9722.22,True,forward,pilot_free_der_m,,,0.017996578627745615,0.9994560041329651,True,1,True,1,,True,0.8178688715738961,0.6655733016936988,0.9999999999996604,254944.33442795355,0.039517756092415056,0.10742434794689024,1.5024641124500318,1.9870710001339655,2.2503281114016324e-06
9730.22,True,forward,pilot_free_der_m,,,0.018506960448070004,0.999425287300072,True,1,True,1,,True,0.8175586050461996,0.6648643020807904,0.9999999999999974,254735.90164318852,0.03913176754026225,0.10814633719212516,1.504066313788168,1.9891807978311429,2.247277171437506e-06
9737.22,True,forward,pilot_free_der_m,,,0.01898662240334765,0.9993956049691538,True,1,True,1,,True,0.817131223878833,0.6642940253200165,0.999999999999998,254476.67643958196,0.038762441314915234,0.10896673419318048,1.5053575102053023,1.990446926112203,2.2456241421859003e-06
9746.22,True,forward,pilot_free_der_m,,,0.01963978767350809,0.9993541390914525,True,1,True,1,,True,0.8170158815187644,0.6633268770373868,0.9999999999999999,254319.950027724,0.0383541520774148,0.10951583314792501,1.507552361614374,1.9940840852329405,2.24031161695882e-06
9748.22,True,forward,pilot_free_der_m,,,0.019803731377248678,0.9993435264400063,True,1,True,1,,True,0.816983826273586,0.6631045209677441,0.9999999999999999,254262.5622202853,0.03825149539953785,0.10966703411987784,1.5080578828516895,1.9949080328114472,2.2392761928851087e-06
9750.22,True,forward,pilot_free_der_m,,,0.01975012329925147,0.9993468653178318,True,1,True,1,,True,0.8169670455210097,0.6631347790111457,0.9999999999999999,254269.69948850793,0.038300726850835236,0.10956790582374445,1.5079890719819904,1.99474426056306,2.2394230641005592e-06
9753.22,True,forward,pilot_free_der_m,,,0.019674539123548298,0.9993515225819782,True,1,True,1,,True,0.8169522046470434,0.66320244709468,0.9999999999999983,254269.08170850834,0.038379859092673864,0.10941738974549647,1.5078352083601954,1.994433445463152,2.2398975037317974e-06
9755.22,True,forward,pilot_free_der_m,,,0.019625851803275206,0.9993545108084376,True,1,True,1,,True,0.8169351952771914,0.6632575760643192,0.9999999999999999,254260.94745548276,0.03843245829809972,0.10932423523231606,1.5077098793712462,1.9941682625066752,2.240351236341184e-06
9758.22,True,forward,pilot_free_der_m,,,0.019533106382489084,0.9993602530555927,True,1,True,1,,True,0.8169217729079465,0.6633311121525035,0.9999999999999857,254272.0001419777,0.03851858551355798,0.1091591366419029,1.5075427364698675,1.9938372180280919,2.2407634352699916e-06
9760.22,True,forward,pilot_free_der_m,,,0.019473444832165093,0.999363920697684,True,1,True,1,,True,0.816890001722022,0.6633899387438854,0.9999999999999958,254263.65583508904,0.03857584624243707,0.10906004651874847,1.507409054007473,1.9935211110506554,2.2412446011190015e-06
9763.22,True,forward,pilot_free_der_m,,,0.019364915272847817,0.9993706640264454,True,1,True,1,,True,0.8168835326442396,0.6634763348065826,0.9999999999999999,254285.41410848335,0.038666262665357345,0.10888664874727534,1.5072127633482526,1.993155025138817,2.2416513877225276e-06
9766.22,True,forward,pilot_free_der_m,,,0.01925697268419575,0.999377337339051,True,1,True,1,,True,0.8168648306560053,0.6636014633480177,0.9999999999999999,254269.1513220153,0.038756258134233605,0.108738541547127,1.5069285636514065,1.992602203375178,2.242661605768482e-06
9768.22,True,forward,pilot_free_der_m,,,0.019186164721709736,0.9993816953795764,True,1,True,1,,True,0.816854002957716,0.6636675594940638,0.9999999999999991,254273.12559301715,0.03881584538825956,0.10863066707723507,1.506778485243927,1.9923079510606867,2.2430843803780976e-06
9771.22,True,forward,pilot_free_der_m,,,0.019081548892602558,0.9993881034580815,True,1,True,1,,True,0.8168391602685102,0.6637762469804397,0.9999999999999999,254276.70808045086,0.03890667505096217,0.10847022690688653,1.5065317636011584,1.9918314268663786,2.2438055280089897e-06
9773.22,True,forward,pilot_free_der_m,,,0.019012142954600627,0.9993923374102816,True,1,True,1,,True,0.816825272136899,0.6638542774789947,0.9999999999999999,254275.9679179166,0.038967744885914736,0.10836584214031403,1.5063546834367445,1.9914815211021344,2.244352422577089e-06
9776.22,True,forward,pilot_free_der_m,,,0.018910198680882142,0.9993985275607361,True,1,True,1,,True,0.8168182518548978,0.6639645757639663,0.9999999999999999,254293.53680019281,0.039063285584275395,0.10819228288337032,1.5061044466858595,1.9910177879755218,2.244961037093381e-06
9778.22,True,forward,pilot_free_der_m,,,0.018847330534995294,0.9994023164568508,True,1,True,1,,True,0.8168156669474756,0.6640595092709383,0.9999999999999966,254297.7070982517,0.03912801043830554,0.10808498434715415,1.5058891349931616,1.9906271895137935,2.2455814182237635e-06
9781.22,True,forward,pilot_free_der_m,,,0.018765434270077822,0.9994071974124035,True,1,True,1,,True,0.8167985476547412,0.6641768765724901,0.9999999999999999,254307.96864560933,0.03922234142313158,0.10792062477104553,1.505623027950834,1.9901104998791754,2.246303164356665e-06
9784.22,True,forward,pilot_free_der_m,,,0.018670948106400586,0.9994128534826382,True,1,True,1,,True,0.8167835813626719,0.6642990810478907,0.9999999999999999,254326.10367756404,0.03931955396461316,0.10775088977477483,1.505346053501326,1.989579655127869,2.246988637843424e-06
9786.22,True,forward,pilot_free_der_m,,,0.018621170766990852,0.9994157821647325,True,1,True,1,,True,0.8167824443412569,0.6643725284721833,0.9999999999999966,254337.09536848546,0.03938207732932931,0.10763838306217588,1.50517963513578,1.9892798297134968,2.2473996970775615e-06
9788.22,True,forward,pilot_free_der_m,,,0.018563161278563448,0.9994192196935001,True,1,True,1,,True,0.8167829370342576,0.6644547288029178,0.9999999999999973,254362.28510908788,0.03944982336327226,0.1075163971916041,1.5049934279218664,1.9889486407495414,2.2477457492670927e-06
9791.22,True,forward,pilot_free_der_m,,,0.018442592304319504,0.9994264465963263,True,1,True,1,,True,0.8167666816307144,0.6645514493167114,0.9999999999999999,254389.65600856484,0.03954270266275161,0.10734772169657258,1.5047743873377977,1.9885180533991638,2.248172812881915e-06
9794.22,True,forward,pilot_free_der_m,,,0.018352412432867494,0.9994317500416809,True,1,True,1,,True,0.8167496162012933,0.6646336706457122,0.9999999999999999,254432.19904693885,0.03963553602410408,0.10717302357438924,1.504588232835795,1.9881442013047474,2.248365374786291e-06
9796.22,True,forward,pilot_free_der_m,,,0.018280031111712867,0.9994360279093387,True,1,True,1,,True,0.8167459448604901,0.6646732225296902,0.9999999999999998,254478.89068917948,0.0396974894565783,0.10704812935211516,1.504498701172411,1.987975438552077,2.248226234207965e-06
9799.22,True,forward,pilot_free_der_m,,,0.018187995385816474,0.9994413976432046,True,1,True,1,,True,0.8167139452557955,0.6647742786458036,0.9999999999999999,254499.4652615644,0.03979131089420308,0.10688016234706983,1.5042699937745438,1.9874892827113042,2.2487428753579095e-06
9807.22,True,forward,pilot_free_der_m,,,0.017945412557342777,0.9994554339874726,True,1,True,1,,True,0.8166306441548933,0.6650612648201779,0.9999999999999999,254544.0017122285,0.040042494734661344,0.10644077187705919,1.5036208735903211,1.986127847483855,2.2503319358712994e-06
9815.22,True,forward,pilot_free_der_m,,,0.01770641644266546,0.999469144288194,True,1,True,1,,True,0.816725277423206,0.6652485922806562,0.9999999999999983,254670.23171196043,0.040324649320768804,0.10578993067563927,1.503197468741304,1.985602044086303,2.2505095681372196e-06
9823.22,True,forward,pilot_free_der_m,,,0.01747240983589186,0.9994823583482202,True,1,True,1,,True,0.816654364276216,0.6655212715607043,0.9999999999999791,254737.3618048361,0.04057884843287446,0.10534071421689899,1.5025815743723616,1.9843300015864593,2.2517976254241314e-06
9825.22,True,forward,pilot_free_der_m,,,0.01739576455398354,0.9994866767124818,True,1,True,1,,True,0.8166242477492222,0.6656143674355511,0.9999999999999999,254746.96617501657,0.040655273260547534,0.10521467099265047,1.5023714164295379,1.9838815873335636,2.2523547927709323e-06
9828.22,True,forward,pilot_free_der_m,,,0.01743177834485622,0.9994844976288068,True,1,True,1,,True,0.8165812311926729,0.6655422462987879,0.9999999999956822,254734.53622495942,0.04064846665522212,0.10520184713592809,1.5025342201143204,1.9840677555200656,2.251967275294304e-06
9831.22,True,forward,pilot_free_der_m,,,0.01746000122139069,0.9994828829348956,True,1,True,1,,True,0.8165671021771254,0.6654498573357577,0.9999999999999999,254734.38385385906,0.04061639872054834,0.1052239756248207,1.5027428272412153,1.9844058568062757,2.2513313438776725e-06
9833.22,True,forward,pilot_free_der_m,,,0.017478086109645057,0.9994818461265479,True,1,True,1,,True,0.8165535363067864,0.6653885587934462,0.9999999999999947,254729.05045036643,0.04059459393669768,0.10524105502454781,1.5028812665689681,1.9846200366527278,2.2509556070946027e-06
9836.22,True,forward,pilot_free_der_m,,,0.01749694440546658,0.9994807701287548,True,1,True,1,,True,0.816540427988569,0.6653157095379816,0.9999999999999896,254720.2922587649,0.040568030417869536,0.1052604094448112,1.503045825709458,1.9848819422724988,2.2505303845937714e-06
9838.22,True,forward,pilot_free_der_m,,,0.017509331681874428,0.9994800596164851,True,1,True,1,,True,0.816516813598044,0.6652628516306901,0.9999999999906907,254711.14757385067,0.04054978925228747,0.10527555627540917,1.5031652489530927,1.9850377182487118,2.2502464516586813e-06
9841.22,True,forward,pilot_free_der_m,,,0.017529252813548397,0.9994789134300363,True,1,True,1,,True,0.8165049651383827,0.6651899348587246,0.9999999999999999,254711.61069163476,0.040526091499712175,0.10528756087249924,1.5033300228939626,1.9853030349769927,2.2497391778831982e-06
9844.22,True,forward,pilot_free_der_m,,,0.01755077762099078,0.9994776707424254,True,1,True,1,,True,0.8164830729525547,0.665113204035269,0.9999999999999999,254699.81273376392,0.04049951533926907,0.10530713008586828,1.5035034546494628,1.9855593634641588,2.249313810654444e-06
9846.22,True,forward,pilot_free_der_m,,,0.017566445249653607,0.9994767636986669,True,1,True,1,,True,0.8164809218196359,0.6650737837996334,0.9999999999999999,254701.7094850133,0.040486209582428184,0.10531194988941511,1.5035925702662631,1.985713190845466,2.2490249730765064e-06
9849.22,True,forward,pilot_free_der_m,,,0.01759597053442367,0.9994750379248996,True,1,True,1,,True,0.8164565805830435,0.6649893420592059,0.9999999999999999,254696.27142997514,0.04045940716513278,0.10532844715718402,1.5037834996022643,1.9859947551968185,2.248490098469734e-06
9852.22,True,forward,pilot_free_der_m,,,0.017628212971085303,0.9994731453634234,True,1,True,1,,True,0.8164247868877316,0.664901767324614,0.9999999999999999,254689.06980308137,0.0404317456570092,0.1053471823237312,1.5039815641094338,1.986270890708964,2.247949072982706e-06
9854.22,True,forward,pilot_free_der_m,,,0.01764941099206999,0.9994718985856663,True,1,True,1,,True,0.8164094728378012,0.6648440017740261,0.9999999999999999,254688.15504242544,0.04041438483836691,0.10535626558381782,1.5041122388585375,1.9864668287673914,2.2475583029321323e-06
9857.22,True,forward,pilot_free_der_m,,,0.017676484873502936,0.9994703080178806,True,1,True,1,,True,0.816376305492914,0.6647443339323253,0.9999999999999998,254677.07988732518,0.04038326290285733,0.10537861019190099,1.5043377565694382,1.9867885455698373,2.246967783961227e-06
9859.22,True,forward,pilot_free_der_m,,,0.017687696149369582,0.9994696560841404,True,1,True,1,,True,0.8163499676617834,0.6646839818137549,0.9999999999999999,254665.40644299024,0.04036283363954563,0.10539689264167855,1.5044743477513212,1.986968168952118,2.246653956663601e-06
9862.22,True,forward,pilot_free_der_m,,,0.01771640738918246,0.9994679633149175,True,1,True,1,,True,0.8163259438778209,0.6645889742783069,0.9999999999880845,254645.7889906178,0.04033111785049526,0.10542225609112015,1.5046894226224692,1.9872934332030463,2.2461707455598967e-06
9864.22,True,forward,pilot_free_der_m,,,0.01772532928830624,0.999467447618274,True,1,True,1,,True,0.81629971693862,0.6645183366171827,0.9999999999999999,254640.49252536416,0.040309603371946064,0.10543773058269529,1.5048493696812495,1.9875149451217273,2.2457294557033124e-06
9867.22,True,forward,pilot_free_der_m,,,0.017751181174758296,0.9994659239554315,True,1,True,1,,True,0.8162787381726966,0.6644153516137987,0.9999999999999594,254639.39548264028,0.04028038685196912,0.10545086256023918,1.505082622746538,1.987879985910539,2.2450275635497725e-06
9870.22,True,forward,pilot_free_der_m,,,0.01780031208390956,0.9994629957869284,True,1,True,1,,True,0.8162493488852544,0.664345090398553,0.9999999999999974,254604.50691988794,0.040250633387287356,0.10548416366187804,1.505241800462586,1.988092364985045,2.2448496159445986e-06
9872.22,True,forward,pilot_free_der_m,,,0.017813715082995306,0.9994622096192931,True,1,True,1,,True,0.8162257865530519,0.6643089399937754,0.9999999999999999,254570.7384886479,0.040231142575430104,0.10551121051351109,1.5053237128035186,1.9881810884358744,2.244897501585886e-06
9875.22,True,forward,pilot_free_der_m,,,0.017855329702364392,0.9994597323215121,True,1,True,1,,True,0.8162153213190914,0.664258309528208,0.99999999999998,254531.73491109526,0.04020638425603508,0.10553528370018886,1.5054384501568883,1.9883602561369587,2.244891445097633e-06
9878.22,True,forward,pilot_free_der_m,,,0.017883609484861816,0.9994580619463949,True,1,True,1,,True,0.8161961106127976,0.6641708021911784,0.9999999999999999,254511.83756360115,0.040175154231923686,0.10556365094781935,1.5056367980960335,1.9886672366076563,2.244461824795479e-06
9885.22,True,forward,pilot_free_der_m,,,0.01795554003534459,0.9994537938256124,True,1,True,1,,True,0.8161619743616276,0.6639693402552497,0.9999999999999428,254466.89863000246,0.0401029987864096,0.10562756449639271,1.506093639226644,1.9893988190114167,2.243464565334481e-06
9893.22,True,forward,pilot_free_der_m,,,0.018047806201353926,0.9994482824790153,True,1,True,1,,True,0.8161327061185841,0.6637402184689218,0.9999999999999999,254428.9478111764,0.0400237478544215,0.10569067459562427,1.506613539717004,1.990254586348805,2.242213561508411e-06
9901.22,True,forward,pilot_free_der_m,,,0.01814924829958654,0.9994422655307948,True,1,True,1,,True,0.8163830676207758,0.6633829167619495,0.9999999999999999,254467.36548358377,0.039986932041626115,0.10543794140683983,1.5074250100999258,1.9923124569422466,2.2394017925870796e-06
9903.22,True,forward,pilot_free_der_m,,,0.01819529194771488,0.9994395185233405,True,1,True,1,,True,0.8164338319277589,0.6632687325085821,0.9999999999999999,254463.41889519498,0.039960856688289345,0.10540473432750494,1.5076845190905495,1.9928991866031835,2.2386458893908942e-06
9906.22,True,forward,pilot_free_der_m,,,0.018112345331964732,0.9994444620115958,True,1,True,1,,True,0.8165360941830251,0.6632944531437557,0.9999999999999999,254518.73028618027,0.040046502480727164,0.10515304813037715,1.5076260554575602,1.9930445234937013,2.238337458474552e-06
9909.22,True,forward,pilot_free_der_m,,,0.01802690201858596,0.9994494881392105,True,1,True,1,,True,0.8166246992935181,0.6633425796555295,0.9999999999999974,254557.03216297866,0.040141480866928286,0.10489848509278289,1.5075166748971438,1.9930656662593094,2.2383337857631397e-06
9911.22,True,forward,pilot_free_der_m,,,0.017977806124157555,0.999452351290873,True,1,True,1,,True,0.8166911603628182,0.6633786079926399,0.9999999999999313,254582.16028583597,0.04020780103983503,0.10472165438801179,1.5074348011098755,1.9930817991969725,2.2383621949009973e-06
9914.22,True,forward,pilot_free_der_m,,,0.01788782090789409,0.9994576435067785,True,1,True,1,,True,0.8167821361304484,0.6633745857733945,0.9999999999999999,254627.08621414076,0.04028937767801672,0.10447252486450817,1.5074439410942326,1.993320128429531,2.2379394314651543e-06
9916.22,True,forward,pilot_free_der_m,,,0.017829148934012093,0.9994610788914752,True,1,True,1,,True,0.8168227115910254,0.6633864736908571,0.99999999999998,254639.7471224613,0.040343012664410226,0.10432033458285304,1.5074169276263947,1.9933709475451151,2.2379104108760337e-06
9919.22,True,forward,pilot_free_der_m,,,0.017743110886616592,0.9994660947142131,True,1,True,1,,True,0.8169265232034202,0.6634074522763626,0.9999999999999999,254687.1351623948,0.04043081299836372,0.10406644123134222,1.507369259372473,1.993539217285204,2.2376391362962007e-06
9921.22,True,forward,pilot_free_der_m,,,0.017687093664726813,0.9994693462201388,True,1,True,1,,True,0.8169814007498156,0.6634210668151935,0.9999999999999939,254713.47533752717,0.04048820381070022,0.10390288065209094,1.5073383255683674,1.9936179240669316,2.2375019065917843e-06
9924.22,True,forward,pilot_free_der_m,,,0.01760500750009969,0.9994740903146799,True,1,True,1,,True,0.8170740917978598,0.6634282086606529,0.9999999999999999,254752.94000903022,0.04057142131374515,0.10365658179746223,1.507322098978618,1.9938151465062186,2.2372046765622147e-06
9927.22,True,forward,pilot_free_der_m,,,0.01752539874122344,0.9994786676847252,True,1,True,1,,True,0.8171697548060805,0.6634454225769253,0.9999999999999999,254799.03763030728,0.040658675667162,0.10340478578601725,1.5072829896328839,1.9939787635125452,2.236918945947246e-06
9929.22,True,forward,pilot_free_der_m,,,0.017473942266957535,0.9994816121442718,True,1,True,1,,True,0.8172259736530181,0.6634533801755564,0.9999999999999999,254821.1057387009,0.04071418389518096,0.10324397937851065,1.5072649109653942,1.9940836665148252,2.2367802376114465e-06
9932.22,True,forward,pilot_free_der_m,,,0.01739823752815004,0.9994859264830988,True,1,True,1,,True,0.817307563044681,0.6634501172320342,0.9999999999265319,254856.42529439676,0.04079379557814457,0.10300465042254571,1.507272323801238,1.99429598596651,2.2364476963447506e-06
9934.22,True,forward,pilot_free_der_m,,,0.017343741330463562,0.9994890302432148,True,1,True,1,,True,0.8173718722058111,0.6634494770162591,0.9999999999999999,254893.0182273277,0.040852161910446765,0.1028309825544844,1.5072737784003,1.994455502655592,2.2361222025564193e-06
9937.22,True,forward,pilot_free_der_m,,,0.017258172394328364,0.9994938938414272,True,1,True,1,,True,0.8174547512564929,0.6634408048119672,0.9999999999999999,254923.6243603321,0.04093075208114368,0.10259259334528037,1.5072934808153993,1.9946929199874737,2.2357938030127956e-06
9940.22,True,forward,pilot_free_der_m,,,0.017181735715673198,0.999498202828542,True,1,True,1,,True,0.8175460484492383,0.6634434607860963,0.9999999999999999,254958.49242489657,0.041012977641786866,0.1023495604803273,1.5072874466425923,1.994904919370886,2.235506388472345e-06
9942.22,True,forward,pilot_free_der_m,,,0.017128930737291638,0.9995011738436124,True,1,True,1,,True,0.8175923251063999,0.6634329915115078,0.9999999999999999,254983.1036154995,0.041064746729162695,0.1021914989816493,1.5073112323245896,1.9950603243195768,2.2352182820624452e-06
9945.22,True,forward,pilot_free_der_m,,,0.017057507629469486,0.9995051639384063,True,1,True,1,,True,0.817670590461982,0.6634376629352111,0.9999999999999999,254994.44779002806,0.0411430679565035,0.10196295961263631,1.50730061898469,1.9952323459587733,2.2351511159056748e-06
9948.22,True,forward,pilot_free_der_m,,,0.016999552633729285,0.9995083615064075,True,1,True,1,,True,0.8177694637019708,0.6634439684160189,0.9999999999998602,255039.86267202228,0.041229391313191435,0.10170987510338134,1.5072862933510016,1.995448017482903,2.234796658564404e-06
9950.22,True,forward,pilot_free_der_m,,,0.016962478994161534,0.9995103980333486,True,1,True,1,,True,0.8178080011856002,0.663432215894943,0.9999999999460815,255041.55674349752,0.04127631287046072,0.10156568373640593,1.5073129944362476,1.995589757971036,2.2347006335720327e-06
9953.22,True,forward,pilot_free_der_m,,,0.016912337325756265,0.999513131805702,True,1,True,1,,True,0.8179062748097784,0.6634337554063684,0.9999999999999325,255081.09091789724,0.04136091236392291,0.10131514686184546,1.5073094967671785,1.9958233123148559,2.2343649171899538e-06
9955.22,True,forward,pilot_free_der_m,,,0.01688047379127514,0.9995148608707224,True,1,True,1,,True,0.8179650999310284,0.6634463765642168,0.9999999999999887,255092.5316989029,0.041416142245932756,0.10115903733281234,1.5072808222703376,1.9959156149121287,2.234351870351081e-06
9963.22,True,forward,pilot_free_der_m,,,0.01676561549183649,0.9995210323832393,True,1,True,1,,True,0.8181952730732616,0.663454550582349,0.9999999999988928,255165.76169442927,0.04163553700860766,0.10051729900779238,1.5072622519826566,1.9964440662704277,2.2337670678512213e-06
9971.22,True,forward,pilot_free_der_m,,,0.016670611119440584,0.9995259678762629,True,1,True,1,,True,0.8181443130034435,0.6636131934269006,0.9999999999999999,255141.41466569685,0.041806406990677177,0.10022102437413401,1.506901927063862,1.9956756699503402,2.235075495272354e-06
9979.22,True,forward,pilot_free_der_m,,,0.01659596792293298,0.9995296110222929,True,1,True,1,,True,0.8176501493463348,0.66400666609223,0.9999999999999979,254969.82423020768,0.041900264347114594,0.10046670355393965,1.5060089771163512,1.992874991248877,2.239297074946961e-06
9982.22,True,forward,pilot_free_der_m,,,0.016565858159693563,0.999531074067407,True,1,True,1,,True,0.8174627140420115,0.6641726720479502,0.9999999999993983,254906.0814599844,0.04194630144089162,0.10054354134113389,1.5056325592498978,1.9917457521317636,2.2410033969419915e-06
9984.22,True,forward,pilot_free_der_m,,,0.016566099402479207,0.9995309510727428,True,1,True,1,,True,0.8173377093213716,0.664231755608408,0.9999999999999999,254864.5066732191,0.04195046096039343,0.10062787613426989,1.5054986329041775,1.99120197055674,2.2417769708507586e-06
9987.22,True,forward,pilot_free_der_m,,,0.016567918845096077,0.9995306841050415,True,1,True,1,,True,0.8171542671550842,0.6643324973446753,0.9999999999999998,254797.33036251616,0.04195737827051529,0.10075827299026227,1.5052703337515194,1.9903473782079055,2.2430638059871805e-06
9989.22,True,forward,pilot_free_der_m,,,0.016530982797837563,0.9995326547460502,True,1,True,1,,True,0.8170210447140949,0.6644155592684503,0.9999999999994565,254732.97449732546,0.04196490293208217,0.10084952596263812,1.505082152351307,1.9896868818084241,2.244204261841852e-06
9992.22,True,forward,pilot_free_der_m,,,0.016471477741473024,0.9995358266694222,True,1,True,1,,True,0.8168475072202043,0.6645334742351068,0.9999999999999999,254687.5523573514,0.04198874587793774,0.10094585572676319,1.5048150902421022,1.9887874991670638,2.2454190661914172e-06
9994.22,True,forward,pilot_free_der_m,,,0.01643079524401621,0.9995379942909344,True,1,True,1,,True,0.8167202327494506,0.6646213140956045,0.9999999999885684,254641.50063360462,0.04200251956937653,0.10102243486914685,1.504616205920715,1.988122609306637,2.246431981180483e-06
9997.22,True,forward,pilot_free_der_m,,,0.016389701625800116,0.9995400988674265,True,1,True,1,,True,0.8165279859478303,0.6647145393263029,0.9999999999998427,254577.4098260713,0.04201994563777821,0.10112982401661015,1.5044051857408687,1.9872780268124888,2.247641653472037e-06
10000.22,True,forward,pilot_free_der_m,,,0.016349613884258683,0.9995421434291816,True,1,True,1,,True,0.816334505103635,0.6648075978580928,0.999999999999567,254511.3891796516,0.04203770899085227,0.10123624649947295,1.5041946018989738,1.9864313838541725,2.248867758582024e-06
10002.22,True,forward,pilot_free_der_m,,,0.016322943136202774,0.9995435021177356,True,1,True,1,,True,0.816202048558848,0.6648861861344444,0.9999999999998552,254458.56163660873,0.04204948101373131,0.10131629204989986,1.504016808972549,1.9857918737849385,2.249877763449583e-06
10005.22,True,forward,pilot_free_der_m,,,0.01627792850360484,0.9995458191001386,True,1,True,1,,True,0.8159933339359042,0.6649904567111664,0.9999999999999996,254391.20834933533,0.04206823056501531,0.10142719708392443,1.503780978971766,1.9848634319979777,2.25119416652948e-06
10008.22,True,forward,pilot_free_der_m,,,0.01623290774390606,0.9995481331266756,True,1,True,1,,True,0.8158120829329338,0.665109963427995,0.9999999999999999,254324.11329194807,0.04208993509820924,0.10153327566227244,1.5035107801512586,1.9839406848386332,2.252614201855623e-06
10010.22,True,forward,pilot_free_der_m,,,0.016203902941296106,0.9995496175764598,True,1,True,1,,True,0.8156841891547735,0.6651860624027703,0.999999999999903,254282.57437235815,0.04210449603971539,0.1016027609899602,1.503338774699706,1.983322953151922,2.2535082636649684e-06
10013.22,True,forward,pilot_free_der_m,,,0.016167348393290048,0.9995514556812737,True,1,True,1,,True,0.8154910771845844,0.6653087916151916,0.9999999999999999,254214.2515392652,0.04212665582914039,0.10171057678698225,1.5030614544747976,1.9823589983974061,2.2549624793998986e-06
10016.22,True,forward,pilot_free_der_m,,,0.016143044184695643,0.9995526129151509,True,1,True,1,,True,0.8153107078559768,0.6654316423977295,0.9999999999999996,254160.29794345377,0.04215225433624044,0.10180665019498825,1.5027839619960515,1.9814259154287939,2.256290615099768e-06
10018.22,True,forward,pilot_free_der_m,,,0.016121405576043895,0.9995536850386196,True,1,True,1,,True,0.8151784804164258,0.6655255735935464,0.9999999999999449,254103.53813653917,0.042166777939602246,0.10188578802166202,1.502571861514477,1.980726545732479,2.2574441484210633e-06
10021.22,True,forward,pilot_free_der_m,,,0.01610029309565797,0.9995546641609439,True,1,True,1,,True,0.8149977070792883,0.6656402985484867,0.9999999999997641,254062.0047493237,0.042193684564056325,0.10197356338031321,1.5023128890789683,1.9798258253104228,2.2586065424613654e-06
10023.22,True,forward,pilot_free_der_m,,,0.016080552222590253,0.9995556297384537,True,1,True,1,,True,0.8148654841646021,0.6657228114756236,0.9999999999999999,254016.18666462813,0.04220834747133225,0.10204601152915417,1.5021266851040094,1.9791728589364261,2.259584566988096e-06
10026.22,True,forward,pilot_free_der_m,,,0.016040789464844628,0.9995576364386806,True,1,True,1,,True,0.8146929542550295,0.6658372520569563,0.999999999999638,253974.54598196474,0.04223458923795121,0.10213411143659304,1.5018685075224614,1.9782938898690698,2.260746498436853e-06
10028.22,True,forward,pilot_free_der_m,,,0.016019431286707846,0.9995586883697606,True,1,True,1,,True,0.814568632064204,0.6659106653256199,0.999999999999841,253949.40004436846,0.042252097970202046,0.10219290403924335,1.5017029341478658,1.9776970808012093,2.261478063604873e-06
10031.22,True,forward,pilot_free_der_m,,,0.015978382947500692,0.9995607586976528,True,1,True,1,,True,0.814373681976552,0.666016454963693,0.9999999998276184,253894.15928729397,0.042271623657510415,0.1022985342063927,1.5014644043323706,1.9767989754678315,2.262701791564019e-06
10033.22,True,forward,pilot_free_der_m,,,0.015954781150762598,0.9995619294241795,True,1,True,1,,True,0.8142418354725407,0.666101443818214,0.9999999999998803,253846.12005672563,0.042287306413855,0.10236860728126611,1.5012728305582095,1.9761378116174122,2.263717857304203e-06
10041.22,True,forward,pilot_free_der_m,,,0.01586477787922323,0.9995663601651957,True,1,True,1,,True,0.813731415263889,0.666408791159093,0.9999999999999999,253708.61464630725,0.042352835195659744,0.1026200760950495,1.500580444415638,1.9736668387692693,2.267071259033598e-06
10049.22,True,forward,pilot_free_der_m,,,0.015775869297382564,0.9995708215325875,True,1,True,1,,True,0.8136633607438215,0.6664891307061391,0.9999999999999999,253699.42693891382,0.042490929352730224,0.102361039401822,1.500399562316206,1.9731798731185228,2.2677091039855597e-06
10057.22,True,forward,pilot_free_der_m,,,0.015689986232064468,0.9995751649125851,True,1,True,1,,True,0.81387558706119,0.6664167520715085,0.9999999999999999,253799.30825156384,0.042677989575096845,0.10177175587421254,1.5005625187115597,1.9739846116659103,2.266316185158075e-06
10059.22,True,forward,pilot_free_der_m,,,0.015676589758902914,0.9995758378971009,True,1,True,1,,True,0.8139153806233914,0.6663622212905557,0.99999999993515,253818.18786527895,0.04270704040806151,0.10164878767665111,1.5006853149604311,1.9742997218965297,2.265770545987342e-06
10062.22,True,forward,pilot_free_der_m,,,0.015737385261427407,0.9995727520958017,True,1,True,1,,True,0.8139764627416464,0.6660275900389827,0.9999999999999988,253802.00193933654,0.04259177310962846,0.10169216488650389,1.5014393021488324,1.9757900882515227,2.263600431819741e-06
10064.22,True,forward,pilot_free_der_m,,,0.015778968771792214,0.9995706250602301,True,1,True,1,,True,0.8140145951638741,0.6657903642674916,0.9999999999999999,253796.9266592575,0.042516328440129404,0.10171172903012407,1.5019742754916687,1.9768349140010744,2.2620041940553725e-06
10067.22,True,forward,pilot_free_der_m,,,0.015878801034183973,0.9995653891915988,True,1,True,1,,True,0.8140683518535647,0.6654418636480186,0.9999999999999997,253778.32821580797,0.04239591147970298,0.10176274412032289,1.5027608790915257,1.9783655703657264,2.2597574038170244e-06
10069.22,True,forward,pilot_free_der_m,,,0.015952437447056874,0.9995614953414977,True,1,True,1,,True,0.8140962305727545,0.6651959823987964,0.9999999999999999,253762.4193142204,0.042312014235428734,0.10180003112492299,1.5033163555706546,1.979421957906675,2.258196156258387e-06
10072.22,True,forward,pilot_free_der_m,,,0.016067820069161576,0.9995553551847238,True,1,True,1,,True,0.8141586208450217,0.6648421142893456,0.9999999999999999,253748.97508959932,0.04219005030281445,0.10184978787993289,1.5041165090284736,1.980997711994208,2.2558639224058275e-06
10074.22,True,forward,pilot_free_der_m,,,0.016133379051823108,0.999551884590488,True,1,True,1,,True,0.8142041962102456,0.6646126462862696,0.9999999999999999,253742.1816591527,0.04210871677199667,0.10188254085954478,1.5046358289867214,1.982032801731091,2.254333748042591e-06
10077.22,True,forward,pilot_free_der_m,,,0.016237891984427773,0.9995463116589512,True,1,True,1,,True,0.8142712668741019,0.6642819501543559,0.9999999999999999,253727.31119245873,0.04198691884689333,0.10193850032916713,1.505384874250512,1.9835290609981997,2.252172679113981e-06
10080.22,True,forward,pilot_free_der_m,,,0.016349796366488648,0.9995402901429706,True,1,True,1,,True,0.8143356261359216,0.6639198767022122,0.9999999999999999,253701.8168728045,0.04185643183503455,0.10200293714807197,1.5062058466559958,1.9851467456738172,2.249886865885125e-06
10082.22,True,forward,pilot_free_der_m,,,0.016427474031813785,0.9995360829172839,True,1,True,1,,True,0.8143819434790539,0.6636828477413408,0.9999999999999999,253693.22637197466,0.04177186933180817,0.1020411250082125,1.5067437758911815,1.9862168367075879,2.248317820196863e-06
10085.22,True,forward,pilot_free_der_m,,,0.01654859033335211,0.9995294796151444,True,1,True,1,,True,0.8144527237332235,0.6633301208045127,0.9999999999993535,253663.9509646005,0.04164203288281449,0.10210746829442148,1.5075449894940915,1.9878150900983562,2.246127806743193e-06
10087.22,True,forward,pilot_free_der_m,,,0.016633952348898817,0.9995247911796648,True,1,True,1,,True,0.8144988086737474,0.6630991461565138,0.9999999999999999,253652.28875654985,0.04155782919996821,0.10214764828218831,1.5080701065538187,1.9888618740584956,2.2446264224745163e-06
10090.22,True,forward,pilot_free_der_m,,,0.016773972598978625,0.9995170305983386,True,1,True,1,,True,0.814576077971108,0.662751016620193,0.9999999999999998,253639.20783253966,0.04143174347984841,0.10220474229269907,1.5088622648964962,1.990459962214072,2.2423226108993285e-06
10092.22,True,forward,pilot_free_der_m,,,0.016871194187417487,0.9995116007124079,True,1,True,1,,True,0.8146328945242923,0.6625202611116914,0.9999999999999999,253636.8418780874,0.041349544855398344,0.102237589891096,1.509387800943667,1.9915337922566811,2.2407391301193082e-06
10095.22,True,forward,pilot_free_der_m,,,0.017019150866139605,0.9995032798156901,True,1,True,1,,True,0.8147041076613757,0.662175427953302,0.9999999999993974,253606.26211227395,0.0412194649120237,0.10230821504223947,1.5101738267308817,1.9931062940556485,2.2386106071457867e-06
10098.22,True,forward,pilot_free_der_m,,,0.017182427885533733,0.9994939926342157,True,1,True,1,,True,0.8147776953626474,0.6618223771131553,0.9999999999999999,253592.37426539994,0.04109116177767473,0.10236896574334421,1.5109794328229924,1.9947194983919143,2.236276123560356e-06
10100.22,True,forward,pilot_free_der_m,,,0.017293877551395387,0.9994876030243484,True,1,True,1,,True,0.8148288096083476,0.6615859225152101,0.9999999999999999,253577.09800564544,0.041003668122386254,0.10241378416352268,1.511519465526429,1.9958053072784614,2.2347645187787265e-06
10103.22,True,forward,pilot_free_der_m,,,0.01745696744228631,0.9994781928071383,True,1,True,1,,True,0.8148907625280744,0.6612332582146758,0.9999999999999996,253563.06696213206,0.04087485232093323,0.10247855054021177,1.512325624243389,1.9973910853432353,2.232431705269461e-06
10105.22,True,forward,pilot_free_der_m,,,0.017575575712141973,0.9994712806747061,True,1,True,1,,True,0.8149516006276095,0.6610020795663429,0.9999999999999998,253548.16248876846,0.0407878068666493,0.10252382973287759,1.5128545445062138,1.9984810389521703,2.23095198774822e-06
10108.22,True,forward,pilot_free_der_m,,,0.01775770655084442,0.9994605768951963,True,1,True,1,,True,0.8150277526134895,0.6606203980523748,0.9999999999999999,253549.1536137691,0.04065594174308043,0.10257835944687298,1.5137286147206108,2.0002225230340285,2.228282554548097e-06
10111.22,True,forward,pilot_free_der_m,,,0.01794547720946496,0.9994494272784235,True,1,True,1,,True,0.8150926544321485,0.6602614290522145,0.9999999999999977,253522.4543841439,0.040520427817015925,0.10265743364854228,1.514551594260879,2.0018455724393047,2.2260134309761802e-06
10118.22,True,forward,pilot_free_der_m,,,0.018403866067006648,0.9994217264788365,True,1,True,1,,True,0.8152726702782311,0.6594021315671874,0.999999999999994,253509.06379798206,0.04021179683535259,0.1028038987262398,1.5165252766522224,2.0057980666430333,2.220132647112045e-06
10126.22,True,forward,pilot_free_der_m,,,0.018961092685966664,0.9993869989454413,True,1,True,1,,True,0.8150798878774298,0.658622243419172,0.9999999999999999,253353.12887537666,0.039790188172761726,0.1034687071731643,1.518321025431208,2.008515907409979,2.2160462482704844e-06
10134.22,True,forward,pilot_free_der_m,,,0.01955155340575243,0.999349005287095,True,1,True,1,,True,0.8146232577629846,0.6579860620278132,0.9999999999999979,253106.57322788623,0.0393260548425022,0.10447256680326059,1.5197890315763676,2.0099980448092407,2.2137486924092123e-06
10137.22,True,forward,pilot_free_der_m,,,0.019731396175519472,0.9993371769540971,True,1,True,1,,True,0.8144391633388761,0.6577912026042889,0.9999999999999999,253024.8619673933,0.03918420127408695,0.10480013909217006,1.520239243153234,2.0103431336950535,2.2130975403202026e-06
10139.22,True,forward,pilot_free_der_m,,,0.01987552065708776,0.999327641518166,True,1,True,1,,True,0.8143217691124516,0.6576381565971506,0.9999999999999474,252959.6254456508,0.0390730300154953,0.10504649665997982,1.520593034282403,2.0106813617212884,2.2125948572659155e-06
10142.22,True,forward,pilot_free_der_m,,,0.02009650248721756,0.9993128682743915,True,1,True,1,,True,0.814141376958316,0.6574037754751796,0.999999999999996,252870.62445782378,0.0389109898664762,0.10540485879824577,1.5211351642712785,2.0111979756398597,2.2117287563082845e-06
10144.22,True,forward,pilot_free_der_m,,,0.020251410000741432,0.9993024183837937,True,1,True,1,,True,0.8140417467974465,0.6572670442266849,0.9999999999999999,252819.57982079565,0.038807841988529226,0.10563753413227617,1.5214516059854506,2.011513284168501,2.2112153402205477e-06
10147.22,True,forward,pilot_free_der_m,,,0.020485792057603824,0.9992864569588004,True,1,True,1,,True,0.8138558157009185,0.6570438533396142,0.9999999999999999,252706.53894232007,0.03864140809617897,0.10601771768423171,1.52196842709541,2.011970510430333,2.2106364369394977e-06
10149.22,True,forward,pilot_free_der_m,,,0.0206428331084649,0.9992756669910944,True,1,True,1,,True,0.8137384009856374,0.6568624663541464,0.999999999999926,252665.6125207585,0.03853130423289714,0.10624929607235077,1.5223887057367311,2.0124255100202717,2.2097196643327797e-06
10152.22,True,forward,pilot_free_der_m,,,0.02088640949479586,0.9992587600826477,True,1,True,1,,True,0.8135559532744484,0.6566264083933225,0.9999999999999999,252567.1101143607,0.03836627026720314,0.10662101062028725,1.522936006254861,2.012944518817243,2.2089213097651344e-06
10155.22,True,forward,pilot_free_der_m,,,0.021133520571032616,0.9992414128007688,True,1,True,1,,True,0.8133806722054316,0.6563868636453011,0.9999999999999999,252469.32617562154,0.03820062556788145,0.10699270178190767,1.523491793309838,2.01349578317427,2.208091038097972e-06
10157.22,True,forward,pilot_free_der_m,,,0.021302684762832813,0.9992294247978025,True,1,True,1,,True,0.8132597415494062,0.6562219413501393,0.9999999999999999,252421.0748321109,0.03809289042275087,0.10722951878610218,1.5238746786530128,2.013874810817655,2.20735197233419e-06
10160.22,True,forward,pilot_free_der_m,,,0.021564675977100232,0.9992106640541464,True,1,True,1,,True,0.8130786475264739,0.6559946127985457,0.9999999999999998,252341.3100992033,0.03793357245392747,0.10759168376782131,1.524402762598749,2.014361734910375,2.2064483044693046e-06
10162.22,True,forward,pilot_free_der_m,,,0.021741667332397477,0.9991978616100268,True,1,True,1,,True,0.812960851173976,0.6558321252305799,0.9999999999999999,252278.07597558544,0.037824189012848716,0.10783680354293292,1.5247804453745175,2.0147387222818742,2.2058561655584315e-06
10165.22,True,forward,pilot_free_der_m,,,0.022005691435398385,0.9991785777422126,True,1,True,1,,True,0.812785716852869,0.655587315007202,0.9999999999999999,252197.4345923557,0.03766220871769536,0.10819916468882584,1.525349830768178,2.0153126944048134,2.2048351405934673e-06
10168.22,True,forward,pilot_free_der_m,,,0.022260485850320325,0.9991597681545347,True,1,True,1,,True,0.8125909247881814,0.6553126351057541,0.9999999999999999,252107.53026047212,0.037490201055188854,0.10857885458281913,1.5259891942089905,2.0159612067234094,2.2036831282594733e-06
10170.22,True,forward,pilot_free_der_m,,,0.022423817784444168,0.9991476109721333,True,1,True,1,,True,0.8124463643812347,0.655114773522092,0.9999999999999197,252041.99816652853,0.03737328442606046,0.10883417515598456,1.526450082362854,2.0164179943856264,2.202859131323955e-06
10173.22,True,forward,pilot_free_der_m,,,0.02267991959061572,0.9991283656073564,True,1,True,1,,True,0.8122684672918566,0.6548574005313433,0.9999999999997192,251937.4454605047,0.03720326675060753,0.1092185611145649,1.527050009953818,2.0170375681310815,2.201954930108196e-06
10175.22,True,forward,pilot_free_der_m,,,0.022839902407720138,0.9991162534724346,True,1,True,1,,True,0.8121364149490276,0.6546527561381519,0.9999999999999999,251888.8806642118,0.03708752181081131,0.10946572476288549,1.5275273656511867,2.0175537445507747,2.2009329592640348e-06
10177.22,True,forward,pilot_free_der_m,,,0.023005173254174,0.9991036500100204,True,1,True,1,,True,0.8120247905082267,0.6544870356359314,0.9999999999999999,251820.260203173,0.03697596706049083,0.10972044535914655,1.5279141458139829,2.017960227127723,2.200360751832293e-06
10180.22,True,forward,pilot_free_der_m,,,0.023265745273446145,0.9990835891250756,True,1,True,1,,True,0.8118192047861654,0.6542248832719064,0.9999999999999999,251696.7304848055,0.036801472025574065,0.11012386017114771,1.5285263914126967,2.0185313475755153,2.1995853750216024e-06
10183.22,True,forward,pilot_free_der_m,,,0.02352006126893669,0.9990638159482551,True,1,True,1,,True,0.8116325264556795,0.6539695331432651,0.9999999999999999,251581.60424997177,0.036630832691785645,0.11051762083177244,1.5291232225965639,2.019121615284389,2.1987834055548268e-06
10186.22,True,forward,pilot_free_der_m,,,0.02378041898162612,0.9990433571963409,True,1,True,1,,True,0.8114489247011015,0.6537062280411878,0.9999999999999999,251475.15603849865,0.03646068599083022,0.11090606743848641,1.5297391352633607,2.0197526497147376,2.1978479227266555e-06
10188.22,True,forward,pilot_free_der_m,,,0.023954030939907296,0.9990295985101504,True,1,True,1,,True,0.811324177339578,0.6535421335473078,0.9999999999999214,251390.76079482166,0.03634601237547696,0.1111775144708696,1.5301232295033578,2.020120346994386,2.197422043430156e-06
10196.22,True,forward,pilot_free_der_m,,,0.024660592766035726,0.9989726213602808,True,1,True,1,,True,0.8108267519484619,0.6528201055577783,0.999999999999998,251094.9323085171,0.035885360125573786,0.1122389329875177,1.531815566779434,2.021867647760911,2.1948817912144315e-06
10204.22,True,forward,pilot_free_der_m,,,0.02538226805864737,0.9989129392470756,True,1,True,1,,True,0.8105741237334723,0.6519834885970177,0.9999999999999999,250873.70398337036,0.035452909751773544,0.11304483659898806,1.5337811731273558,2.024703543774987,2.1908635345822074e-06
10211.22,True,forward,pilot_free_der_m,,,0.026023420321985197,0.9988587354290775,True,1,True,1,,True,0.8106573820738134,0.6511015910600377,0.9999999999999999,250797.52013536377,0.03511306348337436,0.11340578392873854,1.5358586336303246,2.0285737336501044,2.1852449368811207e-06
10214.22,True,forward,pilot_free_der_m,,,0.026343523005036607,0.9988312257103938,True,1,True,1,,True,0.8106409178382703,0.6506506639869822,0.9999999999999994,250746.83836301393,0.03493373353474232,0.11362478039454228,1.5369230454208938,2.0304083913020663,2.1824703785229393e-06
10216.22,True,forward,pilot_free_der_m,,,0.026177990069196206,0.9988452960312556,True,1,True,1,,True,0.8107204420431856,0.6508075545444498,0.9999999999999999,250775.14124144395,0.035043782002504624,0.11338364921717443,1.5365525384842478,2.0299545887252983,2.183343147309283e-06
10219.22,True,forward,pilot_free_der_m,,,0.025926903365792998,0.9988665303866061,True,1,True,1,,True,0.8107267428508833,0.6509943544493487,0.9999999999999999,250789.36450653555,0.035191976920255205,0.1130663133580136,1.5361116316375152,2.029193246844787,2.184551412216112e-06
10221.22,True,forward,pilot_free_der_m,,,0.02575559903814513,0.99888091486828,True,1,True,1,,True,0.8107394790198997,0.6511125171650904,0.9999999999999781,250812.84007456392,0.03529383097467915,0.11284126412860662,1.535832860891579,2.028733741501647,2.185189349314595e-06
10224.22,True,forward,pilot_free_der_m,,,0.025481935518049233,0.9989038042210062,True,1,True,1,,True,0.810759836543454,0.6512634814548762,0.9999999999999999,250845.59243757857,0.03543882181036789,0.1125111792118598,1.5354768514980621,2.028157103958906,2.1859799844437217e-06
10226.22,True,forward,pilot_free_der_m,,,0.02530099203670118,0.998918814418967,True,1,True,1,,True,0.8107754431039129,0.6513785901675824,0.9999999999999999,250875.45501815577,0.03553669316204713,0.11229611232773491,1.5352055088926495,2.0277177837319824,2.186539958787635e-06
10229.22,True,forward,pilot_free_der_m,,,0.02501750811213727,0.9989422074705843,True,1,True,1,,True,0.8108107928786658,0.6515921309931572,0.9999999999999999,250884.96755086916,0.035685214999300476,0.11198786207026336,1.5347023888637195,2.026919125976804,2.1879782443908637e-06
10232.22,True,forward,pilot_free_der_m,,,0.02473654658959607,0.9989651511706914,True,1,True,1,,True,0.8108591768071012,0.6517757731739003,0.9999999999999999,250920.31722545487,0.03583294531677562,0.11166288701880538,1.5342699762072773,2.0262775749442086,2.1889777233992527e-06
10234.22,True,forward,pilot_free_der_m,,,0.02454598813709246,0.9989805807390437,True,1,True,1,,True,0.8108799899260863,0.6518795866657929,0.9999999999999999,250942.47925254825,0.03592767253564352,0.11145199484169575,1.534025639788414,2.0258986941712465,2.1895234755934835e-06
10237.22,True,forward,pilot_free_der_m,,,0.02425379772314736,0.9990040592227276,True,1,True,1,,True,0.810925720029448,0.6520255157132216,0.9999999999999999,250979.11746351526,0.03606872315790421,0.11112997679661243,1.5336823113527152,2.0254074171371013,2.1902424486369824e-06
10240.22,True,forward,pilot_free_der_m,,,0.023964574046667866,0.9990270512455581,True,1,True,1,,True,0.8109754996609182,0.6522316062885775,0.999999999999902,250989.5045606302,0.03621405897746716,0.11083017636014385,1.5331977021019365,2.0246769319496494,2.191618231404934e-06
10242.22,True,forward,pilot_free_der_m,,,0.023777633293668214,0.9990417707699475,True,1,True,1,,True,0.8110260731389817,0.6523675058653216,0.9999999999999999,251016.28182745943,0.03631632144963266,0.1106102144101532,1.532878310169001,2.0242397354195405,2.1923511316507778e-06
10245.22,True,forward,pilot_free_der_m,,,0.02351631094915949,0.9990621355432825,True,1,True,1,,True,0.8110893538031138,0.6525984292924251,0.9999999999999999,251032.5047332672,0.03647001361999705,0.11029856841670906,1.5323358977192794,2.023440633000047,2.1938516220435514e-06
10247.22,True,forward,pilot_free_der_m,,,0.02335645065704324,0.9990744629774766,True,1,True,1,,True,0.8111352313409698,0.652752692044244,0.9999999999999515,251060.608582856,0.03657667696175648,0.11007809002988125,1.5319737661567099,2.0229160474984185,2.1947026866321387e-06
10250.22,True,forward,pilot_free_der_m,,,0.023106724561788555,0.9990935922659872,True,1,True,1,,True,0.8111957548018504,0.6529762573970331,0.9999999999999999,251096.07519697462,0.036733433740046825,0.10975527452412256,1.531449250523,2.022141262790657,2.1959814335639004e-06
10252.22,True,forward,pilot_free_der_m,,,0.022955929312385576,0.999105018898905,True,1,True,1,,True,0.8112427011924309,0.6531031221502953,0.999999999999984,251141.18737855655,0.03683772604206277,0.10952715787130492,1.5311517677446642,2.021733191936875,2.1964881778147464e-06
10255.22,True,forward,pilot_free_der_m,,,0.02272104386015939,0.9991227040439781,True,1,True,1,,True,0.8113164623051548,0.6533262286275979,0.9999999999999999,251182.68204185847,0.03699537680388767,0.10920182588859406,1.5306288897977327,2.0209939162201103,2.1977096164342106e-06
10257.22,True,forward,pilot_free_der_m,,,0.02255807161351927,0.9991348918133819,True,1,True,1,,True,0.8113522527298049,0.653456942484065,0.9999999999999718,251219.87159355945,0.03709853463285767,0.1089837457805442,1.5303227113917417,2.0205424759164563,2.198312155390708e-06
10260.22,True,forward,pilot_free_der_m,,,0.022328256532083642,0.9991519106573259,True,1,True,1,,True,0.8114336474346325,0.6536639060297975,0.9999999999999999,251289.53180821083,0.03725857099965386,0.10864412528221129,1.5298381794916094,2.019889535470261,2.1991712046102197e-06
10262.22,True,forward,pilot_free_der_m,,,0.022171361081322973,0.9991634454838053,True,1,True,1,,True,0.8114649209228447,0.6537653926606869,0.9999999999999999,251332.3971387285,0.03735618341450719,0.10842862525967717,1.529600696559069,2.019547968677539,2.199515945556938e-06
10265.22,True,forward,pilot_free_der_m,,,0.021941135491939014,0.9991802265749231,True,1,True,1,,True,0.8115311606770297,0.6539520105257253,0.9999999999998613,251391.6653585967,0.03751024155060557,0.10810006350555641,1.5291641953909447,2.018941819066352,2.20032047784748e-06
10273.22,True,forward,pilot_free_der_m,,,0.021344472209112477,0.9992229446717841,True,1,True,1,,True,0.8117011017936377,0.6544466348562087,0.9999999999999973,251562.1851623948,0.03792133566990605,0.10722913718193999,1.5280084681308075,2.0173225079806802,2.2023320416732817e-06
10280.22,True,forward,pilot_free_der_m,,,0.020844448639686413,0.9992578591295027,True,1,True,1,,True,0.8118094375112384,0.6549012021214231,0.9999999999999993,251708.88878766887,0.038275904601060014,0.10652464347610507,1.5269478766578788,2.015717163668367,2.204264133242868e-06
