Time_Relative_s,Fit_Success,Direction,Run_Label,Target_der_m,Der_m_Bound_Half_Width,RMSE_Log,R2,At_Bounds,Bounds_Hit_Count,Sequential_Bounds,Sequential_Bounds_Hit_Count,Fixed_der_m,Accepted,height,alpha,alpha_beta,omega_p,der_A,der_m,beta,de,tau_hn
-336.69,True,backward,final_local_der_m_bounds,-0.0972982148930278,0.03,0.0349472321369265,0.99846186500227,False,0,True,0,,True,1.2905754043811086,0.8642432149643721,0.8638148379314157,163678.54200254142,0.1879035946364601,-0.0976134611321388,0.9995043327786216,2.3043525305729613,6.112486340463224e-06
-332.76,True,backward,final_local_der_m_bounds,-0.0967502524511981,0.03,0.0351525948173855,0.9984439369717716,False,0,True,0,,True,1.290716701444806,0.8642079712474837,0.8630308830931527,163664.6038724952,0.1893096970884768,-0.0988496415554888,0.9986379573048464,2.3059164144484297,6.1181710395725526e-06
-330.3,True,backward,final_local_der_m_bounds,-0.0962022900093684,0.03,0.0353488214901082,0.9984265025844596,False,0,True,0,,True,1.2908510719893438,0.8642601649876108,0.8621414662147802,163625.84788427976,0.1906337492858148,-0.0999714015118645,0.9975485405220996,2.30726914955194,6.126126449822689e-06
-327.86,True,backward,final_local_der_m_bounds,-0.0958138894428265,0.03,0.0352925594005712,0.9984320450057698,False,0,True,0,,True,1.2908566049083865,0.8641243220311833,0.8622724405674999,163651.648111978,0.1906831559733995,-0.1001188226027604,0.9978569270457168,2.307640560620769,6.12332034999494e-06
-325.19,True,backward,final_local_der_m_bounds,-0.0954254888762846,0.03,0.0352265383358458,0.9984384667732914,False,0,True,0,,True,1.290785672756121,0.8639722847974483,0.8622755615651173,163671.61839457756,0.1908622937932779,-0.1003933207306234,0.9980361369662122,2.308132693414613,6.121505436537352e-06
-322.75,True,backward,final_local_der_m_bounds,-0.0949946252191411,0.03,0.0351572532851842,0.9984451077143476,False,0,True,0,,True,1.2907229582658954,0.8638297427192986,0.8623459889342406,163692.5324889706,0.1909733011660245,-0.1005925460509083,0.9982823539041534,2.3085002221561823,6.119255158804207e-06
-319.97,True,backward,final_local_der_m_bounds,-0.0945637615619977,0.03,0.0350835170489811,0.9984522076720236,False,0,True,0,,True,1.2907321953035331,0.8636921018191058,0.8622934100827432,163705.9586390551,0.1912141186351455,-0.1009262486886497,0.9983805667165224,2.3091600543449955,6.118168976767711e-06
-315.0,True,backward,final_local_der_m_bounds,-0.0942162084798776,0.03,0.034957727670035,0.9984643281025766,False,0,True,0,,True,1.290631615526612,0.8634009839246486,0.8623754263324884,163746.09715966196,0.1914892913826423,-0.101387983410275,0.998812188529716,2.310052764217684,6.114096640784819e-06
-312.56,True,backward,final_local_der_m_bounds,-0.0938686553977576,0.03,0.0348956896449926,0.9984702200030068,False,0,True,0,,True,1.290562067705208,0.8632326002362635,0.8625102317012242,163770.78606742536,0.191553307161297,-0.1015470320839403,0.999163182049842,2.310418625654847,6.111082494539605e-06
-310.0,True,backward,final_local_der_m_bounds,-0.0934745508696334,0.03,0.0348303993765205,0.9984764101395152,False,0,True,0,,True,1.290485010219923,0.8630485154594228,0.8626689529800163,163805.65339684702,0.1916370206858972,-0.1017269641958516,0.9995602072506844,2.310800091288561,6.10741571893325e-06
-307.53,True,backward,final_local_der_m_bounds,-0.0930804463415092,0.03,0.0347659653379874,0.998482502600762,False,0,True,0,,True,1.2903947539460496,0.8629163897679388,0.862606234451806,163809.07470999344,0.1918316433804652,-0.1020037674034697,0.9996405731542354,2.3112748743611014,6.106809629046393e-06
-304.94,True,backward,final_local_der_m_bounds,-0.0922930709555602,0.03,0.0346996238035973,0.9984887730489768,False,0,True,0,,True,1.290350039207234,0.8627451574501378,0.8627931489484058,163840.10751623198,0.1918715643540664,-0.1021433549599375,1.0000556265055254,2.3116197684714384,6.103180263480879e-06
-302.37,True,backward,final_local_der_m_bounds,-0.0915056955696111,0.03,0.0346381937781229,0.99849459250187,False,0,True,0,,True,1.2902856741045576,0.8625845376338755,0.8629099998669149,163859.14929865164,0.1919569506891325,-0.1023221481193559,1.000377310534608,2.311990539597425,6.100555171165363e-06
-299.75,True,backward,final_local_der_m_bounds,-0.0911750924520045,0.03,0.0345780065975436,0.9985003004043412,False,0,True,0,,True,1.2901825896757118,0.862399981823109,0.862990602962735,163888.6166466899,0.1920861011132453,-0.1025520798837266,1.000684857551107,2.3124445538072003,6.0976269672639846e-06
-297.19,True,backward,final_local_der_m_bounds,-0.0908444893343978,0.03,0.0345207775524149,0.998505730081037,False,0,True,0,,True,1.2901516839856284,0.8622310563508483,0.8631487180679035,163916.4370478697,0.1921456718421865,-0.1027108369000522,1.0010642874787403,2.312848368337477,6.0943337254547445e-06
-294.56,True,backward,final_local_der_m_bounds,-0.0905199608471858,0.03,0.0344623990791547,0.9985112621525216,False,0,True,0,,True,1.2900180067451796,0.8620417260706249,0.8631877413364465,163932.2999573982,0.1922991411261675,-0.1029683988566008,1.0013294197150355,2.313329501848,6.092165485336917e-06
-292.12,True,backward,final_local_der_m_bounds,-0.0901954323599737,0.03,0.0344103212604431,0.9985162053345004,False,0,True,0,,True,1.2900018893682497,0.8618937908322871,0.8633043548368892,163952.79785049334,0.1923797375644426,-0.1031387678724635,1.0016365868040886,2.3137357112556702,6.089576216715901e-06
-289.69,True,backward,final_local_der_m_bounds,-0.089849592296786,0.03,0.0343597900131366,0.9985210049174909,False,0,True,0,,True,1.2898973071129969,0.8617074991442127,0.8634370362750665,163982.55493319128,0.1924385269689267,-0.1033040165987062,1.0020071046527637,2.3141173998001894,6.086267203001529e-06
-287.0,True,backward,final_local_der_m_bounds,-0.0895037522335982,0.03,0.0343040240627841,0.9985262936144116,False,0,True,0,,True,1.2898468715338716,0.861561283788752,0.8634144090347269,163982.42078538204,0.1926499047021874,-0.103601534907004,1.0021508919688518,2.314662622694452,6.085415442425058e-06
-284.44,True,backward,final_local_der_m_bounds,-0.089193513975939,0.03,0.0342487465274755,0.998531508439713,False,0,True,0,,True,1.2897637415236225,0.8613568463407085,0.863657229399233,164024.45061144905,0.1926542026361159,-0.1037186997769641,1.0026706504607203,2.3149940098606505,6.080766928027683e-06
-281.69,True,backward,final_local_der_m_bounds,-0.0888832757182798,0.03,0.0341709961583818,0.9985386623324318,False,0,True,0,,True,1.289697479017259,0.8611774179790765,0.8636893069414847,164047.76271591545,0.1928559844243925,-0.1040161132433023,1.0029168077448,2.315566541178628,6.078438085737136e-06
-279.12,True,backward,final_local_der_m_bounds,-0.088547844829369,0.03,0.0340967155023177,0.9985454822023316,False,0,True,0,,True,1.2895874431893015,0.8609979260320203,0.8637656504751204,164063.7072345134,0.1929654903483044,-0.1042307071808968,1.0032145541347066,2.3159950526177515,6.076076793570647e-06
-276.5,True,backward,final_local_der_m_bounds,-0.0882124139404582,0.03,0.0340358218792477,0.9985511498846756,False,0,True,0,,True,1.2894813130640277,0.8607974508106476,0.8639171573180353,164089.3302285995,0.1930352393676448,-0.1044140000624237,1.003624205095461,2.316405467254921,6.072694012294201e-06
-268.75,True,backward,final_local_der_m_bounds,-0.0878787715009255,0.03,0.0338938749257306,0.9985645878030326,False,0,True,0,,True,1.2893011505441032,0.8603020987619611,0.8641123264204836,164146.71494109766,0.193439279894226,-0.1051054913098858,1.0044289414892813,2.3178345476861453,6.065788142369413e-06
-261.25,True,backward,final_local_der_m_bounds,-0.0875451290613929,0.03,0.033523411268164,0.9985930388069164,False,0,True,0,,True,1.2888098412247175,0.8608979516699767,0.8669509596387548,164169.40123991313,0.1876387281615853,-0.099575987436878,1.00703104004027,2.3102912193988607,6.049633506277345e-06
-254.61,True,backward,final_local_der_m_bounds,-0.0871927252538082,0.03,0.0332918292708707,0.9986116641389232,False,0,True,0,,True,1.288467375037403,0.860931997212666,0.8685306552937972,164212.95157195567,0.1850509878920092,-0.0971965467696609,1.0088260839482477,2.307209538288163,6.037497064330543e-06
-251.86,True,backward,final_local_der_m_bounds,-0.0868403214462236,0.03,0.0331588958974871,0.9986225153527454,False,0,True,0,,True,1.288316911968148,0.8609531110492049,0.8690988281596405,164216.92321925066,0.1839938260868987,-0.096245534782619,1.0094612784435018,2.3060180853809693,6.033634227597069e-06
-249.42,True,backward,final_local_der_m_bounds,-0.086461932397605,0.03,0.0330942446756339,0.9986275648683934,False,0,True,0,,True,1.2881952896037805,0.8609599447309543,0.869736319356379,164248.12240851796,0.1830765965862694,-0.0953724299867698,1.0101937084055257,2.3048365774932407,6.028207520245678e-06
-246.72,True,backward,final_local_der_m_bounds,-0.0860835433489864,0.03,0.033016841706587,0.998633608430172,False,0,True,0,,True,1.2881127154414804,0.8610182244455828,0.8702135452024693,164254.69226411212,0.1822563390444127,-0.0945726957574759,1.0106795889980231,2.3037494866053203,6.0251356949165805e-06
-244.19,True,backward,final_local_der_m_bounds,-0.086461932397605,0.03,0.0329389465169377,0.9986397009874528,False,0,True,0,,True,1.2879969894307508,0.8610543948452584,0.8706414203268857,164254.84461710387,0.1815201180517826,-0.0938569639938909,1.011134053247995,2.3027671892033603,6.022483418864303e-06
-241.47,True,backward,final_local_der_m_bounds,-0.0868403214462236,0.03,0.0328595462498213,0.9986458862662588,False,0,True,0,,True,1.287856108783048,0.861086785495111,0.8711525335164636,164271.3986039056,0.1806892775746738,-0.0930479445143894,1.0116895859870445,2.301634531391413,6.018643870366942e-06
-236.3,True,backward,final_local_der_m_bounds,-0.0871927252538082,0.03,0.032731154257009,0.9986557928893596,False,0,True,0,,True,1.2876901862296546,0.8611740057646966,0.8720739187744858,164282.05585489675,0.1791598815098442,-0.0915532007675091,1.0126570390383651,2.2996340395290127,6.012637021908823e-06
-233.62,True,backward,final_local_der_m_bounds,-0.0875451290613929,0.03,0.0326647971606242,0.9986610126034404,False,0,True,0,,True,1.28764643992974,0.8612484751911549,0.8725018971700245,164287.39557279507,0.1783956248210836,-0.0908116928670991,1.013066405692471,2.298625853042696,6.010073436723339e-06
-230.97,True,backward,final_local_der_m_bounds,-0.0878787715009255,0.03,0.0326006735296917,0.99866604422048,False,0,True,0,,True,1.2875314404077012,0.8613062525698226,0.8728906742843134,164288.90985316513,0.1776553383685748,-0.0900992841802666,1.0134498288848213,2.2976168866814057,6.007800699919773e-06
-228.31,True,backward,final_local_der_m_bounds,-0.0882124139404582,0.03,0.0325417504599633,0.9986706339873715,False,0,True,0,,True,1.287485256557089,0.8613765150918464,0.8731318043958051,164284.0210407908,0.1770723547586158,-0.0895358006435805,1.0136470975212335,2.296894847998416,6.006844641999471e-06
-225.87,True,backward,final_local_der_m_bounds,-0.0884427801711257,0.03,0.0324911724489806,0.998674548997044,False,0,True,0,,True,1.287453540385601,0.8614321488999938,0.8735617204830426,164296.23656622937,0.1763823526112198,-0.0888591206932526,1.014080704555243,2.295984502540962,6.003893163343464e-06
-223.25,True,backward,final_local_der_m_bounds,-0.0886731464017932,0.03,0.0324377485359472,0.9986786772032898,False,0,True,0,,True,1.2873697224854397,0.8614943813389588,0.8739508694649571,164294.50245864916,0.1756754158256577,-0.0881673006894155,1.014459163513798,2.2950140462596984,6.001774174749586e-06
-220.81,True,backward,final_local_der_m_bounds,-0.0887782110600365,0.03,0.0323892108573965,0.9986824190050584,False,0,True,0,,True,1.287309282817111,0.8615483853823679,0.8743079754241072,164298.39107818925,0.1750323465030745,-0.0875383000141233,1.0148100678478742,2.2941661625120804,5.999610020592392e-06
-217.98,True,backward,final_local_der_m_bounds,-0.0888832757182798,0.03,0.0323345550679265,0.99868662124849,False,0,True,0,,True,1.287262167247098,0.8616093842490449,0.8747048451577791,164300.73054836266,0.1743255667286851,-0.0868443417459409,1.0151988373712386,2.2932561591736094,5.99728651021376e-06
-215.37,True,backward,final_local_der_m_bounds,-0.089193513975939,0.03,0.0322859875103788,0.9986903436582816,False,0,True,0,,True,1.2871875991355175,0.8616634737910236,0.8750515633453317,164302.84057274708,0.173683269529335,-0.0862130898128237,1.015537492259484,2.292398869339881,5.995261812885123e-06
-212.7,True,backward,final_local_der_m_bounds,-0.0895037522335982,0.03,0.0322379551396291,0.9986940144104708,False,0,True,0,,True,1.28713778324628,0.8617282334996308,0.8754328262897616,164303.76373217013,0.1730078832744385,-0.0855429779132468,1.0159036135261277,2.291492361907564,5.993125255627217e-06
-210.25,True,backward,final_local_der_m_bounds,-0.089849592296786,0.03,0.0321951206424821,0.9986972796397546,False,0,True,0,,True,1.287055950398186,0.8617655507941286,0.8758341836235264,164311.69353840392,0.1723658196043093,-0.0849084623726567,1.0163253599734097,2.290612974994757,5.990410488511949e-06
-207.75,True,backward,final_local_der_m_bounds,-0.0901954323599737,0.03,0.032153938672293,0.9987004049677708,False,0,True,0,,True,1.2869726919373743,0.8618123026583219,0.8762723273122458,164320.31815833913,0.1716909510274755,-0.0842334812084672,1.0167786240801169,2.2896398311273094,5.987492993452721e-06
-205.19,True,backward,final_local_der_m_bounds,-0.0905199608471858,0.03,0.0321146012729221,0.9987033740121336,False,0,True,0,,True,1.286947785092122,0.8618874915395546,0.8765890010436219,164313.9492905082,0.17109459359885,-0.0836328916209831,1.017057341762562,2.288829881796618,5.986133068711559e-06
-202.62,True,backward,final_local_der_m_bounds,-0.0908444893343978,0.03,0.0320888467787255,0.9987052494533885,False,0,True,0,,True,1.2869027129839514,0.8619486436802436,0.8769684343418863,164319.28623364045,0.1704618596820082,-0.0829959651745935,1.017425389287131,2.287951525368197,5.983832184480917e-06
-200.05,True,backward,final_local_der_m_bounds,-0.0910687786029905,0.03,0.0320654646994464,0.9987069261947138,False,0,True,0,,True,1.286785973283311,0.8619806668008256,0.8773681571213322,164322.81881097666,0.169813974658699,-0.082351120490762,1.017851317219928,2.287036528766505,5.9812618200261545e-06
-197.44,True,backward,final_local_der_m_bounds,-0.0912930678715831,0.03,0.0320307543935549,0.998709517269453,False,0,True,0,,True,1.2867257432704806,0.8620444161288076,0.8777549170661547,164322.5431184477,0.1691689489742011,-0.0816967762253893,1.0182247000774023,2.2861111968725853,5.979139274293154e-06
-189.73,True,backward,final_local_der_m_bounds,-0.0913993817205971,0.03,0.0318881032606195,0.998720439153447,False,0,True,0,,True,1.28652055337651,0.8621764148888046,0.8790031290278618,164340.1851036261,0.1673023227187861,-0.0798043865142688,1.0195165558329815,2.2834117452755724,5.971118971252579e-06
-181.62,True,backward,final_local_der_m_bounds,-0.0915056955696111,0.03,0.0316660659729963,0.9987348806637616,False,0,True,0,,True,1.2861236725497698,0.8629927448956026,0.8830813749949261,164361.75897147393,0.1616125150963235,-0.0734670751605676,1.0232778667238434,2.2735417575575654,5.949070607861005e-06
-175.05,True,backward,final_local_der_m_bounds,-0.0922930709555602,0.03,0.0315971991455073,0.998740897224188,False,0,True,0,,True,1.2860654700615637,0.862872359394472,0.8831970002388992,164368.7672387456,0.1614254949125616,-0.0734268595495415,1.0235546319489133,2.2737665523192496,5.94722142797386e-06
-172.23000000000002,True,backward,final_local_der_m_bounds,-0.0930804463415092,0.03,0.0316198193063499,0.9987392118580344,False,0,True,0,,True,1.286080076923891,0.8628574691890629,0.8831213903711437,164367.07893313942,0.161495540497536,-0.0735257125719859,1.0234846679847662,2.2739607575054857,5.947676014640661e-06
-169.67000000000002,True,backward,final_local_der_m_bounds,-0.0930804463415092,0.03,0.0314909505099226,0.99874989485641,False,0,True,0,,True,1.2858949507710231,0.8626849550418332,0.883596713773041,164396.57922938818,0.1610000126015927,-0.0731631570920643,1.024240319260226,2.2736632386330555,5.942288833263541e-06
-166.95000000000002,True,backward,final_local_der_m_bounds,-0.0930804463415092,0.03,0.0313602740974861,0.99876071836662,False,0,True,0,,True,1.2858117624899337,0.8625378722764072,0.8840655551967961,164421.3109964572,0.1604867446063918,-0.0727876234759417,1.0249585364449831,2.273452009563578,5.937297232979069e-06
-164.5,True,backward,final_local_der_m_bounds,-0.0930804463415092,0.03,0.0312206076470434,0.9987721549347378,False,0,True,0,,True,1.2856847584576,0.8623733623201069,0.8845589190854883,164452.83378763995,0.1599788067563517,-0.0724096168115835,1.0257261619325695,2.273200631963724,5.931782715675855e-06
-161.72,True,backward,final_local_der_m_bounds,-0.0930804463415092,0.03,0.0310386613245236,0.9987868815980936,False,0,True,0,,True,1.285538446306221,0.8622058768864055,0.8850553585226696,164481.43480662713,0.1594509259380573,-0.0720203286967647,1.026501189853609,2.272923833094421,5.926337265908454e-06
-156.75,True,backward,final_local_der_m_bounds,-0.0930804463415092,0.03,0.0307005855929998,0.9988139306686092,False,0,True,0,,True,1.2853020403693751,0.8619245827009031,0.8858868915364644,164528.79502416923,0.1585583986621146,-0.0713628525234261,1.02780093446282,2.272480658722247,5.917240413875887e-06
-154.22000000000003,True,backward,final_local_der_m_bounds,-0.0930804463415092,0.03,0.0305301746850326,0.9988273978128384,False,0,True,0,,True,1.2852089521970724,0.8617716995294827,0.8864438715529046,164561.69303114442,0.158060310062459,-0.0709626673499771,1.028629591847693,2.272155181699336,5.9113593996242926e-06
-151.62,True,backward,final_local_der_m_bounds,-0.0930804463415092,0.03,0.0303605436936366,0.998840732195129,False,0,True,0,,True,1.285027263800148,0.8615949325827387,0.8869339573221396,164588.01934343195,0.1575650624979091,-0.0705840114834515,1.029409440307923,2.2718662220761217,5.905989075081978e-06
-148.92000000000002,True,backward,final_local_der_m_bounds,-0.0930804463415092,0.03,0.0301842221949237,0.9988545166683344,False,0,True,0,,True,1.2848487001242392,0.8614213008265592,0.8874251471881718,164612.26198894394,0.1570651540515245,-0.070201518683418,1.0301871411081442,2.27156929462531,5.9007121699152925e-06
-146.42000000000002,True,backward,final_local_der_m_bounds,-0.0930804463415092,0.03,0.0300232050071524,0.9988670378455148,False,0,True,0,,True,1.2846832736773184,0.8612314743558072,0.8880370917000714,164653.39621612878,0.1565349488133219,-0.0697747557568147,1.0311247534982562,2.2711929802149826,5.89393706500511e-06
-143.55,True,backward,final_local_der_m_bounds,-0.0930804463415092,0.03,0.0298417720308009,0.998881069934506,False,0,True,0,,True,1.284597923600807,0.8610660739082494,0.8886453020618897,164691.59060100143,0.1559811759566259,-0.069329170533328,1.032029165925052,2.2708647715549484,5.887469230688487e-06
-141.0,True,backward,final_local_der_m_bounds,-0.0930804463415092,0.03,0.0296844960077747,0.9988931687310376,False,0,True,0,,True,1.2844072508865712,0.8608734687897739,0.889238073759408,164730.69817561543,0.1554550818708051,-0.0689077726481354,1.0329486341465597,2.270484758191018,5.8808858328413495e-06
-138.26,True,backward,final_local_der_m_bounds,-0.0930804463415092,0.03,0.0295193452435752,0.9989058083067408,False,0,True,0,,True,1.2842749457145142,0.8607198105708815,0.8896790656977958,164746.722153932,0.154992325677834,-0.0685586284286029,1.0336453916492367,2.270262234294384,5.876386164262543e-06
-135.69,True,backward,final_local_der_m_bounds,-0.0930804463415092,0.03,0.0293688575875703,0.9989172696731616,False,0,True,0,,True,1.2841215591767077,0.8605454904908449,0.8901829863539589,164778.98154037277,0.1545134601178475,-0.0681867549652665,1.0344403592728248,2.2699997583068354,5.870759654220437e-06
-133.25,True,backward,final_local_der_m_bounds,-0.0915056955696111,0.03,0.0292302465544558,0.9989277805799528,False,0,True,0,,True,1.2839877298985685,0.8603837902354113,0.8906980117381532,164805.9691989408,0.1540383916523297,-0.0678075382255331,1.0352333712545276,2.269705540753084,5.865342152677462e-06
-130.75,True,backward,final_local_der_m_bounds,-0.0912930678715831,0.03,0.0290913145615039,0.9989382694666428,False,0,True,0,,True,1.2838518907260748,0.8602286903963423,0.8911521590226846,164830.82955141802,0.1535949068449749,-0.0674642582891511,1.0359479624099663,2.2694666653149578,5.860443388955546e-06
-128.31,True,backward,final_local_der_m_bounds,-0.0908444893343978,0.03,0.0289585917189276,0.9989482462249728,False,0,True,0,,True,1.2837107253004536,0.860066136536042,0.891664356968938,164862.10745234042,0.1531358790198579,-0.0670974900491237,1.0367392914225868,2.269168715584727,5.854894305963882e-06
-125.64999999999998,True,backward,final_local_der_m_bounds,-0.0901954323599737,0.03,0.0288123459394973,0.9989591805026308,False,0,True,0,,True,1.2835519438975471,0.8598858541085583,0.8922146972280466,164894.39902862668,0.1526217509184686,-0.0666882734425898,1.037596668168246,2.268860126776981,5.848944620938875e-06
-123.06,True,backward,final_local_der_m_bounds,-0.0895037522335982,0.03,0.0286743477640887,0.9989694539523402,False,0,True,0,,True,1.2834213054617556,0.8597227501645265,0.8927112855788817,164920.32818032734,0.1521572592615722,-0.0663226046113039,1.0383711323307916,2.268606709579437,5.843691363836495e-06
-120.62,True,backward,final_local_der_m_bounds,-0.0888832757182798,0.03,0.0285453512850942,0.9989790202859234,False,0,True,0,,True,1.2832812719114826,0.8595578268607345,0.8932203439579463,164945.9466232531,0.1516962206806174,-0.0659548915406966,1.0391625973788798,2.2683277027839432,5.8383605254858985e-06
-118.06,True,backward,final_local_der_m_bounds,-0.0888832757182798,0.03,0.0284016197365018,0.9989896075508125,False,0,True,0,,True,1.283129621258652,0.8593743781666191,0.8938011062838401,164982.24213980773,0.1511998670973957,-0.0655534688247931,1.040060221705314,2.26800555508435,5.832067225121342e-06
-110.44,True,backward,final_local_der_m_bounds,-0.0888832757182798,0.03,0.0280258818037698,0.9990171127672076,False,0,True,0,,True,1.2827181237462033,0.858863804947844,0.8953324638551199,165070.50879496927,0.1498148330203614,-0.0644538304584538,1.0424615156642798,2.2672515391758816,5.815576198255275e-06
-102.86,True,backward,final_local_der_m_bounds,-0.0888832757182798,0.03,0.0284933337234416,0.998989576582408,False,0,True,0,,True,1.2827118772883126,0.8569842314380851,0.8916932297924249,165189.49303577034,0.1549428549005765,-0.0715565310216784,1.0405013267234748,2.2800265417751446,5.821451938969064e-06
-95.64999999999998,True,backward,final_local_der_m_bounds,-0.0888832757182798,0.03,0.028496078211394,0.9989913459744598,False,0,True,0,,True,1.2824016662834972,0.8561758229325575,0.8920898128942751,165285.57382905943,0.1550166149590796,-0.0722985202837467,1.0419469798139191,2.282255953110598,5.809808614212335e-06
-93.17000000000002,True,backward,final_local_der_m_bounds,-0.0888832757182798,0.03,0.0285071946013515,0.9989912942920892,False,0,True,0,,True,1.2822395227831382,0.8558611404964638,0.8923229465517032,165324.36273839994,0.1549383574967966,-0.0724726873219467,1.04260247875501,2.2829415153537904,5.804721869554818e-06
-90.47000000000004,True,backward,final_local_der_m_bounds,-0.0888832757182798,0.03,0.0287614198832862,0.9989724604825804,False,0,True,0,,True,1.2828727721888131,0.8563223651814517,0.8898199531145629,165226.63773842456,0.1578278631025587,-0.0750905494143293,1.039117964560009,2.285661134078345,5.827541437778144e-06
-87.86000000000001,True,backward,final_local_der_m_bounds,-0.0886731464017932,0.03,0.0290429431538147,0.998951470055666,False,0,True,0,,True,1.2834793954707078,0.856759577076911,0.8873930508413139,165131.0104327056,0.1607285207722056,-0.0776774904338575,1.0357550409519998,2.28834633066646,5.849729543038367e-06
-85.06,True,backward,final_local_der_m_bounds,-0.0884638452738289,0.03,0.0293818884307651,0.9989260172296248,False,0,True,0,,True,1.2841533527572002,0.8572323805791506,0.8847807237203338,165029.90383809689,0.1639699118397191,-0.0805242356783821,1.0321363772126426,2.291287438714952,5.873676691486334e-06
-82.5,True,backward,final_local_der_m_bounds,-0.0882124139404582,0.03,0.0297249919119835,0.9989000373392568,False,0,True,0,,True,1.2847082185129457,0.8576336030953523,0.8823289444456136,164927.2198877402,0.1670331291818606,-0.0832014442067557,1.028794745519685,2.294105839414553,5.896238807100364e-06
-77.31,True,backward,final_local_der_m_bounds,-0.0875451290613929,0.03,0.0305134270541763,0.9988393990095356,False,0,True,0,,True,1.2858385364965483,0.858375240189492,0.877554834353005,164738.6220007575,0.1734157924711664,-0.0886677508682833,1.0223440673326958,2.29990553557443,5.9397954380740544e-06
-74.87,True,backward,final_local_der_m_bounds,-0.0868403214462236,0.03,0.0309196749505438,0.9988075876717838,False,0,True,0,,True,1.286320701739361,0.858696259366016,0.8752890638209818,164643.30215643975,0.1765565272607186,-0.0913149002509786,1.0193232522838942,2.3027162425201184,5.9606040628683806e-06
-72.19,True,backward,final_local_der_m_bounds,-0.0860835433489864,0.03,0.0313887900598191,0.9987703575290492,False,0,True,0,,True,1.2868725733645154,0.8590311926570036,0.872882406316465,164547.63718248936,0.1800813823100824,-0.0942373254726823,1.016124226661222,2.305817351962219,5.982565795515788e-06
-69.75,True,backward,final_local_der_m_bounds,-0.0855166339451545,0.03,0.031834654548502,0.9987344721900716,False,0,True,0,,True,1.2873464008695563,0.8593256569107723,0.8705429362055347,164452.80746353016,0.1835144581748147,-0.0970685758967168,1.0130535835914498,2.308867453479228,6.0038665452771055e-06
-66.97000000000003,True,backward,final_local_der_m_bounds,-0.0848965651219708,0.03,0.0323619861444992,0.998691393097806,False,0,True,0,,True,1.2879062095068714,0.8596386176300856,0.8680289684463621,164353.61940396798,0.1874482096280279,-0.1002486077800397,1.009760323284926,2.312271684186168,6.026746962510355e-06
-64.37,True,backward,final_local_der_m_bounds,-0.0842759919985476,0.03,0.03287161537241,0.9986490988238016,False,0,True,0,,True,1.2884030273735436,0.8599265435591065,0.8656253791369539,164247.18568778256,0.1912834134490869,-0.1033063890965426,1.0066271190493328,2.315525093783605,6.04908250438767e-06
-61.72000000000003,True,backward,final_local_der_m_bounds,-0.0836147753660684,0.03,0.0334052493894701,0.9986041111887064,False,0,True,0,,True,1.288934468220956,0.8601881438457968,0.8632340439159741,164152.8898351501,0.1953295392585414,-0.1064869928332428,1.0035409696029516,2.318951811083932,6.070815020558063e-06
-59.110000000000014,True,backward,final_local_der_m_bounds,-0.0831935314172465,0.03,0.0339429198221043,0.9985580543506062,False,0,True,0,,True,1.2893675003754688,0.8604312772140921,0.8607483732605323,164040.75176528897,0.1995599843639748,-0.1097775000806297,1.000368531519992,2.3224394899081697,6.093846111019171e-06
-56.39999999999998,True,backward,final_local_der_m_bounds,-0.082954169714553,0.03,0.0345119223080212,0.9985085137689772,False,0,True,1,,True,1.2898932789783013,0.8606593060343678,0.8585362744516117,163960.1988221597,0.2037683453592559,-0.1129541694067712,0.9975332497216136,2.325767003865378,6.113810555740261e-06
-53.94,True,backward,final_local_der_m_bounds,-0.0823431964250313,0.03,0.0350646001823711,0.9984596427338398,False,0,True,1,,True,1.2903880911774688,0.8608900133735587,0.8596345635270796,164040.68369277706,0.203624457236632,-0.1123431963910455,0.9985416838074826,2.32405516877494,6.104763987661099e-06
-51.48000000000002,True,backward,final_local_der_m_bounds,-0.0816721726163944,0.03,0.0356751038894771,0.9984048158199236,False,0,True,1,,True,1.2908730817216034,0.8611168991911547,0.8608081132822508,164136.9342042096,0.2034108591893793,-0.1116721726162551,0.9996414123225384,2.322231235842096,6.094612616774787e-06
-48.89999999999998,True,backward,final_local_der_m_bounds,-0.0805360571160997,0.03,0.0363921342457672,0.998339284600886,False,0,True,1,,True,1.291357172845225,0.8613502526076373,0.862419333471421,164248.36176872306,0.2026795556521133,-0.1105360476732031,1.0012411685728857,2.3197279942156457,6.080957856372536e-06
-46.31,True,backward,final_local_der_m_bounds,-0.0799887925939628,0.03,0.037146203455509,0.9982689760311072,False,0,True,1,,True,1.291834116622549,0.8615592908535405,0.8635324044006326,164339.58850530864,0.202608758651085,-0.1099887910294636,1.0022901657123764,2.318061085207379,6.071364551667742e-06
-43.73000000000002,True,backward,final_local_der_m_bounds,-0.0798478762761,0.03,0.0379174656230939,0.9981955714319528,False,0,True,1,,True,1.2923432218269844,0.8617741588246695,0.8642852717202777,164416.27588214228,0.2030016179878289,-0.1098478762761,1.0029138874377863,2.3169665313832186,6.064848072663022e-06
-41.06,True,backward,final_local_der_m_bounds,-0.0776777819970523,0.03,0.0389181888430028,0.9980982515987736,False,0,True,1,,True,1.2928314561474976,0.8619716403215394,0.8669566340328995,164590.52068597256,0.2010753244194804,-0.1076777819968698,1.005783245617571,2.3130606088643373,6.041542052666286e-06
-38.22000000000003,True,backward,final_local_der_m_bounds,-0.0750764924152729,0.03,0.0401138916673741,0.9979787097358592,False,0,True,1,,True,1.2933372841147457,0.862137402340111,0.8702156641406227,164814.84994318063,0.1986990851342476,-0.1050764924152684,1.0093700398319163,2.3084721965922808,6.012381371242043e-06
-30.5,True,backward,final_local_der_m_bounds,-0.0735188041254433,0.03,0.0430708920017105,0.9976671365558162,False,0,True,1,,True,1.2946054238119344,0.8626521906739645,0.8736395551894229,165092.9260150137,0.1984425293663491,-0.1035188040800046,1.0127367259183269,2.303591897822668,5.982820659481404e-06
-22.620000000000005,True,backward,final_local_der_m_bounds,-0.0735042184418995,0.03,0.0460822022507866,0.9973268353048832,False,0,True,1,,True,1.2959482831376727,0.8631741372329026,0.8755836916527424,165293.2918690392,0.1999113250919532,-0.1035042184283493,1.0143766522704465,2.300992551767706,5.966207541733807e-06
-15.5,True,backward,final_local_der_m_bounds,-0.0733428689475127,0.03,0.0489355876516626,0.9969831176153672,False,0,True,1,,True,1.2969942828930718,0.863570135450109,0.8775267665463338,165495.13358015026,0.2010219542277651,-0.1033428689427075,1.01616154904309,2.2983920628035754,5.948781053369517e-06
-13.03000000000003,True,backward,final_local_der_m_bounds,-0.0731211434468069,0.03,0.0499752003351926,0.9968527650461496,False,0,True,1,,True,1.2974235118889417,0.8637080063190258,0.8783825737674816,165572.6982957927,0.2012098826503958,-0.1031211433863392,1.0169901949977245,2.2973435562276503,5.941293437473094e-06
-10.439999999999998,True,backward,final_local_der_m_bounds,-0.0728088780317192,0.03,0.0510914987724474,0.9967097515568142,False,0,True,1,,True,1.29778643113369,0.8638347167552717,0.8793415761108783,165658.53790769272,0.2013030599948936,-0.1028088780218833,1.0179511879469876,2.2960757651339705,5.932772601298615e-06
-7.860000000000014,True,backward,final_local_der_m_bounds,-0.0724605789094589,0.03,0.0522219979138792,0.9965616994233752,False,0,True,1,,True,1.298123852092118,0.8639014519956136,0.8804667402956474,165776.87486773488,0.2013421704295155,-0.1024605789094589,1.0191749744855363,2.294772118070625,5.921613268369055e-06
-5.220000000000027,True,backward,final_local_der_m_bounds,-0.0724054668180998,0.03,0.0533292025108322,0.996413511649908,False,0,True,1,,True,1.2985912792717291,0.8640713460447216,0.8811381092047412,165834.19445931446,0.2017405280673167,-0.1024054668180998,1.0197515670877673,2.2939300034820933,5.916336475018581e-06
-2.5600000000000023,True,backward,final_local_der_m_bounds,-0.0722936859723916,0.03,0.0544631933829861,0.996258523818038,False,0,True,1,,True,1.2989314534684842,0.8642051176219935,0.8819193537865937,165904.17489760712,0.2020685537347789,-0.1022936426784528,1.020497721898875,2.292854376721736,5.909654568622667e-06
0.0,True,reference,final_local_der_m_bounds,-0.0720658079033263,0.03,0.0555860853583903,0.9961018587958402,False,0,True,1,,True,1.2993007510064227,0.864291267449463,0.882875414702982,166008.9136590489,0.2022367431836688,-0.1020658079033263,1.0215021809816047,2.2917762642573183,5.900287956616039e-06
2.5600000000000023,True,forward,final_local_der_m_bounds,-0.0720563558933878,0.03,0.0584910644552952,0.9957054122824406,False,0,True,1,,True,1.300147072772533,0.8727058934122862,0.8730068739481912,166444.36495897197,0.201522255265214,-0.1020563558930662,1.0003448819793437,2.273176485756569,6.006023941994037e-06
5.060000000000002,True,forward,final_local_der_m_bounds,-0.071557602622093,0.03,0.0695755151297016,0.9940349296890494,False,0,True,1,,True,1.312141298739088,0.8880952635187486,0.8575139872360122,166139.79980897502,0.1990857125316527,-0.1015576026203216,0.965565319916729,2.255224836049212,6.2199802724990085e-06
7.6299999999999955,True,forward,final_local_der_m_bounds,-0.071557602622093,0.03,0.0552905051073234,0.9962089244356952,False,0,True,1,,True,1.2842114650073488,0.8721771163767053,0.8588066508094554,166010.02562692578,0.1901973662613952,-0.101557602622093,0.9846700110376722,2.268313637819668,6.113862572555244e-06
10.079999999999984,True,forward,final_local_der_m_bounds,-0.071557602622093,0.03,0.0508268348927053,0.996815110454602,False,0,True,1,,True,1.27128650157748,0.8645501766980608,0.8531211925814937,164583.47831146873,0.1816662651818726,-0.1015576026219244,0.9867804270653008,2.2845239679507783,6.155145149643546e-06
12.850000000000025,True,forward,final_local_der_m_bounds,-0.071557602622093,0.03,0.0486476004865526,0.997116633281695,False,0,True,1,,True,1.2644946426845527,0.8609351184425276,0.8437264902531503,162662.39765192213,0.1732117867042147,-0.1015576026220929,0.9800117014386536,2.30106940752776,6.2704148259015726e-06
15.439999999999998,True,forward,final_local_der_m_bounds,-0.071557602622093,0.03,0.0472427367131416,0.997315990628747,False,0,True,1,,True,1.2609860784164395,0.8595698716036803,0.8343205431544536,160941.94876153706,0.166009142079728,-0.1015576026220877,0.970625624183268,2.314664319721932,6.39783950625688e-06
18.05000000000001,True,forward,final_local_der_m_bounds,-0.071557602622093,0.03,0.0456536551908209,0.9975288698150524,False,0,True,1,,True,1.258199036720532,0.8588230907306194,0.8251293533116926,159424.74045920948,0.1590498643822818,-0.1015576026220928,0.9607675459793904,2.326970653884413,6.524043967807029e-06
20.629999999999995,True,forward,final_local_der_m_bounds,-0.071557602622093,0.03,0.0442175493374539,0.9977161254343117,False,0,True,1,,True,1.2553770972256917,0.8579613834039058,0.8168314362049653,158204.58295200558,0.1521912882174572,-0.1015576026220543,0.9520608409719328,2.338475642112615,6.633858344157711e-06
23.19999999999999,True,forward,final_local_der_m_bounds,-0.071557602622093,0.03,0.0430786546959764,0.9978660887187676,False,0,True,1,,True,1.2520079876326866,0.856541726937787,0.8095038953624247,157278.8483015704,0.1451815208722068,-0.1015576026212338,0.945084016229394,2.3498206563454644,6.722213691065108e-06
25.879999999999995,True,forward,final_local_der_m_bounds,-0.071557602622093,0.03,0.0417819568718315,0.9980275647878684,False,0,True,0,,True,1.2486108599300982,0.854830080038281,0.8083248045282243,156796.44086962796,0.1312851938112082,-0.0928247009642181,0.9455970530330728,2.3523061154360243,6.74031552265293e-06
28.31,True,forward,final_local_der_m_bounds,-0.071557602622093,0.03,0.0410410281259394,0.9981290114256238,False,0,True,1,,True,1.2453658815877224,0.8529697812473509,0.8087907655509408,156515.08694373677,0.1181567046435074,-0.0829000951824176,0.9482056496400092,2.352978745643397,6.735129963914647e-06
30.94,True,forward,final_local_der_m_bounds,-0.071557602622093,0.03,0.0403480689165992,0.9982268691474436,False,0,True,1,,True,1.2417334228587995,0.8507038817599797,0.8075794368039254,156165.520909114,0.1063411761790064,-0.0744274536014066,0.9493073372760022,2.3572881502906515,6.74371254450652e-06
33.5,True,forward,final_local_der_m_bounds,-0.071557602622093,0.03,0.0399097822774111,0.9983004394865496,False,0,True,1,,True,1.2380677768841144,0.8482620567900908,0.806091271758446,155837.5614350918,0.0957070588108725,-0.0664870480362799,0.9502856638534284,2.362685839185348,6.752334757076348e-06
36.13,True,forward,final_local_der_m_bounds,-0.071557602622093,0.03,0.0405929386536,0.9982814065922588,False,0,True,1,,True,1.234363445655792,0.8456569931360912,0.8032636369749059,155411.00500362788,0.0861363529768526,-0.0597959049414364,0.9498693246726772,2.3708535383404024,6.775302874259637e-06
38.56,True,forward,final_local_der_m_bounds,-0.071557602622093,0.03,0.0417448552980516,0.9982234453426876,False,0,True,1,,True,1.230813392236544,0.842936339239381,0.8007870204527066,155046.61768385634,0.0775227176791777,-0.0533372582942649,0.9499970320122778,2.3792141322950404,6.791852829641391e-06
41.13999999999999,True,forward,final_local_der_m_bounds,-0.071557602622093,0.03,0.0440411508003118,0.9980736014686286,False,0,True,1,,True,1.226748107705767,0.8396658250365593,0.7961014614227141,154626.01780056793,0.0697704466486993,-0.0492543060330551,0.9481170218974336,2.392487348019018,6.825884985091018e-06
48.80000000000001,True,forward,final_local_der_m_bounds,-0.071557602622093,0.03,0.0652878776130446,0.9961429608647782,False,0,True,1,,True,1.2063075426153294,0.8216010107259384,0.7589406821123373,152972.86254566663,0.0627934019838293,-0.1006427967307558,0.9237338710693204,2.490655870974857,7.10123691052183e-06
56.5,True,forward,final_local_der_m_bounds,-0.071557602622093,0.03,0.1333079980867094,0.9858372524819454,False,0,True,2,,True,1.2249692240495051,0.8440417661458373,0.7190593214716168,147121.3639242104,0.0565140617862767,-0.1015576026215223,0.8519238624352323,2.511447893694445,7.986553930326146e-06
63.01999999999998,True,forward,final_local_der_m_bounds,-0.071557602622093,0.03,0.2805372440507621,0.948476404446522,False,0,True,2,,True,1.2562209284708497,0.8703723231911383,0.6890758250929566,140318.21186709075,0.0508626556076556,-0.101557602622093,0.7917023631525011,2.531239037798596,8.928157241787917e-06
65.52999999999997,True,forward,final_local_der_m_bounds,-0.0708123738659422,0.03,0.0718496086253656,0.9959648702099088,False,0,True,2,,True,1.220672817614732,0.8429890496450231,0.7103375507900545,146623.97316252792,0.0457763900468901,-0.1008123738659371,0.8426414923054727,2.524576928325239,8.10492763606475e-06
68.19999999999999,True,forward,final_local_der_m_bounds,-0.0654113150598456,0.03,0.0684615976640547,0.996408455513288,False,0,True,2,,True,1.2214300087112857,0.8441928595161003,0.7072581331934042,146145.67494752162,0.0411987514882236,-0.0954113150598453,0.837792129157325,2.52753439773526,8.176098317100676e-06
70.82999999999998,True,forward,final_local_der_m_bounds,-0.0590218449002175,0.03,0.0674285851123069,0.9963769185407558,False,0,True,1,,True,1.2095681893110433,0.8373815494420531,0.7190745925585349,148173.67778454447,0.0370788763395434,-0.0683414553791322,0.8587179799192541,2.5069949749640177,7.879756733762728e-06
73.44,True,forward,final_local_der_m_bounds,-0.0550428688660807,0.03,0.0679268687343972,0.9962313800231526,False,0,True,1,,True,1.207096712765903,0.837907849967061,0.7325850460924259,148815.9241570581,0.0333709887055898,-0.0302699891761233,0.8743026409422284,2.473458174464217,7.702551657841678e-06
76.0,True,forward,final_local_der_m_bounds,-0.0477117626357456,0.03,0.0691983222095754,0.9960334071531856,False,0,True,2,,True,1.1962574681737774,0.8294939643053483,0.7407315349007572,149747.3971065469,0.0300339006502636,-0.0177121406124106,0.892992073210654,2.4703017979005413,7.503681308457092e-06
78.69,True,forward,final_local_der_m_bounds,-0.0303357373966734,0.03,0.0661602171814168,0.9963418273442336,False,0,True,2,,True,1.1899308669593542,0.8249765505338755,0.7487454233737814,149912.52953332438,0.0270305105852372,-0.0003357373966739,0.9075960072916474,2.461128359359217,7.376615447006323e-06
81.25,True,forward,final_local_der_m_bounds,-0.0056395290078618,0.03,0.0629054570141034,0.9966886531727162,False,0,True,2,,True,1.1919013682043895,0.8269139599171733,0.7600613149723104,149854.31611200166,0.0243274604852583,0.0243604680658475,0.919154049652809,2.436975284444847,7.281182223605995e-06
84.07999999999998,True,forward,final_local_der_m_bounds,0.0153853325448787,0.03,0.0591146197683832,0.9970699686025476,False,0,True,2,,True,1.1926700597751343,0.8268174633595451,0.7722098150523361,149796.7739698606,0.0218947144367458,0.0453853325283817,0.9339544086486444,2.4178211552134163,7.164675907340067e-06
86.56,True,forward,final_local_der_m_bounds,0.0362085246544984,0.03,0.055473449840211,0.9974166331845916,False,0,True,2,,True,1.193882828725874,0.826587858224315,0.7873093233471559,149900.11378247573,0.0197052429930712,0.0662085059646495,0.9524811131855508,2.395799902198924,7.015834362785491e-06
89.01999999999998,True,forward,final_local_der_m_bounds,0.055821445560335,0.03,0.0523348688328486,0.9976984553074424,False,0,True,1,,True,1.1950434196253858,0.8256193796407524,0.8042829294053365,150156.57765560853,0.0177347187664314,0.0855187364087334,0.9741570380231386,2.374579108601623,6.842924256319739e-06
91.75,True,forward,final_local_der_m_bounds,0.0739081065207931,0.03,0.0498967206639958,0.9979058623208382,False,0,True,1,,True,1.193239829754972,0.8229425187178555,0.8179736697221441,150494.29875862243,0.0159612468898572,0.1008319251647559,0.9939620946995752,2.3606205051050284,6.686795695997397e-06
94.31,True,forward,final_local_der_m_bounds,0.0904156604931814,0.03,0.0482306729285,0.998041588921858,False,0,True,1,,True,1.1908480227495284,0.819616644622326,0.8315441541432264,150956.9399156326,0.0143651312780359,0.1148188466609658,1.0145525467292047,2.3490997429942446,6.524981432869433e-06
97.0,True,forward,final_local_der_m_bounds,0.1056385436492869,0.03,0.0473894823201042,0.9981074520257,False,0,True,1,,True,1.187905110234697,0.8159330959314078,0.8451211910220884,151450.35580373125,0.012928618456083,0.1280378594795939,1.0357726573860344,2.338685046683086,6.362904091531405e-06
99.55999999999996,True,forward,final_local_der_m_bounds,0.1195487263127234,0.03,0.0473383212501974,0.998109758109418,False,0,True,0,,True,1.1851589085115155,0.8126534403319177,0.8555266591837875,151916.958536789,0.0118594587278858,0.1381534553532559,1.0527570754322515,2.332118878311244,6.233811878561215e-06
102.25,True,forward,final_local_der_m_bounds,0.1211895984050406,0.03,0.0474388267550997,0.9980998692775004,False,0,True,0,,True,1.1846319733207085,0.8126570821715215,0.8557444780999818,151859.89677350206,0.0118206724873102,0.1390050765907923,1.053020390609684,2.3307603865439286,6.234505176550381e-06
104.70000000000005,True,forward,final_local_der_m_bounds,0.1211895984050406,0.03,0.047567841177933,0.9980878360305228,False,0,True,0,,True,1.1841199674823322,0.812692844380992,0.8555576523250928,151821.99212638292,0.0118059626510187,0.1395075839059954,1.0527441680340497,2.3298665204292024,6.237814130572498e-06
107.26999999999998,True,forward,final_local_der_m_bounds,0.1211895984050406,0.03,0.0476760948361416,0.9980773503968228,False,0,True,0,,True,1.1829878177117192,0.812582621515826,0.8550581291903934,151763.16976192867,0.0117695461138273,0.1400846190561115,1.0522722324473686,2.3288005198017707,6.243134102123882e-06
110.08000000000004,True,forward,final_local_der_m_bounds,0.1211895984050406,0.03,0.0477874207306698,0.9980664187508506,False,0,True,0,,True,1.182218920820497,0.8126146457220015,0.8546579473701195,151701.9871334265,0.0117551122233104,0.1405991552441329,1.0517383016285202,2.327716245958793,6.249027194364711e-06
112.76999999999998,True,forward,final_local_der_m_bounds,0.1211895984050406,0.03,0.0479832486800067,0.998048711642706,False,0,True,0,,True,1.1814711777892968,0.8125899295296115,0.8544699029979677,151666.25686205298,0.0117289241389349,0.1412040932195091,1.0515388782784931,2.3266113238384216,6.251741087654658e-06
115.25,True,forward,final_local_der_m_bounds,0.1211895984050406,0.03,0.0481171146724569,0.9980361679255406,False,0,True,0,,True,1.1806383607788842,0.8125301635404802,0.8543629348981725,151631.93199744343,0.011702630730811,0.1417761674954771,1.0514845764930278,2.3253703290981536,6.253465642819279e-06
118.05999999999996,True,forward,final_local_der_m_bounds,0.1211895984050406,0.03,0.0481657580303027,0.9980303689339172,False,0,True,0,,True,1.179929447080443,0.8126381561483429,0.8534872261417907,151510.66548286664,0.0117078427799073,0.1419822205327725,1.050267231097122,2.3247566533850024,6.26621104224704e-06
125.80999999999996,True,forward,final_local_der_m_bounds,0.1211895984050406,0.03,0.0483371419686406,0.9980112415832448,False,0,True,0,,True,1.1778936678200267,0.8121029232243246,0.855179607843285,151589.94008363664,0.0115426716581371,0.144719604558246,1.0530433808167212,2.3205941439329045,6.245152416762564e-06
133.38,True,forward,final_local_der_m_bounds,0.1211895984050406,0.03,0.0485481321351579,0.997988953602394,False,0,True,0,,True,1.1757777199403858,0.8119701329955161,0.8545722173972914,151496.3485528441,0.0114978837665616,0.1459502740430751,1.0524675510472383,2.3178258101696336,6.252560103369056e-06
140.45000000000005,True,forward,final_local_der_m_bounds,0.1211895984050406,0.03,0.0487914979191434,0.9979642659864404,False,0,True,0,,True,1.1738693067134804,0.8117600630885565,0.8542732175432795,151414.08074508098,0.0114318747304058,0.1472781724474059,1.052371576759973,2.315351937253628,6.256445299586651e-06
142.89,True,forward,final_local_der_m_bounds,0.1211895984050406,0.03,0.0476385942090758,0.998053212369406,False,0,True,0,,True,1.174132889926143,0.8128024533803627,0.852662264118033,151376.31106717637,0.0117975838895748,0.1449823372772996,1.0490399734546785,2.313813032764173,6.279627695398397e-06
145.74,True,forward,final_local_der_m_bounds,0.1211895984050406,0.03,0.0470098280473696,0.9980999095361522,False,0,True,0,,True,1.173650661362925,0.8135893962248876,0.8506794854269524,151172.31679840584,0.0120410978488348,0.1434903971425497,1.0455882160880727,2.312398931627617,6.31046184840698e-06
148.30999999999997,True,forward,final_local_der_m_bounds,0.1211895984050406,0.03,0.047047814909571,0.9980912393813866,False,0,True,0,,True,1.173213021533311,0.8140400558309913,0.850136922772273,151159.3450872732,0.0122653876518048,0.1424393423367583,1.0443428633305192,2.3104422224143373,6.319173797625479e-06
151.04999999999995,True,forward,final_local_der_m_bounds,0.1211895984050406,0.03,0.0467153304327241,0.9981127997530168,False,0,True,0,,True,1.1727761531389134,0.8144677431510079,0.8491802780293911,151076.74689449547,0.0124674946842212,0.141430965606003,1.0426199013653843,2.309169400970461,6.333862465564583e-06
153.63,True,forward,final_local_der_m_bounds,0.1211895984050406,0.03,0.0462110876789079,0.9981489033217448,False,0,True,0,,True,1.172016292142439,0.8145254444884442,0.8492233871363509,151100.90265111325,0.0125878101696338,0.1410840271564717,1.042598967144235,2.307374967564435,6.333010521011918e-06
156.38,True,forward,final_local_der_m_bounds,0.1211895984050406,0.03,0.0453894237285106,0.998209994493902,False,0,True,0,,True,1.171664790414206,0.8149821593579594,0.847688725576263,150959.60965099934,0.0127680180963055,0.1400632849110024,1.0401316345919398,2.306973327931008,6.3550085437527255e-06
158.93999999999994,True,forward,final_local_der_m_bounds,0.1211895984050406,0.03,0.0447044009733415,0.9982602994705962,False,0,True,0,,True,1.1714116857638364,0.8152628109336482,0.8478008054886791,151012.87963935692,0.012899754303859,0.1396987198493835,1.0399110496868709,2.3051634268556542,6.354308772462803e-06
161.76999999999998,True,forward,final_local_der_m_bounds,0.1211895984050406,0.03,0.0438388147975229,0.998323380634279,False,0,True,0,,True,1.1706904292498357,0.815693772905947,0.8459650915518977,150853.30034927567,0.0130794518359735,0.1386447476558097,1.037111131225273,2.3045761707129016,6.379309778072189e-06
164.25,True,forward,final_local_der_m_bounds,0.1211895984050406,0.03,0.0431358191280346,0.9983737700382824,False,0,True,0,,True,1.1702600887636143,0.816019396806944,0.8451034383504684,150782.34392845051,0.0132161878042348,0.1380319430808397,1.0356413605575177,2.303618049875738,6.391980307538751e-06
166.68999999999994,True,forward,final_local_der_m_bounds,0.1211895984050406,0.03,0.0425024769220493,0.9984184251851236,False,0,True,0,,True,1.170020019519201,0.8165757985184965,0.8436197272628209,150641.49202160008,0.0133957890270051,0.1370602601457962,1.0331186998113218,2.302979253685756,6.4146079657973565e-06
169.30999999999997,True,forward,final_local_der_m_bounds,0.1211895984050406,0.03,0.0418714097170664,0.99846221019843,False,0,True,0,,True,1.1698931474501464,0.8172162783244084,0.8419004537303021,150516.2935914474,0.0136014538209287,0.1359090041309771,1.0302051929955498,2.3025657333999807,6.439256081487938e-06
171.76999999999998,True,forward,final_local_der_m_bounds,0.1211895984050406,0.03,0.0413023200304338,0.9985011494300504,False,0,True,0,,True,1.169655647507992,0.8176431851193274,0.841257950908449,150454.15509714186,0.0137492173123765,0.1353478304872406,1.0288815050610067,2.301274320306306,6.4507599635533495e-06
174.26999999999998,True,forward,final_local_der_m_bounds,0.1211895984050406,0.03,0.0407377669478523,0.9985392987702612,False,0,True,0,,True,1.1694330420018837,0.8182438603790975,0.8398937657173926,150338.75712137928,0.0139366901531089,0.1344221720063358,1.0264589890454718,2.300342378010748,6.47188650753352e-06
179.43999999999994,True,forward,final_local_der_m_bounds,0.1211895984050406,0.03,0.0396037773935526,0.9986145322840844,False,0,True,0,,True,1.1687936999895476,0.8189853742418285,0.8388690858079106,150302.5505741993,0.0142291946620394,0.1333995444839781,1.0242784696667988,2.297537701644879,6.488101685715161e-06
181.94,True,forward,final_local_der_m_bounds,0.1211895984050406,0.03,0.039052093251164,0.9986505452310986,False,0,True,0,,True,1.168717465933437,0.8196507030242198,0.8371923278032041,150177.5327737126,0.0144358505770332,0.1323134683664072,1.0214013417108798,2.2970987720127543,6.51282701651654e-06
184.38,True,forward,final_local_der_m_bounds,0.1211895984050406,0.03,0.0385287238246833,0.9986842784342108,False,0,True,0,,True,1.1684416613119917,0.820098582931376,0.8361946781724718,150117.33900551146,0.014598292712869,0.1315997767676529,1.0196270248188477,2.296179282531095,6.5274032747079884e-06
187.08000000000004,True,forward,final_local_der_m_bounds,0.1211895984050406,0.03,0.0379682949562339,0.9987199252594924,False,0,True,0,,True,1.1681760046819194,0.8205500148641939,0.8353128764883699,150073.2777025119,0.0147668667031333,0.1309223679823546,1.0179914220422257,2.2951022457956607,6.540382260702555e-06
189.63,True,forward,final_local_der_m_bounds,0.1211895984050406,0.03,0.0374315259453946,0.99875371460872,False,0,True,0,,True,1.1678607632770428,0.8209845551250474,0.8345081936189983,150023.97013739427,0.0149287497081595,0.130293386955889,1.0164724639574871,2.293888551328456,6.552829615030296e-06
192.35,True,forward,final_local_der_m_bounds,0.1211895984050406,0.03,0.0369557287041615,0.9987829904341904,False,0,True,0,,True,1.1675829762104204,0.8215136235634399,0.8333801669988552,149943.36098365008,0.0151121368881464,0.1295195652022834,1.0144447311584954,2.292839767357062,6.570124901757527e-06
194.81,True,forward,final_local_der_m_bounds,0.1211895984050406,0.03,0.0364975428352617,0.998811062887244,False,0,True,0,,True,1.1673506867067576,0.821875708344836,0.8329607586957288,149917.13649061482,0.0152493241913708,0.129093650812432,1.013487502110528,2.291529520147749,6.577805054510187e-06
197.38,True,forward,final_local_der_m_bounds,0.1211895984050406,0.03,0.0359486355687691,0.9988446312726348,False,0,True,0,,True,1.1672060333904162,0.8223317286277815,0.8322859567512751,149860.4605739424,0.0154096603621406,0.1285138649102416,1.012104881493633,2.2903858195709352,6.589729064961007e-06
205.24,True,forward,final_local_der_m_bounds,0.1211895984050406,0.03,0.0344662970625919,0.9989325427326428,False,0,True,0,,True,1.1665541295813753,0.8236953296464877,0.8297772269744549,149672.11144295707,0.0158993565853712,0.1266891038097026,1.0073836734397623,2.2872736154922406,6.630361317133565e-06
213.06,True,forward,final_local_der_m_bounds,0.1211895984050406,0.03,0.0324133204070562,0.9990503849251784,False,0,True,0,,True,1.1657761955473116,0.8250939821911851,0.8311238643124231,149512.83144823805,0.0161149388051134,0.1284031519937919,1.0073081155012482,2.2781625760368334,6.638057103072679e-06
219.64,True,forward,final_local_der_m_bounds,0.1211895984050406,0.03,0.0311237643990209,0.9991205171024716,False,0,True,0,,True,1.1651440117643737,0.8261792304304276,0.8308316820392655,149389.55788002568,0.0163935235798113,0.1284519756315348,1.0056312860908088,2.2730070273047844,6.65509547130337e-06
222.28,True,forward,final_local_der_m_bounds,0.1211895984050406,0.03,0.0302443081056878,0.9991670451182464,False,0,True,0,,True,1.165240241166942,0.8272325333000523,0.8294969830891044,149280.65093535796,0.0167438183960695,0.1271689772815445,1.0027373799964303,2.2709341978766875,6.6798880417976165e-06
224.81,True,forward,final_local_der_m_bounds,0.1211895984050406,0.03,0.0297270422535283,0.9991936986912452,False,0,True,0,,True,1.1651329570929427,0.8278469629568453,0.8289142601083004,149199.44946053484,0.0169174530762784,0.1268077375384368,1.001289244509206,2.2691262074912864,6.693525335582599e-06
227.56,True,forward,final_local_der_m_bounds,0.1211895984050406,0.03,0.0292529716317657,0.9992170621669144,False,0,True,0,,True,1.164805943797342,0.8284309063061623,0.8286059949898744,149142.73705982193,0.0171340853604688,0.1263789185117435,1.0002113497726597,2.266614148929139,6.7035244621364615e-06
230.0,True,forward,final_local_der_m_bounds,0.1211895984050406,0.03,0.0289075977141446,0.9992336626782486,False,0,True,0,,True,1.16454086807447,0.8289144010072417,0.8284126993862132,149091.2857210902,0.0173072977658068,0.1261018284909662,0.99939474857667,2.264457551136782,6.711487908681022e-06
233.0,True,forward,final_local_der_m_bounds,0.1211895984050406,0.03,0.0284312001819106,0.9992566814434604,False,0,True,0,,True,1.1642654320493886,0.8294379883622257,0.8283183382035787,149046.23459092074,0.0174968018696811,0.1258764576425061,0.9986501098643216,2.261979347025704,6.718669406441406e-06
235.44,True,forward,final_local_der_m_bounds,0.1211895984050406,0.03,0.0280560379329877,0.9992746157976736,False,0,True,0,,True,1.1639283259557534,0.8298335877409686,0.8282034441960179,149005.08209142217,0.0176388149816532,0.1257442675434474,0.99803557777242,2.259922357371813,6.7247787486101525e-06
238.02,True,forward,final_local_der_m_bounds,0.1211895984050406,0.03,0.0276002356488882,0.9992965767316252,False,0,True,0,,True,1.1638239907426466,0.8305477191312085,0.8274799831610853,148921.24426448232,0.017841991537701,0.1252672823405049,0.9963063700020364,2.257948472562628,6.740556577068537e-06
240.75,True,forward,final_local_der_m_bounds,0.1211895984050406,0.03,0.0271070684318249,0.9993200306820416,False,0,True,0,,True,1.1637013742560032,0.8312037028137158,0.826853015001624,148840.76771264945,0.0180359552616647,0.1248711532950611,0.9947657983267348,2.256033310918857,6.754901601274744e-06
243.19,True,forward,final_local_der_m_bounds,0.1211895984050406,0.03,0.0266974358088537,0.9993391843331674,False,0,True,0,,True,1.16360534182442,0.8318324786038152,0.8262266197163918,148760.2189527714,0.0182151839243901,0.1244941616159284,0.9932608319203496,2.25428112293112,6.769029270777594e-06
245.75,True,forward,final_local_der_m_bounds,0.1211895984050406,0.03,0.0263026201986138,0.99935733434305,False,0,True,0,,True,1.1635279529671978,0.8325191019546493,0.825557187897982,148670.80491748464,0.0184058092263882,0.1240986453067846,0.9916375323517244,2.2524045233063896,6.784411669856461e-06
248.31,True,forward,final_local_der_m_bounds,0.1211895984050406,0.03,0.0259399235528417,0.9993737284087104,False,0,True,0,,True,1.163432779280435,0.8331910706608021,0.8248587625447458,148601.6333143291,0.0185999616949032,0.1236689270643725,0.9899995230272356,2.2505991448142355,6.799003598728385e-06
250.77,True,forward,final_local_der_m_bounds,0.1211895984050406,0.03,0.0256142960182987,0.9993882261423525,False,0,True,0,,True,1.1633751793564937,0.8338366142096857,0.8242977421817083,148532.69062769526,0.0187788975439044,0.1233268496292408,0.9885602624477956,2.2487727939865083,6.812214395591649e-06
253.56,True,forward,final_local_der_m_bounds,0.1211895984050406,0.03,0.0252710568462805,0.9994032723761508,False,0,True,0,,True,1.1632867293180078,0.8345634376006189,0.8236251314934071,148462.48183443295,0.018986929519994,0.122905872243966,0.986893379682844,2.246736507089364,6.827100324691563e-06
258.68999999999994,True,forward,final_local_der_m_bounds,0.1211895984050406,0.03,0.0247103515295933,0.9994272912326234,False,0,True,0,,True,1.163100556752226,0.835900952706407,0.8224020488998829,148313.29337065158,0.0193603611636255,0.1222009714163041,0.9838510725908152,2.242937116839371,6.85530785440815e-06
261.13,True,forward,final_local_der_m_bounds,0.1211895984050406,0.03,0.0244721382957546,0.9994372746696568,False,0,True,0,,True,1.163027327633096,0.8365341179014274,0.8218497696230926,148248.03057407727,0.0195372528601693,0.1218773217826182,0.9824462051647423,2.2411342778080705,6.86819491404546e-06
263.88,True,forward,final_local_der_m_bounds,0.1211895984050406,0.03,0.0242283471577988,0.999447323992963,False,0,True,0,,True,1.1629336839495394,0.8372379388859106,0.8212110218567038,148177.59590449592,0.0197357143869583,0.1215125452526332,0.9808573927615688,2.23914838869087,6.882638792000351e-06
266.30999999999995,True,forward,final_local_der_m_bounds,0.1211895984050406,0.03,0.0240427962563982,0.9994547976630638,False,0,True,0,,True,1.1628438287567855,0.8378474322550671,0.820676710717003,148115.85369975405,0.019907184672852,0.1212142353429879,0.979506147686281,2.237388033519637,6.895025370096363e-06
269.05999999999995,True,forward,final_local_der_m_bounds,0.1208792489975738,0.03,0.0238158754705117,0.9994639810738908,False,0,True,0,,True,1.1627716114044688,0.8385584118112077,0.820066484240863,148038.32157664662,0.0201031646360434,0.1208766049353691,0.977947955312494,2.235382712515792,6.909624760190685e-06
271.63,True,forward,final_local_der_m_bounds,0.1206801678598074,0.03,0.0237187949891652,0.9994673702220476,False,0,True,0,,True,1.1627229822862468,0.8391896984347849,0.8197228157562377,147977.36915404507,0.0202742430441254,0.1206556119237317,0.9768027625757848,2.2333412336242104,6.920527194764414e-06
274.30999999999995,True,forward,final_local_der_m_bounds,0.1206681316597365,0.03,0.0236236858952666,0.9994706370680062,False,0,True,0,,True,1.162657305310865,0.8398422750808304,0.8193353847671035,147912.23728715943,0.0204517936062484,0.1204190409855575,0.9755824505122068,2.2312529128160365,6.932171479685547e-06
276.88,True,forward,final_local_der_m_bounds,0.12062028641357,0.03,0.023479638514086,0.999476137702014,False,0,True,0,,True,1.1625477208023296,0.8404293917646296,0.8189437684546199,147862.14763691547,0.020622274700011,0.1201626641987286,0.9744349453737012,2.229344667984959,6.942617392307637e-06
284.43999999999994,True,forward,final_local_der_m_bounds,0.12060076119755,0.03,0.0233064526050985,0.9994811319630114,False,0,True,0,,True,1.1624047747428363,0.8422611403462187,0.8176248981362941,147680.90711596425,0.0211294050194422,0.1194187176074922,0.970749876695252,2.2239380949071856,6.9772170194693264e-06
292.36,True,forward,final_local_der_m_bounds,0.1205875645875705,0.03,0.023437547583428,0.9994725312914188,False,0,True,0,,True,1.1621510828283854,0.8440778690318478,0.8155337713313336,147517.17467859635,0.0217177207082578,0.1180522924229427,0.9661830990388908,2.219566720182736,7.017554204977675e-06
299.08000000000004,True,forward,final_local_der_m_bounds,0.1205869412128269,0.03,0.023773238600358,0.9994550283762892,False,0,True,0,,True,1.1619720728489804,0.8455815196073218,0.8129429349227845,147374.7982453253,0.0222851070482379,0.1162745989262437,0.9614010193840395,2.217333526061112,7.058801071771001e-06
301.6,True,forward,final_local_der_m_bounds,0.1204348739966527,0.03,0.0239028181563419,0.9994482650464664,False,0,True,0,,True,1.1619099405153566,0.8460665637623108,0.8122457903447992,147345.52740062476,0.0224691654113139,0.1157631763113386,0.9600258716440506,2.2164035246545524,7.070124596398599e-06
304.27,True,forward,final_local_der_m_bounds,0.1203310333356455,0.03,0.0238275062189208,0.9994513526144952,False,0,True,0,,True,1.161554920756572,0.8461332231622934,0.8122097098799622,147354.74254673027,0.0224774750133157,0.1159609807660283,0.9599075980546572,2.215524858564808,7.070524598876446e-06
306.80999999999995,True,forward,final_local_der_m_bounds,0.1201812814596682,0.03,0.023712902790294,0.999456206798755,False,0,True,0,,True,1.1612146710113085,0.8462654150804194,0.8120804049370145,147331.01078873168,0.0225013940741732,0.1161003025488208,0.959604859735221,2.214563831295784,7.073837735444871e-06
309.5,True,forward,final_local_der_m_bounds,0.1201715444516887,0.03,0.0237011051448622,0.9994563502535928,False,0,True,0,,True,1.160920188358742,0.8462667060860728,0.8125136096819715,147367.68261956816,0.0224874129613509,0.1164717364809335,0.96011529679549,2.2133434694609413,7.068308107273368e-06
312.08000000000004,True,forward,final_local_der_m_bounds,0.1198549453357848,0.03,0.0237087031023433,0.9994556511610272,False,0,True,0,,True,1.160566806160507,0.8462606000294379,0.812786327623553,147378.8090744054,0.0224660231354526,0.1168311888342549,0.9604444867163608,2.2122820198414708,7.065349101995226e-06
314.77,True,forward,final_local_der_m_bounds,0.1195816122656972,0.03,0.0237282262093415,0.99945440969961,False,0,True,0,,True,1.160144794726926,0.8462737384367135,0.812853841971378,147379.0813932309,0.0224550946199384,0.1171122828362485,0.9605093541871326,2.211325511234411,7.064851694199418e-06
317.39,True,forward,final_local_der_m_bounds,0.1194592671183535,0.03,0.0237364487628677,0.9994537159553376,False,0,True,0,,True,1.1598671302259895,0.846308614268632,0.8130628539338892,147393.0115777425,0.0224399611875748,0.1174337259460922,0.9607167411813794,2.2103479352581084,7.062639468293249e-06
320.08000000000004,True,forward,final_local_der_m_bounds,0.1190607478182534,0.03,0.0237465784790952,0.9994529192756872,False,0,True,0,,True,1.159441765335003,0.8463011672023383,0.8131497140221051,147400.29267472046,0.0224200571751296,0.1177488337244076,0.9608278300149063,2.209435172265598,7.061475598816614e-06
322.63,True,forward,final_local_der_m_bounds,0.118845834319382,0.03,0.0237549941511844,0.9994522277534648,False,0,True,0,,True,1.1590756743860695,0.8463581284986502,0.813095621213882,147394.44746911677,0.0224182645416917,0.1179632843841351,0.960699252284878,2.2086007765818483,7.062676799356847e-06
325.05999999999995,True,forward,final_local_der_m_bounds,0.1185634538128813,0.03,0.0237629391015968,0.9994515767275104,False,0,True,0,,True,1.1588377144995872,0.8463628703260034,0.8133366186976939,147415.6086391243,0.0223967023423439,0.1182894012344905,0.960978614745247,2.207766911973213,7.059603382499052e-06
327.64,True,forward,final_local_der_m_bounds,0.1183107800566713,0.03,0.0237724161551437,0.9994508379342534,False,0,True,0,,True,1.1585571631197278,0.8464339581227494,0.813434216109505,147408.2861644255,0.0223883089958376,0.1185686956545898,0.9610132111352996,2.206813745050081,7.059666995672838e-06
330.05999999999995,True,forward,final_local_der_m_bounds,0.11808342031418,0.03,0.023781938419641,0.9994501153362664,False,0,True,0,,True,1.1582076882848775,0.8464660886305725,0.8134975101639647,147419.6333449111,0.0223802807291566,0.1188136175278667,0.9610515070722504,2.2059301154737634,7.058827113524501e-06
332.61,True,forward,final_local_der_m_bounds,0.1180222161431061,0.03,0.0237924187459949,0.999449332819259,False,0,True,0,,True,1.15786560298207,0.8465328078201849,0.8134482662978222,147406.4961997796,0.0223763436202229,0.1190404069240926,0.9609175908875224,2.205097366471937,7.060411610564621e-06
337.55999999999995,True,forward,final_local_der_m_bounds,0.1177824437072469,0.03,0.0238137609629742,0.9994477661013969,False,0,True,0,,True,1.1573609194142416,0.8466444590742864,0.8136903819967443,147413.80056611885,0.022355713671569,0.1195901742450873,0.9610768407867762,2.203346357030102,7.0588389518722606e-06
340.25,True,forward,final_local_der_m_bounds,0.1177234592900583,0.03,0.0238332245130255,0.999446548334472,False,0,True,0,,True,1.1569922705602125,0.8466644408556214,0.8138710918029373,147427.14539616738,0.0223418133863774,0.1198964737868984,0.9612675961452404,2.202297360774298,7.056787877155275e-06
342.68999999999994,True,forward,final_local_der_m_bounds,0.1173981441480405,0.03,0.0238395626323447,0.9994459682820748,False,0,True,0,,True,1.156681024475164,0.8467368170121755,0.8137989588181789,147419.0413927474,0.022341808085161,0.1200903227035934,0.9611002409104848,2.2015366232552243,7.058373944521501e-06
345.22,True,forward,final_local_der_m_bounds,0.1171180552082367,0.03,0.0238547783511524,0.9994449646936236,False,0,True,0,,True,1.1564689684432363,0.8468310662294463,0.8138430697450703,147408.90622170307,0.0223383428216511,0.12033311593644,0.9610453633553424,2.2007071809791543,7.059220148238373e-06
348.0,True,forward,final_local_der_m_bounds,0.116824586539089,0.03,0.0238388908044886,0.999445380384242,False,0,True,0,,True,1.1561319859832462,0.8468826370735252,0.8140301312177969,147411.106812434,0.022324304414338,0.1206587955361709,0.96120772298597,2.1995891112465635,7.057897341866687e-06
350.72,True,forward,final_local_der_m_bounds,0.1164475089501339,0.03,0.0230842417922681,0.999479590441002,False,0,True,0,,True,1.1556155771684895,0.8470350991641985,0.813125479345318,147372.1745023287,0.0223597753807668,0.1206060532326965,0.9599666886858168,2.199380102484892,7.068829879453689e-06
353.18999999999994,True,forward,final_local_der_m_bounds,0.1162511907847685,0.03,0.0224125518277572,0.999509142155484,False,0,True,0,,True,1.1552011150668855,0.84714904210298,0.81251400165771,147349.00198571457,0.0223811528945001,0.1206337535339806,0.9591157650851008,2.1990740783357494,7.0761665603408816e-06
356.04999999999995,True,forward,final_local_der_m_bounds,0.1161573552950016,0.03,0.0216328070098695,0.9995423903514006,False,0,True,0,,True,1.1546940107169836,0.8472708604242475,0.8117883936838849,147325.66141925013,0.0224096872753024,0.1206361468097912,0.958121459856892,2.1987341334831187,7.084579392073604e-06
363.69,True,forward,final_local_der_m_bounds,0.1160260196806529,0.03,0.0198218092648418,0.9996151022033588,False,0,True,0,,True,1.1533868515563892,0.8476642483660858,0.8096903869650794,147243.8268977023,0.0224944304392964,0.1206078748301276,0.9552017659418776,2.1979053895401024,7.1099928235046855e-06
371.31,True,forward,final_local_der_m_bounds,0.1156519570372511,0.03,0.0186938355231431,0.9996572787027006,False,0,True,0,,True,1.1522315835261243,0.8479251532184883,0.8042803017299835,147213.33439573634,0.0228943047705684,0.1178177388992245,0.9485274716490708,2.2029149168367934,7.161352601933631e-06
377.91,True,forward,final_local_der_m_bounds,0.1147143840825953,0.03,0.018207410935892,0.9996746151132768,False,0,True,0,,True,1.1512718708772285,0.8481132385942316,0.7990256302033014,147200.0038305095,0.0233129381446575,0.1148253693860949,0.9421213982318044,2.2084256879105864,7.210557066010041e-06
380.6,True,forward,final_local_der_m_bounds,0.1132925150468173,0.03,0.0182187069825319,0.9996740258653364,False,0,True,0,,True,1.1508710302274612,0.8482988630095845,0.7965328840696567,147177.3964909341,0.0235466139661299,0.1133215468870685,0.9389767201192832,2.21080938805362,7.235667379914618e-06
383.13,True,forward,final_local_der_m_bounds,0.11196994538976,0.03,0.0182800012475937,0.9996716700868384,False,0,True,0,,True,1.150514541269792,0.8484813923603252,0.7941304376233989,147153.48587420295,0.0237692296935276,0.1118807212167069,0.9359432567098124,2.213169803323793,7.260137436504342e-06
385.74,True,forward,final_local_der_m_bounds,0.1105478668203668,0.03,0.0182764544152819,0.9996715774588172,False,0,True,0,,True,1.150276925711052,0.8486466139373652,0.7921522709756824,147144.2120395622,0.0239900646672047,0.1105474995300821,0.9334300732084788,2.215179031314996,7.279988397728991e-06
388.19,True,forward,final_local_der_m_bounds,0.1091264755494752,0.03,0.0184074128339962,0.9996666551352484,False,0,True,0,,True,1.149923716044625,0.848764845579506,0.7900653246416762,147145.1317895632,0.0242088777787231,0.1091809372123325,0.9308412439045448,2.2173282226393605,7.300062565943663e-06
390.75,True,forward,final_local_der_m_bounds,0.1091264755494752,0.03,0.0186277040441234,0.999658425321275,False,0,True,0,,True,1.1495613212561049,0.8489160270075978,0.7879198177589013,147124.3919794598,0.0244342191894446,0.1077939595112175,0.9281481238330412,2.2194420445531424,7.322111129418411e-06
393.25,True,forward,final_local_der_m_bounds,0.1091264755494752,0.03,0.0188922415634537,0.9996484666790748,False,0,True,0,,True,1.1492941190441577,0.8490424245068422,0.7859315444771906,147111.36144982782,0.0246480581559069,0.1064680652238346,0.9256681666215808,2.221599423209137,7.342228170152424e-06
395.81,True,forward,final_local_der_m_bounds,0.1091264755494752,0.03,0.0192000181571591,0.9996367383462098,False,0,True,0,,True,1.1489388557238167,0.849170050199638,0.783797910167816,147110.95346796128,0.0248772103126467,0.1050439908592166,0.9230164323194712,2.2238275288560203,7.363179859870991e-06
398.5,True,forward,final_local_der_m_bounds,0.1091264755494752,0.03,0.0195818403466331,0.99962194123241,False,0,True,0,,True,1.148568701336547,0.8492806336589644,0.7815789832233689,147091.27208492157,0.0251133389641802,0.1035688330346797,0.9202835343790712,2.2262437095570013,7.385878085861155e-06
400.9500000000001,True,forward,final_local_der_m_bounds,0.1091264755494752,0.03,0.01997988265202,0.9996062246787756,False,0,True,0,,True,1.1482257902152462,0.8493760981924282,0.7795002549410782,147071.83519687652,0.0253313775582613,0.102198056036582,0.917732741243774,2.2285608445991496,7.407240896588854e-06
403.75,True,forward,final_local_der_m_bounds,0.1091264755494752,0.03,0.0204900332235893,0.9995856310702732,False,0,True,0,,True,1.1478808939363936,0.8494983212362285,0.7772292537733786,147051.85825060325,0.0255891620218097,0.1006211656589669,0.9149273569397044,2.2310994225059835,7.430777609075409e-06
406.38,True,forward,final_local_der_m_bounds,0.1091264755494752,0.03,0.0210189554345267,0.999563738717504,False,0,True,0,,True,1.147598768998119,0.8496189323442805,0.7750376390429689,147041.8153110853,0.025840837024615,0.099085894676952,0.91221794799755,2.2336552087079213,7.453166787361442e-06
409.05,True,forward,final_local_der_m_bounds,0.1091264755494752,0.03,0.0216004815333383,0.9995390269830052,False,0,True,0,,True,1.1472744812497992,0.8497235464869991,0.7729106011434689,147029.57946729416,0.0260914568446243,0.0975697180932442,0.9096024281531364,2.236100989030469,7.475041483652114e-06
411.63,True,forward,final_local_der_m_bounds,0.1091264755494752,0.03,0.0222022810049827,0.9995127422448752,False,0,True,0,,True,1.146916288625068,0.8497843012568207,0.7708580598018887,147025.1909502104,0.0263334647979157,0.0960885261708513,0.9071220292747216,2.238540054316164,7.49557367829868e-06
416.69,True,forward,final_local_der_m_bounds,0.1091264755494752,0.03,0.0234839224078678,0.9994543408602458,False,0,True,0,,True,1.1463177511333138,0.8499505366062371,0.7668988928670227,147006.1194529507,0.0268206232562809,0.093171104786988,0.9022864976698164,2.243282550006148,7.5363944159397315e-06
419.13,True,forward,final_local_der_m_bounds,0.1091264755494752,0.03,0.024149224966874,0.9994227217067452,False,0,True,0,,True,1.1459015585599768,0.8500168125079096,0.7647891258669207,146996.05030226786,0.0270785381504982,0.0916244193416865,0.89973411656467,2.2457268174563025,7.55813763835008e-06
421.77,True,forward,final_local_der_m_bounds,0.1091264755494752,0.03,0.0248919058538321,0.9993863673134102,False,0,True,0,,True,1.1456385267416054,0.8501315479733914,0.7626403212596038,146973.0723481079,0.0273548526104253,0.0900060270286667,0.89708507239573,2.248369993057592,7.58141600662612e-06
424.25,True,forward,final_local_der_m_bounds,0.1091264755494752,0.03,0.0256226334330645,0.9993495133593308,False,0,True,0,,True,1.1453514432783627,0.8502155923683693,0.760723552674727,146955.30388387808,0.0276097842388922,0.0885235825607829,0.8947419448702978,2.250708585503689,7.602006198861482e-06
427.05,True,forward,final_local_der_m_bounds,0.1091264755494752,0.03,0.026491403356257,0.9993042997706296,False,0,True,0,,True,1.1450136782526128,0.8502928936354064,0.7585393933639225,146946.60690292032,0.0279040013796178,0.0868109832919853,0.8920918886206446,2.253439001173656,7.624851280174246e-06
429.63,True,forward,final_local_der_m_bounds,0.1091264755494752,0.03,0.0266335222927835,0.9992965230969602,False,0,True,0,,True,1.1449122367491054,0.8502865396109812,0.757355829547729,146973.95642595924,0.0281217110298362,0.0855784535501713,0.8907065962660429,2.25526882632448,7.635254500948328e-06
432.06,True,forward,final_local_der_m_bounds,0.1091264755494752,0.03,0.026808541061264,0.9992869760887684,False,0,True,0,,True,1.144803013653231,0.8503192364086224,0.7561178744373984,146978.5496789305,0.0283401081207884,0.084356935545593,0.8892164754862074,2.2570340646939053,7.647716602970138e-06
434.69,True,forward,final_local_der_m_bounds,0.1091264755494752,0.03,0.0269666348743203,0.9992782491646076,False,0,True,0,,True,1.1447095562247556,0.8502823209526527,0.7549251554907079,147018.87770494178,0.0285703534785414,0.0830480721902559,0.8878523484351563,2.259022010157659,7.657376656974466e-06
442.25,True,forward,final_local_der_m_bounds,0.1091264755494752,0.03,0.0274479477353571,0.9992513892303976,False,0,True,0,,True,1.1443898050544807,0.8502546687827266,0.7512400620143811,147086.21634305702,0.0292682559682591,0.0791518722419257,0.8835471178181232,2.2648129911854555,7.69107406187174e-06
449.88,True,forward,final_local_der_m_bounds,0.1091264755494752,0.03,0.0276152905649545,0.9992408836808756,False,0,True,1,,True,1.1439603360172892,0.8503655289760215,0.7512711180272253,147122.26777783062,0.0293923714817605,0.079126475549615,0.8834684525981176,2.2634913083131627,7.68970179296985e-06
457.02,True,forward,final_local_der_m_bounds,0.1091264755494752,0.03,0.0275660396972017,0.9992420307315985,False,0,True,1,,True,1.1432554869443223,0.8508820689062279,0.7502053285336127,147027.313726006,0.0295569285307525,0.0791280316845269,0.8816795604800666,2.2619859818967774,7.709416598304502e-06
459.78,True,forward,final_local_der_m_bounds,0.1091264755494752,0.03,0.0275959164364482,0.9992396488455764,False,0,True,1,,True,1.1431312984748552,0.8511627517823811,0.7499253367862939,147003.1643494622,0.029646285420902,0.0791269809505018,0.8810598621895865,2.261166371568641,7.715641608328612e-06
462.25,True,forward,final_local_der_m_bounds,0.1091264755494752,0.03,0.0275796853699361,0.9992400325287634,False,0,True,0,,True,1.142910956479355,0.8513177434502979,0.7499462044202666,146963.80343746036,0.0296425941531879,0.0794580562394669,0.8809239678017475,2.260111232342279,7.718649261130252e-06
464.83,True,forward,final_local_der_m_bounds,0.1091264755494752,0.03,0.0275295629472825,0.9992422133935418,False,0,True,0,,True,1.1426813037644714,0.8514144295217346,0.7501026628266139,146968.78456608902,0.0296435521256521,0.0797833985878511,0.8810076935717067,2.259023570868339,7.717506247731724e-06
467.25,True,forward,final_local_der_m_bounds,0.1091264755494752,0.03,0.0275983929468091,0.999237920624875,False,0,True,0,,True,1.142420555479961,0.8514598975013925,0.7503364869690378,146979.15620370375,0.0296195787575935,0.0801788222845584,0.8812352633058806,2.257934167527081,7.71490833432889e-06
469.81,True,forward,final_local_der_m_bounds,0.1091264755494752,0.03,0.027691367392497,0.9992322690947306,False,0,True,0,,True,1.142199563938478,0.8515519685854499,0.7505428290601985,146949.7696082448,0.0295905889084852,0.0806171492336393,0.8813822957945338,2.2567959850284427,7.715026966200923e-06
472.55,True,forward,final_local_der_m_bounds,0.1091264755494752,0.03,0.0278039921712837,0.9992254801798304,False,0,True,0,,True,1.1418619005011557,0.8516042100506456,0.7507085013055715,146949.42497862843,0.029560587932317,0.0810465254942554,0.8815227689643835,2.255647473827474,7.7137409805745e-06
475.19,True,forward,final_local_der_m_bounds,0.1091264755494752,0.03,0.0279006675012917,0.9992195936173388,False,0,True,0,,True,1.1416008910667523,0.8517016404684284,0.7509172521112151,146925.55549743646,0.0295267629437038,0.0815091352353285,0.8816670256713574,2.254407020842431,7.713587174143519e-06
477.83,True,forward,final_local_der_m_bounds,0.1091264755494752,0.03,0.0279999784503628,0.9992135376451838,False,0,True,0,,True,1.1413953050257717,0.8518259907729548,0.75103114991425,146907.02456416257,0.0295089296906323,0.0818915747423119,0.8816720293222766,2.253338479163588,7.714322919217217e-06
480.31,True,forward,final_local_der_m_bounds,0.1091264755494752,0.03,0.0280947962175936,0.9992077437648818,False,0,True,0,,True,1.1412013283174398,0.8519226213499477,0.7512978956456441,146900.08365778785,0.0294790368939951,0.0823302028697374,0.8818851346559448,2.2521348473909195,7.712684213471945e-06
482.75,True,forward,final_local_der_m_bounds,0.1091264755494752,0.03,0.028186285524359,0.9992021300068094,False,0,True,0,,True,1.1409597928114648,0.8520433371619269,0.7512549262680279,146875.14349054513,0.0294732808440391,0.0826070839344755,0.8817097599405972,2.2512791146719096,7.715330789005433e-06
485.31,True,forward,final_local_der_m_bounds,0.1091264755494752,0.03,0.0282865611182221,0.9991959747423664,False,0,True,0,,True,1.1407692919848775,0.8521592013164344,0.7515021934231713,146873.68196754798,0.0294513052206707,0.0830213047275137,0.881880043379493,2.25004458837681,7.713747238622694e-06
487.75,True,forward,final_local_der_m_bounds,0.1091264755494752,0.03,0.0283872602790009,0.9991897915779104,False,0,True,0,,True,1.140616428180616,0.8523085869017856,0.7515551461951976,146842.7591276472,0.0294380850894756,0.0833596391562467,0.8817876033927625,2.249092378024453,7.715942839682317e-06
490.31,True,forward,final_local_der_m_bounds,0.1091264755494752,0.03,0.0284983022232008,0.999182966960132,False,0,True,0,,True,1.1404831246788294,0.8524546582794267,0.7516802713851128,146838.69358468626,0.0294317377507992,0.0836891433431069,0.8817832879255838,2.248067801310994,7.715966873083179e-06
495.19,True,forward,final_local_der_m_bounds,0.1091264755494752,0.03,0.0287214104377917,0.9991692087998746,False,0,True,0,,True,1.14009078116508,0.8526453672315035,0.7522545042895735,146835.25330778505,0.0293738853043992,0.084546260873702,0.8822595339163173,2.245597447960373,7.711716753066758e-06
497.94,True,forward,final_local_der_m_bounds,0.1091264755494752,0.03,0.0288490266411075,0.999161290578526,False,0,True,0,,True,1.1397922988720257,0.8527633457867292,0.7523136955488035,146822.8266816824,0.0293588243731196,0.0849055537757322,0.8822068857271832,2.244466879864633,7.712643797531992e-06
500.44,True,forward,final_local_der_m_bounds,0.1091264755494752,0.03,0.0289709400020313,0.9991537120046188,False,0,True,0,,True,1.1395510143067498,0.8528788792310164,0.7523537547196553,146806.4994352258,0.0293494746456857,0.0852112787577531,0.8821343487811565,2.243491165511585,7.713952212690523e-06
503.08,True,forward,final_local_der_m_bounds,0.1091264755494752,0.03,0.0290992202210958,0.999145695464407,False,0,True,0,,True,1.1393832677879117,0.8529784791687385,0.7527303634609487,146816.7175948529,0.029316598396431,0.0856866272374864,0.8824728663664697,2.242145238059727,7.710325661884249e-06
505.63,True,forward,final_local_der_m_bounds,0.1091264755494752,0.03,0.0292308051592767,0.9991374605466552,False,0,True,0,,True,1.1391636824169304,0.8531182788815703,0.752787428366262,146795.38794767318,0.0293095683181332,0.0860008637584301,0.8823951461374839,2.241093288117105,7.711904097121547e-06
508.55,True,forward,final_local_der_m_bounds,0.1091264755494752,0.03,0.0293728387602857,0.9991284917986673,False,0,True,0,,True,1.1389507675452746,0.8532204474304418,0.7531189361024856,146797.0476399084,0.0292766316217185,0.0864852587666812,0.8826780211029613,2.2397273416340755,7.709208297249385e-06
511.0,True,forward,final_local_der_m_bounds,0.1091264755494752,0.03,0.0294952611252699,0.999120733788814,False,0,True,0,,True,1.1387508272900118,0.8533367821404871,0.7532608596306435,146787.30672548965,0.029263569230863,0.0868196136397806,0.8827240022880346,2.2386579035028293,7.709142741825906e-06
513.78,True,forward,final_local_der_m_bounds,0.1091264755494752,0.03,0.0296306586351072,0.9991120968518776,False,0,True,0,,True,1.1384971561323738,0.8534501112620827,0.7533526020459204,146791.50186162334,0.029254269246473,0.0871494039710212,0.882714281836418,2.237579977490793,7.708832387104947e-06
521.5,True,forward,final_local_der_m_bounds,0.1091264755494752,0.03,0.030046247866086,0.9990854529700456,False,0,True,0,,True,1.137827687341683,0.8537962263451878,0.7539254483222084,146751.2183654176,0.0291880001166354,0.0883250315428258,0.8830273841212765,2.233999483747138,7.707707706253955e-06
529.13,True,forward,final_local_der_m_bounds,0.1091264755494752,0.03,0.0302651359058222,0.9990697722737888,False,0,True,0,,True,1.1370081345662166,0.8544310197507172,0.7581029279169099,146662.52077331828,0.0286005580104431,0.0931461716110859,0.8872605399299393,2.2229707369915643,7.674980918815595e-06
535.85,True,forward,final_local_der_m_bounds,0.1091264755494752,0.03,0.0306265648080517,0.999045780647606,False,0,True,0,,True,1.1364221321279022,0.8548405583906833,0.759751068952049,146593.7359295569,0.0283916793413396,0.0952480014863937,0.8887634793350832,2.217541342503774,7.66514010620306e-06
538.47,True,forward,final_local_der_m_bounds,0.1091264755494752,0.03,0.0308151551124311,0.9990332582796904,False,0,True,0,,True,1.1361193134997332,0.8549873261144473,0.7602207696635285,146590.26388788913,0.0283433515134648,0.0959008845176162,0.889160279273855,2.215620825863508,7.6617277153188e-06
541.02,True,forward,final_local_der_m_bounds,0.1091264755494752,0.03,0.0303855744253266,0.999060730715414,False,0,True,0,,True,1.1356505960808403,0.8544188664511524,0.7625659956726336,146652.72016610843,0.0278756251655509,0.0981157919629827,0.8924966730193684,2.212911784859854,7.630941069985845e-06
543.77,True,forward,final_local_der_m_bounds,0.1091264755494752,0.03,0.0297840680766866,0.9990981171519072,False,0,True,0,,True,1.1350686083449797,0.8537638721022182,0.7652527594755456,146732.0676778269,0.0273923379580323,0.100482488087068,0.8963283461400959,2.209765617792464,7.595415262003894e-06
546.28,True,forward,final_local_der_m_bounds,0.1091264755494752,0.03,0.0292052508157444,0.9991333245095144,False,0,True,0,,True,1.134546630022938,0.8531415350075375,0.7677735585688189,146807.94162542198,0.0269503814020659,0.1026694631143024,0.899936912064697,2.2069196583290123,7.562124721661388e-06
549.1,True,forward,final_local_der_m_bounds,0.1091264755494752,0.03,0.0285667310260575,0.9991713887333386,False,0,True,0,,True,1.133885008984802,0.8524313389559524,0.7703202749305821,146888.6807602738,0.0264781555532767,0.1049729861372534,0.9036742781818194,2.2041154978220145,7.527836796636969e-06
551.56,True,forward,final_local_der_m_bounds,0.1091264755494752,0.03,0.0280341170996426,0.9992025051049048,False,0,True,0,,True,1.1332632433772862,0.8518030984051314,0.7724472728910058,146971.93594105242,0.026082906759046,0.1069075260941724,0.9068378294670364,2.2017924330527183,7.498253716125031e-06
554.45,True,forward,final_local_der_m_bounds,0.1092472553533931,0.03,0.0273906403134302,0.9992393304289828,False,0,True,0,,True,1.132715877821451,0.8511418793973042,0.7750669193706994,147040.51764834518,0.0256190148414513,0.1092400950194971,0.9106201188449642,2.198965316346033,7.464562436889876e-06
557.13,True,forward,final_local_der_m_bounds,0.1114321659739587,0.03,0.0268217318499374,0.9992711640724082,False,0,True,0,,True,1.1320787418934586,0.8503991229116613,0.7776664830749388,147136.3338646289,0.0251778807747568,0.1114550143985814,0.9144723484806816,2.1963300407348934,7.429233851189505e-06
559.81,True,forward,final_local_der_m_bounds,0.1134498181755632,0.03,0.0262754323510357,0.999301110837036,False,0,True,0,,True,1.1315224730179083,0.8497390565485494,0.7799640126319524,147204.74548837746,0.0247678086248831,0.1135217151565709,0.9178865048288968,2.194052840276174,7.398945576983501e-06
562.31,True,forward,final_local_der_m_bounds,0.1155018032475033,0.03,0.0257913204527871,0.999327137451332,False,0,True,0,,True,1.1309910121870486,0.8491085572368843,0.7821945450772738,147258.50017389533,0.0243831497463601,0.1154908335758424,0.9211949855064966,2.191842646121948,7.370375690034203e-06
565.1,True,forward,final_local_der_m_bounds,0.1177203599985364,0.03,0.0252829345175467,0.999353961314314,False,0,True,0,,True,1.1303499599270612,0.8483672313416627,0.784686732686298,147334.47696795737,0.0239583188277808,0.1176737041484251,0.9249375785593978,2.1894450082046872,7.33751264010367e-06
567.64,True,forward,final_local_der_m_bounds,0.1196975204386064,0.03,0.0248511620151362,0.9993763397701192,False,0,True,0,,True,1.129747053189703,0.8477191411853895,0.7868790761496927,147386.12779907684,0.0235818677922819,0.119633909546254,0.9282308702495232,2.1872678747866927,7.309509750432232e-06
570.28,True,forward,final_local_der_m_bounds,0.1216987922085554,0.03,0.0244350565343236,0.9993975632808388,False,0,True,0,,True,1.1291622257146698,0.8469622206756341,0.7893707801937,147471.06377482804,0.0231827470596125,0.121722633945093,0.9320023501922052,2.1850892147591745,7.276360533106261e-06
575.4399999999999,True,forward,final_local_der_m_bounds,0.1216987922085554,0.03,0.0237293524575398,0.9994328316503532,False,0,True,0,,True,1.1280471655682078,0.8455535694703795,0.7940425030048518,147622.38776957427,0.0224429969043956,0.1256644485260324,0.9390800673956208,2.181001442453624,7.215078724332513e-06
578.0,True,forward,final_local_der_m_bounds,0.1216987922085554,0.03,0.023446693924296,0.9994467472470184,False,0,True,0,,True,1.1274649791193176,0.844846032607583,0.796351821277564,147682.4933767236,0.022078849409946,0.1276333861344828,0.942599941932208,2.178997242966997,7.185601783129869e-06
580.4399999999999,True,forward,final_local_der_m_bounds,0.1216987922085554,0.03,0.0232073234132486,0.9994584458101436,False,0,True,0,,True,1.1269305786323698,0.8441623592877621,0.7985839081185692,147746.71071562523,0.0217384392848348,0.1294928203513224,0.9460074822482628,2.1771355270645163,7.156926563453881e-06
582.88,True,forward,final_local_der_m_bounds,0.1216987922085554,0.03,0.0230196167901998,0.9994676311095362,False,0,True,0,,True,1.1263582838545267,0.8434736373105646,0.8007926260170036,147806.72470797496,0.0214004178590874,0.1313556267880971,0.9493985236697494,2.1752756566087674,7.128734515955811e-06
585.48,True,forward,final_local_der_m_bounds,0.1216987922085554,0.03,0.0228863503607921,0.9994742720571403,False,0,True,0,,True,1.1257383643619758,0.8427108226011575,0.8032432974414606,147875.3976505805,0.0210389431708873,0.1333718988649145,0.9531659922939232,2.173260015158013,7.097488640198185e-06
588.08,True,forward,final_local_der_m_bounds,0.1216987922085554,0.03,0.0227639574679112,0.999480379446416,False,0,True,0,,True,1.125161466035275,0.8419628642874779,0.8056995753958931,147940.22544477266,0.020687329344977,0.135360870757661,0.9569300613723942,2.1712882958324413,7.066625480567328e-06
590.78,True,forward,final_local_der_m_bounds,0.1216987922085554,0.03,0.0227281162588573,0.9994825441265872,False,0,True,0,,True,1.1245621783151718,0.8411486516677851,0.8083177257371048,148016.03193570426,0.0203211783063859,0.1374457882243516,0.9609689371009692,2.1693077014731137,7.033416299189571e-06
593.38,True,forward,final_local_der_m_bounds,0.1216987922085554,0.03,0.0227362664445559,0.999482693307872,False,0,True,0,,True,1.1240012590863253,0.8403599369625294,0.8108146470034404,148088.37883915487,0.0199739151426064,0.1394384859915406,0.964842100795666,2.167511184259928,7.001782396589468e-06
600.98,True,forward,final_local_der_m_bounds,0.1216987922085554,0.03,0.0230674444048543,0.999469134077278,False,0,True,0,,True,1.1223241417321088,0.838026878094012,0.8181331119880564,148289.4405941137,0.0189870863981645,0.1452250709361523,0.9762611837090458,2.162407150705255,6.910165275208895e-06
608.9799999999999,True,forward,final_local_der_m_bounds,0.1216987922085554,0.03,0.0243259228029496,0.9994119806568867,False,0,True,0,,True,1.1206381178307545,0.8353064369256071,0.822270770375996,148591.3273273956,0.0181936737606847,0.1488554912966531,0.9843941504897415,2.163485623599197,6.838738880672248e-06
615.7800000000001,True,forward,final_local_der_m_bounds,0.1216987922085554,0.03,0.0258772030026455,0.9993369977336812,False,0,True,0,,True,1.1191637910662022,0.8329020243831988,0.825191196350507,148872.0972356602,0.0175561534303406,0.1516031115493503,0.9907422148020326,2.1655880047636056,6.781473367066491e-06
618.38,True,forward,final_local_der_m_bounds,0.1216987922085554,0.03,0.0265706271462621,0.9993019828103544,False,0,True,1,,True,1.1187218141681918,0.8323736928570927,0.8241877596595039,148893.79326711776,0.0174361305518113,0.1516983739500998,0.9901655551252576,2.168159642216652,6.78458900244426e-06
620.88,True,forward,final_local_der_m_bounds,0.1216987922085554,0.03,0.0267341029587595,0.9992933571681888,False,0,True,1,,True,1.1185747815176124,0.8321845366058351,0.8242613931380876,148937.72742049894,0.0174204141643717,0.1516987908526915,0.9904791027479756,2.168488176562039,6.7804070233504e-06
623.68,True,forward,final_local_der_m_bounds,0.1216987922085554,0.03,0.0269225043702294,0.999283353179766,False,0,True,1,,True,1.118257225976573,0.8319343353028906,0.824235055810869,148985.6013176907,0.0173985671345775,0.1516987904786514,0.9907453278879054,2.1688597827030542,6.776386793458134e-06
626.2800000000001,True,forward,final_local_der_m_bounds,0.1216987922085554,0.03,0.027103304565189,0.9992736989725178,False,0,True,1,,True,1.118258422221688,0.8318682347751232,0.8242289776060379,148985.60129262912,0.0173885222621338,0.1516871012534789,0.9908167461507286,2.1691217492863286,6.775892605946679e-06
628.88,True,forward,final_local_der_m_bounds,0.1216987922085554,0.03,0.027282938017658,0.9992640137910352,False,0,True,1,,True,1.1178753303237918,0.8315642283124686,0.8241930264782573,149041.98309725925,0.017363328033553,0.1516973222364439,0.991135739629914,2.1695841744442816,6.771123295792037e-06
631.2800000000001,True,forward,final_local_der_m_bounds,0.1216987922085554,0.03,0.0274352148408555,0.999255766786751,False,0,True,0,,True,1.117880992360962,0.8315280388446522,0.824194835614619,149041.98310614322,0.0173589221100356,0.1516800635787338,0.9911810511642852,2.169730080671574,6.770809177826054e-06
633.88,True,forward,final_local_der_m_bounds,0.1216987922085554,0.03,0.0276070735111944,0.9992463895118108,False,0,True,1,,True,1.1174875262469832,0.8311587440617216,0.8242002374233505,149126.06883314947,0.017327488109198,0.1516982052858682,0.9916279450970266,2.17036175520148,6.763895857447646e-06
636.4799999999999,True,forward,final_local_der_m_bounds,0.1216987922085554,0.03,0.0277941361753671,0.9992361262243538,False,0,True,0,,True,1.117267110620213,0.8310320493620668,0.8238143410773314,149147.7648288926,0.0173334335032019,0.1515144690532572,0.9913147654289916,2.170962613096504,6.765119087064368e-06
638.9799999999999,True,forward,final_local_der_m_bounds,0.1216987922085554,0.03,0.0279750154038418,0.9992261321191984,False,0,True,0,,True,1.11711951530295,0.8309092026955323,0.8235608436413309,149180.081922251,0.0173380870061087,0.1513601040552265,0.9911562430282842,2.1715026050675204,6.764777289852803e-06
641.58,True,forward,final_local_der_m_bounds,0.1216987922085554,0.03,0.0281671664234079,0.9992154465169878,False,0,True,0,,True,1.1169111693115814,0.8307731749383901,0.8230619856387257,149209.93331664987,0.0173463405934855,0.1511333383272062,0.9907180569470888,2.1723233506685045,6.766512251238395e-06
644.18,True,forward,final_local_der_m_bounds,0.1216987922085554,0.03,0.0283569288811567,0.9992048201234368,False,0,True,0,,True,1.1166759916644458,0.8305998062409591,0.8229439667181767,149241.20559078103,0.0173397334063067,0.1510544613951198,0.9907827578753836,2.172692799197096,6.764658485923734e-06
646.58,True,forward,final_local_der_m_bounds,0.1216987922085554,0.03,0.0285339894161663,0.999194840935509,False,0,True,0,,True,1.1165123888415804,0.8305003877846352,0.8225095525867474,149252.42333772042,0.0173475056242133,0.1508610497221854,0.9903782884205468,2.173370256916645,6.767001106765078e-06
649.2800000000001,True,forward,final_local_der_m_bounds,0.1216987922085554,0.03,0.0287362432143645,0.9991833663746222,False,0,True,0,,True,1.1163661479165372,0.8303831879137252,0.8221773695124253,149294.0015531188,0.0173591435263598,0.1506473517386522,0.9901180340344842,2.174004017399929,6.7669582177571485e-06
654.4799999999999,True,forward,final_local_der_m_bounds,0.1216987922085554,0.03,0.029133959085254,0.9991605678943766,False,0,True,0,,True,1.1159277612939738,0.8300379924461122,0.8215955104678563,149361.17418768894,0.0173543653515524,0.1503656023730483,0.9898288005427608,2.175291807582989,6.765987645432738e-06
656.9799999999999,True,forward,final_local_der_m_bounds,0.1216987922085554,0.03,0.0293294230112435,0.9991492491236192,False,0,True,0,,True,1.1156562031375497,0.8298373762264635,0.8213078762227707,149417.9131551321,0.0173550827751185,0.1501931744680175,0.9897214800778448,2.175935666059713,6.764196578032701e-06
659.4799999999999,True,forward,final_local_der_m_bounds,0.1216987922085554,0.03,0.0295285734639808,0.9991376396968734,False,0,True,0,,True,1.1155466268886856,0.8297578714624311,0.8209683260070302,149419.1964595245,0.0173615796109322,0.1500299314722164,0.9894070960243988,2.176508765787033,6.76636058234064e-06
662.18,True,forward,final_local_der_m_bounds,0.1216987922085554,0.03,0.0297457015840242,0.99912489318562,False,0,True,0,,True,1.1153511312654856,0.8296095584221796,0.8205946130983945,149454.7625682009,0.0173656787265696,0.1498419814729154,0.9891335083687676,2.1772251163868988,6.766695106979786e-06
664.9799999999999,True,forward,final_local_der_m_bounds,0.1216987922085554,0.03,0.0299740008733492,0.9991113907692508,False,0,True,0,,True,1.1151682759790695,0.8294219643420537,0.8205519423766295,149493.741417464,0.0173565621178559,0.149774555139832,0.9893057787872058,2.177643140114648,6.76374058224104e-06
667.58,True,forward,final_local_der_m_bounds,0.1216987922085554,0.03,0.0301832419688081,0.9990989253246136,False,0,True,0,,True,1.114962493581959,0.8292999333593877,0.8200299617230292,149520.6122970443,0.0173679435665194,0.1495271780891718,0.988821931289917,2.178451448459171,6.765949241957141e-06
670.2800000000001,True,forward,final_local_der_m_bounds,0.1222288367091136,0.03,0.0304081595855635,0.999085431400012,False,0,True,0,,True,1.1147822375597194,0.8291219582800416,0.8197854382105645,149571.26649036224,0.01737038222263,0.1493518922743463,0.988739268118233,2.179126444231854,6.764263359878462e-06
672.9799999999999,True,forward,final_local_der_m_bounds,0.1236459973022459,0.03,0.0306354198148684,0.9990716957937552,False,0,True,0,,True,1.1145082983191676,0.8289693314338844,0.8192927954298864,149587.05270504806,0.0173748246924707,0.1491415775390686,0.988327027747504,2.1798768237100505,6.76647735075736e-06
680.9799999999999,True,forward,final_local_der_m_bounds,0.1240880399300705,0.03,0.031346688130474,0.9990280420642944,False,0,True,0,,True,1.113905670647032,0.828513649033745,0.8182335927943328,149690.028945166,0.0173835600895653,0.1486038563251964,0.987592170326462,2.181950642509344,6.7670738791306826e-06
688.7800000000001,True,forward,final_local_der_m_bounds,0.125668546463833,0.03,0.0324957028073009,0.9989559640853488,False,0,True,0,,True,1.113532837989866,0.8279647573409987,0.8143777068838854,149844.40830958245,0.0175671173922813,0.1459997538740109,0.983589820295313,2.188865319256102,6.78858506502107e-06
695.2800000000001,True,forward,final_local_der_m_bounds,0.1267265113195103,0.03,0.0330750631429297,0.9989183312183152,False,0,True,0,,True,1.1129977550307706,0.8275252390674019,0.814028241822037,149942.80440666355,0.0175451054136064,0.1458269517670289,0.9836899267742266,2.1899955303877285,6.783499917848024e-06
697.7800000000001,True,forward,final_local_der_m_bounds,0.127602962936468,0.03,0.0332287199759088,0.9989080579454138,False,0,True,0,,True,1.112786011766478,0.8275022833398192,0.8135139465459972,149940.95812795154,0.0175764751169376,0.1455421642390038,0.9830957121503462,2.1904110645615726,6.787824664642116e-06
700.4799999999999,True,forward,final_local_der_m_bounds,0.1279439201871817,0.03,0.0326576214336789,0.998943336840688,False,0,True,0,,True,1.1130485194723518,0.828381069703427,0.8112893913729515,149862.06673963915,0.0179105194032429,0.1437370960502007,0.9793673721484312,2.190807741763192,6.817905185994469e-06
702.9799999999999,True,forward,final_local_der_m_bounds,0.1279439201871817,0.03,0.0321471849773626,0.9989743942936994,False,0,True,0,,True,1.113251205071624,0.8290767895349417,0.8096210056468724,149824.07111135442,0.0181980053530979,0.1422333442238565,0.9765331943510532,2.190991187683009,6.839868307993233e-06
705.4799999999999,True,forward,final_local_der_m_bounds,0.1279439201871817,0.03,0.0316578351839043,0.9990037439182358,False,0,True,0,,True,1.113322316087573,0.8298602139036227,0.8073509517044938,149741.4618848429,0.0185152328686731,0.140521017450326,0.9728758388195928,2.1914781455728165,6.869912055118924e-06
708.08,True,forward,final_local_der_m_bounds,0.1279439201871817,0.03,0.0311213357032261,0.9990356422883772,False,0,True,0,,True,1.1136755322927192,0.8305126064410291,0.8060896338059353,149730.49057092285,0.0187934010005426,0.1391548694669804,0.9705928935386632,2.191550679271772,6.886826212263198e-06
710.88,True,forward,final_local_der_m_bounds,0.1279439201871817,0.03,0.0305754910055659,0.9990675481025464,False,0,True,0,,True,1.1137564432348883,0.8313662083492349,0.8034658049260978,149622.17987300502,0.0191444612656674,0.137272635959501,0.9664402965348612,2.19234944140519,6.921926778577454e-06
713.4799999999999,True,forward,final_local_der_m_bounds,0.1279439201871817,0.03,0.0300861168564954,0.999095731778582,False,0,True,0,,True,1.1141162027020604,0.8321105612979535,0.8018259044157138,149569.1934821231,0.0194461978541965,0.1357869797229889,0.9636050084077762,2.192672561880925,6.944981537008213e-06
716.08,True,forward,final_local_der_m_bounds,0.1279439201871817,0.03,0.0296138123134161,0.9991225181548494,False,0,True,0,,True,1.1143702545852563,0.8327910650628283,0.8001626112609039,149519.60293869363,0.0197413414125698,0.1343291018130807,0.9608203603871964,2.1930768627863944,6.967620725958109e-06
718.4799999999999,True,forward,final_local_der_m_bounds,0.1279439201871817,0.03,0.0292056177303895,0.9991453163025994,False,0,True,0,,True,1.1144806639896507,0.8334062468189286,0.7983988360943952,149482.6478142036,0.0200253268163201,0.132891038009116,0.9579947824267516,2.1936087463979543,6.990096672652552e-06
720.9799999999999,True,forward,final_local_der_m_bounds,0.1279439201871817,0.03,0.0288092309009912,0.99916712977165,False,0,True,0,,True,1.114742596373637,0.834113177698747,0.7965320252919236,149421.05316978594,0.0203293210788718,0.1313844768980069,0.954944780382793,2.194260814228513,7.015458719819276e-06
723.7800000000001,True,forward,final_local_der_m_bounds,0.1279439201871817,0.03,0.0284000498145006,0.9991892936808248,False,0,True,0,,True,1.1149250348814344,0.8348906942570277,0.7942885629352535,149352.59254309235,0.0206812727457294,0.129630814044494,0.9513683268946888,2.1950760935429248,7.0451968473630764e-06
726.18,True,forward,final_local_der_m_bounds,0.1279439201871817,0.03,0.0280773537635947,0.9992065090949388,False,0,True,0,,True,1.1151400058337655,0.8355493894632788,0.792481335441428,149293.86144350015,0.0209774851230579,0.1281875166320879,0.9484554060298984,2.195760443655784,7.06966241255368e-06
728.7800000000001,True,forward,final_local_der_m_bounds,0.1279439201871817,0.03,0.0277550022799617,0.9992234651529815,False,0,True,0,,True,1.115285440254666,0.8361852777374498,0.7907312804088374,149247.89759031395,0.021284648283604,0.1267222250389726,0.9456412370095756,2.1963206941976057,7.092888877787575e-06
734.08,True,forward,final_local_der_m_bounds,0.1279439201871817,0.03,0.0271949447327566,0.9992522448434548,False,0,True,0,,True,1.115712709737145,0.8375655755620522,0.7869551170293093,149117.37855607073,0.0219326558289514,0.1236662001770555,0.9395743330320367,2.197768194646628,7.144792581105087e-06
736.4799999999999,True,forward,final_local_der_m_bounds,0.1279439201871817,0.03,0.0269928112680997,0.9992623293489292,False,0,True,0,,True,1.1159115910757085,0.8382130455639016,0.7851691930673588,149054.4682836562,0.0222384651154194,0.1222411650725089,0.9367179349244582,2.1984886723309143,7.1694685431693495e-06
738.9799999999999,True,forward,final_local_der_m_bounds,0.1279439201871817,0.03,0.0268058130163899,0.9992715045010044,False,0,True,0,,True,1.116068038480535,0.8388548599931259,0.7832750080544564,148993.5185779533,0.0225560274511192,0.1207560668196773,0.9337431842033734,2.199329517929211,7.195088244666761e-06
741.58,True,forward,final_local_der_m_bounds,0.1279439201871817,0.03,0.0266544408886569,0.9992786779472076,False,0,True,0,,True,1.1162287471302752,0.8394943209682623,0.7814777015398991,148935.02142603116,0.0228785993185408,0.1192874726052473,0.930890992375687,2.2000518937249587,7.219747090118704e-06
744.18,True,forward,final_local_der_m_bounds,0.1279439201871817,0.03,0.0265503966020761,0.9992832844265076,False,0,True,0,,True,1.116401564128075,0.8401474284193436,0.7795833803477142,148870.848472709,0.0232092934672209,0.1177806895384053,0.9279125948340105,2.2009138736039136,7.245776711799405e-06
746.9799999999999,True,forward,final_local_der_m_bounds,0.1267265113195103,0.03,0.0264491739033802,0.9992876647917516,False,0,True,0,,True,1.1166110133335028,0.8408462046746416,0.7776489304733821,148804.26296509578,0.0235657501477976,0.1161917618488103,0.9248408640606124,2.2017565961085084,7.272746217749003e-06
749.38,True,forward,final_local_der_m_bounds,0.1253829295509253,0.03,0.0264112963769688,0.9992887955191342,False,0,True,0,,True,1.116792221596638,0.8414390859546922,0.7760063560036167,148744.3584124149,0.0238718483355586,0.1148406040462829,0.9222371160987418,2.202493930687308,7.295877325211454e-06
751.9799999999999,True,forward,final_local_der_m_bounds,0.1240880399300705,0.03,0.0263651875150245,0.999290306062269,False,0,True,0,,True,1.1170156749330715,0.8420317737978428,0.7743629454588038,148699.91180363973,0.0241953809310812,0.1134241740506052,0.9196362531144994,2.2033290237658845,7.318319262793391e-06
759.7800000000001,True,forward,final_local_der_m_bounds,0.1236459973022459,0.03,0.0264228247472802,0.9992843149733358,False,0,True,0,,True,1.1175514549776873,0.8438875369700691,0.768830562734033,148517.77365342967,0.0252279110905339,0.1089150318254928,0.9110580842258628,2.2063245551001684,7.394858062751714e-06
767.38,True,forward,final_local_der_m_bounds,0.1230955790044597,0.03,0.0267206082353768,0.9992652685374078,False,0,True,0,,True,1.1180253504913145,0.8455922102201798,0.7637974158111679,148359.93029835846,0.0262281932566563,0.1047123346679712,0.9032692195831442,2.2090840470916446,7.464873523896991e-06
773.9799999999999,True,forward,final_local_der_m_bounds,0.1222288367091136,0.03,0.0271752587814337,0.9992375751727368,False,0,True,0,,True,1.1184787355117871,0.8470527995473187,0.7592525802585011,148221.0976790009,0.0271353246605235,0.1009311620751185,0.8963462261906935,2.212019556691968,7.527847195916944e-06
776.68,True,forward,final_local_der_m_bounds,0.1207578578114145,0.03,0.0274188323677264,0.9992227470160312,False,0,True,0,,True,1.1186838803061,0.8476909277967734,0.7573508937723514,148159.73077961654,0.0275348413780866,0.0993172319522389,0.8934280985415003,2.21320702194187,7.554721683970856e-06
779.2800000000001,True,forward,final_local_der_m_bounds,0.1207149981095218,0.03,0.0273898523284349,0.999225314353322,False,0,True,0,,True,1.1182500618687052,0.8469341002966815,0.7584302273386807,148239.9518975038,0.0272276523103602,0.1002879878084176,0.8955008743572873,2.213366518530656,7.5341657115563825e-06
781.9799999999999,True,forward,final_local_der_m_bounds,0.1203027689720496,0.03,0.0273399974895307,0.9992289605594687,False,0,True,0,,True,1.117788885706262,0.8461314795679591,0.7596807784489193,148348.44418661512,0.0269231244089032,0.1012900770440392,0.8978282888574456,2.2133669949056283,7.510158877943019e-06
784.4799999999999,True,forward,final_local_der_m_bounds,0.1193920171681685,0.03,0.0273594538905704,0.9992286595551396,False,0,True,0,,True,1.1173462950924242,0.8453862570075794,0.7606979329275341,148432.08138164843,0.0266408768796035,0.1021931403371209,0.8998229230981146,2.213584099347472,7.4901954034732655e-06
787.08,True,forward,final_local_der_m_bounds,0.1192734648798773,0.03,0.0273968062836371,0.9992273690939674,False,0,True,0,,True,1.1169042871449242,0.8446275431021467,0.7617584223956325,148520.66591712486,0.0263571992013301,0.1031089309239211,0.90188678858121,2.213788264367417,7.469477474159669e-06
789.68,True,forward,final_local_der_m_bounds,0.1183895090415392,0.03,0.0274726854433576,0.9992239008152928,False,0,True,0,,True,1.116464408203921,0.843836742562598,0.7629593230114733,148622.72621421478,0.0260652522570727,0.1040854094200954,0.9041551339593096,2.213893875158148,7.446486677461299e-06
792.58,True,forward,final_local_der_m_bounds,0.1178276328251785,0.03,0.0275798480144032,0.9992188020050128,False,0,True,0,,True,1.115993010412155,0.8429945882606315,0.7642218616471355,148727.27498446646,0.0257458471973891,0.1051551826023195,0.9065560708093876,2.214036852581988,7.422413573378367e-06
795.18,True,forward,final_local_der_m_bounds,0.1178023848314441,0.03,0.0277253472651273,0.9992114193588856,False,0,True,0,,True,1.115549120164254,0.8422131565190345,0.7653342608172763,148822.67485990073,0.0254553455375958,0.1061272518845603,0.9087180067104298,2.214261437627043,7.400771213163822e-06
797.7800000000001,True,forward,final_local_der_m_bounds,0.1171394362329585,0.03,0.0279157802911412,0.9992014602746396,False,0,True,0,,True,1.1150993791024757,0.8414510260958634,0.7663729976542668,148910.72128691964,0.0251757616915769,0.107052579891834,0.9107755221478055,2.214529447451864,7.38039162354369e-06
800.2800000000001,True,forward,final_local_der_m_bounds,0.1161845710345941,0.03,0.0281442547035275,0.9991892366594072,False,0,True,0,,True,1.1147252269461414,0.8407230993771415,0.7674550210868805,148999.57956641933,0.0249010739830201,0.1079939812013639,0.9128511178715768,2.214756852204685,7.3598435762687635e-06
802.7800000000001,True,forward,final_local_der_m_bounds,0.1161052501637312,0.03,0.0284195380942582,0.9991742295858008,False,0,True,0,,True,1.1142613543158224,0.8399603802504559,0.7684639168483631,149086.7974088192,0.0246257404499576,0.1089194485732853,0.91488114786941,2.215061176352285,7.339843661186093e-06
805.2800000000001,True,forward,final_local_der_m_bounds,0.1150147728905496,0.03,0.0287421845583286,0.9991563361305694,False,0,True,0,,True,1.1138779030707848,0.8392384824864212,0.769491253831444,149173.50211083313,0.0243569246975875,0.1098435511761537,0.9168922420617126,2.2153495923498303,7.3200337941027635e-06
807.7800000000001,True,forward,final_local_der_m_bounds,0.1148458040438751,0.03,0.0291113981366313,0.9991355199515396,False,0,True,0,,True,1.1134554120229,0.838474663322819,0.7706329613359747,149261.6818884286,0.0240769131978343,0.1108343992171312,0.9190891449027307,2.2155410669262183,7.298750813428155e-06
813.08,True,forward,final_local_der_m_bounds,0.1148195546558213,0.03,0.0300336020591911,0.9990821707505178,False,0,True,0,,True,1.112502001848,0.8368156170913776,0.772996233024112,149471.20689143336,0.0234863504195137,0.1129246694201287,0.9237354289716886,2.216098690105144,7.252874195113005e-06
815.7800000000001,True,forward,final_local_der_m_bounds,0.1140470810696169,0.03,0.0305614959555295,0.9990508510109856,False,0,True,0,,True,1.1120415934827306,0.8359560805605608,0.7742508698077725,149580.13378832125,0.023182504428669,0.1140219245759415,0.9261860614598184,2.2164202262565245,7.228858807432447e-06
818.38,True,forward,final_local_der_m_bounds,0.1133886577216171,0.03,0.0311155594983283,0.999017364822684,False,0,True,0,,True,1.1115664799707103,0.8350764452964277,0.7754884431853856,149707.39264445892,0.0228849255617781,0.1150945763390128,0.928643655983028,2.216824878664032,7.20400600308652e-06
821.08,True,forward,final_local_der_m_bounds,0.1128525412434796,0.03,0.0317222474360684,0.9989800268442076,False,0,True,0,,True,1.111109555993238,0.8342916244158047,0.7764397670670019,149779.48942412133,0.0226029735024311,0.116085343187707,0.930657511527444,2.21736921320258,7.185304896278809e-06
823.68,True,forward,final_local_der_m_bounds,0.1124849677566876,0.03,0.032333536968408,0.9989417065002216,False,0,True,0,,True,1.110611908607417,0.8334102124553688,0.777695801562676,149900.6219019105,0.022306359820758,0.1171846452990797,0.933148874275792,2.2177240817440205,7.160632350249997e-06
826.4799999999999,True,forward,final_local_der_m_bounds,0.1108905982288886,0.03,0.0330325622712421,0.998897008922218,False,0,True,0,,True,1.1100970189589108,0.8324540503314641,0.7790336309168245,150026.7670326998,0.0219863186607802,0.1183762957897366,0.9358277860581388,2.218208756342649,7.1344015658163554e-06
828.9799999999999,True,forward,final_local_der_m_bounds,0.1098495384161569,0.03,0.0336809572655387,0.9988547397413576,False,0,True,0,,True,1.1095403805322288,0.8316033113307616,0.7800755265679241,150120.81127986833,0.0217027079342107,0.1194226394228311,0.9380380235855712,2.2186843188989416,7.113355778349132e-06
831.7800000000001,True,forward,final_local_der_m_bounds,0.1097471115513127,0.03,0.0344700214849488,0.9988021744825288,False,0,True,0,,True,1.10902107156838,0.8306543702162047,0.7813190784788071,150244.74657736276,0.0213899640112322,0.1205932706680511,0.9406067150112548,2.219299984928491,7.088251469952425e-06
839.58,True,forward,final_local_der_m_bounds,0.1089225741545655,0.03,0.036816184265994,0.9986391934167382,False,0,True,0,,True,1.1075550135795182,0.8279407290549395,0.7850788676922218,150585.27063918463,0.0204976833642791,0.124071087901505,0.9482307611419928,2.22084094749275,7.015463889592684e-06
847.38,True,forward,final_local_der_m_bounds,0.1089112909428966,0.03,0.0381767903863105,0.9985410774341236,False,0,True,0,,True,1.1054733997667077,0.8256336243359778,0.7948314809649089,150703.49986576545,0.0191128948543725,0.1330680288195255,0.9626927217313348,2.210605594161578,6.902262559951223e-06
854.18,True,forward,final_local_der_m_bounds,0.1079886522169561,0.03,0.0409804163230177,0.9983260353273604,False,0,True,0,,True,1.1041852670525996,0.8229621757162963,0.7964353959701476,151044.21996509246,0.0184651585785231,0.1348904614897291,0.9677667084479792,2.215819066404963,6.850287584714074e-06
856.68,True,forward,final_local_der_m_bounds,0.1071815277736012,0.03,0.0420820366767971,0.998237756502271,False,0,True,0,,True,1.1035817844286773,0.8218089122534612,0.7974992620335595,151232.24807779212,0.0181951947066721,0.1357689056152938,0.9704193397547334,2.217432822028929,6.82270450617955e-06
859.2800000000001,True,forward,final_local_der_m_bounds,0.1070210164338763,0.03,0.0414558502937572,0.9982864491269526,False,0,True,0,,True,1.1040819270617477,0.8228431289490097,0.7942853625900442,151144.12111474102,0.0186701984937421,0.1329707222061461,0.9652937900867674,2.2192948348961496,6.864067330598232e-06
861.88,True,forward,final_local_der_m_bounds,0.1060899525131679,0.03,0.0408173630817833,0.9983357615968432,False,0,True,0,,True,1.1045671293590895,0.8237807514762573,0.7914813216793127,151090.47994520533,0.0191261222056927,0.1303528639962857,0.9607912302647732,2.220918406509238,6.899573924395686e-06
864.2800000000001,True,forward,final_local_der_m_bounds,0.1051326192647134,0.03,0.0402534918875199,0.9983787040010248,False,0,True,0,,True,1.1048970416740145,0.8245875304594994,0.7889202063336523,151060.50904161792,0.0195466501804444,0.1279661636255739,0.9567452540714853,2.222392687500776,6.930867287548763e-06
866.9799999999999,True,forward,final_local_der_m_bounds,0.1046775074037917,0.03,0.039638362191062,0.998424974673942,False,0,True,0,,True,1.1053556625679783,0.8254232138870983,0.786300444260526,151043.077087723,0.0200167662533577,0.1253361254221698,0.9526027751965752,2.2241337100154004,6.962489580390935e-06
869.38,True,forward,final_local_der_m_bounds,0.1042847098024212,0.03,0.0390976259059078,0.9984652205102532,False,0,True,0,,True,1.1057877047312183,0.8262676182041937,0.7835962969704793,150991.07302251185,0.020461904295433,0.1228606747778537,0.9483565369214684,2.225948201453799,6.996697351104015e-06
872.18,True,forward,final_local_der_m_bounds,0.1040835128534078,0.03,0.0385062873527631,0.9985085269125294,False,0,True,0,,True,1.1062556884439985,0.8270608599939229,0.7810655731402708,150966.47226857537,0.0209416930115006,0.1202643280615157,0.944387058947524,2.227791946331217,7.027759721070662e-06
874.7800000000001,True,forward,final_local_der_m_bounds,0.1031173608058727,0.03,0.0379924441747627,0.998545597906002,False,0,True,0,,True,1.106633438881156,0.8278992970511049,0.7781798563900808,150906.82934433105,0.021429146518222,0.1176180842808623,0.939945062354661,2.229865992037688,7.064283304711339e-06
877.58,True,forward,final_local_der_m_bounds,0.1021634797192323,0.03,0.0374757517870678,0.9985823327705268,False,0,True,0,,True,1.1069985293658404,0.8287094931194607,0.7752798661648921,150873.91688775565,0.0219469451216062,0.1148459052800874,0.9355267106287792,2.2320804902908056,7.099648017372636e-06
880.08,True,forward,final_local_der_m_bounds,0.101216545390346,0.03,0.0370454374525822,0.9986124965341387,False,0,True,0,,True,1.1073752322614283,0.8294583769758077,0.7726680007754092,150835.68030364823,0.0224267278008614,0.1123237073464523,0.9315331814388864,2.2341300685938554,7.132216199972257e-06
882.7800000000001,True,forward,final_local_der_m_bounds,0.1009579906396233,0.03,0.0366134785353269,0.998642363508792,False,0,True,0,,True,1.1078887817265444,0.8302260680671191,0.7700894170304996,150796.28972241777,0.0229330145281003,0.1097198538514615,0.9275659325216976,2.236361555410723,7.164823422555513e-06
885.2800000000001,True,forward,final_local_der_m_bounds,0.1002639844993873,0.03,0.0362423276400013,0.9986676843721444,False,0,True,0,,True,1.1081602679016107,0.8308543318118523,0.7677250360423131,150787.9909360193,0.0234025102963717,0.1073207118859442,0.9240188161119982,2.238318155204671,7.192924280507952e-06
888.2800000000001,True,forward,final_local_der_m_bounds,0.0993444881882969,0.03,0.0358347983746653,0.9986950873366144,False,0,True,0,,True,1.1086147341954855,0.8317156134502286,0.764418929555481,150728.10009609922,0.0240184806667019,0.1041653202923127,0.919086905660483,2.241311983421662,7.234599162923972e-06
893.4799999999999,True,forward,final_local_der_m_bounds,0.0989951229440276,0.03,0.0352327876492976,0.9987346309403312,False,0,True,0,,True,1.109349735354587,0.8330899600200532,0.7593179823075809,150638.69800781718,0.0250631104855442,0.0990188951146897,0.911447765244108,2.24592384286348,7.299631343871788e-06
895.9799999999999,True,forward,final_local_der_m_bounds,0.0964019981612631,0.03,0.034998563582643,0.9987495656009948,False,0,True,0,,True,1.1097488999852954,0.8336922409084665,0.7569629548573416,150636.81722662298,0.0255801086786844,0.0965050146099388,0.9079644954263772,2.24833615520321,7.3276998182654865e-06
898.4799999999999,True,forward,final_local_der_m_bounds,0.093894289696964,0.03,0.0347925323468835,0.9987624525830096,False,0,True,0,,True,1.110137578087501,0.8343833278383279,0.7543233390208304,150577.93667321085,0.026125226883609,0.0938903415238083,0.9040489111582416,2.2508909146485605,7.362204777539097e-06
900.98,True,forward,final_local_der_m_bounds,0.0913539302300463,0.03,0.0346257285805742,0.9987725360931172,False,0,True,0,,True,1.1104620738193347,0.834979591541907,0.7518403354495691,150549.7920580377,0.0266665675029079,0.09130907481544,0.9004295950050591,2.25344325583623,7.3930711402814e-06
903.58,True,forward,final_local_der_m_bounds,0.0906060160348807,0.03,0.0344959454507759,0.9987799328324524,False,0,True,0,,True,1.1109190208630173,0.8355644809124558,0.7496540488905197,150545.92020894255,0.0272147981949998,0.0887885978329801,0.8971827620914188,2.255836162330813,7.419806434583343e-06
906.18,True,forward,final_local_der_m_bounds,0.0901675599158317,0.03,0.0343900996214731,0.998785653906109,False,0,True,0,,True,1.11123168797936,0.8361928455267587,0.7469733647446252,150501.66662239368,0.0278104142165111,0.0860165791253551,0.8933027455814576,2.2586329370570017,7.454007116252862e-06
908.58,True,forward,final_local_der_m_bounds,0.0899571576130934,0.03,0.0343297691138143,0.998788319369676,False,0,True,0,,True,1.111584483732558,0.8367827903897571,0.7444884948201882,150454.91500839815,0.0283759221475183,0.0834192415418842,0.8897034013730373,2.261355370850787,7.4862190921374385e-06
911.18,True,forward,final_local_der_m_bounds,0.0897300106136367,0.03,0.0342731132008677,0.9987906198084407,False,0,True,0,,True,1.111952656711347,0.8373458679260317,0.7420855761078065,150428.14322448557,0.0289744133208657,0.0807252056941025,0.8862354309406585,2.264098882933219,7.516546992853255e-06
918.78,True,forward,final_local_der_m_bounds,0.0893496602918023,0.03,0.0343212603242425,0.9987823554911888,False,0,True,0,,True,1.11300639652819,0.8389481188252683,0.7348714254390936,150344.21452027492,0.0308256038144326,0.0725716376451596,0.8759438265003712,2.2727299393023395,7.608003252639889e-06
926.58,True,forward,final_local_der_m_bounds,0.0889172953477732,0.03,0.0356757751554725,0.998680648764339,False,0,True,1,,True,1.1146576139933104,0.8396179537361547,0.7249210309707846,150520.58160631853,0.0336326056478074,0.0589181477627032,0.8633939135591508,2.291247947442633,7.709971933112335e-06
933.38,True,forward,final_local_der_m_bounds,0.0886964250385676,0.03,0.0354509850668689,0.998691882936436,False,0,True,1,,True,1.1153041040558107,0.8410682014303424,0.7252596654376838,150402.8392566708,0.0342128009842011,0.0586964250385947,0.8623077940698369,2.286515774922308,7.723140024982939e-06
935.98,True,forward,final_local_der_m_bounds,0.0885319771378229,0.03,0.0354269123085363,0.9986914775594826,False,0,True,1,,True,1.1155629347049334,0.8416758326446859,0.7253235167298486,150354.92881454917,0.0344676486192663,0.0585319771378234,0.8617611301143827,2.284651326908503,7.729414846047891e-06
938.48,True,forward,final_local_der_m_bounds,0.0881803689271619,0.03,0.0354729380197305,0.998688945311565,False,0,True,1,,True,1.1151955931849846,0.8412925471396602,0.7246666340748257,150390.12340292372,0.0344135473386085,0.0581803694109698,0.8613729392214932,2.2865178254653604,7.731849576018991e-06
941.28,True,forward,final_local_der_m_bounds,0.0877808671307176,0.03,0.0355467135158645,0.998684469340238,False,0,True,1,,True,1.1147928691234363,0.8409101732207583,0.7238387935760799,150406.3968238262,0.0343564274322787,0.0577809518383778,0.8607801601492286,2.288618001581108,7.737123729388696e-06
943.68,True,forward,final_local_der_m_bounds,0.0876173610880738,0.03,0.0356507179510579,0.9986776355213668,False,0,True,1,,True,1.114404433334627,0.8405327324203035,0.7233473981594896,150429.92868784192,0.034266168693625,0.057617361088075,0.8605820692748274,2.2901238934530457,7.738434247146936e-06
946.58,True,forward,final_local_der_m_bounds,0.0872890304869628,0.03,0.0357977509838483,0.9986677911055204,False,0,True,0,,True,1.113942190069197,0.8400477780133325,0.7230142837019425,150477.40564155293,0.0341186624047599,0.0576139495355954,0.8606823357259895,2.291596728856053,7.736003649039765e-06
948.98,True,forward,final_local_der_m_bounds,0.0866856272850228,0.03,0.0359309426190565,0.9986587630515336,False,0,True,0,,True,1.1136063203003723,0.8395878943371733,0.7239365030892221,150522.19634365497,0.0337818647906416,0.0587292927276105,0.8622521929770627,2.29097103697239,7.720297817133184e-06
951.78,True,forward,final_local_der_m_bounds,0.0862279470572114,0.03,0.0360916483532478,0.9986478246461058,False,0,True,0,,True,1.1132403020387518,0.839077081672945,0.7249847575954496,150574.8549039952,0.0334086816358222,0.0599725912350862,0.8640264088133367,2.290253652934062,7.70247288722457e-06
954.38,True,forward,final_local_der_m_bounds,0.0859877722430239,0.03,0.0362487443733359,0.998637041279343,False,0,True,0,,True,1.1128103180241924,0.8385382275615084,0.7259789347410428,150636.82957039084,0.0330515069829189,0.0611511922801254,0.8657672493384219,2.289613626635251,7.68457455316563e-06
956.78,True,forward,final_local_der_m_bounds,0.0858511989948171,0.03,0.0364016710302909,0.9986264723276858,False,0,True,0,,True,1.112440933800406,0.8380831831227795,0.7268153803439731,150669.4567234886,0.0327322784475419,0.0622123338371452,0.8672353711188766,2.289070526651157,7.670518586927272e-06
959.48,True,forward,final_local_der_m_bounds,0.0855314935787017,0.03,0.0365837577151506,0.9986137936645072,False,0,True,0,,True,1.1120729765053583,0.8375285321975067,0.7279608286165856,150734.1268497528,0.0323573533466922,0.0634969652704539,0.8691773481514267,2.2883594430982326,7.65079613169804e-06
961.98,True,forward,final_local_der_m_bounds,0.084427155121787,0.03,0.0367628828966148,0.9986012202616088,False,0,True,0,,True,1.1116395098189011,0.8370070509124118,0.7289260511543157,150783.86350413694,0.0320165765014776,0.0646528996787755,0.8708720558085166,2.2877162727839058,7.634039379534867e-06
964.78,True,forward,final_local_der_m_bounds,0.0839274025329877,0.03,0.0369770022782999,0.9985860604847484,False,0,True,0,,True,1.111195426896539,0.8364314268109794,0.7300235610788048,150855.95895158677,0.0316415472580566,0.0659406804767701,0.8727835153948358,2.287026917743802,7.614361559879442e-06
967.28,True,forward,final_local_der_m_bounds,0.0835590325433335,0.03,0.0371800532121196,0.9985715636120897,False,0,True,0,,True,1.1108548454092566,0.8359023518518657,0.7310848084137914,150914.66979929295,0.0313044248731391,0.067109589508519,0.874605516773747,2.286446179355113,7.59613084193677e-06
972.48,True,forward,final_local_der_m_bounds,0.0835146051822323,0.03,0.0376329093077527,0.9985388696610118,False,0,True,0,,True,1.1100999447276363,0.8348328019719907,0.733235769739911,151036.32892765518,0.0306167288757872,0.0695377346061264,0.8783025391526381,2.2851460429946022,7.559165352128445e-06
974.98,True,forward,final_local_der_m_bounds,0.0830580400955037,0.03,0.0378608927962663,0.9985222521095845,False,0,True,0,,True,1.1097063721115197,0.8342955749628207,0.7341554018013275,151096.21183477042,0.0302969112097784,0.0706335222828678,0.8799703891921568,2.2847549621506493,7.542397221705538e-06
977.38,True,forward,final_local_der_m_bounds,0.0824901061999618,0.03,0.0380892628340822,0.9985054865201636,False,0,True,0,,True,1.1092858495485467,0.8337838046707295,0.7351216261155,151149.92243170433,0.0299830513861534,0.0717544048551105,0.8816693512124617,2.284136007765741,7.525666272285969e-06
979.78,True,forward,final_local_der_m_bounds,0.0820056280802788,0.03,0.0383228317184458,0.9984882377523238,False,0,True,0,,True,1.109085166855292,0.8333519748839445,0.7358992394652427,151191.25929342938,0.0297157451448772,0.0726658246946679,0.8830593334439828,2.2840011303609065,7.512160025662164e-06
982.38,True,forward,final_local_der_m_bounds,0.0815711587616627,0.03,0.038583050443018,0.998468894464435,False,0,True,0,,True,1.108502460097425,0.8327223928016805,0.7369956140656198,151247.97520946487,0.0293477356377129,0.0739958787616885,0.8850435876787346,2.283278404763097,7.493060865606e-06
984.98,True,forward,final_local_der_m_bounds,0.0812180264823587,0.03,0.0388528410268529,0.9984486911764396,False,0,True,0,,True,1.1080932991866823,0.8321286141494657,0.7380979765961135,151324.08874116273,0.0290090673622374,0.0752189654830309,0.8869998748336967,2.2827744040238604,7.473246476874383e-06
987.48,True,forward,final_local_der_m_bounds,0.0810828134811479,0.03,0.0391209742916429,0.9984284662672308,False,0,True,0,,True,1.107715245751957,0.8315781937995125,0.7391313398105669,151388.58983319494,0.0286918714611889,0.076374587378042,0.8888296318034118,2.282296373642339,7.455090420777225e-06
990.28,True,forward,final_local_der_m_bounds,0.0807386167310415,0.03,0.0394391945728778,0.9984042406761344,False,0,True,0,,True,1.107290355696039,0.8309761269586958,0.7401447846909865,151442.95920911484,0.0283451845355181,0.0776176339133001,0.8906931988526018,2.281958434839725,7.437266945083e-06
998.18,True,forward,final_local_der_m_bounds,0.0797857362395749,0.03,0.0403563729980308,0.9983335061323332,False,0,True,0,,True,1.1060859873065476,0.8292291065133978,0.7432740566208076,151617.83247815218,0.0273721459333639,0.0812022737331916,0.8963434240098018,2.2807507204673207,7.382919236230822e-06
1005.98,True,forward,final_local_der_m_bounds,0.0775697459950886,0.03,0.0407047956525069,0.9983079520661362,False,0,True,0,,True,1.1044984888754317,0.8278072820206848,0.7483611042038737,151697.4691414661,0.0260787296402195,0.0876215202374541,0.904028172326677,2.27427045136603,7.316154777105214e-06
1012.68,True,forward,final_local_der_m_bounds,0.0775697459950886,0.03,0.0418776194691085,0.9982136780903736,False,0,True,0,,True,1.1034825376552746,0.826029916815736,0.7505312470326452,151908.05807989277,0.0253882149804914,0.0897359534160544,0.9086005624661504,2.27531035365204,7.270117673912238e-06
1015.18,True,forward,final_local_der_m_bounds,0.0775697459950886,0.03,0.0423642017983756,0.9981739129499092,False,0,True,0,,True,1.103075058081,0.8252825735328256,0.7514005298551929,152011.53516894564,0.0251086115179794,0.0905830168577636,0.910476670601001,2.2758708587236605,7.250516918770293e-06
1017.98,True,forward,final_local_der_m_bounds,0.0775697459950886,0.03,0.0424883795034005,0.9981630323326568,False,0,True,0,,True,1.1029997859235496,0.8251597000316852,0.7511645077465606,152048.33000638237,0.02514575064515,0.0902424473336221,0.9103262165102304,2.276578776190384,7.250146849314205e-06
1020.58,True,forward,final_local_der_m_bounds,0.0775697459950886,0.03,0.0426079567588791,0.9981523650643498,False,0,True,0,,True,1.102973301188218,0.8250867797548355,0.7507885516538625,152054.0771191415,0.025206838921001,0.0897929381405958,0.9099510137308832,2.2774305780431305,7.253059152907074e-06
1023.28,True,forward,final_local_der_m_bounds,0.0775697459950886,0.03,0.0427225926794112,0.9981420613930462,False,0,True,0,,True,1.102801274472318,0.8249876778634271,0.7504073357860477,152080.64960716842,0.0252668592365203,0.0893544106677187,0.9095982351269424,2.278091187233879,7.254825914720574e-06
1025.88,True,forward,final_local_der_m_bounds,0.0775697459950886,0.03,0.0428255089177291,0.998132783695621,False,0,True,0,,True,1.102723266745627,0.8249110231650836,0.7498110154930194,152102.0798261019,0.0253470554535942,0.0887596417780593,0.9089598689275424,2.2792208365469984,7.259181323334741e-06
1028.48,True,forward,final_local_der_m_bounds,0.0775697459950886,0.03,0.0429263585136555,0.9981236828228214,False,0,True,0,,True,1.1026349526818682,0.8247670247265367,0.7498913613350981,152146.19657463965,0.0253721546806106,0.0885605875337579,0.909215983245372,2.2794541137472817,7.255122843347631e-06
1031.08,True,forward,final_local_der_m_bounds,0.0775697459950886,0.03,0.0430028415765455,0.9981168163505024,False,0,True,0,,True,1.1026523811319768,0.8247522294555695,0.7494434301531091,152154.85219567062,0.0254373678562822,0.0881015810762616,0.9086891837174266,2.280297074700366,7.2590944710079135e-06
1033.58,True,forward,final_local_der_m_bounds,0.0775697459950886,0.03,0.0430806421096781,0.9981098370977286,False,0,True,0,,True,1.1026142536084818,0.8246558048173906,0.7491971876198391,152209.2308998417,0.0254921191879993,0.0876898319608418,0.9084968337617404,2.2809997138765064,7.258210112251564e-06
1036.08,True,forward,final_local_der_m_bounds,0.0775697459950886,0.03,0.043158730920975,0.9981028147968624,False,0,True,0,,True,1.1025181496329857,0.824568196491302,0.7488870376221756,152262.18277962957,0.025552029292609,0.0872500943614765,0.9082172230372644,2.2816562011379173,7.25810945792268e-06
1038.48,True,forward,final_local_der_m_bounds,0.0775697459950886,0.03,0.0432354997921054,0.9980959111030024,False,0,True,0,,True,1.1025055907730537,0.8245782037896618,0.7484724812336089,152245.94293663092,0.0256048362762187,0.0868854588103744,0.9077034510416596,2.282288068791335,7.26313917161136e-06
1041.2800000000002,True,forward,final_local_der_m_bounds,0.0775697459950886,0.03,0.0433264578912449,0.998087718586036,False,0,True,0,,True,1.1026038545242745,0.8246115469630039,0.7480448640312386,152258.35131996698,0.0256942053075834,0.0863365257779489,0.9071481799960772,2.2830828519633792,7.2671244683777315e-06
1043.6799999999998,True,forward,final_local_der_m_bounds,0.0775697459950886,0.03,0.0434032849619159,0.9980807825509672,False,0,True,0,,True,1.1024133915232808,0.8245437168195102,0.7474999704545645,152280.2017524339,0.0257628204209263,0.0858231594192743,0.9065619629458528,2.283864841890584,7.2710435473253725e-06
1046.38,True,forward,final_local_der_m_bounds,0.0775697459950886,0.03,0.04348920214849,0.9980730101984248,False,0,True,0,,True,1.102466726901692,0.8245366010767171,0.7470636482734848,152312.66044640384,0.0258503652240115,0.0852589357035568,0.9060406139617518,2.284737783999736,7.2738475899273455e-06
1051.2800000000002,True,forward,final_local_der_m_bounds,0.0775697459950886,0.03,0.0436459966763457,0.99805878737072,False,0,True,0,,True,1.1024854448142785,0.8245284685959667,0.7463057035921846,152326.86366782305,0.0259868679956322,0.0843655080297847,0.905130304188305,2.2860868164913604,7.280777493402021e-06
1053.98,True,forward,final_local_der_m_bounds,0.0775697459950886,0.03,0.043734312983966,0.9980507566837112,False,0,True,0,,True,1.1023743449681267,0.8243582656632589,0.7460850697187936,152413.3725217623,0.0260394330490057,0.0839251419701272,0.9050495407097198,2.286880284243952,7.277528943200221e-06
1056.48,True,forward,final_local_der_m_bounds,0.0775697459950886,0.03,0.0438160173312644,0.9980433120665024,False,0,True,0,,True,1.1023494025499758,0.8243794174679507,0.7455819469409792,152410.59598474778,0.0261181401841749,0.0834211801066655,0.9044160142073964,2.2875984552338395,7.282932161302208e-06
1059.1799999999998,True,forward,final_local_der_m_bounds,0.0775697459950886,0.03,0.0439069101080152,0.9980350187402972,False,0,True,0,,True,1.1023878497526265,0.8243424233198813,0.7452470716502161,152439.05929071378,0.0261881698613984,0.0829480018327156,0.90405036859425,2.288386717754628,7.284678297844823e-06
1061.7800000000002,True,forward,final_local_der_m_bounds,0.0775697459950886,0.03,0.0440007729317448,0.9980264500629696,False,0,True,0,,True,1.102385956317703,0.8243494151301862,0.7449375211304774,152439.96521150132,0.0262510777178293,0.0825581641845101,0.9036671919186506,2.288880518754373,7.287835790061803e-06
1064.58,True,forward,final_local_der_m_bounds,0.0775697459950886,0.03,0.0440984015243177,0.99801751271743,False,0,True,0,,True,1.1023653477969784,0.8243351400070834,0.7444168453878339,152462.35819235034,0.0263414352215294,0.0819643836109539,0.9030512097075436,2.289775465730042,7.291947944781784e-06
1066.98,True,forward,final_local_der_m_bounds,0.0775697459950886,0.03,0.044185801007045,0.9980095055045988,False,0,True,0,,True,1.10230552794188,0.8243137460706534,0.7440462742996531,152442.93581944483,0.0263951346302428,0.0815849248623333,0.902625096143768,2.2903622744893384,7.296481529799055e-06
1069.7800000000002,True,forward,final_local_der_m_bounds,0.0775697459950886,0.03,0.0442870241752343,0.998000210613593,False,0,True,0,,True,1.1023392053097312,0.8242455444258915,0.7437680611937115,152518.73973719697,0.0264766499645326,0.0810503890904182,0.902362246570305,2.291166053786597,7.295149213848266e-06
1077.1799999999998,True,forward,final_local_der_m_bounds,0.0775697459950886,0.03,0.0445944728705807,0.997971895557996,False,0,True,0,,True,1.102350915499028,0.8241544648099869,0.742815143494656,152588.0229809948,0.0266695378971043,0.0797711647993389,0.9013057323737438,2.2931609776108384,7.300837147126193e-06
1084.7800000000002,True,forward,final_local_der_m_bounds,0.0775697459950886,0.03,0.0454651723600578,0.997892672813474,False,0,True,0,,True,1.1025625712714933,0.8236845118895165,0.7401318191484009,152753.59611074714,0.0272022573779952,0.0757475899825921,0.8985622631783529,2.2999913407846804,7.316693263706787e-06
1091.2800000000002,True,forward,final_local_der_m_bounds,0.0775697459950886,0.03,0.0455775081136556,0.9978814734293704,False,0,True,0,,True,1.102342673791078,0.8236386029992505,0.7397422986489667,152809.60587493313,0.0272818799282343,0.0753387006813334,0.8981394217745763,2.300377328965065,7.317654693083236e-06
1093.7800000000002,True,forward,final_local_der_m_bounds,0.0776451795528351,0.03,0.045603484790866,0.9978786463617326,False,0,True,0,,True,1.102462193856752,0.8237354964236531,0.7395240517437968,152803.09314270384,0.0273452581867327,0.0750809462830174,0.8977688286525585,2.300630314271878,7.320979296763406e-06
1096.48,True,forward,final_local_der_m_bounds,0.0792691508074734,0.03,0.0456339736990856,0.9978753772388,False,0,True,0,,True,1.1023514532924803,0.8237044505146477,0.7395545446645327,152837.7025662621,0.0273734772342636,0.0749944777263498,0.8978396853415829,2.300465813327857,7.318762241053499e-06
1099.08,True,forward,final_local_der_m_bounds,0.0797857362395749,0.03,0.0456688680210404,0.997871570856938,False,0,True,0,,True,1.1022739368740202,0.8238337032622998,0.7389821619693736,152786.9010445138,0.0274634911810839,0.07458405525226,0.8970040422515825,2.3007929543104035,7.3281156461829316e-06
1101.7800000000002,True,forward,final_local_der_m_bounds,0.0806144041126538,0.03,0.045718135675506,0.9978664413388464,False,0,True,0,,True,1.1022772536085186,0.8238495112861692,0.7388717311883295,152812.9483730287,0.0275092181650772,0.0744067430628245,0.8968527881200354,2.3009293581634296,7.328130235716757e-06
1104.2800000000002,True,forward,final_local_der_m_bounds,0.0810828134811479,0.03,0.0457583080188253,0.9978622228361204,False,0,True,0,,True,1.1021959685123044,0.8238327144931165,0.7386698132956476,152830.8497193189,0.0275591018234039,0.0741635621506649,0.8966259779452102,2.301171664211632,7.329222258762128e-06
1106.98,True,forward,final_local_der_m_bounds,0.0812180264823587,0.03,0.045798535779812,0.9978579724293524,False,0,True,0,,True,1.1021331126603358,0.8238939058254697,0.7382922233642307,152815.15593287323,0.0276243198381165,0.0738602886146518,0.8961010855208674,2.301456482268763,7.334356698554073e-06
1109.48,True,forward,final_local_der_m_bounds,0.0815711587616627,0.03,0.0458437169774367,0.997853231108216,False,0,True,0,,True,1.1020252517380622,0.8238472721378893,0.7382632231135724,152842.01147322313,0.0276550975737763,0.0737360542446357,0.8961166081156939,2.3014598879735244,7.332999560865673e-06
1111.98,True,forward,final_local_der_m_bounds,0.0820056280802788,0.03,0.0458871908759221,0.9978486382499347,False,0,True,0,,True,1.1019486278395163,0.8238224715614978,0.7380205787775106,152851.82826389754,0.0276994199632838,0.0735026914547749,0.8958490503161977,2.301813195317795,7.334840073269612e-06
1114.6799999999998,True,forward,final_local_der_m_bounds,0.0822898469203627,0.03,0.0459345966701168,0.9978436304416846,False,0,True,0,,True,1.1018242771424576,0.8238645274204104,0.7373301697499366,152841.4590418708,0.0277971806366126,0.0729612252549376,0.8949653070494245,2.30258386766542,7.34281290910611e-06
1117.1799999999998,True,forward,final_local_der_m_bounds,0.0824901061999618,0.03,0.0459747659454864,0.9978393246474502,False,0,True,0,,True,1.1018801238803069,0.8238853056320398,0.7376366428282789,152830.75027707126,0.0277905980490236,0.0731402663400362,0.895314721340253,2.302091774314772,7.340318444194097e-06
1119.7800000000002,True,forward,final_local_der_m_bounds,0.0830580400955037,0.03,0.0460155557467117,0.9978349324273974,False,0,True,0,,True,1.101635958834542,0.8237310755548566,0.7375992017023274,152888.9072558814,0.0278055886945322,0.0730246493117791,0.8954369011822072,2.302237038781438,7.336697259400303e-06
1122.1799999999998,True,forward,final_local_der_m_bounds,0.0835590325433335,0.03,0.0460540124308553,0.9978307977530868,False,0,True,0,,True,1.1016780802059012,0.8237073234453262,0.7376293126509645,152919.6206407159,0.0278450628758323,0.0728716700359955,0.8954992770559298,2.302364096878564,7.334724893972813e-06
1124.98,True,forward,final_local_der_m_bounds,0.0836856245282419,0.03,0.0460984458296445,0.9978260090384566,False,0,True,0,,True,1.1015603598631232,0.8236952580750874,0.7374460147823998,152912.78602315384,0.0278841211671614,0.0727030524491042,0.8952898630322997,2.3024806850483555,7.33685407225209e-06
1129.88,True,forward,final_local_der_m_bounds,0.0839274025329877,0.03,0.0461760062499512,0.9978176328605546,False,0,True,0,,True,1.1013663808578584,0.8236172817449728,0.7370257393130831,152963.86389312035,0.0279875496976416,0.0721727975298036,0.8948643449437694,2.303099804879053,7.338140024304507e-06
1132.48,True,forward,final_local_der_m_bounds,0.084427155121787,0.03,0.0462199059750078,0.9978129204319452,False,0,True,0,,True,1.1013045112019215,0.8236665802448512,0.7366799104324746,152927.64286580254,0.028034666641893,0.0719603462041111,0.8943909199441865,2.303379413513656,7.343851557730867e-06
1134.98,True,forward,final_local_der_m_bounds,0.0853148187299425,0.03,0.0462623019395793,0.9978083659092826,False,0,True,0,,True,1.1011594056616705,0.823639693446039,0.7363701116206761,152927.64164454275,0.0280802348161183,0.0717128089362078,0.8940439824357731,2.303714840525004,7.346853850388295e-06
1137.7800000000002,True,forward,final_local_der_m_bounds,0.0855314935787017,0.03,0.0463139293331001,0.997802865522394,False,0,True,0,,True,1.1011664438958817,0.8236408429152918,0.7362180884342974,152949.0209028338,0.0281423240639818,0.0714449207979363,0.8938581601034257,2.3039883089278184,7.347414020491133e-06
1140.38,True,forward,final_local_der_m_bounds,0.0858511989948171,0.03,0.0463604951121305,0.997797880614181,False,0,True,0,,True,1.1010868307578123,0.8235976220655319,0.7362655865674418,152966.1578436825,0.0281596388475713,0.071406248928594,0.8939627396214832,2.303905064637901,7.345757207795541e-06
1143.08,True,forward,final_local_der_m_bounds,0.0862279470572114,0.03,0.0464018076306003,0.997793368576668,False,0,True,0,,True,1.101027354131737,0.8235492111412729,0.736263921415369,152983.87598836105,0.0281854901900854,0.0713098870643842,0.8940132677621728,2.303968939659513,7.344542192177866e-06
1145.48,True,forward,final_local_der_m_bounds,0.0866856272850228,0.03,0.0464385173939656,0.9977893542013656,False,0,True,0,,True,1.1008338624547804,0.8235126592115719,0.7360677859688732,152975.91957936154,0.0282175895022446,0.0711536553314336,0.8938147795731299,2.30404356906363,7.346672523782656e-06
1148.08,True,forward,final_local_der_m_bounds,0.086737614316294,0.03,0.046467052978691,0.9977860740252248,False,0,True,0,,True,1.100843153323738,0.8235373045170884,0.7360197990116896,152976.95349564677,0.0282526306667032,0.07105050379459,0.8937297618148361,2.3040517086840504,7.347315527537679e-06
1155.7800000000002,True,forward,final_local_der_m_bounds,0.0872890304869628,0.03,0.0465114105248072,0.9977801938971588,False,0,True,0,,True,1.1007905307004748,0.8235186383419704,0.7355072571111189,153007.23363392573,0.0284060913172266,0.0703431577385656,0.8931276389711724,2.304901179773069,7.351040971042026e-06
1163.58,True,forward,final_local_der_m_bounds,0.0876173610880738,0.03,0.0463403907992123,0.9977943217859474,False,0,True,0,,True,1.1002858887786342,0.8235892929534426,0.7352315373112172,152969.80985519808,0.0284279452158298,0.0705658864486744,0.8927162404875748,2.304052049880388,7.356265159159439e-06
1170.2800000000002,True,forward,final_local_der_m_bounds,0.0877808671307176,0.03,0.0454118030139819,0.9978782993413944,False,0,True,0,,True,1.0995779998692905,0.8242124726432226,0.7375789382018618,152781.66829593678,0.0279363008476185,0.0747646089637096,0.8948893188142011,2.296131228019611,7.34585358252638e-06
1172.98,True,forward,final_local_der_m_bounds,0.0880432423468201,0.03,0.0449884999385893,0.997915930439262,False,0,True,0,,True,1.0993711036417082,0.8245408729107587,0.7383868720392649,152715.59319681965,0.0278126193466664,0.0761542251995804,0.8955127590372122,2.293055297722076,7.343263118534304e-06
1175.48,True,forward,final_local_der_m_bounds,0.0881803689271619,0.03,0.0446651861827202,0.9979446192255412,False,0,True,0,,True,1.0991557356813813,0.824736468250869,0.7391475514741914,152670.22174901172,0.0276551391900163,0.0775108871476879,0.8962227086208548,2.290554085324123,7.33913451672157e-06
1178.2800000000002,True,forward,final_local_der_m_bounds,0.0881803689271619,0.03,0.0443041076886804,0.997976498168489,False,0,True,0,,True,1.0987886344231623,0.8249619736846827,0.7401180949704845,152580.74582088087,0.0274518225674923,0.0792002404877276,0.8971541944712385,2.287267717841647,7.33521674078013e-06
1180.6799999999998,True,forward,final_local_der_m_bounds,0.0881803689271619,0.03,0.0439982381936615,0.9980033214267032,False,0,True,0,,True,1.098591686701629,0.8251410906719296,0.741063156639312,152522.9783131754,0.02727040514878,0.0806826711336581,0.8981047787062074,2.2845615954677587,7.329693781845383e-06
1183.58,True,forward,final_local_der_m_bounds,0.0881803689271619,0.03,0.043632460668834,0.9980351669548316,False,0,True,0,,True,1.0982860485050734,0.8253509633987333,0.7420176760093138,152465.73925217133,0.0270942038370065,0.0822233479163176,0.8990329071086811,2.2815015878520684,7.324313243187584e-06
1185.98,True,forward,final_local_der_m_bounds,0.0881803689271619,0.03,0.0433318082349082,0.9980611676021752,False,0,True,0,,True,1.0979360179836402,0.8255060160412689,0.7429371262706275,152400.044984824,0.0269230193196451,0.0836482705209559,0.8999778461135847,2.2786231596599,7.319287123880632e-06
1188.7800000000002,True,forward,final_local_der_m_bounds,0.0881803689271619,0.03,0.04298305267643,0.9980911354062808,False,0,True,0,,True,1.0976842519087593,0.8257433757652725,0.743851671430971,152313.52655813855,0.0267494308643961,0.0851641719234009,0.9008266893350408,2.2756492659256784,7.315981122301792e-06
1191.48,True,forward,final_local_der_m_bounds,0.0881803689271619,0.03,0.042649429333677,0.9981195988758084,False,0,True,0,,True,1.0974387433982842,0.8258498559695745,0.7451154215398008,152299.12749181333,0.0265587537417832,0.0867404649298209,0.9022407840284856,2.2726015611484347,7.304649414902213e-06
1193.98,True,forward,final_local_der_m_bounds,0.0881803689271619,0.03,0.0423427661659178,0.9981455952340595,False,0,True,0,,True,1.097166744737753,0.8260686624172019,0.7459648703650168,152205.47097263671,0.0264041252837968,0.0881059868172033,0.9030301042799648,2.2697773630730538,7.302246803073874e-06
1196.58,True,forward,final_local_der_m_bounds,0.0895347728312125,0.03,0.0420289720846684,0.9981720236122325,False,0,True,0,,True,1.0970157179707334,0.8263165224105246,0.7469993332342185,152123.26700806897,0.0262456623748742,0.0895480091572761,0.9040111300873876,2.2667872626033656,7.297669454692266e-06
1199.2800000000002,True,forward,final_local_der_m_bounds,0.0909038390788429,0.03,0.0417098114824105,0.9981987142132444,False,0,True,0,,True,1.096732655257701,0.8264364407827021,0.7480202910068227,152100.79215804572,0.0260848683710707,0.0909257423712832,0.90511532901234,2.264037979666393,7.289378716629282e-06
1201.98,True,forward,final_local_der_m_bounds,0.0922276680691359,0.03,0.041394909864367,0.9982248645116092,False,0,True,0,,True,1.096506388780297,0.8266839149965943,0.7489520444450147,152012.17405649324,0.0259334076154107,0.0923200075322489,0.9059714733267796,2.261077198189052,7.286190599256774e-06
1204.7800000000002,True,forward,final_local_der_m_bounds,0.0935355743200285,0.03,0.0410731351846452,0.9982513947249252,False,0,True,0,,True,1.0962205273755672,0.8268200540094637,0.7501760319311406,151972.5040302232,0.0257617115370264,0.0938143673637777,0.9073026570816026,2.257934230377732,7.276862181611184e-06
1209.7800000000002,True,forward,final_local_der_m_bounds,0.0961546728367484,0.03,0.0405074326036472,0.9982975778268528,False,0,True,0,,True,1.095834326518105,0.8271896405580021,0.7519728994447541,151862.1662159499,0.0254998769029934,0.0962401341961344,0.909069532033176,2.2527615174329583,7.267071384872254e-06
1212.2800000000002,True,forward,final_local_der_m_bounds,0.0975472039326881,0.03,0.0402248712145678,0.998320438246562,False,0,True,0,,True,1.0955152456040755,0.8272860397307421,0.7529838526554496,151837.0769213922,0.0253598087506913,0.0974741925692814,0.9101856147609166,2.2500714109073905,7.258944148742734e-06
1214.7800000000002,True,forward,final_local_der_m_bounds,0.0987108202464989,0.03,0.0399454046804971,0.9983429036726336,False,0,True,0,,True,1.0954033315492888,0.8274937246420695,0.7539984934739187,151773.26279261333,0.0252290926823041,0.0987132720364881,0.9111833371305128,2.24738567957427,7.253538029688867e-06
1217.2800000000002,True,forward,final_local_der_m_bounds,0.0998882873786359,0.03,0.0396655622105874,0.998365264206247,False,0,True,0,,True,1.095157777452764,0.8276318186430413,0.7549920584184946,151720.2755871211,0.0250903008504972,0.0999524293005161,0.9122317936692615,2.2447284087010524,7.247296189113669e-06
1219.98,True,forward,final_local_der_m_bounds,0.0998882873786359,0.03,0.0393648305517773,0.9983891371139408,False,0,True,0,,True,1.094943293721418,0.8278585060665234,0.7555615852335532,151652.02516766306,0.0250008066940643,0.1009202550199429,0.9126699547046018,2.242500179073734,7.246707829773147e-06
1222.7800000000002,True,forward,final_local_der_m_bounds,0.0998882873786359,0.03,0.0390598378348092,0.9984131679685064,False,0,True,0,,True,1.0946183964444594,0.8279244587724494,0.7571594341942547,151627.6565940857,0.0248147899966401,0.1025114114605132,0.9145271964991628,2.238974742479218,7.232595807543755e-06
1225.2800000000002,True,forward,final_local_der_m_bounds,0.0998882873786359,0.03,0.0387861928626792,0.9984345909075684,False,0,True,0,,True,1.0945289531831186,0.8280540512898525,0.7584133219041105,151586.43777316198,0.0246736383481947,0.1037890088180651,0.9158983290073114,2.2362617139354657,7.223237475549828e-06
1228.08,True,forward,final_local_der_m_bounds,0.0998882873786359,0.03,0.0385003734322941,0.9984567689845116,False,0,True,0,,True,1.0942594777441912,0.8282351943041807,0.7594230433980997,151528.03889824694,0.0245461670660577,0.1050239990301615,0.9169171373309104,2.233389964328368,7.217539230380793e-06
1235.88,True,forward,final_local_der_m_bounds,0.0998882873786359,0.03,0.0377359135387914,0.9985153012128208,False,0,True,0,,True,1.0935525371895964,0.8286111021822836,0.7627464122617632,151405.0427398162,0.024164386652373,0.1086068837529596,0.9205119388974454,2.2251712804412938,7.19390576593154e-06
1243.6799999999998,True,forward,final_local_der_m_bounds,0.0998882873786359,0.03,0.0371561842243256,0.9985587598326048,False,0,True,0,,True,1.0929648501479,0.8289504050346317,0.765059706407241,151289.10299220157,0.0239008840565848,0.1112222136234377,0.922925788757264,2.2189971520913025,7.179664584678305e-06
1250.7800000000002,True,forward,final_local_der_m_bounds,0.0998882873786359,0.03,0.0368884043871582,0.9985782032839774,False,0,True,0,,True,1.092524807781358,0.8291011434938937,0.7662626536717647,151234.2025172256,0.0237732203692631,0.112578037490674,0.9242088974122952,2.215621246985424,7.171846274360316e-06
1253.38,True,forward,final_local_der_m_bounds,0.0998882873786359,0.03,0.0368117127048725,0.998583738723008,False,0,True,0,,True,1.092380115192347,0.8291507330352064,0.7667533667824054,151200.0300046891,0.0237182602075835,0.1131091649382145,0.9247454488469328,2.2143615863474806,7.16912987109557e-06
1255.98,True,forward,final_local_der_m_bounds,0.0998882873786359,0.03,0.0365764152993163,0.9986007571869164,False,0,True,0,,True,1.0923091161528018,0.8293748888835878,0.766954589298315,151196.89774059778,0.0237569860512471,0.1132892017525122,0.924738136611182,2.213057987964397,7.169125781408262e-06
1258.6799999999998,True,forward,final_local_der_m_bounds,0.0998882873786359,0.03,0.0363374103345207,0.9986178517696992,False,0,True,0,,True,1.0922456502050295,0.8296507407837472,0.7670919951307462,151168.34834593162,0.0238151351082404,0.1134019291411597,0.9245962878380564,2.2116780891101624,7.171353086566407e-06
1261.2800000000002,True,forward,final_local_der_m_bounds,0.0998882873786359,0.03,0.0361075997596638,0.9986342010629908,False,0,True,0,,True,1.0923058861295554,0.8299705152040544,0.7671124904578573,151118.49128205644,0.0238687871412093,0.1135192815991768,0.9242647496571093,2.2105705355100564,7.176066396692684e-06
1263.7800000000002,True,forward,final_local_der_m_bounds,0.0998882873786359,0.03,0.035886843622003,0.9986498064882968,False,0,True,0,,True,1.0922488707445226,0.8302022428844582,0.7673638002962316,151094.81720283616,0.0239136284679781,0.1136809260328263,0.9243094762429208,2.209189482562848,7.176613932357486e-06
1266.2800000000002,True,forward,final_local_der_m_bounds,0.0998882873786359,0.03,0.0356585941655854,0.9986659176288168,False,0,True,0,,True,1.0921500370765709,0.8304787318879001,0.7673956317979705,151060.69293699588,0.0239712440346376,0.1137632839086723,0.9240400775266998,2.207905389447476,7.180125993305756e-06
1268.98,True,forward,final_local_der_m_bounds,0.0998882873786359,0.03,0.0353992672545818,0.9986842290761796,False,0,True,0,,True,1.0921748024581523,0.8308600014371921,0.7671644337740996,150998.23923273003,0.0240501612014252,0.1137418727074969,0.923337785483819,2.206897653263712,7.188349496642793e-06
1271.7800000000002,True,forward,final_local_der_m_bounds,0.0998882873786359,0.03,0.0351312353834937,0.9987030344394012,False,0,True,0,,True,1.0921352792142365,0.8311863182499724,0.7673067425991011,150950.431285881,0.0241050361014736,0.1138982212081867,0.9231465024768852,2.2053736846901817,7.191843862932107e-06
1274.2800000000002,True,forward,final_local_der_m_bounds,0.0998882873786359,0.03,0.0348933857186013,0.9987196199335486,False,0,True,0,,True,1.0920910926831326,0.8314906708977928,0.7672104795506495,150910.12026905862,0.0241694385566725,0.1139227346332424,0.9226928291597818,2.204301549017591,7.197104352573721e-06
1276.6799999999998,True,forward,final_local_der_m_bounds,0.0998882873786359,0.03,0.034666751205723,0.99873533163728,False,0,True,0,,True,1.092122010616083,0.8318085417736577,0.7671050265096648,150862.57840325107,0.0242330977753642,0.1139406633453246,0.922213451756547,2.203345900716538,7.202905681254416e-06
1279.38,True,forward,final_local_der_m_bounds,0.0998882873786359,0.03,0.0344089545380969,0.9987531090254672,False,0,True,0,,True,1.0920958378958938,0.8321114374597808,0.7671855746938676,150829.02070418236,0.0242906527590703,0.1140450061324438,0.9219745579220556,2.202036531468078,7.206128247075277e-06
1281.7800000000002,True,forward,final_local_der_m_bounds,0.0998882873786359,0.03,0.0341803333695453,0.9987687807238188,False,0,True,0,,True,1.092003736786206,0.8323612992336502,0.7672161184501121,150805.4401849233,0.0243415055193327,0.114126575104267,0.9217344909674238,2.2008718249190378,7.208935809711581e-06
1284.58,True,forward,final_local_der_m_bounds,0.0998882873786359,0.03,0.0339135335271296,0.9987869608320026,False,0,True,0,,True,1.0920319691321911,0.8327342253851765,0.7671963451226702,150751.08461163007,0.0244135588617067,0.1141806423022049,0.9212979624655248,2.1995720092425617,7.214671313733448e-06
1289.48,True,forward,final_local_der_m_bounds,0.0998882873786359,0.03,0.0334514922789827,0.9988181484432987,False,0,True,0,,True,1.0919820517742873,0.833323973071589,0.7670760171071072,150669.78901940942,0.0245310111187974,0.1142708487237161,0.9205015598911724,2.197469343575847,7.224376713315226e-06
1292.08,True,forward,final_local_der_m_bounds,0.0998882873786359,0.03,0.0332126198857761,0.9988341108853888,False,0,True,0,,True,1.0919384415105224,0.8336512468311014,0.7669591654178771,150613.3151803894,0.0245936733675191,0.1143157500379021,0.920000021991527,2.196351103484322,7.230791039784733e-06
1294.48,True,forward,final_local_der_m_bounds,0.0998882873786359,0.03,0.032991938370057,0.9988487741219008,False,0,True,0,,True,1.0919113622407297,0.8339175037058709,0.766974730636561,150578.83492113248,0.0246475101790375,0.1143772487972777,0.9197249454870284,2.1952834024209893,7.234392271958002e-06
1296.98,True,forward,final_local_der_m_bounds,0.0998882873786359,0.03,0.0327669677543502,0.9988636221171444,False,0,True,0,,True,1.091881435637028,0.8341937267372558,0.7670273151371813,150554.068560943,0.0247020928505137,0.1144540809029497,0.9194834371833752,2.1941148734505256,7.23724736264939e-06
1299.48,True,forward,final_local_der_m_bounds,0.0998882873786359,0.03,0.0325484532597412,0.9988779421422156,False,0,True,0,,True,1.0918966630407227,0.834502889292161,0.7670542413200312,150506.01469864364,0.0247564987666659,0.1145437954973289,0.9191750575850722,2.192956227994645,7.241727937160805e-06
1302.08,True,forward,final_local_der_m_bounds,0.0998882873786359,0.03,0.0323184319044664,0.9988929412906822,False,0,True,0,,True,1.091901643471788,0.8348148680557964,0.7670905014048446,150469.30321471646,0.0248167474449581,0.1146131200100538,0.9188749874464078,2.191752452476787,7.245594557476683e-06
1304.7800000000002,True,forward,final_local_der_m_bounds,0.0998882873786359,0.03,0.0320915997200006,0.9989076089092876,False,0,True,0,,True,1.091808603374582,0.8351033501129937,0.7671355584236924,150427.0791958534,0.0248713764841425,0.114712635498069,0.9186115207415884,2.1904257981740223,7.2494569619763264e-06
1307.38,True,forward,final_local_der_m_bounds,0.0998882873786359,0.03,0.0318585043447667,0.9989226478261778,False,0,True,0,,True,1.0918431855120638,0.8354452672834745,0.7670187291095514,150373.1969802467,0.024939204725359,0.1147250584326293,0.918095725891873,2.1894147106175184,7.2558625886526496e-06
1315.08,True,forward,final_local_der_m_bounds,0.0998882873786359,0.03,0.0311803895382755,0.9989658392709748,False,0,True,0,,True,1.0918147119396475,0.8363650690051022,0.766997580347684,150240.92619396528,0.0251154498418563,0.114901723246508,0.9170607534578956,2.1859906311512574,7.269654770027806e-06
1323.1799999999998,True,forward,final_local_der_m_bounds,0.0998882873786359,0.03,0.0309039785756156,0.9989822586452072,False,0,True,0,,True,1.0919405889263,0.8371028412544956,0.765149650714847,150190.30743416096,0.0254997255596456,0.1134118666132807,0.9140449811019414,2.1864547302593627,7.295751163435992e-06
1329.88,True,forward,final_local_der_m_bounds,0.0998882873786359,0.03,0.0309132728938991,0.9989803582060433,False,0,True,0,,True,1.0921581967365468,0.8376218047407842,0.7624146485994977,150181.70426726254,0.0259447130887971,0.1111773957568653,0.91021346899564,2.1893460117518253,7.326834455031709e-06
1332.48,True,forward,final_local_der_m_bounds,0.0998882873786359,0.03,0.030920492563569,0.9989793832420424,False,0,True,0,,True,1.092264932883502,0.8377997800740373,0.7616479738703607,150185.7743431296,0.0261035295283106,0.1104243994796333,0.9091050057366368,2.190134036622135,7.335514159446439e-06
1335.08,True,forward,final_local_der_m_bounds,0.0998882873786359,0.03,0.0310009879716506,0.9989738570488516,False,0,True,0,,True,1.0922511571199045,0.8378559199352523,0.7607178719768042,150189.37513599533,0.0262200463211637,0.1097316555816418,0.9079339942308826,2.191395074186005,7.344889772848107e-06
1337.7800000000002,True,forward,final_local_der_m_bounds,0.0998882873786359,0.03,0.0310838383706909,0.998968116843916,False,0,True,0,,True,1.0923033876146544,0.8379168003116375,0.7599995749700011,150202.14188148262,0.0263331975290639,0.1090996786765803,0.9070107851845703,2.192432857968739,7.351791790556155e-06
1340.2800000000002,True,forward,final_local_der_m_bounds,0.0999484064785425,0.03,0.0311858654827005,0.998961127058065,False,0,True,0,,True,1.0922860826588072,0.8379643016166783,0.7592379784653391,150201.0919278994,0.0264350379801286,0.1085066889407117,0.9060505047775268,2.193452440369628,7.359705593672904e-06
1343.08,True,forward,final_local_der_m_bounds,0.1002947871291347,0.03,0.0312864340441116,0.9989542298421132,False,0,True,0,,True,1.0922622987295425,0.8378822738768,0.7588656764479468,150250.52176315512,0.0265124633792963,0.1080228025148557,0.9056948692048932,2.194308926027809,7.360318952152706e-06
1345.48,True,forward,final_local_der_m_bounds,0.1005402131538666,0.03,0.0313724511246868,0.9989482996404866,False,0,True,0,,True,1.0922559517944377,0.8378742019872363,0.7583222573915023,150262.4990029972,0.0265940941534091,0.107529526128494,0.905055025674432,2.195205388281216,7.365030544712507e-06
1348.08,True,forward,final_local_der_m_bounds,0.1008211873546269,0.03,0.0314960954089673,0.9989397417588728,False,0,True,0,,True,1.0921706362341284,0.83787150131944,0.7573856236986791,150259.12814268228,0.0267025653918757,0.1068543390031477,0.903940070173033,2.196562367643577,7.374432968268848e-06
1350.58,True,forward,final_local_der_m_bounds,0.1011957684173162,0.03,0.0316115733926431,0.9989316953952012,False,0,True,0,,True,1.0921278793928944,0.8377322870394227,0.7572071381825447,150306.07443330577,0.0267596361973561,0.1064852887216908,0.9038772289158664,2.197279521341766,7.37282169718601e-06
1353.08,True,forward,final_local_der_m_bounds,0.1012170012518159,0.03,0.0317267840934107,0.9989236402025524,False,0,True,0,,True,1.0920464794446172,0.8376437120841197,0.7567198989911583,150324.09213459285,0.0268330454170388,0.1060125455338974,0.9033911292766504,2.198234065038732,7.376080367681761e-06
1355.58,True,forward,final_local_der_m_bounds,0.1013692609715064,0.03,0.0318423835050769,0.998915524870854,False,0,True,0,,True,1.0919773821861871,0.8375430121766857,0.7562255182894898,150350.29135527974,0.0269103603877141,0.1055120617686947,0.9029094712689916,2.199270624262166,7.378920560588674e-06
1358.2800000000002,True,forward,final_local_der_m_bounds,0.1018200213371733,0.03,0.0319707241060614,0.998906487861195,False,0,True,0,,True,1.091928830443257,0.8374934582865285,0.7554870379674526,150359.73025287085,0.02701011291419,0.1048890435905757,0.9020811213417032,2.2005587048124746,7.385410164499244e-06
1361.08,True,forward,final_local_der_m_bounds,0.1019234470038683,0.03,0.032106259962653,0.9988969074238436,False,0,True,0,,True,1.0919338875745277,0.8373921708506742,0.7551380870294293,150394.03506360535,0.0270867580361793,0.1044149948951443,0.9017735217924404,2.2015119299050907,7.386414879481111e-06
1363.58,True,forward,final_local_der_m_bounds,0.1023996822317766,0.03,0.0322293695929917,0.9988881721060956,False,0,True,0,,True,1.091846423363676,0.8372927393746834,0.7546253677091638,150422.75846044114,0.027166794725894,0.1039025581125733,0.9012682568736256,2.2025398363367508,7.389342114388142e-06
1368.6799999999998,True,forward,final_local_der_m_bounds,0.1025919970846632,0.03,0.0324829983170818,0.9988700683230236,False,0,True,0,,True,1.0917001219760445,0.837112263129521,0.753705931131945,150460.94109244662,0.0273200170573876,0.102938978879804,0.9003642215373076,2.2044149104269737,7.39524511427931e-06
1371.1799999999998,True,forward,final_local_der_m_bounds,0.1026218340717393,0.03,0.0326073427852868,0.9988611374124852,False,0,True,0,,True,1.0916437712497085,0.8370437226934639,0.7531019770653138,150479.06715356308,0.0274094045703946,0.1023816372795577,0.8997164146240295,2.205543976073504,7.399861288300895e-06
1373.98,True,forward,final_local_der_m_bounds,0.1028625359878493,0.03,0.0327488453925458,0.9988509346632056,False,0,True,0,,True,1.0916131220299607,0.8369249720121456,0.7526565105143029,150519.49193676515,0.027494477044815,0.1018444397272951,0.8993118089244687,2.2066516296296053,7.401415770164051e-06
1376.38,True,forward,final_local_der_m_bounds,0.1033329421586065,0.03,0.0328689724278856,0.9988422335432984,False,0,True,0,,True,1.0915411819058627,0.8367899446180607,0.7523182259578142,150559.92965071157,0.0275584856292062,0.1014183283118439,0.8990526604633111,2.2075606535908223,7.401774973792215e-06
1379.08,True,forward,final_local_der_m_bounds,0.1036809514741659,0.03,0.0330049339523511,0.9988323461756792,False,0,True,0,,True,1.0914698206354516,0.8367562455683915,0.7515565452845648,150557.25888514804,0.0276646602849058,0.1007771483156957,0.8981785905572152,2.2087935477088485,7.409285514010682e-06
1381.58,True,forward,final_local_der_m_bounds,0.1038507846127455,0.03,0.0331272071363698,0.998823409713324,False,0,True,0,,True,1.0914350632710494,0.8366799779489488,0.7511892448285379,150569.13365336668,0.0277395901754496,0.1003278536014311,0.8978214665421009,2.209609967003477,7.411802865677765e-06
1384.48,True,forward,final_local_der_m_bounds,0.1038743809686309,0.03,0.0332667641492943,0.998813160269146,False,0,True,0,,True,1.091321430981926,0.8365416627984478,0.7505746394377971,150607.4607184483,0.0278357888069516,0.0997044159171071,0.8972352159089497,2.210904500880228,7.4150316024151395e-06
1387.1799999999998,True,forward,final_local_der_m_bounds,0.1043900181753928,0.03,0.0334098091313087,0.998802634657727,False,0,True,0,,True,1.0913373801329855,0.8364501010619534,0.7502101262711924,150640.58873640565,0.0279172027044958,0.0992149821998117,0.8968976455603616,2.2118770957709013,7.416365526424738e-06
1394.6799999999998,True,forward,final_local_der_m_bounds,0.1046889577032114,0.03,0.033814692789482,0.9987725965889588,False,0,True,0,,True,1.0911545433033567,0.8361610424810603,0.7487286263458601,150720.77532132625,0.0281712797966495,0.0976373577978345,0.8954359128287412,2.2150266941406844,7.425140617204023e-06
1402.58,True,forward,final_local_der_m_bounds,0.1049523411736781,0.03,0.0337612589790508,0.9987750033196336,False,0,True,0,,True,1.0906880080706616,0.8360942164405935,0.7491864936609662,150721.67405836505,0.0281568884417147,0.0980766625672029,0.8960551082991468,2.2135684991013345,7.419956276118667e-06
1409.1799999999998,True,forward,final_local_der_m_bounds,0.1049523411736781,0.03,0.0338563092099537,0.9987670270147408,False,0,True,0,,True,1.0904142370427818,0.8359998865528541,0.7490311124029192,150721.96092667233,0.0282175957385801,0.0979008953140811,0.8959703517322948,2.213618817244831,7.420784983819318e-06
1411.6799999999998,True,forward,final_local_der_m_bounds,0.1049523411736781,0.03,0.0339110112141594,0.9987627394737452,False,0,True,0,,True,1.0902298833968214,0.8358879801346821,0.7489753116935887,150740.5505761957,0.0282244191233662,0.0978542570039726,0.8960235456106335,2.2137507149843776,7.419571616907246e-06
1414.38,True,forward,final_local_der_m_bounds,0.1049523411736781,0.03,0.0339913090106685,0.9987566731666484,False,0,True,0,,True,1.090139472368398,0.8357932496160001,0.7490638235846955,150744.8131137416,0.0282082722568373,0.0979247420361863,0.8962310044126919,2.213770957406996,7.417737878759509e-06
1416.98,True,forward,final_local_der_m_bounds,0.1049523411736781,0.03,0.0340718346472368,0.9987506174822924,False,0,True,0,,True,1.089998624647568,0.8356274390310734,0.7493129985923203,150772.13340270892,0.0281719333563831,0.0980729904378263,0.8967070294641875,2.213685994020397,7.412600152354258e-06
1419.58,True,forward,final_local_der_m_bounds,0.1049523411736781,0.03,0.0341330252235119,0.998745937983178,False,0,True,0,,True,1.0898474439833663,0.8355170173147823,0.74937049433708,150776.32324532003,0.0281540942562206,0.0981391300585479,0.8968943526074867,2.213692334220011,7.410962271288591e-06
1422.1799999999998,True,forward,final_local_der_m_bounds,0.1049523411736781,0.03,0.0341870620172371,0.9987417413812107,False,0,True,0,,True,1.0896886615740262,0.835385659485218,0.7495385602610959,150809.25149865364,0.0281382137377607,0.0982149163758118,0.8972365658311361,2.2135779677784737,7.406635353200895e-06
1424.58,True,forward,final_local_der_m_bounds,0.1049523411736781,0.03,0.0342369293509963,0.9987378699890488,False,0,True,0,,True,1.089607629514968,0.8352914910732445,0.749667044418475,150811.13648056996,0.028118813750171,0.0983050713939395,0.8974915373018431,2.2135494945508127,7.404520263828991e-06
1427.2800000000002,True,forward,final_local_der_m_bounds,0.1049523411736781,0.03,0.0342533477606683,0.998736529539454,False,0,True,0,,True,1.089468398334921,0.8352700201969856,0.7493776195526352,150802.88309934665,0.0281344942110019,0.0981974487509264,0.8971681030475701,2.2138242509016486,7.407679085099791e-06
1429.7800000000002,True,forward,final_local_der_m_bounds,0.1049523411736781,0.03,0.0342729738230065,0.9987349773039988,False,0,True,0,,True,1.0894659928137942,0.8352509378847774,0.7495152928488704,150812.33397988367,0.028124883885533,0.0982742924013485,0.897353428595929,2.213662463262664,7.405678653494496e-06
1432.48,True,forward,final_local_der_m_bounds,0.1049523411736781,0.03,0.0342953232198331,0.9987332123844428,False,0,True,0,,True,1.0893325748722429,0.8352311000433232,0.7493297431415464,150821.1766999101,0.0281369467471671,0.0982038705816183,0.8971525881910754,2.213771360244309,7.406963205063112e-06
1434.98,True,forward,final_local_der_m_bounds,0.1049523411736781,0.03,0.0343172074563059,0.9987314948134054,False,0,True,0,,True,1.0893402051776448,0.8352376131030369,0.7493994559881993,150823.879008913,0.0281362042965195,0.0982413550609923,0.8972290570153617,2.2136475622366483,7.406177382023832e-06
1437.7800000000002,True,forward,final_local_der_m_bounds,0.1049523411736781,0.03,0.0343423987662369,0.9987295194400744,False,0,True,0,,True,1.089266533817325,0.8352092254183577,0.7494171973472227,150842.33453922233,0.0281353843482916,0.0982589355354441,0.8972807944881576,2.213573557243227,7.404873116008471e-06
1440.1799999999998,True,forward,final_local_der_m_bounds,0.1049523411736781,0.03,0.0343650503683569,0.9987277467294564,False,0,True,0,,True,1.08915610772803,0.8352024243747581,0.74919516711861,150848.57137588592,0.0281524656596667,0.0981609806582251,0.8970222610159039,2.213741237087513,7.406754748635863e-06
1443.08,True,forward,final_local_der_m_bounds,0.1049523411736781,0.03,0.0343945338216725,0.9987254463056888,False,0,True,0,,True,1.089094854649803,0.8351489045300113,0.7492606179103796,150884.1344839262,0.0281512127451185,0.0981742247740982,0.8971581161709524,2.2137065403723875,7.403935513046112e-06
1447.98,True,forward,final_local_der_m_bounds,0.1049523411736781,0.03,0.0344473931411729,0.9987213284188934,False,0,True,0,,True,1.0889475511556015,0.8351695980181734,0.7490212536591234,150868.23932867503,0.0281653452519131,0.098122909433419,0.8968492811957275,2.21372625179921,7.407291331027735e-06
1450.6799999999998,True,forward,final_local_der_m_bounds,0.1049523411736781,0.03,0.0344731484897879,0.9987193072577678,False,0,True,0,,True,1.0889161705251351,0.8351693302290376,0.748978656063468,150884.728852503,0.028173865774297,0.0980987274125839,0.896798564020625,2.2137338842539083,7.406909827466306e-06
1453.1799999999998,True,forward,final_local_der_m_bounds,0.1049523411736781,0.03,0.0344982148642552,0.9987173438423476,False,0,True,0,,True,1.0888762058388437,0.8351642334083612,0.7489095432445014,150884.72875706555,0.0281772152126398,0.0980863094837707,0.8967212834153007,2.2137857795868108,7.407568382827309e-06
1455.7800000000002,True,forward,final_local_der_m_bounds,0.1049523411736781,0.03,0.034521505638607,0.9987155067838756,False,0,True,0,,True,1.0887752738521637,0.83515772661012,0.7488705261206211,150896.8304338358,0.0281874594493533,0.0980586703247596,0.8966815515917741,2.213669165029182,7.407318112419013e-06
1458.38,True,forward,final_local_der_m_bounds,0.1049523411736781,0.03,0.0345404619045687,0.9987139898964276,False,0,True,0,,True,1.0887462344085688,0.8351413195223092,0.7488307110929907,150906.31246834033,0.0281879827533495,0.0980590481930066,0.8966514930925856,2.213736651502497,7.4071281781296944e-06
1461.2800000000002,True,forward,final_local_der_m_bounds,0.1049523411736781,0.03,0.0345823411312153,0.9987107492310442,False,0,True,0,,True,1.0886395601668528,0.8351396825326977,0.7487898605848751,150905.33129343303,0.0281892747747183,0.098076607532106,0.8966043360723172,2.2135933679859394,7.407576304665168e-06
1463.6799999999998,True,forward,final_local_der_m_bounds,0.1049523411736781,0.03,0.034610138194651,0.9987085721459592,False,0,True,0,,True,1.0885546210939492,0.8350633033618821,0.7487577605772239,150947.1857336737,0.0281911409234895,0.0980418767825755,0.8966479038927939,2.2137562036408105,7.405257269043191e-06
1466.2800000000002,True,forward,final_local_der_m_bounds,0.1049523411736781,0.03,0.034647023401947,0.9987057046125094,False,0,True,0,,True,1.0884839824666577,0.8350714418381034,0.7486485103348534,150949.68010731647,0.0282013757070235,0.0980069683328568,0.8965083378818204,2.2137631653741847,7.406301177134367e-06
1474.08,True,forward,final_local_der_m_bounds,0.1049523411736781,0.03,0.0346968915005436,0.9987016537385536,False,0,True,0,,True,1.0882717882476052,0.8350014779117345,0.7485372489927253,150993.06520623516,0.0282154287954965,0.0979489749060517,0.8964502085250812,2.2137743628793363,7.404757302852493e-06
1481.88,True,forward,final_local_der_m_bounds,0.1049523411736781,0.03,0.0349512550601738,0.9986824763447114,False,0,True,0,,True,1.0881963161419863,0.8348604987227869,0.7476185634702088,151058.54306341778,0.0283401414939129,0.0970744175836534,0.8955011820704832,2.215663884019398,7.409749702948735e-06
1488.98,True,forward,final_local_der_m_bounds,0.1049523411736781,0.03,0.0350393585393755,0.9986755715695086,False,0,True,0,,True,1.0880226278428689,0.8348284208329909,0.7473167054814984,151072.10671682536,0.028375707855509,0.0968794183438192,0.8951740104102189,2.215929560663599,7.411894253025391e-06
1491.48,True,forward,final_local_der_m_bounds,0.1049523411736781,0.03,0.0350364636679691,0.998675526824511,False,0,True,0,,True,1.0880518187681916,0.8347721555389219,0.7476528951897669,151135.33993878134,0.0283842971801268,0.0969082749597638,0.8956370792064673,2.215639518267274,7.404956320698883e-06
1494.2800000000002,True,forward,final_local_der_m_bounds,0.1049523411736781,0.03,0.0352806428999797,0.9986579259227504,False,0,True,0,,True,1.0877184377769555,0.8344272494369936,0.7478346307926697,151142.27908277605,0.02822658813475,0.0973373861903805,0.8962250828903898,2.215935366092616,7.400117368236946e-06
1497.08,True,forward,final_local_der_m_bounds,0.1049523411736781,0.03,0.0355348391143616,0.9986395125569372,False,0,True,0,,True,1.0874885848449058,0.8339647157984642,0.7485061264091522,151205.7526371022,0.0280292539454831,0.0979552279087428,0.8975273320676507,2.216067613652531,7.3866539070074655e-06
1499.48,True,forward,final_local_der_m_bounds,0.1049523411736781,0.03,0.0357717403520871,0.9986222189606418,False,0,True,0,,True,1.0872357289539514,0.8335549188070565,0.7492461865929516,151251.07652309668,0.0278390527823597,0.0986107264601542,0.8988564156819284,2.2158473691064327,7.3738067929046e-06
1502.1799999999998,True,forward,final_local_der_m_bounds,0.1049523411736781,0.03,0.0360485384078538,0.9986019040395504,False,0,True,0,,True,1.0869619550881071,0.8330718648649499,0.7499677720590653,151312.26426361673,0.0276305140153168,0.0992835705853582,0.9002437889084675,2.2158895950056245,7.359819365610971e-06
1504.58,True,forward,final_local_der_m_bounds,0.1049523411736781,0.03,0.0363005399958733,0.9985832741439924,False,0,True,0,,True,1.0867606953505369,0.8326767455085624,0.7504062950786269,151352.3297261118,0.0274649602463947,0.0997710845018205,0.901197612550488,2.216222380350532,7.350396798550269e-06
1507.1799999999998,True,forward,final_local_der_m_bounds,0.1049523411736781,0.03,0.0365757571769446,0.9985628115673016,False,0,True,0,,True,1.0864557444896057,0.8321883121168732,0.7514109208936296,151411.40498450675,0.0272347389593568,0.1006143879327923,0.902933759045754,2.215761899441965,7.333657266750639e-06
1509.7800000000002,True,forward,final_local_der_m_bounds,0.1049523411736781,0.03,0.0368532538783975,0.9985420316995464,False,0,True,0,,True,1.0861767603611614,0.8317135144722382,0.7519891220887535,151461.0665484966,0.0270372303958831,0.1012315650795648,0.9041444067022602,2.216007409124244,7.321767045336905e-06
1512.48,True,forward,final_local_der_m_bounds,0.1049523411736781,0.03,0.0371469418464606,0.998519884944909,False,0,True,0,,True,1.0859653079694556,0.8312130908524522,0.7527134105022842,151538.3457272422,0.0268350503616831,0.1018758242589462,0.9055601009968908,2.216249466337569,7.30689404891246e-06
1514.88,True,forward,final_local_der_m_bounds,0.1049523411736781,0.03,0.0374136120253744,0.9984996309529368,False,0,True,0,,True,1.085687376443615,0.8307633741440683,0.753580778564,151569.9592561696,0.0266256966293073,0.1026439450907722,0.9070943688874232,2.2159372755875224,7.293209332956387e-06
1517.58,True,forward,final_local_der_m_bounds,0.1049523411736781,0.03,0.0377209963363485,0.99847611038393,False,0,True,0,,True,1.0853397050820546,0.830225098424496,0.7543692058065856,151637.17760565993,0.0264094440979215,0.1033701250398697,0.9086321375228708,2.2159448178517174,7.277919426011144e-06
1519.98,True,forward,final_local_der_m_bounds,0.1049523411736781,0.03,0.0379999327393577,0.998454608330708,False,0,True,0,,True,1.0850857267129494,0.8298099442860786,0.7548504658997229,151674.8942543227,0.0262346805025183,0.1039237122637534,0.9096666906651178,2.216188367721559,7.268072642373369e-06
1522.7800000000002,True,forward,final_local_der_m_bounds,0.1049523411736781,0.03,0.03833060462431,0.9984289301871176,False,0,True,0,,True,1.0848517610636197,0.8293891857308329,0.7553320997529984,151684.7526139722,0.0260367513075272,0.1045629681369215,0.9107088840173656,2.216494783023617,7.259514955845461e-06
1527.7800000000002,True,forward,final_local_der_m_bounds,0.1060531934607169,0.03,0.038936395732299,0.9983813553312494,False,0,True,0,,True,1.08437490265462,0.828343328621418,0.7572667050277596,151851.45808535625,0.0256144796759811,0.1060946508271221,0.91419424634958,2.216285911900988,7.224196412925022e-06
1530.38,True,forward,final_local_der_m_bounds,0.1068580751263178,0.03,0.0392634204239507,0.998355370037608,False,0,True,0,,True,1.084032111507104,0.8278611536180939,0.7577522147289106,151892.83017871305,0.025424559919203,0.1066956596246104,0.9153131674523216,2.216600580862506,7.213633489956744e-06
1532.7800000000002,True,forward,final_local_der_m_bounds,0.1073168467418082,0.03,0.039569801069208,0.998330845025112,False,0,True,0,,True,1.083830799821757,0.8274261915719294,0.7583653534664276,151937.0458138518,0.0252433114331843,0.1073118249964305,0.9165353492445032,2.2168246401826783,7.202060265159922e-06
1535.2800000000002,True,forward,final_local_der_m_bounds,0.1079673155734202,0.03,0.0398967568902104,0.9983044688237018,False,0,True,0,,True,1.083514052259794,0.8269416874970054,0.7590136043134168,151977.25150061087,0.0250474315926086,0.1079868697286345,0.917856259745238,2.21694369075228,7.189946973359219e-06
1537.7800000000002,True,forward,final_local_der_m_bounds,0.108637705497164,0.03,0.040232822325859,0.9982771359846536,False,0,True,0,,True,1.0832508463965111,0.8265018252223068,0.759569613309824,152003.63487899443,0.0248602214820681,0.1086260860847873,0.9190174663020498,2.2171561883998887,7.179752253247291e-06
1540.38,True,forward,final_local_der_m_bounds,0.1093514894237078,0.03,0.040567443483262,0.9982497973783714,False,0,True,0,,True,1.0830425994775528,0.8259694852160437,0.7605720599400546,152084.40064442687,0.0246461557854745,0.109427169868132,0.9208234366444136,2.2171142834602144,7.161900661718845e-06
1543.08,True,forward,final_local_der_m_bounds,0.1100994787659942,0.03,0.0409305250351947,0.998219867476524,False,0,True,0,,True,1.0826502953616246,0.8254583925523787,0.7613606105843644,152116.59842378608,0.0244303801609024,0.1102258871113998,0.9223488639205434,2.2169631335857494,7.148613930317149e-06
1545.58,True,forward,final_local_der_m_bounds,0.1100994787659942,0.03,0.0412663154591481,0.998191996562852,False,0,True,0,,True,1.0824644924597382,0.8250008172647514,0.7618165247033866,152166.55315084508,0.024254142597905,0.1107814950218465,0.9234130545823588,2.217568585035983,7.138167113911772e-06
1553.38,True,forward,final_local_der_m_bounds,0.1100994787659942,0.03,0.0423874275282253,0.998097246021088,False,0,True,0,,True,1.0816444709350983,0.8234441489718243,0.764170265718104,152334.6520086172,0.0236418777652024,0.1130175003217952,0.9280171177028445,2.217983012118372,7.094981939982948e-06
1561.48,True,forward,final_local_der_m_bounds,0.1100994787659942,0.03,0.0433057321783683,0.9980186364542925,False,0,True,0,,True,1.080622869251591,0.8219901257642138,0.7677121514522885,152433.23912036358,0.0228874928271736,0.1165446173124942,0.9339676078694226,2.215762721794115,7.04459114924501e-06
1568.1799999999998,True,forward,final_local_der_m_bounds,0.1100994787659942,0.03,0.0443125139917615,0.9979300383736356,False,0,True,0,,True,1.0799232088773316,0.8206985056708904,0.7697647828941732,152557.60860882493,0.0223693246094452,0.1185905402277034,0.937938570102451,2.215974120633688,7.008763853007528e-06
1570.7800000000002,True,forward,final_local_der_m_bounds,0.1100994787659942,0.03,0.0447377160380223,0.997892090506244,False,0,True,0,,True,1.07969528809991,0.8200422481129664,0.7711971003361311,152664.85746280663,0.0221200249259018,0.119673912409779,0.9404358154848302,2.215746452404457,6.984887309596139e-06
1573.1799999999998,True,forward,final_local_der_m_bounds,0.1100994787659942,0.03,0.0448088050491815,0.9978855781666752,False,0,True,0,,True,1.0797262718663607,0.8200206269893231,0.7712794942296405,152664.8575842721,0.0221066127447132,0.1197352654817067,0.9405610893732832,2.21576332656323,6.983929903205583e-06
1576.1799999999998,True,forward,final_local_der_m_bounds,0.1100994787659942,0.03,0.0449057857375375,0.9978765874549844,False,0,True,0,,True,1.0793667978145212,0.8198245862437274,0.7708187002825774,152699.1380015866,0.0220852588658918,0.1196521949972782,0.9402239371891916,2.216482306355893,6.985125870054407e-06
1578.6799999999998,True,forward,final_local_der_m_bounds,0.1100994787659942,0.03,0.0449869258569324,0.997869032371608,False,0,True,0,,True,1.0792403271269153,0.819764430770664,0.7709424491875962,152686.78730243485,0.0220593764746408,0.1197866390502143,0.94044388881673,2.216256768452351,6.984025266059928e-06
1581.2800000000002,True,forward,final_local_der_m_bounds,0.1100994787659942,0.03,0.0450719245568496,0.9978610544496054,False,0,True,0,,True,1.0791580837263646,0.8196371009967757,0.7711975991100826,152707.32998059076,0.0220151073148436,0.1200035182855155,0.9409012820090928,2.216171027282703,6.979625648863672e-06
1583.7800000000002,True,forward,final_local_der_m_bounds,0.1100994787659942,0.03,0.0451545362655393,0.99785328474146,False,0,True,0,,True,1.0791580837263646,0.8196371009967757,0.7711975991100826,152707.32998059076,0.0220151073148436,0.1200035182855155,0.9409012820090928,2.216171027282703,6.979625648863672e-06
1586.2800000000002,True,forward,final_local_der_m_bounds,0.1100994787659942,0.03,0.0452469770682819,0.997844460178858,False,0,True,0,,True,1.07892332831868,0.8194649874406347,0.7711202287754181,152720.3897788325,0.0219822360349313,0.120079353134198,0.9410044853579314,2.216458584188936,6.978352620155856e-06
1588.98,True,forward,final_local_der_m_bounds,0.1100994787659942,0.03,0.0453490694197577,0.997834699369591,False,0,True,0,,True,1.0788337411186324,0.8194138842987615,0.7710345138954472,152720.38974910136,0.0219743527125925,0.1200867389693563,0.940958566445678,2.216600732703412,6.978746389554083e-06
1591.38,True,forward,final_local_der_m_bounds,0.1100994787659942,0.03,0.0454404016483881,0.9978259318496644,False,0,True,0,,True,1.0788031884596334,0.81934742760663,0.770948180775395,152720.38961157258,0.0219634711155607,0.1200914828655085,0.9409295187847082,2.2169230879769533,6.9790203888844975e-06
1594.08,True,forward,final_local_der_m_bounds,0.1100994787659942,0.03,0.045536006864077,0.9978167121412326,False,0,True,0,,True,1.0786438757864103,0.8191210670873543,0.7716263590678524,152750.6407872005,0.0218878087258093,0.1205199664922042,0.9420174746714982,2.216395285968839,6.9693600685153765e-06
1596.58,True,forward,final_local_der_m_bounds,0.1100994787659942,0.03,0.0456211752615579,0.997808475699888,False,0,True,0,,True,1.078389390928351,0.8189245803206201,0.771883806871561,152768.29832001636,0.0218460144200506,0.1207073308748833,0.9425578684783866,2.216214144991961,6.964507558184611e-06
1599.08,True,forward,final_local_der_m_bounds,0.1100994787659942,0.03,0.0457013749883366,0.9978007004725332,False,0,True,0,,True,1.0783048169922314,0.8187694642158688,0.7717448813421158,152801.896851355,0.0218278628378258,0.1206874377928995,0.9425667603288208,2.216841664188798,6.963016912695517e-06
1601.58,True,forward,final_local_der_m_bounds,0.1100994787659942,0.03,0.0457796369663027,0.9977930989403628,False,0,True,0,,True,1.0782011033711152,0.8186417259220456,0.7719964011475968,152822.4322525181,0.0218010585259158,0.1208214542739494,0.9430210758901744,2.216720318546999,6.958654685330285e-06
1606.7800000000002,True,forward,final_local_der_m_bounds,0.1100994787659942,0.03,0.0459409432912889,0.9977773906962166,False,0,True,0,,True,1.0779312933110372,0.8182703567852598,0.7725640218767066,152868.59321232446,0.0217088354891246,0.1212440341732128,0.944142746306832,2.2166880677663032,6.948142717989845e-06
1609.2800000000002,True,forward,final_local_der_m_bounds,0.1100994787659942,0.03,0.0460243566938605,0.9977692500695688,False,0,True,0,,True,1.0777950059815136,0.818187287748152,0.7723500243709225,152868.59229278634,0.0217016363390142,0.1212052574806096,0.9439770526093304,2.217053287676445,6.949479452030427e-06
1611.6799999999998,True,forward,final_local_der_m_bounds,0.1100994787659942,0.03,0.0461043573448833,0.9977614281921308,False,0,True,0,,True,1.0775577059132568,0.8180832809220148,0.7724279413174564,152822.39536241823,0.0216615377155468,0.1214030538474751,0.9441923082047308,2.2168373354353403,6.949988606842354e-06
1614.2800000000002,True,forward,final_local_der_m_bounds,0.1100994787659942,0.03,0.0461988768517726,0.9977521763375328,False,0,True,0,,True,1.0774259225925638,0.8178888000987447,0.7727305254637177,152866.25860110082,0.0216247041546428,0.1215616023247885,0.9447867795358306,2.216832412793893,6.943538223583346e-06
1616.7800000000002,True,forward,final_local_der_m_bounds,0.1100994787659942,0.03,0.0462957467001697,0.99774268221442,False,0,True,0,,True,1.077204376696377,0.8178017336254889,0.7724823679080892,152848.67735192837,0.0216128747169706,0.1215472653595282,0.9445839207059524,2.217089852766374,6.945961799415423e-06
1619.38,True,forward,final_local_der_m_bounds,0.1100994787659942,0.03,0.0463895101594487,0.9977334709674048,False,0,True,0,,True,1.0772188170320174,0.8176283497065681,0.7729633667130288,152869.20405675838,0.0215633893917461,0.1218065140516632,0.9453725118391888,2.2170302979770744,6.939062824912992e-06
1621.7800000000002,True,forward,final_local_der_m_bounds,0.1100994787659942,0.03,0.0464760562553251,0.9977249520388632,False,0,True,0,,True,1.0770810276012517,0.8175133733922301,0.7730624115699636,152883.19038873274,0.0215365311507932,0.1219205389065929,0.9456266242620356,2.217028155020319,6.936546506419342e-06
1624.38,True,forward,final_local_der_m_bounds,0.1100994787659942,0.03,0.0465569366360217,0.9977169731797716,False,0,True,0,,True,1.0770972800799348,0.8174521114134282,0.7732310869296887,152883.19064189814,0.021523970501729,0.1219864463638344,0.9459038347735398,2.217032401630852,6.934451758946514e-06
1632.08,True,forward,final_local_der_m_bounds,0.1100994787659942,0.03,0.0468069903582791,0.99769221940652,False,0,True,0,,True,1.0765993709304311,0.8170126681704496,0.7733406781993205,152891.8961475088,0.0214236822383644,0.1223395831347177,0.9465467407391314,2.21749979187824,6.929397148316947e-06
1639.98,True,forward,final_local_der_m_bounds,0.1100994787659942,0.03,0.0456866997376019,0.9977981050027844,False,0,True,0,,True,1.0753464501353012,0.8171167254100323,0.7803040434041721,152662.6885923365,0.0207537273352591,0.1285865067884831,0.9549480742945416,2.20386983012894,6.875573617759144e-06
1646.48,True,forward,final_local_der_m_bounds,0.1100994787659942,0.03,0.0457130832060457,0.9977950095492678,False,0,True,0,,True,1.0749343497655977,0.8168554831210735,0.7815498121982136,152655.45708628427,0.0206063827650119,0.1296775989359108,0.9567785591792044,2.2021244899096466,6.862209631847765e-06
1649.2800000000002,True,forward,final_local_der_m_bounds,0.1100994787659942,0.03,0.0456402949321764,0.9978013527638392,False,0,True,0,,True,1.0747464128372617,0.8167240391831807,0.7822678029168856,152706.71440851022,0.0205656717366046,0.1300771878937262,0.9578116541044202,2.2011509385122534,6.8521930361944194e-06
1651.6800000000003,True,forward,final_local_der_m_bounds,0.1100994787659942,0.03,0.0452695517403937,0.9978348015657632,False,0,True,0,,True,1.074884833718119,0.8172754008369446,0.7813737588768173,152585.20016571958,0.0207231633380595,0.1295254426342358,0.9560715495372042,2.200704631232877,6.870484772791913e-06
1654.48,True,forward,final_local_der_m_bounds,0.1100994787659942,0.03,0.0448443433477802,0.99787284238866,False,0,True,0,,True,1.0748832260388017,0.8176993828192307,0.7807173233080006,152536.42560200917,0.0208722233492585,0.1290415233089559,0.9547730372698524,2.2000964311945075,6.882271608986303e-06
1656.98,True,forward,final_local_der_m_bounds,0.1100994787659942,0.03,0.044465451486168,0.997906450693671,False,0,True,0,,True,1.074965637920683,0.8181569901104463,0.7804150928196395,152468.22365350445,0.0210157423377555,0.1286571060078921,0.9538696145764008,2.1989990053897657,6.891942186658411e-06
1659.7800000000002,True,forward,final_local_der_m_bounds,0.1100994787659942,0.03,0.0440462131282447,0.9979433205746356,False,0,True,0,,True,1.0751215842584272,0.8187385479823596,0.7796629548609126,152364.13697297938,0.0211908223679478,0.1281040348070835,0.9522734171760424,2.198270189629225,6.90844368158915e-06
1662.2800000000002,True,forward,final_local_der_m_bounds,0.1100994787659942,0.03,0.043673724088233,0.9979758417246912,False,0,True,0,,True,1.0752739804932767,0.8191419298267136,0.7794808786816496,152334.4565287622,0.0213274005707974,0.1277473739961299,0.9515821987607762,2.197341098155795,6.914814068186388e-06
1665.08,True,forward,final_local_der_m_bounds,0.1100994787659942,0.03,0.043257223450889,0.9980119717831574,False,0,True,0,,True,1.0753373721126651,0.8196181127644269,0.7789501777941237,152284.05846842576,0.0214863510111851,0.1272796712260586,0.9503818493796612,2.196487926763253,6.925967685194785e-06
1667.6800000000003,True,forward,final_local_der_m_bounds,0.1100994787659942,0.03,0.0428770277174024,0.998044686031348,False,0,True,0,,True,1.075361058958556,0.8200604464838395,0.7784049700533626,152232.65273154722,0.0216379136381924,0.126817793861883,0.9492043829097204,2.1957053256992256,6.93702961016102e-06
1670.38,True,forward,final_local_der_m_bounds,0.1100994787659942,0.03,0.0424842878993382,0.9980782502653978,False,0,True,0,,True,1.075417581864424,0.8204736908548073,0.7783244128275308,152185.20573369577,0.0217689530497738,0.1265499217075195,0.9486281175166466,2.194392809927057,6.943343175679356e-06
1672.88,True,forward,final_local_der_m_bounds,0.1100994787659942,0.03,0.042129068101742,0.9981083713531363,False,0,True,0,,True,1.075571095267283,0.8210127501583541,0.7774893382489283,152121.73599686567,0.0219459147746913,0.1259359263918256,0.9469881412913124,2.19395871893631,6.958466547483428e-06
1675.7800000000002,True,forward,final_local_der_m_bounds,0.1100994787659942,0.03,0.0417248550266701,0.9981423663179158,False,0,True,0,,True,1.0756231398501657,0.8215138744786032,0.7769445370024063,152056.68816719783,0.022107081386136,0.1254875123696008,0.9457473101054024,2.193020080008913,6.970650436320278e-06
1678.2800000000002,True,forward,final_local_der_m_bounds,0.1100994787659942,0.03,0.0413843542738242,0.9981707619653352,False,0,True,0,,True,1.075785404816682,0.8220046299038353,0.7766248245307635,151997.67052792784,0.0222515086682718,0.1251292328200249,0.944793735068888,2.1920030524457297,6.9803704823444455e-06
1681.08,True,forward,final_local_der_m_bounds,0.1100994787659942,0.03,0.0410094116368253,0.9982017836820902,False,0,True,0,,True,1.0759537976319151,0.8225457727505959,0.7760899421575985,151949.11740940285,0.0224237999276345,0.1246361565466731,0.9435218900491714,2.191141424191804,6.992041490540503e-06
1685.98,True,forward,final_local_der_m_bounds,0.1100994787659942,0.03,0.0403643065675979,0.9982545788628052,False,0,True,0,,True,1.076145645043003,0.8234399355275352,0.7751433246037835,151850.6404083874,0.022714194806016,0.1238151781093203,0.9413477427557476,2.1896442517338097,7.012767822834838e-06
1688.7800000000002,True,forward,final_local_der_m_bounds,0.1100994787659942,0.03,0.0399917336622782,0.9982847898603596,False,0,True,0,,True,1.0762772334861386,0.8239091916704003,0.7749093662316787,151822.4388851122,0.0228667278132682,0.1234547172276201,0.9405276383197292,2.188520646085829,7.02009029633476e-06
1691.1800000000003,True,forward,final_local_der_m_bounds,0.1100994787659942,0.03,0.0396763311777876,0.9983101718773952,False,0,True,0,,True,1.0762707438973589,0.8243204125989827,0.7743232742035938,151784.61369539815,0.0230138541387503,0.1230059067548561,0.9393474459309408,2.187875700342505,7.030704124408294e-06
1693.7800000000002,True,forward,final_local_der_m_bounds,0.1100994787659942,0.03,0.0393281437479202,0.9983380371067588,False,0,True,0,,True,1.076528170098398,0.8248962378891709,0.7738369504288205,151695.6863236216,0.0231763393754415,0.1225851699680451,0.938102169563767,2.187002819887996,7.044087827267104e-06
1696.48,True,forward,final_local_der_m_bounds,0.1100994787659942,0.03,0.038964589359842,0.9983669287403796,False,0,True,0,,True,1.076539507358315,0.8252762286768163,0.7734770936099488,151679.13220766623,0.0233171605749579,0.1222205020466912,0.9372341850316976,2.1861662474416184,7.051334153584367e-06
1699.08,True,forward,final_local_der_m_bounds,0.1100994787659942,0.03,0.0386342591265347,0.9983929000574052,False,0,True,0,,True,1.0765958859242069,0.8257811636446193,0.7727725369289343,151608.80467422277,0.023480452809628,0.1217399694815097,0.9358079003864302,2.1854902324292453,7.065357574249177e-06
1701.58,True,forward,final_local_der_m_bounds,0.1102981381550887,0.03,0.0383158948236326,0.9984177643011932,False,0,True,0,,True,1.0767155945452922,0.8261742574418269,0.7724003487079574,151594.43720529342,0.0236225054533576,0.1213542813169575,0.9349121468630897,2.1848475805695733,7.072727584599525e-06
1704.2800000000002,True,forward,final_local_der_m_bounds,0.1108393582014593,0.03,0.037989883830724,0.9984429689988072,False,0,True,0,,True,1.0767409684385023,0.8266054219313311,0.7720238563941398,151550.34264437182,0.0237669734460754,0.1210059470253288,0.9339690206608328,2.183880300491948,7.081832849607341e-06
1712.1800000000003,True,forward,final_local_der_m_bounds,0.1131546753664744,0.03,0.0370215638723201,0.99851690775944,False,0,True,0,,True,1.077141245360251,0.8280816413094023,0.7704312742407269,151378.88658533886,0.0242432629230668,0.1197259275546359,0.9303808173098538,2.1816877800059493,7.116879328681323e-06
1719.88,True,forward,final_local_der_m_bounds,0.1143469425944087,0.03,0.0386229660705976,0.998385067771964,False,0,True,0,,True,1.0786036049207406,0.8281435106331025,0.7582825320207917,151734.80910992017,0.0258488306148515,0.1087088543847884,0.9156414586175972,2.20360174002088,7.218169199153776e-06
1726.7800000000002,True,forward,final_local_der_m_bounds,0.1156192957551897,0.03,0.0385425232929027,0.998388760571744,False,0,True,0,,True,1.0791348499690163,0.8289066732415323,0.7542630760341676,151772.79485036238,0.0266138938634563,0.1048833368550817,0.9099493349287894,2.2083317932676683,7.26209971682756e-06
1729.2800000000002,True,forward,final_local_der_m_bounds,0.115704263703915,0.03,0.038540341871623,0.9983879469180666,False,0,True,0,,True,1.0793480210600788,0.8291191215015009,0.7531102403610133,151797.85386048435,0.0268643703525333,0.1036474917207748,0.908325740934742,2.209849871134655,7.274036680201488e-06
1731.6800000000003,True,forward,final_local_der_m_bounds,0.1156192957551897,0.03,0.0385370901613038,0.9983872411695486,False,0,True,0,,True,1.0795087692227832,0.8293388737808237,0.7516608453170079,151815.0361382012,0.0271341955874667,0.102280990696567,0.9063374081216112,2.211722778995669,7.289399780954086e-06
1734.38,True,forward,final_local_der_m_bounds,0.1153199336221881,0.03,0.0385406192871465,0.9983857569946204,False,0,True,0,,True,1.079752138543936,0.8296405266863359,0.7501409783324495,151818.88780257045,0.0274419736612373,0.1007946288257902,0.9041759101723064,2.2135859545491265,7.306801999451084e-06
1736.7800000000002,True,forward,final_local_der_m_bounds,0.1149837975357831,0.03,0.0385583414229035,0.998383254509798,False,0,True,0,,True,1.0798604153796427,0.8298533387075475,0.7486955101200264,151833.87975208543,0.0277198226089758,0.0994167254459906,0.9022022027242548,2.2153894833665144,7.322276976555496e-06
1739.58,True,forward,final_local_der_m_bounds,0.114600420064395,0.03,0.038588655587507,0.9983795526073972,False,0,True,0,,True,1.0800978600130269,0.8300863071559906,0.7472197604465324,151856.38099940898,0.0280326014378411,0.0978901258926528,0.9001711677507699,2.2174425011050545,7.337902044867693e-06
1742.08,True,forward,final_local_der_m_bounds,0.1145181360759763,0.03,0.038611580871238,0.9983766210317776,False,0,True,0,,True,1.0803058771714584,0.8303115253918197,0.7460504829946667,151866.2921633399,0.0283011337121874,0.0966235743191882,0.8985187609465126,2.218966465847552,7.351017529546906e-06
1744.58,True,forward,final_local_der_m_bounds,0.1143469425944087,0.03,0.0386289771388187,0.9983742008825116,False,0,True,0,,True,1.0804858498266323,0.8305346189737748,0.7446108003141643,151876.7433798842,0.0285907011015804,0.0952123495921489,0.8965439649393788,2.22089586559756,7.366872999268864e-06
1747.2800000000002,True,forward,final_local_der_m_bounds,0.1140994729751576,0.03,0.0386483943764501,0.9983715233257898,False,0,True,0,,True,1.0807673444212087,0.8307473959514347,0.7433798705750313,151902.97402217158,0.0288880601019609,0.0938074396805538,0.8948326220434992,2.222733769675853,7.379800126185651e-06
1749.6800000000003,True,forward,final_local_der_m_bounds,0.1138252125487246,0.03,0.0386712685479415,0.9983686663547576,False,0,True,0,,True,1.080970471883837,0.8309847986892039,0.7418380115202199,151907.32815835995,0.0291915667639678,0.0923380634175457,0.8927215187213963,2.2248463266844265,7.397202092705553e-06
1752.48,True,forward,final_local_der_m_bounds,0.1136903117672358,0.03,0.0387009497233707,0.9983650708901628,False,0,True,0,,True,1.081134074592381,0.8311137232903556,0.7405103343214933,151950.79695199462,0.0295001229721729,0.0908458400548093,0.8909855698084661,2.2269305238702337,7.409713458075559e-06
1755.08,True,forward,final_local_der_m_bounds,0.1131509080006229,0.03,0.0387324901737198,0.9983613962510152,False,0,True,0,,True,1.0813268007036911,0.8313551812826764,0.7390198305643713,151939.51432639157,0.0298193335423494,0.0893467918151778,0.8889339324549066,2.2289403148090075,7.427489362669568e-06
1757.7800000000002,True,forward,final_local_der_m_bounds,0.1128710405501032,0.03,0.0387667272875306,0.9983574548324812,False,0,True,0,,True,1.081613002909558,0.8315873987956408,0.7376385359854071,151938.36684781473,0.0301430457406176,0.0878472296750808,0.8870246675859969,2.2310026660726607,7.443625285618464e-06
1760.38,True,forward,final_local_der_m_bounds,0.1125991261389908,0.03,0.038802248591695,0.9983534442011448,False,0,True,0,,True,1.0816978446592036,0.8317068538734598,0.736206611095871,151971.1897185467,0.0304576962513675,0.0863331179957287,0.885175597227772,2.233162130120984,7.457802854325447e-06
1765.48,True,forward,final_local_der_m_bounds,0.1120702559471934,0.03,0.0388829543502159,0.9983446404854236,False,0,True,0,,True,1.082181156083769,0.8320755090532054,0.7335754037181724,151994.380351692,0.0310907600318864,0.0834125854363791,0.8816211939141035,2.237278798152724,7.4869568316384674e-06
1767.98,True,forward,final_local_der_m_bounds,0.1116345505114545,0.03,0.0389363072698982,0.9983391465097436,False,0,True,0,,True,1.0823282829169776,0.8322083798555275,0.7321936685529513,152022.01758914336,0.0314126815634785,0.0819052957125971,0.8798201102950455,2.239458154124157,7.501109873158604e-06
1770.48,True,forward,final_local_der_m_bounds,0.1114200637657598,0.03,0.0389960072055795,0.9983331045616728,False,0,True,1,,True,1.0824608337437585,0.8322211704514247,0.7322569794715715,152059.80609565225,0.0315479768219197,0.0814200719947946,0.879882662771449,2.239576374546298,7.4986782552885616e-06
1772.98,True,forward,final_local_der_m_bounds,0.111222233401391,0.03,0.0390766116810612,0.9983252648960144,False,0,True,1,,True,1.0826495160479723,0.8322573417561576,0.7326841538761499,152083.00227674923,0.0316355431102873,0.0812225395324732,0.8803576936072478,2.2390999033018293,7.49332597102525e-06
1775.48,True,forward,final_local_der_m_bounds,0.1108171648207813,0.03,0.0391680865979584,0.9983164758453208,False,0,True,1,,True,1.082849469458574,0.8322947614705468,0.7328793259383881,152112.65765236836,0.0317610278559697,0.0808171648314624,0.8805526117255553,2.2390401849875023,7.490104146942893e-06
1778.08,True,forward,final_local_der_m_bounds,0.1105222654560473,0.03,0.0392609864617671,0.9983075083250204,False,0,True,1,,True,1.0830048118611402,0.8323201242432356,0.7332125759408218,152140.26246370556,0.0318672388083683,0.0805222654561356,0.8809261660079111,2.238696369007049,7.485447092297253e-06
1780.48,True,forward,final_local_der_m_bounds,0.1102981381550887,0.03,0.0393627145272358,0.9982978341163916,False,0,True,1,,True,1.0832036226013586,0.832306027029261,0.7336426177265825,152182.6745122797,0.0319509736792052,0.0802982731490022,0.881457773825288,2.238423239203552,7.478753182007694e-06
1783.08,True,forward,final_local_der_m_bounds,0.1102251401583702,0.03,0.0394865080861576,0.9982861463602782,False,0,True,1,,True,1.0833498667725454,0.8322892989416143,0.7343372742311509,152228.60439237076,0.0320173143286663,0.0802251488472816,0.882310123613238,2.2375995802115227,7.4691132846761725e-06
1790.7800000000002,True,forward,final_local_der_m_bounds,0.1098304521656115,0.03,0.0399654628569542,0.9982414229532316,False,0,True,1,,True,1.0838919270780725,0.8322518246831071,0.7361019392852295,152354.43262317387,0.0322369196028098,0.0798304522355148,0.8844702017511489,2.2358485016738525,7.4443040161022625e-06
1798.38,True,forward,final_local_der_m_bounds,0.108888142761763,0.03,0.0391520753430934,0.998307730638528,False,0,True,1,,True,1.0838953609842337,0.833554356783857,0.7340797506978618,152133.29086277995,0.0327360361909881,0.0788881427636042,0.8806621244596419,2.234481929060705,7.4861365828432435e-06
1805.58,True,forward,final_local_der_m_bounds,0.108755906025534,0.03,0.0381524232668883,0.998388565505164,False,0,True,1,,True,1.0837766861214246,0.8349591919852207,0.7325969063342044,151882.11406675246,0.0331020746767601,0.0787559061789853,0.8774044448715665,2.231588549493687,7.524725966877846e-06
1807.98,True,forward,final_local_der_m_bounds,0.1082529283640589,0.03,0.0378083053479287,0.9984160442934412,False,0,True,1,,True,1.0837293962545604,0.8355005891230146,0.7314410320340873,151775.48456887557,0.0333155970738482,0.0782529293689353,0.8754524431895928,2.2314812485530955,7.546263287531386e-06
1810.78,True,forward,final_local_der_m_bounds,0.1081644153392664,0.03,0.0376091455007556,0.99843327758949,False,0,True,1,,True,1.0833557200324069,0.835446539007548,0.7303497943333567,151730.3386366254,0.033274085523842,0.0781644153392664,0.874202908543928,2.2327906233919466,7.559612149414791e-06
1813.38,True,forward,final_local_der_m_bounds,0.1081498874916276,0.03,0.0374657058563139,0.9984459052794032,False,0,True,1,,True,1.0830007755994284,0.8353931949210401,0.7293911298137257,151680.80192897524,0.0332157079418378,0.0781498887976486,0.8731111699834548,2.2339107464545416,7.5718239657186385e-06
1815.78,True,forward,final_local_der_m_bounds,0.1081382468546906,0.03,0.0373677002910086,0.9984546983964528,False,0,True,1,,True,1.0826309146028137,0.8353139368075532,0.7284706133696386,151632.56871517352,0.0331544670854596,0.0781382468561445,0.8720920138765385,2.2350323902075626,7.583405186139612e-06
1818.48,True,forward,final_local_der_m_bounds,0.1079217400385061,0.03,0.037281215040714,0.9984626056021276,False,0,True,1,,True,1.0822975541167243,0.8352723413703377,0.727212209436343,151581.98025820917,0.0331298202825836,0.0779217400385369,0.8706288636868874,2.236680102347645,7.599025471025864e-06
1820.88,True,forward,final_local_der_m_bounds,0.1077847783534004,0.03,0.0372292140030871,0.99846756722742,False,0,True,0,,True,1.0819442256827196,0.8351136452148784,0.7274170777567726,151552.2880911216,0.0329235096007772,0.0786797450452295,0.8710396266721339,2.2361786050325674,7.597130433878668e-06
1823.58,True,forward,final_local_der_m_bounds,0.107543116161844,0.03,0.0371861323219907,0.9984718631365412,False,0,True,0,,True,1.0814657038854332,0.8347869628552049,0.7289299667496455,151540.12248033058,0.0325100073029863,0.0804610641226636,0.8731928014981225,2.233772510310556,7.57916294455684e-06
1826.1800000000003,True,forward,final_local_der_m_bounds,0.1074076272483047,0.03,0.0371534115398579,0.998475290642345,False,0,True,0,,True,1.081091648569256,0.834493277173479,0.7305167250260604,151532.8044630046,0.0321122542912027,0.0822195795283423,0.8754015700406854,2.2313452400445466,7.560477706902141e-06
1828.6800000000003,True,forward,final_local_der_m_bounds,0.1070618517356705,0.03,0.0371285215814301,0.9984780547017524,False,0,True,0,,True,1.0807504961702317,0.8342044754677596,0.732104783029945,151520.93493935795,0.0317279201900213,0.0839366535406406,0.8776083137403876,2.228978199098784,7.542106244103883e-06
1831.48,True,forward,final_local_der_m_bounds,0.1069598195291545,0.03,0.0371092580063183,0.998480453449594,False,0,True,0,,True,1.0802577712346348,0.8338432469912681,0.7337267679176696,151527.42941246324,0.0313213426198936,0.0857337923983488,0.8799336932512845,2.226520152273729,7.521976931618663e-06
1834.28,True,forward,final_local_der_m_bounds,0.1067780551978327,0.03,0.0370973886661958,0.9984822540470032,False,0,True,0,,True,1.079827608996493,0.833441641551372,0.735693778534514,151538.33620430453,0.0308870224885922,0.087699966743927,0.8827178075300993,2.223767462834261,7.497784755202033e-06
1836.78,True,forward,final_local_der_m_bounds,0.1065651939467883,0.03,0.0370949561222684,0.9984832023467186,False,0,True,0,,True,1.079419079410439,0.8331509510786974,0.7370053631359681,151527.00834970514,0.0305504183135243,0.0892092855174258,0.8846000381824594,2.2217764037681293,7.482452207011335e-06
1839.58,True,forward,final_local_der_m_bounds,0.1062875637027558,0.03,0.0371009211865782,0.998483564411486,False,0,True,0,,True,1.078987395450099,0.8328017527111067,0.7387836730570818,151508.12219104794,0.0301435976817768,0.0910817158014327,0.8871062898847679,2.2191763847599097,7.462246809642859e-06
1844.48,True,forward,final_local_der_m_bounds,0.106151803271639,0.03,0.0371341898639722,0.9984823602868752,False,0,True,0,,True,1.0783502755758685,0.8321754013000635,0.7419552230697757,151502.04871168756,0.0294575406858139,0.0942778319425673,0.8915851416788556,2.2148632623120634,7.42501362919862e-06
1846.98,True,forward,final_local_der_m_bounds,0.1060002353407644,0.03,0.037161102160149,0.9984809479164064,False,0,True,0,,True,1.077955228242489,0.8318297111717816,0.7435890598623752,151505.75091140618,0.0291111859350613,0.0959060837207921,0.893919813004631,2.2126076416473603,7.405416302338314e-06
1849.48,True,forward,final_local_der_m_bounds,0.1055518187996908,0.03,0.0371958879109585,0.9984789013311436,False,0,True,0,,True,1.0775933876274402,0.8315233539303418,0.7450107061621268,151485.52484400873,0.0287896232285621,0.0974131292236932,0.8959588478672335,2.2106387224257382,7.389517847314561e-06
1851.88,True,forward,final_local_der_m_bounds,0.1055026223837806,0.03,0.0372364786483582,0.9984763564732184,False,0,True,0,,True,1.0771931975583036,0.8311316991014854,0.7466830300842652,151505.23513332554,0.0284557541887601,0.0989906720501831,0.8983931558518157,2.208502521582377,7.368512500162721e-06
1854.58,True,forward,final_local_der_m_bounds,0.1054037722040474,0.03,0.0372936455896488,0.998472562152818,False,0,True,0,,True,1.0767544263991686,0.8307448229348618,0.7482893949189083,151506.52965846428,0.0281074344480613,0.1006335849606912,0.9007451798198942,2.20639100829796,7.349174495865504e-06
1857.1800000000003,True,forward,final_local_der_m_bounds,0.1053067376541232,0.03,0.0373612412999516,0.998467887337157,False,0,True,0,,True,1.0763738231818225,0.8303629785167237,0.7500012782498675,151505.91252397286,0.0277668765906877,0.1022732784023171,0.9032209981104816,2.2042201063271607,7.328967166058949e-06
1859.78,True,forward,final_local_der_m_bounds,0.105048392569941,0.03,0.0374371824794061,0.9984625332212655,False,0,True,0,,True,1.0759975214958737,0.8300207589845208,0.7515613461295609,151489.82609540684,0.0274441183022816,0.103838824792897,0.9054729511211864,2.2021720251309813,7.311405817330924e-06
1862.38,True,forward,final_local_der_m_bounds,0.1049794592452692,0.03,0.0375213040269092,0.9984565106027298,False,0,True,0,,True,1.0756750251830811,0.8295724496743792,0.7536303137751346,151525.03864404903,0.0270913873862451,0.1055848671097555,0.9084562946502706,2.199813849048858,7.285521542090388e-06
1870.28,True,forward,final_local_der_m_bounds,0.1048805090680713,0.03,0.0378283472891946,0.9984339705625918,False,0,True,0,,True,1.0744010515578244,0.8284059146497047,0.7583974330920625,151501.64610107255,0.0261379766847025,0.110268160040369,0.915490123477395,2.193862630376717,7.230230248400863e-06
1877.98,True,forward,final_local_der_m_bounds,0.1045317165981555,0.03,0.0384148340146642,0.998388296486436,False,0,True,0,,True,1.0733755182302214,0.8270206626547438,0.7626992584324356,151579.5256453136,0.0253130689704322,0.1140950297976556,0.9222251545495418,2.1900648941641325,7.17340805255681e-06
1884.48,True,forward,final_local_der_m_bounds,0.1044191225019842,0.03,0.0393804629991583,0.9983098953601528,False,0,True,0,,True,1.0726896962557664,0.8256270528370675,0.7644737227390425,151716.18131834132,0.0248203788018131,0.1156659903621278,0.9259310485431812,2.191033080188556,7.138570862430998e-06
1886.98,True,forward,final_local_der_m_bounds,0.1044191225019842,0.03,0.0397427211187005,0.99828000764583,False,0,True,0,,True,1.072569002427075,0.8252115069736279,0.7649502153854926,151739.65394673756,0.0246595786806238,0.1161629167104531,0.9269747318367664,2.1915797594599704,7.129515721174034e-06
1889.48,True,forward,final_local_der_m_bounds,0.1044191225019842,0.03,0.0397793318557328,0.9982765847054887,False,0,True,0,,True,1.0725061985968891,0.8251895517567516,0.764684105971826,151760.86788200232,0.0246970348724102,0.1159322483670732,0.9266769124062282,2.191950421833807,7.130916016824806e-06
1891.88,True,forward,final_local_der_m_bounds,0.1044191225019842,0.03,0.0398194720778487,0.9982726110531054,False,0,True,0,,True,1.0724030504157849,0.8252078963239207,0.7643014041258248,151736.98971045154,0.0247512899570928,0.1156466061878113,0.9261925479998218,2.192272460215944,7.135890703949547e-06
1894.28,True,forward,final_local_der_m_bounds,0.1045317165981555,0.03,0.0398530616789151,0.9982691883794932,False,0,True,0,,True,1.0723936616501368,0.825192750229182,0.7642038483343424,151766.8355157482,0.0247973150966242,0.1154317969278442,0.926091326083632,2.1924627204501266,7.135310419546745e-06
1896.98,True,forward,final_local_der_m_bounds,0.1047038067351358,0.03,0.0398734620381764,0.9982668906565604,False,0,True,0,,True,1.0723740277879958,0.8252329393134793,0.7638223371276812,151756.6969016006,0.0248607298424149,0.1151073904724089,0.925583917873072,2.1928732167178064,7.1398079639513645e-06
1899.38,True,forward,final_local_der_m_bounds,0.1048805090680713,0.03,0.0398921967815651,0.9982647964075196,False,0,True,0,,True,1.0724313974175024,0.8252366521902892,0.7639800717986446,151756.6971101721,0.0248769731257916,0.1150843532042886,0.9257708922294454,2.192728723848165,7.13830859495397e-06
1902.08,True,forward,final_local_der_m_bounds,0.1049794592452692,0.03,0.0399081551422459,0.9982629060822168,False,0,True,0,,True,1.072257315209157,0.8252427664351188,0.7630916548787949,151771.32102846738,0.0249753215535165,0.1144886534771705,0.9246874809641724,2.193748151894117,7.146290582361441e-06
1904.6800000000003,True,forward,final_local_der_m_bounds,0.1052964137283863,0.03,0.0399224588337384,0.9982611726621952,False,0,True,0,,True,1.072299598154667,0.8253048140837101,0.7627733199237824,151769.52814268714,0.0250416457591322,0.1141705123269207,0.9242322435385852,2.1941062154237363,7.1499674388494055e-06
1907.48,True,forward,final_local_der_m_bounds,0.1053067376541232,0.03,0.0399385056568006,0.9982592500216204,False,0,True,0,,True,1.072304301936517,0.8253212487043631,0.762393557239474,151775.38384998712,0.0251044762832214,0.1138357380991966,0.9237537000729392,2.194653912382133,7.15351773564277e-06
1909.98,True,forward,final_local_der_m_bounds,0.1054037722040474,0.03,0.0399546783884732,0.9982573794354936,False,0,True,0,,True,1.0722485379723687,0.8252987633153673,0.7622870865596344,151797.11618220664,0.0251450079634035,0.1136423528200486,0.923649859230851,2.1947912159094214,7.153349272713013e-06
1912.78,True,forward,final_local_der_m_bounds,0.1055026223837806,0.03,0.0399781014027551,0.9982548243525488,False,0,True,0,,True,1.072163004956024,0.8254063631679661,0.7613717142015574,151764.95011062172,0.0252436712687466,0.1130914283406034,0.9224204563669228,2.195663478621068,7.1646519108323e-06
1915.28,True,forward,final_local_der_m_bounds,0.1055518187996908,0.03,0.0400035288493021,0.9982521481210068,False,0,True,0,,True,1.0722726859538232,0.8254694133528067,0.7614872523686588,151742.0952565422,0.0252772937127316,0.1130110409666907,0.9224899675879308,2.195471519831224,7.16510937830148e-06
1918.08,True,forward,final_local_der_m_bounds,0.1058718436158785,0.03,0.0400352583212104,0.998248863341703,False,0,True,0,,True,1.072236379293296,0.8255217365714976,0.760853471172804,151751.41553420466,0.0253637576654109,0.1125403351150358,0.9216637642186508,2.1962062779393388,7.171277923173886e-06
1922.98,True,forward,final_local_der_m_bounds,0.1060002353407644,0.03,0.0400938918517982,0.9982428339188848,False,0,True,0,,True,1.0722578415890898,0.825508286023423,0.7605975060416488,151813.36753589968,0.0254633089330516,0.1120633626848502,0.9213687117612622,2.1967056898560244,7.170745140442838e-06
1925.58,True,forward,final_local_der_m_bounds,0.106151803271639,0.03,0.040121753978758,0.9982399155120102,False,0,True,0,,True,1.0722031657699944,0.8255731244203742,0.7601695274847834,151785.0994283877,0.0255278114312062,0.1117464238844254,0.9207779480690944,2.1970319413040724,7.176787268709193e-06
1928.08,True,forward,final_local_der_m_bounds,0.1062875637027558,0.03,0.0401494669020432,0.99823702604734,False,0,True,0,,True,1.07218873452849,0.8255145623715043,0.760123300168535,151829.1284295128,0.0255675964201339,0.1115439058029294,0.920787269923966,2.1972928509650487,7.1746894040325136e-06
1930.78,True,forward,final_local_der_m_bounds,0.1063662621227624,0.03,0.0401713812619332,0.9982346060824384,False,0,True,0,,True,1.0721413010284926,0.8255461616930432,0.7596541810648968,151842.45701732734,0.025644586725616,0.1111425855894227,0.9201837720461156,2.1978232577936883,7.178906644349124e-06
1933.48,True,forward,final_local_der_m_bounds,0.1065651939467883,0.03,0.0401884655938656,0.9982326067871894,False,0,True,0,,True,1.0719987879137531,0.8255136026554424,0.7593530015549085,151859.4838974897,0.0256956837394616,0.1108684984014709,0.9198552260220618,2.1981303724536274,7.1807931757861536e-06
1936.28,True,forward,final_local_der_m_bounds,0.1067780551978327,0.03,0.0402154854080263,0.998229712045189,False,0,True,0,,True,1.0720548319849807,0.8256856608714749,0.7586319397529847,151807.9169816903,0.0257902550888243,0.1104110438137711,0.9187902560307056,2.198754628252092,7.191689080532757e-06
1938.78,True,forward,final_local_der_m_bounds,0.1069005525696016,0.03,0.0402361251078552,0.9982274285874276,False,0,True,0,,True,1.0720772096924085,0.825591197366842,0.7587486608563566,151875.37090048226,0.0258233614762033,0.1102494547083315,0.9190367621122,2.1989648706840064,7.1865930897611054e-06
1941.58,True,forward,final_local_der_m_bounds,0.1069598195291545,0.03,0.0402602333690148,0.9982247817938996,False,0,True,0,,True,1.0719863945562231,0.825656800464906,0.7582004006363475,151863.25177577187,0.0258976280345761,0.1098766037368337,0.9182997102542176,2.19940874310625,7.193079717656334e-06
1949.48,True,forward,final_local_der_m_bounds,0.1070618517356705,0.03,0.0403174968685967,0.9982182594599854,False,0,True,0,,True,1.0719472522790592,0.8256576688676637,0.7573648249894068,151920.26596718992,0.0260810182442275,0.1089483843134464,0.9172867321974782,2.200658454412105,7.198611540945274e-06
1957.08,True,forward,final_local_der_m_bounds,0.1073526214133786,0.03,0.0403179465819659,0.9982167080147806,False,0,True,0,,True,1.0718784230209562,0.8257598959469038,0.7566464807568267,151942.15643201605,0.0262395690272941,0.108258635274382,0.9163032553054368,2.20128656136364,7.205474675618837e-06
1963.98,True,forward,final_local_der_m_bounds,0.1074076272483047,0.03,0.0401507705028172,0.998229813743256,False,0,True,0,,True,1.0718080629677678,0.8259431976316706,0.7568415590244679,151928.9323866351,0.0262957197151801,0.1083561371235325,0.9163360884799991,2.200150862119039,7.205639146446158e-06
1966.48,True,forward,final_local_der_m_bounds,0.107543116161844,0.03,0.0401251052370294,0.9982316561626388,False,0,True,0,,True,1.0716219606722723,0.8259230010542821,0.756873301948259,151933.86901103472,0.0262973044900476,0.10841867865934,0.9163969292320449,2.199792902419422,7.2049307758844665e-06
1968.88,True,forward,final_local_der_m_bounds,0.1077847783534004,0.03,0.0399886742728339,0.9982426820811328,False,0,True,0,,True,1.0716155706891028,0.8261343781008335,0.7566104071803885,151896.04140845704,0.0263747241156705,0.1082445238829057,0.9158442345901756,2.1994173845936693,7.211005631278734e-06
1971.48,True,forward,final_local_der_m_bounds,0.1077847783534004,0.03,0.0398405237654466,0.9982546834011106,False,0,True,0,,True,1.0715919298189376,0.826344644955379,0.756187880914911,151869.99063115023,0.0264648922704694,0.1079851524667873,0.9150998745272244,2.199266692484061,7.218092597577076e-06
1973.88,True,forward,final_local_der_m_bounds,0.1077847783534004,0.03,0.0396943239160259,0.9982665291983888,False,0,True,0,,True,1.071660125729512,0.8265688257951881,0.7560246855063082,151839.79366860306,0.026544590251289,0.1078193207337822,0.914654245251732,2.1988384287138847,7.222926845587634e-06
1976.58,True,forward,final_local_der_m_bounds,0.1077847783534004,0.03,0.0395315518606003,0.99827964371676,False,0,True,0,,True,1.0716842071164456,0.8267941323574808,0.7558026686954233,151815.17977505972,0.0266337305078412,0.1076206908346396,0.9141364689422312,2.1984101544513392,7.228087106875775e-06
1979.08,True,forward,final_local_der_m_bounds,0.1077847783534004,0.03,0.0393874897359501,0.9982911554420074,False,0,True,0,,True,1.0716437558681016,0.8269769090461127,0.7554405752827161,151811.8756738748,0.0267265696526841,0.1073523436879857,0.9134965765296748,2.1982319102325536,7.2332823828281506e-06
1981.58,True,forward,final_local_der_m_bounds,0.1077847783534004,0.03,0.0392524468607507,0.9983018223335548,False,0,True,0,,True,1.0716844010971374,0.8271641992247108,0.7553282491144186,151821.8063641732,0.0268150473345347,0.1071531131630136,0.9131539418925252,2.197803190917897,7.235409302572346e-06
1984.28,True,forward,final_local_der_m_bounds,0.1077847783534004,0.03,0.0391063896733217,0.998313328953144,False,0,True,0,,True,1.071674902050653,0.8273607276634013,0.7550813199389393,151803.41920768865,0.0269055045673094,0.1069370997870778,0.9126385803583033,2.1974538375245016,7.240292600586796e-06
1986.78,True,forward,final_local_der_m_bounds,0.1077847783534004,0.03,0.0389726327759774,0.9983238220464158,False,0,True,0,,True,1.071640432913142,0.8275574999826071,0.7549081902548167,151768.45200438754,0.0269838058637042,0.106786232082555,0.9122123722770716,2.1969343603193128,7.245238381779791e-06
1989.38,True,forward,final_local_der_m_bounds,0.1077847783534004,0.03,0.0388331047401771,0.9983347352399872,False,0,True,0,,True,1.0715735473902863,0.8277607883228374,0.7544396056112266,151737.14384125176,0.0270781572292582,0.1065164505481723,0.9114222565915812,2.1967996153415648,7.252996161916727e-06
1991.98,True,forward,final_local_der_m_bounds,0.1077847783534004,0.03,0.0386884683071587,0.9983460520605056,False,0,True,0,,True,1.071528794364469,0.8278799291671535,0.754453555013324,151736.0260497719,0.0271445724922684,0.1064178298007766,0.9113079426533552,2.1962457327507807,7.253854521063496e-06
1994.38,True,forward,final_local_der_m_bounds,0.1077847783534004,0.03,0.0385498036322272,0.998356909947817,False,0,True,0,,True,1.0715567363059406,0.8281157301739123,0.7541291726530293,151698.21773636751,0.0272388547724791,0.1061804878745784,0.9106567417752768,2.1959546634648683,7.260752638814994e-06
1997.08,True,forward,final_local_der_m_bounds,0.1077847783534004,0.03,0.0383904340672584,0.998369379004763,False,0,True,0,,True,1.071574710639393,0.8282861882958414,0.7538726943040726,151679.7569485156,0.0273265566447733,0.1059607181049363,0.9101596826757776,2.195775556981579,7.265535427076619e-06
2002.28,True,forward,final_local_der_m_bounds,0.1077847783534004,0.03,0.0380837495751909,0.998393268631531,False,0,True,0,,True,1.0714656215963576,0.8286087371948071,0.7534682045048406,151636.1346175365,0.0274878332321326,0.1056060538213918,0.9093172334335392,2.1950144289482534,7.274201691149687e-06
2004.78,True,forward,final_local_der_m_bounds,0.1077847783534004,0.03,0.0379453234502435,0.9984039455862476,False,0,True,0,,True,1.0714374850955335,0.8287865125966035,0.7530497658840369,151608.37781537464,0.0275785032507069,0.1053434358533468,0.9086173030551836,2.194976273261451,7.281107930904016e-06
2007.28,True,forward,final_local_der_m_bounds,0.1077847783534004,0.03,0.0378072129729353,0.9984145684073178,False,0,True,0,,True,1.0714230421964974,0.8289752137453791,0.7528793554291366,151585.01684398975,0.0276615322670319,0.1051719280508106,0.9082049052197412,2.194526550428431,7.285418659668559e-06
2009.98,True,forward,final_local_der_m_bounds,0.1077847783534004,0.03,0.0376721070809578,0.9984248368277572,False,0,True,0,,True,1.0713314284152342,0.8291004545284153,0.7526885484844771,151568.87197925022,0.0277294820063128,0.1050402243927557,0.9078375779115926,2.194185676862231,7.289086621451733e-06
2012.78,True,forward,final_local_der_m_bounds,0.1077847783534004,0.03,0.037542628638089,0.9984345765329712,False,0,True,0,,True,1.0713425187293328,0.8293578125230956,0.7522897355849913,151527.8934646026,0.027841615980455,0.1047464030945182,0.9070749973360164,2.19390514840116,7.29707013921075e-06
2015.48,True,forward,final_local_der_m_bounds,0.1077847783534004,0.03,0.0374017443117495,0.9984452833361598,False,0,True,0,,True,1.0713436317151248,0.8295918157091217,0.7520014080524624,151477.8649850461,0.0279324783967142,0.1045504003683219,0.9064715849561074,2.193512509045074,7.304206239536428e-06
2018.08,True,forward,final_local_der_m_bounds,0.1077847783534004,0.03,0.0372758203607822,0.9984547666924608,False,0,True,0,,True,1.071289912058205,0.8297539279351746,0.7518222861744268,151452.94421277067,0.0280124134784909,0.1043814070091961,0.9060786106132946,2.1930959931239355,7.308476233126725e-06
2020.6800000000003,True,forward,final_local_der_m_bounds,0.1077847783534004,0.03,0.0371508886954961,0.9984641467480534,False,0,True,0,,True,1.0712634302133148,0.8299375042214031,0.7515678346962303,151424.2519204637,0.0280974910491151,0.1041863852799447,0.9055716013235304,2.1927785462719784,7.31385292300601e-06
2028.38,True,forward,final_local_der_m_bounds,0.1077847783534004,0.03,0.0368042902968916,0.9984898785152836,False,0,True,0,,True,1.0712285272808808,0.8304544129079074,0.7510820911729106,151348.5206892156,0.0283320764379228,0.1037221219482784,0.904423023706903,2.191594621119449,7.3264436248666465e-06
2036.08,True,forward,final_local_der_m_bounds,0.1077847783534004,0.03,0.0362837978766767,0.998529319902712,False,0,True,0,,True,1.0710664136215504,0.8311056043709749,0.7511028476480234,151210.1709723797,0.0284818502976882,0.1039077748785168,0.9037393607957898,2.1888402682197845,7.33804471465105e-06
2042.6800000000003,True,forward,final_local_der_m_bounds,0.1077847783534004,0.03,0.0359300258640961,0.9985554808878346,False,0,True,0,,True,1.0709476336309085,0.8316017679736145,0.7511041116493106,151122.3480937804,0.0286341323159739,0.1038851653847227,0.9032016772638006,2.186777421082109,7.346180915116355e-06
2045.1800000000003,True,forward,final_local_der_m_bounds,0.107543116161844,0.03,0.0357855210585362,0.99856611696889,False,0,True,0,,True,1.0709489588012788,0.8318497188749747,0.7506831188336579,151073.84723154048,0.0287302571576195,0.1036648102373291,0.9024263659653696,2.1865541019107235,7.354709734079788e-06
2047.78,True,forward,final_local_der_m_bounds,0.1074076272483047,0.03,0.0358335345592045,0.9985622811408574,False,0,True,0,,True,1.0707957569820543,0.8316784822599543,0.751496796864009,151079.59954523772,0.0286136906996386,0.1042608082941781,0.903590525538109,2.1855511023675414,7.34491703067774e-06
2050.28,True,forward,final_local_der_m_bounds,0.1073526214133786,0.03,0.0358802747168838,0.9985586659902124,False,0,True,0,,True,1.0706034562857192,0.8315575327721011,0.7518820935008366,151060.69707245793,0.0285171365917768,0.1047068226148347,0.9041852955072676,2.184978763291082,7.341024362912614e-06
2052.6800000000003,True,forward,final_local_der_m_bounds,0.1070618517356705,0.03,0.0359285217592414,0.9985549315449368,False,0,True,0,,True,1.070430419973331,0.8313518407030676,0.7525851769462023,151073.29193831002,0.0283936458896193,0.1052791588016032,0.905254719000498,2.184244245547218,7.3317583313017694e-06
2055.48,True,forward,final_local_der_m_bounds,0.1069598195291545,0.03,0.0359711007164616,0.9985516406557552,False,0,True,0,,True,1.0701931802056468,0.831142869247235,0.753298902913504,151072.31837790765,0.0282633777440424,0.1058932037757258,0.906341052526584,2.1833759502816097,7.323029996954373e-06
2057.98,True,forward,final_local_der_m_bounds,0.1069005525696016,0.03,0.0360027588981627,0.998549227972686,False,0,True,0,,True,1.0700264743774928,0.8309754007148695,0.753816049850578,151079.69650857674,0.028161656333776,0.1063617017591057,0.9071460469252002,2.182817717638428,7.316194767203326e-06
2060.58,True,forward,final_local_der_m_bounds,0.1067780551978327,0.03,0.0360328056753726,0.9985469659348556,False,0,True,0,,True,1.0698468783274535,0.8308180636036127,0.7542835817965383,151073.47808713428,0.0280568159673326,0.1068399909019679,0.907880575591831,2.1822769732690643,7.310597532863508e-06
2063.1800000000003,True,forward,final_local_der_m_bounds,0.1065651939467883,0.03,0.0360670266190082,0.9985443767742808,False,0,True,0,,True,1.0696129471153533,0.8306609732036626,0.7548713178685451,151061.79814517073,0.0279422884792235,0.1073909853707168,0.9087598216600754,2.181432964274065,7.3040739615665075e-06
2065.88,True,forward,final_local_der_m_bounds,0.1063662621227624,0.03,0.0361046849848421,0.9985415128885942,False,0,True,0,,True,1.0694653123349973,0.8305524662188941,0.7553836432149296,151040.9287866165,0.0278368976096631,0.1079074865787589,0.9094953948590724,2.180709218545947,7.299133227594408e-06
2068.28,True,forward,final_local_der_m_bounds,0.1062875637027558,0.03,0.0361396582860863,0.9985388465729051,False,0,True,0,,True,1.069359188727486,0.8303703332489231,0.7561565247697616,151064.24945219624,0.0277237871222282,0.1084620387292298,0.9106256503784388,2.1799249312468088,7.288897915860986e-06
2070.88,True,forward,final_local_der_m_bounds,0.106151803271639,0.03,0.0361818516297785,0.9985356112412084,False,0,True,0,,True,1.0692167026257713,0.8302615999017215,0.7565832107278534,151051.44179185203,0.0276320944127063,0.1089028907773142,0.9112588259139174,2.179352056130138,7.284428150101465e-06
2073.48,True,forward,final_local_der_m_bounds,0.1060002353407644,0.03,0.0362262174200862,0.9985321981394232,False,0,True,0,,True,1.0689911077350094,0.83007353586711,0.7573961493973236,151047.52356551605,0.0275009667666428,0.1095560456808434,0.9124446409511584,2.178286439389203,7.275085484296159e-06
2076.08,True,forward,final_local_der_m_bounds,0.1060002353407644,0.03,0.0362723445746079,0.9985286398433724,False,0,True,0,,True,1.068775972576521,0.8298941886011217,0.757833473280266,151061.9506883001,0.0274042801541402,0.1099907283119153,0.9131687915030204,2.177809881132569,7.268651370227348e-06
2081.1800000000003,True,forward,final_local_der_m_bounds,0.1060002353407644,0.03,0.0363673961181763,0.9985212808678304,False,0,True,0,,True,1.0684549782715562,0.8296077433381766,0.7589511191245155,151054.10634242214,0.0271973265724812,0.110999224866189,0.9148312864952866,2.176432266072939,7.255738381862701e-06
2083.58,True,forward,final_local_der_m_bounds,0.1060002353407644,0.03,0.0364140767490058,0.9985176550400832,False,0,True,0,,True,1.0683284431877969,0.82950414078928,0.759439045702695,151036.73134044974,0.0271063496999871,0.1114543699455814,0.9155337609045358,2.175781708780137,7.250948956449472e-06
2086.28,True,forward,final_local_der_m_bounds,0.1060002353407644,0.03,0.036467737372955,0.9985134791199568,False,0,True,0,,True,1.0681653917731762,0.829347758890866,0.7600913816447763,151035.43843703906,0.0269946499843331,0.1120090942143646,0.916492959070981,2.1749915899756904,7.243358390641068e-06
2088.6800000000003,True,forward,final_local_der_m_bounds,0.1060002353407644,0.03,0.0365158007140266,0.9985097340211948,False,0,True,0,,True,1.0679923601590708,0.8291549752475443,0.7608220051999336,151049.82093237218,0.0268849005974138,0.1125505054131841,0.9175872157949604,2.174193096271526,7.233969511083716e-06
2091.48,True,forward,final_local_der_m_bounds,0.1060002353407644,0.03,0.0365748208773582,0.9985051204915868,False,0,True,0,,True,1.067854169795214,0.8290194441506454,0.7613485156857265,151045.05102181522,0.0267821940383288,0.1130528874368498,0.9183723265571294,2.173579241518586,7.2279629787921345e-06
2094.08,True,forward,final_local_der_m_bounds,0.1060002353407644,0.03,0.0361735639401697,0.9985379888786916,False,0,True,0,,True,1.067772623740069,0.8287898145181443,0.7624490693302707,151074.6359802348,0.0266517741472075,0.1137136443417831,0.9199546808783552,2.1725251213884333,7.213964196710442e-06
2096.78,True,forward,final_local_der_m_bounds,0.1060002353407644,0.03,0.0357771340776612,0.9985701117087424,False,0,True,0,,True,1.0677142787777365,0.8285718138214159,0.763642896949622,151083.6114402845,0.0265158518204346,0.1144218180586448,0.9216375505554087,2.1713345324939626,7.200165822995052e-06
2099.38,True,forward,final_local_der_m_bounds,0.1060002353407644,0.03,0.0354130015434,0.9985993135240372,False,0,True,0,,True,1.0677430432328463,0.8283515133095495,0.7649863581485202,151118.4327806047,0.0263808852900795,0.1151451925227166,0.9235045096883284,2.1701017048067057,7.183704041937567e-06
2107.1800000000003,True,forward,final_local_der_m_bounds,0.1060002353407644,0.03,0.0344465058274212,0.9986754397046138,False,0,True,0,,True,1.0676811141819642,0.8277178871297669,0.7686831204169922,151170.63046562535,0.0259883743431876,0.1172323692613487,0.9286776719088596,2.166560006461073,7.14050298494762e-06
2115.1800000000003,True,forward,final_local_der_m_bounds,0.1060002353407644,0.03,0.0339225756158832,0.9987164261113846,False,0,True,0,,True,1.0677044401200884,0.8269097917877165,0.7715576937519583,151303.6402336484,0.0256891280918799,0.118533076078939,0.93306150370273,2.165147760573575,7.10026812290815e-06
2121.78,True,forward,final_local_der_m_bounds,0.1060002353407644,0.03,0.034802848779067,0.9986511345876696,False,0,True,0,,True,1.0681695412186325,0.8257773314929191,0.76936476926553,151589.10666578723,0.0258968772303048,0.1158347668966173,0.9316855039779294,2.1736426333196297,7.098685687488812e-06
2124.58,True,forward,final_local_der_m_bounds,0.1060002353407644,0.03,0.0352066441837608,0.9986204805839112,False,0,True,0,,True,1.0684845996342107,0.8254430847070855,0.7681389305224354,151669.32910710308,0.0260303572143956,0.1144994741581687,0.9305777039673366,2.177415289616789,7.103973866271232e-06
2127.08,True,forward,final_local_der_m_bounds,0.1060002353407644,0.03,0.035125459755778,0.99862585684566,False,0,True,0,,True,1.068928419873891,0.8256831843299302,0.7660604232777115,151744.35246286442,0.0264343646235922,0.1123071527070041,0.9277897840433744,2.1806647678358884,7.1223718198226224e-06
2129.48,True,forward,final_local_der_m_bounds,0.1060002353407644,0.03,0.0350919236669151,0.9986275294270944,False,0,True,0,,True,1.069511589832277,0.8259878233293827,0.7640366199661838,151787.3681246691,0.0268356386307634,0.1101820779794719,0.9249974374761524,2.1838932635215125,7.142349567635981e-06
2131.98,True,forward,final_local_der_m_bounds,0.1060002353407644,0.03,0.03511187882794,0.9986250278027812,False,0,True,0,,True,1.0700795992002616,0.8263271862549871,0.7618099044428008,151804.5483976027,0.0272699460039664,0.1079034833466982,0.9219228377265593,2.187300690498108,7.1658860118805065e-06
2134.58,True,forward,final_local_der_m_bounds,0.1060002353407644,0.03,0.0351852128987968,0.9986183549286328,False,0,True,0,,True,1.070552455721244,0.8265807732709392,0.7593017696830553,151853.45099901714,0.0277312158864403,0.1054229269120045,0.9186056514215206,2.191298885554943,7.190107336658048e-06
2137.28,True,forward,final_local_der_m_bounds,0.1060002353407644,0.03,0.0353059115288864,0.9986079410019228,False,0,True,0,,True,1.071137759142016,0.826822286920159,0.7572359745912394,151908.35484789364,0.0281842035604366,0.1030605809894404,0.9158388526413304,2.1948932426062946,7.209728938792505e-06
2139.78,True,forward,final_local_der_m_bounds,0.1060002353407644,0.03,0.0354590378642513,0.9985950279489082,False,0,True,0,,True,1.0717040936172983,0.8270839253188029,0.7551202943760245,151959.00427695186,0.0286390769161969,0.1007165340484804,0.9129911382148556,2.198474030437209,7.230298948867553e-06
2142.38,True,forward,final_local_der_m_bounds,0.1060002353407644,0.03,0.0356607642278443,0.9985781472302784,False,0,True,0,,True,1.0721873242481297,0.827295184924718,0.752878131541169,152000.19063972824,0.0291101498653482,0.0982735159917166,0.9100477619843506,2.202295257063136,7.252279706999919e-06
2144.78,True,forward,final_local_der_m_bounds,0.1060002353407644,0.03,0.0358853867730858,0.9985594281656772,False,0,True,0,,True,1.072704584354467,0.8274388421612755,0.7510096275764208,152066.15596160435,0.0295407303364154,0.0960533244743123,0.9076315847280976,2.2058525120371733,7.2689184023859874e-06
2147.28,True,forward,final_local_der_m_bounds,0.1060002353407644,0.03,0.0361645970467739,0.9985361603919928,False,0,True,0,,True,1.0733094017780722,0.8276901241077472,0.7487917158544614,152106.25804973886,0.0300299305929205,0.0935861147342827,0.904676392824744,2.2097788136670635,7.291234907520445e-06
2149.98,True,forward,final_local_der_m_bounds,0.1060002353407644,0.03,0.0365197074892777,0.9985064614940484,False,0,True,0,,True,1.0739055506741415,0.8279932654765583,0.7461034815185067,152113.17885560216,0.0305908575204939,0.0907726230334425,0.9010984903229626,2.21429193952442,7.320432661261675e-06
2152.48,True,forward,final_local_der_m_bounds,0.1060002353407644,0.03,0.036898238401105,0.9984746006879875,False,0,True,0,,True,1.074446825320897,0.8281513988417789,0.7442290082799871,152180.54049177348,0.031079601764159,0.0883706211405307,0.8986629851991285,2.217915153397936,7.3374682969962495e-06
2155.08,True,forward,final_local_der_m_bounds,0.1060002353407644,0.03,0.037339698336798,0.9984371205710902,False,0,True,0,,True,1.0751248461771274,0.8283291991489171,0.7423504150143267,152242.81383728914,0.0315974551524472,0.0858614204027482,0.8962021570374062,2.2217721849399013,7.355024431835805e-06
2160.08,True,forward,final_local_der_m_bounds,0.1060002353407644,0.03,0.038309105310381,0.9983534547934272,False,0,True,0,,True,1.076240352952914,0.8286365986021406,0.7381986481027883,152359.99861946877,0.0326806013652153,0.0806340866621856,0.8908593336911312,2.2298840976238603,7.394436447305106e-06
2162.78,True,forward,final_local_der_m_bounds,0.1060002353407644,0.03,0.0388853213696202,0.9983027829318027,False,0,True,0,,True,1.0768699213591646,0.828764575239243,0.7361927608231184,152432.4525888777,0.0332633653977749,0.0778774779653186,0.8883014342288924,2.234098125405064,7.412696352392509e-06
2165.1800000000003,True,forward,final_local_der_m_bounds,0.1063662621227624,0.03,0.0394358006389758,0.9982537163192104,False,0,True,1,,True,1.0774455258759643,0.8287403881357861,0.7358417896016808,152520.80645351182,0.0336016948810097,0.0763663625706626,0.8879038600458745,2.235976268985951,7.411860639865814e-06
2167.58,True,forward,final_local_der_m_bounds,0.1069005525696016,0.03,0.0400456796403395,0.99819861730359,False,0,True,1,,True,1.077893813521617,0.8284599803383713,0.7383541119601784,152651.36900966123,0.0335375092461296,0.076900552574241,0.8912369088228129,2.2337038602403587,7.3773481019186e-06
2170.1800000000003,True,forward,final_local_der_m_bounds,0.1073526214133786,0.03,0.0407950877396656,0.9981298432591104,False,0,True,1,,True,1.0783556089399624,0.8281277740808956,0.7409395288633311,152802.51833373334,0.033487007890341,0.0773526214561322,0.8947164339291349,2.2315540823131466,7.340923518348568e-06
2172.78,True,forward,final_local_der_m_bounds,0.1076013072779818,0.03,0.041336488857485,0.998078999367928,False,0,True,1,,True,1.0787445893276146,0.8278394958102487,0.7430168652301075,152934.8484680081,0.0334741468527894,0.0776013072779818,0.8975373475058459,2.229962114033796,7.311149364599582e-06
2175.48,True,forward,final_local_der_m_bounds,0.1079106253505966,0.03,0.0419793242012416,0.998017879157438,False,0,True,1,,True,1.079073520294239,0.8274532588237775,0.7452899474353903,153103.0426415321,0.0334412063342863,0.0779106253505968,0.9007033805085473,2.2283030856665182,7.277090976100492e-06
2177.98,True,forward,final_local_der_m_bounds,0.1079151973405612,0.03,0.0426251463971697,0.9979555856824806,False,0,True,1,,True,1.0794313953045815,0.8271643751064266,0.746960893372421,153238.06578422055,0.0334683161335837,0.0779151973405617,0.9030380367581882,2.227354732337668,7.251606906241478e-06
2185.58,True,forward,final_local_der_m_bounds,0.1084021150820581,0.03,0.0449518181366267,0.9977236898965336,False,0,True,1,,True,1.0804191284898612,0.8261542717670101,0.7527688060160314,153666.6086807249,0.0334431405795925,0.0784021150820581,0.911172200811818,2.223637034432284,7.165762720477633e-06
2193.58,True,forward,final_local_der_m_bounds,0.1088955543592939,0.03,0.0464692511906893,0.997562425294415,False,0,True,1,,True,1.0810767110685569,0.8260454536756092,0.7565873877678579,153876.44662599292,0.0335548783494222,0.0788955543592939,0.9159149589181956,2.2192050613350123,7.1177237933823615e-06
2200.1800000000003,True,forward,final_local_der_m_bounds,0.1095282438592919,0.03,0.0446065517973501,0.9977450106560992,False,0,True,1,,True,1.0808111198839871,0.8284556506213002,0.7543440293377013,153403.6249259319,0.03396038073963,0.0795282438596324,0.9105424397455448,2.213306984404506,7.1805799862854e-06
2202.58,True,forward,final_local_der_m_bounds,0.1099126176464334,0.03,0.0439848269543939,0.997804486532362,False,0,True,1,,True,1.0807542116133877,0.8292738197102949,0.753842288961571,153251.5042011501,0.0340662998071965,0.0799126176464334,0.909039054464452,2.21096507329915,7.199032634076695e-06
2205.28,True,forward,final_local_der_m_bounds,0.1101148400697422,0.03,0.0430610838793974,0.9978979926891114,False,0,True,1,,True,1.0800649233630115,0.8292235247388626,0.7518801989478113,153121.41083745917,0.0338922487942041,0.0801148400697497,0.9067280130343528,2.2129325113649694,7.22413762486725e-06
2207.78,True,forward,final_local_der_m_bounds,0.111001189604875,0.03,0.0423537084738853,0.9979684461164764,False,0,True,1,,True,1.0793987904017757,0.8290174345847064,0.7512626325618232,153045.82406510704,0.0335890672585438,0.0810011896048809,0.9062084839484296,2.2133391193605343,7.232223259428624e-06
2210.28,True,forward,final_local_der_m_bounds,0.1113918663115407,0.03,0.0416496975575504,0.9980373593366296,False,0,True,1,,True,1.0787556230721986,0.828910817842526,0.7497998089537965,152940.6031199344,0.0333871170032443,0.0813918663115633,0.904560289013192,2.214805832752951,7.25092728358308e-06
2212.98,True,forward,final_local_der_m_bounds,0.1114818554533253,0.03,0.0409567466421098,0.9981042224121612,False,0,True,1,,True,1.0780976018763575,0.8288537380853492,0.7477367247807429,152814.2001942306,0.0332357051027994,0.0814818554533284,0.902133501271302,2.2170503534215555,7.277131344948917e-06
2215.38,True,forward,final_local_der_m_bounds,0.112061488395161,0.03,0.0404681989897523,0.9981510549902348,False,0,True,1,,True,1.0774125625728133,0.8286368010934857,0.7466999534717405,152747.46941385706,0.0329908781206412,0.0820614883951611,0.9011185026858332,2.218151841457633,7.289045673037429e-06
2218.08,True,forward,final_local_der_m_bounds,0.1123229421858008,0.03,0.0399833197557424,0.9981972534940472,False,0,True,1,,True,1.0767138752981753,0.8285320371330317,0.7448629712779298,152627.2967217364,0.0327986763541752,0.0823229421858008,0.8990152919799916,2.2201337217409427,7.312531831629182e-06
2220.58,True,forward,final_local_der_m_bounds,0.1124652347775369,0.03,0.0396378144062241,0.998230304260136,False,0,True,1,,True,1.0760885840671688,0.8283904761159531,0.7431214041500671,152546.92946865805,0.032634755692793,0.0824652347794895,0.8970665713520944,2.2222549279013384,7.3329772745690675e-06
2223.08,True,forward,final_local_der_m_bounds,0.1130236975048397,0.03,0.0394034639920788,0.9982532120686582,False,0,True,1,,True,1.0753986495190042,0.8282035072359638,0.7419401662428694,152465.90494002504,0.0323909396884726,0.0830236979898264,0.8958428209499032,2.2234862987565407,7.3474746089053e-06
2225.6800000000003,True,forward,final_local_der_m_bounds,0.1137710729388514,0.03,0.0392468017536407,0.998269236593226,False,0,True,0,,True,1.0746915266026744,0.8276632470116708,0.7439889805406765,152435.93904562798,0.0317273961393079,0.0857240722428858,0.8989030058141335,2.220625772150365,7.323796186724981e-06
2228.28,True,forward,final_local_der_m_bounds,0.1144583752500437,0.03,0.0391329987577296,0.9982814613952192,False,0,True,0,,True,1.073843591673974,0.8269737111718922,0.7474595745888476,152413.93704520242,0.0308923423913504,0.0893957111865584,0.9038492572268516,2.2157130602690565,7.284286389188746e-06
2230.98,True,forward,final_local_der_m_bounds,0.1144723996369506,0.03,0.0390556030400344,0.9982905883763472,False,0,True,0,,True,1.0730182598568994,0.8261133107388501,0.7516988229579501,152440.0545964684,0.0300021715894562,0.0934051276440486,0.9099221779705426,2.210289641550044,7.233746872321603e-06
2233.48,True,forward,final_local_der_m_bounds,0.1146169120209535,0.03,0.0390247936643775,0.998295498891852,False,0,True,0,,True,1.0722689929158786,0.8253927794445327,0.7554052393682967,152427.7225143204,0.0292319759913481,0.09695432261864,0.9152069877285144,2.2054401688249965,7.191835142036483e-06
2238.58,True,forward,final_local_der_m_bounds,0.1152685246995438,0.03,0.0390949977694395,0.9982940603531892,False,0,True,0,,True,1.0707196400199537,0.8236913408897788,0.7631642288336254,152455.7331348029,0.0277061531163801,0.1040727243382807,0.9265172412875314,2.196243234089971,7.101060106617224e-06
2241.1800000000003,True,forward,final_local_der_m_bounds,0.1157809363815985,0.03,0.0392074690354279,0.9982867264065364,False,0,True,0,,True,1.06975240229154,0.822833635719691,0.7666957273440985,152434.7145650065,0.0269807603656235,0.107502254343043,0.9317748984258628,2.1919177080044423,7.06109513827057e-06
2243.98,True,forward,final_local_der_m_bounds,0.1171549933106924,0.03,0.0393827190008216,0.9982741540545153,False,0,True,0,,True,1.068995265966957,0.8217731890848262,0.7714240837266659,152488.13632358026,0.0261765540531327,0.1114352402476892,0.9387311413575904,2.186986243818189,7.004958044343702e-06
2246.38,True,forward,final_local_der_m_bounds,0.1181723960318164,0.03,0.0395846307170721,0.9982588742624768,False,0,True,0,,True,1.068279932813562,0.8209007463385922,0.7750475400898437,152513.13963170163,0.0255355047076951,0.114587177914278,0.9441428133020168,2.183217333201454,6.962532901984144e-06
2248.98,True,forward,final_local_der_m_bounds,0.1185475483302179,0.03,0.039848617631661,0.9982383370775052,False,0,True,0,,True,1.067506716135087,0.8199163933260585,0.7793466127393494,152524.76588029205,0.024831393058544,0.1181528071023414,0.9505196128325544,2.178782376226936,6.913809156578151e-06
2251.58,True,forward,final_local_der_m_bounds,0.1216456087437422,0.03,0.0401681480748362,0.9982128453492518,False,0,True,0,,True,1.0667248626412955,0.8189295227255294,0.783304488624217,152532.52834001867,0.0241620426992194,0.1215470071921182,0.9564980463975136,2.17492479843436,6.868768879306689e-06
2253.98,True,forward,final_local_der_m_bounds,0.1246745038273107,0.03,0.0405076240628922,0.99818526514074,False,0,True,0,,True,1.0659440628229504,0.8179496333472285,0.787256898153379,152556.73821754468,0.023548345671722,0.1247382977036774,0.962476008371997,2.17111581892882,6.823423705417605e-06
2256.58,True,forward,final_local_der_m_bounds,0.1281032910460204,0.03,0.0409190473948673,0.9981513258104624,False,0,True,0,,True,1.065181689860476,0.8168547876120574,0.7916824331582687,152600.157896033,0.0228931152182798,0.1282045897043728,0.9691838074091772,2.167144910870759,6.772335536204646e-06
2264.1800000000003,True,forward,final_local_der_m_bounds,0.1379335006629902,0.03,0.0423793598081454,0.9980272041530922,False,0,True,0,,True,1.062955226640984,0.8136405306108999,0.8039142283172732,152673.51869800713,0.0211018274497745,0.1379153910911457,0.9880459466709164,2.1570341353608726,6.633716258008637e-06
2271.78,True,forward,final_local_der_m_bounds,0.1389341605354526,0.03,0.0451488864232085,0.9977750840467954,False,0,True,0,,True,1.0610976765885043,0.8096403344445149,0.8129501521070164,153008.8183298733,0.0196301119158949,0.1448357916338264,1.0040880098504137,2.155628929437723,6.507263775020053e-06
2278.48,True,forward,final_local_der_m_bounds,0.1393761519517629,0.03,0.0479145379448673,0.997508950112043,False,0,True,0,,True,1.0594428255419746,0.8062267154384658,0.8190524297601897,153216.98575012386,0.0184523097881199,0.1502899384138988,1.0159083221581768,2.156767192303955,6.417397950794556e-06
2281.08,True,forward,final_local_der_m_bounds,0.1396273530294238,0.03,0.0489547577157252,0.9974052648202244,False,0,True,0,,True,1.0585671025634544,0.8049400034227079,0.820770096371139,153220.0263647914,0.0180119209426923,0.152345884708547,1.019666177455611,2.1575230145162503,6.391686279342036e-06
2283.58,True,forward,final_local_der_m_bounds,0.1396645686221081,0.03,0.0485357998474654,0.9974471175465436,False,0,True,0,,True,1.0587288593042892,0.8051966990975201,0.8210044655225047,153292.02851418674,0.0181204845697254,0.1519988947239399,1.0196321798669843,2.1565586651772546,6.388968786465075e-06
2286.28,True,forward,final_local_der_m_bounds,0.1399898702863874,0.03,0.0480879000010881,0.997491504263944,False,0,True,0,,True,1.0589709341543103,0.8056935858660881,0.8207367592195219,153265.42565475957,0.0182613766501251,0.1515138676353556,1.0186710849103546,2.1555300351306896,6.396643468448855e-06
2288.78,True,forward,final_local_der_m_bounds,0.1403752139668792,0.03,0.0476765705076168,0.997531917193044,False,0,True,0,,True,1.0590168190885527,0.8063344600756598,0.8194755245365233,153112.38212451866,0.0184227696226809,0.1508321372641895,1.016297287430368,2.1549134368897334,6.4191721534019455e-06
2291.28,True,forward,final_local_der_m_bounds,0.1404617855788119,0.03,0.0472816874255841,0.9975703008580658,False,0,True,0,,True,1.0592843934215603,0.8067370977561209,0.8193014110725932,153110.26601618907,0.0185506343792745,0.1503860643297994,1.0155742352141968,2.1541701879187527,6.424220585394789e-06
2293.98,True,forward,final_local_der_m_bounds,0.1408584420260132,0.03,0.0468704528054883,0.997609863804896,False,0,True,0,,True,1.059260756878019,0.8070873499287142,0.8192394881801388,153108.334214328,0.0186763305135289,0.149993043051444,1.0150567819610825,2.152880670389974,6.42786207228993e-06
2296.48,True,forward,final_local_der_m_bounds,0.1412845597420634,0.03,0.0464954404264971,0.9976456291114124,False,0,True,0,,True,1.0594119647960467,0.8076779313132086,0.8180475618047978,153023.35091801157,0.0188473772731625,0.1492482894292953,1.0128388186547688,2.152585072884196,6.446566343056787e-06
2299.28,True,forward,final_local_der_m_bounds,0.1413354231826821,0.03,0.0460775880971641,0.9976852008062904,False,0,True,0,,True,1.059617596576074,0.808256325491097,0.8173334151250442,152942.0031998083,0.0190111069030631,0.1486408487080051,1.0112304591348935,2.1517964601680664,6.461019336901545e-06
2301.6800000000003,True,forward,final_local_der_m_bounds,0.1417577144723742,0.03,0.0457211826263369,0.99771871246571,False,0,True,0,,True,1.0597071011267667,0.8088316531249039,0.8165053841593907,152841.764589469,0.0191703892092439,0.1480328520550688,1.0094874267158556,2.150943863845482,6.477223543315107e-06
2304.38,True,forward,final_local_der_m_bounds,0.1419389332066958,0.03,0.045318940065511,0.9977562882048852,False,0,True,0,,True,1.059831983754,0.8091131502809908,0.8166445696428293,152879.48591493597,0.0192828632692875,0.1477151053296108,1.0093082399652298,2.1499439069258965,6.476879774563108e-06
2306.98,True,forward,final_local_der_m_bounds,0.1421925570688819,0.03,0.0449333750055875,0.997792048355196,False,0,True,0,,True,1.0599738988938852,0.809634363087506,0.8159356008725231,152808.87151920167,0.019436069399427,0.1471471518055853,1.0077828190999547,2.149242415983858,6.490363938663083e-06
2309.38,True,forward,final_local_der_m_bounds,0.1421925570688819,0.03,0.044580947566784,0.9978245040174708,False,0,True,0,,True,1.0600388316544855,0.8100181813961911,0.8155170979769653,152779.50242621874,0.0195646743418609,0.1466916530355356,1.0067886335233809,2.1485048876245623,6.498461827992984e-06
2311.98,True,forward,final_local_der_m_bounds,0.1421925570688819,0.03,0.0442013929675323,0.9978592185401371,False,0,True,0,,True,1.0601043134695662,0.8104324226984442,0.8148730325190071,152758.68560985036,0.0197111199320318,0.1461289465429788,1.0054793091887628,2.1479668314073344,6.50837272269815e-06
2317.28,True,forward,final_local_der_m_bounds,0.1421925570688819,0.03,0.0434341430569314,0.997928635708309,False,0,True,0,,True,1.0602335761221768,0.8113629074838539,0.8136890903026981,152643.71772454158,0.0200024952567232,0.1451060632165902,1.0028670066099743,2.146367071279081,6.5313343974320975e-06
2319.6800000000003,True,forward,final_local_der_m_bounds,0.1421925570688819,0.03,0.0430911651956723,0.9979593290174048,False,0,True,0,,True,1.0604195360630129,0.8116493861087944,0.81381737096952,152669.1984675807,0.0201124072418853,0.1447964475867019,1.002671085443826,2.1454899330479216,6.531606807581718e-06
2322.1800000000003,True,forward,final_local_der_m_bounds,0.1421925570688819,0.03,0.0427354374898301,0.997990949999708,False,0,True,0,,True,1.0605020375146497,0.8121867103332454,0.8130835822783258,152542.18399376277,0.0202517642107023,0.1443324250764846,1.0011042681857136,2.144656657020376,6.547902329370637e-06
2324.78,True,forward,final_local_der_m_bounds,0.1421925570688819,0.03,0.0423687202549351,0.9980233114128976,False,0,True,0,,True,1.0606975332260071,0.8126081728483446,0.8126527234107709,152541.61882409517,0.0203998053952173,0.1438089042779471,1.0000548241623883,2.144069074603044,6.555207445848444e-06
2327.28,True,forward,final_local_der_m_bounds,0.1421925570688819,0.03,0.0420169366999351,0.9980541413054764,False,0,True,0,,True,1.0607130870098185,0.8129432656459119,0.8124599589262997,152515.63413315456,0.0205149959208166,0.1434746272179668,0.999405485302559,2.14311230205107,6.56083237757929e-06
2329.98,True,forward,final_local_der_m_bounds,0.1421925570688819,0.03,0.0416314318297097,0.9980877136209808,False,0,True,0,,True,1.0607432835013049,0.8135500727459047,0.8113961864722854,152394.68443127398,0.0206862867332827,0.1428485411553533,0.9973524846892956,2.142380005075541,6.580324655053311e-06
2332.48,True,forward,final_local_der_m_bounds,0.1421925570688819,0.03,0.0412694701456581,0.9981190371620547,False,0,True,0,,True,1.0608044051986174,0.8139059075556234,0.8107791836829871,152391.5320013811,0.0208278570488413,0.1423084842154138,0.9961583718171714,2.1420315896547133,6.588784449694576e-06
2335.38,True,forward,final_local_der_m_bounds,0.1421925570688819,0.03,0.0408482365635895,0.9981552174228232,False,0,True,0,,True,1.061023264094441,0.8143481511535025,0.810657655196468,152353.57846633563,0.0209691773033265,0.1419140655890461,0.9954681594698692,2.140989440762263,6.5952308524654654e-06
2343.1800000000003,True,forward,final_local_der_m_bounds,0.1421925570688819,0.03,0.0397550724532031,0.9982475003635888,False,0,True,0,,True,1.0612745661180374,0.8156842475505275,0.8088558297694581,152214.10356837665,0.0214039467196995,0.1404470275538052,0.991628601629154,2.139026253417239,6.6281340289946575e-06
2351.08,True,forward,final_local_der_m_bounds,0.1421925570688819,0.03,0.0380179455188583,0.9983916403919189,False,0,True,0,,True,1.0612114650872757,0.8172032551181122,0.8107386635736299,151943.3407898766,0.0216016179013837,0.1413309494576543,0.9920893712745332,2.13061521806982,6.63655858538752e-06
2357.78,True,forward,final_local_der_m_bounds,0.1421925570688819,0.03,0.0372954859804054,0.9984486184920248,False,0,True,0,,True,1.0615126235158592,0.8181479916672484,0.8086606074194999,151912.35014702173,0.0220116415848076,0.1396120147015013,0.9884038287151268,2.130614315532799,6.663798738774626e-06
2360.28,True,forward,final_local_der_m_bounds,0.1421925570688819,0.03,0.0370313226527567,0.9984692133663056,False,0,True,0,,True,1.0616149381817548,0.818504517287096,0.8077772174111161,151866.71250982472,0.0221618311159267,0.1389767843616672,0.9868940248350307,2.130735384009733,6.676447535972971e-06
2362.98,True,forward,final_local_der_m_bounds,0.1421925570688819,0.03,0.037341832224659,0.9984441371480052,False,0,True,0,,True,1.061548046608324,0.8182629234116543,0.8081634596804056,151865.44966062793,0.0220700461153946,0.1393267065710537,0.9876574344965552,2.130955543428039,6.671126003579011e-06
2365.48,True,forward,final_local_der_m_bounds,0.1421925570688819,0.03,0.0376393982601009,0.9984198642444664,False,0,True,0,,True,1.061238679240997,0.8179025127916772,0.8083440045652459,151900.30064376016,0.0219842402564834,0.1395792170495889,0.9883133893380446,2.1314187800925035,6.665000261359377e-06
2367.88,True,forward,final_local_der_m_bounds,0.1421925570688819,0.03,0.0379349667104188,0.9983956076023784,False,0,True,0,,True,1.0610321345186355,0.8174807189199054,0.8092407987204503,151949.12010692194,0.0218640844847005,0.1400866967055437,0.9899203491791928,2.13131487791744,6.651555181555189e-06
2370.48,True,forward,final_local_der_m_bounds,0.1421925570688819,0.03,0.0382434400022696,0.9983701878861108,False,0,True,0,,True,1.060849027185226,0.8170312592075656,0.8098898602272864,152009.09940121186,0.0217445596849271,0.1405240472448267,0.991259332002541,2.131710171136243,6.639542273922213e-06
2372.98,True,forward,final_local_der_m_bounds,0.1421925570688819,0.03,0.0385361970873534,0.9983459205683968,False,0,True,0,,True,1.0606063316816288,0.8166549245980325,0.8103506996185132,152022.973284806,0.0216331579043317,0.1409372953834362,0.9922804298490916,2.131978559897118,6.631788652408525e-06
2375.48,True,forward,final_local_der_m_bounds,0.1421925570688819,0.03,0.0388310735668975,0.9983213074744522,False,0,True,0,,True,1.0605016008501629,0.8164212522821096,0.810359679880486,152009.50415816225,0.0215514608982081,0.1411841429733855,0.9925754353102888,2.132624509470667,6.630322863681215e-06
2378.28,True,forward,final_local_der_m_bounds,0.1421925570688819,0.03,0.0391619688009774,0.9982934839188976,False,0,True,0,,True,1.06040956481934,0.815789623390342,0.8121471256355002,152149.7733059169,0.0213863951871521,0.1419466654188866,0.9955350035715042,2.132303653022647,6.603523385823266e-06
2381.08,True,forward,final_local_der_m_bounds,0.1421925570688819,0.03,0.0394941329977248,0.9982653445578784,False,0,True,0,,True,1.0599475423639722,0.8153675209824286,0.8120394871656896,152136.08926144012,0.0212714601992565,0.1422768838891829,0.995918363521852,2.133095768111668,6.601459459019325e-06
2383.48,True,forward,final_local_der_m_bounds,0.1421925570688819,0.03,0.0397828561464179,0.9982407071187908,False,0,True,0,,True,1.0596900181497029,0.8150674550333444,0.8122407160196425,152138.82509947056,0.0211814462410454,0.1425868557452341,0.9965318956164356,2.13341620573925,6.597068935153222e-06
2386.28,True,forward,final_local_der_m_bounds,0.1421925570688819,0.03,0.0401248830668873,0.9982113040892464,False,0,True,0,,True,1.0595805265191027,0.8146184623805577,0.8129144985970149,152183.2115577296,0.0210517924285502,0.1430823144786198,0.9979082676587476,2.1339356492176536,6.585563390476676e-06
2388.78,True,forward,final_local_der_m_bounds,0.1421925570688819,0.03,0.0404318402304122,0.9981847220450152,False,0,True,0,,True,1.0593092774145114,0.8141718388577326,0.8135548419457661,152230.50152236625,0.0209325328599728,0.1435452096935691,0.9992421785150024,2.134169270864952,6.574247200810205e-06
2391.28,True,forward,final_local_der_m_bounds,0.1421925570688819,0.03,0.0407413665441874,0.9981577290342896,False,0,True,0,,True,1.0591477480224043,0.813770010759807,0.8142162623745274,152257.25376955487,0.0208135369149526,0.1440246118034066,1.0005483755960771,2.1344299209009727,6.564027580643287e-06
2396.38,True,forward,final_local_der_m_bounds,0.1421925570688819,0.03,0.041379086058322,0.998101524576436,False,0,True,0,,True,1.0588122890943803,0.8128970773171106,0.815710976482184,152375.42463748896,0.020574424396077,0.1449895893261911,1.0034615688056852,2.134955662086173,6.538781690660761e-06
2399.08,True,forward,final_local_der_m_bounds,0.1421925570688819,0.03,0.0417163320051527,0.9980714930465476,False,0,True,0,,True,1.0584175879916984,0.8125038228622627,0.8157311879912463,152381.02214678485,0.020471055828623,0.1453075426416585,1.0039721230081284,2.1356024690337447,6.535004932186168e-06
2401.48,True,forward,final_local_der_m_bounds,0.1421925570688819,0.03,0.0420182167314028,0.9980444224410546,False,0,True,0,,True,1.058325241378553,0.8121440352958055,0.8161725810203111,152390.34716131137,0.02036275142473,0.1457191355126847,1.0049603833180136,2.136155727208667,6.5277800052725165e-06
2403.98,True,forward,final_local_der_m_bounds,0.1421925570688819,0.03,0.042333741856729,0.9980159423407128,False,0,True,0,,True,1.0580218776549477,0.8117031047052127,0.8167891753377633,152438.51337126305,0.0202479854036463,0.1461744902494966,1.0062659248228425,2.1363478457679563,6.516715312386679e-06
2406.78,True,forward,final_local_der_m_bounds,0.1421925570688819,0.03,0.0426925878683284,0.9979833067492666,False,0,True,0,,True,1.0576953368942932,0.8112849888473836,0.8171783565238451,152457.58970410516,0.0201284343791155,0.1466275899758093,1.0072642385320532,2.1367212034162204,6.509017893526672e-06
2409.48,True,forward,final_local_der_m_bounds,0.1421925570688819,0.03,0.0430451693627473,0.9979509879650328,False,0,True,0,,True,1.057560522858506,0.8109018309325333,0.8178898889739503,152488.48695107922,0.0200161884675201,0.1471032752601898,1.0086176375177014,2.136911060630083,6.498396326342781e-06
2411.98,True,forward,final_local_der_m_bounds,0.1421925570688819,0.03,0.04338218703938,0.9979198374017498,False,0,True,0,,True,1.0572341006757404,0.810494046643067,0.8179335691396994,152485.7227359779,0.0199032216535425,0.1474752640129455,1.009178997091275,2.1377208821660134,6.494633847043258e-06
2414.58,True,forward,final_local_der_m_bounds,0.1421925570688819,0.03,0.0437440024172622,0.9978861160169268,False,0,True,0,,True,1.0572616945974258,0.810009111815942,0.8191498794242928,152584.54831027373,0.0197695336100076,0.1480875858641828,1.0112847713377673,2.137935990712927,6.4760074589754e-06
2422.28,True,forward,final_local_der_m_bounds,0.1421925570688819,0.03,0.044814197064801,0.9977849398232398,False,0,True,0,,True,1.056580547794492,0.8086863387531903,0.8210586126415305,152694.36560559957,0.0194050142602726,0.1495974894745188,1.0152992245515309,2.1389330712864614,6.443918812718855e-06
2430.08,True,forward,final_local_der_m_bounds,0.1421925570688819,0.03,0.0459385237464842,0.9976762563055948,False,0,True,0,,True,1.055815537258624,0.807358305228683,0.8225499408471972,152798.26803250672,0.0190552981558114,0.150968591058775,1.018816472835083,2.1403644671611106,6.415570207883189e-06
2436.6800000000003,True,forward,final_local_der_m_bounds,0.1421925570688819,0.03,0.0468564697117767,0.9975857930977258,False,0,True,0,,True,1.0551763829037324,0.8062828390852598,0.8238216642053163,152880.05401929756,0.0187608176559264,0.1521891669463942,1.0217526955428626,2.141408682817865,6.392200262262304e-06
2439.08,True,forward,final_local_der_m_bounds,0.1421925570688819,0.03,0.0473505674223137,0.9975366651015652,False,0,True,0,,True,1.0551473417207573,0.8057860938594424,0.8251360107205599,152905.10538049403,0.0185925430669497,0.1530248931622291,1.024013714071979,2.1414575645180203,6.3759238518154204e-06
2441.88,True,forward,final_local_der_m_bounds,0.1419389332066958,0.03,0.0468565654911445,0.9975847579465142,False,0,True,0,,True,1.055171409150938,0.8062701994547693,0.823784216599108,152862.78212361102,0.0187840011913847,0.1520866158086729,1.0217222677412392,2.1414967635076443,6.393123147324407e-06
2444.38,True,forward,final_local_der_m_bounds,0.1417577144723742,0.03,0.0463928877117792,0.997629874411938,False,0,True,0,,True,1.0552373791958722,0.8068326602765766,0.8226061953616642,152795.90447632276,0.0189710414277093,0.1512319366889718,1.0195499461805135,2.1410977539624056,6.410625560100716e-06
2447.1800000000003,True,forward,final_local_der_m_bounds,0.1413354231826821,0.03,0.0458837691710933,0.9976788383643912,False,0,True,0,,True,1.0554226373980946,0.8073625299430961,0.8216305008962771,152785.5170392031,0.0191724346832958,0.150323548149483,1.0176723224375877,2.140795818824208,6.423810691325152e-06
2449.6800000000003,True,forward,final_local_der_m_bounds,0.1412845597420634,0.03,0.0454407214995684,0.997721003260797,False,0,True,0,,True,1.0556166051116715,0.8080444947338622,0.8200705118415845,152659.16662799058,0.0193785319166091,0.1493678231470283,1.0148828649735226,2.140737188034163,6.4481152702462925e-06
2452.48,True,forward,final_local_der_m_bounds,0.1412845597420634,0.03,0.0449348422421219,0.9977688338447236,False,0,True,0,,True,1.055844724787595,0.8085271170750443,0.8191806509356658,152688.30059973375,0.0195804241351127,0.1484579462295873,1.0131764706905095,2.1405945003906584,6.458540048347568e-06
2455.08,True,forward,final_local_der_m_bounds,0.1412845597420634,0.03,0.044469860970781,0.9978124077824688,False,0,True,0,,True,1.055999732976758,0.8091301582380583,0.8179694328324865,152624.7856070713,0.0197830707230965,0.1475624363857473,1.010924416182529,2.140293665001445,6.476645990442061e-06
2457.78,True,forward,final_local_der_m_bounds,0.1412845597420634,0.03,0.0439958634619091,0.997856409451707,False,0,True,0,,True,1.056284604426725,0.8098229486554229,0.8166643523539621,152513.01946968175,0.0199938949214949,0.1466545625389718,1.0084480239907971,2.140054493407915,6.498408350397111e-06
2460.28,True,forward,final_local_der_m_bounds,0.1412845597420634,0.03,0.0435616215279337,0.9978963768566748,False,0,True,0,,True,1.0565897895723058,0.810413173278647,0.8153587366878468,152482.49225809006,0.0202018070154062,0.1457006748634739,1.0061025210007282,2.140249971121229,6.515868583129114e-06
2462.78,True,forward,final_local_der_m_bounds,0.1412845597420634,0.03,0.043134266307696,0.9979353660405552,False,0,True,0,,True,1.0566211256272795,0.810783406743882,0.8145576812777215,152508.17987691934,0.0203759531278456,0.1449330523575416,1.0046550959262932,2.1400274336440943,6.524764849701018e-06
2465.58,True,forward,final_local_der_m_bounds,0.1412845597420634,0.03,0.0426619397539153,0.997978063368847,False,0,True,0,,True,1.0568803317904805,0.8113533403389728,0.8137609269003417,152478.9163471448,0.0205728809083139,0.1441520036528647,1.0029673712323204,2.1395153711102832,6.537699064595225e-06
2467.98,True,forward,final_local_der_m_bounds,0.1412845597420634,0.03,0.0422642347843082,0.9980136848250364,False,0,True,0,,True,1.057075137070397,0.8120713077535472,0.8122179434263959,152343.2515944587,0.0207853181826821,0.1432357143230093,1.000180569946812,2.1393554380056634,6.562868189412602e-06
2470.58,True,forward,final_local_der_m_bounds,0.1412845597420634,0.03,0.0418402190457058,0.99805133127741,False,0,True,0,,True,1.0574147454796077,0.8125701553924632,0.8114405044761503,152348.06650105523,0.0209789577027997,0.1424311423119753,0.9986097804493358,2.13925501563217,6.573592874601309e-06
2475.78,True,forward,final_local_der_m_bounds,0.1412845597420634,0.03,0.0410104614033977,0.9981240221086508,False,0,True,0,,True,1.0576703036799058,0.8136067408785816,0.8090987558503768,152261.87025250203,0.0213696851579078,0.1407501582559335,0.9944592580153198,2.139158739152926,6.606319057209931e-06
2478.1800000000003,True,forward,final_local_der_m_bounds,0.1412845597420634,0.03,0.0406352705973699,0.9981564655523142,False,0,True,0,,True,1.057817340151591,0.8142137582251527,0.8078479443382776,152162.51227484766,0.0215692397115804,0.1399321788456144,0.9921816429376584,2.138939723715944,6.626620254191648e-06
2480.58,True,forward,final_local_der_m_bounds,0.1412845597420634,0.03,0.0402655760776569,0.9981881712500368,False,0,True,0,,True,1.058038260156708,0.8146966799993521,0.8069193844391469,152161.72300538383,0.0217603430997654,0.139137529913727,0.9904537532174412,2.1388875263985683,6.6388100481419465e-06
2483.28,True,forward,final_local_der_m_bounds,0.1412845597420634,0.03,0.0398554993686705,0.9982230376118876,False,0,True,0,,True,1.0581961767723942,0.815331855348551,0.8054370108304054,152066.77236083907,0.0219799544308987,0.138209756759721,0.9878640280601872,2.138924348974147,6.661243080356433e-06
2485.78,True,forward,final_local_der_m_bounds,0.1412845597420634,0.03,0.039481806914821,0.9982545304105436,False,0,True,0,,True,1.0584140523906882,0.8157997941409411,0.8046973471373504,152048.09574626383,0.0221617178974588,0.1375069645773932,0.986390721003697,2.138665806199838,6.672476707503533e-06
2488.38,True,forward,final_local_der_m_bounds,0.1412845597420634,0.03,0.0390973714636814,0.998286656381846,False,0,True,0,,True,1.0586339919784726,0.8163427102424822,0.8034468926810305,152012.23913128808,0.02237180253822,0.1366216148256662,0.9842029365857616,2.1388577019774884,6.689577945736071e-06
2490.78,True,forward,final_local_der_m_bounds,0.1412845597420634,0.03,0.0387458388905037,0.9983157950446804,False,0,True,0,,True,1.0587592684035934,0.8168026561203353,0.8024788448078527,151974.76193808208,0.0225531830027323,0.1358915544571698,0.9824635593369416,2.1387729078927893,6.703600578337564e-06
2493.38,True,forward,final_local_der_m_bounds,0.1412845597420634,0.03,0.0383631589568088,0.9983472811502244,False,0,True,0,,True,1.0589417019494556,0.8172980609597408,0.8014740769882358,151955.6119555894,0.0227534723842093,0.1350904368356131,0.9806386620409656,2.138728536114632,6.717453709636142e-06
2501.28,True,forward,final_local_der_m_bounds,0.1412845597420634,0.03,0.0372414827444939,0.998437923110869,False,0,True,0,,True,1.0596174429984513,0.8189157038023775,0.7982542990798794,151830.4708194244,0.0233753075880055,0.1326446862810209,0.9747698027689988,2.138691091296393,6.765046506939916e-06
2508.98,True,forward,final_local_der_m_bounds,0.1412845597420634,0.03,0.0360928729449479,0.9985284958551024,False,0,True,0,,True,1.0601421791096566,0.8205529177420078,0.7954447144743594,151632.73113669618,0.0239401801839221,0.1306719167347289,0.969400872600952,2.1377348395036986,6.812595337229128e-06
2515.6800000000003,True,forward,final_local_der_m_bounds,0.1412845597420634,0.03,0.0352204487017086,0.9985953502786454,False,0,True,0,,True,1.0605600196652374,0.8218377653868072,0.7928499999679788,151529.4644023315,0.0244538852895393,0.1287544555983647,0.96472811710571,2.1375914225095234,6.851213170377484e-06
2518.1800000000003,True,forward,final_local_der_m_bounds,0.1413354231826821,0.03,0.0348379684955085,0.998624191061762,False,0,True,0,,True,1.060663586518012,0.8224087034226365,0.7914869500685101,151477.58969764184,0.0246949998374348,0.127827338271932,0.9624009896473144,2.137678390871651,6.870588503539131e-06
2520.6800000000003,True,forward,final_local_der_m_bounds,0.141481318511398,0.03,0.0350010871111757,0.9986118191428804,False,0,True,0,,True,1.0606434441133066,0.8222585389514929,0.7917012951400823,151476.99196148617,0.0246242650463412,0.1280663630358146,0.9628374259872376,2.137878706657158,6.867437025745983e-06
2523.08,True,forward,final_local_der_m_bounds,0.1417577144723742,0.03,0.0351800477635904,0.998597922629512,False,0,True,0,,True,1.060347765713598,0.8219740966609541,0.7920300394093861,151503.0246542231,0.0245427026200872,0.1283538074117423,0.9635705585209952,2.137852066672417,6.860935529286274e-06
2525.78,True,forward,final_local_der_m_bounds,0.141818961760833,0.03,0.0353903789719023,0.99858154739689,False,0,True,0,,True,1.0602224814249457,0.8217165993564949,0.7923519603607999,151525.2089782525,0.0244544003643672,0.1286602208880705,0.9642642743024892,2.1380802919358106,6.854894492972788e-06
2528.28,True,forward,final_local_der_m_bounds,0.1421340845963852,0.03,0.035590238260282,0.9985659152510916,False,0,True,0,,True,1.0600720290860228,0.8213952195047373,0.7930899132518918,151554.51609854304,0.0243441618051918,0.1291124530645436,0.9655399671428424,2.1378905359148472,6.844254738492256e-06
2530.98,True,forward,final_local_der_m_bounds,0.1421925570688819,0.03,0.0358141021915496,0.9985482790510842,False,0,True,0,,True,1.0599320353203718,0.8210999628960318,0.7937268466634579,151586.1885816622,0.0242458382196256,0.1295033817873679,0.9666628699677096,2.137774191495059,6.834645371313551e-06
2533.48,True,forward,final_local_der_m_bounds,0.1422528366313568,0.03,0.0360234077037053,0.9985316971476944,False,0,True,0,,True,1.0597060266541565,0.8207784839153299,0.7943016253609937,151639.07435868602,0.0241537845139447,0.129854877963817,0.967741773117596,2.137672776694628,6.824430901176113e-06
2536.1800000000003,True,forward,final_local_der_m_bounds,0.1422643014260047,0.03,0.0362484570552075,0.9985137650751644,False,0,True,0,,True,1.0595217892081483,0.8205600138617064,0.7943399556039207,151623.53232031406,0.0240743447593552,0.1300992567270426,0.9680461418849924,2.1380517133953587,6.822971177295737e-06
2538.6800000000003,True,forward,final_local_der_m_bounds,0.1422643014260047,0.03,0.0364594641270611,0.9984968464165058,False,0,True,0,,True,1.0593950310219362,0.8201632464448733,0.7952816124322296,151687.72099578028,0.0239568283559936,0.1305858090700035,0.9696625834911562,2.137901463094907,6.808344364889483e-06
2541.1800000000003,True,forward,final_local_der_m_bounds,0.1422643014260047,0.03,0.0366711494102401,0.9984797782939552,False,0,True,0,,True,1.0591394424898928,0.8198424006977272,0.7957251364244977,151714.38192282364,0.0238592886345945,0.1309477897507495,0.9705830483362358,2.1379314954249047,6.800508172348709e-06
2543.78,True,forward,final_local_der_m_bounds,0.1422643014260047,0.03,0.0368929455747817,0.9984617952888274,False,0,True,0,,True,1.0589702719042566,0.8195994206812783,0.7960039985125064,151720.95430909385,0.0237803023294296,0.1312246225129145,0.9712110311776956,2.138086235460294,6.795695399990331e-06
2546.38,True,forward,final_local_der_m_bounds,0.1422643014260047,0.03,0.0371152583429189,0.9984436706920504,False,0,True,0,,True,1.0588046233237434,0.8191926372594086,0.7969463507440654,151783.00561573572,0.0236626552019287,0.1317133987684229,0.9728436444573432,2.1379010088258994,6.781114844671116e-06
2548.98,True,forward,final_local_der_m_bounds,0.1422528366313568,0.03,0.0373392735521339,0.9984253044476696,False,0,True,0,,True,1.058701631650895,0.8189019017524479,0.7975690619790942,151810.81255223465,0.0235649807513307,0.1321121450032851,0.973949456305204,2.137874964166866,6.771898917117526e-06
2553.98,True,forward,final_local_der_m_bounds,0.1421340845963852,0.03,0.0377759363515316,0.9983892051893138,False,0,True,0,,True,1.058247689637984,0.818313801888418,0.7981217505003627,151844.62898704698,0.0233904739798,0.13270955559814,0.9753248065210948,2.138342408109108,6.760556474511622e-06
2556.58,True,forward,final_local_der_m_bounds,0.141818961760833,0.03,0.038007577218974,0.9983698916108404,False,0,True,0,,True,1.058091516419663,0.8179718868733212,0.7988541998667325,151876.9143855537,0.0232817880739304,0.133159803691283,0.9766279412368736,2.138245516030884,6.749752958477854e-06
2558.98,True,forward,final_local_der_m_bounds,0.141481318511398,0.03,0.0382231730409645,0.9983518162027868,False,0,True,0,,True,1.057862373314418,0.8176177692927359,0.7993274421740615,151925.70906871228,0.0231871843606301,0.133501750112746,0.977629733837003,2.138418465245264,6.740421152982189e-06
2561.48,True,forward,final_local_der_m_bounds,0.1413196912851042,0.03,0.0384495038189301,0.9983327377309076,False,0,True,0,,True,1.0577541202530265,0.8173628565988375,0.7997650323745792,151951.1746323142,0.0231075228256816,0.1338067098837376,0.9784699976489202,2.1385202848649576,6.733278244234068e-06
2564.08,True,forward,final_local_der_m_bounds,0.1409348959234218,0.03,0.0386870962108136,0.9983125957803888,False,0,True,0,,True,1.057562539314376,0.816982565299545,0.8004285581888401,151980.33354673945,0.0229926294530946,0.1342602892682832,0.979737624994928,2.1385979743725607,6.722925958250601e-06
2566.58,True,forward,final_local_der_m_bounds,0.1408042979267331,0.03,0.0389170850193034,0.9982929882956748,False,0,True,0,,True,1.0572609006869167,0.8167003920311381,0.8007046086127383,151968.98808468514,0.0229020694831463,0.134597346204995,0.980414135251462,2.138641832578527,6.718615457501574e-06
2569.48,True,forward,final_local_der_m_bounds,0.1406705851804849,0.03,0.039181414799446,0.998270332151675,False,0,True,0,,True,1.0572407837974342,0.8165577890422966,0.8009609998761408,151929.66186617574,0.0228273037694203,0.1348940839377448,0.9808993443263232,2.1387658166711083,6.716890167711407e-06
2572.08,True,forward,final_local_der_m_bounds,0.1404952574186271,0.03,0.039428073132546,0.9982490408766126,False,0,True,0,,True,1.0569667024273488,0.816014336601558,0.8019187679765821,152053.26350496383,0.0226955528224912,0.1354105679872513,0.9827263223294832,2.138869374976617,6.698414451411661e-06
2580.08,True,forward,final_local_der_m_bounds,0.1403437368271123,0.03,0.0402123585206419,0.9981804776873794,False,0,True,0,,True,1.056330771167757,0.8150381808683349,0.8035565864530163,152099.88808079905,0.0223878270372845,0.136655203309651,0.9859128140437712,2.1388926817811527,6.6737348002143326e-06
2587.88,True,forward,final_local_der_m_bounds,0.1399681624383028,0.03,0.0409895845905204,0.998111292603414,False,0,True,0,,True,1.0556934513603429,0.8140671546855619,0.8048435235024759,152183.83313284226,0.0221050156296986,0.1377353909582939,0.988669692506328,2.1394008880488564,6.650567753473075e-06
2594.48,True,forward,final_local_der_m_bounds,0.1397877205030149,0.03,0.0416862785610239,0.9980482141690132,False,0,True,0,,True,1.055174200075795,0.8131365584553051,0.8063954570985531,152281.21776728248,0.0218441710281874,0.1387743667755814,0.9917097549155116,2.139636274690354,6.6248849557791285e-06
2597.28,True,forward,final_local_der_m_bounds,0.1396742594278612,0.03,0.0419049754980224,0.998028050675786,False,0,True,0,,True,1.0549726138817166,0.8129304140673503,0.8062975483313924,152283.75579549954,0.0217962509082216,0.138888230606789,0.9918407952006968,2.140132974278802,6.623868053607028e-06
2599.6800000000003,True,forward,final_local_der_m_bounds,0.1393482675791547,0.03,0.0421377974881228,0.9980065984006816,False,0,True,0,,True,1.0549961742201048,0.8127013114393209,0.8069837244985505,152279.05182456732,0.0217078736510969,0.1393010191218297,0.9929647130375066,2.140074528296389,6.6161571849119885e-06
2602.38,True,forward,final_local_der_m_bounds,0.1392283808957668,0.03,0.0423345501312267,0.9979889467124508,False,0,True,0,,True,1.0546693900932946,0.8122535857833783,0.8074805895772734,152336.1218274669,0.0215862879980802,0.1397404576400721,0.9941237609908468,2.140387291721264,6.605546102287209e-06
2604.88,True,forward,final_local_der_m_bounds,0.1392245568268137,0.03,0.0425250734475288,0.9979717062009452,False,0,True,0,,True,1.0546439773638665,0.8120035109618897,0.8080657658948244,152343.42043653206,0.0214923780650906,0.1401379489581368,0.9951505812303684,2.1404522987690844,6.598023429903979e-06
2607.78,True,forward,final_local_der_m_bounds,0.1390260924026247,0.03,0.0427464251550016,0.9979515321175024,False,0,True,0,,True,1.0544757738146031,0.8117694332126509,0.8080586022649214,152333.694823791,0.0214080357877754,0.140403876943204,0.99542871313466,2.14099487668853,6.596502993723446e-06
2610.28,True,forward,final_local_der_m_bounds,0.1387218830488967,0.03,0.0429459925325359,0.9979332090989804,False,0,True,0,,True,1.0542579529599607,0.8114335763410242,0.8083688406784456,152393.86936416163,0.0213229489956907,0.1406879507221375,0.9962230603318164,2.141374556551771,6.5883384788895855e-06
2613.08,True,forward,final_local_der_m_bounds,0.1383526601407262,0.03,0.0431759744678009,0.9979119348444928,False,0,True,0,,True,1.054086235778008,0.8111972856297783,0.8085926531102826,152347.75961590628,0.0212264576628033,0.1410658055396527,0.9967891503514172,2.1415968951176083,6.58637084486917e-06
2615.6800000000003,True,forward,final_local_der_m_bounds,0.1377840924013191,0.03,0.0433942444700558,0.9978916456103976,False,0,True,0,,True,1.0539961026255087,0.810737278396196,0.8095895816540928,152447.85343576092,0.0211053224535769,0.1415791776532727,0.9985843789687658,2.141746828165584,6.569496682567613e-06
2618.38,True,forward,final_local_der_m_bounds,0.1375328929839228,0.03,0.0436218619768987,0.9978703862697172,False,0,True,0,,True,1.0536969089347323,0.8105033897526369,0.8094220629184524,152447.77617090775,0.0210380204562594,0.1417538378201387,0.99866585772761,2.1422463958804934,6.568934341772623e-06
2620.78,True,forward,final_local_der_m_bounds,0.1374740001516106,0.03,0.0438255050865119,0.997851282612389,False,0,True,0,,True,1.0535695754135552,0.8101495744778978,0.8101493686748348,152496.66230992106,0.0209341729120847,0.1422003229365705,0.9999997459690536,2.142301659143362,6.557522341201686e-06
2623.58,True,forward,final_local_der_m_bounds,0.1367064796963727,0.03,0.0440646780069904,0.99782874404124,False,0,True,0,,True,1.053429470052041,0.8099143889407069,0.8104411980391724,152481.86929312104,0.0208451669640017,0.1425521353801577,1.0006504503508753,2.14249252605112,6.553623185938643e-06
2626.08,True,forward,final_local_der_m_bounds,0.136679198575756,0.03,0.0442789587384868,0.9978084598530292,False,0,True,0,,True,1.053324939102381,0.8096181067712168,0.810931015698553,152500.99700649854,0.0207515702400269,0.1429335114238604,1.0016216397785025,2.142710965539694,6.546038770482242e-06
2628.58,True,forward,final_local_der_m_bounds,0.1365985294256089,0.03,0.0444927978601371,0.997788136547093,False,0,True,0,,True,1.0531241273217709,0.8093579703080256,0.8111151079146016,152501.0987084207,0.0206656521688442,0.1432528926782538,1.002171026506241,2.14302225213431,6.542209793772139e-06
2633.78,True,forward,final_local_der_m_bounds,0.1357793085458622,0.03,0.0449406586394014,0.9977452911919534,False,0,True,0,,True,1.0529372670264543,0.809020571121584,0.8110629514056193,152507.20951520256,0.0205514058870835,0.143591848796227,1.0025245097058582,2.143978764202002,6.539482595310551e-06
2636.38,True,forward,final_local_der_m_bounds,0.1357196956241671,0.03,0.0451655030605826,0.9977236406130644,False,0,True,0,,True,1.052609314922292,0.8084605788515254,0.8119935690272686,152568.48474670036,0.0204029066979034,0.1442191681353928,1.0043700215794835,2.144124985342841,6.524036239384837e-06
2638.78,True,forward,final_local_der_m_bounds,0.1354018387045794,0.03,0.0453745373341343,0.9977034242282844,False,0,True,0,,True,1.052486235682813,0.8082576187096987,0.8121392993703447,152601.8495234123,0.0203420917356258,0.1444292184536639,1.0048025290090583,2.144434763928272,6.51960574705634e-06
2641.28,True,forward,final_local_der_m_bounds,0.1350566455090979,0.03,0.0455944193003364,0.9976820649009092,False,0,True,0,,True,1.052375155409826,0.8078962743750326,0.8130486912210407,152627.74813341422,0.0202241054935894,0.1449868572255592,1.0063775722322694,2.1443114509309806,6.507594586145837e-06
2643.98,True,forward,final_local_der_m_bounds,0.1349805856895857,0.03,0.0458298624791313,0.9976591075186956,False,0,True,0,,True,1.0521553439104403,0.8075468444260854,0.8135179103531975,152648.70200538373,0.0201215930759854,0.1454036385488151,1.007394079945115,2.1445303475004285,6.499666493911375e-06
2646.58,True,forward,final_local_der_m_bounds,0.134911033367952,0.03,0.0460595964617007,0.997636599614316,False,0,True,0,,True,1.0521253617369102,0.8072918576013506,0.8138676895518516,152673.52606335588,0.0200414511870706,0.1457110067420403,1.0081455447476448,2.144946630556268,6.493414512071346e-06
2649.28,True,forward,final_local_der_m_bounds,0.1346217417123201,0.03,0.04630335696197,0.9976125870958988,False,0,True,0,,True,1.0519497326209566,0.807045929259428,0.8137967723393673,152677.69754343262,0.0199664668800113,0.145939477948702,1.0083648809010586,2.1456105767215545,6.491705167084479e-06
2651.78,True,forward,final_local_der_m_bounds,0.1341382939284421,0.03,0.0465257059397868,0.99759060730633,False,0,True,0,,True,1.0516819338047494,0.8066312030239334,0.8147657000229571,152704.20804564847,0.0198429948070387,0.1465352597815738,1.0100845305370394,2.145294229379211,6.478724113496709e-06
2659.78,True,forward,final_local_der_m_bounds,0.1339384332818001,0.03,0.0472037177425665,0.9975232184844092,False,0,True,0,,True,1.0512902860644966,0.8056393997381215,0.8162688162416665,152807.86864020498,0.0195524161632702,0.1477278337099789,1.013193764489423,2.146172388145377,6.452939486979577e-06
2667.48,True,forward,final_local_der_m_bounds,0.1338809818980836,0.03,0.0477623063003246,0.997467325753996,False,0,True,0,,True,1.0507172925276504,0.8048368583128027,0.8176002510358983,152807.13927528422,0.0192639868478016,0.1490875779976993,1.0158583601027564,2.146212391387787,6.43470050448497e-06
2673.98,True,forward,final_local_der_m_bounds,0.1334007688903923,0.03,0.0481949797552036,0.9974237782247916,False,0,True,0,,True,1.0502944633153348,0.8040922136010156,0.8192805838192849,152864.0416317846,0.0190015177534068,0.1504388717882293,1.0188888413062107,2.145876148326448,6.411632188139436e-06
2676.78,True,forward,final_local_der_m_bounds,0.1334007688903923,0.03,0.048471961022594,0.997395691581518,False,0,True,0,,True,1.0499385644157886,0.8037369419241546,0.81983704029119,152833.85174071853,0.0188614872905111,0.1511300157212841,1.0200315520255814,2.145736822163216,6.40510512205394e-06
2679.28,True,forward,final_local_der_m_bounds,0.1334007688903923,0.03,0.0477721622331204,0.9974665898328516,False,0,True,0,,True,1.050236903796323,0.8044517191385938,0.8190806626808812,152781.1720829296,0.0190884341205551,0.1502558823613657,1.0181849863630748,2.144672706509424,6.419945308879415e-06
2681.6800000000003,True,forward,final_local_der_m_bounds,0.1334007688903923,0.03,0.0471808770641695,0.997524895619616,False,0,True,0,,True,1.0504688217805134,0.8051378808734593,0.8184162116162934,152766.5817451237,0.0193302493512379,0.1493352628968119,1.0164919960397705,2.1434605573786425,6.432162113768705e-06
2684.48,True,forward,final_local_der_m_bounds,0.1334007688903923,0.03,0.0464948112290969,0.9975918636942086,False,0,True,0,,True,1.0506757520045311,0.806034232506107,0.8170923102481455,152651.75050990938,0.0196189218370542,0.1482043188544937,1.0137191167522217,2.1423083532030285,6.456014952528304e-06
2687.1800000000003,True,forward,final_local_der_m_bounds,0.1334007688903923,0.03,0.045837549565761,0.9976553121383328,False,0,True,0,,True,1.0509239135328017,0.8068310382045434,0.8159187971755217,152608.5926825624,0.0198991994010169,0.1470914073685618,1.0112635217792334,2.1414191744215056,6.474727662445868e-06
2689.58,True,forward,final_local_der_m_bounds,0.1334007688903923,0.03,0.0452521395408292,0.9977112594420694,False,0,True,0,,True,1.0511389427653917,0.8075355306848481,0.814938904121452,152537.47845201142,0.020136400353579,0.1461866552254349,1.0091678609241197,2.1405518609012795,6.492199374510207e-06
2692.1800000000003,True,forward,final_local_der_m_bounds,0.1334007688903923,0.03,0.0446183833562534,0.9977712506974477,False,0,True,0,,True,1.0512804490419063,0.8083054364801395,0.8138885083270581,152481.7492180871,0.020400149418034,0.145196972215823,1.006907131382452,2.1393924711514924,6.510202317684031e-06
2694.78,True,forward,final_local_der_m_bounds,0.1334007688903923,0.03,0.043983935788089,0.99783061790225,False,0,True,0,,True,1.051694294451936,0.8091852911625982,0.8125629746356938,152369.99535795566,0.0206768988656201,0.1441366422009904,1.004174178040536,2.138761415819824,6.533927710893449e-06
2697.1800000000003,True,forward,final_local_der_m_bounds,0.1334007688903923,0.03,0.0434044956297542,0.9978842349613224,False,0,True,0,,True,1.0517780228896887,0.8098987891061072,0.8112271214096681,152312.15197787277,0.0209360927143245,0.1431112846950359,1.0016401213601356,2.138105315115318,6.554031508511847e-06
2699.6800000000003,True,forward,final_local_der_m_bounds,0.1334007688903923,0.03,0.0428094496151404,0.997938662228808,False,0,True,0,,True,1.0520895353154889,0.8106441865565303,0.8103981431567315,152261.55630471994,0.0211874689977758,0.1422242521056852,0.9996964841000786,2.1370998038500284,6.569764066579014e-06
2702.28,True,forward,final_local_der_m_bounds,0.1334007688903923,0.03,0.0421994050984068,0.997993789857508,False,0,True,0,,True,1.0522822143521118,0.8114217459277788,0.8092054212030069,152174.28510052495,0.0214527910235979,0.1412522663572296,0.99726859091971,2.13624307698778,6.590507913999502e-06
2704.78,True,forward,final_local_der_m_bounds,0.1334007688903923,0.03,0.0416212173418614,0.9980454079656674,False,0,True,0,,True,1.05243037866239,0.8121894553762734,0.8076993777251597,152078.7544312164,0.0217183876503311,0.1402241696135914,0.9944716375946624,2.135777296549197,6.6142768545292165e-06
2707.58,True,forward,final_local_der_m_bounds,0.1334007688903923,0.03,0.0409836171193465,0.9981016138320008,False,0,True,0,,True,1.0527857154302225,0.8130227181066343,0.8067992409626991,152039.481569672,0.0220078505347761,0.139236135040792,0.9923452604640268,2.134652316590319,6.63093304854252e-06
2712.78,True,forward,final_local_der_m_bounds,0.1334007688903923,0.03,0.0398247654407276,0.9982018480501268,False,0,True,0,,True,1.0532764887356012,0.8145448989161483,0.8046871837559335,151883.12624753988,0.022531729093721,0.1374271042887164,0.987897886079292,2.1329488500259406,6.669166948641725e-06
2715.28,True,forward,final_local_der_m_bounds,0.1334007688903923,0.03,0.0392772447779202,0.9982483490233468,False,0,True,0,,True,1.0534607567947771,0.8151513133007717,0.8039669304670433,151849.65446139622,0.0227678081156544,0.1366380764973744,0.9862793782562408,2.1320848373734127,6.682094333928093e-06
2717.6800000000003,True,forward,final_local_der_m_bounds,0.1334007688903923,0.03,0.0387592549470062,0.9982918249266276,False,0,True,0,,True,1.0536277207676663,0.815821292009787,0.802865251887225,151802.34541136742,0.0230182637437764,0.1357504571641764,0.9841190218379264,2.13149167375556,6.699525053265864e-06
2720.28,True,forward,final_local_der_m_bounds,0.1334007688903923,0.03,0.0382052705312767,0.9983377690285914,False,0,True,0,,True,1.0539340682550336,0.8166036523591693,0.801789602554272,151718.0877105567,0.0232842719043806,0.1348635191827061,0.981858947407228,2.1307346327731573,6.719331989224787e-06
2722.88,True,forward,final_local_der_m_bounds,0.1334007688903923,0.03,0.0376638692812337,0.998382091541228,False,0,True,0,,True,1.0541650300391596,0.8173889088944056,0.8006356228434218,151626.7702461344,0.023553693604185,0.1339661007425841,0.9795038984886104,2.1299327363853267,6.740195213465425e-06
2725.58,True,forward,final_local_der_m_bounds,0.1329708648917373,0.03,0.0371054972364664,0.9984272431784006,False,0,True,0,,True,1.0544194408307064,0.818095022527004,0.7996077453072701,151568.96366591335,0.0238179663064765,0.1330860102558754,0.9774020416813822,2.129298909512737,6.757812141880818e-06
2728.1800000000003,True,forward,final_local_der_m_bounds,0.1321572155258852,0.03,0.036574896922173,0.998469608358094,False,0,True,0,,True,1.054616845056653,0.8188217406442128,0.7984282146811753,151507.14124649554,0.0240907941567919,0.1321635134704933,0.9750940589987356,2.1286964208139723,6.7771487719161575e-06
2730.98,True,forward,final_local_der_m_bounds,0.131359122315189,0.03,0.0360104035836842,0.9985141021712456,False,0,True,0,,True,1.0548337495166495,0.819610414872801,0.7971064445857463,151433.76783085222,0.0243846710810842,0.1311726165891706,0.972543088913106,2.1281162727743923,6.798818215771445e-06
2738.6800000000003,True,forward,final_local_der_m_bounds,0.1308699148948486,0.03,0.0345271854205314,0.9986280181408902,False,0,True,0,,True,1.0554608686514282,0.8217069318904102,0.7936788472707422,151232.950704805,0.0251763776473144,0.1285761019088552,0.9658904123454491,2.126598055176178,6.856083837347029e-06
2746.48,True,forward,final_local_der_m_bounds,0.1308699148948486,0.03,0.0331380791223616,0.9987307274863366,False,0,True,0,,True,1.056016265306612,0.8237094129703915,0.7905383050500193,151047.25739419053,0.0259616017972991,0.1260922112777359,0.9597295995431772,2.124927291439185,6.909520039479871e-06
2753.58,True,forward,final_local_der_m_bounds,0.1308699148948486,0.03,0.0320992295747316,0.9988046014519718,False,0,True,0,,True,1.05657757381355,0.8254766828300365,0.7868644525801212,150899.70296191768,0.0267469950142858,0.1233540972846413,0.9532243235296016,2.124963351359572,6.964362768322397e-06
2756.08,True,forward,final_local_der_m_bounds,0.1308699148948486,0.03,0.0317388727077657,0.9988297145955052,False,0,True,0,,True,1.0568674151159057,0.8261190525816019,0.7856888052520389,150857.7613271604,0.0270341107699952,0.1223902961885207,0.9510600231247308,2.1249303194853497,6.982356087280038e-06
2758.78,True,forward,final_local_der_m_bounds,0.1308699148948486,0.03,0.0315470119870732,0.9988428333679672,False,0,True,0,,True,1.0569977919434774,0.8264988545493263,0.7847974080326579,150819.62280775083,0.0272131310302345,0.1217623277084401,0.9495444593938276,2.125120716808359,6.995435643898137e-06
2761.28,True,forward,final_local_der_m_bounds,0.1308699148948486,0.03,0.0313693489511054,0.9988550545893718,False,0,True,0,,True,1.0571177021410123,0.8268083565100139,0.7841321827380322,150794.85081980118,0.0273581127151819,0.1212637163069308,0.9483844430986168,2.125215778535737,7.005249505171892e-06
2764.08,True,forward,final_local_der_m_bounds,0.1308699148948486,0.03,0.0311802088169678,0.9988679736702902,False,0,True,0,,True,1.0572194467399094,0.8271134176243905,0.7833661706754056,150782.67562401088,0.0275194091624355,0.1206893824240314,0.947108527057106,2.1254415076824964,7.0153838200155125e-06
2766.78,True,forward,final_local_der_m_bounds,0.1308699148948486,0.03,0.0310063936188112,0.9988797635531768,False,0,True,0,,True,1.057269307027287,0.8274572416311694,0.7825446890843414,150738.48310243984,0.0276774601504313,0.1201436862629166,0.9457222073997544,2.1255067607071987,7.027850986679857e-06
2769.48,True,forward,final_local_der_m_bounds,0.1308699148948486,0.03,0.0308280927484169,0.9988918437724208,False,0,True,0,,True,1.0573893799250569,0.8278260231794157,0.781611983267582,150692.01517764857,0.0278450787990135,0.1195451457545747,0.944174212192146,2.1257906172087324,7.041679422977856e-06
2772.08,True,forward,final_local_der_m_bounds,0.1308699148948486,0.03,0.030669968482385,0.9989024331578455,False,0,True,0,,True,1.0574917448185646,0.8280782266806604,0.7809872135183984,150685.91836456457,0.0279862041532441,0.119053565240998,0.9431321683809684,2.1260082280836494,7.0498257773193946e-06
2774.78,True,forward,final_local_der_m_bounds,0.1308699148948486,0.03,0.0305149360252719,0.9989127410078242,False,0,True,0,,True,1.057554010467179,0.8283719450822957,0.7802104197406909,150664.50769943156,0.0281427763971706,0.1185015641839546,0.9418600235950528,2.126222624177462,7.060451614574396e-06
2777.28,True,forward,final_local_der_m_bounds,0.1308284105937073,0.03,0.0303809450682998,0.9989215572418828,False,0,True,0,,True,1.0576263979755107,0.8286540592484607,0.7795859302419904,150631.81694219555,0.0282796012324116,0.1180479290621877,0.940785749543094,2.126274936250646,7.070101419264547e-06
2780.08,True,forward,final_local_der_m_bounds,0.1306840985734964,0.03,0.030237533494777,0.9989309253479705,False,0,True,0,,True,1.0577194619061152,0.8289602223970464,0.77879083925537,150610.58062563383,0.0284423803509822,0.1174803401365444,0.9394791429236434,2.126538332725983,7.081015538756732e-06
2782.58,True,forward,final_local_der_m_bounds,0.130603613562835,0.03,0.0301131941262382,0.9989390009827424,False,0,True,0,,True,1.057758693403317,0.8291776704061985,0.778226969942923,150601.3272795657,0.0285746550325817,0.1170300574651138,0.9385527344961958,2.1266718562804354,7.088493238271384e-06
2785.28,True,forward,final_local_der_m_bounds,0.1304231399578469,0.03,0.0299833666674918,0.9989473836906756,False,0,True,0,,True,1.0578417714494697,0.8294950027592662,0.7774275023314242,150555.16824221975,0.0287299478820413,0.1165005658220721,0.937229880524123,2.1268860770836664,7.10073658204848e-06
2787.88,True,forward,final_local_der_m_bounds,0.1303037876974823,0.03,0.0298636252641563,0.9989550637182129,False,0,True,0,,True,1.0578674077568142,0.8297629374828331,0.776625938282586,150533.16580743316,0.0288828449242952,0.1159607343265852,0.935961228442616,2.127169776306846,7.1114793684456335e-06
2792.98,True,forward,final_local_der_m_bounds,0.1301855791435296,0.03,0.0296445184887827,0.9989689735048708,False,0,True,0,,True,1.0579911809021751,0.8302684842242922,0.7753386894850066,150490.29222933814,0.0291642194252293,0.1150131603716466,0.9338409252151662,2.127524762062046,7.129723439696769e-06
2795.38,True,forward,final_local_der_m_bounds,0.1301503681969576,0.03,0.0295542935913111,0.9989746029722864,False,0,True,0,,True,1.0580736578048648,0.8305278531878396,0.7747536979276948,150459.0526468461,0.0292975042366231,0.1145798225794479,0.9328449310326375,2.1276341199814714,7.138822029103886e-06
2798.08,True,forward,final_local_der_m_bounds,0.1299940360254427,0.03,0.0294575168890121,0.9989805973618134,False,0,True,0,,True,1.0580864007209254,0.8308165536569802,0.7738125515524892,150425.38655871648,0.0294624749197894,0.113990952715984,0.9313879798692284,2.1280372458893853,7.151661555685981e-06
2800.58,True,forward,final_local_der_m_bounds,0.1298611202952961,0.03,0.0293753547315834,0.9989856242236728,False,0,True,0,,True,1.0581900857930004,0.8310905245913683,0.7731949926037156,150394.64648868478,0.0296027554508491,0.1135355416518217,0.9303378750273698,2.128189885113772,7.16118619047825e-06
2803.48,True,forward,final_local_der_m_bounds,0.1298611202952961,0.03,0.0292777847009496,0.998991603757964,False,0,True,0,,True,1.0582448459175466,0.8313448852265637,0.7724746001846159,150387.93510872798,0.0297649682216545,0.1129847955577359,0.9291866876333712,2.1284728454369723,7.170398550671242e-06
2806.08,True,forward,final_local_der_m_bounds,0.1295545362708479,0.03,0.0292078932634968,0.9989957498414556,False,0,True,0,,True,1.058284619345806,0.8316478870375167,0.7717025477924937,150329.51550265885,0.0299141887287663,0.112494689515575,0.9279198081551564,2.128630772953203,7.182971938775788e-06
2808.88,True,forward,final_local_der_m_bounds,0.1292725074884453,0.03,0.029139294612404,0.9989997535666229,False,0,True,0,,True,1.0583881363026066,0.8319177787937032,0.7710843019700735,150313.621613414,0.0300689458656991,0.111995172825739,0.9268756139436768,2.1288049496734667,7.191793645888836e-06
2811.48,True,forward,final_local_der_m_bounds,0.1292033397321223,0.03,0.0290809442052979,0.999003102866056,False,0,True,0,,True,1.0584388900573425,0.8321992214483191,0.7703161079997072,150277.19111051655,0.0302223249932337,0.1114818365047444,0.925639063515448,2.1290618396044234,7.203136849692149e-06
2819.08,True,forward,final_local_der_m_bounds,0.1289407916340406,0.03,0.0289677540716807,0.9990089618539646,False,0,True,0,,True,1.0585838700489831,0.8329408397580272,0.7683374747445809,150207.07613821383,0.0306526332640201,0.1100720246056601,0.92243943155409,2.129704116293146,7.231417598983314e-06
2827.1800000000003,True,forward,final_local_der_m_bounds,0.1286363198727558,0.03,0.0290054157256265,0.9990044761647294,False,0,True,0,,True,1.05883207570903,0.8337106012732408,0.7657651848987039,150125.71334727673,0.0311675295845885,0.1082286264889049,0.918502396070326,2.131385649434786,7.2663193930883774e-06
2833.6800000000003,True,forward,final_local_der_m_bounds,0.1283275117974932,0.03,0.0289995866301833,0.9990032856580724,False,0,True,0,,True,1.0590029420109006,0.8343736260176585,0.7640803515578696,150056.63998971623,0.0315455076351284,0.1070272538936007,0.9157532401937388,2.131947675463852,7.291288655685207e-06
2836.58,True,forward,final_local_der_m_bounds,0.1283169146047511,0.03,0.0290097603849914,0.9990018828568604,False,0,True,0,,True,1.0590997779967872,0.8346794869571773,0.7632270610784105,150018.40472654512,0.0317225000844839,0.1064476196173124,0.9143953733195882,2.132365740888879,7.303885194917753e-06
2838.98,True,forward,final_local_der_m_bounds,0.1281675996078836,0.03,0.0291151553278355,0.9989954448940656,False,0,True,0,,True,1.0587778340250065,0.8340160458138078,0.7645605906744558,150110.11939910843,0.0314506057668382,0.1072894729218751,0.916721680010869,2.132037716818404,7.281196960506127e-06
2841.48,True,forward,final_local_der_m_bounds,0.1281058823342278,0.03,0.0292387211242083,0.998987777723373,False,0,True,0,,True,1.0585657957457275,0.8335045929305535,0.7654531899410502,150132.75563310043,0.031216114801514,0.1079761348456885,0.9183550953807722,2.132072867075813,7.267383153273315e-06
2844.08,True,forward,final_local_der_m_bounds,0.1281058823342278,0.03,0.0293804489868459,0.9989788674853336,False,0,True,0,,True,1.058259018313899,0.8329105001685191,0.7664331043889634,150173.93743027907,0.0309621285846807,0.108721020299081,0.9201866277756066,2.132084974798483,7.251185606733818e-06
2846.6800000000003,True,forward,final_local_der_m_bounds,0.1280214795074066,0.03,0.0295322561381528,0.99896921610744,False,0,True,0,,True,1.05797616131109,0.8322889967851378,0.7676465627838979,150225.44313318047,0.0306947156910257,0.1095491563794793,0.9223317450417672,2.131891021128768,7.232033601961122e-06
2849.48,True,forward,final_local_der_m_bounds,0.1279871821487095,0.03,0.0297109863554765,0.998957688269902,False,0,True,0,,True,1.057646427181642,0.8316183313228903,0.7688290617307403,150291.84233998245,0.0304214876533788,0.1103750371581576,0.9244974921461044,2.1318350633609287,7.212105779142638e-06
2852.08,True,forward,final_local_der_m_bounds,0.1278437565768554,0.03,0.0298777486895741,0.9989469168383904,False,0,True,0,,True,1.05734417596981,0.8310191286138608,0.7700438412072533,150337.2368205704,0.0301585132861142,0.1112121952048515,0.9266258918632664,2.131534547934145,7.1934754990771046e-06
2854.78,True,forward,final_local_der_m_bounds,0.1278298962085392,0.03,0.0300678372556154,0.9989344880928072,False,0,True,0,,True,1.0571011901538214,0.8304127138448083,0.7710682670397183,150393.371885687,0.0299066960649073,0.1119644238838153,0.9285362015589508,2.1316765482423983,7.176128134909315e-06
2857.1800000000003,True,forward,final_local_der_m_bounds,0.127728039573009,0.03,0.0302483204355424,0.998922582006447,False,0,True,0,,True,1.056881676422055,0.8298885696262974,0.7720418303103037,150430.28412774828,0.0296775295180998,0.112677513260908,0.9302957753207248,2.131651095743761,7.160863643954569e-06
2859.58,True,forward,final_local_der_m_bounds,0.1276980558944677,0.03,0.0304428773656199,0.9989096200448244,False,0,True,0,,True,1.056618459698756,0.8293389884285846,0.7729654644580973,150473.36214005697,0.0294501226453738,0.1133707511618831,0.932025957109164,2.131710179009912,7.145596110765673e-06
2862.1800000000003,True,forward,final_local_der_m_bounds,0.1276941210504469,0.03,0.0306715147359417,0.9988942248565884,False,0,True,0,,True,1.0563431463661257,0.8287138260811295,0.7741241281149498,150536.0411937503,0.0291934972029936,0.1141800582482802,0.934127202602222,2.1316686746166,7.126575766379413e-06
2864.58,True,forward,final_local_der_m_bounds,0.1274559681331536,0.03,0.0308991222558647,0.9988787377494154,False,0,True,0,,True,1.056090456090576,0.8281734652270695,0.7750899882244973,150577.41085200608,0.0289658143836593,0.1148960558414512,0.9359029488006868,2.131662384569628,7.111102975792802e-06
2867.28,True,forward,final_local_der_m_bounds,0.1273670085878512,0.03,0.0311722293439777,0.9988599645345638,False,0,True,0,,True,1.055824521715092,0.8275563186187228,0.7761900420945418,150632.08074696595,0.0287100323616248,0.1157013431113999,0.9379301742147088,2.131711589484732,7.093133490764766e-06
2872.1800000000003,True,forward,final_local_der_m_bounds,0.1271475185378053,0.03,0.0317119747504298,0.9988222958330089,False,0,True,0,,True,1.055293903371615,0.8263729655418007,0.7784509183750371,150736.56286508776,0.0282272419398141,0.1172739198365244,0.9420091784641766,2.131555758632018,7.057343378919392e-06
2874.78,True,forward,final_local_der_m_bounds,0.1271470585618913,0.03,0.0320150224493477,0.9988008546978936,False,0,True,0,,True,1.0550173947567876,0.825745881831265,0.779611435609903,150791.21133799638,0.0279727346769981,0.1181038569558483,0.9441299711733964,2.131549096152284,7.038807705371077e-06
2877.1800000000003,True,forward,final_local_der_m_bounds,0.1270972762025006,0.03,0.0323088690399746,0.9987798532433942,False,0,True,0,,True,1.054790566070754,0.8251869334280987,0.7805532298692219,150836.17102997433,0.0277468200752321,0.1188233658461883,0.9459107969954716,2.131726244383687,7.023349389102071e-06
2879.88,True,forward,final_local_der_m_bounds,0.1270878638986627,0.03,0.0326499014879944,0.9987552444486912,False,0,True,0,,True,1.0544831985074723,0.8245079575570347,0.7816612932005307,150905.31173006323,0.0274901167026639,0.1196371614717519,0.9480336557533589,2.1319368666164724,7.004255385610517e-06
2882.48,True,forward,final_local_der_m_bounds,0.1269325614047161,0.03,0.0329985460624354,0.9987297908183852,False,0,True,0,,True,1.0541990571558315,0.8238676591352692,0.7829231624102744,150958.9451700998,0.0272316614054163,0.1205159061914369,0.9503020949165912,2.1318329570162287,6.98479745382543e-06
2884.98,True,forward,final_local_der_m_bounds,0.1268287438941761,0.03,0.0333357004141316,0.998704954382181,False,0,True,0,,True,1.0538723844643392,0.8233003431281897,0.7837581364874511,150993.8005203922,0.0270085521701274,0.121224769585203,0.951971103898129,2.132012762294212,6.970788740983338e-06
2887.58,True,forward,final_local_der_m_bounds,0.1267132347518173,0.03,0.0337004163968734,0.998677801564776,False,0,True,0,,True,1.05356731523088,0.822590174864559,0.7851328056846736,151075.06880040595,0.0267397450384452,0.1221478558877226,0.9544641179478556,2.131969918142328,6.9484961624781525e-06
2890.1800000000003,True,forward,final_local_der_m_bounds,0.1266744757897945,0.03,0.0340884065383405,0.998648559221168,False,0,True,0,,True,1.0532862734091626,0.8219657217270621,0.7860257676430147,151122.91878690757,0.0265002717427888,0.1229106069011942,0.9562756047678818,2.1323764578244977,6.932918845942515e-06
2897.78,True,forward,final_local_der_m_bounds,0.1264078173031427,0.03,0.0352954893202753,0.9985555300729188,False,0,True,0,,True,1.0524359006980153,0.8200123012797904,0.7895017987692162,151297.22739622058,0.0257590878911916,0.1254456851732285,0.962792628277702,2.132745592892374,6.876929783560529e-06
2905.78,True,forward,final_local_der_m_bounds,0.1261645346904297,0.03,0.036644248262467,0.998448037890754,False,0,True,0,,True,1.051404066990986,0.8179228844111525,0.7932356883026979,151474.026898875,0.0249692968845847,0.1282582930861678,0.9698172082246757,2.1329388221112526,6.817615032052147e-06
2912.98,True,forward,final_local_der_m_bounds,0.1256817793621234,0.03,0.0379336025661392,0.9983418050088794,False,0,True,0,,True,1.0504957436651283,0.8160590834278668,0.7965140067099885,151612.35053261035,0.0242618305936255,0.130844352775136,0.976049434269172,2.1332703389978263,6.766277718236496e-06
2915.48,True,forward,final_local_der_m_bounds,0.1254158906816767,0.03,0.0384595762886503,0.9982975223889085,False,0,True,0,,True,1.0501701026521535,0.8152850158876577,0.7980112208649239,151679.64632373425,0.0239742739437586,0.1319323615170156,0.9788125689959768,2.133336158880968,6.743368960778729e-06
2918.28,True,forward,final_local_der_m_bounds,0.1250655401265652,0.03,0.0384210419717746,0.9983004895463042,False,0,True,0,,True,1.0501229440615858,0.8153964939186286,0.7977607944875156,151648.43901600185,0.0240129574584421,0.1318101799825624,0.9783716271008728,2.1331844363781807,6.747932759767565e-06
2920.78,True,forward,final_local_der_m_bounds,0.1250655401265652,0.03,0.0383930241339725,0.9983024758956548,False,0,True,0,,True,1.0500400459671286,0.8153413331513862,0.7979862129268848,151686.50779015626,0.0240239824723562,0.1318176139847296,0.9787142887048028,2.13289941045366,6.7437636180000784e-06
2923.38,True,forward,final_local_der_m_bounds,0.1250655401265652,0.03,0.0383437126053758,0.998306279381206,False,0,True,0,,True,1.050032333572355,0.8154266137050081,0.7977337146882892,151685.06999430314,0.0240691837404128,0.1316550521844274,0.9783022791758922,2.1329276082821087,6.746799512010951e-06
2925.98,True,forward,final_local_der_m_bounds,0.1250655401265652,0.03,0.0382834342741948,0.9983110779614328,False,0,True,0,,True,1.0501195006057678,0.815611447558967,0.7974730490047255,151641.1967502832,0.0241227335956773,0.1314914449025296,0.9777609809076028,2.132792718883469,6.752640774290166e-06
2928.48,True,forward,final_local_der_m_bounds,0.1250655401265652,0.03,0.0382157193950229,0.9983165717867652,False,0,True,0,,True,1.0500556839880777,0.8156749916541567,0.7971480880365388,151638.2829669475,0.0241634286312406,0.131326563982251,0.9772864145558195,2.132890971580028,6.756208472976361e-06
2931.28,True,forward,final_local_der_m_bounds,0.1250655401265652,0.03,0.038145520585381,0.9983221864113624,False,0,True,0,,True,1.0499678538067851,0.8156923585900112,0.7972759780455434,151636.53524823234,0.0241846474057596,0.1313158724842159,0.9774223941777486,2.1324663998818973,6.755291488913938e-06
2934.08,True,forward,final_local_der_m_bounds,0.1250655401265652,0.03,0.0380800764045101,0.998327388273216,False,0,True,0,,True,1.0499377531184122,0.8158166264100003,0.796912801551827,151598.34673010328,0.0242274830786243,0.131169642569013,0.9768283407738824,2.1324636306166087,6.761288233168921e-06
2936.58,True,forward,final_local_der_m_bounds,0.1250655401265652,0.03,0.038020684640203,0.9983321184488184,False,0,True,0,,True,1.0498364668779083,0.8158271445674808,0.7968379546197789,151615.45144866695,0.0242587815984617,0.1310672830209496,0.9767240032718336,2.1323257069695067,6.761283211631157e-06
2938.98,True,forward,final_local_der_m_bounds,0.1250655401265652,0.03,0.0379647435043524,0.998336562337538,False,0,True,0,,True,1.0499051679736493,0.8158978521618567,0.7968744705486234,151633.5599356903,0.0242960519098573,0.1309696479825732,0.9766841136266902,2.132152272066003,6.760747108198634e-06
2941.6800000000003,True,forward,final_local_der_m_bounds,0.1250655401265652,0.03,0.0379025148797336,0.9983414948476208,False,0,True,0,,True,1.0498617963869372,0.8159224350051778,0.7967632191991207,151656.88054665318,0.0243304620389996,0.1308523811465002,0.9765183368123276,2.1321319672627768,6.760909193959015e-06
2944.1800000000003,True,forward,final_local_der_m_bounds,0.1250655401265652,0.03,0.0378440706130557,0.998346129021312,False,0,True,0,,True,1.0498239597410275,0.8159625324845768,0.7967961933315926,151661.45527622502,0.024357155318575,0.1308001999000617,0.9765107607396832,2.1318601985642505,6.760749373305204e-06
2946.88,True,forward,final_local_der_m_bounds,0.1250655401265652,0.03,0.0377811875950836,0.9983511079651743,False,0,True,0,,True,1.0497987766103631,0.8161361585484587,0.7961744574351605,151616.4480114406,0.0244212479165768,0.1305343731475336,0.9755412122055698,2.1320549024389392,6.769783791142685e-06
2951.78,True,forward,final_local_der_m_bounds,0.1250655401265652,0.03,0.0376685336812737,0.9983600024183154,False,0,True,0,,True,1.049698459020353,0.8162631614684251,0.7959222441534174,151587.64201066576,0.0244850727866809,0.1303540750850231,0.975080441853562,2.1317427081018474,6.774401149163777e-06
2954.48,True,forward,final_local_der_m_bounds,0.1250655401265652,0.03,0.0376089246897348,0.9983646814877072,False,0,True,0,,True,1.0497602044394356,0.8163840713365803,0.7958672051509386,151571.9891399876,0.0245232939072585,0.1302687850623831,0.9748686103685836,2.1315008791751704,6.776614253000371e-06
2956.88,True,forward,final_local_der_m_bounds,0.1250655401265652,0.03,0.0375563636433838,0.998368799714936,False,0,True,0,,True,1.049685709432089,0.8164728168892363,0.7956225303744443,151546.576638561,0.0245609894824896,0.1301468982582784,0.974462975271814,2.131371861928161,6.7806926705630686e-06
2959.58,True,forward,final_local_der_m_bounds,0.1250655401265652,0.03,0.0374996116378483,0.9983732222248364,False,0,True,0,,True,1.0497125092513786,0.816529979480442,0.7956007329369966,151552.12656864943,0.0245957745834068,0.1300547836361998,0.9743680611007538,2.131246737229503,6.781121935475008e-06
2962.1800000000003,True,forward,final_local_der_m_bounds,0.1250655401265652,0.03,0.0374470621359456,0.998377294616404,False,0,True,0,,True,1.0496728913062845,0.8165818508708145,0.7955262259967552,151554.15131506152,0.02463063825605,0.1299552521357843,0.9742149242582292,2.1310815789865813,6.7821368840018256e-06
2964.88,True,forward,final_local_der_m_bounds,0.1250655401265652,0.03,0.0374003240239072,0.9983808458728772,False,0,True,0,,True,1.0496569313211477,0.8166965452738845,0.7953574700839995,151530.0422582584,0.0246700043915246,0.1298513538207283,0.9738714761151231,2.1308677116506347,6.785696924709512e-06
2967.38,True,forward,final_local_der_m_bounds,0.1250655401265652,0.03,0.0373597257336524,0.9983838992009232,False,0,True,0,,True,1.0496376261611786,0.8167850089252203,0.795149264506418,151523.5720374408,0.0247116116498698,0.129714203990985,0.9735110902105414,2.130800252607306,6.7886010556200245e-06
2970.08,True,forward,final_local_der_m_bounds,0.1250655401265652,0.03,0.0373162954067294,0.99838715911585,False,0,True,0,,True,1.0496641017164496,0.816875260634416,0.7950355941723969,151529.43575473496,0.0247553237766368,0.1295823536068593,0.9732643801147098,2.130684132444468,6.790119313016022e-06
2977.98,True,forward,final_local_der_m_bounds,0.1250655401265652,0.03,0.0371647643915615,0.9983988046862862,False,0,True,0,,True,1.049569937949491,0.8170878026492187,0.79462870890667,151508.5480979074,0.0248675614384919,0.1292430984742034,0.9725132431670988,2.13029257015774,6.796501240636612e-06
2985.6800000000003,True,forward,final_local_der_m_bounds,0.1250655401265652,0.03,0.0369386988870894,0.998416735088882,False,0,True,0,,True,1.04948413695026,0.8173543223373142,0.7947229739313462,151464.4050966124,0.0249436018775143,0.1292192179194237,0.9723114593176052,2.1290028400677348,6.799877407846215e-06
2992.58,True,forward,final_local_der_m_bounds,0.1250655401265652,0.03,0.0368417860924039,0.9984238493871732,False,0,True,0,,True,1.0494382658497226,0.8175476700571738,0.7941479230219939,151421.51496663643,0.0250431999212477,0.128862841661718,0.9713781252247428,2.129021941801764,6.808604134781221e-06
2995.08,True,forward,final_local_der_m_bounds,0.1250655401265652,0.03,0.0366734262987949,0.9984372769113308,False,0,True,0,,True,1.0495286884389003,0.8177830165278697,0.7939206095406,151417.8668681118,0.0251533747043576,0.1285178409464142,0.9708206131638876,2.1286658445467648,6.812793302237547e-06
2997.78,True,forward,final_local_der_m_bounds,0.1250655401265652,0.03,0.0366373062627856,0.9984398973597924,False,0,True,0,,True,1.0494428548165808,0.8178917419926243,0.7935209551188935,151396.01023893943,0.0252069717709639,0.1283091724995079,0.9702029185251873,2.128665252133964,6.81829289569359e-06
3000.28,True,forward,final_local_der_m_bounds,0.1250655401265652,0.03,0.036586425765284,0.9984439801638362,False,0,True,0,,True,1.0495336481766784,0.8179151067634131,0.7936876067104957,151409.76351611386,0.0252204497253442,0.1282996677468505,0.9703789551597984,2.128524496454673,6.816367064942386e-06
3002.6800000000003,True,forward,final_local_der_m_bounds,0.1250655401265652,0.03,0.0365428610554547,0.998447468484833,False,0,True,0,,True,1.0495423069510377,0.8179302598983735,0.7937670204064289,151409.7639847774,0.0252300422649283,0.1282935598800185,0.9704580687662212,2.1283724891757254,6.815778442495348e-06
3005.28,True,forward,final_local_der_m_bounds,0.1250655401265652,0.03,0.0364954845482057,0.9984512693242196,False,0,True,0,,True,1.0494406767049214,0.8180070759258168,0.7930662797657994,151402.69126380215,0.025281963966906,0.12800879280077,0.9695102928886165,2.128889667081248,6.823063166665087e-06
3007.78,True,forward,final_local_der_m_bounds,0.1250655401265652,0.03,0.0364437971993396,0.9984554553714778,False,0,True,0,,True,1.049415315906126,0.8180472457089978,0.7929383472460065,151388.05393529692,0.0253013798511963,0.1279381116054392,0.9693062979006432,2.128874390201629,6.825215374632877e-06
3010.58,True,forward,final_local_der_m_bounds,0.1250655401265652,0.03,0.0363868435496561,0.9984600593081188,False,0,True,0,,True,1.0493256193045768,0.818055270983604,0.792609518432974,151388.0533124404,0.025325096794109,0.1278055494143301,0.9688948247713938,2.1291354574225694,6.828254313905656e-06
3013.1800000000003,True,forward,final_local_der_m_bounds,0.1250655401265652,0.03,0.0363302436987504,0.9984646326443604,False,0,True,0,,True,1.049378894204065,0.8181328154368762,0.7926692368387417,151357.95325598744,0.0253433444291256,0.1277865158331215,0.9688759842929204,2.1288728628291627,6.829722829818862e-06
3015.78,True,forward,final_local_der_m_bounds,0.1250655401265652,0.03,0.036274616605022,0.9984691182123,False,0,True,0,,True,1.0493338996580788,0.8182104708938918,0.7921206006420124,151333.7136365552,0.0253810636515282,0.1275856768635472,0.9681134974679848,2.129285433714639,6.836432481521504e-06
3018.28,True,forward,final_local_der_m_bounds,0.1250655401265652,0.03,0.0362218355943227,0.9984733664442984,False,0,True,0,,True,1.0493036872235706,0.8182174096362449,0.7919275863140622,151333.34591515368,0.0254012441355705,0.1274847414270862,0.9678693914202212,2.1294764758079845,6.838255426957292e-06
3020.78,True,forward,final_local_der_m_bounds,0.1250655401265652,0.03,0.0361696757568144,0.9984775573363844,False,0,True,0,,True,1.049349254558088,0.8182038831382973,0.7923268655883062,151331.98213318962,0.0253925542057345,0.1275970371947312,0.9683733870209252,2.129044009271065,6.834588236514468e-06
3023.48,True,forward,final_local_der_m_bounds,0.1250655401265652,0.03,0.0361174961903577,0.9984817297704148,False,0,True,0,,True,1.049337580787055,0.81819335077278,0.792349186365569,151331.98218144616,0.0253966250361911,0.127594144040863,0.9684131331759156,2.129026898250174,6.834297900606357e-06
3026.08,True,forward,final_local_der_m_bounds,0.1250655401265652,0.03,0.0360689415155232,0.9984856009481335,False,0,True,0,,True,1.049326247907869,0.8182846408995321,0.7918683736921833,151322.49616213632,0.0254451838494675,0.1273619737876526,0.967717508203124,2.129360631089287,6.839845911829022e-06
3031.28,True,forward,final_local_der_m_bounds,0.1250655401265652,0.03,0.0359749472049021,0.998493069827099,False,0,True,0,,True,1.0492614893315937,0.8182747570275501,0.7916977252953667,151337.3862231284,0.0254774152115835,0.1272232879963092,0.9675206506079612,2.1295112743710987,6.840636555126059e-06
3033.78,True,forward,final_local_der_m_bounds,0.1250655401265652,0.03,0.0359293869535317,0.9984966863576658,False,0,True,0,,True,1.0492214413016163,0.8183110988784046,0.7914775307487244,151319.24029760037,0.0254984724307778,0.127130728487691,0.9672085980912896,2.1296138143912926,6.843758196602348e-06
3036.38,True,forward,final_local_der_m_bounds,0.1250655401265652,0.03,0.0358830469879699,0.9985003566810372,False,0,True,0,,True,1.0491748672540422,0.8183743435397356,0.7911788845260954,151296.4920011345,0.0255259814387074,0.1270114608359308,0.9667689252133552,2.129717626818113,6.848027517980744e-06
3038.78,True,forward,final_local_der_m_bounds,0.1250655401265652,0.03,0.0358410725378707,0.9985036745543866,False,0,True,0,,True,1.0491122954831595,0.81836417821649,0.7910797650770768,151296.4918576253,0.0255344410018745,0.1269734986223495,0.9666598149507524,2.129770876321889,6.848842325692993e-06
3041.48,True,forward,final_local_der_m_bounds,0.1250655401265652,0.03,0.0357964226600272,0.9985071887717598,False,0,True,0,,True,1.0491425248442647,0.8184255525662986,0.7909105250654468,151285.66891992954,0.0255644332163636,0.1268570658024425,0.9663805371000768,2.1298511107984304,6.851383826667745e-06
3044.08,True,forward,final_local_der_m_bounds,0.1250655401265652,0.03,0.0357518240954222,0.998510702059646,False,0,True,0,,True,1.0490413653618167,0.8183692482044101,0.7910662548948525,151302.53971070165,0.025565296196029,0.1268786428261911,0.9666373176051478,2.1296277587255035,6.84873372833988e-06
3046.78,True,forward,final_local_der_m_bounds,0.1250655401265652,0.03,0.0357091432696344,0.9985140433243886,False,0,True,0,,True,1.0490603017420703,0.8183680785053981,0.7911331157265175,151302.5397515205,0.0255711059024991,0.1268783289948881,0.9667203994214676,2.1295740667649383,6.848116822150155e-06
3049.28,True,forward,final_local_der_m_bounds,0.1250655401265652,0.03,0.0356702841144026,0.9985170796004474,False,0,True,0,,True,1.049039150452555,0.818508834686147,0.7904834302805088,151267.1629547395,0.0256238918433511,0.1266256673439514,0.965760413060924,2.1299521364824505,6.856802523567574e-06
3057.48,True,forward,final_local_der_m_bounds,0.1250655401265652,0.03,0.0355637094242828,0.998525285582156,False,0,True,0,,True,1.048975869170111,0.8185173810265609,0.7903134948212093,151273.58298363863,0.0256681391282577,0.1264682162040556,0.9655427155743728,2.1300377562504864,6.858129133867421e-06
3065.1800000000003,True,forward,final_local_der_m_bounds,0.1250655401265652,0.03,0.0356210906999499,0.9985201179379768,False,0,True,0,,True,1.049015639217156,0.8185851269740163,0.7890057134542904,151265.46309407533,0.0257969220093828,0.125688274151704,0.9638651955123236,2.131762344903132,6.870985637257431e-06
3071.88,True,forward,final_local_der_m_bounds,0.1250655401265652,0.03,0.0356760741702315,0.9985151929919436,False,0,True,0,,True,1.0489668480788237,0.8186165297347815,0.7878293395611983,151264.10239539572,0.0259054198792628,0.1250139340600227,0.962391194099687,2.133255195648772,6.882068095022321e-06
3074.58,True,forward,final_local_der_m_bounds,0.1250310661413141,0.03,0.03580328271848,0.9985048993396768,False,0,True,0,,True,1.0488970558548634,0.8184192020804693,0.7878751633123664,151299.13085518964,0.0258714761213286,0.1250319871213059,0.9626792251569144,2.1337708549088914,6.87840497402886e-06
3076.98,True,forward,final_local_der_m_bounds,0.1246382420068374,0.03,0.0357626268361175,0.9985078914606276,False,0,True,0,,True,1.0489740595121029,0.8185157529694318,0.7874022586786554,151319.71151209867,0.0259507454081087,0.1246605923906276,0.9619879102168748,2.1342607097075392,6.88260899318453e-06
3079.48,True,forward,final_local_der_m_bounds,0.1242380313935746,0.03,0.0357234275694592,0.9985107055943736,False,0,True,0,,True,1.0490172176019037,0.8186284580590903,0.786798765450254,151309.29738034814,0.0260339503418501,0.1242678511624174,0.9611182676396296,2.134813507002303,6.889561002432161e-06
3081.98,True,forward,final_local_der_m_bounds,0.1238205995825369,0.03,0.0356813033952009,0.9985137504784034,False,0,True,0,,True,1.0490393187076574,0.8187972875463226,0.7859978996812095,151261.21061456093,0.0261276962093451,0.1238243711321784,0.9599419925249112,2.135406920928752,6.9005239496624575e-06
3084.58,True,forward,final_local_der_m_bounds,0.123381437403761,0.03,0.0356324199794694,0.9985172777353416,False,0,True,0,,True,1.0491037360706863,0.8189806128753738,0.7853882337009682,151249.17436353682,0.0262354533201429,0.1233684222260473,0.9589826930622136,2.135756140195678,6.908218247161279e-06
3087.28,True,forward,final_local_der_m_bounds,0.1228919294633656,0.03,0.0355892226116957,0.9985202933402948,False,0,True,0,,True,1.0491344520120411,0.8191285336427541,0.7847099707927717,151248.26669335598,0.0263383145805649,0.1229085752595882,0.9579814871093316,2.136268520649754,6.9157501813869945e-06
3089.98,True,forward,final_local_der_m_bounds,0.1224166924289655,0.03,0.0355348597639389,0.9985242781028024,False,0,True,0,,True,1.0492307999281312,0.8192720458363361,0.784131702578219,151272.75224818377,0.0264480300828635,0.122424837193151,0.957107845389446,2.1367858292191286,6.921168465652556e-06
3092.58,True,forward,final_local_der_m_bounds,0.1219593151358787,0.03,0.0354829971615539,0.9985280697420784,False,0,True,0,,True,1.0493199278267502,0.8194968817098658,0.7832915107868295,151236.2496145185,0.0265629710734361,0.1219168902627118,0.9558200015996468,2.1373764096561554,6.932488158395318e-06
3095.08,True,forward,final_local_der_m_bounds,0.1214973656219772,0.03,0.0354355840282632,0.9985315038495208,False,0,True,0,,True,1.0493402389915203,0.8196213984340714,0.7827993731127731,151239.85351313284,0.0266555125041411,0.121521140045276,0.9550743484837648,2.137684986113729,6.937921667325624e-06
3097.48,True,forward,final_local_der_m_bounds,0.1214973656219772,0.03,0.0353903904783204,0.9985347674527874,False,0,True,0,,True,1.049472238190761,0.8197727836502897,0.7823297185779707,151236.2630293246,0.0267486881514522,0.1211293708803918,0.9543250693129964,2.138090487578729,6.943704569995689e-06
3100.08,True,forward,final_local_der_m_bounds,0.1214973656219772,0.03,0.0353395283982055,0.9985384558615586,False,0,True,0,,True,1.0494989977804705,0.8199410523171835,0.7814679287652964,151227.30681719724,0.0268614406809615,0.1206086339599526,0.9530781835558048,2.138799178229437,6.953527350756904e-06
3102.48,True,forward,final_local_der_m_bounds,0.1214973656219772,0.03,0.0352886823868951,0.998542179365886,False,0,True,0,,True,1.049488232236527,0.8201323755817816,0.7805209844849708,151189.59319855107,0.0269714883015158,0.1200975475265117,0.9517012225389694,2.139475687828417,6.965677905479958e-06
3105.28,True,forward,final_local_der_m_bounds,0.1214973656219772,0.03,0.0352273775238721,0.9985466846116458,False,0,True,0,,True,1.0495635465210056,0.8202232010829272,0.7801090121152154,151214.06951368268,0.0270689521904622,0.1196817348445021,0.9510935695128476,2.1399063627619417,6.969150174008824e-06
3110.28,True,forward,final_local_der_m_bounds,0.1214973656219772,0.03,0.0351217422408557,0.9985544055107924,False,0,True,0,,True,1.0496727825511891,0.8205752140485263,0.7786399482805768,151172.0051132806,0.02728449928497,0.1187360461803362,0.9488952809565736,2.141019708496613,6.987758708934228e-06
3112.98,True,forward,final_local_der_m_bounds,0.1214973656219772,0.03,0.0350760454163397,0.9985576371570464,False,0,True,0,,True,1.0497597061089934,0.8207897150651988,0.777682781679376,151135.876257162,0.0274093005148369,0.1181724366455321,0.9474811482227228,2.141836181380749,7.0001942438585305e-06
3115.38,True,forward,final_local_der_m_bounds,0.1214973656219772,0.03,0.0350360323311291,0.998560458933531,False,0,True,0,,True,1.049777026536005,0.820853892899601,0.7773990077006089,151162.40163004978,0.0274912684864132,0.1178353819131328,0.9470613643001788,2.1420595595087537,7.002165480286061e-06
3118.08,True,forward,final_local_der_m_bounds,0.1214973656219772,0.03,0.0349992307019185,0.9985629591248998,False,0,True,0,,True,1.049886090426077,0.8210700889991297,0.7765936336255675,151126.06157502448,0.0276074532460928,0.11733617126965,0.9458311099509444,2.142692943468971,7.013222635799851e-06
3120.6800000000003,True,forward,final_local_der_m_bounds,0.1214973656219772,0.03,0.0349552282602453,0.9985660716670756,False,0,True,0,,True,1.049993009374626,0.8212385470431576,0.7760521547833799,151097.4435898257,0.027702820714854,0.1169438083082603,0.94497775046913,2.1431043596402737,7.021052210285784e-06
3123.48,True,forward,final_local_der_m_bounds,0.1214973656219772,0.03,0.0349127574350093,0.9985690208965704,False,0,True,0,,True,1.050056950111703,0.8214321479304295,0.7751796140235067,151083.03588865537,0.027836063232404,0.1163585435150571,0.9436928125792804,2.1438334157432672,7.031569556061455e-06
3126.08,True,forward,final_local_der_m_bounds,0.1214973656219772,0.03,0.034863974833902,0.9985725292215362,False,0,True,0,,True,1.050102709204555,0.8216182112868355,0.7743552533441324,151053.2437273087,0.0279504410504602,0.115855293479029,0.9424757663675944,2.144483539417714,7.042303357653979e-06
3128.78,True,forward,final_local_der_m_bounds,0.1214973656219772,0.03,0.0347996157561146,0.9985772944448036,False,0,True,0,,True,1.0501088008273478,0.8217251107310125,0.7737793199180023,151054.5077483662,0.028053776819216,0.1154052181634861,0.941652274967772,2.1449708787068564,7.048593333508124e-06
3136.48,True,forward,final_local_der_m_bounds,0.1214973656219772,0.03,0.0346442504205105,0.9985885576132852,False,0,True,0,,True,1.0504282747939708,0.8222149881966619,0.7720131683632938,151015.4908311417,0.0283743396824026,0.1140702465105119,0.9389431954488276,2.1464959808059527,7.071265934997094e-06
3144.08,True,forward,final_local_der_m_bounds,0.1214973656219772,0.03,0.0343513394684114,0.9986107704992936,False,0,True,0,,True,1.050571097691564,0.82275170925279,0.7706489000975003,150934.5171963757,0.0286298717770457,0.1131938651461044,0.9366724996504612,2.1468926903457657,7.092515802062295e-06
3150.58,True,forward,final_local_der_m_bounds,0.1214973656219772,0.03,0.0339257804185475,0.9986434613926544,False,0,True,0,,True,1.050545632794863,0.8232530116824398,0.7703033579086185,150856.6779120643,0.0287672485321828,0.1130506877892573,0.9356824050171272,2.145535866883725,7.103593711189462e-06
3152.98,True,forward,final_local_der_m_bounds,0.1214973656219772,0.03,0.0337382373834709,0.9986576942831094,False,0,True,0,,True,1.0505073569439776,0.8235449927205339,0.769933047729098,150789.25441520664,0.0288516077937133,0.1128946458868845,0.9349010127372251,2.1449553590401824,7.112714084246003e-06
3155.58,True,forward,final_local_der_m_bounds,0.1214973656219772,0.03,0.0335284609564544,0.998673512820198,False,0,True,0,,True,1.0506157889524967,0.823856098743271,0.7697081743469878,150755.5878485218,0.0289485524776264,0.1127212607562063,0.9342750214765884,2.1443847948579795,7.119005266846512e-06
3158.08,True,forward,final_local_der_m_bounds,0.1214973656219772,0.03,0.0333096620561204,0.998689762228462,False,0,True,0,,True,1.0506646968374171,0.8241566709815564,0.7695021290075783,150709.78921498926,0.0290535403895494,0.1125381911828381,0.9336842812800562,2.143703195821271,7.125603590118329e-06
3160.78,True,forward,final_local_der_m_bounds,0.1214973656219772,0.03,0.0330978044848638,0.9987053283489118,False,0,True,0,,True,1.0506260135239542,0.8245228029912297,0.769030567289209,150636.3427705105,0.0291768090533594,0.112287781641213,0.9326977549914882,2.143008985497681,7.13660511589007e-06
3163.28,True,forward,final_local_der_m_bounds,0.1214973656219772,0.03,0.0328877792230499,0.9987208017645224,False,0,True,0,,True,1.0506482630115397,0.8247430283014119,0.7689470109788411,150618.2826297291,0.0292656420938948,0.1121455914038236,0.9323473913596036,2.142380541870776,7.140059746768203e-06
3166.08,True,forward,final_local_der_m_bounds,0.1214973656219772,0.03,0.0326548828647025,0.9987378573560576,False,0,True,0,,True,1.0506900990569266,0.8250662743149397,0.768682639980738,150567.57473037342,0.0293757166558452,0.111953333255684,0.9316616905944708,2.1416931963378514,7.147644955037769e-06
3168.58,True,forward,final_local_der_m_bounds,0.1214973656219772,0.03,0.0324789455226128,0.9987504597385992,False,0,True,0,,True,1.0506478158009012,0.8252601780526796,0.7686075445681207,150535.6344203133,0.0294576939444498,0.1118427774852513,0.9313517906337868,2.141016845746573,7.151462944368392e-06
3171.38,True,forward,final_local_der_m_bounds,0.1214973656219772,0.03,0.0322880039007666,0.9987640636218372,False,0,True,0,,True,1.0506392785768195,0.8255102413591079,0.7684707013853892,150499.03293935064,0.0295572463803704,0.1116898753682549,0.9309038978367976,2.140299708973881,7.156555478597712e-06
3173.78,True,forward,final_local_der_m_bounds,0.1214973656219772,0.03,0.0321276017032694,0.9987754249774128,False,0,True,0,,True,1.0506081034814472,0.8256945791773203,0.7686001903974656,150477.376393785,0.0296268661729734,0.1116522858147981,0.9308528961922694,2.139369849135671,7.157832180287042e-06
3176.28,True,forward,final_local_der_m_bounds,0.1214973656219772,0.03,0.0319629885070167,0.998787029840288,False,0,True,0,,True,1.050588906168759,0.8259686721114129,0.7682485870561062,150429.02510849133,0.0297313280786712,0.1114424417598981,0.9301183119842092,2.1388718292927456,7.1657541385172605e-06
3178.98,True,forward,final_local_der_m_bounds,0.1214973656219772,0.03,0.0317904454832052,0.998799119162748,False,0,True,0,,True,1.050530205742297,0.8261924585380322,0.7681539967347406,150399.91858633448,0.029823880471562,0.1113128604747717,0.9297518862542123,2.138084926947103,7.169870132065555e-06
3181.48,True,forward,final_local_der_m_bounds,0.1214973656219772,0.03,0.0316358041685806,0.9988098850235264,False,0,True,0,,True,1.0505613182336426,0.8264726374645843,0.7678273192456966,150362.83953914026,0.0299301248177057,0.1110989929081967,0.9290414279185368,2.137630733903257,7.177068656174431e-06
3184.28,True,forward,final_local_der_m_bounds,0.1214973656219772,0.03,0.0314668032097167,0.9988215825958388,False,0,True,0,,True,1.0505721344032215,0.826747472595368,0.7678694094645936,150320.09507684843,0.0300252380136284,0.1110089602083505,0.9287834978848604,2.1365928613084457,7.180927441495811e-06
3189.28,True,forward,final_local_der_m_bounds,0.1214973656219772,0.03,0.0311736832913768,0.9988417131576464,False,0,True,0,,True,1.0505442358356525,0.8271939326833981,0.767724366997422,150270.5826607974,0.0301990452371448,0.1107759671413442,0.9281068642596806,2.135141065892517,7.188308982726396e-06
3191.88,True,forward,final_local_der_m_bounds,0.1214973656219772,0.03,0.0310199269726693,0.9988522261410466,False,0,True,0,,True,1.0505170511058008,0.8273948957425584,0.7677628986068413,150250.3018893189,0.0302795093600253,0.1106990628884564,0.927928009415384,2.134300005388621,7.190530004327078e-06
3194.38,True,forward,final_local_der_m_bounds,0.1214075361392863,0.03,0.0308756572726094,0.9988620358191734,False,0,True,0,,True,1.050477533574557,0.827613046693057,0.7675997095593936,150220.62265950564,0.0303699747793198,0.1105535049313545,0.9274862360212152,2.13367976360432,7.195292753844648e-06
3197.08,True,forward,final_local_der_m_bounds,0.1212763073312091,0.03,0.0307157756549999,0.9988728911739456,False,0,True,0,,True,1.0504466286092689,0.8278591281210005,0.7674496099320064,150188.18727764607,0.0304675655776974,0.1104065767876272,0.9270292298085712,2.132956562061239,7.200286902599066e-06
3199.6800000000003,True,forward,final_local_der_m_bounds,0.121063088370792,0.03,0.0305703853465998,0.9988826782547444,False,0,True,0,,True,1.05042339770882,0.8280737899541282,0.7674406148872305,150166.02727753093,0.0305527750792427,0.1103113154238211,0.9267780531125656,2.1321475993094103,7.203167597207862e-06
3202.28,True,forward,final_local_der_m_bounds,0.1206308664141283,0.03,0.0304307746972883,0.9988920120709182,False,0,True,0,,True,1.0504223828420147,0.8283299094812792,0.767269519723808,150123.11896362487,0.0306484699908957,0.1101657739556136,0.9262849390580272,2.131481801177611,7.208949361914091e-06
3204.78,True,forward,final_local_der_m_bounds,0.1201363110436148,0.03,0.0303100631379412,0.9988999730893344,False,0,True,0,,True,1.050399494282494,0.8285221286301592,0.7672584963688208,150111.00073462594,0.0307324559430969,0.1100598119029432,0.9260567338586008,2.13075838117333,7.211186055354769e-06
3207.28,True,forward,final_local_der_m_bounds,0.1198111038292511,0.03,0.030212147982614,0.9989062597730884,False,0,True,0,,True,1.0503344447115626,0.8287358356819254,0.7671358151516008,150080.52019080665,0.0308148591041126,0.1099578103582721,0.9256698963914876,2.130042698631654,7.215560584697076e-06
3215.08,True,forward,final_local_der_m_bounds,0.1197885388091329,0.03,0.0298883089099048,0.9989271240355956,False,0,True,0,,True,1.05025055820878,0.8294056279334133,0.7669374322363472,149997.95914191075,0.0310776726831165,0.1096333538854819,0.924683178419328,2.1277612948078306,7.226842211843443e-06
3222.98,True,forward,final_local_der_m_bounds,0.1197183071810914,0.03,0.0296424924406807,0.9989423116575,False,0,True,0,,True,1.0501758659967215,0.8300722679883622,0.7663429396892908,149916.46691396064,0.0313773094601311,0.109081936422707,0.9232243615926164,2.1261188158600803,7.241896710434019e-06
3229.48,True,forward,final_local_der_m_bounds,0.1186550732376589,0.03,0.0296369380727423,0.9989409224899432,False,0,True,0,,True,1.0502549806252974,0.8305394133330819,0.765258550056595,149884.48521252608,0.0317085611764554,0.1080852717683132,0.9213994396551216,2.126259482179959,7.257743613822724e-06
3232.28,True,forward,final_local_der_m_bounds,0.1185487985831037,0.03,0.0296500189555091,0.9989393092270896,False,0,True,0,,True,1.0502695020947963,0.8307047951267551,0.764772490926368,149874.24630174768,0.0318369946777619,0.1076810478939605,0.9206308852589123,2.1264401128294024,7.264305090602021e-06
3234.78,True,forward,final_local_der_m_bounds,0.1183959653028579,0.03,0.0299343848382667,0.9989204186645688,False,0,True,0,,True,1.049826455442843,0.8297126018212878,0.7666768658426708,149962.21162801105,0.0314108563130904,0.1089541659822515,0.9240270235256782,2.1261949986608024,7.233559548035963e-06
3237.28,True,forward,final_local_der_m_bounds,0.1179859810378155,0.03,0.0302890255383879,0.9988964489207468,False,0,True,0,,True,1.0493855799333618,0.8286775550070953,0.7686041224140842,150056.14933929636,0.0309663308731126,0.1102758694224707,0.9275068665368924,2.1260927552492803,7.202043133475991e-06
3239.88,True,forward,final_local_der_m_bounds,0.1179403183845761,0.03,0.0306836063587759,0.9988693921942644,False,0,True,0,,True,1.0489193669588626,0.8276110151707028,0.770631358462062,150151.51197343072,0.0305077542076546,0.111665502647192,0.9311516453210954,2.125921144770748,7.169326664891714e-06
3242.58,True,forward,final_local_der_m_bounds,0.1173818559267397,0.03,0.031135806998132,0.9988378498325996,False,0,True,0,,True,1.0484784504365248,0.8265203799340993,0.7725890243071218,150239.46735085905,0.0300458383928979,0.1130518029376692,0.9347489100858256,2.1260138401097683,7.137523948830552e-06
3244.98,True,forward,final_local_der_m_bounds,0.1170757511732492,0.03,0.0315754815774721,0.9988066638893786,False,0,True,0,,True,1.0480160926656583,0.825511162623367,0.774486423873741,150325.31771802888,0.0296227650131799,0.1143633698327609,0.9381901286622508,2.125878938524682,7.107138225940379e-06
3247.58,True,forward,final_local_der_m_bounds,0.1167911044355969,0.03,0.0320451872910267,0.9987730966001372,False,0,True,0,,True,1.0476161129049557,0.824492343001045,0.7762977454595446,150416.5768837759,0.0291853426424572,0.1156948215232331,0.9415463370271234,2.1260522437204203,7.077312377109887e-06
3250.28,True,forward,final_local_der_m_bounds,0.1164602510106093,0.03,0.0325697649172047,0.998734961660272,False,0,True,0,,True,1.0471264611300628,0.8233550173045125,0.778334592544226,150522.96531763434,0.0287180241711035,0.1171467960280943,0.9453207622300356,2.126156720183406,7.043750797660924e-06
3252.78,True,forward,final_local_der_m_bounds,0.1164560345138003,0.03,0.0330902760603787,0.998696504698106,False,0,True,0,,True,1.0467089572513402,0.82232486925446,0.7802598767723377,150591.30624480097,0.0282818040962348,0.1185373829052577,0.948846260091514,2.1262043756356075,7.013983834012448e-06
3255.1800000000003,True,forward,final_local_der_m_bounds,0.1158778480964033,0.03,0.0336257739621981,0.9986562815598456,False,0,True,0,,True,1.046309710403747,0.8213881618442742,0.7817271008665957,150653.07707121843,0.0278909203016916,0.1197368603012848,0.951714593878944,2.126640880027972,6.989639699058779e-06
3257.98,True,forward,final_local_der_m_bounds,0.1157183746254879,0.03,0.0342947476597973,0.998605114050668,False,0,True,0,,True,1.0458510632279263,0.8202432383727948,0.7837033434406991,150741.89154163856,0.0274202958833855,0.1212346870580231,0.9554523667825854,2.126983141729573,6.9576202220046925e-06
3260.48,True,forward,final_local_der_m_bounds,0.1157183746254879,0.03,0.0349306812071568,0.9985555523083798,False,0,True,0,,True,1.0454429138235068,0.8191358064651415,0.785691593817603,150862.9532664217,0.0269892049948629,0.1226325410792315,0.9591713457236573,2.127294539354423,6.924399626890217e-06
3263.28,True,forward,final_local_der_m_bounds,0.1157183746254879,0.03,0.0356855161539228,0.9984955791022084,False,0,True,0,,True,1.0449998326797014,0.8179832358260403,0.7878197613799914,150932.810048097,0.0265093332138083,0.1242368391756028,0.963124581134492,2.127517999811945,6.891949113486215e-06
3268.48,True,forward,final_local_der_m_bounds,0.1157183746254879,0.03,0.0371955231496128,0.9983719823944016,False,0,True,0,,True,1.0441208553097103,0.8157827068770587,0.7914752552459368,151088.83150585578,0.0256414620964759,0.1271070917851251,0.9702035218125982,2.128526021112283,6.832901518509031e-06
3270.98,True,forward,final_local_der_m_bounds,0.1157183746254879,0.03,0.0379667711055337,0.9983070314512412,False,0,True,0,,True,1.04366294115295,0.8145392379942467,0.7938421442662733,151241.60174508853,0.0251885296458533,0.1286901515688218,0.9745904276153244,2.12877677632158,6.794014906363379e-06
3273.78,True,forward,final_local_der_m_bounds,0.1157183746254879,0.03,0.0388655065861296,0.998229802638177,False,0,True,0,,True,1.0429995828108083,0.8133017832567072,0.7957209540285364,151310.5999167578,0.0247218167120787,0.1302742780548736,0.9783833878271214,2.129306374197554,6.763449614050034e-06
3276.28,True,forward,final_local_der_m_bounds,0.1157183746254879,0.03,0.0396992990930833,0.9981566795966516,False,0,True,0,,True,1.0426310672451722,0.8122388182396489,0.7976942329053135,151351.273556362,0.0242923579165306,0.1318211166038911,0.982093215680263,2.129680233702589,6.734846366953455e-06
3279.08,True,forward,final_local_der_m_bounds,0.1157183746254879,0.03,0.0406690432784132,0.998069854774715,False,0,True,0,,True,1.0422442656411024,0.8109109802244491,0.8001286132373913,151503.74441689602,0.0238150844100291,0.1335281204781044,0.9867033900760926,2.13036795202008,6.694975996590809e-06
3281.6800000000003,True,forward,final_local_der_m_bounds,0.1157183746254879,0.03,0.0415949974898216,0.9979852119887792,False,0,True,0,,True,1.0416082421393098,0.8096867040016975,0.8018408584669566,151587.29697398547,0.0233811346274497,0.1350392912590066,0.9903100230052384,2.1312011076444346,6.665553353571916e-06
3284.28,True,forward,final_local_der_m_bounds,0.1157183746254879,0.03,0.0425467875215866,0.9978964462779284,False,0,True,0,,True,1.041147140612969,0.8084543673585813,0.8038391356361676,151680.50843394472,0.0229336646271253,0.1366682977113242,0.9942912897638332,2.1320414836950303,6.633165205277775e-06
3287.08,True,forward,final_local_der_m_bounds,0.1157183746254879,0.03,0.043590827784108,0.9977970868421856,False,0,True,0,,True,1.0406334815804648,0.8071151664806346,0.8061270241421439,151780.18157127418,0.0224530442708766,0.1384683723787218,0.9987757108532608,2.132792498688483,6.597104310457824e-06
3295.08,True,forward,final_local_der_m_bounds,0.1157183746254879,0.03,0.0467536008025344,0.9974831084403089,False,0,True,0,,True,1.039019786838097,0.8031283746770305,0.8124800716679479,152075.9555401014,0.0210789924805907,0.1437228687683613,1.0116440874034345,2.1356389332608128,6.49430065694875e-06
3302.98,True,forward,final_local_der_m_bounds,0.1157183746254879,0.03,0.0501020520038939,0.9971298189451824,False,0,True,1,,True,1.03782503172369,0.8005016984720953,0.8110494860632047,152198.62985984565,0.0202468320347383,0.1457182637272928,1.0131764712195388,2.144986320779803,6.478115715411376e-06
3309.6800000000003,True,forward,final_local_der_m_bounds,0.1164602510106093,0.03,0.0531832668373106,0.9967855953399354,False,0,True,1,,True,1.0369223952176208,0.7988510414189998,0.8068509114586887,152122.3114704498,0.0196897040167993,0.1464602263900213,1.0100142199545472,2.1550959823724702,6.50309564676592e-06
3312.28,True,forward,final_local_der_m_bounds,0.1170123477866774,0.03,0.0543732755258137,0.9966478838445936,False,0,True,1,,True,1.0366273930877457,0.7979779286563297,0.8062614903342723,152208.85527095333,0.0194375188828802,0.1470123477741247,1.0103806902176993,2.158591610119769,6.496739985439548e-06
3314.78,True,forward,final_local_der_m_bounds,0.1170757511732492,0.03,0.0529072704246072,0.9968171773664384,False,0,True,1,,True,1.036971773282662,0.7987039013238229,0.8087551665457221,152213.4988739475,0.0196413374078193,0.1470755864188463,1.01258446992088,2.153133527792051,6.4813130253639965e-06
3317.1800000000003,True,forward,final_local_der_m_bounds,0.1179859810378155,0.03,0.0515348038620194,0.9969719683064342,False,0,True,1,,True,1.0371020586200894,0.7990405970718527,0.8130529260177446,152246.31331930475,0.0197117945015408,0.1479859432263938,1.0175364418244093,2.1462624521438296,6.4458272325141065e-06
3319.78,True,forward,final_local_der_m_bounds,0.1181553356407509,0.03,0.0501416013981929,0.9971252085317136,False,0,True,1,,True,1.0372850374181748,0.799686261541206,0.81555661046642,152238.07697112428,0.019890685013169,0.1481551070030661,1.0198457191131778,2.140814567925816,6.430519347140216e-06
3322.28,True,forward,final_local_der_m_bounds,0.1185487985831037,0.03,0.0488700347643245,0.9972615996558842,False,0,True,0,,True,1.037593795098224,0.8004269326045608,0.8174577499980252,152228.66869064973,0.0201111223346552,0.1480091584780078,1.0212771668465062,2.1361004123070853,6.421346980417412e-06
3324.98,True,forward,final_local_der_m_bounds,0.1192999891627607,0.03,0.0475407664659953,0.9974009038554345,False,0,True,0,,True,1.0382767644866346,0.8020454720236312,0.815231638515329,152103.48038692115,0.020649152577335,0.1459079019733364,1.016440671946477,2.134432932887487,6.459975875407669e-06
3327.6800000000003,True,forward,final_local_der_m_bounds,0.1197885388091329,0.03,0.0462511680052511,0.9975327648566832,False,0,True,0,,True,1.0386592408122628,0.8037093217704865,0.8120671425729151,151948.30759820982,0.0212167681910125,0.1436160460991797,1.010399059182264,2.1332871092153027,6.508439427240734e-06
3330.48,True,forward,final_local_der_m_bounds,0.1198111038292511,0.03,0.0449609764369375,0.9976615194201872,False,0,True,0,,True,1.0393612059391573,0.8053832906524433,0.8091472756042304,151822.94025036087,0.0217985772282784,0.1413281213108993,1.0046735324602252,2.132472063464732,6.553796514503771e-06
3332.88,True,forward,final_local_der_m_bounds,0.1206152279552218,0.03,0.0438800000905107,0.997766938074972,False,0,True,0,,True,1.039939012532886,0.8067700832837997,0.8073041558167682,151708.53318236463,0.0222710129284179,0.1396352134736558,1.0006619885194483,2.131027065154484,6.5869255492045405e-06
3335.58,True,forward,final_local_der_m_bounds,0.1212763073312091,0.03,0.0426938461774521,0.9978800406954064,False,0,True,0,,True,1.0401491384062913,0.8082285501341763,0.8040507636211348,151583.13454230418,0.0228293006641746,0.1374339897019728,0.9948309342544904,2.130541610341505,6.633601622854015e-06
3338.1800000000003,True,forward,final_local_der_m_bounds,0.1214075361392863,0.03,0.0415825158100141,0.99798355371773,False,0,True,0,,True,1.0407959425219884,0.8096046351413461,0.802231572962115,151506.97281792742,0.0233377811315049,0.1356614130104661,0.9908930089339918,2.1292973024392765,6.664921622796367e-06
3340.6800000000003,True,forward,final_local_der_m_bounds,0.1216383579320924,0.03,0.0405452554099407,0.9980779988681264,False,0,True,0,,True,1.0412440494731474,0.811018739142456,0.7993291389577517,151379.47847514448,0.0238686802778708,0.1336649456324781,0.9855865227022196,2.129048180178976,6.708515747498171e-06
3343.48,True,forward,final_local_der_m_bounds,0.1225842007541123,0.03,0.0394201193851783,0.9981780615503804,False,0,True,0,,True,1.0417433430873992,0.8124155636432736,0.7972840718515841,151282.02913692288,0.0244056171826305,0.1318505848452971,0.9813746899138264,2.1277943909499006,6.743116734591758e-06
3348.6800000000003,True,forward,final_local_der_m_bounds,0.1229036645631022,0.03,0.0374490523296359,0.998347251806106,False,0,True,0,,True,1.042671228347549,0.8150896668030134,0.7925346752682488,151061.09315232988,0.0254479262963688,0.1282597773940716,0.9723282082286346,2.126597891028956,6.818656053487563e-06
3351.1800000000003,True,forward,final_local_der_m_bounds,0.1232540401950816,0.03,0.0365629124452529,0.99842072917483,False,0,True,0,,True,1.0431098137658246,0.8163733355462761,0.7902457789008054,150948.2868928424,0.025954787014715,0.1265555986381862,0.9679955781162456,2.126064109697874,6.855469319431453e-06
3353.78,True,forward,final_local_der_m_bounds,0.1240239197491555,0.03,0.0356830146827284,0.9984920871391948,False,0,True,0,,True,1.0435348128627515,0.8177202841753535,0.787588341637154,150817.15587369414,0.0264931072784226,0.1247305278911227,0.9631512839765414,2.1258314852878075,6.897150540239403e-06
3356.28,True,forward,final_local_der_m_bounds,0.1242071920503133,0.03,0.0348823350282428,0.9985555993948304,False,0,True,0,,True,1.0439411550130615,0.8188846411527457,0.7858119001012063,150726.74894563344,0.0269713818009519,0.1232387179308047,0.9596124540753592,2.1249805197841507,6.9274424049558776e-06
3359.08,True,forward,final_local_der_m_bounds,0.1246835287277678,0.03,0.0340320430117022,0.998621573292922,False,0,True,0,,True,1.0443850873779836,0.8202254975247021,0.7833628739649583,150606.32535563214,0.0275299423697863,0.1214436063380014,0.9550579399555504,2.124563937942996,6.966900256982597e-06
3361.58,True,forward,final_local_der_m_bounds,0.1252408734502565,0.03,0.0333194916155886,0.9986756547733414,False,0,True,0,,True,1.0447964619960783,0.8214685903784587,0.7809955830292901,150477.2128028533,0.0280419311670425,0.1198055386968611,0.9507309131192438,2.1243475514557675,7.005317479363068e-06
3364.38,True,forward,final_local_der_m_bounds,0.1265118326541325,0.03,0.032569092329079,0.9987314218349044,False,0,True,0,,True,1.0452327797108163,0.8227979254530399,0.7785173208924191,150349.52531297284,0.0286080832833552,0.1180318165441925,0.946182892310722,2.124061601367666,7.045560201652497e-06
3366.98,True,forward,final_local_der_m_bounds,0.1272025757156339,0.03,0.031933320933755,0.998777625508151,False,0,True,0,,True,1.0455969059955212,0.8239476630166926,0.7764900175354632,150256.93484883793,0.0291136511098605,0.1165019633321752,0.9424021116736052,2.123640313387511,7.078538223893336e-06
3374.58,True,forward,final_local_der_m_bounds,0.1272025757156339,0.03,0.0303830298353759,0.9988860623973692,False,0,True,0,,True,1.0467244170695833,0.8273926106523122,0.7698640090254454,149942.37053602925,0.0306546031488396,0.1118422664955606,0.9304700079669416,2.1234182355878954,7.184951796712845e-06
3382.6800000000003,True,forward,final_local_der_m_bounds,0.1272025757156339,0.03,0.0293216648137953,0.9989554878844276,False,0,True,0,,True,1.0478787070298807,0.8308541584928094,0.7629305937674765,149633.10178078964,0.0323162598462259,0.1069269396849244,0.9182485108475018,2.1238911608105586,7.295267392091027e-06
3389.28,True,forward,final_local_der_m_bounds,0.1272025757156339,0.03,0.0288181602818443,0.9989856108920449,False,0,True,0,,True,1.0487370722430227,0.8335895015736379,0.7575992329580813,149372.4212803649,0.0336474183587503,0.1032084904162643,0.9088397005095394,2.1241009814930782,7.382565223329799e-06
3392.08,True,forward,final_local_der_m_bounds,0.1272025757156339,0.03,0.0287164479247656,0.9989904631225875,False,0,True,0,,True,1.0491066507710476,0.8347654081660864,0.7553608794610913,149240.9551637302,0.0342110110902367,0.1016867636287839,0.9048780316862428,2.124154477127194,7.4207315539724704e-06
3394.58,True,forward,final_local_der_m_bounds,0.1272025757156339,0.03,0.0287412102487157,0.9989897215225386,False,0,True,0,,True,1.0488020979850692,0.8340967067843043,0.7568474114035721,149306.19936648748,0.0338821882042632,0.1026794280843848,0.907385684714484,2.123595804523103,7.397346851923761e-06
3397.08,True,forward,final_local_der_m_bounds,0.1272025757156339,0.03,0.028761989121609,0.998989185432322,False,0,True,0,,True,1.0484343546712234,0.833421578252977,0.758327156403506,149357.58551586885,0.0335511815350828,0.1036961525321406,0.909896235220014,2.122953699477302,7.374718687452925e-06
3399.78,True,forward,final_local_der_m_bounds,0.1273275201540663,0.03,0.0288281855616579,0.9989855496584132,False,0,True,0,,True,1.0480592191160885,0.8326874778471924,0.7599691796861712,149419.7650964952,0.0331940986937345,0.1048036399917471,0.912670359413804,2.122266801268556,7.349532864425279e-06
3402.38,True,forward,final_local_der_m_bounds,0.1275608868553153,0.03,0.0289320886199074,0.9989792629425578,False,0,True,0,,True,1.0476498823331366,0.8319312959712727,0.7616482327834161,149476.66405780578,0.0328318102830826,0.1059377903679122,0.9155181881866798,2.121545786637049,7.324128410515976e-06
3404.98,True,forward,final_local_der_m_bounds,0.1278464603814417,0.03,0.029059832024636,0.998971308898486,False,0,True,0,,True,1.0472989712354244,0.831185631768373,0.7633389362376704,149529.75973643546,0.0324703202863851,0.107077403604091,0.9183735943722262,2.120901394174436,7.298942592196807e-06
3407.58,True,forward,final_local_der_m_bounds,0.1282215197383676,0.03,0.0292042381413369,0.998962178786576,False,0,True,0,,True,1.0469732006737025,0.8304759097259623,0.764934971992673,149581.5066113963,0.0321233830300731,0.1081710105442629,0.9210802661874729,2.120337764948089,7.275099658519618e-06
3410.08,True,forward,final_local_der_m_bounds,0.1283724539936487,0.03,0.0293665250553754,0.9989516986706822,False,0,True,0,,True,1.0465483500805168,0.8296413206210963,0.7667059272498526,149667.55916619845,0.031756670465768,0.1093325926653435,0.9241414430465827,2.119767381611468,7.246944545598579e-06
3412.58,True,forward,final_local_der_m_bounds,0.1285916794158947,0.03,0.0295423886547083,0.9989402337355808,False,0,True,0,,True,1.0462771127672357,0.8289698668641348,0.7682244532497564,149708.6540194259,0.0314301867076073,0.1103739220578562,0.9267218073388254,2.119320489169307,7.224798491984636e-06
3414.98,True,forward,final_local_der_m_bounds,0.1286638920263878,0.03,0.0297339588971788,0.998927559604648,False,0,True,0,,True,1.0459020244686672,0.828280700116473,0.7696425673108185,149746.46707432583,0.0311082111508405,0.1113967701852123,0.9292049992262178,2.11888967579959,7.203685306580039e-06
3417.78,True,forward,final_local_der_m_bounds,0.1287528903777887,0.03,0.0299889763606652,0.9989104219779444,False,0,True,0,,True,1.045554213083775,0.8274288141532401,0.7717041346868838,149822.86991578722,0.0307149166673545,0.1127043261224354,0.93265320410266,2.118141487405437,7.173253285537773e-06
3420.1800000000003,True,forward,final_local_der_m_bounds,0.1289314068850327,0.03,0.0302334954628573,0.9988937572203944,False,0,True,0,,True,1.0452093721335034,0.8267645467216236,0.7729060220909597,149860.08959112738,0.0304123298292847,0.1136452507379799,0.9348562721463692,2.118030191766014,7.154543680912775e-06
3422.78,True,forward,final_local_der_m_bounds,0.1289915758479437,0.03,0.0305255713197102,0.9988735892671684,False,0,True,0,,True,1.0448467427910038,0.8260546170002718,0.7743512018332989,149897.37815214033,0.0300801765847704,0.1147190193548774,0.9374092050296524,2.117691626119341,7.133161129800375e-06
3427.78,True,forward,final_local_der_m_bounds,0.1292270736826938,0.03,0.0311583714638707,0.998829061346736,False,0,True,0,,True,1.0442208003821347,0.8245662529330993,0.7776542089096187,150017.08152503372,0.0294135292170977,0.1169397456839533,0.9431070046141136,2.1168828014806644,7.083912252490396e-06
3430.48,True,forward,final_local_der_m_bounds,0.1296730640420652,0.03,0.0315339875471214,0.9988021491813178,False,0,True,0,,True,1.0437676074651938,0.8237203624269684,0.7793330422389727,150079.15579852345,0.029052902032978,0.1181321592650867,0.9461136057663851,2.116540924878849,7.058178241337857e-06
3433.08,True,forward,final_local_der_m_bounds,0.1297560812235633,0.03,0.031920418477746,0.9987740944694514,False,0,True,0,,True,1.0433950939592058,0.8229449787460714,0.7809541314644554,150120.91259918202,0.0287104109529441,0.1192868193649358,0.9489749031027592,2.1162060282063244,7.034578866375072e-06
3435.78,True,forward,final_local_der_m_bounds,0.1298461801475696,0.03,0.0323407828658456,0.998743188406918,False,0,True,0,,True,1.0430079103115315,0.8220762778201459,0.7828259533957062,150196.9301828072,0.0283467209553803,0.1205306931586097,0.9522546441450448,2.1158256520378846,7.006314988883464e-06
3438.28,True,forward,final_local_der_m_bounds,0.1301426545061427,0.03,0.0327521336690035,0.9987125417433704,False,0,True,0,,True,1.042704728731454,0.8213005838521018,0.7844513859035317,150258.1168798312,0.0280189952842775,0.1216469594394109,0.955133116092846,2.115653211465978,6.981881951663373e-06
3441.08,True,forward,final_local_der_m_bounds,0.1301426545061427,0.03,0.0332404839110623,0.9986756424725244,False,0,True,0,,True,1.042286511065703,0.8204185513811878,0.7863275445847159,150321.5251181117,0.0276467724416629,0.1229438222556838,0.9584468114000114,2.1152828988954977,6.954195299307718e-06
3443.48,True,forward,final_local_der_m_bounds,0.1301426545061427,0.03,0.0336839187852302,0.9986416514070272,False,0,True,0,,True,1.041940570440896,0.8196223162258209,0.7879861640248014,150394.87670447747,0.0273272160777431,0.1240557282026665,0.9614015485245728,2.115077483116506,6.928844421318035e-06
3446.1800000000003,True,forward,final_local_der_m_bounds,0.1301426545061427,0.03,0.0342002179101191,0.9986015399852676,False,0,True,0,,True,1.0414675514334593,0.8187375523240045,0.7896506263075851,150460.49380158,0.0269772583005056,0.1252605409796825,0.9644734433716208,2.114941036371982,6.903112629434453e-06
3453.98,True,forward,final_local_der_m_bounds,0.1301426545061427,0.03,0.0358027068675139,0.9984733823454912,False,0,True,0,,True,1.0403504194395383,0.8162121275903378,0.7948165594265122,150627.3783146851,0.0259572903562991,0.1289020699726388,0.9737867553781752,2.114511225961878,6.827137611938337e-06
3461.48,True,forward,final_local_der_m_bounds,0.1301426545061427,0.03,0.0374854146186153,0.9983329305134784,False,0,True,0,,True,1.0392120901805164,0.8136993064005474,0.7999935726877055,150798.970913011,0.0249710757312966,0.1325558411913577,0.9831562671799856,2.1141018395244595,6.7514788195526085e-06
3468.6800000000003,True,forward,final_local_der_m_bounds,0.1301426545061427,0.03,0.0394206576796536,0.998163657209562,False,0,True,0,,True,1.0382088200746982,0.8111506923562876,0.8038655608249082,151005.59027460153,0.0241032585933038,0.1354689926403687,0.991018769261952,2.1160303642097893,6.685985334469552e-06
3471.1800000000003,True,forward,final_local_der_m_bounds,0.1301426545061427,0.03,0.0401884869432908,0.9980943914319288,False,0,True,0,,True,1.037695622561327,0.810135686047166,0.8055137993964985,151072.74145753062,0.0237599208796081,0.136682721703254,0.9942949227761848,2.116443466217208,6.6597124233305925e-06
3473.78,True,forward,final_local_der_m_bounds,0.1301426545061427,0.03,0.0401003057471804,0.9981019753603452,False,0,True,0,,True,1.0377355275324949,0.8102158071726014,0.805270731882106,151084.14181632458,0.0238241691133295,0.1364158483385513,0.993896594898892,2.1165652037094254,6.66204149273389e-06
3476.28,True,forward,final_local_der_m_bounds,0.1301426545061427,0.03,0.0399826457173014,0.9981126195877968,False,0,True,0,,True,1.0378996406488312,0.8103555249672909,0.805064629277433,151074.2820705136,0.0238819212720514,0.1361859353083928,0.9934708957650762,2.1166696253844823,6.665500288360736e-06
3478.6800000000003,True,forward,final_local_der_m_bounds,0.1301426545061427,0.03,0.0398632869100148,0.998123349197609,False,0,True,0,,True,1.0378984198893884,0.8105242153315193,0.8041333134694932,151056.24007296422,0.023968281067348,0.1357394922310808,0.992115100645806,2.117334491313964,6.67596264544722e-06
3481.48,True,forward,final_local_der_m_bounds,0.1301426545061427,0.03,0.039728894563532,0.9981353662542612,False,0,True,0,,True,1.0380308290762983,0.8106829150148651,0.8039764834080732,151055.15616924645,0.0240372809164914,0.1354887470049505,0.991727429451663,2.117237017638395,6.67876782738559e-06
3483.88,True,forward,final_local_der_m_bounds,0.1301426545061427,0.03,0.0396211728276183,0.998144904005204,False,0,True,0,,True,1.038034490528331,0.8108271700296138,0.8032208121305767,151039.50035969538,0.0241176161174616,0.1350901542790976,0.9906190145320868,2.117761529743439,6.687382769330188e-06
3486.58,True,forward,final_local_der_m_bounds,0.1301426545061427,0.03,0.0395107895407187,0.9981545486186872,False,0,True,0,,True,1.0380765121456614,0.8109629964221393,0.8028792002832312,151023.91768304637,0.024189092216343,0.1348010211343034,0.9900318557387048,2.1178214897150536,6.69226900829068e-06
3489.1800000000003,True,forward,final_local_der_m_bounds,0.1301426545061427,0.03,0.0394123676303613,0.9981630992545006,False,0,True,0,,True,1.0380917862874923,0.8111235977243083,0.802095828458743,151006.8329723523,0.024277690343691,0.1343722523846251,0.9888700448477968,2.11835099461728,6.701353937168613e-06
3491.58,True,forward,final_local_der_m_bounds,0.1301426545061427,0.03,0.0393233150242785,0.9981707974452316,False,0,True,0,,True,1.0380847094825103,0.811265216593873,0.8016931537618186,150990.5370600563,0.0243474043928061,0.1340868560069009,0.9882010683605504,2.1183760469516075,6.706873227653143e-06
3494.28,True,forward,final_local_der_m_bounds,0.1301426545061427,0.03,0.0392202078751675,0.9981797013664118,False,0,True,0,,True,1.038141495111018,0.8113785537682053,0.8011898581882632,151007.30876607387,0.0244254374139426,0.1337300012633542,0.9874427349199412,2.118776592896747,6.711576745949731e-06
3496.78,True,forward,final_local_der_m_bounds,0.1301426545061427,0.03,0.039121639138627,0.9981882133841148,False,0,True,0,,True,1.038278235327316,0.8115039476763592,0.8011197694080923,150987.38213723668,0.0244863501183267,0.1335182577047229,0.9872037858866852,2.1186918554858214,6.714167377165516e-06
3499.48,True,forward,final_local_der_m_bounds,0.1301426545061427,0.03,0.0390139089616436,0.998197505692365,False,0,True,0,,True,1.0381935208295276,0.8115336874881479,0.8006672281663115,151024.5764548994,0.0245556582633893,0.1331813245523622,0.9866099713550152,2.119041516966984,6.716794627206168e-06
3501.98,True,forward,final_local_der_m_bounds,0.1301426545061427,0.03,0.0389142632830924,0.9982060832049447,False,0,True,0,,True,1.038243256630812,0.8117676137140789,0.7999001099890554,150968.22489907275,0.0246476344616365,0.1327817771312601,0.9853806637213252,2.119355030623343,6.7281530238966095e-06
3507.1800000000003,True,forward,final_local_der_m_bounds,0.1301426545061427,0.03,0.0387102162090211,0.9982235777885607,False,0,True,0,,True,1.038222438617835,0.8119319904597926,0.7989917744691999,150977.5017587118,0.0247865292897859,0.1321476193579342,0.9840624385507156,2.1199806365821874,6.73726450867597e-06
3509.58,True,forward,final_local_der_m_bounds,0.1301426545061427,0.03,0.038621955500661,0.9982310872036354,False,0,True,0,,True,1.0383065471487978,0.8120577259862191,0.7986855386829674,150985.28562382096,0.0248618962245396,0.1318405607187541,0.9835329596956774,2.120119655562972,6.7407370806388775e-06
3512.28,True,forward,final_local_der_m_bounds,0.1301426545061427,0.03,0.0385236569401463,0.9982394295565208,False,0,True,0,,True,1.0382995944887237,0.8122199161152395,0.7981188536480965,150945.30051490504,0.0249408940279247,0.1315060956991435,0.9826388614864472,2.1203050938636703,6.748991174986402e-06
3514.78,True,forward,final_local_der_m_bounds,0.1304650358830465,0.03,0.0384365506658508,0.998246784086946,False,0,True,0,,True,1.0383578115616712,0.812345662217827,0.7976777049304498,150916.30636931956,0.0250067006688251,0.1312223508625385,0.981943699622484,2.120582126266721,6.755324089969201e-06
3517.58,True,forward,final_local_der_m_bounds,0.1305962974031334,0.03,0.0383369358698023,0.9982551952521088,False,0,True,0,,True,1.0384482091433762,0.8125122431775664,0.7972844764659736,150926.4666938968,0.0250971280070549,0.1308623707222456,0.9812584156860944,2.120708050910212,6.759829397923133e-06
3520.1800000000003,True,forward,final_local_der_m_bounds,0.1308362639615347,0.03,0.0382502658651268,0.9982624648203686,False,0,True,0,,True,1.0383389097407052,0.8126910110844011,0.7959785922228424,150879.55905679706,0.0252038098894346,0.1302982238461993,0.9794357035655424,2.121669973109144,6.775214022345985e-06
3522.78,True,forward,final_local_der_m_bounds,0.1309280133997002,0.03,0.0381620208049659,0.9982698671439943,False,0,True,0,,True,1.0383897474485844,0.8127669037723663,0.796158027756552,150881.42506968652,0.0252543994145402,0.1301668961634899,0.97956501927093,2.121241600927893,6.774164907321223e-06
3525.38,True,forward,final_local_der_m_bounds,0.1311839241959266,0.03,0.0380754591852868,0.998277105076738,False,0,True,0,,True,1.0384954011471097,0.812904523249194,0.7956500214457628,150869.88766356715,0.0253335641577157,0.1298177934754061,0.9787742578495384,2.1216697726378584,6.780442051145109e-06
3532.78,True,forward,final_local_der_m_bounds,0.1312565378794386,0.03,0.0378609918881578,0.9982947607343764,False,0,True,0,,True,1.038536446127923,0.8132514652215763,0.7942961093221299,150842.65144342248,0.0255456266351698,0.1289157923549345,0.976691888413282,2.122397094285162,6.796872681913229e-06
3540.58,True,forward,final_local_der_m_bounds,0.1314770654742923,0.03,0.0378096963093923,0.9982978574290274,False,0,True,0,,True,1.0387128321699814,0.8135934381554605,0.7919492429396141,150829.98865166397,0.0258510363381576,0.1273502805125097,0.9733967923033928,2.1248409358768043,6.821674783117144e-06
3547.58,True,forward,final_local_der_m_bounds,0.1316436200795141,0.03,0.0376766019918891,0.9983083197702356,False,0,True,0,,True,1.038908640100176,0.8139501362624659,0.7906003713738792,150793.71500943633,0.0260760139649091,0.1263669439313541,0.9713130278522892,2.125860253536056,6.838667825319842e-06
3550.08,True,forward,final_local_der_m_bounds,0.1317632686774068,0.03,0.0375737407105757,0.9983167672578972,False,0,True,0,,True,1.0389514852095043,0.8141922220976241,0.7895592382733593,150755.63504445134,0.0262068833108638,0.1257819492315411,0.9697454935631756,2.1265520874067394,6.851989334911736e-06
3552.78,True,forward,final_local_der_m_bounds,0.132025246498552,0.03,0.0378888619275348,0.9982893982550128,False,0,True,0,,True,1.0388469065485784,0.8137742215273356,0.7902032378447926,150818.13284324476,0.0260801830557904,0.1261499461271578,0.9710349835875808,2.126947911069341,6.839690422056264e-06
3555.1800000000003,True,forward,final_local_der_m_bounds,0.1321897291969968,0.03,0.0381720654787471,0.9982646156413054,False,0,True,0,,True,1.0386758786814834,0.8134195470710588,0.790434512668087,150842.3712898959,0.0259761442460148,0.1263988682919556,0.9717427070867232,2.127568180337247,6.833448457159772e-06
3557.98,True,forward,final_local_der_m_bounds,0.1323265700897264,0.03,0.0384997509069149,0.9982358010763543,False,0,True,0,,True,1.0384782463437374,0.8129131811580231,0.7911752427690115,150890.6425559314,0.0258210779378755,0.1268661676983937,0.9732592128005044,2.127963495387144,6.820169880559287e-06
3560.58,True,forward,final_local_der_m_bounds,0.1325310772571609,0.03,0.0388062752428659,0.99820865844738,False,0,True,0,,True,1.0383134778790553,0.8125784865645342,0.7912260847452802,150889.75982049902,0.0257102952533494,0.1271168182987008,0.9737226591987084,2.128783133176075,6.816880043791701e-06
3563.28,True,forward,final_local_der_m_bounds,0.132627579321666,0.03,0.0391235734559623,0.9981803796097812,False,0,True,0,,True,1.038160496946671,0.812159817653683,0.7917500799580499,150930.79479862048,0.0255886364403484,0.1274473836245694,0.9748698011746056,2.1292608160141344,6.806661596464053e-06
3565.98,True,forward,final_local_der_m_bounds,0.1327717351719554,0.03,0.0394274124643042,0.9981532338797842,False,0,True,0,,True,1.038020876932799,0.8117489503609283,0.7921663164089409,150964.3771961686,0.025456415455349,0.1278056753943121,0.9758759971992812,2.129892654869758,6.79783157488082e-06
3568.78,True,forward,final_local_der_m_bounds,0.1330242878839163,0.03,0.0397388433055392,0.9981252268000372,False,0,True,0,,True,1.037736055875752,0.8112521284795977,0.792584955403124,151001.96010885283,0.0253058257506775,0.1282160553692388,0.9769896775353198,2.1305411041586058,6.788062449647049e-06
3571.28,True,forward,final_local_der_m_bounds,0.1331573594276083,0.03,0.0400185312345304,0.9980999089252772,False,0,True,0,,True,1.037639604281231,0.8109161637352666,0.7925670293097355,151018.1408136102,0.0252040454718046,0.1284099506527334,0.9773723410062384,2.1316064329203765,6.784606166508137e-06
3573.98,True,forward,final_local_der_m_bounds,0.1333836596746459,0.03,0.0403239583711328,0.9980720825706316,False,0,True,0,,True,1.0375064751025431,0.8104388920282464,0.7933388821932981,151068.94284309106,0.0250498732295315,0.1288987059073673,0.9789003094457216,2.1319948120027816,6.771205002503484e-06
3576.6800000000003,True,forward,final_local_der_m_bounds,0.1337748527894572,0.03,0.040633827500665,0.9980436532291976,False,0,True,0,,True,1.0373584596433154,0.8101011033976385,0.7934350424626788,151075.5040115614,0.0249394722970812,0.1291516352116397,0.9794271840081926,2.132800243226473,6.7671236393979935e-06
3579.28,True,forward,final_local_der_m_bounds,0.1340449303053079,0.03,0.0409350530215675,0.9980158292376112,False,0,True,0,,True,1.0372621046744248,0.8096715714815232,0.7939475068744096,151126.51850731135,0.0248088714592096,0.1295193213985399,0.980579700262488,2.133460345928852,6.756485748247405e-06
3581.78,True,forward,final_local_der_m_bounds,0.1342599189287794,0.03,0.0412264761124758,0.9979887380430422,False,0,True,0,,True,1.0369519012831545,0.809233800096469,0.7944115740457071,151154.5831366034,0.024677483757306,0.1299041654469944,0.981683629565405,2.133781441936658,6.747245010360785e-06
3586.88,True,forward,final_local_der_m_bounds,0.1344748980687815,0.03,0.0418252891263849,0.9979325441632086,False,0,True,0,,True,1.0368190797305337,0.808540388111615,0.7948991682981624,151188.44527274685,0.0244479201648245,0.1304948468886723,0.9831285857651312,2.1353815323685628,6.735317513132479e-06
3589.28,True,forward,final_local_der_m_bounds,0.1344881643764249,0.03,0.042105588270037,0.9979060134370028,False,0,True,0,,True,1.0366251393348411,0.808098826040166,0.7954210958016653,151252.31539774273,0.0243204744182943,0.1308688917495281,0.984311658636328,2.135878143030988,6.723930743232768e-06
3591.98,True,forward,final_local_der_m_bounds,0.1344881643764249,0.03,0.0424224493655974,0.9978758365255672,False,0,True,0,,True,1.0364911811653243,0.8077092665646244,0.7957787673310813,151260.6421601791,0.0241875739257321,0.1312495795067563,0.9852292158485612,2.1365395693647664,6.716949864505352e-06
3594.48,True,forward,final_local_der_m_bounds,0.1344881643764249,0.03,0.04271840975808,0.9978474675419092,False,0,True,0,,True,1.0362804623373412,0.8074257962520586,0.7954474965361553,151267.42993288912,0.0241101236935432,0.1313333708041086,0.9851648290511592,2.137623493079425,6.717166998467021e-06
3597.28,True,forward,final_local_der_m_bounds,0.1344881643764249,0.03,0.0430538526191464,0.9978150949721608,False,0,True,0,,True,1.0361074011112887,0.806846533227276,0.7964746221617363,151319.1723832412,0.0239249260573496,0.1319723968990169,0.9871451253263076,2.137964817472405,6.7005746446268135e-06
3599.78,True,forward,final_local_der_m_bounds,0.1344881643764249,0.03,0.0433492342913511,0.9977864279264392,False,0,True,0,,True,1.035917002214039,0.8064148152183734,0.7968042344351659,151380.93683685968,0.0238066404812293,0.132280137649359,0.9880823360361936,2.138709611950081,6.691111352510441e-06
3602.58,True,forward,final_local_der_m_bounds,0.1344881643764249,0.03,0.043681784585182,0.9977539501880144,False,0,True,0,,True,1.0358172913583803,0.8059507859401309,0.7974289059648728,151406.8502722309,0.0236539291376038,0.1327612062527052,0.9894263022954716,2.139347989151231,6.680304686893761e-06
3605.18,True,forward,final_local_der_m_bounds,0.1344881643764249,0.03,0.0439812696708577,0.9977245763349514,False,0,True,0,,True,1.03565049157796,0.8055312963516507,0.7978483134970396,151457.6422418455,0.023528921142253,0.133120193303187,0.9904622168134146,2.139973050539932,6.6706353713045e-06
3613.28,True,forward,final_local_der_m_bounds,0.1344881643764249,0.03,0.0448832519187399,0.9976353046543824,False,0,True,0,,True,1.0351042418160024,0.8041821554772998,0.7988669958107145,151575.84147206394,0.0231358378687063,0.1341793099775499,0.993390602327615,2.142435838256324,6.644493143154655e-06
3620.98,True,forward,final_local_der_m_bounds,0.1344881643764249,0.03,0.0455432145682042,0.99756969155424,False,0,True,0,,True,1.0346218393985942,0.8030496761341219,0.8014173703395853,151584.4258393299,0.0226631507307682,0.1361629099892836,0.9979673663497448,2.1420984560043896,6.611437010046728e-06
3627.68,True,forward,final_local_der_m_bounds,0.1344881643764249,0.03,0.0461534527075247,0.9975081857911812,False,0,True,0,,True,1.0341360539838154,0.8020130239015203,0.8030773789650825,151658.322795539,0.0222884718049791,0.1376055659207813,1.0013271044631975,2.14265807435886,6.584354218007476e-06
3630.28,True,forward,final_local_der_m_bounds,0.1344881643764249,0.03,0.0463946279674968,0.997483681232686,False,0,True,0,,True,1.0339450398268455,0.8015964212443214,0.8037325414501311,151681.78184155142,0.022132458343218,0.1382171902104173,1.0026648325132164,2.1429124332407525,6.573860085428704e-06
3632.68,True,forward,final_local_der_m_bounds,0.1344881643764249,0.03,0.0465088000841569,0.997472142236894,False,0,True,0,,True,1.0337669806143073,0.8012545612607382,0.804570282418579,151743.56852991888,0.0220349423200084,0.1386484280071906,1.00413816197517,2.1426639838045536,6.560772226074335e-06
3635.18,True,forward,final_local_der_m_bounds,0.1344748980687815,0.03,0.0466452602904298,0.9974580564116294,False,0,True,0,,True,1.0336677611077831,0.8010778736776631,0.804863864491917,151717.0359583063,0.0219542901336225,0.1389855975918277,1.0047261208162857,2.142714232131663,6.557767479795555e-06
3637.78,True,forward,final_local_der_m_bounds,0.1342599189287794,0.03,0.0467930731810522,0.99744269161539,False,0,True,0,,True,1.033571725366564,0.8008706142523406,0.805296038508461,151720.98517246434,0.021873491390945,0.1393372466911295,1.00552576680598,2.1426948590803154,6.5519562579252015e-06
3640.28,True,forward,final_local_der_m_bounds,0.1340449303053079,0.03,0.0469377319291934,0.9974275367576936,False,0,True,0,,True,1.0332515029903802,0.800521599670376,0.8054695945399301,151766.18272114714,0.0217907379311242,0.1395991398559916,1.0061809636012211,2.143098751527856,6.545375967109679e-06
3642.78,True,forward,final_local_der_m_bounds,0.1338036965227043,0.03,0.0470794231903469,0.9974126820475956,False,0,True,0,,True,1.0333157617292654,0.800385193165778,0.8060291364479769,151762.45014908473,0.0217157447230408,0.1399691551464166,1.0070515338494397,2.142972482326939,6.5394144104249005e-06
3645.58,True,forward,final_local_der_m_bounds,0.1337748527894572,0.03,0.0472488976798271,0.997394713736771,False,0,True,0,,True,1.033097741937435,0.8001679317511042,0.8061982031689383,151713.64816136286,0.0216326456769977,0.1403003819827994,1.007536257301186,2.1431018529169386,6.538099097365038e-06
3648.28,True,forward,final_local_der_m_bounds,0.1333836596746459,0.03,0.0474217451525586,0.9973763157755152,False,0,True,0,,True,1.0329593838966404,0.7997760111434585,0.8075123261263026,151788.68934249302,0.021514135907102,0.1409078785620423,1.0096731020623928,2.1424793524381203,6.519877688271992e-06
3650.78,True,forward,final_local_der_m_bounds,0.1331573594276083,0.03,0.0475829943692656,0.9973591065416966,False,0,True,0,,True,1.0327339379175462,0.7995345923053245,0.8076199047682681,151829.81037772563,0.0214571285221182,0.1410853099811744,1.010112523636571,2.142769683541855,6.51501727679037e-06
3653.58,True,forward,final_local_der_m_bounds,0.1330242878839163,0.03,0.0477628328086889,0.997339849087333,False,0,True,0,,True,1.0326290863949257,0.7991839318292491,0.8084738072422407,151877.76656752743,0.0213466442389506,0.1415920063790386,1.0116242019427597,2.1426986495182545,6.502384753123931e-06
3656.18,True,forward,final_local_der_m_bounds,0.1328617054940526,0.03,0.0479299690804696,0.9973218951564956,False,0,True,0,,True,1.0325130254141517,0.7991653714117177,0.808234473852421,151779.4276715589,0.0212960562162007,0.1417913048729145,1.011348217484302,2.142854934804359,6.50851727836701e-06
3658.88,True,forward,final_local_der_m_bounds,0.1327717351719554,0.03,0.0481043362771947,0.9973031043523836,False,0,True,0,,True,1.032383702014099,0.7989278176065481,0.8087965881299947,151768.80332066887,0.0212083747681638,0.1421975960617384,1.0123525183451638,2.142709513976413,6.501949303708503e-06
3661.58,True,forward,final_local_der_m_bounds,0.132627579321666,0.03,0.0482799847550444,0.997284112221377,False,0,True,0,,True,1.032330809682699,0.7987214599344696,0.8093726747932498,151777.79521535974,0.0211321019228228,0.1425594746159489,1.0133353307668158,2.1425878421263014,6.494703931257106e-06
3666.78,True,forward,final_local_der_m_bounds,0.1323265700897264,0.03,0.0486224390996723,0.9972468994784168,False,0,True,0,,True,1.031948845656138,0.7979907560809042,0.8107355501777728,151883.48886683217,0.0209319662858657,0.1434247433037845,1.015971104927908,2.142683776983781,6.471811708244569e-06
3669.58,True,forward,final_local_der_m_bounds,0.1321897291969968,0.03,0.0488109560411309,0.997226302215968,False,0,True,0,,True,1.0318497921050125,0.7977971880173794,0.8111437825796267,151883.1326500754,0.0208586380394087,0.1437572671361639,1.016729307601867,2.1426509675200345,6.466555225686303e-06
3672.08,True,forward,final_local_der_m_bounds,0.1320669151588374,0.03,0.0489805916934312,0.9972077050087708,False,0,True,0,,True,1.031593953149866,0.7974971709018159,0.8115309245390453,151897.56345980032,0.0207729826446454,0.1441100394677339,1.0175972456696742,2.142722364656994,6.459896877630255e-06
3674.58,True,forward,final_local_der_m_bounds,0.132025246498552,0.03,0.049148618758347,0.997189236436322,False,0,True,0,,True,1.0314238486478269,0.7971682767929974,0.812573876729633,151947.27601056464,0.0206731793233396,0.1446311606681193,1.0193254051686709,2.1421928011410665,6.445826777863669e-06
3677.28,True,forward,final_local_der_m_bounds,0.132025246498552,0.03,0.0493329614992208,0.9971689003452568,False,0,True,0,,True,1.031407122508169,0.7968724307842252,0.8134025286237089,151999.1217269989,0.0205814017389112,0.1450715246533238,1.020743719070838,2.142150986258296,6.433834316346548e-06
3679.78,True,forward,final_local_der_m_bounds,0.132025246498552,0.03,0.0495058488111698,0.9971497625164698,False,0,True,0,,True,1.0312511980037495,0.7967627253396087,0.8128859011660728,151955.04664312257,0.0205345240439044,0.1451617668446828,1.020235856063161,2.142938760282888,6.439156250169203e-06
3682.480000000001,True,forward,final_local_der_m_bounds,0.132025246498552,0.03,0.0496967765114431,0.9971285418787832,False,0,True,0,,True,1.031009386193813,0.7964795458211611,0.813533471638047,151940.4328680066,0.0204406209642262,0.1456176704140684,1.0214116306016414,2.1426276383076828,6.4316499496491264e-06
3685.08,True,forward,final_local_der_m_bounds,0.1320669151588374,0.03,0.0499016019899766,0.9971055944564317,False,0,True,0,,True,1.030851755832534,0.7962997415934753,0.8137915083034701,151910.19855683175,0.0203616592591245,0.145980793221102,1.0219663096649914,2.1426291369901813,6.4290884690890126e-06
3692.78,True,forward,final_local_der_m_bounds,0.1323265700897264,0.03,0.0505486725009687,0.9970323782840014,False,0,True,0,,True,1.03040745625135,0.7954245520853018,0.8156852076727544,152016.6175600716,0.0201009705000322,0.1472124214051739,1.0254714988798583,2.142455730618152,6.4004524451006725e-06
3700.78,True,forward,final_local_der_m_bounds,0.132627579321666,0.03,0.0512315360983384,0.996954179596406,False,0,True,0,,True,1.0299786524524457,0.7947276179574495,0.817134238536423,152007.33809200482,0.0198481178074494,0.1484373194774328,1.0281940882293248,2.142251805170236,6.38216055949782e-06
3707.28,True,forward,final_local_der_m_bounds,0.1328617054940526,0.03,0.0516682626787686,0.9969037202352132,False,0,True,0,,True,1.0295283822495984,0.7941137003396325,0.8190801214355529,152037.7469584922,0.0196027532967141,0.1498531671001825,1.0314393531873869,2.141036435175413,6.358775247004984e-06
3709.68,True,forward,final_local_der_m_bounds,0.1330242878839163,0.03,0.0519361327805101,0.996872864696388,False,0,True,0,,True,1.0292676618752197,0.7937116530968115,0.8203312107392103,152050.219756319,0.0194589633190071,0.1506525060946315,1.033538070832824,2.140350113272228,6.3440085837432495e-06
3712.480000000001,True,forward,final_local_der_m_bounds,0.1334992567753805,0.03,0.0510863571652902,0.996968356579414,False,0,True,0,,True,1.0293606869743472,0.7947312239721029,0.8184799506676242,151964.3586254352,0.0197908426418938,0.1493277402625425,1.029882715035184,2.139155519660104,6.372552961815175e-06
3714.88,True,forward,final_local_der_m_bounds,0.1334992567753805,0.03,0.0503755105004353,0.9970470967972692,False,0,True,0,,True,1.029800746176588,0.7957633800735281,0.8173151951922173,151840.19577084933,0.0200875591343805,0.1482650001307249,1.0270831954050184,2.137732897242718,6.397041640341388e-06
3717.58,True,forward,final_local_der_m_bounds,0.1334992567753805,0.03,0.0495664831502464,0.9971358259086918,False,0,True,0,,True,1.0299025255133971,0.7966175471839473,0.8161393372487373,151755.4345406115,0.0203706616623193,0.1472548476237154,1.0245058499323796,2.1363031217607875,6.4183846781236e-06
3720.18,True,forward,final_local_der_m_bounds,0.1334992567753805,0.03,0.0487935902151167,0.9972195182464652,False,0,True,0,,True,1.030182993789471,0.7974541342933643,0.8155148653809012,151692.34350802287,0.0206380301546787,0.1463930520696909,1.0226479872770875,2.134577919830782,6.433952953842809e-06
3722.68,True,forward,final_local_der_m_bounds,0.1334992567753805,0.03,0.0480711674146244,0.9972966104393188,False,0,True,0,,True,1.0303603340533185,0.7984050133085121,0.814093121369286,151548.1365487714,0.0209262056664681,0.1453689862036333,1.0196493105620217,2.133289172718914,6.460852669707968e-06
3725.38,True,forward,final_local_der_m_bounds,0.1334992567753805,0.03,0.0472964554741053,0.9973782752160946,False,0,True,0,,True,1.0305962376200646,0.7992047094997146,0.8132644177716123,151558.28616148408,0.0212164772096484,0.1443748093555203,1.0175921239011452,2.1318985077921977,6.474738791105136e-06
3727.980000000001,True,forward,final_local_der_m_bounds,0.1334992567753805,0.03,0.0465464429459262,0.997456307804167,False,0,True,0,,True,1.0308292503375378,0.8001052069660758,0.811694885611476,151471.4924498084,0.021520787613088,0.1432474105928616,1.01448519337769,2.1311339856545275,6.500078289046595e-06
3730.58,True,forward,final_local_der_m_bounds,0.1334992567753805,0.03,0.0458079277248254,0.997532088293482,False,0,True,0,,True,1.0310731336602423,0.8008422777178424,0.8111042023571614,151456.85511746214,0.0217837755140859,0.1424171236900349,1.0128139147056052,2.129684939442652,6.512410332873334e-06
3733.08,True,forward,final_local_der_m_bounds,0.1334992567753805,0.03,0.045110983039578,0.997602642232879,False,0,True,0,,True,1.031168999851349,0.8017173344492199,0.8100617304219739,151289.48513114773,0.0220429077610593,0.1416256106984005,1.010408152118211,2.128034403891169,6.53647930608929e-06
3735.78,True,forward,final_local_der_m_bounds,0.1334992567753805,0.03,0.0443728065616345,0.997676336446945,False,0,True,0,,True,1.0314002110804548,0.8025402531268855,0.8088138338859966,151256.49414884628,0.0223423562716278,0.1405830758950767,1.0078171540114875,2.1271457774863385,6.556099995677841e-06
3738.28,True,forward,final_local_der_m_bounds,0.1334992567753805,0.03,0.043703127299527,0.9977422652365552,False,0,True,0,,True,1.0316562124142288,0.8034374041248051,0.8076584331407365,151126.2223498964,0.022618572513811,0.1397021302343452,1.0052537123542675,2.125914754900109,6.579820611359879e-06
3741.08,True,forward,final_local_der_m_bounds,0.1334992567753805,0.03,0.0429675444912343,0.9978136669481052,False,0,True,0,,True,1.0318183364608124,0.80428705139615,0.806317467970338,151073.9008647528,0.0229259279733664,0.1386634874403338,1.00252449243173,2.12493038821886,6.601387171804145e-06
3746.480000000001,True,forward,final_local_der_m_bounds,0.1334992567753805,0.03,0.0415909043163318,0.9979444283155516,False,0,True,0,,True,1.0322536316683857,0.8060518161252598,0.8040348027095624,150866.27666020344,0.0235116148760932,0.1368338467693357,0.9974976628358792,2.1224274570890502,6.646184694492623e-06
3748.980000000001,True,forward,final_local_der_m_bounds,0.1334992567753805,0.03,0.0409724129669501,0.9980019521679704,False,0,True,0,,True,1.0324238008472937,0.8067401997485213,0.8033032434822331,150816.28664934926,0.0237582499117321,0.1361073684935587,0.9957396987687492,2.121241942457014,6.660916437812475e-06
3751.38,True,forward,final_local_der_m_bounds,0.1334992567753805,0.03,0.0403906415837498,0.99805536030305,False,0,True,0,,True,1.032621195645603,0.8074806965238452,0.8023521952043177,150748.63557890453,0.0240141221334601,0.1353254115924161,0.9936487629467732,2.120228532813593,6.678842625242164e-06
3753.980000000001,True,forward,final_local_der_m_bounds,0.1334992567753805,0.03,0.039775876551862,0.9981110455834646,False,0,True,0,,True,1.032795326562769,0.8082122205553172,0.8014968409667671,150692.6395370042,0.0242801377891178,0.1345352313774273,0.9916910689819364,2.119073782897316,6.695336936573735e-06
3756.58,True,forward,final_local_der_m_bounds,0.1334992567753805,0.03,0.0391737014430795,0.9981648556248092,False,0,True,0,,True,1.0330768280890965,0.8090936793504976,0.8003109228263603,150598.84511185644,0.02457307593705,0.1336434050108018,0.9891449448335974,2.118052824485934,6.717786543532994e-06
3759.08,True,forward,final_local_der_m_bounds,0.1334992567753805,0.03,0.0386088576460775,0.9982146544867888,False,0,True,0,,True,1.0332439424241988,0.8098810262963363,0.7991617699163222,150492.29687568962,0.0248368473744309,0.1328548621114292,0.986764406089331,2.117101143819593,6.739691423195389e-06
3761.58,True,forward,final_local_der_m_bounds,0.1334992567753805,0.03,0.03805521563053,0.998262842880925,False,0,True,0,,True,1.0334099137609378,0.8105734288942706,0.7982768107314696,150443.6134852487,0.025092798845154,0.1321041160431225,0.9848297295168246,2.1161340752350704,6.755834424467619e-06
3764.28,True,forward,final_local_der_m_bounds,0.1334992567753805,0.03,0.0374613880236988,0.9983138832859272,False,0,True,0,,True,1.0335829234338385,0.8113705654439785,0.7972418806581052,150359.07047069116,0.0253743446790862,0.1312909279844235,0.9825866436525929,2.1150130674946483,6.775862075131336e-06
3772.18,True,forward,final_local_der_m_bounds,0.1334992567753805,0.03,0.0357806425919593,0.9984545425124792,False,0,True,0,,True,1.034115818865119,0.8135554409043132,0.7945592384762838,150149.83144746508,0.0261734509324973,0.1290399121322522,0.9766503897916116,2.11188065990836,6.828456543758853e-06
3779.68,True,forward,final_local_der_m_bounds,0.1334992567753805,0.03,0.0344395558450883,0.9985620992759208,False,0,True,0,,True,1.0346323259924994,0.8155726906895379,0.7912336749112335,149971.4023728012,0.026985078152787,0.1265349900690585,0.970157147172588,2.110290909388518,6.884235351995426e-06
3786.18,True,forward,final_local_der_m_bounds,0.1334992567753805,0.03,0.0336620186641489,0.9986216298194932,False,0,True,0,,True,1.0353501050202756,0.8172569695694122,0.7870745396820404,149851.78601139694,0.027809610664877,0.1235388156011394,0.9630686173245192,2.111578058372241,6.942416961656403e-06
3788.980000000001,True,forward,final_local_der_m_bounds,0.1333533825202064,0.03,0.0333043239092122,0.9986485524591476,False,0,True,0,,True,1.03570723636734,0.8181006468425088,0.7850834302481864,149781.13187443625,0.0282132239270938,0.1221198381884759,0.9596416202312592,2.112113118979433,6.971342012259759e-06
3791.480000000001,True,forward,final_local_der_m_bounds,0.1328617054940526,0.03,0.0336412004326364,0.9986220464603156,False,0,True,0,,True,1.035470204114628,0.817557653552715,0.7855164761673051,149843.899415022,0.0280618309992868,0.1224530316364077,0.9608086631613388,2.1129750141752304,6.959799702736694e-06
3793.980000000001,True,forward,final_local_der_m_bounds,0.1323593992725006,0.03,0.0339800066428667,0.9985950284549772,False,0,True,0,,True,1.035290453076514,0.8170451064824742,0.7861248533210118,149890.76331581295,0.0279124809593177,0.1228286249227203,0.9621560022621276,2.113592644274718,6.947627358892146e-06
3796.480000000001,True,forward,final_local_der_m_bounds,0.1320669151588374,0.03,0.0343183938641196,0.9985677949773882,False,0,True,0,,True,1.0350717279121464,0.816499500023866,0.7867252374690549,149945.88009116464,0.0277586241906594,0.1232108583449351,0.9635342550069648,2.1142650723754137,6.934873304371973e-06
3799.08,True,forward,final_local_der_m_bounds,0.1318707428716795,0.03,0.0346769845224553,0.9985386767592506,False,0,True,0,,True,1.0348613366819863,0.8159550151366772,0.7874146081848946,149996.60247276048,0.0275961121922942,0.12364056686054,0.96502208280808,2.1148254225090968,6.921514805670257e-06
3801.78,True,forward,final_local_der_m_bounds,0.1317921952226781,0.03,0.035026383077064,0.9985101741496694,False,0,True,0,,True,1.0345971716610314,0.8153675537733845,0.7879553821042374,150058.21536669662,0.0274352708456237,0.1240150445471094,0.966380595423146,2.1156486174171607,6.908670848471607e-06
3804.28,True,forward,final_local_der_m_bounds,0.1312848418709657,0.03,0.0353440111396977,0.9984841244709328,False,0,True,0,,True,1.034474642650728,0.8149216046233758,0.7884903174443705,150079.79242243583,0.0272846469588012,0.1244091488452731,0.9675658529249316,2.116256670981147,6.898933940303689e-06
3807.08,True,forward,final_local_der_m_bounds,0.1311009926477951,0.03,0.0357098722242349,0.9984538418885872,False,0,True,0,,True,1.0343094999964193,0.8143732757075711,0.789152491400571,150124.660913332,0.0271111555489094,0.1248608672085151,0.9690304371971354,2.116971231252773,6.886082621422341e-06
3809.480000000001,True,forward,final_local_der_m_bounds,0.1304971436158045,0.03,0.0360272537553188,0.998427355259852,False,0,True,0,,True,1.0341767054216324,0.8139372896545848,0.7892306574636612,150172.16077877878,0.0269910408351759,0.1250644206026548,0.9696455335012252,2.118179121404482,6.8794543890949765e-06
3811.980000000001,True,forward,final_local_der_m_bounds,0.1304547995540642,0.03,0.0363636131505668,0.9983990447421216,False,0,True,0,,True,1.0340045979934376,0.8134274258595563,0.7899397533811092,150217.45121832797,0.026828742787654,0.1255125076764964,0.9711250546370164,2.1186765291322804,6.8664885224323365e-06
3814.58,True,forward,final_local_der_m_bounds,0.1304547995540642,0.03,0.0367230625136759,0.998368510544488,False,0,True,0,,True,1.033854159048841,0.8129960799773635,0.7903351743894039,150229.72146131637,0.0266841616269298,0.125870299719757,0.9721266729987302,2.1193812852063267,6.858592726698952e-06
3816.980000000001,True,forward,final_local_der_m_bounds,0.1304547995540642,0.03,0.0370628589825723,0.9983393814632918,False,0,True,0,,True,1.0337314809975222,0.8125442000186477,0.7909764828598552,150272.0240990518,0.0265357744383912,0.1262836689678825,0.9734565613066988,2.119869599212789,6.846894997964458e-06
3819.88,True,forward,final_local_der_m_bounds,0.1304547995540642,0.03,0.037482138834582,0.998303090446752,False,0,True,0,,True,1.033533624561758,0.8119159022789463,0.7916249267720191,150340.52385755503,0.0263496397890769,0.1267547883709402,0.9750085255751576,2.1208423822476314,6.83242928024242e-06
3824.78,True,forward,final_local_der_m_bounds,0.1304547995540642,0.03,0.0382088837891291,0.9982392907200864,False,0,True,0,,True,1.0331817289885197,0.8109001235453388,0.7927674226846713,150441.51395094246,0.0260440596953169,0.1275553167696169,0.9776387987445488,2.1222235514926298,6.80864429037378e-06
3827.480000000001,True,forward,final_local_der_m_bounds,0.1304547995540642,0.03,0.0386151792377377,0.9982031437223208,False,0,True,0,,True,1.0330086047729274,0.8103828712508041,0.7930888211058421,150497.65890749183,0.0258927455968567,0.1278924898924446,0.9786594080915492,2.1233117068148104,6.7987004394696216e-06
3829.980000000001,True,forward,final_local_der_m_bounds,0.1304547995540642,0.03,0.0389973627662577,0.998168820657222,False,0,True,0,,True,1.0328089601408297,0.8098534785655732,0.7937958452064501,150563.45529020476,0.0257343867113012,0.1283343654713316,0.9801721746166174,2.123846494225248,6.784709765126373e-06
3832.38,True,forward,final_local_der_m_bounds,0.1304547995540642,0.03,0.0393674925222413,0.9981352915806552,False,0,True,0,,True,1.0326462982739837,0.8093883791981257,0.7942571078458525,150593.87142281522,0.0255864876713126,0.1287258550138744,0.9813053019524892,2.124570846587388,6.775112631760347e-06
3834.980000000001,True,forward,final_local_der_m_bounds,0.1304547995540642,0.03,0.0397730973763442,0.9980982203452884,False,0,True,0,,True,1.0324982045700797,0.8088080149403586,0.7949621792710977,150674.90812371304,0.0254196912879614,0.1291718193699904,0.982881183898404,2.1254078312607643,6.760031653663723e-06
3837.480000000001,True,forward,final_local_der_m_bounds,0.1304547995540642,0.03,0.0401658936016658,0.9980619975928372,False,0,True,0,,True,1.0323251106008935,0.8083420780300264,0.7954497243576338,150674.510740354,0.0252603265795787,0.1296197415494416,0.9840508690283548,2.1260813048012324,6.751577350215741e-06
3840.28,True,forward,final_local_der_m_bounds,0.1304547995540642,0.03,0.0406154615392967,0.99802012615084,False,0,True,0,,True,1.0321326770154404,0.8078419265486421,0.7956501876399019,150712.00073618907,0.0251096535282097,0.1299531883017806,0.984908261742706,2.1272467761785263,6.743722743778869e-06
3842.78,True,forward,final_local_der_m_bounds,0.1304547995540642,0.03,0.0410230037233008,0.9979817999271218,False,0,True,0,,True,1.0318830772397916,0.8072274543428911,0.7965460384029918,150788.73527819672,0.0249316536541848,0.130489530134722,0.9867677742098176,2.127740963433699,6.726834109145999e-06
3850.78,True,forward,final_local_der_m_bounds,0.1304547995540642,0.03,0.0423578327719023,0.99785385884596,False,0,True,0,,True,1.0313703770148417,0.80553187263714,0.7983210787574051,150975.96438151388,0.024431213804546,0.1318387550555734,0.9910484064942976,2.1304658517421675,6.687677614794561e-06
3858.58,True,forward,final_local_der_m_bounds,0.1304547995540642,0.03,0.0435899235806974,0.997732729223894,False,0,True,0,,True,1.0307249994586365,0.8040592626764083,0.7999648589549803,151030.66094507667,0.0239167114162715,0.1334626368187893,0.9949078334004892,2.132298086266972,6.657568372332676e-06
3865.88,True,forward,final_local_der_m_bounds,0.1304547995540642,0.03,0.044711843337725,0.9976198777060828,False,0,True,0,,True,1.030079550870004,0.8024499081453689,0.8031004721240316,151178.3267495365,0.0233580482210317,0.1355718372058417,1.000810722229586,2.132595341659985,6.608935919565032e-06
3868.28,True,forward,final_local_der_m_bounds,0.1304547995540642,0.03,0.0451337090941983,0.9975768087282744,False,0,True,0,,True,1.029821681791302,0.8020002507599616,0.8033569219437189,151186.09427487932,0.023198543236722,0.1360647204652012,1.001691609425897,2.1333806841641887,6.60233063695005e-06
3871.08,True,forward,final_local_der_m_bounds,0.1304547995540642,0.03,0.0447240798796405,0.9976180243040256,False,0,True,0,,True,1.0299740166427085,0.8023820392144978,0.8030589631078233,151203.6269425971,0.0233688007583482,0.1355166724986034,1.000843642878632,2.1326866506990223,6.607595396358175e-06
3873.58,True,forward,final_local_der_m_bounds,0.1304547995540642,0.03,0.0443487094571188,0.9976557200406586,False,0,True,0,,True,1.0302325368660703,0.8030272438036685,0.8018177268730724,151109.03896841803,0.0235784436625258,0.1347372344161561,0.9984938033672842,2.1325393327582205,6.628475961858567e-06
3876.28,True,forward,final_local_der_m_bounds,0.1304547995540642,0.03,0.043941790619,0.9976962631820986,False,0,True,0,,True,1.0304029396429972,0.8034890116690128,0.8011078074180965,151090.4476170873,0.0237707038317704,0.134056403203546,0.997036419644408,2.132160589051999,6.639698938362161e-06
3878.980000000001,True,forward,final_local_der_m_bounds,0.1304547995540642,0.03,0.0435347318347836,0.9977365316458412,False,0,True,0,,True,1.030587061229051,0.804028343568999,0.7999760948422494,151052.2007273484,0.0239850679013373,0.1332478935629461,0.9949600673170772,2.132111824814062,6.656245605414746e-06
3881.78,True,forward,final_local_der_m_bounds,0.1304547995540642,0.03,0.0431283068785889,0.9977763007146616,False,0,True,0,,True,1.0307577878906944,0.8045385645012469,0.7991474658991271,151013.1263028272,0.02418827063494,0.132540392416894,0.993299142092136,2.131726528249744,6.669883297075797e-06
3884.28,True,forward,final_local_der_m_bounds,0.1304547995540642,0.03,0.0427787767829049,0.9978101101800596,False,0,True,0,,True,1.03086193835481,0.805007128251914,0.7981546815573329,150958.26901119805,0.0243785802097564,0.1318460149239351,0.9914877192336652,2.1315910395597664,6.685340000287061e-06
3887.08,True,forward,final_local_der_m_bounds,0.1304547995540642,0.03,0.0423995405039204,0.9978464963547016,False,0,True,0,,True,1.0309210358120136,0.8055644937800313,0.7967713243044016,150905.66966801716,0.0246107862209435,0.1309634272663205,0.9890844624564216,2.1315856316030235,6.705020823596604e-06
3889.480000000001,True,forward,final_local_der_m_bounds,0.1304547995540642,0.03,0.0420785091254143,0.9978770544893354,False,0,True,0,,True,1.0311850264850069,0.8060311278165417,0.7963244193391185,150853.9019687763,0.0247781283974779,0.1304553045162401,0.9879574024594836,2.131031780022477,6.715451156738216e-06
3891.980000000001,True,forward,final_local_der_m_bounds,0.1304547995540642,0.03,0.0417471537350578,0.997908383418314,False,0,True,0,,True,1.0313078604959718,0.8064653438422326,0.7955519396664542,150841.07063571963,0.0249694153858147,0.1297897372209588,0.9864676092294508,2.1307654860007657,6.726808813951958e-06
3894.78,True,forward,final_local_der_m_bounds,0.1304547995540642,0.03,0.0413754371421829,0.997943294459069,False,0,True,0,,True,1.0314474853135809,0.8068835413331068,0.7947494055227822,150833.50677519132,0.0251663509339007,0.1291013223373012,0.9849617259632324,2.1306384936770097,6.738071891054601e-06
3897.28,True,forward,final_local_der_m_bounds,0.1304547995540642,0.03,0.0410430263196773,0.9979743065801724,False,0,True,0,,True,1.0315561169365102,0.8073040104131188,0.7940441297784614,150788.87151772602,0.0253463247825824,0.128501071972902,0.9835751086782388,2.1303050005322834,6.750140146344146e-06
3899.980000000001,True,forward,final_local_der_m_bounds,0.1304547995540642,0.03,0.0406869442373338,0.9980072910599792,False,0,True,0,,True,1.0316982924154423,0.8078267826980483,0.7930149095203775,150747.6944490975,0.0255667471488778,0.127731092689398,0.981664543074196,2.130124362410932,6.765905622024175e-06
3905.18,True,forward,final_local_der_m_bounds,0.1304547995540642,0.03,0.0400139725001747,0.9980689364366396,False,0,True,0,,True,1.0319168357815836,0.8086939877813552,0.7911195425525475,150681.1491428766,0.025956848494895,0.1263608356655208,0.9782681143988432,2.1300676580241613,6.793748762834692e-06
3907.58,True,forward,final_local_der_m_bounds,0.1304547995540642,0.03,0.03971228497037,0.9980962579805864,False,0,True,0,,True,1.031960707832377,0.8090562477666362,0.7903128453060543,150649.62947955471,0.0261294463728826,0.1257648158450347,0.9768330044884738,2.1299723073453487,6.805707947746871e-06
3910.08,True,forward,final_local_der_m_bounds,0.1304547995540642,0.03,0.039401849993567,0.9981241800710112,False,0,True,0,,True,1.0322620591948168,0.8095192813350317,0.7897905757250605,150619.10315426553,0.0263127731440444,0.1252053302354853,0.9756291096891044,2.129634933388282,6.815897207045326e-06
3912.78,True,forward,final_local_der_m_bounds,0.1304547995540642,0.03,0.0390723627858613,0.9981535951155476,False,0,True,0,,True,1.032284580859654,0.8099491063969915,0.7889383392098261,150571.50971539415,0.0265081268071631,0.1245628535974922,0.9740591513451624,2.1293177502483,6.8296120418087765e-06
3915.38,True,forward,final_local_der_m_bounds,0.1304547995540642,0.03,0.0387653896475113,0.9981807670940356,False,0,True,0,,True,1.0324442620579728,0.8103946114341319,0.7881875044188941,150539.4710059857,0.0267008960916428,0.1239425166883205,0.972597168463474,2.1290843181503014,6.841838053648465e-06
3918.08,True,forward,final_local_der_m_bounds,0.1304547995540642,0.03,0.0384517886552498,0.9982083239704804,False,0,True,0,,True,1.032521609877414,0.8107983255943612,0.7872827199577018,150517.6852289748,0.0269018531440675,0.1232565480802441,0.9709969731136024,2.1290583776132057,6.854670639430721e-06
3920.58,True,forward,final_local_der_m_bounds,0.1304547995540642,0.03,0.0381656770541165,0.9982332892815952,False,0,True,0,,True,1.03256908218022,0.8111361309976095,0.786840407720453,150489.6317426115,0.02705635781728,0.1228072514940316,0.9700472924966672,2.128551815420641,6.862953762841917e-06
3923.28,True,forward,final_local_der_m_bounds,0.1304547995540642,0.03,0.0378605223060414,0.9982597347542416,False,0,True,0,,True,1.0328131719236204,0.8116690903148833,0.7855553858029674,150455.73533237755,0.027298319188932,0.1219440676681118,0.9678271541647776,2.128949423526376,6.8810057554417655e-06
3930.980000000001,True,forward,final_local_der_m_bounds,0.1304547995540642,0.03,0.0370363214297907,0.998330081442126,False,0,True,0,,True,1.033103240453132,0.8129335700489992,0.7828546432090349,150321.13166508765,0.027875805214922,0.1200540397423188,0.9629995267163696,2.128821642087248,6.923213169169422e-06
3938.58,True,forward,final_local_der_m_bounds,0.1304547995540642,0.03,0.0362703675329368,0.998394134431944,False,0,True,0,,True,1.0334435129912716,0.8141426666376186,0.7805464656987908,150240.3619294676,0.0284524759418042,0.1182311020323338,0.95873425836091,2.1284615955117148,6.958937722658219e-06
3945.18,True,forward,final_local_der_m_bounds,0.1304547995540642,0.03,0.0354815159841114,0.9984594534321396,False,0,True,0,,True,1.033630890783084,0.8152603130114737,0.7789742714259971,150120.58972126976,0.028891296027235,0.1171125537241854,0.95549146572407,2.1270688630333234,6.9888419336316895e-06
3947.78,True,forward,final_local_der_m_bounds,0.1304971436158045,0.03,0.0351650051413343,0.9984852957419138,False,0,True,0,,True,1.033738185073464,0.8157331278855531,0.778321870857676,150063.87056797688,0.0290732878718135,0.1166531019417643,0.9541378721189734,2.1265235907048816,7.001672377162116e-06
3950.28,True,forward,final_local_der_m_bounds,0.1311009926477951,0.03,0.0355339240489937,0.9984549592039904,False,0,True,0,,True,1.0333617263945316,0.814994953245656,0.7802122972239324,150107.56773443622,0.028726607149914,0.1179093235072219,0.9573216301730406,2.125672497251188,6.975501100072149e-06
3952.78,True,forward,final_local_der_m_bounds,0.131270411950443,0.03,0.0359122559305651,0.9984236756327556,False,0,True,0,,True,1.0330246468495798,0.8142881002968549,0.7816642209203314,150160.38892007625,0.0284040086197389,0.1190060117816382,0.9599357041265488,2.1254411567449503,6.953368493396269e-06
3955.480000000001,True,forward,final_local_der_m_bounds,0.1317921952226781,0.03,0.0363204898314368,0.9983895885513616,False,0,True,0,,True,1.0325844691931592,0.8135039619126092,0.7833179816884032,150195.8029295194,0.0280460808725531,0.1202564152100125,0.9628938743540516,2.12499771322726,6.929535334932549e-06
3958.08,True,forward,final_local_der_m_bounds,0.1318707428716795,0.03,0.0367311697518429,0.9983548733435924,False,0,True,0,,True,1.0323129786219434,0.8128555012766525,0.7848316498749833,150217.60628197002,0.0277263071005919,0.1213985931587327,0.96552419051399,2.1246205278836188,6.908847531271959e-06
3960.78,True,forward,final_local_der_m_bounds,0.1323593992725006,0.03,0.0371796972212079,0.9983164797716292,False,0,True,0,,True,1.0319058266195889,0.8120483137038514,0.7866351623720033,150274.38844599883,0.027369643215344,0.1226838828434433,0.9687048776495384,2.124138860897144,6.882545538333199e-06
3963.38,True,forward,final_local_der_m_bounds,0.1333533825202064,0.03,0.0376278161581581,0.9982776694193338,False,0,True,0,,True,1.0315312691448115,0.8113076126940553,0.7883712343163538,150314.2453211498,0.0270338700082405,0.1239200895632366,0.9717291221987452,2.123592092797744,6.858281235778061e-06
3965.980000000001,True,forward,final_local_der_m_bounds,0.1334992567753805,0.03,0.0380866408745317,0.9982374817570744,False,0,True,0,,True,1.031185002248618,0.8105220641156188,0.7901170989790688,150377.0977496021,0.0267006153206143,0.125133340766595,0.9748249109556144,2.123267538493584,6.832554629370125e-06
3968.480000000001,True,forward,final_local_der_m_bounds,0.1336396847078445,0.03,0.0385410353372237,0.9981972389452956,False,0,True,0,,True,1.0307599859167698,0.8097646032819995,0.7915778966465744,150416.9109828334,0.0263812080069783,0.1262795433744871,0.9775407488031536,2.123095689640143,6.810789970045175e-06
3970.88,True,forward,final_local_der_m_bounds,0.1340082718224926,0.03,0.0389904586037475,0.9981569955147042,False,0,True,0,,True,1.030434781968672,0.8091226432077067,0.7928278171866633,150431.8633372656,0.0260928024043251,0.1273230878064761,0.979861117275814,2.1230134466809933,6.7931143162309495e-06
3973.58,True,forward,final_local_der_m_bounds,0.1345687008047902,0.03,0.0395150229796207,0.9981094592628617,False,0,True,0,,True,1.0300498788355072,0.8082809774519741,0.7946591735736162,150483.6176670534,0.0257412276801157,0.1286360694909341,0.983147192302732,2.1227314217773587,6.766779862668899e-06
3975.980000000001,True,forward,final_local_der_m_bounds,0.1345687008047902,0.03,0.0399969937514256,0.998065252908948,False,0,True,0,,True,1.0296649020815292,0.8074465106152359,0.7965995709171476,150573.54243395812,0.0254163214247194,0.1298839617697249,0.9865663674862828,2.122285304858778,6.737881767080923e-06
3978.78,True,forward,final_local_der_m_bounds,0.1345687008047902,0.03,0.0405751398890001,0.9980115713884624,False,0,True,0,,True,1.029279366954463,0.806658698657649,0.7982673330392719,150597.12365513216,0.0250737162539349,0.1311849137371109,0.9895973778844248,2.122062667400158,6.714892760638409e-06
3983.78,True,forward,final_local_der_m_bounds,0.1345687008047902,0.03,0.0416462188453594,0.9979102648735444,False,0,True,0,,True,1.028614098904073,0.8050829499862742,0.80176162288172,150707.88976084744,0.0244336276603792,0.1336682116848712,0.9958745529207758,2.12165460573011,6.66482285234362e-06
3986.28,True,forward,final_local_der_m_bounds,0.1345687008047902,0.03,0.042198240546648,0.9978571266901332,False,0,True,0,,True,1.0281778838973972,0.8042769674676955,0.8034630476897346,150761.52340845586,0.0241206604012337,0.134892383521096,0.998988010584807,2.121387192137394,6.640204970466376e-06
3988.78,True,forward,final_local_der_m_bounds,0.1345687008047902,0.03,0.0427619609117406,0.9978022120580812,False,0,True,0,,True,1.0278360992385829,0.803512805952726,0.8050431586748359,150798.69436399106,0.0238122707630599,0.1361002588649124,1.001904577886964,2.1213391539964843,6.617809769842475e-06
3991.480000000001,True,forward,final_local_der_m_bounds,0.1345687008047902,0.03,0.0433837644614438,0.9977408807323048,False,0,True,0,,True,1.027430823913014,0.8027054213770776,0.8067146686027445,150810.2058465696,0.0234782591637124,0.1374330232420807,1.0049946681795034,2.121206847398803,6.595392541336742e-06
3994.18,True,forward,final_local_der_m_bounds,0.1345687008047902,0.03,0.0440143525145055,0.9976778985405268,False,0,True,0,,True,1.026943532089185,0.8016660377688787,0.809227037942584,150915.2509147594,0.0231055157524723,0.138991620087492,1.0094316084472637,2.120636629537083,6.559516215940497e-06
3996.980000000001,True,forward,final_local_der_m_bounds,0.1345687008047902,0.03,0.0446817826692068,0.9976103565014984,False,0,True,0,,True,1.0265896265680257,0.8008649509536209,0.8106172402827385,150935.93733116874,0.0227832960250003,0.1402490528403863,1.0121771958149812,2.1209983165791275,6.539327288427879e-06
3999.38,True,forward,final_local_der_m_bounds,0.1345687008047902,0.03,0.045264872574486,0.9975506112889652,False,0,True,0,,True,1.0261943312910986,0.8000653493733035,0.8122593065666004,150987.42439124186,0.0224848501845087,0.1414724754443961,1.015241201487914,2.120939176185149,6.51566243922649e-06
4002.08,True,forward,final_local_der_m_bounds,0.1345687008047902,0.03,0.0459360432091288,0.9974809741790952,False,0,True,0,,True,1.0259396299958974,0.7992858920124966,0.8140016242277605,150998.98331818168,0.0221640986783748,0.1428189491816846,1.0184110996607378,2.1209732220235664,6.493081799140772e-06
4009.68,True,forward,final_local_der_m_bounds,0.1345687008047902,0.03,0.0478898479522684,0.9972731425986372,False,0,True,0,,True,1.024636651969035,0.7966055544914316,0.819525424636666,151158.21468579432,0.0211993661260209,0.146922449649158,1.0287719185687412,2.1209251694356186,6.414696875813483e-06
4017.28,True,forward,final_local_der_m_bounds,0.1345687008047902,0.03,0.0499589574260795,0.9970447776281416,False,0,True,0,,True,1.0235446318480088,0.7938660505142053,0.8253251181571848,151380.95860060953,0.0202602203705594,0.1510363136808057,1.039627677266968,2.121311137069487,6.331363923683417e-06
4023.88,True,forward,final_local_der_m_bounds,0.1345687008047902,0.03,0.0519441005356627,0.9968175368196542,False,0,True,0,,True,1.0226348245098869,0.7915601198482274,0.8285337179636302,151478.71010752537,0.0195119725642615,0.1540426864982632,1.0467097788131268,2.123932283320781,6.279339961436792e-06
4026.480000000001,True,forward,final_local_der_m_bounds,0.1345687008047902,0.03,0.052712054031796,0.996727586320704,False,0,True,0,,True,1.022017729555624,0.7904731266453225,0.8303470701701495,151588.5426593542,0.0191972920206492,0.1553971995132046,1.0504431361177924,2.124409606884704,6.249737049035527e-06
4028.980000000001,True,forward,final_local_der_m_bounds,0.1345687008047902,0.03,0.0527707180364825,0.9967202592679676,False,0,True,0,,True,1.022017729555624,0.7904731266453225,0.8303470701701495,151588.5426593542,0.0191972920206492,0.1553971995132046,1.0504431361177924,2.124409606884704,6.249737049035527e-06
4031.480000000001,True,forward,final_local_der_m_bounds,0.1340322534314318,0.03,0.0528420578229589,0.9967112526654596,False,0,True,0,,True,1.0221520840549925,0.7904532353405765,0.8303119651240636,151574.2428004084,0.0191928327169226,0.155391268154553,1.05042515863233,2.124809327437389,6.250432999062142e-06
4033.980000000001,True,forward,final_local_der_m_bounds,0.1340082718224926,0.03,0.0528983989170013,0.996704193426094,False,0,True,0,,True,1.0221520840549925,0.7904532353405765,0.8303119651240636,151574.2428004084,0.0191928327169226,0.155391268154553,1.05042515863233,2.124809327437389,6.250432999062142e-06
4036.58,True,forward,final_local_der_m_bounds,0.1336396847078445,0.03,0.0529488609043852,0.9966979239375584,False,0,True,0,,True,1.022049229212198,0.7903994225867214,0.8297797101575209,151574.2423386676,0.0191956993297961,0.1552687113361937,1.0498232747209262,2.125485805383602,6.254339126956955e-06
4038.980000000001,True,forward,final_local_der_m_bounds,0.1333533825202064,0.03,0.0529754507669498,0.9966947010771074,False,0,True,0,,True,1.0218896737783234,0.7902050689003163,0.8303931685559021,151574.24198084386,0.0191523790105896,0.1555164475717415,1.050857810506725,2.125096883283331,6.247466436633501e-06
4041.78,True,forward,final_local_der_m_bounds,0.1326965026464485,0.03,0.0530048885579989,0.9966911784629214,False,0,True,0,,True,1.0218328939242387,0.7901445070869685,0.8301579319370602,151555.80643474462,0.0191358215767044,0.1555344334264088,1.0506406416689644,2.125511114763085,6.249611389283744e-06
4044.58,True,forward,final_local_der_m_bounds,0.1323593992725006,0.03,0.0530339360593865,0.9966877013400726,False,0,True,0,,True,1.02183866811084,0.7901320481882905,0.8302317194937472,151555.80670375424,0.0191313025486222,0.1555587325494441,1.0507505946599711,2.12547503553049,6.248885707626642e-06
4046.980000000001,True,forward,final_local_der_m_bounds,0.1318707428716795,0.03,0.0530592174744932,0.9966846850710264,False,0,True,0,,True,1.0217547580284982,0.7900465930841347,0.829689583916867,151555.80421178514,0.0191241678291978,0.1554630246165638,1.0501780416240722,2.126323221153373,6.252582024272529e-06
4049.480000000001,True,forward,final_local_der_m_bounds,0.1313592607873845,0.03,0.0530858359869345,0.9966815073960568,False,0,True,0,,True,1.0216321695031003,0.7899379500939047,0.8296050128535346,151555.8038231268,0.0191083868357813,0.1554861128201927,1.0502154159765518,2.1265880659028835,6.252276754705883e-06
4052.28,True,forward,final_local_der_m_bounds,0.1313592607873845,0.03,0.053110474182546,0.9966785858915892,False,0,True,0,,True,1.0217248498723044,0.7898708806986439,0.829981325326604,151555.80373793672,0.0190845802409946,0.1556251560194223,1.0507810144773058,2.126548766656664,6.248539529331809e-06
4054.68,True,forward,final_local_der_m_bounds,0.1313592607873845,0.03,0.0531308893896573,0.9966761683727512,False,0,True,0,,True,1.0217891669925188,0.7898438937646144,0.8300876789489854,151553.94381981442,0.0190699286454162,0.1556954710468129,1.050951568407471,2.126647456009463,6.247486085939371e-06
4057.480000000001,True,forward,final_local_der_m_bounds,0.1313592607873845,0.03,0.0531545260872839,0.9966733698859334,False,0,True,0,,True,1.0215267825473648,0.78961559902901,0.8305481695051099,151553.94579869753,0.0190188677530889,0.1559553895331256,1.0518386041593335,2.126371086236785,6.241562230976545e-06
4062.78,True,forward,final_local_der_m_bounds,0.1318448193695525,0.03,0.0531995354571933,0.99666803730399,False,0,True,0,,True,1.0214289137705257,0.7894760229017124,0.8301461109592363,151569.3521553923,0.0190003524709726,0.155911058503038,1.051515292266941,2.127213759140737,6.2429584133325765e-06
4065.28,True,forward,final_local_der_m_bounds,0.1326965026464485,0.03,0.0532215868817636,0.9966654180187065,False,0,True,0,,True,1.0214289137705257,0.7894760229017124,0.8301461109592363,151569.3521553923,0.0190003524709726,0.155911058503038,1.051515292266941,2.127213759140737,6.2429584133325765e-06
4067.68,True,forward,final_local_der_m_bounds,0.1329479975924134,0.03,0.053242879400657,0.9966628873586368,False,0,True,0,,True,1.021387839446099,0.7893931945761169,0.8297744367904807,151569.3514716171,0.0189888290134297,0.1558620307105264,1.0511547888831845,2.127921223302444,6.245266756289366e-06
4070.28,True,forward,final_local_der_m_bounds,0.1336396847078445,0.03,0.0532681457369513,0.9966598702069246,False,0,True,0,,True,1.0214576706705367,0.7893354542048532,0.8302663201642957,151569.35145819013,0.0189669243882686,0.156017982339111,1.0518548428825798,2.127650615734807,6.240660394826563e-06
4072.88,True,forward,final_local_der_m_bounds,0.1340322534314318,0.03,0.0532947500199326,0.9966566833006688,False,0,True,0,,True,1.0213736674755136,0.789234608372209,0.8300328019345976,151569.35128002035,0.0189518775215021,0.1560128329763932,1.0516933661164891,2.1281585523231445,6.241656790289464e-06
4075.480000000001,True,forward,final_local_der_m_bounds,0.1342247995372413,0.03,0.0533227879505588,0.9966533175697064,False,0,True,0,,True,1.0212198812411282,0.7891375679528233,0.8297024994701789,151569.35117095814,0.0189382566696459,0.1559897943740733,1.051404131756886,2.1286316988098983,6.2434909934265525e-06
4077.980000000001,True,forward,final_local_der_m_bounds,0.1348734996528337,0.03,0.0533517191423746,0.9966498295700336,False,0,True,0,,True,1.0211674190528213,0.7889902346616661,0.8301645915020108,151565.52316707428,0.0188973099461178,0.15621219631824,1.0521861425293826,2.128484020574444,6.238455513177495e-06
4080.78,True,forward,final_local_der_m_bounds,0.1355484022648773,0.03,0.0533818513194848,0.9966462087848802,False,0,True,0,,True,1.0210055020023512,0.788917993102104,0.830014896065777,151565.5225869411,0.0188881441997093,0.1562119353527956,1.0520927438884693,2.128613115041756,6.239023427916798e-06
4088.480000000001,True,forward,final_local_der_m_bounds,0.1361062838813225,0.03,0.0534639414857511,0.9966363423951669,False,0,True,0,,True,1.0209925051418365,0.7888165616669015,0.8297789256826961,151565.52253924563,0.0188710569296591,0.1561976044880321,1.0519288843647427,2.1292745976464635,6.240034964502088e-06
4096.18,True,forward,final_local_der_m_bounds,0.1367530075048473,0.03,0.0536110463107767,0.996618507014843,False,0,True,0,,True,1.0207922495826154,0.788429197531011,0.8295645074640623,151554.29804068073,0.0188045496363519,0.1562768871261518,1.05217375264877,2.13060124572989,6.2386727063820525e-06
4103.38,True,forward,final_local_der_m_bounds,0.137068435411584,0.03,0.0536884425112196,0.9966091683329388,False,0,True,0,,True,1.0206363585611482,0.7881950768268142,0.8294208989622928,151582.897685207,0.0187650833750717,0.1563440861724381,1.052304084797699,2.1313487088067924,6.236507942535434e-06
4105.9800000000005,True,forward,final_local_der_m_bounds,0.1374243612299931,0.03,0.0537161016686764,0.9966058263075412,False,0,True,0,,True,1.0206123785523011,0.7881290331670125,0.8292404278069492,151582.8973109299,0.0187554274009834,0.1563280637002547,1.0521632789934598,2.131782120695008,6.237389698479695e-06
4108.68,True,forward,final_local_der_m_bounds,0.1381860817818228,0.03,0.0527116236725462,0.9967244342833766,False,0,True,0,,True,1.0209575317404365,0.7893088207553638,0.8277399026110085,151476.51636188143,0.0191329855614759,0.1547941889393048,1.048689538042748,2.1299752160675536,6.265213373951612e-06
4111.28,True,forward,final_local_der_m_bounds,0.1386999816107841,0.03,0.0517826525096971,0.9968321233936756,False,0,True,0,,True,1.0213793191535017,0.7903673667698901,0.8263439085418899,151436.28868961337,0.0195043367649056,0.1532671915760235,1.0455187591044282,2.128665231120222,6.288335652812227e-06
4113.9800000000005,True,forward,final_local_der_m_bounds,0.1388526435703712,0.03,0.050833488455716,0.9969404978366704,False,0,True,0,,True,1.0218235527898654,0.7916316967132409,0.8237036781211451,151329.4842233194,0.0199325687914211,0.1513714035144449,1.0405137661125283,2.128264518305635,6.326609159199205e-06
4116.58,True,forward,final_local_der_m_bounds,0.1399616623377871,0.03,0.0499446167967455,0.9970403153403606,False,0,True,0,,True,1.0221142217201358,0.7927905009440197,0.8212032456872177,151252.3621203408,0.020344044345533,0.1495833174413817,1.0358389066334237,2.127787873362088,6.361626876329594e-06
4119.28,True,forward,final_local_der_m_bounds,0.1403009647295015,0.03,0.0490472895298148,0.9971394659905602,False,0,True,0,,True,1.022624586170869,0.7939991626406383,0.8191060593170642,151195.46229235388,0.0207716638888406,0.147817876688825,1.031620810018145,2.127074820299527,6.3929299491664965e-06
4121.78,True,forward,final_local_der_m_bounds,0.1414348488044067,0.03,0.0482261134587818,0.9972289499983132,False,0,True,0,,True,1.0228513320465495,0.7949859303080904,0.81733775379256,151112.76609116956,0.0211317056111833,0.1463846522770942,1.0281159988275608,2.126188704668455,6.420557073304983e-06
4124.38,True,forward,final_local_der_m_bounds,0.1414348488044067,0.03,0.0473908301478699,0.997318642404725,False,0,True,0,,True,1.023301024094542,0.7962119262368871,0.8152299094499712,151014.3994900195,0.0215532493524928,0.1447198077458915,1.0238855794373345,2.1253395476953494,6.454016562348932e-06
4126.78,True,forward,final_local_der_m_bounds,0.1414348488044067,0.03,0.0466326122523852,0.9973988990491652,False,0,True,0,,True,1.023703137180904,0.797307865076799,0.8131148502065065,150926.11711463408,0.0219404209170908,0.1431739323578586,1.0198254473862305,2.124909579006823,6.486015077973353e-06
4129.28,True,forward,final_local_der_m_bounds,0.1414348488044067,0.03,0.0458557025321241,0.9974799903864556,False,0,True,0,,True,1.0240118259231803,0.7983168452755076,0.8113668807180701,150844.00980295983,0.0223133652490741,0.1417550287099004,1.016346937334209,2.12413615578361,6.513857722789667e-06
4131.9800000000005,True,forward,final_local_der_m_bounds,0.1414348488044067,0.03,0.0450344726217715,0.9975644286641776,False,0,True,0,,True,1.0244540423272468,0.7993958089326954,0.8097590411132772,150792.70180377815,0.0227168262521079,0.140274426582503,1.0129638310143485,2.1232051437521635,6.539831149720494e-06
4134.4800000000005,True,forward,final_local_der_m_bounds,0.1414348488044067,0.03,0.044288338410439,0.9976400105633836,False,0,True,0,,True,1.024867752708838,0.800545351390423,0.8073457364176155,150707.14524163207,0.0231376057057122,0.1386268549490452,1.0084946905448655,2.123062696717297,6.575041833338404e-06
4137.28,True,forward,final_local_der_m_bounds,0.1414348488044067,0.03,0.0434694702114975,0.9977217065297662,False,0,True,0,,True,1.0251327408225153,0.8016395077226152,0.8052706766784983,150632.29414190614,0.0235622533706464,0.1370563875437258,1.0045296781419857,2.1223813576647066,6.60641531298671e-06
4142.58,True,forward,final_local_der_m_bounds,0.1414348488044067,0.03,0.0419716121599218,0.9978677028704296,False,0,True,0,,True,1.0257837815255288,0.8038043443010268,0.800870540619335,150430.622183589,0.0243960497337594,0.133967276008322,0.9963501022325988,2.1217647235048163,6.673746088781854e-06
4144.9800000000005,True,forward,final_local_der_m_bounds,0.1414348488044067,0.03,0.0413161201776079,0.9979301823188004,False,0,True,0,,True,1.0262384654289678,0.8048174472738232,0.7994376163516587,150359.4316406083,0.0247739825783868,0.1326982030664843,0.99331546434488,2.120948282252808,6.698740673792176e-06
4147.4800000000005,True,forward,final_local_der_m_bounds,0.1414348488044067,0.03,0.0406490910915633,0.9979928694731944,False,0,True,0,,True,1.0265045011404887,0.8057563876490749,0.7974963108455508,150299.05460208183,0.0251629476757338,0.1312984959368098,0.9897486673017584,2.1207356165228606,6.727220125917558e-06
4150.18,True,forward,final_local_der_m_bounds,0.1414348488044067,0.03,0.0399450356612649,0.9980580640931748,False,0,True,0,,True,1.0269114222897286,0.8067868198110332,0.7956791902721385,150248.83330674557,0.0255827689935895,0.1298524314343338,0.9862322620224556,2.120321244152068,6.7549946178586695e-06
4152.78,True,forward,final_local_der_m_bounds,0.1414348488044067,0.03,0.0392822203375451,0.9981185286036326,False,0,True,0,,True,1.0272250062031345,0.8077101487448269,0.794031511292969,150183.56232295104,0.0259668590442708,0.1285575342656652,0.9830649181849276,2.119886308689051,6.781020518589264e-06
4155.4800000000005,True,forward,final_local_der_m_bounds,0.1414348488044067,0.03,0.038613254326189,0.9981786339139148,False,0,True,0,,True,1.02761577037762,0.8088079051941435,0.7919678302003961,150085.3476390087,0.026403074284177,0.1270787697687157,0.979179141443103,2.1195723207428343,6.813927258176477e-06
4157.9800000000005,True,forward,final_local_der_m_bounds,0.1414348488044067,0.03,0.0380068699564496,0.9982323389760558,False,0,True,0,,True,1.0279687479775197,0.8097683575957988,0.7900568315636806,150015.11983885444,0.026803327174699,0.1257158466446582,0.9756578213420912,2.119487499800176,6.843051254376692e-06
4160.58,True,forward,final_local_der_m_bounds,0.1414348488044067,0.03,0.0373946298850366,0.9982857807578236,False,0,True,0,,True,1.0282966214478748,0.8107264650253918,0.7881692897677304,149936.00407229096,0.0272093182592788,0.1243599859886452,0.9721765894777408,2.119343731501981,6.872421091497237e-06
4168.38,True,forward,final_local_der_m_bounds,0.1414348488044067,0.03,0.0356622238377033,0.9984327450078172,False,0,True,0,,True,1.0293392498596228,0.8135926291550258,0.7826996847471166,149717.55373662402,0.0284399117194393,0.1203685616795165,0.9620289770324078,2.118889468165569,6.958237302553379e-06
4176.08,True,forward,final_local_der_m_bounds,0.1409735895921977,0.03,0.0339888300902509,0.99856900611889,False,0,True,0,,True,1.030180830160333,0.8163271205371333,0.7781244734892235,149482.3557454373,0.0295812568427155,0.1170377610777941,0.95320179118541,2.1173406644231405,7.035836573285995e-06
4183.18,True,forward,final_local_der_m_bounds,0.1399616623377871,0.03,0.0326120052070196,0.9986764571665242,False,0,True,0,,True,1.0309623806678765,0.8188048204807099,0.7738574945710025,149277.42464029056,0.030644364547148,0.1140016459073474,0.945106178193578,2.1162558700606264,7.107316646311628e-06
4185.58,True,forward,final_local_der_m_bounds,0.1399461570319543,0.03,0.0321853266656934,0.9987088707304934,False,0,True,0,,True,1.0311908051660317,0.8196650154744247,0.7723693386640147,149176.20008111763,0.031002393616696,0.1130094918725047,0.942298773379958,2.115824506736095,7.133727213764433e-06
4188.28,True,forward,final_local_der_m_bounds,0.1389719631509148,0.03,0.0325091167577516,0.9986843168439272,False,0,True,0,,True,1.0308664838219752,0.8189133202130877,0.7740479984274411,149236.59658209898,0.0306494699442436,0.1141454844507791,0.9452135889376274,2.115386180291371,7.1083397007635365e-06
4190.78,True,forward,final_local_der_m_bounds,0.1386999816107841,0.03,0.0328293386407962,0.9986597502433924,False,0,True,0,,True,1.03055503811009,0.8181957842255246,0.7756746867800819,149292.7991830703,0.0303163213961294,0.1152338445986737,0.948030656885269,2.1149406197633738,7.084002225627372e-06
4193.38,True,forward,final_local_der_m_bounds,0.1381860817818228,0.03,0.0331761440171499,0.9986328587565376,False,0,True,0,,True,1.030247052228588,0.8174744445744594,0.7773140651655964,149348.5579031377,0.0299775483144016,0.1163496203489582,0.9508726178837692,2.1145096963436774,7.059592901732477e-06
4196.08,True,forward,final_local_der_m_bounds,0.1379948185634514,0.03,0.0335536671706667,0.9986032887785252,False,0,True,0,,True,1.029881254041546,0.816711376556474,0.7788743476239469,149387.6993683789,0.0296281075677748,0.1174803995006731,0.953671480502622,2.1142389638156147,7.036424409675392e-06
4198.78,True,forward,final_local_der_m_bounds,0.137068435411584,0.03,0.0339539292398145,0.9985715371132484,False,0,True,0,,True,1.0295989204215283,0.8159148531877802,0.7808981596010015,149459.23123683577,0.0292608925723769,0.1187456536130367,0.9570829070582936,2.113599584907313,7.0071146382829685e-06
4201.38,True,forward,final_local_der_m_bounds,0.1367530075048473,0.03,0.0343668988834,0.9985383108732062,False,0,True,0,,True,1.0291705976383838,0.8151319206705666,0.7823792769259855,149500.2594242589,0.0289236547542016,0.1198433752980365,0.9598192109595742,2.1134133129802137,6.984548492365521e-06
4203.9800000000005,True,forward,final_local_der_m_bounds,0.1361786139844134,0.03,0.0347958131501607,0.99850338310479,False,0,True,0,,True,1.0288129121899878,0.8143357801697426,0.7840982637140264,149549.41905179102,0.0285760585754373,0.1210193813691465,0.9628684908706658,2.113088491932576,6.959300592126678e-06
4206.4800000000005,True,forward,final_local_der_m_bounds,0.1355484022648773,0.03,0.0352256802331998,0.9984679436499464,False,0,True,0,,True,1.0284728315522564,0.8135056912440737,0.7859236152200499,149628.52616599595,0.0282301831436824,0.1222059539355214,0.9660947964828088,2.11278462975667,6.931441600444771e-06
4208.88,True,forward,final_local_der_m_bounds,0.1352230549152715,0.03,0.0356531395467867,0.998432285715848,False,0,True,0,,True,1.0280982610432208,0.8127829158649401,0.7873117710326506,149664.94922689677,0.02792641281323,0.1232213995235166,0.9686618107552324,2.112658619294367,6.910616023136489e-06
4211.4800000000005,True,forward,final_local_der_m_bounds,0.1342247995372413,0.03,0.0361328437966957,0.998391779184925,False,0,True,0,,True,1.027835717499653,0.8120011593250747,0.7891811426544686,149701.928124631,0.0275791918651981,0.1244545382498015,0.9718965713182308,2.112302831001796,6.884837301866727e-06
4213.9800000000005,True,forward,final_local_der_m_bounds,0.1341173381513866,0.03,0.0366099011040999,0.9983509874082666,False,0,True,0,,True,1.0273427330094294,0.8111806931712803,0.7905861986924099,149745.6403704663,0.0272538122049293,0.1255417801906163,0.974611705317644,2.1122872362955265,6.862758584093421e-06
4216.78,True,forward,final_local_der_m_bounds,0.1340322534314318,0.03,0.0371616497408155,0.9983031841714995,False,0,True,0,,True,1.026881979705606,0.8102029181848579,0.7926471875644743,149837.78407463874,0.026875002515696,0.1268750596133699,0.9783316867585288,2.111997707779055,6.831119349783972e-06
4222.08,True,forward,final_local_der_m_bounds,0.1334851223959685,0.03,0.03825662061348,0.998206345315768,False,0,True,0,,True,1.0262276755566957,0.8084990166344795,0.7964047054642981,149939.13200375997,0.0261711696053616,0.1294141826147063,0.985041031687922,2.111614102345728,6.777390865370216e-06
4224.68,True,forward,final_local_der_m_bounds,0.1329479975924134,0.03,0.0388190233055873,0.9981555898648936,False,0,True,0,,True,1.0258450302202191,0.807694861302494,0.7979459911581148,149955.4210388866,0.0258378787746483,0.1306018618168536,0.9879300084580728,2.1116258254161355,6.755648188549112e-06
4227.28,True,forward,final_local_der_m_bounds,0.1326965026464485,0.03,0.0393964593692785,0.9981027710831376,False,0,True,0,,True,1.0253138202877958,0.8067965275163409,0.7994382131731018,150024.0090786564,0.025506799950999,0.1317539302892321,0.9908795909597043,2.111756649862155,6.731204111393439e-06
4229.78,True,forward,final_local_der_m_bounds,0.1324035620509553,0.03,0.0399647402042599,0.9980500981996788,False,0,True,0,,True,1.0249994324955112,0.8059568347648813,0.8011680711570325,150064.59539909626,0.0251739330372235,0.1329771863486431,0.9940582877378962,2.11180220783291,6.706442712014331e-06
4232.28,True,forward,final_local_der_m_bounds,0.1318448193695525,0.03,0.0405477623231475,0.9979953400110412,False,0,True,0,,True,1.0246498500160492,0.8050772869566334,0.8031872994658358,150155.263310698,0.0248450698711032,0.1342292837919152,0.997652414840888,2.111538391787644,6.676574008938234e-06
4234.9800000000005,True,forward,final_local_der_m_bounds,0.1315814757188208,0.03,0.0411900172526783,0.9979341954140458,False,0,True,0,,True,1.0241835909240642,0.8042098351928925,0.8047651970144662,150166.29003879035,0.024500559085392,0.1355019097088314,1.0006905683035332,2.111610316351084,6.6543509029152735e-06
4237.38,True,forward,final_local_der_m_bounds,0.1313592607873845,0.03,0.0417753849056057,0.9978777019381082,False,0,True,0,,True,1.023838695431412,0.8033110743716144,0.8066252460260761,150248.3764117471,0.0241774994571202,0.1367236085703497,1.0041256391953195,2.111675982922743,6.626250372567976e-06
4240.08,True,forward,final_local_der_m_bounds,0.1308271015911754,0.03,0.0424510404106583,0.9978115881416436,False,0,True,0,,True,1.0234468935525325,0.8023649623680291,0.8085604129583066,150297.86437353844,0.0238209997747291,0.1380919526814427,1.0077214869552538,2.11173382416056,6.598574587125436e-06
4247.78,True,forward,final_local_der_m_bounds,0.1306285214317994,0.03,0.0444663316584708,0.997608712772737,False,0,True,0,,True,1.0223278330088117,0.7996959201750894,0.8139345262981857,150429.8995329472,0.02282313399984,0.1420028528130047,1.0178050253401054,2.112073995067713,6.521930380920548e-06
4255.4800000000005,True,forward,final_local_der_m_bounds,0.1299107258867249,0.03,0.0467092393004365,0.9973728687102408,False,0,True,0,,True,1.021032026219839,0.7966490585122548,0.818778216837203,150668.82306715878,0.0218439936880989,0.1456426639376233,1.0277778001348228,2.114288154978528,6.4423138048841735e-06
4262.58,True,forward,final_local_der_m_bounds,0.1297041097829131,0.03,0.0488822689541966,0.9971346806170072,False,0,True,0,,True,1.020016562753599,0.7941389252747088,0.82196528016954,150797.80615604873,0.0210151449828556,0.1486761985167591,1.0350396561725086,2.1173657221380666,6.386730788271704e-06
4265.08,True,forward,final_local_der_m_bounds,0.1293115687242732,0.03,0.0497167233130505,0.997040765255648,False,0,True,0,,True,1.019573570132119,0.7929918142650872,0.824216314673064,150883.89649587954,0.0206563363393541,0.1501615509428774,1.0393755645976177,2.117800728781906,6.3535157571617e-06
4267.78,True,forward,final_local_der_m_bounds,0.1284309403290612,0.03,0.0491292666481535,0.9971060636027534,False,0,True,0,,True,1.019716920624424,0.7937500276713512,0.8226396440497097,150786.10554760127,0.0209246950460351,0.1490503439322626,1.036396365822012,2.1173164925707053,6.377939442795215e-06
4270.28,True,forward,final_local_der_m_bounds,0.1271060680611496,0.03,0.0485712965787453,0.9971677721788,False,0,True,0,,True,1.0200011566245388,0.7943609018007975,0.8214047718958176,150834.73865995306,0.0211816658890865,0.1479549431521584,1.0340448151888042,2.117238262088007,6.3919588304957005e-06
4272.78,True,forward,final_local_der_m_bounds,0.1269147606405772,0.03,0.0480175999718639,0.997228445286913,False,0,True,0,,True,1.0202582653010437,0.7950658683720626,0.8201629779933192,150739.54374407112,0.0214149961077959,0.1470441428354315,1.0315660759939855,2.1167679184478496,6.413021228189781e-06
4275.4800000000005,True,forward,final_local_der_m_bounds,0.12681629312021,0.03,0.0474280138945838,0.997292388355564,False,0,True,0,,True,1.0205198527587984,0.7958734910513745,0.8183662231159808,150647.26538127818,0.0217009724238051,0.14584999684567,1.0282616927407555,2.116664561830905,6.439689161051925e-06
4277.88,True,forward,final_local_der_m_bounds,0.1257682775769956,0.03,0.0468995626483613,0.9973492251423046,False,0,True,0,,True,1.0206658287996644,0.7964337927762264,0.817419004053383,150619.40654568485,0.0219197583639982,0.1450062365372887,1.0263489714619038,2.1161306258383736,6.454115522066551e-06
4280.58,True,forward,final_local_der_m_bounds,0.1255271367175585,0.03,0.0463132049753481,0.997411641812928,False,0,True,0,,True,1.020912160528206,0.7971074534442598,0.8161315511800554,150567.3345629909,0.0221711835563842,0.1440224676630848,1.0238664155674289,2.1158391122511704,6.473557543147433e-06
4283.18,True,forward,final_local_der_m_bounds,0.124841263202177,0.03,0.0457490967581428,0.997471066211988,False,0,True,0,,True,1.021099218363308,0.7978556360061116,0.8145586325305606,150467.15668747388,0.0224398739413268,0.1429579398130029,1.0209348606071902,2.115536045460136,6.498255177793582e-06
4285.58,True,forward,final_local_der_m_bounds,0.1244607619350108,0.03,0.0452354065266489,0.9975246444839329,False,0,True,0,,True,1.0213380193705324,0.7983470372303092,0.8135542458760128,150493.3559176445,0.022659132507292,0.1420841339851939,1.0190483686123035,2.115544831576916,6.510281486683133e-06
4288.28,True,forward,final_local_der_m_bounds,0.1244607619350108,0.03,0.0446692068618634,0.9975830769514028,False,0,True,0,,True,1.021433647194595,0.798914287534113,0.8121934816346679,150491.05728093177,0.0229204284492797,0.1410282396318979,1.0166215504062917,2.1154578371567303,6.527338200049624e-06
4290.88,True,forward,final_local_der_m_bounds,0.1244607619350108,0.03,0.0441340155349906,0.997637706955532,False,0,True,0,,True,1.021780804739295,0.7996194270344555,0.81112416252951,150405.50906897458,0.0231639590391183,0.1401539222913835,1.0143877638612684,2.114995690981603,6.546745342829216e-06
4293.58,True,forward,final_local_der_m_bounds,0.1244607619350108,0.03,0.0435905884552867,0.9976925650116903,False,0,True,0,,True,1.02186809974184,0.8002857177250247,0.8095353580888961,150345.69100143245,0.0234342376601888,0.1390951554425223,1.0115579225756588,2.1148470424544383,6.569260819765375e-06
4296.18,True,forward,final_local_der_m_bounds,0.1244607619350108,0.03,0.043079119156377,0.9977436292648516,False,0,True,0,,True,1.0221197647206166,0.8009508712243345,0.8080781704486648,150290.22319353133,0.0236893103533856,0.1381141543862245,1.008898547314688,2.1148751277395443,6.59047349651763e-06
4301.28,True,forward,final_local_der_m_bounds,0.1244607619350108,0.03,0.0421019414749878,0.9978396912642,False,0,True,0,,True,1.0226154391310875,0.8022932131351538,0.8051923708256489,150178.30936096527,0.0242163345490356,0.1361070309188439,1.003613588701774,2.1148601270214327,6.632935170014987e-06
4303.68,True,forward,final_local_der_m_bounds,0.1244607619350108,0.03,0.0416515428096976,0.9978833165873136,False,0,True,0,,True,1.022766916415611,0.8028358751349277,0.803976498170174,150129.9326362546,0.0244430946671931,0.1352582679139044,1.0014207424837045,2.114830893463344,6.650729613494284e-06
4306.4800000000005,True,forward,final_local_der_m_bounds,0.1244607619350108,0.03,0.0411360492204269,0.9979327282050549,False,0,True,0,,True,1.0230062852221862,0.8035511609449285,0.8026645774298506,150053.2823689896,0.0247173983088022,0.1342875623048049,0.9988966682419632,2.1144852553838045,6.672210593306207e-06
4308.88,True,forward,final_local_der_m_bounds,0.1244607619350108,0.03,0.0407003907222377,0.9979740655662556,False,0,True,0,,True,1.0231665950291648,0.8040834224031673,0.8013557492256824,150037.38453433992,0.0249560978653732,0.1333790326839006,0.996607723649702,2.114654560627236,6.68936821403325e-06
4311.58,True,forward,final_local_der_m_bounds,0.1244607619350108,0.03,0.0402201551165733,0.9980191687028508,False,0,True,0,,True,1.0234212121769588,0.8046608045580304,0.8003215502360451,150005.81275018005,0.0252067116014726,0.1324984057845128,0.9946073497088396,2.1144807603126665,6.705189219546765e-06
4314.18,True,forward,final_local_der_m_bounds,0.1244607619350108,0.03,0.0397678052408605,0.9980612051550132,False,0,True,0,,True,1.0235947061796813,0.8052336927440861,0.7991385391053054,149982.32367547424,0.0254592232162827,0.1315950338572093,0.9924305779878516,2.11436723370886,6.721967998075068e-06
4316.58,True,forward,final_local_der_m_bounds,0.1244607619350108,0.03,0.0393632608765112,0.9980984056408768,False,0,True,0,,True,1.0238074420418173,0.8058449999717557,0.7975851199007303,149910.0325852503,0.0257091612548744,0.1306566129725172,0.9897500386906728,2.114714615504745,6.744656643578131e-06
4319.28,True,forward,final_local_der_m_bounds,0.1244607619350108,0.03,0.0389147619630126,0.9981392573901527,False,0,True,0,,True,1.0239653262337758,0.8064538407336425,0.7963944521362788,149860.96000790442,0.0259697774481012,0.1297576652555151,0.9875263925977308,2.114462237813099,6.763040787206262e-06
4326.9800000000005,True,forward,final_local_der_m_bounds,0.1244607619350108,0.03,0.0376695781477514,0.9982505362837184,False,0,True,0,,True,1.0245877550075264,0.80822878416821,0.7924402772703756,149701.55568170644,0.0267399174024543,0.1270286275006811,0.9804652999161826,2.1147796860463064,6.8219854632101205e-06
4334.9800000000005,True,forward,final_local_der_m_bounds,0.1244607619350108,0.03,0.0363551712107356,0.9983647002333854,False,0,True,0,,True,1.025188700958827,0.8100009895205752,0.7894904193340765,149567.4021045645,0.0274659999991589,0.1247838439622215,0.9746783393454388,2.113708646171165,6.8708011757235415e-06
4341.78,True,forward,final_local_der_m_bounds,0.124841263202177,0.03,0.0355209647722496,0.998434544884078,False,0,True,0,,True,1.0257342545218824,0.8113897755603248,0.7858235117860755,149481.27857109066,0.0281746925928495,0.1222032611640267,0.9684907740467964,2.1149909510512503,6.920937744652406e-06
4344.58,True,forward,final_local_der_m_bounds,0.124993025798415,0.03,0.0351843666457197,0.9984622593851264,False,0,True,0,,True,1.0259858680886984,0.8120018940065991,0.7842322784553384,149446.12277783017,0.0284889787013643,0.121076995698499,0.9658010458396356,2.115561544540223,6.942764514212963e-06
4346.9800000000005,True,forward,final_local_der_m_bounds,0.1255155941300236,0.03,0.035283551758728,0.998453804804209,False,0,True,0,,True,1.025877069636471,0.8118579677708948,0.7840048226171047,149440.4994396441,0.0284702755407837,0.1210179187040286,0.9656920960814536,2.1161875263514807,6.943916725473424e-06
4349.4800000000005,True,forward,final_local_der_m_bounds,0.1255271367175585,0.03,0.0353885258491867,0.998444787891373,False,0,True,0,,True,1.025832311974337,0.8116240532494169,0.7841172182619809,149496.37333936046,0.0284413523671982,0.1210032358032014,0.9661088962589148,2.1167852371508498,6.938244156306584e-06
4352.08,True,forward,final_local_der_m_bounds,0.1264880469016598,0.03,0.0354910697237092,0.9984359449668728,False,0,True,0,,True,1.025775105538698,0.8114701270971063,0.7840570576211428,149507.6929998248,0.0284249398675039,0.120953845110876,0.9662180176933572,2.117314065009972,6.936951789092667e-06
4354.58,True,forward,final_local_der_m_bounds,0.12681629312021,0.03,0.0355831506575719,0.9984279460475284,False,0,True,0,,True,1.0257392545816109,0.8113727741503021,0.7838142612975939,149514.47578608026,0.0284283356502714,0.1208249035245349,0.9660347084217012,2.1179434117749,6.938074082992302e-06
4357.28,True,forward,final_local_der_m_bounds,0.1270241874877085,0.03,0.0356866600574734,0.9984189178889074,False,0,True,0,,True,1.025773987223526,0.8113048712349458,0.7835239369125824,149516.3781182201,0.028439853632069,0.1206612036202368,0.965757712905044,2.1186798329300047,6.940125746744215e-06
4359.88,True,forward,final_local_der_m_bounds,0.1271060680611496,0.03,0.0357946558439728,0.998409432070742,False,0,True,0,,True,1.025757087595371,0.8111042062826306,0.7837113094421181,149556.1406279943,0.0284142994992549,0.1206674655878982,0.9662276479047536,2.119106735728304,6.934783226485185e-06
4362.58,True,forward,final_local_der_m_bounds,0.1275498519198703,0.03,0.0359155617051028,0.9983987968981584,False,0,True,0,,True,1.0256581856214415,0.8110184493432543,0.7833219850034033,149553.84961433202,0.0284246302778805,0.1204968856728832,0.9658497727612992,2.119774790687796,6.937805479549714e-06
4365.18,True,forward,final_local_der_m_bounds,0.1275498519198703,0.03,0.036032370302974,0.9983884927860583,False,0,True,0,,True,1.025654746021476,0.8108747577350837,0.7833792127672538,149589.46245031315,0.0284151130867752,0.1204414252131697,0.96609150216412,2.1202091814681023,6.934371302018022e-06
4367.58,True,forward,final_local_der_m_bounds,0.1275498519198703,0.03,0.0361407616843909,0.9983789004534048,False,0,True,0,,True,1.0256340656073784,0.8107868265713353,0.7832445017798708,149596.92305086556,0.0284150058165169,0.120349447391075,0.9660301279092856,2.120680859182664,6.9345300266984334e-06
4370.28,True,forward,final_local_der_m_bounds,0.1275498519198703,0.03,0.0362619272870078,0.9983681445556988,False,0,True,0,,True,1.025552685814277,0.8106652195118745,0.7829566328735129,149618.53152442092,0.0284218436361098,0.1201884807483096,0.9658199390186668,2.121370410042657,6.935182208427905e-06
4372.68,True,forward,final_local_der_m_bounds,0.1275498519198703,0.03,0.0363681239846578,0.9983586903814587,False,0,True,0,,True,1.0255275791645102,0.8105143454401964,0.7830553039779536,149655.54559949413,0.0284089376434356,0.1201541883923971,0.9661214614932824,2.1217267784091374,6.931231304615066e-06
4375.38,True,forward,final_local_der_m_bounds,0.1275498519198703,0.03,0.0364858301451957,0.998348183293954,False,0,True,0,,True,1.0255141593455266,0.81045827832026,0.7826777158362316,149655.55695663372,0.0284268626745122,0.1199600711933611,0.965722402710716,2.122447362046727,6.934297623118643e-06
4380.28,True,forward,final_local_der_m_bounds,0.1275498519198703,0.03,0.0367021350635756,0.9983287885720434,False,0,True,0,,True,1.0254930957599917,0.8102626319316881,0.7823639225708983,149680.60653054508,0.0284258667249032,0.119757467737241,0.9655683129625778,2.123570067176212,6.934395830762716e-06
4382.9800000000005,True,forward,final_local_der_m_bounds,0.1275498519198703,0.03,0.0368237230410475,0.998317836322617,False,0,True,0,,True,1.0254272271712994,0.8101414054658284,0.7822035088312044,149688.13819484154,0.0284224316008228,0.1196553339102936,0.9655147898303508,2.1241075440374018,6.934507033363275e-06
4385.4800000000005,True,forward,final_local_der_m_bounds,0.1275498519198703,0.03,0.0369372877511859,0.998307574804723,False,0,True,0,,True,1.0253699060139336,0.8099710821167736,0.7821945951581347,149740.47323777282,0.028412643825942,0.1195830453172582,0.965706816487759,2.124623585331169,6.930689918607835e-06
4388.08,True,forward,final_local_der_m_bounds,0.127513241520737,0.03,0.0370601170327325,0.9982964379258062,False,0,True,0,,True,1.025382867386218,0.8098376684801749,0.7821871929523563,149752.95246502935,0.0283987781904458,0.1195363391867512,0.9658567678387814,2.125148425771564,6.929024334407008e-06
4390.68,True,forward,final_local_der_m_bounds,0.1271060680611496,0.03,0.0371869935965894,0.998284891914638,False,0,True,0,,True,1.025353576654377,0.8097913740326091,0.7818552898983616,149759.73868692826,0.0284209986421282,0.1193393717526241,0.9655021218673508,2.1257357951159954,6.931437172025591e-06
4393.28,True,forward,final_local_der_m_bounds,0.1270241874877085,0.03,0.037312665901856,0.9982734185116012,False,0,True,0,,True,1.025354097384575,0.8097712123314151,0.781385524405198,149726.69701796287,0.0284409683980548,0.1191367030888129,0.9649460397036198,2.126489090236628,6.937225690669311e-06
4395.9800000000005,True,forward,final_local_der_m_bounds,0.1266568775043726,0.03,0.0374387420845141,0.9982618791785132,False,0,True,0,,True,1.0252900208708162,0.8096721830012965,0.7810909102779505,149724.16727203008,0.0284384881601247,0.1190202784417329,0.9647001918512246,2.1271439704083868,6.93926682311609e-06
4398.78,True,forward,final_local_der_m_bounds,0.1264880469016598,0.03,0.0375746375023042,0.9982493923772195,False,0,True,0,,True,1.025267911939918,0.8094627567013698,0.7811708082686127,149797.18055008992,0.0284308068032187,0.1189255468008993,0.965048486544274,2.127748015032669,6.933311566768642e-06
4406.4800000000005,True,forward,final_local_der_m_bounds,0.1259135709351661,0.03,0.037968991916271,0.998212885012324,False,0,True,0,,True,1.0251633256708566,0.8091002033211642,0.7810482841729242,149842.97451071013,0.0284074042343943,0.1187314930085526,0.9653294869620678,2.12903392274338,6.929200404208326e-06
4414.18,True,forward,final_local_der_m_bounds,0.1255155941300236,0.03,0.0383111419182992,0.9981808715927988,False,0,True,0,,True,1.0250061358778004,0.8088228676583642,0.7804452264810403,149863.91546651837,0.0284005976785037,0.1184645495622262,0.9649148876570708,2.130594929514185,6.931522739953465e-06
4421.18,True,forward,final_local_der_m_bounds,0.124993025798415,0.03,0.0384175572331232,0.9981706952192934,False,0,True,0,,True,1.0248161715082695,0.8086255544188702,0.7814728415339888,149870.70281855093,0.0282776580039696,0.1190962744423063,0.9664211540972198,2.1294359479187213,6.919781059353932e-06
4423.58,True,forward,final_local_der_m_bounds,0.124841263202177,0.03,0.0384223740242447,0.9981700533259812,False,0,True,0,,True,1.024662885819441,0.8085555010202444,0.7818084237519746,149865.41116918548,0.0282438380068462,0.1192953080896074,0.966919924192563,2.12888934061257,6.9162495828401335e-06
4425.9800000000005,True,forward,final_local_der_m_bounds,0.1244607619350108,0.03,0.0385748139412663,0.9981560468738324,False,0,True,0,,True,1.0245106921998262,0.8083885025871104,0.7819582789937952,149866.93348825272,0.0281627109333112,0.119557364641821,0.9673050476240944,2.128968196762789,6.913311533277933e-06
4428.78,True,forward,final_local_der_m_bounds,0.1244104049255538,0.03,0.0387655505822056,0.9981382916300002,False,0,True,0,,True,1.0242968751168462,0.8080175144325866,0.7830081972986142,149909.13391977118,0.0280113440400899,0.1201616358968735,0.969048545746518,2.128369878383285,6.898249240425886e-06
4431.18,True,forward,final_local_der_m_bounds,0.1238527159470314,0.03,0.0389442497704017,0.9981216110754996,False,0,True,0,,True,1.0242006470267089,0.8077884872885316,0.7838537560918583,149907.63327983906,0.0278853986928068,0.1206904164217323,0.9703700515997524,2.1277937096091177,6.888379468160404e-06
4433.9800000000005,True,forward,final_local_der_m_bounds,0.1236043681057958,0.03,0.0391318332750128,0.9981041996050362,False,0,True,0,,True,1.02399306590361,0.8074412855593905,0.7846070571986937,149913.97523603178,0.0277322623747377,0.1212552338831228,0.9717202615607184,2.1275543422499155,6.877994169135372e-06
4436.4800000000005,True,forward,final_local_der_m_bounds,0.1232969552903787,0.03,0.0393025041286391,0.9980882663431352,False,0,True,0,,True,1.023787518996645,0.8071089540439662,0.7854353597710394,149933.62045426742,0.0275895857285699,0.1218049407311903,0.9731466313632964,2.1271600533187502,6.866438722183534e-06
4439.38,True,forward,final_local_der_m_bounds,0.1229514668800964,0.03,0.0394766622691373,0.9980721554175048,False,0,True,0,,True,1.0235453799306446,0.8068029899592621,0.78606686338998,149916.75381404764,0.0274391673323606,0.122360410016042,0.9742984014346188,2.12687687619794,6.858634005104939e-06
4441.9800000000005,True,forward,final_local_der_m_bounds,0.1228098171219106,0.03,0.0396282467305895,0.998058093089384,False,0,True,0,,True,1.0233199733506348,0.8064788607090807,0.7868024329022637,149965.45495206196,0.0273113357102063,0.1228389846000755,0.9756020538597664,2.126548704551352,6.846709756517826e-06
4444.38,True,forward,final_local_der_m_bounds,0.122293275024373,0.03,0.0397702376509261,0.998044861167876,False,0,True,0,,True,1.0232535891222372,0.8062091284739025,0.787459377000442,149976.0604995123,0.0271817124233752,0.1233233328167954,0.9767433153368624,2.1264655738763256,6.837746702437966e-06
4446.9800000000005,True,forward,final_local_der_m_bounds,0.1222296614084611,0.03,0.0399271050972788,0.9980301871077314,False,0,True,0,,True,1.0231040138767544,0.8059439214587426,0.7881676266308087,149964.63642986733,0.0270440697072065,0.1238630948786063,0.9779435090275772,2.126121993358693,6.82935921244666e-06
4449.58,True,forward,final_local_der_m_bounds,0.1222176938083471,0.03,0.0400891657445854,0.9980149565584094,False,0,True,0,,True,1.0229245081349203,0.8056435691291853,0.7888720425263976,149982.4574991046,0.0269135889074695,0.1243586182467303,0.9791824483612326,2.12585290170648,6.819375151653158e-06
4452.38,True,forward,final_local_der_m_bounds,0.1217924019383319,0.03,0.0402693891093747,0.9979979345741116,False,0,True,0,,True,1.0226819048683533,0.8051938224934418,0.7899014984978006,150020.69482284685,0.0267384480543326,0.1250250287418247,0.9810078970200172,2.125544328770908,6.804154465114805e-06
4454.9800000000005,True,forward,final_local_der_m_bounds,0.1216056192762571,0.03,0.0404417799471968,0.997981570602077,False,0,True,0,,True,1.0225347598431502,0.8051051339153654,0.7899751997478391,149960.43858944325,0.0266508096510111,0.1253450630012534,0.98120750504478,2.1254603524583944,6.805424543665003e-06
4459.9800000000005,True,forward,final_local_der_m_bounds,0.1212687358303248,0.03,0.0407793763677209,0.9979493322652058,False,0,True,0,,True,1.0221932594155074,0.8043271367201081,0.7920241253689047,150076.49431398555,0.0263511778350618,0.1265308310982325,0.9847039708229008,2.124723927091165,6.774425457118741e-06
4462.4800000000005,True,forward,final_local_der_m_bounds,0.1211400654442896,0.03,0.04094720010433,0.9979332308857284,False,0,True,0,,True,1.02196966986126,0.8039970280124071,0.7926848087469751,150096.44116391585,0.026219799685493,0.1270223080495801,0.9859300235308116,2.124546129668215,6.764540723848243e-06
4465.08,True,forward,final_local_der_m_bounds,0.1210522694734498,0.03,0.0411239763313139,0.9979162023427772,False,0,True,0,,True,1.021892933399666,0.8037587610972882,0.793503377075401,150082.98738675102,0.0260869747035473,0.1275830004229736,0.9872407188347329,2.124116161055911,6.7555387111156686e-06
4467.58,True,forward,final_local_der_m_bounds,0.1209795732465184,0.03,0.0412921037418328,0.9978999602246288,False,0,True,0,,True,1.0216719227461046,0.8035554328714727,0.7934696004405144,150065.89025711725,0.0259938361800482,0.1278648307780329,0.9874484920163916,2.124452980997133,6.754811824407254e-06
4470.28,True,forward,final_local_der_m_bounds,0.1209528999901893,0.03,0.04148023066509,0.9978816887893848,False,0,True,0,,True,1.0215839338349562,0.80299349346003,0.795382491628299,150179.1148504534,0.0257913845752676,0.1287411768636585,0.9905217141935536,2.123667652507553,6.727279596746574e-06
4473.08,True,forward,final_local_der_m_bounds,0.1209470253391536,0.03,0.0416756464603621,0.9978626351434828,False,0,True,0,,True,1.021299726037528,0.8027083643758138,0.7958346181718666,150156.32047655532,0.0256580505159217,0.1292436272906872,0.9914368075517784,2.1234982453395888,6.72165009475074e-06
4475.88,True,forward,final_local_der_m_bounds,0.1209470253391536,0.03,0.0418791295089163,0.9978426747801648,False,0,True,0,,True,1.021128688374975,0.8024068300140286,0.7964627759712408,150154.9309992941,0.025520325854282,0.1297760334079287,0.9925922190334748,2.123380894971868,6.713318964110727e-06
4478.38,True,forward,final_local_der_m_bounds,0.1209470253391536,0.03,0.0420663815458523,0.9978242085278825,False,0,True,0,,True,1.020884939291114,0.8021184989831954,0.7968422505655203,150157.4235738834,0.0254021336829026,0.1302025775641583,0.993422108548346,2.123410716236242,6.707192009778934e-06
4486.4800000000005,True,forward,final_local_der_m_bounds,0.1209470253391536,0.03,0.0426734122612642,0.9977638886618556,False,0,True,0,,True,1.02036759332824,0.8009340202380999,0.8002619086469567,150294.44253559358,0.0249380483941488,0.1321614085208591,0.9991608402513064,2.121980542417349,6.6596376704517695e-06
4494.38,True,forward,final_local_der_m_bounds,0.1209470253391536,0.03,0.0433123606764936,0.997699465961754,False,0,True,0,,True,1.019721228528509,0.8000425824867706,0.8013714723920319,150298.50578203535,0.0245833176370148,0.133423907665005,1.0016610239684127,2.122407738555073,6.641500784020506e-06
4501.4800000000005,True,forward,final_local_der_m_bounds,0.1209470253391536,0.03,0.043925690739348,0.9976367471345852,False,0,True,0,,True,1.0193181503520603,0.7990317684104161,0.8035332807096456,150393.95001905746,0.0242143008597386,0.1348535525221856,1.005633708792561,2.1223524535327125,6.608881177538436e-06
4503.9800000000005,True,forward,final_local_der_m_bounds,0.1209470253391536,0.03,0.0441882477600988,0.9976096943322856,False,0,True,0,,True,1.0191595139855378,0.7988073428175287,0.8037858456289266,150343.09832230053,0.024097072946473,0.1352793330111912,1.006232419939754,2.1225094084840515,6.606841067499463e-06
4506.78,True,forward,final_local_der_m_bounds,0.1209470253391536,0.03,0.0436804183554341,0.997661273760097,False,0,True,0,,True,1.019322804972364,0.7993132668745803,0.8033533901083282,150364.80035538512,0.0243198161190194,0.1345908611643503,1.0050544929018197,2.121564563597991,6.614303910026965e-06
4509.18,True,forward,final_local_der_m_bounds,0.1209470253391536,0.03,0.0432466205118889,0.9977050131794768,False,0,True,0,,True,1.0194288386239096,0.7999101352166245,0.8022253743937359,150292.55376909702,0.0245394401110363,0.1338393025325272,1.002894374099266,2.121118254274458,6.632930682272483e-06
4511.68,True,forward,final_local_der_m_bounds,0.1209470253391536,0.03,0.0428000058168717,0.9977495839878804,False,0,True,0,,True,1.0196687446634627,0.8005828046981672,0.8010321953171295,150233.966734595,0.0247831289835144,0.1330100100437503,1.0005613293419808,2.1207659881254783,6.652251536197951e-06
4514.28,True,forward,final_local_der_m_bounds,0.1209470253391536,0.03,0.0423406574433397,0.9977949371402396,False,0,True,0,,True,1.0198350598541055,0.8012428509638668,0.7998849763599554,150192.92692884168,0.0250422149484571,0.1321369637605127,0.9983052895857004,2.1202512645062206,6.670297238595423e-06
4516.68,True,forward,final_local_der_m_bounds,0.1209528999901893,0.03,0.0418992081188449,0.9978382984327544,False,0,True,0,,True,1.020002947822774,0.8019307463616754,0.7984575736488432,150101.79153487034,0.0252892247715391,0.1312801637758767,0.9956689867191276,2.1200312388670444,6.693378150491381e-06
4519.28,True,forward,final_local_der_m_bounds,0.1209528999901893,0.03,0.0414333074529321,0.9978835380586688,False,0,True,0,,True,1.0201918303822148,0.8024786918822167,0.7975991190123967,150098.14241363003,0.0255252829730531,0.1305100029048885,0.9939193739108824,2.1195913650247613,6.706198643701314e-06
4521.88,True,forward,final_local_der_m_bounds,0.1212687358303248,0.03,0.040970770865854,0.9979280201226026,False,0,True,0,,True,1.0203584207025391,0.8031108223841367,0.7964422916113552,150010.3661766126,0.0257649705470784,0.1297296407819808,0.9916966244422094,2.119213745667888,6.726252937202898e-06
4524.58,True,forward,final_local_der_m_bounds,0.1216056192762571,0.03,0.0404972481698795,0.9979731087722732,False,0,True,0,,True,1.020569128265455,0.8036773231935421,0.7957176214881845,150006.37514001713,0.0260058354094969,0.1289902460928827,0.99009589859556,2.1185741443891657,6.738060933694242e-06
4526.9800000000005,True,forward,final_local_der_m_bounds,0.1217924019383319,0.03,0.0400827754466149,0.998012192829906,False,0,True,0,,True,1.0206970323882687,0.8042397285209187,0.7947977184753938,149944.06244903672,0.0262248708865051,0.1283116321385365,0.988259707011876,2.1180535575443025,6.754239897165335e-06
4529.58,True,forward,final_local_der_m_bounds,0.1222176938083471,0.03,0.0396415283624542,0.9980534048290806,False,0,True,0,,True,1.0208790744370029,0.8047547659913412,0.794205465436606,149914.98035842346,0.0264405882728498,0.1276815974845832,0.986891285394576,2.117366023087332,6.765524891281601e-06
4532.28,True,forward,final_local_der_m_bounds,0.1222179879625072,0.03,0.0391905850790679,0.9980951037319916,False,0,True,0,,True,1.0210632240014257,0.8054080308815279,0.7928882109388379,149873.44227933555,0.0267103588056499,0.1267881907365231,0.984455307791025,2.117193569734911,6.785239721289085e-06
4534.78,True,forward,final_local_der_m_bounds,0.122293275024373,0.03,0.0387794354104029,0.9981327540037902,False,0,True,0,,True,1.0211978033296136,0.806016112072964,0.7916645414254068,149817.49649102296,0.0269541181075124,0.1260001458503518,0.9821944370185766,2.116960689957088,6.8043841509982105e-06
4540.08,True,forward,final_local_der_m_bounds,0.1228098171219106,0.03,0.0379304207794637,0.9982093711800823,False,0,True,0,,True,1.021553546813417,0.8071665848805387,0.7896022392514729,149738.68614444035,0.0274519278050792,0.124433897120941,0.9782395035200008,2.11639218989868,6.837125312739758e-06
4542.78,True,forward,final_local_der_m_bounds,0.1229514668800964,0.03,0.0375157666154354,0.9982462038732748,False,0,True,0,,True,1.0217269559194329,0.8077815096424492,0.788591449987474,149675.74319759136,0.02769764418877,0.1237015216508976,0.9762435022021372,2.115933111041433,6.854763984340399e-06
4545.28,True,forward,final_local_der_m_bounds,0.1232969552903787,0.03,0.0371394065527921,0.998279315111173,False,0,True,0,,True,1.0219031080686702,0.8083156070929955,0.78773410886366,149654.02429058187,0.027928984482608,0.1230061997917902,0.9745377943358606,2.1155626211746834,6.86839998743909e-06
4547.68,True,forward,final_local_der_m_bounds,0.1236043681057958,0.03,0.0367892578377381,0.9983098251133804,False,0,True,0,,True,1.022059430969611,0.8088993486251468,0.7865359877784163,149567.97469984452,0.028160831862054,0.1222792552853868,0.9723533454628928,2.1154589461682147,6.888618229035207e-06
4550.28,True,forward,final_local_der_m_bounds,0.1238527159470314,0.03,0.0364062952585391,0.9983429502987397,False,0,True,0,,True,1.022188849595083,0.809481752266203,0.785356749471387,149518.14452319223,0.0284119128454774,0.1214956483792725,0.9701969776004508,2.115284428524036,6.907018099390424e-06
4552.88,True,forward,final_local_der_m_bounds,0.1240480238223459,0.03,0.0360382072542276,0.9983744582080544,False,0,True,0,,True,1.0223312033330294,0.8100403079462907,0.7844193054758132,149463.24357288826,0.028648009983728,0.1208048244710242,0.9683707067177498,2.114884284898623,6.923207330216476e-06
4555.58,True,forward,final_local_der_m_bounds,0.1242509033758385,0.03,0.0356540050639143,0.998407086447594,False,0,True,0,,True,1.022535778635423,0.8106487158214388,0.783450231014914,149410.6535922275,0.0289008708458342,0.1200714745450926,0.9664484945504856,2.1144817158387847,6.940040351893292e-06
4558.18,True,forward,final_local_der_m_bounds,0.1242509033758385,0.03,0.035284664556613,0.9984381859143312,False,0,True,0,,True,1.0226500306532045,0.8111701649545195,0.7825611292106737,149371.28125755448,0.0291353082219202,0.1193894923042736,0.9647311538566634,2.114098753103272,6.954770010187934e-06
4566.38,True,forward,final_local_der_m_bounds,0.1242557855424049,0.03,0.0342052655278556,0.9985271830318686,False,0,True,0,,True,1.0232380881568497,0.8129824849050035,0.7792984247002063,149195.99024025703,0.0299120551001818,0.1171162713030094,0.9585672990129264,2.113445918727792,7.009536263645024e-06
4574.18,True,forward,final_local_der_m_bounds,0.1242833758041173,0.03,0.0334094998465019,0.9985905455963544,False,0,True,0,,True,1.0238263463387105,0.8145191755543836,0.7757669048754509,149096.51815148504,0.0306993587781596,0.1145902536726681,0.9524231327610464,2.114238163670568,7.061188862262058e-06
4581.08,True,forward,final_local_der_m_bounds,0.1242983795598572,0.03,0.0326441031118208,0.9986505776359368,False,0,True,0,,True,1.024239414773896,0.8159071216607349,0.7733689932166818,148976.2743883776,0.031331140447198,0.1128434520674758,0.947864006435599,2.113594114290473,7.101861170360824e-06
4583.58,True,forward,final_local_der_m_bounds,0.1243015760461551,0.03,0.032362189452804,0.9986723277444708,False,0,True,0,,True,1.0243910776390128,0.8164492140978118,0.7723930790915063,148933.27936459272,0.031583840804188,0.1121430057820169,0.9460393442169112,2.113389148675114,7.117973467468293e-06
4586.18,True,forward,final_local_der_m_bounds,0.1243033687357402,0.03,0.0324489437236962,0.9986656459697324,False,0,True,0,,True,1.0242625130547511,0.8161883495411214,0.7728984201037743,148951.49621924607,0.0314668771413061,0.1125071771144892,0.9469608584076388,2.1133198981104666,7.109989549307111e-06
4588.78,True,forward,final_local_der_m_bounds,0.1243226153838128,0.03,0.0325405997022709,0.9986586227699824,False,0,True,0,,True,1.0241118260349205,0.8159444226973007,0.7733895197065911,148942.04794260676,0.0313418656522618,0.1129035518278618,0.9478458313986212,2.113166134468156,7.103612120527938e-06
4591.18,True,forward,final_local_der_m_bounds,0.1243326115146394,0.03,0.0326269676233568,0.9986519817200432,False,0,True,0,,True,1.02402092728923,0.8156141680841954,0.7743483597088043,148984.52712348444,0.0311947872057112,0.1134141511110828,0.9494052335158416,2.1127620614413853,7.089512968974439e-06
4593.78,True,forward,final_local_der_m_bounds,0.1243384878694611,0.03,0.0327159007516495,0.9986451387602514,False,0,True,0,,True,1.0238316260539884,0.8153421566883104,0.7747396617114604,148992.7311655239,0.031073564550304,0.1137743205317338,0.9502018942062728,2.112779500228269,7.083029986679103e-06
4596.4800000000005,True,forward,final_local_der_m_bounds,0.1243798796057871,0.03,0.0328180006101061,0.998637188464114,False,0,True,0,,True,1.0236688410603088,0.8150700719396455,0.7752910614247159,148999.1518868209,0.0309476778332924,0.1141772888860147,0.9511955942385832,2.112618572930144,7.075091486954314e-06
4599.28,True,forward,final_local_der_m_bounds,0.1244057150960145,0.03,0.0329316299242023,0.9986282646876494,False,0,True,0,,True,1.0235813485762613,0.8147597221843238,0.776253032577046,149030.29534839702,0.0307988752148967,0.1147087954322167,0.9527385945097488,2.1121532804500145,7.061715197058899e-06
4601.9800000000005,True,forward,final_local_der_m_bounds,0.1244104049255538,0.03,0.0330471909246461,0.9986191497733724,False,0,True,0,,True,1.0234760995081895,0.8145020239960223,0.7769161477567534,149055.17677928065,0.030678098498315,0.1151163584703637,0.9538541647142028,2.111900195852285,7.051972206732669e-06
4604.58,True,forward,final_local_der_m_bounds,0.1244494029340902,0.03,0.0331628083977131,0.9986099795608628,False,0,True,0,,True,1.023283207568968,0.8142620661558702,0.7771757213172714,149033.8010598752,0.0305607308674219,0.1154618415124835,0.9544540432619152,2.1119912768122697,7.048440950193271e-06
4607.08,True,forward,final_local_der_m_bounds,0.1244607619350108,0.03,0.0332731673588754,0.9986011951454052,False,0,True,0,,True,1.0231581109140897,0.8140099276762992,0.7776423487646708,149052.99945817635,0.0304502686232414,0.1158078049468587,0.955322929518262,2.1119656546083503,7.040904907159451e-06
4609.88,True,forward,final_local_der_m_bounds,0.1244614148670898,0.03,0.0333915200049999,0.998591765792074,False,0,True,0,,True,1.0229819613901148,0.8136928060365913,0.7783895927392921,149065.10110292386,0.0303065571285541,0.1162962000793521,0.9566135855750558,2.111663403988195,7.030470161650651e-06
4612.28,True,forward,final_local_der_m_bounds,0.1245071026977389,0.03,0.0334891260516331,0.9985839860416518,False,0,True,0,,True,1.0227979207721352,0.8133670886042277,0.7790487756740956,149096.53634323383,0.0301803725624353,0.1167073450818691,0.957807104060451,2.1115060743744523,7.019901208202989e-06
4614.88,True,forward,final_local_der_m_bounds,0.1245213767415929,0.03,0.0335916466548023,0.9985758118523326,False,0,True,0,,True,1.0226084168540028,0.813064611821085,0.779595276375451,149111.79326260264,0.0300549983974723,0.1171077918863291,0.9588355771988772,2.1114184196850614,7.011375643286036e-06
4619.9800000000005,True,forward,final_local_der_m_bounds,0.1246188653353826,0.03,0.0337984075858788,0.9985592417202752,False,0,True,0,,True,1.0223511138278476,0.8124808047034511,0.7809367124768442,149142.04728832576,0.0297980315277785,0.1179769650457615,0.9611755846488949,2.1110640665814864,6.992178496666122e-06
4622.4800000000005,True,forward,final_local_der_m_bounds,0.1246188653353826,0.03,0.0339071666405235,0.9985504580115824,False,0,True,0,,True,1.0222338665514463,0.812264292089766,0.7813463427489963,149123.04374977184,0.0296858488348647,0.1183449110138187,0.9619360968568184,2.111016207283852,6.9873163624539485e-06
4625.08,True,forward,final_local_der_m_bounds,0.1246188653353826,0.03,0.0340222876273921,0.9985411274356548,False,0,True,0,,True,1.02201805608997,0.811919828411494,0.7819713539707147,149144.927412721,0.0295528335575729,0.1187750240905312,0.9631140004310856,2.110919701319096,6.9773962778701724e-06
4627.4800000000005,True,forward,final_local_der_m_bounds,0.1246188653353826,0.03,0.0341324742211619,0.9985321560529384,False,0,True,0,,True,1.0219300718411042,0.8116531248809196,0.7825053850361587,149173.7726664182,0.0294435348250247,0.1191281683898648,0.9640884277393288,2.110937773701896,6.968691381420031e-06
4630.28,True,forward,final_local_der_m_bounds,0.1246188653353826,0.03,0.0342667550394215,0.9985211655101264,False,0,True,0,,True,1.0217215604969234,0.8113669737984018,0.7830482195855574,149159.29615038476,0.029310869879878,0.1195724022562317,0.9650974773100872,2.1107661910137785,6.961763552276014e-06
4632.88,True,forward,final_local_der_m_bounds,0.1246188653353826,0.03,0.0343962167022733,0.9985105175243344,False,0,True,0,,True,1.021596508201831,0.8110515280367424,0.7837482253670169,149177.80323650574,0.0291775130532155,0.1200254610540245,0.9663359210532324,2.110649789329168,6.95156589179187e-06
4635.58,True,forward,final_local_der_m_bounds,0.1246188653353826,0.03,0.0345377695532355,0.998498805452518,False,0,True,0,,True,1.0214189457018663,0.8108311831747418,0.7840801953142322,149157.94913471295,0.0290687797266755,0.1203764389406927,0.9670079439276518,2.110607918311436,6.947451836128386e-06
4638.18,True,forward,final_local_der_m_bounds,0.1246188653353826,0.03,0.0346754577378672,0.9984873702637294,False,0,True,0,,True,1.0212930537357756,0.8104663547989772,0.7849784991963967,149207.76520124366,0.0289288300982228,0.1208673341277755,0.9685516179028772,2.1103895842457114,6.9335192318992e-06
4645.88,True,forward,final_local_der_m_bounds,0.1246188653353826,0.03,0.0350825588084864,0.998453351903823,False,0,True,0,,True,1.0207979120379629,0.8095625287881948,0.7867005725637155,149238.90160474504,0.0285536492793672,0.1221203869584935,0.9717601106628532,2.1101999769940525,6.908067877535522e-06
4653.78,True,forward,final_local_der_m_bounds,0.1246188653353826,0.03,0.0353175245634756,0.998434063532374,False,0,True,0,,True,1.020118345366421,0.8086956107716523,0.7895663324224983,149224.4190942587,0.0280785964950739,0.1241015655602341,0.97634551480884,2.1078939120726847,6.874465414735161e-06
4660.68,True,forward,final_local_der_m_bounds,0.1246188653353826,0.03,0.0359151013856404,0.9983825667695287,False,0,True,0,,True,1.0197465321240675,0.8077931318925606,0.7901553010516074,149290.4801339574,0.0278325091377159,0.1245877074049483,0.9781654112363768,2.109583307144761,6.85804027953281e-06
4663.28,True,forward,final_local_der_m_bounds,0.1246188653353826,0.03,0.0361951113976316,0.9983582325354612,False,0,True,0,,True,1.0196934478411284,0.8074326507323085,0.7903522741874639,149313.04775833356,0.0277185217648504,0.1248175192009107,0.9788460665674674,2.110510941115891,6.852007940864461e-06
4665.68,True,forward,final_local_der_m_bounds,0.1246188653353826,0.03,0.0363137005136483,0.998347722696092,False,0,True,0,,True,1.0195968969116085,0.8072482985890773,0.7903919097793017,149313.67632754537,0.0276820632463771,0.1248517822937639,0.9791187063023392,2.1109279945489403,6.849988510916896e-06
4668.18,True,forward,final_local_der_m_bounds,0.1246188653353826,0.03,0.0364373105065929,0.9983367371311188,False,0,True,0,,True,1.0195741990589706,0.8071516477128224,0.7899403104991792,149319.56142144452,0.0276835899073259,0.124685592709844,0.9786764516154876,2.111869587132771,6.853050060081135e-06
4670.58,True,forward,final_local_der_m_bounds,0.1246188653353826,0.03,0.0365588265515561,0.9983259090758094,False,0,True,0,,True,1.019557623170221,0.8069990667701104,0.7899373384388295,149315.46335769005,0.0276488304729118,0.1247127529726718,0.978857809093178,2.1123964791941576,6.851920917424991e-06
4673.18,True,forward,final_local_der_m_bounds,0.1246188653353826,0.03,0.0366897233705267,0.9983142307227724,False,0,True,0,,True,1.019451187124794,0.8067785310795075,0.7898863976741584,149355.01995712664,0.0276211219397684,0.1246737963635853,0.9790622422949868,2.113053070842351,6.848633931899475e-06
4675.78,True,forward,final_local_der_m_bounds,0.1246188653353826,0.03,0.0368266342438061,0.9983019337157883,False,0,True,0,,True,1.0194361622286314,0.8066152282072407,0.7899001013561623,149357.99847306806,0.0275925131976287,0.1246692502702952,0.9792774469579144,2.1135991997732684,6.846929695479931e-06
4678.38,True,forward,final_local_der_m_bounds,0.1246188653353826,0.03,0.036960399715677,0.9982899006608772,False,0,True,0,,True,1.0193850439651175,0.8064583353431526,0.7897185619171069,149365.67865559264,0.0275667741682922,0.1246269807842484,0.9792428539796506,2.1143223394841124,6.846875928815615e-06
4681.08,True,forward,final_local_der_m_bounds,0.1246188653353826,0.03,0.0371013191876742,0.9982771804052536,False,0,True,0,,True,1.019279732276722,0.8062974400741789,0.7894367597264346,149390.96151816283,0.0275531311886106,0.1245228790582006,0.9790887586767072,2.1150892678525275,6.846910556248848e-06
4683.4800000000005,True,forward,final_local_der_m_bounds,0.1246188653353826,0.03,0.0372252526162893,0.9982659732641228,False,0,True,0,,True,1.0192619965065544,0.8061199741553193,0.7895418605703801,149398.29617886568,0.0275138441773091,0.1245697878637518,0.979434682036864,2.11555314436974,6.844031862680348e-06
4685.9800000000005,True,forward,final_local_der_m_bounds,0.1246188653353826,0.03,0.0373573973822524,0.9982539901774476,False,0,True,0,,True,1.019215558020776,0.8060251329830747,0.7891302084003694,149393.18359804805,0.027508411588929,0.1244375299761693,0.9790392087152696,2.116384267488592,6.84724903708993e-06
4688.68,True,forward,final_local_der_m_bounds,0.1246188653353826,0.03,0.0375057769923557,0.998240479044233,False,0,True,0,,True,1.0192110370637044,0.8058216559745498,0.7893771742580743,149430.23355904713,0.0274666210484741,0.1244991945210834,0.979592901736318,2.116770843155225,6.841460549218506e-06
4691.18,True,forward,final_local_der_m_bounds,0.1246188653353826,0.03,0.0376483566351699,0.9982274384925084,False,0,True,0,,True,1.0192753055825774,0.8057645054196746,0.7891290186121376,149407.88566289353,0.0274575776098822,0.1244149093691295,0.9793544060384336,2.11746361032986,6.844282379281379e-06
4693.78,True,forward,final_local_der_m_bounds,0.1246188653353826,0.03,0.0378011268579744,0.9982134044237212,False,0,True,0,,True,1.01914630159637,0.8055641518747324,0.788998862463791,149448.72506976724,0.027433229968057,0.124358436194698,0.9794364118954522,2.1181126496546714,6.841848843182738e-06
4698.78,True,forward,final_local_der_m_bounds,0.1246188653353826,0.03,0.0380969043019338,0.9981860809640096,False,0,True,0,,True,1.0191076771246492,0.8053324086891731,0.788735877471575,149464.8913020958,0.0273951989183478,0.1242683906725997,0.9793917008200228,2.119252318172909,6.841501613226176e-06
4701.4800000000005,True,forward,final_local_der_m_bounds,0.1246188653353826,0.03,0.0381751703408422,0.9981790299038183,False,0,True,0,,True,1.0190820238212712,0.805094364821711,0.7890032988725132,149522.34960578085,0.0273547547060883,0.1243127165673403,0.980013441091764,2.1196933719467905,6.834281471390761e-06
4703.9800000000005,True,forward,final_local_der_m_bounds,0.1246188653353826,0.03,0.0382511084760148,0.998172159501628,False,0,True,0,,True,1.01899554007696,0.8049131288354864,0.7887866199288235,149555.3119405766,0.0273342170139979,0.1242331859979591,0.9799649076043846,2.120483601552124,6.833182205817694e-06
4706.58,True,forward,final_local_der_m_bounds,0.1246521374377512,0.03,0.0383310736447674,0.9981649074280904,False,0,True,0,,True,1.018989243736204,0.8046060609399132,0.7894094107122013,149632.86162901705,0.0272671993145647,0.1244111657520027,0.9811129309541122,2.1207173331225424,6.821142451530642e-06
4709.28,True,forward,final_local_der_m_bounds,0.1246581673246086,0.03,0.0384205093044527,0.9981567492087692,False,0,True,0,,True,1.0189276471179205,0.8044596545131116,0.7891780008312737,149650.0576990712,0.0272530487908042,0.1243138927912664,0.9810038283509857,2.121452583821948,6.821206290203748e-06
4711.88,True,forward,final_local_der_m_bounds,0.1246628793930078,0.03,0.0385088833980419,0.9981486609542995,False,0,True,0,,True,1.0189444966733463,0.8042553084093575,0.7892883810050002,149705.48856565353,0.0272193617587511,0.1243186636818992,0.9813903281111584,2.122081715469178,6.815845258394871e-06
4714.38,True,forward,final_local_der_m_bounds,0.1246715420839339,0.03,0.0385989306051362,0.9981403796054176,False,0,True,0,,True,1.0188803825421051,0.8041178624768178,0.7892642271632865,149699.78735657822,0.0271931444272115,0.124314781597961,0.9815280371116496,2.122486731714157,6.815109189464284e-06
4717.28,True,forward,final_local_der_m_bounds,0.1247105327712675,0.03,0.0387108170781932,0.9981300339842074,False,0,True,0,,True,1.018845385733696,0.803839405715722,0.7896467091280591,149779.62454841667,0.0271432821600951,0.1243958207933612,0.9823438655946134,2.122896858636344,6.805462674530426e-06
4724.9800000000005,True,forward,final_local_der_m_bounds,0.1247404637448501,0.03,0.0390189805235766,0.9981013674964518,False,0,True,0,,True,1.0187772946817129,0.8032956083122993,0.7895860823023011,149888.27293431835,0.0270654210129272,0.1242963256924151,0.982933398529588,2.124838637130927,6.79626110210869e-06
4732.58,True,forward,final_local_der_m_bounds,0.1248638239169666,0.03,0.0394177754829183,0.9980637208717408,False,0,True,0,,True,1.018629153902978,0.8026497676963497,0.7892873250536959,150028.44692215323,0.0269975904654429,0.1240385219731122,0.9833520880707352,2.127326733890845,6.786933569632502e-06
4739.68,True,forward,final_local_der_m_bounds,0.125477240442115,0.03,0.0393486002962795,0.9980709071908596,False,0,True,0,,True,1.0182766805034582,0.8022632240623077,0.7915157089789211,150054.73644529213,0.0267397990078898,0.1253963364477898,0.9866035052324026,2.1248788991781287,6.76174099568885e-06
4742.18,True,forward,final_local_der_m_bounds,0.1259111191542997,0.03,0.039334575936143,0.998072443586562,False,0,True,0,,True,1.0181654174520711,0.802118207343765,0.7923926865497242,150051.56380778505,0.0266421457281178,0.1259129576283624,0.987875202551196,2.1239517084374606,6.752530934905073e-06
4744.58,True,forward,final_local_der_m_bounds,0.1263203132241737,0.03,0.0392869437614311,0.9980770755794836,False,0,True,0,,True,1.018056026951366,0.8020759082882468,0.7927648703979794,150040.24137437524,0.0265880814851494,0.1262249295806639,0.9883913258158588,2.1233585165963555,6.749247788265706e-06
4746.9800000000005,True,forward,final_local_der_m_bounds,0.1266899197554433,0.03,0.0392559699388061,0.9980798806043192,False,0,True,0,,True,1.0180413829612165,0.8019500466999611,0.7941650853609318,150063.76413225543,0.026502740002626,0.1268005283125965,0.9902924610191564,2.121836424347756,6.734248980148832e-06
4749.4800000000005,True,forward,final_local_der_m_bounds,0.127154022735308,0.03,0.0392205693483357,0.9980830756459512,False,0,True,0,,True,1.0178507067117972,0.8019070135608971,0.7943776366616393,150090.5793659159,0.0264775958091841,0.1269892003943885,0.9906106608722334,2.121301316981289,6.730720269038719e-06
4752.28,True,forward,final_local_der_m_bounds,0.127154022735308,0.03,0.0391858533991932,0.9980861543250188,False,0,True,0,,True,1.0176920231344766,0.8018360785011034,0.7951585027194531,150076.1067018381,0.0264143348989916,0.1274220494893531,0.9916721435207394,2.1201452134357406,6.723612308165091e-06
4754.68,True,forward,final_local_der_m_bounds,0.127154022735308,0.03,0.0391450047740617,0.9980899062128868,False,0,True,0,,True,1.0177125596788714,0.8017462519356853,0.7961395681860226,150115.7312735212,0.026355598141248,0.1278290243750582,0.9930069099342512,2.1191564204649147,6.712107921682042e-06
4757.28,True,forward,final_local_der_m_bounds,0.127154022735308,0.03,0.0391029890568025,0.9980937630288836,False,0,True,0,,True,1.017592436292574,0.801580596756756,0.7972392537393997,150175.30083877803,0.0262861727429022,0.1282803107446339,0.9945840218252268,2.1179931688919846,6.697988948102829e-06
4759.78,True,forward,final_local_der_m_bounds,0.127154022735308,0.03,0.0390592126745769,0.9980977833046796,False,0,True,0,,True,1.017426966577255,0.8014889690784862,0.7977113708413323,150183.04109650292,0.0262376958852481,0.1285810740997268,0.9952867745123214,2.1173335898948134,6.6925501874396735e-06
4762.28,True,forward,final_local_der_m_bounds,0.127154022735308,0.03,0.0390184007005235,0.9981014999023434,False,0,True,0,,True,1.0172480083079858,0.8014748794769259,0.7981395156012385,150136.648347947,0.0261908824750821,0.1289104796441099,0.9958384673542556,2.1164219254828534,6.690619586562985e-06
4765.08,True,forward,final_local_der_m_bounds,0.127154022735308,0.03,0.0389781595715953,0.998105132322226,False,0,True,0,,True,1.01714546404132,0.8013884239281869,0.798964940831911,150150.36058427612,0.026131435013198,0.1293186897801237,0.9969758945551064,2.115389093911731,6.681781351901469e-06
4767.58,True,forward,final_local_der_m_bounds,0.127154022735308,0.03,0.0389458460072235,0.998108022304904,False,0,True,0,,True,1.016944802993316,0.8012105160706561,0.7998933149408973,150179.8987834148,0.0260594560845859,0.1297543075030884,0.9983559862191792,2.114350011900465,6.670511082864841e-06
4770.28,True,forward,final_local_der_m_bounds,0.127154022735308,0.03,0.0389142317505058,0.9981108231960246,False,0,True,0,,True,1.0169135759292187,0.8012632069410759,0.8002732152328578,150155.75183810655,0.0260363747137752,0.1299953033602119,0.9987644612910688,2.113569328012634,6.668639368099698e-06
4772.9800000000005,True,forward,final_local_der_m_bounds,0.127154022735308,0.03,0.0388862529885388,0.998113270750876,False,0,True,0,,True,1.0168523885328689,0.8010837030771426,0.8017240191296001,150165.4080277207,0.0259315052828888,0.1306456960265267,1.000799312294081,2.112115224354895,6.653584278276222e-06
4775.58,True,forward,final_local_der_m_bounds,0.127154022735308,0.03,0.0388651159775992,0.9981150644623784,False,0,True,0,,True,1.0165824194053543,0.800905739797383,0.8024224089039784,150213.00089673296,0.0258746035430072,0.1309890721000359,1.0018936923925394,2.1112555281394645,6.643632532667721e-06
4778.18,True,forward,final_local_der_m_bounds,0.127154022735308,0.03,0.0388390446004899,0.998117334848056,False,0,True,0,,True,1.0164805983361749,0.8009431198018645,0.802583876404092,150166.3862944705,0.0258470128171347,0.131211572167457,1.002048530740402,2.1106859921025145,6.64458732624433e-06
4780.58,True,forward,final_local_der_m_bounds,0.127154022735308,0.03,0.0388183287823172,0.998119105869952,False,0,True,0,,True,1.0164010907651326,0.8008880212910936,0.803274429819228,150175.49384648862,0.0258016085343991,0.1315423648752076,1.002979703110414,2.1097822015556287,6.637524841948558e-06
4783.28,True,forward,final_local_der_m_bounds,0.127154022735308,0.03,0.0387984443070254,0.9981207677041966,False,0,True,0,,True,1.016311743126112,0.8008650762146311,0.8038459264824522,150150.90978095357,0.0257534771122939,0.1318886648190884,1.003722038026568,2.1089031837844905,6.6333109896102e-06
4785.88,True,forward,final_local_der_m_bounds,0.127154022735308,0.03,0.0387756238996742,0.9981227256530152,False,0,True,0,,True,1.016151041184406,0.800782498915839,0.8045293847769279,150136.5933718044,0.0256977022187914,0.1322602915802224,1.004679030655842,2.107944799413921,6.627118004807718e-06
4788.38,True,forward,final_local_der_m_bounds,0.127154022735308,0.03,0.0387506534399267,0.9981248984164024,False,0,True,0,,True,1.0161004249706422,0.8008069578683819,0.8048239996708232,150116.66788820803,0.0256715121716176,0.1324836337638026,1.005016242382726,2.1073497698866674,6.625598188932145e-06
4790.78,True,forward,final_local_der_m_bounds,0.127154022735308,0.03,0.0387232359720264,0.9981273203159088,False,0,True,0,,True,1.015893227656837,0.8007809262040122,0.8053898850784079,150091.4050132291,0.0256300658946651,0.1328061092544088,1.00575558023871,2.1062485531372914,6.621452825096098e-06
4793.38,True,forward,final_local_der_m_bounds,0.127154022735308,0.03,0.0386915590833113,0.998130135793496,False,0,True,0,,True,1.0158488336914009,0.8007149333596969,0.8060682247732908,150088.38683288018,0.0255785656072548,0.133153582876789,1.0066856395335757,2.1054809991100685,6.614976410782134e-06
4801.28,True,forward,final_local_der_m_bounds,0.127154022735308,0.03,0.038629189966428,0.9981354049067176,False,0,True,0,,True,1.0155108551214016,0.8006401601440708,0.8076021648245125,150040.0334952623,0.0254530523703216,0.134083794619162,1.0086955476717392,2.102984799356012,6.60286528815465e-06
4809.18,True,forward,final_local_der_m_bounds,0.127154022735308,0.03,0.0388278745061052,0.9981158754131372,False,0,True,0,,True,1.015573058085302,0.800507929284138,0.8082423923551587,150040.03421085165,0.0254189912652638,0.134283305909756,1.0096619443581742,2.102738129435776,6.5960258726753655e-06
4816.28,True,forward,final_local_der_m_bounds,0.127154022735308,0.03,0.0390394284534048,0.9980950677115494,False,0,True,0,,True,1.0152048016353126,0.8002086611430368,0.8081538625619715,150069.63027796234,0.0253853942627431,0.1343120337886938,1.0099289120509962,2.1031964176498765,6.592807362026451e-06
4818.68,True,forward,final_local_der_m_bounds,0.127154022735308,0.03,0.0390302870520044,0.9980955204731218,False,0,True,0,,True,1.015266973501329,0.8004003366774762,0.8075199933957532,150008.316426304,0.0254421352440825,0.1340763971471206,1.008895119594566,2.103473098709133,6.602825624128386e-06
4821.18,True,forward,final_local_der_m_bounds,0.127154022735308,0.03,0.0389351421973624,0.9981039590274466,False,0,True,0,,True,1.015234688592194,0.8004735919390031,0.8075079878638021,150014.39180884356,0.025501416221688,0.1339042723734304,1.008787792621315,2.103152747913536,6.603324635599047e-06
4823.78,True,forward,final_local_der_m_bounds,0.127154022735308,0.03,0.0388127396444548,0.998115157725956,False,0,True,0,,True,1.0152580048550408,0.8007393066402485,0.8065753499195475,149968.2446629183,0.0256042288317052,0.1334806907166951,1.0072883187210904,2.1034814799180945,6.616001109894208e-06
4826.28,True,forward,final_local_der_m_bounds,0.127154022735308,0.03,0.0386925888519875,0.998126162208451,False,0,True,0,,True,1.015346744789655,0.800793710139267,0.8068932041307701,149986.20109370607,0.0256403841649991,0.1334278306707036,1.0076168105646612,2.1030360534647805,6.61288545614442e-06
4829.08,True,forward,final_local_der_m_bounds,0.127154022735308,0.03,0.0385588464121433,0.9981383744817393,False,0,True,0,,True,1.0153361659529012,0.8010024092476631,0.8060639461248431,149952.35795176795,0.0257351750389822,0.1330330240622045,1.0063190033122795,2.103366777680165,6.623603167173993e-06
4831.4800000000005,True,forward,final_local_der_m_bounds,0.127154022735308,0.03,0.0384450951328537,0.9981487293946352,False,0,True,0,,True,1.0153333637804058,0.8011344845221271,0.8056947364219901,149942.58485187576,0.0258056898803928,0.1327711607452537,1.0056922426733177,2.1033747945047114,6.628499074774041e-06
4834.28,True,forward,final_local_der_m_bounds,0.127154022735308,0.03,0.0383270410957212,0.9981592782311706,False,0,True,0,,True,1.0153073802871493,0.8012006956241736,0.8054674290388825,149942.57284207013,0.0258633034827662,0.1325697031446477,1.0053254240017664,2.1033852557366983,6.631113407394605e-06
4836.9800000000005,True,forward,final_local_der_m_bounds,0.127154022735308,0.03,0.0382183909908795,0.9981689392058192,False,0,True,0,,True,1.0153568086857805,0.8014254125575495,0.8046064390994128,149883.15711193992,0.0259521984771783,0.1322000626424846,1.0039692109733729,2.1038287071712425,6.643421062527458e-06
4839.58,True,forward,final_local_der_m_bounds,0.127154022735308,0.03,0.0381144258898427,0.998178159524757,False,0,True,0,,True,1.0153487892478177,0.8014815419058504,0.8047435463236522,149914.7755922969,0.0260084704931418,0.1320545039755539,1.0040699682366296,2.103419882269186,6.6413037791929495e-06
4842.08,True,forward,final_local_der_m_bounds,0.127154022735308,0.03,0.0380126509770843,0.998187171507338,False,0,True,0,,True,1.0153749701040995,0.8015643458621254,0.8046183723671293,149899.78779480842,0.0260598277622306,0.1318937496296737,1.003810082772231,2.103339707138566,6.64382591443456e-06
4844.58,True,forward,final_local_der_m_bounds,0.127154022735308,0.03,0.0379110151068049,0.9981961514259822,False,0,True,0,,True,1.0152873644294174,0.8017263268280409,0.8039570807016083,149844.71061500607,0.02613044726943,0.1316201432697226,1.0027824380950456,2.1034610656033026,6.653617363016786e-06
4847.28,True,forward,final_local_der_m_bounds,0.127154022735308,0.03,0.0377997193608859,0.9982059741310952,False,0,True,0,,True,1.0153943871805928,0.8017700130084549,0.8041181710511209,149887.02132427166,0.0261896896231284,0.1314465037829256,1.0029287177177597,2.1033035330895133,6.650694890816439e-06
4849.78,True,forward,final_local_der_m_bounds,0.127154022735308,0.03,0.0376971727249937,0.9982150023026224,False,0,True,0,,True,1.0154064548135375,0.8018209376771549,0.8040341929573768,149888.43629602724,0.0262347082741872,0.1313054363406139,1.0027602862138192,2.103255606480824,6.6518378382272e-06
4852.4800000000005,True,forward,final_local_der_m_bounds,0.127154022735308,0.03,0.03758783316873,0.9982245989919224,False,0,True,0,,True,1.0152327415482496,0.8019198526882947,0.8033251450377293,149874.46364369534,0.026315549375808,0.1309629721836439,1.0017524099755402,2.10349651792982,6.659673920243762e-06
4855.08,True,forward,final_local_der_m_bounds,0.127154022735308,0.03,0.0374837331601808,0.998233708603759,False,0,True,0,,True,1.0153674671283013,0.8021687824265065,0.8027764172675979,149811.10669870564,0.0264033648718937,0.1306569728610755,1.0007574900125795,2.103609119163081,6.669630423757263e-06
4857.78,True,forward,final_local_der_m_bounds,0.127154022735308,0.03,0.0373743592384261,0.9982432682972716,False,0,True,0,,True,1.0152867204882248,0.8022358112018484,0.8023197687444718,149821.0255353563,0.0264739276885202,0.1303725726146632,1.000104654443807,2.1038182931196125,6.673878336928744e-06
4860.28,True,forward,final_local_der_m_bounds,0.127154022735308,0.03,0.0372732631945531,0.9982520846484172,False,0,True,0,,True,1.0153869383642689,0.802368012275063,0.8021254660360284,149800.10209415888,0.0265347513352154,0.1301818623873943,0.999697711978389,2.1038060203405564,6.677736457807517e-06
4863.08,True,forward,final_local_der_m_bounds,0.127154022735308,0.03,0.0371667379821054,0.9982613093624952,False,0,True,0,,True,1.015275925717008,0.8024972896595562,0.8015782128127996,149757.20336402184,0.0266051989739383,0.1299196460902288,0.9988547290332326,2.103848966486988,6.6857179457498245e-06
4865.58,True,forward,final_local_der_m_bounds,0.127154022735308,0.03,0.0370787337135728,0.998268870396238,False,0,True,0,,True,1.0153423581058032,0.8025325538264788,0.8015389531967965,149775.45753178958,0.0266566953607287,0.1297493413698151,0.9987619185976384,2.103910948668904,6.6855713524187445e-06
4868.08,True,forward,final_local_der_m_bounds,0.127154022735308,0.03,0.036996488681771,0.9982758794723828,False,0,True,0,,True,1.015294595807659,0.8026695936806251,0.8009543766408997,149760.3248095354,0.026737563811977,0.1294321555741749,0.9978631094871052,2.104108685353243,6.692726888494056e-06
4870.68,True,forward,final_local_der_m_bounds,0.127154022735308,0.03,0.0369152088838922,0.9982827607305592,False,0,True,0,,True,1.015304633795983,0.8026749118769488,0.8010904904674316,149777.96489882664,0.026774219460209,0.129344255863835,0.9980260733379442,2.103923827987776,6.690762510282761e-06
4878.28,True,forward,final_local_der_m_bounds,0.127154022735308,0.03,0.036673084288946,0.9983032426292558,False,0,True,0,,True,1.0153259236402197,0.8030063416798437,0.8001174029703012,149734.70213760796,0.0269743419083386,0.1286413069781848,0.9964023463332816,2.1040855776493244,6.7044200997238285e-06
4885.88,True,forward,final_local_der_m_bounds,0.127154022735308,0.03,0.0363031165357447,0.9983351613679426,False,0,True,0,,True,1.01519208526434,0.8033535485852306,0.7998898115559485,149645.26318796427,0.0271036591995073,0.1284409654181127,0.9956884026523788,2.1028488019689804,6.713583539793568e-06
4892.58,True,forward,final_local_der_m_bounds,0.127154022735308,0.03,0.0360079898600258,0.9983603014349868,False,0,True,0,,True,1.0151064204036826,0.8036071938138817,0.7997667419071794,149640.24238494504,0.0272324108887061,0.1281769519467831,0.9952209836643252,2.1019119571576974,6.717184251497705e-06
4895.18,True,forward,final_local_der_m_bounds,0.127154022735308,0.03,0.0359729756981586,0.9983631127731334,False,0,True,0,,True,1.0150462095531845,0.8035667417809261,0.8001301061589249,149631.66170751155,0.0272197915385247,0.128308529236731,0.9957232729488222,2.1014372416158777,6.7139301551300005e-06
4897.68,True,forward,final_local_der_m_bounds,0.127154022735308,0.03,0.035808979685785,0.998377095901882,False,0,True,0,,True,1.0150707961587773,0.8037319989029851,0.7998586478701819,149621.71056831794,0.0272963088467394,0.1281028203184504,0.9951807928039572,2.1012556941316376,6.71830060090867e-06
4900.18,True,forward,final_local_der_m_bounds,0.127154022735308,0.03,0.0356417669522918,0.9983913639994236,False,0,True,0,,True,1.015005942728028,0.8039854719789928,0.7992046652123445,149570.265761745,0.0273986786121747,0.1277813330873711,0.9940536154778016,2.1010918655304525,6.728781100993098e-06
4902.78,True,forward,final_local_der_m_bounds,0.127154022735308,0.03,0.0354688889779125,0.9984060419194096,False,0,True,0,,True,1.014970222796365,0.8041912935190764,0.7988000613038267,149527.44749251797,0.0274806141204841,0.1275605958685819,0.9932960823392428,2.1008214671044163,6.736204196628728e-06
4905.28,True,forward,final_local_der_m_bounds,0.127154022735308,0.03,0.0353045490887116,0.9984199321718116,False,0,True,0,,True,1.0150616364100284,0.8043523824718496,0.7986794288860203,149526.66994240484,0.0275546179271365,0.1273768625904427,0.9929471787372648,2.1005879528159683,6.738766774405079e-06
4907.9800000000005,True,forward,final_local_der_m_bounds,0.127154022735308,0.03,0.0351319824883777,0.9984344108084062,False,0,True,0,,True,1.015116951116752,0.8045676553119886,0.7986128090909362,149509.08378637984,0.0276418749310147,0.127191919674258,0.9925987004551616,2.1000077927133582,6.742079873984426e-06
4910.4800000000005,True,forward,final_local_der_m_bounds,0.1269958667688165,0.03,0.0349495350149869,0.9984498607086878,False,0,True,0,,True,1.015136274837305,0.8048082678154276,0.7983148591642019,149482.2543262363,0.0277288349599736,0.1269743259371036,0.9919317321765948,2.099579143767836,6.748131489850187e-06
4913.28,True,forward,final_local_der_m_bounds,0.1266803138258992,0.03,0.0347434725267459,0.9984672291471506,False,0,True,0,,True,1.01515189213234,0.8051122367061646,0.7977251615792319,149444.77872854256,0.0278409955456931,0.1266498061188726,0.9908247884081922,2.099314136542996,6.757877921397431e-06
4915.68,True,forward,final_local_der_m_bounds,0.1264235196138275,0.03,0.0345679257763403,0.9984819563114048,False,0,True,0,,True,1.0151494226640867,0.8052988548731171,0.7975585497404786,149416.03281558352,0.027911277141771,0.1264946410570486,0.9903882824546446,2.0988579985951925,6.76234994058126e-06
4918.38,True,forward,final_local_der_m_bounds,0.1263343163848764,0.03,0.0343722054786949,0.9984982952166692,False,0,True,0,,True,1.0151770742582436,0.8055909276545775,0.797063442498883,149368.02113252468,0.0280124915498146,0.1262209470686276,0.989414621164464,2.0985331295624365,6.771620168409229e-06
4920.9800000000005,True,forward,final_local_der_m_bounds,0.1260661933640583,0.03,0.0341843935366599,0.9985138973930656,False,0,True,0,,True,1.0152387837407706,0.8058149850660723,0.7968010798888491,149364.08807548584,0.0281020859429299,0.1259917766421922,0.9888139270871412,2.098206370365355,6.776174699536547e-06
4923.38,True,forward,final_local_der_m_bounds,0.125665956490222,0.03,0.0340131732647472,0.9985280503758194,False,0,True,0,,True,1.0152306837937564,0.8059993219199115,0.7964835097935017,149341.7474790877,0.0281818471560003,0.1257758591965514,0.988193771548414,2.097956778783693,6.781716101863174e-06
4925.9800000000005,True,forward,final_local_der_m_bounds,0.1255183479504538,0.03,0.033828921337168,0.9985432091266202,False,0,True,0,,True,1.0153349483164753,0.8063281913116646,0.79593126773165,149294.45021145907,0.0282907790384777,0.1254715544639082,0.9871058414029878,2.0977383314416027,6.791816750036205e-06
4928.4800000000005,True,forward,final_local_der_m_bounds,0.1252466924053371,0.03,0.0336551856993805,0.9985574258728188,False,0,True,0,,True,1.0153628794966454,0.8065242045861534,0.7956824682551481,149271.62142031238,0.0283694381686888,0.1252777429506563,0.9865574569624128,2.0974270064918605,6.796863162032747e-06
4931.18,True,forward,final_local_der_m_bounds,0.1250803996257782,0.03,0.0334687178592432,0.998572611710836,False,0,True,0,,True,1.0154355660966703,0.8068154695978729,0.7953089508969527,149244.52020766743,0.0284719015961227,0.1250177515289687,0.9857383514142892,2.097034895102936,6.804088702416798e-06
4933.58,True,forward,final_local_der_m_bounds,0.1247892527378922,0.03,0.0333071727804089,0.9985856939990232,False,0,True,0,,True,1.0154701440678746,0.807012992447622,0.7951248666227883,149218.09962479965,0.0285441714832304,0.1248572333443441,0.9852689783980084,2.096643204250601,6.808723852477164e-06
4936.08,True,forward,final_local_der_m_bounds,0.1245794954507655,0.03,0.0331414685084668,0.9985990481298423,False,0,True,0,,True,1.015452723775922,0.8072549896908704,0.794653698658323,149178.60507844863,0.0286355959702748,0.1246065416126433,0.9843899496522496,2.096381085463954,6.816979720133145e-06
4938.78,True,forward,final_local_der_m_bounds,0.1242969725121467,0.03,0.032958095691634,0.9986137808132768,False,0,True,0,,True,1.0155500963759043,0.807504326154196,0.7944079400788153,149162.25636973212,0.0287283244765901,0.1243831144430798,0.983781652120982,2.096017376653598,6.822181033378985e-06
4941.38,True,forward,final_local_der_m_bounds,0.1242969725121467,0.03,0.0327775576010155,0.9986282318627135,False,0,True,0,,True,1.015556955448068,0.8077849024447088,0.7938255486287638,149121.86279562305,0.028832360436535,0.1240861842269874,0.9827189716300738,2.0958217872571616,6.831849670184941e-06
4943.9800000000005,True,forward,final_local_der_m_bounds,0.1242969725121467,0.03,0.0325932338732111,0.998642933604791,False,0,True,0,,True,1.0155470737643286,0.8079879480792126,0.7935204594923165,149093.2390126198,0.0289124854898515,0.1238900705587729,0.9820944252679896,2.095488715333549,6.837754957632245e-06
4946.58,True,forward,final_local_der_m_bounds,0.1242969725121467,0.03,0.0324067072174913,0.9986577485842586,False,0,True,0,,True,1.0156459428028466,0.808275733913759,0.7931100215291148,149052.99228572633,0.0290126590909089,0.1236302189123287,0.9812369569587224,2.095219894237173,6.84591260156855e-06
4954.58,True,forward,final_local_der_m_bounds,0.1242969725121467,0.03,0.0318260027057196,0.9987034361194824,False,0,True,0,,True,1.015742528439377,0.8089667824850768,0.7922661955652187,148981.10860078235,0.0292800786137615,0.1229812200949077,0.9793556580054432,2.094090388938836,6.863073641473668e-06
4962.28,True,forward,final_local_der_m_bounds,0.1242969725121467,0.03,0.0313992968155771,0.998736254769656,False,0,True,0,,True,1.0159577059803937,0.8097088704625532,0.7902721778320863,148893.11969648773,0.0296232358758345,0.1218238945838089,0.975995455478506,2.0946361379429828,6.892098034317867e-06
4968.78,True,forward,final_local_der_m_bounds,0.1242969725121467,0.03,0.0311273692062292,0.9987567192464736,False,0,True,0,,True,1.0161907500837093,0.8102590638966694,0.788419768722182,148843.5012862589,0.0299344742503871,0.1206713089768931,0.9730465277741436,2.095729505137724,6.916444971091289e-06
4971.28,True,forward,final_local_der_m_bounds,0.1242969725121467,0.03,0.0310114796150599,0.9987653959921664,False,0,True,0,,True,1.016262542351528,0.8104911526765511,0.7878304333499543,148819.15367001557,0.0300569843633356,0.1202575382968289,0.9720407567044224,2.09586914011935,6.925105191032756e-06
4973.9800000000005,True,forward,final_local_der_m_bounds,0.1242969725121467,0.03,0.0308055559928226,0.998780803445574,False,0,True,0,,True,1.016391788771992,0.8108981970089493,0.7866039834034741,148791.16765850972,0.0302737643162375,0.1195008956870614,0.9700403654921348,2.0963972438927896,6.941435188405229e-06
4976.38,True,forward,final_local_der_m_bounds,0.1242969725121467,0.03,0.0306285681723035,0.9987938566417232,False,0,True,0,,True,1.016472979939018,0.8112902593862348,0.7854131202529672,148747.0110845292,0.0304757209319336,0.1188086640303879,0.9681037226394849,2.096835911004721,6.95809125772814e-06
4979.08,True,forward,final_local_der_m_bounds,0.1242969725121467,0.03,0.0304553579604912,0.998806483198781,False,0,True,0,,True,1.0167202636152024,0.8116838884399293,0.7846120275335637,148722.99943431478,0.0306810768590373,0.1181586490619208,0.9666472856096748,2.097063009625423,6.970179438164028e-06
4981.78,True,forward,final_local_der_m_bounds,0.1242969725121467,0.03,0.030290279167223,0.99881844008843,False,0,True,0,,True,1.0168136576833662,0.8120607689031153,0.7835005303440724,148693.376263143,0.0308933644945419,0.1174437065760706,0.9648299244924484,2.097478403147591,6.985330351111356e-06
4984.4800000000005,True,forward,final_local_der_m_bounds,0.1242969725121467,0.03,0.0301213544311242,0.998830681443457,False,0,True,0,,True,1.0169095533227472,0.8124395250769911,0.7823246559932532,148658.41547377643,0.0311062286412257,0.1167181265150497,0.9629327868054128,2.097989285069086,7.001388504474373e-06
4987.08,True,forward,final_local_der_m_bounds,0.1242969725121467,0.03,0.0299692483862602,0.9988415951169578,False,0,True,0,,True,1.017109000480293,0.812833060236687,0.7813969465273922,148616.95715152755,0.0313056360969481,0.1160796823304279,0.9613252520755726,2.09831055232828,7.015556738460593e-06
4989.78,True,forward,final_local_der_m_bounds,0.1242969725121467,0.03,0.0298197790916799,0.9988522391630896,False,0,True,0,,True,1.0172126955867922,0.8131657434632636,0.7804877254979913,148593.9126322495,0.0315015278079517,0.1154426167598614,0.9598138285731308,2.0986306540510244,7.028173949070187e-06
4992.28,True,forward,final_local_der_m_bounds,0.1242969725121467,0.03,0.0296867295501568,0.998861654385184,False,0,True,0,,True,1.0173373676480988,0.8134669424425788,0.7795895661666119,148589.51504109128,0.0316902301857576,0.1148137258006839,0.958354329465136,2.0990949282533635,7.039549346427128e-06
4994.68,True,forward,final_local_der_m_bounds,0.1242969725121467,0.03,0.0295649703961256,0.9988702113929396,False,0,True,0,,True,1.0174716449513437,0.8138060090584965,0.7787032893208897,148558.9609444295,0.0318762175053877,0.1142137645178866,0.9568659860619392,2.0994290391656443,7.052395094635967e-06
4997.28,True,forward,final_local_der_m_bounds,0.1242969725121467,0.03,0.0294420426294229,0.9988787734777402,False,0,True,0,,True,1.0175529166885768,0.8141719105834241,0.7775147729016704,148517.87886794884,0.0320853790887027,0.1135087218875455,0.95497617001367,2.099997753092406,7.068893091329319e-06
4999.88,True,forward,final_local_der_m_bounds,0.1242969725121467,0.03,0.0293272568193347,0.9988866952606468,False,0,True,0,,True,1.0176888906024113,0.8145472596943503,0.7764791875957321,148484.8176511218,0.0322934951093735,0.112834480438292,0.953264747200914,2.100429350258364,7.0836542037811215e-06
5002.4800000000005,True,forward,final_local_der_m_bounds,0.1242969725121467,0.03,0.0292205025882148,0.9988939904652856,False,0,True,0,,True,1.0178465171197713,0.8149042515366506,0.7755033899268553,148457.9054288089,0.0324971521854791,0.1121779008115586,0.9516497042008336,2.10088924643173,7.097413171130969e-06
5004.9800000000005,True,forward,final_local_der_m_bounds,0.1242969725121467,0.03,0.0291204853540346,0.9989007922151644,False,0,True,0,,True,1.017964754256938,0.8152673790705477,0.7744417230732332,148426.28202044446,0.0327021710357474,0.1115104155873983,0.9499235992443876,2.101375084563295,7.112304485540652e-06
5007.78,True,forward,final_local_der_m_bounds,0.1242969725121467,0.03,0.0290169309469061,0.9989077577162756,False,0,True,0,,True,1.0181018312601138,0.8155972242010265,0.7736174793464721,148412.98017787072,0.032906862321155,0.1108756897540851,0.9485288281900682,2.101677116999462,7.1237550563886415e-06
5010.28,True,forward,final_local_der_m_bounds,0.1242969725121467,0.03,0.0289286699893246,0.9989136509938544,False,0,True,0,,True,1.0182087642413225,0.8159440753240937,0.7725888371325303,148376.12630111017,0.033106834194404,0.1102305928375001,0.9468649390286428,2.1021582200761,7.138485941034316e-06
5012.68,True,forward,final_local_der_m_bounds,0.1242969725121467,0.03,0.0288473233421654,0.998919046569683,False,0,True,0,,True,1.018329317428709,0.8162504989555198,0.7717962905258439,148355.16686980467,0.0332910200423325,0.1096588016491499,0.9455385221980752,2.102470323856128,7.14983082595552e-06
5015.4800000000005,True,forward,final_local_der_m_bounds,0.1242969725121467,0.03,0.0287549835200908,0.9989251415912528,False,0,True,0,,True,1.0184497371793837,0.8166157151450849,0.7706637414853493,148332.89793873212,0.033517364411571,0.1089271161427236,0.9437287664105614,2.1030743911979464,7.165078298204754e-06
5017.9800000000005,True,forward,final_local_der_m_bounds,0.1242969725121467,0.03,0.0286820230980424,0.9989298695267326,False,0,True,0,,True,1.018573220434842,0.816947306636438,0.7697240854991936,148302.64145623797,0.0337148040056875,0.1083051391520666,0.9421955115665006,2.103526040534748,7.178565157727729e-06
5020.78,True,forward,final_local_der_m_bounds,0.1242969725121467,0.03,0.0286142523483792,0.9989341193004596,False,0,True,0,,True,1.0187346141627225,0.8173172377714214,0.7686319014502846,148281.72767421856,0.0339435016065722,0.107576973116533,0.9404327547845596,2.1041481461908083,7.193446653352209e-06
5023.38,True,forward,final_local_der_m_bounds,0.1242969725121467,0.03,0.028563201188844,0.9989371796668408,False,0,True,0,,True,1.0188711546663596,0.8176251321558368,0.7679412387619062,148260.42698166298,0.0341323804207119,0.1070219847770647,0.9392338965132728,2.1043508374918733,7.2038910219772e-06
5030.9800000000005,True,forward,final_local_der_m_bounds,0.1241884560003673,0.03,0.0284689263000359,0.9989420475951728,False,0,True,0,,True,1.0191967729796854,0.8185917751566036,0.7650809197023604,148194.0081854838,0.0347414990954557,0.1051274612957022,0.9346305972302176,2.105820718517699,7.243593314305402e-06
5038.88,True,forward,final_local_der_m_bounds,0.1241320452672404,0.03,0.0282146701769229,0.9989584830908624,False,0,True,0,,True,1.0194436769724131,0.8196475765355344,0.7634653436691909,148090.5844452007,0.0352356774587603,0.1039945385978069,0.9314556225447368,2.1049778677230635,7.273629473296568e-06
5045.68,True,forward,final_local_der_m_bounds,0.1239542223080078,0.03,0.0281266060357713,0.9989630369326516,False,0,True,0,,True,1.019627558789182,0.820545334811588,0.7614391250464362,147999.92588799086,0.0357237827764209,0.102685420249393,0.9279671612797316,2.1052014969175605,7.305891026760564e-06
5048.38,True,forward,final_local_der_m_bounds,0.1236059555541822,0.03,0.028095874076615,0.9989644079023806,False,0,True,0,,True,1.0197389920462068,0.8209504147530761,0.7604983143909028,147967.7868401927,0.0359520162157973,0.1020694415161781,0.926363274473336,2.1054077348249085,7.320316648301821e-06
5050.88,True,forward,final_local_der_m_bounds,0.1231921627925497,0.03,0.0282264670429483,0.9989560909004156,False,0,True,0,,True,1.0194561184342203,0.820136304383508,0.7622775478943707,148028.96852176552,0.0355441663922335,0.103186420768,0.9294522676536928,2.1050434642888227,7.292630805745269e-06
5053.58,True,forward,final_local_der_m_bounds,0.1229571538386804,0.03,0.0284061221677311,0.998944262805698,False,0,True,0,,True,1.0191327210508996,0.8192829718883564,0.7639709415639468,148084.28352758972,0.0351200341503837,0.1043232826994911,0.932487269695205,2.104879272226519,7.265831895597755e-06
5055.9800000000005,True,forward,final_local_der_m_bounds,0.1229534086932111,0.03,0.0285199335955249,0.998937092534258,False,0,True,0,,True,1.01882286812135,0.8185184109673546,0.765493268469394,148145.77141524875,0.034748094960261,0.105334802942038,0.93521814318716,2.104695428789757,7.241239322590663e-06
5058.78,True,forward,final_local_der_m_bounds,0.1229534086932111,0.03,0.0286879426963804,0.9989260879436526,False,0,True,0,,True,1.0184943949354972,0.8176245514337552,0.7674771546989198,148204.22528160363,0.0343040881225735,0.1065900578879663,0.9386669631594368,2.104262432363401,7.211194884418374e-06
5061.28,True,forward,final_local_der_m_bounds,0.1229534086932111,0.03,0.0288671051275933,0.998914015820076,False,0,True,0,,True,1.0181369860663971,0.8168336404087656,0.7687730573790528,148267.4152276523,0.0339453322856179,0.1075292082302107,0.9411623363042908,2.1044356329326326,7.18864391675526e-06
5064.08,True,forward,final_local_der_m_bounds,0.1229534086932111,0.03,0.0291332633538947,0.998895433126297,False,0,True,0,,True,1.0177808965498023,0.8158947061386892,0.7707091496496891,148335.56347727033,0.0335100302517203,0.1087626431102678,0.9446183972649538,2.1042094194059646,7.158358103049343e-06
5066.68,True,forward,final_local_der_m_bounds,0.1229534086932111,0.03,0.0294148183379217,0.998875448412292,False,0,True,0,,True,1.0174277751720755,0.814981098796217,0.7725937380431277,148418.48604818035,0.0331031782482215,0.1099256687406995,0.9479897621973092,2.1039921904981647,7.128164557484722e-06
5069.18,True,forward,final_local_der_m_bounds,0.1229534086932111,0.03,0.0297183887388846,0.9988535647225548,False,0,True,0,,True,1.017077879564716,0.8141650952868464,0.7740439179417957,148461.04941653565,0.032734201649968,0.1109495141650689,0.9507210790817368,2.1040812044238786,7.105035404347989e-06
5071.78,True,forward,final_local_der_m_bounds,0.1229534086932111,0.03,0.0300648328437372,0.9988282307410304,False,0,True,0,,True,1.016725145991631,0.8132247252712538,0.776070478843315,148533.86308298478,0.0323176188741705,0.1121804879190457,0.9543124486093978,2.103786260964273,7.073867731635589e-06
5074.28,True,forward,final_local_der_m_bounds,0.1229534086932111,0.03,0.0304207788896606,0.9988018578710984,False,0,True,0,,True,1.016331728432415,0.8123320994606187,0.7778047725983511,148592.2300128145,0.031928320114619,0.1133136632723539,0.957496045170204,2.103676504855456,7.0466962185632204e-06
5077.08,True,forward,final_local_der_m_bounds,0.1229534086932111,0.03,0.030848009243616,0.998769755107394,False,0,True,0,,True,1.015866686783932,0.8112717769584226,0.7798438856267961,148670.79653488088,0.0314826760167869,0.1146198809443948,0.961260958134826,2.1036003996336774,7.014265418055096e-06
5079.58,True,forward,final_local_der_m_bounds,0.1229534086932111,0.03,0.0312551323942132,0.998738722615268,False,0,True,0,,True,1.015498606202061,0.8103778182699323,0.7815476167491759,148711.51032829282,0.0310928478951981,0.1157710794830619,0.9644237528831852,2.103624070387904,6.98833859473662e-06
5082.38,True,forward,final_local_der_m_bounds,0.1229534086932111,0.03,0.0317491882634577,0.998700464710118,False,0,True,0,,True,1.0151019082302055,0.8093431276416971,0.7834384221785887,148796.69777442125,0.0306667619897663,0.1170162730351906,0.9679929258946192,2.1038458073665653,6.9573821826130295e-06
5084.78,True,forward,final_local_der_m_bounds,0.1229534086932111,0.03,0.0321970101649421,0.9986652659321048,False,0,True,0,,True,1.0147689366814268,0.8084952047156344,0.7850257136595432,148835.1433351693,0.0303016573395667,0.1181079763998113,0.9709713911483916,2.103971177231964,6.933177429710301e-06
5087.18,True,forward,final_local_der_m_bounds,0.1229534086932111,0.03,0.0326733916703973,0.998627263832485,False,0,True,0,,True,1.0144031514742389,0.8075782144381843,0.786772879262305,148899.34737998416,0.0299247318077752,0.119250940509717,0.9742373744066968,2.1040659582044485,6.905714754168492e-06
5089.78,True,forward,final_local_der_m_bounds,0.1229534086932111,0.03,0.033224264484372,0.998582607593664,False,0,True,0,,True,1.0140250470478476,0.8066650545258468,0.788446882558299,148942.10554486426,0.0295374129518698,0.1204254285750328,0.977415444160704,2.104239183568548,6.880022045021617e-06
5092.28,True,forward,final_local_der_m_bounds,0.1229534086932111,0.03,0.0337799220971943,0.998536830622456,False,0,True,0,,True,1.0136446642624863,0.8056663477019546,0.7904046958271665,149019.794150021,0.0291386529823705,0.1216667785450443,0.9810571064333026,2.1043358274850594,6.849377506066951e-06
5095.08,True,forward,final_local_der_m_bounds,0.1229534086932111,0.03,0.0344373898573403,0.9984817112585388,False,0,True,0,,True,1.013069743653593,0.8045640557246473,0.7922891988149257,149077.22070127193,0.0287049996712722,0.1229986957191596,0.9847434684381146,2.1045266201501343,6.819497315566104e-06
5097.58,True,forward,final_local_der_m_bounds,0.1229534086932111,0.03,0.0350396524540282,0.9984303779509902,False,0,True,0,,True,1.0127590015702164,0.8036189642128067,0.7939906731830142,149132.4879614615,0.0283229235685666,0.1241812271652883,0.9880188354698376,2.104964466268267,6.792863507719527e-06
5100.18,True,forward,final_local_der_m_bounds,0.1229534086932111,0.03,0.0356767934433201,0.9983752158325996,False,0,True,0,,True,1.0123837250123031,0.8026089862633111,0.7959250840842165,149193.64032181705,0.0279200786638964,0.1254668608224572,0.9916722809070296,2.1051985028791047,6.763303157710891e-06
5107.9800000000005,True,forward,final_local_der_m_bounds,0.1229534086932111,0.03,0.0377518974756942,0.9981890563648826,False,0,True,0,,True,1.0111160277166986,0.7995009013117709,0.8014832869249986,149366.3909846931,0.0267162439948159,0.1293470994779373,1.0024795289285793,2.1063343227297824,6.677032890059905e-06
5115.58,True,forward,final_local_der_m_bounds,0.1229534086932111,0.03,0.0399810090367971,0.9979783359432508,False,0,True,0,,True,1.0098767419215262,0.7963327629483121,0.8069065876649434,149564.78660825812,0.0255473293680835,0.1331807241000667,1.0132781485436857,2.108086388133521,6.590831797335649e-06
5122.38,True,forward,final_local_der_m_bounds,0.1229534086932111,0.03,0.0420863365956389,0.9977693964642684,False,0,True,0,,True,1.0087315765673897,0.7933880706524558,0.8122896136503512,149740.9149051506,0.0244768365126561,0.1369043519152311,1.0238238306032903,2.109409663972073,6.508550921843768e-06
5124.9800000000005,True,forward,final_local_der_m_bounds,0.1229571538386804,0.03,0.0429695825987763,0.997678927713918,False,0,True,0,,True,1.0083753843486714,0.792320432483062,0.8139428482896954,149758.79308920153,0.0240661869006288,0.1383169713480991,1.0272899888986462,2.1104416414290355,6.483441614889767e-06
5127.4800000000005,True,forward,final_local_der_m_bounds,0.122995761338165,0.03,0.0426961719689782,0.9977063563687628,False,0,True,0,,True,1.008425389959145,0.7926624050013689,0.8132456446825488,149739.51408759848,0.024218772920694,0.1377799278512347,1.025967220788205,2.1101970914168247,6.493533380206902e-06
5130.08,True,forward,final_local_der_m_bounds,0.1229973638213424,0.03,0.042396950553552,0.9977364518834068,False,0,True,0,,True,1.0084595873205071,0.7930621745587886,0.8123964001002939,149689.6890708375,0.0243880180715525,0.1371773664512097,1.0243792052650371,2.1099086417264505,6.506827924695697e-06
5132.58,True,forward,final_local_der_m_bounds,0.1230291841181141,0.03,0.0421020196781437,0.9977660600154328,False,0,True,0,,True,1.0086442842160075,0.7933725857582412,0.8120825453070787,149683.5275428604,0.0245210900324454,0.1367542102517503,1.0235828157976443,2.109559181210123,6.512717562371038e-06
5135.18,True,forward,final_local_der_m_bounds,0.1230468914254186,0.03,0.0418007349682824,0.9977960615090832,False,0,True,0,,True,1.0086864114910852,0.7938528473126955,0.8107381864822629,149586.12750816284,0.0247017133339036,0.1360686871046523,1.0212701122465286,2.109652189709436,6.533209000385504e-06
5137.68,True,forward,final_local_der_m_bounds,0.1230715687484443,0.03,0.0415080403686587,0.9978250847684552,False,0,True,0,,True,1.0086385658171744,0.7941029635743218,0.8102408378545689,149562.30194279845,0.0248294807094959,0.1356415878139973,1.0203221433749716,2.10928730140128,6.540939431460048e-06
5140.28,True,forward,final_local_der_m_bounds,0.1230941310660512,0.03,0.0411938218873253,0.997856217244925,False,0,True,0,,True,1.00885693068287,0.7944820798470377,0.8096167193283725,149555.60085455416,0.0249848784079117,0.1351100305633105,1.0190496927057795,2.1091716146674666,6.550233854637135e-06
5143.08,True,forward,final_local_der_m_bounds,0.1231017694605329,0.03,0.0408590864936788,0.9978891502458124,False,0,True,0,,True,1.0090099721641,0.7950077549372415,0.8086939079385236,149475.5674323688,0.0251678992025998,0.1345013333649548,1.0172151188668122,2.1087782825445056,6.56674313005515e-06
5145.58,True,forward,final_local_der_m_bounds,0.1231279421936759,0.03,0.0405636350422047,0.9979180187848996,False,0,True,0,,True,1.009009678351409,0.7952677538824261,0.8079703359240168,149478.1993279161,0.0253066895965719,0.1339931152272685,1.015972711051816,2.1087842184832963,6.575429591308965e-06
5148.28,True,forward,final_local_der_m_bounds,0.1231400159962099,0.03,0.0402515050118314,0.9979483082446756,False,0,True,0,,True,1.009181422805013,0.7957796005614737,0.8069457400221364,149406.6012410417,0.0254932670526522,0.1333479394127541,1.0140316985416369,2.1086250073813866,6.592386133005224e-06
5150.78,True,forward,final_local_der_m_bounds,0.1231400159962099,0.03,0.0399726827768636,0.997975159252958,False,0,True,0,,True,1.0092717127979791,0.796229447555233,0.8057261496670662,149368.33730399315,0.0256754192972609,0.1326656939561248,1.0119270922985732,2.1087918696216392,6.609069006042859e-06
5153.4800000000005,True,forward,final_local_der_m_bounds,0.12318447282938,0.03,0.0396786829173001,0.9980032725308776,False,0,True,0,,True,1.0094823883075876,0.7965564126953253,0.8056754638186604,149364.0013001748,0.0258111609185869,0.1323024339341719,1.0114480920346605,2.10809333624091,6.612709957646156e-06
5156.18,True,forward,final_local_der_m_bounds,0.1231921627925497,0.03,0.0393916803605653,0.9980305183287188,False,0,True,0,,True,1.0095900633687658,0.7970108240598742,0.8045993242745182,149298.74939514862,0.0259838616381827,0.1316969530960349,1.0095212009493033,2.1080930385228225,6.629380752046406e-06
5158.88,True,forward,final_local_der_m_bounds,0.1232116020685171,0.03,0.0391022625225225,0.9980578446269744,False,0,True,0,,True,1.0097408551627698,0.7974288388507652,0.8041118321484192,149262.82788979117,0.0261467607976756,0.1312062657677699,1.0083806767100187,2.107525568389668,6.639165843660093e-06
5161.28,True,forward,final_local_der_m_bounds,0.1232116206172144,0.03,0.0388492582160722,0.9980815777185532,False,0,True,0,,True,1.0098042387037354,0.7977942448821294,0.8032684971511552,149234.76095956695,0.0262993742764925,0.1306801994246506,1.0068617344686843,2.107452940908563,6.651320331673544e-06
5163.78,True,forward,final_local_der_m_bounds,0.1232211624625361,0.03,0.0385843178242959,0.9981063043259406,False,0,True,0,,True,1.0099983208989187,0.7982590301272151,0.8021668358653303,149200.86820880228,0.0264827353111776,0.1300252093683154,1.0048954106256618,2.107641135703626,6.666983416327564e-06
5166.4800000000005,True,forward,final_local_der_m_bounds,0.123249616442186,0.03,0.0382898762322442,0.9981336617491492,False,0,True,0,,True,1.010073291565599,0.7986244871181408,0.8015512148166488,149173.2087387342,0.0266393452284748,0.1295330437781301,1.003664710694095,2.1072898195023337,6.677100498168319e-06
5168.9800000000005,True,forward,final_local_der_m_bounds,0.123269122092015,0.03,0.0380259474615342,0.9981579950388622,False,0,True,0,,True,1.010146131047283,0.798935362318465,0.8009868551558234,149149.7651119049,0.0267796721337995,0.1290853876610525,1.0025677832451991,2.1070668919175874,6.686076476845688e-06
5171.58,True,forward,final_local_der_m_bounds,0.1232799592382249,0.03,0.03774435373909,0.9981838322182514,False,0,True,0,,True,1.0102584249049766,0.7993510689933722,0.8000543987955797,149111.2648045804,0.0269509026092292,0.1285066095685292,1.0008798759762632,2.1070449754638747,6.700021623096395e-06
5173.9800000000005,True,forward,final_local_der_m_bounds,0.123292299136549,0.03,0.0374934368024615,0.998206676614628,False,0,True,0,,True,1.0102870624909797,0.7994720865435874,0.8003358117836488,149160.87530233094,0.0270385209664943,0.1283206348311422,1.0010803694770578,2.106276277411919,6.696343155313676e-06
5176.58,True,forward,final_local_der_m_bounds,0.1233237634784293,0.03,0.0372394168261513,0.9982295857634984,False,0,True,0,,True,1.0104862705348256,0.8000573790084143,0.7987462780602799,149089.3617006728,0.0272602851591678,0.1275160660546974,0.9983612413527648,2.106715569387984,6.719288063280178e-06
5184.4800000000005,True,forward,final_local_der_m_bounds,0.123389357196705,0.03,0.0364502781588398,0.9983000587283968,False,0,True,0,,True,1.0107833111609674,0.8012243003026615,0.796210724909533,148980.39617293523,0.027760050049424,0.1258768160509753,0.9937426069188934,2.106539972350532,6.757901374869379e-06
5192.28,True,forward,final_local_der_m_bounds,0.1233971743979944,0.03,0.0356779530924518,0.9983677582014112,False,0,True,0,,True,1.0110406975155788,0.8023225462298945,0.7943763933104034,148903.86964201953,0.028225145634571,0.1244958368257916,0.9900960617935642,2.105590992565637,6.7881116682750365e-06
5199.28,True,forward,final_local_der_m_bounds,0.1235553782592649,0.03,0.0350177649229514,0.998424542360791,False,0,True,0,,True,1.0112234172946135,0.8032563273908245,0.7926108181625803,148829.6893449646,0.0286354695606299,0.123261379194581,0.9867470583607808,2.1050094113250983,6.816169806935144e-06
5201.88,True,forward,final_local_der_m_bounds,0.1241265745554878,0.03,0.0348144307395521,0.9984418179115292,False,0,True,0,,True,1.0113326914830598,0.8035989603335661,0.791978287814586,148797.11714926834,0.0287748756036484,0.1228448478023752,0.9855392140948558,2.104866508857976,6.826585937063838e-06
5204.68,True,forward,final_local_der_m_bounds,0.1241884560003673,0.03,0.0348144253666146,0.998441741076726,False,0,True,0,,True,1.0113326914830598,0.8035989603335661,0.791978287814586,148797.11714926834,0.0287748756036484,0.1228448478023752,0.9855392140948558,2.104866508857976,6.826585937063838e-06
5207.18,True,forward,final_local_der_m_bounds,0.12431080333217,0.03,0.0348194174176916,0.9984411427191072,False,0,True,0,,True,1.0112789112210334,0.8035999923168496,0.7917444626291025,148797.11573475882,0.0287879280455721,0.1227845829991412,0.9852469763550312,2.1050762608037905,6.828761785006929e-06
5209.88,True,forward,final_local_der_m_bounds,0.124515341242135,0.03,0.0348148380624992,0.9984413623164422,False,0,True,0,,True,1.0112014574274768,0.8035110048785417,0.7920881277914685,148821.49593000146,0.0287725651124213,0.1228806809963311,0.985783795097119,2.1047613086354846,6.823663090069003e-06
5212.38,True,forward,final_local_der_m_bounds,0.1245680121895084,0.03,0.0348087073898944,0.9984417522544348,False,0,True,0,,True,1.0111588605039843,0.8034979257698874,0.7923777989297652,148798.88855742075,0.0287557998566073,0.1230052578695433,0.9861603540177564,2.1043175628960604,6.821901251984549e-06
5214.78,True,forward,final_local_der_m_bounds,0.1249023940134956,0.03,0.0348006804041002,0.9984423249105926,False,0,True,0,,True,1.011178228932077,0.8035155665352226,0.7924557972348372,148798.88872899133,0.0287598261739703,0.1230217635859024,0.9862357746868856,2.104185128744916,6.821337578089643e-06
5217.4800000000005,True,forward,final_local_der_m_bounds,0.1251174575532292,0.03,0.0347951160591488,0.9984426433303216,False,0,True,0,,True,1.0111292695398717,0.8035076530369473,0.7923962355788985,148783.56801393745,0.0287616645921426,0.1230225305935166,0.98617136076296,2.104194883609377,6.822520236324932e-06
5220.08,True,forward,final_local_der_m_bounds,0.1253011298102426,0.03,0.0347913018130822,0.9984428154141488,False,0,True,0,,True,1.011096104578267,0.8035059200406284,0.792500413259742,148783.56816380797,0.0287635493198517,0.1230494888420039,0.986303141636679,2.1039874125295803,6.821540796745976e-06
5222.78,True,forward,final_local_der_m_bounds,0.1254835043043702,0.03,0.0347851541087298,0.9984431997604714,False,0,True,0,,True,1.0110001477884945,0.8034831857862037,0.792386343722459,148773.49433380555,0.0287654468818234,0.1230377961860953,0.9861890799209612,2.10402913781631,6.822854556154149e-06
5225.18,True,forward,final_local_der_m_bounds,0.1257178176361582,0.03,0.0347785476255553,0.998443640028146,False,0,True,0,,True,1.0109595696206102,0.8034804771902813,0.792317138729463,148773.49410128448,0.0287712938693457,0.1230202743772215,0.9861062729241964,2.1040507471877654,6.8234708345822105e-06
5227.9800000000005,True,forward,final_local_der_m_bounds,0.1259487332859572,0.03,0.0347680196726884,0.9984444034617916,False,0,True,0,,True,1.0108918874108483,0.8033999351998969,0.7926944326676633,148786.8654156087,0.0287520702538117,0.1231392371531028,0.986674753054878,2.103679415860179,6.818645585992118e-06
5230.58,True,forward,final_local_der_m_bounds,0.1261070810135947,0.03,0.0347576699820922,0.9984451634230472,False,0,True,0,,True,1.0109006233603886,0.8034262042442482,0.7927920252479919,148786.86565319143,0.0287575519050988,0.123160908424936,0.9867639629625232,2.1034663040534176,6.817978684517851e-06
5233.28,True,forward,final_local_der_m_bounds,0.1263154954176808,0.03,0.0347466526020903,0.9984459766940772,False,0,True,0,,True,1.010762416550287,0.8033830921352035,0.7924123734073447,148786.86465034416,0.0287704723685472,0.1230578705320879,0.9863443494949572,2.103863149615386,6.821103778791164e-06
5235.78,True,forward,final_local_der_m_bounds,0.1266704819430655,0.03,0.0347404403420947,0.9984463730206118,False,0,True,0,,True,1.010726968042818,0.8033893016470606,0.7925668607460016,148767.26529656356,0.0287643674460616,0.1231277525598874,0.9865290203903992,2.1035521319432577,6.820628616006381e-06
5238.28,True,forward,final_local_der_m_bounds,0.1268996919080358,0.03,0.0347336796899015,0.9984468183262604,False,0,True,0,,True,1.010726968042818,0.8033893016470606,0.7925668607460016,148767.26529656356,0.0287643674460616,0.1231277525598874,0.9865290203903992,2.1035521319432577,6.820628616006381e-06
5240.78,True,forward,final_local_der_m_bounds,0.1272994698521999,0.03,0.0347282750793227,0.9984471423781144,False,0,True,0,,True,1.0107585926574258,0.8033788336919758,0.7929163395672247,148767.2658020749,0.0287595670746262,0.1232223145316707,0.9869768860144472,2.1031709442046687,6.817303193161658e-06
5243.28,True,forward,final_local_der_m_bounds,0.1275311142343426,0.03,0.034728218708806,0.9984469892077552,False,0,True,0,,True,1.0107585926574258,0.8033788336919758,0.7929163395672247,148767.2658020749,0.0287595670746262,0.1232223145316707,0.9869768860144472,2.1031709442046687,6.817303193161658e-06
5246.08,True,forward,final_local_der_m_bounds,0.1275486112740909,0.03,0.0347242901863268,0.9984471643770316,False,0,True,0,,True,1.01064434683117,0.8033156872318836,0.793168494489823,148767.26597251763,0.0287499472499319,0.1233107500104861,0.9873683622723384,2.1028136761094696,6.814407238422101e-06
5248.58,True,forward,final_local_der_m_bounds,0.1278841622567565,0.03,0.0347275694158307,0.9984467177888656,False,0,True,0,,True,1.0105777049606937,0.8034068089707826,0.79267962922842,148702.06599789098,0.0287691300251648,0.1232228846794018,0.9866478854515748,2.1030210908832463,6.822732609713575e-06
5251.08,True,forward,final_local_der_m_bounds,0.1280620104440512,0.03,0.0347310098447177,0.9984462567724836,False,0,True,0,,True,1.0105777049606937,0.8034068089707826,0.79267962922842,148702.06599789098,0.0287691300251648,0.1232228846794018,0.9866478854515748,2.1030210908832463,6.822732609713575e-06
5253.58,True,forward,final_local_der_m_bounds,0.1281051397689969,0.03,0.0347304500280928,0.9984461549029824,False,0,True,0,,True,1.0104827075746927,0.8033666114904053,0.7928983109947529,148696.1132400634,0.0287620864672136,0.1233017493174914,0.9869694603361328,2.102666450930484,6.82062244317493e-06
5261.18,True,forward,final_local_der_m_bounds,0.1284789509823009,0.03,0.0347443932872384,0.9984444392647313,False,0,True,0,,True,1.0103122038407897,0.8033154037678913,0.7930308359214677,148691.5675117176,0.0287620847944185,0.1233580898413755,0.9871973476442945,2.102314494696675,6.819146281099344e-06
5269.18,True,forward,final_local_der_m_bounds,0.1285540388924833,0.03,0.0347608157186213,0.9984424763624876,False,0,True,0,,True,1.0102912903681516,0.8034086446219565,0.792995391457059,148621.49392806302,0.028773443524462,0.1234011708096829,0.9870386592992194,2.10198030903495,6.82352597310168e-06
5275.9800000000005,True,forward,final_local_der_m_bounds,0.1289616387720771,0.03,0.0348781177976783,0.9984316793281092,False,0,True,0,,True,1.0102440969143662,0.8032683199963476,0.7927255857561865,148678.50431255164,0.0288131914240351,0.1231300172425663,0.9868752022484728,2.1027678175906703,6.8221463666641815e-06
5278.38,True,forward,final_local_der_m_bounds,0.1289616387720771,0.03,0.0348874664980283,0.9984306048937528,False,0,True,0,,True,1.0102074563914458,0.8032475960716043,0.7925053364871151,148698.3457747937,0.0288472364500778,0.1229621549230171,0.9866264653177604,2.103072792829713,6.823088463344669e-06
5281.08,True,forward,final_local_der_m_bounds,0.1289616387720771,0.03,0.0351190910698173,0.9984103893775136,False,0,True,0,,True,1.0101144992415998,0.8030257276517684,0.7927637672246104,148656.82009124942,0.028747848063643,0.1232324499283363,0.9872208821289372,2.103329486019883,6.820610452027496e-06
5283.4800000000005,True,forward,final_local_der_m_bounds,0.1289616387720771,0.03,0.0353234621772109,0.9983925002454052,False,0,True,0,,True,1.0100964078668009,0.802790515383807,0.7930558616809747,148690.09019369277,0.0286665374610804,0.1234275853435821,0.9878739801775334,2.103744583883812,6.814269975448669e-06
5285.9800000000005,True,forward,final_local_der_m_bounds,0.1289616387720771,0.03,0.0355406068336858,0.9983733923302556,False,0,True,0,,True,1.0098624959864773,0.8024046041682851,0.7935081700633319,148724.58217576917,0.0285454464537263,0.1237497511898866,0.9889127828295868,2.10403881691915,6.805041313867546e-06
5288.78,True,forward,final_local_der_m_bounds,0.1289616387720771,0.03,0.0357856651847954,0.9983517004016984,False,0,True,0,,True,1.009830935573221,0.802202990885574,0.793459233079609,148699.3887600025,0.02845701109723,0.1239268291177393,0.9891003176187207,2.1047768685352333,6.80483149962463e-06
5291.58,True,forward,final_local_der_m_bounds,0.1289616387720771,0.03,0.0360321357271433,0.9983297481956253,False,0,True,0,,True,1.0096415756634296,0.8017889020068139,0.7941103884223107,148742.16729427475,0.0283239935031734,0.1243040029492019,0.990423272802499,2.104993570373048,6.793135629082539e-06
5294.18,True,forward,final_local_der_m_bounds,0.1289616387720771,0.03,0.036259826775906,0.99830937177789,False,0,True,0,,True,1.009488833475571,0.8014481917418814,0.7944933700373346,148764.18396899066,0.0282111955353615,0.1245959509287797,0.9913221818001346,2.105390997603136,6.7855280857910845e-06
5296.9800000000005,True,forward,final_local_der_m_bounds,0.1289616387720771,0.03,0.036501625213911,0.9982876113815627,False,0,True,0,,True,1.0094128882819238,0.8010989423016223,0.7950308136180001,148781.13685022824,0.0280855352877525,0.1249489475985057,0.992425244419637,2.1057678320572526,6.776654730770246e-06
5299.4800000000005,True,forward,final_local_der_m_bounds,0.1289616387720771,0.03,0.0367192199997978,0.9982679126144842,False,0,True,0,,True,1.0092815958749048,0.8008085788901389,0.795219227594573,148799.06940382253,0.0279905545654159,0.1251669451054919,0.9930203653620788,2.1062964052250743,6.7714808900853456e-06
5302.28,True,forward,final_local_der_m_bounds,0.1289616387720771,0.03,0.0369625305508143,0.9982457606261286,False,0,True,0,,True,1.0091794721080178,0.8003593621346492,0.7960935329317415,148867.91094302014,0.0278497683664021,0.1255912500739353,0.9946701076982092,2.1065235978949755,6.756260178683176e-06
5304.78,True,forward,final_local_der_m_bounds,0.1289616387720771,0.03,0.0371815384519532,0.9982257075322656,False,0,True,0,,True,1.008985946504507,0.8001328824001284,0.7958947917432024,148828.98465109392,0.0277651348670814,0.1257473439920698,0.994703266482171,2.1072226228037163,6.7577984001732776e-06
5307.28,True,forward,final_local_der_m_bounds,0.1289616387720771,0.03,0.0374026047201032,0.9982053549409472,False,0,True,0,,True,1.0090014493820776,0.7998793774515084,0.7961174335114987,148844.31250637182,0.027673193610863,0.1259640970216062,0.9952968609442144,2.107877593574448,6.752761565453774e-06
5309.78,True,forward,final_local_der_m_bounds,0.1289616387720771,0.03,0.0376242167068574,0.9981848456495336,False,0,True,0,,True,1.0088684839150868,0.7996026831546738,0.7964500706700987,148842.63013376208,0.0275750612780216,0.1262296192847577,0.9960572762560812,2.1081567695139207,6.747277220505784e-06
5312.28,True,forward,final_local_der_m_bounds,0.1289616387720771,0.03,0.0378450700767885,0.9981643054954072,False,0,True,0,,True,1.008715173416866,0.7991662406998664,0.7971119824989121,148896.48707346708,0.0274398936783522,0.1266219850475385,0.9974294982741572,2.108528244516512,6.734813223026309e-06
5314.88,True,forward,final_local_der_m_bounds,0.1289616387720771,0.03,0.0380764900397108,0.9981426651365578,False,0,True,0,,True,1.008557383224423,0.7987765508377662,0.797661256695255,148921.150363536,0.0273132496928678,0.1269818651922323,0.9986037470161818,2.108875531891905,6.725133499881615e-06
5317.28,True,forward,final_local_der_m_bounds,0.1289616387720771,0.03,0.0382907714075154,0.9981225237803826,False,0,True,0,,True,1.0085086023761063,0.7985310083154121,0.7978931981366911,148937.38503038575,0.0272253824760141,0.1272020551019045,0.9992012706180734,2.109357536017997,6.7200471632433815e-06
5319.78,True,forward,final_local_der_m_bounds,0.1287742052595681,0.03,0.0385171314811773,0.9981011299005862,False,0,True,0,,True,1.0083669315585464,0.7981706824464948,0.7984448333987464,148968.96142971228,0.027108031355097,0.1275446964543126,1.0003434740943018,2.109630160070441,6.710308653767471e-06
5322.58,True,forward,final_local_der_m_bounds,0.1285540388924833,0.03,0.0387739815781095,0.9980767095155294,False,0,True,0,,True,1.0083200802537036,0.7978981318567461,0.7988142419527374,148942.86168213608,0.0269917454137459,0.1278820774044793,1.0011481542059255,2.1100290964242605,6.705631913709109e-06
5325.18,True,forward,final_local_der_m_bounds,0.1284836333116848,0.03,0.0390094302873118,0.9980542098101526,False,0,True,0,,True,1.0081422139001577,0.7975772150626627,0.7988464352979598,148963.06375479308,0.0268994495050027,0.1280612528324038,1.001591344651436,2.110793224313121,6.701498197485729e-06
5327.78,True,forward,final_local_der_m_bounds,0.1284789509823009,0.03,0.0392462557850437,0.9980314553132408,False,0,True,0,,True,1.008020027306881,0.7972335662372076,0.7992277069366677,148994.06615170778,0.0267905829840622,0.1283514369784945,1.002501325563689,2.1112813574046645,6.693492899033709e-06
5330.28,True,forward,final_local_der_m_bounds,0.1284577203908237,0.03,0.0394751137160893,0.9980093497313196,False,0,True,0,,True,1.007866913571552,0.7968063893815185,0.7998755544135194,149050.73578779204,0.0266605006267089,0.1287313725690971,1.0038518328578956,2.111650076556681,6.681153565270439e-06
5337.78,True,forward,final_local_der_m_bounds,0.1281051397689969,0.03,0.0401689070837477,0.9979416344876264,False,0,True,0,,True,1.0074512583394912,0.7958094354558065,0.8008232940603753,149087.22469147484,0.0263330081781022,0.1296087131944959,1.0063003256573568,2.1131642250131235,6.661783219612194e-06
5345.78,True,forward,final_local_der_m_bounds,0.1280620104440512,0.03,0.0408897334404579,0.9978702327045634,False,0,True,0,,True,1.0070110987273488,0.79468358778052,0.8023627257911207,149169.5893579684,0.0259576373994445,0.1307337449276923,1.0096631390514152,2.1143095084048977,6.633840070443109e-06
5352.58,True,forward,final_local_der_m_bounds,0.1280620104440512,0.03,0.0414386011784318,0.9978152693688268,False,0,True,0,,True,1.00658661790615,0.7938484681497496,0.8036677617792789,149171.8541357118,0.0256285915349342,0.1318514716696461,1.0123692291709216,2.1147423924087287,6.614280957237061e-06
5354.9800000000005,True,forward,final_local_der_m_bounds,0.1280620104440512,0.03,0.0416144604374349,0.9977975091026544,False,0,True,0,,True,1.0064605276119971,0.7935993223730086,0.8038888820205989,149171.06070174708,0.0255332247048453,0.1321460959872401,1.0129656860301024,2.115101344917552,6.610024613835477e-06
5357.78,True,forward,final_local_der_m_bounds,0.1280620104440512,0.03,0.0416076356285781,0.9977980682323948,False,0,True,0,,True,1.0064800623633086,0.7935818816017333,0.8041725382520817,149171.06075543162,0.0255249511282664,0.1322292653079009,1.0133453861483992,2.114824429343729,6.6073159627062174e-06
5360.28,True,forward,final_local_der_m_bounds,0.1280620104440512,0.03,0.0416084625252385,0.9977977769752274,False,0,True,0,,True,1.0064120824732885,0.7934911550982243,0.8046252121211356,149171.06208382046,0.0254963061903523,0.1324016874040166,1.014031734256109,2.114407595580691,6.602414859395161e-06
5362.9800000000005,True,forward,final_local_der_m_bounds,0.1280620104440512,0.03,0.0416093426887731,0.9977974631345096,False,0,True,0,,True,1.0063112113972938,0.793520142614414,0.8043435415381475,149130.9450465885,0.0255012660224992,0.1323765214872349,1.0136397280201024,2.114467751139999,6.606986548587474e-06
5365.58,True,forward,final_local_der_m_bounds,0.1280620104440512,0.03,0.041608176026651,0.9977973870597844,False,0,True,0,,True,1.006286702704052,0.7934400299339842,0.8044014090218015,149157.42251674386,0.0254948978833415,0.1323875195033159,1.0138150063952902,2.114634917893404,6.6045526718543685e-06
5368.38,True,forward,final_local_der_m_bounds,0.1280620104440512,0.03,0.0415991465442214,0.9977981509074264,False,0,True,0,,True,1.0062927042637484,0.7935029882595442,0.8042736629291436,149121.0459438023,0.0255045780477703,0.1323710227381536,1.013573577956176,2.1145865393773287,6.607893562668459e-06
5370.9800000000005,True,forward,final_local_der_m_bounds,0.1280620104440512,0.03,0.0415909193828916,0.9977988425825528,False,0,True,0,,True,1.006275891954723,0.7934662914702924,0.8045031925586473,149121.04626394477,0.025496627070046,0.1324385584403608,1.013909729004245,2.114377850653898,6.6054936656803935e-06
5373.58,True,forward,final_local_der_m_bounds,0.1280620104440512,0.03,0.0415865469562255,0.997799135718619,False,0,True,0,,True,1.006222146819724,0.793448752045948,0.8044272729412808,149074.7703278705,0.025478720140799,0.1325127428523847,1.013836458708926,2.114432121982289,6.608063093669609e-06
5375.9800000000005,True,forward,final_local_der_m_bounds,0.1280620104440512,0.03,0.0415824220452939,0.997799428136226,False,0,True,0,,True,1.006222146819724,0.793448752045948,0.8044272729412808,149074.7703278705,0.025478720140799,0.1325127428523847,1.013836458708926,2.114432121982289,6.608063093669609e-06
5378.4800000000005,True,forward,final_local_der_m_bounds,0.1280620104440512,0.03,0.0415827638213779,0.9977992638065568,False,0,True,0,,True,1.006178823898411,0.7934509387441967,0.804675424047731,149074.7710184454,0.0254770196432453,0.1325873382264423,1.0141464137925142,2.113998825737204,6.605856416796094e-06
5381.18,True,forward,final_local_der_m_bounds,0.1280620104440512,0.03,0.04158734511116,0.9977986453280576,False,0,True,0,,True,1.0059725326695332,0.7933532072383934,0.8044583924719185,149103.27959495524,0.0254749045003548,0.1325450753345621,1.0139977819868926,2.114219401885033,6.605635062136412e-06
5383.68,True,forward,final_local_der_m_bounds,0.1280620104440512,0.03,0.0415942919190845,0.997797787342821,False,0,True,0,,True,1.006027914818042,0.7933587865883044,0.8048459223547535,149103.27931791655,0.0254665858280812,0.1326501649955648,1.0144791183517958,2.113793478426051,6.602210577978375e-06
5386.28,True,forward,final_local_der_m_bounds,0.1280620104440512,0.03,0.0416039317044685,0.9977966388863608,False,0,True,0,,True,1.0059666892752963,0.7933682651489548,0.8047193321503858,149064.35871837236,0.0254593264250569,0.1326835824896148,1.0143074376680543,2.1138000859115715,6.605157713846161e-06
5388.78,True,forward,final_local_der_m_bounds,0.1280620104440512,0.03,0.0416113120785668,0.9977957343069012,False,0,True,0,,True,1.0059666892752963,0.7933682651489548,0.8047193321503858,149064.35871837236,0.0254593264250569,0.1326835824896148,1.0143074376680543,2.1138000859115715,6.605157713846161e-06
5391.18,True,forward,final_local_der_m_bounds,0.1280620104440512,0.03,0.0416187957704449,0.9977948236372234,False,0,True,0,,True,1.0058553850978753,0.7933414840021529,0.8045780408385274,149064.35841529592,0.025461177812459,0.1326703259780894,1.0141635815887122,2.1138555133092143,6.606177227708258e-06
5393.78,True,forward,final_local_der_m_bounds,0.1280620104440512,0.03,0.0416263366883053,0.9977938969046494,False,0,True,0,,True,1.0059252017835276,0.7933845118756641,0.8049598409048527,149071.41126032782,0.0254619179393713,0.1327544877418146,1.0145898096773065,2.113329187404376,6.6028390150428805e-06
5396.28,True,forward,final_local_der_m_bounds,0.1280620104440512,0.03,0.0416288078357139,0.9977935108865976,False,0,True,0,,True,1.0058567421526023,0.7933414978066567,0.8050479363764782,149071.41163868684,0.0254535018099666,0.1328010890099296,1.0147558631461813,2.1132261237429826,6.601650601617335e-06
5399.18,True,forward,final_local_der_m_bounds,0.1280620104440512,0.03,0.0416336009940066,0.9977928580982912,False,0,True,0,,True,1.0058184385175477,0.7933622537343297,0.8049080851745058,149071.41173617638,0.0254593940017849,0.1327801259074535,1.0145530385215964,2.113256890483912,6.603096694399203e-06
5401.68,True,forward,final_local_der_m_bounds,0.1280620104440512,0.03,0.0416378140000943,0.9977922866602428,False,0,True,0,,True,1.005850497098365,0.7933815708743609,0.8048873826020532,149071.41168488265,0.0254637245018596,0.1327744177689317,1.014502242237631,2.1132805861386474,6.603461374190186e-06
5404.28,True,forward,final_local_der_m_bounds,0.1280620104440512,0.03,0.0416447170460783,0.9977914228950278,False,0,True,0,,True,1.0058058646312211,0.7933414932380156,0.8051259090094705,149071.41196640703,0.0254530624259656,0.1328545284812328,1.0148541528104835,2.113014420181771,6.600951756756791e-06
5406.9800000000005,True,forward,final_local_der_m_bounds,0.1280620104440512,0.03,0.0416483325279121,0.9977909043815204,False,0,True,0,,True,1.005733000232903,0.7933199407278027,0.8050072183019296,149071.4118331725,0.0254523008665569,0.1328468213530142,1.0147321111875809,2.113100695238125,6.601815717952791e-06
5414.9800000000005,True,forward,final_local_der_m_bounds,0.1280620104440512,0.03,0.0416461337411208,0.9977907455470124,False,0,True,0,,True,1.0055626477967126,0.7933441314512558,0.8047076469109232,149051.5610556909,0.0254674734975029,0.1327937107021086,1.0143235640236985,2.113056124663371,6.6056059472523485e-06
5422.58,True,forward,final_local_der_m_bounds,0.1280620104440512,0.03,0.0416738995584099,0.9977874919570614,False,0,True,0,,True,1.0055640270792456,0.7933292623779125,0.8046828459623011,149051.56085140057,0.0254720299800234,0.132775949361303,1.014311313250135,2.113147420344482,6.605690628631264e-06
5429.18,True,forward,final_local_der_m_bounds,0.1280620104440512,0.03,0.0416752860740027,0.9977870253396056,False,0,True,0,,True,1.005519652949932,0.793314483964203,0.8046783583514692,149051.5607549779,0.0254755740593623,0.1327788907887951,1.0143245517597017,2.113114902338984,6.605593884218179e-06
5431.58,True,forward,final_local_der_m_bounds,0.1280620104440512,0.03,0.0416955585051277,0.997784860099675,False,0,True,0,,True,1.0055137431577248,0.7932953122309216,0.8050611822676738,149046.9622686969,0.0254563716492178,0.13292084329152,1.014831639435337,2.1126586333871766,6.602186528098707e-06
5434.28,True,forward,final_local_der_m_bounds,0.1280620104440512,0.03,0.0415364488049122,0.9978007684037132,False,0,True,0,,True,1.0055598961147416,0.7935412641708648,0.8047836792633164,148990.20874240235,0.0255328170761256,0.1327180595174626,1.0141673982186652,2.112218638183106,6.609471455639884e-06
5436.68,True,forward,final_local_der_m_bounds,0.1280620104440512,0.03,0.0413960350683896,0.9978147588681096,False,0,True,0,,True,1.0055888833388085,0.7935586818029219,0.805244841045665,149047.36390211945,0.0255698819414387,0.132682024024495,1.014726269790399,2.1115951330318574,6.6029641655312096e-06
5439.4800000000005,True,forward,final_local_der_m_bounds,0.1280620104440512,0.03,0.0412323219930546,0.9978310413080724,False,0,True,0,,True,1.005631635075947,0.793908873143333,0.8041997901402869,148991.45149910473,0.0256959964786067,0.1321994716191245,1.0129623403202548,2.111795707918944,6.6180646307416375e-06
5442.08,True,forward,final_local_der_m_bounds,0.1280620104440512,0.03,0.0410833451500548,0.9978457826618158,False,0,True,0,,True,1.0057550636318044,0.7941449696691205,0.8041048404040977,148959.69740174455,0.0257685895190293,0.1320305562862894,1.0125416279336592,2.111310082707208,6.6225140564188255e-06
5444.78,True,forward,final_local_der_m_bounds,0.1280620104440512,0.03,0.0409294151684333,0.9978609654780758,False,0,True,0,,True,1.005769380093434,0.7942336881584803,0.8039106853046596,149019.6928813996,0.0258515299794274,0.1317374671302845,1.012184067851134,2.111273932751463,6.622413285182874e-06
5447.38,True,forward,final_local_der_m_bounds,0.1280620104440512,0.03,0.0407836928452047,0.9978752636843412,False,0,True,0,,True,1.0056715771780758,0.7944587639175981,0.8031890727749788,148945.88672470214,0.0259321456292574,0.1314532077901596,1.0109890018889467,2.111210583060115,6.63427251901958e-06
5450.08,True,forward,final_local_der_m_bounds,0.1280620104440512,0.03,0.0406270534394529,0.9978906066330951,False,0,True,0,,True,1.0058402734920733,0.7947365329664758,0.8027785301777911,148916.03127980928,0.0260270904421247,0.1311599397255646,1.0101190732748844,2.111093579586758,6.641870901286574e-06
5452.58,True,forward,final_local_der_m_bounds,0.1280620104440512,0.03,0.0404824671896136,0.9979047040580896,False,0,True,0,,True,1.0058292963501412,0.7948229627939787,0.8027975728689036,148922.1204719431,0.0260818455886436,0.1310254788124208,1.010033190343284,2.1107257688349343,6.642225498764662e-06
5454.9800000000005,True,forward,final_local_der_m_bounds,0.1280620104440512,0.03,0.0403401224912945,0.9979185500391466,False,0,True,0,,True,1.0058804489210051,0.7950816887725497,0.8021145993802732,148872.3168261036,0.026174958120974,0.1306968314896492,1.008845519532189,2.110802042733989,6.653004023653049e-06
5457.58,True,forward,final_local_der_m_bounds,0.1280620104440512,0.03,0.0401841515793852,0.9979336844147332,False,0,True,0,,True,1.005886422186314,0.7952076003558063,0.8020073102329993,148860.24281384712,0.0262392988383338,0.1305229407467008,1.0085508612771692,2.1104953403090985,6.655675086915075e-06
5459.9800000000005,True,forward,final_local_der_m_bounds,0.1280620104440512,0.03,0.0400392946157666,0.9979477029179284,False,0,True,0,,True,1.0058751818330465,0.7953299364469074,0.8017049886013999,148855.98580772456,0.0263090707974936,0.1302922262699314,1.0080156069353716,2.1104300157879035,6.659728213066463e-06
5462.68,True,forward,final_local_der_m_bounds,0.1280620104440512,0.03,0.0398751987927733,0.9979635409992288,False,0,True,0,,True,1.0058921725370222,0.7954168827373371,0.8018339911989313,148844.49742051715,0.0263545165153963,0.1302182681184906,1.0080676040462084,2.109970337493112,6.659876377062535e-06
5465.18,True,forward,final_local_der_m_bounds,0.1280620104440512,0.03,0.0397261526237272,0.9979778647119728,False,0,True,0,,True,1.0057995521001082,0.7955422851427099,0.801239916815082,148854.61243831232,0.0264413067278554,0.1298825070058852,1.007161946987331,2.1101188573625365,6.665957461986525e-06
5467.9800000000005,True,forward,final_local_der_m_bounds,0.1280620104440512,0.03,0.0395596591933192,0.9979938116952154,False,0,True,0,,True,1.005876738353326,0.795762030264518,0.8009357189714554,148807.45115659258,0.0265201808767194,0.1296629328432084,1.0065015526126797,2.1098836752429304,6.672851885025286e-06
5470.4800000000005,True,forward,final_local_der_m_bounds,0.1280620104440512,0.03,0.039413129295969,0.9980077899007692,False,0,True,0,,True,1.0058166548968752,0.7958354996849272,0.8007442442040701,148795.57866448633,0.0265730919367617,0.1295047717240778,1.0061680391501588,2.1097468814382374,6.675797813961529e-06
5473.38,True,forward,final_local_der_m_bounds,0.1280620104440512,0.03,0.0392465677302503,0.998023609562366,False,0,True,0,,True,1.0059071134503583,0.7961148636790815,0.8001975968157721,148763.6364947785,0.0266844467569823,0.1291430914471636,1.0051283217070248,2.109650386893588,6.6847669059772326e-06
5475.9800000000005,True,forward,final_local_der_m_bounds,0.1280620104440512,0.03,0.0390997526309331,0.9980374943245484,False,0,True,0,,True,1.0059326451267492,0.7962202039257821,0.7999797810488617,148769.92450653075,0.026749581617333,0.1289396801956,1.0047217806136328,2.1096122829396298,6.687433085247321e-06
5478.58,True,forward,final_local_der_m_bounds,0.1280620104440512,0.03,0.038954111310888,0.9980512204776726,False,0,True,0,,True,1.0058416483977548,0.7963633606964164,0.7993803963819079,148735.2383273596,0.026827524701347,0.1286539740597984,1.0037885164416067,2.1097102673896435,6.695764417823424e-06
5481.08,True,forward,final_local_der_m_bounds,0.1280620104440512,0.03,0.0388122718181356,0.9980645616386484,False,0,True,0,,True,1.0059769043529387,0.7965739852166904,0.7991325436980815,148691.27302430448,0.0268967888799501,0.1284675531634049,1.00321195335132,2.109556599379068,6.701938709340758e-06
5483.58,True,forward,final_local_der_m_bounds,0.1280620104440512,0.03,0.0386782031473619,0.9980770885336728,False,0,True,0,,True,1.005875257386251,0.79667354287272,0.7987395162383116,148694.33748061283,0.0269711401399014,0.1282106980806509,1.0025932496241083,2.109513041249232,6.706299940958989e-06
5491.4800000000005,True,forward,final_local_der_m_bounds,0.1277845558631126,0.03,0.0382611068253003,0.9981158035057354,False,0,True,0,,True,1.0059358771788502,0.7971072273630984,0.7983512851025555,148642.14020826272,0.0271700735868834,0.1277021639259697,1.0015607156687971,2.10857548227378,6.7161810366587295e-06
5499.38,True,forward,final_local_der_m_bounds,0.1273645124051156,0.03,0.0377666579161679,0.9981615679695472,False,0,True,0,,True,1.0059465120343123,0.7975114566940116,0.7983680976614481,148603.92287169758,0.0273323712639789,0.127442373699465,1.0010741425220242,2.1070899443724325,6.72146026327553e-06
5506.28,True,forward,final_local_der_m_bounds,0.1267422339105853,0.03,0.037417303927689,0.9981933170077918,False,0,True,0,,True,1.0058827644263897,0.7979540724510844,0.7972590417440828,148511.22689268627,0.0275335281846076,0.12681554274907,0.9991289840718944,2.106847617505859,6.739865013937415e-06
5508.78,True,forward,final_local_der_m_bounds,0.1266577693766555,0.03,0.0372933821925492,0.9982045111051586,False,0,True,0,,True,1.00589339875602,0.798093371597615,0.7969297885994027,148507.09182907268,0.0276071345075597,0.1265830896176087,0.9985420465328724,2.1068096326861494,6.74434753343605e-06
5511.28,True,forward,final_local_der_m_bounds,0.1262186623930634,0.03,0.0370586627198189,0.9982257772943656,False,0,True,0,,True,1.00588076890454,0.7982741947957238,0.79700579581632,148499.87044722267,0.0277023280190345,0.1263845433807924,0.9984110735538329,2.106016071485571,6.745631500110773e-06
5513.9800000000005,True,forward,final_local_der_m_bounds,0.1256807747613961,0.03,0.0368079017729741,0.9982483640650864,False,0,True,0,,True,1.0059974259493778,0.7987124657773182,0.7958577482490292,148444.3791726268,0.0278867903720954,0.1257557920567482,0.9964258507903584,2.106228032725796,6.76271062315223e-06
5516.38,True,forward,final_local_der_m_bounds,0.1254432100067952,0.03,0.0365850230713724,0.9982683230233556,False,0,True,0,,True,1.0060958153954418,0.799047305235558,0.7951744654643942,148413.38098958685,0.0280315002071727,0.1253047315960455,0.9951531783590434,2.106146465787481,6.77347499829915e-06
5519.08,True,forward,final_local_der_m_bounds,0.1249804608950201,0.03,0.0363345435668036,0.998290646641409,False,0,True,0,,True,1.0062074116930757,0.7994073380390483,0.7944971578915966,148371.967206479,0.0281854138656594,0.1248392332570819,0.9938577244493448,2.1059943171260427,6.784901099144755e-06
5521.58,True,forward,final_local_der_m_bounds,0.1244077849165426,0.03,0.0361110107777552,0.9983103863946112,False,0,True,0,,True,1.0061156799310016,0.7996286945123233,0.794092248988616,148358.8339811132,0.0283101880083711,0.1244844310439526,0.9930762295529127,2.105550462761482,6.791261275979461e-06
5524.38,True,forward,final_local_der_m_bounds,0.1239479381740114,0.03,0.0358714314942469,0.9983313440843244,False,0,True,0,,True,1.006277145541852,0.8000701445858535,0.7931031088906438,148301.39940486432,0.0284932748606113,0.1239025037401171,0.9912919689075312,2.1056395058219435,6.807072754036766e-06
5526.9800000000005,True,forward,final_local_der_m_bounds,0.1235636171059277,0.03,0.035657518399228,0.9983499301150144,False,0,True,0,,True,1.0063729723133037,0.8003375418081691,0.7929434938002811,148297.22358445812,0.0286213021673586,0.1235848094388098,0.9907613380334716,2.105083508832496,6.811175070190439e-06
5529.38,True,forward,final_local_der_m_bounds,0.1231776496367314,0.03,0.0354621213462945,0.99836682306958,False,0,True,0,,True,1.0063566699371975,0.8006541611604048,0.7922143979133687,148258.53690107685,0.0287656714081498,0.1231432413234363,0.9894589154013712,2.104901817015691,6.822601042389466e-06
5531.9800000000005,True,forward,final_local_der_m_bounds,0.1227068810823143,0.03,0.0352538080331703,0.998384736129034,False,0,True,0,,True,1.00643399672689,0.8009703835395079,0.7915827465053569,148236.52179397285,0.0289178137710897,0.122684873248438,0.988279670226174,2.104784634838227,6.832361566675516e-06
5534.4800000000005,True,forward,final_local_der_m_bounds,0.1223374205795742,0.03,0.0350544029391453,0.9984017999819764,False,0,True,0,,True,1.0064883787822203,0.8012061162896034,0.7913599106459756,148243.25905666765,0.0290441123020186,0.1223540976879867,0.9877107707449542,2.104347445655051,6.836262751886373e-06
5537.08,True,forward,final_local_der_m_bounds,0.1218984992072984,0.03,0.034846886447068,0.9984194784261752,False,0,True,0,,True,1.0065071438789448,0.8015631760232911,0.7904917582478083,148192.5905519606,0.02920559215164,0.121853269315296,0.9861877165685052,2.1042905373214915,6.849934627102572e-06
5539.68,True,forward,final_local_der_m_bounds,0.1215044062548212,0.03,0.0346411470174608,0.9984369152131592,False,0,True,0,,True,1.0065817948004046,0.8019109067837883,0.7899575095281086,148146.01877622388,0.029351137856961,0.1214589408951115,0.9850938587384712,2.1039227197715227,6.860228475542344e-06
5542.18,True,forward,final_local_der_m_bounds,0.1210433033694147,0.03,0.0344475197379216,0.9984532288636706,False,0,True,0,,True,1.0066925333336063,0.8022418603645003,0.7894232136640831,148110.6494403044,0.0294950078122979,0.1210576943788556,0.9840214686695692,2.1036931428535555,6.869860447452077e-06
5544.58,True,forward,final_local_der_m_bounds,0.1206232442344659,0.03,0.0342640745458205,0.9984686057638256,False,0,True,0,,True,1.0067287927056774,0.8025292800589132,0.7887970317153441,148093.82124058052,0.0296386845868611,0.1206273834680377,0.9828887883784614,2.1035962113443,6.879108435649769e-06
5546.9800000000005,True,forward,final_local_der_m_bounds,0.1202915334287322,0.03,0.034084324538467,0.998483590657848,False,0,True,0,,True,1.00678180404579,0.802851208554813,0.7881712729973314,148048.49437095725,0.0297796029916232,0.1202245508134757,0.9817152476062078,2.10340999359386,6.889997507129325e-06
5549.4800000000005,True,forward,final_local_der_m_bounds,0.1198330345681656,0.03,0.0339018942522005,0.9984987101513848,False,0,True,0,,True,1.0067861399250966,0.8030991224299874,0.7877194503144241,148033.54998363313,0.0299117870059371,0.1198553382104415,0.9808495966612092,2.103149609928906,6.897177893927938e-06
5552.18,True,forward,final_local_der_m_bounds,0.1194522181015539,0.03,0.0336941705939041,0.9985159154229216,False,0,True,0,,True,1.0068466610603743,0.8034292505975259,0.7871181313003742,147998.46029034597,0.0300619424949098,0.1194380081815093,0.9796981261448712,2.102918426006785,6.907451292617613e-06
5554.68,True,forward,final_local_der_m_bounds,0.1190179827904481,0.03,0.0335091498207894,0.9985311338635964,False,0,True,0,,True,1.0068948747767814,0.8036973983421802,0.786733440877254,147993.74237997568,0.0302010366724515,0.1190633813449152,0.978892606222294,2.1025845189472854,6.913711748352606e-06
5557.28,True,forward,final_local_der_m_bounds,0.1186879776171177,0.03,0.0333173777051792,0.9985468369246931,False,0,True,0,,True,1.007001131033101,0.8040768074820048,0.7861473424459668,147931.51363601128,0.0303546321579213,0.118654464297764,0.9777018005379552,2.102251778125972,6.925566949434004e-06
5559.88,True,forward,final_local_der_m_bounds,0.1182188949584972,0.03,0.0331207438299232,0.9985628944402768,False,0,True,0,,True,1.0070822435335611,0.804295931275773,0.7858236869275352,147946.6725821471,0.0304845777359435,0.1183001246904034,0.9770330252461464,2.1020808658890293,6.929884804227757e-06
5567.78,True,forward,final_local_der_m_bounds,0.1170381954786557,0.03,0.0325551999977989,0.9986084953719708,False,0,True,0,,True,1.007247464082224,0.805308540872038,0.7839954084752917,147815.79724310804,0.0309471299041727,0.1170327025515493,0.973534202960685,2.1013313702628285,6.962447107691258e-06
5575.58,True,forward,final_local_der_m_bounds,0.1154982343419845,0.03,0.0321441669603205,0.9986406395939876,False,0,True,0,,True,1.007540072479023,0.8061801836872193,0.7817282228060404,147758.86110321316,0.0314510139659394,0.1154268317225121,0.96966936005628,2.1019977352073766,6.9945523331406216e-06
5582.78,True,forward,final_local_der_m_bounds,0.1141669241386021,0.03,0.0317382755375441,0.9986722086504684,False,0,True,0,,True,1.0077956936333765,0.8070112012409133,0.7800648896581805,147679.9015201577,0.031881747414702,0.1141920543806331,0.9666097427875868,2.10189420707277,7.021650194504573e-06
5585.18,True,forward,final_local_der_m_bounds,0.1137657247030796,0.03,0.0316191510525142,0.9986813695864384,False,0,True,0,,True,1.007817317059244,0.8072459294720483,0.7794514364495575,147663.47763073936,0.0320211522530946,0.1137713392400262,0.9655687418075072,2.101966987035272,7.030420451526986e-06
5588.18,True,forward,final_local_der_m_bounds,0.1132534169163546,0.03,0.0314773323752747,0.9986922153366312,False,0,True,0,,True,1.0078554404536866,0.8075307460183844,0.7787210996825576,147642.067116517,0.0321871741189983,0.1132755867649629,0.964323777790659,2.102062215564228,7.041009419886214e-06
5590.58,True,forward,final_local_der_m_bounds,0.1128766734597469,0.03,0.0313655645096885,0.9987006925345936,False,0,True,0,,True,1.0078877179066743,0.8077347672705295,0.7783014259702267,147616.87841173875,0.0323047138566243,0.1129494108889216,0.9635606358758544,2.101994032797275,7.048072443389364e-06
5592.9800000000005,True,forward,final_local_der_m_bounds,0.1124707576048899,0.03,0.0312506214313618,0.998709403063642,False,0,True,0,,True,1.0079769033622246,0.8080028035803432,0.7776713782030248,147598.1922500597,0.0324539909177281,0.1125104564103583,0.9624612374574484,2.102116160700084,7.057432325943329e-06
5595.58,True,forward,final_local_der_m_bounds,0.1120510616603319,0.03,0.0311272132467951,0.9987187158384936,False,0,True,0,,True,1.0080399447633603,0.8083019997782421,0.7770250934789239,147571.50802554085,0.0326177906136705,0.1120412295487724,0.9613054201178532,2.102096584532897,7.06761718603445e-06
5597.9800000000005,True,forward,final_local_der_m_bounds,0.1117456265357268,0.03,0.0310098017259283,0.998727595760299,False,0,True,0,,True,1.0081288870219134,0.8085520043779886,0.7765226104687318,147552.1531529081,0.0327554466530345,0.1116547186746764,0.9603867237532896,2.1021033743782267,7.075629661817141e-06
5600.78,True,forward,final_local_der_m_bounds,0.1111649269024392,0.03,0.0308605382219266,0.9987389704625192,False,0,True,0,,True,1.0081909272678795,0.8088683750787178,0.7757900303518052,147517.28026398376,0.0329217002563073,0.1111743798803948,0.9591054048519408,2.102147734259382,7.087217152844816e-06
5603.38,True,forward,final_local_der_m_bounds,0.1107469081538207,0.03,0.0307224243739375,0.9987494503380184,False,0,True,0,,True,1.0082652934456366,0.8091232458473613,0.7752656559346496,147507.51035962833,0.0330694935326583,0.1107591131681868,0.9581552129586216,2.102141188021092,7.09503985241182e-06
5606.08,True,forward,final_local_der_m_bounds,0.1102527131053962,0.03,0.0305778856463108,0.9987603951470336,False,0,True,0,,True,1.0083707866420066,0.8094805777599242,0.7744176202208282,147455.94786305955,0.0332428962871085,0.1102525555908758,0.9566846215926196,2.1022999523280315,7.1089433209993865e-06
5608.4800000000005,True,forward,final_local_der_m_bounds,0.1098998350342363,0.03,0.030451846830347,0.9987698958465132,False,0,True,0,,True,1.0084739908694804,0.8097495855460388,0.7738379726797583,147432.1724876134,0.0333846114023599,0.1098506455012987,0.9556509648077632,2.1023861353136835,7.118123285917514e-06
5611.18,True,forward,final_local_der_m_bounds,0.1094141546850357,0.03,0.0303142653231461,0.9987802116781064,False,0,True,0,,True,1.0085474632985885,0.8100459540249272,0.7731851809938928,147412.65537546825,0.0335472256044951,0.1093908224911244,0.9544954544271448,2.102419646914876,7.1280628229859705e-06
5613.68,True,forward,final_local_der_m_bounds,0.1094141546850357,0.03,0.0301931035850279,0.9987892340928758,False,0,True,0,,True,1.00865848797223,0.8103352829252007,0.7725306482545643,147378.69404288582,0.033698078205696,0.1089595805573904,0.953346922604472,2.1025612733712724,7.1386669178688924e-06
5616.58,True,forward,final_local_der_m_bounds,0.1094141546850357,0.03,0.0300590723013732,0.9987991465040578,False,0,True,0,,True,1.0087257524039106,0.8106851144706169,0.7716371170371056,147340.2498560233,0.0338836838319375,0.1084175129770425,0.9518333361048452,2.102744211165282,7.152382906953879e-06
5619.18,True,forward,final_local_der_m_bounds,0.1094141546850357,0.03,0.029937150004054,0.9988081465295948,False,0,True,0,,True,1.0088182527347993,0.8109510124654014,0.7712543796538618,147330.78550348268,0.0340281265314504,0.1080495393137332,0.9510492838638226,2.102539864267833,7.158939765361175e-06
5621.78,True,forward,final_local_der_m_bounds,0.1094141546850357,0.03,0.0298188521688361,0.9988168326555376,False,0,True,0,,True,1.008944969243291,0.8112473960286565,0.7706456925547153,147308.06387389576,0.0341844842221938,0.1076173066951661,0.949951514577796,2.1026279743469742,7.168639522886535e-06
5624.38,True,forward,final_local_der_m_bounds,0.1094141546850357,0.03,0.0296976051825728,0.9988257275307858,False,0,True,0,,True,1.0089972837633967,0.8115115432680196,0.7700634203800243,147287.54459762824,0.0343357040463963,0.1072006917951006,0.9489247895093637,2.102639848743165,7.177698075295391e-06
5626.78,True,forward,final_local_der_m_bounds,0.1094141546850357,0.03,0.0295821600748871,0.9988341919670048,False,0,True,0,,True,1.0091450234400623,0.8118132857493654,0.7694027835252963,147259.9163771348,0.0344898384251039,0.1067664261717538,0.9477583048115296,2.10283212618225,7.188215624390051e-06
5629.4800000000005,True,forward,final_local_der_m_bounds,0.1094141546850357,0.03,0.0294711810849048,0.9988421983542493,False,0,True,0,,True,1.0091549896639431,0.8120532842572656,0.7688033534004497,147250.76948612402,0.0346457476474016,0.1063308560149494,0.9467400333262934,2.102870886781869,7.196695889984537e-06
5632.08,True,forward,final_local_der_m_bounds,0.1094141546850357,0.03,0.0293582442629226,0.99885036102474,False,0,True,0,,True,1.009240476465867,0.8123577988250604,0.7679768324997004,147223.13809767197,0.0348157105790785,0.105834369296264,0.945367710644805,2.103171063667141,7.208907164998163e-06
5634.78,True,forward,final_local_der_m_bounds,0.1094141546850357,0.03,0.029252345014425,0.9988579226292604,False,0,True,0,,True,1.0093249663682535,0.8126483195622813,0.7673219533835631,147205.3416649433,0.034981671482956,0.1053780309777678,0.9442238849356972,2.103269674197895,7.218822109800278e-06
5637.38,True,forward,final_local_der_m_bounds,0.1094141546850357,0.03,0.0291624205459828,0.9988642465946944,False,0,True,0,,True,1.0094229272211046,0.8128922630026141,0.7668524525438493,147200.1245482194,0.0351268179481759,0.1049967208985417,0.9433629614228266,2.1032919197683486,7.225875594029171e-06
5645.18,True,forward,final_local_der_m_bounds,0.1094141546850357,0.03,0.0288735163124712,0.9988846339943978,False,0,True,0,,True,1.0096224652253651,0.8137543393236231,0.7646632817241207,147117.41190959813,0.0356182403312522,0.1036173877619861,0.9396733691886596,2.103858518156024,7.25931314485438e-06
5652.9800000000005,True,forward,final_local_der_m_bounds,0.1094141546850357,0.03,0.0284510075762592,0.9989149409065434,False,0,True,0,,True,1.009717791308065,0.8146057557590679,0.7635797615683245,147038.6132342681,0.0360031050189741,0.1028488470557069,0.9373611175344616,2.102623765513984,7.28144741161405e-06
5660.28,True,forward,final_local_der_m_bounds,0.1094141546850357,0.03,0.0281904392163902,0.9989329254649506,False,0,True,0,,True,1.0098912753105418,0.8153563157419735,0.7619455738764803,146979.60811837032,0.0364312488781757,0.1017398599574019,0.934493986451936,2.102740162722764,7.307319791757196e-06
5662.68,True,forward,final_local_der_m_bounds,0.1094141546850357,0.03,0.0280984583745119,0.9989392148240116,False,0,True,0,,True,1.009940473631002,0.8156282242568533,0.7613195782604909,146962.74758079334,0.0365925076099028,0.1013193651657155,0.9334149501191612,2.1028078558369634,7.316827981734247e-06
5665.58,True,forward,final_local_der_m_bounds,0.1094141546850357,0.03,0.0280277734613158,0.9989440290900568,False,0,True,0,,True,1.0099866341228174,0.8158248610069214,0.7609131841965572,146941.43306968687,0.0367026572597979,0.1010450921803632,0.9326918319912558,2.10281078504849,7.323694759754075e-06
5667.9800000000005,True,forward,final_local_der_m_bounds,0.1094141546850357,0.03,0.0279796037847983,0.9989472887955448,False,0,True,0,,True,1.0100257917610738,0.8160207536139273,0.7604208050889583,146917.8711056043,0.0368098370154316,0.1007554632299183,0.931864541093186,2.1029312819672192,7.331544816431196e-06
5670.78,True,forward,final_local_der_m_bounds,0.1094141546850357,0.03,0.0279387209271073,0.9989499525144716,False,0,True,0,,True,1.010032199583267,0.8161578556750843,0.7600871962351218,146913.03990954428,0.0369003834603699,0.1005222865216297,0.9312992467693842,2.102956086853324,7.336349099795798e-06
5673.28,True,forward,final_local_der_m_bounds,0.1094141546850357,0.03,0.0279032796786932,0.9989522486903644,False,0,True,0,,True,1.0100720108945505,0.8163284978607674,0.7597006235845588,146889.44764238375,0.0369957933341109,0.1002757734783882,0.9306310211825204,2.103011019575965,7.342919225561164e-06
5676.08,True,forward,final_local_der_m_bounds,0.1094141546850357,0.03,0.0278657021773296,0.998954659426294,False,0,True,0,,True,1.0100655948472113,0.8165279765091248,0.7590384340045369,146856.09932498386,0.0371072227129441,0.0999547800931472,0.9295926849311752,2.103281583925471,7.353037292779449e-06
5678.68,True,forward,final_local_der_m_bounds,0.1094141546850357,0.03,0.0278286539894814,0.9989570660803831,False,0,True,0,,True,1.0101306307439486,0.8166453428030452,0.7589360233032247,146871.02786016592,0.0371904656068699,0.0997675421428896,0.929333681985206,2.1031533960823405,7.354336979760594e-06
5681.38,True,forward,final_local_der_m_bounds,0.1094141546850357,0.03,0.0277923599532973,0.9989594040358404,False,0,True,0,,True,1.010204947959661,0.8168726190906174,0.7583566477899357,146838.33262465856,0.0373038959213935,0.0994582880950822,0.9283658554184072,2.103370912523721,7.363828036188589e-06
5683.78,True,forward,final_local_der_m_bounds,0.1094141546850357,0.03,0.0277630393919657,0.9989612586935172,False,0,True,0,,True,1.0102178247512026,0.8170187967338305,0.7580314514862836,146822.64235988853,0.0373886333631332,0.0992448485506647,0.927801728083419,2.1033674961355984,7.36918515231019e-06
5686.28,True,forward,final_local_der_m_bounds,0.1094141546850357,0.03,0.0277340655336648,0.9989630725446412,False,0,True,0,,True,1.0102269079930648,0.8171682370708552,0.7576393060529082,146814.09611924368,0.0374813111118707,0.0989999350043353,0.92715217219978,2.1034459807931865,7.374899151929352e-06
5688.9800000000005,True,forward,final_local_der_m_bounds,0.1094141546850357,0.03,0.0277057380553445,0.998964810663618,False,0,True,0,,True,1.01028005521838,0.8173692483576318,0.7571736447891184,146786.75557245463,0.0375854153304367,0.0987302648811356,0.9263544552361536,2.103544623246719,7.382754395945919e-06
5691.4800000000005,True,forward,final_local_der_m_bounds,0.1094141546850357,0.03,0.0276794980276565,0.9989664204705696,False,0,True,0,,True,1.0102977679102003,0.8175072114170964,0.756827138283062,146777.68264130005,0.0376739005529244,0.0985001741442314,0.9257742656130832,2.103614477524005,7.387937762453602e-06
5694.08,True,forward,final_local_der_m_bounds,0.1094141546850357,0.03,0.0276518006223521,0.99896812511147,False,0,True,0,,True,1.0103391351481696,0.8176690361517238,0.7563798526113676,146772.53117806395,0.0377769589174357,0.098219309633248,0.9250440204647988,2.103801743314192,7.394164140505917e-06
5696.58,True,forward,final_local_der_m_bounds,0.1094141546850357,0.03,0.0276292400286088,0.9989694604647246,False,0,True,0,,True,1.0103877132368582,0.8178171449522392,0.7561454160823877,146757.8324739577,0.0378576996305107,0.0980343789730855,0.924589831296025,2.1037315936650103,7.398572366048004e-06
5699.08,True,forward,final_local_der_m_bounds,0.1094141546850357,0.03,0.0276065817355483,0.9989708033163988,False,0,True,0,,True,1.0104165702007617,0.8180173365409537,0.7555754900458318,146730.4806486751,0.0379660651862072,0.0977358611080315,0.9236668421244448,2.103943827844117,7.407513909543988e-06
5701.78,True,forward,final_local_der_m_bounds,0.1094141546850357,0.03,0.0275889467127321,0.9989717443964083,False,0,True,0,,True,1.010450888125672,0.8181792973984308,0.7552500793863233,146716.89772091812,0.0380597341776243,0.0975079117342783,0.9230862743506174,2.103933738651225,7.412925606645467e-06
5704.18,True,forward,final_local_der_m_bounds,0.1094141546850357,0.03,0.0275809813419367,0.99897200759256,False,0,True,0,,True,1.0104558363005345,0.8183487986625047,0.7547656267021472,146689.65463230285,0.0381564834788084,0.0972462566183863,0.9223030912194448,2.1040776283467486,7.420734888561226e-06
5706.88,True,forward,final_local_der_m_bounds,0.1094141546850357,0.03,0.0275667874655797,0.9989726955587386,False,0,True,0,,True,1.010515487585358,0.8185415168001764,0.7543754412587813,146666.00270620038,0.0382560163976418,0.097002050893914,0.9216092596106408,2.10411093883742,7.427593272318737e-06
5709.4800000000005,True,forward,final_local_der_m_bounds,0.1094141546850357,0.03,0.0275648976381436,0.9989724838864656,False,0,True,0,,True,1.0105527876860017,0.8187218818089492,0.7540001725801839,146641.67020687516,0.0383514592419271,0.0967676994571861,0.920947869274284,2.1041195958905385,7.434231906670788e-06
5711.88,True,forward,final_local_der_m_bounds,0.1094141546850357,0.03,0.0275615320648604,0.998972410912863,False,0,True,0,,True,1.0106382750812823,0.8188724009067994,0.7537806138812247,146638.39723465603,0.0384358703762236,0.0965711040901045,0.9205104642023672,2.1040981046113405,7.4379428426411164e-06
5714.4800000000005,True,forward,final_local_der_m_bounds,0.1094141546850357,0.03,0.0275537868927928,0.9989726391933884,False,0,True,0,,True,1.010646594007725,0.8190492426096837,0.7532609765245849,146616.8151747101,0.038542652303224,0.0962799707785404,0.9196772762093256,2.104279985180137,7.44591347686257e-06
5722.18,True,forward,final_local_der_m_bounds,0.1094141546850357,0.03,0.0275937539784167,0.9989686103291384,False,0,True,0,,True,1.0107458614739433,0.8195841446834607,0.7520435421263373,146547.50586810466,0.0388320692201401,0.0955618920057143,0.9175916188773894,2.1044500538641056,7.466591879418791e-06
5729.78,True,forward,final_local_der_m_bounds,0.1094141546850357,0.03,0.027736376471317,0.9989569791140788,False,0,True,0,,True,1.0108969464146376,0.8200715203052604,0.750260861132207,146496.1122593145,0.0391871590695271,0.0944885394568479,0.9148724746018893,2.1057704080438806,7.4919013612492195e-06
5736.4800000000005,True,forward,final_local_der_m_bounds,0.1094141546850357,0.03,0.0277710003662329,0.9989534335748328,False,0,True,0,,True,1.010971688145371,0.8205383331662911,0.7493273256769825,146444.7817311171,0.0394287386821428,0.0939366798352148,0.913214283098122,2.105710171148186,7.50822158757309e-06
5739.18,True,forward,final_local_der_m_bounds,0.1094141546850357,0.03,0.0277880741523006,0.998951767864411,False,0,True,0,,True,1.0110289939662989,0.8207077495525228,0.749068171188343,146427.05268269908,0.0395151491645395,0.0937551652300818,0.9127100013333126,2.1056296735378903,7.513269530369137e-06
5741.68,True,forward,final_local_der_m_bounds,0.1094141546850357,0.03,0.0278417270366984,0.9989492223391134,False,0,True,0,,True,1.010694219842802,0.8198497452135286,0.7509672215731408,146484.6678782784,0.0390294179465741,0.0949929552675945,0.915981527051097,2.1050494615736386,7.483244950988333e-06
5744.38,True,forward,final_local_der_m_bounds,0.1094141546850357,0.03,0.0279262522259273,0.998944450888954,False,0,True,0,,True,1.0103391073941932,0.8189636035549612,0.752725302792078,146530.91299144636,0.03853416635934,0.0962275106541421,0.9191193595474138,2.104759451963908,7.455110250188928e-06
5746.78,True,forward,final_local_der_m_bounds,0.1094141546850357,0.03,0.028004870397573,0.9989399354951608,False,0,True,0,,True,1.010035517062022,0.8181434939625314,0.7544239305671916,146595.13510776803,0.0380934454129247,0.0973464288878005,0.9221168855273474,2.1044489371395927,7.427304995066888e-06
5749.38,True,forward,final_local_der_m_bounds,0.1094141546850357,0.03,0.0281276378663786,0.9989322048507828,False,0,True,0,,True,1.0096700814324857,0.8172615745562332,0.7563128740140075,146643.30961373897,0.0376084679478765,0.0986092063494506,0.9254232641791332,2.1039560469301573,7.397896380816726e-06
5751.9800000000005,True,forward,final_local_der_m_bounds,0.1094141546850357,0.03,0.0282898627477536,0.9989214641602208,False,0,True,0,,True,1.0093429814447292,0.816345328007828,0.7583812450666441,146714.6710122892,0.0371181499190657,0.0999122492529008,0.9289956334010794,2.1034131118731527,7.365273549375812e-06
5754.58,True,forward,final_local_der_m_bounds,0.1094141546850357,0.03,0.0285109270768696,0.9989061537340982,False,0,True,0,,True,1.008955469325468,0.8154260297129998,0.7601523117992283,146770.274048857,0.0366483672631559,0.1011242532538173,0.932214920912905,2.1032204997065165,7.336541604490754e-06
5757.28,True,forward,final_local_der_m_bounds,0.1094141546850357,0.03,0.0287802574107504,0.9988871070915212,False,0,True,0,,True,1.008583279435483,0.8144000328222073,0.7624087703902785,146849.55092312887,0.0361320221224145,0.1025212609220979,0.9361600437910604,2.102734017857714,7.300866935852736e-06
5759.78,True,forward,final_local_der_m_bounds,0.1094141546850357,0.03,0.0290652103171563,0.9988666008671072,False,0,True,0,,True,1.0082201390603682,0.8134938093364104,0.7640987995707013,146903.27405639342,0.0356804862565313,0.1036997002670931,0.9392804109892342,2.1027017592148365,7.273315455602487e-06
5762.18,True,forward,final_local_der_m_bounds,0.1094141546850357,0.03,0.0293714995363501,0.9988442122015432,False,0,True,0,,True,1.007846850128692,0.8125934753956638,0.76591999570519,146954.8406339587,0.0352337644996151,0.1049073365253702,0.942562325315561,2.102448791963695,7.244666376997933e-06
5764.78,True,forward,final_local_der_m_bounds,0.1094141546850357,0.03,0.0297381500839913,0.998816997440475,False,0,True,0,,True,1.007442237641305,0.8115944102275237,0.767923500235904,147018.8105891271,0.0347483448920773,0.1062285856447467,0.9461912139348312,2.10223301365729,7.212800462562829e-06
5767.28,True,forward,final_local_der_m_bounds,0.1094141546850357,0.03,0.0301257674798448,0.9987877722652092,False,0,True,0,,True,1.0071293770347471,0.8106836456615931,0.7698487864221558,147067.99621592113,0.0342934581275567,0.1074897734131111,0.949629106917394,2.102026300827785,7.1832934856505335e-06
5770.08,True,forward,final_local_der_m_bounds,0.1094141546850357,0.03,0.0306008599397346,0.9987513556101312,False,0,True,0,,True,1.0066043731244827,0.8095436738244374,0.7718908838121123,147154.4741770026,0.0337769702679028,0.1088846835386302,0.953488871286652,2.102048025407616,7.148883926723626e-06
5772.4800000000005,True,forward,final_local_der_m_bounds,0.1101930992951326,0.03,0.0310396326275866,0.9987171792592388,False,0,True,0,,True,1.006273198012421,0.8085823197371422,0.7739945254754852,147213.85104919918,0.0333183489861854,0.1102019247611986,0.957224152176737,2.1017650841799123,7.116851957874114e-06
5775.28,True,forward,final_local_der_m_bounds,0.1116481238624901,0.03,0.0315891371242024,0.9986736614323029,False,0,True,0,,True,1.005887818439562,0.8075455652701711,0.7759626385235173,147262.30967740415,0.0328190432883224,0.1115965052900713,0.9608902232828344,2.1018561355524787,7.086095493528651e-06
5777.78,True,forward,final_local_der_m_bounds,0.1129297485988289,0.03,0.0321077094510407,0.9986319051502612,False,0,True,0,,True,1.005478317017835,0.8065280907098383,0.7778556253832851,147333.26854619058,0.0323625304377088,0.1128790693971766,0.9644495143358018,2.1019542255340755,7.055234949283268e-06
5780.18,True,forward,final_local_der_m_bounds,0.1133530532328948,0.03,0.0326288720215878,0.9985892809599838,False,0,True,0,,True,1.0050941423348412,0.8055309595572497,0.779866149305434,147400.7589297454,0.0319153275541188,0.1141772856406305,0.9681392627467452,2.101882686727405,7.023664236705435e-06
5782.88,True,forward,final_local_der_m_bounds,0.1133530532328948,0.03,0.0332530130313741,0.9985373302230616,False,0,True,0,,True,1.004623715293928,0.8043912942586435,0.7820239066050665,147479.66534387213,0.0314137938910574,0.1156304667716231,0.9721933991414072,2.101957680031129,6.9889490448365566e-06
5785.4800000000005,True,forward,final_local_der_m_bounds,0.1133530532328948,0.03,0.0338769334776026,0.9984844839994214,False,0,True,0,,True,1.004253218722286,0.8032848753207747,0.7841617454232976,147558.4784671333,0.0309309768371714,0.1170447187485022,0.9761938379708186,2.10217254178452,6.954827391624268e-06
5787.9800000000005,True,forward,final_local_der_m_bounds,0.1133530532328948,0.03,0.0345046626597875,0.9984303754438516,False,0,True,0,,True,1.0038398379372089,0.8022881078425202,0.7859476223126807,147601.21448079697,0.030484251708941,0.1183545983019116,0.9796326464643956,2.102415052311464,6.9268278772156085e-06
5790.58,True,forward,final_local_der_m_bounds,0.1133530532328948,0.03,0.0351896212100263,0.9983702525501966,False,0,True,0,,True,1.0033942909243232,0.80109473441537,0.7882525620727302,147717.24685210985,0.0299977614161933,0.1198128342568459,0.9839692213780286,2.1025977611803093,6.888777463644956e-06
5798.08,True,forward,final_local_der_m_bounds,0.1133530532328948,0.03,0.0372599953327285,0.998182150242066,False,0,True,0,,True,1.0021208317472252,0.7978503074275952,0.794240761123722,147883.46363061594,0.028624497321204,0.1240012811708334,0.9954759103678096,2.103476703246558,6.79542669418851e-06
5806.18,True,forward,final_local_der_m_bounds,0.1133530532328948,0.03,0.0397615671586865,0.9979417375436176,False,0,True,0,,True,1.000796053388177,0.7941403850540225,0.8010149423862198,148109.2251381619,0.0271383448611924,0.1286698105987761,1.0086566021091217,2.1050742888582445,6.688548786401464e-06
5812.78,True,forward,final_local_der_m_bounds,0.1133530532328948,0.03,0.0421024024917142,0.997703766013288,False,0,True,0,,True,0.9997470735748796,0.7910224729095596,0.8053513345867638,148304.8097686155,0.0260033162965498,0.1320173534977859,1.0181143547344482,2.108538388790869,6.611353712523087e-06
5815.38,True,forward,final_local_der_m_bounds,0.1133530532328948,0.03,0.0431284279851263,0.9975957127964804,False,0,True,0,,True,0.999280099956453,0.7894972268109645,0.8081278571658268,148450.93874402717,0.025472890002475,0.133740073863545,1.023598094739506,2.10950242121575,6.5656059431424594e-06
5817.9800000000005,True,forward,final_local_der_m_bounds,0.1133530532328948,0.03,0.043225820823871,0.9975848278769556,False,0,True,0,,True,0.9993494257499084,0.7895156237672503,0.8074519346197074,148455.5498098692,0.0255144883374242,0.1334327529937639,1.0227181202151163,2.110478443830801,6.571621172838996e-06
5820.4800000000005,True,forward,final_local_der_m_bounds,0.1133530532328948,0.03,0.0433108125316868,0.9975753717510244,False,0,True,0,,True,0.9992905926499492,0.789316957664749,0.8079285882296509,148496.2701427486,0.0254875833120596,0.1335065314561122,1.0235794130408218,2.11045750696781,6.563683051104279e-06
5823.08,True,forward,final_local_der_m_bounds,0.1133530532328948,0.03,0.0433849842562659,0.9975671961996708,False,0,True,0,,True,0.9992421655158464,0.789273900102297,0.807208616024487,148473.3461764505,0.0255091462786757,0.1332515602937124,1.0227230571286663,2.1114717290022726,6.57073338533879e-06
5825.68,True,forward,final_local_der_m_bounds,0.1133530532328948,0.03,0.0434559154095324,0.9975594020463108,False,0,True,0,,True,0.9992121278242514,0.7891886047171811,0.8066060197022631,148455.7924471952,0.0255136933597293,0.1330635199629253,1.0220700284836524,2.1125266741427526,6.576108369179911e-06
5828.18,True,forward,final_local_der_m_bounds,0.1133530532328948,0.03,0.0435266796168789,0.9975515965157554,False,0,True,0,,True,0.9991951022263984,0.789060172299684,0.8064896726031473,148499.30074390536,0.0255138363638632,0.1329514655793191,1.022088936833126,2.1131221440739107,6.574014081066915e-06
5830.78,True,forward,final_local_der_m_bounds,0.1136354893753872,0.03,0.0435881850925401,0.9975449377939436,False,0,True,0,,True,0.9991461405128916,0.7889176421390786,0.8064269534831108,148512.31100164854,0.0254986365473929,0.1329027003306516,1.0221940927782491,2.1136310720123594,6.572656180577827e-06
5833.38,True,forward,final_local_der_m_bounds,0.1142248835872085,0.03,0.0436505748453219,0.9975381718694256,False,0,True,0,,True,0.9992420506592884,0.7888926699455885,0.8065087490045532,148481.7713566431,0.0254874230630001,0.1329063507479009,1.0223301340348108,2.113817667355688,6.573038212748375e-06
5836.08,True,forward,final_local_der_m_bounds,0.1143656634453101,0.03,0.0437151724904469,0.9975311484304454,False,0,True,0,,True,0.9991640259278668,0.7887801102776887,0.8057319455222053,148526.1537017026,0.0255108755337655,0.1325940912905783,1.0214912052467306,2.11510629595388,6.576987795454484e-06
5838.58,True,forward,final_local_der_m_bounds,0.1149872909681492,0.03,0.0437751479508634,0.9975246162945984,False,0,True,0,,True,0.9991966651822112,0.7887657745662764,0.8051746924637214,148526.14910460764,0.0255342171028603,0.1323566954568476,1.020803283340315,2.115972884219964,6.5818658611637655e-06
5841.28,True,forward,final_local_der_m_bounds,0.1152425330751095,0.03,0.0438392407074153,0.9975176290393448,False,0,True,0,,True,0.9991227576201944,0.788529303914712,0.8054414073054749,148560.30216790616,0.0254968989394935,0.1324103663612402,1.0214476536341788,2.1163382345181034,6.575720699879739e-06
5843.78,True,forward,final_local_der_m_bounds,0.115641552011872,0.03,0.0438980170142722,0.9975112157625432,False,0,True,0,,True,0.9991570936005468,0.7884290230256008,0.8052848628923346,148576.3594557902,0.0254830838117255,0.1323548976464962,1.0213790200188844,2.116992653087309,6.575471278537431e-06
5846.58,True,forward,final_local_der_m_bounds,0.1161581901436518,0.03,0.0439618427063593,0.9975042523365124,False,0,True,0,,True,0.999054363947012,0.7883724590701853,0.8045290646419516,148547.38099751723,0.02550347856399,0.1320868620963069,1.0204936199709735,2.117995812418973,6.583028292444843e-06
5848.9800000000005,True,forward,final_local_der_m_bounds,0.1162923949336218,0.03,0.0440170518940447,0.9974982202602186,False,0,True,0,,True,0.9991569108231136,0.7883479268537251,0.8043638298779916,148553.96239986917,0.0255121341941605,0.1319656701441988,1.020315779973172,2.118525596349542,6.583995156749707e-06
5851.4800000000005,True,forward,final_local_der_m_bounds,0.1170145776128116,0.03,0.0440749467322819,0.9974918864236756,False,0,True,0,,True,0.9991575718769222,0.7881729827921751,0.8043734273703803,148619.48214139853,0.0255070723216335,0.1318621628486542,1.0205544276851684,2.1191644372916683,6.579353642130232e-06
5854.08,True,forward,final_local_der_m_bounds,0.1171107871303037,0.03,0.0441398644704737,0.9974847556902527,False,0,True,0,,True,0.9990890544549538,0.7882454253372144,0.8032581896778287,148534.11224771873,0.025535900784293,0.1315662729799384,1.0190457995163014,2.120245028009958,6.593896434920507e-06
5856.4800000000005,True,forward,final_local_der_m_bounds,0.1178256340478108,0.03,0.0442044837920524,0.9974776317251824,False,0,True,0,,True,0.9990340246675348,0.7880641022971833,0.8035036060248766,148560.77149626554,0.0255038768084499,0.1316232449023205,1.0195916850960316,2.1204730059745174,6.58878006456855e-06
5859.08,True,forward,final_local_der_m_bounds,0.1180023673223903,0.03,0.044266209411253,0.9974708545814956,False,0,True,0,,True,0.9991489571943104,0.7880256692466198,0.8033330795620918,148560.54562200932,0.0255115262165537,0.1314920511462257,1.0194250148349944,2.121088746594748,6.589968929214429e-06
5861.78,True,forward,final_local_der_m_bounds,0.1183506013235448,0.03,0.0443345972407737,0.9974633227309356,False,0,True,0,,True,0.9991518225784546,0.7878334485100292,0.8032622592553534,148634.37756809106,0.0255041861698119,0.1313703877086715,1.0195838483051254,2.121904962440421,6.585519008469381e-06
5864.18,True,forward,final_local_der_m_bounds,0.1189376705583858,0.03,0.0443914930888162,0.9974570698361266,False,0,True,0,,True,0.9990815532845928,0.7877775362142537,0.8028274173073315,148614.92314086886,0.0255093662963041,0.1312206168482247,1.019104227273859,2.122547855487068,6.589787512925463e-06
5866.78,True,forward,final_local_der_m_bounds,0.1191340969144285,0.03,0.0444505916824724,0.997450581882506,False,0,True,0,,True,0.9990551323887252,0.7877905588116013,0.8019848935323872,148583.02506521158,0.0255401683842573,0.130921169710962,1.0180179040761776,2.1235766304375208,6.598964310354711e-06
5874.28,True,forward,final_local_der_m_bounds,0.1198400395265145,0.03,0.0446608204421029,0.9974272249088306,False,0,True,0,,True,0.999065018701405,0.7874845780874831,0.8019442292838916,148610.43169487876,0.02550797483022,0.130788436458478,1.0183618214232537,2.124791351600013,6.595222108246808e-06
5882.18,True,forward,final_local_der_m_bounds,0.1198727113287133,0.03,0.0448299309199653,0.997408411490566,False,0,True,0,,True,0.9990752578274884,0.7872092333364026,0.8013034742518762,148668.308972956,0.0254994413679641,0.1304921848578438,1.0179040594528326,2.126702314651737,6.59586763053535e-06
5889.08,True,forward,final_local_der_m_bounds,0.1206044153357823,0.03,0.0448090113700739,0.9974109634357746,False,0,True,0,,True,0.9990227572916188,0.7871564773892238,0.8019770222403511,148610.31400035007,0.0254194106511674,0.1309509950498471,1.0188279526076989,2.12587936250268,6.5918231028521095e-06
5891.58,True,forward,final_local_der_m_bounds,0.1208637392926644,0.03,0.0447168294729964,0.9974211199139876,False,0,True,0,,True,0.9990762172952304,0.7872267390863174,0.8022816507669804,148610.3146361166,0.0254290473813404,0.1310209397007589,1.019123984149899,2.1253212373301715,6.589724776642582e-06
5894.18,True,forward,final_local_der_m_bounds,0.1218220745810748,0.03,0.0440533764098678,0.997493122665928,False,0,True,0,,True,0.9991601997940732,0.7879223098064206,0.8011421362876459,148578.04760038664,0.0257375732312591,0.1300499580987782,1.0167780837230933,2.124445736388916,6.608089000436987e-06
5896.58,True,forward,final_local_der_m_bounds,0.1220878985439079,0.03,0.0434649489914675,0.9975559892207128,False,0,True,0,,True,0.9993834232005828,0.7888959257265092,0.7991325021575094,148431.0448364982,0.0260840982099847,0.1289041537145216,1.0129758262112625,2.124018990429636,6.642173819425037e-06
5899.08,True,forward,final_local_der_m_bounds,0.1229035886467285,0.03,0.0428603458954177,0.9976197938764284,False,0,True,0,,True,0.9996183632103602,0.7896659272999575,0.7981593116700972,148426.79745660364,0.026414983097862,0.1279149960122052,1.010755667778627,2.122981024646143,6.658530870751933e-06
5901.78,True,forward,final_local_der_m_bounds,0.1233972989127644,0.03,0.0422182244975923,0.9976867099071568,False,0,True,0,,True,0.999904860851479,0.7906491102269002,0.7965474223052945,148332.4927991313,0.0267948209451774,0.1267474070355824,1.0074600881757796,2.1221402088420875,6.686824575375137e-06
5904.28,True,forward,final_local_der_m_bounds,0.1238099684623571,0.03,0.0416169950974401,0.9977487091970292,False,0,True,0,,True,1.0001146727080878,0.7914115143506357,0.7953476952557789,148283.5821073283,0.0271140114457954,0.1257896475874235,1.0049736209718567,2.1214031427421283,6.707248139395449e-06
5906.78,True,forward,final_local_der_m_bounds,0.1240184069979334,0.03,0.0410312609415041,0.9978082743184652,False,0,True,0,,True,1.0002658416785644,0.7921787609003346,0.79406121106262,148222.7663684971,0.027439477815855,0.1248139971869507,1.0023762946637775,2.120651155023356,6.729089103197498e-06
5909.38,True,forward,final_local_der_m_bounds,0.1248672507882879,0.03,0.0404329931355395,0.9978683485007712,False,0,True,0,,True,1.0005712885104685,0.793021623838038,0.7929115116228814,148150.2705619184,0.0277756364156429,0.123858781426547,0.9998611485338526,2.119768006837283,6.750928371402744e-06
5911.88,True,forward,final_local_der_m_bounds,0.1249374792334255,0.03,0.03986856095556,0.9979243160870668,False,0,True,0,,True,1.000748226352807,0.7938334441973868,0.7914562239226004,148059.9819014947,0.0281111760802738,0.1228577640500723,0.9970053916320069,2.119157434624737,6.776177132712579e-06
5914.58,True,forward,final_local_der_m_bounds,0.1258432594674096,0.03,0.039270058171078,0.9979829019296168,False,0,True,0,,True,1.0010562079695349,0.7946949327272688,0.790298567230757,147992.24898322127,0.0284603793924619,0.1218889757115123,0.9944678576451668,2.118240209442509,6.798113323017718e-06
5917.18,True,forward,final_local_der_m_bounds,0.1262270629330243,0.03,0.0387060581000129,0.9980373880411028,False,0,True,0,,True,1.0012226734297784,0.7954148288390649,0.788964662897764,147963.46703216716,0.028795546053575,0.1208907558631274,0.9918908150722874,2.117797270287229,6.818630903403514e-06
5919.78,True,forward,final_local_der_m_bounds,0.1263325556852758,0.03,0.038155918549666,0.9980898479850442,False,0,True,0,,True,1.0014322702907357,0.7962058818812302,0.7876703978327756,147906.94477646129,0.0291401620723636,0.119909327561744,0.989279802821492,2.117138349160833,6.840743771212727e-06
5922.38,True,forward,final_local_der_m_bounds,0.1263325556852758,0.03,0.0376205583838871,0.9981402384364596,False,0,True,0,,True,1.0016655521688111,0.7970312842602775,0.7862245639895225,147820.30739585223,0.0294871060090453,0.1189180181705186,0.9864412846971438,2.116625026636552,6.866042307351137e-06
5925.08,True,forward,final_local_der_m_bounds,0.1263325556852758,0.03,0.0370779396525325,0.9981906563691598,False,0,True,0,,True,1.0018774761963871,0.7978678097712776,0.7848359482381737,147734.79743447504,0.0298413764736303,0.1179345824694193,0.983666640797503,2.11595668460731,6.8908999280293295e-06
5927.58,True,forward,final_local_der_m_bounds,0.1263325556852758,0.03,0.0365887408086898,0.9982355365075136,False,0,True,0,,True,1.002034101447786,0.798577766041809,0.7835710046487351,147705.12408509257,0.0301741027815859,0.116991457027202,0.9812081402322836,2.115470514096494,6.910853693684754e-06
5929.9800000000005,True,forward,final_local_der_m_bounds,0.1263325556852758,0.03,0.0361276502061367,0.9982773547419544,False,0,True,0,,True,1.00225856351893,0.7992771326889785,0.7826198500080636,147629.87269295735,0.0304678971890006,0.1162329258140198,0.9791595655628536,2.114731607272534,6.929870044448862e-06
5932.78,True,forward,final_local_der_m_bounds,0.1263325556852758,0.03,0.0355971005279711,0.998324904577612,False,0,True,0,,True,1.0025186930996288,0.800049119675542,0.7813810361203553,147600.63579628637,0.0308284391411025,0.1152521354369762,0.9766663282339996,2.114216222989233,6.950169044228259e-06
5935.28,True,forward,final_local_der_m_bounds,0.1263325556852758,0.03,0.0351475503643052,0.9983646293381956,False,0,True,0,,True,1.002653458396362,0.8008235992857828,0.7799136999691626,147506.45882501366,0.0311681669940607,0.114312760957286,0.9738895065838858,2.11376076479744,6.9757884910707815e-06
5938.08,True,forward,final_local_der_m_bounds,0.1263325556852758,0.03,0.0346575894721158,0.998407395548532,False,0,True,0,,True,1.002877095058995,0.8016121940031345,0.7785839492654169,147452.75744510983,0.0315330938383275,0.1133334733442131,0.9712725867819976,2.1132562241783788,6.99834263460274e-06
5940.4800000000005,True,forward,final_local_der_m_bounds,0.1263325556852758,0.03,0.0342615620019722,0.998441488154681,False,0,True,0,,True,1.0030427478474826,0.8022965883765467,0.7772146972218797,147408.8955057257,0.0318586460534234,0.1124272164880501,0.9687373827608812,2.11307407096141,7.019908067613115e-06
5943.28,True,forward,final_local_der_m_bounds,0.1263325556852758,0.03,0.0338210310500398,0.9984789373018316,False,0,True,0,,True,1.0032371637855415,0.8030762861588908,0.7758898561956417,147334.3970809074,0.0322149541477751,0.1114991355203876,0.9661471389059666,2.112552491669117,7.043403048121715e-06
5950.9800000000005,True,forward,final_local_der_m_bounds,0.1263325556852758,0.03,0.0326730894182755,0.998574430821862,False,0,True,0,,True,1.0037916203072548,0.8052072359420616,0.7722244107800812,147150.30438877267,0.033211523282804,0.1089203495249633,0.959038091450592,2.111289793180399,7.107336802682344e-06
5958.58,True,forward,final_local_der_m_bounds,0.1263325556852758,0.03,0.0317137604716923,0.998651458600054,False,0,True,0,,True,1.0042841017845252,0.8072045759920989,0.7683884135310075,146994.11183271825,0.0342141733927006,0.106284713819225,0.9519128562751464,2.1107012351412537,7.170742910810549e-06
5965.58,True,forward,final_local_der_m_bounds,0.1263325556852758,0.03,0.0309613745999314,0.9987099694289804,False,0,True,0,,True,1.0048082934753015,0.8090485402594301,0.7649750246208873,146844.81006459476,0.0351384621210463,0.1039294229128932,0.9455242628280248,2.1101826693636583,7.228550083576688e-06
5968.18,True,forward,final_local_der_m_bounds,0.1263325556852758,0.03,0.0307464299955213,0.9987263239232236,False,0,True,0,,True,1.0049813869552615,0.8096325044741558,0.7638874341891307,146795.75691515364,0.0354355638030033,0.1031837511468511,0.9434989701719846,2.110055960940944,7.24706882568297e-06
5970.58,True,forward,final_local_der_m_bounds,0.1262270629330243,0.03,0.0310245011225254,0.9987049365375822,False,0,True,0,,True,1.004564689050934,0.8087282996385815,0.7655971017325622,146857.19872984485,0.034999230083749,0.1043523911749841,0.9466678760650584,2.109904770259205,7.218862272150297e-06
5973.18,True,forward,final_local_der_m_bounds,0.1258432594674096,0.03,0.0313556091294963,0.9986791424775848,False,0,True,0,,True,1.0041708490652126,0.8077600228145045,0.7675163462538503,146904.94622180396,0.0345141716106701,0.1056806095188624,0.950178672595814,2.109740112708467,7.1887279394694885e-06
5975.68,True,forward,final_local_der_m_bounds,0.1251313539786478,0.03,0.0316933565254716,0.998652502492547,False,0,True,0,,True,1.003796566694253,0.8068063267418756,0.7695071257278646,146966.51989887035,0.0340475782133227,0.1069870470619987,0.9537693250812296,2.109478317732408,7.15741333674156e-06
5978.38,True,forward,final_local_der_m_bounds,0.1249374792334255,0.03,0.0320843751836391,0.998621237033314,False,0,True,0,,True,1.003449145260801,0.8057870892595728,0.7717228290666243,147041.63441343428,0.0335507079758644,0.1084021761566916,0.9577254827646224,2.109202762771754,7.122723547184437e-06
5980.78,True,forward,final_local_der_m_bounds,0.1248672507882879,0.03,0.0324608601339856,0.9985906865693608,False,0,True,0,,True,1.0030204150349464,0.8048728605618333,0.7733410426141127,147082.91383897988,0.0331183138728862,0.1095940180268859,0.960823852445826,2.109261858255421,7.096596882682026e-06
5983.58,True,forward,final_local_der_m_bounds,0.1238099684623571,0.03,0.0329293228139521,0.9985521352643733,False,0,True,0,,True,1.002621261313169,0.8037930898503333,0.7754670621916803,147155.50356283304,0.0326122005758588,0.1110297913565017,0.9647595531532532,2.10926656143172,7.062553487638758e-06
5986.18,True,forward,final_local_der_m_bounds,0.1235151930436223,0.03,0.0333906762508439,0.998513610349922,False,0,True,0,,True,1.0021820974944902,0.8027715166238144,0.7773831802618605,147213.67561120944,0.0321434957016203,0.1123651492651083,0.9683741440295132,2.1092983315490854,7.031866205018659e-06
5988.58,True,forward,final_local_der_m_bounds,0.1233972989127644,0.03,0.0338388199012401,0.9984756785717852,False,0,True,0,,True,1.0018302648233903,0.8018359428684417,0.7793053320548752,147277.38624892602,0.0317094839206214,0.1136413519859925,0.9719012211737892,2.109211855762972,7.001710411835478e-06
5991.08,True,forward,final_local_der_m_bounds,0.1229035886467285,0.03,0.0343301011176255,0.9984335217859316,False,0,True,0,,True,1.0015074737406242,0.8009542374723632,0.781087596270803,147280.07662783557,0.0312673131467577,0.1149543443526504,0.9751962842917782,2.1092064836418047,6.976363714855073e-06
5993.58,True,forward,final_local_der_m_bounds,0.1222206097883829,0.03,0.0348480801925375,0.9983884197413662,False,0,True,0,,True,1.0011128271273384,0.7998918151215763,0.7831072486013653,147373.17737792563,0.030808925004433,0.1162996008163359,0.9790164542218002,2.1093885026688195,6.942877093669652e-06
5996.28,True,forward,final_local_der_m_bounds,0.1220878985439079,0.03,0.035435417205874,0.9983364853220476,False,0,True,0,,True,1.00066578080253,0.7988309383477695,0.7849536453695832,147439.86342341002,0.0303412417486203,0.1176619158691682,0.9826279975999818,2.109717527411124,6.912393000732471e-06
5998.88,True,forward,final_local_der_m_bounds,0.1218220745810748,0.03,0.0360268912319899,0.998283349621031,False,0,True,0,,True,1.000309595306496,0.7978033253089808,0.7872289576287602,147490.05908485956,0.0298667985663404,0.1191528290497467,0.9867456460198066,2.109536516119012,6.878983200072643e-06
6001.58,True,forward,final_local_der_m_bounds,0.1208637392926644,0.03,0.036662913646686,0.9982253094590268,False,0,True,0,,True,0.9998733933521424,0.7966669068003157,0.7893118656783477,147577.73559929454,0.0293847780360855,0.1206078250752941,0.9907677335920624,2.1098750099143406,6.8447513677843775e-06
6004.08,True,forward,final_local_der_m_bounds,0.1207666197905911,0.03,0.0372740934632018,0.9981686488198068,False,0,True,0,,True,0.9994008684265164,0.7955866872172683,0.7914011308566988,147637.08118027193,0.0289247094505403,0.1220470907184036,0.994739031675845,2.1099439412197305,6.812383757879503e-06
6006.4800000000005,True,forward,final_local_der_m_bounds,0.1206044153357823,0.03,0.0378789119525312,0.9981117372505168,False,0,True,0,,True,0.9990676661407472,0.7945627621424319,0.7934865081797807,147711.09097951066,0.0284879917336817,0.1234352637568962,0.9986454764633704,2.110126915690769,6.779989005858034e-06
6009.18,True,forward,final_local_der_m_bounds,0.1206044153357823,0.03,0.038577658877071,0.998044965179195,False,0,True,0,,True,0.9986422507937812,0.7934928135468736,0.7952960057263779,147744.09724180007,0.0280226830250935,0.1248753395647533,1.0022724744934288,2.110681459983752,6.751692671868024e-06
6011.78,True,forward,final_local_der_m_bounds,0.1206044153357823,0.03,0.0392702498710134,0.997977699904972,False,0,True,0,,True,0.9982589114204062,0.792355597934159,0.7975838332469443,147824.23918174815,0.0275527794650369,0.1264027605093517,1.0065983446402302,2.110939854901078,6.716259226197538e-06
6014.4800000000005,True,forward,final_local_der_m_bounds,0.1206044153357823,0.03,0.0400068306947388,0.997904998859688,False,0,True,0,,True,0.9977837396024514,0.7911438831885852,0.7998633372622772,147912.02875170394,0.0270645242237253,0.1279921369223491,1.0110213252721485,2.111314766056569,6.679970753750399e-06
6016.9800000000005,True,forward,final_local_der_m_bounds,0.1206044153357823,0.03,0.040703209094021,0.9978351831701572,False,0,True,0,,True,0.9974683545310048,0.7901230377425708,0.8016058242715784,147962.4588931688,0.0266408365138737,0.1293467204125813,1.0145329094084063,2.112069322574848,6.652164834894606e-06
6019.58,True,forward,final_local_der_m_bounds,0.1206044153357823,0.03,0.0414468982746401,0.9977594383609396,False,0,True,0,,True,0.9970012686154656,0.7889423441331853,0.8039124638911728,148013.94616558682,0.0261619829982662,0.1309724392590109,1.0189749223999824,2.112355343739768,6.617735420881558e-06
6027.38,True,forward,final_local_der_m_bounds,0.1206044153357823,0.03,0.0437907072013284,0.9975128161196004,False,0,True,0,,True,0.9956615021635205,0.7852136413433175,0.8112785522907746,148288.13804996412,0.0247345485446115,0.1359411467290026,1.033194674130809,2.113602549374708,6.504019937670632e-06
6035.18,True,forward,final_local_der_m_bounds,0.1206044153357823,0.03,0.046292584943379,0.997236548800788,False,0,True,0,,True,0.9943371758056704,0.7816007899036075,0.8173439141628984,148480.13781622818,0.0233690482349177,0.1407430029719005,1.0457306654765524,2.1163810060947337,6.407479160450904e-06
6042.28,True,forward,final_local_der_m_bounds,0.1206044153357823,0.03,0.0487918309064165,0.9969471259735136,False,0,True,0,,True,0.9932534685297648,0.77818963979461,0.8226075861512314,148630.63052206242,0.0221376807736909,0.145118140984517,1.0570785629687192,2.1201255020823724,6.322212419876304e-06
6044.78,True,forward,final_local_der_m_bounds,0.1206044153357823,0.03,0.049602217803294,0.9968504776511826,False,0,True,0,,True,0.992977901548078,0.7771530512334761,0.8243333569272735,148674.04619787738,0.0217620277968072,0.1465108834871038,1.0607091558334798,2.121248043491925,6.295398584089739e-06
6047.28,True,forward,final_local_der_m_bounds,0.1206044153357823,0.03,0.048784526621807,0.9969473927191592,False,0,True,0,,True,0.9931851903391504,0.7781214771261028,0.8226940954988881,148671.01473297196,0.0221623517754,0.1449919277311116,1.0572823391758943,2.120126239207716,6.319084559517628e-06
6049.68,True,forward,final_local_der_m_bounds,0.1206044153357823,0.03,0.0480202689692726,0.9970366133836124,False,0,True,0,,True,0.9936749980011922,0.7793077904179663,0.8203592639356937,148589.34206131744,0.0225937171716807,0.1433191565765324,1.0526768422213646,2.119694206245605,6.354302073692638e-06
6052.18,True,forward,final_local_der_m_bounds,0.1206044153357823,0.03,0.0472338958549872,0.9971272195018268,False,0,True,0,,True,0.993875294732362,0.7802849649411376,0.8186306273812859,148536.53077377353,0.0229899411711325,0.1418674662606139,1.049143151749747,2.11867263440446,6.3810798960781215e-06
6054.78,True,forward,final_local_der_m_bounds,0.1206044153357823,0.03,0.0464314996335187,0.997218339071787,False,0,True,0,,True,0.9942863190497506,0.7813767781648818,0.8166969938925537,148499.10441379287,0.0234211531458188,0.1402885946067525,1.0452025408415948,2.1179508903033613,6.410151016063103e-06
6057.18,True,forward,final_local_der_m_bounds,0.1206044153357823,0.03,0.0457028143877883,0.99729994495659,False,0,True,0,,True,0.9944912835964124,0.7824461250019941,0.8144500913101645,148408.52363058712,0.0238427424094851,0.1387308842885806,1.040902453581822,2.117301249101704,6.444128319427609e-06
6059.9800000000005,True,forward,final_local_der_m_bounds,0.1206044153357823,0.03,0.0448586917357479,0.9973932663210991,False,0,True,0,,True,0.9948879771999126,0.7836194323103298,0.8121000699857691,148373.8966055627,0.0243260425322715,0.1369620663483038,1.0363449864833882,2.11682908439885,6.47769175762514e-06
6062.58,True,forward,final_local_der_m_bounds,0.1202560163897893,0.03,0.0440930075516705,0.9974766148964522,False,0,True,0,,True,0.9952429399173864,0.7847319904328822,0.8101496668867297,148301.43401585362,0.0247614558632922,0.1354584140411419,1.0323902641458855,2.1159936572334184,6.508866608065259e-06
6065.28,True,forward,final_local_der_m_bounds,0.1199303083061513,0.03,0.0433120451735875,0.9975603413409746,False,0,True,0,,True,0.9955718892282558,0.7858437250938747,0.8081653974307436,148242.2906583328,0.0252150832727093,0.1339060485660326,1.0284047217329404,2.115170146434214,6.539824259148014e-06
6067.78,True,forward,final_local_der_m_bounds,0.1198727113287133,0.03,0.0426012381625794,0.9976354261304856,False,0,True,0,,True,0.995983753989131,0.786870595412788,0.806099442999045,148227.4403232434,0.0256556803472343,0.1323519249595289,1.0244371154524712,2.1149664489234,6.568818722806176e-06
6070.58,True,forward,final_local_der_m_bounds,0.1193528124793405,0.03,0.0418144099978457,0.997717318788006,False,0,True,0,,True,0.9962920685968072,0.7880547326280462,0.8037901425864112,148124.04284521536,0.0261345687336988,0.1307393316645598,1.0199674074742116,2.114304636137381,6.605520190656782e-06
6073.08,True,forward,final_local_der_m_bounds,0.1191762670747946,0.03,0.041123752900572,0.9977881213691848,False,0,True,0,,True,0.996709057009051,0.7891080954774214,0.8019735429233051,148048.45593525312,0.0265584973245032,0.1293588874640048,1.0163037833721629,2.1137208195231167,6.635373508451282e-06
6075.88,True,forward,final_local_der_m_bounds,0.1191340969144285,0.03,0.0403636688338868,0.9978648677697136,False,0,True,0,,True,0.997040646135782,0.7901736311254379,0.7997355090911477,148000.31853216758,0.027034387701257,0.1277550892144324,1.012100983364999,2.113496754740676,6.668032171324227e-06
6078.28,True,forward,final_local_der_m_bounds,0.1189376705583858,0.03,0.0397313484571387,0.997927728533634,False,0,True,0,,True,0.9973390198072636,0.7911311099554786,0.7977633808549945,147922.48877225432,0.0274446744895292,0.1264034753807543,1.008383276572058,2.113263030764545,6.6986684740512045e-06
6080.78,True,forward,final_local_der_m_bounds,0.1185324301480726,0.03,0.0390867033171466,0.997990914379391,False,0,True,0,,True,0.9976528266219724,0.7921740987709969,0.7958744303232677,147836.81558864244,0.0278755988085083,0.1250527962056795,1.0046711089872942,2.11265174739958,6.729782257355266e-06
6083.4800000000005,True,forward,final_local_der_m_bounds,0.11826802714281,0.03,0.038411648941886,0.998056074662829,False,0,True,0,,True,0.9978687278693896,0.7931445171913439,0.7937078366012481,147798.4720299326,0.0283377836638155,0.1235389737996691,1.000710235521641,2.1124984658493773,6.760719746901814e-06
6085.9800000000005,True,forward,final_local_der_m_bounds,0.11826802714281,0.03,0.0378118913782452,0.9981130697472496,False,0,True,0,,True,0.9982225039620066,0.7941020597471881,0.7916921796882423,147736.22053755782,0.0287661430634385,0.1221622803786256,0.9969652766551028,2.1124975742343417,6.7913153933263024e-06
6088.68,True,forward,final_local_der_m_bounds,0.11826802714281,0.03,0.0371768608106336,0.998172566961938,False,0,True,0,,True,0.9985737071493808,0.7951163293790878,0.7899703821310813,147661.71760058482,0.0292113514653099,0.1208347176966521,0.9935280573950416,2.111895646966211,6.820325452710627e-06
6091.28,True,forward,final_local_der_m_bounds,0.11826802714281,0.03,0.0365899164822239,0.9982267179490264,False,0,True,0,,True,0.9989292063751992,0.7961659042385241,0.7877047929839791,147594.98657412,0.0296909999223099,0.1193193562994999,0.9893726782200783,2.111945048355064,6.854507678865409e-06
6094.08,True,forward,final_local_der_m_bounds,0.11826802714281,0.03,0.0359723387792273,0.998282879086398,False,0,True,0,,True,0.9992637804743452,0.7972025551166632,0.7855811514361857,147508.2903554559,0.0301673861014916,0.1178663644812467,0.985422269903818,2.1118227167615604,6.888264318847492e-06
6096.68,True,forward,final_local_der_m_bounds,0.11826802714281,0.03,0.035409630566388,0.9983333319633072,False,0,True,0,,True,0.9996219701496992,0.7981596653070927,0.7838395780933018,147449.96680187064,0.0306110018564134,0.1165598176759755,0.9820586182987822,2.1115253413142665,6.916410481332032e-06
6104.28,True,forward,final_local_der_m_bounds,0.11826802714281,0.03,0.0339056772841959,0.99846437026471,False,0,True,0,,True,1.000511351574061,0.8009102303157787,0.7780937665037114,147254.2291488258,0.0319292673358769,0.1126517886680927,0.9715118337256458,2.1115160131831887,7.006170262002773e-06
6112.28,True,forward,final_local_der_m_bounds,0.11826802714281,0.03,0.0324790275087018,0.998583724095066,False,0,True,0,,True,1.0014420687322227,0.8037783340474866,0.7722163642111912,147042.50219558322,0.0333236823258346,0.1086934476771928,0.96073299254365,2.111517666651288,7.099817800253024e-06
6118.88,True,forward,final_local_der_m_bounds,0.11826802714281,0.03,0.0314006628077909,0.9986707313910804,False,0,True,0,,True,1.002117978239911,0.8060746870775282,0.7677534458677319,146857.9491035427,0.0344438795770781,0.1056984026812301,0.9524594410119336,2.11114048142932,7.173686027132858e-06
6121.28,True,forward,final_local_der_m_bounds,0.11826802714281,0.03,0.0310906016140726,0.9986951805717806,False,0,True,0,,True,1.0023500118672737,0.8067602559200071,0.7664884742596207,146809.71617246143,0.034787111543101,0.104807674386822,0.950082095188909,2.1110124772338485,7.19481890521247e-06
6123.9800000000005,True,forward,final_local_der_m_bounds,0.11826802714281,0.03,0.0313443040980292,0.998675170318588,False,0,True,0,,True,1.002126876630548,0.8061398066889558,0.7677188955524205,146841.07489502712,0.0344709002469151,0.1056663084358439,0.9523396428042168,2.1109751758835107,7.175436162278228e-06
6126.4800000000005,True,forward,final_local_der_m_bounds,0.11826802714281,0.03,0.0315924862816785,0.9986554045086408,False,0,True,0,,True,1.0018399167798473,0.8055251488694442,0.7689356735244789,146869.03404410923,0.0341672553981086,0.1065060934925497,0.9545768677783448,2.110810030024029,7.156438030338327e-06
6129.08,True,forward,final_local_der_m_bounds,0.11826802714281,0.03,0.0318642948635141,0.9986335494762064,False,0,True,0,,True,1.00159580974563,0.8048840400272171,0.7700541174223442,146929.3429315308,0.0338716503628831,0.1072862497278815,0.9567267819055087,2.110980828818011,7.136638419308732e-06
6131.68,True,forward,final_local_der_m_bounds,0.11826802714281,0.03,0.0321526308403734,0.998610149572402,False,0,True,0,,True,1.00137116691025,0.804266396852351,0.7714062084420361,146943.93911346394,0.0335498449144375,0.1082080763621782,0.959142656539028,2.110776348408313,7.116980182170134e-06
6134.18,True,forward,final_local_der_m_bounds,0.11826802714281,0.03,0.0324364745935358,0.998586934935982,False,0,True,0,,True,1.0011105980347164,0.8035950176544869,0.7727055269833641,147001.034729508,0.0332419016095328,0.1090613993833087,0.961560873334827,2.1107752125823085,7.095341991075196e-06
6136.88,True,forward,final_local_der_m_bounds,0.11826802714281,0.03,0.0327722175893727,0.9985590518951386,False,0,True,0,,True,1.000859683323101,0.8028707480076112,0.7742971735241378,147032.56085454894,0.0328939617605888,0.1100780229183587,0.9644107416363332,2.1105741255090376,7.071624446510881e-06
6139.38,True,forward,final_local_der_m_bounds,0.11826802714281,0.03,0.0330957837773394,0.99853190944694,False,0,True,0,,True,1.0005734202753471,0.8022613698523587,0.7752905546666982,147029.5980818942,0.0325964282961442,0.1108975975298429,0.9663815108153292,2.1107511152229,7.056512312076037e-06
6142.08,True,forward,final_local_der_m_bounds,0.11826802714281,0.03,0.0334561114688995,0.9985013837369004,False,0,True,0,,True,1.0002847952591292,0.8014978619611621,0.7767679371701263,147099.7152334032,0.0322654682322566,0.1118359339323096,0.9691453639932052,2.110795895686324,7.031786558118902e-06
6144.4800000000005,True,forward,final_local_der_m_bounds,0.11826802714281,0.03,0.0337865902474705,0.9984731050304116,False,0,True,0,,True,1.0000018459364062,0.8009344352339215,0.7776579146071945,147092.7049399224,0.0319895071959098,0.1126034216517646,0.9709382945684826,2.110973506184569,7.018327164431476e-06
6147.28,True,forward,final_local_der_m_bounds,0.11826802714281,0.03,0.03418745492439,0.9984384340631092,False,0,True,0,,True,0.9997015514370544,0.800086983760135,0.7795245144559847,147179.2925069849,0.0316241023800494,0.1136994020583881,0.9742997077548822,2.110764363836609,6.988356465801309e-06
6149.78,True,forward,final_local_der_m_bounds,0.11826802714281,0.03,0.0345559891911918,0.9984062166786416,False,0,True,0,,True,0.9994610413977232,0.7994027069884289,0.7807769417360123,147217.7015944921,0.031319912361075,0.1145714598212474,0.9767003975723512,2.11097151001791,6.968174387635224e-06
6152.58,True,forward,final_local_der_m_bounds,0.11826802714281,0.03,0.0349816264501164,0.9983685968250408,False,0,True,0,,True,0.999099677350244,0.7986238882660363,0.7822287924599267,147244.19432951012,0.0309712237602125,0.1155992663450587,0.9794708171806552,2.110994788333803,6.945800323152552e-06
6155.18,True,forward,final_local_der_m_bounds,0.11826802714281,0.03,0.035383267142991,0.9983327220379584,False,0,True,0,,True,0.9989064829619678,0.7979614685002726,0.7834857215116412,147287.90336295066,0.0306702787647085,0.1164788069017404,0.9818590902442472,2.1112331992827253,6.925591491561358e-06
6157.58,True,forward,final_local_der_m_bounds,0.11826802714281,0.03,0.0357639160167483,0.998298366577461,False,0,True,0,,True,0.9985905152125952,0.7973013540734912,0.7842533913171673,147337.36202233782,0.0304094647870298,0.1171597073790769,0.9836348418453568,2.111896748320784,6.90984603305067e-06
6159.9800000000005,True,forward,final_local_der_m_bounds,0.1178485171534245,0.03,0.0361508097424001,0.998263108942258,False,0,True,0,,True,0.9983543527302736,0.7965611202555077,0.7861789398704743,147381.05261054932,0.0300739516835912,0.1182673596343471,0.9869662476349546,2.111409090042269,6.882603162934498e-06
6162.4800000000005,True,forward,final_local_der_m_bounds,0.1173856592077902,0.03,0.0365596612493661,0.9982254833885248,False,0,True,0,,True,0.998079402557205,0.7958808457573201,0.7873628896185325,147400.44595910647,0.0297718603204465,0.1191674686950871,0.9892974479984096,2.1116661119481543,6.864160050159319e-06
6165.28,True,forward,final_local_der_m_bounds,0.1172573267601123,0.03,0.0370337942092971,0.998181336075898,False,0,True,0,,True,0.9977808454694168,0.7950183506519253,0.7891572732187803,147485.56093019742,0.0294198614738216,0.1202623572783624,0.9926277457264492,2.111702240150943,6.83523029174902e-06
6167.78,True,forward,final_local_der_m_bounds,0.1165314470028456,0.03,0.0374621911375235,0.998141016830307,False,0,True,0,,True,0.9974085741114508,0.7942782914929114,0.790236336490684,147527.9467751536,0.0291221800008555,0.1211261399607822,0.9949111601745652,2.112135019015888,6.816221030054229e-06
6170.58,True,forward,final_local_der_m_bounds,0.11652798126819,0.03,0.0379605521812918,0.9980935374221366,False,0,True,0,,True,0.997162605452185,0.7935891034139586,0.7915824804409652,147520.39642782943,0.028793592656714,0.1221621664083273,0.9974714585112612,2.1122877406994887,6.797499664238664e-06
6173.18,True,forward,final_local_der_m_bounds,0.1158888171205448,0.03,0.0384441885898455,0.9980468596642322,False,0,True,0,,True,0.9968470298827824,0.7928001826720891,0.792918065160465,147579.14879115226,0.0284772039751768,0.1231254463771276,1.0001486912982016,2.1126827988502823,6.774922952507028e-06
6180.78,True,forward,final_local_der_m_bounds,0.1155419163906133,0.03,0.0398656968036165,0.9979068132186538,False,0,True,0,,True,0.9959465385475732,0.7905115385747616,0.797199639912989,147703.60594475686,0.0275385105010433,0.1261138793604978,1.0084604727595572,2.113361149908862,6.7079681477628605e-06
6189.18,True,forward,final_local_der_m_bounds,0.1146791774302769,0.03,0.0414880687082097,0.9977415326124052,False,0,True,0,,True,0.9949639532395712,0.7879716446735412,0.8021870113273881,147834.75068945906,0.0265023866569632,0.1295692659545659,1.0180404545644994,2.113938573081791,6.632242667002708e-06
6196.28,True,forward,final_local_der_m_bounds,0.1145457515307815,0.03,0.0429478040141051,0.9975877802652996,False,0,True,0,,True,0.99417749623579,0.7857552066720067,0.8060391423418728,147971.6685180992,0.0256409695407871,0.1324115356430846,1.0258145736708215,2.1153529331568044,6.570068213530677e-06
6198.68,True,forward,final_local_der_m_bounds,0.1136148642072115,0.03,0.0432725400015198,0.9975528592414252,False,0,True,0,,True,0.993942087763176,0.7852539639129924,0.8071375514555617,147970.50031624796,0.0254366563178537,0.1331594877411339,1.0278681656486284,2.1152597935384,6.555425861731598e-06
6201.18,True,forward,final_local_der_m_bounds,0.1131982477829648,0.03,0.0424370138230645,0.9976414174041338,False,0,True,0,,True,0.9942982409295956,0.7864385563545049,0.8049891960206169,147895.3480465603,0.0259163041766538,0.1315733493502097,1.0235881614860067,2.114466564857671,6.589479596175229e-06
6203.78,True,forward,final_local_der_m_bounds,0.1128114251115975,0.03,0.0415651365724809,0.9977325522674184,False,0,True,0,,True,0.9946296379527284,0.7875392971014994,0.8034510527197838,147849.02481671836,0.0263706638774944,0.1301780403435242,1.0202043957385325,2.1131387306195326,6.61598718737329e-06
6206.18,True,forward,final_local_der_m_bounds,0.1124805231789353,0.03,0.040782676624861,0.9978128892390492,False,0,True,0,,True,0.9949621808759924,0.7886715708968487,0.8010493213017198,147759.71695821817,0.0268363676300697,0.1286186087719359,1.0156944295466306,2.112870699962999,6.6526474058520994e-06
6208.88,True,forward,final_local_der_m_bounds,0.1119672781074442,0.03,0.039927892516217,0.9978990774555736,False,0,True,0,,True,0.99526793795727,0.789884056631702,0.7989668055628365,147664.0794000498,0.0273308120352913,0.1270908123395998,1.0114988381584331,2.111844702734341,6.687546752503205e-06
6211.38,True,forward,final_local_der_m_bounds,0.1118401325833164,0.03,0.0391696936264844,0.9979740682820466,False,0,True,0,,True,0.9956492340711238,0.7910210330364061,0.7968119585849683,147597.19437303164,0.0278104908267714,0.1255727014972049,1.0073208237287108,2.111378203355169,6.721190167127648e-06
6213.9800000000005,True,forward,final_local_der_m_bounds,0.110799271403449,0.03,0.0383995377414985,0.9980489820382398,False,0,True,0,,True,0.9959570854417372,0.7921211497568478,0.7949968896363204,147516.92684552367,0.028278011240343,0.1241765578914926,1.003630429360907,2.1104508279679903,6.752032152503063e-06
6216.4800000000005,True,forward,final_local_der_m_bounds,0.1107227052435306,0.03,0.0376699259415696,0.9981187476164302,False,0,True,0,,True,0.9962636650546012,0.7932164884045293,0.7928855969807522,147434.99946754973,0.0287470473441134,0.1227430447248015,0.9995828485304904,2.109962142955238,6.785744473810219e-06
6218.9800000000005,True,forward,final_local_der_m_bounds,0.1100109700597347,0.03,0.0369642714569897,0.9981850784911503,False,0,True,0,,True,0.9965635788893552,0.7941872202004199,0.7911087082023283,147399.55122293648,0.0291943831672332,0.1213984678060681,0.9961236948671692,2.109477331662985,6.813100930835605e-06
6221.58,True,forward,final_local_der_m_bounds,0.1093148783617199,0.03,0.0362587043864879,0.9982502469678126,False,0,True,0,,True,0.996926452100406,0.7954056619369041,0.7886727048148012,147273.76352400362,0.0297070474391453,0.1198542747944808,0.9915351908538,2.109147508806483,6.853240789700136e-06
6224.18,True,forward,final_local_der_m_bounds,0.1090749159208237,0.03,0.0355802726423794,0.9983118140376224,False,0,True,0,,True,0.9972794190258818,0.7965007513537302,0.7867329114657821,147176.57823752493,0.0301842945922738,0.1184806339053451,0.9877365591038718,2.10858485813086,6.886331072773984e-06
6226.58,True,forward,final_local_der_m_bounds,0.1086911472490387,0.03,0.0349832569958982,0.9983650746862373,False,0,True,0,,True,0.9975353445779878,0.7974003946643813,0.7851094315537008,147135.6257977058,0.0306065648556096,0.1172774753065808,0.98458620889465,2.108107105215765,6.912041411633568e-06
6229.18,True,forward,final_local_der_m_bounds,0.1086911472490387,0.03,0.0343669885483494,0.998419144999082,False,0,True,0,,True,0.9978732008906296,0.798553022247849,0.7827770981956913,147020.32161961697,0.0311115405816407,0.1158061211208418,0.9802443624748298,2.1078904066430115,6.950446909099332e-06
6231.58,True,forward,final_local_der_m_bounds,0.1086911472490387,0.03,0.0338256928975811,0.9984658697010071,False,0,True,0,,True,0.9982082111378752,0.7994624039111082,0.7813334368410808,146977.70935369493,0.0315387818468557,0.1146427907648824,0.9773235527007432,2.107323309698204,6.974719802355843e-06
6234.28,True,forward,final_local_der_m_bounds,0.1086911472490387,0.03,0.0332491391114006,0.9985148324075056,False,0,True,0,,True,0.9985183161936964,0.8005177851617262,0.7793177503566627,146910.54324778818,0.032038673127827,0.1132428563016182,0.9735170970613968,2.1069958252808982,7.007079604095404e-06
6236.78,True,forward,final_local_der_m_bounds,0.1086911472490387,0.03,0.032746597015625,0.9985568154438744,False,0,True,0,,True,0.9988166983050466,0.8015320525100754,0.7772299567239402,146809.64933721325,0.0325047333590202,0.1119309114093222,0.9696804442067778,2.106915682168073,7.04147423646042e-06
6239.18,True,forward,final_local_der_m_bounds,0.1086911472490387,0.03,0.032289660347153,0.998594427794846,False,0,True,0,,True,0.9991004679750468,0.8024347785065723,0.7756922119414521,146757.1005862705,0.0329400844351277,0.1107752330668058,0.9666732209502542,2.106442168118132,7.067243328985933e-06
6241.9800000000005,True,forward,final_local_der_m_bounds,0.1086911472490387,0.03,0.0317911022187976,0.9986348269217566,False,0,True,0,,True,0.9994224022235048,0.8035219630074178,0.7734634558966076,146675.0838397009,0.0334691815911522,0.1093159984454669,0.9625915550605394,2.1063887532601626,7.102962415772498e-06
6244.4800000000005,True,forward,final_local_der_m_bounds,0.1086911472490387,0.03,0.0313826848856496,0.998667376334788,False,0,True,0,,True,0.9997012244786654,0.8044807835564114,0.771478440498243,146597.07900972897,0.0339385510901921,0.1080356635086345,0.9589768410473732,2.10637913745744,7.135030345957546e-06
6247.28,True,forward,final_local_der_m_bounds,0.1086911472490387,0.03,0.0309643570433107,0.9987001792400624,False,0,True,0,,True,1.000084652976546,0.8054716192069652,0.7698402546780299,146537.85579385218,0.0344276101194744,0.1067871519947236,0.955763351955198,2.105990534590798,7.163103956544944e-06
6249.78,True,forward,final_local_der_m_bounds,0.1086911472490387,0.03,0.030621739577721,0.9987266324966853,False,0,True,0,,True,1.000333233745292,0.8064192967656513,0.767756857831632,146467.11612813754,0.0349138954667268,0.1054661727771528,0.9520566545355688,2.106137049852364,7.195870799718265e-06
6257.78,True,forward,final_local_der_m_bounds,0.1086911472490387,0.03,0.0297894340673743,0.9987884954607532,False,0,True,0,,True,1.0012529172801012,0.8093627232283791,0.7619676904956753,146215.3766239462,0.0363978942121563,0.1016568213165898,0.9414415423734184,2.106026235874264,7.292964089774252e-06
6265.4800000000005,True,forward,final_local_der_m_bounds,0.1086911472490387,0.03,0.0294160762808229,0.9988129151913616,False,0,True,0,,True,1.0021269870495018,0.8120130068671101,0.7559651311362438,146023.846244517,0.0378921924682372,0.0977149810361634,0.9309766281366488,2.107355977180608,7.387508889030405e-06
6271.9800000000005,True,forward,final_local_der_m_bounds,0.1086911472490387,0.03,0.0294003115851687,0.9988095082238476,False,0,True,0,,True,1.0029237941676143,0.8141886589079288,0.7507363061461702,145857.40198693765,0.0391940934380669,0.0942802252595708,0.9220667690865808,2.1092036684254505,7.469430389182868e-06
6274.68,True,forward,final_local_der_m_bounds,0.1086911472490387,0.03,0.029459108602469,0.9988032077832948,False,0,True,0,,True,1.0031936951179166,0.8149238996569292,0.7487297339945314,145796.41133548928,0.0396556302596901,0.0930304240457042,0.9187725802491932,2.1102256358387628,7.5000507406526575e-06
6277.28,True,forward,final_local_der_m_bounds,0.1090749159208237,0.03,0.0295340913629171,0.9987973255442862,False,0,True,0,,True,1.0031439118502157,0.8147614709102746,0.748836498599644,145799.70931418208,0.0396097611840113,0.0930789528535831,0.919086782249316,2.1105337198377145,7.497353718903657e-06
6280.18,True,forward,final_local_der_m_bounds,0.1093148783617199,0.03,0.029566524588949,0.9987947294652452,False,0,True,0,,True,1.003110180842931,0.8145845452856517,0.7489533959060036,145828.76011707928,0.0395854197052442,0.0930724641894489,0.9194299109165728,2.110911712187728,7.493100619469349e-06
6282.68,True,forward,final_local_der_m_bounds,0.109378116154889,0.03,0.0295885246773796,0.9987929671232604,False,0,True,0,,True,1.0030710137067815,0.8144712308108025,0.7487934124852572,145839.87225899356,0.0395870801253916,0.0929758462812423,0.9193614018015548,2.111476273818158,7.4932426453222e-06
6285.38,True,forward,final_local_der_m_bounds,0.1100109700597347,0.03,0.0295800921733133,0.9987936534031352,False,0,True,0,,True,1.0030065796708294,0.8142960581827123,0.7490564745380833,145865.30917963767,0.0395577187587367,0.0930183678121919,0.9198822308065372,2.111560088752604,7.487646889810479e-06
6287.78,True,forward,final_local_der_m_bounds,0.1106747481448998,0.03,0.0295724247334203,0.9987942830144512,False,0,True,0,,True,1.0029545411872811,0.8142405755022785,0.7487216044716235,145851.58488814038,0.0395754937987896,0.0928758247104749,0.91953364521261,2.112159870799564,7.491410009139182e-06
6290.28,True,forward,final_local_der_m_bounds,0.1107227052435306,0.03,0.0295665764593013,0.9987947644646714,False,0,True,0,,True,1.002953184787142,0.8141659893249586,0.7485819465857433,145858.46814774207,0.0395849851095198,0.0927767752627204,0.919446349271366,2.112635691273701,7.491888992723643e-06
6292.9800000000005,True,forward,final_local_der_m_bounds,0.110799271403449,0.03,0.0295613547332556,0.9987952145940788,False,0,True,0,,True,1.002914511328796,0.8140486876398649,0.7486330461466812,145878.10345653308,0.0395766387611486,0.0927416635090793,0.919641610524746,2.112892639717133,7.489327929861183e-06
6295.38,True,forward,final_local_der_m_bounds,0.1118024776826526,0.03,0.0295638713074171,0.9987950223019842,False,0,True,0,,True,1.0028902642229225,0.8139579037542102,0.7486918447532671,145892.08930450655,0.0395702489768365,0.0927164085130123,0.9198164196208218,2.113074063054112,7.487204706752764e-06
6298.08,True,forward,final_local_der_m_bounds,0.1118401325833164,0.03,0.0295688384201937,0.9987946293462828,False,0,True,0,,True,1.0028710712707165,0.8138664849982359,0.7486525301405095,145906.34931063987,0.0395749326673335,0.0926380601445641,0.9198714333864384,2.113418626385608,7.486098876323653e-06
6300.58,True,forward,final_local_der_m_bounds,0.1119672781074442,0.03,0.0295760999748606,0.9987940494956392,False,0,True,0,,True,1.002773731597888,0.813711634425915,0.7486491581593164,145936.32692589596,0.0395619447703426,0.0925988729153681,0.920042342380294,2.113768944592432,7.48325907813399e-06
6303.38,True,forward,final_local_der_m_bounds,0.1124805231789353,0.03,0.0295810954358218,0.9987936550189735,False,0,True,0,,True,1.00278947897684,0.813661066931631,0.7485248050940916,145933.63642941182,0.039573796914397,0.0925003294568697,0.919946689740026,2.114172265614727,7.4842743656056e-06
6305.9800000000005,True,forward,final_local_der_m_bounds,0.1131192770586005,0.03,0.0295855108795918,0.9987933074740998,False,0,True,0,,True,1.002771159328914,0.8135705505239055,0.7485378993524185,145951.2263966042,0.0395740934739045,0.0924457398268897,0.920065136170909,2.11443537204764,7.482451681485968e-06
6308.38,True,forward,final_local_der_m_bounds,0.1131192770586005,0.03,0.0295939975459599,0.9987926272852372,False,0,True,0,,True,1.0027666238022384,0.8134904327627884,0.7484894286151755,145956.34521780108,0.0395724847205166,0.0923905973964899,0.9200961664332604,2.1147848932339484,7.482009026029957e-06
6310.9800000000005,True,forward,final_local_der_m_bounds,0.1131192770586005,0.03,0.0296032894313429,0.9987918826746134,False,0,True,0,,True,1.0027351343148694,0.8133976549423484,0.748400665087427,145969.2609824924,0.0395782664295523,0.0923019232529393,0.9200919876520566,2.115184352469764,7.481483209841543e-06
6313.4800000000005,True,forward,final_local_der_m_bounds,0.1131192770586005,0.03,0.0296154979883585,0.9987908997169448,False,0,True,0,,True,1.0026352875186364,0.813283264838529,0.7483722244095298,145974.8222418968,0.039568646934934,0.0922673009844311,0.9201864304414444,2.1154241198888903,7.480509554266601e-06
6315.88,True,forward,final_local_der_m_bounds,0.1131192770586005,0.03,0.0296338680317936,0.9987894136969478,False,0,True,0,,True,1.0026412769291528,0.8131956455458599,0.7483964833329427,145990.85631170013,0.0395661096237182,0.0922220745275045,0.9203154092525662,2.115711279820061,7.478673472803257e-06
6318.4800000000005,True,forward,final_local_der_m_bounds,0.1131192770586005,0.03,0.0296496619788916,0.9987881402557776,False,0,True,0,,True,1.0026215938082823,0.813136019096653,0.7482527985512849,145984.93100432697,0.0395730527250158,0.0921347114935664,0.9202061905738111,2.116101991466057,7.479980603711384e-06
6321.08,True,forward,final_local_der_m_bounds,0.1131192770586005,0.03,0.0296706377559883,0.998786444031693,False,0,True,0,,True,1.0025863545133562,0.8130380792802436,0.7482039582281965,145998.20011577953,0.0395750593665233,0.0920610498014768,0.920256968641072,2.116450937752792,7.478969765632412e-06
6323.78,True,forward,final_local_der_m_bounds,0.1119672781074442,0.03,0.0296849639478043,0.9987852957039544,False,0,True,0,,True,1.0025863344482708,0.8129743073981459,0.7481408152283346,145997.63543091682,0.039578765858961,0.0919914450257494,0.9202514869414444,2.1167746103719844,7.479114668259869e-06
6326.38,True,forward,final_local_der_m_bounds,0.1118024776826526,0.03,0.0296905232796505,0.9987848663728968,False,0,True,0,,True,1.0025467998885118,0.8128726600727547,0.7480244902022548,146011.38949207898,0.039583322135716,0.0918959609216643,0.920223458044836,2.117231231068614,7.47876099871948e-06
6333.88,True,forward,final_local_der_m_bounds,0.1109901004330748,0.03,0.0297189105770803,0.998782618879816,False,0,True,0,,True,1.002473978709926,0.8125708383272882,0.7480530752150176,146048.33781183406,0.0395712785762156,0.091748104661104,0.9206004448238838,2.1181082415611843,7.473952005906839e-06
6341.88,True,forward,final_local_der_m_bounds,0.1107227052435306,0.03,0.0297019535810904,0.9987840112498454,False,0,True,0,,True,1.0023571136917389,0.8123033678602932,0.7482791132490778,146062.14065409053,0.0395219020568049,0.0917906460328529,0.9211818427149168,2.1184676889119944,7.468535328779489e-06
6348.4800000000005,True,forward,final_local_der_m_bounds,0.1106747481448998,0.03,0.0295104261996314,0.9987994116117156,False,0,True,0,,True,1.0021140647550466,0.8121914594085312,0.749316414715136,146032.41148522522,0.0393632598753097,0.092472496207635,0.9225859322145752,2.1167660088976747,7.4581271177983055e-06
6350.9800000000005,True,forward,final_local_der_m_bounds,0.109378116154889,0.03,0.0294302933534817,0.9988057443457746,False,0,True,0,,True,1.0020426489321252,0.8121649999548448,0.749736565406603,146034.3069963204,0.0393207854368503,0.0926977520593094,0.9231333109014638,2.1160679651475545,7.453371195661646e-06
6353.78,True,forward,final_local_der_m_bounds,0.1093148783617199,0.03,0.0295175289767875,0.9987999179069456,False,0,True,0,,True,1.0017195702474724,0.8114400996653814,0.751599194740533,146072.83058574598,0.0388814877176488,0.0939058665731401,0.926253453644298,2.115134069386915,7.4255242570353345e-06
6356.28,True,forward,final_local_der_m_bounds,0.1085380788958654,0.03,0.0296291926138664,0.9987920987800808,False,0,True,0,,True,1.0013850854196815,0.8107808543740812,0.7531179431153057,146110.0956263101,0.0384859105935766,0.0949659896110416,0.928879781820587,2.1144779756514245,7.401988774372043e-06
6358.88,True,forward,final_local_der_m_bounds,0.1081910778309659,0.03,0.0297839483325666,0.9987808507828838,False,0,True,0,,True,1.0011092080330093,0.810057501785291,0.7549869272975102,146143.17328306983,0.0380457081024796,0.0961832386352408,0.9320164625765326,2.113658479279097,7.374517579729051e-06
6361.4800000000005,True,forward,final_local_der_m_bounds,0.1081496437407011,0.03,0.0299731292570203,0.9987667712467294,False,0,True,0,,True,1.000741020538361,0.8093031072407928,0.7567248157706167,146175.95915989435,0.0376065012778066,0.0973790566992862,0.9350326336328616,2.112967749266926,7.348225837791264e-06
6363.88,True,forward,final_local_der_m_bounds,0.1081496437407011,0.03,0.0301545814531893,0.9987531887212092,False,0,True,0,,True,1.000449685455279,0.8086010981624188,0.7583183920637423,146215.22028291386,0.0372053084767911,0.0984675665891756,0.93781518945133,2.1124816100065456,7.323625320848074e-06
6366.4800000000005,True,forward,final_local_der_m_bounds,0.1081496437407011,0.03,0.0303631623239052,0.9987374345610044,False,0,True,0,,True,1.0001094332248326,0.8078505501675204,0.7600211951665785,146254.9040062623,0.0367762460782723,0.0996429656118714,0.9407943028682424,2.111916082979149,7.297513532639353e-06
6369.18,True,forward,final_local_der_m_bounds,0.1081496437407011,0.03,0.0305974740337492,0.9987195236401546,False,0,True,0,,True,0.9998307490265352,0.8070565976835443,0.7620172714446278,146299.5200793748,0.0363187334015396,0.1009358189841039,0.9441931007463532,2.111216570535648,7.267846976238635e-06
6371.88,True,forward,final_local_der_m_bounds,0.1081496437407011,0.03,0.030846234178258,0.9987003166605448,False,0,True,0,,True,0.9994438297957844,0.8062281272096579,0.7638932409886227,146339.3851538838,0.035863252673981,0.1022095429760773,0.9474901894485428,2.11060747117323,7.239420753165078e-06
6374.38,True,forward,final_local_der_m_bounds,0.1081496437407011,0.03,0.0310922305256963,0.9986811117897444,False,0,True,0,,True,0.999128329352234,0.8054870808435027,0.7654710722957646,146384.1663884709,0.0354647056736264,0.1033071973583917,0.9503207320149276,2.1102881860062106,7.214622266223041e-06
6376.9800000000005,True,forward,final_local_der_m_bounds,0.1081496437407011,0.03,0.0313642284624026,0.9986596484322348,False,0,True,0,,True,0.9988310653564548,0.8047606889813376,0.7671417964576916,146397.15347129447,0.0350421833429278,0.1045096551261297,0.9532545599720288,2.1098312603451976,7.190639505842215e-06
6379.4800000000005,True,forward,final_local_der_m_bounds,0.1081496437407011,0.03,0.0316443157566782,0.9986372919477964,False,0,True,0,,True,0.998517677177294,0.8039838576086862,0.7689574189968909,146449.69755344192,0.0346299568569765,0.1056963995799686,0.95643390314331,2.1093246883783894,7.1628712319572e-06
6382.38,True,forward,final_local_der_m_bounds,0.1081496437407011,0.03,0.0319899577825656,0.9986093781155296,False,0,True,0,,True,0.9981135830251888,0.8030862913495156,0.7710065037719299,146487.54142768713,0.0341490383882741,0.1070928772141978,0.960054370342098,2.108740064306029,7.132483978711622e-06
6384.78,True,forward,final_local_der_m_bounds,0.1081496437407011,0.03,0.0322869129731662,0.9985851539730072,False,0,True,0,,True,0.9978282539469866,0.8023654146917066,0.7725880538820342,146516.5392178125,0.0337643771526646,0.1082021539607845,0.9628880304853196,2.1084598534093915,7.1088469677518335e-06
6387.18,True,forward,final_local_der_m_bounds,0.1081496437407011,0.03,0.0325987664165781,0.9985594487569294,False,0,True,0,,True,0.9974992320304692,0.80165006897123,0.7740154010365052,146548.8824004098,0.033393661066093,0.1092574863144895,0.9655277670340766,2.108300130935445,7.086671986247282e-06
6389.9800000000005,True,forward,final_local_der_m_bounds,0.1081496437407011,0.03,0.0329754492540749,0.9985280789561956,False,0,True,0,,True,0.9971372176262716,0.8007099547899893,0.7763769724844448,146612.6797644081,0.0329147457561982,0.1107209600622036,0.9696107408681754,2.107561626531162,7.051799456039856e-06
6392.38,True,forward,final_local_der_m_bounds,0.1081496437407011,0.03,0.0333069405581274,0.9985001976089748,False,0,True,0,,True,0.9968369991164706,0.7999260236897912,0.7779509839064302,146668.0265941119,0.0325355850108893,0.1118154148958727,0.9725286599853354,2.1075288896369297,7.026577828118041e-06
6395.08,True,forward,final_local_der_m_bounds,0.1081496437407011,0.03,0.0337046673506924,0.9984663212582024,False,0,True,0,,True,0.9965077474744022,0.7990020733687634,0.7801119957655954,146747.1767555145,0.0320864541392379,0.1131830515521337,0.9763579116590732,2.10712583359475,6.993290257439372e-06
6397.58,True,forward,final_local_der_m_bounds,0.1081496437407011,0.03,0.0340822378072229,0.9984338211937986,False,0,True,0,,True,0.9961630721209408,0.7982793092992236,0.7815103906226536,146739.29376255957,0.0317065472141369,0.1143072478821678,0.9789936699082296,2.1070517303078526,6.973471419032063e-06
6400.08,True,forward,final_local_der_m_bounds,0.1081496437407011,0.03,0.0344838712036561,0.9983988031292316,False,0,True,0,,True,0.9957773473159218,0.7974321166748033,0.7833420599118887,146787.38978238293,0.0312998918424613,0.115554624678895,0.9823307132127204,2.1067460865380383,6.94570512196387e-06
6402.58,True,forward,final_local_der_m_bounds,0.1081496437407011,0.03,0.0349100535901244,0.9983611562100256,False,0,True,0,,True,0.9954861921884957,0.7966107539379198,0.7851360597818139,146841.22763002617,0.0309055978414825,0.1167670660023685,0.9855956072656784,2.1066144572463834,6.918341118580382e-06
6410.18,True,forward,final_local_der_m_bounds,0.1081910778309659,0.03,0.0362657830881551,0.998238643301291,False,0,True,0,,True,0.9945056423988442,0.7940499350295275,0.7908547424954122,146984.49963189595,0.0296923436093306,0.1206114849040353,0.9959760811088078,2.1059723157761927,6.833451691755288e-06
6417.88,True,forward,final_local_der_m_bounds,0.1085380788958654,0.03,0.037748970869278,0.998099755762968,False,0,True,0,,True,0.9933350173358274,0.7914716885533863,0.7958398900733463,147085.33539469278,0.028511400672305,0.1243562280073293,1.005519087521556,2.1061328956634893,6.757871576457804e-06
6424.9800000000005,True,forward,final_local_der_m_bounds,0.1087070045343438,0.03,0.0393384941586979,0.9979449520403646,False,0,True,0,,True,0.9925384269932428,0.7888382882481398,0.8009585447981318,147246.9333402235,0.0274174435367839,0.1278103149604304,1.01536469100265,2.1072302884142573,6.678234179636375e-06
6427.4800000000005,True,forward,final_local_der_m_bounds,0.1092059875542044,0.03,0.0398597836693774,0.997892964298416,False,0,True,0,,True,0.992222986456664,0.78802428711071,0.8021142972343251,147303.26300530753,0.0270983596955645,0.1287621737055994,1.0178801724186397,2.1080177531931272,6.657339830328291e-06
6430.28,True,forward,final_local_der_m_bounds,0.109378116154889,0.03,0.0394308125084227,0.9979357607974988,False,0,True,0,,True,0.9924758506753938,0.7887335411610294,0.8007432817539849,147258.49492789523,0.0273806325557124,0.1278539653459649,1.0152266132555705,2.1077725125939413,6.678690636167974e-06
6432.68,True,forward,final_local_der_m_bounds,0.1096445108993265,0.03,0.0390802960546985,0.9979702591618328,False,0,True,0,,True,0.9924969863268024,0.7892141286115427,0.7996091764598161,147218.9823405911,0.0276059388114153,0.1271174697510893,1.0131713909716256,2.1075682930456963,6.6954869114639015e-06
6435.18,True,forward,final_local_der_m_bounds,0.1101466960447664,0.03,0.0386969630824005,0.9980077002110802,False,0,True,0,,True,0.9927290298536544,0.7898800577188708,0.7985881558280641,147153.99431914583,0.0278644440331483,0.1263535063962408,1.0110245828136766,2.106982424880516,6.7141879733731785e-06
6437.78,True,forward,final_local_der_m_bounds,0.1106747481448998,0.03,0.0383066156313535,0.998045465023038,False,0,True,0,,True,0.9929117282840056,0.7905091993041533,0.7973327731831406,147121.38953604334,0.0281386068396628,0.1254895352038711,1.008631871564548,2.1067499369408,6.73325723630257e-06
6440.18,True,forward,final_local_der_m_bounds,0.110742182136038,0.03,0.037960255858907,0.9980785948572122,False,0,True,0,,True,0.9930482994839231,0.7909983097409427,0.79655565557449,147118.5112070159,0.0283717613724152,0.1247969262411505,1.0070257366736566,2.1062932997629966,6.745225110541686e-06
6442.88,True,forward,final_local_der_m_bounds,0.1109901004330748,0.03,0.0375786274300177,0.9981147598268766,False,0,True,0,,True,0.9931740239514812,0.7916288275382084,0.7951578954952732,147066.4808294902,0.0286547567311136,0.1239039991278216,1.0044579831283298,2.106140942957224,6.766574986246724e-06
6445.4800000000005,True,forward,final_local_der_m_bounds,0.1112541033608874,0.03,0.0372144204445056,0.9981489828489398,False,0,True,0,,True,0.9933891200561016,0.7922246265065874,0.7943598245035212,147052.02486868796,0.028918548118901,0.1231607374728367,1.0026951926581091,2.105496815674827,6.780301406517539e-06
6448.08,True,forward,final_local_der_m_bounds,0.1117317173298313,0.03,0.0368554201481197,0.9981824188855732,False,0,True,0,,True,0.9935470406131776,0.7928846283219506,0.7928695476658956,146996.9956024133,0.0292087502423948,0.1222490066361174,0.9999809800120768,2.105445862730873,6.803001657123217e-06
6450.58,True,forward,final_local_der_m_bounds,0.1118024776826526,0.03,0.0365153185595534,0.9982138306104618,False,0,True,0,,True,0.9936767937602172,0.7933471052423233,0.7924152798244797,146968.79617283546,0.0294245376129219,0.1216922993434673,0.9988254505352244,2.104648579518672,6.812911011753215e-06
6453.18,True,forward,final_local_der_m_bounds,0.1122494373228588,0.03,0.036162935751399,0.9982461238427668,False,0,True,0,,True,0.9938009480820702,0.7939745607163887,0.790932828183534,146923.0894728668,0.0297135734826561,0.1207891322508692,0.9961689798598709,2.1046483753007554,6.834866313584452e-06
6455.78,True,forward,final_local_der_m_bounds,0.1128244295135567,0.03,0.035813618848961,0.9982778742062144,False,0,True,0,,True,0.9940331399991588,0.7946914800961858,0.7895207450122684,146846.119093242,0.0300145844829244,0.1198920446529999,0.9934934056631743,2.104462859138135,6.858501263184231e-06
6458.28,True,forward,final_local_der_m_bounds,0.1131192770586005,0.03,0.0354809391590396,0.998307868366547,False,0,True,0,,True,0.9941653125014742,0.7951991982933021,0.7885757490238735,146815.5123652942,0.030258080874854,0.1191928233991283,0.9916707042919004,2.104192996514584,6.873629757321646e-06
6460.78,True,forward,final_local_der_m_bounds,0.1131629355318277,0.03,0.0351572966404272,0.9983367861505178,False,0,True,0,,True,0.9943323161519398,0.7957416174637244,0.7875975266479486,146787.16215713878,0.0305151877074713,0.1184570479718443,0.989765407970324,2.103920841935336,6.889309678780902e-06
6463.4800000000005,True,forward,final_local_der_m_bounds,0.1133423029056844,0.03,0.0348126235603942,0.9983673267767248,False,0,True,0,,True,0.9944274040096308,0.796325733251747,0.7863095574114245,146741.98542362754,0.0307951443341284,0.1176320285769834,0.9874220115938962,2.103779640113252,6.909145496597171e-06
6465.9800000000005,True,forward,final_local_der_m_bounds,0.1139279048878665,0.03,0.0345021451167996,0.9983945876299448,False,0,True,0,,True,0.9945008661304237,0.7968924220417005,0.7848778919208549,146704.60505569098,0.0310753071137309,0.116773339240819,0.984923272215259,2.1038639480293906,6.929869564595471e-06
6468.4800000000005,True,forward,final_local_der_m_bounds,0.1139694168772158,0.03,0.0342008386205362,0.9984208109236078,False,0,True,0,,True,0.9946516102549444,0.797362214298152,0.7844286938861509,146670.61296554422,0.0312943707825372,0.1162437714346179,0.983779617117441,2.103100569213841,6.940135876538643e-06
6471.08,True,forward,final_local_der_m_bounds,0.1142720021714198,0.03,0.0338898144075698,0.9984476797786422,False,0,True,0,,True,0.994870388672461,0.7979298620023881,0.7834361612029751,146635.15148865044,0.0315606795446162,0.1155057266507989,0.9818358711841648,2.1028868374601,6.95660668872472e-06
6473.78,True,forward,final_local_der_m_bounds,0.1144687498174973,0.03,0.0335753065497958,0.9984746098420044,False,0,True,0,,True,0.995043340156949,0.79858076790803,0.781989737092357,146585.1126844101,0.0318665420465129,0.1146125132351751,0.9792243546521474,2.1029160262508406,6.978944298053231e-06
6476.28,True,forward,final_local_der_m_bounds,0.1144687498174973,0.03,0.0332788998938907,0.9984998441867404,False,0,True,0,,True,0.9951846798672244,0.7990924059059284,0.7810343383912829,146546.35626967804,0.0321172261903636,0.1139241117805067,0.9774017780907664,2.1027016703881536,6.994749624271996e-06
6479.08,True,forward,final_local_der_m_bounds,0.1144687498174973,0.03,0.0329493698680824,0.9985276801069658,False,0,True,0,,True,0.9953887215691144,0.7997747585555107,0.7797142489188148,146476.71325337485,0.0324265475787447,0.1130663640325096,0.9749173008749018,2.1025206599981594,7.017167798962214e-06
6486.68,True,forward,final_local_der_m_bounds,0.1144687498174973,0.03,0.0321048743981443,0.9985977635408624,False,0,True,0,,True,0.9957760254458894,0.8013598243924472,0.7764053178397383,146360.00252774154,0.0332239045611556,0.1108547471880722,0.9688597983164076,2.102295680996824,7.069626941258257e-06
6494.28,True,forward,final_local_der_m_bounds,0.1144687498174973,0.03,0.0314018284492609,0.9986544371982728,False,0,True,0,,True,0.9962739739369808,0.8028862153638527,0.7730462798235109,146257.16302962252,0.0340501595038889,0.108508494567916,0.9628341663247776,2.102640308693498,7.1216336048581605e-06
6501.38,True,forward,final_local_der_m_bounds,0.1144687498174973,0.03,0.0308561151792306,0.9986972464274866,False,0,True,0,,True,0.9967835621267522,0.8043347996433889,0.7693239306271196,146156.20755133114,0.0348845763568556,0.1060407602586664,0.956472268722189,2.103868287193056,7.17674715273229e-06
6503.88,True,forward,final_local_der_m_bounds,0.1144687498174973,0.03,0.0307280029341758,0.9987070780556728,False,0,True,0,,True,0.9969103008106718,0.8046482420446236,0.7683651012875409,146158.38292798243,0.0351083529928681,0.1053562175478406,0.954908071799316,2.1043995150600403,7.1890757043266425e-06
6506.28,True,forward,final_local_der_m_bounds,0.1144687498174973,0.03,0.0309617357456976,0.9986882312295412,False,0,True,0,,True,0.9967817855349712,0.8042409184413933,0.7688593887789601,146171.68805704932,0.0349344778666376,0.1057310474327758,0.9560063050124308,2.1048752308282648,7.179795088200915e-06
6508.9800000000005,True,forward,final_local_der_m_bounds,0.1144687498174973,0.03,0.0312350665745048,0.998666112995754,False,0,True,0,,True,0.996635450637796,0.8036929466452621,0.7696241736681103,146220.86650224848,0.0347131726333726,0.106220027606971,0.957609715104058,2.1054296627548266,7.164780562561618e-06
6511.4800000000005,True,forward,final_local_der_m_bounds,0.1144687498174973,0.03,0.031509166803252,0.9986437124172108,False,0,True,0,,True,0.996455926377418,0.8031868828518006,0.7702035357803116,146240.64730263888,0.034503435957028,0.1066729235301386,0.9589344052104312,2.106034664834828,7.153447404288337e-06
6514.18,True,forward,final_local_der_m_bounds,0.1144687498174973,0.03,0.0318131198516932,0.9986186681314349,False,0,True,0,,True,0.9962550726128238,0.8025910381501946,0.7710423355910354,146296.7171017343,0.0342675164132217,0.1072074751410716,0.960691434292772,2.106546615967588,7.136945115565128e-06
6516.68,True,forward,final_local_der_m_bounds,0.1144687498174973,0.03,0.0320996905478443,0.9985948525213224,False,0,True,0,,True,0.9961085548614912,0.8021210781205925,0.771476126015629,146309.79711342175,0.03406885347164,0.1076177933934195,0.9617951043291793,2.107306722461522,7.127724171105194e-06
6519.4800000000005,True,forward,final_local_der_m_bounds,0.1144687498174973,0.03,0.0324300878485958,0.9985671222092212,False,0,True,0,,True,0.9959291046799328,0.8015670948757746,0.7718359200845578,146342.98796585476,0.0338557599177588,0.1080167615748312,0.9629086885161816,2.108408905887653,7.1174948774489766e-06
6522.18,True,forward,final_local_der_m_bounds,0.1144687498174973,0.03,0.0327528490581759,0.9985397835240029,False,0,True,0,,True,0.9957173217716292,0.8009177653112733,0.7729366482089137,146386.4971639112,0.0335913991983226,0.1086753585254943,0.9650636827970912,2.108725254101901,7.098540515412016e-06
6524.78,True,forward,final_local_der_m_bounds,0.1144687498174973,0.03,0.0330688333029207,0.998512778661611,False,0,True,0,,True,0.9956043697556018,0.800355065442739,0.773743813803172,146440.2388860422,0.0333670871890379,0.1091906707528686,0.9667506925506292,2.1093643655082834,7.082810628437422e-06
6527.18,True,forward,final_local_der_m_bounds,0.1144687498174973,0.03,0.0333645916862715,0.9984872875697592,False,0,True,0,,True,0.9954774198567296,0.7997811750173122,0.774649524530037,146489.9553065529,0.0331415142956024,0.1097343445158328,0.9685768416758108,2.109877707198687,7.066216194793059e-06
6530.08,True,forward,final_local_der_m_bounds,0.1144687498174973,0.03,0.0337310638511525,0.9984554039640192,False,0,True,0,,True,0.9952696215200212,0.7991518221738757,0.7753873113382168,146535.42414927992,0.0328956931895616,0.1102831843496159,0.9702628334488258,2.110665033144381,7.050989467646481e-06
6532.4800000000005,True,forward,final_local_der_m_bounds,0.1144687498174973,0.03,0.0340400630703892,0.9984282703706464,False,0,True,0,,True,0.995036579757538,0.7986398282413222,0.7757802979515569,146554.12840753238,0.032695898536215,0.1107027064442911,0.9713769217594568,2.111467940977652,7.041523947801067e-06
6535.38,True,forward,final_local_der_m_bounds,0.1144687498174973,0.03,0.0344202816778909,0.9983945693805538,False,0,True,0,,True,0.9949121357034189,0.7981101816935778,0.7762692442955362,146558.0592920841,0.0324665771454235,0.1111999585136116,0.972634182724376,2.1124307885179165,7.031659149544275e-06
6537.78,True,forward,final_local_der_m_bounds,0.1144687498174973,0.03,0.0347373972379461,0.9983662112415984,False,0,True,0,,True,0.9946707723828874,0.7974715395736857,0.7772851544468443,146627.8133997613,0.0322337166019209,0.1117816448646498,0.9746870149903624,2.112795667184677,7.012469213780496e-06
6540.28,True,forward,final_local_der_m_bounds,0.1144687498174973,0.03,0.0350723666447372,0.998336000069828,False,0,True,0,,True,0.9945830413021988,0.7969863721061908,0.7778122238045729,146642.92582610509,0.0320305052976086,0.1122365125290478,0.975941686115728,2.1136267275603555,7.002110114954425e-06
6543.08,True,forward,final_local_der_m_bounds,0.1144687498174973,0.03,0.0354508886216616,0.9983015543004424,False,0,True,0,,True,0.9943184293732152,0.7962943556296138,0.7787422738864902,146704.33373070392,0.0317717812700834,0.1128611614580412,0.9779577971148048,2.1142675353057245,6.983698032574327e-06
6545.4800000000005,True,forward,final_local_der_m_bounds,0.1144687498174973,0.03,0.0357783697353165,0.9982714903449232,False,0,True,0,,True,0.9941996950413984,0.7957718169321666,0.7794331654363331,146738.53002283018,0.0315628126193503,0.1133600241486596,0.9794681702113784,2.114943657654909,6.9704969237630695e-06
6548.28,True,forward,final_local_der_m_bounds,0.1144687498174973,0.03,0.0361594251160608,0.9982362243434504,False,0,True,0,,True,0.994009519316248,0.7951269970711475,0.7800392492527087,146805.72923202504,0.0313325076789834,0.1138520530768209,0.9810247320566216,2.116036950904432,6.955427661748587e-06
6550.78,True,forward,final_local_der_m_bounds,0.1144687498174973,0.03,0.0365038198148959,0.998204064897092,False,0,True,0,,True,0.9938637574976568,0.7945228066773226,0.7811947708964857,146842.4576908518,0.031086972167857,0.1145241180918563,0.9832251061029016,2.1163071908208413,6.936858993919988e-06
6553.4800000000005,True,forward,final_local_der_m_bounds,0.1144687498174973,0.03,0.0368907426094278,0.9981675543519344,False,0,True,0,,True,0.9936487470176428,0.7939803402390164,0.7816318609058058,146846.58685695182,0.0308633916738443,0.1150327044328151,0.9844473739368744,2.117218686581972,6.9273760655222295e-06
6556.08,True,forward,final_local_der_m_bounds,0.1144687498174973,0.03,0.0372671652263294,0.9981317083537264,False,0,True,0,,True,0.9934249649085892,0.7933133637414727,0.7825541190540766,146910.3031886657,0.0306185913689439,0.1156455479013269,0.9864375854748586,2.1178896107165968,6.909233525381902e-06
6564.08,True,forward,final_local_der_m_bounds,0.1146312041746583,0.03,0.0384354023244468,0.9980184912979382,False,0,True,0,,True,0.992991367387567,0.7914727073603225,0.7850934198520644,147049.9667430704,0.0299060544044524,0.1174359611337843,0.9919399779058282,2.1201703159656256,6.861015447441757e-06
6571.78,True,forward,final_local_der_m_bounds,0.1146312041746583,0.03,0.0393327485982058,0.9979301830932495,False,0,True,0,,True,0.9921903634810528,0.7897706662505599,0.7885127043378906,147101.32839476972,0.0291099112318459,0.1199896090238395,0.9984071807596482,2.119981423371489,6.809960255553808e-06
6578.28,True,forward,final_local_der_m_bounds,0.1146312041746583,0.03,0.0400945507936195,0.9978538804615028,False,0,True,0,,True,0.9915523010518142,0.7883166963449947,0.7918477849879009,147147.29971852104,0.0284231710119354,0.1223235817950626,1.0044792767415405,2.119395722003027,6.762518704406006e-06
6581.08,True,forward,final_local_der_m_bounds,0.1146312041746583,0.03,0.0404316300504352,0.997819702131612,False,0,True,0,,True,0.991197146107969,0.7876563123546819,0.7932601629888697,147173.94695967625,0.0281215848601059,0.1233543860665568,1.0071145886172552,2.119145882090949,6.741739776587495e-06
6583.4800000000005,True,forward,final_local_der_m_bounds,0.1146312041746583,0.03,0.0401157570409541,0.9978519038009306,False,0,True,0,,True,0.9913541901698324,0.7881586343896975,0.7924719895781195,147097.8582355972,0.0282971497966269,0.1228795867838369,1.0054726992767922,2.118702206146094,6.757415000933917e-06
6585.9800000000005,True,forward,final_local_der_m_bounds,0.1146312041746583,0.03,0.0398140120221154,0.997882047522164,False,0,True,0,,True,0.9913358428466272,0.7884029245501059,0.7926631651930363,147125.92902060293,0.0284293957965374,0.1226451764384842,1.0054036337388796,2.117500235414433,6.756653663911675e-06
6588.58,True,forward,final_local_der_m_bounds,0.1146312041746583,0.03,0.0395027137116641,0.9979129433741988,False,0,True,0,,True,0.991425614475589,0.7889176475807633,0.7919703274703311,147038.08795066926,0.0286172999965019,0.1221829713602994,1.0038694531665364,2.116740592733291,6.772101426102615e-06
6591.18,True,forward,final_local_der_m_bounds,0.1146312041746583,0.03,0.0391942159221338,0.997943343430784,False,0,True,0,,True,0.9914540296897326,0.7893889090502456,0.7912896233235827,146988.78657614932,0.0288149053410888,0.121673581827256,1.0024078299701775,2.115996714058624,6.785263513569102e-06
6593.9800000000005,True,forward,final_local_der_m_bounds,0.1146312041746583,0.03,0.0388460305426479,0.9979775766659152,False,0,True,0,,True,0.9915300565764488,0.7897881259059462,0.7907706427952059,146998.27675552078,0.0290068089427724,0.1211802336990373,1.0012440259064832,2.115400675522184,6.793508526850325e-06
6596.4800000000005,True,forward,final_local_der_m_bounds,0.1146312041746583,0.03,0.03853580238103,0.998007885562146,False,0,True,0,,True,0.9915254050373628,0.7901921368989434,0.7906413156644618,146947.5990576685,0.0291578503433328,0.1209077329117978,1.0005684424642356,2.1140819681813388,6.800899279577156e-06
6599.28,True,forward,final_local_der_m_bounds,0.1146312041746583,0.03,0.0381860594330605,0.9980418232331884,False,0,True,0,,True,0.9916686865373938,0.7907241402080188,0.7898125632422898,146889.20407840802,0.0293707718725053,0.1203510509924227,0.998847161836378,2.1135703253763705,6.816478118738134e-06
6601.68,True,forward,final_local_der_m_bounds,0.1146312041746583,0.03,0.0378879575185411,0.9980705584475176,False,0,True,0,,True,0.9917073442842343,0.7911391179506192,0.7892247932174937,146845.6303298053,0.0295422138787803,0.1199270420856999,0.9975802931624916,2.1129374347110126,6.82799428790217e-06
6604.38,True,forward,final_local_der_m_bounds,0.1146312041746583,0.03,0.0375569237524339,0.9981022381635706,False,0,True,0,,True,0.9917865455347074,0.7915641585654187,0.7888781876352292,146810.4245650941,0.0297157578942378,0.1195512695437066,0.996606755243874,2.1120238893510006,6.836932608308811e-06
6606.9800000000005,True,forward,final_local_der_m_bounds,0.1146312041746583,0.03,0.0372399434621099,0.998132352190722,False,0,True,0,,True,0.9919371253434754,0.7919607246317499,0.788665413391242,146799.79119195108,0.029886374802889,0.1191827028864426,0.9958390471420911,2.1111836418355088,6.843185689956978e-06
6609.38,True,forward,final_local_der_m_bounds,0.1146312041746583,0.03,0.0369507167428098,0.998159631953822,False,0,True,0,,True,0.9919225212597038,0.7923537864779873,0.7880837895997107,146749.92264306423,0.0300519917892599,0.118783351942755,0.994610997068296,2.1105147679396703,6.854744508266667e-06
6611.9800000000005,True,forward,final_local_der_m_bounds,0.1146312041746583,0.03,0.0366408291551793,0.9981886513619213,False,0,True,0,,True,0.9919698124436253,0.7928222811853827,0.7873426750521816,146699.45465408702,0.0302455906069379,0.1182971861967107,0.9930884811599792,2.109924211092864,6.8685720880214055e-06
6614.4800000000005,True,forward,final_local_der_m_bounds,0.1145415811627258,0.03,0.0363446361243289,0.9982161945666522,False,0,True,0,,True,0.9920252529464056,0.7932682288766825,0.786639502011791,146649.3680734789,0.0304293767999712,0.1178388895060507,0.9916437761861732,2.109384117192883,6.881822348682976e-06
6616.9800000000005,True,forward,final_local_der_m_bounds,0.1145415811627258,0.03,0.0360510712780651,0.9982433012181624,False,0,True,0,,True,0.992132148695972,0.7937317166526325,0.7860502752668124,146588.84858324777,0.030608380197236,0.1174226256521884,0.9903223706138206,2.108734170677045,6.894649622228776e-06
6619.68,True,forward,final_local_der_m_bounds,0.1145415811627258,0.03,0.0357362504325908,0.9982721613957648,False,0,True,0,,True,0.9921218261591592,0.7940821697111555,0.7856418084212207,146563.29009233217,0.0307717452707753,0.1170598945943537,0.9893709220382004,2.1079992425639205,6.903048990922863e-06
6622.18,True,forward,final_local_der_m_bounds,0.1144833248030369,0.03,0.0354485450401224,0.9982983371470482,False,0,True,0,,True,0.9922012861334318,0.794519972130597,0.7850109191352299,146533.11355569176,0.0309625731409547,0.1165891292032984,0.9880317004871916,2.107446980986894,6.914621637108482e-06
6624.78,True,forward,final_local_der_m_bounds,0.1144687498174973,0.03,0.0351589121527221,0.9983244633781708,False,0,True,0,,True,0.9923257531295852,0.7949539138066163,0.784875243340005,146474.18032398738,0.0311214771503601,0.1163152671178375,0.987321692123824,2.1063176497797764,6.92276110452074e-06
6627.38,True,forward,final_local_der_m_bounds,0.114415285920937,0.03,0.0348746660102302,0.9983499091616932,False,0,True,0,,True,0.9923859039054768,0.7953656669352008,0.7841973171291792,146458.8451854848,0.0313112046427793,0.1158391971657287,0.9859582198851292,2.1058887921875686,6.933850589626169e-06
6630.08,True,forward,final_local_der_m_bounds,0.1143813877569195,0.03,0.0345740855631499,0.998376670030244,False,0,True,0,,True,0.992468467510232,0.7958455846871765,0.7836770444299136,146380.16337739094,0.031491525604185,0.115461314739178,0.9847099230159756,2.105042066143036,6.947065865014944e-06
6632.68,True,forward,final_local_der_m_bounds,0.1142840580290919,0.03,0.0342796333978326,0.9984027316540988,False,0,True,0,,True,0.9924766295864672,0.7961747038366765,0.7833009365883226,146381.1256213127,0.0316612002742305,0.1150742473034873,0.9838304744093016,2.1043869740654846,6.953712619726478e-06
6640.28,True,forward,final_local_der_m_bounds,0.114084580923397,0.03,0.0334664595125588,0.9984735218073032,False,0,True,0,,True,0.9926718409214448,0.7973803496793638,0.7818505688505991,146262.59503226232,0.032174415940313,0.113945710307688,0.9805239985723132,2.1024494171260426,6.984584176946184e-06
6648.28,True,forward,final_local_der_m_bounds,0.114084580923397,0.03,0.0329220770123187,0.998519057712867,False,0,True,0,,True,0.9931187647231766,0.7985901028724783,0.7787000309136624,146180.42607751532,0.0328670502680116,0.1118134349628957,0.9750935155754216,2.1034413706597337,7.0303921660875445e-06
6654.9800000000005,True,forward,final_local_der_m_bounds,0.114084580923397,0.03,0.032521387448809,0.998551911029396,False,0,True,0,,True,0.993439677901492,0.7995055162461847,0.7759683564980147,146142.47074384545,0.0334522479785748,0.1099662870453764,0.9705603535311664,2.1046779001562124,7.06746872646194e-06
6657.78,True,forward,final_local_der_m_bounds,0.114084580923397,0.03,0.0322805330162871,0.9985716521316972,False,0,True,0,,True,0.9936661805197676,0.8001093201666528,0.7744833203378333,146101.59445527822,0.0337975000938143,0.1089417209378851,0.967971876863674,2.1050897479102786,7.089652800526602e-06
6660.28,True,forward,final_local_der_m_bounds,0.114084580923397,0.03,0.0324549015827131,0.998556685713318,False,0,True,0,,True,0.9935411386289164,0.7998096401306419,0.7746379824459215,146120.38334834707,0.0337086493565581,0.109079059756,0.9685279391223532,2.105687374983076,7.084463574602271e-06
6662.78,True,forward,final_local_der_m_bounds,0.114084580923397,0.03,0.0326318251343096,0.9985414201966224,False,0,True,0,,True,0.9934671946594924,0.799505459726155,0.7749602111359829,146158.09338963748,0.0336200484517125,0.1092383626040611,0.969299460946046,2.106171296149705,7.076659551447432e-06
6665.4800000000005,True,forward,final_local_der_m_bounds,0.114084580923397,0.03,0.0328257515817988,0.9985245957849131,False,0,True,0,,True,0.9933390393307856,0.7991588725445076,0.7750732054609878,146178.06694476426,0.0335191310758151,0.1093815877448207,0.969861227959803,2.106992628200814,7.071392627274465e-06
6668.18,True,forward,final_local_der_m_bounds,0.114084580923397,0.03,0.0330213526821787,0.9985075225671952,False,0,True,0,,True,0.9933278428916082,0.7988647547698726,0.7755377503300416,146192.8291270261,0.0334116578418548,0.1096211608358417,0.9707998077264646,2.107372305762587,7.063388733067721e-06
6670.78,True,forward,final_local_der_m_bounds,0.114084580923397,0.03,0.0332126650046651,0.9984907285566448,False,0,True,0,,True,0.9932296203791398,0.7985757012405346,0.7756541237491803,146211.23421204698,0.0333277410449343,0.1097380508782149,0.9712969259448452,2.1080453663315746,7.058691141535081e-06
6673.38,True,forward,final_local_der_m_bounds,0.114084580923397,0.03,0.0334034826007335,0.9984739080312872,False,0,True,0,,True,0.9930696879500712,0.7982623396880746,0.7757605282514674,146241.47552397853,0.0332446257128468,0.1098467852197673,0.971811508174869,2.1086901705524577,7.0532955686932405e-06
6675.9800000000005,True,forward,final_local_der_m_bounds,0.114084580923397,0.03,0.0336005885801292,0.9984564347528968,False,0,True,0,,True,0.9930430447106812,0.7979351320187041,0.776308140889885,146277.37332869603,0.0331302658996043,0.110108040920959,0.9728963041467984,2.1090418597474363,7.043154326364212e-06
6678.4800000000005,True,forward,final_local_der_m_bounds,0.114084580923397,0.03,0.0337932290073185,0.9984392575814895,False,0,True,0,,True,0.9929305270049984,0.7976599230236592,0.7763054084242638,146294.92173741997,0.033051897156928,0.1101957872836886,0.9732285476767496,2.1098051909403965,7.0397960086173e-06
6680.88,True,forward,final_local_der_m_bounds,0.114084580923397,0.03,0.0339812683400519,0.9984224013288688,False,0,True,0,,True,0.9928647408507532,0.7974101350775742,0.7765503008383506,146318.51391330786,0.0329718626368652,0.1103403300896179,0.9738405203023984,2.110224366794,7.033944512690618e-06
6683.58,True,forward,final_local_der_m_bounds,0.114084580923397,0.03,0.0341975503237115,0.9984028988870838,False,0,True,0,,True,0.9928134797522244,0.797120964694488,0.777023178715771,146339.79121011877,0.0328706908542377,0.1105691023230804,0.974787031242592,2.1104947497385056,7.025601332602454e-06
6685.9800000000005,True,forward,final_local_der_m_bounds,0.114084580923397,0.03,0.0343915747597573,0.9983853049462696,False,0,True,0,,True,0.9926803930392276,0.7968502441883507,0.7767878262311612,146350.46139993175,0.0328002147482649,0.1105960972974943,0.974822850211178,2.1115290417967083,7.024895878749983e-06
6688.78,True,forward,final_local_der_m_bounds,0.114084580923397,0.03,0.0346205222513736,0.9983644233588874,False,0,True,0,,True,0.9926292354570124,0.7965263455423534,0.7771006214607712,146396.81075270174,0.0327030435213923,0.1107636938265506,0.975611950326194,2.112154112895864,7.016600471734222e-06
6691.28,True,forward,final_local_der_m_bounds,0.114084580923397,0.03,0.0348275717527796,0.9983454256429524,False,0,True,0,,True,0.9926481171701392,0.7963257965890029,0.7773716379837609,146405.90233451608,0.0326263196954193,0.1109166218147555,0.9761979849372824,2.1125396817604383,7.011646333888973e-06
6694.18,True,forward,final_local_der_m_bounds,0.114084580923397,0.03,0.0350710913977141,0.998322943359918,False,0,True,0,,True,0.9924766645272786,0.7959461735348675,0.777610537077476,146439.14421309216,0.0325140765699875,0.1111063661420026,0.976963723092026,2.113217793994748,7.004190620792373e-06
6696.58,True,forward,final_local_der_m_bounds,0.114084580923397,0.03,0.0352752044464419,0.9983039845879994,False,0,True,0,,True,0.9923639131578706,0.7957152045493101,0.7776000013541049,146437.040530704,0.0324388536627094,0.1112083216711127,0.9772340617702968,2.1138334270508934,7.002249635737935e-06
6698.9800000000005,True,forward,final_local_der_m_bounds,0.114084580923397,0.03,0.0354796502666861,0.9982848958380816,False,0,True,0,,True,0.9923792631501464,0.7954902689419829,0.7779543995757743,146425.78699108431,0.0323425653537198,0.1114328428719358,0.9779558970727176,2.114183934111154,6.997223874268609e-06
6701.68,True,forward,final_local_der_m_bounds,0.114084580923397,0.03,0.0357116370836087,0.998263111406968,False,0,True,0,,True,0.992230625814814,0.7950887137093229,0.7782697258983472,146505.97906519112,0.032245514629689,0.1115762820571833,0.9788464010103852,2.1148847223025773,6.98657310851002e-06
6704.28,True,forward,final_local_der_m_bounds,0.114084580923397,0.03,0.0359310285711765,0.9982424020192628,False,0,True,0,,True,0.992174771634018,0.7947668803526665,0.7786453494068177,146549.02399079865,0.0321453313933948,0.1117740465723071,0.979715396622095,2.115408624525052,6.97785257079998e-06
6706.9800000000005,True,forward,final_local_der_m_bounds,0.114084580923397,0.03,0.0361646348107244,0.9982202078019256,False,0,True,0,,True,0.9921155602632592,0.7945883425361852,0.7783788658373328,146527.58333540062,0.0320844227879649,0.1118004337220447,0.9796001579294324,2.116309994570982,6.979815218641176e-06
6709.58,True,forward,final_local_der_m_bounds,0.114084580923397,0.03,0.0364082823669213,0.9981968584029196,False,0,True,0,,True,0.9920437486939208,0.7942454124804232,0.778832772311666,146582.18017622086,0.0319774851052101,0.1120266898605371,0.9805946122866184,2.116767529817215,6.969582564892576e-06
6717.4800000000005,True,forward,final_local_der_m_bounds,0.1139403594208916,0.03,0.0371176636536126,0.9981281981358198,False,0,True,0,,True,0.9917367288469888,0.7932498332566583,0.7797736592981958,146675.83964999914,0.0316681367273155,0.1126201254297984,0.9830114380192976,2.1184237804285,6.946659812804158e-06
6725.18,True,forward,final_local_der_m_bounds,0.1135517863824868,0.03,0.0377110857548976,0.9980699517335904,False,0,True,0,,True,0.9914224028221316,0.7925041128343606,0.7807130887941593,146694.1101276475,0.031360447978115,0.1134007498070385,0.985121813440146,2.1191600529535006,6.929670927414712e-06
6731.78,True,forward,final_local_der_m_bounds,0.1134733234877193,0.03,0.0381085937559804,0.9980306218881332,False,0,True,0,,True,0.9910884621333612,0.7917862193975481,0.7830889422371975,146726.45069716635,0.0309802424035009,0.1147870638089381,0.9890156244864072,2.117749645406855,6.898394112371244e-06
6734.58,True,forward,final_local_der_m_bounds,0.1132827752484859,0.03,0.0383800226374988,0.9980036687637042,False,0,True,0,,True,0.9908131704322504,0.7913462367405195,0.7838397517074271,146740.7938135215,0.030776038798818,0.1154087255677224,0.9905142847914324,2.117727279954368,6.886336949717046e-06
6737.08,True,forward,final_local_der_m_bounds,0.1132827752484859,0.03,0.0382576780665602,0.9980155116342118,False,0,True,0,,True,0.99074253495771,0.7913923160429046,0.784114662575546,146761.84188977722,0.0308103685615073,0.1154222662562213,0.9908039877064412,2.1170244887460195,6.883136322857925e-06
6739.88,True,forward,final_local_der_m_bounds,0.1132649212017468,0.03,0.0380812450255394,0.9980331566250236,False,0,True,0,,True,0.990801886911577,0.7917266187091817,0.7833044568864872,146675.7160367768,0.0309067597845433,0.115149084159862,0.989362285385294,2.117054986227076,6.898138667983708e-06
6742.38,True,forward,final_local_der_m_bounds,0.113076726616549,0.03,0.0379252423083485,0.9980487059338866,False,0,True,0,,True,0.990776939137282,0.7918318471837587,0.7833917762723561,146684.72795731205,0.0309428989777864,0.1151307242881607,0.989341081769544,2.1164943494358046,6.897862738310424e-06
6744.88,True,forward,final_local_der_m_bounds,0.113050505057187,0.03,0.0377688477657321,0.998064249754128,False,0,True,0,,True,0.9908101413966368,0.7920256094946175,0.783460435428889,146615.86240179586,0.0309665047481559,0.1151951546066889,0.9891857359622578,2.115759811857539,6.902263777328811e-06
6747.58,True,forward,final_local_der_m_bounds,0.1129869877750312,0.03,0.0376043058659551,0.9980805070340836,False,0,True,0,,True,0.990849970589196,0.7921641896615838,0.7833871826718483,146626.58863048564,0.0310236537774612,0.1150871648791234,0.9889202174192132,2.1154395691736982,6.903769329773525e-06
6750.18,True,forward,final_local_der_m_bounds,0.1129664668574625,0.03,0.0374504549088039,0.9980956182677294,False,0,True,0,,True,0.9907867968671944,0.7922681740156979,0.7833448287503991,146614.48430011174,0.0310596622928799,0.1150542775765425,0.9887369636217116,2.114983116993019,6.905725923250591e-06
6752.88,True,forward,final_local_der_m_bounds,0.1129238872422475,0.03,0.0372955951155128,0.99811076449683,False,0,True,0,,True,0.9908683832139084,0.792566519693126,0.7829950869458354,146545.42987446627,0.0311335982551207,0.1149192097440069,0.987923495997539,2.114553496970202,6.91516375840227e-06
6755.38,True,forward,final_local_der_m_bounds,0.1129188868217332,0.03,0.0371538370855254,0.9981245679450956,False,0,True,0,,True,0.9907954008569696,0.792602847034696,0.7830156944716011,146579.34845238607,0.0311665266524225,0.1148734487160552,0.9879042163437054,2.1142361076206093,6.913705697241192e-06
6757.78,True,forward,final_local_der_m_bounds,0.1129188868217332,0.03,0.0370169578394175,0.9981378478189592,False,0,True,0,,True,0.9908655860515208,0.7928186921242402,0.7829242270307062,146513.9514714815,0.0312118462334116,0.1148381042200508,0.987519889235932,2.1137241667429776,6.919703507443535e-06
6760.58,True,forward,final_local_der_m_bounds,0.1127822263135487,0.03,0.0368568214281188,0.9981533296249728,False,0,True,0,,True,0.9907970660786112,0.7928804862263933,0.7830153080285835,146520.2921191921,0.0312350359001045,0.1148569172596336,0.9875577992280252,2.1132249649263524,6.919103780503847e-06
6763.28,True,forward,final_local_der_m_bounds,0.112778643740395,0.03,0.0367034375331834,0.9981680999265908,False,0,True,0,,True,0.9908021267847308,0.7929552219506796,0.7833160302384791,146542.45071282366,0.0312646967349967,0.1148836486188467,0.9878439646459632,2.1125430521018647,6.915854015273816e-06
6765.88,True,forward,final_local_der_m_bounds,0.1127663960152604,0.03,0.0365564879154013,0.9981821978032832,False,0,True,0,,True,0.9907869826617248,0.793174323147271,0.7828516418046662,146480.95607864083,0.0313267990232424,0.1147414053383445,0.9869856082813612,2.112358083786225,6.9253024202085474e-06
6768.28,True,forward,final_local_der_m_bounds,0.1126282988404396,0.03,0.0364223924549041,0.998195014059713,False,0,True,0,,True,0.9907992410101432,0.7933022730844467,0.7828324397867603,146457.42748206947,0.0313609008675435,0.1147201091740341,0.9868022144232884,2.111943634278739,6.927800995601786e-06
6770.78,True,forward,final_local_der_m_bounds,0.1126256764260149,0.03,0.0362837860179363,0.998208214622295,False,0,True,0,,True,0.990788356053838,0.7934382092786694,0.7827988237928415,146440.80078786917,0.0314017211224571,0.1146806992273015,0.9865907825443644,2.1114709405497294,6.930187562756811e-06
6773.28,True,forward,final_local_der_m_bounds,0.1126242545837801,0.03,0.0361467355524968,0.9982212184882404,False,0,True,0,,True,0.9907494152810364,0.7934798505805573,0.7830081203391701,146452.94047864308,0.0314162217404276,0.1147318762505809,0.9868027773689207,2.110943799730981,6.927979325133388e-06
6775.78,True,forward,final_local_der_m_bounds,0.1125793612621368,0.03,0.0360109812495758,0.9982340526965824,False,0,True,0,,True,0.9907541357382986,0.7937040544500472,0.7825241794082447,146397.63562657894,0.0314864151315324,0.1145560927359744,0.9859143027188528,2.1108111535940703,6.937381703697336e-06
6778.58,True,forward,final_local_der_m_bounds,0.112506044424866,0.03,0.0358587948941744,0.9982483919124372,False,0,True,0,,True,0.9907287079932676,0.7938525112415349,0.7824462728893433,146376.21020404075,0.0315352153581998,0.1144937477630374,0.9856317915599296,2.110324151966624,6.940542564398482e-06
6781.28,True,forward,final_local_der_m_bounds,0.1125035634510598,0.03,0.0357162155414889,0.998261765004674,False,0,True,0,,True,0.9906753723167964,0.7939197218836251,0.7826985746696444,146379.993122568,0.0315513899678213,0.1145634571335714,0.9858661437615408,2.109613016582972,6.938549510756215e-06
6783.78,True,forward,final_local_der_m_bounds,0.1124209068813382,0.03,0.0355905006310011,0.9982734921988324,False,0,True,0,,True,0.9907275284078496,0.7941250329592022,0.7824057486713124,146339.21739832577,0.0316101500709613,0.1144459307439753,0.9852425200044136,2.109384361213774,6.945241647762269e-06
6786.58,True,forward,final_local_der_m_bounds,0.1123821757412768,0.03,0.0354513435768572,0.9982864259161284,False,0,True,0,,True,0.9906987915603788,0.7942826393903267,0.7822777368522982,146300.57758956784,0.0316540861114727,0.1143981204932111,0.9848858555598756,2.108927528544042,6.949792035798794e-06
6794.28,True,forward,final_local_der_m_bounds,0.1122999422225581,0.03,0.0350797427299095,0.9983207092799526,False,0,True,0,,True,0.9906559657920322,0.7946466614910254,0.7822270882303265,146257.56825757804,0.0317627746172502,0.1143218233245035,0.9843709489228892,2.1075809432532315,6.955732090137686e-06
6801.9800000000005,True,forward,final_local_der_m_bounds,0.1121897467677843,0.03,0.0347559412860804,0.998350206266781,False,0,True,0,,True,0.9906860269057494,0.7951048525987064,0.7816950453068106,146181.5191544403,0.031911247697988,0.1140503085890931,0.983134542258084,2.10672099163322,6.968798636891522e-06
6808.58,True,forward,final_local_der_m_bounds,0.1120948351563771,0.03,0.0345919032111797,0.998364763238248,False,0,True,0,,True,0.990696042564856,0.7953761780759729,0.7808919529846924,146150.35016566204,0.0320692698966519,0.113550010594617,0.981789465801807,2.106880102758697,6.980629763676803e-06
6811.18,True,forward,final_local_der_m_bounds,0.1120788158128291,0.03,0.0344875574764615,0.9983740100774788,False,0,True,0,,True,0.990749613162008,0.7955688900876245,0.7804115856573509,146137.27298890162,0.0321732471983412,0.1132324355757095,0.9809478417028044,2.10696712173373,6.987732673753423e-06
6813.68,True,forward,final_local_der_m_bounds,0.1120788158128291,0.03,0.0344997293912166,0.9983728558518028,False,0,True,0,,True,0.990749613162008,0.7955688900876245,0.7804115856573509,146137.27298890162,0.0321732471983412,0.1132324355757095,0.9809478417028044,2.10696712173373,6.987732673753423e-06
6816.38,True,forward,final_local_der_m_bounds,0.1120788158128291,0.03,0.0345177654827849,0.9983709599996756,False,0,True,0,,True,0.990764910574905,0.795543839822251,0.7805212344329259,146137.272975462,0.0321770433168335,0.1132274978415222,0.9811165587144997,2.106936848814602,6.986430146887709e-06
6818.88,True,forward,final_local_der_m_bounds,0.1120788158128291,0.03,0.0345342034024928,0.9983692277058468,False,0,True,0,,True,0.9906786676807372,0.7955206819455414,0.7801988598000107,146148.5137623048,0.0322064998718011,0.113077722493187,0.9807398820756495,2.1072901423382886,6.988820461134344e-06
6821.38,True,forward,final_local_der_m_bounds,0.1120788158128291,0.03,0.0345423173304321,0.9983683169332952,False,0,True,0,,True,0.9906676222399404,0.7955175093382031,0.7803119360224492,146135.89464932808,0.0322071328350913,0.1130993426733121,0.9808859350834358,2.107119424008616,6.988291334229922e-06
6823.9800000000005,True,forward,final_local_der_m_bounds,0.1120788158128291,0.03,0.0345497701288269,0.9983674708067344,False,0,True,0,,True,0.990625735198449,0.7954653714199964,0.7800784932962173,146151.16835064229,0.0322227136067076,0.1129896674577986,0.9806567593303128,2.107547682661864,6.989352272235458e-06
6826.58,True,forward,final_local_der_m_bounds,0.1120788158128291,0.03,0.0345506578195207,0.9983672738803772,False,0,True,0,,True,0.990625735198449,0.7954653714199964,0.7800784932962173,146151.16835064229,0.0322227136067076,0.1129896674577986,0.9806567593303128,2.107547682661864,6.989352272235458e-06
6829.18,True,forward,final_local_der_m_bounds,0.1120788158128291,0.03,0.0345443838126947,0.9983677372528492,False,0,True,0,,True,0.990577162668338,0.7954118855611331,0.7799262500282749,146151.1679310587,0.0322342583096678,0.1129110865127648,0.9805312998033292,2.1078526867677,6.990339578182968e-06
6831.58,True,forward,final_local_der_m_bounds,0.1120788158128291,0.03,0.0345388797790453,0.9983681379832924,False,0,True,0,,True,0.9905711186469898,0.795411148799088,0.7800559602521628,146128.45588133356,0.0322355517655157,0.1129323654240444,0.9806952812138622,2.107660290679174,6.99015287005841e-06
6833.9800000000005,True,forward,final_local_der_m_bounds,0.1120788158128291,0.03,0.0345347051595249,0.998368416829398,False,0,True,0,,True,0.9905711186469898,0.795411148799088,0.7800559602521628,146128.45588133356,0.0322355517655157,0.1129323654240444,0.9806952812138622,2.107660290679174,6.99015287005841e-06
6836.78,True,forward,final_local_der_m_bounds,0.1120788158128291,0.03,0.0345329361128098,0.9983684521532854,False,0,True,0,,True,0.990494328274222,0.7953143384377513,0.7798632684189415,146140.82677646592,0.0322462855596663,0.1128324347146174,0.9805723733723188,2.108119631711743,6.990539389670122e-06
6839.18,True,forward,final_local_der_m_bounds,0.1120788158128291,0.03,0.0345330799831707,0.9983683261537096,False,0,True,0,,True,0.9905156643546468,0.7953713700685832,0.7797055634918773,146118.05243854757,0.0322684138228717,0.1127597949882763,0.9803037836585002,2.108179279749775,6.993701593939091e-06
6841.88,True,forward,final_local_der_m_bounds,0.1120788158128291,0.03,0.034534622323011,0.9983680540633026,False,0,True,0,,True,0.990431426400922,0.795345228874971,0.7795297690382108,146104.08435391836,0.0322798510063726,0.112691810488354,0.9801149749032486,2.108342188988483,6.995844606787536e-06
6844.28,True,forward,final_local_der_m_bounds,0.1120788158128291,0.03,0.0345367456594555,0.9983677411960308,False,0,True,0,,True,0.9904236554262076,0.7953375902172435,0.7794525292953781,146097.86928619797,0.0322894001868828,0.1126464644642039,0.9800272725478416,2.1084620447815987,6.996826200194514e-06
6846.78,True,forward,final_local_der_m_bounds,0.1120788158128291,0.03,0.0345396573948508,0.9983673492360028,False,0,True,0,,True,0.9904322727455204,0.7953027749530005,0.7794858692098879,146104.2212680949,0.0322922135920841,0.112628259238902,0.9801120953663875,2.1085601103320184,6.995871202503584e-06
6849.4800000000005,True,forward,final_local_der_m_bounds,0.1120948351563771,0.03,0.0345438991415456,0.9983668222672686,False,0,True,0,,True,0.9903443636357212,0.7952814980398005,0.7791172391693476,146104.21813869668,0.0323161137774064,0.1124876810241911,0.9796747957669149,2.108968929819511,6.999279039479824e-06
6851.9800000000005,True,forward,final_local_der_m_bounds,0.1121897467677843,0.03,0.0345491530516385,0.9983662091721888,False,0,True,0,,True,0.99038040236103,0.795248308128601,0.7795069796174688,146099.33417424414,0.0322988297798764,0.1125961315880637,0.9802057692544168,2.108618077460584,6.995390568314725e-06
6854.58,True,forward,final_local_der_m_bounds,0.1122914905640937,0.03,0.0345569394838942,0.9983653513018328,False,0,True,0,,True,0.9903784343997276,0.7952089080924492,0.7795823205214117,146099.33426997322,0.0322975242816436,0.1125978288282805,0.980349078824428,2.108651253995589,6.9942862613907525e-06
6857.18,True,forward,final_local_der_m_bounds,0.1122999422225581,0.03,0.0345648724142192,0.9983644793429224,False,0,True,0,,True,0.9902975274660692,0.7951897404355439,0.7792161717072041,146098.19861909762,0.0323181106244221,0.1124698876870491,0.9799122550052134,2.109063675593821,6.997742969286027e-06
6859.88,True,forward,final_local_der_m_bounds,0.1123821757412768,0.03,0.0345681186070663,0.9983640492096054,False,0,True,0,,True,0.9902733711868568,0.7951684229399526,0.7791347511504215,146089.31645649395,0.0323259399028765,0.1124249190127695,0.9798361311553968,2.1092043377862906,6.998766350131682e-06
6862.4800000000005,True,forward,final_local_der_m_bounds,0.1124209068813382,0.03,0.0345585507095003,0.9983648405234504,False,0,True,0,,True,0.9903018450911736,0.795193552577701,0.7788721285538132,146089.31101279554,0.0323581425200871,0.1122809944802749,0.9794749039765472,2.109543302523196,7.0015727124655e-06
6869.9800000000005,True,forward,final_local_der_m_bounds,0.1125035634510598,0.03,0.0345623253833432,0.9983641428012492,False,0,True,0,,True,0.9902091645731232,0.7951296327145219,0.7787375695031212,146053.43075016953,0.0323666376048431,0.1122221926635933,0.9793844141420824,2.1097678669228843,7.0040146620596856e-06
6878.08,True,forward,final_local_der_m_bounds,0.112506044424866,0.03,0.0346936412283136,0.9983515290086143,False,0,True,0,,True,0.9902442884106883,0.7950301508660593,0.7774153744981924,146091.05246034337,0.0324868506632956,0.1114915284937051,0.977843888878078,2.1120701167905938,7.014261803032869e-06
6884.58,True,forward,final_local_der_m_bounds,0.1125793612621368,0.03,0.0345718336533019,0.9983625703082488,False,0,True,0,,True,0.990117042168178,0.7949914081615824,0.7783188945219112,146045.5631995502,0.0324103294556675,0.1119710450280686,0.9790280580789842,2.1106643927001527,7.007207453104572e-06
6887.08,True,forward,final_local_der_m_bounds,0.1126242545837801,0.03,0.0345510533593019,0.9983644823343456,False,0,True,0,,True,0.9900486396399012,0.7949277396123023,0.7786116249810124,146057.00804022394,0.0323746770535477,0.112136804135256,0.9794747197534616,2.1103376600600487,7.00319233478536e-06
6889.78,True,forward,final_local_der_m_bounds,0.1126242545837801,0.03,0.0343777132891785,0.9983799526290462,False,0,True,0,,True,0.990075769574847,0.7952036388736444,0.7781041078458658,146028.24767750193,0.0324922790252696,0.1118542717867945,0.9784966640092354,2.11010735604292,7.012128528703765e-06
6892.28,True,forward,final_local_der_m_bounds,0.1126242545837801,0.03,0.0342194848453709,0.9983940062421618,False,0,True,0,,True,0.990059628011745,0.7954413517395323,0.7777291456715678,145988.02724922867,0.0325871935182411,0.1116531536927517,0.977732857326024,2.109737840234305,7.019963378289033e-06
6894.88,True,forward,final_local_der_m_bounds,0.1126242545837801,0.03,0.0340474115089024,0.9984092447932136,False,0,True,0,,True,0.9900833225244208,0.7955939967693714,0.7779977285406322,145978.39151963504,0.0326466774941765,0.1116384497499956,0.97788285444562,2.108854536405501,7.019210632450941e-06
6897.4800000000005,True,forward,final_local_der_m_bounds,0.1126242545837801,0.03,0.0338714702989536,0.9984247207862352,False,0,True,0,,True,0.9901480435112816,0.7959550427461451,0.7772422952127631,145932.66672567438,0.0327941636989976,0.1112568598763239,0.9764901953899046,2.1087476381625034,7.032206211688177e-06
6900.18,True,forward,final_local_der_m_bounds,0.1126242545837801,0.03,0.0336900077191514,0.998440608912068,False,0,True,0,,True,0.9901061243839482,0.7962273931064386,0.7768296088203949,145893.23024355466,0.0329093293335765,0.1110138148253608,0.9756378837829676,2.1082532137703613,7.040709647464711e-06
6902.78,True,forward,final_local_der_m_bounds,0.1126242545837801,0.03,0.0335232110397321,0.9984550847640316,False,0,True,0,,True,0.990112796450198,0.7963522045531645,0.7771100712514395,145912.5188294299,0.0329789461719349,0.1109613066084393,0.9758371569869368,2.107417888718328,7.038176471928147e-06
6905.58,True,forward,final_local_der_m_bounds,0.1126242545837801,0.03,0.0333492224598566,0.9984701061980594,False,0,True,0,,True,0.990167379256114,0.7967004389885864,0.7764618254892287,145869.79234008378,0.0331235965954805,0.110610817385381,0.9745969595233928,2.107188104714111,7.049868318539508e-06
6908.08,True,forward,final_local_der_m_bounds,0.1126242545837801,0.03,0.0331937065259604,0.9984834875965986,False,0,True,0,,True,0.9902008870017286,0.79704071971791,0.7759588030637359,145814.04787138206,0.0332470218345542,0.1103475921534599,0.973549762097932,2.1067385966828267,7.060693746375845e-06
6910.78,True,forward,final_local_der_m_bounds,0.1126242545837801,0.03,0.033026560933898,0.9984978083100802,False,0,True,0,,True,0.9902023933350772,0.7972706902897951,0.7757576081981168,145804.22020197698,0.0333519938829368,0.1101516073873056,0.9730165897809956,2.1061939299999337,7.065293195251521e-06
6913.38,True,forward,final_local_der_m_bounds,0.1126242545837801,0.03,0.0328624296786158,0.99851182821161,False,0,True,0,,True,0.9902394234236462,0.7975574636870558,0.7754363650116334,145763.60619240138,0.0334651443947075,0.1099301874287413,0.9722639437500114,2.1056900336981843,7.073100524353564e-06
6915.78,True,forward,final_local_der_m_bounds,0.1126242545837801,0.03,0.0327094700930301,0.998524850577233,False,0,True,0,,True,0.9902410269664303,0.7977991861164073,0.7752229618164151,145745.37908981866,0.0335663407371111,0.1097442625177282,0.9717018709809788,2.105121559445341,7.078338450449401e-06
6918.4800000000005,True,forward,final_local_der_m_bounds,0.1126242545837801,0.03,0.0325378094604101,0.9985394050080676,False,0,True,0,,True,0.990248354344304,0.7980692371695345,0.7748101552643933,145722.21846601286,0.0336877148851593,0.1094800422583213,0.9708558094688216,2.1047467151456885,7.08605594232346e-06
6920.9800000000005,True,forward,final_local_der_m_bounds,0.1126242545837801,0.03,0.0323810834809968,0.9985526282579986,False,0,True,0,,True,0.9902766641907812,0.79828104099808,0.7747403117764203,145712.43598062638,0.0337801541746873,0.1093329021804403,0.9705107249043182,2.1041403414352104,7.089183815600514e-06
6923.58,True,forward,final_local_der_m_bounds,0.1126242545837801,0.03,0.0322186076646258,0.9985662800221512,False,0,True,0,,True,0.9903505256450384,0.7986241971246159,0.7741081789480945,145658.19996017774,0.0339136019218501,0.1090195194189063,0.9693021846009808,2.103956447973281,7.101273858813712e-06
6926.08,True,forward,final_local_der_m_bounds,0.1126242545837801,0.03,0.0320629973679259,0.9985793002325236,False,0,True,0,,True,0.9902962295815444,0.7988641176606767,0.773698809834983,145625.23293840484,0.0340215465811035,0.1087893674668598,0.9684986379168142,2.1035576437608934,7.109169198525306e-06
6928.58,True,forward,final_local_der_m_bounds,0.1126242545837801,0.03,0.0319085118959125,0.9985921706786482,False,0,True,0,,True,0.9903728232967652,0.7990871919505622,0.7737250963061704,145613.76074180292,0.0341102925047564,0.1086722820346411,0.9682611661156983,2.1028775019768,7.111526324157759e-06
6931.28,True,forward,final_local_der_m_bounds,0.1126242545837801,0.03,0.0317370688585991,0.9986064200746164,False,0,True,0,,True,0.9903698470764698,0.7993596862266461,0.7733924437291757,145581.61260906252,0.0342248231728511,0.1084501571395836,0.9675149460938568,2.102362076299741,7.118922097426516e-06
6933.88,True,forward,final_local_der_m_bounds,0.1126242545837801,0.03,0.0315784058622674,0.9986195234820542,False,0,True,0,,True,0.9904003424888655,0.7996243526502772,0.7730368808001332,145554.75383542958,0.0343371563662541,0.1082213853063876,0.9667500473665884,2.10197950343154,7.1262185587788e-06
6936.58,True,forward,final_local_der_m_bounds,0.1126242545837801,0.03,0.0314121391454454,0.9986332070568448,False,0,True,0,,True,0.9904216596916584,0.7999072084925904,0.7726979441513131,145522.9329904998,0.0344562858726223,0.1079860253844347,0.9659844741335027,2.101489035865372,7.1337629175132455e-06
6939.18,True,forward,final_local_der_m_bounds,0.1126242545837801,0.03,0.0312534205581763,0.9986462083702864,False,0,True,0,,True,0.990442948077248,0.8001334554888766,0.7725458556532145,145506.20095935604,0.0345558013976007,0.107816064559093,0.9655212519281472,2.1009362939006464,7.138183072396909e-06
6947.08,True,forward,final_local_der_m_bounds,0.1126242545837801,0.03,0.0307631034446647,0.9986860798192762,False,0,True,0,,True,0.9905094368353458,0.8009267394040434,0.7716277996050999,145414.4339698546,0.0348903080294938,0.1071720735533328,0.9634187019143045,2.0995349998021977,7.1591597284442e-06
6954.88,True,forward,final_local_der_m_bounds,0.1126242545837801,0.03,0.0302947696371475,0.9987236173141424,False,0,True,0,,True,0.9906182287434152,0.8017101530580989,0.7706609437311851,145327.88618640677,0.0352247410877403,0.1065118052265738,0.9612712783934724,2.098335810154523,7.180302677888558e-06
6961.38,True,forward,final_local_der_m_bounds,0.1126242545837801,0.03,0.0300936714448598,0.9987389620029676,False,0,True,0,,True,0.9908288844354642,0.8022503532071689,0.7692631539813896,145311.313228517,0.0355861094992616,0.10546547225279,0.95888166444065,2.098852329903476,7.200125416040947e-06
6963.88,True,forward,final_local_der_m_bounds,0.1126242545837801,0.03,0.0300276741014501,0.998743949149143,False,0,True,0,,True,0.9909014401136808,0.8024064067219633,0.7689262673967837,145303.3654074539,0.0356938058444457,0.1051672870546161,0.9582753339894748,2.0989314752709625,7.205341352087798e-06
6966.4800000000005,True,forward,final_local_der_m_bounds,0.1126242545837801,0.03,0.0301903280743123,0.9987310902628924,False,0,True,0,,True,0.990754330864946,0.8020174463658327,0.7692515625652714,145332.72420118374,0.0355414408986483,0.1054607023535508,0.9591456720186914,2.099547113409552,7.1970546724860936e-06
6968.9800000000005,True,forward,final_local_der_m_bounds,0.1126242545837801,0.03,0.0303529258225699,0.9987181517630191,False,0,True,0,,True,0.990622649220792,0.8016440795874527,0.7698028452652372,145335.82476427013,0.0353741061943413,0.1058471583576936,0.960280085473092,2.099815449414777,7.187934304349284e-06
6971.4800000000005,True,forward,final_local_der_m_bounds,0.1126242545837801,0.03,0.0305149992006122,0.9987051941056412,False,0,True,0,,True,0.9905035847847364,0.8012309939624708,0.770427533765017,145370.67893363498,0.035205796733314,0.1062305864337768,0.961554831965354,2.100149734595892,7.176147017521523e-06
6974.38,True,forward,final_local_der_m_bounds,0.1126242545837801,0.03,0.0307109036006216,0.9986894400742378,False,0,True,0,,True,0.9903300436303144,0.8007661900280982,0.7710202757576423,145389.19914577142,0.0350105590048007,0.1066653585752786,0.9628531840618644,2.100602689624079,7.165019553632506e-06
6977.08,True,forward,final_local_der_m_bounds,0.1125654228884196,0.03,0.0309035227216046,0.99867380274494,False,0,True,0,,True,0.9901962525010192,0.8002894150061718,0.7717401623806076,145444.40754789687,0.0348279241331831,0.107079205243063,0.9643263398337664,2.101003478677528,7.15070792114057e-06
6979.58,True,forward,final_local_der_m_bounds,0.112506044424866,0.03,0.0310922428228895,0.9986583478088512,False,0,True,0,,True,0.990049340395288,0.7998673422087178,0.7724534568343392,145459.9723448804,0.0346448923662013,0.1075311652849349,0.9657269600498012,2.101191868480046,7.138926060733268e-06
6982.38,True,forward,final_local_der_m_bounds,0.1125035634510598,0.03,0.0313107810416067,0.9986403251108767,False,0,True,0,,True,0.9899208737536483,0.7994154946029493,0.7731651520834664,145485.9723775483,0.0344544960127761,0.1079835193307745,0.9671630801545562,2.101531833606445,7.12638294330181e-06
6984.78,True,forward,final_local_der_m_bounds,0.1124209068813382,0.03,0.0315053479518869,0.9986241543749343,False,0,True,0,,True,0.9897678945403416,0.7989771561939664,0.773749533682644,145524.08065650403,0.0342887694354174,0.1083572653849571,0.9684251016243098,2.1019552240041186,7.114649614361914e-06
6987.28,True,forward,final_local_der_m_bounds,0.1123821757412768,0.03,0.0317132855522028,0.9986067582728656,False,0,True,0,,True,0.9897029545348476,0.7986226594050947,0.7742146646435327,145534.23158966406,0.0341336173485763,0.1087060956476731,0.9694373876396848,2.1024347732705886,7.106249451757013e-06
6989.9800000000005,True,forward,final_local_der_m_bounds,0.1123627984945799,0.03,0.0319474223192884,0.998587021636524,False,0,True,0,,True,0.9894912498792876,0.7980760380932682,0.7751339782141908,145588.06173198315,0.0339262280873167,0.1092215079223843,0.9712532906840686,2.102653209562351,7.089435278764672e-06
6992.4800000000005,True,forward,final_local_der_m_bounds,0.1122999422225581,0.03,0.032172672697836,0.9985678873663012,False,0,True,0,,True,0.9893358028154778,0.7976283387535096,0.7758919966540333,145620.09515972715,0.0337448154260864,0.1096741151064471,0.972748784059698,2.1028664975676623,7.076216123136786e-06
6995.08,True,forward,final_local_der_m_bounds,0.1122914905640937,0.03,0.0324140697743593,0.9985472287497278,False,0,True,0,,True,0.9892024197812884,0.7972109000126041,0.7763620279042858,145642.4815366841,0.0335788863424281,0.1100387866577228,0.9738477332560448,2.103427597651523,7.066604329694947e-06
6997.58,True,forward,final_local_der_m_bounds,0.1122087749401794,0.03,0.0326502381538359,0.998526876338736,False,0,True,0,,True,0.9890216758795084,0.7967499089138333,0.7770187080954506,145675.46161977923,0.0333987584339852,0.1104709307471896,0.9752353899289662,2.1037837244896367,7.054234136356008e-06
7000.38,True,forward,final_local_der_m_bounds,0.1121897467677843,0.03,0.032921250896794,0.9985033427667248,False,0,True,0,,True,0.9888773566557758,0.7962566847740855,0.7778596507250294,145718.79668769427,0.0332011529983256,0.1109651339270569,0.9768955986168256,2.104077065142853,7.039257397176707e-06
7002.88,True,forward,final_local_der_m_bounds,0.1120875519814535,0.03,0.0331681574840668,0.9984817405753232,False,0,True,0,,True,0.9887972551205154,0.7958571611710372,0.7784398847695623,145733.71313045107,0.0330338446669779,0.1113646796450819,0.9781150723380476,2.1045378822709795,7.029104029953385e-06
7005.38,True,forward,final_local_der_m_bounds,0.1120788158128291,0.03,0.0334212951060933,0.9984594278481456,False,0,True,0,,True,0.9886118619804002,0.7953798592844469,0.7791612772418632,145772.89955444165,0.0328521961144851,0.1118113277261168,0.979609010898045,2.104860601817847,7.015674905108082e-06
7007.9800000000005,True,forward,final_local_der_m_bounds,0.111955042774389,0.03,0.0337006807333094,0.998434569723132,False,0,True,0,,True,0.9883935581790656,0.7948496885225537,0.7799490170763916,145827.5998911593,0.0326587128274718,0.1122869907171395,0.98125347262341,2.105215280241383,7.000368293339595e-06
7010.58,True,forward,final_local_der_m_bounds,0.1119073130960751,0.03,0.0339784517820122,0.998409681141716,False,0,True,0,,True,0.9882658208957498,0.7944662860086333,0.7801608359555003,145836.21545517322,0.0325080019249156,0.1125858486543321,0.9819936348400596,2.1060394404962675,6.994290570894681e-06
7013.28,True,forward,final_local_der_m_bounds,0.1119037145846664,0.03,0.0342779462714385,0.998382606121492,False,0,True,0,,True,0.9881316415637028,0.7939598630292476,0.7810875355620852,145873.57975824983,0.0323037205617022,0.1131260540700288,0.9837871811075566,2.106298064614237,6.978697040307864e-06
7015.88,True,forward,final_local_der_m_bounds,0.1118872922964917,0.03,0.0345799005237709,0.9983550494582784,False,0,True,0,,True,0.9879895624129236,0.7935125850810348,0.7818128991044269,145899.94543360072,0.0321209266149974,0.1135962234246669,0.9852558280781228,2.106609843979588,6.9661641776917865e-06
7023.4800000000005,True,forward,final_local_der_m_bounds,0.1117689384556332,0.03,0.0354764014682962,0.9982719615167942,False,0,True,0,,True,0.987494327069415,0.7921089039068305,0.7838426321459694,146002.83711025384,0.0315800885982826,0.1149492499531666,0.9895642231515258,2.1078444253839224,6.928329623981961e-06
7031.58,True,forward,final_local_der_m_bounds,0.1117378436633486,0.03,0.0363529553825598,0.998189033045752,False,0,True,0,,True,0.986881840249274,0.7906489636992444,0.7865517935475821,146094.13126938813,0.0309552273310914,0.1167635883105928,0.9948179655703429,2.1081216336541706,6.8840569158956e-06
7038.08,True,forward,final_local_der_m_bounds,0.1115540821352859,0.03,0.0371127528251727,0.998115572871424,False,0,True,0,,True,0.986432544777519,0.7894561611962329,0.789049070465911,146170.9693382548,0.0304455874328691,0.118299344833983,0.9994843402961032,2.108095477458121,6.845186589343074e-06
7040.58,True,forward,final_local_der_m_bounds,0.1115247589146734,0.03,0.0373956248795457,0.9980878442454432,False,0,True,0,,True,0.9862324826399036,0.7890356069522558,0.7896790170883391,146151.99292145442,0.0302572859013216,0.1188389372083924,1.0008154386575383,2.1083468172692723,6.836055380838174e-06
7043.28,True,forward,final_local_der_m_bounds,0.111443614996578,0.03,0.0373321509881626,0.9980936100578092,False,0,True,0,,True,0.986225848224238,0.789086271669319,0.7897425812852282,146167.4954896808,0.030309073091515,0.1187248720942761,1.0008317336639514,2.108059920999422,6.835208364039675e-06
7045.78,True,forward,final_local_der_m_bounds,0.1114326894316836,0.03,0.0372734525339361,0.998098937134318,False,0,True,0,,True,0.9862246545963474,0.7892553940070018,0.7891199337315913,146165.15616339582,0.0304051959301336,0.1183934409786444,0.999828369528496,2.1082897780184022,6.842868201076825e-06
7048.4800000000005,True,forward,final_local_der_m_bounds,0.1112954357561486,0.03,0.0372103705424056,0.998104707593525,False,0,True,0,,True,0.9862214516287136,0.7893431638235324,0.789074274490839,146144.18523996914,0.0304518590137798,0.1182963942945939,0.9996593505271004,2.108023833952282,6.845123084890339e-06
7051.08,True,forward,final_local_der_m_bounds,0.1111992490795457,0.03,0.0371500323252797,0.9981102403325164,False,0,True,0,,True,0.9861720930880744,0.7894163760036298,0.7886803128266135,146137.04274858453,0.030508530292731,0.1181016896820945,0.9990675856247846,2.108190044719131,6.84991811268452e-06
7053.78,True,forward,final_local_der_m_bounds,0.1111819004912701,0.03,0.0370792962176585,0.9981168285464344,False,0,True,0,,True,0.9862008474085052,0.7895111110458931,0.788540391146214,146140.4814946062,0.0305708865629898,0.1179279529693819,0.9987704797486724,2.1080963561726014,6.851997126083057e-06
7056.28,True,forward,final_local_der_m_bounds,0.1110549166529406,0.03,0.0370018940636187,0.998124207004952,False,0,True,0,,True,0.986199085653423,0.789593146141413,0.7886057413845292,146127.3223454095,0.0306076190243294,0.117872744632107,0.9987494765352144,2.107702481845628,6.852771392366485e-06
7059.08,True,forward,final_local_der_m_bounds,0.1110334945234525,0.03,0.0369124839848329,0.9981327240812172,False,0,True,0,,True,0.9862059445036638,0.7897414173246696,0.7880157179789191,146127.27357376285,0.030694500093189,0.1175652904841673,0.9978148552071684,2.1079839304088743,6.859829317455191e-06
7061.58,True,forward,final_local_der_m_bounds,0.1110190784913745,0.03,0.036832828628732,0.998140304167252,False,0,True,0,,True,0.9862686031878176,0.7899479228200769,0.7875937249403183,146061.98797496012,0.0307576311275401,0.1173911495908587,0.9970198062280432,2.1079417178859137,6.868905318213913e-06
7063.9800000000005,True,forward,final_local_der_m_bounds,0.1110190784913745,0.03,0.0367578412349651,0.9981474233899524,False,0,True,0,,True,0.9862670627454272,0.790030611738282,0.7874176034566746,146084.63264213724,0.0308159361686042,0.1172181344298339,0.9966925227417984,2.107877967523512,6.870315969591065e-06
7066.58,True,forward,final_local_der_m_bounds,0.1110190784913745,0.03,0.0366762525667356,0.9981551574723484,False,0,True,0,,True,0.9862397294269242,0.7901382197050704,0.7870724305705832,146071.35174596918,0.0308763711806935,0.1170277428296442,0.9961199331230536,2.1079007021353005,6.8752760674379226e-06
7068.9800000000005,True,forward,final_local_der_m_bounds,0.1110190784913745,0.03,0.036600304069181,0.9981623480040598,False,0,True,0,,True,0.986264511799373,0.7902305174649863,0.7870055429363134,146045.93738112666,0.0309134431337153,0.1169508199153314,0.9959189445897147,2.107708069525424,6.877992631281217e-06
7071.58,True,forward,final_local_der_m_bounds,0.1110190784913745,0.03,0.0365168483588426,0.9981702425946654,False,0,True,0,,True,0.9863494943338984,0.790369957281422,0.7865617591504269,146055.79731333003,0.0309926485649424,0.1166808402698819,0.9951817524237714,2.1079909069559424,6.883117190932456e-06
7074.08,True,forward,final_local_der_m_bounds,0.1110190784913745,0.03,0.0364367236761037,0.9981778079677572,False,0,True,0,,True,0.9863510852791189,0.7904788398291496,0.7862091714734938,146035.97757341972,0.0310501400742582,0.1164966554504687,0.9945986304243404,2.10808223560526,6.888477200392593e-06
7076.4800000000005,True,forward,final_local_der_m_bounds,0.1110190784913745,0.03,0.0363604653191174,0.9981849923395693,False,0,True,0,,True,0.9863493639431314,0.7906007440957025,0.7860730821537493,146011.85994717435,0.0310983316220341,0.1163881834866689,0.9942731372620552,2.1078205729857986,6.892083145649715e-06
7079.28,True,forward,final_local_der_m_bounds,0.1110549166529406,0.03,0.0362734416093664,0.9981931654028896,False,0,True,0,,True,0.9863670998553888,0.7907591815453632,0.7856039204209052,145994.09698569364,0.0311736357113819,0.1161485560222706,0.9934806180632856,2.10792700626112,6.89894619285441e-06
7081.68,True,forward,final_local_der_m_bounds,0.1110749623238704,0.03,0.0361964277207371,0.9982003986326056,False,0,True,0,,True,0.9863903379413363,0.7907890852790186,0.7856069553697698,146038.4726993868,0.0312173187278793,0.1160299327851139,0.993446887411932,2.107863182802096,6.897104429692923e-06
7084.38,True,forward,final_local_der_m_bounds,0.1111992490795457,0.03,0.0361004122358427,0.998209454350201,False,0,True,0,,True,0.9864311225508116,0.7910018064033543,0.7850506194788951,145980.2729696161,0.0312981849566611,0.1157802304539751,0.992476392751214,2.1079420173633365,6.907240011775353e-06
7086.9800000000005,True,forward,final_local_der_m_bounds,0.1112165559759359,0.03,0.0360130320482058,0.9982176566416052,False,0,True,0,,True,0.986397443111102,0.7910948313093745,0.7848820987085744,145946.3046229499,0.0313408149257264,0.1156768685339064,0.9921466651595774,2.1077633587019613,6.911357778007741e-06
7089.38,True,forward,final_local_der_m_bounds,0.1112954357561486,0.03,0.0359329102057712,0.9982251606747272,False,0,True,0,,True,0.9863946608060066,0.791185155961565,0.7847018371847113,145959.39386461512,0.0313981624791113,0.1155135183586633,0.9918055606478432,2.107676990639278,6.913336136919043e-06
7092.08,True,forward,final_local_der_m_bounds,0.1113731747997094,0.03,0.0358435602580939,0.9982335089182276,False,0,True,0,,True,0.9864814030708124,0.7913212234130973,0.7845225016744914,145942.55033863249,0.0314571896658041,0.115359236270481,0.991408392019006,2.107613761727192,6.917157576100544e-06
7099.68,True,forward,final_local_der_m_bounds,0.1113731747997094,0.03,0.0356094236369539,0.9982552095669892,False,0,True,0,,True,0.9864881062105716,0.7916826343450006,0.7834992022602125,145892.22083356,0.0316395992464577,0.1148052234130733,0.9896632416453612,2.1077277699737,6.93287874350546e-06
7107.4800000000005,True,forward,final_local_der_m_bounds,0.1113731747997094,0.03,0.0353432310786086,0.998279828305634,False,0,True,0,,True,0.986546209808974,0.7920232619293408,0.7828921345796764,145873.2981699179,0.0318047151395771,0.1143814400667127,0.9884711374165688,2.107452757802539,6.942893709122155e-06
7114.4800000000005,True,forward,final_local_der_m_bounds,0.1114326894316836,0.03,0.0350839924225797,0.998303718034546,False,0,True,0,,True,0.9865898542083394,0.7924348267978201,0.7825513808660025,145794.64406131298,0.031938852961824,0.1141520428522572,0.987527749162974,2.1065196968259383,6.953843502597625e-06
7116.9800000000005,True,forward,final_local_der_m_bounds,0.1114496555142754,0.03,0.034947418930532,0.9983162283435898,False,0,True,0,,True,0.9865937085057817,0.792576240075421,0.7823281628450119,145803.19136692485,0.0320169345149348,0.11396093820415,0.9870699161642368,2.1063233864014745,6.956943120077593e-06
7119.78,True,forward,final_local_der_m_bounds,0.1115247589146734,0.03,0.0347966533363991,0.9983299859351328,False,0,True,0,,True,0.9866454692640227,0.7928706691408042,0.7817085394534719,145752.04155846767,0.0321285227311198,0.1136647754452382,0.985921878407448,2.106224848013368,6.968200818449168e-06
7122.28,True,forward,final_local_der_m_bounds,0.1115758446035024,0.03,0.0346605636538598,0.9983424124181416,False,0,True,0,,True,0.9866443547149248,0.792979857005318,0.7817681090073518,145751.1993234453,0.0321823231671274,0.1135865829513328,0.9858612448993254,2.1057419570061406,6.968690227894048e-06
7124.68,True,forward,final_local_der_m_bounds,0.1116235516730065,0.03,0.034528867461134,0.9983543927498544,False,0,True,0,,True,0.9866099476139067,0.7931466308844694,0.7813503044224731,145751.0687537305,0.0322672298522773,0.1133543465870003,0.985127180772562,2.1056442348088766,6.974344052970553e-06
7127.28,True,forward,final_local_der_m_bounds,0.1117378436633486,0.03,0.0343854499723408,0.9983673790876376,False,0,True,0,,True,0.9867321121846364,0.7934485149895375,0.7809434366050696,145701.1001070139,0.0323705501726547,0.1131148591378548,0.9842395843608924,2.1053747158583414,6.9835545218855365e-06
7129.78,True,forward,final_local_der_m_bounds,0.1117527039892439,0.03,0.0342447725778309,0.9983800939420506,False,0,True,0,,True,0.986768085138342,0.793677047000193,0.7805013855934924,145672.6899523638,0.0324637596962562,0.1128760851490253,0.9833992157685548,2.105238218373706,6.991391247032992e-06
7132.58,True,forward,final_local_der_m_bounds,0.1118670689838592,0.03,0.0341040918510426,0.998392599661797,False,0,True,0,,True,0.9867796720457144,0.793825150119225,0.7804493468917194,145655.07848926805,0.0325336814621381,0.1127571022235814,0.9831501896538593,2.104797372457183,6.99413947118777e-06
7135.18,True,forward,final_local_der_m_bounds,0.1118872922964917,0.03,0.033973830275449,0.9984041374300716,False,0,True,0,,True,0.9867322652139886,0.7939454100129133,0.7802386532272466,145640.81501136022,0.0326073489041601,0.1125883458400554,0.9827358951726368,2.104553934572553,6.998018460679243e-06
7137.88,True,forward,final_local_der_m_bounds,0.1119037145846664,0.03,0.033839029743617,0.998416044667651,False,0,True,0,,True,0.986756234707642,0.7941241902735294,0.779968849355422,145620.43879952535,0.0326902765361082,0.1124016754201898,0.9821749027526392,2.104333157419181,7.003322085974593e-06
7140.28,True,forward,final_local_der_m_bounds,0.1120875519814535,0.03,0.0337210838309537,0.9984264238780316,False,0,True,0,,True,0.9867453746245338,0.7942934974695746,0.7796120823150143,145595.41115930403,0.0327742061715874,0.1121904898335585,0.9815163850625348,2.104194772940803,7.009615910778211e-06
7142.88,True,forward,final_local_der_m_bounds,0.1121243238560389,0.03,0.0335957683561536,0.9984374077311392,False,0,True,0,,True,0.986777645927524,0.7944435266388234,0.7795187049099671,145577.52541085155,0.03284124777341,0.1120704192996259,0.9812134894068544,2.103849763257064,7.01280270874966e-06
7145.28,True,forward,final_local_der_m_bounds,0.1122087749401794,0.03,0.033484587255121,0.9984471022277156,False,0,True,0,,True,0.9868129892127356,0.7946192168059681,0.7792919420991742,145551.01595506736,0.0329163657273711,0.1119074213894746,0.9807111703535146,2.103605329310758,7.01795620377374e-06
7147.88,True,forward,final_local_der_m_bounds,0.1122914905640937,0.03,0.0333683578381912,0.998457186346454,False,0,True,0,,True,0.9867873212578744,0.794745646977661,0.7789976122191422,145547.38642714286,0.0329988588889903,0.111698456173059,0.9801848115577518,2.103504694757765,7.0222097224046655e-06
7150.58,True,forward,final_local_der_m_bounds,0.1123627984945799,0.03,0.0332483322361717,0.998467567445328,False,0,True,0,,True,0.9867774147705786,0.7949632416645551,0.778611436956828,145504.15787333454,0.0330892849495508,0.1114919711417471,0.9794307411327744,2.103236407926977,7.030136047441149e-06
7153.18,True,forward,final_local_der_m_bounds,0.1124891926249802,0.03,0.0331349287357766,0.9984773367118128,False,0,True,0,,True,0.9867623599901516,0.7950666228825514,0.778731490508257,145507.28855284245,0.0331495563953776,0.1114135382190717,0.9794543854512838,2.10266094970555,7.029772569415665e-06
7155.88,True,forward,final_local_der_m_bounds,0.1125654228884196,0.03,0.033016195626804,0.9984875431455218,False,0,True,0,,True,0.9868425858148224,0.7952941710227426,0.7783128385195224,145475.3886994994,0.0332494384053685,0.11116505755757,0.9786477342322498,2.102595107778475,7.03756840746016e-06
7158.38,True,forward,final_local_der_m_bounds,0.1126666656890761,0.03,0.0329044588107043,0.9984971318502092,False,0,True,0,,True,0.9868060804734552,0.7953965078961978,0.7781845488351469,145483.03963898416,0.0333177834287982,0.1110193674074111,0.9783605297607152,2.1023268126072576,7.039420556409951e-06
7160.9800000000005,True,forward,final_local_der_m_bounds,0.1126904084440931,0.03,0.0327956694620702,0.998506400344124,False,0,True,0,,True,0.9867776060020396,0.795514557874356,0.7780948425230602,145469.2183648427,0.0333818535961602,0.1109034792373464,0.9781025813055616,2.101964609838482,7.042078627877867e-06
7163.4800000000005,True,forward,final_local_der_m_bounds,0.1127434592647287,0.03,0.0326878676016133,0.9985155779108852,False,0,True,0,,True,0.9868303490452468,0.7957003780740338,0.7778259898405464,145444.74930319784,0.0334641730197461,0.1107195466906259,0.9775362828446156,2.101782081498103,7.047653535596872e-06
7165.9800000000005,True,forward,final_local_der_m_bounds,0.1129477497087884,0.03,0.0325843992350818,0.9985243383592738,False,0,True,0,,True,0.986817344434784,0.7958566260588876,0.7774057938127347,145424.22756323844,0.0335465716552967,0.1105040032748752,0.976816386718394,2.101780098862977,7.054257385797015e-06
7168.78,True,forward,final_local_der_m_bounds,0.1131165834304981,0.03,0.0324705591393372,0.9985339403205524,False,0,True,0,,True,0.9868258852365708,0.7960001959915303,0.7774332452262497,145421.16992610676,0.03361995190278,0.1103907699242091,0.97667469071141,2.101240014885938,7.055476641032275e-06
7176.4800000000005,True,forward,final_local_der_m_bounds,0.1131563569249356,0.03,0.0321517557132504,0.9985607345185552,False,0,True,0,,True,0.9868362936286378,0.7964747827718844,0.7766876984170192,145362.6771395996,0.0338558459502857,0.1098695560652825,0.975156671896124,2.100596178223796,7.070121349503856e-06
7184.18,True,forward,final_local_der_m_bounds,0.1131563569249356,0.03,0.0318172052859957,0.998588678424036,False,0,True,0,,True,0.986835979404513,0.7969040597629488,0.7764227058330493,145321.21991879228,0.0340558143498909,0.1095409438334368,0.9742988460417784,2.09941802928046,7.078766896102349e-06
7191.38,True,forward,final_local_der_m_bounds,0.1131563569249356,0.03,0.0315473808927945,0.9986108589840008,False,0,True,0,,True,0.9868249432111932,0.7973413379709642,0.7755513557440218,145276.82542234077,0.0342904084403978,0.1089839951295,0.972671701328828,2.099046565796192,7.093647588702331e-06
7193.78,True,forward,final_local_der_m_bounds,0.1131563569249356,0.03,0.0314914078539911,0.9986154043912212,False,0,True,0,,True,0.9868116247112858,0.7973843072573612,0.7756264241673105,145274.22605651332,0.0343146261578202,0.108973701065721,0.972713429532006,2.09875702322878,7.093428949180335e-06
7196.58,True,forward,final_local_der_m_bounds,0.1131563569249356,0.03,0.0315103271190355,0.9986137537360116,False,0,True,0,,True,0.9866658751995684,0.797265246030269,0.7758159149605063,145267.40942516667,0.0342664258124124,0.1091284334558183,0.9730963676435628,2.098608895256326,7.090772334274519e-06
7198.9800000000005,True,forward,final_local_der_m_bounds,0.1131563569249356,0.03,0.0315256779920076,0.998612379642284,False,0,True,0,,True,0.9865955089759302,0.7971513450108929,0.7761852415536286,145277.19476325708,0.0342194264173013,0.1093036199186905,0.973698716575611,2.098348747521918,7.085570378366406e-06
7201.4800000000005,True,forward,final_local_der_m_bounds,0.1131563569249356,0.03,0.0315290370374274,0.9986120386751997,False,0,True,0,,True,0.9865280651898828,0.7970959968646102,0.7762295436384261,145267.57773475998,0.0341958110269471,0.109379175052926,0.9738219068866704,2.098342555262496,7.085084542360232e-06
7204.08,True,forward,final_local_der_m_bounds,0.1131563569249356,0.03,0.0315327472907204,0.99861165660552,False,0,True,0,,True,0.986475571081302,0.7970413720501026,0.7764309221118645,145258.78210648277,0.0341643693736999,0.1095062334571103,0.9741413047540742,2.0981439431518103,7.083008290782642e-06
7206.48,True,forward,final_local_der_m_bounds,0.1131563569249356,0.03,0.0315431958109131,0.9986106595181856,False,0,True,0,,True,0.9863211536856158,0.7969745725389518,0.7764136507254012,145248.06274326317,0.0341433214471123,0.1095702011408365,0.974201282547762,2.098080990464295,7.083079488247358e-06
7209.28,True,forward,final_local_der_m_bounds,0.1131563569249356,0.03,0.0315432022072239,0.9986106098674434,False,0,True,0,,True,0.9863084177592936,0.7968611556849462,0.7770065927531415,145268.33913680218,0.0340906016101084,0.1097968193624475,0.9750840371749095,2.097627617461969,7.075161716305707e-06
7211.88,True,forward,final_local_der_m_bounds,0.1131563569249356,0.03,0.0315459359309545,0.9986103291246674,False,0,True,0,,True,0.9862705796469378,0.7968410639379561,0.7769406750754052,145268.33903119332,0.0340850729197137,0.109808055334393,0.9750258994382092,2.0977125325492985,7.075626613067123e-06
7214.38,True,forward,final_local_der_m_bounds,0.1131563569249356,0.03,0.0315511418005946,0.9986098215463518,False,0,True,0,,True,0.9861493321226784,0.7967433360320768,0.7772367066458321,145277.84047079372,0.0340419105551601,0.109974304432019,0.975517047329958,2.097390679534213,7.071323763076068e-06
7217.08,True,forward,final_local_der_m_bounds,0.1131563569249356,0.03,0.0315551292599971,0.9986094092177924,False,0,True,0,,True,0.9861025744871698,0.7966717896668112,0.7776732895403329,145283.45089952715,0.0340041260872818,0.1101511913596856,0.97615266365284,2.0969354335279093,7.06606854291685e-06
7219.88,True,forward,final_local_der_m_bounds,0.1131563569249356,0.03,0.0315555324790367,0.9986093067202112,False,0,True,0,,True,0.9860296042325448,0.796653840133088,0.7775618475075979,145268.47357533342,0.0339939888023335,0.1101775613937093,0.9760347698539924,2.0970017679308497,7.067730445760072e-06
7222.28,True,forward,final_local_der_m_bounds,0.1131563569249356,0.03,0.0315495240475099,0.998609777078578,False,0,True,0,,True,0.9859049100461404,0.7965391680026702,0.777997785027788,145269.6452219985,0.0339422371531588,0.1103877729834552,0.9767225721977052,2.0965379993024813,7.062297772202146e-06
7225.08,True,forward,final_local_der_m_bounds,0.1131165834304981,0.03,0.0315376498218854,0.998610754523337,False,0,True,0,,True,0.985851976908239,0.7964466952339466,0.7782700583208462,145275.7867624302,0.0339069323310677,0.1105210640291043,0.9771778362295028,2.0963770879386665,7.058449228619466e-06
7227.58,True,forward,final_local_der_m_bounds,0.1129477497087884,0.03,0.0315327592232998,0.9986111241648088,False,0,True,0,,True,0.9858055207565726,0.7964097339737028,0.7783001252690841,145260.1920401034,0.0338861124892792,0.1105924877112355,0.9772609400261087,2.0963695891513536,7.05856504249252e-06
7230.08,True,forward,final_local_der_m_bounds,0.1128535789084688,0.03,0.0315263094441589,0.9986116311426644,False,0,True,0,,True,0.9856588729728012,0.7963143341677984,0.7784647848219666,145260.26569874142,0.0338516531885281,0.1107143253801685,0.9775847946219808,2.0961712538203834,7.05604607933149e-06
7232.78,True,forward,final_local_der_m_bounds,0.1127434592647287,0.03,0.0315248504266454,0.9986116939236614,False,0,True,0,,True,0.9856149768500468,0.7962552573703526,0.7787241609846703,145253.2556018167,0.0338183421756756,0.1108539141285249,0.9779830698467484,2.095927571201572,7.053277882205856e-06
7235.18,True,forward,final_local_der_m_bounds,0.1126904084440931,0.03,0.0315334621456426,0.9986108790388126,False,0,True,0,,True,0.9855172944037603,0.796187528470286,0.7789394884648476,145244.64543984472,0.03378586474952,0.1109840942512145,0.978336711655636,2.095662737963478,7.0509414463170905e-06
7237.88,True,forward,final_local_der_m_bounds,0.1125654228884196,0.03,0.0315333307912454,0.9986108297702766,False,0,True,0,,True,0.9854744039789008,0.7961313812144056,0.7792105944411581,145237.00599788612,0.0337535066372027,0.1111229118462619,0.9787462381555204,2.0953946770585925,7.048118057193226e-06
7240.48,True,forward,final_local_der_m_bounds,0.1124891926249802,0.03,0.0315414431601394,0.9986100604915792,False,0,True,0,,True,0.9853823783796848,0.7960534863807575,0.7793487189735614,145242.70969030433,0.0337278054295413,0.1112123694886666,0.9790155213274124,2.095287058095464,7.0457531990321226e-06
7243.18,True,forward,final_local_der_m_bounds,0.1123627984945799,0.03,0.0315413369818909,0.9986100175323136,False,0,True,0,,True,0.9853309980938606,0.7960046240752079,0.7796708023401637,145229.8274204523,0.0336906809766813,0.1113785753306823,0.9794802426505742,2.0949037870207547,7.042753356851067e-06
7245.78,True,forward,final_local_der_m_bounds,0.1122455023824612,0.03,0.0315369659864661,0.9986103538369284,False,0,True,0,,True,0.9852620258830757,0.7959740015391874,0.7797411734257814,145201.51520127305,0.0336672759886182,0.1114688434596226,0.9796063337721882,2.094769386930032,7.043147949700493e-06
7253.68,True,forward,final_local_der_m_bounds,0.1122087749401794,0.03,0.0315430684993905,0.998609662304007,False,0,True,0,,True,0.9851104238309196,0.7957897152812483,0.7804552119376906,145179.46161476074,0.0335695543179281,0.1118644821958241,0.9807304579977664,2.094115636510937,7.035477086442985e-06
7261.28,True,forward,final_local_der_m_bounds,0.1121243238560389,0.03,0.031732611228599,0.9985930146739456,False,0,True,0,,True,0.9850229788221818,0.7955662947759816,0.7800262282807776,145177.84157927445,0.0335754117938776,0.1116267747261584,0.980466660544512,2.0953360155982046,7.037672122648002e-06
7267.88,True,forward,final_local_der_m_bounds,0.1120875519814535,0.03,0.031923993384683,0.998576126797804,False,0,True,0,,True,0.9850189941039184,0.7953900047463018,0.7795127093645233,145171.42814242365,0.0335935213014645,0.1113440362409692,0.980038351893996,2.0966826181765987,7.041377735979319e-06
7270.38,True,forward,final_local_der_m_bounds,0.1119037145846664,0.03,0.0319971197788562,0.9985696470914196,False,0,True,0,,True,0.9850556207334068,0.7953634052153367,0.7792610906142373,145170.0750815775,0.0336131265768666,0.1112001612376557,0.979754770592268,2.097208791344843,7.043670380036022e-06
7272.98,True,forward,final_local_der_m_bounds,0.1118670689838592,0.03,0.0322324338254284,0.998549365582109,False,0,True,0,,True,0.9849175966057734,0.7949371682299877,0.7797396541070195,145198.69257013904,0.0334603920342822,0.1115192825460395,0.9808821190776535,2.097787634960508,7.0335700252383965e-06
7275.48,True,forward,final_local_der_m_bounds,0.1117527039892439,0.03,0.0324629835140946,0.9985293549389902,False,0,True,0,,True,0.9847716333132336,0.7945950480665187,0.7797112300811314,145193.70756587503,0.03334091749372,0.1116904713343289,0.9812686751300502,2.098754920715668,7.030873151561306e-06
7278.28,True,forward,final_local_der_m_bounds,0.1117378436633486,0.03,0.0327352170429938,0.9985055432154454,False,0,True,0,,True,0.9847269127738136,0.7941124161575054,0.7806501528708165,145245.8253441253,0.0331573131806492,0.1121444677312241,0.983047408637899,2.099097218122038,7.014585120821276e-06
7280.78,True,forward,final_local_der_m_bounds,0.1116235516730065,0.03,0.0329819777506965,0.9984838342408476,False,0,True,0,,True,0.9845353832874898,0.7936457093686251,0.7811785367240472,145282.23997518755,0.0329973747192103,0.1124853305983915,0.9842912618345836,2.0996446621763627,7.003247236625591e-06
7283.58,True,forward,final_local_der_m_bounds,0.1115758446035024,0.03,0.0332432522866454,0.9984607923785792,False,0,True,0,,True,0.984407601411571,0.7932052517880908,0.7814774950922144,145298.02722165076,0.0328343790565341,0.112794206050759,0.9852147263656678,2.100554106303362,6.995399403651941e-06
7286.18,True,forward,final_local_der_m_bounds,0.1115247589146734,0.03,0.0334911172946441,0.9984387556999051,False,0,True,0,,True,0.9843230274103224,0.7927275941142148,0.7821317316409949,145329.22628971175,0.0326586393361668,0.1131900643885749,0.9866336651431196,2.101198504365672,6.982983583858854e-06
7288.98,True,forward,final_local_der_m_bounds,0.1114827622415502,0.03,0.0337595689455035,0.9984147233678228,False,0,True,0,,True,0.9841718213969234,0.792240726717735,0.7827581704994613,145347.9458663045,0.0324747445841247,0.1136088247914534,0.9880307135211792,2.101775521989363,6.9713576373660845e-06
7291.48,True,forward,final_local_der_m_bounds,0.1114496555142754,0.03,0.0340002378302921,0.9983930457045528,False,0,True,0,,True,0.984025050295478,0.7918252662073044,0.782893082047842,145379.87813750445,0.0323377244591773,0.1138317802685438,0.9887195009547424,2.1027860573487187,6.964569510811927e-06
7293.98,True,forward,final_local_der_m_bounds,0.1113731747997094,0.03,0.0342455307636603,0.9983708075801891,False,0,True,0,,True,0.9839943449344838,0.791518998062143,0.7830900280524902,145390.10652414733,0.0322194296679663,0.1140450970311381,0.989350893623161,2.1035621339192105,6.959251283843796e-06
7296.58,True,forward,final_local_der_m_bounds,0.1113204244838712,0.03,0.034508872365195,0.9983467542751072,False,0,True,0,,True,0.983857324307072,0.7909715199513867,0.7839527178033795,145419.92206878457,0.0320104052166898,0.1145650333077162,0.991126352882543,2.1040689064706783,6.944223131772252e-06
7298.98,True,forward,final_local_der_m_bounds,0.1112954357561486,0.03,0.0347601575764487,0.9983236243656698,False,0,True,0,,True,0.9837174633670036,0.7906571591014111,0.7840482137049483,145424.7518922717,0.0318969624229008,0.1147586267285588,0.9916411995763448,2.1047835914090203,6.940069980621236e-06
7301.78,True,forward,final_local_der_m_bounds,0.1112165559759359,0.03,0.0350604219994979,0.9982957696350502,False,0,True,0,,True,0.9836307351698144,0.7900943890825731,0.7851299048474977,145455.2750998843,0.0316719005804717,0.1153551738432943,0.9937165934808876,2.1051572655599484,6.922750473840951e-06
7304.28,True,forward,final_local_der_m_bounds,0.1111992490795457,0.03,0.0353267152986599,0.9982709033706878,False,0,True,0,,True,0.9834508756316104,0.7896752397552447,0.7852251241668633,145477.6958131676,0.0315300952241012,0.1155967047582993,0.9943646256532488,2.106171293899888,6.916756656850282e-06
7306.68,True,forward,final_local_der_m_bounds,0.1111142285155263,0.03,0.0355855770974108,0.9982465646405492,False,0,True,0,,True,0.9834244615176206,0.7893482637603784,0.785467681427836,145493.93733672466,0.0314086923333724,0.1158240352918246,0.9950838146978932,2.1069750393362545,6.910508498732284e-06
7309.28,True,forward,final_local_der_m_bounds,0.1110749623238704,0.03,0.0358661033089558,0.998220018550511,False,0,True,0,,True,0.98331493378205,0.7888775694058136,0.7862419121809143,145531.67514325725,0.0312263356600747,0.1162848805732556,0.9966589781138226,2.107395503294353,6.896723916943917e-06
7311.78,True,forward,final_local_der_m_bounds,0.1110549166529406,0.03,0.0361337805568124,0.9981945318960544,False,0,True,0,,True,0.9832348391449744,0.7884498193157399,0.7867045519547563,145565.8579446304,0.0310744070241381,0.1166105354084466,0.9977864572757488,2.108153123005237,6.886537712627662e-06
7314.58,True,forward,final_local_der_m_bounds,0.1109476034046044,0.03,0.0364434621236023,0.998164799649484,False,0,True,0,,True,0.983105162470398,0.7879152927223043,0.7874230304887585,145623.89773915682,0.0308877837006679,0.1170466820551098,0.999375234573954,2.1088464935546702,6.871739486443107e-06
7317.18,True,forward,final_local_der_m_bounds,0.1108848761229054,0.03,0.0367290241246541,0.9981371981676592,False,0,True,0,,True,0.9828778609489788,0.7874429883319163,0.7876982548688966,145625.73459801066,0.0307163919030746,0.1174078755874943,1.0003241714521085,2.109712717584187,6.8644620044743206e-06
7319.58,True,forward,final_local_der_m_bounds,0.1108834575193846,0.03,0.0369970540191207,0.9981111042306824,False,0,True,0,,True,0.9829093356876936,0.7870477442689015,0.7884554279025573,145689.80616087597,0.0305794821830548,0.1177436674914746,1.001788561931479,2.110193517668914,6.850364741952271e-06
7322.18,True,forward,final_local_der_m_bounds,0.1108696104871446,0.03,0.0372858036740038,0.9980828226793562,False,0,True,0,,True,0.982756570188893,0.7866060860798529,0.7888703849806847,145702.04166576307,0.0304130175685915,0.1181187184722243,1.002878567736637,2.1109195725547614,6.841551389966048e-06
7329.68,True,forward,final_local_der_m_bounds,0.1108696104871446,0.03,0.0381427066089909,0.9979976850857348,False,0,True,0,,True,0.98241579365413,0.7852845341792197,0.789972340803484,145790.49857028178,0.0299454754561711,0.1191206325117287,1.005969564432036,2.113542637717379,6.814084744497375e-06
7337.48,True,forward,final_local_der_m_bounds,0.1108696104871446,0.03,0.0388726819875671,0.9979242584650964,False,0,True,0,,True,0.98189739840249,0.783950256586309,0.7923779885639908,145844.53535897515,0.0293633289221403,0.1208744264194996,1.010750340224876,2.114075682830401,6.775702248662346e-06
7344.58,True,forward,final_local_der_m_bounds,0.1108696104871446,0.03,0.0395582851132717,0.9978541601049938,False,0,True,0,,True,0.9814026518621066,0.7827072846616434,0.794655332170775,145894.6716733987,0.0288321341827576,0.1225043630928135,1.0152650265856369,2.114524186040732,6.739708559066213e-06
7346.98,True,forward,final_local_der_m_bounds,0.1108696104871446,0.03,0.0397592590818354,0.9978333946339936,False,0,True,0,,True,0.9812646360890904,0.7823528883890569,0.7952213506299912,145921.95999924614,0.0286891652676816,0.1229285270684036,1.0164484114929668,2.114775392515801,6.729649001627847e-06
7349.78,True,forward,final_local_der_m_bounds,0.1108696104871446,0.03,0.0393645462128213,0.9978738369149084,False,0,True,0,,True,0.9814171457371664,0.7829023769994348,0.7944939918357589,145894.50280462432,0.028934194664755,0.1222592175032007,1.0148059517723658,2.114051708782866,6.74314412972702e-06
7352.28,True,forward,final_local_der_m_bounds,0.1108696104871446,0.03,0.0390230778927819,0.9979084442188476,False,0,True,0,,True,0.9815075893042328,0.7835244865092537,0.7927581902920782,145819.5409905032,0.0292072196571871,0.1213595850561323,1.0117848311594733,2.114292669841908,6.769109254680952e-06
7354.98,True,forward,final_local_der_m_bounds,0.1108696104871446,0.03,0.0386583557584731,0.997945104686549,False,0,True,0,,True,0.9816784856984392,0.7839706400720381,0.7925541687164643,145825.51175532464,0.0294196747310669,0.1208568349492188,1.0109487883929398,2.113290610965996,6.775112170873754e-06
7357.68,True,forward,final_local_der_m_bounds,0.1108696104871446,0.03,0.038301804218858,0.99798056618959,False,0,True,0,,True,0.9817665065289488,0.7845453609415044,0.7913594378249634,145780.69451140898,0.0296885719510128,0.1200625636227226,1.0086853829271027,2.1129811067276787,6.79414188847919e-06
7360.48,True,forward,final_local_der_m_bounds,0.1108696104871446,0.03,0.0379403645960287,0.9980161893055992,False,0,True,0,,True,0.9819551970805338,0.7851716169354195,0.79037035053833,145740.58466552407,0.0299700624352353,0.1192822278092723,1.0066211430606746,2.112425365653643,6.811521820935963e-06
7363.08,True,forward,final_local_der_m_bounds,0.1108696104871446,0.03,0.0376044140462217,0.9980490995149994,False,0,True,0,,True,0.9821170612798166,0.7856078186477065,0.7901839904735857,145744.97073461374,0.0301785943871046,0.1188026993149759,1.0058250079966826,2.1114223088911723,6.8173220666484776e-06
7365.78,True,forward,final_local_der_m_bounds,0.1108696104871446,0.03,0.0372626068336038,0.9980823124280664,False,0,True,0,,True,0.9822559602857835,0.7863444174530009,0.7883955892938163,145652.8051042041,0.0304915759398753,0.1178444422873411,1.0026084903704908,2.1114539813005018,6.845893202602728e-06
7368.28,True,forward,final_local_der_m_bounds,0.1108696104871446,0.03,0.0369504845574275,0.9981124066022046,False,0,True,0,,True,0.982382809751072,0.786837934033933,0.7875539001703283,145647.82816461835,0.0307329509623121,0.1171761775589059,1.0009099283415643,2.1110668718548204,6.8589806114986855e-06
7371.08,True,forward,final_local_der_m_bounds,0.1108696104871446,0.03,0.0366056068352823,0.998145399799149,False,0,True,0,,True,0.9825428997967212,0.7874503076634396,0.7865293507060999,145609.78327706424,0.0310111254900624,0.1164217416594426,0.9988304570480486,2.1105703745974647,6.876546473922657e-06
7373.68,True,forward,final_local_der_m_bounds,0.1108696104871446,0.03,0.0362869991761225,0.9981756512589488,False,0,True,0,,True,0.9827320386226596,0.78808618302536,0.7852053787531336,145547.11682200458,0.0312905339353133,0.115619577494474,0.9963445568082828,2.110468457506805,6.898425093417819e-06
7376.38,True,forward,final_local_der_m_bounds,0.1108696104871446,0.03,0.0359585768457466,0.998206601677041,False,0,True,0,,True,0.9828390139708956,0.7886126234942837,0.784303539124168,145533.00470306698,0.0315519734341603,0.1149151899992501,0.9945358668606868,2.1100154467604684,6.912892458249771e-06
7379.08,True,forward,final_local_der_m_bounds,0.1108696104871446,0.03,0.0356336085214105,0.9982369883772094,False,0,True,0,,True,0.9830242175380448,0.7892294286742422,0.7832745674936867,145478.27310237268,0.0318228270526261,0.1141991772473118,0.9924548414387456,2.109580490039681,6.931409613689211e-06
7381.78,True,forward,final_local_der_m_bounds,0.1108696104871446,0.03,0.0353140716660988,0.9982666241253396,False,0,True,0,,True,0.983133853682559,0.7897647420347663,0.7823267835492703,145452.97858053952,0.0320867883097423,0.1134938527491251,0.9905820580615784,2.1091740856296464,6.9469756093121686e-06
7384.28,True,forward,final_local_der_m_bounds,0.1108696104871446,0.03,0.0350222734609867,0.9982934803599354,False,0,True,0,,True,0.9832629501513362,0.7903093973201643,0.7812401400703263,145415.40128253252,0.0323439445496844,0.1127882841526389,0.9885244218522636,2.108973332993802,6.964595629803674e-06
7386.68,True,forward,final_local_der_m_bounds,0.1108696104871446,0.03,0.0347462925172957,0.9983186959532032,False,0,True,0,,True,0.9833877764313124,0.7908167507647575,0.7804006477737204,145376.89294409455,0.0325789244918572,0.1121825444097404,0.9868286768319408,2.1085604510040468,6.979506109916047e-06
7389.28,True,forward,final_local_der_m_bounds,0.1108696104871446,0.03,0.0344542610824325,0.99834516880778,False,0,True,0,,True,0.983504291875402,0.7913495912303096,0.7794627383470644,145341.8021361253,0.0328346563296861,0.1115158441562204,0.9849790117857208,2.1081784255871057,6.995478824893624e-06
7391.88,True,forward,final_local_der_m_bounds,0.1108696104871446,0.03,0.0341667598630257,0.998371034400074,False,0,True,0,,True,0.9836596621064108,0.7919150615974891,0.7784089908621855,145300.05270180007,0.0331015372580494,0.1108089024870915,0.98294505131894,2.1079279787539,7.01324481209556e-06
7394.58,True,forward,final_local_der_m_bounds,0.1100495957593314,0.03,0.0338759453106701,0.9983969838243631,False,0,True,0,,True,0.9838599495007878,0.7924807579977061,0.7773583527033928,145260.70436347724,0.0333717218552497,0.1100945816390078,0.9809176372527684,2.10777427751429,7.03089214121066e-06
7397.08,True,forward,final_local_der_m_bounds,0.1094550526778672,0.03,0.0336163754448603,0.998419941995372,False,0,True,0,,True,0.983954338783568,0.7929959421215941,0.7764705659467288,145225.2386741526,0.0336200823645851,0.1094664505259135,0.9791608313522348,2.1073534919397727,7.046282675195551e-06
7399.88,True,forward,final_local_der_m_bounds,0.1086871430892481,0.03,0.0333399823508574,0.9984441534539464,False,0,True,0,,True,0.9841074134735284,0.7935833627000116,0.7753729933575931,145185.4688069123,0.0339060719964155,0.108724087936965,0.977052984981362,2.107096737139961,7.0646690876677e-06
7407.58,True,forward,final_local_der_m_bounds,0.1068035251932782,0.03,0.0325987249028353,0.9985082277571314,False,0,True,0,,True,0.9845093919921376,0.7951489251127828,0.7725266643065073,145078.80223138715,0.0346744848012239,0.1067749629483486,0.971549655552805,2.106317930374626,7.113048084597237e-06
7415.18,True,forward,final_local_der_m_bounds,0.1047201233621034,0.03,0.0319792307076638,0.9985604054113336,False,0,True,0,,True,0.9849990679756776,0.7967091906945737,0.7694730096518992,144947.66386535755,0.0354643506445402,0.1047176299297535,0.9658141498042344,2.1060855094545587,7.1648691718263415e-06
7421.88,True,forward,final_local_der_m_bounds,0.1029714112888223,0.03,0.0314428638968489,0.99860488753148,False,0,True,0,,True,0.985360046027688,0.7980093632107044,0.76690834396953,144882.18099039083,0.0361571874005381,0.1029532385315309,0.9610267489643948,2.105856111977784,7.206260435519097e-06
7424.48,True,forward,final_local_der_m_bounds,0.1023288236299984,0.03,0.0312561415556715,0.9986201732265052,False,0,True,0,,True,0.9854945934024952,0.7985177552222713,0.7658731388521698,144833.1492343829,0.0364143097897876,0.1023047546862533,0.9591184840204152,2.105808160361179,7.223982917709406e-06
7426.88,True,forward,final_local_der_m_bounds,0.102205893431121,0.03,0.03123046330082,0.9986221049437382,False,0,True,0,,True,0.9855136314179768,0.7986175759286622,0.7657698354803323,144832.32567238386,0.0364715212519895,0.1021813736612342,0.9588692492647268,2.105639058889025,7.226004682881404e-06
7429.28,True,forward,final_local_der_m_bounds,0.1021355996140862,0.03,0.0312084056419681,0.9986238586145936,False,0,True,0,,True,0.98549392023559,0.7986709138056484,0.7655548092553972,144827.13578249805,0.0365092759627233,0.1020701009715793,0.958535982746068,2.105716065384988,7.228956786515389e-06
7431.98,True,forward,final_local_der_m_bounds,0.1019216188244679,0.03,0.0311842554116175,0.9986257717688258,False,0,True,0,,True,0.9855234807530094,0.7987943824441806,0.7652276021615393,144811.54950354318,0.0365678478356121,0.1019067327031115,0.9579781968672184,2.1058087002272714,7.234227150172532e-06
7434.58,True,forward,final_local_der_m_bounds,0.1017575128677747,0.03,0.0311595148115098,0.998627767756379,False,0,True,0,,True,0.9855697278065828,0.7989217125870088,0.7649329184119054,144788.97432807967,0.0366187759359149,0.1017698375054609,0.9574566648526256,2.1058764547765665,7.239552642308551e-06
7437.28,True,forward,final_local_der_m_bounds,0.1017023034596155,0.03,0.0311356498471543,0.9986296560038866,False,0,True,0,,True,0.9855408762401616,0.7990219021426967,0.7645956708454908,144775.43072698428,0.0366725337073436,0.1016146986326922,0.9569145336255654,2.105943433461469,7.244615179176162e-06
7439.78,True,forward,final_local_der_m_bounds,0.1015636822790456,0.03,0.0311263341619557,0.9986302433338043,False,0,True,0,,True,0.9855610223509714,0.7990601159790401,0.7645570217987506,144769.51058529047,0.0367008086329207,0.1015545948975284,0.9568204025074948,2.1059051584256503,7.245661360005621e-06
7442.38,True,forward,final_local_der_m_bounds,0.101495494329991,0.03,0.0311137697965681,0.9986310965589592,False,0,True,0,,True,0.9855545331963064,0.7991297738719325,0.7643678868680063,144755.53748796947,0.0367414619969683,0.1014522987540349,0.9565003230507876,2.1059152585237872,7.2489462240402e-06
7444.78,True,forward,final_local_der_m_bounds,0.1013529719011672,0.03,0.0311035041320041,0.9986317645594466,False,0,True,0,,True,0.9855542540123484,0.7991345761058078,0.7643105195160678,144764.5929659901,0.0367696827547715,0.1013764579055984,0.9564227883125292,2.105980638958972,7.249126184391416e-06
7447.28,True,forward,final_local_der_m_bounds,0.1012601592781261,0.03,0.0310927818274139,0.9986324585910104,False,0,True,0,,True,0.9855168725684664,0.7991838286081276,0.764172612266753,144741.9249418588,0.0368001717769421,0.1013071438199545,0.9561912852987144,2.1059238905851725,7.252133273209896e-06
7449.98,True,forward,final_local_der_m_bounds,0.1011797179088258,0.03,0.0310830180506152,0.998633049517709,False,0,True,0,,True,0.9855285918412328,0.7992585955204967,0.7639323159422093,144716.95535976862,0.0368430245802306,0.1011906696605666,0.95580118903159,2.106029148842637,7.256545477165404e-06
7452.48,True,forward,final_local_der_m_bounds,0.1010465563864102,0.03,0.0310761757340353,0.9986334040704063,False,0,True,0,,True,0.9855039990540456,0.799291941739952,0.7637821001354396,144711.32553290622,0.0368763754615244,0.1011014688130456,0.955573377197808,2.106074977904313,7.258680761649146e-06
7455.28,True,forward,final_local_der_m_bounds,0.1010209957805582,0.03,0.0310710901760203,0.9986335748401056,False,0,True,0,,True,0.9854650250059503,0.7993046335472175,0.7636403459354912,144712.539872263,0.0369107667988682,0.1010039649319133,0.9553808571664942,2.1061520603455635,7.260195494526022e-06
7457.78,True,forward,final_local_der_m_bounds,0.1008985045885133,0.03,0.0310669096574532,0.998633695973629,False,0,True,0,,True,0.9854721197866696,0.7993622162161192,0.7635427765049664,144697.55175344215,0.0369441841180118,0.1009314731084729,0.955189976478112,2.106102166167973,7.262483711914301e-06
7460.18,True,forward,final_local_der_m_bounds,0.1008926494156208,0.03,0.0310644553729228,0.9986336754613608,False,0,True,0,,True,0.9854456589577264,0.7993864932804274,0.7634134267580462,144696.291944034,0.0369780685412088,0.100839119702292,0.9549991564471408,2.1061464560720524,7.264102906498796e-06
7462.68,True,forward,final_local_der_m_bounds,0.100739221953169,0.03,0.0310600650057105,0.9986338156445254,False,0,True,0,,True,0.9854380831409136,0.7994331543166605,0.7632764079862644,144675.59878266937,0.0370073115774428,0.10076948078218,0.9547720204808092,2.106161921584063,7.26698425483017e-06
7465.18,True,forward,final_local_der_m_bounds,0.1006794717734889,0.03,0.031050192746253,0.9986344371483388,False,0,True,0,,True,0.9853733738377212,0.7994155865646112,0.7632191180157685,144686.32307694355,0.0370331865590818,0.1006984935829297,0.9547213374905628,2.1061700442597755,7.266873616950042e-06
7467.88,True,forward,final_local_der_m_bounds,0.1006138509545775,0.03,0.0310426909449619,0.9986348302551644,False,0,True,0,,True,0.985376814064576,0.7994616422059121,0.763027658487345,144677.7252971134,0.0370719485792818,0.100590949307307,0.954426852027526,2.106290550147934,7.269704057304136e-06
7470.48,True,forward,final_local_der_m_bounds,0.1004924713093282,0.03,0.0310307038715993,0.9986356252798648,False,0,True,0,,True,0.9854112150556696,0.7995076917581097,0.7630000233666423,144671.90879032444,0.0371027428669814,0.1005310521259659,0.9543373143650596,2.106238922802722,7.270706418916146e-06
7472.98,True,forward,final_local_der_m_bounds,0.1004383815347142,0.03,0.0310172493206935,0.998636560649923,False,0,True,0,,True,0.9853753973017572,0.7995542246997542,0.7627262019711745,144659.03141159986,0.0371451410795097,0.100402237407352,0.9539393056894804,2.106393912786697,7.274607664643474e-06
7475.68,True,forward,final_local_der_m_bounds,0.1003413771082347,0.03,0.0310040704173878,0.9986374520798138,False,0,True,0,,True,0.9853618751538988,0.7995744228104262,0.7626065447175022,144654.27833642697,0.0371767910221055,0.1003178051001262,0.9537655569784416,2.106466766551102,7.276268067518346e-06
7483.38,True,forward,final_local_der_m_bounds,0.1000427967251635,0.03,0.0309535248803548,0.9986411400347428,False,0,True,0,,True,0.985315320070422,0.7996626444788867,0.7621264906969095,144640.79482325108,0.0372842680156955,0.100014855165335,0.953060013442996,2.106750200614976,7.282719381201673e-06
7491.48,True,forward,final_local_der_m_bounds,0.099752768026526,0.03,0.0309038393977416,0.9986447069102128,False,0,True,0,,True,0.9852621626127565,0.7997605244788258,0.7617467817496096,144605.49739628102,0.037380734093392,0.0997732704575002,0.9524685933279986,2.106839191461215,7.28932784448447e-06
7497.98,True,forward,final_local_der_m_bounds,0.0994201436367544,0.03,0.0308976960813554,0.9986446520384532,False,0,True,0,,True,0.985216945530607,0.7998311359309173,0.7611781870950063,144596.71951491255,0.037491162921959,0.0994198907075482,0.951673613217216,2.107319574103401,7.296310965803187e-06
7500.78,True,forward,final_local_der_m_bounds,0.099403957765159,0.03,0.0308883055586392,0.998645156233265,False,0,True,0,,True,0.9852253185262656,0.7998803075088927,0.7608943503023423,144594.11084365053,0.0375498517148984,0.0992381991008268,0.9512602612658808,2.107576035754841,7.29983925526676e-06
7503.28,True,forward,final_local_der_m_bounds,0.099403957765159,0.03,0.0309023679261792,0.9986438037302418,False,0,True,0,,True,0.9852174921797362,0.7998681954347383,0.7608692418083943,144588.85527078694,0.0375587333079191,0.0992084196006417,0.9512432750183952,2.1076394813712644,7.300253443524302e-06
7505.68,True,forward,final_local_der_m_bounds,0.099403957765159,0.03,0.0308997251941263,0.9986437785073128,False,0,True,0,,True,0.9851832924942314,0.7998737623310161,0.760657958802032,144593.69623838586,0.0375996314656909,0.099073083797508,0.9509725091935756,2.10785545874032,7.3022529704295234e-06
7508.38,True,forward,final_local_der_m_bounds,0.099403957765159,0.03,0.0308888716188114,0.9986444318769176,False,0,True,0,,True,0.9851261035276522,0.7998237258210583,0.760742986166673,144597.9043694574,0.0376143677630701,0.099045127070275,0.9511383091139652,2.107788232592333,7.300696755767234e-06
7510.98,True,forward,final_local_der_m_bounds,0.099403957765159,0.03,0.0308788093179433,0.998645027620965,False,0,True,0,,True,0.985097689245515,0.7998500102063938,0.7604416830282449,144584.85926678838,0.0376599316428083,0.0988918075282819,0.9507303535971952,2.1080740905920288,7.30472626916494e-06
7513.58,True,forward,final_local_der_m_bounds,0.099403957765159,0.03,0.0308691174753066,0.998645591742043,False,0,True,0,,True,0.9850416806914366,0.799899014640211,0.7599575319197079,144563.04419503026,0.0377186916337989,0.0986821143769521,0.950066843452147,2.1084876287186005,7.311313421719047e-06
7516.28,True,forward,final_local_der_m_bounds,0.099403957765159,0.03,0.0308541444187652,0.998646622415985,False,0,True,0,,True,0.9850123386104152,0.7998150755832989,0.7603633943614233,144591.92680891484,0.037715759202853,0.0987412262916076,0.9506739964946224,2.108131412686918,7.304860524081603e-06
7518.98,True,forward,final_local_der_m_bounds,0.099403957765159,0.03,0.0308433100366723,0.9986473065395962,False,0,True,0,,True,0.98500127670116,0.7998538720220276,0.7602429407661341,144584.6027223215,0.0377551952398199,0.0986384972469402,0.9504772901133088,2.1081449330975026,7.306839835522409e-06
7521.48,True,forward,final_local_der_m_bounds,0.099403957765159,0.03,0.0308342399891313,0.9986478533293236,False,0,True,0,,True,0.9850006173192396,0.7998771102067128,0.7601406552617777,144595.43930671425,0.0377962113514867,0.098524321597661,0.9503218001391912,2.1082099791595184,7.307569499905187e-06
7523.98,True,forward,final_local_der_m_bounds,0.099403957765159,0.03,0.0308255223416432,0.9986483710266372,False,0,True,0,,True,0.9850290745889264,0.7999530827818107,0.7599121742604208,144587.16766425635,0.0378474947015074,0.0983803271756461,0.949945928851041,2.1083331586180867,7.311063441518714e-06
7526.58,True,forward,final_local_der_m_bounds,0.099403957765159,0.03,0.0308135647753731,0.9986491602610736,False,0,True,0,,True,0.9849963891256714,0.7999352103649061,0.7599662135171976,144594.73480481954,0.0378678386030329,0.0983395147997505,0.9500347073990206,2.1082481062296816,7.309954153958751e-06
7529.08,True,forward,final_local_der_m_bounds,0.099403957765159,0.03,0.0307978452938076,0.99865028791493,False,0,True,0,,True,0.9849827779275186,0.7999519791441676,0.759832419231518,144605.04533411263,0.0379074866852609,0.0982232870349904,0.9498475396541032,2.108354941746906,7.310979010085288e-06
7531.88,True,forward,final_local_der_m_bounds,0.099403957765159,0.03,0.0307752977159961,0.9986519836761312,False,0,True,0,,True,0.984933237780474,0.799964984905252,0.7596336880713886,144603.66522499104,0.0379499648002511,0.0980915182712262,0.9495836722920564,2.108493663619883,7.313236553129555e-06
7534.28,True,forward,final_local_der_m_bounds,0.099403957765159,0.03,0.0307594075798968,0.9986531358870468,False,0,True,0,,True,0.9849606053185536,0.8000567505725097,0.7593725166247149,144581.93362297612,0.0380033051916386,0.0979438739293263,0.9491483148930602,2.108606307194792,7.31790056726448e-06
7536.78,True,forward,final_local_der_m_bounds,0.099403957765159,0.03,0.0307400849823464,0.998654578349115,False,0,True,0,,True,0.9849046239545,0.8000375139051175,0.7592414500301454,144598.53007475397,0.0380387550125896,0.09782794299185,0.9490073113248908,2.108747838498705,7.31824905106926e-06
7539.48,True,forward,final_local_der_m_bounds,0.099403957765159,0.03,0.0307249380814729,0.9986556353275626,False,0,True,0,,True,0.9848847983284552,0.8001130252525208,0.7589486998074144,144565.46509566982,0.0380839813039431,0.0976988006387145,0.9485518618671224,2.1088645254537366,7.323670344645393e-06
7541.88,True,forward,final_local_der_m_bounds,0.099403957765159,0.03,0.0307176167002731,0.9986560385161894,False,0,True,0,,True,0.9849065091887784,0.8001672976378135,0.7588479968645494,144560.014854433,0.0381238790154839,0.0976014080081689,0.9483616727461328,2.1088643684020245,7.325496478789377e-06
7544.58,True,forward,final_local_der_m_bounds,0.099403957765159,0.03,0.0306972138652326,0.9986575592531374,False,0,True,0,,True,0.9848872705119532,0.8001913331901652,0.7587517176020233,144555.35905674964,0.0381585584982382,0.0975112808084709,0.9482128662617072,2.108878491874476,7.326958277249785e-06
7547.28,True,forward,final_local_der_m_bounds,0.099403957765159,0.03,0.0306882801291085,0.99865808208692,False,0,True,0,,True,0.9848812517095556,0.8002356943588987,0.7586075974923852,144550.45473131328,0.0382049721551564,0.0973856158736719,0.9479802048821836,2.108918424271776,7.329119455569644e-06
7549.98,True,forward,final_local_der_m_bounds,0.099403957765159,0.03,0.0306767890977284,0.9986588299234264,False,0,True,0,,True,0.9848593440037112,0.8002724688195035,0.7584554839557717,144536.83105861847,0.0382435043275109,0.0972799852258324,0.9477465657097802,2.108963372233712,7.331737245360716e-06
7552.68,True,forward,final_local_der_m_bounds,0.099403957765159,0.03,0.03065592984343,0.9986603991014044,False,0,True,0,,True,0.9848583242462946,0.800287326452001,0.7584383207784643,144539.5874119643,0.0382776604254376,0.0971969177891068,0.9477075241725116,2.1089331727304543,7.331913375140911e-06
7560.78,True,forward,final_local_der_m_bounds,0.099403957765159,0.03,0.0306463812926099,0.99866045502172,False,0,True,0,,True,0.9848212279249292,0.8004437066366114,0.7578410531937368,144501.89869558348,0.0384125667781587,0.0968265027108637,0.9467762028864132,2.1091723796744115,7.341509589232907e-06
7568.58,True,forward,final_local_der_m_bounds,0.099403957765159,0.03,0.0306411429558391,0.99866016603814,False,0,True,0,,True,0.984808890367476,0.8005695373825904,0.7573298998520199,144477.72946764933,0.0385388461426957,0.0964768032774745,0.9459889047590548,2.1094484621162133,7.349248272870793e-06
7575.48,True,forward,final_local_der_m_bounds,0.099403957765159,0.03,0.0306105353264087,0.9986621423395684,False,0,True,0,,True,0.9848177313716872,0.8007191667117652,0.7571064609239333,144450.10206297183,0.0386326593140651,0.0962889117148819,0.945533081258774,2.1092610082894843,7.354371569090223e-06
7577.98,True,forward,final_local_der_m_bounds,0.099403957765159,0.03,0.0306355167418261,0.9986599687812788,False,0,True,0,,True,0.984724123456999,0.800660520158904,0.7570658729603279,144444.4137917773,0.0386155670147033,0.0963143045931975,0.9455516462958308,2.109330455715053,7.354548304444766e-06
7580.78,True,forward,final_local_der_m_bounds,0.099403957765159,0.03,0.0306563474574677,0.998658099768718,False,0,True,0,,True,0.9846905456051092,0.8006213869404116,0.7571537663970658,144431.84420950862,0.0385960507327521,0.0963753402531413,0.9457076450212528,2.109269020820575,7.353906732383262e-06
7583.28,True,forward,final_local_der_m_bounds,0.099403957765159,0.03,0.0306812173777373,0.9986559528450688,False,0,True,0,,True,0.9846343080369184,0.8005533782183784,0.7573129498821476,144428.01960895286,0.0385642374342889,0.0964673506569463,0.9459868267217086,2.1091573866792004,7.3518069751781455e-06
7585.68,True,forward,final_local_der_m_bounds,0.099403957765159,0.03,0.0307102527337841,0.9986534464035716,False,0,True,0,,True,0.9846136141254828,0.8005040253154154,0.7573369721864663,144426.1392837855,0.0385440435294156,0.0965065129330044,0.94607515794572,2.1092544340759267,7.351197132265934e-06
7588.28,True,forward,final_local_der_m_bounds,0.099403957765159,0.03,0.0307419264581017,0.9986507094339054,False,0,True,0,,True,0.984572955496514,0.8004244023842402,0.7576099809042841,144425.4980437643,0.0385018741907745,0.0966405010507625,0.9465103495690238,2.1090501945229074,7.347636050951128e-06
7590.88,True,forward,final_local_der_m_bounds,0.099403957765159,0.03,0.030769310564358,0.9986483597351972,False,0,True,0,,True,0.9844987036944556,0.800365752417091,0.7574933246389791,144428.47982070065,0.0384899990649037,0.0966313994461301,0.9464339551653256,2.109273169853013,7.348167422623692e-06
7593.48,True,forward,final_local_der_m_bounds,0.099403957765159,0.03,0.0307967479671148,0.9986460036232604,False,0,True,0,,True,0.984460727338877,0.8002889194777804,0.7577312417288518,144419.7096885365,0.038445986886659,0.0967647852979436,0.946822107974831,2.1091165883457808,7.345413713213556e-06
7596.08,True,forward,final_local_der_m_bounds,0.099403957765159,0.03,0.0308219575481171,0.9986438335228284,False,0,True,0,,True,0.9844004973554676,0.8002487817058196,0.757704792666244,144395.00366853937,0.0384209740383493,0.0968189525674652,0.946836546318898,2.109170332812908,7.346578198790266e-06
7598.78,True,forward,final_local_der_m_bounds,0.099403957765159,0.03,0.0308481673788522,0.9986415757662712,False,0,True,0,,True,0.984369450100718,0.8001856410636211,0.757747615530395,144391.52469717906,0.0383965599936092,0.0968679707492287,0.9469647749779456,2.109267013253903,7.345725230783345e-06
7601.28,True,forward,final_local_der_m_bounds,0.099403957765159,0.03,0.0308728374623431,0.9986394513526524,False,0,True,0,,True,0.9843228381115549,0.8000922615455076,0.7578241731840605,144391.6100119175,0.0383630295367549,0.0969369128767849,0.9471709821567336,2.1093890742548584,7.344058912001327e-06
7604.08,True,forward,final_local_der_m_bounds,0.099403957765159,0.03,0.0309038202046528,0.9986367776562396,False,0,True,0,,True,0.9842721280919624,0.7999824922598143,0.7581922624998241,144391.61639542895,0.0383048880339941,0.0971213861751309,0.9477610695679852,2.109132174272132,7.339193209052325e-06
7606.68,True,forward,final_local_der_m_bounds,0.0992365024412366,0.03,0.0309359567094594,0.9986339965069616,False,0,True,0,,True,0.9842458036964112,0.7999791335914029,0.7579755800324438,144373.99382507836,0.0383051168665396,0.0970813482902694,0.9474941885416566,2.1094066195846177,7.342326708771566e-06
7609.38,True,forward,final_local_der_m_bounds,0.0992068794353228,0.03,0.030973848762489,0.9986307060595916,False,0,True,0,,True,0.9841713637668492,0.7999239462477706,0.7579507861556989,144358.3050243562,0.0382802261824156,0.0971289637152023,0.9475285615726888,2.109481404489088,7.3428756677175804e-06
7611.88,True,forward,final_local_der_m_bounds,0.0991384938994166,0.03,0.0310062737816835,0.9986278914403248,False,0,True,0,,True,0.9841087210300598,0.7998156383260724,0.7582313620670725,144362.96210831494,0.0382324968408233,0.0972694483667767,0.948007672935689,2.109322664164789,7.338702258000247e-06
7614.28,True,forward,final_local_der_m_bounds,0.0990565627714654,0.03,0.0310393932265664,0.9986250105210426,False,0,True,0,,True,0.9841053009167856,0.799754372224569,0.7583823305048688,144371.42404173734,0.0382059813349664,0.0973409052970497,0.9482690646571632,2.109313033219547,7.336127233095366e-06
7617.08,True,forward,final_local_der_m_bounds,0.0989745778228094,0.03,0.0310738668409307,0.9986220152084267,False,0,True,0,,True,0.9840503339986882,0.7996407914059361,0.7586575578494177,144386.14783357957,0.0381627222081173,0.0974639330686479,0.9487479453312264,2.109198067545659,7.3314529924139795e-06
7619.48,True,forward,final_local_der_m_bounds,0.0989038748586439,0.03,0.0311035236939345,0.9986194358044312,False,0,True,0,,True,0.983990167152872,0.7995761031941772,0.7587507389097546,144378.2940027672,0.0381304435458619,0.0975481291163129,0.9489412400879268,2.10916424268278,7.330280663796573e-06
7622.28,True,forward,final_local_der_m_bounds,0.0988271536789505,0.03,0.0311485263157843,0.9986154966084948,False,0,True,0,,True,0.983945214841558,0.7994590875311094,0.7589945813561323,144385.2780512305,0.0380856573875286,0.0976674583209204,0.9493851445232304,2.1091296154035475,7.326297899509833e-06
7624.88,True,forward,final_local_der_m_bounds,0.0987459895678539,0.03,0.0311822595777534,0.998612546858994,False,0,True,0,,True,0.9839092865791768,0.7993951590713185,0.7591926896107365,144385.2793465913,0.0380526014595301,0.0977707630925657,0.9497088905225716,2.1089912500994448,7.323638612614336e-06
7627.58,True,forward,final_local_der_m_bounds,0.098625814740805,0.03,0.0312140729500996,0.9986097684743416,False,0,True,0,,True,0.983836584228355,0.7993380002296384,0.7589879440276565,144377.25512469793,0.0380396485872362,0.0977520990312026,0.9495206581065958,2.1093408848007886,7.325655685776102e-06
7630.18,True,forward,final_local_der_m_bounds,0.0985989954758159,0.03,0.0312447106051471,0.9986070903649322,False,0,True,0,,True,0.9838087571440588,0.7992308172815197,0.7592830008325346,144386.31501397365,0.0379933020907599,0.0978885195669102,0.950017172029399,2.1092329387123034,7.321124586656763e-06
7637.78,True,forward,final_local_der_m_bounds,0.098544432155045,0.03,0.0312864693331118,0.9986035354649307,False,0,True,0,,True,0.9836660353518558,0.7990105321261286,0.7594536032758918,144386.32478577032,0.0379162222691124,0.0980398331682247,0.9504926064679302,2.1094673755604973,7.317306509823368e-06
7645.48,True,forward,final_local_der_m_bounds,0.0985272053364488,0.03,0.0313284153796415,0.9985999606447544,False,0,True,0,,True,0.9834969438156006,0.7987131427344087,0.759955134628053,144410.08773942536,0.0378102230404565,0.0983004429500992,0.9514744330190098,2.109437794633431,7.308121132057139e-06
7652.58,True,forward,final_local_der_m_bounds,0.0984725476644953,0.03,0.031340863623248,0.998598966786189,False,0,True,0,,True,0.98335473887289,0.7984975513084904,0.7604508732707607,144409.7340258648,0.0377081183508822,0.0985988284400351,0.9523521669222615,2.1091818960196766,7.300979631723576e-06
7655.28,True,forward,final_local_der_m_bounds,0.0984357569799045,0.03,0.0313026403320889,0.9986021258537918,False,0,True,0,,True,0.9833806376374872,0.7985993905989908,0.76025936153564,144383.59516543386,0.0377509490203047,0.0985048196865668,0.9519909111944178,2.10915170538882,7.305239085026206e-06
7657.78,True,forward,final_local_der_m_bounds,0.0983187766545727,0.03,0.0313962392646461,0.9985944157276032,False,0,True,0,,True,0.9832529597360276,0.7982621226646849,0.7609772025278572,144399.03204613234,0.0375722399573738,0.0989676658132785,0.953292384696437,2.1090404858575726,7.293863479982238e-06
7660.18,True,forward,final_local_der_m_bounds,0.0983065651475031,0.03,0.0314832718773363,0.9985871456429388,False,0,True,0,,True,0.983086362432275,0.7979047837241259,0.7617186282776792,144422.3564313189,0.0374033747139659,0.0994113480069669,0.9546485292674244,2.108886097400136,7.28167061264896e-06
7662.98,True,forward,final_local_der_m_bounds,0.0982327914620807,0.03,0.0315944815256172,0.998577787698759,False,0,True,0,,True,0.982925093172294,0.7975563248690885,0.7623533142928335,144441.39499585555,0.0372318871955802,0.0998433754257571,0.9558614113153284,2.108869156169725,7.270894392554227e-06
7665.48,True,forward,final_local_der_m_bounds,0.0980882813212302,0.03,0.0316944749550844,0.9985693404163524,False,0,True,0,,True,0.9828275901615546,0.7971755340339417,0.7633666035266922,144476.15030389262,0.0370449027980558,0.100369804701369,0.9575891016923632,2.108557950463328,7.255125540493251e-06
7668.28,True,forward,final_local_der_m_bounds,0.0980762994202861,0.03,0.0318084327201803,0.9985596865295476,False,0,True,0,,True,0.9826520907975842,0.7968037957696763,0.7640551754940484,144488.48127521778,0.0368636327515515,0.1008344666375587,0.9589000197420068,2.108521486930601,7.243938151335595e-06
7670.78,True,forward,final_local_der_m_bounds,0.0979746144359004,0.03,0.0319070465443813,0.9985513545072792,False,0,True,0,,True,0.9824682427413282,0.7964549586645913,0.7647872903036528,144512.23398074,0.0366957095084286,0.1012826931408921,0.9602392225493388,2.1083241152559147,7.231954341640447e-06
7673.58,True,forward,final_local_der_m_bounds,0.097870746623845,0.03,0.0320199500214004,0.9985417719581094,False,0,True,0,,True,0.9823411085768912,0.7961540194868283,0.765233497494356,144504.08664078487,0.0365341797929642,0.1016766617762232,0.9611626378368314,2.108491076176668,7.224961638635374e-06
7675.98,True,forward,final_local_der_m_bounds,0.0978587868915873,0.03,0.0321179857841946,0.9985334350167224,False,0,True,0,,True,0.982211350441724,0.7957865480836696,0.766218727552844,144535.39415098706,0.0363534314631446,0.1021966655636721,0.9628445333713824,2.1081166910980675,7.209850690686051e-06
7678.78,True,forward,final_local_der_m_bounds,0.0977675633278328,0.03,0.0322372258393114,0.9985232423081288,False,0,True,0,,True,0.9820663075569012,0.7954278751836744,0.7668358770865505,144557.66092419735,0.0361815555775532,0.1026278804584355,0.9640545686300952,2.108211074362239,7.1990611656755095e-06
7681.38,True,forward,final_local_der_m_bounds,0.0976968653218884,0.03,0.0323544699319014,0.9985131567057682,False,0,True,0,,True,0.9819271069431256,0.795081947708367,0.7676279675196495,144580.47882836693,0.0360100653115421,0.1030981635393311,0.9654702508743318,2.108022952817942,7.186586823683465e-06
7684.08,True,forward,final_local_der_m_bounds,0.0976912769493017,0.03,0.0324850496833036,0.998501842730217,False,0,True,0,,True,0.9818023856092268,0.7947652078346777,0.7682271282316181,144576.02324892004,0.0358412812511441,0.1035399643846693,0.9666089062009116,2.1080397929276167,7.177721247502648e-06
7686.68,True,forward,final_local_der_m_bounds,0.0976308194809401,0.03,0.0326167315372681,0.998490365993569,False,0,True,0,,True,0.9816443983341728,0.7944325376450256,0.7689029289150581,144589.2651720858,0.035676757850865,0.1039808155267752,0.9678643465364016,2.107934973591966,7.167053577775635e-06
7689.48,True,forward,final_local_der_m_bounds,0.0975969207977896,0.03,0.0327583932724157,0.9984779808481796,False,0,True,0,,True,0.9815347156636433,0.7940799892506228,0.7697908366136633,144610.03601761558,0.0354917983784833,0.1045047572300878,0.9694122091404402,2.107705210164375,7.153682923835247e-06
7691.98,True,forward,final_local_der_m_bounds,0.0975340379143618,0.03,0.0328902274010267,0.9984663895596868,False,0,True,0,,True,0.9813978477769928,0.79369234696742,0.7706682725915807,144652.87838000714,0.0353156828265509,0.104991653796702,0.970991185106155,2.1075624641505937,7.13901682440782e-06
7694.38,True,forward,final_local_der_m_bounds,0.0975340379143618,0.03,0.0330167629031601,0.9984552305819504,False,0,True,0,,True,0.981277277234662,0.7933856342566514,0.7713013244591866,144676.6825477514,0.0351684121213605,0.1053877558093039,0.9721644697812606,2.1075126980290646,7.128544190862727e-06
7697.08,True,forward,final_local_der_m_bounds,0.0975340379143618,0.03,0.0331486929547849,0.9984436131662464,False,0,True,0,,True,0.981145122900167,0.7929839287043791,0.772059908575787,144715.43025796086,0.0349896883467138,0.1058559510892118,0.973613563439074,2.10760587051318,7.1151820425768175e-06
7699.58,True,forward,final_local_der_m_bounds,0.0975340379143618,0.03,0.0332799158305087,0.9984319702674392,False,0,True,0,,True,0.9809693293109084,0.7926718222322294,0.7725322483816275,144711.5380949785,0.0348381042817968,0.1062448869747656,0.9745927970621092,2.107689069565187,7.107658481054692e-06
7702.38,True,forward,final_local_der_m_bounds,0.0975340379143618,0.03,0.0334261963024657,0.9984189507768688,False,0,True,0,,True,0.980856205859256,0.7922634115673621,0.7734669599045182,144758.5097496868,0.0346517633124373,0.1067643957325429,0.9762749971935996,2.107603256942068,7.0920828408011295e-06
7704.88,True,forward,final_local_der_m_bounds,0.0975340379143618,0.03,0.0335741760798603,0.9984056333538728,False,0,True,0,,True,0.9806629074360204,0.7919229259552388,0.774077893741092,144771.8714677908,0.0344912758007937,0.1071986427770995,0.9774662007762668,2.1075596480108527,7.082065938294234e-06
7707.58,True,forward,final_local_der_m_bounds,0.0976308194809401,0.03,0.0337637320624124,0.9983883517606872,False,0,True,0,,True,0.9805402857439598,0.7915776116140135,0.7747881048963952,144790.36583696466,0.0343199264761095,0.1076738882466424,0.9787898160947416,2.1075474790204787,7.070766112258065e-06
7715.28,True,forward,final_local_der_m_bounds,0.0976912769493017,0.03,0.0342962655653439,0.9983394167513148,False,0,True,0,,True,0.9800713666101928,0.7904989231336271,0.7771023720805746,144858.24527857208,0.0338080952862968,0.1091263325880659,0.9830530432603918,2.107206426048279,7.034097931119311e-06
7722.88,True,forward,final_local_der_m_bounds,0.0977675633278328,0.03,0.0347963263246858,0.9982929071731562,False,0,True,0,,True,0.979589736508748,0.7894376312984261,0.7795129554487071,144917.86845915948,0.0332877041075179,0.1106783612374825,0.9874281698056432,2.10666567891356,6.997170773789125e-06
7729.48,True,forward,final_local_der_m_bounds,0.097870746623845,0.03,0.0354051387694815,0.9982350007444588,False,0,True,0,,True,0.9791977248994048,0.7883617520412067,0.7813529165622357,145019.4758652031,0.0328756621808235,0.1117165044796963,0.9911096200940444,2.1071875391909143,6.963823768448712e-06
7732.28,True,forward,final_local_der_m_bounds,0.0980762994202861,0.03,0.0356361865689933,0.9982127303004232,False,0,True,0,,True,0.9791489701173364,0.7880717195467146,0.7813971742714337,145053.43533031002,0.0327766703927813,0.1118607793081591,0.9915305357244388,2.1080795072426675,6.958967783820679e-06
7734.68,True,forward,final_local_der_m_bounds,0.0983187766545727,0.03,0.0352819944129988,0.9982458700097704,False,0,True,0,,True,0.9793997698334888,0.7887410359187437,0.7802973628292152,145012.52252056994,0.0331097478936731,0.1109787090059245,0.9892947460509736,2.107704019477152,6.978186543436276e-06
7737.48,True,forward,final_local_der_m_bounds,0.0983216866480166,0.03,0.0348726654963521,0.9982839299605664,False,0,True,0,,True,0.9796874391097664,0.7896285211047932,0.7781302559821383,144939.02904145856,0.0335529614443083,0.1096808199884076,0.985438386766264,2.10810926908412,7.011655387801761e-06
7739.98,True,forward,final_local_der_m_bounds,0.0984725476644953,0.03,0.0345189107496178,0.9983164769191268,False,0,True,0,,True,0.9799056403487312,0.7903650036091109,0.7765461450446115,144881.24138439383,0.0339245655761352,0.10864815818445,0.9825158521677996,2.108116586366782,7.037234606961488e-06
7742.58,True,forward,final_local_der_m_bounds,0.098544432155045,0.03,0.0341624020100311,0.9983489413507256,False,0,True,0,,True,0.9801138089091176,0.7910345996664528,0.7751666107840941,144864.19756711202,0.0342967039576298,0.1076297691422979,0.9799402088239256,2.1080691325879,7.058209682691737e-06
7745.08,True,forward,final_local_der_m_bounds,0.0985989954758159,0.03,0.0338312161499693,0.9983788001300432,False,0,True,0,,True,0.9802637473189362,0.7916627532055376,0.7736698661721021,144852.81795097634,0.0346647023082409,0.1065967137764167,0.9772720303429964,2.108221595857988,7.079726063594009e-06
7747.58,True,forward,final_local_der_m_bounds,0.0989745778228094,0.03,0.0335081756129576,0.9984076760650568,False,0,True,0,,True,0.9805741493243382,0.7924032630390345,0.7721351616406166,144790.0535261786,0.0350357393379524,0.1055914414337941,0.9744219864508312,2.1083758608442342,7.105256522634463e-06
7750.28,True,forward,final_local_der_m_bounds,0.0993437870156414,0.03,0.0331733856650239,0.9984373013355892,False,0,True,0,,True,0.9807913472955136,0.7931222201419124,0.7705458279705082,144776.82601184858,0.0354452525842643,0.1044755001763607,0.971534787958198,2.1084969413890167,7.12875782512825e-06
7752.68,True,forward,final_local_der_m_bounds,0.099403957765159,0.03,0.0328890258945494,0.9984621952530144,False,0,True,0,,True,0.980995878889209,0.7938028749637205,0.7689763825523391,144725.27333502882,0.0358144378776034,0.1034688566485581,0.9687246126281464,2.108712803217605,7.153639721841628e-06
7755.38,True,forward,final_local_der_m_bounds,0.0994486500942905,0.03,0.0325797773796824,0.9984890114366246,False,0,True,0,,True,0.9811844351271976,0.794430531688471,0.7675766071435371,144718.31702236395,0.0361949113326228,0.1024547034393516,0.9661972652437476,2.108853808365506,7.174144330561792e-06
7757.98,True,forward,final_local_der_m_bounds,0.0998984008256703,0.03,0.0322899651381068,0.998513918230194,False,0,True,0,,True,0.981397173736036,0.7951180818893703,0.7659679077901925,144664.96431571615,0.0365821469739092,0.1014155114798005,0.9633385596892592,2.1091407328931018,7.199695882396003e-06
7760.38,True,forward,final_local_der_m_bounds,0.100120225818109,0.03,0.0320267644610232,0.9985363677082814,False,0,True,0,,True,0.9816272394547574,0.7957564234857718,0.7646891482164218,144634.45872584154,0.0369400366201577,0.1004962321660415,0.960958813083454,2.1091774174197098,7.220320809262034e-06
7762.98,True,forward,final_local_der_m_bounds,0.1003634254010176,0.03,0.0317498992177573,0.9985597866450076,False,0,True,0,,True,0.9818073132071906,0.7964133890036663,0.7630678474630358,144587.53919444143,0.0373298727893809,0.0994533882554048,0.958130360437126,2.109544567382116,7.245512881418835e-06
7765.48,True,forward,final_local_der_m_bounds,0.1003919642573138,0.03,0.0315040522484981,0.9985803308691208,False,0,True,0,,True,0.9819805412995254,0.7969851782401205,0.7617220604268649,144566.39198647992,0.0376896366946266,0.0985111443916314,0.9557543618425596,2.109814296667563,7.265828224192563e-06
7767.88,True,forward,final_local_der_m_bounds,0.1008673599287209,0.03,0.031276799979667,0.998599163310276,False,0,True,0,,True,0.9822210951447456,0.7976590697031595,0.7601533882799615,144505.5180997748,0.0380654878380679,0.0975283996003199,0.952980310952704,2.110195816617749,7.291456178670618e-06
7770.28,True,forward,final_local_der_m_bounds,0.1010976117894831,0.03,0.0310685394936539,0.9986162105853988,False,0,True,0,,True,0.9823531049638669,0.7982575821402874,0.7585312606919152,144460.66629607382,0.0384346064281248,0.0965389518424494,0.950233706090385,2.1107048504128327,7.31620226489783e-06
7772.78,True,forward,final_local_der_m_bounds,0.1012947431442739,0.03,0.0308795095933328,0.998631418825722,False,0,True,0,,True,0.9825922595013202,0.7988953592580663,0.7570865121638635,144421.26194831147,0.0388155071334521,0.0955644995737211,0.9476666792343984,2.111053729097876,7.339243451058231e-06
7775.580000000001,True,forward,final_local_der_m_bounds,0.1014042088405133,0.03,0.0306686123029999,0.9986483174496272,False,0,True,0,,True,0.9828101362217851,0.7996052737121145,0.7554787187654929,144362.11200120623,0.0392345597234712,0.0945087094434683,0.9448145773954604,2.1113495397517235,7.365728549123131e-06
7778.179999999999,True,forward,final_local_der_m_bounds,0.1017623047274124,0.03,0.0305014345653361,0.9986614390837582,False,0,True,0,,True,0.9830247429465104,0.8002344958576366,0.754057741715207,144326.59376258633,0.0396270790754833,0.093521928960283,0.9422959715165232,2.1116623395582224,7.388354058699333e-06
7780.78,True,forward,final_local_der_m_bounds,0.1021897174302685,0.03,0.0303304293310229,0.9986748654185532,False,0,True,0,,True,0.9832623877268636,0.800891887701775,0.7526113172612549,144274.6426138548,0.0400227083430316,0.0925393554308844,0.9397164945957124,2.1119716277284715,7.412402495511385e-06
7783.38,True,forward,final_local_der_m_bounds,0.1024568302860301,0.03,0.0301330849735711,0.9986905501837552,False,0,True,0,,True,0.9834963523878631,0.8015305205951998,0.7510853462676701,144220.55691803482,0.0404215099447767,0.0915306479369634,0.9370639382639226,2.112469327798331,7.437295525278162e-06
7791.179999999999,True,forward,final_local_der_m_bounds,0.1026201874126463,0.03,0.0297106026469548,0.9987226500191004,False,0,True,0,,True,0.9841440087131936,0.8034172157361942,0.7464770889552754,144080.23426430856,0.041632601300742,0.0885124501521161,0.929127574483523,2.11406305370073,7.511290413791196e-06
7798.98,True,forward,final_local_der_m_bounds,0.1030811410350758,0.03,0.0294438152594554,0.9987413167700396,False,0,True,0,,True,0.9848319773813562,0.8052339334699664,0.741833389072728,143962.07249189747,0.0428765901589901,0.0854163791499178,0.9212644403545828,2.1161485575668726,7.584463994369248e-06
7805.679999999999,True,forward,final_local_der_m_bounds,0.1034744794198521,0.03,0.0290760479658265,0.9987687894941332,False,0,True,0,,True,0.9851986178369946,0.8068852951034285,0.7391249295038835,143799.9234248831,0.0437653662599141,0.0836890225668593,0.9160223069985935,2.115240297978757,7.637657063118648e-06
7808.580000000001,True,forward,final_local_der_m_bounds,0.1035466749090318,0.03,0.028962642321219,0.9987771770579597,False,0,True,0,,True,0.985274181664008,0.8073757710095684,0.738336707974572,143750.9911760939,0.0440282393640228,0.0832060544525542,0.9144895530507836,2.114882472554948,7.653358354167822e-06
7810.98,True,forward,final_local_der_m_bounds,0.1037545419659455,0.03,0.0289449475545827,0.998779481388801,False,0,True,0,,True,0.9850590702327364,0.8069433926103949,0.7394891298532492,143757.93105574785,0.0437159715753678,0.0839945931671467,0.9164076893436888,2.114173412295516,7.63638512304627e-06
7813.48,True,forward,final_local_der_m_bounds,0.1040444951426279,0.03,0.0289556750371676,0.9987795233188058,False,0,True,0,,True,0.984848292501042,0.8064700166189585,0.7407051099905805,143778.6067601156,0.0433804457825853,0.084829297838768,0.9184533767242948,2.1135276951656827,7.617648677441313e-06
7815.98,True,forward,final_local_der_m_bounds,0.1043590173521279,0.03,0.0289641223410748,0.9987797544537764,False,0,True,0,,True,0.9846187509593154,0.805996997039032,0.741797840664005,143791.8589869343,0.0430550086142207,0.0856229007654797,0.9203481444585108,2.1130363011532745,7.600697370148169e-06
7818.580000000001,True,forward,final_local_der_m_bounds,0.1044839106296184,0.03,0.0289826661490927,0.9987792006194236,False,0,True,0,,True,0.9843900461731864,0.8055146691383739,0.7430232282814749,143790.89434719505,0.042704005250318,0.0865043248767564,0.9224204806552516,2.1123831464754272,7.582988485769751e-06
7821.28,True,forward,final_local_der_m_bounds,0.1049022827350903,0.03,0.0290077962513513,0.9987781183091292,False,0,True,0,,True,0.9841454469870952,0.8049885021278972,0.7443461865360526,143805.38106879615,0.0423418103007108,0.0874188715632106,0.9246668549531536,2.111710351527292,7.563039910890078e-06
7823.88,True,forward,final_local_der_m_bounds,0.1053489560582086,0.03,0.0290657276958259,0.998774174197912,False,0,True,0,,True,0.9838888175106396,0.804434932376157,0.7457326868113103,143825.68206977594,0.0419848049270604,0.0883335937915483,0.92702673242763,2.1110212252408065,7.541889994572307e-06
7826.48,True,forward,final_local_der_m_bounds,0.1055375833947807,0.03,0.0291307748185561,0.9987696343842646,False,0,True,0,,True,0.9836392302994406,0.8039037668982475,0.7470320774878041,143833.74502314537,0.0416383063831256,0.0892192381662258,0.9292556002942056,2.110408278881762,7.52257237649775e-06
7828.98,True,forward,final_local_der_m_bounds,0.1057906888835085,0.03,0.029198814891602,0.9987648085582372,False,0,True,0,,True,0.9833670716205848,0.8033328806535552,0.7483732502844899,143860.6862821045,0.0412914501861578,0.0901051084778852,0.9315854838104564,2.109833517764696,7.501495737448543e-06
7831.78,True,forward,final_local_der_m_bounds,0.106311773218512,0.03,0.0292829494834257,0.9987587382153904,False,0,True,0,,True,0.9831007189723404,0.8027724334082227,0.7496984202320781,143869.38877730182,0.0409278024537197,0.0910368747455648,0.9338866022705644,2.109266760492704,7.481678638222398e-06
7834.38,True,forward,final_local_der_m_bounds,0.106311773218512,0.03,0.0293702170092327,0.9987523243745748,False,0,True,0,,True,0.9828738236537278,0.8021815171653501,0.7513074287072908,143907.7627875542,0.0405636310621694,0.0920112004646225,0.936580328305454,2.10847765388098,7.457046052051614e-06
7837.080000000001,True,forward,final_local_der_m_bounds,0.106311773218512,0.03,0.0294707188796515,0.9987448182155048,False,0,True,0,,True,0.9825758946515604,0.8015837728466645,0.7526503612795854,143927.8602407915,0.0402062167080306,0.0929291418045566,0.938954089111233,2.1079682783256914,7.436198426903043e-06
7839.679999999999,True,forward,final_local_der_m_bounds,0.106311773218512,0.03,0.0295770232648543,0.998736768183632,False,0,True,0,,True,0.982327575156204,0.8010541092460775,0.7539527753025037,143933.19827905853,0.0398668097782649,0.0938251635463559,0.9412008085347644,2.1073910975638843,7.417207721572538e-06
7842.28,True,forward,final_local_der_m_bounds,0.106311773218512,0.03,0.0296873883577309,0.9987283579471296,False,0,True,0,,True,0.9820801025624856,0.8005137398567633,0.7552890366635365,143941.50575218146,0.039526299710223,0.0947307321086386,0.943505400417838,2.106811929140536,7.397643794561448e-06
7844.78,True,forward,final_local_der_m_bounds,0.106311773218512,0.03,0.0298019489363013,0.9987195328040952,False,0,True,0,,True,0.981828221487368,0.7999405699088218,0.756642499392252,143974.6457378706,0.0391942777366333,0.0956079478583524,0.9458733909176468,2.106323619061611,7.376361880765735e-06
7847.28,True,forward,final_local_der_m_bounds,0.106311773218512,0.03,0.0299201539076557,0.9987103764252776,False,0,True,0,,True,0.9815541304359828,0.7993687209015681,0.7579317730205792,144000.94935957578,0.0388692838999155,0.0964622574209475,0.9481629105599052,2.1058858265186986,7.356161527593018e-06
7849.98,True,forward,final_local_der_m_bounds,0.106311773218512,0.03,0.0300488403658645,0.9987003766343638,False,0,True,0,,True,0.9813104754152784,0.7987663967713913,0.7595301862349905,144019.16289096177,0.0385040199144092,0.097470130994901,0.9508789920369792,2.1051783507398376,7.332894672236589e-06
7852.48,True,forward,final_local_der_m_bounds,0.106311773218512,0.03,0.0301807104484698,0.9986899929978248,False,0,True,0,,True,0.9810281911169884,0.7981678421215888,0.7608341685927814,144061.35171655787,0.0381794269076707,0.0983269266115731,0.9532257859079216,2.104814842132513,7.311573313200871e-06
7855.28,True,forward,final_local_der_m_bounds,0.106311773218512,0.03,0.0303212487532571,0.9986789489521016,False,0,True,0,,True,0.9807812118034264,0.7976023939760728,0.7620484444347941,144062.31194139717,0.0378386062999725,0.099227640494908,0.955423968370956,2.104546776447991,7.293622472461427e-06
7857.679999999999,True,forward,final_local_der_m_bounds,0.106311773218512,0.03,0.0304569287023178,0.9986681265875244,False,0,True,0,,True,0.980551193763564,0.797037113003801,0.76348704286833,144086.63912439847,0.0375150141755269,0.1001302165267458,0.9579065145297556,2.103996942845873,7.272198018556123e-06
7860.38,True,forward,final_local_der_m_bounds,0.1055375833947807,0.03,0.0306409136486766,0.998653156168732,False,0,True,0,,True,0.9802489962989084,0.7964135319512591,0.7650076222782739,144119.0171706698,0.0371634447301823,0.1011119168850469,0.9605658261531056,2.103392955713628,7.249026692643025e-06
7867.98,True,forward,final_local_der_m_bounds,0.1055205110377012,0.03,0.0311524891859154,0.9986112652493634,False,0,True,0,,True,0.979393059932394,0.7946526600294891,0.7688881340620968,144165.48744543994,0.0361929850714021,0.1037759753167505,0.9675776257183406,2.1023282140990425,7.190351060062007e-06
7875.78,True,forward,final_local_der_m_bounds,0.1046731043213422,0.03,0.0317404092500743,0.99856210009127,False,0,True,0,,True,0.9786651821250704,0.7928516664386657,0.7731863520572836,144225.2376248559,0.0352040370455035,0.1065864305251951,0.9751967294592256,2.1011643298916813,7.126733229380689e-06
7882.88,True,forward,final_local_der_m_bounds,0.1043590173521279,0.03,0.0324661682260619,0.998499437343405,False,0,True,0,,True,0.97804394829552,0.7911716527214099,0.776175375640427,144295.94782443778,0.0344008616449078,0.1086495033558292,0.981045482318028,2.1017055627865,7.077213041986963e-06
7885.28,True,forward,final_local_der_m_bounds,0.1037879424207217,0.03,0.0326678036570612,0.9984817634050158,False,0,True,0,,True,0.9778534957059416,0.7906410885108566,0.7771427638365432,144339.5389632649,0.0341676697232721,0.1092602053203058,0.982927367587565,2.101865818102985,7.060335748600562e-06
7887.78,True,forward,final_local_der_m_bounds,0.1037545419659455,0.03,0.0327648396866367,0.9984731542856864,False,0,True,0,,True,0.977727712597607,0.7904138069926775,0.7774689665974952,144313.80202496325,0.0340556563411058,0.109555148985152,0.9836227046128736,2.101964077916548,7.05616269602157e-06
7890.48,True,forward,final_local_der_m_bounds,0.1034744794198521,0.03,0.0328698710267276,0.9984635924759908,False,0,True,0,,True,0.9776159059380772,0.7901451834530051,0.7779565328400725,144354.09924775717,0.0339680543764054,0.1097870067268584,0.9845741632447,2.102017959938618,7.046759831431947e-06
7893.080000000001,True,forward,final_local_der_m_bounds,0.1029990756740662,0.03,0.0329723842890425,0.9984542299775327,False,0,True,0,,True,0.9774546242654092,0.7899062544773054,0.7782548151510755,144355.70812475242,0.033879534387474,0.1100129171499083,0.985249592264667,2.1021225548491773,7.0414190132608e-06
7895.78,True,forward,final_local_der_m_bounds,0.1024568302860301,0.03,0.0330804212027571,0.998444310816154,False,0,True,0,,True,0.9773593499684354,0.7896844471531377,0.7786268472852367,144363.51653977757,0.033794368419725,0.1102420090921327,0.9859974450455948,2.102204836018755,7.035208138569767e-06
7898.28,True,forward,final_local_der_m_bounds,0.1022033475576457,0.03,0.0331783373904186,0.9984353146414856,False,0,True,0,,True,0.977218634631658,0.7894225746635962,0.7791843793568016,144363.72649614728,0.0336891460892653,0.1105538563524125,0.9870307796668248,2.102077736679994,7.027143095875856e-06
7900.88,True,forward,final_local_der_m_bounds,0.1014042088405133,0.03,0.0332714691247255,0.9984267960707952,False,0,True,0,,True,0.9771397404524804,0.7891921495960664,0.7797387018161115,144397.29854752388,0.0336023193439445,0.1108095648004052,0.9880213611035114,2.101975243044156,7.017796388476024e-06
7903.48,True,forward,final_local_der_m_bounds,0.101317823079093,0.03,0.0333662581469181,0.9984181001169568,False,0,True,0,,True,0.9769977697629812,0.7889874880975558,0.7799455597897279,144399.8386019586,0.0335253598547971,0.1109962584668398,0.988539833084514,2.1021266014557174,7.01365260708442e-06
7905.88,True,forward,final_local_der_m_bounds,0.101317823079093,0.03,0.0334540747041473,0.9984100294691016,False,0,True,0,,True,0.9769474602558326,0.7888012727741007,0.7804158056257587,144408.82500228492,0.0334427921731713,0.111244507256523,0.9893693539326432,2.102043362467356,7.006768444394651e-06
7908.28,True,forward,final_local_der_m_bounds,0.101317823079093,0.03,0.0335432103986586,0.998401814908934,False,0,True,0,,True,0.9768516421756492,0.7886050175511036,0.7806906394884754,144411.0558796863,0.0333655177876899,0.1114437572356407,0.9899640784848096,2.1021702017486734,7.0020502348385405e-06
7910.88,True,forward,final_local_der_m_bounds,0.101317823079093,0.03,0.0336422284930882,0.9983926610129332,False,0,True,0,,True,0.976749510392772,0.7883939061031634,0.7811192441818279,144413.34751345182,0.0332759136630562,0.1117019979322243,0.9907728080277886,2.102125226441396,6.995668289511094e-06
7913.580000000001,True,forward,final_local_der_m_bounds,0.101317823079093,0.03,0.0337501218774297,0.9983826461410208,False,0,True,0,,True,0.9766801144003328,0.7881955420334793,0.7815120124759035,144430.97649154338,0.033196707584565,0.1119218313621968,0.9915204676997628,2.102154703771529,6.989023815824472e-06
7916.179999999999,True,forward,final_local_der_m_bounds,0.101317823079093,0.03,0.0338574647689235,0.9983726446837952,False,0,True,0,,True,0.9765739284958996,0.7880560745896242,0.7817690742788712,144395.7058340385,0.0331174108977466,0.1121547617048276,0.992022140919316,2.1020786967540714,6.986848249906341e-06
7918.78,True,forward,final_local_der_m_bounds,0.101317823079093,0.03,0.0339660932412804,0.9983624915456948,False,0,True,0,,True,0.9764413634872264,0.7877805960724916,0.7822384399536043,144434.45795286898,0.0330249837188736,0.1124014942597994,0.9929648481486876,2.1021485841919563,6.97768697432339e-06
7921.28,True,forward,final_local_der_m_bounds,0.1022033475576457,0.03,0.0340722266611663,0.9983525393730588,False,0,True,0,,True,0.9763633376124202,0.7875967946639003,0.7825328310490004,144444.35622237352,0.0329504031124212,0.1126006654960515,0.993570360304652,2.1022441673819365,6.972533526832876e-06
7923.679999999999,True,forward,final_local_der_m_bounds,0.1022214202833504,0.03,0.0341766710143961,0.9983427118496084,False,0,True,0,,True,0.9762294385613228,0.7873195229442866,0.783145279006163,144474.55290449853,0.0328515243445623,0.1128942341338216,0.9946981577155442,2.1021226957959813,6.962373970003909e-06
7926.48,True,forward,final_local_der_m_bounds,0.1029990756740662,0.03,0.0343011399185692,0.9983309586233284,False,0,True,0,,True,0.9761684423977356,0.7871766870518322,0.7833044322046365,144460.454309966,0.032780671659121,0.1130759740465368,0.9950808313928882,2.102292975357145,6.960106381141763e-06
7929.080000000001,True,forward,final_local_der_m_bounds,0.103358823485669,0.03,0.0344201130873905,0.9983196791913974,False,0,True,0,,True,0.9760935562356,0.786959140713192,0.7837991386112225,144469.60962634502,0.0326893983560116,0.1133473027330021,0.9959845410790888,2.102244782490721,6.952703762527375e-06
7931.78,True,forward,final_local_der_m_bounds,0.1037545419659455,0.03,0.0345519287577449,0.998307124464108,False,0,True,0,,True,0.9759591193401502,0.786800446310743,0.7837278698615988,144466.7418252463,0.0326324513069801,0.1134464316244498,0.9960948465858768,2.102631808206782,6.951999217303944e-06
7934.28,True,forward,final_local_der_m_bounds,0.1037879424207217,0.03,0.034675239160554,0.9982953377296292,False,0,True,0,,True,0.9758573866213932,0.7865485559307588,0.7843978014231647,144486.37237593957,0.0325312630453781,0.1137667237421388,0.9972655794847288,2.102411861803537,6.942047764896993e-06
7936.88,True,forward,final_local_der_m_bounds,0.1045471979543766,0.03,0.0347969160299934,0.9982836904240524,False,0,True,0,,True,0.9757321169344108,0.7863480772892085,0.7847710875110857,144470.04981809942,0.032441240110901,0.1140294714770416,0.9979945397926588,2.102361773242304,6.937231819964415e-06
7944.48,True,forward,final_local_der_m_bounds,0.1046731043213422,0.03,0.035173783229424,0.9982473196644772,False,0,True,0,,True,0.9754850643106892,0.7857112320124395,0.7860289675613489,144512.9359211921,0.032191057611117,0.1147453005024657,1.0004043922702943,2.102433864051472,6.916699560831971e-06
7952.179999999999,True,forward,final_local_der_m_bounds,0.1055205110377012,0.03,0.0356232400896404,0.9982034094813468,False,0,True,0,,True,0.97527731652656,0.7850581533623552,0.786876323840322,144559.62759864968,0.031968235075406,0.1152659176981815,1.0023159691676085,2.1032169276661583,6.899850835520531e-06
7958.88,True,forward,final_local_der_m_bounds,0.1057009956820445,0.03,0.0360255882344141,0.998163650557732,False,0,True,0,,True,0.975119008927596,0.7845497967300977,0.7875002419811404,144591.03882794784,0.0317923655381185,0.1156670952762615,1.003760685763147,2.103885697656976,6.8873261183028585e-06
7961.48,True,forward,final_local_der_m_bounds,0.1063673002563328,0.03,0.0361352190112987,0.9981526060001704,False,0,True,0,,True,0.9750056265994363,0.7844310848286813,0.7872891328343348,144591.03870503174,0.0317742134598882,0.1156364714906095,1.0036434660238862,2.104362937184192,6.888212767160776e-06
7963.98,True,forward,final_local_der_m_bounds,0.1065306897519294,0.03,0.0358336043822707,0.998181270429189,False,0,True,0,,True,0.9751327148303492,0.7849111879185596,0.7865825405191431,144574.63396246577,0.032032856093347,0.1149560535740144,1.0021293525003965,2.1038430862591184,6.900554360284475e-06
7966.78,True,forward,final_local_der_m_bounds,0.106840693801062,0.03,0.0354951652703417,0.9982133223552324,False,0,True,0,,True,0.9753373856483836,0.7856170179143732,0.7849898811154196,144532.09847659478,0.0323818384387128,0.1139403641233737,0.9992017270697386,2.1038805690455264,6.924998099791475e-06
7969.179999999999,True,forward,final_local_der_m_bounds,0.1072101320320173,0.03,0.0352139754608729,0.9982397329743252,False,0,True,0,,True,0.9754706286593116,0.7861021697711156,0.7840010582378089,144510.5968414312,0.0326427621251575,0.113212473390157,0.9973271775424326,2.10375158914551,6.940425451074196e-06
7972.179999999999,True,forward,final_local_der_m_bounds,0.1078893345248374,0.03,0.0348704029788325,0.9982717497422994,False,0,True,0,,True,0.9756441927864846,0.786778487509715,0.782554033547835,144472.765067939,0.0329916643862065,0.1122317968682927,0.9946306946250512,2.1036477826024287,6.963018723316929e-06
7974.580000000001,True,forward,final_local_der_m_bounds,0.1080374435392387,0.03,0.0346029331892271,0.9982964641767976,False,0,True,0,,True,0.9758538505632018,0.7873049729128948,0.7815386188292167,144437.04775653646,0.0332627597290964,0.1114880340572492,0.9926758317525372,2.1035811253345824,6.979847666186255e-06
7977.38,True,forward,final_local_der_m_bounds,0.1087698418106521,0.03,0.0342839303612214,0.9983258578031086,False,0,True,0,,True,0.9760332185762816,0.7879578634015411,0.7800974655824711,144412.10360730602,0.0335987942657813,0.1105430355163869,0.9900243424373768,2.1035838207605235,7.001613116434252e-06
7979.98,True,forward,final_local_der_m_bounds,0.1087853224090509,0.03,0.0339954140044341,0.998352216414628,False,0,True,0,,True,0.9762245010722094,0.788573547137134,0.7787829699946532,144360.85204535606,0.0339067871184923,0.1096904380221788,0.9875844463994198,2.103580948022627,7.023085253529071e-06
7982.580000000001,True,forward,final_local_der_m_bounds,0.1091367382647274,0.03,0.0337141587476819,0.9983777082157675,False,0,True,0,,True,0.9763322470376952,0.7891103454258371,0.7774972667082328,144347.77236802955,0.0342123275527689,0.1088289180279793,0.9852833272495782,2.103652593508739,7.041692886320315e-06
7985.080000000001,True,forward,final_local_der_m_bounds,0.1092973821656929,0.03,0.033451536443828,0.998401321270878,False,0,True,0,,True,0.9765667649521316,0.7896623407512995,0.7765033073574482,144328.29086028895,0.0344936864298039,0.1080889514269437,0.9833358731767156,2.1035415776086426,7.0578773478805084e-06
7987.580000000001,True,forward,final_local_der_m_bounds,0.1096197330906594,0.03,0.033198338290253,0.9984239011805508,False,0,True,0,,True,0.9768062776735256,0.7903411280376994,0.7750134462815864,144250.20297037243,0.0348128410937991,0.1072122460077001,0.980606245566178,2.10368220812321,7.083145780886725e-06
7990.28,True,forward,final_local_der_m_bounds,0.1096966366441176,0.03,0.0329317923510571,0.9984474899672556,False,0,True,0,,True,0.9769673530851752,0.7909614370710066,0.7736801146358949,144217.5659564365,0.0351396748476714,0.1063324611448075,0.9781514981323164,2.1036556480904247,7.104103928052744e-06
7992.88,True,forward,final_local_der_m_bounds,0.1098024146787877,0.03,0.0326823262460795,0.9984693947585058,False,0,True,0,,True,0.9771820963033306,0.7915300948617693,0.7725602865047853,144194.5447001475,0.0354428325440664,0.1055337422640676,0.9760340023959584,2.1036384315624623,7.121976117492254e-06
7995.48,True,forward,final_local_der_m_bounds,0.1101157104790362,0.03,0.0324388198432354,0.9984906203869784,False,0,True,0,,True,0.9773609805011788,0.7921159847180246,0.7713587292213623,144152.1411252169,0.0357479984466863,0.1047341086783087,0.973795181643694,2.103603700787996,7.14182705358432e-06
7997.98,True,forward,final_local_der_m_bounds,0.1101968220159677,0.03,0.0322126818624089,0.9985101781034288,False,0,True,0,,True,0.9775482494998884,0.7926814385812037,0.77005045369189,144125.23261663434,0.036056981258351,0.1038957053105136,0.9714500885376852,2.1038194895348434,7.161835573145559e-06
8000.78,True,forward,final_local_der_m_bounds,0.1102991868454214,0.03,0.0319653941491647,0.9985314128479073,False,0,True,0,,True,0.9777903429863476,0.7933160714031299,0.7686302786823318,144085.12332812158,0.0363972816151784,0.1029853854766422,0.9688827774822,2.104071082970373,7.184341407707929e-06
8003.28,True,forward,final_local_der_m_bounds,0.110480049924807,0.03,0.0317503690911355,0.9985497436834913,False,0,True,0,,True,0.9779553521746692,0.7938920725196971,0.7673252425954212,144046.478960079,0.0367101556885354,0.1021566817813297,0.9665359677418662,2.1042128777124884,7.205087874204406e-06
8006.080000000001,True,forward,final_local_der_m_bounds,0.1105216796193216,0.03,0.0315207649335242,0.9985691478685558,False,0,True,0,,True,0.9781450596371494,0.7944677981712855,0.7661064739110196,144023.3593810249,0.0370367231724636,0.1013137095750366,0.9643014804054384,2.104292988929478,7.224208219881825e-06
8008.78,True,forward,final_local_der_m_bounds,0.1108160881548498,0.03,0.0313031843617513,0.9985874155843804,False,0,True,0,,True,0.9783058418741688,0.7950383135012753,0.7648257985219152,143987.17028480797,0.0373565582926686,0.1004845420771973,0.9619986679053152,2.104425965822636,7.244608356506148e-06
8011.580000000001,True,forward,final_local_der_m_bounds,0.1110125223926498,0.03,0.0310871130500233,0.9986054061588584,False,0,True,0,,True,0.9785531517971076,0.7956719221446625,0.7633974760757057,143953.7018797028,0.0377061559184173,0.0995716976098912,0.959437495315954,2.104739330840941,7.267035445263801e-06
8014.179999999999,True,forward,final_local_der_m_bounds,0.1112681985723735,0.03,0.0308997844950697,0.9986208443824356,False,0,True,0,,True,0.9787102753495543,0.7961783358889499,0.7623767580783736,143935.12408607834,0.0380042486418758,0.0988291443097811,0.957545217840126,2.10473442113751,7.283325343832776e-06
8021.78,True,forward,final_local_der_m_bounds,0.1114717755121363,0.03,0.0303691662074887,0.9986641258721762,False,0,True,0,,True,0.9792220798868202,0.7978341576358567,0.7585307196492872,143824.4914077561,0.0389500593493256,0.0963982200619051,0.9507373335543398,2.105494384696725,7.344625028202971e-06
8029.78,True,forward,final_local_der_m_bounds,0.1114809016590572,0.03,0.0298266887747325,0.998707651846874,False,0,True,0,,True,0.9797409738325292,0.7995105027468398,0.7552252921852823,143715.34623224995,0.0398811102184614,0.0941982626883492,0.94460959498417,2.1054683965623853,7.400685129656687e-06
8036.580000000001,True,forward,final_local_der_m_bounds,0.111630389724661,0.03,0.0294838119030567,0.9987341725506852,False,0,True,0,,True,0.9802332389523214,0.8009127170413441,0.7520697887679985,143630.14407812108,0.040720881747351,0.0921281152565542,0.9390159161740164,2.106195805415529,7.451643315985138e-06
8039.179999999999,True,forward,final_local_der_m_bounds,0.1116878400838329,0.03,0.0293842012046319,0.9987417229884212,False,0,True,0,,True,0.9803732374494478,0.8013468256772793,0.7509701304310162,143615.68255472917,0.041004236237206,0.0914134768663244,0.9371349662442529,2.106587244804951,7.468167670663788e-06
8041.679999999999,True,forward,final_local_der_m_bounds,0.1119491544356951,0.03,0.0295818759295938,0.998726489422628,False,0,True,0,,True,0.9801565184006332,0.8005477419159162,0.7525883253129224,143661.90159095963,0.0405527605087085,0.0924449040736307,0.9400917470728049,2.1065618211057138,7.441091819177975e-06
8044.179999999999,True,forward,final_local_der_m_bounds,0.1121493484541404,0.03,0.0298068123531369,0.998708876945555,False,0,True,0,,True,0.9798746443480046,0.799710906385219,0.7540088195407417,143723.56156513965,0.0401115992279037,0.0934104233510578,0.9428517399480572,2.106837145988959,7.415035569588647e-06
8046.78,True,forward,final_local_der_m_bounds,0.1123130072456431,0.03,0.0300634938981199,0.9986884916683348,False,0,True,0,,True,0.9795861143078812,0.7988666252815286,0.7554260393653791,143774.3790056393,0.0396604330588126,0.0944043468554094,0.9456222296170644,2.107141044328644,7.3895510954578735e-06
8049.38,True,forward,final_local_der_m_bounds,0.1123940335173768,0.03,0.0303444159795732,0.9986658726693012,False,0,True,0,,True,0.9793534195010646,0.7979895175732035,0.7571516149017118,143825.72736522852,0.0391807761009421,0.0955198856581216,0.9488240111277584,2.107241280968412,7.3605246855243055e-06
8051.98,True,forward,final_local_der_m_bounds,0.1125917272647294,0.03,0.0306449589731161,0.9986413877577288,False,0,True,0,,True,0.9790816272520186,0.7971116180160805,0.7585859313189749,143880.55718782064,0.0387230454166161,0.096537117820042,0.9516683914443604,2.107701479656092,7.334441498847404e-06
8054.679999999999,True,forward,final_local_der_m_bounds,0.1127810756188732,0.03,0.0309841117022959,0.9986133531178089,False,0,True,0,,True,0.9787924572440238,0.7961492590887201,0.7603394541212006,143952.00623696676,0.038230047930145,0.097679577838555,0.9550212418604676,2.1079746095276124,7.303430134177538e-06
8057.48,True,forward,final_local_der_m_bounds,0.1128374567156333,0.03,0.0313555081519156,0.9985822574752092,False,0,True,0,,True,0.9784793285980968,0.7951620370793656,0.7621631677874898,143995.04959207028,0.0377107282471164,0.0989115352663217,0.9585004467604102,2.108200376633349,7.272965825985338e-06
8059.98,True,forward,final_local_der_m_bounds,0.1131973382461802,0.03,0.03170711445113,0.998552440806504,False,0,True,0,,True,0.9781853971857524,0.7942541775687983,0.7636853759923965,144050.5640211523,0.0372591786464438,0.0999589706455367,0.9615125706106168,2.1086342685694186,7.24581333951412e-06
8062.78,True,forward,final_local_der_m_bounds,0.1132134615311892,0.03,0.0321224762352521,0.9985167626735848,False,0,True,0,,True,0.9778834306413224,0.7932677438654229,0.765268174238121,144107.83549065588,0.0367674172229932,0.1010943629524265,0.9647035066737164,2.109260340534995,7.217253949300122e-06
8065.28,True,forward,final_local_der_m_bounds,0.1133084997081929,0.03,0.0325107574209661,0.9984829867341116,False,0,True,0,,True,0.9775974090446402,0.7923555327261436,0.7668356988367603,144155.40157082415,0.0363096510798711,0.1021894948071656,0.9677924456442162,2.1096889265972925,7.190092371410672e-06
8067.98,True,forward,final_local_der_m_bounds,0.1136196813716192,0.03,0.0329511553167901,0.9984441774335556,False,0,True,0,,True,0.977299038185688,0.7913311648402718,0.7686649839375379,144207.58829274162,0.0358041557267255,0.1034238217177862,0.9713568959371024,2.110137200416694,7.159007283100712e-06
8070.580000000001,True,forward,final_local_der_m_bounds,0.1138086660442128,0.03,0.0333951181294048,0.998404530259269,False,0,True,0,,True,0.9770215049266472,0.790380617719916,0.7701940949817998,144268.41743796802,0.0353446221334329,0.1045186196009773,0.9744597447286218,2.110806849908154,7.131323617931322e-06
8073.28,True,forward,final_local_der_m_bounds,0.1140165220292424,0.03,0.0338761039508133,0.9983609961886958,False,0,True,0,,True,0.9766444074502112,0.7893041371943958,0.7720416656877138,144328.58535488826,0.0348359650889841,0.1057800971645557,0.9781295058606408,2.111281949475795,7.0992891077638335e-06
8075.78,True,forward,final_local_der_m_bounds,0.1140611283609437,0.03,0.0343387837987553,0.9983185604117504,False,0,True,0,,True,0.9764287192792064,0.7884337536022246,0.7735262691617368,144370.0880894692,0.0344007103509957,0.1068571708849897,0.9810922802678376,2.111885643253357,7.073883359341616e-06
8078.179999999999,True,forward,final_local_der_m_bounds,0.1141482280498817,0.03,0.0347976280578559,0.998275946160336,False,0,True,0,,True,0.9760680417357634,0.7874457741195701,0.7751881234620396,144429.2955750001,0.0339484750908597,0.1079966956335224,0.984433657452495,2.1123677102334093,7.044741387476281e-06
8080.679999999999,True,forward,final_local_der_m_bounds,0.1141482280498817,0.03,0.0352923298980402,0.9982294066742232,False,0,True,0,,True,0.9758011910204666,0.7865444061335918,0.7765717106462118,144450.33383771253,0.0335041610636757,0.1091033810702106,0.9873208741812776,2.1131406747170365,7.021132445321022e-06
8083.28,True,forward,final_local_der_m_bounds,0.1141482280498817,0.03,0.0358195396358893,0.9981791662399117,False,0,True,0,,True,0.9755165422166112,0.7854829025661563,0.7784379400940364,144533.37973203656,0.0330230278266063,0.1103421871619396,0.9910310428793496,2.113800158316949,6.988188106927638e-06
8085.98,True,forward,final_local_der_m_bounds,0.1141482280498817,0.03,0.0363867436687665,0.9981243435593148,False,0,True,0,,True,0.9751942066327944,0.7844431725984141,0.7800272325297737,144577.047463344,0.0325397145833167,0.1115672058066116,0.9943706055162506,2.114700446647475,6.960176406215382e-06
8088.48,True,forward,final_local_der_m_bounds,0.1141482280498817,0.03,0.0369270991235713,0.9980713921808548,False,0,True,0,,True,0.9748767782465544,0.7834111897868876,0.781923062217395,144646.46408697194,0.0320709998608854,0.112828619180622,0.9981004514756836,2.1151750150341333,6.9280294238724415e-06
8091.28,True,forward,final_local_der_m_bounds,0.1141482280498817,0.03,0.0375535358142097,0.9980091016645304,False,0,True,0,,True,0.974527202448373,0.7822739390957605,0.7838279232295884,144721.005529871,0.0315635642023791,0.1141721530793009,1.001986496105986,2.115972904198585,6.8945977022334105e-06
8098.98,True,forward,final_local_der_m_bounds,0.1141482280498817,0.03,0.0393794077949176,0.9978221465182786,False,0,True,0,,True,0.9736709818284196,0.7791519338978438,0.7890649257031584,144865.13844862249,0.0301489672056401,0.1180374714891226,1.012722796894982,2.1184800048208188,6.805995075396291e-06
8106.580000000001,True,forward,final_local_der_m_bounds,0.1141482280498817,0.03,0.0413029883049785,0.9976167919440256,False,0,True,0,,True,0.9726812616840348,0.7759263776789693,0.7942489782635033,145039.3897192849,0.028757727940089,0.1219491631608172,1.0236138390337268,2.121301933650294,6.715979259988235e-06
8113.580000000001,True,forward,final_local_der_m_bounds,0.1141482280498817,0.03,0.0430992203734005,0.9974176894907508,False,0,True,0,,True,0.9718199058805695,0.7730165608322205,0.7991818952726455,145144.60724466643,0.0274653048458977,0.125850573359998,1.0338483491378965,2.123706609765341,6.635190796688235e-06
8115.98,True,forward,final_local_der_m_bounds,0.1140165220292424,0.03,0.0437929402258052,0.9973388377544984,False,0,True,0,,True,0.9715366121723236,0.7719141554768127,0.8011592229422535,145177.84343883998,0.0269775292299253,0.1273825447104713,1.0378864246211108,2.124603054204618,6.603983079448681e-06
8118.48,True,forward,final_local_der_m_bounds,0.1138931742671926,0.03,0.0436135507596775,0.9973595147386188,False,0,True,0,,True,0.9714925541816368,0.7719892525112928,0.8012026401257503,145211.6662602436,0.027038750522541,0.1272329169178272,1.0378417024841031,2.124168466301188,6.602802151045475e-06
8121.28,True,forward,final_local_der_m_bounds,0.1136231389109251,0.03,0.0434365901335574,0.9973794773398628,False,0,True,0,,True,0.9716109180355208,0.7723262767289736,0.8005394251975698,145172.39372485768,0.0271693072430178,0.1268281172638269,1.036530090091052,2.1240391515484127,6.614206903049517e-06
8123.78,True,forward,final_local_der_m_bounds,0.1133805831492881,0.03,0.0432789861406467,0.9973971813018097,False,0,True,0,,True,0.971558864233877,0.7725445098734254,0.8000193890360106,145138.96785250507,0.0272729236940513,0.1265056159670995,1.0355641374852131,2.1237946866590924,6.622812014874778e-06
8126.38,True,forward,final_local_der_m_bounds,0.1131973382461802,0.03,0.0431186420405153,0.9974150985257804,False,0,True,0,,True,0.9716220522667348,0.7726954267245985,0.7999295291534237,145175.22250544606,0.0273691722742326,0.1262371631959333,1.0352455851127125,2.12348710340528,6.623529279627031e-06
8128.98,True,forward,final_local_der_m_bounds,0.1127810756188732,0.03,0.0429669877223789,0.9974318892765838,False,0,True,0,,True,0.971633637580751,0.7728220909869429,0.8002082133316468,145150.91962548235,0.027425255632573,0.1261828693996727,1.0354365159382677,2.122671423001394,6.623311741096092e-06
8131.580000000001,True,forward,final_local_der_m_bounds,0.1125211906258948,0.03,0.0428238089923495,0.9974475396133884,False,0,True,0,,True,0.9716237522922276,0.7729387704969187,0.8004806351273523,145177.89667935044,0.0275062080595114,0.1260348805998596,1.0356326602852737,2.12185477684501,6.62071372449977e-06
8134.179999999999,True,forward,final_local_der_m_bounds,0.1125211906258948,0.03,0.0426884824131367,0.9974622385731228,False,0,True,0,,True,0.9717473473842076,0.7731899303637003,0.8002997212798544,145145.89296789528,0.0276001546747454,0.1258106124546932,1.035062265882591,2.1214248888981446,6.626409125738752e-06
8136.580000000001,True,forward,final_local_der_m_bounds,0.1125211906258948,0.03,0.042562883061646,0.9974758502465424,False,0,True,0,,True,0.9716457783292536,0.7735455603265914,0.798610721054079,145088.48258383604,0.0277698348174753,0.1251269270102136,1.0324029533786028,2.122106247295572,6.648478355376329e-06
8139.080000000001,True,forward,final_local_der_m_bounds,0.1125211906258948,0.03,0.0424333523357685,0.9974898456131626,False,0,True,0,,True,0.9717018304220292,0.7737509265358665,0.7983795924553021,145078.0777895876,0.0278706625598023,0.1248535880730533,1.0318302247852544,2.1217683544113712,6.653205499436041e-06
8141.580000000001,True,forward,final_local_der_m_bounds,0.1125211906258948,0.03,0.0423034292728706,0.9975038568561094,False,0,True,0,,True,0.9717428924870386,0.7739988527357763,0.7981650170158772,145034.8706648997,0.0279667243173726,0.1246289860718705,1.0312224807500463,2.121217545072988,6.659713006242682e-06
8144.38,True,forward,final_local_der_m_bounds,0.1125211906258948,0.03,0.0421550847620016,0.9975198455110964,False,0,True,0,,True,0.9717149606485832,0.7740829630233196,0.7981313386491805,145070.60391207607,0.0280529280189032,0.1244005456836332,1.0310669227648877,2.120887612094416,6.65923892850555e-06
8146.98,True,forward,final_local_der_m_bounds,0.1125211906258948,0.03,0.042015610723318,0.9975348595713666,False,0,True,0,,True,0.9716477791759128,0.7742679976285944,0.7976025607506303,145056.31255168788,0.0281601480068895,0.1240644420327942,1.0301375792277403,2.120752259346768,6.666745894793256e-06
8149.580000000001,True,forward,final_local_der_m_bounds,0.1125211906258948,0.03,0.0418781761935083,0.9975496000614602,False,0,True,0,,True,0.971669966651228,0.7745372469138808,0.7971802469617689,145013.10597393438,0.0282744522902859,0.1237535968046416,1.0292342300362034,2.1203580540728484,6.675434521663089e-06
8152.179999999999,True,forward,final_local_der_m_bounds,0.1125211906258948,0.03,0.0417409797124515,0.9975642789011264,False,0,True,0,,True,0.9717520726118014,0.7747106739696216,0.7971862942876111,145024.23644541425,0.0283677855879543,0.1235366758729174,1.0290116311458888,2.1198833870107654,6.676613207484579e-06
8154.580000000001,True,forward,final_local_der_m_bounds,0.1125211906258948,0.03,0.041618086068956,0.9975773624171064,False,0,True,0,,True,0.9717462361024056,0.7749454703098856,0.7967229946763148,144986.16019212815,0.0284704510095453,0.1232468451828619,1.0281020087229116,2.1196121007019166,6.68511100497034e-06
8157.28,True,forward,final_local_der_m_bounds,0.1125211906258948,0.03,0.0414815311611035,0.9975918525645562,False,0,True,0,,True,0.9717761296101808,0.7751513587721887,0.7965939883698535,144959.99884069024,0.0285648411640127,0.1230313598236831,1.0276625066253244,2.1190827542681543,6.68961124340239e-06
8159.78,True,forward,final_local_der_m_bounds,0.1125211906258948,0.03,0.0413569142642977,0.997605028344217,False,0,True,0,,True,0.9718479516334966,0.775391770736412,0.7960259915525791,144946.82721273805,0.028682542616428,0.1226633766303361,1.026611348733519,2.119100882157865,6.698017014065119e-06
8162.580000000001,True,forward,final_local_der_m_bounds,0.1125211906258948,0.03,0.0412217817009902,0.9976192454296448,False,0,True,0,,True,0.9718606133974448,0.7755954808201448,0.795963038053708,144919.00903659972,0.0287764914943482,0.1224658087554044,1.0262605413997845,2.118455008390181,6.701948468740128e-06
8164.98,True,forward,final_local_der_m_bounds,0.1125211906258948,0.03,0.041106465007692,0.9976313477596892,False,0,True,0,,True,0.9718365501812484,0.7756923553805959,0.795835296245553,144949.8492136398,0.0288627060833774,0.1222255582139036,1.0259676928942711,2.118212642340547,6.702707090507199e-06
8167.78,True,forward,final_local_der_m_bounds,0.1125211906258948,0.03,0.0409679073768205,0.9976459026830918,False,0,True,0,,True,0.9718337156614836,0.7760062006328067,0.7950979729497947,144881.269262269,0.0289920529191209,0.1218449253815738,1.024602602790312,2.1180233835799385,6.716033688259525e-06
8175.48,True,forward,final_local_der_m_bounds,0.1125211906258948,0.03,0.0405914339214437,0.9976852334866112,False,0,True,0,,True,0.9718956779149348,0.7765919435676888,0.7945515959923898,144839.97327797167,0.0292819598855279,0.1211392576606926,1.0231262409730826,2.116713803205085,6.729024847639545e-06
8183.28,True,forward,final_local_der_m_bounds,0.1125211906258948,0.03,0.0402451479194668,0.997720929364607,False,0,True,0,,True,0.9718487950201368,0.7772385908840936,0.7926589004750078,144769.36851834925,0.0296367078061963,0.1200106010486091,1.0198398661257593,2.1167482207750346,6.756855334955552e-06
8190.179999999999,True,forward,final_local_der_m_bounds,0.1125211906258948,0.03,0.0399405610992173,0.9977521354373796,False,0,True,0,,True,0.9720170964435868,0.7777355447749505,0.7921733079473594,144733.9821398488,0.0298985187494189,0.1193462045434175,1.0185638463734954,2.115926425145159,6.768129743658477e-06
8192.679999999998,True,forward,final_local_der_m_bounds,0.1125211906258948,0.03,0.0397627095424119,0.9977705607389372,False,0,True,0,,True,0.972090414109088,0.777925508373252,0.7919677269880343,144761.03344947443,0.0300243173211397,0.119008074087892,1.01805085250919,2.115659241600161,6.7707332233370845e-06
8195.179999999998,True,forward,final_local_der_m_bounds,0.1125211906258948,0.03,0.0396513339142474,0.9977818909057526,False,0,True,0,,True,0.9720348773172685,0.7781539103547455,0.7915884637152856,144727.45387365614,0.0301377061269434,0.1187140653332105,1.0172646480108487,2.115203404742524,6.778223560961713e-06
8197.679999999998,True,forward,final_local_der_m_bounds,0.1125211906258948,0.03,0.039522291641586,0.9977953441375832,False,0,True,0,,True,0.9720482408626546,0.7784253857385369,0.7906921849837169,144656.8624930947,0.0302537171937852,0.1183271625081853,1.0157584779092754,2.115435511450338,6.792858402474422e-06
8200.179999999998,True,forward,final_local_der_m_bounds,0.1125211906258948,0.03,0.0393942834496238,0.9978086784085438,False,0,True,0,,True,0.9721539335667374,0.7784950800618871,0.7911266601527779,144690.3099662907,0.0303083333827864,0.118263712389656,1.0162256389467312,2.11482261191746,6.787804431944025e-06
8202.779999999999,True,forward,final_local_der_m_bounds,0.1125211906258948,0.03,0.039262268599672,0.9978223870056528,False,0,True,0,,True,0.9722111097017416,0.7788224321567061,0.7901393672742896,144645.72241529994,0.0304521789890817,0.1177885916241525,1.0145308284023673,2.1150684328959746,6.8026658298348455e-06
8205.279999999999,True,forward,final_local_der_m_bounds,0.1125211906258948,0.03,0.0391369390401952,0.9978353569211637,False,0,True,0,,True,0.9722046641715832,0.7789749418013967,0.7898475938638759,144623.0454768195,0.0305346464515533,0.1175648364705524,1.013957640328373,2.1148850954275344,6.808066131585209e-06
8207.779999999999,True,forward,final_local_der_m_bounds,0.1125211906258948,0.03,0.0390014508817459,0.9978495032314242,False,0,True,0,,True,0.9721840544728104,0.7791490072543925,0.7890342044919785,144632.610775974,0.0306523193366198,0.1171359796805955,1.0126871717034205,2.1152971687591746,6.817205063279282e-06
8210.48,True,forward,final_local_der_m_bounds,0.1125211906258948,0.03,0.0388488528258054,0.9978654100264212,False,0,True,0,,True,0.972353449117548,0.779447565219726,0.7888497313119438,144580.58872626376,0.0307496371370243,0.1169326521307391,1.012062602427358,2.1148135382541207,6.824413648283171e-06
8212.88,True,forward,final_local_der_m_bounds,0.1125211906258948,0.03,0.0387146295017234,0.9978793555396384,False,0,True,0,,True,0.9723201583206976,0.7796383683656404,0.788346363560359,144549.67318510273,0.0308451374759887,0.1166467659062885,1.0111692748177252,2.1147191569765136,6.8326458728560725e-06
8215.48,True,forward,final_local_der_m_bounds,0.1125211906258948,0.03,0.0385715848241153,0.9978941659506726,False,0,True,0,,True,0.9724499034112342,0.7798022562702341,0.788201198697459,144549.658477438,0.0309266136527383,0.1164403095619961,1.0107706054447658,2.114593744004444,6.835682493848937e-06
8218.08,True,forward,final_local_der_m_bounds,0.1125211906258948,0.03,0.0384326243226323,0.9979084910593684,False,0,True,0,,True,0.972506123106065,0.7799837427422394,0.7879441578730212,144548.4028943805,0.0310170562203544,0.116200346881453,1.0102058731414003,2.1143955476752923,6.840037366223855e-06
8220.779999999999,True,forward,final_local_der_m_bounds,0.1125211906258948,0.03,0.0382937084640798,0.9979227407646726,False,0,True,0,,True,0.9725038992575348,0.7802186047340217,0.7872906042425067,144531.80573240708,0.0311411227244244,0.115816025989599,1.0090641257021753,2.114412623176819,6.849500634794755e-06
8223.38,True,forward,final_local_der_m_bounds,0.1125211906258948,0.03,0.0381640484874358,0.9979359796052404,False,0,True,0,,True,0.9725662678285732,0.7804274688695365,0.7869474683260853,144502.47544993102,0.0312343061097425,0.1155680322714593,1.0083543951444882,2.1142452928224804,6.856300016469e-06
8225.779999999999,True,forward,final_local_der_m_bounds,0.1125211906258948,0.03,0.0380428918735629,0.9979483274228615,False,0,True,0,,True,0.972601929756509,0.7806462349289448,0.7864942017555612,144474.04479352414,0.0313292902388146,0.1153027362190158,1.0074911868717955,2.1141340377088857,6.864231785143106e-06
8228.279999999999,True,forward,final_local_der_m_bounds,0.1125211906258948,0.03,0.037918787965997,0.9979609310192146,False,0,True,0,,True,0.9726805200960656,0.7808614229207653,0.7860771185275057,144454.2221651869,0.0314284761047609,0.1150231974610941,1.0066794125739127,2.1140809213718827,6.871372209988859e-06
8230.679999999998,True,forward,final_local_der_m_bounds,0.1125211906258948,0.03,0.0377966773016489,0.9979733184576496,False,0,True,0,,True,0.9727407237507224,0.7810377113725303,0.7858740922590496,144444.37173184543,0.0315106237312384,0.1148197094234319,1.0061922501514302,2.113839840870089,6.875567566160182e-06
8233.179999999998,True,forward,final_local_der_m_bounds,0.1125211906258948,0.03,0.037667593960615,0.997986388789588,False,0,True,0,,True,0.9727390326319962,0.7812285663969702,0.7853243090620969,144425.53220718287,0.031613204093279,0.1145057433744425,1.0052426944447466,2.1138842892508185,6.883723885936375e-06
8235.679999999998,True,forward,final_local_der_m_bounds,0.1125211906258948,0.03,0.0375416757298645,0.9979990854450992,False,0,True,0,,True,0.9727916779214426,0.7814384112133047,0.7846665893185989,144415.3776548288,0.0317222294510605,0.1141529459504848,1.0041310716992808,2.114125817230341,6.892718819477256e-06
8238.279999999999,True,forward,final_local_der_m_bounds,0.1125211906258948,0.03,0.0374013132310246,0.998013243896898,False,0,True,0,,True,0.9728753977517812,0.7816555529358256,0.7846824885062824,144397.4815186623,0.0318105347796748,0.1139919955559696,1.003872467302366,2.113487795758577,6.895563618597956e-06
8240.98,True,forward,final_local_der_m_bounds,0.1125211906258948,0.03,0.0372628209558379,0.99802712793284,False,0,True,0,,True,0.9729101295072125,0.7818071924124241,0.7840746832686996,144422.88396557065,0.0319241426429407,0.1136111407731612,1.002900319769736,2.113837854870024,6.901804454094808e-06
8243.58,True,forward,final_local_der_m_bounds,0.1125211906258948,0.03,0.0371270851474609,0.9980407110091574,False,0,True,0,,True,0.9729240739301948,0.782033847581948,0.7835194254854666,144390.3849849645,0.0320252138069527,0.1133223696130037,1.0018996337666355,2.1137965120262705,6.911045870664706e-06
8251.279999999999,True,forward,final_local_der_m_bounds,0.1125211906258948,0.03,0.0367469618568021,0.9980784109927467,False,0,True,0,,True,0.973101608988104,0.7826830656797547,0.7821861386402061,144337.05724211002,0.0323411258750718,0.1124465821964569,0.9993650980053888,2.113630566489186,6.933124679675011e-06
8258.98,True,forward,final_local_der_m_bounds,0.1118564093823007,0.03,0.0363179228146437,0.9981207373956033,False,0,True,0,,True,0.973127769561418,0.7833436149040184,0.781002211987075,144244.281012536,0.0326148733922821,0.1117988150636002,0.9970110142313086,2.112896836774987,6.955784642755976e-06
8265.48,True,forward,final_local_der_m_bounds,0.1110293543822154,0.03,0.0360431396576688,0.9981473391027198,False,0,True,0,,True,0.9732161047624482,0.7836504173922566,0.7803710708545816,144277.96556286473,0.0328282250202993,0.1112025563119946,0.9958152940840794,2.1128362833008407,6.963424210507839e-06
8267.98,True,forward,final_local_der_m_bounds,0.1107868333120775,0.03,0.0359109840671087,0.998160074109391,False,0,True,0,,True,0.9733575255997212,0.7839727944406993,0.7796634887227777,144253.72831503805,0.0329858626218488,0.1107450679201674,0.9945032458415908,2.1129416834709462,6.974777799636107e-06
8270.779999999999,True,forward,final_local_der_m_bounds,0.1107851102648922,0.03,0.0359407094282856,0.9981571272571704,False,0,True,0,,True,0.973299003777614,0.7839640278689383,0.7792499619230071,144237.60766729288,0.0329905365112649,0.1106555524011841,0.9939868848845712,2.113419429006716,6.97958090475617e-06
8273.179999999998,True,forward,final_local_der_m_bounds,0.1107449141677194,0.03,0.0359711024661645,0.9981539981511048,False,0,True,0,,True,0.973291902387682,0.7839472638653149,0.7791569791069531,144237.60773242248,0.0329915197267706,0.1106280342519808,0.9938895318866948,2.113594218608965,6.980341195824379e-06
8275.98,True,forward,final_local_der_m_bounds,0.1107115176301845,0.03,0.035994578750775,0.9981515305479046,False,0,True,0,,True,0.973291902387682,0.7839472638653149,0.7791569791069531,144237.60773242248,0.0329915197267706,0.1106280342519808,0.9938895318866948,2.113594218608965,6.980341195824379e-06
8278.58,True,forward,final_local_der_m_bounds,0.1107115176301845,0.03,0.0360173592268695,0.9981491269543168,False,0,True,0,,True,0.9732129785774648,0.7838455101879759,0.7791503380965723,144240.39854098743,0.0329817347232659,0.1106193921278566,0.9940100797537544,2.113804482436219,6.9792742482841685e-06
8281.279999999999,True,forward,final_local_der_m_bounds,0.1106838389257455,0.03,0.0360371614595627,0.9981470358593708,False,0,True,0,,True,0.9731963421606098,0.7838300653882739,0.7790819029373482,144240.39842910002,0.0329840276531706,0.1105958509172244,0.9939423573289784,2.1139197340736686,6.979803484154865e-06
8283.98,True,forward,final_local_der_m_bounds,0.1106816105811273,0.03,0.0360717826228534,0.9981433031350464,False,0,True,0,,True,0.9731564654951466,0.7836882422018392,0.7793891099928819,144265.0775236524,0.0329603489654541,0.1106674029513902,0.9945142315815808,2.1139267182496626,6.974163769501368e-06
8286.58,True,forward,final_local_der_m_bounds,0.1106290904563732,0.03,0.0361142147276559,0.9981387913560664,False,0,True,0,,True,0.9731564654951466,0.7836882422018392,0.7793891099928819,144265.0775236524,0.0329603489654541,0.1106674029513902,0.9945142315815808,2.1139267182496626,6.974163769501368e-06
8288.98,True,forward,final_local_der_m_bounds,0.1106216000140703,0.03,0.0361549295219715,0.998134452556967,False,0,True,0,,True,0.9730167992316736,0.7835705888667569,0.7793636272662204,144277.7092363864,0.0329572928346811,0.1106407238033333,0.994631036871074,2.114089419555272,6.972651784180791e-06
8291.48,True,forward,final_local_der_m_bounds,0.1106134630325254,0.03,0.0361953148238248,0.998130127007244,False,0,True,0,,True,0.9729944128678304,0.7835473607104924,0.7791991204571596,144285.8166515193,0.0329721429738457,0.1105593810167545,0.9944505712464018,2.1143537123973624,6.973667235367357e-06
8294.179999999998,True,forward,final_local_der_m_bounds,0.110597419023474,0.03,0.0362350511664774,0.9981258461214192,False,0,True,0,,True,0.9729444532514536,0.7834831611097397,0.7791099200784457,144276.47150406626,0.032967533063103,0.1105407046835077,0.9944182067358032,2.1146038538421634,6.974375734139584e-06
8296.679999999998,True,forward,final_local_der_m_bounds,0.110585504887612,0.03,0.036267824414034,0.9981222922085374,False,0,True,0,,True,0.9728456207889914,0.783362044631513,0.779414808027299,144288.3904694225,0.0329381034678301,0.1106478451882677,0.994961159235037,2.1144103669584893,6.969579458217887e-06
8299.48,True,forward,final_local_der_m_bounds,0.110585504887612,0.03,0.0363030152386673,0.998118464725908,False,0,True,0,,True,0.9727635385962856,0.783340743497043,0.7791240812983169,144269.59933093574,0.032952211830547,0.1105574514497641,0.9946170779016272,2.1147126238672334,6.973168471296151e-06
8301.98,True,forward,final_local_der_m_bounds,0.1105839237667043,0.03,0.0363386613097861,0.998114605544255,False,0,True,0,,True,0.9726888962753164,0.7831465601875145,0.7794517834193271,144322.59945412708,0.0329213923358141,0.1106322775248863,0.9952821388025982,2.114807930041741,6.965443456239523e-06
8304.58,True,forward,final_local_der_m_bounds,0.1105835986408297,0.03,0.0363752523016991,0.9981106375138512,False,0,True,0,,True,0.972654173965222,0.7830994354710087,0.7793357234371093,144322.59927622523,0.032924149192007,0.1105902909831686,0.995193826143374,2.1150657844628724,6.966133523592292e-06
8307.179999999998,True,forward,final_local_der_m_bounds,0.1105727765577437,0.03,0.0364154277096586,0.9981062925602766,False,0,True,0,,True,0.9726188878251928,0.7830516026336941,0.7792703610232437,144322.59918002493,0.0329260403434867,0.1105592453091893,0.9951711463232656,2.115254839108845,6.966313015053876e-06
8309.88,True,forward,final_local_der_m_bounds,0.110567239556341,0.03,0.0364609784006101,0.9981013772572318,False,0,True,0,,True,0.9725025622097372,0.7830126836052513,0.7793044222563008,144284.66958909712,0.0329149859711408,0.1106029910566202,0.9952641107524894,2.1150973058227747,6.967423047825847e-06
8312.58,True,forward,final_local_der_m_bounds,0.1105639078490414,0.03,0.0365052501277285,0.9980965893676365,False,0,True,0,,True,0.9724839260346676,0.7829096596624986,0.7795768024156978,144296.37796248417,0.0328931691507221,0.1106781708806148,0.995742986172584,2.115057346314887,6.963138007113789e-06
8315.279999999999,True,forward,final_local_der_m_bounds,0.1105639078490414,0.03,0.0365563513617661,0.9980910878283232,False,0,True,0,,True,0.9724165847147788,0.7828322569775787,0.7794063823499328,144304.65451959154,0.0328948861170319,0.110618519519288,0.9956237436601388,2.115430410687348,6.963670409719367e-06
8317.779999999999,True,forward,final_local_der_m_bounds,0.1105552080205694,0.03,0.0365986911299169,0.9980865102337856,False,0,True,0,,True,0.9723446992931734,0.7827522309578532,0.7795965834561459,144304.65675718096,0.0328800579801789,0.1106727117485257,0.9959685231457652,2.1153041890487203,6.960993301365669e-06
8320.58,True,forward,final_local_der_m_bounds,0.1105552080205694,0.03,0.0366592822798,0.9980799917149944,False,0,True,0,,True,0.972280700714376,0.7826941242320575,0.779376740239468,144313.20986341234,0.0328927403836775,0.1105781557497655,0.9957615831141644,2.115682161683672,6.962193077077751e-06
8328.279999999999,True,forward,final_local_der_m_bounds,0.1105552080205694,0.03,0.036813456702572,0.9980633251328804,False,0,True,0,,True,0.9721126879187804,0.7825454326640042,0.7792706269784906,144294.9219999765,0.0328851461469662,0.1105444606985752,0.9958151877848608,2.11600853838473,6.962666527247373e-06
8335.88,True,forward,final_local_der_m_bounds,0.1105552080205694,0.03,0.036998258257924,0.9980434189295032,False,0,True,0,,True,0.9719733460883356,0.7822817566074407,0.779443093444784,144310.182636478,0.032861782792965,0.1105346163492624,0.9963713033843876,2.1164335197485675,6.957618797995162e-06
8342.88,True,forward,final_local_der_m_bounds,0.1105552080205694,0.03,0.0370907826482799,0.9980330601377808,False,0,True,0,,True,0.9717184910707836,0.7819715852455826,0.7805486723127503,144350.54686739994,0.0327737527388054,0.1109281859288375,0.9981803521257292,2.115489223267068,6.941648096627389e-06
8345.38,True,forward,final_local_der_m_bounds,0.1105552080205694,0.03,0.0371690887484714,0.9980248099906476,False,0,True,0,,True,0.9717385526821742,0.7818956694894764,0.7808370692270213,144350.5474065173,0.0327329449045986,0.1110726836166754,0.9986461105953608,2.115413765278895,6.938043423957275e-06
8347.88,True,forward,final_local_der_m_bounds,0.1105552080205694,0.03,0.036980348785176,0.9980433169932864,False,0,True,0,,True,0.9717075998074484,0.782286325609975,0.7797251921828856,144279.6868068257,0.0329205982796132,0.1105381536612943,0.9967260920416928,2.115448075196008,6.956331583703483e-06
8350.48,True,forward,final_local_der_m_bounds,0.1105552080205694,0.03,0.0367827888505788,0.99806267569911,False,0,True,0,,True,0.9717105882912914,0.782636454045848,0.7789005041552235,144237.97685942688,0.0331068190238127,0.1100335164922685,0.995226455563996,2.115312037785209,6.969995019933847e-06
8352.98,True,forward,final_local_der_m_bounds,0.1105552080205694,0.03,0.036595087717142,0.9980809804375173,False,0,True,0,,True,0.9718422609988958,0.7829899492915051,0.778536344474062,144211.61266400386,0.0332712834779388,0.1096651466092358,0.9943120536585776,2.114808153987866,6.978376448370343e-06
8355.779999999999,True,forward,final_local_der_m_bounds,0.1105552080205694,0.03,0.036386485018909,0.9981012677347416,False,0,True,0,,True,0.9719534927034528,0.7833093056895267,0.7782436208858606,144205.06084021737,0.0334403381128724,0.1092873771521005,0.9935329699687316,2.114286795758075,6.984751969812267e-06
8358.279999999999,True,forward,final_local_der_m_bounds,0.1105552080205694,0.03,0.0362032470489599,0.998118995315814,False,0,True,0,,True,0.9719851985501996,0.7836542758283161,0.7774693323125589,144177.09581923592,0.0336223616752743,0.1088024110261344,0.9921075610680234,2.114168546587801,6.997227257064009e-06
8361.08,True,forward,final_local_der_m_bounds,0.1105552080205694,0.03,0.035983048757529,0.99814042171818,False,0,True,0,,True,0.9720003136896652,0.784048401488712,0.7767026728938522,144143.39688962183,0.0338170466641633,0.1083083560884567,0.9906310266293354,2.1138267052712973,7.01040278971895e-06
8363.679999999998,True,forward,final_local_der_m_bounds,0.1105552080205694,0.03,0.0357720175556115,0.9981608776718404,False,0,True,0,,True,0.9720899637421898,0.784438350302931,0.7758596836553378,144097.239826908,0.0340057232721182,0.1078100311153863,0.9890639377278274,2.113771689850936,7.024926843122088e-06
8366.38,True,forward,final_local_der_m_bounds,0.1105552080205694,0.03,0.035553751146175,0.9981819524361148,False,0,True,0,,True,0.9721527267836834,0.7847819707669677,0.7752405157100524,144078.53144701748,0.0341861382113092,0.1073594646176326,0.9878419033408854,2.11351788090146,7.035426303619971e-06
8368.779999999999,True,forward,final_local_der_m_bounds,0.1105552080205694,0.03,0.0353656816912871,0.9982000099678054,False,0,True,0,,True,0.972229545503696,0.785116389549282,0.7746141100863646,144046.7924011202,0.03435086164386,0.1069460578749334,0.9866232833721044,2.113340378316585,7.046554499849949e-06
8371.38,True,forward,final_local_der_m_bounds,0.1105552080205694,0.03,0.0351698484241321,0.9982186919552754,False,0,True,0,,True,0.9723844752436864,0.7855735275529991,0.7737648306962956,143993.94057432003,0.0345510165273378,0.1064399785935234,0.9849680565312752,2.1131997177317694,7.062177583046883e-06
8374.08,True,forward,final_local_der_m_bounds,0.1105552080205694,0.03,0.034974626979264,0.9982371884640232,False,0,True,0,,True,0.9724697860393772,0.7859297296247654,0.7732496742454579,143961.5895723083,0.0347230918943524,0.1060435765386421,0.9838661716164352,2.112809859910161,7.072448675183756e-06
8376.679999999998,True,forward,final_local_der_m_bounds,0.1105552080205694,0.03,0.034792167487661,0.9982543701019768,False,0,True,0,,True,0.9724997135252657,0.7862943321953174,0.7724548217621556,143936.9290616514,0.0349129333532035,0.105552836015506,0.9823990713572586,2.1126641725316566,7.085265931109355e-06
8379.279999999999,True,forward,final_local_der_m_bounds,0.1105552080205694,0.03,0.0346076320542664,0.9982716904448742,False,0,True,0,,True,0.9726524517458514,0.7866769566989117,0.7719107336987117,143907.46302895187,0.0350908856503413,0.1051387429581338,0.9812296230689626,2.1123693074760195,7.0959628538031695e-06
8381.779999999999,True,forward,final_local_der_m_bounds,0.1105552080205694,0.03,0.0344343957446138,0.9982878601737154,False,0,True,0,,True,0.9727536820544356,0.7870477411942408,0.7713223408705786,143875.88262237428,0.035263944265969,0.1047320092471182,0.9800197630961992,2.112070010256324,7.107106782132552e-06
8384.279999999999,True,forward,final_local_der_m_bounds,0.1105552080205694,0.03,0.0342607945099117,0.9983040038678416,False,0,True,0,,True,0.9727907068922916,0.78735132611087,0.7707420931065418,143870.83560565324,0.0354367744771043,0.1043040537689107,0.9789049278847732,2.111866058964332,7.116212021854658e-06
8386.98,True,forward,final_local_der_m_bounds,0.1105552080205694,0.03,0.0340703428700938,0.9983216589477952,False,0,True,0,,True,0.9729026458391938,0.7877620742155153,0.7698700464776916,143827.86114393015,0.0356365723509516,0.1037940805702141,0.9772875233227734,2.111850286672174,7.13122104558348e-06
8389.779999999999,True,forward,final_local_der_m_bounds,0.1105552080205694,0.03,0.0338800874926906,0.9983391756058786,False,0,True,0,,True,0.9730087361532652,0.7881344034667978,0.7692439331993272,143823.73401963292,0.035834136386248,0.1033191559137525,0.9760314101447972,2.111616046840308,7.141432868860934e-06
8392.38,True,forward,final_local_der_m_bounds,0.1105552080205694,0.03,0.0337043506924731,0.9983552816307362,False,0,True,0,,True,0.9730692222093356,0.7884917541274938,0.768650036821017,143781.68882901213,0.0360060447718959,0.1029251059986549,0.9748358594714376,2.111293625427684,7.153061308742015e-06
8394.779999999999,True,forward,final_local_der_m_bounds,0.1105552080205694,0.03,0.0335448100645241,0.998369831580412,False,0,True,0,,True,0.9731196725237388,0.7888133371014129,0.7678890169024323,143758.53337785607,0.036179857429919,0.1024762670849615,0.9734736734093904,2.1113188678358235,7.165131316269711e-06
8397.48,True,forward,final_local_der_m_bounds,0.1105552080205694,0.03,0.0333636269695354,0.9983863031700164,False,0,True,0,,True,0.9732233388335692,0.7891563748065175,0.7674561384216663,143740.37571551828,0.0363527004842163,0.1021004734977944,0.9725019817648036,2.1109168931873272,7.173796395244243e-06
8404.98,True,forward,final_local_der_m_bounds,0.1105552080205694,0.03,0.0328623790242479,0.9984315087112472,False,0,True,0,,True,0.9734880857607878,0.7901897580220403,0.7654493393455236,143665.6608817453,0.0368866634180837,0.1008013043974633,0.9686905348679214,2.110616267082435,7.208183584688853e-06
8412.98,True,forward,final_local_der_m_bounds,0.1105552080205694,0.03,0.0323863942718969,0.9984736671614844,False,0,True,0,,True,0.9738277836413282,0.7912635151585474,0.7633575588288888,143607.4870154948,0.0374757156272099,0.0993546589615185,0.9647324111436288,2.11047531691179,7.243108986146175e-06
8420.08,True,forward,final_local_der_m_bounds,0.1105552080205694,0.03,0.0319043993433229,0.9985161016124988,False,0,True,0,,True,0.9740391825630128,0.7921877951722179,0.7621699238990306,143541.15143076063,0.0379204219758497,0.0984643589025879,0.9621076322355336,2.1093109846895075,7.26767073262594e-06
8422.779999999999,True,forward,final_local_der_m_bounds,0.1105552080205694,0.03,0.0317379425138642,0.9985306143949766,False,0,True,0,,True,0.9740673491471707,0.7925481288208752,0.7615105314324566,143503.30628323744,0.0380953537258743,0.0980823688122942,0.960838217567184,2.109026252145713,7.27991573934247e-06
8425.279999999999,True,forward,final_local_der_m_bounds,0.1105552080205694,0.03,0.0318131393907857,0.9985242064984718,False,0,True,0,,True,0.9739308556057676,0.792265552353996,0.7621727966087716,143522.14874903584,0.0379344466219129,0.0985203591983892,0.9620168317859936,2.10879204579749,7.26934456669499e-06
8427.779999999999,True,forward,final_local_der_m_bounds,0.1105552080205694,0.03,0.0318899576559794,0.99851767783159,False,0,True,0,,True,0.9738277971162992,0.7920015365887343,0.7628907489197732,143534.9352041441,0.0377709060974179,0.0989791848838788,0.9632440262750682,2.108485141622394,7.258687823945283e-06
8430.38,True,forward,final_local_der_m_bounds,0.1105552080205694,0.03,0.0319765097904434,0.9985102962498849,False,0,True,0,,True,0.9736764890701264,0.7917065010495579,0.7634505601326023,143544.4824885028,0.0376046510544247,0.0994079222644416,0.964310080971298,2.1084153565269483,7.249556734442055e-06
8432.88,True,forward,final_local_der_m_bounds,0.1105552080205694,0.03,0.0320532216706036,0.9985037748245142,False,0,True,0,,True,0.9735787929665116,0.7914158339235113,0.7642257344668459,143561.36814549155,0.0374307735001025,0.0998950770428443,0.9656437257239748,2.108138229220465,7.23786632992898e-06
8435.58,True,forward,final_local_der_m_bounds,0.1105552080205694,0.03,0.0321283490992092,0.9984974652127092,False,0,True,0,,True,0.9734414813511414,0.7910991285590603,0.7651067044564998,143565.7077432607,0.0372349019265655,0.1004563956003016,0.9671439100812762,2.107720388909323,7.22547728798658e-06
8438.179999999998,True,forward,final_local_der_m_bounds,0.1105552080205694,0.03,0.0322027901358274,0.9984911851443842,False,0,True,0,,True,0.9733249802814904,0.7908347360164777,0.7657725795331013,143561.0353204326,0.037062593485329,0.1009372643124652,0.96830923663063,2.107469597180337,7.216284663867671e-06
8440.779999999999,True,forward,final_local_der_m_bounds,0.1105552080205694,0.03,0.0322810324707748,0.998484546107676,False,0,True,0,,True,0.9731765759186736,0.7905232169117874,0.7663680933533557,143582.08140162,0.0368953484295693,0.10137177174119,0.9694441313782096,2.1074224166238205,7.206083580170863e-06
8443.279999999999,True,forward,final_local_der_m_bounds,0.110567239556341,0.03,0.0323600236390343,0.9984777916219284,False,0,True,0,,True,0.9730325739210134,0.7902004834756363,0.7671620105775908,143604.16810580675,0.0367185954308649,0.1018666386728294,0.9708447749908826,2.107144317489695,7.193686546718559e-06
8445.679999999998,True,forward,final_local_der_m_bounds,0.110567239556341,0.03,0.0324346277332137,0.9984714023923232,False,0,True,0,,True,0.9729222909598636,0.7899609388326598,0.7677209119272047,143597.19505270015,0.0365690299323304,0.1022799046700693,0.9718466751807758,2.1069755981817746,7.185977276830036e-06
8448.279999999999,True,forward,final_local_der_m_bounds,0.110567239556341,0.03,0.0325133057867944,0.9984646694045036,False,0,True,0,,True,0.9727777427558422,0.7896053484248945,0.768598123498762,143625.0129664996,0.0363768621494696,0.1028226893517134,0.9733952854194342,2.1067017747536605,7.17214838400977e-06
8450.779999999999,True,forward,final_local_der_m_bounds,0.110567239556341,0.03,0.0325869403424204,0.9984583761318948,False,0,True,0,,True,0.9725988013369272,0.7892595639973498,0.7694018275933898,143638.68401665852,0.0361922423974473,0.1033430160963828,0.974840043364965,2.1064255687060727,7.159892683134795e-06
8453.58,True,forward,final_local_der_m_bounds,0.110567239556341,0.03,0.0326685426926693,0.9984514006246996,False,0,True,0,,True,0.9724814626252658,0.788874439971019,0.7704561294749145,143661.46721604202,0.035983583803806,0.1039506058863892,0.976652418226681,2.1060739971194686,7.144258702872375e-06
8456.179999999998,True,forward,final_local_der_m_bounds,0.1105727765577437,0.03,0.0327497136024693,0.9984444022650584,False,0,True,0,,True,0.9722761603591072,0.7886081883827023,0.7707587101080117,143646.22160961278,0.0358316593203788,0.1043311235279898,0.9773658471499048,2.106166336161798,7.139353809037678e-06
8458.58,True,forward,final_local_der_m_bounds,0.1105727765577437,0.03,0.032824618994893,0.9984379352609865,False,0,True,0,,True,0.9721945151054312,0.7882984572018233,0.7715681006624752,143667.86358283937,0.0356627941143819,0.1048163940217456,0.9787766214858076,2.105970277327181,7.12703146097887e-06
8461.179999999998,True,forward,final_local_der_m_bounds,0.1105835986408297,0.03,0.0329121997470194,0.99843030635937,False,0,True,0,,True,0.9720534476243878,0.7880217839646069,0.7721429639170571,143651.9384496792,0.0354938642860363,0.1052855218106828,0.9798497701831768,2.105858336924307,7.119291276907906e-06
8463.58,True,forward,final_local_der_m_bounds,0.1105835986408297,0.03,0.0330043397686284,0.9984221758037068,False,0,True,0,,True,0.9719103135904326,0.7877055170929764,0.7728720076166765,143667.41605745928,0.0353273921125557,0.1057573895150096,0.981168711968601,2.1056705808184777,7.108051610495254e-06
8466.38,True,forward,final_local_der_m_bounds,0.1105835986408297,0.03,0.0331057966883531,0.9984132520200932,False,0,True,0,,True,0.9717752695062484,0.7873901964339945,0.7735254066033231,143667.12276856453,0.0351481875226272,0.1062521507876026,0.982391462462368,2.105605381283413,7.098378893695515e-06
8468.98,True,forward,final_local_der_m_bounds,0.1105835986408297,0.03,0.0332063759088383,0.9984043407829576,False,0,True,0,,True,0.9716164614231276,0.7870703260521974,0.7742786450202637,143670.41537784593,0.0349709095176542,0.1067629930196329,0.9837477279875428,2.1053675441066235,7.0874828404483565e-06
8471.779999999999,True,forward,final_local_der_m_bounds,0.1105839237667043,0.03,0.0333168921740153,0.9983945115865468,False,0,True,0,,True,0.9714980007328602,0.7867783123047773,0.7748024302091999,143662.6517719181,0.0348013704068878,0.1072191000926853,0.9847785813255384,2.1054390228097573,7.079730251904443e-06
8474.279999999999,True,forward,final_local_der_m_bounds,0.1107851102648922,0.03,0.0334043986447561,0.9983867996609712,False,0,True,0,,True,0.9713285191528952,0.7864398758362817,0.7756696768273525,143672.2037140337,0.0346198568228143,0.107758683145391,0.9863051209128016,2.105091001283056,7.067214270715875e-06
8482.48,True,forward,final_local_der_m_bounds,0.1107868333120775,0.03,0.0337186088888805,0.9983587646027124,False,0,True,0,,True,0.9709222217787776,0.7854273293386203,0.7780330597163383,143683.96564932272,0.0340701600444984,0.1093501414718009,0.9905856731156676,2.1046080830380647,7.033006701043363e-06
8490.279999999999,True,forward,final_local_der_m_bounds,0.1109139553515092,0.03,0.0340039046189707,0.9983332152244204,False,0,True,0,,True,0.9704925733247772,0.7844631166078425,0.780506483437652,143697.15385841817,0.033530620376897,0.1109943267567854,0.994956253408956,2.103771828974163,6.998221817750709e-06
8496.98,True,forward,final_local_der_m_bounds,0.1116166499298297,0.03,0.0344904319816336,0.9982876980149028,False,0,True,0,,True,0.9703154599255268,0.7835813178797931,0.7811736480851185,143732.84319493503,0.0331961088592352,0.1116014180978054,0.9969273517122776,2.105686673816297,6.981176639107772e-06
8499.679999999998,True,forward,final_local_der_m_bounds,0.1118360856198879,0.03,0.034703314790892,0.9982676072686116,False,0,True,0,,True,0.9702498691821476,0.7831991050016341,0.7814478346964271,143758.88918702974,0.0330511676635045,0.1118639373414166,0.9977639526219794,2.106563510314144,6.973421893511654e-06
8502.179999999998,True,forward,final_local_der_m_bounds,0.1119305003919087,0.03,0.0348339645058093,0.998255194040272,False,0,True,0,,True,0.9702382793745326,0.7829624944487094,0.781576968140726,143767.9701815063,0.0329707548349395,0.111982059952089,0.9982304052648664,2.1072257081391275,6.969365093041801e-06
8504.779999999999,True,forward,final_local_der_m_bounds,0.1119481892617728,0.03,0.0349760735741193,0.9982415213861732,False,0,True,0,,True,0.9701994752617532,0.7828591120805249,0.7812183242868572,143739.75688568983,0.032936888847124,0.1119375838761298,0.9979041084553424,2.1080122967692665,6.973270479813649e-06
8507.279999999999,True,forward,final_local_der_m_bounds,0.1119568961270286,0.03,0.0351057478580582,0.99822899537265,False,0,True,0,,True,0.9701309353626892,0.7825463235566134,0.7815450145715956,143785.0509802979,0.0328498878907821,0.1120866964399446,0.9987204476529048,2.1085584057905784,6.964741950882183e-06
8509.98,True,forward,final_local_der_m_bounds,0.1120499743940399,0.03,0.0352472440358471,0.9982152656625156,False,0,True,0,,True,0.970109628233194,0.7822846356552551,0.7816926554932935,143810.6873246957,0.0327764090483264,0.1121770636501607,0.9992432675589163,2.109266957756383,6.959448775675639e-06
8512.48,True,forward,final_local_der_m_bounds,0.1121511141152646,0.03,0.0353886843504416,0.9982014184673518,False,0,True,0,,True,0.9701050284156524,0.7821697044482335,0.7815344261625466,143811.58565916665,0.0327427180624395,0.1121620734208935,0.9991877999338584,2.1098950687375617,6.959836601336503e-06
8514.98,True,forward,final_local_der_m_bounds,0.1121523363064441,0.03,0.0355388020733866,0.9981865945421888,False,0,True,0,,True,0.97002793578213,0.7818756467695036,0.7817973077133015,143832.73941862842,0.0326613472401026,0.1122977500794093,0.9998998062460114,2.110443280047923,6.9532961227158895e-06
8517.779999999999,True,forward,final_local_der_m_bounds,0.1121670144500029,0.03,0.0357139113394966,0.9981692242139056,False,0,True,0,,True,0.969949974496256,0.7816438803922123,0.7818957235798617,143831.5624250257,0.0325895540604752,0.1123993042032811,1.0003221968392089,2.110987753766674,6.950081289831726e-06
8520.279999999999,True,forward,final_local_der_m_bounds,0.1122422928128306,0.03,0.0358718690122774,0.9981534785265836,False,0,True,0,,True,0.9699686381760924,0.7815183640945024,0.7818682335237441,143818.0050164232,0.0325420193760324,0.1124463673826071,1.000447679088958,2.111526183288374,6.949764160629542e-06
8522.98,True,forward,final_local_der_m_bounds,0.1123047112526531,0.03,0.0360439042948162,0.9981362569726088,False,0,True,0,,True,0.9698821413616088,0.7812967897059347,0.7817805538636241,143839.65242932603,0.0324934732555948,0.11244779148803,1.00061918103858,2.112270658147748,6.947388920291129e-06
8525.58,True,forward,final_local_der_m_bounds,0.1124071038659752,0.03,0.0362104903393694,0.9981195080795698,False,0,True,0,,True,0.9698557205443642,0.7809769730923506,0.7822419870550269,143900.3043496909,0.0324083067533973,0.1126060908211886,1.0016197839453158,2.112753161066998,6.9367186024161375e-06
8528.38,True,forward,final_local_der_m_bounds,0.1124141745998915,0.03,0.0363910401261105,0.9981012739433271,False,0,True,0,,True,0.9697690533338384,0.7807474360880617,0.7820489224871726,143907.19070167208,0.0323531508686595,0.1126049925262979,1.0016669749255047,2.1136716553213355,6.936017128916002e-06
8530.88,True,forward,final_local_der_m_bounds,0.1124286674787434,0.03,0.0365526563348339,0.998084882138884,False,0,True,0,,True,0.9697945821112932,0.7805812902325139,0.7822962552504933,143903.08660006095,0.032289395194857,0.1127309861253886,1.0021970357724928,2.11399809435037,6.932115828605281e-06
8533.679999999998,True,forward,final_local_der_m_bounds,0.1124655966903287,0.03,0.0367356961869254,0.998066232915259,False,0,True,0,,True,0.9696856168201646,0.7803200253518348,0.782155251136266,143929.59479868543,0.0322323378975344,0.1127314435990875,1.0023518886159608,2.114913609806096,6.929635788852351e-06
8536.179999999998,True,forward,final_local_der_m_bounds,0.1125704159832034,0.03,0.0368999451313122,0.9980494249827596,False,0,True,0,,True,0.9697247965788058,0.7800912419308165,0.7826694941473781,143943.75641693117,0.0321480443905419,0.112938965725925,1.00330506494366,2.1151348805916177,6.921592333085932e-06
8538.58,True,forward,final_local_der_m_bounds,0.1126181261731678,0.03,0.0370585027251119,0.9980331333102817,False,0,True,0,,True,0.9696224280848,0.7798597164986386,0.7827432866770104,143975.39746382483,0.0320928524939269,0.1129911576344596,1.003697549850784,2.115661716826176,6.9170366979827645e-06
8541.279999999999,True,forward,final_local_der_m_bounds,0.1126913915653371,0.03,0.0372330683775434,0.9980151357131486,False,0,True,0,,True,0.969615989529692,0.7796406021799901,0.782740078420297,143993.94290894002,0.0320372652569105,0.113020518684901,1.0039755192734194,2.1164580205860664,6.913994265179288e-06
8544.08,True,forward,final_local_der_m_bounds,0.1127127018405506,0.03,0.0374113414203248,0.9979966892101036,False,0,True,0,,True,0.969524949671641,0.779478532506307,0.7825735294950349,143958.8647042953,0.0319798633992556,0.1130696532998895,1.0039705993939003,2.1170837974106407,6.91570858626239e-06
8546.679999999998,True,forward,final_local_der_m_bounds,0.1127635854297717,0.03,0.037581931838949,0.997978951522672,False,0,True,0,,True,0.9694057712243052,0.7791116391604447,0.7829922820074484,144024.3854468889,0.0318886519055222,0.1132298123304679,1.0049808559543347,2.117600620802934,6.904767209780616e-06
8549.38,True,forward,final_local_der_m_bounds,0.1127655750933885,0.03,0.037751765142054,0.997961252497756,False,0,True,0,,True,0.969435467788764,0.7788044975799088,0.7837329418283213,144079.28717161348,0.0317923799733142,0.1134741168195842,1.006328217497109,2.117783887186719,6.891769533777826e-06
8551.98,True,forward,final_local_der_m_bounds,0.1127941547036237,0.03,0.0379153341816142,0.9979441401343532,False,0,True,0,,True,0.9693564211937548,0.7786622110356325,0.7832698155688976,144057.3178389205,0.031760117460771,0.1133952217707861,1.0059173342021273,2.1187687275165925,6.895962423237651e-06
8560.08,True,forward,final_local_der_m_bounds,0.1129098578474263,0.03,0.0384779064557976,0.9978845616221802,False,0,True,0,,True,0.9692042752913798,0.7779332843749998,0.7835749921064915,144100.15041488598,0.0315447929502412,0.113692404622381,1.0072521742478526,2.120707151379634,6.883613140185684e-06
8567.779999999999,True,forward,final_local_der_m_bounds,0.1129463533709815,0.03,0.0389938744340505,0.9978292319982248,False,0,True,0,,True,0.9691308028722,0.7773719897316711,0.783794024762288,144137.1185322337,0.0313726078321643,0.1139225951963572,1.008261212283753,2.1223197785267462,6.874065490776651e-06
8574.279999999999,True,forward,final_local_der_m_bounds,0.1130601689358173,0.03,0.0392632669911249,0.9978002270991656,False,0,True,0,,True,0.9687799716264032,0.7767406855663221,0.7854572890170938,144173.6714078455,0.0310871081858552,0.1148994162351405,1.0112220250757389,2.1216175268336186,6.849650745949612e-06
8576.679999999998,True,forward,final_local_der_m_bounds,0.1131276920683097,0.03,0.0393020222710975,0.9977959000499442,False,0,True,0,,True,0.968736543062698,0.7766802037913978,0.7857716277350336,144154.70067464738,0.0310372104096017,0.1151126297415382,1.0117054920406825,2.1213186277251195,6.846864831593724e-06
8579.48,True,forward,final_local_der_m_bounds,0.1131499106945743,0.03,0.0391833542028353,0.997808190799964,False,0,True,0,,True,0.9686800360821104,0.7768653462022519,0.7853189693584918,144132.69929488876,0.0311264291314036,0.1148822694282541,1.0108817096779588,2.121125944101621,6.854207041999392e-06
8581.98,True,forward,final_local_der_m_bounds,0.1131748314645506,0.03,0.0390774296196508,0.9978191393136212,False,0,True,0,,True,0.9687141526533416,0.7769973217051295,0.7855790018527676,144110.58750686195,0.031171447154537,0.1148836984777032,1.0110446714652832,2.1203590751276664,6.854036131890107e-06
8584.779999999999,True,forward,final_local_der_m_bounds,0.1132148953002439,0.03,0.0389594853045144,0.9978313150440052,False,0,True,0,,True,0.9686799015830344,0.7772141554037189,0.7853263022296862,144074.87666606,0.0312535824912607,0.1147272945586675,1.010437466648756,2.1198266552242084,6.86039129527249e-06
8587.38,True,forward,final_local_der_m_bounds,0.1132659376858579,0.03,0.0388511913865599,0.9978424464574918,False,0,True,0,,True,0.9686620852295588,0.7773003538192467,0.7853940217751011,144088.23293255214,0.0313090214510092,0.1146438129539185,1.010412536050043,2.1193771456747865,6.859956896941976e-06
8590.08,True,forward,final_local_der_m_bounds,0.1132983843114088,0.03,0.0387365500512644,0.9978542335242248,False,0,True,0,,True,0.9686752196163874,0.7775016043254483,0.7852317396304391,144046.47073027026,0.0313836311210765,0.1145127383323019,1.0099422756969063,2.118883551044916,6.8655582448777325e-06
8592.679999999998,True,forward,final_local_der_m_bounds,0.1133637412943185,0.03,0.0386243329251385,0.997865776783926,False,0,True,0,,True,0.9686791348354274,0.777666926631178,0.7850353785849249,144046.73336004998,0.0314616842338562,0.1143440893185715,1.0094750743556329,2.118549158346476,6.8691316473773855e-06
8595.38,True,forward,final_local_der_m_bounds,0.1134265851151679,0.03,0.0385033105616057,0.9978782206669304,False,0,True,0,,True,0.9686412291945624,0.7778051910368556,0.7848295456365942,144043.49598074,0.0315331539286233,0.1141913987048243,1.009030994753808,2.1182363653171628,6.872693805209351e-06
8597.779999999999,True,forward,final_local_der_m_bounds,0.1135283570009205,0.03,0.0383958333478877,0.9978892529620388,False,0,True,0,,True,0.9686333195411132,0.7779928019989856,0.784643485534732,143989.80707829064,0.0315939152072154,0.1140960560390825,1.0085485155115292,2.117780515631719,6.878966152752708e-06
8600.279999999999,True,forward,final_local_der_m_bounds,0.1135521246335839,0.03,0.0382851722087344,0.997900581991566,False,0,True,0,,True,0.9686722712818816,0.7781358323781755,0.7846531302488792,143979.2304114771,0.0316529979707722,0.1140112812263509,1.0083755272531083,2.1173251117594294,6.880810171481157e-06
8602.779999999999,True,forward,final_local_der_m_bounds,0.1135977493087842,0.03,0.0381779557774124,0.9979115130452734,False,0,True,0,,True,0.9686603224993188,0.778278127772544,0.7844473251172657,143977.8587784894,0.0317235086932037,0.1138569822117963,1.0079267258382014,2.1170549366591493,6.884324879305303e-06
8605.279999999999,True,forward,final_local_der_m_bounds,0.113637724440771,0.03,0.0380730376551182,0.9979221707931616,False,0,True,0,,True,0.9686404149693316,0.7782937739233776,0.785180566971191,143990.29828383136,0.0317337709632038,0.1140029505170446,1.0088485778488203,2.1159550877317708,6.876682770684353e-06
8608.08,True,forward,final_local_der_m_bounds,0.1137354844766111,0.03,0.0379579705954108,0.9979338154326656,False,0,True,0,,True,0.9686449111407508,0.7786079715185945,0.7844634581421005,143929.37444425456,0.0318478840060501,0.1137068955800627,1.0075204555279411,2.115783970300031,6.889788114651863e-06
8610.48,True,forward,final_local_der_m_bounds,0.1137430708773284,0.03,0.0378563890584018,0.9979440961204568,False,0,True,0,,True,0.9686125350270988,0.7786512895888456,0.7848514179636551,143935.89702219056,0.0318736794501074,0.1137554566308483,1.00796265087814,2.1150251673785587,6.886094957345972e-06
8612.98,True,forward,final_local_der_m_bounds,0.1137694651123695,0.03,0.0377515270539278,0.9979546798316198,False,0,True,0,,True,0.9686487865883612,0.7789090339708256,0.7843473822741518,143908.4164313461,0.0319753318905369,0.113499860616819,1.0069820069689035,2.1148421651326155,6.894945833352962e-06
8615.58,True,forward,final_local_der_m_bounds,0.1139482322076606,0.03,0.0376376085964585,0.997966188385188,False,0,True,0,,True,0.9686603454080334,0.7790580716812393,0.7841849421166461,143902.35444775512,0.0320465378111351,0.113354458433457,1.0065808578612667,2.114540410670528,6.898325415567365e-06
8617.98,True,forward,final_local_der_m_bounds,0.1139676880982274,0.03,0.0375297877581604,0.9979770741091548,False,0,True,0,,True,0.9686777852564358,0.7791757096148373,0.7842047651122787,143893.54195379146,0.0320988434396915,0.1132838557631582,1.006454327869034,2.114118616471833,6.89972840278862e-06
8620.88,True,forward,final_local_der_m_bounds,0.1141693550308823,0.03,0.0374147538173758,0.9979885499266192,False,0,True,0,,True,0.9686174089452896,0.779291331872648,0.7841537716317996,143903.79449430466,0.0321711491272751,0.1131517027987693,1.0062395660778969,2.1136311122535534,6.90089392778737e-06
8623.48,True,forward,final_local_der_m_bounds,0.1141693550308823,0.03,0.0372976281476476,0.9980003030508852,False,0,True,0,,True,0.9685472680878272,0.7794523087041009,0.7838884643979441,143868.49414911686,0.0322368225076905,0.1130289799536101,1.0056913753982186,2.113248099271144,6.906808725149309e-06
8626.08,True,forward,final_local_der_m_bounds,0.1141693550308823,0.03,0.0371939621052452,0.998010578586487,False,0,True,0,,True,0.9685968756977934,0.779666853152677,0.7837150307479586,143843.12206831895,0.0323148566863368,0.112892375338733,1.0051921889187827,2.1128044777498727,6.911878667721422e-06
8628.679999999998,True,forward,final_local_der_m_bounds,0.1141693550308823,0.03,0.0371068430187418,0.9980190596152072,False,0,True,0,,True,0.9685480084701394,0.7798160986711858,0.7833320477959953,143841.6698327014,0.0323937262914554,0.1126984658876028,1.004508690101167,2.1126725996327784,6.9172160184045394e-06
8636.279999999999,True,forward,final_local_der_m_bounds,0.1141693550308823,0.03,0.0367678322983749,0.9980527663351544,False,0,True,0,,True,0.9685089299526,0.780219023237657,0.7832254623200684,143798.44353793302,0.0325707182284964,0.1124359327383047,1.0038533270695396,2.1112535297973096,6.9243651809767175e-06
8644.279999999999,True,forward,final_local_der_m_bounds,0.1141693550308823,0.03,0.0363525510520335,0.9980939832086388,False,0,True,0,,True,0.9684297895893648,0.7807021284016727,0.7833716064004788,143735.04270617542,0.032734984844439,0.1123412984684759,1.0034193297311371,2.109109301762322,6.930787968664013e-06
8650.98,True,forward,final_local_der_m_bounds,0.1141693550308823,0.03,0.0360584628450722,0.998122733111846,False,0,True,0,,True,0.9683801783986672,0.7810887907179225,0.7830983732786378,143713.59524227362,0.0329131699102914,0.1120270770510053,1.002572796568836,2.1079576245533005,6.938368530741972e-06
8653.88,True,forward,final_local_der_m_bounds,0.1141693550308823,0.03,0.0359842803309713,0.9981298940256018,False,0,True,0,,True,0.9683301207199972,0.7810949884983082,0.7833644963662197,143734.71821276742,0.0329324959146569,0.1120538962064253,1.002905546574143,2.10746241451216,6.934781645938531e-06
8656.38,True,forward,final_local_der_m_bounds,0.1141693550308823,0.03,0.0362546588421655,0.998103071389846,False,0,True,0,,True,0.9681007295597236,0.7806244188361136,0.7841414367949183,143719.20951438323,0.0326863245286766,0.1127370331684829,1.0045053906513053,2.10762731564193,6.923182372485e-06
8659.08,True,forward,final_local_der_m_bounds,0.1141693550308823,0.03,0.0365387723403617,0.998074913689982,False,0,True,0,,True,0.9678375349822922,0.7800196543372329,0.7853860376448462,143754.7668297331,0.0323982330217366,0.1135652112005167,1.006879805243078,2.1075783693095524,6.903197924759778e-06
8661.58,True,forward,final_local_der_m_bounds,0.1141693550308823,0.03,0.0368019636948357,0.9980486462822876,False,0,True,0,,True,0.967659209563504,0.7795317570437663,0.7864607938442145,143760.75518240803,0.0321413835286384,0.1143214829299712,1.0088887165119806,2.1075224850632965,6.887496801591474e-06
8664.179999999998,True,forward,final_local_der_m_bounds,0.1141693550308823,0.03,0.0370761564836765,0.998021143139108,False,0,True,0,,True,0.9675079003495644,0.7791215485256423,0.7868714751050297,143757.4827851523,0.0319281307953119,0.1148578306787601,1.0099470058222018,2.108143370176584,6.879530123063528e-06
8666.779999999999,True,forward,final_local_der_m_bounds,0.1141693550308823,0.03,0.0373582648911468,0.997992610380824,False,0,True,0,,True,0.9673127971420156,0.7784584583825772,0.7887341479428337,143803.69050310992,0.0316061734767724,0.1158864963866407,1.0132000486983035,2.107640447252727,6.852501058772782e-06
8669.279999999999,True,forward,final_local_der_m_bounds,0.1141693550308823,0.03,0.0376322438019121,0.9979647369460428,False,0,True,0,,True,0.967099031319176,0.7779858305893599,0.7895589224724123,143794.5121013715,0.031360013022835,0.1165924619011032,1.0148757103638832,2.107803557113729,6.840173131040991e-06
8671.98,True,forward,final_local_der_m_bounds,0.1141693550308823,0.03,0.0379311733625898,0.99793412063134,False,0,True,0,,True,0.9668875205744488,0.7773519225898332,0.790982267256633,143847.67730163032,0.0310695130304012,0.1174673940564338,1.0175343293953514,2.107766685858329,6.817475100671401e-06
8674.48,True,forward,final_local_der_m_bounds,0.1141693550308823,0.03,0.0382126775973408,0.997905082238054,False,0,True,0,,True,0.9666690023553888,0.7767772827562605,0.7922591583854884,143883.09211327418,0.0308026864685031,0.1182789937324217,1.019930906802904,2.107700531050037,6.797677995538785e-06
8676.88,True,forward,final_local_der_m_bounds,0.1142265857194139,0.03,0.038487009425956,0.9978765961045916,False,0,True,0,,True,0.9664917932629132,0.7763131138522943,0.7930118603525398,143866.98614845608,0.0305648242928812,0.1189636151228303,1.0215103238658192,2.108022317312241,6.786503829127445e-06
8679.58,True,forward,final_local_der_m_bounds,0.1143316019499913,0.03,0.0387974206243673,0.9978441561264668,False,0,True,0,,True,0.9662653735361076,0.7756782991983778,0.7945534406484648,143910.25985754636,0.030270010605471,0.1198951880705506,1.024333723748097,2.1078215469801505,6.763245255415657e-06
8682.08,True,forward,final_local_der_m_bounds,0.1144647660104486,0.03,0.0390899087144422,0.997813370409891,False,0,True,0,,True,0.9660504538546872,0.7750559327081541,0.7959117697263003,143966.93119976044,0.0300001975059927,0.1207244839627664,1.0269088154002937,2.1078524330876265,6.741293136727796e-06
8684.679999999998,True,forward,final_local_der_m_bounds,0.1144796433304848,0.03,0.0393975385090381,0.9977807732683772,False,0,True,0,,True,0.9659097941190824,0.7746068055761529,0.7966655992977174,143939.00902485297,0.0297554169448177,0.1214487166342418,1.0284774075863652,2.1082104102384407,6.730854141642593e-06
8687.179999999998,True,forward,final_local_der_m_bounds,0.1145379073004258,0.03,0.0397009831726086,0.9977483738924424,False,0,True,0,,True,0.9656150482005872,0.7739271307834028,0.7981052824765632,144002.85507464065,0.0294758875013352,0.122318770625989,1.0312408632950834,2.1081854671220923,6.7072777715439545e-06
8689.58,True,forward,final_local_der_m_bounds,0.1146934152383422,0.03,0.0399954898873395,0.9977167210753786,False,0,True,0,,True,0.9655443148628858,0.7734935175229084,0.798906579888784,143987.72938211038,0.029246857087294,0.1230099016586618,1.0328549131830609,2.108584538478902,6.695971568407391e-06
8692.279999999999,True,forward,final_local_der_m_bounds,0.1148093076084357,0.03,0.04033526673945,0.9976799193335332,False,0,True,0,,True,0.9652422989797688,0.7728539438151973,0.8000454971701886,144008.77812042387,0.028965423960496,0.1238683005440822,1.0351833015443512,2.108803549086922,6.677702535728853e-06
8694.679999999998,True,forward,final_local_der_m_bounds,0.11483835244204,0.03,0.0406412921066852,0.9976465369273816,False,0,True,0,,True,0.9650547690567308,0.7723275380229699,0.8011110348102943,144052.87201800503,0.0287304939471757,0.1246008562788735,1.0372685102761003,2.1089545377361576,6.6602391973377e-06
8697.58,True,forward,final_local_der_m_bounds,0.1148832203702343,0.03,0.0410068000745887,0.9976064373169816,False,0,True,0,,True,0.9647652425606984,0.7716663644735398,0.80251572778989,144036.8480054996,0.0284175163734143,0.1256175234991869,1.0399775923075212,2.1089471647146625,6.641014692495971e-06
8700.179999999998,True,forward,final_local_der_m_bounds,0.1149404036635117,0.03,0.041347616310658,0.9975687162132733,False,0,True,0,,True,0.96461716816512,0.7711241951601648,0.803645366274446,144061.52194181117,0.0281648255105874,0.1264214318742213,1.0421737138043328,2.109171866742908,6.623740812535791e-06
8702.779999999999,True,forward,final_local_der_m_bounds,0.1149404036635117,0.03,0.0416902700272511,0.997530533626394,False,0,True,0,,True,0.9645109028066172,0.7705780568078178,0.8050725233326662,144075.4224925622,0.0279052283567645,0.1272979191519263,1.0447644028013785,2.109123355726273,6.604175148089884e-06
8705.38,True,forward,final_local_der_m_bounds,0.1150274057635619,0.03,0.0420335482906218,0.9974920309722544,False,0,True,0,,True,0.9641837945877992,0.7700139035865987,0.8057406830063196,144052.55393569235,0.0276415087844435,0.1280931864786409,1.0463975770480396,2.1096471259673364,6.593198626793325e-06
8712.98,True,forward,final_local_der_m_bounds,0.1151265467658341,0.03,0.043108599098167,0.9973692961525032,False,0,True,0,,True,0.9637137754363648,0.7682575142084164,0.8096819308591503,144136.03142446215,0.026859302429472,0.1307212739150168,1.0539199628830394,2.1101110912329943,6.534804749222235e-06
8720.98,True,forward,final_local_der_m_bounds,0.1158244492626265,0.03,0.0443252809353648,0.9972270027694956,False,0,True,0,,True,0.9631063807046998,0.7662966574172145,0.8135507822555933,144205.7829567724,0.0260363548414237,0.1334416300486304,1.0616655760937908,2.1112003072515995,6.475896398800737e-06
8727.679999999998,True,forward,final_local_der_m_bounds,0.1158922551665584,0.03,0.0454755341003174,0.997089022672234,False,0,True,0,,True,0.9627238689443458,0.7647730197221266,0.8147549294835726,144253.59492052588,0.0254554742577246,0.1349919216674905,1.065355221055793,2.1145648698204527,6.446917075653824e-06
8730.08,True,forward,final_local_der_m_bounds,0.116048480638098,0.03,0.0458715533075877,0.9970408155887556,False,0,True,0,,True,0.9625330798684264,0.7641491803544591,0.8158420037319141,144297.97184925812,0.0252279748065558,0.1357134429049498,1.067647554569746,2.115123128909897,6.42856363255961e-06
8732.779999999999,True,forward,final_local_der_m_bounds,0.1166599786447592,0.03,0.0453591575590047,0.9971026164285144,False,0,True,0,,True,0.9628019930809326,0.7649867303126462,0.8139124881994529,144242.66952349409,0.025577165177324,0.1344696309465768,1.0639563484543204,2.114998303590565,6.457290774459816e-06
8735.179999999998,True,forward,final_local_der_m_bounds,0.1169098510064029,0.03,0.0449262964937106,0.9971540963481615,False,0,True,0,,True,0.9629552652457456,0.7656951338605166,0.812303682450985,144205.82087516494,0.0259011047949752,0.1333320736182886,1.060870895646777,2.114712533203143,6.48099898820723e-06
8737.98,True,forward,final_local_der_m_bounds,0.1169768247583382,0.03,0.0444230799395012,0.9972135250528932,False,0,True,0,,True,0.9631473535535808,0.7665040183094779,0.810647985062867,144181.91209598127,0.0262656956668865,0.1321003803176876,1.0575913050667998,2.114205724507839,6.505656711505111e-06
8740.58,True,forward,final_local_der_m_bounds,0.1174752138154936,0.03,0.0439653108879669,0.9972670537412603,False,0,True,0,,True,0.9633987983407136,0.7672342053034008,0.8092160349071644,144144.2276222027,0.0265951705180598,0.1310026849805336,1.0547184019085307,2.113849969051768,6.528112578625494e-06
8743.279999999999,True,forward,final_local_der_m_bounds,0.1177107187225551,0.03,0.0434817658632503,0.9973232504066966,False,0,True,0,,True,0.9635878879155112,0.7679980955406728,0.807489943944655,144131.83796051316,0.0269542821251739,0.1297801950856643,1.0514218051233315,2.113619124145454,6.552532268749013e-06
8745.779999999999,True,forward,final_local_der_m_bounds,0.1178704353815857,0.03,0.0430398223580298,0.9973741708499796,False,0,True,0,,True,0.963789477976416,0.7687496135874307,0.8056925750555376,144085.05749656484,0.0272928673527983,0.1286249475065909,1.0480559089918884,2.113566912460937,6.579113516916584e-06
8748.58,True,forward,final_local_der_m_bounds,0.1182202184996053,0.03,0.042554521749399,0.997429556932607,False,0,True,0,,True,0.9640018600095168,0.7694953937463129,0.80431399759848,144045.6651239694,0.0276364008929549,0.1275377998882288,1.0452486189457897,2.113030192572108,6.6014618285374605e-06
8751.08,True,forward,final_local_der_m_bounds,0.1189322391487256,0.03,0.0421280329063523,0.9974777940446252,False,0,True,0,,True,0.9642805349091144,0.7702370627064244,0.8028572885547777,144008.43916804763,0.0279660637315653,0.1264809815560952,1.0423508909500323,2.112765078349808,6.624440392141877e-06
8753.48,True,forward,final_local_der_m_bounds,0.1189346402263464,0.03,0.0417242488094948,0.9975230732605146,False,0,True,0,,True,0.9644988199825502,0.7709561269855983,0.8011367708315213,143981.5119197603,0.0283006492687136,0.1253650814876498,1.039147031574842,2.1128063631349567,6.649239938606436e-06
8756.179999999998,True,forward,final_local_der_m_bounds,0.1191453203119428,0.03,0.0412792739956929,0.9975725173783888,False,0,True,0,,True,0.964661025563696,0.7716629358558941,0.7993438213994425,143950.4540382953,0.0286517673549857,0.1241969487780523,1.0358717313704409,2.1128779488045537,6.674855115124949e-06
8758.58,True,forward,final_local_der_m_bounds,0.1191453203119428,0.03,0.0408904927986911,0.9976153341126952,False,0,True,0,,True,0.9648693559543534,0.7722849098136383,0.7982422367833361,143936.05543556978,0.0289536156104017,0.1232793305087206,1.033611076223102,2.112468854250725,6.692332497470619e-06
8761.279999999999,True,forward,final_local_der_m_bounds,0.1191453203119428,0.03,0.0404608786196147,0.9976622291650274,False,0,True,0,,True,0.9650945639449328,0.7730511933742125,0.7965569095775409,143890.95416615982,0.0293115980048865,0.1221491562037589,1.0304064160366029,2.1123377962187693,6.718297384995802e-06
8763.779999999999,True,forward,final_local_der_m_bounds,0.1191453203119428,0.03,0.0400674417266958,0.9977048084841886,False,0,True,0,,True,0.9653514195580202,0.7737937298063465,0.7949563854915519,143839.01168215234,0.029652347492395,0.1210871362297762,1.0273492209487167,2.112264238891922,6.743595302460818e-06
8766.38,True,forward,final_local_der_m_bounds,0.1191453203119428,0.03,0.0396663197020751,0.9977478331354792,False,0,True,0,,True,0.9655430111884726,0.7744226667149864,0.7935149263705569,143837.45473591378,0.0299869933848267,0.1200339195237682,1.0246535393089122,2.112268339464155,6.76390102621008e-06
8768.98,True,forward,final_local_der_m_bounds,0.1191453203119428,0.03,0.0392697807674397,0.997790005153899,False,0,True,0,,True,0.9657033351776132,0.7751014826558197,0.7920458278296842,143808.32048890047,0.0303282143333172,0.1189941505187727,1.0218608086205772,2.1120656336264867,6.786319045031362e-06
8771.48,True,forward,final_local_der_m_bounds,0.1191453203119428,0.03,0.0388990847877669,0.9978290631841936,False,0,True,0,,True,0.965858071005928,0.7757127340129366,0.7906740158191303,143773.46803371492,0.0306368774007085,0.1180589704392096,1.0192871421986276,2.111979789165378,6.807428234600568e-06
8774.279999999999,True,forward,final_local_der_m_bounds,0.1191453203119428,0.03,0.038494572361106,0.9978712867469992,False,0,True,0,,True,0.9661903855752356,0.7765225369309575,0.7888223072747681,143747.6836427868,0.0310363190689063,0.116821495329536,1.015839553598049,2.1122035496575453,6.834827245912211e-06
8776.88,True,forward,final_local_der_m_bounds,0.1191453203119428,0.03,0.0381255622753536,0.9979094622284282,False,0,True,0,,True,0.9663842265928744,0.7772135158990608,0.7875516633677005,143693.77347456312,0.0313681876775395,0.1158820004810593,1.0133015538936951,2.11179252439664,6.856761677212539e-06
8779.58,True,forward,final_local_der_m_bounds,0.1191453203119428,0.03,0.0377512647551787,0.9979478374093848,False,0,True,0,,True,0.9666406458218988,0.7779585665482782,0.7857443242388443,143659.20312145638,0.0317480851967764,0.1147176913944451,1.01000793361671,2.1120548469967795,6.883622537807183e-06
8782.179999999998,True,forward,final_local_der_m_bounds,0.1191453203119428,0.03,0.0373912973422467,0.9979844688974044,False,0,True,0,,True,0.9668011984770754,0.7785844170906825,0.7843575487641306,143638.13796462835,0.0320830222877425,0.1137356514561997,1.0074149078079682,2.1119874981379536,6.904565594585402e-06
8790.279999999999,True,forward,final_local_der_m_bounds,0.1191453203119428,0.03,0.0363092359787539,0.99809271225144,False,0,True,0,,True,0.9674829772206008,0.7806012950266169,0.7797394072885618,143552.46855824775,0.033161140641584,0.1105745658597723,0.998895866886788,2.112394574157511,6.974690803390322e-06
8798.179999999998,True,forward,final_local_der_m_bounds,0.1193522647518322,0.03,0.0353679844653897,0.9981842670552992,False,0,True,0,,True,0.9681923522631616,0.7825591203851102,0.7751623445676675,143469.50000900167,0.0342473503341226,0.1074240850566266,0.990547965483039,2.1131169902178493,7.044171747871097e-06
8805.08,True,forward,final_local_der_m_bounds,0.1195592091917216,0.03,0.0343143475462627,0.9982853616916884,False,0,True,0,,True,0.9684555080735842,0.7842316241990868,0.7729642617491569,143377.07841815194,0.0350196117921046,0.1057626788490448,0.9856326089101076,2.110659902372856,7.087521270917629e-06
8807.58,True,forward,final_local_der_m_bounds,0.1196434881383841,0.03,0.0339484341110976,0.9983198141940242,False,0,True,0,,True,0.9686323783314476,0.7849371091400237,0.7720642987228331,143289.8489624668,0.0353056610726523,0.1051724596612206,0.9836002015100368,2.109739113033784,7.107945353419289e-06
8809.98,True,forward,final_local_der_m_bounds,0.1197277670850467,0.03,0.0341376240728768,0.9983023040214746,False,0,True,0,,True,0.9683819132337076,0.7844423330987864,0.7732527440475613,143309.82244709178,0.0350259375841993,0.1059841600986354,0.9857356129582874,2.1093288500093887,7.089985616288799e-06
8812.779999999999,True,forward,final_local_der_m_bounds,0.119765079104933,0.03,0.0343684634020293,0.9982806781288648,False,0,True,0,,True,0.9681750046396188,0.7839877222851224,0.7743718630899988,143290.55244872323,0.03473169616171,0.1068463889329259,0.987734681396418,2.1089701917652857,7.075094780054964e-06
8815.179999999998,True,forward,final_local_der_m_bounds,0.1198023911248193,0.03,0.0345724586679947,0.9982614376039524,False,0,True,0,,True,0.9679108736102502,0.783390462619306,0.7758086066228319,143344.59602843595,0.0344337385435176,0.1077238339724376,0.9903217407432766,2.108570791728005,7.051996203381424e-06
8817.88,True,forward,final_local_der_m_bounds,0.1198683286878466,0.03,0.034801770740514,0.9982397384734606,False,0,True,0,,True,0.9677299512970812,0.7828429524847399,0.7774148668672585,143365.73344817676,0.0341191819649138,0.1086955324030088,0.9930661883073064,2.1079456846332887,7.029356289151356e-06
8820.279999999999,True,forward,final_local_der_m_bounds,0.1199342662508739,0.03,0.0350138067382152,0.9982195183292526,False,0,True,0,,True,0.9675172870083696,0.7823521430652186,0.7785991793953717,143378.7273358769,0.0338468965323372,0.1095052659296119,0.995202973874216,2.1076369945895053,7.011967124407215e-06
8822.88,True,forward,final_local_der_m_bounds,0.1202887596909117,0.03,0.0352591024534321,0.9981958512536508,False,0,True,0,,True,0.9672064832338384,0.7817573501820523,0.7800156316713606,143389.68614962287,0.0335319109763575,0.1104591811891948,0.9977720471572334,2.1071813586632926,6.991355887136141e-06
8825.48,True,forward,final_local_der_m_bounds,0.1206432531309495,0.03,0.0355093158902945,0.998171546790551,False,0,True,0,,True,0.9669445654099942,0.7811870082491298,0.7813170767885268,143407.10209600008,0.0332382811071306,0.1113366869289122,1.0001665011553234,2.106909244245554,6.971860666999797e-06
8827.98,True,forward,final_local_der_m_bounds,0.120680274072153,0.03,0.0357559592094412,0.9981474132497826,False,0,True,0,,True,0.9666941211151198,0.780625981450293,0.7826354205178366,143417.03772726018,0.0329456392292355,0.1122250344368606,1.002574138083145,2.106612554925245,6.952689896242186e-06
8830.38,True,forward,final_local_der_m_bounds,0.1207172950133564,0.03,0.035998508415859,0.9981235222888644,False,0,True,0,,True,0.9664728915763005,0.780195625300974,0.7836053167695258,143407.15306138192,0.0327087311088103,0.1129423856565871,1.0043703032393143,2.106383099681943,6.939264923381151e-06
8832.98,True,forward,final_local_der_m_bounds,0.120726735987582,0.03,0.0362653960328457,0.998097063349964,False,0,True,0,,True,0.9661739758103894,0.7794037294629194,0.7857209797760959,143475.65741108693,0.0323445889426407,0.1140994319316907,1.0081052349050597,2.105758927230992,6.907168192608877e-06
8835.38,True,forward,final_local_der_m_bounds,0.1207361769618075,0.03,0.0365133039105696,0.9980723381170654,False,0,True,0,,True,0.9658974708181816,0.7788329777314337,0.7871125318005598,143466.52934464865,0.0320475855233006,0.1150359863023835,1.0106307184028631,2.1053675146952853,6.888223610986878e-06
8837.98,True,forward,final_local_der_m_bounds,0.1209169674946305,0.03,0.0367862049804116,0.9980449427421196,False,0,True,0,,True,0.9656551971825182,0.7782287930692606,0.7885295727346551,143481.22114682666,0.031746289451499,0.1159721200485655,1.0132361842136026,2.105147551391432,6.867588571951939e-06
8840.48,True,forward,final_local_der_m_bounds,0.1210977580274534,0.03,0.0370558169731428,0.9980176790685223,False,0,True,0,,True,0.9653672822090186,0.7775728506131167,0.7900415164179045,143526.21878972967,0.0314480756744788,0.1169010890222453,1.016035366711886,2.104899913096471,6.844105461230188e-06
8842.88,True,forward,final_local_der_m_bounds,0.1212809330251705,0.03,0.0373189475668126,0.9979908948622732,False,0,True,0,,True,0.9651443030216752,0.7770700964432002,0.7912123300402667,143518.06400371573,0.0311814227894491,0.1177441600007848,1.0181994309931603,2.104695855943884,6.828057455334305e-06
8845.48,True,forward,final_local_der_m_bounds,0.1210977580274534,0.03,0.0376120422110722,0.9979608386376608,False,0,True,0,,True,0.9648498281105984,0.7763936622805816,0.7930325185676772,143531.50842592004,0.0308547148886371,0.1188259040146244,1.0214309532592274,2.1041167386037176,6.8029822080700816e-06
8847.98,True,forward,final_local_der_m_bounds,0.1209169674946305,0.03,0.0378981215560139,0.9979312973154072,False,0,True,0,,True,0.9646292309140866,0.7759229298700716,0.7935786466191194,143522.85387530448,0.0306196847406762,0.1194834614343224,1.0227544722154354,2.104644214903073,6.7933595565183455e-06
8850.779999999999,True,forward,final_local_der_m_bounds,0.1207361769618075,0.03,0.0382205751861312,0.9978977766889512,False,0,True,0,,True,0.964326955602998,0.7751295070034462,0.7957906202705036,143578.2430455188,0.030261621253942,0.1206920385048376,1.0266550467765454,2.103980358169037,6.761450259192712e-06
8853.38,True,forward,final_local_der_m_bounds,0.120726735987582,0.03,0.0385259412736359,0.9978657905042168,False,0,True,0,,True,0.96402443806046,0.7744163347868206,0.7975937424539604,143609.5136382558,0.0299353549596392,0.12177657342763,1.0299288723984883,2.103576587830925,6.735505598521406e-06
8856.179999999998,True,forward,final_local_der_m_bounds,0.1207172950133564,0.03,0.0388549753214099,0.9978311025612392,False,0,True,0,,True,0.9638300143035188,0.7738676583093147,0.7986940226312425,143584.0644666629,0.0296498330609915,0.1226755648061968,1.0320808914229165,2.1037351249327862,6.720636176878108e-06
8858.779999999999,True,forward,final_local_der_m_bounds,0.1203257806321152,0.03,0.0391696807788052,0.9977976504891488,False,0,True,0,,True,0.9635034979586932,0.7730992173370844,0.8007219515932619,143634.01010290568,0.0293176029609775,0.123809672432634,1.035729869642506,2.103212031499466,6.691239332084092e-06
8866.779999999999,True,forward,final_local_der_m_bounds,0.1199342662508739,0.03,0.0401707991219993,0.9976896134209622,False,0,True,0,,True,0.9627588076995546,0.7711622889238764,0.8051882570029965,143681.8781162841,0.0284235251269226,0.1267859864891154,1.0441229668097514,2.10297047711701,6.627201396277658e-06
8874.38,True,forward,final_local_der_m_bounds,0.1198683286878466,0.03,0.0412679720350439,0.9975680937693672,False,0,True,0,,True,0.9620659477668798,0.7692218362184713,0.8087076567655509,143704.0910652566,0.0276026877196398,0.129355201535001,1.0513321628272978,2.104151093682992,6.573446167615452e-06
8880.88,True,forward,final_local_der_m_bounds,0.1198023911248193,0.03,0.0423665969345697,0.9974431648689578,False,0,True,0,,True,0.9616143237078862,0.7674484034407931,0.8113149855355444,143805.16733748696,0.026952911512638,0.1311925037739343,1.057158998439607,2.106455469010832,6.526407994633332e-06
8883.58,True,forward,final_local_der_m_bounds,0.119765079104933,0.03,0.042807137729866,0.9973922492764348,False,0,True,0,,True,0.9614361150582826,0.7668361852621085,0.8118081708670429,143823.92344409146,0.0267260215450017,0.1317732642076963,1.0586461443385888,2.107728529951848,6.514658506573188e-06
8886.08,True,forward,final_local_der_m_bounds,0.1197277670850467,0.03,0.0424041540327072,0.9974380512751838,False,0,True,0,,True,0.9615335039515,0.7671621186975242,0.8120467582386085,143829.01955702703,0.0269157361603466,0.1313089914517578,1.058507372101856,2.106418850473494,6.515635482333563e-06
8888.48,True,forward,final_local_der_m_bounds,0.1194365436984948,0.03,0.0420081575317587,0.9974829199853672,False,0,True,0,,True,0.9617845996457536,0.7680651432934612,0.8090661660196024,143737.20721972678,0.0272980743033942,0.1298567958126169,1.053382220354811,2.1073927887608925,6.556624071075527e-06
8891.279999999999,True,forward,final_local_der_m_bounds,0.1191453203119428,0.03,0.0415520274222467,0.9975340945754162,False,0,True,0,,True,0.9619304922306724,0.7686891752120685,0.8077640018666188,143728.2286080055,0.0276129236721137,0.1288328432543656,1.0508330647999176,2.1070509783853626,6.575562364499179e-06
8893.98,True,forward,final_local_der_m_bounds,0.1190387797303342,0.03,0.0411284178528422,0.9975810769921636,False,0,True,0,,True,0.9621743428379508,0.76922798314251,0.8069126232217029,143745.10768435188,0.027900883139575,0.1279337930944755,1.0489902095413126,2.1066690275697666,6.58827227376956e-06
8896.58,True,forward,final_local_der_m_bounds,0.1189322391487256,0.03,0.0407305883484634,0.9976247679476334,False,0,True,0,,True,0.962285931599002,0.7699774510933715,0.8048842611882091,143677.27352385735,0.028246496660567,0.1267630727301165,1.0453348472026938,2.106735832238023,6.618037223552787e-06
8899.179999999998,True,forward,final_local_der_m_bounds,0.1188713157849241,0.03,0.0403287078638703,0.9976686976577932,False,0,True,0,,True,0.9624692341017458,0.7705900694958394,0.8035757016253235,143673.35064652286,0.0285564710812368,0.1257666787820333,1.042805680264041,2.106550980059046,6.636788245286628e-06
8901.779999999999,True,forward,final_local_der_m_bounds,0.1188103924211225,0.03,0.0399335562719457,0.9977115178224228,False,0,True,0,,True,0.9626249639224002,0.7712217535341477,0.8022744542139757,143658.30284343558,0.0288671867868731,0.1247905585401784,1.0402642956290171,2.1062331147340427,6.656212188932135e-06
8904.179999999998,True,forward,final_local_der_m_bounds,0.1183712008973834,0.03,0.039573015417603,0.9977502838401132,False,0,True,0,,True,0.96287750307542,0.7719043863264377,0.8008419169587095,143614.79635661893,0.0291732791893518,0.1238280878107557,1.0374884909904298,2.106117029165344,6.678754306913406e-06
8906.58,True,forward,final_local_der_m_bounds,0.1179320093736443,0.03,0.0392182342739947,0.9977881287455512,False,0,True,0,,True,0.963234142030047,0.7726743559448118,0.7990246987508787,143555.05556250838,0.0295063138054974,0.1227447360325787,1.0341027790081712,2.1064180949741824,6.706648535997172e-06
8909.279999999999,True,forward,final_local_der_m_bounds,0.117901222377615,0.03,0.0388280305184792,0.9978293910449352,False,0,True,0,,True,0.9633718558489068,0.7733063954598066,0.7977430208747754,143543.5836232212,0.0298282257238466,0.1217669814064137,1.0316001853320234,2.106060510235144,6.72584615961086e-06
8911.88,True,forward,final_local_der_m_bounds,0.1178704353815857,0.03,0.0384649443451748,0.9978674188676728,False,0,True,0,,True,0.9635659991916904,0.7739989114100576,0.7961124892634643,143512.48196586355,0.0301647485218401,0.1207083779751908,1.0285705542054582,2.1060706300919363,6.74995078822884e-06
8914.38,True,forward,final_local_der_m_bounds,0.1177905770520704,0.03,0.038124254808179,0.9979027939294324,False,0,True,0,,True,0.9637769716168708,0.7747056439304192,0.7946184193521325,143453.070514436,0.0304864578813424,0.119735681650921,1.025703666389581,2.105895661481092,6.77428507102224e-06
8916.779999999999,True,forward,final_local_der_m_bounds,0.1177107187225551,0.03,0.0377988616488267,0.997936341686236,False,0,True,0,,True,0.963928444263652,0.775216626195284,0.7934231842372063,143475.4083313996,0.0307802065357655,0.1188233485770094,1.0234857682700629,2.1059259479108614,6.789933167067871e-06
8919.279999999999,True,forward,final_local_der_m_bounds,0.1173437717404467,0.03,0.037465776546083,0.9979704135968556,False,0,True,0,,True,0.96419509195021,0.7758777074583806,0.7922682304368354,143451.6840300974,0.031094005501062,0.1179219875082299,1.0211251371458356,2.105607000752535,6.808921499617625e-06
8921.98,True,forward,final_local_der_m_bounds,0.1169768247583382,0.03,0.037107831398363,0.9980067552897698,False,0,True,0,,True,0.9643924944063488,0.7766018056761186,0.7904214692664366,143408.79091458462,0.0314530572656461,0.1168051502397568,1.0177950443706305,2.10583689278614,6.836203120317577e-06
8924.48,True,forward,final_local_der_m_bounds,0.1169433378823706,0.03,0.0367753427583024,0.9980402725360904,False,0,True,0,,True,0.9646120936672612,0.7771873047963692,0.78931178629784,143399.6527184861,0.0317581024251277,0.1159263597793213,1.0156004626254769,2.1056491523508285,6.85336090731612e-06
8927.179999999998,True,forward,final_local_der_m_bounds,0.1169098510064029,0.03,0.0364344260437049,0.998074279773916,False,0,True,0,,True,0.964844887576828,0.7778628069297561,0.787838503504592,143384.85281484577,0.0321063288858697,0.1148993427291672,1.0128244935815998,2.105655123970666,6.875275153643136e-06
8929.779999999999,True,forward,final_local_der_m_bounds,0.1169008707812369,0.03,0.0361035314093381,0.9981070608225808,False,0,True,0,,True,0.9650372123970108,0.7785338728938871,0.7862361056248668,143348.68301129018,0.0324506509888766,0.1138735338035803,1.0098932532021372,2.105773514674366,6.8994853739279805e-06
8932.58,True,forward,final_local_der_m_bounds,0.116891890556071,0.03,0.0357682359447428,0.9981399036752316,False,0,True,0,,True,0.9652327436326744,0.7791393979513388,0.7848842889961376,143356.51209150962,0.0327926632752025,0.1128810431756046,1.0073733802447988,2.1058102872349287,6.918501928066774e-06
8935.179999999998,True,forward,final_local_der_m_bounds,0.1164701855970845,0.03,0.0354794525304848,0.9981678539109404,False,0,True,0,,True,0.965487539295938,0.7798465713813155,0.7835940806376386,143290.05565557376,0.0331174935944417,0.1120038182450941,1.004805444293594,2.1055284953193536,6.941554248863953e-06
8943.279999999999,True,forward,final_local_der_m_bounds,0.116891890556071,0.03,0.0345874312040804,0.9982530805895616,False,0,True,0,,True,0.9660603607106858,0.7818424607515885,0.7787136189973435,143209.38137891906,0.0341906191755619,0.1088934272413691,0.995998117381298,2.106164603741354,7.014047121985271e-06
8951.179999999998,True,forward,final_local_der_m_bounds,0.1169343576572046,0.03,0.0336502141110009,0.99834100982713,False,0,True,0,,True,0.9665823385437148,0.7837414975598821,0.7751576160974858,143133.32331793866,0.0351535319253096,0.1064366226282922,0.9890475603382984,2.105303302175818,7.072465731268027e-06
8958.279999999999,True,forward,final_local_der_m_bounds,0.1169768247583382,0.03,0.0329136506811293,0.9984083052070006,False,0,True,0,,True,0.9670879601130882,0.7853847401270228,0.7718953517814864,143070.74018301567,0.0360341254713466,0.1041612608865977,0.9828244837767606,2.104987371412932,7.124956870250196e-06
