Time_Relative_s,der_m,der_m_smooth
-350.72,-0.33282912025188033,-0.33512387198069304
-342.39,-0.33435581112011,-0.3349719382403289
-339.83,-0.3348200044999647,-0.3348200044999647
-337.14,-0.33512387198069304,-0.33458790781003733
-334.59,-0.3353993366832839,-0.33435581112011
-332.0,-0.335702242648952,-0.33419195374077054
-329.4,-0.3359989431906112,-0.3340280963614311
-324.34,-0.3365513358081553,-0.3334286083066557
-321.9,-0.33678801722947366,-0.33282912025188033
-319.30999999999995,-0.33703874243563225,-0.3321778239979629
-316.84,-0.33719051924864096,-0.33152652774404556
-314.34,-0.3373850972303723,-0.3290434088338728
-311.78,-0.33759978776197364,-0.3265602899237
-309.22,-0.3378041047153243,-0.3253625428952187
-306.59,-0.3380087858222626,-0.32416479586673735
-304.03,-0.33825747105796766,-0.32286667591549845
-301.36,-0.3384470807389304,-0.32156855596425954
-298.9,-0.3386824655051323,-0.3204185492981057
-296.04,-0.338924277599519,-0.31926854263195187
-293.59,-0.3391170891132491,-0.31808700121183386
-290.79,-0.33935043768930523,-0.3169054597917159
-288.34,-0.33956935395586896,-0.3156827874239299
-285.78,-0.33975214742448445,-0.3144601150561439
-277.78,-0.34041058681972053,-0.3131933743856671
-270.09,-0.3409721516841612,-0.3119266337151903
-261.89,-0.34165920623529755,-0.3107772153858337
-259.45,-0.3418507066303243,-0.30962779705647714
-256.64,-0.3391588966683224,-0.3082591709657584
-254.09,-0.3367050072798787,-0.3068905448750397
-251.33,-0.3340280963614311,-0.3057013530359006
-248.72,-0.33152652774404556,-0.3045121611967616
-243.58,-0.3265602899237,-0.3033475022286092
-241.08,-0.32416479586673735,-0.30218284326045675
-238.34,-0.32156855596425954,-0.30094787379200383
-235.9,-0.31926854263195187,-0.2997129043235509
-233.4,-0.3169054597917159,-0.2985419880862672
-230.84,-0.3144601150561439,-0.2973710718489835
-228.15,-0.3119266337151903,-0.296093688005761
-225.72,-0.30962779705647714,-0.29481630416253857
-222.87,-0.3068905448750397,-0.2936239023713329
-220.4,-0.3045121611967616,-0.29243150058012723
-217.97,-0.30218284326045675,-0.29131024904424996
-215.4,-0.2997129043235509,-0.29242920733273264
-212.97,-0.2973710718489835,-0.2924303539564299
-210.31,-0.29481630416253857,-0.29243150058012723
-207.84,-0.29243150058012723,-0.2935582616942358
-205.28,-0.28995566921884525,-0.29468502280834435
-197.5,-0.28235932289286486,-0.29475066348544143
-189.53,-0.274330730189874,-0.29481630416253857
-181.34,-0.2660186560609541,-0.2959565187479474
-178.89,-0.2634397973608723,-0.29709673333335623
-176.07999999999998,-0.2629990906560795,-0.29709673333335623
-173.46999999999997,-0.26256888372924864,-0.29709673333335623
-170.78999999999996,-0.26213279311656873,-0.29709673333335623
-168.14999999999998,-0.26170407517338395,-0.29709673333335623
-163.02999999999997,-0.2608450905731234,-0.29709673333335623
-160.58999999999995,-0.260332638107779,-0.29481630416253857
-157.83999999999995,-0.2599457765122654,-0.29468502280834435
-155.39999999999998,-0.25947959151622413,-0.29243150058012723
-152.87,-0.25902118959041487,-0.29242920733273264
-150.08999999999995,-0.2584400021582828,-0.2901889975083726
-147.35999999999996,-0.2579500589404068,-0.28995566921884525
-144.89999999999998,-0.257445713049918,-0.288062671613236
-142.01,-0.25693778579394355,-0.2857149105192388
-139.52999999999997,-0.25652554893003643,-0.28400877892243964
-137.08999999999995,-0.25603753770407495,-0.28359184545127225
-134.33999999999995,-0.25551715941508135,-0.28235932289286486
-131.82999999999998,-0.2550435117257934,-0.28125468070099235
-129.08999999999995,-0.2544782294568479,-0.28093146848289857
-126.64999999999998,-0.25406300859707354,-0.27919685020969637
-124.0,-0.25360833408723504,-0.2790658934622053
-116.27999999999996,-0.2521527563999333,-0.2790658934622053
-108.7,-0.25090731696586577,-0.2790658934622053
-100.32999999999998,-0.2496173067485177,-0.2790658934622053
-97.89,-0.24942747834062984,-0.2790658934622053
-95.07999999999998,-0.2520140888896544,-0.2790658934622053
-92.46999999999996,-0.254497778953438,-0.2790658934622053
-89.83999999999997,-0.2569719928694406,-0.2790658934622053
-87.27999999999997,-0.25920581776012996,-0.2767799277140042
-82.21999999999997,-0.2636559002799248,-0.27517252496000844
-79.77999999999997,-0.26578938035628763,-0.27457813825719735
-77.08999999999997,-0.26811404730488686,-0.274330730189874
-74.64999999999998,-0.270207783288632,-0.27231475945891465
-72.21999999999997,-0.27231475945891465,-0.270207783288632
-69.58999999999997,-0.27457813825719735,-0.26850529441691684
-67.02999999999997,-0.2767799277140042,-0.26811404730488686
-64.33999999999997,-0.2790658934622053,-0.2660186560609541
-61.77999999999997,-0.28125468070099235,-0.26578938035628763
-59.03999999999997,-0.28359184545127225,-0.2636559002799248
-56.52999999999997,-0.2857149105192388,-0.2634397973608723
-53.75,-0.288062671613236,-0.2629990906560795
-51.21999999999997,-0.2901889975083726,-0.26256888372924864
-48.579999999999984,-0.29242920733273264,-0.26213279311656873
-45.88999999999999,-0.29468502280834435,-0.26198709402761194
-43.02999999999997,-0.29709673333335623,-0.26170407517338395
-35.39999999999998,-0.30345648703527867,-0.2608450905731234
-27.71999999999997,-0.3098123199479231,-0.260643747031489
-19.389999999999983,-0.3166581821028178,-0.260332638107779
-16.92999999999995,-0.3186714321029923,-0.2599457765122654
-14.139999999999986,-0.3209886714686822,-0.25947959151622413
-11.589999999999977,-0.3230375756711148,-0.25920581776012996
-8.839999999999975,-0.32528919661232647,-0.25905343758086363
-6.279999999999973,-0.32734436949221923,-0.25902118959041487
-1.2199999999999704,-0.33142316723776044,-0.2584400021582828
0.0,-0.3324090093262553,-0.2579500589404068
1.2200000000000273,-0.30671549547034377,-0.257445713049918
3.910000000000025,-0.28400877892243964,-0.2569719928694406
6.350000000000023,-0.28093146848289857,-0.25693778579394355
8.850000000000023,-0.27919685020969637,-0.25652554893003643
11.600000000000025,-0.27517252496000844,-0.25603753770407495
14.379999999999995,-0.26850529441691684,-0.25551715941508135
16.850000000000023,-0.25905343758086363,-0.2550435117257934
19.720000000000027,-0.25112412520008487,-0.254497778953438
22.170000000000016,-0.24167490804665306,-0.2544782294568479
24.600000000000023,-0.23291743933281855,-0.25406300859707354
27.220000000000027,-0.22597856109036354,-0.25360833408723504
29.660000000000025,-0.21918263680369454,-0.2521527563999333
32.47000000000003,-0.21566975688935702,-0.2520140888896544
34.910000000000025,-0.21110180418998226,-0.25112412520008487
37.670000000000016,-0.2121697660903587,-0.25090731696586577
44.22000000000003,-0.26198709402761194,-0.2496173067485177
51.97000000000003,-0.3619870940276119,-0.24942747834062984
60.28000000000003,-0.4619870939798071,-0.24167490804665306
62.74000000000001,-0.3989140709321901,-0.2385278684268822
65.52000000000004,-0.43386733717923204,-0.23291743933281855
68.10000000000002,-0.38019619548449507,-0.22597856109036354
70.69,-0.3248831461157877,-0.21918263680369454
73.35000000000002,-0.2895449050329518,-0.21660247684883352
78.41000000000003,-0.260643747031489,-0.21566975688935702
80.85000000000002,-0.2385278684268822,-0.2121697660903587
83.46000000000004,-0.21660247684883352,-0.21110180418998226
85.90999999999997,-0.19461104089658265,-0.19461104089658265
88.35000000000002,-0.1721935533770949,-0.1721935533770949
91.02999999999996,-0.1497197623734459,-0.1497197623734459
93.60000000000002,-0.12710834294536066,-0.12710834294536066
96.35000000000002,-0.10452606485208038,-0.10452606485208038
98.99,-0.082158860765082,-0.082158860765082
101.65999999999995,-0.059885950835436894,-0.059885950835436894
104.10000000000002,-0.03783618475436551,-0.03783618475436551
106.96000000000004,-0.015636095034004482,-0.0345723624571088
109.47000000000004,0.0063129570691373895,-0.030714285745213555
112.25,0.019353355849737693,-0.026663367019344106
114.72000000000004,0.018447528428687347,-0.022263231007182072
117.39,0.015370121016260225,-0.019640158603078564
124.17000000000009,0.007632542209294967,-0.015636095034004482
131.90999999999997,-0.008610666406472109,-0.012917788078639789
140.17000000000007,-0.022263231007182072,-0.008610666406472109
142.63,-0.0345723624571088,-0.0009177344015339106
145.38,-0.030714285745213555,0.003943774863747424
147.97000000000003,-0.026663367019344106,0.0063129570691373895
150.69000000000003,-0.019640158603078564,0.007632542209294967
153.27999999999997,-0.012917788078639789,0.008095207824197379
158.35000000000002,-0.0009177344015339106,0.01158243428691654
160.77999999999997,0.003943774863747424,0.014798686983037511
163.55000000000007,0.008095207824197379,0.015370121016260225
165.97000000000003,0.01158243428691654,0.018368187150970466
168.71000000000004,0.014798686983037511,0.018447528428687347
171.27999999999997,0.018368187150970466,0.019353355849737693
174.01999999999998,0.021824915651734247,0.021824915651734247
176.60000000000002,0.025178590108990182,0.025178590108990182
179.36,0.028533637457380225,0.028533637457380225
181.91,0.031072633440008334,0.031072633440008334
184.42000000000007,0.03389193583765295,0.03389193583765295
187.16,0.037203277858651254,0.037203277858651254
189.6,0.03964434072780992,0.03964434072780992
192.1,0.043544060550569544,0.043544060550569544
194.53,0.047160571129767466,0.047160571129767466
197.58000000000004,0.0513547057073906,0.0513547057073906
204.03,0.0599681996308253,0.0599681996308253
211.91,0.06645387381694866,0.06645387381694866
219.91,0.07594183041395376,0.07594183041395376
222.41,0.07657198964816886,0.07657198964816886
225.16,0.08086558486634848,0.07963129151138526
227.72000000000003,0.08447587566810819,0.08086558486634848
230.47000000000003,0.08878984239425251,0.08368199849808441
233.03,0.09273945190968148,0.08447587566810819
238.28,0.1004546729084801,0.08878984239425251
240.96000000000004,0.1043226837245756,0.09075315676549613
243.53,0.1074924348138556,0.09272365483601233
246.19000000000003,0.11063675839059076,0.09273945190968148
248.66,0.11332615144542527,0.1004546729084801
251.22000000000003,0.11610482859414917,0.10110666028858303
253.64,0.11840394828709144,0.102039256096462
256.35,0.12140857212889046,0.1043226837245756
259.16,0.12409725983410098,0.1074924348138556
261.6,0.12636322688948365,0.10778678524744391
264.14,0.12839423688404988,0.11063675839059076
266.72,0.13056607064879117,0.11102310550040174
269.46000000000004,0.13285662068480358,0.11283658617202602
272.03,0.13531799371302583,0.11313350672216345
274.47,0.13787495725714402,0.11332615144542527
277.14,0.14032944339545436,0.11610110083058543
283.53,0.14604950837798805,0.11610482859414917
291.28,0.15098478674712723,0.11840394828709144
299.35,0.15791933034139022,0.11858300685744393
301.80000000000007,0.15907684405761838,0.12140857212889046
304.66,0.15657438029161413,0.1216021999173211
307.22,0.15442824743496128,0.12323258344590803
309.9200000000001,0.15190475831932165,0.12405388035799471
312.6,0.1499340814091822,0.12409725983410098
317.72,0.1454754518081571,0.12636322688948365
320.47,0.14315015270436265,0.12641296224998377
323.03,0.14093172395990147,0.12839423688404988
325.69000000000005,0.1386097015707364,0.12903668022931206
328.16,0.13632410951051982,0.13056607064879117
330.72,0.13394102505284006,0.13162110028969798
333.35,0.13162110028969798,0.13285662068480358
335.91,0.12903668022931206,0.13394102505284006
338.64,0.12641296224998377,0.13531799371302583
341.1,0.12405388035799471,0.13632410951051982
343.53,0.1216021999173211,0.13787495725714402
346.22,0.11858300685744393,0.1386097015707364
348.72,0.11610110083058543,0.14032944339545436
351.46000000000004,0.11313350672216345,0.14093172395990147
353.91,0.11102310550040174,0.14122271632214303
356.58000000000004,0.10778678524744391,0.14315015270436265
362.9200000000001,0.10110666028858303,0.1454754518081571
370.91,0.09272365483601233,0.14604950837798805
378.78,0.08368199849808441,0.14798292986334438
381.36,0.07963129151138526,0.149213731450375
383.80000000000007,0.09075315676549613,0.1499340814091822
386.4200000000001,0.102039256096462,0.1505381124730804
389.03,0.11283658617202602,0.15098478674712723
391.6,0.12323258344590803,0.15142872309625946
396.72,0.14122271632214303,0.15190475831932165
399.47,0.15237493339082084,0.15237493339082084
402.03,0.1607207333793965,0.15301291748894158
404.61,0.16850453613073332,0.15442824743496128
407.16,0.17531793710362228,0.15657438029161413
409.72,0.18231516812690673,0.15681774422087738
412.35,0.18511695416346205,0.15773541177911107
414.91,0.18627320052977756,0.15791933034139022
417.72,0.1875456868599701,0.15907684405761838
420.16,0.18860257018891752,0.1595922762347678
422.96,0.18990679865500484,0.1607207333793965
425.53,0.19111078217723765,0.16111496760319105
428.19000000000005,0.1923309849900384,0.16271870606526448
430.78,0.1935854777037767,0.16379184302411579
433.46,0.19480057987095062,0.16551596749777073
436.14,0.1960738860988022,0.166678596164722
442.41,0.1993479708812733,0.1679374056849353
450.1,0.2025578267264228,0.16793795657576346
458.35,0.20694561023043168,0.16850453613073332
460.80000000000007,0.2080813250649729,0.16920073396068344
463.49,0.20652643901634224,0.17063762146285663
466.03,0.20497856236430015,0.171988248721415
468.72,0.20344222360233175,0.1731138541011926
471.28,0.20219135448363978,0.17449889139957514
476.41,0.19940926648215443,0.17515407184993625
478.85,0.19810882870294858,0.17519728970491186
481.6,0.19683200922099925,0.17531793710362228
484.16,0.19554898933080864,0.17574578811370578
486.91,0.19415299384821402,0.17586228675493984
489.47,0.19290097772772485,0.17598015979652482
492.16,0.19181259465688116,0.1762986185829048
494.72,0.190487630624373,0.1762986185829048
497.38,0.1891893821958421,0.1762986185829048
499.85,0.18811072534080756,0.1762986185829048
502.35,0.18699391818681074,0.1762986185829048
504.97,0.18577198743720486,0.1762986185829048
507.47,0.18474772450323942,0.1762986185829048
510.21,0.1836287358426122,0.1762986185829048
512.66,0.18261415301405232,0.1762986185829048
515.44,0.18145828702569286,0.1762986185829048
521.96,0.17886359163159804,0.1762986185829048
529.6,0.179310161537107,0.1762986185829048
537.49,0.16793795657576346,0.1762986185829048
540.11,0.15142872309625946,0.17631980064789785
542.6,0.14798292986334438,0.1763440837182612
545.25,0.149213731450375,0.17636532716203937
547.72,0.1505381124730804,0.17636758064727043
550.28,0.15301291748894158,0.17638017709013742
555.53,0.15681774422087738,0.1764047467528055
558.16,0.15773541177911107,0.17640937073753224
560.72,0.1595922762347678,0.1764332922243859
563.46,0.16111496760319105,0.1764348401153642
565.97,0.16271870606526448,0.1764554626020808
568.75,0.16379184302411579,0.1764743840519283
571.2,0.16551596749777073,0.17648266205233942
573.8000000000001,0.166678596164722,0.17650310870072777
576.3000000000001,0.1679374056849353,0.17650310870072777
578.8000000000001,0.16920073396068344,0.17650310870072777
581.5,0.17063762146285663,0.17650310870072777
584.1,0.171988248721415,0.17650310870072777
586.8000000000001,0.1731138541011926,0.17650310870072777
589.3000000000001,0.17449889139957514,0.17650310870072777
591.8000000000001,0.17515407184993625,0.17650310870072777
594.6,0.17519728970491186,0.17650310870072777
601.1,0.17574578811370578,0.17650310870072777
609.3000000000001,0.17586228675493984,0.17650310870072777
617.1999999999999,0.17598015979652482,0.17650310870072777
619.9,0.17650310870072777,0.17650310870072777
622.3000000000001,0.17651057133596468,0.17650310870072777
625.1,0.1764743840519283,0.17650310870072777
627.6999999999999,0.17648266205233942,0.17650310870072777
630.5000000000001,0.1764554626020808,0.17650310870072777
635.4,0.1764348401153642,0.17648266205233942
638.0000000000001,0.1764047467528055,0.1764743840519283
640.6,0.17640937073753224,0.1764554626020808
643.1,0.17636532716203937,0.1764348401153642
645.6,0.17638017709013742,0.1764332922243859
648.5000000000001,0.1763440837182612,0.17640937073753224
650.9,0.17636758064727043,0.1764047467528055
653.6999999999999,0.17631980064789785,0.17638017709013742
656.3000000000001,0.1762986185829048,0.17636758064727043
659.1,0.17628771849971328,0.17636532716203937
661.6999999999999,0.17627898585224133,0.1763440837182612
664.5000000000001,0.17626517984872897,0.17631980064789785
666.9,0.17624068085705744,0.1762986185829048
669.6999999999999,0.17625957191827019,0.17628771849971328
672.1999999999999,0.1762589769934025,0.17627898585224133
674.8000000000001,0.1762359713685,0.17626517984872897
681.1,0.1762282644698423,0.17625957191827019
688.9,0.1759454821598336,0.1762589769934025
696.6999999999999,0.1758438083730948,0.17624068085705744
699.1999999999999,0.17582090621127697,0.1762359713685
701.8000000000001,0.17611768348826162,0.1762282644698423
704.6999999999999,0.1764332922243859,0.1762282644698423
707.1999999999999,0.17669831375028391,0.1762282644698423
710.0000000000001,0.17699346017888287,0.1762282644698423
714.9,0.17749593332554184,0.1762282644698423
717.6999999999999,0.17780068849954758,0.1762282644698423
720.3000000000001,0.17806516186958693,0.1762282644698423
722.9,0.17833477040854967,0.1762282644698423
725.4,0.1785981412493518,0.1762282644698423
728.1999999999999,0.1789275200055928,0.1762282644698423
730.6999999999999,0.17916662560931756,0.1762282644698423
733.5000000000001,0.17946857216731787,0.1762282644698423
736.1,0.17973441801529225,0.1762282644698423
738.6,0.18000038973624038,0.1762282644698423
741.3000000000001,0.1802801810974371,0.1762282644698423
743.9,0.18054645369500727,0.1762282644698423
746.6,0.18091349760733472,0.1762282644698423
749.5000000000001,0.1811843178186362,0.1762282644698423
752.0000000000001,0.18149275510358082,0.1762282644698423
754.9,0.1817673109362292,0.1762282644698423
761.3000000000001,0.18248388894522583,0.1762282644698423
769.0000000000001,0.183343811947484,0.1762282644698423
777.3000000000001,0.18370336023451048,0.1762282644698423
779.8000000000001,0.18390357365808951,0.1762282644698423
782.4,0.18282801504947377,0.1762282644698423
785.0000000000001,0.1817666194043625,0.1762282644698423
787.9,0.18067095389452467,0.17611768348826162
790.4,0.17972122399234983,0.1759454821598336
795.6999999999999,0.17767523947151895,0.1758438083730948
798.1,0.1767990287196214,0.17582090621127697
800.9,0.17575696971571006,0.17575696971571006
803.4,0.1748394253958442,0.1748394253958442
806.0000000000001,0.1738845306724553,0.1738845306724553
808.6,0.17291729469410064,0.17291729469410064
811.1999999999999,0.17197375108672686,0.17209596006232755
813.6999999999999,0.17107532159611874,0.17197375108672686
816.4,0.170089390674784,0.17158166200949027
818.9,0.16917364065741808,0.17130716355187345
821.6,0.1682169973014369,0.17107532159611874
824.1999999999999,0.167334405355712,0.1705001425018737
827.0000000000001,0.16632577323597514,0.170089390674784
829.5000000000001,0.1654483812243195,0.1699876537782536
832.1999999999999,0.16448881183106107,0.16967916420198353
834.9,0.16360093782677676,0.16917364065741808
841.3000000000001,0.16063739547385214,0.16905773239426844
849.4,0.1479663132661869,0.16901740548163846
857.1,0.1337145519049845,0.1682169973014369
860.0000000000001,0.12820008068401043,0.16750999924049279
862.4,0.13248508956143049,0.16750274041123753
865.1999999999999,0.137966686033112,0.167334405355712
867.6999999999999,0.14299681615842513,0.1669474794842934
870.1999999999999,0.1471777926245124,0.16685949287309756
875.3000000000001,0.15586411987065893,0.16639711161383006
877.8000000000001,0.15902784390292676,0.16632577323597514
880.4,0.16029861501808418,0.16606094802882948
882.9,0.16082822480174874,0.1658310595761668
885.5000000000001,0.16135531803323433,0.1654483812243195
888.1,0.16189845194961264,0.1653604208172794
890.5000000000001,0.16244272135560878,0.16528471598314254
893.1999999999999,0.1629926839191993,0.16469637124249098
895.6999999999999,0.16354760145031375,0.16467235452945064
898.4,0.16417346453969256,0.16448881183106107
900.9,0.16469637124249098,0.16417346453969256
903.6,0.16528471598314254,0.16396729921045128
906.1,0.1658310595761668,0.16360093782677676
908.7,0.16639711161383006,0.16354760145031375
911.2,0.1669474794842934,0.16333045400351615
913.9,0.16750999924049279,0.1629926839191993
920.3,0.16901740548163846,0.1625465390277513
928.4,0.1699876537782536,0.16244272135560878
936.7,0.17158166200949027,0.16189845194961264
939.2,0.17209596006232755,0.16182101552193756
941.9,0.17130716355187345,0.16135531803323433
944.5,0.1705001425018737,0.16105246484423047
947.1,0.16967916420198353,0.16082822480174874
949.7,0.16905773239426844,0.16063739547385214
954.9,0.16750274041123753,0.16037994881769427
957.3,0.16685949287309756,0.16029861501808418
959.9,0.16606094802882948,0.15957034826120295
962.4,0.1653604208172794,0.15902784390292676
964.9,0.16467235452945064,0.15894994254761574
967.5,0.16396729921045128,0.1581767984727611
969.9,0.16333045400351615,0.157741394839337
972.6,0.1625465390277513,0.157741394839337
975.2,0.16182101552193756,0.157741394839337
978.0,0.16105246484423047,0.157741394839337
980.5,0.16037994881769427,0.157741394839337
983.3,0.15957034826120295,0.157741394839337
985.7,0.15894994254761574,0.157741394839337
988.5,0.1581767984727611,0.157741394839337
991.0,0.15749210157561022,0.157741394839337
993.6,0.15676367449522782,0.157741394839337
1000.2,0.15494340099160073,0.1577385537251665
1008.2,0.1536705147603083,0.1577107729002165
1016.4,0.1519490882870287,0.15767810980535102
1018.8,0.15139984439485635,0.15767761237662
1021.5,0.15161557084827482,0.15767761237662
1024.0,0.15188847099204789,0.15767761237662
1026.6999999999998,0.15207480937065349,0.15767761237662
1029.3000000000002,0.1522646996348212,0.15767761237662
1034.3000000000002,0.15270971770375322,0.15767761237662
1036.8000000000002,0.15287492667539848,0.15767761237662
1039.4,0.15314757350928002,0.15767761237662
1041.9,0.15340938375793559,0.15767761237662
1044.3000000000002,0.15349395726381682,0.15767119744824773
1047.0,0.15372438419824752,0.15765267755676868
1049.4,0.1539656700371936,0.1576454892488004
1052.1999999999998,0.15418574667970947,0.15763740714679614
1054.8000000000002,0.1543589375287964,0.1576269641161901
1057.6,0.15455567626522332,0.15762671344885668
1060.1,0.15472350313557126,0.15760521385025628
1063.0,0.15497417236283645,0.15759398558463536
1065.4,0.1551669541565501,0.15757224941081788
1068.1999999999998,0.15548382365904231,0.15749210157561022
1070.6999999999998,0.15569414043945914,0.15723996246872946
1073.3000000000002,0.1559499875239233,0.15715404363858612
1079.6,0.15649876497798834,0.15684817755388292
1087.3000000000002,0.15637925018864818,0.15676367449522782
1095.0,0.15723996246872946,0.15672162239766166
1097.5,0.15757224941081788,0.15661627322082275
1100.1999999999998,0.15759398558463536,0.15650790314721613
1102.8000000000002,0.15762671344885668,0.15649876497798834
1105.6999999999998,0.15760521385025628,0.15645423658515542
1108.1999999999998,0.1576269641161901,0.15637925018864818
1110.9,0.15763740714679614,0.1563595884673965
1113.5,0.1576454892488004,0.15626000392946712
1116.1999999999998,0.15767119744824773,0.1561757295597794
1118.6999999999998,0.15765267755676868,0.1560582191908201
1121.1999999999998,0.15767761237662,0.15597600689973473
1124.0,0.15767810980535102,0.1559499875239233
1126.6999999999998,0.1577107729002165,0.1559061602795973
1129.3000000000002,0.157741394839337,0.1559061602795973
1132.0,0.1577385537251665,0.1559061602795973
1134.4,0.15776596285140054,0.1559061602795973
1136.9,0.15780006134708724,0.1559061602795973
1139.6999999999998,0.15780637572187578,0.1559061602795973
1142.1,0.15782923855025363,0.1559061602795973
1144.6999999999998,0.15781611869359446,0.1559061602795973
1147.1999999999998,0.15778957126815407,0.1559061602795973
1150.0,0.15779961052524974,0.1559061602795973
1156.5,0.157817154996252,0.15589973615784541
1164.3000000000002,0.15807788362485942,0.15586736319407635
1172.5,0.15715404363858612,0.15585649175701502
1174.9,0.15684817755388292,0.15585649175701502
1177.6,0.15672162239766166,0.15585649175701502
1180.1999999999998,0.15661627322082275,0.15585649175701502
1182.6999999999998,0.15650790314721613,0.15585649175701502
1185.1999999999998,0.15645423658515542,0.15585649175701502
1187.6999999999998,0.1563595884673965,0.15585649175701502
1190.1999999999998,0.15626000392946712,0.15585649175701502
1192.9,0.1561757295597794,0.15585649175701502
1195.6,0.1560582191908201,0.15585649175701502
1198.1,0.15597600689973473,0.15585649175701502
1200.6999999999998,0.1559061602795973,0.15585649175701502
1203.3000000000002,0.15579113952664125,0.15585649175701502
1205.9,0.1556986705759429,0.15585649175701502
1208.5,0.15560981216776062,0.15585649175701502
1210.9,0.155529053283507,0.15585649175701502
1213.3000000000002,0.15540215053219428,0.15585649175701502
1216.0,0.15533635216161776,0.15585649175701502
1218.4,0.15529970993024397,0.15585649175701502
1221.1999999999998,0.15513920446806836,0.15585649175701502
1223.6999999999998,0.15506993433087377,0.15585649175701502
1226.5,0.15499493458177974,0.15585649175701502
1232.8000000000002,0.15470965215447346,0.15585649175701502
1240.5,0.15444483349356414,0.15585649175701502
1248.3000000000002,0.15505025020596008,0.15579113952664125
1251.0,0.15529424844036296,0.15575427013188428
1253.4,0.15535132709541152,0.1556986705759429
1256.1999999999998,0.1553908841414233,0.1556984416480752
1258.6999999999998,0.1554437803648214,0.1556875295730175
1261.1999999999998,0.15548962269478087,0.15563599498310912
1263.9,0.15554427562682663,0.15560981216776062
1266.5,0.15558442405794032,0.15558442405794032
1269.1999999999998,0.15563599498310912,0.15554427562682663
1271.6999999999998,0.1556984416480752,0.155529053283507
1274.4,0.1556875295730175,0.15548962269478087
1277.0,0.15575427013188428,0.15546491534504292
1279.6999999999998,0.15585649175701502,0.1554437803648214
1282.3000000000002,0.15586736319407635,0.15540215053219428
1285.0,0.15589973615784541,0.1553908841414233
1287.5,0.15593002926669414,0.15535132709541152
1289.9,0.1560242656562627,0.15533635216161776
1292.6999999999998,0.1560409534706241,0.15529970993024397
1295.1999999999998,0.15609038811050321,0.15529424844036296
1297.6999999999998,0.15615293891971685,0.15525407304119665
1300.3000000000002,0.1562164204334059,0.15513920446806836
1303.1999999999998,0.15633386165478172,0.15506993433087377
1309.4,0.15648239456691937,0.1550628726486752
1317.5,0.15613412533293838,0.15505025020596008
1325.9,0.15546491534504292,0.15499493458177974
1328.3000000000002,0.15525407304119665,0.15488444448678867
1331.1,0.1550628726486752,0.15473193286135975
1333.6999999999998,0.15488444448678867,0.15470965215447346
1336.3000000000002,0.15473193286135975,0.15450832457782074
1338.9,0.15450832457782074,0.15444483349356414
1341.5,0.15443633517376204,0.15443633517376204
1344.1,0.1541006535818067,0.1541006535818067
1346.6999999999998,0.15397653617964174,0.15397653617964174
1349.3000000000002,0.15382248394054043,0.15382248394054043
1351.8000000000002,0.1536591612940847,0.1536591612940847
1354.4,0.15343654483863536,0.15343654483863536
1357.0,0.1532634289958241,0.1532634289958241
1359.6999999999998,0.15310421933659352,0.15310421933659352
1362.3000000000002,0.1528924427100167,0.1528924427100167
1365.1,0.15273622597138323,0.15273622597138323
1367.6999999999998,0.1525850440146621,0.1525850440146621
1370.5,0.1523674910682476,0.1523674910682476
1372.9,0.15222929327526827,0.15222929327526827
1375.6,0.1520057097106608,0.15222929327526827
1378.3000000000002,0.15187063562253503,0.15222929327526827
1381.1999999999998,0.1515686795952185,0.15222929327526827
1387.6999999999998,0.1511055488449013,0.15222929327526827
1395.3000000000002,0.15123185866710676,0.15222929327526827
1403.5,0.15124174576294877,0.15222929327526827
1406.0,0.15119840485631056,0.15222929327526827
1408.5,0.15110258519878314,0.15222929327526827
1411.1999999999998,0.15099234882848997,0.15222929327526827
1413.6,0.15090145432949312,0.15222929327526827
1416.3000000000002,0.15076304940479904,0.15209387205561556
1418.6999999999998,0.15066786945503477,0.1520057097106608
1421.3000000000002,0.1505629462092321,0.15195589898445566
1423.9,0.1504557862674493,0.15187063562253503
1426.4,0.15037014710936314,0.15176448394599432
1428.9,0.15025625845378862,0.15172184260535188
1431.6999999999998,0.15013936270265762,0.1515686795952185
1434.5,0.1500255929417196,0.15145046849323088
1437.0,0.14988373721691528,0.151430769343604
1439.6999999999998,0.1497721221356294,0.15124174576294877
1442.4,0.14968058189788086,0.15123185866710676
1444.9,0.14955392646305202,0.151219983035974
1447.4,0.14947027605619143,0.15119840485631056
1449.9,0.14933947914749462,0.15110858984692113
1452.6999999999998,0.14910983094317878,0.1511055488449013
1455.1999999999998,0.14902692891713157,0.15110258519878314
1458.0,0.14883035458446645,0.15100598697730047
1464.3000000000002,0.14846286881857168,0.15099234882848997
1472.1999999999998,0.14789264048037498,0.15090145432949312
1480.3000000000002,0.147737654357749,0.15078971520834764
1482.6999999999998,0.1477113092639535,0.15077748184745107
1485.1999999999998,0.1479492288121395,0.15076304940479904
1487.9,0.1481896852940938,0.15066786945503477
1490.3000000000002,0.14838596282872268,0.1505629462092321
1493.0,0.1485875039565135,0.15051354685408005
1495.5,0.1487974204247318,0.1504557862674493
1498.0,0.14903240725104422,0.150415639570028
1500.6,0.14922233222593365,0.15037014710936314
1503.0,0.14940136034956972,0.1503170232328042
1505.9,0.14963777558481772,0.15025625845378862
1508.4,0.1498554639914969,0.15014490138796882
1511.1999999999998,0.15014490138796882,0.15013936270265762
1513.8000000000002,0.1503170232328042,0.1500907892060422
1516.5,0.15051354685408005,0.1500255929417196
1518.9,0.15077748184745107,0.14988373721691528
1521.6999999999998,0.15100598697730047,0.1498554639914969
1524.1999999999998,0.151219983035974,0.1497721221356294
1526.6999999999998,0.15145046849323088,0.14971504522248547
1529.3000000000002,0.15172184260535188,0.14968058189788086
1531.6999999999998,0.15195589898445566,0.14963777558481772
1534.4,0.15227459046836234,0.14955392646305202
1541.0,0.15303026847561893,0.14947027605619143
1548.6999999999998,0.15379870221370354,0.14941093931134203
1556.9,0.1540748752262811,0.14940136034956972
1559.4,0.1540519411940268,0.14933947914749462
1561.8000000000002,0.1538823775835039,0.14922233222593365
1564.5,0.1533874598859754,0.14910983094317878
1567.0,0.15308795388534377,0.14910045214357232
1569.8000000000002,0.15271160284660384,0.14903240725104422
1572.1999999999998,0.15260727611540978,0.14902692891713157
1575.0,0.15209387205561556,0.14883035458446645
1577.5,0.15176448394599432,0.1487974204247318
1580.0,0.151430769343604,0.14866576012353125
1582.4,0.15110858984692113,0.1485875039565135
1585.0,0.15078971520834764,0.14852486471226164
1587.6,0.150415639570028,0.14846286881857168
1590.1999999999998,0.1500907892060422,0.14838596282872268
1593.0,0.14971504522248547,0.1481896852940938
1595.4,0.14941093931134203,0.1480632595742182
1597.9,0.14910045214357232,0.1479492288121395
1600.6,0.14866576012353125,0.14789264048037498
1603.0,0.14852486471226164,0.14782162749841526
1605.6999999999998,0.1480632595742182,0.147737654357749
1608.1999999999998,0.14782162749841526,0.1477113092639535
1610.8000000000002,0.14740158000085443,0.14740158000085443
1617.2999999999995,0.14654310878941815,0.14654310878941815
1625.0,0.1455600742798829,0.1455600742798829
1632.7999999999995,0.14461449743727187,0.14461449743727187
1635.5,0.14426686442102632,0.14426686442102632
1638.1999999999998,0.14378994354438335,0.14378994354438335
1640.9,0.14325542264972435,0.14325542264972435
1643.2999999999995,0.1427501259208625,0.1427501259208625
1646.0,0.1422201314359219,0.1422201314359219
1648.5,0.14169955206551957,0.14169955206551957
1651.1999999999998,0.1411781045813423,0.1411781045813423
1654.0,0.14061717012018984,0.14061717012018984
1656.6999999999998,0.14006509744032047,0.14006509744032047
1659.1999999999998,0.13958536981399228,0.13958536981399228
1661.6999999999998,0.1390578868559798,0.1390578868559798
1664.4,0.13853464012103883,0.13853464012103883
1667.0,0.1380107049108588,0.1380107049108588
1669.7999999999995,0.13746386174526887,0.13746386174526887
1672.2999999999995,0.13698022241961152,0.13698022241961152
1675.1,0.1363772855740217,0.1363772855740217
1677.6999999999998,0.13591419323972906,0.13591419323972906
1680.2999999999995,0.13535284602370545,0.13546406516494422
1682.9,0.13494896259618452,0.13546406516494422
1685.6999999999998,0.13433837182764294,0.13546406516494422
1688.2999999999995,0.13378410009837094,0.13546406516494422
1694.6999999999998,0.13254982588459763,0.13546406516494422
1702.6999999999998,0.13100662553875161,0.13546406516494422
1710.4,0.12961395876658166,0.13546406516494422
1712.9,0.12906747923317932,0.13546406516494422
1715.4,0.12918834593477266,0.13546406516494422
1717.9,0.12937850266095363,0.13546406516494422
1720.6,0.1295509075093356,0.13546406516494422
1723.1999999999998,0.12971807807067606,0.13546406516494422
1726.0,0.12989321027191164,0.1353863417550656
1728.5,0.13003828436372683,0.13535284602370545
1731.1999999999998,0.13020920935125807,0.13528283226477208
1733.9,0.13042318900818567,0.13527949181692753
1736.6999999999998,0.13063000913418402,0.13524121763801608
1739.2999999999995,0.1307640289849959,0.13517393456557175
1742.0,0.13096537851655263,0.13511867308402215
1744.6,0.13112231043935682,0.1351145832817908
1747.4,0.13130574402740142,0.13499620726083936
1749.9,0.13144307492975324,0.13494896259618452
1752.2999999999995,0.13158280491411978,0.13486731262245505
1755.0,0.1317947408895647,0.1348598538921309
1757.5,0.13191695284062338,0.13485870264546695
1760.1999999999998,0.13210110682138634,0.13475065038037382
1762.6999999999998,0.13226591989275766,0.1347264626339639
1765.4,0.13244435476116534,0.13458767868196705
1771.7999999999995,0.13290412903052318,0.13458496314531046
1779.6,0.13361214817726344,0.13457944014210202
1787.2999999999995,0.13386546038852395,0.13448118360606534
1790.0,0.13391115220922348,0.13445586767072512
1792.4,0.1339797095763504,0.13433837182764294
1795.0,0.134095765280506,0.13433775139139936
1797.6999999999998,0.1342270245938067,0.1342929943233152
1800.1999999999998,0.13428647891147677,0.13428647891147677
1802.9,0.1342929943233152,0.1342270245938067
1805.5,0.13445586767072512,0.13419359361348274
1808.2,0.13448118360606534,0.134095765280506
1810.7,0.13457944014210202,0.13399452764617859
1813.1,0.13458767868196705,0.1339797095763504
1815.9,0.1347264626339639,0.1339797095763504
1818.4,0.13485870264546695,0.1339797095763504
1821.2,0.13486731262245505,0.1339797095763504
1823.8,0.13499620726083936,0.1339797095763504
1826.5,0.13511867308402215,0.1339797095763504
1828.9,0.13517393456557175,0.1339797095763504
1831.4,0.13524121763801608,0.1339797095763504
1834.0,0.13528283226477208,0.1339797095763504
1836.6,0.1353863417550656,0.1339797095763504
1839.2,0.13546406516494422,0.1339797095763504
1841.9,0.13553801419120215,0.1339797095763504
1848.3,0.13572124635654098,0.1339797095763504
1856.0,0.1359150141514778,0.1339797095763504
1863.8,0.13646452309467144,0.13399452764617859
1866.2,0.13666698685537448,0.1340938194244198
1868.9,0.13642418364221387,0.134095765280506
1871.5,0.13625220657359466,0.13419359361348274
1874.1,0.13606371829554825,0.1342270245938067
1876.7,0.13594801135188606,0.13428647891147677
1879.5,0.1357100319493709,0.1342929943233152
1882.2,0.1355174236967464,0.13433249055250948
1884.7,0.13527949181692753,0.13433775139139936
1887.2,0.1351145832817908,0.13445586767072512
1889.6,0.1348598538921309,0.13448118360606534
1892.2,0.13475065038037382,0.13456135074420866
1894.7,0.13458496314531046,0.13457944014210202
1897.5,0.13433775139139936,0.13458496314531046
1900.0,0.13419359361348274,0.13458767868196705
1902.5,0.13399452764617859,0.13470660643342572
1905.1,0.1337556830354377,0.1347264626339639
1907.7,0.13366451532101656,0.13475065038037382
1910.4,0.13334668221981644,0.13485870264546695
1913.0,0.13322435108557615,0.1348598538921309
1915.6,0.1330361932274937,0.13486731262245505
1918.3,0.1328269966012921,0.13493299397965225
1924.8,0.13234738787835437,0.13499620726083936
1932.6,0.13205928327099542,0.1351145832817908
1940.3,0.13167936468566122,0.13511867308402215
1942.9,0.13158724046886,0.13514972797250022
1945.5,0.13175613692351512,0.13517393456557175
1948.4,0.1320499991192797,0.13517393456557175
1950.9,0.13221149597166892,0.13517393456557175
1953.7,0.13240107481121804,0.13517393456557175
1956.2,0.1326081976607912,0.13517393456557175
1959.0,0.13281211303306034,0.13517393456557175
1961.5,0.13298387755067634,0.13517393456557175
1964.0,0.13322730905859118,0.13517393456557175
1966.4,0.1334179483784259,0.13517393456557175
1969.0,0.1336237598617958,0.13517393456557175
1971.7,0.13387075072012233,0.13517393456557175
1974.3,0.1340938194244198,0.13517393456557175
1977.1,0.13433249055250948,0.13517393456557175
1979.5,0.13456135074420866,0.13517393456557175
1982.0,0.13470660643342572,0.13517393456557175
1984.7,0.13493299397965225,0.13517393456557175
1987.1,0.13514972797250022,0.13517393456557175
1989.7,0.13535483180842747,0.13514972797250022
1992.3,0.135631336214489,0.1351145832817908
1995.0,0.1357910166134087,0.13493299397965225
2001.7,0.1363525962191857,0.13488554076197434
2009.3,0.13644613783199785,0.1348598538921309
2017.6,0.13680206990958832,0.13475065038037382
2020.1,0.13685221363590008,0.13470660643342572
2022.9,0.1368813163320872,0.13458496314531046
2025.5,0.13691738501441622,0.13456135074420866
2028.1,0.1369354838418918,0.1344705860593769
2030.7,0.13687091586358746,0.13433775139139936
2033.5,0.13678955272299292,0.13433249055250948
2036.0,0.13681600089482257,0.13419359361348274
2038.7,0.13683609097768773,0.13412628542498733
2041.2,0.13682643203040465,0.1340938194244198
2043.6,0.1368111839089197,0.13399452764617859
2046.3,0.13675156803760952,0.13387075072012233
2048.7,0.13670754359827922,0.1337556830354377
2051.5,0.13666392163655863,0.13372413223029614
2054.1,0.13673508875455967,0.13366451532101656
2056.5,0.13661531131369858,0.1336237598617958
2059.2,0.13658116947356838,0.1334179483784259
2061.8,0.13659628883713035,0.13338138719481704
2064.4,0.1365624232258979,0.13334668221981644
2067.0,0.13649024650413336,0.13322730905859118
2069.7,0.1364327672168036,0.13322435108557615
2072.5,0.13645795167824923,0.13312139789638097
2079.2,0.13643322107778025,0.1330361932274937
2087.0,0.136949984626684,0.13298387755067634
2095.2,0.1365247122817786,0.13298387755067634
2097.6,0.13627551053810183,0.13298387755067634
2100.5,0.13593188265218345,0.13298387755067634
2103.0,0.13556866865381195,0.13298387755067634
2105.7,0.1351941830931883,0.13298387755067634
2108.3,0.13488554076197434,0.13298387755067634
2111.2,0.1344705860593769,0.13298387755067634
2113.8,0.13412628542498733,0.13298387755067634
2116.5,0.13372413223029614,0.13298387755067634
2119.0,0.13338138719481704,0.13298387755067634
2121.5,0.13312139789638097,0.13298387755067634
2124.2,0.13270029141610282,0.13270029141610282
2126.7,0.1323733957019902,0.1323733957019902
2129.5,0.1319994064904332,0.1319994064904332
2132.0,0.1316453057139609,0.1316453057139609
2134.5,0.13131277654447437,0.13131277654447437
2137.2,0.130949866147282,0.130949866147282
2139.7,0.13064957564387647,0.13064957564387647
2142.5,0.1302259883643316,0.1302259883643316
2145.0,0.1299187185729958,0.1299187185729958
2147.7,0.12948241145190584,0.12948241145190584
2150.4,0.12915397291182304,0.12915397291182304
2157.0,0.12821959168598707,0.12821959168598707
2164.9,0.12704345303944764,0.1274515806034528
2172.7,0.12619151918415938,0.1273979905260024
2175.4,0.12602240875880402,0.12731687842716446
2177.9,0.12595124160027166,0.12723376018395102
2180.7,0.12599319765112232,0.12707023732458686
2183.2,0.126068386062463,0.12704345303944764
2186.0,0.12615741237211955,0.12701870055870593
2188.5,0.12618040657176835,0.1269226581087487
2191.1,0.12621003472901657,0.12689258072722284
2193.9,0.12628054670409328,0.12687152028147447
2196.6,0.12631981304291032,0.12678091573863376
2199.2,0.12636545915896738,0.12675636830003717
2202.0,0.12646310107878508,0.12670257519412445
2204.4,0.12646952024825184,0.12667064107854273
2207.2,0.12647938637381195,0.12660322954720923
2209.9,0.12660322954720923,0.12647938637381195
2212.7,0.12667064107854273,0.12646952024825184
2215.1,0.12670257519412445,0.12646310107878508
2218.0,0.12675636830003717,0.12636545915896738
2220.5,0.12678091573863376,0.12632426782280845
2223.2,0.12689258072722284,0.12631981304291032
2225.7,0.1269226581087487,0.12628054670409328
2228.3,0.12701870055870593,0.12621003472901657
2235.1,0.12723376018395102,0.12619151918415938
2242.7,0.12731687842716446,0.12618040657176835
2250.7,0.1273979905260024,0.12615741237211955
2253.2,0.1274515806034528,0.1261174901105112
2255.8,0.12707023732458686,0.126068386062463
2258.4,0.12687152028147447,0.12602240875880402
2260.9,0.12632426782280845,0.12599319765112232
2263.7,0.1261174901105112,0.12595124160027166
2266.2,0.1258020059460079,0.1258020059460079
2269.0,0.12541404094702105,0.12541404094702105
2271.5,0.1252362815152919,0.1252362815152919
2274.0,0.12478335133903265,0.12478335133903265
2276.7,0.12453093769982396,0.12453093769982396
2279.2,0.1241529640854182,0.1241529640854182
2281.9,0.12377342724967567,0.12377342724967567
2284.5,0.1234699158406376,0.1234699158406376
2287.2,0.12309768280689268,0.12309768280689268
2289.7,0.12271947098577222,0.12271947098577222
2292.5,0.12234671290136007,0.12234671290136007
2295.2,0.12202858428605995,0.12202858428605995
2297.9,0.12166697463819984,0.12166697463819984
2300.5,0.12128729624677848,0.12128729624677848
2303.2,0.12095669231187908,0.12095669231187908
2305.9,0.12049323374981404,0.12049323374981404
2312.7,0.11961686098460206,0.11961686098460206
2320.5,0.11889261523159517,0.11889261523159517
2328.7,0.11809426839664659,0.11809426839664659
2331.2,0.11783877758786937,0.11783877758786937
2333.9,0.11771668519095889,0.11771668519095889
2336.5,0.1174780389331918,0.1174780389331918
2339.2,0.11726030129310255,0.11726030129310255
2341.9,0.11711062761246185,0.11711062761246185
2344.5,0.1168726338044686,0.1168726338044686
2347.0,0.11668360378698428,0.11668360378698428
2349.7,0.11643112760212065,0.11658250941801056
2352.3,0.11630118479718633,0.11650330815708733
2354.7,0.11609954655321815,0.11643112760212065
2357.4,0.11590818222852427,0.11639930528234385
2359.9,0.11574589455557545,0.1163182485840941
2362.7,0.11549773535509343,0.11630118479718633
2365.3,0.11540738422969965,0.1162858624275208
2368.1,0.11524501902212998,0.11620876549375617
2370.5,0.11505997465522874,0.11610192008694299
2373.2,0.11490974742932737,0.11609954655321815
2375.7,0.11472127309936311,0.1159715216654671
2378.3,0.11456171525892508,0.11590818222852427
2380.9,0.11432772276557217,0.11588664983047733
2383.5,0.11418791014648834,0.11580553887166187
2390.2,0.11374221673837177,0.11574589455557545
2398.0,0.1130463953150496,0.11572273683255298
2406.2,0.11199088453714513,0.11561952195575283
2408.7,0.11164383040228551,0.11554415047708905
2411.1,0.11163337932247037,0.11553047336124635
2413.7,0.11185934449725078,0.11549773535509343
2416.2,0.11199741390916218,0.11549016949250994
2419.0,0.11222623586570968,0.11540738422969965
2421.4,0.11243090927587948,0.11530778764683335
2424.0,0.11247761725385914,0.11527919709633218
2426.6,0.11265214553212068,0.11524501902212998
2429.0,0.1127818585119439,0.11518454672702189
2431.7,0.11296073579283913,0.11515280134489435
2434.3,0.11312332400434866,0.11505997465522874
2437.1,0.11330801673498767,0.11505290057175709
2439.7,0.11339576657190877,0.11496394015503579
2442.3,0.11352470596612259,0.11491374604162534
2444.8,0.1136658752506622,0.11490974742932737
2447.2,0.11380327281573051,0.11485313223063918
2450.0,0.1139980696399753,0.11480450245258107
2452.4,0.11404401224824286,0.11472127309936311
2454.9,0.11420744938863957,0.11470106784283447
2457.5,0.1143705759730774,0.11456171525892508
2460.2,0.11447640865472022,0.11447640865472022
2467.0,0.11496394015503579,0.1143712412793996
2474.7,0.11553047336124635,0.1143705759730774
2482.9,0.1163182485840941,0.11432772276557217
2485.3,0.11658250941801056,0.11420744938863957
2488.0,0.11650330815708733,0.11418791014648834
2490.6,0.11639930528234385,0.114126412384689
2493.3,0.1162858624275208,0.11407317693195958
2495.9,0.11620876549375617,0.11404401224824286
2498.6,0.11610192008694299,0.1139980696399753
2501.2,0.1159715216654671,0.11380327281573051
2504.0,0.11588664983047733,0.11374221673837177
2506.4,0.11580553887166187,0.1136658752506622
2508.9,0.11572273683255298,0.11360064459057027
2511.5,0.11561952195575283,0.11352470596612259
2514.1,0.11554415047708905,0.11339576657190877
2516.9,0.11549016949250994,0.11330801673498767
2519.4,0.11530778764683335,0.11327867582282611
2522.2,0.11527919709633218,0.11312332400434866
2524.7,0.11518454672702189,0.1130463953150496
2527.2,0.11515280134489435,0.11296073579283913
2529.7,0.11505290057175709,0.11289602960266146
2532.6,0.11491374604162534,0.1127818585119439
2535.1,0.11485313223063918,0.11265214553212068
2537.9,0.11480450245258107,0.11252946735517297
2544.5,0.11470106784283447,0.11247761725385914
2552.0,0.1143712412793996,0.11243090927587948
2560.4,0.11407317693195958,0.11222623586570968
2562.8,0.114126412384689,0.1121600637284363
2565.5,0.11360064459057027,0.11199741390916218
2568.0,0.11327867582282611,0.11199741390916218
2570.5,0.11289602960266146,0.11199741390916218
2573.1,0.11252946735517297,0.11199741390916218
2575.7,0.1121600637284363,0.11199741390916218
2578.4,0.11174700219481794,0.11174700219481794
2581.0,0.11134105376581158,0.11134105376581158
2583.7,0.11088421232923618,0.11088421232923618
2586.1,0.11060630989684397,0.11060630989684397
2588.7,0.1101963147689515,0.1101963147689515
2591.3,0.10986290488383393,0.11009876270782457
2594.2,0.1093837105371241,0.11008554534606466
2596.8,0.10893012520284387,0.11008325684036964
2599.2,0.10858427597844544,0.11007020390644667
2601.7,0.1081709116821764,0.11006328997308201
2604.3,0.10767988346976051,0.11004708381721459
2607.0,0.1073925169609199,0.11003392554291964
2609.5,0.10700332007055954,0.11002905207821961
2612.2,0.10661595619879163,0.11002878582346542
2615.1,0.10615329414382992,0.11002552060846742
2621.9,0.10512434170199447,0.11002552060846742
2629.6,0.10331014227442382,0.11002552060846742
2637.7,0.10170278304715935,0.11002528501292991
2640.2,0.10120517510231683,0.11002424570427298
2643.0,0.10159884750277362,0.11002239687656393
2645.5,0.10187292575726428,0.11002180704942136
2648.2,0.10213603206681732,0.1100110021221232
2650.9,0.10240687344434259,0.11001024250963116
2653.5,0.10271229498908684,0.10999705809842159
2656.1,0.10297127279462244,0.10999565463509417
2658.7,0.1032852004325041,0.10999545318878888
2661.3,0.10356719672907228,0.10999112883329493
2663.8,0.10379737067812812,0.10996390645497472
2666.4,0.10413151344907375,0.10995445504809592
2668.9,0.10437787969210988,0.10994019476934133
2671.7,0.10467159870859447,0.10991874415891961
2674.3,0.10496708933157184,0.10986290488383393
2677.0,0.10524195771068152,0.10975758105182809
2679.4,0.10551537101370416,0.10974015986579276
2682.2,0.10586631144666454,0.10969581074330878
2684.7,0.10607188287051912,0.10960452460904847
2687.5,0.10634360022400488,0.1095134264876531
2690.0,0.10655858444337725,0.10940605616252845
2692.9,0.10688499386637998,0.1093837105371241
2699.5,0.10757164730847497,0.10928177875853867
2707.0,0.10868581696311252,0.10916043396916396
2715.2,0.10969581074330878,0.10899046669700213
2717.7,0.11008554534606466,0.10893012520284387
2720.1,0.11009876270782457,0.10889326147133872
2722.9,0.11002878582346542,0.10887038110242332
2725.3,0.11008325684036964,0.10872609478412008
2728.0,0.10999112883329493,0.10868581696311252
2730.4,0.11007020390644667,0.10860885036611856
2733.0,0.11002424570427298,0.10858427597844544
2735.5,0.11002905207821961,0.10847957127732182
2738.0,0.11004708381721459,0.10844284343520809
2740.7,0.11002528501292991,0.10826812068814042
2743.3,0.11003392554291964,0.10822847019799536
2746.0,0.11002552060846742,0.1081709116821764
2748.6,0.11006328997308201,0.10816890668820253
2751.3,0.11002180704942136,0.10814013399904553
2753.7,0.10999705809842159,0.10809961694753457
2756.2,0.10996390645497472,0.10806039712452346
2758.9,0.10994019476934133,0.10805228579584708
2761.3,0.10995445504809592,0.10802838573032031
2764.0,0.10991874415891961,0.10797313571146075
2766.5,0.11002239687656393,0.10797313571146075
2769.2,0.11001024250963116,0.10797313571146075
2776.0,0.10999545318878888,0.10797313571146075
2783.5,0.10999565463509417,0.10797313571146075
2791.9,0.11022480098231217,0.10797313571146075
2794.3,0.11014794629416673,0.10797313571146075
2797.0,0.1100110021221232,0.10797313571146075
2799.6,0.10974015986579276,0.10797313571146075
2802.2,0.10975758105182809,0.10797313571146075
2804.9,0.10960452460904847,0.10797313571146075
2807.5,0.1095134264876531,0.10797313571146075
2810.1,0.10940605616252845,0.10797313571146075
2813.0,0.10928177875853867,0.10797313571146075
2815.4,0.10916043396916396,0.10797313571146075
2817.9,0.10899046669700213,0.10797313571146075
2820.6,0.10889326147133872,0.10797313571146075
2823.0,0.10887038110242332,0.10797313571146075
2825.7,0.10872609478412008,0.10797313571146075
2828.3,0.10860885036611856,0.10797313571146075
2830.8,0.10847957127732182,0.10797313571146075
2833.2,0.10844284343520809,0.10797313571146075
2835.9,0.10826812068814042,0.10797313571146075
2838.7,0.10822847019799536,0.10797313571146075
2841.2,0.10805228579584708,0.10797313571146075
2843.9,0.10789542341237086,0.10797313571146075
2846.6,0.10776224765898383,0.10797313571146075
2853.2,0.10744473211248119,0.10797313571146075
2861.2,0.10809961694753457,0.10797313571146075
2869.4,0.10816890668820253,0.10797313571146075
2871.9,0.10814013399904553,0.10797313571146075
2874.3,0.10802838573032031,0.10796248854490394
2877.0,0.10797313571146075,0.10793665239699698
2879.4,0.10796248854490394,0.10789542341237086
2882.2,0.10806039712452346,0.1078775555460478
2884.7,0.10793665239699698,0.10783986090008801
2887.5,0.10781505584730178,0.10782828703598142
2890.0,0.1078775555460478,0.10781523393488564
2892.5,0.10781523393488564,0.10781505584730178
2895.0,0.10782828703598142,0.10777918517027688
2897.5,0.10783986090008801,0.10776224765898383
2900.2,0.10772296920451664,0.10772296920451664
2902.8,0.10771965765265866,0.10771965765265866
2905.4,0.10766881617248002,0.10766881617248002
2907.9,0.10765568707929822,0.10765568707929822
2910.3,0.10777918517027688,0.10764613824349337
2913.0,0.10760268701028612,0.10761795866992713
2915.5,0.10764613824349337,0.10760268701028612
2918.2,0.10761795866992713,0.10753897124920304
2920.7,0.1075297329374092,0.1075297329374092
2923.7,0.10753897124920304,0.10744473211248119
2930.3,0.10741787910598848,0.10741787910598848
2938.0,0.10642305647577027,0.10642305647577027
2946.2,0.10574221720540278,0.10587739247284163
2948.6,0.10571364763085153,0.10587305493537925
2951.0,0.10568939244633722,0.10585880991536706
2953.9,0.10562614461293093,0.10585553852600146
2956.4,0.10568304126165627,0.10583531429779848
2959.1,0.10571577394609556,0.10583294774704861
2961.5,0.10570912000039587,0.10582117424900875
2964.1,0.10573710188274267,0.10578451775090358
2966.7,0.10571425473919102,0.10577540907023297
2969.5,0.10578451775090358,0.10575546283129926
2971.9,0.10587305493537925,0.10575518857986074
2974.7,0.10582117424900875,0.10574227576093025
2977.2,0.10587739247284163,0.10574221720540278
2979.7,0.10585880991536706,0.10573710188274267
2982.3,0.10585553852600146,0.10572073336069504
2984.8,0.10575518857986074,0.10571577394609556
2987.5,0.10570898003739597,0.10571425473919102
2990.0,0.10583531429779848,0.10571364763085153
2992.9,0.10572073336069504,0.10570912000039587
2995.5,0.1056884915322324,0.10570898003739597
2998.2,0.10577540907023297,0.10570728707551137
3001.0,0.10574227576093025,0.10568939244633722
3007.9,0.10583294774704861,0.1056884915322324
3015.6,0.10575546283129926,0.10568304126165627
3023.3,0.10570728707551137,0.10562614461293093
3026.0,0.10561927277751182,0.10561927277751182
3028.5,0.10540845748431558,0.10540845748431558
3031.5,0.1050926035064145,0.1050926035064145
3034.0,0.10474388056195656,0.10474388056195656
3036.9,0.10459336371722594,0.10459336371722594
3039.3,0.10430073168054137,0.10430073168054137
3042.2,0.1040954985738618,0.1040954985738618
3044.8,0.1038419219262606,0.1038419219262606
3047.2,0.10357902492809842,0.10357902492809842
3049.7,0.10332401932826318,0.10332401932826318
3052.2,0.10306463693682037,0.10306463693682037
3054.9,0.1028115525852612,0.1028115525852612
3057.5,0.10256040198716551,0.10256040198716551
3060.2,0.10240960202868919,0.10240960202868919
3062.7,0.10220318724740046,0.10220318724740046
3065.5,0.1019181600784527,0.1019181600784527
3068.2,0.10169522967694354,0.10169522967694354
3071.0,0.10142383556028424,0.10142383556028424
3073.5,0.10112480865436162,0.10112480865436162
3076.2,0.100929397468446,0.100929397468446
3078.9,0.10067722274255413,0.10085481294654364
3085.7,0.10007796326948976,0.10078750812559625
3093.5,0.09933157584341391,0.10077653135483329
3102.0,0.09853185381711711,0.10067722274255413
3104.5,0.09829431385372947,0.10051337588142135
3107.2,0.09841834529833397,0.10037605899547579
3109.6,0.09843165748202638,0.10020803815667205
3112.0,0.09851484398806508,0.10015799483364966
3114.7,0.09857124025405327,0.10010213545883434
3117.1,0.09863886637683508,0.10007796326948976
3119.7,0.09866109390483857,0.10000662372815777
3122.5,0.09879122920476839,0.09984678613046385
3125.2,0.09882346077499107,0.09971032946905305
3127.7,0.0989261316327706,0.09961856204976079
3130.5,0.09889484517345183,0.09956658759400755
3133.0,0.09906312029345057,0.09954618291605084
3135.9,0.099051187016474,0.09948693589403661
3138.5,0.09907497649772828,0.09948693589403661
3140.9,0.09915349670936562,0.09948693589403661
3143.6,0.09923136828181164,0.09948693589403661
3146.5,0.09923158748495677,0.09948693589403661
3149.0,0.09954618291605084,0.09948693589403661
3151.7,0.09939190473869988,0.09948693589403661
3154.3,0.09943791581658708,0.09948693589403661
3157.2,0.09948693589403661,0.09943791581658708
3163.9,0.09961856204976079,0.09939369600384607
3171.3,0.10010213545883434,0.09939194616908396
3179.6,0.10078750812559625,0.09939190473869988
3182.1,0.10085481294654364,0.09933157584341391
3184.7,0.10077653135483329,0.09924600666892822
3187.3,0.10051337588142135,0.09923158748495677
3189.7,0.10037605899547579,0.09923136828181164
3192.5,0.10015799483364966,0.09919510509325496
3195.0,0.10020803815667205,0.0991592210578463
3197.6,0.10000662372815777,0.09915349670936562
3200.3,0.09984678613046385,0.09907497649772828
3203.0,0.09971032946905305,0.09906312029345057
3205.4,0.09956658759400755,0.099051187016474
3208.2,0.09939369600384607,0.09898345223566386
3210.7,0.09924600666892822,0.09893592369069247
3213.3,0.0991592210578463,0.0989261316327706
3215.9,0.09893592369069247,0.09892120765071073
3218.3,0.09883210119428203,0.09889484517345183
3220.8,0.09867141498577252,0.09883210119428203
3223.4,0.0985998246830487,0.09882346077499107
3225.9,0.09843124374055372,0.09879122920476839
3228.5,0.09823232380500908,0.09878735765034953
3231.0,0.098215445233331,0.09867141498577252
3233.6,0.09798989103134109,0.09866109390483857
3240.2,0.09759447244466139,0.09863886637683508
3248.0,0.09700130357543217,0.0985998246830487
3256.4,0.09637436054390144,0.09857124025405327
3258.8,0.09615869887033807,0.09853710191636716
3261.2,0.09645174750947966,0.09853185381711711
3263.9,0.09668825170284961,0.09851484398806508
3266.4,0.09692282787956187,0.09851484398806508
3269.2,0.09717075659598051,0.09851484398806508
3271.7,0.09738841005751644,0.09851484398806508
3274.3,0.0975081329279843,0.09843124374055372
3276.9,0.09790111552278091,0.09823232380500908
3279.5,0.09818448672666603,0.098215445233331
3282.0,0.09819954141584962,0.09819954141584962
3284.5,0.09853710191636716,0.09818448672666603
3287.0,0.09878735765034953,0.09798989103134109
3289.5,0.09898345223566386,0.09790111552278091
3292.2,0.09919510509325496,0.09761822543443983
3294.7,0.09939194616908396,0.09759447244466139
3297.5,0.09953684253955032,0.0975081329279843
3300.0,0.09986580130512895,0.09738841005751644
3302.7,0.10006859265041698,0.0972416828402507
3305.4,0.10038806572748356,0.09717075659598051
3307.9,0.1006475696312123,0.09700130357543217
3310.9,0.10029986160893001,0.09692282787956187
3317.3,0.09987414800382588,0.09668825170284961
3325.3,0.09892120765071073,0.09649386117982384
3333.2,0.09761822543443983,0.09645174750947966
3335.9,0.0972416828402507,0.09637436054390144
3338.3,0.09649386117982384,0.09615869887033807
3340.7,0.09559687501761806,0.09559687501761806
3343.4,0.09470564785978826,0.09470564785978826
3346.0,0.09357713309090378,0.09357713309090378
3348.6,0.09256716902833105,0.09256716902833105
3351.2,0.09153596817864501,0.09153596817864501
3354.0,0.09043722100636402,0.09043722100636402
3356.4,0.08954580332919806,0.08954580332919806
3358.9,0.08849241226118675,0.08849241226118675
3361.7,0.08733559388119093,0.08733559388119093
3364.1,0.08645681911395722,0.08645681911395722
3366.9,0.08523757247443252,0.08523757247443252
3369.5,0.08416998502690184,0.08416998502690184
3372.2,0.08297532445933094,0.08297532445933094
3374.7,0.08194126963368184,0.08194126963368184
3377.5,0.08054456394009459,0.08054456394009459
3379.9,0.07958525837597419,0.07958525837597419
3382.7,0.07837087780846697,0.07837087780846697
3385.2,0.0771465605693179,0.07825983684788372
3388.1,0.07650407760391827,0.07825983684788372
3394.8,0.07478940512769838,0.07825983684788372
3402.6,0.07383184207784867,0.07825983684788372
3410.5,0.07244541025919107,0.07825983684788372
3413.1,0.07202412910026706,0.07825983684788372
3415.7,0.07218695202875093,0.07825983684788372
3418.1,0.07231301536434122,0.07825983684788372
3420.9,0.07245320247070831,0.07825983684788372
3423.5,0.07255590666329174,0.07825983684788372
3426.1,0.07276806709035463,0.07825983684788372
3428.7,0.07276215283956833,0.07825983684788372
3431.5,0.07290411628627169,0.07825983684788372
3433.9,0.07295208273707127,0.07825983684788372
3436.3,0.07312201083273971,0.07825983684788372
3438.9,0.07313373018593763,0.07825983684788372
3441.3,0.07333296863936566,0.07825983684788372
3444.2,0.07346765433809814,0.07825983684788372
3446.8,0.07356937894398351,0.07825983684788372
3449.5,0.07371360744295455,0.07825983684788372
3452.0,0.07388578340973437,0.07825983684788372
3454.9,0.07395244012648045,0.07825983684788372
3457.4,0.07410484649847218,0.07825983684788372
3460.1,0.07421914954325859,0.07825983684788372
3462.7,0.07435802486373559,0.07825983684788372
3465.5,0.07452354768563256,0.07825983684788372
3472.1,0.07473176645334953,0.07825983684788372
3479.6,0.07381177484368652,0.07825983684788372
3487.9,0.07373143876627151,0.07825983684788372
3490.4,0.0737679091704808,0.07825983684788372
3493.3,0.07408021444058065,0.07825983684788372
3495.8,0.07437391818151565,0.07825983684788372
3498.5,0.07451225687187193,0.07825983684788372
3501.0,0.07457130721063061,0.07825983684788372
3503.7,0.07485524860954218,0.07825983684788372
3506.3,0.0752109665078893,0.07825983684788372
3509.0,0.07544814550596964,0.07825983684788372
3511.5,0.07573615412192958,0.07825983684788372
3513.9,0.07590545382111188,0.07825983684788372
3516.7,0.0761204136018284,0.07825983684788372
3519.2,0.07633595965899916,0.0778615662327788
3521.9,0.0764851948633582,0.0777916824896164
3524.5,0.07677547937999843,0.07753172428217665
3526.9,0.07696618267343189,0.07742810633349906
3529.5,0.07689286066936393,0.07724745924224177
3532.1,0.07687827593301046,0.07715649255707477
3534.7,0.07724745924224177,0.0771465605693179
3537.2,0.07742810633349906,0.07696618267343189
3539.9,0.07753172428217665,0.07689286066936393
3542.6,0.0777916824896164,0.07687827593301046
3549.1,0.07825983684788372,0.07677547937999843
3556.9,0.07981954707462428,0.07650407760391827
3565.0,0.08030595897072423,0.0764851948633582
3567.6,0.08043044740284251,0.0764851948633582
3570.2,0.08076260939661467,0.0764851948633582
3573.0,0.08093413230553567,0.0764851948633582
3575.4,0.0810686255484221,0.0764851948633582
3578.2,0.0814784869133361,0.0764851948633582
3580.7,0.08170394753507823,0.0764851948633582
3583.5,0.08186880046451121,0.0764851948633582
3586.1,0.08188460491399713,0.0764851948633582
3588.7,0.08197973961952461,0.0764851948633582
3591.4,0.08252938768098327,0.0764851948633582
3594.2,0.08253439791044287,0.0764851948633582
3596.7,0.08295652082316868,0.0764851948633582
3599.5,0.08303063368683246,0.0764851948633582
3602.0,0.08334666412999783,0.0764851948633582
3604.5,0.08349539548542778,0.0764851948633582
3607.1,0.08387440538758084,0.0764851948633582
3609.7,0.08436667576862868,0.0764851948633582
3612.4,0.08441543430115084,0.0764851948633582
3615.0,0.0844773064919013,0.0764851948633582
3617.7,0.08461849837692391,0.0764851948633582
3620.5,0.08500532386529669,0.0764851948633582
3627.2,0.08541477131263481,0.0764851948633582
3634.9,0.08591689393469829,0.0764851948633582
3642.8,0.08620511963399609,0.0764851948633582
3645.4,0.0868168750271562,0.0764851948633582
3647.9,0.08627766488455503,0.0764851948633582
3650.7,0.08572844084555217,0.0764851948633582
3653.2,0.08505716961775917,0.0764851948633582
3656.0,0.08432479961890368,0.0764851948633582
3658.5,0.0835971223232883,0.0764851948633582
3661.4,0.08297541266252505,0.0764851948633582
3664.0,0.08245390759523237,0.0764851948633582
3666.4,0.08202839834826525,0.0764851948633582
3669.1,0.08103940943038718,0.0764851948633582
3671.7,0.08026271058285141,0.0764851948633582
3674.4,0.07947665400894283,0.0764851948633582
3677.0,0.07903737701043223,0.0764851948633582
3679.7,0.0778615662327788,0.0764851948633582
3682.2,0.07715649255707477,0.0764851948633582
3684.7,0.07638032185462679,0.07638032185462679
3687.3,0.07550408730800175,0.07550408730800175
3689.9,0.0746140706840671,0.0746140706840671
3692.7,0.07397951826067303,0.07397951826067303
3695.1,0.07323307160353028,0.07323307160353028
3697.9,0.07227706692972877,0.07227706692972877
3704.6,0.0700233642868591,0.0700233642868591
3712.9,0.06703078579315584,0.06930261189320505
3721.2,0.06375504276929886,0.06903405562006819
3723.7,0.0625689965414939,0.06896663612037544
3726.5,0.06288917491086564,0.06886552153940778
3729.0,0.06320280436484177,0.06863011720470333
3731.7,0.0632721248951467,0.0683443936026129
3734.3,0.06361911898010013,0.06785322007368802
3736.7,0.06387787590851793,0.06783041189177963
3739.3,0.06407787357001433,0.06781601347451402
3741.9,0.06426388393636284,0.06741448405676946
3744.5,0.06452475511536572,0.06733523913860039
3747.0,0.06475915246625302,0.06720719558536138
3749.7,0.06490965767961653,0.06703078579315584
3752.2,0.06509037276906426,0.0668831169936413
3755.0,0.06519540532596971,0.06685959603716843
3757.5,0.06548037780930091,0.06665433440991272
3760.0,0.06576160389857263,0.06658603670547653
3762.6,0.06603581163715504,0.06646346792654097
3765.2,0.06614716068570203,0.0662282102248034
3767.9,0.06646346792654097,0.06614716068570203
3770.5,0.06665433440991272,0.06612476615585215
3773.2,0.06685959603716843,0.06603581163715504
3775.8,0.06733523913860039,0.06576160389857263
3782.3,0.06785322007368802,0.06563520065918363
3790.2,0.06863011720470333,0.06548037780930091
3798.1,0.06886552153940778,0.06540866982597283
3800.8,0.06930261189320505,0.06519540532596971
3803.3,0.06903405562006819,0.06509037276906426
3806.0,0.06896663612037544,0.06493977316836098
3808.5,0.0683443936026129,0.06490965767961653
3811.4,0.06781601347451402,0.06481520586902036
3813.9,0.06783041189177963,0.06475915246625302
3816.7,0.06741448405676946,0.06452475511536572
3819.3,0.06720719558536138,0.06446079790423381
3822.0,0.0668831169936413,0.06431598684192737
3824.5,0.06658603670547653,0.06426388393636284
3827.4,0.0662282102248034,0.06407787357001433
3829.9,0.06612476615585215,0.0639192972248387
3832.7,0.06563520065918363,0.06387787590851793
3835.3,0.06540866982597283,0.06379348703798024
3838.0,0.06493977316836098,0.06375504276929886
3840.4,0.06481520586902036,0.06361911898010013
3843.0,0.06446079790423381,0.06330527180512038
3845.7,0.06431598684192737,0.0632721248951467
3848.3,0.0639192972248387,0.06320280436484177
3850.9,0.06379348703798024,0.06288917491086564
3853.6,0.06330527180512038,0.0626125253669058
3860.0,0.0626125253669058,0.0625689965414939
3867.8,0.06076465476583541,0.06076465476583541
3875.6,0.06025504216159962,0.0602571791070375
3878.1,0.060212607633752,0.06025504216159962
3880.7,0.060175655792922306,0.060212607633752
3883.2,0.060104187730231226,0.060175655792922306
3885.6,0.05992021968169557,0.060104187730231226
3888.2,0.059934547322527225,0.060016408169719385
3890.7,0.05992134154193735,0.059950801523779365
3893.5,0.05972429264345958,0.059950785508760304
3896.1,0.05977917394138945,0.059934547322527225
3898.7,0.059691327982783496,0.05992826426742039
3901.2,0.059783368303753366,0.05992269399952887
3903.7,0.0596566843502213,0.05992134154193735
3906.3,0.05962460101705467,0.05992021968169557
3908.9,0.059836184801808925,0.059836184801808925
3911.7,0.059573889943800855,0.05981723673566372
3914.1,0.05961457137801727,0.05980824778070151
3916.8,0.059543782543204776,0.059783368303753366
3919.3,0.059450959113767084,0.05977917394138945
3922.2,0.059442974710210164,0.05972429264345958
3924.9,0.05933009602166157,0.059691327982783496
3927.7,0.059276074128084694,0.059691327982783496
3930.3,0.0592624456671545,0.059691327982783496
3936.8,0.05892336519499838,0.059691327982783496
3944.9,0.05981723673566372,0.059691327982783496
3952.6,0.0602571791070375,0.059691327982783496
3955.3,0.059950801523779365,0.059691327982783496
3957.8,0.060016408169719385,0.059691327982783496
3960.5,0.059950785508760304,0.059691327982783496
3963.0,0.05992826426742039,0.059691327982783496
3965.7,0.05992269399952887,0.059691327982783496
3968.2,0.05980824778070151,0.059691327982783496
3970.8,0.059683014524640504,0.059691327982783496
3973.3,0.05963236178583609,0.059691327982783496
3975.8,0.05947684022902414,0.059691327982783496
3978.5,0.05963463786533201,0.059691327982783496
3981.1,0.05931275159872827,0.059691327982783496
3983.9,0.05919199863537749,0.059691327982783496
3986.5,0.0590950558164442,0.059691327982783496
3989.0,0.05901054305776436,0.059691327982783496
3991.5,0.05895713332580473,0.059691327982783496
3994.0,0.058820015479191114,0.059691327982783496
3996.7,0.05877065585131904,0.059691327982783496
3999.1,0.05870154134211098,0.059691327982783496
4001.7,0.058567965262760285,0.059691327982783496
4004.2,0.058547841171609494,0.059691327982783496
4006.8,0.058655483054404156,0.059691327982783496
4014.6,0.05839118762787636,0.059691327982783496
4022.3,0.057667999784182175,0.059691327982783496
4030.1,0.05677849270193808,0.059691327982783496
4032.8,0.05650990426226667,0.059691327982783496
4035.2,0.05654704095156628,0.059691327982783496
4037.7,0.05681538106820837,0.059691327982783496
4040.2,0.05698684305830671,0.059691327982783496
4042.7,0.05702577610996904,0.059683014524640504
4045.4,0.05725688971272993,0.0596566843502213
4048.0,0.05742870068592978,0.05963463786533201
4050.5,0.057673398446595234,0.05963236178583609
4053.0,0.05765497387637517,0.05962999379808765
4055.5,0.057930240237496385,0.05962460101705467
4058.2,0.05811847624424538,0.05961457137801727
4060.7,0.05824502227091392,0.059573889943800855
4063.3,0.05844988592781057,0.059543782543204776
4065.9,0.05860585069214082,0.05953960092422902
4068.3,0.05872853612944224,0.05947684022902414
4070.9,0.05884770386814527,0.059450959113767084
4073.5,0.059059140504915765,0.059442974710210164
4075.9,0.05912057170175549,0.05943995906879907
4078.7,0.05934933563742896,0.05934933563742896
4081.5,0.05943995906879907,0.05933009602166157
4084.0,0.05953960092422902,0.05931275159872827
4091.5,0.05992414809449375,0.059276074128084694
4099.5,0.06006440434117931,0.0592624456671545
4107.3,0.06046473745546419,0.05919199863537749
4109.8,0.060588815672453875,0.05919199863537749
4112.400000000001,0.06081904287741908,0.05912057170175549
4114.900000000001,0.060759270006134236,0.0590950558164442
4117.700000000001,0.06120338030405281,0.059059140504915765
4120.200000000001,0.06130960439643992,0.05901054305776436
4123.0,0.061456021432742966,0.05895713332580473
4125.6,0.06166009214397022,0.05884770386814527
4128.200000000001,0.06178911120247866,0.058820015479191114
4130.700000000001,0.061971981973829846,0.05879851526567156
4133.1,0.062199365327034364,0.05877065585131904
4135.700000000001,0.062470834448862346,0.05872853612944224
4138.3,0.06236701597142014,0.05870154134211098
4141.0,0.06265040834891132,0.058655483054404156
4143.5,0.06278457807140266,0.05860585069214082
4146.200000000001,0.06295517672260499,0.058567965262760285
4148.700000000001,0.06324400977238108,0.058547841171609494
4151.200000000001,0.06350295426650993,0.05844988592781057
4153.900000000001,0.0635511964499935,0.05839118762787636
4156.400000000001,0.06385374666683451,0.05824502227091392
4159.200000000001,0.06393674128230312,0.05811847624424538
4161.700000000001,0.06393010850915036,0.057930240237496385
4169.700000000001,0.06430606856206406,0.05788676974335795
4177.3,0.06494004011482633,0.057673398446595234
4185.900000000001,0.06484368253466324,0.057667999784182175
4188.3,0.06453788653680842,0.05765497387637517
4191.1,0.0636400887935991,0.05742870068592978
4193.6,0.06305627141850942,0.05742870068592978
4196.1,0.062146586130108594,0.05742870068592978
4198.700000000001,0.061355954009559545,0.05742870068592978
4201.200000000001,0.06029060274451633,0.05742870068592978
4203.700000000001,0.05962999379808765,0.05742870068592978
4206.5,0.05879851526567156,0.05742870068592978
4209.200000000001,0.05788676974335795,0.05742870068592978
4211.700000000001,0.05717156796831491,0.05717156796831491
4214.5,0.05570343086228899,0.05570343086228899
4216.900000000001,0.054887964617881424,0.054887964617881424
4219.8,0.05376670306827851,0.05376670306827851
4222.3,0.05293113981098806,0.05293113981098806
4224.8,0.05169434063670781,0.05169434063670781
4227.400000000001,0.05101809954356283,0.05101809954356283
4230.0,0.05004686672928889,0.05004686672928889
4232.700000000001,0.048969514323194165,0.048969514323194165
4235.3,0.047814860254193986,0.047814860254193986
4237.900000000001,0.04679936921980475,0.047196421874850306
4240.5,0.04565197331898184,0.047196421874850306
4248.200000000001,0.04233233176811546,0.047196421874850306
4256.5,0.03879483984553895,0.047196421874850306
4264.700000000001,0.03594647135805319,0.047196421874850306
4267.200000000001,0.03510519655855444,0.047196421874850306
4269.6,0.03478275346311252,0.047196421874850306
4272.200000000001,0.03461507188428224,0.047196421874850306
4274.6,0.03433808978290828,0.047196421874850306
4277.400000000001,0.034030234273531815,0.047196421874850306
4279.900000000001,0.033880961033098886,0.047196421874850306
4282.700000000001,0.03363109578850474,0.047196421874850306
4285.3,0.033354409426216446,0.047196421874850306
4287.700000000001,0.033109019672238435,0.047196421874850306
4290.3,0.03279201970417158,0.047196421874850306
4292.900000000001,0.03254019975076811,0.047196421874850306
4295.6,0.0325424251505293,0.047196421874850306
4298.200000000001,0.03213481013232364,0.047196421874850306
4300.8,0.0320083676149439,0.047196421874850306
4303.200000000001,0.03175637140296183,0.047196421874850306
4305.700000000001,0.0315283134484562,0.047196421874850306
4308.3,0.03130931316922569,0.047196421874850306
4310.8,0.031137533659949358,0.047196421874850306
4313.6,0.030759617589822603,0.047196421874850306
4316.1,0.03045863565981956,0.047196421874850306
4319.0,0.03040272655308732,0.047196421874850306
4326.6,0.029575405284000243,0.047196421874850306
4334.3,0.029232278089334457,0.047196421874850306
4342.400000000001,0.028478761766725876,0.047196421874850306
4344.900000000001,0.02806695969674057,0.047196421874850306
4347.3,0.02919320694475119,0.047196421874850306
4349.900000000001,0.030408826372969988,0.047196421874850306
4352.3,0.03135497525546635,0.047196421874850306
4355.1,0.032537938163696316,0.047196421874850306
4357.6,0.03348695221575504,0.047196421874850306
4360.200000000001,0.03433411955828855,0.047196421874850306
4362.700000000001,0.035238858704795886,0.047196421874850306
4365.200000000001,0.03599000533261708,0.047196421874850306
4367.6,0.03687311483225606,0.047196421874850306
4370.200000000001,0.03778034918170765,0.047196421874850306
4372.700000000001,0.03847244194584174,0.047196421874850306
4375.400000000001,0.03940998380978631,0.047196421874850306
4378.0,0.04013430340047995,0.047196421874850306
4380.6,0.040892992391566775,0.04698034695898281
4383.1,0.04159752754103346,0.046959289540914266
4386.0,0.04242966658146888,0.04679936921980475
4388.5,0.04309772605998495,0.04632439384931663
4391.3,0.043784474368880826,0.046181067265333345
4393.700000000001,0.04447971890204539,0.04610271320536364
4396.3,0.04523582726674504,0.04565197331898184
4404.0,0.047196421874850306,0.04523582726674504
4411.700000000001,0.04846654051839918,0.04511407386553289
4419.900000000001,0.049992065535972706,0.04447971890204539
4422.400000000001,0.050303977152354594,0.04447971890204539
4424.900000000001,0.0503869350555328,0.04447971890204539
4427.400000000001,0.04998034306626273,0.04447971890204539
4429.900000000001,0.05020439479655976,0.04447971890204539
4432.700000000001,0.0502016504740003,0.04447971890204539
4435.200000000001,0.05014274119670102,0.04447971890204539
4437.700000000001,0.050266478165471924,0.04447971890204539
4440.3,0.050304913443262884,0.04447971890204539
4442.8,0.050353209539108046,0.04447971890204539
4445.400000000001,0.0503013103191242,0.04447971890204539
4448.1,0.05036172485839475,0.04447971890204539
4450.900000000001,0.05027854154861933,0.04447971890204539
4453.5,0.05019525336829649,0.04447971890204539
4456.3,0.04999238320560175,0.04447971890204539
4458.700000000001,0.050220176841488384,0.04447971890204539
4461.200000000001,0.05039493184943612,0.04447971890204539
4464.0,0.05016052437473658,0.04447971890204539
4466.400000000001,0.05022773173118624,0.04447971890204539
4469.0,0.05023641441919203,0.04447971890204539
4471.5,0.050429489413684525,0.04447971890204539
4474.3,0.050099691165166604,0.04447971890204539
4481.900000000001,0.049592487081959645,0.04447971890204539
4490.0,0.050184151097925137,0.04447971890204539
4497.900000000001,0.050742840750338844,0.04447971890204539
4500.700000000001,0.05093053694455012,0.04447971890204539
4503.200000000001,0.05082225459806695,0.04447971890204539
4505.6,0.05049523089109983,0.04447971890204539
4508.3,0.050294258000325866,0.04447971890204539
4510.900000000001,0.049938174162841846,0.04447971890204539
4513.700000000001,0.049986610462631226,0.04447971890204539
4516.200000000001,0.04960127141217711,0.04447971890204539
4519.0,0.049308965788214185,0.04447971890204539
4521.400000000001,0.048935152568900235,0.04447971890204539
4523.900000000001,0.04879211658895532,0.04447971890204539
4526.700000000001,0.04854140061236288,0.04447971890204539
4529.200000000001,0.04834340971291611,0.04447971890204539
4531.900000000001,0.0479677949504207,0.04447971890204539
4534.6,0.047835645735171094,0.04447971890204539
4537.1,0.04756727023682797,0.04447971890204539
4539.5,0.047241484428145186,0.04447971890204539
4542.200000000001,0.04698034695898281,0.04447971890204539
4544.700000000001,0.046959289540914266,0.04447971890204539
4547.200000000001,0.04632439384931663,0.04447971890204539
4549.8,0.04610271320536364,0.04447971890204539
4552.3,0.046181067265333345,0.04447971890204539
4560.200000000001,0.04511407386553289,0.04447971890204539
4568.0,0.04428288720778698,0.04428288720778698
4576.200000000001,0.04278665443060609,0.04278665443060609
4578.8,0.04229747927324133,0.042316457587046837
4581.3,0.042316457587046837,0.04229747927324133
4583.8,0.04227230016504779,0.042275890311755555
4586.200000000001,0.04223117871851937,0.04227230016504779
4589.0,0.042275890311755555,0.04223117871851937
4591.5,0.04221288190812219,0.04221288190812219
4594.200000000001,0.04210855018802691,0.04213461873845824
4596.900000000001,0.04213461873845824,0.04210855018802691
4599.3,0.04208639896657597,0.04208639896657597
4602.0,0.04199647249568713,0.04199647249568713
4604.5,0.04182403329338166,0.04185714663427613
4607.200000000001,0.04183176770188192,0.04183176770188192
4609.700000000001,0.04168439572627174,0.04182403329338166
4612.3,0.04185714663427613,0.041724229055048294
4614.700000000001,0.041724229055048294,0.041715785568405224
4617.200000000001,0.041715785568405224,0.04168439572627174
4619.900000000001,0.041624472104554125,0.04163914963572016
4622.3,0.04158150972103011,0.041624472104554125
4625.0,0.04163914963572016,0.04158150972103011
4627.5,0.041452236670810966,0.041452236670810966
4630.0,0.04126741907958825,0.04141145542097526
4637.900000000001,0.04114898235531452,0.041365392092977724
4645.5,0.041330408455051065,0.041330408455051065
4653.900000000001,0.04141145542097526,0.04126741907958825
4656.3,0.041365392092977724,0.04114898235531452
4659.0,0.04076369829263451,0.041017642367949
4661.400000000001,0.041017642367949,0.040860092276877945
4663.900000000001,0.040860092276877945,0.04076369829263451
4666.6,0.040625686279145624,0.040659084605024896
4669.0,0.040659084605024896,0.040625686279145624
4671.700000000001,0.04029593068538584,0.04029593068538584
4674.3,0.0400733369570587,0.0400733369570587
4676.700000000001,0.04001862598538692,0.04001862598538692
4679.3,0.03981696590365448,0.03981696590365448
4681.900000000001,0.03973568837204736,0.03973568837204736
4684.700000000001,0.039509438683473605,0.03956492858151795
4687.200000000001,0.03956492858151795,0.039509438683473605
4689.900000000001,0.0393096065271536,0.0393096065271536
4692.3,0.03930326739545378,0.03930326739545378
4694.8,0.03910600850796335,0.03910600850796335
4697.400000000001,0.03894667121059277,0.03894667121059277
4699.900000000001,0.03866565874222585,0.03881947059374088
4702.400000000001,0.03863811780280076,0.03881947059374088
4705.0,0.038407643304180804,0.03881947059374088
4707.900000000001,0.03821932319513101,0.03881947059374088
4715.6,0.03795683742351455,0.03881947059374088
4723.3,0.03715901564111235,0.03881947059374088
4731.400000000001,0.03734313010037376,0.03881947059374088
4733.900000000001,0.037471582866614006,0.03881947059374088
4736.5,0.03757069496575704,0.03881947059374088
4739.0,0.03741974487942277,0.03871520677107562
4741.8,0.03735642915417414,0.03866565874222585
4744.3,0.037338029005333305,0.03863811780280076
4746.8,0.037127503685742295,0.03860748706936278
4749.400000000001,0.037320808503307226,0.03858597224359232
4752.0,0.03718966769004191,0.03852360628419298
4754.400000000001,0.03741037532867787,0.038407643304180804
4757.1,0.03704957590080167,0.03836732471131009
4760.0,0.036954274670643446,0.038307761172579544
4762.5,0.037089239849828634,0.03821932319513101
4765.200000000001,0.036848940537100285,0.03805010197936429
4767.900000000001,0.03679696375891569,0.03795683742351455
4770.5,0.03675732615732947,0.03788491835473858
4773.0,0.03648013614874792,0.037769355314131156
4775.5,0.036477074449318005,0.03757069496575704
4778.1,0.03647250919392553,0.03756096161362273
4780.700000000001,0.03643302702205056,0.03751040140464241
4783.3,0.03628742662563502,0.037471582866614006
4785.900000000001,0.03641659440996411,0.03741974487942277
4793.900000000001,0.03623024546160453,0.03741037532867787
4801.700000000001,0.035986657128917486,0.03735642915417414
4809.900000000001,0.0353239137563314,0.03734313010037376
4812.400000000001,0.03513836597749506,0.037338029005333305
4814.8,0.0351996879072101,0.037320808503307226
4817.200000000001,0.035584293689444685,0.03725465238858008
4819.700000000001,0.035749241191088306,0.03718966769004191
4822.5,0.03599327450387786,0.0371814043580919
4824.900000000001,0.03622053825391488,0.03715901564111235
4827.700000000001,0.036475689634169306,0.037127503685742295
4830.3,0.03662115275491026,0.03710487607234251
4833.0,0.03686638071616493,0.037089239849828634
4835.5,0.03702745743909813,0.03704957590080167
4838.0,0.0371814043580919,0.03702745743909813
4840.700000000001,0.03725465238858008,0.036954274670643446
4843.200000000001,0.03751040140464241,0.03686638071616493
4845.900000000001,0.037769355314131156,0.036848940537100285
4848.400000000001,0.03805010197936429,0.03679696375891569
4850.900000000001,0.03836732471131009,0.03678208097168459
4853.5,0.03852360628419298,0.03675732615732947
4855.900000000001,0.03860748706936278,0.03662115275491026
4858.700000000001,0.03881947059374088,0.03648013614874792
4861.200000000001,0.03871520677107562,0.036477074449318005
4864.1,0.03907357428277278,0.036475689634169306
4871.8,0.039675047579113415,0.03647250919392553
4879.5,0.040289688692711295,0.03643302702205056
4887.6,0.039976697329551655,0.03641659440996411
4890.1,0.04005414248899514,0.036346463683042826
4892.900000000001,0.03957390893754426,0.03628742662563502
4895.3,0.03951929390855872,0.03623024546160453
4897.700000000001,0.038857576928200785,0.03622053825391488
4900.3,0.03858597224359232,0.03604351378004274
4902.900000000001,0.038307761172579544,0.03599327450387786
4905.8,0.03788491835473858,0.035986657128917486
4908.3,0.03756096161362273,0.035749241191088306
4910.900000000001,0.03710487607234251,0.035584293689444685
4913.400000000001,0.03678208097168459,0.035575480537807146
4916.200000000001,0.036346463683042826,0.0353903130895863
4918.700000000001,0.03604351378004274,0.0353239137563314
4921.200000000001,0.035575480537807146,0.0351996879072101
4923.900000000001,0.0353903130895863,0.03513836597749506
4926.3,0.03493060966849142,0.03493060966849142
4929.0,0.03465612598789184,0.03465612598789184
4931.6,0.033954875309087265,0.033954875309087265
4934.400000000001,0.03359617240304829,0.03359617240304829
4937.0,0.03300436317985833,0.03300436317985833
4939.700000000001,0.032596422073611936,0.032596422073611936
4942.3,0.03211529544546259,0.03211529544546259
4950.0,0.03070630100961647,0.03070630100961647
4957.700000000001,0.02877915776024512,0.029285728767787393
4965.5,0.028170191058592104,0.029115544744809364
4968.200000000001,0.028066926667552113,0.029009785995976537
4970.700000000001,0.027808831801872342,0.02877915776024512
4973.200000000001,0.027718410552209322,0.02877423420613287
4975.900000000001,0.027704338860237692,0.02865493405567881
4978.5,0.027497175143369124,0.028610268442907597
4981.200000000001,0.027422838556944024,0.028547092916209417
4983.8,0.027371742456717554,0.02839498352469147
4986.5,0.027135120198873576,0.028334237700737296
4988.900000000001,0.02712394947190497,0.02827489453199136
4991.3,0.027142496553582713,0.02821429594203635
4994.0,0.02700494651120045,0.028208622627545935
4996.400000000001,0.02686584146021775,0.028170191058592104
4999.200000000001,0.0267591644306014,0.028088727741043148
5001.8,0.02672397026388251,0.02808104986097654
5004.3,0.026553803838970647,0.028066926667552113
5006.900000000001,0.026459172992475355,0.027987494103255493
5009.5,0.02662240084527263,0.02792759398613503
5012.200000000001,0.02657246432172224,0.027904812147268095
5014.8,0.026522919646291044,0.027885073374708608
5017.5,0.026523000652254915,0.027874210261719743
5020.1,0.026395266681313652,0.02783117139763525
5027.900000000001,0.026490545057824635,0.027808831801872342
5035.900000000001,0.026944746972025486,0.027776747772257953
5044.200000000001,0.02674776283990607,0.027718410552209322
5046.700000000001,0.0269088149019602,0.027704338860237692
5049.200000000001,0.026843082710950344,0.027700835886328917
5051.700000000001,0.027042958503048484,0.027687669357102106
5054.200000000001,0.027003506158790797,0.02768297322875423
5056.900000000001,0.027298185404535862,0.027597075008221162
5059.400000000001,0.02741113930448519,0.02759342859748966
5062.200000000001,0.02726548324826467,0.027508229660455148
5064.8,0.027383845845825556,0.027497175143369124
5067.5,0.027597075008221162,0.027438736127798142
5070.0,0.027508229660455148,0.02743783053026825
5072.900000000001,0.02759342859748966,0.027422838556944024
5075.400000000001,0.027687669357102106,0.02741113930448519
5078.1,0.027776747772257953,0.027383845845825556
5080.700000000001,0.02768297322875423,0.027371742456717554
5083.5,0.027904812147268095,0.027298185404535862
5085.900000000001,0.02792759398613503,0.02726548324826467
5088.700000000001,0.027874210261719743,0.027187208516634073
5091.3,0.02808104986097654,0.027142496553582713
5093.900000000001,0.02821429594203635,0.027135120198873576
5096.5,0.028334237700737296,0.02712394947190497
5099.1,0.02839498352469147,0.027059267585233228
5107.0,0.02865493405567881,0.027042958503048484
5114.700000000001,0.029285728767787393,0.02700494651120045
5122.6,0.029115544744809364,0.027003506158790797
5125.0,0.029009785995976537,0.026944746972025486
5127.5,0.028610268442907597,0.0269088149019602
5129.900000000001,0.02877423420613287,0.02686584146021775
5132.400000000001,0.028547092916209417,0.026843082710950344
5135.0,0.02827489453199136,0.026815876827661084
5137.700000000001,0.028208622627545935,0.0267591644306014
5140.3,0.028088727741043148,0.02674776283990607
5143.0,0.027987494103255493,0.02672397026388251
5145.5,0.027885073374708608,0.02670826025262788
5148.0,0.02783117139763525,0.02662240084527263
5150.6,0.02743783053026825,0.02657246432172224
5153.0,0.027700835886328917,0.026553803838970647
5155.8,0.027438736127798142,0.026543025075267724
5158.3,0.027187208516634073,0.026523000652254915
5160.8,0.027059267585233228,0.026522919646291044
5163.400000000001,0.02670826025262788,0.026490545057824635
5166.0,0.026815876827661084,0.026459172992475355
5168.700000000001,0.02645816920056195,0.02645816920056195
5171.3,0.026543025075267724,0.026395266681313652
5174.0,0.026301499273633944,0.026301499273633944
5176.5,0.02620636447843589,0.02620636447843589
5184.3,0.025933337076995366,0.025933337076995366
5192.200000000001,0.02503781236734668,0.02503781236734668
5199.900000000001,0.024806706420427645,0.024806706420427645
5202.700000000001,0.024523168538567727,0.024523168538567727
5205.200000000001,0.024025185573541965,0.024025185573541965
5207.6,0.023496435798952192,0.023496435798952192
5210.400000000001,0.022717517058517663,0.022717517058517663
5213.0,0.021932989900878847,0.021932989900878847
5215.6,0.02137419360578568,0.02137419360578568
5218.200000000001,0.020782893922058995,0.020782893922058995
5221.0,0.0201383106035763,0.020179020170384428
5223.400000000001,0.01930131605477933,0.020179020170384428
5225.900000000001,0.01884824304873422,0.02017853908898853
5228.6,0.018177960702283155,0.02017853908898853
5231.0,0.017550667272666017,0.020165510897275526
5233.700000000001,0.01718973433789638,0.020165510897275526
5236.3,0.016422588613123186,0.020156540035714637
5238.900000000001,0.01591984333449023,0.020156540035714637
5241.400000000001,0.015244918312566698,0.020156540035714637
5244.0,0.01445404556644741,0.020156540035714637
5246.700000000001,0.013725581601849272,0.0201383106035763
5249.200000000001,0.013017724113782166,0.020134444931825084
5251.900000000001,0.012017011309942175,0.020134370857810936
5254.5,0.011528670250245569,0.020134370857810936
5261.900000000001,0.00934378377359585,0.020134370857810936
5269.900000000001,0.007537959529185503,0.020134370857810936
5277.900000000001,0.006403816864721433,0.020116965342695324
5280.6,0.00609186912997836,0.02010330715943029
5283.1,0.0068849855952218,0.020098574716135627
5285.700000000001,0.007526098518057951,0.020069886144170563
5288.200000000001,0.008027414611971354,0.020062140851649236
5290.8,0.00868637250658693,0.020058401088883755
5293.200000000001,0.009281653652784874,0.020051721562426413
5295.8,0.009957218352981459,0.020021855115141096
5298.400000000001,0.010498648662083911,0.019942068435143793
5300.900000000001,0.011095588693510744,0.01989730746913102
5303.3,0.011515263353223889,0.019873506677702334
5306.0,0.012113997366087282,0.019760662969780837
5308.400000000001,0.012915506414663389,0.019689157390155927
5311.200000000001,0.01325062684340927,0.01930131605477933
5313.8,0.013546424922652142,0.01929744735107223
5316.5,0.014386318378747345,0.01884824304873422
5319.0,0.014750361360386419,0.018809552353865843
5321.700000000001,0.015266749296461631,0.01880334338942307
5324.200000000001,0.01580058455945818,0.01843366049975917
5326.8,0.01635721882528944,0.018177960702283155
5329.200000000001,0.01688648439743158,0.017751373279346033
5331.8,0.017377401490688196,0.017550667272666017
5339.5,0.018809552353865843,0.017377401490688196
5347.5,0.019689157390155927,0.017235349960163814
5355.700000000001,0.01989730746913102,0.01718973433789638
5358.200000000001,0.020134370857810936,0.016949092172785406
5360.700000000001,0.020021855115141096,0.01688648439743158
5363.200000000001,0.020134444931825084,0.016422588613123186
5365.6,0.020062140851649236,0.01635721882528944
5368.200000000001,0.020116965342695324,0.01591984333449023
5370.700000000001,0.020156540035714637,0.01580058455945818
5373.200000000001,0.02017853908898853,0.01579874597807375
5376.0,0.020069886144170563,0.015470934964587759
5378.5,0.020179020170384428,0.015266749296461631
5381.200000000001,0.020051721562426413,0.015244918312566698
5383.8,0.02020618741195824,0.015089812746187165
5386.5,0.019873506677702334,0.014750361360386419
5389.1,0.02026503504779522,0.014469705993962682
5391.700000000001,0.020165510897275526,0.01445404556644741
5394.3,0.020300072722038584,0.014386318378747345
5396.700000000001,0.02010330715943029,0.013725581601849272
5399.400000000001,0.020215254128599987,0.0136029124416749
5401.900000000001,0.020271432824298954,0.013546424922652142
5404.6,0.020236361338454942,0.01325062684340927
5407.200000000001,0.020058401088883755,0.013017724113782166
5409.900000000001,0.019942068435143793,0.012943435007570624
5417.6,0.020098574716135627,0.012915506414663389
5425.400000000001,0.02033138552774562,0.012915506414663389
5433.6,0.02024591970422269,0.012915506414663389
5436.1,0.0203073086010926,0.012915506414663389
5438.900000000001,0.019760662969780837,0.012915506414663389
5441.3,0.01929744735107223,0.012915506414663389
5444.0,0.01880334338942307,0.012915506414663389
5446.5,0.01843366049975917,0.012915506414663389
5449.0,0.017751373279346033,0.012915506414663389
5451.700000000001,0.017235349960163814,0.012915506414663389
5454.200000000001,0.016949092172785406,0.012915506414663389
5456.900000000001,0.01579874597807375,0.012915506414663389
5459.3,0.015470934964587759,0.012915506414663389
5462.200000000001,0.015089812746187165,0.012915506414663389
5464.6,0.014469705993962682,0.012915506414663389
5467.5,0.0136029124416749,0.012915506414663389
5470.1,0.012943435007570624,0.012915506414663389
5472.900000000001,0.012369971977957634,0.012369971977957634
5475.5,0.01149482667372024,0.01149482667372024
5478.1,0.011123254936409793,0.011123254936409793
5480.700000000001,0.010548718378753048,0.010548718378753048
5483.5,0.009822135144350864,0.009822135144350864
5485.900000000001,0.009321762605260762,0.009321762605260762
5488.700000000001,0.008625783264082042,0.008625783264082042
5496.400000000001,0.006674325520939835,0.006674325520939835
5504.0,0.004298939121604827,0.004298939121604827
5512.5,0.0021127400876086075,0.004220976088465203
5515.0,0.001481095846238666,0.004220976088465203
5517.700000000001,0.0014988678008665199,0.004220976088465203
5520.1,0.0013210765440213308,0.004220976088465203
5522.5,0.001417916624111356,0.004220976088465203
5525.200000000001,0.0014964233982181982,0.004220976088465203
5527.700000000001,0.0016652297722460929,0.004220976088465203
5530.3,0.0016880127099194362,0.004220976088465203
5532.900000000001,0.0016413092112631345,0.004220976088465203
5535.3,0.0015826454419045678,0.004220976088465203
5537.700000000001,0.0015812607076170118,0.004220976088465203
5540.3,0.001645228691396934,0.004220976088465203
5543.0,0.0016065629748136443,0.004220976088465203
5545.6,0.0018405246140049177,0.004220976088465203
5548.200000000001,0.001710581978275673,0.004220976088465203
5550.700000000001,0.002012748986563094,0.004220976088465203
5553.1,0.0019361747024393354,0.004220976088465203
5555.700000000001,0.0017901051602818169,0.004220976088465203
5558.200000000001,0.0018115149359398796,0.004220976088465203
5561.0,0.0018144424941518176,0.004220976088465203
5563.400000000001,0.001741447826349744,0.004220976088465203
5566.3,0.0016763986524113946,0.004220976088465203
5573.900000000001,0.0015441341545782115,0.004220976088465203
5581.900000000001,0.002357776073928352,0.004220976088465203
5589.900000000001,0.001993709412918154,0.004220976088465203
5592.400000000001,0.0019004538257434151,0.004220976088465203
5595.1,0.001893476485953574,0.004220976088465203
5597.6,0.0017197158845969386,0.004220976088465203
5600.3,0.001799179567471729,0.004220976088465203
5602.900000000001,0.0016190108280927655,0.004220976088465203
5605.5,0.0015915242773084234,0.004220976088465203
5608.1,0.0014600931584633425,0.004220976088465203
5611.0,0.001530631024390936,0.004220976088465203
5613.400000000001,0.001441105905133886,0.004220976088465203
5615.900000000001,0.0015078897650384145,0.004220976088465203
5618.5,0.0013338834062427132,0.004220976088465203
5621.0,0.0013514495657800123,0.004220976088465203
5623.700000000001,0.001284090810284545,0.004220976088465203
5626.3,0.0011515070940857992,0.004220976088465203
5629.0,0.0010960593450390034,0.004220976088465203
5631.400000000001,0.00104849582278778,0.004220976088465203
5634.0,0.0010512375297215921,0.004220976088465203
5636.6,0.0008279786578439853,0.004220976088465203
5639.200000000001,0.0010076918071981599,0.004220976088465203
5641.900000000001,0.0009771764365754994,0.004220976088465203
5644.5,0.0009850085972111678,0.004220976088465203
5652.400000000001,0.0008497528633965195,0.004220976088465203
5660.200000000001,0.0009000622783846768,0.004220976088465203
5668.5,0.003184333101206775,0.004220976088465203
5671.0,0.003841437824783801,0.004220976088465203
5673.700000000001,0.004220976088465203,0.004220976088465203
5676.200000000001,0.0049580829815251675,0.004742529179709835
5678.6,0.004742529179709835,0.004892234247503861
5681.3,0.005028788328982988,0.004892234247503861
5683.700000000001,0.005234801389360898,0.004892234247503861
5686.5,0.005734096770947695,0.004892234247503861
5689.1,0.006189433924838198,0.004892234247503861
5691.8,0.0064031898913203085,0.004892234247503861
5694.200000000001,0.0066564547370969954,0.004892234247503861
5696.8,0.006959429449439054,0.004892234247503861
5699.200000000001,0.007295652809129111,0.004892234247503861
5701.8,0.0075667331538083575,0.004892234247503861
5704.5,0.007845292024241881,0.004892234247503861
5707.0,0.008245398358817864,0.004892234247503861
5709.400000000001,0.008705210754849093,0.004892234247503861
5712.200000000001,0.009005359198055353,0.004892234247503861
5714.700000000001,0.009431019687244229,0.004892234247503861
5717.5,0.009568473042700917,0.004892234247503861
5719.900000000001,0.00978717331088624,0.004892234247503861
5722.5,0.010212826099001149,0.004892234247503861
5730.1,0.011334167794911393,0.004892234247503861
5737.8,0.011616013322518466,0.004892234247503861
5746.1,0.010025206121732034,0.004892234247503861
5748.6,0.009479520137563709,0.004892234247503861
5751.200000000001,0.008924992403821445,0.004892234247503861
5753.700000000001,0.008965871331323916,0.004892234247503861
5756.200000000001,0.00894236815805406,0.004892234247503861
5758.900000000001,0.00869816698804736,0.004892234247503861
5761.3,0.008555089548527895,0.004892234247503861
5764.0,0.008137855028834004,0.004892234247503861
5766.6,0.008088992913657451,0.004892234247503861
5769.1,0.008041903609184695,0.004892234247503861
5771.700000000001,0.007526580143575653,0.004892234247503861
5774.3,0.007585221445660056,0.004892234247503861
5777.200000000001,0.007248975026039757,0.004892234247503861
5779.8,0.007146449357798804,0.004892234247503861
5782.400000000001,0.006830250205361362,0.004892234247503861
5784.900000000001,0.006704934432930122,0.004892234247503861
5787.3,0.006574506665555293,0.004892234247503861
5789.900000000001,0.006436947263516617,0.004892234247503861
5792.3,0.006070249697688109,0.004892234247503861
5794.900000000001,0.005908889719465052,0.004892234247503861
5797.5,0.005917433235576021,0.004892234247503861
5800.200000000001,0.005738275872984563,0.0049580829815251675
5808.1,0.005374150492208786,0.004982380333011418
5816.200000000001,0.005416668402006411,0.005028788328982988
5824.0,0.0054784764155862775,0.005067470904410509
5826.400000000001,0.005415469894785843,0.005069432368449156
5829.1,0.005398346505803543,0.005234801389360898
5831.5,0.005256959589520381,0.005256959589520381
5834.0,0.004892234247503861,0.005374150492208786
5836.6,0.005067470904410509,0.005398346505803543
5839.1,0.004982380333011418,0.005415469894785843
5841.8,0.00483939267259442,0.005416668402006411
5844.3,0.004775724415826094,0.0054784764155862775
5846.900000000001,0.004526100038036848,0.005734096770947695
5849.400000000001,0.004482788269723842,0.005626972153845422
5852.1,0.004302475014286365,0.005626972153845422
5854.700000000001,0.004219510963190295,0.005586029811071292
5857.3,0.004149968646585885,0.005586029811071292
5859.900000000001,0.004082027218138076,0.005497436166172043
5862.3,0.004073716234932361,0.005497436166172043
5864.900000000001,0.0039467136863954155,0.005497436166172043
5867.5,0.0038155914173994506,0.0054784764155862775
5869.900000000001,0.003920439687943978,0.005416668402006411
5872.700000000001,0.0033305711926334748,0.005415469894785843
5875.200000000001,0.003652106681673989,0.005398346505803543
5877.700000000001,0.003602354968975309,0.005382111866593097
5885.5,0.0031877046067125946,0.0053806647740161015
5893.3,0.0021039722146437827,0.005374150492208786
5901.1,0.0011072642583419693,0.005353752657585719
5903.700000000001,0.0011616266647813819,0.005256959589520381
5906.1,0.0012374565421977817,0.005069432368449156
5908.6,0.001511278475779901,0.005067470904410509
5911.200000000001,0.0014438920171832628,0.005017393896846901
5913.700000000001,0.0015493303055695528,0.004982380333011418
5916.400000000001,0.0018002925918660089,0.004892234247503861
5919.0,0.0017924093301812621,0.00483939267259442
5921.900000000001,0.0018124302257885398,0.004775724415826094
5924.3,0.002200381892075784,0.004576246153670439
5927.0,0.002310415063069997,0.004526100038036848
5929.6,0.0025358977099389115,0.004482788269723842
5932.0,0.0026533977524730136,0.004302475014286365
5934.700000000001,0.002674240024006562,0.004219510963190295
5937.200000000001,0.002853077747197634,0.004203822842709363
5939.900000000001,0.0028819476671155158,0.004151769874122703
5942.3,0.0032627243023727994,0.004149968646585885
5944.900000000001,0.003052130007636642,0.004082027218138076
5947.5,0.003163192096251147,0.004073716234932361
5950.400000000001,0.0034063821973123677,0.0039467136863954155
5952.900000000001,0.0035045314014042596,0.003920439687943978
5955.700000000001,0.003593611046832814,0.0038155914173994506
5963.3,0.0035929849686735277,0.003652106681673989
5971.1,0.005069432368449156,0.003602354968975309
5979.200000000001,0.005972056735847773,0.003593611046832814
5981.700000000001,0.006268232752785407,0.0035929849686735277
5984.5,0.006144071805954326,0.0035045314014042596
5987.0,0.006230271634932465,0.0034593246148297537
5989.8,0.006162529920143773,0.0034063821973123677
5992.3,0.0061267326347657965,0.0033305711926334748
5994.8,0.005802882841510926,0.0032627243023727994
5997.3,0.005789005647066955,0.0031877046067125946
5999.900000000001,0.00600921401413645,0.003163192096251147
6002.700000000001,0.005769308677265167,0.003052130007636642
6005.1,0.005778530059242946,0.0030339712254497417
6007.700000000001,0.005741686583786408,0.0028819476671155158
6010.200000000001,0.005626972153845422,0.002853077747197634
6012.8,0.005663832908592285,0.002674240024006562
6015.400000000001,0.005586029811071292,0.0026533977524730136
6017.900000000001,0.005673826506202734,0.0025358977099389115
6020.6,0.005497436166172043,0.0024283634474222774
6023.200000000001,0.00565260987714627,0.002310415063069997
6026.0,0.005720747159124295,0.002200381892075784
6028.6,0.005382111866593097,0.0021039722146437827
6031.200000000001,0.005353752657585719,0.002068941973362185
6033.900000000001,0.0053806647740161015,0.0018124302257885398
6042.0,0.005017393896846901,0.0018002925918660089
6049.900000000001,0.004576246153670439,0.0017924093301812621
6058.1,0.004203822842709363,0.0015493303055695528
6060.6,0.004151769874122703,0.001511278475779901
6063.400000000001,0.0034593246148297537,0.0014438920171832628
6065.900000000001,0.0030339712254497417,0.0014438920171832628
6068.5,0.0024283634474222774,0.0014438920171832628
6071.1,0.002068941973362185,0.0014438920171832628
6073.5,0.0013339902608472329,0.0013339902608472329
6076.200000000001,0.0007674914962675569,0.0007674914962675569
6078.900000000001,0.0003816152447699518,0.0003816152447699518
6081.400000000001,-0.0004600542132271993,-0.0004600542132271993
6083.900000000001,-0.0006963890117980668,-0.0006963890117980668
6086.700000000001,-0.0015270900116048014,-0.0015270900116048014
6089.1,-0.0020538317495140757,-0.0020538317495140757
6091.700000000001,-0.00253262121495362,-0.00253262121495362
6094.3,-0.002982822445354841,-0.002982822445354841
6096.700000000001,-0.003785839281643716,-0.003785839281643716
6099.5,-0.004849082600602405,-0.004849082600602405
6102.0,-0.005125654556811693,-0.005125654556811693
6104.700000000001,-0.005773616157836251,-0.005773616157836251
6107.3,-0.006487959508035321,-0.006487959508035321
6109.700000000001,-0.006990433780202975,-0.006990433780202975
6112.3,-0.007740000434401057,-0.007740000434401057
6120.0,-0.009817627316932273,-0.009817627316932273
6128.0,-0.012272354206800146,-0.012272354206800146
6135.700000000001,-0.014172455511075932,-0.014172455511075932
6138.200000000001,-0.014712688601352128,-0.014569935530481503
6140.900000000001,-0.014670279557421501,-0.014570647537598045
6143.3,-0.014989780459877136,-0.014570647537598045
6145.8,-0.014818583204565153,-0.014570647537598045
6148.400000000001,-0.01500468711870099,-0.014570647537598045
6150.900000000001,-0.015221591932631773,-0.014570647537598045
6153.700000000001,-0.01527367922516113,-0.014570647537598045
6156.3,-0.015454310562095671,-0.014570647537598045
6159.0,-0.015828197019059808,-0.014570647537598045
6161.5,-0.016005830600635443,-0.014570647537598045
6164.200000000001,-0.01613386719825629,-0.014570647537598045
6166.700000000001,-0.016311151730493044,-0.014570647537598045
6169.3,-0.016244676133630127,-0.014570647537598045
6171.900000000001,-0.016495686274523427,-0.014570647537598045
6174.3,-0.016591390205519873,-0.014570647537598045
6176.8,-0.016837566214511525,-0.014570647537598045
6179.400000000001,-0.016865766808402922,-0.014570647537598045
6181.900000000001,-0.017041664609261497,-0.014570647537598045
6184.6,-0.01720576954213277,-0.014570647537598045
6187.0,-0.017350059746060395,-0.014570647537598045
6189.700000000001,-0.017658463073648305,-0.014570647537598045
6197.3,-0.018135692202137847,-0.014570647537598045
6205.1,-0.018739714452637148,-0.014570647537598045
6213.3,-0.01923192054350259,-0.014570647537598045
6215.700000000001,-0.01929232343796521,-0.014570647537598045
6218.200000000001,-0.019347480541077714,-0.014570647537598045
6220.700000000001,-0.019136620612934526,-0.014570647537598045
6223.1,-0.019018055218599825,-0.014570647537598045
6225.8,-0.01910117407456897,-0.014570647537598045
6228.200000000001,-0.019035296607731518,-0.014570647537598045
6230.900000000001,-0.01884906196059155,-0.014570647537598045
6233.5,-0.018632681243795492,-0.014570647537598045
6235.900000000001,-0.01838325509676477,-0.014570647537598045
6238.700000000001,-0.018220129529479948,-0.014570647537598045
6241.200000000001,-0.017986708900639956,-0.014570647537598045
6243.900000000001,-0.01811239984151954,-0.014570647537598045
6246.5,-0.017816033601035727,-0.014570647537598045
6249.1,-0.017576883555608717,-0.014570647537598045
6251.6,-0.017596468491543334,-0.014635569121621141
6254.0,-0.017350193767472148,-0.014670279557421501
6256.700000000001,-0.017313286660131683,-0.014712688601352128
6259.200000000001,-0.01720758337925114,-0.014818583204565153
6261.700000000001,-0.01710471973129652,-0.014903093419112463
6264.200000000001,-0.016905780550185826,-0.014948594173446666
6266.900000000001,-0.01661510319157017,-0.014989780459877136
6274.900000000001,-0.016383201473916902,-0.01500468711870099
6282.5,-0.015504127491807913,-0.015114451032872848
6290.700000000001,-0.015114451032872848,-0.015221591932631773
6293.200000000001,-0.015325447898691369,-0.01524685756863911
6295.6,-0.014903093419112463,-0.01527367922516113
6298.200000000001,-0.014569935530481503,-0.015325447898691369
6300.700000000001,-0.014570647537598045,-0.015454310562095671
6303.3,-0.014136688210191652,-0.015504127491807913
6305.8,-0.014037332220963117,-0.015544669396223855
6308.3,-0.013985330579817051,-0.015828197019059808
6310.900000000001,-0.013615827199082284,-0.016005830600635443
6313.3,-0.013472761383400934,-0.016022637773662342
6315.8,-0.01322863479051563,-0.01613386719825629
6318.400000000001,-0.013091070085071316,-0.016244676133630127
6320.900000000001,-0.012847764061939758,-0.016311151730493044
6323.700000000001,-0.01266818292921589,-0.016383201473916902
6326.3,-0.012366636496464502,-0.016495686274523427
6328.900000000001,-0.012295796656672969,-0.016591390205519873
6331.3,-0.011942098498461834,-0.01661510319157017
6334.200000000001,-0.011827044986791739,-0.016837566214511525
6336.700000000001,-0.011532626843192454,-0.016865766808402922
6339.5,-0.01145494781025433,-0.016905780550185826
6342.0,-0.01102880144516178,-0.016922337313987623
6345.0,-0.010758951082061393,-0.016922337313987623
6352.6,-0.01045817159172293,-0.016922337313987623
6360.3,-0.010487630931984376,-0.016922337313987623
6368.6,-0.009933753725699145,-0.016922337313987623
6371.0,-0.009712408775597382,-0.016922337313987623
6373.700000000001,-0.009887068332598285,-0.016922337313987623
6376.3,-0.010127061005151075,-0.016922337313987623
6379.0,-0.010522038709869268,-0.016922337313987623
6381.6,-0.010801735265247307,-0.016922337313987623
6384.200000000001,-0.01112448182764643,-0.016922337313987623
6386.900000000001,-0.01118340588217145,-0.016922337313987623
6389.6,-0.011734188500078572,-0.016922337313987623
6392.0,-0.012171467274891318,-0.016922337313987623
6394.5,-0.012526501492146904,-0.016922337313987623
6397.200000000001,-0.012657527644556124,-0.016922337313987623
6399.6,-0.013047800449648374,-0.016922337313987623
6402.400000000001,-0.013409685389211518,-0.016922337313987623
6405.0,-0.013700459828856077,-0.016922337313987623
6407.700000000001,-0.013927671547595664,-0.016922337313987623
6410.200000000001,-0.014280449711787617,-0.016922337313987623
6413.0,-0.014635569121621141,-0.016922337313987623
6415.5,-0.014948594173446666,-0.016922337313987623
6418.3,-0.01524685756863911,-0.016922337313987623
6420.700000000001,-0.015544669396223855,-0.016922337313987623
6423.3,-0.016022637773662342,-0.016922337313987623
6431.200000000001,-0.016922337313987623,-0.016922337313987623
6439.200000000001,-0.01781582948358174,-0.01744794096936712
6447.400000000001,-0.019896566102704412,-0.01763967531413055
6449.900000000001,-0.02056617679753599,-0.01764994228933841
6452.6,-0.020497722373075445,-0.017677470666124285
6455.0,-0.020453920274374062,-0.01781582948358174
6457.700000000001,-0.020239357838429544,-0.01801159948745212
6460.3,-0.020068537718256386,-0.0182187101827864
6462.700000000001,-0.020119608579694973,-0.018244423014408057
6465.3,-0.020017599987820878,-0.01842307194650636
6467.900000000001,-0.019783090366684138,-0.018605876742348405
6470.5,-0.01985597518573889,-0.018607983468453923
6473.0,-0.019627641083943166,-0.01867469764483578
6475.700000000001,-0.019571688375062245,-0.01880400435645308
6478.200000000001,-0.019581010750497185,-0.018824455386666734
6481.0,-0.019584631351025953,-0.01887435167277313
6483.6,-0.019414357634072357,-0.01891282679302
6486.200000000001,-0.019302677484991086,-0.019038631112935897
6488.700000000001,-0.019045321262279393,-0.019045321262279393
6491.3,-0.019038631112935897,-0.019064844690779573
6493.700000000001,-0.019088310127677748,-0.019088310127677748
6496.3,-0.019064844690779573,-0.01927862682326069
6499.200000000001,-0.01887435167277313,-0.019302677484991086
6501.700000000001,-0.01867469764483578,-0.019414357634072357
6509.700000000001,-0.018824455386666734,-0.01949142048366885
6517.5,-0.018605876742348405,-0.019571688375062245
6525.700000000001,-0.01763967531413055,-0.019581010750497185
6528.1,-0.01764994228933841,-0.019584631351025953
6530.900000000001,-0.01744794096936712,-0.019627641083943166
6533.400000000001,-0.017677470666124285,-0.01963855984704717
6535.900000000001,-0.01801159948745212,-0.019783090366684138
6538.6,-0.018244423014408057,-0.019830439469691107
6541.0,-0.01842307194650636,-0.01985597518573889
6543.700000000001,-0.0182187101827864,-0.01985597518573889
6546.3,-0.018607983468453923,-0.019896566102704412
6549.0,-0.01880400435645308,-0.019896566102704412
6551.5,-0.01891282679302,-0.019896566102704412
6554.400000000001,-0.01927862682326069,-0.019896566102704412
6556.900000000001,-0.01949142048366885,-0.019896566102704412
6559.700000000001,-0.01963855984704717,-0.019896566102704412
6562.3,-0.020117627455789676,-0.019896566102704412
6564.700000000001,-0.020039065599360244,-0.019896566102704412
6567.200000000001,-0.020366222845280942,-0.019896566102704412
6569.8,-0.020593814587487963,-0.019896566102704412
6572.5,-0.020812442797338987,-0.019896566102704412
6575.1,-0.021311526107010773,-0.019896566102704412
6577.700000000001,-0.021147675316134873,-0.019896566102704412
6580.3,-0.021540763613488594,-0.019896566102704412
6587.700000000001,-0.0221988416202203,-0.019896566102704412
6595.400000000001,-0.022879322177408623,-0.019896566102704412
6603.6,-0.022649381321158443,-0.019896566102704412
6606.1,-0.022719870844095064,-0.019896566102704412
6608.700000000001,-0.02268957563985216,-0.019896566102704412
6611.200000000001,-0.022531450443874473,-0.01985597518573889
6613.700000000001,-0.022184477688647026,-0.019830439469691107
6616.3,-0.022187885269682454,-0.019783090366684138
6618.700000000001,-0.022162261816777714,-0.019743842519957353
6621.5,-0.021968631967934797,-0.019704217099015372
6624.1,-0.022004773955857527,-0.019686504709897665
6626.700000000001,-0.021961605704039225,-0.01963855984704717
6629.200000000001,-0.02188831721418339,-0.019627641083943166
6632.0,-0.0218336313723348,-0.019584631351025953
6634.5,-0.021783485279597788,-0.019581010750497185
6637.5,-0.021636477405166946,-0.019571688375062245
6640.0,-0.021323937838394574,-0.01955792095034326
6642.700000000001,-0.021268028196196984,-0.019543909015283904
6645.3,-0.020919737114813833,-0.019520379912381994
6648.0,-0.020810814417819137,-0.019520379912381994
6650.5,-0.020675039772492698,-0.019520379912381994
6653.0,-0.02067823497699879,-0.019520379912381994
6655.700000000001,-0.020662932602698747,-0.019520379912381994
6658.3,-0.02050473709459637,-0.019520379912381994
6666.5,-0.020147113974800193,-0.019520379912381994
6674.1,-0.019830439469691107,-0.019520379912381994
6682.400000000001,-0.02045037064610565,-0.019520379912381994
6684.900000000001,-0.020314412281576842,-0.019520379912381994
6687.700000000001,-0.02022843119427154,-0.019520379912381994
6690.200000000001,-0.020474480562325332,-0.019520379912381994
6692.900000000001,-0.02030412971414924,-0.019520379912381994
6695.5,-0.020089839099827585,-0.019520379912381994
6698.200000000001,-0.020244947518214783,-0.019520379912381994
6700.8,-0.020044264872276115,-0.019520379912381994
6703.6,-0.019945660753757,-0.019520379912381994
6706.1,-0.019743842519957353,-0.019520379912381994
6708.5,-0.01997592459239609,-0.019520379912381994
6711.200000000001,-0.019686504709897665,-0.019520379912381994
6713.700000000001,-0.019704217099015372,-0.019520379912381994
6716.5,-0.019543909015283904,-0.019520379912381994
6719.1,-0.01949516441104302,-0.019520379912381994
6721.700000000001,-0.019520379912381994,-0.019520379912381994
6724.200000000001,-0.019493817405371806,-0.01949516441104302
6727.0,-0.01927563754074684,-0.019493817405371806
6729.5,-0.01955792095034326,-0.019476294010592112
6732.0,-0.019446425307862933,-0.019476294010592112
6734.5,-0.01922195875286237,-0.019476294010592112
6737.1,-0.01895859073403538,-0.019476294010592112
6745.0,-0.018851379980503558,-0.019476294010592112
6752.6,-0.018639225148724774,-0.019476294010592112
6760.6,-0.018119806035847934,-0.019476294010592112
6763.1,-0.018057707983348263,-0.019476294010592112
6765.700000000001,-0.01826392286084656,-0.019476294010592112
6768.5,-0.017929989253546268,-0.019476294010592112
6771.0,-0.017672791264110328,-0.019476294010592112
6773.900000000001,-0.017526833143987286,-0.019476294010592112
6776.5,-0.017366865149846842,-0.019476294010592112
6779.200000000001,-0.017078489657482415,-0.019476294010592112
6781.900000000001,-0.01706570177638043,-0.019476294010592112
6784.6,-0.01672949093989348,-0.019476294010592112
6787.0,-0.016604296379552377,-0.019476294010592112
6789.8,-0.016561925660431232,-0.019476294010592112
6792.200000000001,-0.016300080867911085,-0.019476294010592112
6794.8,-0.016551430581439704,-0.019475988329635565
6797.5,-0.016328164047212285,-0.019473415616464086
6799.900000000001,-0.015885550874816506,-0.019446425307862933
6802.3,-0.01612173559042939,-0.01927563754074684
6805.0,-0.01569468650061574,-0.01922195875286237
6807.400000000001,-0.015456792353057214,-0.01916544651069042
6810.0,-0.01526532305702075,-0.019107006884668615
6812.5,-0.015201642825510392,-0.01899939290219886
6815.0,-0.01477083402382474,-0.01895859073403538
6822.700000000001,-0.014650954414263805,-0.018851379980503558
6830.400000000001,-0.0143392531328163,-0.018851379980503558
6838.3,-0.013922134237292749,-0.018851379980503558
6840.900000000001,-0.013961022037350893,-0.018851379980503558
6843.400000000001,-0.013979274354049092,-0.018851379980503558
6845.900000000001,-0.014598196215055132,-0.018851379980503558
6848.6,-0.014726782546790274,-0.018851379980503558
6851.5,-0.015100145230834347,-0.018851379980503558
6854.0,-0.015276975490174101,-0.018851379980503558
6856.8,-0.01590673830620017,-0.018851379980503558
6859.400000000001,-0.01583695704624406,-0.018851379980503558
6861.8,-0.01613176992529248,-0.018851379980503558
6864.200000000001,-0.016623366989066253,-0.018851379980503558
6866.8,-0.016825446702586493,-0.018851379980503558
6869.5,-0.017073243038528245,-0.018851379980503558
6872.0,-0.017368186610317225,-0.018851379980503558
6874.8,-0.017636468353155372,-0.018851379980503558
6877.200000000001,-0.01802648297131697,-0.018851379980503558
6879.700000000001,-0.01809266405105563,-0.018851379980503558
6882.400000000001,-0.01863729647157008,-0.018851379980503558
6884.900000000001,-0.018611618100575017,-0.018851379980503558
6887.400000000001,-0.01916544651069042,-0.018851379980503558
6890.1,-0.019476294010592112,-0.018851379980503558
6893.0,-0.01990295351218001,-0.018851379980503558
6900.6,-0.020403748862870733,-0.018851379980503558
6908.200000000001,-0.0212661118974362,-0.018851379980503558
6916.400000000001,-0.021849198566609638,-0.018851379980503558
6919.0,-0.022385885718635642,-0.01891393339305159
6921.700000000001,-0.021993897497488823,-0.01899939290219886
6924.200000000001,-0.021887865483728904,-0.019107006884668615
6926.6,-0.021709541825463877,-0.01913415845254116
6929.3,-0.021612664953035505,-0.01916544651069042
6931.8,-0.021183179657354324,-0.01935814463979713
6934.5,-0.020798283236545298,-0.019473415616464086
6937.1,-0.020637823157843536,-0.019475988329635565
6939.900000000001,-0.0206443774660334,-0.019476294010592112
6942.400000000001,-0.0204026119677208,-0.019728126839775383
6945.1,-0.020236108517831985,-0.019896776888937047
6947.6,-0.02045409705977932,-0.01990295351218001
6950.5,-0.02009134266518136,-0.019921436961541618
6953.0,-0.019728126839775383,-0.02009134266518136
6955.700000000001,-0.019475988329635565,-0.020236108517831985
6958.3,-0.019473415616464086,-0.0204026119677208
6961.0,-0.01899939290219886,-0.020403748862870733
6963.5,-0.019107006884668615,-0.02045409705977932
6966.0,-0.01867459337003048,-0.020637823157843536
6968.700000000001,-0.01882855965440549,-0.0206443774660334
6971.200000000001,-0.018443385809687005,-0.020704359175274363
6978.8,-0.018110916060370314,-0.02071575691888927
6986.400000000001,-0.01815026254273211,-0.020798283236545298
6994.1,-0.018768479954955213,-0.021183179657354324
6996.6,-0.01891393339305159,-0.0212661118974362
6999.200000000001,-0.01913415845254116,-0.021339861776910517
7001.8,-0.01935814463979713,-0.021612664953035505
7004.6,-0.019896776888937047,-0.021690438231449567
7007.200000000001,-0.019921436961541618,-0.021709541825463877
7009.900000000001,-0.02071575691888927,-0.021841965744785218
7012.5,-0.020704359175274363,-0.021849198566609638
7015.1,-0.021690438231449567,-0.021887865483728904
7017.6,-0.021339861776910517,-0.021993897497488823
7020.0,-0.021841965744785218,-0.022162978603366225
7022.700000000001,-0.022162978603366225,-0.022385885718635642
7025.200000000001,-0.022530133365390084,-0.022530133365390084
7027.900000000001,-0.022898757789705026,-0.022898757789705026
7030.5,-0.023312666835241882,-0.023312666835241882
7033.200000000001,-0.02343715442940129,-0.02343715442940129
7035.700000000001,-0.023742145082023363,-0.023742145082023363
7038.5,-0.02412312303347554,-0.02412312303347554
7041.0,-0.024453801363142853,-0.024453801363142853
7043.700000000001,-0.02461763547351972,-0.02461763547351972
7046.200000000001,-0.025008841741294342,-0.025008841741294342
7048.8,-0.025190984596994415,-0.025190984596994415
7056.6,-0.026314510522129023,-0.026314510522129023
7064.3,-0.027035547697842395,-0.027035547697842395
7072.6,-0.027221489063818227,-0.027221489063818227
7075.1,-0.02751355523925735,-0.02751355523925735
7077.700000000001,-0.027820491411405048,-0.027637751240491767
7080.200000000001,-0.028058673434049986,-0.027724010113798454
7082.700000000001,-0.02809951018337301,-0.02775400410132
7085.3,-0.02839527597379774,-0.027820491411405048
7087.900000000001,-0.028428293835730204,-0.028058673434049986
7090.5,-0.028553224313228168,-0.02809951018337301
7093.200000000001,-0.028988841256011998,-0.028269207758775193
7095.900000000001,-0.029058980434001708,-0.02839527597379774
7098.3,-0.029197926111100676,-0.028428293835730204
7101.1,-0.02961436691509073,-0.028481580699893476
7103.6,-0.029396888901069142,-0.028553224313228168
7106.200000000001,-0.029749113528892587,-0.028652266714756715
7108.8,-0.030105230814639644,-0.02875642293866787
7111.200000000001,-0.03044365020039361,-0.028984510460780665
7114.0,-0.03035890660181931,-0.028988841256011998
7116.5,-0.030701382619042372,-0.029058980434001708
7119.200000000001,-0.030864270135001926,-0.029197926111100676
7121.8,-0.031168294084650383,-0.029210239050082378
7124.200000000001,-0.03127155844298988,-0.02939428009177277
7126.900000000001,-0.031461237026859636,-0.029396888901069142
7134.5,-0.03204221545490565,-0.029534800180424172
7142.5,-0.03265732342197531,-0.02961436691509073
7150.400000000001,-0.03368949149100888,-0.029621484232360645
7152.900000000001,-0.03405963326922218,-0.029677244911946916
7155.5,-0.033520830855353886,-0.029749113528892587
7158.0,-0.03319789948268218,-0.029770867949142524
7160.700000000001,-0.03299747624348612,-0.02995625083576375
7163.200000000001,-0.032680748611221166,-0.029986600095383488
7165.900000000001,-0.03247568274864736,-0.030105230814639644
7168.5,-0.03239159474530162,-0.030154265456341495
7171.0,-0.032090606052904404,-0.030154714890147805
7173.5,-0.031998744580445736,-0.03035890660181931
7175.900000000001,-0.031776880306452406,-0.030368377105519175
7178.700000000001,-0.03184598412603215,-0.03044365020039361
7181.200000000001,-0.03144930581118377,-0.030529587167743136
7183.900000000001,-0.0314269055915756,-0.030604030316380513
7186.5,-0.03121206140267432,-0.030623541279788103
7189.200000000001,-0.030891494405494133,-0.030701382619042372
7191.700000000001,-0.030604030316380513,-0.03085732866776794
7194.5,-0.030368377105519175,-0.030864270135001926
7196.900000000001,-0.030154265456341495,-0.030891494405494133
7199.700000000001,-0.029770867949142524,-0.031168294084650383
7202.200000000001,-0.029986600095383488,-0.03121206140267432
7204.8,-0.029677244911946916,-0.03127155844298988
7212.700000000001,-0.029621484232360645,-0.0314269055915756
7220.3,-0.028481580699893476,-0.03144930581118377
7228.5,-0.02775400410132,-0.031461237026859636
7230.900000000001,-0.027637751240491767,-0.031545544775183974
7233.3,-0.027724010113798454,-0.03171123565981746
7236.1,-0.028269207758775193,-0.031776880306452406
7238.6,-0.028652266714756715,-0.03184598412603215
7241.200000000001,-0.028984510460780665,-0.031998744580445736
7243.700000000001,-0.029210239050082378,-0.03204221545490565
7246.3,-0.02875642293866787,-0.032090606052904404
7248.900000000001,-0.029534800180424172,-0.03224469166702926
7251.3,-0.02995625083576375,-0.0322689180922892
7254.0,-0.02939428009177277,-0.03239159474530162
7256.6,-0.030154714890147805,-0.03247568274864736
7259.200000000001,-0.030529587167743136,-0.032567022025720545
7261.900000000001,-0.030623541279788103,-0.03262526994000556
7264.400000000001,-0.03085732866776794,-0.03265732342197531
7267.0,-0.031545544775183974,-0.032680748611221166
7269.5,-0.03171123565981746,-0.032680748611221166
7272.200000000001,-0.03224469166702926,-0.032680748611221166
7274.700000000001,-0.0322689180922892,-0.032680748611221166
7277.400000000001,-0.03262526994000556,-0.032680748611221166
7280.0,-0.032567022025720545,-0.032680748611221166
7282.700000000001,-0.03304533439245995,-0.032680748611221166
7290.3,-0.03333698925458711,-0.032680748611221166
7298.0,-0.03445437724579712,-0.032680748611221166
7306.400000000001,-0.03451261617899618,-0.032680748611221166
7308.8,-0.03405257008078127,-0.032680748611221166
7311.5,-0.03406915802397347,-0.032680748611221166
7313.900000000001,-0.034128951764739394,-0.03262526994000556
7316.3,-0.0339780477870363,-0.032567022025720545
7318.900000000001,-0.034377800430510246,-0.032567022025720545
7321.3,-0.03456981650185463,-0.032567022025720545
7324.0,-0.034435320248028325,-0.032567022025720545
7326.6,-0.03455177474337731,-0.032567022025720545
7329.0,-0.03453027467471292,-0.03258208453516084
7331.700000000001,-0.03475604599730191,-0.03262526994000556
7334.3,-0.03477089334145588,-0.032659179226396905
7337.0,-0.03476136628718308,-0.03285697352359922
7339.5,-0.0350682754169147,-0.03304533439245995
7342.200000000001,-0.035006837691450195,-0.03315858595671905
7344.700000000001,-0.03516016653558682,-0.03333698925458711
7347.1,-0.03497616872602587,-0.033403062016187327
7349.700000000001,-0.035186966762189055,-0.033423419867783834
7352.200000000001,-0.03505561610778587,-0.033577449468114515
7355.0,-0.03536755519581965,-0.03359367473122925
7357.400000000001,-0.0353901651260166,-0.03390325289772355
7360.200000000001,-0.03553389123548917,-0.0339780477870363
7368.0,-0.03585398153651725,-0.03399357743467355
7375.5,-0.035980431699752444,-0.03405257008078127
7383.900000000001,-0.03732416235383387,-0.03406915802397347
7386.400000000001,-0.03808219815175605,-0.034128951764739394
7389.0,-0.037752493321991265,-0.03413755840158685
7391.5,-0.037367948267413735,-0.03433538159804844
7393.900000000001,-0.03709720302860881,-0.034377800430510246
7396.700000000001,-0.036867290742413565,-0.034435320248028325
7399.200000000001,-0.03623593797887294,-0.03445437724579712
7402.1,-0.03602433265175998,-0.03451261617899618
7404.700000000001,-0.035767998450892624,-0.03453027467471292
7407.200000000001,-0.03535257874241091,-0.03455177474337731
7409.700000000001,-0.03507726164493449,-0.03456981650185463
7412.5,-0.03468747759960886,-0.03468747759960886
7414.900000000001,-0.03413755840158685,-0.03475604599730191
7417.700000000001,-0.03433538159804844,-0.03476136628718308
7420.3,-0.033577449468114515,-0.03477089334145588
7423.0,-0.033423419867783834,-0.03497616872602587
7425.5,-0.03315858595671905,-0.035006837691450195
7428.200000000001,-0.03285697352359922,-0.03505561610778587
7430.700000000001,-0.03234284142155789,-0.0350682754169147
7433.3,-0.03206868863116569,-0.03507726164493449
7435.900000000001,-0.031925590706233006,-0.03516016653558682
7438.5,-0.03202323077867065,-0.035186966762189055
7446.5,-0.030932010951936744,-0.03520062342428341
7454.200000000001,-0.0298329005302549,-0.03535257874241091
7462.1,-0.02979164541628855,-0.03536755519581965
7464.700000000001,-0.029979690319898177,-0.0353901651260166
7467.200000000001,-0.030417103734407352,-0.03543746717367144
7469.900000000001,-0.030973170458873232,-0.03553389123548917
7472.3,-0.031243793930128945,-0.03561604108303337
7475.200000000001,-0.031594818400283976,-0.035767998450892624
7477.700000000001,-0.032004956104960486,-0.03585398153651725
7480.5,-0.03258208453516084,-0.035980431699752444
7483.1,-0.032659179226396905,-0.0360076072585497
7485.8,-0.03359367473122925,-0.03602433265175998
7488.200000000001,-0.033403062016187327,-0.03623593797887294
7490.8,-0.03399357743467355,-0.03641222309391707
7493.400000000001,-0.03390325289772355,-0.036830792501666154
7496.0,-0.03543746717367144,-0.036867290742413565
7498.700000000001,-0.03520062342428341,-0.03709720302860881
7501.200000000001,-0.03561604108303337,-0.03728607243677707
7503.700000000001,-0.0360076072585497,-0.03732416235383387
7506.400000000001,-0.03641222309391707,-0.037367948267413735
7509.200000000001,-0.036830792501666154,-0.03768315611551155
7511.900000000001,-0.03728607243677707,-0.037752493321991265
7514.6,-0.03768315611551155,-0.03777972624099512
7517.200000000001,-0.03777972624099512,-0.03808219815175605
7525.200000000001,-0.03893129144877969,-0.038202434880306196
7533.0,-0.03985480646783406,-0.03832667920567184
7541.200000000001,-0.039294420916849086,-0.03833602510417557
7543.700000000001,-0.038638285013309376,-0.03839892347758588
7546.5,-0.038829210903278906,-0.038413815873323834
7548.900000000001,-0.03871403265109018,-0.038448010008092885
7551.3,-0.0386038659522293,-0.03855665729324884
7554.0,-0.038742625859962104,-0.038573529867228486
7556.5,-0.03858077839783917,-0.03858077839783917
7559.200000000001,-0.03860479222915471,-0.0386038659522293
7561.900000000001,-0.03855665729324884,-0.03860479222915471
7564.5,-0.038676987411335344,-0.038638285013309376
7566.900000000001,-0.038712821512144106,-0.038641686215606215
7569.700000000001,-0.038683529024632325,-0.038663406856361264
7572.3,-0.038202434880306196,-0.038676987411335344
7575.200000000001,-0.038641686215606215,-0.038683529024632325
7577.700000000001,-0.038733488005022465,-0.038712821512144106
7580.200000000001,-0.03833602510417557,-0.03871403265109018
7582.700000000001,-0.03839892347758588,-0.038733488005022465
7585.400000000001,-0.03832667920567184,-0.038742625859962104
7588.0,-0.038448010008092885,-0.03878728384772481
7590.5,-0.038413815873323834,-0.038829210903278906
7593.200000000001,-0.038573529867228486,-0.03893129144877969
7595.8,-0.038663406856361264,-0.03915906707616325
7603.700000000001,-0.03878728384772481,-0.039294420916849086
7611.400000000001,-0.03915906707616325,-0.03985480646783406
7619.3,-0.04041038137012118,-0.04041038137012118
7621.900000000001,-0.04129957281734421,-0.04129957281734421
7624.3,-0.04167233530888586,-0.04167233530888586
7626.8,-0.04255686793587123,-0.04255686793587123
7629.200000000001,-0.04289289275057926,-0.04289289275057926
7631.8,-0.04338476331173324,-0.04338476331173324
7634.5,-0.044300585000910345,-0.044300585000910345
7637.0,-0.04484299342412884,-0.04484299342412884
7639.700000000001,-0.04515727149083021,-0.04515727149083021
7642.200000000001,-0.04596072447820668,-0.04596072447820668
7644.700000000001,-0.04670199253533077,-0.04670199253533077
7647.3,-0.04733346909012948,-0.04733346909012948
7649.8,-0.047893178859366316,-0.047893178859366316
7652.5,-0.048497045548691636,-0.048497045548691636
7655.1,-0.049107444758865394,-0.04856744961974884
7657.5,-0.050080777120565106,-0.049107444758865394
7660.0,-0.05067301147608076,-0.049189055938994336
7662.6,-0.05147431541126053,-0.049450408289686165
7665.400000000001,-0.052135203789828645,-0.04945777669457507
7668.0,-0.052831811393907316,-0.04948434250694053
7670.700000000001,-0.05324299835027024,-0.04950601646245337
7673.3,-0.053614503705888356,-0.04951860243633512
7681.200000000001,-0.05562899181341972,-0.04951860243633512
7689.0,-0.05821861390498068,-0.04951860243633512
7697.200000000001,-0.058970536075441456,-0.04951860243633512
7699.6,-0.0600160988235537,-0.04951860243633512
7702.1,-0.05939519240683341,-0.04951860243633512
7704.700000000001,-0.059201336481830444,-0.04951860243633512
7707.1,-0.058685072973491514,-0.04951860243633512
7710.0,-0.058255761889153566,-0.04951860243633512
7712.400000000001,-0.058038794335976786,-0.04951860243633512
7715.200000000001,-0.05741026503418532,-0.04951860243633512
7717.900000000001,-0.05671013237850431,-0.04951860243633512
7720.700000000001,-0.05577945350546558,-0.04951860243633512
7723.200000000001,-0.05563454341206493,-0.04951860243633512
7725.900000000001,-0.05512444162867939,-0.04951860243633512
7728.3,-0.05430999733456887,-0.04951860243633512
7731.200000000001,-0.054239036744046856,-0.04951860243633512
7733.8,-0.05341749074434441,-0.04951860243633512
7736.5,-0.0531749528439919,-0.04951860243633512
7739.0,-0.05289850229717639,-0.04951860243633512
7741.700000000001,-0.05205465296322239,-0.04951860243633512
7744.200000000001,-0.05193690023811859,-0.04951860243633512
7746.8,-0.05160855269451748,-0.04951860243633512
7749.400000000001,-0.05139874854430069,-0.04951860243633512
7752.0,-0.05092971595954876,-0.04951860243633512
7760.1,-0.049450408289686165,-0.04951860243633512
7767.9,-0.04856744961974884,-0.04951860243633512
7776.1,-0.049189055938994336,-0.04951860243633512
7778.700000000001,-0.04963087513549338,-0.04951860243633512
7781.4,-0.04978312111438211,-0.04951860243633512
7783.9,-0.049581277245947346,-0.04951860243633512
7786.300000000001,-0.04951860243633512,-0.04951860243633512
7788.9,-0.04950601646245337,-0.04951860243633512
7791.300000000001,-0.04945777669457507,-0.049581277245947346
7794.1,-0.04948434250694053,-0.04962828354192695
7796.700000000001,-0.04962828354192695,-0.04963087513549338
7799.5,-0.05003054797845538,-0.04969373258108343
7802.0,-0.04998803197680893,-0.04978312111438211
7804.800000000001,-0.050436180587892364,-0.049980729138600785
7807.200000000001,-0.05006125919829812,-0.04998803197680893
7810.0,-0.049980729138600785,-0.050018861642255025
7812.700000000001,-0.0502418873884342,-0.05003054797845538
7815.200000000001,-0.05010048040822291,-0.05006125919829812
7817.9,-0.05017610156639568,-0.050080777120565106
7820.700000000001,-0.050018861642255025,-0.05010048040822291
7823.200000000001,-0.050219360463111706,-0.05017610156639568
7826.0,-0.05067672238545821,-0.05017610156639568
7828.4,-0.050373322675689204,-0.05017610156639568
7831.0,-0.050439235340116836,-0.05017610156639568
7838.6,-0.05129629377587204,-0.05017610156639568
7846.300000000001,-0.05068219179176927,-0.05017610156639568
7854.300000000001,-0.04593137493366935,-0.05017610156639568
7856.9,-0.04589087237030732,-0.05017610156639568
7859.4,-0.045256063079934246,-0.05017610156639568
7861.9,-0.04506644616584564,-0.05017610156639568
7864.5,-0.04447060012778624,-0.05017610156639568
7867.5,-0.04425869980953825,-0.05017610156639568
7869.9,-0.044025793374767155,-0.05017610156639568
7872.700000000001,-0.04344821446535591,-0.05017610156639568
7875.300000000001,-0.04328465859233734,-0.05017610156639568
7878.0,-0.043148449508868786,-0.05017610156639568
7880.5,-0.042178161259268765,-0.05017610156639568
7883.300000000001,-0.04206781483983828,-0.05017610156639568
7885.700000000001,-0.041821011069284035,-0.05017610156639568
7888.300000000001,-0.04133968102831532,-0.05017610156639568
7890.9,-0.04103773651262422,-0.05017610156639568
7893.300000000001,-0.04084049832702614,-0.05017610156639568
7896.1,-0.040500053651126196,-0.05017610156639568
7898.6,-0.04004489585685192,-0.05017610156639568
7901.5,-0.039791194220802094,-0.05017610156639568
7904.1,-0.03956485998517519,-0.05017610156639568
7906.9,-0.03880825204067431,-0.05017610156639568
7909.5,-0.0385754326161773,-0.05017610156639568
7917.200000000001,-0.03747909494679332,-0.05017610156639568
7924.9,-0.03841778483664519,-0.05017610156639568
7932.700000000001,-0.040706211632653276,-0.05017610156639568
7935.1,-0.04169002774107316,-0.050219360463111706
7937.700000000001,-0.042429060848305285,-0.0502418873884342
7940.200000000001,-0.04427993349748174,-0.050373322675689204
7942.6,-0.04461721292891221,-0.050436180587892364
7945.200000000001,-0.045890788924610494,-0.050439235340116836
7947.700000000001,-0.04671922782943089,-0.050578575595862776
7950.5,-0.0486982040620597,-0.05067672238545821
7953.0,-0.04969373258108343,-0.05068219179176927
7955.9,-0.050578575595862776,-0.05129629377587204
7958.300000000001,-0.05189557099443734,-0.05189557099443734
7960.9,-0.053025573926002684,-0.053025573926002684
7963.5,-0.05395878925237108,-0.05395878925237108
7966.0,-0.05549064421807613,-0.05549064421807613
7968.6,-0.057088772128873665,-0.057088772128873665
7971.1,-0.058450554546395826,-0.058450554546395826
7973.5,-0.05896010857546611,-0.05896010857546611
7976.200000000001,-0.06035564632514892,-0.06035564632514892
7978.700000000001,-0.06186472427134711,-0.06186472427134711
7981.300000000001,-0.06256162296055745,-0.06256162296055745
7983.800000000001,-0.0643126719172099,-0.0643126719172099
7986.300000000001,-0.06509193914706482,-0.0643126719172099
7994.0,-0.0686811817912079,-0.06462345229369218
8001.700000000001,-0.07268622029844013,-0.06462345229369218
8009.6,-0.07477085897797353,-0.06462345229369218
8012.1,-0.07544437680687906,-0.06462345229369218
8014.5,-0.07592555873134527,-0.06462345229369218
8017.0,-0.07613954578286689,-0.06462345229369218
8019.700000000001,-0.07639539224439044,-0.06462345229369218
8022.200000000001,-0.07666676645941711,-0.06469202770168633
8025.0,-0.07670078972871788,-0.06469202770168633
8027.5,-0.07699422918081149,-0.06470168377449302
8030.200000000001,-0.07706605957173704,-0.06480120901412431
8032.700000000001,-0.0772111343861227,-0.06509193914706482
8035.5,-0.07760245800827474,-0.06509193914706482
8038.0,-0.07773420680027275,-0.06511871863185989
8040.700000000001,-0.0776805123872132,-0.06519740449375844
8043.300000000001,-0.07795671244131881,-0.06519740449375844
8046.0,-0.07798722609242888,-0.06520253165525276
8048.5,-0.0783154266140192,-0.06520253165525276
8050.9,-0.0787652705740341,-0.06536157385839915
8053.700000000001,-0.07848015648988446,-0.06540587365671893
8056.300000000001,-0.07833669177823356,-0.06546335568177185
8059.1,-0.078933375580062,-0.0655045097841504
8061.5,-0.07907425422404402,-0.06556449999006987
8064.200000000001,-0.07937929232688531,-0.06563099544314376
8072.0,-0.07968716785951398,-0.06563099544314376
8080.200000000001,-0.07911560134512291,-0.06563099544314376
8088.1,-0.07984498312754448,-0.06563099544314376
8090.700000000001,-0.08016748069621417,-0.06563099544314376
8093.1,-0.07917619247112787,-0.06563099544314376
8095.5,-0.07871736742433941,-0.06563099544314376
8098.200000000001,-0.07796099463950425,-0.06563099544314376
8100.700000000001,-0.07719875959916693,-0.06563099544314376
8103.5,-0.07646339197993506,-0.06563099544314376
8106.0,-0.07587599715398397,-0.06563099544314376
8108.800000000001,-0.07516454898332081,-0.06563099544314376
8111.200000000001,-0.07441019067408162,-0.06563099544314376
8113.700000000001,-0.07382524353868354,-0.06563099544314376
8116.4,-0.07287772200971299,-0.06563099544314376
8118.9,-0.07216786369421063,-0.06563099544314376
8121.6,-0.07164415084404321,-0.06563099544314376
8124.1,-0.07099380879280257,-0.06563099544314376
8126.5,-0.07042053466739231,-0.06563099544314376
8129.200000000001,-0.06968544898398576,-0.06563099544314376
8131.6,-0.06927503288687124,-0.06563099544314376
8134.5,-0.06853902125335916,-0.06563099544314376
8137.0,-0.06761735341966559,-0.06563099544314376
8139.9,-0.06724216666858615,-0.06563099544314376
8142.4,-0.06668638065084509,-0.06563099544314376
8150.5,-0.06563099544314376,-0.06563099544314376
8158.1,-0.06430325064861753,-0.06563099544314376
8166.200000000001,-0.06462345229369218,-0.06563099544314376
8168.700000000001,-0.06416758983079898,-0.06556449999006987
8171.1,-0.06377549057903702,-0.0655045097841504
8173.9,-0.06422326369628246,-0.06546335568177185
8176.300000000001,-0.06409401470354581,-0.06540587365671893
8179.0,-0.06456522028297909,-0.06536157385839915
8181.6,-0.06449021135839272,-0.06520253165525276
8184.200000000001,-0.06469202770168633,-0.06519740449375844
8186.800000000001,-0.06455758753308369,-0.06516527797270352
8189.200000000001,-0.06470168377449302,-0.06511871863185989
8191.9,-0.06480120901412431,-0.06502302238907744
8194.4,-0.06511871863185989,-0.06498035646918875
8197.2,-0.06498035646918875,-0.06480120901412431
8199.7,-0.06519740449375844,-0.06470168377449302
8202.5,-0.06520253165525276,-0.06469202770168633
8204.9,-0.06516527797270352,-0.06462345229369218
8207.300000000001,-0.06540587365671893,-0.06456522028297909
8210.0,-0.06502302238907744,-0.06455758753308369
8212.5,-0.06536157385839915,-0.06451818803629869
8215.1,-0.06546335568177185,-0.06449021135839272
8217.6,-0.0655045097841504,-0.06430325064861753
8220.5,-0.06556449999006987,-0.06422326369628246
8228.1,-0.06570268059482211,-0.06416758983079898
8235.9,-0.06632361404685828,-0.06409401470354581
8244.2,-0.06343111424698249,-0.06377549057903702
8246.6,-0.06451818803629869,-0.06352963070378953
8249.4,-0.06324099359522531,-0.06343111424698249
8251.9,-0.06352963070378953,-0.06324099359522531
8254.5,-0.06212258590756002,-0.062229569431212085
8257.1,-0.062229569431212085,-0.06212258590756002
8259.5,-0.06189294223454599,-0.06189294223454599
8262.2,-0.06127816891997302,-0.06127816891997302
8264.800000000001,-0.06111559310791876,-0.06111559310791876
8267.4,-0.06084085019258109,-0.06084085019258109
8269.9,-0.06048334109638589,-0.06048334109638589
8272.4,-0.05994107236809802,-0.05994107236809802
8275.0,-0.059686467176832986,-0.059686467176832986
8278.0,-0.05947726698923238,-0.05947726698923238
8280.5,-0.058618512984433845,-0.05866488790871216
8283.300000000001,-0.05866488790871216,-0.058618512984433845
8285.7,-0.05822697092352366,-0.05822697092352366
8288.2,-0.05788843316332545,-0.05788843316332545
8290.9,-0.05742864718971412,-0.05742864718971412
8293.4,-0.05736957422551708,-0.05736957422551708
8296.2,-0.05641579508721898,-0.0564838799619637
8298.7,-0.0564838799619637,-0.05641579508721898
8306.4,-0.0552792597102815,-0.0552792597102815
8314.300000000001,-0.0537783207184439,-0.05482570453359577
8322.7,-0.05482570453359577,-0.05443181575199976
8325.1,-0.054348764626725825,-0.054348764626725825
8327.9,-0.05443181575199976,-0.05426634217540343
8330.300000000001,-0.05426634217540343,-0.05407952006206584
8333.0,-0.05407952006206584,-0.053993710691434084
8335.6,-0.053993710691434084,-0.05384875327139334
8338.0,-0.05384875327139334,-0.0537783207184439
8340.6,-0.05374720141270071,-0.05374720141270071
8343.2,-0.053670688822907674,-0.053670688822907674
8345.6,-0.05344975269420476,-0.053450989404190574
8348.1,-0.053436635371151224,-0.05344975269420476
8351.0,-0.052838292856608834,-0.053436635371151224
8353.4,-0.053450989404190574,-0.05318953617795258
8356.300000000001,-0.05318953617795258,-0.053054473484223624
8358.9,-0.05294889584785733,-0.05294889584785733
8361.5,-0.0529372145870899,-0.0529372145870899
8364.0,-0.053054473484223624,-0.05289259125617918
8366.4,-0.05283544677534398,-0.052838292856608834
8369.2,-0.05243352481173782,-0.05283544677534398
8371.800000000001,-0.05244642370926574,-0.05282886086128922
8374.4,-0.05210755542863351,-0.0524487582993671
8377.0,-0.052207813440033786,-0.05244642370926574
8384.7,-0.0524487582993671,-0.05243352481173782
8392.6,-0.05235029252585104,-0.05235029252585104
8400.800000000001,-0.0497870443443053,-0.052301106409169934
8403.2,-0.04959584409205615,-0.052207813440033786
8405.800000000001,-0.04970675350154361,-0.05219369723577018
8408.4,-0.04987318499656509,-0.05210755542863351
8410.9,-0.049933227523569636,-0.05179151273202748
8413.7,-0.04995477316743616,-0.0517832662590728
8416.2,-0.049898915131659255,-0.051614520514758226
8419.0,-0.050317863091421076,-0.051614520514758226
8421.7,-0.04964419599804497,-0.051614520514758226
8424.4,-0.05045315359863626,-0.051614520514758226
8426.9,-0.050386263316551716,-0.051614520514758226
8429.7,-0.050359479784256624,-0.051614520514758226
8432.2,-0.05028796705927729,-0.051614520514758226
8434.7,-0.050192558620449496,-0.051614520514758226
8437.300000000001,-0.050579098932434625,-0.051614520514758226
8439.800000000001,-0.0506726615278571,-0.051614520514758226
8442.5,-0.05059221242667866,-0.051614520514758226
8445.0,-0.05057695332441356,-0.051614520514758226
8447.7,-0.05058673628033556,-0.051614520514758226
8450.300000000001,-0.050757728709654074,-0.051614520514758226
8453.0,-0.05105134815058317,-0.051614520514758226
8455.6,-0.050895567899002465,-0.051614520514758226
8463.2,-0.05080157727421065,-0.051614520514758226
8471.2,-0.051290102493385205,-0.051614520514758226
8478.9,-0.05219369723577018,-0.051614520514758226
8481.4,-0.05289259125617918,-0.051614520514758226
8483.9,-0.05282886086128922,-0.051614520514758226
8486.300000000001,-0.052301106409169934,-0.051614520514758226
8488.800000000001,-0.05179151273202748,-0.051614520514758226
8491.4,-0.051614520514758226,-0.051614520514758226
8493.9,-0.0517832662590728,-0.051614520514758226
8496.4,-0.05104400656676323,-0.051614520514758226
8499.2,-0.05071146549105881,-0.051614520514758226
8501.6,-0.05083693772235384,-0.051614520514758226
8504.2,-0.05023549042722761,-0.051614520514758226
8506.800000000001,-0.0503414655200722,-0.051614520514758226
8509.5,-0.05035650429845278,-0.051614520514758226
8512.1,-0.04969885736721984,-0.051614520514758226
8514.7,-0.04930528785678333,-0.051614520514758226
8517.2,-0.0489872122699795,-0.051614520514758226
8519.6,-0.04922999052164602,-0.051614520514758226
8522.2,-0.048774216713181204,-0.051614520514758226
8524.800000000001,-0.0483585126975109,-0.051614520514758226
8527.4,-0.04837077704071493,-0.051614520514758226
8529.9,-0.04755043273355311,-0.051614520514758226
8532.5,-0.048573973288366615,-0.051614520514758226
8540.5,-0.047831976272675235,-0.051614520514758226
8548.4,-0.048358813573282824,-0.051614520514758226
8556.5,-0.04746367137394747,-0.051614520514758226
8559.2,-0.04625041641524799,-0.051614520514758226
8561.7,-0.046162828514217755,-0.051614520514758226
8564.2,-0.047089836372612,-0.0517832662590728
8567.0,-0.04786479502999927,-0.05179151273202748
8569.5,-0.04980870150425541,-0.05189259956423252
8572.2,-0.049499912519367924,-0.05219369723577018
8574.7,-0.05052577804865459,-0.052301106409169934
8577.300000000001,-0.05089354572854059,-0.05282886086128922
8579.7,-0.05189259956423252,-0.05289259125617918
8582.2,-0.052915939973463874,-0.052915939973463874
8584.800000000001,-0.05405823367643048,-0.05405823367643048
8587.2,-0.05449088006320727,-0.05449088006320727
8589.800000000001,-0.05608038730308301,-0.05608038730308301
8592.300000000001,-0.05687167371056998,-0.05687167371056998
8594.800000000001,-0.05811731782725766,-0.05811731782725766
8597.5,-0.05898144808462499,-0.05898144808462499
8600.0,-0.06092961082491499,-0.05926690514862857
8602.800000000001,-0.060490055099455146,-0.05926690514862857
8605.300000000001,-0.06232604700038348,-0.05926690514862857
8607.800000000001,-0.06352273495511424,-0.05926690514862857
8610.4,-0.06394615148901761,-0.05926690514862857
8618.1,-0.06924983157871994,-0.05926690514862857
8625.9,-0.07214645450851044,-0.05926690514862857
8633.9,-0.07707573793270994,-0.05987848012404186
8636.4,-0.07824637788560111,-0.060490055099455146
8639.1,-0.07900385341064278,-0.060507210268533125
8641.5,-0.07840824612795302,-0.060524365437611104
8644.300000000001,-0.0791262978402688,-0.06072698813126305
8646.9,-0.07806617605971776,-0.06092961082491499
8649.5,-0.07980771838802761,-0.0609583952699607
8652.1,-0.0789667632211067,-0.060987179715006404
8655.0,-0.07893869146870092,-0.061245724248207754
8657.4,-0.07892112917211297,-0.061504268781409105
8659.9,-0.07922185906815093,-0.06191515789089629
8662.5,-0.07916288139166465,-0.06232604700038348
8664.9,-0.07921547055003933,-0.0625953134092459
8667.7,-0.07934233110681331,-0.06286457981810832
8670.300000000001,-0.07944119545421688,-0.06317109815022126
8673.0,-0.07945618810374985,-0.06347761648233421
8675.5,-0.07973759901337456,-0.06350017571872422
8677.9,-0.07948034195735991,-0.06352273495511424
8680.7,-0.07963568455100878,-0.06373444322206592
8683.2,-0.07942757496286044,-0.06394615148901761
8686.0,-0.07944158381287249,-0.06409200915539479
8688.5,-0.07933593647131248,-0.06423786682177195
8696.5,-0.07784559405575145,-0.06478134413149816
8704.300000000001,-0.07778087067237131,-0.0653248214412244
8712.4,-0.07592939197808374,-0.06573948093909342
8714.9,-0.07571901851619982,-0.06615414043696244
8717.7,-0.0730643772336822,-0.06668433743810029
8720.2,-0.07329496791681575,-0.06721453443923815
8722.6,-0.07193738298597181,-0.06754504342389675
8725.4,-0.07098573692479843,-0.06787555240855533
8727.9,-0.0706368097910809,-0.0683011819407871
8730.7,-0.06934332180868671,-0.06872681147301887
8733.300000000001,-0.06872681147301887,-0.06898832152586941
8735.9,-0.06787555240855533,-0.06924983157871994
8738.300000000001,-0.06721453443923815,-0.06929657669370333
8741.2,-0.06615414043696244,-0.06934332180868671
8743.7,-0.0653248214412244,-0.06999006579988382
8746.5,-0.06423786682177195,-0.0706368097910809
8749.2,-0.06347761648233421,-0.07081127335793966
8751.9,-0.06286457981810832,-0.07098573692479843
8754.300000000001,-0.061504268781409105,-0.07146155995538511
8756.800000000001,-0.060987179715006404,-0.07193738298597181
8759.4,-0.060524365437611104,-0.07204191874724113
8762.0,-0.05926690514862857,-0.07214645450851044
8764.7,-0.05881305136694816,-0.07260541587109631
8767.2,-0.05897714858215057,-0.0730643772336822
8775.4,-0.058024821243311125,-0.07317967257524897
8783.300000000001,-0.0564832116906367,-0.07329496791681575
8791.6,-0.05535461648812913,-0.07450699321650778
8794.5,-0.05518163673383172,-0.07571901851619982
