Time_Relative_s,der_m,der_m_smooth
-336.69,-0.097604870250361,-0.0972982148930278
-332.76,-0.0989570508999442,-0.0967502524511981
-330.3,-0.0998925935429423,-0.0962022900093684
-327.86,-0.1001009505408216,-0.0958138894428265
-325.19,-0.100338398189069,-0.0954254888762846
-322.75,-0.1006573297889149,-0.0949946252191411
-319.97,-0.1009241161176293,-0.0945637615619977
-315.0,-0.1014322315828817,-0.0942162084798776
-312.56,-0.1015933885057672,-0.0938686553977576
-310.0,-0.1017656883581147,-0.0934745508696334
-307.53,-0.1019332935395596,-0.0930804463415092
-304.94,-0.1021365682804672,-0.0922930709555602
-302.37,-0.1023046553331242,-0.0915056955696111
-299.75,-0.1025261131914479,-0.0911750924520045
-297.19,-0.1027109065391837,-0.0908444893343978
-294.56,-0.1029740054114879,-0.0905199608471858
-292.12,-0.1031167239132598,-0.0901954323599737
-289.69,-0.1033331029374065,-0.089849592296786
-287.0,-0.1035759638238595,-0.0895037522335982
-284.44,-0.103774182380945,-0.089193513975939
-281.69,-0.1041001824931487,-0.0888832757182798
-279.12,-0.1042398720563407,-0.088547844829369
-276.5,-0.1043938502719386,-0.0882124139404582
-268.75,-0.1050874780862574,-0.0878787715009255
-261.25,-0.0995349865666129,-0.0875451290613929
-254.61,-0.0972982148930278,-0.0871927252538082
-251.86,-0.0962022900093684,-0.0868403214462236
-249.42,-0.0954254888762846,-0.086461932397605
-246.72,-0.0945637615619977,-0.0860835433489864
-244.19,-0.0938686553977576,-0.086461932397605
-241.47,-0.0930804463415092,-0.0868403214462236
-236.3,-0.0915056955696111,-0.0871927252538082
-233.62,-0.0908444893343978,-0.0875451290613929
-230.97,-0.0901954323599737,-0.0878787715009255
-228.31,-0.0895037522335982,-0.0882124139404582
-225.87,-0.0888832757182798,-0.0884427801711257
-223.25,-0.0882124139404582,-0.0886731464017932
-220.81,-0.0875451290613929,-0.0887782110600365
-217.98,-0.0868403214462236,-0.0888832757182798
-215.37,-0.0860835433489864,-0.089193513975939
-212.7,-0.0855166339451545,-0.0895037522335982
-210.25,-0.0848965651219708,-0.089849592296786
-207.75,-0.0842759919985476,-0.0901954323599737
-205.19,-0.0836147753660684,-0.0905199608471858
-202.62,-0.082954169714553,-0.0908444893343978
-200.05,-0.0823431964250313,-0.0910687786029905
-197.44,-0.0816721726163944,-0.0912930678715831
-189.73,-0.0798478762761,-0.0913993817205971
-181.62,-0.0735042184418995,-0.0915056955696111
-175.05,-0.0733428689475127,-0.0922930709555602
-172.23000000000002,-0.0735188041254433,-0.0930804463415092
-169.67000000000002,-0.0731211434468069,-0.0930804463415092
-166.95000000000002,-0.0728088780317192,-0.0930804463415092
-164.5,-0.0724054668180998,-0.0930804463415092
-161.72,-0.0720563558933878,-0.0930804463415092
-156.75,-0.0713494267215094,-0.0930804463415092
-154.22000000000003,-0.0710234883401867,-0.0930804463415092
-151.62,-0.0705201475847919,-0.0930804463415092
-148.92000000000002,-0.0701562780269025,-0.0930804463415092
-146.42000000000002,-0.0697865753313562,-0.0930804463415092
-143.55,-0.0693538393428188,-0.0930804463415092
-141.0,-0.0689873358885213,-0.0930804463415092
-138.26,-0.0685807591062397,-0.0930804463415092
-135.69,-0.0681977052007929,-0.0930804463415092
-133.25,-0.0678119737366448,-0.0915056955696111
-130.75,-0.0674437727491715,-0.0912930678715831
-128.31,-0.0671047762832469,-0.0908444893343978
-125.64999999999998,-0.0666962044049917,-0.0901954323599737
-123.06,-0.066325648402519,-0.0895037522335982
-120.62,-0.06593445428269,-0.0888832757182798
-118.06,-0.0655520770109121,-0.0888832757182798
-110.44,-0.0644376839046643,-0.0888832757182798
-102.86,-0.071557602622093,-0.0888832757182798
-95.64999999999998,-0.0722936859723916,-0.0888832757182798
-93.17000000000002,-0.0724605789094589,-0.0888832757182798
-90.47000000000004,-0.0750764924152729,-0.0888832757182798
-87.86000000000001,-0.0776777819970523,-0.0886731464017932
-85.06,-0.0805360571160997,-0.0884638452738289
-82.5,-0.0831935314172465,-0.0882124139404582
-77.31,-0.0886731464017932,-0.0875451290613929
-74.87,-0.0912930678715831,-0.0868403214462236
-72.19,-0.094260769157991,-0.0860835433489864
-69.75,-0.0970355656544312,-0.0855166339451545
-66.97000000000003,-0.1002457134214454,-0.0848965651219708
-64.37,-0.1032845133771263,-0.0842759919985476
-61.72000000000003,-0.106433903900267,-0.0836147753660684
-59.110000000000014,-0.1097205715845102,-0.0831935314172465
-56.39999999999998,-0.1131430857521534,-0.082954169714553
-53.94,-0.1163311046888303,-0.0823431964250313
-51.48000000000002,-0.1196017299300631,-0.0816721726163944
-48.89999999999998,-0.1231292135251776,-0.0805360571160997
-46.31,-0.1268955084960638,-0.0799887925939628
-43.73000000000002,-0.1305720857303416,-0.0798478762761
-41.06,-0.1345973980581637,-0.0776777819970523
-38.22000000000003,-0.1389206041740387,-0.0750764924152729
-30.5,-0.1517302943703321,-0.0735188041254433
-22.620000000000005,-0.1661817085881715,-0.0735042184418995
-15.5,-0.180672468583307,-0.0733428689475127
-13.03000000000003,-0.1859498881136047,-0.0731211434468069
-10.439999999999998,-0.1918861545356898,-0.0728088780317192
-7.860000000000014,-0.1979516849096254,-0.0724605789094589
-5.220000000000027,-0.2040742984525807,-0.0724054668180998
-2.5600000000000023,-0.210658863584822,-0.0722936859723916
0.0,-0.2172074310986051,-0.0720658079033263
2.5600000000000023,-0.1976122251846978,-0.0720563558933878
5.060000000000002,-0.1795975078648388,-0.071557602622093
7.6299999999999955,-0.1697104476241058,-0.071557602622093
10.079999999999984,-0.1595566271721429,-0.071557602622093
12.850000000000025,-0.1495102878172601,-0.071557602622093
15.439999999999998,-0.138324644986492,-0.071557602622093
18.05000000000001,-0.1291494404800693,-0.071557602622093
20.629999999999995,-0.1189292054670106,-0.071557602622093
23.19999999999999,-0.1081882819203577,-0.071557602622093
25.879999999999995,-0.0983912656324744,-0.071557602622093
28.31,-0.0884638452738289,-0.071557602622093
30.94,-0.0799887925939628,-0.071557602622093
33.5,-0.0720658079033263,-0.071557602622093
36.13,-0.0654113150598456,-0.071557602622093
38.56,-0.0590218449002175,-0.071557602622093
41.13999999999999,-0.0550428688660807,-0.071557602622093
48.80000000000001,-0.1076548514946482,-0.071557602622093
56.5,-0.2076548514895857,-0.071557602622093
63.01999999999998,-0.3076548511947203,-0.071557602622093
65.52999999999997,-0.2076548511947218,-0.0708123738659422
68.19999999999999,-0.181206034193522,-0.0654113150598456
70.82999999999998,-0.1090029704900673,-0.0590218449002175
73.44,-0.0708123738659422,-0.0550428688660807
76.0,-0.0477117626357456,-0.0477117626357456
78.69,-0.0303357373966734,-0.0303357373966734
81.25,-0.0056395290078618,-0.0056395290078618
84.07999999999998,0.0153853325448787,0.0153853325448787
86.56,0.0362085246544984,0.0362085246544984
89.01999999999998,0.055821445560335,0.055821445560335
91.75,0.0739081065207931,0.0739081065207931
94.31,0.0904156604931814,0.0904156604931814
97.0,0.1056385436492869,0.1056385436492869
99.55999999999996,0.1195487263127234,0.1195487263127234
102.25,0.1325701357341397,0.1211895984050406
104.70000000000005,0.1393447510914257,0.1211895984050406
107.26999999999998,0.1398761144152311,0.1211895984050406
110.08000000000004,0.1405027816738959,0.1211895984050406
112.76999999999998,0.1409636417561098,0.1211895984050406
115.25,0.1417791749849255,0.1211895984050406
118.05999999999996,0.1425390559630102,0.1211895984050406
125.80999999999996,0.1444268735571525,0.1211895984050406
133.38,0.1462514881345906,0.1211895984050406
140.45000000000005,0.1473991810564956,0.1211895984050406
142.89,0.1445884058672034,0.1211895984050406
145.74,0.1437061432010261,0.1211895984050406
148.30999999999997,0.1426423803742249,0.1211895984050406
151.04999999999995,0.1415693710058106,0.1211895984050406
153.63,0.1410137334204752,0.1211895984050406
156.38,0.1401808086792909,0.1211895984050406
158.93999999999994,0.1395748788409188,0.1211895984050406
161.76999999999998,0.1385776265851109,0.1211895984050406
164.25,0.1379112665683723,0.1211895984050406
166.68999999999994,0.1369333649542369,0.1211895984050406
169.30999999999997,0.1361000185536173,0.1211895984050406
171.76999999999998,0.1356228047146375,0.1211895984050406
174.26999999999998,0.1343732837636371,0.1211895984050406
179.43999999999994,0.1328655694071837,0.1211895984050406
181.94,0.1322660782233347,0.1211895984050406
184.38,0.1315148396052386,0.1211895984050406
187.08000000000004,0.1308070741775301,0.1211895984050406
189.63,0.1301913546293292,0.1211895984050406
192.35,0.1295552759215329,0.1211895984050406
194.81,0.1290212156434432,0.1211895984050406
197.38,0.128506788716201,0.1211895984050406
205.24,0.1268143942601513,0.1211895984050406
213.06,0.1284254550890973,0.1211895984050406
219.64,0.1283563965995623,0.1211895984050406
222.28,0.1271429260264954,0.1211895984050406
224.81,0.126887287912771,0.1211895984050406
227.56,0.1264518926275895,0.1211895984050406
230.0,0.1261777529074394,0.1211895984050406
233.0,0.1257871576549196,0.1211895984050406
235.44,0.125697084443356,0.1211895984050406
238.02,0.1252556726867245,0.1211895984050406
240.75,0.1248902317184043,0.1211895984050406
243.19,0.1244790357944147,0.1211895984050406
245.75,0.1240963306150903,0.1211895984050406
248.31,0.1236826406903907,0.1211895984050406
250.77,0.1233223706874679,0.1211895984050406
253.56,0.1228945412561484,0.1211895984050406
258.68999999999994,0.1222012619808912,0.1211895984050406
261.13,0.121885743759866,0.1211895984050406
263.88,0.1215221610740412,0.1211895984050406
266.30999999999995,0.1211895984050406,0.1211895984050406
269.05999999999995,0.1208792489975738,0.1208792489975738
271.63,0.1206801678598074,0.1206801678598074
274.30999999999995,0.1204348739966527,0.1206681316597365
276.88,0.1201812814596682,0.12062028641357
284.43999999999994,0.1194592671183535,0.12060076119755
292.36,0.11808342031418,0.1205875645875705
299.08000000000004,0.1162511907847685,0.1205869412128269
301.6,0.1156519570372511,0.1204348739966527
304.27,0.1160260196806529,0.1203310333356455
306.80999999999995,0.1161573552950016,0.1201812814596682
309.5,0.1164475089501339,0.1201715444516887
312.08000000000004,0.116824586539089,0.1198549453357848
314.77,0.1171180552082367,0.1195816122656972
317.39,0.1173981441480405,0.1194592671183535
320.08000000000004,0.1177234592900583,0.1190607478182534
322.63,0.1180222161431061,0.118845834319382
325.05999999999995,0.1183107800566713,0.1185634538128813
327.64,0.1185634538128813,0.1183107800566713
330.05999999999995,0.118845834319382,0.11808342031418
332.61,0.1190607478182534,0.1180222161431061
337.55999999999995,0.1195816122656972,0.1177824437072469
340.25,0.1198549453357848,0.1177234592900583
342.68999999999994,0.1201715444516887,0.1173981441480405
345.22,0.1203310333356455,0.1171180552082367
348.0,0.1205875645875705,0.116824586539089
350.72,0.12060076119755,0.1164475089501339
353.18999999999994,0.1206681316597365,0.1162511907847685
356.04999999999995,0.12062028641357,0.1161573552950016
363.69,0.1205869412128269,0.1160260196806529
371.31,0.1177824437072469,0.1156519570372511
377.91,0.1147143840825953,0.1147143840825953
380.6,0.1132925150468173,0.1132925150468173
383.13,0.11196994538976,0.11196994538976
385.74,0.1105478668203668,0.1105478668203668
388.19,0.1091264755494752,0.1091264755494752
390.75,0.1077947145363708,0.1091264755494752
393.25,0.1065034157930631,0.1091264755494752
395.81,0.105060358263975,0.1091264755494752
398.5,0.1036114407177017,0.1091264755494752
400.9500000000001,0.1022042038851246,0.1091264755494752
403.75,0.1006082614800905,0.1091264755494752
406.38,0.0991723589917058,0.1091264755494752
409.05,0.0975553956873327,0.1091264755494752
411.63,0.0960577690672379,0.1091264755494752
416.69,0.0930951351900011,0.1091264755494752
419.13,0.0916763835365027,0.1091264755494752
421.77,0.0900079206272833,0.1091264755494752
424.25,0.0885769105126081,0.1091264755494752
427.05,0.0868995602903789,0.1091264755494752
429.63,0.0854732635416657,0.1091264755494752
432.06,0.0843243861695231,0.1091264755494752
434.69,0.0829672950187035,0.1091264755494752
442.25,0.0791509329462795,0.1091264755494752
449.88,0.0781101647389453,0.1091264755494752
457.02,0.0789607922370642,0.1091264755494752
459.78,0.0790625845331809,0.1091264755494752
462.25,0.0794074775230608,0.1091264755494752
464.83,0.079680091452423,0.1091264755494752
467.25,0.0801961048705795,0.1091264755494752
469.81,0.0805316658875549,0.1091264755494752
472.55,0.0810068766513633,0.1091264755494752
475.19,0.0814833714780425,0.1091264755494752
477.83,0.0818693491398147,0.1091264755494752
480.31,0.0822875420921502,0.1091264755494752
482.75,0.0826960458382488,0.1091264755494752
485.31,0.0830300165716808,0.1091264755494752
487.75,0.08340223714208,0.1091264755494752
490.31,0.0838316271716344,0.1091264755494752
495.19,0.0844317832407104,0.1091264755494752
497.94,0.0849493532497105,0.1091264755494752
500.44,0.085349166694654,0.1091264755494752
503.08,0.0855898701507872,0.1091264755494752
505.63,0.0860345625495804,0.1091264755494752
508.55,0.0864607606227609,0.1091264755494752
511.0,0.0866626889437982,0.1091264755494752
513.78,0.0872167722775241,0.1091264755494752
521.5,0.0883648203309736,0.1091264755494752
529.13,0.093278475506785,0.1091264755494752
535.85,0.0952025267516868,0.1091264755494752
538.47,0.09591713093673,0.1091264755494752
541.02,0.0981064741172247,0.1091264755494752
543.77,0.1004085820607612,0.1091264755494752
546.28,0.1025872488104851,0.1091264755494752
549.1,0.1049566296012022,0.1091264755494752
551.56,0.1068625311885142,0.1091264755494752
554.45,0.1092472553533931,0.1092472553533931
557.13,0.1114321659739587,0.1114321659739587
559.81,0.1134498181755632,0.1134498181755632
562.31,0.1155018032475033,0.1155018032475033
565.1,0.1177203599985364,0.1177203599985364
567.64,0.1196975204386064,0.1196975204386064
570.28,0.1216987922085554,0.1216987922085554
575.4399999999999,0.125668546463833,0.1216987922085554
578.0,0.127602962936468,0.1216987922085554
580.4399999999999,0.1295262949522296,0.1216987922085554
582.88,0.131356686375449,0.1216987922085554
585.48,0.1333311040737632,0.1216987922085554
588.08,0.1353605544760688,0.1216987922085554
590.78,0.1373564212522401,0.1216987922085554
593.38,0.1394378291612461,0.1216987922085554
600.98,0.1452262918382157,0.1216987922085554
608.9799999999999,0.1488073150126614,0.1216987922085554
615.7800000000001,0.1515825622978077,0.1216987922085554
618.38,0.1526258796301847,0.1216987922085554
620.88,0.1525451273887685,0.1216987922085554
623.68,0.1523097861081511,0.1216987922085554
626.2800000000001,0.1522051743580244,0.1216987922085554
628.88,0.1520224672477528,0.1216987922085554
631.2800000000001,0.1519481019673527,0.1216987922085554
633.88,0.1516956017131168,0.1216987922085554
636.4799999999999,0.151479243460403,0.1216987922085554
638.9799999999999,0.1513777376574495,0.1216987922085554
641.58,0.151188929660189,0.1216987922085554
644.18,0.1510246463158661,0.1216987922085554
646.58,0.1508611721227521,0.1216987922085554
649.2800000000001,0.1507447633157641,0.1216987922085554
654.4799999999999,0.1504555799992668,0.1216987922085554
656.9799999999999,0.1502824511505264,0.1216987922085554
659.4799999999999,0.1499504609946446,0.1216987922085554
662.18,0.1498362149101595,0.1216987922085554
664.9799999999999,0.149706271203723,0.1216987922085554
667.58,0.1495293617777786,0.1216987922085554
670.2800000000001,0.1493849134208399,0.1222288367091136
672.9799999999999,0.1491442954678552,0.1236459973022459
680.9799999999999,0.1486339310805759,0.1240880399300705
688.7800000000001,0.146050560710827,0.125668546463833
695.2800000000001,0.1457627708190907,0.1267265113195103
697.7800000000001,0.1455219434066402,0.127602962936468
700.4799999999999,0.1437683643751045,0.1279439201871817
702.9799999999999,0.1421991558688661,0.1279439201871817
705.4799999999999,0.1406581037526949,0.1279439201871817
708.08,0.1390893431974389,0.1279439201871817
710.88,0.137329224756315,0.1279439201871817
713.4799999999999,0.1358393503365695,0.1279439201871817
716.08,0.1342376125509423,0.1279439201871817
718.4799999999999,0.1328146748016001,0.1279439201871817
720.9799999999999,0.1313039275378054,0.1279439201871817
723.7800000000001,0.1296406559216469,0.1279439201871817
726.18,0.1282646500017008,0.1279439201871817
728.7800000000001,0.1267265113195103,0.1279439201871817
734.08,0.1236459973022459,0.1279439201871817
736.4799999999999,0.1222288367091136,0.1279439201871817
738.9799999999999,0.1207578578114145,0.1279439201871817
741.58,0.1192734648798773,0.1279439201871817
744.18,0.1178276328251785,0.1279439201871817
746.9799999999999,0.1161845710345941,0.1267265113195103
749.38,0.1148458040438751,0.1253829295509253
751.9799999999999,0.1133886577216171,0.1240880399300705
759.7800000000001,0.1089112909428966,0.1236459973022459
767.38,0.1046775074037917,0.1230955790044597
773.9799999999999,0.1009579906396233,0.1222288367091136
776.68,0.0993444881882969,0.1207578578114145
779.2800000000001,0.1002639844993873,0.1207149981095218
781.9799999999999,0.101216545390346,0.1203027689720496
784.4799999999999,0.1021634797192323,0.1193920171681685
787.08,0.1031173608058727,0.1192734648798773
789.68,0.1040835128534078,0.1183895090415392
792.58,0.1051326192647134,0.1178276328251785
795.18,0.1060899525131679,0.1178023848314441
797.7800000000001,0.1070210164338763,0.1171394362329585
800.2800000000001,0.1079886522169561,0.1161845710345941
802.7800000000001,0.1089225741545655,0.1161052501637312
805.2800000000001,0.1098495384161569,0.1150147728905496
807.7800000000001,0.1108905982288886,0.1148458040438751
813.08,0.1128525412434796,0.1148195546558213
815.7800000000001,0.1140470810696169,0.1140470810696169
818.38,0.1150147728905496,0.1133886577216171
821.08,0.1161052501637312,0.1128525412434796
823.68,0.1171394362329585,0.1124849677566876
826.4799999999999,0.1183895090415392,0.1108905982288886
828.9799999999999,0.1193920171681685,0.1098495384161569
831.7800000000001,0.1207149981095218,0.1097471115513127
839.58,0.1240880399300705,0.1089225741545655
847.38,0.1330853082115866,0.1089112909428966
854.18,0.1349296140525827,0.1079886522169561
856.68,0.1357045775949087,0.1071815277736012
859.2800000000001,0.133102221536091,0.1070210164338763
861.88,0.1304390384315859,0.1060899525131679
864.2800000000001,0.1279439201871817,0.1051326192647134
866.9799999999999,0.1253829295509253,0.1046775074037917
869.38,0.1230955790044597,0.1042847098024212
872.18,0.1203027689720496,0.1040835128534078
874.7800000000001,0.1178023848314441,0.1031173608058727
877.58,0.1148195546558213,0.1021634797192323
880.08,0.1124849677566876,0.101216545390346
882.7800000000001,0.1097471115513127,0.1009579906396233
885.2800000000001,0.1071815277736012,0.1002639844993873
888.2800000000001,0.1042847098024212,0.0993444881882969
893.4799999999999,0.0989951229440276,0.0989951229440276
895.9799999999999,0.0964019981612631,0.0964019981612631
898.4799999999999,0.093894289696964,0.093894289696964
900.98,0.0913539302300463,0.0913539302300463
903.58,0.0886964250385676,0.0906060160348807
906.18,0.0859877722430239,0.0901675599158317
908.58,0.0835146051822323,0.0899571576130934
911.18,0.0807386167310415,0.0897300106136367
918.78,0.0726422590585939,0.0893496602918023
926.58,0.0587367602201844,0.0889172953477732
933.38,0.0545853668817888,0.0886964250385676
935.98,0.052780510445728,0.0885319771378229
938.48,0.0539199530785598,0.0881803689271619
941.28,0.0551322392557889,0.0877808671307176
943.68,0.0562562432818545,0.0876173610880738
946.58,0.0576287409962214,0.0872890304869628
948.98,0.0587230853257046,0.0866856272850228
951.78,0.0600303080877678,0.0862279470572114
954.38,0.0612138531352713,0.0859877722430239
956.78,0.0623432362318902,0.0858511989948171
959.48,0.0635791448622839,0.0855314935787017
961.98,0.0646752444461625,0.084427155121787
964.78,0.0658734998854906,0.0839274025329877
967.28,0.067127537927036,0.0835590325433335
972.48,0.069474757786904,0.0835146051822323
974.98,0.0706112123316819,0.0830580400955037
977.38,0.071689884815201,0.0824901061999618
979.78,0.0728284589211833,0.0820056280802788
982.38,0.0740254585944244,0.0815711587616627
984.98,0.075175917879181,0.0812180264823587
987.48,0.0762846622351623,0.0810828134811479
990.28,0.0775697459950886,0.0807386167310415
998.18,0.0812180264823587,0.0797857362395749
1005.98,0.0877808671307176,0.0775697459950886
1012.68,0.0897300106136367,0.0775697459950886
1015.18,0.0906060160348807,0.0775697459950886
1017.98,0.0901675599158317,0.0775697459950886
1020.58,0.0899571576130934,0.0775697459950886
1023.28,0.0893496602918023,0.0775697459950886
1025.88,0.0889172953477732,0.0775697459950886
1028.48,0.0885319771378229,0.0775697459950886
1031.08,0.0881803689271619,0.0775697459950886
1033.58,0.0876173610880738,0.0775697459950886
1036.08,0.0872890304869628,0.0775697459950886
1038.48,0.0866856272850228,0.0775697459950886
1041.2800000000002,0.0862279470572114,0.0775697459950886
1043.6799999999998,0.0858511989948171,0.0775697459950886
1046.38,0.0855314935787017,0.0775697459950886
1051.2800000000002,0.084427155121787,0.0775697459950886
1053.98,0.0839274025329877,0.0775697459950886
1056.48,0.0835590325433335,0.0775697459950886
1059.1799999999998,0.0830580400955037,0.0775697459950886
1061.7800000000002,0.0824901061999618,0.0775697459950886
1064.58,0.0820056280802788,0.0775697459950886
1066.98,0.0815711587616627,0.0775697459950886
1069.7800000000002,0.0810828134811479,0.0775697459950886
1077.1799999999998,0.0797857362395749,0.0775697459950886
1084.7800000000002,0.0757833723681723,0.0775697459950886
1091.2800000000002,0.0753186370188143,0.0775697459950886
1093.7800000000002,0.0751063233199902,0.0776451795528351
1096.48,0.0747479463600517,0.0792691508074734
1099.08,0.0747192149498402,0.0797857362395749
1101.7800000000002,0.0742592258471342,0.0806144041126538
1104.2800000000002,0.074274681555243,0.0810828134811479
1106.98,0.074010235329045,0.0812180264823587
1109.48,0.0738574865277244,0.0815711587616627
1111.98,0.0734871159308283,0.0820056280802788
1114.6799999999998,0.0733537151708125,0.0822898469203627
1117.1799999999998,0.0731425522152123,0.0824901061999618
1119.7800000000002,0.0729950072619701,0.0830580400955037
1122.1799999999998,0.0727208126331058,0.0835590325433335
1124.98,0.0725233416170526,0.0836856245282419
1129.88,0.0720335828613056,0.0839274025329877
1132.48,0.0717758038651575,0.084427155121787
1134.98,0.0718028294168851,0.0853148187299425
1137.7800000000002,0.0717285716783469,0.0855314935787017
1140.38,0.0715585283812437,0.0858511989948171
1143.08,0.0712759668845932,0.0862279470572114
1145.48,0.0710775145267656,0.0866856272850228
1148.08,0.0709392742958262,0.086737614316294
1155.7800000000002,0.0702868625781961,0.0872890304869628
1163.58,0.0707338801659216,0.0876173610880738
1170.2800000000002,0.074786086994678,0.0877808671307176
1172.98,0.0762401136317914,0.0880432423468201
1175.48,0.0776451795528351,0.0881803689271619
1178.2800000000002,0.0792691508074734,0.0881803689271619
1180.6799999999998,0.0806144041126538,0.0881803689271619
1183.58,0.0822898469203627,0.0881803689271619
1185.98,0.0836856245282419,0.0881803689271619
1188.7800000000002,0.0853148187299425,0.0881803689271619
1191.48,0.086737614316294,0.0881803689271619
1193.98,0.0880432423468201,0.0881803689271619
1196.58,0.0895347728312125,0.0895347728312125
1199.2800000000002,0.0909038390788429,0.0909038390788429
1201.98,0.0922276680691359,0.0922276680691359
1204.7800000000002,0.0935355743200285,0.0935355743200285
1209.7800000000002,0.0961546728367484,0.0961546728367484
1212.2800000000002,0.0975472039326881,0.0975472039326881
1214.7800000000002,0.0987108202464989,0.0987108202464989
1217.2800000000002,0.0998882873786359,0.0998882873786359
1219.98,0.1012170012518159,0.0998882873786359
1222.7800000000002,0.1026218340717393,0.0998882873786359
1225.2800000000002,0.1036809514741659,0.0998882873786359
1228.08,0.1050186205071698,0.0998882873786359
1235.88,0.1085245132291705,0.0998882873786359
1243.6799999999998,0.1112072501986813,0.0998882873786359
1250.7800000000002,0.1126185668476515,0.0998882873786359
1253.38,0.1130201344506434,0.0998882873786359
1255.98,0.1133835962113529,0.0998882873786359
1258.6799999999998,0.1133882094955618,0.0998882873786359
1261.2800000000002,0.1135150471252416,0.0998882873786359
1263.7800000000002,0.1136348179402063,0.0998882873786359
1266.2800000000002,0.1136194969403585,0.0998882873786359
1268.98,0.113850033547771,0.0998882873786359
1271.7800000000002,0.1138348153233628,0.0998882873786359
1274.2800000000002,0.1139141951886406,0.0998882873786359
1276.6799999999998,0.1139865531231703,0.0998882873786359
1279.38,0.1140276925707702,0.0998882873786359
1281.7800000000002,0.114089546783531,0.0998882873786359
1284.58,0.1141105828769674,0.0998882873786359
1289.48,0.1142648739099912,0.0998882873786359
1292.08,0.114283767342938,0.0998882873786359
1294.48,0.1144254281868998,0.0998882873786359
1296.98,0.1144824513336007,0.0998882873786359
1299.48,0.1145079887268924,0.0998882873786359
1302.08,0.1145979000943564,0.0998882873786359
1304.7800000000002,0.1146206295672521,0.0998882873786359
1307.38,0.114720245516408,0.0998882873786359
1315.08,0.1148455720087261,0.0998882873786359
1323.1799999999998,0.1134785222277357,0.0998882873786359
1329.88,0.1112060575009522,0.0998882873786359
1332.48,0.1103432030016666,0.0998882873786359
1335.08,0.109796134389338,0.0998882873786359
1337.7800000000002,0.1091268256455766,0.0998882873786359
1340.2800000000002,0.1085925575169535,0.0999484064785425
1343.08,0.1079693262449172,0.1002947871291347
1345.48,0.1075069114153249,0.1005402131538666
1348.08,0.1069411740439722,0.1008211873546269
1350.58,0.1064343747841311,0.1011957684173162
1353.08,0.1058635176931388,0.1012170012518159
1355.58,0.105517917557499,0.1013692609715064
1358.2800000000002,0.1049523411736781,0.1018200213371733
1361.08,0.1043900181753928,0.1019234470038683
1363.58,0.1038507846127455,0.1023996822317766
1368.6799999999998,0.1028625359878493,0.1025919970846632
1371.1799999999998,0.1023996822317766,0.1026218340717393
1373.98,0.1018200213371733,0.1028625359878493
1376.38,0.1013692609715064,0.1033329421586065
1379.08,0.1008211873546269,0.1036809514741659
1381.58,0.1002947871291347,0.1038507846127455
1384.48,0.099719822011904,0.1038743809686309
1387.1799999999998,0.0991598599229046,0.1043900181753928
1394.6799999999998,0.0975039533780409,0.1046889577032114
1402.58,0.0980843689118946,0.1049523411736781
1409.1799999999998,0.0977677922781684,0.1049523411736781
1411.6799999999998,0.0977567857041361,0.1049523411736781
1414.38,0.0978544225971575,0.1049523411736781
1416.98,0.0980165398033678,0.1049523411736781
1419.58,0.0981285160192943,0.1049523411736781
1422.1799999999998,0.098165030302505,0.1049523411736781
1424.58,0.0981972619896291,0.1049523411736781
1427.2800000000002,0.0982215685553056,0.1049523411736781
1429.7800000000002,0.0981755308399961,0.1049523411736781
1432.48,0.0981755308399961,0.1049523411736781
1434.98,0.0981872279826702,0.1049523411736781
1437.7800000000002,0.0981843549208926,0.1049523411736781
1440.1799999999998,0.0982226743453781,0.1049523411736781
1443.08,0.0980940246489256,0.1049523411736781
1447.98,0.0981971823936162,0.1049523411736781
1450.6799999999998,0.0981721872484708,0.1049523411736781
1453.1799999999998,0.0981207505902896,0.1049523411736781
1455.7800000000002,0.0980204964686854,0.1049523411736781
1458.38,0.0981163470437196,0.1049523411736781
1461.2800000000002,0.0980375626044611,0.1049523411736781
1463.6799999999998,0.0980472561477794,0.1049523411736781
1466.2800000000002,0.0979919575395253,0.1049523411736781
1474.08,0.0979585675051818,0.1049523411736781
1481.88,0.0972127413935755,0.1049523411736781
1488.98,0.0967989973472796,0.1049523411736781
1491.48,0.0967628639705442,0.1049523411736781
1494.2800000000002,0.0973960198343691,0.1049523411736781
1497.08,0.0979860256568019,0.1049523411736781
1499.48,0.0985801900935914,0.1049523411736781
1502.1799999999998,0.0992800039366444,0.1049523411736781
1504.58,0.0999484064785425,0.1049523411736781
1507.1799999999998,0.1005402131538666,0.1049523411736781
1509.7800000000002,0.1011957684173162,0.1049523411736781
1512.48,0.1019234470038683,0.1049523411736781
1514.88,0.1025919970846632,0.1049523411736781
1517.58,0.1033329421586065,0.1049523411736781
1519.98,0.1038743809686309,0.1049523411736781
1522.7800000000002,0.1046889577032114,0.1049523411736781
1527.7800000000002,0.1060531934607169,0.1060531934607169
1530.38,0.1068580751263178,0.1068580751263178
1532.7800000000002,0.1073168467418082,0.1073168467418082
1535.2800000000002,0.1079673155734202,0.1079673155734202
1537.7800000000002,0.108637705497164,0.108637705497164
1540.38,0.1093514894237078,0.1093514894237078
1543.08,0.1100994787659942,0.1100994787659942
1545.58,0.1108393582014593,0.1100994787659942
1553.38,0.1131546753664744,0.1100994787659942
1561.48,0.1165443392901238,0.1100994787659942
1568.1799999999998,0.1186029088033546,0.1100994787659942
1570.7800000000002,0.11953635074919,0.1100994787659942
1573.1799999999998,0.1194172494853026,0.1100994787659942
1576.1799999999998,0.1197949908711067,0.1100994787659942
1578.6799999999998,0.1198598576427075,0.1100994787659942
1581.2800000000002,0.1198685781866128,0.1100994787659942
1583.7800000000002,0.119998116635931,0.1100994787659942
1586.2800000000002,0.1201396988685303,0.1100994787659942
1588.98,0.1200858330387167,0.1100994787659942
1591.38,0.1203798304956013,0.1100994787659942
1594.08,0.1202929325451944,0.1100994787659942
1596.58,0.1208659858354017,0.1100994787659942
1599.08,0.1209379437763363,0.1100994787659942
1601.58,0.1208413959862414,0.1100994787659942
1606.7800000000002,0.1211292475412753,0.1100994787659942
1609.2800000000002,0.1212958852035381,0.1100994787659942
1611.6799999999998,0.1214502029650277,0.1100994787659942
1614.2800000000002,0.12170047375327,0.1100994787659942
1616.7800000000002,0.1217386556572637,0.1100994787659942
1619.38,0.1217801638694121,0.1100994787659942
1621.7800000000002,0.1218690111431816,0.1100994787659942
1624.38,0.1221031808132809,0.1100994787659942
1632.08,0.1224769085787066,0.1100994787659942
1639.98,0.1284645076429522,0.1100994787659942
1646.48,0.1295163745691605,0.1100994787659942
1649.2800000000002,0.1299484988573915,0.1100994787659942
1651.6800000000003,0.129565309313251,0.1100994787659942
1654.48,0.1292102780999692,0.1100994787659942
1656.98,0.1286519403053559,0.1100994787659942
1659.7800000000002,0.1281360402262195,0.1100994787659942
1662.2800000000002,0.1278047182579752,0.1100994787659942
1665.08,0.1273348575839255,0.1100994787659942
1667.6800000000003,0.1271950258547603,0.1100994787659942
1670.38,0.1264430910301649,0.1100994787659942
1672.88,0.125972721455933,0.1100994787659942
1675.7800000000002,0.1256406566701634,0.1100994787659942
1678.2800000000002,0.1250376002069723,0.1100994787659942
1681.08,0.1244564714058006,0.1100994787659942
1685.98,0.1238142508561307,0.1100994787659942
1688.7800000000002,0.1232788375600746,0.1100994787659942
1691.1800000000003,0.1229444594316357,0.1100994787659942
1693.7800000000002,0.1226509569549241,0.1100994787659942
1696.48,0.1221005627640831,0.1100994787659942
1699.08,0.1214941860530317,0.1100994787659942
1701.58,0.1213775282703785,0.1102981381550887
1704.2800000000002,0.1208911287196334,0.1108393582014593
1712.1800000000003,0.119805910477279,0.1131546753664744
1719.88,0.108755906025534,0.1143469425944087
1726.7800000000002,0.105048392569941,0.1156192957551897
1729.2800000000002,0.1036258862373602,0.115704263703915
1731.6800000000003,0.1022878077201464,0.1156192957551897
1734.38,0.1007946640074081,0.1153199336221881
1736.7800000000002,0.0994400459505505,0.1149837975357831
1739.58,0.0980084874543138,0.114600420064395
1742.08,0.096625356343751,0.1145181360759763
1744.58,0.0952966709056957,0.1143469425944087
1747.2800000000002,0.0937281792499745,0.1140994729751576
1749.6800000000003,0.092486767023455,0.1138252125487246
1752.48,0.0908200017540097,0.1136903117672358
1755.08,0.0893281387405945,0.1131509080006229
1757.7800000000002,0.0878477283937302,0.1128710405501032
1760.38,0.0863531390199581,0.1125991261389908
1765.48,0.0834011389634886,0.1120702559471934
1767.98,0.0819058883846692,0.1116345505114545
1770.48,0.0804571028924444,0.1114200637657598
1772.98,0.0789184219776192,0.111222233401391
1775.48,0.0774125315417529,0.1108171648207813
1778.08,0.0757949524245392,0.1105222654560473
1780.48,0.0744748747321226,0.1102981381550887
1783.08,0.0728921717146499,0.1102251401583702
1790.7800000000002,0.0680770848635702,0.1098304521656115
1798.38,0.0681704663082095,0.108888142761763
1805.58,0.0693498082785272,0.108755906025534
1807.98,0.0696730165305993,0.1082529283640589
1810.78,0.0716598217174497,0.1081644153392664
1813.38,0.0734484750911945,0.1081498874916276
1815.78,0.0750848982567176,0.1081382468546906
1818.48,0.0770078837741429,0.1079217400385061
1820.88,0.0785755431636461,0.1077847783534004
1823.58,0.0804758694868612,0.107543116161844
1826.1800000000003,0.0823347953172865,0.1074076272483047
1828.6800000000003,0.0839538070908185,0.1070618517356705
1831.48,0.0857811996155972,0.1069598195291545
1834.28,0.0876625116467233,0.1067780551978327
1836.78,0.0892805319043921,0.1065651939467883
1839.58,0.0910462399122511,0.1062875637027558
1844.48,0.0942917483510298,0.106151803271639
1846.98,0.0959223328725455,0.1060002353407644
1849.48,0.0975298099407738,0.1055518187996908
1851.88,0.0989504577222381,0.1055026223837806
1854.58,0.1006723119905273,0.1054037722040474
1857.1800000000003,0.102233814298029,0.1053067376541232
1859.78,0.1038869802207495,0.105048392569941
1862.38,0.1055026223837806,0.1049794592452692
1870.28,0.1102981381550887,0.1048805090680713
1877.98,0.1143469425944087,0.1045317165981555
1884.48,0.1156192957551897,0.1044191225019842
1886.98,0.1161372159413281,0.1044191225019842
1889.48,0.1160106831410169,0.1044191225019842
1891.88,0.115704263703915,0.1044191225019842
1894.28,0.1153199336221881,0.1045317165981555
1896.98,0.1149837975357831,0.1047038067351358
1899.38,0.114600420064395,0.1048805090680713
1902.08,0.1145181360759763,0.1049794592452692
1904.6800000000003,0.1140994729751576,0.1052964137283863
1907.48,0.1138252125487246,0.1053067376541232
1909.98,0.1136903117672358,0.1054037722040474
1912.78,0.1131509080006229,0.1055026223837806
1915.28,0.1128710405501032,0.1055518187996908
1918.08,0.1125991261389908,0.1058718436158785
1922.98,0.1120702559471934,0.1060002353407644
1925.58,0.1116345505114545,0.106151803271639
1928.08,0.1114200637657598,0.1062875637027558
1930.78,0.111222233401391,0.1063662621227624
1933.48,0.1108171648207813,0.1065651939467883
1936.28,0.1105222654560473,0.1067780551978327
1938.78,0.1102251401583702,0.1069005525696016
1941.58,0.1098304521656115,0.1069598195291545
1949.48,0.108888142761763,0.1070618517356705
1957.08,0.1081644153392664,0.1073526214133786
1963.98,0.1082529283640589,0.1074076272483047
1966.48,0.1081498874916276,0.107543116161844
1968.88,0.1081382468546906,0.1077847783534004
1971.48,0.1079217400385061,0.1077847783534004
1973.88,0.1077847783534004,0.1077847783534004
1976.58,0.107543116161844,0.1077847783534004
1979.08,0.1074076272483047,0.1077847783534004
1981.58,0.1070618517356705,0.1077847783534004
1984.28,0.1069598195291545,0.1077847783534004
1986.78,0.1067780551978327,0.1077847783534004
1989.38,0.1065651939467883,0.1077847783534004
1991.98,0.1062875637027558,0.1077847783534004
1994.38,0.106151803271639,0.1077847783534004
1997.08,0.1060002353407644,0.1077847783534004
2002.28,0.1055518187996908,0.1077847783534004
2004.78,0.1054037722040474,0.1077847783534004
2007.28,0.1053067376541232,0.1077847783534004
2009.98,0.1049794592452692,0.1077847783534004
2012.78,0.1048805090680713,0.1077847783534004
2015.48,0.1045317165981555,0.1077847783534004
2018.08,0.1044191225019842,0.1077847783534004
2020.6800000000003,0.1042449562668112,0.1077847783534004
2028.38,0.1037407810485597,0.1077847783534004
2036.08,0.1039504150168749,0.1077847783534004
2042.6800000000003,0.1037020491376352,0.1077847783534004
2045.1800000000003,0.1037004101525782,0.107543116161844
2047.78,0.1041828506853134,0.1074076272483047
2050.28,0.1047038067351358,0.1073526214133786
2052.6800000000003,0.1052964137283863,0.1070618517356705
2055.48,0.1058718436158785,0.1069598195291545
2057.98,0.1063662621227624,0.1069005525696016
2060.58,0.1069005525696016,0.1067780551978327
2063.1800000000003,0.1073526214133786,0.1065651939467883
2065.88,0.1079106253505966,0.1063662621227624
2068.28,0.1084021150820581,0.1062875637027558
2070.88,0.1088955543592939,0.106151803271639
2073.48,0.1095282438592919,0.1060002353407644
2076.08,0.1099126176464334,0.1060002353407644
2081.1800000000003,0.111001189604875,0.1060002353407644
2083.58,0.1114818554533253,0.1060002353407644
2086.28,0.112061488395161,0.1060002353407644
2088.6800000000003,0.1124652347775369,0.1060002353407644
2091.48,0.1130236975048397,0.1060002353407644
2094.08,0.1137710729388514,0.1060002353407644
2096.78,0.1144583752500437,0.1060002353407644
2099.38,0.1152685246995438,0.1060002353407644
2107.1800000000003,0.1171549933106924,0.1060002353407644
2115.1800000000003,0.1185475483302179,0.1060002353407644
2121.78,0.1157809363815985,0.1060002353407644
2124.58,0.1144723996369506,0.1060002353407644
2127.08,0.1123229421858008,0.1060002353407644
2129.48,0.1101148400697422,0.1060002353407644
2131.98,0.1079151973405612,0.1060002353407644
2134.58,0.1055538157026327,0.1060002353407644
2137.28,0.1030385151379086,0.1060002353407644
2139.78,0.1007141826540236,0.1060002353407644
2142.38,0.0982992925978296,0.1060002353407644
2144.78,0.0959394002684502,0.1060002353407644
2147.28,0.09358611162388,0.1060002353407644
2149.98,0.0909256510426395,0.1060002353407644
2152.48,0.0884380530519382,0.1060002353407644
2155.08,0.0857974748690215,0.1060002353407644
2160.08,0.0807215453762554,0.1060002353407644
2162.78,0.0778674704876782,0.1060002353407644
2165.1800000000003,0.0752398525520597,0.1063662621227624
2167.58,0.0727084732827766,0.1069005525696016
2170.1800000000003,0.0697891959769029,0.1073526214133786
2172.78,0.0665837156170159,0.1076013072779818
2175.48,0.0630881089763613,0.1079106253505966
2177.98,0.059862005688557,0.1079151973405612
2185.58,0.0496150750244828,0.1084021150820581
2193.58,0.0425114477466994,0.1088955543592939
2200.1800000000003,0.0468632158884071,0.1095282438592919
2202.58,0.0484116979351643,0.1099126176464334
2205.28,0.0531488884625262,0.1101148400697422
2207.78,0.0574955876677829,0.111001189604875
2210.28,0.0617369813972932,0.1113918663115407
2212.98,0.0660643572787911,0.1114818554533253
2215.38,0.069941695620729,0.112061488395161
2218.08,0.0742259435016944,0.1123229421858008
2220.58,0.0780660939768108,0.1124652347775369
2223.08,0.0818479600731845,0.1130236975048397
2225.6800000000003,0.0857366364637548,0.1137710729388514
2228.28,0.0895194043854474,0.1144583752500437
2230.98,0.0933561483285781,0.1144723996369506
2233.48,0.0970124626929049,0.1146169120209535
2238.58,0.103921661373735,0.1152685246995438
2241.1800000000003,0.1076013072779818,0.1157809363815985
2243.98,0.1113918663115407,0.1171549933106924
2246.38,0.1146169120209535,0.1181723960318164
2248.98,0.1181723960318164,0.1185475483302179
2251.58,0.1216456087437422,0.1216456087437422
2253.98,0.1246745038273107,0.1246745038273107
2256.58,0.1281032910460204,0.1281032910460204
2264.1800000000003,0.1379335006629902,0.1379335006629902
2271.78,0.1446284803237053,0.1389341605354526
2278.48,0.1504525984013597,0.1393761519517629
2281.08,0.1524037870730369,0.1396273530294238
2283.58,0.1519815085034856,0.1396645686221081
2286.28,0.1514476413783777,0.1399898702863874
2288.78,0.1509594418010528,0.1403752139668792
2291.28,0.1503491832933804,0.1404617855788119
2293.98,0.1498038194345094,0.1408584420260132
2296.48,0.149092012021257,0.1412845597420634
2299.28,0.1488330526575042,0.1413354231826821
2301.6800000000003,0.1482084622663095,0.1417577144723742
2304.38,0.1476457230136024,0.1419389332066958
2306.98,0.1472029756860766,0.1421925570688819
2309.38,0.1467966584914198,0.1421925570688819
2311.98,0.1462150463341356,0.1421925570688819
2317.28,0.1452297424050229,0.1421925570688819
2319.6800000000003,0.1447460294471467,0.1421925570688819
2322.1800000000003,0.1442903838328715,0.1421925570688819
2324.78,0.1436457030018697,0.1421925570688819
2327.28,0.1434136740835776,0.1421925570688819
2329.98,0.1427901888996639,0.1421925570688819
2332.48,0.1424005809207852,0.1421925570688819
2335.38,0.1419389332066958,0.1421925570688819
2343.1800000000003,0.1404617855788119,0.1421925570688819
2351.08,0.1413354231826821,0.1421925570688819
2357.78,0.1396273530294238,0.1421925570688819
2360.28,0.1389341605354526,0.1421925570688819
2362.98,0.1393761519517629,0.1421925570688819
2365.48,0.1396645686221081,0.1421925570688819
2367.88,0.1399898702863874,0.1421925570688819
2370.48,0.1403752139668792,0.1421925570688819
2372.98,0.1408584420260132,0.1421925570688819
2375.48,0.1412845597420634,0.1421925570688819
2378.28,0.1417577144723742,0.1421925570688819
2381.08,0.1421925570688819,0.1421925570688819
2383.48,0.1426596346926172,0.1421925570688819
2386.28,0.1431486036364358,0.1421925570688819
2388.78,0.1434311184139751,0.1421925570688819
2391.28,0.1440858327222829,0.1421925570688819
2396.38,0.1448008707841084,0.1421925570688819
2399.08,0.1453222281249159,0.1421925570688819
2401.48,0.1456315981835328,0.1421925570688819
2403.98,0.1461434881104928,0.1421925570688819
2406.78,0.1466787553914273,0.1421925570688819
2409.48,0.1471761199352839,0.1421925570688819
2411.98,0.1476589131044702,0.1421925570688819
2414.58,0.1479754682624574,0.1421925570688819
2422.28,0.1494203986973265,0.1421925570688819
2430.08,0.1509342701265709,0.1421925570688819
2436.6800000000003,0.1522776835945635,0.1421925570688819
2439.08,0.1530483537889851,0.1421925570688819
2441.88,0.1521661025036879,0.1419389332066958
2444.38,0.1511570944874231,0.1417577144723742
2447.1800000000003,0.1501773439555033,0.1413354231826821
2449.6800000000003,0.1495165372406048,0.1412845597420634
2452.48,0.1485339273422618,0.1412845597420634
2455.08,0.1475252723729182,0.1412845597420634
2457.78,0.1465913394722653,0.1412845597420634
2460.28,0.1458586398502836,0.1412845597420634
2462.78,0.1449472933482824,0.1412845597420634
2465.58,0.1439993489142455,0.1412845597420634
2467.98,0.1432795931344153,0.1412845597420634
2470.58,0.1422528366313568,0.1412845597420634
2475.78,0.1406705851804849,0.1412845597420634
2478.1800000000003,0.1399681624383028,0.1412845597420634
2480.58,0.1392283808957668,0.1412845597420634
2483.28,0.1383526601407262,0.1412845597420634
2485.78,0.1375328929839228,0.1412845597420634
2488.38,0.136679198575756,0.1412845597420634
2490.78,0.1357793085458622,0.1412845597420634
2493.38,0.1350566455090979,0.1412845597420634
2501.28,0.1325649586561343,0.1412845597420634
2508.98,0.1306683689589916,0.1412845597420634
2515.6800000000003,0.1288353055386071,0.1412845597420634
2518.1800000000003,0.1278176076561989,0.1413354231826821
2520.6800000000003,0.1280985297810053,0.141481318511398
2523.08,0.1284146213168575,0.1417577144723742
2525.78,0.128778816494691,0.141818961760833
2528.28,0.1290426544008044,0.1421340845963852
2530.98,0.1294800793049299,0.1421925570688819
2533.48,0.1298876338734836,0.1422528366313568
2536.1800000000003,0.1302264658924506,0.1422643014260047
2538.6800000000003,0.1305322868300677,0.1422643014260047
2541.1800000000003,0.1308397469356598,0.1422643014260047
2543.78,0.1312250147896428,0.1422643014260047
2546.38,0.1317278270250245,0.1422643014260047
2548.98,0.1320019400318802,0.1422528366313568
2553.98,0.1327109206153193,0.1421340845963852
2556.58,0.1330623646219805,0.141818961760833
2558.98,0.1334007688903923,0.141481318511398
2561.48,0.1339384332818001,0.1413196912851042
2564.08,0.1341382939284421,0.1409348959234218
2566.58,0.1346217417123201,0.1408042979267331
2569.48,0.1349805856895857,0.1406705851804849
2572.08,0.1354018387045794,0.1404952574186271
2580.08,0.1367064796963727,0.1403437368271123
2587.88,0.1377840924013191,0.1399681624383028
2594.48,0.1387218830488967,0.1397877205030149
2597.28,0.1390260924026247,0.1396742594278612
2599.6800000000003,0.1393482675791547,0.1393482675791547
2602.38,0.1396742594278612,0.1392283808957668
2604.88,0.1397877205030149,0.1392245568268137
2607.78,0.1404952574186271,0.1390260924026247
2610.28,0.1408042979267331,0.1387218830488967
2613.08,0.1409348959234218,0.1383526601407262
2615.6800000000003,0.141481318511398,0.1377840924013191
2618.38,0.141818961760833,0.1375328929839228
2620.78,0.1421340845963852,0.1374740001516106
2623.58,0.1424855987806504,0.1367064796963727
2626.08,0.1428757416906418,0.136679198575756
2628.58,0.1430786662656574,0.1365985294256089
2633.78,0.1437567276009834,0.1357793085458622
2636.38,0.1442985041769269,0.1357196956241671
2638.78,0.1445436021174916,0.1354018387045794
2641.28,0.1449135913640886,0.1350566455090979
2643.98,0.1453822260327771,0.1349805856895857
2646.58,0.1456517941377993,0.134911033367952
2649.28,0.1460315454272058,0.1346217417123201
2651.78,0.1464324967855166,0.1341382939284421
2659.78,0.1475547542863775,0.1339384332818001
2667.48,0.1488593374508726,0.1338809818980836
2673.98,0.1504497319560421,0.1334007688903923
2676.78,0.1513874697425803,0.1334007688903923
2679.28,0.1502932131693317,0.1334007688903923
2681.6800000000003,0.1493874892696344,0.1334007688903923
2684.48,0.1482394754516812,0.1334007688903923
2687.1800000000003,0.1468634828326602,0.1334007688903923
2689.58,0.1459089541225965,0.1334007688903923
2692.1800000000003,0.1451487696090426,0.1334007688903923
2694.78,0.1440890094464701,0.1334007688903923
2697.1800000000003,0.1430344973391421,0.1334007688903923
2699.6800000000003,0.1422643014260047,0.1334007688903923
2702.28,0.1413196912851042,0.1334007688903923
2704.78,0.1403437368271123,0.1334007688903923
2707.58,0.1392245568268137,0.1334007688903923
2712.78,0.1374740001516106,0.1334007688903923
2715.28,0.1365985294256089,0.1334007688903923
2717.6800000000003,0.1357196956241671,0.1334007688903923
2720.28,0.134911033367952,0.1334007688903923
2722.88,0.1338809818980836,0.1334007688903923
2725.58,0.1329708648917373,0.1329708648917373
2728.1800000000003,0.1321572155258852,0.1321572155258852
2730.98,0.131359122315189,0.131359122315189
2738.6800000000003,0.1286363198727558,0.1308699148948486
2746.48,0.1261645346904297,0.1308699148948486
2753.58,0.1233436350529267,0.1308699148948486
2756.08,0.1223201450694503,0.1308699148948486
2758.78,0.1217227191455706,0.1308699148948486
2761.28,0.1212724879841956,0.1308699148948486
2764.08,0.1206931522887444,0.1308699148948486
2766.78,0.1201220969817082,0.1308699148948486
2769.48,0.119616270068187,0.1308699148948486
2772.08,0.1190843605148949,0.1308699148948486
2774.78,0.1185110772290467,0.1308699148948486
2777.28,0.1180040419205973,0.1308284105937073
2780.08,0.1174971469626544,0.1306840985734964
2782.58,0.1170023187858467,0.130603613562835
2785.28,0.1165078405583907,0.1304231399578469
2787.88,0.1159622296629437,0.1303037876974823
2792.98,0.1150170722387709,0.1301855791435296
2795.38,0.1144750144017989,0.1301503681969576
2798.08,0.113947364695567,0.1299940360254427
2800.58,0.1135333649535444,0.1298611202952961
2803.48,0.1129807342865555,0.1298611202952961
2806.08,0.1124942514216195,0.1295545362708479
2808.88,0.1119618911237726,0.1292725074884453
2811.48,0.1114692234947406,0.1292033397321223
2819.08,0.1100779334561018,0.1289407916340406
2827.1800000000003,0.1082374219938761,0.1286363198727558
2833.6800000000003,0.1069686525063679,0.1283275117974932
2836.58,0.1065350925910029,0.1283169146047511
2838.98,0.1071924217936359,0.1281675996078836
2841.48,0.1080056068219831,0.1281058823342278
2844.08,0.1087261732443279,0.1281058823342278
2846.6800000000003,0.1095518560609646,0.1280214795074066
2849.48,0.1104173899298721,0.1279871821487095
2852.08,0.1111910261303947,0.1278437565768554
2854.78,0.1120037314961832,0.1278298962085392
2857.1800000000003,0.1126592489307731,0.127728039573009
2859.58,0.113397578572766,0.1276980558944677
2862.1800000000003,0.1141663778025939,0.1276941210504469
2864.58,0.1149311798891624,0.1274559681331536
2867.28,0.1157355988088314,0.1273670085878512
2872.1800000000003,0.1172547346087369,0.1271475185378053
2874.78,0.1180962854467556,0.1271470585618913
2877.1800000000003,0.1187423751418921,0.1270972762025006
2879.88,0.1197277373735776,0.1270878638986627
2882.48,0.1204866653853552,0.1269325614047161
2884.98,0.121208590406137,0.1268287438941761
2887.58,0.1221084292191297,0.1267132347518173
2890.1800000000003,0.122986709111865,0.1266744757897945
2897.78,0.1254158906816767,0.1264078173031427
2905.78,0.1281675996078836,0.1261645346904297
2912.98,0.1308699148948486,0.1256817793621234
2915.48,0.1318938875770399,0.1254158906816767
2918.28,0.1318191032580278,0.1250655401265652
2920.78,0.1316989603076659,0.1250655401265652
2923.38,0.1315145237275048,0.1250655401265652
2925.98,0.1315565037488842,0.1250655401265652
2928.48,0.1313794996924773,0.1250655401265652
2931.28,0.1312153646912822,0.1250655401265652
2934.08,0.1312125254490707,0.1250655401265652
2936.58,0.1311085462322783,0.1250655401265652
2938.98,0.1310201373706636,0.1250655401265652
2941.6800000000003,0.1308284105937073,0.1250655401265652
2944.1800000000003,0.1306840985734964,0.1250655401265652
2946.88,0.130603613562835,0.1250655401265652
2951.78,0.1304231399578469,0.1250655401265652
2954.48,0.1303037876974823,0.1250655401265652
2956.88,0.1301855791435296,0.1250655401265652
2959.58,0.1301503681969576,0.1250655401265652
2962.1800000000003,0.1299940360254427,0.1250655401265652
2964.88,0.1298611202952961,0.1250655401265652
2967.38,0.1299111959089806,0.1250655401265652
2970.08,0.1295545362708479,0.1250655401265652
2977.98,0.1292725074884453,0.1250655401265652
2985.6800000000003,0.1292033397321223,0.1250655401265652
2992.58,0.1289407916340406,0.1250655401265652
2995.08,0.1283275117974932,0.1250655401265652
2997.78,0.1283169146047511,0.1250655401265652
3000.28,0.1281058823342278,0.1250655401265652
3002.6800000000003,0.1281058823342278,0.1250655401265652
3005.28,0.1280214795074066,0.1250655401265652
3007.78,0.1279871821487095,0.1250655401265652
3010.58,0.1278298962085392,0.1250655401265652
3013.1800000000003,0.1278437565768554,0.1250655401265652
3015.78,0.127728039573009,0.1250655401265652
3018.28,0.1276980558944677,0.1250655401265652
3020.78,0.1276941210504469,0.1250655401265652
3023.48,0.1274559681331536,0.1250655401265652
3026.08,0.1273670085878512,0.1250655401265652
3031.28,0.1271470585618913,0.1250655401265652
3033.78,0.1271475185378053,0.1250655401265652
3036.38,0.1270878638986627,0.1250655401265652
3038.78,0.1270972762025006,0.1250655401265652
3041.48,0.1269325614047161,0.1250655401265652
3044.08,0.1268287438941761,0.1250655401265652
3046.78,0.1267132347518173,0.1250655401265652
3049.28,0.1266744757897945,0.1250655401265652
3057.48,0.1264078173031427,0.1250655401265652
3065.1800000000003,0.1256817793621234,0.1250655401265652
3071.88,0.1250655401265652,0.1250655401265652
3074.58,0.1250310661413141,0.1250310661413141
3076.98,0.1246382420068374,0.1246382420068374
3079.48,0.1242380313935746,0.1242380313935746
3081.98,0.1238205995825369,0.1238205995825369
3084.58,0.123381437403761,0.123381437403761
3087.28,0.1228919294633656,0.1228919294633656
3089.98,0.1224166924289655,0.1224166924289655
3092.58,0.1219593151358787,0.1219593151358787
3095.08,0.1214973656219772,0.1214973656219772
3097.48,0.121063088370792,0.1214973656219772
3100.08,0.1206308664141283,0.1214973656219772
3102.48,0.1201363110436148,0.1214973656219772
3105.28,0.1197183071810914,0.1214973656219772
3110.28,0.1186550732376589,0.1214973656219772
3112.98,0.1183959653028579,0.1214973656219772
3115.38,0.1179403183845761,0.1214973656219772
3118.08,0.1173818559267397,0.1214973656219772
3120.6800000000003,0.1167911044355969,0.1214973656219772
3123.48,0.1164560345138003,0.1214973656219772
3126.08,0.1158778480964033,0.1214973656219772
3128.78,0.1154081661418959,0.1214973656219772
3136.48,0.1140232099384693,0.1214973656219772
3144.08,0.113212099303303,0.1214973656219772
3150.58,0.1130691419031224,0.1214973656219772
3152.98,0.1128812832993659,0.1214973656219772
3155.58,0.112698415818674,0.1214973656219772
3158.08,0.1125927022784754,0.1214973656219772
3160.78,0.1123464885379814,0.1214973656219772
3163.28,0.1121529035747943,0.1214973656219772
3166.08,0.1119424148941995,0.1214973656219772
3168.58,0.1118309500447624,0.1214973656219772
3171.38,0.1116791189793021,0.1214973656219772
3173.78,0.111638419045072,0.1214973656219772
3176.28,0.1114877292149402,0.1214973656219772
3178.98,0.1112945047417336,0.1214973656219772
3181.48,0.1111529732972047,0.1214973656219772
3184.28,0.1110315938075043,0.1214973656219772
3189.28,0.11081049612393,0.1214973656219772
3191.88,0.1106832122028819,0.1214973656219772
3194.38,0.11058365643539,0.1214075361392863
3197.08,0.1104510082150083,0.1212763073312091
3199.6800000000003,0.1103347591427256,0.121063088370792
3202.28,0.1101815362859215,0.1206308664141283
3204.78,0.1100074391189151,0.1201363110436148
3207.28,0.1099492626446165,0.1198111038292511
3215.08,0.1096084098736973,0.1197885388091329
3222.98,0.1090813996849514,0.1197183071810914
3229.48,0.1080760850060432,0.1186550732376589
3232.28,0.1076863821528313,0.1185487985831037
3234.78,0.1089676908175294,0.1183959653028579
3237.28,0.1103242508781886,0.1179859810378155
3239.88,0.1116254182228478,0.1179403183845761
3242.58,0.1130759179433024,0.1173818559267397
3244.98,0.1143690928617532,0.1170757511732492
3247.58,0.1157183746254879,0.1167911044355969
3250.28,0.1170757511732492,0.1164602510106093
3252.78,0.1185487985831037,0.1164560345138003
3255.1800000000003,0.1198111038292511,0.1158778480964033
3257.98,0.1212763073312091,0.1157183746254879
3260.48,0.1225842007541123,0.1157183746254879
3263.28,0.1242071920503133,0.1157183746254879
3268.48,0.1272025757156339,0.1157183746254879
3270.98,0.1285916794158947,0.1157183746254879
3273.78,0.1303074145514172,0.1157183746254879
3276.28,0.1317920116366627,0.1157183746254879
3279.08,0.1333232772734732,0.1157183746254879
3281.6800000000003,0.1350697265199035,0.1157183746254879
3284.28,0.1366301015798051,0.1157183746254879
3287.08,0.1384614171947713,0.1157183746254879
3295.08,0.1437052498007667,0.1157183746254879
3302.98,0.1493355633788745,0.1157183746254879
3309.6800000000003,0.1547205147672573,0.1164602510106093
3312.28,0.1566335162180446,0.1170123477866774
3314.78,0.1547273152276905,0.1170757511732492
3317.1800000000003,0.1523483895091849,0.1179859810378155
3319.78,0.1500832641067975,0.1181553356407509
3322.28,0.1480339097569404,0.1185487985831037
3324.98,0.1458336362358654,0.1192999891627607
3327.6800000000003,0.1433708487259313,0.1197885388091329
3330.48,0.1414009596316487,0.1198111038292511
3332.88,0.1395951353012366,0.1206152279552218
3335.58,0.1376113522773479,0.1212763073312091
3338.1800000000003,0.1354879094730092,0.1214075361392863
3340.6800000000003,0.1338063036051647,0.1216383579320924
3343.48,0.1318435217095646,0.1225842007541123
3348.6800000000003,0.1282215197383676,0.1229036645631022
3351.1800000000003,0.1265118326541325,0.1232540401950816
3353.78,0.1246835287277678,0.1240239197491555
3356.28,0.1232540401950816,0.1242071920503133
3359.08,0.1214075361392863,0.1246835287277678
3361.58,0.1197885388091329,0.1252408734502565
3364.38,0.1179859810378155,0.1265118326541325
3366.98,0.1164602510106093,0.1272025757156339
3374.58,0.111871656532191,0.1272025757156339
3382.6800000000003,0.1069363071821393,0.1272025757156339
3389.28,0.1031696599039447,0.1272025757156339
3392.08,0.1016142828133305,0.1272025757156339
3394.58,0.1026603103889477,0.1272025757156339
3397.08,0.1037066315780188,0.1272025757156339
3399.78,0.1048309221041998,0.1273275201540663
3402.38,0.1059675486119014,0.1275608868553153
3404.98,0.107067106244176,0.1278464603814417
3407.58,0.108196483919616,0.1282215197383676
3410.08,0.1092399520293614,0.1283724539936487
3412.58,0.1103480804726377,0.1285916794158947
3414.98,0.1113765789526109,0.1286638920263878
3417.78,0.1126372319595042,0.1287528903777887
3420.1800000000003,0.1136673174859867,0.1289314068850327
3422.78,0.1147553841469214,0.1289915758479437
3427.78,0.1170123477866774,0.1292270736826938
3430.48,0.1181553356407509,0.1296730640420652
3433.08,0.1192999891627607,0.1297560812235633
3435.78,0.1206152279552218,0.1298461801475696
3438.28,0.1216383579320924,0.1301426545061427
3441.08,0.1229036645631022,0.1301426545061427
3443.48,0.1240239197491555,0.1301426545061427
3446.1800000000003,0.1252408734502565,0.1301426545061427
3453.98,0.1289314068850327,0.1301426545061427
3461.48,0.1325310772571609,0.1301426545061427
3468.6800000000003,0.1355644854395121,0.1301426545061427
3471.1800000000003,0.136859375584107,0.1301426545061427
3473.78,0.1363089777015791,0.1301426545061427
3476.28,0.1363316444198309,0.1301426545061427
3478.6800000000003,0.1359031961014942,0.1301426545061427
3481.48,0.1354322322743051,0.1301426545061427
3483.88,0.1353281162272835,0.1301426545061427
3486.58,0.1347955966724124,0.1301426545061427
3489.1800000000003,0.1344748980687815,0.1301426545061427
3491.58,0.1340449303053079,0.1301426545061427
3494.28,0.1337748527894572,0.1301426545061427
3496.78,0.1333836596746459,0.1301426545061427
3499.48,0.1331573594276083,0.1301426545061427
3501.98,0.1327717351719554,0.1301426545061427
3507.1800000000003,0.1321897291969968,0.1301426545061427
3509.58,0.1317632686774068,0.1301426545061427
3512.28,0.1314770654742923,0.1301426545061427
3514.78,0.1311839241959266,0.1304650358830465
3517.58,0.1308362639615347,0.1305962974031334
3520.1800000000003,0.1304650358830465,0.1308362639615347
3522.78,0.1301426545061427,0.1309280133997002
3525.38,0.1298461801475696,0.1311839241959266
3532.78,0.1289915758479437,0.1312565378794386
3540.58,0.1273275201540663,0.1314770654742923
3547.58,0.1263032389789987,0.1316436200795141
3550.08,0.1258059077646297,0.1317632686774068
3552.78,0.1260776135037347,0.132025246498552
3555.1800000000003,0.1264050336528859,0.1321897291969968
3557.98,0.1268680210588542,0.1323265700897264
3560.58,0.1270894925461098,0.1325310772571609
3563.28,0.1275608868553153,0.132627579321666
3565.98,0.1278464603814417,0.1327717351719554
3568.78,0.1283724539936487,0.1330242878839163
3571.28,0.1286638920263878,0.1331573594276083
3573.98,0.1287528903777887,0.1333836596746459
3576.6800000000003,0.1292270736826938,0.1337748527894572
3579.28,0.1296730640420652,0.1340449303053079
3581.78,0.1297560812235633,0.1342599189287794
3586.88,0.1305962974031334,0.1344748980687815
3589.28,0.1309280133997002,0.1344881643764249
3591.98,0.1312565378794386,0.1344881643764249
3594.48,0.1316436200795141,0.1344881643764249
3597.28,0.132025246498552,0.1344881643764249
3599.78,0.1323265700897264,0.1344881643764249
3602.58,0.132627579321666,0.1344881643764249
3605.18,0.1330242878839163,0.1344881643764249
3613.28,0.1342599189287794,0.1344881643764249
3620.98,0.1360040936549467,0.1344881643764249
3627.68,0.1375787806739601,0.1344881643764249
3630.28,0.1381447015126579,0.1344881643764249
3632.68,0.1385137384403364,0.1344881643764249
3635.18,0.1390258609513286,0.1344748980687815
3637.78,0.1392271895363384,0.1342599189287794
3640.28,0.1394725545317899,0.1340449303053079
3642.78,0.139968464964075,0.1338036965227043
3645.58,0.1403001634966657,0.1337748527894572
3648.28,0.14083672616671,0.1333836596746459
3650.78,0.1410902364571188,0.1331573594276083
3653.58,0.1414465022888372,0.1330242878839163
3656.18,0.1419155350822117,0.1328617054940526
3658.88,0.1422251644378789,0.1327717351719554
3661.58,0.1426065598918935,0.132627579321666
3666.78,0.1432798961856259,0.1323265700897264
3669.58,0.1437665058606763,0.1321897291969968
3672.08,0.1441535347855708,0.1320669151588374
3674.58,0.1444239454558595,0.132025246498552
3677.28,0.1450197503788515,0.132025246498552
3679.78,0.1451260923014026,0.132025246498552
3682.480000000001,0.1456518671819918,0.132025246498552
3685.08,0.1459278643532001,0.1320669151588374
3692.78,0.1471615671430301,0.1323265700897264
3700.78,0.1483750726976985,0.132627579321666
3707.28,0.149674966137853,0.1328617054940526
3709.68,0.150403638928566,0.1330242878839163
3712.480000000001,0.1493225583947502,0.1334992567753805
3714.88,0.1484610895432194,0.1334992567753805
3717.58,0.1473416407459926,0.1334992567753805
3720.18,0.1462977649925123,0.1334992567753805
3722.68,0.1455306388541019,0.1334992567753805
3725.38,0.1442899136122167,0.1334992567753805
3727.980000000001,0.1433113246085886,0.1334992567753805
3730.58,0.1423581608409046,0.1334992567753805
3733.08,0.1414781325222944,0.1334992567753805
3735.78,0.1404702303175137,0.1334992567753805
3738.28,0.1396949478024798,0.1334992567753805
3741.08,0.1387216744748481,0.1334992567753805
3746.480000000001,0.1369091844766466,0.1334992567753805
3748.980000000001,0.1360854953315906,0.1334992567753805
3751.38,0.1353209827595181,0.1334992567753805
3753.980000000001,0.1344881643764249,0.1334992567753805
3756.58,0.1338036965227043,0.1334992567753805
3759.08,0.1328617054940526,0.1334992567753805
3761.58,0.1320669151588374,0.1334992567753805
3764.28,0.1312848418709657,0.1334992567753805
3772.18,0.1289766877757146,0.1334992567753805
3779.68,0.1265059375515419,0.1334992567753805
3786.18,0.1235087611383257,0.1334992567753805
3788.980000000001,0.1220861380479865,0.1333533825202064
3791.480000000001,0.1224365894807395,0.1328617054940526
3793.980000000001,0.1228480127686292,0.1323593992725006
3796.480000000001,0.1233708590579382,0.1320669151588374
3799.08,0.1236874141990051,0.1318707428716795
3801.78,0.1240903062494402,0.1317921952226781
3804.28,0.1243763092836915,0.1312848418709657
3807.08,0.1248713999082282,0.1311009926477951
3809.480000000001,0.1251476018834464,0.1304971436158045
3811.980000000001,0.1254477512189778,0.1304547995540642
3814.58,0.1258088551407427,0.1304547995540642
3816.980000000001,0.1263053591603714,0.1304547995540642
3819.88,0.1266935243104885,0.1304547995540642
3824.78,0.1275006169646555,0.1304547995540642
3827.480000000001,0.1277515847723511,0.1304547995540642
3829.980000000001,0.1282672782618783,0.1304547995540642
3832.38,0.1286115287138517,0.1304547995540642
3834.980000000001,0.1291066347701518,0.1304547995540642
3837.480000000001,0.1295456414000815,0.1304547995540642
3840.28,0.1300694752363991,0.1304547995540642
3842.78,0.1304547995540642,0.1304547995540642
3850.78,0.1317921952226781,0.1304547995540642
3858.58,0.1334992567753805,0.1304547995540642
3865.88,0.1354913255436209,0.1304547995540642
3868.28,0.13630264568192,0.1304547995540642
3871.08,0.1355336115954113,0.1304547995540642
3873.58,0.1345687008047902,0.1304547995540642
3876.28,0.1340082718224926,0.1304547995540642
3878.980000000001,0.1333533825202064,0.1304547995540642
3881.78,0.1323593992725006,0.1304547995540642
3884.28,0.1318707428716795,0.1304547995540642
3887.08,0.1311009926477951,0.1304547995540642
3889.480000000001,0.1304971436158045,0.1304547995540642
3891.980000000001,0.1299602260867042,0.1304547995540642
3894.78,0.1290918656699093,0.1304547995540642
3897.28,0.1284967911038078,0.1304547995540642
3899.980000000001,0.1277524024520854,0.1304547995540642
3905.18,0.1264850020661167,0.1304547995540642
3907.58,0.1258112671029147,0.1304547995540642
3910.08,0.1251902632053615,0.1304547995540642
3912.78,0.1245886498155474,0.1304547995540642
3915.38,0.1239512751487922,0.1304547995540642
3918.08,0.1232711056567638,0.1304547995540642
3920.58,0.1226516859730072,0.1304547995540642
3923.28,0.1219877652631611,0.1304547995540642
3930.980000000001,0.1200836449563292,0.1304547995540642
3938.58,0.118327247323771,0.1304547995540642
3945.18,0.117009514187685,0.1304547995540642
3947.78,0.1168481716280497,0.1304971436158045
3950.28,0.1178647431157787,0.1311009926477951
3952.78,0.1190408006667047,0.131270411950443
3955.480000000001,0.1202832846348672,0.1317921952226781
3958.08,0.1214995586465308,0.1318707428716795
3960.78,0.1228175366557915,0.1323593992725006
3963.38,0.1239173765022236,0.1333533825202064
3965.980000000001,0.125022970775599,0.1334992567753805
3968.480000000001,0.1263950823736215,0.1336396847078445
3970.88,0.1274090479510466,0.1340082718224926
3973.58,0.1286794254750144,0.1345687008047902
3975.980000000001,0.1299327741393653,0.1345687008047902
3978.78,0.131270411950443,0.1345687008047902
3983.78,0.1336396847078445,0.1345687008047902
3986.28,0.1348734996528337,0.1345687008047902
3988.78,0.1361062838813225,0.1345687008047902
3991.480000000001,0.1374243612299931,0.1345687008047902
3994.18,0.1388526435703712,0.1345687008047902
3996.980000000001,0.1403009647295015,0.1345687008047902
3999.38,0.1414348488044067,0.1345687008047902
4002.08,0.1428735899279459,0.1345687008047902
4009.68,0.1469019292338229,0.1345687008047902
4017.28,0.1507084509994156,0.1345687008047902
4023.88,0.1540947863783656,0.1345687008047902
4026.480000000001,0.1551358385060553,0.1345687008047902
4028.980000000001,0.1552690946200628,0.1345687008047902
4031.480000000001,0.1552690946200628,0.1340322534314318
4033.980000000001,0.155249204227991,0.1340082718224926
4036.58,0.1554770464371774,0.1336396847078445
4038.980000000001,0.1555190000178257,0.1333533825202064
4041.78,0.1554929447529564,0.1326965026464485
4044.58,0.1554949414175212,0.1323593992725006
4046.980000000001,0.1556671718238604,0.1318707428716795
4049.480000000001,0.1557407201892999,0.1313592607873845
4052.28,0.1556976804162569,0.1313592607873845
4054.68,0.1556976804162569,0.1313592607873845
4057.480000000001,0.1559016030172975,0.1313592607873845
4062.78,0.1558988941078283,0.1318448193695525
4065.28,0.1559613931169537,0.1326965026464485
4067.68,0.1560342017938912,0.1329479975924134
4070.28,0.1561432064864967,0.1336396847078445
4072.88,0.1561273079452641,0.1340322534314318
4075.480000000001,0.1561833878510027,0.1342247995372413
4077.980000000001,0.1561707709177202,0.1348734996528337
4080.78,0.1561707709177202,0.1355484022648773
4088.480000000001,0.1562017966516074,0.1361062838813225
4096.18,0.1563144667868474,0.1367530075048473
4103.38,0.1564771010728436,0.137068435411584
4105.9800000000005,0.1565914021159102,0.1374243612299931
4108.68,0.1548961619739589,0.1381860817818228
4111.28,0.1530544961513108,0.1386999816107841
4113.9800000000005,0.1513194073973566,0.1388526435703712
4116.58,0.1496292743198503,0.1399616623377871
4119.28,0.1478842019972043,0.1403009647295015
4121.78,0.1464278035657469,0.1414348488044067
4124.38,0.1447800465884,0.1414348488044067
4126.78,0.1431974001145762,0.1414348488044067
4129.28,0.141740260250849,0.1414348488044067
4131.9800000000005,0.1399616623377871,0.1414348488044067
4134.4800000000005,0.1386999816107841,0.1414348488044067
4137.28,0.137068435411584,0.1414348488044067
4142.58,0.1340322534314318,0.1414348488044067
4144.9800000000005,0.1326965026464485,0.1414348488044067
4147.4800000000005,0.1313592607873845,0.1414348488044067
4150.18,0.1299107258867249,0.1414348488044067
4152.78,0.1284309403290612,0.1414348488044067
4155.4800000000005,0.1269147606405772,0.1414348488044067
4157.9800000000005,0.1257682775769956,0.1414348488044067
4160.58,0.1242916206184903,0.1414348488044067
4168.38,0.1203948657823429,0.1414348488044067
4176.08,0.1170399498685796,0.1409735895921977
4183.18,0.1140090562131012,0.1399616623377871
4185.58,0.1130316107781565,0.1399461570319543
4188.28,0.1141498705201741,0.1389719631509148
4190.78,0.1151640776514948,0.1386999816107841
4193.38,0.116404186748631,0.1381860817818228
4196.08,0.1174584335864262,0.1379948185634514
4198.78,0.1186248621322814,0.137068435411584
4201.38,0.1198816437706989,0.1367530075048473
4203.9800000000005,0.1209770795247257,0.1361786139844134
4206.4800000000005,0.1221385959263056,0.1355484022648773
4208.88,0.1231904023178912,0.1352230549152715
4211.4800000000005,0.1243565521531715,0.1342247995372413
4213.9800000000005,0.1255271367175585,0.1341173381513866
4216.78,0.12681629312021,0.1340322534314318
4222.08,0.1293115687242732,0.1334851223959685
4224.68,0.1306285214317994,0.1329479975924134
4227.28,0.1318448193695525,0.1326965026464485
4229.78,0.1329479975924134,0.1324035620509553
4232.28,0.1342247995372413,0.1318448193695525
4234.9800000000005,0.1355484022648773,0.1315814757188208
4237.38,0.1367530075048473,0.1313592607873845
4240.08,0.1381860817818228,0.1308271015911754
4247.78,0.1419380225267927,0.1306285214317994
4255.4800000000005,0.1454730888239397,0.1299107258867249
4262.58,0.1487782821445365,0.1297041097829131
4265.08,0.150135418112887,0.1293115687242732
4267.78,0.1491276795523098,0.1284309403290612
4270.28,0.1480894021151701,0.1271060680611496
4272.78,0.1470827319907404,0.1269147606405772
4275.4800000000005,0.1458881787418606,0.12681629312021
4277.88,0.1449428488303049,0.1257682775769956
4280.58,0.1439699327987505,0.1255271367175585
4283.18,0.1428698135087507,0.124841263202177
4285.58,0.1420564925066551,0.1244607619350108
4288.28,0.1409735895921977,0.1244607619350108
4290.88,0.1399461570319543,0.1244607619350108
4293.58,0.1389719631509148,0.1244607619350108
4296.18,0.1379948185634514,0.1244607619350108
4301.28,0.1361786139844134,0.1244607619350108
4303.68,0.1352230549152715,0.1244607619350108
4306.4800000000005,0.1341173381513866,0.1244607619350108
4308.88,0.1334851223959685,0.1244607619350108
4311.58,0.1324035620509553,0.1244607619350108
4314.18,0.1315814757188208,0.1244607619350108
4316.58,0.1308271015911754,0.1244607619350108
4319.28,0.1297041097829131,0.1244607619350108
4326.9800000000005,0.1271060680611496,0.1244607619350108
4334.9800000000005,0.124841263202177,0.1244607619350108
4341.78,0.1222296614084611,0.124841263202177
4344.58,0.1211400654442896,0.124993025798415
4346.9800000000005,0.1210522694734498,0.1255155941300236
4349.4800000000005,0.1209470253391536,0.1255271367175585
4352.08,0.1209795732465184,0.1264880469016598
4354.58,0.1209528999901893,0.12681629312021
4357.28,0.1207163617594208,0.1270241874877085
4359.88,0.1206520600563477,0.1271060680611496
4362.58,0.120475960181587,0.1275498519198703
4365.18,0.1204592365236689,0.1275498519198703
4367.58,0.1203340764156509,0.1275498519198703
4370.28,0.1202142942807425,0.1275498519198703
4372.68,0.1201257300912042,0.1275498519198703
4375.38,0.1200623867353623,0.1275498519198703
4380.28,0.1198093712644705,0.1275498519198703
4382.9800000000005,0.1196250513851078,0.1275498519198703
4385.4800000000005,0.1194966525055047,0.1275498519198703
4388.08,0.1195079934052033,0.127513241520737
4390.68,0.119328445834421,0.1271060680611496
4393.28,0.1192540528604603,0.1270241874877085
4395.9800000000005,0.1191521018981123,0.1266568775043726
4398.78,0.1189462448750466,0.1264880469016598
4406.4800000000005,0.1187164675146977,0.1259135709351661
4414.18,0.1184547328318976,0.1255155941300236
4421.18,0.1191101478713658,0.124993025798415
4423.58,0.1192644408539403,0.124841263202177
4425.9800000000005,0.1196846250443279,0.1244607619350108
4428.78,0.1202342788195831,0.1244104049255538
4431.18,0.1206626837327753,0.1238527159470314
4433.9800000000005,0.1212687358303248,0.1236043681057958
4436.4800000000005,0.1217924019383319,0.1232969552903787
4439.38,0.122293275024373,0.1229514668800964
4441.9800000000005,0.1228098171219106,0.1228098171219106
4444.38,0.1232969552903787,0.122293275024373
4446.9800000000005,0.1238527159470314,0.1222296614084611
4449.58,0.1244607619350108,0.1222176938083471
4452.38,0.124993025798415,0.1217924019383319
4454.9800000000005,0.1255155941300236,0.1216056192762571
4459.9800000000005,0.1264880469016598,0.1212687358303248
4462.4800000000005,0.1270241874877085,0.1211400654442896
4465.08,0.1275498519198703,0.1210522694734498
4467.58,0.1278554040781452,0.1209795732465184
4470.28,0.1287283535417138,0.1209528999901893
4473.08,0.1292325095636977,0.1209470253391536
4475.88,0.1298335357623739,0.1209470253391536
4478.38,0.1303350883988043,0.1209470253391536
4486.4800000000005,0.1320256477450993,0.1209470253391536
4494.38,0.1335149430525384,0.1209470253391536
4501.4800000000005,0.1347529966138138,0.1209470253391536
4503.9800000000005,0.1354189639740827,0.1209470253391536
4506.78,0.1345165257359983,0.1209470253391536
4509.18,0.1337301980506733,0.1209470253391536
4511.68,0.1330123600317995,0.1209470253391536
4514.28,0.1322572280297073,0.1209470253391536
4516.68,0.1314329732314478,0.1209528999901893
4519.28,0.1305726327284816,0.1209528999901893
4521.88,0.1297954467285516,0.1212687358303248
4524.58,0.1289387722212935,0.1216056192762571
4526.9800000000005,0.1283141167645549,0.1217924019383319
4529.58,0.127513241520737,0.1222176938083471
4532.28,0.1266568775043726,0.1222179879625072
4534.78,0.1259135709351661,0.122293275024373
4540.08,0.1244104049255538,0.1228098171219106
4542.78,0.1236043681057958,0.1229514668800964
4545.28,0.1229514668800964,0.1232969552903787
4547.68,0.1222176938083471,0.1236043681057958
4550.28,0.1216056192762571,0.1238527159470314
4552.88,0.1208151720137612,0.1240480238223459
4555.58,0.1201128078633491,0.1242509033758385
4558.18,0.1194337419913156,0.1242509033758385
4566.38,0.1171466927377731,0.1242557855424049
4574.18,0.1146617309294074,0.1242833758041173
4581.08,0.1128497055564503,0.1242983795598572
4583.58,0.1120736940975371,0.1243015760461551
4586.18,0.1125502436541224,0.1243033687357402
4588.78,0.1129685967383261,0.1243226153838128
4591.18,0.1133489065408424,0.1243326115146394
4593.78,0.113743655840461,0.1243384878694611
4596.4800000000005,0.1141835436190723,0.1243798796057871
4599.28,0.1146094460420449,0.1244057150960145
4601.9800000000005,0.1150406034986541,0.1244104049255538
4604.58,0.1154824091807792,0.1244494029340902
4607.08,0.1158792441943957,0.1244607619350108
4609.88,0.1162931779239657,0.1244614148670898
4612.28,0.1167172012817998,0.1245071026977389
4614.88,0.1171254614878646,0.1245213767415929
4619.9800000000005,0.1179335187229876,0.1246188653353826
4622.4800000000005,0.1183009052986321,0.1246188653353826
4625.08,0.118743388686965,0.1246188653353826
4627.4800000000005,0.1191582275855556,0.1246188653353826
4630.28,0.1195761666932174,0.1246188653353826
4632.88,0.11996744422066,0.1246188653353826
4635.58,0.1204692206952572,0.1246188653353826
4638.18,0.1208596027353272,0.1246188653353826
4645.88,0.1222179879625072,0.1246188653353826
4653.78,0.1240480238223459,0.1246188653353826
4660.68,0.1244614148670898,0.1246188653353826
4663.28,0.1248638239169666,0.1246188653353826
4665.68,0.1246188653353826,0.1246188653353826
4668.18,0.1247404637448501,0.1246188653353826
4670.58,0.1246715420839339,0.1246188653353826
4673.18,0.1247105327712675,0.1246188653353826
4675.78,0.1246581673246086,0.1246188653353826
4678.38,0.1246521374377512,0.1246188653353826
4681.08,0.1246628793930078,0.1246188653353826
4683.4800000000005,0.1245213767415929,0.1246188653353826
4685.9800000000005,0.1245071026977389,0.1246188653353826
4688.68,0.1244494029340902,0.1246188653353826
4691.18,0.1243015760461551,0.1246188653353826
4693.78,0.1244057150960145,0.1246188653353826
4698.78,0.1243326115146394,0.1246188653353826
4701.4800000000005,0.1242557855424049,0.1246188653353826
4703.9800000000005,0.1242833758041173,0.1246188653353826
4706.58,0.1242983795598572,0.1246521374377512
4709.28,0.1243033687357402,0.1246581673246086
4711.88,0.1242509033758385,0.1246628793930078
4714.38,0.1243384878694611,0.1246715420839339
4717.28,0.1243226153838128,0.1247105327712675
4724.9800000000005,0.1243798796057871,0.1247404637448501
4732.58,0.1240538649646978,0.1248638239169666
4739.68,0.125477240442115,0.125477240442115
4742.18,0.1259111191542997,0.1259111191542997
4744.58,0.1263203132241737,0.1263203132241737
4746.9800000000005,0.1266899197554433,0.1266899197554433
4749.4800000000005,0.127154022735308,0.127154022735308
4752.28,0.1276006091743387,0.127154022735308
4754.68,0.1278983199053683,0.127154022735308
4757.28,0.1282781393483455,0.127154022735308
4759.78,0.1285671839936779,0.127154022735308
4762.28,0.1288742387523915,0.127154022735308
4765.08,0.1293473651101105,0.127154022735308
4767.58,0.1296561147858187,0.127154022735308
4770.28,0.130099335885497,0.127154022735308
4772.9800000000005,0.1304911720463949,0.127154022735308
4775.58,0.1308372975876304,0.127154022735308
4778.18,0.1312881055473647,0.127154022735308
4780.58,0.1315291677817018,0.127154022735308
4783.28,0.1319353097748989,0.127154022735308
4785.88,0.1321946761154458,0.127154022735308
4788.38,0.1325135017582438,0.127154022735308
4790.78,0.1327584540113197,0.127154022735308
4793.38,0.1331568668503508,0.127154022735308
4801.28,0.1340997874826555,0.127154022735308
4809.18,0.1341377469117963,0.127154022735308
4816.28,0.1341149392431359,0.127154022735308
4818.68,0.1340286368935958,0.127154022735308
4821.18,0.1338508535679491,0.127154022735308
4823.78,0.1335981727504037,0.127154022735308
4826.28,0.1334043555708183,0.127154022735308
4829.08,0.1329126574119895,0.127154022735308
4831.4800000000005,0.1328995595496434,0.127154022735308
4834.28,0.1325635655893525,0.127154022735308
4836.9800000000005,0.1322852860408425,0.127154022735308
4839.58,0.1320493037043346,0.127154022735308
4842.08,0.1318482106963765,0.127154022735308
4844.58,0.1316320300868413,0.127154022735308
4847.28,0.1314403679158539,0.127154022735308
4849.78,0.1312017299302355,0.127154022735308
4852.4800000000005,0.1309305945802824,0.127154022735308
4855.08,0.1307093327631257,0.127154022735308
4857.78,0.1304406652807907,0.127154022735308
4860.28,0.1302588422449906,0.127154022735308
4863.08,0.129978387173762,0.127154022735308
4865.58,0.1297852432731887,0.127154022735308
4868.08,0.1294511084072342,0.127154022735308
4870.68,0.1292869846255493,0.127154022735308
4878.28,0.1287053193996382,0.127154022735308
4885.88,0.1283412065796289,0.127154022735308
4892.58,0.1282689756178327,0.127154022735308
4895.18,0.1282783591357299,0.127154022735308
4897.68,0.1280200942253173,0.127154022735308
4900.18,0.1278839015402159,0.127154022735308
4902.78,0.1276217397465539,0.127154022735308
4905.28,0.1274164716867165,0.127154022735308
4907.9800000000005,0.1272082924959383,0.127154022735308
4910.4800000000005,0.1269958667688165,0.1269958667688165
4913.28,0.1266803138258992,0.1266803138258992
4915.68,0.1264235196138275,0.1264235196138275
4918.38,0.1263343163848764,0.1263343163848764
4920.9800000000005,0.1260661933640583,0.1260661933640583
4923.38,0.125665956490222,0.125665956490222
4925.9800000000005,0.1255183479504538,0.1255183479504538
4928.4800000000005,0.1252466924053371,0.1252466924053371
4931.18,0.1250803996257782,0.1250803996257782
4933.58,0.1247892527378922,0.1247892527378922
4936.08,0.1245794954507655,0.1245794954507655
4938.78,0.1242969725121467,0.1242969725121467
4941.38,0.1241320452672404,0.1242969725121467
4943.9800000000005,0.1239542223080078,0.1242969725121467
4946.58,0.1236059555541822,0.1242969725121467
4954.58,0.1229046308138649,0.1242969725121467
4962.28,0.1218748281710689,0.1242969725121467
4968.78,0.1207240910253784,0.1242969725121467
4971.28,0.1201752810035632,0.1242969725121467
4973.9800000000005,0.1195501552876784,0.1242969725121467
4976.38,0.1188512952920346,0.1242969725121467
4979.08,0.1181575006263995,0.1242969725121467
4981.78,0.1174138648682967,0.1242969725121467
4984.4800000000005,0.1168157552560379,0.1242969725121467
4987.08,0.1160839372421031,0.1242969725121467
4989.78,0.1154305464607829,0.1242969725121467
4992.28,0.1148031487690491,0.1242969725121467
4994.68,0.1141434679128126,0.1242969725121467
4997.28,0.1135402235662417,0.1242969725121467
4999.88,0.1128318754996281,0.1242969725121467
5002.4800000000005,0.1122222113946103,0.1242969725121467
5004.9800000000005,0.1115815853562366,0.1242969725121467
5007.78,0.1109548716686478,0.1242969725121467
5010.28,0.1102347215449665,0.1242969725121467
5012.68,0.1096813779852839,0.1242969725121467
5015.4800000000005,0.1089377769169008,0.1242969725121467
5017.9800000000005,0.1083284915626015,0.1242969725121467
5020.78,0.1076682521004418,0.1242969725121467
5023.38,0.106995112198211,0.1242969725121467
5030.9800000000005,0.1051506010457252,0.1241884560003673
5038.88,0.1039384895736521,0.1241320452672404
5045.68,0.1026789778998023,0.1239542223080078
5048.38,0.1020726318924757,0.1236059555541822
5050.88,0.1031641943564089,0.1231921627925497
5053.58,0.1043137300275689,0.1229571538386804
5055.9800000000005,0.105333753956049,0.1229534086932111
5058.78,0.1065317950481778,0.1229534086932111
5061.28,0.1075644055885678,0.1229534086932111
5064.08,0.108768649191483,0.1229534086932111
5066.68,0.1099162181919334,0.1229534086932111
5069.18,0.1110266563322585,0.1229534086932111
5071.78,0.1121770067462799,0.1229534086932111
5074.28,0.1133373512016228,0.1229534086932111
5077.08,0.1146150487589968,0.1229534086932111
5079.58,0.1157231232665845,0.1229534086932111
5082.38,0.1170676306553535,0.1229534086932111
5084.78,0.1182212988153794,0.1229534086932111
5087.18,0.1192370296816004,0.1229534086932111
5089.78,0.1204347211474527,0.1229534086932111
5092.28,0.1216416629920107,0.1229534086932111
5095.08,0.1229571538386804,0.1229534086932111
5097.58,0.1241884560003673,0.1229534086932111
5100.18,0.1254835043043702,0.1229534086932111
5107.9800000000005,0.1293498167177211,0.1229534086932111
5115.58,0.1332242664078113,0.1229534086932111
5122.38,0.1367302661694375,0.1229534086932111
5124.9800000000005,0.1384240521698836,0.1229571538386804
5127.4800000000005,0.1376574584437939,0.122995761338165
5130.08,0.1371806304257184,0.1229973638213424
5132.58,0.1367189649955907,0.1230291841181141
5135.18,0.1363607499729544,0.1230468914254186
5137.68,0.1357021244212874,0.1230715687484443
5140.28,0.1350651226679378,0.1230941310660512
5143.08,0.1345188973519827,0.1231017694605329
5145.58,0.1339765822348025,0.1231279421936759
5148.28,0.133508734816352,0.1231400159962099
5150.78,0.1328514464710672,0.1231400159962099
5153.4800000000005,0.1324420497063757,0.12318447282938
5156.18,0.1316656585422355,0.1231921627925497
5158.88,0.131032110065953,0.1232116020685171
5161.28,0.1306866525414309,0.1232116206172144
5163.78,0.1301630196337502,0.1232211624625361
5166.4800000000005,0.1296038118045406,0.123249616442186
5168.9800000000005,0.1291663730454949,0.123269122092015
5171.58,0.1285540388924833,0.1232799592382249
5173.9800000000005,0.1281051397689969,0.123292299136549
5176.58,0.1275486112740909,0.1233237634784293
5184.4800000000005,0.1259487332859572,0.123389357196705
5192.28,0.124515341242135,0.1233971743979944
5199.28,0.1231921627925497,0.1235553782592649
5201.88,0.1228173941702685,0.1241265745554878
5204.68,0.1228174229942872,0.1241884560003673
5207.18,0.1228769514986418,0.12431080333217
5209.88,0.1229145443720731,0.124515341242135
5212.38,0.1229392097452174,0.1245680121895084
5214.78,0.1229534086932111,0.1249023940134956
5217.4800000000005,0.1230291841181141,0.1251174575532292
5220.08,0.122995761338165,0.1253011298102426
5222.78,0.1230468914254186,0.1254835043043702
5225.18,0.1230715687484443,0.1257178176361582
5227.9800000000005,0.1231400159962099,0.1259487332859572
5230.58,0.1231400159962099,0.1261070810135947
5233.28,0.1231017694605329,0.1263154954176808
5235.78,0.1230941310660512,0.1266704819430655
5238.28,0.1232116206172144,0.1268996919080358
5240.78,0.1231279421936759,0.1272994698521999
5243.28,0.1232116020685171,0.1275311142343426
5246.08,0.12318447282938,0.1275486112740909
5248.58,0.1232211624625361,0.1278841622567565
5251.08,0.123292299136549,0.1280620104440512
5253.58,0.123249616442186,0.1281051397689969
5261.18,0.1232799592382249,0.1284789509823009
5269.18,0.123389357196705,0.1285540388924833
5275.9800000000005,0.1233237634784293,0.1289616387720771
5278.38,0.1229973638213424,0.1289616387720771
5281.08,0.123269122092015,0.1289616387720771
5283.4800000000005,0.1233971743979944,0.1289616387720771
5285.9800000000005,0.1235553782592649,0.1289616387720771
5288.78,0.1241265745554878,0.1289616387720771
5291.58,0.12431080333217,0.1289616387720771
5294.18,0.1245680121895084,0.1289616387720771
5296.9800000000005,0.1249023940134956,0.1289616387720771
5299.4800000000005,0.1251174575532292,0.1289616387720771
5302.28,0.1253011298102426,0.1289616387720771
5304.78,0.1257178176361582,0.1289616387720771
5307.28,0.1261070810135947,0.1289616387720771
5309.78,0.1263154954176808,0.1289616387720771
5312.28,0.1266704819430655,0.1289616387720771
5314.88,0.1268996919080358,0.1289616387720771
5317.28,0.1272994698521999,0.1289616387720771
5319.78,0.1275311142343426,0.1287742052595681
5322.58,0.1278841622567565,0.1285540388924833
5325.18,0.1280620104440512,0.1284836333116848
5327.78,0.1284789509823009,0.1284789509823009
5330.28,0.1289616387720771,0.1284577203908237
5337.78,0.129514089802907,0.1281051397689969
5345.78,0.1305762545540208,0.1280620104440512
5352.58,0.1318599142906159,0.1280620104440512
5354.9800000000005,0.1321798813807511,0.1280620104440512
5357.78,0.1321846939076639,0.1280620104440512
5360.28,0.1323034578560869,0.1280620104440512
5362.9800000000005,0.1322803083462717,0.1280620104440512
5365.58,0.1324385975314029,0.1280620104440512
5368.38,0.1324561601289926,0.1280620104440512
5370.9800000000005,0.1325150683830452,0.1280620104440512
5373.58,0.1325150683830452,0.1280620104440512
5375.9800000000005,0.1325150683830452,0.1280620104440512
5378.4800000000005,0.1324423002836617,0.1280620104440512
5381.18,0.1326203663980147,0.1280620104440512
5383.68,0.1326203663980147,0.1280620104440512
5386.28,0.132655888261314,0.1280620104440512
5388.78,0.1326521517951275,0.1280620104440512
5391.18,0.1327129830577738,0.1280620104440512
5393.78,0.1327740031915651,0.1280620104440512
5396.28,0.1327740031915651,0.1280620104440512
5399.18,0.1327136702781068,0.1280620104440512
5401.68,0.132711764111458,0.1280620104440512
5404.28,0.132711764111458,0.1280620104440512
5406.9800000000005,0.132711764111458,0.1280620104440512
5414.9800000000005,0.1329272493259084,0.1280620104440512
5422.58,0.1329549868308996,0.1280620104440512
5429.18,0.1328965955467874,0.1280620104440512
5431.58,0.1328965955467874,0.1280620104440512
5434.28,0.1326214521669248,0.1280620104440512
5436.68,0.1325824116055274,0.1280620104440512
5439.4800000000005,0.1322666338760377,0.1280620104440512
5442.08,0.1319543310113216,0.1280620104440512
5444.78,0.1316995229221663,0.1280620104440512
5447.38,0.1315542198925047,0.1280620104440512
5450.08,0.1313407855492994,0.1280620104440512
5452.58,0.1309833142363623,0.1280620104440512
5454.9800000000005,0.1308262885368477,0.1280620104440512
5457.58,0.1305050744245001,0.1280620104440512
5459.9800000000005,0.130439204777567,0.1280620104440512
5462.68,0.1301472872564189,0.1280620104440512
5465.18,0.1297202626775536,0.1280620104440512
5467.9800000000005,0.1296238787016871,0.1280620104440512
5470.4800000000005,0.1294359829717538,0.1280620104440512
5473.38,0.129197836652786,0.1280620104440512
5475.9800000000005,0.1289978842571248,0.1280620104440512
5478.58,0.1287742052595681,0.1280620104440512
5481.08,0.1284577203908237,0.1280620104440512
5483.58,0.1284836333116848,0.1280620104440512
5491.4800000000005,0.1277845558631126,0.1277845558631126
5499.38,0.1273645124051156,0.1273645124051156
5506.28,0.1267422339105853,0.1267422339105853
5508.78,0.1266577693766555,0.1266577693766555
5511.28,0.1262186623930634,0.1262186623930634
5513.9800000000005,0.1256807747613961,0.1256807747613961
5516.38,0.1254432100067952,0.1254432100067952
5519.08,0.1249804608950201,0.1249804608950201
5521.58,0.1244077849165426,0.1244077849165426
5524.38,0.1239479381740114,0.1239479381740114
5526.9800000000005,0.1235636171059277,0.1235636171059277
5529.38,0.1231776496367314,0.1231776496367314
5531.9800000000005,0.1227068810823143,0.1227068810823143
5534.4800000000005,0.1223374205795742,0.1223374205795742
5537.08,0.1218984992072984,0.1218984992072984
5539.68,0.1215044062548212,0.1215044062548212
5542.18,0.1210433033694147,0.1210433033694147
5544.58,0.1206232442344659,0.1206232442344659
5546.9800000000005,0.1202915334287322,0.1202915334287322
5549.4800000000005,0.1198330345681656,0.1198330345681656
5552.18,0.1194522181015539,0.1194522181015539
5554.68,0.1190179827904481,0.1190179827904481
5557.28,0.1186879776171177,0.1186879776171177
5559.88,0.1182188949584972,0.1182188949584972
5567.78,0.1170381954786557,0.1170381954786557
5575.58,0.1154982343419845,0.1154982343419845
5582.78,0.1141669241386021,0.1141669241386021
5585.18,0.1137657247030796,0.1137657247030796
5588.18,0.1132534169163546,0.1132534169163546
5590.58,0.1128766734597469,0.1128766734597469
5592.9800000000005,0.1124707576048899,0.1124707576048899
5595.58,0.1120510616603319,0.1120510616603319
5597.9800000000005,0.1117456265357268,0.1117456265357268
5600.78,0.1111649269024392,0.1111649269024392
5603.38,0.1107469081538207,0.1107469081538207
5606.08,0.1102527131053962,0.1102527131053962
5608.4800000000005,0.1098998350342363,0.1098998350342363
5611.18,0.1094141546850357,0.1094141546850357
5613.68,0.1089400715943007,0.1094141546850357
5616.58,0.1084596487258611,0.1094141546850357
5619.18,0.1080543771976257,0.1094141546850357
5621.78,0.1076104229618977,0.1094141546850357
5624.38,0.1071761714815032,0.1094141546850357
5626.78,0.1067765195420056,0.1094141546850357
5629.4800000000005,0.1063258672388803,0.1094141546850357
5632.08,0.1058572509792748,0.1094141546850357
5634.78,0.1053662168984739,0.1094141546850357
5637.38,0.1049834124461297,0.1094141546850357
5645.18,0.1036346812912129,0.1094141546850357
5652.9800000000005,0.1028984778322159,0.1094141546850357
5660.28,0.101731174106488,0.1094141546850357
5662.68,0.1012895908657756,0.1094141546850357
5665.58,0.1009986991057294,0.1094141546850357
5667.9800000000005,0.1007508522844371,0.1094141546850357
5670.78,0.1004799244453184,0.1094141546850357
5673.28,0.100264713809152,0.1094141546850357
5676.08,0.1000030940163516,0.1094141546850357
5678.68,0.0997569238958789,0.1094141546850357
5681.38,0.099474998613259,0.1094141546850357
5683.78,0.0992296837910818,0.1094141546850357
5686.28,0.0990615342331364,0.1094141546850357
5688.9800000000005,0.0987452392500028,0.1094141546850357
5691.4800000000005,0.0985136411985926,0.1094141546850357
5694.08,0.0982202403632609,0.1094141546850357
5696.58,0.0979841628555702,0.1094141546850357
5699.08,0.0976984751839744,0.1094141546850357
5701.78,0.0975170452282424,0.1094141546850357
5704.18,0.0972984344425904,0.1094141546850357
5706.88,0.097000556566707,0.1094141546850357
5709.4800000000005,0.0967474582647993,0.1094141546850357
5711.88,0.0964774780354796,0.1094141546850357
5714.4800000000005,0.0962790479778925,0.1094141546850357
5722.18,0.0955332103041051,0.1094141546850357
5729.78,0.0945317985041632,0.1094141546850357
5736.4800000000005,0.0939933362381613,0.1094141546850357
5739.18,0.0937627040825224,0.1094141546850357
5741.68,0.0949578874616833,0.1094141546850357
5744.38,0.0962471935530435,0.1094141546850357
5746.78,0.0973979866304712,0.1094141546850357
5749.38,0.0986515648772468,0.1094141546850357
5751.9800000000005,0.0998530292129365,0.1094141546850357
5754.58,0.1010867712910924,0.1094141546850357
5757.28,0.1024532864162159,0.1094141546850357
5759.78,0.1037056299337728,0.1094141546850357
5762.18,0.104918726615578,0.1094141546850357
5764.78,0.1062571302261359,0.1094141546850357
5767.28,0.1075135684886773,0.1094141546850357
5770.08,0.1089319178325757,0.1094141546850357
5772.4800000000005,0.1101930992951326,0.1101930992951326
5775.28,0.1116481238624901,0.1116481238624901
5777.78,0.1129297485988289,0.1129297485988289
5780.18,0.1142248835872085,0.1133530532328948
5782.88,0.115641552011872,0.1133530532328948
5785.4800000000005,0.1170145776128116,0.1133530532328948
5787.9800000000005,0.1183506013235448,0.1133530532328948
5790.58,0.1198400395265145,0.1133530532328948
5798.08,0.1240184069979334,0.1133530532328948
5806.18,0.1286753290750939,0.1133530532328948
5812.78,0.132047188722206,0.1133530532328948
5815.38,0.1336154056627888,0.1133530532328948
5817.9800000000005,0.1334380489645158,0.1133530532328948
5820.4800000000005,0.1333122149322795,0.1133530532328948
5823.08,0.1331988165216109,0.1133530532328948
5825.68,0.1331660519307946,0.1133530532328948
5828.18,0.1329830868232714,0.1133530532328948
5830.78,0.1329911858845702,0.1136354893753872
5833.38,0.1327596140280378,0.1142248835872085
5836.08,0.13264585273892,0.1143656634453101
5838.58,0.1324033600209485,0.1149872909681492
5841.28,0.1322654360632639,0.1152425330751095
5843.78,0.1323126571714469,0.115641552011872
5846.58,0.1320565801052505,0.1161581901436518
5848.9800000000005,0.1320400069532988,0.1162923949336218
5851.4800000000005,0.1318850105269956,0.1170145776128116
5854.08,0.1316988278952161,0.1171107871303037
5856.4800000000005,0.1315854501225482,0.1178256340478108
5859.08,0.1316123783624693,0.1180023673223903
5861.78,0.1315886090372233,0.1183506013235448
5864.18,0.1312314517560434,0.1189376705583858
5866.78,0.1311478759923454,0.1191340969144285
5874.28,0.130791799957207,0.1198400395265145
5882.18,0.1306015856315413,0.1198727113287133
5889.08,0.1310376962519937,0.1206044153357823
5891.58,0.130915969403255,0.1208637392926644
5894.18,0.1299370007735282,0.1218220745810748
5896.58,0.1289776135673216,0.1220878985439079
5899.08,0.1279831003517135,0.1229035886467285
5901.78,0.1268435271996913,0.1233972989127644
5904.28,0.1258432594674096,0.1238099684623571
5906.78,0.1248672507882879,0.1240184069979334
5909.38,0.1238099684623571,0.1248672507882879
5911.88,0.1229035886467285,0.1249374792334255
5914.58,0.1218220745810748,0.1258432594674096
5917.18,0.1208637392926644,0.1262270629330243
5919.78,0.1198727113287133,0.1263325556852758
5922.38,0.1189376705583858,0.1263325556852758
5925.08,0.1180023673223903,0.1263325556852758
5927.58,0.1171107871303037,0.1263325556852758
5929.9800000000005,0.1161581901436518,0.1263325556852758
5932.78,0.1152425330751095,0.1263325556852758
5935.28,0.1143656634453101,0.1263325556852758
5938.08,0.1133530532328948,0.1263325556852758
5940.4800000000005,0.1124557790652961,0.1263325556852758
5943.28,0.1115016654593705,0.1263325556852758
5950.9800000000005,0.1089166456464134,0.1263325556852758
5958.58,0.1062909369012423,0.1263325556852758
5965.58,0.1039188952144072,0.1263325556852758
5968.18,0.1032016693461786,0.1263325556852758
5970.58,0.1043785018363627,0.1262270629330243
5973.18,0.1056893092143252,0.1258432594674096
5975.68,0.1069535595402493,0.1251313539786478
5978.38,0.1083219089816295,0.1249374792334255
5980.78,0.1096099896927579,0.1248672507882879
5983.58,0.1109087666059384,0.1238099684623571
5986.18,0.1123943569139724,0.1235151930436223
5988.58,0.1136354893753872,0.1233972989127644
5991.08,0.1149872909681492,0.1229035886467285
5993.58,0.1162923949336218,0.1222206097883829
5996.28,0.1178256340478108,0.1220878985439079
5998.88,0.1191340969144285,0.1218220745810748
6001.58,0.1206044153357823,0.1208637392926644
6004.08,0.1220878985439079,0.1207666197905911
6006.4800000000005,0.1233972989127644,0.1206044153357823
6009.18,0.1249374792334255,0.1206044153357823
6011.78,0.1262270629330243,0.1206044153357823
6014.4800000000005,0.1279751904514899,0.1206044153357823
6016.9800000000005,0.1294567044746314,0.1206044153357823
6019.58,0.1310417018686891,0.1206044153357823
6027.38,0.135745989722967,0.1206044153357823
6035.18,0.1406697448594251,0.1206044153357823
6042.28,0.1452130415976009,0.1206044153357823
6044.78,0.1466120297559704,0.1206044153357823
6047.28,0.144765027688364,0.1206044153357823
6049.68,0.1432993491883546,0.1206044153357823
6052.18,0.1416333043740757,0.1206044153357823
6054.78,0.1402256158904874,0.1206044153357823
6057.18,0.1387626983644233,0.1206044153357823
6059.9800000000005,0.1373782240096798,0.1206044153357823
6062.58,0.1354471318299054,0.1202560163897893
6065.28,0.1337915446566898,0.1199303083061513
6067.78,0.132443754759781,0.1198727113287133
6070.58,0.1307907299894882,0.1193528124793405
6073.08,0.1294239575628047,0.1191762670747946
6075.88,0.1277869818866597,0.1191340969144285
6078.28,0.1263325556852758,0.1189376705583858
6080.78,0.1251313539786478,0.1185324301480726
6083.4800000000005,0.1235151930436223,0.11826802714281
6085.9800000000005,0.1222206097883829,0.11826802714281
6088.68,0.1207666197905911,0.11826802714281
6091.28,0.1193528124793405,0.11826802714281
6094.08,0.1178485171534245,0.11826802714281
6096.68,0.1165314470028456,0.11826802714281
6104.28,0.1128114251115975,0.11826802714281
6112.28,0.1086911472490387,0.11826802714281
6118.88,0.1056891759361255,0.11826802714281
6121.28,0.1047687332428045,0.11826802714281
6123.9800000000005,0.105662646865787,0.11826802714281
6126.4800000000005,0.1064744103314735,0.11826802714281
6129.08,0.1074584372283505,0.11826802714281
6131.68,0.1082075852853534,0.11826802714281
6134.18,0.1090749159208237,0.11826802714281
6136.88,0.1100109700597347,0.11826802714281
6139.38,0.110799271403449,0.11826802714281
6142.08,0.1118401325833164,0.11826802714281
6144.4800000000005,0.1124805231789353,0.11826802714281
6147.28,0.1136148642072115,0.11826802714281
6149.78,0.1145457515307815,0.11826802714281
6152.58,0.1155419163906133,0.11826802714281
6155.18,0.11652798126819,0.11826802714281
6157.58,0.1173856592077902,0.11826802714281
6159.9800000000005,0.11826802714281,0.1178485171534245
6162.4800000000005,0.1191762670747946,0.1173856592077902
6165.28,0.1202560163897893,0.1172573267601123
6167.78,0.1211312395656434,0.1165314470028456
6170.58,0.1222332885565422,0.11652798126819
6173.18,0.1232210549702996,0.1158888171205448
6180.78,0.1261526176988874,0.1155419163906133
6189.18,0.1296172578643783,0.1146791774302769
6196.28,0.1325019830542108,0.1145457515307815
6198.68,0.1332167922528892,0.1136148642072115
6201.18,0.1316248065345549,0.1131982477829648
6203.78,0.130092073615987,0.1128114251115975
6206.18,0.1286516276185354,0.1124805231789353
6208.88,0.1270384418125965,0.1119672781074442
6211.38,0.1255946956792035,0.1118401325833164
6213.9800000000005,0.1241378694844688,0.110799271403449
6216.4800000000005,0.1227258402860679,0.1107227052435306
6218.9800000000005,0.1213697801133006,0.1100109700597347
6221.58,0.1199303083061513,0.1093148783617199
6224.18,0.1185324301480726,0.1090749159208237
6226.58,0.1172573267601123,0.1086911472490387
6229.18,0.1158888171205448,0.1086911472490387
6231.58,0.1146791774302769,0.1086911472490387
6234.28,0.1131982477829648,0.1086911472490387
6236.78,0.1119672781074442,0.1086911472490387
6239.18,0.1107227052435306,0.1086911472490387
6241.9800000000005,0.1093148783617199,0.1086911472490387
6244.4800000000005,0.1080851232895526,0.1086911472490387
6247.28,0.1066607304892631,0.1086911472490387
6249.78,0.1054833697090177,0.1086911472490387
6257.78,0.1016653652017426,0.1086911472490387
6265.4800000000005,0.0977234466282563,0.1086911472490387
6271.9800000000005,0.0942627807985913,0.1086911472490387
6274.68,0.0930585499139907,0.1086911472490387
6277.28,0.0930356620433569,0.1090749159208237
6280.18,0.0930331617037216,0.1093148783617199
6282.68,0.0930114561814014,0.109378116154889
6285.38,0.0929223818222023,0.1100109700597347
6287.78,0.0928755444541264,0.1106747481448998
6290.28,0.0927845088933429,0.1107227052435306
6292.9800000000005,0.0927803098690506,0.110799271403449
6295.38,0.0926707290296392,0.1118024776826526
6298.08,0.0926112024346128,0.1118401325833164
6300.58,0.0925324893161174,0.1119672781074442
6303.38,0.0925085979378433,0.1124805231789353
6305.9800000000005,0.0924730400054281,0.1131192770586005
6308.38,0.0923618000328568,0.1131192770586005
6310.9800000000005,0.0923398296572191,0.1131192770586005
6313.4800000000005,0.0922318485118755,0.1131192770586005
6315.88,0.0921907383248768,0.1131192770586005
6318.4800000000005,0.0921180223115807,0.1131192770586005
6321.08,0.092060651352916,0.1131192770586005
6323.78,0.092018149355507,0.1119672781074442
6326.38,0.0919490583960814,0.1118024776826526
6333.88,0.0917653045605146,0.1109901004330748
6341.88,0.0917763019971187,0.1107227052435306
6348.4800000000005,0.09246056441042,0.1106747481448998
6350.9800000000005,0.0927057233039356,0.109378116154889
6353.78,0.0939080675806329,0.1093148783617199
6356.28,0.0949793975654017,0.1085380788958654
6358.88,0.09614971013222,0.1081910778309659
6361.4800000000005,0.0973660530755421,0.1081496437407011
6363.88,0.0984891463478073,0.1081496437407011
6366.4800000000005,0.0996568358559073,0.1081496437407011
6369.18,0.1008895566297515,0.1081496437407011
6371.88,0.1021863539381598,0.1081496437407011
6374.38,0.1032956507125307,0.1081496437407011
6376.9800000000005,0.104540658978464,0.1081496437407011
6379.4800000000005,0.1057502091366132,0.1081496437407011
6382.38,0.107069822051775,0.1081496437407011
6384.78,0.1081910778309659,0.1081496437407011
6387.18,0.109378116154889,0.1081496437407011
6389.9800000000005,0.1106747481448998,0.1081496437407011
6392.38,0.1118024776826526,0.1081496437407011
6395.08,0.1131192770586005,0.1081496437407011
6397.58,0.1142720021714198,0.1081496437407011
6400.08,0.1156014269177102,0.1081496437407011
6402.58,0.116708751900279,0.1081496437407011
6410.18,0.1205548791748307,0.1081910778309659
6417.88,0.1244223921171453,0.1085380788958654
6424.9800000000005,0.1277123538307445,0.1087070045343438
6427.4800000000005,0.1287321648660458,0.1092059875542044
6430.28,0.1279465637108336,0.109378116154889
6432.68,0.127083979351905,0.1096445108993265
6435.18,0.1264101487931584,0.1101466960447664
6437.78,0.1255676229729261,0.1106747481448998
6440.18,0.1248063419056521,0.110742182136038
6442.88,0.1238602631671307,0.1109901004330748
6445.4800000000005,0.1231710181570556,0.1112541033608874
6448.08,0.122323237270539,0.1117317173298313
6450.58,0.1215582762906506,0.1118024776826526
6453.18,0.1207296677632985,0.1122494373228588
6455.78,0.1199584510287453,0.1128244295135567
6458.28,0.1192717231847538,0.1131192770586005
6460.78,0.1183957324031873,0.1131629355318277
6463.4800000000005,0.1176865378745061,0.1133423029056844
6465.9800000000005,0.1169461219198095,0.1139279048878665
6468.4800000000005,0.1162316920731753,0.1139694168772158
6471.08,0.1153894089414493,0.1142720021714198
6473.78,0.1146312041746583,0.1144687498174973
6476.28,0.1139279048878665,0.1144687498174973
6479.08,0.1131629355318277,0.1144687498174973
6486.68,0.1109901004330748,0.1144687498174973
6494.28,0.1085380788958654,0.1144687498174973
6501.38,0.1060319052893912,0.1144687498174973
6503.88,0.105331383983051,0.1144687498174973
6506.28,0.1057971833488185,0.1144687498174973
6508.9800000000005,0.1062047008484098,0.1144687498174973
6511.4800000000005,0.1066047163275444,0.1144687498174973
6514.18,0.10713621096278,0.1144687498174973
6516.68,0.1075901590535194,0.1144687498174973
6519.4800000000005,0.1081496437407011,0.1144687498174973
6522.18,0.1087070045343438,0.1144687498174973
6524.78,0.1092059875542044,0.1144687498174973
6527.18,0.1096445108993265,0.1144687498174973
6530.08,0.1101466960447664,0.1144687498174973
6532.4800000000005,0.110742182136038,0.1144687498174973
6535.38,0.1112541033608874,0.1144687498174973
6537.78,0.1117317173298313,0.1144687498174973
6540.28,0.1122494373228588,0.1144687498174973
6543.08,0.1128244295135567,0.1144687498174973
6545.4800000000005,0.1133423029056844,0.1144687498174973
6548.28,0.1139694168772158,0.1144687498174973
6550.78,0.1144687498174973,0.1144687498174973
6553.4800000000005,0.1151199676232132,0.1144687498174973
6556.08,0.1156478534652597,0.1144687498174973
6564.08,0.1174191659984248,0.1146312041746583
6571.78,0.1199975176417054,0.1146312041746583
6578.28,0.1223452593850631,0.1146312041746583
6581.08,0.1233389663894609,0.1146312041746583
6583.4800000000005,0.1229823351593503,0.1146312041746583
6585.9800000000005,0.1225326140745082,0.1146312041746583
6588.58,0.1221013054053096,0.1146312041746583
6591.18,0.1216043938005739,0.1146312041746583
6593.9800000000005,0.1211979880032282,0.1146312041746583
6596.4800000000005,0.1208402893051917,0.1146312041746583
6599.28,0.1203787232475521,0.1146312041746583
6601.68,0.1199459703441689,0.1146312041746583
6604.38,0.1194954917800247,0.1146312041746583
6606.9800000000005,0.1191127651853374,0.1146312041746583
6609.38,0.1186541407192046,0.1146312041746583
6611.9800000000005,0.1182749879344572,0.1146312041746583
6614.4800000000005,0.1178758616320846,0.1145415811627258
6616.9800000000005,0.1174506478898717,0.1145415811627258
6619.68,0.1169438378398109,0.1145415811627258
6622.18,0.1165699443753069,0.1144833248030369
6624.78,0.1163294883842694,0.1144687498174973
6627.38,0.1158639183184851,0.114415285920937
6630.08,0.115469410196145,0.1143813877569195
6632.68,0.1152935589578303,0.1142840580290919
6640.28,0.1139403594208916,0.114084580923397
6648.28,0.1117824627500582,0.114084580923397
6654.9800000000005,0.1099250743698032,0.114084580923397
6657.78,0.1089421850127773,0.114084580923397
6660.28,0.109187284318448,0.114084580923397
6662.78,0.1092371981296662,0.114084580923397
6665.4800000000005,0.1093973657952402,0.114084580923397
6668.18,0.1095407048344421,0.114084580923397
6670.78,0.1097621109778909,0.114084580923397
6673.38,0.1099037419306953,0.114084580923397
6675.9800000000005,0.1100803671452503,0.114084580923397
6678.4800000000005,0.1102403818641208,0.114084580923397
6680.88,0.1103493599610668,0.114084580923397
6683.58,0.1104795689043475,0.114084580923397
6685.9800000000005,0.1106161661560618,0.114084580923397
6688.78,0.1108371591500296,0.114084580923397
6691.28,0.110974224527607,0.114084580923397
6694.18,0.1110723760275103,0.114084580923397
6696.58,0.1112536348249181,0.114084580923397
6698.9800000000005,0.1114253135636984,0.114084580923397
6701.68,0.1116232272974208,0.114084580923397
6704.28,0.1116727714976602,0.114084580923397
6706.9800000000005,0.1118471836944993,0.114084580923397
6709.58,0.1120948351563771,0.114084580923397
6717.4800000000005,0.1125793612621368,0.1139403594208916
6725.18,0.1134733234877193,0.1135517863824868
6731.78,0.1146878929407223,0.1134733234877193
6734.58,0.1153839019491147,0.1132827752484859
6737.08,0.1153365513842022,0.1132827752484859
6739.88,0.1152562941047338,0.1132649212017468
6742.38,0.1152470314593175,0.113076726616549
6744.88,0.1151647541079587,0.113050505057187
6747.58,0.1150189916896915,0.1129869877750312
6750.18,0.1149482130884095,0.1129664668574625
6752.88,0.115024722941838,0.1129238872422475
6755.38,0.1150441326649912,0.1129188868217332
6757.78,0.1148888578566188,0.1129188868217332
6760.58,0.1148158241986341,0.1127822263135487
6763.28,0.1148109086469655,0.112778643740395
6765.88,0.1148513723197193,0.1127663960152604
6768.28,0.1146954233511983,0.1126282988404396
6770.78,0.1146831093168398,0.1126256764260149
6773.28,0.1145415811627258,0.1126242545837801
6775.78,0.114609013992501,0.1125793612621368
6778.58,0.114564110637353,0.112506044424866
6781.28,0.1144833248030369,0.1125035634510598
6783.78,0.1143813877569195,0.1124209068813382
6786.58,0.114415285920937,0.1123821757412768
6794.28,0.1142840580290919,0.1122999422225581
6801.9800000000005,0.114084580923397,0.1121897467677843
6808.58,0.1135517863824868,0.1120948351563771
6811.18,0.1132827752484859,0.1120788158128291
6813.68,0.1132827752484859,0.1120788158128291
6816.38,0.1132649212017468,0.1120788158128291
6818.88,0.113076726616549,0.1120788158128291
6821.38,0.113050505057187,0.1120788158128291
6823.9800000000005,0.1129238872422475,0.1120788158128291
6826.58,0.1129869877750312,0.1120788158128291
6829.18,0.1129188868217332,0.1120788158128291
6831.58,0.1129188868217332,0.1120788158128291
6833.9800000000005,0.1129664668574625,0.1120788158128291
6836.78,0.1127822263135487,0.1120788158128291
6839.18,0.112778643740395,0.1120788158128291
6841.88,0.1127663960152604,0.1120788158128291
6844.28,0.1126242545837801,0.1120788158128291
6846.78,0.1126256764260149,0.1120788158128291
6849.4800000000005,0.1126282988404396,0.1120948351563771
6851.9800000000005,0.112506044424866,0.1121897467677843
6854.58,0.1125035634510598,0.1122914905640937
6857.18,0.1123821757412768,0.1122999422225581
6859.88,0.1124209068813382,0.1123821757412768
6862.4800000000005,0.1122999422225581,0.1124209068813382
6869.9800000000005,0.1121897467677843,0.1125035634510598
6878.08,0.1115540821352859,0.112506044424866
6884.58,0.1119073130960751,0.1125793612621368
6887.08,0.1120788158128291,0.1126242545837801
6889.78,0.111955042774389,0.1126242545837801
6892.28,0.1117689384556332,0.1126242545837801
6894.88,0.111443614996578,0.1126242545837801
6897.4800000000005,0.1111819004912701,0.1126242545837801
6900.18,0.1110334945234525,0.1126242545837801
6902.78,0.1108269176084408,0.1126242545837801
6905.58,0.110651329257473,0.1126242545837801
6908.08,0.1103141758118858,0.1126242545837801
6910.78,0.1101273754991341,0.1126242545837801
6913.38,0.1098707655883056,0.1126242545837801
6915.78,0.1096859414379126,0.1126242545837801
6918.4800000000005,0.1093520289796642,0.1126242545837801
6920.9800000000005,0.1093024323555911,0.1126242545837801
6923.58,0.1090496025442841,0.1126242545837801
6926.08,0.1088709267076028,0.1126242545837801
6928.58,0.108594631341512,0.1126242545837801
6931.28,0.1084440406784989,0.1126242545837801
6933.88,0.1082144345327279,0.1126242545837801
6936.58,0.1080127911653261,0.1126242545837801
6939.18,0.107835642028288,0.1126242545837801
6947.08,0.1071916457135046,0.1126242545837801
6954.88,0.1065058903882611,0.1126242545837801
6961.38,0.1054761704010329,0.1126242545837801
6963.88,0.1051437635268963,0.1126242545837801
6966.4800000000005,0.1054503149436118,0.1126242545837801
6968.9800000000005,0.1058733296787246,0.1126242545837801
6971.4800000000005,0.1062171104345833,0.1126242545837801
6974.38,0.1066949820985218,0.1126242545837801
6977.08,0.1070983115133173,0.1125654228884196
6979.58,0.1075185474052554,0.112506044424866
6982.38,0.1079741365763312,0.1125035634510598
6984.78,0.1083086258594306,0.1124209068813382
6987.28,0.1087775994109595,0.1123821757412768
6989.9800000000005,0.1090608370752943,0.1123627984945799
6992.4800000000005,0.1096557671724744,0.1122999422225581
6995.08,0.110054008139133,0.1122914905640937
6997.58,0.1104933860112112,0.1122087749401794
7000.38,0.1110190784913745,0.1121897467677843
7002.88,0.1114326894316836,0.1120875519814535
7005.38,0.1118872922964917,0.1120788158128291
7007.9800000000005,0.1122914905640937,0.111955042774389
7010.58,0.1126666656890761,0.1119073130960751
7013.28,0.1131963256957541,0.1119037145846664
7015.88,0.1136010439101333,0.1118872922964917
7023.4800000000005,0.1150444547048827,0.1117689384556332
7031.58,0.1167420453093518,0.1117378436633486
7038.08,0.1181992503235517,0.1115540821352859
7040.58,0.1187904256680056,0.1115247589146734
7043.28,0.1184612072297744,0.111443614996578
7045.78,0.1183279540703192,0.1114326894316836
7048.4800000000005,0.1182510220643262,0.1112954357561486
7051.08,0.1180570296335953,0.1111992490795457
7053.78,0.1179593136494168,0.1111819004912701
7056.28,0.1177191595234911,0.1110549166529406
7059.08,0.1175069834605573,0.1110334945234525
7061.58,0.1173301723776678,0.1110190784913745
7063.9800000000005,0.1172109486143027,0.1110190784913745
7066.58,0.1170646669473917,0.1110190784913745
7068.9800000000005,0.1169401368720561,0.1110190784913745
7071.58,0.1168963799279708,0.1110190784913745
7074.08,0.1165142730040638,0.1110190784913745
7076.4800000000005,0.1163543652310081,0.1110190784913745
7079.28,0.1161451201967372,0.1110549166529406
7081.68,0.1159659523184776,0.1110749623238704
7084.38,0.1158274396486089,0.1111992490795457
7086.9800000000005,0.115728754200539,0.1112165559759359
7089.38,0.1156213647425609,0.1112954357561486
7092.08,0.1152335690080519,0.1113731747997094
7099.68,0.1148758887066894,0.1113731747997094
7107.4800000000005,0.1143863357143572,0.1113731747997094
7114.4800000000005,0.114120513038488,0.1114326894316836
7116.9800000000005,0.1139881606879942,0.1114496555142754
7119.78,0.1137838354364475,0.1115247589146734
7122.28,0.1135048322471665,0.1115758446035024
7124.68,0.1133433918266224,0.1116235516730065
7127.28,0.1131165834304981,0.1117378436633486
7129.78,0.1129477497087884,0.1117527039892439
7132.58,0.1126904084440931,0.1118670689838592
7135.18,0.1125654228884196,0.1118872922964917
7137.88,0.1123627984945799,0.1119037145846664
7140.28,0.1122087749401794,0.1120875519814535
7142.88,0.1120875519814535,0.1121243238560389
7145.28,0.1119037145846664,0.1122087749401794
7147.88,0.1117378436633486,0.1122914905640937
7150.58,0.1115247589146734,0.1123627984945799
7153.18,0.1112954357561486,0.1124891926249802
7155.88,0.1111992490795457,0.1125654228884196
7158.38,0.1110549166529406,0.1126666656890761
7160.9800000000005,0.1108834575193846,0.1126904084440931
7163.4800000000005,0.1107163361053475,0.1127434592647287
7165.9800000000005,0.1105041071427511,0.1129477497087884
7168.78,0.1103685463842407,0.1131165834304981
7176.4800000000005,0.1098647126373419,0.1131563569249356
7184.18,0.1094599902661393,0.1131563569249356
7191.38,0.1089761331913478,0.1131563569249356
7193.78,0.1088924185105177,0.1131563569249356
7196.58,0.1090704785405038,0.1131563569249356
7198.9800000000005,0.1092442957230711,0.1131563569249356
7201.4800000000005,0.1093317726586247,0.1131563569249356
7204.08,0.1094659396828636,0.1131563569249356
7206.48,0.1095809083404077,0.1131563569249356
7209.28,0.1097542610877255,0.1131563569249356
7211.88,0.1098399670335538,0.1131563569249356
7214.38,0.1099941155431106,0.1131563569249356
7217.08,0.1101008249373036,0.1131563569249356
7219.88,0.1103043252203239,0.1131563569249356
7222.28,0.1103900767272867,0.1131563569249356
7225.08,0.1105751499111989,0.1131165834304981
7227.58,0.1107043058476812,0.1129477497087884
7230.08,0.1107997780620102,0.1128535789084688
7232.78,0.1108848761229054,0.1127434592647287
7235.18,0.1109476034046044,0.1126904084440931
7237.88,0.1110749623238704,0.1125654228884196
7240.48,0.1112165559759359,0.1124891926249802
7243.18,0.1113731747997094,0.1123627984945799
7245.78,0.1114496555142754,0.1122455023824612
7253.68,0.1118670689838592,0.1122087749401794
7261.28,0.1116235516730065,0.1121243238560389
7267.88,0.1113204244838712,0.1120875519814535
7270.38,0.1111142285155263,0.1119037145846664
7272.98,0.1115758446035024,0.1118670689838592
7275.48,0.1117527039892439,0.1117527039892439
7278.28,0.1121243238560389,0.1117378436633486
7280.78,0.1124891926249802,0.1116235516730065
7283.58,0.1127434592647287,0.1115758446035024
7286.18,0.1131563569249356,0.1115247589146734
7288.98,0.1134844682403678,0.1114827622415502
7291.48,0.1139176019449371,0.1114496555142754
7293.98,0.1142027660121119,0.1113731747997094
7296.58,0.1144268421842136,0.1113204244838712
7298.98,0.1148918752442158,0.1112954357561486
7301.78,0.1152018624861173,0.1112165559759359
7304.28,0.1155891223863825,0.1111992490795457
7306.68,0.1159554455258606,0.1111142285155263
7309.28,0.1162791404889831,0.1110749623238704
7311.78,0.1166254700839355,0.1110549166529406
7314.58,0.1170682424487835,0.1109476034046044
7317.18,0.1173982961493622,0.1108848761229054
7319.58,0.1177297273924678,0.1108834575193846
7322.18,0.1180783212038873,0.1108696104871446
7329.68,0.1191754173650957,0.1108696104871446
7337.48,0.1210155340224979,0.1108696104871446
7344.58,0.1224919458380266,0.1108696104871446
7346.98,0.1230859069087624,0.1108696104871446
7349.78,0.1222334061453741,0.1108696104871446
7352.28,0.1215519397823824,0.1108696104871446
7354.98,0.1207718861147791,0.1108696104871446
7357.68,0.1200512555279722,0.1108696104871446
7360.48,0.1193030391731957,0.1108696104871446
7363.08,0.1185906236396523,0.1108696104871446
7365.78,0.1178550893180848,0.1108696104871446
7368.28,0.1171790639375474,0.1108696104871446
7371.08,0.1163231939981047,0.1108696104871446
7373.68,0.1156866243709544,0.1108696104871446
7376.38,0.1149915704277333,0.1108696104871446
7379.08,0.1141835095846289,0.1108696104871446
7381.78,0.1134827283682925,0.1108696104871446
7384.28,0.1128535789084688,0.1108696104871446
7386.68,0.1122455023824612,0.1108696104871446
7389.28,0.1114827622415502,0.1108696104871446
7391.88,0.1108696104871446,0.1108696104871446
7394.58,0.1100495957593314,0.1100495957593314
7397.08,0.1094550526778672,0.1094550526778672
7399.88,0.1086871430892481,0.1086871430892481
7407.58,0.1068035251932782,0.1068035251932782
7415.18,0.1047201233621034,0.1047201233621034
7421.88,0.1029714112888223,0.1029714112888223
7424.48,0.1023288236299984,0.1023288236299984
7426.88,0.102205893431121,0.102205893431121
7429.28,0.1021355996140862,0.1021355996140862
7431.98,0.1019216188244679,0.1019216188244679
7434.58,0.1017575128677747,0.1017575128677747
7437.28,0.1017023034596155,0.1017023034596155
7439.78,0.1015636822790456,0.1015636822790456
7442.38,0.101495494329991,0.101495494329991
7444.78,0.1013529719011672,0.1013529719011672
7447.28,0.1012601592781261,0.1012601592781261
7449.98,0.1011797179088258,0.1011797179088258
7452.48,0.1010465563864102,0.1010465563864102
7455.28,0.1010209957805582,0.1010209957805582
7457.78,0.1008985045885133,0.1008985045885133
7460.18,0.1008926494156208,0.1008926494156208
7462.68,0.100739221953169,0.100739221953169
7465.18,0.1006794717734889,0.1006794717734889
7467.88,0.1006138509545775,0.1006138509545775
7470.48,0.1004924713093282,0.1004924713093282
7472.98,0.1004383815347142,0.1004383815347142
7475.68,0.1003413771082347,0.1003413771082347
7483.38,0.1000427967251635,0.1000427967251635
7491.48,0.099752768026526,0.099752768026526
7497.98,0.0994201436367544,0.0994201436367544
7500.78,0.0992365024412366,0.099403957765159
7503.28,0.0992068794353228,0.099403957765159
7505.68,0.0991384938994166,0.099403957765159
7508.38,0.0990565627714654,0.099403957765159
7510.98,0.0989038748586439,0.099403957765159
7513.58,0.0988271536789505,0.099403957765159
7516.28,0.0987459895678539,0.099403957765159
7518.98,0.098625814740805,0.099403957765159
7521.48,0.0985272053364488,0.099403957765159
7523.98,0.0984357569799045,0.099403957765159
7526.58,0.0983065651475031,0.099403957765159
7529.08,0.0982327914620807,0.099403957765159
7531.88,0.0980882813212302,0.099403957765159
7534.28,0.0979746144359004,0.099403957765159
7536.78,0.0978587868915873,0.099403957765159
7539.48,0.0976968653218884,0.099403957765159
7541.88,0.0975969207977896,0.099403957765159
7544.58,0.0974591470469915,0.099403957765159
7547.28,0.0973809162073951,0.099403957765159
7549.98,0.0972620346369297,0.099403957765159
7552.68,0.0971677418896274,0.099403957765159
7560.78,0.0967958138683231,0.099403957765159
7568.58,0.0964804517392825,0.099403957765159
7575.48,0.0962785835210734,0.099403957765159
7577.98,0.0963505945515515,0.099403957765159
7580.78,0.0964290823861633,0.099403957765159
7583.28,0.0964655675366235,0.099403957765159
7585.68,0.0965174657478318,0.099403957765159
7588.28,0.0966207415837236,0.099403957765159
7590.88,0.0966986495040806,0.099403957765159
7593.48,0.096806925376827,0.099403957765159
7596.08,0.0967643170732449,0.099403957765159
7598.78,0.0969007405469759,0.099403957765159
7601.28,0.0969870425001277,0.099403957765159
7604.08,0.0970571213796469,0.099403957765159
7606.68,0.0971240349904474,0.0992365024412366
7609.38,0.0972205031498755,0.0992068794353228
7611.88,0.0972823298502786,0.0991384938994166
7614.28,0.0973755185689644,0.0990565627714654
7617.08,0.097441932018667,0.0989745778228094
7619.48,0.0975340379143618,0.0989038748586439
7622.28,0.0976308194809401,0.0988271536789505
7624.88,0.0976912769493017,0.0987459895678539
7627.58,0.0977675633278328,0.098625814740805
7630.18,0.097870746623845,0.0985989954758159
7637.78,0.0980762994202861,0.098544432155045
7645.48,0.0983187766545727,0.0985272053364488
7652.58,0.0985989954758159,0.0984725476644953
7655.28,0.098544432155045,0.0984357569799045
7657.78,0.0989745778228094,0.0983187766545727
7660.18,0.099403957765159,0.0983065651475031
7662.98,0.0998984008256703,0.0982327914620807
7665.48,0.1003634254010176,0.0980882813212302
7668.28,0.1008673599287209,0.0980762994202861
7670.78,0.1012947431442739,0.0979746144359004
7673.58,0.1017623047274124,0.097870746623845
7675.98,0.1021897174302685,0.0978587868915873
7678.78,0.1026201874126463,0.0977675633278328
7681.38,0.1030811410350758,0.0976968653218884
7684.08,0.1035466749090318,0.0976912769493017
7686.68,0.1040444951426279,0.0976308194809401
7689.48,0.1044839106296184,0.0975969207977896
7691.98,0.1049022827350903,0.0975340379143618
7694.38,0.1053489560582086,0.0975340379143618
7697.08,0.1057906888835085,0.0975340379143618
7699.58,0.106311773218512,0.0975340379143618
7702.38,0.1067621407837049,0.0975340379143618
7704.88,0.1071275971824158,0.0975340379143618
7707.58,0.1076801427769217,0.0976308194809401
7715.28,0.1091243929737813,0.0976912769493017
7722.88,0.1106817380890147,0.0977675633278328
7729.48,0.1115542948317164,0.097870746623845
7732.28,0.1118322180812257,0.0980762994202861
7734.68,0.1107934479691604,0.0983187766545727
7737.48,0.1096899505069713,0.0983216866480166
7739.98,0.1087434437211874,0.0984725476644953
7742.58,0.1076048511457506,0.098544432155045
7745.08,0.1065161280605489,0.0985989954758159
7747.58,0.1055375833947807,0.0989745778228094
7750.28,0.1043590173521279,0.0993437870156414
7752.68,0.1034744794198521,0.099403957765159
7755.38,0.1024568302860301,0.0994486500942905
7757.98,0.1014042088405133,0.0998984008256703
7760.38,0.1003919642573138,0.100120225818109
7762.98,0.0994486500942905,0.1003634254010176
7765.48,0.0984725476644953,0.1003919642573138
7767.88,0.0974630447348375,0.1008673599287209
7770.28,0.0966032322089008,0.1010976117894831
7772.78,0.0955901943246438,0.1012947431442739
7775.580000000001,0.0945005980356152,0.1014042088405133
7778.179999999999,0.0935315023891121,0.1017623047274124
7780.78,0.0925304764885954,0.1021897174302685
7783.38,0.0915702621492994,0.1024568302860301
7791.179999999999,0.0885260870567146,0.1026201874126463
7798.98,0.0854229751831139,0.1030811410350758
7805.679999999999,0.0836948904028711,0.1034744794198521
7808.580000000001,0.0831791259034258,0.1035466749090318
7810.98,0.0839808814252323,0.1037545419659455
7813.48,0.0848446912557265,0.1040444951426279
7815.98,0.0856513182447935,0.1043590173521279
7818.580000000001,0.0865045623807535,0.1044839106296184
7821.28,0.0874472684777278,0.1049022827350903
7823.88,0.088440824684749,0.1053489560582086
7826.48,0.08926328628663,0.1055375833947807
7828.98,0.0901044170391602,0.1057906888835085
7831.78,0.091056261055609,0.106311773218512
7834.38,0.0920214115936658,0.106311773218512
7837.080000000001,0.0929040802478306,0.106311773218512
7839.679999999999,0.0938191809299214,0.106311773218512
7842.28,0.0947184798880609,0.106311773218512
7844.78,0.0955944554625288,0.106311773218512
7847.28,0.0964727051277962,0.106311773218512
7849.98,0.0974345287208394,0.106311773218512
7852.48,0.0983216866480166,0.106311773218512
7855.28,0.0993437870156414,0.106311773218512
7857.679999999999,0.100120225818109,0.106311773218512
7860.38,0.1010976117894831,0.1055375833947807
7867.98,0.1037545419659455,0.1055205110377012
7875.78,0.1065306897519294,0.1046731043213422
7882.88,0.1087853224090509,0.1043590173521279
7885.28,0.1092973821656929,0.1037879424207217
7887.78,0.1096197330906594,0.1037545419659455
7890.48,0.1098024146787877,0.1034744794198521
7893.080000000001,0.1101157104790362,0.1029990756740662
7895.78,0.1101968220159677,0.1024568302860301
7898.28,0.1105216796193216,0.1022033475576457
7900.88,0.1108160881548498,0.1014042088405133
7903.48,0.1110125223926498,0.101317823079093
7905.88,0.1112681985723735,0.101317823079093
7908.28,0.1114717755121363,0.101317823079093
7910.88,0.111630389724661,0.101317823079093
7913.580000000001,0.1119491544356951,0.101317823079093
7916.179999999999,0.1121493484541404,0.101317823079093
7918.78,0.1123940335173768,0.101317823079093
7921.28,0.1125917272647294,0.1022033475576457
7923.679999999999,0.1128374567156333,0.1022214202833504
7926.48,0.1132134615311892,0.1029990756740662
7929.080000000001,0.1133084997081929,0.103358823485669
7931.78,0.1136196813716192,0.1037545419659455
7934.28,0.1138086660442128,0.1037879424207217
7936.88,0.1140611283609437,0.1045471979543766
7944.48,0.1147369642191178,0.1046731043213422
7952.179999999999,0.1152205329010531,0.1055205110377012
7958.88,0.1157101929081907,0.1057009956820445
7961.48,0.11579455852269,0.1063673002563328
7963.98,0.1149188601333965,0.1065306897519294
7966.78,0.1140165220292424,0.106840693801062
7969.179999999999,0.1131973382461802,0.1072101320320173
7972.179999999999,0.1123130072456431,0.1078893345248374
7974.580000000001,0.1114809016590572,0.1080374435392387
7977.38,0.110480049924807,0.1087698418106521
7979.98,0.1096966366441176,0.1087853224090509
7982.580000000001,0.1087698418106521,0.1091367382647274
7985.080000000001,0.1080374435392387,0.1092973821656929
7987.580000000001,0.1072101320320173,0.1096197330906594
7990.28,0.1063673002563328,0.1096966366441176
7992.88,0.1055205110377012,0.1098024146787877
7995.48,0.1046731043213422,0.1101157104790362
7997.98,0.1037879424207217,0.1101968220159677
8000.78,0.1029990756740662,0.1102991868454214
8003.28,0.1022033475576457,0.110480049924807
8006.080000000001,0.101317823079093,0.1105216796193216
8008.78,0.1004408194763039,0.1108160881548498
8011.580000000001,0.0995544913555535,0.1110125223926498
8014.179999999999,0.0988100672257356,0.1112681985723735
8021.78,0.096413047499136,0.1114717755121363
8029.78,0.0941838259857427,0.1114809016590572
8036.580000000001,0.092088634710447,0.111630389724661
8039.179999999999,0.091431968877187,0.1116878400838329
8041.679999999999,0.0924172630984101,0.1119491544356951
8044.179999999999,0.0934419675132681,0.1121493484541404
8046.78,0.0944781421202173,0.1123130072456431
8049.38,0.0955166819704622,0.1123940335173768
8051.98,0.0965989209275396,0.1125917272647294
8054.679999999999,0.097685356503961,0.1127810756188732
8057.48,0.0988457745012374,0.1128374567156333
8059.98,0.0999305916606822,0.1131973382461802
8062.78,0.1011313770020655,0.1132134615311892
8065.28,0.1022214202833504,0.1133084997081929
8067.98,0.103358823485669,0.1136196813716192
8070.580000000001,0.1045471979543766,0.1138086660442128
8073.28,0.1057009956820445,0.1140165220292424
8075.78,0.106840693801062,0.1140611283609437
8078.179999999999,0.1078893345248374,0.1141482280498817
8080.679999999999,0.1091367382647274,0.1141482280498817
8083.28,0.1102991868454214,0.1141482280498817
8085.98,0.1116878400838329,0.1141482280498817
8088.48,0.1127810756188732,0.1141482280498817
8091.28,0.1141482280498817,0.1141482280498817
8098.98,0.1180162194086028,0.1141482280498817
8106.580000000001,0.1218056512246908,0.1141482280498817
8113.580000000001,0.1258490137669295,0.1141482280498817
8115.98,0.1272668754284611,0.1140165220292424
8118.48,0.1272112682458904,0.1138931742671926
8121.28,0.1268811925305723,0.1136231389109251
8123.78,0.1264370770690644,0.1133805831492881
8126.38,0.126346060175857,0.1131973382461802
8128.98,0.1259402833249977,0.1127810756188732
8131.580000000001,0.125680149401581,0.1125211906258948
8134.179999999999,0.1255649433143217,0.1125211906258948
8136.580000000001,0.1251962146395472,0.1125211906258948
8139.080000000001,0.1248867197643686,0.1125211906258948
8141.580000000001,0.1245679928929715,0.1125211906258948
8144.38,0.1244328399355629,0.1125211906258948
8146.98,0.1240693950962127,0.1125211906258948
8149.580000000001,0.1236872893692799,0.1125211906258948
8152.179999999999,0.1235171781513977,0.1125211906258948
8154.580000000001,0.1232846879662542,0.1125211906258948
8157.28,0.1229308956659014,0.1125211906258948
8159.78,0.1226844870495246,0.1125211906258948
8162.580000000001,0.1223309991503244,0.1125211906258948
8164.98,0.1221547494385089,0.1125211906258948
8167.78,0.1219850741775024,0.1125211906258948
8175.48,0.1210200895973389,0.1125211906258948
8183.28,0.1201030809205683,0.1125211906258948
8190.179999999999,0.1193190911155913,0.1125211906258948
8192.679999999998,0.1188637563637752,0.1125211906258948
8195.179999999998,0.1186270087553375,0.1125211906258948
8197.679999999998,0.1183018423584448,0.1125211906258948
8200.179999999998,0.1179492522758063,0.1125211906258948
8202.779999999999,0.1178430449890902,0.1125211906258948
8205.279999999999,0.1174531084520305,0.1125211906258948
8207.779999999999,0.117210333200745,0.1125211906258948
8210.48,0.1169654867370311,0.1125211906258948
8212.88,0.1166799778777038,0.1125211906258948
8215.48,0.1164070821708626,0.1125211906258948
8218.08,0.116119539836266,0.1125211906258948
8220.779999999999,0.1157707819896398,0.1125211906258948
8223.38,0.1155139742358008,0.1125211906258948
8225.779999999999,0.1152884608694411,0.1125211906258948
8228.279999999999,0.1150768981611499,0.1125211906258948
8230.679999999998,0.1147447197712468,0.1125211906258948
8233.179999999998,0.1145283186984789,0.1125211906258948
8235.679999999998,0.1142344210208489,0.1125211906258948
8238.279999999999,0.1138931742671926,0.1125211906258948
8240.98,0.1136231389109251,0.1125211906258948
8243.58,0.1133805831492881,0.1125211906258948
8251.279999999999,0.1125211906258948,0.1125211906258948
8258.98,0.1118564093823007,0.1118564093823007
8265.48,0.1110293543822154,0.1110293543822154
8267.98,0.1107115176301845,0.1107868333120775
8270.779999999999,0.1107115176301845,0.1107851102648922
8273.179999999998,0.1107449141677194,0.1107449141677194
8275.98,0.1105639078490414,0.1107115176301845
8278.58,0.1105639078490414,0.1107115176301845
8281.279999999999,0.1105135693529999,0.1106838389257455
8283.98,0.1106134630325254,0.1106816105811273
8286.58,0.1106290904563732,0.1106290904563732
8288.98,0.110585504887612,0.1106216000140703
8291.48,0.110585504887612,0.1106134630325254
8294.179999999998,0.110567239556341,0.110597419023474
8296.679999999998,0.1106216000140703,0.110585504887612
8299.48,0.1104950578106172,0.110585504887612
8301.98,0.110597419023474,0.1105839237667043
8304.58,0.1106838389257455,0.1105835986408297
8307.179999999998,0.1106816105811273,0.1105727765577437
8309.88,0.1105501705798713,0.110567239556341
8312.58,0.1105727765577437,0.1105639078490414
8315.279999999999,0.1105221188435188,0.1105639078490414
8317.779999999999,0.1105552080205694,0.1105552080205694
8320.58,0.1105835986408297,0.1105552080205694
8328.279999999999,0.1104780155656412,0.1105552080205694
8335.88,0.1105839237667043,0.1105552080205694
8342.88,0.1107851102648922,0.1105552080205694
8345.38,0.1107868333120775,0.1105552080205694
8347.88,0.1103921846535297,0.1105552080205694
8350.48,0.1100101772719507,0.1105552080205694
8352.98,0.1096469132435241,0.1105552080205694
8355.779999999999,0.1091623450258492,0.1105552080205694
8358.279999999999,0.1087782924409023,0.1105552080205694
8361.08,0.1082773261693772,0.1105552080205694
8363.679999999998,0.1078493561361842,0.1105552080205694
8366.38,0.107361570039048,0.1105552080205694
8368.779999999999,0.1069787105948332,0.1105552080205694
8371.38,0.1064837022140324,0.1105552080205694
8374.08,0.106077358432624,0.1105552080205694
8376.679999999998,0.1055686278312128,0.1105552080205694
8379.279999999999,0.1051284274384907,0.1105552080205694
8381.779999999999,0.1046882852444916,0.1105552080205694
8384.279999999999,0.104282134577872,0.1105552080205694
8386.98,0.1038268799822449,0.1105552080205694
8389.779999999999,0.1033531501832298,0.1105552080205694
8392.38,0.1028808241436779,0.1105552080205694
8394.779999999999,0.1025389142696418,0.1105552080205694
8397.48,0.1020779813297962,0.1105552080205694
8404.98,0.1008412775169132,0.1105552080205694
8412.98,0.0994511049592392,0.1105552080205694
8420.08,0.0984995699876549,0.1105552080205694
8422.779999999999,0.0981470954572524,0.1105552080205694
8425.279999999999,0.0985596397287595,0.1105552080205694
8427.779999999999,0.0990049877266636,0.1105552080205694
8430.38,0.0994730697692504,0.1105552080205694
8432.88,0.0999081411481212,0.1105552080205694
8435.58,0.1004561208967524,0.1105552080205694
8438.179999999998,0.1009631261686484,0.1105552080205694
8440.779999999999,0.1013829206522732,0.1105552080205694
8443.279999999999,0.1018632806880518,0.110567239556341
8445.679999999998,0.1023360722337273,0.110567239556341
8448.279999999999,0.1028460828673234,0.110567239556341
8450.779999999999,0.1033195921807293,0.110567239556341
8453.58,0.1038167240394149,0.110567239556341
8456.179999999998,0.1043381142126374,0.1105727765577437
8458.58,0.1047468274004173,0.1105727765577437
8461.179999999998,0.1052556003947386,0.1105835986408297
8463.58,0.1056961023607751,0.1105835986408297
8466.38,0.1062523576001385,0.1105835986408297
8468.98,0.1068413617106143,0.1105835986408297
8471.779999999999,0.1073230968768922,0.1105839237667043
8474.279999999999,0.107794721277155,0.1107851102648922
8482.48,0.1093680143279118,0.1107868333120775
8490.279999999999,0.1109139553515092,0.1109139553515092
8496.98,0.1116166499298297,0.1116166499298297
8499.679999999998,0.1118360856198879,0.1118360856198879
8502.179999999998,0.1119305003919087,0.1119305003919087
8504.779999999999,0.1119481892617728,0.1119481892617728
8507.279999999999,0.1121511141152646,0.1119568961270286
8509.98,0.1121523363064441,0.1120499743940399
8512.48,0.1121670144500029,0.1121511141152646
8514.98,0.1123047112526531,0.1121523363064441
8517.779999999999,0.1124286674787434,0.1121670144500029
8520.279999999999,0.1124141745998915,0.1122422928128306
8522.98,0.1124655966903287,0.1123047112526531
8525.58,0.1125704159832034,0.1124071038659752
8528.38,0.1126181261731678,0.1124141745998915
8530.88,0.1126913915653371,0.1124286674787434
8533.679999999998,0.1127941547036237,0.1124655966903287
8536.179999999998,0.1127655750933885,0.1125704159832034
8538.58,0.1129463533709815,0.1126181261731678
8541.279999999999,0.1130601689358173,0.1126913915653371
8544.08,0.1131748314645506,0.1127127018405506
8546.679999999998,0.1132148953002439,0.1127635854297717
8549.38,0.1132659376858579,0.1127655750933885
8551.98,0.1133637412943185,0.1127941547036237
8560.08,0.113637724440771,0.1129098578474263
8567.779999999999,0.1139482322076606,0.1129463533709815
8574.279999999999,0.1149404036635117,0.1130601689358173
8576.679999999998,0.1149404036635117,0.1131276920683097
8579.48,0.1148832203702343,0.1131499106945743
8581.98,0.11483835244204,0.1131748314645506
8584.779999999999,0.1146934152383422,0.1132148953002439
8587.38,0.1145379073004258,0.1132659376858579
8590.08,0.1144796433304848,0.1132983843114088
8592.679999999998,0.1144647660104486,0.1133637412943185
8595.38,0.1142265857194139,0.1134265851151679
8597.779999999999,0.1141693550308823,0.1135283570009205
8600.279999999999,0.1139676880982274,0.1135521246335839
8602.779999999999,0.1137694651123695,0.1135977493087842
8605.279999999999,0.1137354844766111,0.113637724440771
8608.08,0.1137430708773284,0.1137354844766111
8610.48,0.1135521246335839,0.1137430708773284
8612.98,0.1135283570009205,0.1137694651123695
8615.58,0.1134265851151679,0.1139482322076606
8617.98,0.1132983843114088,0.1139676880982274
8620.88,0.1131499106945743,0.1141693550308823
8623.48,0.1131276920683097,0.1141693550308823
8626.08,0.1129098578474263,0.1141693550308823
8628.679999999998,0.1127635854297717,0.1141693550308823
8636.279999999999,0.1124071038659752,0.1141693550308823
8644.279999999999,0.1122422928128306,0.1141693550308823
8650.98,0.1119568961270286,0.1141693550308823
8653.88,0.1120499743940399,0.1141693550308823
8656.38,0.1127127018405506,0.1141693550308823
8659.08,0.1135977493087842,0.1141693550308823
8661.58,0.1143316019499913,0.1141693550308823
8664.179999999998,0.1151265467658341,0.1141693550308823
8666.779999999999,0.1158922551665584,0.1141693550308823
8669.279999999999,0.1166599786447592,0.1141693550308823
8671.98,0.1174752138154936,0.1141693550308823
8674.48,0.1182202184996053,0.1141693550308823
8676.88,0.1189346402263464,0.1142265857194139
8679.58,0.1195592091917216,0.1143316019499913
8682.08,0.1206432531309495,0.1144647660104486
8684.679999999998,0.1214641080228877,0.1144796433304848
8687.179999999998,0.1219830345115485,0.1145379073004258
8689.58,0.123038399948447,0.1146934152383422
8692.279999999999,0.1238318645553395,0.1148093076084357
8694.679999999998,0.1246971124142171,0.11483835244204
8697.58,0.1256992939056146,0.1148832203702343
8700.179999999998,0.1264775327343964,0.1149404036635117
8702.779999999999,0.1272165768980433,0.1149404036635117
8705.38,0.1282099885916307,0.1150274057635619
8712.98,0.1307583265316973,0.1151265467658341
8720.98,0.1332412228677596,0.1158244492626265
8727.679999999998,0.1350407198799053,0.1158922551665584
8730.08,0.1356864362964342,0.116048480638098
8732.779999999999,0.1342820177498692,0.1166599786447592
8735.179999999998,0.1333627674522625,0.1169098510064029
8737.98,0.1320943360389989,0.1169768247583382
8740.58,0.1310381957680788,0.1174752138154936
8743.279999999999,0.129784036634503,0.1177107187225551
8745.779999999999,0.1286521806200975,0.1178704353815857
8748.58,0.1275386616703691,0.1182202184996053
8751.08,0.1264844884995405,0.1189322391487256
8753.48,0.1253840843690482,0.1189346402263464
8756.179999999998,0.1243070144847241,0.1191453203119428
8758.58,0.1232569354745888,0.1191453203119428
8761.279999999999,0.1221298832193813,0.1191453203119428
8763.779999999999,0.1210977580274534,0.1191453203119428
8766.38,0.1199342662508739,0.1191453203119428
8768.98,0.1191453203119428,0.1191453203119428
8771.48,0.1178704353815857,0.1191453203119428
8774.279999999999,0.1169098510064029,0.1191453203119428
8776.88,0.1158244492626265,0.1191453203119428
8779.58,0.1148093076084357,0.1191453203119428
8782.179999999998,0.1136856695622194,0.1191453203119428
8790.279999999999,0.1105400918346075,0.1191453203119428
8798.179999999998,0.1074388436049071,0.1193522647518322
8805.08,0.1057046333840138,0.1195592091917216
8807.58,0.1051218496415358,0.1196434881383841
8809.98,0.1059907992778506,0.1197277670850467
8812.779999999999,0.1069495316824151,0.119765079104933
8815.179999999998,0.1077464806831396,0.1198023911248193
8817.88,0.1086966966963204,0.1198683286878466
8820.279999999999,0.1095085417085379,0.1199342662508739
8822.88,0.1104627231026031,0.1202887596909117
8825.48,0.1113971053070355,0.1206432531309495
8827.98,0.1123134118920707,0.120680274072153
8830.38,0.113225754198059,0.1207172950133564
8832.98,0.1140265241794074,0.120726735987582
8835.38,0.1150274057635619,0.1207361769618075
8837.98,0.116048480638098,0.1209169674946305
8840.48,0.1169768247583382,0.1210977580274534
8842.88,0.1177107187225551,0.1212809330251705
8845.48,0.1189322391487256,0.1210977580274534
8847.98,0.1197277670850467,0.1209169674946305
8850.779999999999,0.1207172950133564,0.1207361769618075
8853.38,0.1215384095834151,0.120726735987582
8856.179999999998,0.1226014430961656,0.1207172950133564
8858.779999999999,0.1236924972429418,0.1203257806321152
8866.779999999999,0.1265991825707736,0.1199342662508739
8874.38,0.1293866116151412,0.1198683286878466
8880.88,0.1309324497879402,0.1198023911248193
8883.58,0.1317961182053151,0.119765079104933
8886.08,0.1308780253987733,0.1197277670850467
8888.48,0.1299907794267877,0.1194365436984948
8891.279999999999,0.1289059649465663,0.1191453203119428
8893.98,0.1276778632946273,0.1190387797303342
8896.58,0.1268362682440808,0.1189322391487256
8899.179999999998,0.1256254034212395,0.1188713157849241
8901.779999999999,0.1247559308284291,0.1188103924211225
8904.179999999998,0.1237815398344679,0.1183712008973834
8906.58,0.122770428367123,0.1179320093736443
8909.279999999999,0.1217708198280117,0.117901222377615
8911.88,0.1207361769618075,0.1178704353815857
8914.38,0.1198023911248193,0.1177905770520704
8916.779999999999,0.1188103924211225,0.1177107187225551
8919.279999999999,0.1179320093736443,0.1173437717404467
8921.98,0.116891890556071,0.1169768247583382
8924.48,0.1159970941974932,0.1169433378823706
8927.179999999998,0.1148426686906161,0.1169098510064029
8929.779999999999,0.1139180389689334,0.1169008707812369
8932.58,0.1128796685981819,0.116891890556071
8935.179999999998,0.111927459347325,0.1164701855970845
8943.279999999999,0.1088397613969856,0.116891890556071
8951.179999999998,0.1064999229018615,0.1169343576572046
8958.279999999999,0.1040210347231762,0.1169768247583382
