Time_Relative_s,der_m,der_m_smooth
-342.16,-0.06851645644509691,-0.07365836518403224
-333.7,-0.06983738648386675,-0.07354690636209445
-330.93999999999994,-0.0701751159269358,-0.07343544754015666
-328.43999999999994,-0.07063175322158768,-0.07339940647236393
-325.97,-0.07038163621779973,-0.07336336540457121
-323.2,-0.07061655125926619,-0.07332211367406063
-320.59,-0.07133460601707507,-0.07328086194355006
-317.95,-0.07097519298849504,-0.07323016566826446
-315.41,-0.07170166342657205,-0.07317946939297885
-312.66,-0.07150518008051762,-0.07306747424361934
-310.22,-0.07226199289929282,-0.07295547909425983
-307.68999999999994,-0.07195708807431866,-0.07294371462782813
-304.97,-0.07261685956716987,-0.07293195016139643
-302.53,-0.07272919468865165,-0.07283057242502404
-299.89,-0.07295547909425983,-0.07272919468865165
-297.18999999999994,-0.07328086194355006,-0.07267302712791077
-294.59,-0.07365836518403224,-0.07261685956716987
-292.16,-0.07415130217343058,-0.0725307844877245
-289.47,-0.07396079406072097,-0.07244470940827913
-286.91,-0.07469138807627815,-0.07235335115378597
-284.22,-0.07475367649303925,-0.07226199289929282
-281.78,-0.07492896759730658,-0.07223834907558135
-278.94999999999993,-0.07534123477672054,-0.07221470525186988
-271.22,-0.0762263162942077,-0.07208589666309427
-263.59,-0.0769570051098683,-0.07195708807431866
-255.39,-0.0766471350462121,-0.07182937575044536
-252.94,-0.07668876064611221,-0.07170166342657205
-250.2,-0.07641955738895621,-0.07160342175354484
-247.77,-0.07636635083235833,-0.07150518008051762
-245.33,-0.07626658747217142,-0.07149840023069745
-242.78,-0.07604427408360355,-0.07149162038087727
-240.34,-0.07577659637427528,-0.07146505741508213
-237.7,-0.07552245616429301,-0.07143849444928699
-235.16,-0.07542717239704604,-0.07141300742315454
-232.44,-0.07495180489057639,-0.07138752039702209
-229.95,-0.07510970064416289,-0.07138319514294585
-227.16,-0.07472671232549691,-0.0713788698888696
-224.72,-0.0745262545343384,-0.07138319514294585
-222.16,-0.07434045658300238,-0.07138752039702209
-219.47,-0.07445835823231357,-0.07141300742315454
-217.03,-0.07374156831239062,-0.07143849444928699
-214.44,-0.07405728546532339,-0.07146505741508213
-211.97,-0.07317946939297885,-0.07149162038087727
-209.41,-0.07343544754015666,-0.07149840023069745
-206.84,-0.07293195016139643,-0.07150518008051762
-204.41,-0.07336336540457121,-0.07151189576760156
-201.73,-0.07244470940827913,-0.07151861145468551
-194.09,-0.07221470525186988,-0.07161013744062877
-186.41,-0.07138752039702209,-0.07170166342657205
-178.26999999999998,-0.07143849444928699,-0.07182937575044536
-175.80999999999997,-0.07149162038087727,-0.07195708807431866
-173.32999999999996,-0.07090700668687618,-0.07211120246109876
-170.77999999999997,-0.0713788698888696,-0.07221470525186988
-168.32999999999996,-0.07064485359723377,-0.07226199289929282
-165.61999999999998,-0.07047964593759395,-0.07226881772635423
-163.15999999999997,-0.07023422446210537,-0.07244470940827913
-160.58999999999995,-0.07009912740574374,-0.07258168390527393
-158.02999999999997,-0.07007455585895564,-0.07261685956716987
-155.58999999999995,-0.07009347834682478,-0.0726639523038815
-152.90999999999997,-0.06974674762113463,-0.07272919468865165
-150.33999999999995,-0.06969089540070994,-0.07293195016139643
-147.83999999999995,-0.06970554278789616,-0.07295547909425983
-145.15999999999997,-0.06925641941655954,-0.07317946939297885
-142.40999999999997,-0.06903446845984734,-0.07328086194355006
-139.89,-0.06917916350056573,-0.07336336540457121
-137.39,-0.06883571889720638,-0.07343544754015666
-134.77999999999997,-0.06871199645239681,-0.07351021699147219
-132.21999999999997,-0.06852672516166808,-0.07351021699147219
-129.46999999999997,-0.0682621198523918,-0.07351021699147219
-127.02999999999996,-0.06876328560925228,-0.07351021699147219
-124.51999999999998,-0.06760481313727548,-0.07351021699147219
-116.52999999999996,-0.06716041595679614,-0.07351021699147219
-108.77999999999996,-0.06663916680450785,-0.07351021699147219
-100.57999999999998,-0.06743196930490426,-0.07351021699147219
-97.96999999999996,-0.06750535294235398,-0.07351021699147219
-95.33999999999996,-0.06766604489874532,-0.07351021699147219
-92.90999999999995,-0.06797853616994202,-0.07351021699147219
-90.26999999999998,-0.06844751370603556,-0.07351021699147219
-87.52999999999997,-0.06818019078190006,-0.07351021699147219
-84.90999999999997,-0.06838419355034714,-0.07351021699147219
-82.33999999999997,-0.06944392733199303,-0.07351021699147219
-79.69999999999999,-0.06951729020360384,-0.07351021699147219
-77.21999999999997,-0.0697655895689902,-0.07351021699147219
-74.77999999999997,-0.07032214681798331,-0.07351021699147219
-72.15999999999997,-0.07065173038675517,-0.07351021699147219
-69.71999999999997,-0.07067939775332921,-0.07351021699147219
-66.97999999999996,-0.0711388130071892,-0.07351021699147219
-64.40999999999997,-0.07151861145468551,-0.07351021699147219
-61.65999999999997,-0.07211120246109876,-0.07351021699147219
-59.21999999999997,-0.07226881772635423,-0.07351021699147219
-56.71999999999997,-0.0726639523038815,-0.07351021699147219
-54.02999999999997,-0.07258168390527393,-0.07351021699147219
-51.46999999999997,-0.07363698164526605,-0.07351021699147219
-48.77999999999997,-0.07351021699147219,-0.07363698164526605
-46.21999999999997,-0.07411631563086431,-0.07411631563086431
-38.579999999999984,-0.07521255553433068,-0.07521255553433068
-30.409999999999968,-0.07629663992307013,-0.07629663992307013
-22.18999999999994,-0.076738091448369,-0.076738091448369
-19.69999999999999,-0.07771790404599678,-0.07771790404599678
-17.19999999999999,-0.07799052088600074,-0.07799052088600074
-14.589999999999977,-0.07829041617650483,-0.07829041617650483
-12.139999999999986,-0.078689102844544,-0.07852978167836781
-9.449999999999989,-0.07852978167836781,-0.078689102844544
-6.96999999999997,-0.0798288676823004,-0.07891705548590246
-4.139999999999986,-0.07891705548590246,-0.07961129943533878
-1.4099999999999682,-0.07961129943533878,-0.07969555523407752
0.0,-0.07972800600104422,-0.07972800600104422
1.410000000000025,-0.07969555523407752,-0.0798288676823004
3.920000000000016,-0.08021521081493922,-0.08021521081493922
6.550000000000011,-0.08055034734300967,-0.08055034734300967
8.970000000000027,-0.08189634567228368,-0.08189634567228368
11.81000000000006,-0.08374338573132117,-0.08374338573132117
14.410000000000023,-0.08619251550288451,-0.08619251550288451
17.06000000000006,-0.08850572822173138,-0.08850572822173138
19.53000000000003,-0.09012022313397486,-0.09012022313397486
21.970000000000027,-0.09212498523715186,-0.09212498523715186
24.720000000000027,-0.09429456359700962,-0.09429456359700962
27.340000000000032,-0.09636043371118293,-0.09636043371118293
30.03000000000003,-0.09857680136737906,-0.09857680136737906
32.59000000000003,-0.1007041550290151,-0.0989885578489458
40.72000000000003,-0.0989885578489458,-0.1007041550290151
48.410000000000025,-0.10095785277639155,-0.100945804309555
56.55000000000001,-0.10425152612072733,-0.10095785277639155
59.06000000000006,-0.12043617583395429,-0.10187141072982218
61.59000000000003,-0.12311546292052579,-0.10211417755165608
64.23000000000002,-0.11798759472366295,-0.10397096134389691
66.67000000000002,-0.11103131806011748,-0.10425152612072733
69.47000000000003,-0.1048994041236564,-0.1048994041236564
71.97000000000003,-0.10187141072982218,-0.10555522736869918
74.56000000000006,-0.100945804309555,-0.10701408501248252
77.16000000000003,-0.10211417755165608,-0.1074074794080739
79.83000000000004,-0.10397096134389691,-0.10741125301453905
82.28000000000003,-0.10555522736869918,-0.10804340278870014
84.86000000000001,-0.10701408501248252,-0.10876873053377809
87.55000000000001,-0.10804340278870014,-0.10911134820195763
90.09000000000005,-0.10876873053377809,-0.10913223632619218
92.78000000000004,-0.10913223632619218,-0.10930933639994356
95.22000000000004,-0.10911134820195763,-0.109317085162771
97.66000000000008,-0.10930933639994356,-0.10955146592909172
100.28000000000009,-0.10955146592909172,-0.10976993727317484
102.84000000000005,-0.10984746127301381,-0.10984746127301381
105.5,-0.11067725066593988,-0.11067725066593988
107.97000000000004,-0.11121853211560213,-0.11103131806011748
110.80000000000008,-0.11185309296566176,-0.11121853211560213
118.42000000000009,-0.1132042821992928,-0.11182909122304814
126.03000000000009,-0.10976993727317484,-0.11185309296566176
134.23000000000002,-0.11182909122304814,-0.1127543456099647
136.73000000000002,-0.10741125301453905,-0.1132042821992928
139.55000000000007,-0.1074074794080739,-0.11425656853536453
142.16000000000008,-0.109317085162771,-0.11640387460889196
144.88,-0.1127543456099647,-0.11798759472366295
147.47000000000003,-0.11425656853536453,-0.11811368074311569
149.98000000000002,-0.11640387460889196,-0.12043617583395429
152.73000000000002,-0.11811368074311569,-0.12241373049837612
155.42000000000007,-0.12241373049837612,-0.12311546292052579
157.91000000000008,-0.12468975235122386,-0.12468975235122386
160.75,-0.1280881105996538,-0.1280881105996538
163.47000000000003,-0.1314265362783559,-0.1314265362783559
166.16000000000008,-0.1337245946687192,-0.1337245946687192
168.72000000000003,-0.13660619260409265,-0.13660619260409265
171.33000000000004,-0.13963278843289392,-0.13963278843289392
173.7800000000001,-0.14114675648483035,-0.14114675648483035
176.2800000000001,-0.14294862487605245,-0.14294862487605245
178.91000000000008,-0.14551264562787106,-0.14551264562787106
181.59000000000003,-0.14828403720383096,-0.14828403720383096
184.2800000000001,-0.15085725123898888,-0.15085725123898888
186.72000000000003,-0.15491184930721932,-0.15491184930721932
189.33000000000004,-0.15870934039033563,-0.15870934039033563
196.97000000000003,-0.17123266107434648,-0.17123266107434648
204.72000000000003,-0.18692097575126262,-0.18692097575126262
212.92000000000007,-0.2059113239783125,-0.1901461780218033
215.41000000000008,-0.1901461780218033,-0.19364007363180022
218.0600000000001,-0.19364007363180022,-0.2042245047789159
220.66000000000008,-0.2042245047789159,-0.2059113239783125
223.38,-0.22099995990051582,-0.22099995990051582
225.97000000000003,-0.23807131413520052,-0.23807131413520052
228.41000000000008,-0.2517500955160692,-0.2517500955160692
230.97000000000003,-0.2618144863040946,-0.2618144863040946
233.5300000000001,-0.2689108089172063,-0.2689108089172063
236.0,-0.27419916271924955,-0.27419916271924955
238.47000000000003,-0.2790264297881805,-0.2790264297881805
241.3100000000001,-0.28462760069664783,-0.28462760069664783
243.84000000000003,-0.2896549826913769,-0.2896549826913769
246.72000000000003,-0.2955839623331663,-0.2955839623331663
249.2800000000001,-0.29999380142118587,-0.29999380142118587
251.80000000000007,-0.30466102440782716,-0.30466102440782716
254.41000000000008,-0.3086493813705894,-0.3086493813705894
256.9100000000001,-0.31270528533085235,-0.31270528533085235
259.5300000000001,-0.31675995786225675,-0.31675995786225675
262.09000000000003,-0.3206005496673249,-0.3206005496673249
264.9100000000001,-0.32467080580214414,-0.32467080580214414
267.47,-0.3283165077934925,-0.3283165077934925
275.59000000000003,-0.33963953802102065,-0.33963953802102065
283.2800000000001,-0.3531278905433753,-0.3531278905433753
291.31000000000006,-0.3714256988252423,-0.3616816988068023
293.80000000000007,-0.3616816988068023,-0.36699321751069075
296.22,-0.36699321751069075,-0.3714256988252423
298.81000000000006,-0.37919868312607263,-0.37919868312607263
301.30000000000007,-0.39408355657859095,-0.39408355657859095
304.06000000000006,-0.40927566944994154,-0.40927566944994154
306.5300000000001,-0.4201309756926173,-0.4201309756926173
309.09000000000003,-0.42776688126832707,-0.42776688126832707
311.72,-0.4331462125590223,-0.4331462125590223
314.1600000000001,-0.4370189979244009,-0.4370189979244009
316.83000000000004,-0.4409882350047082,-0.4409882350047082
319.4100000000001,-0.4449652353885754,-0.4449652353885754
321.84000000000003,-0.4490157897984056,-0.4490157897984056
324.47,-0.4534901526442211,-0.4534901526442211
327.0300000000001,-0.45781485154247553,-0.45781485154247553
329.7800000000001,-0.46250613777680966,-0.46250613777680966
332.22,-0.4665066517630881,-0.4665066517630881
334.88,-0.4708607456251431,-0.4708607456251431
337.47,-0.4750518157139303,-0.4750518157139303
340.2800000000001,-0.479440017334878,-0.479440017334878
342.72,-0.4832871567651293,-0.4832871567651293
345.2800000000001,-0.4874366915769844,-0.4874366915769844
353.0,-0.49947360730035506,-0.49947360730035506
360.84,-0.5083169854376087,-0.504157832754812
369.05000000000007,-0.5161331509700374,-0.5042787616394948
371.6700000000001,-0.5105658242636848,-0.5075811401231115
374.48,-0.5116699698319791,-0.5083169854376087
377.0300000000001,-0.5166461456230034,-0.5100217519649323
379.72,-0.523297195586611,-0.5101306717522396
382.34,-0.5287070385046122,-0.5102121149117905
384.97,-0.5318919354723516,-0.510247315458486
387.59,-0.5330977536764222,-0.5103012092006188
390.4100000000001,-0.532805292372887,-0.5103012092006188
392.84,-0.532046997339498,-0.5103012092006188
395.55000000000007,-0.5311210424640183,-0.5103012092006188
398.09,-0.5305895820742894,-0.5103012092006188
400.5300000000001,-0.5303494555805891,-0.5103012092006188
403.1600000000001,-0.5303749720167539,-0.5103012092006188
405.7800000000001,-0.5303312597327213,-0.5103012092006188
408.22,-0.5303590472944631,-0.5103012092006188
410.6600000000001,-0.530445162139909,-0.5103012092006188
413.31000000000006,-0.5305709582300042,-0.5103012092006188
415.9100000000001,-0.5306503335905595,-0.5103012092006188
418.47,-0.5307034754676924,-0.5103012092006188
421.0300000000001,-0.5288188272160304,-0.5103012092006188
423.59,-0.526870830942214,-0.5103012092006188
431.34,-0.5217876742220391,-0.5103012092006188
439.22,-0.5157297793962217,-0.5103012092006188
447.11,-0.510247315458486,-0.5103012092006188
449.73,-0.504157832754812,-0.5103012092006188
452.22,-0.5042787616394948,-0.5103012092006188
455.0,-0.5075811401231115,-0.5103012092006188
457.47,-0.5114697763396535,-0.5103012092006188
460.31000000000006,-0.5140399001041899,-0.5103012092006188
465.2800000000001,-0.5159138672972974,-0.5103012092006188
467.97,-0.5149433175527041,-0.5103012092006188
470.5300000000001,-0.5136083794007059,-0.5103012092006188
473.02,-0.5118766339135705,-0.5103012092006188
475.47,-0.5106297669111194,-0.5103012092006188
478.33,-0.5103012092006188,-0.5103012092006188
480.7800000000001,-0.5100217519649323,-0.5103012092006188
483.61,-0.5101306717522396,-0.5103012092006188
486.22,-0.5102121149117905,-0.5103012092006188
488.88,-0.5105074545197922,-0.5103012092006188
491.34,-0.5105057993153226,-0.5103012092006188
493.97,-0.5107814339669756,-0.5103012092006188
496.6600000000001,-0.5109999326972633,-0.5103012092006188
499.22,-0.5112673883016262,-0.5103012092006188
502.0300000000001,-0.5114658122232665,-0.5103012092006188
504.59,-0.5117176656117918,-0.5103012092006188
512.5300000000001,-0.5127318002969836,-0.5103012092006188
520.2800000000001,-0.5139790821736798,-0.5103012092006188
528.5500000000001,-0.514865416763883,-0.5103012092006188
531.0500000000001,-0.511943998916128,-0.5103012092006188
533.72,-0.5114669084043268,-0.5103012092006188
536.2800000000001,-0.5126285468387932,-0.510247315458486
539.0,-0.5141858821872788,-0.5102121149117905
541.59,-0.5153708225274425,-0.5101306717522396
546.72,-0.5151866580158453,-0.5100217519649323
549.22,-0.5140306683340349,-0.5087669270118824
552.0300000000001,-0.5121382304389672,-0.5075811401231115
554.5300000000001,-0.5104216810204848,-0.5075774463042684
557.22,-0.5087669270118824,-0.5066893637753976
559.7800000000001,-0.5075774463042684,-0.5061889692773995
562.47,-0.5066893637753976,-0.505638991268675
565.0300000000001,-0.5061889692773995,-0.5051322554235834
567.8100000000001,-0.505638991268675,-0.5047150079746759
570.2800000000001,-0.5051322554235834,-0.5042787616394948
572.72,-0.5047150079746759,-0.5042086668583164
575.2800000000001,-0.5042086668583164,-0.504157832754812
577.72,-0.5037952640982574,-0.5037952640982574
580.52,-0.5033443156784417,-0.5033443156784417
582.94,-0.5028248587331713,-0.5028248587331713
585.84,-0.5022286827222856,-0.5022286827222856
593.5400000000001,-0.5009399159224935,-0.5009399159224935
601.34,-0.4999923721714918,-0.4999923721714918
609.4399999999999,-0.4988787122032329,-0.4988787122032329
612.34,-0.4968569990417053,-0.4968569990417053
614.84,-0.4947996483465287,-0.4947996483465287
617.4399999999999,-0.4934910820262573,-0.4934910820262573
620.14,-0.49268547790639317,-0.49268547790639317
622.84,-0.49155234021309074,-0.49155234021309074
627.9399999999999,-0.4879976346832618,-0.4879976346832618
630.64,-0.4854187081182346,-0.4854187081182346
633.14,-0.4827180170932199,-0.4827180170932199
635.84,-0.4796503909678015,-0.4796503909678015
638.34,-0.47702896023922686,-0.47702896023922686
641.0400000000001,-0.47446664690178997,-0.47446664690178997
643.5400000000001,-0.47228804165728544,-0.47228804165728544
646.0400000000001,-0.47036684352843205,-0.47036684352843205
648.64,-0.46836890831827704,-0.46836890831827704
651.0400000000001,-0.4666979393680619,-0.4666979393680619
653.7400000000001,-0.4646839445437681,-0.4646839445437681
656.34,-0.4627462802397908,-0.4627462802397908
659.0400000000001,-0.46086805969551653,-0.46086805969551653
661.64,-0.4590203866084204,-0.4590203866084204
664.14,-0.45712218922215486,-0.45712218922215486
666.7400000000001,-0.4553360334743916,-0.4553360334743916
674.34,-0.45008717240350077,-0.45008717240350077
682.34,-0.44549120613624654,-0.44549120613624654
690.14,-0.44008591127384816,-0.44008591127384816
692.64,-0.43751895578606487,-0.43751895578606487
695.2400000000001,-0.43666396207202407,-0.43666396207202407
697.84,-0.4364298923455216,-0.4364298923455216
700.5400000000001,-0.43640838035502477,-0.43640838035502477
703.14,-0.4364014060489913,-0.4364014060489913
708.2400000000001,-0.4354391258000717,-0.4354391258000717
710.64,-0.43451585385571234,-0.43451585385571234
713.4399999999999,-0.4328964207747241,-0.4328964207747241
715.84,-0.4314375391276935,-0.4314375391276935
718.34,-0.4298936514610943,-0.4298936514610943
720.9399999999999,-0.42854774264673423,-0.42854774264673423
723.4399999999999,-0.42756502821061126,-0.42756502821061126
726.14,-0.4264751789227647,-0.4264751789227647
728.7400000000001,-0.42556593767337014,-0.42556593767337014
731.4399999999999,-0.4246407586013133,-0.4246407586013133
733.9399999999999,-0.4237657503081125,-0.4237657503081125
736.64,-0.4225910279593879,-0.4225910279593879
739.0400000000001,-0.42151233562786,-0.42151233562786
741.7400000000001,-0.4202535868851135,-0.4202535868851135
744.2400000000001,-0.41907284734072864,-0.41907284734072864
746.84,-0.41789474718807307,-0.41789474718807307
754.7400000000001,-0.41437861375094037,-0.415390832667049
762.4399999999999,-0.4112772573196071,-0.4151920301550341
770.5400000000001,-0.40838072370924106,-0.41478129668966585
773.0400000000001,-0.40662210898909085,-0.41437861375094037
775.4399999999999,-0.40667089126196937,-0.4141329239652277
778.2400000000001,-0.40726399666032137,-0.41375822215788555
780.7400000000001,-0.40798745479830034,-0.41321025043813026
783.4399999999999,-0.4087730787236727,-0.4124857710504961
788.4399999999999,-0.40971406762607065,-0.4123721082865895
791.0400000000001,-0.40976816966159163,-0.4119092751447754
793.64,-0.4095921659924068,-0.41180824762406676
796.2400000000001,-0.40929474583989917,-0.4115003506915088
798.7400000000001,-0.4090464402615423,-0.4112772573196071
801.5400000000001,-0.4089020028744726,-0.41105189659853114
804.0400000000001,-0.4090331143346323,-0.4105934550006222
806.84,-0.4092470481276535,-0.41028527427232625
809.4399999999999,-0.4095005338367928,-0.41005549197364216
812.14,-0.4098266479042532,-0.4098266479042532
814.64,-0.41005549197364216,-0.40976816966159163
817.2400000000001,-0.4105934550006222,-0.40971406762607065
819.7400000000001,-0.41105189659853114,-0.4095921659924068
822.34,-0.4115003506915088,-0.4095005338367928
824.9399999999999,-0.4119092751447754,-0.4093359665446103
827.5400000000001,-0.4123721082865895,-0.40929474583989917
835.0400000000001,-0.41375822215788555,-0.4092470481276535
843.0400000000001,-0.41478129668966585,-0.4090464402615423
850.84,-0.415390832667049,-0.4090331143346323
853.5400000000001,-0.4151920301550341,-0.4089020028744726
856.0400000000001,-0.4141329239652277,-0.4087730787236727
858.84,-0.41321025043813026,-0.40838072370924106
861.2400000000001,-0.4124857710504961,-0.4080314325960901
863.84,-0.41180824762406676,-0.40798745479830034
869.0400000000001,-0.41028527427232625,-0.40726399666032137
871.4399999999999,-0.4093359665446103,-0.40670306518630145
874.2400000000001,-0.4080314325960901,-0.40667089126196937
876.84,-0.40670306518630145,-0.40662210898909085
879.4399999999999,-0.40541501709719674,-0.40541501709719674
882.34,-0.404088936622523,-0.404088936622523
884.7400000000001,-0.4030346155853576,-0.4030346155853576
887.5400000000001,-0.40190629193298194,-0.40190629193298194
890.14,-0.4008076363506526,-0.4008076363506526
892.64,-0.399870597119412,-0.399870597119412
895.2400000000001,-0.3988403153957023,-0.3988403153957023
897.7400000000001,-0.3978822145283955,-0.3978822145283955
900.5400000000001,-0.39679927913180896,-0.39679927913180896
903.04,-0.3959069568570171,-0.39642030045878046
905.84,-0.39492439015775294,-0.3961668956046758
908.54,-0.39393886068583994,-0.3959980153823843
915.04,-0.3914925407909954,-0.3959069568570171
922.74,-0.3890549608240612,-0.39567205138201844
930.54,-0.3867616436525336,-0.39551057572939485
932.94,-0.38574085748808923,-0.3950543658027318
935.64,-0.3864997888795618,-0.39492439015775294
938.24,-0.3871598435791317,-0.3948919504531731
941.04,-0.38811964461708115,-0.39450599227122496
943.64,-0.38898984456696506,-0.3939903453071929
948.74,-0.39043687113070935,-0.39393886068583994
951.24,-0.3908891958040234,-0.3938966276627654
953.94,-0.39121617780385715,-0.3933390782490354
956.34,-0.3913248062037326,-0.3930281730976157
958.94,-0.3914965361207524,-0.39272976864004455
961.54,-0.3917611095071587,-0.3922005504069879
964.04,-0.3922005504069879,-0.39196561926684825
966.94,-0.39272976864004455,-0.3917611095071587
969.74,-0.3933390782490354,-0.3914965361207524
972.14,-0.3938966276627654,-0.3914925407909954
974.84,-0.39450599227122496,-0.3913248062037326
977.44,-0.3950543658027318,-0.39121617780385715
979.84,-0.39551057572939485,-0.391117159877418
982.54,-0.3959980153823843,-0.3908891958040234
984.94,-0.39642030045878046,-0.39048898638079993
987.94,-0.3961668956046758,-0.39043687113070935
994.44,-0.39567205138201844,-0.3899680712749692
1002.04,-0.3948919504531731,-0.3890549608240612
1010.04,-0.3939903453071929,-0.38898984456696506
1012.54,-0.3930281730976157,-0.3887001040131646
1015.34,-0.39196561926684825,-0.38811964461708115
1018.04,-0.391117159877418,-0.38784289314040193
1020.74,-0.39048898638079993,-0.3871598435791317
1023.24,-0.3899680712749692,-0.3867616436525336
1028.54,-0.3887001040131646,-0.38671395440534523
1030.94,-0.38784289314040193,-0.3864997888795618
1033.54,-0.38671395440534523,-0.38633166370505906
1035.94,-0.38552018503472324,-0.3862072137642856
1038.54,-0.3841954452079097,-0.3859033018766915
1041.2400000000002,-0.3829701271536616,-0.38574085748808923
1043.84,-0.3819142394168267,-0.3856980959863283
1046.54,-0.3809161786622925,-0.3856343197055817
1049.34,-0.3799588599729196,-0.38555833697740577
1051.84,-0.3791334789085651,-0.38552018503472324
1054.54,-0.37826610405685007,-0.38533631603178486
1057.14,-0.3773375526517575,-0.3852002320891446
1059.64,-0.3765128610791051,-0.3851327301323389
1062.2400000000002,-0.3756336402394475,-0.38469390590782226
1064.64,-0.3747933781223811,-0.3841954452079097
1067.54,-0.37452610129373193,-0.38416457763928963
1074.04,-0.3739675424927654,-0.3840678212330849
1081.7400000000002,-0.3739206083407643,-0.3835731997560257
1089.84,-0.373691579609566,-0.38308338877272086
1092.2400000000002,-0.3735960473743488,-0.3829893356750127
1094.7400000000002,-0.37403308611005665,-0.3829701271536616
1097.2400000000002,-0.3744876855269418,-0.38265056280019916
1099.84,-0.37510092381486804,-0.3825181559534041
1102.64,-0.37572687688161815,-0.3823496624658809
1107.84,-0.37692294787096375,-0.38208552360089276
1110.2400000000002,-0.3773623342280773,-0.3820702066404373
1112.84,-0.37778664971801607,-0.3819142394168267
1115.44,-0.3780679544309919,-0.38186002493309
1117.84,-0.3783450293709216,-0.381652450721474
1120.44,-0.3786674735277757,-0.3816044316039598
1122.94,-0.37902863805133447,-0.38137977026677916
1125.84,-0.3794351552576081,-0.38116358741417417
1128.44,-0.3799085860154742,-0.38112367923292967
1131.04,-0.3803358057823775,-0.3809161786622925
1133.54,-0.3807185300959556,-0.38078967915092266
1136.34,-0.38116358741417417,-0.3807185300959556
1138.94,-0.3816044316039598,-0.3804766371319028
1141.84,-0.3820702066404373,-0.3803358057823775
1144.34,-0.3825181559534041,-0.38019141463201367
1147.14,-0.3829893356750127,-0.3799588599729196
1153.7400000000002,-0.3840678212330849,-0.3799085860154742
1161.64,-0.3852002320891446,-0.37945117411247203
1169.44,-0.38633166370505906,-0.3794351552576081
1171.84,-0.3862072137642856,-0.3791334789085651
1174.54,-0.3859033018766915,-0.37902863805133447
1177.14,-0.3856980959863283,-0.3786674735277757
1179.64,-0.3856343197055817,-0.3786135099566339
1182.2400000000002,-0.38555833697740577,-0.3783450293709216
1187.34,-0.38533631603178486,-0.37826610405685007
1189.84,-0.3851327301323389,-0.3780679544309919
1192.84,-0.38469390590782226,-0.37778664971801607
1195.2400000000002,-0.38416457763928963,-0.3777231234784241
1198.04,-0.3835731997560257,-0.3773623342280773
1200.64,-0.38308338877272086,-0.3773375526517575
1203.34,-0.38265056280019916,-0.37711924284420695
1205.94,-0.3823496624658809,-0.37692294787096375
1208.54,-0.38208552360089276,-0.3765128610791051
1211.14,-0.38186002493309,-0.37618714178296886
1213.64,-0.381652450721474,-0.37572687688161815
1216.2400000000002,-0.38137977026677916,-0.3756336402394475
1218.64,-0.38112367923292967,-0.37540042468433565
1221.34,-0.38078967915092266,-0.37510092381486804
1223.94,-0.3804766371319028,-0.3747933781223811
1226.64,-0.38019141463201367,-0.37466501260691815
1233.44,-0.37945117411247203,-0.37452610129373193
1241.2400000000002,-0.3786135099566339,-0.3744876855269418
1249.44,-0.3777231234784241,-0.37405593770956036
1251.84,-0.37711924284420695,-0.37405593770956036
1254.64,-0.37618714178296886,-0.37405593770956036
1257.14,-0.37540042468433565,-0.37405593770956036
1259.94,-0.37466501260691815,-0.37405593770956036
1262.64,-0.37405593770956036,-0.37405593770956036
1267.7400000000002,-0.3728672142049624,-0.3728672142049624
1270.34,-0.37208174431942087,-0.37208174431942087
1273.04,-0.3711607341485228,-0.3711607341485228
1275.44,-0.37027319974804146,-0.37027319974804146
1277.94,-0.36928236277606385,-0.36928236277606385
1280.54,-0.368346027038923,-0.368346027038923
1283.2400000000002,-0.3674015390044396,-0.3674015390044396
1285.94,-0.36653656327463296,-0.36653656327463296
1288.54,-0.36576549401853303,-0.36576549401853303
1291.04,-0.3649882044957461,-0.3649882044957461
1293.54,-0.36426831872706944,-0.36426831872706944
1296.04,-0.36350240244906146,-0.36350240244906146
1298.54,-0.36274495667934326,-0.36274495667934326
1301.14,-0.3619155759498146,-0.3619155759498146
1303.54,-0.36119205384981756,-0.36119205384981756
1306.2400000000002,-0.36037217650453157,-0.36037217650453157
1312.7400000000002,-0.358415109800514,-0.36027584589472883
1320.44,-0.3565244992494672,-0.36020572108311555
1328.34,-0.3539322571595693,-0.35977297177528567
1330.94,-0.35315550000115453,-0.359739443719115
1333.44,-0.353408147497892,-0.35948952408433116
1336.2400000000002,-0.35379798936456497,-0.3593895827338249
1338.64,-0.3541839961702181,-0.3590455466921977
1341.34,-0.35456379320565895,-0.3588437801727459
1346.44,-0.35542010713072636,-0.35872067563754256
1349.04,-0.35572045577989514,-0.3586021853974409
1351.64,-0.35593268812439144,-0.358415109800514
1354.44,-0.3560549711415847,-0.3583385053062952
1356.84,-0.3561536696412716,-0.35810009136939097
1359.64,-0.35627482882632006,-0.35804347352623167
1362.04,-0.3564916733222402,-0.3578024018326761
1364.84,-0.3567255903461615,-0.3578020898251203
1367.44,-0.35698064424268855,-0.35752623811788586
1369.84,-0.35725196467160386,-0.3573523033269736
1372.44,-0.35752623811788586,-0.3573523033269736
1375.04,-0.3578024018326761,-0.3573523033269736
1377.7400000000002,-0.35804347352623167,-0.3573523033269736
1380.2400000000002,-0.3583385053062952,-0.3573523033269736
1383.04,-0.3586021853974409,-0.3573523033269736
1385.7400000000002,-0.3588437801727459,-0.3573523033269736
1392.54,-0.35948952408433116,-0.3573523033269736
1400.44,-0.359739443719115,-0.3573523033269736
1408.54,-0.36027584589472883,-0.3573523033269736
1411.04,-0.36020572108311555,-0.3573523033269736
1413.84,-0.35977297177528567,-0.3573523033269736
1416.44,-0.3593895827338249,-0.3573523033269736
1419.04,-0.3590455466921977,-0.3573523033269736
1421.7400000000002,-0.35872067563754256,-0.3573523033269736
1426.94,-0.35810009136939097,-0.3573523033269736
1429.34,-0.3578020898251203,-0.3573523033269736
1432.04,-0.3573474556718445,-0.3573523033269736
1434.44,-0.3568587934187526,-0.3573523033269736
1437.14,-0.3562892764317977,-0.3573474556718445
1439.7400000000002,-0.3557281058187929,-0.35725779533621205
1442.14,-0.35529473931778244,-0.35725196467160386
1444.7400000000002,-0.354871141003416,-0.35698064424268855
1447.2400000000002,-0.354509492984369,-0.3569021251027262
1449.84,-0.3541378613196487,-0.3568587934187526
1452.34,-0.35376423324680184,-0.3568480180401232
1454.94,-0.3533942200311468,-0.3567255903461615
1457.44,-0.35300741436653865,-0.35658124358794047
1460.04,-0.35260517511573247,-0.3565244992494672
1462.7400000000002,-0.3521815689998597,-0.3564916733222402
1465.44,-0.35178378786122366,-0.35638406703019326
1472.34,-0.35072680831041536,-0.3562892764317977
1480.04,-0.3502527637787115,-0.35627482882632006
1488.04,-0.3497613677742004,-0.35626963994402955
1490.54,-0.34928938116410974,-0.3561536696412716
1493.04,-0.34968602239686575,-0.3560549711415847
1495.7400000000002,-0.35012644452530167,-0.3560549711415847
1498.14,-0.35065150996386235,-0.3560549711415847
1500.84,-0.3512860572709125,-0.3560549711415847
1505.94,-0.3524546066227837,-0.3560549711415847
1508.44,-0.35298868900940483,-0.3560549711415847
1511.04,-0.35343730559247616,-0.3560549711415847
1513.7400000000002,-0.3538379892691993,-0.3560549711415847
1516.14,-0.35415833654360207,-0.3560549711415847
1518.7400000000002,-0.35451190569231944,-0.3560549711415847
1521.44,-0.3549165166715618,-0.3559208288011412
1524.04,-0.35537951515594485,-0.3558692868009069
1526.7400000000002,-0.3558692868009069,-0.3557281058187929
1529.2400000000002,-0.35638406703019326,-0.3556181491070339
1531.7400000000002,-0.3568480180401232,-0.3554873422421521
1534.34,-0.3573523033269736,-0.35537951515594485
1537.04,-0.3576295809640764,-0.3553288691183617
1539.64,-0.3579197094644814,-0.35529473931778244
1542.2400000000002,-0.35818884467478473,-0.35521493402746085
1544.94,-0.3584708220907233,-0.35500122946138074
1551.84,-0.35922968480514966,-0.3549165166715618
1559.64,-0.3599279283999615,-0.354871141003416
1567.64,-0.3605187238177895,-0.3546679428937671
1570.14,-0.3606108058412047,-0.35451190569231944
1572.54,-0.3603655953192792,-0.354509492984369
1575.04,-0.36010054335905256,-0.3541932827900399
1577.54,-0.3599021974768842,-0.35418278998692587
1580.2400000000002,-0.35979591379714676,-0.35416378622064976
1585.44,-0.35954421178049195,-0.35415833654360207
1588.04,-0.3593740443772677,-0.3541378613196487
1590.7400000000002,-0.3590057905730483,-0.3538379892691993
1593.2400000000002,-0.358552286508859,-0.35376423324680184
1595.7400000000002,-0.3581351969475321,-0.35343730559247616
1598.34,-0.3576665031550933,-0.3533942200311468
1600.94,-0.35725779533621205,-0.35312650893919656
1603.44,-0.3569021251027262,-0.35300741436653865
1606.04,-0.35658124358794047,-0.35298868900940483
1608.64,-0.35626963994402955,-0.35260517511573247
1611.34,-0.3559208288011412,-0.3524546066227837
1613.94,-0.3556181491070339,-0.3521815689998597
1616.34,-0.3554873422421521,-0.3520391191973543
1618.94,-0.3553288691183617,-0.35178378786122366
1621.44,-0.35521493402746085,-0.3512860572709125
1624.44,-0.35500122946138074,-0.3509249528875024
1630.6400000000003,-0.3546679428937671,-0.35072680831041536
1638.34,-0.3541932827900399,-0.35065150996386235
1646.44,-0.35418278998692587,-0.3502527637787115
1648.94,-0.35416378622064976,-0.35012644452530167
1651.54,-0.35312650893919656,-0.3499446803095363
1654.1400000000003,-0.3520391191973543,-0.3499446803095363
1656.94,-0.3509249528875024,-0.3499446803095363
1659.54,-0.3499446803095363,-0.3499446803095363
1664.7400000000002,-0.3476899389723337,-0.3476899389723337
1667.1400000000003,-0.3467033638688592,-0.3467033638688592
1669.7400000000002,-0.34551807798732886,-0.34551807798732886
1672.2400000000002,-0.3443671625253015,-0.3443671625253015
1674.6400000000003,-0.3432721611300039,-0.34334950882852333
1677.2400000000002,-0.3420486689891379,-0.3432721611300039
1679.7400000000002,-0.3409517364747516,-0.3425831028102282
1682.54,-0.3397609043231831,-0.34221239930751224
1685.1400000000003,-0.33865137617225044,-0.3420486689891379
1687.84,-0.33752676131132764,-0.34106553451471894
1690.2400000000002,-0.33655001367579856,-0.3409517364747516
1692.84,-0.33543599048872064,-0.3402555185049546
1695.44,-0.3343495956949501,-0.3399853623138593
1698.04,-0.33322002943459483,-0.3397609043231831
1700.7400000000002,-0.3320994783980162,-0.33887898504334923
1703.44,-0.3309324810371646,-0.33865137617225044
1709.84,-0.3282378026344968,-0.3378799829171932
1717.94,-0.3248717372330053,-0.33752676131132764
1725.94,-0.3209381021740702,-0.3366169800745244
1728.44,-0.31934320384468246,-0.33655001367579856
1730.94,-0.3200184244100481,-0.33591079844128563
1733.84,-0.32082851202802914,-0.33543599048872064
1736.2400000000002,-0.32151277065211925,-0.3354295605461968
1739.04,-0.3224709244787999,-0.3350037430315057
1744.34,-0.32430247589863365,-0.3343495956949501
1746.7400000000002,-0.32513594756607,-0.33427476165804626
1749.7400000000002,-0.32607047614939727,-0.33425315184872967
1752.2400000000002,-0.32675893574818293,-0.3335188863742796
1755.04,-0.3274747670746958,-0.33322002943459483
1757.6400000000003,-0.3281508871765048,-0.33306792216624104
1760.34,-0.328904107032443,-0.3327805630272492
1762.94,-0.329652594061524,-0.3320994783980162
1765.54,-0.330414284515605,-0.33191698848467727
1768.04,-0.3311819752336442,-0.3318787673798195
1770.44,-0.33191698848467727,-0.3311819752336442
1773.2400000000002,-0.3327805630272492,-0.3309324810371646
1775.7400000000002,-0.3335188863742796,-0.330550142349292
1778.34,-0.33425315184872967,-0.330414284515605
1780.84,-0.3350037430315057,-0.329652594061524
1783.94,-0.33591079844128563,-0.32939540054735394
1790.54,-0.3378799829171932,-0.328904107032443
1798.54,-0.3402555185049546,-0.3282378026344968
1806.44,-0.3425831028102282,-0.3281508871765048
1808.94,-0.34334950882852333,-0.32806111490019196
1811.54,-0.34221239930751224,-0.3275786217177104
1814.04,-0.34106553451471894,-0.32754979428183123
1816.54,-0.3399853623138593,-0.32752534605459727
1819.04,-0.33887898504334923,-0.3274747670746958
1824.1400000000003,-0.3366169800745244,-0.3274542118522711
1826.6400000000003,-0.3354295605461968,-0.32740823778089445
1829.1400000000003,-0.33427476165804626,-0.32733925458635044
1831.6400000000003,-0.33306792216624104,-0.32718243108999584
1834.04,-0.3318787673798195,-0.3270662748828446
1836.74,-0.330550142349292,-0.3268886956153543
1839.1400000000003,-0.32939540054735394,-0.32684360841240595
1842.04,-0.32806111490019196,-0.32683721790133907
1844.74,-0.32683721790133907,-0.32675893574818293
1847.54,-0.32557679141242896,-0.32665496169284214
1849.94,-0.324509533882483,-0.32642119230709726
1852.74,-0.32325695350161954,-0.3262326165019775
1855.1400000000003,-0.3221829945657016,-0.32607930996517526
1857.84,-0.3209350889346059,-0.32607047614939727
1860.34,-0.3197841934391972,-0.32590644160847027
1863.1400000000003,-0.3184799092849354,-0.3257689629146475
1869.54,-0.315549516519412,-0.3256753791973662
1877.44,-0.3120123010175191,-0.32557679141242896
1885.74,-0.30840380390464733,-0.3255386107960452
1888.24,-0.30705513625972836,-0.3253928550293832
1890.84,-0.3076509795564743,-0.3253928550293832
1893.44,-0.30826361908641126,-0.3253928550293832
1895.84,-0.308874999311644,-0.3253928550293832
1898.44,-0.3096291503743344,-0.3253928550293832
1903.54,-0.3110778804467254,-0.3253928550293832
1906.04,-0.3117464627500344,-0.3253928550293832
1908.84,-0.31243032854395647,-0.3253928550293832
1911.34,-0.31301578215486175,-0.3253928550293832
1913.74,-0.31356568919577016,-0.3253928550293832
1916.54,-0.31417547860343653,-0.3252304412265062
1919.04,-0.3148014208180875,-0.32506043468464
1921.6400000000003,-0.3154486039863856,-0.32490545454264746
1924.1400000000003,-0.31608616951712265,-0.3247933157301645
1926.6400000000003,-0.3167567986288816,-0.324523963640552
1929.24,-0.31745892618631827,-0.324509533882483
1931.74,-0.31811755251923096,-0.32411628741534887
1934.54,-0.3188319884446993,-0.3237353235988384
1937.04,-0.3194990164544952,-0.32340421991862883
1939.74,-0.3201711205566458,-0.32325695350161954
1942.44,-0.3209133013290422,-0.3226984811224642
1949.34,-0.3226984811224642,-0.3224824613158602
1957.04,-0.3247933157301645,-0.3221829945657016
1964.94,-0.3268886956153543,-0.32155053804925465
1967.44,-0.3275786217177104,-0.3209350889346059
1969.94,-0.32754979428183123,-0.3209133013290422
1972.54,-0.32752534605459727,-0.3206983408579893
1975.04,-0.3274542118522711,-0.3201711205566458
1977.6400000000003,-0.32740823778089445,-0.31998526694361484
1982.74,-0.32733925458635044,-0.3197841934391972
1985.44,-0.32718243108999584,-0.3194990164544952
1988.04,-0.3270662748828446,-0.3188319884446993
1990.84,-0.32684360841240595,-0.3184799092849354
1993.34,-0.32665496169284214,-0.31843077846608225
1996.24,-0.32642119230709726,-0.31811755251923096
1998.74,-0.3262326165019775,-0.31782137517878484
2001.54,-0.32607930996517526,-0.31745892618631827
2004.04,-0.32590644160847027,-0.3170788340170128
2006.84,-0.3257689629146475,-0.3167567986288816
2009.24,-0.3256753791973662,-0.3163132703748816
2012.04,-0.3255386107960452,-0.31608616951712265
2014.54,-0.3253928550293832,-0.3155532445967236
2017.44,-0.3252304412265062,-0.315549516519412
2019.84,-0.32506043468464,-0.3154486039863856
2022.54,-0.32490545454264746,-0.3148014208180875
2029.24,-0.324523963640552,-0.3146828454068509
2036.94,-0.32411628741534887,-0.31417547860343653
2045.04,-0.3237353235988384,-0.3138814766433403
2047.44,-0.32340421991862883,-0.3138814766433403
2050.34,-0.3224824613158602,-0.31417547860343653
2052.94,-0.32155053804925465,-0.3141819331051264
2055.6400000000003,-0.3206983408579893,-0.3145206473867748
2058.24,-0.31998526694361484,-0.3146828454068509
2063.44,-0.31843077846608225,-0.3148014208180875
2065.84,-0.31782137517878484,-0.314878318846492
2068.6400000000003,-0.3170788340170128,-0.3154486039863856
2071.04,-0.3163132703748816,-0.3155532445967236
2073.54,-0.3155532445967236,-0.31563092297686035
2076.34,-0.3146828454068509,-0.3160055120220721
2079.04,-0.3138814766433403,-0.31608616951712265
2081.6400000000003,-0.31309420887374023,-0.31630591561913846
2084.34,-0.3123362434479028,-0.3163132703748816
2086.94,-0.3115877766842433,-0.31660426283335924
2089.34,-0.31088802789619807,-0.3167400601074162
2092.04,-0.3101366385993253,-0.3167567986288816
2094.44,-0.3094588784088464,-0.3170214379371818
2097.1400000000003,-0.30865746606664385,-0.3170214379371818
2099.6400000000003,-0.30794258645693723,-0.3170214379371818
2102.24,-0.3071930114417629,-0.3170214379371818
2108.94,-0.30524318692978497,-0.3170214379371818
2116.6400000000003,-0.30310839503098713,-0.3170214379371818
2124.84,-0.3007033758198822,-0.3170214379371818
2127.24,-0.3000744900951543,-0.3170214379371818
2129.74,-0.3004363514571811,-0.3170214379371818
2132.6400000000003,-0.30099486756720706,-0.3170214379371818
2135.34,-0.3014981197534,-0.3167400601074162
2138.04,-0.30195729839456353,-0.31660426283335924
2143.24,-0.302930646593894,-0.3163132703748816
2145.6400000000003,-0.30333697420347555,-0.31630591561913846
2148.44,-0.30376186560388385,-0.3160055120220721
2150.94,-0.3041770678220093,-0.31563092297686035
2153.6400000000003,-0.3045304769138845,-0.3155532445967236
2156.24,-0.3049177637785969,-0.31525111685307383
2158.84,-0.305274765675926,-0.314878318846492
2161.44,-0.305723849515893,-0.3146828454068509
2164.34,-0.3062200790391251,-0.3145206473867748
2166.74,-0.30664046023628455,-0.3141819331051264
2169.24,-0.30704257880082597,-0.31396866001110174
2171.84,-0.30753639678333267,-0.3138814766433403
2174.34,-0.30799324330117844,-0.3138691450108822
2177.04,-0.30842892835697183,-0.31352694784125607
2179.6400000000003,-0.30884592895562746,-0.3132029628362019
2182.34,-0.3093264466101498,-0.31309420887374023
2188.84,-0.31040877747428997,-0.3127107856548404
2196.74,-0.3117819724664804,-0.3123362434479028
2204.84,-0.3132029628362019,-0.3117819724664804
2207.34,-0.31352694784125607,-0.3115877766842433
2210.04,-0.3138691450108822,-0.3115365455138698
2212.6400000000003,-0.3141819331051264,-0.31088802789619807
2215.04,-0.3145206473867748,-0.31040877747428997
2217.74,-0.314878318846492,-0.310388569091982
2222.84,-0.31563092297686035,-0.3101366385993253
2225.24,-0.3160055120220721,-0.3094588784088464
2227.84,-0.31630591561913846,-0.3093264466101498
2230.44,-0.31660426283335924,-0.30909341649748473
2232.94,-0.3167400601074162,-0.30884592895562746
2235.74,-0.3170214379371818,-0.30865746606664385
2238.34,-0.31723731833385693,-0.30842892835697183
2241.04,-0.31753523693431046,-0.30799324330117844
2243.6400000000003,-0.3177528493395103,-0.30794258645693723
2246.34,-0.31822572999627297,-0.3077559180658279
2248.84,-0.31848758108208725,-0.30753639678333267
2251.54,-0.3188513302896203,-0.3071930114417629
2254.04,-0.3191217344245324,-0.30704257880082597
2256.6400000000003,-0.31943994966779415,-0.30664046023628455
2259.24,-0.31959045536014963,-0.30653744506262304
2261.94,-0.3200261597117788,-0.3062200790391251
2268.6400000000003,-0.3208452492398549,-0.305723849515893
2276.34,-0.3216765881559078,-0.30530909777117143
2284.34,-0.3225331968208394,-0.305274765675926
2286.94,-0.3227412356833723,-0.305274765675926
2289.34,-0.321584932550525,-0.305274765675926
2292.04,-0.3202031288603937,-0.305274765675926
2294.54,-0.31897211660970604,-0.305274765675926
2297.04,-0.31776487885553756,-0.305274765675926
2302.24,-0.31525111685307383,-0.305274765675926
2304.84,-0.31396866001110174,-0.305274765675926
2307.44,-0.3127107856548404,-0.305274765675926
2309.94,-0.3115365455138698,-0.305274765675926
2312.34,-0.310388569091982,-0.305274765675926
2314.94,-0.30909341649748473,-0.305274765675926
2317.74,-0.3077559180658279,-0.305274765675926
2320.24,-0.30653744506262304,-0.305274765675926
2322.94,-0.30530909777117143,-0.305274765675926
2325.44,-0.3040760321960598,-0.3040760321960598
2327.84,-0.3029281614054042,-0.3029281614054042
2330.6400000000003,-0.3016246099393876,-0.3016246099393876
2333.04,-0.3004521369154354,-0.3004521369154354
2335.6400000000003,-0.2993196176313403,-0.2993196176313403
2338.04,-0.29811699712600076,-0.2993196176313403
2340.84,-0.29673444752936,-0.2993196176313403
2347.34,-0.2937226564451064,-0.2993196176313403
2355.1400000000003,-0.29001933082741593,-0.2993196176313403
2363.34,-0.28615368224113064,-0.2993196176313403
2365.84,-0.2849173310170712,-0.2993196176313403
2368.24,-0.28530012829424667,-0.2993196176313403
2370.84,-0.28571287586773914,-0.2993196176313403
2373.24,-0.2861424108127642,-0.2993196176313403
2376.04,-0.2865275834321477,-0.2993196176313403
2381.04,-0.287328750946133,-0.2993196176313403
2383.54,-0.2877210945419795,-0.2992614361742833
2386.04,-0.28808213803055094,-0.29922533675470786
2388.74,-0.2884376216265631,-0.2990757376277237
2391.1400000000003,-0.288640755216104,-0.29900244837252904
2394.04,-0.2889185756998833,-0.2988608279523914
2396.6400000000003,-0.2891763728121268,-0.29881641988345736
2399.34,-0.2895142827813227,-0.29876327640561523
2401.94,-0.28987314373500334,-0.29869686956242947
2404.54,-0.29019879017261224,-0.2985327246356754
2407.04,-0.29059633271689744,-0.29849671014224216
2409.6400000000003,-0.2909215738614665,-0.2983366887877672
2412.24,-0.2912663975505872,-0.2982948957072731
2414.74,-0.2916001008641247,-0.29826322010996803
2417.54,-0.2919472652155518,-0.29816786395201056
2420.24,-0.2922966507415913,-0.2981456948668601
2426.54,-0.2931020502877784,-0.2981332568972072
2434.54,-0.2941013215575402,-0.29811699712600076
2442.44,-0.2952936739820051,-0.2980243256216556
2445.1400000000003,-0.2957531315010878,-0.29790336123527933
2447.54,-0.2958897331578008,-0.2978872349734252
2450.34,-0.2959762938745819,-0.29778271296453446
2452.84,-0.29617151906298606,-0.29773643191643206
2455.6400000000003,-0.29635754981928447,-0.29761881852120425
2460.6400000000003,-0.2966456981028573,-0.2976011661602552
2463.24,-0.2968156736407528,-0.2973743895884745
2465.74,-0.2969809376540734,-0.29727577965969904
2468.34,-0.2970959389261488,-0.297236928567017
2470.84,-0.297236928567017,-0.2970959389261488
2473.44,-0.2973743895884745,-0.2969809376540734
2476.04,-0.2976011661602552,-0.2969381169741535
2478.44,-0.29778271296453446,-0.2968156736407528
2480.94,-0.29790336123527933,-0.29673444752936
2483.74,-0.2981456948668601,-0.2966456981028573
2486.1400000000003,-0.2982948957072731,-0.29660109569813287
2488.74,-0.2985327246356754,-0.29646042529087524
2491.24,-0.29869686956242947,-0.29635754981928447
2494.04,-0.2988608279523914,-0.29617151906298606
2496.54,-0.2990757376277237,-0.2961631856929407
2499.34,-0.2992614361742833,-0.2959762938745819
2505.74,-0.2997589575548311,-0.2959149614132208
2513.44,-0.3003227949534758,-0.2958897331578008
2521.84,-0.30057514844578054,-0.2957531315010878
2524.34,-0.3005565564647611,-0.2957531315010878
2527.04,-0.3003676637561722,-0.2957531315010878
2529.6400000000003,-0.30015500480791724,-0.2957531315010878
2532.34,-0.2999593736268474,-0.2957531315010878
2534.94,-0.2998469302714943,-0.2957531315010878
2540.04,-0.2996455386435205,-0.2957531315010878
2542.84,-0.2994847999894862,-0.2957531315010878
2545.44,-0.29935073534249873,-0.2957531315010878
2547.84,-0.29922533675470786,-0.2957531315010878
2550.44,-0.29900244837252904,-0.2957531315010878
2553.04,-0.29881641988345736,-0.2957531315010878
2555.6400000000003,-0.29876327640561523,-0.2957531315010878
2558.1400000000003,-0.29849671014224216,-0.2957531315010878
2561.04,-0.2983366887877672,-0.2957531315010878
2563.44,-0.29826322010996803,-0.2957531315010878
2565.94,-0.29816786395201056,-0.2957531315010878
2568.6400000000003,-0.2981332568972072,-0.2957531315010878
2571.04,-0.2980243256216556,-0.2957531315010878
2573.54,-0.2978872349734252,-0.2957531315010878
2576.1400000000003,-0.29773643191643206,-0.2957531315010878
2578.84,-0.29761881852120425,-0.2957531315010878
2585.54,-0.29727577965969904,-0.2957531315010878
2593.24,-0.2969381169741535,-0.2957531315010878
2601.54,-0.29660109569813287,-0.2957531315010878
2604.04,-0.29646042529087524,-0.2957531315010878
2606.74,-0.2961631856929407,-0.2957531315010878
2609.24,-0.2959149614132208,-0.2957531315010878
2612.04,-0.29563985766766243,-0.29563985766766243
2614.6400000000003,-0.29539225816881437,-0.29539225816881437
2619.74,-0.2948091048064783,-0.2948091048064783
2622.1400000000003,-0.294571762661774,-0.294571762661774
2624.74,-0.29430545355448784,-0.29430545355448784
2627.24,-0.2939767714504033,-0.2939767714504033
2629.6400000000003,-0.29368734020133547,-0.29368734020133547
2632.24,-0.29333080029706193,-0.29333080029706193
2634.84,-0.2929580288329865,-0.2929580288329865
2637.54,-0.2925611578518981,-0.2925611578518981
2640.04,-0.2923011365167172,-0.2923011365167172
2642.84,-0.2919322099336146,-0.2919322099336146
2645.24,-0.2916569021068451,-0.2916569021068451
2647.84,-0.29131469538783566,-0.29131469538783566
2650.44,-0.2909693679132037,-0.2909693679132037
2653.04,-0.2906251530634329,-0.2906251530634329
2655.74,-0.29034369458855547,-0.29034369458855547
2658.44,-0.2898610447939848,-0.2898610447939848
2664.74,-0.2891077231051667,-0.2891077231051667
2672.74,-0.2884680233549114,-0.2884680233549114
2680.44,-0.28753269198850206,-0.28753269198850206
2683.34,-0.2874152897968843,-0.2874152897968843
2685.84,-0.28730220276861457,-0.28730220276861457
2688.54,-0.28726856450159444,-0.28726856450159444
2691.04,-0.2871140403551087,-0.2871171147557172
2693.6400000000003,-0.28710138746667374,-0.2871140403551087
2698.74,-0.2870753971683529,-0.28710138746667374
2701.34,-0.2871171147557172,-0.2870753971683529
2703.94,-0.2870525810418887,-0.28706627615932784
2706.44,-0.28706627615932784,-0.2870525810418887
2709.04,-0.2869807683129603,-0.2869807683129603
2711.6400000000003,-0.2869415638576664,-0.28695118031994993
2714.24,-0.28695118031994993,-0.2869415638576664
2716.74,-0.2868172300735797,-0.2869040818588035
2719.54,-0.2868421196798199,-0.28690243458328113
2722.04,-0.2868759025441339,-0.28690145102335907
2724.84,-0.2868806467606927,-0.28689200794441655
2727.44,-0.28690145102335907,-0.2868813456624882
2730.04,-0.28689200794441655,-0.2868806467606927
2732.6400000000003,-0.28686137270973333,-0.2868806467606927
2735.04,-0.28690243458328113,-0.2868806467606927
2737.94,-0.2868813456624882,-0.2868806467606927
2744.44,-0.2869040818588035,-0.2868806467606927
2752.1400000000003,-0.2868070882478403,-0.2868806467606927
2760.04,-0.28664727672349216,-0.2868806467606927
2762.44,-0.2864753830961699,-0.2868806467606927
2765.24,-0.28612030543990913,-0.2868806467606927
2767.74,-0.28580910990273584,-0.2868806467606927
2770.34,-0.2855019745006097,-0.2868806467606927
2773.04,-0.2850403873394829,-0.2868806467606927
2778.1400000000003,-0.2842788697182465,-0.2868806467606927
2780.6400000000003,-0.2838638512985416,-0.2868806467606927
2783.24,-0.2834265436828323,-0.2868806467606927
2785.74,-0.28296340304743384,-0.2868806467606927
2788.1400000000003,-0.28248358768191734,-0.2868806467606927
2790.94,-0.2819690324403405,-0.2868806467606927
2793.44,-0.2814532284513921,-0.2868806467606927
2796.04,-0.2809992105040871,-0.2868806467606927
2798.6400000000003,-0.2805152930866566,-0.2868806467606927
2801.04,-0.2801717516492345,-0.2868806467606927
2803.54,-0.2797379522285416,-0.2868806467606927
2806.04,-0.27931642238561527,-0.2868806467606927
2808.54,-0.2788710880109414,-0.2868806467606927
2811.04,-0.27840862474341804,-0.2868806467606927
2813.6400000000003,-0.2779560665479157,-0.2868806467606927
2816.54,-0.2774885355900142,-0.2868806467606927
2822.94,-0.27635087154592025,-0.2868806467606927
2830.6400000000003,-0.2750773005439055,-0.2868806467606927
2838.84,-0.27379172105132926,-0.2868806467606927
2841.24,-0.27350108359747,-0.2868806467606927
2843.74,-0.27409306688285556,-0.2868806467606927
2846.34,-0.2746590979850433,-0.2868806467606927
2848.74,-0.2752870336454221,-0.2868806467606927
2851.54,-0.2759312477664614,-0.2868806467606927
2856.44,-0.277158335725532,-0.2868806467606927
2859.04,-0.27778011480949305,-0.2868806467606927
2861.6400000000003,-0.2784704827173545,-0.2868806467606927
2864.34,-0.279091497669766,-0.2868806467606927
2866.94,-0.27967344443666636,-0.2868806467606927
2869.54,-0.28031069235179495,-0.2868806467606927
2872.24,-0.2809849983058378,-0.2868806467606927
2874.84,-0.28163303408274076,-0.2868806467606927
2877.54,-0.28225907387770066,-0.2868806467606927
2880.04,-0.2829098060463825,-0.2868759025441339
2882.74,-0.2836422518114039,-0.2868759025441339
2885.6400000000003,-0.2844115977192898,-0.2868759025441339
2888.04,-0.28496879335885794,-0.2868617826840181
2890.84,-0.28559659070976995,-0.28686137270973333
2893.24,-0.2862053601011334,-0.2868070882478403
2895.94,-0.2869561463470606,-0.2867655431698696
2902.34,-0.2885596532323064,-0.28664727672349216
2910.24,-0.2906315384751476,-0.2865623346227854
2918.04,-0.29226195940920424,-0.2865051953732501
2920.74,-0.2927943691130233,-0.2864753830961699
2923.24,-0.2927503117492584,-0.2862341466164182
2926.04,-0.2924820355188698,-0.2862053601011334
2928.54,-0.2922840107872633,-0.28612030543990913
2931.34,-0.2921960956813049,-0.28580910990273584
2936.24,-0.2919633306280977,-0.2857397532696997
2938.74,-0.29192470652398844,-0.2857397532696997
2941.34,-0.29182343603927385,-0.2857397532696997
2944.04,-0.2916018840679395,-0.2857397532696997
2946.54,-0.2916446188126316,-0.2857397532696997
2949.34,-0.29142018649067064,-0.2857397532696997
2951.94,-0.2913320166901326,-0.2857397532696997
2954.34,-0.29120940868930406,-0.2857397532696997
2956.94,-0.29118986006135655,-0.2857397532696997
2959.44,-0.2909988674063224,-0.2857397532696997
2962.04,-0.2909618891144299,-0.2857397532696997
2964.6400000000003,-0.2908889171617848,-0.2857397532696997
2967.04,-0.2907759146938854,-0.2857397532696997
2969.74,-0.2906607946504129,-0.2857397532696997
2972.1400000000003,-0.29059899910786874,-0.2857397532696997
2975.04,-0.2904731838959547,-0.2857397532696997
2981.44,-0.29026848532213495,-0.2857397532696997
2989.04,-0.28998310926447285,-0.2857397532696997
2997.1400000000003,-0.28977595533204814,-0.2857397532696997
2999.6400000000003,-0.28953253144934454,-0.2857397532696997
3002.04,-0.28948658506694663,-0.2857397532696997
3004.74,-0.28934976158368864,-0.2857397532696997
3007.24,-0.2892720261879797,-0.2857397532696997
3009.84,-0.28913333882728115,-0.2857397532696997
3014.94,-0.2887784929493239,-0.2857397532696997
3017.54,-0.2886622280274126,-0.2857397532696997
3020.04,-0.28851043644692015,-0.2857397532696997
3022.6400000000003,-0.2883045979948688,-0.2857397532696997
3025.04,-0.2881345808768472,-0.2857397532696997
3027.6400000000003,-0.28804483900322797,-0.2857397532696997
3030.24,-0.2876979010058558,-0.2857397532696997
3032.6400000000003,-0.2875035870187458,-0.2857397532696997
3035.24,-0.28748881430157136,-0.2857397532696997
3037.74,-0.28718587241773696,-0.2857397532696997
3040.1400000000003,-0.2870613387075633,-0.2857397532696997
3042.74,-0.2868617826840181,-0.2857397532696997
3045.24,-0.2867655431698696,-0.2857397532696997
3047.84,-0.2865623346227854,-0.2857397532696997
3050.34,-0.2865051953732501,-0.2857397532696997
3053.04,-0.2862341466164182,-0.2857397532696997
3059.54,-0.2857397532696997,-0.2857397532696997
3067.24,-0.2852582308189376,-0.2852582308189376
3075.54,-0.28478766054025634,-0.28478766054025634
3077.94,-0.2846541330115793,-0.2846541330115793
3080.44,-0.284033709344724,-0.28435169539228444
3083.04,-0.28338199253342855,-0.284033709344724
3085.54,-0.2827775313098682,-0.28376824999206923
3088.34,-0.28202623159407614,-0.2836461011800469
3093.24,-0.28075123514946054,-0.28338199253342855
3095.74,-0.2801776122736821,-0.28321312119121167
3098.24,-0.27941260440437704,-0.2827775313098682
3101.04,-0.2785821884419209,-0.28253614172818364
3103.54,-0.27789630379749153,-0.28202623159407614
3106.24,-0.27714583537284676,-0.2818587559026172
3108.84,-0.27641056686332643,-0.2813184528940249
3111.24,-0.27564064091637974,-0.28075123514946054
3113.84,-0.2749341265412312,-0.28034280625249236
3116.34,-0.27430059903042325,-0.2801776122736821
3118.74,-0.2736283089601116,-0.27971179817406866
3121.24,-0.2729157014684894,-0.27941260440437704
3123.74,-0.2722485566469087,-0.2792276035601918
3126.54,-0.2714422548608544,-0.27896490276739666
3129.04,-0.2707396901877336,-0.2785821884419209
3132.04,-0.2698882873521975,-0.27824509192772
3138.54,-0.26806221052761187,-0.27789630379749153
3146.04,-0.26600424681079093,-0.2774206777066541
3154.44,-0.26378168791609935,-0.2774075115847561
3156.84,-0.26306194695431556,-0.27714583537284676
3159.34,-0.26368046507136145,-0.27668959915463504
3161.84,-0.2642039813346831,-0.27651906516404157
3164.34,-0.2647480030296107,-0.27641056686332643
3167.04,-0.26540036908417897,-0.2759353337716708
3172.34,-0.26678233876211116,-0.2757529198685196
3174.94,-0.2672798815673051,-0.27564064091637974
3177.54,-0.2680596836723028,-0.27528368846042395
3180.04,-0.2687507688856256,-0.2749341265412312
3182.44,-0.26930237655225536,-0.27489543197534905
3185.24,-0.26986381754982397,-0.2743188880683126
3187.74,-0.2706933795433638,-0.27430059903042325
3190.54,-0.2715808151515038,-0.2740741910238997
3193.04,-0.2722097897411405,-0.2737386386892824
3195.74,-0.27303935254213424,-0.2736283089601116
3198.24,-0.2737386386892824,-0.2733208242138669
3200.84,-0.2743188880683126,-0.27303935254213424
3203.44,-0.27528368846042395,-0.27303935254213424
3205.94,-0.2759353337716708,-0.27303935254213424
3208.54,-0.27668959915463504,-0.27303935254213424
3211.34,-0.2774075115847561,-0.27303935254213424
3217.74,-0.2792276035601918,-0.27303935254213424
3225.74,-0.2813184528940249,-0.27303935254213424
3234.04,-0.2836461011800469,-0.27303935254213424
3236.6400000000003,-0.28435169539228444,-0.27303935254213424
3239.04,-0.28376824999206923,-0.27303935254213424
3241.6400000000003,-0.28321312119121167,-0.27303935254213424
3244.04,-0.28253614172818364,-0.27303935254213424
3246.84,-0.2818587559026172,-0.27303935254213424
3251.94,-0.28034280625249236,-0.27303935254213424
3254.44,-0.27971179817406866,-0.27303935254213424
3257.04,-0.27896490276739666,-0.27303935254213424
3259.54,-0.27824509192772,-0.2729491767784801
3261.94,-0.2774206777066541,-0.2729157014684894
3264.84,-0.27651906516404157,-0.2728146466206391
3267.44,-0.2757529198685196,-0.2726282401459039
3270.04,-0.27489543197534905,-0.2722485566469087
3272.6400000000003,-0.2740741910238997,-0.2722097897411405
3275.1400000000003,-0.2733208242138669,-0.27210787021575367
3277.54,-0.2726282401459039,-0.27205063803997
3280.1400000000003,-0.2717136922135812,-0.2717136922135812
3282.84,-0.2708903487018954,-0.2715808151515038
3285.44,-0.27006649816606487,-0.27153038089110054
3288.24,-0.26930065001283393,-0.2714422548608544
3290.94,-0.26832511215270377,-0.2713681917734213
3297.34,-0.26644898498323266,-0.2708903487018954
3305.34,-0.26423610355670263,-0.2708903487018954
3312.94,-0.26156764129286336,-0.2708903487018954
3315.44,-0.26082578510817034,-0.2708903487018954
3318.1400000000003,-0.2613793525588192,-0.2708903487018954
3320.6400000000003,-0.26192756487666125,-0.2708903487018954
3323.04,-0.262472454564927,-0.2708903487018954
3325.6400000000003,-0.2630812963710076,-0.2708903487018954
3330.74,-0.26430779633529355,-0.2708903487018954
3333.24,-0.26490047522869586,-0.2708903487018954
3335.94,-0.2654259267293597,-0.2708903487018954
3338.34,-0.2660733248203982,-0.2708903487018954
3340.84,-0.2667559557388175,-0.2708903487018954
3343.74,-0.267467345166951,-0.2708903487018954
3346.34,-0.2680538202183067,-0.2708903487018954
3348.74,-0.2685868032895369,-0.2708903487018954
3351.34,-0.2693518285920332,-0.2708903487018954
3354.04,-0.2700064344741071,-0.2708903487018954
3356.6400000000003,-0.2706637200229971,-0.2706637200229971
3359.34,-0.27153038089110054,-0.27058534485676916
3361.74,-0.27210787021575367,-0.27006649816606487
3364.34,-0.2728146466206391,-0.2700064344741071
3366.94,-0.2734476726978003,-0.2698131777089378
3369.74,-0.2742021352253574,-0.2693518285920332
3375.94,-0.2757657321618864,-0.26930065001283393
3383.84,-0.27789630023907524,-0.2691856751929608
3391.6400000000003,-0.2797851478394661,-0.2685868032895369
3394.1400000000003,-0.2803066806438366,-0.26852566853168497
3396.84,-0.27986770229663793,-0.26832511215270377
3399.44,-0.27916917262186036,-0.2680538202183067
3402.04,-0.2785264113842975,-0.26765547688872937
3404.6400000000003,-0.2778017164512254,-0.267467345166951
3409.74,-0.27655030381516293,-0.26679899897999937
3412.24,-0.27590673518454406,-0.2667559557388175
3414.94,-0.27508693401504486,-0.26644898498323266
3417.44,-0.2744482035355111,-0.2661470105901376
3420.1400000000003,-0.27368823450972835,-0.2660733248203982
3422.74,-0.2729491767784801,-0.2654259267293597
3425.34,-0.27205063803997,-0.26541133365560177
3427.74,-0.2713681917734213,-0.26490047522869586
3430.54,-0.27058534485676916,-0.26430779633529355
3433.04,-0.2698131777089378,-0.26423610355670263
3435.44,-0.2691856751929608,-0.26334608679472493
3438.04,-0.26852566853168497,-0.2630812963710076
3440.54,-0.26765547688872937,-0.262472454564927
3443.44,-0.26679899897999937,-0.262472454564927
3445.94,-0.2661470105901376,-0.262472454564927
3448.84,-0.26541133365560177,-0.262472454564927
3455.44,-0.26334608679472493,-0.262472454564927
3463.1400000000003,-0.2611369204839408,-0.262472454564927
3471.24,-0.25885517176810824,-0.262472454564927
3473.6400000000003,-0.258156079452248,-0.262472454564927
3476.54,-0.25815709488775895,-0.262472454564927
3479.04,-0.2580907329529973,-0.26257425697175574
3481.84,-0.25789861712881823,-0.2630812963710076
3484.34,-0.257936277362747,-0.2632116464697492
3489.54,-0.25786896240056667,-0.26334608679472493
3492.04,-0.25790013859509514,-0.26345526711141226
3494.84,-0.25787577682407264,-0.26345526711141226
3497.54,-0.2578403734419431,-0.26334608679472493
3500.04,-0.2579365086164129,-0.2632116464697492
3502.84,-0.2579362449492324,-0.2631851050488876
3505.44,-0.25792167504565283,-0.26312519315718885
3507.84,-0.2578579362269725,-0.2627204833144223
3510.44,-0.2578828728815741,-0.26257425697175574
3512.94,-0.2579061522062744,-0.26254760028397117
3515.6400000000003,-0.25797810108720814,-0.2622743410577992
3518.24,-0.2579679244761082,-0.26225489926606854
3520.84,-0.2579434856118653,-0.2621508044940111
3523.44,-0.2579685758401222,-0.26211850254294955
3526.04,-0.2579943029020197,-0.2618653530243902
3528.94,-0.25796922067431943,-0.2618631702149886
3535.54,-0.2579852811469195,-0.2616654692473042
3543.24,-0.2580353553171146,-0.2616546861568624
3551.04,-0.2580504279263027,-0.2614623556158665
3553.84,-0.25810955424836846,-0.26142228492418035
3556.34,-0.2582939214154084,-0.26139345087884547
3559.04,-0.2584304556387023,-0.26139345087884547
3561.54,-0.2587966697591511,-0.26139345087884547
3564.34,-0.25890402625777353,-0.26139345087884547
3569.74,-0.2593552011453458,-0.26139345087884547
3572.24,-0.25944287476810324,-0.26139345087884547
3575.04,-0.2597824884810725,-0.26139345087884547
3577.54,-0.25995436006211603,-0.26139345087884547
3579.94,-0.2601036466955935,-0.26139345087884547
3582.54,-0.2603450777601696,-0.26139345087884547
3585.04,-0.26049794171184,-0.26139345087884547
3587.54,-0.26074772173437477,-0.26139345087884547
3590.04,-0.2610484330901298,-0.26139345087884547
3592.54,-0.2612091029885938,-0.26139345087884547
3595.34,-0.26142228492418035,-0.26139345087884547
3597.94,-0.2616654692473042,-0.26139345087884547
3600.44,-0.2618653530243902,-0.26139345087884547
3603.24,-0.2621508044940111,-0.26139345087884547
3605.94,-0.26225489926606854,-0.26139345087884547
3608.64,-0.26257425697175574,-0.26139345087884547
3615.54,-0.2632116464697492,-0.26139345087884547
3623.04,-0.2639336802171211,-0.26139345087884547
3630.84,-0.2647046821612089,-0.26139345087884547
3633.24,-0.2648412242006898,-0.26139345087884547
3635.94,-0.2647304925866957,-0.26142228492418035
3638.54,-0.2646173468562351,-0.2614623556158665
3641.24,-0.26444375376932355,-0.2616546861568624
3643.84,-0.2643002580922688,-0.2616654692473042
3648.94,-0.2641311066889461,-0.2618631702149886
3651.34,-0.26386322430945625,-0.2618653530243902
3654.24,-0.2636594571403696,-0.26211850254294955
3656.64,-0.26345526711141226,-0.2621508044940111
3659.44,-0.2631851050488876,-0.26225489926606854
3662.04,-0.26312519315718885,-0.2622743410577992
3664.74,-0.2627204833144223,-0.26229627878703726
3667.24,-0.26254760028397117,-0.26254760028397117
3669.84,-0.2622743410577992,-0.26257425697175574
3672.24,-0.26211850254294955,-0.2627204833144223
3674.74,-0.2618631702149886,-0.26312519315718885
3677.24,-0.2616546861568624,-0.2631851050488876
3679.74,-0.2614623556158665,-0.2632116464697492
3682.54,-0.2612732554347833,-0.26345526711141226
3685.14,-0.26095972364981007,-0.26345526711141226
3688.04,-0.2607629688379774,-0.26345526711141226
3694.64,-0.2602237854987042,-0.26345526711141226
3702.34,-0.2595205863025081,-0.26345526711141226
3710.24,-0.2588571390480559,-0.26345526711141226
3712.84,-0.25863072246411833,-0.26345526711141226
3715.54,-0.2596314195615609,-0.26345526711141226
3718.14,-0.2603590627913127,-0.26345526711141226
3720.84,-0.26139345087884547,-0.26345526711141226
3723.440000000001,-0.26229627878703726,-0.26361485290643194
3728.54,-0.2640941780894665,-0.2636594571403696
3730.940000000001,-0.26491398081323575,-0.26386322430945625
3733.74,-0.2660293326431899,-0.2639336802171211
3736.24,-0.2668299818641726,-0.2640598201926153
3738.940000000001,-0.26787956574663035,-0.2640941780894665
3741.54,-0.2687827656214062,-0.2641311066889461
3744.24,-0.2697503138535132,-0.2643002580922688
3746.74,-0.2705183171072915,-0.26444375376932355
3749.34,-0.2715426617833964,-0.26450452676025943
3751.74,-0.2723357556695945,-0.2646173468562351
3754.24,-0.27324305665728293,-0.2647046821612089
3756.940000000001,-0.27415389900440157,-0.2647304925866957
3759.440000000001,-0.2749926228644982,-0.2648412242006898
3762.04,-0.2757346792526287,-0.26491398081323575
3764.64,-0.2764677535261834,-0.2651772848556976
3767.34,-0.2772324880146601,-0.2652874437590052
3773.84,-0.27909463700573994,-0.2660093385805603
3781.440000000001,-0.2812523246477516,-0.2660293326431899
3789.940000000001,-0.2837583982600949,-0.2665239941182631
3792.440000000001,-0.28448688487851426,-0.2668299818641726
3795.24,-0.2834647918233181,-0.2677257052091881
3797.74,-0.28250822150249943,-0.2678492826826473
3800.54,-0.28158599752937336,-0.26787956574663035
3803.14,-0.2804738531949487,-0.26876413555112016
3808.24,-0.2784398208834912,-0.2687827656214062
3810.84,-0.2774131152684238,-0.2688513836050116
3813.54,-0.27634513760845375,-0.26971549838933284
3815.940000000001,-0.2755200017220839,-0.2697503138535132
3818.54,-0.27443819478846204,-0.2699290764514765
3821.04,-0.2735330919469092,-0.2699290764514765
3823.74,-0.2726296820364691,-0.2699290764514765
3826.24,-0.2716368326482547,-0.2699290764514765
3829.04,-0.27054134646405625,-0.2699290764514765
3831.54,-0.26971549838933284,-0.2699290764514765
3834.04,-0.26876413555112016,-0.2699290764514765
3836.64,-0.2678492826826473,-0.2699290764514765
3841.74,-0.2660093385805603,-0.2699290764514765
3844.24,-0.2651772848556976,-0.2699290764514765
3846.84,-0.26450452676025943,-0.2699290764514765
3849.64,-0.26361485290643194,-0.2699290764514765
3856.04,-0.26177339154489315,-0.2699290764514765
3864.04,-0.2591545870521361,-0.2699290764514765
3872.14,-0.2564752797373407,-0.2699290764514765
3874.74,-0.25582190842601593,-0.2699290764514765
3877.24,-0.2569034282681606,-0.2699290764514765
3880.04,-0.25823772985619986,-0.2699290764514765
3882.54,-0.2593563599013949,-0.2699290764514765
3885.34,-0.26070050552335367,-0.2699290764514765
3890.24,-0.2628789743247513,-0.2699290764514765
3892.84,-0.2640598201926153,-0.2699290764514765
3895.54,-0.2652874437590052,-0.2699290764514765
3898.24,-0.2665239941182631,-0.2699290764514765
3900.74,-0.2677257052091881,-0.2699290764514765
3903.440000000001,-0.2688513836050116,-0.2699290764514765
3906.04,-0.27015670565606537,-0.2699290764514765
3908.54,-0.2713366303576554,-0.2699290764514765
3911.34,-0.27249989260156166,-0.2699290764514765
3914.04,-0.27384518470440694,-0.2699290764514765
3916.54,-0.2748099726563056,-0.26971549838933284
3919.34,-0.2763322674762223,-0.2688513836050116
3924.34,-0.2787136163937743,-0.26876413555112016
3926.940000000001,-0.2798878752707656,-0.26802716187798814
3929.54,-0.28108094344332796,-0.2678492826826473
3932.54,-0.2825066912899814,-0.2677257052091881
3938.940000000001,-0.28555048028428065,-0.2665239941182631
3946.54,-0.28892482720012286,-0.2660093385805603
3954.64,-0.29291973779936314,-0.26576104357331765
3957.04,-0.2936977204990574,-0.2652874437590052
3959.74,-0.2918528616176312,-0.2651772848556976
3962.34,-0.2898858867273527,-0.26450452676025943
3965.04,-0.2880056359600489,-0.2640598201926153
3967.64,-0.2859355875084893,-0.2638488216978248
3972.74,-0.282223932740302,-0.26361485290643194
3975.24,-0.2803098540079407,-0.2628789743247513
3978.04,-0.2782529708024147,-0.2619094245655332
3980.440000000001,-0.27627996677976413,-0.26177339154489315
3982.940000000001,-0.2743734670756938,-0.26125706899240675
3985.74,-0.2721886325525661,-0.26125706899240675
3988.54,-0.2699290764514765,-0.26125706899240675
3991.04,-0.26802716187798814,-0.26125706899240675
3993.84,-0.26576104357331765,-0.26125706899240675
3996.24,-0.2638488216978248,-0.26125706899240675
3998.74,-0.2619094245655332,-0.26125706899240675
4001.440000000001,-0.25962642549359144,-0.26125706899240675
4006.64,-0.25566971920339504,-0.26125706899240675
4009.04,-0.25351447791539,-0.26125706899240675
4011.64,-0.25157360351930214,-0.26125706899240675
4014.54,-0.24933176541544208,-0.26125706899240675
4020.940000000001,-0.2439265488572037,-0.26125706899240675
4028.64,-0.2376468836165703,-0.26125706899240675
4036.74,-0.23093621350271223,-0.26125706899240675
4039.14,-0.22916265843498182,-0.26125706899240675
4041.84,-0.2299291440060713,-0.26188909823520223
4044.440000000001,-0.23072404164704965,-0.2619094245655332
4047.04,-0.23152853244895572,-0.26229752444687954
4049.64,-0.23228803917128993,-0.26285261736430954
4054.74,-0.23389274909323585,-0.2628789743247513
4057.34,-0.23461364963753392,-0.26340563214364465
4060.04,-0.2353893597531903,-0.2638488216978248
4062.64,-0.23622590452979006,-0.2638488216978248
4065.24,-0.23700467522530413,-0.26340563214364465
4067.84,-0.23781406232991298,-0.26320638822174103
4070.34,-0.23864524106863888,-0.26285261736430954
4072.940000000001,-0.2394882572435955,-0.2625778815812937
4075.54,-0.24024508900129568,-0.26229752444687954
4078.24,-0.24099535762404373,-0.2619094245655332
4080.74,-0.24184362415488225,-0.26188909823520223
4083.24,-0.24272410552332108,-0.2617567875691612
4088.34,-0.2443262032307955,-0.26125706899240675
4090.940000000001,-0.24518781450534555,-0.2610128016257153
4093.440000000001,-0.245816774951741,-0.26067217785816843
4096.24,-0.24678055625084822,-0.26035588774638246
4102.64,-0.24881904442159747,-0.26025311153385366
4110.24,-0.25125186802810756,-0.2597696042004322
4118.54,-0.2539480430852745,-0.25966287920367187
4121.04,-0.2545762154204237,-0.25962642549359144
4123.74,-0.25505935287761083,-0.25918458482553147
4126.4400000000005,-0.2558176129964852,-0.25888519163059875
4129.04,-0.25639144043800405,-0.25868680945194356
4131.64,-0.25686412293162814,-0.25802367850023317
4136.9400000000005,-0.25802367850023317,-0.25743706304401126
4139.54,-0.25868680945194356,-0.25686412293162814
4142.14,-0.25918458482553147,-0.2566963248295305
4144.84,-0.2597696042004322,-0.25639144043800405
4147.24,-0.26025311153385366,-0.2560819500405103
4149.84,-0.26067217785816843,-0.2558176129964852
4152.54,-0.26125706899240675,-0.25566971920339504
4154.9400000000005,-0.26188909823520223,-0.25566971920339504
4157.64,-0.26229752444687954,-0.25566971920339504
4160.14,-0.26285261736430954,-0.25566971920339504
4162.64,-0.26340563214364465,-0.25566971920339504
4165.24,-0.26386598834593433,-0.25566971920339504
4170.34,-0.26513827499480064,-0.25566971920339504
4172.9400000000005,-0.2657063453270103,-0.25566971920339504
4175.4400000000005,-0.26619232038318685,-0.25566971920339504
4178.24,-0.26678037510796443,-0.2557349525716868
4184.64,-0.2680474270520114,-0.2558176129964852
4192.34,-0.26965083917530147,-0.2560819500405103
4200.24,-0.2712381661923706,-0.2561225357864772
4202.64,-0.2717653130935695,-0.25639144043800405
4205.34,-0.2713975897936514,-0.2566083800958109
4207.9400000000005,-0.2704371763254218,-0.2566963248295305
4210.74,-0.26952270683316587,-0.25686412293162814
4213.34,-0.26871179341547713,-0.2574108755377703
4218.4400000000005,-0.26710750098543734,-0.2574108755377703
4220.9400000000005,-0.26629253812645653,-0.2574108755377703
4223.54,-0.26549094004722834,-0.2574108755377703
4226.04,-0.26469410384221426,-0.2574108755377703
4228.84,-0.26404706715381293,-0.2574108755377703
4231.4400000000005,-0.26320638822174103,-0.2574108755377703
4233.9400000000005,-0.2625778815812937,-0.2574108755377703
4236.64,-0.2617567875691612,-0.2574108755377703
4239.34,-0.2610128016257153,-0.2574108755377703
4241.9400000000005,-0.26035588774638246,-0.2574108755377703
4244.34,-0.25966287920367187,-0.2574108755377703
4247.04,-0.25888519163059875,-0.2574108755377703
4252.34,-0.25743706304401126,-0.2574108755377703
4254.74,-0.2566963248295305,-0.2574108755377703
4257.34,-0.2560819500405103,-0.2574108755377703
4260.04,-0.25523041632919014,-0.2574108755377703
4266.4400000000005,-0.2535368212504183,-0.2574108755377703
4274.14,-0.25145917975589016,-0.2574108755377703
4282.34,-0.24919115935442476,-0.2574108755377703
4284.74,-0.24847489624457925,-0.2574108755377703
4287.34,-0.24901335785036488,-0.2574108755377703
4289.9400000000005,-0.24953309952902702,-0.2574108755377703
4292.74,-0.24999433218364128,-0.2574108755377703
4295.34,-0.2506428961997636,-0.2574108755377703
4300.4400000000005,-0.251782591374695,-0.2574108755377703
4302.84,-0.25219998514296554,-0.2574108755377703
4305.4400000000005,-0.2528767060798183,-0.2574108755377703
4307.9400000000005,-0.2533147441668779,-0.2573332915037958
4310.4400000000005,-0.25374289996492905,-0.2568599839486031
4313.04,-0.25412693391667146,-0.2566963248295305
4315.64,-0.2545394392780568,-0.2566083800958109
4318.24,-0.2548895860980495,-0.25614013452238776
4320.84,-0.25528543795791314,-0.2561225357864772
4323.34,-0.2557349525716868,-0.2560819500405103
4325.9400000000005,-0.2561225357864772,-0.2557349525716868
4328.4400000000005,-0.2566083800958109,-0.2555297421960062
4333.64,-0.2574108755377703,-0.25528543795791314
4336.34,-0.25779427039863173,-0.25523041632919014
4338.9400000000005,-0.25816138987926157,-0.25523041632919014
4341.84,-0.258657504043505,-0.25523041632919014
4348.34,-0.2595349084143644,-0.25523041632919014
4356.34,-0.2609566256602342,-0.25523041632919014
4364.14,-0.2620967708977581,-0.25523041632919014
4366.64,-0.26255251672145047,-0.25523041632919014
4369.34,-0.2618218747500984,-0.25523041632919014
4371.84,-0.2615128916731419,-0.25523041632919014
4374.54,-0.26061790361283155,-0.25523041632919014
4377.04,-0.260074539234208,-0.25523041632919014
4382.24,-0.25867960272701934,-0.25523041632919014
4384.74,-0.25800026492791867,-0.25523041632919014
4387.34,-0.2573332915037958,-0.25523041632919014
4389.74,-0.2568599839486031,-0.25523041632919014
4392.54,-0.25614013452238776,-0.25523041632919014
4395.14,-0.2555297421960062,-0.25523041632919014
4397.84,-0.2549358538744242,-0.25523041632919014
4400.4400000000005,-0.2543368346253815,-0.25523041632919014
4403.04,-0.25371848939518793,-0.25523041632919014
4405.74,-0.2532437954059153,-0.25523041632919014
4408.64,-0.25243889386083507,-0.25523041632919014
4411.14,-0.2519124353943353,-0.25523041632919014
4416.24,-0.25077101387204725,-0.25523041632919014
4418.74,-0.25015804361562405,-0.25523041632919014
4421.34,-0.24962459625557637,-0.25523041632919014
4424.04,-0.24901265551231108,-0.2549358538744242
4430.34,-0.2477167867324113,-0.25492071840440367
4437.74,-0.2459235067119472,-0.2548895860980495
4446.04,-0.24400344988287118,-0.25464291829922925
4448.4400000000005,-0.24334535467180207,-0.25464291829922925
4451.24,-0.24388194845931505,-0.2547557970634289
4453.74,-0.24445438872301978,-0.2548895860980495
4456.54,-0.24489629413752695,-0.25492071840440367
4459.04,-0.24537080061523894,-0.2549358538744242
4464.24,-0.2464021031011859,-0.2550473377194428
4466.74,-0.24698777321782436,-0.25528543795791314
4469.34,-0.24753556944903585,-0.255458858884454
4471.74,-0.24796179049269956,-0.25549355077479025
4474.34,-0.24850022119187146,-0.2555297421960062
4476.9400000000005,-0.24908522049595305,-0.2557349525716868
4479.84,-0.24959092758719842,-0.25576536809587275
4482.24,-0.250049823024325,-0.25591779337201537
4485.04,-0.2505212612427667,-0.2559760573215986
4487.54,-0.2510258400578709,-0.2559931738584714
4490.04,-0.2517411899268201,-0.25604246513097817
4492.54,-0.25200126542695284,-0.2561225357864772
4497.4400000000005,-0.253100402825403,-0.25614013452238776
4499.9400000000005,-0.2535918622059689,-0.2561834427761116
4502.54,-0.25409845611884163,-0.2561834427761116
4505.34,-0.25464291829922925,-0.2561834427761116
4511.84,-0.25591779337201537,-0.2561834427761116
4519.54,-0.2574226921136954,-0.2561834427761116
4527.9400000000005,-0.2588617548139999,-0.2561834427761116
4530.34,-0.25969339856811713,-0.2561834427761116
4533.04,-0.25958580789318036,-0.2561834427761116
4535.74,-0.25927082678276636,-0.2561834427761116
4538.54,-0.25917551151842927,-0.2561834427761116
4541.04,-0.2590638490225695,-0.2561834427761116
4546.24,-0.2586728209655761,-0.2561834427761116
4548.84,-0.25850751890976914,-0.2561834427761116
4551.4400000000005,-0.25831243485329064,-0.2561834427761116
4554.34,-0.2581251006506087,-0.2561834427761116
4556.84,-0.2579467921854298,-0.2561834427761116
4559.64,-0.25771375137487934,-0.2561834427761116
4562.14,-0.25752813410498854,-0.2561834427761116
4564.64,-0.257396048092181,-0.2562808704040279
4567.14,-0.2572436093371161,-0.256459951235961
4569.64,-0.2570586615733957,-0.25655200352827684
4572.34,-0.2569375419190045,-0.25678245288480905
4574.9400000000005,-0.25680905918267616,-0.25680905918267616
4579.9400000000005,-0.256459951235961,-0.2569375419190045
4582.4400000000005,-0.2561834427761116,-0.2569662236320078
4585.04,-0.25604246513097817,-0.2570586615733957
4587.74,-0.2559760573215986,-0.257184543112903
4594.24,-0.255458858884454,-0.2572436093371161
4601.74,-0.25492071840440367,-0.2572436093371161
4609.74,-0.2542134586717674,-0.2572436093371161
4612.14,-0.2540185329144964,-0.2572436093371161
4614.84,-0.25426196543437607,-0.2572436093371161
4617.4400000000005,-0.2544804541352634,-0.2572436093371161
4620.24,-0.2547557970634289,-0.2572436093371161
4622.74,-0.2550473377194428,-0.2572436093371161
4627.9400000000005,-0.25549355077479025,-0.2572436093371161
4630.4400000000005,-0.25576536809587275,-0.2572436093371161
4633.14,-0.2559931738584714,-0.2572436093371161
4635.64,-0.2562808704040279,-0.2572436093371161
4638.34,-0.25655200352827684,-0.2572436093371161
4640.9400000000005,-0.25678245288480905,-0.2572436093371161
4643.54,-0.2569662236320078,-0.2572436093371161
4646.04,-0.257184543112903,-0.2572436093371161
4648.84,-0.25742546942841776,-0.2572436093371161
4651.4400000000005,-0.2578347406391417,-0.2572436093371161
4653.84,-0.25813386116334813,-0.2572436093371161
4656.54,-0.25844780911273624,-0.2572436093371161
4661.64,-0.25901360129983514,-0.2572436093371161
4664.14,-0.2592877624904707,-0.2572436093371161
4667.04,-0.2596023160696336,-0.2572436093371161
4669.74,-0.2599779421001476,-0.2572436093371161
4676.24,-0.2606386915402344,-0.2572436093371161
4683.84,-0.261394878860764,-0.2572436093371161
4691.84,-0.2624295959420118,-0.2572436093371161
4694.54,-0.2626891598054476,-0.2572436093371161
4697.04,-0.262685479627895,-0.257184543112903
4699.84,-0.26265441494678166,-0.2570586615733957
4702.4400000000005,-0.2624650355984456,-0.2569662236320078
4705.04,-0.26225505493937684,-0.2569375419190045
4710.64,-0.261899246873746,-0.25684497638617765
4713.04,-0.26168547975849793,-0.25680905918267616
4715.84,-0.26154694910425763,-0.25678245288480905
4718.24,-0.2613916978911879,-0.25655200352827684
4720.74,-0.2612231753590117,-0.256459951235961
4723.4400000000005,-0.26105477237106706,-0.2562808704040279
4726.04,-0.26081482608935996,-0.25625220044735575
4728.4400000000005,-0.26056424176790094,-0.2561834427761116
4731.14,-0.2603399755030253,-0.25604246513097817
4733.84,-0.2602880246337004,-0.2559931738584714
4736.4400000000005,-0.2600548830062782,-0.2559760573215986
4739.04,-0.25981097163988665,-0.25588829896928295
4744.54,-0.2595055247205562,-0.25576536809587275
4747.04,-0.25925575189752315,-0.25549355077479025
4749.64,-0.2590508084771229,-0.255458858884454
4752.4400000000005,-0.25878094228904636,-0.25535034515998356
4758.84,-0.2583995310957223,-0.2550473377194428
4766.24,-0.25788607114236767,-0.25492071840440367
4774.34,-0.2572724431614949,-0.2548947114458892
4776.84,-0.25684497638617765,-0.2547557970634289
4779.24,-0.25625220044735575,-0.2544804541352634
4781.9400000000005,-0.25588829896928295,-0.2544804541352634
4784.4400000000005,-0.25535034515998356,-0.2544804541352634
4787.14,-0.2548947114458892,-0.2544804541352634
4792.04,-0.25430072012161276,-0.25430072012161276
4794.74,-0.253961695436215,-0.253961695436215
4797.34,-0.25364861886383316,-0.25364861886383316
4800.04,-0.25327977352769077,-0.25327977352769077
4802.64,-0.252849822298429,-0.252849822298429
4805.34,-0.2525772902956985,-0.2525772902956985
4808.04,-0.2521668906518819,-0.2521668906518819
4810.64,-0.25176180714954055,-0.25176180714954055
4813.24,-0.25152062390582713,-0.25152062390582713
4816.04,-0.2510005613248441,-0.2510005613248441
4818.64,-0.2505506880065071,-0.2505506880065071
4821.34,-0.2502824808141066,-0.2502824808141066
4826.24,-0.2495607272991886,-0.2495607272991886
4828.9400000000005,-0.2491434954777396,-0.2491434954777396
4831.54,-0.24886511540069464,-0.24886511540069464
4834.34,-0.24845512071471296,-0.24845512071471296
4840.74,-0.2475504103051053,-0.2475504103051053
4848.4400000000005,-0.24645762484909592,-0.24742649130076044
4856.54,-0.24535924232235068,-0.24742649130076044
4859.04,-0.245258983685814,-0.24742649130076044
4861.4400000000005,-0.24503444945781036,-0.24735879599723679
4864.14,-0.24459381338385852,-0.24718229534212316
4866.74,-0.24429254434702924,-0.2470277928214459
4869.54,-0.24399794451514656,-0.2469208142919772
4874.74,-0.24295780791447552,-0.24668136333771917
4877.24,-0.24255162600169367,-0.2466760884958897
4879.84,-0.24215593567100918,-0.2466760884958897
4882.24,-0.24186857121374242,-0.2466760884958897
4884.74,-0.24145347200943942,-0.2466760884958897
4887.34,-0.2410926837509826,-0.2466760884958897
4889.9400000000005,-0.240741170721585,-0.2466760884958897
4892.54,-0.2403260546092087,-0.2466760884958897
4895.14,-0.24006442104753573,-0.2466760884958897
4897.64,-0.23966141108920166,-0.2466760884958897
4900.24,-0.23928991169803643,-0.2466760884958897
4902.74,-0.23899904867977434,-0.2466760884958897
4908.04,-0.2382452051825038,-0.2466760884958897
4910.74,-0.23783800425799537,-0.2466760884958897
4913.4400000000005,-0.23746709897094606,-0.2466760884958897
4916.4400000000005,-0.23720632810082334,-0.2466760884958897
4922.84,-0.23613026910101279,-0.2466760884958897
4930.54,-0.23495508326370393,-0.2466760884958897
4938.54,-0.2335960983050559,-0.2466760884958897
4941.04,-0.23294607158192862,-0.2466760884958897
4943.64,-0.23354500804709422,-0.2466760884958897
4946.24,-0.23412302795224707,-0.2466760884958897
4948.64,-0.23465781979290173,-0.2466760884958897
4951.24,-0.23511994783185308,-0.2466760884958897
4956.54,-0.23642209229290115,-0.2466760884958897
4958.9400000000005,-0.23692786064315327,-0.2466760884958897
4961.84,-0.23756363385316462,-0.2466760884958897
4964.4400000000005,-0.23795253505943834,-0.2466760884958897
4967.04,-0.23844232973359777,-0.2466760884958897
4969.64,-0.23870182636159074,-0.2466760884958897
4972.34,-0.23914131362141924,-0.2466760884958897
4974.84,-0.23941939354482564,-0.2466760884958897
4977.4400000000005,-0.23990861520310666,-0.2466760884958897
4980.04,-0.24034001314955336,-0.2466760884958897
4982.4400000000005,-0.2407255200915905,-0.2466760884958897
4985.24,-0.24107267220725181,-0.2466760884958897
4990.54,-0.24198104406148696,-0.2466760884958897
4993.04,-0.24229720735609558,-0.2466760884958897
4995.84,-0.24278949543892142,-0.2466760884958897
4998.74,-0.24311086673228158,-0.2466760884958897
5005.34,-0.24428296688580006,-0.2466760884958897
5012.9400000000005,-0.2455885617236476,-0.2466760884958897
5020.84,-0.2470277928214459,-0.2466760884958897
5023.54,-0.24742649130076044,-0.2466760884958897
5026.04,-0.24747245326894815,-0.24668136333771917
5028.84,-0.24757603070958162,-0.24675443369477185
5031.34,-0.24735879599723679,-0.24684024635661223
5034.04,-0.24718229534212316,-0.2469208142919772
5039.04,-0.2469208142919772,-0.24694472161692346
5041.54,-0.2466760884958897,-0.24694633937363536
5044.04,-0.24668136333771917,-0.2470277928214459
5046.84,-0.24664361202193785,-0.24707780390855907
5049.24,-0.24675443369477185,-0.24708065211532265
5052.04,-0.24684024635661223,-0.24710869049885043
5054.64,-0.24694472161692346,-0.24717783038763194
5057.14,-0.24694633937363536,-0.2471813980453041
5059.74,-0.24707780390855907,-0.24718229534212316
5062.24,-0.24708065211532265,-0.24721676924144348
5064.9400000000005,-0.24717783038763194,-0.24734036773346213
5067.54,-0.24710869049885043,-0.24735879599723679
5072.84,-0.2471813980453041,-0.24742618863098548
5075.54,-0.24721676924144348,-0.24742649130076044
5078.14,-0.24734036773346213,-0.24747245326894815
5081.14,-0.24742618863098548,-0.2475470246898869
5087.64,-0.2475470246898869,-0.24757603070958162
5095.74,-0.24761484186192492,-0.24761484186192492
5103.4400000000005,-0.24767625919972427,-0.24767625919972427
5105.9400000000005,-0.24794995349284518,-0.24794995349284518
5108.54,-0.24830143082238046,-0.24830143082238046
5111.04,-0.24868551533774474,-0.24868551533774474
5113.84,-0.24914398137266716,-0.24914398137266716
5116.34,-0.2495906016272473,-0.2495906016272473
5121.4400000000005,-0.25050051916900223,-0.25050051916900223
5123.9400000000005,-0.25094824760611956,-0.25094824760611956
5126.64,-0.2513801446205845,-0.2513801446205845
5129.04,-0.2517493804369314,-0.2517493804369314
5131.4400000000005,-0.252105468912705,-0.252105468912705
5134.04,-0.2523919035314968,-0.2523919035314968
5136.64,-0.25278121658538344,-0.25278121658538344
5139.54,-0.25321406908571925,-0.25321406908571925
5142.14,-0.2535985245657016,-0.2535985245657016
5144.74,-0.2539990206418844,-0.2539990206418844
5147.24,-0.25435309520791854,-0.25435309520791854
5149.84,-0.25481382051332396,-0.25481382051332396
5154.84,-0.25566370277586453,-0.25481382051332396
5157.54,-0.2560472406714401,-0.25481382051332396
5160.04,-0.25633326125855854,-0.25481382051332396
5163.04,-0.2567900382577047,-0.25481382051332396
5169.4400000000005,-0.2577915668488344,-0.25481382051332396
5177.04,-0.2588843122498405,-0.25481382051332396
5185.14,-0.26017616977925206,-0.25481382051332396
5187.54,-0.2605446431493219,-0.25481382051332396
5190.34,-0.261058460222173,-0.25481382051332396
5192.9400000000005,-0.2615285670197881,-0.25481382051332396
5195.54,-0.2621355417523295,-0.25481382051332396
5198.24,-0.26234007333767134,-0.25481382051332396
5203.54,-0.26330967247785303,-0.25481382051332396
5205.9400000000005,-0.2637586419177645,-0.25481382051332396
5208.54,-0.2641714175674348,-0.25481382051332396
5210.9400000000005,-0.2645944724166304,-0.25481382051332396
5213.54,-0.26500303011401904,-0.25481382051332396
5216.14,-0.26536817524320955,-0.25481382051332396
5218.84,-0.26579912502259195,-0.25481382051332396
5221.34,-0.26618033563963855,-0.25481382051332396
5223.9400000000005,-0.26659018267425555,-0.25481382051332396
5226.54,-0.2669974874348488,-0.25481382051332396
5228.9400000000005,-0.26738604841645497,-0.25481382051332396
5231.54,-0.26782349981624604,-0.25481382051332396
5236.54,-0.26845746421389427,-0.25494891700228733
5239.24,-0.26898052285754476,-0.2556327534473567
5241.84,-0.2693559438827749,-0.25566370277586453
5244.74,-0.26977390555088726,-0.25570977094273367
5251.04,-0.2708216194553386,-0.2560472406714401
5258.64,-0.2720308784917474,-0.25633326125855854
5266.84,-0.2732014543385641,-0.25663148927828305
5269.34,-0.2736552925284577,-0.2567900382577047
5272.04,-0.27279844578123047,-0.2570233559269063
5274.74,-0.2719300009374895,-0.2577915668488344
5277.4400000000005,-0.2711003005303594,-0.2582879077394828
5280.74,-0.27006421873299274,-0.2582879077394828
5286.04,-0.26808651538377115,-0.2582879077394828
5288.54,-0.26723416756182267,-0.2582879077394828
5291.14,-0.2662498246746404,-0.2582879077394828
5293.64,-0.26541282186352166,-0.2582879077394828
5296.04,-0.2645275607322085,-0.2582879077394828
5298.64,-0.2635791731185372,-0.2582879077394828
5301.14,-0.2627287830585864,-0.2582879077394828
5303.64,-0.26186975697554393,-0.2582879077394828
5306.24,-0.2609654489036497,-0.2582879077394828
5308.64,-0.2600463940600992,-0.2582879077394828
5311.14,-0.25923045658100197,-0.2582879077394828
5313.74,-0.2583390676608543,-0.2582879077394828
5318.74,-0.25663148927828305,-0.2582879077394828
5321.24,-0.2556327534473567,-0.2582879077394828
5324.04,-0.2545909923540797,-0.2582879077394828
5326.84,-0.2535996587898712,-0.2582879077394828
5333.54,-0.2512979448318954,-0.2582879077394828
5341.24,-0.2484808224443194,-0.2582879077394828
5349.14,-0.24560900530063073,-0.2582879077394828
5351.74,-0.24456460327841792,-0.2582879077394828
5354.14,-0.24474616296663654,-0.25784157995984286
5356.9400000000005,-0.24530562029738628,-0.25744208973725846
5359.4400000000005,-0.24568261840563163,-0.2570469917805454
5362.34,-0.24621430381327,-0.2570233559269063
5367.54,-0.24713785921116474,-0.25663148927828305
5370.04,-0.24755546237158638,-0.25659930245223084
5372.84,-0.24819671476326877,-0.25626412376663776
5375.24,-0.24863861582942431,-0.2558756438014986
5377.74,-0.2491065448011788,-0.2558756438014986
5380.54,-0.24949643601221014,-0.2558756438014986
5383.04,-0.2502808987015754,-0.2558756438014986
5385.74,-0.25074052603189834,-0.2558756438014986
5388.34,-0.2512281317380034,-0.2558756438014986
5391.14,-0.2518594035493279,-0.2558756438014986
5393.64,-0.2524292626216686,-0.2558756438014986
5396.34,-0.2529057054926086,-0.2558756438014986
5401.24,-0.254004424802746,-0.2558756438014986
5403.9400000000005,-0.25454447166067773,-0.2558756438014986
5406.54,-0.25494891700228733,-0.2558756438014986
5409.4400000000005,-0.25570977094273367,-0.2558756438014986
5415.84,-0.2570233559269063,-0.2558756438014986
5423.54,-0.25871455758814704,-0.2558756438014986
5431.64,-0.2604732663703698,-0.2558756438014986
5434.24,-0.26099311357527716,-0.2558756438014986
5436.74,-0.2606394334428911,-0.2558756438014986
5439.34,-0.2600720019272874,-0.2558756438014986
5442.04,-0.2596528616541889,-0.2558756438014986
5444.64,-0.2591403331469369,-0.2558756438014986
5449.84,-0.2582879077394828,-0.2558756438014986
5452.54,-0.25784157995984286,-0.2558756438014986
5455.14,-0.25744208973725846,-0.2558756438014986
5457.64,-0.2570469917805454,-0.2558756438014986
5460.24,-0.25659930245223084,-0.2558756438014986
5462.74,-0.25626412376663776,-0.2558756438014986
5465.34,-0.25581237711419313,-0.2558756438014986
5467.84,-0.25556119472053834,-0.2558756438014986
5470.4400000000005,-0.255013832818597,-0.2558756438014986
5473.04,-0.254737032833242,-0.2558756438014986
5475.54,-0.2543424553226567,-0.2558756438014986
5478.24,-0.2538341052047121,-0.2558756438014986
5483.34,-0.2530478982515882,-0.2558756438014986
5485.84,-0.25259600296710855,-0.2558756438014986
5488.54,-0.2521904102360372,-0.2558756438014986
5491.4400000000005,-0.25182398799174804,-0.25581237711419313
5497.9400000000005,-0.2506808909779431,-0.25581237711419313
5505.54,-0.24946626764958815,-0.25581237711419313
5513.4400000000005,-0.24812339072105521,-0.25581237711419313
5515.84,-0.24783243132438054,-0.25581237711419313
5518.54,-0.2486678207068662,-0.25581237711419313
5521.14,-0.24949333735655466,-0.25581237711419313
5524.04,-0.25033472876182583,-0.25581237711419313
5526.64,-0.2511105116462754,-0.25581237711419313
5531.74,-0.25250177895155,-0.25581237711419313
5534.54,-0.2533464529861349,-0.25581237711419313
5537.04,-0.25383736801192647,-0.25581237711419313
5539.74,-0.2547644448322538,-0.25581237711419313
5542.24,-0.2553122074367611,-0.25581237711419313
5544.84,-0.2558756438014986,-0.25581237711419313
5547.54,-0.2565912088604335,-0.25581237711419313
5549.9400000000005,-0.2571689295618605,-0.25581237711419313
5552.54,-0.2577885401227504,-0.25581237711419313
5554.9400000000005,-0.25833594690258493,-0.25581237711419313
5557.4400000000005,-0.2591259869970227,-0.25581237711419313
5560.04,-0.2597849498613639,-0.25581237711419313
5564.9400000000005,-0.2609452315034347,-0.25581237711419313
5567.54,-0.26157872481119593,-0.25581237711419313
5570.14,-0.26220030413546325,-0.25581237711419313
5573.04,-0.2629236204951109,-0.25581237711419313
5579.4400000000005,-0.26454013259406733,-0.25581237711419313
5586.9400000000005,-0.26640674807214704,-0.25581237711419313
5595.14,-0.26839245560602326,-0.25581237711419313
5597.64,-0.2694426978954416,-0.25556119472053834
5600.34,-0.2688436465689162,-0.2553122074367611
5602.9400000000005,-0.26818292530774335,-0.25519460133300786
5605.34,-0.2674781357397375,-0.255013832818597
5607.9400000000005,-0.2668863909330132,-0.2547644448322538
5613.04,-0.2658142213633649,-0.254737032833242
5615.64,-0.2651722156075095,-0.2543424553226567
5618.34,-0.2647963033635803,-0.25383839506081785
5620.74,-0.2640666066354185,-0.25383736801192647
5623.24,-0.2634878494593248,-0.2538341052047121
5625.9400000000005,-0.2629170619478407,-0.2533464529861349
5628.54,-0.2623794359989635,-0.2533384375837577
5631.24,-0.26183396203313375,-0.25333139217952405
5633.9400000000005,-0.2614734910150367,-0.25331811424885636
5636.54,-0.26066000376001064,-0.2533050275459188
5638.9400000000005,-0.26019472835194457,-0.2532623004941015
5641.84,-0.2596017980379773,-0.2532623004941015
5647.04,-0.2584224496405745,-0.2532623004941015
5649.54,-0.25808752843328736,-0.2532623004941015
5652.04,-0.2577576988106779,-0.2532623004941015
5654.9400000000005,-0.25728029337382813,-0.2533050275459188
5661.34,-0.25634591818268754,-0.25331811424885636
5668.84,-0.25519460133300786,-0.25333139217952405
5677.24,-0.25383839506081785,-0.2533384375837577
5679.74,-0.2532623004941015,-0.2533464529861349
5682.34,-0.25333139217952405,-0.2537491703961605
5684.9400000000005,-0.25331811424885636,-0.25383736801192647
5687.54,-0.2533050275459188,-0.25383839506081785
5690.14,-0.2533384375837577,-0.2540440637365293
5695.24,-0.25323351076482387,-0.2545654546562632
5697.74,-0.25309310291098874,-0.2547644448322538
5700.34,-0.253059028390822,-0.25519460133300786
5702.84,-0.25298635984265855,-0.2553122074367611
5705.24,-0.2528637649615125,-0.25560970310528364
5708.04,-0.25260120770139566,-0.2558756438014986
5710.64,-0.252473725921048,-0.25634591818268754
5713.24,-0.25237192518369767,-0.2565912088604335
5715.9400000000005,-0.25227130924584396,-0.25672779016424696
5718.74,-0.25206810930318924,-0.2571689295618605
5721.14,-0.2517478071818997,-0.25728029337382813
5723.74,-0.2516365939907215,-0.25728029337382813
5726.24,-0.2514493297448259,-0.25728029337382813
5729.04,-0.25109131665498907,-0.25728029337382813
5731.64,-0.25070743524503286,-0.25728029337382813
5734.34,-0.2503490768597517,-0.25728029337382813
5740.84,-0.2495642053718948,-0.25728029337382813
5748.34,-0.2485826527189096,-0.25728029337382813
5756.14,-0.24758020734463967,-0.25728029337382813
5758.9400000000005,-0.2470984176713782,-0.25728029337382813
5761.4400000000005,-0.24726246976683575,-0.25728029337382813
5764.04,-0.2475013746202713,-0.25728029337382813
5766.74,-0.24786967231670565,-0.25728029337382813
5769.24,-0.2480660125928612,-0.25728029337382813
5774.24,-0.2486615582361315,-0.25728029337382813
5776.74,-0.24891970083987955,-0.25728029337382813
5779.24,-0.24924469852352094,-0.25728029337382813
5781.74,-0.24963917839731747,-0.25728029337382813
5784.34,-0.2499935356450788,-0.25728029337382813
5787.04,-0.250403585306058,-0.25728029337382813
5789.84,-0.2508418059826217,-0.25728029337382813
5792.24,-0.2511327133264779,-0.25728029337382813
5795.04,-0.2515241446767269,-0.25728029337382813
5797.54,-0.2519771358174527,-0.25728029337382813
5799.9400000000005,-0.25239276648426123,-0.25728029337382813
5802.64,-0.2528005856322283,-0.25728029337382813
5805.14,-0.2532449051582311,-0.25728029337382813
5807.84,-0.2537491703961605,-0.25728029337382813
5810.4400000000005,-0.2540440637365293,-0.25728029337382813
5813.24,-0.2545654546562632,-0.25728029337382813
5819.74,-0.25560970310528364,-0.25728029337382813
5827.24,-0.25672779016424696,-0.25728029337382813
5835.54,-0.25800381492779906,-0.25800381492779906
5838.04,-0.2587319388672923,-0.2587319388672923
5840.74,-0.2594008891778034,-0.2594008891778034
5843.34,-0.25985425031072024,-0.25985425031072024
5845.74,-0.2602785569995822,-0.2602785569995822
5848.24,-0.2606187563550043,-0.2606187563550043
5853.24,-0.26154911483807947,-0.26154911483807947
5855.9400000000005,-0.26198708580971347,-0.26198708580971347
5858.84,-0.26267507786222427,-0.26267507786222427
5861.34,-0.2631646686197069,-0.2631646686197069
5864.14,-0.2637827677954746,-0.2637827677954746
5866.74,-0.2643388285805788,-0.2643388285805788
5869.34,-0.2649194384831321,-0.2649194384831321
5871.74,-0.2654112895044783,-0.2654112895044783
5874.54,-0.2660577479231914,-0.2660577479231914
5877.04,-0.26643025624604344,-0.26643025624604344
5879.4400000000005,-0.2669574108418676,-0.2669574108418676
5882.14,-0.26740348846618883,-0.26740348846618883
5884.64,-0.2678863607569055,-0.2678863607569055
5887.54,-0.2684931602536576,-0.2684931602536576
5890.14,-0.2690415489193429,-0.2690415489193429
5893.24,-0.26960397334379965,-0.26960397334379965
5899.54,-0.27090220587546876,-0.27090220587546876
5907.84,-0.27261228766809853,-0.27261228766809853
5915.74,-0.27419651923131017,-0.27419651923131017
5918.4400000000005,-0.2745712040053162,-0.2745712040053162
5920.9400000000005,-0.2752285062459523,-0.2752285062459523
5923.54,-0.27600513209947813,-0.27600513209947813
5926.04,-0.2767200791671081,-0.2767200791671081
5928.64,-0.27747115431051644,-0.27747115431051644
5933.74,-0.27882497889436386,-0.27882497889436386
5936.34,-0.2794862330036691,-0.2794862330036691
5938.9400000000005,-0.28020790264676076,-0.28020790264676076
5941.34,-0.28068764134475693,-0.28068764134475693
5943.74,-0.2813649737676789,-0.2813649737676789
5946.34,-0.2819206469668114,-0.2819206469668114
5948.84,-0.28239793194961704,-0.28239793194961704
5951.34,-0.28298238154157584,-0.28298238154157584
5953.9400000000005,-0.28343485357987347,-0.28343485357987347
5956.54,-0.2843025305199844,-0.2843025305199844
5958.9400000000005,-0.2849164346520141,-0.2849164346520141
5961.74,-0.28542720626486967,-0.28542720626486967
5964.24,-0.2862053494233899,-0.2862053494233899
5967.04,-0.28684194986815975,-0.28684194986815975
5969.64,-0.2874728151807294,-0.286913948811986
5972.54,-0.2881615790159809,-0.286913948811986
5978.9400000000005,-0.2894319158577638,-0.286913948811986
5986.64,-0.2914405758257066,-0.286913948811986
5994.84,-0.29345759494161927,-0.286913948811986
5997.34,-0.294056985050729,-0.286913948811986
6000.04,-0.2941514110005755,-0.286913948811986
6002.64,-0.29411573759411963,-0.286913948811986
6005.14,-0.2941645494917674,-0.286913948811986
6007.74,-0.29434054566193457,-0.286913948811986
6012.84,-0.2945144855208766,-0.286913948811986
6015.34,-0.2947041337924311,-0.286913948811986
6017.9400000000005,-0.2948280567979416,-0.286913948811986
6020.54,-0.29487772492557485,-0.286913948811986
6023.04,-0.2949553954936681,-0.286913948811986
6025.74,-0.2952187170323622,-0.286913948811986
6028.34,-0.2952650703683883,-0.28711390625821187
6031.04,-0.295526746017951,-0.2874171214197937
6033.64,-0.29551399382585825,-0.2874728151807294
6036.24,-0.29572456057674784,-0.2875964702515897
6038.74,-0.29582767844026825,-0.2878430763285303
6041.34,-0.29590841771744925,-0.2880002745273159
6043.9400000000005,-0.29615996140929574,-0.2880835535625602
6046.4400000000005,-0.2961669211902267,-0.2881615790159809
6049.04,-0.29610357498347756,-0.2882300945646986
6051.84,-0.29636904724655405,-0.28861243718579976
6058.24,-0.29665609481190175,-0.28867092192332144
6066.04,-0.29687088914158866,-0.2887322703207327
6073.84,-0.2972141071389158,-0.2888802942120811
6076.34,-0.2973419763086249,-0.2888802942120811
6079.04,-0.2969255048762032,-0.2888802942120811
6081.64,-0.2965803346449314,-0.2888802942120811
6084.24,-0.29608877251068294,-0.2888802942120811
6086.84,-0.2955056492250354,-0.2888802942120811
6091.9400000000005,-0.2946565230534046,-0.2888802942120811
6094.4400000000005,-0.29409296847172295,-0.2888802942120811
6097.04,-0.29359755640356305,-0.2888802942120811
6099.54,-0.29326316656900503,-0.2888802942120811
6101.9400000000005,-0.2928394305865717,-0.2888802942120811
6104.54,-0.2924343148073754,-0.2888802942120811
6107.04,-0.2920142244488336,-0.2888802942120811
6109.84,-0.2915652638252758,-0.2888802942120811
6112.34,-0.2912345993291992,-0.2888802942120811
6115.04,-0.2907498548634137,-0.2888802942120811
6117.64,-0.2903791536620874,-0.2888802942120811
6120.34,-0.2898860599002058,-0.2888802942120811
6122.74,-0.2893999675697465,-0.2888802942120811
6125.54,-0.2888802942120811,-0.2888802942120811
6128.14,-0.28867092192332144,-0.2888802942120811
6131.04,-0.2880835535625602,-0.2888802942120811
6137.54,-0.286913948811986,-0.2888802942120811
6145.14,-0.2858081813850433,-0.2888802942120811
6153.4400000000005,-0.2845040836803531,-0.2888802942120811
6155.9400000000005,-0.28388594913534415,-0.2887322703207327
6158.54,-0.2841168018731207,-0.28867092192332144
6161.24,-0.28457724748618457,-0.28861243718579976
6163.84,-0.2845774779811236,-0.2882300945646986
6166.4400000000005,-0.2847351096346076,-0.2880835535625602
6171.54,-0.2851832958534632,-0.2880002745273159
6173.9400000000005,-0.2854252909904191,-0.2878430763285303
6176.84,-0.2856029825693123,-0.2876481243921147
6179.34,-0.2857827692926774,-0.2875964702515897
6182.14,-0.28613459124774365,-0.2874171214197937
6184.74,-0.28631286346927004,-0.28711390625821187
6187.54,-0.28655761951299086,-0.286913948811986
6189.9400000000005,-0.286731013665485,-0.286731013665485
6192.84,-0.28711390625821187,-0.28655761951299086
6195.34,-0.2874171214197937,-0.28631286346927004
6197.74,-0.2875964702515897,-0.28613459124774365
6200.34,-0.2878430763285303,-0.286076657177335
6202.74,-0.2880002745273159,-0.2858081813850433
6205.34,-0.2882300945646986,-0.2857827692926774
6207.9400000000005,-0.28861243718579976,-0.2856029825693123
6210.84,-0.2887322703207327,-0.2854252909904191
6217.4400000000005,-0.28942970441692173,-0.2851832958534632
6224.9400000000005,-0.290110646931212,-0.2847351096346076
6233.04,-0.2907415521956189,-0.2845774779811236
6235.54,-0.2913280791805813,-0.28457724748618457
6238.04,-0.2895503907607643,-0.2845040836803531
6240.74,-0.2876481243921147,-0.28420954936348525
6243.24,-0.286076657177335,-0.2841168018731207
6246.04,-0.28420954936348525,-0.28388594913534415
6251.24,-0.2809601683248709,-0.2809601683248709
6253.74,-0.27939320895739056,-0.27939320895739056
6256.54,-0.2778323110400217,-0.2778323110400217
6259.04,-0.27613136072998806,-0.27613136072998806
6261.54,-0.27441509037130724,-0.27613136072998806
6264.14,-0.2727208234365062,-0.27613136072998806
6266.74,-0.2709479831324051,-0.27613136072998806
6269.4400000000005,-0.2693894975339396,-0.27613136072998806
6272.04,-0.26751405100346626,-0.27613136072998806
6274.64,-0.2658143831382306,-0.27613136072998806
6277.04,-0.26422693144403,-0.27613136072998806
6279.64,-0.2624678187919354,-0.27613136072998806
6282.24,-0.2608151988846483,-0.27613136072998806
6284.84,-0.25904044550930916,-0.27613136072998806
6287.64,-0.25718389404964453,-0.27613136072998806
6290.24,-0.25540385658407344,-0.27613136072998806
6296.64,-0.25110786392250745,-0.27613136072998806
6304.4400000000005,-0.2458337782403666,-0.27613136072998806
6312.34,-0.24053566015221148,-0.27613136072998806
6315.04,-0.23864073645992998,-0.27613136072998806
6317.54,-0.2399842125829944,-0.27613136072998806
6320.34,-0.24149591952780247,-0.27613136072998806
6322.74,-0.2425898977360383,-0.27613136072998806
6325.34,-0.24388275251836497,-0.27606747286486727
6330.54,-0.2462736631715938,-0.27567175258501636
6333.34,-0.24750176976322516,-0.2755333259318692
6335.84,-0.24870130756788136,-0.27545052183677554
6338.54,-0.24993732613975977,-0.27530565933029133
6341.04,-0.2510351870992041,-0.2750631557555742
6343.84,-0.2522360066923931,-0.27481454141575756
6346.4400000000005,-0.25327838053633167,-0.2747270442567808
6348.84,-0.2544489725246321,-0.2744447258961558
6351.4400000000005,-0.25543436148782905,-0.27441509037130724
6353.84,-0.25661278646314134,-0.2742767810440417
6356.34,-0.25766342699971073,-0.27403084022098056
6359.04,-0.2588427177829981,-0.2739524246880589
6361.84,-0.26005305152189967,-0.2738160424272631
6364.4400000000005,-0.2611877199473313,-0.2737558007516634
6367.04,-0.26228165165073514,-0.27303042466793015
6369.74,-0.2634777659730661,-0.27285237294680037
6376.04,-0.2661210138380127,-0.2727208234365062
6383.9400000000005,-0.2693646236219937,-0.27216697719229976
6391.9400000000005,-0.27285237294680037,-0.27136882557577835
6394.4400000000005,-0.2738160424272631,-0.2709479831324051
6397.04,-0.2739524246880589,-0.2705960694539916
6399.64,-0.27403084022098056,-0.26981402668993926
6402.24,-0.2742767810440417,-0.2693894975339396
6404.84,-0.2744447258961558,-0.2693646236219937
6409.9400000000005,-0.27481454141575756,-0.269093915913517
6412.4400000000005,-0.2750631557555742,-0.26824979178435854
6415.04,-0.27530565933029133,-0.26751405100346626
6417.54,-0.27545052183677554,-0.26751405100346626
6419.9400000000005,-0.27567175258501636,-0.26751405100346626
6422.54,-0.27606747286486727,-0.26751405100346626
6425.04,-0.27620904529763085,-0.26751405100346626
6427.74,-0.27655815500751985,-0.26751405100346626
6430.34,-0.2768724402928303,-0.26751405100346626
6432.84,-0.27714328922436504,-0.26751405100346626
6435.4400000000005,-0.27739069564772345,-0.26751405100346626
6437.9400000000005,-0.27757743953787584,-0.2675816581910694
6440.64,-0.2777961411405878,-0.26824979178435854
6443.24,-0.2779859727804853,-0.26847376074041973
6445.9400000000005,-0.2784804336967092,-0.269093915913517
6448.74,-0.2787915053978879,-0.2693646236219937
6455.4400000000005,-0.2794814762613842,-0.2695598274034182
6463.14,-0.2803144695656055,-0.26981402668993926
6471.04,-0.28120541926774134,-0.2705723680709922
6473.74,-0.2813774107935723,-0.2705960694539916
6476.24,-0.2807162554777487,-0.27136882557577835
6478.84,-0.2798341193260146,-0.271456945193224
6481.34,-0.2789699003302369,-0.27216697719229976
6483.9400000000005,-0.278202082237163,-0.2724898503050508
6489.04,-0.2763985897259687,-0.27285237294680037
6491.54,-0.2755333259318692,-0.27303042466793015
6494.34,-0.2747270442567808,-0.27344140662778715
6497.14,-0.2737558007516634,-0.2737558007516634
6499.64,-0.27303042466793015,-0.2738160424272631
6502.34,-0.27216697719229976,-0.2739524246880589
6504.9400000000005,-0.27136882557577835,-0.27403084022098056
6507.34,-0.2705960694539916,-0.2742767810440417
6509.9400000000005,-0.26981402668993926,-0.2744447258961558
6512.34,-0.269093915913517,-0.27452643399242943
6515.04,-0.26824979178435854,-0.2747270442567808
6517.64,-0.26744517938341744,-0.27481454141575756
6520.34,-0.2665498216805887,-0.2750631557555742
6522.9400000000005,-0.2658368035261662,-0.27530565933029133
6525.64,-0.2649455234478004,-0.27545052183677554
6528.24,-0.2641314406683261,-0.2755279332637629
6534.74,-0.26206624613074236,-0.2755333259318692
6542.54,-0.25952101676150074,-0.27567175258501636
6550.64,-0.25682470107706346,-0.2757937298014275
6553.24,-0.25615059900593024,-0.2757937298014275
6555.84,-0.25711168246411736,-0.2757937298014275
6558.54,-0.25826301121927814,-0.2757937298014275
6560.9400000000005,-0.25923669788505066,-0.2757937298014275
6563.84,-0.2604668385166712,-0.2757937298014275
6568.84,-0.26252880685487034,-0.2757937298014275
6571.24,-0.2634174667329127,-0.2757937298014275
6573.84,-0.2644943477826855,-0.2757937298014275
6576.54,-0.26559966675357666,-0.2757937298014275
6579.04,-0.2664578420798451,-0.2757937298014275
6581.84,-0.2675816581910694,-0.2757937298014275
6584.4400000000005,-0.26847376074041973,-0.2757937298014275
6586.9400000000005,-0.2695598274034182,-0.2757937298014275
6589.64,-0.2705723680709922,-0.2755333259318692
6592.04,-0.271456945193224,-0.2755279332637629
6594.84,-0.2724898503050508,-0.27499818337493437
6597.4400000000005,-0.27344140662778715,-0.2747270442567808
6600.04,-0.27452643399242943,-0.27452643399242943
6602.64,-0.2755279332637629,-0.2743879303044799
6605.34,-0.27655383655041554,-0.2738549662280394
6608.04,-0.27761835433881926,-0.2737558007516634
6614.4400000000005,-0.28003819745186476,-0.27344140662778715
6622.4400000000005,-0.2830938965725248,-0.27304638512313306
6630.4400000000005,-0.28630506610187556,-0.27303042466793015
6633.14,-0.287352251449898,-0.2725289064479059
6635.54,-0.28716760628620835,-0.2724898503050508
6638.34,-0.2868900621966389,-0.27216697719229976
6640.84,-0.28654353669440435,-0.27187379580686655
6643.64,-0.28625342537884685,-0.271456945193224
6648.64,-0.28557491478698965,-0.2713822462336797
6651.24,-0.2853009047714891,-0.27136882557577835
6653.9400000000005,-0.28497300259959274,-0.2709437459251546
6656.54,-0.2845321082364541,-0.2705960694539916
6658.9400000000005,-0.2842509614301667,-0.2705723680709922
6661.84,-0.2838061339755761,-0.2703621396025535
6664.4400000000005,-0.28337279963386997,-0.26981727195040167
6667.04,-0.2830169914431038,-0.26981402668993926
6669.64,-0.2826186196097115,-0.2695598274034182
6672.54,-0.28221877770601395,-0.2692496064403789
6675.04,-0.2818708079598166,-0.2692496064403789
6677.84,-0.28136862308849403,-0.2692496064403789
6680.24,-0.2810750189742125,-0.2695598274034182
6683.04,-0.2806386283521728,-0.26959022620708145
6685.64,-0.28028274513104,-0.26981727195040167
6688.54,-0.27979550346660087,-0.2701600974729647
6694.9400000000005,-0.2788375617360303,-0.2703621396025535
6702.54,-0.2777900569088199,-0.2705723680709922
6710.74,-0.27659227131170044,-0.2707988857781662
6713.24,-0.27615512167495465,-0.2709437459251546
6715.64,-0.2757937298014275,-0.2713822462336797
6718.24,-0.27499818337493437,-0.2713836988114108
6720.74,-0.2743879303044799,-0.271456945193224
6723.34,-0.2738549662280394,-0.27187379580686655
6728.34,-0.27304638512313306,-0.2724898503050508
6731.04,-0.2725289064479059,-0.2725289064479059
6733.64,-0.27187379580686655,-0.2728623695075832
6736.24,-0.2713822462336797,-0.27304638512313306
6738.74,-0.2709437459251546,-0.27344140662778715
6741.54,-0.2703621396025535,-0.27344140662778715
6744.14,-0.26981727195040167,-0.27344140662778715
6746.84,-0.2692496064403789,-0.27344140662778715
6749.54,-0.26867827623392543,-0.27344140662778715
6752.34,-0.26826688749952077,-0.27344140662778715
6754.74,-0.26760934439839895,-0.27344140662778715
6757.64,-0.2670091024519156,-0.27344140662778715
6760.04,-0.26646471044933945,-0.27344140662778715
6762.84,-0.26593955915296785,-0.27344140662778715
6765.34,-0.2653741373776645,-0.27324480987343885
6768.14,-0.26492382974052225,-0.27304638512313306
6774.54,-0.2634678808138836,-0.2730201343248571
6782.24,-0.26182042234586245,-0.2728623695075832
6789.9400000000005,-0.2601598132443341,-0.272668466500316
6792.4400000000005,-0.25979629798982534,-0.2725289064479059
6795.04,-0.26041584174622484,-0.27251091245388925
6797.64,-0.2610295231838098,-0.27215803073779626
6800.34,-0.26158099547593056,-0.27187379580686655
6802.74,-0.26195393105826953,-0.2718634273465327
6807.9400000000005,-0.26284959501323657,-0.27161401293867193
6810.34,-0.26325325003984423,-0.2714481315851273
6813.04,-0.26387018698676007,-0.2714481315851273
6815.54,-0.2642873996894721,-0.2714481315851273
6818.24,-0.26491361786079815,-0.2714481315851273
6820.84,-0.2654044776542013,-0.2714481315851273
6823.54,-0.2661556007442603,-0.2714481315851273
6826.04,-0.2667351155484266,-0.2714481315851273
6828.84,-0.26734356069191056,-0.2714481315851273
6831.34,-0.26789442576004974,-0.2714481315851273
6833.74,-0.2683593868049453,-0.2714481315851273
6836.64,-0.26886135715354503,-0.2714481315851273
6839.04,-0.26959022620708145,-0.2714481315851273
6841.54,-0.2701600974729647,-0.2714481315851273
6844.04,-0.2707988857781662,-0.2714481315851273
6846.84,-0.2713836988114108,-0.2714481315851273
6853.34,-0.2728623695075832,-0.2714481315851273
6860.9400000000005,-0.2746721765571744,-0.2714481315851273
6869.4400000000005,-0.27653708138072947,-0.2714481315851273
6871.9400000000005,-0.2768790315466593,-0.2714481315851273
6874.84,-0.2766048225543515,-0.2714481315851273
6877.4400000000005,-0.2762397736657472,-0.2714481315851273
6880.04,-0.2759031184773649,-0.2714481315851273
6882.64,-0.27570083120846645,-0.2714481315851273
6887.74,-0.2752520668271179,-0.2714481315851273
6890.24,-0.2749380130521256,-0.2714481315851273
6892.74,-0.2747536664710714,-0.2714481315851273
6895.24,-0.2744778575485714,-0.2714481315851273
6897.64,-0.2741915561983407,-0.2714481315851273
6900.4400000000005,-0.2738425244129562,-0.2714481315851273
6903.04,-0.2735686911555714,-0.27161401293867193
6905.54,-0.27324480987343885,-0.27164775788037443
6908.14,-0.2730201343248571,-0.2718634273465327
6910.84,-0.272668466500316,-0.27189798885211985
6913.24,-0.27251091245388925,-0.27215803073779626
6916.04,-0.27215803073779626,-0.2722245050247992
6918.54,-0.2718634273465327,-0.27251091245388925
6921.04,-0.27161401293867193,-0.27256435438236476
6923.74,-0.27130286275371396,-0.272668466500316
6926.54,-0.270901252485436,-0.272686867521769
6932.84,-0.27025364291433224,-0.2728623695075832
6940.74,-0.2695024483189277,-0.2729984900963244
6948.64,-0.26862688504395926,-0.2730201343248571
6951.34,-0.26851519583854283,-0.2732215761763385
6953.74,-0.2689171468497902,-0.27324480987343885
6956.54,-0.26928535374229556,-0.273444486572649
6958.9400000000005,-0.2696301166405159,-0.2735686911555714
6961.84,-0.2699749723384268,-0.27372987786932224
6966.74,-0.2705038590202404,-0.2738425244129562
6969.34,-0.27083992084644054,-0.273913373992616
6971.9400000000005,-0.2710287187186186,-0.27416204055733534
6974.74,-0.2714481315851273,-0.2741915561983407
6977.14,-0.27164775788037443,-0.27442608769178267
6979.9400000000005,-0.27189798885211985,-0.2744778575485714
6982.64,-0.2722245050247992,-0.2746721765571744
6985.4400000000005,-0.27256435438236476,-0.2747536664710714
6988.04,-0.272686867521769,-0.2749380130521256
6990.74,-0.2729984900963244,-0.27497867744448534
6993.24,-0.2732215761763385,-0.2752520668271179
6995.9400000000005,-0.273444486572649,-0.2754830948065671
6998.4400000000005,-0.27372987786932224,-0.27549766115452745
7001.04,-0.273913373992616,-0.27550711090971447
7003.64,-0.27416204055733534,-0.2755083732847862
7006.34,-0.27442608769178267,-0.27551120290511166
7012.54,-0.27497867744448534,-0.27551691358310815
7020.4400000000005,-0.27555063825015574,-0.2755175249026458
7028.4400000000005,-0.27626836738998806,-0.275519385946583
7031.04,-0.2765386630765118,-0.27552721215617854
7033.4400000000005,-0.2763443971658724,-0.2755294540053535
7036.24,-0.27634761697797006,-0.2755294540053535
7038.74,-0.27621180388658456,-0.2755294540053535
7041.54,-0.2759648924679272,-0.2755294540053535
7046.54,-0.27580427409424724,-0.2755294540053535
7049.04,-0.2755546254941228,-0.2755294540053535
7051.64,-0.2755683063641715,-0.2755294540053535
7054.34,-0.27551691358310815,-0.27554052558794045
7056.74,-0.27550711090971447,-0.27554118971771696
7059.64,-0.2755294540053535,-0.27555063825015574
7062.14,-0.2754830948065671,-0.2755546254941228
7064.84,-0.275607706178088,-0.2755556229559503
7067.4400000000005,-0.27551120290511166,-0.2755604860030864
7069.84,-0.275519385946583,-0.2755683063641715
7072.54,-0.2755175249026458,-0.27559251435457577
7075.04,-0.27554118971771696,-0.275607706178088
7077.74,-0.27552721215617854,-0.2756230786196545
7080.4400000000005,-0.27549766115452745,-0.27564188953076296
7083.04,-0.27554052558794045,-0.27566367055108426
7085.74,-0.2755083732847862,-0.27580427409424724
7092.04,-0.2755604860030864,-0.2758416635953419
7100.04,-0.2755556229559503,-0.2759648924679272
7107.74,-0.27559251435457577,-0.2761790233475657
7110.54,-0.2756230786196545,-0.27621180388658456
7113.04,-0.27566367055108426,-0.27626836738998806
7115.84,-0.27564188953076296,-0.2763443971658724
7118.34,-0.2758416635953419,-0.27634761697797006
7120.9400000000005,-0.2761790233475657,-0.2765386630765118
7126.04,-0.2765740545208978,-0.2765740545208978
7128.74,-0.276856852620796,-0.276856852620796
7131.34,-0.2770079715685765,-0.2770079715685765
7134.04,-0.27723049781981257,-0.27721396084727806
7136.4400000000005,-0.27721396084727806,-0.27723049781981257
7139.34,-0.27741333691250947,-0.27741333691250947
7141.9400000000005,-0.27751193710742816,-0.27751193710742816
7144.64,-0.27764299377239926,-0.27764299377239926
7147.14,-0.277723555486991,-0.27764299377239926
7149.84,-0.277723555486991,-0.27764299377239926
7152.34,-0.2778943648036878,-0.27764299377239926
7155.14,-0.2779568978617648,-0.27764299377239926
7157.64,-0.2780937570823039,-0.27764299377239926
7160.54,-0.2782334858283864,-0.27764299377239926
7162.9400000000005,-0.2783358882215384,-0.27764299377239926
7165.64,-0.27856060079374434,-0.27764299377239926
7172.4400000000005,-0.27883633008244096,-0.27764299377239926
7179.9400000000005,-0.27901032989184626,-0.27764299377239926
7188.04,-0.2794048471203673,-0.27764299377239926
7190.54,-0.27950470636051117,-0.27764299377239926
7192.9400000000005,-0.27967082520476966,-0.27764299377239926
7195.74,-0.2798254992810222,-0.27764299377239926
7198.24,-0.2798716480292833,-0.27764299377239926
7201.04,-0.2798923682767343,-0.27764299377239926
7206.24,-0.2798968737381644,-0.27764299377239926
7208.74,-0.27991437845921696,-0.27764299377239926
7211.54,-0.2799782746406379,-0.27764299377239926
7214.04,-0.2799782746406379,-0.27764299377239926
7216.44,-0.2800698204086321,-0.27764299377239926
7219.04,-0.2800627388532471,-0.27764299377239926
7221.64,-0.28012899834675103,-0.27764299377239926
7224.34,-0.28025656470154114,-0.27764299377239926
7226.94,-0.2802750635726649,-0.27764299377239926
7229.34,-0.28033617489859436,-0.27764299377239926
7232.04,-0.28036423147013534,-0.27764299377239926
7234.64,-0.28046143449531036,-0.27764299377239926
7237.24,-0.2805392800247956,-0.27764299377239926
7239.84,-0.28056419230965257,-0.27764299377239926
7242.54,-0.2806062156788435,-0.27764299377239926
7245.24,-0.28063529595827513,-0.27764299377239926
7251.54,-0.28068418264985556,-0.27764299377239926
7259.74,-0.2810188108139559,-0.27764299377239926
7268.04,-0.28118715002100797,-0.27764299377239926
7270.44,-0.28134655640213035,-0.27764299377239926
7273.34,-0.2810254934590197,-0.27764299377239926
7275.84,-0.28079828628369863,-0.27764299377239926
7278.64,-0.2806136623162297,-0.27764299377239926
7281.14,-0.2803296367989796,-0.27764299377239926
7286.24,-0.27998003796214627,-0.27764299377239926
7288.74,-0.27962487860236473,-0.27764299377239926
7291.44,-0.2793378856534662,-0.277723555486991
7293.94,-0.27911185288836665,-0.277723555486991
7296.64,-0.2788749618105938,-0.2778943648036878
7299.14,-0.2786774869162455,-0.2779068457666428
7301.94,-0.27843757853484175,-0.2779568978617648
7304.44,-0.27827455620559327,-0.2780896496026892
7307.34,-0.2780896496026892,-0.2780937570823039
7309.74,-0.2779068457666428,-0.2782334858283864
7312.54,-0.27760200717431427,-0.27827455620559327
7315.14,-0.27749015522661613,-0.2783358882215384
7317.64,-0.27722199319696783,-0.27843757853484175
7320.24,-0.2770725135539881,-0.27856060079374434
7322.64,-0.2768660706382855,-0.2786774869162455
7325.54,-0.2767023629532905,-0.27883633008244096
7331.94,-0.27621623182870175,-0.2788749618105938
7339.64,-0.2755079613829194,-0.27901032989184626
7347.94,-0.2749451173537652,-0.27911185288836665
7350.34,-0.2746008272558205,-0.2793378856534662
7353.04,-0.27411275532897217,-0.2794048471203673
7355.64,-0.27358896348614115,-0.27943461535886427
7358.24,-0.27323892050670506,-0.27943461535886427
7360.84,-0.27255538979192295,-0.27943461535886427
7365.94,-0.2716195099014212,-0.27943461535886427
7368.44,-0.2711457781843852,-0.27943461535886427
7371.14,-0.2705862560159749,-0.27943461535886427
7373.64,-0.2700276151758713,-0.27943461535886427
7376.34,-0.26941437538886137,-0.27943461535886427
7378.94,-0.2688073285852659,-0.27943461535886427
7381.54,-0.2681740855359143,-0.27943461535886427
7384.04,-0.2675968150856853,-0.27943461535886427
7386.84,-0.2670229514809776,-0.27943461535886427
7389.44,-0.26636345947519696,-0.27943461535886427
7391.84,-0.2659664994005369,-0.27943461535886427
7394.54,-0.2650841041632744,-0.27943461535886427
7397.04,-0.264522105234609,-0.27943461535886427
7399.74,-0.26383651979141204,-0.27943461535886427
7402.24,-0.26331130060053265,-0.27943461535886427
7405.04,-0.26258199709724084,-0.27943461535886427
7411.54,-0.2611077419420489,-0.27943461535886427
7419.14,-0.25934008591250396,-0.27943461535886427
7427.34,-0.2574235111973329,-0.27943461535886427
7429.84,-0.25691938688043653,-0.27943461535886427
7432.34,-0.25903681897697084,-0.27943461535886427
7435.04,-0.2614428592953815,-0.27943461535886427
7437.44,-0.26362412793511975,-0.27943461535886427
7440.14,-0.2659845049682272,-0.27943461535886427
7445.04,-0.2702291523909131,-0.27943461535886427
7447.74,-0.2725849144892124,-0.27943461535886427
7450.34,-0.2749374709057423,-0.27943461535886427
7453.04,-0.2773286446873548,-0.27943461535886427
7455.44,-0.27943461535886427,-0.27943461535886427
7458.34,-0.28207286609949056,-0.28207286609949056
7460.94,-0.2844344281897607,-0.28207286609949056
7463.34,-0.2863628427115465,-0.28207286609949056
7465.94,-0.28887914868706505,-0.28207286609949056
7468.44,-0.29105486009753967,-0.28207286609949056
7471.14,-0.29350593216726756,-0.28207286609949056
7473.74,-0.2958092745352869,-0.28207286609949056
7476.14,-0.2979049431641741,-0.28207286609949056
7478.74,-0.3002998600771822,-0.28207286609949056
7481.24,-0.30238574930016276,-0.28207286609949056
7484.14,-0.304942741892378,-0.28207286609949056
7490.54,-0.3106545046119972,-0.28207286609949056
7498.14,-0.3173204831385317,-0.28207286609949056
7506.34,-0.3245566845274143,-0.28207286609949056
7508.84,-0.3266617589936552,-0.28207286609949056
7511.64,-0.3273010156244234,-0.28207286609949056
7514.14,-0.3277021140245186,-0.28207286609949056
7516.84,-0.3281305585636597,-0.28207286609949056
7519.44,-0.3286413939872419,-0.28207286609949056
7524.74,-0.3297607048007256,-0.28207286609949056
7527.54,-0.3302132616039928,-0.28207286609949056
7530.14,-0.33073386097375806,-0.28207286609949056
7532.84,-0.3312330540862642,-0.28207286609949056
7535.44,-0.3317172260417234,-0.28207286609949056
7538.34,-0.33231152555116805,-0.28207286609949056
7540.94,-0.3327547922651969,-0.28207286609949056
7544.04,-0.3334274298956778,-0.28207286609949056
7546.84,-0.33400616526214727,-0.28207286609949056
7549.34,-0.33444897797585676,-0.28207286609949056
7551.74,-0.33502945946538504,-0.28207286609949056
7554.54,-0.33563709780235357,-0.28207286609949056
7556.94,-0.33614466415166294,-0.28207286609949056
7559.54,-0.3366463428571798,-0.2830268721869017
7562.04,-0.33702311858502804,-0.2844344281897607
7564.84,-0.3377524746503411,-0.28543634056355865
7571.24,-0.3390452567485699,-0.2863628427115465
7578.74,-0.3406510681267926,-0.28887914868706505
7586.44,-0.342186552422009,-0.2896353199245212
7588.94,-0.34298201973175946,-0.29105486009753967
7591.74,-0.3386039597236213,-0.29203280259822095
7594.44,-0.3340002292726454,-0.29350593216726756
7597.04,-0.32976175998042434,-0.2946639371772829
7599.64,-0.3253105126151754,-0.2958092745352869
7604.74,-0.3166399124587812,-0.2979049431641741
7607.14,-0.31256064383133847,-0.29924821935501056
7609.74,-0.30813090498825896,-0.3002998600771822
7612.24,-0.30377841438401143,-0.3002998600771822
7614.84,-0.29924821935501056,-0.3002998600771822
7617.44,-0.2946639371772829,-0.3002998600771822
7620.34,-0.2896353199245212,-0.3002998600771822
7622.74,-0.28543634056355865,-0.3002998600771822
7625.64,-0.28035172113288603,-0.3002998600771822
7628.04,-0.2761060806561765,-0.3002998600771822
7630.84,-0.2711398576094953,-0.3002998600771822
7633.44,-0.26662258054754795,-0.3002998600771822
7635.84,-0.26221748033946923,-0.3002998600771822
7638.44,-0.25763231311353396,-0.3002998600771822
7640.84,-0.25326651573178904,-0.3002998600771822
7643.74,-0.24808922768383804,-0.3002998600771822
7650.14,-0.2364486085811561,-0.2997531709481122
7657.74,-0.2226147695289401,-0.29924821935501056
7665.94,-0.20744790424229687,-0.29817743066428354
7668.44,-0.2026658560934573,-0.2966120759275656
7671.24,-0.20668790771059867,-0.29499549770063876
7673.74,-0.21032882923140725,-0.2946639371772829
7676.54,-0.21443390012338848,-0.29342504024946364
7679.14,-0.2183298855752171,-0.2920604918504692
7684.44,-0.22632083393924887,-0.29203280259822095
7687.24,-0.23050105611861454,-0.2902192919721017
7689.74,-0.23410632212781846,-0.2896353199245212
7692.54,-0.2382979921163908,-0.28874664236397635
7694.94,-0.24180151185638107,-0.2870210101254743
7697.64,-0.24573296612720055,-0.2855533673662044
7700.24,-0.24952217057854803,-0.28543634056355865
7702.64,-0.25294598280179575,-0.283888735843856
7705.24,-0.2566985453212751,-0.2830268721869017
7707.74,-0.26027632672447754,-0.28035172113288603
7710.54,-0.2642805257131137,-0.2797756060228488
7713.04,-0.26781994015552185,-0.2792936986772601
7715.84,-0.2718064066577042,-0.2761060806561765
7718.44,-0.27548919861787674,-0.27548919861787674
7721.14,-0.2792936986772601,-0.2751086660952478
7723.84,-0.2830268721869017,-0.2744092643244135
7730.24,-0.29203280259822095,-0.2744092643244135
7738.24,-0.30314602992197054,-0.2744092643244135
7745.94,-0.3137279830430945,-0.2744092643244135
7748.44,-0.31724093173623,-0.2744092643244135
7751.04,-0.3156636383752835,-0.2744092643244135
7753.64,-0.3140952093207775,-0.2744092643244135
7756.34,-0.31238716270468214,-0.2744092643244135
7758.94,-0.31074933794413884,-0.2744092643244135
7764.04,-0.3075064267717653,-0.2744092643244135
7766.44,-0.30615891283767227,-0.2744092643244135
7769.24,-0.3043747836262446,-0.2744092643244135
7771.74,-0.3028419370839121,-0.2744092643244135
7774.34,-0.3012554895813435,-0.2744092643244135
7776.94,-0.2997531709481122,-0.2744092643244135
7779.540000000001,-0.29817743066428354,-0.2744092643244135
7782.139999999999,-0.2966120759275656,-0.2744092643244135
7784.74,-0.29499549770063876,-0.2744092643244135
7787.24,-0.29342504024946364,-0.2744092643244135
7789.74,-0.2920604918504692,-0.2744092643244135
7792.540000000001,-0.2902192919721017,-0.2744092643244135
7795.040000000001,-0.28874664236397635,-0.2744092643244135
7797.84,-0.2870210101254743,-0.2750857140324122
7800.34,-0.2855533673662044,-0.2751086660952478
7803.139999999999,-0.283888735843856,-0.2752657985493136
7809.74,-0.2797756060228488,-0.27548919861787674
7817.24,-0.2751086660952478,-0.27557314041714465
7825.139999999999,-0.27018032414108895,-0.27585206881827706
7827.84,-0.26844581704350695,-0.27614371908202284
7830.34,-0.26860998100465217,-0.2765651029667645
7833.040000000001,-0.26885211101063644,-0.2771378021365814
7835.639999999999,-0.26904894772046306,-0.2775790173134466
7838.34,-0.269279088837579,-0.2777815681032753
7843.24,-0.2696156874326991,-0.27799367899637384
7845.94,-0.26978488875357776,-0.27811426855265714
7848.540000000001,-0.27000216385237985,-0.27836297511478497
7851.24,-0.2702533135126518,-0.2784800245816394
7853.74,-0.27041890197066554,-0.27864368598730127
7856.34,-0.27067042859200297,-0.2787658705649312
7858.94,-0.27087478940405096,-0.27896498485222015
7861.44,-0.2711409627496452,-0.2790864715087941
7864.040000000001,-0.27135304801316107,-0.27912425787749234
7866.540000000001,-0.27155675019187575,-0.27912425787749234
7869.040000000001,-0.2717810874771867,-0.27912425787749234
7871.84,-0.2720970541648078,-0.27912425787749234
7874.540000000001,-0.27237257310678425,-0.27912425787749234
7877.139999999999,-0.2726116061479004,-0.27912425787749234
7879.84,-0.27278730741501034,-0.27912425787749234
7882.639999999999,-0.2730265160718953,-0.27912425787749234
7889.139999999999,-0.2736540995495241,-0.27912425787749234
7897.040000000001,-0.2744092643244135,-0.2790864715087941
7904.84,-0.2750857140324122,-0.27897701284379
7907.24,-0.2752657985493136,-0.27896498485222015
7909.84,-0.27557314041714465,-0.27885510128038676
7912.34,-0.27585206881827706,-0.2787759889518366
7915.139999999999,-0.27614371908202284,-0.2787658705649312
7917.74,-0.2765651029667645,-0.27864368598730127
7922.74,-0.2771378021365814,-0.2785830343175086
7925.24,-0.2775790173134466,-0.2784800245816394
7927.84,-0.2777815681032753,-0.2784511324553017
7930.34,-0.27799367899637384,-0.27836297511478497
7932.74,-0.27811426855265714,-0.27816520651199117
7935.44,-0.27836297511478497,-0.27811426855265714
7938.139999999999,-0.2784800245816394,-0.27799367899637384
7940.74,-0.27864368598730127,-0.2777815681032753
7943.34,-0.2787658705649312,-0.2777815681032753
7946.139999999999,-0.27896498485222015,-0.2777815681032753
7948.639999999999,-0.2790864715087941,-0.2777815681032753
7951.34,-0.2792158398214182,-0.2777815681032753
7953.74,-0.27936713294420135,-0.2777815681032753
7956.540000000001,-0.27950368055071384,-0.2777815681032753
7959.040000000001,-0.27971119682225115,-0.2777815681032753
7961.84,-0.2798565371397877,-0.2777815681032753
7968.34,-0.2802713019072023,-0.2777815681032753
7975.94,-0.2808082745099362,-0.2777815681032753
7983.94,-0.28146755847470706,-0.2777815681032753
7986.540000000001,-0.2816941258016165,-0.2777815681032753
7988.94,-0.281525066499036,-0.277791023425315
7991.74,-0.28140178999532417,-0.2779072656170608
7994.24,-0.28132751597536126,-0.27799367899637384
7996.74,-0.2810169941212884,-0.27799367899637384
8001.84,-0.28055290787479115,-0.27799367899637384
8004.540000000001,-0.28030929298660684,-0.27799367899637384
8007.139999999999,-0.28013863187373533,-0.27799367899637384
8009.84,-0.2799547191424323,-0.27799367899637384
8012.44,-0.2798457980354065,-0.27799367899637384
8015.24,-0.2797533886116458,-0.27799367899637384
8017.84,-0.2796260407833997,-0.27799367899637384
8020.639999999999,-0.27947099005999465,-0.27799367899637384
8023.24,-0.2793843005723047,-0.27799367899637384
8025.84,-0.2791932727641779,-0.27799367899637384
8028.24,-0.27912425787749234,-0.27799367899637384
8030.84,-0.27897701284379,-0.27799367899637384
8033.24,-0.27885510128038676,-0.27799367899637384
8035.84,-0.2787759889518366,-0.27799367899637384
8038.639999999999,-0.2785830343175086,-0.27799367899637384
8041.24,-0.2784511324553017,-0.27799367899637384
8048.139999999999,-0.27816520651199117,-0.27799367899637384
8055.94,-0.27759130695445156,-0.27799367899637384
8064.34,-0.2769506290745697,-0.27799367899637384
8066.84,-0.2766049080346571,-0.27799367899637384
8069.540000000001,-0.27658326034826175,-0.27799367899637384
8072.040000000001,-0.2766427172407513,-0.27799367899637384
8074.84,-0.276584094436262,-0.27799367899637384
8077.44,-0.27657043069432896,-0.27799367899637384
8082.44,-0.2764860179504189,-0.27799367899637384
8084.94,-0.2764930576554526,-0.27799367899637384
8087.74,-0.27653722024470334,-0.27799367899637384
8090.139999999999,-0.2766666176701487,-0.27799367899637384
8092.84,-0.27687696696807396,-0.27799367899637384
8095.44,-0.27698764284919464,-0.27799367899637384
8098.139999999999,-0.2772100345762326,-0.2779072656170608
8100.639999999999,-0.27733215077787443,-0.27782772710844045
8103.139999999999,-0.2774867189272578,-0.277791023425315
8105.74,-0.2776732558833168,-0.2776732558833168
8108.24,-0.277791023425315,-0.27759130695445156
8111.040000000001,-0.2779072656170608,-0.2774867189272578
8113.540000000001,-0.27810915800305525,-0.27733215077787443
8116.34,-0.27820954773917,-0.2772100345762326
8118.94,-0.2784042916574213,-0.2771953795490984
8122.040000000001,-0.27863050665346,-0.2771953795490984
8128.44,-0.27905263225526866,-0.2771953795490984
8136.24,-0.2797117833267111,-0.2771953795490984
8144.44,-0.28041057099805744,-0.2771953795490984
8146.84,-0.28072462988291846,-0.2771953795490984
8149.540000000001,-0.28034822227080364,-0.2771953795490984
8152.040000000001,-0.28000258603442046,-0.2771953795490984
8154.84,-0.279597579966821,-0.2771953795490984
8157.44,-0.27917237158761454,-0.2771953795490984
8162.44,-0.2782653575881563,-0.27698764284919464
8164.94,-0.27782772710844045,-0.27698175497819977
8167.540000000001,-0.2771953795490984,-0.2769506290745697
8169.94,-0.2766444088632646,-0.27687696696807396
8172.44,-0.27598510730997755,-0.27672827949690765
8175.040000000001,-0.2753010877914835,-0.2766666176701487
8177.639999999999,-0.27463414452110235,-0.2766444088632646
8180.34,-0.2739825236780782,-0.2766427172407513
8182.84,-0.27332757089881937,-0.2766049080346571
8185.24,-0.2727068704361581,-0.276584094436262
8187.84,-0.2721493126377209,-0.27658326034826175
8190.44,-0.2714528888837669,-0.27657043069432896
8193.04,-0.2708273398397028,-0.276544284222357
8195.74,-0.27011143455029185,-0.27653722024470334
8198.64,-0.26934849390881666,-0.2764930576554526
8201.24,-0.2687036361943379,-0.2764860179504189
8207.84,-0.26704702894107213,-0.27641192170696194
8215.54,-0.26508432278875343,-0.27629175230150177
8223.44,-0.2629171309959183,-0.27607235564857546
8226.04,-0.262291602900853,-0.27607235564857546
8228.54,-0.26292650725416755,-0.27607235564857546
8231.34,-0.26353634673762033,-0.27607235564857546
8233.94,-0.2641098837340827,-0.27607235564857546
8236.54,-0.2647707482151402,-0.27607235564857546
8241.84,-0.2660368505196139,-0.27607235564857546
8244.24,-0.2666495916465008,-0.27607235564857546
8246.84,-0.2672723141219291,-0.27607235564857546
8249.44,-0.2678330660637834,-0.27607235564857546
8251.94,-0.2684120669385479,-0.27607235564857546
8254.54,-0.2689153824146293,-0.27607235564857546
8257.24,-0.2695029189159684,-0.27607235564857546
8259.84,-0.2701032975566255,-0.27607235564857546
8262.54,-0.270676319525953,-0.27607235564857546
8265.04,-0.2712047875064575,-0.27607235564857546
8267.64,-0.27178199811295944,-0.27607235564857546
8270.34,-0.27236700879732195,-0.27607235564857546
8272.94,-0.272961002761673,-0.27607235564857546
8275.84,-0.2735542236778382,-0.27607235564857546
8278.24,-0.27405289106201924,-0.27607235564857546
8280.94,-0.2746517883163158,-0.27607235564857546
8287.54,-0.27607235564857546,-0.27607235564857546
8295.24,-0.2776826820865318,-0.27607235564857546
8303.54,-0.2796036667626791,-0.27607235564857546
8306.04,-0.28007311753048436,-0.27607235564857546
8308.54,-0.27952175212178604,-0.27607235564857546
8311.34,-0.2789848714526589,-0.27607235564857546
8314.04,-0.27866710063987726,-0.27607235564857546
8316.64,-0.27820898932764215,-0.27607235564857546
8321.84,-0.2775941419559089,-0.27607235564857546
8324.24,-0.2773137027226498,-0.27607235564857546
8327.04,-0.27698175497819977,-0.27607235564857546
8329.44,-0.27672827949690765,-0.27607235564857546
8332.14,-0.276544284222357,-0.27607235564857546
8334.74,-0.27641192170696194,-0.27607235564857546
8337.54,-0.27629175230150177,-0.27607235564857546
8340.04,-0.27606672526764886,-0.27629175230150177
8342.84,-0.27590953059976997,-0.276305329066299
8345.34,-0.2756497076694384,-0.27641192170696194
8347.74,-0.2754694487546643,-0.276544284222357
8350.44,-0.275274597659803,-0.27672827949690765
8352.94,-0.27508539414244143,-0.27698175497819977
8355.54,-0.2749046007354776,-0.2773137027226498
8358.04,-0.2746831140846996,-0.2775941419559089
8360.74,-0.27449518743198076,-0.2776826820865318
8367.34,-0.27398689863929165,-0.27786212535800486
8374.94,-0.2733683227189142,-0.27820898932764215
8382.94,-0.2726778921479574,-0.27866710063987726
8385.54,-0.2726362100924007,-0.2789848714526589
8388.04,-0.2744014043183919,-0.27943530836064645
8390.84,-0.276305329066299,-0.27952175212178604
8393.34,-0.27786212535800486,-0.2796036667626791
8395.84,-0.27943530836064645,-0.28007311753048436
8400.94,-0.2826256688241003,-0.2826256688241003
8403.64,-0.28427723987527814,-0.28427723987527814
8406.14,-0.28585984395125674,-0.28585984395125674
8408.64,-0.28728502733968936,-0.28728502733968936
8411.04,-0.288638088526921,-0.288638088526921
8413.64,-0.2901454330727567,-0.2901454330727567
8416.34,-0.2916688598395856,-0.2916688598395856
8418.74,-0.2930625734033979,-0.2930625734033979
8421.54,-0.2946683334112009,-0.2946683334112009
8424.04,-0.2961484156148647,-0.2961484156148647
8426.44,-0.2975448670857002,-0.2975448670857002
8429.04,-0.2990963048951503,-0.2990963048951503
8431.64,-0.3005543134760883,-0.30052768018536385
8434.34,-0.30216116119788267,-0.30052768018536385
8436.74,-0.30351625259639603,-0.30052768018536385
8439.64,-0.30512975026412975,-0.30052768018536385
8446.04,-0.3088708455780148,-0.30052768018536385
8453.54,-0.3132828500560607,-0.30052768018536385
8461.34,-0.31778604483847256,-0.30052768018536385
8464.04,-0.3191332585371758,-0.30052768018536385
8466.54,-0.31995383314260406,-0.30052768018536385
8469.04,-0.3207556131639233,-0.30052768018536385
8471.74,-0.3215283468086116,-0.30052768018536385
8474.24,-0.3222504068965755,-0.30052768018536385
8479.54,-0.32399156703030474,-0.30052768018536385
8482.14,-0.3248140988114633,-0.30052768018536385
8484.74,-0.32569720468618457,-0.30052768018536385
8487.14,-0.3265396136124481,-0.30052768018536385
8489.74,-0.3274993721641925,-0.30052768018536385
8492.44,-0.3284485501465498,-0.30052768018536385
8495.14,-0.3294077975490785,-0.30052768018536385
8497.64,-0.3303317580870741,-0.30052768018536385
8500.44,-0.3313548236114991,-0.30052768018536385
8502.94,-0.33214104449211795,-0.30052768018536385
8505.54,-0.33311822136437486,-0.30052768018536385
8508.14,-0.33404039944465436,-0.30052768018536385
8510.64,-0.33490253524418384,-0.30052768018536385
8513.24,-0.3357826999108032,-0.30052768018536385
8515.74,-0.33670340594897136,-0.30052768018536385
8518.54,-0.33764560087047923,-0.30052768018536385
8524.94,-0.33995304104729956,-0.30052768018536385
8532.54,-0.34243447352521506,-0.30052768018536385
8540.84,-0.34540285953107447,-0.30052768018536385
8543.44,-0.34639994193478163,-0.30052768018536385
8546.04,-0.34437629625413124,-0.30052768018536385
8548.64,-0.3422600076423501,-0.30052768018536385
8551.34,-0.34019238345948855,-0.30052768018536385
8553.94,-0.3379246137647394,-0.30052768018536385
8559.14,-0.33355596271803156,-0.30052768018536385
8561.64,-0.33145407715236175,-0.30052768018536385
8564.14,-0.3291420030322739,-0.30052768018536385
8566.64,-0.32686305544567223,-0.30052768018536385
8569.04,-0.3246977925584081,-0.30052768018536385
8571.74,-0.32228151973856844,-0.30052768018536385
8574.44,-0.3197758710724327,-0.30052768018536385
8577.14,-0.3173131932016596,-0.30052768018536385
8579.74,-0.31496657332977074,-0.30052768018536385
8582.64,-0.3122695789149567,-0.30052768018536385
8585.04,-0.310107990641786,-0.30052768018536385
8587.74,-0.30761408651568006,-0.30052768018536385
8590.24,-0.3054098675394836,-0.30052768018536385
8593.04,-0.302911436307441,-0.30052768018536385
8595.44,-0.30052768018536385,-0.30052768018536385
8598.34,-0.2978609457260337,-0.2978609457260337
8604.74,-0.2919449199530617,-0.29468538569715125
8612.44,-0.28498357642370675,-0.29468538569715125
8620.24,-0.2777736219962084,-0.29468538569715125
8622.94,-0.2752699889617265,-0.29443797580283065
8625.44,-0.27464915593289213,-0.29394545404996447
8628.24,-0.2740270582343484,-0.2934075128229432
8630.74,-0.273570469774321,-0.29232583976508014
8633.54,-0.2731380743115143,-0.2919449199530617
8638.54,-0.27240144253946463,-0.29175860221811595
8641.24,-0.27200295919647455,-0.2916802277181329
8643.74,-0.2717400054580266,-0.29133091310304976
8646.64,-0.27142069273250496,-0.29072586212160356
8649.04,-0.2711324969566195,-0.29027554887143486
8651.54,-0.2708316661463745,-0.28972850204022815
8654.14,-0.27052939887690997,-0.28923238041439453
8656.64,-0.2702551807921851,-0.2889081355281415
8659.24,-0.26997806569910043,-0.28865312987475006
8661.84,-0.26972183794564164,-0.28817386834604897
8664.54,-0.2694349662883265,-0.28769335280126007
8667.04,-0.26917157397455965,-0.2871518350085396
8669.94,-0.26883923266817267,-0.28664637169332086
8672.94,-0.2685258030928718,-0.28648458542057215
8675.34,-0.2682231514428895,-0.2861238354307445
8678.04,-0.26795806783754567,-0.28561404081492203
8684.54,-0.2672243735875347,-0.2854527503954921
8692.24,-0.266420911502417,-0.2850931906247313
8700.64,-0.2655047841650501,-0.28498357642370675
8703.14,-0.2652186039650287,-0.28465438226702394
8705.84,-0.26647487190523667,-0.2845186637284105
8708.44,-0.2676166115201293,-0.2834795820865362
8711.04,-0.26877591661452777,-0.2834795820865362
8713.64,-0.2698098014422587,-0.2834795820865362
8718.74,-0.27183997069912347,-0.2834795820865362
8721.24,-0.272856532955718,-0.2834795820865362
8723.94,-0.2738902852318818,-0.2834795820865362
8726.44,-0.2748606288613702,-0.2834795820865362
8729.04,-0.27580922302015026,-0.2834795820865362
8731.64,-0.27683828354630674,-0.2834795820865362
8734.44,-0.27790051221815243,-0.2834795820865362
8736.94,-0.27876546589972123,-0.2834795820865362
8739.94,-0.2799259701751837,-0.2834795820865362
8742.34,-0.2807864893167711,-0.2834795820865362
8744.74,-0.2816810642271716,-0.2834795820865362
8747.34,-0.28263463406665057,-0.2834795820865362
8749.74,-0.2834795820865362,-0.2834795820865362
8752.54,-0.2845186637284105,-0.2834795820865362
8755.04,-0.2854527503954921,-0.2834795820865362
8757.74,-0.28648458542057215,-0.2834795820865362
8764.34,-0.2889081355281415,-0.2834795820865362
8771.94,-0.2916802277181329,-0.2834795820865362
8779.84,-0.29468538569715125,-0.2834795820865362
8782.44,-0.2954187094406989,-0.2834795820865362
8784.94,-0.29489717068120397,-0.2834795820865362
8787.64,-0.29443797580283065,-0.2845186637284105
8790.04,-0.29394545404996447,-0.2845285363323204
8792.74,-0.2934075128229432,-0.28465438226702394
8797.84,-0.29232583976508014,-0.2850931906247313
8800.54,-0.29175860221811595,-0.2853719183230956
8803.04,-0.29133091310304976,-0.2854527503954921
8805.84,-0.29072586212160356,-0.28561404081492203
8808.24,-0.29027554887143486,-0.2861238354307445
8811.04,-0.28972850204022815,-0.2862490668485459
8813.74,-0.28923238041439453,-0.28648458542057215
8816.34,-0.28865312987475006,-0.28664637169332086
8818.94,-0.28817386834604897,-0.2871518350085396
8821.34,-0.28769335280126007,-0.28719027201713165
8824.04,-0.2871518350085396,-0.28769335280126007
8826.64,-0.28664637169332086,-0.2880693717701207
8829.24,-0.2861238354307445,-0.28817386834604897
8831.84,-0.28561404081492203,-0.28865312987475006
8834.64,-0.2850931906247313,-0.2889081355281415
8837.24,-0.28465438226702394,-0.2890841456296003
8844.04,-0.28318698259140573,-0.28923238041439453
8851.74,-0.28160644665396356,-0.28972850204022815
8859.44,-0.2800344684128868,-0.29007750371548896
8862.34,-0.27965111818581956,-0.29027554887143486
8864.74,-0.2804360372848003,-0.29072586212160356
8867.34,-0.2811973603442759,-0.29110410595796227
8869.94,-0.282003789086669,-0.29133091310304976
8872.54,-0.28282131488930945,-0.2916802277181329
8877.74,-0.2845285363323204,-0.29175860221811595
8880.44,-0.2853719183230956,-0.2920183586237286
8883.04,-0.2862490668485459,-0.29232583976508014
8885.84,-0.28719027201713165,-0.29284039401171125
8888.24,-0.2880693717701207,-0.2934075128229432
8891.04,-0.2890841456296003,-0.2937862211399604
8893.74,-0.29007750371548896,-0.29394545404996447
8896.64,-0.29110410595796227,-0.29443797580283065
8899.14,-0.2920183586237286,-0.29468538569715125
8901.74,-0.29284039401171125,-0.29469849018079347
8904.24,-0.2937862211399604,-0.29489717068120397
8906.84,-0.29469849018079347,-0.2954187094406989
8909.44,-0.2956562387043842,-0.2956562387043842
8912.34,-0.29665927426150873,-0.29665927426150873
8914.84,-0.29760222473725584,-0.29760222473725584
8917.54,-0.2985525842603818,-0.2985525842603818
8924.04,-0.30084721638837153,-0.30084721638837153
8931.74,-0.30370962958227804,-0.30370962958227804
8939.44,-0.3065111341698961,-0.3065111341698961
8942.24,-0.30747360733858237,-0.30747360733858237
8944.74,-0.30855274146388645,-0.30855274146388645
8947.54,-0.3096758040388466,-0.3096758040388466
8949.94,-0.3106627526641609,-0.3106627526641609
8952.84,-0.31182656902512534,-0.31182656902512534
8958.14,-0.31397569717636764,-0.31397569717636764
8960.54,-0.31485793666925377,-0.31485793666925377
8963.04,-0.3157952480562776,-0.3157952480562776
8965.54,-0.3166901289639584,-0.3166901289639584
8968.04,-0.31756897285775015,-0.3168417530615685
8970.54,-0.3184300042114721,-0.3168417530615685
8973.24,-0.31941606719708376,-0.3168417530615685
8976.04,-0.32037626535391117,-0.3168417530615685
8978.64,-0.3213029847119642,-0.3168417530615685
8981.34,-0.3221764357505,-0.3168417530615685
8983.84,-0.3231000677503742,-0.3168417530615685
8986.64,-0.3240644705734176,-0.3168417530615685
8989.04,-0.3249157329738236,-0.3168417530615685
8991.64,-0.32573165631856116,-0.3168417530615685
8994.04,-0.32649050947161246,-0.3168417530615685
8996.84,-0.32757447584730937,-0.3168417530615685
9003.14,-0.32963704973792773,-0.3168417530615685
9011.04,-0.3323270385261185,-0.3168417530615685
9019.14,-0.33491553155284776,-0.3168417530615685
9021.64,-0.33564285551102097,-0.3168417530615685
9024.14,-0.3358870793697533,-0.3168417530615685
9026.84,-0.3360573124182511,-0.3168417530615685
9029.34,-0.3363068728043377,-0.3168417530615685
9031.94,-0.3364991287746361,-0.3168417530615685
9036.84,-0.3369513908878237,-0.3168417530615685
9039.54,-0.33719239011639174,-0.3168417530615685
9042.14,-0.3374073245927237,-0.3168417530615685
9044.64,-0.3376367162565713,-0.3168417530615685
9047.24,-0.3379406052002498,-0.3168417530615685
9049.84,-0.33822187880669724,-0.3168417530615685
9052.54,-0.3385232749029174,-0.3168417530615685
9054.94,-0.3388596190843658,-0.3168417530615685
9057.64,-0.33918216139467927,-0.3168417530615685
9060.04,-0.33939818347663986,-0.3168417530615685
9062.54,-0.33972356382965324,-0.3168417530615685
9065.24,-0.34009002895940293,-0.3168417530615685
9067.74,-0.34046098046711054,-0.3168417530615685
9070.34,-0.3406621265683152,-0.3168417530615685
9072.84,-0.34106658074453594,-0.3168417530615685
9075.54,-0.3413738241616822,-0.3168417530615685
9082.24,-0.3421915132117731,-0.31756897285775015
9089.84,-0.34310644886600267,-0.3184300042114721
9097.74,-0.3442260724005466,-0.31941606719708376
9100.34,-0.34483583192011585,-0.31941606719708376
9102.84,-0.34261595062577327,-0.31941606719708376
9105.54,-0.34016584576130193,-0.31941606719708376
9108.04,-0.33807398944878386,-0.31941606719708376
9110.64,-0.3357976991011362,-0.31941606719708376
9115.74,-0.3312525500366351,-0.31941606719708376
9118.34,-0.32891769098877355,-0.31941606719708376
9120.94,-0.3265832843077452,-0.31941606719708376
9123.44,-0.32425881212603125,-0.31941606719708376
9126.04,-0.32189037871264353,-0.31941606719708376
9128.64,-0.3194482176319938,-0.31941606719708376
9131.44,-0.3168417530615685,-0.31941606719708376
9133.94,-0.3144730157172651,-0.31941606719708376
9136.54,-0.3119443731293349,-0.31941606719708376
9138.94,-0.30972353129948843,-0.31874946373448465
9141.44,-0.3073506487075584,-0.3168417530615685
9144.04,-0.3048523766720144,-0.3163371075977869
9146.54,-0.30249924251448235,-0.3160677976057748
9149.04,-0.300100983166467,-0.3144730157172651
9151.74,-0.29756545932870826,-0.31342709661530377
9154.54,-0.2948441728228943,-0.3119443731293349
9161.04,-0.28861140539203683,-0.310978330508443
9168.74,-0.28109990137797497,-0.30972353129948843
9176.44,-0.2736157880816187,-0.3083351554573263
9179.04,-0.27096204301501337,-0.3073506487075584
9181.54,-0.27253458024865074,-0.3064104229801909
9184.04,-0.2741055295438106,-0.30565577851233466
9186.74,-0.27579355806677786,-0.3048523766720144
9189.34,-0.27745312750232887,-0.30467995431756306
9194.54,-0.2806966327930536,-0.30304502934299243
9196.94,-0.28227334770193047,-0.3029236420094247
9199.64,-0.28402130912792645,-0.30249924251448235
9202.14,-0.2857106200200076,-0.3011347546833916
9204.74,-0.28745234356389887,-0.3006383041772785
9207.34,-0.28915647156140817,-0.300100983166467
9209.84,-0.2908496027897043,-0.2994981334315362
9212.34,-0.29257069226482374,-0.29795719214160477
9214.94,-0.2943417485810028,-0.29771929780049783
9217.54,-0.29605003440989214,-0.29756545932870826
9219.94,-0.29771929780049783,-0.29605003440989214
9222.54,-0.2994981334315362,-0.2953085229950109
9225.04,-0.3011347546833916,-0.29500447254223416
9227.64,-0.3029236420094247,-0.29500447254223416
9230.24,-0.30467995431756306,-0.29500447254223416
9232.84,-0.3064104229801909,-0.29500447254223416
9239.64,-0.310978330508443,-0.29500447254223416
9247.34,-0.3163371075977869,-0.29500447254223416
9255.84,-0.3219613166148306,-0.29500447254223416
9258.34,-0.32371686671365274,-0.29500447254223416
9261.04,-0.3212401349877266,-0.29500447254223416
9263.64,-0.31874946373448465,-0.29500447254223416
9266.44,-0.3160677976057748,-0.29500447254223416
9269.14,-0.31342709661530377,-0.29500447254223416
9274.44,-0.3083351554573263,-0.29500447254223416
9277.04,-0.30565577851233466,-0.29500447254223416
9279.64,-0.30304502934299243,-0.29500447254223416
9282.04,-0.3006383041772785,-0.29500447254223416
9284.64,-0.29795719214160477,-0.29500447254223416
9287.24,-0.2953085229950109,-0.29500447254223416
9289.94,-0.2925497208217157,-0.29500447254223416
9292.44,-0.29008815147827316,-0.29500447254223416
9295.04,-0.28724275004711947,-0.29500447254223416
9297.54,-0.2845975563502176,-0.2948441728228943
9300.34,-0.2816686138420709,-0.29449645632690136
9302.94,-0.27892878261086435,-0.2943417485810028
9305.64,-0.2761193334279115,-0.2927308005240204
9308.24,-0.2733635788426106,-0.29257069226482374
9310.84,-0.2706252703972458,-0.2925497208217157
9313.54,-0.26778824931671485,-0.29238227679252043
9320.04,-0.26094207420098786,-0.29104504324932884
9328.04,-0.2523781885697468,-0.2908496027897043
9335.84,-0.24409568762429493,-0.29008815147827316
9338.64,-0.2409909052779451,-0.29008815147827316
9341.04,-0.24348741070441998,-0.29008815147827316
9343.64,-0.24620286098752125,-0.29008815147827316
9346.14,-0.2488718702511086,-0.29008815147827316
9348.64,-0.25153545625855817,-0.29008815147827316
9353.74,-0.25689214249552716,-0.29008815147827316
9356.24,-0.2595211042116309,-0.29008815147827316
9358.74,-0.2621823806594418,-0.29008815147827316
9361.24,-0.26483168129721796,-0.29008815147827316
9363.84,-0.26759951170974106,-0.29008815147827316
9366.44,-0.2703654208698358,-0.29008815147827316
9369.04,-0.2730979831519324,-0.29008815147827316
9371.74,-0.2759470285024088,-0.29008815147827316
9374.54,-0.27889236543246115,-0.29008815147827316
9377.04,-0.2815585483918473,-0.2894825966917115
9379.44,-0.28408372289547773,-0.2893600078496699
9382.24,-0.2870081645422623,-0.287700973031631
9384.64,-0.2894825966917115,-0.28724275004711947
9387.34,-0.29238227679252043,-0.2870081645422623
9389.84,-0.29500447254223416,-0.2870081645422623
9392.74,-0.2979629446412688,-0.2870081645422623
9399.24,-0.30470831679314375,-0.2870081645422623
9406.94,-0.3126752684043349,-0.2870081645422623
9414.64,-0.3205328601942429,-0.2870081645422623
9417.44,-0.3233988638298342,-0.2870081645422623
9419.94,-0.3217691700963058,-0.2870081645422623
9422.54,-0.32002642217482175,-0.2870081645422623
9425.14,-0.3181802339274061,-0.2870081645422623
9427.84,-0.31639668728322684,-0.2870081645422623
9432.74,-0.3130227463377746,-0.2870081645422623
9435.54,-0.3110197213902446,-0.2870081645422623
9438.04,-0.30935576522143715,-0.2870081645422623
9440.84,-0.3075683066440252,-0.2870081645422623
9443.24,-0.306022708863308,-0.2870081645422623
9445.84,-0.3044017506409783,-0.2870081645422623
9448.54,-0.30265549824471033,-0.2870081645422623
9451.04,-0.301056502111061,-0.2870081645422623
9453.74,-0.2993442299743941,-0.2870081645422623
9456.24,-0.2977483821447025,-0.2870081645422623
9458.74,-0.29613582540824196,-0.2870081645422623
9461.24,-0.29449645632690136,-0.2870081645422623
9464.04,-0.2927308005240204,-0.28737706571971106
9466.64,-0.29104504324932884,-0.287700973031631
9469.24,-0.2893600078496699,-0.2889258742141907
9471.94,-0.287700973031631,-0.2893600078496699
9478.44,-0.28344971663977653,-0.2894825966917115
9486.24,-0.2783882895767808,-0.2907307702904597
9494.04,-0.2733884998478623,-0.29104504324932884
9496.44,-0.2721213286829057,-0.29105448717365856
9499.24,-0.27295132084010926,-0.29170484769082733
9501.74,-0.273731668195303,-0.2923416482065088
9504.54,-0.27461682325699843,-0.29238227679252043
9507.04,-0.27533772540044527,-0.2927308005240204
9512.34,-0.27688688347222845,-0.29276758827235033
9515.04,-0.2776884750489539,-0.29341270318004886
9517.64,-0.27836727142812845,-0.2936375499291609
9520.04,-0.2789307165230015,-0.2936375499291609
9522.54,-0.27953068841402884,-0.2936375499291609
9525.04,-0.28004965582784425,-0.2936375499291609
9527.84,-0.2807563111520014,-0.2936375499291609
9530.44,-0.2813281044429614,-0.2936375499291609
9533.14,-0.281931748017251,-0.2936375499291609
9535.64,-0.28248638025230666,-0.2936375499291609
9538.04,-0.28301239992223876,-0.2936375499291609
9540.64,-0.28354760354530495,-0.2936375499291609
9543.04,-0.28406374065688417,-0.2936375499291609
9545.84,-0.284734344785318,-0.2936375499291609
9548.44,-0.2852871465827865,-0.2936375499291609
9551.34,-0.285935635098408,-0.2936375499291609
9557.74,-0.28737706571971106,-0.2936375499291609
9565.34,-0.2889258742141907,-0.29341270318004886
9573.74,-0.2907307702904597,-0.29276758827235033
9576.14,-0.29105448717365856,-0.2927308005240204
9578.94,-0.29170484769082733,-0.2923416482065088
9581.84,-0.2923416482065088,-0.29170484769082733
9583.84,-0.29276758827235033,-0.29158144303580374
9586.84,-0.29341270318004886,-0.29105448717365856
9591.84,-0.2944300135384181,-0.29104504324932884
9593.84,-0.29486520460286497,-0.2907307702904597
9596.84,-0.2956772932280832,-0.2902297557152334
9599.84,-0.2964191364167269,-0.2893600078496699
9601.84,-0.29687103176003976,-0.2893600078496699
9604.84,-0.29760296244721834,-0.2893600078496699
9607.84,-0.2983810962062554,-0.2893600078496699
9609.84,-0.29883944304858295,-0.2893600078496699
9612.84,-0.29961444215668215,-0.2893600078496699
9614.84,-0.300133369922134,-0.2893600078496699
9617.84,-0.3009019392289754,-0.2893600078496699
9620.84,-0.30172252633975194,-0.2893600078496699
9622.84,-0.3021837422781251,-0.2893600078496699
9625.84,-0.3029338507279676,-0.2893600078496699
9627.84,-0.3034780010031185,-0.2893600078496699
9630.84,-0.30424479909098323,-0.2893600078496699
9637.84,-0.3060200657637203,-0.2893600078496699
9644.84,-0.30775072522639224,-0.2901000317005912
9652.84,-0.30989064740090844,-0.2902297557152334
9655.84,-0.31059063430547207,-0.2907307702904597
9657.84,-0.309269949252365,-0.29105448717365856
9660.84,-0.30738462780720427,-0.29158144303580374
9662.84,-0.30605231882633605,-0.29170484769082733
9665.84,-0.3041615821298514,-0.2922161779776462
9671.84,-0.3004094084309378,-0.2923416482065088
9673.84,-0.2990523453095686,-0.29276758827235033
9676.84,-0.29703774707087216,-0.29341270318004886
9678.84,-0.2956770262719805,-0.2936375499291609
9681.84,-0.2936375499291609,-0.2944300135384181
9684.84,-0.29158144303580374,-0.29486520460286497
9686.84,-0.2902297557152334,-0.29528874093843727
9689.84,-0.28813786108805955,-0.2956770262719805
9692.84,-0.2861348881821916,-0.2956772932280832
9694.84,-0.28478703713803605,-0.2964191364167269
9697.84,-0.28273170080743265,-0.29687103176003976
9699.84,-0.2814099826778341,-0.29703774707087216
9702.84,-0.279335319629833,-0.29739288875032815
9704.84,-0.2779725805507949,-0.29760296244721834
9707.84,-0.27592316047201065,-0.2983810962062554
9710.84,-0.27387389392772854,-0.29883944304858295
9717.84,-0.26911012971587833,-0.2990523453095686
9724.84,-0.26433153849455465,-0.29961444215668215
9732.84,-0.2588518629554026,-0.300133369922134
9735.84,-0.25671273686441437,-0.3004094084309378
9738.84,-0.2598585759801965,-0.300532046372899
9740.84,-0.2618710561460755,-0.3009019392289754
9743.84,-0.2649790084875494,-0.30172252633975194
9746.84,-0.2680509089895008,-0.3021837422781251
9751.84,-0.27333067051452076,-0.3029338507279676
9753.84,-0.2754079251682265,-0.3034780010031185
9756.84,-0.27859459995486585,-0.3036026788585391
9758.84,-0.2806962273664422,-0.3041615821298514
9761.84,-0.2838472499776587,-0.30424479909098323
9764.84,-0.28693597860995856,-0.30565321750188557
9767.84,-0.2901000317005912,-0.3057386138471015
9769.84,-0.2922161779776462,-0.3057386138471015
9772.84,-0.29528874093843727,-0.3057386138471015
9774.84,-0.29739288875032815,-0.3057386138471015
9777.84,-0.300532046372899,-0.3057386138471015
9780.84,-0.3036026788585391,-0.3057386138471015
9782.84,-0.30565321750188557,-0.3057386138471015
9785.84,-0.3087120906951245,-0.3057386138471015
9787.84,-0.31085188008720355,-0.3057386138471015
9790.84,-0.3139398145531443,-0.3057386138471015
9797.84,-0.3210990949879892,-0.3057386138471015
9805.84,-0.3293999567871879,-0.3057386138471015
9813.84,-0.33749318846985477,-0.3057386138471015
9815.84,-0.3396110289444816,-0.30565321750188557
9818.84,-0.3388228627801264,-0.3050108443429947
9820.84,-0.3382754060665435,-0.3041615821298514
9823.84,-0.33756473984075747,-0.303962436523732
9826.84,-0.33665696087376357,-0.3036026788585391
9831.84,-0.33514578241914306,-0.30329515872187174
9833.84,-0.33454219428476156,-0.30329515872187174
9836.84,-0.33375785856577306,-0.30329515872187174
9838.84,-0.3331749280845103,-0.3036026788585391
9841.84,-0.3323973111122512,-0.303962436523732
9843.84,-0.3318553401460438,-0.3042632149884843
9846.84,-0.3310402981030638,-0.3050108443429947
9849.84,-0.3302161999635462,-0.30565321750188557
9851.84,-0.32972751172139886,-0.3057386138471015
9854.84,-0.32893228244166967,-0.30606141735467135
9856.84,-0.3283316752407544,-0.3067792120519351
9859.84,-0.3275136065533081,-0.30727946645172727
9862.84,-0.32667609455800384,-0.3075182038058856
9864.84,-0.32614938807289356,-0.308600985283433
9867.84,-0.32529870289700524,-0.3087120906951245
9870.84,-0.3244683999287632,-0.3091322422887577
9876.84,-0.32285140148949204,-0.3096850984713349
9884.84,-0.3206643759966748,-0.31035021740904845
9891.84,-0.31867985003319055,-0.31085188008720355
9894.84,-0.3182261806904762,-0.31090975606474797
9897.84,-0.3173621132416971,-0.3114380693855032
9900.84,-0.3164660211932827,-0.31217113308552985
9902.84,-0.3158009499260652,-0.3127595951264946
9905.84,-0.3148740426036186,-0.313268721665718
9910.84,-0.313268721665718,-0.3139398145531443
9913.84,-0.31217113308552985,-0.3139664619953077
9915.84,-0.3114380693855032,-0.3148740426036186
9918.84,-0.31035021740904845,-0.3152069804758818
9920.84,-0.3096850984713349,-0.3158009499260652
9923.84,-0.308600985283433,-0.3164660211932827
9926.84,-0.3075182038058856,-0.31704309237948414
9928.84,-0.3067792120519351,-0.3173621132416971
9931.84,-0.3057386138471015,-0.3182261806904762
9933.84,-0.3050108443429947,-0.31867985003319055
9936.84,-0.303962436523732,-0.31887532788905487
9938.84,-0.30329515872187174,-0.3200681727940065
9941.84,-0.30218009398154716,-0.3206643759966748
9944.84,-0.301146230543071,-0.3210990949879892
9946.84,-0.30042202808745294,-0.3218694105829662
9949.84,-0.2993527359840085,-0.32285140148949204
9955.84,-0.2972759306978655,-0.3237090611901535
9963.84,-0.2944020748888222,-0.3244683999287632
9971.84,-0.2915428812394106,-0.32481829801099193
9974.84,-0.2901695418273187,-0.32481829801099193
9976.84,-0.29127949337204695,-0.3244683999287632
9979.84,-0.29299490935647143,-0.3237090611901535
9982.84,-0.29477673114001557,-0.3233088752874645
9984.84,-0.29604577025320855,-0.32285140148949204
9990.84,-0.2998482755581156,-0.3223130739010088
9992.84,-0.3012213441145692,-0.3218694105829662
9995.84,-0.3030513031059745,-0.32078032188527905
9997.84,-0.3042632149884843,-0.3206643759966748
10000.84,-0.30606141735467135,-0.3200681727940065
10002.84,-0.30727946645172727,-0.31887532788905487
10005.84,-0.3091322422887577,-0.31867985003319055
10008.84,-0.31090975606474797,-0.3182450579818569
10011.84,-0.3127595951264946,-0.3182261806904762
10013.84,-0.3139664619953077,-0.3173621132416971
10015.84,-0.3152069804758818,-0.31704309237948414
10018.84,-0.31704309237948414,-0.3166914831151907
10021.84,-0.31887532788905487,-0.3164660211932827
10023.84,-0.3200681727940065,-0.3158009499260652
10026.84,-0.3218694105829662,-0.315663585215826
10029.84,-0.3237090611901535,-0.3152069804758818
10035.84,-0.32734451295031375,-0.3148740426036186
10043.84,-0.33212901142614765,-0.31427073522520654
10051.84,-0.33695861927143334,-0.3139664619953077
10054.84,-0.33869460976426,-0.313268721665718
10056.84,-0.3383714228503723,-0.31280126010965065
10059.84,-0.3378966097755209,-0.3127595951264946
10061.84,-0.33757942624319354,-0.31217113308552985
10064.84,-0.3369893248528459,-0.3118720600457362
10069.84,-0.33604797571415107,-0.3114380693855032
10071.84,-0.3356442107416415,-0.31090975606474797
10074.84,-0.33522231703791167,-0.31046580269879
10077.84,-0.3347604549778675,-0.31035021740904845
10079.84,-0.3344207939472551,-0.3096850984713349
10082.84,-0.33391396291761977,-0.3095288692710256
10084.84,-0.3336606939320002,-0.3091322422887577
10087.84,-0.333147912119518,-0.308600985283433
10089.84,-0.3328485991592815,-0.30811235310430396
10092.84,-0.3323259133108897,-0.30811235310430396
10094.84,-0.3319599740946886,-0.30811235310430396
10097.84,-0.3314734893671019,-0.30811235310430396
10100.84,-0.3310041974998304,-0.30811235310430396
10102.84,-0.33069623481054417,-0.30811235310430396
10105.84,-0.3302845842247729,-0.30811235310430396
10108.84,-0.32967832062980973,-0.30811235310430396
10115.84,-0.3284905536264161,-0.30811235310430396
10122.84,-0.3274124589362829,-0.30811235310430396
10130.84,-0.32603669316419154,-0.30811235310430396
10133.84,-0.3257824765390038,-0.30811235310430396
10135.84,-0.32481829801099193,-0.30811235310430396
10138.84,-0.3233088752874645,-0.30811235310430396
10140.84,-0.3223130739010088,-0.30811235310430396
10143.84,-0.32078032188527905,-0.30811235310430396
10148.84,-0.3182450579818569,-0.30811235310430396
10151.84,-0.3166914831151907,-0.30811235310430396
10153.84,-0.315663585215826,-0.30811235310430396
10156.84,-0.31427073522520654,-0.30811235310430396
10159.84,-0.31280126010965065,-0.30811235310430396
10161.84,-0.3118720600457362,-0.30811235310430396
10164.84,-0.31046580269879,-0.30811235310430396
10166.84,-0.3095288692710256,-0.30811235310430396
10169.84,-0.30811235310430396,-0.30811235310430396
10172.84,-0.3066121820218365,-0.3066121820218365
10174.84,-0.3055969866061407,-0.3055969866061407
10177.84,-0.30414222271669084,-0.30414222271669084
10180.84,-0.3026072404747043,-0.3026072404747043
10182.84,-0.30166161659689417,-0.30166161659689417
10185.84,-0.30020117335151864,-0.30020117335151864
10188.84,-0.29874418137225567,-0.29874418137225567
10194.84,-0.29581724733949855,-0.29581724733949855
10202.84,-0.29191352206994864,-0.29191352206994864
10210.84,-0.28788861197288607,-0.2901052887093554
10212.84,-0.28682031739530495,-0.28977914407286354
10215.84,-0.2870376186530178,-0.28947131616222527
10218.84,-0.28733416785067767,-0.28924801537437905
10220.84,-0.28744141168523596,-0.2890946482528042
10223.84,-0.28758115788166166,-0.28901068777204136
10228.84,-0.28776214009776374,-0.2889554274665819
10230.84,-0.28788501689068413,-0.2888571095936943
10233.84,-0.28802062699117764,-0.28880463460109995
10236.84,-0.2881109261684002,-0.28872708768122424
10238.84,-0.2881770995574324,-0.28862273496621144
10241.84,-0.28825113833453564,-0.2885430952252606
10244.84,-0.28829677883811905,-0.2884803572570905
10246.84,-0.28841106322813004,-0.28841106322813004
10249.84,-0.2884803572570905,-0.2884094737041192
10251.84,-0.2885430952252606,-0.28829677883811905
10254.84,-0.28862273496621144,-0.28825113833453564
10256.84,-0.28872708768122424,-0.28825113833453564
10259.84,-0.28880463460109995,-0.28825113833453564
10262.84,-0.2888571095936943,-0.28825113833453564
10265.84,-0.2889554274665819,-0.28825113833453564
10267.84,-0.28901068777204136,-0.28825113833453564
10274.84,-0.28924801537437905,-0.28825113833453564
10282.84,-0.28947131616222527,-0.28825113833453564
10289.84,-0.28977914407286354,-0.28825113833453564
10292.84,-0.2901052887093554,-0.28825113833453564
10295.84,-0.2890946482528042,-0.28825113833453564
10297.84,-0.2884094737041192,-0.28825113833453564
10300.84,-0.28760235722977767,-0.28825113833453564
10303.84,-0.2867222280280315,-0.28825113833453564
10308.84,-0.2853091109140197,-0.28825113833453564
10310.84,-0.2847385571439738,-0.28825113833453564
10313.84,-0.2837276260747326,-0.28825113833453564
10315.84,-0.28309465261313005,-0.28825113833453564
10318.84,-0.28208502372992933,-0.28825113833453564
10320.84,-0.2814262994499759,-0.28825113833453564
10323.84,-0.28039757131393506,-0.28825113833453564
10326.84,-0.2793997731958851,-0.28825113833453564
10328.84,-0.2787435390394943,-0.28825113833453564
10331.84,-0.2777409163838086,-0.28825113833453564
10333.84,-0.2770767939378116,-0.28825113833453564
10336.84,-0.2761042876680611,-0.28825113833453564
10338.84,-0.27541810667584943,-0.28825113833453564
10341.84,-0.27440457954730735,-0.28825113833453564
10343.84,-0.2737391897297551,-0.28825113833453564
10346.84,-0.2727333908415511,-0.28825113833453564
10353.84,-0.27037211062680555,-0.28825113833453564
10360.84,-0.26799974078104544,-0.28825113833453564
10369.84,-0.2648375679233111,-0.28825113833453564
10371.84,-0.2640163553513149,-0.28825113833453564
10374.84,-0.2654122754293069,-0.28825113833453564
10377.84,-0.26681755093939535,-0.28829677883811905
10380.84,-0.26813730242734324,-0.2884094737041192
10382.84,-0.26909260826603565,-0.28841106322813004
10387.84,-0.27159000262171173,-0.2884803572570905
10390.84,-0.27305746318610136,-0.2885430952252606
10393.84,-0.2745970814933241,-0.28862273496621144
10395.84,-0.2756467787879279,-0.28872708768122424
10398.84,-0.2771269438297025,-0.28880463460109995
10401.84,-0.2787514450307593,-0.2888571095936943
10403.84,-0.27978462727283165,-0.2889554274665819
10406.84,-0.28136734869048213,-0.28901068777204136
10408.84,-0.28241236223358923,-0.2890946482528042
10411.84,-0.2839612164740392,-0.28924801537437905
10414.84,-0.28554334242529444,-0.28947131616222527
10417.84,-0.28709520814074546,-0.2896712321440393
10419.84,-0.28815140402288497,-0.28977914407286354
10422.84,-0.2896712321440393,-0.2901052887093554
10424.84,-0.29073711046540207,-0.29073711046540207
10427.84,-0.2923412541313025,-0.2923412541313025
10433.84,-0.2954292175472529,-0.2928587570407462
10441.84,-0.2996337141518455,-0.2929364500697617
10449.84,-0.3038431236452976,-0.2930690923426346
10452.84,-0.30534800489675185,-0.2930987316686401
10454.84,-0.30519409523388663,-0.293260445643213
10457.84,-0.30476273348229804,-0.29327173616758906
10459.84,-0.3045306317880274,-0.2935695367063272
10462.84,-0.3040138494038002,-0.29360810418821026
10467.84,-0.3031337457834642,-0.2936892197856874
10470.84,-0.3026489862798776,-0.2937791320266193
10472.84,-0.30233823156706047,-0.2938114356971684
10475.84,-0.30185961046147414,-0.29388877134191327
10478.84,-0.3013686254216413,-0.293922155728353
10480.84,-0.3010495671833379,-0.2940048552447992
10483.84,-0.3005824097591871,-0.29404039871324034
10486.84,-0.30009599352023175,-0.2941294311819122
10488.84,-0.299778963707136,-0.2942132821691667
10491.84,-0.2992747206900831,-0.29425366764985367
10494.84,-0.2987827481164859,-0.29434006030645066
10496.84,-0.2984660857085965,-0.2944137589087872
10499.84,-0.29796621426992176,-0.29447826868353966
10501.84,-0.2976421926642214,-0.2944867449774813
10504.84,-0.29719988041954787,-0.29457009854216537
10507.84,-0.29665749618101783,-0.29470392576433324
10513.84,-0.2957663499352964,-0.2948174774765512
10521.84,-0.29447826868353966,-0.2949525391185685
10529.84,-0.29327173616758906,-0.29503680649255565
10532.84,-0.2928587570407462,-0.2952643671044412
10534.84,-0.2929364500697617,-0.2954292175472529
10537.84,-0.2930690923426346,-0.29547382436658143
10539.84,-0.2930987316686401,-0.2956792640400758
10542.84,-0.293260445643213,-0.2957663499352964
10547.84,-0.2935695367063272,-0.29608543536666004
10550.84,-0.29360810418821026,-0.29665749618101783
10552.84,-0.2936892197856874,-0.2966826156078444
10555.84,-0.2937791320266193,-0.2966826156078444
10558.84,-0.2938114356971684,-0.2966826156078444
10560.84,-0.29388877134191327,-0.2966826156078444
10563.84,-0.293922155728353,-0.2966826156078444
10566.84,-0.2940048552447992,-0.2966826156078444
10568.84,-0.29404039871324034,-0.2966826156078444
10571.84,-0.2941294311819122,-0.2966826156078444
10573.84,-0.2942132821691667,-0.2966826156078444
10576.84,-0.29425366764985367,-0.2966826156078444
10578.84,-0.29434006030645066,-0.2966826156078444
10581.84,-0.2944137589087872,-0.2966826156078444
10584.84,-0.2944867449774813,-0.2966826156078444
10587.84,-0.29457009854216537,-0.2966826156078444
10593.84,-0.29470392576433324,-0.2966826156078444
10601.84,-0.2948174774765512,-0.2966826156078444
10609.84,-0.2949525391185685,-0.2966826156078444
10611.84,-0.29503680649255565,-0.2966826156078444
10614.84,-0.2952643671044412,-0.29665749618101783
10617.84,-0.29547382436658143,-0.2962195306342973
10619.84,-0.2956792640400758,-0.29608543536666004
10622.84,-0.29608543536666004,-0.2957663499352964
10627.84,-0.2966826156078444,-0.2956792640400758
10629.84,-0.2969373611991701,-0.2955062557224407
10632.84,-0.2972992042550218,-0.29547382436658143
10635.84,-0.2976269687251783,-0.2952643671044412
10637.84,-0.2978668014437819,-0.29503680649255565
10640.84,-0.2982359596053565,-0.29502072162027204
10642.84,-0.29848378567065004,-0.2949525391185685
10645.84,-0.2987926503545636,-0.2948174774765512
10648.84,-0.2991090703080164,-0.29470392576433324
10650.84,-0.29931854044010286,-0.29457009854216537
10653.84,-0.29969466601669087,-0.2944867449774813
10655.84,-0.2999387190179024,-0.29447826868353966
10658.84,-0.30028400290391594,-0.2944137589087872
10661.84,-0.30056505652802123,-0.29434006030645066
10663.84,-0.3008265219633956,-0.29431188351448706
10666.84,-0.3012058324122157,-0.29425366764985367
10673.84,-0.3019521628894853,-0.2942132821691667
10680.84,-0.30275662942550907,-0.2941294311819122
10688.84,-0.3036564172702161,-0.29404039871324034
10691.84,-0.3038768919486496,-0.2940048552447992
10693.84,-0.3033830094055531,-0.293922155728353
10696.84,-0.30268860594875957,-0.293922155728353
10698.84,-0.3021483022730268,-0.293922155728353
10701.84,-0.3012397727032657,-0.2940048552447992
10706.84,-0.2996395830936341,-0.29404039871324034
10709.84,-0.2986953676571174,-0.29406468596065277
10711.84,-0.2981471219548378,-0.2941294311819122
10714.84,-0.29739216168580934,-0.2942132821691667
10717.84,-0.29672980703008495,-0.29425366764985367
10719.84,-0.2962195306342973,-0.29431188351448706
10722.84,-0.2955062557224407,-0.29434006030645066
10724.84,-0.29502072162027204,-0.2944137589087872
10727.84,-0.29431188351448706,-0.2944867449774813
10730.84,-0.2935713731620903,-0.29451605529952024
10732.84,-0.29308254650783633,-0.29457009854216537
10735.84,-0.292350268482886,-0.29470392576433324
10737.84,-0.2918894921473661,-0.2948174774765512
10740.84,-0.29119529598155225,-0.2949525391185685
10742.84,-0.2906428116268247,-0.29502072162027204
10745.84,-0.28990862831485387,-0.29503680649255565
10752.84,-0.28821307809268853,-0.2952643671044412
10759.84,-0.28662056136348374,-0.29527071623071827
10768.84,-0.284516425158021,-0.29547382436658143
10770.84,-0.2841079421447286,-0.2955062557224407
10772.84,-0.2842308125304834,-0.2956792640400758
10775.84,-0.2845194901487725,-0.2960737523989138
10778.84,-0.2848899272430165,-0.29608543536666004
10781.84,-0.2852802440321975,-0.2962195306342973
10786.84,-0.2860673230388764,-0.2966691440303822
10788.84,-0.28634314678662587,-0.2966826156078444
10791.84,-0.2866679257130845,-0.29672980703008495
10793.84,-0.2868410839215468,-0.2969373611991701
10796.84,-0.28699218729946535,-0.2972992042550218
10799.84,-0.2871185902283743,-0.29739216168580934
10802.84,-0.2873099937377901,-0.29739216168580934
10804.84,-0.28740323787509414,-0.29739216168580934
10806.84,-0.2874974491724243,-0.29739216168580934
10809.84,-0.2877009469589767,-0.29739216168580934
10812.84,-0.2878482075017175,-0.29739216168580934
10814.84,-0.2879748012327744,-0.2972171418220454
10817.84,-0.2881396482664494,-0.29672980703008495
10819.84,-0.28824005841888023,-0.2967197117420164
10822.84,-0.2884310625399206,-0.2966691440303822
10825.84,-0.288589925195477,-0.2962195306342973
10832.84,-0.2889954875204605,-0.2960737523989138
10839.84,-0.2892830221926338,-0.2959577485711987
10847.84,-0.28971407994661935,-0.2955062557224407
10850.84,-0.28977899093941034,-0.29527071623071827
10852.84,-0.29026880827300683,-0.29502072162027204
10855.84,-0.29102878278785577,-0.29451605529952024
10857.84,-0.291515670725894,-0.29431188351448706
10860.84,-0.29222385228351994,-0.29413568872531626
10865.84,-0.2933548015667606,-0.29406468596065277
10868.84,-0.29406468596065277,-0.2935713731620903
10870.84,-0.29451605529952024,-0.2933548015667606
10873.84,-0.29527071623071827,-0.29308254650783633
10876.84,-0.2960737523989138,-0.2924402588819861
10878.84,-0.2966691440303822,-0.292350268482886
10881.84,-0.29744816508930344,-0.29222385228351994
10884.84,-0.29821940983268175,-0.2918894921473661
10886.84,-0.29874275007128637,-0.291515670725894
10889.84,-0.29949131742170415,-0.29119529598155225
10891.84,-0.3000197511014996,-0.29102878278785577
10894.84,-0.3007727779149845,-0.2906428116268247
10897.84,-0.3015546498202419,-0.29051963155590554
10900.84,-0.3023156905207972,-0.29026880827300683
10902.84,-0.3028662430801675,-0.28990862831485387
10905.84,-0.30364024069434686,-0.2898426683869115
10912.84,-0.305497740078829,-0.2898403792876147
10919.84,-0.30729023200571143,-0.2898334179125107
10927.84,-0.3092656844360244,-0.2898334179125107
10930.84,-0.31016514843345233,-0.2898403792876147
10933.84,-0.30951572424442925,-0.2898426683869115
10935.84,-0.30893125638710556,-0.29026880827300683
10938.84,-0.30814233761443777,-0.29051963155590554
10941.84,-0.3073779058964298,-0.29102878278785577
10946.84,-0.30610554708663074,-0.2910289149170584
10949.84,-0.30531767772635604,-0.291515670725894
10951.84,-0.3047954396390441,-0.29222385228351994
10954.84,-0.30405852717639964,-0.2924402588819861
10956.84,-0.3035202759048576,-0.2926552846540493
10959.84,-0.30275950075862934,-0.2933548015667606
10962.84,-0.3019913604744828,-0.29406468596065277
10965.84,-0.3012229919178366,-0.29413568872531626
10967.84,-0.3006990518471647,-0.29451605529952024
10970.84,-0.29998463558389166,-0.2950183756632131
10972.84,-0.2994826876522805,-0.29527071623071827
10975.84,-0.29873452608126033,-0.2959577485711987
10978.84,-0.29796500301117035,-0.2960737523989138
10981.84,-0.2972171418220454,-0.2966691440303822
10983.84,-0.2967197117420164,-0.2967197117420164
10986.84,-0.2959577485711987,-0.2972171418220454
10993.84,-0.29413568872531626,-0.2973811022739996
11000.84,-0.2924402588819861,-0.29744816508930344
11008.84,-0.29051963155590554,-0.29796500301117035
11011.84,-0.2898076192605768,-0.29821940983268175
11014.84,-0.2897677070269575,-0.29873452608126033
11016.84,-0.2897630469275177,-0.29874275007128637
11019.84,-0.2897622173819425,-0.2994826876522805
11022.84,-0.2897636410596357,-0.29949131742170415
11027.84,-0.2898403792876147,-0.29998463558389166
11029.84,-0.289804639939334,-0.3000197511014996
11032.84,-0.2898426683869115,-0.3006990518471647
11034.84,-0.2898334179125107,-0.3007727779149845
11037.84,-0.2897597626178031,-0.3012229919178366
11039.84,-0.28973608517080185,-0.301308931726814
11042.84,-0.2896654219237504,-0.3015546498202419
11044.84,-0.28963500548266924,-0.3019913604744828
11047.84,-0.2895761171216025,-0.3023156905207972
11050.84,-0.2895589664238047,-0.30275950075862934
11052.84,-0.2895552170371204,-0.3028662430801675
11055.84,-0.28953150967216906,-0.3035202759048576
11058.84,-0.289480454884764,-0.30364024069434686
11060.84,-0.28945323156758196,-0.30368600151802955
11063.84,-0.28940112009623276,-0.30405852717639964
11066.84,-0.28935307484369777,-0.3047954396390441
11072.84,-0.2892747477359229,-0.30527243496976536
11080.84,-0.28901537865301746,-0.30531767772635604
11088.84,-0.2887890192404995,-0.305497740078829
11091.84,-0.2886315290430716,-0.30610554708663074
11094.84,-0.2910289149170584,-0.30610554708663074
11096.84,-0.2926552846540493,-0.30610554708663074
11099.84,-0.2950183756632131,-0.30610554708663074
11102.84,-0.2973811022739996,-0.30610554708663074
11107.84,-0.301308931726814,-0.30610554708663074
11110.84,-0.30368600151802955,-0.30610554708663074
11112.84,-0.30527243496976536,-0.30610554708663074
11115.84,-0.30770682988800585,-0.30770682988800585
11117.84,-0.3093767344958549,-0.308063637768141
11120.84,-0.3118533105279043,-0.3093767344958549
11122.84,-0.31344935364616006,-0.3095214518549166
11125.84,-0.31591145753904903,-0.3096109176896199
11128.84,-0.31838149308305985,-0.3105110384321945
11130.84,-0.3200078914806491,-0.3118533105279043
11133.84,-0.3224190852720247,-0.31202277578909393
11136.84,-0.3248564907523621,-0.31344935364616006
11138.84,-0.32648717453310755,-0.31361929412161244
11141.84,-0.328868214334688,-0.3143058421613327
11144.84,-0.3313318901174583,-0.31591145753904903
11146.84,-0.33295948998876723,-0.31623348645865546
11153.84,-0.3385668504755521,-0.31779852938613923
11161.84,-0.3450497872080586,-0.31838149308305985
11169.84,-0.35144111533255346,-0.318863210693892
11171.84,-0.35304159469230983,-0.3188877681211452
11174.84,-0.3514950429814792,-0.3200078914806491
11177.84,-0.3499875078012625,-0.3207132185543544
11179.84,-0.3490009182623942,-0.32190751663257416
11182.84,-0.3473789580734707,-0.322331000172502
11187.84,-0.34470631405892027,-0.3224190852720247
11190.84,-0.3431079471681955,-0.32370679971085337
11192.84,-0.34201779561104395,-0.32411738270145196
11195.84,-0.34031619661462564,-0.3248564907523621
11197.84,-0.33911381928485074,-0.3248564907523621
11200.84,-0.33733725769308903,-0.3248564907523621
11203.84,-0.3356608517358884,-0.3248564907523621
11205.84,-0.33441417179801125,-0.3248564907523621
11208.84,-0.33272322993335335,-0.3248564907523621
11210.84,-0.331567848601125,-0.3248564907523621
11213.84,-0.3298774289355393,-0.3248564907523621
11216.84,-0.3281789106940842,-0.3248564907523621
11218.84,-0.3269934141417535,-0.3248564907523621
11221.84,-0.3252485856986138,-0.3248564907523621
11223.84,-0.32411738270145196,-0.3248564907523621
11226.84,-0.322331000172502,-0.3248564907523621
11232.84,-0.318863210693892,-0.3248564907523621
11240.84,-0.3143058421613327,-0.3248564907523621
11248.84,-0.3096109176896199,-0.3248564907523621
11251.84,-0.308063637768141,-0.3248564907523621
11254.84,-0.3095214518549166,-0.3248564907523621
11256.84,-0.3105110384321945,-0.3248564907523621
11259.84,-0.31202277578909393,-0.3248564907523621
11262.84,-0.31361929412161244,-0.3248564907523621
11267.84,-0.31623348645865546,-0.3248564907523621
11270.84,-0.31779852938613923,-0.3248564907523621
11272.84,-0.3188877681211452,-0.3248564907523621
11275.84,-0.3207132185543544,-0.3248564907523621
11277.84,-0.32190751663257416,-0.3248564907523621
11280.84,-0.32370679971085337,-0.3248564907523621
11283.84,-0.32549004210761356,-0.3248564907523621
11286.84,-0.32727612375621296,-0.3248564907523621
11288.84,-0.3284245334868029,-0.3248564907523621
11291.84,-0.3301046069530801,-0.3248564907523621
11293.84,-0.33126578563566,-0.3248564907523621
11296.84,-0.3329894358254976,-0.3248564907523621
11299.84,-0.3346974192591556,-0.3248564907523621
11302.84,-0.33645524101502394,-0.3248564907523621
11304.84,-0.33758693073647494,-0.32411738270145196
11307.84,-0.3393394740372456,-0.32370679971085337
11313.84,-0.34278170879081565,-0.322331000172502
11321.84,-0.34718184222470755,-0.322306994282807
11330.84,-0.3521909685548143,-0.32190751663257416
11332.84,-0.35313020135946616,-0.3207132185543544
11335.84,-0.35049449893319645,-0.32021873669385076
11337.84,-0.3486757520745758,-0.3188877681211452
11340.84,-0.3459697088602909,-0.318863210693892
11343.84,-0.34319362406606774,-0.31779852938613923
11348.84,-0.3385760853169685,-0.3171628714925467
11350.84,-0.3366093744035911,-0.31623348645865546
11353.84,-0.3335925100386743,-0.31512126633031057
11355.84,-0.33154626593296266,-0.3143058421613327
11358.84,-0.32845976839849267,-0.31361929412161244
11361.84,-0.32537284352827095,-0.31202277578909393
11364.84,-0.322306994282807,-0.3120117262584192
11366.84,-0.32021873669385076,-0.3105110384321945
11369.84,-0.3171628714925467,-0.30996497698074066
11371.84,-0.31512126633031057,-0.3096109176896199
11374.84,-0.3120117262584192,-0.3095214518549166
11376.84,-0.30996497698074066,-0.308063637768141
11379.84,-0.3068804822943359,-0.3068804822943359
11382.84,-0.30378242188686927,-0.30378242188686927
11384.84,-0.30177717672371246,-0.30177717672371246
11387.84,-0.2986302662348984,-0.2986302662348984
11393.84,-0.2924393450937346,-0.2986302662348984
11401.84,-0.28437986291944856,-0.2986302662348984
11409.84,-0.2762186723280739,-0.2986302662348984
11412.84,-0.2732498329668676,-0.2986302662348984
11414.84,-0.2731816184995383,-0.2986051287822759
11417.84,-0.2730926986336066,-0.297699848456874
11419.84,-0.2730377132781486,-0.2966562957279822
11422.84,-0.27296034822295623,-0.2959804766346205
11427.84,-0.2728144584274575,-0.2940811375737652
11430.84,-0.27277739193977335,-0.29399290328311045
11432.84,-0.27282786821698685,-0.2931703316265056
11435.84,-0.2729480288542256,-0.2925171300510378
11437.84,-0.2730810553534432,-0.2924393450937346
11440.84,-0.2732207931439206,-0.2924313225285141
11443.84,-0.27338238526491204,-0.2916073803314281
11445.84,-0.2734763692987616,-0.2909868562678684
11448.84,-0.2735934839167379,-0.29092074857822936
11450.84,-0.273727630708959,-0.29003282189312346
11453.84,-0.27383718434730653,-0.2899844695910197
11455.84,-0.27395929385650736,-0.28910149639778127
11458.84,-0.2740778261336721,-0.28861723539745293
11460.84,-0.27417079798734445,-0.28844977804620986
11463.84,-0.2743265679496094,-0.2877068037349339
11466.84,-0.27444507210945995,-0.28747303310521927
11472.84,-0.2747388643382461,-0.28658335642437516
11480.84,-0.2749039526488464,-0.28629737089707774
11488.84,-0.2751712593669009,-0.2859546774100471
11490.84,-0.27519810268213346,-0.2853833603447329
11493.84,-0.27642650091725335,-0.2850470101499064
11495.84,-0.27725031650185294,-0.28437986291944856
11498.84,-0.2784041449716128,-0.28414767703269045
11501.84,-0.27956728151890864,-0.2839670708882232
11506.84,-0.281682931783634,-0.28350663660206554
11508.84,-0.28244173715812493,-0.2825645733674042
11511.84,-0.28350663660206554,-0.28244173715812493
11513.84,-0.28414767703269045,-0.28244173715812493
11516.84,-0.2850470101499064,-0.28244173715812493
11519.84,-0.2859546774100471,-0.28244173715812493
11521.84,-0.28658335642437516,-0.28244173715812493
11524.84,-0.28747303310521927,-0.28244173715812493
11527.84,-0.28844977804620986,-0.28244173715812493
11529.84,-0.28910149639778127,-0.28244173715812493
11532.84,-0.29003282189312346,-0.28244173715812493
11535.84,-0.2909868562678684,-0.28244173715812493
11537.84,-0.2916073803314281,-0.28244173715812493
11540.84,-0.2925171300510378,-0.28244173715812493
11542.84,-0.2931703316265056,-0.28244173715812493
11545.84,-0.2940811375737652,-0.28244173715812493
11551.84,-0.2959804766346205,-0.28244173715812493
11559.84,-0.2986051287822759,-0.28244173715812493
11567.84,-0.3011619383482074,-0.28244173715812493
11570.84,-0.3021244251766861,-0.28244173715812493
11572.84,-0.3009946022416876,-0.28244173715812493
11575.84,-0.29922615916547196,-0.2825645733674042
11578.84,-0.297699848456874,-0.28350663660206554
11580.84,-0.2966562957279822,-0.28371986023619694
11585.84,-0.29399290328311045,-0.2839670708882232
11588.84,-0.2924313225285141,-0.28414767703269045
11591.84,-0.29092074857822936,-0.2850470101499064
11593.84,-0.2899844695910197,-0.28507773320510527
11596.84,-0.28861723539745293,-0.2853833603447329
11598.84,-0.2877068037349339,-0.2859546774100471
11601.84,-0.28629737089707774,-0.28629737089707774
11603.84,-0.2853833603447329,-0.28658335642437516
11606.84,-0.2839670708882232,-0.28714745579973827
11609.84,-0.2825645733674042,-0.28747303310521927
11612.84,-0.2811505791778452,-0.2877068037349339
11614.84,-0.2802282818806224,-0.28844977804620986
11617.84,-0.27879429190007476,-0.2884815727761368
11620.84,-0.27740706836560675,-0.28861723539745293
11622.84,-0.2764717494890483,-0.28910149639778127
11625.84,-0.27506303867253423,-0.2899844695910197
11631.84,-0.2722140619707692,-0.29003282189312346
11639.84,-0.26825206479816543,-0.2904829436342747
11647.84,-0.264324713538732,-0.29092074857822936
11650.84,-0.26279878607924445,-0.2909868562678684
11652.84,-0.26430946642566855,-0.2916073803314281
11655.84,-0.26660881679528736,-0.2924313225285141
11658.84,-0.2687968230893404,-0.2925171300510378
11661.84,-0.2709924316582867,-0.29252375663780883
11666.84,-0.27462940571099304,-0.2931703316265056
11668.84,-0.276087216978653,-0.29399290328311045
11671.84,-0.27822429352505934,-0.2940811375737652
11673.84,-0.279577807803685,-0.29453940253307864
11676.84,-0.2816549384384074,-0.2958632305348452
11679.84,-0.28371986023619694,-0.2959804766346205
11681.84,-0.28507773320510527,-0.2966562957279822
11684.84,-0.28714745579973827,-0.297699848456874
11686.84,-0.2884815727761368,-0.2978764999560616
11689.84,-0.2904829436342747,-0.2986051287822759
11692.84,-0.29252375663780883,-0.2991789691918748
11695.84,-0.29453940253307864,-0.29922615916547196
11697.84,-0.2958632305348452,-0.3009946022416876
11700.84,-0.2978764999560616,-0.3011619383482074
11702.84,-0.2991789691918748,-0.30124410291302395
11705.84,-0.30124410291302395,-0.3021244251766861
11712.84,-0.3058902644847901,-0.3058902644847901
11719.84,-0.31050732957438565,-0.31050732957438565
11727.84,-0.31583788515258493,-0.31583788515258493
11730.84,-0.3176059123342148,-0.3176059123342148
11732.84,-0.31842050607286276,-0.31842050607286276
11735.84,-0.3195884461808775,-0.3195884461808775
11737.84,-0.32035601829957044,-0.32035601829957044
11740.84,-0.32131871726933153,-0.32131871726933153
11745.84,-0.32307828311706127,-0.32307828311706127
11748.84,-0.32408385227589254,-0.32307828311706127
11750.84,-0.32474854220667515,-0.32307828311706127
11753.84,-0.3258215976326084,-0.32307828311706127
11756.84,-0.3268907360829581,-0.32307828311706127
11758.84,-0.32756133651853986,-0.32307828311706127
11761.84,-0.32858122185099775,-0.32307828311706127
11764.84,-0.32965602687306866,-0.32307828311706127
11766.84,-0.3303393149284392,-0.32307828311706127
11769.84,-0.33142660692743464,-0.32307828311706127
11771.84,-0.3321620501049342,-0.32307828311706127
11774.84,-0.3332303680342734,-0.32307828311706127
11776.84,-0.3339126238198971,-0.32307828311706127
11779.84,-0.3350163527214914,-0.32307828311706127
11782.84,-0.3360464977573366,-0.32307828311706127
11784.84,-0.3367585518303554,-0.32307828311706127
11791.84,-0.3391785026037863,-0.32307828311706127
11799.84,-0.34215057413560696,-0.32307828311706127
11807.84,-0.34505481062899895,-0.32307828311706127
11810.84,-0.34631654101823145,-0.32307828311706127
11812.84,-0.346000214242341,-0.32307828311706127
11815.84,-0.3454766791022388,-0.32307828311706127
11817.84,-0.3452361181241575,-0.32307828311706127
11820.84,-0.34484485148737426,-0.32307828311706127
11825.84,-0.34424900549372467,-0.32307828311706127
11828.84,-0.34388773476651124,-0.32307828311706127
11830.84,-0.34370095800459316,-0.32307828311706127
11833.84,-0.3434095492338341,-0.32307828311706127
11835.84,-0.3432474736149104,-0.32307828311706127
11838.84,-0.3429525162867027,-0.32307828311706127
11841.84,-0.3426464025838126,-0.32307828311706127
11843.84,-0.3424514158051337,-0.32307828311706127
11846.84,-0.3421929142052852,-0.32307828311706127
11848.84,-0.34187439883896475,-0.32307828311706127
11851.84,-0.3415926483032333,-0.32307828311706127
11853.84,-0.34129552104819283,-0.32307828311706127
11856.84,-0.34096240312202175,-0.32307828311706127
11859.84,-0.3407879408706394,-0.32307828311706127
11861.84,-0.34046619196724187,-0.32307828311706127
11864.84,-0.3400938078366085,-0.32386110400081325
11871.84,-0.33931052507622245,-0.32408385227589254
11878.84,-0.33835727474898575,-0.32474854220667515
11886.84,-0.3373256234756655,-0.32503388005393946
11889.84,-0.3370963860009175,-0.32577626694181855
11891.84,-0.33592317415598355,-0.3258215976326084
11894.84,-0.33416950342010904,-0.3268907360829581
11896.84,-0.33289034396879924,-0.3268907360829581
11899.84,-0.3309182005128404,-0.3268907360829581
11905.84,-0.327049575133529,-0.3268907360829581
11907.84,-0.32577626694181855,-0.3268907360829581
11910.84,-0.32386110400081325,-0.3268907360829581
11912.84,-0.3225192341581157,-0.3268907360829581
11915.84,-0.3205278546391173,-0.3268907360829581
11918.84,-0.31855833677158435,-0.3268907360829581
11920.84,-0.3172450297755948,-0.3268907360829581
11923.84,-0.3152612809461195,-0.32644982909948805
11925.84,-0.3139668228025872,-0.32577626694181855
11928.84,-0.31200871447385864,-0.32540140922062455
11930.84,-0.3107073530227945,-0.32503388005393946
11933.84,-0.30875057193182937,-0.32472470764995953
11936.84,-0.3067841792820776,-0.32386110400081325
11939.84,-0.3048038198534045,-0.3237120300461866
11941.84,-0.3035088699106224,-0.3230768498676619
11944.84,-0.30158202778662113,-0.3225192341581157
11950.84,-0.2977506074550761,-0.32213359617365317
11958.84,-0.2926609324333505,-0.32145896387247247
11966.84,-0.28756571829946936,-0.3205280071859276
11969.84,-0.2852150868121395,-0.3205278546391173
11972.84,-0.2868306668084849,-0.320468882966698
11974.84,-0.2879131641646954,-0.3194344466963008
11977.84,-0.2895661624200534,-0.31877409708000404
11979.84,-0.29074352155484295,-0.31855833677158435
11984.84,-0.2936911177399307,-0.31772463019108244
11987.84,-0.29540305427895164,-0.3172450297755948
11990.84,-0.2971284832930239,-0.3166797248295586
11992.84,-0.29834264621916123,-0.3165033015222649
11995.84,-0.30009037116401516,-0.31600986369128076
11997.84,-0.30125727455067997,-0.3153641709522555
12000.84,-0.3030177647527578,-0.3152612809461195
12003.84,-0.30479302820561227,-0.3149969653665863
12005.84,-0.30597454474226377,-0.3139859334958929
12008.84,-0.30773859547078614,-0.3139668228025872
12010.84,-0.3089099817701581,-0.31361650837835225
12013.84,-0.31070042069679105,-0.31299904446796994
12015.84,-0.3118383736213053,-0.31200871447385864
12018.84,-0.31361650837835225,-0.3118383736213053
12021.84,-0.3153641709522555,-0.31101113753565934
12023.84,-0.3165033015222649,-0.3107073530227945
12030.84,-0.3205280071859276,-0.31070042069679105
12038.84,-0.32503388005393946,-0.3089099817701581
12046.84,-0.32965077423645756,-0.30875057193182937
12049.84,-0.3313679113507943,-0.30826923676971113
12051.84,-0.33075766479307117,-0.30773859547078614
12054.84,-0.32986377245385234,-0.3067841792820776
12056.84,-0.3292539346734126,-0.30597454474226377
12059.84,-0.32818779042250423,-0.30552082844001816
12064.84,-0.32644982909948805,-0.3048038198534045
12067.84,-0.32540140922062455,-0.30479302820561227
12069.84,-0.32472470764995953,-0.3047125800772812
12072.84,-0.3237120300461866,-0.30465777364814295
12074.84,-0.3230768498676619,-0.304568158301946
12077.84,-0.32213359617365317,-0.30449281295387604
12079.84,-0.32145896387247247,-0.3043342891401393
12082.84,-0.320468882966698,-0.30411318588293573
12085.84,-0.3194344466963008,-0.3039229858908153
12087.84,-0.31877409708000404,-0.3037532917857074
12090.84,-0.31772463019108244,-0.3035392657701497
12093.84,-0.3166797248295586,-0.3035088699106224
12095.84,-0.31600986369128076,-0.3031772320825356
12098.84,-0.3149969653665863,-0.3030177647527578
12101.84,-0.3139859334958929,-0.3029625740771235
12104.84,-0.31299904446796994,-0.30264321441401326
12110.84,-0.31101113753565934,-0.3024435133008109
12118.84,-0.30826923676971113,-0.3021438825190828
12126.84,-0.30552082844001816,-0.3021438825190828
12129.84,-0.3047125800772812,-0.3021438825190828
12131.84,-0.30465777364814295,-0.3021438825190828
12134.84,-0.304568158301946,-0.3021438825190828
12136.84,-0.30449281295387604,-0.3021438825190828
12139.84,-0.3043342891401393,-0.3021438825190828
12144.84,-0.30411318588293573,-0.3021438825190828
12147.84,-0.3039229858908153,-0.3021438825190828
12150.84,-0.3037532917857074,-0.3021438825190828
12152.84,-0.3035392657701497,-0.3021438825190828
12155.84,-0.3031772320825356,-0.3021438825190828
12157.84,-0.3029625740771235,-0.3021438825190828
12160.84,-0.30264321441401326,-0.3021438825190828
12162.84,-0.3024435133008109,-0.3021438825190828
12165.84,-0.3021438825190828,-0.3021438825190828
12168.84,-0.30185359921981,-0.30185359921981
12170.84,-0.30166609798976907,-0.30166609798976907
12173.84,-0.301367827304264,-0.301367827304264
12175.84,-0.301162690334889,-0.301162690334889
12178.84,-0.3008590175611557,-0.3008590175611557
12180.84,-0.3006385571341826,-0.3006385571341826
12183.84,-0.3003229123768961,-0.3003229123768961
12190.84,-0.29955141135050095,-0.29955141135050095
12197.84,-0.2989519977778761,-0.2989519977778761
12205.84,-0.29810986216226226,-0.29810986216226226
12208.84,-0.2976349553729552,-0.29810986216226226
12211.84,-0.29680629119535235,-0.29810986216226226
12213.84,-0.2962271124494898,-0.29810986216226226
12216.84,-0.295454707172076,-0.29810986216226226
12218.84,-0.2950258451562443,-0.29810986216226226
12224.84,-0.29376046484961815,-0.29810986216226226
12226.84,-0.29332346930477293,-0.29810986216226226
12229.84,-0.29266101564716646,-0.29810986216226226
12231.84,-0.2922658983825178,-0.29810986216226226
12234.84,-0.2916607275911348,-0.29810986216226226
12237.84,-0.291065101557236,-0.29810986216226226
12239.84,-0.2906515078197985,-0.29810986216226226
12242.84,-0.2900383941175301,-0.29810986216226226
12244.84,-0.28963607973646754,-0.29810986216226226
12247.84,-0.2890174879115966,-0.29810986216226226
12249.84,-0.2886078585102338,-0.29810986216226226
12252.84,-0.28800539146518067,-0.29810986216226226
12255.84,-0.2873849528083267,-0.29810986216226226
12257.84,-0.28699217170187946,-0.29810986216226226
12260.84,-0.2864018778116947,-0.29810986216226226
12263.84,-0.28578944440583187,-0.29810986216226226
12269.84,-0.28459168019608955,-0.29810986216226226
12277.84,-0.2829320920235315,-0.29810986216226226
12285.84,-0.2814080764269111,-0.29810986216226226
12288.84,-0.28090117029183803,-0.29810986216226226
12290.84,-0.28138204774932796,-0.29810986216226226
12293.84,-0.28206637991900174,-0.29810986216226226
12295.84,-0.28249658290777785,-0.29810986216226226
12298.84,-0.2830885728083923,-0.29810986216226226
12303.84,-0.28398047487827555,-0.29810986216226226
12306.84,-0.2845224108137985,-0.29810986216226226
12308.84,-0.2849158418361403,-0.29810986216226226
12311.84,-0.28559154365632805,-0.2980073725208557
12314.84,-0.2862322556382506,-0.2978125318739569
12316.84,-0.2866577148287641,-0.2976349553729552
12319.84,-0.2872977565437127,-0.29760261617066747
12322.84,-0.2879364701926772,-0.2970691836208908
12324.84,-0.288367551066863,-0.29694227862185657
12327.84,-0.2890268680445131,-0.29680629119535235
12330.84,-0.2896779786181213,-0.2962271124494898
12332.84,-0.2900988758402579,-0.2961384027088756
12335.84,-0.29073494714707043,-0.29552151430618717
12337.84,-0.2911669478409963,-0.295454707172076
12340.84,-0.2918095690726901,-0.29537256140474927
12343.84,-0.2924449182973704,-0.2950258451562443
12349.84,-0.2937202214995187,-0.29462606396763114
12357.84,-0.29537256140474927,-0.29376046484961815
12365.84,-0.29694227862185657,-0.2937202214995187
12368.84,-0.29760261617066747,-0.29371370086951376
12370.84,-0.2978125318739569,-0.29332346930477293
12373.84,-0.29811278412031383,-0.29310879388864086
12375.84,-0.2983758770380662,-0.29266101564716646
12378.84,-0.29874706993992817,-0.2924449182973704
12383.84,-0.29943806546694385,-0.2922658983825178
12386.84,-0.2998245609839938,-0.2921976071617942
12388.84,-0.30011644320680997,-0.2918095690726901
12391.84,-0.3004155672660602,-0.2916607275911348
12393.84,-0.3006944225628955,-0.29129606178764933
12396.84,-0.30105320152960446,-0.2911669478409963
12399.84,-0.301373645720308,-0.291065101557236
12402.84,-0.3017207806769313,-0.29073494714707043
12404.84,-0.30192701498047964,-0.2906515078197985
12407.84,-0.3022496874812156,-0.29033892846418896
12409.84,-0.3024175826415508,-0.29033892846418896
12412.84,-0.3027602223326128,-0.29033892846418896
12414.84,-0.3029839983248911,-0.29033892846418896
12417.84,-0.3033169130048399,-0.29033892846418896
12420.84,-0.3036537796758756,-0.29033892846418896
12422.84,-0.30386138155131337,-0.29033892846418896
12429.84,-0.3046721561197117,-0.29033892846418896
12437.84,-0.3056626154009142,-0.29033892846418896
12445.84,-0.3066920086354082,-0.29033892846418896
12447.84,-0.30681086024658016,-0.29033892846418896
12450.84,-0.30585064197802153,-0.29033892846418896
12452.84,-0.30521536281598594,-0.29033892846418896
12455.84,-0.3043241564016517,-0.29033892846418896
12457.84,-0.3037221560255105,-0.29033892846418896
12462.84,-0.30215533563405433,-0.29033892846418896
12465.84,-0.30123837831254047,-0.29033892846418896
12468.84,-0.30024143543909054,-0.29033892846418896
12470.84,-0.2995924764836255,-0.29033892846418896
12473.84,-0.2986489045824083,-0.29033892846418896
12475.84,-0.2980073725208557,-0.29033892846418896
12478.84,-0.2970691836208908,-0.29033892846418896
12481.84,-0.2961384027088756,-0.29033892846418896
12483.84,-0.29552151430618717,-0.29073494714707043
12486.84,-0.29462606396763114,-0.2911669478409963
12489.84,-0.29371370086951376,-0.29129606178764933
12491.84,-0.29310879388864086,-0.29176783789354693
12494.84,-0.2921976071617942,-0.2918095690726901
12497.84,-0.29129606178764933,-0.2921976071617942
12500.84,-0.29033892846418896,-0.2924449182973704
12502.84,-0.2897435013414944,-0.29310879388864086
12509.84,-0.2875633191813002,-0.29371370086951376
12517.84,-0.2849259715955366,-0.2937202214995187
12525.84,-0.28233119719338057,-0.29462606396763114
12528.84,-0.2814143674072316,-0.29516151070131985
12530.84,-0.2804791309467862,-0.29516151070131985
12533.84,-0.2791137445141624,-0.29516151070131985
12536.84,-0.27756033905598676,-0.29516151070131985
12538.84,-0.2765794623070361,-0.29516151070131985
12543.84,-0.2741563534578202,-0.29516151070131985
12546.84,-0.2726213172492875,-0.29516151070131985
12549.84,-0.2711679616710101,-0.29516151070131985
12551.84,-0.2701872782661161,-0.29516151070131985
12554.84,-0.2687812440759116,-0.29516151070131985
12556.84,-0.26784684961384564,-0.29516151070131985
12559.84,-0.2664048035107453,-0.29516151070131985
12562.84,-0.2649398558158838,-0.29516151070131985
12564.84,-0.2639480505155182,-0.29516151070131985
12567.84,-0.26247250518145193,-0.29516151070131985
12569.84,-0.26144667760305784,-0.29516151070131985
12572.84,-0.25997660354317503,-0.29516151070131985
12574.84,-0.2589796472622574,-0.29516151070131985
12577.84,-0.25749809746503793,-0.29516151070131985
12580.84,-0.2560661983731771,-0.29516151070131985
12582.84,-0.25507583079272883,-0.29516151070131985
12589.84,-0.2516527533722056,-0.29516151070131985
12596.84,-0.24822749258331547,-0.29516151070131985
12604.84,-0.2444255531530586,-0.29516151070131985
12607.84,-0.24323685985964166,-0.29516151070131985
12609.84,-0.24560776528842845,-0.29516151070131985
12612.84,-0.24914802231871028,-0.29516151070131985
12614.84,-0.25153627045200444,-0.29516151070131985
12617.84,-0.25504465094329065,-0.29516151070131985
12622.84,-0.26091681863139515,-0.29516151070131985
12625.84,-0.2644299778730668,-0.29516151070131985
12628.84,-0.2678745663563609,-0.29516151070131985
12630.84,-0.270172074330654,-0.29516151070131985
12633.84,-0.2735902967933178,-0.29516151070131985
12636.84,-0.27699128669863077,-0.29516151070131985
12638.84,-0.27926461295525357,-0.29516151070131985
12641.84,-0.28265948643529987,-0.29516151070131985
12643.84,-0.284933583270498,-0.29516151070131985
12646.84,-0.28836055337799055,-0.29516151070131985
12649.84,-0.29176783789354693,-0.29462606396763114
12652.84,-0.29516151070131985,-0.29453971283647035
12654.84,-0.2974164297248153,-0.29371370086951376
12657.84,-0.3007751920691109,-0.29310879388864086
12659.84,-0.3029985181065325,-0.2921976071617942
12662.84,-0.306340672611044,-0.29176783789354693
12668.84,-0.31299199956408164,-0.29176783789354693
12676.84,-0.32181338138364973,-0.29176783789354693
12684.84,-0.33048461668428136,-0.29176783789354693
12687.84,-0.33345444672679986,-0.29176783789354693
12689.84,-0.3335694262683717,-0.29176783789354693
12692.84,-0.33370629160677867,-0.29176783789354693
12694.84,-0.333855754118957,-0.29176783789354693
12697.84,-0.3341107136520449,-0.29176783789354693
12702.84,-0.33451444374835576,-0.29176783789354693
12705.84,-0.3347514311405338,-0.29195414132095604
12707.84,-0.334936535631483,-0.29453971283647035
12710.84,-0.33518286699725947,-0.2946724165593785
12712.84,-0.33534878483892305,-0.29516151070131985
12715.84,-0.33554930004817485,-0.29650581083581795
12718.84,-0.3358222140471518,-0.2974164297248153
12721.84,-0.33601534448066145,-0.29870544662576126
12724.84,-0.3363246092707342,-0.29950891399854784
12726.84,-0.336490169885212,-0.3007751920691109
12728.84,-0.3366645190005687,-0.301532129496453
12731.84,-0.3369037160169549,-0.30271150466544144
12734.84,-0.3371818105771073,-0.3029985181065325
12736.84,-0.33732835434803626,-0.3045329657524924
12739.84,-0.3375929047768469,-0.30536128511720567
12742.84,-0.3378665365938139,-0.306340672611044
12748.84,-0.33834665570032807,-0.30651487058074983
12756.84,-0.33886942650843893,-0.3093413846790814
12764.84,-0.3394827387821588,-0.3094891194670741
12767.84,-0.33980847655152974,-0.3114511891886642
12770.84,-0.3369863670838677,-0.3119714580064453
12772.84,-0.33508996683829895,-0.31299199956408164
12775.84,-0.332159021438772,-0.31441525564821987
12778.84,-0.32917583842561654,-0.3159365597806457
12783.84,-0.3242867116528131,-0.31737917820284073
12785.84,-0.3223069161649994,-0.3193467822923304
12788.84,-0.3193467822923304,-0.3198564933835759
12790.84,-0.31737917820284073,-0.32181338138364973
12793.84,-0.31441525564821987,-0.3223069161649994
12796.84,-0.3114511891886642,-0.3224741186113103
12798.84,-0.3094891194670741,-0.3242867116528131
12801.84,-0.30651487058074983,-0.3264076317664478
12803.84,-0.3045329657524924,-0.3289775138296173
12806.84,-0.301532129496453,-0.32917583842561654
12808.84,-0.29950891399854784,-0.33048461668428136
12811.84,-0.29650581083581795,-0.332159021438772
12813.84,-0.29453971283647035,-0.33287088842532114
12816.84,-0.29148987961524525,-0.33345444672679986
12819.84,-0.2884579638776817,-0.3335694262683717
12821.84,-0.2864421413379861,-0.33370629160677867
12828.84,-0.2793480895527638,-0.333855754118957
12836.84,-0.2714226578123908,-0.3341107136520449
12844.84,-0.2633811094381972,-0.33451444374835576
12847.84,-0.2603681434831766,-0.3347514311405338
12849.84,-0.2630464052158622,-0.334936535631483
12852.84,-0.26717974103273995,-0.33508996683829895
12854.84,-0.26997980025829993,-0.33508996683829895
12857.84,-0.27417603481566244,-0.33508996683829895
12862.84,-0.2810949179885888,-0.33508996683829895
12865.84,-0.28520053071829266,-0.33508996683829895
12867.84,-0.2879047897483626,-0.33508996683829895
12870.84,-0.29195414132095604,-0.33508996683829895
12872.84,-0.2946724165593785,-0.33508996683829895
12875.84,-0.29870544662576126,-0.33508996683829895
12878.84,-0.30271150466544144,-0.33422318416723634
12880.84,-0.30536128511720567,-0.33287088842532114
12883.84,-0.3093413846790814,-0.3323792722384249
12885.84,-0.3119714580064453,-0.332159021438772
12888.84,-0.3159365597806457,-0.3295983391495836
12891.84,-0.3198564933835759,-0.32917583842561654
12893.84,-0.3224741186113103,-0.3289775138296173
12896.84,-0.3264076317664478,-0.326780556078915
12898.84,-0.3289775138296173,-0.3264076317664478
12901.84,-0.33287088842532114,-0.32493416476631515
12907.84,-0.3406202227935587,-0.3242867116528131
12915.84,-0.35074107329433934,-0.3224741186113103
12923.84,-0.36080896135697976,-0.3223069161649994
12926.84,-0.36459489559915265,-0.3220357741775689
12928.84,-0.3641970945315389,-0.3201649523247714
12931.84,-0.363525363219419,-0.3198564933835759
12934.84,-0.3627521910918766,-0.3193467822923304
12936.84,-0.3622512954818402,-0.31737917820284073
12942.84,-0.36078434405592275,-0.3173150573180854
12944.84,-0.36036076702580994,-0.3159365597806457
12947.84,-0.35975535173243806,-0.31447273261424424
12950.84,-0.35916854907095314,-0.31441525564821987
12952.84,-0.358773895409484,-0.31254529069240716
12955.84,-0.3581779875596518,-0.3119714580064453
12957.84,-0.35779795348493953,-0.3114511891886642
12960.84,-0.35725773609412714,-0.30968799405932185
12962.84,-0.3568726589052043,-0.3094891194670741
12965.84,-0.3563185520613595,-0.3093413846790814
12968.84,-0.35571484144482807,-0.3093413846790814
12970.84,-0.3553302990169473,-0.3093413846790814
12973.84,-0.35480464980786064,-0.3093413846790814
12976.84,-0.354220028572646,-0.3093413846790814
12978.84,-0.3538406318794237,-0.3093413846790814
12981.84,-0.3533070353098949,-0.30968799405932185
12988.84,-0.3520045125389284,-0.3119714580064453
12995.84,-0.3506528357478992,-0.31254529069240716
13004.84,-0.34908468370671225,-0.3141829413304969
13006.84,-0.34864219617646325,-0.31447273261424424
13008.84,-0.34687458232769225,-0.3159365597806457
13011.84,-0.34423079479211843,-0.3173150573180854
13014.84,-0.3415459636635661,-0.31869105560847527
13017.84,-0.33879140082517223,-0.31869105560847527
13022.84,-0.33422318416723634,-0.31869105560847527
13024.84,-0.3323792722384249,-0.31869105560847527
13027.84,-0.3295983391495836,-0.31869105560847527
13030.84,-0.326780556078915,-0.31869105560847527
13032.84,-0.32493416476631515,-0.31869105560847527
13035.84,-0.3220357741775689,-0.31869105560847527
13037.84,-0.3201649523247714,-0.31869105560847527
13040.84,-0.3173150573180854,-0.31869105560847527
13043.84,-0.31447273261424424,-0.31869105560847527
13045.84,-0.31254529069240716,-0.31869105560847527
13048.84,-0.30968799405932185,-0.31869105560847527
13051.84,-0.30684816713909924,-0.31869105560847527
13053.84,-0.3049094170139785,-0.31869105560847527
13056.84,-0.3020428756789269,-0.31869105560847527
13058.84,-0.30013662758454956,-0.31847108505611355
13061.84,-0.2972583656417841,-0.318128298284998
13068.84,-0.2905234496005266,-0.31781896205739857
13075.84,-0.28361731199923923,-0.31762214474540307
13083.84,-0.27569480669853375,-0.31737921697197313
13086.84,-0.2727087311503486,-0.3173150573180854
13088.84,-0.27386147488098117,-0.31705859350467364
13091.84,-0.2755531238831528,-0.31685793926241623
13094.84,-0.277376432838434,-0.3165760522228693
13096.84,-0.2785864835834145,-0.3163083818717736
13101.84,-0.2816364224007481,-0.3161152424147456
13104.84,-0.28345802287406274,-0.3158241164915556
13106.84,-0.28468790193088206,-0.3156683404170083
13109.84,-0.2865165780634699,-0.3153718249801891
13111.84,-0.2876956225191127,-0.31508216997972677
13114.84,-0.28952311068309305,-0.3148902061046592
13117.84,-0.2913330491206451,-0.31447273261424424
13120.84,-0.2931433467328813,-0.3143374279229915
13122.84,-0.294331459892553,-0.3141829413304969
13125.84,-0.2961300536507918,-0.3134352054465778
13127.84,-0.29734055766307443,-0.3128129432850117
13130.84,-0.2991460066292282,-0.31254529069240716
13132.84,-0.3003316806916037,-0.31240334343982157
13135.84,-0.3021314480682632,-0.3122466640170836
13138.84,-0.30392514767602935,-0.312148939208918
13140.84,-0.3051274295136177,-0.3120541687982317
13147.84,-0.30931806478934804,-0.31203529186585816
13155.84,-0.3141829413304969,-0.31201391817024554
13163.84,-0.3190323178674244,-0.31201391817024554
13165.84,-0.3202525574526862,-0.31201391817024554
13168.84,-0.32002427732786076,-0.31201391817024554
13171.84,-0.319810938800845,-0.31201391817024554
13173.84,-0.3196356296537427,-0.31201391817024554
13176.84,-0.3192850642414509,-0.31201391817024554
13181.84,-0.31869105560847527,-0.31201391817024554
13183.84,-0.31847108505611355,-0.31201391817024554
13186.84,-0.318128298284998,-0.31201391817024554
13189.84,-0.31781896205739857,-0.31201391817024554
13191.84,-0.31762214474540307,-0.31201391817024554
13194.84,-0.31737921697197313,-0.31201391817024554
13197.84,-0.31705859350467364,-0.31201391817024554
13199.84,-0.31685793926241623,-0.31201391817024554
13202.84,-0.3165760522228693,-0.31201391817024554
13205.84,-0.3163083818717736,-0.31201391817024554
13207.84,-0.3161152424147456,-0.31201391817024554
13210.84,-0.3158241164915556,-0.31201391817024554
13212.84,-0.3156683404170083,-0.31201391817024554
13215.84,-0.3153718249801891,-0.31203529186585816
13218.84,-0.31508216997972677,-0.3120541687982317
13220.84,-0.3148902061046592,-0.312148939208918
13226.84,-0.3143374279229915,-0.3122466640170836
13235.84,-0.3134352054465778,-0.31240334343982157
13242.84,-0.3128129432850117,-0.3128129432850117
13245.84,-0.31240334343982157,-0.3134352054465778
13248.84,-0.3122466640170836,-0.31349187549754987
13250.84,-0.312148939208918,-0.3141829413304969
13253.84,-0.31203529186585816,-0.3143374279229915
13255.84,-0.3120541687982317,-0.3148902061046592
13260.84,-0.31201391817024554,-0.31508216997972677
13263.84,-0.31201274980602295,-0.3153718249801891
13266.84,-0.3119970217062658,-0.3156683404170083
13269.84,-0.3119409070212256,-0.3157263701103067
13271.84,-0.31192034149121345,-0.3158241164915556
13274.84,-0.3118356105126757,-0.3161152424147456
13276.84,-0.31182875957683576,-0.3163083818717736
13279.84,-0.3117926749809068,-0.3165760522228693
13281.84,-0.31178235590658865,-0.31685793926241623
13284.84,-0.31173286105669606,-0.31705859350467364
13287.84,-0.3116819777536984,-0.3171633842899163
13289.84,-0.31164464357305,-0.31737921697197313
13292.84,-0.3116021831179623,-0.31762214474540307
13295.84,-0.3115663410127977,-0.31781896205739857
13297.84,-0.3115488602883811,-0.31781896205739857
13300.84,-0.3114805020378096,-0.31781896205739857
13307.84,-0.31135106333776985,-0.31781896205739857
13315.84,-0.31132168279427375,-0.31781896205739857
13323.84,-0.3111591083712974,-0.31781896205739857
13325.84,-0.31124495575666444,-0.31781896205739857
13328.84,-0.31349187549754987,-0.31781896205739857
13331.84,-0.3157263701103067,-0.31762214474540307
13333.84,-0.3171633842899163,-0.31737921697197313
13336.84,-0.3192186899349289,-0.3171633842899163
13341.84,-0.3226694981839401,-0.31705859350467364
13343.84,-0.3239874425817545,-0.31685793926241623
13346.84,-0.3260564524996909,-0.3165760522228693
13349.84,-0.32799401750464474,-0.3163083818717736
13351.84,-0.3292383400222883,-0.3162633681662435
13354.84,-0.33112833345466447,-0.3161152424147456
13357.84,-0.33300824607111706,-0.3158241164915556
13359.84,-0.3342355260041566,-0.3157263701103067
13362.84,-0.3361450543772049,-0.3156683404170083
13364.84,-0.3373688750197322,-0.3153718249801891
13367.84,-0.339247208836311,-0.3153718249801891
13370.84,-0.3411333511581274,-0.3153718249801891
13372.84,-0.3423811851919903,-0.3153718249801891
13375.84,-0.3442250191493926,-0.3153718249801891
13377.84,-0.34550155479480277,-0.3153718249801891
13380.84,-0.3473582043322733,-0.3153718249801891
13387.84,-0.35171290698672525,-0.3157263701103067
13394.84,-0.3559028910993189,-0.31597621856124475
13403.84,-0.3613969342457429,-0.3162633681662435
13405.84,-0.3625751693057648,-0.3165305141633376
13408.84,-0.3600766929141683,-0.3171633842899163
13410.84,-0.35847029665454244,-0.3173793718051259
13413.84,-0.35604822292809823,-0.3173793718051259
13416.84,-0.3536009053733629,-0.3173793718051259
13421.84,-0.3496041623226309,-0.3173793718051259
13423.84,-0.34808033172041136,-0.3173793718051259
13426.84,-0.3457483991381503,-0.3173793718051259
13428.84,-0.34425688320602166,-0.3173793718051259
13431.84,-0.3420665774076964,-0.3173793718051259
13434.84,-0.33993720894938256,-0.3173793718051259
13437.84,-0.3377316126795913,-0.3173793718051259
13439.84,-0.33627291789779706,-0.3173793718051259
13442.84,-0.3340595511147006,-0.3173793718051259
13444.84,-0.3326219667386198,-0.3173793718051259
13447.84,-0.33037313844699784,-0.3173793718051259
13449.84,-0.3289044990099839,-0.3173793718051259
13452.84,-0.32667975853975423,-0.3173793718051259
13455.84,-0.32446937932733444,-0.3173793718051259
13457.84,-0.32296614466480256,-0.3173793718051259
13460.84,-0.32072964984618313,-0.3173793718051259
13466.84,-0.3162633681662435,-0.3173793718051259
13474.84,-0.3103422337314238,-0.3173793718051259
13482.84,-0.3043283123261011,-0.3173793718051259
13485.84,-0.3021732771183229,-0.3173793718051259
13488.84,-0.30312304865218437,-0.3173793718051259
13490.84,-0.3037212899289155,-0.3173793718051259
13493.84,-0.30468237508597484,-0.3173793718051259
13495.84,-0.30532469968694653,-0.3173793718051259
13500.84,-0.3069056661544922,-0.3173793718051259
13503.84,-0.30780009401220787,-0.3173793718051259
13506.84,-0.308748777497169,-0.3166588546736935
13508.84,-0.3093052273049821,-0.3165305141633376
13511.84,-0.31013213057090505,-0.3162633681662435
13514.84,-0.3109560334891719,-0.31597621856124475
13516.84,-0.31148156716200953,-0.3151475457573378
13519.84,-0.3123406139554824,-0.3149636289081248
13522.84,-0.31317403168197294,-0.31429308290385033
13524.84,-0.313754537395316,-0.3137798623287862
13526.84,-0.31429308290385033,-0.3137798623287862
13529.84,-0.3151475457573378,-0.3137798623287862
13532.84,-0.31597621856124475,-0.3137798623287862
13534.84,-0.3165305141633376,-0.3137798623287862
13537.84,-0.3173793718051259,-0.3137798623287862
13540.84,-0.3181994869092104,-0.3137798623287862
13546.84,-0.31988678363370193,-0.3137798623287862
13554.84,-0.3221470856263029,-0.3137798623287862
13562.84,-0.32439108402509503,-0.3137798623287862
13565.84,-0.32521868766841494,-0.3137798623287862
13567.84,-0.3240457062747482,-0.3137798623287862
13570.84,-0.3223154734554493,-0.3137798623287862
13573.84,-0.3206331599587076,-0.3137798623287862
13575.84,-0.31944665518537574,-0.3137798623287862
13580.84,-0.3166588546736935,-0.3137798623287862
13583.84,-0.3149636289081248,-0.3137798623287862
13585.84,-0.3137798623287862,-0.3137798623287862
13588.84,-0.312009018264005,-0.3137798623287862
13590.84,-0.3108082406926192,-0.3137798623287862
13593.84,-0.30900545653686967,-0.3137798623287862
13595.84,-0.3078185248599077,-0.3137798623287862
13598.84,-0.306013670087095,-0.3137798623287862
13601.84,-0.304201397592615,-0.3137798623287862
13604.84,-0.30241989023558896,-0.3137798623287862
13606.84,-0.3012269267692838,-0.3137798623287862
13609.84,-0.299437850567719,-0.3137798623287862
13611.84,-0.2982232938905168,-0.3137798623287862
13614.84,-0.29642390669888047,-0.3137798623287862
13616.84,-0.2952082882347573,-0.3137798623287862
13619.84,-0.2934085436261777,-0.3137798623287862
13626.84,-0.289134817762464,-0.3137798623287862
13633.84,-0.2848549940758817,-0.3137798623287862
13642.84,-0.2792937391568992,-0.3137798623287862
13644.84,-0.2780414013441106,-0.3137798623287862
13647.84,-0.2804340927192348,-0.31429308290385033
13650.84,-0.28283433258508917,-0.31453409710989305
13652.84,-0.28438951372525423,-0.31453409710989305
13655.84,-0.2866810064883857,-0.31453409710989305
13660.84,-0.2904761124669149,-0.31453409710989305
13662.84,-0.2919917354066823,-0.31453409710989305
13665.84,-0.294318368774925,-0.31453409710989305
13668.84,-0.29664282951534043,-0.31453409710989305
13670.84,-0.2982138329083249,-0.31453409710989305
13673.84,-0.30058537912626176,-0.31453409710989305
13676.84,-0.3029301516373793,-0.31453409710989305
13678.84,-0.3045064669909607,-0.31453409710989305
13681.84,-0.30684801167365555,-0.31453409710989305
13683.84,-0.3083893393775099,-0.31453409710989305
13686.84,-0.3107292927293477,-0.31453409710989305
13688.84,-0.3122890963920649,-0.31453409710989305
13691.84,-0.3145885092054902,-0.31453409710989305
13694.84,-0.3169276072766573,-0.31453409710989305
13696.84,-0.3184813036370025,-0.31448266208351344
13699.84,-0.3208161313145856,-0.31447151904778176
13705.84,-0.3254509232520496,-0.3144672597573344
13713.84,-0.33161856522999456,-0.31446559612390496
13721.84,-0.33779517200131515,-0.31446437193950666
13724.84,-0.3400738956297488,-0.3144574290974317
13726.84,-0.3394640111263338,-0.31444888240012725
13729.84,-0.33854615027687784,-0.31444885399976014
13731.84,-0.3379318992548952,-0.31444801266882305
13734.84,-0.33700120669203426,-0.31444698988836767
13739.84,-0.3355512708513755,-0.31444240931497125
13741.84,-0.33489785125634286,-0.3144423499750347
13744.84,-0.33394388047521745,-0.31444118511099906
13747.84,-0.33300923632559687,-0.3144404986523235
13749.84,-0.3323588570099253,-0.314433285684267
13752.84,-0.3313656531250772,-0.314433285684267
13755.84,-0.33039825897119107,-0.314433285684267
13757.84,-0.3297598394019083,-0.314433285684267
13760.84,-0.3287758381677018,-0.314433285684267
13762.84,-0.3281442860706077,-0.314433285684267
13765.84,-0.32716059102416056,-0.314433285684267
13768.84,-0.32620696445045994,-0.314433285684267
13770.84,-0.3255580244176819,-0.314433285684267
13773.84,-0.3245875883561851,-0.314433285684267
13775.84,-0.3239404391446906,-0.314433285684267
13778.84,-0.3229746084819205,-0.314433285684267
13785.84,-0.3206940867386373,-0.314433285684267
13792.84,-0.3183637224442764,-0.314433285684267
13800.84,-0.31569962170496985,-0.314433285684267
13803.84,-0.3147449226708293,-0.314433285684267
13806.84,-0.31471605065074365,-0.314433285684267
13808.84,-0.3146359500328734,-0.314433285684267
13811.84,-0.3145933649296699,-0.314433285684267
13814.84,-0.31453409710989305,-0.314433285684267
13819.84,-0.314433285684267,-0.314433285684267
13821.84,-0.3144303214139164,-0.314433285684267
13824.84,-0.3144404986523235,-0.314433285684267
13827.84,-0.3144574290974317,-0.314433285684267
13829.84,-0.3144672597573344,-0.314433285684267
13832.84,-0.31447151904778176,-0.314433285684267
13834.84,-0.31446559612390496,-0.314433285684267
13837.84,-0.31448266208351344,-0.314433285684267
13839.84,-0.31446437193950666,-0.314433285684267
13842.84,-0.31444240931497125,-0.3144404986523235
13844.84,-0.31444698988836767,-0.31444118511099906
13847.84,-0.31444885399976014,-0.3144423499750347
13850.84,-0.31444118511099906,-0.31444240931497125
13852.84,-0.31444801266882305,-0.31444698988836767
13855.84,-0.3144423499750347,-0.31444801266882305
13858.84,-0.3144271029802774,-0.31444801266882305
13864.84,-0.3143917988646183,-0.31444801266882305
13872.84,-0.314413947409143,-0.31444801266882305
13880.84,-0.31444888240012725,-0.31444801266882305
13882.84,-0.3143867258621449,-0.31444801266882305
13885.84,-0.3142272310886738,-0.31444801266882305
13888.84,-0.3141072876035596,-0.31444801266882305
13890.84,-0.31401947919639583,-0.31444801266882305
13893.84,-0.3139034281790559,-0.31444801266882305
13898.84,-0.31373074641663146,-0.31444801266882305
13900.84,-0.3136395973285458,-0.31444801266882305
13903.84,-0.31343547590528803,-0.31444801266882305
13906.84,-0.3132608752411699,-0.31444801266882305
13908.84,-0.31316631600255207,-0.31444801266882305
13911.84,-0.3130444163273047,-0.31444801266882305
13913.84,-0.3129652505515975,-0.31444801266882305
13916.84,-0.312816562900236,-0.31444801266882305
13919.84,-0.3126728892714904,-0.31444801266882305
13922.84,-0.3125081463631676,-0.31444801266882305
13924.84,-0.31237906964975715,-0.31444801266882305
13927.84,-0.3121986553951167,-0.31444801266882305
13929.84,-0.31212692547912296,-0.31444801266882305
13932.84,-0.3120154095884395,-0.31444801266882305
13934.84,-0.31192439904440583,-0.31444801266882305
13937.84,-0.3117734772050179,-0.31444801266882305
13944.84,-0.31144984646793766,-0.31444801266882305
13951.84,-0.31120320758179665,-0.31444801266882305
13960.84,-0.31083702548609676,-0.31444801266882305
13962.84,-0.31083557049813765,-0.31444801266882305
13965.84,-0.3111111498926636,-0.31444801266882305
13967.84,-0.311275853644368,-0.31444801266882305
13970.84,-0.31157873054824414,-0.31444801266882305
13973.84,-0.31181159579745726,-0.31444801266882305
13978.84,-0.3122629181869027,-0.31444801266882305
13980.84,-0.3124468423457367,-0.31444801266882305
13983.84,-0.31272981530159605,-0.31444801266882305
13985.84,-0.31289161052680287,-0.31444885399976014
13988.84,-0.3130858072871994,-0.31444888240012725
13991.84,-0.31333289763758587,-0.3144574290974317
13994.84,-0.31353347969489603,-0.31446437193950666
13996.84,-0.31371481067803936,-0.31446437193950666
13999.84,-0.3139734502291933,-0.31446437193950666
14001.84,-0.3141537113604444,-0.31446437193950666
14004.84,-0.3144177573512177,-0.31446437193950666
14006.84,-0.3145766199117634,-0.3145766199117634
14009.84,-0.3148383828034571,-0.3148383828034571
14012.84,-0.315066555742735,-0.315066555742735
14014.84,-0.31522637574243634,-0.31522637574243634
14017.84,-0.31545095486149166,-0.31545095486149166
14024.84,-0.31598181814041204,-0.31598181814041204
14031.84,-0.31632911778356576,-0.31632911778356576
14039.84,-0.31684773206217404,-0.31684773206217404
14042.84,-0.3170563363878199,-0.3170563363878199
14045.84,-0.31714224903176896,-0.31714224903176896
14047.84,-0.317199587453231,-0.317199587453231
14050.84,-0.31728171478216116,-0.31728171478216116
14052.84,-0.31736982942976766,-0.31736982942976766
14057.84,-0.31758387962475715,-0.31758387962475715
14060.84,-0.3176912489252127,-0.3176912489252127
14063.84,-0.3178418097331864,-0.3178418097331864
14065.84,-0.31793977075770247,-0.31793977075770247
14068.84,-0.3181183533062778,-0.3181183533062778
14070.84,-0.31824714450774383,-0.31824714450774383
14073.84,-0.31841373151796665,-0.31831129145254117
14076.84,-0.3186114476503878,-0.31831129145254117
14078.84,-0.3187458516178611,-0.31831129145254117
14081.84,-0.3188981051181217,-0.31831129145254117
14084.84,-0.3190812672328473,-0.31831129145254117
14086.84,-0.31919945922329024,-0.31831129145254117
14089.84,-0.3193877069495078,-0.31831129145254117
14091.84,-0.319514089801137,-0.31831129145254117
14094.84,-0.31968348321762424,-0.31831129145254117
14097.84,-0.31988182802312365,-0.31831129145254117
14103.84,-0.32022489153331707,-0.31831129145254117
14111.84,-0.3208587318473403,-0.31831129145254117
14119.84,-0.32133807532958464,-0.31831129145254117
14122.84,-0.3213430155330036,-0.31831129145254117
14124.84,-0.32148943586192846,-0.31831129145254117
14127.84,-0.32171984694014294,-0.31831129145254117
14129.84,-0.32184891778206376,-0.31841373151796665
14132.84,-0.32200033293310987,-0.318592691794296
14137.84,-0.3222671062199714,-0.3186114476503878
14140.84,-0.3223668803218415,-0.3186930991853022
14142.84,-0.3224163883322189,-0.3187458516178611
14145.84,-0.32242939434216833,-0.3188604279678308
14147.84,-0.3224402438582795,-0.3188981051181217
14150.84,-0.32245573621201185,-0.31904787757628533
14153.84,-0.32244124940931634,-0.3190812672328473
14155.84,-0.32246932789320215,-0.31919945922329024
14158.84,-0.3224512773399327,-0.31929753237686903
14161.84,-0.3224285209377985,-0.319342806311392
14163.84,-0.3224153068920908,-0.3193877069495078
14166.84,-0.32239415344575545,-0.319514089801137
14168.84,-0.32238755728036017,-0.3195267249670074
14171.84,-0.3223882135362804,-0.31968348321762424
14174.84,-0.32238761522108855,-0.3198458580031748
14177.84,-0.32239658409149946,-0.31988182802312365
14183.84,-0.3223754262189704,-0.32007126482190773
14191.84,-0.3224956117299579,-0.3202112149211782
14199.84,-0.3226121564506536,-0.32022489153331707
14201.84,-0.32283389514480026,-0.3204738741302165
14204.84,-0.3224001367764881,-0.3208288226574238
14207.84,-0.3220194103903606,-0.3208587318473403
14209.84,-0.3217174903863834,-0.3212524903333269
14212.84,-0.3212524903333269,-0.32131276059115926
14217.84,-0.3204738741302165,-0.32133807532958464
14219.84,-0.3202112149211782,-0.3213430155330036
14222.84,-0.3198458580031748,-0.32148943586192846
14225.84,-0.3195267249670074,-0.3217174903863834
14227.84,-0.319342806311392,-0.3217174903863834
14230.84,-0.31904787757628533,-0.3217174903863834
14232.84,-0.3188604279678308,-0.3217174903863834
14235.84,-0.318592691794296,-0.3217174903863834
14238.84,-0.31831129145254117,-0.3217174903863834
14240.84,-0.31812631781251577,-0.3217174903863834
14242.84,-0.3179504847688176,-0.3217174903863834
14245.84,-0.3176685038904394,-0.3217174903863834
14248.84,-0.3173857505255195,-0.3217174903863834
14250.84,-0.31720668604911556,-0.3217174903863834
14253.84,-0.31692433268937686,-0.3217174903863834
14256.84,-0.31666397315261835,-0.3217174903863834
14262.84,-0.31610458418900045,-0.3217174903863834
14270.84,-0.3153075819193092,-0.3217174903863834
14278.84,-0.31462783455178595,-0.3217174903863834
14280.84,-0.31433873499500103,-0.3217174903863834
14283.84,-0.3150895643215904,-0.3217174903863834
14286.84,-0.3157977953642542,-0.3217174903863834
14288.84,-0.3163826692263466,-0.3217174903863834
14291.84,-0.3172566625143366,-0.3217174903863834
14296.84,-0.3186930991853022,-0.32131276059115926
14298.84,-0.31929753237686903,-0.3212524903333269
14301.84,-0.32007126482190773,-0.3210278461616583
14304.84,-0.3208288226574238,-0.3208288226574238
14306.84,-0.32131276059115926,-0.3204738741302165
14309.84,-0.3220645257089271,-0.3202112149211782
14312.84,-0.3228151470419627,-0.32007126482190773
14314.84,-0.3232923595481306,-0.3198458580031748
14317.84,-0.3240339162402906,-0.3197588029226479
14319.84,-0.32453250838072606,-0.3195267249670074
14322.84,-0.32525187502207176,-0.319342806311392
14325.84,-0.32599153984241036,-0.31929753237686903
14327.84,-0.326503504688014,-0.31904787757628533
14330.84,-0.32721717679337226,-0.31891393868920426
14332.84,-0.327712221457967,-0.3188604279678308
14335.84,-0.3284582131214276,-0.3186930991853022
14342.84,-0.3301485994362064,-0.318592691794296
14349.84,-0.33171417790556046,-0.31831129145254117
14358.84,-0.3336298111193506,-0.31812631781251577
14360.84,-0.3340842678576526,-0.3179504847688176
14362.84,-0.33328690851612486,-0.3179504847688176
14365.84,-0.33210812198298545,-0.3179504847688176
14368.84,-0.3308134501127005,-0.3179504847688176
14370.84,-0.32996565047241294,-0.3179504847688176
14375.84,-0.32778735731343783,-0.3179504847688176
14378.84,-0.3265617774032001,-0.3179504847688176
14380.84,-0.3257190897877393,-0.3179504847688176
14383.84,-0.32446589938005566,-0.3179504847688176
14386.84,-0.3231949708369461,-0.3179504847688176
14389.84,-0.321912399678836,-0.3179504847688176
14391.84,-0.3210278461616583,-0.3179504847688176
14394.84,-0.3197588029226479,-0.3179504847688176
14396.84,-0.31891393868920426,-0.3179504847688176
14399.84,-0.31762536327476415,-0.3179504847688176
14401.84,-0.3167935509270516,-0.3179504847688176
14404.84,-0.31553320888431285,-0.3179504847688176
14407.84,-0.3142490259218558,-0.3179504847688176
14409.84,-0.31338509268761694,-0.31860244562531614
14412.84,-0.31211241895079195,-0.3186930991853022
14415.84,-0.3108167304617225,-0.31891393868920426
14422.84,-0.3078251349224476,-0.31929753237686903
14429.84,-0.3050299315966443,-0.3195607052552433
14437.84,-0.30187356991681236,-0.3197588029226479
14440.84,-0.30062667203382026,-0.32007126482190773
14442.84,-0.30086605770738295,-0.3208288226574238
14445.84,-0.3012794896989919,-0.3210278461616583
14447.84,-0.3015723182175325,-0.3210986982062763
14450.84,-0.3021105806843595,-0.32131276059115926
14455.84,-0.30300755828600034,-0.321912399678836
14458.84,-0.3035141600063982,-0.322043052530866
14460.84,-0.3038719866841978,-0.3220645257089271
14463.84,-0.30445495692135444,-0.322714629662908
14466.84,-0.3050810901729777,-0.3228151470419627
14468.84,-0.30550458336361674,-0.3231949708369461
14471.84,-0.3061202206928571,-0.3232923595481306
14473.84,-0.3065511320098897,-0.3237162830005335
14476.84,-0.30717597507895794,-0.3240339162402906
14478.84,-0.3075965059352432,-0.3240339162402906
14481.84,-0.3082150994709059,-0.3240339162402906
14484.84,-0.30883333700727345,-0.3237162830005335
14487.84,-0.3094620478264076,-0.3234437865214969
14489.84,-0.309886788352851,-0.3231949708369461
14492.84,-0.3105021225743995,-0.322714629662908
14494.84,-0.3109441251697359,-0.3221865514812467
14501.84,-0.31242642103909185,-0.322043052530866
14509.84,-0.31390931205755407,-0.321912399678836
14517.84,-0.3153430097591479,-0.3210986982062763
14519.84,-0.31571767216070395,-0.3210278461616583
14522.84,-0.3168038618780068,-0.32093197735458173
14525.84,-0.3178947452068491,-0.3200938679301055
14527.84,-0.31860244562531614,-0.3197588029226479
14530.84,-0.3195607052552433,-0.3195607052552433
14535.84,-0.3210986982062763,-0.31891393868920426
14538.84,-0.322043052530866,-0.31883254012010104
14540.84,-0.322714629662908,-0.31883254012010104
14543.84,-0.3237162830005335,-0.31883254012010104
14545.84,-0.3243367845604456,-0.31883254012010104
14548.84,-0.3252803272584548,-0.31883254012010104
14550.84,-0.32589977060394176,-0.31883254012010104
14553.84,-0.32683918462149647,-0.31883254012010104
14556.84,-0.3277997825391539,-0.31883254012010104
14559.84,-0.3287108556973621,-0.31883254012010104
14561.84,-0.32933902744263965,-0.31883254012010104
14564.84,-0.330272059073133,-0.31883254012010104
14566.84,-0.33090959229600486,-0.3195607052552433
14569.84,-0.33184913340451777,-0.31989508128039523
14571.84,-0.3324624478621571,-0.3200938679301055
14574.84,-0.33340475502863703,-0.3208271466717884
14580.84,-0.335266038450793,-0.32093197735458173
14588.84,-0.337873944099304,-0.3210986982062763
14596.84,-0.3405295804643673,-0.322043052530866
14598.84,-0.34127121903091817,-0.3221865514812467
14601.84,-0.34011616606141903,-0.32224295337106357
14604.84,-0.33898524486996834,-0.322714629662908
14606.84,-0.3381732234855471,-0.3234437865214969
14609.84,-0.3370266284627913,-0.3236387827108095
14614.84,-0.3350976316257489,-0.3237162830005335
14617.84,-0.33394399927119295,-0.32428064546027563
14619.84,-0.33307734834246516,-0.3243367845604456
14622.84,-0.3318049101034657,-0.3243367845604456
14624.84,-0.33096359238972006,-0.3243367845604456
14627.84,-0.32975510103852296,-0.3243367845604456
14629.84,-0.3289119034926491,-0.3243367845604456
14632.84,-0.32765120153568844,-0.3243367845604456
14634.84,-0.3268006462378389,-0.3243367845604456
14637.84,-0.3255613037223395,-0.3243367845604456
14640.84,-0.32428064546027563,-0.3243367845604456
14642.84,-0.3234437865214969,-0.3243367845604456
14645.84,-0.3221865514812467,-0.3243367845604456
14648.84,-0.32093197735458173,-0.3243367845604456
14650.84,-0.3200938679301055,-0.3243367845604456
14653.84,-0.31883254012010104,-0.3243367845604456
14659.84,-0.3162822341339262,-0.3243367845604456
14667.84,-0.3128280534079745,-0.3243367845604456
14675.84,-0.30927341583458606,-0.3243367845604456
14678.84,-0.30802478672888234,-0.3243367845604456
14681.84,-0.30936167608205856,-0.3243367845604456
14683.84,-0.3102434244821638,-0.3243367845604456
14686.84,-0.31158703430974155,-0.3243367845604456
14689.84,-0.3129539594289743,-0.3243367845604456
14694.84,-0.31526927146303774,-0.3243367845604456
14696.84,-0.3161597299217324,-0.3243367845604456
14699.84,-0.3176171923805088,-0.3243367845604456
14701.84,-0.3185326256901988,-0.3243367845604456
14704.84,-0.31989508128039523,-0.3243367845604456
14706.84,-0.3208271466717884,-0.3243367845604456
14709.84,-0.32224295337106357,-0.3243367845604456
14712.84,-0.3236387827108095,-0.32428064546027563
14714.84,-0.324568251133306,-0.3237335184192896
14717.84,-0.3260009971177927,-0.3236387827108095
14719.84,-0.3269550783887063,-0.3234437865214969
14722.84,-0.32836536017524015,-0.32224295337106357
14724.84,-0.32929194254254784,-0.32224295337106357
14727.84,-0.3306997993918417,-0.32224295337106357
14730.84,-0.3320841402412708,-0.32224295337106357
14733.84,-0.33347187672931444,-0.32224295337106357
14739.84,-0.3362534013394885,-0.32224295337106357
14747.84,-0.34000962846676724,-0.32224295337106357
14755.84,-0.3438636382341162,-0.32224295337106357
14758.84,-0.34490368063256743,-0.32224295337106357
14760.84,-0.3434640497058793,-0.32224295337106357
14763.84,-0.3412737643007157,-0.32224295337106357
14766.84,-0.33914103297302606,-0.32224295337106357
14768.84,-0.33769678533580816,-0.32224295337106357
14774.84,-0.3333194360743195,-0.32224295337106357
14776.84,-0.33183111371732904,-0.32224295337106357
14779.84,-0.32963776351092694,-0.32224295337106357
14782.84,-0.32744277218894974,-0.32224295337106357
14784.84,-0.3259683608962578,-0.32224295337106357
14787.84,-0.3237335184192896,-0.32224295337106357
14790.84,-0.32144377398962326,-0.32224295337106357
14792.84,-0.31994110753001537,-0.32224295337106357
14795.84,-0.31765719129899656,-0.32224295337106357
14798.84,-0.315370000320174,-0.32224295337106357
14800.84,-0.3138391875809738,-0.32224295337106357
14803.84,-0.31155436041768814,-0.32224295337106357
14805.84,-0.31001749467022693,-0.32224295337106357
14808.84,-0.30774138477199636,-0.32224295337106357
14810.84,-0.306208440980643,-0.32224295337106357
14813.84,-0.3039335628511764,-0.3228177223912217
14820.84,-0.29856799485769775,-0.3236387827108095
14828.84,-0.2922334855407455,-0.3237335184192896
14836.84,-0.2859504216835799,-0.324568251133306
14838.84,-0.284634860010247,-0.3248489932747595
14841.84,-0.2868032930373923,-0.3250040365376858
14844.84,-0.288981495494275,-0.32527471317529816
14847.84,-0.2911689473019082,-0.3253896957960579
14849.84,-0.2926459423354194,-0.3254766159466347
14854.84,-0.2962720763020003,-0.3257815821684344
14857.84,-0.2984314639023954,-0.3259683608962578
14859.84,-0.2998900724166216,-0.3260009971177927
14862.84,-0.30207439289695864,-0.32618592910884436
14865.84,-0.3043138704085179,-0.32686320152354725
14867.84,-0.30582127529560554,-0.3269550783887063
14870.84,-0.3080612107748307,-0.32734798365771395
14872.84,-0.3095503315896485,-0.32737163240359046
14875.84,-0.3117654224197295,-0.32744277218894974
14878.84,-0.3139856911855191,-0.3276561072844005
14880.84,-0.31545825030918256,-0.32807848797534234
14883.84,-0.31765429156204067,-0.32836536017524015
14885.84,-0.31914023445199513,-0.32838582980968767
14888.84,-0.32134195952668015,-0.32884627305924763
14890.84,-0.3228177223912217,-0.32929194254254784
14893.84,-0.3250040365376858,-0.32930464691026995
14900.84,-0.3301366638811622,-0.32930464691026995
14907.84,-0.3353918660847487,-0.32930464691026995
14915.84,-0.3413308322133918,-0.32930464691026995
14918.84,-0.3433709639305192,-0.32930464691026995
14920.84,-0.3429364897715067,-0.32930464691026995
14923.84,-0.3423627148377013,-0.32930464691026995
14925.84,-0.3419999166848036,-0.32930464691026995
14928.84,-0.3413446735425633,-0.32930464691026995
14933.84,-0.34024578055905097,-0.32930464691026995
14936.84,-0.3395588118214431,-0.32930464691026995
14938.84,-0.33908163558079907,-0.32930464691026995
14941.84,-0.33837920772780516,-0.32930464691026995
14943.84,-0.33789989569057205,-0.32930464691026995
14946.84,-0.3371380658769144,-0.32930464691026995
14949.84,-0.33641573838638417,-0.3293144656299185
14952.84,-0.33568312896564895,-0.32974680680078644
14954.84,-0.3352379128748327,-0.33003805447213486
14957.84,-0.33455821178800815,-0.3301366638811622
14959.84,-0.3340925354172449,-0.33045623887154285
14962.84,-0.33339360350065206,-0.330718347510369
14964.84,-0.3329254438889097,-0.3309866200115915
14967.84,-0.33219322535411194,-0.33113537728309594
14970.84,-0.3314815530864498,-0.3314166178585573
14972.84,-0.3309866200115915,-0.3314815530864498
14979.84,-0.32930464691026995,-0.33187524812180635
14987.84,-0.32737163240359046,-0.33219322535411194
14995.84,-0.3253896957960579,-0.3323428580511487
14997.84,-0.3248489932747595,-0.33263379086155626
15000.84,-0.32527471317529816,-0.3329254438889097
15002.84,-0.3254766159466347,-0.33339360350065206
15005.84,-0.3257815821684344,-0.33368777556137785
15008.84,-0.32618592910884436,-0.3340925354172449
15013.84,-0.32686320152354725,-0.33455821178800815
15016.84,-0.32734798365771395,-0.33481551403051374
15018.84,-0.3276561072844005,-0.3352379128748327
15021.84,-0.32807848797534234,-0.3353918660847487
15023.84,-0.32838582980968767,-0.3356115662683117
15026.84,-0.32884627305924763,-0.3356115662683117
15029.84,-0.3293144656299185,-0.3356115662683117
15032.84,-0.32974680680078644,-0.3356115662683117
15034.84,-0.33003805447213486,-0.3356115662683117
15037.84,-0.33045623887154285,-0.3356115662683117
15039.84,-0.330718347510369,-0.3356115662683117
15042.84,-0.33113537728309594,-0.3356115662683117
15044.84,-0.3314166178585573,-0.3356115662683117
15047.84,-0.33187524812180635,-0.3356115662683117
15050.84,-0.3323428580511487,-0.3356115662683117
15052.84,-0.33263379086155626,-0.3356115662683117
15059.84,-0.33368777556137785,-0.3356115662683117
15067.84,-0.33481551403051374,-0.3356115662683117
15075.84,-0.3359826009501932,-0.3356115662683117
15078.84,-0.3365352740356972,-0.3356115662683117
15081.84,-0.3367050577662195,-0.3356115662683117
15083.84,-0.3368830019830463,-0.3356115662683117
15086.84,-0.3370068053576035,-0.3356115662683117
15088.84,-0.3370228105213933,-0.3356115662683117
15094.84,-0.3371042716276581,-0.3356115662683117
15096.84,-0.33713772460892133,-0.3356115662683117
15099.84,-0.3371950295539274,-0.3356115662683117
15101.84,-0.3372608540290808,-0.3356115662683117
15104.84,-0.3373554382923947,-0.3356115662683117
15106.84,-0.337389587270521,-0.3356115662683117
15109.84,-0.33746899990833,-0.3356115662683117
15112.84,-0.3375424940159454,-0.3356115662683117
15114.84,-0.33759676319720067,-0.3356115662683117
15117.84,-0.3377089558478529,-0.3356115662683117
15119.84,-0.337789999230175,-0.3356115662683117
15122.84,-0.33789915700378437,-0.33582710033286683
15124.84,-0.3379468860303282,-0.3359826009501932
15127.84,-0.33802354508678883,-0.3362026793672628
15130.84,-0.3380994888030017,-0.33647566367436454
15132.84,-0.3381613228853055,-0.3365352740356972
15139.84,-0.3383272874247112,-0.33657611366270507
15147.84,-0.33864166898465864,-0.3367050577662195
15155.84,-0.33905931744252443,-0.33682844926798516
15157.84,-0.3390268551338294,-0.3368830019830463
15160.84,-0.33862208819093603,-0.3370068053576035
15162.84,-0.338244052632743,-0.3370228105213933
15165.84,-0.33794408914067725,-0.3371042716276581
15168.84,-0.33772745872697735,-0.33712569773475676
15172.84,-0.3374231183513129,-0.33713772460892133
15175.84,-0.33712569773475676,-0.3371950295539274
15178.84,-0.33682844926798516,-0.3372608540290808
15180.84,-0.33657611366270507,-0.3373554382923947
15183.84,-0.3362026793672628,-0.337389587270521
15186.84,-0.33582710033286683,-0.3374231183513129
15188.84,-0.3356115662683117,-0.33746899990833
15191.84,-0.3352141508506528,-0.3375424940159454
15194.84,-0.3348672770595559,-0.33759676319720067
15196.84,-0.3346233371050041,-0.3377089558478529
15199.84,-0.3342591995888213,-0.33772745872697735
15201.84,-0.3340179268833812,-0.337789999230175
15204.84,-0.3336795618526325,-0.33789915700378437
15207.84,-0.3333022211290828,-0.33794408914067725
15209.84,-0.33308818190688766,-0.3379468860303282
15212.84,-0.33272404665594835,-0.33802354508678883
15218.84,-0.3320316031196641,-0.3380994888030017
15226.84,-0.3308790493747565,-0.3381613228853055
15234.84,-0.3296134105530711,-0.338244052632743
15236.84,-0.32945173760007856,-0.3383272874247112
15239.84,-0.3314322247692878,-0.33862208819093603
15242.84,-0.33343224839121427,-0.33864166898465864
15245.84,-0.33529414337433233,-0.33864166898465864
15247.84,-0.33647566367436454,-0.33864166898465864
15252.84,-0.3395312261457988,-0.33864166898465864
15255.84,-0.3414008719689075,-0.33864166898465864
15257.84,-0.34263341866387065,-0.33864166898465864
15260.84,-0.3444986821980185,-0.33864166898465864
15262.84,-0.3458381977426406,-0.33864166898465864
15265.84,-0.34784431605715316,-0.33864166898465864
15268.84,-0.34976841192764674,-0.33864166898465864
15270.84,-0.3509856402787811,-0.33864166898465864
15273.84,-0.3528803652598946,-0.33864166898465864
15275.84,-0.35410513728212384,-0.33864166898465864
15278.84,-0.3560101986612832,-0.33864166898465864
15280.84,-0.3572589750512197,-0.33864166898465864
15283.84,-0.35914083898116894,-0.33864166898465864
15286.84,-0.3610141965809149,-0.33864166898465864
15288.84,-0.3622365143560887,-0.33864166898465864
15291.84,-0.36403575307238956,-0.33864166898465864
15297.84,-0.36784808327526153,-0.33864166898465864
15305.84,-0.37289764227415373,-0.33864166898465864
15314.84,-0.37855931916035374,-0.33864166898465864
15317.84,-0.38034909651295234,-0.33864166898465864
15319.84,-0.3795061384544866,-0.33862208819093603
15322.84,-0.37813199347278104,-0.338244052632743
15324.84,-0.3771641288787568,-0.33794408914067725
15327.84,-0.3758485317284675,-0.33772745872697735
15332.84,-0.37356018241945776,-0.3374231183513129
15335.84,-0.3721640157134971,-0.33712569773475676
15337.84,-0.37129196262868097,-0.33682844926798516
15340.84,-0.3699371758553499,-0.33657611366270507
15342.84,-0.3689543844077573,-0.3365687843763762
15345.84,-0.3675265396730034,-0.33647566367436454
15348.84,-0.3661594139507336,-0.3362026793672628
15351.84,-0.3648418742411125,-0.33582710033286683
15353.84,-0.3639367127655663,-0.3356115662683117
15356.84,-0.36255528335465015,-0.33529414337433233
15359.84,-0.36122605775616595,-0.33529414337433233
15361.84,-0.3603431736258148,-0.33529414337433233
15364.84,-0.3590127490469447,-0.33529414337433233
15367.84,-0.3576374740648641,-0.33529414337433233
15369.84,-0.35671386167900787,-0.33647566367436454
15372.84,-0.3553377754053188,-0.3365687843763762
15378.84,-0.35265539402669493,-0.3380123924789272
15386.84,-0.34909590683382635,-0.33942867114479414
15394.84,-0.3455529199346264,-0.3395312261457988
15397.84,-0.3441753642932223,-0.3403382893596121
15399.84,-0.34318003396712676,-0.3414008719689075
15402.84,-0.34171379855473016,-0.3414008719689075
15405.84,-0.3403382893596121,-0.3414008719689075
15407.84,-0.33942867114479414,-0.3414008719689075
15413.84,-0.3365687843763762,-0.3414008719689075
15416.84,-0.33501303607838245,-0.3414008719689075
15418.84,-0.3339933760885283,-0.3414008719689075
15421.84,-0.33241303302520747,-0.3414008719689075
15423.84,-0.33140107176336886,-0.3413413248835355
15426.84,-0.32983533513866337,-0.3403382893596121
15429.84,-0.3282726830263343,-0.33942867114479414
15431.84,-0.3272154392422227,-0.3382370758839851
15434.84,-0.325654809290603,-0.3380123924789272
15436.84,-0.3246043568409569,-0.3365687843763762
15439.84,-0.3230140417091766,-0.3363845099031908
15442.84,-0.32144067066216225,-0.33501303607838245
15444.84,-0.32038559164173613,-0.3345989164239097
15447.84,-0.31883216991988766,-0.3342273569676953
15449.84,-0.3177733369092375,-0.3339933760885283
15452.84,-0.3162000535204682,-0.3335076947383107
15458.84,-0.3130518485881742,-0.3326052138684033
15466.84,-0.30882962877009745,-0.33241303302520747
15474.84,-0.30453765902594043,-0.3318938604868471
15476.84,-0.3034180439654085,-0.3314847457506889
15479.84,-0.3052538439000853,-0.33140107176336886
15482.84,-0.30707121336391274,-0.3307488597575394
15485.84,-0.30870249876228023,-0.32983533513866337
15487.84,-0.3098140299767768,-0.32981341845906686
15493.84,-0.3132182906695761,-0.329096349218379
15495.84,-0.31436236769553577,-0.3287324238652999
15498.84,-0.316023034440344,-0.3282726830263343
15501.84,-0.3176767592970523,-0.32797998220148683
15503.84,-0.3187674815793358,-0.3272154392422227
15506.84,-0.3204367730631695,-0.32708454954108984
15508.84,-0.3215503568744878,-0.32630889577831035
15511.84,-0.3231779807851119,-0.3259711152117837
15513.84,-0.3242944200036444,-0.325654809290603
15516.84,-0.3259711152117837,-0.32520048295789594
15518.84,-0.32708454954108984,-0.3246043568409569
15521.84,-0.3287324238652999,-0.3246043568409569
15523.84,-0.32981341845906686,-0.3246043568409569
15526.84,-0.3314847457506889,-0.3246043568409569
15528.84,-0.3326052138684033,-0.3246043568409569
15531.84,-0.3342273569676953,-0.3246043568409569
15538.84,-0.3380123924789272,-0.3246043568409569
15546.84,-0.3423027618033821,-0.3246043568409569
15554.84,-0.3466512517964905,-0.3246043568409569
15556.84,-0.3477690576106336,-0.3246043568409569
15559.84,-0.3457339712287493,-0.3246043568409569
15561.84,-0.344453624761806,-0.3246043568409569
15564.84,-0.3425724146462105,-0.3246043568409569
15566.84,-0.3413413248835355,-0.3246043568409569
15571.84,-0.3382370758839851,-0.3246043568409569
15574.84,-0.3363845099031908,-0.3246043568409569
15577.84,-0.3345989164239097,-0.3242944200036444
15579.84,-0.3335076947383107,-0.32422395523627623
15582.84,-0.3318938604868471,-0.32387696590489434
15584.84,-0.3307488597575394,-0.32348497911672386
15587.84,-0.329096349218379,-0.3233524045421099
15589.84,-0.32797998220148683,-0.3231779807851119
15592.84,-0.32630889577831035,-0.3230140417091766
15594.84,-0.32520048295789594,-0.32282703384826206
15597.84,-0.32348497911672386,-0.32201927524655233
15600.84,-0.3217976410492179,-0.3217976410492179
15602.84,-0.3206652888385613,-0.3215503568744878
15605.84,-0.3189911787143608,-0.32144067066216225
15607.84,-0.31786581948837206,-0.321199818307053
15610.84,-0.3161866259889103,-0.321199818307053
15616.84,-0.3128192432805339,-0.321199818307053
15624.84,-0.30832001661023783,-0.321199818307053
15633.84,-0.303212240166674,-0.321199818307053
15635.84,-0.30215692104525266,-0.321199818307053
15638.84,-0.30380020611212494,-0.321199818307053
15640.84,-0.3048543030204191,-0.321199818307053
15643.84,-0.3064426428291888,-0.321199818307053
15646.84,-0.30804799148664375,-0.321199818307053
15651.84,-0.31073570253015154,-0.321199818307053
15653.84,-0.3117698495202222,-0.321199818307053
15656.84,-0.3132808308586173,-0.321199818307053
15658.84,-0.31420054503151684,-0.321199818307053
15661.84,-0.31548628758880193,-0.321199818307053
15663.84,-0.31634083796078044,-0.321199818307053
15666.84,-0.31763769215893367,-0.321199818307053
15668.84,-0.31851744903703855,-0.321199818307053
15671.84,-0.31982699849627194,-0.321199818307053
15674.84,-0.3211536997833262,-0.3211536997833262
15676.84,-0.32201927524655233,-0.3206652888385613
15679.84,-0.3233524045421099,-0.31982699849627194
15681.84,-0.32422395523627623,-0.3195992095364801
15684.84,-0.32553935676089074,-0.3189911787143608
15686.84,-0.32640129463856665,-0.31851744903703855
15689.84,-0.3276732584110229,-0.3184824224952355
15696.84,-0.3306670023398501,-0.31786581948837206
15704.84,-0.33397812846744895,-0.31763769215893367
15712.84,-0.3373565639581804,-0.31682988931280665
15715.84,-0.33832122658477687,-0.31634083796078044
15717.84,-0.33716863639910505,-0.3161866259889103
15720.84,-0.33552972524093655,-0.3157306214190386
15723.84,-0.33388528662605044,-0.31548628758880193
15725.84,-0.3327681069800953,-0.31420054503151684
15730.84,-0.32994197306099465,-0.31408982865905694
15733.84,-0.3282944532361281,-0.3132808308586173
15736.84,-0.3265992161845604,-0.31298307431536526
15738.84,-0.3255025065126036,-0.3128192432805339
15741.84,-0.32387696590489434,-0.3117698495202222
15743.84,-0.32282703384826206,-0.3113621906856244
15746.84,-0.321199818307053,-0.31073570253015154
15749.84,-0.3195992095364801,-0.309724064765119
15751.84,-0.3184824224952355,-0.3086462131780279
15754.84,-0.31682988931280665,-0.30832001661023783
15756.84,-0.3157306214190386,-0.30804799148664375
15759.84,-0.31408982865905694,-0.3064426428291888
15761.84,-0.31298307431536526,-0.3048543030204191
15764.84,-0.3113621906856244,-0.3048529639435648
15767.84,-0.309724064765119,-0.30380020611212494
15769.84,-0.3086462131780279,-0.303212240166674
15776.84,-0.3048529639435648,-0.30215692104525266
15784.84,-0.3006414696052531,-0.3006414696052531
15792.84,-0.2963031208865474,-0.2963031208865474
15794.84,-0.2953852684674319,-0.29617273867187954
15797.84,-0.2954498760748248,-0.296067916848511
15799.84,-0.29549641253299463,-0.29603797529905485
15802.84,-0.29546511134124903,-0.29598110992999543
15805.84,-0.29549936798473186,-0.29592377048219853
15810.84,-0.29553120621655016,-0.2958911875036577
15812.84,-0.29557234422786727,-0.2958710780158321
15815.84,-0.2955603386538157,-0.2958489316692675
15817.84,-0.29559488324193833,-0.29581296983509675
15820.84,-0.29561769291696266,-0.2957784512579454
15822.84,-0.2956253788587418,-0.29573363183787976
15825.84,-0.295637796206312,-0.29572837522423884
15827.84,-0.2956557201494541,-0.29569799542969266
15830.84,-0.29569799542969266,-0.2956557201494541
15832.84,-0.29572837522423884,-0.295637796206312
15835.84,-0.2957784512579454,-0.2956253788587418
15837.84,-0.29581296983509675,-0.29561769291696266
15840.84,-0.2958489316692675,-0.29559488324193833
15843.84,-0.2958710780158321,-0.29557234422786727
15845.84,-0.2958911875036577,-0.2955603386538157
15848.84,-0.29592377048219853,-0.29553120621655016
15854.84,-0.29598110992999543,-0.29549936798473186
15862.84,-0.29603797529905485,-0.29549641253299463
15870.84,-0.296067916848511,-0.29546511134124903
15873.84,-0.29617273867187954,-0.2954498760748248
15875.84,-0.29573363183787976,-0.2953852684674319
15878.84,-0.29505092549568296,-0.29505092549568296
15880.84,-0.29458147806358226,-0.29458147806358226
15883.84,-0.2939019332405964,-0.2939019332405964
15888.84,-0.29273705078688783,-0.2939019332405964
15891.84,-0.2920344067992035,-0.2939019332405964
15893.84,-0.2916229158906633,-0.2939019332405964
15896.84,-0.29099144284104217,-0.2939019332405964
15899.84,-0.29038394378210974,-0.2939019332405964
15901.84,-0.2899810714248,-0.2939019332405964
15904.84,-0.28938029107355195,-0.2939019332405964
15906.84,-0.28895966554907665,-0.2939019332405964
15909.84,-0.2883442288587681,-0.2939019332405964
15911.84,-0.28792853302559196,-0.2939019332405964
15914.84,-0.2872980238063947,-0.2939019332405964
15917.84,-0.28668635726780367,-0.2939019332405964
15919.84,-0.2862562432400179,-0.2939019332405964
15922.84,-0.28564399944714985,-0.2939019332405964
15924.84,-0.28524704558219427,-0.2939019332405964
15927.84,-0.28459380584916183,-0.2939019332405964
15934.84,-0.2831443171683639,-0.2939019332405964
15941.84,-0.28160211971943727,-0.2939019332405964
15949.84,-0.27994585991278975,-0.2939019332405964
15952.84,-0.2793811172984554,-0.2939019332405964
15955.84,-0.27897432386064835,-0.2939019332405964
15958.84,-0.27863520669839725,-0.2939019332405964
15960.84,-0.2784522667287946,-0.2939019332405964
15963.84,-0.2780901155769876,-0.2939019332405964
15968.84,-0.27748863237884575,-0.2939019332405964
15970.84,-0.27724271211988216,-0.2939019332405964
15973.84,-0.276871403209087,-0.2939019332405964
15976.84,-0.2765653418195346,-0.2939019332405964
15978.84,-0.27633628045818415,-0.2939019332405964
15981.84,-0.27599197631707145,-0.2939019332405964
15984.84,-0.27561877801712226,-0.2939019332405964
15986.84,-0.27538101387742414,-0.2939019332405964
15989.84,-0.27503035868197134,-0.2939019332405964
15992.84,-0.2747429941281175,-0.2939019332405964
15994.84,-0.2744799481098027,-0.2939019332405964
15997.84,-0.2741595158739902,-0.2939019332405964
15999.84,-0.27390914601123556,-0.2939019332405964
16002.84,-0.27357457105121324,-0.2939019332405964
16004.84,-0.2733569178909245,-0.2939019332405964
16007.84,-0.2729780080880496,-0.2939019332405964
16014.84,-0.272189758431541,-0.2939019332405964
16022.84,-0.2712642808228562,-0.2939019332405964
16030.84,-0.270390553018545,-0.2939019332405964
16032.84,-0.26984782675782876,-0.2939019332405964
16035.84,-0.2734990479884994,-0.2939019332405964
16038.84,-0.27714379864151584,-0.2939019332405964
16040.84,-0.2795875678846294,-0.2939019332405964
16043.84,-0.2832937600141429,-0.2939019332405964
16048.84,-0.2894935664577775,-0.2939019332405964
16050.84,-0.29197343423803807,-0.2939019332405964
16053.84,-0.29561988089293967,-0.29561988089293967
16056.84,-0.29919543225504647,-0.29919543225504647
16058.84,-0.3015612398464181,-0.3015612398464181
16061.84,-0.3050727434662195,-0.3050727434662195
16063.84,-0.30747359104968297,-0.30747359104968297
16066.84,-0.3110093575638386,-0.3110093575638386
16068.84,-0.31336927759609784,-0.31336927759609784
16071.84,-0.31689994151802453,-0.31689994151802453
16073.84,-0.31924231165768674,-0.31924231165768674
16076.84,-0.3227708984198485,-0.3227708984198485
16078.84,-0.32507943168432996,-0.32507943168432996
16081.84,-0.3286075238429051,-0.3286075238429051
16084.84,-0.33210154858648294,-0.33210154858648294
16087.84,-0.3355725782388123,-0.3355725782388123
16093.84,-0.3425120787491253,-0.3425120787491253
16101.84,-0.35176664130453816,-0.34558689797536174
16109.84,-0.36092409880992044,-0.34558689797536174
16111.84,-0.36352068319838504,-0.34558689797536174
16114.84,-0.3640015301770077,-0.34558689797536174
16116.84,-0.36434252552125596,-0.34558689797536174
16119.84,-0.36481194050248184,-0.34558689797536174
16122.84,-0.36521036521289624,-0.34558689797536174
16126.84,-0.3657271390139415,-0.34558689797536174
16129.84,-0.3661813197075398,-0.34558689797536174
16132.84,-0.3666755784104639,-0.34558689797536174
16134.84,-0.3670705980406691,-0.34558689797536174
16137.84,-0.36764971079215075,-0.34558689797536174
16140.84,-0.36824457812549305,-0.34558689797536174
16142.84,-0.3686391212048349,-0.34558689797536174
16145.84,-0.36920158692353583,-0.34558689797536174
16147.84,-0.36959377070221955,-0.34558689797536174
16150.84,-0.3701489654512266,-0.34558689797536174
16152.84,-0.3705253278660954,-0.34558689797536174
16155.84,-0.37111328748927414,-0.34558689797536174
16158.84,-0.3717075474475866,-0.34558689797536174
16160.84,-0.3720682192617926,-0.34558689797536174
16163.84,-0.3726619964814601,-0.34558689797536174
16165.84,-0.3730275533764209,-0.34558689797536174
16172.84,-0.37437799918955594,-0.34558689797536174
16179.84,-0.3756829016492658,-0.34558689797536174
16188.84,-0.377396629848817,-0.34558689797536174
16190.84,-0.37764047227060676,-0.34558689797536174
16193.84,-0.37670285232735923,-0.34558689797536174
16196.84,-0.37565241526083676,-0.34558689797536174
16198.84,-0.3749939239905346,-0.34558689797536174
16201.84,-0.3739528534293489,-0.34558689797536174
16206.84,-0.37216901077165576,-0.34558689797536174
16208.84,-0.3714079450249855,-0.34596530827776995
16211.84,-0.3702032554764722,-0.3465581113457423
16214.84,-0.36899292836082803,-0.3483328290132389
16216.84,-0.36816995952716536,-0.3498969554834878
16219.84,-0.3668960095863848,-0.35020384549560774
16222.84,-0.3656785684640517,-0.35176664130453816
16224.84,-0.3648245404834691,-0.3522046075654857
16227.84,-0.3635744409726986,-0.3530849651468048
16229.84,-0.3627574900638964,-0.35450135169600033
16232.84,-0.36150939443097807,-0.3560275421857377
16234.84,-0.36065335846455954,-0.3560368855238289
16237.84,-0.3594109857759702,-0.35729595764911753
16240.84,-0.3581420447480639,-0.3581420447480639
16242.84,-0.35729595764911753,-0.3582468786500493
16245.84,-0.3560275421857377,-0.3594109857759702
16252.84,-0.3530849651468048,-0.35978616944903197
16259.84,-0.35020384549560774,-0.36065335846455954
16268.84,-0.3465581113457423,-0.36092409880992044
16270.84,-0.34558689797536174,-0.36150939443097807
16273.84,-0.3449263911562195,-0.3620236937635359
16275.84,-0.344472542383169,-0.3627574900638964
16278.84,-0.3437527424444759,-0.3627574900638964
16281.84,-0.3431024633891541,-0.3627574900638964
16286.84,-0.3420184573879702,-0.3627574900638964
16288.84,-0.34162606698194065,-0.3627574900638964
16291.84,-0.3410817177985768,-0.3620236937635359
16293.84,-0.3406173108619182,-0.36150939443097807
16296.84,-0.33996569348409705,-0.36065335846455954
16299.84,-0.33930169215531203,-0.3599901383343912
16301.84,-0.33887655792596977,-0.35978616944903197
16304.84,-0.3382324652777127,-0.3594109857759702
16306.84,-0.33779554856862787,-0.3582468786500493
16309.84,-0.33717485361459715,-0.3581420447480639
16311.84,-0.3367438097702276,-0.35729595764911753
16314.84,-0.33612609761472684,-0.35666296816663284
16316.84,-0.33573901350218066,-0.3560368855238289
16319.84,-0.33508701839712196,-0.3560275421857377
16322.84,-0.33447489076250314,-0.35450135169600033
16325.84,-0.3338700304570993,-0.3544216162178605
16331.84,-0.3326432637175564,-0.3530849651468048
16339.84,-0.3308987912967476,-0.3522046075654857
16347.84,-0.32916588635098587,-0.35112027754672775
16350.84,-0.32871861071477887,-0.35020384549560774
16352.84,-0.3301803163819857,-0.3498969554834878
16355.84,-0.3324152128560619,-0.34893344466296355
16358.84,-0.33469606872435487,-0.3483328290132389
16360.84,-0.3362013485752941,-0.3465581113457423
16365.84,-0.34000376000536203,-0.34596530827776995
16368.84,-0.34224434320571223,-0.3456285450413524
16371.84,-0.34448526187118994,-0.34558689797536174
16373.84,-0.34596530827776995,-0.3449263911562195
16376.84,-0.3483328290132389,-0.34448526187118994
16378.84,-0.3498969554834878,-0.344472542383169
16381.84,-0.3522046075654857,-0.3437527424444759
16384.84,-0.35450135169600033,-0.3434203549862617
16386.84,-0.3560368855238289,-0.3431024633891541
16389.84,-0.3582468786500493,-0.34224434320571223
16391.84,-0.35978616944903197,-0.3420184573879702
16394.84,-0.3620236937635359,-0.34162606698194065
16396.84,-0.3635285235693851,-0.3410817177985768
16399.84,-0.36583214121773955,-0.3406173108619182
16402.84,-0.3680347425467827,-0.34011226580534476
16404.84,-0.3695199703037893,-0.34000376000536203
16411.84,-0.37475153980747866,-0.34000376000536203
16419.84,-0.3805825663502891,-0.34000376000536203
16427.84,-0.38647846361972915,-0.34000376000536203
16429.84,-0.38786269919134686,-0.34000376000536203
16432.84,-0.3847935026820642,-0.34000376000536203
16435.84,-0.38168916917429196,-0.34000376000536203
16437.84,-0.3795401527630496,-0.33996569348409705
16440.84,-0.3762822224129783,-0.33930169215531203
16445.84,-0.3709018610348487,-0.33887655792596977
16447.84,-0.3687284719715642,-0.33848679735691
16450.84,-0.3654683660102483,-0.3382324652777127
16452.84,-0.36329217353147164,-0.33807596342701346
16455.84,-0.3599901383343912,-0.33779554856862787
16458.84,-0.35666296816663284,-0.3372123596267564
16460.84,-0.3544216162178605,-0.33717485361459715
16463.84,-0.35112027754672775,-0.33679743035128
16465.84,-0.34893344466296355,-0.3367438097702276
16468.84,-0.3456285450413524,-0.3362013485752941
16470.84,-0.3434203549862617,-0.33612609761472684
16473.84,-0.34011226580534476,-0.33598713741769465
16476.84,-0.33679743035128,-0.33573901350218066
16478.84,-0.3345745767582702,-0.33508701839712196
16481.84,-0.3312423770526768,-0.33469606872435487
16484.84,-0.32788673379914063,-0.334694254851793
16490.84,-0.32116464153025037,-0.3345745767582702
16498.84,-0.3123203847652438,-0.3345745767582702
16506.84,-0.303445990043784,-0.3345745767582702
16509.84,-0.30017611988560605,-0.3345745767582702
16512.84,-0.3018132434334464,-0.3345745767582702
16514.84,-0.30289810778536475,-0.3345745767582702
16517.84,-0.30452719382613513,-0.3345745767582702
16519.84,-0.30563859760504125,-0.3345745767582702
16524.84,-0.308310298936141,-0.3345745767582702
16527.84,-0.30991418995742515,-0.33407907912515067
16530.84,-0.3115538128974516,-0.3338109900303388
16532.84,-0.31267463997602885,-0.3324489823531143
16535.84,-0.31438678181846613,-0.331566623420584
16538.84,-0.3161134498483897,-0.3312423770526768
16540.84,-0.3172620797670251,-0.3307417848298353
16543.84,-0.31898036141443104,-0.3302009692065904
16546.84,-0.32066486978937897,-0.3290618205987934
16548.84,-0.3217872508698573,-0.32886245214649357
16550.84,-0.32290729205220303,-0.32788673379914063
16553.84,-0.32458978406482425,-0.3275218050813529
16556.84,-0.3262647261031805,-0.32738199613392643
16558.84,-0.32738199613392643,-0.3266226062401249
16561.84,-0.3290618205987934,-0.3262647261031805
16564.84,-0.3307417848298353,-0.32528725231711525
16570.84,-0.33407907912515067,-0.32458978406482425
16578.84,-0.33848679735691,-0.3243861685683687
16586.84,-0.34282738494400194,-0.32302655426731597
16589.84,-0.3443916597119195,-0.32290729205220303
16591.84,-0.34353673995802914,-0.3217872508698573
16594.84,-0.34225827965157285,-0.3216642188576424
16596.84,-0.34139438460198396,-0.3216642188576424
16599.84,-0.3401407220138208,-0.3216642188576424
16604.84,-0.33807596342701346,-0.3216642188576424
16606.84,-0.3372123596267564,-0.3216642188576424
16609.84,-0.33598713741769465,-0.3216642188576424
16612.84,-0.334694254851793,-0.3216642188576424
16614.84,-0.3338109900303388,-0.3216642188576424
16617.84,-0.3324489823531143,-0.3216642188576424
16619.84,-0.331566623420584,-0.3216642188576424
16622.84,-0.3302009692065904,-0.3216642188576424
16625.84,-0.32886245214649357,-0.3216642188576424
16628.84,-0.3275218050813529,-0.3216642188576424
16630.84,-0.3266226062401249,-0.3216642188576424
16633.84,-0.32528725231711525,-0.3216642188576424
16635.84,-0.3243861685683687,-0.3216642188576424
16638.84,-0.32302655426731597,-0.3216642188576424
16641.84,-0.3216642188576424,-0.3216642188576424
16644.84,-0.3203222443925594,-0.3216642188576424
16650.84,-0.31759585712823407,-0.3216642188576424
16658.84,-0.3139007016272384,-0.3216642188576424
16666.84,-0.31031007261178734,-0.3216642188576424
16668.84,-0.30951375466009284,-0.3217872508698573
16671.84,-0.3099477858364778,-0.3223840646700917
16673.84,-0.3102667776023256,-0.32284857381049054
16676.84,-0.3107433140802564,-0.32290729205220303
16679.84,-0.3111270602587509,-0.32302655426731597
16684.84,-0.3117759066182116,-0.3231670770766663
16686.84,-0.3120804548310002,-0.3233782980488527
16689.84,-0.31247073894571425,-0.32369682771324815
16691.84,-0.31272935825967507,-0.32401686057894086
16694.84,-0.31314234201588237,-0.3242396576173088
16697.84,-0.31355546360575176,-0.3243861685683687
16699.84,-0.3138234969130552,-0.3245693410091888
16702.84,-0.31425202902885846,-0.32458978406482425
16704.84,-0.31453234049677725,-0.3248038215960356
16707.84,-0.31494808098145555,-0.32511356821877574
16709.84,-0.3151990949921477,-0.32528725231711525
16712.84,-0.3156180400091931,-0.3254447802561162
16715.84,-0.316031819420851,-0.32566650251615514
16718.84,-0.3164244683367679,-0.3260032394045213
16720.84,-0.3167094056973174,-0.326206838825752
16723.84,-0.31712548858440126,-0.326206838825752
16729.84,-0.31797025941619245,-0.326206838825752
16737.84,-0.31910195577732053,-0.326206838825752
16745.84,-0.32014810204722494,-0.326206838825752
16748.84,-0.3204350265886757,-0.326206838825752
16750.84,-0.3206347583079714,-0.326206838825752
16753.84,-0.32085952788734023,-0.326206838825752
16756.84,-0.3211721658830042,-0.326206838825752
16758.84,-0.32151263461145163,-0.326206838825752
16763.84,-0.3223840646700917,-0.326206838825752
16766.84,-0.32284857381049054,-0.326206838825752
16769.84,-0.3231670770766663,-0.326206838825752
16771.84,-0.3233782980488527,-0.326206838825752
16774.84,-0.32369682771324815,-0.326206838825752
16777.84,-0.32401686057894086,-0.326206838825752
16779.84,-0.3242396576173088,-0.326206838825752
16782.84,-0.3245693410091888,-0.326206838825752
16784.84,-0.3248038215960356,-0.326206838825752
16787.84,-0.32511356821877574,-0.326206838825752
16790.84,-0.3254447802561162,-0.326206838825752
16792.84,-0.32566650251615514,-0.326206838825752
16795.84,-0.3260032394045213,-0.326206838825752
16797.84,-0.326206838825752,-0.326206838825752
16800.84,-0.3265570415788076,-0.3265570415788076
16803.84,-0.3268802217843461,-0.3268802217843461
16809.84,-0.32753321730215007,-0.32753321730215007
16817.84,-0.3284923456915224,-0.3284923456915224
16825.84,-0.32946715927674647,-0.32854201353970114
16828.84,-0.32991724222398044,-0.32897043803035014
16831.84,-0.32996225533798795,-0.32908338251064745
16833.84,-0.33001990160868333,-0.3291011232101401
16836.84,-0.3299761267618428,-0.3291185162728228
16838.84,-0.3298170379726658,-0.3291328281206533
16843.84,-0.3293372684409189,-0.32914484460167603
16846.84,-0.3291185162728228,-0.32915076015171285
16848.84,-0.32908338251064745,-0.329164363806981
16851.84,-0.3291011232101401,-0.32918214546873276
16853.84,-0.3291328281206533,-0.3291967642924106
16856.84,-0.32915076015171285,-0.32920608905209264
16859.84,-0.329164363806981,-0.3292199343991517
16861.84,-0.32918214546873276,-0.3292281142251427
16864.84,-0.3291967642924106,-0.32922974957493806
16866.84,-0.32920608905209264,-0.32924120479265456
16869.84,-0.3292281142251427,-0.32924291828577085
16871.84,-0.32922974957493806,-0.3292469386440762
16874.84,-0.32924291828577085,-0.32926205640044437
16877.84,-0.32924120479265456,-0.3293372684409189
16879.84,-0.3292199343991517,-0.3294364826015136
16882.84,-0.3292469386440762,-0.32946715927674647
16888.84,-0.32926205640044437,-0.3298170379726658
16896.84,-0.32914484460167603,-0.32991724222398044
16904.84,-0.32897043803035014,-0.32996225533798795
16907.84,-0.32854201353970114,-0.3299761267618428
16909.84,-0.3294364826015136,-0.33001990160868333
16912.84,-0.33079369905141254,-0.33079369905141254
16915.84,-0.3321910624631666,-0.3321910624631666
16917.84,-0.33322848930836524,-0.33322848930836524
16922.84,-0.33583753623033674,-0.33583753623033674
16925.84,-0.33731208016746705,-0.33731208016746705
16927.84,-0.33827006196775106,-0.33827006196775106
16930.84,-0.33965835263590066,-0.33965835263590066
16932.84,-0.3405602425179123,-0.34004195957549266
16935.84,-0.34193280044279023,-0.34006848850714616
16938.84,-0.34330944539170677,-0.3401481166103196
16940.84,-0.3442216686700133,-0.3402838302384444
16943.84,-0.34561521050440586,-0.3405138850004995
16945.84,-0.3465313323551403,-0.3405602425179123
16948.84,-0.3479102412577535,-0.3408879359078113
16951.84,-0.34925866810729667,-0.3411346231093446
16953.84,-0.350189171263474,-0.3412616741975036
16956.84,-0.3515442559497526,-0.3412827265571874
16958.84,-0.35246402386012776,-0.34159676448076326
16961.84,-0.3538663582317503,-0.3417881001804757
16967.84,-0.35661565931372347,-0.34193280044279023
16975.84,-0.36041413242078135,-0.34208182020314915
16983.84,-0.36431041475584586,-0.342332427111616
16986.84,-0.3660465759301409,-0.34267406224436686
16988.84,-0.36558715364002814,-0.34285826886388854
16991.84,-0.36464870903463265,-0.34285826886388854
16994.84,-0.3638155203840588,-0.34285826886388854
16996.84,-0.3631311914731598,-0.34285826886388854
17001.84,-0.3616866543895611,-0.34285826886388854
17004.84,-0.3606776408505725,-0.34285826886388854
17006.84,-0.36006248635253624,-0.34285826886388854
17009.84,-0.3591440594766911,-0.34285826886388854
17012.84,-0.3581429005424393,-0.34285826886388854
17014.84,-0.35750354518862726,-0.34285826886388854
17017.84,-0.35651674656153715,-0.34285826886388854
17019.84,-0.3559002224010973,-0.34285826886388854
17022.84,-0.35492922515093267,-0.34285826886388854
17025.84,-0.3539383476424841,-0.34285826886388854
17027.84,-0.3532774892073896,-0.34285826886388854
17030.84,-0.3523108844071138,-0.34285826886388854
17033.84,-0.35137168384103273,-0.34285826886388854
17035.84,-0.3507093576382589,-0.34285826886388854
17038.84,-0.3496809937941275,-0.34285826886388854
17041.84,-0.3487322760737526,-0.34285826886388854
17047.84,-0.34676316078446423,-0.34285826886388854
17055.84,-0.34396887617786,-0.34285826886388854
17063.84,-0.3412616741975036,-0.34285826886388854
17066.84,-0.34004195957549266,-0.34285826886388854
17068.84,-0.34006848850714616,-0.34285826886388854
17071.84,-0.3401481166103196,-0.34285826886388854
17073.84,-0.3402838302384444,-0.34285826886388854
17076.84,-0.3405138850004995,-0.34285826886388854
17081.84,-0.3408879359078113,-0.34285826886388854
17084.84,-0.3411346231093446,-0.34285826886388854
17086.84,-0.3412827265571874,-0.34285826886388854
17089.84,-0.34159676448076326,-0.34285826886388854
17091.84,-0.3417881001804757,-0.34285826886388854
17094.84,-0.34208182020314915,-0.34285826886388854
17097.84,-0.342332427111616,-0.34285826886388854
17100.84,-0.34267406224436686,-0.34285826886388854
17102.84,-0.34285826886388854,-0.34285826886388854
17105.84,-0.3431432742257436,-0.34267406224436686
17107.84,-0.3433455701151503,-0.34242118630487567
17110.84,-0.3435930411358356,-0.342332427111616
17113.84,-0.3438523468374481,-0.34208182020314915
17115.84,-0.3440295147610612,-0.3417881001804757
17118.84,-0.3443460614274198,-0.34159676448076326
17120.84,-0.34454208330053554,-0.3412827265571874
17127.84,-0.34519579173245785,-0.3412616741975036
17135.84,-0.3460341322229541,-0.3411346231093446
17143.84,-0.3467634675094664,-0.3408879359078113
17145.84,-0.3469858310146761,-0.3405138850004995
17148.84,-0.3458273396740006,-0.3402838302384444
17151.84,-0.3446530339326556,-0.3401506195245913
17153.84,-0.3437965519718845,-0.3401481166103196
17156.84,-0.34242118630487567,-0.34006848850714616
17161.84,-0.3401506195245913,-0.34004195957549266
17164.84,-0.33872405104807723,-0.33872405104807723
17167.84,-0.33736924364956705,-0.33736924364956705
17169.84,-0.33669905330339417,-0.33669905330339417
17172.84,-0.3350473398246187,-0.3350473398246187
17174.84,-0.334129773756147,-0.334129773756147
17177.84,-0.33272548247274647,-0.33272548247274647
17179.84,-0.331786942016757,-0.331786942016757
17182.84,-0.3303833299771267,-0.3303833299771267
17184.84,-0.329467633937929,-0.329467633937929
17187.84,-0.3280650263210283,-0.3280650263210283
17190.84,-0.32666506386714583,-0.3280650263210283
17192.84,-0.32574612319596513,-0.3280650263210283
17195.84,-0.3243572831825949,-0.3280650263210283
17197.84,-0.3234140342014441,-0.3280650263210283
17200.84,-0.3220329870002232,-0.3280650263210283
17207.84,-0.3187483775192882,-0.3280650263210283
17214.84,-0.3155048740793948,-0.3280650263210283
17223.84,-0.3113274652271903,-0.3280650263210283
17225.84,-0.31046037748873845,-0.3280650263210283
17228.84,-0.30972881605243147,-0.3280650263210283
17230.84,-0.30922832850329063,-0.3280650263210283
17233.84,-0.3085051876041968,-0.3280650263210283
17235.84,-0.3080495901437154,-0.3280650263210283
17240.84,-0.3069049570320518,-0.3280650263210283
17243.84,-0.30622415894193844,-0.3280650263210283
17246.84,-0.30554120340153634,-0.3280650263210283
17248.84,-0.30510994701522665,-0.3280650263210283
17251.84,-0.3045093728341869,-0.3280650263210283
17253.84,-0.3041032484490155,-0.3280650263210283
17256.84,-0.30348888925843553,-0.3280650263210283
17258.84,-0.30308051360430743,-0.3280650263210283
17261.84,-0.3024782236026787,-0.3280650263210283
17264.84,-0.301877969503815,-0.3280650263210283
17266.84,-0.3014638750544881,-0.3280650263210283
17269.84,-0.30084937408525786,-0.3280650263210283
17272.84,-0.3002279859753767,-0.3280650263210283
17274.84,-0.2998313433629505,-0.3280650263210283
17277.84,-0.29919579061396356,-0.3280650263210283
17280.84,-0.29857909697247703,-0.3280650263210283
17286.84,-0.2973658440697702,-0.3280650263210283
17294.84,-0.2956869412919362,-0.3280650263210283
17302.84,-0.29402167608284807,-0.3280650263210283
17305.84,-0.29323351736843545,-0.3280650263210283
17308.84,-0.29548179215058695,-0.3280650263210283
17310.84,-0.2969667046725379,-0.3280650263210283
17313.84,-0.29917818811383956,-0.3280650263210283
17315.84,-0.3006087361760132,-0.3280650263210283
17321.84,-0.3049965535900606,-0.3280650263210283
17323.84,-0.3064719357819402,-0.3280650263210283
17326.84,-0.3086357346754329,-0.3280650263210283
17328.84,-0.3100460146005962,-0.3280650263210283
17331.84,-0.3121277656318162,-0.3280650263210283
17334.84,-0.3142252429409883,-0.3280650263210283
17336.84,-0.31562269939480003,-0.3280650263210283
17339.84,-0.31773789232362387,-0.3280650263210283
17342.84,-0.31982414665711884,-0.3280650263210283
17344.84,-0.3212211335407621,-0.3280650263210283
17347.84,-0.32332241669359735,-0.3280650263210283
17349.84,-0.32473489980168785,-0.3280650263210283
17352.84,-0.3268044620748436,-0.3280650263210283
17354.84,-0.3281867160929498,-0.3281867160929498
17357.84,-0.3302525658377019,-0.3302525658377019
17360.84,-0.33232946625351195,-0.3315221246293738
17366.84,-0.3364628458992379,-0.3315221246293738
17374.84,-0.3420277341942224,-0.3315221246293738
17382.84,-0.34755040342106686,-0.3315221246293738
17385.84,-0.34979284416004236,-0.3315221246293738
17387.84,-0.34988202258487283,-0.3315221246293738
17390.84,-0.34998196766120576,-0.3315221246293738
17392.84,-0.35004201412349994,-0.3315221246293738
17395.84,-0.3501997380051553,-0.3315221246293738
17400.84,-0.3504821182432165,-0.3315221246293738
17403.84,-0.350620974581082,-0.3315221246293738
17405.84,-0.3507342837251479,-0.3315221246293738
17408.84,-0.35096191103115926,-0.3315221246293738
17410.84,-0.35111124710336533,-0.3315221246293738
17413.84,-0.3513757635887217,-0.3315221246293738
17415.84,-0.35151066806061726,-0.3315221246293738
17418.84,-0.35172783079647824,-0.3315221246293738
17421.84,-0.35198236277732414,-0.3315221246293738
17423.84,-0.35209891884828926,-0.3315221246293738
17426.84,-0.35234048563186876,-0.3315221246293738
17428.84,-0.3524537218084152,-0.3315221246293738
17431.84,-0.35267570925313757,-0.3315221246293738
17433.84,-0.3528218095252412,-0.3315221246293738
17436.84,-0.3530185708235772,-0.3315221246293738
17439.84,-0.3532506445280382,-0.3315221246293738
17445.84,-0.3537140929736222,-0.3315221246293738
17453.84,-0.3542149806705449,-0.3315221246293738
17461.84,-0.35471571659370266,-0.3315221246293738
17464.84,-0.3548773260402149,-0.3315221246293738
17466.84,-0.35420384394932264,-0.3315221246293738
17469.84,-0.35332855812537034,-0.3315221246293738
17471.84,-0.3526646863965264,-0.3315221246293738
17474.84,-0.35172003366251053,-0.3315221246293738
17479.84,-0.35021158573983013,-0.3315221246293738
17482.84,-0.3492372772452624,-0.3315221246293738
17484.84,-0.3485891801147777,-0.3315221246293738
17487.84,-0.3475410775751913,-0.33232946625351195
17489.84,-0.3468054301998542,-0.3328474611431543
17492.84,-0.3457394675987913,-0.3342487178343832
17495.84,-0.3446677125551239,-0.33436085687532935
17497.84,-0.3440016907525891,-0.3353894409815028
17500.84,-0.342962584400684,-0.3364628458992379
17502.84,-0.34228764101599524,-0.3366970723581395
17505.84,-0.3412357665348635,-0.33692150948769867
17508.84,-0.34019713612430746,-0.33738277057603716
17510.84,-0.3395076928927258,-0.3379470055180245
17513.84,-0.33844577133372433,-0.33844577133372433
17516.84,-0.33738277057603716,-0.33950353899645525
17518.84,-0.3366970723581395,-0.3395076928927258
17525.84,-0.3342487178343832,-0.34019713612430746
17533.84,-0.3315221246293738,-0.34050810651420416
17541.84,-0.3288328192762637,-0.3412357665348635
17543.84,-0.32801942625715835,-0.3420277341942224
17546.84,-0.3278091377937993,-0.3420351411368396
17548.84,-0.32767436824711915,-0.3420351411368396
17551.84,-0.3274264999581128,-0.3420351411368396
17553.84,-0.3272009401883462,-0.3420351411368396
17558.84,-0.326708124618194,-0.3420351411368396
17561.84,-0.32636013402528524,-0.3420351411368396
17564.84,-0.3260208282965851,-0.3420351411368396
17566.84,-0.3257813808992576,-0.3420351411368396
17568.84,-0.32554951629130063,-0.3420351411368396
17571.84,-0.32521083983038956,-0.3420351411368396
17574.84,-0.3248768809806799,-0.3420351411368396
17576.84,-0.3246301568654107,-0.3420351411368396
17579.84,-0.324239541930116,-0.3420351411368396
17582.84,-0.32386282067594835,-0.3420351411368396
17584.84,-0.32360006963152677,-0.3420351411368396
17587.84,-0.3232139972204075,-0.3420351411368396
17589.84,-0.32296849425945207,-0.3420351411368396
17592.84,-0.32262441131827707,-0.3420351411368396
17594.84,-0.32239880212035893,-0.3420351411368396
17597.84,-0.32205628488632904,-0.3420351411368396
17604.84,-0.3212411837077755,-0.3420351411368396
17612.84,-0.3202598269316219,-0.3420351411368396
17620.84,-0.31933354012945414,-0.3420351411368396
17622.84,-0.3191705558476376,-0.3420351411368396
17625.84,-0.3204557780713923,-0.3420351411368396
17628.84,-0.3217665114838075,-0.3420351411368396
17630.84,-0.3226699108900301,-0.3420351411368396
17633.84,-0.3240598238871517,-0.3420351411368396
17638.84,-0.32637448311782835,-0.3420351411368396
17640.84,-0.32732250039511046,-0.3420351411368396
17643.84,-0.32879501360494645,-0.3420351411368396
17646.84,-0.33034449131932375,-0.3420351411368396
17648.84,-0.33132837183538094,-0.3420351411368396
17651.84,-0.3328474611431543,-0.3420351411368396
17654.84,-0.33436085687532935,-0.3420351411368396
17656.84,-0.3353894409815028,-0.3420351411368396
17659.84,-0.33692150948769867,-0.3420351411368396
17661.84,-0.3379470055180245,-0.3420351411368396
17664.84,-0.33950353899645525,-0.3420351411368396
17666.84,-0.34050810651420416,-0.3420351411368396
17669.84,-0.3420351411368396,-0.3420351411368396
17672.84,-0.34354017990464497,-0.34354017990464497
17674.84,-0.3445262041010106,-0.3445262041010106
17677.84,-0.34602176434853565,-0.34602176434853565
17684.84,-0.3495155918227424,-0.3495155918227424
17691.84,-0.35298314252455903,-0.35298314252455903
17700.84,-0.35730786721344054,-0.35730786721344054
17702.84,-0.3583636766325471,-0.3583636766325471
17705.84,-0.35867602656854497,-0.35867602656854497
17708.84,-0.3589651299031671,-0.3589651299031671
17710.84,-0.359326447360607,-0.359326447360607
17713.84,-0.35972517573938717,-0.35972517573938717
17719.84,-0.3605165658230083,-0.3605165658230083
17721.84,-0.36076727312845347,-0.36076727312845347
17724.84,-0.36110350431431293,-0.36110350431431293
17726.84,-0.3613441360612476,-0.3613441360612476
17729.84,-0.36171590096897427,-0.36171590096897427
17732.84,-0.3620882146308211,-0.3620882146308211
17734.84,-0.3622746144706699,-0.3622746144706699
17737.84,-0.3626390684509564,-0.3626390684509564
17739.84,-0.3628850631893551,-0.3628850631893551
17742.84,-0.3632562907008808,-0.3632562907008808
17744.84,-0.363440013353551,-0.363440013353551
17747.84,-0.3638265842837851,-0.3638265842837851
17750.84,-0.36417071615250735,-0.36417071615250735
17752.84,-0.36441038805072545,-0.36441038805072545
17755.84,-0.3647957306211042,-0.3647957306211042
17757.84,-0.3650233982243785,-0.3650233982243785
17764.84,-0.36588179236969476,-0.36588179236969476
17772.84,-0.36678633454824466,-0.36678633454824466
17780.84,-0.3678316214753339,-0.3678316214753339
17782.84,-0.3680328972882166,-0.3680328972882166
17785.84,-0.36863782163770126,-0.36863782163770126
17788.84,-0.3691567492172526,-0.3691567492172526
17790.84,-0.3693841240658086,-0.3693841240658086
17793.84,-0.3699379910113597,-0.3699379910113597
17798.84,-0.3707259597835588,-0.3707259597835588
17800.84,-0.37107973341032946,-0.37107973341032946
17803.84,-0.3714366364527232,-0.3714366364527232
17806.84,-0.3718448617889354,-0.3718448617889354
17808.84,-0.3721225578854269,-0.3721225578854269
17811.84,-0.372493898660451,-0.372493898660451
17814.84,-0.37284466184761805,-0.37284466184761805
17816.84,-0.3732012321035401,-0.3732012321035401
17819.84,-0.37359544101646197,-0.37359544101646197
17821.84,-0.3738324616550658,-0.3738324616550658
17824.84,-0.3742164915810375,-0.3742164915810375
17826.84,-0.3744942526211894,-0.3744942526211894
17829.84,-0.3748693744526491,-0.3748693744526491
17832.84,-0.3752967387363307,-0.3752967387363307
17834.84,-0.37553262935350745,-0.37553262935350745
17837.84,-0.3759277056598423,-0.3759277056598423
17844.84,-0.3768430347097666,-0.3768430347097666
17851.84,-0.3778500204843544,-0.3776504015088253
17859.84,-0.37891873307595203,-0.3776504015088253
17862.84,-0.3791904252687278,-0.3776504015088253
17864.84,-0.37955085510408704,-0.3776504015088253
17867.84,-0.3800563724954814,-0.3776504015088253
17870.84,-0.3807207622694585,-0.3776504015088253
17872.84,-0.38111313897429633,-0.3776504015088253
17877.84,-0.3820333481721918,-0.3776504015088253
17880.84,-0.3826500364749106,-0.3776504015088253
17882.84,-0.38307555175276875,-0.3776504015088253
17885.84,-0.38377081821350756,-0.3776504015088253
17888.84,-0.38439544085158356,-0.3776504015088253
17890.84,-0.3848309312739518,-0.3776504015088253
17893.84,-0.3855206539184055,-0.3776504015088253
17896.84,-0.3860907651649217,-0.3776504015088253
17898.84,-0.38656943486069795,-0.3776504015088253
17901.84,-0.387191078408481,-0.3776504015088253
17904.84,-0.38787436936776365,-0.3776504015088253
17906.84,-0.38830864522787084,-0.3776504015088253
17909.84,-0.3889338230518172,-0.3776504015088253
17911.84,-0.38933967822362625,-0.3776504015088253
17914.84,-0.39004509353500255,-0.3776504015088253
17917.84,-0.39067640736079917,-0.3776504015088253
17923.84,-0.3919557027844045,-0.3776504015088253
17931.84,-0.39365761491248424,-0.3776504015088253
17939.84,-0.3952279041464888,-0.3776504015088253
17942.84,-0.3959278757328082,-0.3776504015088253
17944.84,-0.39554211872048256,-0.3776504015088253
17947.84,-0.3950017667828757,-0.3776504015088253
17949.84,-0.39455838801031745,-0.3776504015088253
17952.84,-0.39386738389679204,-0.3776504015088253
17957.84,-0.3926700366064605,-0.3776504015088253
17960.84,-0.3918817918774628,-0.3776504015088253
17963.84,-0.3911446922097721,-0.3776504015088253
17965.84,-0.3906559751482235,-0.3776504015088253
17968.84,-0.38994796936285203,-0.3776504015088253
17970.84,-0.38945696800306484,-0.3776504015088253
17973.84,-0.3887684440434953,-0.3776504015088253
17976.84,-0.3880048286173005,-0.3776504015088253
17978.84,-0.38755148743266676,-0.3776504015088253
17981.84,-0.38680307875026143,-0.3776504015088253
17983.84,-0.3863357389688926,-0.3776504015088253
17986.84,-0.38558556281083706,-0.3776504015088253
17988.84,-0.3851230164089225,-0.3776504015088253
17991.84,-0.3843956548461313,-0.3776504015088253
17994.84,-0.38371626127250374,-0.3776504015088253
17996.84,-0.3832324429016108,-0.3776504015088253
18003.84,-0.3815439364893608,-0.3776504015088253
18011.84,-0.3797142539034672,-0.3776504015088253
18019.84,-0.37804556199742984,-0.3776504015088253
18021.84,-0.3776504015088253,-0.3776504015088253
18024.84,-0.3772336321871849,-0.3772336321871849
18027.84,-0.3766752834293938,-0.3766752834293938
18029.84,-0.37632153094093984,-0.37632153094093984
18032.84,-0.3759011406737988,-0.3759011406737988
18037.84,-0.3751255076722023,-0.3751255076722023
18040.84,-0.37472968111524535,-0.37472968111524535
18042.84,-0.3744443239851761,-0.3744443239851761
18045.84,-0.37410198921766,-0.37410198921766
18047.84,-0.37376027860941946,-0.37376027860941946
18050.84,-0.373430949938438,-0.373430949938438
18052.84,-0.3731174610704669,-0.3731174610704669
18055.84,-0.3727259638875739,-0.3727259638875739
18057.84,-0.37247438925490767,-0.37247438925490767
18060.84,-0.3720826342316676,-0.3720826342316676
18062.84,-0.37188246380143586,-0.37188246380143586
18065.84,-0.3714666534945447,-0.3714666534945447
18068.84,-0.37116896374532266,-0.37116896374532266
18070.84,-0.3707925027229919,-0.3707925027229919
18073.84,-0.37043156585072856,-0.37043156585072856
18076.84,-0.370066391049273,-0.370066391049273
18082.84,-0.36932598479791384,-0.36932598479791384
18090.84,-0.36803553543885337,-0.36803553543885337
18098.84,-0.36672576711070576,-0.36672576711070576
18100.84,-0.3664569009626257,-0.3664569009626257
18103.84,-0.36616422524354086,-0.36616422524354086
18105.84,-0.3659692087248815,-0.3659692087248815
18108.84,-0.3657213233644329,-0.3657213233644329
18111.84,-0.36539746456011635,-0.36539746456011635
18116.84,-0.3649622195222995,-0.3649622195222995
18118.84,-0.36472752415659426,-0.36472752415659426
18121.84,-0.3644102673496308,-0.3644102673496308
18123.84,-0.36415249115660775,-0.36415249115660775
18126.84,-0.36372864429458623,-0.36372864429458623
18128.84,-0.3634649844999019,-0.3634649844999019
18131.84,-0.3631014975136904,-0.3631014975136904
18134.84,-0.3626505269582441,-0.3626505269582441
18136.84,-0.36232691089593344,-0.36232691089593344
18139.84,-0.3618801937980437,-0.3618801937980437
18141.84,-0.3616194137850317,-0.3616194137850317
18144.84,-0.36114638966483165,-0.36114638966483165
18147.84,-0.3607141275287297,-0.3607141275287297
18150.84,-0.3602522451900311,-0.3602522451900311
18152.84,-0.35996354888677723,-0.35996354888677723
18155.84,-0.3595333467242685,-0.3595333467242685
18161.84,-0.35858625425542134,-0.35858625425542134
18169.84,-0.35772031935088155,-0.35772031935088155
18177.84,-0.3565799575135654,-0.3565799575135654
18180.84,-0.3560828793771367,-0.3560828793771367
18182.84,-0.35560344600104693,-0.35560344600104693
18185.84,-0.3546401889579252,-0.3546401889579252
18187.84,-0.3540310360731223,-0.3540310360731223
18190.84,-0.35332983454847006,-0.35332983454847006
18195.84,-0.3520674417652967,-0.3520674417652967
18198.84,-0.3513353981008851,-0.3513353981008851
18200.84,-0.3508240654607584,-0.3508240654607584
18203.84,-0.3501042649996938,-0.3501042649996938
18205.84,-0.3496622563376195,-0.3496622563376195
18208.84,-0.34891910140320226,-0.34891910140320226
18211.84,-0.34823113298038105,-0.34823113298038105
18213.84,-0.3477573489255675,-0.3477573489255675
18216.84,-0.3470945327416629,-0.3470945327416629
18219.84,-0.34643014475106,-0.34643014475106
18221.84,-0.3459961603290032,-0.3459961603290032
18224.84,-0.34533317262666385,-0.34533317262666385
18226.84,-0.3449000138482663,-0.3449000138482663
18229.84,-0.3442203766642461,-0.3442203766642461
18232.84,-0.3435486180178729,-0.3435486180178729
18234.84,-0.34308911146335763,-0.34308911146335763
18241.84,-0.3415379334296431,-0.3415379334296431
18249.84,-0.33967582433679044,-0.33967582433679044
18257.84,-0.3380123228589793,-0.3380123228589793
18260.84,-0.33735634879456305,-0.33735634879456305
18262.84,-0.3370714680331354,-0.3370714680331354
18265.84,-0.33667791102096195,-0.33667791102096195
18268.84,-0.33625862481706337,-0.33625862481706337
18270.84,-0.3358893689895329,-0.3358893689895329
18276.84,-0.33477506946841923,-0.33477506946841923
18278.84,-0.33439335555047195,-0.33439335555047195
18281.84,-0.333878011665689,-0.333878011665689
18284.84,-0.3333438857775205,-0.3333438857775205
18286.84,-0.333008395520017,-0.333008395520017
18289.84,-0.3324774030788293,-0.3324774030788293
18291.84,-0.33212060762618256,-0.33212060762618256
18294.84,-0.331592489251545,-0.331592489251545
18296.84,-0.3312467698150081,-0.3312467698150081
18299.84,-0.33071798078717,-0.33071798078717
18301.84,-0.3303492868357272,-0.3303492868357272
18304.84,-0.3298329805408173,-0.3298329805408173
18306.84,-0.3294884574228321,-0.3294884574228321
18309.84,-0.3289635756650621,-0.3289635756650621
18312.84,-0.3284638362159865,-0.32895867304464405
18315.84,-0.3279496822187033,-0.32895867304464405
18321.84,-0.32690933762993196,-0.32895867304464405
18329.84,-0.32549799631284065,-0.32895867304464405
18337.84,-0.3240374016962578,-0.32895867304464405
18339.84,-0.32359485632873863,-0.32895867304464405
18342.84,-0.32322127350253377,-0.32895867304464405
18345.84,-0.3227625525985163,-0.32895867304464405
18347.84,-0.32251112738186466,-0.32895867304464405
18350.84,-0.32217762974356345,-0.32895867304464405
18355.84,-0.3215383192802028,-0.32895867304464405
18358.84,-0.3212145153870363,-0.32895867304464405
18360.84,-0.32101901661540116,-0.32895867304464405
18363.84,-0.320718005450174,-0.32895867304464405
18365.84,-0.3205289670139637,-0.32895867304464405
18368.84,-0.32023093024041643,-0.32895867304464405
18371.84,-0.31996392461605666,-0.32895867304464405
18373.84,-0.3197563605557911,-0.32895867304464405
18376.84,-0.3194346577623593,-0.32895867304464405
18378.84,-0.31923086359557074,-0.32895867304464405
18381.84,-0.3189254797023878,-0.32895867304464405
18383.84,-0.31871507010270966,-0.32895867304464405
18386.84,-0.31838909922707687,-0.32895867304464405
18389.84,-0.31806169290128505,-0.32895867304464405
18391.84,-0.3178445772099544,-0.32895867304464405
18394.84,-0.31751099222330376,-0.32895867304464405
18401.84,-0.316720173786325,-0.32895867304464405
18408.84,-0.3160520865283181,-0.32895867304464405
18416.84,-0.3153259273283501,-0.32895867304464405
18419.84,-0.3152603082374238,-0.32895867304464405
18421.84,-0.3157996508692935,-0.32895867304464405
18424.84,-0.3166699005261899,-0.32895867304464405
18427.84,-0.317481191043241,-0.32895867304464405
18429.84,-0.3179987731513694,-0.32895867304464405
18434.84,-0.31936127783675894,-0.32895867304464405
18437.84,-0.32013840976100394,-0.32895867304464405
18439.84,-0.3205875474525877,-0.32895867304464405
18442.84,-0.3212264988024377,-0.32895867304464405
18444.84,-0.32161190481450036,-0.32895867304464405
18447.84,-0.3222213835153034,-0.32895867304464405
18450.84,-0.32280359457403157,-0.32895867304464405
18452.84,-0.3231966839500457,-0.32895867304464405
18455.84,-0.3238207066769909,-0.32895867304464405
18457.84,-0.3242126481926029,-0.32895867304464405
18460.84,-0.3248270625882575,-0.32895867304464405
18463.84,-0.3254471369234457,-0.32895867304464405
18465.84,-0.3258475354334577,-0.32895867304464405
18468.84,-0.32646554735709077,-0.32895867304464405
18471.84,-0.32707194664451467,-0.32895867304464405
18473.84,-0.327501660847093,-0.32895867304464405
18480.84,-0.32895867304464405,-0.32895867304464405
18488.84,-0.3305300214015608,-0.3305300214015608
18496.84,-0.33208487040705476,-0.33208487040705476
18498.84,-0.33231858440587697,-0.33231858440587697
18501.84,-0.33381783720825414,-0.33381783720825414
18503.84,-0.3348406073306764,-0.3348406073306764
18506.84,-0.3363743131665487,-0.3363743131665487
18508.84,-0.3374934607810899,-0.3374934607810899
18513.84,-0.3401345926884125,-0.33859783337518967
18516.84,-0.3417074497335045,-0.33859783337518967
18519.84,-0.343388469453079,-0.33859783337518967
18521.84,-0.34452956395807993,-0.33859783337518967
18524.84,-0.3462334488393268,-0.33859783337518967
18527.84,-0.3479640355520509,-0.33859783337518967
18529.84,-0.3491400310759274,-0.33859783337518967
18532.84,-0.3508556822461634,-0.33859783337518967
18534.84,-0.35199841230678564,-0.33859783337518967
18537.84,-0.3537196325379664,-0.33859783337518967
18539.84,-0.3548538433464467,-0.33859783337518967
18542.84,-0.3565808431638979,-0.33859783337518967
18544.84,-0.3577194645178056,-0.33859783337518967
18547.84,-0.3594088826239919,-0.33859783337518967
18550.84,-0.36113810392717205,-0.33859783337518967
18552.84,-0.36226766177679126,-0.33859783337518967
18559.84,-0.36625461170772267,-0.33859783337518967
18566.84,-0.3701895526545157,-0.33859783337518967
18574.84,-0.37458678730956635,-0.33859783337518967
18577.84,-0.3764579913116397,-0.33859783337518967
18580.84,-0.37521265683573224,-0.33859783337518967
18582.84,-0.37438765444471106,-0.33859783337518967
18585.84,-0.3730457626047275,-0.33859783337518967
18588.84,-0.37170655802392816,-0.33859783337518967
18593.84,-0.36947235521643074,-0.33859783337518967
18595.84,-0.3685993912787759,-0.33859783337518967
18598.84,-0.3672530295835717,-0.33859783337518967
18600.84,-0.36627066328379865,-0.33859783337518967
18603.84,-0.36486154807895416,-0.33859783337518967
18606.84,-0.3634404836546385,-0.33859783337518967
18608.84,-0.36249428733088934,-0.33859783337518967
18611.84,-0.36112138305196434,-0.33859783337518967
18613.84,-0.3601854776431253,-0.33859783337518967
18616.84,-0.3588151118000356,-0.33859783337518967
18619.84,-0.3573918021443877,-0.33859783337518967
18621.84,-0.3564255836129147,-0.33859783337518967
18624.84,-0.3550334296416757,-0.33859783337518967
18626.84,-0.3541052410974788,-0.33859783337518967
18629.84,-0.35267152107744165,-0.33859783337518967
18632.84,-0.3512977382361682,-0.33859783337518967
18638.84,-0.3484671373685586,-0.33859783337518967
18646.84,-0.34474834222447304,-0.33859783337518967
18654.84,-0.34104204108622566,-0.33859783337518967
18656.84,-0.34001613696179783,-0.33859783337518967
18659.84,-0.33980841506324144,-0.33859783337518967
18662.84,-0.33962928315461244,-0.33859783337518967
18664.84,-0.3395096127065861,-0.33859783337518967
18667.84,-0.3393082969292669,-0.33859783337518967
18672.84,-0.3389094429824672,-0.33859783337518967
18674.84,-0.3387529821537727,-0.33859783337518967
18677.84,-0.33859783337518967,-0.3387529821537727
18680.84,-0.3384953969075691,-0.3387529821537727
18682.84,-0.3384571497798317,-0.3387529821537727
18685.84,-0.3383480955820852,-0.3387529821537727
18688.84,-0.3382592029228656,-0.3387529821537727
18690.84,-0.33818153151160724,-0.3387529821537727
18693.84,-0.33807063237530977,-0.3387529821537727
18696.84,-0.33794883816883137,-0.3387529821537727
18698.84,-0.33790009717637653,-0.3387529821537727
18701.84,-0.33776801447875926,-0.3387529821537727
18703.84,-0.33770848509754214,-0.3387529821537727
18706.84,-0.33761227316252773,-0.3387529821537727
18708.84,-0.3375362222943405,-0.3387529821537727
18711.84,-0.33742311425528543,-0.3387529821537727
18718.84,-0.33716917756472786,-0.3387529821537727
18725.84,-0.3369096815673099,-0.3387529821537727
18734.84,-0.3365815950993758,-0.3387529821537727
18736.84,-0.33639434902155846,-0.3387529821537727
18739.84,-0.3359652042989612,-0.3387529821537727
18742.84,-0.33552443519284536,-0.3387529821537727
18744.84,-0.3352678179521719,-0.3387529821537727
18747.84,-0.334922822452163,-0.3387529821537727
18752.84,-0.33438665735791484,-0.3387529821537727
18754.84,-0.33416192445173776,-0.3387529821537727
18757.84,-0.3336688046163299,-0.3387529821537727
18760.84,-0.33309957121646555,-0.3387529821537727
18762.84,-0.3327198106233274,-0.3387529821537727
18765.84,-0.3321532938939047,-0.3387529821537727
18768.84,-0.3315963006504344,-0.3387529821537727
18770.84,-0.33120854338834,-0.33859783337518967
18773.84,-0.3306450202953996,-0.3384953969075691
18775.84,-0.3302757067574007,-0.3384571497798317
18778.84,-0.3297126488572503,-0.3383480955820852
18780.84,-0.32932120200487686,-0.3382592029228656
18783.84,-0.3287488443756509,-0.33818153151160724
18786.84,-0.3281800853591379,-0.33807063237530977
18788.84,-0.3277978019100103,-0.33794883816883137
18791.84,-0.3272306443175887,-0.33790009717637653
18798.84,-0.325910260821051,-0.33776801447875926
18806.84,-0.3243658410864671,-0.33770848509754214
18814.84,-0.32280313102069425,-0.33761227316252773
18816.84,-0.32262414813917156,-0.3375362222943405
18819.84,-0.32460269121911384,-0.33742311425528543
18822.84,-0.3265219351575312,-0.33736001068775096
18824.84,-0.3277659026096143,-0.33716917756472786
18827.84,-0.32965254207398315,-0.3369096815673099
18832.84,-0.33275433894666495,-0.3365815950993758
18834.84,-0.3339833584910758,-0.33639434902155846
18837.84,-0.3359975946346311,-0.3360729861239698
18839.84,-0.33736001068775096,-0.3359975946346311
18842.84,-0.3393767093543878,-0.3359652042989612
18844.84,-0.3407451001423821,-0.33552443519284536
18847.84,-0.34277620388431107,-0.3352678179521719
18850.84,-0.34480365511187416,-0.334922822452163
18852.84,-0.3461678718563293,-0.33438665735791484
18855.84,-0.3482003442382817,-0.33416192445173776
18857.84,-0.34956521768429244,-0.3340680070597567
18860.84,-0.3516062117443636,-0.3339833584910758
18862.84,-0.352932788641896,-0.3336688046163299
18865.84,-0.35497173469164756,-0.33309957121646555
18868.84,-0.3570013217543799,-0.33275433894666495
18870.84,-0.358359778248171,-0.3327198106233274
18877.84,-0.36308685656292833,-0.3321532938939047
18885.84,-0.368533035153481,-0.3315963006504344
18893.84,-0.3739573735207005,-0.33120854338834
18895.84,-0.3751149050701472,-0.3310847520691732
18898.84,-0.3722959207388677,-0.3306450202953996
18901.84,-0.3695019841067053,-0.3302757067574007
18904.84,-0.36656714451389505,-0.3297126488572503
18906.84,-0.36459395120668237,-0.32965254207398315
18911.84,-0.35971943695764463,-0.32932120200487686
18914.84,-0.356783582168754,-0.329071971990745
18917.84,-0.3538341613057345,-0.3287488443756509
18919.84,-0.35185827278078285,-0.3281800853591379
18922.84,-0.34893835547039737,-0.3277978019100103
18924.84,-0.3469812656447145,-0.3277659026096143
18927.84,-0.3440361133664512,-0.3272306443175887
18929.84,-0.342046173371579,-0.3265219351575312
18932.84,-0.33907159397482656,-0.32606765058433335
18935.84,-0.3360729861239698,-0.32606765058433335
18937.84,-0.3340680070597567,-0.32606765058433335
18940.84,-0.3310847520691732,-0.32606765058433335
18942.84,-0.329071971990745,-0.32606765058433335
18945.84,-0.32606765058433335,-0.32606765058433335
18948.84,-0.32307499187530436,-0.32606765058433335
18950.84,-0.3210561899811354,-0.32606765058433335
18957.84,-0.31398509112572465,-0.32606765058433335
18965.84,-0.30579659054914593,-0.32606765058433335
18973.84,-0.2976833196711879,-0.32606765058433335
18975.84,-0.29584146476891054,-0.3265219351575312
18978.84,-0.29501615496624384,-0.3277659026096143
18980.84,-0.2944655597743792,-0.32871774787135494
18983.84,-0.29372075002148484,-0.329071971990745
18986.84,-0.29303864737423024,-0.32965254207398315
18991.84,-0.29184103621690605,-0.3310847520691732
18993.84,-0.2913632505061253,-0.3323839617613686
18996.84,-0.29056014062215435,-0.33275433894666495
18998.84,-0.28999888696104653,-0.3339833584910758
19001.84,-0.2891004551419643,-0.3340680070597567
19004.84,-0.2882528426074846,-0.3340680070597567
19006.84,-0.28768066960433436,-0.3340680070597567
19009.84,-0.2868363490842787,-0.3340680070597567
19011.84,-0.2862635909083433,-0.3340680070597567
19014.84,-0.2854366497753936,-0.3340680070597567
19016.84,-0.2848761323653627,-0.3340680070597567
19019.84,-0.2840193102167103,-0.3340680070597567
19022.84,-0.2831709525248653,-0.3340680070597567
19024.84,-0.2826189075420344,-0.3340680070597567
19027.84,-0.2817391169969849,-0.3340680070597567
19030.84,-0.28088917797494134,-0.3340680070597567
19036.84,-0.2792125679490373,-0.3340680070597567
19044.84,-0.27704429834594885,-0.3340680070597567
19052.84,-0.27466040392511276,-0.3340680070597567
19055.84,-0.2735811286602347,-0.3340680070597567
19057.84,-0.27616407735723864,-0.3340680070597567
19060.84,-0.27998488694022017,-0.3340680070597567
19062.84,-0.28254088447573944,-0.3340680070597567
19065.84,-0.28631830468020764,-0.3340680070597567
19070.84,-0.29259121789498,-0.3340680070597567
19073.84,-0.2963403198579113,-0.3340680070597567
19075.84,-0.29884124575726145,-0.3340680070597567
19078.84,-0.3026325356672616,-0.3340680070597567
19080.84,-0.30514839499662205,-0.3340680070597567
19083.84,-0.3089246399996485,-0.3340680070597567
19086.84,-0.31269064550895964,-0.3340680070597567
19089.84,-0.3164195052202465,-0.3340680070597567
19091.84,-0.31890433016671854,-0.3340680070597567
19094.84,-0.3225880457643243,-0.3340680070597567
19096.84,-0.32504721868159137,-0.3340680070597567
19099.84,-0.32871774787135494,-0.3340680070597567
19102.84,-0.3323839617613686,-0.3340680070597567
19105.84,-0.3360586658997531,-0.3360586658997531
19107.84,-0.3384824649750582,-0.3360586658997531
19110.84,-0.34215367755045195,-0.3360586658997531
19117.84,-0.35062094281589573,-0.3360586658997531
19124.84,-0.3590008661575958,-0.3360586658997531
19132.84,-0.36863196489622896,-0.3360586658997531
19135.84,-0.37222999864937983,-0.3360586658997531
19138.84,-0.37112151482316036,-0.3360586658997531
19140.84,-0.3704016327024762,-0.3360586658997531
19143.84,-0.3693699885875704,-0.3360586658997531
19145.84,-0.36860789333264204,-0.3360586658997531
19151.84,-0.36643999309493547,-0.3360586658997531
19153.84,-0.3657231970757929,-0.3360586658997531
19156.84,-0.364662024585706,-0.3360586658997531
19159.84,-0.36367183619886323,-0.3360586658997531
19161.84,-0.36300485984103276,-0.3360586658997531
19164.84,-0.36203766429526435,-0.3360586658997531
19167.84,-0.36096597794428403,-0.3360586658997531
19169.84,-0.36030987668890574,-0.3360586658997531
19172.84,-0.359334494245205,-0.3360586658997531
19174.84,-0.35863883500758187,-0.3360586658997531
19177.84,-0.35768566476097124,-0.3360586658997531
19179.84,-0.3569988903294334,-0.3360586658997531
19182.84,-0.35599826534000006,-0.3360586658997531
19185.84,-0.3549817774409069,-0.3360586658997531
19187.84,-0.3543090314485141,-0.3360586658997531
19190.84,-0.35328096941579057,-0.3360586658997531
19196.84,-0.3512737461799304,-0.3360586658997531
19204.84,-0.3485007201875798,-0.3360586658997531
19212.84,-0.3457634764634913,-0.3360586658997531
19215.84,-0.3445813504273722,-0.3360586658997531
19217.84,-0.3442775963485607,-0.3360586658997531
19220.84,-0.3438661400922128,-0.3360586658997531
19222.84,-0.34356148750883864,-0.3360586658997531
19225.84,-0.343134621676967,-0.3360586658997531
19230.84,-0.34247071062448387,-0.3360586658997531
19233.84,-0.34208920106570256,-0.3360586658997531
19236.84,-0.3416849361414454,-0.3360586658997531
19238.84,-0.3413876161514399,-0.3360586658997531
19241.84,-0.340926220324459,-0.3360586658997531
19244.84,-0.3404972249714625,-0.3360586658997531
19246.84,-0.34020400776582127,-0.3360586658997531
19249.84,-0.33979357313066255,-0.3360586658997531
19252.84,-0.3393650373675653,-0.3360586658997531
19254.84,-0.339078875163221,-0.3366251164566196
19257.84,-0.3386427173259149,-0.3368338032048837
19260.84,-0.3382293797532745,-0.33713446093668
19262.84,-0.3379489646194579,-0.33725348877729827
19265.84,-0.3375310380575011,-0.3375310380575011
19267.84,-0.33725348877729827,-0.3378937778055361
19270.84,-0.3368338032048837,-0.3379489646194579
19277.84,-0.3358232090298751,-0.3382293797532745
19284.84,-0.33486945662268225,-0.3382293797532745
19293.84,-0.33366167177900474,-0.3382293797532745
19295.84,-0.3334601850077887,-0.3382293797532745
19297.84,-0.33340589107597574,-0.3382293797532745
19300.84,-0.3332842505101042,-0.3382293797532745
19302.84,-0.3332163574035886,-0.3379489646194579
19305.84,-0.33308388240933845,-0.3378937778055361
19310.84,-0.33279391565803,-0.3375310380575011
19313.84,-0.3325831600124058,-0.33725348877729827
19316.84,-0.332316930960143,-0.33713446093668
19318.84,-0.33209782815143557,-0.3368338032048837
19321.84,-0.33182536315087025,-0.3366251164566196
19323.84,-0.331636731285936,-0.33648293789782857
19326.84,-0.3313401632474014,-0.33586660898544224
19328.84,-0.3311466569461983,-0.3358232090298751
19331.84,-0.3308600917088623,-0.3353549977965205
19333.84,-0.33069011220498223,-0.33524518009494914
19336.84,-0.33038460511679524,-0.33486945662268225
19339.84,-0.3300866599035377,-0.33459238872239494
19341.84,-0.32989306766990534,-0.3340900483175277
19344.84,-0.3296053422823305,-0.33366167177900474
19346.84,-0.3294061475280622,-0.3334601850077887
19349.84,-0.32912256194741146,-0.33340589107597574
19356.84,-0.32845675037821254,-0.3333753865339012
19364.84,-0.3275536582476504,-0.33333160863319655
19372.84,-0.3265722976089577,-0.3332842505101042
19374.84,-0.3264572343110633,-0.3332163574035886
19377.84,-0.32701923783028036,-0.33308388240933845
19380.84,-0.32755955888768834,-0.33283032776119786
19382.84,-0.3279392473733033,-0.33279391565803
19385.84,-0.3285977396154689,-0.3325831600124058
19390.84,-0.32967728026655013,-0.332316930960143
19392.84,-0.33013370047463797,-0.33209782815143557
19395.84,-0.33085369314225854,-0.33209153848677275
19397.84,-0.3313507835795209,-0.33182536315087025
19400.84,-0.33209153848677275,-0.331636731285936
19403.84,-0.33283032776119786,-0.3314654423134196
19405.84,-0.33333160863319655,-0.3313507835795209
19408.84,-0.3340900483175277,-0.3313401632474014
19410.84,-0.33459238872239494,-0.3311466569461983
19413.84,-0.3353549977965205,-0.3308600917088623
19415.84,-0.33586660898544224,-0.33085369314225854
19418.84,-0.3366251164566196,-0.33069011220498223
19420.84,-0.33713446093668,-0.33038460511679524
19423.84,-0.3378937778055361,-0.3301793450759798
19426.84,-0.3386688651579212,-0.33013370047463797
19428.84,-0.3391798008984934,-0.3300866599035377
19435.84,-0.3409804043580787,-0.32989306766990534
19443.84,-0.3432002471664951,-0.32967728026655013
19451.84,-0.3454659513409929,-0.3296053422823305
19453.84,-0.3458474682378211,-0.3294061475280622
19456.84,-0.34417803063132396,-0.32912256194741146
19459.84,-0.3425118629178948,-0.3285977396154689
19461.84,-0.34136047918094437,-0.32845675037821254
19464.84,-0.33953898834881896,-0.3282582980060552
19469.84,-0.33648293789782857,-0.3279392473733033
19471.84,-0.33524518009494914,-0.32755955888768834
19474.84,-0.3333753865339012,-0.3275536582476504
19477.84,-0.3314654423134196,-0.32701923783028036
19479.84,-0.3301793450759798,-0.32696127194090524
19482.84,-0.3282582980060552,-0.3265722976089577
19484.84,-0.32696127194090524,-0.3264572343110633
19487.84,-0.3250239472236356,-0.3250239472236356
19490.84,-0.32304567273429025,-0.32339033275942497
19492.84,-0.3217365201725166,-0.32339033275942497
19495.84,-0.31977540647061675,-0.32339033275942497
19497.84,-0.3184531803268374,-0.32339033275942497
19500.84,-0.3164733099102668,-0.32339033275942497
19502.84,-0.3151634902773044,-0.32339033275942497
19505.84,-0.31317652658924133,-0.32339033275942497
19508.84,-0.31118785330770266,-0.32339033275942497
19514.84,-0.3072045942156617,-0.32339033275942497
19522.84,-0.3016467457737767,-0.32339033275942497
19530.84,-0.2962367689650505,-0.32339033275942497
19533.84,-0.29436229486374843,-0.32339033275942497
19535.84,-0.2944314746934104,-0.32339033275942497
19538.84,-0.2945674057285437,-0.32339033275942497
19541.84,-0.294709279928965,-0.32339033275942497
19544.84,-0.2948268875008766,-0.32339033275942497
19548.84,-0.2949575487791109,-0.32339033275942497
19551.84,-0.2950742294932221,-0.32339033275942497
19554.84,-0.2952006841729086,-0.32339033275942497
19556.84,-0.29534674136391925,-0.32339033275942497
19559.84,-0.29559368190218277,-0.32339033275942497
19562.84,-0.2958588567481681,-0.32339033275942497
19564.84,-0.2960157567388612,-0.32339033275942497
19567.84,-0.29625892392433506,-0.32339033275942497
19569.84,-0.2964226342195715,-0.32339033275942497
19572.84,-0.2966942303528076,-0.32339033275942497
19574.84,-0.2968595361530867,-0.32339033275942497
19577.84,-0.29709505302842976,-0.32339033275942497
19579.84,-0.2972904017845635,-0.32339033275942497
19582.84,-0.297539301684728,-0.32339033275942497
19585.84,-0.2977784719347586,-0.32339033275942497
19587.84,-0.29793936389024056,-0.32339033275942497
19594.84,-0.2985322762548413,-0.32339033275942497
19602.84,-0.2993683897785369,-0.32339033275942497
19610.84,-0.300126150729135,-0.32339033275942497
19612.84,-0.30026375442453557,-0.32339033275942497
19615.84,-0.30186398522044633,-0.32339033275942497
19617.84,-0.3029229795025144,-0.32339033275942497
19620.84,-0.3045181808387164,-0.32339033275942497
19623.84,-0.3062618400299031,-0.32339033275942497
19628.84,-0.30922359219514267,-0.32339033275942497
19630.84,-0.31037153433702863,-0.32339033275942497
19633.84,-0.3120983045586185,-0.32339033275942497
19635.84,-0.313222795614706,-0.32339033275942497
19638.84,-0.31492452988452263,-0.32339033275942497
19641.84,-0.3166107946789165,-0.32339033275942497
19643.84,-0.317745980819746,-0.32339033275942497
19646.84,-0.31944560700845887,-0.32339033275942497
19648.84,-0.3205714516093069,-0.32339033275942497
19651.84,-0.32226495937995703,-0.32339033275942497
19653.84,-0.32339033275942497,-0.32339033275942497
19656.84,-0.32509637750594206,-0.32509637750594206
19658.84,-0.32621934139086145,-0.32621934139086145
19661.84,-0.32791788450387843,-0.32791788450387843
19664.84,-0.3296196116370506,-0.3296196116370506
19667.84,-0.3313243103420842,-0.3313243103420842
19673.84,-0.3347108972039049,-0.3347108972039049
19681.84,-0.3391734809032253,-0.3391734809032253
19689.84,-0.34358371288210593,-0.34358371288210593
19692.84,-0.34526324408334547,-0.34526324408334547
19694.84,-0.34555763216868246,-0.34555763216868246
19697.84,-0.34599320656998994,-0.34599320656998994
19700.84,-0.34644710120859384,-0.34644710120859384
19702.84,-0.34660702326718085,-0.34660702326718085
19707.84,-0.34715102891779037,-0.34715102891779037
19710.84,-0.3475366287611405,-0.3475366287611405
19712.84,-0.3477781367148125,-0.3477781367148125
19715.84,-0.34801628794411027,-0.34801628794411027
19718.84,-0.34822643786581664,-0.34822643786581664
19720.84,-0.34836087529627097,-0.34836087529627097
19723.84,-0.34858170494504925,-0.34858170494504925
19726.84,-0.3488215706305849,-0.3488215706305849
19729.84,-0.34903551568457314,-0.34903551568457314
19731.84,-0.34917242298859563,-0.34917242298859563
19733.84,-0.3492867702672823,-0.3492867702672823
19736.84,-0.3495252853123317,-0.3495252853123317
19739.84,-0.3497242842731634,-0.3497242842731634
19741.84,-0.34986023468028143,-0.34986023468028143
19744.84,-0.3500894007760308,-0.3500894007760308
19747.84,-0.35032590079873677,-0.35032590079873677
19754.84,-0.35083755373844616,-0.35083755373844616
19761.84,-0.35138604223280745,-0.35138604223280745
19769.84,-0.3519492260255436,-0.3519492260255436
19772.84,-0.3521719365215702,-0.3521719365215702
19774.84,-0.3527344340960405,-0.3527344340960405
19777.84,-0.35365690292177415,-0.35365690292177415
19779.84,-0.3542358768537707,-0.3542358768537707
19782.84,-0.3550946415641501,-0.3550946415641501
19787.84,-0.35650287767926425,-0.35650287767926425
19790.84,-0.35740331034343764,-0.35740331034343764
19792.84,-0.35800912857581735,-0.35800912857581735
19795.84,-0.35890876968819635,-0.35890876968819635
19797.84,-0.35952369338878376,-0.35952369338878376
19800.84,-0.36042366645799556,-0.36042366645799556
19803.84,-0.3613951115820671,-0.3613951115820671
19805.84,-0.36202117605750295,-0.36202117605750295
19808.84,-0.3629513798927953,-0.3629513798927953
19811.84,-0.36392288593252786,-0.36392288593252786
19813.84,-0.364546012327293,-0.364546012327293
19816.84,-0.36549136453823355,-0.36549136453823355
19818.84,-0.3660836005559387,-0.3660836005559387
19821.84,-0.366990522273983,-0.366990522273983
19824.84,-0.367900577184181,-0.367900577184181
19826.84,-0.3685173459526165,-0.3685173459526165
19833.84,-0.3706227901885516,-0.3706227901885516
19841.84,-0.37307619277411197,-0.3711304834419407
19849.84,-0.37548197239944575,-0.3711304834419407
19851.84,-0.3761549517503822,-0.3711304834419407
19854.84,-0.3762853717941879,-0.3711304834419407
19857.84,-0.3763166413660865,-0.3711304834419407
19859.84,-0.3763202526693627,-0.3711304834419407
19862.84,-0.376411751399116,-0.3711304834419407
19866.84,-0.37653392029409605,-0.3711304834419407
19869.84,-0.3767239868157834,-0.3711304834419407
19872.84,-0.37677238837792,-0.3711304834419407
19875.84,-0.37686140832359566,-0.3711304834419407
19877.84,-0.3769070324121493,-0.3711304834419407
19880.84,-0.37697639775048625,-0.3711304834419407
19882.84,-0.3770409736711157,-0.3711304834419407
19885.84,-0.3770409736711157,-0.3711304834419407
19888.84,-0.3772260534508606,-0.3711304834419407
19890.84,-0.37728629304123984,-0.3711304834419407
19893.84,-0.37736224914108557,-0.3711304834419407
19895.84,-0.37741089591859783,-0.3711304834419407
19898.84,-0.3775224935159616,-0.3711304834419407
19900.84,-0.377544990848127,-0.3711304834419407
19903.84,-0.3777276722806598,-0.3711304834419407
19906.84,-0.37779824430129383,-0.3711304834419407
19912.84,-0.3780276603201271,-0.3711304834419407
19920.84,-0.37821087957682326,-0.3711304834419407
19928.84,-0.37854645168506695,-0.3711304834419407
19931.84,-0.3783574173505261,-0.3711304834419407
19933.84,-0.3782060623629024,-0.3711304834419407
19936.84,-0.37790886674824564,-0.3711304834419407
19939.84,-0.3775544356346576,-0.3711304834419407
19941.84,-0.37737091731268474,-0.3711304834419407
19946.84,-0.3769626560993967,-0.3711304834419407
19949.84,-0.37658242515587054,-0.3711304834419407
19952.84,-0.3762692302117528,-0.3711304834419407
19954.84,-0.3760630081332934,-0.3711304834419407
19957.84,-0.3758539323928747,-0.3711304834419407
19960.84,-0.37556418267518815,-0.3711304834419407
19962.84,-0.37539761804001637,-0.3711304834419407
19965.84,-0.37512615311435094,-0.3711304834419407
19967.84,-0.3749691791735376,-0.3711304834419407
19970.84,-0.3747246670607661,-0.3711304834419407
19972.84,-0.37453689132904544,-0.3711304834419407
19975.84,-0.37426946217176,-0.3711304834419407
19978.84,-0.37411000510825954,-0.3711304834419407
19980.84,-0.3738393816839719,-0.3711304834419407
19983.84,-0.3735757684437489,-0.3711304834419407
19986.84,-0.3733875806800795,-0.3711304834419407
19992.84,-0.3727531810362032,-0.3711304834419407
20000.84,-0.37208994843190357,-0.3711304834419407
20008.84,-0.371197798235632,-0.3711304834419407
20011.84,-0.3711304834419407,-0.3711304834419407
20014.84,-0.36973643963204816,-0.36973643963204816
20016.84,-0.36879296283608615,-0.36879296283608615
20019.84,-0.36745199490704616,-0.36745199490704616
20022.84,-0.365958257465596,-0.365958257465596
20027.84,-0.36352480706404294,-0.36352480706404294
20030.84,-0.36214531936997674,-0.36214531936997674
20032.84,-0.3611576274661728,-0.3611576274661728
20035.84,-0.3597263527337124,-0.3597263527337124
20037.84,-0.3587438074378394,-0.3587438074378394
20040.84,-0.3572510115534846,-0.3572510115534846
20042.84,-0.3563066386193381,-0.3563066386193381
20045.84,-0.354808038224141,-0.354808038224141
20048.84,-0.3533179428491198,-0.3533179428491198
20050.84,-0.352321877391925,-0.352321877391925
20052.84,-0.35131550984069215,-0.35131550984069215
20055.84,-0.34983784076561153,-0.34983784076561153
20058.84,-0.34833331512843346,-0.34833331512843346
20060.84,-0.3473384480940203,-0.3473384480940203
20063.84,-0.3458401026897368,-0.3458401026897368
20066.84,-0.3443561022163032,-0.3443561022163032
20072.84,-0.34134548690063105,-0.34134548690063105
20080.84,-0.3374037018528557,-0.3374037018528557
20088.84,-0.3335723879655865,-0.3335723879655865
20091.84,-0.3319004748082756,-0.3319004748082756
20093.84,-0.33177680912429475,-0.33177680912429475
20096.84,-0.3315184896036761,-0.3315184896036761
20099.84,-0.331246495309227,-0.331246495309227
20101.84,-0.3310132439272353,-0.3310132439272353
20106.84,-0.3304896669771179,-0.3304896669771179
20109.84,-0.3301589860124167,-0.3301589860124167
20112.84,-0.32991006245209414,-0.3300031197974383
20114.84,-0.3296919774967,-0.3300031197974383
20117.84,-0.3294031201362043,-0.3300031197974383
20119.84,-0.3292048555296633,-0.3300031197974383
20122.84,-0.32890983889310726,-0.3300031197974383
20125.84,-0.3286208123644903,-0.3300031197974383
20127.84,-0.3284534884064199,-0.3300031197974383
20130.84,-0.3282079712029907,-0.3300031197974383
20132.84,-0.3280351203384954,-0.3300031197974383
20135.84,-0.3277824556400057,-0.3300031197974383
20137.84,-0.32759537091358487,-0.3300031197974383
20140.84,-0.3273256670664245,-0.3300031197974383
20143.84,-0.3270437559215223,-0.3300031197974383
20145.84,-0.32687231269505423,-0.3300031197974383
20152.84,-0.32621088923104685,-0.3300031197974383
20160.84,-0.3255074255262194,-0.3300031197974383
20168.84,-0.324679615766682,-0.3300031197974383
20170.84,-0.32449156907440263,-0.3300031197974383
20173.84,-0.32400092706081957,-0.3300031197974383
20175.84,-0.32373287046986776,-0.3300031197974383
20178.84,-0.32338479450355195,-0.3300031197974383
20181.84,-0.323153577323991,-0.3300031197974383
20186.84,-0.3227524343452023,-0.3300031197974383
20188.84,-0.3226419802966248,-0.3300031197974383
20191.84,-0.3223842031175791,-0.3300031197974383
20194.84,-0.3221488536592338,-0.3300031197974383
20196.84,-0.3219903032847663,-0.3300031197974383
20199.84,-0.3217216515208187,-0.3300031197974383
20201.84,-0.3215600525513369,-0.3300031197974383
20204.84,-0.3213111144060282,-0.3300031197974383
20207.84,-0.3210380835306029,-0.3300031197974383
20209.84,-0.3208814474628535,-0.3300031197974383
20212.84,-0.32057991365699884,-0.3300031197974383
20214.84,-0.3204329109079915,-0.3300031197974383
20217.84,-0.3201540387074119,-0.3300031197974383
20220.84,-0.31990459502231233,-0.3300031197974383
20222.84,-0.31973830872137016,-0.3300031197974383
20225.84,-0.3194885104919883,-0.3300031197974383
20232.84,-0.3188916620085905,-0.3300031197974383
20239.84,-0.31833074988453436,-0.3300031197974383
20247.84,-0.31791684102611945,-0.3300031197974383
20250.84,-0.31800901613475296,-0.3300031197974383
20252.84,-0.3190897171140558,-0.3300031197974383
20255.84,-0.3206682821760816,-0.3300031197974383
20258.84,-0.3221584855448649,-0.3300031197974383
20260.84,-0.3230882266932148,-0.3300031197974383
20265.84,-0.3253468680199278,-0.3300031197974383
20268.84,-0.32665707100720054,-0.3300031197974383
20270.84,-0.3275230199005986,-0.3300031197974383
20273.84,-0.3287113129084758,-0.3300031197974383
20276.84,-0.3300031197974383,-0.3300031197974383
20278.84,-0.330817889448946,-0.330817889448946
20281.84,-0.33205731115413717,-0.33205731115413717
20284.84,-0.33332851552519666,-0.33332851552519666
20286.84,-0.33413495510705965,-0.33413495510705965
20289.84,-0.3353777680588614,-0.3353777680588614
20291.84,-0.3361768152328714,-0.3361768152328714
20294.84,-0.33742486169799846,-0.33742486169799846
20297.84,-0.33864724418569914,-0.33864724418569914
20299.84,-0.3394587315531286,-0.3394587315531286
20302.84,-0.3406575412994884,-0.3406575412994884
20304.84,-0.34146742201345665,-0.34146742201345665
20311.84,-0.3442719468737988,-0.3423971748323614
20319.84,-0.3473069493336339,-0.3423971748323614
20326.84,-0.3498002692858915,-0.34310392935320855
20329.84,-0.35062468257146295,-0.34333738571482036
20331.84,-0.3504225074006981,-0.3437540545811703
20334.84,-0.3501898803458158,-0.3441755430711948
20337.84,-0.3499805206259351,-0.3442719468737988
20339.84,-0.34992672160525673,-0.34480718105471486
20344.84,-0.349834796103244,-0.34485537485943313
20347.84,-0.3497275449044619,-0.3453192856296096
20350.84,-0.34971091116890934,-0.3455537448277988
20352.84,-0.3497170901417836,-0.34562228235926057
20355.84,-0.34975309269981847,-0.345902056082812
20357.84,-0.3497677197553016,-0.34616428958943796
20360.84,-0.34975790603185336,-0.34645588081956974
20362.84,-0.34977569910599987,-0.34676514331358027
20365.84,-0.3498206189894593,-0.34702288704172884
20368.84,-0.3498675527873917,-0.3473069493336339
20370.84,-0.3498593694571757,-0.3473538158785858
20373.84,-0.349893366291096,-0.34767195425883196
20375.84,-0.34990449833798626,-0.34787469819874406
20378.84,-0.3499523940033979,-0.3479876177581821
20381.84,-0.3499819646752942,-0.3482113357920651
20383.84,-0.3500200206341435,-0.3485532701146097
20390.84,-0.35014843135199814,-0.348713251516372
20398.84,-0.3503401089364653,-0.348764663522686
20406.84,-0.35058459171590356,-0.34908016560676514
20408.84,-0.3507697868336463,-0.3493848606537364
20411.84,-0.3505857954825181,-0.34971091116890934
20413.84,-0.35045540368318523,-0.3497170901417836
20416.84,-0.3501927911883272,-0.3497275449044619
20418.84,-0.3500040669520188,-0.34975309269981847
20423.84,-0.3493848606537364,-0.34975790603185336
20426.84,-0.34908016560676514,-0.3497677197553016
20429.84,-0.348764663522686,-0.34977569910599987
20431.84,-0.3485532701146097,-0.3498002692858915
20434.84,-0.3482113357920651,-0.34980784027693224
20437.84,-0.34787469819874406,-0.3498206189894593
20439.84,-0.34767195425883196,-0.349834796103244
20442.84,-0.3473538158785858,-0.3498593694571757
20445.84,-0.34702288704172884,-0.3498675527873917
20447.84,-0.34676514331358027,-0.349893366291096
20450.84,-0.34645588081956974,-0.34990449833798626
20453.84,-0.34616428958943796,-0.34992672160525673
20455.84,-0.345902056082812,-0.3499523940033979
20458.84,-0.3455537448277988,-0.3499805206259351
20460.84,-0.3453192856296096,-0.3499819646752942
20464.84,-0.34485537485943313,-0.3500040669520188
20470.84,-0.3441755430711948,-0.3500200206341435
20478.84,-0.34333738571482036,-0.35014843135199814
20486.84,-0.3423971748323614,-0.3501898803458158
20488.84,-0.3421488278344905,-0.3501927911883272
20491.84,-0.34310392935320855,-0.3503401089364653
20493.84,-0.3437540545811703,-0.3504225074006981
20496.84,-0.34480718105471486,-0.3504225074006981
20498.84,-0.34562228235926057,-0.35045540368318523
20504.84,-0.3479876177581821,-0.3505418891834493
20506.84,-0.348713251516372,-0.35058459171590356
20509.84,-0.34980784027693224,-0.3505857954825181
20511.84,-0.3505418891834493,-0.3507697868336463
20514.84,-0.3516228627303431,-0.3516228627303431
20517.84,-0.3527437687611129,-0.3527437687611129
20519.84,-0.35348733525545956,-0.35348733525545956
20522.84,-0.35459331294456226,-0.35459331294456226
20524.84,-0.3553163177786057,-0.3553163177786057
20527.84,-0.35643179734567665,-0.35643179734567665
20529.84,-0.3571396990150409,-0.3571396990150409
20532.84,-0.3582374478693452,-0.3577190750804118
20534.84,-0.35898700831553587,-0.3577190750804118
20537.84,-0.3600561875530156,-0.3577190750804118
20540.84,-0.3611547382550753,-0.3577190750804118
20542.84,-0.36187885376543566,-0.3577190750804118
20549.84,-0.36444444287304917,-0.3577190750804118
20557.84,-0.3672277439468285,-0.3577190750804118
20565.84,-0.3700289409001956,-0.3577190750804118
20568.84,-0.37115825138926756,-0.3577190750804118
20570.84,-0.37129025138784544,-0.3577190750804118
20573.84,-0.3714715492384085,-0.3577190750804118
20575.84,-0.37156039547658515,-0.3577190750804118
20578.84,-0.3715069853126193,-0.3577190750804118
20583.84,-0.37150019430750636,-0.3577190750804118
20586.84,-0.37162289569827256,-0.3577190750804118
20588.84,-0.3717060836263345,-0.3577190750804118
20591.84,-0.37190237937127557,-0.3577190750804118
20594.84,-0.37206356993995443,-0.3577190750804118
20596.84,-0.3721598327688051,-0.3577190750804118
20599.84,-0.37233267561460553,-0.3577190750804118
20601.84,-0.3724419948651025,-0.3577190750804118
20604.84,-0.37262416918053204,-0.3577190750804118
20606.84,-0.37275317080509984,-0.3577190750804118
20609.84,-0.37285740829631764,-0.3577190750804118
20612.84,-0.3730919568214003,-0.3577190750804118
20614.84,-0.3732025400184547,-0.3577190750804118
20617.84,-0.3733743033227509,-0.3577190750804118
20619.84,-0.37347966995384824,-0.3577190750804118
20622.84,-0.3736874868922054,-0.3577190750804118
20629.84,-0.37411382963567524,-0.3577190750804118
20636.84,-0.3746027768611866,-0.3577190750804118
20644.84,-0.3751811399815439,-0.3577190750804118
20647.84,-0.37531816639218163,-0.3577190750804118
20650.84,-0.37431289368561765,-0.3577190750804118
20652.84,-0.3737204229758897,-0.3577190750804118
20655.84,-0.3726970627383781,-0.3577190750804118
20658.84,-0.37170717271464393,-0.3577190750804118
20663.84,-0.3701540418684731,-0.3577190750804118
20665.84,-0.3694713224369493,-0.3577190750804118
20668.84,-0.36845483143467833,-0.3577190750804118
20670.84,-0.36772659016300513,-0.3577190750804118
20673.84,-0.3665370837510882,-0.3577190750804118
20675.84,-0.3657642304079429,-0.3577190750804118
20678.84,-0.364622486640839,-0.3577190750804118
20680.84,-0.3638233965869718,-0.3577190750804118
20683.84,-0.3627088600724691,-0.3577190750804118
20685.84,-0.36191279048485514,-0.3577190750804118
20688.84,-0.3607529210002358,-0.3577190750804118
20690.84,-0.35999410068893006,-0.3577190750804118
20693.84,-0.3588409993397393,-0.3577190750804118
20696.84,-0.3577190750804118,-0.3577190750804118
20698.84,-0.356892651327253,-0.356892651327253
20701.84,-0.35577818647659404,-0.35577818647659404
20708.84,-0.35305247578584686,-0.35305247578584686
20716.84,-0.34987288014033147,-0.34987288014033147
20724.84,-0.34685247027643595,-0.34883467477835456
20726.84,-0.3460975221447856,-0.34883467477835456
20729.84,-0.34409034101309355,-0.34883467477835456
20731.84,-0.3426795788145436,-0.34883467477835456
20734.84,-0.3405492830866468,-0.34883467477835456
20736.84,-0.3391124516627393,-0.34883467477835456
20742.84,-0.33488163292853784,-0.34883467477835456
20744.84,-0.3334916976575391,-0.34883467477835456
20747.84,-0.33143927508835797,-0.34883467477835456
20749.84,-0.330136126307941,-0.34883467477835456
20752.84,-0.32818682970213,-0.34883467477835456
20755.84,-0.326243038447723,-0.34883467477835456
20757.84,-0.32496098415826624,-0.34883467477835456
20760.84,-0.323005461809215,-0.34883467477835456
20763.84,-0.32106091481468,-0.34883467477835456
20765.84,-0.3197517861729045,-0.34883467477835456
20768.84,-0.3178106686358985,-0.34883467477835456
20770.84,-0.3165003180780749,-0.34883467477835456
20773.84,-0.31454536872383987,-0.34883467477835456
20776.84,-0.3125785321678724,-0.34883467477835456
20778.84,-0.3112678226649458,-0.34883467477835456
20781.84,-0.3092975008401358,-0.34883467477835456
20788.84,-0.3046708005608387,-0.34883467477835456
20796.84,-0.2993918468051322,-0.34883467477835456
20803.84,-0.2947115753276026,-0.34883467477835456
20806.84,-0.2926679292891431,-0.34883467477835456
20808.84,-0.29404902805259686,-0.34883467477835456
20811.84,-0.2961533020059242,-0.34883467477835456
20814.84,-0.29845016952085296,-0.34883467477835456
20817.84,-0.30071655088495836,-0.34883467477835456
20822.84,-0.3044156863576716,-0.34883467477835456
20824.84,-0.30588599066396016,-0.34883467477835456
20827.84,-0.3080452472279361,-0.34883467477835456
20830.84,-0.310127903930274,-0.34883467477835456
20832.84,-0.31150432711264536,-0.34883467477835456
20835.84,-0.3135638469834169,-0.34883467477835456
20837.84,-0.31494781584680026,-0.34883467477835456
20840.84,-0.31701736689244175,-0.34883467477835456
20843.84,-0.31905343723834667,-0.34883467477835456
20845.84,-0.320408679931225,-0.34883467477835456
20848.84,-0.32244959485346236,-0.34729199404366207
20850.84,-0.32381268799808777,-0.34719846691823925
20853.84,-0.32585303025129975,-0.34685247027643595
20856.84,-0.32790965640471265,-0.3460975221447856
20858.84,-0.3292634129549968,-0.3460261658103617
20861.84,-0.33131069767986876,-0.34544380585181356
20867.84,-0.33541077198390706,-0.34409034101309355
20875.84,-0.3407883195316587,-0.34285498388765795
20883.84,-0.3460261658103617,-0.3426795788145436
20885.84,-0.34729199404366207,-0.3410929989161967
20888.84,-0.34883467477835456,-0.3407883195316587
20891.84,-0.3503658282185276,-0.3405492830866468
20893.84,-0.3512964092023647,-0.3391124516627393
20896.84,-0.35266805652768435,-0.33541077198390706
20901.84,-0.35495807529961654,-0.3349533295247829
20904.84,-0.3562808429489143,-0.33488163292853784
20907.84,-0.35770359150479875,-0.3334916976575391
20909.84,-0.35864908713048016,-0.33143927508835797
20912.84,-0.36012518580984154,-0.33131069767986876
20915.84,-0.36163500056291836,-0.33131069767986876
20917.84,-0.36259696605745695,-0.3316392449112167
20920.84,-0.3640944669773851,-0.33270498884035826
20922.84,-0.36503757083745403,-0.33377227663297454
20925.84,-0.36651511624711497,-0.33449003844426195
20927.84,-0.36747686847248623,-0.3349533295247829
20930.84,-0.36892654224587895,-0.33541077198390706
20932.84,-0.3699206081737738,-0.33553097207992655
20935.84,-0.371371737208039,-0.33622922646093006
20937.84,-0.3723570728681854,-0.3372742195454036
20940.84,-0.373781605858816,-0.33800816832444025
20947.84,-0.3771339714775366,-0.33943008786913165
20955.84,-0.38099413038202384,-0.3407883195316587
20963.84,-0.3849336100463428,-0.3410929989161967
20966.84,-0.3864119730660151,-0.3415487239753056
20968.84,-0.3847457102208368,-0.34285498388765795
20971.84,-0.3822403831389467,-0.3443151919218443
20973.84,-0.3805594000700611,-0.34544380585181356
20976.84,-0.37804435057658514,-0.3460261658103617
20981.84,-0.37390757950016157,-0.3460682622538878
20984.84,-0.37136995443472026,-0.3460682622538878
20986.84,-0.36970928360026506,-0.3460682622538878
20989.84,-0.3671305910931078,-0.3460682622538878
20991.84,-0.3654467294349435,-0.3460682622538878
20994.84,-0.36280463967611465,-0.3460682622538878
20996.84,-0.36106532269878877,-0.3460682622538878
20999.84,-0.3584804968657327,-0.3460682622538878
21002.84,-0.35586707515923943,-0.3460682622538878
21004.84,-0.35413928611221523,-0.3460682622538878
21006.84,-0.3524148229049713,-0.3460682622538878
21009.84,-0.34978699485767833,-0.3460682622538878
21012.84,-0.34719846691823925,-0.3460682622538878
21014.84,-0.34544380585181356,-0.3460682622538878
21017.84,-0.34285498388765795,-0.3460682622538878
21019.84,-0.3410929989161967,-0.3460682622538878
21026.84,-0.3349533295247829,-0.3460682622538878
21034.84,-0.32803699718554874,-0.3460682622538878
21042.84,-0.321049431649365,-0.3460682622538878
21044.84,-0.3193400985801521,-0.3460682622538878
21047.84,-0.3204682730349899,-0.3460682622538878
21050.84,-0.32155607689473253,-0.3460682622538878
21053.84,-0.3226756542468844,-0.34586566649482714
21055.84,-0.32340577712508484,-0.34557891606244207
21060.84,-0.32521533263562596,-0.34544380585181356
21063.84,-0.3263154155238512,-0.3453871072961572
21066.84,-0.3273433338954185,-0.3450779205513552
21068.84,-0.3280410119756566,-0.34489879436649823
21071.84,-0.32913340654812634,-0.3446091792638234
21073.84,-0.32982448428826033,-0.34432967197714187
21076.84,-0.33090724206217276,-0.3443151919218443
21078.84,-0.3316392449112167,-0.3440512037497598
21081.84,-0.33270498884035826,-0.3438875636859317
21084.84,-0.33377227663297454,-0.34359130831873375
21086.84,-0.33449003844426195,-0.34330633385727816
21089.84,-0.33553097207992655,-0.3431091048403665
21091.84,-0.33622922646093006,-0.34285498388765795
21094.84,-0.3372742195454036,-0.34281918744911866
21096.84,-0.33800816832444025,-0.34216062752801424
21100.84,-0.33943008786913165,-0.3415487239753056
21106.84,-0.3415487239753056,-0.34124761836451467
21114.84,-0.3443151919218443,-0.3410929989161967
21122.84,-0.3470607160779328,-0.34044482070112214
21124.84,-0.3477044796988675,-0.34020284266229245
21127.84,-0.34754938796106827,-0.33943008786913165
21130.84,-0.34732876773396615,-0.33881375089742205
21133.84,-0.3471422127396963,-0.33800816832444025
21135.84,-0.34700237284636615,-0.3374175661988046
21140.84,-0.346604473286636,-0.3372742195454036
21143.84,-0.3463323232237371,-0.33650830615648497
21146.84,-0.3460682622538878,-0.33622922646093006
21148.84,-0.34586566649482714,-0.33553097207992655
21151.84,-0.34557891606244207,-0.3351509443866205
21153.84,-0.3453871072961572,-0.3349533295247829
21156.84,-0.3450779205513552,-0.33449003844426195
21158.84,-0.34489879436649823,-0.33377227663297454
21161.84,-0.3446091792638234,-0.3328573295322806
21164.84,-0.34432967197714187,-0.33270498884035826
21167.84,-0.3440512037497598,-0.3316392449112167
21169.84,-0.3438875636859317,-0.3315438117514939
21172.84,-0.34359130831873375,-0.33090724206217276
21175.84,-0.34330633385727816,-0.3307270882084733
21177.84,-0.3431091048403665,-0.32982448428826033
21180.84,-0.34281918744911866,-0.3295496008734451
21187.84,-0.34216062752801424,-0.32913340654812634
21195.84,-0.34124761836451467,-0.328348467645126
21203.84,-0.34044482070112214,-0.3280410119756566
21205.84,-0.34020284266229245,-0.32803699718554874
21208.84,-0.33881375089742205,-0.3275234549551817
21211.84,-0.3374175661988046,-0.3275234549551817
21213.84,-0.33650830615648497,-0.3275234549551817
21216.84,-0.3351509443866205,-0.3275234549551817
21221.84,-0.3328573295322806,-0.3275234549551817
21224.84,-0.3315438117514939,-0.3275234549551817
21226.84,-0.3307270882084733,-0.3275234549551817
21229.84,-0.3295496008734451,-0.3275234549551817
21232.84,-0.328348467645126,-0.3275234549551817
21234.84,-0.3275234549551817,-0.3275234549551817
21237.84,-0.3263187890101865,-0.3263187890101865
21239.84,-0.3254977951539741,-0.3254977951539741
21242.84,-0.3242472172898718,-0.3242472172898718
21245.84,-0.3229884755375244,-0.3229884755375244
21247.84,-0.3221561962352946,-0.3221561962352946
21250.84,-0.3209079595053491,-0.3209079595053491
21252.84,-0.3200608838078953,-0.3200608838078953
21255.84,-0.3188126326140759,-0.3188126326140759
21257.84,-0.3179795667459788,-0.3179795667459788
21260.84,-0.31673850345252724,-0.31673850345252724
21267.84,-0.31380590043148787,-0.31380590043148787
21274.84,-0.31098931883413,-0.31180326941772696
21283.84,-0.3073609925424909,-0.31174097592394273
21285.84,-0.3066468787686451,-0.31137908356030247
21288.84,-0.30689925555462905,-0.31098931883413
21290.84,-0.30706545425045983,-0.3109475953986864
21292.84,-0.3072284598807439,-0.31089276247647774
21295.84,-0.307443588247687,-0.31046105038027066
21301.84,-0.30789675342717904,-0.31032936383055915
21303.84,-0.30801532385895436,-0.31030915983434326
21306.84,-0.3081787078186256,-0.31030915983434326
21308.84,-0.30829540586840876,-0.31030915983434326
21311.84,-0.30850066518347286,-0.31030915983434326
21314.84,-0.3087029004149912,-0.31030915983434326
21316.84,-0.3088157988146374,-0.31030915983434326
21319.84,-0.3090433137567564,-0.31030915983434326
21321.84,-0.30917722228403444,-0.31030915983434326
21324.84,-0.3093817548578874,-0.31030915983434326
21326.84,-0.3095374731157594,-0.31030915983434326
21329.84,-0.30973870694528965,-0.31030915983434326
21332.84,-0.3099628637048147,-0.31030915983434326
21334.84,-0.31011056772893747,-0.31030915983434326
21337.84,-0.31032936383055915,-0.31030915983434326
21339.84,-0.31046105038027066,-0.31030915983434326
21346.84,-0.3109475953986864,-0.31030915983434326
21354.84,-0.31137908356030247,-0.31030915983434326
21362.84,-0.31174097592394273,-0.31030915983434326
21364.84,-0.31180326941772696,-0.31030915983434326
21367.84,-0.31089276247647774,-0.31030915983434326
21369.84,-0.31030915983434326,-0.31030915983434326
21372.84,-0.30930864000601543,-0.31030915983434326
21374.84,-0.3086799184292952,-0.31030915983434326
21379.84,-0.3070523350303759,-0.31030915983434326
21382.84,-0.30609961362375304,-0.31030915983434326
21385.84,-0.30510498682823717,-0.31030915983434326
21387.84,-0.30442722296089064,-0.31030915983434326
21390.84,-0.30338928467970433,-0.31030915983434326
21392.84,-0.3026759778928312,-0.31030915983434326
21395.84,-0.3016378951013415,-0.31030915983434326
21398.84,-0.3005606219205422,-0.31030915983434326
21400.84,-0.2998657564785682,-0.31030915983434326
21403.84,-0.2987984919285902,-0.31030915983434326
21405.84,-0.29808065416018675,-0.31030915983434326
21408.84,-0.2970202168647533,-0.31030915983434326
21410.84,-0.296305397805146,-0.31030915983434326
21413.84,-0.29523636728236946,-0.31030915983434326
21416.84,-0.29414843946346547,-0.31030915983434326
21418.84,-0.2934502105646851,-0.31011056772893747
21425.84,-0.29096746536549684,-0.3100969987139515
21433.84,-0.2882068420261321,-0.3099628637048147
21441.84,-0.28543131880330885,-0.30973870694528965
21443.84,-0.2846536255911887,-0.3095374731157594
21446.84,-0.2875584581070026,-0.3093817548578874
21448.84,-0.28946910384824753,-0.3093817548578874
21451.84,-0.2924833766435519,-0.3095374731157594
21453.84,-0.2945081995227112,-0.30963809003052456
21458.84,-0.2995120732080254,-0.30973870694528965
21461.84,-0.30248276346355557,-0.30985078532505217
21464.84,-0.3054005907957173,-0.3099628637048147
21467.84,-0.3083505136239589,-0.3100299312093831
21469.84,-0.3103128398597292,-0.3100969987139515
21472.84,-0.3132444912314668,-0.3101037832214445
21474.84,-0.3152112094735633,-0.31011056772893747
21477.84,-0.31812950059942263,-0.3102098637816404
21480.84,-0.3211028468836467,-0.31030915983434326
21482.84,-0.32305943806171256,-0.31031099984703625
21485.84,-0.3259961491782231,-0.3103128398597292
21487.84,-0.3279564862977394,-0.31032110184514416
21490.84,-0.3308826386114147,-0.31032936383055915
21493.84,-0.3337874080467765,-0.3103952071054149
21495.84,-0.3357430083613492,-0.31046105038027066
21498.84,-0.33866813848466293,-0.3106769064283742
21504.84,-0.34444682383738817,-0.31089276247647774
21512.84,-0.3521523299487376,-0.31092017893758206
21521.84,-0.36079316982899245,-0.3109475953986864
21523.84,-0.36281688568199455,-0.3111359230183901
21526.84,-0.3605368139945926,-0.31089276247647774
21528.84,-0.3589923987479421,-0.31060280116810346
21531.84,-0.35662817931643653,-0.3103128398597292
21534.84,-0.3543589240945177,-0.31031099984703625
21539.84,-0.3505798397968503,-0.3103128398597292
21541.84,-0.349065033376732,-0.31092100130587336
21544.84,-0.34686289711440216,-0.31152916275201753
21546.84,-0.34533204986468785,-0.31238682699174214
21549.84,-0.3430670825550312,-0.3132444912314668
21552.84,-0.3407974835553122,-0.31422785035251505
21554.84,-0.33926831736067836,-0.3152112094735633
21557.84,-0.3370041007727658,-0.31534816009805333
21559.84,-0.3354751553839694,-0.3154851107225434
21562.84,-0.3331888734249598,-0.31680730566098303
21565.84,-0.33089097524968925,-0.31812950059942263
21568.84,-0.3286265512817678,-0.31951294329692076
21570.84,-0.3270552919805077,-0.3208963859944189
21573.84,-0.3247482804479007,-0.3209996164390328
21575.84,-0.3232146146448967,-0.3211028468836467
21578.84,-0.3208963859944189,-0.3220811424726796
21585.84,-0.3154851107225434,-0.32305943806171256
21592.84,-0.3100969987139515,-0.32313702635330466
21601.84,-0.3031319063470356,-0.3232146146448967
21603.84,-0.301492818196396,-0.3239814475463987
21606.84,-0.30339381947298344,-0.3247482804479007
21608.84,-0.30475246231318226,-0.3253722148130619
21611.84,-0.30663431023050103,-0.3259961491782231
21614.84,-0.30850664726297594,-0.3265257205793654
21619.84,-0.31152916275201753,-0.3270552919805077
