Source_File,Material,Temperature,Mode,Interpolated_Spectrum_ID,Time_Relative_s,First_Freq_Hz,Comparison_Freq_Hz,First_Eps_real,Comparison_Eps_real,Eps_real_Step_Height
PEI5mgmL_80°C_Des.TXT,PEI5mgmL,80°C,Des,23,-360.775,100.0,332530.0,5.641675777964676,3.415051732882502,2.226624045082174
PEI5mgmL_80°C_Des.TXT,PEI5mgmL,80°C,Des,24,-353.075,100.0,332530.0,5.6415,3.4149494505494506,2.226550549450549
PEI5mgmL_80°C_Des.TXT,PEI5mgmL,80°C,Des,25,-350.29499999999996,100.0,332530.0,5.641449454545454,3.414912522642193,2.2265369319032615
PEI5mgmL_80°C_Des.TXT,PEI5mgmL,80°C,Des,26,-347.825,100.0,332530.0,5.641404545454545,3.414879712595097,2.226524832859448
PEI5mgmL_80°C_Des.TXT,PEI5mgmL,80°C,Des,27,-345.325,100.0,332530.0,5.6413590909090905,3.4148465040454052,2.2265125868636853
PEI5mgmL_80°C_Des.TXT,PEI5mgmL,80°C,Des,28,-342.765,100.0,332530.0,5.641312545454545,3.4148124984905204,2.2265000469640244
PEI5mgmL_80°C_Des.TXT,PEI5mgmL,80°C,Des,29,-340.335,100.0,332530.0,5.641268363636363,3.4147802197802197,2.2264881438561432
PEI5mgmL_80°C_Des.TXT,PEI5mgmL,80°C,Des,30,-337.54499999999996,100.0,332530.0,5.641217636363636,3.4147431590387636,2.226474477324872
PEI5mgmL_80°C_Des.TXT,PEI5mgmL,80°C,Des,31,-334.965,100.0,332530.0,5.641170727272727,3.414708887815481,2.226461839457246
PEI5mgmL_80°C_Des.TXT,PEI5mgmL,80°C,Des,32,-329.835,100.0,332530.0,5.641077454545454,3.414640743871513,2.2264367106739407
PEI5mgmL_80°C_Des.TXT,PEI5mgmL,80°C,Des,33,-327.325,100.0,332530.0,5.641031818181818,3.414607402487622,2.226424415694196
PEI5mgmL_80°C_Des.TXT,PEI5mgmL,80°C,Des,34,-324.865,100.0,332530.0,5.640987090909091,3.414574725274725,2.2264123656343657
PEI5mgmL_80°C_Des.TXT,PEI5mgmL,80°C,Des,35,-319.715,100.0,332530.0,5.640893454545454,3.4145063156623596,2.2263871388830943
PEI5mgmL_80°C_Des.TXT,PEI5mgmL,80°C,Des,36,-317.275,100.0,332530.0,5.64084909090909,3.4144739041178602,2.22637518679123
PEI5mgmL_80°C_Des.TXT,PEI5mgmL,80°C,Des,37,-314.715,100.0,332530.0,5.640802545454545,3.4144398985629754,2.22636264689157
PEI5mgmL_80°C_Des.TXT,PEI5mgmL,80°C,Des,38,-312.04499999999996,100.0,332530.0,5.640753999999999,3.4144044318319042,2.226349568168095
PEI5mgmL_80°C_Des.TXT,PEI5mgmL,80°C,Des,39,-309.44499999999994,100.0,332530.0,5.640706727272727,3.414369894940225,2.2263368323325023
PEI5mgmL_80°C_Des.TXT,PEI5mgmL,80°C,Des,40,-306.965,100.0,332530.0,5.640661636363636,3.41433695205893,2.226324684304706
PEI5mgmL_80°C_Des.TXT,PEI5mgmL,80°C,Des,41,-304.525,100.0,332530.0,5.6406172727272725,3.4143045405144306,2.226312732212842
PEI5mgmL_80°C_Des.TXT,PEI5mgmL,80°C,Des,42,-301.905,100.0,332530.0,5.640569636363636,3.4142697379543536,2.226299898409282
PEI5mgmL_80°C_Des.TXT,PEI5mgmL,80°C,Des,43,-299.155,100.0,332530.0,5.640519636363636,3.414233208549692,2.226286427813944
PEI5mgmL_80°C_Des.TXT,PEI5mgmL,80°C,Des,44,-296.655,100.0,332530.0,5.640474181818181,3.4142,2.226274181818181
PEI5mgmL_80°C_Des.TXT,PEI5mgmL,80°C,Des,45,-294.015,100.0,332530.0,5.640426181818182,3.414165250688046,2.2262609311301356
PEI5mgmL_80°C_Des.TXT,PEI5mgmL,80°C,Des,46,-286.405,100.0,332530.0,5.640287818181818,3.414065083163815,2.2262227350180033
PEI5mgmL_80°C_Des.TXT,PEI5mgmL,80°C,Des,47,-278.69499999999994,100.0,332530.0,5.640147636363636,3.4139635993777673,2.226184036985869
PEI5mgmL_80°C_Des.TXT,PEI5mgmL,80°C,Des,48,-270.575,100.0,332530.0,5.64,3.413856718918272,2.2261432810817277
PEI5mgmL_80°C_Des.TXT,PEI5mgmL,80°C,Des,49,-268.05499999999995,100.0,332530.0,5.639963840727011,3.413823549120498,2.2261402916065136
PEI5mgmL_80°C_Des.TXT,PEI5mgmL,80°C,Des,50,-265.325,100.0,332530.0,5.6399246681812745,3.413787615172909,2.2261370530083653
PEI5mgmL_80°C_Des.TXT,PEI5mgmL,80°C,Des,51,-262.825,100.0,332530.0,5.639888795886643,3.413754708627498,2.226134087259145
PEI5mgmL_80°C_Des.TXT,PEI5mgmL,80°C,Des,52,-260.075,100.0,332530.0,5.639849336362549,3.413718511427546,2.2261308249350034
PEI5mgmL_80°C_Des.TXT,PEI5mgmL,80°C,Des,53,-257.655,100.0,332530.0,5.639814611981346,3.413686657891588,2.226127954089758
PEI5mgmL_80°C_Des.TXT,PEI5mgmL,80°C,Des,54,-254.795,100.0,332530.0,5.639773574076288,3.4136490128036376,2.22612456127265
PEI5mgmL_80°C_Des.TXT,PEI5mgmL,80°C,Des,55,-252.21499999999997,100.0,332530.0,5.639736553868229,3.4136150532487735,2.2261215006194552
PEI5mgmL_80°C_Des.TXT,PEI5mgmL,80°C,Des,56,-247.08499999999998,100.0,332530.0,5.639662943919646,3.41354752901759,2.226115414902056
PEI5mgmL_80°C_Des.TXT,PEI5mgmL,80°C,Des,57,-244.65499999999997,100.0,332530.0,5.639628076049265,3.4135155438554508,2.226112532193814
PEI5mgmL_80°C_Des.TXT,PEI5mgmL,80°C,Des,58,-241.83499999999998,100.0,332530.0,5.639587612100921,3.413478425272227,2.226109186828694
PEI5mgmL_80°C_Des.TXT,PEI5mgmL,80°C,Des,59,-236.86499999999998,100.0,332530.0,5.639516297979194,3.4134130070599498,2.226103290919244
PEI5mgmL_80°C_Des.TXT,PEI5mgmL,80°C,Des,60,-234.15499999999997,100.0,332530.0,5.639477412411813,3.413377336364724,2.2261000760470893
PEI5mgmL_80°C_Des.TXT,PEI5mgmL,80°C,Des,61,-231.33499999999998,100.0,332530.0,5.639436948463469,3.4133402177815007,2.226096730681969
PEI5mgmL_80°C_Des.TXT,PEI5mgmL,80°C,Des,62,-228.90499999999997,100.0,332530.0,5.639402080593088,3.413308232619361,2.2260938479737273
PEI5mgmL_80°C_Des.TXT,PEI5mgmL,80°C,Des,63,-226.045,100.0,332530.0,5.63936104268803,3.413270587531411,2.226090455156619
PEI5mgmL_80°C_Des.TXT,PEI5mgmL,80°C,Des,64,-223.58499999999998,100.0,332530.0,5.6393257443501135,3.4132382074907266,2.226087536859387
PEI5mgmL_80°C_Des.TXT,PEI5mgmL,80°C,Des,65,-221.15499999999997,100.0,332530.0,5.639290876479732,3.413206222328587,2.2260846541511454
PEI5mgmL_80°C_Des.TXT,PEI5mgmL,80°C,Des,66,-218.40499999999997,100.0,332530.0,5.639251416955638,3.4131700251286348,2.226081391827003
PEI5mgmL_80°C_Des.TXT,PEI5mgmL,80°C,Des,67,-215.83499999999998,100.0,332530.0,5.639214540236757,3.413136197199952,2.2260783430368045
PEI5mgmL_80°C_Des.TXT,PEI5mgmL,80°C,Des,68,-213.08499999999998,100.0,332530.0,5.639175080712663,3.4131,2.226075080712663
PEI5mgmL_80°C_Des.TXT,PEI5mgmL,80°C,Des,69,-210.52499999999998,100.0,332530.0,5.639138347482961,3.413050798798799,2.226087548684162
PEI5mgmL_80°C_Des.TXT,PEI5mgmL,80°C,Des,70,-202.52499999999998,100.0,332530.0,5.639023556140141,3.412897045045045,2.226126511095096
PEI5mgmL_80°C_Des.TXT,PEI5mgmL,80°C,Des,71,-194.77499999999998,100.0,332530.0,5.638912352026784,3.412748096096096,2.226164255930688
PEI5mgmL_80°C_Des.TXT,PEI5mgmL,80°C,Des,72,-186.945,100.0,332530.0,5.6388,3.41259760960961,2.22620239039039
PEI5mgmL_80°C_Des.TXT,PEI5mgmL,80°C,Des,73,-184.385,100.0,332530.0,5.638732615458244,3.4125484084084086,2.226184207049835
PEI5mgmL_80°C_Des.TXT,PEI5mgmL,80°C,Des,74,-181.825,100.0,332530.0,5.638665230916487,3.4124992072072073,2.22616602370928
PEI5mgmL_80°C_Des.TXT,PEI5mgmL,80°C,Des,75,-179.04499999999996,100.0,332530.0,5.638592055515673,3.4124457777777777,2.2261462777378953
PEI5mgmL_80°C_Des.TXT,PEI5mgmL,80°C,Des,76,-176.52499999999998,100.0,332530.0,5.638525723857382,3.4123973453453456,2.226128378512036
PEI5mgmL_80°C_Des.TXT,PEI5mgmL,80°C,Des,77,-173.79499999999996,100.0,332530.0,5.6384538645608995,3.412344876876877,2.2261089876840225
PEI5mgmL_80°C_Des.TXT,PEI5mgmL,80°C,Des,78,-171.15499999999997,100.0,332530.0,5.6383843742522135,3.4122941381381384,2.226090236114075
PEI5mgmL_80°C_Des.TXT,PEI5mgmL,80°C,Des,79,-168.35499999999996,100.0,332530.0,5.638310672409667,3.4122403243243244,2.2260703480853428
PEI5mgmL_80°C_Des.TXT,PEI5mgmL,80°C,Des,80,-163.40499999999997,100.0,332530.0,5.638180378080881,3.4121451891891894,2.226035188891691
PEI5mgmL_80°C_Des.TXT,PEI5mgmL,80°C,Des,81,-160.77499999999998,100.0,332530.0,5.63811115099306,3.412094642642643,2.2260165083504173
PEI5mgmL_80°C_Des.TXT,PEI5mgmL,80°C,Des,82,-158.33499999999998,100.0,332530.0,5.6380469251016985,3.412047747747748,2.2259991773539505
PEI5mgmL_80°C_Des.TXT,PEI5mgmL,80°C,Des,83,-153.15499999999997,100.0,332530.0,5.637910576692988,3.411948192192192,2.225962384500796
PEI5mgmL_80°C_Des.TXT,PEI5mgmL,80°C,Des,84,-150.71499999999997,100.0,332530.0,5.6378463508016265,3.4119012972972973,2.2259450535043293
PEI5mgmL_80°C_Des.TXT,PEI5mgmL,80°C,Des,85,-148.08499999999998,100.0,332530.0,5.637777123713807,3.4118507507507507,2.2259263729630563
PEI5mgmL_80°C_Des.TXT,PEI5mgmL,80°C,Des,86,-145.65499999999997,100.0,332530.0,5.637713161043312,3.4118040480480483,2.2259091129952635
PEI5mgmL_80°C_Des.TXT,PEI5mgmL,80°C,Des,87,-143.075,100.0,332530.0,5.637645250059823,3.4117544624624627,2.22589078759736
PEI5mgmL_80°C_Des.TXT,PEI5mgmL,80°C,Des,88,-140.40499999999997,100.0,332530.0,5.637574970088537,3.4117031471471475,2.22587182294139
PEI5mgmL_80°C_Des.TXT,PEI5mgmL,80°C,Des,89,-137.96499999999997,100.0,332530.0,5.637510744197176,3.411656252252252,2.2258544919449235
PEI5mgmL_80°C_Des.TXT,PEI5mgmL,80°C,Des,90,-135.27499999999998,100.0,332530.0,5.637439937784158,3.4116045525525527,2.2258353852316057
PEI5mgmL_80°C_Des.TXT,PEI5mgmL,80°C,Des,91,-132.71499999999997,100.0,332530.0,5.637372553242402,3.4115553513513515,2.2258172018910507
PEI5mgmL_80°C_Des.TXT,PEI5mgmL,80°C,Des,92,-129.83499999999998,100.0,332530.0,5.637296745632926,3.4115,2.225796745632926
PEI5mgmL_80°C_Des.TXT,PEI5mgmL,80°C,Des,93,-127.27499999999998,100.0,332530.0,5.63722936109117,3.4114661212704527,2.225763239820717
PEI5mgmL_80°C_Des.TXT,PEI5mgmL,80°C,Des,94,-119.57499999999999,100.0,332530.0,5.637026681024168,3.411364220404235,2.225662460619933
PEI5mgmL_80°C_Des.TXT,PEI5mgmL,80°C,Des,95,-111.65499999999997,100.0,332530.0,5.6368182100981095,3.411259408084697,2.2255588020134125
PEI5mgmL_80°C_Des.TXT,PEI5mgmL,80°C,Des,96,-103.36499999999995,100.0,332530.0,5.6366,3.411149699230029,2.2254503007699706
PEI5mgmL_80°C_Des.TXT,PEI5mgmL,80°C,Des,97,-100.86499999999995,100.0,332530.0,5.636557851637765,3.411116614533205,2.2254412371045595
PEI5mgmL_80°C_Des.TXT,PEI5mgmL,80°C,Des,98,-98.07499999999999,100.0,332530.0,5.6365108140655105,3.41107969201155,2.2254311220539607
PEI5mgmL_80°C_Des.TXT,PEI5mgmL,80°C,Des,99,-95.58499999999998,100.0,332530.0,5.636468834296724,3.4110467396535133,2.2254220946432106
PEI5mgmL_80°C_Des.TXT,PEI5mgmL,80°C,Des,100,-93.13499999999999,100.0,332530.0,5.636427528901733,3.411014316650626,2.2254132122511074
PEI5mgmL_80°C_Des.TXT,PEI5mgmL,80°C,Des,101,-90.58499999999998,100.0,332530.0,5.636384537572254,3.4109805702598655,2.2254039673123884
PEI5mgmL_80°C_Des.TXT,PEI5mgmL,80°C,Des,102,-87.96499999999997,100.0,332530.0,5.636340366088632,3.410945897497594,2.225394468591038
PEI5mgmL_80°C_Des.TXT,PEI5mgmL,80°C,Des,103,-85.15499999999997,100.0,332530.0,5.63629299132948,3.410908710298364,2.2253842810311157
PEI5mgmL_80°C_Des.TXT,PEI5mgmL,80°C,Des,104,-80.02499999999998,100.0,332530.0,5.6362065028901736,3.410840820500481,2.2253656823896923
PEI5mgmL_80°C_Des.TXT,PEI5mgmL,80°C,Des,105,-77.58499999999998,100.0,332530.0,5.6361653660886315,3.4108085298363813,2.2253568362522502
PEI5mgmL_80°C_Des.TXT,PEI5mgmL,80°C,Des,106,-75.15499999999997,100.0,332530.0,5.636124397880539,3.4107763715110684,2.2253480263694705
PEI5mgmL_80°C_Des.TXT,PEI5mgmL,80°C,Des,107,-69.90499999999997,100.0,332530.0,5.636035886319846,3.4107068936477383,2.2253289926721074
PEI5mgmL_80°C_Des.TXT,PEI5mgmL,80°C,Des,108,-67.245,100.0,332530.0,5.635991040462428,3.4106716915303177,2.22531934893211
PEI5mgmL_80°C_Des.TXT,PEI5mgmL,80°C,Des,109,-64.65499999999997,100.0,332530.0,5.635947374759152,3.410637415784408,2.2253099589747443
PEI5mgmL_80°C_Des.TXT,PEI5mgmL,80°C,Des,110,-62.214999999999975,100.0,332530.0,5.63590623795761,3.4106051251203082,2.225301112837302
PEI5mgmL_80°C_Des.TXT,PEI5mgmL,80°C,Des,111,-59.58499999999998,100.0,332530.0,5.635861897880539,3.410570320019249,2.22529157786129
PEI5mgmL_80°C_Des.TXT,PEI5mgmL,80°C,Des,112,-57.13499999999999,100.0,332530.0,5.635820592485549,3.410537897016362,2.2252826954691876
PEI5mgmL_80°C_Des.TXT,PEI5mgmL,80°C,Des,113,-54.714999999999975,100.0,332530.0,5.635779792870905,3.4105058710298364,2.225273921841069
PEI5mgmL_80°C_Des.TXT,PEI5mgmL,80°C,Des,114,-52.08499999999998,100.0,332530.0,5.635735452793834,3.410471065928778,2.225264386865056
PEI5mgmL_80°C_Des.TXT,PEI5mgmL,80°C,Des,115,-49.40499999999997,100.0,332530.0,5.635690269749518,3.4104355991337827,2.2252546706157355
PEI5mgmL_80°C_Des.TXT,PEI5mgmL,80°C,Des,116,-46.714999999999975,100.0,332530.0,5.635644918111754,3.4104,2.2252449181117537
PEI5mgmL_80°C_Des.TXT,PEI5mgmL,80°C,Des,117,-44.07499999999999,100.0,332530.0,5.635600409441233,3.410365062560154,2.225235346881079
PEI5mgmL_80°C_Des.TXT,PEI5mgmL,80°C,Des,118,-36.15499999999997,100.0,332530.0,5.635466883429673,3.410260250240616,2.2252066331890568
PEI5mgmL_80°C_Des.TXT,PEI5mgmL,80°C,Des,119,-28.58499999999998,100.0,332530.0,5.635339258188825,3.4101600697786334,2.2251791884101917
PEI5mgmL_80°C_Des.TXT,PEI5mgmL,80°C,Des,120,-20.32499999999999,100.0,332530.0,5.6352,3.4100507579403274,2.225149242059673
PEI5mgmL_80°C_Des.TXT,PEI5mgmL,80°C,Des,121,-17.88499999999999,100.0,332530.0,5.635158863198459,3.410018467276227,2.225140395922232
PEI5mgmL_80°C_Des.TXT,PEI5mgmL,80°C,Des,122,-15.08499999999998,100.0,332530.0,5.6351116570327555,3.4099814124157843,2.225130244616971
PEI5mgmL_80°C_Des.TXT,PEI5mgmL,80°C,Des,123,-12.654999999999973,100.0,332530.0,5.635070688824663,3.4099492540904714,2.2251214347341914
PEI5mgmL_80°C_Des.TXT,PEI5mgmL,80°C,Des,124,-10.194999999999993,100.0,332530.0,5.635029214836224,3.409916698748797,2.2251125160874268
PEI5mgmL_80°C_Des.TXT,PEI5mgmL,80°C,Des,125,-7.5849999999999795,100.0,332530.0,5.63498521194605,3.4098821583253125,2.225103053620738
PEI5mgmL_80°C_Des.TXT,PEI5mgmL,80°C,Des,126,-5.024999999999977,100.0,332530.0,5.6349420520231215,3.409848279595765,2.2250937724273565
PEI5mgmL_80°C_Des.TXT,PEI5mgmL,80°C,Des,127,-2.474999999999966,100.0,332530.0,5.634899060693642,3.4098145332050045,2.2250845274886375
PEI5mgmL_80°C_Des.TXT,PEI5mgmL,80°C,Des,128,0.0,100.0,332530.0,5.634857333815029,3.409781779355149,2.22507555445988
PEI5mgmL_80°C_Des.TXT,PEI5mgmL,80°C,Des,129,2.4750000000000227,100.0,332530.0,5.654106166663977,3.411219707312266,2.2428864593517113
PEI5mgmL_80°C_Des.TXT,PEI5mgmL,80°C,Des,130,5.1650000000000205,100.0,332530.0,5.675027120346268,3.41278254618283,2.262244574163438
PEI5mgmL_80°C_Des.TXT,PEI5mgmL,80°C,Des,131,7.595000000000027,100.0,332530.0,5.693925974416144,3.4141943299952726,2.2797316444208717
PEI5mgmL_80°C_Des.TXT,PEI5mgmL,80°C,Des,132,12.66500000000002,100.0,332530.0,5.733356916858231,3.4171399036286396,2.316217013229591
PEI5mgmL_80°C_Des.TXT,PEI5mgmL,80°C,Des,133,15.095000000000027,100.0,332530.0,5.752255770928107,3.418551687441082,2.333704083487025
PEI5mgmL_80°C_Des.TXT,PEI5mgmL,80°C,Des,134,17.70500000000004,100.0,332530.0,5.77255454011427,3.420068047832224,2.352486492282046
PEI5mgmL_80°C_Des.TXT,PEI5mgmL,80°C,Des,135,20.16500000000002,100.0,332530.0,5.7916867133701935,3.4214972610744496,2.370189452295744
PEI5mgmL_80°C_Des.TXT,PEI5mgmL,80°C,Des,136,22.725000000000023,100.0,332530.0,5.811596617246277,3.422984572415953,2.388612044830324
PEI5mgmL_80°C_Des.TXT,PEI5mgmL,80°C,Des,137,25.41500000000002,100.0,332530.0,5.832517570928568,3.4245474112865164,2.4079701596420513
PEI5mgmL_80°C_Des.TXT,PEI5mgmL,80°C,Des,138,27.845000000000027,100.0,332530.0,5.851416424998444,3.425959195098959,2.425457229899485
PEI5mgmL_80°C_Des.TXT,PEI5mgmL,80°C,Des,139,30.64500000000004,100.0,332530.0,5.87319288236291,3.427585941878728,2.4456069404841823
PEI5mgmL_80°C_Des.TXT,PEI5mgmL,80°C,Des,140,33.22500000000002,100.0,332530.0,5.893258332363025,3.4290848728400865,2.464173459522939
PEI5mgmL_80°C_Des.TXT,PEI5mgmL,80°C,Des,141,36.004999999999995,100.0,332530.0,5.914879243603459,3.4307,2.4841792436034593
PEI5mgmL_80°C_Des.TXT,PEI5mgmL,80°C,Des,142,38.61500000000001,100.0,332530.0,5.935178012789622,3.4322731506849316,2.5029048621046908
PEI5mgmL_80°C_Des.TXT,PEI5mgmL,80°C,Des,143,46.67500000000001,100.0,332530.0,5.997863100774479,3.437131232876712,2.560731867897767
PEI5mgmL_80°C_Des.TXT,PEI5mgmL,80°C,Des,144,54.47500000000002,100.0,332530.0,6.058526089146921,3.441832602739726,2.6166934864071947
PEI5mgmL_80°C_Des.TXT,PEI5mgmL,80°C,Des,145,62.67500000000001,100.0,332530.0,6.1223,3.4467750684931504,2.6755249315068497
PEI5mgmL_80°C_Des.TXT,PEI5mgmL,80°C,Des,146,65.13500000000005,100.0,332530.0,6.127246016103834,3.448257808219178,2.678988207884656
PEI5mgmL_80°C_Des.TXT,PEI5mgmL,80°C,Des,147,67.91500000000002,100.0,332530.0,6.132835416416296,3.449933424657534,2.682901991758762
PEI5mgmL_80°C_Des.TXT,PEI5mgmL,80°C,Des,148,70.34500000000003,100.0,332530.0,6.137721115250571,3.4513980821917807,2.68632303305879
PEI5mgmL_80°C_Des.TXT,PEI5mgmL,80°C,Des,149,72.80500000000006,100.0,332530.0,6.142667131354405,3.452880821917808,2.689786309436597
PEI5mgmL_80°C_Des.TXT,PEI5mgmL,80°C,Des,150,75.41500000000008,100.0,332530.0,6.147914733806033,3.4544539726027397,2.6934607612032933
PEI5mgmL_80°C_Des.TXT,PEI5mgmL,80°C,Des,151,77.97500000000002,100.0,332530.0,6.153061807475063,3.4559969863013698,2.697064821173693
PEI5mgmL_80°C_Des.TXT,PEI5mgmL,80°C,Des,152,80.61500000000001,100.0,332530.0,6.15836972719625,3.4575882191780822,2.700781508018168
PEI5mgmL_80°C_Des.TXT,PEI5mgmL,80°C,Des,153,85.67500000000007,100.0,332530.0,6.168543239995193,3.460638082191781,2.7079051578034123
PEI5mgmL_80°C_Des.TXT,PEI5mgmL,80°C,Des,154,88.41500000000008,100.0,332530.0,6.174052217281577,3.462289589041096,2.711762628240481
PEI5mgmL_80°C_Des.TXT,PEI5mgmL,80°C,Des,155,90.84500000000003,100.0,332530.0,6.178937916115852,3.4637542465753426,2.7151836695405094
PEI5mgmL_80°C_Des.TXT,PEI5mgmL,80°C,Des,156,95.97500000000002,100.0,332530.0,6.189252169210431,3.466846301369863,2.722405867840568
PEI5mgmL_80°C_Des.TXT,PEI5mgmL,80°C,Des,157,98.70500000000004,100.0,332530.0,6.194741040740296,3.468491780821918,2.726249259918378
PEI5mgmL_80°C_Des.TXT,PEI5mgmL,80°C,Des,158,101.28499999999997,100.0,332530.0,6.199928325922365,3.4700468493150685,2.729881476607297
PEI5mgmL_80°C_Des.TXT,PEI5mgmL,80°C,Des,159,103.98500000000001,100.0,332530.0,6.205356880182671,3.4716742465753425,2.7336826336073283
PEI5mgmL_80°C_Des.TXT,PEI5mgmL,80°C,Des,160,106.55500000000006,100.0,332530.0,6.21052405960822,3.473223287671233,2.737300771936987
PEI5mgmL_80°C_Des.TXT,PEI5mgmL,80°C,Des,161,109.38499999999999,100.0,332530.0,6.216213988703281,3.4749290410958906,2.74128494760739
PEI5mgmL_80°C_Des.TXT,PEI5mgmL,80°C,Des,162,111.84500000000003,100.0,332530.0,6.221160004807115,3.476411780821918,2.744748223985197
PEI5mgmL_80°C_Des.TXT,PEI5mgmL,80°C,Des,163,114.67500000000007,100.0,332530.0,6.226849933902176,3.4781175342465755,2.7487323996556
PEI5mgmL_80°C_Des.TXT,PEI5mgmL,80°C,Des,164,117.28499999999997,100.0,332530.0,6.232097536353804,3.479690684931507,2.752406851422297
PEI5mgmL_80°C_Des.TXT,PEI5mgmL,80°C,Des,165,119.95500000000004,100.0,332530.0,6.23746577334455,3.4813,2.7561657733445504
PEI5mgmL_80°C_Des.TXT,PEI5mgmL,80°C,Des,166,122.59500000000003,100.0,332530.0,6.242773693065738,3.482988431347317,2.7597852617184206
PEI5mgmL_80°C_Des.TXT,PEI5mgmL,80°C,Des,167,130.22500000000002,100.0,332530.0,6.25811438529023,3.4878682537639945,2.7702461315262354
PEI5mgmL_80°C_Des.TXT,PEI5mgmL,80°C,Des,168,138.16500000000008,100.0,332530.0,6.274078355966831,3.4929463389525157,2.7811320170143157
PEI5mgmL_80°C_Des.TXT,PEI5mgmL,80°C,Des,169,145.885,100.0,332530.0,6.2896,3.497883721528761,2.791716278471239
PEI5mgmL_80°C_Des.TXT,PEI5mgmL,80°C,Des,170,148.755,100.0,332530.0,6.292494982078853,3.4997192510616393,2.792775731017214
PEI5mgmL_80°C_Des.TXT,PEI5mgmL,80°C,Des,171,151.28499999999997,100.0,332530.0,6.295047004608295,3.5013373311028184,2.793709673505477
PEI5mgmL_80°C_Des.TXT,PEI5mgmL,80°C,Des,172,153.95500000000004,100.0,332530.0,6.29774024577573,3.503044949169991,2.7946952966057386
PEI5mgmL_80°C_Des.TXT,PEI5mgmL,80°C,Des,173,156.41500000000008,100.0,332530.0,6.3002216589861755,3.504618260198173,2.7956033987880025
PEI5mgmL_80°C_Des.TXT,PEI5mgmL,80°C,Des,174,158.97500000000002,100.0,332530.0,6.3028039426523295,3.5062555269592073,2.796548415693122
PEI5mgmL_80°C_Des.TXT,PEI5mgmL,80°C,Des,175,161.59500000000003,100.0,332530.0,6.30544674859191,3.5079311671599536,2.7975155814319566
PEI5mgmL_80°C_Des.TXT,PEI5mgmL,80°C,Des,176,164.16500000000008,100.0,332530.0,6.308039119303635,3.509574829494274,2.7984642898093615
PEI5mgmL_80°C_Des.TXT,PEI5mgmL,80°C,Des,177,166.91500000000008,100.0,332530.0,6.310813056835638,3.511333612147729,2.799479444687909
PEI5mgmL_80°C_Des.TXT,PEI5mgmL,80°C,Des,178,169.34500000000003,100.0,332530.0,6.31326420890937,3.5128877364560545,2.8003764724533156
PEI5mgmL_80°C_Des.TXT,PEI5mgmL,80°C,Des,179,172.115,100.0,332530.0,6.316058320532514,3.5146593102560804,2.801399010276434
PEI5mgmL_80°C_Des.TXT,PEI5mgmL,80°C,Des,180,174.66500000000008,100.0,332530.0,6.318630517153098,3.51629018144383,2.802340335709268
PEI5mgmL_80°C_Des.TXT,PEI5mgmL,80°C,Des,181,177.09500000000003,100.0,332530.0,6.321081669226831,3.5178443057521553,2.8032373634746754
PEI5mgmL_80°C_Des.TXT,PEI5mgmL,80°C,Des,182,179.66500000000008,100.0,332530.0,6.323674039938556,3.5194879680864757,2.8041860718520804
PEI5mgmL_80°C_Des.TXT,PEI5mgmL,80°C,Des,183,182.09500000000003,100.0,332530.0,6.326125192012289,3.521042092394801,2.805083099617488
PEI5mgmL_80°C_Des.TXT,PEI5mgmL,80°C,Des,184,184.70500000000004,100.0,332530.0,6.328757910906298,3.5227113370222622,2.806046573884036
PEI5mgmL_80°C_Des.TXT,PEI5mgmL,80°C,Des,185,187.16500000000008,100.0,332530.0,6.331239324116744,3.524284648050444,2.8069546760663
PEI5mgmL_80°C_Des.TXT,PEI5mgmL,80°C,Des,186,189.59500000000003,100.0,332530.0,6.333690476190476,3.52583877235877,2.807851703831706
PEI5mgmL_80°C_Des.TXT,PEI5mgmL,80°C,Des,187,192.34500000000003,100.0,332530.0,6.336464413722479,3.527597555012225,2.8088668587102537
PEI5mgmL_80°C_Des.TXT,PEI5mgmL,80°C,Des,188,194.91500000000008,100.0,332530.0,6.339056784434204,3.529241217346545,2.809815567087659
PEI5mgmL_80°C_Des.TXT,PEI5mgmL,80°C,Des,189,197.66500000000008,100.0,332530.0,6.341830721966206,3.531,2.8108307219662056
PEI5mgmL_80°C_Des.TXT,PEI5mgmL,80°C,Des,190,200.22500000000002,100.0,332530.0,6.344413005632361,3.532656321269212,2.8117566843631487
PEI5mgmL_80°C_Des.TXT,PEI5mgmL,80°C,Des,191,207.92500000000007,100.0,332530.0,6.352180030721967,3.537638225086763,2.814541805635204
PEI5mgmL_80°C_Des.TXT,PEI5mgmL,80°C,Des,192,215.91500000000008,100.0,332530.0,6.360239580133129,3.5428077590480913,2.8174318210850378
PEI5mgmL_80°C_Des.TXT,PEI5mgmL,80°C,Des,193,224.005,100.0,332530.0,6.3684,3.5480419930589986,2.8203580069410017
PEI5mgmL_80°C_Des.TXT,PEI5mgmL,80°C,Des,194,226.56500000000005,100.0,332530.0,6.370078740547911,3.5496983143282104,2.820380426219701
PEI5mgmL_80°C_Des.TXT,PEI5mgmL,80°C,Des,195,229.42500000000007,100.0,332530.0,6.371954208503781,3.5515487357461577,2.8204054727576233
PEI5mgmL_80°C_Des.TXT,PEI5mgmL,80°C,Des,196,232.03499999999997,100.0,332530.0,6.3736657369530185,3.5532374070401587,2.82042832991286
PEI5mgmL_80°C_Des.TXT,PEI5mgmL,80°C,Des,197,234.69500000000005,100.0,332530.0,6.3754100533035825,3.5549584283589493,2.820451624944633
PEI5mgmL_80°C_Des.TXT,PEI5mgmL,80°C,Des,198,237.34500000000003,100.0,332530.0,6.377147812073882,3.5566729796727814,2.8204748324011004
PEI5mgmL_80°C_Des.TXT,PEI5mgmL,80°C,Des,199,239.97500000000002,100.0,332530.0,6.378872455683649,3.5583745909766984,2.820497864706951
PEI5mgmL_80°C_Des.TXT,PEI5mgmL,80°C,Des,200,242.59500000000003,100.0,332530.0,6.380590541713152,3.560069732275657,2.8205208094374954
PEI5mgmL_80°C_Des.TXT,PEI5mgmL,80°C,Des,201,245.28499999999997,100.0,332530.0,6.382354530804513,3.5618101636093207,2.820544367195192
PEI5mgmL_80°C_Des.TXT,PEI5mgmL,80°C,Des,202,247.78499999999997,100.0,332530.0,6.383993925870832,3.5634276648487853,2.8205662610220466
PEI5mgmL_80°C_Des.TXT,PEI5mgmL,80°C,Des,203,250.22500000000002,100.0,332530.0,6.38559397545556,3.565006346058503,2.820587629397057
PEI5mgmL_80°C_Des.TXT,PEI5mgmL,80°C,Des,204,252.78499999999997,100.0,332530.0,6.387272716003471,3.5666626673277144,2.8206100486757566
PEI5mgmL_80°C_Des.TXT,PEI5mgmL,80°C,Des,205,255.22500000000002,100.0,332530.0,6.388872765588199,3.568241348537432,2.8206314170507674
PEI5mgmL_80°C_Des.TXT,PEI5mgmL,80°C,Des,206,257.775,100.0,332530.0,6.390544948555845,3.5698911998016856,2.820653748754159
PEI5mgmL_80°C_Des.TXT,PEI5mgmL,80°C,Des,207,262.845,100.0,332530.0,6.3938696417503404,3.57317149231532,2.8206981494350205
PEI5mgmL_80°C_Des.TXT,PEI5mgmL,80°C,Des,208,265.4150000000001,100.0,332530.0,6.395554939878517,3.5748342835894897,2.8207206562890272
PEI5mgmL_80°C_Des.TXT,PEI5mgmL,80°C,Des,209,267.845,100.0,332530.0,6.39714843188298,3.576406494794249,2.8207419370887306
PEI5mgmL_80°C_Des.TXT,PEI5mgmL,80°C,Des,210,270.6650000000001,100.0,332530.0,6.398997669517788,3.5782310361923653,2.820766633325423
PEI5mgmL_80°C_Des.TXT,PEI5mgmL,80°C,Des,211,273.225,100.0,332530.0,6.400676410065699,3.5798873574615766,2.820789052604123
PEI5mgmL_80°C_Des.TXT,PEI5mgmL,80°C,Des,212,275.9150000000001,100.0,332530.0,6.40244039915706,3.581627788795241,2.820812610361819
PEI5mgmL_80°C_Des.TXT,PEI5mgmL,80°C,Des,213,278.345,100.0,332530.0,6.404033891161522,3.5832,2.8208338911615223
PEI5mgmL_80°C_Des.TXT,PEI5mgmL,80°C,Des,214,281.005,100.0,332530.0,6.405778207512086,3.5848850063856963,2.82089320112639
PEI5mgmL_80°C_Des.TXT,PEI5mgmL,80°C,Des,215,288.6650000000001,100.0,332530.0,6.4108013139952895,3.589737318007663,2.8210639959876267
PEI5mgmL_80°C_Des.TXT,PEI5mgmL,80°C,Des,216,296.345,100.0,332530.0,6.415837535639023,3.594602298850575,2.8212352367884477
PEI5mgmL_80°C_Des.TXT,PEI5mgmL,80°C,Des,217,304.67500000000007,100.0,332530.0,6.4213,3.599879029374202,2.8214209706257978
PEI5mgmL_80°C_Des.TXT,PEI5mgmL,80°C,Des,218,307.17500000000007,100.0,332530.0,6.422440261720238,3.6014626819923374,2.820977579727901
PEI5mgmL_80°C_Des.TXT,PEI5mgmL,80°C,Des,219,309.865,100.0,332530.0,6.423667183331215,3.603166692209451,2.820500491121764
PEI5mgmL_80°C_Des.TXT,PEI5mgmL,80°C,Des,220,312.4150000000001,100.0,332530.0,6.424830250285859,3.6047820178799492,2.8200482324059095
PEI5mgmL_80°C_Des.TXT,PEI5mgmL,80°C,Des,221,315.145,100.0,332530.0,6.42607541608436,3.6065113665389528,2.819564049545407
PEI5mgmL_80°C_Des.TXT,PEI5mgmL,80°C,Des,222,317.725,100.0,332530.0,6.427252166179646,3.6081456960408684,2.819106470138778
PEI5mgmL_80°C_Des.TXT,PEI5mgmL,80°C,Des,223,320.45500000000004,100.0,332530.0,6.428497331978147,3.6098750446998724,2.818622287278275
PEI5mgmL_80°C_Des.TXT,PEI5mgmL,80°C,Des,224,323.03499999999997,100.0,332530.0,6.429674082073434,3.611509374201788,2.8181647078716456
PEI5mgmL_80°C_Des.TXT,PEI5mgmL,80°C,Des,225,325.725,100.0,332530.0,6.4309010036844105,3.6132133844189016,2.817687619265509
PEI5mgmL_80°C_Des.TXT,PEI5mgmL,80°C,Des,226,328.1650000000001,100.0,332530.0,6.432013899123364,3.614759029374202,2.8172548697491617
PEI5mgmL_80°C_Des.TXT,PEI5mgmL,80°C,Des,227,330.595,100.0,332530.0,6.433122233515436,3.6162983397190294,2.816823893796407
PEI5mgmL_80°C_Des.TXT,PEI5mgmL,80°C,Des,228,333.345,100.0,332530.0,6.434376521407699,3.6180403575989786,2.81633616380872
PEI5mgmL_80°C_Des.TXT,PEI5mgmL,80°C,Des,229,335.845,100.0,332530.0,6.435516783127937,3.6196240102171138,2.8158927729108236
PEI5mgmL_80°C_Des.TXT,PEI5mgmL,80°C,Des,230,338.45500000000004,100.0,332530.0,6.4367072163638674,3.6212773435504473,2.81542987281342
PEI5mgmL_80°C_Des.TXT,PEI5mgmL,80°C,Des,231,341.03499999999997,100.0,332530.0,6.437883966459154,3.622911673052363,2.814972293406791
PEI5mgmL_80°C_Des.TXT,PEI5mgmL,80°C,Des,232,343.475,100.0,332530.0,6.438996861898107,3.624457318007663,2.814539543890444
PEI5mgmL_80°C_Des.TXT,PEI5mgmL,80°C,Des,233,346.095,100.0,332530.0,6.440191856180917,3.6261169859514686,2.8140748702294482
PEI5mgmL_80°C_Des.TXT,PEI5mgmL,80°C,Des,234,348.6650000000001,100.0,332530.0,6.441364045229323,3.627744980842912,2.8136190643864105
PEI5mgmL_80°C_Des.TXT,PEI5mgmL,80°C,Des,235,351.4150000000001,100.0,332530.0,6.442618333121586,3.629486998722861,2.813131334398725
PEI5mgmL_80°C_Des.TXT,PEI5mgmL,80°C,Des,236,353.975,100.0,332530.0,6.44378596112311,3.6311086590038313,2.812677302119279
PEI5mgmL_80°C_Des.TXT,PEI5mgmL,80°C,Des,237,356.645,100.0,332530.0,6.445003760640326,3.6328,2.8122037606403256
PEI5mgmL_80°C_Des.TXT,PEI5mgmL,80°C,Des,238,359.235,100.0,332530.0,6.446185071782493,3.6344091231178033,2.8117759486646894
PEI5mgmL_80°C_Des.TXT,PEI5mgmL,80°C,Des,239,367.20500000000004,100.0,332530.0,6.449820226146614,3.639360749082627,2.8104594770639872
PEI5mgmL_80°C_Des.TXT,PEI5mgmL,80°C,Des,240,374.975,100.0,332530.0,6.453364159573117,3.644188118436037,2.80917604113708
PEI5mgmL_80°C_Des.TXT,PEI5mgmL,80°C,Des,241,383.385,100.0,332530.0,6.4572,3.64941310894597,2.8077868910540302
PEI5mgmL_80°C_Des.TXT,PEI5mgmL,80°C,Des,242,385.865,100.0,332530.0,6.458026139119337,3.650953890927496,2.8070722481918406
PEI5mgmL_80°C_Des.TXT,PEI5mgmL,80°C,Des,243,388.67500000000007,100.0,332530.0,6.458962208040843,3.652699696317854,2.8062625117229887
PEI5mgmL_80°C_Des.TXT,PEI5mgmL,80°C,Des,244,391.225,100.0,332530.0,6.4598116656030635,3.6542839681133747,2.8055276974896888
PEI5mgmL_80°C_Des.TXT,PEI5mgmL,80°C,Des,245,393.975,100.0,332530.0,6.4607277472878115,3.6559924965203088,2.8047352507675027
PEI5mgmL_80°C_Des.TXT,PEI5mgmL,80°C,Des,246,396.53499999999997,100.0,332530.0,6.461580536056158,3.6575829811464002,2.803997554909758
PEI5mgmL_80°C_Des.TXT,PEI5mgmL,80°C,Des,247,399.20500000000004,100.0,332530.0,6.462469968091895,3.659241806908769,2.8032281611831262
PEI5mgmL_80°C_Des.TXT,PEI5mgmL,80°C,Des,248,401.78499999999997,100.0,332530.0,6.463329419272496,3.6608447171960017,2.802484702076494
PEI5mgmL_80°C_Des.TXT,PEI5mgmL,80°C,Des,249,404.475,100.0,332530.0,6.464225513720486,3.6625159686195117,2.801709545100974
PEI5mgmL_80°C_Des.TXT,PEI5mgmL,80°C,Des,250,406.92500000000007,100.0,332530.0,6.465041659221442,3.6640381121093255,2.8010035471121166
PEI5mgmL_80°C_Des.TXT,PEI5mgmL,80°C,Des,251,409.4150000000001,100.0,332530.0,6.465871129546905,3.6655851069214225,2.800286022625482
PEI5mgmL_80°C_Des.TXT,PEI5mgmL,80°C,Des,252,412.1650000000001,100.0,332530.0,6.466787211231653,3.6672936353283565,2.799493575903296
PEI5mgmL_80°C_Des.TXT,PEI5mgmL,80°C,Des,253,414.67500000000007,100.0,332530.0,6.467623343969368,3.6688530558015944,2.798770288167774
PEI5mgmL_80°C_Des.TXT,PEI5mgmL,80°C,Des,254,417.42500000000007,100.0,332530.0,6.468539425654116,3.6705615842085284,2.797977841445588
PEI5mgmL_80°C_Des.TXT,PEI5mgmL,80°C,Des,255,419.975,100.0,332530.0,6.469388883216337,3.6721458560040494,2.7972430272122875
PEI5mgmL_80°C_Des.TXT,PEI5mgmL,80°C,Des,256,422.67500000000007,100.0,332530.0,6.470288308870453,3.67382332025813,2.796464988612323
PEI5mgmL_80°C_Des.TXT,PEI5mgmL,80°C,Des,257,425.1650000000001,100.0,332530.0,6.471117779195916,3.675370315070227,2.7957474641256894
PEI5mgmL_80°C_Des.TXT,PEI5mgmL,80°C,Des,258,428.025,100.0,332530.0,6.4720705041480535,3.677147184613438,2.7949233195346155
PEI5mgmL_80°C_Des.TXT,PEI5mgmL,80°C,Des,259,430.475,100.0,332530.0,6.472886649649011,3.678669328103252,2.794217321545759
PEI5mgmL_80°C_Des.TXT,PEI5mgmL,80°C,Des,260,433.20500000000004,100.0,332530.0,6.473796068921506,3.680365430849045,2.793430638072461
PEI5mgmL_80°C_Des.TXT,PEI5mgmL,80°C,Des,261,435.67500000000007,100.0,332530.0,6.474618876834716,3.6819,2.792718876834716
PEI5mgmL_80°C_Des.TXT,PEI5mgmL,80°C,Des,262,438.28499999999997,100.0,332530.0,6.475488321633695,3.6843502173103193,2.791138104323376
PEI5mgmL_80°C_Des.TXT,PEI5mgmL,80°C,Des,263,445.94500000000005,100.0,332530.0,6.478040025526484,3.691541276542903,2.786498748983581
PEI5mgmL_80°C_Des.TXT,PEI5mgmL,80°C,Des,264,453.845,100.0,332530.0,6.4806716783663045,3.6989576431143676,2.781714035251937
PEI5mgmL_80°C_Des.TXT,PEI5mgmL,80°C,Des,265,461.735,100.0,332530.0,6.4833,3.7063646218800446,2.7769353781199553
PEI5mgmL_80°C_Des.TXT,PEI5mgmL,80°C,Des,266,464.365,100.0,332530.0,6.483953151129414,3.708833614801937,2.775119536327477
PEI5mgmL_80°C_Des.TXT,PEI5mgmL,80°C,Des,267,466.865,100.0,332530.0,6.484574017222014,3.711180566248603,2.7733934509734115
PEI5mgmL_80°C_Des.TXT,PEI5mgmL,80°C,Des,268,469.505,100.0,332530.0,6.485229651815799,3.713658946976282,2.771570704839517
PEI5mgmL_80°C_Des.TXT,PEI5mgmL,80°C,Des,269,471.985,100.0,332530.0,6.485845550979658,3.7159871228113746,2.769858428168283
PEI5mgmL_80°C_Des.TXT,PEI5mgmL,80°C,Des,270,474.755,100.0,332530.0,6.486533470610258,3.7185875450142802,2.7679459255959777
PEI5mgmL_80°C_Des.TXT,PEI5mgmL,80°C,Des,271,479.735,100.0,332530.0,6.487770235866717,3.723262672296039,2.7645075635706777
PEI5mgmL_80°C_Des.TXT,PEI5mgmL,80°C,Des,272,482.4150000000001,100.0,332530.0,6.488435804317983,3.7257786042468646,2.7626572000711183
PEI5mgmL_80°C_Des.TXT,PEI5mgmL,80°C,Des,273,485.03499999999997,100.0,332530.0,6.489086471983027,3.7282382093629702,2.760848262620057
PEI5mgmL_80°C_Des.TXT,PEI5mgmL,80°C,Des,274,487.6650000000001,100.0,332530.0,6.489739623112442,3.730707202284863,2.759032420827579
PEI5mgmL_80°C_Des.TXT,PEI5mgmL,80°C,Des,275,490.095,100.0,332530.0,6.490343104954449,3.732988439091022,2.757354665863427
PEI5mgmL_80°C_Des.TXT,PEI5mgmL,80°C,Des,276,492.95500000000004,100.0,332530.0,6.491053375764382,3.7356733515460077,2.7553800242183746
PEI5mgmL_80°C_Des.TXT,PEI5mgmL,80°C,Des,277,495.4150000000001,100.0,332530.0,6.491664307999501,3.7379827517695268,2.753681556229974
PEI5mgmL_80°C_Des.TXT,PEI5mgmL,80°C,Des,278,498.20500000000004,100.0,332530.0,6.492357194558842,3.740601949584006,2.751755244974836
PEI5mgmL_80°C_Des.TXT,PEI5mgmL,80°C,Des,279,500.78499999999997,100.0,332530.0,6.492997928366404,3.743024003476965,2.749973924889439
PEI5mgmL_80°C_Des.TXT,PEI5mgmL,80°C,Des,280,503.225,100.0,332530.0,6.493603893672781,3.7453146280889107,2.7482892655838707
PEI5mgmL_80°C_Des.TXT,PEI5mgmL,80°C,Des,281,505.6650000000001,100.0,332530.0,6.494209858979159,3.7476052527008568,2.746604606278302
PEI5mgmL_80°C_Des.TXT,PEI5mgmL,80°C,Des,282,508.225,100.0,332530.0,6.49484562585798,3.7500085309822424,2.744837094875738
PEI5mgmL_80°C_Des.TXT,PEI5mgmL,80°C,Des,283,510.9150000000001,100.0,332530.0,6.4955136777736175,3.752533850738855,2.7429798270347625
PEI5mgmL_80°C_Des.TXT,PEI5mgmL,80°C,Des,284,513.475,100.0,332530.0,6.496149444652439,3.7549371290202407,2.7412123156321986
PEI5mgmL_80°C_Des.TXT,PEI5mgmL,80°C,Des,285,516.205,100.0,332530.0,6.496827430425558,3.7575,2.739327430425558
PEI5mgmL_80°C_Des.TXT,PEI5mgmL,80°C,Des,286,518.895,100.0,332530.0,6.497495482341195,3.759086315262301,2.738409167078894
PEI5mgmL_80°C_Des.TXT,PEI5mgmL,80°C,Des,287,525.705,100.0,332530.0,6.499186721577436,3.7631022286215097,2.7360844929559263
PEI5mgmL_80°C_Des.TXT,PEI5mgmL,80°C,Des,288,533.535,100.0,332530.0,6.501131274179458,3.767719644422186,2.733411629757272
PEI5mgmL_80°C_Des.TXT,PEI5mgmL,80°C,Des,289,541.865,100.0,332530.0,6.5032,3.7726319143608364,2.730568085639163
PEI5mgmL_80°C_Des.TXT,PEI5mgmL,80°C,Des,290,544.3050000000001,100.0,332530.0,6.503638837882027,3.7740708025541503,2.729568035327877
PEI5mgmL_80°C_Des.TXT,PEI5mgmL,80°C,Des,291,547.005,100.0,332530.0,6.504124437177714,3.7756630148992114,2.728461422278502
PEI5mgmL_80°C_Des.TXT,PEI5mgmL,80°C,Des,292,549.6650000000001,100.0,332530.0,6.504602842409759,3.777231638913234,2.727371203496525
PEI5mgmL_80°C_Des.TXT,PEI5mgmL,80°C,Des,293,552.4250000000001,100.0,332530.0,6.505099232800905,3.7788592337548517,2.7262399990460535
PEI5mgmL_80°C_Des.TXT,PEI5mgmL,80°C,Des,294,554.975,100.0,332530.0,6.505557854357942,3.7803629898585203,2.725194864499422
PEI5mgmL_80°C_Des.TXT,PEI5mgmL,80°C,Des,295,560.1750000000001,100.0,332530.0,6.506493082631115,3.783429472893452,2.7230636097376633
PEI5mgmL_80°C_Des.TXT,PEI5mgmL,80°C,Des,296,562.6750000000001,100.0,332530.0,6.506942711608603,3.784903743583323,2.72203896802528
PEI5mgmL_80°C_Des.TXT,PEI5mgmL,80°C,Des,297,565.275,100.0,332530.0,6.507410325745189,3.7864369851007886,2.7209733406444006
PEI5mgmL_80°C_Des.TXT,PEI5mgmL,80°C,Des,298,567.6750000000001,100.0,332530.0,6.507841969563577,3.787852284963065,2.719989684600512
PEI5mgmL_80°C_Des.TXT,PEI5mgmL,80°C,Des,299,570.1750000000001,100.0,332530.0,6.508291598541064,3.789326555652936,2.7189650428881276
PEI5mgmL_80°C_Des.TXT,PEI5mgmL,80°C,Des,300,572.875,100.0,332530.0,6.50877719783675,3.7909187679979968,2.717858429838753
PEI5mgmL_80°C_Des.TXT,PEI5mgmL,80°C,Des,301,575.375,100.0,332530.0,6.509226826814237,3.7923930386878677,2.716833788126369
PEI5mgmL_80°C_Des.TXT,PEI5mgmL,80°C,Des,302,577.875,100.0,332530.0,6.509676455791724,3.793867309377739,2.715809146413985
PEI5mgmL_80°C_Des.TXT,PEI5mgmL,80°C,Des,303,580.475,100.0,332530.0,6.510144069928311,3.795400550895205,2.7147435190331057
PEI5mgmL_80°C_Des.TXT,PEI5mgmL,80°C,Des,304,583.1750000000001,100.0,332530.0,6.510629669223997,3.7969927632402656,2.7136369059837313
PEI5mgmL_80°C_Des.TXT,PEI5mgmL,80°C,Des,305,585.6750000000001,100.0,332530.0,6.511079298201484,3.7984670339301365,2.712612264271347
PEI5mgmL_80°C_Des.TXT,PEI5mgmL,80°C,Des,306,588.475,100.0,332530.0,6.51158288265627,3.800118217102792,2.7114646655534775
PEI5mgmL_80°C_Des.TXT,PEI5mgmL,80°C,Des,307,590.975,100.0,332530.0,6.512032511633756,3.8015924877926635,2.710440023841093
PEI5mgmL_80°C_Des.TXT,PEI5mgmL,80°C,Des,308,593.5749999999999,100.0,332530.0,6.512500125770344,3.8031257293101293,2.7093743964602144
PEI5mgmL_80°C_Des.TXT,PEI5mgmL,80°C,Des,309,596.0749999999999,100.0,332530.0,6.51294975474783,3.8046,2.70834975474783
PEI5mgmL_80°C_Des.TXT,PEI5mgmL,80°C,Des,310,598.775,100.0,332530.0,6.513435354043517,3.806149180327869,2.7072861737156475
PEI5mgmL_80°C_Des.TXT,PEI5mgmL,80°C,Des,311,605.275,100.0,332530.0,6.514604389384983,3.8098786885245906,2.7047257008603927
PEI5mgmL_80°C_Des.TXT,PEI5mgmL,80°C,Des,312,613.0749999999999,100.0,332530.0,6.516007231794743,3.814354098360656,2.7016531334340868
PEI5mgmL_80°C_Des.TXT,PEI5mgmL,80°C,Des,313,621.3750000000001,100.0,332530.0,6.5175,3.819116393442623,2.698383606557377
PEI5mgmL_80°C_Des.TXT,PEI5mgmL,80°C,Des,314,623.8750000000001,100.0,332530.0,6.517822681704261,3.8205508196721314,2.6972718620321294
PEI5mgmL_80°C_Des.TXT,PEI5mgmL,80°C,Des,315,626.6750000000001,100.0,332530.0,6.518184085213033,3.8221573770491806,2.6960267081638523
PEI5mgmL_80°C_Des.TXT,PEI5mgmL,80°C,Des,316,629.275,100.0,332530.0,6.518519674185463,3.8236491803278687,2.6948704938575947
PEI5mgmL_80°C_Des.TXT,PEI5mgmL,80°C,Des,317,631.975,100.0,332530.0,6.518868170426066,3.8251983606557376,2.693669809770328
PEI5mgmL_80°C_Des.TXT,PEI5mgmL,80°C,Des,318,634.5749999999999,100.0,332530.0,6.519203759398496,3.826690163934426,2.69251359546407
PEI5mgmL_80°C_Des.TXT,PEI5mgmL,80°C,Des,319,639.5749999999999,100.0,332530.0,6.519849122807018,3.8295590163934428,2.690290106413575
PEI5mgmL_80°C_Des.TXT,PEI5mgmL,80°C,Des,320,642.0749999999999,100.0,332530.0,6.520171804511278,3.8309934426229506,2.689178361888328
PEI5mgmL_80°C_Des.TXT,PEI5mgmL,80°C,Des,321,644.6750000000001,100.0,332530.0,6.520507393483709,3.832485245901639,2.68802214758207
PEI5mgmL_80°C_Des.TXT,PEI5mgmL,80°C,Des,322,647.1750000000001,100.0,332530.0,6.52083007518797,3.8339196721311475,2.6869104030568223
PEI5mgmL_80°C_Des.TXT,PEI5mgmL,80°C,Des,323,649.5749999999999,100.0,332530.0,6.52113984962406,3.8352967213114755,2.6858431283125843
PEI5mgmL_80°C_Des.TXT,PEI5mgmL,80°C,Des,324,652.1750000000001,100.0,332530.0,6.521475438596491,3.836788524590164,2.684686914006327
PEI5mgmL_80°C_Des.TXT,PEI5mgmL,80°C,Des,325,654.5749999999999,100.0,332530.0,6.521785213032581,3.8381655737704916,2.6836196392620897
PEI5mgmL_80°C_Des.TXT,PEI5mgmL,80°C,Des,326,657.1750000000001,100.0,332530.0,6.522120802005013,3.83965737704918,2.6824634249558326
PEI5mgmL_80°C_Des.TXT,PEI5mgmL,80°C,Des,327,659.8750000000001,100.0,332530.0,6.522469298245614,3.841206557377049,2.681262740868565
PEI5mgmL_80°C_Des.TXT,PEI5mgmL,80°C,Des,328,662.475,100.0,332530.0,6.5228048872180455,3.8426983606557377,2.680106526562308
PEI5mgmL_80°C_Des.TXT,PEI5mgmL,80°C,Des,329,664.8750000000001,100.0,332530.0,6.523114661654136,3.8440754098360657,2.67903925181807
PEI5mgmL_80°C_Des.TXT,PEI5mgmL,80°C,Des,330,667.475,100.0,332530.0,6.523450250626566,3.845567213114754,2.6778830375118123
PEI5mgmL_80°C_Des.TXT,PEI5mgmL,80°C,Des,331,670.1750000000001,100.0,332530.0,6.523798746867168,3.8471163934426227,2.6766823534245456
PEI5mgmL_80°C_Des.TXT,PEI5mgmL,80°C,Des,332,672.775,100.0,332530.0,6.524134335839599,3.8486081967213113,2.6755261391182876
PEI5mgmL_80°C_Des.TXT,PEI5mgmL,80°C,Des,333,675.3750000000001,100.0,332530.0,6.52446992481203,3.8501,2.6743699248120305
PEI5mgmL_80°C_Des.TXT,PEI5mgmL,80°C,Des,334,678.0749999999999,100.0,332530.0,6.524818421052632,3.851571197007481,2.673247224045151
PEI5mgmL_80°C_Des.TXT,PEI5mgmL,80°C,Des,335,684.5749999999999,100.0,332530.0,6.525657393483709,3.8551129675810474,2.670544425902662
PEI5mgmL_80°C_Des.TXT,PEI5mgmL,80°C,Des,336,692.6750000000001,100.0,332530.0,6.526702882205514,3.8595265586034913,2.667176323602023
PEI5mgmL_80°C_Des.TXT,PEI5mgmL,80°C,Des,337,701.1750000000001,100.0,332530.0,6.5278,3.8641581047381544,2.6636418952618457
PEI5mgmL_80°C_Des.TXT,PEI5mgmL,80°C,Des,338,703.5749999999999,100.0,332530.0,6.528022835633626,3.865465835411471,2.6625570002221552
PEI5mgmL_80°C_Des.TXT,PEI5mgmL,80°C,Des,339,706.275,100.0,332530.0,6.528273525721455,3.8669370324189525,2.6613364933025028
PEI5mgmL_80°C_Des.TXT,PEI5mgmL,80°C,Des,340,708.8750000000001,100.0,332530.0,6.528514930991217,3.868353740648379,2.660161190342838
PEI5mgmL_80°C_Des.TXT,PEI5mgmL,80°C,Des,341,711.275,100.0,332530.0,6.528737766624843,3.8696614713216957,2.6590762953031475
PEI5mgmL_80°C_Des.TXT,PEI5mgmL,80°C,Des,342,713.8750000000001,100.0,332530.0,6.528979171894605,3.871078179551122,2.6579009923434826
PEI5mgmL_80°C_Des.TXT,PEI5mgmL,80°C,Des,343,719.1750000000001,100.0,332530.0,6.5294712672521955,3.87396608478803,2.6555051824641653
PEI5mgmL_80°C_Des.TXT,PEI5mgmL,80°C,Des,344,721.5749999999999,100.0,332530.0,6.529694102885822,3.8752738154613464,2.6544202874244753
PEI5mgmL_80°C_Des.TXT,PEI5mgmL,80°C,Des,345,724.1750000000001,100.0,332530.0,6.529935508155583,3.876690523690773,2.6532449844648105
PEI5mgmL_80°C_Des.TXT,PEI5mgmL,80°C,Des,346,726.6750000000001,100.0,332530.0,6.530167628607277,3.8780527431421445,2.6521148854651324
PEI5mgmL_80°C_Des.TXT,PEI5mgmL,80°C,Des,347,729.275,100.0,332530.0,6.530409033877039,3.879469451371571,2.6509395825054676
PEI5mgmL_80°C_Des.TXT,PEI5mgmL,80°C,Des,348,731.775,100.0,332530.0,6.530641154328733,3.8808316708229427,2.6498094835057904
PEI5mgmL_80°C_Des.TXT,PEI5mgmL,80°C,Des,349,734.275,100.0,332530.0,6.530873274780427,3.8821938902743143,2.6486793845061123
PEI5mgmL_80°C_Des.TXT,PEI5mgmL,80°C,Des,350,737.0749999999999,100.0,332530.0,6.531133249686324,3.8837195760598506,2.647413673626473
PEI5mgmL_80°C_Des.TXT,PEI5mgmL,80°C,Des,351,739.775,100.0,332530.0,6.531383939774153,3.8851907730673316,2.646193166706821
PEI5mgmL_80°C_Des.TXT,PEI5mgmL,80°C,Des,352,742.3750000000001,100.0,332530.0,6.531625345043914,3.886607481296758,2.645017863747156
PEI5mgmL_80°C_Des.TXT,PEI5mgmL,80°C,Des,353,744.8750000000001,100.0,332530.0,6.531857465495609,3.8879697007481298,2.643887764747479
PEI5mgmL_80°C_Des.TXT,PEI5mgmL,80°C,Des,354,747.6750000000001,100.0,332530.0,6.532117440401506,3.889495386533666,2.6426220538678398
PEI5mgmL_80°C_Des.TXT,PEI5mgmL,80°C,Des,355,750.0749999999999,100.0,332530.0,6.532340276035131,3.890803117206983,2.6415371588281484
PEI5mgmL_80°C_Des.TXT,PEI5mgmL,80°C,Des,356,752.975,100.0,332530.0,6.5326095357590965,3.8923832917705736,2.640226243988523
PEI5mgmL_80°C_Des.TXT,PEI5mgmL,80°C,Des,357,755.5749999999999,100.0,332530.0,6.532850941028858,3.8938,2.639050941028858
PEI5mgmL_80°C_Des.TXT,PEI5mgmL,80°C,Des,358,758.6750000000001,100.0,332530.0,6.533138770388958,3.895436861768369,2.6377019086205893
PEI5mgmL_80°C_Des.TXT,PEI5mgmL,80°C,Des,359,765.0749999999999,100.0,332530.0,6.533732998745295,3.898816189290162,2.634916809455133
PEI5mgmL_80°C_Des.TXT,PEI5mgmL,80°C,Des,360,772.775,100.0,332530.0,6.534447929736512,3.9028819427148194,2.6315659870216925
PEI5mgmL_80°C_Des.TXT,PEI5mgmL,80°C,Des,361,780.8750000000001,100.0,332530.0,6.5352,3.9071589041095893,2.6280410958904104
PEI5mgmL_80°C_Des.TXT,PEI5mgmL,80°C,Des,362,783.275,100.0,332530.0,6.535357816377171,3.9084261519302617,2.626931664446909
PEI5mgmL_80°C_Des.TXT,PEI5mgmL,80°C,Des,363,786.0749999999999,100.0,332530.0,6.535541935483871,3.909904607721046,2.625637327762825
PEI5mgmL_80°C_Des.TXT,PEI5mgmL,80°C,Des,364,788.6750000000001,100.0,332530.0,6.535712903225806,3.9112774595267745,2.624435443699032
PEI5mgmL_80°C_Des.TXT,PEI5mgmL,80°C,Des,365,791.3750000000001,100.0,332530.0,6.535890446650124,3.912703113325031,2.623187333325093
PEI5mgmL_80°C_Des.TXT,PEI5mgmL,80°C,Des,366,794.0749999999999,100.0,332530.0,6.536067990074441,3.914128767123288,2.6219392229511533
PEI5mgmL_80°C_Des.TXT,PEI5mgmL,80°C,Des,367,799.1750000000001,100.0,332530.0,6.53640334987593,3.916821668742217,2.619581681133713
PEI5mgmL_80°C_Des.TXT,PEI5mgmL,80°C,Des,368,801.6750000000001,100.0,332530.0,6.5365677419354835,3.9181417185554173,2.6184260233800662
PEI5mgmL_80°C_Des.TXT,PEI5mgmL,80°C,Des,369,804.3750000000001,100.0,332530.0,6.536745285359801,3.919567372353674,2.6171779130061275
PEI5mgmL_80°C_Des.TXT,PEI5mgmL,80°C,Des,370,807.1750000000001,100.0,332530.0,6.536929404466501,3.9210458281444582,2.6158835763220427
PEI5mgmL_80°C_Des.TXT,PEI5mgmL,80°C,Des,371,809.5749999999999,100.0,332530.0,6.537087220843672,3.9223130759651306,2.6147741448785413
PEI5mgmL_80°C_Des.TXT,PEI5mgmL,80°C,Des,372,812.475,100.0,332530.0,6.537277915632754,3.9238443337484434,2.6134335818843106
PEI5mgmL_80°C_Des.TXT,PEI5mgmL,80°C,Des,373,814.8750000000001,100.0,332530.0,6.537435732009925,3.9251115815691158,2.6123241504408092
PEI5mgmL_80°C_Des.TXT,PEI5mgmL,80°C,Des,374,817.8750000000001,100.0,332530.0,6.537633002481389,3.9266956413449563,2.6109373611364326
PEI5mgmL_80°C_Des.TXT,PEI5mgmL,80°C,Des,375,820.475,100.0,332530.0,6.537803970223325,3.928068493150685,2.60973547707264
PEI5mgmL_80°C_Des.TXT,PEI5mgmL,80°C,Des,376,823.275,100.0,332530.0,6.537988089330025,3.9295469489414696,2.608441140388555
PEI5mgmL_80°C_Des.TXT,PEI5mgmL,80°C,Des,377,825.775,100.0,332530.0,6.538152481389578,3.93086699875467,2.607285482634908
PEI5mgmL_80°C_Des.TXT,PEI5mgmL,80°C,Des,378,828.475,100.0,332530.0,6.538330024813895,3.9322926525529263,2.606037372260969
PEI5mgmL_80°C_Des.TXT,PEI5mgmL,80°C,Des,379,830.8750000000001,100.0,332530.0,6.538487841191067,3.933559900373599,2.604927940817468
PEI5mgmL_80°C_Des.TXT,PEI5mgmL,80°C,Des,380,833.475,100.0,332530.0,6.538658808933002,3.9349327521793276,2.6037260567536746
PEI5mgmL_80°C_Des.TXT,PEI5mgmL,80°C,Des,381,835.8750000000001,100.0,332530.0,6.538816625310173,3.9362,2.6026166253101732
PEI5mgmL_80°C_Des.TXT,PEI5mgmL,80°C,Des,382,838.5749999999999,100.0,332530.0,6.538994168734491,3.937553366583541,2.60144080215095
PEI5mgmL_80°C_Des.TXT,PEI5mgmL,80°C,Des,383,844.975,100.0,332530.0,6.5394150124069474,3.9407613466334164,2.598653665773531
PEI5mgmL_80°C_Des.TXT,PEI5mgmL,80°C,Des,384,853.0749999999999,100.0,332530.0,6.5399476426799,3.9448214463840396,2.5951261962958605
PEI5mgmL_80°C_Des.TXT,PEI5mgmL,80°C,Des,385,861.475,100.0,332530.0,6.5405,3.9490319201995012,2.5914680798004985
PEI5mgmL_80°C_Des.TXT,PEI5mgmL,80°C,Des,386,864.0749999999999,100.0,332530.0,6.540597622027534,3.950335162094763,2.5902624599327715
PEI5mgmL_80°C_Des.TXT,PEI5mgmL,80°C,Des,387,866.8750000000001,100.0,332530.0,6.540702753441802,3.9517386533665837,2.588964100075218
PEI5mgmL_80°C_Des.TXT,PEI5mgmL,80°C,Des,388,869.475,100.0,332530.0,6.5408003754693365,3.9530418952618454,2.587758480207491
PEI5mgmL_80°C_Des.TXT,PEI5mgmL,80°C,Des,389,872.1750000000001,100.0,332530.0,6.540901752190238,3.9543952618453866,2.5865064903448514
PEI5mgmL_80°C_Des.TXT,PEI5mgmL,80°C,Des,390,874.775,100.0,332530.0,6.540999374217772,3.9556985037406482,2.5853008704771234
PEI5mgmL_80°C_Des.TXT,PEI5mgmL,80°C,Des,391,879.8750000000001,100.0,332530.0,6.541190863579474,3.958254862842893,2.582936000736581
PEI5mgmL_80°C_Des.TXT,PEI5mgmL,80°C,Des,392,882.275,100.0,332530.0,6.541280976220275,3.959457855361596,2.581823120858679
PEI5mgmL_80°C_Des.TXT,PEI5mgmL,80°C,Des,393,885.0749999999999,100.0,332530.0,6.541386107634543,3.960861346633416,2.580524761001127
PEI5mgmL_80°C_Des.TXT,PEI5mgmL,80°C,Des,394,887.475,100.0,332530.0,6.541476220275344,3.9620643391521195,2.5794118811232245
PEI5mgmL_80°C_Des.TXT,PEI5mgmL,80°C,Des,395,890.1750000000001,100.0,332530.0,6.5415775969962455,3.9634177057356608,2.5781598912605848
PEI5mgmL_80°C_Des.TXT,PEI5mgmL,80°C,Des,396,892.775,100.0,332530.0,6.541675219023779,3.9647209476309224,2.576954271392857
PEI5mgmL_80°C_Des.TXT,PEI5mgmL,80°C,Des,397,895.475,100.0,332530.0,6.541776595744681,3.9660743142144637,2.575702281530217
PEI5mgmL_80°C_Des.TXT,PEI5mgmL,80°C,Des,398,898.0749999999999,100.0,332530.0,6.541874217772215,3.9673775561097258,2.5744966616624896
PEI5mgmL_80°C_Des.TXT,PEI5mgmL,80°C,Des,399,900.775,100.0,332530.0,6.541975594493116,3.9687309226932665,2.5732446717998494
PEI5mgmL_80°C_Des.TXT,PEI5mgmL,80°C,Des,400,903.1750000000001,100.0,332530.0,6.542065707133917,3.96993391521197,2.572131791921947
PEI5mgmL_80°C_Des.TXT,PEI5mgmL,80°C,Des,401,905.6750000000001,100.0,332530.0,6.5421595744680845,3.9711870324189524,2.570972542049132
PEI5mgmL_80°C_Des.TXT,PEI5mgmL,80°C,Des,402,908.1750000000001,100.0,332530.0,6.542253441802252,3.972440149625935,2.5698132921763173
PEI5mgmL_80°C_Des.TXT,PEI5mgmL,80°C,Des,403,910.775,100.0,332530.0,6.542351063829787,3.973743391521197,2.5686076723085898
PEI5mgmL_80°C_Des.TXT,PEI5mgmL,80°C,Des,404,913.5749999999999,100.0,332530.0,6.542456195244055,3.9751468827930174,2.5673093124510378
PEI5mgmL_80°C_Des.TXT,PEI5mgmL,80°C,Des,405,916.0749999999999,100.0,332530.0,6.542550062578223,3.9764,2.566150062578223
PEI5mgmL_80°C_Des.TXT,PEI5mgmL,80°C,Des,406,918.975,100.0,332530.0,6.542658948685857,3.977824625,2.5648343236858575
PEI5mgmL_80°C_Des.TXT,PEI5mgmL,80°C,Des,407,925.3750000000001,100.0,332530.0,6.5428992490613265,3.980968625,2.5619306240613264
PEI5mgmL_80°C_Des.TXT,PEI5mgmL,80°C,Des,408,933.0749999999999,100.0,332530.0,6.543188360450563,3.98475125,2.5584371104505634
PEI5mgmL_80°C_Des.TXT,PEI5mgmL,80°C,Des,409,941.3750000000001,100.0,332530.0,6.5435,3.988828625,2.554671375
PEI5mgmL_80°C_Des.TXT,PEI5mgmL,80°C,Des,410,943.775,100.0,332530.0,6.5435570713391735,3.990007625,2.5535494463391735
PEI5mgmL_80°C_Des.TXT,PEI5mgmL,80°C,Des,411,946.475,100.0,332530.0,6.543621276595744,3.991334,2.5522872765957443
PEI5mgmL_80°C_Des.TXT,PEI5mgmL,80°C,Des,412,949.0749999999999,100.0,332530.0,6.543683103879849,3.99261125,2.5510718538798494
PEI5mgmL_80°C_Des.TXT,PEI5mgmL,80°C,Des,413,951.975,100.0,332530.0,6.543752065081351,3.994035875,2.5497161900813516
PEI5mgmL_80°C_Des.TXT,PEI5mgmL,80°C,Des,414,954.5749999999999,100.0,332530.0,6.543813892365456,3.995313125,2.5485007673654563
PEI5mgmL_80°C_Des.TXT,PEI5mgmL,80°C,Des,415,959.5749999999999,100.0,332530.0,6.543932790988736,3.997769375,2.546163415988736
PEI5mgmL_80°C_Des.TXT,PEI5mgmL,80°C,Des,416,962.0749999999999,100.0,332530.0,6.543992240300375,3.9989974999999998,2.5449947403003756
PEI5mgmL_80°C_Des.TXT,PEI5mgmL,80°C,Des,417,964.775,100.0,332530.0,6.544056445556946,4.000323875,2.543732570556946
PEI5mgmL_80°C_Des.TXT,PEI5mgmL,80°C,Des,418,967.275,100.0,332530.0,6.544115894868586,4.001552,2.542563894868586
PEI5mgmL_80°C_Des.TXT,PEI5mgmL,80°C,Des,419,969.975,100.0,332530.0,6.544180100125156,4.002878375,2.541301725125156
PEI5mgmL_80°C_Des.TXT,PEI5mgmL,80°C,Des,420,972.5749999999999,100.0,332530.0,6.544241927409262,4.004155625,2.5400863024092617
PEI5mgmL_80°C_Des.TXT,PEI5mgmL,80°C,Des,421,974.975,100.0,332530.0,6.5442989987484355,4.005334625,2.5389643737484358
PEI5mgmL_80°C_Des.TXT,PEI5mgmL,80°C,Des,422,977.5749999999999,100.0,332530.0,6.54436082603254,4.006611875,2.5377489510325404
PEI5mgmL_80°C_Des.TXT,PEI5mgmL,80°C,Des,423,980.1750000000001,100.0,332530.0,6.544422653316646,4.007889125,2.536533528316646
PEI5mgmL_80°C_Des.TXT,PEI5mgmL,80°C,Des,424,982.8750000000001,100.0,332530.0,6.544486858573216,4.0092155,2.5352713585732163
PEI5mgmL_80°C_Des.TXT,PEI5mgmL,80°C,Des,425,985.3750000000001,100.0,332530.0,6.544546307884856,4.010443625,2.534102682884856
PEI5mgmL_80°C_Des.TXT,PEI5mgmL,80°C,Des,426,988.1750000000001,100.0,332530.0,6.544612891113892,4.011819125,2.532793766113892
PEI5mgmL_80°C_Des.TXT,PEI5mgmL,80°C,Des,427,990.775,100.0,332530.0,6.544674718397998,4.013096375,2.5315783433979977
PEI5mgmL_80°C_Des.TXT,PEI5mgmL,80°C,Des,428,993.475,100.0,332530.0,6.544738923654568,4.01442275,2.530316173654568
PEI5mgmL_80°C_Des.TXT,PEI5mgmL,80°C,Des,429,996.0749999999999,100.0,332530.0,6.544800750938673,4.0157,2.5291007509386736
PEI5mgmL_80°C_Des.TXT,PEI5mgmL,80°C,Des,430,998.775,100.0,332530.0,6.544864956195244,4.016954545454546,2.5279104107406987
PEI5mgmL_80°C_Des.TXT,PEI5mgmL,80°C,Des,431,1005.3750000000001,100.0,332530.0,6.5450219023779725,4.020021212121212,2.5250006902567605
PEI5mgmL_80°C_Des.TXT,PEI5mgmL,80°C,Des,432,1013.0749999999999,100.0,332530.0,6.545205006257822,4.02359898989899,2.521606016358832
PEI5mgmL_80°C_Des.TXT,PEI5mgmL,80°C,Des,433,1021.275,100.0,332530.0,6.5454,4.0274090909090905,2.5179909090909094
PEI5mgmL_80°C_Des.TXT,PEI5mgmL,80°C,Des,434,1023.775,100.0,332530.0,6.545412658227848,4.028570707070707,2.516841951157141
PEI5mgmL_80°C_Des.TXT,PEI5mgmL,80°C,Des,435,1026.475,100.0,332530.0,6.545426329113924,4.029825252525252,2.5156010765886716
PEI5mgmL_80°C_Des.TXT,PEI5mgmL,80°C,Des,436,1029.0749999999998,100.0,332530.0,6.545439493670886,4.031033333333333,2.514406160337553
PEI5mgmL_80°C_Des.TXT,PEI5mgmL,80°C,Des,437,1031.6750000000002,100.0,332530.0,6.545452658227848,4.0322414141414145,2.513211244086434
PEI5mgmL_80°C_Des.TXT,PEI5mgmL,80°C,Des,438,1034.375,100.0,332530.0,6.545466329113924,4.033495959595959,2.5119703695179645
PEI5mgmL_80°C_Des.TXT,PEI5mgmL,80°C,Des,439,1039.375,100.0,332530.0,6.54549164556962,4.035819191919192,2.5096724536504285
PEI5mgmL_80°C_Des.TXT,PEI5mgmL,80°C,Des,440,1041.875,100.0,332530.0,6.545504303797468,4.036980808080808,2.50852349571666
PEI5mgmL_80°C_Des.TXT,PEI5mgmL,80°C,Des,441,1044.475,100.0,332530.0,6.54551746835443,4.038188888888889,2.5073285794655416
PEI5mgmL_80°C_Des.TXT,PEI5mgmL,80°C,Des,442,1046.875,100.0,332530.0,6.5455296202531645,4.039304040404041,2.506225579849124
PEI5mgmL_80°C_Des.TXT,PEI5mgmL,80°C,Des,443,1049.375,100.0,332530.0,6.545542278481013,4.040465656565656,2.5050766219153564
PEI5mgmL_80°C_Des.TXT,PEI5mgmL,80°C,Des,444,1051.975,100.0,332530.0,6.5455554430379745,4.0416737373737375,2.503881705664237
PEI5mgmL_80°C_Des.TXT,PEI5mgmL,80°C,Des,445,1054.375,100.0,332530.0,6.545567594936709,4.0427888888888885,2.5027787060478204
PEI5mgmL_80°C_Des.TXT,PEI5mgmL,80°C,Des,446,1057.1750000000002,100.0,332530.0,6.545581772151898,4.044089898989899,2.5014918731619993
PEI5mgmL_80°C_Des.TXT,PEI5mgmL,80°C,Des,447,1059.775,100.0,332530.0,6.545594936708861,4.04529797979798,2.500296956910881
PEI5mgmL_80°C_Des.TXT,PEI5mgmL,80°C,Des,448,1062.475,100.0,332530.0,6.545608607594937,4.046552525252525,2.4990560823424115
PEI5mgmL_80°C_Des.TXT,PEI5mgmL,80°C,Des,449,1064.875,100.0,332530.0,6.545620759493671,4.047667676767677,2.497953082725994
PEI5mgmL_80°C_Des.TXT,PEI5mgmL,80°C,Des,450,1067.475,100.0,332530.0,6.545633924050633,4.0488757575757575,2.4967581664748755
PEI5mgmL_80°C_Des.TXT,PEI5mgmL,80°C,Des,451,1070.1750000000002,100.0,332530.0,6.545647594936709,4.050130303030303,2.4955172919064053
PEI5mgmL_80°C_Des.TXT,PEI5mgmL,80°C,Des,452,1072.775,100.0,332530.0,6.54566075949367,4.051338383838384,2.494322375655287
PEI5mgmL_80°C_Des.TXT,PEI5mgmL,80°C,Des,453,1075.275,100.0,332530.0,6.545673417721519,4.0525,2.4931734177215183
PEI5mgmL_80°C_Des.TXT,PEI5mgmL,80°C,Des,454,1078.0749999999998,100.0,332530.0,6.545687594936709,4.053711636363636,2.4919759585730725
PEI5mgmL_80°C_Des.TXT,PEI5mgmL,80°C,Des,455,1084.5749999999998,100.0,332530.0,6.545720506329114,4.056524363636363,2.4891961426927507
PEI5mgmL_80°C_Des.TXT,PEI5mgmL,80°C,Des,456,1092.375,100.0,332530.0,6.54576,4.059899636363636,2.4858603636363634
PEI5mgmL_80°C_Des.TXT,PEI5mgmL,80°C,Des,457,1100.275,100.0,332530.0,6.5458,4.063318181818182,2.4824818181818182
PEI5mgmL_80°C_Des.TXT,PEI5mgmL,80°C,Des,458,1102.975,100.0,332530.0,6.545777201447527,4.064486545454545,2.481290655992982
PEI5mgmL_80°C_Des.TXT,PEI5mgmL,80°C,Des,459,1105.375,100.0,332530.0,6.545756936067551,4.065525090909091,2.4802318451584604
PEI5mgmL_80°C_Des.TXT,PEI5mgmL,80°C,Des,460,1107.975,100.0,332530.0,6.545734981905911,4.066650181818182,2.479084800087729
PEI5mgmL_80°C_Des.TXT,PEI5mgmL,80°C,Des,461,1110.5749999999998,100.0,332530.0,6.54571302774427,4.067775272727273,2.477937755016997
PEI5mgmL_80°C_Des.TXT,PEI5mgmL,80°C,Des,462,1113.1750000000002,100.0,332530.0,6.5456910735826295,4.068900363636364,2.4767907099462656
PEI5mgmL_80°C_Des.TXT,PEI5mgmL,80°C,Des,463,1118.375,100.0,332530.0,6.545647165259348,4.071150545454545,2.4744966198048033
PEI5mgmL_80°C_Des.TXT,PEI5mgmL,80°C,Des,464,1120.975,100.0,332530.0,6.545625211097708,4.072275636363636,2.4733495747340717
PEI5mgmL_80°C_Des.TXT,PEI5mgmL,80°C,Des,465,1123.5749999999998,100.0,332530.0,6.545603256936067,4.073400727272727,2.47220252966334
PEI5mgmL_80°C_Des.TXT,PEI5mgmL,80°C,Des,466,1126.0749999999998,100.0,332530.0,6.545582147165259,4.074482545454545,2.471099601710714
PEI5mgmL_80°C_Des.TXT,PEI5mgmL,80°C,Des,467,1128.775,100.0,332530.0,6.5455593486127865,4.075650909090909,2.4699084395218778
PEI5mgmL_80°C_Des.TXT,PEI5mgmL,80°C,Des,468,1131.475,100.0,332530.0,6.545536550060313,4.076819272727272,2.468717277333041
PEI5mgmL_80°C_Des.TXT,PEI5mgmL,80°C,Des,469,1133.975,100.0,332530.0,6.545515440289505,4.077901090909091,2.4676143493804146
PEI5mgmL_80°C_Des.TXT,PEI5mgmL,80°C,Des,470,1136.5749999999998,100.0,332530.0,6.545493486127865,4.079026181818182,2.466467304309683
PEI5mgmL_80°C_Des.TXT,PEI5mgmL,80°C,Des,471,1139.375,100.0,332530.0,6.545469843184559,4.080237818181818,2.4652320250027415
PEI5mgmL_80°C_Des.TXT,PEI5mgmL,80°C,Des,472,1141.875,100.0,332530.0,6.545448733413751,4.081319636363636,2.4641290970501153
PEI5mgmL_80°C_Des.TXT,PEI5mgmL,80°C,Des,473,1144.5749999999998,100.0,332530.0,6.545425934861278,4.082488,2.4629379348612783
PEI5mgmL_80°C_Des.TXT,PEI5mgmL,80°C,Des,474,1147.1750000000002,100.0,332530.0,6.545403980699638,4.083613090909091,2.4617908897905476
PEI5mgmL_80°C_Des.TXT,PEI5mgmL,80°C,Des,475,1152.475,100.0,332530.0,6.545359227985524,4.085906545454545,2.459452682530979
PEI5mgmL_80°C_Des.TXT,PEI5mgmL,80°C,Des,476,1155.1750000000002,100.0,332530.0,6.545336429433052,4.087074909090909,2.458261520342143
PEI5mgmL_80°C_Des.TXT,PEI5mgmL,80°C,Des,477,1157.775,100.0,332530.0,6.545314475271411,4.0882,2.4571144752714114
PEI5mgmL_80°C_Des.TXT,PEI5mgmL,80°C,Des,478,1160.775,100.0,332530.0,6.545289143546441,4.089405097087378,2.4558840464590626
PEI5mgmL_80°C_Des.TXT,PEI5mgmL,80°C,Des,479,1167.1750000000002,100.0,332530.0,6.545235102533172,4.091975970873786,2.4532591316593857
PEI5mgmL_80°C_Des.TXT,PEI5mgmL,80°C,Des,480,1174.975,100.0,332530.0,6.54516924004825,4.0951092233009705,2.4500600167472797
PEI5mgmL_80°C_Des.TXT,PEI5mgmL,80°C,Des,481,1183.1750000000002,100.0,332530.0,6.5451,4.098403155339805,2.4466968446601944
PEI5mgmL_80°C_Des.TXT,PEI5mgmL,80°C,Des,482,1185.975,100.0,332530.0,6.545055771567436,4.099527912621359,2.445527858946077
PEI5mgmL_80°C_Des.TXT,PEI5mgmL,80°C,Des,483,1188.5749999999998,100.0,332530.0,6.5450147023086265,4.100572330097087,2.4444423722115394
PEI5mgmL_80°C_Des.TXT,PEI5mgmL,80°C,Des,484,1191.375,100.0,332530.0,6.544970473876063,4.10169708737864,2.443273386497423
PEI5mgmL_80°C_Des.TXT,PEI5mgmL,80°C,Des,485,1193.875,100.0,332530.0,6.5449309842041306,4.102701334951456,2.442229649252675
PEI5mgmL_80°C_Des.TXT,PEI5mgmL,80°C,Des,486,1196.775,100.0,332530.0,6.54488517618469,4.103866262135922,2.441018914048768
PEI5mgmL_80°C_Des.TXT,PEI5mgmL,80°C,Des,487,1201.6750000000002,100.0,332530.0,6.544807776427703,4.105834587378641,2.4389731890490625
PEI5mgmL_80°C_Des.TXT,PEI5mgmL,80°C,Des,488,1204.1750000000002,100.0,332530.0,6.5447682867557715,4.106838834951456,2.4379294518043153
PEI5mgmL_80°C_Des.TXT,PEI5mgmL,80°C,Des,489,1206.775,100.0,332530.0,6.544727217496962,4.107883252427184,2.4368439650697775
PEI5mgmL_80°C_Des.TXT,PEI5mgmL,80°C,Des,490,1209.375,100.0,332530.0,6.544686148238153,4.108927669902912,2.4357584783352406
PEI5mgmL_80°C_Des.TXT,PEI5mgmL,80°C,Des,491,1211.875,100.0,332530.0,6.544646658566221,4.109931917475728,2.4347147410904935
PEI5mgmL_80°C_Des.TXT,PEI5mgmL,80°C,Des,492,1214.6750000000002,100.0,332530.0,6.544602430133657,4.111056674757282,2.4335457553763753
PEI5mgmL_80°C_Des.TXT,PEI5mgmL,80°C,Des,493,1217.0749999999998,100.0,332530.0,6.544564520048603,4.112020752427184,2.4325437676214188
PEI5mgmL_80°C_Des.TXT,PEI5mgmL,80°C,Des,494,1219.6750000000002,100.0,332530.0,6.544523450789793,4.113065169902912,2.431458280886881
PEI5mgmL_80°C_Des.TXT,PEI5mgmL,80°C,Des,495,1222.275,100.0,332530.0,6.544482381530984,4.114109587378641,2.430372794152343
PEI5mgmL_80°C_Des.TXT,PEI5mgmL,80°C,Des,496,1224.775,100.0,332530.0,6.5444428918590525,4.115113834951456,2.429329056907596
PEI5mgmL_80°C_Des.TXT,PEI5mgmL,80°C,Des,497,1227.375,100.0,332530.0,6.544401822600243,4.1161582524271845,2.4282435701730583
PEI5mgmL_80°C_Des.TXT,PEI5mgmL,80°C,Des,498,1230.0749999999998,100.0,332530.0,6.544359173754557,4.117242839805825,2.4271163339487316
PEI5mgmL_80°C_Des.TXT,PEI5mgmL,80°C,Des,499,1235.0749999999998,100.0,332530.0,6.5442801944106925,4.119251334951456,2.4250288594592364
PEI5mgmL_80°C_Des.TXT,PEI5mgmL,80°C,Des,500,1237.5749999999998,100.0,332530.0,6.544240704738761,4.120255582524272,2.4239851222144893
PEI5mgmL_80°C_Des.TXT,PEI5mgmL,80°C,Des,501,1240.1750000000002,100.0,332530.0,6.544199635479951,4.1213,2.4228996354799515
PEI5mgmL_80°C_Des.TXT,PEI5mgmL,80°C,Des,502,1242.875,100.0,332530.0,6.544156986634265,4.122340963855422,2.4218160227788434
PEI5mgmL_80°C_Des.TXT,PEI5mgmL,80°C,Des,503,1249.1750000000002,100.0,332530.0,6.544057472660996,4.124769879518072,2.419287593142924
PEI5mgmL_80°C_Des.TXT,PEI5mgmL,80°C,Des,504,1257.275,100.0,332530.0,6.543929526123937,4.127892771084337,2.4160367550396
PEI5mgmL_80°C_Des.TXT,PEI5mgmL,80°C,Des,505,1265.475,100.0,332530.0,6.5438,4.1310542168674695,2.4127457831325305
PEI5mgmL_80°C_Des.TXT,PEI5mgmL,80°C,Des,506,1267.975,100.0,332530.0,6.543739246658566,4.132018072289156,2.4117211743694096
PEI5mgmL_80°C_Des.TXT,PEI5mgmL,80°C,Des,507,1270.875,100.0,332530.0,6.543668772782503,4.133136144578313,2.41053262820419
PEI5mgmL_80°C_Des.TXT,PEI5mgmL,80°C,Des,508,1273.475,100.0,332530.0,6.543605589307412,4.134138554216867,2.409467035090545
PEI5mgmL_80°C_Des.TXT,PEI5mgmL,80°C,Des,509,1276.1750000000002,100.0,332530.0,6.543539975698663,4.135179518072289,2.408360457626374
PEI5mgmL_80°C_Des.TXT,PEI5mgmL,80°C,Des,510,1278.875,100.0,332530.0,6.543474362089915,4.136220481927711,2.4072538801622043
PEI5mgmL_80°C_Des.TXT,PEI5mgmL,80°C,Des,511,1284.1750000000002,100.0,332530.0,6.543345565006075,4.138263855421687,2.4050817095843886
PEI5mgmL_80°C_Des.TXT,PEI5mgmL,80°C,Des,512,1286.875,100.0,332530.0,6.543279951397327,4.1393048192771085,2.4039751321202187
PEI5mgmL_80°C_Des.TXT,PEI5mgmL,80°C,Des,513,1289.475,100.0,332530.0,6.543216767922236,4.140307228915662,2.402909539006574
PEI5mgmL_80°C_Des.TXT,PEI5mgmL,80°C,Des,514,1292.275,100.0,332530.0,6.54314872417983,4.141386746987951,2.401761977191879
PEI5mgmL_80°C_Des.TXT,PEI5mgmL,80°C,Des,515,1294.775,100.0,332530.0,6.543087970838396,4.142350602409638,2.400737368428758
PEI5mgmL_80°C_Des.TXT,PEI5mgmL,80°C,Des,516,1297.475,100.0,332530.0,6.543022357229648,4.14339156626506,2.399630790964588
PEI5mgmL_80°C_Des.TXT,PEI5mgmL,80°C,Des,517,1300.0749999999998,100.0,332530.0,6.542959173754556,4.144393975903614,2.3985651978509424
PEI5mgmL_80°C_Des.TXT,PEI5mgmL,80°C,Des,518,1302.6750000000002,100.0,332530.0,6.542895990279465,4.145396385542169,2.3974996047372965
PEI5mgmL_80°C_Des.TXT,PEI5mgmL,80°C,Des,519,1305.275,100.0,332530.0,6.542832806804374,4.146398795180723,2.3964340116236515
PEI5mgmL_80°C_Des.TXT,PEI5mgmL,80°C,Des,520,1307.775,100.0,332530.0,6.542772053462941,4.1473626506024095,2.3954094028605315
PEI5mgmL_80°C_Des.TXT,PEI5mgmL,80°C,Des,521,1310.375,100.0,332530.0,6.54270886998785,4.148365060240963,2.3943438097468865
PEI5mgmL_80°C_Des.TXT,PEI5mgmL,80°C,Des,522,1312.975,100.0,332530.0,6.542645686512758,4.149367469879517,2.3932782166332407
PEI5mgmL_80°C_Des.TXT,PEI5mgmL,80°C,Des,523,1318.0749999999998,100.0,332530.0,6.542521749696234,4.151333734939759,2.391188014756475
PEI5mgmL_80°C_Des.TXT,PEI5mgmL,80°C,Des,524,1320.475,100.0,332530.0,6.542463426488457,4.152259036144578,2.3902043903438788
PEI5mgmL_80°C_Des.TXT,PEI5mgmL,80°C,Des,525,1323.1750000000002,100.0,332530.0,6.542397812879709,4.1533,2.389097812879709
PEI5mgmL_80°C_Des.TXT,PEI5mgmL,80°C,Des,526,1325.975,100.0,332530.0,6.542329769137303,4.154314146341463,2.38801562279584
PEI5mgmL_80°C_Des.TXT,PEI5mgmL,80°C,Des,527,1332.1750000000002,100.0,332530.0,6.542179100850547,4.156559756097561,2.3856193447529863
PEI5mgmL_80°C_Des.TXT,PEI5mgmL,80°C,Des,528,1339.975,100.0,332530.0,6.541989550425273,4.1593848780487805,2.382604672376493
PEI5mgmL_80°C_Des.TXT,PEI5mgmL,80°C,Des,529,1347.775,100.0,332530.0,6.5418,4.16221,2.3795900000000003
PEI5mgmL_80°C_Des.TXT,PEI5mgmL,80°C,Des,530,1350.6750000000002,100.0,332530.0,6.541712227602906,4.163260365853659,2.378451861749247
PEI5mgmL_80°C_Des.TXT,PEI5mgmL,80°C,Des,531,1353.1750000000002,100.0,332530.0,6.541636561743342,4.164165853658536,2.3774707080848057
PEI5mgmL_80°C_Des.TXT,PEI5mgmL,80°C,Des,532,1355.975,100.0,332530.0,6.54155181598063,4.165179999999999,2.3763718159806304
PEI5mgmL_80°C_Des.TXT,PEI5mgmL,80°C,Des,533,1358.5749999999998,100.0,332530.0,6.541473123486683,4.166121707317073,2.37535141616961
PEI5mgmL_80°C_Des.TXT,PEI5mgmL,80°C,Des,534,1361.275,100.0,332530.0,6.541391404358354,4.167099634146341,2.3742917702120128
PEI5mgmL_80°C_Des.TXT,PEI5mgmL,80°C,Des,535,1366.1750000000002,100.0,332530.0,6.541243099273608,4.168874390243902,2.372368709029706
PEI5mgmL_80°C_Des.TXT,PEI5mgmL,80°C,Des,536,1368.875,100.0,332530.0,6.541161380145279,4.16985231707317,2.3713090630721085
PEI5mgmL_80°C_Des.TXT,PEI5mgmL,80°C,Des,537,1371.475,100.0,332530.0,6.541082687651332,4.1707940243902435,2.3702886632610882
PEI5mgmL_80°C_Des.TXT,PEI5mgmL,80°C,Des,538,1374.1750000000002,100.0,332530.0,6.541000968523003,4.171771951219512,2.369229017303491
PEI5mgmL_80°C_Des.TXT,PEI5mgmL,80°C,Des,539,1376.5749999999998,100.0,332530.0,6.540928329297821,4.172641219512195,2.3682871097856264
PEI5mgmL_80°C_Des.TXT,PEI5mgmL,80°C,Des,540,1379.1750000000002,100.0,332530.0,6.540849636803874,4.173582926829268,2.367266709974606
PEI5mgmL_80°C_Des.TXT,PEI5mgmL,80°C,Des,541,1381.875,100.0,332530.0,6.540767917675545,4.174560853658536,2.3662070640170088
PEI5mgmL_80°C_Des.TXT,PEI5mgmL,80°C,Des,542,1384.375,100.0,332530.0,6.5406922518159805,4.175466341463414,2.3652259103525664
PEI5mgmL_80°C_Des.TXT,PEI5mgmL,80°C,Des,543,1386.875,100.0,332530.0,6.540616585956417,4.176371829268293,2.364244756688124
PEI5mgmL_80°C_Des.TXT,PEI5mgmL,80°C,Des,544,1389.475,100.0,332530.0,6.54053789346247,4.177313536585365,2.3632243568771045
PEI5mgmL_80°C_Des.TXT,PEI5mgmL,80°C,Des,545,1392.1750000000002,100.0,332530.0,6.540456174334141,4.1782914634146335,2.362164710919507
PEI5mgmL_80°C_Des.TXT,PEI5mgmL,80°C,Des,546,1394.775,100.0,332530.0,6.540377481840194,4.179233170731707,2.361144311108487
PEI5mgmL_80°C_Des.TXT,PEI5mgmL,80°C,Des,547,1399.975,100.0,332530.0,6.5402200968523,4.181116585365853,2.359103511486447
PEI5mgmL_80°C_Des.TXT,PEI5mgmL,80°C,Des,548,1402.6750000000002,100.0,332530.0,6.540138377723971,4.182094512195122,2.358043865528849
PEI5mgmL_80°C_Des.TXT,PEI5mgmL,80°C,Des,549,1405.1750000000002,100.0,332530.0,6.540062711864406,4.183,2.3570627118644065
PEI5mgmL_80°C_Des.TXT,PEI5mgmL,80°C,Des,550,1408.1750000000002,100.0,332530.0,6.53997191283293,4.183984146341463,2.3559877664914666
PEI5mgmL_80°C_Des.TXT,PEI5mgmL,80°C,Des,551,1414.775,100.0,332530.0,6.53977215496368,4.186149268292683,2.3536228866709976
PEI5mgmL_80°C_Des.TXT,PEI5mgmL,80°C,Des,552,1422.1750000000002,100.0,332530.0,6.53954818401937,4.188576829268293,2.3509713547510778
PEI5mgmL_80°C_Des.TXT,PEI5mgmL,80°C,Des,553,1430.375,100.0,332530.0,6.5393,4.191266829268293,2.348033170731707
PEI5mgmL_80°C_Des.TXT,PEI5mgmL,80°C,Des,554,1432.875,100.0,332530.0,6.539202200488997,4.192086951219512,2.3471152492694856
PEI5mgmL_80°C_Des.TXT,PEI5mgmL,80°C,Des,555,1435.275,100.0,332530.0,6.539108312958435,4.192874268292683,2.346234044665752
PEI5mgmL_80°C_Des.TXT,PEI5mgmL,80°C,Des,556,1437.875,100.0,332530.0,6.539006601466992,4.1937271951219515,2.345279406345041
PEI5mgmL_80°C_Des.TXT,PEI5mgmL,80°C,Des,557,1440.275,100.0,332530.0,6.53891271393643,4.194514512195122,2.344398201741308
PEI5mgmL_80°C_Des.TXT,PEI5mgmL,80°C,Des,558,1442.875,100.0,332530.0,6.538811002444988,4.19536743902439,2.343443563420598
PEI5mgmL_80°C_Des.TXT,PEI5mgmL,80°C,Des,559,1447.875,100.0,332530.0,6.538615403422983,4.197007682926829,2.341607720496154
PEI5mgmL_80°C_Des.TXT,PEI5mgmL,80°C,Des,560,1450.375,100.0,332530.0,6.538517603911981,4.197827804878049,2.3406897990339317
PEI5mgmL_80°C_Des.TXT,PEI5mgmL,80°C,Des,561,1452.975,100.0,332530.0,6.538415892420538,4.198680731707317,2.3397351607132206
PEI5mgmL_80°C_Des.TXT,PEI5mgmL,80°C,Des,562,1455.6750000000002,100.0,332530.0,6.538310268948655,4.199566463414635,2.338743805534021
PEI5mgmL_80°C_Des.TXT,PEI5mgmL,80°C,Des,563,1458.275,100.0,332530.0,6.538208557457213,4.200419390243902,2.3377891672133106
PEI5mgmL_80°C_Des.TXT,PEI5mgmL,80°C,Des,564,1461.1750000000002,100.0,332530.0,6.53809511002445,4.201370731707317,2.3367243783171334
PEI5mgmL_80°C_Des.TXT,PEI5mgmL,80°C,Des,565,1463.775,100.0,332530.0,6.537993398533008,4.202223658536585,2.3357697399964223
PEI5mgmL_80°C_Des.TXT,PEI5mgmL,80°C,Des,566,1466.375,100.0,332530.0,6.537891687041565,4.203076585365854,2.3348151016757113
PEI5mgmL_80°C_Des.TXT,PEI5mgmL,80°C,Des,567,1469.0749999999998,100.0,332530.0,6.5377860635696825,4.203962317073171,2.3338237464965115
PEI5mgmL_80°C_Des.TXT,PEI5mgmL,80°C,Des,568,1471.775,100.0,332530.0,6.5376804400978,4.204848048780488,2.3328323913173117
PEI5mgmL_80°C_Des.TXT,PEI5mgmL,80°C,Des,569,1474.375,100.0,332530.0,6.537578728606357,4.205700975609756,2.3318777529966015
PEI5mgmL_80°C_Des.TXT,PEI5mgmL,80°C,Des,570,1477.0749999999998,100.0,332530.0,6.537473105134475,4.206586707317073,2.3308863978174017
PEI5mgmL_80°C_Des.TXT,PEI5mgmL,80°C,Des,571,1482.1750000000002,100.0,332530.0,6.53727359413203,4.208259756097561,2.3290138380344683
PEI5mgmL_80°C_Des.TXT,PEI5mgmL,80°C,Des,572,1484.6750000000002,100.0,332530.0,6.537175794621027,4.20907987804878,2.328095916572247
PEI5mgmL_80°C_Des.TXT,PEI5mgmL,80°C,Des,573,1487.1750000000002,100.0,332530.0,6.537077995110025,4.2099,2.3271779951100244
PEI5mgmL_80°C_Des.TXT,PEI5mgmL,80°C,Des,574,1490.0749999999998,100.0,332530.0,6.536964547677262,4.210778144078144,2.3261864035991175
PEI5mgmL_80°C_Des.TXT,PEI5mgmL,80°C,Des,575,1496.5749999999998,100.0,332530.0,6.536710268948656,4.212746398046398,2.323963870902258
PEI5mgmL_80°C_Des.TXT,PEI5mgmL,80°C,Des,576,1504.0749999999998,100.0,332530.0,6.536416870415648,4.21501746031746,2.321399410098188
PEI5mgmL_80°C_Des.TXT,PEI5mgmL,80°C,Des,577,1512.1750000000002,100.0,332530.0,6.5361,4.217470207570208,2.3186297924297925
PEI5mgmL_80°C_Des.TXT,PEI5mgmL,80°C,Des,578,1514.5749999999998,100.0,332530.0,6.5359947624847745,4.218196947496947,2.317797814987827
PEI5mgmL_80°C_Des.TXT,PEI5mgmL,80°C,Des,579,1517.475,100.0,332530.0,6.535867600487211,4.219075091575092,2.316792508912119
PEI5mgmL_80°C_Des.TXT,PEI5mgmL,80°C,Des,580,1520.0749999999998,100.0,332530.0,6.5357535931790505,4.219862393162393,2.315891200016657
PEI5mgmL_80°C_Des.TXT,PEI5mgmL,80°C,Des,581,1522.775,100.0,332530.0,6.535635200974421,4.2206799755799755,2.3149552253944456
PEI5mgmL_80°C_Des.TXT,PEI5mgmL,80°C,Des,582,1525.275,100.0,332530.0,6.535525578562728,4.221436996336997,2.3140885822257315
PEI5mgmL_80°C_Des.TXT,PEI5mgmL,80°C,Des,583,1530.375,100.0,332530.0,6.535301948842875,4.2229813186813185,2.3123206301615564
PEI5mgmL_80°C_Des.TXT,PEI5mgmL,80°C,Des,584,1532.875,100.0,332530.0,6.535192326431182,4.22373833943834,2.3114539869928423
PEI5mgmL_80°C_Des.TXT,PEI5mgmL,80°C,Des,585,1535.5749999999998,100.0,332530.0,6.535073934226553,4.224555921855922,2.310518012370631
PEI5mgmL_80°C_Des.TXT,PEI5mgmL,80°C,Des,586,1538.0749999999998,100.0,332530.0,6.53496431181486,4.225312942612943,2.3096513692019167
PEI5mgmL_80°C_Des.TXT,PEI5mgmL,80°C,Des,587,1540.775,100.0,332530.0,6.534845919610231,4.226130525030525,2.308715394579706
PEI5mgmL_80°C_Des.TXT,PEI5mgmL,80°C,Des,588,1543.275,100.0,332530.0,6.534736297198538,4.226887545787546,2.307848751410992
PEI5mgmL_80°C_Des.TXT,PEI5mgmL,80°C,Des,589,1546.1750000000002,100.0,332530.0,6.5346091352009745,4.22776568986569,2.306843445335285
PEI5mgmL_80°C_Des.TXT,PEI5mgmL,80°C,Des,590,1548.6750000000002,100.0,332530.0,6.5344995127892815,4.228522710622711,2.3059768021665707
PEI5mgmL_80°C_Des.TXT,PEI5mgmL,80°C,Des,591,1551.475,100.0,332530.0,6.534376735688185,4.229370573870574,2.3050061618176114
PEI5mgmL_80°C_Des.TXT,PEI5mgmL,80°C,Des,592,1553.875,100.0,332530.0,6.53427149817296,4.230097313797314,2.304174184375646
PEI5mgmL_80°C_Des.TXT,PEI5mgmL,80°C,Des,593,1556.375,100.0,332530.0,6.534161875761267,4.230854334554334,2.303307541206933
PEI5mgmL_80°C_Des.TXT,PEI5mgmL,80°C,Des,594,1558.875,100.0,332530.0,6.534052253349573,4.2316113553113555,2.302440898038218
PEI5mgmL_80°C_Des.TXT,PEI5mgmL,80°C,Des,595,1563.875,100.0,332530.0,6.533833008526187,4.233125396825397,2.3007076117007905
PEI5mgmL_80°C_Des.TXT,PEI5mgmL,80°C,Des,596,1566.5749999999998,100.0,332530.0,6.533714616321559,4.233942979242979,2.29977163707858
PEI5mgmL_80°C_Des.TXT,PEI5mgmL,80°C,Des,597,1569.0749999999998,100.0,332530.0,6.533604993909866,4.2347,2.298904993909866
PEI5mgmL_80°C_Des.TXT,PEI5mgmL,80°C,Des,598,1571.875,100.0,332530.0,6.533482216808769,4.235478536585366,2.2980036802234034
PEI5mgmL_80°C_Des.TXT,PEI5mgmL,80°C,Des,599,1578.275,100.0,332530.0,6.533201583434836,4.237258048780488,2.2959435346543478
PEI5mgmL_80°C_Des.TXT,PEI5mgmL,80°C,Des,600,1585.875,100.0,332530.0,6.5328683313032885,4.239371219512195,2.293497111791093
PEI5mgmL_80°C_Des.TXT,PEI5mgmL,80°C,Des,601,1594.275,100.0,332530.0,6.5325,4.241706829268293,2.290793170731707
PEI5mgmL_80°C_Des.TXT,PEI5mgmL,80°C,Des,602,1596.775,100.0,332530.0,6.532396214896215,4.242401951219512,2.289994263676703
PEI5mgmL_80°C_Des.TXT,PEI5mgmL,80°C,Des,603,1599.375,100.0,332530.0,6.532288278388278,4.243124878048781,2.289163400339497
PEI5mgmL_80°C_Des.TXT,PEI5mgmL,80°C,Des,604,1601.975,100.0,332530.0,6.532180341880341,4.243847804878049,2.288332537002292
PEI5mgmL_80°C_Des.TXT,PEI5mgmL,80°C,Des,605,1604.6749999999997,100.0,332530.0,6.532068253968253,4.244598536585366,2.287469717382887
PEI5mgmL_80°C_Des.TXT,PEI5mgmL,80°C,Des,606,1607.375,100.0,332530.0,6.531956166056165,4.245349268292683,2.286606897763482
PEI5mgmL_80°C_Des.TXT,PEI5mgmL,80°C,Des,607,1612.375,100.0,332530.0,6.531748595848596,4.246739512195123,2.285009083653473
PEI5mgmL_80°C_Des.TXT,PEI5mgmL,80°C,Des,608,1614.975,100.0,332530.0,6.531640659340659,4.247462439024391,2.284178220316268
PEI5mgmL_80°C_Des.TXT,PEI5mgmL,80°C,Des,609,1617.5749999999998,100.0,332530.0,6.531532722832723,4.248185365853659,2.283347356979064
PEI5mgmL_80°C_Des.TXT,PEI5mgmL,80°C,Des,610,1620.0749999999998,100.0,332530.0,6.531428937728937,4.248880487804878,2.282548449924059
PEI5mgmL_80°C_Des.TXT,PEI5mgmL,80°C,Des,611,1622.6749999999997,100.0,332530.0,6.531321001221001,4.249603414634146,2.281717586586855
PEI5mgmL_80°C_Des.TXT,PEI5mgmL,80°C,Des,612,1625.275,100.0,332530.0,6.531213064713064,4.250326341463415,2.2808867232496493
PEI5mgmL_80°C_Des.TXT,PEI5mgmL,80°C,Des,613,1627.975,100.0,332530.0,6.5311009768009765,4.251077073170732,2.2800239036302443
PEI5mgmL_80°C_Des.TXT,PEI5mgmL,80°C,Des,614,1630.475,100.0,332530.0,6.530997191697192,4.251772195121951,2.2792249965752402
PEI5mgmL_80°C_Des.TXT,PEI5mgmL,80°C,Des,615,1633.275,100.0,332530.0,6.530880952380952,4.252550731707317,2.2783302206736344
PEI5mgmL_80°C_Des.TXT,PEI5mgmL,80°C,Des,616,1635.775,100.0,332530.0,6.530777167277167,4.253245853658537,2.2775313136186295
PEI5mgmL_80°C_Des.TXT,PEI5mgmL,80°C,Des,617,1638.1749999999997,100.0,332530.0,6.530677533577533,4.253913170731708,2.2767643628458254
PEI5mgmL_80°C_Des.TXT,PEI5mgmL,80°C,Des,618,1640.875,100.0,332530.0,6.530565445665445,4.254663902439025,2.2759015432264205
PEI5mgmL_80°C_Des.TXT,PEI5mgmL,80°C,Des,619,1646.0749999999998,100.0,332530.0,6.530349572649572,4.256109756097561,2.2742398165520115
PEI5mgmL_80°C_Des.TXT,PEI5mgmL,80°C,Des,620,1648.475,100.0,332530.0,6.530249938949939,4.256777073170732,2.2734728657792065
PEI5mgmL_80°C_Des.TXT,PEI5mgmL,80°C,Des,621,1651.0749999999998,100.0,332530.0,6.530142002442002,4.2575,2.2726420024420015
PEI5mgmL_80°C_Des.TXT,PEI5mgmL,80°C,Des,622,1653.975,100.0,332530.0,6.530021611721612,4.258227662178703,2.271793949542909
PEI5mgmL_80°C_Des.TXT,PEI5mgmL,80°C,Des,623,1660.375,100.0,332530.0,6.529755921855921,4.259833537331701,2.26992238452422
PEI5mgmL_80°C_Des.TXT,PEI5mgmL,80°C,Des,624,1668.0749999999998,100.0,332530.0,6.5294362637362635,4.261765605875153,2.2676706578611103
PEI5mgmL_80°C_Des.TXT,PEI5mgmL,80°C,Des,625,1676.1749999999997,100.0,332530.0,6.5291,4.263798041615667,2.265301958384333
PEI5mgmL_80°C_Des.TXT,PEI5mgmL,80°C,Des,626,1678.5749999999998,100.0,332530.0,6.528991442542787,4.264400244798042,2.2645911977447453
PEI5mgmL_80°C_Des.TXT,PEI5mgmL,80°C,Des,627,1681.275,100.0,332530.0,6.528869315403423,4.265077723378213,2.2637915920252096
PEI5mgmL_80°C_Des.TXT,PEI5mgmL,80°C,Des,628,1683.875,100.0,332530.0,6.528751711491442,4.265730110159119,2.2630216013323237
PEI5mgmL_80°C_Des.TXT,PEI5mgmL,80°C,Des,629,1686.5749999999998,100.0,332530.0,6.528629584352078,4.26640758873929,2.262221995612788
PEI5mgmL_80°C_Des.TXT,PEI5mgmL,80°C,Des,630,1689.1749999999997,100.0,332530.0,6.528511980440098,4.267059975520196,2.261452004919902
PEI5mgmL_80°C_Des.TXT,PEI5mgmL,80°C,Des,631,1694.375,100.0,332530.0,6.528276772616136,4.268364749082007,2.2599120235341292
PEI5mgmL_80°C_Des.TXT,PEI5mgmL,80°C,Des,632,1696.975,100.0,332530.0,6.528159168704156,4.269017135862913,2.2591420328412433
PEI5mgmL_80°C_Des.TXT,PEI5mgmL,80°C,Des,633,1699.5749999999998,100.0,332530.0,6.528041564792176,4.269669522643818,2.2583720421483573
PEI5mgmL_80°C_Des.TXT,PEI5mgmL,80°C,Des,634,1702.0749999999998,100.0,332530.0,6.527928484107579,4.270296817625459,2.25763166648212
PEI5mgmL_80°C_Des.TXT,PEI5mgmL,80°C,Des,635,1704.6749999999997,100.0,332530.0,6.527810880195599,4.270949204406365,2.256861675789234
PEI5mgmL_80°C_Des.TXT,PEI5mgmL,80°C,Des,636,1707.1749999999997,100.0,332530.0,6.527697799511002,4.271576499388004,2.256121300122998
PEI5mgmL_80°C_Des.TXT,PEI5mgmL,80°C,Des,637,1710.0749999999998,100.0,332530.0,6.5275666259168705,4.272304161566707,2.2552624643501638
PEI5mgmL_80°C_Des.TXT,PEI5mgmL,80°C,Des,638,1712.475,100.0,332530.0,6.527458068459658,4.2729063647490815,2.2545517037105762
PEI5mgmL_80°C_Des.TXT,PEI5mgmL,80°C,Des,639,1715.0749999999998,100.0,332530.0,6.527340464547677,4.273558751529987,2.2537817130176903
PEI5mgmL_80°C_Des.TXT,PEI5mgmL,80°C,Des,640,1717.5749999999998,100.0,332530.0,6.527227383863081,4.274186046511628,2.253041337351453
PEI5mgmL_80°C_Des.TXT,PEI5mgmL,80°C,Des,641,1719.975,100.0,332530.0,6.527118826405868,4.274788249694002,2.2523305767118655
PEI5mgmL_80°C_Des.TXT,PEI5mgmL,80°C,Des,642,1722.6749999999997,100.0,332530.0,6.526996699266504,4.275465728274173,2.251530970992331
PEI5mgmL_80°C_Des.TXT,PEI5mgmL,80°C,Des,643,1727.775,100.0,332530.0,6.526766014669927,4.276745410036719,2.2500206046332076
PEI5mgmL_80°C_Des.TXT,PEI5mgmL,80°C,Des,644,1730.1749999999997,100.0,332530.0,6.526657457212714,4.277347613219094,2.24930984399362
PEI5mgmL_80°C_Des.TXT,PEI5mgmL,80°C,Des,645,1732.775,100.0,332530.0,6.526539853300734,4.278,2.248539853300734
PEI5mgmL_80°C_Des.TXT,PEI5mgmL,80°C,Des,646,1735.6749999999997,100.0,332530.0,6.526408679706601,4.278632409638553,2.247776270068048
PEI5mgmL_80°C_Des.TXT,PEI5mgmL,80°C,Des,647,1742.0749999999998,100.0,332530.0,6.5261191931540345,4.280028072289157,2.246091120864878
PEI5mgmL_80°C_Des.TXT,PEI5mgmL,80°C,Des,648,1749.875,100.0,332530.0,6.5257663814180935,4.281729036144578,2.244037345273515
PEI5mgmL_80°C_Des.TXT,PEI5mgmL,80°C,Des,649,1757.975,100.0,332530.0,6.5254,4.283495421686746,2.241904578313254
PEI5mgmL_80°C_Des.TXT,PEI5mgmL,80°C,Des,650,1760.6749999999997,100.0,332530.0,6.525263043478261,4.28408421686747,2.241178826610791
PEI5mgmL_80°C_Des.TXT,PEI5mgmL,80°C,Des,651,1763.375,100.0,332530.0,6.525126086956522,4.284673012048192,2.24045307490833
PEI5mgmL_80°C_Des.TXT,PEI5mgmL,80°C,Des,652,1766.1749999999997,100.0,332530.0,6.5249840579710146,4.285283614457831,2.2397004435131835
PEI5mgmL_80°C_Des.TXT,PEI5mgmL,80°C,Des,653,1768.5749999999998,100.0,332530.0,6.52486231884058,4.285806987951807,2.2390553308887737
PEI5mgmL_80°C_Des.TXT,PEI5mgmL,80°C,Des,654,1771.475,100.0,332530.0,6.5247152173913046,4.286439397590361,2.2382758198009434
PEI5mgmL_80°C_Des.TXT,PEI5mgmL,80°C,Des,655,1776.475,100.0,332530.0,6.524461594202899,4.287529759036144,2.2369318351667546
PEI5mgmL_80°C_Des.TXT,PEI5mgmL,80°C,Des,656,1779.1749999999997,100.0,332530.0,6.5243246376811594,4.288118554216867,2.2362060834642925
PEI5mgmL_80°C_Des.TXT,PEI5mgmL,80°C,Des,657,1781.775,100.0,332530.0,6.524192753623189,4.2886855421686745,2.2355072114545145
PEI5mgmL_80°C_Des.TXT,PEI5mgmL,80°C,Des,658,1784.475,100.0,332530.0,6.5240557971014494,4.289274337349397,2.2347814597520523
PEI5mgmL_80°C_Des.TXT,PEI5mgmL,80°C,Des,659,1786.875,100.0,332530.0,6.523934057971015,4.289797710843374,2.2341363471276416
PEI5mgmL_80°C_Des.TXT,PEI5mgmL,80°C,Des,660,1789.775,100.0,332530.0,6.5237869565217395,4.290430120481927,2.233356836039812
PEI5mgmL_80°C_Des.TXT,PEI5mgmL,80°C,Des,661,1792.375,100.0,332530.0,6.523655072463768,4.290997108433735,2.2326579640300332
PEI5mgmL_80°C_Des.TXT,PEI5mgmL,80°C,Des,662,1794.975,100.0,332530.0,6.523523188405798,4.291564096385542,2.231959092020255
PEI5mgmL_80°C_Des.TXT,PEI5mgmL,80°C,Des,663,1797.5749999999998,100.0,332530.0,6.523391304347826,4.292131084337349,2.231260220010477
PEI5mgmL_80°C_Des.TXT,PEI5mgmL,80°C,Des,664,1800.275,100.0,332530.0,6.523254347826088,4.2927198795180725,2.230534468308015
PEI5mgmL_80°C_Des.TXT,PEI5mgmL,80°C,Des,665,1802.775,100.0,332530.0,6.523127536231884,4.293265060240964,2.2298624759909202
PEI5mgmL_80°C_Des.TXT,PEI5mgmL,80°C,Des,666,1805.475,100.0,332530.0,6.522990579710145,4.293853855421687,2.229136724288458
PEI5mgmL_80°C_Des.TXT,PEI5mgmL,80°C,Des,667,1810.5749999999998,100.0,332530.0,6.522731884057971,4.294966024096386,2.2277658599615853
PEI5mgmL_80°C_Des.TXT,PEI5mgmL,80°C,Des,668,1813.1749999999997,100.0,332530.0,6.522600000000001,4.2955330120481925,2.227066987951808
PEI5mgmL_80°C_Des.TXT,PEI5mgmL,80°C,Des,669,1815.775,100.0,332530.0,6.522468115942029,4.2961,2.226368115942029
PEI5mgmL_80°C_Des.TXT,PEI5mgmL,80°C,Des,670,1818.6749999999997,100.0,332530.0,6.522321014492754,4.2966834939759035,2.225637520516851
PEI5mgmL_80°C_Des.TXT,PEI5mgmL,80°C,Des,671,1824.975,100.0,332530.0,6.522001449275363,4.29795108433735,2.2240503649380132
PEI5mgmL_80°C_Des.TXT,PEI5mgmL,80°C,Des,672,1832.5749999999998,100.0,332530.0,6.521615942028986,4.299480240963855,2.222135701065131
PEI5mgmL_80°C_Des.TXT,PEI5mgmL,80°C,Des,673,1840.775,100.0,332530.0,6.5212,4.301130120481928,2.220069879518072
PEI5mgmL_80°C_Des.TXT,PEI5mgmL,80°C,Des,674,1843.275,100.0,332530.0,6.521070637785801,4.301633132530121,2.21943750525568
PEI5mgmL_80°C_Des.TXT,PEI5mgmL,80°C,Des,675,1846.0749999999998,100.0,332530.0,6.520925752105897,4.302196506024097,2.2187292460818
PEI5mgmL_80°C_Des.TXT,PEI5mgmL,80°C,Des,676,1848.775,100.0,332530.0,6.520786040914561,4.302739759036145,2.218046281878416
PEI5mgmL_80°C_Des.TXT,PEI5mgmL,80°C,Des,677,1851.375,100.0,332530.0,6.520651504211793,4.303262891566265,2.217388612645528
PEI5mgmL_80°C_Des.TXT,PEI5mgmL,80°C,Des,678,1854.0749999999998,100.0,332530.0,6.520511793020457,4.303806144578314,2.2167056484421437
PEI5mgmL_80°C_Des.TXT,PEI5mgmL,80°C,Des,679,1859.1749999999997,100.0,332530.0,6.52024789410349,4.304832289156627,2.2154156049468634
PEI5mgmL_80°C_Des.TXT,PEI5mgmL,80°C,Des,680,1861.6749999999997,100.0,332530.0,6.52011853188929,4.30533530120482,2.2147832306844704
PEI5mgmL_80°C_Des.TXT,PEI5mgmL,80°C,Des,681,1864.5749999999998,100.0,332530.0,6.519968471720818,4.305918795180723,2.214049676540095
PEI5mgmL_80°C_Des.TXT,PEI5mgmL,80°C,Des,682,1867.375,100.0,332530.0,6.519823586040915,4.306482168674699,2.213341417366216
PEI5mgmL_80°C_Des.TXT,PEI5mgmL,80°C,Des,683,1869.775,100.0,332530.0,6.519699398315283,4.306965060240964,2.212734338074319
PEI5mgmL_80°C_Des.TXT,PEI5mgmL,80°C,Des,684,1872.5749999999998,100.0,332530.0,6.519554512635379,4.30752843373494,2.212026078900439
PEI5mgmL_80°C_Des.TXT,PEI5mgmL,80°C,Des,685,1875.0749999999998,100.0,332530.0,6.5194251504211795,4.308031445783133,2.2113937046380467
PEI5mgmL_80°C_Des.TXT,PEI5mgmL,80°C,Des,686,1877.775,100.0,332530.0,6.519285439229844,4.308574698795181,2.2107107404346626
PEI5mgmL_80°C_Des.TXT,PEI5mgmL,80°C,Des,687,1880.475,100.0,332530.0,6.519145728038508,4.309117951807229,2.2100277762312786
PEI5mgmL_80°C_Des.TXT,PEI5mgmL,80°C,Des,688,1883.275,100.0,332530.0,6.519000842358604,4.309681325301205,2.2093195170573994
PEI5mgmL_80°C_Des.TXT,PEI5mgmL,80°C,Des,689,1885.775,100.0,332530.0,6.518871480144404,4.310184337349398,2.2086871427950063
PEI5mgmL_80°C_Des.TXT,PEI5mgmL,80°C,Des,690,1888.475,100.0,332530.0,6.518731768953068,4.310727590361446,2.2080041785916222
PEI5mgmL_80°C_Des.TXT,PEI5mgmL,80°C,Des,691,1893.375,100.0,332530.0,6.518478219013237,4.311713493975904,2.206764725037333
PEI5mgmL_80°C_Des.TXT,PEI5mgmL,80°C,Des,692,1896.1749999999997,100.0,332530.0,6.5183333333333335,4.31227686746988,2.206056465863454
PEI5mgmL_80°C_Des.TXT,PEI5mgmL,80°C,Des,693,1898.775,100.0,332530.0,6.518198796630566,4.3128,2.2053987966305657
PEI5mgmL_80°C_Des.TXT,PEI5mgmL,80°C,Des,694,1901.6749999999997,100.0,332530.0,6.518048736462093,4.313301503759399,2.2047472327026947
PEI5mgmL_80°C_Des.TXT,PEI5mgmL,80°C,Des,695,1908.0749999999998,100.0,332530.0,6.517717569193742,4.314408270676692,2.20330929851705
PEI5mgmL_80°C_Des.TXT,PEI5mgmL,80°C,Des,696,1915.5749999999998,100.0,332530.0,6.517329482551143,4.315705263157895,2.2016242193932483
PEI5mgmL_80°C_Des.TXT,PEI5mgmL,80°C,Des,697,1923.875,100.0,332530.0,6.5169,4.31714060150376,2.19975939849624
PEI5mgmL_80°C_Des.TXT,PEI5mgmL,80°C,Des,698,1926.375,100.0,332530.0,6.516778125,4.317572932330827,2.199205192669173
PEI5mgmL_80°C_Des.TXT,PEI5mgmL,80°C,Des,699,1929.1749999999997,100.0,332530.0,6.516641625,4.318057142857143,2.1985844821428575
PEI5mgmL_80°C_Des.TXT,PEI5mgmL,80°C,Des,700,1931.775,100.0,332530.0,6.5165148749999995,4.318506766917293,2.198008108082706
PEI5mgmL_80°C_Des.TXT,PEI5mgmL,80°C,Des,701,1934.475,100.0,332530.0,6.51638325,4.318973684210526,2.1974095657894734
PEI5mgmL_80°C_Des.TXT,PEI5mgmL,80°C,Des,702,1937.0749999999998,100.0,332530.0,6.5162565,4.319423308270677,2.196833191729323
PEI5mgmL_80°C_Des.TXT,PEI5mgmL,80°C,Des,703,1942.1749999999997,100.0,332530.0,6.516007875,4.320305263157895,2.195702611842105
PEI5mgmL_80°C_Des.TXT,PEI5mgmL,80°C,Des,704,1944.5749999999998,100.0,332530.0,6.515890875,4.32072030075188,2.1951705742481202
PEI5mgmL_80°C_Des.TXT,PEI5mgmL,80°C,Des,705,1947.275,100.0,332530.0,6.5157592499999994,4.321187218045113,2.1945720319548867
PEI5mgmL_80°C_Des.TXT,PEI5mgmL,80°C,Des,706,1949.775,100.0,332530.0,6.515637375,4.321619548872181,2.194017826127819
PEI5mgmL_80°C_Des.TXT,PEI5mgmL,80°C,Des,707,1952.1749999999997,100.0,332530.0,6.5155203749999995,4.322034586466166,2.1934857885338337
PEI5mgmL_80°C_Des.TXT,PEI5mgmL,80°C,Des,708,1954.875,100.0,332530.0,6.51538875,4.322501503759399,2.192887246240601
PEI5mgmL_80°C_Des.TXT,PEI5mgmL,80°C,Des,709,1957.475,100.0,332530.0,6.515262,4.3229511278195485,2.1923108721804514
PEI5mgmL_80°C_Des.TXT,PEI5mgmL,80°C,Des,710,1960.1749999999997,100.0,332530.0,6.515130375,4.323418045112782,2.191712329887218
PEI5mgmL_80°C_Des.TXT,PEI5mgmL,80°C,Des,711,1962.775,100.0,332530.0,6.515003624999999,4.323867669172932,2.1911359558270673
PEI5mgmL_80°C_Des.TXT,PEI5mgmL,80°C,Des,712,1965.475,100.0,332530.0,6.5148719999999996,4.324334586466166,2.190537413533834
PEI5mgmL_80°C_Des.TXT,PEI5mgmL,80°C,Des,713,1967.975,100.0,332530.0,6.514750125,4.324766917293233,2.189983207706767
PEI5mgmL_80°C_Des.TXT,PEI5mgmL,80°C,Des,714,1970.6749999999997,100.0,332530.0,6.5146185,4.3252338345864665,2.1893846654135336
PEI5mgmL_80°C_Des.TXT,PEI5mgmL,80°C,Des,715,1973.375,100.0,332530.0,6.514486875,4.325700751879699,2.188786123120301
PEI5mgmL_80°C_Des.TXT,PEI5mgmL,80°C,Des,716,1976.0749999999998,100.0,332530.0,6.5143552499999995,4.326167669172932,2.1881875808270674
PEI5mgmL_80°C_Des.TXT,PEI5mgmL,80°C,Des,717,1978.5749999999998,100.0,332530.0,6.514233375,4.3266,2.187633375
PEI5mgmL_80°C_Des.TXT,PEI5mgmL,80°C,Des,718,1981.475,100.0,332530.0,6.514092,4.327028285356696,2.187063714643304
PEI5mgmL_80°C_Des.TXT,PEI5mgmL,80°C,Des,719,1988.0749999999998,100.0,332530.0,6.513770249999999,4.328003003754693,2.185767246245306
PEI5mgmL_80°C_Des.TXT,PEI5mgmL,80°C,Des,720,1995.5749999999998,100.0,332530.0,6.513404625,4.329110638297872,2.1842939867021274
PEI5mgmL_80°C_Des.TXT,PEI5mgmL,80°C,Des,721,2003.875,100.0,332530.0,6.513,4.330336420525657,2.182663579474343
PEI5mgmL_80°C_Des.TXT,PEI5mgmL,80°C,Des,722,2006.375,100.0,332530.0,6.512858845671267,4.33070563204005,2.182153213631217
PEI5mgmL_80°C_Des.TXT,PEI5mgmL,80°C,Des,723,2009.1749999999997,100.0,332530.0,6.512700752823086,4.33111914893617,2.181581603886916
PEI5mgmL_80°C_Des.TXT,PEI5mgmL,80°C,Des,724,2011.775,100.0,332530.0,6.512553952321205,4.331503128911139,2.1810508234100654
PEI5mgmL_80°C_Des.TXT,PEI5mgmL,80°C,Des,725,2014.375,100.0,332530.0,6.512407151819322,4.331887108886107,2.1805200429332148
PEI5mgmL_80°C_Des.TXT,PEI5mgmL,80°C,Des,726,2016.975,100.0,332530.0,6.51226035131744,4.332271088861076,2.179989262456364
PEI5mgmL_80°C_Des.TXT,PEI5mgmL,80°C,Des,727,2022.0749999999998,100.0,332530.0,6.511972396486826,4.333024280350438,2.1789481161363877
PEI5mgmL_80°C_Des.TXT,PEI5mgmL,80°C,Des,728,2024.5749999999998,100.0,332530.0,6.511831242158093,4.333393491864831,2.178437750293262
PEI5mgmL_80°C_Des.TXT,PEI5mgmL,80°C,Des,729,2027.1749999999997,100.0,332530.0,6.511684441656211,4.3337774718398,2.1779069698164113
PEI5mgmL_80°C_Des.TXT,PEI5mgmL,80°C,Des,730,2029.775,100.0,332530.0,6.511537641154328,4.334161451814769,2.17737618933956
PEI5mgmL_80°C_Des.TXT,PEI5mgmL,80°C,Des,731,2032.475,100.0,332530.0,6.511385194479297,4.334560200250313,2.1768249942289843
PEI5mgmL_80°C_Des.TXT,PEI5mgmL,80°C,Des,732,2035.0749999999998,100.0,332530.0,6.511238393977415,4.334944180225282,2.176294213752133
PEI5mgmL_80°C_Des.TXT,PEI5mgmL,80°C,Des,733,2037.875,100.0,332530.0,6.511080301129234,4.335357697121402,2.1757226040078326
PEI5mgmL_80°C_Des.TXT,PEI5mgmL,80°C,Des,734,2040.375,100.0,332530.0,6.510939146800502,4.335726908635794,2.1752122381647077
PEI5mgmL_80°C_Des.TXT,PEI5mgmL,80°C,Des,735,2043.1749999999997,100.0,332530.0,6.510781053952321,4.336140425531915,2.1746406284204065
PEI5mgmL_80°C_Des.TXT,PEI5mgmL,80°C,Des,736,2045.6749999999997,100.0,332530.0,6.510639899623588,4.336509637046308,2.1741302625772807
PEI5mgmL_80°C_Des.TXT,PEI5mgmL,80°C,Des,737,2048.075,100.0,332530.0,6.510504391468005,4.336864080100125,2.1736403113678797
PEI5mgmL_80°C_Des.TXT,PEI5mgmL,80°C,Des,738,2050.6749999999997,100.0,332530.0,6.510357590966123,4.337248060075094,2.173109530891029
PEI5mgmL_80°C_Des.TXT,PEI5mgmL,80°C,Des,739,2053.1749999999997,100.0,332530.0,6.51021643663739,4.337617271589487,2.1725991650479033
PEI5mgmL_80°C_Des.TXT,PEI5mgmL,80°C,Des,740,2055.875,100.0,332530.0,6.510063989962359,4.338016020025031,2.172047969937328
PEI5mgmL_80°C_Des.TXT,PEI5mgmL,80°C,Des,741,2058.475,100.0,332530.0,6.509917189460476,4.3384,2.1715171894604763
PEI5mgmL_80°C_Des.TXT,PEI5mgmL,80°C,Des,742,2061.375,100.0,332530.0,6.509753450439146,4.33876432160804,2.1709891288311063
PEI5mgmL_80°C_Des.TXT,PEI5mgmL,80°C,Des,743,2067.775,100.0,332530.0,6.50939209535759,4.339568341708543,2.1698237536490472
PEI5mgmL_80°C_Des.TXT,PEI5mgmL,80°C,Des,744,2075.375,100.0,332530.0,6.508962986198243,4.34052311557789,2.168439870620354
PEI5mgmL_80°C_Des.TXT,PEI5mgmL,80°C,Des,745,2083.575,100.0,332530.0,6.5085,4.341553266331658,2.1669467336683415
PEI5mgmL_80°C_Des.TXT,PEI5mgmL,80°C,Des,746,2086.1749999999997,100.0,332530.0,6.508372772898369,4.341879899497488,2.1664928734008813
PEI5mgmL_80°C_Des.TXT,PEI5mgmL,80°C,Des,747,2088.875,100.0,332530.0,6.508240652446675,4.342219095477387,2.166021556969288
PEI5mgmL_80°C_Des.TXT,PEI5mgmL,80°C,Des,748,2091.575,100.0,332530.0,6.5081085319949805,4.342558291457286,2.1655502405376943
PEI5mgmL_80°C_Des.TXT,PEI5mgmL,80°C,Des,749,2094.1749999999997,100.0,332530.0,6.50798130489335,4.342884924623116,2.165096380270234
PEI5mgmL_80°C_Des.TXT,PEI5mgmL,80°C,Des,750,2096.875,100.0,332530.0,6.507849184441656,4.343224120603015,2.164625063838641
PEI5mgmL_80°C_Des.TXT,PEI5mgmL,80°C,Des,751,2101.975,100.0,332530.0,6.507599623588456,4.343864824120603,2.1637347994678535
PEI5mgmL_80°C_Des.TXT,PEI5mgmL,80°C,Des,752,2104.375,100.0,332530.0,6.5074821831869505,4.3441663316582915,2.163315851528659
PEI5mgmL_80°C_Des.TXT,PEI5mgmL,80°C,Des,753,2107.075,100.0,332530.0,6.507350062735257,4.344505527638191,2.162844535097066
PEI5mgmL_80°C_Des.TXT,PEI5mgmL,80°C,Des,754,2109.575,100.0,332530.0,6.507227728983689,4.344819597989949,2.1624081309937395
PEI5mgmL_80°C_Des.TXT,PEI5mgmL,80°C,Des,755,2112.1749999999997,100.0,332530.0,6.507100501882057,4.345146231155779,2.1619542707262784
PEI5mgmL_80°C_Des.TXT,PEI5mgmL,80°C,Des,756,2114.775,100.0,332530.0,6.506973274780426,4.345472864321608,2.1615004104588182
PEI5mgmL_80°C_Des.TXT,PEI5mgmL,80°C,Des,757,2117.375,100.0,332530.0,6.5068460476787955,4.345799497487437,2.161046550191358
PEI5mgmL_80°C_Des.TXT,PEI5mgmL,80°C,Des,758,2119.875,100.0,332530.0,6.506723713927227,4.346113567839196,2.1606101460880307
PEI5mgmL_80°C_Des.TXT,PEI5mgmL,80°C,Des,759,2122.6749999999997,100.0,332530.0,6.50658670012547,4.346465326633166,2.160121373492304
PEI5mgmL_80°C_Des.TXT,PEI5mgmL,80°C,Des,760,2125.075,100.0,332530.0,6.506469259723965,4.346766834170854,2.159702425553111
PEI5mgmL_80°C_Des.TXT,PEI5mgmL,80°C,Des,761,2127.575,100.0,332530.0,6.506346925972396,4.347080904522613,2.159266021449783
PEI5mgmL_80°C_Des.TXT,PEI5mgmL,80°C,Des,762,2130.1749999999997,100.0,332530.0,6.5062196988707655,4.347407537688442,2.1588121611823237
PEI5mgmL_80°C_Des.TXT,PEI5mgmL,80°C,Des,763,2132.775,100.0,332530.0,6.506092471769134,4.347734170854271,2.1583583009148626
PEI5mgmL_80°C_Des.TXT,PEI5mgmL,80°C,Des,764,2135.475,100.0,332530.0,6.50596035131744,4.3480733668341705,2.1578869844832695
PEI5mgmL_80°C_Des.TXT,PEI5mgmL,80°C,Des,765,2138.075,100.0,332530.0,6.505833124215809,4.3484,2.1574331242158094
PEI5mgmL_80°C_Des.TXT,PEI5mgmL,80°C,Des,766,2140.975,100.0,332530.0,6.50569121706399,4.34870049937578,2.1569907176882097
PEI5mgmL_80°C_Des.TXT,PEI5mgmL,80°C,Des,767,2147.375,100.0,332530.0,6.5053780426599745,4.349363670411985,2.1560143722479896
PEI5mgmL_80°C_Des.TXT,PEI5mgmL,80°C,Des,768,2155.075,100.0,332530.0,6.505001254705144,4.350161548064919,2.1548397066402254
PEI5mgmL_80°C_Des.TXT,PEI5mgmL,80°C,Des,769,2163.275,100.0,332530.0,6.5046,4.351011235955056,2.153588764044944
PEI5mgmL_80°C_Des.TXT,PEI5mgmL,80°C,Des,770,2165.775,100.0,332530.0,6.504468255959849,4.351270287141074,2.153197968818775
PEI5mgmL_80°C_Des.TXT,PEI5mgmL,80°C,Des,771,2168.375,100.0,332530.0,6.504331242158093,4.3515397003745315,2.1527915417835617
PEI5mgmL_80°C_Des.TXT,PEI5mgmL,80°C,Des,772,2171.075,100.0,332530.0,6.50418895859473,4.3518194756554305,2.1523694829392994
PEI5mgmL_80°C_Des.TXT,PEI5mgmL,80°C,Des,773,2173.875,100.0,332530.0,6.504041405269762,4.35210961298377,2.1519317922859917
PEI5mgmL_80°C_Des.TXT,PEI5mgmL,80°C,Des,774,2176.475,100.0,332530.0,6.503904391468005,4.352379026217228,2.1515253652507766
PEI5mgmL_80°C_Des.TXT,PEI5mgmL,80°C,Des,775,2181.575,100.0,332530.0,6.503635633626097,4.352907490636704,2.1507281429893936
PEI5mgmL_80°C_Des.TXT,PEI5mgmL,80°C,Des,776,2184.375,100.0,332530.0,6.503488080301129,4.353197627965043,2.150290452336086
PEI5mgmL_80°C_Des.TXT,PEI5mgmL,80°C,Des,777,2186.975,100.0,332530.0,6.503351066499373,4.353467041198502,2.149884025300871
PEI5mgmL_80°C_Des.TXT,PEI5mgmL,80°C,Des,778,2189.475,100.0,332530.0,6.503219322459222,4.35372609238452,2.149493230074702
PEI5mgmL_80°C_Des.TXT,PEI5mgmL,80°C,Des,779,2192.075,100.0,332530.0,6.503082308657466,4.353995505617977,2.1490868030394887
PEI5mgmL_80°C_Des.TXT,PEI5mgmL,80°C,Des,780,2194.575,100.0,332530.0,6.502950564617315,4.354254556803995,2.14869600781332
PEI5mgmL_80°C_Des.TXT,PEI5mgmL,80°C,Des,781,2197.1749999999997,100.0,332530.0,6.502813550815558,4.354523970037453,2.148289580778105
PEI5mgmL_80°C_Des.TXT,PEI5mgmL,80°C,Des,782,2199.775,100.0,332530.0,6.5026765370138015,4.354793383270912,2.1478831537428897
PEI5mgmL_80°C_Des.TXT,PEI5mgmL,80°C,Des,783,2202.475,100.0,332530.0,6.502534253450439,4.35507315855181,2.1474610948986292
PEI5mgmL_80°C_Des.TXT,PEI5mgmL,80°C,Des,784,2204.975,100.0,332530.0,6.502402509410288,4.355332209737828,2.1470702996724604
PEI5mgmL_80°C_Des.TXT,PEI5mgmL,80°C,Des,785,2207.775,100.0,332530.0,6.50225495608532,4.355622347066167,2.1466326090191528
PEI5mgmL_80°C_Des.TXT,PEI5mgmL,80°C,Des,786,2210.375,100.0,332530.0,6.502117942283563,4.355891760299626,2.1462261819839377
PEI5mgmL_80°C_Des.TXT,PEI5mgmL,80°C,Des,787,2212.975,100.0,332530.0,6.501980928481807,4.356161173533084,2.1458197549487226
PEI5mgmL_80°C_Des.TXT,PEI5mgmL,80°C,Des,788,2215.375,100.0,332530.0,6.501854454203262,4.3564098626716605,2.145444591531602
PEI5mgmL_80°C_Des.TXT,PEI5mgmL,80°C,Des,789,2218.1749999999997,100.0,332530.0,6.501706900878293,4.3567,2.1450069008782933
PEI5mgmL_80°C_Des.TXT,PEI5mgmL,80°C,Des,790,2220.875,100.0,332530.0,6.501564617314931,4.356905583756345,2.144659033558586
PEI5mgmL_80°C_Des.TXT,PEI5mgmL,80°C,Des,791,2227.1749999999997,100.0,332530.0,6.5012326223337515,4.357385279187818,2.143847343145934
PEI5mgmL_80°C_Des.TXT,PEI5mgmL,80°C,Des,792,2234.775,100.0,332530.0,6.500832120451694,4.3579639593908635,2.1428681610608304
PEI5mgmL_80°C_Des.TXT,PEI5mgmL,80°C,Des,793,2242.975,100.0,332530.0,6.5004,4.3585883248730966,2.1418116751269034
PEI5mgmL_80°C_Des.TXT,PEI5mgmL,80°C,Des,794,2245.375,100.0,332530.0,6.500281368821293,4.358771065989848,2.1415103028314446
PEI5mgmL_80°C_Des.TXT,PEI5mgmL,80°C,Des,795,2247.975,100.0,332530.0,6.500152851711027,4.358969035532995,2.1411838161780317
PEI5mgmL_80°C_Des.TXT,PEI5mgmL,80°C,Des,796,2250.575,100.0,332530.0,6.50002433460076,4.359167005076142,2.140857329524618
PEI5mgmL_80°C_Des.TXT,PEI5mgmL,80°C,Des,797,2253.075,100.0,332530.0,6.499900760456274,4.359357360406092,2.1405434000501824
PEI5mgmL_80°C_Des.TXT,PEI5mgmL,80°C,Des,798,2255.6749999999997,100.0,332530.0,6.4997722433460074,4.359555329949239,2.1402169133967686
PEI5mgmL_80°C_Des.TXT,PEI5mgmL,80°C,Des,799,2260.775,100.0,332530.0,6.499520152091255,4.359943654822335,2.1395764972689193
PEI5mgmL_80°C_Des.TXT,PEI5mgmL,80°C,Des,800,2263.1749999999997,100.0,332530.0,6.4994015209125475,4.360126395939086,2.1392751249734614
PEI5mgmL_80°C_Des.TXT,PEI5mgmL,80°C,Des,801,2265.775,100.0,332530.0,6.499273003802282,4.360324365482233,2.1389486383200484
PEI5mgmL_80°C_Des.TXT,PEI5mgmL,80°C,Des,802,2268.1749999999997,100.0,332530.0,6.4991543726235745,4.360507106598985,2.1386472660245897
PEI5mgmL_80°C_Des.TXT,PEI5mgmL,80°C,Des,803,2270.6749999999997,100.0,332530.0,6.499030798479088,4.360697461928934,2.1383333365501533
PEI5mgmL_80°C_Des.TXT,PEI5mgmL,80°C,Des,804,2273.475,100.0,332530.0,6.498892395437262,4.360910659898478,2.1379817355387845
PEI5mgmL_80°C_Des.TXT,PEI5mgmL,80°C,Des,805,2276.075,100.0,332530.0,6.498763878326996,4.361108629441625,2.1376552488853715
PEI5mgmL_80°C_Des.TXT,PEI5mgmL,80°C,Des,806,2278.475,100.0,332530.0,6.498645247148289,4.361291370558376,2.1373538765899136
PEI5mgmL_80°C_Des.TXT,PEI5mgmL,80°C,Des,807,2281.1749999999997,100.0,332530.0,6.4985117870722435,4.361496954314721,2.1370148327575222
PEI5mgmL_80°C_Des.TXT,PEI5mgmL,80°C,Des,808,2283.575,100.0,332530.0,6.498393155893536,4.361679695431472,2.1367134604620643
PEI5mgmL_80°C_Des.TXT,PEI5mgmL,80°C,Des,809,2286.275,100.0,332530.0,6.498259695817491,4.361885279187818,2.136374416629673
PEI5mgmL_80°C_Des.TXT,PEI5mgmL,80°C,Des,810,2288.875,100.0,332530.0,6.498131178707224,4.362083248730965,2.136047929976259
PEI5mgmL_80°C_Des.TXT,PEI5mgmL,80°C,Des,811,2291.375,100.0,332530.0,6.498007604562738,4.362273604060914,2.1357340005018237
PEI5mgmL_80°C_Des.TXT,PEI5mgmL,80°C,Des,812,2294.075,100.0,332530.0,6.497874144486692,4.362479187817259,2.1353949566694332
PEI5mgmL_80°C_Des.TXT,PEI5mgmL,80°C,Des,813,2296.975,100.0,332530.0,6.497730798479088,4.3627,2.1350307984790877
PEI5mgmL_80°C_Des.TXT,PEI5mgmL,80°C,Des,814,2299.6749999999997,100.0,332530.0,6.497597338403042,4.3628609937888205,2.134736344614222
PEI5mgmL_80°C_Des.TXT,PEI5mgmL,80°C,Des,815,2306.475,100.0,332530.0,6.497261216730038,4.363266459627329,2.133994757102709
PEI5mgmL_80°C_Des.TXT,PEI5mgmL,80°C,Des,816,2314.1749999999997,100.0,332530.0,6.496880608365019,4.363725590062112,2.133155018302907
PEI5mgmL_80°C_Des.TXT,PEI5mgmL,80°C,Des,817,2321.875,100.0,332530.0,6.4965,4.364184720496895,2.1323152795031053
PEI5mgmL_80°C_Des.TXT,PEI5mgmL,80°C,Des,818,2324.275,100.0,332530.0,6.496376167076167,4.3643278260869565,2.1320483409892104
PEI5mgmL_80°C_Des.TXT,PEI5mgmL,80°C,Des,819,2326.875,100.0,332530.0,6.496242014742015,4.364482857142857,2.1317591575991583
PEI5mgmL_80°C_Des.TXT,PEI5mgmL,80°C,Des,820,2329.475,100.0,332530.0,6.496107862407863,4.364637888198758,2.1314699742091046
PEI5mgmL_80°C_Des.TXT,PEI5mgmL,80°C,Des,821,2332.1749999999997,100.0,332530.0,6.49596855036855,4.364798881987578,2.1311696683809727
PEI5mgmL_80°C_Des.TXT,PEI5mgmL,80°C,Des,822,2334.775,100.0,332530.0,6.495834398034398,4.364953913043478,2.1308804849909198
PEI5mgmL_80°C_Des.TXT,PEI5mgmL,80°C,Des,823,2339.975,100.0,332530.0,6.495566093366094,4.36526397515528,2.130302118210814
PEI5mgmL_80°C_Des.TXT,PEI5mgmL,80°C,Des,824,2342.6749999999997,100.0,332530.0,6.495426781326781,4.365424968944099,2.130001812382682
PEI5mgmL_80°C_Des.TXT,PEI5mgmL,80°C,Des,825,2345.375,100.0,332530.0,6.49528746928747,4.365585962732919,2.12970150655455
PEI5mgmL_80°C_Des.TXT,PEI5mgmL,80°C,Des,826,2348.1749999999997,100.0,332530.0,6.495142997542998,4.365752919254659,2.1293900782883393
PEI5mgmL_80°C_Des.TXT,PEI5mgmL,80°C,Des,827,2350.775,100.0,332530.0,6.4950088452088455,4.365907950310559,2.1291008948982864
PEI5mgmL_80°C_Des.TXT,PEI5mgmL,80°C,Des,828,2353.475,100.0,332530.0,6.494869533169533,4.3660689440993785,2.1288005890701545
PEI5mgmL_80°C_Des.TXT,PEI5mgmL,80°C,Des,829,2356.075,100.0,332530.0,6.494735380835381,4.366223975155279,2.1285114056801024
PEI5mgmL_80°C_Des.TXT,PEI5mgmL,80°C,Des,830,2358.775,100.0,332530.0,6.494596068796069,4.366384968944099,2.1282110998519697
PEI5mgmL_80°C_Des.TXT,PEI5mgmL,80°C,Des,831,2361.375,100.0,332530.0,6.494461916461916,4.36654,2.1279219164619168
PEI5mgmL_80°C_Des.TXT,PEI5mgmL,80°C,Des,832,2363.875,100.0,332530.0,6.494332923832924,4.366689068322981,2.127643855509943
PEI5mgmL_80°C_Des.TXT,PEI5mgmL,80°C,Des,833,2366.6749999999997,100.0,332530.0,6.494188452088452,4.36685602484472,2.127332427243732
PEI5mgmL_80°C_Des.TXT,PEI5mgmL,80°C,Des,834,2369.475,100.0,332530.0,6.494043980343981,4.36702298136646,2.127020998977521
PEI5mgmL_80°C_Des.TXT,PEI5mgmL,80°C,Des,835,2372.075,100.0,332530.0,6.493909828009828,4.36717801242236,2.126731815587468
PEI5mgmL_80°C_Des.TXT,PEI5mgmL,80°C,Des,836,2374.875,100.0,332530.0,6.493765356265357,4.367344968944099,2.1264203873212573
PEI5mgmL_80°C_Des.TXT,PEI5mgmL,80°C,Des,837,2377.475,100.0,332530.0,6.493631203931204,4.3675,2.1261312039312044
PEI5mgmL_80°C_Des.TXT,PEI5mgmL,80°C,Des,838,2380.575,100.0,332530.0,6.493471253071253,4.36763012345679,2.1258411296144635
PEI5mgmL_80°C_Des.TXT,PEI5mgmL,80°C,Des,839,2387.1749999999997,100.0,332530.0,6.4931307125307125,4.367907160493827,2.1252235520368856
PEI5mgmL_80°C_Des.TXT,PEI5mgmL,80°C,Des,840,2394.975,100.0,332530.0,6.492728255528256,4.368234567901235,2.1244936876270213
PEI5mgmL_80°C_Des.TXT,PEI5mgmL,80°C,Des,841,2403.275,100.0,332530.0,6.4923,4.368582962962963,2.1237170370370375
PEI5mgmL_80°C_Des.TXT,PEI5mgmL,80°C,Des,842,2405.875,100.0,332530.0,6.492180645161291,4.368692098765432,2.1234885463958593
PEI5mgmL_80°C_Des.TXT,PEI5mgmL,80°C,Des,843,2408.375,100.0,332530.0,6.492065880893301,4.368797037037036,2.1232688438562644
PEI5mgmL_80°C_Des.TXT,PEI5mgmL,80°C,Des,844,2411.1749999999997,100.0,332530.0,6.491937344913151,4.368914567901235,2.1230227770119168
PEI5mgmL_80°C_Des.TXT,PEI5mgmL,80°C,Des,845,2413.575,100.0,332530.0,6.491827171215881,4.369015308641975,2.122811862573906
PEI5mgmL_80°C_Des.TXT,PEI5mgmL,80°C,Des,846,2416.375,100.0,332530.0,6.491698635235732,4.369132839506173,2.1225657957295594
PEI5mgmL_80°C_Des.TXT,PEI5mgmL,80°C,Des,847,2421.375,100.0,332530.0,6.491469106699752,4.369342716049382,2.1221263906503696
PEI5mgmL_80°C_Des.TXT,PEI5mgmL,80°C,Des,848,2423.975,100.0,332530.0,6.491349751861042,4.369451851851852,2.1218979000091904
PEI5mgmL_80°C_Des.TXT,PEI5mgmL,80°C,Des,849,2426.575,100.0,332530.0,6.491230397022333,4.369560987654321,2.121669409368012
PEI5mgmL_80°C_Des.TXT,PEI5mgmL,80°C,Des,850,2429.1749999999997,100.0,332530.0,6.491111042183623,4.36967012345679,2.121440918726833
PEI5mgmL_80°C_Des.TXT,PEI5mgmL,80°C,Des,851,2431.6749999999997,100.0,332530.0,6.490996277915633,4.369775061728395,2.121221216187238
PEI5mgmL_80°C_Des.TXT,PEI5mgmL,80°C,Des,852,2434.475,100.0,332530.0,6.490867741935484,4.369892592592592,2.1209751493428923
PEI5mgmL_80°C_Des.TXT,PEI5mgmL,80°C,Des,853,2437.075,100.0,332530.0,6.490748387096774,4.370001728395062,2.1207466587017123
PEI5mgmL_80°C_Des.TXT,PEI5mgmL,80°C,Des,854,2439.775,100.0,332530.0,6.490624441687345,4.370115061728395,2.12050937995895
PEI5mgmL_80°C_Des.TXT,PEI5mgmL,80°C,Des,855,2442.375,100.0,332530.0,6.490505086848636,4.370224197530864,2.1202808893177716
PEI5mgmL_80°C_Des.TXT,PEI5mgmL,80°C,Des,856,2445.1749999999997,100.0,332530.0,6.490376550868486,4.370341728395061,2.120034822473425
PEI5mgmL_80°C_Des.TXT,PEI5mgmL,80°C,Des,857,2447.775,100.0,332530.0,6.490257196029777,4.37045086419753,2.1198063318322466
PEI5mgmL_80°C_Des.TXT,PEI5mgmL,80°C,Des,858,2450.475,100.0,332530.0,6.490133250620348,4.370564197530864,2.119569053089484
PEI5mgmL_80°C_Des.TXT,PEI5mgmL,80°C,Des,859,2453.075,100.0,332530.0,6.490013895781638,4.370673333333333,2.119340562448304
PEI5mgmL_80°C_Des.TXT,PEI5mgmL,80°C,Des,860,2455.775,100.0,332530.0,6.489889950372208,4.370786666666667,2.1191032837055417
PEI5mgmL_80°C_Des.TXT,PEI5mgmL,80°C,Des,861,2458.475,100.0,332530.0,6.489766004962779,4.3709,2.118866004962779
PEI5mgmL_80°C_Des.TXT,PEI5mgmL,80°C,Des,862,2461.575,100.0,332530.0,6.4896236972704715,4.370973533083645,2.1186501641868265
PEI5mgmL_80°C_Des.TXT,PEI5mgmL,80°C,Des,863,2468.1749999999997,100.0,332530.0,6.489320719602977,4.371130087390761,2.118190632212216
PEI5mgmL_80°C_Des.TXT,PEI5mgmL,80°C,Des,864,2476.1749999999997,100.0,332530.0,6.4889534739454096,4.371319850187266,2.1176336237581435
PEI5mgmL_80°C_Des.TXT,PEI5mgmL,80°C,Des,865,2483.875,100.0,332530.0,6.4886,4.371502496878901,2.117097503121099
PEI5mgmL_80°C_Des.TXT,PEI5mgmL,80°C,Des,866,2486.275,100.0,332530.0,6.4884889999999995,4.3715594257178525,2.116929574282147
PEI5mgmL_80°C_Des.TXT,PEI5mgmL,80°C,Des,867,2489.075,100.0,332530.0,6.4883595,4.371625842696629,2.116733657303371
PEI5mgmL_80°C_Des.TXT,PEI5mgmL,80°C,Des,868,2491.6749999999997,100.0,332530.0,6.48823925,4.371687515605493,2.1165517343945073
PEI5mgmL_80°C_Des.TXT,PEI5mgmL,80°C,Des,869,2494.275,100.0,332530.0,6.488119,4.3717491885143565,2.1163698114856437
PEI5mgmL_80°C_Des.TXT,PEI5mgmL,80°C,Des,870,2496.875,100.0,332530.0,6.48799875,4.371810861423221,2.1161878885767793
PEI5mgmL_80°C_Des.TXT,PEI5mgmL,80°C,Des,871,2501.975,100.0,332530.0,6.487762875,4.371931835205992,2.115831039794007
PEI5mgmL_80°C_Des.TXT,PEI5mgmL,80°C,Des,872,2504.475,100.0,332530.0,6.48764725,4.3719911360799,2.1156561139201004
PEI5mgmL_80°C_Des.TXT,PEI5mgmL,80°C,Des,873,2507.375,100.0,332530.0,6.4875131249999995,4.372059925093633,2.1154531999063666
PEI5mgmL_80°C_Des.TXT,PEI5mgmL,80°C,Des,874,2509.875,100.0,332530.0,6.4873975,4.37211922596754,2.11527827403246
PEI5mgmL_80°C_Des.TXT,PEI5mgmL,80°C,Des,875,2512.575,100.0,332530.0,6.487272625,4.372183270911361,2.1150893540886395
PEI5mgmL_80°C_Des.TXT,PEI5mgmL,80°C,Des,876,2515.1749999999997,100.0,332530.0,6.487152375,4.372244943820225,2.114907431179775
PEI5mgmL_80°C_Des.TXT,PEI5mgmL,80°C,Des,877,2517.875,100.0,332530.0,6.4870275,4.372308988764045,2.114718511235955
PEI5mgmL_80°C_Des.TXT,PEI5mgmL,80°C,Des,878,2520.275,100.0,332530.0,6.4869164999999995,4.372365917602996,2.114550582397004
PEI5mgmL_80°C_Des.TXT,PEI5mgmL,80°C,Des,879,2522.975,100.0,332530.0,6.4867916249999995,4.372429962546816,2.1143616624531836
PEI5mgmL_80°C_Des.TXT,PEI5mgmL,80°C,Des,880,2525.475,100.0,332530.0,6.486676,4.372489263420724,2.114186736579276
PEI5mgmL_80°C_Des.TXT,PEI5mgmL,80°C,Des,881,2527.875,100.0,332530.0,6.486565,4.372546192259676,2.114018807740324
PEI5mgmL_80°C_Des.TXT,PEI5mgmL,80°C,Des,882,2530.6749999999997,100.0,332530.0,6.4864355,4.372612609238452,2.113822890761548
PEI5mgmL_80°C_Des.TXT,PEI5mgmL,80°C,Des,883,2533.1749999999997,100.0,332530.0,6.4863198749999995,4.372671910112359,2.1136479648876403
PEI5mgmL_80°C_Des.TXT,PEI5mgmL,80°C,Des,884,2535.875,100.0,332530.0,6.4861949999999995,4.3727359550561795,2.11345904494382
PEI5mgmL_80°C_Des.TXT,PEI5mgmL,80°C,Des,885,2538.575,100.0,332530.0,6.4860701249999995,4.3728,2.1132701249999997
PEI5mgmL_80°C_Des.TXT,PEI5mgmL,80°C,Des,886,2541.475,100.0,332530.0,6.485936,4.372865495608532,2.1130705043914677
PEI5mgmL_80°C_Des.TXT,PEI5mgmL,80°C,Des,887,2547.875,100.0,332530.0,6.48564,4.373010037641154,2.112629962358846
PEI5mgmL_80°C_Des.TXT,PEI5mgmL,80°C,Des,888,2555.6749999999997,100.0,332530.0,6.48527925,4.373186198243412,2.1120930517565872
PEI5mgmL_80°C_Des.TXT,PEI5mgmL,80°C,Des,889,2563.875,100.0,332530.0,6.4849,4.37337139272271,2.1115286072772896
PEI5mgmL_80°C_Des.TXT,PEI5mgmL,80°C,Des,890,2566.375,100.0,332530.0,6.484795701643489,4.373427854454203,2.1113678471892863
PEI5mgmL_80°C_Des.TXT,PEI5mgmL,80°C,Des,891,2568.875,100.0,332530.0,6.484691403286978,4.373484316185697,2.111207087101281
PEI5mgmL_80°C_Des.TXT,PEI5mgmL,80°C,Des,892,2571.475,100.0,332530.0,6.484582932996207,4.373543036386449,2.111039896609758
PEI5mgmL_80°C_Des.TXT,PEI5mgmL,80°C,Des,893,2574.1749999999997,100.0,332530.0,6.484470290771175,4.373604015056461,2.110866275714714
PEI5mgmL_80°C_Des.TXT,PEI5mgmL,80°C,Des,894,2576.775,100.0,332530.0,6.484361820480404,4.373662735257215,2.1106990852231897
PEI5mgmL_80°C_Des.TXT,PEI5mgmL,80°C,Des,895,2581.875,100.0,332530.0,6.484149051833122,4.373777917189461,2.1103711346436613
PEI5mgmL_80°C_Des.TXT,PEI5mgmL,80°C,Des,896,2584.375,100.0,332530.0,6.484044753476612,4.373834378920954,2.110210374555658
PEI5mgmL_80°C_Des.TXT,PEI5mgmL,80°C,Des,897,2587.075,100.0,332530.0,6.48393211125158,4.373895357590966,2.110036753660614
PEI5mgmL_80°C_Des.TXT,PEI5mgmL,80°C,Des,898,2589.575,100.0,332530.0,6.483827812895069,4.37395181932246,2.1098759935726097
PEI5mgmL_80°C_Des.TXT,PEI5mgmL,80°C,Des,899,2592.1749999999997,100.0,332530.0,6.4837193426042985,4.374010539523212,2.1097088030810864
PEI5mgmL_80°C_Des.TXT,PEI5mgmL,80°C,Des,900,2594.875,100.0,332530.0,6.483606700379267,4.374071518193224,2.1095351821860424
PEI5mgmL_80°C_Des.TXT,PEI5mgmL,80°C,Des,901,2597.475,100.0,332530.0,6.483498230088496,4.3741302383939775,2.1093679916945183
PEI5mgmL_80°C_Des.TXT,PEI5mgmL,80°C,Des,902,2600.075,100.0,332530.0,6.483389759797724,4.37418895859473,2.109200801202994
PEI5mgmL_80°C_Des.TXT,PEI5mgmL,80°C,Des,903,2602.975,100.0,332530.0,6.483268773704172,4.374254454203262,2.1090143195009095
PEI5mgmL_80°C_Des.TXT,PEI5mgmL,80°C,Des,904,2605.375,100.0,332530.0,6.483168647281921,4.3743086574654955,2.108859989816426
PEI5mgmL_80°C_Des.TXT,PEI5mgmL,80°C,Des,905,2607.875,100.0,332530.0,6.483064348925411,4.374365119196988,2.1086992297284226
PEI5mgmL_80°C_Des.TXT,PEI5mgmL,80°C,Des,906,2610.475,100.0,332530.0,6.482955878634639,4.374423839397742,2.1085320392368976
PEI5mgmL_80°C_Des.TXT,PEI5mgmL,80°C,Des,907,2613.075,100.0,332530.0,6.4828474083438685,4.374482559598494,2.1083648487453743
PEI5mgmL_80°C_Des.TXT,PEI5mgmL,80°C,Des,908,2615.775,100.0,332530.0,6.482734766118837,4.374543538268507,2.1081912278503294
PEI5mgmL_80°C_Des.TXT,PEI5mgmL,80°C,Des,909,2618.275,100.0,332530.0,6.482630467762326,4.3746,2.108030467762326
PEI5mgmL_80°C_Des.TXT,PEI5mgmL,80°C,Des,910,2620.975,100.0,332530.0,6.482517825537295,4.374589824120603,2.107928001416692
PEI5mgmL_80°C_Des.TXT,PEI5mgmL,80°C,Des,911,2627.475,100.0,332530.0,6.482246649810366,4.374565326633165,2.107681323177201
PEI5mgmL_80°C_Des.TXT,PEI5mgmL,80°C,Des,912,2635.075,100.0,332530.0,6.481929582806574,4.374536683417086,2.107392899389488
PEI5mgmL_80°C_Des.TXT,PEI5mgmL,80°C,Des,913,2642.975,100.0,332530.0,6.4816,4.374506909547739,2.1070930904522616
PEI5mgmL_80°C_Des.TXT,PEI5mgmL,80°C,Des,914,2645.575,100.0,332530.0,6.481479448621554,4.374497110552764,2.10698233806879
PEI5mgmL_80°C_Des.TXT,PEI5mgmL,80°C,Des,915,2648.075,100.0,332530.0,6.481363533834586,4.374487688442211,2.1068758453923753
PEI5mgmL_80°C_Des.TXT,PEI5mgmL,80°C,Des,916,2650.875,100.0,332530.0,6.481233709273183,4.374477135678392,2.106756573594791
PEI5mgmL_80°C_Des.TXT,PEI5mgmL,80°C,Des,917,2653.375,100.0,332530.0,6.481117794486216,4.37446771356784,2.106650080918376
PEI5mgmL_80°C_Des.TXT,PEI5mgmL,80°C,Des,918,2656.1749999999997,100.0,332530.0,6.480987969924812,4.37445716080402,2.106530809120792
PEI5mgmL_80°C_Des.TXT,PEI5mgmL,80°C,Des,919,2661.475,100.0,332530.0,6.480742230576442,4.374437185929648,2.1063050446467937
PEI5mgmL_80°C_Des.TXT,PEI5mgmL,80°C,Des,920,2663.975,100.0,332530.0,6.480626315789474,4.374427763819096,2.106198551970378
PEI5mgmL_80°C_Des.TXT,PEI5mgmL,80°C,Des,921,2666.6749999999997,100.0,332530.0,6.480501127819549,4.374417587939698,2.106083539879851
PEI5mgmL_80°C_Des.TXT,PEI5mgmL,80°C,Des,922,2669.275,100.0,332530.0,6.480380576441103,4.3744077889447235,2.1059727874963796
PEI5mgmL_80°C_Des.TXT,PEI5mgmL,80°C,Des,923,2671.775,100.0,332530.0,6.480264661654135,4.37439836683417,2.1058662948199647
PEI5mgmL_80°C_Des.TXT,PEI5mgmL,80°C,Des,924,2674.375,100.0,332530.0,6.480144110275689,4.374388567839196,2.1057555424364933
PEI5mgmL_80°C_Des.TXT,PEI5mgmL,80°C,Des,925,2676.975,100.0,332530.0,6.480023558897243,4.374378768844221,2.105644790053022
PEI5mgmL_80°C_Des.TXT,PEI5mgmL,80°C,Des,926,2679.475,100.0,332530.0,6.479907644110276,4.374369346733668,2.105538297376608
PEI5mgmL_80°C_Des.TXT,PEI5mgmL,80°C,Des,927,2682.1749999999997,100.0,332530.0,6.479782456140351,4.374359170854271,2.10542328528608
PEI5mgmL_80°C_Des.TXT,PEI5mgmL,80°C,Des,928,2684.575,100.0,332530.0,6.479671177944862,4.3743501256281405,2.1053210523167216
PEI5mgmL_80°C_Des.TXT,PEI5mgmL,80°C,Des,929,2687.1749999999997,100.0,332530.0,6.479550626566416,4.374340326633166,2.1052102999332503
PEI5mgmL_80°C_Des.TXT,PEI5mgmL,80°C,Des,930,2689.775,100.0,332530.0,6.47943007518797,4.3743305276381905,2.10509954754978
PEI5mgmL_80°C_Des.TXT,PEI5mgmL,80°C,Des,931,2692.475,100.0,332530.0,6.479304887218046,4.374320351758794,2.104984535459252
PEI5mgmL_80°C_Des.TXT,PEI5mgmL,80°C,Des,932,2694.875,100.0,332530.0,6.479193609022556,4.374311306532663,2.1048823024898935
PEI5mgmL_80°C_Des.TXT,PEI5mgmL,80°C,Des,933,2697.875,100.0,332530.0,6.479054511278195,4.3743,2.1047545112781956
PEI5mgmL_80°C_Des.TXT,PEI5mgmL,80°C,Des,934,2700.575,100.0,332530.0,6.478929323308271,4.3742523929471036,2.104676930361167
PEI5mgmL_80°C_Des.TXT,PEI5mgmL,80°C,Des,935,2707.1749999999997,100.0,332530.0,6.478623308270676,4.374136020151133,2.104487288119543
PEI5mgmL_80°C_Des.TXT,PEI5mgmL,80°C,Des,936,2714.875,100.0,332530.0,6.478266290726817,4.374000251889169,2.1042660388376486
PEI5mgmL_80°C_Des.TXT,PEI5mgmL,80°C,Des,937,2722.775,100.0,332530.0,6.4779,4.373860957178841,2.1040390428211593
PEI5mgmL_80°C_Des.TXT,PEI5mgmL,80°C,Des,938,2725.275,100.0,332530.0,6.477805422446406,4.373816876574307,2.103988545872099
PEI5mgmL_80°C_Des.TXT,PEI5mgmL,80°C,Des,939,2727.775,100.0,332530.0,6.477710844892812,4.373772795969773,2.1039380489230384
PEI5mgmL_80°C_Des.TXT,PEI5mgmL,80°C,Des,940,2730.475,100.0,332530.0,6.477608701134931,4.373725188916876,2.1038835122180544
PEI5mgmL_80°C_Des.TXT,PEI5mgmL,80°C,Des,941,2732.875,100.0,332530.0,6.47751790668348,4.3736828715365235,2.1038350351469566
PEI5mgmL_80°C_Des.TXT,PEI5mgmL,80°C,Des,942,2735.775,100.0,332530.0,6.477408196721312,4.3736317380352645,2.1037764586860472
PEI5mgmL_80°C_Des.TXT,PEI5mgmL,80°C,Des,943,2740.775,100.0,332530.0,6.4772190416141235,4.373543576826196,2.103675464787927
PEI5mgmL_80°C_Des.TXT,PEI5mgmL,80°C,Des,944,2743.375,100.0,332530.0,6.477120680958386,4.373497732997481,2.103622947960905
PEI5mgmL_80°C_Des.TXT,PEI5mgmL,80°C,Des,945,2745.875,100.0,332530.0,6.477026103404792,4.373453652392946,2.1035724510118454
PEI5mgmL_80°C_Des.TXT,PEI5mgmL,80°C,Des,946,2748.6749999999997,100.0,332530.0,6.476920176544767,4.373404282115868,2.1035158944288987
PEI5mgmL_80°C_Des.TXT,PEI5mgmL,80°C,Des,947,2751.075,100.0,332530.0,6.4768293820933165,4.373361964735516,2.1034674173578
PEI5mgmL_80°C_Des.TXT,PEI5mgmL,80°C,Des,948,2753.775,100.0,332530.0,6.476727238335435,4.373314357682619,2.103412880652816
PEI5mgmL_80°C_Des.TXT,PEI5mgmL,80°C,Des,949,2756.375,100.0,332530.0,6.476628877679698,4.373268513853904,2.103360363825794
PEI5mgmL_80°C_Des.TXT,PEI5mgmL,80°C,Des,950,2758.775,100.0,332530.0,6.476538083228247,4.373226196473551,2.103311886754696
PEI5mgmL_80°C_Des.TXT,PEI5mgmL,80°C,Des,951,2761.375,100.0,332530.0,6.476439722572509,4.373180352644836,2.103259369927674
PEI5mgmL_80°C_Des.TXT,PEI5mgmL,80°C,Des,952,2763.875,100.0,332530.0,6.476345145018915,4.373136272040302,2.1032088729786134
PEI5mgmL_80°C_Des.TXT,PEI5mgmL,80°C,Des,953,2766.575,100.0,332530.0,6.476243001261034,4.373088664987405,2.1031543362736294
PEI5mgmL_80°C_Des.TXT,PEI5mgmL,80°C,Des,954,2769.075,100.0,332530.0,6.47614842370744,4.373044584382871,2.103103839324569
PEI5mgmL_80°C_Des.TXT,PEI5mgmL,80°C,Des,955,2771.875,100.0,332530.0,6.476042496847414,4.372995214105793,2.1030472827416213
PEI5mgmL_80°C_Des.TXT,PEI5mgmL,80°C,Des,956,2774.375,100.0,332530.0,6.475947919293821,4.372951133501259,2.1029967857925618
PEI5mgmL_80°C_Des.TXT,PEI5mgmL,80°C,Des,957,2777.275,100.0,332530.0,6.475838209331652,4.3729,2.1029382093316524
PEI5mgmL_80°C_Des.TXT,PEI5mgmL,80°C,Des,958,2780.075,100.0,332530.0,6.475732282471626,4.372823573200992,2.1029087092706344
PEI5mgmL_80°C_Des.TXT,PEI5mgmL,80°C,Des,959,2786.6749999999997,100.0,332530.0,6.475482597730139,4.3726434243176175,2.102839173412521
PEI5mgmL_80°C_Des.TXT,PEI5mgmL,80°C,Des,960,2794.375,100.0,332530.0,6.475191298865069,4.372433250620347,2.1027580482447226
PEI5mgmL_80°C_Des.TXT,PEI5mgmL,80°C,Des,961,2802.075,100.0,332530.0,6.4749,4.372223076923077,2.102676923076923
PEI5mgmL_80°C_Des.TXT,PEI5mgmL,80°C,Des,962,2804.975,100.0,332530.0,6.47477797029703,4.3721439205955335,2.1026340497014964
PEI5mgmL_80°C_Des.TXT,PEI5mgmL,80°C,Des,963,2807.375,100.0,332530.0,6.474676980198019,4.37207841191067,2.102598568287349
PEI5mgmL_80°C_Des.TXT,PEI5mgmL,80°C,Des,964,2809.975,100.0,332530.0,6.474567574257426,4.372007444168735,2.1025601300886914
PEI5mgmL_80°C_Des.TXT,PEI5mgmL,80°C,Des,965,2812.575,100.0,332530.0,6.474458168316832,4.371936476426799,2.1025216918900327
PEI5mgmL_80°C_Des.TXT,PEI5mgmL,80°C,Des,966,2815.1749999999997,100.0,332530.0,6.474348762376238,4.371865508684864,2.102483253691374
PEI5mgmL_80°C_Des.TXT,PEI5mgmL,80°C,Des,967,2820.375,100.0,332530.0,6.474129950495049,4.371723573200993,2.1024063772940567
PEI5mgmL_80°C_Des.TXT,PEI5mgmL,80°C,Des,968,2822.975,100.0,332530.0,6.474020544554455,4.371652605459057,2.102367939095398
PEI5mgmL_80°C_Des.TXT,PEI5mgmL,80°C,Des,969,2825.575,100.0,332530.0,6.473911138613861,4.371581637717122,2.1023295008967393
PEI5mgmL_80°C_Des.TXT,PEI5mgmL,80°C,Des,970,2828.1749999999997,100.0,332530.0,6.473801732673267,4.371510669975186,2.1022910626980806
PEI5mgmL_80°C_Des.TXT,PEI5mgmL,80°C,Des,971,2830.775,100.0,332530.0,6.473692326732673,4.371439702233251,2.102252624499422
PEI5mgmL_80°C_Des.TXT,PEI5mgmL,80°C,Des,972,2833.6749999999997,100.0,332530.0,6.473570297029703,4.371360545905707,2.102209751123995
PEI5mgmL_80°C_Des.TXT,PEI5mgmL,80°C,Des,973,2836.275,100.0,332530.0,6.4734608910891085,4.371289578163772,2.1021713129253365
PEI5mgmL_80°C_Des.TXT,PEI5mgmL,80°C,Des,974,2838.975,100.0,332530.0,6.473347277227723,4.3712158808933,2.102131396334423
PEI5mgmL_80°C_Des.TXT,PEI5mgmL,80°C,Des,975,2841.575,100.0,332530.0,6.473237871287129,4.371144913151364,2.1020929581357644
PEI5mgmL_80°C_Des.TXT,PEI5mgmL,80°C,Des,976,2844.1749999999997,100.0,332530.0,6.473128465346535,4.37107394540943,2.102054519937105
PEI5mgmL_80°C_Des.TXT,PEI5mgmL,80°C,Des,977,2846.875,100.0,332530.0,6.473014851485148,4.371000248138958,2.1020146033461904
PEI5mgmL_80°C_Des.TXT,PEI5mgmL,80°C,Des,978,2849.775,100.0,332530.0,6.472892821782178,4.3709210918114145,2.1019717299707636
PEI5mgmL_80°C_Des.TXT,PEI5mgmL,80°C,Des,979,2852.375,100.0,332530.0,6.472783415841584,4.370850124069479,2.101933291772105
PEI5mgmL_80°C_Des.TXT,PEI5mgmL,80°C,Des,980,2855.1749999999997,100.0,332530.0,6.472665594059406,4.370773697270471,2.101891896788935
PEI5mgmL_80°C_Des.TXT,PEI5mgmL,80°C,Des,981,2857.875,100.0,332530.0,6.47255198019802,4.3707,2.1018519801980196
PEI5mgmL_80°C_Des.TXT,PEI5mgmL,80°C,Des,982,2860.6749999999997,100.0,332530.0,6.472434158415841,4.3706016311166875,2.1018325272991536
PEI5mgmL_80°C_Des.TXT,PEI5mgmL,80°C,Des,983,2867.075,100.0,332530.0,6.472164851485148,4.3703767879548305,2.101788063530318
PEI5mgmL_80°C_Des.TXT,PEI5mgmL,80°C,Des,984,2874.6749999999997,100.0,332530.0,6.47184504950495,4.370109786700126,2.1017352628048247
PEI5mgmL_80°C_Des.TXT,PEI5mgmL,80°C,Des,985,2882.875,100.0,332530.0,6.4715,4.369821706398996,2.1016782936010037
PEI5mgmL_80°C_Des.TXT,PEI5mgmL,80°C,Des,986,2885.375,100.0,332530.0,6.4714125,4.369733877038896,2.1016786229611037
PEI5mgmL_80°C_Des.TXT,PEI5mgmL,80°C,Des,987,2888.1749999999997,100.0,332530.0,6.4713145,4.369635508155583,2.101678991844417
PEI5mgmL_80°C_Des.TXT,PEI5mgmL,80°C,Des,988,2890.775,100.0,332530.0,6.4712235,4.369544165621079,2.101679334378921
PEI5mgmL_80°C_Des.TXT,PEI5mgmL,80°C,Des,989,2893.375,100.0,332530.0,6.4711324999999995,4.369452823086575,2.1016796769134247
PEI5mgmL_80°C_Des.TXT,PEI5mgmL,80°C,Des,990,2895.975,100.0,332530.0,6.4710415,4.369361480552071,2.1016800194479295
PEI5mgmL_80°C_Des.TXT,PEI5mgmL,80°C,Des,991,2901.075,100.0,332530.0,6.470863,4.369182308657465,2.1016806913425343
PEI5mgmL_80°C_Des.TXT,PEI5mgmL,80°C,Des,992,2903.475,100.0,332530.0,6.470779,4.369097992471769,2.1016810075282315
PEI5mgmL_80°C_Des.TXT,PEI5mgmL,80°C,Des,993,2906.1749999999997,100.0,332530.0,6.4706845,4.369003136762861,2.101681363237139
PEI5mgmL_80°C_Des.TXT,PEI5mgmL,80°C,Des,994,2908.775,100.0,332530.0,6.4705935,4.368911794228357,2.101681705771643
PEI5mgmL_80°C_Des.TXT,PEI5mgmL,80°C,Des,995,2911.475,100.0,332530.0,6.470499,4.368816938519448,2.1016820614805525
PEI5mgmL_80°C_Des.TXT,PEI5mgmL,80°C,Des,996,2914.075,100.0,332530.0,6.470408,4.368725595984944,2.1016824040150563
PEI5mgmL_80°C_Des.TXT,PEI5mgmL,80°C,Des,997,2916.875,100.0,332530.0,6.47031,4.368627227101631,2.1016827728983687
PEI5mgmL_80°C_Des.TXT,PEI5mgmL,80°C,Des,998,2919.375,100.0,332530.0,6.4702225,4.3685393977415305,2.1016831022584697
PEI5mgmL_80°C_Des.TXT,PEI5mgmL,80°C,Des,999,2922.1749999999997,100.0,332530.0,6.4701245,4.368441028858218,2.101683471141782
PEI5mgmL_80°C_Des.TXT,PEI5mgmL,80°C,Des,1000,2924.6749999999997,100.0,332530.0,6.470037,4.3683531994981175,2.101683800501882
PEI5mgmL_80°C_Des.TXT,PEI5mgmL,80°C,Des,1001,2927.075,100.0,332530.0,6.469953,4.368268883312421,2.1016841166875793
PEI5mgmL_80°C_Des.TXT,PEI5mgmL,80°C,Des,1002,2929.775,100.0,332530.0,6.4698585,4.368174027603513,2.101684472396487
PEI5mgmL_80°C_Des.TXT,PEI5mgmL,80°C,Des,1003,2932.275,100.0,332530.0,6.469771,4.368086198243413,2.101684801756587
PEI5mgmL_80°C_Des.TXT,PEI5mgmL,80°C,Des,1004,2934.975,100.0,332530.0,6.4696765,4.367991342534504,2.1016851574654964
PEI5mgmL_80°C_Des.TXT,PEI5mgmL,80°C,Des,1005,2937.575,100.0,332530.0,6.4695855,4.3679,2.1016855000000003
PEI5mgmL_80°C_Des.TXT,PEI5mgmL,80°C,Des,1006,2940.275,100.0,332530.0,6.469491,4.367788485607009,2.101702514392991
PEI5mgmL_80°C_Des.TXT,PEI5mgmL,80°C,Des,1007,2946.6749999999997,100.0,332530.0,6.469267,4.367524155193992,2.101742844806008
PEI5mgmL_80°C_Des.TXT,PEI5mgmL,80°C,Des,1008,2954.375,100.0,332530.0,6.4689975,4.3672061326658325,2.101791367334168
PEI5mgmL_80°C_Des.TXT,PEI5mgmL,80°C,Des,1009,2962.875,100.0,332530.0,6.4687,4.366855068836045,2.1018449311639555
PEI5mgmL_80°C_Des.TXT,PEI5mgmL,80°C,Des,1010,2965.275,100.0,332530.0,6.468618796992481,4.366755944931164,2.101862852061317
PEI5mgmL_80°C_Des.TXT,PEI5mgmL,80°C,Des,1011,2967.975,100.0,332530.0,6.468527443609022,4.366644430538172,2.10188301307085
PEI5mgmL_80°C_Des.TXT,PEI5mgmL,80°C,Des,1012,2970.575,100.0,332530.0,6.468439473684211,4.366537046307885,2.1019024273763263
PEI5mgmL_80°C_Des.TXT,PEI5mgmL,80°C,Des,1013,2973.475,100.0,332530.0,6.468341353383459,4.366417271589487,2.101924081793972
PEI5mgmL_80°C_Des.TXT,PEI5mgmL,80°C,Des,1014,2976.075,100.0,332530.0,6.468253383458647,4.366309887359199,2.101943496099448
PEI5mgmL_80°C_Des.TXT,PEI5mgmL,80°C,Des,1015,2981.1749999999997,100.0,332530.0,6.468080827067669,4.366099249061326,2.1019815780063427
PEI5mgmL_80°C_Des.TXT,PEI5mgmL,80°C,Des,1016,2983.775,100.0,332530.0,6.467992857142857,4.365991864831039,2.102000992311818
PEI5mgmL_80°C_Des.TXT,PEI5mgmL,80°C,Des,1017,2986.375,100.0,332530.0,6.467904887218046,4.365884480600751,2.102020406617295
PEI5mgmL_80°C_Des.TXT,PEI5mgmL,80°C,Des,1018,2988.875,100.0,332530.0,6.46782030075188,4.365781226533167,2.1020390742187134
PEI5mgmL_80°C_Des.TXT,PEI5mgmL,80°C,Des,1019,2991.575,100.0,332530.0,6.467728947368421,4.365669712140175,2.1020592352282463
PEI5mgmL_80°C_Des.TXT,PEI5mgmL,80°C,Des,1020,2994.1749999999997,100.0,332530.0,6.467640977443609,4.365562327909887,2.1020786495337216
PEI5mgmL_80°C_Des.TXT,PEI5mgmL,80°C,Des,1021,2996.875,100.0,332530.0,6.46754962406015,4.365450813516897,2.1020988105432536
PEI5mgmL_80°C_Des.TXT,PEI5mgmL,80°C,Des,1022,2999.375,100.0,332530.0,6.4674650375939855,4.365347559449312,2.102117478144674
PEI5mgmL_80°C_Des.TXT,PEI5mgmL,80°C,Des,1023,3001.975,100.0,332530.0,6.467377067669173,4.365240175219024,2.102136892450149
PEI5mgmL_80°C_Des.TXT,PEI5mgmL,80°C,Des,1024,3004.575,100.0,332530.0,6.467289097744361,4.365132790988736,2.1021563067556253
PEI5mgmL_80°C_Des.TXT,PEI5mgmL,80°C,Des,1025,3007.075,100.0,332530.0,6.4672045112781955,4.365029536921152,2.1021749743570437
PEI5mgmL_80°C_Des.TXT,PEI5mgmL,80°C,Des,1026,3009.6749999999997,100.0,332530.0,6.467116541353383,4.3649221526908635,2.10219438866252
PEI5mgmL_80°C_Des.TXT,PEI5mgmL,80°C,Des,1027,3012.1749999999997,100.0,332530.0,6.467031954887219,4.364818898623279,2.102213056263939
PEI5mgmL_80°C_Des.TXT,PEI5mgmL,80°C,Des,1028,3014.875,100.0,332530.0,6.46694060150376,4.364707384230288,2.102233217273472
PEI5mgmL_80°C_Des.TXT,PEI5mgmL,80°C,Des,1029,3017.475,100.0,332530.0,6.466852631578948,4.3646,2.1022526315789474
PEI5mgmL_80°C_Des.TXT,PEI5mgmL,80°C,Des,1030,3020.475,100.0,332530.0,6.466751127819549,4.364450931677019,2.1023001961425303
PEI5mgmL_80°C_Des.TXT,PEI5mgmL,80°C,Des,1031,3026.875,100.0,332530.0,6.466534586466166,4.364132919254659,2.102401667211507
PEI5mgmL_80°C_Des.TXT,PEI5mgmL,80°C,Des,1032,3034.375,100.0,332530.0,6.46628082706767,4.363760248447205,2.1025205786204646
PEI5mgmL_80°C_Des.TXT,PEI5mgmL,80°C,Des,1033,3042.6749999999997,100.0,332530.0,6.466,4.363347826086956,2.102652173913044
PEI5mgmL_80°C_Des.TXT,PEI5mgmL,80°C,Des,1034,3045.1749999999997,100.0,332530.0,6.465918952618454,4.363223602484472,2.102695350133982
PEI5mgmL_80°C_Des.TXT,PEI5mgmL,80°C,Des,1035,3047.875,100.0,332530.0,6.465831421446384,4.363089440993789,2.1027419804525955
PEI5mgmL_80°C_Des.TXT,PEI5mgmL,80°C,Des,1036,3050.575,100.0,332530.0,6.4657438902743145,4.3629552795031055,2.102788610771209
PEI5mgmL_80°C_Des.TXT,PEI5mgmL,80°C,Des,1037,3053.375,100.0,332530.0,6.465653117206982,4.362816149068323,2.10283696813866
PEI5mgmL_80°C_Des.TXT,PEI5mgmL,80°C,Des,1038,3055.975,100.0,332530.0,6.465568827930174,4.362686956521739,2.102881871408435
PEI5mgmL_80°C_Des.TXT,PEI5mgmL,80°C,Des,1039,3061.275,100.0,332530.0,6.465397007481297,4.362423602484472,2.102973404996825
PEI5mgmL_80°C_Des.TXT,PEI5mgmL,80°C,Des,1040,3064.075,100.0,332530.0,6.465306234413966,4.36228447204969,2.1030217623642757
PEI5mgmL_80°C_Des.TXT,PEI5mgmL,80°C,Des,1041,3066.775,100.0,332530.0,6.465218703241895,4.362150310559006,2.1030683926828893
PEI5mgmL_80°C_Des.TXT,PEI5mgmL,80°C,Des,1042,3069.375,100.0,332530.0,6.465134413965087,4.362021118012422,2.1031132959526646
PEI5mgmL_80°C_Des.TXT,PEI5mgmL,80°C,Des,1043,3071.775,100.0,332530.0,6.465056608478803,4.361901863354038,2.1031547451247654
PEI5mgmL_80°C_Des.TXT,PEI5mgmL,80°C,Des,1044,3074.475,100.0,332530.0,6.464969077306733,4.361767701863354,2.10320137544338
PEI5mgmL_80°C_Des.TXT,PEI5mgmL,80°C,Des,1045,3077.075,100.0,332530.0,6.464884788029925,4.36163850931677,2.103246278713155
PEI5mgmL_80°C_Des.TXT,PEI5mgmL,80°C,Des,1046,3079.575,100.0,332530.0,6.464803740648379,4.361514285714286,2.1032894549340932
PEI5mgmL_80°C_Des.TXT,PEI5mgmL,80°C,Des,1047,3082.1749999999997,100.0,332530.0,6.464719451371571,4.361385093167701,2.1033343582038695
PEI5mgmL_80°C_Des.TXT,PEI5mgmL,80°C,Des,1048,3084.6749999999997,100.0,332530.0,6.464638403990025,4.361260869565217,2.1033775344248085
PEI5mgmL_80°C_Des.TXT,PEI5mgmL,80°C,Des,1049,3087.1749999999997,100.0,332530.0,6.464557356608479,4.361136645962733,2.1034207106457457
PEI5mgmL_80°C_Des.TXT,PEI5mgmL,80°C,Des,1050,3090.075,100.0,332530.0,6.464463341645885,4.360992546583851,2.1034707950620346
PEI5mgmL_80°C_Des.TXT,PEI5mgmL,80°C,Des,1051,3092.6749999999997,100.0,332530.0,6.464379052369077,4.360863354037267,2.10351569833181
PEI5mgmL_80°C_Des.TXT,PEI5mgmL,80°C,Des,1052,3095.075,100.0,332530.0,6.464301246882793,4.3607440993788815,2.1035571475039117
PEI5mgmL_80°C_Des.TXT,PEI5mgmL,80°C,Des,1053,3097.975,100.0,332530.0,6.4642072319201995,4.3606,2.1036072319201997
PEI5mgmL_80°C_Des.TXT,PEI5mgmL,80°C,Des,1054,3100.6749999999997,100.0,332530.0,6.46411970074813,4.360453778337531,2.103665922410599
PEI5mgmL_80°C_Des.TXT,PEI5mgmL,80°C,Des,1055,3107.1749999999997,100.0,332530.0,6.46390897755611,4.360101763224181,2.103807214331929
PEI5mgmL_80°C_Des.TXT,PEI5mgmL,80°C,Des,1056,3114.975,100.0,332530.0,6.463656109725686,4.3596793450881615,2.1039767646375243
PEI5mgmL_80°C_Des.TXT,PEI5mgmL,80°C,Des,1057,3122.875,100.0,332530.0,6.4634,4.359251511335012,2.104148488664988
PEI5mgmL_80°C_Des.TXT,PEI5mgmL,80°C,Des,1058,3125.375,100.0,332530.0,6.46331875,4.359116120906801,2.1042026290931988
PEI5mgmL_80°C_Des.TXT,PEI5mgmL,80°C,Des,1059,3127.875,100.0,332530.0,6.4632375,4.3589807304785895,2.1042567695214105
PEI5mgmL_80°C_Des.TXT,PEI5mgmL,80°C,Des,1060,3130.375,100.0,332530.0,6.46315625,4.358845340050378,2.104310909949622
PEI5mgmL_80°C_Des.TXT,PEI5mgmL,80°C,Des,1061,3133.1749999999997,100.0,332530.0,6.46306525,4.358693702770781,2.104371547229219
PEI5mgmL_80°C_Des.TXT,PEI5mgmL,80°C,Des,1062,3135.775,100.0,332530.0,6.46298075,4.358552896725441,2.104427853274559
PEI5mgmL_80°C_Des.TXT,PEI5mgmL,80°C,Des,1063,3140.975,100.0,332530.0,6.46281175,4.35827128463476,2.1045404653652398
PEI5mgmL_80°C_Des.TXT,PEI5mgmL,80°C,Des,1064,3143.375,100.0,332530.0,6.46273375,4.358141309823678,2.1045924401763223
PEI5mgmL_80°C_Des.TXT,PEI5mgmL,80°C,Des,1065,3146.1749999999997,100.0,332530.0,6.46264275,4.357989672544081,2.104653077455919
PEI5mgmL_80°C_Des.TXT,PEI5mgmL,80°C,Des,1066,3148.6749999999997,100.0,332530.0,6.4625615,4.357854282115869,2.1047072178841306
PEI5mgmL_80°C_Des.TXT,PEI5mgmL,80°C,Des,1067,3151.375,100.0,332530.0,6.46247375,4.3577080604534,2.1047656895466
PEI5mgmL_80°C_Des.TXT,PEI5mgmL,80°C,Des,1068,3154.1749999999997,100.0,332530.0,6.46238275,4.357556423173803,2.1048263268261964
PEI5mgmL_80°C_Des.TXT,PEI5mgmL,80°C,Des,1069,3156.775,100.0,332530.0,6.46229825,4.3574156171284635,2.1048826328715364
PEI5mgmL_80°C_Des.TXT,PEI5mgmL,80°C,Des,1070,3159.475,100.0,332530.0,6.4622105,4.357269395465995,2.1049411045340056
PEI5mgmL_80°C_Des.TXT,PEI5mgmL,80°C,Des,1071,3162.075,100.0,332530.0,6.462126,4.357128589420655,2.1049974105793448
PEI5mgmL_80°C_Des.TXT,PEI5mgmL,80°C,Des,1072,3164.475,100.0,332530.0,6.462048,4.356998614609572,2.105049385390428
PEI5mgmL_80°C_Des.TXT,PEI5mgmL,80°C,Des,1073,3167.1749999999997,100.0,332530.0,6.46196025,4.356852392947103,2.1051078570528965
PEI5mgmL_80°C_Des.TXT,PEI5mgmL,80°C,Des,1074,3169.775,100.0,332530.0,6.46187575,4.356711586901763,2.1051641630982365
PEI5mgmL_80°C_Des.TXT,PEI5mgmL,80°C,Des,1075,3172.375,100.0,332530.0,6.46179125,4.356570780856424,2.1052204691435765
PEI5mgmL_80°C_Des.TXT,PEI5mgmL,80°C,Des,1076,3174.875,100.0,332530.0,6.46171,4.356435390428212,2.1052746095717882
PEI5mgmL_80°C_Des.TXT,PEI5mgmL,80°C,Des,1077,3177.375,100.0,332530.0,6.46162875,4.3563,2.10532875
PEI5mgmL_80°C_Des.TXT,PEI5mgmL,80°C,Des,1078,3180.375,100.0,332530.0,6.46153125,4.35608704856787,2.10544420143213
PEI5mgmL_80°C_Des.TXT,PEI5mgmL,80°C,Des,1079,3187.275,100.0,332530.0,6.461307,4.3555972602739725,2.105709739726027
PEI5mgmL_80°C_Des.TXT,PEI5mgmL,80°C,Des,1080,3194.975,100.0,332530.0,6.46105675,4.3550506849315065,2.1060060650684935
PEI5mgmL_80°C_Des.TXT,PEI5mgmL,80°C,Des,1081,3202.875,100.0,332530.0,6.4608,4.3544899128268995,2.1063100871731004
PEI5mgmL_80°C_Des.TXT,PEI5mgmL,80°C,Des,1082,3205.575,100.0,332530.0,6.460729036295369,4.354298256537983,2.1064307797573862
PEI5mgmL_80°C_Des.TXT,PEI5mgmL,80°C,Des,1083,3207.975,100.0,332530.0,6.460665957446809,4.354127895392279,2.10653806205453
PEI5mgmL_80°C_Des.TXT,PEI5mgmL,80°C,Des,1084,3210.775,100.0,332530.0,6.460592365456821,4.3539291407222915,2.10666322473453
PEI5mgmL_80°C_Des.TXT,PEI5mgmL,80°C,Des,1085,3213.275,100.0,332530.0,6.4605266583229035,4.353751681195517,2.1067749771273867
PEI5mgmL_80°C_Des.TXT,PEI5mgmL,80°C,Des,1086,3215.775,100.0,332530.0,6.4604609511889866,4.353574221668742,2.1068867295202445
PEI5mgmL_80°C_Des.TXT,PEI5mgmL,80°C,Des,1087,3220.875,100.0,332530.0,6.460326908635794,4.353212204234122,2.1071147044016723
PEI5mgmL_80°C_Des.TXT,PEI5mgmL,80°C,Des,1088,3223.375,100.0,332530.0,6.460261201501877,4.353034744707347,2.10722645679453
PEI5mgmL_80°C_Des.TXT,PEI5mgmL,80°C,Des,1089,3226.1749999999997,100.0,332530.0,6.46018760951189,4.35283599003736,2.10735161947453
PEI5mgmL_80°C_Des.TXT,PEI5mgmL,80°C,Des,1090,3228.875,100.0,332530.0,6.460116645807259,4.352644333748444,2.1074723120588157
PEI5mgmL_80°C_Des.TXT,PEI5mgmL,80°C,Des,1091,3231.375,100.0,332530.0,6.460050938673342,4.352466874221669,2.1075840644516726
PEI5mgmL_80°C_Des.TXT,PEI5mgmL,80°C,Des,1092,3234.1749999999997,100.0,332530.0,6.459977346683354,4.352268119551681,2.1077092271316733
PEI5mgmL_80°C_Des.TXT,PEI5mgmL,80°C,Des,1093,3236.775,100.0,332530.0,6.45990901126408,4.352083561643836,2.107825449620244
PEI5mgmL_80°C_Des.TXT,PEI5mgmL,80°C,Des,1094,3239.575,100.0,332530.0,6.459835419274093,4.351884806973848,2.107950612300245
PEI5mgmL_80°C_Des.TXT,PEI5mgmL,80°C,Des,1095,3242.075,100.0,332530.0,6.459769712140175,4.351707347447073,2.108062364693102
PEI5mgmL_80°C_Des.TXT,PEI5mgmL,80°C,Des,1096,3244.6749999999997,100.0,332530.0,6.4597013767209015,4.351522789539228,2.1081785871816736
PEI5mgmL_80°C_Des.TXT,PEI5mgmL,80°C,Des,1097,3247.1749999999997,100.0,332530.0,6.459635669586984,4.351345330012453,2.1082903395745305
PEI5mgmL_80°C_Des.TXT,PEI5mgmL,80°C,Des,1098,3249.775,100.0,332530.0,6.459567334167709,4.351160772104608,2.1084065620631014
PEI5mgmL_80°C_Des.TXT,PEI5mgmL,80°C,Des,1099,3252.475,100.0,332530.0,6.4594963704630795,4.350969115815691,2.108527254647388
PEI5mgmL_80°C_Des.TXT,PEI5mgmL,80°C,Des,1100,3254.875,100.0,332530.0,6.459433291614518,4.350798754669987,2.108634536944531
PEI5mgmL_80°C_Des.TXT,PEI5mgmL,80°C,Des,1101,3257.6749999999997,100.0,332530.0,6.459359699624531,4.3506,2.108759699624531
PEI5mgmL_80°C_Des.TXT,PEI5mgmL,80°C,Des,1102,3260.375,100.0,332530.0,6.4592887359199,4.3504297604035305,2.1088589755163696
PEI5mgmL_80°C_Des.TXT,PEI5mgmL,80°C,Des,1103,3266.6749999999997,100.0,332530.0,6.4591231539424285,4.350032534678436,2.109090619263992
PEI5mgmL_80°C_Des.TXT,PEI5mgmL,80°C,Des,1104,3274.775,100.0,332530.0,6.458910262828536,4.349521815889029,2.109388446939507
PEI5mgmL_80°C_Des.TXT,PEI5mgmL,80°C,Des,1105,3282.775,100.0,332530.0,6.4587,4.349017402269861,2.1096825977301394
PEI5mgmL_80°C_Des.TXT,PEI5mgmL,80°C,Des,1106,3285.375,100.0,332530.0,6.45862768647282,4.3488534678436315,2.1097742186291883
PEI5mgmL_80°C_Des.TXT,PEI5mgmL,80°C,Des,1107,3287.875,100.0,332530.0,6.458558154235146,4.348695838587642,2.1098623156475034
PEI5mgmL_80°C_Des.TXT,PEI5mgmL,80°C,Des,1108,3290.475,100.0,332530.0,6.458485840707965,4.348531904161413,2.1099539365465523
PEI5mgmL_80°C_Des.TXT,PEI5mgmL,80°C,Des,1109,3292.875,100.0,332530.0,6.458419089759798,4.348380580075662,2.110038509684136
PEI5mgmL_80°C_Des.TXT,PEI5mgmL,80°C,Des,1110,3295.875,100.0,332530.0,6.45833565107459,4.3481914249684745,2.110144226106115
PEI5mgmL_80°C_Des.TXT,PEI5mgmL,80°C,Des,1111,3300.875,100.0,332530.0,6.458196586599242,4.347876166456494,2.110320420142748
PEI5mgmL_80°C_Des.TXT,PEI5mgmL,80°C,Des,1112,3303.375,100.0,332530.0,6.458127054361568,4.347718537200504,2.110408517161064
PEI5mgmL_80°C_Des.TXT,PEI5mgmL,80°C,Des,1113,3305.875,100.0,332530.0,6.4580575221238945,4.347560907944515,2.1104966141793797
PEI5mgmL_80°C_Des.TXT,PEI5mgmL,80°C,Des,1114,3308.6749999999997,100.0,332530.0,6.4579796460177,4.347384363177806,2.1105952828398937
PEI5mgmL_80°C_Des.TXT,PEI5mgmL,80°C,Des,1115,3311.075,100.0,332530.0,6.457912895069533,4.347233039092056,2.1106798559774766
PEI5mgmL_80°C_Des.TXT,PEI5mgmL,80°C,Des,1116,3313.775,100.0,332530.0,6.457837800252845,4.347062799495586,2.1107750007572585
PEI5mgmL_80°C_Des.TXT,PEI5mgmL,80°C,Des,1117,3316.375,100.0,332530.0,6.4577654867256635,4.346898865069357,2.1108666216563066
PEI5mgmL_80°C_Des.TXT,PEI5mgmL,80°C,Des,1118,3318.775,100.0,332530.0,6.457698735777497,4.346747540983607,2.1109511947938904
PEI5mgmL_80°C_Des.TXT,PEI5mgmL,80°C,Des,1119,3321.375,100.0,332530.0,6.457626422250316,4.3465836065573775,2.1110428156929384
PEI5mgmL_80°C_Des.TXT,PEI5mgmL,80°C,Des,1120,3323.775,100.0,332530.0,6.45755967130215,4.346432282471627,2.111127388830523
PEI5mgmL_80°C_Des.TXT,PEI5mgmL,80°C,Des,1121,3326.475,100.0,332530.0,6.457484576485462,4.346262042875158,2.111222533610304
PEI5mgmL_80°C_Des.TXT,PEI5mgmL,80°C,Des,1122,3329.075,100.0,332530.0,6.457412262958281,4.3460981084489285,2.111314154509352
PEI5mgmL_80°C_Des.TXT,PEI5mgmL,80°C,Des,1123,3331.6749999999997,100.0,332530.0,6.4573399494311,4.345934174022699,2.111405775408401
PEI5mgmL_80°C_Des.TXT,PEI5mgmL,80°C,Des,1124,3334.1749999999997,100.0,332530.0,6.457270417193426,4.345776544766709,2.111493872426717
PEI5mgmL_80°C_Des.TXT,PEI5mgmL,80°C,Des,1125,3336.975,100.0,332530.0,6.457192541087232,4.3456,2.111592541087232
PEI5mgmL_80°C_Des.TXT,PEI5mgmL,80°C,Des,1126,3339.6749999999997,100.0,332530.0,6.457117446270543,4.34542,2.1116974462705436
PEI5mgmL_80°C_Des.TXT,PEI5mgmL,80°C,Des,1127,3345.975,100.0,332530.0,6.4569422250316055,4.345,2.111942225031606
PEI5mgmL_80°C_Des.TXT,PEI5mgmL,80°C,Des,1128,3353.475,100.0,332530.0,6.4567336283185846,4.3445,2.1122336283185845
PEI5mgmL_80°C_Des.TXT,PEI5mgmL,80°C,Des,1129,3361.875,100.0,332530.0,6.4565,4.34394,2.11256
PEI5mgmL_80°C_Des.TXT,PEI5mgmL,80°C,Des,1130,3364.775,100.0,332530.0,6.456438528678304,4.343746666666667,2.112691862011637
PEI5mgmL_80°C_Des.TXT,PEI5mgmL,80°C,Des,1131,3367.1749999999997,100.0,332530.0,6.4563876558603495,4.343586666666667,2.1128009891936825
PEI5mgmL_80°C_Des.TXT,PEI5mgmL,80°C,Des,1132,3369.975,100.0,332530.0,6.456328304239402,4.3434,2.112928304239402
PEI5mgmL_80°C_Des.TXT,PEI5mgmL,80°C,Des,1133,3372.375,100.0,332530.0,6.456277431421446,4.34324,2.1130374314214464
PEI5mgmL_80°C_Des.TXT,PEI5mgmL,80°C,Des,1134,3374.975,100.0,332530.0,6.456222319201995,4.343066666666667,2.113155652535328
PEI5mgmL_80°C_Des.TXT,PEI5mgmL,80°C,Des,1135,3380.1749999999997,100.0,332530.0,6.456112094763093,4.34272,2.1133920947630926
PEI5mgmL_80°C_Des.TXT,PEI5mgmL,80°C,Des,1136,3382.775,100.0,332530.0,6.4560569825436405,4.342546666666666,2.113510315876974
PEI5mgmL_80°C_Des.TXT,PEI5mgmL,80°C,Des,1137,3385.375,100.0,332530.0,6.456001870324189,4.342373333333334,2.1136285369908556
PEI5mgmL_80°C_Des.TXT,PEI5mgmL,80°C,Des,1138,3387.775,100.0,332530.0,6.455950997506235,4.3422133333333335,2.113737664172901
PEI5mgmL_80°C_Des.TXT,PEI5mgmL,80°C,Des,1139,3390.375,100.0,332530.0,6.455895885286783,4.34204,2.1138558852867835
PEI5mgmL_80°C_Des.TXT,PEI5mgmL,80°C,Des,1140,3392.975,100.0,332530.0,6.455840773067331,4.341866666666666,2.113974106400665
PEI5mgmL_80°C_Des.TXT,PEI5mgmL,80°C,Des,1141,3395.775,100.0,332530.0,6.455781421446384,4.34168,2.1141014214463834
PEI5mgmL_80°C_Des.TXT,PEI5mgmL,80°C,Des,1142,3398.1749999999997,100.0,332530.0,6.455730548628429,4.34152,2.114210548628429
PEI5mgmL_80°C_Des.TXT,PEI5mgmL,80°C,Des,1143,3400.975,100.0,332530.0,6.455671197007481,4.341333333333333,2.114337863674148
PEI5mgmL_80°C_Des.TXT,PEI5mgmL,80°C,Des,1144,3403.375,100.0,332530.0,6.4556203241895265,4.341173333333334,2.1144469908561927
PEI5mgmL_80°C_Des.TXT,PEI5mgmL,80°C,Des,1145,3405.875,100.0,332530.0,6.455567331670823,4.341006666666667,2.1145606650041557
PEI5mgmL_80°C_Des.TXT,PEI5mgmL,80°C,Des,1146,3408.6749999999997,100.0,332530.0,6.455507980049875,4.34082,2.114687980049875
PEI5mgmL_80°C_Des.TXT,PEI5mgmL,80°C,Des,1147,3411.1749999999997,100.0,332530.0,6.455454987531172,4.340653333333333,2.114801654197839
PEI5mgmL_80°C_Des.TXT,PEI5mgmL,80°C,Des,1148,3413.875,100.0,332530.0,6.4553977556109725,4.340473333333334,2.114924422277639
PEI5mgmL_80°C_Des.TXT,PEI5mgmL,80°C,Des,1149,3416.475,100.0,332530.0,6.455342643391521,4.3403,2.1150426433915213
PEI5mgmL_80°C_Des.TXT,PEI5mgmL,80°C,Des,1150,3419.475,100.0,332530.0,6.455279052369077,4.34008704856787,2.115192003801207
PEI5mgmL_80°C_Des.TXT,PEI5mgmL,80°C,Des,1151,3426.075,100.0,332530.0,6.455139152119701,4.339618555417186,2.115520596702515
PEI5mgmL_80°C_Des.TXT,PEI5mgmL,80°C,Des,1152,3434.1749999999997,100.0,332530.0,6.4549674563591015,4.339043586550436,2.1159238698086655
PEI5mgmL_80°C_Des.TXT,PEI5mgmL,80°C,Des,1153,3442.075,100.0,332530.0,6.4548,4.338482814445828,2.1163171855541716
PEI5mgmL_80°C_Des.TXT,PEI5mgmL,80°C,Des,1154,3444.6749999999997,100.0,332530.0,6.454744611528822,4.338298256537983,2.116446354990839
PEI5mgmL_80°C_Des.TXT,PEI5mgmL,80°C,Des,1155,3447.275,100.0,332530.0,6.454689223057644,4.338113698630137,2.116575524427507
PEI5mgmL_80°C_Des.TXT,PEI5mgmL,80°C,Des,1156,3449.975,100.0,332530.0,6.454631704260652,4.33792204234122,2.1167096619194314
PEI5mgmL_80°C_Des.TXT,PEI5mgmL,80°C,Des,1157,3452.475,100.0,332530.0,6.4545784461152875,4.337744582814446,2.1168338633008412
PEI5mgmL_80°C_Des.TXT,PEI5mgmL,80°C,Des,1158,3455.1749999999997,100.0,332530.0,6.4545209273182955,4.33755292652553,2.116968000792766
PEI5mgmL_80°C_Des.TXT,PEI5mgmL,80°C,Des,1159,3460.375,100.0,332530.0,6.4544101503759395,4.337183810709838,2.117226339666101
PEI5mgmL_80°C_Des.TXT,PEI5mgmL,80°C,Des,1160,3462.875,100.0,332530.0,6.454356892230576,4.337006351183064,2.1173505410475126
PEI5mgmL_80°C_Des.TXT,PEI5mgmL,80°C,Des,1161,3465.475,100.0,332530.0,6.454301503759399,4.3368217932752176,2.117479710484181
PEI5mgmL_80°C_Des.TXT,PEI5mgmL,80°C,Des,1162,3468.1749999999997,100.0,332530.0,6.454243984962406,4.336630136986302,2.117613847976104
PEI5mgmL_80°C_Des.TXT,PEI5mgmL,80°C,Des,1163,3470.575,100.0,332530.0,6.454192857142857,4.336459775840598,2.1177330813022595
PEI5mgmL_80°C_Des.TXT,PEI5mgmL,80°C,Des,1164,3473.275,100.0,332530.0,6.454135338345864,4.336268119551681,2.117867218794183
PEI5mgmL_80°C_Des.TXT,PEI5mgmL,80°C,Des,1165,3475.875,100.0,332530.0,6.454079949874687,4.336083561643836,2.117996388230851
PEI5mgmL_80°C_Des.TXT,PEI5mgmL,80°C,Des,1166,3478.275,100.0,332530.0,6.454028822055138,4.3359132004981324,2.1181156215570054
PEI5mgmL_80°C_Des.TXT,PEI5mgmL,80°C,Des,1167,3480.875,100.0,332530.0,6.453973433583959,4.335728642590286,2.118244790993673
PEI5mgmL_80°C_Des.TXT,PEI5mgmL,80°C,Des,1168,3483.375,100.0,332530.0,6.453920175438596,4.335551183063512,2.1183689923750846
PEI5mgmL_80°C_Des.TXT,PEI5mgmL,80°C,Des,1169,3485.875,100.0,332530.0,6.453866917293233,4.335373723536737,2.118493193756496
PEI5mgmL_80°C_Des.TXT,PEI5mgmL,80°C,Des,1170,3488.775,100.0,332530.0,6.453805137844611,4.335167870485678,2.118637267358933
PEI5mgmL_80°C_Des.TXT,PEI5mgmL,80°C,Des,1171,3491.375,100.0,332530.0,6.453749749373434,4.334983312577833,2.1187664367956005
PEI5mgmL_80°C_Des.TXT,PEI5mgmL,80°C,Des,1172,3493.975,100.0,332530.0,6.453694360902255,4.334798754669988,2.1188956062322672
PEI5mgmL_80°C_Des.TXT,PEI5mgmL,80°C,Des,1173,3496.775,100.0,332530.0,6.453634711779449,4.3346,2.119034711779449
PEI5mgmL_80°C_Des.TXT,PEI5mgmL,80°C,Des,1174,3499.375,100.0,332530.0,6.45357932330827,4.334394221105527,2.119185102202743
PEI5mgmL_80°C_Des.TXT,PEI5mgmL,80°C,Des,1175,3506.1749999999997,100.0,332530.0,6.453434461152882,4.333856030150754,2.119578431002128
PEI5mgmL_80°C_Des.TXT,PEI5mgmL,80°C,Des,1176,3513.875,100.0,332530.0,6.4532704260651625,4.333246608040201,2.1200238180249613
PEI5mgmL_80°C_Des.TXT,PEI5mgmL,80°C,Des,1177,3521.875,100.0,332530.0,6.4531,4.332613442211056,2.1204865577889445
PEI5mgmL_80°C_Des.TXT,PEI5mgmL,80°C,Des,1178,3524.575,100.0,332530.0,6.453049120603015,4.332399748743718,2.1206493718592965
PEI5mgmL_80°C_Des.TXT,PEI5mgmL,80°C,Des,1179,3527.075,100.0,332530.0,6.453002010050251,4.33220188442211,2.120800125628141
PEI5mgmL_80°C_Des.TXT,PEI5mgmL,80°C,Des,1180,3529.875,100.0,332530.0,6.452949246231156,4.331980276381909,2.1209689698492467
PEI5mgmL_80°C_Des.TXT,PEI5mgmL,80°C,Des,1181,3532.375,100.0,332530.0,6.452902135678392,4.331782412060301,2.121119723618091
PEI5mgmL_80°C_Des.TXT,PEI5mgmL,80°C,Des,1182,3534.975,100.0,332530.0,6.4528531407035175,4.331576633165829,2.1212765075376883
PEI5mgmL_80°C_Des.TXT,PEI5mgmL,80°C,Des,1183,3540.275,100.0,332530.0,6.4527532663316585,4.33115716080402,2.1215961055276384
PEI5mgmL_80°C_Des.TXT,PEI5mgmL,80°C,Des,1184,3542.775,100.0,332530.0,6.452706155778895,4.330959296482412,2.1217468592964828
PEI5mgmL_80°C_Des.TXT,PEI5mgmL,80°C,Des,1185,3545.275,100.0,332530.0,6.452659045226131,4.330761432160804,2.121897613065327
PEI5mgmL_80°C_Des.TXT,PEI5mgmL,80°C,Des,1186,3547.6749999999997,100.0,332530.0,6.452613819095477,4.3305714824120605,2.1220423366834167
PEI5mgmL_80°C_Des.TXT,PEI5mgmL,80°C,Des,1187,3550.1749999999997,100.0,332530.0,6.452566708542713,4.330373618090452,2.122193090452261
PEI5mgmL_80°C_Des.TXT,PEI5mgmL,80°C,Des,1188,3552.975,100.0,332530.0,6.452513944723618,4.330152010050251,2.122361934673367
PEI5mgmL_80°C_Des.TXT,PEI5mgmL,80°C,Des,1189,3555.575,100.0,332530.0,6.452464949748744,4.329946231155779,2.122518718592965
PEI5mgmL_80°C_Des.TXT,PEI5mgmL,80°C,Des,1190,3558.1749999999997,100.0,332530.0,6.452415954773869,4.329740452261306,2.122675502512563
PEI5mgmL_80°C_Des.TXT,PEI5mgmL,80°C,Des,1191,3560.775,100.0,332530.0,6.452366959798995,4.329534673366834,2.1228322864321614
PEI5mgmL_80°C_Des.TXT,PEI5mgmL,80°C,Des,1192,3563.1749999999997,100.0,332530.0,6.452321733668342,4.32934472361809,2.122977010050252
PEI5mgmL_80°C_Des.TXT,PEI5mgmL,80°C,Des,1193,3565.875,100.0,332530.0,6.452270854271357,4.329131030150753,2.123139824120604
PEI5mgmL_80°C_Des.TXT,PEI5mgmL,80°C,Des,1194,3568.375,100.0,332530.0,6.452223743718593,4.328933165829145,2.123290577889448
PEI5mgmL_80°C_Des.TXT,PEI5mgmL,80°C,Des,1195,3571.1749999999997,100.0,332530.0,6.452170979899497,4.328711557788944,2.123459422110553
PEI5mgmL_80°C_Des.TXT,PEI5mgmL,80°C,Des,1196,3573.575,100.0,332530.0,6.452125753768844,4.328521608040201,2.1236041457286436
PEI5mgmL_80°C_Des.TXT,PEI5mgmL,80°C,Des,1197,3576.375,100.0,332530.0,6.452072989949749,4.3283,2.1237729899497495
PEI5mgmL_80°C_Des.TXT,PEI5mgmL,80°C,Des,1198,3579.075,100.0,332530.0,6.452022110552764,4.328123173803526,2.123898936749238
PEI5mgmL_80°C_Des.TXT,PEI5mgmL,80°C,Des,1199,3585.475,100.0,332530.0,6.451901507537689,4.3277040302267,2.1241974773109886
PEI5mgmL_80°C_Des.TXT,PEI5mgmL,80°C,Des,1200,3593.375,100.0,332530.0,6.451752638190955,4.327186649874055,2.1245659883169
PEI5mgmL_80°C_Des.TXT,PEI5mgmL,80°C,Des,1201,3601.475,100.0,332530.0,6.4516,4.326656171284634,2.1249438287153657
PEI5mgmL_80°C_Des.TXT,PEI5mgmL,80°C,Des,1202,3604.075,100.0,332530.0,6.451554213836478,4.326485894206549,2.1250683196299294
PEI5mgmL_80°C_Des.TXT,PEI5mgmL,80°C,Des,1203,3606.575,100.0,332530.0,6.451510188679245,4.326322166246851,2.1251880224323942
PEI5mgmL_80°C_Des.TXT,PEI5mgmL,80°C,Des,1204,3609.375,100.0,332530.0,6.451460880503145,4.3261387909319895,2.1253220895711555
PEI5mgmL_80°C_Des.TXT,PEI5mgmL,80°C,Des,1205,3611.875,100.0,332530.0,6.4514168553459115,4.325975062972292,2.1254417923736195
PEI5mgmL_80°C_Des.TXT,PEI5mgmL,80°C,Des,1206,3614.775,100.0,332530.0,6.451365786163522,4.325785138539043,2.1255806476244787
PEI5mgmL_80°C_Des.TXT,PEI5mgmL,80°C,Des,1207,3619.6749999999997,100.0,332530.0,6.451279496855346,4.325464231738035,2.1258152651173106
PEI5mgmL_80°C_Des.TXT,PEI5mgmL,80°C,Des,1208,3622.1749999999997,100.0,332530.0,6.451235471698113,4.325300503778338,2.1259349679197754
PEI5mgmL_80°C_Des.TXT,PEI5mgmL,80°C,Des,1209,3624.775,100.0,332530.0,6.451189685534591,4.325130226700252,2.126059458834339
PEI5mgmL_80°C_Des.TXT,PEI5mgmL,80°C,Des,1210,3627.475,100.0,332530.0,6.45114213836478,4.324953400503778,2.1261887378610016
PEI5mgmL_80°C_Des.TXT,PEI5mgmL,80°C,Des,1211,3629.875,100.0,332530.0,6.451099874213837,4.324796221662469,2.1263036525513677
PEI5mgmL_80°C_Des.TXT,PEI5mgmL,80°C,Des,1212,3632.6749999999997,100.0,332530.0,6.451050566037735,4.324612846347607,2.126437719690128
PEI5mgmL_80°C_Des.TXT,PEI5mgmL,80°C,Des,1213,3635.275,100.0,332530.0,6.451004779874213,4.324442569269522,2.1265622106046917
PEI5mgmL_80°C_Des.TXT,PEI5mgmL,80°C,Des,1214,3637.775,100.0,332530.0,6.450960754716981,4.324278841309824,2.1266819134071566
PEI5mgmL_80°C_Des.TXT,PEI5mgmL,80°C,Des,1215,3640.275,100.0,332530.0,6.450916729559748,4.324115113350126,2.1268016162096224
PEI5mgmL_80°C_Des.TXT,PEI5mgmL,80°C,Des,1216,3642.775,100.0,332530.0,6.450872704402515,4.323951385390428,2.1269213190120873
PEI5mgmL_80°C_Des.TXT,PEI5mgmL,80°C,Des,1217,3645.375,100.0,332530.0,6.4508269182389935,4.3237811083123425,2.127045809926651
PEI5mgmL_80°C_Des.TXT,PEI5mgmL,80°C,Des,1218,3647.975,100.0,332530.0,6.4507811320754715,4.323610831234257,2.1271703008412146
PEI5mgmL_80°C_Des.TXT,PEI5mgmL,80°C,Des,1219,3650.775,100.0,332530.0,6.450731823899371,4.323427455919395,2.127304367979976
PEI5mgmL_80°C_Des.TXT,PEI5mgmL,80°C,Des,1220,3653.1749999999997,100.0,332530.0,6.450689559748428,4.323270277078086,2.127419282670342
PEI5mgmL_80°C_Des.TXT,PEI5mgmL,80°C,Des,1221,3655.775,100.0,332530.0,6.450643773584906,4.3231,2.1275437735849057
PEI5mgmL_80°C_Des.TXT,PEI5mgmL,80°C,Des,1222,3658.5750000000003,100.0,332530.0,6.4505944654088045,4.322854077791719,2.1277403876170853
PEI5mgmL_80°C_Des.TXT,PEI5mgmL,80°C,Des,1223,3665.0750000000003,100.0,332530.0,6.45048,4.322283186951067,2.128196813048933
PEI5mgmL_80°C_Des.TXT,PEI5mgmL,80°C,Des,1224,3673.0750000000003,100.0,332530.0,6.450339119496855,4.321580552070263,2.1287585674265914
PEI5mgmL_80°C_Des.TXT,PEI5mgmL,80°C,Des,1225,3680.975,100.0,332530.0,6.4502,4.32088670012547,2.1293132998745294
PEI5mgmL_80°C_Des.TXT,PEI5mgmL,80°C,Des,1226,3683.6749999999997,100.0,332530.0,6.450162781954887,4.3206495608532,2.1295132211016874
PEI5mgmL_80°C_Des.TXT,PEI5mgmL,80°C,Des,1227,3686.1749999999997,100.0,332530.0,6.450128320802005,4.320429987452949,2.1296983333490562
PEI5mgmL_80°C_Des.TXT,PEI5mgmL,80°C,Des,1228,3688.775,100.0,332530.0,6.450092481203007,4.320201631116688,2.129890850086319
PEI5mgmL_80°C_Des.TXT,PEI5mgmL,80°C,Des,1229,3691.3749999999995,100.0,332530.0,6.45005664160401,4.319973274780427,2.130083366823583
PEI5mgmL_80°C_Des.TXT,PEI5mgmL,80°C,Des,1230,3693.8749999999995,100.0,332530.0,6.4500221804511275,4.319753701380176,2.130268479070952
PEI5mgmL_80°C_Des.TXT,PEI5mgmL,80°C,Des,1231,3698.975,100.0,332530.0,6.449951879699248,4.319305771643664,2.1306461080555845
PEI5mgmL_80°C_Des.TXT,PEI5mgmL,80°C,Des,1232,3701.3749999999995,100.0,332530.0,6.449918796992481,4.319094981179423,2.1308238158130584
PEI5mgmL_80°C_Des.TXT,PEI5mgmL,80°C,Des,1233,3704.1749999999997,100.0,332530.0,6.449880200501253,4.318849058971142,2.1310311415301113
PEI5mgmL_80°C_Des.TXT,PEI5mgmL,80°C,Des,1234,3706.6749999999997,100.0,332530.0,6.449845739348371,4.318629485570891,2.13121625377748
PEI5mgmL_80°C_Des.TXT,PEI5mgmL,80°C,Des,1235,3709.3749999999995,100.0,332530.0,6.449808521303257,4.318392346298619,2.131416175004638
PEI5mgmL_80°C_Des.TXT,PEI5mgmL,80°C,Des,1236,3711.975,100.0,332530.0,6.44977268170426,4.3181639899623585,2.131608691741902
PEI5mgmL_80°C_Des.TXT,PEI5mgmL,80°C,Des,1237,3714.775,100.0,332530.0,6.4497340852130325,4.317918067754078,2.131816017458955
PEI5mgmL_80°C_Des.TXT,PEI5mgmL,80°C,Des,1238,3717.1749999999997,100.0,332530.0,6.4497010025062655,4.317707277289837,2.1319937252164287
PEI5mgmL_80°C_Des.TXT,PEI5mgmL,80°C,Des,1239,3719.975,100.0,332530.0,6.449662406015038,4.317461355081556,2.1322010509334817
PEI5mgmL_80°C_Des.TXT,PEI5mgmL,80°C,Des,1240,3722.475,100.0,332530.0,6.449627944862155,4.317241781681305,2.1323861631808505
PEI5mgmL_80°C_Des.TXT,PEI5mgmL,80°C,Des,1241,3724.8749999999995,100.0,332530.0,6.449594862155388,4.317030991217064,2.1325638709383243
PEI5mgmL_80°C_Des.TXT,PEI5mgmL,80°C,Des,1242,3727.6749999999997,100.0,332530.0,6.44955626566416,4.316785069008783,2.1327711966553773
PEI5mgmL_80°C_Des.TXT,PEI5mgmL,80°C,Des,1243,3730.1749999999997,100.0,332530.0,6.449521804511278,4.316565495608532,2.132956308902746
PEI5mgmL_80°C_Des.TXT,PEI5mgmL,80°C,Des,1244,3732.8749999999995,100.0,332530.0,6.449484586466165,4.31632835633626,2.133156230129905
PEI5mgmL_80°C_Des.TXT,PEI5mgmL,80°C,Des,1245,3735.475,100.0,332530.0,6.4494487468671675,4.3161,2.133348746867168
PEI5mgmL_80°C_Des.TXT,PEI5mgmL,80°C,Des,1246,3738.475,100.0,332530.0,6.449407393483709,4.315893491864831,2.133513901618878
PEI5mgmL_80°C_Des.TXT,PEI5mgmL,80°C,Des,1247,3744.975,100.0,332530.0,6.449317794486215,4.315446057571965,2.1338717369142506
PEI5mgmL_80°C_Des.TXT,PEI5mgmL,80°C,Des,1248,3753.0750000000003,100.0,332530.0,6.449206140350877,4.314888485607009,2.1343176547438683
PEI5mgmL_80°C_Des.TXT,PEI5mgmL,80°C,Des,1249,3760.775,100.0,332530.0,6.4491,4.314358448060075,2.134741551939925
PEI5mgmL_80°C_Des.TXT,PEI5mgmL,80°C,Des,1250,3763.275,100.0,332530.0,6.449062406015037,4.314186357947434,2.1348760480676034
PEI5mgmL_80°C_Des.TXT,PEI5mgmL,80°C,Des,1251,3765.975,100.0,332530.0,6.449021804511278,4.314000500625782,2.1350213038854964
PEI5mgmL_80°C_Des.TXT,PEI5mgmL,80°C,Des,1252,3768.475,100.0,332530.0,6.448984210526316,4.313828410513141,2.135155800013175
PEI5mgmL_80°C_Des.TXT,PEI5mgmL,80°C,Des,1253,3771.1749999999997,100.0,332530.0,6.448943609022556,4.313642553191489,2.135301055831067
PEI5mgmL_80°C_Des.TXT,PEI5mgmL,80°C,Des,1254,3773.775,100.0,332530.0,6.4489045112781955,4.313463579474343,2.1354409318038527
PEI5mgmL_80°C_Des.TXT,PEI5mgmL,80°C,Des,1255,3778.975,100.0,332530.0,6.448826315789473,4.31310563204005,2.1357206837494234
PEI5mgmL_80°C_Des.TXT,PEI5mgmL,80°C,Des,1256,3781.3749999999995,100.0,332530.0,6.44879022556391,4.312940425531915,2.1358498000319948
PEI5mgmL_80°C_Des.TXT,PEI5mgmL,80°C,Des,1257,3784.0750000000003,100.0,332530.0,6.44874962406015,4.312754568210263,2.135995055849887
PEI5mgmL_80°C_Des.TXT,PEI5mgmL,80°C,Des,1258,3786.5750000000003,100.0,332530.0,6.448712030075187,4.312582478097622,2.1361295519775654
PEI5mgmL_80°C_Des.TXT,PEI5mgmL,80°C,Des,1259,3789.275,100.0,332530.0,6.448671428571428,4.31239662077597,2.1362748077954583
PEI5mgmL_80°C_Des.TXT,PEI5mgmL,80°C,Des,1260,3791.8749999999995,100.0,332530.0,6.448632330827067,4.312217647058824,2.136414683768243
PEI5mgmL_80°C_Des.TXT,PEI5mgmL,80°C,Des,1261,3794.475,100.0,332530.0,6.448593233082707,4.312038673341677,2.13655455974103
PEI5mgmL_80°C_Des.TXT,PEI5mgmL,80°C,Des,1262,3796.975,100.0,332530.0,6.448555639097744,4.311866583229036,2.1366890558687084
PEI5mgmL_80°C_Des.TXT,PEI5mgmL,80°C,Des,1263,3799.8749999999995,100.0,332530.0,6.448512030075188,4.311666958698373,2.136845071376815
PEI5mgmL_80°C_Des.TXT,PEI5mgmL,80°C,Des,1264,3802.3749999999995,100.0,332530.0,6.448474436090225,4.311494868585732,2.1369795675044934
PEI5mgmL_80°C_Des.TXT,PEI5mgmL,80°C,Des,1265,3804.775,100.0,332530.0,6.448438345864662,4.311329662077597,2.1371086837870648
PEI5mgmL_80°C_Des.TXT,PEI5mgmL,80°C,Des,1266,3807.475,100.0,332530.0,6.448397744360902,4.311143804755945,2.137253939604957
PEI5mgmL_80°C_Des.TXT,PEI5mgmL,80°C,Des,1267,3810.0750000000003,100.0,332530.0,6.4483586466165415,4.310964831038798,2.1373938155777434
PEI5mgmL_80°C_Des.TXT,PEI5mgmL,80°C,Des,1268,3812.775,100.0,332530.0,6.4483180451127815,4.310778973717146,2.1375390713956355
PEI5mgmL_80°C_Des.TXT,PEI5mgmL,80°C,Des,1269,3815.3749999999995,100.0,332530.0,6.44827894736842,4.3106,2.1376789473684203
PEI5mgmL_80°C_Des.TXT,PEI5mgmL,80°C,Des,1270,3818.3749999999995,100.0,332530.0,6.448233834586466,4.310342216687422,2.1378916178990437
PEI5mgmL_80°C_Des.TXT,PEI5mgmL,80°C,Des,1271,3824.8749999999995,100.0,332530.0,6.448136090225564,4.309783686176837,2.138352404048727
PEI5mgmL_80°C_Des.TXT,PEI5mgmL,80°C,Des,1272,3832.3749999999995,100.0,332530.0,6.448023308270677,4.309139227895392,2.138884080375284
PEI5mgmL_80°C_Des.TXT,PEI5mgmL,80°C,Des,1273,3840.5750000000003,100.0,332530.0,6.4479,4.308434620174346,2.139465379825654
PEI5mgmL_80°C_Des.TXT,PEI5mgmL,80°C,Des,1274,3843.0750000000003,100.0,332530.0,6.447868866749689,4.308219800747198,2.139649066002491
PEI5mgmL_80°C_Des.TXT,PEI5mgmL,80°C,Des,1275,3845.775,100.0,332530.0,6.447835242839353,4.307987795765878,2.1398474470734747
PEI5mgmL_80°C_Des.TXT,PEI5mgmL,80°C,Des,1276,3848.275,100.0,332530.0,6.447804109589041,4.30777297633873,2.140031133250311
PEI5mgmL_80°C_Des.TXT,PEI5mgmL,80°C,Des,1277,3851.0750000000003,100.0,332530.0,6.447769240348692,4.307532378580324,2.1402368617683685
PEI5mgmL_80°C_Des.TXT,PEI5mgmL,80°C,Des,1278,3853.775,100.0,332530.0,6.447735616438356,4.307300373599004,2.1404352428393523
PEI5mgmL_80°C_Des.TXT,PEI5mgmL,80°C,Des,1279,3858.975,100.0,332530.0,6.447670859277708,4.306853549190535,2.140817310087173
PEI5mgmL_80°C_Des.TXT,PEI5mgmL,80°C,Des,1280,3861.6749999999997,100.0,332530.0,6.447637235367372,4.306621544209215,2.141015691158157
PEI5mgmL_80°C_Des.TXT,PEI5mgmL,80°C,Des,1281,3864.1749999999997,100.0,332530.0,6.447606102117061,4.306406724782067,2.1411993773349938
PEI5mgmL_80°C_Des.TXT,PEI5mgmL,80°C,Des,1282,3866.975,100.0,332530.0,6.4475712328767125,4.306166127023661,2.1414051058530514
PEI5mgmL_80°C_Des.TXT,PEI5mgmL,80°C,Des,1283,3869.3749999999995,100.0,332530.0,6.447541344956413,4.305959900373599,2.1415814445828136
PEI5mgmL_80°C_Des.TXT,PEI5mgmL,80°C,Des,1284,3872.1749999999997,100.0,332530.0,6.4475064757160645,4.305719302615193,2.1417871731008713
PEI5mgmL_80°C_Des.TXT,PEI5mgmL,80°C,Des,1285,3874.8749999999995,100.0,332530.0,6.4474728518057285,4.305487297633873,2.141985554171855
PEI5mgmL_80°C_Des.TXT,PEI5mgmL,80°C,Des,1286,3877.475,100.0,332530.0,6.447440473225405,4.305263885429639,2.142176587795766
PEI5mgmL_80°C_Des.TXT,PEI5mgmL,80°C,Des,1287,3880.0750000000003,100.0,332530.0,6.447408094645081,4.305040473225405,2.1423676214196767
PEI5mgmL_80°C_Des.TXT,PEI5mgmL,80°C,Des,1288,3882.5750000000003,100.0,332530.0,6.447376961394769,4.3048256537982565,2.142551307596513
PEI5mgmL_80°C_Des.TXT,PEI5mgmL,80°C,Des,1289,3885.1749999999997,100.0,332530.0,6.447344582814446,4.304602241594022,2.1427423412204236
PEI5mgmL_80°C_Des.TXT,PEI5mgmL,80°C,Des,1290,3887.775,100.0,332530.0,6.447312204234122,4.304378829389789,2.1429333748443335
PEI5mgmL_80°C_Des.TXT,PEI5mgmL,80°C,Des,1291,3890.475,100.0,332530.0,6.447278580323786,4.304146824408468,2.1431317559153182
PEI5mgmL_80°C_Des.TXT,PEI5mgmL,80°C,Des,1292,3892.8749999999995,100.0,332530.0,6.447248692403487,4.303940597758406,2.1433080946450804
PEI5mgmL_80°C_Des.TXT,PEI5mgmL,80°C,Des,1293,3895.6749999999997,100.0,332530.0,6.447213823163138,4.3037,2.143513823163138
PEI5mgmL_80°C_Des.TXT,PEI5mgmL,80°C,Des,1294,3898.3749999999995,100.0,332530.0,6.447180199252802,4.295878841309825,2.1513013579429776
PEI5mgmL_80°C_Des.TXT,PEI5mgmL,80°C,Des,1295,3905.1749999999997,100.0,332530.0,6.447095516811955,4.276181108312342,2.1709144084996126
PEI5mgmL_80°C_Des.TXT,PEI5mgmL,80°C,Des,1296,3912.8749999999995,100.0,332530.0,6.446999626400997,4.253876322418137,2.19312330398286
PEI5mgmL_80°C_Des.TXT,PEI5mgmL,80°C,Des,1297,3920.8749999999995,100.0,332530.0,6.4469,4.230702518891689,2.2161974811083116
PEI5mgmL_80°C_Des.TXT,PEI5mgmL,80°C,Des,1298,3923.3749999999995,100.0,332530.0,6.446884256926952,4.223460705289674,2.2234235516372785
PEI5mgmL_80°C_Des.TXT,PEI5mgmL,80°C,Des,1299,3925.8749999999995,100.0,332530.0,6.446868513853905,4.216218891687658,2.230649622166246
PEI5mgmL_80°C_Des.TXT,PEI5mgmL,80°C,Des,1300,3928.475,100.0,332530.0,6.446852141057935,4.2086874055415615,2.2381647355163734
PEI5mgmL_80°C_Des.TXT,PEI5mgmL,80°C,Des,1301,3930.975,100.0,332530.0,6.446836397984887,4.201445591939547,2.2453908060453402
PEI5mgmL_80°C_Des.TXT,PEI5mgmL,80°C,Des,1302,3933.5750000000003,100.0,332530.0,6.446820025188917,4.19391410579345,2.2529059193954675
PEI5mgmL_80°C_Des.TXT,PEI5mgmL,80°C,Des,1303,3938.6749999999997,100.0,332530.0,6.446787909319899,4.179140806045341,2.267647103274558
PEI5mgmL_80°C_Des.TXT,PEI5mgmL,80°C,Des,1304,3941.475,100.0,332530.0,6.446770277078086,4.171029974811083,2.2757403022670024
PEI5mgmL_80°C_Des.TXT,PEI5mgmL,80°C,Des,1305,3944.0750000000003,100.0,332530.0,6.446753904282116,4.163498488664986,2.2832554156171296
PEI5mgmL_80°C_Des.TXT,PEI5mgmL,80°C,Des,1306,3946.775,100.0,332530.0,6.446736901763225,4.155677329974811,2.2910595717884137
PEI5mgmL_80°C_Des.TXT,PEI5mgmL,80°C,Des,1307,3949.1749999999997,100.0,332530.0,6.4467217884130985,4.1487251889168775,2.297996599496221
PEI5mgmL_80°C_Des.TXT,PEI5mgmL,80°C,Des,1308,3951.975,100.0,332530.0,6.446704156171284,4.14061435768262,2.3060897984886646
PEI5mgmL_80°C_Des.TXT,PEI5mgmL,80°C,Des,1309,3954.5750000000003,100.0,332530.0,6.446687783375315,4.133082871536523,2.313604911838792
PEI5mgmL_80°C_Des.TXT,PEI5mgmL,80°C,Des,1310,3957.0750000000003,100.0,332530.0,6.446672040302267,4.125841057934508,2.3208309823677586
PEI5mgmL_80°C_Des.TXT,PEI5mgmL,80°C,Des,1311,3959.6749999999997,100.0,332530.0,6.446655667506297,4.118309571788414,2.328346095717883
PEI5mgmL_80°C_Des.TXT,PEI5mgmL,80°C,Des,1312,3962.0750000000003,100.0,332530.0,6.446640554156171,4.111357430730478,2.335283123425693
PEI5mgmL_80°C_Des.TXT,PEI5mgmL,80°C,Des,1313,3964.5750000000003,100.0,332530.0,6.446624811083123,4.104115617128463,2.34250919395466
PEI5mgmL_80°C_Des.TXT,PEI5mgmL,80°C,Des,1314,3967.1749999999997,100.0,332530.0,6.446608438287154,4.096584130982369,2.3500243073047846
PEI5mgmL_80°C_Des.TXT,PEI5mgmL,80°C,Des,1315,3969.775,100.0,332530.0,6.446592065491184,4.089052644836272,2.357539420654912
PEI5mgmL_80°C_Des.TXT,PEI5mgmL,80°C,Des,1316,3972.3749999999995,100.0,332530.0,6.446575692695214,4.081521158690178,2.3650545340050364
PEI5mgmL_80°C_Des.TXT,PEI5mgmL,80°C,Des,1317,3975.0750000000003,100.0,332530.0,6.446558690176322,4.0737,2.3728586901763222
PEI5mgmL_80°C_Des.TXT,PEI5mgmL,80°C,Des,1318,3977.8749999999995,100.0,332530.0,6.446541057934509,4.069479207920793,2.3770618500137157
PEI5mgmL_80°C_Des.TXT,PEI5mgmL,80°C,Des,1319,3984.3749999999995,100.0,332530.0,6.446500125944584,4.05968094059406,2.3868191853505243
PEI5mgmL_80°C_Des.TXT,PEI5mgmL,80°C,Des,1320,3992.475,100.0,332530.0,6.446449118387909,4.047470792079208,2.3989783263087006
PEI5mgmL_80°C_Des.TXT,PEI5mgmL,80°C,Des,1321,4000.275,100.0,332530.0,6.4464,4.035712871287129,2.410687128712871
PEI5mgmL_80°C_Des.TXT,PEI5mgmL,80°C,Des,1322,4002.8749999999995,100.0,332530.0,6.446377391304347,4.031793564356436,2.4145838269479114
PEI5mgmL_80°C_Des.TXT,PEI5mgmL,80°C,Des,1323,4005.5750000000003,100.0,332530.0,6.446353913043478,4.027723514851485,2.4186303981919934
PEI5mgmL_80°C_Des.TXT,PEI5mgmL,80°C,Des,1324,4008.475,100.0,332530.0,6.4463286956521735,4.0233519801980195,2.422976715454154
PEI5mgmL_80°C_Des.TXT,PEI5mgmL,80°C,Des,1325,4010.975,100.0,332530.0,6.446306956521739,4.019583415841584,2.426723540680155
PEI5mgmL_80°C_Des.TXT,PEI5mgmL,80°C,Des,1326,4013.775,100.0,332530.0,6.446282608695652,4.015362623762376,2.4309199849332765
PEI5mgmL_80°C_Des.TXT,PEI5mgmL,80°C,Des,1327,4018.775,100.0,332530.0,6.446239130434782,4.007825495049505,2.4384136353852774
PEI5mgmL_80°C_Des.TXT,PEI5mgmL,80°C,Des,1328,4021.3749999999995,100.0,332530.0,6.446216521739131,4.003906188118813,2.442310333620318
PEI5mgmL_80°C_Des.TXT,PEI5mgmL,80°C,Des,1329,4023.975,100.0,332530.0,6.446193913043478,3.9999868811881187,2.4462070318553595
PEI5mgmL_80°C_Des.TXT,PEI5mgmL,80°C,Des,1330,4026.6749999999997,100.0,332530.0,6.4461704347826085,3.9959168316831684,2.45025360309944
PEI5mgmL_80°C_Des.TXT,PEI5mgmL,80°C,Des,1331,4029.0750000000003,100.0,332530.0,6.446149565217391,3.9922990099009894,2.453850555316402
PEI5mgmL_80°C_Des.TXT,PEI5mgmL,80°C,Des,1332,4031.975,100.0,332530.0,6.446124347826087,3.9879274752475244,2.458196872578563
PEI5mgmL_80°C_Des.TXT,PEI5mgmL,80°C,Des,1333,4034.6749999999997,100.0,332530.0,6.4461008695652176,3.9838574257425745,2.462243443822643
PEI5mgmL_80°C_Des.TXT,PEI5mgmL,80°C,Des,1334,4037.3749999999995,100.0,332530.0,6.446077391304348,3.979787376237624,2.4662900150667237
PEI5mgmL_80°C_Des.TXT,PEI5mgmL,80°C,Des,1335,4040.0750000000003,100.0,332530.0,6.446053913043478,3.9757173267326724,2.4703365863108058
PEI5mgmL_80°C_Des.TXT,PEI5mgmL,80°C,Des,1336,4042.6749999999997,100.0,332530.0,6.446031304347827,3.97179801980198,2.4742332845458463
PEI5mgmL_80°C_Des.TXT,PEI5mgmL,80°C,Des,1337,4045.0750000000003,100.0,332530.0,6.446010434782608,3.9681801980198013,2.477830236762807
PEI5mgmL_80°C_Des.TXT,PEI5mgmL,80°C,Des,1338,4047.975,100.0,332530.0,6.445985217391304,3.9638086633663363,2.482176554024968
PEI5mgmL_80°C_Des.TXT,PEI5mgmL,80°C,Des,1339,4050.5750000000003,100.0,332530.0,6.445962608695653,3.9598893564356428,2.48607325226001
PEI5mgmL_80°C_Des.TXT,PEI5mgmL,80°C,Des,1340,4053.275,100.0,332530.0,6.445939130434783,3.9558193069306924,2.4901198235040907
PEI5mgmL_80°C_Des.TXT,PEI5mgmL,80°C,Des,1341,4055.8749999999995,100.0,332530.0,6.4459165217391305,3.9519,2.4940165217391304
PEI5mgmL_80°C_Des.TXT,PEI5mgmL,80°C,Des,1342,4058.975,100.0,332530.0,6.445889565217391,3.951654648241206,2.4942349169761853
PEI5mgmL_80°C_Des.TXT,PEI5mgmL,80°C,Des,1343,4065.3749999999995,100.0,332530.0,6.4458339130434785,3.95114811557789,2.4946857974655887
PEI5mgmL_80°C_Des.TXT,PEI5mgmL,80°C,Des,1344,4072.975,100.0,332530.0,6.445767826086957,3.950546608040201,2.495221218046756
PEI5mgmL_80°C_Des.TXT,PEI5mgmL,80°C,Des,1345,4080.775,100.0,332530.0,6.4457,3.949929271356784,2.4957707286432163
PEI5mgmL_80°C_Des.TXT,PEI5mgmL,80°C,Des,1346,4083.3749999999995,100.0,332530.0,6.445680597014926,3.949723492462312,2.495957104552614
PEI5mgmL_80°C_Des.TXT,PEI5mgmL,80°C,Des,1347,4085.8749999999995,100.0,332530.0,6.445661940298508,3.949525628140704,2.496136312157804
PEI5mgmL_80°C_Des.TXT,PEI5mgmL,80°C,Des,1348,4088.475,100.0,332530.0,6.445642537313433,3.949319849246231,2.496322688067202
PEI5mgmL_80°C_Des.TXT,PEI5mgmL,80°C,Des,1349,4090.975,100.0,332530.0,6.445623880597015,3.9491219849246235,2.4965018956723917
PEI5mgmL_80°C_Des.TXT,PEI5mgmL,80°C,Des,1350,4093.5750000000003,100.0,332530.0,6.4456044776119406,3.948916206030151,2.4966882715817897
PEI5mgmL_80°C_Des.TXT,PEI5mgmL,80°C,Des,1351,4098.775000000001,100.0,332530.0,6.445565671641791,3.9485046482412063,2.497061023400585
PEI5mgmL_80°C_Des.TXT,PEI5mgmL,80°C,Des,1352,4101.375,100.0,332530.0,6.445546268656717,3.948298869346734,2.4972473993099826
PEI5mgmL_80°C_Des.TXT,PEI5mgmL,80°C,Des,1353,4104.075000000001,100.0,332530.0,6.445526119402985,3.948085175879397,2.4974409435235883
PEI5mgmL_80°C_Des.TXT,PEI5mgmL,80°C,Des,1354,4106.675,100.0,332530.0,6.445506716417911,3.947879396984925,2.497627319432986
PEI5mgmL_80°C_Des.TXT,PEI5mgmL,80°C,Des,1355,4109.175,100.0,332530.0,6.445488059701493,3.947681532663317,2.497806527038176
PEI5mgmL_80°C_Des.TXT,PEI5mgmL,80°C,Des,1356,4112.075000000001,100.0,332530.0,6.445466417910448,3.9474520100502515,2.4980144078601967
PEI5mgmL_80°C_Des.TXT,PEI5mgmL,80°C,Des,1357,4114.575000000001,100.0,332530.0,6.44544776119403,3.9472541457286434,2.4981936154653868
PEI5mgmL_80°C_Des.TXT,PEI5mgmL,80°C,Des,1358,4117.275000000001,100.0,332530.0,6.445427611940299,3.9470404522613065,2.4983871596789924
PEI5mgmL_80°C_Des.TXT,PEI5mgmL,80°C,Des,1359,4119.875,100.0,332530.0,6.445408208955224,3.9468346733668342,2.49857353558839
PEI5mgmL_80°C_Des.TXT,PEI5mgmL,80°C,Des,1360,4122.375,100.0,332530.0,6.445389552238806,3.946636809045226,2.49875274319358
PEI5mgmL_80°C_Des.TXT,PEI5mgmL,80°C,Des,1361,4124.875,100.0,332530.0,6.445370895522388,3.946438944723618,2.49893195079877
PEI5mgmL_80°C_Des.TXT,PEI5mgmL,80°C,Des,1362,4127.475,100.0,332530.0,6.445351492537314,3.946233165829146,2.499118326708168
PEI5mgmL_80°C_Des.TXT,PEI5mgmL,80°C,Des,1363,4130.175,100.0,332530.0,6.445331343283582,3.9460194723618094,2.499311870921773
PEI5mgmL_80°C_Des.TXT,PEI5mgmL,80°C,Des,1364,4132.775000000001,100.0,332530.0,6.445311940298508,3.9458136934673367,2.499498246831171
PEI5mgmL_80°C_Des.TXT,PEI5mgmL,80°C,Des,1365,4135.475,100.0,332530.0,6.4452917910447765,3.9456,2.4996917910447762
PEI5mgmL_80°C_Des.TXT,PEI5mgmL,80°C,Des,1366,4138.175,100.0,332530.0,6.445271641791045,3.9453897404202722,2.499881901370773
PEI5mgmL_80°C_Des.TXT,PEI5mgmL,80°C,Des,1367,4145.175,100.0,332530.0,6.4452194029850745,3.9448446229913476,2.500374779993727
PEI5mgmL_80°C_Des.TXT,PEI5mgmL,80°C,Des,1368,4152.975,100.0,332530.0,6.4451611940298505,3.9442372064276885,2.500923987602162
PEI5mgmL_80°C_Des.TXT,PEI5mgmL,80°C,Des,1369,4161.175,100.0,332530.0,6.4451,3.9435986402966625,2.5015013597033375
PEI5mgmL_80°C_Des.TXT,PEI5mgmL,80°C,Des,1370,4163.675,100.0,332530.0,6.445087515605493,3.943403955500618,2.5016835601048752
PEI5mgmL_80°C_Des.TXT,PEI5mgmL,80°C,Des,1371,4166.475,100.0,332530.0,6.4450735330836455,3.943185908529048,2.5018876245545973
PEI5mgmL_80°C_Des.TXT,PEI5mgmL,80°C,Des,1372,4168.975,100.0,332530.0,6.445061048689139,3.942991223733004,2.502069824956135
PEI5mgmL_80°C_Des.TXT,PEI5mgmL,80°C,Des,1373,4171.775000000001,100.0,332530.0,6.445047066167291,3.942773176761434,2.502273889405857
PEI5mgmL_80°C_Des.TXT,PEI5mgmL,80°C,Des,1374,4174.375,100.0,332530.0,6.445034082397004,3.9425707045735474,2.502463377823456
PEI5mgmL_80°C_Des.TXT,PEI5mgmL,80°C,Des,1375,4179.675,100.0,332530.0,6.445007615480649,3.942157972805933,2.502849642674716
PEI5mgmL_80°C_Des.TXT,PEI5mgmL,80°C,Des,1376,4182.375,100.0,332530.0,6.444994132334582,3.941947713226205,2.5030464191083768
PEI5mgmL_80°C_Des.TXT,PEI5mgmL,80°C,Des,1377,4184.975,100.0,332530.0,6.4449811485642945,3.9417452410383187,2.503235907525976
PEI5mgmL_80°C_Des.TXT,PEI5mgmL,80°C,Des,1378,4187.675,100.0,332530.0,6.444967665418227,3.9415349814585907,2.5034326839596366
PEI5mgmL_80°C_Des.TXT,PEI5mgmL,80°C,Des,1379,4190.075000000001,100.0,332530.0,6.4449556803995005,3.941348084054388,2.5036075963451125
PEI5mgmL_80°C_Des.TXT,PEI5mgmL,80°C,Des,1380,4192.675,100.0,332530.0,6.444942696629213,3.9411456118665016,2.5037970847627116
PEI5mgmL_80°C_Des.TXT,PEI5mgmL,80°C,Des,1381,4195.375,100.0,332530.0,6.444929213483146,3.9409353522867736,2.5039938611963724
PEI5mgmL_80°C_Des.TXT,PEI5mgmL,80°C,Des,1382,4197.975,100.0,332530.0,6.444916229712859,3.9407328800988872,2.5041833496139714
PEI5mgmL_80°C_Des.TXT,PEI5mgmL,80°C,Des,1383,4200.775000000001,100.0,332530.0,6.444902247191012,3.9405148331273177,2.504387414063694
PEI5mgmL_80°C_Des.TXT,PEI5mgmL,80°C,Des,1384,4203.475,100.0,332530.0,6.4448887640449435,3.9403045735475897,2.504584190497354
PEI5mgmL_80°C_Des.TXT,PEI5mgmL,80°C,Des,1385,4205.975,100.0,332530.0,6.444876279650437,3.940109888751545,2.504766390898892
PEI5mgmL_80°C_Des.TXT,PEI5mgmL,80°C,Des,1386,4208.675,100.0,332530.0,6.44486279650437,3.939899629171817,2.5049631673325528
PEI5mgmL_80°C_Des.TXT,PEI5mgmL,80°C,Des,1387,4211.275000000001,100.0,332530.0,6.444849812734082,3.9396971569839305,2.505152655750152
PEI5mgmL_80°C_Des.TXT,PEI5mgmL,80°C,Des,1388,4213.775000000001,100.0,332530.0,6.444837328339576,3.939502472187886,2.5053348561516895
PEI5mgmL_80°C_Des.TXT,PEI5mgmL,80°C,Des,1389,4216.375,100.0,332530.0,6.444824344569288,3.9393,2.5055243445692885
PEI5mgmL_80°C_Des.TXT,PEI5mgmL,80°C,Des,1390,4218.975,100.0,332530.0,6.444811360799001,3.9390974874371856,2.5057138733618154
PEI5mgmL_80°C_Des.TXT,PEI5mgmL,80°C,Des,1391,4225.775000000001,100.0,332530.0,6.444777403245943,3.9385678391959797,2.506209564049963
PEI5mgmL_80°C_Des.TXT,PEI5mgmL,80°C,Des,1392,4233.575000000001,100.0,332530.0,6.444738451935081,3.9379603015075375,2.506778150427544
PEI5mgmL_80°C_Des.TXT,PEI5mgmL,80°C,Des,1393,4241.275000000001,100.0,332530.0,6.4447,3.937360552763819,2.507339447236181
PEI5mgmL_80°C_Des.TXT,PEI5mgmL,80°C,Des,1394,4243.975,100.0,332530.0,6.444683208955224,3.9371502512562815,2.5075329576989427
PEI5mgmL_80°C_Des.TXT,PEI5mgmL,80°C,Des,1395,4246.375,100.0,332530.0,6.444668283582089,3.9369633165829145,2.507704966999175
PEI5mgmL_80°C_Des.TXT,PEI5mgmL,80°C,Des,1396,4249.175,100.0,332530.0,6.4446508706467664,3.936745226130653,2.5079056445161134
PEI5mgmL_80°C_Des.TXT,PEI5mgmL,80°C,Des,1397,4251.675,100.0,332530.0,6.444635323383085,3.9365505025125627,2.508084820870522
PEI5mgmL_80°C_Des.TXT,PEI5mgmL,80°C,Des,1398,4254.475,100.0,332530.0,6.444617910447762,3.9363324120603016,2.50828549838746
PEI5mgmL_80°C_Des.TXT,PEI5mgmL,80°C,Des,1399,4259.875,100.0,332530.0,6.444584328358209,3.935911809045226,2.508672519312983
PEI5mgmL_80°C_Des.TXT,PEI5mgmL,80°C,Des,1400,4262.375,100.0,332530.0,6.444568781094527,3.9357170854271355,2.5088516956673916
PEI5mgmL_80°C_Des.TXT,PEI5mgmL,80°C,Des,1401,4264.975,100.0,332530.0,6.444552611940298,3.9355145728643217,2.5090380390759766
PEI5mgmL_80°C_Des.TXT,PEI5mgmL,80°C,Des,1402,4267.575000000001,100.0,332530.0,6.444536442786069,3.9353120603015075,2.509224382484562
PEI5mgmL_80°C_Des.TXT,PEI5mgmL,80°C,Des,1403,4269.975,100.0,332530.0,6.4445215174129356,3.9351251256281405,2.509396391784795
PEI5mgmL_80°C_Des.TXT,PEI5mgmL,80°C,Des,1404,4272.775000000001,100.0,332530.0,6.444504104477613,3.9349070351758795,2.509597069301733
PEI5mgmL_80°C_Des.TXT,PEI5mgmL,80°C,Des,1405,4275.275000000001,100.0,332530.0,6.444488557213931,3.934712311557789,2.5097762456561417
PEI5mgmL_80°C_Des.TXT,PEI5mgmL,80°C,Des,1406,4277.975,100.0,332530.0,6.444471766169155,3.934502010050251,2.509969756118904
PEI5mgmL_80°C_Des.TXT,PEI5mgmL,80°C,Des,1407,4280.575000000001,100.0,332530.0,6.444455597014926,3.9342994974874372,2.5101560995274887
PEI5mgmL_80°C_Des.TXT,PEI5mgmL,80°C,Des,1408,4283.175,100.0,332530.0,6.444439427860697,3.934096984924623,2.510342442936074
PEI5mgmL_80°C_Des.TXT,PEI5mgmL,80°C,Des,1409,4285.675,100.0,332530.0,6.444423880597015,3.9339022613065326,2.5105216192904827
PEI5mgmL_80°C_Des.TXT,PEI5mgmL,80°C,Des,1410,4288.175,100.0,332530.0,6.4444083333333335,3.9337075376884423,2.5107007956448912
PEI5mgmL_80°C_Des.TXT,PEI5mgmL,80°C,Des,1411,4290.875,100.0,332530.0,6.444391542288558,3.9334972361809046,2.510894306107653
PEI5mgmL_80°C_Des.TXT,PEI5mgmL,80°C,Des,1412,4293.275000000001,100.0,332530.0,6.444376616915423,3.9333103015075377,2.511066315407885
PEI5mgmL_80°C_Des.TXT,PEI5mgmL,80°C,Des,1413,4295.975,100.0,332530.0,6.444359825870647,3.9331,2.511259825870647
PEI5mgmL_80°C_Des.TXT,PEI5mgmL,80°C,Des,1414,4298.775000000001,100.0,332530.0,6.444342412935324,3.932878947368421,2.511463465566903
PEI5mgmL_80°C_Des.TXT,PEI5mgmL,80°C,Des,1415,4305.775000000001,100.0,332530.0,6.444298880597016,3.932326315789474,2.5119725648075417
PEI5mgmL_80°C_Des.TXT,PEI5mgmL,80°C,Des,1416,4313.375,100.0,332530.0,6.444251616915423,3.931726315789474,2.512525301125949
PEI5mgmL_80°C_Des.TXT,PEI5mgmL,80°C,Des,1417,4321.675,100.0,332530.0,6.4442,3.931071052631579,2.5131289473684215
PEI5mgmL_80°C_Des.TXT,PEI5mgmL,80°C,Des,1418,4324.075000000001,100.0,332530.0,6.444193924050634,3.9308815789473686,2.513312345103265
PEI5mgmL_80°C_Des.TXT,PEI5mgmL,80°C,Des,1419,4326.575000000001,100.0,332530.0,6.444187594936709,3.930684210526316,2.5135033844103933
PEI5mgmL_80°C_Des.TXT,PEI5mgmL,80°C,Des,1420,4329.275000000001,100.0,332530.0,6.444180759493671,3.930471052631579,2.513709706862092
PEI5mgmL_80°C_Des.TXT,PEI5mgmL,80°C,Des,1421,4331.775000000001,100.0,332530.0,6.444174430379747,3.930273684210526,2.513900746169221
PEI5mgmL_80°C_Des.TXT,PEI5mgmL,80°C,Des,1422,4334.275000000001,100.0,332530.0,6.444168101265823,3.930076315789474,2.514091785476349
PEI5mgmL_80°C_Des.TXT,PEI5mgmL,80°C,Des,1423,4339.175,100.0,332530.0,6.444155696202532,3.9296894736842107,2.5144662225183216
PEI5mgmL_80°C_Des.TXT,PEI5mgmL,80°C,Des,1424,4341.875,100.0,332530.0,6.444148860759494,3.929476315789474,2.5146725449700202
PEI5mgmL_80°C_Des.TXT,PEI5mgmL,80°C,Des,1425,4344.475,100.0,332530.0,6.444142278481013,3.929271052631579,2.5148712258494337
PEI5mgmL_80°C_Des.TXT,PEI5mgmL,80°C,Des,1426,4347.175,100.0,332530.0,6.444135443037975,3.929057894736842,2.515077548301133
PEI5mgmL_80°C_Des.TXT,PEI5mgmL,80°C,Des,1427,4349.675,100.0,332530.0,6.444129113924051,3.9288605263157894,2.5152685876082614
PEI5mgmL_80°C_Des.TXT,PEI5mgmL,80°C,Des,1428,4352.475,100.0,332530.0,6.444122025316456,3.9286394736842105,2.515482551632245
PEI5mgmL_80°C_Des.TXT,PEI5mgmL,80°C,Des,1429,4355.075000000001,100.0,332530.0,6.444115443037975,3.9284342105263157,2.5156812325116595
PEI5mgmL_80°C_Des.TXT,PEI5mgmL,80°C,Des,1430,4357.775000000001,100.0,332530.0,6.444108607594937,3.928221052631579,2.515887554963358
PEI5mgmL_80°C_Des.TXT,PEI5mgmL,80°C,Des,1431,4360.375,100.0,332530.0,6.444102025316456,3.9280157894736845,2.516086235842771
PEI5mgmL_80°C_Des.TXT,PEI5mgmL,80°C,Des,1432,4362.775000000001,100.0,332530.0,6.444095949367089,3.9278263157894737,2.516269633577615
PEI5mgmL_80°C_Des.TXT,PEI5mgmL,80°C,Des,1433,4365.375,100.0,332530.0,6.4440893670886075,3.927621052631579,2.5164683144570286
PEI5mgmL_80°C_Des.TXT,PEI5mgmL,80°C,Des,1434,4367.975,100.0,332530.0,6.444082784810127,3.927415789473684,2.516666995336443
PEI5mgmL_80°C_Des.TXT,PEI5mgmL,80°C,Des,1435,4370.675,100.0,332530.0,6.444075949367089,3.9272026315789477,2.516873317788141
PEI5mgmL_80°C_Des.TXT,PEI5mgmL,80°C,Des,1436,4373.075000000001,100.0,332530.0,6.444069873417722,3.927013157894737,2.517056715522985
PEI5mgmL_80°C_Des.TXT,PEI5mgmL,80°C,Des,1437,4375.775000000001,100.0,332530.0,6.444063037974684,3.9268,2.5172630379746836
PEI5mgmL_80°C_Des.TXT,PEI5mgmL,80°C,Des,1438,4378.475,100.0,332530.0,6.4440562025316455,3.926583211678832,2.5174729908528133
PEI5mgmL_80°C_Des.TXT,PEI5mgmL,80°C,Des,1439,4384.975,100.0,332530.0,6.444039746835443,3.926061313868613,2.51797843296683
PEI5mgmL_80°C_Des.TXT,PEI5mgmL,80°C,Des,1440,4392.675,100.0,332530.0,6.444020253164557,3.9254430656934307,2.5185771874711262
PEI5mgmL_80°C_Des.TXT,PEI5mgmL,80°C,Des,1441,4400.675,100.0,332530.0,6.444,3.924800729927007,2.519199270072993
PEI5mgmL_80°C_Des.TXT,PEI5mgmL,80°C,Des,1442,4403.475,100.0,332530.0,6.443996581196581,3.924575912408759,2.519420668787822
PEI5mgmL_80°C_Des.TXT,PEI5mgmL,80°C,Des,1443,4406.075000000001,100.0,332530.0,6.443993406593407,3.9243671532846713,2.5196262533087355
PEI5mgmL_80°C_Des.TXT,PEI5mgmL,80°C,Des,1444,4408.775000000001,100.0,332530.0,6.44399010989011,3.9241503649635034,2.5198397449266063
PEI5mgmL_80°C_Des.TXT,PEI5mgmL,80°C,Des,1445,4411.175,100.0,332530.0,6.44398717948718,3.9239576642335767,2.520029515253603
PEI5mgmL_80°C_Des.TXT,PEI5mgmL,80°C,Des,1446,4414.175,100.0,332530.0,6.443983516483517,3.923716788321168,2.5202667281623485
PEI5mgmL_80°C_Des.TXT,PEI5mgmL,80°C,Des,1447,4419.475,100.0,332530.0,6.4439770451770455,3.9232912408759124,2.520685804301133
PEI5mgmL_80°C_Des.TXT,PEI5mgmL,80°C,Des,1448,4421.875,100.0,332530.0,6.4439741147741145,3.9230985401459852,2.5208755746281293
PEI5mgmL_80°C_Des.TXT,PEI5mgmL,80°C,Des,1449,4424.475,100.0,332530.0,6.44397094017094,3.922889781021898,2.5210811591490425
PEI5mgmL_80°C_Des.TXT,PEI5mgmL,80°C,Des,1450,4427.075000000001,100.0,332530.0,6.443967765567765,3.92268102189781,2.5212867436699553
PEI5mgmL_80°C_Des.TXT,PEI5mgmL,80°C,Des,1451,4429.575000000001,100.0,332530.0,6.443964713064713,3.922480291970803,2.5214844210939105
PEI5mgmL_80°C_Des.TXT,PEI5mgmL,80°C,Des,1452,4432.275000000001,100.0,332530.0,6.443961416361416,3.922263503649635,2.5216979127117813
PEI5mgmL_80°C_Des.TXT,PEI5mgmL,80°C,Des,1453,4434.875,100.0,332530.0,6.443958241758242,3.9220547445255476,2.5219034972326946
PEI5mgmL_80°C_Des.TXT,PEI5mgmL,80°C,Des,1454,4437.275000000001,100.0,332530.0,6.443955311355311,3.9218620437956204,2.5220932675596908
PEI5mgmL_80°C_Des.TXT,PEI5mgmL,80°C,Des,1455,4439.875,100.0,332530.0,6.443952136752137,3.9216532846715326,2.5222988520806044
PEI5mgmL_80°C_Des.TXT,PEI5mgmL,80°C,Des,1456,4442.375,100.0,332530.0,6.443949084249084,3.9214525547445254,2.5224965295045587
PEI5mgmL_80°C_Des.TXT,PEI5mgmL,80°C,Des,1457,4444.975,100.0,332530.0,6.44394590964591,3.921243795620438,2.522702114025472
PEI5mgmL_80°C_Des.TXT,PEI5mgmL,80°C,Des,1458,4447.675,100.0,332530.0,6.443942612942613,3.92102700729927,2.522915605643343
PEI5mgmL_80°C_Des.TXT,PEI5mgmL,80°C,Des,1459,4452.775000000001,100.0,332530.0,6.443936385836386,3.920617518248175,2.523318867588211
PEI5mgmL_80°C_Des.TXT,PEI5mgmL,80°C,Des,1460,4455.175,100.0,332530.0,6.443933455433456,3.920424817518248,2.523508637915208
PEI5mgmL_80°C_Des.TXT,PEI5mgmL,80°C,Des,1461,4457.975,100.0,332530.0,6.443930036630037,3.9202,2.523730036630037
PEI5mgmL_80°C_Des.TXT,PEI5mgmL,80°C,Des,1462,4460.675,100.0,332530.0,6.44392673992674,3.9199851897184823,2.5239415502082574
PEI5mgmL_80°C_Des.TXT,PEI5mgmL,80°C,Des,1463,4467.075000000001,100.0,332530.0,6.4439189255189255,3.9194760097919215,2.524442915727004
PEI5mgmL_80°C_Des.TXT,PEI5mgmL,80°C,Des,1464,4474.775000000001,100.0,332530.0,6.443909523809524,3.918863402692778,2.525046121116746
PEI5mgmL_80°C_Des.TXT,PEI5mgmL,80°C,Des,1465,4482.575000000001,100.0,332530.0,6.4439,3.9182428396572826,2.5256571603427176
PEI5mgmL_80°C_Des.TXT,PEI5mgmL,80°C,Des,1466,4485.075000000001,100.0,332530.0,6.443896954933009,3.9180439412484698,2.525853013684539
PEI5mgmL_80°C_Des.TXT,PEI5mgmL,80°C,Des,1467,4487.775000000001,100.0,332530.0,6.443893666260658,3.917829130966952,2.526064535293706
PEI5mgmL_80°C_Des.TXT,PEI5mgmL,80°C,Des,1468,4490.275000000001,100.0,332530.0,6.443890621193667,3.9176302325581394,2.5262603886355275
PEI5mgmL_80°C_Des.TXT,PEI5mgmL,80°C,Des,1469,4492.975,100.0,332530.0,6.4438873325213155,3.9174154222766218,2.5264719102446938
PEI5mgmL_80°C_Des.TXT,PEI5mgmL,80°C,Des,1470,4495.575000000001,100.0,332530.0,6.443884165651644,3.9172085679314566,2.5266755977201876
PEI5mgmL_80°C_Des.TXT,PEI5mgmL,80°C,Des,1471,4500.675,100.0,332530.0,6.443877953714982,3.9168028151774785,2.5270751385375037
PEI5mgmL_80°C_Des.TXT,PEI5mgmL,80°C,Des,1472,4503.075000000001,100.0,332530.0,6.44387503045067,3.916611872705018,2.5272631577456517
PEI5mgmL_80°C_Des.TXT,PEI5mgmL,80°C,Des,1473,4505.875,100.0,332530.0,6.443871619975639,3.916389106487148,2.5274825134884913
PEI5mgmL_80°C_Des.TXT,PEI5mgmL,80°C,Des,1474,4508.475,100.0,332530.0,6.443868453105969,3.916182252141983,2.527686200963986
PEI5mgmL_80°C_Des.TXT,PEI5mgmL,80°C,Des,1475,4511.175,100.0,332530.0,6.443865164433618,3.915967441860465,2.5278977225731527
PEI5mgmL_80°C_Des.TXT,PEI5mgmL,80°C,Des,1476,4513.775000000001,100.0,332530.0,6.443861997563947,3.9157605875152997,2.5281014100486474
PEI5mgmL_80°C_Des.TXT,PEI5mgmL,80°C,Des,1477,4516.475,100.0,332530.0,6.443858708891596,3.915545777233782,2.5283129316578137
PEI5mgmL_80°C_Des.TXT,PEI5mgmL,80°C,Des,1478,4518.875,100.0,332530.0,6.443855785627284,3.915354834761322,2.528500950865962
PEI5mgmL_80°C_Des.TXT,PEI5mgmL,80°C,Des,1479,4521.775000000001,100.0,332530.0,6.443852253349574,3.9151241126070992,2.5287281407424747
PEI5mgmL_80°C_Des.TXT,PEI5mgmL,80°C,Des,1480,4524.175,100.0,332530.0,6.443849330085262,3.914933170134639,2.5289161599506236
PEI5mgmL_80°C_Des.TXT,PEI5mgmL,80°C,Des,1481,4526.575000000001,100.0,332530.0,6.44384640682095,3.914742227662179,2.529104179158771
PEI5mgmL_80°C_Des.TXT,PEI5mgmL,80°C,Des,1482,4529.175,100.0,332530.0,6.4438432399512795,3.9145353733170136,2.529307866634266
PEI5mgmL_80°C_Des.TXT,PEI5mgmL,80°C,Des,1483,4534.475,100.0,332530.0,6.443836784409258,3.9141137086903304,2.5297230757189273
PEI5mgmL_80°C_Des.TXT,PEI5mgmL,80°C,Des,1484,4536.875,100.0,332530.0,6.443833861144945,3.9139227662178704,2.529911094927075
PEI5mgmL_80°C_Des.TXT,PEI5mgmL,80°C,Des,1485,4539.675,100.0,332530.0,6.443830450669915,3.9137,2.530130450669915
PEI5mgmL_80°C_Des.TXT,PEI5mgmL,80°C,Des,1486,4542.375,100.0,332530.0,6.4438271619975644,3.913498901098901,2.5303282608986635
PEI5mgmL_80°C_Des.TXT,PEI5mgmL,80°C,Des,1487,4548.775000000001,100.0,332530.0,6.443819366626066,3.913022222222222,2.5307971444038437
PEI5mgmL_80°C_Des.TXT,PEI5mgmL,80°C,Des,1488,4556.575000000001,100.0,332530.0,6.443809866017053,3.9124412698412696,2.531368596175783
PEI5mgmL_80°C_Des.TXT,PEI5mgmL,80°C,Des,1489,4564.675,100.0,332530.0,6.4438,3.911837973137973,2.5319620268620273
PEI5mgmL_80°C_Des.TXT,PEI5mgmL,80°C,Des,1490,4567.075000000001,100.0,332530.0,6.443802916160389,3.9116592185592185,2.5321436976011706
PEI5mgmL_80°C_Des.TXT,PEI5mgmL,80°C,Des,1491,4569.875,100.0,332530.0,6.44380631834751,3.9114506715506714,2.5323556467968382
PEI5mgmL_80°C_Des.TXT,PEI5mgmL,80°C,Des,1492,4572.375,100.0,332530.0,6.443809356014581,3.9112644688644687,2.5325448871501126
PEI5mgmL_80°C_Des.TXT,PEI5mgmL,80°C,Des,1493,4575.175,100.0,332530.0,6.443812758201702,3.911055921855922,2.5327568363457797
PEI5mgmL_80°C_Des.TXT,PEI5mgmL,80°C,Des,1494,4577.775000000001,100.0,332530.0,6.443815917375456,3.910862271062271,2.532953646313185
PEI5mgmL_80°C_Des.TXT,PEI5mgmL,80°C,Des,1495,4582.875,100.0,332530.0,6.443822114216283,3.9104824175824175,2.533339696633865
PEI5mgmL_80°C_Des.TXT,PEI5mgmL,80°C,Des,1496,4585.675,100.0,332530.0,6.443825516403402,3.9102738705738704,2.5335516458295317
PEI5mgmL_80°C_Des.TXT,PEI5mgmL,80°C,Des,1497,4588.175,100.0,332530.0,6.443828554070474,3.9100876678876677,2.533740886182806
PEI5mgmL_80°C_Des.TXT,PEI5mgmL,80°C,Des,1498,4590.975,100.0,332530.0,6.443831956257594,3.909879120879121,2.5339528353784733
PEI5mgmL_80°C_Des.TXT,PEI5mgmL,80°C,Des,1499,4593.375,100.0,332530.0,6.443834872417983,3.9097003663003664,2.5341345061176166
PEI5mgmL_80°C_Des.TXT,PEI5mgmL,80°C,Des,1500,4596.275000000001,100.0,332530.0,6.443838396111786,3.909484371184371,2.5343540249274152
PEI5mgmL_80°C_Des.TXT,PEI5mgmL,80°C,Des,1501,4598.875,100.0,332530.0,6.443841555285541,3.9092907203907203,2.5345508348948207
PEI5mgmL_80°C_Des.TXT,PEI5mgmL,80°C,Des,1502,4601.275000000001,100.0,332530.0,6.44384447144593,3.9091119658119657,2.534732505633964
PEI5mgmL_80°C_Des.TXT,PEI5mgmL,80°C,Des,1503,4603.875,100.0,332530.0,6.443847630619684,3.908918315018315,2.5349293156013695
PEI5mgmL_80°C_Des.TXT,PEI5mgmL,80°C,Des,1504,4606.375,100.0,332530.0,6.443850668286756,3.908732112332112,2.535118555954644
PEI5mgmL_80°C_Des.TXT,PEI5mgmL,80°C,Des,1505,4608.775000000001,100.0,332530.0,6.443853584447145,3.9085533577533575,2.535300226693787
PEI5mgmL_80°C_Des.TXT,PEI5mgmL,80°C,Des,1506,4611.475,100.0,332530.0,6.443856865127582,3.908352258852259,2.5355046062753233
PEI5mgmL_80°C_Des.TXT,PEI5mgmL,80°C,Des,1507,4616.475,100.0,332530.0,6.443862940461726,3.9079798534798535,2.535883086981872
PEI5mgmL_80°C_Des.TXT,PEI5mgmL,80°C,Des,1508,4618.975,100.0,332530.0,6.443865978128797,3.907793650793651,2.5360723273351464
PEI5mgmL_80°C_Des.TXT,PEI5mgmL,80°C,Des,1509,4621.575000000001,100.0,332530.0,6.443869137302552,3.9076,2.536269137302552
PEI5mgmL_80°C_Des.TXT,PEI5mgmL,80°C,Des,1510,4624.375,100.0,332530.0,6.443872539489672,3.9073859223300973,2.536486617159575
PEI5mgmL_80°C_Des.TXT,PEI5mgmL,80°C,Des,1511,4630.875,100.0,332530.0,6.443880437424059,3.9068889563106795,2.5369914811133794
PEI5mgmL_80°C_Des.TXT,PEI5mgmL,80°C,Des,1512,4639.075000000001,100.0,332530.0,6.4438904009720535,3.9062620145631066,2.537628386408947
PEI5mgmL_80°C_Des.TXT,PEI5mgmL,80°C,Des,1513,4646.975,100.0,332530.0,6.4439,3.9056580097087377,2.5382419902912625
PEI5mgmL_80°C_Des.TXT,PEI5mgmL,80°C,Des,1514,4649.375,100.0,332530.0,6.443885294117647,3.9054745145631067,2.5384107795545408
PEI5mgmL_80°C_Des.TXT,PEI5mgmL,80°C,Des,1515,4651.875,100.0,332530.0,6.4438699754901965,3.905283373786408,2.5385866017037886
PEI5mgmL_80°C_Des.TXT,PEI5mgmL,80°C,Des,1516,4654.475,100.0,332530.0,6.443854044117647,3.905084587378641,2.5387694567390064
PEI5mgmL_80°C_Des.TXT,PEI5mgmL,80°C,Des,1517,4657.175,100.0,332530.0,6.4438375,3.904878155339806,2.538959344660194
PEI5mgmL_80°C_Des.TXT,PEI5mgmL,80°C,Des,1518,4659.775000000001,100.0,332530.0,6.443821568627451,3.904679368932039,2.5391421996954118
PEI5mgmL_80°C_Des.TXT,PEI5mgmL,80°C,Des,1519,4665.075000000001,100.0,332530.0,6.443789093137255,3.904274150485437,2.539514942651818
PEI5mgmL_80°C_Des.TXT,PEI5mgmL,80°C,Des,1520,4667.775000000001,100.0,332530.0,6.443772549019608,3.9040677184466017,2.539704830573006
PEI5mgmL_80°C_Des.TXT,PEI5mgmL,80°C,Des,1521,4670.275000000001,100.0,332530.0,6.443757230392157,3.903876577669903,2.5398806527222537
PEI5mgmL_80°C_Des.TXT,PEI5mgmL,80°C,Des,1522,4672.775000000001,100.0,332530.0,6.443741911764706,3.9036854368932037,2.540056474871502
PEI5mgmL_80°C_Des.TXT,PEI5mgmL,80°C,Des,1523,4675.375,100.0,332530.0,6.4437259803921565,3.903486650485437,2.5402393299067194
PEI5mgmL_80°C_Des.TXT,PEI5mgmL,80°C,Des,1524,4677.875,100.0,332530.0,6.4437106617647055,3.903295509708738,2.5404151520559677
PEI5mgmL_80°C_Des.TXT,PEI5mgmL,80°C,Des,1525,4680.675,100.0,332530.0,6.443693504901961,3.903081432038835,2.5406120728631256
PEI5mgmL_80°C_Des.TXT,PEI5mgmL,80°C,Des,1526,4683.075000000001,100.0,332530.0,6.443678799019608,3.9028979368932037,2.5407808621264043
PEI5mgmL_80°C_Des.TXT,PEI5mgmL,80°C,Des,1527,4685.775000000001,100.0,332530.0,6.443662254901961,3.902691504854369,2.5409707500475918
PEI5mgmL_80°C_Des.TXT,PEI5mgmL,80°C,Des,1528,4688.175,100.0,332530.0,6.443647549019608,3.902508009708738,2.54113953931087
PEI5mgmL_80°C_Des.TXT,PEI5mgmL,80°C,Des,1529,4690.675,100.0,332530.0,6.443632230392157,3.9023168689320387,2.5413153614601183
PEI5mgmL_80°C_Des.TXT,PEI5mgmL,80°C,Des,1530,4693.375,100.0,332530.0,6.4436156862745095,3.902110436893204,2.5415052493813057
PEI5mgmL_80°C_Des.TXT,PEI5mgmL,80°C,Des,1531,4698.475,100.0,332530.0,6.443584436274509,3.901720509708738,2.5418639265657714
PEI5mgmL_80°C_Des.TXT,PEI5mgmL,80°C,Des,1532,4701.075000000001,100.0,332530.0,6.44356850490196,3.901521723300971,2.5420467816009893
PEI5mgmL_80°C_Des.TXT,PEI5mgmL,80°C,Des,1533,4703.975,100.0,332530.0,6.443550735294117,3.9013,2.5422507352941173
PEI5mgmL_80°C_Des.TXT,PEI5mgmL,80°C,Des,1534,4706.675,100.0,332530.0,6.443534191176471,3.9011024390243905,2.5424317521520803
PEI5mgmL_80°C_Des.TXT,PEI5mgmL,80°C,Des,1535,4713.075000000001,100.0,332530.0,6.443494975490196,3.9006341463414635,2.542860829148732
PEI5mgmL_80°C_Des.TXT,PEI5mgmL,80°C,Des,1536,4720.575000000001,100.0,332530.0,6.443449019607843,3.9000853658536587,2.543363653754184
PEI5mgmL_80°C_Des.TXT,PEI5mgmL,80°C,Des,1537,4728.575000000001,100.0,332530.0,6.4434,3.8995,2.5438999999999994
PEI5mgmL_80°C_Des.TXT,PEI5mgmL,80°C,Des,1538,4731.075000000001,100.0,332530.0,6.4434121654501215,3.8993170731707316,2.54409509227939
PEI5mgmL_80°C_Des.TXT,PEI5mgmL,80°C,Des,1539,4733.975,100.0,332530.0,6.443426277372263,3.8991048780487807,2.544321399323482
PEI5mgmL_80°C_Des.TXT,PEI5mgmL,80°C,Des,1540,4736.575000000001,100.0,332530.0,6.443438929440389,3.8989146341463417,2.5445242952940474
PEI5mgmL_80°C_Des.TXT,PEI5mgmL,80°C,Des,1541,4739.175,100.0,332530.0,6.443451581508516,3.8987243902439026,2.544727191264613
PEI5mgmL_80°C_Des.TXT,PEI5mgmL,80°C,Des,1542,4741.775000000001,100.0,332530.0,6.443464233576642,3.8985341463414636,2.5449300872351786
PEI5mgmL_80°C_Des.TXT,PEI5mgmL,80°C,Des,1543,4746.875,100.0,332530.0,6.443489051094891,3.8981609756097564,2.545328075485134
PEI5mgmL_80°C_Des.TXT,PEI5mgmL,80°C,Des,1544,4749.275000000001,100.0,332530.0,6.443500729927007,3.8979853658536587,2.5455153640733483
PEI5mgmL_80°C_Des.TXT,PEI5mgmL,80°C,Des,1545,4751.975,100.0,332530.0,6.443513868613138,3.8977878048780488,2.5457260637350894
PEI5mgmL_80°C_Des.TXT,PEI5mgmL,80°C,Des,1546,4754.375,100.0,332530.0,6.4435255474452555,3.8976121951219516,2.545913352323304
PEI5mgmL_80°C_Des.TXT,PEI5mgmL,80°C,Des,1547,4757.175,100.0,332530.0,6.443539172749392,3.8974073170731707,2.5461318556762214
PEI5mgmL_80°C_Des.TXT,PEI5mgmL,80°C,Des,1548,4759.775000000001,100.0,332530.0,6.4435518248175185,3.8972170731707316,2.546334751646787
PEI5mgmL_80°C_Des.TXT,PEI5mgmL,80°C,Des,1549,4762.475,100.0,332530.0,6.44356496350365,3.897019512195122,2.5465454513085275
PEI5mgmL_80°C_Des.TXT,PEI5mgmL,80°C,Des,1550,4764.875,100.0,332530.0,6.443576642335766,3.8968439024390245,2.5467327398967416
PEI5mgmL_80°C_Des.TXT,PEI5mgmL,80°C,Des,1551,4767.775000000001,100.0,332530.0,6.443590754257907,3.8966317073170735,2.5469590469408336
PEI5mgmL_80°C_Des.TXT,PEI5mgmL,80°C,Des,1552,4770.175,100.0,332530.0,6.443602433090025,3.896456097560976,2.5471463355290487
PEI5mgmL_80°C_Des.TXT,PEI5mgmL,80°C,Des,1553,4772.675,100.0,332530.0,6.443614598540146,3.8962731707317073,2.5473414278084383
PEI5mgmL_80°C_Des.TXT,PEI5mgmL,80°C,Des,1554,4775.375,100.0,332530.0,6.443627737226278,3.896075609756098,2.54755212747018
PEI5mgmL_80°C_Des.TXT,PEI5mgmL,80°C,Des,1555,4780.675,100.0,332530.0,6.443653527980535,3.8956878048780488,2.5479657231024864
PEI5mgmL_80°C_Des.TXT,PEI5mgmL,80°C,Des,1556,4783.175,100.0,332530.0,6.443665693430657,3.8955048780487807,2.5481608153818764
PEI5mgmL_80°C_Des.TXT,PEI5mgmL,80°C,Des,1557,4785.975,100.0,332530.0,6.443679318734794,3.8953,2.5483793187347934
PEI5mgmL_80°C_Des.TXT,PEI5mgmL,80°C,Des,1558,4788.675,100.0,332530.0,6.443692457420925,3.895097090909091,2.5485953665118335
PEI5mgmL_80°C_Des.TXT,PEI5mgmL,80°C,Des,1559,4795.175,100.0,332530.0,6.443724087591241,3.8946086060606064,2.549115481530635
PEI5mgmL_80°C_Des.TXT,PEI5mgmL,80°C,Des,1560,4802.975,100.0,332530.0,6.443762043795621,3.8940224242424244,2.5497396195531965
PEI5mgmL_80°C_Des.TXT,PEI5mgmL,80°C,Des,1561,4810.775000000001,100.0,332530.0,6.4438,3.8934362424242424,2.550363757575758
PEI5mgmL_80°C_Des.TXT,PEI5mgmL,80°C,Des,1562,4813.675,100.0,332530.0,6.443810507246377,3.893218303030303,2.5505922042160742
PEI5mgmL_80°C_Des.TXT,PEI5mgmL,80°C,Des,1563,4816.075000000001,100.0,332530.0,6.443819202898551,3.8930379393939396,2.550781263504611
PEI5mgmL_80°C_Des.TXT,PEI5mgmL,80°C,Des,1564,4818.975,100.0,332530.0,6.443829710144928,3.89282,2.551009710144928
PEI5mgmL_80°C_Des.TXT,PEI5mgmL,80°C,Des,1565,4821.475,100.0,332530.0,6.443838768115942,3.8926321212121215,2.5512066469038204
PEI5mgmL_80°C_Des.TXT,PEI5mgmL,80°C,Des,1566,4824.175,100.0,332530.0,6.443848550724638,3.892429212121212,2.5514193386034263
PEI5mgmL_80°C_Des.TXT,PEI5mgmL,80°C,Des,1567,4829.175,100.0,332530.0,6.443866666666667,3.892053454545455,2.551813212121212
PEI5mgmL_80°C_Des.TXT,PEI5mgmL,80°C,Des,1568,4831.975,100.0,332530.0,6.443876811594203,3.8918430303030305,2.5520337812911724
PEI5mgmL_80°C_Des.TXT,PEI5mgmL,80°C,Des,1569,4834.575000000001,100.0,332530.0,6.443886231884059,3.8916476363636363,2.5522385955204223
PEI5mgmL_80°C_Des.TXT,PEI5mgmL,80°C,Des,1570,4837.175,100.0,332530.0,6.4438956521739135,3.8914522424242426,2.552443409749671
PEI5mgmL_80°C_Des.TXT,PEI5mgmL,80°C,Des,1571,4839.675,100.0,332530.0,6.443904710144928,3.8912643636363637,2.552640346508564
PEI5mgmL_80°C_Des.TXT,PEI5mgmL,80°C,Des,1572,4842.375,100.0,332530.0,6.443914492753623,3.8910614545454547,2.5528530382081684
PEI5mgmL_80°C_Des.TXT,PEI5mgmL,80°C,Des,1573,4844.975,100.0,332530.0,6.443923913043478,3.8908660606060606,2.5530578524374175
PEI5mgmL_80°C_Des.TXT,PEI5mgmL,80°C,Des,1574,4847.675,100.0,332530.0,6.443933695652174,3.8906631515151515,2.553270544137023
PEI5mgmL_80°C_Des.TXT,PEI5mgmL,80°C,Des,1575,4850.375,100.0,332530.0,6.44394347826087,3.8904602424242425,2.5534832358366275
PEI5mgmL_80°C_Des.TXT,PEI5mgmL,80°C,Des,1576,4852.975,100.0,332530.0,6.443952898550725,3.8902648484848483,2.5536880500658765
PEI5mgmL_80°C_Des.TXT,PEI5mgmL,80°C,Des,1577,4855.475,100.0,332530.0,6.443961956521739,3.89007696969697,2.553884986824769
PEI5mgmL_80°C_Des.TXT,PEI5mgmL,80°C,Des,1578,4858.075000000001,100.0,332530.0,6.443971376811594,3.8898815757575758,2.554089801054018
PEI5mgmL_80°C_Des.TXT,PEI5mgmL,80°C,Des,1579,4863.175,100.0,332530.0,6.443989855072464,3.889498303030303,2.5544915520421605
PEI5mgmL_80°C_Des.TXT,PEI5mgmL,80°C,Des,1580,4865.875,100.0,332530.0,6.443999637681159,3.889295393939394,2.554704243741765
PEI5mgmL_80°C_Des.TXT,PEI5mgmL,80°C,Des,1581,4868.475,100.0,332530.0,6.444009057971014,3.8891,2.554909057971014
PEI5mgmL_80°C_Des.TXT,PEI5mgmL,80°C,Des,1582,4871.375,100.0,332530.0,6.444019565217391,3.8888976744186046,2.5551218907987865
PEI5mgmL_80°C_Des.TXT,PEI5mgmL,80°C,Des,1583,4877.775000000001,100.0,332530.0,6.444042753623188,3.8884511627906977,2.5555915908324907
PEI5mgmL_80°C_Des.TXT,PEI5mgmL,80°C,Des,1584,4885.375,100.0,332530.0,6.444070289855072,3.8879209302325584,2.556149359622514
PEI5mgmL_80°C_Des.TXT,PEI5mgmL,80°C,Des,1585,4893.575000000001,100.0,332530.0,6.4441,3.887348837209302,2.5567511627906976
PEI5mgmL_80°C_Des.TXT,PEI5mgmL,80°C,Des,1586,4896.075000000001,100.0,332530.0,6.444106150061501,3.8871744186046513,2.5569317314568494
PEI5mgmL_80°C_Des.TXT,PEI5mgmL,80°C,Des,1587,4898.675,100.0,332530.0,6.444112546125461,3.886993023255814,2.557119522869647
PEI5mgmL_80°C_Des.TXT,PEI5mgmL,80°C,Des,1588,4901.275000000001,100.0,332530.0,6.444118942189422,3.886811627906977,2.557307314282445
PEI5mgmL_80°C_Des.TXT,PEI5mgmL,80°C,Des,1589,4903.775000000001,100.0,332530.0,6.444125092250922,3.8866372093023256,2.5574878829485965
PEI5mgmL_80°C_Des.TXT,PEI5mgmL,80°C,Des,1590,4906.375,100.0,332530.0,6.444131488314883,3.8864558139534884,2.557675674361395
PEI5mgmL_80°C_Des.TXT,PEI5mgmL,80°C,Des,1591,4911.475,100.0,332530.0,6.4441440344403444,3.8861,2.5580440344403446
PEI5mgmL_80°C_Des.TXT,PEI5mgmL,80°C,Des,1592,4913.975,100.0,332530.0,6.4441501845018445,3.8859255813953486,2.558224603106496
PEI5mgmL_80°C_Des.TXT,PEI5mgmL,80°C,Des,1593,4916.575000000001,100.0,332530.0,6.444156580565806,3.8857441860465114,2.5584123945192943
PEI5mgmL_80°C_Des.TXT,PEI5mgmL,80°C,Des,1594,4919.275000000001,100.0,332530.0,6.444163222632226,3.8855558139534883,2.558607408678738
PEI5mgmL_80°C_Des.TXT,PEI5mgmL,80°C,Des,1595,4921.775000000001,100.0,332530.0,6.444169372693727,3.885381395348837,2.55878797734489
PEI5mgmL_80°C_Des.TXT,PEI5mgmL,80°C,Des,1596,4924.275000000001,100.0,332530.0,6.444175522755227,3.885206976744186,2.558968546011041
PEI5mgmL_80°C_Des.TXT,PEI5mgmL,80°C,Des,1597,4926.875,100.0,332530.0,6.444181918819188,3.885025581395349,2.5591563374238393
PEI5mgmL_80°C_Des.TXT,PEI5mgmL,80°C,Des,1598,4929.475,100.0,332530.0,6.4441883148831485,3.8848441860465117,2.5593441288366368
PEI5mgmL_80°C_Des.TXT,PEI5mgmL,80°C,Des,1599,4932.075000000001,100.0,332530.0,6.44419471094711,3.8846627906976745,2.559531920249435
PEI5mgmL_80°C_Des.TXT,PEI5mgmL,80°C,Des,1600,4934.675,100.0,332530.0,6.44420110701107,3.8844813953488373,2.5597197116622326
PEI5mgmL_80°C_Des.TXT,PEI5mgmL,80°C,Des,1601,4937.175,100.0,332530.0,6.444207257072571,3.884306976744186,2.559900280328385
PEI5mgmL_80°C_Des.TXT,PEI5mgmL,80°C,Des,1602,4939.975,100.0,332530.0,6.444214145141451,3.8841116279069765,2.560102517234475
PEI5mgmL_80°C_Des.TXT,PEI5mgmL,80°C,Des,1603,4945.075000000001,100.0,332530.0,6.444226691266913,3.8837558139534885,2.560470877313424
PEI5mgmL_80°C_Des.TXT,PEI5mgmL,80°C,Des,1604,4947.675,100.0,332530.0,6.444233087330874,3.8835744186046512,2.5606586687262225
PEI5mgmL_80°C_Des.TXT,PEI5mgmL,80°C,Des,1605,4950.175,100.0,332530.0,6.444239237392374,3.8834,2.560839237392374
PEI5mgmL_80°C_Des.TXT,PEI5mgmL,80°C,Des,1606,4952.875,100.0,332530.0,6.444245879458794,3.8832211042944786,2.5610247751643156
PEI5mgmL_80°C_Des.TXT,PEI5mgmL,80°C,Des,1607,4959.375,100.0,332530.0,6.444261869618696,3.882790429447853,2.5614714401708434
PEI5mgmL_80°C_Des.TXT,PEI5mgmL,80°C,Des,1608,4966.875,100.0,332530.0,6.444280319803198,3.8822934969325154,2.561986822870683
PEI5mgmL_80°C_Des.TXT,PEI5mgmL,80°C,Des,1609,4974.875,100.0,332530.0,6.4443,3.881763435582822,2.562536564417178
PEI5mgmL_80°C_Des.TXT,PEI5mgmL,80°C,Des,1610,4977.275000000001,100.0,332530.0,6.444305875152999,3.8816044171779143,2.5627014579750846
PEI5mgmL_80°C_Des.TXT,PEI5mgmL,80°C,Des,1611,4979.775000000001,100.0,332530.0,6.444311995104039,3.881438773006135,2.5628732220979042
PEI5mgmL_80°C_Des.TXT,PEI5mgmL,80°C,Des,1612,4982.475,100.0,332530.0,6.444318604651163,3.8812598773006135,2.5630587273505494
PEI5mgmL_80°C_Des.TXT,PEI5mgmL,80°C,Des,1613,4984.875,100.0,332530.0,6.444324479804162,3.8811008588957057,2.563223620908456
PEI5mgmL_80°C_Des.TXT,PEI5mgmL,80°C,Des,1614,4987.475,100.0,332530.0,6.444330844553243,3.880928588957055,2.563402255596188
PEI5mgmL_80°C_Des.TXT,PEI5mgmL,80°C,Des,1615,4992.675,100.0,332530.0,6.444343574051407,3.8805840490797547,2.5637595249716525
PEI5mgmL_80°C_Des.TXT,PEI5mgmL,80°C,Des,1616,4995.475,100.0,332530.0,6.4443504283965725,3.880398527607362,2.5639519007892106
PEI5mgmL_80°C_Des.TXT,PEI5mgmL,80°C,Des,1617,4998.075000000001,100.0,332530.0,6.444356793145655,3.8802262576687117,2.5641305354769433
PEI5mgmL_80°C_Des.TXT,PEI5mgmL,80°C,Des,1618,5000.775000000001,100.0,332530.0,6.444363402692779,3.8800473619631903,2.5643160407295884
PEI5mgmL_80°C_Des.TXT,PEI5mgmL,80°C,Des,1619,5003.175,100.0,332530.0,6.4443692778457775,3.879888343558282,2.5644809342874955
PEI5mgmL_80°C_Des.TXT,PEI5mgmL,80°C,Des,1620,5005.775000000001,100.0,332530.0,6.444375642594859,3.879716073619632,2.564659568975227
PEI5mgmL_80°C_Des.TXT,PEI5mgmL,80°C,Des,1621,5008.375,100.0,332530.0,6.4443820073439415,3.8795438036809817,2.56483820366296
PEI5mgmL_80°C_Des.TXT,PEI5mgmL,80°C,Des,1622,5010.775000000001,100.0,332530.0,6.44438788249694,3.879384785276074,2.5650030972208664
PEI5mgmL_80°C_Des.TXT,PEI5mgmL,80°C,Des,1623,5013.475,100.0,332530.0,6.444394492044063,3.879205889570552,2.565188602473511
PEI5mgmL_80°C_Des.TXT,PEI5mgmL,80°C,Des,1624,5015.875,100.0,332530.0,6.444400367197062,3.8790468711656443,2.5653534960314177
PEI5mgmL_80°C_Des.TXT,PEI5mgmL,80°C,Des,1625,5018.375,100.0,332530.0,6.444406487148103,3.8788812269938653,2.5655252601542378
PEI5mgmL_80°C_Des.TXT,PEI5mgmL,80°C,Des,1626,5021.175,100.0,332530.0,6.444413341493268,3.8786957055214724,2.565717635971796
PEI5mgmL_80°C_Des.TXT,PEI5mgmL,80°C,Des,1627,5026.375,100.0,332530.0,6.444426070991432,3.878351165644172,2.5660749053472602
PEI5mgmL_80°C_Des.TXT,PEI5mgmL,80°C,Des,1628,5028.875,100.0,332530.0,6.444432190942472,3.8781855214723926,2.56624666947008
PEI5mgmL_80°C_Des.TXT,PEI5mgmL,80°C,Des,1629,5031.675,100.0,332530.0,6.444439045287638,3.878,2.5664390452876376
PEI5mgmL_80°C_Des.TXT,PEI5mgmL,80°C,Des,1630,5034.375,100.0,332530.0,6.4444456548347615,3.877823058252427,2.5666225965823344
PEI5mgmL_80°C_Des.TXT,PEI5mgmL,80°C,Des,1631,5040.875,100.0,332530.0,6.444461566707466,3.877397087378641,2.5670644793288253
PEI5mgmL_80°C_Des.TXT,PEI5mgmL,80°C,Des,1632,5048.675,100.0,332530.0,6.444480660954712,3.8768859223300973,2.5675947386246145
PEI5mgmL_80°C_Des.TXT,PEI5mgmL,80°C,Des,1633,5056.575000000001,100.0,332530.0,6.4445,3.8763682038834952,2.5681317961165044
PEI5mgmL_80°C_Des.TXT,PEI5mgmL,80°C,Des,1634,5059.075000000001,100.0,332530.0,6.444509079903147,3.8762043689320387,2.5683047109711086
PEI5mgmL_80°C_Des.TXT,PEI5mgmL,80°C,Des,1635,5061.675,100.0,332530.0,6.444518523002421,3.876033980582524,2.568484542419897
PEI5mgmL_80°C_Des.TXT,PEI5mgmL,80°C,Des,1636,5064.675,100.0,332530.0,6.444529418886198,3.8758373786407767,2.568692040245421
PEI5mgmL_80°C_Des.TXT,PEI5mgmL,80°C,Des,1637,5067.075000000001,100.0,332530.0,6.44453813559322,3.8756800970873786,2.5688580385058413
PEI5mgmL_80°C_Des.TXT,PEI5mgmL,80°C,Des,1638,5069.975,100.0,332530.0,6.444548668280872,3.875490048543689,2.5690586197371825
PEI5mgmL_80°C_Des.TXT,PEI5mgmL,80°C,Des,1639,5075.275000000001,100.0,332530.0,6.444567917675545,3.875142718446602,2.5694251992289425
PEI5mgmL_80°C_Des.TXT,PEI5mgmL,80°C,Des,1640,5077.775000000001,100.0,332530.0,6.444576997578692,3.8749788834951455,2.5695981140835467
PEI5mgmL_80°C_Des.TXT,PEI5mgmL,80°C,Des,1641,5080.275000000001,100.0,332530.0,6.44458607748184,3.8748150485436894,2.5697710289381503
PEI5mgmL_80°C_Des.TXT,PEI5mgmL,80°C,Des,1642,5082.875,100.0,332530.0,6.444595520581114,3.874644660194175,2.569950860386939
PEI5mgmL_80°C_Des.TXT,PEI5mgmL,80°C,Des,1643,5085.375,100.0,332530.0,6.444604600484261,3.8744808252427183,2.570123775241543
PEI5mgmL_80°C_Des.TXT,PEI5mgmL,80°C,Des,1644,5087.975,100.0,332530.0,6.444614043583535,3.8743104368932038,2.570303606690331
PEI5mgmL_80°C_Des.TXT,PEI5mgmL,80°C,Des,1645,5090.575000000001,100.0,332530.0,6.444623486682809,3.874140048543689,2.5704834381391195
PEI5mgmL_80°C_Des.TXT,PEI5mgmL,80°C,Des,1646,5093.075000000001,100.0,332530.0,6.444632566585956,3.873976213592233,2.570656352993723
PEI5mgmL_80°C_Des.TXT,PEI5mgmL,80°C,Des,1647,5095.675,100.0,332530.0,6.4446420096852295,3.8738058252427185,2.570836184442511
PEI5mgmL_80°C_Des.TXT,PEI5mgmL,80°C,Des,1648,5098.175,100.0,332530.0,6.444651089588377,3.873641990291262,2.571009099297115
PEI5mgmL_80°C_Des.TXT,PEI5mgmL,80°C,Des,1649,5100.875,100.0,332530.0,6.444660895883777,3.8734650485436894,2.5711958473400873
PEI5mgmL_80°C_Des.TXT,PEI5mgmL,80°C,Des,1650,5103.475,100.0,332530.0,6.444670338983051,3.8732946601941745,2.5713756787888764
PEI5mgmL_80°C_Des.TXT,PEI5mgmL,80°C,Des,1651,5108.775000000001,100.0,332530.0,6.444689588377724,3.8729473300970874,2.5717422582806364
PEI5mgmL_80°C_Des.TXT,PEI5mgmL,80°C,Des,1652,5111.475,100.0,332530.0,6.4446993946731235,3.8727703883495144,2.571929006323609
PEI5mgmL_80°C_Des.TXT,PEI5mgmL,80°C,Des,1653,5114.075000000001,100.0,332530.0,6.444708837772397,3.8726,2.572108837772397
PEI5mgmL_80°C_Des.TXT,PEI5mgmL,80°C,Des,1654,5116.975,100.0,332530.0,6.4447193704600485,3.8724335775335774,2.572285792926471
PEI5mgmL_80°C_Des.TXT,PEI5mgmL,80°C,Des,1655,5123.375,100.0,332530.0,6.444742615012107,3.8720663003663,2.5726763146458067
PEI5mgmL_80°C_Des.TXT,PEI5mgmL,80°C,Des,1656,5130.975,100.0,332530.0,6.444770217917675,3.8716301587301585,2.5731400591875166
PEI5mgmL_80°C_Des.TXT,PEI5mgmL,80°C,Des,1657,5139.175,100.0,332530.0,6.4448,3.871159584859585,2.573640415140415
PEI5mgmL_80°C_Des.TXT,PEI5mgmL,80°C,Des,1658,5141.575000000001,100.0,332530.0,6.444802923264311,3.871021855921856,2.5737810673424555
PEI5mgmL_80°C_Des.TXT,PEI5mgmL,80°C,Des,1659,5144.275000000001,100.0,332530.0,6.444806211936663,3.8708669108669107,2.573939301069752
PEI5mgmL_80°C_Des.TXT,PEI5mgmL,80°C,Des,1660,5146.975,100.0,332530.0,6.444809500609013,3.870711965811966,2.574097534797047
PEI5mgmL_80°C_Des.TXT,PEI5mgmL,80°C,Des,1661,5149.775000000001,100.0,332530.0,6.4448129110840435,3.870551282051282,2.5742616290327613
PEI5mgmL_80°C_Des.TXT,PEI5mgmL,80°C,Des,1662,5152.275000000001,100.0,332530.0,6.444815956151035,3.8704078144078142,2.5744081417432207
PEI5mgmL_80°C_Des.TXT,PEI5mgmL,80°C,Des,1663,5157.375,100.0,332530.0,6.444822168087698,3.8701151404151406,2.574707027672557
PEI5mgmL_80°C_Des.TXT,PEI5mgmL,80°C,Des,1664,5159.875,100.0,332530.0,6.444825213154689,3.8699716727716726,2.5748535403830166
PEI5mgmL_80°C_Des.TXT,PEI5mgmL,80°C,Des,1665,5162.475,100.0,332530.0,6.444828380024361,3.8698224664224665,2.575005913601894
PEI5mgmL_80°C_Des.TXT,PEI5mgmL,80°C,Des,1666,5164.875,100.0,332530.0,6.444831303288672,3.8696847374847376,2.5751465658039345
PEI5mgmL_80°C_Des.TXT,PEI5mgmL,80°C,Des,1667,5167.375,100.0,332530.0,6.444834348355664,3.8695412698412697,2.575293078514394
PEI5mgmL_80°C_Des.TXT,PEI5mgmL,80°C,Des,1668,5170.075000000001,100.0,332530.0,6.444837637028014,3.869386324786325,2.575451312241689
PEI5mgmL_80°C_Des.TXT,PEI5mgmL,80°C,Des,1669,5172.675,100.0,332530.0,6.444840803897685,3.8692371184371184,2.575603685460567
PEI5mgmL_80°C_Des.TXT,PEI5mgmL,80°C,Des,1670,5175.475,100.0,332530.0,6.444844214372716,3.8690764346764346,2.5757677796962812
PEI5mgmL_80°C_Des.TXT,PEI5mgmL,80°C,Des,1671,5178.075000000001,100.0,332530.0,6.444847381242387,3.8689272283272285,2.5759201529151587
PEI5mgmL_80°C_Des.TXT,PEI5mgmL,80°C,Des,1672,5180.775000000001,100.0,332530.0,6.444850669914738,3.8687722832722833,2.5760783866424544
PEI5mgmL_80°C_Des.TXT,PEI5mgmL,80°C,Des,1673,5183.175,100.0,332530.0,6.44485359317905,3.8686345543345544,2.5762190388444957
PEI5mgmL_80°C_Des.TXT,PEI5mgmL,80°C,Des,1674,5185.775000000001,100.0,332530.0,6.4448567600487205,3.8684853479853483,2.5763714120633723
PEI5mgmL_80°C_Des.TXT,PEI5mgmL,80°C,Des,1675,5190.775000000001,100.0,332530.0,6.444862850182703,3.868198412698413,2.5766644374842906
PEI5mgmL_80°C_Des.TXT,PEI5mgmL,80°C,Des,1676,5193.375,100.0,332530.0,6.444866017052375,3.8680492063492067,2.576816810703168
PEI5mgmL_80°C_Des.TXT,PEI5mgmL,80°C,Des,1677,5195.975,100.0,332530.0,6.444869183922046,3.8679,2.576969183922046
PEI5mgmL_80°C_Des.TXT,PEI5mgmL,80°C,Des,1678,5198.975,100.0,332530.0,6.444872838002436,3.8677327272727275,2.577140110729708
PEI5mgmL_80°C_Des.TXT,PEI5mgmL,80°C,Des,1679,5205.375,100.0,332530.0,6.444880633373934,3.867375878787879,2.577504754586055
PEI5mgmL_80°C_Des.TXT,PEI5mgmL,80°C,Des,1680,5212.975,100.0,332530.0,6.4448898903775875,3.866952121212121,2.5779377691654664
PEI5mgmL_80°C_Des.TXT,PEI5mgmL,80°C,Des,1681,5221.275000000001,100.0,332530.0,6.4449,3.8664893333333334,2.578410666666666
PEI5mgmL_80°C_Des.TXT,PEI5mgmL,80°C,Des,1682,5223.775000000001,100.0,332530.0,6.44490304136253,3.8663499393939396,2.5785531019685908
PEI5mgmL_80°C_Des.TXT,PEI5mgmL,80°C,Des,1683,5226.475,100.0,332530.0,6.444906326034063,3.866199393939394,2.5787069320946694
PEI5mgmL_80°C_Des.TXT,PEI5mgmL,80°C,Des,1684,5229.075000000001,100.0,332530.0,6.444909489051095,3.8660544242424244,2.5788550648086703
PEI5mgmL_80°C_Des.TXT,PEI5mgmL,80°C,Des,1685,5231.775000000001,100.0,332530.0,6.444912773722628,3.865903878787879,2.579008894934749
PEI5mgmL_80°C_Des.TXT,PEI5mgmL,80°C,Des,1686,5234.275000000001,100.0,332530.0,6.4449158150851575,3.865764484848485,2.5791513302366726
PEI5mgmL_80°C_Des.TXT,PEI5mgmL,80°C,Des,1687,5239.375,100.0,332530.0,6.44492201946472,3.8654801212121215,2.579441898252598
PEI5mgmL_80°C_Des.TXT,PEI5mgmL,80°C,Des,1688,5241.775000000001,100.0,332530.0,6.444924939172749,3.8653463030303032,2.5795786361424455
PEI5mgmL_80°C_Des.TXT,PEI5mgmL,80°C,Des,1689,5244.475,100.0,332530.0,6.444928223844282,3.8651957575757576,2.579732466268524
PEI5mgmL_80°C_Des.TXT,PEI5mgmL,80°C,Des,1690,5246.975,100.0,332530.0,6.4449312652068125,3.8650563636363637,2.5798749015704487
PEI5mgmL_80°C_Des.TXT,PEI5mgmL,80°C,Des,1691,5249.375,100.0,332530.0,6.444934184914842,3.8649225454545455,2.580011639460296
PEI5mgmL_80°C_Des.TXT,PEI5mgmL,80°C,Des,1692,5252.075000000001,100.0,332530.0,6.444937469586375,3.8647720000000003,2.5801654695863743
PEI5mgmL_80°C_Des.TXT,PEI5mgmL,80°C,Des,1693,5254.675,100.0,332530.0,6.444940632603406,3.8646270303030303,2.5803136023003757
PEI5mgmL_80°C_Des.TXT,PEI5mgmL,80°C,Des,1694,5257.375,100.0,332530.0,6.444943917274939,3.864476484848485,2.580467432426454
PEI5mgmL_80°C_Des.TXT,PEI5mgmL,80°C,Des,1695,5259.975,100.0,332530.0,6.44494708029197,3.864331515151515,2.580615565140455
PEI5mgmL_80°C_Des.TXT,PEI5mgmL,80°C,Des,1696,5262.675,100.0,332530.0,6.444950364963503,3.86418096969697,2.5807693952665334
PEI5mgmL_80°C_Des.TXT,PEI5mgmL,80°C,Des,1697,5265.075000000001,100.0,332530.0,6.4449532846715325,3.8640471515151518,2.5809061331563807
PEI5mgmL_80°C_Des.TXT,PEI5mgmL,80°C,Des,1698,5267.975,100.0,332530.0,6.444956812652068,3.863885454545455,2.581071358106613
PEI5mgmL_80°C_Des.TXT,PEI5mgmL,80°C,Des,1699,5273.175,100.0,332530.0,6.4449631386861315,3.8635955151515153,2.581367623534616
PEI5mgmL_80°C_Des.TXT,PEI5mgmL,80°C,Des,1700,5275.675,100.0,332530.0,6.444966180048662,3.8634561212121215,2.5815100588365407
PEI5mgmL_80°C_Des.TXT,PEI5mgmL,80°C,Des,1701,5278.475,100.0,332530.0,6.444969586374696,3.8633,2.5816695863746957
PEI5mgmL_80°C_Des.TXT,PEI5mgmL,80°C,Des,1702,5281.275000000001,100.0,332530.0,6.44497299270073,3.8631553505535057,2.5818176421472248
PEI5mgmL_80°C_Des.TXT,PEI5mgmL,80°C,Des,1703,5287.775000000001,100.0,332530.0,6.444980900243309,3.862819557195572,2.5821613430477375
PEI5mgmL_80°C_Des.TXT,PEI5mgmL,80°C,Des,1704,5295.675,100.0,332530.0,6.444990510948905,3.8624114391143913,2.582579071834514
PEI5mgmL_80°C_Des.TXT,PEI5mgmL,80°C,Des,1705,5303.475,100.0,332530.0,6.445,3.862008487084871,2.5829915129151293
PEI5mgmL_80°C_Des.TXT,PEI5mgmL,80°C,Des,1706,5305.875,100.0,332530.0,6.445011764705883,3.8618845018450187,2.583127262860864
PEI5mgmL_80°C_Des.TXT,PEI5mgmL,80°C,Des,1707,5308.475,100.0,332530.0,6.445024509803922,3.861750184501845,2.5832743253020767
PEI5mgmL_80°C_Des.TXT,PEI5mgmL,80°C,Des,1708,5311.075000000001,100.0,332530.0,6.445037254901961,3.8616158671586716,2.5834213877432894
PEI5mgmL_80°C_Des.TXT,PEI5mgmL,80°C,Des,1709,5313.675,100.0,332530.0,6.44505,3.8614815498154984,2.5835684501845018
PEI5mgmL_80°C_Des.TXT,PEI5mgmL,80°C,Des,1710,5316.275000000001,100.0,332530.0,6.445062745098039,3.861347232472325,2.5837155126257145
PEI5mgmL_80°C_Des.TXT,PEI5mgmL,80°C,Des,1711,5321.475,100.0,332530.0,6.445088235294118,3.861078597785978,2.5840096375081396
PEI5mgmL_80°C_Des.TXT,PEI5mgmL,80°C,Des,1712,5323.875,100.0,332530.0,6.4451,3.860954612546126,2.5841453874538742
PEI5mgmL_80°C_Des.TXT,PEI5mgmL,80°C,Des,1713,5326.675,100.0,332530.0,6.445113725490196,3.8608099630996313,2.5843037623905647
PEI5mgmL_80°C_Des.TXT,PEI5mgmL,80°C,Des,1714,5329.075000000001,100.0,332530.0,6.445125490196078,3.8606859778597786,2.5844395123362998
PEI5mgmL_80°C_Des.TXT,PEI5mgmL,80°C,Des,1715,5331.775000000001,100.0,332530.0,6.445138725490196,3.860546494464945,2.584592231025251
PEI5mgmL_80°C_Des.TXT,PEI5mgmL,80°C,Des,1716,5334.275000000001,100.0,332530.0,6.445150980392157,3.860417343173432,2.584733637218725
PEI5mgmL_80°C_Des.TXT,PEI5mgmL,80°C,Des,1717,5336.975,100.0,332530.0,6.445164215686275,3.860277859778598,2.584886355907677
PEI5mgmL_80°C_Des.TXT,PEI5mgmL,80°C,Des,1718,5339.575000000001,100.0,332530.0,6.445176960784314,3.8601435424354245,2.58503341834889
PEI5mgmL_80°C_Des.TXT,PEI5mgmL,80°C,Des,1719,5342.075000000001,100.0,332530.0,6.445189215686275,3.8600143911439115,2.5851748245423636
PEI5mgmL_80°C_Des.TXT,PEI5mgmL,80°C,Des,1720,5344.575000000001,100.0,332530.0,6.445201470588236,3.8598852398523986,2.5853162307358373
PEI5mgmL_80°C_Des.TXT,PEI5mgmL,80°C,Des,1721,5347.075000000001,100.0,332530.0,6.445213725490197,3.8597560885608857,2.585457636929311
PEI5mgmL_80°C_Des.TXT,PEI5mgmL,80°C,Des,1722,5349.775000000001,100.0,332530.0,6.445226960784314,3.859616605166052,2.5856103556182624
PEI5mgmL_80°C_Des.TXT,PEI5mgmL,80°C,Des,1723,5354.675,100.0,332530.0,6.445250980392157,3.8593634686346867,2.5858875117574707
PEI5mgmL_80°C_Des.TXT,PEI5mgmL,80°C,Des,1724,5357.175,100.0,332530.0,6.445263235294118,3.859234317343174,2.5860289179509444
PEI5mgmL_80°C_Des.TXT,PEI5mgmL,80°C,Des,1725,5359.775000000001,100.0,332530.0,6.445275980392157,3.8591,2.586175980392157
PEI5mgmL_80°C_Des.TXT,PEI5mgmL,80°C,Des,1726,5362.675,100.0,332530.0,6.445290196078432,3.858959223300971,2.5863309727774606
PEI5mgmL_80°C_Des.TXT,PEI5mgmL,80°C,Des,1727,5369.075000000001,100.0,332530.0,6.445321568627452,3.8586485436893208,2.586673024938131
PEI5mgmL_80°C_Des.TXT,PEI5mgmL,80°C,Des,1728,5376.775000000001,100.0,332530.0,6.445359313725491,3.8582747572815537,2.587084556443937
PEI5mgmL_80°C_Des.TXT,PEI5mgmL,80°C,Des,1729,5385.075000000001,100.0,332530.0,6.4454,3.8578718446601945,2.5875281553398057
PEI5mgmL_80°C_Des.TXT,PEI5mgmL,80°C,Des,1730,5388.075000000001,100.0,332530.0,6.445410935601458,3.857726213592233,2.587684722009225
PEI5mgmL_80°C_Des.TXT,PEI5mgmL,80°C,Des,1731,5390.475,100.0,332530.0,6.445419684082625,3.8576097087378645,2.58780997534476
PEI5mgmL_80°C_Des.TXT,PEI5mgmL,80°C,Des,1732,5393.075000000001,100.0,332530.0,6.445429161603888,3.8574834951456314,2.587945666458257
PEI5mgmL_80°C_Des.TXT,PEI5mgmL,80°C,Des,1733,5395.475,100.0,332530.0,6.4454379100850545,3.857366990291262,2.5880709197937923
PEI5mgmL_80°C_Des.TXT,PEI5mgmL,80°C,Des,1734,5398.075000000001,100.0,332530.0,6.445447387606318,3.857240776699029,2.588206610907289
PEI5mgmL_80°C_Des.TXT,PEI5mgmL,80°C,Des,1735,5403.075000000001,100.0,332530.0,6.445465613608749,3.8569980582524273,2.588467555356322
PEI5mgmL_80°C_Des.TXT,PEI5mgmL,80°C,Des,1736,5405.575000000001,100.0,332530.0,6.445474726609964,3.8568766990291263,2.588598027580838
PEI5mgmL_80°C_Des.TXT,PEI5mgmL,80°C,Des,1737,5408.375,100.0,332530.0,6.445484933171325,3.8567407766990294,2.5887441564722953
PEI5mgmL_80°C_Des.TXT,PEI5mgmL,80°C,Des,1738,5410.975,100.0,332530.0,6.445494410692588,3.8566145631067963,2.588879847585792
PEI5mgmL_80°C_Des.TXT,PEI5mgmL,80°C,Des,1739,5413.675,100.0,332530.0,6.445504252733901,3.8564834951456315,2.5890207575882696
PEI5mgmL_80°C_Des.TXT,PEI5mgmL,80°C,Des,1740,5416.175,100.0,332530.0,6.445513365735116,3.85636213592233,2.589151229812786
PEI5mgmL_80°C_Des.TXT,PEI5mgmL,80°C,Des,1741,5418.875,100.0,332530.0,6.445523207776428,3.8562310679611653,2.5892921398152624
PEI5mgmL_80°C_Des.TXT,PEI5mgmL,80°C,Des,1742,5421.375,100.0,332530.0,6.445532320777643,3.8561097087378644,2.5894226120397783
PEI5mgmL_80°C_Des.TXT,PEI5mgmL,80°C,Des,1743,5424.175,100.0,332530.0,6.445542527339004,3.855973786407767,2.589568740931237
PEI5mgmL_80°C_Des.TXT,PEI5mgmL,80°C,Des,1744,5426.575000000001,100.0,332530.0,6.44555127582017,3.8558572815533982,2.589693994266772
PEI5mgmL_80°C_Des.TXT,PEI5mgmL,80°C,Des,1745,5429.075000000001,100.0,332530.0,6.445560388821385,3.8557359223300973,2.589824466491288
PEI5mgmL_80°C_Des.TXT,PEI5mgmL,80°C,Des,1746,5431.775000000001,100.0,332530.0,6.445570230862698,3.855604854368932,2.589965376493766
PEI5mgmL_80°C_Des.TXT,PEI5mgmL,80°C,Des,1747,5436.675,100.0,332530.0,6.445588092345079,3.8553669902912624,2.5902211020538166
PEI5mgmL_80°C_Des.TXT,PEI5mgmL,80°C,Des,1748,5439.375,100.0,332530.0,6.445597934386392,3.855235922330097,2.5903620120562945
PEI5mgmL_80°C_Des.TXT,PEI5mgmL,80°C,Des,1749,5442.175,100.0,332530.0,6.445608140947752,3.8551,2.590508140947752
PEI5mgmL_80°C_Des.TXT,PEI5mgmL,80°C,Des,1750,5444.875,100.0,332530.0,6.445617982989065,3.8549808823529412,2.5906371006361235
PEI5mgmL_80°C_Des.TXT,PEI5mgmL,80°C,Des,1751,5451.675,100.0,332530.0,6.44564277035237,3.8546808823529415,2.5909618879994283
PEI5mgmL_80°C_Des.TXT,PEI5mgmL,80°C,Des,1752,5459.375,100.0,332530.0,6.445670838396112,3.8543411764705886,2.5913296619255237
PEI5mgmL_80°C_Des.TXT,PEI5mgmL,80°C,Des,1753,5467.375,100.0,332530.0,6.4457,3.8539882352941177,2.5917117647058827
PEI5mgmL_80°C_Des.TXT,PEI5mgmL,80°C,Des,1754,5469.875,100.0,332530.0,6.445706172839507,3.8538779411764708,2.591828231663036
PEI5mgmL_80°C_Des.TXT,PEI5mgmL,80°C,Des,1755,5472.275000000001,100.0,332530.0,6.445712098765433,3.8537720588235294,2.5919400399419033
PEI5mgmL_80°C_Des.TXT,PEI5mgmL,80°C,Des,1756,5474.975,100.0,332530.0,6.445718765432099,3.853652941176471,2.5920658242556285
PEI5mgmL_80°C_Des.TXT,PEI5mgmL,80°C,Des,1757,5477.475,100.0,332530.0,6.4457249382716055,3.853542647058824,2.5921822912127817
PEI5mgmL_80°C_Des.TXT,PEI5mgmL,80°C,Des,1758,5480.075000000001,100.0,332530.0,6.445731358024692,3.853427941176471,2.592303416848221
PEI5mgmL_80°C_Des.TXT,PEI5mgmL,80°C,Des,1759,5485.175,100.0,332530.0,6.445743950617285,3.8532029411764706,2.592541009440814
PEI5mgmL_80°C_Des.TXT,PEI5mgmL,80°C,Des,1760,5487.675,100.0,332530.0,6.44575012345679,3.8530926470588236,2.5926574763979664
PEI5mgmL_80°C_Des.TXT,PEI5mgmL,80°C,Des,1761,5490.375,100.0,332530.0,6.445756790123457,3.852973529411765,2.5927832607116916
PEI5mgmL_80°C_Des.TXT,PEI5mgmL,80°C,Des,1762,5492.975,100.0,332530.0,6.445763209876543,3.852858823529412,2.592904386347131
PEI5mgmL_80°C_Des.TXT,PEI5mgmL,80°C,Des,1763,5495.575000000001,100.0,332530.0,6.44576962962963,3.852744117647059,2.5930255119825705
PEI5mgmL_80°C_Des.TXT,PEI5mgmL,80°C,Des,1764,5498.075000000001,100.0,332530.0,6.445775802469136,3.8526338235294117,2.593141978939724
PEI5mgmL_80°C_Des.TXT,PEI5mgmL,80°C,Des,1765,5500.775000000001,100.0,332530.0,6.4457824691358026,3.8525147058823532,2.5932677632534493
PEI5mgmL_80°C_Des.TXT,PEI5mgmL,80°C,Des,1766,5503.175,100.0,332530.0,6.4457883950617285,3.852408823529412,2.5933795715323167
PEI5mgmL_80°C_Des.TXT,PEI5mgmL,80°C,Des,1767,5505.975,100.0,332530.0,6.4457953086419755,3.8522852941176473,2.593510014524328
PEI5mgmL_80°C_Des.TXT,PEI5mgmL,80°C,Des,1768,5508.375,100.0,332530.0,6.445801234567901,3.852179411764706,2.5936218228031955
PEI5mgmL_80°C_Des.TXT,PEI5mgmL,80°C,Des,1769,5510.875,100.0,332530.0,6.445807407407408,3.852069117647059,2.5937382897603487
PEI5mgmL_80°C_Des.TXT,PEI5mgmL,80°C,Des,1770,5513.375,100.0,332530.0,6.445813580246914,3.851958823529412,2.593854756717502
PEI5mgmL_80°C_Des.TXT,PEI5mgmL,80°C,Des,1771,5518.675,100.0,332530.0,6.445826666666667,3.851725,2.594101666666667
PEI5mgmL_80°C_Des.TXT,PEI5mgmL,80°C,Des,1772,5521.075000000001,100.0,332530.0,6.445832592592593,3.851619117647059,2.594213474945534
PEI5mgmL_80°C_Des.TXT,PEI5mgmL,80°C,Des,1773,5523.775000000001,100.0,332530.0,6.44583925925926,3.8515,2.5943392592592596
PEI5mgmL_80°C_Des.TXT,PEI5mgmL,80°C,Des,1774,5526.475,100.0,332530.0,6.445845925925926,3.851381463414634,2.5944644625112923
PEI5mgmL_80°C_Des.TXT,PEI5mgmL,80°C,Des,1775,5532.875,100.0,332530.0,6.445861728395061,3.851100487804878,2.5947612405901834
PEI5mgmL_80°C_Des.TXT,PEI5mgmL,80°C,Des,1776,5540.475,100.0,332530.0,6.44588049382716,3.850766829268293,2.5951136645588675
PEI5mgmL_80°C_Des.TXT,PEI5mgmL,80°C,Des,1777,5548.375,100.0,332530.0,6.4459,3.85042,2.59548
PEI5mgmL_80°C_Des.TXT,PEI5mgmL,80°C,Des,1778,5550.875,100.0,332530.0,6.445912165450122,3.850310243902439,2.595601921547683
PEI5mgmL_80°C_Des.TXT,PEI5mgmL,80°C,Des,1779,5553.575000000001,100.0,332530.0,6.445925304136253,3.8501917073170735,2.5957335968191795
PEI5mgmL_80°C_Des.TXT,PEI5mgmL,80°C,Des,1780,5556.175,100.0,332530.0,6.4459379562043795,3.8500775609756097,2.5958603952287698
PEI5mgmL_80°C_Des.TXT,PEI5mgmL,80°C,Des,1781,5558.875,100.0,332530.0,6.4459510948905105,3.849959024390244,2.5959920705002664
PEI5mgmL_80°C_Des.TXT,PEI5mgmL,80°C,Des,1782,5561.475,100.0,332530.0,6.445963746958637,3.849844878048781,2.596118868909856
PEI5mgmL_80°C_Des.TXT,PEI5mgmL,80°C,Des,1783,5566.775000000001,100.0,332530.0,6.4459895377128955,3.8496121951219515,2.596377342590944
PEI5mgmL_80°C_Des.TXT,PEI5mgmL,80°C,Des,1784,5569.375,100.0,332530.0,6.446002189781022,3.8494980487804877,2.5965041410005343
PEI5mgmL_80°C_Des.TXT,PEI5mgmL,80°C,Des,1785,5571.975,100.0,332530.0,6.4460148418491485,3.8493839024390244,2.596630939410124
PEI5mgmL_80°C_Des.TXT,PEI5mgmL,80°C,Des,1786,5574.675,100.0,332530.0,6.44602798053528,3.849265365853659,2.5967626146816207
PEI5mgmL_80°C_Des.TXT,PEI5mgmL,80°C,Des,1787,5577.175,100.0,332530.0,6.4460401459854015,3.8491556097560977,2.596884536229304
PEI5mgmL_80°C_Des.TXT,PEI5mgmL,80°C,Des,1788,5579.975,100.0,332530.0,6.446053771289538,3.8490326829268295,2.5970210883627085
PEI5mgmL_80°C_Des.TXT,PEI5mgmL,80°C,Des,1789,5582.575000000001,100.0,332530.0,6.4460664233576646,3.8489185365853658,2.597147886772299
PEI5mgmL_80°C_Des.TXT,PEI5mgmL,80°C,Des,1790,5584.975,100.0,332530.0,6.446078102189781,3.8488131707317073,2.597264931458074
PEI5mgmL_80°C_Des.TXT,PEI5mgmL,80°C,Des,1791,5587.675,100.0,332530.0,6.446091240875912,3.8486946341463417,2.5973966067295704
PEI5mgmL_80°C_Des.TXT,PEI5mgmL,80°C,Des,1792,5590.075000000001,100.0,332530.0,6.4461029197080295,3.848589268292683,2.5975136514153463
PEI5mgmL_80°C_Des.TXT,PEI5mgmL,80°C,Des,1793,5592.875,100.0,332530.0,6.446116545012165,3.8484663414634146,2.5976502035487505
PEI5mgmL_80°C_Des.TXT,PEI5mgmL,80°C,Des,1794,5595.475,100.0,332530.0,6.446129197080292,3.8483521951219513,2.5977770019583404
PEI5mgmL_80°C_Des.TXT,PEI5mgmL,80°C,Des,1795,5600.575000000001,100.0,332530.0,6.44615401459854,3.8481282926829268,2.5980257219156133
PEI5mgmL_80°C_Des.TXT,PEI5mgmL,80°C,Des,1796,5603.075000000001,100.0,332530.0,6.446166180048662,3.848018536585366,2.598147643463296
PEI5mgmL_80°C_Des.TXT,PEI5mgmL,80°C,Des,1797,5605.775000000001,100.0,332530.0,6.446179318734793,3.8479,2.598279318734793
PEI5mgmL_80°C_Des.TXT,PEI5mgmL,80°C,Des,1798,5608.375,100.0,332530.0,6.44619197080292,3.847808383961118,2.5983835868418015
PEI5mgmL_80°C_Des.TXT,PEI5mgmL,80°C,Des,1799,5615.175,100.0,332530.0,6.446225060827251,3.847568772782503,2.5986562880447477
PEI5mgmL_80°C_Des.TXT,PEI5mgmL,80°C,Des,1800,5622.875,100.0,332530.0,6.446262530413625,3.84729744835966,2.598965082053965
PEI5mgmL_80°C_Des.TXT,PEI5mgmL,80°C,Des,1801,5630.575000000001,100.0,332530.0,6.4463,3.847026123936817,2.599273876063183
PEI5mgmL_80°C_Des.TXT,PEI5mgmL,80°C,Des,1802,5633.175,100.0,332530.0,6.446306303030303,3.8469345078979345,2.5993717951323685
PEI5mgmL_80°C_Des.TXT,PEI5mgmL,80°C,Des,1803,5635.775000000001,100.0,332530.0,6.446312606060606,3.8468428918590525,2.5994697142015535
PEI5mgmL_80°C_Des.TXT,PEI5mgmL,80°C,Des,1804,5638.675,100.0,332530.0,6.446319636363636,3.8467407047387607,2.5995789316248756
PEI5mgmL_80°C_Des.TXT,PEI5mgmL,80°C,Des,1805,5641.175,100.0,332530.0,6.446325696969697,3.8466526123936817,2.599673084576015
PEI5mgmL_80°C_Des.TXT,PEI5mgmL,80°C,Des,1806,5643.975,100.0,332530.0,6.446332484848485,3.8465539489671934,2.5997785358812915
PEI5mgmL_80°C_Des.TXT,PEI5mgmL,80°C,Des,1807,5648.875,100.0,332530.0,6.4463443636363635,3.846381287970839,2.5999630756655248
PEI5mgmL_80°C_Des.TXT,PEI5mgmL,80°C,Des,1808,5651.575000000001,100.0,332530.0,6.446350909090909,3.8462861482381534,2.6000647608527556
PEI5mgmL_80°C_Des.TXT,PEI5mgmL,80°C,Des,1809,5654.175,100.0,332530.0,6.446357212121212,3.846194532199271,2.600162679921941
PEI5mgmL_80°C_Des.TXT,PEI5mgmL,80°C,Des,1810,5656.875,100.0,332530.0,6.4463637575757575,3.846099392466586,2.6002643651091715
PEI5mgmL_80°C_Des.TXT,PEI5mgmL,80°C,Des,1811,5659.375,100.0,332530.0,6.446369818181818,3.846011300121507,2.600358518060311
PEI5mgmL_80°C_Des.TXT,PEI5mgmL,80°C,Des,1812,5662.175,100.0,332530.0,6.446376606060606,3.8459126366950183,2.6004639693655878
PEI5mgmL_80°C_Des.TXT,PEI5mgmL,80°C,Des,1813,5664.775000000001,100.0,332530.0,6.446382909090909,3.8458210206561363,2.6005618884347728
PEI5mgmL_80°C_Des.TXT,PEI5mgmL,80°C,Des,1814,5667.175,100.0,332530.0,6.446388727272727,3.8457364520048603,2.600652275267867
PEI5mgmL_80°C_Des.TXT,PEI5mgmL,80°C,Des,1815,5669.975,100.0,332530.0,6.446395515151515,3.845637788578372,2.600757726573143
PEI5mgmL_80°C_Des.TXT,PEI5mgmL,80°C,Des,1816,5672.675,100.0,332530.0,6.446402060606061,3.8455426488456865,2.600859411760374
PEI5mgmL_80°C_Des.TXT,PEI5mgmL,80°C,Des,1817,5675.175,100.0,332530.0,6.446408121212121,3.8454545565006075,2.6009535647115136
PEI5mgmL_80°C_Des.TXT,PEI5mgmL,80°C,Des,1818,5677.775000000001,100.0,332530.0,6.446414424242424,3.8453629404617256,2.6010514837806986
PEI5mgmL_80°C_Des.TXT,PEI5mgmL,80°C,Des,1819,5682.775000000001,100.0,332530.0,6.446426545454545,3.8451867557715675,2.6012397896829778
PEI5mgmL_80°C_Des.TXT,PEI5mgmL,80°C,Des,1820,5685.475,100.0,332530.0,6.446433090909091,3.845091616038882,2.6013414748702086
PEI5mgmL_80°C_Des.TXT,PEI5mgmL,80°C,Des,1821,5688.075000000001,100.0,332530.0,6.446439393939394,3.845,2.6014393939393936
PEI5mgmL_80°C_Des.TXT,PEI5mgmL,80°C,Des,1822,5690.975,100.0,332530.0,6.446446424242424,3.844905548854041,2.601540875388383
PEI5mgmL_80°C_Des.TXT,PEI5mgmL,80°C,Des,1823,5697.375,100.0,332530.0,6.44646193939394,3.844697104945718,2.601764834448222
PEI5mgmL_80°C_Des.TXT,PEI5mgmL,80°C,Des,1824,5704.875,100.0,332530.0,6.446480121212121,3.8444528347406517,2.6020272864714697
PEI5mgmL_80°C_Des.TXT,PEI5mgmL,80°C,Des,1825,5713.075000000001,100.0,332530.0,6.4465,3.8441857659831125,2.602314234016888
PEI5mgmL_80°C_Des.TXT,PEI5mgmL,80°C,Des,1826,5715.575000000001,100.0,332530.0,6.446496984318456,3.8441043425814234,2.6023926417370324
PEI5mgmL_80°C_Des.TXT,PEI5mgmL,80°C,Des,1827,5718.375,100.0,332530.0,6.446493606755127,3.844013148371532,2.6024804583835954
PEI5mgmL_80°C_Des.TXT,PEI5mgmL,80°C,Des,1828,5720.875,100.0,332530.0,6.446490591073583,3.8439317249698433,2.6025588661037395
PEI5mgmL_80°C_Des.TXT,PEI5mgmL,80°C,Des,1829,5723.675,100.0,332530.0,6.446487213510253,3.8438405307599517,2.6026466827503016
PEI5mgmL_80°C_Des.TXT,PEI5mgmL,80°C,Des,1830,5726.175,100.0,332530.0,6.44648419782871,3.843759107358263,2.6027250904704466
PEI5mgmL_80°C_Des.TXT,PEI5mgmL,80°C,Des,1831,5731.475,100.0,332530.0,6.446477804583836,3.843586489746683,2.602891314837153
PEI5mgmL_80°C_Des.TXT,PEI5mgmL,80°C,Des,1832,5734.175,100.0,332530.0,6.446474547647768,3.843498552472859,2.6029759951749094
PEI5mgmL_80°C_Des.TXT,PEI5mgmL,80°C,Des,1833,5736.775000000001,100.0,332530.0,6.446471411338963,3.8434138721351023,2.6030575392038604
PEI5mgmL_80°C_Des.TXT,PEI5mgmL,80°C,Des,1834,5739.475,100.0,332530.0,6.446468154402895,3.8433259348612787,2.6031422195416165
PEI5mgmL_80°C_Des.TXT,PEI5mgmL,80°C,Des,1835,5741.875,100.0,332530.0,6.446465259348613,3.843247768395657,2.6032174909529555
PEI5mgmL_80°C_Des.TXT,PEI5mgmL,80°C,Des,1836,5744.775000000001,100.0,332530.0,6.446461761158022,3.8431533172496986,2.6033084439083236
PEI5mgmL_80°C_Des.TXT,PEI5mgmL,80°C,Des,1837,5747.375,100.0,332530.0,6.446458624849216,3.843068636911942,2.6033899879372737
PEI5mgmL_80°C_Des.TXT,PEI5mgmL,80°C,Des,1838,5749.975,100.0,332530.0,6.44645548854041,3.842983956574186,2.6034715319662243
PEI5mgmL_80°C_Des.TXT,PEI5mgmL,80°C,Des,1839,5752.575000000001,100.0,332530.0,6.446452352231605,3.8428992762364294,2.6035530759951753
PEI5mgmL_80°C_Des.TXT,PEI5mgmL,80°C,Des,1840,5755.075000000001,100.0,332530.0,6.44644933655006,3.8428178528347408,2.6036314837153194
PEI5mgmL_80°C_Des.TXT,PEI5mgmL,80°C,Des,1841,5757.775000000001,100.0,332530.0,6.446446079613993,3.8427299155609167,2.603716164053076
PEI5mgmL_80°C_Des.TXT,PEI5mgmL,80°C,Des,1842,5760.375,100.0,332530.0,6.446442943305187,3.84264523522316,2.603797708082027
PEI5mgmL_80°C_Des.TXT,PEI5mgmL,80°C,Des,1843,5765.675,100.0,332530.0,6.446436550060313,3.84247261761158,2.603963932448733
PEI5mgmL_80°C_Des.TXT,PEI5mgmL,80°C,Des,1844,5768.375,100.0,332530.0,6.446433293124246,3.8423846803377564,2.6040486127864892
PEI5mgmL_80°C_Des.TXT,PEI5mgmL,80°C,Des,1845,5770.975,100.0,332530.0,6.44643015681544,3.8423,2.6041301568154402
PEI5mgmL_80°C_Des.TXT,PEI5mgmL,80°C,Des,1846,5773.875,100.0,332530.0,6.446426658624849,3.8422107142857143,2.6042159443391344
PEI5mgmL_80°C_Des.TXT,PEI5mgmL,80°C,Des,1847,5780.275000000001,100.0,332530.0,6.446418938480097,3.8420136699507386,2.604405268529358
PEI5mgmL_80°C_Des.TXT,PEI5mgmL,80°C,Des,1848,5787.875,100.0,332530.0,6.446409770808202,3.8417796798029555,2.6046300910052467
PEI5mgmL_80°C_Des.TXT,PEI5mgmL,80°C,Des,1849,5795.975,100.0,332530.0,6.4464,3.8415302955665025,2.604869704433497
PEI5mgmL_80°C_Des.TXT,PEI5mgmL,80°C,Des,1850,5798.375,100.0,332530.0,6.446408888888889,3.8414564039408865,2.604952484948002
PEI5mgmL_80°C_Des.TXT,PEI5mgmL,80°C,Des,1851,5800.775000000001,100.0,332530.0,6.446417777777778,3.841382512315271,2.6050352654625066
PEI5mgmL_80°C_Des.TXT,PEI5mgmL,80°C,Des,1852,5803.475,100.0,332530.0,6.446427777777777,3.841299384236453,2.605128393541324
PEI5mgmL_80°C_Des.TXT,PEI5mgmL,80°C,Des,1853,5805.975,100.0,332530.0,6.446437037037037,3.8412224137931035,2.6052146232439335
PEI5mgmL_80°C_Des.TXT,PEI5mgmL,80°C,Des,1854,5808.775000000001,100.0,332530.0,6.446447407407407,3.8411362068965516,2.605311200510856
PEI5mgmL_80°C_Des.TXT,PEI5mgmL,80°C,Des,1855,5813.775000000001,100.0,332530.0,6.446465925925926,3.8409822660098523,2.605483659916074
PEI5mgmL_80°C_Des.TXT,PEI5mgmL,80°C,Des,1856,5816.375,100.0,332530.0,6.446475555555555,3.8409022167487685,2.6055733388067863
PEI5mgmL_80°C_Des.TXT,PEI5mgmL,80°C,Des,1857,5818.975,100.0,332530.0,6.4464851851851845,3.840822167487685,2.6056630176974998
PEI5mgmL_80°C_Des.TXT,PEI5mgmL,80°C,Des,1858,5821.675,100.0,332530.0,6.446495185185185,3.840739039408867,2.605756145776318
PEI5mgmL_80°C_Des.TXT,PEI5mgmL,80°C,Des,1859,5824.075000000001,100.0,332530.0,6.446504074074074,3.840665147783251,2.605838926290823
PEI5mgmL_80°C_Des.TXT,PEI5mgmL,80°C,Des,1860,5826.775000000001,100.0,332530.0,6.446514074074074,3.840582019704433,2.6059320543696405
PEI5mgmL_80°C_Des.TXT,PEI5mgmL,80°C,Des,1861,5829.375,100.0,332530.0,6.446523703703703,3.84050197044335,2.6060217332603535
PEI5mgmL_80°C_Des.TXT,PEI5mgmL,80°C,Des,1862,5831.775000000001,100.0,332530.0,6.446532592592592,3.840428078817734,2.6061045137748584
PEI5mgmL_80°C_Des.TXT,PEI5mgmL,80°C,Des,1863,5834.375,100.0,332530.0,6.446542222222222,3.84034802955665,2.606194192665572
PEI5mgmL_80°C_Des.TXT,PEI5mgmL,80°C,Des,1864,5836.775000000001,100.0,332530.0,6.446551111111111,3.8402741379310346,2.6062769731800763
PEI5mgmL_80°C_Des.TXT,PEI5mgmL,80°C,Des,1865,5839.475,100.0,332530.0,6.4465611111111105,3.8401910098522167,2.606370101258894
PEI5mgmL_80°C_Des.TXT,PEI5mgmL,80°C,Des,1866,5842.075000000001,100.0,332530.0,6.44657074074074,3.840110960591133,2.606459780149607
PEI5mgmL_80°C_Des.TXT,PEI5mgmL,80°C,Des,1867,5847.175,100.0,332530.0,6.44658962962963,3.839953940886699,2.6066356887429305
PEI5mgmL_80°C_Des.TXT,PEI5mgmL,80°C,Des,1868,5849.575000000001,100.0,332530.0,6.446598518518519,3.8398800492610836,2.606718469257435
PEI5mgmL_80°C_Des.TXT,PEI5mgmL,80°C,Des,1869,5852.175,100.0,332530.0,6.446608148148148,3.8398,2.6068081481481484
PEI5mgmL_80°C_Des.TXT,PEI5mgmL,80°C,Des,1870,5854.875,100.0,332530.0,6.446618148148148,3.83972756097561,2.606890587172538
PEI5mgmL_80°C_Des.TXT,PEI5mgmL,80°C,Des,1871,5861.475,100.0,332530.0,6.4466425925925925,3.839550487804878,2.6070921047877147
PEI5mgmL_80°C_Des.TXT,PEI5mgmL,80°C,Des,1872,5869.175,100.0,332530.0,6.446671111111111,3.8393439024390243,2.6073272086720864
PEI5mgmL_80°C_Des.TXT,PEI5mgmL,80°C,Des,1873,5876.975,100.0,332530.0,6.4467,3.8391346341463413,2.6075653658536586
PEI5mgmL_80°C_Des.TXT,PEI5mgmL,80°C,Des,1874,5879.575000000001,100.0,332530.0,6.446706310679612,3.8390648780487804,2.6076414326308313
PEI5mgmL_80°C_Des.TXT,PEI5mgmL,80°C,Des,1875,5882.175,100.0,332530.0,6.446712621359223,3.8389951219512195,2.607717499408004
PEI5mgmL_80°C_Des.TXT,PEI5mgmL,80°C,Des,1876,5884.775000000001,100.0,332530.0,6.446718932038835,3.8389253658536586,2.6077935661851765
PEI5mgmL_80°C_Des.TXT,PEI5mgmL,80°C,Des,1877,5887.375,100.0,332530.0,6.446725242718447,3.8388556097560977,2.607869632962349
PEI5mgmL_80°C_Des.TXT,PEI5mgmL,80°C,Des,1878,5889.975,100.0,332530.0,6.446731553398058,3.8387858536585364,2.6079456997395214
PEI5mgmL_80°C_Des.TXT,PEI5mgmL,80°C,Des,1879,5895.175,100.0,332530.0,6.446744174757281,3.8386463414634147,2.6080978332938667
PEI5mgmL_80°C_Des.TXT,PEI5mgmL,80°C,Des,1880,5897.975,100.0,332530.0,6.4467509708737865,3.838571219512195,2.6081797513615914
PEI5mgmL_80°C_Des.TXT,PEI5mgmL,80°C,Des,1881,5900.575000000001,100.0,332530.0,6.446757281553398,3.838501463414634,2.608255818138764
PEI5mgmL_80°C_Des.TXT,PEI5mgmL,80°C,Des,1882,5903.175,100.0,332530.0,6.44676359223301,3.8384317073170733,2.6083318849159367
PEI5mgmL_80°C_Des.TXT,PEI5mgmL,80°C,Des,1883,5905.775000000001,100.0,332530.0,6.446769902912622,3.8383619512195124,2.6084079516931094
PEI5mgmL_80°C_Des.TXT,PEI5mgmL,80°C,Des,1884,5908.475,100.0,332530.0,6.44677645631068,3.838289512195122,2.608486944115558
PEI5mgmL_80°C_Des.TXT,PEI5mgmL,80°C,Des,1885,5911.075000000001,100.0,332530.0,6.4467827669902915,3.838219756097561,2.6085630108927305
PEI5mgmL_80°C_Des.TXT,PEI5mgmL,80°C,Des,1886,5913.475,100.0,332530.0,6.44678859223301,3.8381553658536585,2.6086332263793515
PEI5mgmL_80°C_Des.TXT,PEI5mgmL,80°C,Des,1887,5916.075000000001,100.0,332530.0,6.446794902912622,3.8380856097560976,2.608709293156524
PEI5mgmL_80°C_Des.TXT,PEI5mgmL,80°C,Des,1888,5918.575000000001,100.0,332530.0,6.446800970873786,3.838018536585366,2.6087824342884205
PEI5mgmL_80°C_Des.TXT,PEI5mgmL,80°C,Des,1889,5921.175,100.0,332530.0,6.446807281553398,3.837948780487805,2.608858501065593
PEI5mgmL_80°C_Des.TXT,PEI5mgmL,80°C,Des,1890,5923.775000000001,100.0,332530.0,6.44681359223301,3.837879024390244,2.608934567842766
PEI5mgmL_80°C_Des.TXT,PEI5mgmL,80°C,Des,1891,5928.875,100.0,332530.0,6.446825970873786,3.8377421951219515,2.609083775751835
PEI5mgmL_80°C_Des.TXT,PEI5mgmL,80°C,Des,1892,5931.375,100.0,332530.0,6.446832038834952,3.8376751219512197,2.609156916883732
PEI5mgmL_80°C_Des.TXT,PEI5mgmL,80°C,Des,1893,5934.175,100.0,332530.0,6.446838834951456,3.8376,2.609238834951456
PEI5mgmL_80°C_Des.TXT,PEI5mgmL,80°C,Des,1894,5936.875,100.0,332530.0,6.446845388349515,3.837530853658537,2.609314534690978
PEI5mgmL_80°C_Des.TXT,PEI5mgmL,80°C,Des,1895,5943.375,100.0,332530.0,6.446861165048544,3.8373643902439025,2.6094967748046414
PEI5mgmL_80°C_Des.TXT,PEI5mgmL,80°C,Des,1896,5951.075000000001,100.0,332530.0,6.446879854368932,3.8371671951219515,2.6097126592469806
PEI5mgmL_80°C_Des.TXT,PEI5mgmL,80°C,Des,1897,5959.375,100.0,332530.0,6.4469,3.8369546341463416,2.6099453658536587
PEI5mgmL_80°C_Des.TXT,PEI5mgmL,80°C,Des,1898,5961.875,100.0,332530.0,6.4469060975609755,3.8368906097560975,2.610015487804878
PEI5mgmL_80°C_Des.TXT,PEI5mgmL,80°C,Des,1899,5964.275000000001,100.0,332530.0,6.446911951219512,3.8368291463414637,2.6100828048780484
PEI5mgmL_80°C_Des.TXT,PEI5mgmL,80°C,Des,1900,5967.075000000001,100.0,332530.0,6.446918780487805,3.83675743902439,2.610161341463415
PEI5mgmL_80°C_Des.TXT,PEI5mgmL,80°C,Des,1901,5969.575000000001,100.0,332530.0,6.4469248780487804,3.8366934146341465,2.610231463414634
PEI5mgmL_80°C_Des.TXT,PEI5mgmL,80°C,Des,1902,5972.175,100.0,332530.0,6.446931219512195,3.836626829268293,2.6103043902439023
PEI5mgmL_80°C_Des.TXT,PEI5mgmL,80°C,Des,1903,5977.475,100.0,332530.0,6.446944146341464,3.836491097560976,2.610453048780488
PEI5mgmL_80°C_Des.TXT,PEI5mgmL,80°C,Des,1904,5979.875,100.0,332530.0,6.44695,3.8364296341463415,2.6105203658536587
PEI5mgmL_80°C_Des.TXT,PEI5mgmL,80°C,Des,1905,5982.775000000001,100.0,332530.0,6.446957073170732,3.8363553658536587,2.6106017073170733
PEI5mgmL_80°C_Des.TXT,PEI5mgmL,80°C,Des,1906,5985.175,100.0,332530.0,6.4469629268292685,3.8362939024390244,2.610669024390244
PEI5mgmL_80°C_Des.TXT,PEI5mgmL,80°C,Des,1907,5987.575000000001,100.0,332530.0,6.446968780487805,3.8362324390243905,2.6107363414634146
PEI5mgmL_80°C_Des.TXT,PEI5mgmL,80°C,Des,1908,5990.375,100.0,332530.0,6.446975609756097,3.8361607317073174,2.61081487804878
PEI5mgmL_80°C_Des.TXT,PEI5mgmL,80°C,Des,1909,5992.875,100.0,332530.0,6.446981707317073,3.8360967073170733,2.610885
PEI5mgmL_80°C_Des.TXT,PEI5mgmL,80°C,Des,1910,5995.775000000001,100.0,332530.0,6.446988780487805,3.8360224390243904,2.6109663414634148
PEI5mgmL_80°C_Des.TXT,PEI5mgmL,80°C,Des,1911,5998.275000000001,100.0,332530.0,6.4469948780487805,3.8359584146341463,2.611036463414634
PEI5mgmL_80°C_Des.TXT,PEI5mgmL,80°C,Des,1912,6000.875,100.0,332530.0,6.447001219512195,3.835891829268293,2.6111093902439024
PEI5mgmL_80°C_Des.TXT,PEI5mgmL,80°C,Des,1913,6003.375,100.0,332530.0,6.4470073170731705,3.8358278048780488,2.611179512195122
PEI5mgmL_80°C_Des.TXT,PEI5mgmL,80°C,Des,1914,6006.175,100.0,332530.0,6.447014146341464,3.8357560975609757,2.611258048780488
PEI5mgmL_80°C_Des.TXT,PEI5mgmL,80°C,Des,1915,6011.075000000001,100.0,332530.0,6.447026097560975,3.8356306097560977,2.6113954878048777
PEI5mgmL_80°C_Des.TXT,PEI5mgmL,80°C,Des,1916,6013.575000000001,100.0,332530.0,6.447032195121952,3.8355665853658536,2.611465609756098
PEI5mgmL_80°C_Des.TXT,PEI5mgmL,80°C,Des,1917,6016.175,100.0,332530.0,6.4470385365853655,3.8355,2.6115385365853654
PEI5mgmL_80°C_Des.TXT,PEI5mgmL,80°C,Des,1918,6018.975,100.0,332530.0,6.447045365853659,3.8354421628189552,2.6116032030347034
PEI5mgmL_80°C_Des.TXT,PEI5mgmL,80°C,Des,1919,6025.375,100.0,332530.0,6.447060975609756,3.8353099635479952,2.611751012061761
PEI5mgmL_80°C_Des.TXT,PEI5mgmL,80°C,Des,1920,6033.075000000001,100.0,332530.0,6.447079756097561,3.8351509113001216,2.6119288447974394
PEI5mgmL_80°C_Des.TXT,PEI5mgmL,80°C,Des,1921,6041.375,100.0,332530.0,6.4471,3.8349794653705955,2.6121205346294043
PEI5mgmL_80°C_Des.TXT,PEI5mgmL,80°C,Des,1922,6043.875,100.0,332530.0,6.447109135200974,3.834927825030377,2.6121813101705973
PEI5mgmL_80°C_Des.TXT,PEI5mgmL,80°C,Des,1923,6046.375,100.0,332530.0,6.4471182704019485,3.8348761846901582,2.6122420857117903
PEI5mgmL_80°C_Des.TXT,PEI5mgmL,80°C,Des,1924,6048.975,100.0,332530.0,6.447127771010962,3.8348224787363305,2.6123052922746313
PEI5mgmL_80°C_Des.TXT,PEI5mgmL,80°C,Des,1925,6051.675,100.0,332530.0,6.447137637028015,3.8347667071688942,2.6123709298591207
PEI5mgmL_80°C_Des.TXT,PEI5mgmL,80°C,Des,1926,6054.175,100.0,332530.0,6.447146772228989,3.8347150668286756,2.6124317054003137
PEI5mgmL_80°C_Des.TXT,PEI5mgmL,80°C,Des,1927,6059.375,100.0,332530.0,6.447165773447016,3.8346076549210206,2.612558118525995
PEI5mgmL_80°C_Des.TXT,PEI5mgmL,80°C,Des,1928,6061.775000000001,100.0,332530.0,6.447174543239951,3.8345580801944106,2.6126164630455406
PEI5mgmL_80°C_Des.TXT,PEI5mgmL,80°C,Des,1929,6064.475,100.0,332530.0,6.447184409257003,3.8345023086269747,2.6126821006300287
PEI5mgmL_80°C_Des.TXT,PEI5mgmL,80°C,Des,1930,6066.875,100.0,332530.0,6.447193179049939,3.8344527339003647,2.612740445149574
PEI5mgmL_80°C_Des.TXT,PEI5mgmL,80°C,Des,1931,6069.375,100.0,332530.0,6.447202314250913,3.834401093560146,2.612801220690767
PEI5mgmL_80°C_Des.TXT,PEI5mgmL,80°C,Des,1932,6072.075000000001,100.0,332530.0,6.447212180267965,3.8343453219927097,2.6128668582752557
PEI5mgmL_80°C_Des.TXT,PEI5mgmL,80°C,Des,1933,6074.575000000001,100.0,332530.0,6.447221315468941,3.834293681652491,2.6129276338164495
PEI5mgmL_80°C_Des.TXT,PEI5mgmL,80°C,Des,1934,6077.375,100.0,332530.0,6.447231546894032,3.834235844471446,2.6129957024225856
PEI5mgmL_80°C_Des.TXT,PEI5mgmL,80°C,Des,1935,6079.975,100.0,332530.0,6.447241047503045,3.8341821385176185,2.6130589089854266
PEI5mgmL_80°C_Des.TXT,PEI5mgmL,80°C,Des,1936,6082.675,100.0,332530.0,6.447250913520097,3.834126366950182,2.613124546569915
PEI5mgmL_80°C_Des.TXT,PEI5mgmL,80°C,Des,1937,6085.175,100.0,332530.0,6.447260048721072,3.8340747266099635,2.613185322111108
PEI5mgmL_80°C_Des.TXT,PEI5mgmL,80°C,Des,1938,6088.075000000001,100.0,332530.0,6.447270645554202,3.83401482381531,2.6132558217388917
PEI5mgmL_80°C_Des.TXT,PEI5mgmL,80°C,Des,1939,6093.175,100.0,332530.0,6.44728928136419,3.8339094775212637,2.6133798038429266
PEI5mgmL_80°C_Des.TXT,PEI5mgmL,80°C,Des,1940,6095.675,100.0,332530.0,6.447298416565165,3.833857837181045,2.6134405793841196
PEI5mgmL_80°C_Des.TXT,PEI5mgmL,80°C,Des,1941,6098.475,100.0,332530.0,6.447308647990256,3.8338,2.6135086479902556
PEI5mgmL_80°C_Des.TXT,PEI5mgmL,80°C,Des,1942,6101.175,100.0,332530.0,6.447318514007308,3.833744498186215,2.6135740158210927
PEI5mgmL_80°C_Des.TXT,PEI5mgmL,80°C,Des,1943,6107.675,100.0,332530.0,6.447342265529842,3.8336108827085855,2.613731382821256
PEI5mgmL_80°C_Des.TXT,PEI5mgmL,80°C,Des,1944,6115.675,100.0,332530.0,6.44737149817296,3.833446432889964,2.6139250652829964
PEI5mgmL_80°C_Des.TXT,PEI5mgmL,80°C,Des,1945,6123.475,100.0,332530.0,6.4474,3.833286094316808,2.614113905683192
PEI5mgmL_80°C_Des.TXT,PEI5mgmL,80°C,Des,1946,6126.075000000001,100.0,332530.0,6.447403140096618,3.833232648125756,2.6141704919708624
PEI5mgmL_80°C_Des.TXT,PEI5mgmL,80°C,Des,1947,6128.575000000001,100.0,332530.0,6.44740615942029,3.8331812575574364,2.614224901862854
PEI5mgmL_80°C_Des.TXT,PEI5mgmL,80°C,Des,1948,6131.375,100.0,332530.0,6.447409541062802,3.833123700120919,2.614285840941883
PEI5mgmL_80°C_Des.TXT,PEI5mgmL,80°C,Des,1949,6133.875,100.0,332530.0,6.447412560386473,3.8330723095526,2.614340250833873
PEI5mgmL_80°C_Des.TXT,PEI5mgmL,80°C,Des,1950,6136.675,100.0,332530.0,6.447415942028986,3.8330147521160822,2.6144011899129036
PEI5mgmL_80°C_Des.TXT,PEI5mgmL,80°C,Des,1951,6141.975,100.0,332530.0,6.447422342995169,3.8329058041112454,2.6145165388839233
PEI5mgmL_80°C_Des.TXT,PEI5mgmL,80°C,Des,1952,6144.575000000001,100.0,332530.0,6.447425483091787,3.8328523579201934,2.6145731251715936
PEI5mgmL_80°C_Des.TXT,PEI5mgmL,80°C,Des,1953,6147.275000000001,100.0,332530.0,6.4474287439613525,3.832796856106409,2.6146318878549435
PEI5mgmL_80°C_Des.TXT,PEI5mgmL,80°C,Des,1954,6149.775000000001,100.0,332530.0,6.447431763285024,3.8327454655380895,2.614686297746935
PEI5mgmL_80°C_Des.TXT,PEI5mgmL,80°C,Des,1955,6152.175,100.0,332530.0,6.447434661835748,3.832696130592503,2.6147385312432454
PEI5mgmL_80°C_Des.TXT,PEI5mgmL,80°C,Des,1956,6154.875,100.0,332530.0,6.447437922705314,3.8326406287787185,2.6147972939265953
PEI5mgmL_80°C_Des.TXT,PEI5mgmL,80°C,Des,1957,6157.475,100.0,332530.0,6.447441062801932,3.8325871825876665,2.6148538802142656
PEI5mgmL_80°C_Des.TXT,PEI5mgmL,80°C,Des,1958,6160.175,100.0,332530.0,6.447444323671498,3.8325316807738816,2.614912642897616
PEI5mgmL_80°C_Des.TXT,PEI5mgmL,80°C,Des,1959,6162.875,100.0,332530.0,6.447447584541063,3.8324761789600967,2.6149714055809663
PEI5mgmL_80°C_Des.TXT,PEI5mgmL,80°C,Des,1960,6165.575000000001,100.0,332530.0,6.447450845410628,3.832420677146312,2.615030168264316
PEI5mgmL_80°C_Des.TXT,PEI5mgmL,80°C,Des,1961,6167.975,100.0,332530.0,6.447453743961352,3.8323713422007257,2.6150824017606267
PEI5mgmL_80°C_Des.TXT,PEI5mgmL,80°C,Des,1962,6170.675,100.0,332530.0,6.447457004830918,3.832315840386941,2.615141164443977
PEI5mgmL_80°C_Des.TXT,PEI5mgmL,80°C,Des,1963,6175.975,100.0,332530.0,6.447463405797102,3.832206892382104,2.6152565134149977
PEI5mgmL_80°C_Des.TXT,PEI5mgmL,80°C,Des,1964,6178.475,100.0,332530.0,6.447466425120773,3.832155501813785,2.615310923306988
PEI5mgmL_80°C_Des.TXT,PEI5mgmL,80°C,Des,1965,6181.175,100.0,332530.0,6.447469685990338,3.8321,2.615369685990338
PEI5mgmL_80°C_Des.TXT,PEI5mgmL,80°C,Des,1966,6183.975,100.0,332530.0,6.44747306763285,3.8320525423728813,2.6154205252599687
PEI5mgmL_80°C_Des.TXT,PEI5mgmL,80°C,Des,1967,6190.975,100.0,332530.0,6.44748152173913,3.831933898305085,2.615547623434045
PEI5mgmL_80°C_Des.TXT,PEI5mgmL,80°C,Des,1968,6198.575000000001,100.0,332530.0,6.447490700483091,3.831805084745763,2.6156856157373283
PEI5mgmL_80°C_Des.TXT,PEI5mgmL,80°C,Des,1969,6206.275000000001,100.0,332530.0,6.4475,3.8316745762711863,2.6158254237288134
PEI5mgmL_80°C_Des.TXT,PEI5mgmL,80°C,Des,1970,6208.975,100.0,332530.0,6.447506537530266,3.831628813559322,2.6158777239709443
PEI5mgmL_80°C_Des.TXT,PEI5mgmL,80°C,Des,1971,6211.375,100.0,332530.0,6.447512348668281,3.8315881355932206,2.61592421307506
PEI5mgmL_80°C_Des.TXT,PEI5mgmL,80°C,Des,1972,6214.275000000001,100.0,332530.0,6.447519370460048,3.8315389830508475,2.6159803874092007
PEI5mgmL_80°C_Des.TXT,PEI5mgmL,80°C,Des,1973,6216.775000000001,100.0,332530.0,6.4475254237288135,3.831496610169492,2.6160288135593217
PEI5mgmL_80°C_Des.TXT,PEI5mgmL,80°C,Des,1974,6219.475,100.0,332530.0,6.44753196125908,3.8314508474576274,2.6160811138014526
PEI5mgmL_80°C_Des.TXT,PEI5mgmL,80°C,Des,1975,6224.475,100.0,332530.0,6.44754406779661,3.831366101694915,2.6161779661016946
PEI5mgmL_80°C_Des.TXT,PEI5mgmL,80°C,Des,1976,6227.175,100.0,332530.0,6.447550605326876,3.831320338983051,2.6162302663438255
PEI5mgmL_80°C_Des.TXT,PEI5mgmL,80°C,Des,1977,6229.775000000001,100.0,332530.0,6.447556900726392,3.8312762711864408,2.616280629539951
PEI5mgmL_80°C_Des.TXT,PEI5mgmL,80°C,Des,1978,6232.375,100.0,332530.0,6.447563196125908,3.8312322033898307,2.6163309927360774
PEI5mgmL_80°C_Des.TXT,PEI5mgmL,80°C,Des,1979,6234.875,100.0,332530.0,6.4475692493946735,3.8311898305084746,2.616379418886199
PEI5mgmL_80°C_Des.TXT,PEI5mgmL,80°C,Des,1980,6237.675,100.0,332530.0,6.44757602905569,3.8311423728813563,2.6164336561743338
PEI5mgmL_80°C_Des.TXT,PEI5mgmL,80°C,Des,1981,6240.175,100.0,332530.0,6.447582082324455,3.8311,2.6164820823244552
PEI5mgmL_80°C_Des.TXT,PEI5mgmL,80°C,Des,1982,6242.975,100.0,332530.0,6.447588861985472,3.8310525423728814,2.6165363196125906
PEI5mgmL_80°C_Des.TXT,PEI5mgmL,80°C,Des,1983,6245.575000000001,100.0,332530.0,6.4475951573849875,3.8310084745762714,2.616586682808716
PEI5mgmL_80°C_Des.TXT,PEI5mgmL,80°C,Des,1984,6248.275000000001,100.0,332530.0,6.447601694915254,3.830962711864407,2.616638983050847
PEI5mgmL_80°C_Des.TXT,PEI5mgmL,80°C,Des,1985,6250.775000000001,100.0,332530.0,6.447607748184019,3.830920338983051,2.6166874092009684
PEI5mgmL_80°C_Des.TXT,PEI5mgmL,80°C,Des,1986,6253.475,100.0,332530.0,6.447614285714286,3.8308745762711864,2.6167397094430993
PEI5mgmL_80°C_Des.TXT,PEI5mgmL,80°C,Des,1987,6258.475,100.0,332530.0,6.447626392251816,3.8307898305084747,2.616836561743342
PEI5mgmL_80°C_Des.TXT,PEI5mgmL,80°C,Des,1988,6261.175,100.0,332530.0,6.447632929782082,3.8307440677966103,2.6168888619854718
PEI5mgmL_80°C_Des.TXT,PEI5mgmL,80°C,Des,1989,6263.775000000001,100.0,332530.0,6.447639225181598,3.8307,2.616939225181598
PEI5mgmL_80°C_Des.TXT,PEI5mgmL,80°C,Des,1990,6266.375,100.0,332530.0,6.447645520581114,3.830655985489722,2.616989535091392
PEI5mgmL_80°C_Des.TXT,PEI5mgmL,80°C,Des,1991,6272.875,100.0,332530.0,6.447661259079903,3.830545949214027,2.6171153098658766
PEI5mgmL_80°C_Des.TXT,PEI5mgmL,80°C,Des,1992,6280.775000000001,100.0,332530.0,6.447680387409201,3.8304122128174125,2.6172681745917883
PEI5mgmL_80°C_Des.TXT,PEI5mgmL,80°C,Des,1993,6288.875,100.0,332530.0,6.4477,3.830275090689238,2.617424909310762
PEI5mgmL_80°C_Des.TXT,PEI5mgmL,80°C,Des,1994,6291.275000000001,100.0,332530.0,6.447688405797102,3.83023446191052,2.617453943886582
PEI5mgmL_80°C_Des.TXT,PEI5mgmL,80°C,Des,1995,6294.075000000001,100.0,332530.0,6.447674879227053,3.830187061668682,2.617487817558371
PEI5mgmL_80°C_Des.TXT,PEI5mgmL,80°C,Des,1996,6296.675,100.0,332530.0,6.44766231884058,3.830143047158404,2.617519271682176
PEI5mgmL_80°C_Des.TXT,PEI5mgmL,80°C,Des,1997,6299.375,100.0,332530.0,6.447649275362319,3.830097339782346,2.617551935579973
PEI5mgmL_80°C_Des.TXT,PEI5mgmL,80°C,Des,1998,6301.975,100.0,332530.0,6.447636714975846,3.830053325272068,2.617583389703778
PEI5mgmL_80°C_Des.TXT,PEI5mgmL,80°C,Des,1999,6307.175,100.0,332530.0,6.447611594202899,3.8299652962515114,2.6176462979513873
PEI5mgmL_80°C_Des.TXT,PEI5mgmL,80°C,Des,2000,6309.975,100.0,332530.0,6.447598067632851,3.8299178960096736,2.617680171623177
PEI5mgmL_80°C_Des.TXT,PEI5mgmL,80°C,Des,2001,6312.575000000001,100.0,332530.0,6.4475855072463775,3.8298738814993953,2.617711625746982
PEI5mgmL_80°C_Des.TXT,PEI5mgmL,80°C,Des,2002,6315.175,100.0,332530.0,6.4475729468599035,3.8298298669891175,2.617743079870786
PEI5mgmL_80°C_Des.TXT,PEI5mgmL,80°C,Des,2003,6317.675,100.0,332530.0,6.447560869565217,3.8297875453446193,2.617773324220598
PEI5mgmL_80°C_Des.TXT,PEI5mgmL,80°C,Des,2004,6320.475,100.0,332530.0,6.447547342995169,3.829740145102781,2.6178071978923882
PEI5mgmL_80°C_Des.TXT,PEI5mgmL,80°C,Des,2005,6323.075000000001,100.0,332530.0,6.447534782608696,3.8296961305925032,2.617838652016193
PEI5mgmL_80°C_Des.TXT,PEI5mgmL,80°C,Des,2006,6325.575000000001,100.0,332530.0,6.44752270531401,3.829653808948005,2.617868896366005
PEI5mgmL_80°C_Des.TXT,PEI5mgmL,80°C,Des,2007,6328.275000000001,100.0,332530.0,6.447509661835749,3.8296081015719468,2.6179015602638023
PEI5mgmL_80°C_Des.TXT,PEI5mgmL,80°C,Des,2008,6330.975,100.0,332530.0,6.447496618357488,3.829562394195889,2.617934224161599
PEI5mgmL_80°C_Des.TXT,PEI5mgmL,80°C,Des,2009,6333.475,100.0,332530.0,6.447484541062802,3.8295200725513907,2.617964468511411
PEI5mgmL_80°C_Des.TXT,PEI5mgmL,80°C,Des,2010,6336.275000000001,100.0,332530.0,6.447471014492754,3.8294726723095525,2.6179983421832014
PEI5mgmL_80°C_Des.TXT,PEI5mgmL,80°C,Des,2011,6341.175,100.0,332530.0,6.4474473429951695,3.829389721886336,2.6180576211088336
PEI5mgmL_80°C_Des.TXT,PEI5mgmL,80°C,Des,2012,6343.875,100.0,332530.0,6.4474342995169085,3.829344014510278,2.6180902850066303
PEI5mgmL_80°C_Des.TXT,PEI5mgmL,80°C,Des,2013,6346.475,100.0,332530.0,6.447421739130435,3.8293,2.6181217391304354
PEI5mgmL_80°C_Des.TXT,PEI5mgmL,80°C,Des,2014,6349.375,100.0,332530.0,6.447407729468599,3.8292610975609755,2.618146631907624
PEI5mgmL_80°C_Des.TXT,PEI5mgmL,80°C,Des,2015,6355.875,100.0,332530.0,6.447376328502416,3.8291739024390243,2.6182024260633914
PEI5mgmL_80°C_Des.TXT,PEI5mgmL,80°C,Des,2016,6363.375,100.0,332530.0,6.447340096618357,3.829073292682927,2.6182668039354304
PEI5mgmL_80°C_Des.TXT,PEI5mgmL,80°C,Des,2017,6371.675,100.0,332530.0,6.4473,3.828961951219512,2.618338048780488
PEI5mgmL_80°C_Des.TXT,PEI5mgmL,80°C,Des,2018,6374.175,100.0,332530.0,6.447309146341464,3.828928414634146,2.618380731707318
PEI5mgmL_80°C_Des.TXT,PEI5mgmL,80°C,Des,2019,6376.975,100.0,332530.0,6.447319390243902,3.8288908536585367,2.6184285365853657
PEI5mgmL_80°C_Des.TXT,PEI5mgmL,80°C,Des,2020,6379.675,100.0,332530.0,6.447329268292683,3.8288546341463414,2.6184746341463416
PEI5mgmL_80°C_Des.TXT,PEI5mgmL,80°C,Des,2021,6382.475,100.0,332530.0,6.447339512195122,3.8288170731707316,2.6185224390243906
PEI5mgmL_80°C_Des.TXT,PEI5mgmL,80°C,Des,2022,6385.075000000001,100.0,332530.0,6.4473490243902445,3.828782195121951,2.6185668292682935
PEI5mgmL_80°C_Des.TXT,PEI5mgmL,80°C,Des,2023,6390.175,100.0,332530.0,6.44736768292683,3.8287137804878046,2.618653902439025
PEI5mgmL_80°C_Des.TXT,PEI5mgmL,80°C,Des,2024,6392.675,100.0,332530.0,6.447376829268293,3.828680243902439,2.6186965853658544
PEI5mgmL_80°C_Des.TXT,PEI5mgmL,80°C,Des,2025,6395.175,100.0,332530.0,6.447385975609756,3.828646707317073,2.6187392682926833
PEI5mgmL_80°C_Des.TXT,PEI5mgmL,80°C,Des,2026,6397.775000000001,100.0,332530.0,6.4473954878048785,3.8286118292682927,2.618783658536586
PEI5mgmL_80°C_Des.TXT,PEI5mgmL,80°C,Des,2027,6400.175,100.0,332530.0,6.447404268292683,3.828579634146341,2.6188246341463417
PEI5mgmL_80°C_Des.TXT,PEI5mgmL,80°C,Des,2028,6402.775000000001,100.0,332530.0,6.447413780487805,3.828544756097561,2.618869024390244
PEI5mgmL_80°C_Des.TXT,PEI5mgmL,80°C,Des,2029,6405.375,100.0,332530.0,6.447423292682927,3.8285098780487803,2.618913414634147
PEI5mgmL_80°C_Des.TXT,PEI5mgmL,80°C,Des,2030,6407.975,100.0,332530.0,6.447432804878049,3.828475,2.6189578048780486
PEI5mgmL_80°C_Des.TXT,PEI5mgmL,80°C,Des,2031,6410.475,100.0,332530.0,6.4474419512195125,3.828441463414634,2.6190004878048785
PEI5mgmL_80°C_Des.TXT,PEI5mgmL,80°C,Des,2032,6413.275000000001,100.0,332530.0,6.447452195121952,3.828403902439024,2.6190482926829275
PEI5mgmL_80°C_Des.TXT,PEI5mgmL,80°C,Des,2033,6415.675,100.0,332530.0,6.447460975609756,3.828371707317073,2.619089268292683
PEI5mgmL_80°C_Des.TXT,PEI5mgmL,80°C,Des,2034,6418.575000000001,100.0,332530.0,6.447471585365854,3.8283328048780487,2.619138780487805
PEI5mgmL_80°C_Des.TXT,PEI5mgmL,80°C,Des,2035,6423.375,100.0,332530.0,6.447489146341463,3.828268414634146,2.6192207317073173
PEI5mgmL_80°C_Des.TXT,PEI5mgmL,80°C,Des,2036,6425.875,100.0,332530.0,6.447498292682927,3.8282348780487805,2.6192634146341467
PEI5mgmL_80°C_Des.TXT,PEI5mgmL,80°C,Des,2037,6428.475,100.0,332530.0,6.447507804878049,3.8282,2.6193078048780496
PEI5mgmL_80°C_Des.TXT,PEI5mgmL,80°C,Des,2038,6431.475,100.0,332530.0,6.447518780487806,3.8281562575941677,2.619362522893638
PEI5mgmL_80°C_Des.TXT,PEI5mgmL,80°C,Des,2039,6437.975,100.0,332530.0,6.44754256097561,3.8280614823815307,2.6194810785940796
PEI5mgmL_80°C_Des.TXT,PEI5mgmL,80°C,Des,2040,6445.475,100.0,332530.0,6.447570000000001,3.82795212636695,2.6196178736330507
PEI5mgmL_80°C_Des.TXT,PEI5mgmL,80°C,Des,2041,6453.675,100.0,332530.0,6.4476,3.8278325637910084,2.619767436208992
PEI5mgmL_80°C_Des.TXT,PEI5mgmL,80°C,Des,2042,6456.075000000001,100.0,332530.0,6.447608812729499,3.8277975698663425,2.619811242863156
PEI5mgmL_80°C_Des.TXT,PEI5mgmL,80°C,Des,2043,6458.775000000001,100.0,332530.0,6.447618727050184,3.8277582017010934,2.6198605253490905
PEI5mgmL_80°C_Des.TXT,PEI5mgmL,80°C,Des,2044,6461.375,100.0,332530.0,6.447628274173807,3.8277202916160387,2.6199079825577685
PEI5mgmL_80°C_Des.TXT,PEI5mgmL,80°C,Des,2045,6464.175,100.0,332530.0,6.4476385556915545,3.8276794653705952,2.6199590903209593
PEI5mgmL_80°C_Des.TXT,PEI5mgmL,80°C,Des,2046,6466.775000000001,100.0,332530.0,6.447648102815178,3.8276415552855405,2.6200065475296372
PEI5mgmL_80°C_Des.TXT,PEI5mgmL,80°C,Des,2047,6471.975,100.0,332530.0,6.447667197062424,3.827565735115431,2.620101461946993
PEI5mgmL_80°C_Des.TXT,PEI5mgmL,80°C,Des,2048,6474.475,100.0,332530.0,6.447676376988984,3.827529283110571,2.6201470938784133
PEI5mgmL_80°C_Des.TXT,PEI5mgmL,80°C,Des,2049,6477.075000000001,100.0,332530.0,6.447685924112608,3.8274913730255165,2.620194551087091
PEI5mgmL_80°C_Des.TXT,PEI5mgmL,80°C,Des,2050,6479.475,100.0,332530.0,6.447694736842106,3.8274563791008505,2.6202383577412554
PEI5mgmL_80°C_Des.TXT,PEI5mgmL,80°C,Des,2051,6481.875,100.0,332530.0,6.447703549571604,3.8274213851761845,2.6202821643954195
PEI5mgmL_80°C_Des.TXT,PEI5mgmL,80°C,Des,2052,6484.675,100.0,332530.0,6.447713831089351,3.827380558930741,2.6203332721586103
PEI5mgmL_80°C_Des.TXT,PEI5mgmL,80°C,Des,2053,6487.475,100.0,332530.0,6.4477241126071,3.8273397326852976,2.620384379921802
PEI5mgmL_80°C_Des.TXT,PEI5mgmL,80°C,Des,2054,6489.875,100.0,332530.0,6.447732925336598,3.8273047387606316,2.620428186575966
PEI5mgmL_80°C_Des.TXT,PEI5mgmL,80°C,Des,2055,6492.775000000001,100.0,332530.0,6.447743574051407,3.827262454434994,2.6204811196164135
PEI5mgmL_80°C_Des.TXT,PEI5mgmL,80°C,Des,2056,6495.175,100.0,332530.0,6.4477523867809055,3.827227460510328,2.6205249262705776
PEI5mgmL_80°C_Des.TXT,PEI5mgmL,80°C,Des,2057,6497.675,100.0,332530.0,6.447761566707467,3.827191008505468,2.6205705582019987
PEI5mgmL_80°C_Des.TXT,PEI5mgmL,80°C,Des,2058,6500.175,100.0,332530.0,6.447770746634027,3.8271545565006075,2.6206161901334193
PEI5mgmL_80°C_Des.TXT,PEI5mgmL,80°C,Des,2059,6505.475,100.0,332530.0,6.447790208078335,3.8270772782503037,2.6207129298280316
PEI5mgmL_80°C_Des.TXT,PEI5mgmL,80°C,Des,2060,6507.875,100.0,332530.0,6.4477990208078335,3.8270422843256378,2.6207567364821958
PEI5mgmL_80°C_Des.TXT,PEI5mgmL,80°C,Des,2061,6510.775000000001,100.0,332530.0,6.447809669522644,3.827,2.620809669522644
PEI5mgmL_80°C_Des.TXT,PEI5mgmL,80°C,Des,2062,6513.475,100.0,332530.0,6.447819583843329,3.8269702570379436,2.6208493268053856
PEI5mgmL_80°C_Des.TXT,PEI5mgmL,80°C,Des,2063,6519.775000000001,100.0,332530.0,6.447842717258262,3.8269008567931455,2.6209418604651167
PEI5mgmL_80°C_Des.TXT,PEI5mgmL,80°C,Des,2064,6527.175,100.0,332530.0,6.447869889840881,3.8268193390452874,2.6210505507955935
PEI5mgmL_80°C_Des.TXT,PEI5mgmL,80°C,Des,2065,6535.375,100.0,332530.0,6.4479,3.8267290085679315,2.621170991432068
PEI5mgmL_80°C_Des.TXT,PEI5mgmL,80°C,Des,2066,6537.775000000001,100.0,332530.0,6.4479,3.826702570379437,2.6211974296205627
PEI5mgmL_80°C_Des.TXT,PEI5mgmL,80°C,Des,2067,6540.475,100.0,332530.0,6.4479,3.8266728274173807,2.621227172582619
PEI5mgmL_80°C_Des.TXT,PEI5mgmL,80°C,Des,2068,6543.075000000001,100.0,332530.0,6.4479,3.8266441860465115,2.6212558139534883
PEI5mgmL_80°C_Des.TXT,PEI5mgmL,80°C,Des,2069,6545.575000000001,100.0,332530.0,6.4479,3.82661664626683,2.62128335373317
PEI5mgmL_80°C_Des.TXT,PEI5mgmL,80°C,Des,2070,6548.175,100.0,332530.0,6.4479,3.8265880048959606,2.621311995104039
PEI5mgmL_80°C_Des.TXT,PEI5mgmL,80°C,Des,2071,6553.375,100.0,332530.0,6.4479,3.8265307221542226,2.621369277845777
PEI5mgmL_80°C_Des.TXT,PEI5mgmL,80°C,Des,2072,6555.875,100.0,332530.0,6.4479,3.826503182374541,2.6213968176254587
PEI5mgmL_80°C_Des.TXT,PEI5mgmL,80°C,Des,2073,6558.775000000001,100.0,332530.0,6.4479,3.82647123623011,2.62142876376989
PEI5mgmL_80°C_Des.TXT,PEI5mgmL,80°C,Des,2074,6561.175,100.0,332530.0,6.4479,3.8264447980416154,2.6214552019583843
PEI5mgmL_80°C_Des.TXT,PEI5mgmL,80°C,Des,2075,6563.575000000001,100.0,332530.0,6.4479,3.826418359853121,2.621481640146879
PEI5mgmL_80°C_Des.TXT,PEI5mgmL,80°C,Des,2076,6566.375,100.0,332530.0,6.4479,3.8263875152998774,2.6215124847001223
PEI5mgmL_80°C_Des.TXT,PEI5mgmL,80°C,Des,2077,6568.875,100.0,332530.0,6.4479,3.826359975520196,2.621540024479804
PEI5mgmL_80°C_Des.TXT,PEI5mgmL,80°C,Des,2078,6571.675,100.0,332530.0,6.4479,3.8263291309669523,2.6215708690330475
PEI5mgmL_80°C_Des.TXT,PEI5mgmL,80°C,Des,2079,6574.175,100.0,332530.0,6.4479,3.82630159118727,2.6215984088127295
PEI5mgmL_80°C_Des.TXT,PEI5mgmL,80°C,Des,2080,6576.975,100.0,332530.0,6.4479,3.8262707466340267,2.621629253365973
PEI5mgmL_80°C_Des.TXT,PEI5mgmL,80°C,Des,2081,6579.375,100.0,332530.0,6.4479,3.826244308445532,2.6216556915544675
PEI5mgmL_80°C_Des.TXT,PEI5mgmL,80°C,Des,2082,6582.275000000001,100.0,332530.0,6.4479,3.8262123623011015,2.6216876376988982
PEI5mgmL_80°C_Des.TXT,PEI5mgmL,80°C,Des,2083,6587.475,100.0,332530.0,6.4479,3.8261550795593635,2.6217449204406362
PEI5mgmL_80°C_Des.TXT,PEI5mgmL,80°C,Des,2084,6589.875,100.0,332530.0,6.4479,3.826128641370869,2.6217713586291307
PEI5mgmL_80°C_Des.TXT,PEI5mgmL,80°C,Des,2085,6592.475,100.0,332530.0,6.4479,3.8261,2.6218
PEI5mgmL_80°C_Des.TXT,PEI5mgmL,80°C,Des,2086,6595.375,100.0,332530.0,6.4479,3.8260610024449875,2.6218389975550123
PEI5mgmL_80°C_Des.TXT,PEI5mgmL,80°C,Des,2087,6601.775000000001,100.0,332530.0,6.4479,3.8259749388753055,2.6219250611246943
PEI5mgmL_80°C_Des.TXT,PEI5mgmL,80°C,Des,2088,6609.175,100.0,332530.0,6.4479,3.8258754278728606,2.622024572127139
PEI5mgmL_80°C_Des.TXT,PEI5mgmL,80°C,Des,2089,6617.475,100.0,332530.0,6.4479,3.825763814180929,2.6221361858190706
PEI5mgmL_80°C_Des.TXT,PEI5mgmL,80°C,Des,2090,6619.975,100.0,332530.0,6.447896947496948,3.825730195599022,2.6221667518979257
PEI5mgmL_80°C_Des.TXT,PEI5mgmL,80°C,Des,2091,6622.775000000001,100.0,332530.0,6.447893528693529,3.825692542787286,2.6222009859062427
PEI5mgmL_80°C_Des.TXT,PEI5mgmL,80°C,Des,2092,6625.375,100.0,332530.0,6.447890354090354,3.825657579462103,2.6222327746282508
PEI5mgmL_80°C_Des.TXT,PEI5mgmL,80°C,Des,2093,6627.975,100.0,332530.0,6.4478871794871795,3.8256226161369193,2.62226456335026
PEI5mgmL_80°C_Des.TXT,PEI5mgmL,80°C,Des,2094,6630.575000000001,100.0,332530.0,6.4478840048840045,3.825587652811736,2.6222963520722686
PEI5mgmL_80°C_Des.TXT,PEI5mgmL,80°C,Des,2095,6635.775000000001,100.0,332530.0,6.447877655677655,3.8255177261613693,2.622359929516286
PEI5mgmL_80°C_Des.TXT,PEI5mgmL,80°C,Des,2096,6638.175,100.0,332530.0,6.447874725274725,3.8254854523227384,2.622389272951987
PEI5mgmL_80°C_Des.TXT,PEI5mgmL,80°C,Des,2097,6640.775000000001,100.0,332530.0,6.44787155067155,3.825450488997555,2.6224210616739954
PEI5mgmL_80°C_Des.TXT,PEI5mgmL,80°C,Des,2098,6643.175,100.0,332530.0,6.44786862026862,3.8254182151589244,2.6224504051096957
PEI5mgmL_80°C_Des.TXT,PEI5mgmL,80°C,Des,2099,6645.575000000001,100.0,332530.0,6.44786568986569,3.8253859413202935,2.6224797485453966
PEI5mgmL_80°C_Des.TXT,PEI5mgmL,80°C,Des,2100,6648.275000000001,100.0,332530.0,6.447862393162393,3.8253496332518337,2.6225127599105593
PEI5mgmL_80°C_Des.TXT,PEI5mgmL,80°C,Des,2101,6650.875,100.0,332530.0,6.447859218559218,3.8253146699266503,2.622544548632568
PEI5mgmL_80°C_Des.TXT,PEI5mgmL,80°C,Des,2102,6653.475,100.0,332530.0,6.447856043956044,3.825279706601467,2.6225763373545767
PEI5mgmL_80°C_Des.TXT,PEI5mgmL,80°C,Des,2103,6656.175,100.0,332530.0,6.447852747252747,3.8252433985330074,2.6226093487197395
PEI5mgmL_80°C_Des.TXT,PEI5mgmL,80°C,Des,2104,6658.875,100.0,332530.0,6.447849450549451,3.8252070904645477,2.622642360084903
PEI5mgmL_80°C_Des.TXT,PEI5mgmL,80°C,Des,2105,6661.375,100.0,332530.0,6.447846398046398,3.825173471882641,2.622672926163757
PEI5mgmL_80°C_Des.TXT,PEI5mgmL,80°C,Des,2106,6664.175,100.0,332530.0,6.447842979242979,3.825135819070905,2.622707160172074
PEI5mgmL_80°C_Des.TXT,PEI5mgmL,80°C,Des,2107,6669.175,100.0,332530.0,6.447836874236874,3.8250685819070904,2.6227682923297833
PEI5mgmL_80°C_Des.TXT,PEI5mgmL,80°C,Des,2108,6671.775000000001,100.0,332530.0,6.4478336996337,3.8250336185819074,2.622800081051792
PEI5mgmL_80°C_Des.TXT,PEI5mgmL,80°C,Des,2109,6674.275000000001,100.0,332530.0,6.4478306471306475,3.825,2.6228306471306473
PEI5mgmL_80°C_Des.TXT,PEI5mgmL,80°C,Des,2110,6677.175,100.0,332530.0,6.447827106227106,3.824971603427173,2.6228555027999336
PEI5mgmL_80°C_Des.TXT,PEI5mgmL,80°C,Des,2111,6683.675,100.0,332530.0,6.447819169719169,3.824907955936353,2.6229112137828166
PEI5mgmL_80°C_Des.TXT,PEI5mgmL,80°C,Des,2112,6691.275000000001,100.0,332530.0,6.44780989010989,3.8248335373317013,2.622976352778189
PEI5mgmL_80°C_Des.TXT,PEI5mgmL,80°C,Des,2113,6699.375,100.0,332530.0,6.4478,3.824754222766218,2.623045777233782
PEI5mgmL_80°C_Des.TXT,PEI5mgmL,80°C,Des,2114,6701.775000000001,100.0,332530.0,6.44780880195599,3.824730722154223,2.623078079801767
PEI5mgmL_80°C_Des.TXT,PEI5mgmL,80°C,Des,2115,6704.475,100.0,332530.0,6.44781870415648,3.8247042839657284,2.6231144201907513
PEI5mgmL_80°C_Des.TXT,PEI5mgmL,80°C,Des,2116,6707.075000000001,100.0,332530.0,6.447828239608802,3.8246788249694004,2.623149414639401
PEI5mgmL_80°C_Des.TXT,PEI5mgmL,80°C,Des,2117,6709.775000000001,100.0,332530.0,6.447838141809291,3.824652386780906,2.6231857550283855
PEI5mgmL_80°C_Des.TXT,PEI5mgmL,80°C,Des,2118,6712.375,100.0,332530.0,6.447847677261613,3.824626927784578,2.6232207494770354
PEI5mgmL_80°C_Des.TXT,PEI5mgmL,80°C,Des,2119,6717.375,100.0,332530.0,6.447866014669927,3.8245779681762544,2.6232880464936725
PEI5mgmL_80°C_Des.TXT,PEI5mgmL,80°C,Des,2120,6719.875,100.0,332530.0,6.447875183374083,3.824553488372093,2.62332169500199
PEI5mgmL_80°C_Des.TXT,PEI5mgmL,80°C,Des,2121,6722.475,100.0,332530.0,6.447884718826406,3.824528029375765,2.623356689450641
PEI5mgmL_80°C_Des.TXT,PEI5mgmL,80°C,Des,2122,6724.875,100.0,332530.0,6.447893520782396,3.82450452876377,2.6233889920186266
PEI5mgmL_80°C_Des.TXT,PEI5mgmL,80°C,Des,2123,6727.375,100.0,332530.0,6.447902689486552,3.8244800489596082,2.623422640526944
PEI5mgmL_80°C_Des.TXT,PEI5mgmL,80°C,Des,2124,6729.975,100.0,332530.0,6.447912224938875,3.8244545899632802,2.623457634975595
PEI5mgmL_80°C_Des.TXT,PEI5mgmL,80°C,Des,2125,6732.575000000001,100.0,332530.0,6.447921760391198,3.8244291309669523,2.6234926294242458
PEI5mgmL_80°C_Des.TXT,PEI5mgmL,80°C,Des,2126,6735.175,100.0,332530.0,6.447931295843521,3.8244036719706243,2.6235276238728966
PEI5mgmL_80°C_Des.TXT,PEI5mgmL,80°C,Des,2127,6737.775000000001,100.0,332530.0,6.447940831295844,3.8243782129742963,2.6235626183215475
PEI5mgmL_80°C_Des.TXT,PEI5mgmL,80°C,Des,2128,6740.475,100.0,332530.0,6.447950733496333,3.824351774785802,2.623598958710531
PEI5mgmL_80°C_Des.TXT,PEI5mgmL,80°C,Des,2129,6742.975,100.0,332530.0,6.447959902200489,3.82432729498164,2.6236326072188496
PEI5mgmL_80°C_Des.TXT,PEI5mgmL,80°C,Des,2130,6745.775000000001,100.0,332530.0,6.447970171149144,3.824299877600979,2.6236702935481655
PEI5mgmL_80°C_Des.TXT,PEI5mgmL,80°C,Des,2131,6750.775000000001,100.0,332530.0,6.447988508557457,3.824250917992656,2.6237375905648013
PEI5mgmL_80°C_Des.TXT,PEI5mgmL,80°C,Des,2132,6753.375,100.0,332530.0,6.44799804400978,3.824225458996328,2.623772585013452
PEI5mgmL_80°C_Des.TXT,PEI5mgmL,80°C,Des,2133,6755.975,100.0,332530.0,6.448007579462103,3.8242,2.623807579462103
PEI5mgmL_80°C_Des.TXT,PEI5mgmL,80°C,Des,2134,6758.875,100.0,332530.0,6.448018215158925,3.8241754534461907,2.623842761712734
PEI5mgmL_80°C_Des.TXT,PEI5mgmL,80°C,Des,2135,6765.375,100.0,332530.0,6.448042053789731,3.8241204353083433,2.6239216184813876
PEI5mgmL_80°C_Des.TXT,PEI5mgmL,80°C,Des,2136,6772.875,100.0,332530.0,6.4480695599022,3.824056952841596,2.6240126070606045
PEI5mgmL_80°C_Des.TXT,PEI5mgmL,80°C,Des,2137,6781.175,100.0,332530.0,6.4481,3.823986698911729,2.624113301088271
PEI5mgmL_80°C_Des.TXT,PEI5mgmL,80°C,Des,2138,6783.575000000001,100.0,332530.0,6.448097083839611,3.82396638452237,2.6241306993172415
PEI5mgmL_80°C_Des.TXT,PEI5mgmL,80°C,Des,2139,6786.475,100.0,332530.0,6.448093560145808,3.823941837968561,2.6241517221772472
PEI5mgmL_80°C_Des.TXT,PEI5mgmL,80°C,Des,2140,6789.075000000001,100.0,332530.0,6.448090400972053,3.823919830713422,2.6241705702586313
PEI5mgmL_80°C_Des.TXT,PEI5mgmL,80°C,Des,2141,6791.775000000001,100.0,332530.0,6.448087120291616,3.823896977025393,2.624190143266223
PEI5mgmL_80°C_Des.TXT,PEI5mgmL,80°C,Des,2142,6794.375,100.0,332530.0,6.448083961117861,3.823874969770254,2.6242089913476074
PEI5mgmL_80°C_Des.TXT,PEI5mgmL,80°C,Des,2143,6799.475,100.0,332530.0,6.448077764277035,3.8238318016928656,2.6242459625841694
PEI5mgmL_80°C_Des.TXT,PEI5mgmL,80°C,Des,2144,6801.875,100.0,332530.0,6.448074848116646,3.8238114873035065,2.62426336081314
PEI5mgmL_80°C_Des.TXT,PEI5mgmL,80°C,Des,2145,6804.675,100.0,332530.0,6.448071445929527,3.823787787182588,2.624283658746939
PEI5mgmL_80°C_Des.TXT,PEI5mgmL,80°C,Des,2146,6807.075000000001,100.0,332530.0,6.448068529769137,3.8237674727932287,2.6243010569759084
PEI5mgmL_80°C_Des.TXT,PEI5mgmL,80°C,Des,2147,6809.775000000001,100.0,332530.0,6.4480652490887005,3.8237446191051996,2.624320629983501
PEI5mgmL_80°C_Des.TXT,PEI5mgmL,80°C,Des,2148,6812.375,100.0,332530.0,6.448062089914946,3.8237226118500605,2.6243394780648854
PEI5mgmL_80°C_Des.TXT,PEI5mgmL,80°C,Des,2149,6815.175,100.0,332530.0,6.448058687727825,3.8236989117291413,2.624359775998684
PEI5mgmL_80°C_Des.TXT,PEI5mgmL,80°C,Des,2150,6817.775000000001,100.0,332530.0,6.448055528554071,3.8236769044740027,2.624378624080068
PEI5mgmL_80°C_Des.TXT,PEI5mgmL,80°C,Des,2151,6820.475,100.0,332530.0,6.448052247873633,3.8236540507859735,2.6243981970876598
PEI5mgmL_80°C_Des.TXT,PEI5mgmL,80°C,Des,2152,6822.875,100.0,332530.0,6.448049331713245,3.8236337363966144,2.62441559531663
PEI5mgmL_80°C_Des.TXT,PEI5mgmL,80°C,Des,2153,6825.375,100.0,332530.0,6.448046294046173,3.8236125755743653,2.6244337184718076
PEI5mgmL_80°C_Des.TXT,PEI5mgmL,80°C,Des,2154,6828.175,100.0,332530.0,6.448042891859052,3.823588875453446,2.6244540164056063
PEI5mgmL_80°C_Des.TXT,PEI5mgmL,80°C,Des,2155,6833.475,100.0,332530.0,6.44803645200486,3.8235440145102784,2.624492437494582
PEI5mgmL_80°C_Des.TXT,PEI5mgmL,80°C,Des,2156,6835.875,100.0,332530.0,6.448033535844472,3.8235237001209192,2.6245098357235523
PEI5mgmL_80°C_Des.TXT,PEI5mgmL,80°C,Des,2157,6838.675,100.0,332530.0,6.448030133657351,3.8235,2.624530133657351
PEI5mgmL_80°C_Des.TXT,PEI5mgmL,80°C,Des,2158,6841.375,100.0,332530.0,6.4480268529769145,3.823476894865526,2.6245499581113885
PEI5mgmL_80°C_Des.TXT,PEI5mgmL,80°C,Des,2159,6847.675,100.0,332530.0,6.448019198055894,3.8234229828850856,2.624596215170808
PEI5mgmL_80°C_Des.TXT,PEI5mgmL,80°C,Des,2160,6855.475,100.0,332530.0,6.44800972053463,3.8233562347188266,2.6246534858158035
PEI5mgmL_80°C_Des.TXT,PEI5mgmL,80°C,Des,2161,6863.475,100.0,332530.0,6.448,3.8232877750611247,2.6247122249388757
PEI5mgmL_80°C_Des.TXT,PEI5mgmL,80°C,Des,2162,6866.175,100.0,332530.0,6.447993406593407,3.8232646699266506,2.6247287366667567
PEI5mgmL_80°C_Des.TXT,PEI5mgmL,80°C,Des,2163,6868.675,100.0,332530.0,6.447987301587302,3.823243276283619,2.6247440253036833
PEI5mgmL_80°C_Des.TXT,PEI5mgmL,80°C,Des,2164,6871.475,100.0,332530.0,6.447980463980464,3.823219315403423,2.6247611485770412
PEI5mgmL_80°C_Des.TXT,PEI5mgmL,80°C,Des,2165,6873.975,100.0,332530.0,6.447974358974359,3.823197921760391,2.624776437213968
PEI5mgmL_80°C_Des.TXT,PEI5mgmL,80°C,Des,2166,6876.475,100.0,332530.0,6.447968253968254,3.8231765281173593,2.6247917258508946
PEI5mgmL_80°C_Des.TXT,PEI5mgmL,80°C,Des,2167,6881.575000000001,100.0,332530.0,6.4479557997558,3.823132885085575,2.624822914670225
PEI5mgmL_80°C_Des.TXT,PEI5mgmL,80°C,Des,2168,6884.175,100.0,332530.0,6.447949450549451,3.8231106356968216,2.624838814852629
PEI5mgmL_80°C_Des.TXT,PEI5mgmL,80°C,Des,2169,6886.875,100.0,332530.0,6.447942857142857,3.823087530562347,2.6248553265805104
PEI5mgmL_80°C_Des.TXT,PEI5mgmL,80°C,Des,2170,6889.575000000001,100.0,332530.0,6.447936263736264,3.823064425427873,2.6248718383083913
PEI5mgmL_80°C_Des.TXT,PEI5mgmL,80°C,Des,2171,6891.975,100.0,332530.0,6.447930402930403,3.8230438875305626,2.6248865153998406
PEI5mgmL_80°C_Des.TXT,PEI5mgmL,80°C,Des,2172,6894.575000000001,100.0,332530.0,6.447924053724054,3.8230216381418094,2.6249024155822447
PEI5mgmL_80°C_Des.TXT,PEI5mgmL,80°C,Des,2173,6897.275000000001,100.0,332530.0,6.447917460317461,3.822998533007335,2.624918927310126
PEI5mgmL_80°C_Des.TXT,PEI5mgmL,80°C,Des,2174,6899.775000000001,100.0,332530.0,6.447911355311356,3.822977139364303,2.624934215947053
PEI5mgmL_80°C_Des.TXT,PEI5mgmL,80°C,Des,2175,6902.275000000001,100.0,332530.0,6.447905250305251,3.8229557457212713,2.6249495045839795
PEI5mgmL_80°C_Des.TXT,PEI5mgmL,80°C,Des,2176,6904.775000000001,100.0,332530.0,6.447899145299146,3.8229343520782395,2.624964793220906
PEI5mgmL_80°C_Des.TXT,PEI5mgmL,80°C,Des,2177,6907.275000000001,100.0,332530.0,6.447893040293041,3.8229129584352077,2.624980081857833
PEI5mgmL_80°C_Des.TXT,PEI5mgmL,80°C,Des,2178,6909.875,100.0,332530.0,6.447886691086691,3.8228907090464546,2.624995982040237
PEI5mgmL_80°C_Des.TXT,PEI5mgmL,80°C,Des,2179,6915.175,100.0,332530.0,6.447873748473748,3.8228453545232273,2.625028393950521
PEI5mgmL_80°C_Des.TXT,PEI5mgmL,80°C,Des,2180,6917.675,100.0,332530.0,6.447867643467643,3.8228239608801955,2.6250436825874477
PEI5mgmL_80°C_Des.TXT,PEI5mgmL,80°C,Des,2181,6920.475,100.0,332530.0,6.447860805860806,3.8228,2.625060805860806
PEI5mgmL_80°C_Des.TXT,PEI5mgmL,80°C,Des,2182,6923.175,100.0,332530.0,6.447854212454213,3.822780243902439,2.625073968551774
PEI5mgmL_80°C_Des.TXT,PEI5mgmL,80°C,Des,2183,6929.775000000001,100.0,332530.0,6.447838095238096,3.822731951219512,2.6251061440185834
PEI5mgmL_80°C_Des.TXT,PEI5mgmL,80°C,Des,2184,6937.475,100.0,332530.0,6.447819291819292,3.8226756097560974,2.625143682063195
PEI5mgmL_80°C_Des.TXT,PEI5mgmL,80°C,Des,2185,6945.375,100.0,332530.0,6.4478,3.822617804878049,2.625182195121951
PEI5mgmL_80°C_Des.TXT,PEI5mgmL,80°C,Des,2186,6947.875,100.0,332530.0,6.447796958637469,3.822599512195122,2.625197446442347
PEI5mgmL_80°C_Des.TXT,PEI5mgmL,80°C,Des,2187,6950.475,100.0,332530.0,6.447793795620438,3.822580487804878,2.6252133078155597
PEI5mgmL_80°C_Des.TXT,PEI5mgmL,80°C,Des,2188,6952.975,100.0,332530.0,6.447790754257907,3.822562195121951,2.625228559135956
PEI5mgmL_80°C_Des.TXT,PEI5mgmL,80°C,Des,2189,6955.775000000001,100.0,332530.0,6.4477873479318735,3.822541707317073,2.6252456406148004
PEI5mgmL_80°C_Des.TXT,PEI5mgmL,80°C,Des,2190,6958.375,100.0,332530.0,6.447784184914842,3.822522682926829,2.625261501988013
PEI5mgmL_80°C_Des.TXT,PEI5mgmL,80°C,Des,2191,6963.475,100.0,332530.0,6.44777798053528,3.8224853658536584,2.6252926146816216
PEI5mgmL_80°C_Des.TXT,PEI5mgmL,80°C,Des,2192,6965.875,100.0,332530.0,6.447775060827251,3.8224678048780487,2.625307255949202
PEI5mgmL_80°C_Des.TXT,PEI5mgmL,80°C,Des,2193,6968.575000000001,100.0,332530.0,6.447771776155718,3.8224480487804877,2.62532372737523
PEI5mgmL_80°C_Des.TXT,PEI5mgmL,80°C,Des,2194,6971.075000000001,100.0,332530.0,6.447768734793187,3.822429756097561,2.625338978695626
PEI5mgmL_80°C_Des.TXT,PEI5mgmL,80°C,Des,2195,6973.775000000001,100.0,332530.0,6.447765450121654,3.82241,2.625355450121654
PEI5mgmL_80°C_Des.TXT,PEI5mgmL,80°C,Des,2196,6976.275000000001,100.0,332530.0,6.447762408759124,3.822391707317073,2.6253707014420513
PEI5mgmL_80°C_Des.TXT,PEI5mgmL,80°C,Des,2197,6979.175,100.0,332530.0,6.447758880778589,3.822370487804878,2.625388392973711
PEI5mgmL_80°C_Des.TXT,PEI5mgmL,80°C,Des,2198,6981.675,100.0,332530.0,6.447755839416058,3.8223521951219515,2.625403644294107
PEI5mgmL_80°C_Des.TXT,PEI5mgmL,80°C,Des,2199,6984.475,100.0,332530.0,6.447752433090025,3.822331707317073,2.6254207257729516
PEI5mgmL_80°C_Des.TXT,PEI5mgmL,80°C,Des,2200,6986.875,100.0,332530.0,6.4477495133819955,3.8223141463414634,2.625435367040532
PEI5mgmL_80°C_Des.TXT,PEI5mgmL,80°C,Des,2201,6989.375,100.0,332530.0,6.447746472019465,3.8222958536585367,2.625450618360928
PEI5mgmL_80°C_Des.TXT,PEI5mgmL,80°C,Des,2202,6992.075000000001,100.0,332530.0,6.447743187347932,3.8222760975609757,2.625467089786956
PEI5mgmL_80°C_Des.TXT,PEI5mgmL,80°C,Des,2203,6997.175,100.0,332530.0,6.44773698296837,3.822238780487805,2.6254982024805646
PEI5mgmL_80°C_Des.TXT,PEI5mgmL,80°C,Des,2204,6999.675,100.0,332530.0,6.44773394160584,3.822220487804878,2.625513453800962
PEI5mgmL_80°C_Des.TXT,PEI5mgmL,80°C,Des,2205,7002.475,100.0,332530.0,6.447730535279805,3.8222,2.6255305352798053
PEI5mgmL_80°C_Des.TXT,PEI5mgmL,80°C,Des,2206,7005.275000000001,100.0,332530.0,6.447727128953772,3.822179586877278,2.6255475420764935
PEI5mgmL_80°C_Des.TXT,PEI5mgmL,80°C,Des,2207,7011.975,100.0,332530.0,6.4477189781021895,3.8221307411907657,2.625588236911424
PEI5mgmL_80°C_Des.TXT,PEI5mgmL,80°C,Des,2208,7019.775000000001,100.0,332530.0,6.447709489051095,3.8220738760631834,2.625635612987912
PEI5mgmL_80°C_Des.TXT,PEI5mgmL,80°C,Des,2209,7027.575000000001,100.0,332530.0,6.4477,3.8220170109356015,2.6256829890643987
PEI5mgmL_80°C_Des.TXT,PEI5mgmL,80°C,Des,2210,7030.175,100.0,332530.0,6.4477,3.8219980558930744,2.625701944106926
PEI5mgmL_80°C_Des.TXT,PEI5mgmL,80°C,Des,2211,7032.575000000001,100.0,332530.0,6.4477,3.821980558930741,2.625719441069259
PEI5mgmL_80°C_Des.TXT,PEI5mgmL,80°C,Des,2212,7035.475,100.0,332530.0,6.4477,3.8219594167679225,2.6257405832320777
PEI5mgmL_80°C_Des.TXT,PEI5mgmL,80°C,Des,2213,7037.875,100.0,332530.0,6.4477,3.8219419198055893,2.625758080194411
PEI5mgmL_80°C_Des.TXT,PEI5mgmL,80°C,Des,2214,7040.775000000001,100.0,332530.0,6.4477,3.8219207776427706,2.6257792223572296
PEI5mgmL_80°C_Des.TXT,PEI5mgmL,80°C,Des,2215,7045.675,100.0,332530.0,6.4477,3.8218850546780074,2.6258149453219928
PEI5mgmL_80°C_Des.TXT,PEI5mgmL,80°C,Des,2216,7048.375,100.0,332530.0,6.4477,3.8218653705953827,2.6258346294046175
PEI5mgmL_80°C_Des.TXT,PEI5mgmL,80°C,Des,2217,7050.875,100.0,332530.0,6.4477,3.8218471445929527,2.6258528554070475
PEI5mgmL_80°C_Des.TXT,PEI5mgmL,80°C,Des,2218,7053.775000000001,100.0,332530.0,6.4477,3.8218260024301336,2.6258739975698666
PEI5mgmL_80°C_Des.TXT,PEI5mgmL,80°C,Des,2219,7056.275000000001,100.0,332530.0,6.4477,3.8218077764277036,2.6258922235722966
PEI5mgmL_80°C_Des.TXT,PEI5mgmL,80°C,Des,2220,7059.075000000001,100.0,332530.0,6.4477,3.8217873633049817,2.6259126366950185
PEI5mgmL_80°C_Des.TXT,PEI5mgmL,80°C,Des,2221,7061.675,100.0,332530.0,6.4477,3.8217684082624546,2.6259315917375456
PEI5mgmL_80°C_Des.TXT,PEI5mgmL,80°C,Des,2222,7064.175,100.0,332530.0,6.4477,3.8217501822600246,2.6259498177399756
PEI5mgmL_80°C_Des.TXT,PEI5mgmL,80°C,Des,2223,7066.775000000001,100.0,332530.0,6.4477,3.821731227217497,2.625968772782503
PEI5mgmL_80°C_Des.TXT,PEI5mgmL,80°C,Des,2224,7069.475,100.0,332530.0,6.4477,3.8217115431348727,2.6259884568651275
PEI5mgmL_80°C_Des.TXT,PEI5mgmL,80°C,Des,2225,7071.875,100.0,332530.0,6.4477,3.8216940461725395,2.6260059538274607
PEI5mgmL_80°C_Des.TXT,PEI5mgmL,80°C,Des,2226,7074.475,100.0,332530.0,6.4477,3.8216750911300124,2.626024908869988
PEI5mgmL_80°C_Des.TXT,PEI5mgmL,80°C,Des,2227,7079.575000000001,100.0,332530.0,6.4477,3.821637910085055,2.6260620899149454
PEI5mgmL_80°C_Des.TXT,PEI5mgmL,80°C,Des,2228,7082.275000000001,100.0,332530.0,6.4477,3.82161822600243,2.62608177399757
PEI5mgmL_80°C_Des.TXT,PEI5mgmL,80°C,Des,2229,7084.775000000001,100.0,332530.0,6.4477,3.8216,2.6261
PEI5mgmL_80°C_Des.TXT,PEI5mgmL,80°C,Des,2230,7087.675,100.0,332530.0,6.4477,3.82157926102503,2.6261207389749703
PEI5mgmL_80°C_Des.TXT,PEI5mgmL,80°C,Des,2231,7094.175,100.0,332530.0,6.4477,3.821532777115614,2.626167222884386
PEI5mgmL_80°C_Des.TXT,PEI5mgmL,80°C,Des,2232,7101.875,100.0,332530.0,6.4477,3.821477711561383,2.6262222884386173
PEI5mgmL_80°C_Des.TXT,PEI5mgmL,80°C,Des,2233,7110.175,100.0,332530.0,6.4477,3.821418355184744,2.6262816448152564
PEI5mgmL_80°C_Des.TXT,PEI5mgmL,80°C,Des,2234,7112.675,100.0,332530.0,6.4477,3.8214004767580456,2.6262995232419546
PEI5mgmL_80°C_Des.TXT,PEI5mgmL,80°C,Des,2235,7115.375,100.0,332530.0,6.4477,3.821381168057211,2.6263188319427893
PEI5mgmL_80°C_Des.TXT,PEI5mgmL,80°C,Des,2236,7118.075000000001,100.0,332530.0,6.4477,3.8213618593563767,2.6263381406436235
PEI5mgmL_80°C_Des.TXT,PEI5mgmL,80°C,Des,2237,7120.875,100.0,332530.0,6.4477,3.8213418355184747,2.6263581644815255
PEI5mgmL_80°C_Des.TXT,PEI5mgmL,80°C,Des,2238,7123.475,100.0,332530.0,6.4477,3.8213232419547083,2.626376758045292
PEI5mgmL_80°C_Des.TXT,PEI5mgmL,80°C,Des,2239,7128.775000000001,100.0,332530.0,6.4477,3.821285339690107,2.626414660309893
PEI5mgmL_80°C_Des.TXT,PEI5mgmL,80°C,Des,2240,7131.575000000001,100.0,332530.0,6.4477,3.821265315852205,2.626434684147795
PEI5mgmL_80°C_Des.TXT,PEI5mgmL,80°C,Des,2241,7134.575000000001,100.0,332530.0,6.4477,3.821243861740167,2.626456138259833
PEI5mgmL_80°C_Des.TXT,PEI5mgmL,80°C,Des,2242,7136.975,100.0,332530.0,6.4477,3.8212266984505363,2.626473301549464
PEI5mgmL_80°C_Des.TXT,PEI5mgmL,80°C,Des,2243,7139.375,100.0,332530.0,6.4477,3.821209535160906,2.6264904648390943
PEI5mgmL_80°C_Des.TXT,PEI5mgmL,80°C,Des,2244,7142.175,100.0,332530.0,6.4477,3.821189511323004,2.6265104886769963
PEI5mgmL_80°C_Des.TXT,PEI5mgmL,80°C,Des,2245,7144.775000000001,100.0,332530.0,6.4477,3.8211709177592375,2.6265290822407628
PEI5mgmL_80°C_Des.TXT,PEI5mgmL,80°C,Des,2246,7147.575000000001,100.0,332530.0,6.4477,3.821150893921335,2.626549106078665
PEI5mgmL_80°C_Des.TXT,PEI5mgmL,80°C,Des,2247,7150.175,100.0,332530.0,6.4477,3.8211323003575686,2.6265676996424316
PEI5mgmL_80°C_Des.TXT,PEI5mgmL,80°C,Des,2248,7152.675,100.0,332530.0,6.4477,3.8211144219308704,2.62658557806913
PEI5mgmL_80°C_Des.TXT,PEI5mgmL,80°C,Des,2249,7155.075000000001,100.0,332530.0,6.4477,3.82109725864124,2.6266027413587603
PEI5mgmL_80°C_Des.TXT,PEI5mgmL,80°C,Des,2250,7157.975,100.0,332530.0,6.4477,3.8210765196662697,2.6266234803337305
PEI5mgmL_80°C_Des.TXT,PEI5mgmL,80°C,Des,2251,7163.275000000001,100.0,332530.0,6.4477,3.8210386174016686,2.6266613825983316
PEI5mgmL_80°C_Des.TXT,PEI5mgmL,80°C,Des,2252,7165.775000000001,100.0,332530.0,6.4477,3.8210207389749704,2.62667926102503
PEI5mgmL_80°C_Des.TXT,PEI5mgmL,80°C,Des,2253,7168.675,100.0,332530.0,6.4477,3.821,2.6267
PEI5mgmL_80°C_Des.TXT,PEI5mgmL,80°C,Des,2254,7171.375,100.0,332530.0,6.4477,3.8209801955990224,2.626719804400978
PEI5mgmL_80°C_Des.TXT,PEI5mgmL,80°C,Des,2255,7177.775000000001,100.0,332530.0,6.4477,3.820933251833741,2.626766748166259
PEI5mgmL_80°C_Des.TXT,PEI5mgmL,80°C,Des,2256,7185.475,100.0,332530.0,6.4477,3.820876772616137,2.626823227383863
PEI5mgmL_80°C_Des.TXT,PEI5mgmL,80°C,Des,2257,7193.375,100.0,332530.0,6.4477,3.8208188264058682,2.626881173594132
PEI5mgmL_80°C_Des.TXT,PEI5mgmL,80°C,Des,2258,7195.875,100.0,332530.0,6.4477,3.820800488997555,2.626899511002445
PEI5mgmL_80°C_Des.TXT,PEI5mgmL,80°C,Des,2259,7198.475,100.0,332530.0,6.4477,3.8207814180929094,2.626918581907091
PEI5mgmL_80°C_Des.TXT,PEI5mgmL,80°C,Des,2260,7201.075000000001,100.0,332530.0,6.4477,3.820762347188264,2.626937652811736
PEI5mgmL_80°C_Des.TXT,PEI5mgmL,80°C,Des,2261,7203.775000000001,100.0,332530.0,6.4477,3.820742542787286,2.6269574572127143
PEI5mgmL_80°C_Des.TXT,PEI5mgmL,80°C,Des,2262,7206.275000000001,100.0,332530.0,6.4477,3.820724205378973,2.626975794621027
PEI5mgmL_80°C_Des.TXT,PEI5mgmL,80°C,Des,2263,7211.575000000001,100.0,332530.0,6.4477,3.8206853300733497,2.6270146699266506
PEI5mgmL_80°C_Des.TXT,PEI5mgmL,80°C,Des,2264,7213.975,100.0,332530.0,6.4477,3.820667726161369,2.627032273838631
PEI5mgmL_80°C_Des.TXT,PEI5mgmL,80°C,Des,2265,7216.675,100.0,332530.0,6.4477,3.8206479217603913,2.627052078239609
PEI5mgmL_80°C_Des.TXT,PEI5mgmL,80°C,Des,2266,7219.075000000001,100.0,332530.0,6.4477,3.8206303178484107,2.6270696821515895
PEI5mgmL_80°C_Des.TXT,PEI5mgmL,80°C,Des,2267,7221.775000000001,100.0,332530.0,6.4477,3.820610513447433,2.6270894865525674
PEI5mgmL_80°C_Des.TXT,PEI5mgmL,80°C,Des,2268,7224.375,100.0,332530.0,6.4477,3.820591442542787,2.627108557457213
PEI5mgmL_80°C_Des.TXT,PEI5mgmL,80°C,Des,2269,7226.975,100.0,332530.0,6.4477,3.820572371638142,2.6271276283618583
PEI5mgmL_80°C_Des.TXT,PEI5mgmL,80°C,Des,2270,7229.575000000001,100.0,332530.0,6.4477,3.820553300733496,2.627146699266504
PEI5mgmL_80°C_Des.TXT,PEI5mgmL,80°C,Des,2271,7232.075000000001,100.0,332530.0,6.4477,3.820534963325183,2.627165036674817
PEI5mgmL_80°C_Des.TXT,PEI5mgmL,80°C,Des,2272,7234.675,100.0,332530.0,6.4477,3.820515892420538,2.6271841075794624
PEI5mgmL_80°C_Des.TXT,PEI5mgmL,80°C,Des,2273,7237.075000000001,100.0,332530.0,6.4477,3.820498288508557,2.627201711491443
PEI5mgmL_80°C_Des.TXT,PEI5mgmL,80°C,Des,2274,7239.975,100.0,332530.0,6.4477,3.8204770171149143,2.627222982885086
PEI5mgmL_80°C_Des.TXT,PEI5mgmL,80°C,Des,2275,7245.275000000001,100.0,332530.0,6.4477,3.8204381418092908,2.6272618581907095
PEI5mgmL_80°C_Des.TXT,PEI5mgmL,80°C,Des,2276,7247.775000000001,100.0,332530.0,6.4477,3.8204198044009776,2.6272801955990226
PEI5mgmL_80°C_Des.TXT,PEI5mgmL,80°C,Des,2277,7250.475,100.0,332530.0,6.4477,3.8204,2.6273000000000004
PEI5mgmL_80°C_Des.TXT,PEI5mgmL,80°C,Des,2278,7253.175,100.0,332530.0,6.4477,3.8203867484662575,2.6273132515337427
PEI5mgmL_80°C_Des.TXT,PEI5mgmL,80°C,Des,2279,7259.375,100.0,332530.0,6.4477,3.820356319018405,2.6273436809815953
PEI5mgmL_80°C_Des.TXT,PEI5mgmL,80°C,Des,2280,7266.875,100.0,332530.0,6.4477,3.820319509202454,2.627380490797546
PEI5mgmL_80°C_Des.TXT,PEI5mgmL,80°C,Des,2281,7275.175,100.0,332530.0,6.4477,3.8202787730061347,2.6274212269938655
PEI5mgmL_80°C_Des.TXT,PEI5mgmL,80°C,Des,2282,7277.575000000001,100.0,332530.0,6.447691208791209,3.8202669938650304,2.6274242149261786
PEI5mgmL_80°C_Des.TXT,PEI5mgmL,80°C,Des,2283,7280.475,100.0,332530.0,6.447680586080586,3.8202527607361962,2.6274278253443897
PEI5mgmL_80°C_Des.TXT,PEI5mgmL,80°C,Des,2284,7283.075000000001,100.0,332530.0,6.447671062271063,3.8202399999999996,2.627431062271063
PEI5mgmL_80°C_Des.TXT,PEI5mgmL,80°C,Des,2285,7285.675,100.0,332530.0,6.4476615384615386,3.8202272392638035,2.627434299197735
PEI5mgmL_80°C_Des.TXT,PEI5mgmL,80°C,Des,2286,7288.175,100.0,332530.0,6.447652380952381,3.820214969325153,2.6274374116272283
PEI5mgmL_80°C_Des.TXT,PEI5mgmL,80°C,Des,2287,7293.275000000001,100.0,332530.0,6.4476336996337,3.8201899386503064,2.6274437609833936
PEI5mgmL_80°C_Des.TXT,PEI5mgmL,80°C,Des,2288,7295.775000000001,100.0,332530.0,6.447624542124542,3.8201776687116564,2.6274468734128855
PEI5mgmL_80°C_Des.TXT,PEI5mgmL,80°C,Des,2289,7298.475,100.0,332530.0,6.447614652014652,3.820164417177914,2.6274502348367377
PEI5mgmL_80°C_Des.TXT,PEI5mgmL,80°C,Des,2290,7300.875,100.0,332530.0,6.447605860805861,3.82015263803681,2.627453222769051
PEI5mgmL_80°C_Des.TXT,PEI5mgmL,80°C,Des,2291,7303.675,100.0,332530.0,6.447595604395604,3.8201388957055213,2.627456708690083
PEI5mgmL_80°C_Des.TXT,PEI5mgmL,80°C,Des,2292,7306.275000000001,100.0,332530.0,6.44758608058608,3.820126134969325,2.627459945616755
PEI5mgmL_80°C_Des.TXT,PEI5mgmL,80°C,Des,2293,7308.975,100.0,332530.0,6.447576190476191,3.820112883435583,2.627463307040608
PEI5mgmL_80°C_Des.TXT,PEI5mgmL,80°C,Des,2294,7311.375,100.0,332530.0,6.447567399267399,3.8201011042944786,2.6274662949729204
PEI5mgmL_80°C_Des.TXT,PEI5mgmL,80°C,Des,2295,7314.175,100.0,332530.0,6.447557142857143,3.82008736196319,2.6274697808939527
PEI5mgmL_80°C_Des.TXT,PEI5mgmL,80°C,Des,2296,7316.675,100.0,332530.0,6.447547985347986,3.8200750920245397,2.627472893323446
PEI5mgmL_80°C_Des.TXT,PEI5mgmL,80°C,Des,2297,7319.075000000001,100.0,332530.0,6.447539194139194,3.8200633128834354,2.627475881255759
PEI5mgmL_80°C_Des.TXT,PEI5mgmL,80°C,Des,2298,7321.875,100.0,332530.0,6.447528937728938,3.820049570552147,2.6274793671767913
PEI5mgmL_80°C_Des.TXT,PEI5mgmL,80°C,Des,2299,7326.975,100.0,332530.0,6.447510256410257,3.8200245398773003,2.6274857165329566
PEI5mgmL_80°C_Des.TXT,PEI5mgmL,80°C,Des,2300,7329.375,100.0,332530.0,6.447501465201466,3.820012760736196,2.6274887044652697
PEI5mgmL_80°C_Des.TXT,PEI5mgmL,80°C,Des,2301,7331.975,100.0,332530.0,6.447491941391942,3.82,2.6274919413919418
PEI5mgmL_80°C_Des.TXT,PEI5mgmL,80°C,Des,2302,7334.875,100.0,332530.0,6.4474813186813185,3.82,2.6274813186813186
PEI5mgmL_80°C_Des.TXT,PEI5mgmL,80°C,Des,2303,7341.375,100.0,332530.0,6.447457509157509,3.82,2.627457509157509
PEI5mgmL_80°C_Des.TXT,PEI5mgmL,80°C,Des,2304,7349.275000000001,100.0,332530.0,6.4474285714285715,3.82,2.6274285714285717
PEI5mgmL_80°C_Des.TXT,PEI5mgmL,80°C,Des,2305,7357.075000000001,100.0,332530.0,6.4474,3.82,2.6274
PEI5mgmL_80°C_Des.TXT,PEI5mgmL,80°C,Des,2306,7359.475,100.0,332530.0,6.44739706601467,3.82,2.62739706601467
PEI5mgmL_80°C_Des.TXT,PEI5mgmL,80°C,Des,2307,7362.175,100.0,332530.0,6.4473937652811735,3.82,2.6273937652811736
PEI5mgmL_80°C_Des.TXT,PEI5mgmL,80°C,Des,2308,7364.775000000001,100.0,332530.0,6.4473905867970664,3.82,2.6273905867970666
PEI5mgmL_80°C_Des.TXT,PEI5mgmL,80°C,Des,2309,7367.475,100.0,332530.0,6.44738728606357,3.82,2.6273872860635703
PEI5mgmL_80°C_Des.TXT,PEI5mgmL,80°C,Des,2310,7370.075000000001,100.0,332530.0,6.447384107579462,3.82,2.6273841075794624
PEI5mgmL_80°C_Des.TXT,PEI5mgmL,80°C,Des,2311,7375.075000000001,100.0,332530.0,6.447377995110025,3.82,2.627377995110025
PEI5mgmL_80°C_Des.TXT,PEI5mgmL,80°C,Des,2312,7377.575000000001,100.0,332530.0,6.447374938875305,3.82,2.6273749388753056
PEI5mgmL_80°C_Des.TXT,PEI5mgmL,80°C,Des,2313,7380.175,100.0,332530.0,6.447371760391198,3.82,2.6273717603911986
PEI5mgmL_80°C_Des.TXT,PEI5mgmL,80°C,Des,2314,7382.675,100.0,332530.0,6.447368704156479,3.82,2.627368704156479
PEI5mgmL_80°C_Des.TXT,PEI5mgmL,80°C,Des,2315,7385.075000000001,100.0,332530.0,6.4473657701711495,3.82,2.6273657701711497
PEI5mgmL_80°C_Des.TXT,PEI5mgmL,80°C,Des,2316,7387.775000000001,100.0,332530.0,6.447362469437653,3.82,2.6273624694376534
PEI5mgmL_80°C_Des.TXT,PEI5mgmL,80°C,Des,2317,7390.275000000001,100.0,332530.0,6.447359413202934,3.82,2.627359413202934
PEI5mgmL_80°C_Des.TXT,PEI5mgmL,80°C,Des,2318,7392.875,100.0,332530.0,6.447356234718827,3.82,2.627356234718827
PEI5mgmL_80°C_Des.TXT,PEI5mgmL,80°C,Des,2319,7395.475,100.0,332530.0,6.447353056234719,3.82,2.627353056234719
PEI5mgmL_80°C_Des.TXT,PEI5mgmL,80°C,Des,2320,7398.175,100.0,332530.0,6.4473497555012225,3.82,2.6273497555012226
PEI5mgmL_80°C_Des.TXT,PEI5mgmL,80°C,Des,2321,7400.675,100.0,332530.0,6.447346699266504,3.82,2.627346699266504
PEI5mgmL_80°C_Des.TXT,PEI5mgmL,80°C,Des,2322,7403.475,100.0,332530.0,6.447343276283619,3.82,2.6273432762836193
PEI5mgmL_80°C_Des.TXT,PEI5mgmL,80°C,Des,2323,7408.575000000001,100.0,332530.0,6.447337041564793,3.82,2.6273370415647928
PEI5mgmL_80°C_Des.TXT,PEI5mgmL,80°C,Des,2324,7410.975,100.0,332530.0,6.447334107579462,3.82,2.6273341075794625
PEI5mgmL_80°C_Des.TXT,PEI5mgmL,80°C,Des,2325,7413.575000000001,100.0,332530.0,6.447330929095354,3.82,2.6273309290953546
PEI5mgmL_80°C_Des.TXT,PEI5mgmL,80°C,Des,2326,7416.475,100.0,332530.0,6.4473273838630805,3.82,2.6273273838630806
PEI5mgmL_80°C_Des.TXT,PEI5mgmL,80°C,Des,2327,7422.875,100.0,332530.0,6.4473195599022,3.82,2.6273195599022006
PEI5mgmL_80°C_Des.TXT,PEI5mgmL,80°C,Des,2328,7430.575000000001,100.0,332530.0,6.447310146699267,3.82,2.627310146699267
PEI5mgmL_80°C_Des.TXT,PEI5mgmL,80°C,Des,2329,7438.875,100.0,332530.0,6.4473,3.82,2.6273000000000004
PEI5mgmL_80°C_Des.TXT,PEI5mgmL,80°C,Des,2330,7441.375,100.0,332530.0,6.4473,3.82,2.6273000000000004
PEI5mgmL_80°C_Des.TXT,PEI5mgmL,80°C,Des,2331,7444.175,100.0,332530.0,6.4473,3.82,2.6273000000000004
PEI5mgmL_80°C_Des.TXT,PEI5mgmL,80°C,Des,2332,7446.775000000001,100.0,332530.0,6.4473,3.82,2.6273000000000004
PEI5mgmL_80°C_Des.TXT,PEI5mgmL,80°C,Des,2333,7449.475,100.0,332530.0,6.4473,3.82,2.6273000000000004
PEI5mgmL_80°C_Des.TXT,PEI5mgmL,80°C,Des,2334,7451.975,100.0,332530.0,6.4473,3.82,2.6273000000000004
PEI5mgmL_80°C_Des.TXT,PEI5mgmL,80°C,Des,2335,7457.075000000001,100.0,332530.0,6.4473,3.82,2.6273000000000004
PEI5mgmL_80°C_Des.TXT,PEI5mgmL,80°C,Des,2336,7459.575000000001,100.0,332530.0,6.4473,3.82,2.6273000000000004
PEI5mgmL_80°C_Des.TXT,PEI5mgmL,80°C,Des,2337,7462.275000000001,100.0,332530.0,6.4473,3.82,2.6273000000000004
PEI5mgmL_80°C_Des.TXT,PEI5mgmL,80°C,Des,2338,7464.775000000001,100.0,332530.0,6.4473,3.82,2.6273000000000004
PEI5mgmL_80°C_Des.TXT,PEI5mgmL,80°C,Des,2339,7467.475,100.0,332530.0,6.4473,3.82,2.6273000000000004
PEI5mgmL_80°C_Des.TXT,PEI5mgmL,80°C,Des,2340,7470.075000000001,100.0,332530.0,6.4473,3.82,2.6273000000000004
PEI5mgmL_80°C_Des.TXT,PEI5mgmL,80°C,Des,2341,7472.675,100.0,332530.0,6.4473,3.82,2.6273000000000004
PEI5mgmL_80°C_Des.TXT,PEI5mgmL,80°C,Des,2342,7475.175,100.0,332530.0,6.4473,3.82,2.6273000000000004
PEI5mgmL_80°C_Des.TXT,PEI5mgmL,80°C,Des,2343,7477.975,100.0,332530.0,6.4473,3.82,2.6273000000000004
PEI5mgmL_80°C_Des.TXT,PEI5mgmL,80°C,Des,2344,7480.575000000001,100.0,332530.0,6.4473,3.82,2.6273000000000004
PEI5mgmL_80°C_Des.TXT,PEI5mgmL,80°C,Des,2345,7482.975,100.0,332530.0,6.4473,3.82,2.6273000000000004
PEI5mgmL_80°C_Des.TXT,PEI5mgmL,80°C,Des,2346,7485.675,100.0,332530.0,6.4473,3.82,2.6273000000000004
PEI5mgmL_80°C_Des.TXT,PEI5mgmL,80°C,Des,2347,7490.875,100.0,332530.0,6.4473,3.82,2.6273000000000004
PEI5mgmL_80°C_Des.TXT,PEI5mgmL,80°C,Des,2348,7493.375,100.0,332530.0,6.4473,3.82,2.6273000000000004
PEI5mgmL_80°C_Des.TXT,PEI5mgmL,80°C,Des,2349,7496.175,100.0,332530.0,6.4473,3.82,2.6273000000000004
PEI5mgmL_80°C_Des.TXT,PEI5mgmL,80°C,Des,2350,7498.875,100.0,332530.0,6.4473,3.819983656174334,2.627316343825666
PEI5mgmL_80°C_Des.TXT,PEI5mgmL,80°C,Des,2351,7505.375,100.0,332530.0,6.4473,3.8199443099273607,2.6273556900726396
PEI5mgmL_80°C_Des.TXT,PEI5mgmL,80°C,Des,2352,7513.175,100.0,332530.0,6.4473,3.8198970944309925,2.627402905569008
PEI5mgmL_80°C_Des.TXT,PEI5mgmL,80°C,Des,2353,7521.075000000001,100.0,332530.0,6.4473,3.819849273607748,2.627450726392252
PEI5mgmL_80°C_Des.TXT,PEI5mgmL,80°C,Des,2354,7523.675,100.0,332530.0,6.447293719806764,3.819833535108959,2.6274601846978047
PEI5mgmL_80°C_Des.TXT,PEI5mgmL,80°C,Des,2355,7526.275000000001,100.0,332530.0,6.447287439613527,3.8198177966101694,2.6274696430033577
PEI5mgmL_80°C_Des.TXT,PEI5mgmL,80°C,Des,2356,7528.975,100.0,332530.0,6.447280917874396,3.8198014527845037,2.6274794650898925
PEI5mgmL_80°C_Des.TXT,PEI5mgmL,80°C,Des,2357,7531.575000000001,100.0,332530.0,6.44727463768116,3.819785714285714,2.6274889233954455
PEI5mgmL_80°C_Des.TXT,PEI5mgmL,80°C,Des,2358,7534.475,100.0,332530.0,6.447267632850242,3.8197681598062956,2.627499473043946
PEI5mgmL_80°C_Des.TXT,PEI5mgmL,80°C,Des,2359,7539.475,100.0,332530.0,6.4472555555555555,3.8197378934624697,2.627517662093086
PEI5mgmL_80°C_Des.TXT,PEI5mgmL,80°C,Des,2360,7542.075000000001,100.0,332530.0,6.447249275362319,3.81972215496368,2.627527120398639
PEI5mgmL_80°C_Des.TXT,PEI5mgmL,80°C,Des,2361,7544.675,100.0,332530.0,6.447242995169082,3.819706416464891,2.6275365787041913
PEI5mgmL_80°C_Des.TXT,PEI5mgmL,80°C,Des,2362,7547.375,100.0,332530.0,6.447236473429951,3.8196900726392253,2.627546400790726
PEI5mgmL_80°C_Des.TXT,PEI5mgmL,80°C,Des,2363,7549.875,100.0,332530.0,6.447230434782608,3.8196749394673124,2.627555495315296
PEI5mgmL_80°C_Des.TXT,PEI5mgmL,80°C,Des,2364,7552.675,100.0,332530.0,6.447223671497585,3.81965799031477,2.6275656811828147
PEI5mgmL_80°C_Des.TXT,PEI5mgmL,80°C,Des,2365,7555.275000000001,100.0,332530.0,6.447217391304348,3.8196422518159805,2.6275751394883677
PEI5mgmL_80°C_Des.TXT,PEI5mgmL,80°C,Des,2366,7557.975,100.0,332530.0,6.447210869565217,3.8196259079903148,2.6275849615749025
PEI5mgmL_80°C_Des.TXT,PEI5mgmL,80°C,Des,2367,7560.775000000001,100.0,332530.0,6.447204106280194,3.8196089588377724,2.6275951474424213
PEI5mgmL_80°C_Des.TXT,PEI5mgmL,80°C,Des,2368,7563.475,100.0,332530.0,6.447197584541063,3.8195926150121067,2.627604969528956
PEI5mgmL_80°C_Des.TXT,PEI5mgmL,80°C,Des,2369,7565.875,100.0,332530.0,6.447191787439613,3.8195780871670704,2.627613700272543
PEI5mgmL_80°C_Des.TXT,PEI5mgmL,80°C,Des,2370,7568.575000000001,100.0,332530.0,6.447185265700483,3.8195617433414046,2.6276235223590785
PEI5mgmL_80°C_Des.TXT,PEI5mgmL,80°C,Des,2371,7573.775000000001,100.0,332530.0,6.44717270531401,3.819530266343826,2.627642438970184
PEI5mgmL_80°C_Des.TXT,PEI5mgmL,80°C,Des,2372,7576.175,100.0,332530.0,6.44716690821256,3.8195157384987897,2.6276511697137708
PEI5mgmL_80°C_Des.TXT,PEI5mgmL,80°C,Des,2373,7578.775000000001,100.0,332530.0,6.447160628019324,3.8195,2.6276606280193238
PEI5mgmL_80°C_Des.TXT,PEI5mgmL,80°C,Des,2374,7581.675,100.0,332530.0,6.447153623188406,3.8195,2.627653623188406
PEI5mgmL_80°C_Des.TXT,PEI5mgmL,80°C,Des,2375,7588.075000000001,100.0,332530.0,6.447138164251208,3.8195,2.627638164251208
PEI5mgmL_80°C_Des.TXT,PEI5mgmL,80°C,Des,2376,7595.775000000001,100.0,332530.0,6.447119565217391,3.8195,2.627619565217391
PEI5mgmL_80°C_Des.TXT,PEI5mgmL,80°C,Des,2377,7603.875,100.0,332530.0,6.4471,3.8195,2.6275999999999997
PEI5mgmL_80°C_Des.TXT,PEI5mgmL,80°C,Des,2378,7606.375,100.0,332530.0,6.447096958637469,3.8195,2.627596958637469
PEI5mgmL_80°C_Des.TXT,PEI5mgmL,80°C,Des,2379,7608.975,100.0,332530.0,6.447093795620438,3.8195,2.6275937956204376
PEI5mgmL_80°C_Des.TXT,PEI5mgmL,80°C,Des,2380,7611.575000000001,100.0,332530.0,6.447090632603406,3.8195,2.627590632603406
PEI5mgmL_80°C_Des.TXT,PEI5mgmL,80°C,Des,2381,7613.975,100.0,332530.0,6.447087712895377,3.8195,2.627587712895377
PEI5mgmL_80°C_Des.TXT,PEI5mgmL,80°C,Des,2382,7616.575000000001,100.0,332530.0,6.447084549878346,3.8195,2.6275845498783457
PEI5mgmL_80°C_Des.TXT,PEI5mgmL,80°C,Des,2383,7621.775000000001,100.0,332530.0,6.447078223844282,3.8195,2.627578223844282
PEI5mgmL_80°C_Des.TXT,PEI5mgmL,80°C,Des,2384,7624.175,100.0,332530.0,6.447075304136253,3.8195,2.627575304136253
PEI5mgmL_80°C_Des.TXT,PEI5mgmL,80°C,Des,2385,7626.975,100.0,332530.0,6.447071897810219,3.8195,2.627571897810219
PEI5mgmL_80°C_Des.TXT,PEI5mgmL,80°C,Des,2386,7629.575000000001,100.0,332530.0,6.447068734793187,3.8195,2.627568734793187
PEI5mgmL_80°C_Des.TXT,PEI5mgmL,80°C,Des,2387,7632.275000000001,100.0,332530.0,6.447065450121654,3.8195,2.627565450121654
PEI5mgmL_80°C_Des.TXT,PEI5mgmL,80°C,Des,2388,7634.975,100.0,332530.0,6.447062165450122,3.8195,2.627562165450122
PEI5mgmL_80°C_Des.TXT,PEI5mgmL,80°C,Des,2389,7637.675,100.0,332530.0,6.447058880778589,3.8195,2.627558880778589
PEI5mgmL_80°C_Des.TXT,PEI5mgmL,80°C,Des,2390,7640.175,100.0,332530.0,6.447055839416058,3.8195,2.627555839416058
PEI5mgmL_80°C_Des.TXT,PEI5mgmL,80°C,Des,2391,7642.975,100.0,332530.0,6.4470524330900245,3.8195,2.6275524330900244
PEI5mgmL_80°C_Des.TXT,PEI5mgmL,80°C,Des,2392,7645.475,100.0,332530.0,6.447049391727494,3.8195,2.6275493917274937
PEI5mgmL_80°C_Des.TXT,PEI5mgmL,80°C,Des,2393,7647.875,100.0,332530.0,6.447046472019465,3.8195,2.6275464720194646
PEI5mgmL_80°C_Des.TXT,PEI5mgmL,80°C,Des,2394,7650.775000000001,100.0,332530.0,6.447042944038929,3.8195,2.6275429440389293
PEI5mgmL_80°C_Des.TXT,PEI5mgmL,80°C,Des,2395,7655.875,100.0,332530.0,6.447036739659367,3.8195,2.627536739659367
PEI5mgmL_80°C_Des.TXT,PEI5mgmL,80°C,Des,2396,7658.375,100.0,332530.0,6.447033698296837,3.8195,2.6275336982968365
PEI5mgmL_80°C_Des.TXT,PEI5mgmL,80°C,Des,2397,7661.175,100.0,332530.0,6.447030291970803,3.8195,2.627530291970803
PEI5mgmL_80°C_Des.TXT,PEI5mgmL,80°C,Des,2398,7663.975,100.0,332530.0,6.447026885644769,3.819479586877278,2.627547298767491
PEI5mgmL_80°C_Des.TXT,PEI5mgmL,80°C,Des,2399,7670.575000000001,100.0,332530.0,6.447018856447689,3.819431470230863,2.6275873862168257
PEI5mgmL_80°C_Des.TXT,PEI5mgmL,80°C,Des,2400,7678.375,100.0,332530.0,6.447009367396594,3.8193746051032806,2.627634762293313
PEI5mgmL_80°C_Des.TXT,PEI5mgmL,80°C,Des,2401,7686.075000000001,100.0,332530.0,6.447,3.819318469015796,2.627681530984204
PEI5mgmL_80°C_Des.TXT,PEI5mgmL,80°C,Des,2402,7688.775000000001,100.0,332530.0,6.446996735187424,3.8192987849331717,2.6276979502542526
PEI5mgmL_80°C_Des.TXT,PEI5mgmL,80°C,Des,2403,7691.175,100.0,332530.0,6.446993833131802,3.8192812879708384,2.6277125451609633
PEI5mgmL_80°C_Des.TXT,PEI5mgmL,80°C,Des,2404,7693.875,100.0,332530.0,6.446990568319226,3.819261603888214,2.627728964431012
PEI5mgmL_80°C_Des.TXT,PEI5mgmL,80°C,Des,2405,7696.475,100.0,332530.0,6.446987424425635,3.8192426488456865,2.6277447755799486
PEI5mgmL_80°C_Des.TXT,PEI5mgmL,80°C,Des,2406,7699.375,100.0,332530.0,6.446983917775091,3.819221506682868,2.627762411092223
PEI5mgmL_80°C_Des.TXT,PEI5mgmL,80°C,Des,2407,7704.775000000001,100.0,332530.0,6.446977388149939,3.819182138517619,2.6277952496323205
PEI5mgmL_80°C_Des.TXT,PEI5mgmL,80°C,Des,2408,7707.175,100.0,332530.0,6.446974486094317,3.8191646415552856,2.627809844539031
PEI5mgmL_80°C_Des.TXT,PEI5mgmL,80°C,Des,2409,7709.975,100.0,332530.0,6.446971100362757,3.819144228432564,2.6278268719301927
PEI5mgmL_80°C_Des.TXT,PEI5mgmL,80°C,Des,2410,7712.375,100.0,332530.0,6.446968198307134,3.819126731470231,2.6278414668369035
PEI5mgmL_80°C_Des.TXT,PEI5mgmL,80°C,Des,2411,7714.875,100.0,332530.0,6.446965175332528,3.819108505467801,2.6278566698647268
PEI5mgmL_80°C_Des.TXT,PEI5mgmL,80°C,Des,2412,7717.575000000001,100.0,332530.0,6.446961910519952,3.819088821385176,2.6278730891347757
PEI5mgmL_80°C_Des.TXT,PEI5mgmL,80°C,Des,2413,7720.175,100.0,332530.0,6.44695876662636,3.819069866342649,2.627888900283711
PEI5mgmL_80°C_Des.TXT,PEI5mgmL,80°C,Des,2414,7722.875,100.0,332530.0,6.446955501813785,3.8190501822600247,2.6279053195537605
PEI5mgmL_80°C_Des.TXT,PEI5mgmL,80°C,Des,2415,7725.475,100.0,332530.0,6.4469523579201935,3.819031227217497,2.6279211307026964
PEI5mgmL_80°C_Des.TXT,PEI5mgmL,80°C,Des,2416,7728.175,100.0,332530.0,6.446949093107618,3.819011543134873,2.627937549972745
PEI5mgmL_80°C_Des.TXT,PEI5mgmL,80°C,Des,2417,7730.775000000001,100.0,332530.0,6.446945949214027,3.818992588092345,2.6279533611216817
PEI5mgmL_80°C_Des.TXT,PEI5mgmL,80°C,Des,2418,7733.275000000001,100.0,332530.0,6.44694292623942,3.8189743620899153,2.627968564149505
PEI5mgmL_80°C_Des.TXT,PEI5mgmL,80°C,Des,2419,7738.175,100.0,332530.0,6.44693700120919,3.818938639125152,2.627998362084038
PEI5mgmL_80°C_Des.TXT,PEI5mgmL,80°C,Des,2420,7740.875,100.0,332530.0,6.446933736396614,3.8189189550425273,2.628014781354087
PEI5mgmL_80°C_Des.TXT,PEI5mgmL,80°C,Des,2421,7743.475,100.0,332530.0,6.446930592503024,3.8189,2.6280305925030234
PEI5mgmL_80°C_Des.TXT,PEI5mgmL,80°C,Des,2422,7746.375,100.0,332530.0,6.446927085852479,3.8188895180722895,2.62803756778019
PEI5mgmL_80°C_Des.TXT,PEI5mgmL,80°C,Des,2423,7752.975,100.0,332530.0,6.446919105199517,3.8188656626506026,2.6280534425489144
PEI5mgmL_80°C_Des.TXT,PEI5mgmL,80°C,Des,2424,7760.975,100.0,332530.0,6.4469094316807745,3.818836746987952,2.6280726846928224
PEI5mgmL_80°C_Des.TXT,PEI5mgmL,80°C,Des,2425,7768.775,100.0,332530.0,6.4469,3.8188085542168677,2.6280914457831326
PEI5mgmL_80°C_Des.TXT,PEI5mgmL,80°C,Des,2426,7771.175000000001,100.0,332530.0,6.446885489721887,3.8187998795180724,2.6280856102038146
PEI5mgmL_80°C_Des.TXT,PEI5mgmL,80°C,Des,2427,7773.975,100.0,332530.0,6.446868561064087,3.818789759036145,2.628078802027942
PEI5mgmL_80°C_Des.TXT,PEI5mgmL,80°C,Des,2428,7776.475,100.0,332530.0,6.446853446191052,3.8187807228915664,2.6280727232994856
PEI5mgmL_80°C_Des.TXT,PEI5mgmL,80°C,Des,2429,7779.175000000001,100.0,332530.0,6.446837122128175,3.818770963855422,2.6280661582727527
PEI5mgmL_80°C_Des.TXT,PEI5mgmL,80°C,Des,2430,7781.775,100.0,332530.0,6.446821402660218,3.8187615662650605,2.6280598363951575
PEI5mgmL_80°C_Des.TXT,PEI5mgmL,80°C,Des,2431,7787.175000000001,100.0,332530.0,6.446788754534462,3.818742048192771,2.6280467063416912
PEI5mgmL_80°C_Des.TXT,PEI5mgmL,80°C,Des,2432,7789.875,100.0,332530.0,6.446772430471584,3.8187322891566264,2.6280401413149574
PEI5mgmL_80°C_Des.TXT,PEI5mgmL,80°C,Des,2433,7792.475,100.0,332530.0,6.446756711003628,3.818722891566265,2.628033819437363
PEI5mgmL_80°C_Des.TXT,PEI5mgmL,80°C,Des,2434,7795.175000000001,100.0,332530.0,6.44674038694075,3.8187131325301205,2.6280272544106293
PEI5mgmL_80°C_Des.TXT,PEI5mgmL,80°C,Des,2435,7797.575000000001,100.0,332530.0,6.4467258766626365,3.818704457831325,2.6280214188313114
PEI5mgmL_80°C_Des.TXT,PEI5mgmL,80°C,Des,2436,7800.375,100.0,332530.0,6.4467089480048365,3.8186943373493976,2.628014610655439
PEI5mgmL_80°C_Des.TXT,PEI5mgmL,80°C,Des,2437,7803.075000000001,100.0,332530.0,6.446692623941959,3.818684578313253,2.628008045628706
PEI5mgmL_80°C_Des.TXT,PEI5mgmL,80°C,Des,2438,7805.875,100.0,332530.0,6.44667569528416,3.8186744578313254,2.6280012374528345
PEI5mgmL_80°C_Des.TXT,PEI5mgmL,80°C,Des,2439,7808.475,100.0,332530.0,6.446659975816203,3.818665060240964,2.6279949155752393
PEI5mgmL_80°C_Des.TXT,PEI5mgmL,80°C,Des,2440,7811.175000000001,100.0,332530.0,6.446643651753325,3.8186553012048194,2.6279883505485055
PEI5mgmL_80°C_Des.TXT,PEI5mgmL,80°C,Des,2441,7813.575000000001,100.0,332530.0,6.446629141475212,3.818646626506024,2.6279825149691876
PEI5mgmL_80°C_Des.TXT,PEI5mgmL,80°C,Des,2442,7816.175000000001,100.0,332530.0,6.446613422007255,3.8186372289156627,2.6279761930915924
PEI5mgmL_80°C_Des.TXT,PEI5mgmL,80°C,Des,2443,7821.275,100.0,332530.0,6.4465825876662635,3.818618795180723,2.6279637924855406
PEI5mgmL_80°C_Des.TXT,PEI5mgmL,80°C,Des,2444,7823.875,100.0,332530.0,6.446566868198307,3.8186093975903614,2.6279574706079454
PEI5mgmL_80°C_Des.TXT,PEI5mgmL,80°C,Des,2445,7826.475,100.0,332530.0,6.44655114873035,3.8186,2.62795114873035
PEI5mgmL_80°C_Des.TXT,PEI5mgmL,80°C,Des,2446,7829.475,100.0,332530.0,6.446533010882709,3.818596336996337,2.6279366738863716
PEI5mgmL_80°C_Des.TXT,PEI5mgmL,80°C,Des,2447,7835.875,100.0,332530.0,6.446494316807739,3.8185885225885228,2.627905794219216
PEI5mgmL_80°C_Des.TXT,PEI5mgmL,80°C,Des,2448,7843.475,100.0,332530.0,6.446448367593712,3.818579242979243,2.627869124614469
PEI5mgmL_80°C_Des.TXT,PEI5mgmL,80°C,Des,2449,7851.475,100.0,332530.0,6.4464,3.818569474969475,2.6278305250305247
PEI5mgmL_80°C_Des.TXT,PEI5mgmL,80°C,Des,2450,7853.975,100.0,332530.0,6.446403033980582,3.8185664224664224,2.6278366115141596
PEI5mgmL_80°C_Des.TXT,PEI5mgmL,80°C,Des,2451,7856.375,100.0,332530.0,6.446405946601941,3.818563492063492,2.6278424545384493
PEI5mgmL_80°C_Des.TXT,PEI5mgmL,80°C,Des,2452,7858.975,100.0,332530.0,6.4464091019417475,3.8185603174603173,2.6278487844814302
PEI5mgmL_80°C_Des.TXT,PEI5mgmL,80°C,Des,2453,7861.575000000001,100.0,332530.0,6.446412257281553,3.8185571428571428,2.62785511442441
PEI5mgmL_80°C_Des.TXT,PEI5mgmL,80°C,Des,2454,7864.275,100.0,332530.0,6.446415533980582,3.818553846153846,2.6278616878267362
PEI5mgmL_80°C_Des.TXT,PEI5mgmL,80°C,Des,2455,7869.275,100.0,332530.0,6.446421601941747,3.818547741147741,2.627873860794006
PEI5mgmL_80°C_Des.TXT,PEI5mgmL,80°C,Des,2456,7871.875,100.0,332530.0,6.446424757281553,3.8185445665445665,2.627880190736987
PEI5mgmL_80°C_Des.TXT,PEI5mgmL,80°C,Des,2457,7874.475,100.0,332530.0,6.446427912621359,3.818541391941392,2.627886520679967
PEI5mgmL_80°C_Des.TXT,PEI5mgmL,80°C,Des,2458,7877.175000000001,100.0,332530.0,6.446431189320388,3.818538095238095,2.6278930940822933
PEI5mgmL_80°C_Des.TXT,PEI5mgmL,80°C,Des,2459,7879.575000000001,100.0,332530.0,6.4464341019417475,3.818535164835165,2.6278989371065826
PEI5mgmL_80°C_Des.TXT,PEI5mgmL,80°C,Des,2460,7882.475,100.0,332530.0,6.446437621359223,3.818531623931624,2.6279059974275993
PEI5mgmL_80°C_Des.TXT,PEI5mgmL,80°C,Des,2461,7885.075000000001,100.0,332530.0,6.4464407766990295,3.8185284493284493,2.6279123273705802
PEI5mgmL_80°C_Des.TXT,PEI5mgmL,80°C,Des,2462,7887.775,100.0,332530.0,6.446444053398058,3.8185251526251522,2.627918900772906
PEI5mgmL_80°C_Des.TXT,PEI5mgmL,80°C,Des,2463,7890.275,100.0,332530.0,6.44644708737864,3.8185221001221,2.6279249872565402
PEI5mgmL_80°C_Des.TXT,PEI5mgmL,80°C,Des,2464,7892.975,100.0,332530.0,6.44645036407767,3.818518803418803,2.6279315606588667
PEI5mgmL_80°C_Des.TXT,PEI5mgmL,80°C,Des,2465,7895.475,100.0,332530.0,6.446453398058252,3.8185157509157506,2.6279376471425016
PEI5mgmL_80°C_Des.TXT,PEI5mgmL,80°C,Des,2466,7898.075000000001,100.0,332530.0,6.4464565533980585,3.818512576312576,2.6279439770854824
PEI5mgmL_80°C_Des.TXT,PEI5mgmL,80°C,Des,2467,7903.175000000001,100.0,332530.0,6.446462742718447,3.818506349206349,2.627956393512098
PEI5mgmL_80°C_Des.TXT,PEI5mgmL,80°C,Des,2468,7905.775,100.0,332530.0,6.4464658980582525,3.8185031746031743,2.627962723455078
PEI5mgmL_80°C_Des.TXT,PEI5mgmL,80°C,Des,2469,7908.375,100.0,332530.0,6.446469053398058,3.8185,2.627969053398058
PEI5mgmL_80°C_Des.TXT,PEI5mgmL,80°C,Des,2470,7911.175000000001,100.0,332530.0,6.4464724514563105,3.8184863746958637,2.627986076760447
PEI5mgmL_80°C_Des.TXT,PEI5mgmL,80°C,Des,2471,7917.775,100.0,332530.0,6.446480461165049,3.8184542579075424,2.628026203257506
PEI5mgmL_80°C_Des.TXT,PEI5mgmL,80°C,Des,2472,7925.575000000001,100.0,332530.0,6.446489927184467,3.818416301703163,2.6280736254813037
PEI5mgmL_80°C_Des.TXT,PEI5mgmL,80°C,Des,2473,7933.875,100.0,332530.0,6.4465,3.818375912408759,2.6281240875912415
PEI5mgmL_80°C_Des.TXT,PEI5mgmL,80°C,Des,2474,7936.275,100.0,332530.0,6.446479537149818,3.8183642335766423,2.6281153035731757
PEI5mgmL_80°C_Des.TXT,PEI5mgmL,80°C,Des,2475,7939.175000000001,100.0,332530.0,6.446454811205847,3.818350121654501,2.628104689551346
PEI5mgmL_80°C_Des.TXT,PEI5mgmL,80°C,Des,2476,7941.775,100.0,332530.0,6.446432643118149,3.8183374695863743,2.6280951735317744
PEI5mgmL_80°C_Des.TXT,PEI5mgmL,80°C,Des,2477,7944.475,100.0,332530.0,6.446409622411694,3.8183243309002433,2.6280852915114505
PEI5mgmL_80°C_Des.TXT,PEI5mgmL,80°C,Des,2478,7947.075000000001,100.0,332530.0,6.446387454323996,3.8183116788321168,2.628075775491879
PEI5mgmL_80°C_Des.TXT,PEI5mgmL,80°C,Des,2479,7952.175000000001,100.0,332530.0,6.446343970767357,3.8182868613138683,2.6280571094534886
PEI5mgmL_80°C_Des.TXT,PEI5mgmL,80°C,Des,2480,7954.575000000001,100.0,332530.0,6.446323507917175,3.818275182481752,2.6280483254354228
PEI5mgmL_80°C_Des.TXT,PEI5mgmL,80°C,Des,2481,7957.175000000001,100.0,332530.0,6.446301339829477,3.8182625304136253,2.6280388094158513
PEI5mgmL_80°C_Des.TXT,PEI5mgmL,80°C,Des,2482,7959.675000000001,100.0,332530.0,6.4462800243605365,3.8182503649635033,2.628029659397033
PEI5mgmL_80°C_Des.TXT,PEI5mgmL,80°C,Des,2483,7962.075000000001,100.0,332530.0,6.446259561510353,3.818238686131387,2.6280208753789664
PEI5mgmL_80°C_Des.TXT,PEI5mgmL,80°C,Des,2484,7964.675000000001,100.0,332530.0,6.446237393422655,3.8182260340632603,2.628011359359395
PEI5mgmL_80°C_Des.TXT,PEI5mgmL,80°C,Des,2485,7967.175000000001,100.0,332530.0,6.446216077953715,3.8182138686131384,2.628002209340577
PEI5mgmL_80°C_Des.TXT,PEI5mgmL,80°C,Des,2486,7969.875,100.0,332530.0,6.446193057247259,3.8182007299270073,2.627992327320252
PEI5mgmL_80°C_Des.TXT,PEI5mgmL,80°C,Des,2487,7972.475,100.0,332530.0,6.4461708891595615,3.818188077858881,2.6279828113006807
PEI5mgmL_80°C_Des.TXT,PEI5mgmL,80°C,Des,2488,7975.175000000001,100.0,332530.0,6.446147868453107,3.8181749391727493,2.6279729292803573
PEI5mgmL_80°C_Des.TXT,PEI5mgmL,80°C,Des,2489,7977.575000000001,100.0,332530.0,6.446127405602923,3.8181632603406324,2.627964145262291
PEI5mgmL_80°C_Des.TXT,PEI5mgmL,80°C,Des,2490,7980.175000000001,100.0,332530.0,6.4461052375152255,3.818150608272506,2.6279546292427196
PEI5mgmL_80°C_Des.TXT,PEI5mgmL,80°C,Des,2491,7985.375,100.0,332530.0,6.44606090133983,3.818125304136253,2.6279355972035767
PEI5mgmL_80°C_Des.TXT,PEI5mgmL,80°C,Des,2492,7988.075000000001,100.0,332530.0,6.446037880633374,3.8181121654501213,2.6279257151832525
PEI5mgmL_80°C_Des.TXT,PEI5mgmL,80°C,Des,2493,7990.575000000001,100.0,332530.0,6.446016565164434,3.8181,2.627916565164434
PEI5mgmL_80°C_Des.TXT,PEI5mgmL,80°C,Des,2494,7993.675000000001,100.0,332530.0,6.4459901339829475,3.8180887272727273,2.62790140671022
PEI5mgmL_80°C_Des.TXT,PEI5mgmL,80°C,Des,2495,8000.075000000001,100.0,332530.0,6.4459355663824605,3.8180654545454544,2.627870111837006
PEI5mgmL_80°C_Des.TXT,PEI5mgmL,80°C,Des,2496,8007.775,100.0,332530.0,6.445869914738124,3.8180374545454545,2.62783246019267
PEI5mgmL_80°C_Des.TXT,PEI5mgmL,80°C,Des,2497,8015.975,100.0,332530.0,6.4458,3.818007636363636,2.627792363636364
PEI5mgmL_80°C_Des.TXT,PEI5mgmL,80°C,Des,2498,8018.375,100.0,332530.0,6.4457970731707315,3.817998909090909,2.6277981640798225
PEI5mgmL_80°C_Des.TXT,PEI5mgmL,80°C,Des,2499,8020.975,100.0,332530.0,6.445793902439025,3.8179894545454545,2.6278044478935705
PEI5mgmL_80°C_Des.TXT,PEI5mgmL,80°C,Des,2500,8023.575000000001,100.0,332530.0,6.4457907317073175,3.81798,2.6278107317073176
PEI5mgmL_80°C_Des.TXT,PEI5mgmL,80°C,Des,2501,8026.175000000001,100.0,332530.0,6.44578756097561,3.8179705454545454,2.6278170155210647
PEI5mgmL_80°C_Des.TXT,PEI5mgmL,80°C,Des,2502,8028.775,100.0,332530.0,6.445784390243903,3.817961090909091,2.627823299334812
PEI5mgmL_80°C_Des.TXT,PEI5mgmL,80°C,Des,2503,8033.875,100.0,332530.0,6.445778170731708,3.8179425454545455,2.627835625277162
PEI5mgmL_80°C_Des.TXT,PEI5mgmL,80°C,Des,2504,8036.275,100.0,332530.0,6.445775243902439,3.8179338181818183,2.6278414257206206
PEI5mgmL_80°C_Des.TXT,PEI5mgmL,80°C,Des,2505,8038.875,100.0,332530.0,6.4457720731707315,3.817924363636364,2.6278477095343677
PEI5mgmL_80°C_Des.TXT,PEI5mgmL,80°C,Des,2506,8041.375,100.0,332530.0,6.445769024390244,3.817915272727273,2.627853751662971
PEI5mgmL_80°C_Des.TXT,PEI5mgmL,80°C,Des,2507,8043.775,100.0,332530.0,6.445766097560976,3.8179065454545453,2.6278595521064307
PEI5mgmL_80°C_Des.TXT,PEI5mgmL,80°C,Des,2508,8046.375,100.0,332530.0,6.445762926829269,3.817897090909091,2.627865835920178
PEI5mgmL_80°C_Des.TXT,PEI5mgmL,80°C,Des,2509,8048.975,100.0,332530.0,6.445759756097561,3.8178876363636363,2.627872119733925
PEI5mgmL_80°C_Des.TXT,PEI5mgmL,80°C,Des,2510,8051.775,100.0,332530.0,6.445756341463415,3.8178774545454544,2.627878886917961
PEI5mgmL_80°C_Des.TXT,PEI5mgmL,80°C,Des,2511,8054.275,100.0,332530.0,6.4457532926829275,3.8178683636363635,2.627884929046564
PEI5mgmL_80°C_Des.TXT,PEI5mgmL,80°C,Des,2512,8056.975,100.0,332530.0,6.44575,3.8178585454545453,2.627891454545455
PEI5mgmL_80°C_Des.TXT,PEI5mgmL,80°C,Des,2513,8059.375,100.0,332530.0,6.445747073170732,3.817849818181818,2.6278972549889135
PEI5mgmL_80°C_Des.TXT,PEI5mgmL,80°C,Des,2514,8062.375,100.0,332530.0,6.445743414634147,3.8178389090909093,2.6279045055432375
PEI5mgmL_80°C_Des.TXT,PEI5mgmL,80°C,Des,2515,8067.775,100.0,332530.0,6.445736829268293,3.817819272727273,2.6279175565410204
PEI5mgmL_80°C_Des.TXT,PEI5mgmL,80°C,Des,2516,8070.175000000001,100.0,332530.0,6.4457339024390246,3.8178105454545457,2.627923356984479
PEI5mgmL_80°C_Des.TXT,PEI5mgmL,80°C,Des,2517,8073.075000000001,100.0,332530.0,6.445730365853659,3.8178,2.6279303658536586
PEI5mgmL_80°C_Des.TXT,PEI5mgmL,80°C,Des,2518,8075.675000000001,100.0,332530.0,6.445727195121951,3.8178,2.627927195121951
PEI5mgmL_80°C_Des.TXT,PEI5mgmL,80°C,Des,2519,8082.175000000001,100.0,332530.0,6.445719268292684,3.8178,2.6279192682926835
PEI5mgmL_80°C_Des.TXT,PEI5mgmL,80°C,Des,2520,8090.175000000001,100.0,332530.0,6.445709512195123,3.8178,2.6279095121951226
PEI5mgmL_80°C_Des.TXT,PEI5mgmL,80°C,Des,2521,8097.975,100.0,332530.0,6.4457,3.8178,2.6279000000000003
PEI5mgmL_80°C_Des.TXT,PEI5mgmL,80°C,Des,2522,8100.675000000001,100.0,332530.0,6.44569671132765,3.8178,2.62789671132765
PEI5mgmL_80°C_Des.TXT,PEI5mgmL,80°C,Des,2523,8103.175000000001,100.0,332530.0,6.4456936662606585,3.8178,2.6278936662606585
PEI5mgmL_80°C_Des.TXT,PEI5mgmL,80°C,Des,2524,8106.075000000001,100.0,332530.0,6.445690133982948,3.8178,2.627890133982948
PEI5mgmL_80°C_Des.TXT,PEI5mgmL,80°C,Des,2525,8108.475,100.0,332530.0,6.445687210718636,3.8178,2.6278872107186357
PEI5mgmL_80°C_Des.TXT,PEI5mgmL,80°C,Des,2526,8111.475,100.0,332530.0,6.445683556638246,3.8178,2.6278835566382464
PEI5mgmL_80°C_Des.TXT,PEI5mgmL,80°C,Des,2527,8116.375,100.0,332530.0,6.445677588306943,3.8178,2.6278775883069425
PEI5mgmL_80°C_Des.TXT,PEI5mgmL,80°C,Des,2528,8118.875,100.0,332530.0,6.445674543239951,3.8178,2.627874543239951
PEI5mgmL_80°C_Des.TXT,PEI5mgmL,80°C,Des,2529,8121.475,100.0,332530.0,6.445671376370281,3.8178,2.6278713763702806
PEI5mgmL_80°C_Des.TXT,PEI5mgmL,80°C,Des,2530,8123.875,100.0,332530.0,6.445668453105968,3.8178,2.627868453105968
PEI5mgmL_80°C_Des.TXT,PEI5mgmL,80°C,Des,2531,8126.375,100.0,332530.0,6.445665408038977,3.8178,2.6278654080389767
PEI5mgmL_80°C_Des.TXT,PEI5mgmL,80°C,Des,2532,8128.975,100.0,332530.0,6.445662241169306,3.8178,2.6278622411693062
PEI5mgmL_80°C_Des.TXT,PEI5mgmL,80°C,Des,2533,8131.775,100.0,332530.0,6.445658830694275,3.8178,2.627858830694275
PEI5mgmL_80°C_Des.TXT,PEI5mgmL,80°C,Des,2534,8134.175000000001,100.0,332530.0,6.4456559074299635,3.8178,2.6278559074299634
PEI5mgmL_80°C_Des.TXT,PEI5mgmL,80°C,Des,2535,8136.975,100.0,332530.0,6.445652496954933,3.8178,2.627852496954933
PEI5mgmL_80°C_Des.TXT,PEI5mgmL,80°C,Des,2536,8139.375,100.0,332530.0,6.445649573690622,3.8178,2.6278495736906216
PEI5mgmL_80°C_Des.TXT,PEI5mgmL,80°C,Des,2537,8141.875,100.0,332530.0,6.44564652862363,3.8178,2.62784652862363
PEI5mgmL_80°C_Des.TXT,PEI5mgmL,80°C,Des,2538,8144.575000000001,100.0,332530.0,6.445643239951279,3.8178,2.6278432399512788
PEI5mgmL_80°C_Des.TXT,PEI5mgmL,80°C,Des,2539,8149.875,100.0,332530.0,6.445636784409257,3.8178,2.627836784409257
PEI5mgmL_80°C_Des.TXT,PEI5mgmL,80°C,Des,2540,8152.375,100.0,332530.0,6.445633739342266,3.8178,2.6278337393422655
PEI5mgmL_80°C_Des.TXT,PEI5mgmL,80°C,Des,2541,8155.175000000001,100.0,332530.0,6.445630328867235,3.8178,2.627830328867235
PEI5mgmL_80°C_Des.TXT,PEI5mgmL,80°C,Des,2542,8157.875,100.0,332530.0,6.445627040194884,3.817783455882353,2.6278435843125307
PEI5mgmL_80°C_Des.TXT,PEI5mgmL,80°C,Des,2543,8164.775,100.0,332530.0,6.445618635809987,3.817741176470588,2.627877459339399
PEI5mgmL_80°C_Des.TXT,PEI5mgmL,80°C,Des,2544,8172.375,100.0,332530.0,6.445609378806334,3.8176946078431375,2.6279147709631965
PEI5mgmL_80°C_Des.TXT,PEI5mgmL,80°C,Des,2545,8180.075000000001,100.0,332530.0,6.4456,3.817647426470588,2.6279525735294116
PEI5mgmL_80°C_Des.TXT,PEI5mgmL,80°C,Des,2546,8182.675000000001,100.0,332530.0,6.445590441176471,3.8176314950980395,2.627958946078431
PEI5mgmL_80°C_Des.TXT,PEI5mgmL,80°C,Des,2547,8185.275,100.0,332530.0,6.445580882352941,3.8176155637254903,2.6279653186274503
PEI5mgmL_80°C_Des.TXT,PEI5mgmL,80°C,Des,2548,8188.175000000001,100.0,332530.0,6.445570220588235,3.817597794117647,2.627972426470588
PEI5mgmL_80°C_Des.TXT,PEI5mgmL,80°C,Des,2549,8190.575000000001,100.0,332530.0,6.445561397058824,3.817583088235294,2.6279783088235296
PEI5mgmL_80°C_Des.TXT,PEI5mgmL,80°C,Des,2550,8193.475,100.0,332530.0,6.445550735294117,3.817565318627451,2.627985416666666
PEI5mgmL_80°C_Des.TXT,PEI5mgmL,80°C,Des,2551,8198.375,100.0,332530.0,6.445532720588235,3.817535294117647,2.6279974264705883
PEI5mgmL_80°C_Des.TXT,PEI5mgmL,80°C,Des,2552,8200.875,100.0,332530.0,6.445523529411765,3.817519975490196,2.6280035539215687
PEI5mgmL_80°C_Des.TXT,PEI5mgmL,80°C,Des,2553,8203.475,100.0,332530.0,6.445513970588235,3.817504044117647,2.628009926470588
PEI5mgmL_80°C_Des.TXT,PEI5mgmL,80°C,Des,2554,8206.175000000001,100.0,332530.0,6.445504044117647,3.8174875,2.628016544117647
PEI5mgmL_80°C_Des.TXT,PEI5mgmL,80°C,Des,2555,8208.775,100.0,332530.0,6.445494485294117,3.8174715686274507,2.628022916666666
PEI5mgmL_80°C_Des.TXT,PEI5mgmL,80°C,Des,2556,8211.475,100.0,332530.0,6.445484558823529,3.817455024509804,2.6280295343137254
PEI5mgmL_80°C_Des.TXT,PEI5mgmL,80°C,Des,2557,8214.075,100.0,332530.0,6.445475,3.817439093137255,2.628035906862745
PEI5mgmL_80°C_Des.TXT,PEI5mgmL,80°C,Des,2558,8216.775,100.0,332530.0,6.4454650735294114,3.8174225490196076,2.628042524509804
PEI5mgmL_80°C_Des.TXT,PEI5mgmL,80°C,Des,2559,8219.375,100.0,332530.0,6.445455514705882,3.817406617647059,2.6280488970588234
PEI5mgmL_80°C_Des.TXT,PEI5mgmL,80°C,Des,2560,8221.775,100.0,332530.0,6.44544669117647,3.8173919117647057,2.6280547794117646
PEI5mgmL_80°C_Des.TXT,PEI5mgmL,80°C,Des,2561,8224.175000000001,100.0,332530.0,6.445437867647058,3.817377205882353,2.6280606617647053
PEI5mgmL_80°C_Des.TXT,PEI5mgmL,80°C,Des,2562,8226.875,100.0,332530.0,6.4454279411764706,3.817360661764706,2.6280672794117645
PEI5mgmL_80°C_Des.TXT,PEI5mgmL,80°C,Des,2563,8231.775,100.0,332530.0,6.445409926470588,3.817330637254902,2.628079289215686
PEI5mgmL_80°C_Des.TXT,PEI5mgmL,80°C,Des,2564,8234.175000000001,100.0,332530.0,6.445401102941176,3.817315931372549,2.628085171568627
PEI5mgmL_80°C_Des.TXT,PEI5mgmL,80°C,Des,2565,8236.775,100.0,332530.0,6.445391544117647,3.8173,2.628091544117647
PEI5mgmL_80°C_Des.TXT,PEI5mgmL,80°C,Des,2566,8239.475,100.0,332530.0,6.445381617647058,3.8173,2.6280816176470583
PEI5mgmL_80°C_Des.TXT,PEI5mgmL,80°C,Des,2567,8245.775,100.0,332530.0,6.445358455882353,3.8173,2.628058455882353
PEI5mgmL_80°C_Des.TXT,PEI5mgmL,80°C,Des,2568,8253.775,100.0,332530.0,6.4453290441176465,3.8173,2.6280290441176466
PEI5mgmL_80°C_Des.TXT,PEI5mgmL,80°C,Des,2569,8261.675000000001,100.0,332530.0,6.4453,3.8173,2.6279999999999997
PEI5mgmL_80°C_Des.TXT,PEI5mgmL,80°C,Des,2570,8264.075,100.0,332530.0,6.445305889570552,3.8173,2.628005889570552
PEI5mgmL_80°C_Des.TXT,PEI5mgmL,80°C,Des,2571,8266.675000000001,100.0,332530.0,6.44531226993865,3.8173,2.6280122699386497
PEI5mgmL_80°C_Des.TXT,PEI5mgmL,80°C,Des,2572,8269.175000000001,100.0,332530.0,6.445318404907975,3.8173,2.628018404907975
PEI5mgmL_80°C_Des.TXT,PEI5mgmL,80°C,Des,2573,8271.975,100.0,332530.0,6.4453252760736195,3.8173,2.6280252760736196
PEI5mgmL_80°C_Des.TXT,PEI5mgmL,80°C,Des,2574,8274.475,100.0,332530.0,6.445331411042944,3.8173,2.628031411042944
PEI5mgmL_80°C_Des.TXT,PEI5mgmL,80°C,Des,2575,8279.675000000001,100.0,332530.0,6.445344171779141,3.8173,2.6280441717791407
PEI5mgmL_80°C_Des.TXT,PEI5mgmL,80°C,Des,2576,8282.075,100.0,332530.0,6.445350061349693,3.8173,2.628050061349693
PEI5mgmL_80°C_Des.TXT,PEI5mgmL,80°C,Des,2577,8284.875,100.0,332530.0,6.445356932515337,3.8173,2.6280569325153373
PEI5mgmL_80°C_Des.TXT,PEI5mgmL,80°C,Des,2578,8287.475,100.0,332530.0,6.445363312883435,3.8173,2.628063312883435
PEI5mgmL_80°C_Des.TXT,PEI5mgmL,80°C,Des,2579,8290.175000000001,100.0,332530.0,6.445369938650306,3.8173,2.6280699386503064
PEI5mgmL_80°C_Des.TXT,PEI5mgmL,80°C,Des,2580,8292.775,100.0,332530.0,6.445376319018405,3.8173,2.628076319018405
PEI5mgmL_80°C_Des.TXT,PEI5mgmL,80°C,Des,2581,8295.375,100.0,332530.0,6.445382699386503,3.8173,2.628082699386503
PEI5mgmL_80°C_Des.TXT,PEI5mgmL,80°C,Des,2582,8297.875,100.0,332530.0,6.445388834355828,3.8173,2.6280888343558284
PEI5mgmL_80°C_Des.TXT,PEI5mgmL,80°C,Des,2583,8300.475,100.0,332530.0,6.445395214723926,3.8173,2.6280952147239263
PEI5mgmL_80°C_Des.TXT,PEI5mgmL,80°C,Des,2584,8303.075,100.0,332530.0,6.445401595092024,3.8173,2.628101595092024
PEI5mgmL_80°C_Des.TXT,PEI5mgmL,80°C,Des,2585,8305.575,100.0,332530.0,6.4454077300613495,3.8173,2.6281077300613496
PEI5mgmL_80°C_Des.TXT,PEI5mgmL,80°C,Des,2586,8308.175000000001,100.0,332530.0,6.445414110429447,3.8173,2.6281141104294474
PEI5mgmL_80°C_Des.TXT,PEI5mgmL,80°C,Des,2587,8313.175000000001,100.0,332530.0,6.445426380368098,3.8173,2.6281263803680983
PEI5mgmL_80°C_Des.TXT,PEI5mgmL,80°C,Des,2588,8315.575,100.0,332530.0,6.44543226993865,3.8173,2.6281322699386505
PEI5mgmL_80°C_Des.TXT,PEI5mgmL,80°C,Des,2589,8318.175000000001,100.0,332530.0,6.445438650306748,3.8173,2.6281386503067483
PEI5mgmL_80°C_Des.TXT,PEI5mgmL,80°C,Des,2590,8320.975,100.0,332530.0,6.445445521472393,3.8173,2.6281455214723928
PEI5mgmL_80°C_Des.TXT,PEI5mgmL,80°C,Des,2591,8327.275,100.0,332530.0,6.445460981595092,3.8173,2.628160981595092
PEI5mgmL_80°C_Des.TXT,PEI5mgmL,80°C,Des,2592,8334.975,100.0,332530.0,6.445479877300613,3.8173,2.6281798773006133
PEI5mgmL_80°C_Des.TXT,PEI5mgmL,80°C,Des,2593,8343.175000000001,100.0,332530.0,6.4455,3.8173,2.6282
PEI5mgmL_80°C_Des.TXT,PEI5mgmL,80°C,Des,2594,8345.775,100.0,332530.0,6.445493742478941,3.8173,2.6281937424789414
PEI5mgmL_80°C_Des.TXT,PEI5mgmL,80°C,Des,2595,8348.375,100.0,332530.0,6.445487484957882,3.8173,2.628187484957882
PEI5mgmL_80°C_Des.TXT,PEI5mgmL,80°C,Des,2596,8350.975,100.0,332530.0,6.445481227436823,3.8173,2.6281812274368233
PEI5mgmL_80°C_Des.TXT,PEI5mgmL,80°C,Des,2597,8353.675000000001,100.0,332530.0,6.4454747292418775,3.8173,2.6281747292418776
PEI5mgmL_80°C_Des.TXT,PEI5mgmL,80°C,Des,2598,8356.275,100.0,332530.0,6.445468471720818,3.8173,2.628168471720818
PEI5mgmL_80°C_Des.TXT,PEI5mgmL,80°C,Des,2599,8361.675000000001,100.0,332530.0,6.4454554753309266,3.8173,2.6281554753309266
PEI5mgmL_80°C_Des.TXT,PEI5mgmL,80°C,Des,2600,8364.475,100.0,332530.0,6.445448736462094,3.8173,2.628148736462094
PEI5mgmL_80°C_Des.TXT,PEI5mgmL,80°C,Des,2601,8367.075,100.0,332530.0,6.445442478941035,3.8173,2.6281424789410353
PEI5mgmL_80°C_Des.TXT,PEI5mgmL,80°C,Des,2602,8369.875,100.0,332530.0,6.445435740072202,3.8173,2.6281357400722025
PEI5mgmL_80°C_Des.TXT,PEI5mgmL,80°C,Des,2603,8372.275,100.0,332530.0,6.445429963898917,3.8173,2.628129963898917
PEI5mgmL_80°C_Des.TXT,PEI5mgmL,80°C,Des,2604,8374.875,100.0,332530.0,6.445423706377857,3.8173,2.6281237063778575
PEI5mgmL_80°C_Des.TXT,PEI5mgmL,80°C,Des,2605,8377.475,100.0,332530.0,6.445417448856799,3.8173,2.628117448856799
PEI5mgmL_80°C_Des.TXT,PEI5mgmL,80°C,Des,2606,8380.175000000001,100.0,332530.0,6.445410950661853,3.8173,2.628110950661853
PEI5mgmL_80°C_Des.TXT,PEI5mgmL,80°C,Des,2607,8382.775,100.0,332530.0,6.4454046931407944,3.8173,2.6281046931407945
PEI5mgmL_80°C_Des.TXT,PEI5mgmL,80°C,Des,2608,8385.475,100.0,332530.0,6.445398194945848,3.8173,2.628098194945848
PEI5mgmL_80°C_Des.TXT,PEI5mgmL,80°C,Des,2609,8387.975,100.0,332530.0,6.445392178098676,3.8173,2.6280921780986763
PEI5mgmL_80°C_Des.TXT,PEI5mgmL,80°C,Des,2610,8390.775,100.0,332530.0,6.4453854392298435,3.8173,2.6280854392298436
PEI5mgmL_80°C_Des.TXT,PEI5mgmL,80°C,Des,2611,8395.775,100.0,332530.0,6.445373405535499,3.8173,2.6280734055354995
PEI5mgmL_80°C_Des.TXT,PEI5mgmL,80°C,Des,2612,8398.475,100.0,332530.0,6.445366907340553,3.8173,2.628066907340553
PEI5mgmL_80°C_Des.TXT,PEI5mgmL,80°C,Des,2613,8401.075,100.0,332530.0,6.445360649819494,3.8173,2.6280606498194943
PEI5mgmL_80°C_Des.TXT,PEI5mgmL,80°C,Des,2614,8403.875,100.0,332530.0,6.4453539109506615,3.817296593673966,2.6280573172766957
PEI5mgmL_80°C_Des.TXT,PEI5mgmL,80°C,Des,2615,8410.375,100.0,332530.0,6.445338267148014,3.817288686131387,2.6280495810166276
PEI5mgmL_80°C_Des.TXT,PEI5mgmL,80°C,Des,2616,8418.475,100.0,332530.0,6.445318772563176,3.8172788321167883,2.628039940446388
PEI5mgmL_80°C_Des.TXT,PEI5mgmL,80°C,Des,2617,8426.275,100.0,332530.0,6.4453,3.817269343065693,2.6280306569343064
PEI5mgmL_80°C_Des.TXT,PEI5mgmL,80°C,Des,2618,8428.775,100.0,332530.0,6.445281751824817,3.817266301703163,2.628015450121654
PEI5mgmL_80°C_Des.TXT,PEI5mgmL,80°C,Des,2619,8431.375,100.0,332530.0,6.445262773722628,3.8172631386861315,2.6279996350364963
PEI5mgmL_80°C_Des.TXT,PEI5mgmL,80°C,Des,2620,8433.875,100.0,332530.0,6.445244525547445,3.817260097323601,2.6279844282238445
PEI5mgmL_80°C_Des.TXT,PEI5mgmL,80°C,Des,2621,8436.675000000001,100.0,332530.0,6.4452240875912405,3.8172566909975667,2.627967396593674
PEI5mgmL_80°C_Des.TXT,PEI5mgmL,80°C,Des,2622,8439.175000000001,100.0,332530.0,6.445205839416058,3.8172536496350364,2.6279521897810216
PEI5mgmL_80°C_Des.TXT,PEI5mgmL,80°C,Des,2623,8444.375,100.0,332530.0,6.4451678832116786,3.817247323600973,2.6279205596107054
PEI5mgmL_80°C_Des.TXT,PEI5mgmL,80°C,Des,2624,8446.875,100.0,332530.0,6.445149635036496,3.817244282238443,2.627905352798053
PEI5mgmL_80°C_Des.TXT,PEI5mgmL,80°C,Des,2625,8449.575,100.0,332530.0,6.445129927007299,3.81724099756691,2.627888929440389
PEI5mgmL_80°C_Des.TXT,PEI5mgmL,80°C,Des,2626,8452.075,100.0,332530.0,6.4451116788321166,3.8172379562043797,2.627873722627737
PEI5mgmL_80°C_Des.TXT,PEI5mgmL,80°C,Des,2627,8454.775,100.0,332530.0,6.4450919708029195,3.8172346715328467,2.627857299270073
PEI5mgmL_80°C_Des.TXT,PEI5mgmL,80°C,Des,2628,8457.275,100.0,332530.0,6.445073722627737,3.8172316301703164,2.6278420924574206
PEI5mgmL_80°C_Des.TXT,PEI5mgmL,80°C,Des,2629,8459.975,100.0,332530.0,6.44505401459854,3.8172283454987834,2.6278256690997566
PEI5mgmL_80°C_Des.TXT,PEI5mgmL,80°C,Des,2630,8462.575,100.0,332530.0,6.44503503649635,3.817225182481752,2.6278098540145978
PEI5mgmL_80°C_Des.TXT,PEI5mgmL,80°C,Des,2631,8465.075,100.0,332530.0,6.445016788321167,3.8172221411192213,2.627794647201946
PEI5mgmL_80°C_Des.TXT,PEI5mgmL,80°C,Des,2632,8467.675000000001,100.0,332530.0,6.444997810218978,3.81721897810219,2.627778832116788
PEI5mgmL_80°C_Des.TXT,PEI5mgmL,80°C,Des,2633,8470.175000000001,100.0,332530.0,6.4449795620437955,3.8172159367396596,2.627763625304136
PEI5mgmL_80°C_Des.TXT,PEI5mgmL,80°C,Des,2634,8472.975,100.0,332530.0,6.444959124087591,3.8172125304136255,2.6277465936739652
PEI5mgmL_80°C_Des.TXT,PEI5mgmL,80°C,Des,2635,8478.275,100.0,332530.0,6.444920437956204,3.817206082725061,2.6277143552311433
PEI5mgmL_80°C_Des.TXT,PEI5mgmL,80°C,Des,2636,8480.775,100.0,332530.0,6.444902189781022,3.8172030413625304,2.6276991484184915
PEI5mgmL_80°C_Des.TXT,PEI5mgmL,80°C,Des,2637,8483.275,100.0,332530.0,6.444883941605839,3.8172,2.6276839416058393
PEI5mgmL_80°C_Des.TXT,PEI5mgmL,80°C,Des,2638,8486.175000000001,100.0,332530.0,6.444862773722628,3.8171859393939394,2.6276768343286885
PEI5mgmL_80°C_Des.TXT,PEI5mgmL,80°C,Des,2639,8492.775,100.0,332530.0,6.444814598540146,3.8171539393939398,2.6276606591462066
PEI5mgmL_80°C_Des.TXT,PEI5mgmL,80°C,Des,2640,8500.375,100.0,332530.0,6.444759124087591,3.817117090909091,2.6276420331785
PEI5mgmL_80°C_Des.TXT,PEI5mgmL,80°C,Des,2641,8508.475,100.0,332530.0,6.4447,3.817077818181818,2.627622181818182
PEI5mgmL_80°C_Des.TXT,PEI5mgmL,80°C,Des,2642,8510.875,100.0,332530.0,6.44470579710145,3.817066181818182,2.6276396152832677
PEI5mgmL_80°C_Des.TXT,PEI5mgmL,80°C,Des,2643,8513.675000000001,100.0,332530.0,6.444712560386473,3.817052606060606,2.627659954325867
PEI5mgmL_80°C_Des.TXT,PEI5mgmL,80°C,Des,2644,8516.175000000001,100.0,332530.0,6.444718599033816,3.817040484848485,2.6276781141853314
PEI5mgmL_80°C_Des.TXT,PEI5mgmL,80°C,Des,2645,8518.975,100.0,332530.0,6.444725362318841,3.8170269090909095,2.6276984532279313
PEI5mgmL_80°C_Des.TXT,PEI5mgmL,80°C,Des,2646,8521.575,100.0,332530.0,6.444731642512077,3.817014303030303,2.6277173394817743
PEI5mgmL_80°C_Des.TXT,PEI5mgmL,80°C,Des,2647,8526.775,100.0,332530.0,6.44474420289855,3.816989090909091,2.6277551119894595
PEI5mgmL_80°C_Des.TXT,PEI5mgmL,80°C,Des,2648,8529.175000000001,100.0,332530.0,6.44475,3.8169774545454547,2.6277725454545453
PEI5mgmL_80°C_Des.TXT,PEI5mgmL,80°C,Des,2649,8531.875,100.0,332530.0,6.44475652173913,3.8169643636363637,2.6277921581027663
PEI5mgmL_80°C_Des.TXT,PEI5mgmL,80°C,Des,2650,8534.275,100.0,332530.0,6.44476231884058,3.8169527272727275,2.627809591567852
PEI5mgmL_80°C_Des.TXT,PEI5mgmL,80°C,Des,2651,8536.975,100.0,332530.0,6.44476884057971,3.8169396363636365,2.627829204216073
PEI5mgmL_80°C_Des.TXT,PEI5mgmL,80°C,Des,2652,8539.575,100.0,332530.0,6.444775120772947,3.8169270303030305,2.6278480904699166
PEI5mgmL_80°C_Des.TXT,PEI5mgmL,80°C,Des,2653,8542.375,100.0,332530.0,6.444781884057971,3.8169134545454546,2.627868429512516
PEI5mgmL_80°C_Des.TXT,PEI5mgmL,80°C,Des,2654,8544.875,100.0,332530.0,6.444787922705314,3.8169013333333335,2.6278865893719803
PEI5mgmL_80°C_Des.TXT,PEI5mgmL,80°C,Des,2655,8547.775,100.0,332530.0,6.444794927536232,3.816887272727273,2.6279076548089586
PEI5mgmL_80°C_Des.TXT,PEI5mgmL,80°C,Des,2656,8550.175000000001,100.0,332530.0,6.444800724637681,3.8168756363636365,2.627925088274045
PEI5mgmL_80°C_Des.TXT,PEI5mgmL,80°C,Des,2657,8552.575,100.0,332530.0,6.44480652173913,3.8168640000000003,2.6279425217391297
PEI5mgmL_80°C_Des.TXT,PEI5mgmL,80°C,Des,2658,8555.175000000001,100.0,332530.0,6.444812801932367,3.816851393939394,2.627961407992973
PEI5mgmL_80°C_Des.TXT,PEI5mgmL,80°C,Des,2659,8560.475,100.0,332530.0,6.444825603864734,3.816825696969697,2.627999906895037
PEI5mgmL_80°C_Des.TXT,PEI5mgmL,80°C,Des,2660,8562.875,100.0,332530.0,6.444831400966184,3.816814060606061,2.6280173403601226
PEI5mgmL_80°C_Des.TXT,PEI5mgmL,80°C,Des,2661,8565.775,100.0,332530.0,6.4448384057971015,3.8168,2.6280384057971014
PEI5mgmL_80°C_Des.TXT,PEI5mgmL,80°C,Des,2662,8568.375,100.0,332530.0,6.444844685990338,3.8168,2.628044685990338
PEI5mgmL_80°C_Des.TXT,PEI5mgmL,80°C,Des,2663,8574.775,100.0,332530.0,6.444860144927536,3.8168,2.628060144927536
PEI5mgmL_80°C_Des.TXT,PEI5mgmL,80°C,Des,2664,8582.875,100.0,332530.0,6.444879710144927,3.8168,2.628079710144927
PEI5mgmL_80°C_Des.TXT,PEI5mgmL,80°C,Des,2665,8591.275,100.0,332530.0,6.4449,3.8168,2.6280999999999994
PEI5mgmL_80°C_Des.TXT,PEI5mgmL,80°C,Des,2666,8593.775,100.0,332530.0,6.444884737484737,3.8168,2.628084737484737
PEI5mgmL_80°C_Des.TXT,PEI5mgmL,80°C,Des,2667,8596.275,100.0,332530.0,6.444869474969475,3.8168,2.628069474969475
PEI5mgmL_80°C_Des.TXT,PEI5mgmL,80°C,Des,2668,8598.875,100.0,332530.0,6.444853601953602,3.8168,2.6280536019536016
PEI5mgmL_80°C_Des.TXT,PEI5mgmL,80°C,Des,2669,8601.375,100.0,332530.0,6.4448383394383395,3.8168,2.6280383394383393
PEI5mgmL_80°C_Des.TXT,PEI5mgmL,80°C,Des,2670,8604.175000000001,100.0,332530.0,6.444821245421245,3.8168,2.628021245421245
PEI5mgmL_80°C_Des.TXT,PEI5mgmL,80°C,Des,2671,8609.175000000001,100.0,332530.0,6.44479072039072,3.8168,2.6279907203907196
PEI5mgmL_80°C_Des.TXT,PEI5mgmL,80°C,Des,2672,8611.775,100.0,332530.0,6.444774847374847,3.8168,2.627974847374847
PEI5mgmL_80°C_Des.TXT,PEI5mgmL,80°C,Des,2673,8614.275,100.0,332530.0,6.444759584859584,3.8168,2.627959584859584
PEI5mgmL_80°C_Des.TXT,PEI5mgmL,80°C,Des,2674,8616.975,100.0,332530.0,6.444743101343101,3.8168,2.6279431013431007
PEI5mgmL_80°C_Des.TXT,PEI5mgmL,80°C,Des,2675,8619.475,100.0,332530.0,6.444727838827839,3.8168,2.6279278388278384
PEI5mgmL_80°C_Des.TXT,PEI5mgmL,80°C,Des,2676,8622.175000000001,100.0,332530.0,6.444711355311355,3.8168,2.627911355311355
PEI5mgmL_80°C_Des.TXT,PEI5mgmL,80°C,Des,2677,8624.775,100.0,332530.0,6.444695482295482,3.8168,2.627895482295482
PEI5mgmL_80°C_Des.TXT,PEI5mgmL,80°C,Des,2678,8627.475,100.0,332530.0,6.444678998778999,3.8168,2.6278789987789986
PEI5mgmL_80°C_Des.TXT,PEI5mgmL,80°C,Des,2679,8630.075,100.0,332530.0,6.4446631257631255,3.8168,2.6278631257631253
PEI5mgmL_80°C_Des.TXT,PEI5mgmL,80°C,Des,2680,8632.775,100.0,332530.0,6.444646642246642,3.8168,2.627846642246642
PEI5mgmL_80°C_Des.TXT,PEI5mgmL,80°C,Des,2681,8635.175000000001,100.0,332530.0,6.44463199023199,3.8168,2.6278319902319898
PEI5mgmL_80°C_Des.TXT,PEI5mgmL,80°C,Des,2682,8638.175000000001,100.0,332530.0,6.444613675213675,3.8168,2.6278136752136745
PEI5mgmL_80°C_Des.TXT,PEI5mgmL,80°C,Des,2683,8643.075,100.0,332530.0,6.44458376068376,3.8168,2.62778376068376
PEI5mgmL_80°C_Des.TXT,PEI5mgmL,80°C,Des,2684,8645.775,100.0,332530.0,6.444567277167277,3.8168,2.6277672771672766
PEI5mgmL_80°C_Des.TXT,PEI5mgmL,80°C,Des,2685,8648.275,100.0,332530.0,6.4445520146520145,3.8168,2.6277520146520144
PEI5mgmL_80°C_Des.TXT,PEI5mgmL,80°C,Des,2686,8651.175000000001,100.0,332530.0,6.44453431013431,3.816782295482296,2.6277520146520144
PEI5mgmL_80°C_Des.TXT,PEI5mgmL,80°C,Des,2687,8657.575,100.0,332530.0,6.444495238095238,3.8167432234432237,2.627752014652014
PEI5mgmL_80°C_Des.TXT,PEI5mgmL,80°C,Des,2688,8664.975,100.0,332530.0,6.444450061050061,3.8166980463980464,2.6277520146520144
PEI5mgmL_80°C_Des.TXT,PEI5mgmL,80°C,Des,2689,8673.175000000001,100.0,332530.0,6.4444,3.8166479853479855,2.6277520146520144
PEI5mgmL_80°C_Des.TXT,PEI5mgmL,80°C,Des,2690,8675.575,100.0,332530.0,6.4443941676792225,3.8166333333333333,2.627760834345889
PEI5mgmL_80°C_Des.TXT,PEI5mgmL,80°C,Des,2691,8678.075,100.0,332530.0,6.444388092345079,3.816618070818071,2.627770021527008
PEI5mgmL_80°C_Des.TXT,PEI5mgmL,80°C,Des,2692,8680.775,100.0,332530.0,6.444381530984204,3.8166015873015873,2.627779943682617
PEI5mgmL_80°C_Des.TXT,PEI5mgmL,80°C,Des,2693,8683.275,100.0,332530.0,6.444375455650061,3.816586324786325,2.627789130863736
PEI5mgmL_80°C_Des.TXT,PEI5mgmL,80°C,Des,2694,8686.075,100.0,332530.0,6.44436865127582,3.8165692307692307,2.627799420506589
PEI5mgmL_80°C_Des.TXT,PEI5mgmL,80°C,Des,2695,8691.375,100.0,332530.0,6.444355771567436,3.816536874236874,2.6278188973305623
PEI5mgmL_80°C_Des.TXT,PEI5mgmL,80°C,Des,2696,8693.875,100.0,332530.0,6.444349696233293,3.816521611721612,2.6278280845116813
PEI5mgmL_80°C_Des.TXT,PEI5mgmL,80°C,Des,2697,8696.475,100.0,332530.0,6.444343377885784,3.8165057387057386,2.6278376391800453
PEI5mgmL_80°C_Des.TXT,PEI5mgmL,80°C,Des,2698,8698.975,100.0,332530.0,6.444337302551641,3.8164904761904763,2.6278468263611643
PEI5mgmL_80°C_Des.TXT,PEI5mgmL,80°C,Des,2699,8701.375,100.0,332530.0,6.444331470230863,3.816475824175824,2.627855646055039
PEI5mgmL_80°C_Des.TXT,PEI5mgmL,80°C,Des,2700,8704.175000000001,100.0,332530.0,6.444324665856622,3.8164587301587303,2.627865935697892
PEI5mgmL_80°C_Des.TXT,PEI5mgmL,80°C,Des,2701,8706.775,100.0,332530.0,6.444318347509113,3.816442857142857,2.627875490366256
PEI5mgmL_80°C_Des.TXT,PEI5mgmL,80°C,Des,2702,8709.475,100.0,332530.0,6.444311786148238,3.8164263736263737,2.6278854125218643
PEI5mgmL_80°C_Des.TXT,PEI5mgmL,80°C,Des,2703,8712.075,100.0,332530.0,6.444305467800729,3.8164105006105005,2.6278949671902283
PEI5mgmL_80°C_Des.TXT,PEI5mgmL,80°C,Des,2704,8714.675000000001,100.0,332530.0,6.4442991494532205,3.8163946275946277,2.627904521858593
PEI5mgmL_80°C_Des.TXT,PEI5mgmL,80°C,Des,2705,8717.175000000001,100.0,332530.0,6.444293074119077,3.816379365079365,2.627913709039712
PEI5mgmL_80°C_Des.TXT,PEI5mgmL,80°C,Des,2706,8719.975,100.0,332530.0,6.444286269744836,3.816362271062271,2.627923998682565
PEI5mgmL_80°C_Des.TXT,PEI5mgmL,80°C,Des,2707,8724.975,100.0,332530.0,6.44427411907655,3.816331746031746,2.6279423730448035
PEI5mgmL_80°C_Des.TXT,PEI5mgmL,80°C,Des,2708,8727.675000000001,100.0,332530.0,6.4442675577156745,3.8163152625152628,2.6279522952004117
PEI5mgmL_80°C_Des.TXT,PEI5mgmL,80°C,Des,2709,8730.175000000001,100.0,332530.0,6.444261482381531,3.8163,2.627961482381531
PEI5mgmL_80°C_Des.TXT,PEI5mgmL,80°C,Des,2710,8732.875,100.0,332530.0,6.444254921020656,3.8163,2.627954921020656
PEI5mgmL_80°C_Des.TXT,PEI5mgmL,80°C,Des,2711,8739.375,100.0,332530.0,6.444239125151884,3.8163,2.627939125151884
PEI5mgmL_80°C_Des.TXT,PEI5mgmL,80°C,Des,2712,8747.075,100.0,332530.0,6.444220413122722,3.8163,2.6279204131227223
PEI5mgmL_80°C_Des.TXT,PEI5mgmL,80°C,Des,2713,8755.475,100.0,332530.0,6.4442,3.8163,2.6279000000000003
PEI5mgmL_80°C_Des.TXT,PEI5mgmL,80°C,Des,2714,8757.975,100.0,332530.0,6.44418774509804,3.8163,2.6278877450980396
PEI5mgmL_80°C_Des.TXT,PEI5mgmL,80°C,Des,2715,8760.675000000001,100.0,332530.0,6.444174509803922,3.8163,2.627874509803922
PEI5mgmL_80°C_Des.TXT,PEI5mgmL,80°C,Des,2716,8763.175000000001,100.0,332530.0,6.444162254901961,3.8163,2.6278622549019612
PEI5mgmL_80°C_Des.TXT,PEI5mgmL,80°C,Des,2717,8765.875,100.0,332530.0,6.444149019607844,3.8163,2.6278490196078437
PEI5mgmL_80°C_Des.TXT,PEI5mgmL,80°C,Des,2718,8768.475,100.0,332530.0,6.4441362745098045,3.8163,2.6278362745098045
PEI5mgmL_80°C_Des.TXT,PEI5mgmL,80°C,Des,2719,8773.575,100.0,332530.0,6.444111274509805,3.8163,2.6278112745098046
PEI5mgmL_80°C_Des.TXT,PEI5mgmL,80°C,Des,2720,8776.075,100.0,332530.0,6.444099019607844,3.8163,2.627799019607844
PEI5mgmL_80°C_Des.TXT,PEI5mgmL,80°C,Des,2721,8778.775,100.0,332530.0,6.444085784313726,3.8163,2.6277857843137262
PEI5mgmL_80°C_Des.TXT,PEI5mgmL,80°C,Des,2722,8781.175000000001,100.0,332530.0,6.444074019607844,3.8163,2.627774019607844
PEI5mgmL_80°C_Des.TXT,PEI5mgmL,80°C,Des,2723,8783.575,100.0,332530.0,6.4440622549019615,3.8163,2.6277622549019615
PEI5mgmL_80°C_Des.TXT,PEI5mgmL,80°C,Des,2724,8786.175000000001,100.0,332530.0,6.444049509803922,3.8163,2.6277495098039223
PEI5mgmL_80°C_Des.TXT,PEI5mgmL,80°C,Des,2725,8788.775,100.0,332530.0,6.444036764705883,3.8163,2.627736764705883
PEI5mgmL_80°C_Des.TXT,PEI5mgmL,80°C,Des,2726,8791.375,100.0,332530.0,6.444024019607843,3.8163,2.627724019607843
PEI5mgmL_80°C_Des.TXT,PEI5mgmL,80°C,Des,2727,8793.975,100.0,332530.0,6.444011274509804,3.8163,2.627711274509804
PEI5mgmL_80°C_Des.TXT,PEI5mgmL,80°C,Des,2728,8796.475,100.0,332530.0,6.443999019607843,3.8163,2.627699019607843
PEI5mgmL_80°C_Des.TXT,PEI5mgmL,80°C,Des,2729,8799.075,100.0,332530.0,6.443986274509804,3.8163,2.627686274509804
PEI5mgmL_80°C_Des.TXT,PEI5mgmL,80°C,Des,2730,8801.975,100.0,332530.0,6.44397205882353,3.8163,2.6276720588235296
PEI5mgmL_80°C_Des.TXT,PEI5mgmL,80°C,Des,2731,8806.875,100.0,332530.0,6.4439480392156865,3.8163,2.6276480392156865
PEI5mgmL_80°C_Des.TXT,PEI5mgmL,80°C,Des,2732,8809.375,100.0,332530.0,6.443935784313726,3.8163,2.6276357843137257
PEI5mgmL_80°C_Des.TXT,PEI5mgmL,80°C,Des,2733,8811.975,100.0,332530.0,6.4439230392156865,3.8163,2.6276230392156865
PEI5mgmL_80°C_Des.TXT,PEI5mgmL,80°C,Des,2734,8814.875,100.0,332530.0,6.443908823529412,3.8162893902439023,2.62761943328551
PEI5mgmL_80°C_Des.TXT,PEI5mgmL,80°C,Des,2735,8821.275,100.0,332530.0,6.443877450980392,3.816265975609756,2.627611475370636
PEI5mgmL_80°C_Des.TXT,PEI5mgmL,80°C,Des,2736,8828.775,100.0,332530.0,6.44384068627451,3.8162385365853657,2.627602149689144
PEI5mgmL_80°C_Des.TXT,PEI5mgmL,80°C,Des,2737,8837.075,100.0,332530.0,6.4438,3.8162081707317075,2.627591829268293
PEI5mgmL_80°C_Des.TXT,PEI5mgmL,80°C,Des,2738,8839.575,100.0,332530.0,6.443796954933009,3.8161990243902437,2.6275979305427652
PEI5mgmL_80°C_Des.TXT,PEI5mgmL,80°C,Des,2739,8842.275,100.0,332530.0,6.4437936662606585,3.8161891463414634,2.627604519919195
PEI5mgmL_80°C_Des.TXT,PEI5mgmL,80°C,Des,2740,8844.875,100.0,332530.0,6.443790499390987,3.816179634146341,2.627610865244646
PEI5mgmL_80°C_Des.TXT,PEI5mgmL,80°C,Des,2741,8847.275,100.0,332530.0,6.443787576126675,3.8161708536585364,2.6276167224681384
PEI5mgmL_80°C_Des.TXT,PEI5mgmL,80°C,Des,2742,8849.975,100.0,332530.0,6.443784287454324,3.816160975609756,2.627623311844568
PEI5mgmL_80°C_Des.TXT,PEI5mgmL,80°C,Des,2743,8855.175000000001,100.0,332530.0,6.443777953714982,3.816141951219512,2.6276360024954704
PEI5mgmL_80°C_Des.TXT,PEI5mgmL,80°C,Des,2744,8857.575,100.0,332530.0,6.44377503045067,3.816133170731707,2.627641859718963
PEI5mgmL_80°C_Des.TXT,PEI5mgmL,80°C,Des,2745,8860.175000000001,100.0,332530.0,6.443771863580999,3.8161236585365854,2.627648205044413
PEI5mgmL_80°C_Des.TXT,PEI5mgmL,80°C,Des,2746,8862.875,100.0,332530.0,6.443768574908648,3.8161137804878047,2.6276547944208435
PEI5mgmL_80°C_Des.TXT,PEI5mgmL,80°C,Des,2747,8865.375,100.0,332530.0,6.443765529841657,3.8161046341463414,2.6276608956953154
PEI5mgmL_80°C_Des.TXT,PEI5mgmL,80°C,Des,2748,8868.175000000001,100.0,332530.0,6.443762119366626,3.816094390243902,2.627667729122724
PEI5mgmL_80°C_Des.TXT,PEI5mgmL,80°C,Des,2749,8870.775,100.0,332530.0,6.443758952496955,3.8160848780487804,2.6276740744481746
PEI5mgmL_80°C_Des.TXT,PEI5mgmL,80°C,Des,2750,8873.275,100.0,332530.0,6.4437559074299635,3.816075731707317,2.6276801757226464
PEI5mgmL_80°C_Des.TXT,PEI5mgmL,80°C,Des,2751,8875.975,100.0,332530.0,6.443752618757613,3.8160658536585363,2.6276867650990767
PEI5mgmL_80°C_Des.TXT,PEI5mgmL,80°C,Des,2752,8878.675000000001,100.0,332530.0,6.443749330085262,3.816055975609756,2.6276933544755057
PEI5mgmL_80°C_Des.TXT,PEI5mgmL,80°C,Des,2753,8881.075,100.0,332530.0,6.44374640682095,3.8160471951219512,2.627699211698999
PEI5mgmL_80°C_Des.TXT,PEI5mgmL,80°C,Des,2754,8883.775,100.0,332530.0,6.443743118148599,3.8160373170731705,2.6277058010754284
PEI5mgmL_80°C_Des.TXT,PEI5mgmL,80°C,Des,2755,8888.675000000001,100.0,332530.0,6.443737149817296,3.8160193902439024,2.6277177595733936
PEI5mgmL_80°C_Des.TXT,PEI5mgmL,80°C,Des,2756,8891.375,100.0,332530.0,6.4437338611449455,3.8160095121951216,2.627724348949824
PEI5mgmL_80°C_Des.TXT,PEI5mgmL,80°C,Des,2757,8893.975,100.0,332530.0,6.443730694275274,3.816,2.6277306942752743
PEI5mgmL_80°C_Des.TXT,PEI5mgmL,80°C,Des,2758,8896.875,100.0,332530.0,6.443727161997564,3.816003540903541,2.627723621094023
PEI5mgmL_80°C_Des.TXT,PEI5mgmL,80°C,Des,2759,8903.375,100.0,332530.0,6.443719244823386,3.816011477411477,2.627707767411909
PEI5mgmL_80°C_Des.TXT,PEI5mgmL,80°C,Des,2760,8910.975,100.0,332530.0,6.443709987819732,3.8160207570207567,2.627689230798975
PEI5mgmL_80°C_Des.TXT,PEI5mgmL,80°C,Des,2761,8919.175000000001,100.0,332530.0,6.4437,3.8160307692307693,2.6276692307692304
PEI5mgmL_80°C_Des.TXT,PEI5mgmL,80°C,Des,2762,8921.975,100.0,332530.0,6.443693137254901,3.816034188034188,2.6276589492207134
PEI5mgmL_80°C_Des.TXT,PEI5mgmL,80°C,Des,2763,8924.475,100.0,332530.0,6.443687009803921,3.8160372405372405,2.6276497692666805
PEI5mgmL_80°C_Des.TXT,PEI5mgmL,80°C,Des,2764,8926.975,100.0,332530.0,6.443680882352941,3.816040293040293,2.6276405893126475
PEI5mgmL_80°C_Des.TXT,PEI5mgmL,80°C,Des,2765,8929.675000000001,100.0,332530.0,6.443674264705882,3.8160435897435896,2.627630674962292
PEI5mgmL_80°C_Des.TXT,PEI5mgmL,80°C,Des,2766,8932.175000000001,100.0,332530.0,6.443668137254901,3.816046642246642,2.6276214950082593
PEI5mgmL_80°C_Des.TXT,PEI5mgmL,80°C,Des,2767,8937.275,100.0,332530.0,6.443655637254902,3.8160528693528692,2.6276027679020326
PEI5mgmL_80°C_Des.TXT,PEI5mgmL,80°C,Des,2768,8939.775,100.0,332530.0,6.4436495098039215,3.816055921855922,2.6275935879479997
PEI5mgmL_80°C_Des.TXT,PEI5mgmL,80°C,Des,2769,8942.375,100.0,332530.0,6.4436431372549015,3.8160590964590964,2.627584040795805
PEI5mgmL_80°C_Des.TXT,PEI5mgmL,80°C,Des,2770,8944.875,100.0,332530.0,6.443637009803921,3.816062148962149,2.627574860841772
PEI5mgmL_80°C_Des.TXT,PEI5mgmL,80°C,Des,2771,8947.275,100.0,332530.0,6.44363112745098,3.8160650793650794,2.627566048085901
PEI5mgmL_80°C_Des.TXT,PEI5mgmL,80°C,Des,2772,8949.875,100.0,332530.0,6.44362475490196,3.816068253968254,2.6275565009337063
PEI5mgmL_80°C_Des.TXT,PEI5mgmL,80°C,Des,2773,8952.475,100.0,332530.0,6.443618382352941,3.8160714285714286,2.6275469537815126
PEI5mgmL_80°C_Des.TXT,PEI5mgmL,80°C,Des,2774,8954.975,100.0,332530.0,6.443612254901961,3.816074481074481,2.6275377738274797
PEI5mgmL_80°C_Des.TXT,PEI5mgmL,80°C,Des,2775,8957.675000000001,100.0,332530.0,6.443605637254902,3.8160777777777777,2.6275278594771243
PEI5mgmL_80°C_Des.TXT,PEI5mgmL,80°C,Des,2776,8960.475,100.0,332530.0,6.443598774509804,3.8160811965811967,2.627517577928607
PEI5mgmL_80°C_Des.TXT,PEI5mgmL,80°C,Des,2777,8962.875,100.0,332530.0,6.443592892156863,3.816084126984127,2.627508765172736
PEI5mgmL_80°C_Des.TXT,PEI5mgmL,80°C,Des,2778,8965.675000000001,100.0,332530.0,6.443586029411764,3.816087545787546,2.6274984836242186
PEI5mgmL_80°C_Des.TXT,PEI5mgmL,80°C,Des,2779,8970.575,100.0,332530.0,6.443574019607843,3.816093528693529,2.6274804909143143
PEI5mgmL_80°C_Des.TXT,PEI5mgmL,80°C,Des,2780,8973.275,100.0,332530.0,6.4435674019607845,3.8160968253968255,2.627470576563959
PEI5mgmL_80°C_Des.TXT,PEI5mgmL,80°C,Des,2781,8975.875,100.0,332530.0,6.4435610294117645,3.8161,2.6274610294117644
PEI5mgmL_80°C_Des.TXT,PEI5mgmL,80°C,Des,2782,8978.875,100.0,332530.0,6.4435536764705885,3.8161,2.6274536764705885
PEI5mgmL_80°C_Des.TXT,PEI5mgmL,80°C,Des,2783,8985.075,100.0,332530.0,6.443538480392157,3.8161,2.6274384803921573
PEI5mgmL_80°C_Des.TXT,PEI5mgmL,80°C,Des,2784,8992.575,100.0,332530.0,6.443520098039216,3.8161,2.627420098039216
PEI5mgmL_80°C_Des.TXT,PEI5mgmL,80°C,Des,2785,9000.775,100.0,332530.0,6.4435,3.8161,2.6274
PEI5mgmL_80°C_Des.TXT,PEI5mgmL,80°C,Des,2786,9003.275,100.0,332530.0,6.443493954050786,3.8161,2.627393954050786
PEI5mgmL_80°C_Des.TXT,PEI5mgmL,80°C,Des,2787,9005.675000000001,100.0,332530.0,6.443488149939541,3.8161,2.627388149939541
PEI5mgmL_80°C_Des.TXT,PEI5mgmL,80°C,Des,2788,9008.175000000001,100.0,332530.0,6.443482103990327,3.8161,2.627382103990327
PEI5mgmL_80°C_Des.TXT,PEI5mgmL,80°C,Des,2789,9010.675000000001,100.0,332530.0,6.443476058041113,3.8161,2.6273760580411127
PEI5mgmL_80°C_Des.TXT,PEI5mgmL,80°C,Des,2790,9013.175000000001,100.0,332530.0,6.443470012091899,3.8161,2.6273700120918986
PEI5mgmL_80°C_Des.TXT,PEI5mgmL,80°C,Des,2791,9018.375,100.0,332530.0,6.443457436517534,3.8161,2.6273574365175336
PEI5mgmL_80°C_Des.TXT,PEI5mgmL,80°C,Des,2792,9021.175000000001,100.0,332530.0,6.443450665054414,3.8161,2.6273506650544136
PEI5mgmL_80°C_Des.TXT,PEI5mgmL,80°C,Des,2793,9023.775,100.0,332530.0,6.443444377267231,3.8161,2.627344377267231
PEI5mgmL_80°C_Des.TXT,PEI5mgmL,80°C,Des,2794,9026.475,100.0,332530.0,6.4434378476420795,3.8161,2.6273378476420794
PEI5mgmL_80°C_Des.TXT,PEI5mgmL,80°C,Des,2795,9028.975,100.0,332530.0,6.443431801692866,3.8161,2.627331801692866
PEI5mgmL_80°C_Des.TXT,PEI5mgmL,80°C,Des,2796,9031.875,100.0,332530.0,6.443424788391778,3.8161,2.627324788391778
PEI5mgmL_80°C_Des.TXT,PEI5mgmL,80°C,Des,2797,9034.475,100.0,332530.0,6.4434185006045945,3.8161,2.6273185006045945
PEI5mgmL_80°C_Des.TXT,PEI5mgmL,80°C,Des,2798,9037.175000000001,100.0,332530.0,6.443411970979444,3.8161,2.6273119709794437
PEI5mgmL_80°C_Des.TXT,PEI5mgmL,80°C,Des,2799,9039.775,100.0,332530.0,6.443405683192261,3.8161,2.627305683192261
PEI5mgmL_80°C_Des.TXT,PEI5mgmL,80°C,Des,2800,9042.475,100.0,332530.0,6.4433991535671105,3.8161,2.6272991535671104
PEI5mgmL_80°C_Des.TXT,PEI5mgmL,80°C,Des,2801,9044.975,100.0,332530.0,6.443393107617896,3.8161,2.6272931076178963
PEI5mgmL_80°C_Des.TXT,PEI5mgmL,80°C,Des,2802,9047.575,100.0,332530.0,6.443386819830714,3.8161,2.6272868198307138
PEI5mgmL_80°C_Des.TXT,PEI5mgmL,80°C,Des,2803,9052.675000000001,100.0,332530.0,6.443374486094317,3.8161,2.627274486094317
PEI5mgmL_80°C_Des.TXT,PEI5mgmL,80°C,Des,2804,9055.375,100.0,332530.0,6.4433679564691655,3.8161,2.6272679564691654
PEI5mgmL_80°C_Des.TXT,PEI5mgmL,80°C,Des,2805,9057.975,100.0,332530.0,6.443361668681983,3.8161,2.627261668681983
PEI5mgmL_80°C_Des.TXT,PEI5mgmL,80°C,Des,2806,9060.975,100.0,332530.0,6.443354413542926,3.816081684981685,2.627272728561241
PEI5mgmL_80°C_Des.TXT,PEI5mgmL,80°C,Des,2807,9067.475,100.0,332530.0,6.44333869407497,3.8160420024420025,2.627296691632967
PEI5mgmL_80°C_Des.TXT,PEI5mgmL,80°C,Des,2808,9075.175000000001,100.0,332530.0,6.443320072551391,3.8159949938949937,2.627325078656397
PEI5mgmL_80°C_Des.TXT,PEI5mgmL,80°C,Des,2809,9083.475,100.0,332530.0,6.4433,3.8159443223443223,2.6273556776556775
PEI5mgmL_80°C_Des.TXT,PEI5mgmL,80°C,Des,2810,9085.875,100.0,332530.0,6.443294095940959,3.81592967032967,2.627364425611289
PEI5mgmL_80°C_Des.TXT,PEI5mgmL,80°C,Des,2811,9088.475,100.0,332530.0,6.443287699876999,3.8159137973137973,2.6273739025632015
PEI5mgmL_80°C_Des.TXT,PEI5mgmL,80°C,Des,2812,9090.975,100.0,332530.0,6.443281549815498,3.8158985347985346,2.6273830150169633
PEI5mgmL_80°C_Des.TXT,PEI5mgmL,80°C,Des,2813,9093.675000000001,100.0,332530.0,6.443274907749077,3.8158820512820513,2.627392856467026
PEI5mgmL_80°C_Des.TXT,PEI5mgmL,80°C,Des,2814,9096.175000000001,100.0,332530.0,6.4432687576875765,3.8158667887667885,2.627401968920788
PEI5mgmL_80°C_Des.TXT,PEI5mgmL,80°C,Des,2815,9101.375,100.0,332530.0,6.443255965559655,3.8158350427350425,2.6274209228246126
PEI5mgmL_80°C_Des.TXT,PEI5mgmL,80°C,Des,2816,9103.875,100.0,332530.0,6.443249815498155,3.81581978021978,2.627430035278375
PEI5mgmL_80°C_Des.TXT,PEI5mgmL,80°C,Des,2817,9106.475,100.0,332530.0,6.443243419434194,3.815803907203907,2.627439512230287
PEI5mgmL_80°C_Des.TXT,PEI5mgmL,80°C,Des,2818,9108.875,100.0,332530.0,6.443237515375154,3.815789255189255,2.627448260185899
PEI5mgmL_80°C_Des.TXT,PEI5mgmL,80°C,Des,2819,9111.375,100.0,332530.0,6.443231365313653,3.8157739926739924,2.6274573726396606
PEI5mgmL_80°C_Des.TXT,PEI5mgmL,80°C,Des,2820,9113.875,100.0,332530.0,6.443225215252152,3.81575873015873,2.627466485093422
PEI5mgmL_80°C_Des.TXT,PEI5mgmL,80°C,Des,2821,9116.475,100.0,332530.0,6.443218819188192,3.815742857142857,2.627475962045335
PEI5mgmL_80°C_Des.TXT,PEI5mgmL,80°C,Des,2822,9119.175000000001,100.0,332530.0,6.443212177121771,3.8157263736263736,2.627485803495398
PEI5mgmL_80°C_Des.TXT,PEI5mgmL,80°C,Des,2823,9121.775,100.0,332530.0,6.44320578105781,3.8157105006105003,2.62749528044731
PEI5mgmL_80°C_Des.TXT,PEI5mgmL,80°C,Des,2824,9124.375,100.0,332530.0,6.44319938499385,3.8156946275946275,2.6275047573992225
PEI5mgmL_80°C_Des.TXT,PEI5mgmL,80°C,Des,2825,9126.875,100.0,332530.0,6.443193234932349,3.815679365079365,2.6275138698529843
PEI5mgmL_80°C_Des.TXT,PEI5mgmL,80°C,Des,2826,9129.775,100.0,332530.0,6.443186100861008,3.8156616605616605,2.627524440299348
PEI5mgmL_80°C_Des.TXT,PEI5mgmL,80°C,Des,2827,9134.675000000001,100.0,332530.0,6.4431740467404675,3.815631746031746,2.6275423007087215
PEI5mgmL_80°C_Des.TXT,PEI5mgmL,80°C,Des,2828,9137.275,100.0,332530.0,6.443167650676507,3.8156158730158727,2.6275517776606345
PEI5mgmL_80°C_Des.TXT,PEI5mgmL,80°C,Des,2829,9139.875,100.0,332530.0,6.443161254612546,3.8156,2.627561254612546
PEI5mgmL_80°C_Des.TXT,PEI5mgmL,80°C,Des,2830,9142.675000000001,100.0,332530.0,6.4431543665436655,3.8156034525277436,2.627550914015922
PEI5mgmL_80°C_Des.TXT,PEI5mgmL,80°C,Des,2831,9149.075,100.0,332530.0,6.443138622386224,3.815611344019729,2.627527278366495
PEI5mgmL_80°C_Des.TXT,PEI5mgmL,80°C,Des,2832,9156.575,100.0,332530.0,6.443120172201723,3.8156205918618986,2.627499580339824
PEI5mgmL_80°C_Des.TXT,PEI5mgmL,80°C,Des,2833,9164.775,100.0,332530.0,6.4431,3.815630702836005,2.6274692971639952
PEI5mgmL_80°C_Des.TXT,PEI5mgmL,80°C,Des,2834,9167.175000000001,100.0,332530.0,6.443097062423501,3.8156336621454994,2.6274634002780015
PEI5mgmL_80°C_Des.TXT,PEI5mgmL,80°C,Des,2835,9169.675000000001,100.0,332530.0,6.443094002447981,3.8156367447595563,2.6274572576884245
PEI5mgmL_80°C_Des.TXT,PEI5mgmL,80°C,Des,2836,9172.375,100.0,332530.0,6.443090697674418,3.8156400739827374,2.627450623691681
PEI5mgmL_80°C_Des.TXT,PEI5mgmL,80°C,Des,2837,9174.775,100.0,332530.0,6.443087760097919,3.8156430332922318,2.6274447268056873
PEI5mgmL_80°C_Des.TXT,PEI5mgmL,80°C,Des,2838,9177.475,100.0,332530.0,6.443084455324358,3.815646362515413,2.6274380928089447
PEI5mgmL_80°C_Des.TXT,PEI5mgmL,80°C,Des,2839,9182.575,100.0,332530.0,6.443078212974297,3.815652651048089,2.627425561926208
PEI5mgmL_80°C_Des.TXT,PEI5mgmL,80°C,Des,2840,9185.075,100.0,332530.0,6.443075152998776,3.8156557336621453,2.6274194193366305
PEI5mgmL_80°C_Des.TXT,PEI5mgmL,80°C,Des,2841,9187.575,100.0,332530.0,6.443072093023256,3.815658816276202,2.6274132767470535
PEI5mgmL_80°C_Des.TXT,PEI5mgmL,80°C,Des,2842,9190.175000000001,100.0,332530.0,6.443068910648715,3.815662022194821,2.6274068884538937
PEI5mgmL_80°C_Des.TXT,PEI5mgmL,80°C,Des,2843,9192.575,100.0,332530.0,6.4430659730722155,3.8156649815043155,2.6274009915679
PEI5mgmL_80°C_Des.TXT,PEI5mgmL,80°C,Des,2844,9195.175000000001,100.0,332530.0,6.443062790697675,3.8156681874229346,2.62739460327474
PEI5mgmL_80°C_Des.TXT,PEI5mgmL,80°C,Des,2845,9197.775,100.0,332530.0,6.443059608323133,3.8156713933415536,2.6273882149815795
PEI5mgmL_80°C_Des.TXT,PEI5mgmL,80°C,Des,2846,9200.175000000001,100.0,332530.0,6.443056670746634,3.815674352651048,2.6273823180955858
PEI5mgmL_80°C_Des.TXT,PEI5mgmL,80°C,Des,2847,9202.975,100.0,332530.0,6.4430532435740515,3.8156778051787916,2.62737543839526
PEI5mgmL_80°C_Des.TXT,PEI5mgmL,80°C,Des,2848,9205.475,100.0,332530.0,6.443050183598531,3.8156808877928485,2.627369295805683
PEI5mgmL_80°C_Des.TXT,PEI5mgmL,80°C,Des,2849,9208.175000000001,100.0,332530.0,6.443046878824969,3.8156842170160297,2.6273626618089394
PEI5mgmL_80°C_Des.TXT,PEI5mgmL,80°C,Des,2850,9210.775,100.0,332530.0,6.443043696450428,3.8156874229346487,2.6273562735157796
PEI5mgmL_80°C_Des.TXT,PEI5mgmL,80°C,Des,2851,9215.875,100.0,332530.0,6.443037454100367,3.815693711467324,2.6273437426330433
PEI5mgmL_80°C_Des.TXT,PEI5mgmL,80°C,Des,2852,9218.375,100.0,332530.0,6.4430343941248465,3.815696794081381,2.6273376000434654
PEI5mgmL_80°C_Des.TXT,PEI5mgmL,80°C,Des,2853,9220.975,100.0,332530.0,6.443031211750306,3.8157,2.6273312117503056
PEI5mgmL_80°C_Des.TXT,PEI5mgmL,80°C,Des,2854,9223.675000000001,100.0,332530.0,6.443027906976744,3.815696695226438,2.627331211750306
PEI5mgmL_80°C_Des.TXT,PEI5mgmL,80°C,Des,2855,9230.475,100.0,332530.0,6.443019583843329,3.8156883720930233,2.6273312117503056
PEI5mgmL_80°C_Des.TXT,PEI5mgmL,80°C,Des,2856,9238.175000000001,100.0,332530.0,6.443010159118726,3.815678947368421,2.627331211750305
PEI5mgmL_80°C_Des.TXT,PEI5mgmL,80°C,Des,2857,9246.475,100.0,332530.0,6.443,3.815668788249694,2.6273312117503056
PEI5mgmL_80°C_Des.TXT,PEI5mgmL,80°C,Des,2858,9248.975,100.0,332530.0,6.4429876390605685,3.815665728274174,2.6273219107863945
PEI5mgmL_80°C_Des.TXT,PEI5mgmL,80°C,Des,2859,9251.475,100.0,332530.0,6.4429752781211365,3.8156626682986534,2.627312609822483
PEI5mgmL_80°C_Des.TXT,PEI5mgmL,80°C,Des,2860,9253.975,100.0,332530.0,6.442962917181705,3.8156596083231333,2.627303308858572
PEI5mgmL_80°C_Des.TXT,PEI5mgmL,80°C,Des,2861,9256.475,100.0,332530.0,6.442950556242274,3.8156565483476133,2.627294007894661
PEI5mgmL_80°C_Des.TXT,PEI5mgmL,80°C,Des,2862,9258.975,100.0,332530.0,6.442938195302843,3.815653488372093,2.62728470693075
PEI5mgmL_80°C_Des.TXT,PEI5mgmL,80°C,Des,2863,9264.275,100.0,332530.0,6.442911990111248,3.81564700122399,2.6272649888872577
PEI5mgmL_80°C_Des.TXT,PEI5mgmL,80°C,Des,2864,9266.775,100.0,332530.0,6.442899629171817,3.81564394124847,2.6272556879233466
PEI5mgmL_80°C_Des.TXT,PEI5mgmL,80°C,Des,2865,9269.275,100.0,332530.0,6.4428872682323854,3.81564088127295,2.6272463869594356
PEI5mgmL_80°C_Des.TXT,PEI5mgmL,80°C,Des,2866,9271.875,100.0,332530.0,6.442874412855376,3.8156376988984086,2.6272367139569677
PEI5mgmL_80°C_Des.TXT,PEI5mgmL,80°C,Des,2867,9274.375,100.0,332530.0,6.442862051915945,3.8156346389228886,2.6272274129930566
PEI5mgmL_80°C_Des.TXT,PEI5mgmL,80°C,Des,2868,9276.975,100.0,332530.0,6.442849196538937,3.8156314565483473,2.6272177399905896
PEI5mgmL_80°C_Des.TXT,PEI5mgmL,80°C,Des,2869,9279.575,100.0,332530.0,6.442836341161928,3.8156282741738066,2.6272080669881213
PEI5mgmL_80°C_Des.TXT,PEI5mgmL,80°C,Des,2870,9282.075,100.0,332530.0,6.442823980222497,3.8156252141982865,2.62719876602421
PEI5mgmL_80°C_Des.TXT,PEI5mgmL,80°C,Des,2871,9284.775,100.0,332530.0,6.4428106304079105,3.8156219094247246,2.627188720983186
PEI5mgmL_80°C_Des.TXT,PEI5mgmL,80°C,Des,2872,9287.175000000001,100.0,332530.0,6.442798763906056,3.815618971848225,2.6271797920578313
PEI5mgmL_80°C_Des.TXT,PEI5mgmL,80°C,Des,2873,9289.875,100.0,332530.0,6.44278541409147,3.8156156670746633,2.627169747016807
PEI5mgmL_80°C_Des.TXT,PEI5mgmL,80°C,Des,2874,9292.475,100.0,332530.0,6.442772558714462,3.8156124847001225,2.6271600740143395
PEI5mgmL_80°C_Des.TXT,PEI5mgmL,80°C,Des,2875,9297.575,100.0,332530.0,6.442747342398022,3.815606242350061,2.6271411000479605
PEI5mgmL_80°C_Des.TXT,PEI5mgmL,80°C,Des,2876,9300.075,100.0,332530.0,6.442734981458591,3.815603182374541,2.6271317990840495
PEI5mgmL_80°C_Des.TXT,PEI5mgmL,80°C,Des,2877,9302.675000000001,100.0,332530.0,6.4427221260815815,3.8156,2.6271221260815816
PEI5mgmL_80°C_Des.TXT,PEI5mgmL,80°C,Des,2878,9305.475,100.0,332530.0,6.442708281829419,3.8155965770171147,2.6271117048123043
PEI5mgmL_80°C_Des.TXT,PEI5mgmL,80°C,Des,2879,9311.875,100.0,332530.0,6.442676637824475,3.8155887530562347,2.62708788476824
PEI5mgmL_80°C_Des.TXT,PEI5mgmL,80°C,Des,2880,9319.375,100.0,332530.0,6.44263955500618,3.8155795843520783,2.627059970654102
PEI5mgmL_80°C_Des.TXT,PEI5mgmL,80°C,Des,2881,9327.375,100.0,332530.0,6.4426,3.815569804400978,2.627030195599022
PEI5mgmL_80°C_Des.TXT,PEI5mgmL,80°C,Des,2882,9329.775,100.0,332530.0,6.442591240875912,3.815566870415648,2.6270243704602643
PEI5mgmL_80°C_Des.TXT,PEI5mgmL,80°C,Des,2883,9332.475,100.0,332530.0,6.442581386861313,3.8155635696821517,2.6270178171791616
PEI5mgmL_80°C_Des.TXT,PEI5mgmL,80°C,Des,2884,9335.075,100.0,332530.0,6.442571897810219,3.815560391198044,2.6270115066121753
PEI5mgmL_80°C_Des.TXT,PEI5mgmL,80°C,Des,2885,9337.775,100.0,332530.0,6.44256204379562,3.8155570904645475,2.6270049533310726
PEI5mgmL_80°C_Des.TXT,PEI5mgmL,80°C,Des,2886,9340.375,100.0,332530.0,6.442552554744525,3.81555391198044,2.626998642764085
PEI5mgmL_80°C_Des.TXT,PEI5mgmL,80°C,Des,2887,9345.575,100.0,332530.0,6.442533576642336,3.815547555012225,2.6269860216301106
PEI5mgmL_80°C_Des.TXT,PEI5mgmL,80°C,Des,2888,9348.075,100.0,332530.0,6.4425244525547445,3.815544498777506,2.6269799537772385
PEI5mgmL_80°C_Des.TXT,PEI5mgmL,80°C,Des,2889,9350.775,100.0,332530.0,6.4425145985401455,3.8155411980440097,2.626973400496136
PEI5mgmL_80°C_Des.TXT,PEI5mgmL,80°C,Des,2890,9353.175000000001,100.0,332530.0,6.442505839416058,3.81553826405868,2.6269675753573782
PEI5mgmL_80°C_Des.TXT,PEI5mgmL,80°C,Des,2891,9355.875,100.0,332530.0,6.44249598540146,3.8155349633251836,2.6269610220762765
PEI5mgmL_80°C_Des.TXT,PEI5mgmL,80°C,Des,2892,9358.475,100.0,332530.0,6.442486496350365,3.8155317848410757,2.6269547115092893
PEI5mgmL_80°C_Des.TXT,PEI5mgmL,80°C,Des,2893,9361.175000000001,100.0,332530.0,6.442476642335766,3.8155284841075794,2.6269481582281866
PEI5mgmL_80°C_Des.TXT,PEI5mgmL,80°C,Des,2894,9363.675000000001,100.0,332530.0,6.442467518248175,3.8155254278728608,2.626942090375314
PEI5mgmL_80°C_Des.TXT,PEI5mgmL,80°C,Des,2895,9366.475,100.0,332530.0,6.442457299270073,3.8155220048899756,2.626935294380097
PEI5mgmL_80°C_Des.TXT,PEI5mgmL,80°C,Des,2896,9368.975,100.0,332530.0,6.442448175182482,3.815518948655257,2.6269292265272246
PEI5mgmL_80°C_Des.TXT,PEI5mgmL,80°C,Des,2897,9371.475,100.0,332530.0,6.44243905109489,3.815515892420538,2.6269231586743524
PEI5mgmL_80°C_Des.TXT,PEI5mgmL,80°C,Des,2898,9374.075,100.0,332530.0,6.442429562043795,3.8155127139364304,2.626916848107365
PEI5mgmL_80°C_Des.TXT,PEI5mgmL,80°C,Des,2899,9379.275,100.0,332530.0,6.442410583941606,3.815506356968215,2.626904226973391
PEI5mgmL_80°C_Des.TXT,PEI5mgmL,80°C,Des,2900,9381.775,100.0,332530.0,6.442401459854015,3.8155033007334964,2.6268981591205183
PEI5mgmL_80°C_Des.TXT,PEI5mgmL,80°C,Des,2901,9384.475,100.0,332530.0,6.442391605839417,3.8155,2.6268916058394165
PEI5mgmL_80°C_Des.TXT,PEI5mgmL,80°C,Des,2902,9387.175000000001,100.0,332530.0,6.442381751824818,3.815496723300971,2.6268850285238465
PEI5mgmL_80°C_Des.TXT,PEI5mgmL,80°C,Des,2903,9393.975,100.0,332530.0,6.442356934306569,3.8154884708737864,2.626868463432783
PEI5mgmL_80°C_Des.TXT,PEI5mgmL,80°C,Des,2904,9401.675000000001,100.0,332530.0,6.442328832116789,3.8154791262135923,2.6268497059031963
PEI5mgmL_80°C_Des.TXT,PEI5mgmL,80°C,Des,2905,9409.575,100.0,332530.0,6.4423,3.8154695388349515,2.626830461165049
PEI5mgmL_80°C_Des.TXT,PEI5mgmL,80°C,Des,2906,9412.175000000001,100.0,332530.0,6.442290533980583,3.8154663834951457,2.6268241504854375
PEI5mgmL_80°C_Des.TXT,PEI5mgmL,80°C,Des,2907,9414.575,100.0,332530.0,6.4422817961165055,3.8154634708737865,2.626818325242719
PEI5mgmL_80°C_Des.TXT,PEI5mgmL,80°C,Des,2908,9417.475,100.0,332530.0,6.442271237864078,3.815459951456311,2.626811286407767
PEI5mgmL_80°C_Des.TXT,PEI5mgmL,80°C,Des,2909,9419.975,100.0,332530.0,6.442262135922331,3.815456917475728,2.6268052184466026
PEI5mgmL_80°C_Des.TXT,PEI5mgmL,80°C,Des,2910,9422.775,100.0,332530.0,6.442251941747573,3.815453519417476,2.626798422330097
PEI5mgmL_80°C_Des.TXT,PEI5mgmL,80°C,Des,2911,9427.775,100.0,332530.0,6.442233737864078,3.815447451456311,2.6267862864077673
PEI5mgmL_80°C_Des.TXT,PEI5mgmL,80°C,Des,2912,9430.375,100.0,332530.0,6.44222427184466,3.815444296116505,2.626779975728155
PEI5mgmL_80°C_Des.TXT,PEI5mgmL,80°C,Des,2913,9432.975,100.0,332530.0,6.442214805825243,3.815441140776699,2.626773665048544
PEI5mgmL_80°C_Des.TXT,PEI5mgmL,80°C,Des,2914,9435.675000000001,100.0,332530.0,6.442204975728155,3.81543786407767,2.6267671116504854
PEI5mgmL_80°C_Des.TXT,PEI5mgmL,80°C,Des,2915,9438.175000000001,100.0,332530.0,6.4421958737864085,3.8154348300970873,2.626761043689321
PEI5mgmL_80°C_Des.TXT,PEI5mgmL,80°C,Des,2916,9440.975,100.0,332530.0,6.442185679611651,3.8154314320388347,2.626754247572816
PEI5mgmL_80°C_Des.TXT,PEI5mgmL,80°C,Des,2917,9443.575,100.0,332530.0,6.442176213592234,3.8154282766990293,2.6267479368932043
PEI5mgmL_80°C_Des.TXT,PEI5mgmL,80°C,Des,2918,9446.275,100.0,332530.0,6.442166383495146,3.815425,2.6267413834951463
PEI5mgmL_80°C_Des.TXT,PEI5mgmL,80°C,Des,2919,9448.775,100.0,332530.0,6.442157281553398,3.8154219660194175,2.6267353155339808
PEI5mgmL_80°C_Des.TXT,PEI5mgmL,80°C,Des,2920,9451.475,100.0,332530.0,6.442147451456311,3.815418689320388,2.6267287621359228
PEI5mgmL_80°C_Des.TXT,PEI5mgmL,80°C,Des,2921,9453.875,100.0,332530.0,6.442138713592233,3.815415776699029,2.6267229368932044
PEI5mgmL_80°C_Des.TXT,PEI5mgmL,80°C,Des,2922,9456.475,100.0,332530.0,6.442129247572816,3.8154126213592234,2.6267166262135926
PEI5mgmL_80°C_Des.TXT,PEI5mgmL,80°C,Des,2923,9461.675000000001,100.0,332530.0,6.442110315533981,3.8154063106796117,2.626704004854369
PEI5mgmL_80°C_Des.TXT,PEI5mgmL,80°C,Des,2924,9464.275,100.0,332530.0,6.4421008495145635,3.815403155339806,2.6266976941747577
PEI5mgmL_80°C_Des.TXT,PEI5mgmL,80°C,Des,2925,9466.875,100.0,332530.0,6.442091383495145,3.8154,2.6266913834951455
PEI5mgmL_80°C_Des.TXT,PEI5mgmL,80°C,Des,2926,9469.675000000001,100.0,332530.0,6.442081189320389,3.8153965644171777,2.626684624903211
PEI5mgmL_80°C_Des.TXT,PEI5mgmL,80°C,Des,2927,9476.275,100.0,332530.0,6.442057160194175,3.8153884662576685,2.626668693936507
PEI5mgmL_80°C_Des.TXT,PEI5mgmL,80°C,Des,2928,9483.875,100.0,332530.0,6.4420294902912625,3.8153791411042945,2.626650349186968
PEI5mgmL_80°C_Des.TXT,PEI5mgmL,80°C,Des,2929,9491.975,100.0,332530.0,6.442,3.815369202453988,2.6266307975460124
PEI5mgmL_80°C_Des.TXT,PEI5mgmL,80°C,Des,2930,9494.475,100.0,332530.0,6.442,3.815366134969325,2.626633865030675
PEI5mgmL_80°C_Des.TXT,PEI5mgmL,80°C,Des,2931,9496.975,100.0,332530.0,6.442,3.8153630674846624,2.626636932515338
PEI5mgmL_80°C_Des.TXT,PEI5mgmL,80°C,Des,2932,9499.575,100.0,332530.0,6.442,3.8153598773006134,2.6266401226993867
PEI5mgmL_80°C_Des.TXT,PEI5mgmL,80°C,Des,2933,9501.975,100.0,332530.0,6.442,3.8153569325153374,2.626643067484663
PEI5mgmL_80°C_Des.TXT,PEI5mgmL,80°C,Des,2934,9504.575,100.0,332530.0,6.442,3.8153537423312884,2.6266462576687117
PEI5mgmL_80°C_Des.TXT,PEI5mgmL,80°C,Des,2935,9509.575,100.0,332530.0,6.442,3.8153476073619634,2.6266523926380367
PEI5mgmL_80°C_Des.TXT,PEI5mgmL,80°C,Des,2936,9512.275,100.0,332530.0,6.442,3.815344294478528,2.6266557055214723
PEI5mgmL_80°C_Des.TXT,PEI5mgmL,80°C,Des,2937,9514.875,100.0,332530.0,6.442,3.8153411042944785,2.6266588957055217
PEI5mgmL_80°C_Des.TXT,PEI5mgmL,80°C,Des,2938,9517.375,100.0,332530.0,6.442,3.815338036809816,2.626661963190184
PEI5mgmL_80°C_Des.TXT,PEI5mgmL,80°C,Des,2939,9519.875,100.0,332530.0,6.442,3.8153349693251535,2.6266650306748467
PEI5mgmL_80°C_Des.TXT,PEI5mgmL,80°C,Des,2940,9522.775,100.0,332530.0,6.442,3.815331411042945,2.626668588957055
PEI5mgmL_80°C_Des.TXT,PEI5mgmL,80°C,Des,2941,9525.275,100.0,332530.0,6.442,3.8153283435582823,2.626671656441718
PEI5mgmL_80°C_Des.TXT,PEI5mgmL,80°C,Des,2942,9527.775,100.0,332530.0,6.442,3.8153252760736196,2.6266747239263806
PEI5mgmL_80°C_Des.TXT,PEI5mgmL,80°C,Des,2943,9530.275,100.0,332530.0,6.442,3.8153222085889573,2.626677791411043
PEI5mgmL_80°C_Des.TXT,PEI5mgmL,80°C,Des,2944,9532.775,100.0,332530.0,6.442,3.8153191411042946,2.6266808588957056
PEI5mgmL_80°C_Des.TXT,PEI5mgmL,80°C,Des,2945,9535.475,100.0,332530.0,6.442,3.815315828220859,2.626684171779141
PEI5mgmL_80°C_Des.TXT,PEI5mgmL,80°C,Des,2946,9538.075,100.0,332530.0,6.442,3.81531263803681,2.62668736196319
PEI5mgmL_80°C_Des.TXT,PEI5mgmL,80°C,Des,2947,9543.175000000001,100.0,332530.0,6.442,3.8153063803680984,2.6266936196319017
PEI5mgmL_80°C_Des.TXT,PEI5mgmL,80°C,Des,2948,9545.575,100.0,332530.0,6.442,3.8153034355828224,2.626696564417178
PEI5mgmL_80°C_Des.TXT,PEI5mgmL,80°C,Des,2949,9548.375,100.0,332530.0,6.442,3.8153,2.6267
PEI5mgmL_80°C_Des.TXT,PEI5mgmL,80°C,Des,2950,9550.975,100.0,332530.0,6.442,3.8152937046004842,2.626706295399516
PEI5mgmL_80°C_Des.TXT,PEI5mgmL,80°C,Des,2951,9557.975,100.0,332530.0,6.442,3.815276755447942,2.6267232445520583
PEI5mgmL_80°C_Des.TXT,PEI5mgmL,80°C,Des,2952,9564.975,100.0,332530.0,6.442,3.8152598062953995,2.6267401937046007
PEI5mgmL_80°C_Des.TXT,PEI5mgmL,80°C,Des,2953,9572.975,100.0,332530.0,6.442,3.815240435835351,2.626759564164649
PEI5mgmL_80°C_Des.TXT,PEI5mgmL,80°C,Des,2954,9575.975,100.0,332530.0,6.441989156626506,3.815233171912833,2.626755984713673
PEI5mgmL_80°C_Des.TXT,PEI5mgmL,80°C,Des,2955,9577.975,100.0,332530.0,6.441981927710843,3.815228329297821,2.6267535984130226
PEI5mgmL_80°C_Des.TXT,PEI5mgmL,80°C,Des,2956,9580.975,100.0,332530.0,6.441971084337349,3.8152210653753027,2.6267500189620465
PEI5mgmL_80°C_Des.TXT,PEI5mgmL,80°C,Des,2957,9583.975,100.0,332530.0,6.441960240963856,3.8152138014527845,2.6267464395110713
PEI5mgmL_80°C_Des.TXT,PEI5mgmL,80°C,Des,2958,9586.975,100.0,332530.0,6.441949397590362,3.8152065375302664,2.6267428600600953
PEI5mgmL_80°C_Des.TXT,PEI5mgmL,80°C,Des,2959,9590.975,100.0,332530.0,6.441934939759037,3.815196852300242,2.6267380874587944
PEI5mgmL_80°C_Des.TXT,PEI5mgmL,80°C,Des,2960,9593.975,100.0,332530.0,6.441924096385542,3.815189588377724,2.6267345080078184
PEI5mgmL_80°C_Des.TXT,PEI5mgmL,80°C,Des,2961,9596.975,100.0,332530.0,6.441913253012048,3.815182324455206,2.6267309285568423
PEI5mgmL_80°C_Des.TXT,PEI5mgmL,80°C,Des,2962,9598.975,100.0,332530.0,6.441906024096386,3.815177481840194,2.626728542256192
PEI5mgmL_80°C_Des.TXT,PEI5mgmL,80°C,Des,2963,9601.975,100.0,332530.0,6.4418951807228915,3.8151702179176756,2.626724962805216
PEI5mgmL_80°C_Des.TXT,PEI5mgmL,80°C,Des,2964,9604.975,100.0,332530.0,6.441884337349397,3.8151629539951575,2.6267213833542398
PEI5mgmL_80°C_Des.TXT,PEI5mgmL,80°C,Des,2965,9606.975,100.0,332530.0,6.441877108433735,3.8151581113801454,2.6267189970535894
PEI5mgmL_80°C_Des.TXT,PEI5mgmL,80°C,Des,2966,9609.975,100.0,332530.0,6.441866265060241,3.8151508474576272,2.626715417602614
PEI5mgmL_80°C_Des.TXT,PEI5mgmL,80°C,Des,2967,9612.975,100.0,332530.0,6.441855421686747,3.815143583535109,2.626711838151638
PEI5mgmL_80°C_Des.TXT,PEI5mgmL,80°C,Des,2968,9614.975,100.0,332530.0,6.441848192771085,3.815138740920097,2.6267094518509877
PEI5mgmL_80°C_Des.TXT,PEI5mgmL,80°C,Des,2969,9617.975,100.0,332530.0,6.4418373493975905,3.815131476997579,2.6267058724000116
PEI5mgmL_80°C_Des.TXT,PEI5mgmL,80°C,Des,2970,9619.975,100.0,332530.0,6.441830120481928,3.8151266343825667,2.626703486099361
PEI5mgmL_80°C_Des.TXT,PEI5mgmL,80°C,Des,2971,9625.975,100.0,332530.0,6.4418084337349395,3.8151121065375304,2.626696327197409
PEI5mgmL_80°C_Des.TXT,PEI5mgmL,80°C,Des,2972,9627.975,100.0,332530.0,6.441801204819277,3.8151072639225183,2.6266939408967587
PEI5mgmL_80°C_Des.TXT,PEI5mgmL,80°C,Des,2973,9630.975,100.0,332530.0,6.441790361445783,3.8151,2.6266903614457826
PEI5mgmL_80°C_Des.TXT,PEI5mgmL,80°C,Des,2974,9633.975,100.0,332530.0,6.441779518072289,3.815096341463415,2.6266831766088745
PEI5mgmL_80°C_Des.TXT,PEI5mgmL,80°C,Des,2975,9639.975,100.0,332530.0,6.441757831325301,3.815089024390244,2.626668806935057
PEI5mgmL_80°C_Des.TXT,PEI5mgmL,80°C,Des,2976,9647.975,100.0,332530.0,6.441728915662651,3.815079268292683,2.626649647369968
PEI5mgmL_80°C_Des.TXT,PEI5mgmL,80°C,Des,2977,9655.975,100.0,332530.0,6.4417,3.815069512195122,2.626630487804878
PEI5mgmL_80°C_Des.TXT,PEI5mgmL,80°C,Des,2978,9657.975,100.0,332530.0,6.4416926829268295,3.8150670731707317,2.626625609756098
PEI5mgmL_80°C_Des.TXT,PEI5mgmL,80°C,Des,2979,9660.975,100.0,332530.0,6.441681707317073,3.8150634146341464,2.626618292682927
PEI5mgmL_80°C_Des.TXT,PEI5mgmL,80°C,Des,2980,9663.975,100.0,332530.0,6.441670731707317,3.815059756097561,2.626610975609756
PEI5mgmL_80°C_Des.TXT,PEI5mgmL,80°C,Des,2981,9665.975,100.0,332530.0,6.441663414634147,3.8150573170731708,2.626606097560976
PEI5mgmL_80°C_Des.TXT,PEI5mgmL,80°C,Des,2982,9668.975,100.0,332530.0,6.4416524390243906,3.8150536585365855,2.626598780487805
PEI5mgmL_80°C_Des.TXT,PEI5mgmL,80°C,Des,2983,9673.975,100.0,332530.0,6.441634146341463,3.81504756097561,2.626586585365853
PEI5mgmL_80°C_Des.TXT,PEI5mgmL,80°C,Des,2984,9676.975,100.0,332530.0,6.441623170731707,3.8150439024390246,2.6265792682926823
PEI5mgmL_80°C_Des.TXT,PEI5mgmL,80°C,Des,2985,9678.975,100.0,332530.0,6.441615853658536,3.815041463414634,2.6265743902439023
PEI5mgmL_80°C_Des.TXT,PEI5mgmL,80°C,Des,2986,9681.975,100.0,332530.0,6.44160487804878,3.815037804878049,2.6265670731707313
PEI5mgmL_80°C_Des.TXT,PEI5mgmL,80°C,Des,2987,9683.975,100.0,332530.0,6.44159756097561,3.8150353658536584,2.6265621951219513
PEI5mgmL_80°C_Des.TXT,PEI5mgmL,80°C,Des,2988,9686.975,100.0,332530.0,6.441586585365854,3.815031707317073,2.6265548780487804
PEI5mgmL_80°C_Des.TXT,PEI5mgmL,80°C,Des,2989,9689.975,100.0,332530.0,6.441575609756097,3.815028048780488,2.6265475609756095
PEI5mgmL_80°C_Des.TXT,PEI5mgmL,80°C,Des,2990,9691.975,100.0,332530.0,6.441568292682927,3.8150256097560975,2.6265426829268295
PEI5mgmL_80°C_Des.TXT,PEI5mgmL,80°C,Des,2991,9694.975,100.0,332530.0,6.441557317073171,3.8150219512195123,2.6265353658536585
PEI5mgmL_80°C_Des.TXT,PEI5mgmL,80°C,Des,2992,9696.975,100.0,332530.0,6.441549999999999,3.815019512195122,2.6265304878048776
PEI5mgmL_80°C_Des.TXT,PEI5mgmL,80°C,Des,2993,9699.975,100.0,332530.0,6.441539024390244,3.8150158536585366,2.6265231707317076
PEI5mgmL_80°C_Des.TXT,PEI5mgmL,80°C,Des,2994,9702.975,100.0,332530.0,6.441528048780488,3.8150121951219513,2.6265158536585367
PEI5mgmL_80°C_Des.TXT,PEI5mgmL,80°C,Des,2995,9707.975,100.0,332530.0,6.4415097560975605,3.8150060975609756,2.626503658536585
PEI5mgmL_80°C_Des.TXT,PEI5mgmL,80°C,Des,2996,9709.975,100.0,332530.0,6.44150243902439,3.815003658536585,2.626498780487805
PEI5mgmL_80°C_Des.TXT,PEI5mgmL,80°C,Des,2997,9712.975,100.0,332530.0,6.441491463414634,3.815,2.626491463414634
PEI5mgmL_80°C_Des.TXT,PEI5mgmL,80°C,Des,2998,9715.975,100.0,332530.0,6.441480487804878,3.815003614457831,2.6264768733470465
PEI5mgmL_80°C_Des.TXT,PEI5mgmL,80°C,Des,2999,9721.975,100.0,332530.0,6.441458536585365,3.815010843373494,2.626447693211871
PEI5mgmL_80°C_Des.TXT,PEI5mgmL,80°C,Des,3000,9729.975,100.0,332530.0,6.441429268292683,3.8150204819277107,2.626408786364972
PEI5mgmL_80°C_Des.TXT,PEI5mgmL,80°C,Des,3001,9737.975,100.0,332530.0,6.4414,3.8150301204819277,2.626369879518072
PEI5mgmL_80°C_Des.TXT,PEI5mgmL,80°C,Des,3002,9739.975,100.0,332530.0,6.441404819277108,3.815032530120482,2.6263722891566257
PEI5mgmL_80°C_Des.TXT,PEI5mgmL,80°C,Des,3003,9742.975,100.0,332530.0,6.441412048192771,3.8150361445783134,2.626375903614458
PEI5mgmL_80°C_Des.TXT,PEI5mgmL,80°C,Des,3004,9745.975,100.0,332530.0,6.441419277108434,3.8150397590361447,2.626379518072289
PEI5mgmL_80°C_Des.TXT,PEI5mgmL,80°C,Des,3005,9747.975,100.0,332530.0,6.441424096385542,3.8150421686746987,2.626381927710843
PEI5mgmL_80°C_Des.TXT,PEI5mgmL,80°C,Des,3006,9750.975,100.0,332530.0,6.441431325301204,3.81504578313253,2.6263855421686744
PEI5mgmL_80°C_Des.TXT,PEI5mgmL,80°C,Des,3007,9755.975,100.0,332530.0,6.441443373493976,3.8150518072289157,2.62639156626506
PEI5mgmL_80°C_Des.TXT,PEI5mgmL,80°C,Des,3008,9758.975,100.0,332530.0,6.441450602409638,3.815055421686747,2.6263951807228914
PEI5mgmL_80°C_Des.TXT,PEI5mgmL,80°C,Des,3009,9761.975,100.0,332530.0,6.441457831325301,3.815059036144578,2.6263987951807226
PEI5mgmL_80°C_Des.TXT,PEI5mgmL,80°C,Des,3010,9763.975,100.0,332530.0,6.44146265060241,3.8150614457831327,2.626401204819277
PEI5mgmL_80°C_Des.TXT,PEI5mgmL,80°C,Des,3011,9766.975,100.0,332530.0,6.441469879518072,3.815065060240964,2.6264048192771083
PEI5mgmL_80°C_Des.TXT,PEI5mgmL,80°C,Des,3012,9769.975,100.0,332530.0,6.441477108433735,3.815068674698795,2.6264084337349396
PEI5mgmL_80°C_Des.TXT,PEI5mgmL,80°C,Des,3013,9771.975,100.0,332530.0,6.441481927710844,3.8150710843373496,2.626410843373494
PEI5mgmL_80°C_Des.TXT,PEI5mgmL,80°C,Des,3014,9773.975,100.0,332530.0,6.441486746987952,3.8150734939759037,2.626413253012048
PEI5mgmL_80°C_Des.TXT,PEI5mgmL,80°C,Des,3015,9776.975,100.0,332530.0,6.441493975903614,3.815077108433735,2.6264168674698793
PEI5mgmL_80°C_Des.TXT,PEI5mgmL,80°C,Des,3016,9779.975,100.0,332530.0,6.441501204819277,3.815080722891566,2.6264204819277106
PEI5mgmL_80°C_Des.TXT,PEI5mgmL,80°C,Des,3017,9781.975,100.0,332530.0,6.441506024096386,3.8150831325301207,2.626422891566265
PEI5mgmL_80°C_Des.TXT,PEI5mgmL,80°C,Des,3018,9784.975,100.0,332530.0,6.441513253012048,3.815086746987952,2.6264265060240963
PEI5mgmL_80°C_Des.TXT,PEI5mgmL,80°C,Des,3019,9789.975,100.0,332530.0,6.44152530120482,3.8150927710843376,2.626432530120482
PEI5mgmL_80°C_Des.TXT,PEI5mgmL,80°C,Des,3020,9792.975,100.0,332530.0,6.441532530120482,3.815096385542169,2.6264361445783133
PEI5mgmL_80°C_Des.TXT,PEI5mgmL,80°C,Des,3021,9795.975,100.0,332530.0,6.441539759036145,3.8151,2.6264397590361446
PEI5mgmL_80°C_Des.TXT,PEI5mgmL,80°C,Des,3022,9797.975,100.0,332530.0,6.441544578313253,3.8150975609756097,2.626447017337643
PEI5mgmL_80°C_Des.TXT,PEI5mgmL,80°C,Des,3023,9804.975,100.0,332530.0,6.441561445783132,3.815089024390244,2.6264724213928883
PEI5mgmL_80°C_Des.TXT,PEI5mgmL,80°C,Des,3024,9811.975,100.0,332530.0,6.441578313253012,3.8150804878048783,2.6264978254481335
PEI5mgmL_80°C_Des.TXT,PEI5mgmL,80°C,Des,3025,9820.975,100.0,332530.0,6.4416,3.815069512195122,2.626530487804878
PEI5mgmL_80°C_Des.TXT,PEI5mgmL,80°C,Des,3026,9822.975,100.0,332530.0,6.441585365853658,3.8150670731707317,2.6265182926829267
PEI5mgmL_80°C_Des.TXT,PEI5mgmL,80°C,Des,3027,9825.975,100.0,332530.0,6.441563414634147,3.8150634146341464,2.6265000000000005
PEI5mgmL_80°C_Des.TXT,PEI5mgmL,80°C,Des,3028,9827.975,100.0,332530.0,6.441548780487805,3.815060975609756,2.626487804878049
PEI5mgmL_80°C_Des.TXT,PEI5mgmL,80°C,Des,3029,9830.975,100.0,332530.0,6.441526829268293,3.8150573170731708,2.626469512195122
PEI5mgmL_80°C_Des.TXT,PEI5mgmL,80°C,Des,3030,9833.975,100.0,332530.0,6.4415048780487805,3.8150536585365855,2.626451219512195
PEI5mgmL_80°C_Des.TXT,PEI5mgmL,80°C,Des,3031,9838.975,100.0,332530.0,6.441468292682927,3.81504756097561,2.6264207317073174
PEI5mgmL_80°C_Des.TXT,PEI5mgmL,80°C,Des,3032,9840.975,100.0,332530.0,6.441453658536585,3.8150451219512194,2.626408536585366
PEI5mgmL_80°C_Des.TXT,PEI5mgmL,80°C,Des,3033,9843.975,100.0,332530.0,6.441431707317073,3.815041463414634,2.626390243902439
PEI5mgmL_80°C_Des.TXT,PEI5mgmL,80°C,Des,3034,9845.975,100.0,332530.0,6.441417073170732,3.815039024390244,2.626378048780488
PEI5mgmL_80°C_Des.TXT,PEI5mgmL,80°C,Des,3035,9848.975,100.0,332530.0,6.44139512195122,3.8150353658536584,2.6263597560975613
PEI5mgmL_80°C_Des.TXT,PEI5mgmL,80°C,Des,3036,9851.975,100.0,332530.0,6.4413731707317075,3.815031707317073,2.6263414634146343
PEI5mgmL_80°C_Des.TXT,PEI5mgmL,80°C,Des,3037,9853.975,100.0,332530.0,6.441358536585366,3.8150292682926827,2.626329268292683
PEI5mgmL_80°C_Des.TXT,PEI5mgmL,80°C,Des,3038,9856.975,100.0,332530.0,6.441336585365853,3.8150256097560975,2.626310975609756
PEI5mgmL_80°C_Des.TXT,PEI5mgmL,80°C,Des,3039,9858.975,100.0,332530.0,6.441321951219512,3.8150231707317075,2.626298780487805
PEI5mgmL_80°C_Des.TXT,PEI5mgmL,80°C,Des,3040,9861.975,100.0,332530.0,6.4413,3.815019512195122,2.626280487804878
PEI5mgmL_80°C_Des.TXT,PEI5mgmL,80°C,Des,3041,9863.975,100.0,332530.0,6.441285365853658,3.815017073170732,2.6262682926829264
PEI5mgmL_80°C_Des.TXT,PEI5mgmL,80°C,Des,3042,9866.975,100.0,332530.0,6.441263414634147,3.815013414634146,2.6262500000000006
PEI5mgmL_80°C_Des.TXT,PEI5mgmL,80°C,Des,3043,9872.975,100.0,332530.0,6.441219512195122,3.8150060975609756,2.6262134146341465
PEI5mgmL_80°C_Des.TXT,PEI5mgmL,80°C,Des,3044,9874.975,100.0,332530.0,6.44120487804878,3.815003658536585,2.626201219512195
PEI5mgmL_80°C_Des.TXT,PEI5mgmL,80°C,Des,3045,9877.975,100.0,332530.0,6.441182926829268,3.815,2.626182926829268
PEI5mgmL_80°C_Des.TXT,PEI5mgmL,80°C,Des,3046,9880.975,100.0,332530.0,6.441160975609756,3.814989024390244,2.626171951219512
PEI5mgmL_80°C_Des.TXT,PEI5mgmL,80°C,Des,3047,9886.975,100.0,332530.0,6.441117073170732,3.8149670731707315,2.6261500000000004
PEI5mgmL_80°C_Des.TXT,PEI5mgmL,80°C,Des,3048,9894.975,100.0,332530.0,6.441058536585365,3.8149378048780487,2.6261207317073167
PEI5mgmL_80°C_Des.TXT,PEI5mgmL,80°C,Des,3049,9902.975,100.0,332530.0,6.441,3.814908536585366,2.626091463414634
PEI5mgmL_80°C_Des.TXT,PEI5mgmL,80°C,Des,3050,9904.975,100.0,332530.0,6.440997560975609,3.814901219512195,2.6260963414634144
PEI5mgmL_80°C_Des.TXT,PEI5mgmL,80°C,Des,3051,9907.975,100.0,332530.0,6.440993902439025,3.8148902439024392,2.6261036585365853
PEI5mgmL_80°C_Des.TXT,PEI5mgmL,80°C,Des,3052,9910.975,100.0,332530.0,6.440990243902439,3.814879268292683,2.626110975609756
PEI5mgmL_80°C_Des.TXT,PEI5mgmL,80°C,Des,3053,9912.975,100.0,332530.0,6.4409878048780485,3.814871951219512,2.6261158536585363
PEI5mgmL_80°C_Des.TXT,PEI5mgmL,80°C,Des,3054,9915.975,100.0,332530.0,6.440984146341464,3.814860975609756,2.6261231707317076
PEI5mgmL_80°C_Des.TXT,PEI5mgmL,80°C,Des,3055,9920.975,100.0,332530.0,6.4409780487804875,3.8148426829268294,2.626135365853658
PEI5mgmL_80°C_Des.TXT,PEI5mgmL,80°C,Des,3056,9923.975,100.0,332530.0,6.440974390243903,3.814831707317073,2.6261426829268295
PEI5mgmL_80°C_Des.TXT,PEI5mgmL,80°C,Des,3057,9925.975,100.0,332530.0,6.440971951219512,3.8148243902439027,2.6261475609756095
PEI5mgmL_80°C_Des.TXT,PEI5mgmL,80°C,Des,3058,9928.975,100.0,332530.0,6.440968292682927,3.8148134146341466,2.62615487804878
PEI5mgmL_80°C_Des.TXT,PEI5mgmL,80°C,Des,3059,9931.975,100.0,332530.0,6.440964634146342,3.8148024390243904,2.6261621951219514
PEI5mgmL_80°C_Des.TXT,PEI5mgmL,80°C,Des,3060,9933.975,100.0,332530.0,6.440962195121951,3.8147951219512195,2.626167073170732
PEI5mgmL_80°C_Des.TXT,PEI5mgmL,80°C,Des,3061,9936.975,100.0,332530.0,6.440958536585366,3.8147841463414633,2.6261743902439023
PEI5mgmL_80°C_Des.TXT,PEI5mgmL,80°C,Des,3062,9938.975,100.0,332530.0,6.440956097560975,3.814776829268293,2.6261792682926823
PEI5mgmL_80°C_Des.TXT,PEI5mgmL,80°C,Des,3063,9941.975,100.0,332530.0,6.44095243902439,3.8147658536585367,2.6261865853658537
PEI5mgmL_80°C_Des.TXT,PEI5mgmL,80°C,Des,3064,9943.975,100.0,332530.0,6.44095,3.814758536585366,2.626191463414634
PEI5mgmL_80°C_Des.TXT,PEI5mgmL,80°C,Des,3065,9946.975,100.0,332530.0,6.440946341463414,3.81474756097561,2.626198780487804
PEI5mgmL_80°C_Des.TXT,PEI5mgmL,80°C,Des,3066,9949.975,100.0,332530.0,6.4409426829268295,3.814736585365854,2.6262060975609756
PEI5mgmL_80°C_Des.TXT,PEI5mgmL,80°C,Des,3067,9953.975,100.0,332530.0,6.440937804878049,3.8147219512195125,2.626215853658536
PEI5mgmL_80°C_Des.TXT,PEI5mgmL,80°C,Des,3068,9956.975,100.0,332530.0,6.440934146341464,3.8147109756097564,2.6262231707317074
PEI5mgmL_80°C_Des.TXT,PEI5mgmL,80°C,Des,3069,9959.975,100.0,332530.0,6.440930487804878,3.8147,2.626230487804878
PEI5mgmL_80°C_Des.TXT,PEI5mgmL,80°C,Des,3070,9962.975,100.0,332530.0,6.440926829268292,3.8147036585365854,2.626223170731707
PEI5mgmL_80°C_Des.TXT,PEI5mgmL,80°C,Des,3071,9968.975,100.0,332530.0,6.440919512195122,3.8147109756097564,2.6262085365853656
PEI5mgmL_80°C_Des.TXT,PEI5mgmL,80°C,Des,3072,9976.975,100.0,332530.0,6.440909756097561,3.8147207317073173,2.6261890243902437
PEI5mgmL_80°C_Des.TXT,PEI5mgmL,80°C,Des,3073,9984.975,100.0,332530.0,6.4409,3.8147304878048782,2.626169512195122
PEI5mgmL_80°C_Des.TXT,PEI5mgmL,80°C,Des,3074,9986.975,100.0,332530.0,6.4409024390243905,3.8147329268292682,2.6261695121951223
PEI5mgmL_80°C_Des.TXT,PEI5mgmL,80°C,Des,3075,9989.975,100.0,332530.0,6.440906097560975,3.814736585365854,2.6261695121951214
PEI5mgmL_80°C_Des.TXT,PEI5mgmL,80°C,Des,3076,9992.975,100.0,332530.0,6.440909756097561,3.814740243902439,2.626169512195122
PEI5mgmL_80°C_Des.TXT,PEI5mgmL,80°C,Des,3077,9994.975,100.0,332530.0,6.4409121951219515,3.814742682926829,2.6261695121951223
PEI5mgmL_80°C_Des.TXT,PEI5mgmL,80°C,Des,3078,9997.975,100.0,332530.0,6.440915853658536,3.814746341463415,2.6261695121951214
PEI5mgmL_80°C_Des.TXT,PEI5mgmL,80°C,Des,3079,10002.975,100.0,332530.0,6.440921951219512,3.8147524390243905,2.626169512195122
PEI5mgmL_80°C_Des.TXT,PEI5mgmL,80°C,Des,3080,10005.975,100.0,332530.0,6.440925609756097,3.814756097560976,2.6261695121951214
PEI5mgmL_80°C_Des.TXT,PEI5mgmL,80°C,Des,3081,10007.975,100.0,332530.0,6.440928048780488,3.814758536585366,2.626169512195122
PEI5mgmL_80°C_Des.TXT,PEI5mgmL,80°C,Des,3082,10010.975,100.0,332530.0,6.440931707317073,3.8147621951219515,2.626169512195122
PEI5mgmL_80°C_Des.TXT,PEI5mgmL,80°C,Des,3083,10012.975,100.0,332530.0,6.440934146341464,3.8147646341463415,2.6261695121951223
PEI5mgmL_80°C_Des.TXT,PEI5mgmL,80°C,Des,3084,10015.975,100.0,332530.0,6.440937804878049,3.8147682926829267,2.626169512195122
PEI5mgmL_80°C_Des.TXT,PEI5mgmL,80°C,Des,3085,10017.975,100.0,332530.0,6.440940243902439,3.814770731707317,2.626169512195122
PEI5mgmL_80°C_Des.TXT,PEI5mgmL,80°C,Des,3086,10020.975,100.0,332530.0,6.440943902439025,3.8147743902439024,2.6261695121951223
PEI5mgmL_80°C_Des.TXT,PEI5mgmL,80°C,Des,3087,10023.975,100.0,332530.0,6.4409475609756095,3.8147780487804877,2.626169512195122
PEI5mgmL_80°C_Des.TXT,PEI5mgmL,80°C,Des,3088,10025.975,100.0,332530.0,6.44095,3.814780487804878,2.626169512195122
PEI5mgmL_80°C_Des.TXT,PEI5mgmL,80°C,Des,3089,10028.975,100.0,332530.0,6.440953658536586,3.8147841463414633,2.6261695121951223
PEI5mgmL_80°C_Des.TXT,PEI5mgmL,80°C,Des,3090,10030.975,100.0,332530.0,6.440956097560975,3.814786585365854,2.6261695121951214
PEI5mgmL_80°C_Des.TXT,PEI5mgmL,80°C,Des,3091,10035.975,100.0,332530.0,6.440962195121951,3.814792682926829,2.6261695121951223
PEI5mgmL_80°C_Des.TXT,PEI5mgmL,80°C,Des,3092,10038.975,100.0,332530.0,6.440965853658536,3.8147963414634147,2.6261695121951214
PEI5mgmL_80°C_Des.TXT,PEI5mgmL,80°C,Des,3093,10041.975,100.0,332530.0,6.440969512195122,3.8148,2.626169512195122
PEI5mgmL_80°C_Des.TXT,PEI5mgmL,80°C,Des,3094,10043.975,100.0,332530.0,6.440971951219512,3.814790243902439,2.6261817073170732
PEI5mgmL_80°C_Des.TXT,PEI5mgmL,80°C,Des,3095,10050.975,100.0,332530.0,6.440980487804878,3.814756097560976,2.626224390243902
PEI5mgmL_80°C_Des.TXT,PEI5mgmL,80°C,Des,3096,10057.975,100.0,332530.0,6.440989024390244,3.814721951219512,2.6262670731707316
PEI5mgmL_80°C_Des.TXT,PEI5mgmL,80°C,Des,3097,10066.975,100.0,332530.0,6.441,3.814678048780488,2.626321951219512
PEI5mgmL_80°C_Des.TXT,PEI5mgmL,80°C,Des,3098,10068.975,100.0,332530.0,6.440985365853658,3.814668292682927,2.626317073170731
PEI5mgmL_80°C_Des.TXT,PEI5mgmL,80°C,Des,3099,10071.975,100.0,332530.0,6.440963414634147,3.8146536585365856,2.626309756097561
PEI5mgmL_80°C_Des.TXT,PEI5mgmL,80°C,Des,3100,10073.975,100.0,332530.0,6.440948780487805,3.814643902439024,2.6263048780487805
PEI5mgmL_80°C_Des.TXT,PEI5mgmL,80°C,Des,3101,10076.975,100.0,332530.0,6.440926829268292,3.814629268292683,2.6262975609756096
PEI5mgmL_80°C_Des.TXT,PEI5mgmL,80°C,Des,3102,10079.975,100.0,332530.0,6.44090487804878,3.8146146341463414,2.6262902439024387
PEI5mgmL_80°C_Des.TXT,PEI5mgmL,80°C,Des,3103,10084.975,100.0,332530.0,6.440868292682927,3.814590243902439,2.6262780487804878
PEI5mgmL_80°C_Des.TXT,PEI5mgmL,80°C,Des,3104,10087.975,100.0,332530.0,6.4408463414634145,3.8145756097560977,2.626270731707317
PEI5mgmL_80°C_Des.TXT,PEI5mgmL,80°C,Des,3105,10089.975,100.0,332530.0,6.4408317073170736,3.8145658536585367,2.626265853658537
PEI5mgmL_80°C_Des.TXT,PEI5mgmL,80°C,Des,3106,10092.975,100.0,332530.0,6.440809756097561,3.8145512195121953,2.626258536585366
PEI5mgmL_80°C_Des.TXT,PEI5mgmL,80°C,Des,3107,10094.975,100.0,332530.0,6.440795121951219,3.814541463414634,2.6262536585365854
PEI5mgmL_80°C_Des.TXT,PEI5mgmL,80°C,Des,3108,10097.975,100.0,332530.0,6.440773170731707,3.8145268292682926,2.6262463414634145
PEI5mgmL_80°C_Des.TXT,PEI5mgmL,80°C,Des,3109,10100.975,100.0,332530.0,6.440751219512195,3.814512195121951,2.6262390243902436
PEI5mgmL_80°C_Des.TXT,PEI5mgmL,80°C,Des,3110,10102.975,100.0,332530.0,6.440736585365854,3.8145024390243902,2.6262341463414636
PEI5mgmL_80°C_Des.TXT,PEI5mgmL,80°C,Des,3111,10105.975,100.0,332530.0,6.4407146341463415,3.814487804878049,2.6262268292682927
PEI5mgmL_80°C_Des.TXT,PEI5mgmL,80°C,Des,3112,10107.975,100.0,332530.0,6.4407,3.814478048780488,2.6262219512195117
PEI5mgmL_80°C_Des.TXT,PEI5mgmL,80°C,Des,3113,10110.975,100.0,332530.0,6.440678048780488,3.8144634146341465,2.6262146341463417
PEI5mgmL_80°C_Des.TXT,PEI5mgmL,80°C,Des,3114,10112.975,100.0,332530.0,6.440663414634146,3.8144536585365856,2.626209756097561
PEI5mgmL_80°C_Des.TXT,PEI5mgmL,80°C,Des,3115,10118.975,100.0,332530.0,6.440619512195122,3.8144243902439023,2.6261951219512194
PEI5mgmL_80°C_Des.TXT,PEI5mgmL,80°C,Des,3116,10120.975,100.0,332530.0,6.440604878048781,3.8144146341463414,2.6261902439024394
PEI5mgmL_80°C_Des.TXT,PEI5mgmL,80°C,Des,3117,10123.975,100.0,332530.0,6.4405829268292685,3.8144,2.6261829268292685
PEI5mgmL_80°C_Des.TXT,PEI5mgmL,80°C,Des,3118,10126.975,100.0,332530.0,6.440560975609756,3.8144,2.626160975609756
PEI5mgmL_80°C_Des.TXT,PEI5mgmL,80°C,Des,3119,10132.975,100.0,332530.0,6.4405170731707315,3.8144,2.6261170731707315
PEI5mgmL_80°C_Des.TXT,PEI5mgmL,80°C,Des,3120,10140.975,100.0,332530.0,6.440458536585366,3.8144,2.626058536585366
PEI5mgmL_80°C_Des.TXT,PEI5mgmL,80°C,Des,3121,10148.975,100.0,332530.0,6.4404,3.8144,2.6260000000000003
PEI5mgmL_80°C_Des.TXT,PEI5mgmL,80°C,Des,3122,10150.975,100.0,332530.0,6.440402439024391,3.8144,2.626002439024391
PEI5mgmL_80°C_Des.TXT,PEI5mgmL,80°C,Des,3123,10153.975,100.0,332530.0,6.440406097560976,3.8144,2.6260060975609756
PEI5mgmL_80°C_Des.TXT,PEI5mgmL,80°C,Des,3124,10155.975,100.0,332530.0,6.440408536585366,3.8144,2.626008536585366
PEI5mgmL_80°C_Des.TXT,PEI5mgmL,80°C,Des,3125,10158.975,100.0,332530.0,6.440412195121952,3.8144,2.6260121951219517
PEI5mgmL_80°C_Des.TXT,PEI5mgmL,80°C,Des,3126,10161.975,100.0,332530.0,6.4404158536585365,3.8144,2.6260158536585365
PEI5mgmL_80°C_Des.TXT,PEI5mgmL,80°C,Des,3127,10166.975,100.0,332530.0,6.440421951219513,3.8144,2.6260219512195127
PEI5mgmL_80°C_Des.TXT,PEI5mgmL,80°C,Des,3128,10168.975,100.0,332530.0,6.440424390243903,3.8144,2.626024390243903
PEI5mgmL_80°C_Des.TXT,PEI5mgmL,80°C,Des,3129,10171.975,100.0,332530.0,6.440428048780488,3.8144,2.626028048780488
PEI5mgmL_80°C_Des.TXT,PEI5mgmL,80°C,Des,3130,10174.975,100.0,332530.0,6.440431707317074,3.8144,2.6260317073170736
PEI5mgmL_80°C_Des.TXT,PEI5mgmL,80°C,Des,3131,10176.975,100.0,332530.0,6.440434146341464,3.8144,2.626034146341464
PEI5mgmL_80°C_Des.TXT,PEI5mgmL,80°C,Des,3132,10179.975,100.0,332530.0,6.440437804878049,3.8144,2.626037804878049
PEI5mgmL_80°C_Des.TXT,PEI5mgmL,80°C,Des,3133,10181.975,100.0,332530.0,6.440440243902439,3.8144,2.6260402439024393
PEI5mgmL_80°C_Des.TXT,PEI5mgmL,80°C,Des,3134,10184.975,100.0,332530.0,6.440443902439025,3.8144,2.626043902439025
PEI5mgmL_80°C_Des.TXT,PEI5mgmL,80°C,Des,3135,10187.975,100.0,332530.0,6.44044756097561,3.8144,2.6260475609756098
PEI5mgmL_80°C_Des.TXT,PEI5mgmL,80°C,Des,3136,10189.975,100.0,332530.0,6.44045,3.8144,2.62605
PEI5mgmL_80°C_Des.TXT,PEI5mgmL,80°C,Des,3137,10192.975,100.0,332530.0,6.440453658536586,3.8144,2.626053658536586
PEI5mgmL_80°C_Des.TXT,PEI5mgmL,80°C,Des,3138,10195.975,100.0,332530.0,6.440457317073171,3.8144,2.6260573170731707
PEI5mgmL_80°C_Des.TXT,PEI5mgmL,80°C,Des,3139,10200.975,100.0,332530.0,6.440463414634147,3.8144,2.626063414634147
PEI5mgmL_80°C_Des.TXT,PEI5mgmL,80°C,Des,3140,10202.975,100.0,332530.0,6.440465853658536,3.8144,2.6260658536585364
PEI5mgmL_80°C_Des.TXT,PEI5mgmL,80°C,Des,3141,10205.975,100.0,332530.0,6.440469512195122,3.8144,2.626069512195122
PEI5mgmL_80°C_Des.TXT,PEI5mgmL,80°C,Des,3142,10208.975,100.0,332530.0,6.440473170731708,3.8144036144578313,2.6260695562738765
PEI5mgmL_80°C_Des.TXT,PEI5mgmL,80°C,Des,3143,10214.975,100.0,332530.0,6.440480487804878,3.814410843373494,2.6260696444313845
PEI5mgmL_80°C_Des.TXT,PEI5mgmL,80°C,Des,3144,10222.975,100.0,332530.0,6.440490243902439,3.8144204819277108,2.6260697619747284
PEI5mgmL_80°C_Des.TXT,PEI5mgmL,80°C,Des,3145,10230.975,100.0,332530.0,6.4405,3.8144301204819278,2.6260698795180724
PEI5mgmL_80°C_Des.TXT,PEI5mgmL,80°C,Des,3146,10233.975,100.0,332530.0,6.440485542168675,3.814433734939759,2.626051807228916
PEI5mgmL_80°C_Des.TXT,PEI5mgmL,80°C,Des,3147,10235.975,100.0,332530.0,6.440475903614458,3.814436144578313,2.626039759036145
PEI5mgmL_80°C_Des.TXT,PEI5mgmL,80°C,Des,3148,10238.975,100.0,332530.0,6.440461445783133,3.8144397590361443,2.6260216867469888
PEI5mgmL_80°C_Des.TXT,PEI5mgmL,80°C,Des,3149,10241.975,100.0,332530.0,6.440446987951807,3.814443373493976,2.626003614457831
PEI5mgmL_80°C_Des.TXT,PEI5mgmL,80°C,Des,3150,10243.975,100.0,332530.0,6.44043734939759,3.81444578313253,2.62599156626506
PEI5mgmL_80°C_Des.TXT,PEI5mgmL,80°C,Des,3151,10248.975,100.0,332530.0,6.440413253012048,3.8144518072289157,2.6259614457831324
PEI5mgmL_80°C_Des.TXT,PEI5mgmL,80°C,Des,3152,10251.975,100.0,332530.0,6.440398795180723,3.814455421686747,2.625943373493976
PEI5mgmL_80°C_Des.TXT,PEI5mgmL,80°C,Des,3153,10253.975,100.0,332530.0,6.440389156626506,3.814457831325301,2.625931325301205
PEI5mgmL_80°C_Des.TXT,PEI5mgmL,80°C,Des,3154,10256.975,100.0,332530.0,6.440374698795181,3.8144614457831323,2.625913253012049
PEI5mgmL_80°C_Des.TXT,PEI5mgmL,80°C,Des,3155,10259.975,100.0,332530.0,6.440360240963855,3.8144650602409635,2.6258951807228916
PEI5mgmL_80°C_Des.TXT,PEI5mgmL,80°C,Des,3156,10262.975,100.0,332530.0,6.44034578313253,3.8144686746987952,2.625877108433735
PEI5mgmL_80°C_Des.TXT,PEI5mgmL,80°C,Des,3157,10264.975,100.0,332530.0,6.440336144578313,3.8144710843373493,2.625865060240964
PEI5mgmL_80°C_Des.TXT,PEI5mgmL,80°C,Des,3158,10267.975,100.0,332530.0,6.440321686746988,3.8144746987951805,2.6258469879518076
PEI5mgmL_80°C_Des.TXT,PEI5mgmL,80°C,Des,3159,10269.975,100.0,332530.0,6.440312048192771,3.8144771084337346,2.6258349397590366
PEI5mgmL_80°C_Des.TXT,PEI5mgmL,80°C,Des,3160,10272.975,100.0,332530.0,6.440297590361446,3.8144807228915663,2.62581686746988
PEI5mgmL_80°C_Des.TXT,PEI5mgmL,80°C,Des,3161,10274.975,100.0,332530.0,6.440287951807229,3.8144831325301203,2.625804819277109
PEI5mgmL_80°C_Des.TXT,PEI5mgmL,80°C,Des,3162,10277.975,100.0,332530.0,6.440273493975904,3.8144867469879515,2.6257867469879526
PEI5mgmL_80°C_Des.TXT,PEI5mgmL,80°C,Des,3163,10282.975,100.0,332530.0,6.440249397590361,3.8144927710843373,2.625756626506024
PEI5mgmL_80°C_Des.TXT,PEI5mgmL,80°C,Des,3164,10285.975,100.0,332530.0,6.440234939759036,3.8144963855421685,2.6257385542168676
PEI5mgmL_80°C_Des.TXT,PEI5mgmL,80°C,Des,3165,10288.975,100.0,332530.0,6.440220481927711,3.8145,2.6257204819277113
PEI5mgmL_80°C_Des.TXT,PEI5mgmL,80°C,Des,3166,10290.975,100.0,332530.0,6.440210843373494,3.814492682926829,2.6257181604466653
PEI5mgmL_80°C_Des.TXT,PEI5mgmL,80°C,Des,3167,10297.975,100.0,332530.0,6.440177108433735,3.8144670731707313,2.625710035263004
PEI5mgmL_80°C_Des.TXT,PEI5mgmL,80°C,Des,3168,10305.975,100.0,332530.0,6.440138554216867,3.8144378048780485,2.6257007493388187
PEI5mgmL_80°C_Des.TXT,PEI5mgmL,80°C,Des,3169,10313.975,100.0,332530.0,6.4401,3.8144085365853657,2.6256914634146344
PEI5mgmL_80°C_Des.TXT,PEI5mgmL,80°C,Des,3170,10315.975,100.0,332530.0,6.44009268292683,3.814401219512195,2.625691463414635
PEI5mgmL_80°C_Des.TXT,PEI5mgmL,80°C,Des,3171,10318.975,100.0,332530.0,6.4400817073170735,3.814390243902439,2.6256914634146344
PEI5mgmL_80°C_Des.TXT,PEI5mgmL,80°C,Des,3172,10320.975,100.0,332530.0,6.440074390243902,3.814382926829268,2.625691463414634
PEI5mgmL_80°C_Des.TXT,PEI5mgmL,80°C,Des,3173,10323.975,100.0,332530.0,6.440063414634147,3.814371951219512,2.625691463414635
PEI5mgmL_80°C_Des.TXT,PEI5mgmL,80°C,Des,3174,10326.975,100.0,332530.0,6.440052439024391,3.814360975609756,2.625691463414635
PEI5mgmL_80°C_Des.TXT,PEI5mgmL,80°C,Des,3175,10331.975,100.0,332530.0,6.440034146341463,3.814342682926829,2.625691463414634
PEI5mgmL_80°C_Des.TXT,PEI5mgmL,80°C,Des,3176,10333.975,100.0,332530.0,6.440026829268293,3.8143353658536583,2.6256914634146344
PEI5mgmL_80°C_Des.TXT,PEI5mgmL,80°C,Des,3177,10336.975,100.0,332530.0,6.440015853658537,3.8143243902439026,2.625691463414634
PEI5mgmL_80°C_Des.TXT,PEI5mgmL,80°C,Des,3178,10339.975,100.0,332530.0,6.44000487804878,3.8143134146341464,2.625691463414634
PEI5mgmL_80°C_Des.TXT,PEI5mgmL,80°C,Des,3179,10341.975,100.0,332530.0,6.43999756097561,3.8143060975609755,2.6256914634146344
PEI5mgmL_80°C_Des.TXT,PEI5mgmL,80°C,Des,3180,10344.975,100.0,332530.0,6.439986585365854,3.8142951219512193,2.6256914634146344
PEI5mgmL_80°C_Des.TXT,PEI5mgmL,80°C,Des,3181,10347.975,100.0,332530.0,6.439975609756098,3.814284146341463,2.6256914634146344
PEI5mgmL_80°C_Des.TXT,PEI5mgmL,80°C,Des,3182,10349.975,100.0,332530.0,6.439968292682927,3.8142768292682927,2.6256914634146344
PEI5mgmL_80°C_Des.TXT,PEI5mgmL,80°C,Des,3183,10352.975,100.0,332530.0,6.439957317073171,3.8142658536585365,2.6256914634146344
PEI5mgmL_80°C_Des.TXT,PEI5mgmL,80°C,Des,3184,10354.975,100.0,332530.0,6.43995,3.8142585365853656,2.625691463414634
PEI5mgmL_80°C_Des.TXT,PEI5mgmL,80°C,Des,3185,10357.975,100.0,332530.0,6.439939024390244,3.81424756097561,2.6256914634146344
PEI5mgmL_80°C_Des.TXT,PEI5mgmL,80°C,Des,3186,10359.975,100.0,332530.0,6.439931707317073,3.814240243902439,2.625691463414634
PEI5mgmL_80°C_Des.TXT,PEI5mgmL,80°C,Des,3187,10365.975,100.0,332530.0,6.439909756097561,3.8142182926829267,2.625691463414634
PEI5mgmL_80°C_Des.TXT,PEI5mgmL,80°C,Des,3188,10367.975,100.0,332530.0,6.43990243902439,3.814210975609756,2.625691463414634
PEI5mgmL_80°C_Des.TXT,PEI5mgmL,80°C,Des,3189,10370.975,100.0,332530.0,6.439891463414634,3.8142,2.625691463414634
PEI5mgmL_80°C_Des.TXT,PEI5mgmL,80°C,Des,3190,10372.975,100.0,332530.0,6.4398841463414636,3.814185185185185,2.6256989611562784
PEI5mgmL_80°C_Des.TXT,PEI5mgmL,80°C,Des,3191,10379.975,100.0,332530.0,6.439858536585366,3.8141333333333334,2.625725203252032
PEI5mgmL_80°C_Des.TXT,PEI5mgmL,80°C,Des,3192,10386.975,100.0,332530.0,6.4398329268292684,3.8140814814814816,2.625751445347787
PEI5mgmL_80°C_Des.TXT,PEI5mgmL,80°C,Des,3193,10395.975,100.0,332530.0,6.4398,3.814014814814815,2.625785185185185
PEI5mgmL_80°C_Des.TXT,PEI5mgmL,80°C,Des,3194,10397.975,100.0,332530.0,6.4397926829268295,3.814,2.6257926829268294
PEI5mgmL_80°C_Des.TXT,PEI5mgmL,80°C,Des,3195,10400.975,100.0,332530.0,6.439781707317073,3.8139777777777777,2.6258039295392956
PEI5mgmL_80°C_Des.TXT,PEI5mgmL,80°C,Des,3196,10402.975,100.0,332530.0,6.439774390243902,3.813962962962963,2.6258114272809387
PEI5mgmL_80°C_Des.TXT,PEI5mgmL,80°C,Des,3197,10405.975,100.0,332530.0,6.439763414634147,3.813940740740741,2.625822673893406
PEI5mgmL_80°C_Des.TXT,PEI5mgmL,80°C,Des,3198,10408.975,100.0,332530.0,6.4397524390243905,3.8139185185185185,2.625833920505872
PEI5mgmL_80°C_Des.TXT,PEI5mgmL,80°C,Des,3199,10413.975,100.0,332530.0,6.439734146341463,3.8138814814814817,2.6258526648599814
PEI5mgmL_80°C_Des.TXT,PEI5mgmL,80°C,Des,3200,10415.975,100.0,332530.0,6.4397268292682925,3.8138666666666667,2.625860162601626
PEI5mgmL_80°C_Des.TXT,PEI5mgmL,80°C,Des,3201,10418.975,100.0,332530.0,6.439715853658536,3.8138444444444444,2.625871409214092
PEI5mgmL_80°C_Des.TXT,PEI5mgmL,80°C,Des,3202,10420.975,100.0,332530.0,6.439708536585366,3.81382962962963,2.625878906955736
PEI5mgmL_80°C_Des.TXT,PEI5mgmL,80°C,Des,3203,10423.975,100.0,332530.0,6.43969756097561,3.8138074074074075,2.625890153568202
PEI5mgmL_80°C_Des.TXT,PEI5mgmL,80°C,Des,3204,10425.975,100.0,332530.0,6.439690243902439,3.8137925925925926,2.6258976513098466
PEI5mgmL_80°C_Des.TXT,PEI5mgmL,80°C,Des,3205,10428.975,100.0,332530.0,6.439679268292683,3.8137703703703703,2.625908897922313
PEI5mgmL_80°C_Des.TXT,PEI5mgmL,80°C,Des,3206,10431.975,100.0,332530.0,6.439668292682927,3.8137481481481483,2.6259201445347786
PEI5mgmL_80°C_Des.TXT,PEI5mgmL,80°C,Des,3207,10433.975,100.0,332530.0,6.439660975609756,3.8137333333333334,2.625927642276422
PEI5mgmL_80°C_Des.TXT,PEI5mgmL,80°C,Des,3208,10436.975,100.0,332530.0,6.43965,3.813711111111111,2.6259388888888893
PEI5mgmL_80°C_Des.TXT,PEI5mgmL,80°C,Des,3209,10439.975,100.0,332530.0,6.439639024390244,3.813688888888889,2.625950135501355
PEI5mgmL_80°C_Des.TXT,PEI5mgmL,80°C,Des,3210,10441.975,100.0,332530.0,6.439631707317073,3.813674074074074,2.6259576332429986
PEI5mgmL_80°C_Des.TXT,PEI5mgmL,80°C,Des,3211,10446.975,100.0,332530.0,6.439613414634146,3.813637037037037,2.6259763775971092
PEI5mgmL_80°C_Des.TXT,PEI5mgmL,80°C,Des,3212,10449.975,100.0,332530.0,6.43960243902439,3.813614814814815,2.625987624209575
PEI5mgmL_80°C_Des.TXT,PEI5mgmL,80°C,Des,3213,10451.975,100.0,332530.0,6.4395951219512195,3.8136,2.6259951219512194
PEI5mgmL_80°C_Des.TXT,PEI5mgmL,80°C,Des,3214,10454.975,100.0,332530.0,6.439584146341463,3.8136036585365853,2.625980487804878
PEI5mgmL_80°C_Des.TXT,PEI5mgmL,80°C,Des,3215,10461.975,100.0,332530.0,6.439558536585365,3.8136121951219515,2.625946341463414
PEI5mgmL_80°C_Des.TXT,PEI5mgmL,80°C,Des,3216,10468.975,100.0,332530.0,6.439532926829268,3.813620731707317,2.625912195121951
PEI5mgmL_80°C_Des.TXT,PEI5mgmL,80°C,Des,3217,10477.975,100.0,332530.0,6.4395,3.8136317073170733,2.6258682926829264
PEI5mgmL_80°C_Des.TXT,PEI5mgmL,80°C,Des,3218,10479.975,100.0,332530.0,6.439497560975609,3.8136341463414634,2.625863414634146
PEI5mgmL_80°C_Des.TXT,PEI5mgmL,80°C,Des,3219,10482.975,100.0,332530.0,6.4394939024390245,3.8136378048780486,2.625856097560976
PEI5mgmL_80°C_Des.TXT,PEI5mgmL,80°C,Des,3220,10484.975,100.0,332530.0,6.439491463414634,3.813640243902439,2.625851219512195
PEI5mgmL_80°C_Des.TXT,PEI5mgmL,80°C,Des,3221,10487.975,100.0,332530.0,6.439487804878048,3.8136439024390243,2.625843902439024
PEI5mgmL_80°C_Des.TXT,PEI5mgmL,80°C,Des,3222,10490.975,100.0,332530.0,6.439484146341464,3.8136475609756095,2.625836585365854
PEI5mgmL_80°C_Des.TXT,PEI5mgmL,80°C,Des,3223,10495.975,100.0,332530.0,6.4394780487804875,3.8136536585365852,2.6258243902439022
PEI5mgmL_80°C_Des.TXT,PEI5mgmL,80°C,Des,3224,10497.975,100.0,332530.0,6.439475609756097,3.8136560975609757,2.6258195121951213
PEI5mgmL_80°C_Des.TXT,PEI5mgmL,80°C,Des,3225,10500.975,100.0,332530.0,6.439471951219512,3.813659756097561,2.6258121951219513
PEI5mgmL_80°C_Des.TXT,PEI5mgmL,80°C,Des,3226,10502.975,100.0,332530.0,6.439469512195122,3.8136621951219514,2.6258073170731704
PEI5mgmL_80°C_Des.TXT,PEI5mgmL,80°C,Des,3227,10505.975,100.0,332530.0,6.439465853658536,3.8136658536585366,2.6257999999999995
PEI5mgmL_80°C_Des.TXT,PEI5mgmL,80°C,Des,3228,10508.975,100.0,332530.0,6.439462195121951,3.813669512195122,2.6257926829268294
PEI5mgmL_80°C_Des.TXT,PEI5mgmL,80°C,Des,3229,10510.975,100.0,332530.0,6.439459756097561,3.8136719512195123,2.6257878048780485
PEI5mgmL_80°C_Des.TXT,PEI5mgmL,80°C,Des,3230,10513.975,100.0,332530.0,6.439456097560975,3.8136756097560975,2.6257804878048776
PEI5mgmL_80°C_Des.TXT,PEI5mgmL,80°C,Des,3231,10515.975,100.0,332530.0,6.439453658536586,3.8136780487804876,2.625775609756098
PEI5mgmL_80°C_Des.TXT,PEI5mgmL,80°C,Des,3232,10518.975,100.0,332530.0,6.43945,3.8136817073170732,2.6257682926829267
PEI5mgmL_80°C_Des.TXT,PEI5mgmL,80°C,Des,3233,10520.975,100.0,332530.0,6.439447560975609,3.8136841463414632,2.625763414634146
PEI5mgmL_80°C_Des.TXT,PEI5mgmL,80°C,Des,3234,10523.975,100.0,332530.0,6.439443902439025,3.8136878048780485,2.625756097560976
PEI5mgmL_80°C_Des.TXT,PEI5mgmL,80°C,Des,3235,10528.975,100.0,332530.0,6.4394378048780485,3.813693902439024,2.6257439024390243
PEI5mgmL_80°C_Des.TXT,PEI5mgmL,80°C,Des,3236,10531.975,100.0,332530.0,6.439434146341464,3.8136975609756094,2.6257365853658543
PEI5mgmL_80°C_Des.TXT,PEI5mgmL,80°C,Des,3237,10533.975,100.0,332530.0,6.439431707317073,3.8137,2.6257317073170734
PEI5mgmL_80°C_Des.TXT,PEI5mgmL,80°C,Des,3238,10536.975,100.0,332530.0,6.439428048780488,3.813689156626506,2.6257388921539815
PEI5mgmL_80°C_Des.TXT,PEI5mgmL,80°C,Des,3239,10543.975,100.0,332530.0,6.439419512195122,3.813663855421687,2.625755656773435
PEI5mgmL_80°C_Des.TXT,PEI5mgmL,80°C,Des,3240,10551.975,100.0,332530.0,6.439409756097561,3.813634939759036,2.625774816338525
PEI5mgmL_80°C_Des.TXT,PEI5mgmL,80°C,Des,3241,10559.975,100.0,332530.0,6.4394,3.8136060240963854,2.6257939759036146
PEI5mgmL_80°C_Des.TXT,PEI5mgmL,80°C,Des,3242,10562.975,100.0,332530.0,6.439389024390244,3.8135951807228916,2.6257938436673522
PEI5mgmL_80°C_Des.TXT,PEI5mgmL,80°C,Des,3243,10564.975,100.0,332530.0,6.439381707317073,3.813587951807229,2.6257937555098443
PEI5mgmL_80°C_Des.TXT,PEI5mgmL,80°C,Des,3244,10567.975,100.0,332530.0,6.439370731707317,3.813577108433735,2.6257936232735823
PEI5mgmL_80°C_Des.TXT,PEI5mgmL,80°C,Des,3245,10569.975,100.0,332530.0,6.439363414634147,3.8135698795180724,2.6257935351160744
PEI5mgmL_80°C_Des.TXT,PEI5mgmL,80°C,Des,3246,10572.975,100.0,332530.0,6.439352439024391,3.813559036144578,2.6257934028798124
PEI5mgmL_80°C_Des.TXT,PEI5mgmL,80°C,Des,3247,10577.975,100.0,332530.0,6.439334146341463,3.813540963855422,2.625793182486041
PEI5mgmL_80°C_Des.TXT,PEI5mgmL,80°C,Des,3248,10580.975,100.0,332530.0,6.439323170731707,3.8135301204819276,2.6257930502497793
PEI5mgmL_80°C_Des.TXT,PEI5mgmL,80°C,Des,3249,10582.975,100.0,332530.0,6.439315853658536,3.813522891566265,2.6257929620922713
PEI5mgmL_80°C_Des.TXT,PEI5mgmL,80°C,Des,3250,10585.975,100.0,332530.0,6.43930487804878,3.813512048192771,2.6257928298560094
PEI5mgmL_80°C_Des.TXT,PEI5mgmL,80°C,Des,3251,10587.975,100.0,332530.0,6.43929756097561,3.8135048192771084,2.6257927416985014
PEI5mgmL_80°C_Des.TXT,PEI5mgmL,80°C,Des,3252,10590.975,100.0,332530.0,6.439286585365854,3.8134939759036146,2.625792609462239
PEI5mgmL_80°C_Des.TXT,PEI5mgmL,80°C,Des,3253,10593.975,100.0,332530.0,6.4392756097560975,3.8134831325301204,2.625792477225977
PEI5mgmL_80°C_Des.TXT,PEI5mgmL,80°C,Des,3254,10595.975,100.0,332530.0,6.439268292682927,3.813475903614458,2.625792389068469
PEI5mgmL_80°C_Des.TXT,PEI5mgmL,80°C,Des,3255,10598.975,100.0,332530.0,6.439257317073171,3.813465060240964,2.6257922568322067
PEI5mgmL_80°C_Des.TXT,PEI5mgmL,80°C,Des,3256,10600.975,100.0,332530.0,6.4392499999999995,3.813457831325301,2.6257921686746983
PEI5mgmL_80°C_Des.TXT,PEI5mgmL,80°C,Des,3257,10603.975,100.0,332530.0,6.439239024390244,3.8134469879518074,2.625792036438437
PEI5mgmL_80°C_Des.TXT,PEI5mgmL,80°C,Des,3258,10606.975,100.0,332530.0,6.439228048780488,3.813436144578313,2.625791904202175
PEI5mgmL_80°C_Des.TXT,PEI5mgmL,80°C,Des,3259,10611.975,100.0,332530.0,6.4392097560975605,3.813418072289157,2.6257916838084037
PEI5mgmL_80°C_Des.TXT,PEI5mgmL,80°C,Des,3260,10613.975,100.0,332530.0,6.43920243902439,3.813410843373494,2.625791595650896
PEI5mgmL_80°C_Des.TXT,PEI5mgmL,80°C,Des,3261,10616.975,100.0,332530.0,6.439191463414634,3.8134,2.6257914634146338
PEI5mgmL_80°C_Des.TXT,PEI5mgmL,80°C,Des,3262,10619.975,100.0,332530.0,6.439180487804878,3.813396341463415,2.625784146341463
PEI5mgmL_80°C_Des.TXT,PEI5mgmL,80°C,Des,3263,10626.975,100.0,332530.0,6.439154878048781,3.8133878048780487,2.625767073170732
PEI5mgmL_80°C_Des.TXT,PEI5mgmL,80°C,Des,3264,10633.975,100.0,332530.0,6.439129268292683,3.813379268292683,2.6257499999999996
PEI5mgmL_80°C_Des.TXT,PEI5mgmL,80°C,Des,3265,10641.975,100.0,332530.0,6.4391,3.813369512195122,2.6257304878048777
PEI5mgmL_80°C_Des.TXT,PEI5mgmL,80°C,Des,3266,10644.975,100.0,332530.0,6.439085365853658,3.8133658536585364,2.6257195121951216
PEI5mgmL_80°C_Des.TXT,PEI5mgmL,80°C,Des,3267,10646.975,100.0,332530.0,6.439075609756097,3.8133634146341464,2.6257121951219506
PEI5mgmL_80°C_Des.TXT,PEI5mgmL,80°C,Des,3268,10649.975,100.0,332530.0,6.439060975609756,3.813359756097561,2.625701219512195
PEI5mgmL_80°C_Des.TXT,PEI5mgmL,80°C,Des,3269,10652.975,100.0,332530.0,6.439046341463414,3.8133560975609755,2.6256902439024388
PEI5mgmL_80°C_Des.TXT,PEI5mgmL,80°C,Des,3270,10654.975,100.0,332530.0,6.439036585365853,3.8133536585365855,2.625682926829268
PEI5mgmL_80°C_Des.TXT,PEI5mgmL,80°C,Des,3271,10659.975,100.0,332530.0,6.439012195121951,3.81334756097561,2.6256646341463417
PEI5mgmL_80°C_Des.TXT,PEI5mgmL,80°C,Des,3272,10662.975,100.0,332530.0,6.43899756097561,3.8133439024390245,2.625653658536585
PEI5mgmL_80°C_Des.TXT,PEI5mgmL,80°C,Des,3273,10665.975,100.0,332530.0,6.438982926829268,3.813340243902439,2.625642682926829
PEI5mgmL_80°C_Des.TXT,PEI5mgmL,80°C,Des,3274,10667.975,100.0,332530.0,6.438973170731707,3.813337804878049,2.625635365853658
PEI5mgmL_80°C_Des.TXT,PEI5mgmL,80°C,Des,3275,10670.975,100.0,332530.0,6.438958536585366,3.8133341463414636,2.6256243902439023
PEI5mgmL_80°C_Des.TXT,PEI5mgmL,80°C,Des,3276,10673.975,100.0,332530.0,6.438943902439024,3.813330487804878,2.625613414634146
PEI5mgmL_80°C_Des.TXT,PEI5mgmL,80°C,Des,3277,10675.975,100.0,332530.0,6.438934146341463,3.813328048780488,2.625606097560975
PEI5mgmL_80°C_Des.TXT,PEI5mgmL,80°C,Des,3278,10678.975,100.0,332530.0,6.438919512195122,3.8133243902439022,2.62559512195122
PEI5mgmL_80°C_Des.TXT,PEI5mgmL,80°C,Des,3279,10680.975,100.0,332530.0,6.438909756097561,3.8133219512195122,2.625587804878049
PEI5mgmL_80°C_Des.TXT,PEI5mgmL,80°C,Des,3280,10683.975,100.0,332530.0,6.438895121951219,3.813318292682927,2.6255768292682924
PEI5mgmL_80°C_Des.TXT,PEI5mgmL,80°C,Des,3281,10685.975,100.0,332530.0,6.4388853658536584,3.8133158536585365,2.625569512195122
PEI5mgmL_80°C_Des.TXT,PEI5mgmL,80°C,Des,3282,10688.975,100.0,332530.0,6.438870731707317,3.8133121951219513,2.6255585365853653
PEI5mgmL_80°C_Des.TXT,PEI5mgmL,80°C,Des,3283,10693.975,100.0,332530.0,6.438846341463415,3.8133060975609756,2.625540243902439
PEI5mgmL_80°C_Des.TXT,PEI5mgmL,80°C,Des,3284,10695.975,100.0,332530.0,6.438836585365854,3.813303658536585,2.6255329268292686
PEI5mgmL_80°C_Des.TXT,PEI5mgmL,80°C,Des,3285,10698.975,100.0,332530.0,6.438821951219512,3.8133,2.625521951219512
PEI5mgmL_80°C_Des.TXT,PEI5mgmL,80°C,Des,3286,10701.975,100.0,332530.0,6.438807317073171,3.8132963855421687,2.6255109315310023
PEI5mgmL_80°C_Des.TXT,PEI5mgmL,80°C,Des,3287,10707.975,100.0,332530.0,6.438778048780487,3.813289156626506,2.625488892153981
PEI5mgmL_80°C_Des.TXT,PEI5mgmL,80°C,Des,3288,10715.975,100.0,332530.0,6.438739024390244,3.813279518072289,2.6254595063179544
PEI5mgmL_80°C_Des.TXT,PEI5mgmL,80°C,Des,3289,10723.975,100.0,332530.0,6.4387,3.813269879518072,2.6254301204819277
PEI5mgmL_80°C_Des.TXT,PEI5mgmL,80°C,Des,3290,10726.975,100.0,332530.0,6.438689156626506,3.813266265060241,2.6254228915662647
PEI5mgmL_80°C_Des.TXT,PEI5mgmL,80°C,Des,3291,10728.975,100.0,332530.0,6.438681927710843,3.813263855421687,2.6254180722891562
PEI5mgmL_80°C_Des.TXT,PEI5mgmL,80°C,Des,3292,10731.975,100.0,332530.0,6.438671084337349,3.8132602409638556,2.6254108433734933
PEI5mgmL_80°C_Des.TXT,PEI5mgmL,80°C,Des,3293,10734.975,100.0,332530.0,6.438660240963856,3.813256626506024,2.6254036144578317
PEI5mgmL_80°C_Des.TXT,PEI5mgmL,80°C,Des,3294,10736.975,100.0,332530.0,6.438653012048192,3.81325421686747,2.6253987951807223
PEI5mgmL_80°C_Des.TXT,PEI5mgmL,80°C,Des,3295,10741.975,100.0,332530.0,6.438634939759036,3.813248192771084,2.625386746987952
PEI5mgmL_80°C_Des.TXT,PEI5mgmL,80°C,Des,3296,10744.975,100.0,332530.0,6.438624096385542,3.813244578313253,2.625379518072289
PEI5mgmL_80°C_Des.TXT,PEI5mgmL,80°C,Des,3297,10747.975,100.0,332530.0,6.438613253012048,3.8132409638554217,2.6253722891566262
PEI5mgmL_80°C_Des.TXT,PEI5mgmL,80°C,Des,3298,10749.975,100.0,332530.0,6.438606024096385,3.8132385542168676,2.6253674698795177
PEI5mgmL_80°C_Des.TXT,PEI5mgmL,80°C,Des,3299,10752.975,100.0,332530.0,6.438595180722891,3.8132349397590364,2.625360240963855
PEI5mgmL_80°C_Des.TXT,PEI5mgmL,80°C,Des,3300,10754.975,100.0,332530.0,6.438587951807229,3.813232530120482,2.6253554216867467
PEI5mgmL_80°C_Des.TXT,PEI5mgmL,80°C,Des,3301,10757.975,100.0,332530.0,6.438577108433734,3.8132289156626507,2.6253481927710838
PEI5mgmL_80°C_Des.TXT,PEI5mgmL,80°C,Des,3302,10760.975,100.0,332530.0,6.438566265060241,3.8132253012048194,2.6253409638554217
PEI5mgmL_80°C_Des.TXT,PEI5mgmL,80°C,Des,3303,10762.975,100.0,332530.0,6.438559036144578,3.8132228915662654,2.6253361445783123
PEI5mgmL_80°C_Des.TXT,PEI5mgmL,80°C,Des,3304,10765.975,100.0,332530.0,6.438548192771084,3.8132192771084337,2.6253289156626507
PEI5mgmL_80°C_Des.TXT,PEI5mgmL,80°C,Des,3305,10767.975,100.0,332530.0,6.438540963855422,3.8132168674698796,2.625324096385542
PEI5mgmL_80°C_Des.TXT,PEI5mgmL,80°C,Des,3306,10770.975,100.0,332530.0,6.438530120481928,3.8132132530120484,2.6253168674698792
PEI5mgmL_80°C_Des.TXT,PEI5mgmL,80°C,Des,3307,10775.975,100.0,332530.0,6.438512048192771,3.8132072289156627,2.6253048192771082
PEI5mgmL_80°C_Des.TXT,PEI5mgmL,80°C,Des,3308,10778.975,100.0,332530.0,6.438501204819277,3.8132036144578314,2.6252975903614453
PEI5mgmL_80°C_Des.TXT,PEI5mgmL,80°C,Des,3309,10781.975,100.0,332530.0,6.4384903614457825,3.8132,2.6252903614457823
PEI5mgmL_80°C_Des.TXT,PEI5mgmL,80°C,Des,3310,10783.975,100.0,332530.0,6.43848313253012,3.8131951219512197,2.6252880105789003
PEI5mgmL_80°C_Des.TXT,PEI5mgmL,80°C,Des,3311,10790.975,100.0,332530.0,6.438457831325301,3.813178048780488,2.625279782544813
PEI5mgmL_80°C_Des.TXT,PEI5mgmL,80°C,Des,3312,10798.975,100.0,332530.0,6.438428915662651,3.813158536585366,2.6252703790772847
PEI5mgmL_80°C_Des.TXT,PEI5mgmL,80°C,Des,3313,10806.975,100.0,332530.0,6.4384,3.813139024390244,2.6252609756097556
PEI5mgmL_80°C_Des.TXT,PEI5mgmL,80°C,Des,3314,10809.975,100.0,332530.0,6.438403658536585,3.813131707317073,2.625271951219512
PEI5mgmL_80°C_Des.TXT,PEI5mgmL,80°C,Des,3315,10811.975,100.0,332530.0,6.438406097560975,3.8131268292682927,2.625279268292682
PEI5mgmL_80°C_Des.TXT,PEI5mgmL,80°C,Des,3316,10814.975,100.0,332530.0,6.438409756097561,3.8131195121951222,2.6252902439024384
PEI5mgmL_80°C_Des.TXT,PEI5mgmL,80°C,Des,3317,10816.975,100.0,332530.0,6.438412195121951,3.8131146341463418,2.6252975609756093
PEI5mgmL_80°C_Des.TXT,PEI5mgmL,80°C,Des,3318,10819.975,100.0,332530.0,6.438415853658537,3.813107317073171,2.625308536585366
PEI5mgmL_80°C_Des.TXT,PEI5mgmL,80°C,Des,3319,10824.975,100.0,332530.0,6.438421951219512,3.8130951219512195,2.6253268292682925
PEI5mgmL_80°C_Des.TXT,PEI5mgmL,80°C,Des,3320,10827.975,100.0,332530.0,6.438425609756098,3.813087804878049,2.6253378048780487
PEI5mgmL_80°C_Des.TXT,PEI5mgmL,80°C,Des,3321,10829.975,100.0,332530.0,6.438428048780487,3.8130829268292685,2.6253451219512187
PEI5mgmL_80°C_Des.TXT,PEI5mgmL,80°C,Des,3322,10832.975,100.0,332530.0,6.438431707317073,3.8130756097560976,2.6253560975609753
PEI5mgmL_80°C_Des.TXT,PEI5mgmL,80°C,Des,3323,10834.975,100.0,332530.0,6.438434146341463,3.813070731707317,2.6253634146341462
PEI5mgmL_80°C_Des.TXT,PEI5mgmL,80°C,Des,3324,10837.975,100.0,332530.0,6.438437804878049,3.8130634146341467,2.6253743902439024
PEI5mgmL_80°C_Des.TXT,PEI5mgmL,80°C,Des,3325,10839.975,100.0,332530.0,6.438440243902439,3.813058536585366,2.6253817073170724
PEI5mgmL_80°C_Des.TXT,PEI5mgmL,80°C,Des,3326,10842.975,100.0,332530.0,6.438443902439024,3.8130512195121953,2.625392682926829
PEI5mgmL_80°C_Des.TXT,PEI5mgmL,80°C,Des,3327,10845.975,100.0,332530.0,6.43844756097561,3.8130439024390244,2.6254036585365856
PEI5mgmL_80°C_Des.TXT,PEI5mgmL,80°C,Des,3328,10847.975,100.0,332530.0,6.4384500000000005,3.813039024390244,2.6254109756097566
PEI5mgmL_80°C_Des.TXT,PEI5mgmL,80°C,Des,3329,10850.975,100.0,332530.0,6.438453658536585,3.8130317073170734,2.625421951219512
PEI5mgmL_80°C_Des.TXT,PEI5mgmL,80°C,Des,3330,10852.975,100.0,332530.0,6.438456097560976,3.813026829268293,2.6254292682926827
PEI5mgmL_80°C_Des.TXT,PEI5mgmL,80°C,Des,3331,10858.975,100.0,332530.0,6.438463414634146,3.8130121951219516,2.6254512195121946
PEI5mgmL_80°C_Des.TXT,PEI5mgmL,80°C,Des,3332,10860.975,100.0,332530.0,6.438465853658537,3.813007317073171,2.6254585365853655
PEI5mgmL_80°C_Des.TXT,PEI5mgmL,80°C,Des,3333,10863.975,100.0,332530.0,6.438469512195122,3.813,2.625469512195122
PEI5mgmL_80°C_Des.TXT,PEI5mgmL,80°C,Des,3334,10865.975,100.0,332530.0,6.438471951219513,3.812997590361446,2.6254743608580666
PEI5mgmL_80°C_Des.TXT,PEI5mgmL,80°C,Des,3335,10872.975,100.0,332530.0,6.4384804878048785,3.812989156626506,2.6254913311783725
PEI5mgmL_80°C_Des.TXT,PEI5mgmL,80°C,Des,3336,10879.975,100.0,332530.0,6.438489024390244,3.812980722891566,2.625508301498678
PEI5mgmL_80°C_Des.TXT,PEI5mgmL,80°C,Des,3337,10888.975,100.0,332530.0,6.4385,3.8129698795180724,2.625530120481928
PEI5mgmL_80°C_Des.TXT,PEI5mgmL,80°C,Des,3338,10891.975,100.0,332530.0,6.438492771084338,3.812966265060241,2.6255265060240967
PEI5mgmL_80°C_Des.TXT,PEI5mgmL,80°C,Des,3339,10893.975,100.0,332530.0,6.438487951807229,3.8129638554216867,2.625524096385542
PEI5mgmL_80°C_Des.TXT,PEI5mgmL,80°C,Des,3340,10896.975,100.0,332530.0,6.438480722891566,3.8129602409638554,2.625520481927711
PEI5mgmL_80°C_Des.TXT,PEI5mgmL,80°C,Des,3341,10898.975,100.0,332530.0,6.438475903614458,3.8129578313253014,2.625518072289157
PEI5mgmL_80°C_Des.TXT,PEI5mgmL,80°C,Des,3342,10901.975,100.0,332530.0,6.438468674698796,3.81295421686747,2.6255144578313256
PEI5mgmL_80°C_Des.TXT,PEI5mgmL,80°C,Des,3343,10906.975,100.0,332530.0,6.438456626506024,3.8129481927710844,2.62550843373494
PEI5mgmL_80°C_Des.TXT,PEI5mgmL,80°C,Des,3344,10909.975,100.0,332530.0,6.438449397590362,3.812944578313253,2.6255048192771087
PEI5mgmL_80°C_Des.TXT,PEI5mgmL,80°C,Des,3345,10911.975,100.0,332530.0,6.438444578313253,3.8129421686746987,2.625502409638554
PEI5mgmL_80°C_Des.TXT,PEI5mgmL,80°C,Des,3346,10914.975,100.0,332530.0,6.43843734939759,3.8129385542168674,2.625498795180723
PEI5mgmL_80°C_Des.TXT,PEI5mgmL,80°C,Des,3347,10916.975,100.0,332530.0,6.438432530120482,3.8129361445783134,2.625496385542169
PEI5mgmL_80°C_Des.TXT,PEI5mgmL,80°C,Des,3348,10919.975,100.0,332530.0,6.43842530120482,3.812932530120482,2.6254927710843377
PEI5mgmL_80°C_Des.TXT,PEI5mgmL,80°C,Des,3349,10922.975,100.0,332530.0,6.438418072289156,3.8129289156626505,2.625489156626506
PEI5mgmL_80°C_Des.TXT,PEI5mgmL,80°C,Des,3350,10925.975,100.0,332530.0,6.438410843373494,3.812925301204819,2.6254855421686747
PEI5mgmL_80°C_Des.TXT,PEI5mgmL,80°C,Des,3351,10927.975,100.0,332530.0,6.438406024096386,3.812922891566265,2.6254831325301207
PEI5mgmL_80°C_Des.TXT,PEI5mgmL,80°C,Des,3352,10930.975,100.0,332530.0,6.438398795180723,3.812919277108434,2.6254795180722894
PEI5mgmL_80°C_Des.TXT,PEI5mgmL,80°C,Des,3353,10932.975,100.0,332530.0,6.438393975903614,3.8129168674698795,2.625477108433735
PEI5mgmL_80°C_Des.TXT,PEI5mgmL,80°C,Des,3354,10935.975,100.0,332530.0,6.438386746987952,3.812913253012048,2.6254734939759037
PEI5mgmL_80°C_Des.TXT,PEI5mgmL,80°C,Des,3355,10941.975,100.0,332530.0,6.438372289156627,3.8129060240963857,2.625466265060241
PEI5mgmL_80°C_Des.TXT,PEI5mgmL,80°C,Des,3356,10943.975,100.0,332530.0,6.438367469879518,3.812903614457831,2.6254638554216867
PEI5mgmL_80°C_Des.TXT,PEI5mgmL,80°C,Des,3357,10946.975,100.0,332530.0,6.438360240963855,3.8129,2.6254602409638554
PEI5mgmL_80°C_Des.TXT,PEI5mgmL,80°C,Des,3358,10948.975,100.0,332530.0,6.438355421686747,3.8129048192771084,2.625450602409639
PEI5mgmL_80°C_Des.TXT,PEI5mgmL,80°C,Des,3359,10955.975,100.0,332530.0,6.438338554216868,3.812921686746988,2.62541686746988
PEI5mgmL_80°C_Des.TXT,PEI5mgmL,80°C,Des,3360,10963.975,100.0,332530.0,6.438319277108434,3.8129409638554215,2.6253783132530124
PEI5mgmL_80°C_Des.TXT,PEI5mgmL,80°C,Des,3361,10971.975,100.0,332530.0,6.4383,3.8129602409638554,2.6253397590361445
PEI5mgmL_80°C_Des.TXT,PEI5mgmL,80°C,Des,3362,10973.975,100.0,332530.0,6.438292771084337,3.812965060240964,2.6253277108433735
PEI5mgmL_80°C_Des.TXT,PEI5mgmL,80°C,Des,3363,10976.975,100.0,332530.0,6.438281927710843,3.8129722891566264,2.6253096385542167
PEI5mgmL_80°C_Des.TXT,PEI5mgmL,80°C,Des,3364,10979.975,100.0,332530.0,6.438271084337349,3.812979518072289,2.62529156626506
PEI5mgmL_80°C_Des.TXT,PEI5mgmL,80°C,Des,3365,10981.975,100.0,332530.0,6.438263855421686,3.8129843373493975,2.625279518072289
PEI5mgmL_80°C_Des.TXT,PEI5mgmL,80°C,Des,3366,10984.975,100.0,332530.0,6.438253012048192,3.81299156626506,2.6252614457831323
PEI5mgmL_80°C_Des.TXT,PEI5mgmL,80°C,Des,3367,10989.975,100.0,332530.0,6.438234939759036,3.8130036144578314,2.625231325301205
PEI5mgmL_80°C_Des.TXT,PEI5mgmL,80°C,Des,3368,10992.975,100.0,332530.0,6.438224096385542,3.813010843373494,2.625213253012048
PEI5mgmL_80°C_Des.TXT,PEI5mgmL,80°C,Des,3369,10995.975,100.0,332530.0,6.438213253012048,3.8130180722891565,2.6251951807228915
PEI5mgmL_80°C_Des.TXT,PEI5mgmL,80°C,Des,3370,10997.975,100.0,332530.0,6.438206024096385,3.813022891566265,2.6251831325301205
PEI5mgmL_80°C_Des.TXT,PEI5mgmL,80°C,Des,3371,11000.975,100.0,332530.0,6.438195180722891,3.8130301204819275,2.6251650602409637
PEI5mgmL_80°C_Des.TXT,PEI5mgmL,80°C,Des,3372,11002.975,100.0,332530.0,6.438187951807229,3.813034939759036,2.6251530120481927
PEI5mgmL_80°C_Des.TXT,PEI5mgmL,80°C,Des,3373,11005.975,100.0,332530.0,6.4381771084337345,3.813042168674699,2.6251349397590356
PEI5mgmL_80°C_Des.TXT,PEI5mgmL,80°C,Des,3374,11008.975,100.0,332530.0,6.438166265060241,3.8130493975903614,2.6251168674698797
PEI5mgmL_80°C_Des.TXT,PEI5mgmL,80°C,Des,3375,11010.975,100.0,332530.0,6.438159036144578,3.81305421686747,2.625104819277108
PEI5mgmL_80°C_Des.TXT,PEI5mgmL,80°C,Des,3376,11013.975,100.0,332530.0,6.438148192771084,3.8130614457831324,2.625086746987952
PEI5mgmL_80°C_Des.TXT,PEI5mgmL,80°C,Des,3377,11016.975,100.0,332530.0,6.43813734939759,3.813068674698795,2.6250686746987952
PEI5mgmL_80°C_Des.TXT,PEI5mgmL,80°C,Des,3378,11018.975,100.0,332530.0,6.438130120481928,3.8130734939759034,2.6250566265060242
PEI5mgmL_80°C_Des.TXT,PEI5mgmL,80°C,Des,3379,11023.975,100.0,332530.0,6.438112048192771,3.8130855421686745,2.6250265060240965
PEI5mgmL_80°C_Des.TXT,PEI5mgmL,80°C,Des,3380,11026.975,100.0,332530.0,6.438101204819277,3.8130927710843374,2.6250084337349393
PEI5mgmL_80°C_Des.TXT,PEI5mgmL,80°C,Des,3381,11029.975,100.0,332530.0,6.4380903614457825,3.8131,2.6249903614457826
PEI5mgmL_80°C_Des.TXT,PEI5mgmL,80°C,Des,3382,11031.975,100.0,332530.0,6.43808313253012,3.8131,2.62498313253012
PEI5mgmL_80°C_Des.TXT,PEI5mgmL,80°C,Des,3383,11038.975,100.0,332530.0,6.438057831325301,3.8131,2.624957831325301
PEI5mgmL_80°C_Des.TXT,PEI5mgmL,80°C,Des,3384,11045.975,100.0,332530.0,6.4380325301204815,3.8131,2.6249325301204816
PEI5mgmL_80°C_Des.TXT,PEI5mgmL,80°C,Des,3385,11054.975,100.0,332530.0,6.438,3.8131,2.6249
PEI5mgmL_80°C_Des.TXT,PEI5mgmL,80°C,Des,3386,11056.975,100.0,332530.0,6.437992682926829,3.8131,2.6248926829268293
PEI5mgmL_80°C_Des.TXT,PEI5mgmL,80°C,Des,3387,11059.975,100.0,332530.0,6.437981707317073,3.8131,2.624881707317073
PEI5mgmL_80°C_Des.TXT,PEI5mgmL,80°C,Des,3388,11061.975,100.0,332530.0,6.437974390243903,3.8131,2.6248743902439027
PEI5mgmL_80°C_Des.TXT,PEI5mgmL,80°C,Des,3389,11064.975,100.0,332530.0,6.4379634146341465,3.8131,2.6248634146341465
PEI5mgmL_80°C_Des.TXT,PEI5mgmL,80°C,Des,3390,11067.975,100.0,332530.0,6.43795243902439,3.8131,2.6248524390243904
PEI5mgmL_80°C_Des.TXT,PEI5mgmL,80°C,Des,3391,11072.975,100.0,332530.0,6.437934146341464,3.8131,2.6248341463414637
PEI5mgmL_80°C_Des.TXT,PEI5mgmL,80°C,Des,3392,11074.975,100.0,332530.0,6.437926829268292,3.8131,2.6248268292682924
PEI5mgmL_80°C_Des.TXT,PEI5mgmL,80°C,Des,3393,11077.975,100.0,332530.0,6.437915853658536,3.8131,2.624815853658536
PEI5mgmL_80°C_Des.TXT,PEI5mgmL,80°C,Des,3394,11079.975,100.0,332530.0,6.437908536585366,3.8131,2.6248085365853657
PEI5mgmL_80°C_Des.TXT,PEI5mgmL,80°C,Des,3395,11082.975,100.0,332530.0,6.4378975609756095,3.8131,2.6247975609756096
PEI5mgmL_80°C_Des.TXT,PEI5mgmL,80°C,Des,3396,11085.975,100.0,332530.0,6.437886585365853,3.8131,2.6247865853658534
PEI5mgmL_80°C_Des.TXT,PEI5mgmL,80°C,Des,3397,11088.975,100.0,332530.0,6.437875609756097,3.8131,2.6247756097560972
PEI5mgmL_80°C_Des.TXT,PEI5mgmL,80°C,Des,3398,11090.975,100.0,332530.0,6.437868292682927,3.8131,2.6247682926829268
PEI5mgmL_80°C_Des.TXT,PEI5mgmL,80°C,Des,3399,11093.975,100.0,332530.0,6.4378573170731705,3.8131,2.6247573170731706
PEI5mgmL_80°C_Des.TXT,PEI5mgmL,80°C,Des,3400,11095.975,100.0,332530.0,6.43785,3.8131,2.62475
PEI5mgmL_80°C_Des.TXT,PEI5mgmL,80°C,Des,3401,11098.975,100.0,332530.0,6.437839024390244,3.8131,2.624739024390244
PEI5mgmL_80°C_Des.TXT,PEI5mgmL,80°C,Des,3402,11100.975,100.0,332530.0,6.437831707317073,3.8131,2.6247317073170735
PEI5mgmL_80°C_Des.TXT,PEI5mgmL,80°C,Des,3403,11106.975,100.0,332530.0,6.437809756097561,3.8131,2.624709756097561
PEI5mgmL_80°C_Des.TXT,PEI5mgmL,80°C,Des,3404,11108.975,100.0,332530.0,6.437802439024391,3.8131,2.6247024390243907
PEI5mgmL_80°C_Des.TXT,PEI5mgmL,80°C,Des,3405,11111.975,100.0,332530.0,6.4377914634146345,3.8131,2.6246914634146346
PEI5mgmL_80°C_Des.TXT,PEI5mgmL,80°C,Des,3406,11114.975,100.0,332530.0,6.437780487804878,3.8130927710843374,2.624687716720541
PEI5mgmL_80°C_Des.TXT,PEI5mgmL,80°C,Des,3407,11121.975,100.0,332530.0,6.437754878048781,3.813075903614458,2.6246789744343233
PEI5mgmL_80°C_Des.TXT,PEI5mgmL,80°C,Des,3408,11128.975,100.0,332530.0,6.437729268292683,3.8130590361445784,2.624670232148105
PEI5mgmL_80°C_Des.TXT,PEI5mgmL,80°C,Des,3409,11136.975,100.0,332530.0,6.4377,3.8130397590361444,2.624660240963856
PEI5mgmL_80°C_Des.TXT,PEI5mgmL,80°C,Des,3410,11139.975,100.0,332530.0,6.437696385542169,3.813032530120482,2.624663855421687
PEI5mgmL_80°C_Des.TXT,PEI5mgmL,80°C,Des,3411,11141.975,100.0,332530.0,6.437693975903615,3.8130277108433734,2.6246662650602417
PEI5mgmL_80°C_Des.TXT,PEI5mgmL,80°C,Des,3412,11144.975,100.0,332530.0,6.437690361445783,3.813020481927711,2.6246698795180725
PEI5mgmL_80°C_Des.TXT,PEI5mgmL,80°C,Des,3413,11146.975,100.0,332530.0,6.437687951807229,3.8130156626506024,2.6246722891566265
PEI5mgmL_80°C_Des.TXT,PEI5mgmL,80°C,Des,3414,11149.975,100.0,332530.0,6.437684337349398,3.81300843373494,2.6246759036144582
PEI5mgmL_80°C_Des.TXT,PEI5mgmL,80°C,Des,3415,11154.975,100.0,332530.0,6.437678313253012,3.8129963855421685,2.6246819277108435
PEI5mgmL_80°C_Des.TXT,PEI5mgmL,80°C,Des,3416,11157.975,100.0,332530.0,6.437674698795181,3.812989156626506,2.6246855421686752
PEI5mgmL_80°C_Des.TXT,PEI5mgmL,80°C,Des,3417,11159.975,100.0,332530.0,6.437672289156627,3.8129843373493975,2.6246879518072292
PEI5mgmL_80°C_Des.TXT,PEI5mgmL,80°C,Des,3418,11162.975,100.0,332530.0,6.437668674698795,3.812977108433735,2.62469156626506
PEI5mgmL_80°C_Des.TXT,PEI5mgmL,80°C,Des,3419,11165.975,100.0,332530.0,6.437665060240964,3.8129698795180724,2.6246951807228918
PEI5mgmL_80°C_Des.TXT,PEI5mgmL,80°C,Des,3420,11167.975,100.0,332530.0,6.43766265060241,3.812965060240964,2.624697590361446
PEI5mgmL_80°C_Des.TXT,PEI5mgmL,80°C,Des,3421,11170.975,100.0,332530.0,6.437659036144579,3.812957831325301,2.624701204819278
PEI5mgmL_80°C_Des.TXT,PEI5mgmL,80°C,Des,3422,11173.975,100.0,332530.0,6.437655421686747,3.8129506024096385,2.6247048192771087
PEI5mgmL_80°C_Des.TXT,PEI5mgmL,80°C,Des,3423,11176.975,100.0,332530.0,6.4376518072289155,3.812943373493976,2.6247084337349396
PEI5mgmL_80°C_Des.TXT,PEI5mgmL,80°C,Des,3424,11178.975,100.0,332530.0,6.437649397590362,3.8129385542168674,2.6247108433734945
PEI5mgmL_80°C_Des.TXT,PEI5mgmL,80°C,Des,3425,11181.975,100.0,332530.0,6.43764578313253,3.812931325301205,2.6247144578313253
PEI5mgmL_80°C_Des.TXT,PEI5mgmL,80°C,Des,3426,11184.975,100.0,332530.0,6.4376421686746985,3.812924096385542,2.6247180722891565
PEI5mgmL_80°C_Des.TXT,PEI5mgmL,80°C,Des,3427,11189.975,100.0,332530.0,6.437636144578313,3.812912048192771,2.6247240963855423
PEI5mgmL_80°C_Des.TXT,PEI5mgmL,80°C,Des,3428,11191.975,100.0,332530.0,6.437633734939759,3.8129072289156625,2.6247265060240963
PEI5mgmL_80°C_Des.TXT,PEI5mgmL,80°C,Des,3429,11194.975,100.0,332530.0,6.437630120481928,3.8129,2.624730120481928
PEI5mgmL_80°C_Des.TXT,PEI5mgmL,80°C,Des,3430,11197.975,100.0,332530.0,6.437626506024096,3.812892682926829,2.624733823097267
PEI5mgmL_80°C_Des.TXT,PEI5mgmL,80°C,Des,3431,11203.975,100.0,332530.0,6.437619277108434,3.8128780487804876,2.624741228327946
PEI5mgmL_80°C_Des.TXT,PEI5mgmL,80°C,Des,3432,11211.975,100.0,332530.0,6.437609638554217,3.8128585365853658,2.624751101968851
PEI5mgmL_80°C_Des.TXT,PEI5mgmL,80°C,Des,3433,11219.975,100.0,332530.0,6.4376,3.812839024390244,2.624760975609756
PEI5mgmL_80°C_Des.TXT,PEI5mgmL,80°C,Des,3434,11221.975,100.0,332530.0,6.4376,3.8128341463414634,2.6247658536585363
PEI5mgmL_80°C_Des.TXT,PEI5mgmL,80°C,Des,3435,11224.975,100.0,332530.0,6.4376,3.8128268292682925,2.6247731707317072
PEI5mgmL_80°C_Des.TXT,PEI5mgmL,80°C,Des,3436,11227.975,100.0,332530.0,6.4376,3.812819512195122,2.6247804878048777
PEI5mgmL_80°C_Des.TXT,PEI5mgmL,80°C,Des,3437,11230.975,100.0,332530.0,6.4376,3.812812195121951,2.6247878048780486
PEI5mgmL_80°C_Des.TXT,PEI5mgmL,80°C,Des,3438,11232.975,100.0,332530.0,6.4376,3.8128073170731707,2.624792682926829
PEI5mgmL_80°C_Des.TXT,PEI5mgmL,80°C,Des,3439,11237.975,100.0,332530.0,6.4376,3.8127951219512193,2.6248048780487805
PEI5mgmL_80°C_Des.TXT,PEI5mgmL,80°C,Des,3440,11240.975,100.0,332530.0,6.4376,3.812787804878049,2.624812195121951
PEI5mgmL_80°C_Des.TXT,PEI5mgmL,80°C,Des,3441,11242.975,100.0,332530.0,6.4376,3.8127829268292683,2.6248170731707314
PEI5mgmL_80°C_Des.TXT,PEI5mgmL,80°C,Des,3442,11245.975,100.0,332530.0,6.4376,3.8127756097560974,2.6248243902439024
PEI5mgmL_80°C_Des.TXT,PEI5mgmL,80°C,Des,3443,11248.975,100.0,332530.0,6.4376,3.812768292682927,2.624831707317073
PEI5mgmL_80°C_Des.TXT,PEI5mgmL,80°C,Des,3444,11250.975,100.0,332530.0,6.4376,3.8127634146341465,2.6248365853658533
PEI5mgmL_80°C_Des.TXT,PEI5mgmL,80°C,Des,3445,11253.975,100.0,332530.0,6.4376,3.8127560975609756,2.624843902439024
PEI5mgmL_80°C_Des.TXT,PEI5mgmL,80°C,Des,3446,11255.975,100.0,332530.0,6.4376,3.812751219512195,2.6248487804878047
PEI5mgmL_80°C_Des.TXT,PEI5mgmL,80°C,Des,3447,11258.975,100.0,332530.0,6.4376,3.812743902439024,2.6248560975609756
PEI5mgmL_80°C_Des.TXT,PEI5mgmL,80°C,Des,3448,11261.975,100.0,332530.0,6.4376,3.8127365853658537,2.624863414634146
PEI5mgmL_80°C_Des.TXT,PEI5mgmL,80°C,Des,3449,11263.975,100.0,332530.0,6.4376,3.8127317073170732,2.6248682926829265
PEI5mgmL_80°C_Des.TXT,PEI5mgmL,80°C,Des,3450,11266.975,100.0,332530.0,6.4376,3.8127243902439023,2.6248756097560975
PEI5mgmL_80°C_Des.TXT,PEI5mgmL,80°C,Des,3451,11271.975,100.0,332530.0,6.4376,3.8127121951219514,2.6248878048780484
PEI5mgmL_80°C_Des.TXT,PEI5mgmL,80°C,Des,3452,11273.975,100.0,332530.0,6.4376,3.812707317073171,2.624892682926829
PEI5mgmL_80°C_Des.TXT,PEI5mgmL,80°C,Des,3453,11276.975,100.0,332530.0,6.4376,3.8127,2.6249
PEI5mgmL_80°C_Des.TXT,PEI5mgmL,80°C,Des,3454,11279.975,100.0,332530.0,6.4376,3.8126963414634147,2.624903658536585
PEI5mgmL_80°C_Des.TXT,PEI5mgmL,80°C,Des,3455,11286.975,100.0,332530.0,6.4376,3.8126878048780486,2.624912195121951
PEI5mgmL_80°C_Des.TXT,PEI5mgmL,80°C,Des,3456,11293.975,100.0,332530.0,6.4376,3.812679268292683,2.624920731707317
PEI5mgmL_80°C_Des.TXT,PEI5mgmL,80°C,Des,3457,11301.975,100.0,332530.0,6.4376,3.812669512195122,2.624930487804878
PEI5mgmL_80°C_Des.TXT,PEI5mgmL,80°C,Des,3458,11303.975,100.0,332530.0,6.437590243902439,3.812667073170732,2.624923170731707
PEI5mgmL_80°C_Des.TXT,PEI5mgmL,80°C,Des,3459,11306.975,100.0,332530.0,6.437575609756097,3.8126634146341463,2.6249121951219507
PEI5mgmL_80°C_Des.TXT,PEI5mgmL,80°C,Des,3460,11309.975,100.0,332530.0,6.437560975609756,3.812659756097561,2.624901219512195
PEI5mgmL_80°C_Des.TXT,PEI5mgmL,80°C,Des,3461,11311.975,100.0,332530.0,6.437551219512195,3.812657317073171,2.624893902439024
PEI5mgmL_80°C_Des.TXT,PEI5mgmL,80°C,Des,3462,11314.975,100.0,332530.0,6.437536585365853,3.8126536585365853,2.624882926829268
PEI5mgmL_80°C_Des.TXT,PEI5mgmL,80°C,Des,3463,11319.975,100.0,332530.0,6.437512195121951,3.8126475609756096,2.6248646341463417
PEI5mgmL_80°C_Des.TXT,PEI5mgmL,80°C,Des,3464,11321.975,100.0,332530.0,6.4375024390243905,3.8126451219512196,2.624857317073171
PEI5mgmL_80°C_Des.TXT,PEI5mgmL,80°C,Des,3465,11324.975,100.0,332530.0,6.437487804878049,3.8126414634146344,2.6248463414634142
PEI5mgmL_80°C_Des.TXT,PEI5mgmL,80°C,Des,3466,11327.975,100.0,332530.0,6.437473170731707,3.8126378048780487,2.624835365853658
PEI5mgmL_80°C_Des.TXT,PEI5mgmL,80°C,Des,3467,11329.975,100.0,332530.0,6.437463414634146,3.8126353658536587,2.624828048780487
PEI5mgmL_80°C_Des.TXT,PEI5mgmL,80°C,Des,3468,11332.975,100.0,332530.0,6.437448780487805,3.8126317073170735,2.6248170731707314
PEI5mgmL_80°C_Des.TXT,PEI5mgmL,80°C,Des,3469,11335.975,100.0,332530.0,6.437434146341463,3.8126280487804878,2.6248060975609753
PEI5mgmL_80°C_Des.TXT,PEI5mgmL,80°C,Des,3470,11337.975,100.0,332530.0,6.437424390243902,3.8126256097560978,2.6247987804878044
PEI5mgmL_80°C_Des.TXT,PEI5mgmL,80°C,Des,3471,11340.975,100.0,332530.0,6.437409756097561,3.8126219512195125,2.6247878048780486
PEI5mgmL_80°C_Des.TXT,PEI5mgmL,80°C,Des,3472,11342.975,100.0,332530.0,6.4374,3.812619512195122,2.624780487804878
PEI5mgmL_80°C_Des.TXT,PEI5mgmL,80°C,Des,3473,11345.975,100.0,332530.0,6.437385365853658,3.812615853658537,2.6247695121951216
PEI5mgmL_80°C_Des.TXT,PEI5mgmL,80°C,Des,3474,11347.975,100.0,332530.0,6.4373756097560975,3.8126134146341464,2.624762195121951
PEI5mgmL_80°C_Des.TXT,PEI5mgmL,80°C,Des,3475,11352.975,100.0,332530.0,6.437351219512195,3.812607317073171,2.6247439024390236
PEI5mgmL_80°C_Des.TXT,PEI5mgmL,80°C,Des,3476,11355.975,100.0,332530.0,6.437336585365854,3.8126036585365854,2.6247329268292683
PEI5mgmL_80°C_Des.TXT,PEI5mgmL,80°C,Des,3477,11358.975,100.0,332530.0,6.437321951219512,3.8126,2.6247219512195117
PEI5mgmL_80°C_Des.TXT,PEI5mgmL,80°C,Des,3478,11360.975,100.0,332530.0,6.437312195121951,3.8125951219512197,2.624717073170731
PEI5mgmL_80°C_Des.TXT,PEI5mgmL,80°C,Des,3479,11367.975,100.0,332530.0,6.437278048780487,3.812578048780488,2.6246999999999994
PEI5mgmL_80°C_Des.TXT,PEI5mgmL,80°C,Des,3480,11375.975,100.0,332530.0,6.4372390243902435,3.812558536585366,2.6246804878048775
PEI5mgmL_80°C_Des.TXT,PEI5mgmL,80°C,Des,3481,11383.975,100.0,332530.0,6.4372,3.812539024390244,2.6246609756097556
PEI5mgmL_80°C_Des.TXT,PEI5mgmL,80°C,Des,3482,11385.975,100.0,332530.0,6.437195121951219,3.8125341463414637,2.624660975609755
PEI5mgmL_80°C_Des.TXT,PEI5mgmL,80°C,Des,3483,11388.975,100.0,332530.0,6.437187804878048,3.812526829268293,2.6246609756097556
PEI5mgmL_80°C_Des.TXT,PEI5mgmL,80°C,Des,3484,11391.975,100.0,332530.0,6.437180487804878,3.812519512195122,2.624660975609756
PEI5mgmL_80°C_Des.TXT,PEI5mgmL,80°C,Des,3485,11393.975,100.0,332530.0,6.437175609756097,3.8125146341463414,2.6246609756097556
PEI5mgmL_80°C_Des.TXT,PEI5mgmL,80°C,Des,3486,11396.975,100.0,332530.0,6.437168292682927,3.812507317073171,2.6246609756097556
PEI5mgmL_80°C_Des.TXT,PEI5mgmL,80°C,Des,3487,11401.975,100.0,332530.0,6.437156097560975,3.8124951219512195,2.6246609756097556
PEI5mgmL_80°C_Des.TXT,PEI5mgmL,80°C,Des,3488,11404.975,100.0,332530.0,6.437148780487805,3.8124878048780486,2.624660975609756
PEI5mgmL_80°C_Des.TXT,PEI5mgmL,80°C,Des,3489,11407.975,100.0,332530.0,6.437141463414634,3.812480487804878,2.624660975609756
PEI5mgmL_80°C_Des.TXT,PEI5mgmL,80°C,Des,3490,11409.975,100.0,332530.0,6.437136585365853,3.8124756097560977,2.6246609756097556
PEI5mgmL_80°C_Des.TXT,PEI5mgmL,80°C,Des,3491,11412.975,100.0,332530.0,6.437129268292683,3.8124682926829268,2.624660975609756
PEI5mgmL_80°C_Des.TXT,PEI5mgmL,80°C,Des,3492,11414.975,100.0,332530.0,6.437124390243903,3.8124634146341463,2.6246609756097565
PEI5mgmL_80°C_Des.TXT,PEI5mgmL,80°C,Des,3493,11417.975,100.0,332530.0,6.4371170731707315,3.8124560975609754,2.624660975609756
PEI5mgmL_80°C_Des.TXT,PEI5mgmL,80°C,Des,3494,11419.975,100.0,332530.0,6.437112195121951,3.812451219512195,2.6246609756097565
PEI5mgmL_80°C_Des.TXT,PEI5mgmL,80°C,Des,3495,11422.975,100.0,332530.0,6.437104878048781,3.8124439024390244,2.6246609756097565
PEI5mgmL_80°C_Des.TXT,PEI5mgmL,80°C,Des,3496,11425.975,100.0,332530.0,6.43709756097561,3.8124365853658535,2.624660975609756
PEI5mgmL_80°C_Des.TXT,PEI5mgmL,80°C,Des,3497,11427.975,100.0,332530.0,6.43709268292683,3.812431707317073,2.6246609756097565
PEI5mgmL_80°C_Des.TXT,PEI5mgmL,80°C,Des,3498,11430.975,100.0,332530.0,6.437085365853658,3.812424390243902,2.624660975609756
PEI5mgmL_80°C_Des.TXT,PEI5mgmL,80°C,Des,3499,11435.975,100.0,332530.0,6.437073170731708,3.812412195121951,2.6246609756097565
PEI5mgmL_80°C_Des.TXT,PEI5mgmL,80°C,Des,3500,11437.975,100.0,332530.0,6.437068292682927,3.8124073170731707,2.624660975609756
PEI5mgmL_80°C_Des.TXT,PEI5mgmL,80°C,Des,3501,11440.975,100.0,332530.0,6.437060975609756,3.8124,2.6246609756097565
PEI5mgmL_80°C_Des.TXT,PEI5mgmL,80°C,Des,3502,11443.975,100.0,332530.0,6.437053658536586,3.812389156626506,2.62466450191008
PEI5mgmL_80°C_Des.TXT,PEI5mgmL,80°C,Des,3503,11450.975,100.0,332530.0,6.4370365853658535,3.8123638554216868,2.624672729944167
PEI5mgmL_80°C_Des.TXT,PEI5mgmL,80°C,Des,3504,11457.975,100.0,332530.0,6.437019512195122,3.8123385542168675,2.6246809579782546
PEI5mgmL_80°C_Des.TXT,PEI5mgmL,80°C,Des,3505,11465.975,100.0,332530.0,6.437,3.8123096385542166,2.6246903614457837
PEI5mgmL_80°C_Des.TXT,PEI5mgmL,80°C,Des,3506,11468.975,100.0,332530.0,6.436989156626506,3.812298795180723,2.6246903614457833
PEI5mgmL_80°C_Des.TXT,PEI5mgmL,80°C,Des,3507,11470.975,100.0,332530.0,6.4369819277108435,3.8122915662650603,2.6246903614457833
PEI5mgmL_80°C_Des.TXT,PEI5mgmL,80°C,Des,3508,11473.975,100.0,332530.0,6.436971084337349,3.812280722891566,2.6246903614457833
PEI5mgmL_80°C_Des.TXT,PEI5mgmL,80°C,Des,3509,11476.975,100.0,332530.0,6.436960240963856,3.8122698795180723,2.6246903614457837
PEI5mgmL_80°C_Des.TXT,PEI5mgmL,80°C,Des,3510,11479.975,100.0,332530.0,6.436949397590362,3.812259036144578,2.6246903614457837
PEI5mgmL_80°C_Des.TXT,PEI5mgmL,80°C,Des,3511,11484.975,100.0,332530.0,6.436931325301205,3.8122409638554218,2.6246903614457833
PEI5mgmL_80°C_Des.TXT,PEI5mgmL,80°C,Des,3512,11486.975,100.0,332530.0,6.4369240963855425,3.812233734939759,2.6246903614457837
PEI5mgmL_80°C_Des.TXT,PEI5mgmL,80°C,Des,3513,11489.975,100.0,332530.0,6.436913253012048,3.812222891566265,2.6246903614457833
PEI5mgmL_80°C_Des.TXT,PEI5mgmL,80°C,Des,3514,11491.975,100.0,332530.0,6.436906024096386,3.8122156626506025,2.6246903614457833
PEI5mgmL_80°C_Des.TXT,PEI5mgmL,80°C,Des,3515,11494.975,100.0,332530.0,6.436895180722892,3.8122048192771083,2.6246903614457833
PEI5mgmL_80°C_Des.TXT,PEI5mgmL,80°C,Des,3516,11497.975,100.0,332530.0,6.436884337349397,3.8121939759036145,2.624690361445783
PEI5mgmL_80°C_Des.TXT,PEI5mgmL,80°C,Des,3517,11499.975,100.0,332530.0,6.436877108433735,3.8121867469879516,2.6246903614457833
PEI5mgmL_80°C_Des.TXT,PEI5mgmL,80°C,Des,3518,11502.975,100.0,332530.0,6.4368662650602415,3.812175903614458,2.6246903614457837
PEI5mgmL_80°C_Des.TXT,PEI5mgmL,80°C,Des,3519,11505.975,100.0,332530.0,6.436855421686747,3.812165060240964,2.6246903614457833
PEI5mgmL_80°C_Des.TXT,PEI5mgmL,80°C,Des,3520,11507.975,100.0,332530.0,6.436848192771085,3.812157831325301,2.6246903614457837
PEI5mgmL_80°C_Des.TXT,PEI5mgmL,80°C,Des,3521,11510.975,100.0,332530.0,6.436837349397591,3.8121469879518073,2.6246903614457833
PEI5mgmL_80°C_Des.TXT,PEI5mgmL,80°C,Des,3522,11513.975,100.0,332530.0,6.436826506024096,3.812136144578313,2.6246903614457833
PEI5mgmL_80°C_Des.TXT,PEI5mgmL,80°C,Des,3523,11518.975,100.0,332530.0,6.43680843373494,3.812118072289157,2.624690361445783
PEI5mgmL_80°C_Des.TXT,PEI5mgmL,80°C,Des,3524,11520.975,100.0,332530.0,6.436801204819277,3.812110843373494,2.6246903614457833
PEI5mgmL_80°C_Des.TXT,PEI5mgmL,80°C,Des,3525,11523.975,100.0,332530.0,6.436790361445783,3.8121,2.624690361445783
PEI5mgmL_80°C_Des.TXT,PEI5mgmL,80°C,Des,3526,11526.975,100.0,332530.0,6.4367795180722895,3.8120891566265063,2.6246903614457833
PEI5mgmL_80°C_Des.TXT,PEI5mgmL,80°C,Des,3527,11533.975,100.0,332530.0,6.43675421686747,3.8120638554216866,2.6246903614457837
PEI5mgmL_80°C_Des.TXT,PEI5mgmL,80°C,Des,3528,11540.975,100.0,332530.0,6.436728915662651,3.8120385542168673,2.6246903614457837
PEI5mgmL_80°C_Des.TXT,PEI5mgmL,80°C,Des,3529,11548.975,100.0,332530.0,6.4367,3.812009638554217,2.6246903614457833
PEI5mgmL_80°C_Des.TXT,PEI5mgmL,80°C,Des,3530,11551.975,100.0,332530.0,6.436689156626506,3.811998795180723,2.624690361445783
PEI5mgmL_80°C_Des.TXT,PEI5mgmL,80°C,Des,3531,11554.975,100.0,332530.0,6.4366783132530125,3.811987951807229,2.6246903614457837
PEI5mgmL_80°C_Des.TXT,PEI5mgmL,80°C,Des,3532,11556.975,100.0,332530.0,6.436671084337349,3.8119807228915663,2.624690361445783
PEI5mgmL_80°C_Des.TXT,PEI5mgmL,80°C,Des,3533,11559.975,100.0,332530.0,6.436660240963856,3.811969879518072,2.6246903614457837
PEI5mgmL_80°C_Des.TXT,PEI5mgmL,80°C,Des,3534,11562.975,100.0,332530.0,6.436649397590362,3.8119590361445783,2.6246903614457833
PEI5mgmL_80°C_Des.TXT,PEI5mgmL,80°C,Des,3535,11567.975,100.0,332530.0,6.436631325301205,3.8119409638554216,2.6246903614457833
PEI5mgmL_80°C_Des.TXT,PEI5mgmL,80°C,Des,3536,11569.975,100.0,332530.0,6.436624096385542,3.811933734939759,2.6246903614457833
PEI5mgmL_80°C_Des.TXT,PEI5mgmL,80°C,Des,3537,11572.975,100.0,332530.0,6.436613253012048,3.811922891566265,2.6246903614457833
PEI5mgmL_80°C_Des.TXT,PEI5mgmL,80°C,Des,3538,11574.975,100.0,332530.0,6.436606024096386,3.8119156626506023,2.6246903614457833
PEI5mgmL_80°C_Des.TXT,PEI5mgmL,80°C,Des,3539,11577.975,100.0,332530.0,6.436595180722891,3.8119048192771086,2.624690361445783
PEI5mgmL_80°C_Des.TXT,PEI5mgmL,80°C,Des,3540,11579.975,100.0,332530.0,6.436587951807229,3.8118975903614456,2.6246903614457833
PEI5mgmL_80°C_Des.TXT,PEI5mgmL,80°C,Des,3541,11582.975,100.0,332530.0,6.436577108433735,3.811886746987952,2.624690361445783
PEI5mgmL_80°C_Des.TXT,PEI5mgmL,80°C,Des,3542,11585.975,100.0,332530.0,6.436566265060241,3.8118759036144576,2.6246903614457837
PEI5mgmL_80°C_Des.TXT,PEI5mgmL,80°C,Des,3543,11587.975,100.0,332530.0,6.436559036144578,3.811868674698795,2.624690361445783
PEI5mgmL_80°C_Des.TXT,PEI5mgmL,80°C,Des,3544,11590.975,100.0,332530.0,6.436548192771085,3.8118578313253013,2.6246903614457833
PEI5mgmL_80°C_Des.TXT,PEI5mgmL,80°C,Des,3545,11593.975,100.0,332530.0,6.43653734939759,3.811846987951807,2.6246903614457833
PEI5mgmL_80°C_Des.TXT,PEI5mgmL,80°C,Des,3546,11595.975,100.0,332530.0,6.436530120481928,3.8118397590361446,2.6246903614457833
PEI5mgmL_80°C_Des.TXT,PEI5mgmL,80°C,Des,3547,11601.975,100.0,332530.0,6.436508433734939,3.8118180722891566,2.624690361445783
PEI5mgmL_80°C_Des.TXT,PEI5mgmL,80°C,Des,3548,11603.975,100.0,332530.0,6.436501204819277,3.8118108433734936,2.6246903614457833
PEI5mgmL_80°C_Des.TXT,PEI5mgmL,80°C,Des,3549,11606.975,100.0,332530.0,6.436490361445783,3.8118,2.624690361445783
PEI5mgmL_80°C_Des.TXT,PEI5mgmL,80°C,Des,3550,11608.975,100.0,332530.0,6.43648313253012,3.8117951219512194,2.6246880105789008
PEI5mgmL_80°C_Des.TXT,PEI5mgmL,80°C,Des,3551,11615.975,100.0,332530.0,6.436457831325301,3.8117780487804875,2.6246797825448134
PEI5mgmL_80°C_Des.TXT,PEI5mgmL,80°C,Des,3552,11623.975,100.0,332530.0,6.436428915662651,3.8117585365853657,2.624670379077285
PEI5mgmL_80°C_Des.TXT,PEI5mgmL,80°C,Des,3553,11631.975,100.0,332530.0,6.4364,3.811739024390244,2.624660975609756
PEI5mgmL_80°C_Des.TXT,PEI5mgmL,80°C,Des,3554,11633.975,100.0,332530.0,6.436395121951219,3.8117341463414633,2.6246609756097556
PEI5mgmL_80°C_Des.TXT,PEI5mgmL,80°C,Des,3555,11636.975,100.0,332530.0,6.4363878048780485,3.8117268292682924,2.624660975609756
PEI5mgmL_80°C_Des.TXT,PEI5mgmL,80°C,Des,3556,11638.975,100.0,332530.0,6.4363829268292685,3.811721951219512,2.6246609756097565
PEI5mgmL_80°C_Des.TXT,PEI5mgmL,80°C,Des,3557,11641.975,100.0,332530.0,6.436375609756097,3.8117146341463415,2.6246609756097556
PEI5mgmL_80°C_Des.TXT,PEI5mgmL,80°C,Des,3558,11644.975,100.0,332530.0,6.436368292682927,3.8117073170731706,2.624660975609756
PEI5mgmL_80°C_Des.TXT,PEI5mgmL,80°C,Des,3559,11649.975,100.0,332530.0,6.436356097560975,3.811695121951219,2.624660975609756
PEI5mgmL_80°C_Des.TXT,PEI5mgmL,80°C,Des,3560,11651.975,100.0,332530.0,6.436351219512195,3.8116902439024387,2.6246609756097565
PEI5mgmL_80°C_Des.TXT,PEI5mgmL,80°C,Des,3561,11654.975,100.0,332530.0,6.436343902439025,3.8116829268292682,2.6246609756097565
PEI5mgmL_80°C_Des.TXT,PEI5mgmL,80°C,Des,3562,11657.975,100.0,332530.0,6.436336585365853,3.8116756097560973,2.624660975609756
PEI5mgmL_80°C_Des.TXT,PEI5mgmL,80°C,Des,3563,11659.975,100.0,332530.0,6.436331707317073,3.811670731707317,2.6246609756097565
PEI5mgmL_80°C_Des.TXT,PEI5mgmL,80°C,Des,3564,11662.975,100.0,332530.0,6.436324390243903,3.8116634146341464,2.6246609756097565
PEI5mgmL_80°C_Des.TXT,PEI5mgmL,80°C,Des,3565,11665.975,100.0,332530.0,6.4363170731707315,3.8116560975609755,2.624660975609756
PEI5mgmL_80°C_Des.TXT,PEI5mgmL,80°C,Des,3566,11667.975,100.0,332530.0,6.4363121951219515,3.811651219512195,2.6246609756097565
PEI5mgmL_80°C_Des.TXT,PEI5mgmL,80°C,Des,3567,11670.975,100.0,332530.0,6.436304878048781,3.811643902439024,2.624660975609757
PEI5mgmL_80°C_Des.TXT,PEI5mgmL,80°C,Des,3568,11672.975,100.0,332530.0,6.4363,3.8116390243902436,2.6246609756097565
PEI5mgmL_80°C_Des.TXT,PEI5mgmL,80°C,Des,3569,11675.975,100.0,332530.0,6.43629268292683,3.811631707317073,2.6246609756097565
PEI5mgmL_80°C_Des.TXT,PEI5mgmL,80°C,Des,3570,11677.975,100.0,332530.0,6.436287804878049,3.8116268292682927,2.624660975609756
PEI5mgmL_80°C_Des.TXT,PEI5mgmL,80°C,Des,3571,11683.975,100.0,332530.0,6.436273170731708,3.8116121951219513,2.6246609756097565
PEI5mgmL_80°C_Des.TXT,PEI5mgmL,80°C,Des,3572,11685.975,100.0,332530.0,6.436268292682927,3.811607317073171,2.624660975609756
PEI5mgmL_80°C_Des.TXT,PEI5mgmL,80°C,Des,3573,11688.975,100.0,332530.0,6.436260975609756,3.8116,2.6246609756097565
PEI5mgmL_80°C_Des.TXT,PEI5mgmL,80°C,Des,3574,11691.975,100.0,332530.0,6.436253658536586,3.8115890243902437,2.624664634146342
PEI5mgmL_80°C_Des.TXT,PEI5mgmL,80°C,Des,3575,11697.975,100.0,332530.0,6.436239024390244,3.8115670731707314,2.6246719512195127
PEI5mgmL_80°C_Des.TXT,PEI5mgmL,80°C,Des,3576,11705.975,100.0,332530.0,6.436219512195122,3.8115378048780486,2.6246817073170736
PEI5mgmL_80°C_Des.TXT,PEI5mgmL,80°C,Des,3577,11713.975,100.0,332530.0,6.4362,3.811508536585366,2.6246914634146346
PEI5mgmL_80°C_Des.TXT,PEI5mgmL,80°C,Des,3578,11716.975,100.0,332530.0,6.4362,3.8114975609756097,2.6247024390243907
PEI5mgmL_80°C_Des.TXT,PEI5mgmL,80°C,Des,3579,11718.975,100.0,332530.0,6.4362,3.811490243902439,2.624709756097561
PEI5mgmL_80°C_Des.TXT,PEI5mgmL,80°C,Des,3580,11721.975,100.0,332530.0,6.4362,3.811479268292683,2.6247207317073173
PEI5mgmL_80°C_Des.TXT,PEI5mgmL,80°C,Des,3581,11723.975,100.0,332530.0,6.4362,3.811471951219512,2.6247280487804883
PEI5mgmL_80°C_Des.TXT,PEI5mgmL,80°C,Des,3582,11726.975,100.0,332530.0,6.4362,3.811460975609756,2.6247390243902444
PEI5mgmL_80°C_Des.TXT,PEI5mgmL,80°C,Des,3583,11731.975,100.0,332530.0,6.4362,3.8114426829268293,2.624757317073171
PEI5mgmL_80°C_Des.TXT,PEI5mgmL,80°C,Des,3584,11734.975,100.0,332530.0,6.4362,3.811431707317073,2.624768292682927
PEI5mgmL_80°C_Des.TXT,PEI5mgmL,80°C,Des,3585,11736.975,100.0,332530.0,6.4362,3.8114243902439027,2.6247756097560977
PEI5mgmL_80°C_Des.TXT,PEI5mgmL,80°C,Des,3586,11739.975,100.0,332530.0,6.4362,3.8114134146341465,2.624786585365854
PEI5mgmL_80°C_Des.TXT,PEI5mgmL,80°C,Des,3587,11742.975,100.0,332530.0,6.4362,3.8114024390243904,2.62479756097561
PEI5mgmL_80°C_Des.TXT,PEI5mgmL,80°C,Des,3588,11744.975,100.0,332530.0,6.4362,3.8113951219512194,2.624804878048781
PEI5mgmL_80°C_Des.TXT,PEI5mgmL,80°C,Des,3589,11747.975,100.0,332530.0,6.4362,3.8113841463414633,2.624815853658537
PEI5mgmL_80°C_Des.TXT,PEI5mgmL,80°C,Des,3590,11749.975,100.0,332530.0,6.4362,3.811376829268293,2.6248231707317076
PEI5mgmL_80°C_Des.TXT,PEI5mgmL,80°C,Des,3591,11752.975,100.0,332530.0,6.4362,3.8113658536585366,2.6248341463414637
PEI5mgmL_80°C_Des.TXT,PEI5mgmL,80°C,Des,3592,11754.975,100.0,332530.0,6.4362,3.8113585365853657,2.6248414634146346
PEI5mgmL_80°C_Des.TXT,PEI5mgmL,80°C,Des,3593,11757.975,100.0,332530.0,6.4362,3.81134756097561,2.6248524390243904
PEI5mgmL_80°C_Des.TXT,PEI5mgmL,80°C,Des,3594,11760.975,100.0,332530.0,6.4362,3.811336585365854,2.6248634146341465
PEI5mgmL_80°C_Des.TXT,PEI5mgmL,80°C,Des,3595,11765.975,100.0,332530.0,6.4362,3.8113182926829268,2.6248817073170736
PEI5mgmL_80°C_Des.TXT,PEI5mgmL,80°C,Des,3596,11767.975,100.0,332530.0,6.4362,3.8113109756097563,2.624889024390244
PEI5mgmL_80°C_Des.TXT,PEI5mgmL,80°C,Des,3597,11770.975,100.0,332530.0,6.4362,3.8113,2.6249000000000002
PEI5mgmL_80°C_Des.TXT,PEI5mgmL,80°C,Des,3598,11772.975,100.0,332530.0,6.4362,3.8113024390243906,2.62489756097561
PEI5mgmL_80°C_Des.TXT,PEI5mgmL,80°C,Des,3599,11779.975,100.0,332530.0,6.4362,3.8113109756097563,2.624889024390244
PEI5mgmL_80°C_Des.TXT,PEI5mgmL,80°C,Des,3600,11786.975,100.0,332530.0,6.4362,3.811319512195122,2.6248804878048784
PEI5mgmL_80°C_Des.TXT,PEI5mgmL,80°C,Des,3601,11795.975,100.0,332530.0,6.4362,3.811330487804878,2.624869512195122
PEI5mgmL_80°C_Des.TXT,PEI5mgmL,80°C,Des,3602,11797.975,100.0,332530.0,6.4361951219512195,3.811332926829268,2.6248621951219513
PEI5mgmL_80°C_Des.TXT,PEI5mgmL,80°C,Des,3603,11800.975,100.0,332530.0,6.436187804878049,3.811336585365854,2.624851219512195
PEI5mgmL_80°C_Des.TXT,PEI5mgmL,80°C,Des,3604,11802.975,100.0,332530.0,6.436182926829269,3.811339024390244,2.624843902439025
PEI5mgmL_80°C_Des.TXT,PEI5mgmL,80°C,Des,3605,11805.975,100.0,332530.0,6.436175609756098,3.811342682926829,2.6248329268292685
PEI5mgmL_80°C_Des.TXT,PEI5mgmL,80°C,Des,3606,11807.975,100.0,332530.0,6.436170731707318,3.8113451219512196,2.624825609756098
PEI5mgmL_80°C_Des.TXT,PEI5mgmL,80°C,Des,3607,11813.975,100.0,332530.0,6.436156097560976,3.8113524390243905,2.6248036585365853
PEI5mgmL_80°C_Des.TXT,PEI5mgmL,80°C,Des,3608,11815.975,100.0,332530.0,6.436151219512196,3.8113548780487805,2.6247963414634152
PEI5mgmL_80°C_Des.TXT,PEI5mgmL,80°C,Des,3609,11818.975,100.0,332530.0,6.436143902439024,3.8113585365853657,2.6247853658536586
PEI5mgmL_80°C_Des.TXT,PEI5mgmL,80°C,Des,3610,11820.975,100.0,332530.0,6.436139024390244,3.811360975609756,2.624778048780488
PEI5mgmL_80°C_Des.TXT,PEI5mgmL,80°C,Des,3611,11823.975,100.0,332530.0,6.436131707317073,3.8113646341463414,2.6247670731707315
PEI5mgmL_80°C_Des.TXT,PEI5mgmL,80°C,Des,3612,11826.975,100.0,332530.0,6.4361243902439025,3.8113682926829267,2.624756097560976
PEI5mgmL_80°C_Des.TXT,PEI5mgmL,80°C,Des,3613,11828.975,100.0,332530.0,6.4361195121951225,3.811370731707317,2.6247487804878054
PEI5mgmL_80°C_Des.TXT,PEI5mgmL,80°C,Des,3614,11831.975,100.0,332530.0,6.436112195121951,3.8113743902439023,2.6247378048780488
PEI5mgmL_80°C_Des.TXT,PEI5mgmL,80°C,Des,3615,11834.975,100.0,332530.0,6.436104878048781,3.8113780487804876,2.624726829268293
PEI5mgmL_80°C_Des.TXT,PEI5mgmL,80°C,Des,3616,11836.975,100.0,332530.0,6.4361,3.811380487804878,2.6247195121951217
PEI5mgmL_80°C_Des.TXT,PEI5mgmL,80°C,Des,3617,11839.975,100.0,332530.0,6.436092682926829,3.8113841463414633,2.624708536585366
PEI5mgmL_80°C_Des.TXT,PEI5mgmL,80°C,Des,3618,11842.975,100.0,332530.0,6.436085365853659,3.8113878048780485,2.6246975609756102
PEI5mgmL_80°C_Des.TXT,PEI5mgmL,80°C,Des,3619,11847.975,100.0,332530.0,6.436073170731707,3.811393902439024,2.624679268292683
PEI5mgmL_80°C_Des.TXT,PEI5mgmL,80°C,Des,3620,11849.975,100.0,332530.0,6.436068292682927,3.8113963414634147,2.6246719512195127
PEI5mgmL_80°C_Des.TXT,PEI5mgmL,80°C,Des,3621,11852.975,100.0,332530.0,6.436060975609756,3.8114,2.624660975609756
PEI5mgmL_80°C_Des.TXT,PEI5mgmL,80°C,Des,3622,11854.975,100.0,332530.0,6.436056097560976,3.8113951807228914,2.6246609168380846
PEI5mgmL_80°C_Des.TXT,PEI5mgmL,80°C,Des,3623,11861.975,100.0,332530.0,6.436039024390244,3.811378313253012,2.6246607111372318
PEI5mgmL_80°C_Des.TXT,PEI5mgmL,80°C,Des,3624,11869.975,100.0,332530.0,6.436019512195122,3.8113590361445784,2.6246604760505434
PEI5mgmL_80°C_Des.TXT,PEI5mgmL,80°C,Des,3625,11877.975,100.0,332530.0,6.436,3.8113397590361444,2.6246602409638555
PEI5mgmL_80°C_Des.TXT,PEI5mgmL,80°C,Des,3626,11879.975,100.0,332530.0,6.4359829268292685,3.811334939759036,2.6246479870702326
PEI5mgmL_80°C_Des.TXT,PEI5mgmL,80°C,Des,3627,11882.975,100.0,332530.0,6.4359573170731705,3.8113277108433734,2.624629606229797
PEI5mgmL_80°C_Des.TXT,PEI5mgmL,80°C,Des,3628,11885.975,100.0,332530.0,6.435931707317073,3.811320481927711,2.6246112253893625
PEI5mgmL_80°C_Des.TXT,PEI5mgmL,80°C,Des,3629,11887.975,100.0,332530.0,6.435914634146341,3.8113156626506024,2.6245989714957387
PEI5mgmL_80°C_Des.TXT,PEI5mgmL,80°C,Des,3630,11890.975,100.0,332530.0,6.435889024390244,3.81130843373494,2.624580590655304
PEI5mgmL_80°C_Des.TXT,PEI5mgmL,80°C,Des,3631,11895.975,100.0,332530.0,6.435846341463415,3.8112963855421684,2.624549955921246
PEI5mgmL_80°C_Des.TXT,PEI5mgmL,80°C,Des,3632,11898.975,100.0,332530.0,6.435820731707317,3.811289156626506,2.6245315750808107
PEI5mgmL_80°C_Des.TXT,PEI5mgmL,80°C,Des,3633,11900.975,100.0,332530.0,6.435803658536585,3.8112843373493974,2.624519321187188
PEI5mgmL_80°C_Des.TXT,PEI5mgmL,80°C,Des,3634,11903.975,100.0,332530.0,6.435778048780488,3.811277108433735,2.624500940346753
PEI5mgmL_80°C_Des.TXT,PEI5mgmL,80°C,Des,3635,11905.975,100.0,332530.0,6.435760975609756,3.8112722891566264,2.6244886864531294
PEI5mgmL_80°C_Des.TXT,PEI5mgmL,80°C,Des,3636,11908.975,100.0,332530.0,6.435735365853659,3.811265060240964,2.624470305612695
PEI5mgmL_80°C_Des.TXT,PEI5mgmL,80°C,Des,3637,11911.975,100.0,332530.0,6.435709756097561,3.811257831325301,2.6244519247722597
PEI5mgmL_80°C_Des.TXT,PEI5mgmL,80°C,Des,3638,11914.975,100.0,332530.0,6.435684146341464,3.8112506024096384,2.624433543931825
PEI5mgmL_80°C_Des.TXT,PEI5mgmL,80°C,Des,3639,11916.975,100.0,332530.0,6.435667073170731,3.81124578313253,2.6244212900382013
PEI5mgmL_80°C_Des.TXT,PEI5mgmL,80°C,Des,3640,11919.975,100.0,332530.0,6.435641463414634,3.8112385542168674,2.6244029091977668
PEI5mgmL_80°C_Des.TXT,PEI5mgmL,80°C,Des,3641,11921.975,100.0,332530.0,6.435624390243902,3.811233734939759,2.624390655304143
PEI5mgmL_80°C_Des.TXT,PEI5mgmL,80°C,Des,3642,11924.975,100.0,332530.0,6.435598780487805,3.8112265060240964,2.6243722744637084
PEI5mgmL_80°C_Des.TXT,PEI5mgmL,80°C,Des,3643,11930.975,100.0,332530.0,6.43554756097561,3.811212048192771,2.6243355127828387
PEI5mgmL_80°C_Des.TXT,PEI5mgmL,80°C,Des,3644,11932.975,100.0,332530.0,6.435530487804878,3.8112072289156624,2.624323258889216
PEI5mgmL_80°C_Des.TXT,PEI5mgmL,80°C,Des,3645,11935.975,100.0,332530.0,6.43550487804878,3.8112,2.6243048780487803
PEI5mgmL_80°C_Des.TXT,PEI5mgmL,80°C,Des,3646,11937.975,100.0,332530.0,6.435487804878049,3.8111925925925925,2.6242952122854564
PEI5mgmL_80°C_Des.TXT,PEI5mgmL,80°C,Des,3647,11944.975,100.0,332530.0,6.435428048780488,3.811166666666667,2.624261382113821
PEI5mgmL_80°C_Des.TXT,PEI5mgmL,80°C,Des,3648,11952.975,100.0,332530.0,6.435359756097561,3.811137037037037,2.6242227190605236
PEI5mgmL_80°C_Des.TXT,PEI5mgmL,80°C,Des,3649,11959.975,100.0,332530.0,6.4353,3.811111111111111,2.624188888888889
PEI5mgmL_80°C_Des.TXT,PEI5mgmL,80°C,Des,3650,11962.975,100.0,332530.0,6.43530731707317,3.8111,2.62420731707317
PEI5mgmL_80°C_Des.TXT,PEI5mgmL,80°C,Des,3651,11965.975,100.0,332530.0,6.435314634146342,3.811088888888889,2.6242257452574527
PEI5mgmL_80°C_Des.TXT,PEI5mgmL,80°C,Des,3652,11967.975,100.0,332530.0,6.435319512195122,3.8110814814814815,2.62423803071364
PEI5mgmL_80°C_Des.TXT,PEI5mgmL,80°C,Des,3653,11970.975,100.0,332530.0,6.435326829268292,3.8110703703703703,2.624256458897922
PEI5mgmL_80°C_Des.TXT,PEI5mgmL,80°C,Des,3654,11973.975,100.0,332530.0,6.4353341463414635,3.811059259259259,2.6242748870822044
PEI5mgmL_80°C_Des.TXT,PEI5mgmL,80°C,Des,3655,11978.975,100.0,332530.0,6.435346341463415,3.811040740740741,2.624305600722674
PEI5mgmL_80°C_Des.TXT,PEI5mgmL,80°C,Des,3656,11980.975,100.0,332530.0,6.435351219512195,3.8110333333333335,2.6243178861788614
PEI5mgmL_80°C_Des.TXT,PEI5mgmL,80°C,Des,3657,11983.975,100.0,332530.0,6.435358536585365,3.8110222222222223,2.624336314363143
PEI5mgmL_80°C_Des.TXT,PEI5mgmL,80°C,Des,3658,11985.975,100.0,332530.0,6.435363414634146,3.811014814814815,2.6243485998193314
PEI5mgmL_80°C_Des.TXT,PEI5mgmL,80°C,Des,3659,11987.975,100.0,332530.0,6.435368292682927,3.8110074074074074,2.62436088527552
PEI5mgmL_80°C_Des.TXT,PEI5mgmL,80°C,Des,3660,11990.975,100.0,332530.0,6.435375609756098,3.810996296296296,2.6243793134598015
PEI5mgmL_80°C_Des.TXT,PEI5mgmL,80°C,Des,3661,11993.975,100.0,332530.0,6.435382926829268,3.8109851851851855,2.6243977416440827
PEI5mgmL_80°C_Des.TXT,PEI5mgmL,80°C,Des,3662,11995.975,100.0,332530.0,6.435387804878049,3.810977777777778,2.624410027100271
PEI5mgmL_80°C_Des.TXT,PEI5mgmL,80°C,Des,3663,11998.975,100.0,332530.0,6.4353951219512195,3.810966666666667,2.6244284552845527
PEI5mgmL_80°C_Des.TXT,PEI5mgmL,80°C,Des,3664,12001.975,100.0,332530.0,6.43540243902439,3.8109555555555557,2.6244468834688344
PEI5mgmL_80°C_Des.TXT,PEI5mgmL,80°C,Des,3665,12003.975,100.0,332530.0,6.435407317073171,3.810948148148148,2.6244591689250227
PEI5mgmL_80°C_Des.TXT,PEI5mgmL,80°C,Des,3666,12006.975,100.0,332530.0,6.435414634146341,3.810937037037037,2.6244775971093044
PEI5mgmL_80°C_Des.TXT,PEI5mgmL,80°C,Des,3667,12011.975,100.0,332530.0,6.435426829268293,3.810918518518519,2.624508310749774
PEI5mgmL_80°C_Des.TXT,PEI5mgmL,80°C,Des,3668,12013.975,100.0,332530.0,6.435431707317073,3.8109111111111114,2.6245205962059615
PEI5mgmL_80°C_Des.TXT,PEI5mgmL,80°C,Des,3669,12016.975,100.0,332530.0,6.435439024390244,3.8109,2.624539024390244
PEI5mgmL_80°C_Des.TXT,PEI5mgmL,80°C,Des,3670,12019.975,100.0,332530.0,6.435446341463415,3.8109,2.6245463414634145
PEI5mgmL_80°C_Des.TXT,PEI5mgmL,80°C,Des,3671,12025.975,100.0,332530.0,6.4354609756097565,3.8109,2.6245609756097563
PEI5mgmL_80°C_Des.TXT,PEI5mgmL,80°C,Des,3672,12033.975,100.0,332530.0,6.435480487804878,3.8109,2.624580487804878
PEI5mgmL_80°C_Des.TXT,PEI5mgmL,80°C,Des,3673,12041.975,100.0,332530.0,6.4355,3.8109,2.6246
PEI5mgmL_80°C_Des.TXT,PEI5mgmL,80°C,Des,3674,12044.975,100.0,332530.0,6.435485365853658,3.8109,2.624585365853658
PEI5mgmL_80°C_Des.TXT,PEI5mgmL,80°C,Des,3675,12046.975,100.0,332530.0,6.4354756097560974,3.8109,2.6245756097560973
PEI5mgmL_80°C_Des.TXT,PEI5mgmL,80°C,Des,3676,12049.975,100.0,332530.0,6.4354609756097565,3.8109,2.6245609756097563
PEI5mgmL_80°C_Des.TXT,PEI5mgmL,80°C,Des,3677,12052.975,100.0,332530.0,6.435446341463415,3.8109,2.6245463414634145
PEI5mgmL_80°C_Des.TXT,PEI5mgmL,80°C,Des,3678,12054.975,100.0,332530.0,6.435436585365854,3.8109,2.6245365853658535
PEI5mgmL_80°C_Des.TXT,PEI5mgmL,80°C,Des,3679,12059.975,100.0,332530.0,6.435412195121952,3.8109,2.6245121951219517
PEI5mgmL_80°C_Des.TXT,PEI5mgmL,80°C,Des,3680,12062.975,100.0,332530.0,6.43539756097561,3.8109,2.62449756097561
PEI5mgmL_80°C_Des.TXT,PEI5mgmL,80°C,Des,3681,12065.975,100.0,332530.0,6.435382926829268,3.8109,2.624482926829268
PEI5mgmL_80°C_Des.TXT,PEI5mgmL,80°C,Des,3682,12067.975,100.0,332530.0,6.435373170731707,3.8109,2.624473170731707
PEI5mgmL_80°C_Des.TXT,PEI5mgmL,80°C,Des,3683,12069.975,100.0,332530.0,6.435363414634146,3.8109,2.624463414634146
PEI5mgmL_80°C_Des.TXT,PEI5mgmL,80°C,Des,3684,12072.975,100.0,332530.0,6.435348780487805,3.8109,2.624448780487805
PEI5mgmL_80°C_Des.TXT,PEI5mgmL,80°C,Des,3685,12075.975,100.0,332530.0,6.4353341463414635,3.8109,2.6244341463414633
PEI5mgmL_80°C_Des.TXT,PEI5mgmL,80°C,Des,3686,12077.975,100.0,332530.0,6.435324390243903,3.8109,2.6244243902439024
PEI5mgmL_80°C_Des.TXT,PEI5mgmL,80°C,Des,3687,12080.975,100.0,332530.0,6.435309756097562,3.8109,2.6244097560975614
PEI5mgmL_80°C_Des.TXT,PEI5mgmL,80°C,Des,3688,12083.975,100.0,332530.0,6.43529512195122,3.8109,2.6243951219512196
PEI5mgmL_80°C_Des.TXT,PEI5mgmL,80°C,Des,3689,12085.975,100.0,332530.0,6.435285365853659,3.8109,2.6243853658536587
PEI5mgmL_80°C_Des.TXT,PEI5mgmL,80°C,Des,3690,12088.975,100.0,332530.0,6.435270731707317,3.8109,2.624370731707317
PEI5mgmL_80°C_Des.TXT,PEI5mgmL,80°C,Des,3691,12093.975,100.0,332530.0,6.435246341463415,3.8109,2.624346341463415
PEI5mgmL_80°C_Des.TXT,PEI5mgmL,80°C,Des,3692,12095.975,100.0,332530.0,6.435236585365854,3.8109,2.624336585365854
PEI5mgmL_80°C_Des.TXT,PEI5mgmL,80°C,Des,3693,12098.975,100.0,332530.0,6.435221951219512,3.8109,2.624321951219512
PEI5mgmL_80°C_Des.TXT,PEI5mgmL,80°C,Des,3694,12101.975,100.0,332530.0,6.435207317073171,3.8108926829268293,2.624314634146342
PEI5mgmL_80°C_Des.TXT,PEI5mgmL,80°C,Des,3695,12107.975,100.0,332530.0,6.435178048780488,3.810878048780488,2.6243
PEI5mgmL_80°C_Des.TXT,PEI5mgmL,80°C,Des,3696,12115.975,100.0,332530.0,6.435139024390244,3.810858536585366,2.624280487804878
PEI5mgmL_80°C_Des.TXT,PEI5mgmL,80°C,Des,3697,12123.975,100.0,332530.0,6.4351,3.810839024390244,2.624260975609756
PEI5mgmL_80°C_Des.TXT,PEI5mgmL,80°C,Des,3698,12126.975,100.0,332530.0,6.435096341463415,3.810831707317073,2.6242646341463414
PEI5mgmL_80°C_Des.TXT,PEI5mgmL,80°C,Des,3699,12128.975,100.0,332530.0,6.435093902439025,3.8108268292682927,2.6242670731707323
PEI5mgmL_80°C_Des.TXT,PEI5mgmL,80°C,Des,3700,12131.975,100.0,332530.0,6.435090243902439,3.8108195121951223,2.624270731707317
PEI5mgmL_80°C_Des.TXT,PEI5mgmL,80°C,Des,3701,12133.975,100.0,332530.0,6.435087804878049,3.810814634146342,2.624273170731707
PEI5mgmL_80°C_Des.TXT,PEI5mgmL,80°C,Des,3702,12136.975,100.0,332530.0,6.435084146341463,3.810807317073171,2.6242768292682923
PEI5mgmL_80°C_Des.TXT,PEI5mgmL,80°C,Des,3703,12141.975,100.0,332530.0,6.435078048780488,3.8107951219512195,2.6242829268292684
PEI5mgmL_80°C_Des.TXT,PEI5mgmL,80°C,Des,3704,12144.975,100.0,332530.0,6.435074390243902,3.810787804878049,2.6242865853658532
PEI5mgmL_80°C_Des.TXT,PEI5mgmL,80°C,Des,3705,12146.975,100.0,332530.0,6.435071951219513,3.8107829268292686,2.624289024390244
PEI5mgmL_80°C_Des.TXT,PEI5mgmL,80°C,Des,3706,12149.975,100.0,332530.0,6.435068292682927,3.8107756097560976,2.6242926829268294
PEI5mgmL_80°C_Des.TXT,PEI5mgmL,80°C,Des,3707,12151.975,100.0,332530.0,6.435065853658537,3.810770731707317,2.6242951219512194
PEI5mgmL_80°C_Des.TXT,PEI5mgmL,80°C,Des,3708,12154.975,100.0,332530.0,6.435062195121951,3.8107634146341467,2.624298780487804
PEI5mgmL_80°C_Des.TXT,PEI5mgmL,80°C,Des,3709,12157.975,100.0,332530.0,6.435058536585366,3.8107560975609758,2.6243024390243903
PEI5mgmL_80°C_Des.TXT,PEI5mgmL,80°C,Des,3710,12159.975,100.0,332530.0,6.435056097560976,3.8107512195121953,2.6243048780487803
PEI5mgmL_80°C_Des.TXT,PEI5mgmL,80°C,Des,3711,12162.975,100.0,332530.0,6.43505243902439,3.8107439024390244,2.6243085365853656
PEI5mgmL_80°C_Des.TXT,PEI5mgmL,80°C,Des,3712,12165.975,100.0,332530.0,6.435048780487805,3.810736585365854,2.6243121951219512
PEI5mgmL_80°C_Des.TXT,PEI5mgmL,80°C,Des,3713,12167.975,100.0,332530.0,6.435046341463415,3.8107317073170734,2.6243146341463413
PEI5mgmL_80°C_Des.TXT,PEI5mgmL,80°C,Des,3714,12170.975,100.0,332530.0,6.435042682926829,3.8107243902439025,2.6243182926829265
PEI5mgmL_80°C_Des.TXT,PEI5mgmL,80°C,Des,3715,12175.975,100.0,332530.0,6.435036585365854,3.8107121951219516,2.624324390243902
PEI5mgmL_80°C_Des.TXT,PEI5mgmL,80°C,Des,3716,12177.975,100.0,332530.0,6.435034146341463,3.810707317073171,2.624326829268292
PEI5mgmL_80°C_Des.TXT,PEI5mgmL,80°C,Des,3717,12180.975,100.0,332530.0,6.435030487804878,3.8107,2.6243304878048774
PEI5mgmL_80°C_Des.TXT,PEI5mgmL,80°C,Des,3718,12183.975,100.0,332530.0,6.435026829268293,3.8106927710843377,2.624334058183955
PEI5mgmL_80°C_Des.TXT,PEI5mgmL,80°C,Des,3719,12189.975,100.0,332530.0,6.4350195121951215,3.810678313253012,2.6243411989421093
PEI5mgmL_80°C_Des.TXT,PEI5mgmL,80°C,Des,3720,12197.975,100.0,332530.0,6.4350097560975605,3.8106590361445787,2.624350719952982
PEI5mgmL_80°C_Des.TXT,PEI5mgmL,80°C,Des,3721,12205.975,100.0,332530.0,6.435,3.8106397590361447,2.624360240963855
PEI5mgmL_80°C_Des.TXT,PEI5mgmL,80°C,Des,3722,12208.975,100.0,332530.0,6.434996385542168,3.810632530120482,2.6243638554216857
PEI5mgmL_80°C_Des.TXT,PEI5mgmL,80°C,Des,3723,12210.975,100.0,332530.0,6.434993975903614,3.8106277108433737,2.6243662650602406
PEI5mgmL_80°C_Des.TXT,PEI5mgmL,80°C,Des,3724,12213.975,100.0,332530.0,6.434990361445783,3.810620481927711,2.6243698795180714
PEI5mgmL_80°C_Des.TXT,PEI5mgmL,80°C,Des,3725,12216.975,100.0,332530.0,6.434986746987952,3.8106132530120482,2.6243734939759036
PEI5mgmL_80°C_Des.TXT,PEI5mgmL,80°C,Des,3726,12219.975,100.0,332530.0,6.43498313253012,3.8106060240963857,2.6243771084337344
PEI5mgmL_80°C_Des.TXT,PEI5mgmL,80°C,Des,3727,12224.975,100.0,332530.0,6.434977108433735,3.8105939759036147,2.62438313253012
PEI5mgmL_80°C_Des.TXT,PEI5mgmL,80°C,Des,3728,12226.975,100.0,332530.0,6.43497469879518,3.810589156626506,2.624385542168674
PEI5mgmL_80°C_Des.TXT,PEI5mgmL,80°C,Des,3729,12229.975,100.0,332530.0,6.434971084337349,3.8105819277108437,2.624389156626505
PEI5mgmL_80°C_Des.TXT,PEI5mgmL,80°C,Des,3730,12232.975,100.0,332530.0,6.434967469879518,3.8105746987951807,2.624392771084337
PEI5mgmL_80°C_Des.TXT,PEI5mgmL,80°C,Des,3731,12234.975,100.0,332530.0,6.434965060240963,3.8105698795180727,2.6243951807228907
PEI5mgmL_80°C_Des.TXT,PEI5mgmL,80°C,Des,3732,12237.975,100.0,332530.0,6.434961445783133,3.8105626506024097,2.624398795180723
PEI5mgmL_80°C_Des.TXT,PEI5mgmL,80°C,Des,3733,12240.975,100.0,332530.0,6.434957831325301,3.810555421686747,2.6244024096385536
PEI5mgmL_80°C_Des.TXT,PEI5mgmL,80°C,Des,3734,12242.975,100.0,332530.0,6.434955421686746,3.8105506024096387,2.6244048192771077
PEI5mgmL_80°C_Des.TXT,PEI5mgmL,80°C,Des,3735,12245.975,100.0,332530.0,6.434951807228916,3.810543373493976,2.6244084337349394
PEI5mgmL_80°C_Des.TXT,PEI5mgmL,80°C,Des,3736,12248.975,100.0,332530.0,6.434948192771084,3.8105361445783137,2.62441204819277
PEI5mgmL_80°C_Des.TXT,PEI5mgmL,80°C,Des,3737,12250.975,100.0,332530.0,6.43494578313253,3.810531325301205,2.624414457831325
PEI5mgmL_80°C_Des.TXT,PEI5mgmL,80°C,Des,3738,12253.975,100.0,332530.0,6.434942168674699,3.8105240963855422,2.6244180722891564
PEI5mgmL_80°C_Des.TXT,PEI5mgmL,80°C,Des,3739,12258.975,100.0,332530.0,6.434936144578313,3.8105120481927712,2.624424096385542
PEI5mgmL_80°C_Des.TXT,PEI5mgmL,80°C,Des,3740,12261.975,100.0,332530.0,6.434932530120482,3.8105048192771087,2.624427710843373
PEI5mgmL_80°C_Des.TXT,PEI5mgmL,80°C,Des,3741,12263.975,100.0,332530.0,6.434930120481927,3.8105,2.624430120481927
PEI5mgmL_80°C_Des.TXT,PEI5mgmL,80°C,Des,3742,12266.975,100.0,332530.0,6.434926506024096,3.8104927710843377,2.6244337349397586
PEI5mgmL_80°C_Des.TXT,PEI5mgmL,80°C,Des,3743,12272.975,100.0,332530.0,6.434919277108434,3.8104783132530122,2.6244409638554216
PEI5mgmL_80°C_Des.TXT,PEI5mgmL,80°C,Des,3744,12280.975,100.0,332530.0,6.434909638554217,3.8104590361445783,2.6244506024096386
PEI5mgmL_80°C_Des.TXT,PEI5mgmL,80°C,Des,3745,12288.975,100.0,332530.0,6.4349,3.8104397590361447,2.624460240963855
PEI5mgmL_80°C_Des.TXT,PEI5mgmL,80°C,Des,3746,12291.975,100.0,332530.0,6.434892771084337,3.810432530120482,2.624460240963855
PEI5mgmL_80°C_Des.TXT,PEI5mgmL,80°C,Des,3747,12293.975,100.0,332530.0,6.434887951807228,3.8104277108433737,2.6244602409638547
PEI5mgmL_80°C_Des.TXT,PEI5mgmL,80°C,Des,3748,12296.975,100.0,332530.0,6.434880722891566,3.8104204819277108,2.624460240963855
PEI5mgmL_80°C_Des.TXT,PEI5mgmL,80°C,Des,3749,12299.975,100.0,332530.0,6.434873493975903,3.8104132530120483,2.624460240963855
PEI5mgmL_80°C_Des.TXT,PEI5mgmL,80°C,Des,3750,12301.975,100.0,332530.0,6.434868674698795,3.8104084337349398,2.6244602409638556
PEI5mgmL_80°C_Des.TXT,PEI5mgmL,80°C,Des,3751,12307.975,100.0,332530.0,6.434854216867469,3.8103939759036143,2.624460240963855
PEI5mgmL_80°C_Des.TXT,PEI5mgmL,80°C,Des,3752,12309.975,100.0,332530.0,6.434849397590361,3.810389156626506,2.6244602409638556
PEI5mgmL_80°C_Des.TXT,PEI5mgmL,80°C,Des,3753,12312.975,100.0,332530.0,6.434842168674699,3.8103819277108433,2.6244602409638556
PEI5mgmL_80°C_Des.TXT,PEI5mgmL,80°C,Des,3754,12315.975,100.0,332530.0,6.434834939759036,3.8103746987951808,2.6244602409638556
PEI5mgmL_80°C_Des.TXT,PEI5mgmL,80°C,Des,3755,12317.975,100.0,332530.0,6.434830120481927,3.8103698795180723,2.624460240963855
PEI5mgmL_80°C_Des.TXT,PEI5mgmL,80°C,Des,3756,12320.975,100.0,332530.0,6.434822891566265,3.8103626506024098,2.624460240963855
PEI5mgmL_80°C_Des.TXT,PEI5mgmL,80°C,Des,3757,12322.975,100.0,332530.0,6.434818072289157,3.8103578313253013,2.6244602409638556
PEI5mgmL_80°C_Des.TXT,PEI5mgmL,80°C,Des,3758,12325.975,100.0,332530.0,6.434810843373494,3.8103506024096383,2.624460240963856
PEI5mgmL_80°C_Des.TXT,PEI5mgmL,80°C,Des,3759,12328.975,100.0,332530.0,6.434803614457832,3.810343373493976,2.624460240963856
PEI5mgmL_80°C_Des.TXT,PEI5mgmL,80°C,Des,3760,12330.975,100.0,332530.0,6.434798795180723,3.8103385542168673,2.6244602409638556
PEI5mgmL_80°C_Des.TXT,PEI5mgmL,80°C,Des,3761,12333.975,100.0,332530.0,6.43479156626506,3.8103313253012048,2.6244602409638556
PEI5mgmL_80°C_Des.TXT,PEI5mgmL,80°C,Des,3762,12335.975,100.0,332530.0,6.434786746987952,3.8103265060240963,2.624460240963856
PEI5mgmL_80°C_Des.TXT,PEI5mgmL,80°C,Des,3763,12341.975,100.0,332530.0,6.434772289156626,3.810312048192771,2.6244602409638556
PEI5mgmL_80°C_Des.TXT,PEI5mgmL,80°C,Des,3764,12343.975,100.0,332530.0,6.434767469879518,3.8103072289156623,2.624460240963856
PEI5mgmL_80°C_Des.TXT,PEI5mgmL,80°C,Des,3765,12346.975,100.0,332530.0,6.434760240963856,3.8103,2.624460240963856
PEI5mgmL_80°C_Des.TXT,PEI5mgmL,80°C,Des,3766,12349.975,100.0,332530.0,6.434753012048193,3.810296296296296,2.624456715751897
PEI5mgmL_80°C_Des.TXT,PEI5mgmL,80°C,Des,3767,12355.975,100.0,332530.0,6.434738554216867,3.8102888888888886,2.6244496653279787
PEI5mgmL_80°C_Des.TXT,PEI5mgmL,80°C,Des,3768,12363.975,100.0,332530.0,6.434719277108434,3.8102790123456787,2.6244402647627556
PEI5mgmL_80°C_Des.TXT,PEI5mgmL,80°C,Des,3769,12371.975,100.0,332530.0,6.4347,3.810269135802469,2.624430864197531
PEI5mgmL_80°C_Des.TXT,PEI5mgmL,80°C,Des,3770,12373.975,100.0,332530.0,6.43469012345679,3.8102666666666667,2.6244234567901237
PEI5mgmL_80°C_Des.TXT,PEI5mgmL,80°C,Des,3771,12376.975,100.0,332530.0,6.4346753086419755,3.810262962962963,2.6244123456790125
PEI5mgmL_80°C_Des.TXT,PEI5mgmL,80°C,Des,3772,12379.975,100.0,332530.0,6.4346604938271605,3.8102592592592592,2.6244012345679013
PEI5mgmL_80°C_Des.TXT,PEI5mgmL,80°C,Des,3773,12381.975,100.0,332530.0,6.434650617283951,3.8102567901234567,2.624393827160494
PEI5mgmL_80°C_Des.TXT,PEI5mgmL,80°C,Des,3774,12384.975,100.0,332530.0,6.434635802469136,3.810253086419753,2.6243827160493827
PEI5mgmL_80°C_Des.TXT,PEI5mgmL,80°C,Des,3775,12389.975,100.0,332530.0,6.434611111111112,3.810246913580247,2.624364197530865
PEI5mgmL_80°C_Des.TXT,PEI5mgmL,80°C,Des,3776,12391.975,100.0,332530.0,6.434601234567902,3.8102444444444443,2.6243567901234575
PEI5mgmL_80°C_Des.TXT,PEI5mgmL,80°C,Des,3777,12394.975,100.0,332530.0,6.434586419753087,3.8102407407407406,2.6243456790123463
PEI5mgmL_80°C_Des.TXT,PEI5mgmL,80°C,Des,3778,12397.975,100.0,332530.0,6.434571604938272,3.810237037037037,2.624334567901235
PEI5mgmL_80°C_Des.TXT,PEI5mgmL,80°C,Des,3779,12399.975,100.0,332530.0,6.434561728395062,3.8102345679012344,2.6243271604938276
PEI5mgmL_80°C_Des.TXT,PEI5mgmL,80°C,Des,3780,12402.975,100.0,332530.0,6.434546913580247,3.8102308641975307,2.6243160493827165
PEI5mgmL_80°C_Des.TXT,PEI5mgmL,80°C,Des,3781,12404.975,100.0,332530.0,6.434537037037037,3.810228395061728,2.624308641975309
PEI5mgmL_80°C_Des.TXT,PEI5mgmL,80°C,Des,3782,12407.975,100.0,332530.0,6.434522222222222,3.810224691358025,2.6242975308641974
PEI5mgmL_80°C_Des.TXT,PEI5mgmL,80°C,Des,3783,12409.975,100.0,332530.0,6.434512345679012,3.8102222222222224,2.62429012345679
PEI5mgmL_80°C_Des.TXT,PEI5mgmL,80°C,Des,3784,12412.975,100.0,332530.0,6.434497530864198,3.8102185185185187,2.6242790123456796
PEI5mgmL_80°C_Des.TXT,PEI5mgmL,80°C,Des,3785,12415.975,100.0,332530.0,6.434482716049383,3.810214814814815,2.6242679012345684
PEI5mgmL_80°C_Des.TXT,PEI5mgmL,80°C,Des,3786,12417.975,100.0,332530.0,6.434472839506173,3.8102123456790125,2.624260493827161
PEI5mgmL_80°C_Des.TXT,PEI5mgmL,80°C,Des,3787,12422.975,100.0,332530.0,6.434448148148149,3.8102061728395062,2.6242419753086423
PEI5mgmL_80°C_Des.TXT,PEI5mgmL,80°C,Des,3788,12425.975,100.0,332530.0,6.434433333333334,3.8102024691358025,2.624230864197531
PEI5mgmL_80°C_Des.TXT,PEI5mgmL,80°C,Des,3789,12427.975,100.0,332530.0,6.434423456790124,3.8102,2.6242234567901237
PEI5mgmL_80°C_Des.TXT,PEI5mgmL,80°C,Des,3790,12430.975,100.0,332530.0,6.434408641975309,3.810192682926829,2.6242159590484797
PEI5mgmL_80°C_Des.TXT,PEI5mgmL,80°C,Des,3791,12437.975,100.0,332530.0,6.434374074074074,3.8101756097560977,2.6241984643179763
PEI5mgmL_80°C_Des.TXT,PEI5mgmL,80°C,Des,3792,12444.975,100.0,332530.0,6.43433950617284,3.810158536585366,2.6241809695874743
PEI5mgmL_80°C_Des.TXT,PEI5mgmL,80°C,Des,3793,12452.975,100.0,332530.0,6.4343,3.810139024390244,2.6241609756097564
PEI5mgmL_80°C_Des.TXT,PEI5mgmL,80°C,Des,3794,12455.975,100.0,332530.0,6.4343,3.810131707317073,2.6241682926829273
PEI5mgmL_80°C_Des.TXT,PEI5mgmL,80°C,Des,3795,12457.975,100.0,332530.0,6.4343,3.8101268292682926,2.6241731707317077
PEI5mgmL_80°C_Des.TXT,PEI5mgmL,80°C,Des,3796,12460.975,100.0,332530.0,6.4343,3.810119512195122,2.6241804878048782
PEI5mgmL_80°C_Des.TXT,PEI5mgmL,80°C,Des,3797,12462.975,100.0,332530.0,6.4343,3.8101146341463417,2.6241853658536587
PEI5mgmL_80°C_Des.TXT,PEI5mgmL,80°C,Des,3798,12465.975,100.0,332530.0,6.4343,3.8101073170731707,2.6241926829268296
PEI5mgmL_80°C_Des.TXT,PEI5mgmL,80°C,Des,3799,12470.975,100.0,332530.0,6.4343,3.8100951219512194,2.624204878048781
PEI5mgmL_80°C_Des.TXT,PEI5mgmL,80°C,Des,3800,12473.975,100.0,332530.0,6.4343,3.810087804878049,2.6242121951219515
PEI5mgmL_80°C_Des.TXT,PEI5mgmL,80°C,Des,3801,12475.975,100.0,332530.0,6.4343,3.8100829268292684,2.624217073170732
PEI5mgmL_80°C_Des.TXT,PEI5mgmL,80°C,Des,3802,12478.975,100.0,332530.0,6.4343,3.8100756097560975,2.624224390243903
PEI5mgmL_80°C_Des.TXT,PEI5mgmL,80°C,Des,3803,12480.975,100.0,332530.0,6.4343,3.810070731707317,2.6242292682926833
PEI5mgmL_80°C_Des.TXT,PEI5mgmL,80°C,Des,3804,12483.975,100.0,332530.0,6.4343,3.8100634146341466,2.624236585365854
PEI5mgmL_80°C_Des.TXT,PEI5mgmL,80°C,Des,3805,12485.975,100.0,332530.0,6.4343,3.810058536585366,2.6242414634146343
PEI5mgmL_80°C_Des.TXT,PEI5mgmL,80°C,Des,3806,12488.975,100.0,332530.0,6.4343,3.810051219512195,2.624248780487805
PEI5mgmL_80°C_Des.TXT,PEI5mgmL,80°C,Des,3807,12491.975,100.0,332530.0,6.4343,3.8100439024390242,2.624256097560976
PEI5mgmL_80°C_Des.TXT,PEI5mgmL,80°C,Des,3808,12493.975,100.0,332530.0,6.4343,3.810039024390244,2.6242609756097566
PEI5mgmL_80°C_Des.TXT,PEI5mgmL,80°C,Des,3809,12496.975,100.0,332530.0,6.4343,3.8100317073170733,2.624268292682927
PEI5mgmL_80°C_Des.TXT,PEI5mgmL,80°C,Des,3810,12498.975,100.0,332530.0,6.4343,3.810026829268293,2.6242731707317075
PEI5mgmL_80°C_Des.TXT,PEI5mgmL,80°C,Des,3811,12504.975,100.0,332530.0,6.4343,3.8100121951219514,2.624287804878049
PEI5mgmL_80°C_Des.TXT,PEI5mgmL,80°C,Des,3812,12507.975,100.0,332530.0,6.4343,3.8100048780487805,2.62429512195122
PEI5mgmL_80°C_Des.TXT,PEI5mgmL,80°C,Des,3813,12509.975,100.0,332530.0,6.4343,3.81,2.6243000000000003
PEI5mgmL_80°C_Des.TXT,PEI5mgmL,80°C,Des,3814,12512.975,100.0,332530.0,6.4343,3.809996385542169,2.6243036144578316
PEI5mgmL_80°C_Des.TXT,PEI5mgmL,80°C,Des,3815,12518.975,100.0,332530.0,6.4343,3.809989156626506,2.6243108433734945
PEI5mgmL_80°C_Des.TXT,PEI5mgmL,80°C,Des,3816,12527.975,100.0,332530.0,6.4343,3.809978313253012,2.6243216867469883
PEI5mgmL_80°C_Des.TXT,PEI5mgmL,80°C,Des,3817,12535.975,100.0,332530.0,6.4343,3.809968674698795,2.6243313253012053
PEI5mgmL_80°C_Des.TXT,PEI5mgmL,80°C,Des,3818,12537.975,100.0,332530.0,6.434295121951219,3.809966265060241,2.6243288568909784
PEI5mgmL_80°C_Des.TXT,PEI5mgmL,80°C,Des,3819,12540.975,100.0,332530.0,6.434287804878049,3.80996265060241,2.624325154275639
PEI5mgmL_80°C_Des.TXT,PEI5mgmL,80°C,Des,3820,12542.975,100.0,332530.0,6.434282926829269,3.8099602409638553,2.6243226858654136
PEI5mgmL_80°C_Des.TXT,PEI5mgmL,80°C,Des,3821,12545.975,100.0,332530.0,6.434275609756098,3.809956626506024,2.6243189832500735
PEI5mgmL_80°C_Des.TXT,PEI5mgmL,80°C,Des,3822,12548.975,100.0,332530.0,6.434268292682927,3.809953012048193,2.6243152806347343
PEI5mgmL_80°C_Des.TXT,PEI5mgmL,80°C,Des,3823,12553.975,100.0,332530.0,6.434256097560976,3.809946987951807,2.6243091096091686
PEI5mgmL_80°C_Des.TXT,PEI5mgmL,80°C,Des,3824,12555.975,100.0,332530.0,6.434251219512196,3.809944578313253,2.6243066411989426
PEI5mgmL_80°C_Des.TXT,PEI5mgmL,80°C,Des,3825,12558.975,100.0,332530.0,6.434243902439024,3.809940963855422,2.6243029385836025
PEI5mgmL_80°C_Des.TXT,PEI5mgmL,80°C,Des,3826,12561.975,100.0,332530.0,6.434236585365854,3.80993734939759,2.6242992359682638
PEI5mgmL_80°C_Des.TXT,PEI5mgmL,80°C,Des,3827,12563.975,100.0,332530.0,6.434231707317073,3.809934939759036,2.624296767558037
PEI5mgmL_80°C_Des.TXT,PEI5mgmL,80°C,Des,3828,12566.975,100.0,332530.0,6.4342243902439025,3.809931325301205,2.6242930649426977
PEI5mgmL_80°C_Des.TXT,PEI5mgmL,80°C,Des,3829,12569.975,100.0,332530.0,6.434217073170732,3.8099277108433736,2.6242893623273584
PEI5mgmL_80°C_Des.TXT,PEI5mgmL,80°C,Des,3830,12571.975,100.0,332530.0,6.434212195121951,3.809925301204819,2.624286893917132
PEI5mgmL_80°C_Des.TXT,PEI5mgmL,80°C,Des,3831,12574.975,100.0,332530.0,6.434204878048781,3.809921686746988,2.6242831913017928
PEI5mgmL_80°C_Des.TXT,PEI5mgmL,80°C,Des,3832,12577.975,100.0,332530.0,6.43419756097561,3.8099180722891566,2.6242794886864536
PEI5mgmL_80°C_Des.TXT,PEI5mgmL,80°C,Des,3833,12579.975,100.0,332530.0,6.434192682926829,3.809915662650602,2.624277020276227
PEI5mgmL_80°C_Des.TXT,PEI5mgmL,80°C,Des,3834,12582.975,100.0,332530.0,6.434185365853659,3.809912048192771,2.624273317660888
PEI5mgmL_80°C_Des.TXT,PEI5mgmL,80°C,Des,3835,12587.975,100.0,332530.0,6.434173170731707,3.8099060240963856,2.624267146635322
PEI5mgmL_80°C_Des.TXT,PEI5mgmL,80°C,Des,3836,12589.975,100.0,332530.0,6.434168292682927,3.809903614457831,2.6242646782250962
PEI5mgmL_80°C_Des.TXT,PEI5mgmL,80°C,Des,3837,12592.975,100.0,332530.0,6.434160975609756,3.8099,2.624260975609756
PEI5mgmL_80°C_Des.TXT,PEI5mgmL,80°C,Des,3838,12595.975,100.0,332530.0,6.4341536585365855,3.8099,2.6242536585365857
PEI5mgmL_80°C_Des.TXT,PEI5mgmL,80°C,Des,3839,12601.975,100.0,332530.0,6.434139024390244,3.8099,2.624239024390244
PEI5mgmL_80°C_Des.TXT,PEI5mgmL,80°C,Des,3840,12609.975,100.0,332530.0,6.434119512195122,3.8099,2.624219512195122
PEI5mgmL_80°C_Des.TXT,PEI5mgmL,80°C,Des,3841,12617.975,100.0,332530.0,6.4341,3.8099,2.6242
PEI5mgmL_80°C_Des.TXT,PEI5mgmL,80°C,Des,3842,12619.975,100.0,332530.0,6.434095121951219,3.8099,2.624195121951219
PEI5mgmL_80°C_Des.TXT,PEI5mgmL,80°C,Des,3843,12622.975,100.0,332530.0,6.4340878048780485,3.8099,2.6241878048780487
PEI5mgmL_80°C_Des.TXT,PEI5mgmL,80°C,Des,3844,12624.975,100.0,332530.0,6.4340829268292685,3.8099,2.6241829268292687
PEI5mgmL_80°C_Des.TXT,PEI5mgmL,80°C,Des,3845,12627.975,100.0,332530.0,6.434075609756097,3.8099,2.6241756097560973
PEI5mgmL_80°C_Des.TXT,PEI5mgmL,80°C,Des,3846,12630.975,100.0,332530.0,6.434068292682927,3.8099,2.624168292682927
PEI5mgmL_80°C_Des.TXT,PEI5mgmL,80°C,Des,3847,12635.975,100.0,332530.0,6.434056097560975,3.8099,2.6241560975609755
PEI5mgmL_80°C_Des.TXT,PEI5mgmL,80°C,Des,3848,12637.975,100.0,332530.0,6.434051219512195,3.8099,2.6241512195121954
PEI5mgmL_80°C_Des.TXT,PEI5mgmL,80°C,Des,3849,12640.975,100.0,332530.0,6.434043902439025,3.8099,2.624143902439025
PEI5mgmL_80°C_Des.TXT,PEI5mgmL,80°C,Des,3850,12643.975,100.0,332530.0,6.434036585365853,3.8099,2.6241365853658536
PEI5mgmL_80°C_Des.TXT,PEI5mgmL,80°C,Des,3851,12645.975,100.0,332530.0,6.434031707317073,3.8099,2.6241317073170736
PEI5mgmL_80°C_Des.TXT,PEI5mgmL,80°C,Des,3852,12648.975,100.0,332530.0,6.434024390243903,3.8099,2.624124390243903
PEI5mgmL_80°C_Des.TXT,PEI5mgmL,80°C,Des,3853,12650.975,100.0,332530.0,6.434019512195122,3.8099,2.624119512195122
PEI5mgmL_80°C_Des.TXT,PEI5mgmL,80°C,Des,3854,12653.975,100.0,332530.0,6.4340121951219515,3.8099,2.6241121951219517
PEI5mgmL_80°C_Des.TXT,PEI5mgmL,80°C,Des,3855,12655.975,100.0,332530.0,6.434007317073171,3.8099,2.624107317073171
PEI5mgmL_80°C_Des.TXT,PEI5mgmL,80°C,Des,3856,12658.975,100.0,332530.0,6.434,3.8099,2.6241000000000003
PEI5mgmL_80°C_Des.TXT,PEI5mgmL,80°C,Des,3857,12660.975,100.0,332530.0,6.433995121951219,3.8099,2.6240951219512194
PEI5mgmL_80°C_Des.TXT,PEI5mgmL,80°C,Des,3858,12663.975,100.0,332530.0,6.433987804878049,3.8099,2.624087804878049
PEI5mgmL_80°C_Des.TXT,PEI5mgmL,80°C,Des,3859,12668.975,100.0,332530.0,6.433975609756097,3.8099,2.6240756097560975
PEI5mgmL_80°C_Des.TXT,PEI5mgmL,80°C,Des,3860,12671.975,100.0,332530.0,6.433968292682927,3.8099,2.624068292682927
PEI5mgmL_80°C_Des.TXT,PEI5mgmL,80°C,Des,3861,12673.975,100.0,332530.0,6.433963414634147,3.8099,2.624063414634147
PEI5mgmL_80°C_Des.TXT,PEI5mgmL,80°C,Des,3862,12676.975,100.0,332530.0,6.4339560975609755,3.809881707317073,2.6240743902439023
PEI5mgmL_80°C_Des.TXT,PEI5mgmL,80°C,Des,3863,12683.975,100.0,332530.0,6.433939024390244,3.809839024390244,2.6241000000000003
PEI5mgmL_80°C_Des.TXT,PEI5mgmL,80°C,Des,3864,12691.975,100.0,332530.0,6.433919512195122,3.809790243902439,2.624129268292683
PEI5mgmL_80°C_Des.TXT,PEI5mgmL,80°C,Des,3865,12699.975,100.0,332530.0,6.4339,3.809741463414634,2.6241585365853664
PEI5mgmL_80°C_Des.TXT,PEI5mgmL,80°C,Des,3866,12701.975,100.0,332530.0,6.4338901234567905,3.8097292682926827,2.624160855164108
PEI5mgmL_80°C_Des.TXT,PEI5mgmL,80°C,Des,3867,12704.975,100.0,332530.0,6.4338753086419755,3.809710975609756,2.6241643330322195
PEI5mgmL_80°C_Des.TXT,PEI5mgmL,80°C,Des,3868,12707.975,100.0,332530.0,6.433860493827161,3.8096926829268294,2.6241678109003312
PEI5mgmL_80°C_Des.TXT,PEI5mgmL,80°C,Des,3869,12709.975,100.0,332530.0,6.433850617283951,3.809680487804878,2.6241701294790727
PEI5mgmL_80°C_Des.TXT,PEI5mgmL,80°C,Des,3870,12711.975,100.0,332530.0,6.433840740740741,3.8096682926829266,2.624172448057814
PEI5mgmL_80°C_Des.TXT,PEI5mgmL,80°C,Des,3871,12717.975,100.0,332530.0,6.433811111111112,3.8096317073170733,2.6241794037940385
PEI5mgmL_80°C_Des.TXT,PEI5mgmL,80°C,Des,3872,12719.975,100.0,332530.0,6.433801234567902,3.809619512195122,2.62418172237278
PEI5mgmL_80°C_Des.TXT,PEI5mgmL,80°C,Des,3873,12722.975,100.0,332530.0,6.433786419753087,3.8096012195121953,2.6241852002408916
PEI5mgmL_80°C_Des.TXT,PEI5mgmL,80°C,Des,3874,12725.975,100.0,332530.0,6.433771604938272,3.8095829268292682,2.624188678109004
PEI5mgmL_80°C_Des.TXT,PEI5mgmL,80°C,Des,3875,12727.975,100.0,332530.0,6.433761728395062,3.8095707317073173,2.624190996687745
PEI5mgmL_80°C_Des.TXT,PEI5mgmL,80°C,Des,3876,12730.975,100.0,332530.0,6.433746913580247,3.8095524390243902,2.624194474555857
PEI5mgmL_80°C_Des.TXT,PEI5mgmL,80°C,Des,3877,12732.975,100.0,332530.0,6.433737037037037,3.8095402439024393,2.624196793134598
PEI5mgmL_80°C_Des.TXT,PEI5mgmL,80°C,Des,3878,12735.975,100.0,332530.0,6.433722222222222,3.809521951219512,2.62420027100271
PEI5mgmL_80°C_Des.TXT,PEI5mgmL,80°C,Des,3879,12737.975,100.0,332530.0,6.433712345679012,3.809509756097561,2.6242025895814516
PEI5mgmL_80°C_Des.TXT,PEI5mgmL,80°C,Des,3880,12740.975,100.0,332530.0,6.433697530864198,3.809491463414634,2.624206067449564
PEI5mgmL_80°C_Des.TXT,PEI5mgmL,80°C,Des,3881,12742.975,100.0,332530.0,6.433687654320988,3.809479268292683,2.6242083860283056
PEI5mgmL_80°C_Des.TXT,PEI5mgmL,80°C,Des,3882,12745.975,100.0,332530.0,6.4336728395061735,3.809460975609756,2.6242118638964174
PEI5mgmL_80°C_Des.TXT,PEI5mgmL,80°C,Des,3883,12750.975,100.0,332530.0,6.433648148148149,3.809430487804878,2.6242176603432705
PEI5mgmL_80°C_Des.TXT,PEI5mgmL,80°C,Des,3884,12753.975,100.0,332530.0,6.433633333333334,3.8094121951219515,2.6242211382113823
PEI5mgmL_80°C_Des.TXT,PEI5mgmL,80°C,Des,3885,12755.975,100.0,332530.0,6.433623456790124,3.8094,2.6242234567901237
PEI5mgmL_80°C_Des.TXT,PEI5mgmL,80°C,Des,3886,12758.975,100.0,332530.0,6.433608641975309,3.8094182926829268,2.624190349292382
PEI5mgmL_80°C_Des.TXT,PEI5mgmL,80°C,Des,3887,12765.975,100.0,332530.0,6.433574074074074,3.809460975609756,2.624113098464318
PEI5mgmL_80°C_Des.TXT,PEI5mgmL,80°C,Des,3888,12772.975,100.0,332530.0,6.43353950617284,3.8095036585365856,2.6240358476362546
PEI5mgmL_80°C_Des.TXT,PEI5mgmL,80°C,Des,3889,12780.975,100.0,332530.0,6.4335,3.8095524390243902,2.62394756097561
PEI5mgmL_80°C_Des.TXT,PEI5mgmL,80°C,Des,3890,12783.975,100.0,332530.0,6.433503658536586,3.8095707317073173,2.623932926829269
PEI5mgmL_80°C_Des.TXT,PEI5mgmL,80°C,Des,3891,12786.975,100.0,332530.0,6.433507317073171,3.809589024390244,2.623918292682927
PEI5mgmL_80°C_Des.TXT,PEI5mgmL,80°C,Des,3892,12788.975,100.0,332530.0,6.433509756097561,3.8096012195121953,2.623908536585366
PEI5mgmL_80°C_Des.TXT,PEI5mgmL,80°C,Des,3893,12791.975,100.0,332530.0,6.433513414634147,3.809619512195122,2.623893902439025
PEI5mgmL_80°C_Des.TXT,PEI5mgmL,80°C,Des,3894,12793.975,100.0,332530.0,6.433515853658537,3.8096317073170733,2.6238841463414633
PEI5mgmL_80°C_Des.TXT,PEI5mgmL,80°C,Des,3895,12799.975,100.0,332530.0,6.433523170731708,3.8096682926829266,2.6238548780487814
PEI5mgmL_80°C_Des.TXT,PEI5mgmL,80°C,Des,3896,12801.975,100.0,332530.0,6.4335256097560976,3.809680487804878,2.6238451219512196
PEI5mgmL_80°C_Des.TXT,PEI5mgmL,80°C,Des,3897,12804.975,100.0,332530.0,6.433529268292683,3.8096987804878046,2.6238304878048786
PEI5mgmL_80°C_Des.TXT,PEI5mgmL,80°C,Des,3898,12806.975,100.0,332530.0,6.433531707317074,3.809710975609756,2.6238207317073177
PEI5mgmL_80°C_Des.TXT,PEI5mgmL,80°C,Des,3899,12809.975,100.0,332530.0,6.4335353658536585,3.8097292682926827,2.623806097560976
PEI5mgmL_80°C_Des.TXT,PEI5mgmL,80°C,Des,3900,12811.975,100.0,332530.0,6.433537804878049,3.809741463414634,2.623796341463415
PEI5mgmL_80°C_Des.TXT,PEI5mgmL,80°C,Des,3901,12814.975,100.0,332530.0,6.433541463414635,3.8097597560975607,2.623781707317074
PEI5mgmL_80°C_Des.TXT,PEI5mgmL,80°C,Des,3902,12816.975,100.0,332530.0,6.433543902439025,3.809771951219512,2.623771951219513
PEI5mgmL_80°C_Des.TXT,PEI5mgmL,80°C,Des,3903,12819.975,100.0,332530.0,6.43354756097561,3.809790243902439,2.6237573170731707
PEI5mgmL_80°C_Des.TXT,PEI5mgmL,80°C,Des,3904,12822.975,100.0,332530.0,6.4335512195121956,3.809808536585366,2.6237426829268298
PEI5mgmL_80°C_Des.TXT,PEI5mgmL,80°C,Des,3905,12824.975,100.0,332530.0,6.433553658536586,3.809820731707317,2.623732926829269
PEI5mgmL_80°C_Des.TXT,PEI5mgmL,80°C,Des,3906,12827.975,100.0,332530.0,6.433557317073171,3.809839024390244,2.623718292682927
PEI5mgmL_80°C_Des.TXT,PEI5mgmL,80°C,Des,3907,12832.975,100.0,332530.0,6.433563414634147,3.809869512195122,2.623693902439025
PEI5mgmL_80°C_Des.TXT,PEI5mgmL,80°C,Des,3908,12835.975,100.0,332530.0,6.433567073170732,3.8098878048780485,2.6236792682926833
PEI5mgmL_80°C_Des.TXT,PEI5mgmL,80°C,Des,3909,12837.975,100.0,332530.0,6.433569512195122,3.8099,2.6236695121951223
PEI5mgmL_80°C_Des.TXT,PEI5mgmL,80°C,Des,3910,12840.975,100.0,332530.0,6.433573170731708,3.8098888888888887,2.623684281842819
PEI5mgmL_80°C_Des.TXT,PEI5mgmL,80°C,Des,3911,12847.975,100.0,332530.0,6.433581707317074,3.809862962962963,2.6237187443541106
PEI5mgmL_80°C_Des.TXT,PEI5mgmL,80°C,Des,3912,12854.975,100.0,332530.0,6.433590243902439,3.809837037037037,2.6237532068654024
PEI5mgmL_80°C_Des.TXT,PEI5mgmL,80°C,Des,3913,12862.975,100.0,332530.0,6.4336,3.8098074074074075,2.6237925925925927
PEI5mgmL_80°C_Des.TXT,PEI5mgmL,80°C,Des,3914,12865.975,100.0,332530.0,6.433592592592593,3.8097962962962963,2.6237962962962964
PEI5mgmL_80°C_Des.TXT,PEI5mgmL,80°C,Des,3915,12867.975,100.0,332530.0,6.433587654320988,3.809788888888889,2.623798765432099
PEI5mgmL_80°C_Des.TXT,PEI5mgmL,80°C,Des,3916,12870.975,100.0,332530.0,6.43358024691358,3.8097777777777777,2.6238024691358026
PEI5mgmL_80°C_Des.TXT,PEI5mgmL,80°C,Des,3917,12872.975,100.0,332530.0,6.433575308641975,3.8097703703703703,2.623804938271605
PEI5mgmL_80°C_Des.TXT,PEI5mgmL,80°C,Des,3918,12875.975,100.0,332530.0,6.433567901234568,3.809759259259259,2.623808641975309
PEI5mgmL_80°C_Des.TXT,PEI5mgmL,80°C,Des,3919,12880.975,100.0,332530.0,6.4335555555555555,3.809740740740741,2.6238148148148146
PEI5mgmL_80°C_Des.TXT,PEI5mgmL,80°C,Des,3920,12882.975,100.0,332530.0,6.4335506172839505,3.8097333333333334,2.623817283950617
PEI5mgmL_80°C_Des.TXT,PEI5mgmL,80°C,Des,3921,12885.975,100.0,332530.0,6.433543209876543,3.8097222222222222,2.623820987654321
PEI5mgmL_80°C_Des.TXT,PEI5mgmL,80°C,Des,3922,12888.975,100.0,332530.0,6.433535802469136,3.809711111111111,2.6238246913580245
PEI5mgmL_80°C_Des.TXT,PEI5mgmL,80°C,Des,3923,12890.975,100.0,332530.0,6.433530864197531,3.8097037037037036,2.623827160493827
PEI5mgmL_80°C_Des.TXT,PEI5mgmL,80°C,Des,3924,12893.975,100.0,332530.0,6.433523456790123,3.8096925925925924,2.6238308641975308
PEI5mgmL_80°C_Des.TXT,PEI5mgmL,80°C,Des,3925,12896.975,100.0,332530.0,6.433516049382716,3.8096814814814817,2.623834567901234
PEI5mgmL_80°C_Des.TXT,PEI5mgmL,80°C,Des,3926,12898.975,100.0,332530.0,6.433511111111111,3.809674074074074,2.6238370370370365
PEI5mgmL_80°C_Des.TXT,PEI5mgmL,80°C,Des,3927,12901.975,100.0,332530.0,6.433503703703703,3.809662962962963,2.6238407407407403
PEI5mgmL_80°C_Des.TXT,PEI5mgmL,80°C,Des,3928,12903.975,100.0,332530.0,6.433498765432099,3.8096555555555556,2.6238432098765436
PEI5mgmL_80°C_Des.TXT,PEI5mgmL,80°C,Des,3929,12906.975,100.0,332530.0,6.433491358024692,3.8096444444444444,2.6238469135802474
PEI5mgmL_80°C_Des.TXT,PEI5mgmL,80°C,Des,3930,12908.975,100.0,332530.0,6.433486419753087,3.809637037037037,2.62384938271605
PEI5mgmL_80°C_Des.TXT,PEI5mgmL,80°C,Des,3931,12913.975,100.0,332530.0,6.433474074074074,3.8096185185185187,2.6238555555555556
PEI5mgmL_80°C_Des.TXT,PEI5mgmL,80°C,Des,3932,12916.975,100.0,332530.0,6.433466666666667,3.8096074074074076,2.6238592592592593
PEI5mgmL_80°C_Des.TXT,PEI5mgmL,80°C,Des,3933,12918.975,100.0,332530.0,6.433461728395062,3.8096,2.623861728395062
PEI5mgmL_80°C_Des.TXT,PEI5mgmL,80°C,Des,3934,12921.975,100.0,332530.0,6.4334543209876545,3.809592682926829,2.6238616380608253
PEI5mgmL_80°C_Des.TXT,PEI5mgmL,80°C,Des,3935,12928.975,100.0,332530.0,6.433437037037037,3.8095756097560978,2.6238614272809393
PEI5mgmL_80°C_Des.TXT,PEI5mgmL,80°C,Des,3936,12935.975,100.0,332530.0,6.43341975308642,3.809558536585366,2.6238612165010538
PEI5mgmL_80°C_Des.TXT,PEI5mgmL,80°C,Des,3937,12943.975,100.0,332530.0,6.4334,3.809539024390244,2.6238609756097557
PEI5mgmL_80°C_Des.TXT,PEI5mgmL,80°C,Des,3938,12946.975,100.0,332530.0,6.433392682926829,3.809531707317073,2.623860975609756
PEI5mgmL_80°C_Des.TXT,PEI5mgmL,80°C,Des,3939,12949.975,100.0,332530.0,6.433385365853658,3.8095243902439027,2.6238609756097553
PEI5mgmL_80°C_Des.TXT,PEI5mgmL,80°C,Des,3940,12952.975,100.0,332530.0,6.4333780487804875,3.8095170731707317,2.6238609756097557
PEI5mgmL_80°C_Des.TXT,PEI5mgmL,80°C,Des,3941,12954.975,100.0,332530.0,6.4333731707317074,3.8095121951219513,2.623860975609756
PEI5mgmL_80°C_Des.TXT,PEI5mgmL,80°C,Des,3942,12957.975,100.0,332530.0,6.433365853658536,3.809504878048781,2.6238609756097553
PEI5mgmL_80°C_Des.TXT,PEI5mgmL,80°C,Des,3943,12962.975,100.0,332530.0,6.433353658536586,3.8094926829268294,2.623860975609756
PEI5mgmL_80°C_Des.TXT,PEI5mgmL,80°C,Des,3944,12964.975,100.0,332530.0,6.433348780487805,3.809487804878049,2.6238609756097557
PEI5mgmL_80°C_Des.TXT,PEI5mgmL,80°C,Des,3945,12967.975,100.0,332530.0,6.433341463414634,3.809480487804878,2.623860975609756
PEI5mgmL_80°C_Des.TXT,PEI5mgmL,80°C,Des,3946,12969.975,100.0,332530.0,6.433336585365853,3.8094756097560976,2.6238609756097557
PEI5mgmL_80°C_Des.TXT,PEI5mgmL,80°C,Des,3947,12972.975,100.0,332530.0,6.433329268292683,3.809468292682927,2.6238609756097557
PEI5mgmL_80°C_Des.TXT,PEI5mgmL,80°C,Des,3948,12974.975,100.0,332530.0,6.433324390243903,3.8094634146341466,2.623860975609756
PEI5mgmL_80°C_Des.TXT,PEI5mgmL,80°C,Des,3949,12977.975,100.0,332530.0,6.433317073170731,3.8094560975609757,2.6238609756097557
PEI5mgmL_80°C_Des.TXT,PEI5mgmL,80°C,Des,3950,12979.975,100.0,332530.0,6.433312195121951,3.8094512195121952,2.623860975609756
PEI5mgmL_80°C_Des.TXT,PEI5mgmL,80°C,Des,3951,12982.975,100.0,332530.0,6.433304878048781,3.8094439024390243,2.6238609756097566
PEI5mgmL_80°C_Des.TXT,PEI5mgmL,80°C,Des,3952,12984.975,100.0,332530.0,6.4333,3.809439024390244,2.623860975609756
PEI5mgmL_80°C_Des.TXT,PEI5mgmL,80°C,Des,3953,12987.975,100.0,332530.0,6.4332926829268295,3.8094317073170734,2.623860975609756
PEI5mgmL_80°C_Des.TXT,PEI5mgmL,80°C,Des,3954,12990.975,100.0,332530.0,6.433285365853658,3.8094243902439024,2.6238609756097557
PEI5mgmL_80°C_Des.TXT,PEI5mgmL,80°C,Des,3955,12995.975,100.0,332530.0,6.433273170731708,3.8094121951219515,2.623860975609756
PEI5mgmL_80°C_Des.TXT,PEI5mgmL,80°C,Des,3956,12997.975,100.0,332530.0,6.433268292682927,3.809407317073171,2.6238609756097557
PEI5mgmL_80°C_Des.TXT,PEI5mgmL,80°C,Des,3957,13000.975,100.0,332530.0,6.433260975609756,3.8094,2.623860975609756
PEI5mgmL_80°C_Des.TXT,PEI5mgmL,80°C,Des,3958,13003.975,100.0,332530.0,6.433253658536586,3.8093927710843376,2.623860887452248
PEI5mgmL_80°C_Des.TXT,PEI5mgmL,80°C,Des,3959,13009.975,100.0,332530.0,6.433239024390244,3.809378313253012,2.623860711137232
PEI5mgmL_80°C_Des.TXT,PEI5mgmL,80°C,Des,3960,13017.975,100.0,332530.0,6.433219512195122,3.8093590361445786,2.6238604760505435
PEI5mgmL_80°C_Des.TXT,PEI5mgmL,80°C,Des,3961,13025.975,100.0,332530.0,6.4332,3.8093397590361446,2.6238602409638556
PEI5mgmL_80°C_Des.TXT,PEI5mgmL,80°C,Des,3962,13027.975,100.0,332530.0,6.433187804878049,3.809334939759036,2.6238528651190127
PEI5mgmL_80°C_Des.TXT,PEI5mgmL,80°C,Des,3963,13030.975,100.0,332530.0,6.433169512195122,3.8093277108433736,2.6238418013517486
PEI5mgmL_80°C_Des.TXT,PEI5mgmL,80°C,Des,3964,13033.975,100.0,332530.0,6.433151219512196,3.809320481927711,2.6238307375844845
PEI5mgmL_80°C_Des.TXT,PEI5mgmL,80°C,Des,3965,13036.975,100.0,332530.0,6.433132926829268,3.809313253012048,2.62381967381722
PEI5mgmL_80°C_Des.TXT,PEI5mgmL,80°C,Des,3966,13038.975,100.0,332530.0,6.433120731707318,3.80930843373494,2.6238122979723775
PEI5mgmL_80°C_Des.TXT,PEI5mgmL,80°C,Des,3967,13043.975,100.0,332530.0,6.4330902439024396,3.8092963855421687,2.623793858360271
PEI5mgmL_80°C_Des.TXT,PEI5mgmL,80°C,Des,3968,13046.975,100.0,332530.0,6.433071951219512,3.809289156626506,2.623782794593006
PEI5mgmL_80°C_Des.TXT,PEI5mgmL,80°C,Des,3969,13048.975,100.0,332530.0,6.433059756097561,3.8092843373493976,2.623775418748163
PEI5mgmL_80°C_Des.TXT,PEI5mgmL,80°C,Des,3970,13051.975,100.0,332530.0,6.433041463414634,3.809277108433735,2.623764354980899
PEI5mgmL_80°C_Des.TXT,PEI5mgmL,80°C,Des,3971,13053.975,100.0,332530.0,6.433029268292683,3.8092722891566266,2.623756979136056
PEI5mgmL_80°C_Des.TXT,PEI5mgmL,80°C,Des,3972,13056.975,100.0,332530.0,6.433010975609756,3.809265060240964,2.623745915368792
PEI5mgmL_80°C_Des.TXT,PEI5mgmL,80°C,Des,3973,13059.975,100.0,332530.0,6.432992682926829,3.809257831325301,2.623734851601528
PEI5mgmL_80°C_Des.TXT,PEI5mgmL,80°C,Des,3974,13061.975,100.0,332530.0,6.432980487804878,3.809253012048193,2.623727475756685
PEI5mgmL_80°C_Des.TXT,PEI5mgmL,80°C,Des,3975,13064.975,100.0,332530.0,6.432962195121951,3.80924578313253,2.623716411989421
PEI5mgmL_80°C_Des.TXT,PEI5mgmL,80°C,Des,3976,13067.975,100.0,332530.0,6.432943902439025,3.8092385542168676,2.623705348222157
PEI5mgmL_80°C_Des.TXT,PEI5mgmL,80°C,Des,3977,13069.975,100.0,332530.0,6.432931707317073,3.809233734939759,2.623697972377314
PEI5mgmL_80°C_Des.TXT,PEI5mgmL,80°C,Des,3978,13072.975,100.0,332530.0,6.432913414634147,3.8092265060240966,2.62368690861005
PEI5mgmL_80°C_Des.TXT,PEI5mgmL,80°C,Des,3979,13077.975,100.0,332530.0,6.432882926829268,3.8092144578313256,2.623668468997942
PEI5mgmL_80°C_Des.TXT,PEI5mgmL,80°C,Des,3980,13080.975,100.0,332530.0,6.432864634146341,3.8092072289156627,2.6236574052306785
PEI5mgmL_80°C_Des.TXT,PEI5mgmL,80°C,Des,3981,13083.975,100.0,332530.0,6.4328463414634145,3.8092,2.6236463414634144
PEI5mgmL_80°C_Des.TXT,PEI5mgmL,80°C,Des,3982,13085.975,100.0,332530.0,6.432834146341463,3.8092,2.623634146341463
PEI5mgmL_80°C_Des.TXT,PEI5mgmL,80°C,Des,3983,13092.975,100.0,332530.0,6.432791463414634,3.8092,2.6235914634146336
PEI5mgmL_80°C_Des.TXT,PEI5mgmL,80°C,Des,3984,13099.975,100.0,332530.0,6.432748780487804,3.8092,2.623548780487804
PEI5mgmL_80°C_Des.TXT,PEI5mgmL,80°C,Des,3985,13107.975,100.0,332530.0,6.4327,3.8092,2.6234999999999995
PEI5mgmL_80°C_Des.TXT,PEI5mgmL,80°C,Des,3986,13110.975,100.0,332530.0,6.432692682926829,3.8092,2.623492682926829
PEI5mgmL_80°C_Des.TXT,PEI5mgmL,80°C,Des,3987,13113.975,100.0,332530.0,6.432685365853658,3.8092,2.6234853658536577
PEI5mgmL_80°C_Des.TXT,PEI5mgmL,80°C,Des,3988,13115.975,100.0,332530.0,6.432680487804878,3.8092,2.6234804878048776
PEI5mgmL_80°C_Des.TXT,PEI5mgmL,80°C,Des,3989,13118.975,100.0,332530.0,6.432673170731707,3.8092,2.623473170731707
PEI5mgmL_80°C_Des.TXT,PEI5mgmL,80°C,Des,3990,13120.975,100.0,332530.0,6.432668292682926,3.8092,2.6234682926829263
PEI5mgmL_80°C_Des.TXT,PEI5mgmL,80°C,Des,3991,13125.975,100.0,332530.0,6.432656097560975,3.8092,2.623456097560975
PEI5mgmL_80°C_Des.TXT,PEI5mgmL,80°C,Des,3992,13128.975,100.0,332530.0,6.4326487804878045,3.8092,2.6234487804878044
PEI5mgmL_80°C_Des.TXT,PEI5mgmL,80°C,Des,3993,13131.975,100.0,332530.0,6.432641463414634,3.8092,2.623441463414634
PEI5mgmL_80°C_Des.TXT,PEI5mgmL,80°C,Des,3994,13133.975,100.0,332530.0,6.432636585365853,3.8092,2.623436585365853
PEI5mgmL_80°C_Des.TXT,PEI5mgmL,80°C,Des,3995,13136.975,100.0,332530.0,6.432629268292683,3.8092,2.6234292682926825
PEI5mgmL_80°C_Des.TXT,PEI5mgmL,80°C,Des,3996,13138.975,100.0,332530.0,6.432624390243903,3.8092,2.6234243902439025
PEI5mgmL_80°C_Des.TXT,PEI5mgmL,80°C,Des,3997,13141.975,100.0,332530.0,6.432617073170731,3.8092,2.623417073170731
PEI5mgmL_80°C_Des.TXT,PEI5mgmL,80°C,Des,3998,13143.975,100.0,332530.0,6.432612195121951,3.8092,2.623412195121951
PEI5mgmL_80°C_Des.TXT,PEI5mgmL,80°C,Des,3999,13146.975,100.0,332530.0,6.432604878048781,3.8092,2.6234048780487806
PEI5mgmL_80°C_Des.TXT,PEI5mgmL,80°C,Des,4000,13149.975,100.0,332530.0,6.432597560975609,3.8092,2.6233975609756093
PEI5mgmL_80°C_Des.TXT,PEI5mgmL,80°C,Des,4001,13151.975,100.0,332530.0,6.432592682926829,3.8092,2.6233926829268293
PEI5mgmL_80°C_Des.TXT,PEI5mgmL,80°C,Des,4002,13153.975,100.0,332530.0,6.4325878048780485,3.8092,2.6233878048780483
PEI5mgmL_80°C_Des.TXT,PEI5mgmL,80°C,Des,4003,13159.975,100.0,332530.0,6.4325731707317075,3.8092,2.6233731707317074
PEI5mgmL_80°C_Des.TXT,PEI5mgmL,80°C,Des,4004,13161.975,100.0,332530.0,6.432568292682927,3.8092,2.6233682926829265
PEI5mgmL_80°C_Des.TXT,PEI5mgmL,80°C,Des,4005,13164.975,100.0,332530.0,6.432560975609756,3.8092,2.623360975609756
PEI5mgmL_80°C_Des.TXT,PEI5mgmL,80°C,Des,4006,13167.975,100.0,332530.0,6.432553658536586,3.8091853658536587,2.623368292682927
PEI5mgmL_80°C_Des.TXT,PEI5mgmL,80°C,Des,4007,13173.975,100.0,332530.0,6.432539024390244,3.809156097560976,2.623382926829268
PEI5mgmL_80°C_Des.TXT,PEI5mgmL,80°C,Des,4008,13181.975,100.0,332530.0,6.432519512195122,3.809117073170732,2.62340243902439
PEI5mgmL_80°C_Des.TXT,PEI5mgmL,80°C,Des,4009,13189.975,100.0,332530.0,6.4325,3.809078048780488,2.623421951219512
PEI5mgmL_80°C_Des.TXT,PEI5mgmL,80°C,Des,4010,13191.975,100.0,332530.0,6.43249268292683,3.809068292682927,2.6234243902439025
PEI5mgmL_80°C_Des.TXT,PEI5mgmL,80°C,Des,4011,13194.975,100.0,332530.0,6.4324817073170735,3.8090536585365857,2.6234280487804877
PEI5mgmL_80°C_Des.TXT,PEI5mgmL,80°C,Des,4012,13197.975,100.0,332530.0,6.432470731707317,3.809039024390244,2.6234317073170734
PEI5mgmL_80°C_Des.TXT,PEI5mgmL,80°C,Des,4013,13199.975,100.0,332530.0,6.432463414634147,3.809029268292683,2.623434146341464
PEI5mgmL_80°C_Des.TXT,PEI5mgmL,80°C,Des,4014,13202.975,100.0,332530.0,6.432452439024391,3.8090146341463416,2.623437804878049
PEI5mgmL_80°C_Des.TXT,PEI5mgmL,80°C,Des,4015,13207.975,100.0,332530.0,6.432434146341463,3.8089902439024392,2.623443902439024
PEI5mgmL_80°C_Des.TXT,PEI5mgmL,80°C,Des,4016,13209.975,100.0,332530.0,6.432426829268293,3.8089804878048783,2.6234463414634144
PEI5mgmL_80°C_Des.TXT,PEI5mgmL,80°C,Des,4017,13212.975,100.0,332530.0,6.4324158536585365,3.808965853658537,2.6234499999999996
PEI5mgmL_80°C_Des.TXT,PEI5mgmL,80°C,Des,4018,13215.975,100.0,332530.0,6.43240487804878,3.8089512195121955,2.623453658536585
PEI5mgmL_80°C_Des.TXT,PEI5mgmL,80°C,Des,4019,13217.975,100.0,332530.0,6.43239756097561,3.808941463414634,2.6234560975609758
PEI5mgmL_80°C_Des.TXT,PEI5mgmL,80°C,Des,4020,13220.975,100.0,332530.0,6.432386585365854,3.8089268292682927,2.623459756097561
PEI5mgmL_80°C_Des.TXT,PEI5mgmL,80°C,Des,4021,13222.975,100.0,332530.0,6.432379268292683,3.808917073170732,2.6234621951219514
PEI5mgmL_80°C_Des.TXT,PEI5mgmL,80°C,Des,4022,13225.975,100.0,332530.0,6.432368292682927,3.8089024390243904,2.6234658536585367
PEI5mgmL_80°C_Des.TXT,PEI5mgmL,80°C,Des,4023,13228.975,100.0,332530.0,6.432357317073171,3.808887804878049,2.623469512195122
PEI5mgmL_80°C_Des.TXT,PEI5mgmL,80°C,Des,4024,13230.975,100.0,332530.0,6.43235,3.808878048780488,2.6234719512195115
PEI5mgmL_80°C_Des.TXT,PEI5mgmL,80°C,Des,4025,13233.975,100.0,332530.0,6.432339024390244,3.8088634146341467,2.6234756097560976
PEI5mgmL_80°C_Des.TXT,PEI5mgmL,80°C,Des,4026,13235.975,100.0,332530.0,6.432331707317073,3.8088536585365858,2.623478048780487
PEI5mgmL_80°C_Des.TXT,PEI5mgmL,80°C,Des,4027,13240.975,100.0,332530.0,6.432313414634146,3.808829268292683,2.6234841463414633
PEI5mgmL_80°C_Des.TXT,PEI5mgmL,80°C,Des,4028,13243.975,100.0,332530.0,6.43230243902439,3.8088146341463416,2.6234878048780486
PEI5mgmL_80°C_Des.TXT,PEI5mgmL,80°C,Des,4029,13246.975,100.0,332530.0,6.432291463414634,3.8088,2.623491463414634
PEI5mgmL_80°C_Des.TXT,PEI5mgmL,80°C,Des,4030,13249.975,100.0,332530.0,6.432280487804878,3.808796341463415,2.623484146341463
PEI5mgmL_80°C_Des.TXT,PEI5mgmL,80°C,Des,4031,13255.975,100.0,332530.0,6.4322585365853655,3.808789024390244,2.6234695121951215
PEI5mgmL_80°C_Des.TXT,PEI5mgmL,80°C,Des,4032,13263.975,100.0,332530.0,6.432229268292683,3.808779268292683,2.6234499999999996
PEI5mgmL_80°C_Des.TXT,PEI5mgmL,80°C,Des,4033,13271.975,100.0,332530.0,6.4322,3.808769512195122,2.6234304878048778
PEI5mgmL_80°C_Des.TXT,PEI5mgmL,80°C,Des,4034,13273.975,100.0,332530.0,6.4321975609756095,3.8087670731707317,2.6234304878048778
PEI5mgmL_80°C_Des.TXT,PEI5mgmL,80°C,Des,4035,13276.975,100.0,332530.0,6.432193902439025,3.8087634146341465,2.623430487804878
PEI5mgmL_80°C_Des.TXT,PEI5mgmL,80°C,Des,4036,13279.975,100.0,332530.0,6.432190243902439,3.8087597560975612,2.6234304878048778
PEI5mgmL_80°C_Des.TXT,PEI5mgmL,80°C,Des,4037,13281.975,100.0,332530.0,6.4321878048780485,3.808757317073171,2.6234304878048778
PEI5mgmL_80°C_Des.TXT,PEI5mgmL,80°C,Des,4038,13284.975,100.0,332530.0,6.432184146341464,3.8087536585365855,2.623430487804878
PEI5mgmL_80°C_Des.TXT,PEI5mgmL,80°C,Des,4039,13289.975,100.0,332530.0,6.432178048780488,3.80874756097561,2.6234304878048778
PEI5mgmL_80°C_Des.TXT,PEI5mgmL,80°C,Des,4040,13291.975,100.0,332530.0,6.432175609756097,3.8087451219512194,2.6234304878048778
PEI5mgmL_80°C_Des.TXT,PEI5mgmL,80°C,Des,4041,13294.975,100.0,332530.0,6.432171951219512,3.808741463414634,2.623430487804878
PEI5mgmL_80°C_Des.TXT,PEI5mgmL,80°C,Des,4042,13297.975,100.0,332530.0,6.432168292682927,3.808737804878049,2.6234304878048778
PEI5mgmL_80°C_Des.TXT,PEI5mgmL,80°C,Des,4043,13299.975,100.0,332530.0,6.432165853658536,3.8087353658536585,2.6234304878048778
PEI5mgmL_80°C_Des.TXT,PEI5mgmL,80°C,Des,4044,13302.975,100.0,332530.0,6.432162195121951,3.8087317073170732,2.623430487804878
PEI5mgmL_80°C_Des.TXT,PEI5mgmL,80°C,Des,4045,13305.975,100.0,332530.0,6.432158536585366,3.808728048780488,2.6234304878048778
PEI5mgmL_80°C_Des.TXT,PEI5mgmL,80°C,Des,4046,13307.975,100.0,332530.0,6.432156097560975,3.8087256097560975,2.6234304878048778
PEI5mgmL_80°C_Des.TXT,PEI5mgmL,80°C,Des,4047,13310.975,100.0,332530.0,6.4321524390243905,3.8087219512195123,2.623430487804878
PEI5mgmL_80°C_Des.TXT,PEI5mgmL,80°C,Des,4048,13312.975,100.0,332530.0,6.43215,3.808719512195122,2.623430487804878
PEI5mgmL_80°C_Des.TXT,PEI5mgmL,80°C,Des,4049,13315.975,100.0,332530.0,6.432146341463414,3.8087158536585366,2.6234304878048778
PEI5mgmL_80°C_Des.TXT,PEI5mgmL,80°C,Des,4050,13317.975,100.0,332530.0,6.432143902439025,3.808713414634146,2.6234304878048786
PEI5mgmL_80°C_Des.TXT,PEI5mgmL,80°C,Des,4051,13323.975,100.0,332530.0,6.432136585365853,3.8087060975609757,2.6234304878048778
PEI5mgmL_80°C_Des.TXT,PEI5mgmL,80°C,Des,4052,13325.975,100.0,332530.0,6.432134146341464,3.808703658536585,2.6234304878048786
PEI5mgmL_80°C_Des.TXT,PEI5mgmL,80°C,Des,4053,13328.975,100.0,332530.0,6.432130487804878,3.8087,2.623430487804878
PEI5mgmL_80°C_Des.TXT,PEI5mgmL,80°C,Des,4054,13330.975,100.0,332530.0,6.432128048780488,3.808695061728395,2.6234329870520927
PEI5mgmL_80°C_Des.TXT,PEI5mgmL,80°C,Des,4055,13337.975,100.0,332530.0,6.432119512195122,3.8086777777777776,2.6234417344173444
PEI5mgmL_80°C_Des.TXT,PEI5mgmL,80°C,Des,4056,13345.975,100.0,332530.0,6.432109756097561,3.808658024691358,2.623451731406203
PEI5mgmL_80°C_Des.TXT,PEI5mgmL,80°C,Des,4057,13353.975,100.0,332530.0,6.4321,3.8086382716049383,2.623461728395062
PEI5mgmL_80°C_Des.TXT,PEI5mgmL,80°C,Des,4058,13355.975,100.0,332530.0,6.432095061728395,3.8086333333333333,2.623461728395062
PEI5mgmL_80°C_Des.TXT,PEI5mgmL,80°C,Des,4059,13357.975,100.0,332530.0,6.43209012345679,3.8086283950617283,2.623461728395062
PEI5mgmL_80°C_Des.TXT,PEI5mgmL,80°C,Des,4060,13360.975,100.0,332530.0,6.432082716049383,3.808620987654321,2.623461728395062
PEI5mgmL_80°C_Des.TXT,PEI5mgmL,80°C,Des,4061,13363.975,100.0,332530.0,6.432075308641975,3.8086135802469134,2.623461728395062
PEI5mgmL_80°C_Des.TXT,PEI5mgmL,80°C,Des,4062,13365.975,100.0,332530.0,6.43207037037037,3.8086086419753085,2.623461728395062
PEI5mgmL_80°C_Des.TXT,PEI5mgmL,80°C,Des,4063,13370.975,100.0,332530.0,6.432058024691358,3.8085962962962965,2.6234617283950614
PEI5mgmL_80°C_Des.TXT,PEI5mgmL,80°C,Des,4064,13373.975,100.0,332530.0,6.4320506172839504,3.808588888888889,2.6234617283950614
PEI5mgmL_80°C_Des.TXT,PEI5mgmL,80°C,Des,4065,13376.975,100.0,332530.0,6.432043209876543,3.8085814814814816,2.6234617283950614
PEI5mgmL_80°C_Des.TXT,PEI5mgmL,80°C,Des,4066,13378.975,100.0,332530.0,6.432038271604938,3.8085765432098766,2.6234617283950614
PEI5mgmL_80°C_Des.TXT,PEI5mgmL,80°C,Des,4067,13381.975,100.0,332530.0,6.432030864197531,3.808569135802469,2.6234617283950614
PEI5mgmL_80°C_Des.TXT,PEI5mgmL,80°C,Des,4068,13383.975,100.0,332530.0,6.432025925925926,3.808564197530864,2.6234617283950614
PEI5mgmL_80°C_Des.TXT,PEI5mgmL,80°C,Des,4069,13386.975,100.0,332530.0,6.432018518518518,3.8085567901234567,2.6234617283950614
PEI5mgmL_80°C_Des.TXT,PEI5mgmL,80°C,Des,4070,13389.975,100.0,332530.0,6.432011111111111,3.8085493827160493,2.6234617283950614
PEI5mgmL_80°C_Des.TXT,PEI5mgmL,80°C,Des,4071,13391.975,100.0,332530.0,6.432006172839506,3.8085444444444443,2.6234617283950614
PEI5mgmL_80°C_Des.TXT,PEI5mgmL,80°C,Des,4072,13394.975,100.0,332530.0,6.431998765432099,3.808537037037037,2.6234617283950623
PEI5mgmL_80°C_Des.TXT,PEI5mgmL,80°C,Des,4073,13396.975,100.0,332530.0,6.431993827160494,3.8085320987654323,2.623461728395062
PEI5mgmL_80°C_Des.TXT,PEI5mgmL,80°C,Des,4074,13399.975,100.0,332530.0,6.431986419753087,3.808524691358025,2.623461728395062
PEI5mgmL_80°C_Des.TXT,PEI5mgmL,80°C,Des,4075,13404.975,100.0,332530.0,6.431974074074074,3.8085123456790124,2.623461728395062
PEI5mgmL_80°C_Des.TXT,PEI5mgmL,80°C,Des,4076,13406.975,100.0,332530.0,6.431969135802469,3.8085074074074075,2.623461728395062
PEI5mgmL_80°C_Des.TXT,PEI5mgmL,80°C,Des,4077,13409.975,100.0,332530.0,6.431961728395062,3.8085,2.623461728395062
PEI5mgmL_80°C_Des.TXT,PEI5mgmL,80°C,Des,4078,13412.975,100.0,332530.0,6.431954320987654,3.8084817073170734,2.623472613670581
PEI5mgmL_80°C_Des.TXT,PEI5mgmL,80°C,Des,4079,13418.975,100.0,332530.0,6.4319395061728395,3.8084451219512196,2.62349438422162
PEI5mgmL_80°C_Des.TXT,PEI5mgmL,80°C,Des,4080,13426.975,100.0,332530.0,6.43191975308642,3.8083963414634145,2.623523411623005
PEI5mgmL_80°C_Des.TXT,PEI5mgmL,80°C,Des,4081,13434.975,100.0,332530.0,6.4319,3.80834756097561,2.62355243902439
PEI5mgmL_80°C_Des.TXT,PEI5mgmL,80°C,Des,4082,13437.975,100.0,332530.0,6.431903658536585,3.808329268292683,2.6235743902439026
PEI5mgmL_80°C_Des.TXT,PEI5mgmL,80°C,Des,4083,13439.975,100.0,332530.0,6.431906097560975,3.8083170731707314,2.6235890243902436
PEI5mgmL_80°C_Des.TXT,PEI5mgmL,80°C,Des,4084,13442.975,100.0,332530.0,6.431909756097561,3.808298780487805,2.623610975609756
PEI5mgmL_80°C_Des.TXT,PEI5mgmL,80°C,Des,4085,13444.975,100.0,332530.0,6.431912195121951,3.8082865853658534,2.6236256097560977
PEI5mgmL_80°C_Des.TXT,PEI5mgmL,80°C,Des,4086,13447.975,100.0,332530.0,6.431915853658537,3.8082682926829268,2.62364756097561
PEI5mgmL_80°C_Des.TXT,PEI5mgmL,80°C,Des,4087,13452.975,100.0,332530.0,6.431921951219512,3.8082378048780487,2.6236841463414633
PEI5mgmL_80°C_Des.TXT,PEI5mgmL,80°C,Des,4088,13455.975,100.0,332530.0,6.431925609756098,3.8082195121951217,2.623706097560976
PEI5mgmL_80°C_Des.TXT,PEI5mgmL,80°C,Des,4089,13457.975,100.0,332530.0,6.431928048780487,3.8082073170731707,2.6237207317073166
PEI5mgmL_80°C_Des.TXT,PEI5mgmL,80°C,Des,4090,13460.975,100.0,332530.0,6.431931707317073,3.8081890243902436,2.6237426829268293
PEI5mgmL_80°C_Des.TXT,PEI5mgmL,80°C,Des,4091,13462.975,100.0,332530.0,6.431934146341463,3.8081768292682927,2.6237573170731707
PEI5mgmL_80°C_Des.TXT,PEI5mgmL,80°C,Des,4092,13465.975,100.0,332530.0,6.431937804878049,3.8081585365853656,2.6237792682926835
PEI5mgmL_80°C_Des.TXT,PEI5mgmL,80°C,Des,4093,13468.975,100.0,332530.0,6.431941463414634,3.808140243902439,2.623801219512195
PEI5mgmL_80°C_Des.TXT,PEI5mgmL,80°C,Des,4094,13471.975,100.0,332530.0,6.43194512195122,3.808121951219512,2.6238231707317077
PEI5mgmL_80°C_Des.TXT,PEI5mgmL,80°C,Des,4095,13473.975,100.0,332530.0,6.43194756097561,3.808109756097561,2.623837804878049
PEI5mgmL_80°C_Des.TXT,PEI5mgmL,80°C,Des,4096,13476.975,100.0,332530.0,6.431951219512195,3.808091463414634,2.623859756097561
PEI5mgmL_80°C_Des.TXT,PEI5mgmL,80°C,Des,4097,13478.975,100.0,332530.0,6.431953658536585,3.808079268292683,2.6238743902439023
PEI5mgmL_80°C_Des.TXT,PEI5mgmL,80°C,Des,4098,13481.975,100.0,332530.0,6.431957317073171,3.808060975609756,2.623896341463415
PEI5mgmL_80°C_Des.TXT,PEI5mgmL,80°C,Des,4099,13486.975,100.0,332530.0,6.431963414634146,3.808030487804878,2.6239329268292684
PEI5mgmL_80°C_Des.TXT,PEI5mgmL,80°C,Des,4100,13488.975,100.0,332530.0,6.431965853658537,3.8080182926829265,2.62394756097561
PEI5mgmL_80°C_Des.TXT,PEI5mgmL,80°C,Des,4101,13491.975,100.0,332530.0,6.431969512195122,3.808,2.6239695121951225
PEI5mgmL_80°C_Des.TXT,PEI5mgmL,80°C,Des,4102,13494.975,100.0,332530.0,6.431973170731707,3.8080037037037036,2.6239694670280036
PEI5mgmL_80°C_Des.TXT,PEI5mgmL,80°C,Des,4103,13500.975,100.0,332530.0,6.4319804878048785,3.808011111111111,2.6239693766937675
PEI5mgmL_80°C_Des.TXT,PEI5mgmL,80°C,Des,4104,13508.975,100.0,332530.0,6.4319902439024395,3.808020987654321,2.6239692562481185
PEI5mgmL_80°C_Des.TXT,PEI5mgmL,80°C,Des,4105,13516.975,100.0,332530.0,6.432,3.808030864197531,2.6239691358024695
PEI5mgmL_80°C_Des.TXT,PEI5mgmL,80°C,Des,4106,13518.975,100.0,332530.0,6.4319853658536585,3.8080333333333334,2.623952032520325
PEI5mgmL_80°C_Des.TXT,PEI5mgmL,80°C,Des,4107,13521.975,100.0,332530.0,6.431963414634147,3.808037037037037,2.62392637759711
PEI5mgmL_80°C_Des.TXT,PEI5mgmL,80°C,Des,4108,13523.975,100.0,332530.0,6.431948780487805,3.8080395061728396,2.6239092743149657
PEI5mgmL_80°C_Des.TXT,PEI5mgmL,80°C,Des,4109,13526.975,100.0,332530.0,6.431926829268293,3.8080432098765433,2.6238836193917496
PEI5mgmL_80°C_Des.TXT,PEI5mgmL,80°C,Des,4110,13529.975,100.0,332530.0,6.431904878048781,3.808046913580247,2.6238579644685336
PEI5mgmL_80°C_Des.TXT,PEI5mgmL,80°C,Des,4111,13534.975,100.0,332530.0,6.431868292682927,3.808053086419753,2.6238152062631745
PEI5mgmL_80°C_Des.TXT,PEI5mgmL,80°C,Des,4112,13536.975,100.0,332530.0,6.4318536585365855,3.8080555555555553,2.6237981029810302
PEI5mgmL_80°C_Des.TXT,PEI5mgmL,80°C,Des,4113,13539.975,100.0,332530.0,6.431831707317073,3.808059259259259,2.623772448057814
PEI5mgmL_80°C_Des.TXT,PEI5mgmL,80°C,Des,4114,13541.975,100.0,332530.0,6.431817073170732,3.8080617283950615,2.6237553447756707
PEI5mgmL_80°C_Des.TXT,PEI5mgmL,80°C,Des,4115,13544.975,100.0,332530.0,6.43179512195122,3.8080654320987652,2.6237296898524547
PEI5mgmL_80°C_Des.TXT,PEI5mgmL,80°C,Des,4116,13546.975,100.0,332530.0,6.431780487804878,3.8080679012345677,2.6237125865703104
PEI5mgmL_80°C_Des.TXT,PEI5mgmL,80°C,Des,4117,13549.975,100.0,332530.0,6.431758536585366,3.8080716049382715,2.6236869316470943
PEI5mgmL_80°C_Des.TXT,PEI5mgmL,80°C,Des,4118,13551.975,100.0,332530.0,6.431743902439025,3.808074074074074,2.623669828364951
PEI5mgmL_80°C_Des.TXT,PEI5mgmL,80°C,Des,4119,13554.975,100.0,332530.0,6.4317219512195125,3.8080777777777777,2.623644173441735
PEI5mgmL_80°C_Des.TXT,PEI5mgmL,80°C,Des,4120,13557.975,100.0,332530.0,6.4317,3.8080814814814814,2.623618518518519
PEI5mgmL_80°C_Des.TXT,PEI5mgmL,80°C,Des,4121,13559.975,100.0,332530.0,6.431685365853658,3.808083950617284,2.6236014152363745
PEI5mgmL_80°C_Des.TXT,PEI5mgmL,80°C,Des,4122,13562.975,100.0,332530.0,6.431663414634147,3.8080876543209876,2.6235757603131593
PEI5mgmL_80°C_Des.TXT,PEI5mgmL,80°C,Des,4123,13567.975,100.0,332530.0,6.431626829268293,3.808093827160494,2.623533002107799
PEI5mgmL_80°C_Des.TXT,PEI5mgmL,80°C,Des,4124,13570.975,100.0,332530.0,6.4316048780487804,3.8080975308641976,2.623507347184583
PEI5mgmL_80°C_Des.TXT,PEI5mgmL,80°C,Des,4125,13572.975,100.0,332530.0,6.4315902439024395,3.8081,2.6234902439024395
PEI5mgmL_80°C_Des.TXT,PEI5mgmL,80°C,Des,4126,13575.975,100.0,332530.0,6.431568292682927,3.808089024390244,2.6234792682926833
PEI5mgmL_80°C_Des.TXT,PEI5mgmL,80°C,Des,4127,13582.975,100.0,332530.0,6.431517073170732,3.8080634146341463,2.6234536585365857
PEI5mgmL_80°C_Des.TXT,PEI5mgmL,80°C,Des,4128,13589.975,100.0,332530.0,6.431465853658537,3.8080378048780488,2.623428048780488
PEI5mgmL_80°C_Des.TXT,PEI5mgmL,80°C,Des,4129,13598.975,100.0,332530.0,6.4314,3.8080048780487803,2.6233951219512197
PEI5mgmL_80°C_Des.TXT,PEI5mgmL,80°C,Des,4130,13600.975,100.0,332530.0,6.4314,3.80799756097561,2.62340243902439
PEI5mgmL_80°C_Des.TXT,PEI5mgmL,80°C,Des,4131,13603.975,100.0,332530.0,6.4314,3.8079865853658537,2.6234134146341463
PEI5mgmL_80°C_Des.TXT,PEI5mgmL,80°C,Des,4132,13605.975,100.0,332530.0,6.4314,3.8079792682926827,2.6234207317073173
PEI5mgmL_80°C_Des.TXT,PEI5mgmL,80°C,Des,4133,13608.975,100.0,332530.0,6.4314,3.8079682926829266,2.6234317073170734
PEI5mgmL_80°C_Des.TXT,PEI5mgmL,80°C,Des,4134,13611.975,100.0,332530.0,6.4314,3.807957317073171,2.623442682926829
PEI5mgmL_80°C_Des.TXT,PEI5mgmL,80°C,Des,4135,13616.975,100.0,332530.0,6.4314,3.807939024390244,2.623460975609756
PEI5mgmL_80°C_Des.TXT,PEI5mgmL,80°C,Des,4136,13618.975,100.0,332530.0,6.4314,3.8079317073170733,2.6234682926829267
PEI5mgmL_80°C_Des.TXT,PEI5mgmL,80°C,Des,4137,13621.975,100.0,332530.0,6.4314,3.807920731707317,2.623479268292683
PEI5mgmL_80°C_Des.TXT,PEI5mgmL,80°C,Des,4138,13623.975,100.0,332530.0,6.4314,3.8079134146341462,2.6234865853658538
PEI5mgmL_80°C_Des.TXT,PEI5mgmL,80°C,Des,4139,13626.975,100.0,332530.0,6.4314,3.80790243902439,2.62349756097561
PEI5mgmL_80°C_Des.TXT,PEI5mgmL,80°C,Des,4140,13628.975,100.0,332530.0,6.4314,3.8078951219512196,2.6235048780487804
PEI5mgmL_80°C_Des.TXT,PEI5mgmL,80°C,Des,4141,13631.975,100.0,332530.0,6.4314,3.8078841463414634,2.6235158536585366
PEI5mgmL_80°C_Des.TXT,PEI5mgmL,80°C,Des,4142,13634.975,100.0,332530.0,6.4314,3.8078731707317073,2.6235268292682927
PEI5mgmL_80°C_Des.TXT,PEI5mgmL,80°C,Des,4143,13636.975,100.0,332530.0,6.4314,3.8078658536585364,2.6235341463414636
PEI5mgmL_80°C_Des.TXT,PEI5mgmL,80°C,Des,4144,13639.975,100.0,332530.0,6.4314,3.80785487804878,2.62354512195122
PEI5mgmL_80°C_Des.TXT,PEI5mgmL,80°C,Des,4145,13641.975,100.0,332530.0,6.4314,3.8078475609756097,2.6235524390243903
PEI5mgmL_80°C_Des.TXT,PEI5mgmL,80°C,Des,4146,13644.975,100.0,332530.0,6.4314,3.8078365853658536,2.6235634146341464
PEI5mgmL_80°C_Des.TXT,PEI5mgmL,80°C,Des,4147,13649.975,100.0,332530.0,6.4314,3.8078182926829265,2.6235817073170735
PEI5mgmL_80°C_Des.TXT,PEI5mgmL,80°C,Des,4148,13652.975,100.0,332530.0,6.4314,3.8078073170731708,2.6235926829268292
PEI5mgmL_80°C_Des.TXT,PEI5mgmL,80°C,Des,4149,13654.975,100.0,332530.0,6.4314,3.8078,2.6236
PEI5mgmL_80°C_Des.TXT,PEI5mgmL,80°C,Des,4150,13657.975,100.0,332530.0,6.4314,3.8077890243902437,2.6236109756097563
PEI5mgmL_80°C_Des.TXT,PEI5mgmL,80°C,Des,4151,13663.975,100.0,332530.0,6.4314,3.8077670731707314,2.6236329268292686
PEI5mgmL_80°C_Des.TXT,PEI5mgmL,80°C,Des,4152,13671.975,100.0,332530.0,6.4314,3.8077378048780486,2.6236621951219514
PEI5mgmL_80°C_Des.TXT,PEI5mgmL,80°C,Des,4153,13680.975,100.0,332530.0,6.4314,3.8077048780487806,2.6236951219512195
PEI5mgmL_80°C_Des.TXT,PEI5mgmL,80°C,Des,4154,13682.975,100.0,332530.0,6.4314,3.8076975609756096,2.6237024390243904
PEI5mgmL_80°C_Des.TXT,PEI5mgmL,80°C,Des,4155,13685.975,100.0,332530.0,6.4314,3.8076865853658535,2.6237134146341465
PEI5mgmL_80°C_Des.TXT,PEI5mgmL,80°C,Des,4156,13687.975,100.0,332530.0,6.4314,3.807679268292683,2.623720731707317
PEI5mgmL_80°C_Des.TXT,PEI5mgmL,80°C,Des,4157,13690.975,100.0,332530.0,6.4314,3.807668292682927,2.623731707317073
PEI5mgmL_80°C_Des.TXT,PEI5mgmL,80°C,Des,4158,13693.975,100.0,332530.0,6.4314,3.8076573170731707,2.6237426829268293
PEI5mgmL_80°C_Des.TXT,PEI5mgmL,80°C,Des,4159,13698.975,100.0,332530.0,6.4314,3.807639024390244,2.623760975609756
PEI5mgmL_80°C_Des.TXT,PEI5mgmL,80°C,Des,4160,13700.975,100.0,332530.0,6.4314,3.807631707317073,2.623768292682927
PEI5mgmL_80°C_Des.TXT,PEI5mgmL,80°C,Des,4161,13703.975,100.0,332530.0,6.4314,3.807620731707317,2.623779268292683
PEI5mgmL_80°C_Des.TXT,PEI5mgmL,80°C,Des,4162,13705.975,100.0,332530.0,6.4314,3.8076134146341465,2.6237865853658535
PEI5mgmL_80°C_Des.TXT,PEI5mgmL,80°C,Des,4163,13708.975,100.0,332530.0,6.4314,3.8076024390243903,2.6237975609756097
PEI5mgmL_80°C_Des.TXT,PEI5mgmL,80°C,Des,4164,13710.975,100.0,332530.0,6.4314,3.8075951219512194,2.6238048780487806
PEI5mgmL_80°C_Des.TXT,PEI5mgmL,80°C,Des,4165,13713.975,100.0,332530.0,6.4314,3.8075841463414632,2.6238158536585368
PEI5mgmL_80°C_Des.TXT,PEI5mgmL,80°C,Des,4166,13715.975,100.0,332530.0,6.4314,3.8075768292682928,2.6238231707317072
PEI5mgmL_80°C_Des.TXT,PEI5mgmL,80°C,Des,4167,13718.975,100.0,332530.0,6.4314,3.8075658536585366,2.6238341463414634
PEI5mgmL_80°C_Des.TXT,PEI5mgmL,80°C,Des,4168,13720.975,100.0,332530.0,6.4314,3.8075585365853657,2.6238414634146343
PEI5mgmL_80°C_Des.TXT,PEI5mgmL,80°C,Des,4169,13723.975,100.0,332530.0,6.4314,3.80754756097561,2.62385243902439
PEI5mgmL_80°C_Des.TXT,PEI5mgmL,80°C,Des,4170,13726.975,100.0,332530.0,6.4314,3.807536585365854,2.623863414634146
PEI5mgmL_80°C_Des.TXT,PEI5mgmL,80°C,Des,4171,13731.975,100.0,332530.0,6.4314,3.8075182926829267,2.6238817073170733
PEI5mgmL_80°C_Des.TXT,PEI5mgmL,80°C,Des,4172,13733.975,100.0,332530.0,6.4314,3.8075109756097563,2.6238890243902437
PEI5mgmL_80°C_Des.TXT,PEI5mgmL,80°C,Des,4173,13736.975,100.0,332530.0,6.4314,3.8075,2.6239
PEI5mgmL_80°C_Des.TXT,PEI5mgmL,80°C,Des,4174,13739.975,100.0,332530.0,6.4314,3.8075,2.6239
PEI5mgmL_80°C_Des.TXT,PEI5mgmL,80°C,Des,4175,13745.975,100.0,332530.0,6.4314,3.8075,2.6239
PEI5mgmL_80°C_Des.TXT,PEI5mgmL,80°C,Des,4176,13753.975,100.0,332530.0,6.4314,3.8075,2.6239
PEI5mgmL_80°C_Des.TXT,PEI5mgmL,80°C,Des,4177,13761.975,100.0,332530.0,6.4314,3.8075,2.6239
PEI5mgmL_80°C_Des.TXT,PEI5mgmL,80°C,Des,4178,13763.975,100.0,332530.0,6.4313926829268295,3.8075,2.6238926829268294
PEI5mgmL_80°C_Des.TXT,PEI5mgmL,80°C,Des,4179,13766.975,100.0,332530.0,6.431381707317073,3.8075,2.6238817073170733
PEI5mgmL_80°C_Des.TXT,PEI5mgmL,80°C,Des,4180,13768.975,100.0,332530.0,6.431374390243902,3.8075,2.623874390243902
PEI5mgmL_80°C_Des.TXT,PEI5mgmL,80°C,Des,4181,13771.975,100.0,332530.0,6.431363414634147,3.8075,2.6238634146341466
PEI5mgmL_80°C_Des.TXT,PEI5mgmL,80°C,Des,4182,13773.975,100.0,332530.0,6.431356097560975,3.8075,2.6238560975609753
PEI5mgmL_80°C_Des.TXT,PEI5mgmL,80°C,Des,4183,13779.975,100.0,332530.0,6.431334146341463,3.8075,2.623834146341463
PEI5mgmL_80°C_Des.TXT,PEI5mgmL,80°C,Des,4184,13782.975,100.0,332530.0,6.431323170731707,3.8075,2.623823170731707
PEI5mgmL_80°C_Des.TXT,PEI5mgmL,80°C,Des,4185,13784.975,100.0,332530.0,6.431315853658536,3.8075,2.6238158536585363
PEI5mgmL_80°C_Des.TXT,PEI5mgmL,80°C,Des,4186,13787.975,100.0,332530.0,6.43130487804878,3.8075,2.62380487804878
PEI5mgmL_80°C_Des.TXT,PEI5mgmL,80°C,Des,4187,13789.975,100.0,332530.0,6.43129756097561,3.8075,2.6237975609756097
PEI5mgmL_80°C_Des.TXT,PEI5mgmL,80°C,Des,4188,13792.975,100.0,332530.0,6.431286585365854,3.8075,2.6237865853658535
PEI5mgmL_80°C_Des.TXT,PEI5mgmL,80°C,Des,4189,13794.975,100.0,332530.0,6.431279268292683,3.8075,2.623779268292683
PEI5mgmL_80°C_Des.TXT,PEI5mgmL,80°C,Des,4190,13797.975,100.0,332530.0,6.431268292682927,3.8075,2.623768292682927
PEI5mgmL_80°C_Des.TXT,PEI5mgmL,80°C,Des,4191,13800.975,100.0,332530.0,6.431257317073171,3.8075,2.6237573170731707
PEI5mgmL_80°C_Des.TXT,PEI5mgmL,80°C,Des,4192,13802.975,100.0,332530.0,6.43125,3.8075,2.6237500000000002
PEI5mgmL_80°C_Des.TXT,PEI5mgmL,80°C,Des,4193,13805.975,100.0,332530.0,6.431239024390244,3.8075,2.623739024390244
PEI5mgmL_80°C_Des.TXT,PEI5mgmL,80°C,Des,4194,13807.975,100.0,332530.0,6.431231707317073,3.8075,2.6237317073170727
PEI5mgmL_80°C_Des.TXT,PEI5mgmL,80°C,Des,4195,13813.975,100.0,332530.0,6.4312097560975605,3.8075,2.6237097560975604
PEI5mgmL_80°C_Des.TXT,PEI5mgmL,80°C,Des,4196,13815.975,100.0,332530.0,6.43120243902439,3.8075,2.62370243902439
PEI5mgmL_80°C_Des.TXT,PEI5mgmL,80°C,Des,4197,13818.975,100.0,332530.0,6.431191463414634,3.8075,2.6236914634146338
PEI5mgmL_80°C_Des.TXT,PEI5mgmL,80°C,Des,4198,13821.975,100.0,332530.0,6.431180487804878,3.807492682926829,2.6236878048780485
PEI5mgmL_80°C_Des.TXT,PEI5mgmL,80°C,Des,4199,13827.975,100.0,332530.0,6.431158536585365,3.807478048780488,2.6236804878048776
PEI5mgmL_80°C_Des.TXT,PEI5mgmL,80°C,Des,4200,13835.975,100.0,332530.0,6.431129268292683,3.807458536585366,2.6236707317073167
PEI5mgmL_80°C_Des.TXT,PEI5mgmL,80°C,Des,4201,13843.975,100.0,332530.0,6.4311,3.807439024390244,2.6236609756097558
PEI5mgmL_80°C_Des.TXT,PEI5mgmL,80°C,Des,4202,13846.975,100.0,332530.0,6.4311,3.807431707317073,2.6236682926829267
PEI5mgmL_80°C_Des.TXT,PEI5mgmL,80°C,Des,4203,13849.975,100.0,332530.0,6.4311,3.8074243902439027,2.623675609756097
PEI5mgmL_80°C_Des.TXT,PEI5mgmL,80°C,Des,4204,13851.975,100.0,332530.0,6.4311,3.807419512195122,2.6236804878048776
PEI5mgmL_80°C_Des.TXT,PEI5mgmL,80°C,Des,4205,13854.975,100.0,332530.0,6.4311,3.8074121951219513,2.6236878048780485
PEI5mgmL_80°C_Des.TXT,PEI5mgmL,80°C,Des,4206,13856.975,100.0,332530.0,6.4311,3.807407317073171,2.623692682926829
PEI5mgmL_80°C_Des.TXT,PEI5mgmL,80°C,Des,4207,13861.975,100.0,332530.0,6.4311,3.8073951219512194,2.6237048780487804
PEI5mgmL_80°C_Des.TXT,PEI5mgmL,80°C,Des,4208,13864.975,100.0,332530.0,6.4311,3.807387804878049,2.623712195121951
PEI5mgmL_80°C_Des.TXT,PEI5mgmL,80°C,Des,4209,13867.975,100.0,332530.0,6.4311,3.807380487804878,2.623719512195122
PEI5mgmL_80°C_Des.TXT,PEI5mgmL,80°C,Des,4210,13869.975,100.0,332530.0,6.4311,3.8073756097560976,2.6237243902439022
PEI5mgmL_80°C_Des.TXT,PEI5mgmL,80°C,Des,4211,13872.975,100.0,332530.0,6.4311,3.807368292682927,2.6237317073170727
PEI5mgmL_80°C_Des.TXT,PEI5mgmL,80°C,Des,4212,13874.975,100.0,332530.0,6.4311,3.8073634146341466,2.623736585365853
PEI5mgmL_80°C_Des.TXT,PEI5mgmL,80°C,Des,4213,13877.975,100.0,332530.0,6.4311,3.8073560975609757,2.623743902439024
PEI5mgmL_80°C_Des.TXT,PEI5mgmL,80°C,Des,4214,13880.975,100.0,332530.0,6.4311,3.807348780487805,2.623751219512195
PEI5mgmL_80°C_Des.TXT,PEI5mgmL,80°C,Des,4215,13883.975,100.0,332530.0,6.4311,3.8073414634146343,2.6237585365853655
PEI5mgmL_80°C_Des.TXT,PEI5mgmL,80°C,Des,4216,13885.975,100.0,332530.0,6.4311,3.807336585365854,2.623763414634146
PEI5mgmL_80°C_Des.TXT,PEI5mgmL,80°C,Des,4217,13887.975,100.0,332530.0,6.4311,3.8073317073170734,2.6237682926829264
PEI5mgmL_80°C_Des.TXT,PEI5mgmL,80°C,Des,4218,13890.975,100.0,332530.0,6.4311,3.8073243902439025,2.6237756097560974
PEI5mgmL_80°C_Des.TXT,PEI5mgmL,80°C,Des,4219,13895.975,100.0,332530.0,6.4311,3.8073121951219515,2.6237878048780483
PEI5mgmL_80°C_Des.TXT,PEI5mgmL,80°C,Des,4220,13898.975,100.0,332530.0,6.4311,3.8073048780487806,2.6237951219512192
PEI5mgmL_80°C_Des.TXT,PEI5mgmL,80°C,Des,4221,13900.975,100.0,332530.0,6.4311,3.8073,2.6237999999999997
PEI5mgmL_80°C_Des.TXT,PEI5mgmL,80°C,Des,4222,13903.975,100.0,332530.0,6.4311,3.807275,2.6238249999999996
PEI5mgmL_80°C_Des.TXT,PEI5mgmL,80°C,Des,4223,13910.975,100.0,332530.0,6.4311,3.8072166666666667,2.623883333333333
PEI5mgmL_80°C_Des.TXT,PEI5mgmL,80°C,Des,4224,13918.975,100.0,332530.0,6.4311,3.80715,2.62395
PEI5mgmL_80°C_Des.TXT,PEI5mgmL,80°C,Des,4225,13925.975,100.0,332530.0,6.4311,3.8070916666666665,2.6240083333333333
PEI5mgmL_80°C_Des.TXT,PEI5mgmL,80°C,Des,4226,13928.975,100.0,332530.0,6.431089156626506,3.8070666666666666,2.624022489959839
PEI5mgmL_80°C_Des.TXT,PEI5mgmL,80°C,Des,4227,13931.975,100.0,332530.0,6.431078313253012,3.8070416666666667,2.6240366465863456
PEI5mgmL_80°C_Des.TXT,PEI5mgmL,80°C,Des,4228,13934.975,100.0,332530.0,6.431067469879518,3.8070166666666667,2.6240508032128513
PEI5mgmL_80°C_Des.TXT,PEI5mgmL,80°C,Des,4229,13936.975,100.0,332530.0,6.4310602409638555,3.807,2.6240602409638556
PEI5mgmL_80°C_Des.TXT,PEI5mgmL,80°C,Des,4230,13939.975,100.0,332530.0,6.431049397590361,3.806975,2.6240743975903613
PEI5mgmL_80°C_Des.TXT,PEI5mgmL,80°C,Des,4231,13944.975,100.0,332530.0,6.431031325301205,3.8069333333333333,2.6240979919678713
PEI5mgmL_80°C_Des.TXT,PEI5mgmL,80°C,Des,4232,13946.975,100.0,332530.0,6.431024096385542,3.8069166666666665,2.6241074297188756
PEI5mgmL_80°C_Des.TXT,PEI5mgmL,80°C,Des,4233,13949.975,100.0,332530.0,6.431013253012048,3.8068916666666666,2.6241215863453813
PEI5mgmL_80°C_Des.TXT,PEI5mgmL,80°C,Des,4234,13952.975,100.0,332530.0,6.431002409638554,3.8068666666666666,2.624135742971887
PEI5mgmL_80°C_Des.TXT,PEI5mgmL,80°C,Des,4235,13954.975,100.0,332530.0,6.430995180722891,3.80685,2.6241451807228913
PEI5mgmL_80°C_Des.TXT,PEI5mgmL,80°C,Des,4236,13957.975,100.0,332530.0,6.430984337349397,3.806825,2.624159337349397
PEI5mgmL_80°C_Des.TXT,PEI5mgmL,80°C,Des,4237,13960.975,100.0,332530.0,6.430973493975904,3.8068,2.6241734939759036
PEI5mgmL_80°C_Des.TXT,PEI5mgmL,80°C,Des,4238,13962.975,100.0,332530.0,6.430966265060241,3.806783333333333,2.624182931726908
PEI5mgmL_80°C_Des.TXT,PEI5mgmL,80°C,Des,4239,13965.975,100.0,332530.0,6.430955421686747,3.8067583333333332,2.6241970883534136
PEI5mgmL_80°C_Des.TXT,PEI5mgmL,80°C,Des,4240,13968.975,100.0,332530.0,6.430944578313253,3.8067333333333333,2.6242112449799193
PEI5mgmL_80°C_Des.TXT,PEI5mgmL,80°C,Des,4241,13970.975,100.0,332530.0,6.43093734939759,3.8067166666666665,2.6242206827309236
PEI5mgmL_80°C_Des.TXT,PEI5mgmL,80°C,Des,4242,13973.975,100.0,332530.0,6.430926506024096,3.8066916666666666,2.6242348393574293
PEI5mgmL_80°C_Des.TXT,PEI5mgmL,80°C,Des,4243,13978.975,100.0,332530.0,6.430908433734939,3.80665,2.6242584337349393
PEI5mgmL_80°C_Des.TXT,PEI5mgmL,80°C,Des,4244,13981.975,100.0,332530.0,6.430897590361446,3.806625,2.624272590361446
PEI5mgmL_80°C_Des.TXT,PEI5mgmL,80°C,Des,4245,13984.975,100.0,332530.0,6.430886746987952,3.8066,2.6242867469879516
PEI5mgmL_80°C_Des.TXT,PEI5mgmL,80°C,Des,4246,13986.975,100.0,332530.0,6.430879518072289,3.806592682926829,2.62428683514546
PEI5mgmL_80°C_Des.TXT,PEI5mgmL,80°C,Des,4247,13993.975,100.0,332530.0,6.43085421686747,3.8065670731707315,2.6242871436967383
PEI5mgmL_80°C_Des.TXT,PEI5mgmL,80°C,Des,4248,14001.975,100.0,332530.0,6.430825301204819,3.8065378048780487,2.62428749632677
PEI5mgmL_80°C_Des.TXT,PEI5mgmL,80°C,Des,4249,14008.975,100.0,332530.0,6.4308,3.806512195121951,2.6242878048780485
PEI5mgmL_80°C_Des.TXT,PEI5mgmL,80°C,Des,4250,14011.975,100.0,332530.0,6.430796341463414,3.806501219512195,2.624295121951219
PEI5mgmL_80°C_Des.TXT,PEI5mgmL,80°C,Des,4251,14014.975,100.0,332530.0,6.430792682926829,3.806490243902439,2.6243024390243903
PEI5mgmL_80°C_Des.TXT,PEI5mgmL,80°C,Des,4252,14017.975,100.0,332530.0,6.4307890243902435,3.8064792682926827,2.624309756097561
PEI5mgmL_80°C_Des.TXT,PEI5mgmL,80°C,Des,4253,14019.975,100.0,332530.0,6.430786585365853,3.806471951219512,2.624314634146341
PEI5mgmL_80°C_Des.TXT,PEI5mgmL,80°C,Des,4254,14022.975,100.0,332530.0,6.430782926829268,3.806460975609756,2.624321951219512
PEI5mgmL_80°C_Des.TXT,PEI5mgmL,80°C,Des,4255,14027.975,100.0,332530.0,6.430776829268292,3.806442682926829,2.624334146341463
PEI5mgmL_80°C_Des.TXT,PEI5mgmL,80°C,Des,4256,14029.975,100.0,332530.0,6.4307743902439025,3.8064353658536585,2.624339024390244
PEI5mgmL_80°C_Des.TXT,PEI5mgmL,80°C,Des,4257,14032.975,100.0,332530.0,6.430770731707317,3.8064243902439023,2.6243463414634145
PEI5mgmL_80°C_Des.TXT,PEI5mgmL,80°C,Des,4258,14035.975,100.0,332530.0,6.430767073170731,3.806413414634146,2.624353658536585
PEI5mgmL_80°C_Des.TXT,PEI5mgmL,80°C,Des,4259,14037.975,100.0,332530.0,6.430764634146342,3.8064060975609753,2.6243585365853663
PEI5mgmL_80°C_Des.TXT,PEI5mgmL,80°C,Des,4260,14040.975,100.0,332530.0,6.430760975609756,3.8063951219512195,2.6243658536585364
PEI5mgmL_80°C_Des.TXT,PEI5mgmL,80°C,Des,4261,14043.975,100.0,332530.0,6.43075731707317,3.8063841463414634,2.624373170731707
PEI5mgmL_80°C_Des.TXT,PEI5mgmL,80°C,Des,4262,14045.975,100.0,332530.0,6.430754878048781,3.8063768292682925,2.624378048780488
PEI5mgmL_80°C_Des.TXT,PEI5mgmL,80°C,Des,4263,14048.975,100.0,332530.0,6.430751219512195,3.8063658536585363,2.6243853658536587
PEI5mgmL_80°C_Des.TXT,PEI5mgmL,80°C,Des,4264,14050.975,100.0,332530.0,6.4307487804878045,3.806358536585366,2.6243902439024387
PEI5mgmL_80°C_Des.TXT,PEI5mgmL,80°C,Des,4265,14053.975,100.0,332530.0,6.430745121951219,3.8063475609756097,2.624397560975609
PEI5mgmL_80°C_Des.TXT,PEI5mgmL,80°C,Des,4266,14055.975,100.0,332530.0,6.430742682926829,3.8063402439024387,2.6244024390243905
PEI5mgmL_80°C_Des.TXT,PEI5mgmL,80°C,Des,4267,14061.975,100.0,332530.0,6.430735365853658,3.8063182926829264,2.6244170731707315
PEI5mgmL_80°C_Des.TXT,PEI5mgmL,80°C,Des,4268,14063.975,100.0,332530.0,6.430732926829268,3.806310975609756,2.6244219512195124
PEI5mgmL_80°C_Des.TXT,PEI5mgmL,80°C,Des,4269,14066.975,100.0,332530.0,6.430729268292683,3.8063,2.624429268292683
PEI5mgmL_80°C_Des.TXT,PEI5mgmL,80°C,Des,4270,14068.975,100.0,332530.0,6.430726829268292,3.806295061728395,2.6244317675398974
PEI5mgmL_80°C_Des.TXT,PEI5mgmL,80°C,Des,4271,14075.975,100.0,332530.0,6.4307182926829265,3.8062777777777774,2.624440514905149
PEI5mgmL_80°C_Des.TXT,PEI5mgmL,80°C,Des,4272,14083.975,100.0,332530.0,6.430708536585366,3.806258024691358,2.6244505118940076
PEI5mgmL_80°C_Des.TXT,PEI5mgmL,80°C,Des,4273,14090.975,100.0,332530.0,6.4307,3.8062407407407406,2.6244592592592593
PEI5mgmL_80°C_Des.TXT,PEI5mgmL,80°C,Des,4274,14093.975,100.0,332530.0,6.4306780487804875,3.806233333333333,2.6244447154471544
PEI5mgmL_80°C_Des.TXT,PEI5mgmL,80°C,Des,4275,14096.975,100.0,332530.0,6.430656097560975,3.8062259259259257,2.6244301716350495
PEI5mgmL_80°C_Des.TXT,PEI5mgmL,80°C,Des,4276,14098.975,100.0,332530.0,6.430641463414634,3.8062209876543207,2.6244204757603136
PEI5mgmL_80°C_Des.TXT,PEI5mgmL,80°C,Des,4277,14101.975,100.0,332530.0,6.430619512195122,3.8062135802469133,2.6244059319482087
PEI5mgmL_80°C_Des.TXT,PEI5mgmL,80°C,Des,4278,14104.975,100.0,332530.0,6.43059756097561,3.806206172839506,2.624391388136104
PEI5mgmL_80°C_Des.TXT,PEI5mgmL,80°C,Des,4279,14109.975,100.0,332530.0,6.430560975609756,3.806193827160494,2.6243671484492626
PEI5mgmL_80°C_Des.TXT,PEI5mgmL,80°C,Des,4280,14111.975,100.0,332530.0,6.4305463414634145,3.806188888888889,2.6243574525745257
PEI5mgmL_80°C_Des.TXT,PEI5mgmL,80°C,Des,4281,14114.975,100.0,332530.0,6.430524390243902,3.8061814814814814,2.624342908762421
PEI5mgmL_80°C_Des.TXT,PEI5mgmL,80°C,Des,4282,14117.975,100.0,332530.0,6.43050243902439,3.806174074074074,2.624328364950316
PEI5mgmL_80°C_Des.TXT,PEI5mgmL,80°C,Des,4283,14119.975,100.0,332530.0,6.430487804878049,3.806169135802469,2.62431866907558
PEI5mgmL_80°C_Des.TXT,PEI5mgmL,80°C,Des,4284,14122.975,100.0,332530.0,6.430465853658537,3.8061617283950615,2.624304125263475
PEI5mgmL_80°C_Des.TXT,PEI5mgmL,80°C,Des,4285,14124.975,100.0,332530.0,6.430451219512195,3.8061567901234565,2.6242944293887382
PEI5mgmL_80°C_Des.TXT,PEI5mgmL,80°C,Des,4286,14127.975,100.0,332530.0,6.430429268292683,3.806149382716049,2.6242798855766343
PEI5mgmL_80°C_Des.TXT,PEI5mgmL,80°C,Des,4287,14130.975,100.0,332530.0,6.430407317073171,3.8061419753086416,2.6242653417645294
PEI5mgmL_80°C_Des.TXT,PEI5mgmL,80°C,Des,4288,14132.975,100.0,332530.0,6.430392682926829,3.8061370370370367,2.6242556458897925
PEI5mgmL_80°C_Des.TXT,PEI5mgmL,80°C,Des,4289,14134.975,100.0,332530.0,6.430378048780488,3.806132098765432,2.624245950015056
PEI5mgmL_80°C_Des.TXT,PEI5mgmL,80°C,Des,4290,14137.975,100.0,332530.0,6.430356097560976,3.8061246913580247,2.6242314062029513
PEI5mgmL_80°C_Des.TXT,PEI5mgmL,80°C,Des,4291,14142.975,100.0,332530.0,6.430319512195122,3.8061123456790122,2.6242071665161095
PEI5mgmL_80°C_Des.TXT,PEI5mgmL,80°C,Des,4292,14145.975,100.0,332530.0,6.43029756097561,3.806104938271605,2.6241926227040056
PEI5mgmL_80°C_Des.TXT,PEI5mgmL,80°C,Des,4293,14147.975,100.0,332530.0,6.4302829268292685,3.8061,2.6241829268292687
PEI5mgmL_80°C_Des.TXT,PEI5mgmL,80°C,Des,4294,14150.975,100.0,332530.0,6.430260975609756,3.8060890243902437,2.6241719512195125
PEI5mgmL_80°C_Des.TXT,PEI5mgmL,80°C,Des,4295,14156.975,100.0,332530.0,6.4302170731707315,3.8060670731707313,2.62415
PEI5mgmL_80°C_Des.TXT,PEI5mgmL,80°C,Des,4296,14164.975,100.0,332530.0,6.430158536585366,3.8060378048780485,2.6241207317073174
PEI5mgmL_80°C_Des.TXT,PEI5mgmL,80°C,Des,4297,14172.975,100.0,332530.0,6.4301,3.8060085365853658,2.6240914634146346
PEI5mgmL_80°C_Des.TXT,PEI5mgmL,80°C,Des,4298,14175.975,100.0,332530.0,6.430096341463415,3.8059975609756096,2.624098780487805
PEI5mgmL_80°C_Des.TXT,PEI5mgmL,80°C,Des,4299,14177.975,100.0,332530.0,6.430093902439025,3.805990243902439,2.624103658536586
PEI5mgmL_80°C_Des.TXT,PEI5mgmL,80°C,Des,4300,14180.975,100.0,332530.0,6.430090243902439,3.805979268292683,2.6241109756097565
PEI5mgmL_80°C_Des.TXT,PEI5mgmL,80°C,Des,4301,14183.975,100.0,332530.0,6.430086585365854,3.805968292682927,2.624118292682927
PEI5mgmL_80°C_Des.TXT,PEI5mgmL,80°C,Des,4302,14185.975,100.0,332530.0,6.430084146341463,3.805960975609756,2.6241231707317074
PEI5mgmL_80°C_Des.TXT,PEI5mgmL,80°C,Des,4303,14190.975,100.0,332530.0,6.430078048780488,3.8059426829268292,2.624135365853659
PEI5mgmL_80°C_Des.TXT,PEI5mgmL,80°C,Des,4304,14193.975,100.0,332530.0,6.430074390243902,3.805931707317073,2.6241426829268293
PEI5mgmL_80°C_Des.TXT,PEI5mgmL,80°C,Des,4305,14196.975,100.0,332530.0,6.430070731707318,3.805920731707317,2.6241500000000006
PEI5mgmL_80°C_Des.TXT,PEI5mgmL,80°C,Des,4306,14198.975,100.0,332530.0,6.430068292682927,3.8059134146341465,2.6241548780487807
PEI5mgmL_80°C_Des.TXT,PEI5mgmL,80°C,Des,4307,14201.975,100.0,332530.0,6.430064634146341,3.8059024390243903,2.624162195121951
PEI5mgmL_80°C_Des.TXT,PEI5mgmL,80°C,Des,4308,14203.975,100.0,332530.0,6.430062195121951,3.8058951219512194,2.6241670731707316
PEI5mgmL_80°C_Des.TXT,PEI5mgmL,80°C,Des,4309,14206.975,100.0,332530.0,6.430058536585366,3.805884146341463,2.624174390243903
PEI5mgmL_80°C_Des.TXT,PEI5mgmL,80°C,Des,4310,14209.975,100.0,332530.0,6.4300548780487805,3.8058731707317075,2.624181707317073
PEI5mgmL_80°C_Des.TXT,PEI5mgmL,80°C,Des,4311,14212.975,100.0,332530.0,6.430051219512195,3.8058621951219513,2.6241890243902435
PEI5mgmL_80°C_Des.TXT,PEI5mgmL,80°C,Des,4312,14214.975,100.0,332530.0,6.430048780487805,3.8058548780487804,2.624193902439025
PEI5mgmL_80°C_Des.TXT,PEI5mgmL,80°C,Des,4313,14216.975,100.0,332530.0,6.430046341463415,3.80584756097561,2.624198780487805
PEI5mgmL_80°C_Des.TXT,PEI5mgmL,80°C,Des,4314,14219.975,100.0,332530.0,6.430042682926829,3.805836585365854,2.6242060975609753
PEI5mgmL_80°C_Des.TXT,PEI5mgmL,80°C,Des,4315,14224.975,100.0,332530.0,6.430036585365854,3.8058182926829267,2.624218292682927
PEI5mgmL_80°C_Des.TXT,PEI5mgmL,80°C,Des,4316,14227.975,100.0,332530.0,6.430032926829268,3.805807317073171,2.624225609756097
PEI5mgmL_80°C_Des.TXT,PEI5mgmL,80°C,Des,4317,14229.975,100.0,332530.0,6.430030487804878,3.8058,2.6242304878048777
PEI5mgmL_80°C_Des.TXT,PEI5mgmL,80°C,Des,4318,14232.975,100.0,332530.0,6.430026829268293,3.8058,2.624226829268293
PEI5mgmL_80°C_Des.TXT,PEI5mgmL,80°C,Des,4319,14239.975,100.0,332530.0,6.430018292682926,3.8058,2.6242182926829263
PEI5mgmL_80°C_Des.TXT,PEI5mgmL,80°C,Des,4320,14246.975,100.0,332530.0,6.430009756097561,3.8058,2.6242097560975606
PEI5mgmL_80°C_Des.TXT,PEI5mgmL,80°C,Des,4321,14254.975,100.0,332530.0,6.43,3.8058,2.6241999999999996
PEI5mgmL_80°C_Des.TXT,PEI5mgmL,80°C,Des,4322,14257.975,100.0,332530.0,6.429992682926829,3.8058,2.624192682926829
PEI5mgmL_80°C_Des.TXT,PEI5mgmL,80°C,Des,4323,14259.975,100.0,332530.0,6.429987804878048,3.8058,2.6241878048780483
PEI5mgmL_80°C_Des.TXT,PEI5mgmL,80°C,Des,4324,14262.975,100.0,332530.0,6.429980487804878,3.8058,2.624180487804878
PEI5mgmL_80°C_Des.TXT,PEI5mgmL,80°C,Des,4325,14265.975,100.0,332530.0,6.429973170731707,3.8058,2.6241731707317073
PEI5mgmL_80°C_Des.TXT,PEI5mgmL,80°C,Des,4326,14267.975,100.0,332530.0,6.4299682926829265,3.8058,2.6241682926829264
PEI5mgmL_80°C_Des.TXT,PEI5mgmL,80°C,Des,4327,14272.975,100.0,332530.0,6.429956097560975,3.8058,2.624156097560975
PEI5mgmL_80°C_Des.TXT,PEI5mgmL,80°C,Des,4328,14275.975,100.0,332530.0,6.429948780487805,3.8058,2.6241487804878045
PEI5mgmL_80°C_Des.TXT,PEI5mgmL,80°C,Des,4329,14278.975,100.0,332530.0,6.429941463414634,3.8058,2.624141463414634
PEI5mgmL_80°C_Des.TXT,PEI5mgmL,80°C,Des,4330,14280.975,100.0,332530.0,6.429936585365853,3.8058,2.624136585365853
PEI5mgmL_80°C_Des.TXT,PEI5mgmL,80°C,Des,4331,14283.975,100.0,332530.0,6.429929268292683,3.8058,2.6241292682926827
PEI5mgmL_80°C_Des.TXT,PEI5mgmL,80°C,Des,4332,14285.975,100.0,332530.0,6.429924390243903,3.8058,2.6241243902439026
PEI5mgmL_80°C_Des.TXT,PEI5mgmL,80°C,Des,4333,14288.975,100.0,332530.0,6.429917073170731,3.8058,2.6241170731707313
PEI5mgmL_80°C_Des.TXT,PEI5mgmL,80°C,Des,4334,14291.975,100.0,332530.0,6.429909756097561,3.8058,2.624109756097561
PEI5mgmL_80°C_Des.TXT,PEI5mgmL,80°C,Des,4335,14293.975,100.0,332530.0,6.429904878048781,3.8058,2.624104878048781
PEI5mgmL_80°C_Des.TXT,PEI5mgmL,80°C,Des,4336,14296.975,100.0,332530.0,6.4298975609756095,3.8058,2.6240975609756094
PEI5mgmL_80°C_Des.TXT,PEI5mgmL,80°C,Des,4337,14298.975,100.0,332530.0,6.4298926829268295,3.8058,2.6240926829268294
PEI5mgmL_80°C_Des.TXT,PEI5mgmL,80°C,Des,4338,14301.975,100.0,332530.0,6.429885365853658,3.8058,2.624085365853658
PEI5mgmL_80°C_Des.TXT,PEI5mgmL,80°C,Des,4339,14306.975,100.0,332530.0,6.429873170731708,3.8058,2.6240731707317075
PEI5mgmL_80°C_Des.TXT,PEI5mgmL,80°C,Des,4340,14309.975,100.0,332530.0,6.429865853658536,3.8058,2.624065853658536
PEI5mgmL_80°C_Des.TXT,PEI5mgmL,80°C,Des,4341,14312.975,100.0,332530.0,6.429858536585366,3.8058,2.6240585365853657
PEI5mgmL_80°C_Des.TXT,PEI5mgmL,80°C,Des,4342,14314.975,100.0,332530.0,6.429853658536586,3.80579012345679,2.6240635350797956
PEI5mgmL_80°C_Des.TXT,PEI5mgmL,80°C,Des,4343,14321.975,100.0,332530.0,6.4298365853658535,3.805755555555556,2.6240810298102977
PEI5mgmL_80°C_Des.TXT,PEI5mgmL,80°C,Des,4344,14329.975,100.0,332530.0,6.429817073170732,3.805716049382716,2.6241010237880156
PEI5mgmL_80°C_Des.TXT,PEI5mgmL,80°C,Des,4345,14336.975,100.0,332530.0,6.4298,3.8056814814814817,2.6241185185185185
PEI5mgmL_80°C_Des.TXT,PEI5mgmL,80°C,Des,4346,14339.975,100.0,332530.0,6.4298,3.8056666666666668,2.6241333333333334
PEI5mgmL_80°C_Des.TXT,PEI5mgmL,80°C,Des,4347,14342.975,100.0,332530.0,6.4298,3.805651851851852,2.6241481481481483
PEI5mgmL_80°C_Des.TXT,PEI5mgmL,80°C,Des,4348,14344.975,100.0,332530.0,6.4298,3.805641975308642,2.6241580246913583
PEI5mgmL_80°C_Des.TXT,PEI5mgmL,80°C,Des,4349,14347.975,100.0,332530.0,6.4298,3.8056271604938274,2.6241728395061727
PEI5mgmL_80°C_Des.TXT,PEI5mgmL,80°C,Des,4350,14349.975,100.0,332530.0,6.4298,3.8056172839506175,2.6241827160493827
PEI5mgmL_80°C_Des.TXT,PEI5mgmL,80°C,Des,4351,14355.975,100.0,332530.0,6.4298,3.8055876543209877,2.6242123456790125
PEI5mgmL_80°C_Des.TXT,PEI5mgmL,80°C,Des,4352,14357.975,100.0,332530.0,6.4298,3.8055777777777777,2.6242222222222225
PEI5mgmL_80°C_Des.TXT,PEI5mgmL,80°C,Des,4353,14360.975,100.0,332530.0,6.4298,3.8055629629629633,2.624237037037037
PEI5mgmL_80°C_Des.TXT,PEI5mgmL,80°C,Des,4354,14363.975,100.0,332530.0,6.4298,3.8055481481481483,2.624251851851852
PEI5mgmL_80°C_Des.TXT,PEI5mgmL,80°C,Des,4355,14365.975,100.0,332530.0,6.4298,3.8055382716049384,2.6242617283950618
PEI5mgmL_80°C_Des.TXT,PEI5mgmL,80°C,Des,4356,14368.975,100.0,332530.0,6.4298,3.8055234567901235,2.6242765432098767
PEI5mgmL_80°C_Des.TXT,PEI5mgmL,80°C,Des,4357,14370.975,100.0,332530.0,6.4298,3.8055135802469136,2.6242864197530866
PEI5mgmL_80°C_Des.TXT,PEI5mgmL,80°C,Des,4358,14373.975,100.0,332530.0,6.4298,3.805498765432099,2.624301234567901
PEI5mgmL_80°C_Des.TXT,PEI5mgmL,80°C,Des,4359,14375.975,100.0,332530.0,6.4298,3.805488888888889,2.624311111111111
PEI5mgmL_80°C_Des.TXT,PEI5mgmL,80°C,Des,4360,14378.975,100.0,332530.0,6.4298,3.8054740740740742,2.624325925925926
PEI5mgmL_80°C_Des.TXT,PEI5mgmL,80°C,Des,4361,14380.975,100.0,332530.0,6.4298,3.8054641975308643,2.624335802469136
PEI5mgmL_80°C_Des.TXT,PEI5mgmL,80°C,Des,4362,14383.975,100.0,332530.0,6.4298,3.8054493827160494,2.624350617283951
PEI5mgmL_80°C_Des.TXT,PEI5mgmL,80°C,Des,4363,14388.975,100.0,332530.0,6.4298,3.805424691358025,2.624375308641975
PEI5mgmL_80°C_Des.TXT,PEI5mgmL,80°C,Des,4364,14391.975,100.0,332530.0,6.4298,3.80540987654321,2.62439012345679
PEI5mgmL_80°C_Des.TXT,PEI5mgmL,80°C,Des,4365,14393.975,100.0,332530.0,6.4298,3.8054,2.6244
PEI5mgmL_80°C_Des.TXT,PEI5mgmL,80°C,Des,4366,14396.975,100.0,332530.0,6.4298,3.805396341463415,2.6244036585365853
PEI5mgmL_80°C_Des.TXT,PEI5mgmL,80°C,Des,4367,14403.975,100.0,332530.0,6.4298,3.8053878048780487,2.6244121951219515
PEI5mgmL_80°C_Des.TXT,PEI5mgmL,80°C,Des,4368,14411.975,100.0,332530.0,6.4298,3.805378048780488,2.6244219512195124
PEI5mgmL_80°C_Des.TXT,PEI5mgmL,80°C,Des,4369,14419.975,100.0,332530.0,6.4298,3.805368292682927,2.6244317073170733
PEI5mgmL_80°C_Des.TXT,PEI5mgmL,80°C,Des,4370,14421.975,100.0,332530.0,6.429785185185185,3.8053658536585364,2.624419331526649
PEI5mgmL_80°C_Des.TXT,PEI5mgmL,80°C,Des,4371,14424.975,100.0,332530.0,6.429762962962963,3.805362195121951,2.6244007678410117
PEI5mgmL_80°C_Des.TXT,PEI5mgmL,80°C,Des,4372,14427.975,100.0,332530.0,6.4297407407407405,3.805358536585366,2.6243822041553746
PEI5mgmL_80°C_Des.TXT,PEI5mgmL,80°C,Des,4373,14429.975,100.0,332530.0,6.429725925925926,3.8053560975609755,2.62436982836495
PEI5mgmL_80°C_Des.TXT,PEI5mgmL,80°C,Des,4374,14431.975,100.0,332530.0,6.429711111111112,3.8053536585365855,2.624357452574526
PEI5mgmL_80°C_Des.TXT,PEI5mgmL,80°C,Des,4375,14437.975,100.0,332530.0,6.429666666666667,3.8053463414634146,2.6243203252032523
PEI5mgmL_80°C_Des.TXT,PEI5mgmL,80°C,Des,4376,14439.975,100.0,332530.0,6.429651851851852,3.8053439024390245,2.6243079494128274
PEI5mgmL_80°C_Des.TXT,PEI5mgmL,80°C,Des,4377,14442.975,100.0,332530.0,6.42962962962963,3.805340243902439,2.6242893857271907
PEI5mgmL_80°C_Des.TXT,PEI5mgmL,80°C,Des,4378,14444.975,100.0,332530.0,6.429614814814815,3.805337804878049,2.624277009936766
PEI5mgmL_80°C_Des.TXT,PEI5mgmL,80°C,Des,4379,14447.975,100.0,332530.0,6.429592592592592,3.8053341463414636,2.6242584462511287
PEI5mgmL_80°C_Des.TXT,PEI5mgmL,80°C,Des,4380,14449.975,100.0,332530.0,6.429577777777777,3.805331707317073,2.6242460704607042
PEI5mgmL_80°C_Des.TXT,PEI5mgmL,80°C,Des,4381,14452.975,100.0,332530.0,6.429555555555556,3.805328048780488,2.624227506775068
PEI5mgmL_80°C_Des.TXT,PEI5mgmL,80°C,Des,4382,14454.975,100.0,332530.0,6.429540740740741,3.8053256097560975,2.6242151309846435
PEI5mgmL_80°C_Des.TXT,PEI5mgmL,80°C,Des,4383,14457.975,100.0,332530.0,6.429518518518519,3.8053219512195122,2.6241965672990064
PEI5mgmL_80°C_Des.TXT,PEI5mgmL,80°C,Des,4384,14460.975,100.0,332530.0,6.429496296296296,3.805318292682927,2.6241780036133693
PEI5mgmL_80°C_Des.TXT,PEI5mgmL,80°C,Des,4385,14462.975,100.0,332530.0,6.429481481481481,3.8053158536585365,2.624165627822945
PEI5mgmL_80°C_Des.TXT,PEI5mgmL,80°C,Des,4386,14465.975,100.0,332530.0,6.429459259259259,3.8053121951219513,2.6241470641373077
PEI5mgmL_80°C_Des.TXT,PEI5mgmL,80°C,Des,4387,14470.975,100.0,332530.0,6.429422222222223,3.8053060975609756,2.624116124661247
PEI5mgmL_80°C_Des.TXT,PEI5mgmL,80°C,Des,4388,14472.975,100.0,332530.0,6.429407407407408,3.805303658536585,2.6241037488708225
PEI5mgmL_80°C_Des.TXT,PEI5mgmL,80°C,Des,4389,14475.975,100.0,332530.0,6.429385185185185,3.8053,2.6240851851851854
PEI5mgmL_80°C_Des.TXT,PEI5mgmL,80°C,Des,4390,14478.975,100.0,332530.0,6.429362962962963,3.8052963414634147,2.6240666214995483
PEI5mgmL_80°C_Des.TXT,PEI5mgmL,80°C,Des,4391,14484.975,100.0,332530.0,6.429318518518518,3.8052890243902437,2.6240294941282745
PEI5mgmL_80°C_Des.TXT,PEI5mgmL,80°C,Des,4392,14492.975,100.0,332530.0,6.4292592592592595,3.805279268292683,2.6239799909665766
PEI5mgmL_80°C_Des.TXT,PEI5mgmL,80°C,Des,4393,14500.975,100.0,332530.0,6.4292,3.805269512195122,2.623930487804878
PEI5mgmL_80°C_Des.TXT,PEI5mgmL,80°C,Des,4394,14503.975,100.0,332530.0,6.4292,3.8052658536585366,2.623934146341463
PEI5mgmL_80°C_Des.TXT,PEI5mgmL,80°C,Des,4395,14505.975,100.0,332530.0,6.4292,3.805263414634146,2.6239365853658536
PEI5mgmL_80°C_Des.TXT,PEI5mgmL,80°C,Des,4396,14508.975,100.0,332530.0,6.4292,3.805259756097561,2.623940243902439
PEI5mgmL_80°C_Des.TXT,PEI5mgmL,80°C,Des,4397,14510.975,100.0,332530.0,6.4292,3.805257317073171,2.623942682926829
PEI5mgmL_80°C_Des.TXT,PEI5mgmL,80°C,Des,4398,14513.975,100.0,332530.0,6.4292,3.8052536585365853,2.6239463414634145
PEI5mgmL_80°C_Des.TXT,PEI5mgmL,80°C,Des,4399,14518.975,100.0,332530.0,6.4292,3.8052475609756096,2.6239524390243902
PEI5mgmL_80°C_Des.TXT,PEI5mgmL,80°C,Des,4400,14521.975,100.0,332530.0,6.4292,3.8052439024390243,2.6239560975609755
PEI5mgmL_80°C_Des.TXT,PEI5mgmL,80°C,Des,4401,14523.975,100.0,332530.0,6.4292,3.8052414634146343,2.6239585365853655
PEI5mgmL_80°C_Des.TXT,PEI5mgmL,80°C,Des,4402,14526.975,100.0,332530.0,6.4292,3.8052378048780486,2.623962195121951
PEI5mgmL_80°C_Des.TXT,PEI5mgmL,80°C,Des,4403,14528.975,100.0,332530.0,6.4292,3.8052353658536586,2.623964634146341
PEI5mgmL_80°C_Des.TXT,PEI5mgmL,80°C,Des,4404,14531.975,100.0,332530.0,6.4292,3.8052317073170734,2.6239682926829264
PEI5mgmL_80°C_Des.TXT,PEI5mgmL,80°C,Des,4405,14534.975,100.0,332530.0,6.4292,3.8052280487804877,2.623971951219512
PEI5mgmL_80°C_Des.TXT,PEI5mgmL,80°C,Des,4406,14536.975,100.0,332530.0,6.4292,3.8052256097560977,2.623974390243902
PEI5mgmL_80°C_Des.TXT,PEI5mgmL,80°C,Des,4407,14539.975,100.0,332530.0,6.4292,3.8052219512195125,2.6239780487804873
PEI5mgmL_80°C_Des.TXT,PEI5mgmL,80°C,Des,4408,14542.975,100.0,332530.0,6.4292,3.8052182926829268,2.623981707317073
PEI5mgmL_80°C_Des.TXT,PEI5mgmL,80°C,Des,4409,14544.975,100.0,332530.0,6.4292,3.8052158536585368,2.623984146341463
PEI5mgmL_80°C_Des.TXT,PEI5mgmL,80°C,Des,4410,14547.975,100.0,332530.0,6.4292,3.8052121951219515,2.6239878048780483
PEI5mgmL_80°C_Des.TXT,PEI5mgmL,80°C,Des,4411,14552.975,100.0,332530.0,6.4292,3.805206097560976,2.623993902439024
PEI5mgmL_80°C_Des.TXT,PEI5mgmL,80°C,Des,4412,14555.975,100.0,332530.0,6.4292,3.8052024390243906,2.623997560975609
PEI5mgmL_80°C_Des.TXT,PEI5mgmL,80°C,Des,4413,14557.975,100.0,332530.0,6.4292,3.8052,2.6239999999999997
PEI5mgmL_80°C_Des.TXT,PEI5mgmL,80°C,Des,4414,14560.975,100.0,332530.0,6.4292,3.805196341463415,2.624003658536585
PEI5mgmL_80°C_Des.TXT,PEI5mgmL,80°C,Des,4415,14567.975,100.0,332530.0,6.4292,3.8051878048780488,2.624012195121951
PEI5mgmL_80°C_Des.TXT,PEI5mgmL,80°C,Des,4416,14575.975,100.0,332530.0,6.4292,3.805178048780488,2.624021951219512
PEI5mgmL_80°C_Des.TXT,PEI5mgmL,80°C,Des,4417,14583.975,100.0,332530.0,6.4292,3.805168292682927,2.624031707317073
PEI5mgmL_80°C_Des.TXT,PEI5mgmL,80°C,Des,4418,14585.975,100.0,332530.0,6.429197560975609,3.8051658536585364,2.624031707317073
PEI5mgmL_80°C_Des.TXT,PEI5mgmL,80°C,Des,4419,14588.975,100.0,332530.0,6.4291939024390246,3.805162195121951,2.6240317073170734
PEI5mgmL_80°C_Des.TXT,PEI5mgmL,80°C,Des,4420,14590.975,100.0,332530.0,6.429191463414634,3.805159756097561,2.624031707317073
PEI5mgmL_80°C_Des.TXT,PEI5mgmL,80°C,Des,4421,14593.975,100.0,332530.0,6.429187804878048,3.8051560975609755,2.624031707317073
PEI5mgmL_80°C_Des.TXT,PEI5mgmL,80°C,Des,4422,14596.975,100.0,332530.0,6.429184146341464,3.8051524390243903,2.6240317073170734
PEI5mgmL_80°C_Des.TXT,PEI5mgmL,80°C,Des,4423,14601.975,100.0,332530.0,6.4291780487804875,3.8051463414634146,2.624031707317073
PEI5mgmL_80°C_Des.TXT,PEI5mgmL,80°C,Des,4424,14604.975,100.0,332530.0,6.429174390243903,3.8051426829268293,2.6240317073170734
PEI5mgmL_80°C_Des.TXT,PEI5mgmL,80°C,Des,4425,14606.975,100.0,332530.0,6.429171951219512,3.805140243902439,2.6240317073170734
PEI5mgmL_80°C_Des.TXT,PEI5mgmL,80°C,Des,4426,14609.975,100.0,332530.0,6.4291682926829266,3.8051365853658536,2.624031707317073
PEI5mgmL_80°C_Des.TXT,PEI5mgmL,80°C,Des,4427,14611.975,100.0,332530.0,6.429165853658536,3.8051341463414636,2.6240317073170725
PEI5mgmL_80°C_Des.TXT,PEI5mgmL,80°C,Des,4428,14614.975,100.0,332530.0,6.429162195121951,3.805130487804878,2.6240317073170734
PEI5mgmL_80°C_Des.TXT,PEI5mgmL,80°C,Des,4429,14617.975,100.0,332530.0,6.429158536585366,3.8051268292682927,2.624031707317073
PEI5mgmL_80°C_Des.TXT,PEI5mgmL,80°C,Des,4430,14619.975,100.0,332530.0,6.429156097560975,3.8051243902439023,2.624031707317073
PEI5mgmL_80°C_Des.TXT,PEI5mgmL,80°C,Des,4431,14622.975,100.0,332530.0,6.42915243902439,3.805120731707317,2.6240317073170734
PEI5mgmL_80°C_Des.TXT,PEI5mgmL,80°C,Des,4432,14624.975,100.0,332530.0,6.42915,3.805118292682927,2.624031707317073
PEI5mgmL_80°C_Des.TXT,PEI5mgmL,80°C,Des,4433,14627.975,100.0,332530.0,6.429146341463414,3.8051146341463413,2.624031707317073
PEI5mgmL_80°C_Des.TXT,PEI5mgmL,80°C,Des,4434,14629.975,100.0,332530.0,6.429143902439025,3.8051121951219513,2.6240317073170734
PEI5mgmL_80°C_Des.TXT,PEI5mgmL,80°C,Des,4435,14634.975,100.0,332530.0,6.4291378048780485,3.8051060975609756,2.624031707317073
PEI5mgmL_80°C_Des.TXT,PEI5mgmL,80°C,Des,4436,14637.975,100.0,332530.0,6.429134146341464,3.8051024390243904,2.6240317073170734
PEI5mgmL_80°C_Des.TXT,PEI5mgmL,80°C,Des,4437,14639.975,100.0,332530.0,6.429131707317073,3.8051,2.6240317073170734
PEI5mgmL_80°C_Des.TXT,PEI5mgmL,80°C,Des,4438,14642.975,100.0,332530.0,6.429128048780488,3.805089156626506,2.6240388921539815
PEI5mgmL_80°C_Des.TXT,PEI5mgmL,80°C,Des,4439,14649.975,100.0,332530.0,6.429119512195122,3.805063855421687,2.624055656773435
PEI5mgmL_80°C_Des.TXT,PEI5mgmL,80°C,Des,4440,14656.975,100.0,332530.0,6.429110975609756,3.8050385542168677,2.6240724213928885
PEI5mgmL_80°C_Des.TXT,PEI5mgmL,80°C,Des,4441,14665.975,100.0,332530.0,6.4291,3.8050060240963854,2.6240939759036146
PEI5mgmL_80°C_Des.TXT,PEI5mgmL,80°C,Des,4442,14667.975,100.0,332530.0,6.429090243902439,3.804998795180723,2.624091448721716
PEI5mgmL_80°C_Des.TXT,PEI5mgmL,80°C,Des,4443,14670.975,100.0,332530.0,6.429075609756097,3.804987951807229,2.624087657948868
PEI5mgmL_80°C_Des.TXT,PEI5mgmL,80°C,Des,4444,14672.975,100.0,332530.0,6.429065853658536,3.804980722891566,2.62408513076697
PEI5mgmL_80°C_Des.TXT,PEI5mgmL,80°C,Des,4445,14675.975,100.0,332530.0,6.429051219512195,3.8049698795180724,2.624081339994123
PEI5mgmL_80°C_Des.TXT,PEI5mgmL,80°C,Des,4446,14678.975,100.0,332530.0,6.4290365853658535,3.804959036144578,2.6240775492212753
PEI5mgmL_80°C_Des.TXT,PEI5mgmL,80°C,Des,4447,14683.975,100.0,332530.0,6.429012195121952,3.804940963855422,2.6240712312665297
PEI5mgmL_80°C_Des.TXT,PEI5mgmL,80°C,Des,4448,14685.975,100.0,332530.0,6.429002439024391,3.804933734939759,2.6240687040846318
PEI5mgmL_80°C_Des.TXT,PEI5mgmL,80°C,Des,4449,14688.975,100.0,332530.0,6.428987804878049,3.804922891566265,2.6240649133117837
PEI5mgmL_80°C_Des.TXT,PEI5mgmL,80°C,Des,4450,14690.975,100.0,332530.0,6.428978048780488,3.8049156626506027,2.6240623861298853
PEI5mgmL_80°C_Des.TXT,PEI5mgmL,80°C,Des,4451,14693.975,100.0,332530.0,6.428963414634146,3.8049048192771084,2.6240585953570377
PEI5mgmL_80°C_Des.TXT,PEI5mgmL,80°C,Des,4452,14696.975,100.0,332530.0,6.428948780487805,3.8048939759036147,2.6240548045841905
PEI5mgmL_80°C_Des.TXT,PEI5mgmL,80°C,Des,4453,14698.975,100.0,332530.0,6.428939024390244,3.8048867469879517,2.6240522774022925
PEI5mgmL_80°C_Des.TXT,PEI5mgmL,80°C,Des,4454,14701.975,100.0,332530.0,6.428924390243902,3.804875903614458,2.6240484866294445
PEI5mgmL_80°C_Des.TXT,PEI5mgmL,80°C,Des,4455,14704.975,100.0,332530.0,6.428909756097561,3.804865060240964,2.6240446958565973
PEI5mgmL_80°C_Des.TXT,PEI5mgmL,80°C,Des,4456,14706.975,100.0,332530.0,6.4289000000000005,3.804857831325301,2.6240421686746993
PEI5mgmL_80°C_Des.TXT,PEI5mgmL,80°C,Des,4457,14709.975,100.0,332530.0,6.428885365853659,3.8048469879518074,2.6240383779018512
PEI5mgmL_80°C_Des.TXT,PEI5mgmL,80°C,Des,4458,14711.975,100.0,332530.0,6.428875609756098,3.804839759036145,2.624035850719953
PEI5mgmL_80°C_Des.TXT,PEI5mgmL,80°C,Des,4459,14717.975,100.0,332530.0,6.428846341463415,3.804818072289157,2.624028269174258
PEI5mgmL_80°C_Des.TXT,PEI5mgmL,80°C,Des,4460,14719.975,100.0,332530.0,6.428836585365854,3.804810843373494,2.62402574199236
PEI5mgmL_80°C_Des.TXT,PEI5mgmL,80°C,Des,4461,14722.975,100.0,332530.0,6.428821951219512,3.8048,2.624021951219512
PEI5mgmL_80°C_Des.TXT,PEI5mgmL,80°C,Des,4462,14725.975,100.0,332530.0,6.428807317073171,3.804796341463415,2.6240109756097563
PEI5mgmL_80°C_Des.TXT,PEI5mgmL,80°C,Des,4463,14731.975,100.0,332530.0,6.4287780487804875,3.804789024390244,2.6239890243902435
PEI5mgmL_80°C_Des.TXT,PEI5mgmL,80°C,Des,4464,14739.975,100.0,332530.0,6.428739024390244,3.804779268292683,2.6239597560975607
PEI5mgmL_80°C_Des.TXT,PEI5mgmL,80°C,Des,4465,14747.975,100.0,332530.0,6.4287,3.804769512195122,2.623930487804878
PEI5mgmL_80°C_Des.TXT,PEI5mgmL,80°C,Des,4466,14749.975,100.0,332530.0,6.4287,3.8047670731707317,2.6239329268292684
PEI5mgmL_80°C_Des.TXT,PEI5mgmL,80°C,Des,4467,14752.975,100.0,332530.0,6.4287,3.8047634146341465,2.6239365853658536
PEI5mgmL_80°C_Des.TXT,PEI5mgmL,80°C,Des,4468,14755.975,100.0,332530.0,6.4287,3.8047597560975612,2.623940243902439
PEI5mgmL_80°C_Des.TXT,PEI5mgmL,80°C,Des,4469,14757.975,100.0,332530.0,6.4287,3.8047573170731708,2.6239426829268293
PEI5mgmL_80°C_Des.TXT,PEI5mgmL,80°C,Des,4470,14760.975,100.0,332530.0,6.4287,3.8047536585365855,2.6239463414634145
PEI5mgmL_80°C_Des.TXT,PEI5mgmL,80°C,Des,4471,14766.975,100.0,332530.0,6.4287,3.8047463414634146,2.6239536585365855
PEI5mgmL_80°C_Des.TXT,PEI5mgmL,80°C,Des,4472,14768.975,100.0,332530.0,6.4287,3.8047439024390246,2.6239560975609755
PEI5mgmL_80°C_Des.TXT,PEI5mgmL,80°C,Des,4473,14771.975,100.0,332530.0,6.4287,3.804740243902439,2.623959756097561
PEI5mgmL_80°C_Des.TXT,PEI5mgmL,80°C,Des,4474,14773.975,100.0,332530.0,6.4287,3.804737804878049,2.623962195121951
PEI5mgmL_80°C_Des.TXT,PEI5mgmL,80°C,Des,4475,14776.975,100.0,332530.0,6.4287,3.8047341463414637,2.6239658536585364
PEI5mgmL_80°C_Des.TXT,PEI5mgmL,80°C,Des,4476,14778.975,100.0,332530.0,6.4287,3.804731707317073,2.623968292682927
PEI5mgmL_80°C_Des.TXT,PEI5mgmL,80°C,Des,4477,14781.975,100.0,332530.0,6.4287,3.804728048780488,2.623971951219512
PEI5mgmL_80°C_Des.TXT,PEI5mgmL,80°C,Des,4478,14784.975,100.0,332530.0,6.4287,3.8047243902439023,2.623975609756098
PEI5mgmL_80°C_Des.TXT,PEI5mgmL,80°C,Des,4479,14786.975,100.0,332530.0,6.4287,3.8047219512195123,2.623978048780488
PEI5mgmL_80°C_Des.TXT,PEI5mgmL,80°C,Des,4480,14789.975,100.0,332530.0,6.4287,3.804718292682927,2.623981707317073
PEI5mgmL_80°C_Des.TXT,PEI5mgmL,80°C,Des,4481,14791.975,100.0,332530.0,6.4287,3.8047158536585366,2.6239841463414635
PEI5mgmL_80°C_Des.TXT,PEI5mgmL,80°C,Des,4482,14794.975,100.0,332530.0,6.4287,3.8047121951219514,2.6239878048780487
PEI5mgmL_80°C_Des.TXT,PEI5mgmL,80°C,Des,4483,14799.975,100.0,332530.0,6.4287,3.8047060975609757,2.6239939024390244
PEI5mgmL_80°C_Des.TXT,PEI5mgmL,80°C,Des,4484,14802.975,100.0,332530.0,6.4287,3.8047024390243904,2.6239975609756097
PEI5mgmL_80°C_Des.TXT,PEI5mgmL,80°C,Des,4485,14804.975,100.0,332530.0,6.4287,3.8047,2.624
PEI5mgmL_80°C_Des.TXT,PEI5mgmL,80°C,Des,4486,14807.975,100.0,332530.0,6.4287,3.804692682926829,2.624007317073171
PEI5mgmL_80°C_Des.TXT,PEI5mgmL,80°C,Des,4487,14814.975,100.0,332530.0,6.4287,3.8046756097560976,2.6240243902439024
PEI5mgmL_80°C_Des.TXT,PEI5mgmL,80°C,Des,4488,14821.975,100.0,332530.0,6.4287,3.804658536585366,2.6240414634146343
PEI5mgmL_80°C_Des.TXT,PEI5mgmL,80°C,Des,4489,14829.975,100.0,332530.0,6.4287,3.804639024390244,2.624060975609756
PEI5mgmL_80°C_Des.TXT,PEI5mgmL,80°C,Des,4490,14832.975,100.0,332530.0,6.42869268292683,3.804631707317073,2.6240609756097566
PEI5mgmL_80°C_Des.TXT,PEI5mgmL,80°C,Des,4491,14834.975,100.0,332530.0,6.428687804878049,3.8046268292682925,2.624060975609756
PEI5mgmL_80°C_Des.TXT,PEI5mgmL,80°C,Des,4492,14837.975,100.0,332530.0,6.428680487804878,3.804619512195122,2.624060975609756
PEI5mgmL_80°C_Des.TXT,PEI5mgmL,80°C,Des,4493,14840.975,100.0,332530.0,6.428673170731708,3.804612195121951,2.6240609756097566
PEI5mgmL_80°C_Des.TXT,PEI5mgmL,80°C,Des,4494,14842.975,100.0,332530.0,6.428668292682927,3.8046073170731707,2.624060975609756
PEI5mgmL_80°C_Des.TXT,PEI5mgmL,80°C,Des,4495,14847.975,100.0,332530.0,6.4286560975609754,3.8045951219512193,2.624060975609756
PEI5mgmL_80°C_Des.TXT,PEI5mgmL,80°C,Des,4496,14850.975,100.0,332530.0,6.428648780487805,3.804587804878049,2.624060975609756
PEI5mgmL_80°C_Des.TXT,PEI5mgmL,80°C,Des,4497,14853.975,100.0,332530.0,6.4286414634146345,3.804580487804878,2.6240609756097566
PEI5mgmL_80°C_Des.TXT,PEI5mgmL,80°C,Des,4498,14855.975,100.0,332530.0,6.428636585365854,3.8045756097560974,2.624060975609756
PEI5mgmL_80°C_Des.TXT,PEI5mgmL,80°C,Des,4499,14858.975,100.0,332530.0,6.428629268292683,3.804568292682927,2.624060975609756
PEI5mgmL_80°C_Des.TXT,PEI5mgmL,80°C,Des,4500,14860.975,100.0,332530.0,6.428624390243902,3.8045634146341465,2.6240609756097557
PEI5mgmL_80°C_Des.TXT,PEI5mgmL,80°C,Des,4501,14863.975,100.0,332530.0,6.428617073170732,3.8045560975609756,2.624060975609756
PEI5mgmL_80°C_Des.TXT,PEI5mgmL,80°C,Des,4502,14865.975,100.0,332530.0,6.428612195121951,3.804551219512195,2.6240609756097557
PEI5mgmL_80°C_Des.TXT,PEI5mgmL,80°C,Des,4503,14868.975,100.0,332530.0,6.42860487804878,3.804543902439024,2.624060975609756
PEI5mgmL_80°C_Des.TXT,PEI5mgmL,80°C,Des,4504,14871.975,100.0,332530.0,6.42859756097561,3.8045365853658537,2.624060975609756
PEI5mgmL_80°C_Des.TXT,PEI5mgmL,80°C,Des,4505,14873.975,100.0,332530.0,6.428592682926829,3.8045317073170732,2.6240609756097557
PEI5mgmL_80°C_Des.TXT,PEI5mgmL,80°C,Des,4506,14876.975,100.0,332530.0,6.4285853658536585,3.8045243902439023,2.624060975609756
PEI5mgmL_80°C_Des.TXT,PEI5mgmL,80°C,Des,4507,14881.975,100.0,332530.0,6.428573170731707,3.8045121951219514,2.6240609756097557
PEI5mgmL_80°C_Des.TXT,PEI5mgmL,80°C,Des,4508,14883.975,100.0,332530.0,6.428568292682927,3.804507317073171,2.624060975609756
PEI5mgmL_80°C_Des.TXT,PEI5mgmL,80°C,Des,4509,14886.975,100.0,332530.0,6.428560975609756,3.8045,2.6240609756097557
PEI5mgmL_80°C_Des.TXT,PEI5mgmL,80°C,Des,4510,14889.975,100.0,332530.0,6.428553658536585,3.8044927710843375,2.6240608874522477
PEI5mgmL_80°C_Des.TXT,PEI5mgmL,80°C,Des,4511,14896.975,100.0,332530.0,6.428536585365854,3.804475903614458,2.624060681751396
PEI5mgmL_80°C_Des.TXT,PEI5mgmL,80°C,Des,4512,14903.975,100.0,332530.0,6.4285195121951215,3.8044590361445785,2.624060476050543
PEI5mgmL_80°C_Des.TXT,PEI5mgmL,80°C,Des,4513,14911.975,100.0,332530.0,6.4285,3.8044397590361445,2.624060240963855
PEI5mgmL_80°C_Des.TXT,PEI5mgmL,80°C,Des,4514,14914.975,100.0,332530.0,6.428492771084337,3.804432530120482,2.624060240963855
PEI5mgmL_80°C_Des.TXT,PEI5mgmL,80°C,Des,4515,14916.975,100.0,332530.0,6.428487951807228,3.8044277108433735,2.6240602409638547
PEI5mgmL_80°C_Des.TXT,PEI5mgmL,80°C,Des,4516,14919.975,100.0,332530.0,6.428480722891566,3.804420481927711,2.6240602409638547
PEI5mgmL_80°C_Des.TXT,PEI5mgmL,80°C,Des,4517,14922.975,100.0,332530.0,6.428473493975903,3.804413253012048,2.624060240963855
PEI5mgmL_80°C_Des.TXT,PEI5mgmL,80°C,Des,4518,14924.975,100.0,332530.0,6.428468674698795,3.80440843373494,2.624060240963855
PEI5mgmL_80°C_Des.TXT,PEI5mgmL,80°C,Des,4519,14929.975,100.0,332530.0,6.428456626506024,3.8043963855421685,2.624060240963855
PEI5mgmL_80°C_Des.TXT,PEI5mgmL,80°C,Des,4520,14932.975,100.0,332530.0,6.428449397590361,3.804389156626506,2.624060240963855
PEI5mgmL_80°C_Des.TXT,PEI5mgmL,80°C,Des,4521,14935.975,100.0,332530.0,6.428442168674699,3.8043819277108435,2.624060240963855
PEI5mgmL_80°C_Des.TXT,PEI5mgmL,80°C,Des,4522,14937.975,100.0,332530.0,6.428437349397591,3.804377108433735,2.6240602409638556
PEI5mgmL_80°C_Des.TXT,PEI5mgmL,80°C,Des,4523,14940.975,100.0,332530.0,6.428430120481927,3.8043698795180725,2.6240602409638547
PEI5mgmL_80°C_Des.TXT,PEI5mgmL,80°C,Des,4524,14943.975,100.0,332530.0,6.428422891566265,3.8043626506024095,2.624060240963855
PEI5mgmL_80°C_Des.TXT,PEI5mgmL,80°C,Des,4525,14945.975,100.0,332530.0,6.428418072289157,3.804357831325301,2.6240602409638556
PEI5mgmL_80°C_Des.TXT,PEI5mgmL,80°C,Des,4526,14948.975,100.0,332530.0,6.428410843373494,3.8043506024096385,2.6240602409638556
PEI5mgmL_80°C_Des.TXT,PEI5mgmL,80°C,Des,4527,14951.975,100.0,332530.0,6.428403614457832,3.804343373493976,2.6240602409638556
PEI5mgmL_80°C_Des.TXT,PEI5mgmL,80°C,Des,4528,14953.975,100.0,332530.0,6.428398795180723,3.8043385542168675,2.624060240963855
PEI5mgmL_80°C_Des.TXT,PEI5mgmL,80°C,Des,4529,14956.975,100.0,332530.0,6.42839156626506,3.804331325301205,2.624060240963855
PEI5mgmL_80°C_Des.TXT,PEI5mgmL,80°C,Des,4530,14959.975,100.0,332530.0,6.428384337349398,3.804324096385542,2.6240602409638556
PEI5mgmL_80°C_Des.TXT,PEI5mgmL,80°C,Des,4531,14964.975,100.0,332530.0,6.428372289156626,3.804312048192771,2.624060240963855
PEI5mgmL_80°C_Des.TXT,PEI5mgmL,80°C,Des,4532,14966.975,100.0,332530.0,6.428367469879518,3.8043072289156625,2.6240602409638556
PEI5mgmL_80°C_Des.TXT,PEI5mgmL,80°C,Des,4533,14969.975,100.0,332530.0,6.428360240963856,3.8043,2.6240602409638556
PEI5mgmL_80°C_Des.TXT,PEI5mgmL,80°C,Des,4534,14972.975,100.0,332530.0,6.428353012048193,3.8043,2.624053012048193
PEI5mgmL_80°C_Des.TXT,PEI5mgmL,80°C,Des,4535,14978.975,100.0,332530.0,6.428338554216867,3.8043,2.624038554216867
PEI5mgmL_80°C_Des.TXT,PEI5mgmL,80°C,Des,4536,14986.975,100.0,332530.0,6.428319277108434,3.8043,2.624019277108434
PEI5mgmL_80°C_Des.TXT,PEI5mgmL,80°C,Des,4537,14994.975,100.0,332530.0,6.4283,3.8043,2.624
PEI5mgmL_80°C_Des.TXT,PEI5mgmL,80°C,Des,4538,14997.975,100.0,332530.0,6.42829268292683,3.8043,2.6239926829268296
PEI5mgmL_80°C_Des.TXT,PEI5mgmL,80°C,Des,4539,14999.975,100.0,332530.0,6.428287804878049,3.8043,2.6239878048780487
PEI5mgmL_80°C_Des.TXT,PEI5mgmL,80°C,Des,4540,15002.975,100.0,332530.0,6.428280487804878,3.8043,2.6239804878048782
PEI5mgmL_80°C_Des.TXT,PEI5mgmL,80°C,Des,4541,15005.975,100.0,332530.0,6.428273170731708,3.8043,2.6239731707317078
PEI5mgmL_80°C_Des.TXT,PEI5mgmL,80°C,Des,4542,15007.975,100.0,332530.0,6.428268292682927,3.8043,2.623968292682927
PEI5mgmL_80°C_Des.TXT,PEI5mgmL,80°C,Des,4543,15012.975,100.0,332530.0,6.4282560975609755,3.8043,2.6239560975609755
PEI5mgmL_80°C_Des.TXT,PEI5mgmL,80°C,Des,4544,15015.975,100.0,332530.0,6.428248780487805,3.8043,2.623948780487805
PEI5mgmL_80°C_Des.TXT,PEI5mgmL,80°C,Des,4545,15017.975,100.0,332530.0,6.428243902439024,3.8043,2.623943902439024
PEI5mgmL_80°C_Des.TXT,PEI5mgmL,80°C,Des,4546,15020.975,100.0,332530.0,6.428236585365854,3.8043,2.6239365853658536
PEI5mgmL_80°C_Des.TXT,PEI5mgmL,80°C,Des,4547,15023.975,100.0,332530.0,6.428229268292683,3.8043,2.623929268292683
PEI5mgmL_80°C_Des.TXT,PEI5mgmL,80°C,Des,4548,15025.975,100.0,332530.0,6.428224390243902,3.8043,2.6239243902439022
PEI5mgmL_80°C_Des.TXT,PEI5mgmL,80°C,Des,4549,15028.975,100.0,332530.0,6.428217073170732,3.8043,2.6239170731707318
PEI5mgmL_80°C_Des.TXT,PEI5mgmL,80°C,Des,4550,15030.975,100.0,332530.0,6.428212195121951,3.8043,2.623912195121951
PEI5mgmL_80°C_Des.TXT,PEI5mgmL,80°C,Des,4551,15033.975,100.0,332530.0,6.42820487804878,3.8043,2.6239048780487804
PEI5mgmL_80°C_Des.TXT,PEI5mgmL,80°C,Des,4552,15035.975,100.0,332530.0,6.4281999999999995,3.8043,2.6238999999999995
PEI5mgmL_80°C_Des.TXT,PEI5mgmL,80°C,Des,4553,15038.975,100.0,332530.0,6.428192682926829,3.8043,2.623892682926829
PEI5mgmL_80°C_Des.TXT,PEI5mgmL,80°C,Des,4554,15041.975,100.0,332530.0,6.4281853658536585,3.8043,2.6238853658536585
PEI5mgmL_80°C_Des.TXT,PEI5mgmL,80°C,Des,4555,15046.975,100.0,332530.0,6.428173170731707,3.8043,2.623873170731707
PEI5mgmL_80°C_Des.TXT,PEI5mgmL,80°C,Des,4556,15048.975,100.0,332530.0,6.428168292682927,3.8043,2.623868292682927
PEI5mgmL_80°C_Des.TXT,PEI5mgmL,80°C,Des,4557,15051.975,100.0,332530.0,6.428160975609756,3.8043,2.6238609756097557
PEI5mgmL_80°C_Des.TXT,PEI5mgmL,80°C,Des,4558,15054.975,100.0,332530.0,6.428153658536585,3.804289024390244,2.6238646341463414
PEI5mgmL_80°C_Des.TXT,PEI5mgmL,80°C,Des,4559,15060.975,100.0,332530.0,6.428139024390243,3.8042670731707315,2.623871951219512
PEI5mgmL_80°C_Des.TXT,PEI5mgmL,80°C,Des,4560,15068.975,100.0,332530.0,6.428119512195122,3.8042378048780487,2.623881707317073
PEI5mgmL_80°C_Des.TXT,PEI5mgmL,80°C,Des,4561,15076.975,100.0,332530.0,6.4281,3.804208536585366,2.6238914634146338
PEI5mgmL_80°C_Des.TXT,PEI5mgmL,80°C,Des,4562,15079.975,100.0,332530.0,6.428096341463414,3.80419756097561,2.6238987804878042
PEI5mgmL_80°C_Des.TXT,PEI5mgmL,80°C,Des,4563,15081.975,100.0,332530.0,6.4280939024390245,3.804190243902439,2.6239036585365856
PEI5mgmL_80°C_Des.TXT,PEI5mgmL,80°C,Des,4564,15084.975,100.0,332530.0,6.428090243902439,3.8041792682926827,2.623910975609756
PEI5mgmL_80°C_Des.TXT,PEI5mgmL,80°C,Des,4565,15086.975,100.0,332530.0,6.428087804878048,3.8041719512195122,2.623915853658536
PEI5mgmL_80°C_Des.TXT,PEI5mgmL,80°C,Des,4566,15089.975,100.0,332530.0,6.4280841463414635,3.804160975609756,2.6239231707317074
PEI5mgmL_80°C_Des.TXT,PEI5mgmL,80°C,Des,4567,15094.975,100.0,332530.0,6.428078048780487,3.804142682926829,2.6239353658536584
PEI5mgmL_80°C_Des.TXT,PEI5mgmL,80°C,Des,4568,15097.975,100.0,332530.0,6.428074390243903,3.8041317073170733,2.6239426829268293
PEI5mgmL_80°C_Des.TXT,PEI5mgmL,80°C,Des,4569,15099.975,100.0,332530.0,6.428071951219512,3.8041243902439024,2.6239475609756098
PEI5mgmL_80°C_Des.TXT,PEI5mgmL,80°C,Des,4570,15102.975,100.0,332530.0,6.4280682926829265,3.804113414634146,2.6239548780487802
PEI5mgmL_80°C_Des.TXT,PEI5mgmL,80°C,Des,4571,15104.975,100.0,332530.0,6.428065853658536,3.8041060975609753,2.6239597560975607
PEI5mgmL_80°C_Des.TXT,PEI5mgmL,80°C,Des,4572,15107.975,100.0,332530.0,6.428062195121951,3.8040951219512196,2.6239670731707316
PEI5mgmL_80°C_Des.TXT,PEI5mgmL,80°C,Des,4573,15110.975,100.0,332530.0,6.4280585365853655,3.8040841463414634,2.623974390243902
PEI5mgmL_80°C_Des.TXT,PEI5mgmL,80°C,Des,4574,15113.975,100.0,332530.0,6.428054878048781,3.8040731707317073,2.6239817073170735
PEI5mgmL_80°C_Des.TXT,PEI5mgmL,80°C,Des,4575,15115.975,100.0,332530.0,6.42805243902439,3.8040658536585363,2.623986585365854
PEI5mgmL_80°C_Des.TXT,PEI5mgmL,80°C,Des,4576,15118.975,100.0,332530.0,6.428048780487805,3.80405487804878,2.6239939024390244
PEI5mgmL_80°C_Des.TXT,PEI5mgmL,80°C,Des,4577,15120.975,100.0,332530.0,6.428046341463414,3.8040475609756097,2.6239987804878044
PEI5mgmL_80°C_Des.TXT,PEI5mgmL,80°C,Des,4578,15123.975,100.0,332530.0,6.428042682926829,3.8040365853658535,2.624006097560976
PEI5mgmL_80°C_Des.TXT,PEI5mgmL,80°C,Des,4579,15128.975,100.0,332530.0,6.428036585365853,3.8040182926829265,2.6240182926829267
PEI5mgmL_80°C_Des.TXT,PEI5mgmL,80°C,Des,4580,15131.975,100.0,332530.0,6.428032926829268,3.8040073170731707,2.6240256097560977
PEI5mgmL_80°C_Des.TXT,PEI5mgmL,80°C,Des,4581,15133.975,100.0,332530.0,6.428030487804878,3.804,2.624030487804878
PEI5mgmL_80°C_Des.TXT,PEI5mgmL,80°C,Des,4582,15136.975,100.0,332530.0,6.428026829268292,3.803992682926829,2.6240341463414634
PEI5mgmL_80°C_Des.TXT,PEI5mgmL,80°C,Des,4583,15143.975,100.0,332530.0,6.428018292682927,3.8039756097560975,2.624042682926829
PEI5mgmL_80°C_Des.TXT,PEI5mgmL,80°C,Des,4584,15150.975,100.0,332530.0,6.428009756097561,3.8039585365853656,2.624051219512195
PEI5mgmL_80°C_Des.TXT,PEI5mgmL,80°C,Des,4585,15158.975,100.0,332530.0,6.428,3.803939024390244,2.624060975609756
PEI5mgmL_80°C_Des.TXT,PEI5mgmL,80°C,Des,4586,15161.975,100.0,332530.0,6.427981481481481,3.803931707317073,2.6240497741644084
PEI5mgmL_80°C_Des.TXT,PEI5mgmL,80°C,Des,4587,15163.975,100.0,332530.0,6.427969135802469,3.8039268292682924,2.6240423065341765
PEI5mgmL_80°C_Des.TXT,PEI5mgmL,80°C,Des,4588,15166.975,100.0,332530.0,6.42795061728395,3.803919512195122,2.6240311050888283
PEI5mgmL_80°C_Des.TXT,PEI5mgmL,80°C,Des,4589,15168.975,100.0,332530.0,6.427938271604938,3.8039146341463415,2.6240236374585963
PEI5mgmL_80°C_Des.TXT,PEI5mgmL,80°C,Des,4590,15171.975,100.0,332530.0,6.42791975308642,3.8039073170731705,2.6240124360132495
PEI5mgmL_80°C_Des.TXT,PEI5mgmL,80°C,Des,4591,15176.975,100.0,332530.0,6.427888888888889,3.803895121951219,2.62399376693767
PEI5mgmL_80°C_Des.TXT,PEI5mgmL,80°C,Des,4592,15179.975,100.0,332530.0,6.42787037037037,3.8038878048780487,2.6239825654923217
PEI5mgmL_80°C_Des.TXT,PEI5mgmL,80°C,Des,4593,15181.975,100.0,332530.0,6.427858024691358,3.803882926829268,2.6239750978620897
PEI5mgmL_80°C_Des.TXT,PEI5mgmL,80°C,Des,4594,15184.975,100.0,332530.0,6.427839506172839,3.8038756097560973,2.623963896416742
PEI5mgmL_80°C_Des.TXT,PEI5mgmL,80°C,Des,4595,15186.975,100.0,332530.0,6.427827160493827,3.803870731707317,2.62395642878651
PEI5mgmL_80°C_Des.TXT,PEI5mgmL,80°C,Des,4596,15189.975,100.0,332530.0,6.427808641975309,3.8038634146341463,2.6239452273411628
PEI5mgmL_80°C_Des.TXT,PEI5mgmL,80°C,Des,4597,15192.975,100.0,332530.0,6.4277901234567905,3.8038560975609754,2.623934025895815
PEI5mgmL_80°C_Des.TXT,PEI5mgmL,80°C,Des,4598,15194.975,100.0,332530.0,6.427777777777778,3.803851219512195,2.623926558265583
PEI5mgmL_80°C_Des.TXT,PEI5mgmL,80°C,Des,4599,15197.975,100.0,332530.0,6.427759259259259,3.803843902439024,2.6239153568202354
PEI5mgmL_80°C_Des.TXT,PEI5mgmL,80°C,Des,4600,15199.975,100.0,332530.0,6.427746913580247,3.8038390243902436,2.6239078891900034
PEI5mgmL_80°C_Des.TXT,PEI5mgmL,80°C,Des,4601,15202.975,100.0,332530.0,6.427728395061728,3.803831707317073,2.6238966877446552
PEI5mgmL_80°C_Des.TXT,PEI5mgmL,80°C,Des,4602,15204.975,100.0,332530.0,6.427716049382716,3.8038268292682926,2.6238892201144233
PEI5mgmL_80°C_Des.TXT,PEI5mgmL,80°C,Des,4603,15209.975,100.0,332530.0,6.427685185185186,3.8038146341463412,2.6238705510388445
PEI5mgmL_80°C_Des.TXT,PEI5mgmL,80°C,Des,4604,15212.975,100.0,332530.0,6.427666666666667,3.8038073170731708,2.6238593495934963
PEI5mgmL_80°C_Des.TXT,PEI5mgmL,80°C,Des,4605,15215.975,100.0,332530.0,6.427648148148148,3.8038,2.6238481481481486
PEI5mgmL_80°C_Des.TXT,PEI5mgmL,80°C,Des,4606,15217.975,100.0,332530.0,6.427635802469136,3.8037975308641974,2.6238382716049387
PEI5mgmL_80°C_Des.TXT,PEI5mgmL,80°C,Des,4607,15224.975,100.0,332530.0,6.4275925925925925,3.8037888888888887,2.623803703703704
PEI5mgmL_80°C_Des.TXT,PEI5mgmL,80°C,Des,4608,15232.975,100.0,332530.0,6.427543209876544,3.8037790123456787,2.623764197530865
PEI5mgmL_80°C_Des.TXT,PEI5mgmL,80°C,Des,4609,15239.975,100.0,332530.0,6.4275,3.8037703703703705,2.6237296296296297
PEI5mgmL_80°C_Des.TXT,PEI5mgmL,80°C,Des,4610,15242.975,100.0,332530.0,6.42749268292683,3.8037666666666667,2.623726016260163
PEI5mgmL_80°C_Des.TXT,PEI5mgmL,80°C,Des,4611,15245.975,100.0,332530.0,6.427485365853658,3.803762962962963,2.6237224028906954
PEI5mgmL_80°C_Des.TXT,PEI5mgmL,80°C,Des,4612,15247.975,100.0,332530.0,6.427480487804878,3.8037604938271605,2.623719993977718
PEI5mgmL_80°C_Des.TXT,PEI5mgmL,80°C,Des,4613,15250.975,100.0,332530.0,6.427473170731708,3.803756790123457,2.623716380608251
PEI5mgmL_80°C_Des.TXT,PEI5mgmL,80°C,Des,4614,15253.975,100.0,332530.0,6.4274658536585365,3.803753086419753,2.6237127672387834
PEI5mgmL_80°C_Des.TXT,PEI5mgmL,80°C,Des,4615,15258.975,100.0,332530.0,6.427453658536585,3.803746913580247,2.6237067449563383
PEI5mgmL_80°C_Des.TXT,PEI5mgmL,80°C,Des,4616,15260.975,100.0,332530.0,6.427448780487805,3.8037444444444444,2.6237043360433607
PEI5mgmL_80°C_Des.TXT,PEI5mgmL,80°C,Des,4617,15263.975,100.0,332530.0,6.427441463414635,3.8037407407407406,2.623700722673894
PEI5mgmL_80°C_Des.TXT,PEI5mgmL,80°C,Des,4618,15266.975,100.0,332530.0,6.427434146341463,3.803737037037037,2.6236971093044263
PEI5mgmL_80°C_Des.TXT,PEI5mgmL,80°C,Des,4619,15268.975,100.0,332530.0,6.427429268292683,3.8037345679012344,2.623694700391449
PEI5mgmL_80°C_Des.TXT,PEI5mgmL,80°C,Des,4620,15271.975,100.0,332530.0,6.427421951219512,3.8037308641975307,2.623691087021981
PEI5mgmL_80°C_Des.TXT,PEI5mgmL,80°C,Des,4621,15273.975,100.0,332530.0,6.427417073170732,3.803728395061728,2.6236886781090036
PEI5mgmL_80°C_Des.TXT,PEI5mgmL,80°C,Des,4622,15276.975,100.0,332530.0,6.427409756097561,3.803724691358025,2.6236850647395364
PEI5mgmL_80°C_Des.TXT,PEI5mgmL,80°C,Des,4623,15278.975,100.0,332530.0,6.4274048780487805,3.8037222222222224,2.623682655826558
PEI5mgmL_80°C_Des.TXT,PEI5mgmL,80°C,Des,4624,15281.975,100.0,332530.0,6.42739756097561,3.8037185185185187,2.6236790424570913
PEI5mgmL_80°C_Des.TXT,PEI5mgmL,80°C,Des,4625,15283.975,100.0,332530.0,6.427392682926829,3.8037160493827162,2.623676633544113
PEI5mgmL_80°C_Des.TXT,PEI5mgmL,80°C,Des,4626,15286.975,100.0,332530.0,6.427385365853659,3.8037123456790125,2.623673020174646
PEI5mgmL_80°C_Des.TXT,PEI5mgmL,80°C,Des,4627,15291.975,100.0,332530.0,6.427373170731707,3.8037061728395063,2.623666997892201
PEI5mgmL_80°C_Des.TXT,PEI5mgmL,80°C,Des,4628,15294.975,100.0,332530.0,6.427365853658537,3.8037024691358026,2.623663384522734
PEI5mgmL_80°C_Des.TXT,PEI5mgmL,80°C,Des,4629,15296.975,100.0,332530.0,6.427360975609756,3.8037,2.6236609756097558
PEI5mgmL_80°C_Des.TXT,PEI5mgmL,80°C,Des,4630,15299.975,100.0,332530.0,6.427353658536585,3.803696341463415,2.6236573170731705
PEI5mgmL_80°C_Des.TXT,PEI5mgmL,80°C,Des,4631,15305.975,100.0,332530.0,6.4273390243902435,3.803689024390244,2.6236499999999996
PEI5mgmL_80°C_Des.TXT,PEI5mgmL,80°C,Des,4632,15313.975,100.0,332530.0,6.427319512195122,3.803679268292683,2.6236402439024387
PEI5mgmL_80°C_Des.TXT,PEI5mgmL,80°C,Des,4633,15321.975,100.0,332530.0,6.4273,3.803669512195122,2.6236304878048777
PEI5mgmL_80°C_Des.TXT,PEI5mgmL,80°C,Des,4634,15323.975,100.0,332530.0,6.42730243902439,3.8036670731707316,2.6236353658536586
PEI5mgmL_80°C_Des.TXT,PEI5mgmL,80°C,Des,4635,15326.975,100.0,332530.0,6.427306097560975,3.8036634146341464,2.6236426829268287
PEI5mgmL_80°C_Des.TXT,PEI5mgmL,80°C,Des,4636,15329.975,100.0,332530.0,6.427309756097561,3.803659756097561,2.6236499999999996
PEI5mgmL_80°C_Des.TXT,PEI5mgmL,80°C,Des,4637,15332.975,100.0,332530.0,6.427313414634146,3.8036560975609754,2.623657317073171
PEI5mgmL_80°C_Des.TXT,PEI5mgmL,80°C,Des,4638,15334.975,100.0,332530.0,6.427315853658536,3.8036536585365854,2.6236621951219505
PEI5mgmL_80°C_Des.TXT,PEI5mgmL,80°C,Des,4639,15339.975,100.0,332530.0,6.427321951219512,3.8036475609756097,2.6236743902439024
PEI5mgmL_80°C_Des.TXT,PEI5mgmL,80°C,Des,4640,15342.975,100.0,332530.0,6.427325609756097,3.8036439024390245,2.6236817073170724
PEI5mgmL_80°C_Des.TXT,PEI5mgmL,80°C,Des,4641,15345.975,100.0,332530.0,6.427329268292683,3.803640243902439,2.6236890243902438
PEI5mgmL_80°C_Des.TXT,PEI5mgmL,80°C,Des,4642,15347.975,100.0,332530.0,6.427331707317073,3.803637804878049,2.6236939024390242
PEI5mgmL_80°C_Des.TXT,PEI5mgmL,80°C,Des,4643,15350.975,100.0,332530.0,6.427335365853658,3.8036341463414636,2.6237012195121943
PEI5mgmL_80°C_Des.TXT,PEI5mgmL,80°C,Des,4644,15352.975,100.0,332530.0,6.427337804878048,3.803631707317073,2.623706097560975
PEI5mgmL_80°C_Des.TXT,PEI5mgmL,80°C,Des,4645,15355.975,100.0,332530.0,6.427341463414634,3.803628048780488,2.623713414634146
PEI5mgmL_80°C_Des.TXT,PEI5mgmL,80°C,Des,4646,15357.975,100.0,332530.0,6.427343902439024,3.8036256097560974,2.623718292682927
PEI5mgmL_80°C_Des.TXT,PEI5mgmL,80°C,Des,4647,15360.975,100.0,332530.0,6.427347560975609,3.803621951219512,2.623725609756097
PEI5mgmL_80°C_Des.TXT,PEI5mgmL,80°C,Des,4648,15363.975,100.0,332530.0,6.427351219512195,3.803618292682927,2.623732926829268
PEI5mgmL_80°C_Des.TXT,PEI5mgmL,80°C,Des,4649,15365.975,100.0,332530.0,6.427353658536585,3.8036158536585365,2.623737804878049
PEI5mgmL_80°C_Des.TXT,PEI5mgmL,80°C,Des,4650,15368.975,100.0,332530.0,6.42735731707317,3.8036121951219513,2.623745121951219
PEI5mgmL_80°C_Des.TXT,PEI5mgmL,80°C,Des,4651,15373.975,100.0,332530.0,6.427363414634146,3.8036060975609756,2.6237573170731707
PEI5mgmL_80°C_Des.TXT,PEI5mgmL,80°C,Des,4652,15375.975,100.0,332530.0,6.427365853658536,3.803603658536585,2.6237621951219507
PEI5mgmL_80°C_Des.TXT,PEI5mgmL,80°C,Des,4653,15378.975,100.0,332530.0,6.4273695121951215,3.8036,2.6237695121951217
PEI5mgmL_80°C_Des.TXT,PEI5mgmL,80°C,Des,4654,15381.975,100.0,332530.0,6.427373170731707,3.8035890243902437,2.6237841463414635
PEI5mgmL_80°C_Des.TXT,PEI5mgmL,80°C,Des,4655,15387.975,100.0,332530.0,6.427380487804878,3.8035670731707314,2.6238134146341463
PEI5mgmL_80°C_Des.TXT,PEI5mgmL,80°C,Des,4656,15396.975,100.0,332530.0,6.427391463414634,3.8035341463414634,2.6238573170731705
PEI5mgmL_80°C_Des.TXT,PEI5mgmL,80°C,Des,4657,15403.975,100.0,332530.0,6.4274,3.803508536585366,2.6238914634146338
PEI5mgmL_80°C_Des.TXT,PEI5mgmL,80°C,Des,4658,15406.975,100.0,332530.0,6.427389024390243,3.8034975609756096,2.6238914634146338
PEI5mgmL_80°C_Des.TXT,PEI5mgmL,80°C,Des,4659,15408.975,100.0,332530.0,6.427381707317073,3.803490243902439,2.6238914634146338
PEI5mgmL_80°C_Des.TXT,PEI5mgmL,80°C,Des,4660,15411.975,100.0,332530.0,6.427370731707317,3.803479268292683,2.6238914634146338
PEI5mgmL_80°C_Des.TXT,PEI5mgmL,80°C,Des,4661,15414.975,100.0,332530.0,6.427359756097561,3.803468292682927,2.6238914634146338
PEI5mgmL_80°C_Des.TXT,PEI5mgmL,80°C,Des,4662,15416.975,100.0,332530.0,6.42735243902439,3.803460975609756,2.623891463414634
PEI5mgmL_80°C_Des.TXT,PEI5mgmL,80°C,Des,4663,15422.975,100.0,332530.0,6.427330487804878,3.803439024390244,2.6238914634146338
PEI5mgmL_80°C_Des.TXT,PEI5mgmL,80°C,Des,4664,15424.975,100.0,332530.0,6.427323170731707,3.803431707317073,2.623891463414634
PEI5mgmL_80°C_Des.TXT,PEI5mgmL,80°C,Des,4665,15427.975,100.0,332530.0,6.427312195121951,3.803420731707317,2.623891463414634
PEI5mgmL_80°C_Des.TXT,PEI5mgmL,80°C,Des,4666,15430.975,100.0,332530.0,6.427301219512195,3.803409756097561,2.623891463414634
PEI5mgmL_80°C_Des.TXT,PEI5mgmL,80°C,Des,4667,15432.975,100.0,332530.0,6.4272939024390245,3.8034024390243903,2.623891463414634
PEI5mgmL_80°C_Des.TXT,PEI5mgmL,80°C,Des,4668,15435.975,100.0,332530.0,6.427282926829268,3.803391463414634,2.623891463414634
PEI5mgmL_80°C_Des.TXT,PEI5mgmL,80°C,Des,4669,15437.975,100.0,332530.0,6.427275609756097,3.8033841463414633,2.6238914634146338
PEI5mgmL_80°C_Des.TXT,PEI5mgmL,80°C,Des,4670,15440.975,100.0,332530.0,6.427264634146342,3.8033731707317076,2.623891463414634
PEI5mgmL_80°C_Des.TXT,PEI5mgmL,80°C,Des,4671,15442.975,100.0,332530.0,6.42725731707317,3.8033658536585366,2.6238914634146338
PEI5mgmL_80°C_Des.TXT,PEI5mgmL,80°C,Des,4672,15445.975,100.0,332530.0,6.427246341463414,3.8033548780487805,2.6238914634146338
PEI5mgmL_80°C_Des.TXT,PEI5mgmL,80°C,Des,4673,15448.975,100.0,332530.0,6.427235365853658,3.8033439024390243,2.6238914634146338
PEI5mgmL_80°C_Des.TXT,PEI5mgmL,80°C,Des,4674,15450.975,100.0,332530.0,6.427228048780488,3.803336585365854,2.6238914634146338
PEI5mgmL_80°C_Des.TXT,PEI5mgmL,80°C,Des,4675,15455.975,100.0,332530.0,6.427209756097561,3.8033182926829268,2.623891463414634
PEI5mgmL_80°C_Des.TXT,PEI5mgmL,80°C,Des,4676,15458.975,100.0,332530.0,6.427198780487805,3.803307317073171,2.6238914634146338
PEI5mgmL_80°C_Des.TXT,PEI5mgmL,80°C,Des,4677,15460.975,100.0,332530.0,6.427191463414634,3.8033,2.623891463414634
PEI5mgmL_80°C_Des.TXT,PEI5mgmL,80°C,Des,4678,15463.975,100.0,332530.0,6.427180487804878,3.803292682926829,2.623887804878049
PEI5mgmL_80°C_Des.TXT,PEI5mgmL,80°C,Des,4679,15470.975,100.0,332530.0,6.427154878048781,3.803275609756098,2.6238792682926833
PEI5mgmL_80°C_Des.TXT,PEI5mgmL,80°C,Des,4680,15477.975,100.0,332530.0,6.427129268292683,3.803258536585366,2.623870731707317
PEI5mgmL_80°C_Des.TXT,PEI5mgmL,80°C,Des,4681,15485.975,100.0,332530.0,6.4271,3.803239024390244,2.623860975609756
PEI5mgmL_80°C_Des.TXT,PEI5mgmL,80°C,Des,4682,15488.975,100.0,332530.0,6.427096341463415,3.803231707317073,2.6238646341463414
PEI5mgmL_80°C_Des.TXT,PEI5mgmL,80°C,Des,4683,15491.975,100.0,332530.0,6.42709268292683,3.8032243902439027,2.623868292682927
PEI5mgmL_80°C_Des.TXT,PEI5mgmL,80°C,Des,4684,15493.975,100.0,332530.0,6.427090243902439,3.803219512195122,2.623870731707317
PEI5mgmL_80°C_Des.TXT,PEI5mgmL,80°C,Des,4685,15496.975,100.0,332530.0,6.427086585365854,3.8032121951219513,2.6238743902439023
PEI5mgmL_80°C_Des.TXT,PEI5mgmL,80°C,Des,4686,15498.975,100.0,332530.0,6.427084146341463,3.803207317073171,2.6238768292682924
PEI5mgmL_80°C_Des.TXT,PEI5mgmL,80°C,Des,4687,15503.975,100.0,332530.0,6.427078048780488,3.8031951219512194,2.6238829268292685
PEI5mgmL_80°C_Des.TXT,PEI5mgmL,80°C,Des,4688,15506.975,100.0,332530.0,6.427074390243902,3.803187804878049,2.6238865853658533
PEI5mgmL_80°C_Des.TXT,PEI5mgmL,80°C,Des,4689,15509.975,100.0,332530.0,6.4270707317073175,3.803180487804878,2.6238902439024394
PEI5mgmL_80°C_Des.TXT,PEI5mgmL,80°C,Des,4690,15512.975,100.0,332530.0,6.427067073170732,3.8031731707317076,2.623893902439024
PEI5mgmL_80°C_Des.TXT,PEI5mgmL,80°C,Des,4691,15514.975,100.0,332530.0,6.427064634146341,3.803168292682927,2.623896341463414
PEI5mgmL_80°C_Des.TXT,PEI5mgmL,80°C,Des,4692,15517.975,100.0,332530.0,6.4270609756097565,3.803160975609756,2.6239000000000003
PEI5mgmL_80°C_Des.TXT,PEI5mgmL,80°C,Des,4693,15519.975,100.0,332530.0,6.427058536585366,3.8031560975609757,2.6239024390243904
PEI5mgmL_80°C_Des.TXT,PEI5mgmL,80°C,Des,4694,15522.975,100.0,332530.0,6.42705487804878,3.803148780487805,2.6239060975609756
PEI5mgmL_80°C_Des.TXT,PEI5mgmL,80°C,Des,4695,15524.975,100.0,332530.0,6.42705243902439,3.8031439024390243,2.6239085365853656
PEI5mgmL_80°C_Des.TXT,PEI5mgmL,80°C,Des,4696,15527.975,100.0,332530.0,6.427048780487805,3.803136585365854,2.6239121951219513
PEI5mgmL_80°C_Des.TXT,PEI5mgmL,80°C,Des,4697,15529.975,100.0,332530.0,6.427046341463415,3.8031317073170734,2.6239146341463413
PEI5mgmL_80°C_Des.TXT,PEI5mgmL,80°C,Des,4698,15532.975,100.0,332530.0,6.427042682926829,3.8031243902439025,2.6239182926829265
PEI5mgmL_80°C_Des.TXT,PEI5mgmL,80°C,Des,4699,15537.975,100.0,332530.0,6.427036585365854,3.8031121951219515,2.6239243902439022
PEI5mgmL_80°C_Des.TXT,PEI5mgmL,80°C,Des,4700,15540.975,100.0,332530.0,6.427032926829268,3.8031048780487806,2.6239280487804875
PEI5mgmL_80°C_Des.TXT,PEI5mgmL,80°C,Des,4701,15542.975,100.0,332530.0,6.427030487804878,3.8031,2.6239304878048775
PEI5mgmL_80°C_Des.TXT,PEI5mgmL,80°C,Des,4702,15545.975,100.0,332530.0,6.427026829268293,3.8031,2.6239268292682927
PEI5mgmL_80°C_Des.TXT,PEI5mgmL,80°C,Des,4703,15552.975,100.0,332530.0,6.427018292682926,3.8031,2.623918292682926
PEI5mgmL_80°C_Des.TXT,PEI5mgmL,80°C,Des,4704,15559.975,100.0,332530.0,6.4270097560975605,3.8031,2.6239097560975604
PEI5mgmL_80°C_Des.TXT,PEI5mgmL,80°C,Des,4705,15567.975,100.0,332530.0,6.427,3.8031,2.6238999999999995
PEI5mgmL_80°C_Des.TXT,PEI5mgmL,80°C,Des,4706,15570.975,100.0,332530.0,6.426996341463414,3.8031,2.6238963414634138
PEI5mgmL_80°C_Des.TXT,PEI5mgmL,80°C,Des,4707,15572.975,100.0,332530.0,6.426993902439024,3.8031,2.623893902439024
PEI5mgmL_80°C_Des.TXT,PEI5mgmL,80°C,Des,4708,15575.975,100.0,332530.0,6.426990243902439,3.8031,2.6238902439024385
PEI5mgmL_80°C_Des.TXT,PEI5mgmL,80°C,Des,4709,15578.975,100.0,332530.0,6.426986585365853,3.8031,2.623886585365853
PEI5mgmL_80°C_Des.TXT,PEI5mgmL,80°C,Des,4710,15580.975,100.0,332530.0,6.426984146341463,3.8031,2.6238841463414633
PEI5mgmL_80°C_Des.TXT,PEI5mgmL,80°C,Des,4711,15585.975,100.0,332530.0,6.426978048780487,3.8031,2.623878048780487
PEI5mgmL_80°C_Des.TXT,PEI5mgmL,80°C,Des,4712,15588.975,100.0,332530.0,6.4269743902439025,3.8031,2.6238743902439023
PEI5mgmL_80°C_Des.TXT,PEI5mgmL,80°C,Des,4713,15590.975,100.0,332530.0,6.426971951219512,3.8031,2.623871951219512
PEI5mgmL_80°C_Des.TXT,PEI5mgmL,80°C,Des,4714,15593.975,100.0,332530.0,6.426968292682926,3.8031,2.623868292682926
PEI5mgmL_80°C_Des.TXT,PEI5mgmL,80°C,Des,4715,15595.975,100.0,332530.0,6.426965853658536,3.8031,2.6238658536585358
PEI5mgmL_80°C_Des.TXT,PEI5mgmL,80°C,Des,4716,15598.975,100.0,332530.0,6.426962195121951,3.8031,2.623862195121951
PEI5mgmL_80°C_Des.TXT,PEI5mgmL,80°C,Des,4717,15600.975,100.0,332530.0,6.426959756097561,3.8031,2.6238597560975605
PEI5mgmL_80°C_Des.TXT,PEI5mgmL,80°C,Des,4718,15603.975,100.0,332530.0,6.426956097560975,3.8031,2.623856097560975
PEI5mgmL_80°C_Des.TXT,PEI5mgmL,80°C,Des,4719,15606.975,100.0,332530.0,6.42695243902439,3.8031,2.62385243902439
PEI5mgmL_80°C_Des.TXT,PEI5mgmL,80°C,Des,4720,15609.975,100.0,332530.0,6.4269487804878045,3.8031,2.6238487804878043
PEI5mgmL_80°C_Des.TXT,PEI5mgmL,80°C,Des,4721,15611.975,100.0,332530.0,6.426946341463414,3.8031,2.623846341463414
PEI5mgmL_80°C_Des.TXT,PEI5mgmL,80°C,Des,4722,15614.975,100.0,332530.0,6.426942682926829,3.8031,2.623842682926829
PEI5mgmL_80°C_Des.TXT,PEI5mgmL,80°C,Des,4723,15619.975,100.0,332530.0,6.426936585365853,3.8031,2.623836585365853
PEI5mgmL_80°C_Des.TXT,PEI5mgmL,80°C,Des,4724,15621.975,100.0,332530.0,6.4269341463414635,3.8031,2.6238341463414634
PEI5mgmL_80°C_Des.TXT,PEI5mgmL,80°C,Des,4725,15624.975,100.0,332530.0,6.426930487804878,3.8031,2.6238304878048777
PEI5mgmL_80°C_Des.TXT,PEI5mgmL,80°C,Des,4726,15627.975,100.0,332530.0,6.426926829268292,3.8030851851851852,2.623841644083107
PEI5mgmL_80°C_Des.TXT,PEI5mgmL,80°C,Des,4727,15633.975,100.0,332530.0,6.426919512195122,3.803055555555556,2.623863956639566
PEI5mgmL_80°C_Des.TXT,PEI5mgmL,80°C,Des,4728,15641.975,100.0,332530.0,6.426909756097561,3.803016049382716,2.6238937067148447
PEI5mgmL_80°C_Des.TXT,PEI5mgmL,80°C,Des,4729,15649.975,100.0,332530.0,6.4269,3.8029765432098768,2.623923456790123
PEI5mgmL_80°C_Des.TXT,PEI5mgmL,80°C,Des,4730,15652.975,100.0,332530.0,6.426874074074074,3.802961728395062,2.623912345679012
PEI5mgmL_80°C_Des.TXT,PEI5mgmL,80°C,Des,4731,15654.975,100.0,332530.0,6.426856790123456,3.802951851851852,2.6239049382716044
PEI5mgmL_80°C_Des.TXT,PEI5mgmL,80°C,Des,4732,15657.975,100.0,332530.0,6.42683086419753,3.802937037037037,2.6238938271604932
PEI5mgmL_80°C_Des.TXT,PEI5mgmL,80°C,Des,4733,15660.975,100.0,332530.0,6.426804938271605,3.8029222222222225,2.6238827160493825
PEI5mgmL_80°C_Des.TXT,PEI5mgmL,80°C,Des,4734,15662.975,100.0,332530.0,6.426787654320988,3.8029123456790126,2.623875308641975
PEI5mgmL_80°C_Des.TXT,PEI5mgmL,80°C,Des,4735,15667.975,100.0,332530.0,6.426744444444444,3.8028876543209877,2.6238567901234564
PEI5mgmL_80°C_Des.TXT,PEI5mgmL,80°C,Des,4736,15670.975,100.0,332530.0,6.426718518518518,3.802872839506173,2.6238456790123452
PEI5mgmL_80°C_Des.TXT,PEI5mgmL,80°C,Des,4737,15672.975,100.0,332530.0,6.426701234567901,3.8028629629629633,2.6238382716049373
PEI5mgmL_80°C_Des.TXT,PEI5mgmL,80°C,Des,4738,15675.975,100.0,332530.0,6.4266753086419754,3.8028481481481484,2.623827160493827
PEI5mgmL_80°C_Des.TXT,PEI5mgmL,80°C,Des,4739,15677.975,100.0,332530.0,6.426658024691358,3.8028382716049385,2.6238197530864196
PEI5mgmL_80°C_Des.TXT,PEI5mgmL,80°C,Des,4740,15680.975,100.0,332530.0,6.426632098765432,3.8028234567901236,2.6238086419753084
PEI5mgmL_80°C_Des.TXT,PEI5mgmL,80°C,Des,4741,15682.975,100.0,332530.0,6.426614814814815,3.8028135802469136,2.623801234567901
PEI5mgmL_80°C_Des.TXT,PEI5mgmL,80°C,Des,4742,15685.975,100.0,332530.0,6.4265888888888885,3.802798765432099,2.6237901234567893
PEI5mgmL_80°C_Des.TXT,PEI5mgmL,80°C,Des,4743,15687.975,100.0,332530.0,6.426571604938271,3.802788888888889,2.623782716049382
PEI5mgmL_80°C_Des.TXT,PEI5mgmL,80°C,Des,4744,15690.975,100.0,332530.0,6.426545679012346,3.8027740740740743,2.6237716049382716
PEI5mgmL_80°C_Des.TXT,PEI5mgmL,80°C,Des,4745,15693.975,100.0,332530.0,6.42651975308642,3.8027592592592594,2.6237604938271604
PEI5mgmL_80°C_Des.TXT,PEI5mgmL,80°C,Des,4746,15695.975,100.0,332530.0,6.426502469135802,3.8027493827160495,2.623753086419753
PEI5mgmL_80°C_Des.TXT,PEI5mgmL,80°C,Des,4747,15700.975,100.0,332530.0,6.426459259259259,3.802724691358025,2.623734567901234
PEI5mgmL_80°C_Des.TXT,PEI5mgmL,80°C,Des,4748,15703.975,100.0,332530.0,6.426433333333333,3.80270987654321,2.6237234567901226
PEI5mgmL_80°C_Des.TXT,PEI5mgmL,80°C,Des,4749,15705.975,100.0,332530.0,6.426416049382715,3.8027,2.623716049382715
PEI5mgmL_80°C_Des.TXT,PEI5mgmL,80°C,Des,4750,15708.975,100.0,332530.0,6.42639012345679,3.8027,2.62369012345679
PEI5mgmL_80°C_Des.TXT,PEI5mgmL,80°C,Des,4751,15715.975,100.0,332530.0,6.426329629629629,3.8027,2.623629629629629
PEI5mgmL_80°C_Des.TXT,PEI5mgmL,80°C,Des,4752,15723.975,100.0,332530.0,6.426260493827161,3.8027,2.6235604938271604
PEI5mgmL_80°C_Des.TXT,PEI5mgmL,80°C,Des,4753,15730.975,100.0,332530.0,6.4262,3.8027,2.6234999999999995
PEI5mgmL_80°C_Des.TXT,PEI5mgmL,80°C,Des,4754,15733.975,100.0,332530.0,6.426203658536585,3.8027,2.623503658536585
PEI5mgmL_80°C_Des.TXT,PEI5mgmL,80°C,Des,4755,15735.975,100.0,332530.0,6.426206097560975,3.8027,2.6235060975609747
PEI5mgmL_80°C_Des.TXT,PEI5mgmL,80°C,Des,4756,15738.975,100.0,332530.0,6.426209756097561,3.8027,2.6235097560975604
PEI5mgmL_80°C_Des.TXT,PEI5mgmL,80°C,Des,4757,15741.975,100.0,332530.0,6.426213414634146,3.8027,2.623513414634146
PEI5mgmL_80°C_Des.TXT,PEI5mgmL,80°C,Des,4758,15743.975,100.0,332530.0,6.426215853658537,3.8027,2.6235158536585366
PEI5mgmL_80°C_Des.TXT,PEI5mgmL,80°C,Des,4759,15748.975,100.0,332530.0,6.426221951219512,3.8027,2.623521951219512
PEI5mgmL_80°C_Des.TXT,PEI5mgmL,80°C,Des,4760,15751.975,100.0,332530.0,6.426225609756098,3.8027,2.6235256097560975
PEI5mgmL_80°C_Des.TXT,PEI5mgmL,80°C,Des,4761,15753.975,100.0,332530.0,6.426228048780487,3.8027,2.623528048780487
PEI5mgmL_80°C_Des.TXT,PEI5mgmL,80°C,Des,4762,15756.975,100.0,332530.0,6.426231707317073,3.8027,2.6235317073170727
PEI5mgmL_80°C_Des.TXT,PEI5mgmL,80°C,Des,4763,15758.975,100.0,332530.0,6.426234146341463,3.8027,2.623534146341463
PEI5mgmL_80°C_Des.TXT,PEI5mgmL,80°C,Des,4764,15761.975,100.0,332530.0,6.426237804878049,3.8027,2.623537804878049
PEI5mgmL_80°C_Des.TXT,PEI5mgmL,80°C,Des,4765,15763.975,100.0,332530.0,6.426240243902439,3.8027,2.6235402439024385
PEI5mgmL_80°C_Des.TXT,PEI5mgmL,80°C,Des,4766,15766.975,100.0,332530.0,6.426243902439024,3.8027,2.623543902439024
PEI5mgmL_80°C_Des.TXT,PEI5mgmL,80°C,Des,4767,15769.975,100.0,332530.0,6.42624756097561,3.8027,2.62354756097561
PEI5mgmL_80°C_Des.TXT,PEI5mgmL,80°C,Des,4768,15771.975,100.0,332530.0,6.4262500000000005,3.8027,2.6235500000000003
PEI5mgmL_80°C_Des.TXT,PEI5mgmL,80°C,Des,4769,15774.975,100.0,332530.0,6.426253658536585,3.8027,2.623553658536585
PEI5mgmL_80°C_Des.TXT,PEI5mgmL,80°C,Des,4770,15777.975,100.0,332530.0,6.426257317073171,3.8027,2.6235573170731707
PEI5mgmL_80°C_Des.TXT,PEI5mgmL,80°C,Des,4771,15782.975,100.0,332530.0,6.426263414634146,3.8027,2.623563414634146
PEI5mgmL_80°C_Des.TXT,PEI5mgmL,80°C,Des,4772,15784.975,100.0,332530.0,6.426265853658537,3.8027,2.6235658536585365
PEI5mgmL_80°C_Des.TXT,PEI5mgmL,80°C,Des,4773,15787.975,100.0,332530.0,6.426269512195122,3.8027,2.623569512195122
PEI5mgmL_80°C_Des.TXT,PEI5mgmL,80°C,Des,4774,15790.975,100.0,332530.0,6.426273170731707,3.802707317073171,2.623565853658536
PEI5mgmL_80°C_Des.TXT,PEI5mgmL,80°C,Des,4775,15796.975,100.0,332530.0,6.4262804878048785,3.8027219512195125,2.623558536585366
PEI5mgmL_80°C_Des.TXT,PEI5mgmL,80°C,Des,4776,15804.975,100.0,332530.0,6.426290243902439,3.8027414634146344,2.623548780487805
PEI5mgmL_80°C_Des.TXT,PEI5mgmL,80°C,Des,4777,15812.975,100.0,332530.0,6.4263,3.8027609756097562,2.623539024390244
PEI5mgmL_80°C_Des.TXT,PEI5mgmL,80°C,Des,4778,15814.975,100.0,332530.0,6.426295121951219,3.8027658536585367,2.6235292682926827
PEI5mgmL_80°C_Des.TXT,PEI5mgmL,80°C,Des,4779,15817.975,100.0,332530.0,6.426287804878049,3.8027731707317076,2.6235146341463413
PEI5mgmL_80°C_Des.TXT,PEI5mgmL,80°C,Des,4780,15820.975,100.0,332530.0,6.4262804878048785,3.802780487804878,2.6235000000000004
PEI5mgmL_80°C_Des.TXT,PEI5mgmL,80°C,Des,4781,15822.975,100.0,332530.0,6.426275609756098,3.8027853658536586,2.623490243902439
PEI5mgmL_80°C_Des.TXT,PEI5mgmL,80°C,Des,4782,15825.975,100.0,332530.0,6.426268292682927,3.8027926829268295,2.6234756097560976
PEI5mgmL_80°C_Des.TXT,PEI5mgmL,80°C,Des,4783,15830.975,100.0,332530.0,6.426256097560976,3.802804878048781,2.623451219512195
PEI5mgmL_80°C_Des.TXT,PEI5mgmL,80°C,Des,4784,15833.975,100.0,332530.0,6.426248780487805,3.8028121951219513,2.623436585365854
PEI5mgmL_80°C_Des.TXT,PEI5mgmL,80°C,Des,4785,15835.975,100.0,332530.0,6.426243902439024,3.802817073170732,2.6234268292682925
PEI5mgmL_80°C_Des.TXT,PEI5mgmL,80°C,Des,4786,15838.975,100.0,332530.0,6.426236585365854,3.8028243902439027,2.623412195121951
PEI5mgmL_80°C_Des.TXT,PEI5mgmL,80°C,Des,4787,15841.975,100.0,332530.0,6.426229268292683,3.802831707317073,2.62339756097561
PEI5mgmL_80°C_Des.TXT,PEI5mgmL,80°C,Des,4788,15843.975,100.0,332530.0,6.4262243902439025,3.8028365853658537,2.623387804878049
PEI5mgmL_80°C_Des.TXT,PEI5mgmL,80°C,Des,4789,15846.975,100.0,332530.0,6.426217073170732,3.8028439024390246,2.6233731707317074
PEI5mgmL_80°C_Des.TXT,PEI5mgmL,80°C,Des,4790,15848.975,100.0,332530.0,6.426212195121951,3.802848780487805,2.623363414634146
PEI5mgmL_80°C_Des.TXT,PEI5mgmL,80°C,Des,4791,15851.975,100.0,332530.0,6.426204878048781,3.802856097560976,2.6233487804878046
PEI5mgmL_80°C_Des.TXT,PEI5mgmL,80°C,Des,4792,15853.975,100.0,332530.0,6.4262,3.8028609756097564,2.6233390243902432
PEI5mgmL_80°C_Des.TXT,PEI5mgmL,80°C,Des,4793,15856.975,100.0,332530.0,6.426192682926829,3.802868292682927,2.6233243902439023
PEI5mgmL_80°C_Des.TXT,PEI5mgmL,80°C,Des,4794,15859.975,100.0,332530.0,6.426185365853659,3.802875609756098,2.623309756097561
PEI5mgmL_80°C_Des.TXT,PEI5mgmL,80°C,Des,4795,15864.975,100.0,332530.0,6.426173170731707,3.802887804878049,2.6232853658536586
PEI5mgmL_80°C_Des.TXT,PEI5mgmL,80°C,Des,4796,15866.975,100.0,332530.0,6.426168292682927,3.8028926829268292,2.623275609756098
PEI5mgmL_80°C_Des.TXT,PEI5mgmL,80°C,Des,4797,15869.975,100.0,332530.0,6.426160975609756,3.8029,2.623260975609756
PEI5mgmL_80°C_Des.TXT,PEI5mgmL,80°C,Des,4798,15872.975,100.0,332530.0,6.4261536585365855,3.8028855421686747,2.623268116367911
PEI5mgmL_80°C_Des.TXT,PEI5mgmL,80°C,Des,4799,15878.975,100.0,332530.0,6.426139024390244,3.802856626506024,2.6232823978842195
PEI5mgmL_80°C_Des.TXT,PEI5mgmL,80°C,Des,4800,15886.975,100.0,332530.0,6.426119512195122,3.8028180722891567,2.623301439905965
PEI5mgmL_80°C_Des.TXT,PEI5mgmL,80°C,Des,4801,15894.975,100.0,332530.0,6.4261,3.802779518072289,2.6233204819277107
PEI5mgmL_80°C_Des.TXT,PEI5mgmL,80°C,Des,4802,15897.975,100.0,332530.0,6.426089156626506,3.802765060240964,2.6233240963855415
PEI5mgmL_80°C_Des.TXT,PEI5mgmL,80°C,Des,4803,15899.975,100.0,332530.0,6.426081927710843,3.802755421686747,2.623326506024096
PEI5mgmL_80°C_Des.TXT,PEI5mgmL,80°C,Des,4804,15902.975,100.0,332530.0,6.426071084337349,3.8027409638554217,2.6233301204819273
PEI5mgmL_80°C_Des.TXT,PEI5mgmL,80°C,Des,4805,15905.975,100.0,332530.0,6.426060240963856,3.8027265060240967,2.623333734939759
PEI5mgmL_80°C_Des.TXT,PEI5mgmL,80°C,Des,4806,15907.975,100.0,332530.0,6.426053012048192,3.8027168674698797,2.6233361445783125
PEI5mgmL_80°C_Des.TXT,PEI5mgmL,80°C,Des,4807,15912.975,100.0,332530.0,6.426034939759036,3.8026927710843377,2.6233421686746987
PEI5mgmL_80°C_Des.TXT,PEI5mgmL,80°C,Des,4808,15915.975,100.0,332530.0,6.426024096385542,3.802678313253012,2.62334578313253
PEI5mgmL_80°C_Des.TXT,PEI5mgmL,80°C,Des,4809,15917.975,100.0,332530.0,6.42601686746988,3.802668674698795,2.6233481927710844
PEI5mgmL_80°C_Des.TXT,PEI5mgmL,80°C,Des,4810,15920.975,100.0,332530.0,6.426006024096385,3.80265421686747,2.6233518072289153
PEI5mgmL_80°C_Des.TXT,PEI5mgmL,80°C,Des,4811,15923.975,100.0,332530.0,6.425995180722891,3.8026397590361447,2.6233554216867465
PEI5mgmL_80°C_Des.TXT,PEI5mgmL,80°C,Des,4812,15925.975,100.0,332530.0,6.425987951807229,3.8026301204819277,2.623357831325301
PEI5mgmL_80°C_Des.TXT,PEI5mgmL,80°C,Des,4813,15928.975,100.0,332530.0,6.4259771084337345,3.8026156626506027,2.623361445783132
PEI5mgmL_80°C_Des.TXT,PEI5mgmL,80°C,Des,4814,15931.975,100.0,332530.0,6.425966265060241,3.802601204819277,2.623365060240964
PEI5mgmL_80°C_Des.TXT,PEI5mgmL,80°C,Des,4815,15933.975,100.0,332530.0,6.425959036144578,3.8025915662650602,2.6233674698795175
PEI5mgmL_80°C_Des.TXT,PEI5mgmL,80°C,Des,4816,15936.975,100.0,332530.0,6.425948192771084,3.802577108433735,2.6233710843373492
PEI5mgmL_80°C_Des.TXT,PEI5mgmL,80°C,Des,4817,15939.975,100.0,332530.0,6.42593734939759,3.8025626506024097,2.6233746987951805
PEI5mgmL_80°C_Des.TXT,PEI5mgmL,80°C,Des,4818,15941.975,100.0,332530.0,6.425930120481928,3.802553012048193,2.6233771084337345
PEI5mgmL_80°C_Des.TXT,PEI5mgmL,80°C,Des,4819,15947.975,100.0,332530.0,6.425908433734939,3.8025240963855422,2.623384337349397
PEI5mgmL_80°C_Des.TXT,PEI5mgmL,80°C,Des,4820,15949.975,100.0,332530.0,6.425901204819277,3.8025144578313257,2.623386746987951
PEI5mgmL_80°C_Des.TXT,PEI5mgmL,80°C,Des,4821,15952.975,100.0,332530.0,6.4258903614457825,3.8025,2.6233903614457823
PEI5mgmL_80°C_Des.TXT,PEI5mgmL,80°C,Des,4822,15955.975,100.0,332530.0,6.425879518072289,3.802496385542169,2.6233831325301202
PEI5mgmL_80°C_Des.TXT,PEI5mgmL,80°C,Des,4823,15962.975,100.0,332530.0,6.42585421686747,3.802487951807229,2.6233662650602407
PEI5mgmL_80°C_Des.TXT,PEI5mgmL,80°C,Des,4824,15969.975,100.0,332530.0,6.425828915662651,3.8024795180722895,2.6233493975903612
PEI5mgmL_80°C_Des.TXT,PEI5mgmL,80°C,Des,4825,15977.975,100.0,332530.0,6.4258,3.8024698795180725,2.6233301204819273
PEI5mgmL_80°C_Des.TXT,PEI5mgmL,80°C,Des,4826,15980.975,100.0,332530.0,6.4258,3.802466265060241,2.6233337349397585
PEI5mgmL_80°C_Des.TXT,PEI5mgmL,80°C,Des,4827,15982.975,100.0,332530.0,6.4258,3.8024638554216867,2.623336144578313
PEI5mgmL_80°C_Des.TXT,PEI5mgmL,80°C,Des,4828,15985.975,100.0,332530.0,6.4258,3.8024602409638555,2.6233397590361442
PEI5mgmL_80°C_Des.TXT,PEI5mgmL,80°C,Des,4829,15987.975,100.0,332530.0,6.4258,3.8024578313253015,2.6233421686746983
PEI5mgmL_80°C_Des.TXT,PEI5mgmL,80°C,Des,4830,15990.975,100.0,332530.0,6.4258,3.80245421686747,2.6233457831325295
PEI5mgmL_80°C_Des.TXT,PEI5mgmL,80°C,Des,4831,15995.975,100.0,332530.0,6.4258,3.8024481927710845,2.6233518072289153
PEI5mgmL_80°C_Des.TXT,PEI5mgmL,80°C,Des,4832,15998.975,100.0,332530.0,6.4258,3.802444578313253,2.6233554216867465
PEI5mgmL_80°C_Des.TXT,PEI5mgmL,80°C,Des,4833,16001.975,100.0,332530.0,6.4258,3.802440963855422,2.6233590361445778
PEI5mgmL_80°C_Des.TXT,PEI5mgmL,80°C,Des,4834,16003.975,100.0,332530.0,6.4258,3.8024385542168675,2.6233614457831322
PEI5mgmL_80°C_Des.TXT,PEI5mgmL,80°C,Des,4835,16006.975,100.0,332530.0,6.4258,3.8024349397590362,2.6233650602409635
PEI5mgmL_80°C_Des.TXT,PEI5mgmL,80°C,Des,4836,16009.975,100.0,332530.0,6.4258,3.802431325301205,2.6233686746987948
PEI5mgmL_80°C_Des.TXT,PEI5mgmL,80°C,Des,4837,16011.975,100.0,332530.0,6.4258,3.8024289156626505,2.6233710843373492
PEI5mgmL_80°C_Des.TXT,PEI5mgmL,80°C,Des,4838,16014.975,100.0,332530.0,6.4258,3.8024253012048193,2.6233746987951805
PEI5mgmL_80°C_Des.TXT,PEI5mgmL,80°C,Des,4839,16016.975,100.0,332530.0,6.4258,3.8024228915662652,2.6233771084337345
PEI5mgmL_80°C_Des.TXT,PEI5mgmL,80°C,Des,4840,16019.975,100.0,332530.0,6.4258,3.802419277108434,2.6233807228915658
PEI5mgmL_80°C_Des.TXT,PEI5mgmL,80°C,Des,4841,16021.975,100.0,332530.0,6.4258,3.8024168674698795,2.6233831325301202
PEI5mgmL_80°C_Des.TXT,PEI5mgmL,80°C,Des,4842,16024.975,100.0,332530.0,6.4258,3.8024132530120482,2.6233867469879515
PEI5mgmL_80°C_Des.TXT,PEI5mgmL,80°C,Des,4843,16029.975,100.0,332530.0,6.4258,3.8024072289156625,2.623392771084337
PEI5mgmL_80°C_Des.TXT,PEI5mgmL,80°C,Des,4844,16032.975,100.0,332530.0,6.4258,3.8024036144578313,2.6233963855421685
PEI5mgmL_80°C_Des.TXT,PEI5mgmL,80°C,Des,4845,16035.975,100.0,332530.0,6.4258,3.8024,2.6233999999999997
PEI5mgmL_80°C_Des.TXT,PEI5mgmL,80°C,Des,4846,16037.975,100.0,332530.0,6.4258,3.8023951219512195,2.62340487804878
PEI5mgmL_80°C_Des.TXT,PEI5mgmL,80°C,Des,4847,16044.975,100.0,332530.0,6.4258,3.8023780487804877,2.623421951219512
PEI5mgmL_80°C_Des.TXT,PEI5mgmL,80°C,Des,4848,16051.975,100.0,332530.0,6.4258,3.8023609756097563,2.6234390243902435
PEI5mgmL_80°C_Des.TXT,PEI5mgmL,80°C,Des,4849,16060.975,100.0,332530.0,6.4258,3.802339024390244,2.6234609756097558
PEI5mgmL_80°C_Des.TXT,PEI5mgmL,80°C,Des,4850,16062.975,100.0,332530.0,6.425792682926829,3.8023341463414635,2.6234585365853658
PEI5mgmL_80°C_Des.TXT,PEI5mgmL,80°C,Des,4851,16065.975,100.0,332530.0,6.425781707317073,3.8023268292682926,2.6234548780487805
PEI5mgmL_80°C_Des.TXT,PEI5mgmL,80°C,Des,4852,16068.975,100.0,332530.0,6.425770731707317,3.802319512195122,2.623451219512195
PEI5mgmL_80°C_Des.TXT,PEI5mgmL,80°C,Des,4853,16070.975,100.0,332530.0,6.4257634146341465,3.8023146341463416,2.623448780487805
PEI5mgmL_80°C_Des.TXT,PEI5mgmL,80°C,Des,4854,16073.975,100.0,332530.0,6.42575243902439,3.8023073170731707,2.6234451219512196
PEI5mgmL_80°C_Des.TXT,PEI5mgmL,80°C,Des,4855,16078.975,100.0,332530.0,6.425734146341464,3.8022951219512193,2.6234390243902443
PEI5mgmL_80°C_Des.TXT,PEI5mgmL,80°C,Des,4856,16080.975,100.0,332530.0,6.425726829268292,3.802290243902439,2.6234365853658534
PEI5mgmL_80°C_Des.TXT,PEI5mgmL,80°C,Des,4857,16083.975,100.0,332530.0,6.425715853658536,3.8022829268292684,2.6234329268292678
PEI5mgmL_80°C_Des.TXT,PEI5mgmL,80°C,Des,4858,16086.975,100.0,332530.0,6.425704878048781,3.8022756097560975,2.6234292682926834
PEI5mgmL_80°C_Des.TXT,PEI5mgmL,80°C,Des,4859,16088.975,100.0,332530.0,6.4256975609756095,3.802270731707317,2.6234268292682925
PEI5mgmL_80°C_Des.TXT,PEI5mgmL,80°C,Des,4860,16091.975,100.0,332530.0,6.425686585365853,3.8022634146341465,2.623423170731707
PEI5mgmL_80°C_Des.TXT,PEI5mgmL,80°C,Des,4861,16093.975,100.0,332530.0,6.425679268292683,3.802258536585366,2.623420731707317
PEI5mgmL_80°C_Des.TXT,PEI5mgmL,80°C,Des,4862,16096.975,100.0,332530.0,6.425668292682927,3.802251219512195,2.6234170731707316
PEI5mgmL_80°C_Des.TXT,PEI5mgmL,80°C,Des,4863,16099.975,100.0,332530.0,6.425657317073171,3.802243902439024,2.6234134146341463
PEI5mgmL_80°C_Des.TXT,PEI5mgmL,80°C,Des,4864,16101.975,100.0,332530.0,6.42565,3.8022390243902437,2.6234109756097563
PEI5mgmL_80°C_Des.TXT,PEI5mgmL,80°C,Des,4865,16104.975,100.0,332530.0,6.425639024390244,3.8022317073170733,2.6234073170731707
PEI5mgmL_80°C_Des.TXT,PEI5mgmL,80°C,Des,4866,16107.975,100.0,332530.0,6.425628048780488,3.8022243902439024,2.6234036585365854
PEI5mgmL_80°C_Des.TXT,PEI5mgmL,80°C,Des,4867,16112.975,100.0,332530.0,6.425609756097561,3.8022121951219514,2.6233975609756097
PEI5mgmL_80°C_Des.TXT,PEI5mgmL,80°C,Des,4868,16114.975,100.0,332530.0,6.425602439024391,3.802207317073171,2.6233951219512197
PEI5mgmL_80°C_Des.TXT,PEI5mgmL,80°C,Des,4869,16117.975,100.0,332530.0,6.4255914634146345,3.8022,2.6233914634146345
PEI5mgmL_80°C_Des.TXT,PEI5mgmL,80°C,Des,4870,16120.975,100.0,332530.0,6.425580487804878,3.802196341463415,2.6233841463414636
PEI5mgmL_80°C_Des.TXT,PEI5mgmL,80°C,Des,4871,16127.975,100.0,332530.0,6.425554878048781,3.8021878048780486,2.6233670731707326
PEI5mgmL_80°C_Des.TXT,PEI5mgmL,80°C,Des,4872,16134.975,100.0,332530.0,6.425529268292683,3.802179268292683,2.6233500000000003
PEI5mgmL_80°C_Des.TXT,PEI5mgmL,80°C,Des,4873,16142.975,100.0,332530.0,6.4255,3.802169512195122,2.6233304878048784
PEI5mgmL_80°C_Des.TXT,PEI5mgmL,80°C,Des,4874,16145.975,100.0,332530.0,6.4255,3.8021658536585363,2.623334146341464
PEI5mgmL_80°C_Des.TXT,PEI5mgmL,80°C,Des,4875,16147.975,100.0,332530.0,6.4255,3.8021634146341463,2.623336585365854
PEI5mgmL_80°C_Des.TXT,PEI5mgmL,80°C,Des,4876,16150.975,100.0,332530.0,6.4255,3.802159756097561,2.6233402439024394
PEI5mgmL_80°C_Des.TXT,PEI5mgmL,80°C,Des,4877,16153.975,100.0,332530.0,6.4255,3.8021560975609754,2.623343902439025
PEI5mgmL_80°C_Des.TXT,PEI5mgmL,80°C,Des,4878,16155.975,100.0,332530.0,6.4255,3.8021536585365854,2.623346341463415
PEI5mgmL_80°C_Des.TXT,PEI5mgmL,80°C,Des,4879,16160.975,100.0,332530.0,6.4255,3.8021475609756097,2.6233524390243907
PEI5mgmL_80°C_Des.TXT,PEI5mgmL,80°C,Des,4880,16163.975,100.0,332530.0,6.4255,3.8021439024390244,2.623356097560976
PEI5mgmL_80°C_Des.TXT,PEI5mgmL,80°C,Des,4881,16166.975,100.0,332530.0,6.4255,3.8021402439024388,2.6233597560975617
PEI5mgmL_80°C_Des.TXT,PEI5mgmL,80°C,Des,4882,16168.975,100.0,332530.0,6.4255,3.8021378048780488,2.6233621951219517
PEI5mgmL_80°C_Des.TXT,PEI5mgmL,80°C,Des,4883,16171.975,100.0,332530.0,6.4255,3.8021341463414635,2.623365853658537
PEI5mgmL_80°C_Des.TXT,PEI5mgmL,80°C,Des,4884,16174.975,100.0,332530.0,6.4255,3.802130487804878,2.6233695121951226
PEI5mgmL_80°C_Des.TXT,PEI5mgmL,80°C,Des,4885,16176.975,100.0,332530.0,6.4255,3.802128048780488,2.6233719512195126
PEI5mgmL_80°C_Des.TXT,PEI5mgmL,80°C,Des,4886,16179.975,100.0,332530.0,6.4255,3.802124390243902,2.6233756097560983
PEI5mgmL_80°C_Des.TXT,PEI5mgmL,80°C,Des,4887,16181.975,100.0,332530.0,6.4255,3.802121951219512,2.6233780487804883
PEI5mgmL_80°C_Des.TXT,PEI5mgmL,80°C,Des,4888,16184.975,100.0,332530.0,6.4255,3.802118292682927,2.6233817073170735
PEI5mgmL_80°C_Des.TXT,PEI5mgmL,80°C,Des,4889,16186.975,100.0,332530.0,6.4255,3.8021158536585364,2.623384146341464
PEI5mgmL_80°C_Des.TXT,PEI5mgmL,80°C,Des,4890,16189.975,100.0,332530.0,6.4255,3.802112195121951,2.6233878048780492
PEI5mgmL_80°C_Des.TXT,PEI5mgmL,80°C,Des,4891,16194.975,100.0,332530.0,6.4255,3.8021060975609755,2.623393902439025
PEI5mgmL_80°C_Des.TXT,PEI5mgmL,80°C,Des,4892,16196.975,100.0,332530.0,6.4255,3.802103658536585,2.6233963414634154
PEI5mgmL_80°C_Des.TXT,PEI5mgmL,80°C,Des,4893,16199.975,100.0,332530.0,6.4255,3.8021,2.6234000000000006
PEI5mgmL_80°C_Des.TXT,PEI5mgmL,80°C,Des,4894,16202.975,100.0,332530.0,6.4255,3.802092682926829,2.6234073170731715
PEI5mgmL_80°C_Des.TXT,PEI5mgmL,80°C,Des,4895,16208.975,100.0,332530.0,6.4255,3.8020780487804875,2.623421951219513
PEI5mgmL_80°C_Des.TXT,PEI5mgmL,80°C,Des,4896,16216.975,100.0,332530.0,6.4255,3.8020585365853656,2.623441463414635
PEI5mgmL_80°C_Des.TXT,PEI5mgmL,80°C,Des,4897,16224.975,100.0,332530.0,6.4255,3.8020390243902438,2.6234609756097567
PEI5mgmL_80°C_Des.TXT,PEI5mgmL,80°C,Des,4898,16226.975,100.0,332530.0,6.4255,3.8020341463414633,2.623465853658537
PEI5mgmL_80°C_Des.TXT,PEI5mgmL,80°C,Des,4899,16229.975,100.0,332530.0,6.4255,3.8020268292682924,2.623473170731708
PEI5mgmL_80°C_Des.TXT,PEI5mgmL,80°C,Des,4900,16232.975,100.0,332530.0,6.4255,3.802019512195122,2.6234804878048785
PEI5mgmL_80°C_Des.TXT,PEI5mgmL,80°C,Des,4901,16234.975,100.0,332530.0,6.4255,3.8020146341463414,2.623485365853659
PEI5mgmL_80°C_Des.TXT,PEI5mgmL,80°C,Des,4902,16237.975,100.0,332530.0,6.4255,3.8020073170731705,2.62349268292683
PEI5mgmL_80°C_Des.TXT,PEI5mgmL,80°C,Des,4903,16242.975,100.0,332530.0,6.4255,3.801995121951219,2.6235048780487813
PEI5mgmL_80°C_Des.TXT,PEI5mgmL,80°C,Des,4904,16245.975,100.0,332530.0,6.4255,3.8019878048780487,2.6235121951219518
PEI5mgmL_80°C_Des.TXT,PEI5mgmL,80°C,Des,4905,16247.975,100.0,332530.0,6.4255,3.801982926829268,2.6235170731707322
PEI5mgmL_80°C_Des.TXT,PEI5mgmL,80°C,Des,4906,16250.975,100.0,332530.0,6.4255,3.8019756097560973,2.623524390243903
PEI5mgmL_80°C_Des.TXT,PEI5mgmL,80°C,Des,4907,16253.975,100.0,332530.0,6.4255,3.801968292682927,2.6235317073170736
PEI5mgmL_80°C_Des.TXT,PEI5mgmL,80°C,Des,4908,16255.975,100.0,332530.0,6.4255,3.8019634146341463,2.623536585365854
PEI5mgmL_80°C_Des.TXT,PEI5mgmL,80°C,Des,4909,16258.975,100.0,332530.0,6.4255,3.8019560975609754,2.623543902439025
PEI5mgmL_80°C_Des.TXT,PEI5mgmL,80°C,Des,4910,16260.975,100.0,332530.0,6.4255,3.801951219512195,2.6235487804878055
PEI5mgmL_80°C_Des.TXT,PEI5mgmL,80°C,Des,4911,16263.975,100.0,332530.0,6.4255,3.801943902439024,2.6235560975609764
PEI5mgmL_80°C_Des.TXT,PEI5mgmL,80°C,Des,4912,16265.975,100.0,332530.0,6.4255,3.8019390243902436,2.623560975609757
PEI5mgmL_80°C_Des.TXT,PEI5mgmL,80°C,Des,4913,16268.975,100.0,332530.0,6.4255,3.801931707317073,2.6235682926829273
PEI5mgmL_80°C_Des.TXT,PEI5mgmL,80°C,Des,4914,16271.975,100.0,332530.0,6.4255,3.801924390243902,2.6235756097560983
PEI5mgmL_80°C_Des.TXT,PEI5mgmL,80°C,Des,4915,16276.975,100.0,332530.0,6.4255,3.801912195121951,2.623587804878049
PEI5mgmL_80°C_Des.TXT,PEI5mgmL,80°C,Des,4916,16278.975,100.0,332530.0,6.4255,3.8019073170731708,2.6235926829268297
PEI5mgmL_80°C_Des.TXT,PEI5mgmL,80°C,Des,4917,16281.975,100.0,332530.0,6.4255,3.8019,2.6236000000000006
PEI5mgmL_80°C_Des.TXT,PEI5mgmL,80°C,Des,4918,16284.975,100.0,332530.0,6.4255,3.8018927710843373,2.623607228915663
PEI5mgmL_80°C_Des.TXT,PEI5mgmL,80°C,Des,4919,16290.975,100.0,332530.0,6.4255,3.801878313253012,2.6236216867469886
PEI5mgmL_80°C_Des.TXT,PEI5mgmL,80°C,Des,4920,16298.975,100.0,332530.0,6.4255,3.8018590361445783,2.623640963855422
PEI5mgmL_80°C_Des.TXT,PEI5mgmL,80°C,Des,4921,16306.975,100.0,332530.0,6.4255,3.8018397590361444,2.623660240963856
PEI5mgmL_80°C_Des.TXT,PEI5mgmL,80°C,Des,4922,16309.975,100.0,332530.0,6.425485365853659,3.801832530120482,2.6236528357331768
PEI5mgmL_80°C_Des.TXT,PEI5mgmL,80°C,Des,4923,16312.975,100.0,332530.0,6.425470731707318,3.8018253012048193,2.6236454305024983
PEI5mgmL_80°C_Des.TXT,PEI5mgmL,80°C,Des,4924,16314.975,100.0,332530.0,6.425460975609757,3.801820481927711,2.623640493682046
PEI5mgmL_80°C_Des.TXT,PEI5mgmL,80°C,Des,4925,16317.975,100.0,332530.0,6.425446341463415,3.801813253012048,2.623633088451367
PEI5mgmL_80°C_Des.TXT,PEI5mgmL,80°C,Des,4926,16319.975,100.0,332530.0,6.425436585365854,3.80180843373494,2.623628151630914
PEI5mgmL_80°C_Des.TXT,PEI5mgmL,80°C,Des,4927,16325.975,100.0,332530.0,6.425407317073171,3.8017939759036143,2.623613341169557
PEI5mgmL_80°C_Des.TXT,PEI5mgmL,80°C,Des,4928,16327.975,100.0,332530.0,6.42539756097561,3.801789156626506,2.6236084043491044
PEI5mgmL_80°C_Des.TXT,PEI5mgmL,80°C,Des,4929,16330.975,100.0,332530.0,6.425382926829268,3.8017819277108433,2.623600999118425
PEI5mgmL_80°C_Des.TXT,PEI5mgmL,80°C,Des,4930,16332.975,100.0,332530.0,6.425373170731707,3.801777108433735,2.6235960622979726
PEI5mgmL_80°C_Des.TXT,PEI5mgmL,80°C,Des,4931,16335.975,100.0,332530.0,6.425358536585366,3.8017698795180723,2.6235886570672933
PEI5mgmL_80°C_Des.TXT,PEI5mgmL,80°C,Des,4932,16337.975,100.0,332530.0,6.425348780487805,3.801765060240964,2.623583720246841
PEI5mgmL_80°C_Des.TXT,PEI5mgmL,80°C,Des,4933,16340.975,100.0,332530.0,6.425334146341464,3.801757831325301,2.623576315016163
PEI5mgmL_80°C_Des.TXT,PEI5mgmL,80°C,Des,4934,16343.975,100.0,332530.0,6.425319512195122,3.8017506024096384,2.6235689097854835
PEI5mgmL_80°C_Des.TXT,PEI5mgmL,80°C,Des,4935,16345.975,100.0,332530.0,6.425309756097561,3.80174578313253,2.623563972965031
PEI5mgmL_80°C_Des.TXT,PEI5mgmL,80°C,Des,4936,16348.975,100.0,332530.0,6.425295121951219,3.8017385542168673,2.6235565677343518
PEI5mgmL_80°C_Des.TXT,PEI5mgmL,80°C,Des,4937,16350.975,100.0,332530.0,6.425285365853658,3.801733734939759,2.6235516309138993
PEI5mgmL_80°C_Des.TXT,PEI5mgmL,80°C,Des,4938,16353.975,100.0,332530.0,6.425270731707317,3.8017265060240963,2.623544225683221
PEI5mgmL_80°C_Des.TXT,PEI5mgmL,80°C,Des,4939,16358.975,100.0,332530.0,6.4252463414634144,3.8017144578313253,2.623531883632089
PEI5mgmL_80°C_Des.TXT,PEI5mgmL,80°C,Des,4940,16361.975,100.0,332530.0,6.425231707317073,3.8017072289156624,2.6235244784014102
PEI5mgmL_80°C_Des.TXT,PEI5mgmL,80°C,Des,4941,16364.975,100.0,332530.0,6.425217073170732,3.8017,2.623517073170732
PEI5mgmL_80°C_Des.TXT,PEI5mgmL,80°C,Des,4942,16366.975,100.0,332530.0,6.425207317073171,3.8016853658536585,2.6235219512195123
PEI5mgmL_80°C_Des.TXT,PEI5mgmL,80°C,Des,4943,16373.975,100.0,332530.0,6.425173170731707,3.8016341463414633,2.6235390243902437
PEI5mgmL_80°C_Des.TXT,PEI5mgmL,80°C,Des,4944,16381.975,100.0,332530.0,6.425134146341463,3.8015756097560973,2.623558536585366
PEI5mgmL_80°C_Des.TXT,PEI5mgmL,80°C,Des,4945,16388.975,100.0,332530.0,6.4251,3.801524390243902,2.6235756097560974
PEI5mgmL_80°C_Des.TXT,PEI5mgmL,80°C,Des,4946,16391.975,100.0,332530.0,6.425089024390243,3.8015024390243903,2.623586585365853
PEI5mgmL_80°C_Des.TXT,PEI5mgmL,80°C,Des,4947,16394.975,100.0,332530.0,6.425078048780487,3.801480487804878,2.6235975609756093
PEI5mgmL_80°C_Des.TXT,PEI5mgmL,80°C,Des,4948,16396.975,100.0,332530.0,6.425070731707317,3.8014658536585366,2.62360487804878
PEI5mgmL_80°C_Des.TXT,PEI5mgmL,80°C,Des,4949,16399.975,100.0,332530.0,6.425059756097561,3.8014439024390243,2.6236158536585363
PEI5mgmL_80°C_Des.TXT,PEI5mgmL,80°C,Des,4950,16401.975,100.0,332530.0,6.42505243902439,3.801429268292683,2.6236231707317073
PEI5mgmL_80°C_Des.TXT,PEI5mgmL,80°C,Des,4951,16407.975,100.0,332530.0,6.425030487804878,3.8013853658536583,2.6236451219512196
PEI5mgmL_80°C_Des.TXT,PEI5mgmL,80°C,Des,4952,16409.975,100.0,332530.0,6.425023170731707,3.801370731707317,2.6236524390243905
PEI5mgmL_80°C_Des.TXT,PEI5mgmL,80°C,Des,4953,16412.975,100.0,332530.0,6.425012195121951,3.801348780487805,2.623663414634146
PEI5mgmL_80°C_Des.TXT,PEI5mgmL,80°C,Des,4954,16414.975,100.0,332530.0,6.425004878048781,3.801334146341463,2.6236707317073176
PEI5mgmL_80°C_Des.TXT,PEI5mgmL,80°C,Des,4955,16417.975,100.0,332530.0,6.424993902439025,3.8013121951219513,2.6236817073170733
PEI5mgmL_80°C_Des.TXT,PEI5mgmL,80°C,Des,4956,16419.975,100.0,332530.0,6.424986585365853,3.8012975609756094,2.6236890243902438
PEI5mgmL_80°C_Des.TXT,PEI5mgmL,80°C,Des,4957,16422.975,100.0,332530.0,6.424975609756097,3.8012756097560976,2.6236999999999995
PEI5mgmL_80°C_Des.TXT,PEI5mgmL,80°C,Des,4958,16425.975,100.0,332530.0,6.424964634146342,3.8012536585365853,2.6237109756097565
PEI5mgmL_80°C_Des.TXT,PEI5mgmL,80°C,Des,4959,16427.975,100.0,332530.0,6.42495731707317,3.801239024390244,2.6237182926829266
PEI5mgmL_80°C_Des.TXT,PEI5mgmL,80°C,Des,4960,16430.975,100.0,332530.0,6.424946341463414,3.8012170731707315,2.6237292682926827
PEI5mgmL_80°C_Des.TXT,PEI5mgmL,80°C,Des,4961,16432.975,100.0,332530.0,6.424939024390244,3.80120243902439,2.6237365853658536
PEI5mgmL_80°C_Des.TXT,PEI5mgmL,80°C,Des,4962,16435.975,100.0,332530.0,6.424928048780488,3.801180487804878,2.62374756097561
PEI5mgmL_80°C_Des.TXT,PEI5mgmL,80°C,Des,4963,16440.975,100.0,332530.0,6.424909756097561,3.801143902439024,2.623765853658537
PEI5mgmL_80°C_Des.TXT,PEI5mgmL,80°C,Des,4964,16443.975,100.0,332530.0,6.424898780487805,3.8011219512195122,2.6237768292682926
PEI5mgmL_80°C_Des.TXT,PEI5mgmL,80°C,Des,4965,16446.975,100.0,332530.0,6.424887804878049,3.8011,2.6237878048780487
PEI5mgmL_80°C_Des.TXT,PEI5mgmL,80°C,Des,4966,16448.975,100.0,332530.0,6.424880487804878,3.8011024691358024,2.623778018669076
PEI5mgmL_80°C_Des.TXT,PEI5mgmL,80°C,Des,4967,16455.975,100.0,332530.0,6.424854878048781,3.801111111111111,2.62374376693767
PEI5mgmL_80°C_Des.TXT,PEI5mgmL,80°C,Des,4968,16463.975,100.0,332530.0,6.424825609756097,3.801120987654321,2.6237046221017764
PEI5mgmL_80°C_Des.TXT,PEI5mgmL,80°C,Des,4969,16470.975,100.0,332530.0,6.4248,3.8011296296296297,2.6236703703703705
PEI5mgmL_80°C_Des.TXT,PEI5mgmL,80°C,Des,4970,16473.975,100.0,332530.0,6.424796341463415,3.8011333333333335,2.623663008130081
PEI5mgmL_80°C_Des.TXT,PEI5mgmL,80°C,Des,4971,16475.975,100.0,332530.0,6.424793902439025,3.801135802469136,2.623658099969889
PEI5mgmL_80°C_Des.TXT,PEI5mgmL,80°C,Des,4972,16478.975,100.0,332530.0,6.424790243902439,3.8011395061728397,2.6236507377295997
PEI5mgmL_80°C_Des.TXT,PEI5mgmL,80°C,Des,4973,16481.975,100.0,332530.0,6.424786585365854,3.8011432098765434,2.6236433754893103
PEI5mgmL_80°C_Des.TXT,PEI5mgmL,80°C,Des,4974,16483.975,100.0,332530.0,6.424784146341463,3.801145679012346,2.6236384673291173
PEI5mgmL_80°C_Des.TXT,PEI5mgmL,80°C,Des,4975,16488.975,100.0,332530.0,6.424778048780488,3.8011518518518517,2.6236261969286363
PEI5mgmL_80°C_Des.TXT,PEI5mgmL,80°C,Des,4976,16491.975,100.0,332530.0,6.424774390243902,3.8011555555555554,2.623618834688347
PEI5mgmL_80°C_Des.TXT,PEI5mgmL,80°C,Des,4977,16493.975,100.0,332530.0,6.424771951219513,3.801158024691358,2.623613926528155
PEI5mgmL_80°C_Des.TXT,PEI5mgmL,80°C,Des,4978,16496.975,100.0,332530.0,6.424768292682927,3.8011617283950616,2.6236065642878654
PEI5mgmL_80°C_Des.TXT,PEI5mgmL,80°C,Des,4979,16499.975,100.0,332530.0,6.424764634146341,3.8011654320987653,2.623599202047576
PEI5mgmL_80°C_Des.TXT,PEI5mgmL,80°C,Des,4980,16501.975,100.0,332530.0,6.424762195121951,3.801167901234568,2.623594293887383
PEI5mgmL_80°C_Des.TXT,PEI5mgmL,80°C,Des,4981,16504.975,100.0,332530.0,6.424758536585366,3.8011716049382716,2.6235869316470946
PEI5mgmL_80°C_Des.TXT,PEI5mgmL,80°C,Des,4982,16507.975,100.0,332530.0,6.42475487804878,3.8011753086419753,2.623579569406805
PEI5mgmL_80°C_Des.TXT,PEI5mgmL,80°C,Des,4983,16509.975,100.0,332530.0,6.42475243902439,3.8011777777777778,2.623574661246612
PEI5mgmL_80°C_Des.TXT,PEI5mgmL,80°C,Des,4984,16512.975,100.0,332530.0,6.424748780487805,3.8011814814814815,2.6235672990063237
PEI5mgmL_80°C_Des.TXT,PEI5mgmL,80°C,Des,4985,16514.975,100.0,332530.0,6.424746341463415,3.801183950617284,2.6235623908461307
PEI5mgmL_80°C_Des.TXT,PEI5mgmL,80°C,Des,4986,16517.975,100.0,332530.0,6.424742682926829,3.8011876543209877,2.6235550286058413
PEI5mgmL_80°C_Des.TXT,PEI5mgmL,80°C,Des,4987,16522.975,100.0,332530.0,6.424736585365854,3.801193827160494,2.62354275820536
PEI5mgmL_80°C_Des.TXT,PEI5mgmL,80°C,Des,4988,16525.975,100.0,332530.0,6.424732926829268,3.8011975308641976,2.6235353959650705
PEI5mgmL_80°C_Des.TXT,PEI5mgmL,80°C,Des,4989,16527.975,100.0,332530.0,6.424730487804878,3.8012,2.6235304878048775
PEI5mgmL_80°C_Des.TXT,PEI5mgmL,80°C,Des,4990,16530.975,100.0,332530.0,6.424726829268293,3.801192682926829,2.6235341463414636
PEI5mgmL_80°C_Des.TXT,PEI5mgmL,80°C,Des,4991,16537.975,100.0,332530.0,6.424718292682926,3.801175609756098,2.6235426829268285
PEI5mgmL_80°C_Des.TXT,PEI5mgmL,80°C,Des,4992,16544.975,100.0,332530.0,6.424709756097561,3.801158536585366,2.6235512195121946
PEI5mgmL_80°C_Des.TXT,PEI5mgmL,80°C,Des,4993,16552.975,100.0,332530.0,6.4247,3.801139024390244,2.6235609756097555
PEI5mgmL_80°C_Des.TXT,PEI5mgmL,80°C,Des,4994,16555.975,100.0,332530.0,6.424696385542168,3.801131707317073,2.6235646782250948
PEI5mgmL_80°C_Des.TXT,PEI5mgmL,80°C,Des,4995,16557.975,100.0,332530.0,6.424693975903614,3.8011268292682927,2.6235671466353216
PEI5mgmL_80°C_Des.TXT,PEI5mgmL,80°C,Des,4996,16560.975,100.0,332530.0,6.424690361445783,3.8011195121951222,2.6235708492506604
PEI5mgmL_80°C_Des.TXT,PEI5mgmL,80°C,Des,4997,16563.975,100.0,332530.0,6.424686746987952,3.8011121951219513,2.6235745518660005
PEI5mgmL_80°C_Des.TXT,PEI5mgmL,80°C,Des,4998,16565.975,100.0,332530.0,6.424684337349397,3.801107317073171,2.6235770202762265
PEI5mgmL_80°C_Des.TXT,PEI5mgmL,80°C,Des,4999,16570.975,100.0,332530.0,6.424678313253012,3.8010951219512195,2.6235831913017926
PEI5mgmL_80°C_Des.TXT,PEI5mgmL,80°C,Des,5000,16573.975,100.0,332530.0,6.42467469879518,3.801087804878049,2.6235868939171314
PEI5mgmL_80°C_Des.TXT,PEI5mgmL,80°C,Des,5001,16575.975,100.0,332530.0,6.424672289156626,3.8010829268292685,2.6235893623273574
PEI5mgmL_80°C_Des.TXT,PEI5mgmL,80°C,Des,5002,16578.975,100.0,332530.0,6.424668674698795,3.8010756097560976,2.6235930649426975
PEI5mgmL_80°C_Des.TXT,PEI5mgmL,80°C,Des,5003,16581.975,100.0,332530.0,6.424665060240963,3.801068292682927,2.6235967675580363
PEI5mgmL_80°C_Des.TXT,PEI5mgmL,80°C,Des,5004,16583.975,100.0,332530.0,6.424662650602409,3.8010634146341467,2.6235992359682623
PEI5mgmL_80°C_Des.TXT,PEI5mgmL,80°C,Des,5005,16586.975,100.0,332530.0,6.424659036144578,3.8010560975609757,2.6236029385836024
PEI5mgmL_80°C_Des.TXT,PEI5mgmL,80°C,Des,5006,16588.975,100.0,332530.0,6.424656626506024,3.8010512195121953,2.6236054069938284
PEI5mgmL_80°C_Des.TXT,PEI5mgmL,80°C,Des,5007,16591.975,100.0,332530.0,6.424653012048193,3.8010439024390243,2.6236091096091685
PEI5mgmL_80°C_Des.TXT,PEI5mgmL,80°C,Des,5008,16594.975,100.0,332530.0,6.424649397590361,3.801036585365854,2.6236128122245073
PEI5mgmL_80°C_Des.TXT,PEI5mgmL,80°C,Des,5009,16596.975,100.0,332530.0,6.424646987951807,3.8010317073170734,2.6236152806347333
PEI5mgmL_80°C_Des.TXT,PEI5mgmL,80°C,Des,5010,16599.975,100.0,332530.0,6.424643373493976,3.8010243902439025,2.6236189832500734
PEI5mgmL_80°C_Des.TXT,PEI5mgmL,80°C,Des,5011,16604.975,100.0,332530.0,6.424637349397591,3.8010121951219515,2.623625154275639
PEI5mgmL_80°C_Des.TXT,PEI5mgmL,80°C,Des,5012,16607.975,100.0,332530.0,6.424633734939759,3.8010048780487806,2.6236288568909782
PEI5mgmL_80°C_Des.TXT,PEI5mgmL,80°C,Des,5013,16609.975,100.0,332530.0,6.424631325301204,3.801,2.6236313253012042
PEI5mgmL_80°C_Des.TXT,PEI5mgmL,80°C,Des,5014,16612.975,100.0,332530.0,6.424627710843374,3.801,2.6236277108433734
PEI5mgmL_80°C_Des.TXT,PEI5mgmL,80°C,Des,5015,16619.975,100.0,332530.0,6.424619277108434,3.801,2.6236192771084337
PEI5mgmL_80°C_Des.TXT,PEI5mgmL,80°C,Des,5016,16627.975,100.0,332530.0,6.424609638554217,3.801,2.6236096385542167
PEI5mgmL_80°C_Des.TXT,PEI5mgmL,80°C,Des,5017,16635.975,100.0,332530.0,6.4246,3.801,2.6235999999999997
PEI5mgmL_80°C_Des.TXT,PEI5mgmL,80°C,Des,5018,16637.975,100.0,332530.0,6.424595121951219,3.801,2.623595121951219
PEI5mgmL_80°C_Des.TXT,PEI5mgmL,80°C,Des,5019,16640.975,100.0,332530.0,6.4245878048780485,3.801,2.6235878048780483
PEI5mgmL_80°C_Des.TXT,PEI5mgmL,80°C,Des,5020,16643.975,100.0,332530.0,6.424580487804878,3.801,2.623580487804878
PEI5mgmL_80°C_Des.TXT,PEI5mgmL,80°C,Des,5021,16645.975,100.0,332530.0,6.424575609756097,3.801,2.623575609756097
PEI5mgmL_80°C_Des.TXT,PEI5mgmL,80°C,Des,5022,16648.975,100.0,332530.0,6.424568292682927,3.801,2.6235682926829265
PEI5mgmL_80°C_Des.TXT,PEI5mgmL,80°C,Des,5023,16653.975,100.0,332530.0,6.424556097560975,3.801,2.623556097560975
PEI5mgmL_80°C_Des.TXT,PEI5mgmL,80°C,Des,5024,16655.975,100.0,332530.0,6.424551219512195,3.801,2.623551219512195
PEI5mgmL_80°C_Des.TXT,PEI5mgmL,80°C,Des,5025,16658.975,100.0,332530.0,6.424543902439025,3.801,2.6235439024390246
PEI5mgmL_80°C_Des.TXT,PEI5mgmL,80°C,Des,5026,16661.975,100.0,332530.0,6.424536585365853,3.801,2.623536585365853
PEI5mgmL_80°C_Des.TXT,PEI5mgmL,80°C,Des,5027,16663.975,100.0,332530.0,6.424531707317073,3.801,2.623531707317073
PEI5mgmL_80°C_Des.TXT,PEI5mgmL,80°C,Des,5028,16666.975,100.0,332530.0,6.424524390243903,3.801,2.6235243902439027
PEI5mgmL_80°C_Des.TXT,PEI5mgmL,80°C,Des,5029,16668.975,100.0,332530.0,6.424519512195122,3.801,2.623519512195122
PEI5mgmL_80°C_Des.TXT,PEI5mgmL,80°C,Des,5030,16671.975,100.0,332530.0,6.4245121951219515,3.801,2.6235121951219513
PEI5mgmL_80°C_Des.TXT,PEI5mgmL,80°C,Des,5031,16674.975,100.0,332530.0,6.424504878048781,3.801,2.623504878048781
PEI5mgmL_80°C_Des.TXT,PEI5mgmL,80°C,Des,5032,16676.975,100.0,332530.0,6.4245,3.801,2.6235
PEI5mgmL_80°C_Des.TXT,PEI5mgmL,80°C,Des,5033,16679.975,100.0,332530.0,6.42449268292683,3.801,2.6234926829268295
PEI5mgmL_80°C_Des.TXT,PEI5mgmL,80°C,Des,5034,16682.975,100.0,332530.0,6.424485365853658,3.801,2.623485365853658
PEI5mgmL_80°C_Des.TXT,PEI5mgmL,80°C,Des,5035,16686.975,100.0,332530.0,6.424475609756097,3.801,2.623475609756097
PEI5mgmL_80°C_Des.TXT,PEI5mgmL,80°C,Des,5036,16689.975,100.0,332530.0,6.424468292682927,3.801,2.6234682926829267
PEI5mgmL_80°C_Des.TXT,PEI5mgmL,80°C,Des,5037,16692.975,100.0,332530.0,6.424460975609756,3.801,2.623460975609756
PEI5mgmL_80°C_Des.TXT,PEI5mgmL,80°C,Des,5038,16695.975,100.0,332530.0,6.424453658536586,3.800989024390244,2.623464634146342
PEI5mgmL_80°C_Des.TXT,PEI5mgmL,80°C,Des,5039,16701.975,100.0,332530.0,6.424439024390244,3.8009670731707317,2.6234719512195124
PEI5mgmL_80°C_Des.TXT,PEI5mgmL,80°C,Des,5040,16709.975,100.0,332530.0,6.424419512195122,3.800937804878049,2.6234817073170733
PEI5mgmL_80°C_Des.TXT,PEI5mgmL,80°C,Des,5041,16717.975,100.0,332530.0,6.4244,3.800908536585366,2.6234914634146342
PEI5mgmL_80°C_Des.TXT,PEI5mgmL,80°C,Des,5042,16719.975,100.0,332530.0,6.424390243902439,3.800901219512195,2.6234890243902442
PEI5mgmL_80°C_Des.TXT,PEI5mgmL,80°C,Des,5043,16722.975,100.0,332530.0,6.424375609756098,3.800890243902439,2.6234853658536585
PEI5mgmL_80°C_Des.TXT,PEI5mgmL,80°C,Des,5044,16725.975,100.0,332530.0,6.424360975609757,3.800879268292683,2.6234817073170738
PEI5mgmL_80°C_Des.TXT,PEI5mgmL,80°C,Des,5045,16727.975,100.0,332530.0,6.424351219512196,3.8008719512195124,2.6234792682926833
PEI5mgmL_80°C_Des.TXT,PEI5mgmL,80°C,Des,5046,16730.975,100.0,332530.0,6.424336585365854,3.800860975609756,2.6234756097560976
PEI5mgmL_80°C_Des.TXT,PEI5mgmL,80°C,Des,5047,16735.975,100.0,332530.0,6.424312195121952,3.800842682926829,2.623469512195123
PEI5mgmL_80°C_Des.TXT,PEI5mgmL,80°C,Des,5048,16738.975,100.0,332530.0,6.42429756097561,3.8008317073170734,2.6234658536585367
PEI5mgmL_80°C_Des.TXT,PEI5mgmL,80°C,Des,5049,16740.975,100.0,332530.0,6.424287804878049,3.8008243902439025,2.6234634146341467
PEI5mgmL_80°C_Des.TXT,PEI5mgmL,80°C,Des,5050,16743.975,100.0,332530.0,6.424273170731707,3.8008134146341463,2.623459756097561
PEI5mgmL_80°C_Des.TXT,PEI5mgmL,80°C,Des,5051,16746.975,100.0,332530.0,6.424258536585366,3.80080243902439,2.623456097560976
PEI5mgmL_80°C_Des.TXT,PEI5mgmL,80°C,Des,5052,16748.975,100.0,332530.0,6.4242487804878055,3.8007951219512197,2.6234536585365857
PEI5mgmL_80°C_Des.TXT,PEI5mgmL,80°C,Des,5053,16751.975,100.0,332530.0,6.424234146341464,3.8007841463414636,2.62345
PEI5mgmL_80°C_Des.TXT,PEI5mgmL,80°C,Des,5054,16753.975,100.0,332530.0,6.424224390243903,3.8007768292682926,2.62344756097561
PEI5mgmL_80°C_Des.TXT,PEI5mgmL,80°C,Des,5055,16756.975,100.0,332530.0,6.424209756097562,3.8007658536585365,2.6234439024390253
PEI5mgmL_80°C_Des.TXT,PEI5mgmL,80°C,Des,5056,16758.975,100.0,332530.0,6.424200000000001,3.800758536585366,2.623441463414635
PEI5mgmL_80°C_Des.TXT,PEI5mgmL,80°C,Des,5057,16761.975,100.0,332530.0,6.424185365853659,3.80074756097561,2.623437804878049
PEI5mgmL_80°C_Des.TXT,PEI5mgmL,80°C,Des,5058,16764.975,100.0,332530.0,6.424170731707317,3.8007365853658537,2.6234341463414634
PEI5mgmL_80°C_Des.TXT,PEI5mgmL,80°C,Des,5059,16768.975,100.0,332530.0,6.424151219512195,3.8007219512195123,2.623429268292683
PEI5mgmL_80°C_Des.TXT,PEI5mgmL,80°C,Des,5060,16771.975,100.0,332530.0,6.424136585365854,3.800710975609756,2.623425609756098
PEI5mgmL_80°C_Des.TXT,PEI5mgmL,80°C,Des,5061,16774.975,100.0,332530.0,6.4241219512195125,3.8007,2.6234219512195125
PEI5mgmL_80°C_Des.TXT,PEI5mgmL,80°C,Des,5062,16777.975,100.0,332530.0,6.4241073170731715,3.8006925925925925,2.623414724480579
PEI5mgmL_80°C_Des.TXT,PEI5mgmL,80°C,Des,5063,16783.975,100.0,332530.0,6.424078048780488,3.8006777777777776,2.6234002710027102
PEI5mgmL_80°C_Des.TXT,PEI5mgmL,80°C,Des,5064,16791.975,100.0,332530.0,6.424039024390244,3.800658024691358,2.623380999698886
PEI5mgmL_80°C_Des.TXT,PEI5mgmL,80°C,Des,5065,16799.975,100.0,332530.0,6.424,3.8006382716049383,2.623361728395062
PEI5mgmL_80°C_Des.TXT,PEI5mgmL,80°C,Des,5066,16801.975,100.0,332530.0,6.42399268292683,3.8006333333333333,2.6233593495934966
PEI5mgmL_80°C_Des.TXT,PEI5mgmL,80°C,Des,5067,16804.975,100.0,332530.0,6.423981707317074,3.800625925925926,2.623355781391148
PEI5mgmL_80°C_Des.TXT,PEI5mgmL,80°C,Des,5068,16806.975,100.0,332530.0,6.423974390243902,3.800620987654321,2.6233534025895815
PEI5mgmL_80°C_Des.TXT,PEI5mgmL,80°C,Des,5069,16809.975,100.0,332530.0,6.423963414634147,3.8006135802469134,2.6233498343872337
PEI5mgmL_80°C_Des.TXT,PEI5mgmL,80°C,Des,5070,16811.975,100.0,332530.0,6.423956097560976,3.8006086419753085,2.6233474555856673
PEI5mgmL_80°C_Des.TXT,PEI5mgmL,80°C,Des,5071,16816.975,100.0,332530.0,6.423937804878049,3.8005962962962965,2.6233415085817526
PEI5mgmL_80°C_Des.TXT,PEI5mgmL,80°C,Des,5072,16819.975,100.0,332530.0,6.423926829268293,3.800588888888889,2.623337940379404
PEI5mgmL_80°C_Des.TXT,PEI5mgmL,80°C,Des,5073,16821.975,100.0,332530.0,6.4239195121951225,3.800583950617284,2.6233355615778384
PEI5mgmL_80°C_Des.TXT,PEI5mgmL,80°C,Des,5074,16824.975,100.0,332530.0,6.423908536585366,3.8005765432098766,2.6233319933754897
PEI5mgmL_80°C_Des.TXT,PEI5mgmL,80°C,Des,5075,16827.975,100.0,332530.0,6.42389756097561,3.800569135802469,2.623328425173141
PEI5mgmL_80°C_Des.TXT,PEI5mgmL,80°C,Des,5076,16829.975,100.0,332530.0,6.42389024390244,3.800564197530864,2.6233260463715755
PEI5mgmL_80°C_Des.TXT,PEI5mgmL,80°C,Des,5077,16832.975,100.0,332530.0,6.4238792682926835,3.8005567901234567,2.623322478169227
PEI5mgmL_80°C_Des.TXT,PEI5mgmL,80°C,Des,5078,16834.975,100.0,332530.0,6.423871951219512,3.8005518518518517,2.6233200993676604
PEI5mgmL_80°C_Des.TXT,PEI5mgmL,80°C,Des,5079,16837.975,100.0,332530.0,6.423860975609756,3.8005444444444443,2.6233165311653117
PEI5mgmL_80°C_Des.TXT,PEI5mgmL,80°C,Des,5080,16839.975,100.0,332530.0,6.4238536585365855,3.8005395061728393,2.623314152363746
PEI5mgmL_80°C_Des.TXT,PEI5mgmL,80°C,Des,5081,16842.975,100.0,332530.0,6.423842682926829,3.8005320987654323,2.623310584161397
PEI5mgmL_80°C_Des.TXT,PEI5mgmL,80°C,Des,5082,16845.975,100.0,332530.0,6.423831707317073,3.800524691358025,2.6233070159590484
PEI5mgmL_80°C_Des.TXT,PEI5mgmL,80°C,Des,5083,16850.975,100.0,332530.0,6.423813414634147,3.8005123456790124,2.623301068955134
PEI5mgmL_80°C_Des.TXT,PEI5mgmL,80°C,Des,5084,16853.975,100.0,332530.0,6.42380243902439,3.800504938271605,2.6232975007527854
PEI5mgmL_80°C_Des.TXT,PEI5mgmL,80°C,Des,5085,16855.975,100.0,332530.0,6.42379512195122,3.8005,2.62329512195122
PEI5mgmL_80°C_Des.TXT,PEI5mgmL,80°C,Des,5086,16858.975,100.0,332530.0,6.423784146341464,3.8005,2.623284146341464
PEI5mgmL_80°C_Des.TXT,PEI5mgmL,80°C,Des,5087,16865.975,100.0,332530.0,6.423758536585366,3.8005,2.623258536585366
PEI5mgmL_80°C_Des.TXT,PEI5mgmL,80°C,Des,5088,16873.975,100.0,332530.0,6.423729268292683,3.8005,2.623229268292683
PEI5mgmL_80°C_Des.TXT,PEI5mgmL,80°C,Des,5089,16881.975,100.0,332530.0,6.4237,3.8005,2.6232
PEI5mgmL_80°C_Des.TXT,PEI5mgmL,80°C,Des,5090,16883.975,100.0,332530.0,6.423702439024391,3.8005,2.6232024390243907
PEI5mgmL_80°C_Des.TXT,PEI5mgmL,80°C,Des,5091,16886.975,100.0,332530.0,6.423706097560975,3.8005,2.6232060975609754
PEI5mgmL_80°C_Des.TXT,PEI5mgmL,80°C,Des,5092,16888.975,100.0,332530.0,6.423708536585366,3.8005,2.623208536585366
PEI5mgmL_80°C_Des.TXT,PEI5mgmL,80°C,Des,5093,16891.975,100.0,332530.0,6.423712195121952,3.8005,2.6232121951219516
PEI5mgmL_80°C_Des.TXT,PEI5mgmL,80°C,Des,5094,16894.975,100.0,332530.0,6.423715853658536,3.8005,2.6232158536585364
PEI5mgmL_80°C_Des.TXT,PEI5mgmL,80°C,Des,5095,16899.975,100.0,332530.0,6.4237219512195125,3.8005,2.6232219512195125
PEI5mgmL_80°C_Des.TXT,PEI5mgmL,80°C,Des,5096,16901.975,100.0,332530.0,6.423724390243903,3.8005,2.623224390243903
PEI5mgmL_80°C_Des.TXT,PEI5mgmL,80°C,Des,5097,16904.975,100.0,332530.0,6.423728048780488,3.8005,2.6232280487804878
PEI5mgmL_80°C_Des.TXT,PEI5mgmL,80°C,Des,5098,16907.975,100.0,332530.0,6.423731707317073,3.8005,2.6232317073170734
PEI5mgmL_80°C_Des.TXT,PEI5mgmL,80°C,Des,5099,16909.975,100.0,332530.0,6.423734146341464,3.8005,2.623234146341464
PEI5mgmL_80°C_Des.TXT,PEI5mgmL,80°C,Des,5100,16912.975,100.0,332530.0,6.423737804878049,3.8005,2.6232378048780487
PEI5mgmL_80°C_Des.TXT,PEI5mgmL,80°C,Des,5101,16915.975,100.0,332530.0,6.423741463414634,3.8005,2.6232414634146344
PEI5mgmL_80°C_Des.TXT,PEI5mgmL,80°C,Des,5102,16917.975,100.0,332530.0,6.423743902439025,3.8005,2.623243902439025
PEI5mgmL_80°C_Des.TXT,PEI5mgmL,80°C,Des,5103,16920.975,100.0,332530.0,6.42374756097561,3.8005,2.6232475609756096
PEI5mgmL_80°C_Des.TXT,PEI5mgmL,80°C,Des,5104,16922.975,100.0,332530.0,6.42375,3.8005,2.62325
PEI5mgmL_80°C_Des.TXT,PEI5mgmL,80°C,Des,5105,16925.975,100.0,332530.0,6.423753658536586,3.8005,2.6232536585365858
PEI5mgmL_80°C_Des.TXT,PEI5mgmL,80°C,Des,5106,16927.975,100.0,332530.0,6.423756097560975,3.8005,2.6232560975609753
PEI5mgmL_80°C_Des.TXT,PEI5mgmL,80°C,Des,5107,16933.975,100.0,332530.0,6.423763414634147,3.8005,2.6232634146341467
PEI5mgmL_80°C_Des.TXT,PEI5mgmL,80°C,Des,5108,16935.975,100.0,332530.0,6.423765853658536,3.8005,2.6232658536585363
PEI5mgmL_80°C_Des.TXT,PEI5mgmL,80°C,Des,5109,16938.975,100.0,332530.0,6.423769512195122,3.8005,2.623269512195122
PEI5mgmL_80°C_Des.TXT,PEI5mgmL,80°C,Des,5110,16941.975,100.0,332530.0,6.423773170731708,3.800489024390244,2.623284146341464
PEI5mgmL_80°C_Des.TXT,PEI5mgmL,80°C,Des,5111,16948.975,100.0,332530.0,6.423781707317073,3.8004634146341463,2.623318292682927
PEI5mgmL_80°C_Des.TXT,PEI5mgmL,80°C,Des,5112,16955.975,100.0,332530.0,6.423790243902439,3.8004378048780487,2.6233524390243903
PEI5mgmL_80°C_Des.TXT,PEI5mgmL,80°C,Des,5113,16963.975,100.0,332530.0,6.4238,3.800408536585366,2.623391463414634
PEI5mgmL_80°C_Des.TXT,PEI5mgmL,80°C,Des,5114,16965.975,100.0,332530.0,6.4237926829268295,3.800401219512195,2.6233914634146345
PEI5mgmL_80°C_Des.TXT,PEI5mgmL,80°C,Des,5115,16968.975,100.0,332530.0,6.423781707317073,3.800390243902439,2.6233914634146345
PEI5mgmL_80°C_Des.TXT,PEI5mgmL,80°C,Des,5116,16971.975,100.0,332530.0,6.423770731707317,3.8003792682926827,2.6233914634146345
PEI5mgmL_80°C_Des.TXT,PEI5mgmL,80°C,Des,5117,16973.975,100.0,332530.0,6.423763414634147,3.800371951219512,2.6233914634146345
PEI5mgmL_80°C_Des.TXT,PEI5mgmL,80°C,Des,5118,16976.975,100.0,332530.0,6.4237524390243905,3.800360975609756,2.6233914634146345
PEI5mgmL_80°C_Des.TXT,PEI5mgmL,80°C,Des,5119,16981.975,100.0,332530.0,6.423734146341463,3.800342682926829,2.623391463414634
PEI5mgmL_80°C_Des.TXT,PEI5mgmL,80°C,Des,5120,16983.975,100.0,332530.0,6.4237268292682925,3.8003353658536585,2.623391463414634
PEI5mgmL_80°C_Des.TXT,PEI5mgmL,80°C,Des,5121,16986.975,100.0,332530.0,6.423715853658536,3.8003243902439023,2.623391463414634
PEI5mgmL_80°C_Des.TXT,PEI5mgmL,80°C,Des,5122,16989.975,100.0,332530.0,6.42370487804878,3.800313414634146,2.623391463414634
PEI5mgmL_80°C_Des.TXT,PEI5mgmL,80°C,Des,5123,16991.975,100.0,332530.0,6.42369756097561,3.8003060975609753,2.6233914634146345
PEI5mgmL_80°C_Des.TXT,PEI5mgmL,80°C,Des,5124,16994.975,100.0,332530.0,6.423686585365854,3.8002951219512195,2.623391463414634
PEI5mgmL_80°C_Des.TXT,PEI5mgmL,80°C,Des,5125,16997.975,100.0,332530.0,6.423675609756097,3.8002841463414634,2.623391463414634
PEI5mgmL_80°C_Des.TXT,PEI5mgmL,80°C,Des,5126,16999.975,100.0,332530.0,6.423668292682927,3.8002768292682925,2.6233914634146345
PEI5mgmL_80°C_Des.TXT,PEI5mgmL,80°C,Des,5127,17002.975,100.0,332530.0,6.423657317073171,3.8002658536585363,2.6233914634146345
PEI5mgmL_80°C_Des.TXT,PEI5mgmL,80°C,Des,5128,17004.975,100.0,332530.0,6.42365,3.800258536585366,2.6233914634146345
PEI5mgmL_80°C_Des.TXT,PEI5mgmL,80°C,Des,5129,17007.975,100.0,332530.0,6.423639024390244,3.8002475609756097,2.6233914634146345
PEI5mgmL_80°C_Des.TXT,PEI5mgmL,80°C,Des,5130,17009.975,100.0,332530.0,6.423631707317073,3.8002402439024388,2.623391463414634
PEI5mgmL_80°C_Des.TXT,PEI5mgmL,80°C,Des,5131,17015.975,100.0,332530.0,6.4236097560975605,3.8002182926829264,2.623391463414634
PEI5mgmL_80°C_Des.TXT,PEI5mgmL,80°C,Des,5132,17017.975,100.0,332530.0,6.42360243902439,3.800210975609756,2.623391463414634
PEI5mgmL_80°C_Des.TXT,PEI5mgmL,80°C,Des,5133,17020.975,100.0,332530.0,6.423591463414634,3.8002,2.623391463414634
PEI5mgmL_80°C_Des.TXT,PEI5mgmL,80°C,Des,5134,17023.975,100.0,332530.0,6.423580487804878,3.800185185185185,2.623395302619693
PEI5mgmL_80°C_Des.TXT,PEI5mgmL,80°C,Des,5135,17029.975,100.0,332530.0,6.423558536585365,3.8001555555555555,2.62340298102981
PEI5mgmL_80°C_Des.TXT,PEI5mgmL,80°C,Des,5136,17037.975,100.0,332530.0,6.423529268292683,3.8001160493827157,2.623413218909967
PEI5mgmL_80°C_Des.TXT,PEI5mgmL,80°C,Des,5137,17045.975,100.0,332530.0,6.4235,3.8000765432098764,2.6234234567901233
PEI5mgmL_80°C_Des.TXT,PEI5mgmL,80°C,Des,5138,17047.975,100.0,332530.0,6.423492682926829,3.8000666666666665,2.623426016260163
PEI5mgmL_80°C_Des.TXT,PEI5mgmL,80°C,Des,5139,17050.975,100.0,332530.0,6.423481707317073,3.8000518518518516,2.6234298554652216
PEI5mgmL_80°C_Des.TXT,PEI5mgmL,80°C,Des,5140,17053.975,100.0,332530.0,6.423470731707317,3.8000370370370367,2.6234336946702803
PEI5mgmL_80°C_Des.TXT,PEI5mgmL,80°C,Des,5141,17055.975,100.0,332530.0,6.4234634146341465,3.800027160493827,2.6234362541403193
PEI5mgmL_80°C_Des.TXT,PEI5mgmL,80°C,Des,5142,17058.975,100.0,332530.0,6.42345243902439,3.8000123456790122,2.623440093345378
PEI5mgmL_80°C_Des.TXT,PEI5mgmL,80°C,Des,5143,17063.975,100.0,332530.0,6.423434146341463,3.7999876543209874,2.6234464920204754
PEI5mgmL_80°C_Des.TXT,PEI5mgmL,80°C,Des,5144,17065.975,100.0,332530.0,6.423426829268292,3.7999777777777775,2.623449051490515
PEI5mgmL_80°C_Des.TXT,PEI5mgmL,80°C,Des,5145,17068.975,100.0,332530.0,6.423415853658536,3.799962962962963,2.623452890695573
PEI5mgmL_80°C_Des.TXT,PEI5mgmL,80°C,Des,5146,17070.975,100.0,332530.0,6.423408536585366,3.799953086419753,2.6234554501656127
PEI5mgmL_80°C_Des.TXT,PEI5mgmL,80°C,Des,5147,17073.975,100.0,332530.0,6.4233975609756095,3.799938271604938,2.6234592893706714
PEI5mgmL_80°C_Des.TXT,PEI5mgmL,80°C,Des,5148,17075.975,100.0,332530.0,6.423390243902439,3.799928395061728,2.623461848840711
PEI5mgmL_80°C_Des.TXT,PEI5mgmL,80°C,Des,5149,17078.975,100.0,332530.0,6.423379268292683,3.7999135802469133,2.6234656880457696
PEI5mgmL_80°C_Des.TXT,PEI5mgmL,80°C,Des,5150,17081.975,100.0,332530.0,6.423368292682927,3.799898765432099,2.623469527250828
PEI5mgmL_80°C_Des.TXT,PEI5mgmL,80°C,Des,5151,17083.975,100.0,332530.0,6.423360975609755,3.799888888888889,2.6234720867208665
PEI5mgmL_80°C_Des.TXT,PEI5mgmL,80°C,Des,5152,17086.975,100.0,332530.0,6.423349999999999,3.799874074074074,2.6234759259259253
PEI5mgmL_80°C_Des.TXT,PEI5mgmL,80°C,Des,5153,17088.975,100.0,332530.0,6.423342682926829,3.799864197530864,2.6234784853959647
PEI5mgmL_80°C_Des.TXT,PEI5mgmL,80°C,Des,5154,17091.975,100.0,332530.0,6.423331707317073,3.799849382716049,2.6234823246010235
PEI5mgmL_80°C_Des.TXT,PEI5mgmL,80°C,Des,5155,17096.975,100.0,332530.0,6.423313414634146,3.7998246913580247,2.6234887232761213
PEI5mgmL_80°C_Des.TXT,PEI5mgmL,80°C,Des,5156,17099.975,100.0,332530.0,6.42330243902439,3.79980987654321,2.62349256248118
PEI5mgmL_80°C_Des.TXT,PEI5mgmL,80°C,Des,5157,17101.975,100.0,332530.0,6.423295121951219,3.7998,2.6234951219512195
PEI5mgmL_80°C_Des.TXT,PEI5mgmL,80°C,Des,5158,17104.975,100.0,332530.0,6.423284146341463,3.7997963855421686,2.6234877607992946
PEI5mgmL_80°C_Des.TXT,PEI5mgmL,80°C,Des,5159,17111.975,100.0,332530.0,6.423258536585365,3.799787951807229,2.6234705847781363
PEI5mgmL_80°C_Des.TXT,PEI5mgmL,80°C,Des,5160,17118.975,100.0,332530.0,6.423232926829268,3.799779518072289,2.623453408756979
PEI5mgmL_80°C_Des.TXT,PEI5mgmL,80°C,Des,5161,17127.975,100.0,332530.0,6.4232,3.7997686746987953,2.6234313253012043
PEI5mgmL_80°C_Des.TXT,PEI5mgmL,80°C,Des,5162,17129.975,100.0,332530.0,6.4232,3.799766265060241,2.6234337349397587
PEI5mgmL_80°C_Des.TXT,PEI5mgmL,80°C,Des,5163,17132.975,100.0,332530.0,6.4232,3.7997626506024096,2.62343734939759
PEI5mgmL_80°C_Des.TXT,PEI5mgmL,80°C,Des,5164,17135.975,100.0,332530.0,6.4232,3.7997590361445783,2.6234409638554212
PEI5mgmL_80°C_Des.TXT,PEI5mgmL,80°C,Des,5165,17137.975,100.0,332530.0,6.4232,3.799756626506024,2.6234433734939757
PEI5mgmL_80°C_Des.TXT,PEI5mgmL,80°C,Des,5166,17140.975,100.0,332530.0,6.4232,3.7997530120481926,2.623446987951807
PEI5mgmL_80°C_Des.TXT,PEI5mgmL,80°C,Des,5167,17145.975,100.0,332530.0,6.4232,3.7997469879518073,2.6234530120481923
PEI5mgmL_80°C_Des.TXT,PEI5mgmL,80°C,Des,5168,17147.975,100.0,332530.0,6.4232,3.799744578313253,2.6234554216867467
PEI5mgmL_80°C_Des.TXT,PEI5mgmL,80°C,Des,5169,17150.975,100.0,332530.0,6.4232,3.7997409638554216,2.623459036144578
PEI5mgmL_80°C_Des.TXT,PEI5mgmL,80°C,Des,5170,17153.975,100.0,332530.0,6.4232,3.7997373493975903,2.6234626506024092
PEI5mgmL_80°C_Des.TXT,PEI5mgmL,80°C,Des,5171,17155.975,100.0,332530.0,6.4232,3.7997349397590363,2.6234650602409633
PEI5mgmL_80°C_Des.TXT,PEI5mgmL,80°C,Des,5172,17158.975,100.0,332530.0,6.4232,3.7997313253012046,2.623468674698795
PEI5mgmL_80°C_Des.TXT,PEI5mgmL,80°C,Des,5173,17160.975,100.0,332530.0,6.4232,3.7997289156626506,2.623471084337349
PEI5mgmL_80°C_Des.TXT,PEI5mgmL,80°C,Des,5174,17163.975,100.0,332530.0,6.4232,3.7997253012048193,2.6234746987951802
PEI5mgmL_80°C_Des.TXT,PEI5mgmL,80°C,Des,5175,17166.975,100.0,332530.0,6.4232,3.799721686746988,2.6234783132530115
PEI5mgmL_80°C_Des.TXT,PEI5mgmL,80°C,Des,5176,17168.975,100.0,332530.0,6.4232,3.7997192771084336,2.623480722891566
PEI5mgmL_80°C_Des.TXT,PEI5mgmL,80°C,Des,5177,17170.975,100.0,332530.0,6.4232,3.7997168674698796,2.62348313253012
PEI5mgmL_80°C_Des.TXT,PEI5mgmL,80°C,Des,5178,17173.975,100.0,332530.0,6.4232,3.7997132530120483,2.6234867469879513
PEI5mgmL_80°C_Des.TXT,PEI5mgmL,80°C,Des,5179,17178.975,100.0,332530.0,6.4232,3.7997072289156626,2.623492771084337
PEI5mgmL_80°C_Des.TXT,PEI5mgmL,80°C,Des,5180,17181.975,100.0,332530.0,6.4232,3.7997036144578313,2.6234963855421682
PEI5mgmL_80°C_Des.TXT,PEI5mgmL,80°C,Des,5181,17184.975,100.0,332530.0,6.4232,3.7997,2.6234999999999995
PEI5mgmL_80°C_Des.TXT,PEI5mgmL,80°C,Des,5182,17186.975,100.0,332530.0,6.4232,3.7997,2.6234999999999995
PEI5mgmL_80°C_Des.TXT,PEI5mgmL,80°C,Des,5183,17193.975,100.0,332530.0,6.4232,3.7997,2.6234999999999995
PEI5mgmL_80°C_Des.TXT,PEI5mgmL,80°C,Des,5184,17201.975,100.0,332530.0,6.4232,3.7997,2.6234999999999995
PEI5mgmL_80°C_Des.TXT,PEI5mgmL,80°C,Des,5185,17209.975,100.0,332530.0,6.4232,3.7997,2.6234999999999995
PEI5mgmL_80°C_Des.TXT,PEI5mgmL,80°C,Des,5186,17211.975,100.0,332530.0,6.423192592592592,3.7997,2.623492592592592
PEI5mgmL_80°C_Des.TXT,PEI5mgmL,80°C,Des,5187,17214.975,100.0,332530.0,6.423181481481481,3.7997,2.623481481481481
PEI5mgmL_80°C_Des.TXT,PEI5mgmL,80°C,Des,5188,17217.975,100.0,332530.0,6.42317037037037,3.7997,2.6234703703703697
PEI5mgmL_80°C_Des.TXT,PEI5mgmL,80°C,Des,5189,17219.975,100.0,332530.0,6.423162962962962,3.7997,2.623462962962962
PEI5mgmL_80°C_Des.TXT,PEI5mgmL,80°C,Des,5190,17222.975,100.0,332530.0,6.423151851851851,3.7997,2.623451851851851
PEI5mgmL_80°C_Des.TXT,PEI5mgmL,80°C,Des,5191,17227.975,100.0,332530.0,6.423133333333333,3.7997,2.6234333333333333
PEI5mgmL_80°C_Des.TXT,PEI5mgmL,80°C,Des,5192,17229.975,100.0,332530.0,6.423125925925926,3.7997,2.623425925925926
PEI5mgmL_80°C_Des.TXT,PEI5mgmL,80°C,Des,5193,17232.975,100.0,332530.0,6.423114814814815,3.7997,2.6234148148148146
PEI5mgmL_80°C_Des.TXT,PEI5mgmL,80°C,Des,5194,17235.975,100.0,332530.0,6.4231037037037035,3.7997,2.6234037037037035
PEI5mgmL_80°C_Des.TXT,PEI5mgmL,80°C,Des,5195,17237.975,100.0,332530.0,6.423096296296296,3.7997,2.623396296296296
PEI5mgmL_80°C_Des.TXT,PEI5mgmL,80°C,Des,5196,17240.975,100.0,332530.0,6.423085185185185,3.7997,2.623385185185185
PEI5mgmL_80°C_Des.TXT,PEI5mgmL,80°C,Des,5197,17242.975,100.0,332530.0,6.423077777777777,3.7997,2.6233777777777774
PEI5mgmL_80°C_Des.TXT,PEI5mgmL,80°C,Des,5198,17245.975,100.0,332530.0,6.423066666666666,3.7997,2.623366666666666
PEI5mgmL_80°C_Des.TXT,PEI5mgmL,80°C,Des,5199,17247.975,100.0,332530.0,6.423059259259259,3.7997,2.6233592592592587
PEI5mgmL_80°C_Des.TXT,PEI5mgmL,80°C,Des,5200,17250.975,100.0,332530.0,6.4230481481481485,3.7997,2.6233481481481484
PEI5mgmL_80°C_Des.TXT,PEI5mgmL,80°C,Des,5201,17252.975,100.0,332530.0,6.423040740740741,3.7997,2.623340740740741
PEI5mgmL_80°C_Des.TXT,PEI5mgmL,80°C,Des,5202,17255.975,100.0,332530.0,6.42302962962963,3.7997,2.62332962962963
PEI5mgmL_80°C_Des.TXT,PEI5mgmL,80°C,Des,5203,17260.975,100.0,332530.0,6.423011111111111,3.7997,2.623311111111111
PEI5mgmL_80°C_Des.TXT,PEI5mgmL,80°C,Des,5204,17263.975,100.0,332530.0,6.423,3.7997,2.6233
PEI5mgmL_80°C_Des.TXT,PEI5mgmL,80°C,Des,5205,17265.975,100.0,332530.0,6.422992592592593,3.7997,2.6232925925925925
PEI5mgmL_80°C_Des.TXT,PEI5mgmL,80°C,Des,5206,17268.975,100.0,332530.0,6.422981481481481,3.7996962962962963,2.623285185185185
PEI5mgmL_80°C_Des.TXT,PEI5mgmL,80°C,Des,5207,17274.975,100.0,332530.0,6.422959259259259,3.799688888888889,2.62327037037037
PEI5mgmL_80°C_Des.TXT,PEI5mgmL,80°C,Des,5208,17282.975,100.0,332530.0,6.42292962962963,3.799679012345679,2.623250617283951
PEI5mgmL_80°C_Des.TXT,PEI5mgmL,80°C,Des,5209,17290.975,100.0,332530.0,6.4229,3.799669135802469,2.6232308641975313
PEI5mgmL_80°C_Des.TXT,PEI5mgmL,80°C,Des,5210,17292.975,100.0,332530.0,6.422895061728395,3.7996666666666665,2.623228395061729
PEI5mgmL_80°C_Des.TXT,PEI5mgmL,80°C,Des,5211,17295.975,100.0,332530.0,6.422887654320988,3.799662962962963,2.623224691358025
PEI5mgmL_80°C_Des.TXT,PEI5mgmL,80°C,Des,5212,17297.975,100.0,332530.0,6.422882716049383,3.7996604938271603,2.6232222222222226
PEI5mgmL_80°C_Des.TXT,PEI5mgmL,80°C,Des,5213,17300.975,100.0,332530.0,6.422875308641975,3.7996567901234566,2.623218518518519
PEI5mgmL_80°C_Des.TXT,PEI5mgmL,80°C,Des,5214,17303.975,100.0,332530.0,6.422867901234568,3.799653086419753,2.623214814814815
PEI5mgmL_80°C_Des.TXT,PEI5mgmL,80°C,Des,5215,17308.975,100.0,332530.0,6.4228555555555555,3.799646913580247,2.6232086419753085
PEI5mgmL_80°C_Des.TXT,PEI5mgmL,80°C,Des,5216,17310.975,100.0,332530.0,6.422850617283951,3.7996444444444446,2.623206172839506
PEI5mgmL_80°C_Des.TXT,PEI5mgmL,80°C,Des,5217,17313.975,100.0,332530.0,6.422843209876543,3.799640740740741,2.6232024691358022
PEI5mgmL_80°C_Des.TXT,PEI5mgmL,80°C,Des,5218,17315.975,100.0,332530.0,6.422838271604938,3.7996382716049384,2.6231999999999998
PEI5mgmL_80°C_Des.TXT,PEI5mgmL,80°C,Des,5219,17318.975,100.0,332530.0,6.422830864197531,3.7996345679012347,2.623196296296296
PEI5mgmL_80°C_Des.TXT,PEI5mgmL,80°C,Des,5220,17321.975,100.0,332530.0,6.422823456790123,3.799630864197531,2.6231925925925923
PEI5mgmL_80°C_Des.TXT,PEI5mgmL,80°C,Des,5221,17323.975,100.0,332530.0,6.422818518518518,3.7996283950617284,2.62319012345679
PEI5mgmL_80°C_Des.TXT,PEI5mgmL,80°C,Des,5222,17326.975,100.0,332530.0,6.422811111111111,3.7996246913580247,2.623186419753086
PEI5mgmL_80°C_Des.TXT,PEI5mgmL,80°C,Des,5223,17328.975,100.0,332530.0,6.422806172839506,3.7996222222222222,2.6231839506172836
PEI5mgmL_80°C_Des.TXT,PEI5mgmL,80°C,Des,5224,17331.975,100.0,332530.0,6.422798765432099,3.7996185185185185,2.6231802469135808
PEI5mgmL_80°C_Des.TXT,PEI5mgmL,80°C,Des,5225,17333.975,100.0,332530.0,6.422793827160494,3.799616049382716,2.6231777777777783
PEI5mgmL_80°C_Des.TXT,PEI5mgmL,80°C,Des,5226,17336.975,100.0,332530.0,6.422786419753087,3.7996123456790123,2.6231740740740745
PEI5mgmL_80°C_Des.TXT,PEI5mgmL,80°C,Des,5227,17341.975,100.0,332530.0,6.422774074074074,3.799606172839506,2.6231679012345683
PEI5mgmL_80°C_Des.TXT,PEI5mgmL,80°C,Des,5228,17343.975,100.0,332530.0,6.422769135802469,3.7996037037037036,2.623165432098766
PEI5mgmL_80°C_Des.TXT,PEI5mgmL,80°C,Des,5229,17346.975,100.0,332530.0,6.422761728395062,3.7996,2.623161728395062
PEI5mgmL_80°C_Des.TXT,PEI5mgmL,80°C,Des,5230,17349.975,100.0,332530.0,6.4227543209876545,3.799592682926829,2.6231616380608256
PEI5mgmL_80°C_Des.TXT,PEI5mgmL,80°C,Des,5231,17355.975,100.0,332530.0,6.42273950617284,3.7995780487804875,2.623161457392352
PEI5mgmL_80°C_Des.TXT,PEI5mgmL,80°C,Des,5232,17363.975,100.0,332530.0,6.42271975308642,3.7995585365853657,2.623161216501054
PEI5mgmL_80°C_Des.TXT,PEI5mgmL,80°C,Des,5233,17371.975,100.0,332530.0,6.4227,3.799539024390244,2.623160975609756
PEI5mgmL_80°C_Des.TXT,PEI5mgmL,80°C,Des,5234,17374.975,100.0,332530.0,6.422696341463414,3.799531707317073,2.6231646341463413
PEI5mgmL_80°C_Des.TXT,PEI5mgmL,80°C,Des,5235,17376.975,100.0,332530.0,6.422693902439025,3.7995268292682924,2.623167073170732
PEI5mgmL_80°C_Des.TXT,PEI5mgmL,80°C,Des,5236,17379.975,100.0,332530.0,6.422690243902439,3.799519512195122,2.623170731707317
PEI5mgmL_80°C_Des.TXT,PEI5mgmL,80°C,Des,5237,17381.975,100.0,332530.0,6.4226878048780485,3.7995146341463415,2.623173170731707
PEI5mgmL_80°C_Des.TXT,PEI5mgmL,80°C,Des,5238,17384.975,100.0,332530.0,6.422684146341464,3.7995073170731706,2.623176829268293
PEI5mgmL_80°C_Des.TXT,PEI5mgmL,80°C,Des,5239,17389.975,100.0,332530.0,6.4226780487804875,3.799495121951219,2.6231829268292683
PEI5mgmL_80°C_Des.TXT,PEI5mgmL,80°C,Des,5240,17392.975,100.0,332530.0,6.422674390243903,3.7994878048780487,2.623186585365854
PEI5mgmL_80°C_Des.TXT,PEI5mgmL,80°C,Des,5241,17395.975,100.0,332530.0,6.422670731707317,3.799480487804878,2.6231902439024393
PEI5mgmL_80°C_Des.TXT,PEI5mgmL,80°C,Des,5242,17397.975,100.0,332530.0,6.422668292682927,3.7994756097560973,2.6231926829268293
PEI5mgmL_80°C_Des.TXT,PEI5mgmL,80°C,Des,5243,17400.975,100.0,332530.0,6.422664634146342,3.799468292682927,2.623196341463415
PEI5mgmL_80°C_Des.TXT,PEI5mgmL,80°C,Des,5244,17403.975,100.0,332530.0,6.422660975609756,3.799460975609756,2.6232
PEI5mgmL_80°C_Des.TXT,PEI5mgmL,80°C,Des,5245,17405.975,100.0,332530.0,6.422658536585366,3.7994560975609755,2.62320243902439
PEI5mgmL_80°C_Des.TXT,PEI5mgmL,80°C,Des,5246,17408.975,100.0,332530.0,6.422654878048781,3.7994487804878045,2.6232060975609763
PEI5mgmL_80°C_Des.TXT,PEI5mgmL,80°C,Des,5247,17410.975,100.0,332530.0,6.42265243902439,3.799443902439024,2.6232085365853663
PEI5mgmL_80°C_Des.TXT,PEI5mgmL,80°C,Des,5248,17413.975,100.0,332530.0,6.422648780487805,3.7994365853658536,2.623212195121951
PEI5mgmL_80°C_Des.TXT,PEI5mgmL,80°C,Des,5249,17415.975,100.0,332530.0,6.422646341463414,3.799431707317073,2.623214634146341
PEI5mgmL_80°C_Des.TXT,PEI5mgmL,80°C,Des,5250,17418.975,100.0,332530.0,6.4226426829268295,3.799424390243902,2.6232182926829273
PEI5mgmL_80°C_Des.TXT,PEI5mgmL,80°C,Des,5251,17423.975,100.0,332530.0,6.422636585365853,3.7994121951219513,2.623224390243902
PEI5mgmL_80°C_Des.TXT,PEI5mgmL,80°C,Des,5252,17426.975,100.0,332530.0,6.422632926829269,3.7994048780487804,2.623228048780488
PEI5mgmL_80°C_Des.TXT,PEI5mgmL,80°C,Des,5253,17428.975,100.0,332530.0,6.422630487804878,3.7994,2.623230487804878
PEI5mgmL_80°C_Des.TXT,PEI5mgmL,80°C,Des,5254,17431.975,100.0,332530.0,6.422626829268292,3.7993890243902437,2.6232378048780487
PEI5mgmL_80°C_Des.TXT,PEI5mgmL,80°C,Des,5255,17437.975,100.0,332530.0,6.422619512195122,3.7993670731707314,2.6232524390243905
PEI5mgmL_80°C_Des.TXT,PEI5mgmL,80°C,Des,5256,17445.975,100.0,332530.0,6.422609756097561,3.7993378048780486,2.6232719512195124
PEI5mgmL_80°C_Des.TXT,PEI5mgmL,80°C,Des,5257,17453.975,100.0,332530.0,6.4226,3.799308536585366,2.6232914634146343
PEI5mgmL_80°C_Des.TXT,PEI5mgmL,80°C,Des,5258,17455.975,100.0,332530.0,6.42259268292683,3.799301219512195,2.6232914634146347
PEI5mgmL_80°C_Des.TXT,PEI5mgmL,80°C,Des,5259,17458.975,100.0,332530.0,6.4225817073170735,3.799290243902439,2.6232914634146343
PEI5mgmL_80°C_Des.TXT,PEI5mgmL,80°C,Des,5260,17461.975,100.0,332530.0,6.422570731707317,3.799279268292683,2.6232914634146343
PEI5mgmL_80°C_Des.TXT,PEI5mgmL,80°C,Des,5261,17463.975,100.0,332530.0,6.422563414634147,3.799271951219512,2.6232914634146347
PEI5mgmL_80°C_Des.TXT,PEI5mgmL,80°C,Des,5262,17466.975,100.0,332530.0,6.422552439024391,3.799260975609756,2.6232914634146347
PEI5mgmL_80°C_Des.TXT,PEI5mgmL,80°C,Des,5263,17471.975,100.0,332530.0,6.422534146341463,3.7992426829268293,2.623291463414634
PEI5mgmL_80°C_Des.TXT,PEI5mgmL,80°C,Des,5264,17473.975,100.0,332530.0,6.422526829268293,3.7992353658536584,2.6232914634146343
PEI5mgmL_80°C_Des.TXT,PEI5mgmL,80°C,Des,5265,17476.975,100.0,332530.0,6.4225158536585365,3.7992243902439027,2.623291463414634
PEI5mgmL_80°C_Des.TXT,PEI5mgmL,80°C,Des,5266,17479.975,100.0,332530.0,6.42250487804878,3.7992134146341465,2.623291463414634
PEI5mgmL_80°C_Des.TXT,PEI5mgmL,80°C,Des,5267,17481.975,100.0,332530.0,6.42249756097561,3.7992060975609756,2.6232914634146343
PEI5mgmL_80°C_Des.TXT,PEI5mgmL,80°C,Des,5268,17484.975,100.0,332530.0,6.422486585365854,3.7991951219512194,2.6232914634146343
PEI5mgmL_80°C_Des.TXT,PEI5mgmL,80°C,Des,5269,17487.975,100.0,332530.0,6.4224756097560975,3.7991841463414633,2.6232914634146343
PEI5mgmL_80°C_Des.TXT,PEI5mgmL,80°C,Des,5270,17489.975,100.0,332530.0,6.422468292682927,3.799176829268293,2.6232914634146343
PEI5mgmL_80°C_Des.TXT,PEI5mgmL,80°C,Des,5271,17492.975,100.0,332530.0,6.422457317073171,3.7991658536585367,2.6232914634146343
PEI5mgmL_80°C_Des.TXT,PEI5mgmL,80°C,Des,5272,17494.975,100.0,332530.0,6.4224499999999995,3.7991585365853657,2.623291463414634
PEI5mgmL_80°C_Des.TXT,PEI5mgmL,80°C,Des,5273,17497.975,100.0,332530.0,6.422439024390244,3.79914756097561,2.6232914634146343
PEI5mgmL_80°C_Des.TXT,PEI5mgmL,80°C,Des,5274,17499.975,100.0,332530.0,6.422431707317073,3.799140243902439,2.623291463414634
PEI5mgmL_80°C_Des.TXT,PEI5mgmL,80°C,Des,5275,17505.975,100.0,332530.0,6.422409756097561,3.799118292682927,2.623291463414634
PEI5mgmL_80°C_Des.TXT,PEI5mgmL,80°C,Des,5276,17507.975,100.0,332530.0,6.42240243902439,3.7991109756097563,2.623291463414634
PEI5mgmL_80°C_Des.TXT,PEI5mgmL,80°C,Des,5277,17510.975,100.0,332530.0,6.422391463414634,3.7991,2.623291463414634
PEI5mgmL_80°C_Des.TXT,PEI5mgmL,80°C,Des,5278,17513.975,100.0,332530.0,6.422380487804878,3.799143373493976,2.6232371143109017
PEI5mgmL_80°C_Des.TXT,PEI5mgmL,80°C,Des,5279,17520.975,100.0,332530.0,6.422354878048781,3.799244578313253,2.6231102997355276
PEI5mgmL_80°C_Des.TXT,PEI5mgmL,80°C,Des,5280,17527.975,100.0,332530.0,6.422329268292683,3.79934578313253,2.6229834851601526
PEI5mgmL_80°C_Des.TXT,PEI5mgmL,80°C,Des,5281,17535.975,100.0,332530.0,6.4223,3.7994614457831326,2.6228385542168673
PEI5mgmL_80°C_Des.TXT,PEI5mgmL,80°C,Des,5282,17537.975,100.0,332530.0,6.422314457831325,3.799490361445783,2.622824096385542
PEI5mgmL_80°C_Des.TXT,PEI5mgmL,80°C,Des,5283,17540.975,100.0,332530.0,6.422336144578313,3.799533734939759,2.6228024096385543
