Source_File,Material,Temperature,Mode,Interpolated_Spectrum_ID,Time_Relative_s,First_Freq_Hz,Comparison_Freq_Hz,First_Eps_real,Comparison_Eps_real,Eps_real_Step_Height
PEI5mgmL_60°C_Abs.TXT,PEI5mgmL,60°C,Abs,23,-345.28,100.0,332530.0,6.3127349218261415,3.68395375,2.6287811718261413
PEI5mgmL_60°C_Abs.TXT,PEI5mgmL,60°C,Abs,24,-338.29999999999995,100.0,332530.0,6.3127,3.6839363,2.6287637000000004
PEI5mgmL_60°C_Abs.TXT,PEI5mgmL,60°C,Abs,25,-335.83,100.0,332530.0,6.31269073402526,3.6839301250000003,2.6287606090252598
PEI5mgmL_60°C_Abs.TXT,PEI5mgmL,60°C,Abs,26,-333.08,100.0,332530.0,6.312680417656622,3.6839232500000003,2.6287571676566213
PEI5mgmL_60°C_Abs.TXT,PEI5mgmL,60°C,Abs,27,-330.34,100.0,332530.0,6.312670138802051,3.6839164,2.628753738802051
PEI5mgmL_60°C_Abs.TXT,PEI5mgmL,60°C,Abs,28,-327.60999999999996,100.0,332530.0,6.312659897461549,3.6839095750000004,2.6287503224615483
PEI5mgmL_60°C_Abs.TXT,PEI5mgmL,60°C,Abs,29,-324.96999999999997,100.0,332530.0,6.312649993747656,3.683902975,2.628747018747656
PEI5mgmL_60°C_Abs.TXT,PEI5mgmL,60°C,Abs,30,-319.90999999999997,100.0,332530.0,6.312631011629361,3.683890325,2.628740686629361
PEI5mgmL_60°C_Abs.TXT,PEI5mgmL,60°C,Abs,31,-317.46999999999997,100.0,332530.0,6.312621858196824,3.6838842250000003,2.6287376331968235
PEI5mgmL_60°C_Abs.TXT,PEI5mgmL,60°C,Abs,32,-314.65999999999997,100.0,332530.0,6.312611316743779,3.6838772,2.628734116743779
PEI5mgmL_60°C_Abs.TXT,PEI5mgmL,60°C,Abs,33,-312.21999999999997,100.0,332530.0,6.312602163311242,3.6838711,2.6287310633112417
PEI5mgmL_60°C_Abs.TXT,PEI5mgmL,60°C,Abs,34,-309.54999999999995,100.0,332530.0,6.312592147055146,3.6838644250000003,2.628727722055146
PEI5mgmL_60°C_Abs.TXT,PEI5mgmL,60°C,Abs,35,-306.90999999999997,100.0,332530.0,6.312582243341254,3.683857825,2.6287244183412537
PEI5mgmL_60°C_Abs.TXT,PEI5mgmL,60°C,Abs,36,-304.25,100.0,332530.0,6.3125722645992255,3.683851175,2.6287210895992255
PEI5mgmL_60°C_Abs.TXT,PEI5mgmL,60°C,Abs,37,-301.65999999999997,100.0,332530.0,6.312562548455671,3.6838447000000003,2.6287178484556706
PEI5mgmL_60°C_Abs.TXT,PEI5mgmL,60°C,Abs,38,-299.0,100.0,332530.0,6.312552569713643,3.6838380500000003,2.6287145197136423
PEI5mgmL_60°C_Abs.TXT,PEI5mgmL,60°C,Abs,39,-296.53,100.0,332530.0,6.312543303738902,3.683831875,2.628711428738902
PEI5mgmL_60°C_Abs.TXT,PEI5mgmL,60°C,Abs,40,-294.09,100.0,332530.0,6.312534150306365,3.6838257750000003,2.6287083753063647
PEI5mgmL_60°C_Abs.TXT,PEI5mgmL,60°C,Abs,41,-291.40999999999997,100.0,332530.0,6.312524096536201,3.683819075,2.628705021536201
PEI5mgmL_60°C_Abs.TXT,PEI5mgmL,60°C,Abs,42,-288.96999999999997,100.0,332530.0,6.312514943103664,3.6838129750000004,2.6287019681036634
PEI5mgmL_60°C_Abs.TXT,PEI5mgmL,60°C,Abs,43,-286.22999999999996,100.0,332530.0,6.312504664249094,3.6838061250000003,2.6286985392490934
PEI5mgmL_60°C_Abs.TXT,PEI5mgmL,60°C,Abs,44,-283.78,100.0,332530.0,6.312495473302489,3.6838,2.6286954733024888
PEI5mgmL_60°C_Abs.TXT,PEI5mgmL,60°C,Abs,45,-281.21999999999997,100.0,332530.0,6.312485869701138,3.6837935911878836,2.6286922785132547
PEI5mgmL_60°C_Abs.TXT,PEI5mgmL,60°C,Abs,46,-273.33,100.0,332530.0,6.312456271101663,3.6837738390286647,2.6286824320729982
PEI5mgmL_60°C_Abs.TXT,PEI5mgmL,60°C,Abs,47,-265.44999999999993,100.0,332530.0,6.312426710016257,3.683754111903868,2.628672598112389
PEI5mgmL_60°C_Abs.TXT,PEI5mgmL,60°C,Abs,48,-258.33,100.0,332530.0,6.3124,3.6837362873951687,2.6286637126048316
PEI5mgmL_60°C_Abs.TXT,PEI5mgmL,60°C,Abs,49,-255.86999999999998,100.0,332530.0,6.312396909547739,3.6837301289272752,2.6286667806204638
PEI5mgmL_60°C_Abs.TXT,PEI5mgmL,60°C,Abs,50,-253.07999999999998,100.0,332530.0,6.312393404522613,3.683723144323445,2.628670260199168
PEI5mgmL_60°C_Abs.TXT,PEI5mgmL,60°C,Abs,51,-250.46999999999997,100.0,332530.0,6.3123901256281405,3.6837166103392165,2.628673515288924
PEI5mgmL_60°C_Abs.TXT,PEI5mgmL,60°C,Abs,52,-247.79999999999998,100.0,332530.0,6.312386771356784,3.6837099261484543,2.6286768452083296
PEI5mgmL_60°C_Abs.TXT,PEI5mgmL,60°C,Abs,53,-245.21999999999997,100.0,332530.0,6.312383530150754,3.683703467267493,2.628680062883261
PEI5mgmL_60°C_Abs.TXT,PEI5mgmL,60°C,Abs,54,-240.15999999999997,100.0,332530.0,6.312377173366834,3.683690799849794,2.6286863735170405
PEI5mgmL_60°C_Abs.TXT,PEI5mgmL,60°C,Abs,55,-237.71999999999997,100.0,332530.0,6.312374108040201,3.683684691450745,2.628689416589456
PEI5mgmL_60°C_Abs.TXT,PEI5mgmL,60°C,Abs,56,-235.07999999999998,100.0,332530.0,6.312370791457287,3.6836780823632496,2.6286927090940373
PEI5mgmL_60°C_Abs.TXT,PEI5mgmL,60°C,Abs,57,-232.58999999999997,100.0,332530.0,6.312367663316583,3.6836718487920894,2.6286958145244936
PEI5mgmL_60°C_Abs.TXT,PEI5mgmL,60°C,Abs,58,-230.15999999999997,100.0,332530.0,6.3123646105527635,3.683665765427463,2.6286988451253004
PEI5mgmL_60°C_Abs.TXT,PEI5mgmL,60°C,Abs,59,-227.52999999999997,100.0,332530.0,6.312361306532663,3.68365918137439,2.628702125158273
PEI5mgmL_60°C_Abs.TXT,PEI5mgmL,60°C,Abs,60,-225.08999999999997,100.0,332530.0,6.31235824120603,3.6836530729753414,2.6287051682306886
PEI5mgmL_60°C_Abs.TXT,PEI5mgmL,60°C,Abs,61,-222.33999999999997,100.0,332530.0,6.31235478643216,3.6836461885092002,2.62870859792296
PEI5mgmL_60°C_Abs.TXT,PEI5mgmL,60°C,Abs,62,-219.77999999999997,100.0,332530.0,6.312351570351758,3.6836397796970837,2.6287117906546746
PEI5mgmL_60°C_Abs.TXT,PEI5mgmL,60°C,Abs,63,-217.05999999999997,100.0,332530.0,6.312348153266331,3.6836329703342097,2.6287151829321216
PEI5mgmL_60°C_Abs.TXT,PEI5mgmL,60°C,Abs,64,-214.58999999999997,100.0,332530.0,6.312345050251256,3.683626786831894,2.628718263419362
PEI5mgmL_60°C_Abs.TXT,PEI5mgmL,60°C,Abs,65,-211.76999999999998,100.0,332530.0,6.312341507537688,3.683619727124797,2.6287217804128913
PEI5mgmL_60°C_Abs.TXT,PEI5mgmL,60°C,Abs,66,-209.27999999999997,100.0,332530.0,6.3123383793969845,3.6836134935536364,2.628724885843348
PEI5mgmL_60°C_Abs.TXT,PEI5mgmL,60°C,Abs,67,-206.36999999999998,100.0,332530.0,6.312334723618091,3.6836062085367383,2.6287285150813524
PEI5mgmL_60°C_Abs.TXT,PEI5mgmL,60°C,Abs,68,-203.89,100.0,332530.0,6.312331608040201,3.6836,2.6287316080402006
PEI5mgmL_60°C_Abs.TXT,PEI5mgmL,60°C,Abs,69,-201.05999999999997,100.0,332530.0,6.312328052763819,3.6835964505205068,2.6287316022433123
PEI5mgmL_60°C_Abs.TXT,PEI5mgmL,60°C,Abs,70,-193.33999999999997,100.0,332530.0,6.312318354271357,3.683586767841465,2.6287315864298915
PEI5mgmL_60°C_Abs.TXT,PEI5mgmL,60°C,Abs,71,-185.65999999999997,100.0,332530.0,6.312308706030151,3.6835771353317446,2.628731570698406
PEI5mgmL_60°C_Abs.TXT,PEI5mgmL,60°C,Abs,72,-178.72999999999996,100.0,332530.0,6.3123,3.6835684434968017,2.628731556503198
PEI5mgmL_60°C_Abs.TXT,PEI5mgmL,60°C,Abs,73,-176.26999999999998,100.0,332530.0,6.312296904102693,3.683565358083532,2.628731546019161
PEI5mgmL_60°C_Abs.TXT,PEI5mgmL,60°C,Abs,74,-173.76999999999998,100.0,332530.0,6.312293757865592,3.683562222500941,2.628731535364651
PEI5mgmL_60°C_Abs.TXT,PEI5mgmL,60°C,Abs,75,-171.07999999999998,100.0,332530.0,6.312290372514473,3.6835588486140725,2.6287315239004
PEI5mgmL_60°C_Abs.TXT,PEI5mgmL,60°C,Abs,76,-168.64,100.0,332530.0,6.312287301787062,3.6835557882854637,2.6287315135015987
PEI5mgmL_60°C_Abs.TXT,PEI5mgmL,60°C,Abs,77,-165.89,100.0,332530.0,6.312283840926252,3.683552339144613,2.628731501781639
PEI5mgmL_60°C_Abs.TXT,PEI5mgmL,60°C,Abs,78,-160.55999999999995,100.0,332530.0,6.312277133148754,3.6835456540825287,2.6287314790662255
PEI5mgmL_60°C_Abs.TXT,PEI5mgmL,60°C,Abs,79,-158.08999999999997,100.0,332530.0,6.312274024666499,3.6835425561269286,2.62873146853957
PEI5mgmL_60°C_Abs.TXT,PEI5mgmL,60°C,Abs,80,-155.25,100.0,332530.0,6.312270450541153,3.683538994105105,2.6287314564360478
PEI5mgmL_60°C_Abs.TXT,PEI5mgmL,60°C,Abs,81,-152.77999999999997,100.0,332530.0,6.312267342058897,3.683535896149505,2.6287314459093922
PEI5mgmL_60°C_Abs.TXT,PEI5mgmL,60°C,Abs,82,-150.33999999999997,100.0,332530.0,6.312264271331487,3.6835328358208956,2.6287314355105913
PEI5mgmL_60°C_Abs.TXT,PEI5mgmL,60°C,Abs,83,-147.57999999999998,100.0,332530.0,6.312260797885728,3.6835293741377146,2.6287314237480137
PEI5mgmL_60°C_Abs.TXT,PEI5mgmL,60°C,Abs,84,-145.15999999999997,100.0,332530.0,6.3122577523282155,3.6835263388937665,2.628731413434449
PEI5mgmL_60°C_Abs.TXT,PEI5mgmL,60°C,Abs,85,-142.57999999999998,100.0,332530.0,6.312254505411527,3.6835231029725324,2.6287314024389947
PEI5mgmL_60°C_Abs.TXT,PEI5mgmL,60°C,Abs,86,-139.71999999999997,100.0,332530.0,6.312250906116285,3.683519515866048,2.6287313902502367
PEI5mgmL_60°C_Abs.TXT,PEI5mgmL,60°C,Abs,87,-137.05999999999995,100.0,332530.0,6.31224755852001,3.683516179606171,2.628731378913839
PEI5mgmL_60°C_Abs.TXT,PEI5mgmL,60°C,Abs,88,-134.58999999999997,100.0,332530.0,6.312244450037754,3.683513081650571,2.6287313683871836
PEI5mgmL_60°C_Abs.TXT,PEI5mgmL,60°C,Abs,89,-131.79999999999995,100.0,332530.0,6.31224093883715,3.683509582340399,2.6287313564967514
PEI5mgmL_60°C_Abs.TXT,PEI5mgmL,60°C,Abs,90,-129.32999999999998,100.0,332530.0,6.312237830354896,3.683506484384799,2.6287313459700967
PEI5mgmL_60°C_Abs.TXT,PEI5mgmL,60°C,Abs,91,-126.77999999999997,100.0,332530.0,6.312234621193053,3.6835032860905557,2.628731335102497
PEI5mgmL_60°C_Abs.TXT,PEI5mgmL,60°C,Abs,92,-124.15999999999997,100.0,332530.0,6.3122313239365715,3.6835,2.6287313239365715
PEI5mgmL_60°C_Abs.TXT,PEI5mgmL,60°C,Abs,93,-121.58999999999997,100.0,332530.0,6.312228089604832,3.683496777429467,2.6287313121753653
PEI5mgmL_60°C_Abs.TXT,PEI5mgmL,60°C,Abs,94,-113.58999999999997,100.0,332530.0,6.312218021646111,3.683486746081505,2.6287312755646064
PEI5mgmL_60°C_Abs.TXT,PEI5mgmL,60°C,Abs,95,-105.90999999999997,100.0,332530.0,6.312208356405739,3.683477115987461,2.628731240418278
PEI5mgmL_60°C_Abs.TXT,PEI5mgmL,60°C,Abs,96,-99.26999999999998,100.0,332530.0,6.3122,3.683468789968652,2.628731210031348
PEI5mgmL_60°C_Abs.TXT,PEI5mgmL,60°C,Abs,97,-96.63999999999999,100.0,332530.0,6.312193404388714,3.6834654921630094,2.628727912225705
PEI5mgmL_60°C_Abs.TXT,PEI5mgmL,60°C,Abs,98,-94.13999999999999,100.0,332530.0,6.312187134796238,3.683462357366771,2.628724777429467
PEI5mgmL_60°C_Abs.TXT,PEI5mgmL,60°C,Abs,99,-91.32999999999998,100.0,332530.0,6.312180087774294,3.6834588338557994,2.6287212539184948
PEI5mgmL_60°C_Abs.TXT,PEI5mgmL,60°C,Abs,100,-88.71999999999997,100.0,332530.0,6.312173542319749,3.6834555611285267,2.628717981191222
PEI5mgmL_60°C_Abs.TXT,PEI5mgmL,60°C,Abs,101,-86.10999999999996,100.0,332530.0,6.312166996865203,3.683452288401254,2.6287147084639493
PEI5mgmL_60°C_Abs.TXT,PEI5mgmL,60°C,Abs,102,-81.13999999999999,100.0,332530.0,6.31215453291536,3.683446056426332,2.6287084764890283
PEI5mgmL_60°C_Abs.TXT,PEI5mgmL,60°C,Abs,103,-78.65999999999997,100.0,332530.0,6.312148313479624,3.683442946708464,2.62870536677116
PEI5mgmL_60°C_Abs.TXT,PEI5mgmL,60°C,Abs,104,-76.08999999999997,100.0,332530.0,6.312141868338558,3.683439724137931,2.628702144200627
PEI5mgmL_60°C_Abs.TXT,PEI5mgmL,60°C,Abs,105,-73.36999999999995,100.0,332530.0,6.312135047021943,3.6834363134796235,2.6286987335423198
PEI5mgmL_60°C_Abs.TXT,PEI5mgmL,60°C,Abs,106,-70.90999999999997,100.0,332530.0,6.312128877742946,3.683433228840125,2.6286956489028213
PEI5mgmL_60°C_Abs.TXT,PEI5mgmL,60°C,Abs,107,-68.05999999999995,100.0,332530.0,6.312121730407523,3.6834296551724135,2.6286920752351097
PEI5mgmL_60°C_Abs.TXT,PEI5mgmL,60°C,Abs,108,-65.46999999999997,100.0,332530.0,6.312115235109718,3.683426407523511,2.628688827586207
PEI5mgmL_60°C_Abs.TXT,PEI5mgmL,60°C,Abs,109,-62.839999999999975,100.0,332530.0,6.312108639498432,3.683423109717868,2.6286855297805642
PEI5mgmL_60°C_Abs.TXT,PEI5mgmL,60°C,Abs,110,-60.27999999999997,100.0,332530.0,6.312102219435737,3.68341989968652,2.6286823197492164
PEI5mgmL_60°C_Abs.TXT,PEI5mgmL,60°C,Abs,111,-57.559999999999945,100.0,332530.0,6.312095398119122,3.683416489028213,2.628678909090909
PEI5mgmL_60°C_Abs.TXT,PEI5mgmL,60°C,Abs,112,-55.089999999999975,100.0,332530.0,6.312089203761755,3.6834133918495295,2.6286758119122258
PEI5mgmL_60°C_Abs.TXT,PEI5mgmL,60°C,Abs,113,-52.299999999999955,100.0,332530.0,6.312082206896552,3.6834098934169277,2.628672313479624
PEI5mgmL_60°C_Abs.TXT,PEI5mgmL,60°C,Abs,114,-49.839999999999975,100.0,332530.0,6.312076037617555,3.683406808777429,2.6286692288401254
PEI5mgmL_60°C_Abs.TXT,PEI5mgmL,60°C,Abs,115,-46.86999999999995,100.0,332530.0,6.312068589341693,3.6834030846394983,2.6286655047021945
PEI5mgmL_60°C_Abs.TXT,PEI5mgmL,60°C,Abs,116,-44.40999999999997,100.0,332530.0,6.312062420062696,3.6834,2.628662420062696
PEI5mgmL_60°C_Abs.TXT,PEI5mgmL,60°C,Abs,117,-41.51999999999998,100.0,332530.0,6.312055172413793,3.683396376175548,2.6286587962382453
PEI5mgmL_60°C_Abs.TXT,PEI5mgmL,60°C,Abs,118,-33.839999999999975,100.0,332530.0,6.3120359122257055,3.6833867460815046,2.628649166144201
PEI5mgmL_60°C_Abs.TXT,PEI5mgmL,60°C,Abs,119,-26.21999999999997,100.0,332530.0,6.312016802507837,3.6833771912225703,2.6286396112852666
PEI5mgmL_60°C_Abs.TXT,PEI5mgmL,60°C,Abs,120,-19.519999999999982,100.0,332530.0,6.312,3.6833687899686516,2.6286312100313487
PEI5mgmL_60°C_Abs.TXT,PEI5mgmL,60°C,Abs,121,-16.909999999999968,100.0,332530.0,6.311993454545455,3.683365517241379,2.628627937304076
PEI5mgmL_60°C_Abs.TXT,PEI5mgmL,60°C,Abs,122,-14.449999999999989,100.0,332530.0,6.311987285266458,3.683362432601881,2.628624852664577
PEI5mgmL_60°C_Abs.TXT,PEI5mgmL,60°C,Abs,123,-11.659999999999968,100.0,332530.0,6.311980288401254,3.683358934169279,2.628621354231975
PEI5mgmL_60°C_Abs.TXT,PEI5mgmL,60°C,Abs,124,-9.21999999999997,100.0,332530.0,6.311974169278997,3.68335587460815,2.628618294670847
PEI5mgmL_60°C_Abs.TXT,PEI5mgmL,60°C,Abs,125,-6.2999999999999545,100.0,332530.0,6.311966846394985,3.683352213166144,2.628614633228841
PEI5mgmL_60°C_Abs.TXT,PEI5mgmL,60°C,Abs,126,-1.339999999999975,100.0,332530.0,6.311954407523512,3.6833459937304074,2.6286084137931045
PEI5mgmL_60°C_Abs.TXT,PEI5mgmL,60°C,Abs,127,0.0,100.0,332530.0,6.311951047021944,3.6833443134796235,2.6286067335423207
PEI5mgmL_60°C_Abs.TXT,PEI5mgmL,60°C,Abs,128,1.3400000000000318,100.0,332530.0,6.307129889077711,3.6837900582429883,2.6233398308347224
PEI5mgmL_60°C_Abs.TXT,PEI5mgmL,60°C,Abs,129,3.9700000000000273,100.0,332530.0,6.297667467142387,3.684664915502428,2.613002551639959
PEI5mgmL_60°C_Abs.TXT,PEI5mgmL,60°C,Abs,130,6.660000000000025,100.0,332530.0,6.28798917246329,3.6855597314826145,2.602429440980676
PEI5mgmL_60°C_Abs.TXT,PEI5mgmL,60°C,Abs,131,9.160000000000025,100.0,332530.0,6.278994474806138,3.686391344847101,2.5926031299590373
PEI5mgmL_60°C_Abs.TXT,PEI5mgmL,60°C,Abs,132,11.920000000000016,100.0,332530.0,6.269064328592642,3.6873094460014935,2.5817548825911487
PEI5mgmL_60°C_Abs.TXT,PEI5mgmL,60°C,Abs,133,14.340000000000032,100.0,332530.0,6.260357461260519,3.6881144477383163,2.5722430135222023
PEI5mgmL_60°C_Abs.TXT,PEI5mgmL,60°C,Abs,134,16.950000000000045,100.0,332530.0,6.250966996906452,3.6889826520908398,2.561984344815612
PEI5mgmL_60°C_Abs.TXT,PEI5mgmL,60°C,Abs,135,19.53000000000003,100.0,332530.0,6.24168446892427,3.6898408770829896,2.5518435918412807
PEI5mgmL_60°C_Abs.TXT,PEI5mgmL,60°C,Abs,136,21.970000000000027,100.0,332530.0,6.23290564401089,3.690652531726728,2.5422531122841616
PEI5mgmL_60°C_Abs.TXT,PEI5mgmL,60°C,Abs,137,24.590000000000032,100.0,332530.0,6.223479200866194,3.6915240625327095,2.5319551383334846
PEI5mgmL_60°C_Abs.TXT,PEI5mgmL,60°C,Abs,138,27.220000000000027,100.0,332530.0,6.21401677893087,3.692398919792149,2.521617859138721
PEI5mgmL_60°C_Abs.TXT,PEI5mgmL,60°C,Abs,139,29.970000000000027,100.0,332530.0,6.204122611508002,3.6933136944930838,2.5108089170149186
PEI5mgmL_60°C_Abs.TXT,PEI5mgmL,60°C,Abs,140,32.53000000000003,100.0,332530.0,6.194912041107078,3.6941652665783176,2.5007467745287606
PEI5mgmL_60°C_Abs.TXT,PEI5mgmL,60°C,Abs,141,35.34000000000003,100.0,332530.0,6.184802000940439,3.6951,2.489702000940439
PEI5mgmL_60°C_Abs.TXT,PEI5mgmL,60°C,Abs,142,37.910000000000025,100.0,332530.0,6.175555451748886,3.6954633635123404,2.480092088236546
PEI5mgmL_60°C_Abs.TXT,PEI5mgmL,60°C,Abs,143,45.75,100.0,332530.0,6.147348079896057,3.6965718343048493,2.4507762455912077
PEI5mgmL_60°C_Abs.TXT,PEI5mgmL,60°C,Abs,144,53.53000000000003,100.0,332530.0,6.119356580786999,3.6976718219025178,2.421684758884481
PEI5mgmL_60°C_Abs.TXT,PEI5mgmL,60°C,Abs,145,60.80000000000001,100.0,332530.0,6.0932,3.6986997023440407,2.3945002976559597
PEI5mgmL_60°C_Abs.TXT,PEI5mgmL,60°C,Abs,146,63.25,100.0,332530.0,6.092918042321495,3.6990460994667,2.393871942854795
PEI5mgmL_60°C_Abs.TXT,PEI5mgmL,60°C,Abs,147,65.94000000000005,100.0,332530.0,6.092608464298973,3.6994264293687213,2.3931820349302515
PEI5mgmL_60°C_Abs.TXT,PEI5mgmL,60°C,Abs,148,68.55000000000001,100.0,332530.0,6.09230809305779,3.6997954483442888,2.3925126447135012
PEI5mgmL_60°C_Abs.TXT,PEI5mgmL,60°C,Abs,149,70.98000000000002,100.0,332530.0,6.09202843707462,3.700139017735334,2.391889419339286
PEI5mgmL_60°C_Abs.TXT,PEI5mgmL,60°C,Abs,150,73.53000000000003,100.0,332530.0,6.091734970919441,3.700499553516061,2.3912354174033794
PEI5mgmL_60°C_Abs.TXT,PEI5mgmL,60°C,Abs,151,78.75,100.0,332530.0,6.091134228437075,3.701237591467196,2.389896636969879
PEI5mgmL_60°C_Abs.TXT,PEI5mgmL,60°C,Abs,152,81.30000000000001,100.0,332530.0,6.090840762281896,3.7015981272479226,2.3892426350339737
PEI5mgmL_60°C_Abs.TXT,PEI5mgmL,60°C,Abs,153,83.94000000000005,100.0,332530.0,6.090536938497711,3.7019713878209104,2.3885655506768004
PEI5mgmL_60°C_Abs.TXT,PEI5mgmL,60°C,Abs,154,86.72000000000003,100.0,332530.0,6.090217002846183,3.702364442515193,2.3878525603309897
PEI5mgmL_60°C_Abs.TXT,PEI5mgmL,60°C,Abs,155,89.42000000000007,100.0,332530.0,6.089906273975993,3.7027461862830213,2.3871600876929717
PEI5mgmL_60°C_Abs.TXT,PEI5mgmL,60°C,Abs,156,92.02999999999997,100.0,332530.0,6.08960590273481,3.7031152052585887,2.3864906974762214
PEI5mgmL_60°C_Abs.TXT,PEI5mgmL,60°C,Abs,157,94.84000000000003,100.0,332530.0,6.08928251454028,3.7035125015502914,2.385770012989988
PEI5mgmL_60°C_Abs.TXT,PEI5mgmL,60°C,Abs,158,97.47000000000003,100.0,332530.0,6.088979841603762,3.7038843482574726,2.3850954933462893
PEI5mgmL_60°C_Abs.TXT,PEI5mgmL,60°C,Abs,159,100.11000000000001,100.0,332530.0,6.088676017819577,3.7042576088304604,2.384418408989117
PEI5mgmL_60°C_Abs.TXT,PEI5mgmL,60°C,Abs,160,102.59000000000003,100.0,332530.0,6.08839060759807,3.7046082475505395,2.3837823600475305
PEI5mgmL_60°C_Abs.TXT,PEI5mgmL,60°C,Abs,161,105.44000000000005,100.0,332530.0,6.08806261601287,3.7050111993054697,2.3830514167074
PEI5mgmL_60°C_Abs.TXT,PEI5mgmL,60°C,Abs,162,108.09000000000003,100.0,332530.0,6.0877576413810175,3.705385873744264,2.3823717676367533
PEI5mgmL_60°C_Abs.TXT,PEI5mgmL,60°C,Abs,163,110.91000000000008,100.0,332530.0,6.087433102338819,3.7057845839017736,2.3816485184370455
PEI5mgmL_60°C_Abs.TXT,PEI5mgmL,60°C,Abs,164,113.52999999999997,100.0,332530.0,6.087131580249969,3.7061550167431476,2.3809765635068216
PEI5mgmL_60°C_Abs.TXT,PEI5mgmL,60°C,Abs,165,115.97000000000003,100.0,332530.0,6.0868507734191315,3.7065,2.3803507734191314
PEI5mgmL_60°C_Abs.TXT,PEI5mgmL,60°C,Abs,166,118.63999999999999,100.0,332530.0,6.086543497091944,3.706663660245184,2.37987983684676
PEI5mgmL_60°C_Abs.TXT,PEI5mgmL,60°C,Abs,167,125.44000000000005,100.0,332530.0,6.085760920678134,3.707080472854641,2.378680447823493
PEI5mgmL_60°C_Abs.TXT,PEI5mgmL,60°C,Abs,168,133.34000000000003,100.0,332530.0,6.0848517510209135,3.707564711033275,2.3772870399876385
PEI5mgmL_60°C_Abs.TXT,PEI5mgmL,60°C,Abs,169,141.61,100.0,332530.0,6.0839,3.7080716287215414,2.3758283712784585
PEI5mgmL_60°C_Abs.TXT,PEI5mgmL,60°C,Abs,170,144.16000000000008,100.0,332530.0,6.0837193776878316,3.7082279334500874,2.375491444237744
PEI5mgmL_60°C_Abs.TXT,PEI5mgmL,60°C,Abs,171,146.98000000000002,100.0,332530.0,6.083519630660258,3.708400788091068,2.37511884256919
PEI5mgmL_60°C_Abs.TXT,PEI5mgmL,60°C,Abs,172,149.89,100.0,332530.0,6.0833135087275485,3.708579159369527,2.3747343493580213
PEI5mgmL_60°C_Abs.TXT,PEI5mgmL,60°C,Abs,173,152.34000000000003,100.0,332530.0,6.083139969643309,3.708729334500876,2.374410635142433
PEI5mgmL_60°C_Abs.TXT,PEI5mgmL,60°C,Abs,174,155.20000000000005,100.0,332530.0,6.082937389324563,3.7089046409807356,2.3740327483438275
PEI5mgmL_60°C_Abs.TXT,PEI5mgmL,60°C,Abs,175,160.17000000000007,100.0,332530.0,6.082585352896534,3.709209281961471,2.373376070935063
PEI5mgmL_60°C_Abs.TXT,PEI5mgmL,60°C,Abs,176,162.72000000000003,100.0,332530.0,6.082404730584366,3.7093655866900175,2.3730391438943483
PEI5mgmL_60°C_Abs.TXT,PEI5mgmL,60°C,Abs,177,165.27999999999997,100.0,332530.0,6.082223399949405,3.709522504378284,2.3727008955711213
PEI5mgmL_60°C_Abs.TXT,PEI5mgmL,60°C,Abs,178,167.94000000000005,100.0,332530.0,6.082034986086517,3.709685551663748,2.3723494344227687
PEI5mgmL_60°C_Abs.TXT,PEI5mgmL,60°C,Abs,179,170.41000000000008,100.0,332530.0,6.081860030356691,3.709836952714536,2.3720230776421554
PEI5mgmL_60°C_Abs.TXT,PEI5mgmL,60°C,Abs,180,172.98000000000002,100.0,332530.0,6.081677991398937,3.7099944833625216,2.3716835080364156
PEI5mgmL_60°C_Abs.TXT,PEI5mgmL,60°C,Abs,181,175.59000000000003,100.0,332530.0,6.081493119150013,3.710154465849387,2.3713386533006258
PEI5mgmL_60°C_Abs.TXT,PEI5mgmL,60°C,Abs,182,178.16000000000008,100.0,332530.0,6.0813110801922585,3.710311996497373,2.3709990836948855
PEI5mgmL_60°C_Abs.TXT,PEI5mgmL,60°C,Abs,183,180.70000000000005,100.0,332530.0,6.0811311662028835,3.7104676882661995,2.370663477936684
PEI5mgmL_60°C_Abs.TXT,PEI5mgmL,60°C,Abs,184,183.16000000000008,100.0,332530.0,6.0809569187958505,3.7106184763572676,2.370338442438583
PEI5mgmL_60°C_Abs.TXT,PEI5mgmL,60°C,Abs,185,185.59000000000003,100.0,332530.0,6.080784796357197,3.710767425569177,2.3700173707880197
PEI5mgmL_60°C_Abs.TXT,PEI5mgmL,60°C,Abs,186,188.20000000000005,100.0,332530.0,6.080599924108272,3.7109274080560417,2.3696725160522303
PEI5mgmL_60°C_Abs.TXT,PEI5mgmL,60°C,Abs,187,190.66000000000008,100.0,332530.0,6.080425676701239,3.71107819614711,2.369347480554129
PEI5mgmL_60°C_Abs.TXT,PEI5mgmL,60°C,Abs,188,193.47000000000003,100.0,332530.0,6.080226637996458,3.711250437828371,2.368976200168087
PEI5mgmL_60°C_Abs.TXT,PEI5mgmL,60°C,Abs,189,195.91000000000008,100.0,332530.0,6.080053807235011,3.7114,2.368653807235011
PEI5mgmL_60°C_Abs.TXT,PEI5mgmL,60°C,Abs,190,198.58000000000004,100.0,332530.0,6.079864685049329,3.7114748280254775,2.3683898570238515
PEI5mgmL_60°C_Abs.TXT,PEI5mgmL,60°C,Abs,191,205.01999999999998,100.0,332530.0,6.079408525170756,3.7116553121019105,2.3677532130688452
PEI5mgmL_60°C_Abs.TXT,PEI5mgmL,60°C,Abs,192,212.84000000000003,100.0,332530.0,6.078854616746774,3.7118744713375795,2.3669801454091948
PEI5mgmL_60°C_Abs.TXT,PEI5mgmL,60°C,Abs,193,220.67000000000007,100.0,332530.0,6.0783,3.7120939108280253,2.3662060891719743
PEI5mgmL_60°C_Abs.TXT,PEI5mgmL,60°C,Abs,194,223.30000000000007,100.0,332530.0,6.078147324583544,3.7121676178343948,2.365979706749149
PEI5mgmL_60°C_Abs.TXT,PEI5mgmL,60°C,Abs,195,225.77999999999997,100.0,332530.0,6.078003356890459,3.712237121019108,2.365766235871351
PEI5mgmL_60°C_Abs.TXT,PEI5mgmL,60°C,Abs,196,228.44000000000005,100.0,332530.0,6.0778489399293285,3.712311668789809,2.3655372711395195
PEI5mgmL_60°C_Abs.TXT,PEI5mgmL,60°C,Abs,197,230.91000000000008,100.0,332530.0,6.077705552751135,3.712380891719745,2.3653246610313903
PEI5mgmL_60°C_Abs.TXT,PEI5mgmL,60°C,Abs,198,233.47000000000003,100.0,332530.0,6.077556940938919,3.712452636942675,2.3651043039962443
PEI5mgmL_60°C_Abs.TXT,PEI5mgmL,60°C,Abs,199,238.52999999999997,100.0,332530.0,6.077263200403836,3.7125944458598727,2.3646687545439633
PEI5mgmL_60°C_Abs.TXT,PEI5mgmL,60°C,Abs,200,240.97000000000003,100.0,332530.0,6.077121554770318,3.7126628280254774,2.3644587267448403
PEI5mgmL_60°C_Abs.TXT,PEI5mgmL,60°C,Abs,201,243.59000000000003,100.0,332530.0,6.076969459868753,3.71273625477707,2.3642332050916828
PEI5mgmL_60°C_Abs.TXT,PEI5mgmL,60°C,Abs,202,246.02999999999997,100.0,332530.0,6.0768278142352345,3.7128046369426753,2.3640231772925593
PEI5mgmL_60°C_Abs.TXT,PEI5mgmL,60°C,Abs,203,248.52999999999997,100.0,332530.0,6.076682685512367,3.7128747006369425,2.3638079848754243
PEI5mgmL_60°C_Abs.TXT,PEI5mgmL,60°C,Abs,204,251.09000000000003,100.0,332530.0,6.076534073700151,3.7129464458598727,2.3635876278402788
PEI5mgmL_60°C_Abs.TXT,PEI5mgmL,60°C,Abs,205,253.52999999999997,100.0,332530.0,6.076392428066633,3.7130148280254778,2.3633776000411553
PEI5mgmL_60°C_Abs.TXT,PEI5mgmL,60°C,Abs,206,256.1600000000001,100.0,332530.0,6.076239752650176,3.713088535031847,2.363151217618329
PEI5mgmL_60°C_Abs.TXT,PEI5mgmL,60°C,Abs,207,258.72,100.0,332530.0,6.07609114083796,3.713160280254777,2.362930860583183
PEI5mgmL_60°C_Abs.TXT,PEI5mgmL,60°C,Abs,208,261.1600000000001,100.0,332530.0,6.0759494952044415,3.713228662420382,2.3627208327840594
PEI5mgmL_60°C_Abs.TXT,PEI5mgmL,60°C,Abs,209,263.78,100.0,332530.0,6.075797400302877,3.7133020891719744,2.3624953111309024
PEI5mgmL_60°C_Abs.TXT,PEI5mgmL,60°C,Abs,210,266.34000000000003,100.0,332530.0,6.0756487884906605,3.7133738343949045,2.362274954095756
PEI5mgmL_60°C_Abs.TXT,PEI5mgmL,60°C,Abs,211,269.09000000000003,100.0,332530.0,6.075489146895507,3.7134509044585986,2.362038242436908
PEI5mgmL_60°C_Abs.TXT,PEI5mgmL,60°C,Abs,212,271.6600000000001,100.0,332530.0,6.075339954568399,3.713522929936306,2.361817024632093
PEI5mgmL_60°C_Abs.TXT,PEI5mgmL,60°C,Abs,213,274.4100000000001,100.0,332530.0,6.075180312973245,3.7136,2.361580312973245
PEI5mgmL_60°C_Abs.TXT,PEI5mgmL,60°C,Abs,214,277.14,100.0,332530.0,6.075021832407875,3.713624019607843,2.3613978128000315
PEI5mgmL_60°C_Abs.TXT,PEI5mgmL,60°C,Abs,215,283.75,100.0,332530.0,6.074638112064614,3.7136821769733537,2.36095593509126
PEI5mgmL_60°C_Abs.TXT,PEI5mgmL,60°C,Abs,216,291.59000000000003,100.0,332530.0,6.074182988389702,3.71375115635998,2.360431832029722
PEI5mgmL_60°C_Abs.TXT,PEI5mgmL,60°C,Abs,217,299.9100000000001,100.0,332530.0,6.0737,3.713824358974359,2.3598756410256407
PEI5mgmL_60°C_Abs.TXT,PEI5mgmL,60°C,Abs,218,302.4200000000001,100.0,332530.0,6.073576182646091,3.713846442936149,2.3597297397099424
PEI5mgmL_60°C_Abs.TXT,PEI5mgmL,60°C,Abs,219,305.13,100.0,332530.0,6.073442499367569,3.713870286576169,2.3595722127913996
PEI5mgmL_60°C_Abs.TXT,PEI5mgmL,60°C,Abs,220,307.84000000000003,100.0,332530.0,6.073308816089046,3.713894130216189,2.359414685872857
PEI5mgmL_60°C_Abs.TXT,PEI5mgmL,60°C,Abs,221,310.48,100.0,332530.0,6.073178585884138,3.7139173579688287,2.3592612279153093
PEI5mgmL_60°C_Abs.TXT,PEI5mgmL,60°C,Abs,222,313.03,100.0,332530.0,6.073052795345307,3.7139397938662646,2.359113001479042
PEI5mgmL_60°C_Abs.TXT,PEI5mgmL,60°C,Abs,223,318.09000000000003,100.0,332530.0,6.072803187452568,3.7139843137254904,2.358818873727077
PEI5mgmL_60°C_Abs.TXT,PEI5mgmL,60°C,Abs,224,320.53,100.0,332530.0,6.072682823172274,3.7140057817998997,2.358677041372374
PEI5mgmL_60°C_Abs.TXT,PEI5mgmL,60°C,Abs,225,323.1600000000001,100.0,332530.0,6.072553086263597,3.7140289215686275,2.3585241646949697
PEI5mgmL_60°C_Abs.TXT,PEI5mgmL,60°C,Abs,226,325.59000000000003,100.0,332530.0,6.072433215279534,3.714050301659125,2.358382913620409
PEI5mgmL_60°C_Abs.TXT,PEI5mgmL,60°C,Abs,227,328.03,100.0,332530.0,6.072312850999241,3.7140717697335344,2.3582410812657066
PEI5mgmL_60°C_Abs.TXT,PEI5mgmL,60°C,Abs,228,330.6600000000001,100.0,332530.0,6.0721831140905635,3.7140949095022626,2.358088204588301
PEI5mgmL_60°C_Abs.TXT,PEI5mgmL,60°C,Abs,229,333.09000000000003,100.0,332530.0,6.072063243106501,3.71411628959276,2.357946953513741
PEI5mgmL_60°C_Abs.TXT,PEI5mgmL,60°C,Abs,230,335.6700000000001,100.0,332530.0,6.071935972678978,3.7141389894419308,2.3577969832370473
PEI5mgmL_60°C_Abs.TXT,PEI5mgmL,60°C,Abs,231,338.4100000000001,100.0,332530.0,6.071800809511763,3.714163097033685,2.357637712478078
PEI5mgmL_60°C_Abs.TXT,PEI5mgmL,60°C,Abs,232,340.84000000000003,100.0,332530.0,6.071680938527701,3.714184477124183,2.3574964614035174
PEI5mgmL_60°C_Abs.TXT,PEI5mgmL,60°C,Abs,233,343.4100000000001,100.0,332530.0,6.071554161396407,3.714207088989442,2.357347072406965
PEI5mgmL_60°C_Abs.TXT,PEI5mgmL,60°C,Abs,234,345.97,100.0,332530.0,6.071427877561345,3.7142296128707897,2.3571982646905556
PEI5mgmL_60°C_Abs.TXT,PEI5mgmL,60°C,Abs,235,348.69000000000005,100.0,332530.0,6.071293700986592,3.714253544494721,2.357040156491871
PEI5mgmL_60°C_Abs.TXT,PEI5mgmL,60°C,Abs,236,351.28,100.0,332530.0,6.071165937262838,3.714276332327803,2.3568896049350347
PEI5mgmL_60°C_Abs.TXT,PEI5mgmL,60°C,Abs,237,353.97,100.0,332530.0,6.071033240576777,3.7143,2.356733240576777
PEI5mgmL_60°C_Abs.TXT,PEI5mgmL,60°C,Abs,238,356.64,100.0,332530.0,6.0709015304831775,3.7142899498117945,2.356611580671383
PEI5mgmL_60°C_Abs.TXT,PEI5mgmL,60°C,Abs,239,363.44000000000005,100.0,332530.0,6.070566089046293,3.714264353826851,2.3563017352194424
PEI5mgmL_60°C_Abs.TXT,PEI5mgmL,60°C,Abs,240,371.09000000000003,100.0,332530.0,6.0701887174298,3.7142355583437894,2.3559531590860106
PEI5mgmL_60°C_Abs.TXT,PEI5mgmL,60°C,Abs,241,378.97,100.0,332530.0,6.0698,3.7142058971141783,2.3555941028858216
PEI5mgmL_60°C_Abs.TXT,PEI5mgmL,60°C,Abs,242,381.61,100.0,332530.0,6.06969077231695,3.7141959598494356,2.355494812467515
PEI5mgmL_60°C_Abs.TXT,PEI5mgmL,60°C,Abs,243,384.05000000000007,100.0,332530.0,6.069589819458375,3.714186775407779,2.3554030440505955
PEI5mgmL_60°C_Abs.TXT,PEI5mgmL,60°C,Abs,244,386.59000000000003,100.0,332530.0,6.069484729187563,3.7141772145545797,2.355307514632983
PEI5mgmL_60°C_Abs.TXT,PEI5mgmL,60°C,Abs,245,389.22,100.0,332530.0,6.069375915245737,3.7141673149309913,2.3552086003147457
PEI5mgmL_60°C_Abs.TXT,PEI5mgmL,60°C,Abs,246,391.78,100.0,332530.0,6.069269997492477,3.714157678795483,2.3551123186969942
PEI5mgmL_60°C_Abs.TXT,PEI5mgmL,60°C,Abs,247,397.1600000000001,100.0,332530.0,6.0690474047141425,3.714137427854454,2.3549099768596884
PEI5mgmL_60°C_Abs.TXT,PEI5mgmL,60°C,Abs,248,399.9100000000001,100.0,332530.0,6.068933625877633,3.714127076537014,2.3548065493406187
PEI5mgmL_60°C_Abs.TXT,PEI5mgmL,60°C,Abs,249,402.47,100.0,332530.0,6.068827708124373,3.714117440401506,2.3547102677228673
PEI5mgmL_60°C_Abs.TXT,PEI5mgmL,60°C,Abs,250,405.14,100.0,332530.0,6.068717239217653,3.7141073902132997,2.3546098490043534
PEI5mgmL_60°C_Abs.TXT,PEI5mgmL,60°C,Abs,251,407.59000000000003,100.0,332530.0,6.068615872617853,3.7140981681304894,2.3545177044873635
PEI5mgmL_60°C_Abs.TXT,PEI5mgmL,60°C,Abs,252,410.1700000000001,100.0,332530.0,6.068509127382146,3.7140884567126724,2.354420670669474
PEI5mgmL_60°C_Abs.TXT,PEI5mgmL,60°C,Abs,253,412.84000000000003,100.0,332530.0,6.068398658475426,3.7140784065244667,2.3543202519509596
PEI5mgmL_60°C_Abs.TXT,PEI5mgmL,60°C,Abs,254,415.70000000000005,100.0,332530.0,6.068280328485456,3.7140676411543287,2.3542126873311275
PEI5mgmL_60°C_Abs.TXT,PEI5mgmL,60°C,Abs,255,418.28,100.0,332530.0,6.068173583249749,3.7140579297365117,2.354115653513237
PEI5mgmL_60°C_Abs.TXT,PEI5mgmL,60°C,Abs,256,420.94000000000005,100.0,332530.0,6.068063528084252,3.7140479171894603,2.354015610894792
PEI5mgmL_60°C_Abs.TXT,PEI5mgmL,60°C,Abs,257,423.4100000000001,100.0,332530.0,6.067961334002006,3.714038619824341,2.353922714177665
PEI5mgmL_60°C_Abs.TXT,PEI5mgmL,60°C,Abs,258,425.97,100.0,332530.0,6.067855416248746,3.714028983688833,2.3538264325599134
PEI5mgmL_60°C_Abs.TXT,PEI5mgmL,60°C,Abs,259,428.59000000000003,100.0,332530.0,6.067747016048144,3.714019121706399,2.353727894341745
PEI5mgmL_60°C_Abs.TXT,PEI5mgmL,60°C,Abs,260,431.1600000000001,100.0,332530.0,6.067640684553661,3.7140094479297363,2.3536312366239245
PEI5mgmL_60°C_Abs.TXT,PEI5mgmL,60°C,Abs,261,433.6700000000001,100.0,332530.0,6.06753683550652,3.714,2.3535368355065196
PEI5mgmL_60°C_Abs.TXT,PEI5mgmL,60°C,Abs,262,436.52,100.0,332530.0,6.067418919257773,3.7139678692220968,2.3534510500356762
PEI5mgmL_60°C_Abs.TXT,PEI5mgmL,60°C,Abs,263,443.03,100.0,332530.0,6.067149573721163,3.713894475760992,2.3532550979601705
PEI5mgmL_60°C_Abs.TXT,PEI5mgmL,60°C,Abs,264,450.97,100.0,332530.0,6.066821063189568,3.71380496054115,2.3530161026484184
PEI5mgmL_60°C_Abs.TXT,PEI5mgmL,60°C,Abs,265,458.73,100.0,332530.0,6.0665,3.7137174746335964,2.352782525366403
PEI5mgmL_60°C_Abs.TXT,PEI5mgmL,60°C,Abs,266,461.34000000000003,100.0,332530.0,6.066382549999999,3.713688049605411,2.352694500394588
PEI5mgmL_60°C_Abs.TXT,PEI5mgmL,60°C,Abs,267,463.9100000000001,100.0,332530.0,6.0662669,3.7136590755355128,2.352607824464487
PEI5mgmL_60°C_Abs.TXT,PEI5mgmL,60°C,Abs,268,466.47,100.0,332530.0,6.0661517,3.713630214205186,2.352521485794814
PEI5mgmL_60°C_Abs.TXT,PEI5mgmL,60°C,Abs,269,469.11,100.0,332530.0,6.0660329,3.7136004509582863,2.3524324490417134
PEI5mgmL_60°C_Abs.TXT,PEI5mgmL,60°C,Abs,270,471.72,100.0,332530.0,6.065915449999999,3.7135710259301016,2.352344424069898
PEI5mgmL_60°C_Abs.TXT,PEI5mgmL,60°C,Abs,271,476.97,100.0,332530.0,6.0656792,3.713511837655017,2.352167362344983
PEI5mgmL_60°C_Abs.TXT,PEI5mgmL,60°C,Abs,272,479.6600000000001,100.0,332530.0,6.065558149999999,3.7134815107102592,2.35207663928974
PEI5mgmL_60°C_Abs.TXT,PEI5mgmL,60°C,Abs,273,482.28,100.0,332530.0,6.06544025,3.7134519729425026,2.3519882770574974
PEI5mgmL_60°C_Abs.TXT,PEI5mgmL,60°C,Abs,274,484.9200000000001,100.0,332530.0,6.06532145,3.713422209695603,2.351899240304397
PEI5mgmL_60°C_Abs.TXT,PEI5mgmL,60°C,Abs,275,487.53,100.0,332530.0,6.065204,3.713392784667418,2.3518112153325816
PEI5mgmL_60°C_Abs.TXT,PEI5mgmL,60°C,Abs,276,490.20000000000005,100.0,332530.0,6.06508385,3.7133626832018036,2.351721166798196
PEI5mgmL_60°C_Abs.TXT,PEI5mgmL,60°C,Abs,277,492.6600000000001,100.0,332530.0,6.06497315,3.7133349492671925,2.3516382007328076
PEI5mgmL_60°C_Abs.TXT,PEI5mgmL,60°C,Abs,278,495.22,100.0,332530.0,6.0648579499999995,3.7133060879368656,2.351551862063134
PEI5mgmL_60°C_Abs.TXT,PEI5mgmL,60°C,Abs,279,497.78,100.0,332530.0,6.06474275,3.7132772266065386,2.351465523393461
PEI5mgmL_60°C_Abs.TXT,PEI5mgmL,60°C,Abs,280,500.22,100.0,332530.0,6.06463295,3.713249718151071,2.351383231848929
PEI5mgmL_60°C_Abs.TXT,PEI5mgmL,60°C,Abs,281,502.9200000000001,100.0,332530.0,6.0645114499999995,3.7132192784667417,2.3512921715332578
PEI5mgmL_60°C_Abs.TXT,PEI5mgmL,60°C,Abs,282,505.53,100.0,332530.0,6.064394,3.713189853438557,2.351204146561443
PEI5mgmL_60°C_Abs.TXT,PEI5mgmL,60°C,Abs,283,508.20000000000005,100.0,332530.0,6.06427385,3.7131597519729422,2.351114098027058
PEI5mgmL_60°C_Abs.TXT,PEI5mgmL,60°C,Abs,284,510.78,100.0,332530.0,6.06415775,3.7131306651634723,2.3510270848365273
PEI5mgmL_60°C_Abs.TXT,PEI5mgmL,60°C,Abs,285,513.5,100.0,332530.0,6.06403535,3.7131,2.3509353500000003
PEI5mgmL_60°C_Abs.TXT,PEI5mgmL,60°C,Abs,286,516.27,100.0,332530.0,6.0639107,3.7130549424424424,2.3508557575575577
PEI5mgmL_60°C_Abs.TXT,PEI5mgmL,60°C,Abs,287,522.72,100.0,332530.0,6.06362045,3.712950025025025,2.3506704249749752
PEI5mgmL_60°C_Abs.TXT,PEI5mgmL,60°C,Abs,288,530.84,100.0,332530.0,6.0632550499999995,3.7128179429429427,2.350437107057057
PEI5mgmL_60°C_Abs.TXT,PEI5mgmL,60°C,Abs,289,538.73,100.0,332530.0,6.0629,3.712689602102102,2.350210397897898
PEI5mgmL_60°C_Abs.TXT,PEI5mgmL,60°C,Abs,290,541.4200000000001,100.0,332530.0,6.062806190061028,3.712645845845846,2.3501603442151824
PEI5mgmL_60°C_Abs.TXT,PEI5mgmL,60°C,Abs,291,543.98,100.0,332530.0,6.062716913687882,3.712604204204204,2.350112709483678
PEI5mgmL_60°C_Abs.TXT,PEI5mgmL,60°C,Abs,292,546.6600000000001,100.0,332530.0,6.062623452484742,3.712560610610611,2.3500628418741316
PEI5mgmL_60°C_Abs.TXT,PEI5mgmL,60°C,Abs,293,549.1600000000001,100.0,332530.0,6.062536268526591,3.712519944944945,2.350016323581646
PEI5mgmL_60°C_Abs.TXT,PEI5mgmL,60°C,Abs,294,551.9200000000001,100.0,332530.0,6.062440017436792,3.71247505005005,2.349964967386742
PEI5mgmL_60°C_Abs.TXT,PEI5mgmL,60°C,Abs,295,556.9100000000001,100.0,332530.0,6.062265998256321,3.7123938813813813,2.34987211687494
PEI5mgmL_60°C_Abs.TXT,PEI5mgmL,60°C,Abs,296,559.47,100.0,332530.0,6.062176721883174,3.7123522397397397,2.349824482143434
PEI5mgmL_60°C_Abs.TXT,PEI5mgmL,60°C,Abs,297,562.03,100.0,332530.0,6.062087445510026,3.712310598098098,2.349776847411928
PEI5mgmL_60°C_Abs.TXT,PEI5mgmL,60°C,Abs,298,564.7,100.0,332530.0,6.06199433304272,3.7122671671671674,2.3497271658755525
PEI5mgmL_60°C_Abs.TXT,PEI5mgmL,60°C,Abs,299,567.1600000000001,100.0,332530.0,6.061908544027899,3.712227152152152,2.349681391875747
PEI5mgmL_60°C_Abs.TXT,PEI5mgmL,60°C,Abs,300,569.97,100.0,332530.0,6.0618105492589365,3.712181443943944,2.3496291053149925
PEI5mgmL_60°C_Abs.TXT,PEI5mgmL,60°C,Abs,301,572.47,100.0,332530.0,6.061723365300785,3.7121407782782785,2.3495825870225064
PEI5mgmL_60°C_Abs.TXT,PEI5mgmL,60°C,Abs,302,575.12,100.0,332530.0,6.061630950305144,3.7120976726726727,2.3495332776324713
PEI5mgmL_60°C_Abs.TXT,PEI5mgmL,60°C,Abs,303,577.82,100.0,332530.0,6.06153679163034,3.7120537537537537,2.3494830378765865
PEI5mgmL_60°C_Abs.TXT,PEI5mgmL,60°C,Abs,304,580.22,100.0,332530.0,6.061453095030514,3.712014714714715,2.3494383803157994
PEI5mgmL_60°C_Abs.TXT,PEI5mgmL,60°C,Abs,305,582.9200000000001,100.0,332530.0,6.0613589363557105,3.711970795795796,2.3493881405599146
PEI5mgmL_60°C_Abs.TXT,PEI5mgmL,60°C,Abs,306,585.4200000000001,100.0,332530.0,6.061271752397559,3.7119301301301304,2.3493416222674286
PEI5mgmL_60°C_Abs.TXT,PEI5mgmL,60°C,Abs,307,588.22,100.0,332530.0,6.061174106364429,3.7118845845845847,2.349289521779844
PEI5mgmL_60°C_Abs.TXT,PEI5mgmL,60°C,Abs,308,590.72,100.0,332530.0,6.061086922406277,3.711843918918919,2.349243003487358
PEI5mgmL_60°C_Abs.TXT,PEI5mgmL,60°C,Abs,309,593.4200000000001,100.0,332530.0,6.060992763731473,3.7118,2.349192763731473
PEI5mgmL_60°C_Abs.TXT,PEI5mgmL,60°C,Abs,310,596.12,100.0,332530.0,6.0608986050566696,3.71175275,2.3491458550566695
PEI5mgmL_60°C_Abs.TXT,PEI5mgmL,60°C,Abs,311,602.6200000000001,100.0,332530.0,6.060671926765475,3.7116390000000004,2.349032926765475
PEI5mgmL_60°C_Abs.TXT,PEI5mgmL,60°C,Abs,312,610.8199999999999,100.0,332530.0,6.060385963382738,3.7114955000000003,2.348890463382738
PEI5mgmL_60°C_Abs.TXT,PEI5mgmL,60°C,Abs,313,619.02,100.0,332530.0,6.0601,3.711352,2.348748
PEI5mgmL_60°C_Abs.TXT,PEI5mgmL,60°C,Abs,314,621.52,100.0,332530.0,6.060017825537295,3.71130825,2.3487095755372946
PEI5mgmL_60°C_Abs.TXT,PEI5mgmL,60°C,Abs,315,623.9200000000001,100.0,332530.0,6.059938938053097,3.71126625,2.3486726880530973
PEI5mgmL_60°C_Abs.TXT,PEI5mgmL,60°C,Abs,316,626.6200000000001,100.0,332530.0,6.059850189633376,3.7112190000000003,2.3486311896333754
PEI5mgmL_60°C_Abs.TXT,PEI5mgmL,60°C,Abs,317,629.02,100.0,332530.0,6.059771302149178,3.711177,2.348594302149178
PEI5mgmL_60°C_Abs.TXT,PEI5mgmL,60°C,Abs,318,631.72,100.0,332530.0,6.0596825537294565,3.71112975,2.3485528037294565
PEI5mgmL_60°C_Abs.TXT,PEI5mgmL,60°C,Abs,319,636.72,100.0,332530.0,6.0595182048040455,3.71104225,2.3484759548040453
PEI5mgmL_60°C_Abs.TXT,PEI5mgmL,60°C,Abs,320,639.4200000000001,100.0,332530.0,6.059429456384324,3.710995,2.348434456384324
PEI5mgmL_60°C_Abs.TXT,PEI5mgmL,60°C,Abs,321,642.02,100.0,332530.0,6.05934399494311,3.7109495,2.3483944949431104
PEI5mgmL_60°C_Abs.TXT,PEI5mgmL,60°C,Abs,322,644.6200000000001,100.0,332530.0,6.059258533501897,3.710904,2.3483545335018965
PEI5mgmL_60°C_Abs.TXT,PEI5mgmL,60°C,Abs,323,647.1200000000001,100.0,332530.0,6.059176359039191,3.71086025,2.348316109039191
PEI5mgmL_60°C_Abs.TXT,PEI5mgmL,60°C,Abs,324,649.9200000000001,100.0,332530.0,6.059084323640961,3.71081125,2.3482730736409607
PEI5mgmL_60°C_Abs.TXT,PEI5mgmL,60°C,Abs,325,652.4200000000001,100.0,332530.0,6.059002149178256,3.7107675,2.3482346491782558
PEI5mgmL_60°C_Abs.TXT,PEI5mgmL,60°C,Abs,326,655.22,100.0,332530.0,6.058910113780025,3.7107185,2.3481916137800254
PEI5mgmL_60°C_Abs.TXT,PEI5mgmL,60°C,Abs,327,657.8199999999999,100.0,332530.0,6.058824652338812,3.710673,2.348151652338812
PEI5mgmL_60°C_Abs.TXT,PEI5mgmL,60°C,Abs,328,660.3199999999999,100.0,332530.0,6.058742477876106,3.7106292499999998,2.3481132278761065
PEI5mgmL_60°C_Abs.TXT,PEI5mgmL,60°C,Abs,329,662.9200000000001,100.0,332530.0,6.058657016434893,3.71058375,2.3480732664348927
PEI5mgmL_60°C_Abs.TXT,PEI5mgmL,60°C,Abs,330,665.4200000000001,100.0,332530.0,6.058574841972187,3.71054,2.3480348419721873
PEI5mgmL_60°C_Abs.TXT,PEI5mgmL,60°C,Abs,331,668.1200000000001,100.0,332530.0,6.058486093552466,3.71049275,2.347993343552466
PEI5mgmL_60°C_Abs.TXT,PEI5mgmL,60°C,Abs,332,670.72,100.0,332530.0,6.058400632111252,3.71044725,2.347953382111252
PEI5mgmL_60°C_Abs.TXT,PEI5mgmL,60°C,Abs,333,673.4200000000001,100.0,332530.0,6.0583118836915295,3.7104,2.3479118836915296
PEI5mgmL_60°C_Abs.TXT,PEI5mgmL,60°C,Abs,334,676.1200000000001,100.0,332530.0,6.058223135271808,3.7103401564537157,2.347882978818092
PEI5mgmL_60°C_Abs.TXT,PEI5mgmL,60°C,Abs,335,682.6200000000001,100.0,332530.0,6.0580094816687735,3.7101960886571055,2.347813393011668
PEI5mgmL_60°C_Abs.TXT,PEI5mgmL,60°C,Abs,336,690.4200000000001,100.0,332530.0,6.057753097345133,3.710023207301173,2.3477298900439596
PEI5mgmL_60°C_Abs.TXT,PEI5mgmL,60°C,Abs,337,698.1200000000001,100.0,332530.0,6.0575,3.7098525423728814,2.3476474576271187
PEI5mgmL_60°C_Abs.TXT,PEI5mgmL,60°C,Abs,338,700.6200000000001,100.0,332530.0,6.057415584415584,3.7097971316818774,2.3476184527337067
PEI5mgmL_60°C_Abs.TXT,PEI5mgmL,60°C,Abs,339,703.4200000000001,100.0,332530.0,6.057321038961039,3.709735071707953,2.3475859672530857
PEI5mgmL_60°C_Abs.TXT,PEI5mgmL,60°C,Abs,340,706.02,100.0,332530.0,6.057233246753247,3.709677444589309,2.347555802163938
PEI5mgmL_60°C_Abs.TXT,PEI5mgmL,60°C,Abs,341,708.6200000000001,100.0,332530.0,6.057145454545455,3.709619817470665,2.34752563707479
PEI5mgmL_60°C_Abs.TXT,PEI5mgmL,60°C,Abs,342,711.22,100.0,332530.0,6.057057662337662,3.709562190352021,2.3474954719856416
PEI5mgmL_60°C_Abs.TXT,PEI5mgmL,60°C,Abs,343,713.9200000000001,100.0,332530.0,6.0569664935064935,3.7095023468057367,2.347464146700757
PEI5mgmL_60°C_Abs.TXT,PEI5mgmL,60°C,Abs,344,716.52,100.0,332530.0,6.056878701298701,3.7094447196870926,2.3474339816116085
PEI5mgmL_60°C_Abs.TXT,PEI5mgmL,60°C,Abs,345,719.22,100.0,332530.0,6.056787532467532,3.7093848761408084,2.347402656326724
PEI5mgmL_60°C_Abs.TXT,PEI5mgmL,60°C,Abs,346,721.72,100.0,332530.0,6.056703116883117,3.7093294654498044,2.347373651433313
PEI5mgmL_60°C_Abs.TXT,PEI5mgmL,60°C,Abs,347,724.1200000000001,100.0,332530.0,6.056622077922078,3.7092762711864404,2.347345806735637
PEI5mgmL_60°C_Abs.TXT,PEI5mgmL,60°C,Abs,348,726.9200000000001,100.0,332530.0,6.056527532467532,3.709214211212516,2.347313321255016
PEI5mgmL_60°C_Abs.TXT,PEI5mgmL,60°C,Abs,349,729.3199999999999,100.0,332530.0,6.056446493506494,3.7091610169491522,2.3472854765573414
PEI5mgmL_60°C_Abs.TXT,PEI5mgmL,60°C,Abs,350,731.9200000000001,100.0,332530.0,6.056358701298701,3.7091033898305086,2.3472553114681927
PEI5mgmL_60°C_Abs.TXT,PEI5mgmL,60°C,Abs,351,734.6200000000001,100.0,332530.0,6.056267532467532,3.709043546284224,2.3472239861833084
PEI5mgmL_60°C_Abs.TXT,PEI5mgmL,60°C,Abs,352,737.22,100.0,332530.0,6.05617974025974,3.7089859191655803,2.3471938210941596
PEI5mgmL_60°C_Abs.TXT,PEI5mgmL,60°C,Abs,353,739.6200000000001,100.0,332530.0,6.056098701298701,3.7089327249022164,2.347165976396485
PEI5mgmL_60°C_Abs.TXT,PEI5mgmL,60°C,Abs,354,742.22,100.0,332530.0,6.056010909090909,3.7088750977835723,2.3471358113073366
PEI5mgmL_60°C_Abs.TXT,PEI5mgmL,60°C,Abs,355,744.9200000000001,100.0,332530.0,6.05591974025974,3.708815254237288,2.347104486022452
PEI5mgmL_60°C_Abs.TXT,PEI5mgmL,60°C,Abs,356,747.4200000000001,100.0,332530.0,6.055835324675325,3.708759843546284,2.347075481129041
PEI5mgmL_60°C_Abs.TXT,PEI5mgmL,60°C,Abs,357,750.1200000000001,100.0,332530.0,6.055744155844156,3.7087,2.347044155844156
PEI5mgmL_60°C_Abs.TXT,PEI5mgmL,60°C,Abs,358,752.8199999999999,100.0,332530.0,6.055652987012987,3.7086296874999998,2.3470232995129874
PEI5mgmL_60°C_Abs.TXT,PEI5mgmL,60°C,Abs,359,759.1200000000001,100.0,332530.0,6.0554402597402595,3.708465625,2.3469746347402594
PEI5mgmL_60°C_Abs.TXT,PEI5mgmL,60°C,Abs,360,767.4200000000001,100.0,332530.0,6.05516,3.7082494791666667,2.346910520833333
PEI5mgmL_60°C_Abs.TXT,PEI5mgmL,60°C,Abs,361,775.1200000000001,100.0,332530.0,6.0549,3.7080489583333334,2.3468510416666666
PEI5mgmL_60°C_Abs.TXT,PEI5mgmL,60°C,Abs,362,777.8199999999999,100.0,332530.0,6.054815625,3.7079786458333333,2.3468369791666666
PEI5mgmL_60°C_Abs.TXT,PEI5mgmL,60°C,Abs,363,780.3199999999999,100.0,332530.0,6.0547375,3.7079135416666666,2.3468239583333332
PEI5mgmL_60°C_Abs.TXT,PEI5mgmL,60°C,Abs,364,783.1200000000001,100.0,332530.0,6.05465,3.707840625,2.346809375
PEI5mgmL_60°C_Abs.TXT,PEI5mgmL,60°C,Abs,365,785.6200000000001,100.0,332530.0,6.054571875,3.707775520833333,2.3467963541666665
PEI5mgmL_60°C_Abs.TXT,PEI5mgmL,60°C,Abs,366,788.4200000000001,100.0,332530.0,6.054484375,3.7077026041666667,2.3467817708333336
PEI5mgmL_60°C_Abs.TXT,PEI5mgmL,60°C,Abs,367,790.9200000000001,100.0,332530.0,6.05440625,3.7076375,2.3467687500000003
PEI5mgmL_60°C_Abs.TXT,PEI5mgmL,60°C,Abs,368,793.4200000000001,100.0,332530.0,6.054328125,3.7075723958333335,2.346755729166666
PEI5mgmL_60°C_Abs.TXT,PEI5mgmL,60°C,Abs,369,796.02,100.0,332530.0,6.054246875,3.7075046875,2.3467421874999994
PEI5mgmL_60°C_Abs.TXT,PEI5mgmL,60°C,Abs,370,798.4200000000001,100.0,332530.0,6.054171875,3.7074421875,2.3467296875
PEI5mgmL_60°C_Abs.TXT,PEI5mgmL,60°C,Abs,371,801.22,100.0,332530.0,6.054084375,3.7073692708333335,2.346715104166667
PEI5mgmL_60°C_Abs.TXT,PEI5mgmL,60°C,Abs,372,803.8199999999999,100.0,332530.0,6.054003125,3.7073015625,2.3467015625000003
PEI5mgmL_60°C_Abs.TXT,PEI5mgmL,60°C,Abs,373,806.52,100.0,332530.0,6.05391875,3.70723125,2.3466875000000003
PEI5mgmL_60°C_Abs.TXT,PEI5mgmL,60°C,Abs,374,809.02,100.0,332530.0,6.053840625,3.7071661458333334,2.346674479166667
PEI5mgmL_60°C_Abs.TXT,PEI5mgmL,60°C,Abs,375,811.72,100.0,332530.0,6.05375625,3.7070958333333333,2.346660416666667
PEI5mgmL_60°C_Abs.TXT,PEI5mgmL,60°C,Abs,376,814.22,100.0,332530.0,6.053678125,3.7070307291666666,2.3466473958333336
PEI5mgmL_60°C_Abs.TXT,PEI5mgmL,60°C,Abs,377,816.8199999999999,100.0,332530.0,6.053596875,3.7069630208333333,2.346633854166667
PEI5mgmL_60°C_Abs.TXT,PEI5mgmL,60°C,Abs,378,819.3199999999999,100.0,332530.0,6.05351875,3.7068979166666667,2.3466208333333336
PEI5mgmL_60°C_Abs.TXT,PEI5mgmL,60°C,Abs,379,821.8199999999999,100.0,332530.0,6.053440625,3.7068328125,2.3466078125000003
PEI5mgmL_60°C_Abs.TXT,PEI5mgmL,60°C,Abs,380,824.4200000000001,100.0,332530.0,6.053359375,3.7067651041666667,2.3465942708333336
PEI5mgmL_60°C_Abs.TXT,PEI5mgmL,60°C,Abs,381,826.9200000000001,100.0,332530.0,6.05328125,3.7067,2.3465812500000003
PEI5mgmL_60°C_Abs.TXT,PEI5mgmL,60°C,Abs,382,829.72,100.0,332530.0,6.05319375,3.7066310880829016,2.3465626619170985
PEI5mgmL_60°C_Abs.TXT,PEI5mgmL,60°C,Abs,383,836.3199999999999,100.0,332530.0,6.0529875,3.706468652849741,2.3465188471502594
PEI5mgmL_60°C_Abs.TXT,PEI5mgmL,60°C,Abs,384,843.8199999999999,100.0,332530.0,6.052753125000001,3.706284067357513,2.3464690576424876
PEI5mgmL_60°C_Abs.TXT,PEI5mgmL,60°C,Abs,385,851.9200000000001,100.0,332530.0,6.0525,3.7060847150259066,2.3464152849740936
PEI5mgmL_60°C_Abs.TXT,PEI5mgmL,60°C,Abs,386,854.4200000000001,100.0,332530.0,6.052432082794308,3.7060231865284976,2.3464088962658103
PEI5mgmL_60°C_Abs.TXT,PEI5mgmL,60°C,Abs,387,856.9200000000001,100.0,332530.0,6.052364165588616,3.705961658031088,2.3464025075575274
PEI5mgmL_60°C_Abs.TXT,PEI5mgmL,60°C,Abs,388,859.52,100.0,332530.0,6.052293531694696,3.7058976683937823,2.3463958633009137
PEI5mgmL_60°C_Abs.TXT,PEI5mgmL,60°C,Abs,389,862.02,100.0,332530.0,6.052225614489004,3.7058361398963733,2.3463894745926304
PEI5mgmL_60°C_Abs.TXT,PEI5mgmL,60°C,Abs,390,864.72,100.0,332530.0,6.052152263906857,3.705769689119171,2.3463825747876856
PEI5mgmL_60°C_Abs.TXT,PEI5mgmL,60°C,Abs,391,867.22,100.0,332530.0,6.0520843467011645,3.7057081606217617,2.346376186079403
PEI5mgmL_60°C_Abs.TXT,PEI5mgmL,60°C,Abs,392,870.3199999999999,100.0,332530.0,6.052000129366106,3.7056318652849742,2.3463682640811316
PEI5mgmL_60°C_Abs.TXT,PEI5mgmL,60°C,Abs,393,872.9200000000001,100.0,332530.0,6.051929495472186,3.7055678756476684,2.346361619824518
PEI5mgmL_60°C_Abs.TXT,PEI5mgmL,60°C,Abs,394,875.4200000000001,100.0,332530.0,6.051861578266494,3.705506347150259,2.346355231116235
PEI5mgmL_60°C_Abs.TXT,PEI5mgmL,60°C,Abs,395,877.8199999999999,100.0,332530.0,6.05179637774903,3.7054472797927462,2.3463490979562835
PEI5mgmL_60°C_Abs.TXT,PEI5mgmL,60°C,Abs,396,880.72,100.0,332530.0,6.051717593790427,3.7053759067357515,2.346341687054675
PEI5mgmL_60°C_Abs.TXT,PEI5mgmL,60°C,Abs,397,883.22,100.0,332530.0,6.051649676584735,3.705314378238342,2.346335298346393
PEI5mgmL_60°C_Abs.TXT,PEI5mgmL,60°C,Abs,398,886.02,100.0,332530.0,6.051573609314359,3.7052454663212435,2.3463281429931158
PEI5mgmL_60°C_Abs.TXT,PEI5mgmL,60°C,Abs,399,888.52,100.0,332530.0,6.051505692108668,3.7051839378238345,2.3463217542848334
PEI5mgmL_60°C_Abs.TXT,PEI5mgmL,60°C,Abs,400,891.22,100.0,332530.0,6.05143234152652,3.7051174870466324,2.3463148544798877
PEI5mgmL_60°C_Abs.TXT,PEI5mgmL,60°C,Abs,401,893.6200000000001,100.0,332530.0,6.051367141009056,3.705058419689119,2.3463087213199367
PEI5mgmL_60°C_Abs.TXT,PEI5mgmL,60°C,Abs,402,896.22,100.0,332530.0,6.0512965071151354,3.7049944300518134,2.346302077063322
PEI5mgmL_60°C_Abs.TXT,PEI5mgmL,60°C,Abs,403,898.8199999999999,100.0,332530.0,6.051225873221216,3.704930440414508,2.346295432806708
PEI5mgmL_60°C_Abs.TXT,PEI5mgmL,60°C,Abs,404,901.4200000000001,100.0,332530.0,6.051155239327296,3.7048664507772022,2.346288788550094
PEI5mgmL_60°C_Abs.TXT,PEI5mgmL,60°C,Abs,405,904.1200000000001,100.0,332530.0,6.0510818887451485,3.7048,2.3462818887451484
PEI5mgmL_60°C_Abs.TXT,PEI5mgmL,60°C,Abs,406,906.8199999999999,100.0,332530.0,6.051008538163001,3.7047298701298703,2.3462786680331305
PEI5mgmL_60°C_Abs.TXT,PEI5mgmL,60°C,Abs,407,913.3199999999999,100.0,332530.0,6.050831953428202,3.704561038961039,2.346270914467163
PEI5mgmL_60°C_Abs.TXT,PEI5mgmL,60°C,Abs,408,921.3199999999999,100.0,332530.0,6.050614618369987,3.704353246753247,2.3462613716167398
PEI5mgmL_60°C_Abs.TXT,PEI5mgmL,60°C,Abs,409,929.22,100.0,332530.0,6.0504,3.704148051948052,2.3462519480519477
PEI5mgmL_60°C_Abs.TXT,PEI5mgmL,60°C,Abs,410,931.8199999999999,100.0,332530.0,6.05032020460358,3.7040805194805193,2.346239685123061
PEI5mgmL_60°C_Abs.TXT,PEI5mgmL,60°C,Abs,411,934.3199999999999,100.0,332530.0,6.050243478260869,3.7040155844155844,2.3462278938452847
PEI5mgmL_60°C_Abs.TXT,PEI5mgmL,60°C,Abs,412,937.1200000000001,100.0,332530.0,6.050157544757033,3.703942857142857,2.3462146876141756
PEI5mgmL_60°C_Abs.TXT,PEI5mgmL,60°C,Abs,413,939.6200000000001,100.0,332530.0,6.050080818414322,3.703877922077922,2.3462028963364006
PEI5mgmL_60°C_Abs.TXT,PEI5mgmL,60°C,Abs,414,942.1200000000001,100.0,332530.0,6.050004092071611,3.703812987012987,2.346191105058624
PEI5mgmL_60°C_Abs.TXT,PEI5mgmL,60°C,Abs,415,944.9200000000001,100.0,332530.0,6.049918158567775,3.7037402597402598,2.346177898827515
PEI5mgmL_60°C_Abs.TXT,PEI5mgmL,60°C,Abs,416,947.72,100.0,332530.0,6.0498322250639385,3.7036675324675326,2.346164692596406
PEI5mgmL_60°C_Abs.TXT,PEI5mgmL,60°C,Abs,417,950.3199999999999,100.0,332530.0,6.049752429667519,3.7036,2.3461524296675194
PEI5mgmL_60°C_Abs.TXT,PEI5mgmL,60°C,Abs,418,952.8199999999999,100.0,332530.0,6.049675703324808,3.703535064935065,2.346140638389743
PEI5mgmL_60°C_Abs.TXT,PEI5mgmL,60°C,Abs,419,955.4200000000001,100.0,332530.0,6.0495959079283885,3.7034675324675326,2.346128375460856
PEI5mgmL_60°C_Abs.TXT,PEI5mgmL,60°C,Abs,420,958.02,100.0,332530.0,6.049516112531969,3.7034,2.3461161125319694
PEI5mgmL_60°C_Abs.TXT,PEI5mgmL,60°C,Abs,421,960.6200000000001,100.0,332530.0,6.04943631713555,3.7033324675324675,2.3461038496030824
PEI5mgmL_60°C_Abs.TXT,PEI5mgmL,60°C,Abs,422,963.1200000000001,100.0,332530.0,6.049359590792839,3.7032675324675326,2.346092058325306
PEI5mgmL_60°C_Abs.TXT,PEI5mgmL,60°C,Abs,423,965.9200000000001,100.0,332530.0,6.049273657289002,3.703194805194805,2.3460788520941973
PEI5mgmL_60°C_Abs.TXT,PEI5mgmL,60°C,Abs,424,968.3199999999999,100.0,332530.0,6.0492,3.7031324675324675,2.3460675324675324
PEI5mgmL_60°C_Abs.TXT,PEI5mgmL,60°C,Abs,425,970.8199999999999,100.0,332530.0,6.049123273657289,3.703067532467532,2.3460557411897565
PEI5mgmL_60°C_Abs.TXT,PEI5mgmL,60°C,Abs,426,973.4200000000001,100.0,332530.0,6.049043478260869,3.703,2.3460434782608695
PEI5mgmL_60°C_Abs.TXT,PEI5mgmL,60°C,Abs,427,975.8199999999999,100.0,332530.0,6.048969820971867,3.7029376623376624,2.3460321586342046
PEI5mgmL_60°C_Abs.TXT,PEI5mgmL,60°C,Abs,428,978.72,100.0,332530.0,6.048880818414323,3.7028623376623377,2.346018480751985
PEI5mgmL_60°C_Abs.TXT,PEI5mgmL,60°C,Abs,429,981.1200000000001,100.0,332530.0,6.048807161125319,3.7028,2.3460071611253195
PEI5mgmL_60°C_Abs.TXT,PEI5mgmL,60°C,Abs,430,984.02,100.0,332530.0,6.048718158567775,3.702721419354839,2.345996739212936
PEI5mgmL_60°C_Abs.TXT,PEI5mgmL,60°C,Abs,431,991.6200000000001,100.0,332530.0,6.048484910485933,3.7025154838709677,2.3459694266149653
PEI5mgmL_60°C_Abs.TXT,PEI5mgmL,60°C,Abs,432,999.3199999999999,100.0,332530.0,6.048248593350384,3.7023068387096774,2.3459417546407066
PEI5mgmL_60°C_Abs.TXT,PEI5mgmL,60°C,Abs,433,1007.4200000000001,100.0,332530.0,6.048,3.7020873548387097,2.3459126451612904
PEI5mgmL_60°C_Abs.TXT,PEI5mgmL,60°C,Abs,434,1009.9200000000001,100.0,332530.0,6.047928848641656,3.702019612903226,2.3459092357384304
PEI5mgmL_60°C_Abs.TXT,PEI5mgmL,60°C,Abs,435,1012.3199999999999,100.0,332530.0,6.047860543337646,3.701954580645161,2.345905962692485
PEI5mgmL_60°C_Abs.TXT,PEI5mgmL,60°C,Abs,436,1014.9200000000001,100.0,332530.0,6.047786545924968,3.701884129032258,2.34590241689271
PEI5mgmL_60°C_Abs.TXT,PEI5mgmL,60°C,Abs,437,1017.3199999999999,100.0,332530.0,6.0477182406209575,3.7018190967741935,2.345899143846764
PEI5mgmL_60°C_Abs.TXT,PEI5mgmL,60°C,Abs,438,1019.9200000000001,100.0,332530.0,6.047644243208279,3.70174864516129,2.3458955980469893
PEI5mgmL_60°C_Abs.TXT,PEI5mgmL,60°C,Abs,439,1022.4200000000001,100.0,332530.0,6.0475730918499355,3.7016809032258062,2.3458921886241293
PEI5mgmL_60°C_Abs.TXT,PEI5mgmL,60°C,Abs,440,1025.22,100.0,332530.0,6.04749340232859,3.7016050322580645,2.3458883700705258
PEI5mgmL_60°C_Abs.TXT,PEI5mgmL,60°C,Abs,441,1027.82,100.0,332530.0,6.047419404915912,3.7015345806451614,2.3458848242707506
PEI5mgmL_60°C_Abs.TXT,PEI5mgmL,60°C,Abs,442,1030.22,100.0,332530.0,6.047351099611902,3.7014695483870965,2.3458815512248052
PEI5mgmL_60°C_Abs.TXT,PEI5mgmL,60°C,Abs,443,1032.82,100.0,332530.0,6.0472771021992235,3.7013990967741934,2.34587800542503
PEI5mgmL_60°C_Abs.TXT,PEI5mgmL,60°C,Abs,444,1035.42,100.0,332530.0,6.047203104786546,3.7013286451612903,2.345874459625256
PEI5mgmL_60°C_Abs.TXT,PEI5mgmL,60°C,Abs,445,1038.1200000000001,100.0,332530.0,6.0471262613195345,3.7012554838709675,2.345870777448567
PEI5mgmL_60°C_Abs.TXT,PEI5mgmL,60°C,Abs,446,1040.6200000000001,100.0,332530.0,6.04705510996119,3.7011877419354837,2.345867368025706
PEI5mgmL_60°C_Abs.TXT,PEI5mgmL,60°C,Abs,447,1043.22,100.0,332530.0,6.0469811125485124,3.7011172903225806,2.345863822225932
PEI5mgmL_60°C_Abs.TXT,PEI5mgmL,60°C,Abs,448,1045.6200000000001,100.0,332530.0,6.046912807244502,3.701052258064516,2.345860549179986
PEI5mgmL_60°C_Abs.TXT,PEI5mgmL,60°C,Abs,449,1048.1200000000001,100.0,332530.0,6.0468416558861575,3.700984516129032,2.3458571397571255
PEI5mgmL_60°C_Abs.TXT,PEI5mgmL,60°C,Abs,450,1050.72,100.0,332530.0,6.04676765847348,3.700914064516129,2.3458535939573513
PEI5mgmL_60°C_Abs.TXT,PEI5mgmL,60°C,Abs,451,1053.22,100.0,332530.0,6.0466965071151355,3.700846322580645,2.3458501845344903
PEI5mgmL_60°C_Abs.TXT,PEI5mgmL,60°C,Abs,452,1056.1200000000001,100.0,332530.0,6.046613971539457,3.7007677419354836,2.345846229603973
PEI5mgmL_60°C_Abs.TXT,PEI5mgmL,60°C,Abs,453,1058.6200000000001,100.0,332530.0,6.046542820181113,3.7007,2.345842820181113
PEI5mgmL_60°C_Abs.TXT,PEI5mgmL,60°C,Abs,454,1061.22,100.0,332530.0,6.046468822768435,3.700636093143596,2.3458327296248385
PEI5mgmL_60°C_Abs.TXT,PEI5mgmL,60°C,Abs,455,1069.02,100.0,332530.0,6.046246830530401,3.700444372574385,2.3458024579560157
PEI5mgmL_60°C_Abs.TXT,PEI5mgmL,60°C,Abs,456,1076.6200000000001,100.0,332530.0,6.046030530401035,3.7002575679172054,2.3457729624838297
PEI5mgmL_60°C_Abs.TXT,PEI5mgmL,60°C,Abs,457,1084.72,100.0,332530.0,6.0458,3.700058473479948,2.345741526520052
PEI5mgmL_60°C_Abs.TXT,PEI5mgmL,60°C,Abs,458,1087.32,100.0,332530.0,6.045739220779221,3.6999945666235443,2.3457446541556766
PEI5mgmL_60°C_Abs.TXT,PEI5mgmL,60°C,Abs,459,1089.72,100.0,332530.0,6.045683116883117,3.699935575679172,2.345747541203945
PEI5mgmL_60°C_Abs.TXT,PEI5mgmL,60°C,Abs,460,1092.42,100.0,332530.0,6.0456199999999995,3.6998692108667526,2.345750789133247
PEI5mgmL_60°C_Abs.TXT,PEI5mgmL,60°C,Abs,461,1094.82,100.0,332530.0,6.0455638961038956,3.69981021992238,2.3457536761815154
PEI5mgmL_60°C_Abs.TXT,PEI5mgmL,60°C,Abs,462,1097.42,100.0,332530.0,6.045503116883117,3.6997463130659765,2.34575680381714
PEI5mgmL_60°C_Abs.TXT,PEI5mgmL,60°C,Abs,463,1099.92,100.0,332530.0,6.045444675324675,3.6996848641655884,2.3457598111590867
PEI5mgmL_60°C_Abs.TXT,PEI5mgmL,60°C,Abs,464,1102.42,100.0,332530.0,6.045386233766234,3.6996234152652003,2.3457628185010333
PEI5mgmL_60°C_Abs.TXT,PEI5mgmL,60°C,Abs,465,1105.02,100.0,332530.0,6.045325454545455,3.6995595084087967,2.345765946136658
PEI5mgmL_60°C_Abs.TXT,PEI5mgmL,60°C,Abs,466,1107.52,100.0,332530.0,6.045267012987013,3.6994980595084086,2.3457689534786046
PEI5mgmL_60°C_Abs.TXT,PEI5mgmL,60°C,Abs,467,1110.1200000000001,100.0,332530.0,6.045206233766233,3.699434152652005,2.3457720811142284
PEI5mgmL_60°C_Abs.TXT,PEI5mgmL,60°C,Abs,468,1112.72,100.0,332530.0,6.045145454545454,3.6993702457956013,2.345775208749853
PEI5mgmL_60°C_Abs.TXT,PEI5mgmL,60°C,Abs,469,1115.42,100.0,332530.0,6.045082337662337,3.6993038809831824,2.3457784566791546
PEI5mgmL_60°C_Abs.TXT,PEI5mgmL,60°C,Abs,470,1118.02,100.0,332530.0,6.045021558441558,3.6992399741267787,2.3457815843147793
PEI5mgmL_60°C_Abs.TXT,PEI5mgmL,60°C,Abs,471,1120.72,100.0,332530.0,6.044958441558442,3.6991736093143595,2.345784832244082
PEI5mgmL_60°C_Abs.TXT,PEI5mgmL,60°C,Abs,472,1123.1200000000001,100.0,332530.0,6.044902337662338,3.699114618369987,2.3457877192923506
PEI5mgmL_60°C_Abs.TXT,PEI5mgmL,60°C,Abs,473,1125.6200000000001,100.0,332530.0,6.044843896103896,3.699053169469599,2.345790726634297
PEI5mgmL_60°C_Abs.TXT,PEI5mgmL,60°C,Abs,474,1128.32,100.0,332530.0,6.044780779220779,3.6989868046571797,2.345793974563599
PEI5mgmL_60°C_Abs.TXT,PEI5mgmL,60°C,Abs,475,1130.82,100.0,332530.0,6.044722337662337,3.6989253557567916,2.3457969819055458
PEI5mgmL_60°C_Abs.TXT,PEI5mgmL,60°C,Abs,476,1133.42,100.0,332530.0,6.044661558441558,3.698861448900388,2.3458001095411705
PEI5mgmL_60°C_Abs.TXT,PEI5mgmL,60°C,Abs,477,1135.92,100.0,332530.0,6.044603116883117,3.6988,2.345803116883117
PEI5mgmL_60°C_Abs.TXT,PEI5mgmL,60°C,Abs,478,1138.42,100.0,332530.0,6.044544675324675,3.6987258064516126,2.345818868873063
PEI5mgmL_60°C_Abs.TXT,PEI5mgmL,60°C,Abs,479,1145.92,100.0,332530.0,6.04436935064935,3.6985032258064514,2.3458661248428987
PEI5mgmL_60°C_Abs.TXT,PEI5mgmL,60°C,Abs,480,1153.82,100.0,332530.0,6.044184675324675,3.698268774193548,2.345915901131127
PEI5mgmL_60°C_Abs.TXT,PEI5mgmL,60°C,Abs,481,1161.72,100.0,332530.0,6.044,3.698034322580645,2.3459656774193545
PEI5mgmL_60°C_Abs.TXT,PEI5mgmL,60°C,Abs,482,1164.32,100.0,332530.0,6.043929910141206,3.6979571612903226,2.3459727488508837
PEI5mgmL_60°C_Abs.TXT,PEI5mgmL,60°C,Abs,483,1166.72,100.0,332530.0,6.0438652118100125,3.6978859354838707,2.345979276326142
PEI5mgmL_60°C_Abs.TXT,PEI5mgmL,60°C,Abs,484,1169.42,100.0,332530.0,6.043792426187419,3.697805806451613,2.3459866197358066
PEI5mgmL_60°C_Abs.TXT,PEI5mgmL,60°C,Abs,485,1171.92,100.0,332530.0,6.043725032092426,3.6977316129032256,2.3459934191892002
PEI5mgmL_60°C_Abs.TXT,PEI5mgmL,60°C,Abs,486,1174.72,100.0,332530.0,6.043649550706033,3.697648516129032,2.346001034577001
PEI5mgmL_60°C_Abs.TXT,PEI5mgmL,60°C,Abs,487,1177.32,100.0,332530.0,6.04357946084724,3.6975713548387095,2.3460081060085303
PEI5mgmL_60°C_Abs.TXT,PEI5mgmL,60°C,Abs,488,1179.92,100.0,332530.0,6.043509370988446,3.697494193548387,2.3460151774400595
PEI5mgmL_60°C_Abs.TXT,PEI5mgmL,60°C,Abs,489,1182.6200000000001,100.0,332530.0,6.043436585365853,3.697414064516129,2.3460225208497243
PEI5mgmL_60°C_Abs.TXT,PEI5mgmL,60°C,Abs,490,1185.1200000000001,100.0,332530.0,6.04336919127086,3.697339870967742,2.346029320303118
PEI5mgmL_60°C_Abs.TXT,PEI5mgmL,60°C,Abs,491,1187.6200000000001,100.0,332530.0,6.043301797175866,3.6972656774193546,2.3460361197565116
PEI5mgmL_60°C_Abs.TXT,PEI5mgmL,60°C,Abs,492,1190.22,100.0,332530.0,6.043231707317073,3.697188516129032,2.346043191188041
PEI5mgmL_60°C_Abs.TXT,PEI5mgmL,60°C,Abs,493,1193.02,100.0,332530.0,6.04315622593068,3.6971054193548385,2.3460508065758416
PEI5mgmL_60°C_Abs.TXT,PEI5mgmL,60°C,Abs,494,1195.52,100.0,332530.0,6.043088831835687,3.6970312258064517,2.346057606029235
PEI5mgmL_60°C_Abs.TXT,PEI5mgmL,60°C,Abs,495,1198.22,100.0,332530.0,6.0430160462130935,3.6969510967741934,2.3460649494389
PEI5mgmL_60°C_Abs.TXT,PEI5mgmL,60°C,Abs,496,1200.6200000000001,100.0,332530.0,6.0429513478819,3.696879870967742,2.3460714769141577
PEI5mgmL_60°C_Abs.TXT,PEI5mgmL,60°C,Abs,497,1203.1200000000001,100.0,332530.0,6.042883953786906,3.6968056774193547,2.3460782763675514
PEI5mgmL_60°C_Abs.TXT,PEI5mgmL,60°C,Abs,498,1205.82,100.0,332530.0,6.042811168164313,3.696725548387097,2.346085619777216
PEI5mgmL_60°C_Abs.TXT,PEI5mgmL,60°C,Abs,499,1208.32,100.0,332530.0,6.0427437740693195,3.6966513548387097,2.34609241923061
PEI5mgmL_60°C_Abs.TXT,PEI5mgmL,60°C,Abs,500,1210.92,100.0,332530.0,6.042673684210526,3.696574193548387,2.346099490662139
PEI5mgmL_60°C_Abs.TXT,PEI5mgmL,60°C,Abs,501,1213.42,100.0,332530.0,6.042606290115533,3.6965,2.3461062901155327
PEI5mgmL_60°C_Abs.TXT,PEI5mgmL,60°C,Abs,502,1216.02,100.0,332530.0,6.042536200256739,3.6964273189326557,2.3461088813240836
PEI5mgmL_60°C_Abs.TXT,PEI5mgmL,60°C,Abs,503,1223.42,100.0,332530.0,6.042336713735558,3.696220457433291,2.3461162563022673
PEI5mgmL_60°C_Abs.TXT,PEI5mgmL,60°C,Abs,504,1231.52,100.0,332530.0,6.042118356867779,3.6959940279542565,2.3461243289135227
PEI5mgmL_60°C_Abs.TXT,PEI5mgmL,60°C,Abs,505,1239.6200000000001,100.0,332530.0,6.0419,3.6957675984752223,2.3461324015247778
PEI5mgmL_60°C_Abs.TXT,PEI5mgmL,60°C,Abs,506,1242.1200000000001,100.0,332530.0,6.041836305732484,3.695697712833545,2.3461385928989387
PEI5mgmL_60°C_Abs.TXT,PEI5mgmL,60°C,Abs,507,1244.92,100.0,332530.0,6.041764968152866,3.6956194409148666,2.3461455272379994
PEI5mgmL_60°C_Abs.TXT,PEI5mgmL,60°C,Abs,508,1247.42,100.0,332530.0,6.041701273885351,3.6955495552731894,2.346151718612161
PEI5mgmL_60°C_Abs.TXT,PEI5mgmL,60°C,Abs,509,1249.92,100.0,332530.0,6.041637579617834,3.695479669631512,2.346157909986322
PEI5mgmL_60°C_Abs.TXT,PEI5mgmL,60°C,Abs,510,1252.42,100.0,332530.0,6.041573885350319,3.695409783989835,2.346164101360484
PEI5mgmL_60°C_Abs.TXT,PEI5mgmL,60°C,Abs,511,1255.02,100.0,332530.0,6.041507643312102,3.6953371029224904,2.346170540389612
PEI5mgmL_60°C_Abs.TXT,PEI5mgmL,60°C,Abs,512,1257.72,100.0,332530.0,6.041438853503185,3.695261626429479,2.346177227073706
PEI5mgmL_60°C_Abs.TXT,PEI5mgmL,60°C,Abs,513,1260.32,100.0,332530.0,6.041372611464968,3.6951889453621347,2.3461836661028337
PEI5mgmL_60°C_Abs.TXT,PEI5mgmL,60°C,Abs,514,1262.82,100.0,332530.0,6.041308917197452,3.6951190597204575,2.3461898574769946
PEI5mgmL_60°C_Abs.TXT,PEI5mgmL,60°C,Abs,515,1265.52,100.0,332530.0,6.041240127388535,3.695043583227446,2.3461965441610895
PEI5mgmL_60°C_Abs.TXT,PEI5mgmL,60°C,Abs,516,1268.42,100.0,332530.0,6.041166242038217,3.6949625158831005,2.346203726155116
PEI5mgmL_60°C_Abs.TXT,PEI5mgmL,60°C,Abs,517,1271.02,100.0,332530.0,6.0411,3.694889834815756,2.346210165184244
PEI5mgmL_60°C_Abs.TXT,PEI5mgmL,60°C,Abs,518,1273.72,100.0,332530.0,6.041031210191083,3.694814358322745,2.3462168518683377
PEI5mgmL_60°C_Abs.TXT,PEI5mgmL,60°C,Abs,519,1276.42,100.0,332530.0,6.040962420382166,3.6947388818297333,2.3462235385524326
PEI5mgmL_60°C_Abs.TXT,PEI5mgmL,60°C,Abs,520,1278.92,100.0,332530.0,6.04089872611465,3.694668996188056,2.3462297299265935
PEI5mgmL_60°C_Abs.TXT,PEI5mgmL,60°C,Abs,521,1281.6200000000001,100.0,332530.0,6.040829936305733,3.6945935196950446,2.3462364166106884
PEI5mgmL_60°C_Abs.TXT,PEI5mgmL,60°C,Abs,522,1284.42,100.0,332530.0,6.040758598726115,3.694515247776366,2.346243350949749
PEI5mgmL_60°C_Abs.TXT,PEI5mgmL,60°C,Abs,523,1286.92,100.0,332530.0,6.040694904458599,3.694445362134689,2.34624954232391
PEI5mgmL_60°C_Abs.TXT,PEI5mgmL,60°C,Abs,524,1289.42,100.0,332530.0,6.040631210191083,3.6943754764930117,2.346255733698071
PEI5mgmL_60°C_Abs.TXT,PEI5mgmL,60°C,Abs,525,1292.1200000000001,100.0,332530.0,6.040562420382166,3.6943,2.346262420382166
PEI5mgmL_60°C_Abs.TXT,PEI5mgmL,60°C,Abs,526,1294.6200000000001,100.0,332530.0,6.04049872611465,3.6942324324324325,2.346266293682217
PEI5mgmL_60°C_Abs.TXT,PEI5mgmL,60°C,Abs,527,1302.32,100.0,332530.0,6.040302547770701,3.6940243243243245,2.346278223446377
PEI5mgmL_60°C_Abs.TXT,PEI5mgmL,60°C,Abs,528,1310.32,100.0,332530.0,6.04009872611465,3.6938081081081084,2.3462906180065413
PEI5mgmL_60°C_Abs.TXT,PEI5mgmL,60°C,Abs,529,1318.1200000000001,100.0,332530.0,6.0399,3.6935972972972975,2.346302702702703
PEI5mgmL_60°C_Abs.TXT,PEI5mgmL,60°C,Abs,530,1320.82,100.0,332530.0,6.039830769230769,3.6935243243243243,2.346306444906445
PEI5mgmL_60°C_Abs.TXT,PEI5mgmL,60°C,Abs,531,1323.22,100.0,332530.0,6.039769230769231,3.6934594594594596,2.3463097713097714
PEI5mgmL_60°C_Abs.TXT,PEI5mgmL,60°C,Abs,532,1325.92,100.0,332530.0,6.0397,3.6933864864864865,2.3463135135135134
PEI5mgmL_60°C_Abs.TXT,PEI5mgmL,60°C,Abs,533,1328.42,100.0,332530.0,6.039635897435898,3.6933189189189193,2.3463169785169784
PEI5mgmL_60°C_Abs.TXT,PEI5mgmL,60°C,Abs,534,1331.02,100.0,332530.0,6.039569230769231,3.6932486486486487,2.346320582120582
PEI5mgmL_60°C_Abs.TXT,PEI5mgmL,60°C,Abs,535,1333.72,100.0,332530.0,6.0395,3.693175675675676,2.3463243243243244
PEI5mgmL_60°C_Abs.TXT,PEI5mgmL,60°C,Abs,536,1336.42,100.0,332530.0,6.039430769230769,3.693102702702703,2.3463280665280664
PEI5mgmL_60°C_Abs.TXT,PEI5mgmL,60°C,Abs,537,1339.02,100.0,332530.0,6.039364102564103,3.6930324324324326,2.3463316701316703
PEI5mgmL_60°C_Abs.TXT,PEI5mgmL,60°C,Abs,538,1341.42,100.0,332530.0,6.039302564102564,3.6929675675675675,2.3463349965349964
PEI5mgmL_60°C_Abs.TXT,PEI5mgmL,60°C,Abs,539,1344.02,100.0,332530.0,6.039235897435898,3.6928972972972973,2.3463386001386004
PEI5mgmL_60°C_Abs.TXT,PEI5mgmL,60°C,Abs,540,1346.6200000000001,100.0,332530.0,6.039169230769231,3.692827027027027,2.3463422037422035
PEI5mgmL_60°C_Abs.TXT,PEI5mgmL,60°C,Abs,541,1349.22,100.0,332530.0,6.039102564102564,3.692756756756757,2.3463458073458074
PEI5mgmL_60°C_Abs.TXT,PEI5mgmL,60°C,Abs,542,1351.82,100.0,332530.0,6.039035897435897,3.692686486486487,2.3463494109494105
PEI5mgmL_60°C_Abs.TXT,PEI5mgmL,60°C,Abs,543,1354.32,100.0,332530.0,6.038971794871795,3.692618918918919,2.346352875952876
PEI5mgmL_60°C_Abs.TXT,PEI5mgmL,60°C,Abs,544,1357.02,100.0,332530.0,6.038902564102564,3.692545945945946,2.346356618156618
PEI5mgmL_60°C_Abs.TXT,PEI5mgmL,60°C,Abs,545,1359.42,100.0,332530.0,6.038841025641026,3.6924810810810813,2.3463599445599446
PEI5mgmL_60°C_Abs.TXT,PEI5mgmL,60°C,Abs,546,1362.02,100.0,332530.0,6.038774358974359,3.692410810810811,2.3463635481635476
PEI5mgmL_60°C_Abs.TXT,PEI5mgmL,60°C,Abs,547,1364.42,100.0,332530.0,6.038712820512821,3.692345945945946,2.3463668745668746
PEI5mgmL_60°C_Abs.TXT,PEI5mgmL,60°C,Abs,548,1367.32,100.0,332530.0,6.038638461538461,3.692267567567568,2.3463708939708936
PEI5mgmL_60°C_Abs.TXT,PEI5mgmL,60°C,Abs,549,1369.82,100.0,332530.0,6.038574358974359,3.6922,2.346374358974359
PEI5mgmL_60°C_Abs.TXT,PEI5mgmL,60°C,Abs,550,1372.6200000000001,100.0,332530.0,6.038502564102564,3.6921282970550577,2.3463742670475063
PEI5mgmL_60°C_Abs.TXT,PEI5mgmL,60°C,Abs,551,1380.32,100.0,332530.0,6.038305128205128,3.6919311139564663,2.3463740142486613
PEI5mgmL_60°C_Abs.TXT,PEI5mgmL,60°C,Abs,552,1388.02,100.0,332530.0,6.038107692307692,3.6917339308578745,2.3463737614498177
PEI5mgmL_60°C_Abs.TXT,PEI5mgmL,60°C,Abs,553,1396.1200000000001,100.0,332530.0,6.0379,3.691526504481434,2.3463734955185656
PEI5mgmL_60°C_Abs.TXT,PEI5mgmL,60°C,Abs,554,1398.6200000000001,100.0,332530.0,6.037851861360719,3.6914624839948784,2.34638937736584
PEI5mgmL_60°C_Abs.TXT,PEI5mgmL,60°C,Abs,555,1401.02,100.0,332530.0,6.037805648267009,3.691401024327785,2.3464046239392236
PEI5mgmL_60°C_Abs.TXT,PEI5mgmL,60°C,Abs,556,1403.6200000000001,100.0,332530.0,6.037755584082157,3.691334443021767,2.3464211410603895
PEI5mgmL_60°C_Abs.TXT,PEI5mgmL,60°C,Abs,557,1406.1200000000001,100.0,332530.0,6.037707445442876,3.691270422535211,2.3464370229076645
PEI5mgmL_60°C_Abs.TXT,PEI5mgmL,60°C,Abs,558,1408.82,100.0,332530.0,6.037655455712452,3.691201280409731,2.346454175302721
PEI5mgmL_60°C_Abs.TXT,PEI5mgmL,60°C,Abs,559,1411.32,100.0,332530.0,6.037607317073171,3.6911372599231753,2.3464700571499955
PEI5mgmL_60°C_Abs.TXT,PEI5mgmL,60°C,Abs,560,1414.02,100.0,332530.0,6.037555327342747,3.691068117797695,2.3464872095450517
PEI5mgmL_60°C_Abs.TXT,PEI5mgmL,60°C,Abs,561,1416.6200000000001,100.0,332530.0,6.037505263157895,3.6910015364916773,2.3465037266662176
PEI5mgmL_60°C_Abs.TXT,PEI5mgmL,60°C,Abs,562,1419.32,100.0,332530.0,6.037453273427471,3.690932394366197,2.346520879061274
PEI5mgmL_60°C_Abs.TXT,PEI5mgmL,60°C,Abs,563,1421.72,100.0,332530.0,6.037407060333761,3.6908709346991038,2.3465361256346573
PEI5mgmL_60°C_Abs.TXT,PEI5mgmL,60°C,Abs,564,1424.32,100.0,332530.0,6.037356996148909,3.690804353393086,2.346552642755823
PEI5mgmL_60°C_Abs.TXT,PEI5mgmL,60°C,Abs,565,1426.92,100.0,332530.0,6.037306931964056,3.690737772087068,2.346569159876988
PEI5mgmL_60°C_Abs.TXT,PEI5mgmL,60°C,Abs,566,1429.42,100.0,332530.0,6.037258793324775,3.690673751600512,2.3465850417242633
PEI5mgmL_60°C_Abs.TXT,PEI5mgmL,60°C,Abs,567,1432.1200000000001,100.0,332530.0,6.037206803594351,3.6906046094750318,2.3466021941193196
PEI5mgmL_60°C_Abs.TXT,PEI5mgmL,60°C,Abs,568,1434.6200000000001,100.0,332530.0,6.03715866495507,3.690540588988476,2.346618075966594
PEI5mgmL_60°C_Abs.TXT,PEI5mgmL,60°C,Abs,569,1437.1200000000001,100.0,332530.0,6.037110526315789,3.6904765685019205,2.346633957813869
PEI5mgmL_60°C_Abs.TXT,PEI5mgmL,60°C,Abs,570,1440.02,100.0,332530.0,6.0370546854942235,3.690402304737516,2.3466523807567077
PEI5mgmL_60°C_Abs.TXT,PEI5mgmL,60°C,Abs,571,1442.72,100.0,332530.0,6.0370026957638,3.6903331626120357,2.346669533151764
PEI5mgmL_60°C_Abs.TXT,PEI5mgmL,60°C,Abs,572,1445.32,100.0,332530.0,6.036952631578948,3.690266581306018,2.34668605027293
PEI5mgmL_60°C_Abs.TXT,PEI5mgmL,60°C,Abs,573,1447.92,100.0,332530.0,6.036902567394095,3.6902,2.346702567394095
PEI5mgmL_60°C_Abs.TXT,PEI5mgmL,60°C,Abs,574,1450.52,100.0,332530.0,6.036852503209243,3.690129457364341,2.346723045844902
PEI5mgmL_60°C_Abs.TXT,PEI5mgmL,60°C,Abs,575,1458.02,100.0,332530.0,6.0367080872914,3.689925968992248,2.346782118299152
PEI5mgmL_60°C_Abs.TXT,PEI5mgmL,60°C,Abs,576,1466.02,100.0,332530.0,6.0365540436457,3.689708914728682,2.346845128917018
PEI5mgmL_60°C_Abs.TXT,PEI5mgmL,60°C,Abs,577,1474.02,100.0,332530.0,6.0364,3.6894918604651163,2.346908139534884
PEI5mgmL_60°C_Abs.TXT,PEI5mgmL,60°C,Abs,578,1476.72,100.0,332530.0,6.0363370466321244,3.689418604651163,2.3469184419809617
PEI5mgmL_60°C_Abs.TXT,PEI5mgmL,60°C,Abs,579,1479.1200000000001,100.0,332530.0,6.036281088082902,3.689353488372093,2.3469275997108086
PEI5mgmL_60°C_Abs.TXT,PEI5mgmL,60°C,Abs,580,1481.72,100.0,332530.0,6.036220466321244,3.689282945736434,2.34693752058481
PEI5mgmL_60°C_Abs.TXT,PEI5mgmL,60°C,Abs,581,1484.32,100.0,332530.0,6.036159844559586,3.689212403100775,2.3469474414588114
PEI5mgmL_60°C_Abs.TXT,PEI5mgmL,60°C,Abs,582,1486.92,100.0,332530.0,6.036099222797928,3.6891418604651163,2.3469573623328115
PEI5mgmL_60°C_Abs.TXT,PEI5mgmL,60°C,Abs,583,1489.6200000000001,100.0,332530.0,6.036036269430052,3.6890686046511627,2.346967664778889
PEI5mgmL_60°C_Abs.TXT,PEI5mgmL,60°C,Abs,584,1492.1200000000001,100.0,332530.0,6.0359779792746115,3.6890007751937985,2.346977204080813
PEI5mgmL_60°C_Abs.TXT,PEI5mgmL,60°C,Abs,585,1494.72,100.0,332530.0,6.035917357512954,3.6889302325581395,2.3469871249548144
PEI5mgmL_60°C_Abs.TXT,PEI5mgmL,60°C,Abs,586,1497.1200000000001,100.0,332530.0,6.035861398963731,3.6888651162790698,2.3469962826846613
PEI5mgmL_60°C_Abs.TXT,PEI5mgmL,60°C,Abs,587,1499.6200000000001,100.0,332530.0,6.035803108808291,3.688797286821705,2.3470058219865857
PEI5mgmL_60°C_Abs.TXT,PEI5mgmL,60°C,Abs,588,1502.42,100.0,332530.0,6.035737823834197,3.688721317829457,2.3470165060047403
PEI5mgmL_60°C_Abs.TXT,PEI5mgmL,60°C,Abs,589,1504.92,100.0,332530.0,6.035679533678757,3.688653488372093,2.3470260453066643
PEI5mgmL_60°C_Abs.TXT,PEI5mgmL,60°C,Abs,590,1507.42,100.0,332530.0,6.035621243523316,3.688585658914729,2.3470355846085873
PEI5mgmL_60°C_Abs.TXT,PEI5mgmL,60°C,Abs,591,1510.02,100.0,332530.0,6.035560621761658,3.6885151162790697,2.3470455054825887
PEI5mgmL_60°C_Abs.TXT,PEI5mgmL,60°C,Abs,592,1512.42,100.0,332530.0,6.035504663212436,3.68845,2.3470546632124356
PEI5mgmL_60°C_Abs.TXT,PEI5mgmL,60°C,Abs,593,1515.1200000000001,100.0,332530.0,6.03544170984456,3.6883767441860464,2.347064965658513
PEI5mgmL_60°C_Abs.TXT,PEI5mgmL,60°C,Abs,594,1517.6200000000001,100.0,332530.0,6.035383419689119,3.6883089147286823,2.347074504960437
PEI5mgmL_60°C_Abs.TXT,PEI5mgmL,60°C,Abs,595,1520.22,100.0,332530.0,6.035322797927462,3.688238372093023,2.3470844258344385
PEI5mgmL_60°C_Abs.TXT,PEI5mgmL,60°C,Abs,596,1522.82,100.0,332530.0,6.035262176165803,3.688167829457364,2.347094346708439
PEI5mgmL_60°C_Abs.TXT,PEI5mgmL,60°C,Abs,597,1525.32,100.0,332530.0,6.035203886010363,3.6881,2.347103886010363
PEI5mgmL_60°C_Abs.TXT,PEI5mgmL,60°C,Abs,598,1527.82,100.0,332530.0,6.035145595854923,3.688023175416133,2.3471224204387897
PEI5mgmL_60°C_Abs.TXT,PEI5mgmL,60°C,Abs,599,1535.52,100.0,332530.0,6.034966062176166,3.6877865556978233,2.347179506478343
PEI5mgmL_60°C_Abs.TXT,PEI5mgmL,60°C,Abs,600,1543.32,100.0,332530.0,6.0347841968911915,3.6875468629961587,2.3472373338950328
PEI5mgmL_60°C_Abs.TXT,PEI5mgmL,60°C,Abs,601,1551.22,100.0,332530.0,6.0346,3.6873040973111397,2.3472959026888605
PEI5mgmL_60°C_Abs.TXT,PEI5mgmL,60°C,Abs,602,1553.72,100.0,332530.0,6.034539644218552,3.687227272727273,2.347312371491279
PEI5mgmL_60°C_Abs.TXT,PEI5mgmL,60°C,Abs,603,1556.42,100.0,332530.0,6.034474459974588,3.6871443021766965,2.347330157797891
PEI5mgmL_60°C_Abs.TXT,PEI5mgmL,60°C,Abs,604,1559.02,100.0,332530.0,6.034411689961881,3.687064404609475,2.3473472853524058
PEI5mgmL_60°C_Abs.TXT,PEI5mgmL,60°C,Abs,605,1561.72,100.0,332530.0,6.034346505717917,3.686981434058899,2.3473650716590178
PEI5mgmL_60°C_Abs.TXT,PEI5mgmL,60°C,Abs,606,1564.32,100.0,332530.0,6.03428373570521,3.6869015364916775,2.3473821992135324
PEI5mgmL_60°C_Abs.TXT,PEI5mgmL,60°C,Abs,607,1566.92,100.0,332530.0,6.034220965692503,3.6868216389244557,2.3473993267680475
PEI5mgmL_60°C_Abs.TXT,PEI5mgmL,60°C,Abs,608,1569.6200000000001,100.0,332530.0,6.034155781448539,3.68673866837388,2.347417113074659
PEI5mgmL_60°C_Abs.TXT,PEI5mgmL,60°C,Abs,609,1572.32,100.0,332530.0,6.034090597204575,3.6866556978233036,2.347434899381271
PEI5mgmL_60°C_Abs.TXT,PEI5mgmL,60°C,Abs,610,1574.82,100.0,332530.0,6.034030241423126,3.6865788732394367,2.3474513681836897
PEI5mgmL_60°C_Abs.TXT,PEI5mgmL,60°C,Abs,611,1577.32,100.0,332530.0,6.033969885641677,3.6865020486555697,2.3474678369861075
PEI5mgmL_60°C_Abs.TXT,PEI5mgmL,60°C,Abs,612,1579.92,100.0,332530.0,6.0339071156289705,3.6864221510883484,2.347484964540622
PEI5mgmL_60°C_Abs.TXT,PEI5mgmL,60°C,Abs,613,1582.32,100.0,332530.0,6.033849174078781,3.6863483994878363,2.3475007745909444
PEI5mgmL_60°C_Abs.TXT,PEI5mgmL,60°C,Abs,614,1584.92,100.0,332530.0,6.033786404066074,3.686268501920615,2.347517902145459
PEI5mgmL_60°C_Abs.TXT,PEI5mgmL,60°C,Abs,615,1587.72,100.0,332530.0,6.033718805590851,3.686182458386684,2.3475363472041675
PEI5mgmL_60°C_Abs.TXT,PEI5mgmL,60°C,Abs,616,1590.1200000000001,100.0,332530.0,6.033660864040661,3.6861087067861718,2.347552157254489
PEI5mgmL_60°C_Abs.TXT,PEI5mgmL,60°C,Abs,617,1592.6200000000001,100.0,332530.0,6.033600508259212,3.686031882202305,2.3475686260569075
PEI5mgmL_60°C_Abs.TXT,PEI5mgmL,60°C,Abs,618,1595.32,100.0,332530.0,6.033535324015248,3.6859489116517286,2.3475864123635195
PEI5mgmL_60°C_Abs.TXT,PEI5mgmL,60°C,Abs,619,1598.1200000000001,100.0,332530.0,6.033467725540025,3.685862868117798,2.3476048574222275
PEI5mgmL_60°C_Abs.TXT,PEI5mgmL,60°C,Abs,620,1600.6200000000001,100.0,332530.0,6.033407369758577,3.685786043533931,2.347621326224646
PEI5mgmL_60°C_Abs.TXT,PEI5mgmL,60°C,Abs,621,1603.42,100.0,332530.0,6.033339771283354,3.6857,2.347639771283354
PEI5mgmL_60°C_Abs.TXT,PEI5mgmL,60°C,Abs,622,1606.02,100.0,332530.0,6.0332770012706485,3.6856340937896075,2.347642907481041
PEI5mgmL_60°C_Abs.TXT,PEI5mgmL,60°C,Abs,623,1613.92,100.0,332530.0,6.033086277001271,3.685433840304183,2.347652436697088
PEI5mgmL_60°C_Abs.TXT,PEI5mgmL,60°C,Abs,624,1621.72,100.0,332530.0,6.0328979669631515,3.685236121673004,2.3476618452901477
PEI5mgmL_60°C_Abs.TXT,PEI5mgmL,60°C,Abs,625,1629.9199999999998,100.0,332530.0,6.0327,3.6850282636248415,2.3476717363751587
PEI5mgmL_60°C_Abs.TXT,PEI5mgmL,60°C,Abs,626,1632.32,100.0,332530.0,6.032654256670902,3.6849674271229405,2.347686829547962
PEI5mgmL_60°C_Abs.TXT,PEI5mgmL,60°C,Abs,627,1635.22,100.0,332530.0,6.032598983481575,3.68489391634981,2.3477050671317654
PEI5mgmL_60°C_Abs.TXT,PEI5mgmL,60°C,Abs,628,1637.82,100.0,332530.0,6.0325494282083865,3.6848280101394173,2.347721418068969
PEI5mgmL_60°C_Abs.TXT,PEI5mgmL,60°C,Abs,629,1640.5200000000002,100.0,332530.0,6.0324979669631515,3.684759569074778,2.3477383978883735
PEI5mgmL_60°C_Abs.TXT,PEI5mgmL,60°C,Abs,630,1643.1200000000001,100.0,332530.0,6.032448411689962,3.6846936628643854,2.3477547488255763
PEI5mgmL_60°C_Abs.TXT,PEI5mgmL,60°C,Abs,631,1645.9199999999998,100.0,332530.0,6.032395044472681,3.6846226869455005,2.3477723575271803
PEI5mgmL_60°C_Abs.TXT,PEI5mgmL,60°C,Abs,632,1648.4199999999998,100.0,332530.0,6.032347395171538,3.684559315589354,2.347788079582184
PEI5mgmL_60°C_Abs.TXT,PEI5mgmL,60°C,Abs,633,1651.1200000000001,100.0,332530.0,6.032295933926303,3.6844908745247147,2.3478050594015882
PEI5mgmL_60°C_Abs.TXT,PEI5mgmL,60°C,Abs,634,1653.6200000000001,100.0,332530.0,6.032248284625159,3.684427503168568,2.347820781456591
PEI5mgmL_60°C_Abs.TXT,PEI5mgmL,60°C,Abs,635,1656.0200000000002,100.0,332530.0,6.032202541296061,3.6843666666666666,2.3478358746293946
PEI5mgmL_60°C_Abs.TXT,PEI5mgmL,60°C,Abs,636,1658.6200000000001,100.0,332530.0,6.032152986022872,3.684300760456274,2.3478522255665983
PEI5mgmL_60°C_Abs.TXT,PEI5mgmL,60°C,Abs,637,1661.1200000000001,100.0,332530.0,6.032105336721728,3.6842373891001268,2.3478679476216016
PEI5mgmL_60°C_Abs.TXT,PEI5mgmL,60°C,Abs,638,1663.9199999999998,100.0,332530.0,6.032051969504447,3.684166413181242,2.3478855563232055
PEI5mgmL_60°C_Abs.TXT,PEI5mgmL,60°C,Abs,639,1666.4199999999998,100.0,332530.0,6.032004320203304,3.6841030418250953,2.3479012783782083
PEI5mgmL_60°C_Abs.TXT,PEI5mgmL,60°C,Abs,640,1669.22,100.0,332530.0,6.031950952986023,3.6840320659062105,2.3479188870798122
PEI5mgmL_60°C_Abs.TXT,PEI5mgmL,60°C,Abs,641,1671.72,100.0,332530.0,6.03190330368488,3.6839686945500634,2.3479346091348163
PEI5mgmL_60°C_Abs.TXT,PEI5mgmL,60°C,Abs,642,1674.6200000000001,100.0,332530.0,6.031848030495553,3.683895183776933,2.34795284671862
PEI5mgmL_60°C_Abs.TXT,PEI5mgmL,60°C,Abs,643,1677.1200000000001,100.0,332530.0,6.031800381194409,3.683831812420786,2.347968568773623
PEI5mgmL_60°C_Abs.TXT,PEI5mgmL,60°C,Abs,644,1679.6200000000001,100.0,332530.0,6.031752731893266,3.6837684410646387,2.3479842908286273
PEI5mgmL_60°C_Abs.TXT,PEI5mgmL,60°C,Abs,645,1682.32,100.0,332530.0,6.03170127064803,3.6837,2.34800127064803
PEI5mgmL_60°C_Abs.TXT,PEI5mgmL,60°C,Abs,646,1685.22,100.0,332530.0,6.031645997458704,3.683613935483871,2.348032061974833
PEI5mgmL_60°C_Abs.TXT,PEI5mgmL,60°C,Abs,647,1693.0200000000002,100.0,332530.0,6.0314973316391365,3.683382451612903,2.3481148800262335
PEI5mgmL_60°C_Abs.TXT,PEI5mgmL,60°C,Abs,648,1700.5200000000002,100.0,332530.0,6.031354383735706,3.683159870967742,2.348194512767964
PEI5mgmL_60°C_Abs.TXT,PEI5mgmL,60°C,Abs,649,1708.6200000000001,100.0,332530.0,6.0312,3.682919483870968,2.3482805161290323
PEI5mgmL_60°C_Abs.TXT,PEI5mgmL,60°C,Abs,650,1711.1200000000001,100.0,332530.0,6.031138311688312,3.6828452903225806,2.3482930213657314
PEI5mgmL_60°C_Abs.TXT,PEI5mgmL,60°C,Abs,651,1713.72,100.0,332530.0,6.031074155844156,3.682768129032258,2.3483060268118976
PEI5mgmL_60°C_Abs.TXT,PEI5mgmL,60°C,Abs,652,1716.32,100.0,332530.0,6.03101,3.6826909677419355,2.3483190322580647
PEI5mgmL_60°C_Abs.TXT,PEI5mgmL,60°C,Abs,653,1718.82,100.0,332530.0,6.030948311688312,3.6826167741935483,2.3483315374947638
PEI5mgmL_60°C_Abs.TXT,PEI5mgmL,60°C,Abs,654,1721.4199999999998,100.0,332530.0,6.030884155844156,3.6825396129032257,2.34834454294093
PEI5mgmL_60°C_Abs.TXT,PEI5mgmL,60°C,Abs,655,1723.9199999999998,100.0,332530.0,6.0308224675324675,3.6824654193548385,2.348357048177629
PEI5mgmL_60°C_Abs.TXT,PEI5mgmL,60°C,Abs,656,1726.6200000000001,100.0,332530.0,6.030755844155844,3.6823852903225807,2.3483705538332633
PEI5mgmL_60°C_Abs.TXT,PEI5mgmL,60°C,Abs,657,1729.1200000000001,100.0,332530.0,6.030694155844156,3.6823110967741934,2.3483830590699624
PEI5mgmL_60°C_Abs.TXT,PEI5mgmL,60°C,Abs,658,1731.82,100.0,332530.0,6.030627532467532,3.6822309677419356,2.3483965647255967
PEI5mgmL_60°C_Abs.TXT,PEI5mgmL,60°C,Abs,659,1734.32,100.0,332530.0,6.030565844155844,3.6821567741935484,2.3484090699622957
PEI5mgmL_60°C_Abs.TXT,PEI5mgmL,60°C,Abs,660,1736.82,100.0,332530.0,6.030504155844156,3.682082580645161,2.3484215751989947
PEI5mgmL_60°C_Abs.TXT,PEI5mgmL,60°C,Abs,661,1739.4199999999998,100.0,332530.0,6.0304400000000005,3.6820054193548386,2.348434580645162
PEI5mgmL_60°C_Abs.TXT,PEI5mgmL,60°C,Abs,662,1742.0200000000002,100.0,332530.0,6.030375844155844,3.681928258064516,2.348447586091328
PEI5mgmL_60°C_Abs.TXT,PEI5mgmL,60°C,Abs,663,1744.6200000000001,100.0,332530.0,6.030311688311689,3.6818510967741935,2.348460591537495
PEI5mgmL_60°C_Abs.TXT,PEI5mgmL,60°C,Abs,664,1747.0200000000002,100.0,332530.0,6.030252467532468,3.681779870967742,2.3484725965647257
PEI5mgmL_60°C_Abs.TXT,PEI5mgmL,60°C,Abs,665,1749.4199999999998,100.0,332530.0,6.030193246753247,3.68170864516129,2.3484846015919567
PEI5mgmL_60°C_Abs.TXT,PEI5mgmL,60°C,Abs,666,1752.1200000000001,100.0,332530.0,6.030126623376623,3.6816285161290323,2.348498107247591
PEI5mgmL_60°C_Abs.TXT,PEI5mgmL,60°C,Abs,667,1754.6200000000001,100.0,332530.0,6.030064935064935,3.681554322580645,2.34851061248429
PEI5mgmL_60°C_Abs.TXT,PEI5mgmL,60°C,Abs,668,1757.32,100.0,332530.0,6.029998311688312,3.6814741935483872,2.3485241181399243
PEI5mgmL_60°C_Abs.TXT,PEI5mgmL,60°C,Abs,669,1759.82,100.0,332530.0,6.029936623376623,3.6814,2.3485366233766234
PEI5mgmL_60°C_Abs.TXT,PEI5mgmL,60°C,Abs,670,1762.5200000000002,100.0,332530.0,6.02987,3.6813274007682457,2.348542599231754
PEI5mgmL_60°C_Abs.TXT,PEI5mgmL,60°C,Abs,671,1770.1200000000001,100.0,332530.0,6.029682467532468,3.68112304737516,2.348559420157308
PEI5mgmL_60°C_Abs.TXT,PEI5mgmL,60°C,Abs,672,1777.82,100.0,332530.0,6.029492467532467,3.680916005121639,2.3485764624108283
PEI5mgmL_60°C_Abs.TXT,PEI5mgmL,60°C,Abs,673,1785.6200000000001,100.0,332530.0,6.0293,3.6807062740076826,2.3485937259923175
PEI5mgmL_60°C_Abs.TXT,PEI5mgmL,60°C,Abs,674,1788.32,100.0,332530.0,6.029227586206897,3.6806336747759283,2.3485939114309686
PEI5mgmL_60°C_Abs.TXT,PEI5mgmL,60°C,Abs,675,1790.82,100.0,332530.0,6.029160536398468,3.680566453265045,2.348594083133423
PEI5mgmL_60°C_Abs.TXT,PEI5mgmL,60°C,Abs,676,1793.6200000000001,100.0,332530.0,6.029085440613027,3.6804911651728554,2.348594275440172
PEI5mgmL_60°C_Abs.TXT,PEI5mgmL,60°C,Abs,677,1796.1200000000001,100.0,332530.0,6.029018390804597,3.680423943661972,2.3485944471426254
PEI5mgmL_60°C_Abs.TXT,PEI5mgmL,60°C,Abs,678,1798.72,100.0,332530.0,6.028948659003832,3.680354033290653,2.348594625713179
PEI5mgmL_60°C_Abs.TXT,PEI5mgmL,60°C,Abs,679,1801.22,100.0,332530.0,6.028881609195403,3.6802868117797694,2.3485947974156334
PEI5mgmL_60°C_Abs.TXT,PEI5mgmL,60°C,Abs,680,1803.9199999999998,100.0,332530.0,6.028809195402299,3.6802142125480155,2.348594982854283
PEI5mgmL_60°C_Abs.TXT,PEI5mgmL,60°C,Abs,681,1806.6200000000001,100.0,332530.0,6.0287367816091955,3.680141613316261,2.3485951682929342
PEI5mgmL_60°C_Abs.TXT,PEI5mgmL,60°C,Abs,682,1809.4199999999998,100.0,332530.0,6.028661685823755,3.6800663252240717,2.348595360599683
PEI5mgmL_60°C_Abs.TXT,PEI5mgmL,60°C,Abs,683,1811.82,100.0,332530.0,6.028597318007662,3.6800017925736235,2.348595525434039
PEI5mgmL_60°C_Abs.TXT,PEI5mgmL,60°C,Abs,684,1814.4199999999998,100.0,332530.0,6.028527586206897,3.679931882202305,2.348595704004592
PEI5mgmL_60°C_Abs.TXT,PEI5mgmL,60°C,Abs,685,1817.0200000000002,100.0,332530.0,6.02845785440613,3.6798619718309857,2.3485958825751445
PEI5mgmL_60°C_Abs.TXT,PEI5mgmL,60°C,Abs,686,1819.6200000000001,100.0,332530.0,6.028388122605364,3.679792061459667,2.3485960611456966
PEI5mgmL_60°C_Abs.TXT,PEI5mgmL,60°C,Abs,687,1822.4199999999998,100.0,332530.0,6.028313026819923,3.6797167733674776,2.3485962534524454
PEI5mgmL_60°C_Abs.TXT,PEI5mgmL,60°C,Abs,688,1824.82,100.0,332530.0,6.0282486590038316,3.6796522407170293,2.348596418286802
PEI5mgmL_60°C_Abs.TXT,PEI5mgmL,60°C,Abs,689,1827.6200000000001,100.0,332530.0,6.028173563218391,3.67957695262484,2.348596610593551
PEI5mgmL_60°C_Abs.TXT,PEI5mgmL,60°C,Abs,690,1830.22,100.0,332530.0,6.028103831417624,3.679507042253521,2.348596789164103
PEI5mgmL_60°C_Abs.TXT,PEI5mgmL,60°C,Abs,691,1832.9199999999998,100.0,332530.0,6.028031417624521,3.679434443021767,2.348596974602754
PEI5mgmL_60°C_Abs.TXT,PEI5mgmL,60°C,Abs,692,1835.4199999999998,100.0,332530.0,6.027964367816092,3.6793672215108835,2.3485971463052087
PEI5mgmL_60°C_Abs.TXT,PEI5mgmL,60°C,Abs,693,1837.9199999999998,100.0,332530.0,6.027897318007662,3.6793,2.3485973180076622
PEI5mgmL_60°C_Abs.TXT,PEI5mgmL,60°C,Abs,694,1840.4199999999998,100.0,332530.0,6.027830268199233,3.6792360613810744,2.348594206818159
PEI5mgmL_60°C_Abs.TXT,PEI5mgmL,60°C,Abs,695,1848.1200000000001,100.0,332530.0,6.027623754789272,3.6790391304347825,2.3485846243544897
PEI5mgmL_60°C_Abs.TXT,PEI5mgmL,60°C,Abs,696,1855.6200000000001,100.0,332530.0,6.027422605363984,3.678847314578005,2.348575290785979
PEI5mgmL_60°C_Abs.TXT,PEI5mgmL,60°C,Abs,697,1863.9199999999998,100.0,332530.0,6.0272,3.678635038363171,2.3485649616368285
PEI5mgmL_60°C_Abs.TXT,PEI5mgmL,60°C,Abs,698,1866.4199999999998,100.0,332530.0,6.027161685823755,3.6785710997442456,2.348590586079509
PEI5mgmL_60°C_Abs.TXT,PEI5mgmL,60°C,Abs,699,1869.1200000000001,100.0,332530.0,6.027120306513409,3.6785020460358053,2.348618260477604
PEI5mgmL_60°C_Abs.TXT,PEI5mgmL,60°C,Abs,700,1871.72,100.0,332530.0,6.027080459770114,3.678435549872123,2.3486449098979914
PEI5mgmL_60°C_Abs.TXT,PEI5mgmL,60°C,Abs,701,1874.4199999999998,100.0,332530.0,6.02703908045977,3.6783664961636826,2.348672584296087
PEI5mgmL_60°C_Abs.TXT,PEI5mgmL,60°C,Abs,702,1877.1200000000001,100.0,332530.0,6.026997701149425,3.678297442455243,2.3487002586941825
PEI5mgmL_60°C_Abs.TXT,PEI5mgmL,60°C,Abs,703,1879.72,100.0,332530.0,6.02695785440613,3.67823094629156,2.3487269081145703
PEI5mgmL_60°C_Abs.TXT,PEI5mgmL,60°C,Abs,704,1882.32,100.0,332530.0,6.026918007662835,3.678164450127877,2.348753557534958
PEI5mgmL_60°C_Abs.TXT,PEI5mgmL,60°C,Abs,705,1885.1200000000001,100.0,332530.0,6.0268750957854405,3.6780928388746803,2.34878225691076
PEI5mgmL_60°C_Abs.TXT,PEI5mgmL,60°C,Abs,706,1887.6200000000001,100.0,332530.0,6.0268367816091954,3.6780289002557542,2.348807881353441
PEI5mgmL_60°C_Abs.TXT,PEI5mgmL,60°C,Abs,707,1890.0200000000002,100.0,332530.0,6.0268,3.6779675191815855,2.3488324808184142
PEI5mgmL_60°C_Abs.TXT,PEI5mgmL,60°C,Abs,708,1892.6200000000001,100.0,332530.0,6.0267601532567046,3.6779010230179026,2.348859130238802
PEI5mgmL_60°C_Abs.TXT,PEI5mgmL,60°C,Abs,709,1895.0200000000002,100.0,332530.0,6.02672337164751,3.677839641943734,2.348883729703776
PEI5mgmL_60°C_Abs.TXT,PEI5mgmL,60°C,Abs,710,1897.9199999999998,100.0,332530.0,6.026678927203065,3.67776547314578,2.348913454057285
PEI5mgmL_60°C_Abs.TXT,PEI5mgmL,60°C,Abs,711,1900.4199999999998,100.0,332530.0,6.02664061302682,3.677701534526854,2.3489390784999657
PEI5mgmL_60°C_Abs.TXT,PEI5mgmL,60°C,Abs,712,1903.22,100.0,332530.0,6.026597701149425,3.677629923273657,2.3489677778757683
PEI5mgmL_60°C_Abs.TXT,PEI5mgmL,60°C,Abs,713,1905.6200000000001,100.0,332530.0,6.02656091954023,3.6775685421994884,2.3489923773407413
PEI5mgmL_60°C_Abs.TXT,PEI5mgmL,60°C,Abs,714,1908.4199999999998,100.0,332530.0,6.026518007662835,3.6774969309462913,2.349021076716544
PEI5mgmL_60°C_Abs.TXT,PEI5mgmL,60°C,Abs,715,1910.9199999999998,100.0,332530.0,6.02647969348659,3.6774329923273656,2.3490467011592244
PEI5mgmL_60°C_Abs.TXT,PEI5mgmL,60°C,Abs,716,1913.4199999999998,100.0,332530.0,6.026441379310344,3.6773690537084396,2.3490723256019046
PEI5mgmL_60°C_Abs.TXT,PEI5mgmL,60°C,Abs,717,1916.1200000000001,100.0,332530.0,6.0264,3.6773,2.3491
PEI5mgmL_60°C_Abs.TXT,PEI5mgmL,60°C,Abs,718,1918.72,100.0,332530.0,6.026360153256705,3.677227226463104,2.3491329267936005
PEI5mgmL_60°C_Abs.TXT,PEI5mgmL,60°C,Abs,719,1926.72,100.0,332530.0,6.02623754789272,3.6770033078880404,2.3492342400046793
PEI5mgmL_60°C_Abs.TXT,PEI5mgmL,60°C,Abs,720,1934.32,100.0,332530.0,6.0261210727969345,3.67679058524173,2.3493304875552043
PEI5mgmL_60°C_Abs.TXT,PEI5mgmL,60°C,Abs,721,1942.22,100.0,332530.0,6.026,3.676569465648855,2.349430534351145
PEI5mgmL_60°C_Abs.TXT,PEI5mgmL,60°C,Abs,722,1944.9199999999998,100.0,332530.0,6.025945038167939,3.676493893129771,2.3494511450381683
PEI5mgmL_60°C_Abs.TXT,PEI5mgmL,60°C,Abs,723,1947.4199999999998,100.0,332530.0,6.025894147582697,3.6764239185750633,2.349470229007634
PEI5mgmL_60°C_Abs.TXT,PEI5mgmL,60°C,Abs,724,1950.0200000000002,100.0,332530.0,6.025841221374046,3.6763511450381676,2.3494900763358784
PEI5mgmL_60°C_Abs.TXT,PEI5mgmL,60°C,Abs,725,1952.5200000000002,100.0,332530.0,6.025790330788804,3.6762811704834606,2.3495091603053435
PEI5mgmL_60°C_Abs.TXT,PEI5mgmL,60°C,Abs,726,1955.4199999999998,100.0,332530.0,6.025731297709924,3.6762,2.3495312977099236
PEI5mgmL_60°C_Abs.TXT,PEI5mgmL,60°C,Abs,727,1957.82,100.0,332530.0,6.025682442748091,3.676132824427481,2.3495496183206104
PEI5mgmL_60°C_Abs.TXT,PEI5mgmL,60°C,Abs,728,1960.72,100.0,332530.0,6.025623409669211,3.6760516539440204,2.3495717557251905
PEI5mgmL_60°C_Abs.TXT,PEI5mgmL,60°C,Abs,729,1963.32,100.0,332530.0,6.02557048346056,3.6759788804071247,2.349591603053435
PEI5mgmL_60°C_Abs.TXT,PEI5mgmL,60°C,Abs,730,1965.9199999999998,100.0,332530.0,6.025517557251908,3.675906106870229,2.3496114503816794
PEI5mgmL_60°C_Abs.TXT,PEI5mgmL,60°C,Abs,731,1968.4199999999998,100.0,332530.0,6.0254666666666665,3.6758361323155215,2.349630534351145
PEI5mgmL_60°C_Abs.TXT,PEI5mgmL,60°C,Abs,732,1971.0200000000002,100.0,332530.0,6.025413740458015,3.675763358778626,2.3496503816793894
PEI5mgmL_60°C_Abs.TXT,PEI5mgmL,60°C,Abs,733,1973.6200000000001,100.0,332530.0,6.025360814249364,3.67569058524173,2.349670229007634
PEI5mgmL_60°C_Abs.TXT,PEI5mgmL,60°C,Abs,734,1976.22,100.0,332530.0,6.025307888040713,3.6756178117048344,2.3496900763358783
PEI5mgmL_60°C_Abs.TXT,PEI5mgmL,60°C,Abs,735,1979.0200000000002,100.0,332530.0,6.025250890585242,3.675539440203562,2.3497114503816796
PEI5mgmL_60°C_Abs.TXT,PEI5mgmL,60°C,Abs,736,1981.4199999999998,100.0,332530.0,6.025202035623409,3.6754722646310434,2.349729770992366
PEI5mgmL_60°C_Abs.TXT,PEI5mgmL,60°C,Abs,737,1984.22,100.0,332530.0,6.025145038167939,3.675393893129771,2.349751145038168
PEI5mgmL_60°C_Abs.TXT,PEI5mgmL,60°C,Abs,738,1986.82,100.0,332530.0,6.025092111959287,3.6753211195928754,2.3497709923664116
PEI5mgmL_60°C_Abs.TXT,PEI5mgmL,60°C,Abs,739,1989.4199999999998,100.0,332530.0,6.025039185750636,3.6752483460559797,2.349790839694656
PEI5mgmL_60°C_Abs.TXT,PEI5mgmL,60°C,Abs,740,1992.0200000000002,100.0,332530.0,6.0249862595419845,3.675175572519084,2.3498106870229005
PEI5mgmL_60°C_Abs.TXT,PEI5mgmL,60°C,Abs,741,1994.72,100.0,332530.0,6.024931297709924,3.6751,2.349831297709924
PEI5mgmL_60°C_Abs.TXT,PEI5mgmL,60°C,Abs,742,1997.32,100.0,332530.0,6.024878371501273,3.67503324775353,2.3498451237477425
PEI5mgmL_60°C_Abs.TXT,PEI5mgmL,60°C,Abs,743,2004.82,100.0,332530.0,6.024725699745547,3.6748406931964057,2.3498850065491412
PEI5mgmL_60°C_Abs.TXT,PEI5mgmL,60°C,Abs,744,2012.82,100.0,332530.0,6.0245628498727735,3.6746353016688063,2.349927548203967
PEI5mgmL_60°C_Abs.TXT,PEI5mgmL,60°C,Abs,745,2020.82,100.0,332530.0,6.0244,3.674429910141207,2.349970089858793
PEI5mgmL_60°C_Abs.TXT,PEI5mgmL,60°C,Abs,746,2023.5200000000002,100.0,332530.0,6.024351724137931,3.674360590500642,2.3499911336372894
PEI5mgmL_60°C_Abs.TXT,PEI5mgmL,60°C,Abs,747,2026.0200000000002,100.0,332530.0,6.024307024265645,3.674296405648267,2.350010618617378
PEI5mgmL_60°C_Abs.TXT,PEI5mgmL,60°C,Abs,748,2028.82,100.0,332530.0,6.024256960408684,3.6742245186136073,2.350032441795077
PEI5mgmL_60°C_Abs.TXT,PEI5mgmL,60°C,Abs,749,2031.32,100.0,332530.0,6.024212260536398,3.674160333761232,2.350051926775166
PEI5mgmL_60°C_Abs.TXT,PEI5mgmL,60°C,Abs,750,2034.22,100.0,332530.0,6.024160408684547,3.6740858793324773,2.3500745293520695
PEI5mgmL_60°C_Abs.TXT,PEI5mgmL,60°C,Abs,751,2036.72,100.0,332530.0,6.0241157088122606,3.6740216944801025,2.350094014332158
PEI5mgmL_60°C_Abs.TXT,PEI5mgmL,60°C,Abs,752,2039.4199999999998,100.0,332530.0,6.024067432950192,3.673952374839538,2.350115058110654
PEI5mgmL_60°C_Abs.TXT,PEI5mgmL,60°C,Abs,753,2042.0200000000002,100.0,332530.0,6.024020945083014,3.673885622593068,2.3501353224899457
PEI5mgmL_60°C_Abs.TXT,PEI5mgmL,60°C,Abs,754,2044.4199999999998,100.0,332530.0,6.023978033205619,3.673824005134788,2.3501540280708313
PEI5mgmL_60°C_Abs.TXT,PEI5mgmL,60°C,Abs,755,2046.9199999999998,100.0,332530.0,6.023933333333333,3.673759820282413,2.35017351305092
PEI5mgmL_60°C_Abs.TXT,PEI5mgmL,60°C,Abs,756,2049.42,100.0,332530.0,6.0238886334610475,3.6736956354300383,2.3501929980310092
PEI5mgmL_60°C_Abs.TXT,PEI5mgmL,60°C,Abs,757,2052.12,100.0,332530.0,6.023840357598978,3.6736263157894737,2.350214041809504
PEI5mgmL_60°C_Abs.TXT,PEI5mgmL,60°C,Abs,758,2054.7200000000003,100.0,332530.0,6.023793869731801,3.673559563543004,2.350234306188797
PEI5mgmL_60°C_Abs.TXT,PEI5mgmL,60°C,Abs,759,2057.42,100.0,332530.0,6.023745593869732,3.673490243902439,2.350255349967293
PEI5mgmL_60°C_Abs.TXT,PEI5mgmL,60°C,Abs,760,2060.0200000000004,100.0,332530.0,6.023699106002554,3.673423491655969,2.350275614346585
PEI5mgmL_60°C_Abs.TXT,PEI5mgmL,60°C,Abs,761,2062.42,100.0,332530.0,6.023656194125159,3.6733618741976892,2.35029431992747
PEI5mgmL_60°C_Abs.TXT,PEI5mgmL,60°C,Abs,762,2065.12,100.0,332530.0,6.023607918263091,3.6732925545571242,2.3503153637059664
PEI5mgmL_60°C_Abs.TXT,PEI5mgmL,60°C,Abs,763,2067.5200000000004,100.0,332530.0,6.023565006385696,3.6732309370988445,2.3503340692868515
PEI5mgmL_60°C_Abs.TXT,PEI5mgmL,60°C,Abs,764,2070.2200000000003,100.0,332530.0,6.023516730523627,3.6731616174582795,2.3503551130653477
PEI5mgmL_60°C_Abs.TXT,PEI5mgmL,60°C,Abs,765,2072.62,100.0,332530.0,6.023473818646233,3.6731,2.350373818646233
PEI5mgmL_60°C_Abs.TXT,PEI5mgmL,60°C,Abs,766,2075.2200000000003,100.0,332530.0,6.023427330779055,3.6730274111675123,2.3503999196115424
PEI5mgmL_60°C_Abs.TXT,PEI5mgmL,60°C,Abs,767,2082.92,100.0,332530.0,6.023289655172413,3.6728124365482233,2.35047721862419
PEI5mgmL_60°C_Abs.TXT,PEI5mgmL,60°C,Abs,768,2090.8199999999997,100.0,332530.0,6.0231484035759895,3.6725918781725886,2.350556525403401
PEI5mgmL_60°C_Abs.TXT,PEI5mgmL,60°C,Abs,769,2099.12,100.0,332530.0,6.023,3.6723601522842637,2.350639847715736
PEI5mgmL_60°C_Abs.TXT,PEI5mgmL,60°C,Abs,770,2101.62,100.0,332530.0,6.022945790816326,3.6722903553299493,2.350655435486377
PEI5mgmL_60°C_Abs.TXT,PEI5mgmL,60°C,Abs,771,2104.2200000000003,100.0,332530.0,6.022889413265306,3.672217766497462,2.350671646767844
PEI5mgmL_60°C_Abs.TXT,PEI5mgmL,60°C,Abs,772,2106.92,100.0,332530.0,6.022830867346938,3.672142385786802,2.350688481560136
PEI5mgmL_60°C_Abs.TXT,PEI5mgmL,60°C,Abs,773,2109.62,100.0,332530.0,6.0227723214285716,3.672067005076142,2.3507053163524296
PEI5mgmL_60°C_Abs.TXT,PEI5mgmL,60°C,Abs,774,2112.2200000000003,100.0,332530.0,6.022715943877551,3.671994416243655,2.350721527633896
PEI5mgmL_60°C_Abs.TXT,PEI5mgmL,60°C,Abs,775,2114.92,100.0,332530.0,6.0226573979591835,3.6719190355329947,2.350738362426189
PEI5mgmL_60°C_Abs.TXT,PEI5mgmL,60°C,Abs,776,2117.62,100.0,332530.0,6.022598852040816,3.671843654822335,2.350755197218481
PEI5mgmL_60°C_Abs.TXT,PEI5mgmL,60°C,Abs,777,2120.42,100.0,332530.0,6.0225381377551015,3.6717654822335026,2.350772655521599
PEI5mgmL_60°C_Abs.TXT,PEI5mgmL,60°C,Abs,778,2122.92,100.0,332530.0,6.022483928571428,3.6716956852791878,2.3507882432922402
PEI5mgmL_60°C_Abs.TXT,PEI5mgmL,60°C,Abs,779,2125.3199999999997,100.0,332530.0,6.0224318877551015,3.6716286802030456,2.350803207552056
PEI5mgmL_60°C_Abs.TXT,PEI5mgmL,60°C,Abs,780,2128.0200000000004,100.0,332530.0,6.022373341836735,3.671553299492386,2.350820042344349
PEI5mgmL_60°C_Abs.TXT,PEI5mgmL,60°C,Abs,781,2130.42,100.0,332530.0,6.022321301020408,3.6714862944162436,2.350835006604165
PEI5mgmL_60°C_Abs.TXT,PEI5mgmL,60°C,Abs,782,2133.2200000000003,100.0,332530.0,6.022260586734694,3.6714081218274113,2.3508524649072826
PEI5mgmL_60°C_Abs.TXT,PEI5mgmL,60°C,Abs,783,2135.8199999999997,100.0,332530.0,6.022204209183673,3.6713355329949238,2.3508686761887496
PEI5mgmL_60°C_Abs.TXT,PEI5mgmL,60°C,Abs,784,2138.42,100.0,332530.0,6.022147831632653,3.6712629441624367,2.350884887470216
PEI5mgmL_60°C_Abs.TXT,PEI5mgmL,60°C,Abs,785,2141.0200000000004,100.0,332530.0,6.022091454081632,3.671190355329949,2.350901098751683
PEI5mgmL_60°C_Abs.TXT,PEI5mgmL,60°C,Abs,786,2143.7200000000003,100.0,332530.0,6.022032908163265,3.6711149746192895,2.3509179335439754
PEI5mgmL_60°C_Abs.TXT,PEI5mgmL,60°C,Abs,787,2146.2200000000003,100.0,332530.0,6.021978698979591,3.6710451776649746,2.3509335213146167
PEI5mgmL_60°C_Abs.TXT,PEI5mgmL,60°C,Abs,788,2148.8199999999997,100.0,332530.0,6.021922321428572,3.6709725888324876,2.350949732596084
PEI5mgmL_60°C_Abs.TXT,PEI5mgmL,60°C,Abs,789,2151.42,100.0,332530.0,6.021865943877551,3.6709,2.350965943877551
PEI5mgmL_60°C_Abs.TXT,PEI5mgmL,60°C,Abs,790,2154.0200000000004,100.0,332530.0,6.021809566326531,3.670833075933076,2.350976490393455
PEI5mgmL_60°C_Abs.TXT,PEI5mgmL,60°C,Abs,791,2161.8199999999997,100.0,332530.0,6.021640433673469,3.6706323037323036,2.3510081299411656
PEI5mgmL_60°C_Abs.TXT,PEI5mgmL,60°C,Abs,792,2169.62,100.0,332530.0,6.021471301020409,3.6704315315315315,2.351039769488877
PEI5mgmL_60°C_Abs.TXT,PEI5mgmL,60°C,Abs,793,2177.5200000000004,100.0,332530.0,6.0213,3.6702281853281855,2.3510718146718146
PEI5mgmL_60°C_Abs.TXT,PEI5mgmL,60°C,Abs,794,2180.0200000000004,100.0,332530.0,6.021258439897698,3.670163835263835,2.351094604633863
PEI5mgmL_60°C_Abs.TXT,PEI5mgmL,60°C,Abs,795,2182.5200000000004,100.0,332530.0,6.021216879795396,3.670099485199485,2.3511173945959114
PEI5mgmL_60°C_Abs.TXT,PEI5mgmL,60°C,Abs,796,2185.2200000000003,100.0,332530.0,6.02117199488491,3.670029987129987,2.351142007754923
PEI5mgmL_60°C_Abs.TXT,PEI5mgmL,60°C,Abs,797,2187.7200000000003,100.0,332530.0,6.0211304347826085,3.669965637065637,2.3511647977169714
PEI5mgmL_60°C_Abs.TXT,PEI5mgmL,60°C,Abs,798,2190.3199999999997,100.0,332530.0,6.021087212276215,3.669898712998713,2.351188499277502
PEI5mgmL_60°C_Abs.TXT,PEI5mgmL,60°C,Abs,799,2192.92,100.0,332530.0,6.021043989769821,3.669831788931789,2.3512122008380323
PEI5mgmL_60°C_Abs.TXT,PEI5mgmL,60°C,Abs,800,2195.42,100.0,332530.0,6.0210024296675195,3.6697674388674386,2.351234990800081
PEI5mgmL_60°C_Abs.TXT,PEI5mgmL,60°C,Abs,801,2198.0200000000004,100.0,332530.0,6.020959207161125,3.669700514800515,2.3512586923606102
PEI5mgmL_60°C_Abs.TXT,PEI5mgmL,60°C,Abs,802,2200.42,100.0,332530.0,6.020919309462916,3.6696387387387386,2.3512805707241773
PEI5mgmL_60°C_Abs.TXT,PEI5mgmL,60°C,Abs,803,2203.2200000000003,100.0,332530.0,6.020872762148337,3.6695666666666664,2.3513060954816707
PEI5mgmL_60°C_Abs.TXT,PEI5mgmL,60°C,Abs,804,2205.8199999999997,100.0,332530.0,6.020829539641944,3.6694997425997427,2.351329797042201
PEI5mgmL_60°C_Abs.TXT,PEI5mgmL,60°C,Abs,805,2208.42,100.0,332530.0,6.02078631713555,3.6694328185328184,2.3513534986027316
PEI5mgmL_60°C_Abs.TXT,PEI5mgmL,60°C,Abs,806,2211.0200000000004,100.0,332530.0,6.020743094629156,3.6693658944658942,2.3513772001632613
PEI5mgmL_60°C_Abs.TXT,PEI5mgmL,60°C,Abs,807,2213.62,100.0,332530.0,6.020699872122762,3.6692989703989705,2.3514009017237916
PEI5mgmL_60°C_Abs.TXT,PEI5mgmL,60°C,Abs,808,2216.3199999999997,100.0,332530.0,6.020654987212276,3.669229472329472,2.351425514882804
PEI5mgmL_60°C_Abs.TXT,PEI5mgmL,60°C,Abs,809,2218.7200000000003,100.0,332530.0,6.020615089514067,3.6691676962676962,2.3514473932463704
PEI5mgmL_60°C_Abs.TXT,PEI5mgmL,60°C,Abs,810,2221.42,100.0,332530.0,6.0205702046035805,3.669098198198198,2.3514720064053827
PEI5mgmL_60°C_Abs.TXT,PEI5mgmL,60°C,Abs,811,2223.92,100.0,332530.0,6.020528644501279,3.669033848133848,2.351494796367431
PEI5mgmL_60°C_Abs.TXT,PEI5mgmL,60°C,Abs,812,2226.62,100.0,332530.0,6.0204837595907925,3.66896435006435,2.3515194095264427
PEI5mgmL_60°C_Abs.TXT,PEI5mgmL,60°C,Abs,813,2229.12,100.0,332530.0,6.020442199488491,3.6689,2.351542199488491
PEI5mgmL_60°C_Abs.TXT,PEI5mgmL,60°C,Abs,814,2231.92,100.0,332530.0,6.020395652173913,3.668828205128205,2.3515674470457077
PEI5mgmL_60°C_Abs.TXT,PEI5mgmL,60°C,Abs,815,2239.62,100.0,332530.0,6.020267647058823,3.668630769230769,2.351636877828054
PEI5mgmL_60°C_Abs.TXT,PEI5mgmL,60°C,Abs,816,2247.62,100.0,332530.0,6.020134654731457,3.668425641025641,2.351709013705816
PEI5mgmL_60°C_Abs.TXT,PEI5mgmL,60°C,Abs,817,2255.7200000000003,100.0,332530.0,6.02,3.6682179487179485,2.351782051282051
PEI5mgmL_60°C_Abs.TXT,PEI5mgmL,60°C,Abs,818,2258.42,100.0,332530.0,6.01993737113402,3.6681487179487178,2.3517886531853023
PEI5mgmL_60°C_Abs.TXT,PEI5mgmL,60°C,Abs,819,2260.92,100.0,332530.0,6.019879381443299,3.668084615384615,2.3517947660586835
PEI5mgmL_60°C_Abs.TXT,PEI5mgmL,60°C,Abs,820,2263.5200000000004,100.0,332530.0,6.019819072164948,3.6680179487179485,2.3518011234469993
PEI5mgmL_60°C_Abs.TXT,PEI5mgmL,60°C,Abs,821,2266.0200000000004,100.0,332530.0,6.0197610824742265,3.667953846153846,2.3518072363203806
PEI5mgmL_60°C_Abs.TXT,PEI5mgmL,60°C,Abs,822,2268.5200000000004,100.0,332530.0,6.019703092783505,3.6678897435897437,2.3518133491937614
PEI5mgmL_60°C_Abs.TXT,PEI5mgmL,60°C,Abs,823,2271.2200000000003,100.0,332530.0,6.019640463917526,3.6678205128205126,2.351819951097013
PEI5mgmL_60°C_Abs.TXT,PEI5mgmL,60°C,Abs,824,2273.8199999999997,100.0,332530.0,6.019580154639175,3.667753846153846,2.351826308485329
PEI5mgmL_60°C_Abs.TXT,PEI5mgmL,60°C,Abs,825,2276.42,100.0,332530.0,6.019519845360825,3.6676871794871793,2.3518326658736455
PEI5mgmL_60°C_Abs.TXT,PEI5mgmL,60°C,Abs,826,2278.92,100.0,332530.0,6.0194618556701025,3.667623076923077,2.3518387787470254
PEI5mgmL_60°C_Abs.TXT,PEI5mgmL,60°C,Abs,827,2281.3199999999997,100.0,332530.0,6.01940618556701,3.6675615384615385,2.3518446471054713
PEI5mgmL_60°C_Abs.TXT,PEI5mgmL,60°C,Abs,828,2283.92,100.0,332530.0,6.01934587628866,3.667494871794872,2.351851004493788
PEI5mgmL_60°C_Abs.TXT,PEI5mgmL,60°C,Abs,829,2286.42,100.0,332530.0,6.019287886597938,3.6674307692307693,2.3518571173671683
PEI5mgmL_60°C_Abs.TXT,PEI5mgmL,60°C,Abs,830,2289.2200000000003,100.0,332530.0,6.019222938144329,3.6673589743589745,2.351863963785355
PEI5mgmL_60°C_Abs.TXT,PEI5mgmL,60°C,Abs,831,2291.8199999999997,100.0,332530.0,6.019162628865979,3.667292307692308,2.3518703211736716
PEI5mgmL_60°C_Abs.TXT,PEI5mgmL,60°C,Abs,832,2294.2200000000003,100.0,332530.0,6.019106958762887,3.6672307692307693,2.3518761895321174
PEI5mgmL_60°C_Abs.TXT,PEI5mgmL,60°C,Abs,833,2296.92,100.0,332530.0,6.019044329896907,3.6671615384615386,2.3518827914353686
PEI5mgmL_60°C_Abs.TXT,PEI5mgmL,60°C,Abs,834,2299.42,100.0,332530.0,6.018986340206186,3.667097435897436,2.35188890430875
PEI5mgmL_60°C_Abs.TXT,PEI5mgmL,60°C,Abs,835,2302.12,100.0,332530.0,6.018923711340206,3.6670282051282053,2.351895506212001
PEI5mgmL_60°C_Abs.TXT,PEI5mgmL,60°C,Abs,836,2304.62,100.0,332530.0,6.018865721649484,3.6669641025641027,2.3519016190853814
PEI5mgmL_60°C_Abs.TXT,PEI5mgmL,60°C,Abs,837,2307.12,100.0,332530.0,6.018807731958763,3.6669,2.3519077319587627
PEI5mgmL_60°C_Abs.TXT,PEI5mgmL,60°C,Abs,838,2309.92,100.0,332530.0,6.018742783505155,3.6668318822023047,2.35191090130285
PEI5mgmL_60°C_Abs.TXT,PEI5mgmL,60°C,Abs,839,2317.42,100.0,332530.0,6.01856881443299,3.666649423815621,2.3519193906173688
PEI5mgmL_60°C_Abs.TXT,PEI5mgmL,60°C,Abs,840,2325.42,100.0,332530.0,6.018383247422681,3.6664548015364917,2.351928445886189
PEI5mgmL_60°C_Abs.TXT,PEI5mgmL,60°C,Abs,841,2333.3199999999997,100.0,332530.0,6.0182,3.6662626120358515,2.3519373879641488
PEI5mgmL_60°C_Abs.TXT,PEI5mgmL,60°C,Abs,842,2335.8199999999997,100.0,332530.0,6.018161587708067,3.6662017925736237,2.3519597951344435
PEI5mgmL_60°C_Abs.TXT,PEI5mgmL,60°C,Abs,843,2338.42,100.0,332530.0,6.018121638924456,3.6661385403329065,2.3519830985915497
PEI5mgmL_60°C_Abs.TXT,PEI5mgmL,60°C,Abs,844,2341.0200000000004,100.0,332530.0,6.018081690140845,3.6660752880921894,2.352006402048656
PEI5mgmL_60°C_Abs.TXT,PEI5mgmL,60°C,Abs,845,2343.8199999999997,100.0,332530.0,6.01803866837388,3.666007170294494,2.3520314980793855
PEI5mgmL_60°C_Abs.TXT,PEI5mgmL,60°C,Abs,846,2346.3199999999997,100.0,332530.0,6.0180002560819466,3.6659463508322663,2.3520539052496803
PEI5mgmL_60°C_Abs.TXT,PEI5mgmL,60°C,Abs,847,2348.92,100.0,332530.0,6.017960307298336,3.665883098591549,2.3520772087067865
PEI5mgmL_60°C_Abs.TXT,PEI5mgmL,60°C,Abs,848,2351.42,100.0,332530.0,6.017921895006403,3.6658222791293213,2.3520996158770813
PEI5mgmL_60°C_Abs.TXT,PEI5mgmL,60°C,Abs,849,2354.3199999999997,100.0,332530.0,6.01787733674776,3.665751728553137,2.3521256081946227
PEI5mgmL_60°C_Abs.TXT,PEI5mgmL,60°C,Abs,850,2356.7200000000003,100.0,332530.0,6.017840460947504,3.665693341869398,2.3521471190781056
PEI5mgmL_60°C_Abs.TXT,PEI5mgmL,60°C,Abs,851,2359.12,100.0,332530.0,6.017803585147248,3.6656349551856593,2.3521686299615885
PEI5mgmL_60°C_Abs.TXT,PEI5mgmL,60°C,Abs,852,2361.7200000000003,100.0,332530.0,6.017763636363637,3.6655717029449426,2.3521919334186943
PEI5mgmL_60°C_Abs.TXT,PEI5mgmL,60°C,Abs,853,2364.12,100.0,332530.0,6.017726760563381,3.6655133162612037,2.352213444302177
PEI5mgmL_60°C_Abs.TXT,PEI5mgmL,60°C,Abs,854,2366.7200000000003,100.0,332530.0,6.01768681177977,3.6654500640204866,2.3522367477592834
PEI5mgmL_60°C_Abs.TXT,PEI5mgmL,60°C,Abs,855,2369.3199999999997,100.0,332530.0,6.017646862996159,3.6653868117797694,2.3522600512163896
PEI5mgmL_60°C_Abs.TXT,PEI5mgmL,60°C,Abs,856,2372.12,100.0,332530.0,6.017603841229193,3.665318693982074,2.352285147247119
PEI5mgmL_60°C_Abs.TXT,PEI5mgmL,60°C,Abs,857,2374.62,100.0,332530.0,6.01756542893726,3.6652578745198463,2.352307554417414
PEI5mgmL_60°C_Abs.TXT,PEI5mgmL,60°C,Abs,858,2377.42,100.0,332530.0,6.017522407170294,3.665189756722151,2.3523326504481434
PEI5mgmL_60°C_Abs.TXT,PEI5mgmL,60°C,Abs,859,2379.8199999999997,100.0,332530.0,6.017485531370038,3.6651313700384125,2.352354161331626
PEI5mgmL_60°C_Abs.TXT,PEI5mgmL,60°C,Abs,860,2382.7200000000003,100.0,332530.0,6.017440973111396,3.665060819462228,2.3523801536491677
PEI5mgmL_60°C_Abs.TXT,PEI5mgmL,60°C,Abs,861,2385.2200000000003,100.0,332530.0,6.017402560819463,3.665,2.3524025608194625
PEI5mgmL_60°C_Abs.TXT,PEI5mgmL,60°C,Abs,862,2387.92,100.0,332530.0,6.017361075544175,3.6649380891719745,2.3524229863722
PEI5mgmL_60°C_Abs.TXT,PEI5mgmL,60°C,Abs,863,2395.42,100.0,332530.0,6.017245838668374,3.6647661146496815,2.3524797240186923
PEI5mgmL_60°C_Abs.TXT,PEI5mgmL,60°C,Abs,864,2403.3199999999997,100.0,332530.0,6.017124455825865,3.6645849681528664,2.3525394876729986
PEI5mgmL_60°C_Abs.TXT,PEI5mgmL,60°C,Abs,865,2411.42,100.0,332530.0,6.017,3.66439923566879,2.3526007643312106
PEI5mgmL_60°C_Abs.TXT,PEI5mgmL,60°C,Abs,866,2414.0200000000004,100.0,332530.0,6.016957106598985,3.6643396178343948,2.3526174887645905
PEI5mgmL_60°C_Abs.TXT,PEI5mgmL,60°C,Abs,867,2416.7200000000003,100.0,332530.0,6.016912563451777,3.6642777070063692,2.352634856445408
PEI5mgmL_60°C_Abs.TXT,PEI5mgmL,60°C,Abs,868,2419.3199999999997,100.0,332530.0,6.016869670050761,3.6642180891719747,2.3526515808787867
PEI5mgmL_60°C_Abs.TXT,PEI5mgmL,60°C,Abs,869,2422.0200000000004,100.0,332530.0,6.016825126903553,3.664156178343949,2.352668948559604
PEI5mgmL_60°C_Abs.TXT,PEI5mgmL,60°C,Abs,870,2424.62,100.0,332530.0,6.016782233502538,3.664096560509554,2.352685672992984
PEI5mgmL_60°C_Abs.TXT,PEI5mgmL,60°C,Abs,871,2427.42,100.0,332530.0,6.016736040609137,3.664032356687898,2.352703683921239
PEI5mgmL_60°C_Abs.TXT,PEI5mgmL,60°C,Abs,872,2430.0200000000004,100.0,332530.0,6.016693147208122,3.663972738853503,2.352720408354619
PEI5mgmL_60°C_Abs.TXT,PEI5mgmL,60°C,Abs,873,2432.7200000000003,100.0,332530.0,6.016648604060914,3.6639108280254775,2.3527377760354367
PEI5mgmL_60°C_Abs.TXT,PEI5mgmL,60°C,Abs,874,2435.2200000000003,100.0,332530.0,6.016607360406091,3.663853503184713,2.352753857221378
PEI5mgmL_60°C_Abs.TXT,PEI5mgmL,60°C,Abs,875,2437.62,100.0,332530.0,6.016567766497462,3.6637984713375795,2.3527692951598826
PEI5mgmL_60°C_Abs.TXT,PEI5mgmL,60°C,Abs,876,2440.42,100.0,332530.0,6.016521573604061,3.6637342675159235,2.3527873060881377
PEI5mgmL_60°C_Abs.TXT,PEI5mgmL,60°C,Abs,877,2442.8199999999997,100.0,332530.0,6.016481979695431,3.6636792356687895,2.3528027440266417
PEI5mgmL_60°C_Abs.TXT,PEI5mgmL,60°C,Abs,878,2445.42,100.0,332530.0,6.016439086294416,3.663619617834395,2.352819468460021
PEI5mgmL_60°C_Abs.TXT,PEI5mgmL,60°C,Abs,879,2448.0200000000004,100.0,332530.0,6.016396192893401,3.66356,2.352836192893401
PEI5mgmL_60°C_Abs.TXT,PEI5mgmL,60°C,Abs,880,2450.42,100.0,332530.0,6.016356598984772,3.663504968152866,2.352851630831906
PEI5mgmL_60°C_Abs.TXT,PEI5mgmL,60°C,Abs,881,2453.12,100.0,332530.0,6.016312055837563,3.6634430573248404,2.3528689985127227
PEI5mgmL_60°C_Abs.TXT,PEI5mgmL,60°C,Abs,882,2455.62,100.0,332530.0,6.016270812182741,3.6633857324840764,2.3528850796986647
PEI5mgmL_60°C_Abs.TXT,PEI5mgmL,60°C,Abs,883,2458.42,100.0,332530.0,6.01622461928934,3.6633215286624203,2.3529030906269197
PEI5mgmL_60°C_Abs.TXT,PEI5mgmL,60°C,Abs,884,2461.0200000000004,100.0,332530.0,6.016181725888325,3.6632619108280253,2.3529198150602997
PEI5mgmL_60°C_Abs.TXT,PEI5mgmL,60°C,Abs,885,2463.7200000000003,100.0,332530.0,6.016137182741117,3.6632,2.352937182741117
PEI5mgmL_60°C_Abs.TXT,PEI5mgmL,60°C,Abs,886,2466.3199999999997,100.0,332530.0,6.016094289340102,3.663123627075351,2.352970662264751
PEI5mgmL_60°C_Abs.TXT,PEI5mgmL,60°C,Abs,887,2474.42,100.0,332530.0,6.015960659898477,3.662885696040868,2.3530749638576087
PEI5mgmL_60°C_Abs.TXT,PEI5mgmL,60°C,Abs,888,2482.12,100.0,332530.0,6.015833629441624,3.6626595146871006,2.3531741147545233
PEI5mgmL_60°C_Abs.TXT,PEI5mgmL,60°C,Abs,889,2490.2200000000003,100.0,332530.0,6.0157,3.662421583652618,2.353278416347382
PEI5mgmL_60°C_Abs.TXT,PEI5mgmL,60°C,Abs,890,2492.62,100.0,332530.0,6.015644544287548,3.662351085568327,2.3532934587192216
PEI5mgmL_60°C_Abs.TXT,PEI5mgmL,60°C,Abs,891,2495.12,100.0,332530.0,6.015586777920411,3.662277650063857,2.3533091278565537
PEI5mgmL_60°C_Abs.TXT,PEI5mgmL,60°C,Abs,892,2497.92,100.0,332530.0,6.015522079589217,3.6621954022988503,2.3533266772903665
PEI5mgmL_60°C_Abs.TXT,PEI5mgmL,60°C,Abs,893,2500.3199999999997,100.0,332530.0,6.0154666238767645,3.662124904214559,2.3533417196622053
PEI5mgmL_60°C_Abs.TXT,PEI5mgmL,60°C,Abs,894,2502.92,100.0,332530.0,6.015406546854942,3.6620485312899103,2.353358015565032
PEI5mgmL_60°C_Abs.TXT,PEI5mgmL,60°C,Abs,895,2505.42,100.0,332530.0,6.0153487804878045,3.6619750957854404,2.353373684702364
PEI5mgmL_60°C_Abs.TXT,PEI5mgmL,60°C,Abs,896,2508.0200000000004,100.0,332530.0,6.015288703465981,3.6618987228607915,2.35338998060519
PEI5mgmL_60°C_Abs.TXT,PEI5mgmL,60°C,Abs,897,2510.5200000000004,100.0,332530.0,6.015230937098845,3.6618252873563217,2.353405649742523
PEI5mgmL_60°C_Abs.TXT,PEI5mgmL,60°C,Abs,898,2513.0200000000004,100.0,332530.0,6.015173170731707,3.6617518518518515,2.3534213188798554
PEI5mgmL_60°C_Abs.TXT,PEI5mgmL,60°C,Abs,899,2515.7200000000003,100.0,332530.0,6.015110783055198,3.661672541507024,2.3534382415481745
PEI5mgmL_60°C_Abs.TXT,PEI5mgmL,60°C,Abs,900,2518.42,100.0,332530.0,6.01504839537869,3.6615932311621964,2.3534551642164936
PEI5mgmL_60°C_Abs.TXT,PEI5mgmL,60°C,Abs,901,2521.12,100.0,332530.0,6.014986007702182,3.661513920817369,2.3534720868848136
PEI5mgmL_60°C_Abs.TXT,PEI5mgmL,60°C,Abs,902,2523.7200000000003,100.0,332530.0,6.014925930680359,3.66143754789272,2.3534883827876394
PEI5mgmL_60°C_Abs.TXT,PEI5mgmL,60°C,Abs,903,2526.42,100.0,332530.0,6.014863543003851,3.6613582375478924,2.3535053054559585
PEI5mgmL_60°C_Abs.TXT,PEI5mgmL,60°C,Abs,904,2529.0200000000004,100.0,332530.0,6.014803465982028,3.661281864623244,2.353521601358784
PEI5mgmL_60°C_Abs.TXT,PEI5mgmL,60°C,Abs,905,2531.7200000000003,100.0,332530.0,6.014741078305519,3.6612025542784163,2.353538524027103
PEI5mgmL_60°C_Abs.TXT,PEI5mgmL,60°C,Abs,906,2534.3199999999997,100.0,332530.0,6.014681001283697,3.6611261813537674,2.3535548199299297
PEI5mgmL_60°C_Abs.TXT,PEI5mgmL,60°C,Abs,907,2536.92,100.0,332530.0,6.014620924261874,3.6610498084291185,2.3535711158327555
PEI5mgmL_60°C_Abs.TXT,PEI5mgmL,60°C,Abs,908,2539.5200000000004,100.0,332530.0,6.014560847240051,3.6609734355044696,2.3535874117355813
PEI5mgmL_60°C_Abs.TXT,PEI5mgmL,60°C,Abs,909,2542.0200000000004,100.0,332530.0,6.014503080872914,3.6609,2.3536030808729143
PEI5mgmL_60°C_Abs.TXT,PEI5mgmL,60°C,Abs,910,2544.62,100.0,332530.0,6.014443003851091,3.660830089628681,2.35361291422241
PEI5mgmL_60°C_Abs.TXT,PEI5mgmL,60°C,Abs,911,2552.12,100.0,332530.0,6.014269704749679,3.6606284250960304,2.3536412796536483
PEI5mgmL_60°C_Abs.TXT,PEI5mgmL,60°C,Abs,912,2559.8199999999997,100.0,332530.0,6.014091784338896,3.6604213828425096,2.353670401496386
PEI5mgmL_60°C_Abs.TXT,PEI5mgmL,60°C,Abs,913,2568.12,100.0,332530.0,6.0139,3.6601982074263764,2.353701792573623
PEI5mgmL_60°C_Abs.TXT,PEI5mgmL,60°C,Abs,914,2570.5200000000004,100.0,332530.0,6.013857306226175,3.660133674775928,2.3537236314502468
PEI5mgmL_60°C_Abs.TXT,PEI5mgmL,60°C,Abs,915,2573.2200000000003,100.0,332530.0,6.0138092757306225,3.660061075544174,2.3537482001864487
PEI5mgmL_60°C_Abs.TXT,PEI5mgmL,60°C,Abs,916,2575.8199999999997,100.0,332530.0,6.013763024142312,3.659991165172855,2.353771858969457
PEI5mgmL_60°C_Abs.TXT,PEI5mgmL,60°C,Abs,917,2578.42,100.0,332530.0,6.013716772554003,3.6599212548015365,2.353795517752466
PEI5mgmL_60°C_Abs.TXT,PEI5mgmL,60°C,Abs,918,2581.0200000000004,100.0,332530.0,6.013670520965692,3.6598513444302174,2.353819176535475
PEI5mgmL_60°C_Abs.TXT,PEI5mgmL,60°C,Abs,919,2583.42,100.0,332530.0,6.0136278271918675,3.659786811779769,2.3538410154120983
PEI5mgmL_60°C_Abs.TXT,PEI5mgmL,60°C,Abs,920,2586.12,100.0,332530.0,6.013579796696315,3.6597142125480153,2.3538655841483
PEI5mgmL_60°C_Abs.TXT,PEI5mgmL,60°C,Abs,921,2588.7200000000003,100.0,332530.0,6.013533545108005,3.6596443021766962,2.3538892429313085
PEI5mgmL_60°C_Abs.TXT,PEI5mgmL,60°C,Abs,922,2591.42,100.0,332530.0,6.013485514612452,3.6595717029449424,2.35391381166751
PEI5mgmL_60°C_Abs.TXT,PEI5mgmL,60°C,Abs,923,2594.0200000000004,100.0,332530.0,6.013439263024142,3.6595017925736233,2.3539374704505187
PEI5mgmL_60°C_Abs.TXT,PEI5mgmL,60°C,Abs,924,2596.7200000000003,100.0,332530.0,6.01339123252859,3.659429193341869,2.3539620391867206
PEI5mgmL_60°C_Abs.TXT,PEI5mgmL,60°C,Abs,925,2599.2200000000003,100.0,332530.0,6.013346759847522,3.6593619718309855,2.3539847880165365
PEI5mgmL_60°C_Abs.TXT,PEI5mgmL,60°C,Abs,926,2601.92,100.0,332530.0,6.01329872935197,3.6592893725992317,2.354009356752738
PEI5mgmL_60°C_Abs.TXT,PEI5mgmL,60°C,Abs,927,2604.7200000000003,100.0,332530.0,6.013248919949174,3.659214084507042,2.3540348354421314
PEI5mgmL_60°C_Abs.TXT,PEI5mgmL,60°C,Abs,928,2607.42,100.0,332530.0,6.013200889453621,3.659141485275288,2.3540594041783334
PEI5mgmL_60°C_Abs.TXT,PEI5mgmL,60°C,Abs,929,2610.0200000000004,100.0,332530.0,6.013154637865311,3.6590715749039693,2.3540830629613416
PEI5mgmL_60°C_Abs.TXT,PEI5mgmL,60°C,Abs,930,2612.7200000000003,100.0,332530.0,6.0131066073697585,3.658998975672215,2.3541076316975436
PEI5mgmL_60°C_Abs.TXT,PEI5mgmL,60°C,Abs,931,2615.12,100.0,332530.0,6.013063913595934,3.6589344430217667,2.354129470574167
PEI5mgmL_60°C_Abs.TXT,PEI5mgmL,60°C,Abs,932,2617.7200000000003,100.0,332530.0,6.013017662007623,3.658864532650448,2.3541531293571754
PEI5mgmL_60°C_Abs.TXT,PEI5mgmL,60°C,Abs,933,2620.12,100.0,332530.0,6.0129749682338,3.6588,2.3541749682338
PEI5mgmL_60°C_Abs.TXT,PEI5mgmL,60°C,Abs,934,2622.8199999999997,100.0,332530.0,6.012926937738246,3.6587424812030074,2.354184456535239
PEI5mgmL_60°C_Abs.TXT,PEI5mgmL,60°C,Abs,935,2631.0200000000004,100.0,332530.0,6.012781067344346,3.658567794486215,2.3542132728581304
PEI5mgmL_60°C_Abs.TXT,PEI5mgmL,60°C,Abs,936,2638.8199999999997,100.0,332530.0,6.012642312579415,3.6584016290726815,2.3542406835067338
PEI5mgmL_60°C_Abs.TXT,PEI5mgmL,60°C,Abs,937,2646.8199999999997,100.0,332530.0,6.0125,3.6582312030075186,2.3542687969924816
PEI5mgmL_60°C_Abs.TXT,PEI5mgmL,60°C,Abs,938,2649.3199999999997,100.0,332530.0,6.012465189873418,3.6581779448621554,2.3542872450112626
PEI5mgmL_60°C_Abs.TXT,PEI5mgmL,60°C,Abs,939,2652.12,100.0,332530.0,6.012426202531646,3.658118295739348,2.354307906792298
PEI5mgmL_60°C_Abs.TXT,PEI5mgmL,60°C,Abs,940,2654.62,100.0,332530.0,6.012391392405063,3.658065037593985,2.354326354811078
PEI5mgmL_60°C_Abs.TXT,PEI5mgmL,60°C,Abs,941,2657.42,100.0,332530.0,6.012352405063291,3.6580053884711776,2.3543470165921137
PEI5mgmL_60°C_Abs.TXT,PEI5mgmL,60°C,Abs,942,2660.0200000000004,100.0,332530.0,6.012316202531646,3.6579499999999996,2.3543662025316463
PEI5mgmL_60°C_Abs.TXT,PEI5mgmL,60°C,Abs,943,2662.62,100.0,332530.0,6.0122800000000005,3.657894611528822,2.3543853884711785
PEI5mgmL_60°C_Abs.TXT,PEI5mgmL,60°C,Abs,944,2665.3199999999997,100.0,332530.0,6.012242405063291,3.6578370927318296,2.3544053123314614
PEI5mgmL_60°C_Abs.TXT,PEI5mgmL,60°C,Abs,945,2668.0200000000004,100.0,332530.0,6.012204810126582,3.657779573934837,2.3544252361917453
PEI5mgmL_60°C_Abs.TXT,PEI5mgmL,60°C,Abs,946,2670.42,100.0,332530.0,6.0121713924050635,3.657728446115288,2.3544429462897756
PEI5mgmL_60°C_Abs.TXT,PEI5mgmL,60°C,Abs,947,2673.2200000000003,100.0,332530.0,6.012132405063292,3.657668796992481,2.3544636080708106
PEI5mgmL_60°C_Abs.TXT,PEI5mgmL,60°C,Abs,948,2675.8199999999997,100.0,332530.0,6.012096202531645,3.657613408521303,2.3544827940103423
PEI5mgmL_60°C_Abs.TXT,PEI5mgmL,60°C,Abs,949,2678.62,100.0,332530.0,6.0120572151898735,3.657553759398496,2.3545034557913773
PEI5mgmL_60°C_Abs.TXT,PEI5mgmL,60°C,Abs,950,2681.2200000000003,100.0,332530.0,6.012021012658228,3.657498370927318,2.35452264173091
PEI5mgmL_60°C_Abs.TXT,PEI5mgmL,60°C,Abs,951,2683.92,100.0,332530.0,6.0119834177215195,3.6574408521303257,2.354542565591194
PEI5mgmL_60°C_Abs.TXT,PEI5mgmL,60°C,Abs,952,2686.42,100.0,332530.0,6.011948607594936,3.657387593984962,2.3545610136099744
PEI5mgmL_60°C_Abs.TXT,PEI5mgmL,60°C,Abs,953,2689.2200000000003,100.0,332530.0,6.0119096202531646,3.657327944862155,2.3545816753910094
PEI5mgmL_60°C_Abs.TXT,PEI5mgmL,60°C,Abs,954,2691.8199999999997,100.0,332530.0,6.011873417721519,3.657272556390977,2.354600861330542
PEI5mgmL_60°C_Abs.TXT,PEI5mgmL,60°C,Abs,955,2694.62,100.0,332530.0,6.011834430379747,3.6572129072681703,2.354621523111577
PEI5mgmL_60°C_Abs.TXT,PEI5mgmL,60°C,Abs,956,2697.2200000000003,100.0,332530.0,6.011798227848101,3.6571575187969922,2.354640709051109
PEI5mgmL_60°C_Abs.TXT,PEI5mgmL,60°C,Abs,957,2699.92,100.0,332530.0,6.011760632911392,3.6571,2.3546606329113926
PEI5mgmL_60°C_Abs.TXT,PEI5mgmL,60°C,Abs,958,2702.42,100.0,332530.0,6.01172582278481,3.657035897435897,2.354689925348913
PEI5mgmL_60°C_Abs.TXT,PEI5mgmL,60°C,Abs,959,2710.2200000000003,100.0,332530.0,6.011617215189873,3.656835897435897,2.354781317753976
PEI5mgmL_60°C_Abs.TXT,PEI5mgmL,60°C,Abs,960,2718.12,100.0,332530.0,6.011507215189874,3.656633333333333,2.3548738818565407
PEI5mgmL_60°C_Abs.TXT,PEI5mgmL,60°C,Abs,961,2725.8199999999997,100.0,332530.0,6.0114,3.6564358974358973,2.354964102564103
PEI5mgmL_60°C_Abs.TXT,PEI5mgmL,60°C,Abs,962,2728.3199999999997,100.0,332530.0,6.011342455242967,3.6563717948717946,2.354970660371172
PEI5mgmL_60°C_Abs.TXT,PEI5mgmL,60°C,Abs,963,2731.0200000000004,100.0,332530.0,6.011280306905371,3.656302564102564,2.3549777428028067
PEI5mgmL_60°C_Abs.TXT,PEI5mgmL,60°C,Abs,964,2733.62,100.0,332530.0,6.011220460358056,3.6562358974358973,2.354984562922159
PEI5mgmL_60°C_Abs.TXT,PEI5mgmL,60°C,Abs,965,2736.3199999999997,100.0,332530.0,6.01115831202046,3.6561666666666666,2.3549916453537936
PEI5mgmL_60°C_Abs.TXT,PEI5mgmL,60°C,Abs,966,2738.92,100.0,332530.0,6.011098465473146,3.6561,2.354998465473146
PEI5mgmL_60°C_Abs.TXT,PEI5mgmL,60°C,Abs,967,2741.62,100.0,332530.0,6.01103631713555,3.656030769230769,2.3550055479047804
PEI5mgmL_60°C_Abs.TXT,PEI5mgmL,60°C,Abs,968,2744.2200000000003,100.0,332530.0,6.010976470588235,3.6559641025641025,2.355012368024133
PEI5mgmL_60°C_Abs.TXT,PEI5mgmL,60°C,Abs,969,2747.0200000000004,100.0,332530.0,6.010912020460358,3.6558923076923078,2.3550197127680503
PEI5mgmL_60°C_Abs.TXT,PEI5mgmL,60°C,Abs,970,2749.42,100.0,332530.0,6.010856777493606,3.655830769230769,2.3550260082628367
PEI5mgmL_60°C_Abs.TXT,PEI5mgmL,60°C,Abs,971,2752.2200000000003,100.0,332530.0,6.010792327365729,3.6557589743589745,2.355033353006754
PEI5mgmL_60°C_Abs.TXT,PEI5mgmL,60°C,Abs,972,2754.8199999999997,100.0,332530.0,6.010732480818414,3.655692307692308,2.3550401731261066
PEI5mgmL_60°C_Abs.TXT,PEI5mgmL,60°C,Abs,973,2757.42,100.0,332530.0,6.0106726342711,3.655625641025641,2.355046993245459
PEI5mgmL_60°C_Abs.TXT,PEI5mgmL,60°C,Abs,974,2760.12,100.0,332530.0,6.010610485933504,3.6555564102564104,2.3550540756770935
PEI5mgmL_60°C_Abs.TXT,PEI5mgmL,60°C,Abs,975,2762.7200000000003,100.0,332530.0,6.01055063938619,3.6554897435897438,2.355060895796446
PEI5mgmL_60°C_Abs.TXT,PEI5mgmL,60°C,Abs,976,2765.12,100.0,332530.0,6.010495396419437,3.655428205128205,2.355067191291232
PEI5mgmL_60°C_Abs.TXT,PEI5mgmL,60°C,Abs,977,2767.62,100.0,332530.0,6.010437851662404,3.6553641025641026,2.3550737490983016
PEI5mgmL_60°C_Abs.TXT,PEI5mgmL,60°C,Abs,978,2770.3199999999997,100.0,332530.0,6.010375703324808,3.655294871794872,2.355080831529936
PEI5mgmL_60°C_Abs.TXT,PEI5mgmL,60°C,Abs,979,2772.8199999999997,100.0,332530.0,6.010318158567775,3.6552307692307693,2.3550873893370055
PEI5mgmL_60°C_Abs.TXT,PEI5mgmL,60°C,Abs,980,2775.42,100.0,332530.0,6.0102583120204605,3.6551641025641026,2.355094209456358
PEI5mgmL_60°C_Abs.TXT,PEI5mgmL,60°C,Abs,981,2777.92,100.0,332530.0,6.010200767263427,3.6551,2.355100767263427
PEI5mgmL_60°C_Abs.TXT,PEI5mgmL,60°C,Abs,982,2780.42,100.0,332530.0,6.010143222506394,3.655035732647815,2.355107489858579
PEI5mgmL_60°C_Abs.TXT,PEI5mgmL,60°C,Abs,983,2788.42,100.0,332530.0,6.009959079283887,3.6548300771208226,2.3551290021630646
PEI5mgmL_60°C_Abs.TXT,PEI5mgmL,60°C,Abs,984,2796.12,100.0,332530.0,6.009781841432225,3.6546321336760923,2.3551497077561323
PEI5mgmL_60°C_Abs.TXT,PEI5mgmL,60°C,Abs,985,2804.0200000000004,100.0,332530.0,6.0096,3.6544290488431876,2.355170951156812
PEI5mgmL_60°C_Abs.TXT,PEI5mgmL,60°C,Abs,986,2806.62,100.0,332530.0,6.009566751918158,3.654362210796915,2.3552045411212434
PEI5mgmL_60°C_Abs.TXT,PEI5mgmL,60°C,Abs,987,2809.12,100.0,332530.0,6.009534782608696,3.65429794344473,2.3552368391639655
PEI5mgmL_60°C_Abs.TXT,PEI5mgmL,60°C,Abs,988,2811.7200000000003,100.0,332530.0,6.009501534526854,3.6542311053984573,2.355270429128397
PEI5mgmL_60°C_Abs.TXT,PEI5mgmL,60°C,Abs,989,2814.2200000000003,100.0,332530.0,6.009469565217391,3.6541668380462724,2.355302727171119
PEI5mgmL_60°C_Abs.TXT,PEI5mgmL,60°C,Abs,990,2816.8199999999997,100.0,332530.0,6.00943631713555,3.6541,2.3553363171355497
PEI5mgmL_60°C_Abs.TXT,PEI5mgmL,60°C,Abs,991,2819.42,100.0,332530.0,6.009403069053708,3.6540331619537274,2.355369907099981
PEI5mgmL_60°C_Abs.TXT,PEI5mgmL,60°C,Abs,992,2822.0200000000004,100.0,332530.0,6.009369820971867,3.6539663239074547,2.355403497064412
PEI5mgmL_60°C_Abs.TXT,PEI5mgmL,60°C,Abs,993,2824.5200000000004,100.0,332530.0,6.009337851662404,3.65390205655527,2.3554357951071343
PEI5mgmL_60°C_Abs.TXT,PEI5mgmL,60°C,Abs,994,2827.0200000000004,100.0,332530.0,6.009305882352941,3.653837789203085,2.3554680931498564
PEI5mgmL_60°C_Abs.TXT,PEI5mgmL,60°C,Abs,995,2829.42,100.0,332530.0,6.009275191815857,3.653776092544987,2.35549909927087
PEI5mgmL_60°C_Abs.TXT,PEI5mgmL,60°C,Abs,996,2832.12,100.0,332530.0,6.009240664961637,3.6537066838046273,2.3555339811570097
PEI5mgmL_60°C_Abs.TXT,PEI5mgmL,60°C,Abs,997,2834.62,100.0,332530.0,6.009208695652174,3.653642416452442,2.3555662791997323
PEI5mgmL_60°C_Abs.TXT,PEI5mgmL,60°C,Abs,998,2837.3199999999997,100.0,332530.0,6.009174168797954,3.6535730077120823,2.355601161085872
PEI5mgmL_60°C_Abs.TXT,PEI5mgmL,60°C,Abs,999,2840.0200000000004,100.0,332530.0,6.009139641943734,3.653503598971722,2.355636042972012
PEI5mgmL_60°C_Abs.TXT,PEI5mgmL,60°C,Abs,1000,2842.7200000000003,100.0,332530.0,6.009105115089514,3.6534341902313625,2.3556709248581513
PEI5mgmL_60°C_Abs.TXT,PEI5mgmL,60°C,Abs,1001,2845.12,100.0,332530.0,6.00907442455243,3.6533724935732645,2.355701930979165
PEI5mgmL_60°C_Abs.TXT,PEI5mgmL,60°C,Abs,1002,2848.0200000000004,100.0,332530.0,6.009037340153453,3.6532979434447297,2.3557393967087235
PEI5mgmL_60°C_Abs.TXT,PEI5mgmL,60°C,Abs,1003,2850.5200000000004,100.0,332530.0,6.00900537084399,3.653233676092545,2.3557716947514455
PEI5mgmL_60°C_Abs.TXT,PEI5mgmL,60°C,Abs,1004,2853.2200000000003,100.0,332530.0,6.00897084398977,3.6531642673521847,2.3558065766375855
PEI5mgmL_60°C_Abs.TXT,PEI5mgmL,60°C,Abs,1005,2855.7200000000003,100.0,332530.0,6.008938874680307,3.6531,2.3558388746803076
PEI5mgmL_60°C_Abs.TXT,PEI5mgmL,60°C,Abs,1006,2858.3199999999997,100.0,332530.0,6.008905626598466,3.6530373096446698,2.355868316953796
PEI5mgmL_60°C_Abs.TXT,PEI5mgmL,60°C,Abs,1007,2866.2200000000003,100.0,332530.0,6.008804603580563,3.6528468274111674,2.3559577761693955
PEI5mgmL_60°C_Abs.TXT,PEI5mgmL,60°C,Abs,1008,2874.0200000000004,100.0,332530.0,6.0087048593350385,3.6526587563451773,2.356046102989861
PEI5mgmL_60°C_Abs.TXT,PEI5mgmL,60°C,Abs,1009,2882.2200000000003,100.0,332530.0,6.0086,3.6524610406091367,2.3561389593908637
PEI5mgmL_60°C_Abs.TXT,PEI5mgmL,60°C,Abs,1010,2884.62,100.0,332530.0,6.008551207115629,3.652403172588832,2.356148034526797
PEI5mgmL_60°C_Abs.TXT,PEI5mgmL,60°C,Abs,1011,2887.42,100.0,332530.0,6.008494282083863,3.652335659898477,2.3561586221853856
PEI5mgmL_60°C_Abs.TXT,PEI5mgmL,60°C,Abs,1012,2890.12,100.0,332530.0,6.008439390088946,3.6522705583756343,2.356168831713312
PEI5mgmL_60°C_Abs.TXT,PEI5mgmL,60°C,Abs,1013,2892.7200000000003,100.0,332530.0,6.008386531130877,3.6522078680203043,2.3561786631105726
PEI5mgmL_60°C_Abs.TXT,PEI5mgmL,60°C,Abs,1014,2895.3199999999997,100.0,332530.0,6.0083336721728084,3.6521451776649743,2.356188494507834
PEI5mgmL_60°C_Abs.TXT,PEI5mgmL,60°C,Abs,1015,2898.12,100.0,332530.0,6.008276747141042,3.652077664974619,2.3561990821664227
PEI5mgmL_60°C_Abs.TXT,PEI5mgmL,60°C,Abs,1016,2900.7200000000003,100.0,332530.0,6.0082238881829735,3.652014974619289,2.3562089135636843
PEI5mgmL_60°C_Abs.TXT,PEI5mgmL,60°C,Abs,1017,2903.5200000000004,100.0,332530.0,6.008166963151207,3.6519474619289336,2.3562195012222733
PEI5mgmL_60°C_Abs.TXT,PEI5mgmL,60°C,Abs,1018,2906.0200000000004,100.0,332530.0,6.008116137229988,3.6518871827411163,2.3562289544888713
PEI5mgmL_60°C_Abs.TXT,PEI5mgmL,60°C,Abs,1019,2908.7200000000003,100.0,332530.0,6.00806124523507,3.651822081218274,2.356239164016796
PEI5mgmL_60°C_Abs.TXT,PEI5mgmL,60°C,Abs,1020,2911.3199999999997,100.0,332530.0,6.008008386277002,3.651759390862944,2.3562489954140577
PEI5mgmL_60°C_Abs.TXT,PEI5mgmL,60°C,Abs,1021,2913.92,100.0,332530.0,6.0079555273189325,3.651696700507614,2.3562588268113185
PEI5mgmL_60°C_Abs.TXT,PEI5mgmL,60°C,Abs,1022,2916.5200000000004,100.0,332530.0,6.007902668360864,3.651634010152284,2.35626865820858
PEI5mgmL_60°C_Abs.TXT,PEI5mgmL,60°C,Abs,1023,2919.2200000000003,100.0,332530.0,6.007847776365947,3.6515689086294416,2.356278867736505
PEI5mgmL_60°C_Abs.TXT,PEI5mgmL,60°C,Abs,1024,2921.7200000000003,100.0,332530.0,6.007796950444727,3.6515086294416244,2.356288321003103
PEI5mgmL_60°C_Abs.TXT,PEI5mgmL,60°C,Abs,1025,2924.12,100.0,332530.0,6.007748157560356,3.6514507614213194,2.3562973961390368
PEI5mgmL_60°C_Abs.TXT,PEI5mgmL,60°C,Abs,1026,2926.92,100.0,332530.0,6.00769123252859,3.6513832487309643,2.3563079837976253
PEI5mgmL_60°C_Abs.TXT,PEI5mgmL,60°C,Abs,1027,2929.3199999999997,100.0,332530.0,6.0076424396442185,3.65132538071066,2.3563170589335587
PEI5mgmL_60°C_Abs.TXT,PEI5mgmL,60°C,Abs,1028,2932.0200000000004,100.0,332530.0,6.007587547649301,3.651260279187817,2.356327268461484
PEI5mgmL_60°C_Abs.TXT,PEI5mgmL,60°C,Abs,1029,2934.5200000000004,100.0,332530.0,6.007536721728081,3.6512,2.356336721728081
PEI5mgmL_60°C_Abs.TXT,PEI5mgmL,60°C,Abs,1030,2937.42,100.0,332530.0,6.007477763659466,3.6511334183673467,2.3563443452921193
PEI5mgmL_60°C_Abs.TXT,PEI5mgmL,60°C,Abs,1031,2945.12,100.0,332530.0,6.007321219822109,3.650956632653061,2.356364587169048
PEI5mgmL_60°C_Abs.TXT,PEI5mgmL,60°C,Abs,1032,2952.62,100.0,332530.0,6.007168742058449,3.65078443877551,2.3563843032829395
PEI5mgmL_60°C_Abs.TXT,PEI5mgmL,60°C,Abs,1033,2960.92,100.0,332530.0,6.007,3.65059387755102,2.3564061224489796
PEI5mgmL_60°C_Abs.TXT,PEI5mgmL,60°C,Abs,1034,2963.3199999999997,100.0,332530.0,6.006966240409207,3.650538775510204,2.3564274648990025
PEI5mgmL_60°C_Abs.TXT,PEI5mgmL,60°C,Abs,1035,2966.12,100.0,332530.0,6.006926854219948,3.650474489795918,2.35645236442403
PEI5mgmL_60°C_Abs.TXT,PEI5mgmL,60°C,Abs,1036,2968.62,100.0,332530.0,6.0068916879795395,3.6504170918367347,2.356474596142805
PEI5mgmL_60°C_Abs.TXT,PEI5mgmL,60°C,Abs,1037,2971.42,100.0,332530.0,6.006852301790281,3.650352806122449,2.356499495667832
PEI5mgmL_60°C_Abs.TXT,PEI5mgmL,60°C,Abs,1038,2974.0200000000004,100.0,332530.0,6.006815728900255,3.650293112244898,2.3565226166553574
PEI5mgmL_60°C_Abs.TXT,PEI5mgmL,60°C,Abs,1039,2976.8199999999997,100.0,332530.0,6.006776342710997,3.650228826530612,2.3565475161803846
PEI5mgmL_60°C_Abs.TXT,PEI5mgmL,60°C,Abs,1040,2979.3199999999997,100.0,332530.0,6.006741176470588,3.6501714285714284,2.35656974789916
PEI5mgmL_60°C_Abs.TXT,PEI5mgmL,60°C,Abs,1041,2982.0200000000004,100.0,332530.0,6.006703196930946,3.65010943877551,2.356593758155436
PEI5mgmL_60°C_Abs.TXT,PEI5mgmL,60°C,Abs,1042,2984.42,100.0,332530.0,6.006669437340153,3.650054336734694,2.356615100605459
PEI5mgmL_60°C_Abs.TXT,PEI5mgmL,60°C,Abs,1043,2986.8199999999997,100.0,332530.0,6.00663567774936,3.6499992346938774,2.3566364430554825
PEI5mgmL_60°C_Abs.TXT,PEI5mgmL,60°C,Abs,1044,2989.42,100.0,332530.0,6.006599104859335,3.6499395408163267,2.3566595640430084
PEI5mgmL_60°C_Abs.TXT,PEI5mgmL,60°C,Abs,1045,2991.8199999999997,100.0,332530.0,6.006565345268542,3.6498844387755103,2.3566809064930316
PEI5mgmL_60°C_Abs.TXT,PEI5mgmL,60°C,Abs,1046,2994.42,100.0,332530.0,6.006528772378516,3.649824744897959,2.356704027480557
PEI5mgmL_60°C_Abs.TXT,PEI5mgmL,60°C,Abs,1047,2997.0200000000004,100.0,332530.0,6.00649219948849,3.6497650510204083,2.356727148468082
PEI5mgmL_60°C_Abs.TXT,PEI5mgmL,60°C,Abs,1048,2999.8199999999997,100.0,332530.0,6.006452813299233,3.649700765306122,2.3567520479931106
PEI5mgmL_60°C_Abs.TXT,PEI5mgmL,60°C,Abs,1049,3002.2200000000003,100.0,332530.0,6.00641905370844,3.6496456632653063,2.3567733904431334
PEI5mgmL_60°C_Abs.TXT,PEI5mgmL,60°C,Abs,1050,3005.0200000000004,100.0,332530.0,6.006379667519181,3.64958137755102,2.356798289968161
PEI5mgmL_60°C_Abs.TXT,PEI5mgmL,60°C,Abs,1051,3007.5200000000004,100.0,332530.0,6.006344501278772,3.649523979591837,2.356820521686935
PEI5mgmL_60°C_Abs.TXT,PEI5mgmL,60°C,Abs,1052,3010.42,100.0,332530.0,6.006303708439897,3.649457397959184,2.356846310480713
PEI5mgmL_60°C_Abs.TXT,PEI5mgmL,60°C,Abs,1053,3012.92,100.0,332530.0,6.006268542199488,3.6494,2.3568685421994884
PEI5mgmL_60°C_Abs.TXT,PEI5mgmL,60°C,Abs,1054,3015.8199999999997,100.0,332530.0,6.0062277493606135,3.6493298089171975,2.356897940443416
PEI5mgmL_60°C_Abs.TXT,PEI5mgmL,60°C,Abs,1055,3023.3199999999997,100.0,332530.0,6.006122250639386,3.649148280254777,2.356973970384609
PEI5mgmL_60°C_Abs.TXT,PEI5mgmL,60°C,Abs,1056,3031.0200000000004,100.0,332530.0,6.006013938618925,3.6489619108280253,2.3570520277908997
PEI5mgmL_60°C_Abs.TXT,PEI5mgmL,60°C,Abs,1057,3039.12,100.0,332530.0,6.0059,3.6487658598726114,2.357134140127388
PEI5mgmL_60°C_Abs.TXT,PEI5mgmL,60°C,Abs,1058,3041.62,100.0,332530.0,6.005858439897698,3.648705350318471,2.3571530895792265
PEI5mgmL_60°C_Abs.TXT,PEI5mgmL,60°C,Abs,1059,3044.42,100.0,332530.0,6.00581189258312,3.6486375796178345,2.3571743129652853
PEI5mgmL_60°C_Abs.TXT,PEI5mgmL,60°C,Abs,1060,3047.0200000000004,100.0,332530.0,6.005768670076726,3.6485746496815286,2.3571940203951978
PEI5mgmL_60°C_Abs.TXT,PEI5mgmL,60°C,Abs,1061,3049.8199999999997,100.0,332530.0,6.005722122762148,3.648506878980892,2.3572152437812557
PEI5mgmL_60°C_Abs.TXT,PEI5mgmL,60°C,Abs,1062,3052.5200000000004,100.0,332530.0,6.005677237851662,3.6484415286624206,2.3572357091892417
PEI5mgmL_60°C_Abs.TXT,PEI5mgmL,60°C,Abs,1063,3055.12,100.0,332530.0,6.005634015345268,3.6483785987261146,2.3572554166191533
PEI5mgmL_60°C_Abs.TXT,PEI5mgmL,60°C,Abs,1064,3057.7200000000003,100.0,332530.0,6.005590792838874,3.648315668789809,2.3572751240490653
PEI5mgmL_60°C_Abs.TXT,PEI5mgmL,60°C,Abs,1065,3060.5200000000004,100.0,332530.0,6.005544245524296,3.648247898089172,2.3572963474351245
PEI5mgmL_60°C_Abs.TXT,PEI5mgmL,60°C,Abs,1066,3063.12,100.0,332530.0,6.005501023017903,3.6481849681528664,2.3573160548650365
PEI5mgmL_60°C_Abs.TXT,PEI5mgmL,60°C,Abs,1067,3065.62,100.0,332530.0,6.005459462915601,3.6481244585987262,2.357335004316875
PEI5mgmL_60°C_Abs.TXT,PEI5mgmL,60°C,Abs,1068,3068.3199999999997,100.0,332530.0,6.005414578005115,3.648059108280255,2.35735546972486
PEI5mgmL_60°C_Abs.TXT,PEI5mgmL,60°C,Abs,1069,3070.92,100.0,332530.0,6.005371355498721,3.647996178343949,2.3573751771547724
PEI5mgmL_60°C_Abs.TXT,PEI5mgmL,60°C,Abs,1070,3073.62,100.0,332530.0,6.005326470588235,3.6479308280254776,2.3573956425627576
PEI5mgmL_60°C_Abs.TXT,PEI5mgmL,60°C,Abs,1071,3076.2200000000003,100.0,332530.0,6.005283248081841,3.647867898089172,2.3574153499926687
PEI5mgmL_60°C_Abs.TXT,PEI5mgmL,60°C,Abs,1072,3078.62,100.0,332530.0,6.0052433503836316,3.6478098089171973,2.3574335414664342
PEI5mgmL_60°C_Abs.TXT,PEI5mgmL,60°C,Abs,1073,3081.12,100.0,332530.0,6.00520179028133,3.647749299363057,2.3574524909182726
PEI5mgmL_60°C_Abs.TXT,PEI5mgmL,60°C,Abs,1074,3083.8199999999997,100.0,332530.0,6.005156905370844,3.647683949044586,2.3574729563262578
PEI5mgmL_60°C_Abs.TXT,PEI5mgmL,60°C,Abs,1075,3086.3199999999997,100.0,332530.0,6.005115345268542,3.6476234394904457,2.357491905778096
PEI5mgmL_60°C_Abs.TXT,PEI5mgmL,60°C,Abs,1076,3088.92,100.0,332530.0,6.005072122762148,3.64756050955414,2.357511613208008
PEI5mgmL_60°C_Abs.TXT,PEI5mgmL,60°C,Abs,1077,3091.42,100.0,332530.0,6.005030562659846,3.6475,2.3575305626598464
PEI5mgmL_60°C_Abs.TXT,PEI5mgmL,60°C,Abs,1078,3094.2200000000003,100.0,332530.0,6.0049840153452685,3.6474338582677164,2.357550157077552
PEI5mgmL_60°C_Abs.TXT,PEI5mgmL,60°C,Abs,1079,3101.62,100.0,332530.0,6.004860997442455,3.64725905511811,2.3576019423243446
PEI5mgmL_60°C_Abs.TXT,PEI5mgmL,60°C,Abs,1080,3109.3199999999997,100.0,332530.0,6.004732992327366,3.6470771653543306,2.357655826973035
PEI5mgmL_60°C_Abs.TXT,PEI5mgmL,60°C,Abs,1081,3117.3199999999997,100.0,332530.0,6.0046,3.646888188976378,2.357711811023622
PEI5mgmL_60°C_Abs.TXT,PEI5mgmL,60°C,Abs,1082,3119.8199999999997,100.0,332530.0,6.004554188481675,3.646829133858268,2.3577250546234074
PEI5mgmL_60°C_Abs.TXT,PEI5mgmL,60°C,Abs,1083,3122.3199999999997,100.0,332530.0,6.004508376963351,3.6467700787401576,2.357738298223193
PEI5mgmL_60°C_Abs.TXT,PEI5mgmL,60°C,Abs,1084,3125.0200000000004,100.0,332530.0,6.00445890052356,3.6467062992125983,2.357752601310962
PEI5mgmL_60°C_Abs.TXT,PEI5mgmL,60°C,Abs,1085,3127.42,100.0,332530.0,6.004414921465968,3.6466496062992126,2.3577653151667555
PEI5mgmL_60°C_Abs.TXT,PEI5mgmL,60°C,Abs,1086,3130.0200000000004,100.0,332530.0,6.004367277486911,3.646588188976378,2.357779088510533
PEI5mgmL_60°C_Abs.TXT,PEI5mgmL,60°C,Abs,1087,3132.42,100.0,332530.0,6.004323298429319,3.646531496062992,2.357791802366327
PEI5mgmL_60°C_Abs.TXT,PEI5mgmL,60°C,Abs,1088,3135.0200000000004,100.0,332530.0,6.004275654450262,3.6464700787401574,2.3578055757101044
PEI5mgmL_60°C_Abs.TXT,PEI5mgmL,60°C,Abs,1089,3137.5200000000004,100.0,332530.0,6.004229842931937,3.6464110236220475,2.3578188193098897
PEI5mgmL_60°C_Abs.TXT,PEI5mgmL,60°C,Abs,1090,3140.0200000000004,100.0,332530.0,6.004184031413613,3.646351968503937,2.3578320629096754
PEI5mgmL_60°C_Abs.TXT,PEI5mgmL,60°C,Abs,1091,3142.42,100.0,332530.0,6.00414005235602,3.646295275590551,2.3578447767654693
PEI5mgmL_60°C_Abs.TXT,PEI5mgmL,60°C,Abs,1092,3144.92,100.0,332530.0,6.004094240837696,3.6462362204724412,2.3578580203652546
PEI5mgmL_60°C_Abs.TXT,PEI5mgmL,60°C,Abs,1093,3147.42,100.0,332530.0,6.004048429319371,3.646177165354331,2.3578712639650403
PEI5mgmL_60°C_Abs.TXT,PEI5mgmL,60°C,Abs,1094,3150.0200000000004,100.0,332530.0,6.004000785340314,3.6461157480314963,2.357885037308818
PEI5mgmL_60°C_Abs.TXT,PEI5mgmL,60°C,Abs,1095,3152.62,100.0,332530.0,6.003953141361256,3.6460543307086617,2.3578988106525944
PEI5mgmL_60°C_Abs.TXT,PEI5mgmL,60°C,Abs,1096,3155.12,100.0,332530.0,6.0039073298429315,3.6459952755905514,2.35791205425238
PEI5mgmL_60°C_Abs.TXT,PEI5mgmL,60°C,Abs,1097,3157.5200000000004,100.0,332530.0,6.00386335078534,3.6459385826771653,2.357924768108175
PEI5mgmL_60°C_Abs.TXT,PEI5mgmL,60°C,Abs,1098,3160.0200000000004,100.0,332530.0,6.003817539267016,3.6458795275590554,2.3579380117079602
PEI5mgmL_60°C_Abs.TXT,PEI5mgmL,60°C,Abs,1099,3162.5200000000004,100.0,332530.0,6.003771727748691,3.645820472440945,2.357951255307746
PEI5mgmL_60°C_Abs.TXT,PEI5mgmL,60°C,Abs,1100,3165.12,100.0,332530.0,6.003724083769633,3.6457590551181105,2.3579650286515226
PEI5mgmL_60°C_Abs.TXT,PEI5mgmL,60°C,Abs,1101,3167.62,100.0,332530.0,6.0036782722513085,3.6457,2.3579782722513083
PEI5mgmL_60°C_Abs.TXT,PEI5mgmL,60°C,Abs,1102,3170.2200000000003,100.0,332530.0,6.003630628272251,3.6456337579617837,2.3579968703104677
PEI5mgmL_60°C_Abs.TXT,PEI5mgmL,60°C,Abs,1103,3178.0200000000004,100.0,332530.0,6.003487696335078,3.645435031847134,2.3580526644879445
PEI5mgmL_60°C_Abs.TXT,PEI5mgmL,60°C,Abs,1104,3185.5200000000004,100.0,332530.0,6.0033502617801044,3.6452439490445863,2.358106312735518
PEI5mgmL_60°C_Abs.TXT,PEI5mgmL,60°C,Abs,1105,3193.7200000000003,100.0,332530.0,6.0032,3.645035031847134,2.358164968152866
PEI5mgmL_60°C_Abs.TXT,PEI5mgmL,60°C,Abs,1106,3196.2200000000003,100.0,332530.0,6.003155583756345,3.644971337579618,2.358184246176727
PEI5mgmL_60°C_Abs.TXT,PEI5mgmL,60°C,Abs,1107,3198.92,100.0,332530.0,6.003107614213198,3.644902547770701,2.3582050664424967
PEI5mgmL_60°C_Abs.TXT,PEI5mgmL,60°C,Abs,1108,3201.5200000000004,100.0,332530.0,6.003061421319797,3.644836305732484,2.3582251155873126
PEI5mgmL_60°C_Abs.TXT,PEI5mgmL,60°C,Abs,1109,3204.2200000000003,100.0,332530.0,6.003013451776649,3.644767515923567,2.3582459358530823
PEI5mgmL_60°C_Abs.TXT,PEI5mgmL,60°C,Abs,1110,3206.8199999999997,100.0,332530.0,6.002967258883248,3.6447012738853504,2.3582659849978977
PEI5mgmL_60°C_Abs.TXT,PEI5mgmL,60°C,Abs,1111,3209.3199999999997,100.0,332530.0,6.0029228426395935,3.6446375796178345,2.358285263021759
PEI5mgmL_60°C_Abs.TXT,PEI5mgmL,60°C,Abs,1112,3212.0200000000004,100.0,332530.0,6.002874873096446,3.6445687898089174,2.3583060832875287
PEI5mgmL_60°C_Abs.TXT,PEI5mgmL,60°C,Abs,1113,3214.92,100.0,332530.0,6.002823350253807,3.6444949044585986,2.358328445795208
PEI5mgmL_60°C_Abs.TXT,PEI5mgmL,60°C,Abs,1114,3217.42,100.0,332530.0,6.002778934010152,3.6444312101910827,2.3583477238190693
PEI5mgmL_60°C_Abs.TXT,PEI5mgmL,60°C,Abs,1115,3220.2200000000003,100.0,332530.0,6.002729187817259,3.644359872611465,2.358369315205794
PEI5mgmL_60°C_Abs.TXT,PEI5mgmL,60°C,Abs,1116,3222.8199999999997,100.0,332530.0,6.002682994923858,3.6442936305732485,2.3583893643506095
PEI5mgmL_60°C_Abs.TXT,PEI5mgmL,60°C,Abs,1117,3225.3199999999997,100.0,332530.0,6.002638578680203,3.6442299363057327,2.35840864237447
PEI5mgmL_60°C_Abs.TXT,PEI5mgmL,60°C,Abs,1118,3228.0200000000004,100.0,332530.0,6.002590609137056,3.644161146496815,2.358429462640241
PEI5mgmL_60°C_Abs.TXT,PEI5mgmL,60°C,Abs,1119,3230.62,100.0,332530.0,6.002544416243655,3.6440949044585986,2.3584495117850564
PEI5mgmL_60°C_Abs.TXT,PEI5mgmL,60°C,Abs,1120,3233.42,100.0,332530.0,6.002494670050761,3.644023566878981,2.35847110317178
PEI5mgmL_60°C_Abs.TXT,PEI5mgmL,60°C,Abs,1121,3235.8199999999997,100.0,332530.0,6.002452030456853,3.6439624203821657,2.3584896100746873
PEI5mgmL_60°C_Abs.TXT,PEI5mgmL,60°C,Abs,1122,3238.42,100.0,332530.0,6.002405837563452,3.643896178343949,2.3585096592195027
PEI5mgmL_60°C_Abs.TXT,PEI5mgmL,60°C,Abs,1123,3241.12,100.0,332530.0,6.0023578680203045,3.6438273885350316,2.358530479485273
PEI5mgmL_60°C_Abs.TXT,PEI5mgmL,60°C,Abs,1124,3243.7200000000003,100.0,332530.0,6.0023116751269034,3.643761146496815,2.3585505286300883
PEI5mgmL_60°C_Abs.TXT,PEI5mgmL,60°C,Abs,1125,3246.12,100.0,332530.0,6.002269035532995,3.6437,2.3585690355329954
PEI5mgmL_60°C_Abs.TXT,PEI5mgmL,60°C,Abs,1126,3249.0200000000004,100.0,332530.0,6.002217512690355,3.6436593630573246,2.3585581496330303
PEI5mgmL_60°C_Abs.TXT,PEI5mgmL,60°C,Abs,1127,3256.62,100.0,332530.0,6.002082487309645,3.6435528662420382,2.3585296210676066
PEI5mgmL_60°C_Abs.TXT,PEI5mgmL,60°C,Abs,1128,3264.42,100.0,332530.0,6.001943908629442,3.6434435668789806,2.358500341750461
PEI5mgmL_60°C_Abs.TXT,PEI5mgmL,60°C,Abs,1129,3272.5200000000004,100.0,332530.0,6.0018,3.6433300636942674,2.358469936305733
PEI5mgmL_60°C_Abs.TXT,PEI5mgmL,60°C,Abs,1130,3275.0200000000004,100.0,332530.0,6.001771374045802,3.6432950318471335,2.3584763421986685
PEI5mgmL_60°C_Abs.TXT,PEI5mgmL,60°C,Abs,1131,3277.62,100.0,332530.0,6.001741603053436,3.6432585987261144,2.3584830043273213
PEI5mgmL_60°C_Abs.TXT,PEI5mgmL,60°C,Abs,1132,3280.2200000000003,100.0,332530.0,6.001711832061069,3.6432221656050956,2.3584896664559736
PEI5mgmL_60°C_Abs.TXT,PEI5mgmL,60°C,Abs,1133,3282.92,100.0,332530.0,6.001680916030534,3.643184331210191,2.3584965848203434
PEI5mgmL_60°C_Abs.TXT,PEI5mgmL,60°C,Abs,1134,3285.5200000000004,100.0,332530.0,6.001651145038168,3.643147898089172,2.358503246948996
PEI5mgmL_60°C_Abs.TXT,PEI5mgmL,60°C,Abs,1135,3288.2200000000003,100.0,332530.0,6.001620229007634,3.6431100636942673,2.358510165313367
PEI5mgmL_60°C_Abs.TXT,PEI5mgmL,60°C,Abs,1136,3290.8199999999997,100.0,332530.0,6.001590458015268,3.6430736305732485,2.358516827442019
PEI5mgmL_60°C_Abs.TXT,PEI5mgmL,60°C,Abs,1137,3293.42,100.0,332530.0,6.001560687022901,3.6430371974522293,2.358523489570672
PEI5mgmL_60°C_Abs.TXT,PEI5mgmL,60°C,Abs,1138,3296.12,100.0,332530.0,6.0015297709923665,3.6429993630573247,2.3585304079350418
PEI5mgmL_60°C_Abs.TXT,PEI5mgmL,60°C,Abs,1139,3298.92,100.0,332530.0,6.001497709923664,3.642960127388535,2.3585375825351296
PEI5mgmL_60°C_Abs.TXT,PEI5mgmL,60°C,Abs,1140,3301.5200000000004,100.0,332530.0,6.001467938931298,3.6429236942675156,2.3585442446637823
PEI5mgmL_60°C_Abs.TXT,PEI5mgmL,60°C,Abs,1141,3304.0200000000004,100.0,332530.0,6.001439312977099,3.6428886624203822,2.3585506505567166
PEI5mgmL_60°C_Abs.TXT,PEI5mgmL,60°C,Abs,1142,3306.62,100.0,332530.0,6.001409541984732,3.642852229299363,2.3585573126853694
PEI5mgmL_60°C_Abs.TXT,PEI5mgmL,60°C,Abs,1143,3309.3199999999997,100.0,332530.0,6.001378625954199,3.6428143949044585,2.35856423104974
PEI5mgmL_60°C_Abs.TXT,PEI5mgmL,60°C,Abs,1144,3311.92,100.0,332530.0,6.001348854961832,3.6427779617834393,2.358570893178393
PEI5mgmL_60°C_Abs.TXT,PEI5mgmL,60°C,Abs,1145,3314.3199999999997,100.0,332530.0,6.001321374045801,3.642744331210191,2.3585770428356105
PEI5mgmL_60°C_Abs.TXT,PEI5mgmL,60°C,Abs,1146,3316.8199999999997,100.0,332530.0,6.001292748091603,3.642709299363057,2.358583448728546
PEI5mgmL_60°C_Abs.TXT,PEI5mgmL,60°C,Abs,1147,3319.42,100.0,332530.0,6.001262977099237,3.6426728662420382,2.3585901108571985
PEI5mgmL_60°C_Abs.TXT,PEI5mgmL,60°C,Abs,1148,3322.0200000000004,100.0,332530.0,6.00123320610687,3.642636433121019,2.3585967729858512
PEI5mgmL_60°C_Abs.TXT,PEI5mgmL,60°C,Abs,1149,3324.62,100.0,332530.0,6.001203435114504,3.6426,2.358603435114504
PEI5mgmL_60°C_Abs.TXT,PEI5mgmL,60°C,Abs,1150,3327.2200000000003,100.0,332530.0,6.001173664122137,3.6425240152477762,2.358649648874361
PEI5mgmL_60°C_Abs.TXT,PEI5mgmL,60°C,Abs,1151,3335.12,100.0,332530.0,6.00108320610687,3.642293138500635,2.3587900676062348
PEI5mgmL_60°C_Abs.TXT,PEI5mgmL,60°C,Abs,1152,3343.0200000000004,100.0,332530.0,6.000992748091603,3.642062261753494,2.358930486338109
PEI5mgmL_60°C_Abs.TXT,PEI5mgmL,60°C,Abs,1153,3351.12,100.0,332530.0,6.0009,3.6418255400254127,2.359074459974587
PEI5mgmL_60°C_Abs.TXT,PEI5mgmL,60°C,Abs,1154,3353.62,100.0,332530.0,6.000845859872611,3.641752477763659,2.359093382108952
PEI5mgmL_60°C_Abs.TXT,PEI5mgmL,60°C,Abs,1155,3356.2200000000003,100.0,332530.0,6.000789554140127,3.6416764930114356,2.3591130611286912
PEI5mgmL_60°C_Abs.TXT,PEI5mgmL,60°C,Abs,1156,3358.8199999999997,100.0,332530.0,6.000733248407643,3.641600508259212,2.359132740148431
PEI5mgmL_60°C_Abs.TXT,PEI5mgmL,60°C,Abs,1157,3361.62,100.0,332530.0,6.000672611464968,3.6415186785260483,2.35915393293892
PEI5mgmL_60°C_Abs.TXT,PEI5mgmL,60°C,Abs,1158,3364.2200000000003,100.0,332530.0,6.000616305732484,3.6414426937738247,2.359173611958659
PEI5mgmL_60°C_Abs.TXT,PEI5mgmL,60°C,Abs,1159,3366.62,100.0,332530.0,6.000564331210191,3.6413725540025412,2.3591917772076494
PEI5mgmL_60°C_Abs.TXT,PEI5mgmL,60°C,Abs,1160,3369.42,100.0,332530.0,6.000503694267516,3.641290724269377,2.3592129699981386
PEI5mgmL_60°C_Abs.TXT,PEI5mgmL,60°C,Abs,1161,3372.2200000000003,100.0,332530.0,6.000443057324841,3.6412088945362133,2.3592341627886273
PEI5mgmL_60°C_Abs.TXT,PEI5mgmL,60°C,Abs,1162,3374.62,100.0,332530.0,6.0003910828025475,3.64113875476493,2.3592523280376176
PEI5mgmL_60°C_Abs.TXT,PEI5mgmL,60°C,Abs,1163,3377.12,100.0,332530.0,6.000336942675159,3.6410656925031764,2.359271250171983
PEI5mgmL_60°C_Abs.TXT,PEI5mgmL,60°C,Abs,1164,3379.8199999999997,100.0,332530.0,6.000278471337579,3.6409867852604827,2.3592916860770967
PEI5mgmL_60°C_Abs.TXT,PEI5mgmL,60°C,Abs,1165,3382.3199999999997,100.0,332530.0,6.000224331210191,3.640913722998729,2.359310608211462
PEI5mgmL_60°C_Abs.TXT,PEI5mgmL,60°C,Abs,1166,3384.92,100.0,332530.0,6.000168025477707,3.6408377382465056,2.359330287231201
PEI5mgmL_60°C_Abs.TXT,PEI5mgmL,60°C,Abs,1167,3387.62,100.0,332530.0,6.000109554140128,3.640758831003812,2.3593507231363158
PEI5mgmL_60°C_Abs.TXT,PEI5mgmL,60°C,Abs,1168,3390.42,100.0,332530.0,6.000048917197452,3.6406770012706478,2.359371915926804
PEI5mgmL_60°C_Abs.TXT,PEI5mgmL,60°C,Abs,1169,3392.8199999999997,100.0,332530.0,5.999996942675159,3.6406068614993647,2.359390081175794
PEI5mgmL_60°C_Abs.TXT,PEI5mgmL,60°C,Abs,1170,3395.5200000000004,100.0,332530.0,5.99993847133758,3.6405279542566706,2.359410517080909
PEI5mgmL_60°C_Abs.TXT,PEI5mgmL,60°C,Abs,1171,3398.12,100.0,332530.0,5.999882165605095,3.640451969504447,2.3594301961006483
PEI5mgmL_60°C_Abs.TXT,PEI5mgmL,60°C,Abs,1172,3400.92,100.0,332530.0,5.99982152866242,3.6403701397712833,2.359451388891137
PEI5mgmL_60°C_Abs.TXT,PEI5mgmL,60°C,Abs,1173,3403.3199999999997,100.0,332530.0,5.999769554140127,3.6403,2.3594695541401274
PEI5mgmL_60°C_Abs.TXT,PEI5mgmL,60°C,Abs,1174,3406.2200000000003,100.0,332530.0,5.999706751592357,3.640240283140283,2.359466468452074
PEI5mgmL_60°C_Abs.TXT,PEI5mgmL,60°C,Abs,1175,3413.8199999999997,100.0,332530.0,5.999542165605096,3.640083783783784,2.359458381821312
PEI5mgmL_60°C_Abs.TXT,PEI5mgmL,60°C,Abs,1176,3421.42,100.0,332530.0,5.999377579617835,3.6399272844272845,2.35945029519055
PEI5mgmL_60°C_Abs.TXT,PEI5mgmL,60°C,Abs,1177,3429.62,100.0,332530.0,5.9992,3.63975842985843,2.3594415701415703
PEI5mgmL_60°C_Abs.TXT,PEI5mgmL,60°C,Abs,1178,3432.12,100.0,332530.0,5.999170967741936,3.63970694980695,2.359464017934986
PEI5mgmL_60°C_Abs.TXT,PEI5mgmL,60°C,Abs,1179,3434.5200000000004,100.0,332530.0,5.999143096774193,3.639657528957529,2.359485567816664
PEI5mgmL_60°C_Abs.TXT,PEI5mgmL,60°C,Abs,1180,3437.42,100.0,332530.0,5.999109419354839,3.639597812097812,2.359511607257027
PEI5mgmL_60°C_Abs.TXT,PEI5mgmL,60°C,Abs,1181,3440.0200000000004,100.0,332530.0,5.999079225806452,3.639544272844273,2.359534952962179
PEI5mgmL_60°C_Abs.TXT,PEI5mgmL,60°C,Abs,1182,3442.5200000000004,100.0,332530.0,5.9990501935483875,3.639492792792793,2.3595574007555946
PEI5mgmL_60°C_Abs.TXT,PEI5mgmL,60°C,Abs,1183,3445.0200000000004,100.0,332530.0,5.999021161290322,3.6394413127413126,2.35957984854901
PEI5mgmL_60°C_Abs.TXT,PEI5mgmL,60°C,Abs,1184,3447.5200000000004,100.0,332530.0,5.998992129032258,3.6393898326898326,2.3596022963424255
PEI5mgmL_60°C_Abs.TXT,PEI5mgmL,60°C,Abs,1185,3450.12,100.0,332530.0,5.998961935483871,3.6393362934362936,2.3596256420475776
PEI5mgmL_60°C_Abs.TXT,PEI5mgmL,60°C,Abs,1186,3452.5200000000004,100.0,332530.0,5.9989340645161295,3.639286872586873,2.3596471919292568
PEI5mgmL_60°C_Abs.TXT,PEI5mgmL,60°C,Abs,1187,3455.12,100.0,332530.0,5.998903870967742,3.6392333333333333,2.3596705376344085
PEI5mgmL_60°C_Abs.TXT,PEI5mgmL,60°C,Abs,1188,3457.7200000000003,100.0,332530.0,5.998873677419355,3.639179794079794,2.359693883339561
PEI5mgmL_60°C_Abs.TXT,PEI5mgmL,60°C,Abs,1189,3460.12,100.0,332530.0,5.998845806451613,3.639130373230373,2.35971543322124
PEI5mgmL_60°C_Abs.TXT,PEI5mgmL,60°C,Abs,1190,3462.92,100.0,332530.0,5.998813290322581,3.6390727155727154,2.359740574749866
PEI5mgmL_60°C_Abs.TXT,PEI5mgmL,60°C,Abs,1191,3465.7200000000003,100.0,332530.0,5.998780774193548,3.6390150579150577,2.3597657162784906
PEI5mgmL_60°C_Abs.TXT,PEI5mgmL,60°C,Abs,1192,3468.2200000000003,100.0,332530.0,5.998751741935484,3.638963577863578,2.3597881640719063
PEI5mgmL_60°C_Abs.TXT,PEI5mgmL,60°C,Abs,1193,3470.62,100.0,332530.0,5.998723870967742,3.638914157014157,2.3598097139535854
PEI5mgmL_60°C_Abs.TXT,PEI5mgmL,60°C,Abs,1194,3473.12,100.0,332530.0,5.998694838709678,3.638862676962677,2.359832161747001
PEI5mgmL_60°C_Abs.TXT,PEI5mgmL,60°C,Abs,1195,3475.7200000000003,100.0,332530.0,5.99866464516129,3.6388091377091376,2.359855507452153
PEI5mgmL_60°C_Abs.TXT,PEI5mgmL,60°C,Abs,1196,3478.5200000000004,100.0,332530.0,5.998632129032258,3.63875148005148,2.3598806489807784
PEI5mgmL_60°C_Abs.TXT,PEI5mgmL,60°C,Abs,1197,3481.0200000000004,100.0,332530.0,5.998603096774194,3.6387,2.359903096774194
PEI5mgmL_60°C_Abs.TXT,PEI5mgmL,60°C,Abs,1198,3483.5200000000004,100.0,332530.0,5.998574064516129,3.6386423815621,2.359931682954029
PEI5mgmL_60°C_Abs.TXT,PEI5mgmL,60°C,Abs,1199,3491.2200000000003,100.0,332530.0,5.998484645161291,3.6384649167733674,2.3600197283879236
PEI5mgmL_60°C_Abs.TXT,PEI5mgmL,60°C,Abs,1200,3498.8199999999997,100.0,332530.0,5.998396387096775,3.638289756722151,2.3601066303746236
PEI5mgmL_60°C_Abs.TXT,PEI5mgmL,60°C,Abs,1201,3507.12,100.0,332530.0,5.9983,3.6380984635083227,2.3602015364916777
PEI5mgmL_60°C_Abs.TXT,PEI5mgmL,60°C,Abs,1202,3509.7200000000003,100.0,332530.0,5.998263333333334,3.6380385403329063,2.3602247930004276
PEI5mgmL_60°C_Abs.TXT,PEI5mgmL,60°C,Abs,1203,3512.42,100.0,332530.0,5.998225256410257,3.6379763124199744,2.3602489439902827
PEI5mgmL_60°C_Abs.TXT,PEI5mgmL,60°C,Abs,1204,3514.92,100.0,332530.0,5.99819,3.637918693982074,2.360271306017926
PEI5mgmL_60°C_Abs.TXT,PEI5mgmL,60°C,Abs,1205,3517.7200000000003,100.0,332530.0,5.998150512820513,3.637854161331626,2.360296351488887
PEI5mgmL_60°C_Abs.TXT,PEI5mgmL,60°C,Abs,1206,3520.3199999999997,100.0,332530.0,5.998113846153847,3.63779423815621,2.3603196079976367
PEI5mgmL_60°C_Abs.TXT,PEI5mgmL,60°C,Abs,1207,3522.92,100.0,332530.0,5.99807717948718,3.637734314980794,2.360342864506386
PEI5mgmL_60°C_Abs.TXT,PEI5mgmL,60°C,Abs,1208,3525.5200000000004,100.0,332530.0,5.998040512820513,3.6376743918053775,2.360366121015135
PEI5mgmL_60°C_Abs.TXT,PEI5mgmL,60°C,Abs,1209,3528.2200000000003,100.0,332530.0,5.998002435897436,3.6376121638924457,2.3603902720049903
PEI5mgmL_60°C_Abs.TXT,PEI5mgmL,60°C,Abs,1210,3530.7200000000003,100.0,332530.0,5.99796717948718,3.6375545454545453,2.3604126340326346
PEI5mgmL_60°C_Abs.TXT,PEI5mgmL,60°C,Abs,1211,3533.2200000000003,100.0,332530.0,5.997931923076924,3.6374969270166453,2.3604349960602784
PEI5mgmL_60°C_Abs.TXT,PEI5mgmL,60°C,Abs,1212,3536.0200000000004,100.0,332530.0,5.997892435897437,3.637432394366197,2.3604600415312396
PEI5mgmL_60°C_Abs.TXT,PEI5mgmL,60°C,Abs,1213,3538.42,100.0,332530.0,5.99785858974359,3.637377080665813,2.360481509077777
PEI5mgmL_60°C_Abs.TXT,PEI5mgmL,60°C,Abs,1214,3541.12,100.0,332530.0,5.997820512820513,3.6373148527528807,2.3605056600676324
PEI5mgmL_60°C_Abs.TXT,PEI5mgmL,60°C,Abs,1215,3543.7200000000003,100.0,332530.0,5.997783846153847,3.6372549295774648,2.360528916576382
PEI5mgmL_60°C_Abs.TXT,PEI5mgmL,60°C,Abs,1216,3546.42,100.0,332530.0,5.99774576923077,3.6371927016645325,2.3605530675662374
PEI5mgmL_60°C_Abs.TXT,PEI5mgmL,60°C,Abs,1217,3548.92,100.0,332530.0,5.997710512820513,3.6371350832266325,2.3605754295938803
PEI5mgmL_60°C_Abs.TXT,PEI5mgmL,60°C,Abs,1218,3551.42,100.0,332530.0,5.997675256410257,3.637077464788732,2.3605977916215246
PEI5mgmL_60°C_Abs.TXT,PEI5mgmL,60°C,Abs,1219,3554.0200000000004,100.0,332530.0,5.99763858974359,3.637017541613316,2.360621048130274
PEI5mgmL_60°C_Abs.TXT,PEI5mgmL,60°C,Abs,1220,3556.5200000000004,100.0,332530.0,5.997603333333334,3.6369599231754157,2.3606434101579183
PEI5mgmL_60°C_Abs.TXT,PEI5mgmL,60°C,Abs,1221,3559.12,100.0,332530.0,5.997566666666667,3.6369,2.360666666666667
PEI5mgmL_60°C_Abs.TXT,PEI5mgmL,60°C,Abs,1222,3561.7200000000003,100.0,332530.0,5.99753,3.6368396907216494,2.360690309278351
PEI5mgmL_60°C_Abs.TXT,PEI5mgmL,60°C,Abs,1223,3569.42,100.0,332530.0,5.99742141025641,3.6366610824742267,2.3607603277821836
PEI5mgmL_60°C_Abs.TXT,PEI5mgmL,60°C,Abs,1224,3577.3199999999997,100.0,332530.0,5.997310000000001,3.6364778350515463,2.3608321649484543
PEI5mgmL_60°C_Abs.TXT,PEI5mgmL,60°C,Abs,1225,3585.12,100.0,332530.0,5.9972,3.6362969072164946,2.3609030927835057
PEI5mgmL_60°C_Abs.TXT,PEI5mgmL,60°C,Abs,1226,3587.92,100.0,332530.0,5.997142784163474,3.6362319587628864,2.3609108254005875
PEI5mgmL_60°C_Abs.TXT,PEI5mgmL,60°C,Abs,1227,3590.5200000000004,100.0,332530.0,5.997089655172414,3.636171649484536,2.360918005687878
PEI5mgmL_60°C_Abs.TXT,PEI5mgmL,60°C,Abs,1228,3593.2200000000003,100.0,332530.0,5.997034482758621,3.6361090206185565,2.3609254621400644
PEI5mgmL_60°C_Abs.TXT,PEI5mgmL,60°C,Abs,1229,3595.8199999999997,100.0,332530.0,5.996981353767561,3.636048711340206,2.360932642427355
PEI5mgmL_60°C_Abs.TXT,PEI5mgmL,60°C,Abs,1230,3598.5200000000004,100.0,332530.0,5.996926181353768,3.6359860824742265,2.3609400988795413
PEI5mgmL_60°C_Abs.TXT,PEI5mgmL,60°C,Abs,1231,3601.0200000000004,100.0,332530.0,5.996875095785441,3.635928092783505,2.360947003001936
PEI5mgmL_60°C_Abs.TXT,PEI5mgmL,60°C,Abs,1232,3603.62,100.0,332530.0,5.99682196679438,3.6358677835051547,2.3609541832892256
PEI5mgmL_60°C_Abs.TXT,PEI5mgmL,60°C,Abs,1233,3606.12,100.0,332530.0,5.996770881226054,3.635809793814433,2.3609610874116207
PEI5mgmL_60°C_Abs.TXT,PEI5mgmL,60°C,Abs,1234,3608.62,100.0,332530.0,5.996719795657727,3.635751804123711,2.360967991534016
PEI5mgmL_60°C_Abs.TXT,PEI5mgmL,60°C,Abs,1235,3611.0200000000004,100.0,332530.0,5.996670753512133,3.6356961340206184,2.360974619491514
PEI5mgmL_60°C_Abs.TXT,PEI5mgmL,60°C,Abs,1236,3613.62,100.0,332530.0,5.996617624521073,3.635635824742268,2.3609817997788047
PEI5mgmL_60°C_Abs.TXT,PEI5mgmL,60°C,Abs,1237,3616.0200000000004,100.0,332530.0,5.996568582375479,3.6355801546391753,2.360988427736304
PEI5mgmL_60°C_Abs.TXT,PEI5mgmL,60°C,Abs,1238,3618.7200000000003,100.0,332530.0,5.996513409961686,3.6355175257731958,2.3609958841884904
PEI5mgmL_60°C_Abs.TXT,PEI5mgmL,60°C,Abs,1239,3621.3199999999997,100.0,332530.0,5.996460280970626,3.6354572164948453,2.361003064475781
PEI5mgmL_60°C_Abs.TXT,PEI5mgmL,60°C,Abs,1240,3623.92,100.0,332530.0,5.996407151979565,3.635396907216495,2.3610102447630705
PEI5mgmL_60°C_Abs.TXT,PEI5mgmL,60°C,Abs,1241,3626.42,100.0,332530.0,5.996356066411239,3.635338917525773,2.3610171488854657
PEI5mgmL_60°C_Abs.TXT,PEI5mgmL,60°C,Abs,1242,3628.8199999999997,100.0,332530.0,5.996307024265644,3.6352832474226804,2.361023776842964
PEI5mgmL_60°C_Abs.TXT,PEI5mgmL,60°C,Abs,1243,3631.42,100.0,332530.0,5.9962538952745845,3.63522293814433,2.3610309571302546
PEI5mgmL_60°C_Abs.TXT,PEI5mgmL,60°C,Abs,1244,3634.0200000000004,100.0,332530.0,5.996200766283525,3.6351626288659795,2.361038137417545
PEI5mgmL_60°C_Abs.TXT,PEI5mgmL,60°C,Abs,1245,3636.7200000000003,100.0,332530.0,5.9961455938697314,3.6351,2.3610455938697315
PEI5mgmL_60°C_Abs.TXT,PEI5mgmL,60°C,Abs,1246,3639.3199999999997,100.0,332530.0,5.9960924648786715,3.635050570342205,2.3610418945364664
PEI5mgmL_60°C_Abs.TXT,PEI5mgmL,60°C,Abs,1247,3647.2200000000003,100.0,332530.0,5.9959310344827585,3.634900380228137,2.3610306542546216
PEI5mgmL_60°C_Abs.TXT,PEI5mgmL,60°C,Abs,1248,3655.12,100.0,332530.0,5.995769604086846,3.6347501901140684,2.361019413972777
PEI5mgmL_60°C_Abs.TXT,PEI5mgmL,60°C,Abs,1249,3663.42,100.0,332530.0,5.9956,3.6345923954372625,2.361007604562737
PEI5mgmL_60°C_Abs.TXT,PEI5mgmL,60°C,Abs,1250,3665.92,100.0,332530.0,5.995571374045801,3.634544866920152,2.3610265071256493
PEI5mgmL_60°C_Abs.TXT,PEI5mgmL,60°C,Abs,1251,3668.7200000000003,100.0,332530.0,5.995539312977098,3.6344916349809884,2.36104767799611
PEI5mgmL_60°C_Abs.TXT,PEI5mgmL,60°C,Abs,1252,3671.12,100.0,332530.0,5.9955118320610685,3.634446007604563,2.3610658244565057
PEI5mgmL_60°C_Abs.TXT,PEI5mgmL,60°C,Abs,1253,3673.92,100.0,332530.0,5.995479770992366,3.634392775665399,2.3610869953269673
PEI5mgmL_60°C_Abs.TXT,PEI5mgmL,60°C,Abs,1254,3676.5200000000004,100.0,332530.0,5.99545,3.6343433460076047,2.3611066539923953
PEI5mgmL_60°C_Abs.TXT,PEI5mgmL,60°C,Abs,1255,3679.2200000000003,100.0,332530.0,5.995419083969465,3.6342920152091254,2.36112706876034
PEI5mgmL_60°C_Abs.TXT,PEI5mgmL,60°C,Abs,1256,3681.8200000000006,100.0,332530.0,5.995389312977099,3.634242585551331,2.361146727425768
PEI5mgmL_60°C_Abs.TXT,PEI5mgmL,60°C,Abs,1257,3684.62,100.0,332530.0,5.995357251908397,3.634189353612167,2.3611678982962294
PEI5mgmL_60°C_Abs.TXT,PEI5mgmL,60°C,Abs,1258,3687.12,100.0,332530.0,5.9953286259541985,3.634141825095057,2.3611868008591417
PEI5mgmL_60°C_Abs.TXT,PEI5mgmL,60°C,Abs,1259,3689.62,100.0,332530.0,5.995299999999999,3.634094296577947,2.3612057034220526
PEI5mgmL_60°C_Abs.TXT,PEI5mgmL,60°C,Abs,1260,3692.12,100.0,332530.0,5.995271374045801,3.6340467680608364,2.361224605984965
PEI5mgmL_60°C_Abs.TXT,PEI5mgmL,60°C,Abs,1261,3694.62,100.0,332530.0,5.995242748091603,3.6339992395437264,2.3612435085478767
PEI5mgmL_60°C_Abs.TXT,PEI5mgmL,60°C,Abs,1262,3697.2200000000003,100.0,332530.0,5.995212977099237,3.6339498098859315,2.361263167213305
PEI5mgmL_60°C_Abs.TXT,PEI5mgmL,60°C,Abs,1263,3699.8200000000006,100.0,332530.0,5.99518320610687,3.6339003802281367,2.3612828258787335
PEI5mgmL_60°C_Abs.TXT,PEI5mgmL,60°C,Abs,1264,3702.62,100.0,332530.0,5.995151145038168,3.6338471482889734,2.3613039967491947
PEI5mgmL_60°C_Abs.TXT,PEI5mgmL,60°C,Abs,1265,3705.12,100.0,332530.0,5.995122519083969,3.633799619771863,2.361322899312106
PEI5mgmL_60°C_Abs.TXT,PEI5mgmL,60°C,Abs,1266,3707.7200000000003,100.0,332530.0,5.9950927480916025,3.6337501901140685,2.361342557977534
PEI5mgmL_60°C_Abs.TXT,PEI5mgmL,60°C,Abs,1267,3710.42,100.0,332530.0,5.995061832061069,3.6336988593155892,2.3613629727454795
PEI5mgmL_60°C_Abs.TXT,PEI5mgmL,60°C,Abs,1268,3713.2200000000003,100.0,332530.0,5.995029770992367,3.633645627376426,2.3613841436159406
PEI5mgmL_60°C_Abs.TXT,PEI5mgmL,60°C,Abs,1269,3715.62,100.0,332530.0,5.995002290076336,3.6336,2.361402290076336
PEI5mgmL_60°C_Abs.TXT,PEI5mgmL,60°C,Abs,1270,3718.42,100.0,332530.0,5.994970229007634,3.633535051546392,2.361435177461242
PEI5mgmL_60°C_Abs.TXT,PEI5mgmL,60°C,Abs,1271,3726.0200000000004,100.0,332530.0,5.99488320610687,3.6333587628865978,2.361524443220272
PEI5mgmL_60°C_Abs.TXT,PEI5mgmL,60°C,Abs,1272,3733.8200000000006,100.0,332530.0,5.994793893129771,3.6331778350515465,2.361616058078224
PEI5mgmL_60°C_Abs.TXT,PEI5mgmL,60°C,Abs,1273,3742.0200000000004,100.0,332530.0,5.9947,3.6329876288659793,2.3617123711340207
PEI5mgmL_60°C_Abs.TXT,PEI5mgmL,60°C,Abs,1274,3744.42,100.0,332530.0,5.994659793814433,3.6329319587628865,2.3617278350515467
PEI5mgmL_60°C_Abs.TXT,PEI5mgmL,60°C,Abs,1275,3746.92,100.0,332530.0,5.994617912371134,3.6328739690721648,2.3617439432989693
PEI5mgmL_60°C_Abs.TXT,PEI5mgmL,60°C,Abs,1276,3749.42,100.0,332530.0,5.994576030927835,3.6328159793814434,2.3617600515463915
PEI5mgmL_60°C_Abs.TXT,PEI5mgmL,60°C,Abs,1277,3751.8200000000006,100.0,332530.0,5.994535824742268,3.6327603092783507,2.3617755154639175
PEI5mgmL_60°C_Abs.TXT,PEI5mgmL,60°C,Abs,1278,3754.7200000000003,100.0,332530.0,5.9944872422680415,3.6326930412371135,2.361794201030928
PEI5mgmL_60°C_Abs.TXT,PEI5mgmL,60°C,Abs,1279,3757.12,100.0,332530.0,5.994447036082474,3.6326373711340207,2.3618096649484532
PEI5mgmL_60°C_Abs.TXT,PEI5mgmL,60°C,Abs,1280,3759.92,100.0,332530.0,5.994400128865979,3.6325724226804126,2.3618277061855664
PEI5mgmL_60°C_Abs.TXT,PEI5mgmL,60°C,Abs,1281,3762.5200000000004,100.0,332530.0,5.994356572164948,3.6325121134020617,2.3618444587628864
PEI5mgmL_60°C_Abs.TXT,PEI5mgmL,60°C,Abs,1282,3765.0200000000004,100.0,332530.0,5.99431469072165,3.6324541237113404,2.3618605670103094
PEI5mgmL_60°C_Abs.TXT,PEI5mgmL,60°C,Abs,1283,3767.42,100.0,332530.0,5.994274484536082,3.6323984536082476,2.3618760309278346
PEI5mgmL_60°C_Abs.TXT,PEI5mgmL,60°C,Abs,1284,3770.0200000000004,100.0,332530.0,5.994230927835051,3.6323381443298968,2.3618927835051546
PEI5mgmL_60°C_Abs.TXT,PEI5mgmL,60°C,Abs,1285,3772.7200000000003,100.0,332530.0,5.994185695876289,3.6322755154639177,2.361910180412371
PEI5mgmL_60°C_Abs.TXT,PEI5mgmL,60°C,Abs,1286,3775.3200000000006,100.0,332530.0,5.994142139175258,3.6322152061855673,2.361926932989691
PEI5mgmL_60°C_Abs.TXT,PEI5mgmL,60°C,Abs,1287,3778.12,100.0,332530.0,5.994095231958763,3.6321502577319587,2.3619449742268044
PEI5mgmL_60°C_Abs.TXT,PEI5mgmL,60°C,Abs,1288,3780.62,100.0,332530.0,5.994053350515464,3.6320922680412373,2.3619610824742265
PEI5mgmL_60°C_Abs.TXT,PEI5mgmL,60°C,Abs,1289,3783.0200000000004,100.0,332530.0,5.994013144329897,3.6320365979381446,2.3619765463917526
PEI5mgmL_60°C_Abs.TXT,PEI5mgmL,60°C,Abs,1290,3785.62,100.0,332530.0,5.993969587628866,3.631976288659794,2.361993298969072
PEI5mgmL_60°C_Abs.TXT,PEI5mgmL,60°C,Abs,1291,3788.2200000000003,100.0,332530.0,5.9939260309278355,3.6319159793814433,2.362010051546392
PEI5mgmL_60°C_Abs.TXT,PEI5mgmL,60°C,Abs,1292,3790.8200000000006,100.0,332530.0,5.993882474226805,3.631855670103093,2.362026804123712
PEI5mgmL_60°C_Abs.TXT,PEI5mgmL,60°C,Abs,1293,3793.2200000000003,100.0,332530.0,5.993842268041237,3.6318,2.362042268041237
PEI5mgmL_60°C_Abs.TXT,PEI5mgmL,60°C,Abs,1294,3795.8200000000006,100.0,332530.0,5.993798711340206,3.631743694267516,2.36205501707269
PEI5mgmL_60°C_Abs.TXT,PEI5mgmL,60°C,Abs,1295,3803.62,100.0,332530.0,5.993668041237114,3.631574777070064,2.36209326416705
PEI5mgmL_60°C_Abs.TXT,PEI5mgmL,60°C,Abs,1296,3811.3200000000006,100.0,332530.0,5.993539046391753,3.631408025477707,2.362131020914046
PEI5mgmL_60°C_Abs.TXT,PEI5mgmL,60°C,Abs,1297,3819.62,100.0,332530.0,5.9934,3.6312282802547773,2.362171719745223
PEI5mgmL_60°C_Abs.TXT,PEI5mgmL,60°C,Abs,1298,3822.12,100.0,332530.0,5.993365101522843,3.6311741401273885,2.362190961395455
PEI5mgmL_60°C_Abs.TXT,PEI5mgmL,60°C,Abs,1299,3824.7200000000003,100.0,332530.0,5.993328807106599,3.6311178343949044,2.362210972711695
PEI5mgmL_60°C_Abs.TXT,PEI5mgmL,60°C,Abs,1300,3827.3200000000006,100.0,332530.0,5.993292512690355,3.6310615286624204,2.362230984027935
PEI5mgmL_60°C_Abs.TXT,PEI5mgmL,60°C,Abs,1301,3829.7200000000003,100.0,332530.0,5.9932590101522845,3.6310095541401277,2.3622494560121567
PEI5mgmL_60°C_Abs.TXT,PEI5mgmL,60°C,Abs,1302,3832.42,100.0,332530.0,5.993221319796954,3.630951082802548,2.3622702369944064
PEI5mgmL_60°C_Abs.TXT,PEI5mgmL,60°C,Abs,1303,3834.92,100.0,332530.0,5.993186421319797,3.630896942675159,2.3622894786446382
PEI5mgmL_60°C_Abs.TXT,PEI5mgmL,60°C,Abs,1304,3837.7200000000003,100.0,332530.0,5.993147335025381,3.630836305732484,2.362311029292897
PEI5mgmL_60°C_Abs.TXT,PEI5mgmL,60°C,Abs,1305,3840.3200000000006,100.0,332530.0,5.993111040609137,3.63078,2.362331040609137
PEI5mgmL_60°C_Abs.TXT,PEI5mgmL,60°C,Abs,1306,3843.0200000000004,100.0,332530.0,5.993073350253807,3.6307215286624204,2.362351821591387
PEI5mgmL_60°C_Abs.TXT,PEI5mgmL,60°C,Abs,1307,3845.42,100.0,332530.0,5.993039847715736,3.6306695541401277,2.3623702935756086
PEI5mgmL_60°C_Abs.TXT,PEI5mgmL,60°C,Abs,1308,3848.2200000000003,100.0,332530.0,5.99300076142132,3.6306089171974523,2.362391844223868
PEI5mgmL_60°C_Abs.TXT,PEI5mgmL,60°C,Abs,1309,3850.62,100.0,332530.0,5.992967258883249,3.630556942675159,2.36241031620809
PEI5mgmL_60°C_Abs.TXT,PEI5mgmL,60°C,Abs,1310,3853.2200000000003,100.0,332530.0,5.992930964467005,3.630500636942675,2.36243032752433
PEI5mgmL_60°C_Abs.TXT,PEI5mgmL,60°C,Abs,1311,3855.92,100.0,332530.0,5.992893274111675,3.630442165605096,2.3624511085065794
PEI5mgmL_60°C_Abs.TXT,PEI5mgmL,60°C,Abs,1312,3858.42,100.0,332530.0,5.992858375634518,3.630388025477707,2.362470350156811
PEI5mgmL_60°C_Abs.TXT,PEI5mgmL,60°C,Abs,1313,3861.12,100.0,332530.0,5.992820685279188,3.6303295541401277,2.3624911311390604
PEI5mgmL_60°C_Abs.TXT,PEI5mgmL,60°C,Abs,1314,3863.62,100.0,332530.0,5.992785786802031,3.630275414012739,2.362510372789292
PEI5mgmL_60°C_Abs.TXT,PEI5mgmL,60°C,Abs,1315,3866.42,100.0,332530.0,5.992746700507614,3.630214777070064,2.36253192343755
PEI5mgmL_60°C_Abs.TXT,PEI5mgmL,60°C,Abs,1316,3869.12,100.0,332530.0,5.992709010152285,3.630156305732484,2.3625527044198007
PEI5mgmL_60°C_Abs.TXT,PEI5mgmL,60°C,Abs,1317,3871.7200000000003,100.0,332530.0,5.992672715736041,3.6301,2.3625727157360408
PEI5mgmL_60°C_Abs.TXT,PEI5mgmL,60°C,Abs,1318,3874.42,100.0,332530.0,5.992635025380711,3.630062117346939,2.362572908033772
PEI5mgmL_60°C_Abs.TXT,PEI5mgmL,60°C,Abs,1319,3882.42,100.0,332530.0,5.992523350253808,3.6299498724489796,2.362573477804828
PEI5mgmL_60°C_Abs.TXT,PEI5mgmL,60°C,Abs,1320,3890.42,100.0,332530.0,5.992411675126903,3.6298376275510207,2.3625740475758827
PEI5mgmL_60°C_Abs.TXT,PEI5mgmL,60°C,Abs,1321,3898.42,100.0,332530.0,5.9923,3.6297253826530613,2.362574617346939
PEI5mgmL_60°C_Abs.TXT,PEI5mgmL,60°C,Abs,1322,3901.0200000000004,100.0,332530.0,5.992273670886076,3.6296889030612247,2.3625847678248517
PEI5mgmL_60°C_Abs.TXT,PEI5mgmL,60°C,Abs,1323,3903.42,100.0,332530.0,5.992249367088608,3.6296552295918367,2.362594137496771
PEI5mgmL_60°C_Abs.TXT,PEI5mgmL,60°C,Abs,1324,3906.0200000000004,100.0,332530.0,5.992223037974684,3.62961875,2.362604287974684
PEI5mgmL_60°C_Abs.TXT,PEI5mgmL,60°C,Abs,1325,3908.42,100.0,332530.0,5.992198734177215,3.629585076530612,2.362613657646603
PEI5mgmL_60°C_Abs.TXT,PEI5mgmL,60°C,Abs,1326,3911.2200000000003,100.0,332530.0,5.9921703797468355,3.6295457908163264,2.362624588930509
PEI5mgmL_60°C_Abs.TXT,PEI5mgmL,60°C,Abs,1327,3913.8200000000006,100.0,332530.0,5.992144050632912,3.62950931122449,2.362634739408422
PEI5mgmL_60°C_Abs.TXT,PEI5mgmL,60°C,Abs,1328,3916.5200000000004,100.0,332530.0,5.99211670886076,3.6294714285714287,2.362645280289331
PEI5mgmL_60°C_Abs.TXT,PEI5mgmL,60°C,Abs,1329,3919.2200000000003,100.0,332530.0,5.9920893670886075,3.6294335459183675,2.36265582117024
PEI5mgmL_60°C_Abs.TXT,PEI5mgmL,60°C,Abs,1330,3922.0200000000004,100.0,332530.0,5.992061012658228,3.629394260204082,2.362666752454146
PEI5mgmL_60°C_Abs.TXT,PEI5mgmL,60°C,Abs,1331,3924.42,100.0,332530.0,5.99203670886076,3.629360586734694,2.362676122126066
PEI5mgmL_60°C_Abs.TXT,PEI5mgmL,60°C,Abs,1332,3927.2200000000003,100.0,332530.0,5.99200835443038,3.629321301020408,2.362687053409972
PEI5mgmL_60°C_Abs.TXT,PEI5mgmL,60°C,Abs,1333,3929.62,100.0,332530.0,5.991984050632912,3.6292876275510206,2.362696423081891
PEI5mgmL_60°C_Abs.TXT,PEI5mgmL,60°C,Abs,1334,3932.2200000000003,100.0,332530.0,5.991957721518988,3.6292511479591836,2.3627065735598043
PEI5mgmL_60°C_Abs.TXT,PEI5mgmL,60°C,Abs,1335,3934.8200000000006,100.0,332530.0,5.991931392405063,3.629214668367347,2.3627167240377163
PEI5mgmL_60°C_Abs.TXT,PEI5mgmL,60°C,Abs,1336,3937.3200000000006,100.0,332530.0,5.991906075949367,3.629179591836735,2.362726484112632
PEI5mgmL_60°C_Abs.TXT,PEI5mgmL,60°C,Abs,1337,3939.7200000000003,100.0,332530.0,5.991881772151899,3.629145918367347,2.362735853784552
PEI5mgmL_60°C_Abs.TXT,PEI5mgmL,60°C,Abs,1338,3942.3200000000006,100.0,332530.0,5.991855443037975,3.6291094387755103,2.362746004262465
PEI5mgmL_60°C_Abs.TXT,PEI5mgmL,60°C,Abs,1339,3945.0200000000004,100.0,332530.0,5.991828101265823,3.629071556122449,2.362756545143374
PEI5mgmL_60°C_Abs.TXT,PEI5mgmL,60°C,Abs,1340,3947.62,100.0,332530.0,5.991801772151899,3.629035076530612,2.3627666956212865
PEI5mgmL_60°C_Abs.TXT,PEI5mgmL,60°C,Abs,1341,3950.12,100.0,332530.0,5.991776455696203,3.629,2.362776455696203
PEI5mgmL_60°C_Abs.TXT,PEI5mgmL,60°C,Abs,1342,3952.7200000000003,100.0,332530.0,5.991750126582279,3.628940834386852,2.3628092921954265
PEI5mgmL_60°C_Abs.TXT,PEI5mgmL,60°C,Abs,1343,3960.7200000000003,100.0,332530.0,5.9916691139240505,3.628758786346397,2.3629103275776537
PEI5mgmL_60°C_Abs.TXT,PEI5mgmL,60°C,Abs,1344,3969.0200000000004,100.0,332530.0,5.991585063291139,3.628569911504425,2.363015151786714
PEI5mgmL_60°C_Abs.TXT,PEI5mgmL,60°C,Abs,1345,3977.42,100.0,332530.0,5.9915,3.628378761061947,2.3631212389380534
PEI5mgmL_60°C_Abs.TXT,PEI5mgmL,60°C,Abs,1346,3979.8200000000006,100.0,332530.0,5.991444544287549,3.6283241466498106,2.363120397637738
PEI5mgmL_60°C_Abs.TXT,PEI5mgmL,60°C,Abs,1347,3982.5200000000004,100.0,332530.0,5.99138215661104,3.628262705436157,2.3631194511748834
PEI5mgmL_60°C_Abs.TXT,PEI5mgmL,60°C,Abs,1348,3985.0200000000004,100.0,332530.0,5.991324390243903,3.628205815423515,2.363118574820388
PEI5mgmL_60°C_Abs.TXT,PEI5mgmL,60°C,Abs,1349,3987.42,100.0,332530.0,5.991268934531451,3.628151201011378,2.363117733520073
PEI5mgmL_60°C_Abs.TXT,PEI5mgmL,60°C,Abs,1350,3990.12,100.0,332530.0,5.991206546854943,3.6280897597977244,2.3631167870572183
PEI5mgmL_60°C_Abs.TXT,PEI5mgmL,60°C,Abs,1351,3992.62,100.0,332530.0,5.991148780487805,3.6280328697850823,2.3631159107027226
PEI5mgmL_60°C_Abs.TXT,PEI5mgmL,60°C,Abs,1352,3995.42,100.0,332530.0,5.991084082156611,3.627969152970923,2.3631149291856883
PEI5mgmL_60°C_Abs.TXT,PEI5mgmL,60°C,Abs,1353,3998.0200000000004,100.0,332530.0,5.991024005134788,3.627909987357775,2.363114017777013
PEI5mgmL_60°C_Abs.TXT,PEI5mgmL,60°C,Abs,1354,4000.7200000000003,100.0,332530.0,5.9909616174582805,3.6278485461441217,2.363113071314159
PEI5mgmL_60°C_Abs.TXT,PEI5mgmL,60°C,Abs,1355,4003.12,100.0,332530.0,5.990906161745828,3.627793931731985,2.363112230013843
PEI5mgmL_60°C_Abs.TXT,PEI5mgmL,60°C,Abs,1356,4006.0200000000004,100.0,332530.0,5.990839152759949,3.62772793931732,2.363111213442629
PEI5mgmL_60°C_Abs.TXT,PEI5mgmL,60°C,Abs,1357,4008.42,100.0,332530.0,5.990783697047497,3.6276733249051833,2.3631103721423132
PEI5mgmL_60°C_Abs.TXT,PEI5mgmL,60°C,Abs,1358,4011.0200000000004,100.0,332530.0,5.990723620025674,3.6276141592920355,2.363109460733639
PEI5mgmL_60°C_Abs.TXT,PEI5mgmL,60°C,Abs,1359,4013.62,100.0,332530.0,5.990663543003851,3.6275549936788876,2.3631085493249637
PEI5mgmL_60°C_Abs.TXT,PEI5mgmL,60°C,Abs,1360,4016.12,100.0,332530.0,5.990605776636714,3.6274981036662455,2.363107672970468
PEI5mgmL_60°C_Abs.TXT,PEI5mgmL,60°C,Abs,1361,4018.7200000000003,100.0,332530.0,5.990545699614891,3.6274389380530976,2.363106761561794
PEI5mgmL_60°C_Abs.TXT,PEI5mgmL,60°C,Abs,1362,4021.12,100.0,332530.0,5.990490243902439,3.627384323640961,2.363105920261478
PEI5mgmL_60°C_Abs.TXT,PEI5mgmL,60°C,Abs,1363,4023.92,100.0,332530.0,5.990425545571245,3.627320606826802,2.3631049387444434
PEI5mgmL_60°C_Abs.TXT,PEI5mgmL,60°C,Abs,1364,4026.62,100.0,332530.0,5.990363157894737,3.627259165613148,2.3631039922815886
PEI5mgmL_60°C_Abs.TXT,PEI5mgmL,60°C,Abs,1365,4029.2200000000003,100.0,332530.0,5.9903030808729145,3.6272,2.3631030808729143
PEI5mgmL_60°C_Abs.TXT,PEI5mgmL,60°C,Abs,1366,4031.8200000000006,100.0,332530.0,5.990243003851091,3.627139534883721,2.3631034689673704
PEI5mgmL_60°C_Abs.TXT,PEI5mgmL,60°C,Abs,1367,4039.42,100.0,332530.0,5.990067394094994,3.6269627906976747,2.363104603397319
PEI5mgmL_60°C_Abs.TXT,PEI5mgmL,60°C,Abs,1368,4047.62,100.0,332530.0,5.989877920410783,3.626772093023256,2.363105827387527
PEI5mgmL_60°C_Abs.TXT,PEI5mgmL,60°C,Abs,1369,4055.3200000000006,100.0,332530.0,5.9897,3.626593023255814,2.363106976744186
PEI5mgmL_60°C_Abs.TXT,PEI5mgmL,60°C,Abs,1370,4057.8200000000006,100.0,332530.0,5.9896806451612905,3.62653488372093,2.3631457614403604
PEI5mgmL_60°C_Abs.TXT,PEI5mgmL,60°C,Abs,1371,4060.42,100.0,332530.0,5.989660516129033,3.6264744186046514,2.3631860975243812
PEI5mgmL_60°C_Abs.TXT,PEI5mgmL,60°C,Abs,1372,4062.92,100.0,332530.0,5.989641161290322,3.6264162790697676,2.3632248822205546
PEI5mgmL_60°C_Abs.TXT,PEI5mgmL,60°C,Abs,1373,4065.7200000000003,100.0,332530.0,5.9896194838709675,3.626351162790698,2.3632683210802696
PEI5mgmL_60°C_Abs.TXT,PEI5mgmL,60°C,Abs,1374,4068.3200000000006,100.0,332530.0,5.98959935483871,3.6262906976744187,2.363308657164291
PEI5mgmL_60°C_Abs.TXT,PEI5mgmL,60°C,Abs,1375,4070.92,100.0,332530.0,5.989579225806452,3.6262302325581395,2.3633489932483123
PEI5mgmL_60°C_Abs.TXT,PEI5mgmL,60°C,Abs,1376,4073.42,100.0,332530.0,5.989559870967742,3.6261720930232557,2.3633877779444865
PEI5mgmL_60°C_Abs.TXT,PEI5mgmL,60°C,Abs,1377,4076.2200000000003,100.0,332530.0,5.989538193548387,3.626106976744186,2.3634312168042007
PEI5mgmL_60°C_Abs.TXT,PEI5mgmL,60°C,Abs,1378,4078.62,100.0,332530.0,5.9895196129032255,3.6260511627906977,2.363468450112528
PEI5mgmL_60°C_Abs.TXT,PEI5mgmL,60°C,Abs,1379,4081.12,100.0,332530.0,5.989500258064516,3.625993023255814,2.363507234808702
PEI5mgmL_60°C_Abs.TXT,PEI5mgmL,60°C,Abs,1380,4083.62,100.0,332530.0,5.9894809032258065,3.62593488372093,2.3635460195048763
PEI5mgmL_60°C_Abs.TXT,PEI5mgmL,60°C,Abs,1381,4086.12,100.0,332530.0,5.989461548387097,3.6258767441860464,2.3635848042010505
PEI5mgmL_60°C_Abs.TXT,PEI5mgmL,60°C,Abs,1382,4088.92,100.0,332530.0,5.989439870967741,3.6258116279069768,2.3636282430607647
PEI5mgmL_60°C_Abs.TXT,PEI5mgmL,60°C,Abs,1383,4091.5200000000004,100.0,332530.0,5.9894197419354835,3.6257511627906975,2.363668579144786
PEI5mgmL_60°C_Abs.TXT,PEI5mgmL,60°C,Abs,1384,4094.2200000000003,100.0,332530.0,5.989398838709677,3.6256883720930233,2.363710466616654
PEI5mgmL_60°C_Abs.TXT,PEI5mgmL,60°C,Abs,1385,4096.62,100.0,332530.0,5.989380258064516,3.625632558139535,2.363747699924981
PEI5mgmL_60°C_Abs.TXT,PEI5mgmL,60°C,Abs,1386,4099.12,100.0,332530.0,5.989360903225807,3.6255744186046512,2.3637864846211554
PEI5mgmL_60°C_Abs.TXT,PEI5mgmL,60°C,Abs,1387,4101.62,100.0,332530.0,5.989341548387096,3.6255162790697675,2.3638252693173287
PEI5mgmL_60°C_Abs.TXT,PEI5mgmL,60°C,Abs,1388,4104.22,100.0,332530.0,5.989321419354838,3.6254558139534883,2.36386560540135
PEI5mgmL_60°C_Abs.TXT,PEI5mgmL,60°C,Abs,1389,4106.62,100.0,332530.0,5.989302838709677,3.6254,2.363902838709677
PEI5mgmL_60°C_Abs.TXT,PEI5mgmL,60°C,Abs,1390,4109.12,100.0,332530.0,5.989283483870968,3.625351984635083,2.3639314992358846
PEI5mgmL_60°C_Abs.TXT,PEI5mgmL,60°C,Abs,1391,4116.820000000001,100.0,332530.0,5.9892238709677414,3.6252040973111397,2.3640197736566018
PEI5mgmL_60°C_Abs.TXT,PEI5mgmL,60°C,Abs,1392,4124.62,100.0,332530.0,5.989163483870968,3.625054289372599,2.3641091944983685
PEI5mgmL_60°C_Abs.TXT,PEI5mgmL,60°C,Abs,1393,4132.820000000001,100.0,332530.0,5.9891,3.624896798975672,2.3642032010243277
PEI5mgmL_60°C_Abs.TXT,PEI5mgmL,60°C,Abs,1394,4135.320000000001,100.0,332530.0,5.989054838709677,3.6248487836107555,2.3642060550989217
PEI5mgmL_60°C_Abs.TXT,PEI5mgmL,60°C,Abs,1395,4137.92,100.0,332530.0,5.9890078709677415,3.624798847631242,2.3642090233364996
PEI5mgmL_60°C_Abs.TXT,PEI5mgmL,60°C,Abs,1396,4140.42,100.0,332530.0,5.988962709677419,3.6247508322663253,2.3642118774110936
PEI5mgmL_60°C_Abs.TXT,PEI5mgmL,60°C,Abs,1397,4143.12,100.0,332530.0,5.988913935483871,3.624698975672215,2.364214959811656
PEI5mgmL_60°C_Abs.TXT,PEI5mgmL,60°C,Abs,1398,4145.72,100.0,332530.0,5.988866967741935,3.624649039692702,2.3642179280492335
PEI5mgmL_60°C_Abs.TXT,PEI5mgmL,60°C,Abs,1399,4148.22,100.0,332530.0,5.988821806451613,3.624601024327785,2.364220782123828
PEI5mgmL_60°C_Abs.TXT,PEI5mgmL,60°C,Abs,1400,4151.02,100.0,332530.0,5.988771225806452,3.624547247119078,2.3642239786873738
PEI5mgmL_60°C_Abs.TXT,PEI5mgmL,60°C,Abs,1401,4153.72,100.0,332530.0,5.988722451612903,3.624495390524968,2.364227061087935
PEI5mgmL_60°C_Abs.TXT,PEI5mgmL,60°C,Abs,1402,4156.22,100.0,332530.0,5.98867729032258,3.624447375160051,2.3642299151625292
PEI5mgmL_60°C_Abs.TXT,PEI5mgmL,60°C,Abs,1403,4158.72,100.0,332530.0,5.988632129032258,3.6243993597951345,2.364232769237123
PEI5mgmL_60°C_Abs.TXT,PEI5mgmL,60°C,Abs,1404,4161.42,100.0,332530.0,5.98858335483871,3.624347503201024,2.3642358516376856
PEI5mgmL_60°C_Abs.TXT,PEI5mgmL,60°C,Abs,1405,4163.820000000001,100.0,332530.0,5.9885399999999995,3.624301408450704,2.3642385915492956
PEI5mgmL_60°C_Abs.TXT,PEI5mgmL,60°C,Abs,1406,4166.52,100.0,332530.0,5.9884912258064515,3.624249551856594,2.3642416739498575
PEI5mgmL_60°C_Abs.TXT,PEI5mgmL,60°C,Abs,1407,4169.12,100.0,332530.0,5.988444258064516,3.6241996158770804,2.3642446421874355
PEI5mgmL_60°C_Abs.TXT,PEI5mgmL,60°C,Abs,1408,4171.52,100.0,332530.0,5.9884009032258065,3.6241535211267606,2.364247382099046
PEI5mgmL_60°C_Abs.TXT,PEI5mgmL,60°C,Abs,1409,4174.12,100.0,332530.0,5.988353935483871,3.624103585147247,2.364250350336624
PEI5mgmL_60°C_Abs.TXT,PEI5mgmL,60°C,Abs,1410,4176.62,100.0,332530.0,5.988308774193548,3.6240555697823305,2.364253204411218
PEI5mgmL_60°C_Abs.TXT,PEI5mgmL,60°C,Abs,1411,4179.42,100.0,332530.0,5.988258193548387,3.6240017925736234,2.3642564009747637
PEI5mgmL_60°C_Abs.TXT,PEI5mgmL,60°C,Abs,1412,4182.02,100.0,332530.0,5.9882112258064515,3.6239518565941102,2.3642593692123413
PEI5mgmL_60°C_Abs.TXT,PEI5mgmL,60°C,Abs,1413,4184.72,100.0,332530.0,5.9881624516129035,3.6239,2.3642624516129036
PEI5mgmL_60°C_Abs.TXT,PEI5mgmL,60°C,Abs,1414,4187.320000000001,100.0,332530.0,5.988115483870968,3.6238388235294114,2.3642766603415564
PEI5mgmL_60°C_Abs.TXT,PEI5mgmL,60°C,Abs,1415,4194.820000000001,100.0,332530.0,5.98798,3.6236623529411762,2.364317647058824
PEI5mgmL_60°C_Abs.TXT,PEI5mgmL,60°C,Abs,1416,4202.42,100.0,332530.0,5.98784270967742,3.6234835294117644,2.364359180265655
PEI5mgmL_60°C_Abs.TXT,PEI5mgmL,60°C,Abs,1417,4210.320000000001,100.0,332530.0,5.9877,3.6232976470588234,2.364402352941177
PEI5mgmL_60°C_Abs.TXT,PEI5mgmL,60°C,Abs,1418,4212.820000000001,100.0,332530.0,5.987661089494163,3.6232388235294115,2.364422265964752
PEI5mgmL_60°C_Abs.TXT,PEI5mgmL,60°C,Abs,1419,4215.42,100.0,332530.0,5.987620622568094,3.6231776470588235,2.36444297550927
PEI5mgmL_60°C_Abs.TXT,PEI5mgmL,60°C,Abs,1420,4217.92,100.0,332530.0,5.987581712062257,3.6231188235294116,2.364462888532845
PEI5mgmL_60°C_Abs.TXT,PEI5mgmL,60°C,Abs,1421,4220.320000000001,100.0,332530.0,5.987544357976654,3.6230623529411763,2.364482005035478
PEI5mgmL_60°C_Abs.TXT,PEI5mgmL,60°C,Abs,1422,4222.92,100.0,332530.0,5.987503891050584,3.6230011764705883,2.3645027145799955
PEI5mgmL_60°C_Abs.TXT,PEI5mgmL,60°C,Abs,1423,4225.320000000001,100.0,332530.0,5.98746653696498,3.622944705882353,2.3645218310826275
PEI5mgmL_60°C_Abs.TXT,PEI5mgmL,60°C,Abs,1424,4227.92,100.0,332530.0,5.987426070038911,3.6228835294117645,2.3645425406271463
PEI5mgmL_60°C_Abs.TXT,PEI5mgmL,60°C,Abs,1425,4230.52,100.0,332530.0,5.987385603112841,3.6228223529411765,2.3645632501716647
PEI5mgmL_60°C_Abs.TXT,PEI5mgmL,60°C,Abs,1426,4233.22,100.0,332530.0,5.987343579766537,3.622758823529412,2.364584756237125
PEI5mgmL_60°C_Abs.TXT,PEI5mgmL,60°C,Abs,1427,4235.62,100.0,332530.0,5.987306225680934,3.6227023529411766,2.364603872739757
PEI5mgmL_60°C_Abs.TXT,PEI5mgmL,60°C,Abs,1428,4238.22,100.0,332530.0,5.987265758754864,3.622641176470588,2.364624582284276
PEI5mgmL_60°C_Abs.TXT,PEI5mgmL,60°C,Abs,1429,4240.820000000001,100.0,332530.0,5.9872252918287945,3.62258,2.3646452918287943
PEI5mgmL_60°C_Abs.TXT,PEI5mgmL,60°C,Abs,1430,4243.42,100.0,332530.0,5.987184824902724,3.6225188235294117,2.3646660013733123
PEI5mgmL_60°C_Abs.TXT,PEI5mgmL,60°C,Abs,1431,4246.12,100.0,332530.0,5.987142801556421,3.622455294117647,2.3646875074387737
PEI5mgmL_60°C_Abs.TXT,PEI5mgmL,60°C,Abs,1432,4248.62,100.0,332530.0,5.987103891050584,3.622396470588235,2.3647074204623486
PEI5mgmL_60°C_Abs.TXT,PEI5mgmL,60°C,Abs,1433,4251.02,100.0,332530.0,5.9870665369649805,3.62234,2.3647265369649806
PEI5mgmL_60°C_Abs.TXT,PEI5mgmL,60°C,Abs,1434,4253.42,100.0,332530.0,5.987029182879378,3.6222835294117646,2.3647456534676135
PEI5mgmL_60°C_Abs.TXT,PEI5mgmL,60°C,Abs,1435,4256.02,100.0,332530.0,5.9869887159533075,3.6222223529411766,2.364766363012131
PEI5mgmL_60°C_Abs.TXT,PEI5mgmL,60°C,Abs,1436,4258.72,100.0,332530.0,5.986946692607004,3.622158823529412,2.3647878690775923
PEI5mgmL_60°C_Abs.TXT,PEI5mgmL,60°C,Abs,1437,4261.22,100.0,332530.0,5.986907782101167,3.6221,2.3648077821011673
PEI5mgmL_60°C_Abs.TXT,PEI5mgmL,60°C,Abs,1438,4263.92,100.0,332530.0,5.986865758754864,3.622058673469388,2.3648070852854763
PEI5mgmL_60°C_Abs.TXT,PEI5mgmL,60°C,Abs,1439,4271.62,100.0,332530.0,5.986745914396887,3.6219408163265308,2.3648050980703563
PEI5mgmL_60°C_Abs.TXT,PEI5mgmL,60°C,Abs,1440,4279.12,100.0,332530.0,5.986629182879378,3.621826020408163,2.364803162471215
PEI5mgmL_60°C_Abs.TXT,PEI5mgmL,60°C,Abs,1441,4287.42,100.0,332530.0,5.9865,3.621698979591837,2.3648010204081635
PEI5mgmL_60°C_Abs.TXT,PEI5mgmL,60°C,Abs,1442,4289.820000000001,100.0,332530.0,5.986469309462916,3.621662244897959,2.3648070645649573
PEI5mgmL_60°C_Abs.TXT,PEI5mgmL,60°C,Abs,1443,4292.52,100.0,332530.0,5.986434782608696,3.621620918367347,2.364813864241349
PEI5mgmL_60°C_Abs.TXT,PEI5mgmL,60°C,Abs,1444,4295.02,100.0,332530.0,5.986402813299233,3.6215826530612243,2.364820160238009
PEI5mgmL_60°C_Abs.TXT,PEI5mgmL,60°C,Abs,1445,4297.42,100.0,332530.0,5.986372122762148,3.621545918367347,2.3648262043948014
PEI5mgmL_60°C_Abs.TXT,PEI5mgmL,60°C,Abs,1446,4300.22,100.0,332530.0,5.98633631713555,3.6215030612244896,2.3648332559110607
PEI5mgmL_60°C_Abs.TXT,PEI5mgmL,60°C,Abs,1447,4302.72,100.0,332530.0,5.986304347826088,3.6214647959183672,2.3648395519077203
PEI5mgmL_60°C_Abs.TXT,PEI5mgmL,60°C,Abs,1448,4305.52,100.0,332530.0,5.986268542199489,3.62142193877551,2.364846603423979
PEI5mgmL_60°C_Abs.TXT,PEI5mgmL,60°C,Abs,1449,4308.12,100.0,332530.0,5.986235294117647,3.6213821428571427,2.3648531512605047
PEI5mgmL_60°C_Abs.TXT,PEI5mgmL,60°C,Abs,1450,4310.820000000001,100.0,332530.0,5.986200767263427,3.6213408163265304,2.364859950936897
PEI5mgmL_60°C_Abs.TXT,PEI5mgmL,60°C,Abs,1451,4313.320000000001,100.0,332530.0,5.986168797953964,3.621302551020408,2.3648662469335564
PEI5mgmL_60°C_Abs.TXT,PEI5mgmL,60°C,Abs,1452,4316.12,100.0,332530.0,5.986132992327366,3.6212596938775508,2.364873298449815
PEI5mgmL_60°C_Abs.TXT,PEI5mgmL,60°C,Abs,1453,4318.62,100.0,332530.0,5.986101023017903,3.6212214285714284,2.3648795944464744
PEI5mgmL_60°C_Abs.TXT,PEI5mgmL,60°C,Abs,1454,4321.22,100.0,332530.0,5.986067774936061,3.621181632653061,2.3648861422830003
PEI5mgmL_60°C_Abs.TXT,PEI5mgmL,60°C,Abs,1455,4324.02,100.0,332530.0,5.9860319693094635,3.621138775510204,2.3648931937992597
PEI5mgmL_60°C_Abs.TXT,PEI5mgmL,60°C,Abs,1456,4326.72,100.0,332530.0,5.985997442455243,3.6210974489795915,2.364899993475652
PEI5mgmL_60°C_Abs.TXT,PEI5mgmL,60°C,Abs,1457,4329.12,100.0,332530.0,5.985966751918159,3.621060714285714,2.364906037632445
PEI5mgmL_60°C_Abs.TXT,PEI5mgmL,60°C,Abs,1458,4331.62,100.0,332530.0,5.9859347826086955,3.6210224489795917,2.364912333629104
PEI5mgmL_60°C_Abs.TXT,PEI5mgmL,60°C,Abs,1459,4334.320000000001,100.0,332530.0,5.985900255754476,3.6209811224489794,2.364919133305497
PEI5mgmL_60°C_Abs.TXT,PEI5mgmL,60°C,Abs,1460,4337.02,100.0,332530.0,5.985865728900256,3.620939795918367,2.364925932981889
PEI5mgmL_60°C_Abs.TXT,PEI5mgmL,60°C,Abs,1461,4339.62,100.0,332530.0,5.985832480818415,3.6209,2.364932480818415
PEI5mgmL_60°C_Abs.TXT,PEI5mgmL,60°C,Abs,1462,4342.22,100.0,332530.0,5.985799232736573,3.620850318471337,2.364948914265236
PEI5mgmL_60°C_Abs.TXT,PEI5mgmL,60°C,Abs,1463,4349.92,100.0,332530.0,5.9857007672634275,3.6207031847133755,2.364997582550052
PEI5mgmL_60°C_Abs.TXT,PEI5mgmL,60°C,Abs,1464,4357.820000000001,100.0,332530.0,5.985599744245524,3.620552229299363,2.3650475149461614
PEI5mgmL_60°C_Abs.TXT,PEI5mgmL,60°C,Abs,1465,4365.62,100.0,332530.0,5.9855,3.6204031847133757,2.3650968152866243
PEI5mgmL_60°C_Abs.TXT,PEI5mgmL,60°C,Abs,1466,4368.22,100.0,332530.0,5.985470417193426,3.620353503184713,2.3651169140087127
PEI5mgmL_60°C_Abs.TXT,PEI5mgmL,60°C,Abs,1467,4370.72,100.0,332530.0,5.985441972187105,3.620305732484076,2.3651362397030287
PEI5mgmL_60°C_Abs.TXT,PEI5mgmL,60°C,Abs,1468,4373.42,100.0,332530.0,5.985411251580278,3.6202541401273884,2.36515711145289
PEI5mgmL_60°C_Abs.TXT,PEI5mgmL,60°C,Abs,1469,4376.02,100.0,332530.0,5.985381668773704,3.620204458598726,2.3651772101749784
PEI5mgmL_60°C_Abs.TXT,PEI5mgmL,60°C,Abs,1470,4378.72,100.0,332530.0,5.985350948166878,3.620152866242038,2.3651980819248397
PEI5mgmL_60°C_Abs.TXT,PEI5mgmL,60°C,Abs,1471,4381.12,100.0,332530.0,5.985323640960809,3.6201070063694267,2.3652166345913823
PEI5mgmL_60°C_Abs.TXT,PEI5mgmL,60°C,Abs,1472,4383.72,100.0,332530.0,5.985294058154235,3.620057324840764,2.3652367333134707
PEI5mgmL_60°C_Abs.TXT,PEI5mgmL,60°C,Abs,1473,4386.320000000001,100.0,332530.0,5.985264475347662,3.620007643312102,2.3652568320355596
PEI5mgmL_60°C_Abs.TXT,PEI5mgmL,60°C,Abs,1474,4388.820000000001,100.0,332530.0,5.9852360303413406,3.619959872611465,2.3652761577298755
PEI5mgmL_60°C_Abs.TXT,PEI5mgmL,60°C,Abs,1475,4391.42,100.0,332530.0,5.985206447534766,3.6199101910828024,2.365296256451964
PEI5mgmL_60°C_Abs.TXT,PEI5mgmL,60°C,Abs,1476,4394.02,100.0,332530.0,5.985176864728192,3.6198605095541403,2.365316355174052
PEI5mgmL_60°C_Abs.TXT,PEI5mgmL,60°C,Abs,1477,4396.72,100.0,332530.0,5.985146144121366,3.619808917197452,2.3653372269239137
PEI5mgmL_60°C_Abs.TXT,PEI5mgmL,60°C,Abs,1478,4399.320000000001,100.0,332530.0,5.985116561314792,3.61975923566879,2.3653573256460017
PEI5mgmL_60°C_Abs.TXT,PEI5mgmL,60°C,Abs,1479,4402.12,100.0,332530.0,5.985084702907712,3.6197057324840767,2.3653789704236354
PEI5mgmL_60°C_Abs.TXT,PEI5mgmL,60°C,Abs,1480,4404.62,100.0,332530.0,5.985056257901391,3.6196579617834397,2.3653982961179514
PEI5mgmL_60°C_Abs.TXT,PEI5mgmL,60°C,Abs,1481,4407.42,100.0,332530.0,5.9850243994943115,3.6196044585987264,2.365419940895585
PEI5mgmL_60°C_Abs.TXT,PEI5mgmL,60°C,Abs,1482,4409.820000000001,100.0,332530.0,5.984997092288243,3.619558598726115,2.3654384935621278
PEI5mgmL_60°C_Abs.TXT,PEI5mgmL,60°C,Abs,1483,4412.72,100.0,332530.0,5.98496409608091,3.619503184713376,2.365460911367534
PEI5mgmL_60°C_Abs.TXT,PEI5mgmL,60°C,Abs,1484,4415.42,100.0,332530.0,5.984933375474084,3.619451592356688,2.3654817831173958
PEI5mgmL_60°C_Abs.TXT,PEI5mgmL,60°C,Abs,1485,4418.12,100.0,332530.0,5.984902654867257,3.6194,2.365502654867257
PEI5mgmL_60°C_Abs.TXT,PEI5mgmL,60°C,Abs,1486,4420.820000000001,100.0,332530.0,5.98487193426043,3.619341603053435,2.365530331206995
PEI5mgmL_60°C_Abs.TXT,PEI5mgmL,60°C,Abs,1487,4428.62,100.0,332530.0,5.984783185840708,3.619172900763359,2.3656102850773495
PEI5mgmL_60°C_Abs.TXT,PEI5mgmL,60°C,Abs,1488,4436.42,100.0,332530.0,5.984694437420987,3.6190041984732826,2.365690238947704
PEI5mgmL_60°C_Abs.TXT,PEI5mgmL,60°C,Abs,1489,4444.72,100.0,332530.0,5.9846,3.6188246819338423,2.365775318066158
PEI5mgmL_60°C_Abs.TXT,PEI5mgmL,60°C,Abs,1490,4447.12,100.0,332530.0,5.98455378690629,3.6187727735368957,2.3657810133693946
PEI5mgmL_60°C_Abs.TXT,PEI5mgmL,60°C,Abs,1491,4449.92,100.0,332530.0,5.9844998716302955,3.618712213740458,2.3657876578898374
PEI5mgmL_60°C_Abs.TXT,PEI5mgmL,60°C,Abs,1492,4452.320000000001,100.0,332530.0,5.9844536585365855,3.6186603053435116,2.365793353193074
PEI5mgmL_60°C_Abs.TXT,PEI5mgmL,60°C,Abs,1493,4454.820000000001,100.0,332530.0,5.9844055198973045,3.6186062340966925,2.365799285800612
PEI5mgmL_60°C_Abs.TXT,PEI5mgmL,60°C,Abs,1494,4457.42,100.0,332530.0,5.9843554557124525,3.61855,2.3658054557124526
PEI5mgmL_60°C_Abs.TXT,PEI5mgmL,60°C,Abs,1495,4459.92,100.0,332530.0,5.984307317073171,3.618495928753181,2.36581138831999
PEI5mgmL_60°C_Abs.TXT,PEI5mgmL,60°C,Abs,1496,4462.62,100.0,332530.0,5.984255327342748,3.6184375318066158,2.365817795536132
PEI5mgmL_60°C_Abs.TXT,PEI5mgmL,60°C,Abs,1497,4465.22,100.0,332530.0,5.984205263157895,3.6183812977099237,2.365823965447971
PEI5mgmL_60°C_Abs.TXT,PEI5mgmL,60°C,Abs,1498,4468.02,100.0,332530.0,5.9841513478819,3.618320737913486,2.365830609968414
PEI5mgmL_60°C_Abs.TXT,PEI5mgmL,60°C,Abs,1499,4470.42,100.0,332530.0,5.98410513478819,3.6182688295165395,2.3658363052716505
PEI5mgmL_60°C_Abs.TXT,PEI5mgmL,60°C,Abs,1500,4473.22,100.0,332530.0,5.984051219512195,3.618208269720102,2.365842949792093
PEI5mgmL_60°C_Abs.TXT,PEI5mgmL,60°C,Abs,1501,4475.72,100.0,332530.0,5.984003080872914,3.618154198473283,2.3658488823996313
PEI5mgmL_60°C_Abs.TXT,PEI5mgmL,60°C,Abs,1502,4478.42,100.0,332530.0,5.983951091142491,3.6180958015267177,2.3658552896157734
PEI5mgmL_60°C_Abs.TXT,PEI5mgmL,60°C,Abs,1503,4481.12,100.0,332530.0,5.983899101412067,3.6180374045801527,2.3658616968319146
PEI5mgmL_60°C_Abs.TXT,PEI5mgmL,60°C,Abs,1504,4483.92,100.0,332530.0,5.983845186136072,3.617976844783715,2.3658683413523574
PEI5mgmL_60°C_Abs.TXT,PEI5mgmL,60°C,Abs,1505,4486.42,100.0,332530.0,5.983797047496791,3.617922773536896,2.3658742739598955
PEI5mgmL_60°C_Abs.TXT,PEI5mgmL,60°C,Abs,1506,4488.820000000001,100.0,332530.0,5.983750834403081,3.6178708651399494,2.365879969263132
PEI5mgmL_60°C_Abs.TXT,PEI5mgmL,60°C,Abs,1507,4491.42,100.0,332530.0,5.9837007702182285,3.6178146310432573,2.3658861391749713
PEI5mgmL_60°C_Abs.TXT,PEI5mgmL,60°C,Abs,1508,4494.02,100.0,332530.0,5.983650706033377,3.617758396946565,2.3658923090868114
PEI5mgmL_60°C_Abs.TXT,PEI5mgmL,60°C,Abs,1509,4496.72,100.0,332530.0,5.983598716302953,3.6177,2.3658987163029526
PEI5mgmL_60°C_Abs.TXT,PEI5mgmL,60°C,Abs,1510,4499.320000000001,100.0,332530.0,5.983548652118101,3.6176431145431147,2.365905537574986
PEI5mgmL_60°C_Abs.TXT,PEI5mgmL,60°C,Abs,1511,4506.820000000001,100.0,332530.0,5.983404236200257,3.617479021879022,2.365925214321235
PEI5mgmL_60°C_Abs.TXT,PEI5mgmL,60°C,Abs,1512,4514.820000000001,100.0,332530.0,5.983250192554557,3.61730398970399,2.365946202850567
PEI5mgmL_60°C_Abs.TXT,PEI5mgmL,60°C,Abs,1513,4522.62,100.0,332530.0,5.9831,3.6171333333333333,2.365966666666667
PEI5mgmL_60°C_Abs.TXT,PEI5mgmL,60°C,Abs,1514,4525.02,100.0,332530.0,5.983075478927203,3.6170808236808236,2.3659946552463795
PEI5mgmL_60°C_Abs.TXT,PEI5mgmL,60°C,Abs,1515,4527.62,100.0,332530.0,5.983048914431674,3.617023938223938,2.3660249762077354
PEI5mgmL_60°C_Abs.TXT,PEI5mgmL,60°C,Abs,1516,4530.12,100.0,332530.0,5.98302337164751,3.6169692406692406,2.3660541309782697
PEI5mgmL_60°C_Abs.TXT,PEI5mgmL,60°C,Abs,1517,4532.92,100.0,332530.0,5.982994763729247,3.6169079794079795,2.366086784321267
PEI5mgmL_60°C_Abs.TXT,PEI5mgmL,60°C,Abs,1518,4535.42,100.0,332530.0,5.982969220945083,3.616853281853282,2.3661159390918014
PEI5mgmL_60°C_Abs.TXT,PEI5mgmL,60°C,Abs,1519,4538.22,100.0,332530.0,5.982940613026821,3.6167920205920208,2.3661485924348
PEI5mgmL_60°C_Abs.TXT,PEI5mgmL,60°C,Abs,1520,4540.820000000001,100.0,332530.0,5.98291404853129,3.6167351351351353,2.366178913396155
PEI5mgmL_60°C_Abs.TXT,PEI5mgmL,60°C,Abs,1521,4543.42,100.0,332530.0,5.982887484035761,3.61667824967825,2.3662092343575107
PEI5mgmL_60°C_Abs.TXT,PEI5mgmL,60°C,Abs,1522,4545.92,100.0,332530.0,5.982861941251596,3.6166235521235524,2.366238389128044
PEI5mgmL_60°C_Abs.TXT,PEI5mgmL,60°C,Abs,1523,4548.320000000001,100.0,332530.0,5.9828374201788,3.6165710424710427,2.3662663777077575
PEI5mgmL_60°C_Abs.TXT,PEI5mgmL,60°C,Abs,1524,4551.12,100.0,332530.0,5.9828088122605365,3.6165097812097815,2.366299031050755
PEI5mgmL_60°C_Abs.TXT,PEI5mgmL,60°C,Abs,1525,4553.62,100.0,332530.0,5.982783269476373,3.616455083655084,2.3663281858212892
PEI5mgmL_60°C_Abs.TXT,PEI5mgmL,60°C,Abs,1526,4556.22,100.0,332530.0,5.982756704980844,3.6163981981981985,2.366358506782645
PEI5mgmL_60°C_Abs.TXT,PEI5mgmL,60°C,Abs,1527,4558.820000000001,100.0,332530.0,5.982730140485313,3.6163413127413127,2.3663888277440006
PEI5mgmL_60°C_Abs.TXT,PEI5mgmL,60°C,Abs,1528,4561.42,100.0,332530.0,5.982703575989783,3.6162844272844272,2.3664191487053556
PEI5mgmL_60°C_Abs.TXT,PEI5mgmL,60°C,Abs,1529,4563.92,100.0,332530.0,5.9826780332056195,3.6162297297297297,2.36644830347589
PEI5mgmL_60°C_Abs.TXT,PEI5mgmL,60°C,Abs,1530,4566.320000000001,100.0,332530.0,5.982653512132823,3.61617722007722,2.3664762920556033
PEI5mgmL_60°C_Abs.TXT,PEI5mgmL,60°C,Abs,1531,4569.02,100.0,332530.0,5.982625925925927,3.6161181467181467,2.36650777920778
PEI5mgmL_60°C_Abs.TXT,PEI5mgmL,60°C,Abs,1532,4571.72,100.0,332530.0,5.98259833971903,3.6160590733590734,2.3665392663599567
PEI5mgmL_60°C_Abs.TXT,PEI5mgmL,60°C,Abs,1533,4574.42,100.0,332530.0,5.9825707535121335,3.616,2.3665707535121334
PEI5mgmL_60°C_Abs.TXT,PEI5mgmL,60°C,Abs,1534,4577.02,100.0,332530.0,5.982544189016603,3.6159569426751594,2.3665872463414437
PEI5mgmL_60°C_Abs.TXT,PEI5mgmL,60°C,Abs,1535,4584.92,100.0,332530.0,5.982463473818647,3.6158261146496815,2.366637359168965
PEI5mgmL_60°C_Abs.TXT,PEI5mgmL,60°C,Abs,1536,4592.72,100.0,332530.0,5.982383780332056,3.6156969426751595,2.366686837656897
PEI5mgmL_60°C_Abs.TXT,PEI5mgmL,60°C,Abs,1537,4600.92,100.0,332530.0,5.9823,3.615561146496815,2.3667388535031852
PEI5mgmL_60°C_Abs.TXT,PEI5mgmL,60°C,Abs,1538,4603.42,100.0,332530.0,5.982267907573813,3.61551974522293,2.366748162350883
PEI5mgmL_60°C_Abs.TXT,PEI5mgmL,60°C,Abs,1539,4606.22,100.0,332530.0,5.982231964056483,3.6154733757961783,2.366758588260305
PEI5mgmL_60°C_Abs.TXT,PEI5mgmL,60°C,Abs,1540,4608.62,100.0,332530.0,5.982201155327343,3.6154336305732486,2.3667675247540942
PEI5mgmL_60°C_Abs.TXT,PEI5mgmL,60°C,Abs,1541,4611.12,100.0,332530.0,5.982169062901155,3.615392229299363,2.3667768336017923
PEI5mgmL_60°C_Abs.TXT,PEI5mgmL,60°C,Abs,1542,4613.62,100.0,332530.0,5.9821369704749685,3.615350828025478,2.3667861424494907
PEI5mgmL_60°C_Abs.TXT,PEI5mgmL,60°C,Abs,1543,4616.12,100.0,332530.0,5.982104878048781,3.6153094267515926,2.3667954512971883
PEI5mgmL_60°C_Abs.TXT,PEI5mgmL,60°C,Abs,1544,4618.92,100.0,332530.0,5.982068934531451,3.615263057324841,2.3668058772066103
PEI5mgmL_60°C_Abs.TXT,PEI5mgmL,60°C,Abs,1545,4621.52,100.0,332530.0,5.982035558408216,3.61522,2.3668155584082164
PEI5mgmL_60°C_Abs.TXT,PEI5mgmL,60°C,Abs,1546,4624.22,100.0,332530.0,5.982000898587933,3.6151752866242037,2.3668256119637294
PEI5mgmL_60°C_Abs.TXT,PEI5mgmL,60°C,Abs,1547,4626.72,100.0,332530.0,5.981968806161746,3.6151338853503185,2.366834920811428
PEI5mgmL_60°C_Abs.TXT,PEI5mgmL,60°C,Abs,1548,4629.72,100.0,332530.0,5.981930295250321,3.615084203821656,2.3668460914286653
PEI5mgmL_60°C_Abs.TXT,PEI5mgmL,60°C,Abs,1549,4632.12,100.0,332530.0,5.981899486521181,3.6150444585987263,2.3668550279224547
PEI5mgmL_60°C_Abs.TXT,PEI5mgmL,60°C,Abs,1550,4635.02,100.0,332530.0,5.981862259306804,3.614996433121019,2.366865826185785
PEI5mgmL_60°C_Abs.TXT,PEI5mgmL,60°C,Abs,1551,4637.62,100.0,332530.0,5.981828883183569,3.6149533757961785,2.3668755073873906
PEI5mgmL_60°C_Abs.TXT,PEI5mgmL,60°C,Abs,1552,4640.22,100.0,332530.0,5.981795507060334,3.614910318471338,2.3668851885889963
PEI5mgmL_60°C_Abs.TXT,PEI5mgmL,60°C,Abs,1553,4642.62,100.0,332530.0,5.981764698331194,3.6148705732484077,2.366894125082786
PEI5mgmL_60°C_Abs.TXT,PEI5mgmL,60°C,Abs,1554,4645.12,100.0,332530.0,5.981732605905006,3.6148291719745225,2.3669034339304837
PEI5mgmL_60°C_Abs.TXT,PEI5mgmL,60°C,Abs,1555,4647.72,100.0,332530.0,5.981699229781771,3.6147861146496814,2.36691311513209
PEI5mgmL_60°C_Abs.TXT,PEI5mgmL,60°C,Abs,1556,4650.320000000001,100.0,332530.0,5.981665853658537,3.6147430573248407,2.3669227963336965
PEI5mgmL_60°C_Abs.TXT,PEI5mgmL,60°C,Abs,1557,4652.92,100.0,332530.0,5.981632477535302,3.6147,2.3669324775353022
PEI5mgmL_60°C_Abs.TXT,PEI5mgmL,60°C,Abs,1558,4655.52,100.0,332530.0,5.981599101412067,3.6146430412371133,2.366956060174954
PEI5mgmL_60°C_Abs.TXT,PEI5mgmL,60°C,Abs,1559,4663.02,100.0,332530.0,5.981502824133504,3.614478737113402,2.3670240870201025
PEI5mgmL_60°C_Abs.TXT,PEI5mgmL,60°C,Abs,1560,4670.72,100.0,332530.0,5.981403979460847,3.6143100515463917,2.367093927914455
PEI5mgmL_60°C_Abs.TXT,PEI5mgmL,60°C,Abs,1561,4678.820000000001,100.0,332530.0,5.9813,3.6141326030927834,2.3671673969072167
PEI5mgmL_60°C_Abs.TXT,PEI5mgmL,60°C,Abs,1562,4681.320000000001,100.0,332530.0,5.981264698331194,3.6140778350515466,2.3671868632796476
PEI5mgmL_60°C_Abs.TXT,PEI5mgmL,60°C,Abs,1563,4683.92,100.0,332530.0,5.981227984595636,3.61402087628866,2.367207108306976
PEI5mgmL_60°C_Abs.TXT,PEI5mgmL,60°C,Abs,1564,4686.42,100.0,332530.0,5.981192682926829,3.6139661082474226,2.3672265746794063
PEI5mgmL_60°C_Abs.TXT,PEI5mgmL,60°C,Abs,1565,4688.820000000001,100.0,332530.0,5.981158793324775,3.613913530927835,2.36724526239694
PEI5mgmL_60°C_Abs.TXT,PEI5mgmL,60°C,Abs,1566,4691.62,100.0,332530.0,5.981119255455712,3.6138521907216496,2.3672670647340626
PEI5mgmL_60°C_Abs.TXT,PEI5mgmL,60°C,Abs,1567,4694.02,100.0,332530.0,5.981085365853659,3.613799613402062,2.367285752451597
PEI5mgmL_60°C_Abs.TXT,PEI5mgmL,60°C,Abs,1568,4696.72,100.0,332530.0,5.981047240051348,3.6137404639175257,2.3673067761338222
PEI5mgmL_60°C_Abs.TXT,PEI5mgmL,60°C,Abs,1569,4699.320000000001,100.0,332530.0,5.9810105263157896,3.613683505154639,2.3673270211611506
PEI5mgmL_60°C_Abs.TXT,PEI5mgmL,60°C,Abs,1570,4702.22,100.0,332530.0,5.980969576379974,3.613619974226804,2.36734960215317
PEI5mgmL_60°C_Abs.TXT,PEI5mgmL,60°C,Abs,1571,4704.820000000001,100.0,332530.0,5.980932862644416,3.6135630154639173,2.3673698471804983
PEI5mgmL_60°C_Abs.TXT,PEI5mgmL,60°C,Abs,1572,4707.52,100.0,332530.0,5.980894736842106,3.6135038659793812,2.3673908708627245
PEI5mgmL_60°C_Abs.TXT,PEI5mgmL,60°C,Abs,1573,4710.02,100.0,332530.0,5.980859435173299,3.6134490979381444,2.3674103372351545
PEI5mgmL_60°C_Abs.TXT,PEI5mgmL,60°C,Abs,1574,4712.72,100.0,332530.0,5.980821309370988,3.6133899484536083,2.36743136091738
PEI5mgmL_60°C_Abs.TXT,PEI5mgmL,60°C,Abs,1575,4715.320000000001,100.0,332530.0,5.98078459563543,3.6133329896907216,2.367451605944708
PEI5mgmL_60°C_Abs.TXT,PEI5mgmL,60°C,Abs,1576,4717.820000000001,100.0,332530.0,5.980749293966624,3.6132782216494843,2.3674710723171395
PEI5mgmL_60°C_Abs.TXT,PEI5mgmL,60°C,Abs,1577,4720.42,100.0,332530.0,5.9807125802310654,3.613221262886598,2.3674913173444674
PEI5mgmL_60°C_Abs.TXT,PEI5mgmL,60°C,Abs,1578,4722.820000000001,100.0,332530.0,5.980678690629012,3.61316868556701,2.3675100050620017
PEI5mgmL_60°C_Abs.TXT,PEI5mgmL,60°C,Abs,1579,4725.52,100.0,332530.0,5.980640564826701,3.613109536082474,2.367531028744227
PEI5mgmL_60°C_Abs.TXT,PEI5mgmL,60°C,Abs,1580,4728.12,100.0,332530.0,5.980603851091143,3.613052577319588,2.367551273771555
PEI5mgmL_60°C_Abs.TXT,PEI5mgmL,60°C,Abs,1581,4730.52,100.0,332530.0,5.980569961489088,3.613,2.3675699614890884
PEI5mgmL_60°C_Abs.TXT,PEI5mgmL,60°C,Abs,1582,4733.12,100.0,332530.0,5.98053324775353,3.612950127877238,2.367583119876292
PEI5mgmL_60°C_Abs.TXT,PEI5mgmL,60°C,Abs,1583,4740.72,100.0,332530.0,5.98042593068036,3.6128043478260867,2.367621582854273
PEI5mgmL_60°C_Abs.TXT,PEI5mgmL,60°C,Abs,1584,4748.320000000001,100.0,332530.0,5.980318613607189,3.612658567774936,2.3676600458322525
PEI5mgmL_60°C_Abs.TXT,PEI5mgmL,60°C,Abs,1585,4756.72,100.0,332530.0,5.9802,3.612497442455243,2.367702557544757
PEI5mgmL_60°C_Abs.TXT,PEI5mgmL,60°C,Abs,1586,4759.12,100.0,332530.0,5.980166153846154,3.6124514066496163,2.367714747196538
PEI5mgmL_60°C_Abs.TXT,PEI5mgmL,60°C,Abs,1587,4761.72,100.0,332530.0,5.980129487179487,3.612401534526854,2.3677279526526327
PEI5mgmL_60°C_Abs.TXT,PEI5mgmL,60°C,Abs,1588,4764.22,100.0,332530.0,5.980094230769231,3.61235358056266,2.3677406502065708
PEI5mgmL_60°C_Abs.TXT,PEI5mgmL,60°C,Abs,1589,4766.62,100.0,332530.0,5.980060384615385,3.612307544757033,2.3677528398583516
PEI5mgmL_60°C_Abs.TXT,PEI5mgmL,60°C,Abs,1590,4769.22,100.0,332530.0,5.9800237179487175,3.612257672634271,2.3677660453144465
PEI5mgmL_60°C_Abs.TXT,PEI5mgmL,60°C,Abs,1591,4771.62,100.0,332530.0,5.979989871794872,3.6122116368286443,2.3677782349662273
PEI5mgmL_60°C_Abs.TXT,PEI5mgmL,60°C,Abs,1592,4774.22,100.0,332530.0,5.979953205128205,3.612161764705882,2.367791440422323
PEI5mgmL_60°C_Abs.TXT,PEI5mgmL,60°C,Abs,1593,4776.92,100.0,332530.0,5.979915128205128,3.6121099744245524,2.367805153780576
PEI5mgmL_60°C_Abs.TXT,PEI5mgmL,60°C,Abs,1594,4779.42,100.0,332530.0,5.979879871794871,3.612062020460358,2.367817851334513
PEI5mgmL_60°C_Abs.TXT,PEI5mgmL,60°C,Abs,1595,4782.12,100.0,332530.0,5.979841794871795,3.612010230179028,2.3678315646927666
PEI5mgmL_60°C_Abs.TXT,PEI5mgmL,60°C,Abs,1596,4784.820000000001,100.0,332530.0,5.979803717948718,3.6119584398976983,2.3678452780510195
PEI5mgmL_60°C_Abs.TXT,PEI5mgmL,60°C,Abs,1597,4787.62,100.0,332530.0,5.979764230769231,3.6119047314578006,2.36785949931143
PEI5mgmL_60°C_Abs.TXT,PEI5mgmL,60°C,Abs,1598,4790.12,100.0,332530.0,5.9797289743589745,3.611856777493606,2.3678721968653687
PEI5mgmL_60°C_Abs.TXT,PEI5mgmL,60°C,Abs,1599,4792.820000000001,100.0,332530.0,5.979690897435898,3.611804987212276,2.3678859102236216
PEI5mgmL_60°C_Abs.TXT,PEI5mgmL,60°C,Abs,1600,4795.320000000001,100.0,332530.0,5.979655641025641,3.611757033248082,2.367898607777559
PEI5mgmL_60°C_Abs.TXT,PEI5mgmL,60°C,Abs,1601,4798.12,100.0,332530.0,5.979616153846154,3.6117033248081842,2.3679128290379694
PEI5mgmL_60°C_Abs.TXT,PEI5mgmL,60°C,Abs,1602,4800.62,100.0,332530.0,5.9795808974358975,3.6116553708439896,2.367925526591908
PEI5mgmL_60°C_Abs.TXT,PEI5mgmL,60°C,Abs,1603,4803.42,100.0,332530.0,5.97954141025641,3.611601662404092,2.3679397478523185
PEI5mgmL_60°C_Abs.TXT,PEI5mgmL,60°C,Abs,1604,4806.02,100.0,332530.0,5.979504743589743,3.6115517902813297,2.3679529533084134
PEI5mgmL_60°C_Abs.TXT,PEI5mgmL,60°C,Abs,1605,4808.72,100.0,332530.0,5.979466666666666,3.6115,2.3679666666666663
PEI5mgmL_60°C_Abs.TXT,PEI5mgmL,60°C,Abs,1606,4811.320000000001,100.0,332530.0,5.97943,3.611449806949807,2.367980193050193
PEI5mgmL_60°C_Abs.TXT,PEI5mgmL,60°C,Abs,1607,4819.02,100.0,332530.0,5.97932141025641,3.611301158301158,2.368020251955252
PEI5mgmL_60°C_Abs.TXT,PEI5mgmL,60°C,Abs,1608,4826.92,100.0,332530.0,5.97921,3.6111486486486486,2.3680613513513515
PEI5mgmL_60°C_Abs.TXT,PEI5mgmL,60°C,Abs,1609,4834.72,100.0,332530.0,5.9791,3.6109980694980695,2.3681019305019304
PEI5mgmL_60°C_Abs.TXT,PEI5mgmL,60°C,Abs,1610,4837.42,100.0,332530.0,5.9790721649484535,3.6109459459459456,2.368126219002508
PEI5mgmL_60°C_Abs.TXT,PEI5mgmL,60°C,Abs,1611,4839.92,100.0,332530.0,5.979046391752577,3.6108976833976834,2.368148708354894
PEI5mgmL_60°C_Abs.TXT,PEI5mgmL,60°C,Abs,1612,4842.320000000001,100.0,332530.0,5.979021649484536,3.6108513513513514,2.3681702981331845
PEI5mgmL_60°C_Abs.TXT,PEI5mgmL,60°C,Abs,1613,4845.02,100.0,332530.0,5.9789938144329895,3.6107992277992276,2.368194586633762
PEI5mgmL_60°C_Abs.TXT,PEI5mgmL,60°C,Abs,1614,4847.52,100.0,332530.0,5.978968041237113,3.6107509652509653,2.368217075986148
PEI5mgmL_60°C_Abs.TXT,PEI5mgmL,60°C,Abs,1615,4850.22,100.0,332530.0,5.978940206185567,3.6106988416988415,2.3682413644867255
PEI5mgmL_60°C_Abs.TXT,PEI5mgmL,60°C,Abs,1616,4852.820000000001,100.0,332530.0,5.978913402061855,3.6106486486486484,2.368264753413207
PEI5mgmL_60°C_Abs.TXT,PEI5mgmL,60°C,Abs,1617,4855.42,100.0,332530.0,5.9788865979381445,3.6105984555984554,2.368288142339689
PEI5mgmL_60°C_Abs.TXT,PEI5mgmL,60°C,Abs,1618,4857.92,100.0,332530.0,5.978860824742268,3.610550193050193,2.3683106316920752
PEI5mgmL_60°C_Abs.TXT,PEI5mgmL,60°C,Abs,1619,4860.320000000001,100.0,332530.0,5.978836082474227,3.6105038610038607,2.368332221470366
PEI5mgmL_60°C_Abs.TXT,PEI5mgmL,60°C,Abs,1620,4863.02,100.0,332530.0,5.9788082474226805,3.6104517374517373,2.368356509970943
PEI5mgmL_60°C_Abs.TXT,PEI5mgmL,60°C,Abs,1621,4865.42,100.0,332530.0,5.978783505154639,3.6104054054054053,2.3683780997492336
PEI5mgmL_60°C_Abs.TXT,PEI5mgmL,60°C,Abs,1622,4868.22,100.0,332530.0,5.978754639175258,3.610351351351351,2.3684032878239067
PEI5mgmL_60°C_Abs.TXT,PEI5mgmL,60°C,Abs,1623,4870.820000000001,100.0,332530.0,5.978727835051546,3.610301158301158,2.368426676750388
PEI5mgmL_60°C_Abs.TXT,PEI5mgmL,60°C,Abs,1624,4873.22,100.0,332530.0,5.978703092783505,3.610254826254826,2.3684482665286786
PEI5mgmL_60°C_Abs.TXT,PEI5mgmL,60°C,Abs,1625,4875.92,100.0,332530.0,5.978675257731958,3.6102027027027024,2.368472555029256
PEI5mgmL_60°C_Abs.TXT,PEI5mgmL,60°C,Abs,1626,4878.320000000001,100.0,332530.0,5.978650515463918,3.6101563706563704,2.3684941448075474
PEI5mgmL_60°C_Abs.TXT,PEI5mgmL,60°C,Abs,1627,4881.12,100.0,332530.0,5.978621649484536,3.6101023166023163,2.3685193328822196
PEI5mgmL_60°C_Abs.TXT,PEI5mgmL,60°C,Abs,1628,4883.72,100.0,332530.0,5.978594845360825,3.6100521235521232,2.368542721808702
PEI5mgmL_60°C_Abs.TXT,PEI5mgmL,60°C,Abs,1629,4886.42,100.0,332530.0,5.978567010309278,3.61,2.368567010309278
PEI5mgmL_60°C_Abs.TXT,PEI5mgmL,60°C,Abs,1630,4889.02,100.0,332530.0,5.978540206185567,3.6099532133676093,2.3685869928179577
PEI5mgmL_60°C_Abs.TXT,PEI5mgmL,60°C,Abs,1631,4896.92,100.0,332530.0,5.978458762886598,3.6098110539845756,2.3686477089020226
PEI5mgmL_60°C_Abs.TXT,PEI5mgmL,60°C,Abs,1632,4904.62,100.0,332530.0,5.978379381443299,3.6096724935732647,2.368706887870034
PEI5mgmL_60°C_Abs.TXT,PEI5mgmL,60°C,Abs,1633,4912.320000000001,100.0,332530.0,5.9783,3.609533933161954,2.368766066838046
PEI5mgmL_60°C_Abs.TXT,PEI5mgmL,60°C,Abs,1634,4914.820000000001,100.0,332530.0,5.97825501285347,3.609488946015424,2.368766066838046
PEI5mgmL_60°C_Abs.TXT,PEI5mgmL,60°C,Abs,1635,4917.42,100.0,332530.0,5.97820822622108,3.6094421593830335,2.368766066838046
PEI5mgmL_60°C_Abs.TXT,PEI5mgmL,60°C,Abs,1636,4920.02,100.0,332530.0,5.978161439588689,3.6093953727506425,2.3687660668380466
PEI5mgmL_60°C_Abs.TXT,PEI5mgmL,60°C,Abs,1637,4922.42,100.0,332530.0,5.97811825192802,3.6093521850899744,2.3687660668380457
PEI5mgmL_60°C_Abs.TXT,PEI5mgmL,60°C,Abs,1638,4925.02,100.0,332530.0,5.9780714652956295,3.6093053984575834,2.368766066838046
PEI5mgmL_60°C_Abs.TXT,PEI5mgmL,60°C,Abs,1639,4927.52,100.0,332530.0,5.9780264781491,3.609260411311054,2.3687660668380457
PEI5mgmL_60°C_Abs.TXT,PEI5mgmL,60°C,Abs,1640,4930.22,100.0,332530.0,5.977977892030848,3.609211825192802,2.3687660668380466
PEI5mgmL_60°C_Abs.TXT,PEI5mgmL,60°C,Abs,1641,4932.820000000001,100.0,332530.0,5.977931105398458,3.6091650385604113,2.3687660668380466
PEI5mgmL_60°C_Abs.TXT,PEI5mgmL,60°C,Abs,1642,4935.22,100.0,332530.0,5.977887917737789,3.6091218508997427,2.368766066838046
PEI5mgmL_60°C_Abs.TXT,PEI5mgmL,60°C,Abs,1643,4937.820000000001,100.0,332530.0,5.977841131105398,3.609075064267352,2.368766066838046
PEI5mgmL_60°C_Abs.TXT,PEI5mgmL,60°C,Abs,1644,4940.42,100.0,332530.0,5.977794344473008,3.6090282776349616,2.368766066838046
PEI5mgmL_60°C_Abs.TXT,PEI5mgmL,60°C,Abs,1645,4943.12,100.0,332530.0,5.9777457583547555,3.6089796915167094,2.368766066838046
PEI5mgmL_60°C_Abs.TXT,PEI5mgmL,60°C,Abs,1646,4945.72,100.0,332530.0,5.977698971722365,3.608932904884319,2.368766066838046
PEI5mgmL_60°C_Abs.TXT,PEI5mgmL,60°C,Abs,1647,4948.42,100.0,332530.0,5.977650385604113,3.6088843187660666,2.368766066838046
PEI5mgmL_60°C_Abs.TXT,PEI5mgmL,60°C,Abs,1648,4951.02,100.0,332530.0,5.977603598971722,3.608837532133676,2.368766066838046
PEI5mgmL_60°C_Abs.TXT,PEI5mgmL,60°C,Abs,1649,4953.62,100.0,332530.0,5.977556812339332,3.6087907455012855,2.368766066838046
PEI5mgmL_60°C_Abs.TXT,PEI5mgmL,60°C,Abs,1650,4956.12,100.0,332530.0,5.977511825192802,3.6087457583547558,2.368766066838046
PEI5mgmL_60°C_Abs.TXT,PEI5mgmL,60°C,Abs,1651,4958.92,100.0,332530.0,5.977461439588689,3.608695372750643,2.368766066838046
PEI5mgmL_60°C_Abs.TXT,PEI5mgmL,60°C,Abs,1652,4961.62,100.0,332530.0,5.977412853470437,3.6086467866323906,2.368766066838046
PEI5mgmL_60°C_Abs.TXT,PEI5mgmL,60°C,Abs,1653,4964.22,100.0,332530.0,5.977366066838046,3.6086,2.368766066838046
PEI5mgmL_60°C_Abs.TXT,PEI5mgmL,60°C,Abs,1654,4966.820000000001,100.0,332530.0,5.977319280205656,3.6085498714652955,2.36876940874036
PEI5mgmL_60°C_Abs.TXT,PEI5mgmL,60°C,Abs,1655,4974.42,100.0,332530.0,5.9771825192802055,3.6084033419023136,2.368779177377892
PEI5mgmL_60°C_Abs.TXT,PEI5mgmL,60°C,Abs,1656,4982.42,100.0,332530.0,5.9770385604113105,3.6082491002570696,2.368789460154241
PEI5mgmL_60°C_Abs.TXT,PEI5mgmL,60°C,Abs,1657,4990.12,100.0,332530.0,5.9769,3.608100642673522,2.368799357326478
PEI5mgmL_60°C_Abs.TXT,PEI5mgmL,60°C,Abs,1658,4993.02,100.0,332530.0,5.9768851091142485,3.608044730077121,2.3688403790371275
PEI5mgmL_60°C_Abs.TXT,PEI5mgmL,60°C,Abs,1659,4995.42,100.0,332530.0,5.976872785622593,3.6079984575835478,2.368874328039045
PEI5mgmL_60°C_Abs.TXT,PEI5mgmL,60°C,Abs,1660,4997.92,100.0,332530.0,5.976859948652118,3.6079502570694086,2.3689096915827093
PEI5mgmL_60°C_Abs.TXT,PEI5mgmL,60°C,Abs,1661,5000.42,100.0,332530.0,5.976847111681643,3.60790205655527,2.368945055126373
PEI5mgmL_60°C_Abs.TXT,PEI5mgmL,60°C,Abs,1662,5003.02,100.0,332530.0,5.976833761232349,3.6078519280205654,2.368981833211784
PEI5mgmL_60°C_Abs.TXT,PEI5mgmL,60°C,Abs,1663,5005.62,100.0,332530.0,5.976820410783055,3.6078017994858613,2.3690186112971934
PEI5mgmL_60°C_Abs.TXT,PEI5mgmL,60°C,Abs,1664,5008.22,100.0,332530.0,5.976807060333761,3.607751670951157,2.3690553893826043
PEI5mgmL_60°C_Abs.TXT,PEI5mgmL,60°C,Abs,1665,5010.820000000001,100.0,332530.0,5.976793709884467,3.6077015424164522,2.3690921674680143
PEI5mgmL_60°C_Abs.TXT,PEI5mgmL,60°C,Abs,1666,5013.320000000001,100.0,332530.0,5.976780872913992,3.6076533419023136,2.369127531011679
PEI5mgmL_60°C_Abs.TXT,PEI5mgmL,60°C,Abs,1667,5015.820000000001,100.0,332530.0,5.976768035943517,3.607605141388175,2.3691628945553425
PEI5mgmL_60°C_Abs.TXT,PEI5mgmL,60°C,Abs,1668,5018.42,100.0,332530.0,5.976754685494223,3.6075550128534704,2.3691996726407525
PEI5mgmL_60°C_Abs.TXT,PEI5mgmL,60°C,Abs,1669,5021.02,100.0,332530.0,5.976741335044929,3.6075048843187663,2.369236450726163
PEI5mgmL_60°C_Abs.TXT,PEI5mgmL,60°C,Abs,1670,5023.62,100.0,332530.0,5.976727984595635,3.6074547557840617,2.369273228811573
PEI5mgmL_60°C_Abs.TXT,PEI5mgmL,60°C,Abs,1671,5026.320000000001,100.0,332530.0,5.9767141206675225,3.6074026992287918,2.3693114214387307
PEI5mgmL_60°C_Abs.TXT,PEI5mgmL,60°C,Abs,1672,5029.02,100.0,332530.0,5.976700256739409,3.607350642673522,2.3693496140658876
PEI5mgmL_60°C_Abs.TXT,PEI5mgmL,60°C,Abs,1673,5031.42,100.0,332530.0,5.976687933247753,3.6073043701799485,2.3693835630678044
PEI5mgmL_60°C_Abs.TXT,PEI5mgmL,60°C,Abs,1674,5034.22,100.0,332530.0,5.976673555840821,3.607250385604113,2.369423170236708
PEI5mgmL_60°C_Abs.TXT,PEI5mgmL,60°C,Abs,1675,5036.820000000001,100.0,332530.0,5.976660205391528,3.6072002570694086,2.369459948322119
PEI5mgmL_60°C_Abs.TXT,PEI5mgmL,60°C,Abs,1676,5039.52,100.0,332530.0,5.976646341463415,3.6071482005141386,2.369498140949276
PEI5mgmL_60°C_Abs.TXT,PEI5mgmL,60°C,Abs,1677,5042.02,100.0,332530.0,5.9766335044929395,3.6071,2.3695335044929395
PEI5mgmL_60°C_Abs.TXT,PEI5mgmL,60°C,Abs,1678,5044.52,100.0,332530.0,5.9766206675224645,3.6070486521181,2.3695720154043642
PEI5mgmL_60°C_Abs.TXT,PEI5mgmL,60°C,Abs,1679,5052.22,100.0,332530.0,5.976581129653401,3.6068905006418484,2.369690629011553
PEI5mgmL_60°C_Abs.TXT,PEI5mgmL,60°C,Abs,1680,5060.12,100.0,332530.0,5.976540564826701,3.6067282413350448,2.369812323491656
PEI5mgmL_60°C_Abs.TXT,PEI5mgmL,60°C,Abs,1681,5068.02,100.0,332530.0,5.9765,3.606565982028241,2.3699340179717585
PEI5mgmL_60°C_Abs.TXT,PEI5mgmL,60°C,Abs,1682,5070.62,100.0,332530.0,5.976433673469388,3.6065125802310654,2.3699210932383226
PEI5mgmL_60°C_Abs.TXT,PEI5mgmL,60°C,Abs,1683,5073.12,100.0,332530.0,5.9763698979591835,3.6064612323491656,2.369908665610018
PEI5mgmL_60°C_Abs.TXT,PEI5mgmL,60°C,Abs,1684,5075.92,100.0,332530.0,5.976298469387755,3.6064037227214376,2.3698947466663176
PEI5mgmL_60°C_Abs.TXT,PEI5mgmL,60°C,Abs,1685,5078.42,100.0,332530.0,5.976234693877551,3.606352374839538,2.369882319038013
PEI5mgmL_60°C_Abs.TXT,PEI5mgmL,60°C,Abs,1686,5081.22,100.0,332530.0,5.9761632653061225,3.60629486521181,2.3698684000943127
PEI5mgmL_60°C_Abs.TXT,PEI5mgmL,60°C,Abs,1687,5083.62,100.0,332530.0,5.976102040816326,3.606245571245186,2.36985646957114
PEI5mgmL_60°C_Abs.TXT,PEI5mgmL,60°C,Abs,1688,5086.42,100.0,332530.0,5.976030612244898,3.606188061617458,2.36984255062744
PEI5mgmL_60°C_Abs.TXT,PEI5mgmL,60°C,Abs,1689,5089.02,100.0,332530.0,5.975964285714285,3.6061346598202824,2.369829625894003
PEI5mgmL_60°C_Abs.TXT,PEI5mgmL,60°C,Abs,1690,5091.42,100.0,332530.0,5.975903061224489,3.6060853658536587,2.3698176953708305
PEI5mgmL_60°C_Abs.TXT,PEI5mgmL,60°C,Abs,1691,5093.92,100.0,332530.0,5.975839285714286,3.606034017971759,2.3698052677425268
PEI5mgmL_60°C_Abs.TXT,PEI5mgmL,60°C,Abs,1692,5096.42,100.0,332530.0,5.975775510204081,3.6059826700898587,2.3697928401142225
PEI5mgmL_60°C_Abs.TXT,PEI5mgmL,60°C,Abs,1693,5099.22,100.0,332530.0,5.975704081632653,3.605925160462131,2.369778921170522
PEI5mgmL_60°C_Abs.TXT,PEI5mgmL,60°C,Abs,1694,5101.820000000001,100.0,332530.0,5.97563775510204,3.6058717586649554,2.369765996437085
PEI5mgmL_60°C_Abs.TXT,PEI5mgmL,60°C,Abs,1695,5104.62,100.0,332530.0,5.975566326530612,3.6058142490372274,2.3697520774933847
PEI5mgmL_60°C_Abs.TXT,PEI5mgmL,60°C,Abs,1696,5107.12,100.0,332530.0,5.975502551020408,3.6057629011553276,2.36973964986508
PEI5mgmL_60°C_Abs.TXT,PEI5mgmL,60°C,Abs,1697,5109.52,100.0,332530.0,5.975441326530612,3.6057136071887035,2.369727719341909
PEI5mgmL_60°C_Abs.TXT,PEI5mgmL,60°C,Abs,1698,5112.12,100.0,332530.0,5.975375,3.6056602053915277,2.369714794608472
PEI5mgmL_60°C_Abs.TXT,PEI5mgmL,60°C,Abs,1699,5114.72,100.0,332530.0,5.975308673469388,3.605606803594352,2.369701869875036
PEI5mgmL_60°C_Abs.TXT,PEI5mgmL,60°C,Abs,1700,5117.42,100.0,332530.0,5.975239795918367,3.6055513478819,2.369688448036467
PEI5mgmL_60°C_Abs.TXT,PEI5mgmL,60°C,Abs,1701,5119.92,100.0,332530.0,5.975176020408163,3.6055,2.3696760204081633
PEI5mgmL_60°C_Abs.TXT,PEI5mgmL,60°C,Abs,1702,5122.820000000001,100.0,332530.0,5.975102040816326,3.6054402831402834,2.3696617576760426
PEI5mgmL_60°C_Abs.TXT,PEI5mgmL,60°C,Abs,1703,5130.42,100.0,332530.0,5.974908163265306,3.605283783783784,2.369624379481522
PEI5mgmL_60°C_Abs.TXT,PEI5mgmL,60°C,Abs,1704,5138.22,100.0,332530.0,5.974709183673469,3.605123166023166,2.369586017650303
PEI5mgmL_60°C_Abs.TXT,PEI5mgmL,60°C,Abs,1705,5146.42,100.0,332530.0,5.9745,3.6049543114543114,2.3695456885456885
PEI5mgmL_60°C_Abs.TXT,PEI5mgmL,60°C,Abs,1706,5148.92,100.0,332530.0,5.974477448453608,3.6049028314028315,2.3695746170507763
PEI5mgmL_60°C_Abs.TXT,PEI5mgmL,60°C,Abs,1707,5151.52,100.0,332530.0,5.97445399484536,3.604849292149292,2.3696047026960683
PEI5mgmL_60°C_Abs.TXT,PEI5mgmL,60°C,Abs,1708,5154.02,100.0,332530.0,5.974431443298969,3.604797812097812,2.369633631201157
PEI5mgmL_60°C_Abs.TXT,PEI5mgmL,60°C,Abs,1709,5156.42,100.0,332530.0,5.9744097938144325,3.6047483912483913,2.369661402566041
PEI5mgmL_60°C_Abs.TXT,PEI5mgmL,60°C,Abs,1710,5159.12,100.0,332530.0,5.9743854381443295,3.6046927927927928,2.369692645351537
PEI5mgmL_60°C_Abs.TXT,PEI5mgmL,60°C,Abs,1711,5161.62,100.0,332530.0,5.974362886597938,3.604641312741313,2.3697215738566255
PEI5mgmL_60°C_Abs.TXT,PEI5mgmL,60°C,Abs,1712,5164.320000000001,100.0,332530.0,5.9743385309278345,3.6045857142857143,2.3697528166421202
PEI5mgmL_60°C_Abs.TXT,PEI5mgmL,60°C,Abs,1713,5166.820000000001,100.0,332530.0,5.974315979381443,3.6045342342342344,2.369781745147209
PEI5mgmL_60°C_Abs.TXT,PEI5mgmL,60°C,Abs,1714,5169.320000000001,100.0,332530.0,5.974293427835051,3.604482754182754,2.3698106736522973
PEI5mgmL_60°C_Abs.TXT,PEI5mgmL,60°C,Abs,1715,5172.02,100.0,332530.0,5.974269072164948,3.604427155727156,2.3698419164377924
PEI5mgmL_60°C_Abs.TXT,PEI5mgmL,60°C,Abs,1716,5174.52,100.0,332530.0,5.974246520618556,3.6043756756756755,2.3698708449428807
PEI5mgmL_60°C_Abs.TXT,PEI5mgmL,60°C,Abs,1717,5177.12,100.0,332530.0,5.97422306701031,3.6043221364221365,2.369900930588173
PEI5mgmL_60°C_Abs.TXT,PEI5mgmL,60°C,Abs,1718,5179.72,100.0,332530.0,5.974199613402062,3.604268597168597,2.369931016233465
PEI5mgmL_60°C_Abs.TXT,PEI5mgmL,60°C,Abs,1719,5182.320000000001,100.0,332530.0,5.9741761597938146,3.604215057915058,2.3699611018787565
PEI5mgmL_60°C_Abs.TXT,PEI5mgmL,60°C,Abs,1720,5184.72,100.0,332530.0,5.974154510309278,3.604165637065637,2.3699888732436407
PEI5mgmL_60°C_Abs.TXT,PEI5mgmL,60°C,Abs,1721,5187.12,100.0,332530.0,5.974132860824742,3.604116216216216,2.3700166446085262
PEI5mgmL_60°C_Abs.TXT,PEI5mgmL,60°C,Abs,1722,5189.92,100.0,332530.0,5.974107603092784,3.6040585585585583,2.3700490445342255
PEI5mgmL_60°C_Abs.TXT,PEI5mgmL,60°C,Abs,1723,5192.42,100.0,332530.0,5.974085051546392,3.6040070785070784,2.3700779730393133
PEI5mgmL_60°C_Abs.TXT,PEI5mgmL,60°C,Abs,1724,5195.12,100.0,332530.0,5.974060695876289,3.60395148005148,2.370109215824809
PEI5mgmL_60°C_Abs.TXT,PEI5mgmL,60°C,Abs,1725,5197.62,100.0,332530.0,5.974038144329897,3.6039,2.370138144329897
PEI5mgmL_60°C_Abs.TXT,PEI5mgmL,60°C,Abs,1726,5200.22,100.0,332530.0,5.974014690721649,3.6038597419354836,2.3701549487861655
PEI5mgmL_60°C_Abs.TXT,PEI5mgmL,60°C,Abs,1727,5208.12,100.0,332530.0,5.973943427835051,3.6037374193548386,2.3702060084802126
PEI5mgmL_60°C_Abs.TXT,PEI5mgmL,60°C,Abs,1728,5215.820000000001,100.0,332530.0,5.973873969072165,3.603618193548387,2.370255775523778
PEI5mgmL_60°C_Abs.TXT,PEI5mgmL,60°C,Abs,1729,5224.02,100.0,332530.0,5.9738,3.6034912258064513,2.3703087741935485
PEI5mgmL_60°C_Abs.TXT,PEI5mgmL,60°C,Abs,1730,5226.42,100.0,332530.0,5.973775289575289,3.603454064516129,2.37032122505916
PEI5mgmL_60°C_Abs.TXT,PEI5mgmL,60°C,Abs,1731,5229.22,100.0,332530.0,5.973746460746461,3.6034107096774193,2.3703357510690415
PEI5mgmL_60°C_Abs.TXT,PEI5mgmL,60°C,Abs,1732,5231.62,100.0,332530.0,5.97372175032175,3.6033735483870966,2.3703482019346533
PEI5mgmL_60°C_Abs.TXT,PEI5mgmL,60°C,Abs,1733,5234.12,100.0,332530.0,5.97369601029601,3.6033348387096775,2.370361171586332
PEI5mgmL_60°C_Abs.TXT,PEI5mgmL,60°C,Abs,1734,5236.820000000001,100.0,332530.0,5.973668211068211,3.6032930322580645,2.3703751788101464
PEI5mgmL_60°C_Abs.TXT,PEI5mgmL,60°C,Abs,1735,5239.320000000001,100.0,332530.0,5.973642471042471,3.603254322580645,2.3703881484618257
PEI5mgmL_60°C_Abs.TXT,PEI5mgmL,60°C,Abs,1736,5242.02,100.0,332530.0,5.973614671814672,3.603212516129032,2.37040215568564
PEI5mgmL_60°C_Abs.TXT,PEI5mgmL,60°C,Abs,1737,5244.62,100.0,332530.0,5.973587902187902,3.6031722580645162,2.370415644123386
PEI5mgmL_60°C_Abs.TXT,PEI5mgmL,60°C,Abs,1738,5247.22,100.0,332530.0,5.973561132561132,3.603132,2.370429132561132
PEI5mgmL_60°C_Abs.TXT,PEI5mgmL,60°C,Abs,1739,5249.62,100.0,332530.0,5.973536422136422,3.6030948387096773,2.3704415834267447
PEI5mgmL_60°C_Abs.TXT,PEI5mgmL,60°C,Abs,1740,5252.22,100.0,332530.0,5.9735096525096525,3.603054580645161,2.3704550718644914
PEI5mgmL_60°C_Abs.TXT,PEI5mgmL,60°C,Abs,1741,5254.820000000001,100.0,332530.0,5.973482882882883,3.6030143225806452,2.3704685603022377
PEI5mgmL_60°C_Abs.TXT,PEI5mgmL,60°C,Abs,1742,5257.42,100.0,332530.0,5.9734561132561135,3.602974064516129,2.3704820487399845
PEI5mgmL_60°C_Abs.TXT,PEI5mgmL,60°C,Abs,1743,5259.92,100.0,332530.0,5.973430373230373,3.6029353548387095,2.3704950183916638
PEI5mgmL_60°C_Abs.TXT,PEI5mgmL,60°C,Abs,1744,5262.42,100.0,332530.0,5.973404633204633,3.6028966451612905,2.3705079880433426
PEI5mgmL_60°C_Abs.TXT,PEI5mgmL,60°C,Abs,1745,5264.92,100.0,332530.0,5.973378893178893,3.602857935483871,2.370520957695022
PEI5mgmL_60°C_Abs.TXT,PEI5mgmL,60°C,Abs,1746,5267.42,100.0,332530.0,5.973353153153153,3.6028192258064515,2.370533927346701
PEI5mgmL_60°C_Abs.TXT,PEI5mgmL,60°C,Abs,1747,5270.02,100.0,332530.0,5.973326383526383,3.6027789677419353,2.370547415784448
PEI5mgmL_60°C_Abs.TXT,PEI5mgmL,60°C,Abs,1748,5272.72,100.0,332530.0,5.973298584298584,3.6027371612903227,2.3705614230082617
PEI5mgmL_60°C_Abs.TXT,PEI5mgmL,60°C,Abs,1749,5275.12,100.0,332530.0,5.9732738738738735,3.6027,2.3705738738738735
PEI5mgmL_60°C_Abs.TXT,PEI5mgmL,60°C,Abs,1750,5277.72,100.0,332530.0,5.973247104247104,3.60265,2.370597104247104
PEI5mgmL_60°C_Abs.TXT,PEI5mgmL,60°C,Abs,1751,5285.62,100.0,332530.0,5.973165765765765,3.602498076923077,2.3706676888426883
PEI5mgmL_60°C_Abs.TXT,PEI5mgmL,60°C,Abs,1752,5293.42,100.0,332530.0,5.973085456885457,3.602348076923077,2.37073737996238
PEI5mgmL_60°C_Abs.TXT,PEI5mgmL,60°C,Abs,1753,5301.72,100.0,332530.0,5.973,3.6021884615384616,2.3708115384615382
PEI5mgmL_60°C_Abs.TXT,PEI5mgmL,60°C,Abs,1754,5304.22,100.0,332530.0,5.972964516129032,3.6021403846153848,2.3708241315136473
PEI5mgmL_60°C_Abs.TXT,PEI5mgmL,60°C,Abs,1755,5306.72,100.0,332530.0,5.972929032258064,3.6020923076923075,2.370836724565757
PEI5mgmL_60°C_Abs.TXT,PEI5mgmL,60°C,Abs,1756,5309.320000000001,100.0,332530.0,5.972892129032258,3.6020423076923076,2.37084982133995
PEI5mgmL_60°C_Abs.TXT,PEI5mgmL,60°C,Abs,1757,5311.72,100.0,332530.0,5.972858064516129,3.601996153846154,2.370861910669975
PEI5mgmL_60°C_Abs.TXT,PEI5mgmL,60°C,Abs,1758,5314.42,100.0,332530.0,5.972819741935484,3.601944230769231,2.370875511166253
PEI5mgmL_60°C_Abs.TXT,PEI5mgmL,60°C,Abs,1759,5316.820000000001,100.0,332530.0,5.972785677419354,3.601898076923077,2.3708876004962773
PEI5mgmL_60°C_Abs.TXT,PEI5mgmL,60°C,Abs,1760,5319.52,100.0,332530.0,5.9727473548387096,3.6018461538461537,2.370901200992556
PEI5mgmL_60°C_Abs.TXT,PEI5mgmL,60°C,Abs,1761,5322.12,100.0,332530.0,5.972710451612903,3.601796153846154,2.370914297766749
PEI5mgmL_60°C_Abs.TXT,PEI5mgmL,60°C,Abs,1762,5324.52,100.0,332530.0,5.972676387096774,3.60175,2.370926387096774
PEI5mgmL_60°C_Abs.TXT,PEI5mgmL,60°C,Abs,1763,5327.12,100.0,332530.0,5.972639483870967,3.6017,2.370939483870967
PEI5mgmL_60°C_Abs.TXT,PEI5mgmL,60°C,Abs,1764,5329.72,100.0,332530.0,5.9726025806451615,3.60165,2.3709525806451617
PEI5mgmL_60°C_Abs.TXT,PEI5mgmL,60°C,Abs,1765,5332.42,100.0,332530.0,5.972564258064516,3.601598076923077,2.370966181141439
PEI5mgmL_60°C_Abs.TXT,PEI5mgmL,60°C,Abs,1766,5335.02,100.0,332530.0,5.97252735483871,3.601548076923077,2.370979277915633
PEI5mgmL_60°C_Abs.TXT,PEI5mgmL,60°C,Abs,1767,5337.820000000001,100.0,332530.0,5.972487612903226,3.6014942307692306,2.3709933821339955
PEI5mgmL_60°C_Abs.TXT,PEI5mgmL,60°C,Abs,1768,5340.320000000001,100.0,332530.0,5.972452129032258,3.6014461538461537,2.3710059751861046
PEI5mgmL_60°C_Abs.TXT,PEI5mgmL,60°C,Abs,1769,5343.02,100.0,332530.0,5.972413806451613,3.601394230769231,2.3710195756823818
PEI5mgmL_60°C_Abs.TXT,PEI5mgmL,60°C,Abs,1770,5345.42,100.0,332530.0,5.972379741935484,3.601348076923077,2.371031665012407
PEI5mgmL_60°C_Abs.TXT,PEI5mgmL,60°C,Abs,1771,5348.02,100.0,332530.0,5.972342838709677,3.6012980769230767,2.3710447617866004
PEI5mgmL_60°C_Abs.TXT,PEI5mgmL,60°C,Abs,1772,5350.62,100.0,332530.0,5.97230593548387,3.601248076923077,2.3710578585607935
PEI5mgmL_60°C_Abs.TXT,PEI5mgmL,60°C,Abs,1773,5353.12,100.0,332530.0,5.972270451612903,3.6012,2.3710704516129026
PEI5mgmL_60°C_Abs.TXT,PEI5mgmL,60°C,Abs,1774,5355.72,100.0,332530.0,5.972233548387097,3.60114687100894,2.3710866773781567
PEI5mgmL_60°C_Abs.TXT,PEI5mgmL,60°C,Abs,1775,5363.320000000001,100.0,332530.0,5.9721256774193545,3.600991570881226,2.3711341065381286
PEI5mgmL_60°C_Abs.TXT,PEI5mgmL,60°C,Abs,1776,5371.02,100.0,332530.0,5.972016387096774,3.600834227330779,2.3711821597659952
PEI5mgmL_60°C_Abs.TXT,PEI5mgmL,60°C,Abs,1777,5379.22,100.0,332530.0,5.9719,3.6006666666666667,2.371233333333333
PEI5mgmL_60°C_Abs.TXT,PEI5mgmL,60°C,Abs,1778,5381.72,100.0,332530.0,5.971864878671775,3.6006155810983396,2.371249297573436
PEI5mgmL_60°C_Abs.TXT,PEI5mgmL,60°C,Abs,1779,5384.42,100.0,332530.0,5.971826947637292,3.600560408684547,2.3712665389527454
PEI5mgmL_60°C_Abs.TXT,PEI5mgmL,60°C,Abs,1780,5386.92,100.0,332530.0,5.971791826309067,3.6005093231162197,2.3712825031928473
PEI5mgmL_60°C_Abs.TXT,PEI5mgmL,60°C,Abs,1781,5389.320000000001,100.0,332530.0,5.971758109833972,3.600460280970626,2.3712978288633457
PEI5mgmL_60°C_Abs.TXT,PEI5mgmL,60°C,Abs,1782,5392.02,100.0,332530.0,5.9717201787994885,3.6004051085568327,2.3713150702426558
PEI5mgmL_60°C_Abs.TXT,PEI5mgmL,60°C,Abs,1783,5394.42,100.0,332530.0,5.971686462324393,3.600356066411239,2.371330395913154
PEI5mgmL_60°C_Abs.TXT,PEI5mgmL,60°C,Abs,1784,5397.22,100.0,332530.0,5.971647126436781,3.600298850574713,2.371348275862068
PEI5mgmL_60°C_Abs.TXT,PEI5mgmL,60°C,Abs,1785,5399.820000000001,100.0,332530.0,5.971610600255428,3.6002457215836525,2.371364878671775
PEI5mgmL_60°C_Abs.TXT,PEI5mgmL,60°C,Abs,1786,5402.22,100.0,332530.0,5.971576883780331,3.6001966794380587,2.3713802043422727
PEI5mgmL_60°C_Abs.TXT,PEI5mgmL,60°C,Abs,1787,5404.92,100.0,332530.0,5.971538952745849,3.6001415070242655,2.3713974457215836
PEI5mgmL_60°C_Abs.TXT,PEI5mgmL,60°C,Abs,1788,5407.42,100.0,332530.0,5.971503831417624,3.600090421455939,2.371413409961685
PEI5mgmL_60°C_Abs.TXT,PEI5mgmL,60°C,Abs,1789,5410.12,100.0,332530.0,5.971465900383142,3.6000352490421457,2.371430651340996
PEI5mgmL_60°C_Abs.TXT,PEI5mgmL,60°C,Abs,1790,5412.72,100.0,332530.0,5.971429374201787,3.5999821200510858,2.3714472541507017
PEI5mgmL_60°C_Abs.TXT,PEI5mgmL,60°C,Abs,1791,5415.62,100.0,332530.0,5.971388633461047,3.5999228607918266,2.3714657726692208
PEI5mgmL_60°C_Abs.TXT,PEI5mgmL,60°C,Abs,1792,5418.02,100.0,332530.0,5.971354916985951,3.5998738186462327,2.3714810983397183
PEI5mgmL_60°C_Abs.TXT,PEI5mgmL,60°C,Abs,1793,5420.72,100.0,332530.0,5.971316985951469,3.5998186462324395,2.3714983397190292
PEI5mgmL_60°C_Abs.TXT,PEI5mgmL,60°C,Abs,1794,5423.320000000001,100.0,332530.0,5.971280459770115,3.5997655172413796,2.371514942528735
PEI5mgmL_60°C_Abs.TXT,PEI5mgmL,60°C,Abs,1795,5426.12,100.0,332530.0,5.9712411238825025,3.599708301404853,2.3715328224776493
PEI5mgmL_60°C_Abs.TXT,PEI5mgmL,60°C,Abs,1796,5428.72,100.0,332530.0,5.971204597701149,3.5996551724137933,2.371549425287356
PEI5mgmL_60°C_Abs.TXT,PEI5mgmL,60°C,Abs,1797,5431.42,100.0,332530.0,5.971166666666666,3.5996,2.371566666666666
PEI5mgmL_60°C_Abs.TXT,PEI5mgmL,60°C,Abs,1798,5434.02,100.0,332530.0,5.971130140485313,3.599556666666667,2.371573473818646
PEI5mgmL_60°C_Abs.TXT,PEI5mgmL,60°C,Abs,1799,5441.92,100.0,332530.0,5.971019157088122,3.599425,2.371594157088122
PEI5mgmL_60°C_Abs.TXT,PEI5mgmL,60°C,Abs,1800,5449.62,100.0,332530.0,5.97091098339719,3.5992966666666666,2.3716143167305237
PEI5mgmL_60°C_Abs.TXT,PEI5mgmL,60°C,Abs,1801,5457.52,100.0,332530.0,5.9708,3.599165,2.3716349999999995
PEI5mgmL_60°C_Abs.TXT,PEI5mgmL,60°C,Abs,1802,5460.12,100.0,332530.0,5.9707700767263425,3.5991216666666666,2.371648410059676
PEI5mgmL_60°C_Abs.TXT,PEI5mgmL,60°C,Abs,1803,5462.72,100.0,332530.0,5.970740153452685,3.5990783333333334,2.371661820119352
PEI5mgmL_60°C_Abs.TXT,PEI5mgmL,60°C,Abs,1804,5465.42,100.0,332530.0,5.970709079283887,3.5990333333333333,2.371675745950554
PEI5mgmL_60°C_Abs.TXT,PEI5mgmL,60°C,Abs,1805,5467.820000000001,100.0,332530.0,5.970681457800511,3.5989933333333335,2.3716881244671777
PEI5mgmL_60°C_Abs.TXT,PEI5mgmL,60°C,Abs,1806,5470.72,100.0,332530.0,5.970648081841432,3.598945,2.371703081841432
PEI5mgmL_60°C_Abs.TXT,PEI5mgmL,60°C,Abs,1807,5473.22,100.0,332530.0,5.970619309462915,3.5989033333333333,2.3717159761295816
PEI5mgmL_60°C_Abs.TXT,PEI5mgmL,60°C,Abs,1808,5475.92,100.0,332530.0,5.970588235294118,3.5988583333333333,2.3717299019607845
PEI5mgmL_60°C_Abs.TXT,PEI5mgmL,60°C,Abs,1809,5478.52,100.0,332530.0,5.97055831202046,3.598815,2.3717433120204596
PEI5mgmL_60°C_Abs.TXT,PEI5mgmL,60°C,Abs,1810,5481.02,100.0,332530.0,5.9705295396419436,3.5987733333333334,2.37175620630861
PEI5mgmL_60°C_Abs.TXT,PEI5mgmL,60°C,Abs,1811,5483.62,100.0,332530.0,5.970499616368286,3.59873,2.371769616368286
PEI5mgmL_60°C_Abs.TXT,PEI5mgmL,60°C,Abs,1812,5486.12,100.0,332530.0,5.970470843989769,3.5986883333333335,2.371782510656436
PEI5mgmL_60°C_Abs.TXT,PEI5mgmL,60°C,Abs,1813,5488.92,100.0,332530.0,5.970438618925831,3.598641666666667,2.371796952259164
PEI5mgmL_60°C_Abs.TXT,PEI5mgmL,60°C,Abs,1814,5491.42,100.0,332530.0,5.970409846547314,3.5986000000000002,2.371809846547314
PEI5mgmL_60°C_Abs.TXT,PEI5mgmL,60°C,Abs,1815,5494.12,100.0,332530.0,5.970378772378517,3.598555,2.3718237723785167
PEI5mgmL_60°C_Abs.TXT,PEI5mgmL,60°C,Abs,1816,5496.62,100.0,332530.0,5.97035,3.5985133333333335,2.3718366666666664
PEI5mgmL_60°C_Abs.TXT,PEI5mgmL,60°C,Abs,1817,5499.02,100.0,332530.0,5.970322378516624,3.598473333333333,2.3718490451832905
PEI5mgmL_60°C_Abs.TXT,PEI5mgmL,60°C,Abs,1818,5501.62,100.0,332530.0,5.970292455242967,3.59843,2.3718624552429666
PEI5mgmL_60°C_Abs.TXT,PEI5mgmL,60°C,Abs,1819,5504.320000000001,100.0,332530.0,5.9702613810741685,3.598385,2.3718763810741685
PEI5mgmL_60°C_Abs.TXT,PEI5mgmL,60°C,Abs,1820,5507.02,100.0,332530.0,5.97023030690537,3.59834,2.3718903069053705
PEI5mgmL_60°C_Abs.TXT,PEI5mgmL,60°C,Abs,1821,5509.42,100.0,332530.0,5.970202685421995,3.5983,2.371902685421995
PEI5mgmL_60°C_Abs.TXT,PEI5mgmL,60°C,Abs,1822,5512.22,100.0,332530.0,5.970170460358056,3.5982533333333335,2.3719171270247226
PEI5mgmL_60°C_Abs.TXT,PEI5mgmL,60°C,Abs,1823,5519.820000000001,100.0,332530.0,5.970082992327366,3.598126666666667,2.371956325660699
PEI5mgmL_60°C_Abs.TXT,PEI5mgmL,60°C,Abs,1824,5527.52,100.0,332530.0,5.969994373401534,3.5979983333333334,2.371996040068201
PEI5mgmL_60°C_Abs.TXT,PEI5mgmL,60°C,Abs,1825,5535.72,100.0,332530.0,5.9699,3.5978616666666667,2.3720383333333332
PEI5mgmL_60°C_Abs.TXT,PEI5mgmL,60°C,Abs,1826,5538.22,100.0,332530.0,5.96987432605905,3.59782,2.37205432605905
PEI5mgmL_60°C_Abs.TXT,PEI5mgmL,60°C,Abs,1827,5540.92,100.0,332530.0,5.969846598202824,3.597775,2.3720715982028238
PEI5mgmL_60°C_Abs.TXT,PEI5mgmL,60°C,Abs,1828,5543.42,100.0,332530.0,5.9698209242618745,3.5977333333333332,2.3720875909285413
PEI5mgmL_60°C_Abs.TXT,PEI5mgmL,60°C,Abs,1829,5545.820000000001,100.0,332530.0,5.969796277278562,3.5976933333333334,2.372102943945229
PEI5mgmL_60°C_Abs.TXT,PEI5mgmL,60°C,Abs,1830,5548.52,100.0,332530.0,5.969768549422336,3.5976483333333333,2.372120216089003
PEI5mgmL_60°C_Abs.TXT,PEI5mgmL,60°C,Abs,1831,5551.02,100.0,332530.0,5.969742875481386,3.5976066666666666,2.3721362088147195
PEI5mgmL_60°C_Abs.TXT,PEI5mgmL,60°C,Abs,1832,5553.72,100.0,332530.0,5.969715147625161,3.5975616666666665,2.3721534809584943
PEI5mgmL_60°C_Abs.TXT,PEI5mgmL,60°C,Abs,1833,5556.320000000001,100.0,332530.0,5.969688446726573,3.5975183333333334,2.3721701133932394
PEI5mgmL_60°C_Abs.TXT,PEI5mgmL,60°C,Abs,1834,5558.820000000001,100.0,332530.0,5.969662772785623,3.5974766666666667,2.372186106118956
PEI5mgmL_60°C_Abs.TXT,PEI5mgmL,60°C,Abs,1835,5561.42,100.0,332530.0,5.9696360718870345,3.5974333333333335,2.372202738553701
PEI5mgmL_60°C_Abs.TXT,PEI5mgmL,60°C,Abs,1836,5564.02,100.0,332530.0,5.969609370988446,3.59739,2.3722193709884465
PEI5mgmL_60°C_Abs.TXT,PEI5mgmL,60°C,Abs,1837,5566.62,100.0,332530.0,5.969582670089859,3.5973466666666667,2.3722360034231924
PEI5mgmL_60°C_Abs.TXT,PEI5mgmL,60°C,Abs,1838,5569.320000000001,100.0,332530.0,5.969554942233633,3.5973016666666666,2.3722532755669663
PEI5mgmL_60°C_Abs.TXT,PEI5mgmL,60°C,Abs,1839,5572.12,100.0,332530.0,5.969526187419769,3.597255,2.3722711874197686
PEI5mgmL_60°C_Abs.TXT,PEI5mgmL,60°C,Abs,1840,5574.62,100.0,332530.0,5.969500513478819,3.5972133333333334,2.3722871801454852
PEI5mgmL_60°C_Abs.TXT,PEI5mgmL,60°C,Abs,1841,5577.42,100.0,332530.0,5.969471758664955,3.597166666666667,2.3723050919982884
PEI5mgmL_60°C_Abs.TXT,PEI5mgmL,60°C,Abs,1842,5579.92,100.0,332530.0,5.969446084724005,3.597125,2.372321084724005
PEI5mgmL_60°C_Abs.TXT,PEI5mgmL,60°C,Abs,1843,5582.42,100.0,332530.0,5.969420410783055,3.5970833333333334,2.3723370774497217
PEI5mgmL_60°C_Abs.TXT,PEI5mgmL,60°C,Abs,1844,5585.02,100.0,332530.0,5.969393709884467,3.59704,2.372353709884467
PEI5mgmL_60°C_Abs.TXT,PEI5mgmL,60°C,Abs,1845,5587.42,100.0,332530.0,5.969369062901156,3.597,2.372369062901156
PEI5mgmL_60°C_Abs.TXT,PEI5mgmL,60°C,Abs,1846,5590.12,100.0,332530.0,5.96934133504493,3.596941229193342,2.372400105851588
PEI5mgmL_60°C_Abs.TXT,PEI5mgmL,60°C,Abs,1847,5597.820000000001,100.0,332530.0,5.969262259306803,3.596773623559539,2.3724886357472643
PEI5mgmL_60°C_Abs.TXT,PEI5mgmL,60°C,Abs,1848,5605.62,100.0,332530.0,5.96918215661104,3.5966038412291934,2.3725783153818463
PEI5mgmL_60°C_Abs.TXT,PEI5mgmL,60°C,Abs,1849,5613.62,100.0,332530.0,5.9691,3.596429705505762,2.372670294494238
PEI5mgmL_60°C_Abs.TXT,PEI5mgmL,60°C,Abs,1850,5616.22,100.0,332530.0,5.969056443298969,3.5963731113956467,2.3726833319033225
PEI5mgmL_60°C_Abs.TXT,PEI5mgmL,60°C,Abs,1851,5618.92,100.0,332530.0,5.969011211340206,3.5963143405889886,2.3726968707512173
PEI5mgmL_60°C_Abs.TXT,PEI5mgmL,60°C,Abs,1852,5621.42,100.0,332530.0,5.9689693298969075,3.596259923175416,2.3727094067214916
PEI5mgmL_60°C_Abs.TXT,PEI5mgmL,60°C,Abs,1853,5624.22,100.0,332530.0,5.9689224226804125,3.5961989756722152,2.3727234470081973
PEI5mgmL_60°C_Abs.TXT,PEI5mgmL,60°C,Abs,1854,5626.820000000001,100.0,332530.0,5.968878865979382,3.5961423815620996,2.372736484417282
PEI5mgmL_60°C_Abs.TXT,PEI5mgmL,60°C,Abs,1855,5629.52,100.0,332530.0,5.968833634020618,3.5960836107554415,2.372750023265177
PEI5mgmL_60°C_Abs.TXT,PEI5mgmL,60°C,Abs,1856,5632.12,100.0,332530.0,5.968790077319587,3.5960270166453263,2.372763060674261
PEI5mgmL_60°C_Abs.TXT,PEI5mgmL,60°C,Abs,1857,5634.72,100.0,332530.0,5.968746520618557,3.595970422535211,2.3727760980833454
PEI5mgmL_60°C_Abs.TXT,PEI5mgmL,60°C,Abs,1858,5637.22,100.0,332530.0,5.968704639175258,3.595916005121639,2.3727886340536193
PEI5mgmL_60°C_Abs.TXT,PEI5mgmL,60°C,Abs,1859,5639.62,100.0,332530.0,5.968664432989691,3.5958637644046094,2.3728006685850813
PEI5mgmL_60°C_Abs.TXT,PEI5mgmL,60°C,Abs,1860,5642.42,100.0,332530.0,5.968617525773196,3.5958028169014082,2.3728147088717875
PEI5mgmL_60°C_Abs.TXT,PEI5mgmL,60°C,Abs,1861,5644.820000000001,100.0,332530.0,5.968577319587629,3.595750576184379,2.37282674340325
PEI5mgmL_60°C_Abs.TXT,PEI5mgmL,60°C,Abs,1862,5647.52,100.0,332530.0,5.968532087628867,3.595691805377721,2.3728402822511456
PEI5mgmL_60°C_Abs.TXT,PEI5mgmL,60°C,Abs,1863,5650.12,100.0,332530.0,5.968488530927836,3.5956352112676058,2.37285331966023
PEI5mgmL_60°C_Abs.TXT,PEI5mgmL,60°C,Abs,1864,5652.72,100.0,332530.0,5.968444974226804,3.59557861715749,2.372866357069314
PEI5mgmL_60°C_Abs.TXT,PEI5mgmL,60°C,Abs,1865,5655.22,100.0,332530.0,5.968403092783506,3.595524199743918,2.3728788930395877
PEI5mgmL_60°C_Abs.TXT,PEI5mgmL,60°C,Abs,1866,5657.62,100.0,332530.0,5.968362886597938,3.5954719590268884,2.3728909275710497
PEI5mgmL_60°C_Abs.TXT,PEI5mgmL,60°C,Abs,1867,5660.320000000001,100.0,332530.0,5.968317654639176,3.5954131882202303,2.3729044664189454
PEI5mgmL_60°C_Abs.TXT,PEI5mgmL,60°C,Abs,1868,5662.820000000001,100.0,332530.0,5.968275773195876,3.595358770806658,2.3729170023892183
PEI5mgmL_60°C_Abs.TXT,PEI5mgmL,60°C,Abs,1869,5665.52,100.0,332530.0,5.968230541237114,3.5953,2.372930541237114
PEI5mgmL_60°C_Abs.TXT,PEI5mgmL,60°C,Abs,1870,5668.12,100.0,332530.0,5.968186984536083,3.595286649550706,2.3729003349853772
PEI5mgmL_60°C_Abs.TXT,PEI5mgmL,60°C,Abs,1871,5675.62,100.0,332530.0,5.9680613402061855,3.595248138639281,2.3728132015669043
PEI5mgmL_60°C_Abs.TXT,PEI5mgmL,60°C,Abs,1872,5683.320000000001,100.0,332530.0,5.9679323453608255,3.595208600770218,2.3727237445906075
PEI5mgmL_60°C_Abs.TXT,PEI5mgmL,60°C,Abs,1873,5691.22,100.0,332530.0,5.9678,3.595168035943517,2.3726319640564832
PEI5mgmL_60°C_Abs.TXT,PEI5mgmL,60°C,Abs,1874,5693.72,100.0,332530.0,5.96777770700637,3.595155198973042,2.3726225080333276
PEI5mgmL_60°C_Abs.TXT,PEI5mgmL,60°C,Abs,1875,5696.42,100.0,332530.0,5.967753630573249,3.5951413350449295,2.3726122955283193
PEI5mgmL_60°C_Abs.TXT,PEI5mgmL,60°C,Abs,1876,5698.92,100.0,332530.0,5.967731337579618,3.5951284980744544,2.3726028395051637
PEI5mgmL_60°C_Abs.TXT,PEI5mgmL,60°C,Abs,1877,5701.72,100.0,332530.0,5.967706369426752,3.5951141206675223,2.3725922487592297
PEI5mgmL_60°C_Abs.TXT,PEI5mgmL,60°C,Abs,1878,5704.42,100.0,332530.0,5.967682292993631,3.5951002567394093,2.372582036254222
PEI5mgmL_60°C_Abs.TXT,PEI5mgmL,60°C,Abs,1879,5707.12,100.0,332530.0,5.96765821656051,3.5950863928112966,2.3725718237492135
PEI5mgmL_60°C_Abs.TXT,PEI5mgmL,60°C,Abs,1880,5709.820000000001,100.0,332530.0,5.967634140127389,3.5950725288831835,2.3725616112442056
PEI5mgmL_60°C_Abs.TXT,PEI5mgmL,60°C,Abs,1881,5712.52,100.0,332530.0,5.967610063694268,3.5950586649550704,2.3725513987391977
PEI5mgmL_60°C_Abs.TXT,PEI5mgmL,60°C,Abs,1882,5715.02,100.0,332530.0,5.9675877707006375,3.595045827984596,2.3725419427160417
PEI5mgmL_60°C_Abs.TXT,PEI5mgmL,60°C,Abs,1883,5717.42,100.0,332530.0,5.967566369426752,3.59503350449294,2.372532864933812
PEI5mgmL_60°C_Abs.TXT,PEI5mgmL,60°C,Abs,1884,5720.22,100.0,332530.0,5.967541401273886,3.5950191270860077,2.372522274187878
PEI5mgmL_60°C_Abs.TXT,PEI5mgmL,60°C,Abs,1885,5722.92,100.0,332530.0,5.967517324840765,3.5950052631578946,2.3725120616828703
PEI5mgmL_60°C_Abs.TXT,PEI5mgmL,60°C,Abs,1886,5725.52,100.0,332530.0,5.967494140127389,3.5949919127086005,2.3725022274187886
PEI5mgmL_60°C_Abs.TXT,PEI5mgmL,60°C,Abs,1887,5728.22,100.0,332530.0,5.967470063694268,3.594978048780488,2.3724920149137803
PEI5mgmL_60°C_Abs.TXT,PEI5mgmL,60°C,Abs,1888,5730.62,100.0,332530.0,5.967448662420383,3.594965725288832,2.372482937131551
PEI5mgmL_60°C_Abs.TXT,PEI5mgmL,60°C,Abs,1889,5733.12,100.0,332530.0,5.967426369426752,3.594952888318357,2.372473481108395
PEI5mgmL_60°C_Abs.TXT,PEI5mgmL,60°C,Abs,1890,5735.62,100.0,332530.0,5.967404076433121,3.5949400513478817,2.3724640250852396
PEI5mgmL_60°C_Abs.TXT,PEI5mgmL,60°C,Abs,1891,5738.22,100.0,332530.0,5.9673808917197455,3.594926700898588,2.3724541908211574
PEI5mgmL_60°C_Abs.TXT,PEI5mgmL,60°C,Abs,1892,5740.92,100.0,332530.0,5.9673568152866245,3.594912836970475,2.3724439783161495
PEI5mgmL_60°C_Abs.TXT,PEI5mgmL,60°C,Abs,1893,5743.42,100.0,332530.0,5.967334522292994,3.5949,2.372434522292994
PEI5mgmL_60°C_Abs.TXT,PEI5mgmL,60°C,Abs,1894,5746.22,100.0,332530.0,5.967309554140128,3.5948353846153847,2.372474169524743
PEI5mgmL_60°C_Abs.TXT,PEI5mgmL,60°C,Abs,1895,5753.820000000001,100.0,332530.0,5.967241783439491,3.59466,2.3725817834394904
PEI5mgmL_60°C_Abs.TXT,PEI5mgmL,60°C,Abs,1896,5761.52,100.0,332530.0,5.967173121019108,3.594482307692308,2.3726908133268005
PEI5mgmL_60°C_Abs.TXT,PEI5mgmL,60°C,Abs,1897,5769.72,100.0,332530.0,5.9671,3.5942930769230768,2.3728069230769235
PEI5mgmL_60°C_Abs.TXT,PEI5mgmL,60°C,Abs,1898,5772.22,100.0,332530.0,5.967068233799238,3.5942353846153847,2.3728328491838533
PEI5mgmL_60°C_Abs.TXT,PEI5mgmL,60°C,Abs,1899,5774.72,100.0,332530.0,5.967036467598476,3.5941776923076922,2.3728587752907835
PEI5mgmL_60°C_Abs.TXT,PEI5mgmL,60°C,Abs,1900,5777.22,100.0,332530.0,5.967004701397713,3.59412,2.3728847013977132
PEI5mgmL_60°C_Abs.TXT,PEI5mgmL,60°C,Abs,1901,5779.72,100.0,332530.0,5.96697293519695,3.5940623076923077,2.3729106275046425
PEI5mgmL_60°C_Abs.TXT,PEI5mgmL,60°C,Abs,1902,5782.42,100.0,332530.0,5.966938627700127,3.5940000000000003,2.372938627700127
PEI5mgmL_60°C_Abs.TXT,PEI5mgmL,60°C,Abs,1903,5784.92,100.0,332530.0,5.966906861499365,3.593942307692308,2.372964553807057
PEI5mgmL_60°C_Abs.TXT,PEI5mgmL,60°C,Abs,1904,5787.820000000001,100.0,332530.0,5.96687001270648,3.5938753846153846,2.372994628091096
PEI5mgmL_60°C_Abs.TXT,PEI5mgmL,60°C,Abs,1905,5790.320000000001,100.0,332530.0,5.966838246505718,3.5938176923076925,2.3730205541980256
PEI5mgmL_60°C_Abs.TXT,PEI5mgmL,60°C,Abs,1906,5793.02,100.0,332530.0,5.966803939008895,3.5937553846153847,2.3730485543935105
PEI5mgmL_60°C_Abs.TXT,PEI5mgmL,60°C,Abs,1907,5795.42,100.0,332530.0,5.966773443456163,3.5937,2.373073443456163
PEI5mgmL_60°C_Abs.TXT,PEI5mgmL,60°C,Abs,1908,5798.12,100.0,332530.0,5.966739135959339,3.5936376923076923,2.373101443651647
PEI5mgmL_60°C_Abs.TXT,PEI5mgmL,60°C,Abs,1909,5800.62,100.0,332530.0,5.966707369758577,3.59358,2.373127369758577
PEI5mgmL_60°C_Abs.TXT,PEI5mgmL,60°C,Abs,1910,5803.320000000001,100.0,332530.0,5.966673062261753,3.5935176923076924,2.373155369954061
PEI5mgmL_60°C_Abs.TXT,PEI5mgmL,60°C,Abs,1911,5806.02,100.0,332530.0,5.96663875476493,3.593455384615385,2.3731833701495453
PEI5mgmL_60°C_Abs.TXT,PEI5mgmL,60°C,Abs,1912,5808.52,100.0,332530.0,5.966606988564168,3.5933976923076925,2.3732092962564755
PEI5mgmL_60°C_Abs.TXT,PEI5mgmL,60°C,Abs,1913,5811.22,100.0,332530.0,5.966572681067344,3.5933353846153846,2.3732372964519595
PEI5mgmL_60°C_Abs.TXT,PEI5mgmL,60°C,Abs,1914,5813.72,100.0,332530.0,5.966540914866582,3.5932776923076926,2.373263222558889
PEI5mgmL_60°C_Abs.TXT,PEI5mgmL,60°C,Abs,1915,5816.42,100.0,332530.0,5.966506607369759,3.5932153846153847,2.373291222754374
PEI5mgmL_60°C_Abs.TXT,PEI5mgmL,60°C,Abs,1916,5819.02,100.0,332530.0,5.966473570520966,3.5931553846153848,2.3733181859055814
PEI5mgmL_60°C_Abs.TXT,PEI5mgmL,60°C,Abs,1917,5821.42,100.0,332530.0,5.966443074968234,3.5931,2.373343074968234
PEI5mgmL_60°C_Abs.TXT,PEI5mgmL,60°C,Abs,1918,5824.02,100.0,332530.0,5.966410038119441,3.5930572692793934,2.3733527688400473
PEI5mgmL_60°C_Abs.TXT,PEI5mgmL,60°C,Abs,1919,5831.820000000001,100.0,332530.0,5.966310927573062,3.592929077117573,2.373381850455489
PEI5mgmL_60°C_Abs.TXT,PEI5mgmL,60°C,Abs,1920,5840.02,100.0,332530.0,5.966206734434562,3.592794310998736,2.3734124234358256
PEI5mgmL_60°C_Abs.TXT,PEI5mgmL,60°C,Abs,1921,5848.42,100.0,332530.0,5.9661,3.5926562579013908,2.373443742098609
PEI5mgmL_60°C_Abs.TXT,PEI5mgmL,60°C,Abs,1922,5850.820000000001,100.0,332530.0,5.966072307692308,3.592616814159292,2.3734554935330157
PEI5mgmL_60°C_Abs.TXT,PEI5mgmL,60°C,Abs,1923,5853.820000000001,100.0,332530.0,5.966037692307692,3.5925675094816687,2.3734701828260234
PEI5mgmL_60°C_Abs.TXT,PEI5mgmL,60°C,Abs,1924,5856.22,100.0,332530.0,5.96601,3.5925280657395704,2.3734819342604294
PEI5mgmL_60°C_Abs.TXT,PEI5mgmL,60°C,Abs,1925,5858.62,100.0,332530.0,5.9659823076923075,3.5924886219974717,2.373493685694836
PEI5mgmL_60°C_Abs.TXT,PEI5mgmL,60°C,Abs,1926,5861.22,100.0,332530.0,5.965952307692308,3.592445891276865,2.373506416415443
PEI5mgmL_60°C_Abs.TXT,PEI5mgmL,60°C,Abs,1927,5863.62,100.0,332530.0,5.9659246153846155,3.592406447534766,2.3735181678498494
PEI5mgmL_60°C_Abs.TXT,PEI5mgmL,60°C,Abs,1928,5866.42,100.0,332530.0,5.965892307692307,3.5923604298356513,2.373531877856656
PEI5mgmL_60°C_Abs.TXT,PEI5mgmL,60°C,Abs,1929,5869.02,100.0,332530.0,5.965862307692308,3.5923176991150445,2.373544608577263
PEI5mgmL_60°C_Abs.TXT,PEI5mgmL,60°C,Abs,1930,5871.72,100.0,332530.0,5.965831153846154,3.5922733249051833,2.373557828940971
PEI5mgmL_60°C_Abs.TXT,PEI5mgmL,60°C,Abs,1931,5874.12,100.0,332530.0,5.965803461538462,3.592233881163085,2.373569580375377
PEI5mgmL_60°C_Abs.TXT,PEI5mgmL,60°C,Abs,1932,5876.72,100.0,332530.0,5.965773461538461,3.592191150442478,2.373582311095983
PEI5mgmL_60°C_Abs.TXT,PEI5mgmL,60°C,Abs,1933,5879.320000000001,100.0,332530.0,5.9657434615384615,3.5921484197218714,2.37359504181659
PEI5mgmL_60°C_Abs.TXT,PEI5mgmL,60°C,Abs,1934,5881.92,100.0,332530.0,5.965713461538462,3.592105689001264,2.3736077725371976
PEI5mgmL_60°C_Abs.TXT,PEI5mgmL,60°C,Abs,1935,5884.62,100.0,332530.0,5.965682307692308,3.5920613147914033,2.373620992900905
PEI5mgmL_60°C_Abs.TXT,PEI5mgmL,60°C,Abs,1936,5887.12,100.0,332530.0,5.965653461538461,3.5920202275600506,2.3736332339784108
PEI5mgmL_60°C_Abs.TXT,PEI5mgmL,60°C,Abs,1937,5889.72,100.0,332530.0,5.965623461538462,3.591977496839444,2.373645964699018
PEI5mgmL_60°C_Abs.TXT,PEI5mgmL,60°C,Abs,1938,5892.320000000001,100.0,332530.0,5.965593461538462,3.591934766118837,2.373658695419625
PEI5mgmL_60°C_Abs.TXT,PEI5mgmL,60°C,Abs,1939,5895.22,100.0,332530.0,5.96556,3.5918871049304677,2.3736728950695323
PEI5mgmL_60°C_Abs.TXT,PEI5mgmL,60°C,Abs,1940,5897.820000000001,100.0,332530.0,5.96553,3.591844374209861,2.3736856257901393
PEI5mgmL_60°C_Abs.TXT,PEI5mgmL,60°C,Abs,1941,5900.52,100.0,332530.0,5.965498846153847,3.5918,2.3736988461538466
PEI5mgmL_60°C_Abs.TXT,PEI5mgmL,60°C,Abs,1942,5903.12,100.0,332530.0,5.965468846153846,3.5917529715762275,2.3737158745776186
PEI5mgmL_60°C_Abs.TXT,PEI5mgmL,60°C,Abs,1943,5910.72,100.0,332530.0,5.965381153846154,3.591615503875969,2.3737656499701854
PEI5mgmL_60°C_Abs.TXT,PEI5mgmL,60°C,Abs,1944,5918.62,100.0,332530.0,5.96529,3.5914726098191214,2.373817390180879
PEI5mgmL_60°C_Abs.TXT,PEI5mgmL,60°C,Abs,1945,5926.42,100.0,332530.0,5.9652,3.5913315245478037,2.3738684754521966
PEI5mgmL_60°C_Abs.TXT,PEI5mgmL,60°C,Abs,1946,5929.22,100.0,332530.0,5.965156645161291,3.5912808785529715,2.3738757666083194
PEI5mgmL_60°C_Abs.TXT,PEI5mgmL,60°C,Abs,1947,5931.72,100.0,332530.0,5.965117935483871,3.5912356589147287,2.3738822765691423
PEI5mgmL_60°C_Abs.TXT,PEI5mgmL,60°C,Abs,1948,5934.52,100.0,332530.0,5.965074580645162,3.5911850129198966,2.373889567725265
PEI5mgmL_60°C_Abs.TXT,PEI5mgmL,60°C,Abs,1949,5937.02,100.0,332530.0,5.965035870967742,3.591139793281654,2.373896077686088
PEI5mgmL_60°C_Abs.TXT,PEI5mgmL,60°C,Abs,1950,5939.52,100.0,332530.0,5.964997161290323,3.591094573643411,2.3739025876469118
PEI5mgmL_60°C_Abs.TXT,PEI5mgmL,60°C,Abs,1951,5942.12,100.0,332530.0,5.964956903225807,3.591047545219638,2.373909358006169
PEI5mgmL_60°C_Abs.TXT,PEI5mgmL,60°C,Abs,1952,5944.72,100.0,332530.0,5.96491664516129,3.5910005167958654,2.373916128365425
PEI5mgmL_60°C_Abs.TXT,PEI5mgmL,60°C,Abs,1953,5947.42,100.0,332530.0,5.964874838709678,3.590951679586563,2.3739231591231147
PEI5mgmL_60°C_Abs.TXT,PEI5mgmL,60°C,Abs,1954,5949.92,100.0,332530.0,5.964836129032259,3.5909064599483203,2.3739296690839384
PEI5mgmL_60°C_Abs.TXT,PEI5mgmL,60°C,Abs,1955,5952.320000000001,100.0,332530.0,5.9647989677419355,3.5908630490956073,2.3739359186463282
PEI5mgmL_60°C_Abs.TXT,PEI5mgmL,60°C,Abs,1956,5954.820000000001,100.0,332530.0,5.9647602580645165,3.590817829457364,2.3739424286071524
PEI5mgmL_60°C_Abs.TXT,PEI5mgmL,60°C,Abs,1957,5957.320000000001,100.0,332530.0,5.9647215483870974,3.5907726098191213,2.373948938567976
PEI5mgmL_60°C_Abs.TXT,PEI5mgmL,60°C,Abs,1958,5960.02,100.0,332530.0,5.964679741935484,3.590723772609819,2.373955969325665
PEI5mgmL_60°C_Abs.TXT,PEI5mgmL,60°C,Abs,1959,5962.52,100.0,332530.0,5.964641032258065,3.590678552971576,2.373962479286489
PEI5mgmL_60°C_Abs.TXT,PEI5mgmL,60°C,Abs,1960,5965.02,100.0,332530.0,5.964602322580646,3.5906333333333333,2.3739689892473126
PEI5mgmL_60°C_Abs.TXT,PEI5mgmL,60°C,Abs,1961,5967.62,100.0,332530.0,5.964562064516129,3.5905863049095608,2.3739757596065685
PEI5mgmL_60°C_Abs.TXT,PEI5mgmL,60°C,Abs,1962,5970.02,100.0,332530.0,5.964524903225807,3.5905428940568473,2.3739820091689596
PEI5mgmL_60°C_Abs.TXT,PEI5mgmL,60°C,Abs,1963,5972.72,100.0,332530.0,5.9644830967741935,3.590494056847545,2.3739890399266486
PEI5mgmL_60°C_Abs.TXT,PEI5mgmL,60°C,Abs,1964,5975.42,100.0,332530.0,5.964441290322581,3.5904452196382426,2.3739960706843384
PEI5mgmL_60°C_Abs.TXT,PEI5mgmL,60°C,Abs,1965,5977.92,100.0,332530.0,5.964402580645162,3.5904,2.374002580645162
PEI5mgmL_60°C_Abs.TXT,PEI5mgmL,60°C,Abs,1966,5980.62,100.0,332530.0,5.9643607741935485,3.5903550576184378,2.3740057165751107
PEI5mgmL_60°C_Abs.TXT,PEI5mgmL,60°C,Abs,1967,5988.22,100.0,332530.0,5.964243096774194,3.5902285531370035,2.3740145436371902
PEI5mgmL_60°C_Abs.TXT,PEI5mgmL,60°C,Abs,1968,5995.72,100.0,332530.0,5.964126967741936,3.59010371318822,2.3740232545537157
PEI5mgmL_60°C_Abs.TXT,PEI5mgmL,60°C,Abs,1969,6003.92,100.0,332530.0,5.964,3.5899672215108835,2.374032778489117
PEI5mgmL_60°C_Abs.TXT,PEI5mgmL,60°C,Abs,1970,6006.72,100.0,332530.0,5.963960814249364,3.5899206145966707,2.3740401996526934
PEI5mgmL_60°C_Abs.TXT,PEI5mgmL,60°C,Abs,1971,6009.12,100.0,332530.0,5.963927226463105,3.58988066581306,2.374046560650045
PEI5mgmL_60°C_Abs.TXT,PEI5mgmL,60°C,Abs,1972,6011.62,100.0,332530.0,5.963892239185751,3.589839052496799,2.374053186688952
PEI5mgmL_60°C_Abs.TXT,PEI5mgmL,60°C,Abs,1973,6014.320000000001,100.0,332530.0,5.963854452926209,3.589794110115237,2.374060342810972
PEI5mgmL_60°C_Abs.TXT,PEI5mgmL,60°C,Abs,1974,6017.02,100.0,332530.0,5.963816666666667,3.589749167733675,2.3740674989329924
PEI5mgmL_60°C_Abs.TXT,PEI5mgmL,60°C,Abs,1975,6019.72,100.0,332530.0,5.9637788804071254,3.5897042253521128,2.3740746550550127
PEI5mgmL_60°C_Abs.TXT,PEI5mgmL,60°C,Abs,1976,6022.320000000001,100.0,332530.0,5.963742493638677,3.589660947503201,2.3740815461354763
PEI5mgmL_60°C_Abs.TXT,PEI5mgmL,60°C,Abs,1977,6025.02,100.0,332530.0,5.963704707379136,3.589616005121639,2.3740887022574966
PEI5mgmL_60°C_Abs.TXT,PEI5mgmL,60°C,Abs,1978,6027.52,100.0,332530.0,5.963669720101781,3.5895743918053777,2.3740953282964035
PEI5mgmL_60°C_Abs.TXT,PEI5mgmL,60°C,Abs,1979,6030.12,100.0,332530.0,5.963633333333334,3.589531113956466,2.374102219376868
PEI5mgmL_60°C_Abs.TXT,PEI5mgmL,60°C,Abs,1980,6032.72,100.0,332530.0,5.963596946564886,3.5894878361075544,2.3741091104573315
PEI5mgmL_60°C_Abs.TXT,PEI5mgmL,60°C,Abs,1981,6035.12,100.0,332530.0,5.963563358778626,3.589447887323944,2.374115471454682
PEI5mgmL_60°C_Abs.TXT,PEI5mgmL,60°C,Abs,1982,6037.72,100.0,332530.0,5.963526972010179,3.5894046094750323,2.3741223625351466
PEI5mgmL_60°C_Abs.TXT,PEI5mgmL,60°C,Abs,1983,6040.320000000001,100.0,332530.0,5.963490585241731,3.5893613316261206,2.3741292536156102
PEI5mgmL_60°C_Abs.TXT,PEI5mgmL,60°C,Abs,1984,6042.92,100.0,332530.0,5.963454198473283,3.589318053777209,2.374136144696074
PEI5mgmL_60°C_Abs.TXT,PEI5mgmL,60°C,Abs,1985,6045.42,100.0,332530.0,5.963419211195929,3.5892764404609476,2.3741427707349816
PEI5mgmL_60°C_Abs.TXT,PEI5mgmL,60°C,Abs,1986,6047.92,100.0,332530.0,5.963384223918576,3.5892348271446863,2.3741493967738894
PEI5mgmL_60°C_Abs.TXT,PEI5mgmL,60°C,Abs,1987,6050.62,100.0,332530.0,5.963346437659033,3.5891898847631243,2.3741565528959088
PEI5mgmL_60°C_Abs.TXT,PEI5mgmL,60°C,Abs,1988,6053.52,100.0,332530.0,5.963305852417303,3.5891416133162615,2.3741642391010416
PEI5mgmL_60°C_Abs.TXT,PEI5mgmL,60°C,Abs,1989,6056.02,100.0,332530.0,5.9632708651399495,3.5891,2.3741708651399493
PEI5mgmL_60°C_Abs.TXT,PEI5mgmL,60°C,Abs,1990,6058.92,100.0,332530.0,5.9632302798982195,3.5890519132653065,2.374178366632913
PEI5mgmL_60°C_Abs.TXT,PEI5mgmL,60°C,Abs,1991,6066.62,100.0,332530.0,5.96312251908397,3.5889242346938777,2.374198284390092
PEI5mgmL_60°C_Abs.TXT,PEI5mgmL,60°C,Abs,1992,6074.320000000001,100.0,332530.0,5.96301475826972,3.5887965561224493,2.374218202147271
PEI5mgmL_60°C_Abs.TXT,PEI5mgmL,60°C,Abs,1993,6082.52,100.0,332530.0,5.9629,3.588660586734694,2.374239413265306
PEI5mgmL_60°C_Abs.TXT,PEI5mgmL,60°C,Abs,1994,6085.02,100.0,332530.0,5.962871227621483,3.5886191326530614,2.374252094968422
PEI5mgmL_60°C_Abs.TXT,PEI5mgmL,60°C,Abs,1995,6087.62,100.0,332530.0,5.962841304347826,3.5885760204081634,2.3742652839396627
PEI5mgmL_60°C_Abs.TXT,PEI5mgmL,60°C,Abs,1996,6090.12,100.0,332530.0,5.96281253196931,3.5885345663265307,2.3742779656427793
PEI5mgmL_60°C_Abs.TXT,PEI5mgmL,60°C,Abs,1997,6092.92,100.0,332530.0,5.962780306905371,3.5884881377551023,2.3742921691502685
PEI5mgmL_60°C_Abs.TXT,PEI5mgmL,60°C,Abs,1998,6095.42,100.0,332530.0,5.962751534526855,3.5884466836734696,2.374304850853385
PEI5mgmL_60°C_Abs.TXT,PEI5mgmL,60°C,Abs,1999,6098.22,100.0,332530.0,5.962719309462916,3.588400255102041,2.3743190543608748
PEI5mgmL_60°C_Abs.TXT,PEI5mgmL,60°C,Abs,2000,6100.820000000001,100.0,332530.0,5.9626893861892585,3.588357142857143,2.3743322433321157
PEI5mgmL_60°C_Abs.TXT,PEI5mgmL,60°C,Abs,2001,6103.52,100.0,332530.0,5.96265831202046,3.58831237244898,2.3743459395714805
PEI5mgmL_60°C_Abs.TXT,PEI5mgmL,60°C,Abs,2002,6106.02,100.0,332530.0,5.962629539641944,3.588270918367347,2.374358621274597
PEI5mgmL_60°C_Abs.TXT,PEI5mgmL,60°C,Abs,2003,6108.42,100.0,332530.0,5.962601918158568,3.58823112244898,2.3743707957095883
PEI5mgmL_60°C_Abs.TXT,PEI5mgmL,60°C,Abs,2004,6111.12,100.0,332530.0,5.96257084398977,3.5881863520408164,2.3743844919489536
PEI5mgmL_60°C_Abs.TXT,PEI5mgmL,60°C,Abs,2005,6113.62,100.0,332530.0,5.962542071611253,3.5881448979591837,2.3743971736520693
PEI5mgmL_60°C_Abs.TXT,PEI5mgmL,60°C,Abs,2006,6116.22,100.0,332530.0,5.962512148337596,3.5881017857142856,2.37441036262331
PEI5mgmL_60°C_Abs.TXT,PEI5mgmL,60°C,Abs,2007,6118.92,100.0,332530.0,5.962481074168798,3.5880570153061226,2.374424058862675
PEI5mgmL_60°C_Abs.TXT,PEI5mgmL,60°C,Abs,2008,6121.72,100.0,332530.0,5.9624488491048595,3.588010586734694,2.3744382623701656
PEI5mgmL_60°C_Abs.TXT,PEI5mgmL,60°C,Abs,2009,6124.12,100.0,332530.0,5.962421227621483,3.5879707908163265,2.374450436805157
PEI5mgmL_60°C_Abs.TXT,PEI5mgmL,60°C,Abs,2010,6126.62,100.0,332530.0,5.962392455242966,3.587929336734694,2.3744631185082725
PEI5mgmL_60°C_Abs.TXT,PEI5mgmL,60°C,Abs,2011,6129.12,100.0,332530.0,5.96236368286445,3.587887882653061,2.374475800211389
PEI5mgmL_60°C_Abs.TXT,PEI5mgmL,60°C,Abs,2012,6131.72,100.0,332530.0,5.962333759590793,3.5878447704081635,2.3744889891826295
PEI5mgmL_60°C_Abs.TXT,PEI5mgmL,60°C,Abs,2013,6134.42,100.0,332530.0,5.962302685421995,3.5878,2.374502685421995
PEI5mgmL_60°C_Abs.TXT,PEI5mgmL,60°C,Abs,2014,6137.02,100.0,332530.0,5.962272762148338,3.587759845559846,2.374512916588492
PEI5mgmL_60°C_Abs.TXT,PEI5mgmL,60°C,Abs,2015,6144.92,100.0,332530.0,5.9621818414322245,3.5876378378378377,2.3745440035943868
PEI5mgmL_60°C_Abs.TXT,PEI5mgmL,60°C,Abs,2016,6152.62,100.0,332530.0,5.962093222506394,3.587518918918919,2.374574303587475
PEI5mgmL_60°C_Abs.TXT,PEI5mgmL,60°C,Abs,2017,6160.72,100.0,332530.0,5.962,3.5873938223938224,2.3746061776061773
PEI5mgmL_60°C_Abs.TXT,PEI5mgmL,60°C,Abs,2018,6163.22,100.0,332530.0,5.961971116816431,3.587355212355212,2.374615904461219
PEI5mgmL_60°C_Abs.TXT,PEI5mgmL,60°C,Abs,2019,6165.72,100.0,332530.0,5.961942233632862,3.5873166023166023,2.3746256313162597
PEI5mgmL_60°C_Abs.TXT,PEI5mgmL,60°C,Abs,2020,6168.42,100.0,332530.0,5.961911039794608,3.5872749034749036,2.3746361363197046
PEI5mgmL_60°C_Abs.TXT,PEI5mgmL,60°C,Abs,2021,6170.92,100.0,332530.0,5.96188215661104,3.5872362934362934,2.3746458631747465
PEI5mgmL_60°C_Abs.TXT,PEI5mgmL,60°C,Abs,2022,6173.62,100.0,332530.0,5.961850962772785,3.5871945945945947,2.3746563681781905
PEI5mgmL_60°C_Abs.TXT,PEI5mgmL,60°C,Abs,2023,6176.12,100.0,332530.0,5.961822079589217,3.5871559845559844,2.3746660950332323
PEI5mgmL_60°C_Abs.TXT,PEI5mgmL,60°C,Abs,2024,6178.92,100.0,332530.0,5.96178973042362,3.5871127413127413,2.3746769891108785
PEI5mgmL_60°C_Abs.TXT,PEI5mgmL,60°C,Abs,2025,6181.42,100.0,332530.0,5.961760847240051,3.587074131274131,2.3746867159659204
PEI5mgmL_60°C_Abs.TXT,PEI5mgmL,60°C,Abs,2026,6184.22,100.0,332530.0,5.9617284980744545,3.587030888030888,2.3746976100435666
PEI5mgmL_60°C_Abs.TXT,PEI5mgmL,60°C,Abs,2027,6186.72,100.0,332530.0,5.961699614890885,3.586992277992278,2.374707336898607
PEI5mgmL_60°C_Abs.TXT,PEI5mgmL,60°C,Abs,2028,6189.42,100.0,332530.0,5.961668421052631,3.586950579150579,2.3747178419020525
PEI5mgmL_60°C_Abs.TXT,PEI5mgmL,60°C,Abs,2029,6191.92,100.0,332530.0,5.961639537869063,3.586911969111969,2.374727568757094
PEI5mgmL_60°C_Abs.TXT,PEI5mgmL,60°C,Abs,2030,6194.42,100.0,332530.0,5.961610654685494,3.586873359073359,2.374737295612135
PEI5mgmL_60°C_Abs.TXT,PEI5mgmL,60°C,Abs,2031,6197.12,100.0,332530.0,5.96157946084724,3.58683166023166,2.3747478006155798
PEI5mgmL_60°C_Abs.TXT,PEI5mgmL,60°C,Abs,2032,6199.52,100.0,332530.0,5.961551732991014,3.5867945945945943,2.3747571383964194
PEI5mgmL_60°C_Abs.TXT,PEI5mgmL,60°C,Abs,2033,6202.02,100.0,332530.0,5.961522849807445,3.5867559845559844,2.374766865251461
PEI5mgmL_60°C_Abs.TXT,PEI5mgmL,60°C,Abs,2034,6204.42,100.0,332530.0,5.961495121951219,3.5867189189189186,2.3747762030323005
PEI5mgmL_60°C_Abs.TXT,PEI5mgmL,60°C,Abs,2035,6207.02,100.0,332530.0,5.9614650834403085,3.5866787644787643,2.374786318961544
PEI5mgmL_60°C_Abs.TXT,PEI5mgmL,60°C,Abs,2036,6209.72,100.0,332530.0,5.961433889602054,3.5866370656370656,2.374796823964988
PEI5mgmL_60°C_Abs.TXT,PEI5mgmL,60°C,Abs,2037,6212.12,100.0,332530.0,5.961406161745828,3.5866,2.374806161745828
PEI5mgmL_60°C_Abs.TXT,PEI5mgmL,60°C,Abs,2038,6215.02,100.0,332530.0,5.9613726572528885,3.58655148005148,2.3748211772014085
PEI5mgmL_60°C_Abs.TXT,PEI5mgmL,60°C,Abs,2039,6222.820000000001,100.0,332530.0,5.961282541720154,3.586420978120978,2.374861563599176
PEI5mgmL_60°C_Abs.TXT,PEI5mgmL,60°C,Abs,2040,6230.42,100.0,332530.0,5.961194736842105,3.5862938223938223,2.374900914448283
PEI5mgmL_60°C_Abs.TXT,PEI5mgmL,60°C,Abs,2041,6238.62,100.0,332530.0,5.9611,3.586156628056628,2.374943371943372
PEI5mgmL_60°C_Abs.TXT,PEI5mgmL,60°C,Abs,2042,6241.02,100.0,332530.0,5.961078266494178,3.5861164736164737,2.3749617928777047
PEI5mgmL_60°C_Abs.TXT,PEI5mgmL,60°C,Abs,2043,6243.72,100.0,332530.0,5.961053816300129,3.5860712998713,2.3749825164288296
PEI5mgmL_60°C_Abs.TXT,PEI5mgmL,60°C,Abs,2044,6246.12,100.0,332530.0,5.961032082794308,3.5860311454311455,2.375000937363162
PEI5mgmL_60°C_Abs.TXT,PEI5mgmL,60°C,Abs,2045,6248.62,100.0,332530.0,5.961009443725744,3.585989317889318,2.375020125836426
PEI5mgmL_60°C_Abs.TXT,PEI5mgmL,60°C,Abs,2046,6251.22,100.0,332530.0,5.960985899094437,3.5859458172458174,2.3750400818486197
PEI5mgmL_60°C_Abs.TXT,PEI5mgmL,60°C,Abs,2047,6253.62,100.0,332530.0,5.960964165588615,3.5859056628056627,2.3750585027829527
PEI5mgmL_60°C_Abs.TXT,PEI5mgmL,60°C,Abs,2048,6256.42,100.0,332530.0,5.960938809831824,3.585858815958816,2.3750799938730083
PEI5mgmL_60°C_Abs.TXT,PEI5mgmL,60°C,Abs,2049,6259.12,100.0,332530.0,5.9609143596377745,3.585813642213642,2.3751007174241323
PEI5mgmL_60°C_Abs.TXT,PEI5mgmL,60°C,Abs,2050,6261.72,100.0,332530.0,5.960890815006469,3.5857701415701415,2.375120673436327
PEI5mgmL_60°C_Abs.TXT,PEI5mgmL,60°C,Abs,2051,6264.22,100.0,332530.0,5.960868175937904,3.585728314028314,2.37513986190959
PEI5mgmL_60°C_Abs.TXT,PEI5mgmL,60°C,Abs,2052,6266.820000000001,100.0,332530.0,5.960844631306598,3.5856848133848134,2.3751598179217845
PEI5mgmL_60°C_Abs.TXT,PEI5mgmL,60°C,Abs,2053,6269.42,100.0,332530.0,5.960821086675291,3.5856413127413127,2.3751797739339784
PEI5mgmL_60°C_Abs.TXT,PEI5mgmL,60°C,Abs,2054,6272.02,100.0,332530.0,5.960797542043984,3.585597812097812,2.3751997299461722
PEI5mgmL_60°C_Abs.TXT,PEI5mgmL,60°C,Abs,2055,6274.52,100.0,332530.0,5.9607749029754205,3.5855559845559846,2.375218918419436
PEI5mgmL_60°C_Abs.TXT,PEI5mgmL,60°C,Abs,2056,6277.02,100.0,332530.0,5.960752263906857,3.585514157014157,2.3752381068926995
PEI5mgmL_60°C_Abs.TXT,PEI5mgmL,60°C,Abs,2057,6279.42,100.0,332530.0,5.960730530401035,3.585474002574003,2.375256527827032
PEI5mgmL_60°C_Abs.TXT,PEI5mgmL,60°C,Abs,2058,6282.12,100.0,332530.0,5.960706080206986,3.585428828828829,2.375277251378157
PEI5mgmL_60°C_Abs.TXT,PEI5mgmL,60°C,Abs,2059,6284.72,100.0,332530.0,5.960682535575679,3.5853853281853283,2.375297207390351
PEI5mgmL_60°C_Abs.TXT,PEI5mgmL,60°C,Abs,2060,6287.320000000001,100.0,332530.0,5.960658990944372,3.5853418275418276,2.3753171634025447
PEI5mgmL_60°C_Abs.TXT,PEI5mgmL,60°C,Abs,2061,6289.820000000001,100.0,332530.0,5.9606363518758085,3.5853,2.3753363518758084
PEI5mgmL_60°C_Abs.TXT,PEI5mgmL,60°C,Abs,2062,6292.42,100.0,332530.0,5.960612807244502,3.585256832694764,2.3753559745497377
PEI5mgmL_60°C_Abs.TXT,PEI5mgmL,60°C,Abs,2063,6300.320000000001,100.0,332530.0,5.960541267787839,3.5851256704980843,2.375415597289755
PEI5mgmL_60°C_Abs.TXT,PEI5mgmL,60°C,Abs,2064,6307.820000000001,100.0,332530.0,5.960473350582148,3.5850011494252874,2.3754722011568603
PEI5mgmL_60°C_Abs.TXT,PEI5mgmL,60°C,Abs,2065,6315.92,100.0,332530.0,5.9604,3.5848666666666666,2.3755333333333333
PEI5mgmL_60°C_Abs.TXT,PEI5mgmL,60°C,Abs,2066,6318.42,100.0,332530.0,5.960365145754119,3.584825159642401,2.3755399861117183
PEI5mgmL_60°C_Abs.TXT,PEI5mgmL,60°C,Abs,2067,6321.02,100.0,332530.0,5.960328897338403,3.584781992337165,2.3755469050012383
PEI5mgmL_60°C_Abs.TXT,PEI5mgmL,60°C,Abs,2068,6323.62,100.0,332530.0,5.960292648922687,3.5847388250319288,2.3755538238907583
PEI5mgmL_60°C_Abs.TXT,PEI5mgmL,60°C,Abs,2069,6326.12,100.0,332530.0,5.960257794676806,3.584697318007663,2.3755604766691425
PEI5mgmL_60°C_Abs.TXT,PEI5mgmL,60°C,Abs,2070,6328.72,100.0,332530.0,5.9602215462610895,3.5846541507024265,2.375567395558663
PEI5mgmL_60°C_Abs.TXT,PEI5mgmL,60°C,Abs,2071,6331.12,100.0,332530.0,5.9601880861850445,3.584614303959132,2.3755737822259126
PEI5mgmL_60°C_Abs.TXT,PEI5mgmL,60°C,Abs,2072,6334.02,100.0,332530.0,5.9601476552598225,3.5845661558109834,2.375581499448839
PEI5mgmL_60°C_Abs.TXT,PEI5mgmL,60°C,Abs,2073,6336.62,100.0,332530.0,5.960111406844106,3.5845229885057472,2.375588418338359
PEI5mgmL_60°C_Abs.TXT,PEI5mgmL,60°C,Abs,2074,6339.320000000001,100.0,332530.0,5.960073764258555,3.58447816091954,2.3755956033390144
PEI5mgmL_60°C_Abs.TXT,PEI5mgmL,60°C,Abs,2075,6341.820000000001,100.0,332530.0,5.960038910012674,3.5844366538952745,2.3756022561173995
PEI5mgmL_60°C_Abs.TXT,PEI5mgmL,60°C,Abs,2076,6344.42,100.0,332530.0,5.960002661596958,3.5843934865900384,2.3756091750069195
PEI5mgmL_60°C_Abs.TXT,PEI5mgmL,60°C,Abs,2077,6347.12,100.0,332530.0,5.959965019011407,3.5843486590038314,2.3756163600075757
PEI5mgmL_60°C_Abs.TXT,PEI5mgmL,60°C,Abs,2078,6349.92,100.0,332530.0,5.95992598225602,3.584302171136654,2.375623811119366
PEI5mgmL_60°C_Abs.TXT,PEI5mgmL,60°C,Abs,2079,6352.52,100.0,332530.0,5.959889733840304,3.5842590038314177,2.375630730008886
PEI5mgmL_60°C_Abs.TXT,PEI5mgmL,60°C,Abs,2080,6355.22,100.0,332530.0,5.959852091254753,3.5842141762452107,2.375637915009542
PEI5mgmL_60°C_Abs.TXT,PEI5mgmL,60°C,Abs,2081,6357.62,100.0,332530.0,5.959818631178707,3.584174329501916,2.375644301676791
PEI5mgmL_60°C_Abs.TXT,PEI5mgmL,60°C,Abs,2082,6360.12,100.0,332530.0,5.959783776932826,3.5841328224776503,2.375650954455176
PEI5mgmL_60°C_Abs.TXT,PEI5mgmL,60°C,Abs,2083,6362.820000000001,100.0,332530.0,5.959746134347275,3.5840879948914433,2.3756581394558314
PEI5mgmL_60°C_Abs.TXT,PEI5mgmL,60°C,Abs,2084,6365.42,100.0,332530.0,5.9597098859315585,3.584044827586207,2.3756650583453514
PEI5mgmL_60°C_Abs.TXT,PEI5mgmL,60°C,Abs,2085,6368.12,100.0,332530.0,5.959672243346008,3.584,2.3756722433460076
PEI5mgmL_60°C_Abs.TXT,PEI5mgmL,60°C,Abs,2086,6370.820000000001,100.0,332530.0,5.959634600760456,3.5839519083969464,2.3756826923635095
PEI5mgmL_60°C_Abs.TXT,PEI5mgmL,60°C,Abs,2087,6378.820000000001,100.0,332530.0,5.959523067173637,3.5838094147582695,2.3757136524153677
PEI5mgmL_60°C_Abs.TXT,PEI5mgmL,60°C,Abs,2088,6386.42,100.0,332530.0,5.95941711026616,3.583674045801527,2.375743064464633
PEI5mgmL_60°C_Abs.TXT,PEI5mgmL,60°C,Abs,2089,6394.820000000001,100.0,332530.0,5.9593,3.583524427480916,2.3757755725190837
PEI5mgmL_60°C_Abs.TXT,PEI5mgmL,60°C,Abs,2090,6397.320000000001,100.0,332530.0,5.959268030690537,3.5834798982188296,2.3757881324717074
PEI5mgmL_60°C_Abs.TXT,PEI5mgmL,60°C,Abs,2091,6400.12,100.0,332530.0,5.959232225063938,3.5834300254452924,2.375802199618646
PEI5mgmL_60°C_Abs.TXT,PEI5mgmL,60°C,Abs,2092,6402.52,100.0,332530.0,5.959201534526854,3.5833872773536894,2.3758142571731646
PEI5mgmL_60°C_Abs.TXT,PEI5mgmL,60°C,Abs,2093,6405.02,100.0,332530.0,5.959169565217391,3.583342748091603,2.3758268171257884
PEI5mgmL_60°C_Abs.TXT,PEI5mgmL,60°C,Abs,2094,6407.62,100.0,332530.0,5.95913631713555,3.583296437659033,2.375839879476517
PEI5mgmL_60°C_Abs.TXT,PEI5mgmL,60°C,Abs,2095,6410.12,100.0,332530.0,5.959104347826087,3.5832519083969463,2.3758524394291407
PEI5mgmL_60°C_Abs.TXT,PEI5mgmL,60°C,Abs,2096,6412.92,100.0,332530.0,5.959068542199488,3.5832020356234096,2.3758665065760787
PEI5mgmL_60°C_Abs.TXT,PEI5mgmL,60°C,Abs,2097,6415.42,100.0,332530.0,5.959036572890025,3.583157506361323,2.3758790665287024
PEI5mgmL_60°C_Abs.TXT,PEI5mgmL,60°C,Abs,2098,6418.22,100.0,332530.0,5.9590007672634275,3.5831076335877863,2.3758931336756413
PEI5mgmL_60°C_Abs.TXT,PEI5mgmL,60°C,Abs,2099,6420.62,100.0,332530.0,5.9589700767263425,3.5830648854961833,2.375905191230159
PEI5mgmL_60°C_Abs.TXT,PEI5mgmL,60°C,Abs,2100,6423.42,100.0,332530.0,5.958934271099745,3.583015012722646,2.3759192583770985
PEI5mgmL_60°C_Abs.TXT,PEI5mgmL,60°C,Abs,2101,6425.92,100.0,332530.0,5.958902301790282,3.5829704834605596,2.3759318183297222
PEI5mgmL_60°C_Abs.TXT,PEI5mgmL,60°C,Abs,2102,6428.42,100.0,332530.0,5.958870332480818,3.582925954198473,2.375944378282345
PEI5mgmL_60°C_Abs.TXT,PEI5mgmL,60°C,Abs,2103,6431.12,100.0,332530.0,5.958835805626599,3.58287786259542,2.375957943031179
PEI5mgmL_60°C_Abs.TXT,PEI5mgmL,60°C,Abs,2104,6433.62,100.0,332530.0,5.958803836317136,3.5828333333333333,2.3759705029838027
PEI5mgmL_60°C_Abs.TXT,PEI5mgmL,60°C,Abs,2105,6436.22,100.0,332530.0,5.958770588235295,3.5827870229007632,2.3759835653345314
PEI5mgmL_60°C_Abs.TXT,PEI5mgmL,60°C,Abs,2106,6438.62,100.0,332530.0,5.9587398976982096,3.5827442748091602,2.3759956228890493
PEI5mgmL_60°C_Abs.TXT,PEI5mgmL,60°C,Abs,2107,6441.42,100.0,332530.0,5.958704092071612,3.582694402035623,2.3760096900359886
PEI5mgmL_60°C_Abs.TXT,PEI5mgmL,60°C,Abs,2108,6444.02,100.0,332530.0,5.95867084398977,3.5826480916030534,2.376022752386717
PEI5mgmL_60°C_Abs.TXT,PEI5mgmL,60°C,Abs,2109,6446.72,100.0,332530.0,5.95863631713555,3.5826,2.3760363171355503
PEI5mgmL_60°C_Abs.TXT,PEI5mgmL,60°C,Abs,2110,6449.320000000001,100.0,332530.0,5.958603069053709,3.58256010230179,2.3760429667519185
PEI5mgmL_60°C_Abs.TXT,PEI5mgmL,60°C,Abs,2111,6456.92,100.0,332530.0,5.9585058823529415,3.582443478260869,2.3760624040920724
PEI5mgmL_60°C_Abs.TXT,PEI5mgmL,60°C,Abs,2112,6464.92,100.0,332530.0,5.95840358056266,3.5823207161125317,2.376082864450128
PEI5mgmL_60°C_Abs.TXT,PEI5mgmL,60°C,Abs,2113,6473.02,100.0,332530.0,5.9583,3.58219641943734,2.3761035805626602
PEI5mgmL_60°C_Abs.TXT,PEI5mgmL,60°C,Abs,2114,6475.62,100.0,332530.0,5.958266666666667,3.5821565217391305,2.3761101449275364
PEI5mgmL_60°C_Abs.TXT,PEI5mgmL,60°C,Abs,2115,6478.02,100.0,332530.0,5.958235897435898,3.582119693094629,2.3761162043412694
PEI5mgmL_60°C_Abs.TXT,PEI5mgmL,60°C,Abs,2116,6480.52,100.0,332530.0,5.958203846153847,3.5820813299232737,2.376122516230573
PEI5mgmL_60°C_Abs.TXT,PEI5mgmL,60°C,Abs,2117,6483.12,100.0,332530.0,5.958170512820513,3.582041432225064,2.376129080595449
PEI5mgmL_60°C_Abs.TXT,PEI5mgmL,60°C,Abs,2118,6485.62,100.0,332530.0,5.958138461538462,3.5820030690537084,2.3761353924847533
PEI5mgmL_60°C_Abs.TXT,PEI5mgmL,60°C,Abs,2119,6488.42,100.0,332530.0,5.958102564102564,3.58196010230179,2.376142461800774
PEI5mgmL_60°C_Abs.TXT,PEI5mgmL,60°C,Abs,2120,6491.12,100.0,332530.0,5.958067948717949,3.581918670076726,2.3761492786412233
PEI5mgmL_60°C_Abs.TXT,PEI5mgmL,60°C,Abs,2121,6493.92,100.0,332530.0,5.958032051282052,3.581875703324808,2.376156347957244
PEI5mgmL_60°C_Abs.TXT,PEI5mgmL,60°C,Abs,2122,6496.320000000001,100.0,332530.0,5.958001282051282,3.5818388746803067,2.3761624073709755
PEI5mgmL_60°C_Abs.TXT,PEI5mgmL,60°C,Abs,2123,6499.02,100.0,332530.0,5.957966666666667,3.581797442455243,2.3761692242114236
PEI5mgmL_60°C_Abs.TXT,PEI5mgmL,60°C,Abs,2124,6501.62,100.0,332530.0,5.957933333333334,3.5817575447570333,2.3761757885763006
PEI5mgmL_60°C_Abs.TXT,PEI5mgmL,60°C,Abs,2125,6504.22,100.0,332530.0,5.9579,3.5817176470588232,2.376182352941177
PEI5mgmL_60°C_Abs.TXT,PEI5mgmL,60°C,Abs,2126,6506.820000000001,100.0,332530.0,5.957866666666667,3.5816777493606136,2.3761889173060533
PEI5mgmL_60°C_Abs.TXT,PEI5mgmL,60°C,Abs,2127,6509.42,100.0,332530.0,5.957833333333333,3.581637851662404,2.3761954816709294
PEI5mgmL_60°C_Abs.TXT,PEI5mgmL,60°C,Abs,2128,6512.02,100.0,332530.0,5.957800000000001,3.5815979539641942,2.3762020460358064
PEI5mgmL_60°C_Abs.TXT,PEI5mgmL,60°C,Abs,2129,6514.42,100.0,332530.0,5.957769230769231,3.581561125319693,2.376208105449538
PEI5mgmL_60°C_Abs.TXT,PEI5mgmL,60°C,Abs,2130,6516.92,100.0,332530.0,5.95773717948718,3.5815227621483374,2.376214417338842
PEI5mgmL_60°C_Abs.TXT,PEI5mgmL,60°C,Abs,2131,6519.72,100.0,332530.0,5.957701282051282,3.5814797953964193,2.3762214866548628
PEI5mgmL_60°C_Abs.TXT,PEI5mgmL,60°C,Abs,2132,6522.42,100.0,332530.0,5.957666666666666,3.5814383631713556,2.376228303495311
PEI5mgmL_60°C_Abs.TXT,PEI5mgmL,60°C,Abs,2133,6524.92,100.0,332530.0,5.957634615384616,3.5814,2.376234615384616
PEI5mgmL_60°C_Abs.TXT,PEI5mgmL,60°C,Abs,2134,6527.42,100.0,332530.0,5.957602564102564,3.581348453608247,2.376254110494317
PEI5mgmL_60°C_Abs.TXT,PEI5mgmL,60°C,Abs,2135,6535.22,100.0,332530.0,5.9575025641025645,3.581187628865979,2.3763149352365853
PEI5mgmL_60°C_Abs.TXT,PEI5mgmL,60°C,Abs,2136,6542.820000000001,100.0,332530.0,5.957405128205128,3.5810309278350516,2.3763742003700763
PEI5mgmL_60°C_Abs.TXT,PEI5mgmL,60°C,Abs,2137,6551.02,100.0,332530.0,5.9573,3.580861855670103,2.376438144329897
PEI5mgmL_60°C_Abs.TXT,PEI5mgmL,60°C,Abs,2138,6553.52,100.0,332530.0,5.957283912483913,3.5808103092783505,2.3764736032055622
PEI5mgmL_60°C_Abs.TXT,PEI5mgmL,60°C,Abs,2139,6555.92,100.0,332530.0,5.9572684684684685,3.580760824742268,2.3765076437262005
PEI5mgmL_60°C_Abs.TXT,PEI5mgmL,60°C,Abs,2140,6558.62,100.0,332530.0,5.957251093951094,3.5807051546391753,2.376545939311919
PEI5mgmL_60°C_Abs.TXT,PEI5mgmL,60°C,Abs,2141,6561.12,100.0,332530.0,5.957235006435006,3.5806536082474225,2.3765813981875836
PEI5mgmL_60°C_Abs.TXT,PEI5mgmL,60°C,Abs,2142,6563.72,100.0,332530.0,5.957218275418276,3.5806,2.376618275418276
PEI5mgmL_60°C_Abs.TXT,PEI5mgmL,60°C,Abs,2143,6566.22,100.0,332530.0,5.957202187902188,3.5805484536082473,2.3766537342939404
PEI5mgmL_60°C_Abs.TXT,PEI5mgmL,60°C,Abs,2144,6568.820000000001,100.0,332530.0,5.957185456885457,3.5804948453608247,2.3766906115246327
PEI5mgmL_60°C_Abs.TXT,PEI5mgmL,60°C,Abs,2145,6571.42,100.0,332530.0,5.957168725868726,3.5804412371134022,2.376727488755324
PEI5mgmL_60°C_Abs.TXT,PEI5mgmL,60°C,Abs,2146,6573.820000000001,100.0,332530.0,5.957153281853282,3.5803917525773197,2.3767615292759623
PEI5mgmL_60°C_Abs.TXT,PEI5mgmL,60°C,Abs,2147,6576.62,100.0,332530.0,5.957135263835264,3.5803340206185568,2.376801243216707
PEI5mgmL_60°C_Abs.TXT,PEI5mgmL,60°C,Abs,2148,6579.22,100.0,332530.0,5.957118532818533,3.5802804123711343,2.3768381204473985
PEI5mgmL_60°C_Abs.TXT,PEI5mgmL,60°C,Abs,2149,6581.92,100.0,332530.0,5.957101158301159,3.580224742268041,2.3768764160331175
PEI5mgmL_60°C_Abs.TXT,PEI5mgmL,60°C,Abs,2150,6584.52,100.0,332530.0,5.957084427284427,3.5801711340206186,2.376913293263809
PEI5mgmL_60°C_Abs.TXT,PEI5mgmL,60°C,Abs,2151,6587.22,100.0,332530.0,5.957067052767053,3.580115463917526,2.3769515888495274
PEI5mgmL_60°C_Abs.TXT,PEI5mgmL,60°C,Abs,2152,6589.72,100.0,332530.0,5.957050965250965,3.580063917525773,2.376987047725192
PEI5mgmL_60°C_Abs.TXT,PEI5mgmL,60°C,Abs,2153,6592.12,100.0,332530.0,5.957035521235522,3.580014432989691,2.3770210882458307
PEI5mgmL_60°C_Abs.TXT,PEI5mgmL,60°C,Abs,2154,6594.62,100.0,332530.0,5.9570194337194335,3.5799628865979383,2.3770565471214953
PEI5mgmL_60°C_Abs.TXT,PEI5mgmL,60°C,Abs,2155,6597.320000000001,100.0,332530.0,5.957002059202059,3.5799072164948456,2.377094842707214
PEI5mgmL_60°C_Abs.TXT,PEI5mgmL,60°C,Abs,2156,6600.12,100.0,332530.0,5.956984041184041,3.5798494845360826,2.3771345566479587
PEI5mgmL_60°C_Abs.TXT,PEI5mgmL,60°C,Abs,2157,6602.52,100.0,332530.0,5.956968597168597,3.5798,2.377168597168597
PEI5mgmL_60°C_Abs.TXT,PEI5mgmL,60°C,Abs,2158,6605.22,100.0,332530.0,5.956951222651223,3.5797722365038562,2.3771789861473667
PEI5mgmL_60°C_Abs.TXT,PEI5mgmL,60°C,Abs,2159,6612.92,100.0,332530.0,5.956901673101673,3.579693059125964,2.3772086139757094
PEI5mgmL_60°C_Abs.TXT,PEI5mgmL,60°C,Abs,2160,6620.52,100.0,332530.0,5.956852767052768,3.579614910025707,2.3772378570270605
PEI5mgmL_60°C_Abs.TXT,PEI5mgmL,60°C,Abs,2161,6628.72,100.0,332530.0,5.9568,3.57953059125964,2.3772694087403603
PEI5mgmL_60°C_Abs.TXT,PEI5mgmL,60°C,Abs,2162,6631.22,100.0,332530.0,5.956767824967825,3.5795048843187662,2.3772629406490586
PEI5mgmL_60°C_Abs.TXT,PEI5mgmL,60°C,Abs,2163,6633.72,100.0,332530.0,5.95673564993565,3.579479177377892,2.3772564725577583
PEI5mgmL_60°C_Abs.TXT,PEI5mgmL,60°C,Abs,2164,6636.12,100.0,332530.0,5.956704761904763,3.5794544987146533,2.3772502631901093
PEI5mgmL_60°C_Abs.TXT,PEI5mgmL,60°C,Abs,2165,6638.62,100.0,332530.0,5.956672586872587,3.579428791773779,2.377243795098808
PEI5mgmL_60°C_Abs.TXT,PEI5mgmL,60°C,Abs,2166,6641.22,100.0,332530.0,5.956639124839125,3.57940205655527,2.3772370682838546
PEI5mgmL_60°C_Abs.TXT,PEI5mgmL,60°C,Abs,2167,6643.820000000001,100.0,332530.0,5.956605662805663,3.579375321336761,2.3772303414689024
PEI5mgmL_60°C_Abs.TXT,PEI5mgmL,60°C,Abs,2168,6646.320000000001,100.0,332530.0,5.956573487773488,3.579349614395887,2.3772238733776008
PEI5mgmL_60°C_Abs.TXT,PEI5mgmL,60°C,Abs,2169,6649.02,100.0,332530.0,5.956538738738739,3.579321850899743,2.377216887838996
PEI5mgmL_60°C_Abs.TXT,PEI5mgmL,60°C,Abs,2170,6651.52,100.0,332530.0,5.956506563706564,3.579296143958869,2.377210419747695
PEI5mgmL_60°C_Abs.TXT,PEI5mgmL,60°C,Abs,2171,6654.22,100.0,332530.0,5.956471814671815,3.579268380462725,2.3772034342090897
PEI5mgmL_60°C_Abs.TXT,PEI5mgmL,60°C,Abs,2172,6656.820000000001,100.0,332530.0,5.956438352638353,3.579241645244216,2.3771967073941367
PEI5mgmL_60°C_Abs.TXT,PEI5mgmL,60°C,Abs,2173,6659.42,100.0,332530.0,5.956404890604891,3.579214910025707,2.377189980579184
PEI5mgmL_60°C_Abs.TXT,PEI5mgmL,60°C,Abs,2174,6662.02,100.0,332530.0,5.956371428571429,3.5791881748071983,2.3771832537642306
PEI5mgmL_60°C_Abs.TXT,PEI5mgmL,60°C,Abs,2175,6664.92,100.0,332530.0,5.956334105534106,3.5791583547557844,2.3771757507783216
PEI5mgmL_60°C_Abs.TXT,PEI5mgmL,60°C,Abs,2176,6667.320000000001,100.0,332530.0,5.956303217503217,3.579133676092545,2.377169541410672
PEI5mgmL_60°C_Abs.TXT,PEI5mgmL,60°C,Abs,2177,6669.820000000001,100.0,332530.0,5.956271042471043,3.579107969151671,2.377163073319372
PEI5mgmL_60°C_Abs.TXT,PEI5mgmL,60°C,Abs,2178,6672.52,100.0,332530.0,5.956236293436294,3.579080205655527,2.3771560877807665
PEI5mgmL_60°C_Abs.TXT,PEI5mgmL,60°C,Abs,2179,6675.12,100.0,332530.0,5.956202831402831,3.5790534704370183,2.377149360965813
PEI5mgmL_60°C_Abs.TXT,PEI5mgmL,60°C,Abs,2180,6677.92,100.0,332530.0,5.956166795366795,3.5790246786632394,2.377142116703556
PEI5mgmL_60°C_Abs.TXT,PEI5mgmL,60°C,Abs,2181,6680.320000000001,100.0,332530.0,5.9561359073359075,3.579,2.3771359073359073
PEI5mgmL_60°C_Abs.TXT,PEI5mgmL,60°C,Abs,2182,6683.12,100.0,332530.0,5.956099871299871,3.5789349677419358,2.3771649035579356
PEI5mgmL_60°C_Abs.TXT,PEI5mgmL,60°C,Abs,2183,6690.820000000001,100.0,332530.0,5.956000772200772,3.578756129032258,2.377244643168514
PEI5mgmL_60°C_Abs.TXT,PEI5mgmL,60°C,Abs,2184,6698.320000000001,100.0,332530.0,5.955904247104247,3.578581935483871,2.3773223116203757
PEI5mgmL_60°C_Abs.TXT,PEI5mgmL,60°C,Abs,2185,6706.42,100.0,332530.0,5.9558,3.578393806451613,2.377406193548387
PEI5mgmL_60°C_Abs.TXT,PEI5mgmL,60°C,Abs,2186,6708.92,100.0,332530.0,5.95576138996139,3.5783357419354838,2.3774256480259064
PEI5mgmL_60°C_Abs.TXT,PEI5mgmL,60°C,Abs,2187,6711.320000000001,100.0,332530.0,5.955724324324325,3.57828,2.377444324324325
PEI5mgmL_60°C_Abs.TXT,PEI5mgmL,60°C,Abs,2188,6714.12,100.0,332530.0,5.955681081081081,3.5782149677419355,2.3774661133391453
PEI5mgmL_60°C_Abs.TXT,PEI5mgmL,60°C,Abs,2189,6716.72,100.0,332530.0,5.9556409266409265,3.5781545806451613,2.377486345995765
PEI5mgmL_60°C_Abs.TXT,PEI5mgmL,60°C,Abs,2190,6719.52,100.0,332530.0,5.955597683397683,3.578089548387097,2.3775081350105864
PEI5mgmL_60°C_Abs.TXT,PEI5mgmL,60°C,Abs,2191,6722.02,100.0,332530.0,5.9555590733590735,3.578031483870968,2.3775275894881056
PEI5mgmL_60°C_Abs.TXT,PEI5mgmL,60°C,Abs,2192,6724.52,100.0,332530.0,5.955520463320464,3.577973419354839,2.3775470439656248
PEI5mgmL_60°C_Abs.TXT,PEI5mgmL,60°C,Abs,2193,6727.12,100.0,332530.0,5.9554803088803085,3.577913032258065,2.3775672766222438
PEI5mgmL_60°C_Abs.TXT,PEI5mgmL,60°C,Abs,2194,6729.52,100.0,332530.0,5.955443243243243,3.5778572903225805,2.3775859529206627
PEI5mgmL_60°C_Abs.TXT,PEI5mgmL,60°C,Abs,2195,6732.02,100.0,332530.0,5.955404633204633,3.5777992258064515,2.377605407398182
PEI5mgmL_60°C_Abs.TXT,PEI5mgmL,60°C,Abs,2196,6734.62,100.0,332530.0,5.955364478764479,3.5777388387096773,2.3776256400548017
PEI5mgmL_60°C_Abs.TXT,PEI5mgmL,60°C,Abs,2197,6737.42,100.0,332530.0,5.955321235521236,3.577673806451613,2.377647429069623
PEI5mgmL_60°C_Abs.TXT,PEI5mgmL,60°C,Abs,2198,6740.02,100.0,332530.0,5.955281081081081,3.577613419354839,2.377667661726242
PEI5mgmL_60°C_Abs.TXT,PEI5mgmL,60°C,Abs,2199,6742.62,100.0,332530.0,5.9552409266409265,3.5775530322580646,2.377687894382862
PEI5mgmL_60°C_Abs.TXT,PEI5mgmL,60°C,Abs,2200,6745.12,100.0,332530.0,5.955202316602317,3.5774949677419356,2.377707348860381
PEI5mgmL_60°C_Abs.TXT,PEI5mgmL,60°C,Abs,2201,6747.72,100.0,332530.0,5.955162162162162,3.577434580645161,2.3777275815170014
PEI5mgmL_60°C_Abs.TXT,PEI5mgmL,60°C,Abs,2202,6750.22,100.0,332530.0,5.955123552123553,3.577376516129032,2.3777470359945205
PEI5mgmL_60°C_Abs.TXT,PEI5mgmL,60°C,Abs,2203,6752.820000000001,100.0,332530.0,5.9550833976833975,3.577316129032258,2.3777672686511395
PEI5mgmL_60°C_Abs.TXT,PEI5mgmL,60°C,Abs,2204,6755.42,100.0,332530.0,5.955043243243243,3.577255741935484,2.3777875013077594
PEI5mgmL_60°C_Abs.TXT,PEI5mgmL,60°C,Abs,2205,6757.820000000001,100.0,332530.0,5.955006177606178,3.5772,2.377806177606178
PEI5mgmL_60°C_Abs.TXT,PEI5mgmL,60°C,Abs,2206,6760.52,100.0,332530.0,5.954964478764479,3.577172378516624,2.3777921002478553
PEI5mgmL_60°C_Abs.TXT,PEI5mgmL,60°C,Abs,2207,6768.22,100.0,332530.0,5.95484555984556,3.5770936061381073,2.3777519537074525
PEI5mgmL_60°C_Abs.TXT,PEI5mgmL,60°C,Abs,2208,6775.820000000001,100.0,332530.0,5.954728185328185,3.5770158567774937,2.3777123285506914
PEI5mgmL_60°C_Abs.TXT,PEI5mgmL,60°C,Abs,2209,6784.12,100.0,332530.0,5.9546,3.57693094629156,2.37766905370844
PEI5mgmL_60°C_Abs.TXT,PEI5mgmL,60°C,Abs,2210,6786.52,100.0,332530.0,5.954578544061302,3.5769063938618926,2.37767215019941
PEI5mgmL_60°C_Abs.TXT,PEI5mgmL,60°C,Abs,2211,6789.22,100.0,332530.0,5.954554406130268,3.5768787723785165,2.3776756337517515
PEI5mgmL_60°C_Abs.TXT,PEI5mgmL,60°C,Abs,2212,6791.72,100.0,332530.0,5.954532056194125,3.576853196930946,2.3776788592631792
PEI5mgmL_60°C_Abs.TXT,PEI5mgmL,60°C,Abs,2213,6794.22,100.0,332530.0,5.954509706257983,3.576827621483376,2.3776820847746065
PEI5mgmL_60°C_Abs.TXT,PEI5mgmL,60°C,Abs,2214,6797.02,100.0,332530.0,5.954484674329502,3.576798976982097,2.377685697347405
PEI5mgmL_60°C_Abs.TXT,PEI5mgmL,60°C,Abs,2215,6799.72,100.0,332530.0,5.954460536398468,3.576771355498721,2.377689180899747
PEI5mgmL_60°C_Abs.TXT,PEI5mgmL,60°C,Abs,2216,6802.320000000001,100.0,332530.0,5.9544372924648785,3.5767447570332482,2.3776925354316303
PEI5mgmL_60°C_Abs.TXT,PEI5mgmL,60°C,Abs,2217,6805.02,100.0,332530.0,5.954413154533844,3.576717135549872,2.377696018983972
PEI5mgmL_60°C_Abs.TXT,PEI5mgmL,60°C,Abs,2218,6807.52,100.0,332530.0,5.954390804597701,3.5766915601023017,2.3776992444953997
PEI5mgmL_60°C_Abs.TXT,PEI5mgmL,60°C,Abs,2219,6810.02,100.0,332530.0,5.954368454661558,3.5766659846547313,2.3777024700068266
PEI5mgmL_60°C_Abs.TXT,PEI5mgmL,60°C,Abs,2220,6812.62,100.0,332530.0,5.954345210727969,3.5766393861892585,2.377705824538711
PEI5mgmL_60°C_Abs.TXT,PEI5mgmL,60°C,Abs,2221,6815.12,100.0,332530.0,5.954322860791827,3.576613810741688,2.3777090500501386
PEI5mgmL_60°C_Abs.TXT,PEI5mgmL,60°C,Abs,2222,6817.92,100.0,332530.0,5.954297828863346,3.576585166240409,2.3777126626229372
PEI5mgmL_60°C_Abs.TXT,PEI5mgmL,60°C,Abs,2223,6820.52,100.0,332530.0,5.954274584929758,3.576558567774936,2.377716017154822
PEI5mgmL_60°C_Abs.TXT,PEI5mgmL,60°C,Abs,2224,6823.42,100.0,332530.0,5.954248659003832,3.5765289002557545,2.377719758748077
PEI5mgmL_60°C_Abs.TXT,PEI5mgmL,60°C,Abs,2225,6825.820000000001,100.0,332530.0,5.954227203065134,3.576504347826087,2.377722855239047
PEI5mgmL_60°C_Abs.TXT,PEI5mgmL,60°C,Abs,2226,6828.320000000001,100.0,332530.0,5.954204853128991,3.5764787723785165,2.3777260807504748
PEI5mgmL_60°C_Abs.TXT,PEI5mgmL,60°C,Abs,2227,6830.92,100.0,332530.0,5.954181609195403,3.5764521739130437,2.377729435282359
PEI5mgmL_60°C_Abs.TXT,PEI5mgmL,60°C,Abs,2228,6833.42,100.0,332530.0,5.954159259259259,3.5764265984654733,2.377732660793786
PEI5mgmL_60°C_Abs.TXT,PEI5mgmL,60°C,Abs,2229,6836.02,100.0,332530.0,5.954136015325671,3.5764,2.3777360153256706
PEI5mgmL_60°C_Abs.TXT,PEI5mgmL,60°C,Abs,2230,6838.52,100.0,332530.0,5.954113665389528,3.5763554140127387,2.377758251376789
PEI5mgmL_60°C_Abs.TXT,PEI5mgmL,60°C,Abs,2231,6846.42,100.0,332530.0,5.9540430395913155,3.5762145222929935,2.377828517298322
PEI5mgmL_60°C_Abs.TXT,PEI5mgmL,60°C,Abs,2232,6854.320000000001,100.0,332530.0,5.953972413793103,3.5760736305732483,2.377898783219855
PEI5mgmL_60°C_Abs.TXT,PEI5mgmL,60°C,Abs,2233,6862.42,100.0,332530.0,5.9539,3.5759291719745225,2.3779708280254774
PEI5mgmL_60°C_Abs.TXT,PEI5mgmL,60°C,Abs,2234,6864.820000000001,100.0,332530.0,5.953866110397946,3.5758863694267515,2.377979740971195
PEI5mgmL_60°C_Abs.TXT,PEI5mgmL,60°C,Abs,2235,6867.62,100.0,332530.0,5.953826572528883,3.5758364331210193,2.377990139407864
PEI5mgmL_60°C_Abs.TXT,PEI5mgmL,60°C,Abs,2236,6870.12,100.0,332530.0,5.953791270860077,3.575791847133758,2.3779994237263193
PEI5mgmL_60°C_Abs.TXT,PEI5mgmL,60°C,Abs,2237,6872.52,100.0,332530.0,5.953757381258023,3.5757490445859874,2.3780083366720355
PEI5mgmL_60°C_Abs.TXT,PEI5mgmL,60°C,Abs,2238,6875.12,100.0,332530.0,5.9537206675224645,3.575702675159236,2.3780179923632287
PEI5mgmL_60°C_Abs.TXT,PEI5mgmL,60°C,Abs,2239,6877.62,100.0,332530.0,5.953685365853659,3.5756580891719745,2.378027276681684
PEI5mgmL_60°C_Abs.TXT,PEI5mgmL,60°C,Abs,2240,6880.42,100.0,332530.0,5.953645827984595,3.5756081528662422,2.378037675118353
PEI5mgmL_60°C_Abs.TXT,PEI5mgmL,60°C,Abs,2241,6883.12,100.0,332530.0,5.953607702182285,3.5755600000000003,2.3780477021822843
PEI5mgmL_60°C_Abs.TXT,PEI5mgmL,60°C,Abs,2242,6885.72,100.0,332530.0,5.953570988446726,3.5755136305732487,2.3780573578734776
PEI5mgmL_60°C_Abs.TXT,PEI5mgmL,60°C,Abs,2243,6888.22,100.0,332530.0,5.95353568677792,3.5754690445859874,2.378066642191933
PEI5mgmL_60°C_Abs.TXT,PEI5mgmL,60°C,Abs,2244,6891.02,100.0,332530.0,5.953496148908857,3.575419108280255,2.378077040628602
PEI5mgmL_60°C_Abs.TXT,PEI5mgmL,60°C,Abs,2245,6893.42,100.0,332530.0,5.953462259306804,3.575376305732484,2.3780859535743195
PEI5mgmL_60°C_Abs.TXT,PEI5mgmL,60°C,Abs,2246,6896.02,100.0,332530.0,5.953425545571245,3.5753299363057325,2.3780956092655128
PEI5mgmL_60°C_Abs.TXT,PEI5mgmL,60°C,Abs,2247,6898.62,100.0,332530.0,5.953388831835687,3.575283566878981,2.378105264956706
PEI5mgmL_60°C_Abs.TXT,PEI5mgmL,60°C,Abs,2248,6901.12,100.0,332530.0,5.953353530166881,3.57523898089172,2.378114549275161
PEI5mgmL_60°C_Abs.TXT,PEI5mgmL,60°C,Abs,2249,6903.72,100.0,332530.0,5.953316816431322,3.5751926114649684,2.3781242049663533
PEI5mgmL_60°C_Abs.TXT,PEI5mgmL,60°C,Abs,2250,6906.320000000001,100.0,332530.0,5.953280102695763,3.5751462420382167,2.3781338606575466
PEI5mgmL_60°C_Abs.TXT,PEI5mgmL,60°C,Abs,2251,6909.22,100.0,332530.0,5.953239152759949,3.5750945222929937,2.378144630466955
PEI5mgmL_60°C_Abs.TXT,PEI5mgmL,60°C,Abs,2252,6911.820000000001,100.0,332530.0,5.95320243902439,3.575048152866242,2.378154286158148
PEI5mgmL_60°C_Abs.TXT,PEI5mgmL,60°C,Abs,2253,6914.52,100.0,332530.0,5.9531643132220795,3.575,2.3781643132220793
PEI5mgmL_60°C_Abs.TXT,PEI5mgmL,60°C,Abs,2254,6917.12,100.0,332530.0,5.953127599486521,3.5749666238767652,2.378160975609756
PEI5mgmL_60°C_Abs.TXT,PEI5mgmL,60°C,Abs,2255,6924.62,100.0,332530.0,5.953021694480102,3.574870346598203,2.3781513478818996
PEI5mgmL_60°C_Abs.TXT,PEI5mgmL,60°C,Abs,2256,6932.52,100.0,332530.0,5.952910141206675,3.5747689345314506,2.3781412066752243
PEI5mgmL_60°C_Abs.TXT,PEI5mgmL,60°C,Abs,2257,6940.320000000001,100.0,332530.0,5.9528,3.5746688061617458,2.378131193838254
PEI5mgmL_60°C_Abs.TXT,PEI5mgmL,60°C,Abs,2258,6942.820000000001,100.0,332530.0,5.9527840966921115,3.5746367137355586,2.378147382956553
PEI5mgmL_60°C_Abs.TXT,PEI5mgmL,60°C,Abs,2259,6945.42,100.0,332530.0,5.952767557251908,3.5746033376123236,2.3781642196395847
PEI5mgmL_60°C_Abs.TXT,PEI5mgmL,60°C,Abs,2260,6947.92,100.0,332530.0,5.95275165394402,3.574571245186136,2.378180408757884
PEI5mgmL_60°C_Abs.TXT,PEI5mgmL,60°C,Abs,2261,6950.62,100.0,332530.0,5.952734478371501,3.5745365853658537,2.3781978930056473
PEI5mgmL_60°C_Abs.TXT,PEI5mgmL,60°C,Abs,2262,6953.320000000001,100.0,332530.0,5.952717302798982,3.5745019255455714,2.3782153772534107
PEI5mgmL_60°C_Abs.TXT,PEI5mgmL,60°C,Abs,2263,6955.92,100.0,332530.0,5.952700763358779,3.5744685494223365,2.3782322139364425
PEI5mgmL_60°C_Abs.TXT,PEI5mgmL,60°C,Abs,2264,6958.42,100.0,332530.0,5.952684860050891,3.574436456996149,2.3782484030547417
PEI5mgmL_60°C_Abs.TXT,PEI5mgmL,60°C,Abs,2265,6961.22,100.0,332530.0,5.952667048346056,3.574400513478819,2.378266534867237
PEI5mgmL_60°C_Abs.TXT,PEI5mgmL,60°C,Abs,2266,6963.72,100.0,332530.0,5.952651145038168,3.5743684210526316,2.378282723985536
PEI5mgmL_60°C_Abs.TXT,PEI5mgmL,60°C,Abs,2267,6966.22,100.0,332530.0,5.95263524173028,3.574336328626444,2.378298913103836
PEI5mgmL_60°C_Abs.TXT,PEI5mgmL,60°C,Abs,2268,6968.92,100.0,332530.0,5.95261806615776,3.5743016688061617,2.3783163973515986
PEI5mgmL_60°C_Abs.TXT,PEI5mgmL,60°C,Abs,2269,6971.320000000001,100.0,332530.0,5.952602798982189,3.574270860077022,2.3783319389051667
PEI5mgmL_60°C_Abs.TXT,PEI5mgmL,60°C,Abs,2270,6974.12,100.0,332530.0,5.952584987277354,3.574234916559692,2.378350070717662
PEI5mgmL_60°C_Abs.TXT,PEI5mgmL,60°C,Abs,2271,6976.62,100.0,332530.0,5.952569083969466,3.574202824133504,2.3783662598359614
PEI5mgmL_60°C_Abs.TXT,PEI5mgmL,60°C,Abs,2272,6979.42,100.0,332530.0,5.952551272264631,3.5741668806161746,2.3783843916484564
PEI5mgmL_60°C_Abs.TXT,PEI5mgmL,60°C,Abs,2273,6981.820000000001,100.0,332530.0,5.952536005089058,3.5741360718870347,2.3783999332020236
PEI5mgmL_60°C_Abs.TXT,PEI5mgmL,60°C,Abs,2274,6984.52,100.0,332530.0,5.952518829516539,3.574101412066752,2.3784174174497874
PEI5mgmL_60°C_Abs.TXT,PEI5mgmL,60°C,Abs,2275,6987.22,100.0,332530.0,5.9525016539440205,3.5740667522464697,2.378434901697551
PEI5mgmL_60°C_Abs.TXT,PEI5mgmL,60°C,Abs,2276,6989.92,100.0,332530.0,5.952484478371502,3.5740320924261875,2.378452385945314
PEI5mgmL_60°C_Abs.TXT,PEI5mgmL,60°C,Abs,2277,6992.42,100.0,332530.0,5.952468575063613,3.574,2.3784685750636134
PEI5mgmL_60°C_Abs.TXT,PEI5mgmL,60°C,Abs,2278,6995.22,100.0,332530.0,5.952450763358779,3.5739493540051677,2.378501409353611
PEI5mgmL_60°C_Abs.TXT,PEI5mgmL,60°C,Abs,2279,7002.92,100.0,332530.0,5.952401781170484,3.5738100775193797,2.378591703651104
PEI5mgmL_60°C_Abs.TXT,PEI5mgmL,60°C,Abs,2280,7010.52,100.0,332530.0,5.952353435114504,3.573672609819121,2.378680825295383
PEI5mgmL_60°C_Abs.TXT,PEI5mgmL,60°C,Abs,2281,7018.92,100.0,332530.0,5.9523,3.573520671834625,2.378779328165375
PEI5mgmL_60°C_Abs.TXT,PEI5mgmL,60°C,Abs,2282,7021.320000000001,100.0,332530.0,5.9522625487646295,3.573477260981912,2.3787852877827174
PEI5mgmL_60°C_Abs.TXT,PEI5mgmL,60°C,Abs,2283,7024.22,100.0,332530.0,5.952217295188556,3.57342480620155,2.3787924889870062
PEI5mgmL_60°C_Abs.TXT,PEI5mgmL,60°C,Abs,2284,7026.62,100.0,332530.0,5.9521798439531866,3.573381395348837,2.3787984486043494
PEI5mgmL_60°C_Abs.TXT,PEI5mgmL,60°C,Abs,2285,7029.02,100.0,332530.0,5.952142392717816,3.573337984496124,2.3788044082216917
PEI5mgmL_60°C_Abs.TXT,PEI5mgmL,60°C,Abs,2286,7031.62,100.0,332530.0,5.952101820546164,3.573290956072351,2.378810864473813
PEI5mgmL_60°C_Abs.TXT,PEI5mgmL,60°C,Abs,2287,7034.02,100.0,332530.0,5.9520643693107935,3.573247545219638,2.3788168240911554
PEI5mgmL_60°C_Abs.TXT,PEI5mgmL,60°C,Abs,2288,7036.72,100.0,332530.0,5.952022236671001,3.573198708010336,2.3788235286606656
PEI5mgmL_60°C_Abs.TXT,PEI5mgmL,60°C,Abs,2289,7039.320000000001,100.0,332530.0,5.95198166449935,3.573151679586563,2.3788299849127865
PEI5mgmL_60°C_Abs.TXT,PEI5mgmL,60°C,Abs,2290,7042.02,100.0,332530.0,5.9519395318595585,3.573102842377261,2.3788366894822977
PEI5mgmL_60°C_Abs.TXT,PEI5mgmL,60°C,Abs,2291,7044.42,100.0,332530.0,5.951902080624188,3.573059431524548,2.37884264909964
PEI5mgmL_60°C_Abs.TXT,PEI5mgmL,60°C,Abs,2292,7047.02,100.0,332530.0,5.951861508452536,3.5730124031007753,2.378849105351761
PEI5mgmL_60°C_Abs.TXT,PEI5mgmL,60°C,Abs,2293,7049.42,100.0,332530.0,5.9518240572171655,3.572968992248062,2.3788550649691036
PEI5mgmL_60°C_Abs.TXT,PEI5mgmL,60°C,Abs,2294,7052.02,100.0,332530.0,5.951783485045514,3.5729219638242893,2.3788615212212245
PEI5mgmL_60°C_Abs.TXT,PEI5mgmL,60°C,Abs,2295,7054.52,100.0,332530.0,5.951744473342003,3.5728767441860465,2.378867729155956
PEI5mgmL_60°C_Abs.TXT,PEI5mgmL,60°C,Abs,2296,7057.02,100.0,332530.0,5.9517054616384915,3.5728315245478037,2.3788739370906877
PEI5mgmL_60°C_Abs.TXT,PEI5mgmL,60°C,Abs,2297,7059.42,100.0,332530.0,5.951668010403121,3.5727881136950903,2.3788798967080305
PEI5mgmL_60°C_Abs.TXT,PEI5mgmL,60°C,Abs,2298,7062.02,100.0,332530.0,5.95162743823147,3.5727410852713177,2.3788863529601523
PEI5mgmL_60°C_Abs.TXT,PEI5mgmL,60°C,Abs,2299,7064.62,100.0,332530.0,5.951586866059818,3.572694056847545,2.378892809212273
PEI5mgmL_60°C_Abs.TXT,PEI5mgmL,60°C,Abs,2300,7067.22,100.0,332530.0,5.951546293888167,3.5726470284237726,2.378899265464394
PEI5mgmL_60°C_Abs.TXT,PEI5mgmL,60°C,Abs,2301,7069.820000000001,100.0,332530.0,5.951505721716515,3.5726,2.378905721716515
PEI5mgmL_60°C_Abs.TXT,PEI5mgmL,60°C,Abs,2302,7072.320000000001,100.0,332530.0,5.951466710013004,3.572567989756722,2.3788987202562817
PEI5mgmL_60°C_Abs.TXT,PEI5mgmL,60°C,Abs,2303,7080.22,100.0,332530.0,5.951343433029909,3.5724668373879642,2.378876595641945
PEI5mgmL_60°C_Abs.TXT,PEI5mgmL,60°C,Abs,2304,7088.02,100.0,332530.0,5.951221716514954,3.5723669654289374,2.378854751086017
PEI5mgmL_60°C_Abs.TXT,PEI5mgmL,60°C,Abs,2305,7095.820000000001,100.0,332530.0,5.9511,3.5722670934699106,2.3788329065300897
PEI5mgmL_60°C_Abs.TXT,PEI5mgmL,60°C,Abs,2306,7098.42,100.0,332530.0,5.95107343550447,3.5722338028169016,2.3788396326875683
PEI5mgmL_60°C_Abs.TXT,PEI5mgmL,60°C,Abs,2307,7100.820000000001,100.0,332530.0,5.951048914431674,3.572203072983355,2.3788458414483187
PEI5mgmL_60°C_Abs.TXT,PEI5mgmL,60°C,Abs,2308,7103.320000000001,100.0,332530.0,5.95102337164751,3.5721710627400767,2.3788523089074336
PEI5mgmL_60°C_Abs.TXT,PEI5mgmL,60°C,Abs,2309,7105.92,100.0,332530.0,5.95099680715198,3.5721377720870677,2.378859035064912
PEI5mgmL_60°C_Abs.TXT,PEI5mgmL,60°C,Abs,2310,7108.42,100.0,332530.0,5.9509712643678165,3.57210576184379,2.3788655025240266
PEI5mgmL_60°C_Abs.TXT,PEI5mgmL,60°C,Abs,2311,7111.12,100.0,332530.0,5.95094367816092,3.57207119078105,2.37887248737987
PEI5mgmL_60°C_Abs.TXT,PEI5mgmL,60°C,Abs,2312,7113.72,100.0,332530.0,5.95091711366539,3.572037900128041,2.3788792135373487
PEI5mgmL_60°C_Abs.TXT,PEI5mgmL,60°C,Abs,2313,7116.52,100.0,332530.0,5.950888505747127,3.5720020486555697,2.378886457091557
PEI5mgmL_60°C_Abs.TXT,PEI5mgmL,60°C,Abs,2314,7119.02,100.0,332530.0,5.9508629629629635,3.571970038412292,2.3788929245506716
PEI5mgmL_60°C_Abs.TXT,PEI5mgmL,60°C,Abs,2315,7121.72,100.0,332530.0,5.950835376756067,3.571935467349552,2.378899909406515
PEI5mgmL_60°C_Abs.TXT,PEI5mgmL,60°C,Abs,2316,7124.42,100.0,332530.0,5.95080779054917,3.5719008962868117,2.3789068942623586
PEI5mgmL_60°C_Abs.TXT,PEI5mgmL,60°C,Abs,2317,7127.12,100.0,332530.0,5.950780204342274,3.5718663252240717,2.378913879118202
PEI5mgmL_60°C_Abs.TXT,PEI5mgmL,60°C,Abs,2318,7129.72,100.0,332530.0,5.950753639846743,3.5718330345710627,2.3789206052756806
PEI5mgmL_60°C_Abs.TXT,PEI5mgmL,60°C,Abs,2319,7132.42,100.0,332530.0,5.950726053639847,3.5717984635083226,2.378927590131524
PEI5mgmL_60°C_Abs.TXT,PEI5mgmL,60°C,Abs,2320,7134.92,100.0,332530.0,5.950700510855683,3.571766453265045,2.3789340575906386
PEI5mgmL_60°C_Abs.TXT,PEI5mgmL,60°C,Abs,2321,7137.320000000001,100.0,332530.0,5.950675989782886,3.571735723431498,2.378940266351388
PEI5mgmL_60°C_Abs.TXT,PEI5mgmL,60°C,Abs,2322,7139.92,100.0,332530.0,5.950649425287357,3.571702432778489,2.3789469925088675
PEI5mgmL_60°C_Abs.TXT,PEI5mgmL,60°C,Abs,2323,7142.62,100.0,332530.0,5.95062183908046,3.571667861715749,2.378953977364711
PEI5mgmL_60°C_Abs.TXT,PEI5mgmL,60°C,Abs,2324,7145.320000000001,100.0,332530.0,5.950594252873564,3.571633290653009,2.3789609622205545
PEI5mgmL_60°C_Abs.TXT,PEI5mgmL,60°C,Abs,2325,7147.92,100.0,332530.0,5.950567688378033,3.5716,2.378967688378033
PEI5mgmL_60°C_Abs.TXT,PEI5mgmL,60°C,Abs,2326,7150.62,100.0,332530.0,5.950540102171137,3.5715516624040924,2.378988439767044
PEI5mgmL_60°C_Abs.TXT,PEI5mgmL,60°C,Abs,2327,7158.42,100.0,332530.0,5.950460408684547,3.5714120204603583,2.379048388224189
PEI5mgmL_60°C_Abs.TXT,PEI5mgmL,60°C,Abs,2328,7166.42,100.0,332530.0,5.950378671775224,3.571268797953964,2.3791098738212595
PEI5mgmL_60°C_Abs.TXT,PEI5mgmL,60°C,Abs,2329,7174.12,100.0,332530.0,5.9503,3.57113094629156,2.3791690537084405
PEI5mgmL_60°C_Abs.TXT,PEI5mgmL,60°C,Abs,2330,7176.52,100.0,332530.0,5.950266240409207,3.5710879795396417,2.3791782608695655
PEI5mgmL_60°C_Abs.TXT,PEI5mgmL,60°C,Abs,2331,7179.22,100.0,332530.0,5.950228260869565,3.571039641943734,2.379188618925831
PEI5mgmL_60°C_Abs.TXT,PEI5mgmL,60°C,Abs,2332,7181.72,100.0,332530.0,5.950193094629157,3.570994884910486,2.3791982097186706
PEI5mgmL_60°C_Abs.TXT,PEI5mgmL,60°C,Abs,2333,7184.22,100.0,332530.0,5.950157928388747,3.570950127877238,2.379207800511509
PEI5mgmL_60°C_Abs.TXT,PEI5mgmL,60°C,Abs,2334,7186.92,100.0,332530.0,5.950119948849105,3.57090179028133,2.379218158567775
PEI5mgmL_60°C_Abs.TXT,PEI5mgmL,60°C,Abs,2335,7189.42,100.0,332530.0,5.9500847826086956,3.570857033248082,2.3792277493606138
PEI5mgmL_60°C_Abs.TXT,PEI5mgmL,60°C,Abs,2336,7192.12,100.0,332530.0,5.950046803069054,3.570808695652174,2.3792381074168802
PEI5mgmL_60°C_Abs.TXT,PEI5mgmL,60°C,Abs,2337,7194.62,100.0,332530.0,5.950011636828645,3.5707639386189256,2.3792476982097193
PEI5mgmL_60°C_Abs.TXT,PEI5mgmL,60°C,Abs,2338,7197.22,100.0,332530.0,5.949975063938619,3.5707173913043477,2.3792576726342713
PEI5mgmL_60°C_Abs.TXT,PEI5mgmL,60°C,Abs,2339,7199.820000000001,100.0,332530.0,5.949938491048593,3.57067084398977,2.3792676470588234
PEI5mgmL_60°C_Abs.TXT,PEI5mgmL,60°C,Abs,2340,7202.72,100.0,332530.0,5.949897698209719,3.570618925831202,2.3792787723785174
PEI5mgmL_60°C_Abs.TXT,PEI5mgmL,60°C,Abs,2341,7205.12,100.0,332530.0,5.949863938618926,3.570575959079284,2.3792879795396424
PEI5mgmL_60°C_Abs.TXT,PEI5mgmL,60°C,Abs,2342,7208.02,100.0,332530.0,5.9498231457800514,3.570524040920716,2.3792991048593355
PEI5mgmL_60°C_Abs.TXT,PEI5mgmL,60°C,Abs,2343,7210.62,100.0,332530.0,5.949786572890026,3.570477493606138,2.3793090792838876
PEI5mgmL_60°C_Abs.TXT,PEI5mgmL,60°C,Abs,2344,7213.22,100.0,332530.0,5.94975,3.5704309462915598,2.37931905370844
PEI5mgmL_60°C_Abs.TXT,PEI5mgmL,60°C,Abs,2345,7215.62,100.0,332530.0,5.949716240409208,3.5703879795396416,2.379328260869566
PEI5mgmL_60°C_Abs.TXT,PEI5mgmL,60°C,Abs,2346,7218.12,100.0,332530.0,5.949681074168798,3.5703432225063936,2.3793378516624046
PEI5mgmL_60°C_Abs.TXT,PEI5mgmL,60°C,Abs,2347,7220.92,100.0,332530.0,5.94964168797954,3.570293094629156,2.3793485933503837
PEI5mgmL_60°C_Abs.TXT,PEI5mgmL,60°C,Abs,2348,7223.42,100.0,332530.0,5.949606521739131,3.5702483375959075,2.3793581841432236
PEI5mgmL_60°C_Abs.TXT,PEI5mgmL,60°C,Abs,2349,7226.12,100.0,332530.0,5.949568542199489,3.5702,2.3793685421994892
PEI5mgmL_60°C_Abs.TXT,PEI5mgmL,60°C,Abs,2350,7228.820000000001,100.0,332530.0,5.949530562659847,3.57016864516129,2.379361917498557
PEI5mgmL_60°C_Abs.TXT,PEI5mgmL,60°C,Abs,2351,7236.72,100.0,332530.0,5.949419437340154,3.5700769032258064,2.3793425341143477
PEI5mgmL_60°C_Abs.TXT,PEI5mgmL,60°C,Abs,2352,7244.42,100.0,332530.0,5.949311125319693,3.5699874838709675,2.3793236414487255
PEI5mgmL_60°C_Abs.TXT,PEI5mgmL,60°C,Abs,2353,7252.320000000001,100.0,332530.0,5.9492,3.569895741935484,2.3793042580645163
PEI5mgmL_60°C_Abs.TXT,PEI5mgmL,60°C,Abs,2354,7254.92,100.0,332530.0,5.949176394293126,3.5698655483870967,2.379310845906029
PEI5mgmL_60°C_Abs.TXT,PEI5mgmL,60°C,Abs,2355,7257.320000000001,100.0,332530.0,5.949154604409857,3.569837677419355,2.3793169269905023
PEI5mgmL_60°C_Abs.TXT,PEI5mgmL,60°C,Abs,2356,7259.820000000001,100.0,332530.0,5.949131906614786,3.5698086451612903,2.379323261453496
PEI5mgmL_60°C_Abs.TXT,PEI5mgmL,60°C,Abs,2357,7262.42,100.0,332530.0,5.949108300907912,3.5697784516129034,2.3793298492950083
PEI5mgmL_60°C_Abs.TXT,PEI5mgmL,60°C,Abs,2358,7265.12,100.0,332530.0,5.949083787289235,3.5697470967741936,2.379336690515041
PEI5mgmL_60°C_Abs.TXT,PEI5mgmL,60°C,Abs,2359,7267.62,100.0,332530.0,5.949061089494164,3.569718064516129,2.3793430249780347
PEI5mgmL_60°C_Abs.TXT,PEI5mgmL,60°C,Abs,2360,7270.22,100.0,332530.0,5.949037483787289,3.569687870967742,2.379349612819547
PEI5mgmL_60°C_Abs.TXT,PEI5mgmL,60°C,Abs,2361,7273.02,100.0,332530.0,5.949012062256809,3.5696553548387095,2.3793567074180997
PEI5mgmL_60°C_Abs.TXT,PEI5mgmL,60°C,Abs,2362,7275.42,100.0,332530.0,5.948990272373541,3.569627483870968,2.379362788502573
PEI5mgmL_60°C_Abs.TXT,PEI5mgmL,60°C,Abs,2363,7277.820000000001,100.0,332530.0,5.948968482490272,3.5695996129032257,2.3793688695870467
PEI5mgmL_60°C_Abs.TXT,PEI5mgmL,60°C,Abs,2364,7280.42,100.0,332530.0,5.948944876783399,3.569569419354839,2.37937545742856
PEI5mgmL_60°C_Abs.TXT,PEI5mgmL,60°C,Abs,2365,7282.92,100.0,332530.0,5.948922178988327,3.569540387096774,2.3793817918915527
PEI5mgmL_60°C_Abs.TXT,PEI5mgmL,60°C,Abs,2366,7285.72,100.0,332530.0,5.948896757457847,3.569507870967742,2.379388886490105
PEI5mgmL_60°C_Abs.TXT,PEI5mgmL,60°C,Abs,2367,7288.320000000001,100.0,332530.0,5.9488731517509725,3.569477677419355,2.3793954743316177
PEI5mgmL_60°C_Abs.TXT,PEI5mgmL,60°C,Abs,2368,7290.92,100.0,332530.0,5.948849546044099,3.569447483870968,2.379402062173131
PEI5mgmL_60°C_Abs.TXT,PEI5mgmL,60°C,Abs,2369,7293.42,100.0,332530.0,5.948826848249028,3.5694184516129033,2.3794083966361246
PEI5mgmL_60°C_Abs.TXT,PEI5mgmL,60°C,Abs,2370,7295.92,100.0,332530.0,5.948804150453956,3.569389419354839,2.379414731099117
PEI5mgmL_60°C_Abs.TXT,PEI5mgmL,60°C,Abs,2371,7298.42,100.0,332530.0,5.948781452658885,3.5693603870967743,2.3794210655621106
PEI5mgmL_60°C_Abs.TXT,PEI5mgmL,60°C,Abs,2372,7301.02,100.0,332530.0,5.94875784695201,3.5693301935483874,2.379427653403623
PEI5mgmL_60°C_Abs.TXT,PEI5mgmL,60°C,Abs,2373,7303.62,100.0,332530.0,5.948734241245137,3.5693,2.3794342412451366
PEI5mgmL_60°C_Abs.TXT,PEI5mgmL,60°C,Abs,2374,7306.22,100.0,332530.0,5.948710635538262,3.5692430412371134,2.3794675943011487
PEI5mgmL_60°C_Abs.TXT,PEI5mgmL,60°C,Abs,2375,7313.62,100.0,332530.0,5.948643450064851,3.5690809278350515,2.3795625222297994
PEI5mgmL_60°C_Abs.TXT,PEI5mgmL,60°C,Abs,2376,7321.72,100.0,332530.0,5.94856990920882,3.5689034793814436,2.3796664298273766
PEI5mgmL_60°C_Abs.TXT,PEI5mgmL,60°C,Abs,2377,7329.42,100.0,332530.0,5.9485,3.568734793814433,2.379765206185567
PEI5mgmL_60°C_Abs.TXT,PEI5mgmL,60°C,Abs,2378,7331.820000000001,100.0,332530.0,5.948472236503856,3.5686822164948455,2.3797900200090107
PEI5mgmL_60°C_Abs.TXT,PEI5mgmL,60°C,Abs,2379,7334.52,100.0,332530.0,5.948441002570695,3.5686230670103094,2.3798179355603852
PEI5mgmL_60°C_Abs.TXT,PEI5mgmL,60°C,Abs,2380,7336.92,100.0,332530.0,5.94841323907455,3.568570489690722,2.379842749383828
PEI5mgmL_60°C_Abs.TXT,PEI5mgmL,60°C,Abs,2381,7339.42,100.0,332530.0,5.948384318766067,3.5685157216494847,2.379868597116582
PEI5mgmL_60°C_Abs.TXT,PEI5mgmL,60°C,Abs,2382,7342.12,100.0,332530.0,5.948353084832905,3.5684565721649486,2.3798965126679565
PEI5mgmL_60°C_Abs.TXT,PEI5mgmL,60°C,Abs,2383,7344.62,100.0,332530.0,5.948324164524422,3.5684018041237113,2.3799223604007107
PEI5mgmL_60°C_Abs.TXT,PEI5mgmL,60°C,Abs,2384,7347.42,100.0,332530.0,5.94829177377892,3.568340463917526,2.3799513098613945
PEI5mgmL_60°C_Abs.TXT,PEI5mgmL,60°C,Abs,2385,7350.02,100.0,332530.0,5.948261696658098,3.568283505154639,2.379978191503459
PEI5mgmL_60°C_Abs.TXT,PEI5mgmL,60°C,Abs,2386,7352.62,100.0,332530.0,5.9482316195372755,3.568226546391753,2.3800050731455227
PEI5mgmL_60°C_Abs.TXT,PEI5mgmL,60°C,Abs,2387,7355.12,100.0,332530.0,5.948202699228792,3.5681717783505156,2.380030920878277
PEI5mgmL_60°C_Abs.TXT,PEI5mgmL,60°C,Abs,2388,7357.92,100.0,332530.0,5.948170308483291,3.56811043814433,2.3800598703389606
PEI5mgmL_60°C_Abs.TXT,PEI5mgmL,60°C,Abs,2389,7360.42,100.0,332530.0,5.9481413881748075,3.5680556701030928,2.3800857180717148
PEI5mgmL_60°C_Abs.TXT,PEI5mgmL,60°C,Abs,2390,7363.22,100.0,332530.0,5.948108997429306,3.5679943298969072,2.3801146675323985
PEI5mgmL_60°C_Abs.TXT,PEI5mgmL,60°C,Abs,2391,7365.820000000001,100.0,332530.0,5.948078920308483,3.5679373711340205,2.380141549174463
PEI5mgmL_60°C_Abs.TXT,PEI5mgmL,60°C,Abs,2392,7368.22,100.0,332530.0,5.9480511568123395,3.567884793814433,2.3801663629979064
PEI5mgmL_60°C_Abs.TXT,PEI5mgmL,60°C,Abs,2393,7370.820000000001,100.0,332530.0,5.948021079691517,3.5678278350515464,2.3801932446399707
PEI5mgmL_60°C_Abs.TXT,PEI5mgmL,60°C,Abs,2394,7373.320000000001,100.0,332530.0,5.947992159383034,3.567773067010309,2.380219092372725
PEI5mgmL_60°C_Abs.TXT,PEI5mgmL,60°C,Abs,2395,7376.02,100.0,332530.0,5.9479609254498715,3.5677139175257735,2.380247007924098
PEI5mgmL_60°C_Abs.TXT,PEI5mgmL,60°C,Abs,2396,7378.62,100.0,332530.0,5.947930848329049,3.567656958762887,2.3802738895661624
PEI5mgmL_60°C_Abs.TXT,PEI5mgmL,60°C,Abs,2397,7381.22,100.0,332530.0,5.947900771208227,3.5676,2.3803007712082267
PEI5mgmL_60°C_Abs.TXT,PEI5mgmL,60°C,Abs,2398,7383.820000000001,100.0,332530.0,5.9478706940874035,3.5675833119383826,2.380287382149021
PEI5mgmL_60°C_Abs.TXT,PEI5mgmL,60°C,Abs,2399,7391.320000000001,100.0,332530.0,5.947783933161954,3.5675351732991016,2.3802487598628526
PEI5mgmL_60°C_Abs.TXT,PEI5mgmL,60°C,Abs,2400,7399.42,100.0,332530.0,5.947690231362468,3.5674831835686778,2.3802070477937907
PEI5mgmL_60°C_Abs.TXT,PEI5mgmL,60°C,Abs,2401,7407.22,100.0,332530.0,5.9476,3.5674331193838253,2.380166880616175
PEI5mgmL_60°C_Abs.TXT,PEI5mgmL,60°C,Abs,2402,7409.820000000001,100.0,332530.0,5.947573503184714,3.567416431322208,2.380157071862506
PEI5mgmL_60°C_Abs.TXT,PEI5mgmL,60°C,Abs,2403,7412.52,100.0,332530.0,5.9475459872611465,3.5673991014120667,2.3801468858490797
PEI5mgmL_60°C_Abs.TXT,PEI5mgmL,60°C,Abs,2404,7414.92,100.0,332530.0,5.947521528662421,3.567383697047497,2.3801378316149235
PEI5mgmL_60°C_Abs.TXT,PEI5mgmL,60°C,Abs,2405,7417.62,100.0,332530.0,5.947494012738854,3.5673663671373554,2.380127645601499
PEI5mgmL_60°C_Abs.TXT,PEI5mgmL,60°C,Abs,2406,7420.12,100.0,332530.0,5.947468535031847,3.567350320924262,2.380118214107585
PEI5mgmL_60°C_Abs.TXT,PEI5mgmL,60°C,Abs,2407,7422.820000000001,100.0,332530.0,5.947441019108281,3.5673329910141205,2.38010802809416
PEI5mgmL_60°C_Abs.TXT,PEI5mgmL,60°C,Abs,2408,7425.42,100.0,332530.0,5.947414522292994,3.567316302952503,2.380098219340491
PEI5mgmL_60°C_Abs.TXT,PEI5mgmL,60°C,Abs,2409,7428.22,100.0,332530.0,5.947385987261146,3.567298331193838,2.380087656067308
PEI5mgmL_60°C_Abs.TXT,PEI5mgmL,60°C,Abs,2410,7430.62,100.0,332530.0,5.94736152866242,3.5672829268292685,2.380078601833152
PEI5mgmL_60°C_Abs.TXT,PEI5mgmL,60°C,Abs,2411,7433.02,100.0,332530.0,5.9473370700636945,3.5672675224646984,2.380069547598996
PEI5mgmL_60°C_Abs.TXT,PEI5mgmL,60°C,Abs,2412,7435.72,100.0,332530.0,5.947309554140127,3.567250192554557,2.38005936158557
PEI5mgmL_60°C_Abs.TXT,PEI5mgmL,60°C,Abs,2413,7438.12,100.0,332530.0,5.947285095541401,3.567234788189987,2.3800503073514143
PEI5mgmL_60°C_Abs.TXT,PEI5mgmL,60°C,Abs,2414,7440.92,100.0,332530.0,5.947256560509555,3.5672168164313223,2.3800397440782324
PEI5mgmL_60°C_Abs.TXT,PEI5mgmL,60°C,Abs,2415,7443.42,100.0,332530.0,5.947231082802547,3.5672007702182285,2.380030312584319
PEI5mgmL_60°C_Abs.TXT,PEI5mgmL,60°C,Abs,2416,7446.22,100.0,332530.0,5.947202547770701,3.5671827984595637,2.380019749311137
PEI5mgmL_60°C_Abs.TXT,PEI5mgmL,60°C,Abs,2417,7448.62,100.0,332530.0,5.947178089171975,3.5671673940949935,2.3800106950769813
PEI5mgmL_60°C_Abs.TXT,PEI5mgmL,60°C,Abs,2418,7451.12,100.0,332530.0,5.947152611464968,3.5671513478818997,2.3800012635830687
PEI5mgmL_60°C_Abs.TXT,PEI5mgmL,60°C,Abs,2419,7453.820000000001,100.0,332530.0,5.947125095541401,3.5671340179717586,2.3799910775696427
PEI5mgmL_60°C_Abs.TXT,PEI5mgmL,60°C,Abs,2420,7456.42,100.0,332530.0,5.9470985987261145,3.567117329910141,2.3799812688159734
PEI5mgmL_60°C_Abs.TXT,PEI5mgmL,60°C,Abs,2421,7459.12,100.0,332530.0,5.947071082802547,3.5671,2.3799710828025473
PEI5mgmL_60°C_Abs.TXT,PEI5mgmL,60°C,Abs,2422,7461.72,100.0,332530.0,5.947044585987261,3.5670439086294414,2.38000067735782
PEI5mgmL_60°C_Abs.TXT,PEI5mgmL,60°C,Abs,2423,7469.72,100.0,332530.0,5.94696305732484,3.566871319796954,2.380091737527886
PEI5mgmL_60°C_Abs.TXT,PEI5mgmL,60°C,Abs,2424,7477.42,100.0,332530.0,5.946884585987261,3.5667052030456854,2.380179382941576
PEI5mgmL_60°C_Abs.TXT,PEI5mgmL,60°C,Abs,2425,7485.72,100.0,332530.0,5.9468,3.5665261421319796,2.38027385786802
PEI5mgmL_60°C_Abs.TXT,PEI5mgmL,60°C,Abs,2426,7488.22,100.0,332530.0,5.946768071519795,3.5664722081218274,2.3802958633979676
PEI5mgmL_60°C_Abs.TXT,PEI5mgmL,60°C,Abs,2427,7490.92,100.0,332530.0,5.946733588761175,3.566413959390863,2.380319629370312
PEI5mgmL_60°C_Abs.TXT,PEI5mgmL,60°C,Abs,2428,7493.42,100.0,332530.0,5.94670166028097,3.5663600253807104,2.38034163490026
PEI5mgmL_60°C_Abs.TXT,PEI5mgmL,60°C,Abs,2429,7496.12,100.0,332530.0,5.946667177522349,3.566301776649746,2.3803654008726034
PEI5mgmL_60°C_Abs.TXT,PEI5mgmL,60°C,Abs,2430,7498.72,100.0,332530.0,5.946633971902937,3.566245685279188,2.380388286623749
PEI5mgmL_60°C_Abs.TXT,PEI5mgmL,60°C,Abs,2431,7501.42,100.0,332530.0,5.946599489144316,3.566187436548223,2.380412052596093
PEI5mgmL_60°C_Abs.TXT,PEI5mgmL,60°C,Abs,2432,7504.02,100.0,332530.0,5.946566283524904,3.566131345177665,2.3804349383472387
PEI5mgmL_60°C_Abs.TXT,PEI5mgmL,60°C,Abs,2433,7506.820000000001,100.0,332530.0,5.946530523627075,3.5660709390862944,2.3804595845407808
PEI5mgmL_60°C_Abs.TXT,PEI5mgmL,60°C,Abs,2434,7509.320000000001,100.0,332530.0,5.9464985951468705,3.566017005076142,2.3804815900707283
PEI5mgmL_60°C_Abs.TXT,PEI5mgmL,60°C,Abs,2435,7511.72,100.0,332530.0,5.9464679438058745,3.565965228426396,2.3805027153794787
PEI5mgmL_60°C_Abs.TXT,PEI5mgmL,60°C,Abs,2436,7514.42,100.0,332530.0,5.946433461047254,3.5659069796954315,2.380526481351822
PEI5mgmL_60°C_Abs.TXT,PEI5mgmL,60°C,Abs,2437,7517.02,100.0,332530.0,5.946400255427841,3.565850888324873,2.3805493671029683
PEI5mgmL_60°C_Abs.TXT,PEI5mgmL,60°C,Abs,2438,7519.62,100.0,332530.0,5.946367049808429,3.5657947969543144,2.3805722528541144
PEI5mgmL_60°C_Abs.TXT,PEI5mgmL,60°C,Abs,2439,7522.22,100.0,332530.0,5.946333844189017,3.5657387055837564,2.38059513860526
PEI5mgmL_60°C_Abs.TXT,PEI5mgmL,60°C,Abs,2440,7525.02,100.0,332530.0,5.946298084291188,3.5656782994923857,2.380619784798802
PEI5mgmL_60°C_Abs.TXT,PEI5mgmL,60°C,Abs,2441,7527.42,100.0,332530.0,5.946267432950192,3.5656265228426394,2.3806409101075525
PEI5mgmL_60°C_Abs.TXT,PEI5mgmL,60°C,Abs,2442,7529.92,100.0,332530.0,5.946235504469987,3.565572588832487,2.3806629156375
PEI5mgmL_60°C_Abs.TXT,PEI5mgmL,60°C,Abs,2443,7532.62,100.0,332530.0,5.946201021711366,3.565514340101523,2.3806866816098435
PEI5mgmL_60°C_Abs.TXT,PEI5mgmL,60°C,Abs,2444,7535.12,100.0,332530.0,5.946169093231163,3.5654604060913706,2.380708687139792
PEI5mgmL_60°C_Abs.TXT,PEI5mgmL,60°C,Abs,2445,7537.92,100.0,332530.0,5.946133333333333,3.5654,2.380733333333333
PEI5mgmL_60°C_Abs.TXT,PEI5mgmL,60°C,Abs,2446,7540.42,100.0,332530.0,5.946101404853129,3.5653740596627754,2.380727345190354
PEI5mgmL_60°C_Abs.TXT,PEI5mgmL,60°C,Abs,2447,7548.22,100.0,332530.0,5.946001787994891,3.5652931258106353,2.380708662184256
PEI5mgmL_60°C_Abs.TXT,PEI5mgmL,60°C,Abs,2448,7556.12,100.0,332530.0,5.945900893997446,3.5652111543450062,2.3806897396524396
PEI5mgmL_60°C_Abs.TXT,PEI5mgmL,60°C,Abs,2449,7564.02,100.0,332530.0,5.9458,3.565129182879377,2.380670817120623
PEI5mgmL_60°C_Abs.TXT,PEI5mgmL,60°C,Abs,2450,7566.62,100.0,332530.0,5.945772987012988,3.565102204928664,2.380670782084324
PEI5mgmL_60°C_Abs.TXT,PEI5mgmL,60°C,Abs,2451,7569.12,100.0,332530.0,5.945747012987013,3.56507626459144,2.3806707483955734
PEI5mgmL_60°C_Abs.TXT,PEI5mgmL,60°C,Abs,2452,7571.52,100.0,332530.0,5.9457220779220785,3.565051361867704,2.3806707160543743
PEI5mgmL_60°C_Abs.TXT,PEI5mgmL,60°C,Abs,2453,7574.02,100.0,332530.0,5.945696103896104,3.5650254215304797,2.3806706823656243
PEI5mgmL_60°C_Abs.TXT,PEI5mgmL,60°C,Abs,2454,7576.52,100.0,332530.0,5.94567012987013,3.5649994811932553,2.380670648676875
PEI5mgmL_60°C_Abs.TXT,PEI5mgmL,60°C,Abs,2455,7579.22,100.0,332530.0,5.945642077922078,3.564971465629053,2.380670612293025
PEI5mgmL_60°C_Abs.TXT,PEI5mgmL,60°C,Abs,2456,7581.820000000001,100.0,332530.0,5.945615064935065,3.5649444876783396,2.380670577256726
PEI5mgmL_60°C_Abs.TXT,PEI5mgmL,60°C,Abs,2457,7584.42,100.0,332530.0,5.945588051948052,3.564917509727626,2.3806705422204257
PEI5mgmL_60°C_Abs.TXT,PEI5mgmL,60°C,Abs,2458,7587.12,100.0,332530.0,5.94556,3.564889494163424,2.3806705058365765
PEI5mgmL_60°C_Abs.TXT,PEI5mgmL,60°C,Abs,2459,7589.52,100.0,332530.0,5.945535064935065,3.564864591439689,2.380670473495376
PEI5mgmL_60°C_Abs.TXT,PEI5mgmL,60°C,Abs,2460,7592.12,100.0,332530.0,5.945508051948052,3.5648376134889754,2.380670438459077
PEI5mgmL_60°C_Abs.TXT,PEI5mgmL,60°C,Abs,2461,7594.62,100.0,332530.0,5.945482077922078,3.564811673151751,2.380670404770327
PEI5mgmL_60°C_Abs.TXT,PEI5mgmL,60°C,Abs,2462,7597.22,100.0,332530.0,5.945455064935065,3.5647846952010376,2.3806703697340277
PEI5mgmL_60°C_Abs.TXT,PEI5mgmL,60°C,Abs,2463,7599.820000000001,100.0,332530.0,5.945428051948052,3.564757717250324,2.3806703346977276
PEI5mgmL_60°C_Abs.TXT,PEI5mgmL,60°C,Abs,2464,7602.42,100.0,332530.0,5.945401038961039,3.564730739299611,2.3806702996614284
PEI5mgmL_60°C_Abs.TXT,PEI5mgmL,60°C,Abs,2465,7605.02,100.0,332530.0,5.945374025974027,3.5647037613488974,2.380670264625129
PEI5mgmL_60°C_Abs.TXT,PEI5mgmL,60°C,Abs,2466,7607.42,100.0,332530.0,5.945349090909091,3.5646788586251623,2.380670232283929
PEI5mgmL_60°C_Abs.TXT,PEI5mgmL,60°C,Abs,2467,7610.02,100.0,332530.0,5.945322077922079,3.564651880674449,2.3806701972476296
PEI5mgmL_60°C_Abs.TXT,PEI5mgmL,60°C,Abs,2468,7612.62,100.0,332530.0,5.945295064935065,3.5646249027237356,2.3806701622113295
PEI5mgmL_60°C_Abs.TXT,PEI5mgmL,60°C,Abs,2469,7615.02,100.0,332530.0,5.9452701298701305,3.5646,2.3806701298701305
PEI5mgmL_60°C_Abs.TXT,PEI5mgmL,60°C,Abs,2470,7617.62,100.0,332530.0,5.945243116883117,3.5645598455598457,2.3806832713232713
PEI5mgmL_60°C_Abs.TXT,PEI5mgmL,60°C,Abs,2471,7625.320000000001,100.0,332530.0,5.945163116883117,3.5644409266409265,2.380722190242191
PEI5mgmL_60°C_Abs.TXT,PEI5mgmL,60°C,Abs,2472,7633.22,100.0,332530.0,5.945081038961039,3.564318918918919,2.38076212004212
PEI5mgmL_60°C_Abs.TXT,PEI5mgmL,60°C,Abs,2473,7641.02,100.0,332530.0,5.945,3.5641984555984556,2.3808015444015447
PEI5mgmL_60°C_Abs.TXT,PEI5mgmL,60°C,Abs,2474,7643.52,100.0,332530.0,5.94497425997426,3.5641598455598458,2.3808144144144143
PEI5mgmL_60°C_Abs.TXT,PEI5mgmL,60°C,Abs,2475,7646.12,100.0,332530.0,5.944947490347491,3.564119691119691,2.3808277992277995
PEI5mgmL_60°C_Abs.TXT,PEI5mgmL,60°C,Abs,2476,7648.62,100.0,332530.0,5.94492175032175,3.5640810810810812,2.380840669240669
PEI5mgmL_60°C_Abs.TXT,PEI5mgmL,60°C,Abs,2477,7651.12,100.0,332530.0,5.94489601029601,3.564042471042471,2.3808535392535393
PEI5mgmL_60°C_Abs.TXT,PEI5mgmL,60°C,Abs,2478,7653.62,100.0,332530.0,5.944870270270271,3.564003861003861,2.38086640926641
PEI5mgmL_60°C_Abs.TXT,PEI5mgmL,60°C,Abs,2479,7656.12,100.0,332530.0,5.944844530244531,3.563965250965251,2.38087927927928
PEI5mgmL_60°C_Abs.TXT,PEI5mgmL,60°C,Abs,2480,7658.92,100.0,332530.0,5.944815701415702,3.5639220077220077,2.380893693693694
PEI5mgmL_60°C_Abs.TXT,PEI5mgmL,60°C,Abs,2481,7661.42,100.0,332530.0,5.9447899613899615,3.563883397683398,2.3809065637065636
PEI5mgmL_60°C_Abs.TXT,PEI5mgmL,60°C,Abs,2482,7664.22,100.0,332530.0,5.9447611325611325,3.5638401544401543,2.380920978120978
PEI5mgmL_60°C_Abs.TXT,PEI5mgmL,60°C,Abs,2483,7666.62,100.0,332530.0,5.9447364221364225,3.563803088803089,2.3809333333333336
PEI5mgmL_60°C_Abs.TXT,PEI5mgmL,60°C,Abs,2484,7669.42,100.0,332530.0,5.9447075933075935,3.563759845559846,2.3809477477477476
PEI5mgmL_60°C_Abs.TXT,PEI5mgmL,60°C,Abs,2485,7671.92,100.0,332530.0,5.944681853281853,3.5637212355212355,2.3809606177606177
PEI5mgmL_60°C_Abs.TXT,PEI5mgmL,60°C,Abs,2486,7674.42,100.0,332530.0,5.944656113256114,3.5636826254826257,2.3809734877734883
PEI5mgmL_60°C_Abs.TXT,PEI5mgmL,60°C,Abs,2487,7677.12,100.0,332530.0,5.944628314028314,3.5636409266409266,2.3809873873873877
PEI5mgmL_60°C_Abs.TXT,PEI5mgmL,60°C,Abs,2488,7679.52,100.0,332530.0,5.944603603603604,3.563603861003861,2.380999742599743
PEI5mgmL_60°C_Abs.TXT,PEI5mgmL,60°C,Abs,2489,7682.320000000001,100.0,332530.0,5.944574774774775,3.563560617760618,2.381014157014157
PEI5mgmL_60°C_Abs.TXT,PEI5mgmL,60°C,Abs,2490,7684.820000000001,100.0,332530.0,5.944549034749035,3.563522007722008,2.3810270270270273
PEI5mgmL_60°C_Abs.TXT,PEI5mgmL,60°C,Abs,2491,7687.42,100.0,332530.0,5.944522265122266,3.5634818532818535,2.381040411840412
PEI5mgmL_60°C_Abs.TXT,PEI5mgmL,60°C,Abs,2492,7690.02,100.0,332530.0,5.944495495495496,3.563441698841699,2.3810537966537972
PEI5mgmL_60°C_Abs.TXT,PEI5mgmL,60°C,Abs,2493,7692.72,100.0,332530.0,5.944467696267696,3.5634,2.381067696267696
PEI5mgmL_60°C_Abs.TXT,PEI5mgmL,60°C,Abs,2494,7695.320000000001,100.0,332530.0,5.944440926640927,3.5633564993564995,2.3810844272844274
PEI5mgmL_60°C_Abs.TXT,PEI5mgmL,60°C,Abs,2495,7703.02,100.0,332530.0,5.944361647361648,3.5632276705276706,2.381133976833977
PEI5mgmL_60°C_Abs.TXT,PEI5mgmL,60°C,Abs,2496,7710.92,100.0,332530.0,5.944280308880309,3.5630954954954954,2.3811848133848135
PEI5mgmL_60°C_Abs.TXT,PEI5mgmL,60°C,Abs,2497,7718.72,100.0,332530.0,5.9442,3.562964993564994,2.3812350064350065
PEI5mgmL_60°C_Abs.TXT,PEI5mgmL,60°C,Abs,2498,7721.42,100.0,332530.0,5.944162068965517,3.56291981981982,2.3812422491456973
PEI5mgmL_60°C_Abs.TXT,PEI5mgmL,60°C,Abs,2499,7723.92,100.0,332530.0,5.944126947637293,3.5628779922779925,2.3812489553593004
PEI5mgmL_60°C_Abs.TXT,PEI5mgmL,60°C,Abs,2500,7726.320000000001,100.0,332530.0,5.9440932311621975,3.562837837837838,2.3812553933243596
PEI5mgmL_60°C_Abs.TXT,PEI5mgmL,60°C,Abs,2501,7729.02,100.0,332530.0,5.944055300127714,3.5627926640926644,2.38126263603505
PEI5mgmL_60°C_Abs.TXT,PEI5mgmL,60°C,Abs,2502,7731.52,100.0,332530.0,5.944020178799489,3.5627508365508365,2.3812693422486526
PEI5mgmL_60°C_Abs.TXT,PEI5mgmL,60°C,Abs,2503,7734.320000000001,100.0,332530.0,5.943980842911878,3.56270398970399,2.381276853207888
PEI5mgmL_60°C_Abs.TXT,PEI5mgmL,60°C,Abs,2504,7736.92,100.0,332530.0,5.943944316730524,3.562660489060489,2.3812838276700345
PEI5mgmL_60°C_Abs.TXT,PEI5mgmL,60°C,Abs,2505,7739.42,100.0,332530.0,5.943909195402299,3.5626186615186617,2.3812905338836377
PEI5mgmL_60°C_Abs.TXT,PEI5mgmL,60°C,Abs,2506,7742.02,100.0,332530.0,5.943872669220945,3.562575160875161,2.381297508345784
PEI5mgmL_60°C_Abs.TXT,PEI5mgmL,60°C,Abs,2507,7744.42,100.0,332530.0,5.94383895274585,3.5625350064350063,2.3813039463108434
PEI5mgmL_60°C_Abs.TXT,PEI5mgmL,60°C,Abs,2508,7747.12,100.0,332530.0,5.943801021711367,3.562489832689833,2.3813111890215337
PEI5mgmL_60°C_Abs.TXT,PEI5mgmL,60°C,Abs,2509,7749.52,100.0,332530.0,5.943767305236271,3.562449678249678,2.381317626986593
PEI5mgmL_60°C_Abs.TXT,PEI5mgmL,60°C,Abs,2510,7752.22,100.0,332530.0,5.943729374201788,3.5624045045045047,2.3813248696972833
PEI5mgmL_60°C_Abs.TXT,PEI5mgmL,60°C,Abs,2511,7754.820000000001,100.0,332530.0,5.943692848020435,3.562361003861004,2.3813318441594307
PEI5mgmL_60°C_Abs.TXT,PEI5mgmL,60°C,Abs,2512,7757.52,100.0,332530.0,5.943654916985952,3.56231583011583,2.3813390868701214
PEI5mgmL_60°C_Abs.TXT,PEI5mgmL,60°C,Abs,2513,7760.02,100.0,332530.0,5.943619795657727,3.5622740025740027,2.3813457930837245
PEI5mgmL_60°C_Abs.TXT,PEI5mgmL,60°C,Abs,2514,7762.42,100.0,332530.0,5.943586079182631,3.562233848133848,2.381352231048783
PEI5mgmL_60°C_Abs.TXT,PEI5mgmL,60°C,Abs,2515,7765.12,100.0,332530.0,5.943548148148149,3.5621886743886746,2.381359473759474
PEI5mgmL_60°C_Abs.TXT,PEI5mgmL,60°C,Abs,2516,7767.72,100.0,332530.0,5.9435116219667945,3.562145173745174,2.3813664482216206
PEI5mgmL_60°C_Abs.TXT,PEI5mgmL,60°C,Abs,2517,7770.420000000001,100.0,332530.0,5.943473690932312,3.5621,2.381373690932312
PEI5mgmL_60°C_Abs.TXT,PEI5mgmL,60°C,Abs,2518,7773.0199999999995,100.0,332530.0,5.943437164750958,3.5620632862644417,2.3813738784865164
PEI5mgmL_60°C_Abs.TXT,PEI5mgmL,60°C,Abs,2519,7781.12,100.0,332530.0,5.94332337164751,3.56194890885751,2.3813744627899998
PEI5mgmL_60°C_Abs.TXT,PEI5mgmL,60°C,Abs,2520,7788.820000000001,100.0,332530.0,5.943215197956578,3.5618401797175867,2.381375018238991
PEI5mgmL_60°C_Abs.TXT,PEI5mgmL,60°C,Abs,2521,7797.0199999999995,100.0,332530.0,5.9431,3.5617243902439024,2.381375609756098
PEI5mgmL_60°C_Abs.TXT,PEI5mgmL,60°C,Abs,2522,7799.420000000001,100.0,332530.0,5.943081419354839,3.5616905006418484,2.3813909187129907
PEI5mgmL_60°C_Abs.TXT,PEI5mgmL,60°C,Abs,2523,7801.920000000001,100.0,332530.0,5.94306206451613,3.5616551989730425,2.381406865543087
PEI5mgmL_60°C_Abs.TXT,PEI5mgmL,60°C,Abs,2524,7804.5199999999995,100.0,332530.0,5.943041935483871,3.561618485237484,2.3814234502463867
PEI5mgmL_60°C_Abs.TXT,PEI5mgmL,60°C,Abs,2525,7807.0199999999995,100.0,332530.0,5.943022580645161,3.5615831835686778,2.3814393970764836
PEI5mgmL_60°C_Abs.TXT,PEI5mgmL,60°C,Abs,2526,7809.72,100.0,332530.0,5.943001677419355,3.561545057766367,2.381456619652988
PEI5mgmL_60°C_Abs.TXT,PEI5mgmL,60°C,Abs,2527,7812.22,100.0,332530.0,5.9429823225806455,3.561509756097561,2.3814725664830845
PEI5mgmL_60°C_Abs.TXT,PEI5mgmL,60°C,Abs,2528,7814.820000000001,100.0,332530.0,5.942962193548388,3.5614730423620027,2.381489151186385
PEI5mgmL_60°C_Abs.TXT,PEI5mgmL,60°C,Abs,2529,7817.420000000001,100.0,332530.0,5.942942064516129,3.5614363286264443,2.3815057358896845
PEI5mgmL_60°C_Abs.TXT,PEI5mgmL,60°C,Abs,2530,7819.820000000001,100.0,332530.0,5.942923483870968,3.5614024390243904,2.3815210448465773
PEI5mgmL_60°C_Abs.TXT,PEI5mgmL,60°C,Abs,2531,7822.5199999999995,100.0,332530.0,5.942902580645161,3.5613643132220796,2.381538267423082
PEI5mgmL_60°C_Abs.TXT,PEI5mgmL,60°C,Abs,2532,7825.12,100.0,332530.0,5.9428824516129035,3.5613275994865212,2.3815548521263823
PEI5mgmL_60°C_Abs.TXT,PEI5mgmL,60°C,Abs,2533,7827.920000000001,100.0,332530.0,5.942860774193549,3.561288061617458,2.381572712576091
PEI5mgmL_60°C_Abs.TXT,PEI5mgmL,60°C,Abs,2534,7830.5199999999995,100.0,332530.0,5.94284064516129,3.5612513478818997,2.3815892972793904
PEI5mgmL_60°C_Abs.TXT,PEI5mgmL,60°C,Abs,2535,7833.22,100.0,332530.0,5.942819741935484,3.5612132220795893,2.3816065198558944
PEI5mgmL_60°C_Abs.TXT,PEI5mgmL,60°C,Abs,2536,7835.62,100.0,332530.0,5.942801161290323,3.5611793324775354,2.3816218288127873
PEI5mgmL_60°C_Abs.TXT,PEI5mgmL,60°C,Abs,2537,7838.12,100.0,332530.0,5.942781806451613,3.561144030808729,2.381637775642884
PEI5mgmL_60°C_Abs.TXT,PEI5mgmL,60°C,Abs,2538,7840.62,100.0,332530.0,5.942762451612904,3.561108729139923,2.3816537224729806
PEI5mgmL_60°C_Abs.TXT,PEI5mgmL,60°C,Abs,2539,7843.22,100.0,332530.0,5.942742322580645,3.5610720154043647,2.38167030717628
PEI5mgmL_60°C_Abs.TXT,PEI5mgmL,60°C,Abs,2540,7845.72,100.0,332530.0,5.942722967741935,3.5610367137355583,2.381686254006377
PEI5mgmL_60°C_Abs.TXT,PEI5mgmL,60°C,Abs,2541,7848.320000000001,100.0,332530.0,5.942702838709677,3.561,2.3817028387096775
PEI5mgmL_60°C_Abs.TXT,PEI5mgmL,60°C,Abs,2542,7850.920000000001,100.0,332530.0,5.9426827096774195,3.5609730918499354,2.381709617827484
PEI5mgmL_60°C_Abs.TXT,PEI5mgmL,60°C,Abs,2543,7858.62,100.0,332530.0,5.942623096774193,3.56089340232859,2.3817296944456032
PEI5mgmL_60°C_Abs.TXT,PEI5mgmL,60°C,Abs,2544,7866.320000000001,100.0,332530.0,5.942563483870968,3.5608137128072443,2.3817497710637237
PEI5mgmL_60°C_Abs.TXT,PEI5mgmL,60°C,Abs,2545,7874.5199999999995,100.0,332530.0,5.9425,3.5607288486416557,2.381771151358344
PEI5mgmL_60°C_Abs.TXT,PEI5mgmL,60°C,Abs,2546,7877.0199999999995,100.0,332530.0,5.942473992197659,3.56070297542044,2.381771016777219
PEI5mgmL_60°C_Abs.TXT,PEI5mgmL,60°C,Abs,2547,7879.420000000001,100.0,332530.0,5.942449024707412,3.5606781371280722,2.3817708875793397
PEI5mgmL_60°C_Abs.TXT,PEI5mgmL,60°C,Abs,2548,7882.0199999999995,100.0,332530.0,5.9424219765929776,3.5606512289780077,2.38177074761497
PEI5mgmL_60°C_Abs.TXT,PEI5mgmL,60°C,Abs,2549,7884.420000000001,100.0,332530.0,5.942397009102731,3.5606263906856404,2.3817706184170904
PEI5mgmL_60°C_Abs.TXT,PEI5mgmL,60°C,Abs,2550,7887.0199999999995,100.0,332530.0,5.942369960988296,3.560599482535576,2.3817704784527205
PEI5mgmL_60°C_Abs.TXT,PEI5mgmL,60°C,Abs,2551,7889.62,100.0,332530.0,5.942342912873862,3.560572574385511,2.381770338488351
PEI5mgmL_60°C_Abs.TXT,PEI5mgmL,60°C,Abs,2552,7892.22,100.0,332530.0,5.942315864759427,3.560545666235446,2.381770198523981
PEI5mgmL_60°C_Abs.TXT,PEI5mgmL,60°C,Abs,2553,7894.72,100.0,332530.0,5.942289856957087,3.56051979301423,2.381770063942857
PEI5mgmL_60°C_Abs.TXT,PEI5mgmL,60°C,Abs,2554,7897.22,100.0,332530.0,5.942263849154746,3.5604939197930143,2.381769929361732
PEI5mgmL_60°C_Abs.TXT,PEI5mgmL,60°C,Abs,2555,7899.62,100.0,332530.0,5.942238881664499,3.560469081500647,2.3817698001638523
PEI5mgmL_60°C_Abs.TXT,PEI5mgmL,60°C,Abs,2556,7902.420000000001,100.0,332530.0,5.942209752925877,3.5604401034928848,2.3817696494329925
PEI5mgmL_60°C_Abs.TXT,PEI5mgmL,60°C,Abs,2557,7904.920000000001,100.0,332530.0,5.942183745123537,3.560414230271669,2.381769514851868
PEI5mgmL_60°C_Abs.TXT,PEI5mgmL,60°C,Abs,2558,7907.72,100.0,332530.0,5.942154616384915,3.560385252263907,2.3817693641210083
PEI5mgmL_60°C_Abs.TXT,PEI5mgmL,60°C,Abs,2559,7910.320000000001,100.0,332530.0,5.9421275682704815,3.560358344113842,2.3817692241566393
PEI5mgmL_60°C_Abs.TXT,PEI5mgmL,60°C,Abs,2560,7912.920000000001,100.0,332530.0,5.942100520156047,3.5603314359637777,2.3817690841922694
PEI5mgmL_60°C_Abs.TXT,PEI5mgmL,60°C,Abs,2561,7915.320000000001,100.0,332530.0,5.942075552665799,3.56030659767141,2.3817689549943895
PEI5mgmL_60°C_Abs.TXT,PEI5mgmL,60°C,Abs,2562,7917.820000000001,100.0,332530.0,5.942049544863459,3.560280724450194,2.381768820413265
PEI5mgmL_60°C_Abs.TXT,PEI5mgmL,60°C,Abs,2563,7920.420000000001,100.0,332530.0,5.942022496749025,3.560253816300129,2.3817686804488956
PEI5mgmL_60°C_Abs.TXT,PEI5mgmL,60°C,Abs,2564,7923.0199999999995,100.0,332530.0,5.94199544863459,3.5602269081500646,2.3817685404845257
PEI5mgmL_60°C_Abs.TXT,PEI5mgmL,60°C,Abs,2565,7925.62,100.0,332530.0,5.941968400520156,3.5602,2.381768400520156
PEI5mgmL_60°C_Abs.TXT,PEI5mgmL,60°C,Abs,2566,7928.22,100.0,332530.0,5.941941352405721,3.5601498714652955,2.381791480940426
PEI5mgmL_60°C_Abs.TXT,PEI5mgmL,60°C,Abs,2567,7935.920000000001,100.0,332530.0,5.941861248374512,3.560001413881748,2.381859834492764
PEI5mgmL_60°C_Abs.TXT,PEI5mgmL,60°C,Abs,2568,7943.72,100.0,332530.0,5.941780104031209,3.559851028277635,2.381929075753574
PEI5mgmL_60°C_Abs.TXT,PEI5mgmL,60°C,Abs,2569,7951.420000000001,100.0,332530.0,5.9417,3.5597025706940872,2.3819974293059127
PEI5mgmL_60°C_Abs.TXT,PEI5mgmL,60°C,Abs,2570,7953.920000000001,100.0,332530.0,5.941667989756722,3.5596543701799486,2.382013619576773
PEI5mgmL_60°C_Abs.TXT,PEI5mgmL,60°C,Abs,2571,7956.62,100.0,332530.0,5.941633418693982,3.5596023136246786,2.3820311050693035
PEI5mgmL_60°C_Abs.TXT,PEI5mgmL,60°C,Abs,2572,7959.12,100.0,332530.0,5.941601408450704,3.55955411311054,2.382047295340164
PEI5mgmL_60°C_Abs.TXT,PEI5mgmL,60°C,Abs,2573,7961.820000000001,100.0,332530.0,5.941566837387964,3.55950205655527,2.3820647808326942
PEI5mgmL_60°C_Abs.TXT,PEI5mgmL,60°C,Abs,2574,7964.320000000001,100.0,332530.0,5.941534827144686,3.5594538560411313,2.3820809711035547
PEI5mgmL_60°C_Abs.TXT,PEI5mgmL,60°C,Abs,2575,7966.820000000001,100.0,332530.0,5.941502816901409,3.559405655526992,2.3820971613744164
PEI5mgmL_60°C_Abs.TXT,PEI5mgmL,60°C,Abs,2576,7969.420000000001,100.0,332530.0,5.941469526248399,3.559355526992288,2.382113999256111
PEI5mgmL_60°C_Abs.TXT,PEI5mgmL,60°C,Abs,2577,7972.0199999999995,100.0,332530.0,5.941436235595391,3.5593053984575835,2.382130837137807
PEI5mgmL_60°C_Abs.TXT,PEI5mgmL,60°C,Abs,2578,7974.62,100.0,332530.0,5.941402944942381,3.559255269922879,2.3821476750195023
PEI5mgmL_60°C_Abs.TXT,PEI5mgmL,60°C,Abs,2579,7977.12,100.0,332530.0,5.941370934699104,3.5592070694087403,2.3821638652903636
PEI5mgmL_60°C_Abs.TXT,PEI5mgmL,60°C,Abs,2580,7979.920000000001,100.0,332530.0,5.941335083226632,3.559153084832905,2.3821819983937274
PEI5mgmL_60°C_Abs.TXT,PEI5mgmL,60°C,Abs,2581,7982.420000000001,100.0,332530.0,5.941303072983355,3.5591048843187663,2.3821981886645887
PEI5mgmL_60°C_Abs.TXT,PEI5mgmL,60°C,Abs,2582,7985.22,100.0,332530.0,5.941267221510883,3.5590508997429304,2.382216321767953
PEI5mgmL_60°C_Abs.TXT,PEI5mgmL,60°C,Abs,2583,7987.820000000001,100.0,332530.0,5.941233930857875,3.5590007712082263,2.3822331596496484
PEI5mgmL_60°C_Abs.TXT,PEI5mgmL,60°C,Abs,2584,7990.5199999999995,100.0,332530.0,5.941199359795134,3.5589487146529564,2.382250645142178
PEI5mgmL_60°C_Abs.TXT,PEI5mgmL,60°C,Abs,2585,7993.0199999999995,100.0,332530.0,5.941167349551856,3.5589005141388177,2.3822668354130383
PEI5mgmL_60°C_Abs.TXT,PEI5mgmL,60°C,Abs,2586,7995.420000000001,100.0,332530.0,5.94113661971831,3.558854241645244,2.3822823780730658
PEI5mgmL_60°C_Abs.TXT,PEI5mgmL,60°C,Abs,2587,7998.22,100.0,332530.0,5.941100768245838,3.5588002570694086,2.3823005111764295
PEI5mgmL_60°C_Abs.TXT,PEI5mgmL,60°C,Abs,2588,8000.820000000001,100.0,332530.0,5.94106747759283,3.5587501285347045,2.382317349058125
PEI5mgmL_60°C_Abs.TXT,PEI5mgmL,60°C,Abs,2589,8003.420000000001,100.0,332530.0,5.94103418693982,3.5587,2.3823341869398202
PEI5mgmL_60°C_Abs.TXT,PEI5mgmL,60°C,Abs,2590,8006.0199999999995,100.0,332530.0,5.941000896286812,3.5586698064516127,2.382331089835199
PEI5mgmL_60°C_Abs.TXT,PEI5mgmL,60°C,Abs,2591,8013.920000000001,100.0,332530.0,5.940899743918053,3.558578064516129,2.382321679401924
PEI5mgmL_60°C_Abs.TXT,PEI5mgmL,60°C,Abs,2592,8021.62,100.0,332530.0,5.940801152368758,3.5584886451612903,2.382312507207468
PEI5mgmL_60°C_Abs.TXT,PEI5mgmL,60°C,Abs,2593,8029.5199999999995,100.0,332530.0,5.9407,3.5583969032258063,2.3823030967741934
PEI5mgmL_60°C_Abs.TXT,PEI5mgmL,60°C,Abs,2594,8032.12,100.0,332530.0,5.940676516129032,3.5583667096774194,2.3823098064516124
PEI5mgmL_60°C_Abs.TXT,PEI5mgmL,60°C,Abs,2595,8034.62,100.0,332530.0,5.940653935483871,3.5583376774193547,2.3823162580645163
PEI5mgmL_60°C_Abs.TXT,PEI5mgmL,60°C,Abs,2596,8037.0199999999995,100.0,332530.0,5.9406322580645154,3.558309806451613,2.3823224516129025
PEI5mgmL_60°C_Abs.TXT,PEI5mgmL,60°C,Abs,2597,8039.62,100.0,332530.0,5.9406087741935485,3.5582796129032257,2.382329161290323
PEI5mgmL_60°C_Abs.TXT,PEI5mgmL,60°C,Abs,2598,8042.22,100.0,332530.0,5.940585290322581,3.558249419354839,2.382335870967742
PEI5mgmL_60°C_Abs.TXT,PEI5mgmL,60°C,Abs,2599,8044.72,100.0,332530.0,5.940562709677419,3.558220387096774,2.382342322580645
PEI5mgmL_60°C_Abs.TXT,PEI5mgmL,60°C,Abs,2600,8047.420000000001,100.0,332530.0,5.940538322580645,3.5581890322580643,2.3823492903225807
PEI5mgmL_60°C_Abs.TXT,PEI5mgmL,60°C,Abs,2601,8050.22,100.0,332530.0,5.940513032258064,3.5581565161290323,2.3823565161290317
PEI5mgmL_60°C_Abs.TXT,PEI5mgmL,60°C,Abs,2602,8052.62,100.0,332530.0,5.940491354838709,3.55812864516129,2.382362709677419
PEI5mgmL_60°C_Abs.TXT,PEI5mgmL,60°C,Abs,2603,8055.12,100.0,332530.0,5.9404687741935485,3.558099612903226,2.3823691612903226
PEI5mgmL_60°C_Abs.TXT,PEI5mgmL,60°C,Abs,2604,8057.920000000001,100.0,332530.0,5.940443483870967,3.5580670967741934,2.382376387096774
PEI5mgmL_60°C_Abs.TXT,PEI5mgmL,60°C,Abs,2605,8060.320000000001,100.0,332530.0,5.940421806451613,3.5580392258064517,2.382382580645161
PEI5mgmL_60°C_Abs.TXT,PEI5mgmL,60°C,Abs,2606,8062.920000000001,100.0,332530.0,5.940398322580645,3.5580090322580644,2.3823892903225805
PEI5mgmL_60°C_Abs.TXT,PEI5mgmL,60°C,Abs,2607,8065.5199999999995,100.0,332530.0,5.940374838709677,3.557978838709677,2.382396
PEI5mgmL_60°C_Abs.TXT,PEI5mgmL,60°C,Abs,2608,8068.0199999999995,100.0,332530.0,5.940352258064516,3.557949806451613,2.3824024516129034
PEI5mgmL_60°C_Abs.TXT,PEI5mgmL,60°C,Abs,2609,8070.5199999999995,100.0,332530.0,5.940329677419355,3.557920774193548,2.3824089032258065
PEI5mgmL_60°C_Abs.TXT,PEI5mgmL,60°C,Abs,2610,8073.0199999999995,100.0,332530.0,5.940307096774194,3.557891741935484,2.38241535483871
PEI5mgmL_60°C_Abs.TXT,PEI5mgmL,60°C,Abs,2611,8075.72,100.0,332530.0,5.94028270967742,3.557860387096774,2.382422322580646
PEI5mgmL_60°C_Abs.TXT,PEI5mgmL,60°C,Abs,2612,8078.420000000001,100.0,332530.0,5.940258322580645,3.5578290322580646,2.3824292903225803
PEI5mgmL_60°C_Abs.TXT,PEI5mgmL,60°C,Abs,2613,8080.920000000001,100.0,332530.0,5.940235741935484,3.5578,2.3824357419354842
PEI5mgmL_60°C_Abs.TXT,PEI5mgmL,60°C,Abs,2614,8083.72,100.0,332530.0,5.940210451612903,3.5577604113110537,2.3824500403018494
PEI5mgmL_60°C_Abs.TXT,PEI5mgmL,60°C,Abs,2615,8091.22,100.0,332530.0,5.94014270967742,3.5576543701799483,2.3824883394974714
PEI5mgmL_60°C_Abs.TXT,PEI5mgmL,60°C,Abs,2616,8099.22,100.0,332530.0,5.940070451612904,3.557541259640103,2.382529191972801
PEI5mgmL_60°C_Abs.TXT,PEI5mgmL,60°C,Abs,2617,8107.0199999999995,100.0,332530.0,5.94,3.557430976863753,2.3825690231362473
PEI5mgmL_60°C_Abs.TXT,PEI5mgmL,60°C,Abs,2618,8109.72,100.0,332530.0,5.939968766066839,3.557392802056555,2.3825759640102837
PEI5mgmL_60°C_Abs.TXT,PEI5mgmL,60°C,Abs,2619,8112.320000000001,100.0,332530.0,5.9399386889460155,3.5573560411311056,2.38258264781491
PEI5mgmL_60°C_Abs.TXT,PEI5mgmL,60°C,Abs,2620,8115.0199999999995,100.0,332530.0,5.939907455012854,3.5573178663239076,2.3825895886889463
PEI5mgmL_60°C_Abs.TXT,PEI5mgmL,60°C,Abs,2621,8117.5199999999995,100.0,332530.0,5.939878534704371,3.557282519280206,2.382596015424165
PEI5mgmL_60°C_Abs.TXT,PEI5mgmL,60°C,Abs,2622,8120.0199999999995,100.0,332530.0,5.939849614395887,3.557247172236504,2.3826024421593828
PEI5mgmL_60°C_Abs.TXT,PEI5mgmL,60°C,Abs,2623,8122.62,100.0,332530.0,5.939819537275064,3.557210411311054,2.3826091259640103
PEI5mgmL_60°C_Abs.TXT,PEI5mgmL,60°C,Abs,2624,8125.22,100.0,332530.0,5.939789460154242,3.557173650385604,2.382615809768638
PEI5mgmL_60°C_Abs.TXT,PEI5mgmL,60°C,Abs,2625,8128.0199999999995,100.0,332530.0,5.93975706940874,3.557134061696658,2.3826230077120822
PEI5mgmL_60°C_Abs.TXT,PEI5mgmL,60°C,Abs,2626,8130.420000000001,100.0,332530.0,5.939729305912596,3.5571001285347044,2.382629177377892
PEI5mgmL_60°C_Abs.TXT,PEI5mgmL,60°C,Abs,2627,8132.820000000001,100.0,332530.0,5.9397015424164525,3.5570661953727507,2.382635347043702
PEI5mgmL_60°C_Abs.TXT,PEI5mgmL,60°C,Abs,2628,8135.420000000001,100.0,332530.0,5.93967146529563,3.557029434447301,2.3826420308483294
PEI5mgmL_60°C_Abs.TXT,PEI5mgmL,60°C,Abs,2629,8137.920000000001,100.0,332530.0,5.939642544987147,3.556994087403599,2.382648457583548
PEI5mgmL_60°C_Abs.TXT,PEI5mgmL,60°C,Abs,2630,8140.72,100.0,332530.0,5.939610154241645,3.556954498714653,2.3826556555269924
PEI5mgmL_60°C_Abs.TXT,PEI5mgmL,60°C,Abs,2631,8143.320000000001,100.0,332530.0,5.939580077120823,3.5569177377892034,2.3826623393316195
PEI5mgmL_60°C_Abs.TXT,PEI5mgmL,60°C,Abs,2632,8146.0199999999995,100.0,332530.0,5.93954884318766,3.5568795629820054,2.382669280205655
PEI5mgmL_60°C_Abs.TXT,PEI5mgmL,60°C,Abs,2633,8148.420000000001,100.0,332530.0,5.9395210796915165,3.5568456298200517,2.382675449871465
PEI5mgmL_60°C_Abs.TXT,PEI5mgmL,60°C,Abs,2634,8150.920000000001,100.0,332530.0,5.939492159383033,3.55681028277635,2.3826818766066835
PEI5mgmL_60°C_Abs.TXT,PEI5mgmL,60°C,Abs,2635,8153.420000000001,100.0,332530.0,5.93946323907455,3.556774935732648,2.382688303341902
PEI5mgmL_60°C_Abs.TXT,PEI5mgmL,60°C,Abs,2636,8156.0199999999995,100.0,332530.0,5.939433161953728,3.5567381748071982,2.3826949871465297
PEI5mgmL_60°C_Abs.TXT,PEI5mgmL,60°C,Abs,2637,8158.72,100.0,332530.0,5.939401928020565,3.5567,2.3827019280205652
PEI5mgmL_60°C_Abs.TXT,PEI5mgmL,60°C,Abs,2638,8161.320000000001,100.0,332530.0,5.939371850899743,3.556649806949807,2.382722043949936
PEI5mgmL_60°C_Abs.TXT,PEI5mgmL,60°C,Abs,2639,8169.0199999999995,100.0,332530.0,5.939282776349614,3.5565011583011583,2.382781618048456
PEI5mgmL_60°C_Abs.TXT,PEI5mgmL,60°C,Abs,2640,8176.920000000001,100.0,332530.0,5.939191388174807,3.556348648648649,2.382842739526158
PEI5mgmL_60°C_Abs.TXT,PEI5mgmL,60°C,Abs,2641,8184.820000000001,100.0,332530.0,5.9391,3.556196138996139,2.382903861003861
PEI5mgmL_60°C_Abs.TXT,PEI5mgmL,60°C,Abs,2642,8187.420000000001,100.0,332530.0,5.939069806451613,3.556145945945946,2.382923860505667
PEI5mgmL_60°C_Abs.TXT,PEI5mgmL,60°C,Abs,2643,8189.920000000001,100.0,332530.0,5.939040774193548,3.5560976833976836,2.382943090795864
PEI5mgmL_60°C_Abs.TXT,PEI5mgmL,60°C,Abs,2644,8192.72,100.0,332530.0,5.939008258064516,3.5560436293436295,2.3829646287208863
PEI5mgmL_60°C_Abs.TXT,PEI5mgmL,60°C,Abs,2645,8195.119999999999,100.0,332530.0,5.938980387096774,3.5559972972972975,2.3829830897994766
PEI5mgmL_60°C_Abs.TXT,PEI5mgmL,60°C,Abs,2646,8197.72,100.0,332530.0,5.938950193548387,3.5559471042471045,2.383003089301283
PEI5mgmL_60°C_Abs.TXT,PEI5mgmL,60°C,Abs,2647,8200.32,100.0,332530.0,5.9389199999999995,3.5558969111969114,2.383023088803088
PEI5mgmL_60°C_Abs.TXT,PEI5mgmL,60°C,Abs,2648,8202.92,100.0,332530.0,5.938889806451613,3.5558467181467184,2.3830430883048943
PEI5mgmL_60°C_Abs.TXT,PEI5mgmL,60°C,Abs,2649,8205.619999999999,100.0,332530.0,5.938858451612903,3.5557945945945946,2.3830638570183087
PEI5mgmL_60°C_Abs.TXT,PEI5mgmL,60°C,Abs,2650,8208.119999999999,100.0,332530.0,5.938829419354839,3.5557463320463323,2.3830830873085067
PEI5mgmL_60°C_Abs.TXT,PEI5mgmL,60°C,Abs,2651,8210.72,100.0,332530.0,5.938799225806451,3.5556961389961392,2.383103086810312
PEI5mgmL_60°C_Abs.TXT,PEI5mgmL,60°C,Abs,2652,8213.32,100.0,332530.0,5.938769032258064,3.555645945945946,2.383123086312118
PEI5mgmL_60°C_Abs.TXT,PEI5mgmL,60°C,Abs,2653,8215.82,100.0,332530.0,5.93874,3.5555976833976835,2.3831423166023167
PEI5mgmL_60°C_Abs.TXT,PEI5mgmL,60°C,Abs,2654,8218.42,100.0,332530.0,5.938709806451613,3.5555474903474904,2.383162316104123
PEI5mgmL_60°C_Abs.TXT,PEI5mgmL,60°C,Abs,2655,8221.019999999999,100.0,332530.0,5.9386796129032255,3.5554972972972974,2.383182315605928
PEI5mgmL_60°C_Abs.TXT,PEI5mgmL,60°C,Abs,2656,8223.619999999999,100.0,332530.0,5.938649419354839,3.5554471042471043,2.3832023151077344
PEI5mgmL_60°C_Abs.TXT,PEI5mgmL,60°C,Abs,2657,8226.119999999999,100.0,332530.0,5.938620387096774,3.555398841698842,2.3832215453979324
PEI5mgmL_60°C_Abs.TXT,PEI5mgmL,60°C,Abs,2658,8228.619999999999,100.0,332530.0,5.938591354838709,3.5553505791505793,2.38324077568813
PEI5mgmL_60°C_Abs.TXT,PEI5mgmL,60°C,Abs,2659,8231.119999999999,100.0,332530.0,5.938562322580645,3.5553023166023165,2.3832600059783284
PEI5mgmL_60°C_Abs.TXT,PEI5mgmL,60°C,Abs,2660,8233.72,100.0,332530.0,5.938532129032258,3.5552521235521235,2.3832800054801346
PEI5mgmL_60°C_Abs.TXT,PEI5mgmL,60°C,Abs,2661,8236.42,100.0,332530.0,5.938500774193549,3.5552,2.3833007741935486
PEI5mgmL_60°C_Abs.TXT,PEI5mgmL,60°C,Abs,2662,8239.019999999999,100.0,332530.0,5.938470580645161,3.5551765463917526,2.3832940342534084
PEI5mgmL_60°C_Abs.TXT,PEI5mgmL,60°C,Abs,2663,8246.519999999999,100.0,332530.0,5.938383483870968,3.5551088917525773,2.383274592118391
PEI5mgmL_60°C_Abs.TXT,PEI5mgmL,60°C,Abs,2664,8254.42,100.0,332530.0,5.938291741935484,3.5550376288659793,2.383254113069505
PEI5mgmL_60°C_Abs.TXT,PEI5mgmL,60°C,Abs,2665,8262.32,100.0,332530.0,5.9382,3.5549663659793813,2.383233634020619
PEI5mgmL_60°C_Abs.TXT,PEI5mgmL,60°C,Abs,2666,8265.019999999999,100.0,332530.0,5.938175675675676,3.5549420103092784,2.3832336653663972
PEI5mgmL_60°C_Abs.TXT,PEI5mgmL,60°C,Abs,2667,8267.519999999999,100.0,332530.0,5.938153153153153,3.5549194587628867,2.3832336943902663
PEI5mgmL_60°C_Abs.TXT,PEI5mgmL,60°C,Abs,2668,8270.019999999999,100.0,332530.0,5.9381306306306305,3.554896907216495,2.3832337234141354
PEI5mgmL_60°C_Abs.TXT,PEI5mgmL,60°C,Abs,2669,8272.619999999999,100.0,332530.0,5.938107207207207,3.5548734536082476,2.38323375359896
PEI5mgmL_60°C_Abs.TXT,PEI5mgmL,60°C,Abs,2670,8275.119999999999,100.0,332530.0,5.938084684684685,3.554850902061856,2.383233782622829
PEI5mgmL_60°C_Abs.TXT,PEI5mgmL,60°C,Abs,2671,8277.82,100.0,332530.0,5.93806036036036,3.5548265463917526,2.383233813968608
PEI5mgmL_60°C_Abs.TXT,PEI5mgmL,60°C,Abs,2672,8280.32,100.0,332530.0,5.938037837837838,3.554803994845361,2.383233842992477
PEI5mgmL_60°C_Abs.TXT,PEI5mgmL,60°C,Abs,2673,8283.22,100.0,332530.0,5.938011711711712,3.5547778350515467,2.3832338766601655
PEI5mgmL_60°C_Abs.TXT,PEI5mgmL,60°C,Abs,2674,8285.619999999999,100.0,332530.0,5.93799009009009,3.5547561855670105,2.3832339045230797
PEI5mgmL_60°C_Abs.TXT,PEI5mgmL,60°C,Abs,2675,8288.119999999999,100.0,332530.0,5.937967567567568,3.554733634020619,2.383233933546949
PEI5mgmL_60°C_Abs.TXT,PEI5mgmL,60°C,Abs,2676,8290.619999999999,100.0,332530.0,5.937945045045045,3.5547110824742267,2.3832339625708183
PEI5mgmL_60°C_Abs.TXT,PEI5mgmL,60°C,Abs,2677,8293.119999999999,100.0,332530.0,5.9379225225225225,3.554688530927835,2.3832339915946874
PEI5mgmL_60°C_Abs.TXT,PEI5mgmL,60°C,Abs,2678,8295.72,100.0,332530.0,5.937899099099099,3.5546650773195876,2.383234021779512
PEI5mgmL_60°C_Abs.TXT,PEI5mgmL,60°C,Abs,2679,8298.32,100.0,332530.0,5.937875675675675,3.55464162371134,2.3832340519643354
PEI5mgmL_60°C_Abs.TXT,PEI5mgmL,60°C,Abs,2680,8301.019999999999,100.0,332530.0,5.937851351351352,3.554617268041237,2.3832340833101147
PEI5mgmL_60°C_Abs.TXT,PEI5mgmL,60°C,Abs,2681,8303.519999999999,100.0,332530.0,5.937828828828829,3.5545947164948455,2.3832341123339837
PEI5mgmL_60°C_Abs.TXT,PEI5mgmL,60°C,Abs,2682,8306.22,100.0,332530.0,5.937804504504505,3.554570360824742,2.3832341436797626
PEI5mgmL_60°C_Abs.TXT,PEI5mgmL,60°C,Abs,2683,8308.92,100.0,332530.0,5.93778018018018,3.554546005154639,2.383234175025541
PEI5mgmL_60°C_Abs.TXT,PEI5mgmL,60°C,Abs,2684,8311.519999999999,100.0,332530.0,5.937756756756757,3.5545225515463916,2.3832342052103654
PEI5mgmL_60°C_Abs.TXT,PEI5mgmL,60°C,Abs,2685,8314.019999999999,100.0,332530.0,5.9377342342342345,3.5545,2.3832342342342345
PEI5mgmL_60°C_Abs.TXT,PEI5mgmL,60°C,Abs,2686,8316.619999999999,100.0,332530.0,5.9377108108108105,3.5544632862644416,2.383247524546369
PEI5mgmL_60°C_Abs.TXT,PEI5mgmL,60°C,Abs,2687,8324.42,100.0,332530.0,5.93764054054054,3.554353145057766,2.3832873954827742
PEI5mgmL_60°C_Abs.TXT,PEI5mgmL,60°C,Abs,2688,8332.119999999999,100.0,332530.0,5.937571171171172,3.5542444159178435,2.383326755253328
PEI5mgmL_60°C_Abs.TXT,PEI5mgmL,60°C,Abs,2689,8340.019999999999,100.0,332530.0,5.9375,3.554132862644416,2.383367137355584
PEI5mgmL_60°C_Abs.TXT,PEI5mgmL,60°C,Abs,2690,8342.619999999999,100.0,332530.0,5.93747343550447,3.5540961489088576,2.383377286595612
PEI5mgmL_60°C_Abs.TXT,PEI5mgmL,60°C,Abs,2691,8345.019999999999,100.0,332530.0,5.937448914431673,3.5540622593068036,2.3833866551248697
PEI5mgmL_60°C_Abs.TXT,PEI5mgmL,60°C,Abs,2692,8347.42,100.0,332530.0,5.937424393358876,3.5540283697047497,2.3833960236541265
PEI5mgmL_60°C_Abs.TXT,PEI5mgmL,60°C,Abs,2693,8350.119999999999,100.0,332530.0,5.93739680715198,3.553990243902439,2.3834065632495407
PEI5mgmL_60°C_Abs.TXT,PEI5mgmL,60°C,Abs,2694,8352.72,100.0,332530.0,5.937370242656449,3.5539535301668805,2.3834167124895687
PEI5mgmL_60°C_Abs.TXT,PEI5mgmL,60°C,Abs,2695,8355.42,100.0,332530.0,5.937342656449553,3.5539154043645698,2.383427252084983
PEI5mgmL_60°C_Abs.TXT,PEI5mgmL,60°C,Abs,2696,8358.019999999999,100.0,332530.0,5.937316091954023,3.5538786906290114,2.3834374013250117
PEI5mgmL_60°C_Abs.TXT,PEI5mgmL,60°C,Abs,2697,8360.72,100.0,332530.0,5.9372885057471265,3.5538405648267006,2.383447940920426
PEI5mgmL_60°C_Abs.TXT,PEI5mgmL,60°C,Abs,2698,8363.119999999999,100.0,332530.0,5.937263984674329,3.553806675224647,2.3834573094496823
PEI5mgmL_60°C_Abs.TXT,PEI5mgmL,60°C,Abs,2699,8365.619999999999,100.0,332530.0,5.937238441890166,3.5537713735558407,2.3834670683343253
PEI5mgmL_60°C_Abs.TXT,PEI5mgmL,60°C,Abs,2700,8368.42,100.0,332530.0,5.937209833971903,3.553731835686778,2.3834779982851253
PEI5mgmL_60°C_Abs.TXT,PEI5mgmL,60°C,Abs,2701,8371.22,100.0,332530.0,5.93718122605364,3.553692297817715,2.383488928235925
PEI5mgmL_60°C_Abs.TXT,PEI5mgmL,60°C,Abs,2702,8373.82,100.0,332530.0,5.93715466155811,3.5536555840821564,2.3834990774759537
PEI5mgmL_60°C_Abs.TXT,PEI5mgmL,60°C,Abs,2703,8376.519999999999,100.0,332530.0,5.9371270753512135,3.553617458279846,2.3835096170713674
PEI5mgmL_60°C_Abs.TXT,PEI5mgmL,60°C,Abs,2704,8379.019999999999,100.0,332530.0,5.93710153256705,3.5535821566110397,2.3835193759560105
PEI5mgmL_60°C_Abs.TXT,PEI5mgmL,60°C,Abs,2705,8381.42,100.0,332530.0,5.937077011494253,3.5535482670089857,2.3835287444852673
PEI5mgmL_60°C_Abs.TXT,PEI5mgmL,60°C,Abs,2706,8384.22,100.0,332530.0,5.937048403575989,3.553508729139923,2.3835396744360664
PEI5mgmL_60°C_Abs.TXT,PEI5mgmL,60°C,Abs,2707,8386.82,100.0,332530.0,5.93702183908046,3.5534720154043646,2.3835498236760952
PEI5mgmL_60°C_Abs.TXT,PEI5mgmL,60°C,Abs,2708,8389.42,100.0,332530.0,5.9369952745849295,3.553435301668806,2.3835599729161236
PEI5mgmL_60°C_Abs.TXT,PEI5mgmL,60°C,Abs,2709,8391.92,100.0,332530.0,5.936969731800766,3.5534,2.3835697318007663
PEI5mgmL_60°C_Abs.TXT,PEI5mgmL,60°C,Abs,2710,8394.72,100.0,332530.0,5.936941123882503,3.5533606138107414,2.383580510071762
PEI5mgmL_60°C_Abs.TXT,PEI5mgmL,60°C,Abs,2711,8402.32,100.0,332530.0,5.936863473818646,3.5532537084398976,2.3836097653787487
PEI5mgmL_60°C_Abs.TXT,PEI5mgmL,60°C,Abs,2712,8410.119999999999,100.0,332530.0,5.936783780332056,3.5531439897698207,2.3836397905622353
PEI5mgmL_60°C_Abs.TXT,PEI5mgmL,60°C,Abs,2713,8418.32,100.0,332530.0,5.9367,3.5530286445012784,2.3836713554987217
PEI5mgmL_60°C_Abs.TXT,PEI5mgmL,60°C,Abs,2714,8420.72,100.0,332530.0,5.936672378516624,3.5529948849104858,2.3836774936061382
PEI5mgmL_60°C_Abs.TXT,PEI5mgmL,60°C,Abs,2715,8423.519999999999,100.0,332530.0,5.936640153452686,3.5529554987212273,2.3836846547314585
PEI5mgmL_60°C_Abs.TXT,PEI5mgmL,60°C,Abs,2716,8426.019999999999,100.0,332530.0,5.936611381074169,3.5529203324808183,2.3836910485933505
PEI5mgmL_60°C_Abs.TXT,PEI5mgmL,60°C,Abs,2717,8428.72,100.0,332530.0,5.936580306905371,3.552882352941176,2.3836979539641945
PEI5mgmL_60°C_Abs.TXT,PEI5mgmL,60°C,Abs,2718,8431.32,100.0,332530.0,5.9365503836317135,3.552845780051151,2.3837046035805627
PEI5mgmL_60°C_Abs.TXT,PEI5mgmL,60°C,Abs,2719,8434.019999999999,100.0,332530.0,5.936519309462915,3.5528078005115087,2.3837115089514067
PEI5mgmL_60°C_Abs.TXT,PEI5mgmL,60°C,Abs,2720,8436.619999999999,100.0,332530.0,5.936489386189258,3.5527712276214833,2.383718158567775
PEI5mgmL_60°C_Abs.TXT,PEI5mgmL,60°C,Abs,2721,8439.22,100.0,332530.0,5.936459462915601,3.5527346547314576,2.3837248081841436
PEI5mgmL_60°C_Abs.TXT,PEI5mgmL,60°C,Abs,2722,8441.72,100.0,332530.0,5.936430690537085,3.5526994884910486,2.3837312020460364
PEI5mgmL_60°C_Abs.TXT,PEI5mgmL,60°C,Abs,2723,8444.119999999999,100.0,332530.0,5.936403069053709,3.5526657289002554,2.3837373401534534
PEI5mgmL_60°C_Abs.TXT,PEI5mgmL,60°C,Abs,2724,8446.92,100.0,332530.0,5.93637084398977,3.5526263427109974,2.3837445012787724
PEI5mgmL_60°C_Abs.TXT,PEI5mgmL,60°C,Abs,2725,8449.32,100.0,332530.0,5.936343222506394,3.5525925831202043,2.3837506393861894
PEI5mgmL_60°C_Abs.TXT,PEI5mgmL,60°C,Abs,2726,8452.019999999999,100.0,332530.0,5.9363121483375965,3.5525546035805626,2.383757544757034
PEI5mgmL_60°C_Abs.TXT,PEI5mgmL,60°C,Abs,2727,8454.619999999999,100.0,332530.0,5.936282225063938,3.552518030690537,2.3837641943734016
PEI5mgmL_60°C_Abs.TXT,PEI5mgmL,60°C,Abs,2728,8457.42,100.0,332530.0,5.93625,3.5524786445012784,2.383771355498722
PEI5mgmL_60°C_Abs.TXT,PEI5mgmL,60°C,Abs,2729,8459.92,100.0,332530.0,5.936221227621483,3.5524434782608694,2.383777749360614
PEI5mgmL_60°C_Abs.TXT,PEI5mgmL,60°C,Abs,2730,8462.32,100.0,332530.0,5.936193606138108,3.5524097186700767,2.3837838874680313
PEI5mgmL_60°C_Abs.TXT,PEI5mgmL,60°C,Abs,2731,8464.92,100.0,332530.0,5.93616368286445,3.552373145780051,2.383790537084399
PEI5mgmL_60°C_Abs.TXT,PEI5mgmL,60°C,Abs,2732,8467.42,100.0,332530.0,5.936134910485934,3.552337979539642,2.383796930946292
PEI5mgmL_60°C_Abs.TXT,PEI5mgmL,60°C,Abs,2733,8470.119999999999,100.0,332530.0,5.936103836317136,3.5523,2.383803836317136
PEI5mgmL_60°C_Abs.TXT,PEI5mgmL,60°C,Abs,2734,8472.619999999999,100.0,332530.0,5.9360750639386195,3.552264424320828,2.3838106396177916
PEI5mgmL_60°C_Abs.TXT,PEI5mgmL,60°C,Abs,2735,8480.22,100.0,332530.0,5.935987595907929,3.5521562742561446,2.3838313216517846
PEI5mgmL_60°C_Abs.TXT,PEI5mgmL,60°C,Abs,2736,8488.42,100.0,332530.0,5.935893222506394,3.5520395860284606,2.3838536364779332
PEI5mgmL_60°C_Abs.TXT,PEI5mgmL,60°C,Abs,2737,8496.519999999999,100.0,332530.0,5.9358,3.551924320827943,2.3838756791720574
PEI5mgmL_60°C_Abs.TXT,PEI5mgmL,60°C,Abs,2738,8499.019999999999,100.0,332530.0,5.935764285714286,3.551888745148771,2.3838755405655148
PEI5mgmL_60°C_Abs.TXT,PEI5mgmL,60°C,Abs,2739,8501.519999999999,100.0,332530.0,5.935728571428572,3.5518531694695987,2.3838754019589734
PEI5mgmL_60°C_Abs.TXT,PEI5mgmL,60°C,Abs,2740,8504.119999999999,100.0,332530.0,5.935691428571429,3.55181617076326,2.3838752578081692
PEI5mgmL_60°C_Abs.TXT,PEI5mgmL,60°C,Abs,2741,8506.519999999999,100.0,332530.0,5.935657142857143,3.551782018111255,2.383875124745888
PEI5mgmL_60°C_Abs.TXT,PEI5mgmL,60°C,Abs,2742,8509.22,100.0,332530.0,5.935618571428572,3.551743596377749,2.383874975050823
PEI5mgmL_60°C_Abs.TXT,PEI5mgmL,60°C,Abs,2743,8511.72,100.0,332530.0,5.935582857142857,3.551708020698577,2.38387483644428
PEI5mgmL_60°C_Abs.TXT,PEI5mgmL,60°C,Abs,2744,8514.32,100.0,332530.0,5.935545714285714,3.551671021992238,2.3838746922934764
PEI5mgmL_60°C_Abs.TXT,PEI5mgmL,60°C,Abs,2745,8516.92,100.0,332530.0,5.935508571428572,3.551634023285899,2.3838745481426726
PEI5mgmL_60°C_Abs.TXT,PEI5mgmL,60°C,Abs,2746,8519.42,100.0,332530.0,5.935472857142858,3.551598447606727,2.383874409536131
PEI5mgmL_60°C_Abs.TXT,PEI5mgmL,60°C,Abs,2747,8522.019999999999,100.0,332530.0,5.935435714285715,3.551561448900388,2.383874265385327
PEI5mgmL_60°C_Abs.TXT,PEI5mgmL,60°C,Abs,2748,8524.619999999999,100.0,332530.0,5.935398571428572,3.5515244501940493,2.383874121234523
PEI5mgmL_60°C_Abs.TXT,PEI5mgmL,60°C,Abs,2749,8527.019999999999,100.0,332530.0,5.935364285714286,3.551490297542044,2.3838739881722417
PEI5mgmL_60°C_Abs.TXT,PEI5mgmL,60°C,Abs,2750,8529.619999999999,100.0,332530.0,5.935327142857143,3.551453298835705,2.383873844021438
PEI5mgmL_60°C_Abs.TXT,PEI5mgmL,60°C,Abs,2751,8532.119999999999,100.0,332530.0,5.935291428571429,3.551417723156533,2.383873705414896
PEI5mgmL_60°C_Abs.TXT,PEI5mgmL,60°C,Abs,2752,8534.82,100.0,332530.0,5.935252857142857,3.5513793014230273,2.38387355571983
PEI5mgmL_60°C_Abs.TXT,PEI5mgmL,60°C,Abs,2753,8537.32,100.0,332530.0,5.935217142857144,3.5513437257438554,2.3838734171132883
PEI5mgmL_60°C_Abs.TXT,PEI5mgmL,60°C,Abs,2754,8539.72,100.0,332530.0,5.935182857142857,3.5513095730918502,2.383873284051007
PEI5mgmL_60°C_Abs.TXT,PEI5mgmL,60°C,Abs,2755,8542.32,100.0,332530.0,5.9351457142857145,3.551272574385511,2.3838731399002033
PEI5mgmL_60°C_Abs.TXT,PEI5mgmL,60°C,Abs,2756,8544.82,100.0,332530.0,5.935110000000001,3.5512369987063392,2.3838730012936615
PEI5mgmL_60°C_Abs.TXT,PEI5mgmL,60°C,Abs,2757,8547.42,100.0,332530.0,5.935072857142857,3.5512,2.383872857142857
PEI5mgmL_60°C_Abs.TXT,PEI5mgmL,60°C,Abs,2758,8550.019999999999,100.0,332530.0,5.935035714285714,3.551153092783505,2.383882621502209
PEI5mgmL_60°C_Abs.TXT,PEI5mgmL,60°C,Abs,2759,8558.119999999999,100.0,332530.0,5.93492,3.5510069587628865,2.3839130412371135
PEI5mgmL_60°C_Abs.TXT,PEI5mgmL,60°C,Abs,2760,8565.82,100.0,332530.0,5.934810000000001,3.5508680412371136,2.383941958762887
PEI5mgmL_60°C_Abs.TXT,PEI5mgmL,60°C,Abs,2761,8573.519999999999,100.0,332530.0,5.9347,3.5507291237113403,2.38397087628866
PEI5mgmL_60°C_Abs.TXT,PEI5mgmL,60°C,Abs,2762,8576.22,100.0,332530.0,5.934675706940874,3.550680412371134,2.3839952945697402
PEI5mgmL_60°C_Abs.TXT,PEI5mgmL,60°C,Abs,2763,8578.619999999999,100.0,332530.0,5.934654113110541,3.550637113402062,2.3840169997084786
PEI5mgmL_60°C_Abs.TXT,PEI5mgmL,60°C,Abs,2764,8581.019999999999,100.0,332530.0,5.934632519280206,3.5505938144329896,2.3840387048472165
PEI5mgmL_60°C_Abs.TXT,PEI5mgmL,60°C,Abs,2765,8583.619999999999,100.0,332530.0,5.934609125964011,3.550546907216495,2.384062218747516
PEI5mgmL_60°C_Abs.TXT,PEI5mgmL,60°C,Abs,2766,8586.22,100.0,332530.0,5.9345857326478155,3.5505,2.3840857326478155
PEI5mgmL_60°C_Abs.TXT,PEI5mgmL,60°C,Abs,2767,8588.92,100.0,332530.0,5.934561439588689,3.5504512886597936,2.3841101509288958
PEI5mgmL_60°C_Abs.TXT,PEI5mgmL,60°C,Abs,2768,8591.619999999999,100.0,332530.0,5.934537146529563,3.5504025773195877,2.3841345692099756
PEI5mgmL_60°C_Abs.TXT,PEI5mgmL,60°C,Abs,2769,8594.22,100.0,332530.0,5.934513753213368,3.5503556701030927,2.3841580831102753
PEI5mgmL_60°C_Abs.TXT,PEI5mgmL,60°C,Abs,2770,8596.72,100.0,332530.0,5.934491259640103,3.550310567010309,2.3841806926297937
PEI5mgmL_60°C_Abs.TXT,PEI5mgmL,60°C,Abs,2771,8599.119999999999,100.0,332530.0,5.934469665809769,3.550267268041237,2.384202397768532
PEI5mgmL_60°C_Abs.TXT,PEI5mgmL,60°C,Abs,2772,8601.82,100.0,332530.0,5.934445372750643,3.5502185567010307,2.3842268160496123
PEI5mgmL_60°C_Abs.TXT,PEI5mgmL,60°C,Abs,2773,8604.32,100.0,332530.0,5.9344228791773785,3.5501734536082474,2.384249425569131
PEI5mgmL_60°C_Abs.TXT,PEI5mgmL,60°C,Abs,2774,8607.019999999999,100.0,332530.0,5.934398586118252,3.550124742268041,2.3842738438502113
PEI5mgmL_60°C_Abs.TXT,PEI5mgmL,60°C,Abs,2775,8609.519999999999,100.0,332530.0,5.934376092544987,3.550079639175258,2.3842964533697293
PEI5mgmL_60°C_Abs.TXT,PEI5mgmL,60°C,Abs,2776,8612.019999999999,100.0,332530.0,5.934353598971723,3.550034536082474,2.3843190628892486
PEI5mgmL_60°C_Abs.TXT,PEI5mgmL,60°C,Abs,2777,8614.42,100.0,332530.0,5.934332005141388,3.549991237113402,2.384340768027986
PEI5mgmL_60°C_Abs.TXT,PEI5mgmL,60°C,Abs,2778,8616.92,100.0,332530.0,5.934309511568124,3.5499461340206184,2.3843633775475053
PEI5mgmL_60°C_Abs.TXT,PEI5mgmL,60°C,Abs,2779,8619.72,100.0,332530.0,5.934284318766067,3.5498956185567008,2.384388700209366
PEI5mgmL_60°C_Abs.TXT,PEI5mgmL,60°C,Abs,2780,8622.32,100.0,332530.0,5.9342609254498715,3.549848711340206,2.3844122141096653
PEI5mgmL_60°C_Abs.TXT,PEI5mgmL,60°C,Abs,2781,8625.019999999999,100.0,332530.0,5.934236632390745,3.5498,2.3844366323907455
PEI5mgmL_60°C_Abs.TXT,PEI5mgmL,60°C,Abs,2782,8627.619999999999,100.0,332530.0,5.93421323907455,3.549783354673495,2.384429884401055
PEI5mgmL_60°C_Abs.TXT,PEI5mgmL,60°C,Abs,2783,8635.22,100.0,332530.0,5.934144858611825,3.549734699103713,2.384410159508112
PEI5mgmL_60°C_Abs.TXT,PEI5mgmL,60°C,Abs,2784,8643.42,100.0,332530.0,5.934071079691517,3.5496822023047376,2.384388877386779
PEI5mgmL_60°C_Abs.TXT,PEI5mgmL,60°C,Abs,2785,8651.32,100.0,332530.0,5.934,3.5496316261203584,2.3843683738796417
PEI5mgmL_60°C_Abs.TXT,PEI5mgmL,60°C,Abs,2786,8653.92,100.0,332530.0,5.933976726342711,3.549614980793854,2.3843617455488566
PEI5mgmL_60°C_Abs.TXT,PEI5mgmL,60°C,Abs,2787,8656.42,100.0,332530.0,5.933954347826087,3.549598975672215,2.384355372153872
PEI5mgmL_60°C_Abs.TXT,PEI5mgmL,60°C,Abs,2788,8658.82,100.0,332530.0,5.933932864450128,3.5495836107554415,2.3843492536946864
PEI5mgmL_60°C_Abs.TXT,PEI5mgmL,60°C,Abs,2789,8661.519999999999,100.0,332530.0,5.933908695652174,3.5495663252240717,2.384342370428102
PEI5mgmL_60°C_Abs.TXT,PEI5mgmL,60°C,Abs,2790,8664.019999999999,100.0,332530.0,5.93388631713555,3.5495503201024325,2.3843359970331175
PEI5mgmL_60°C_Abs.TXT,PEI5mgmL,60°C,Abs,2791,8666.72,100.0,332530.0,5.933862148337596,3.5495330345710627,2.3843291137665332
PEI5mgmL_60°C_Abs.TXT,PEI5mgmL,60°C,Abs,2792,8669.32,100.0,332530.0,5.9338388746803075,3.549516389244558,2.3843224854357494
PEI5mgmL_60°C_Abs.TXT,PEI5mgmL,60°C,Abs,2793,8671.92,100.0,332530.0,5.933815601023018,3.549499743918054,2.3843158571049643
PEI5mgmL_60°C_Abs.TXT,PEI5mgmL,60°C,Abs,2794,8674.42,100.0,332530.0,5.933793222506394,3.5494837387964147,2.3843094837099796
PEI5mgmL_60°C_Abs.TXT,PEI5mgmL,60°C,Abs,2795,8677.22,100.0,332530.0,5.933768158567775,3.5494658130601793,2.3843023455075953
PEI5mgmL_60°C_Abs.TXT,PEI5mgmL,60°C,Abs,2796,8679.82,100.0,332530.0,5.933744884910486,3.549449167733675,2.384295717176811
PEI5mgmL_60°C_Abs.TXT,PEI5mgmL,60°C,Abs,2797,8682.519999999999,100.0,332530.0,5.933720716112532,3.5494318822023048,2.3842888339102273
PEI5mgmL_60°C_Abs.TXT,PEI5mgmL,60°C,Abs,2798,8685.119999999999,100.0,332530.0,5.933697442455243,3.5494152368758005,2.384282205579442
PEI5mgmL_60°C_Abs.TXT,PEI5mgmL,60°C,Abs,2799,8688.019999999999,100.0,332530.0,5.933671483375959,3.549396670934699,2.38427481244126
PEI5mgmL_60°C_Abs.TXT,PEI5mgmL,60°C,Abs,2800,8690.42,100.0,332530.0,5.93365,3.549381306017926,2.384268693982074
PEI5mgmL_60°C_Abs.TXT,PEI5mgmL,60°C,Abs,2801,8692.92,100.0,332530.0,5.933627621483376,3.549365300896287,2.3842623205870894
PEI5mgmL_60°C_Abs.TXT,PEI5mgmL,60°C,Abs,2802,8695.519999999999,100.0,332530.0,5.933604347826087,3.5493486555697826,2.3842556922563043
PEI5mgmL_60°C_Abs.TXT,PEI5mgmL,60°C,Abs,2803,8698.119999999999,100.0,332530.0,5.933581074168798,3.549332010243278,2.3842490639255205
PEI5mgmL_60°C_Abs.TXT,PEI5mgmL,60°C,Abs,2804,8700.619999999999,100.0,332530.0,5.933558695652174,3.5493160051216393,2.3842426905305345
PEI5mgmL_60°C_Abs.TXT,PEI5mgmL,60°C,Abs,2805,8703.119999999999,100.0,332530.0,5.93353631713555,3.5493,2.38423631713555
PEI5mgmL_60°C_Abs.TXT,PEI5mgmL,60°C,Abs,2806,8705.92,100.0,332530.0,5.933511253196931,3.549243219264892,2.384268033932039
PEI5mgmL_60°C_Abs.TXT,PEI5mgmL,60°C,Abs,2807,8713.619999999999,100.0,332530.0,5.933442327365729,3.549087072243346,2.3843552551223826
PEI5mgmL_60°C_Abs.TXT,PEI5mgmL,60°C,Abs,2808,8721.22,100.0,332530.0,5.933374296675192,3.5489329531051963,2.3844413435699954
PEI5mgmL_60°C_Abs.TXT,PEI5mgmL,60°C,Abs,2809,8729.519999999999,100.0,332530.0,5.9333,3.54876463878327,2.38453536121673
PEI5mgmL_60°C_Abs.TXT,PEI5mgmL,60°C,Abs,2810,8731.92,100.0,332530.0,5.933278707224335,3.548715969581749,2.3845627376425855
PEI5mgmL_60°C_Abs.TXT,PEI5mgmL,60°C,Abs,2811,8734.72,100.0,332530.0,5.933253865652725,3.548659188846641,2.384594676806084
PEI5mgmL_60°C_Abs.TXT,PEI5mgmL,60°C,Abs,2812,8737.32,100.0,332530.0,5.933230798479087,3.548606463878327,2.3846243346007605
PEI5mgmL_60°C_Abs.TXT,PEI5mgmL,60°C,Abs,2813,8740.019999999999,100.0,332530.0,5.933206844106464,3.548551711026616,2.384655133079848
PEI5mgmL_60°C_Abs.TXT,PEI5mgmL,60°C,Abs,2814,8742.619999999999,100.0,332530.0,5.933183776932826,3.5484989860583016,2.3846847908745246
PEI5mgmL_60°C_Abs.TXT,PEI5mgmL,60°C,Abs,2815,8745.22,100.0,332530.0,5.933160709759189,3.548446261089987,2.384714448669202
PEI5mgmL_60°C_Abs.TXT,PEI5mgmL,60°C,Abs,2816,8748.019999999999,100.0,332530.0,5.933135868187579,3.5483894803548797,2.384746387832699
PEI5mgmL_60°C_Abs.TXT,PEI5mgmL,60°C,Abs,2817,8750.72,100.0,332530.0,5.9331119138149555,3.5483347275031685,2.384777186311787
PEI5mgmL_60°C_Abs.TXT,PEI5mgmL,60°C,Abs,2818,8753.32,100.0,332530.0,5.9330888466413185,3.548282002534854,2.3848068441064645
PEI5mgmL_60°C_Abs.TXT,PEI5mgmL,60°C,Abs,2819,8756.019999999999,100.0,332530.0,5.933064892268694,3.5482272496831433,2.384837642585551
PEI5mgmL_60°C_Abs.TXT,PEI5mgmL,60°C,Abs,2820,8758.72,100.0,332530.0,5.933040937896071,3.548172496831432,2.384868441064639
PEI5mgmL_60°C_Abs.TXT,PEI5mgmL,60°C,Abs,2821,8761.42,100.0,332530.0,5.933016983523447,3.548117743979721,2.384899239543726
PEI5mgmL_60°C_Abs.TXT,PEI5mgmL,60°C,Abs,2822,8764.119999999999,100.0,332530.0,5.932993029150824,3.54806299112801,2.3849300380228136
PEI5mgmL_60°C_Abs.TXT,PEI5mgmL,60°C,Abs,2823,8766.72,100.0,332530.0,5.932969961977186,3.5480102661596957,2.38495969581749
PEI5mgmL_60°C_Abs.TXT,PEI5mgmL,60°C,Abs,2824,8769.119999999999,100.0,332530.0,5.9329486692015205,3.547961596958175,2.3849870722433457
PEI5mgmL_60°C_Abs.TXT,PEI5mgmL,60°C,Abs,2825,8771.619999999999,100.0,332530.0,5.93292648922687,3.547910899873257,2.3850155893536127
PEI5mgmL_60°C_Abs.TXT,PEI5mgmL,60°C,Abs,2826,8774.32,100.0,332530.0,5.932902534854246,3.547856147021546,2.3850463878326997
PEI5mgmL_60°C_Abs.TXT,PEI5mgmL,60°C,Abs,2827,8776.92,100.0,332530.0,5.932879467680609,3.547803422053232,2.3850760456273767
PEI5mgmL_60°C_Abs.TXT,PEI5mgmL,60°C,Abs,2828,8779.619999999999,100.0,332530.0,5.9328555133079846,3.5477486692015208,2.385106844106464
PEI5mgmL_60°C_Abs.TXT,PEI5mgmL,60°C,Abs,2829,8782.019999999999,100.0,332530.0,5.932834220532319,3.5477,2.3851342205323194
PEI5mgmL_60°C_Abs.TXT,PEI5mgmL,60°C,Abs,2830,8784.92,100.0,332530.0,5.932808491761723,3.547677806122449,2.3851306856392744
PEI5mgmL_60°C_Abs.TXT,PEI5mgmL,60°C,Abs,2831,8792.619999999999,100.0,332530.0,5.932740177439797,3.5476188775510202,2.3851212998887767
PEI5mgmL_60°C_Abs.TXT,PEI5mgmL,60°C,Abs,2832,8800.32,100.0,332530.0,5.9326718631178705,3.5475599489795915,2.385111914138279
PEI5mgmL_60°C_Abs.TXT,PEI5mgmL,60°C,Abs,2833,8808.42,100.0,332530.0,5.9326,3.5474979591836733,2.3851020408163266
PEI5mgmL_60°C_Abs.TXT,PEI5mgmL,60°C,Abs,2834,8810.92,100.0,332530.0,5.932571337579618,3.5474788265306123,2.3850925110490055
PEI5mgmL_60°C_Abs.TXT,PEI5mgmL,60°C,Abs,2835,8813.42,100.0,332530.0,5.932542675159236,3.547459693877551,2.385082981281685
PEI5mgmL_60°C_Abs.TXT,PEI5mgmL,60°C,Abs,2836,8816.019999999999,100.0,332530.0,5.932512866242038,3.5474397959183674,2.3850730703236707
PEI5mgmL_60°C_Abs.TXT,PEI5mgmL,60°C,Abs,2837,8818.519999999999,100.0,332530.0,5.932484203821656,3.547420663265306,2.38506354055635
PEI5mgmL_60°C_Abs.TXT,PEI5mgmL,60°C,Abs,2838,8821.22,100.0,332530.0,5.9324532484076435,3.5473999999999997,2.385053248407644
PEI5mgmL_60°C_Abs.TXT,PEI5mgmL,60°C,Abs,2839,8823.619999999999,100.0,332530.0,5.932425732484076,3.547381632653061,2.385044099831015
PEI5mgmL_60°C_Abs.TXT,PEI5mgmL,60°C,Abs,2840,8826.42,100.0,332530.0,5.932393630573248,3.5473602040816323,2.3850334264916158
PEI5mgmL_60°C_Abs.TXT,PEI5mgmL,60°C,Abs,2841,8829.019999999999,100.0,332530.0,5.932363821656051,3.547340306122449,2.3850235155336024
PEI5mgmL_60°C_Abs.TXT,PEI5mgmL,60°C,Abs,2842,8831.72,100.0,332530.0,5.932332866242038,3.547319642857143,2.385013223384895
PEI5mgmL_60°C_Abs.TXT,PEI5mgmL,60°C,Abs,2843,8834.119999999999,100.0,332530.0,5.9323053503184715,3.547301275510204,2.3850040748082675
PEI5mgmL_60°C_Abs.TXT,PEI5mgmL,60°C,Abs,2844,8837.019999999999,100.0,332530.0,5.932272101910828,3.547279081632653,2.3849930202781753
PEI5mgmL_60°C_Abs.TXT,PEI5mgmL,60°C,Abs,2845,8839.42,100.0,332530.0,5.932244585987261,3.547260714285714,2.384983871701547
PEI5mgmL_60°C_Abs.TXT,PEI5mgmL,60°C,Abs,2846,8842.32,100.0,332530.0,5.932211337579618,3.5472385204081633,2.384972817171455
PEI5mgmL_60°C_Abs.TXT,PEI5mgmL,60°C,Abs,2847,8844.82,100.0,332530.0,5.932182675159235,3.547219387755102,2.3849632874041333
PEI5mgmL_60°C_Abs.TXT,PEI5mgmL,60°C,Abs,2848,8847.32,100.0,332530.0,5.932154012738853,3.5472002551020405,2.3849537576368127
PEI5mgmL_60°C_Abs.TXT,PEI5mgmL,60°C,Abs,2849,8849.92,100.0,332530.0,5.932124203821656,3.547180357142857,2.3849438466787993
PEI5mgmL_60°C_Abs.TXT,PEI5mgmL,60°C,Abs,2850,8852.42,100.0,332530.0,5.932095541401274,3.5471612244897957,2.3849343169114787
PEI5mgmL_60°C_Abs.TXT,PEI5mgmL,60°C,Abs,2851,8855.119999999999,100.0,332530.0,5.932064585987261,3.5471405612244897,2.384924024762771
PEI5mgmL_60°C_Abs.TXT,PEI5mgmL,60°C,Abs,2852,8857.619999999999,100.0,332530.0,5.932035923566879,3.5471214285714283,2.3849144949954506
PEI5mgmL_60°C_Abs.TXT,PEI5mgmL,60°C,Abs,2853,8860.42,100.0,332530.0,5.932003821656051,3.5471,2.3849038216560507
PEI5mgmL_60°C_Abs.TXT,PEI5mgmL,60°C,Abs,2854,8863.019999999999,100.0,332530.0,5.931974012738854,3.5470631917631916,2.384910820975662
PEI5mgmL_60°C_Abs.TXT,PEI5mgmL,60°C,Abs,2855,8870.92,100.0,332530.0,5.931883439490446,3.546951351351351,2.3849320881390947
PEI5mgmL_60°C_Abs.TXT,PEI5mgmL,60°C,Abs,2856,8878.619999999999,100.0,332530.0,5.931795159235669,3.5468423423423423,2.384952816893327
PEI5mgmL_60°C_Abs.TXT,PEI5mgmL,60°C,Abs,2857,8886.92,100.0,332530.0,5.9317,3.546724839124839,2.384975160875161
PEI5mgmL_60°C_Abs.TXT,PEI5mgmL,60°C,Abs,2858,8889.42,100.0,332530.0,5.931680719794345,3.5466894465894465,2.3849912732048986
PEI5mgmL_60°C_Abs.TXT,PEI5mgmL,60°C,Abs,2859,8891.82,100.0,332530.0,5.931662210796915,3.5466554697554695,2.3850067410414457
PEI5mgmL_60°C_Abs.TXT,PEI5mgmL,60°C,Abs,2860,8894.42,100.0,332530.0,5.931642159383034,3.5466186615186612,2.3850234978643727
PEI5mgmL_60°C_Abs.TXT,PEI5mgmL,60°C,Abs,2861,8896.92,100.0,332530.0,5.931622879177378,3.546583268983269,2.385039610194109
PEI5mgmL_60°C_Abs.TXT,PEI5mgmL,60°C,Abs,2862,8899.72,100.0,332530.0,5.9316012853470435,3.5465436293436294,2.385057656003414
PEI5mgmL_60°C_Abs.TXT,PEI5mgmL,60°C,Abs,2863,8902.119999999999,100.0,332530.0,5.9315827763496145,3.5465096525096524,2.385073123839962
PEI5mgmL_60°C_Abs.TXT,PEI5mgmL,60°C,Abs,2864,8904.72,100.0,332530.0,5.931562724935732,3.546472844272844,2.385089880662888
PEI5mgmL_60°C_Abs.TXT,PEI5mgmL,60°C,Abs,2865,8907.32,100.0,332530.0,5.931542673521851,3.546436036036036,2.385106637485815
PEI5mgmL_60°C_Abs.TXT,PEI5mgmL,60°C,Abs,2866,8909.82,100.0,332530.0,5.931523393316195,3.546400643500643,2.385122749815552
PEI5mgmL_60°C_Abs.TXT,PEI5mgmL,60°C,Abs,2867,8912.22,100.0,332530.0,5.931504884318766,3.5463666666666667,2.3851382176520994
PEI5mgmL_60°C_Abs.TXT,PEI5mgmL,60°C,Abs,2868,8914.92,100.0,332530.0,5.931484061696658,3.5463284427284427,2.385155618968215
PEI5mgmL_60°C_Abs.TXT,PEI5mgmL,60°C,Abs,2869,8917.42,100.0,332530.0,5.931464781491003,3.54629305019305,2.3851717312979526
PEI5mgmL_60°C_Abs.TXT,PEI5mgmL,60°C,Abs,2870,8920.119999999999,100.0,332530.0,5.931443958868894,3.546254826254826,2.385189132614068
PEI5mgmL_60°C_Abs.TXT,PEI5mgmL,60°C,Abs,2871,8922.82,100.0,332530.0,5.931423136246787,3.546216602316602,2.3852065339301847
PEI5mgmL_60°C_Abs.TXT,PEI5mgmL,60°C,Abs,2872,8925.42,100.0,332530.0,5.931403084832905,3.546179794079794,2.385223290753111
PEI5mgmL_60°C_Abs.TXT,PEI5mgmL,60°C,Abs,2873,8927.82,100.0,332530.0,5.931384575835476,3.546145817245817,2.385238758589659
PEI5mgmL_60°C_Abs.TXT,PEI5mgmL,60°C,Abs,2874,8930.32,100.0,332530.0,5.93136529562982,3.5461104247104247,2.385254870919395
PEI5mgmL_60°C_Abs.TXT,PEI5mgmL,60°C,Abs,2875,8932.92,100.0,332530.0,5.9313452442159385,3.5460736164736164,2.385271627742322
PEI5mgmL_60°C_Abs.TXT,PEI5mgmL,60°C,Abs,2876,8935.42,100.0,332530.0,5.9313259640102824,3.5460382239382238,2.3852877400720587
PEI5mgmL_60°C_Abs.TXT,PEI5mgmL,60°C,Abs,2877,8938.119999999999,100.0,332530.0,5.931305141388175,3.546,2.385305141388175
PEI5mgmL_60°C_Abs.TXT,PEI5mgmL,60°C,Abs,2878,8940.72,100.0,332530.0,5.931285089974293,3.545960051216389,2.385325038757904
PEI5mgmL_60°C_Abs.TXT,PEI5mgmL,60°C,Abs,2879,8948.619999999999,100.0,332530.0,5.931224164524422,3.5458386683738796,2.3853854961505423
PEI5mgmL_60°C_Abs.TXT,PEI5mgmL,60°C,Abs,2880,8956.42,100.0,332530.0,5.931164010282776,3.5457188220230473,2.385445188259729
PEI5mgmL_60°C_Abs.TXT,PEI5mgmL,60°C,Abs,2881,8964.72,100.0,332530.0,5.9311,3.5455912932138283,2.3855087067861716
PEI5mgmL_60°C_Abs.TXT,PEI5mgmL,60°C,Abs,2882,8967.22,100.0,332530.0,5.931071116816431,3.545552880921895,2.3855182358945366
PEI5mgmL_60°C_Abs.TXT,PEI5mgmL,60°C,Abs,2883,8969.72,100.0,332530.0,5.931042233632862,3.5455144686299613,2.3855277650029008
PEI5mgmL_60°C_Abs.TXT,PEI5mgmL,60°C,Abs,2884,8972.32,100.0,332530.0,5.931012195121951,3.545474519846351,2.3855376752756006
PEI5mgmL_60°C_Abs.TXT,PEI5mgmL,60°C,Abs,2885,8974.72,100.0,332530.0,5.930984467265725,3.545437644046095,2.3855468232196304
PEI5mgmL_60°C_Abs.TXT,PEI5mgmL,60°C,Abs,2886,8977.42,100.0,332530.0,5.930953273427471,3.5453961587708065,2.385557114656664
PEI5mgmL_60°C_Abs.TXT,PEI5mgmL,60°C,Abs,2887,8979.82,100.0,332530.0,5.930925545571245,3.5453592829705505,2.385566262600695
PEI5mgmL_60°C_Abs.TXT,PEI5mgmL,60°C,Abs,2888,8982.519999999999,100.0,332530.0,5.930894351732991,3.5453177976952626,2.385576554037728
PEI5mgmL_60°C_Abs.TXT,PEI5mgmL,60°C,Abs,2889,8985.119999999999,100.0,332530.0,5.930864313222079,3.5452778489116517,2.3855864643104274
PEI5mgmL_60°C_Abs.TXT,PEI5mgmL,60°C,Abs,2890,8987.519999999999,100.0,332530.0,5.930836585365854,3.5452409731113956,2.385595612254458
PEI5mgmL_60°C_Abs.TXT,PEI5mgmL,60°C,Abs,2891,8990.119999999999,100.0,332530.0,5.930806546854942,3.5452010243277847,2.3856055225271575
PEI5mgmL_60°C_Abs.TXT,PEI5mgmL,60°C,Abs,2892,8992.72,100.0,332530.0,5.930776508344031,3.5451610755441743,2.3856154327998564
PEI5mgmL_60°C_Abs.TXT,PEI5mgmL,60°C,Abs,2893,8995.42,100.0,332530.0,5.930745314505777,3.545119590268886,2.385625724236891
PEI5mgmL_60°C_Abs.TXT,PEI5mgmL,60°C,Abs,2894,8998.019999999999,100.0,332530.0,5.930715275994865,3.5450796414852754,2.38563563450959
PEI5mgmL_60°C_Abs.TXT,PEI5mgmL,60°C,Abs,2895,9000.72,100.0,332530.0,5.930684082156611,3.545038156209987,2.3856459259466236
PEI5mgmL_60°C_Abs.TXT,PEI5mgmL,60°C,Abs,2896,9003.22,100.0,332530.0,5.930655198973042,3.5449997439180536,2.3856554550549887
PEI5mgmL_60°C_Abs.TXT,PEI5mgmL,60°C,Abs,2897,9005.619999999999,100.0,332530.0,5.930627471116816,3.5449628681177976,2.3856646029990185
PEI5mgmL_60°C_Abs.TXT,PEI5mgmL,60°C,Abs,2898,9008.22,100.0,332530.0,5.930597432605905,3.5449229193341867,2.3856745132717188
PEI5mgmL_60°C_Abs.TXT,PEI5mgmL,60°C,Abs,2899,9010.82,100.0,332530.0,5.930567394094994,3.544882970550576,2.3856844235444177
PEI5mgmL_60°C_Abs.TXT,PEI5mgmL,60°C,Abs,2900,9013.619999999999,100.0,332530.0,5.930535044929397,3.544839948783611,2.385695096145786
PEI5mgmL_60°C_Abs.TXT,PEI5mgmL,60°C,Abs,2901,9016.22,100.0,332530.0,5.930505006418485,3.5448,2.3857050064184855
PEI5mgmL_60°C_Abs.TXT,PEI5mgmL,60°C,Abs,2902,9019.019999999999,100.0,332530.0,5.9304726572528885,3.5447677749360613,2.385704882316827
PEI5mgmL_60°C_Abs.TXT,PEI5mgmL,60°C,Abs,2903,9026.619999999999,100.0,332530.0,5.930384852374839,3.544680306905371,2.3857045454694683
PEI5mgmL_60°C_Abs.TXT,PEI5mgmL,60°C,Abs,2904,9034.72,100.0,332530.0,5.930291270860077,3.544587084398977,2.3857041864611
PEI5mgmL_60°C_Abs.TXT,PEI5mgmL,60°C,Abs,2905,9042.619999999999,100.0,332530.0,5.9302,3.5444961636828642,2.385703836317136
PEI5mgmL_60°C_Abs.TXT,PEI5mgmL,60°C,Abs,2906,9045.119999999999,100.0,332530.0,5.930174293059126,3.5444673913043476,2.3857069017547787
PEI5mgmL_60°C_Abs.TXT,PEI5mgmL,60°C,Abs,2907,9047.72,100.0,332530.0,5.930147557840617,3.5444374680306905,2.3857100898099266
PEI5mgmL_60°C_Abs.TXT,PEI5mgmL,60°C,Abs,2908,9050.119999999999,100.0,332530.0,5.930122879177378,3.5444098465473144,2.3857130326300635
PEI5mgmL_60°C_Abs.TXT,PEI5mgmL,60°C,Abs,2909,9052.72,100.0,332530.0,5.930096143958869,3.5443799232736573,2.3857162206852114
PEI5mgmL_60°C_Abs.TXT,PEI5mgmL,60°C,Abs,2910,9055.42,100.0,332530.0,5.930068380462725,3.544348849104859,2.3857195313578656
PEI5mgmL_60°C_Abs.TXT,PEI5mgmL,60°C,Abs,2911,9058.22,100.0,332530.0,5.930039588688946,3.5443166240409205,2.385722964648026
PEI5mgmL_60°C_Abs.TXT,PEI5mgmL,60°C,Abs,2912,9060.82,100.0,332530.0,5.930012853470437,3.5442867007672634,2.3857261527031737
PEI5mgmL_60°C_Abs.TXT,PEI5mgmL,60°C,Abs,2913,9063.519999999999,100.0,332530.0,5.929985089974293,3.5442556265984653,2.385729463375828
PEI5mgmL_60°C_Abs.TXT,PEI5mgmL,60°C,Abs,2914,9066.019999999999,100.0,332530.0,5.929959383033419,3.5442268542199487,2.3857325288134708
PEI5mgmL_60°C_Abs.TXT,PEI5mgmL,60°C,Abs,2915,9068.72,100.0,332530.0,5.9299316195372755,3.544195780051151,2.3857358394861246
PEI5mgmL_60°C_Abs.TXT,PEI5mgmL,60°C,Abs,2916,9071.32,100.0,332530.0,5.929904884318766,3.5441658567774934,2.385739027541273
PEI5mgmL_60°C_Abs.TXT,PEI5mgmL,60°C,Abs,2917,9073.82,100.0,332530.0,5.9298791773778925,3.544137084398977,2.3857420929789157
PEI5mgmL_60°C_Abs.TXT,PEI5mgmL,60°C,Abs,2918,9076.42,100.0,332530.0,5.929852442159383,3.5441071611253196,2.3857452810340636
PEI5mgmL_60°C_Abs.TXT,PEI5mgmL,60°C,Abs,2919,9079.019999999999,100.0,332530.0,5.929825706940874,3.544077237851662,2.385748469089212
PEI5mgmL_60°C_Abs.TXT,PEI5mgmL,60°C,Abs,2920,9081.42,100.0,332530.0,5.929801028277635,3.5440496163682864,2.3857514119093484
PEI5mgmL_60°C_Abs.TXT,PEI5mgmL,60°C,Abs,2921,9084.019999999999,100.0,332530.0,5.929774293059126,3.544019693094629,2.3857545999644976
PEI5mgmL_60°C_Abs.TXT,PEI5mgmL,60°C,Abs,2922,9086.519999999999,100.0,332530.0,5.929748586118252,3.543990920716112,2.3857576654021395
PEI5mgmL_60°C_Abs.TXT,PEI5mgmL,60°C,Abs,2923,9089.119999999999,100.0,332530.0,5.929721850899743,3.543960997442455,2.3857608534572883
PEI5mgmL_60°C_Abs.TXT,PEI5mgmL,60°C,Abs,2924,9091.72,100.0,332530.0,5.929695115681234,3.543931074168798,2.385764041512436
PEI5mgmL_60°C_Abs.TXT,PEI5mgmL,60°C,Abs,2925,9094.42,100.0,332530.0,5.92966735218509,3.5439,2.3857673521850904
PEI5mgmL_60°C_Abs.TXT,PEI5mgmL,60°C,Abs,2926,9097.019999999999,100.0,332530.0,5.929640616966581,3.5438597938144327,2.3857808231521482
PEI5mgmL_60°C_Abs.TXT,PEI5mgmL,60°C,Abs,2927,9104.82,100.0,332530.0,5.929560411311054,3.543739175257732,2.385821236053322
PEI5mgmL_60°C_Abs.TXT,PEI5mgmL,60°C,Abs,2928,9112.619999999999,100.0,332530.0,5.929480205655527,3.543618556701031,2.385861648954496
PEI5mgmL_60°C_Abs.TXT,PEI5mgmL,60°C,Abs,2929,9120.42,100.0,332530.0,5.9294,3.5434979381443297,2.3859020618556706
PEI5mgmL_60°C_Abs.TXT,PEI5mgmL,60°C,Abs,2930,9123.22,100.0,332530.0,5.929371134020619,3.5434546391752577,2.3859164948453615
PEI5mgmL_60°C_Abs.TXT,PEI5mgmL,60°C,Abs,2931,9125.72,100.0,332530.0,5.929345360824742,3.543415979381443,2.385929381443299
PEI5mgmL_60°C_Abs.TXT,PEI5mgmL,60°C,Abs,2932,9128.119999999999,100.0,332530.0,5.929320618556702,3.5433788659793812,2.3859417525773203
PEI5mgmL_60°C_Abs.TXT,PEI5mgmL,60°C,Abs,2933,9130.72,100.0,332530.0,5.92929381443299,3.543338659793814,2.3859551546391757
PEI5mgmL_60°C_Abs.TXT,PEI5mgmL,60°C,Abs,2934,9133.22,100.0,332530.0,5.929268041237114,3.5433,2.385968041237114
PEI5mgmL_60°C_Abs.TXT,PEI5mgmL,60°C,Abs,2935,9135.92,100.0,332530.0,5.929240206185567,3.5432582474226804,2.385981958762887
PEI5mgmL_60°C_Abs.TXT,PEI5mgmL,60°C,Abs,2936,9138.519999999999,100.0,332530.0,5.929213402061856,3.5432180412371133,2.3859953608247424
PEI5mgmL_60°C_Abs.TXT,PEI5mgmL,60°C,Abs,2937,9141.22,100.0,332530.0,5.929185567010309,3.5431762886597937,2.3860092783505156
PEI5mgmL_60°C_Abs.TXT,PEI5mgmL,60°C,Abs,2938,9143.72,100.0,332530.0,5.929159793814433,3.5431376288659795,2.3860221649484536
PEI5mgmL_60°C_Abs.TXT,PEI5mgmL,60°C,Abs,2939,9146.119999999999,100.0,332530.0,5.929135051546392,3.5431005154639172,2.3860345360824744
PEI5mgmL_60°C_Abs.TXT,PEI5mgmL,60°C,Abs,2940,9148.92,100.0,332530.0,5.929106185567011,3.5430572164948453,2.3860489690721653
PEI5mgmL_60°C_Abs.TXT,PEI5mgmL,60°C,Abs,2941,9151.32,100.0,332530.0,5.929081443298969,3.5430201030927835,2.3860613402061857
PEI5mgmL_60°C_Abs.TXT,PEI5mgmL,60°C,Abs,2942,9153.92,100.0,332530.0,5.929054639175258,3.5429798969072164,2.386074742268042
PEI5mgmL_60°C_Abs.TXT,PEI5mgmL,60°C,Abs,2943,9156.519999999999,100.0,332530.0,5.929027835051547,3.5429396907216493,2.3860881443298974
PEI5mgmL_60°C_Abs.TXT,PEI5mgmL,60°C,Abs,2944,9159.22,100.0,332530.0,5.929,3.5428979381443297,2.3861020618556705
PEI5mgmL_60°C_Abs.TXT,PEI5mgmL,60°C,Abs,2945,9161.72,100.0,332530.0,5.928974226804124,3.5428592783505155,2.3861149484536086
PEI5mgmL_60°C_Abs.TXT,PEI5mgmL,60°C,Abs,2946,9164.119999999999,100.0,332530.0,5.928949484536083,3.5428221649484537,2.386127319587629
PEI5mgmL_60°C_Abs.TXT,PEI5mgmL,60°C,Abs,2947,9166.82,100.0,332530.0,5.928921649484536,3.542780412371134,2.386141237113402
PEI5mgmL_60°C_Abs.TXT,PEI5mgmL,60°C,Abs,2948,9169.42,100.0,332530.0,5.9288948453608254,3.542740206185567,2.3861546391752584
PEI5mgmL_60°C_Abs.TXT,PEI5mgmL,60°C,Abs,2949,9172.019999999999,100.0,332530.0,5.928868041237114,3.5427,2.386168041237114
PEI5mgmL_60°C_Abs.TXT,PEI5mgmL,60°C,Abs,2950,9174.619999999999,100.0,332530.0,5.928841237113402,3.542666709346991,2.386174527766411
PEI5mgmL_60°C_Abs.TXT,PEI5mgmL,60°C,Abs,2951,9182.119999999999,100.0,332530.0,5.928763917525774,3.5425706786171576,2.386193238908616
PEI5mgmL_60°C_Abs.TXT,PEI5mgmL,60°C,Abs,2952,9190.22,100.0,332530.0,5.9286804123711345,3.5424669654289374,2.386213446942197
PEI5mgmL_60°C_Abs.TXT,PEI5mgmL,60°C,Abs,2953,9198.019999999999,100.0,332530.0,5.9286,3.5423670934699105,2.38623290653009
PEI5mgmL_60°C_Abs.TXT,PEI5mgmL,60°C,Abs,2954,9200.42,100.0,332530.0,5.928575603557815,3.542336363636364,2.386239239921451
PEI5mgmL_60°C_Abs.TXT,PEI5mgmL,60°C,Abs,2955,9203.119999999999,100.0,332530.0,5.928548157560356,3.5423017925736238,2.3862463649867323
PEI5mgmL_60°C_Abs.TXT,PEI5mgmL,60°C,Abs,2956,9205.519999999999,100.0,332530.0,5.9285237611181705,3.5422710627400766,2.386252698378094
PEI5mgmL_60°C_Abs.TXT,PEI5mgmL,60°C,Abs,2957,9208.22,100.0,332530.0,5.928496315120712,3.5422364916773366,2.386259823443375
PEI5mgmL_60°C_Abs.TXT,PEI5mgmL,60°C,Abs,2958,9210.82,100.0,332530.0,5.928469885641678,3.5422032010243276,2.3862666846173504
PEI5mgmL_60°C_Abs.TXT,PEI5mgmL,60°C,Abs,2959,9213.519999999999,100.0,332530.0,5.928442439644219,3.5421686299615875,2.3862738096826317
PEI5mgmL_60°C_Abs.TXT,PEI5mgmL,60°C,Abs,2960,9216.119999999999,100.0,332530.0,5.928416010165185,3.5421353393085786,2.386280670856606
PEI5mgmL_60°C_Abs.TXT,PEI5mgmL,60°C,Abs,2961,9218.92,100.0,332530.0,5.928387547649302,3.5420994878361074,2.3862880598131944
PEI5mgmL_60°C_Abs.TXT,PEI5mgmL,60°C,Abs,2962,9221.519999999999,100.0,332530.0,5.928361118170267,3.5420661971830985,2.3862949209871687
PEI5mgmL_60°C_Abs.TXT,PEI5mgmL,60°C,Abs,2963,9224.22,100.0,332530.0,5.928333672172808,3.5420316261203584,2.38630204605245
PEI5mgmL_60°C_Abs.TXT,PEI5mgmL,60°C,Abs,2964,9226.92,100.0,332530.0,5.92830622617535,3.5419970550576183,2.3863091711177313
PEI5mgmL_60°C_Abs.TXT,PEI5mgmL,60°C,Abs,2965,9229.519999999999,100.0,332530.0,5.928279796696316,3.5419637644046094,2.3863160322917065
PEI5mgmL_60°C_Abs.TXT,PEI5mgmL,60°C,Abs,2966,9232.119999999999,100.0,332530.0,5.928253367217281,3.5419304737516004,2.386322893465681
PEI5mgmL_60°C_Abs.TXT,PEI5mgmL,60°C,Abs,2967,9234.92,100.0,332530.0,5.928224904701398,3.541894622279129,2.386330282422269
PEI5mgmL_60°C_Abs.TXT,PEI5mgmL,60°C,Abs,2968,9237.42,100.0,332530.0,5.928199491740788,3.5418626120358514,2.3863368797049365
PEI5mgmL_60°C_Abs.TXT,PEI5mgmL,60°C,Abs,2969,9239.82,100.0,332530.0,5.928175095298602,3.5418318822023047,2.3863432130962976
PEI5mgmL_60°C_Abs.TXT,PEI5mgmL,60°C,Abs,2970,9242.32,100.0,332530.0,5.928149682337993,3.541799871959027,2.3863498103789658
PEI5mgmL_60°C_Abs.TXT,PEI5mgmL,60°C,Abs,2971,9244.92,100.0,332530.0,5.928123252858958,3.541766581306018,2.38635667155294
PEI5mgmL_60°C_Abs.TXT,PEI5mgmL,60°C,Abs,2972,9247.619999999999,100.0,332530.0,5.9280958068615,3.541732010243278,2.3863637966182223
PEI5mgmL_60°C_Abs.TXT,PEI5mgmL,60°C,Abs,2973,9250.119999999999,100.0,332530.0,5.92807039390089,3.5417,2.3863703939008896
PEI5mgmL_60°C_Abs.TXT,PEI5mgmL,60°C,Abs,2974,9252.72,100.0,332530.0,5.928043964421856,3.54167343550447,2.3863705289173858
PEI5mgmL_60°C_Abs.TXT,PEI5mgmL,60°C,Abs,2975,9260.72,100.0,332530.0,5.927962642947904,3.541591698595147,2.3863709443527568
PEI5mgmL_60°C_Abs.TXT,PEI5mgmL,60°C,Abs,2976,9268.92,100.0,332530.0,5.927879288437103,3.5415079182630906,2.386371370174013
PEI5mgmL_60°C_Abs.TXT,PEI5mgmL,60°C,Abs,2977,9276.72,100.0,332530.0,5.9278,3.5414282247765008,2.3863717752234996
PEI5mgmL_60°C_Abs.TXT,PEI5mgmL,60°C,Abs,2978,9279.519999999999,100.0,332530.0,5.927760664112388,3.5413996168582376,2.3863610472541508
PEI5mgmL_60°C_Abs.TXT,PEI5mgmL,60°C,Abs,2979,9282.019999999999,100.0,332530.0,5.927725542784164,3.5413740740740742,2.3863514687100897
PEI5mgmL_60°C_Abs.TXT,PEI5mgmL,60°C,Abs,2980,9284.42,100.0,332530.0,5.927691826309068,3.541349553001277,2.3863422733077906
PEI5mgmL_60°C_Abs.TXT,PEI5mgmL,60°C,Abs,2981,9287.119999999999,100.0,332530.0,5.927653895274585,3.5413219667943805,2.386331928480205
PEI5mgmL_60°C_Abs.TXT,PEI5mgmL,60°C,Abs,2982,9289.72,100.0,332530.0,5.927617369093231,3.5412954022988505,2.3863219667943807
PEI5mgmL_60°C_Abs.TXT,PEI5mgmL,60°C,Abs,2983,9292.42,100.0,332530.0,5.927579438058749,3.541267816091954,2.386311621966795
PEI5mgmL_60°C_Abs.TXT,PEI5mgmL,60°C,Abs,2984,9295.019999999999,100.0,332530.0,5.927542911877395,3.541241251596424,2.386301660280971
PEI5mgmL_60°C_Abs.TXT,PEI5mgmL,60°C,Abs,2985,9297.619999999999,100.0,332530.0,5.9275063856960415,3.541214687100894,2.3862916985951474
PEI5mgmL_60°C_Abs.TXT,PEI5mgmL,60°C,Abs,2986,9300.119999999999,100.0,332530.0,5.927471264367816,3.5411891443167307,2.3862821200510855
PEI5mgmL_60°C_Abs.TXT,PEI5mgmL,60°C,Abs,2987,9302.619999999999,100.0,332530.0,5.927436143039592,3.5411636015325674,2.3862725415070245
PEI5mgmL_60°C_Abs.TXT,PEI5mgmL,60°C,Abs,2988,9305.119999999999,100.0,332530.0,5.927401021711367,3.5411380587484036,2.386262962962963
PEI5mgmL_60°C_Abs.TXT,PEI5mgmL,60°C,Abs,2989,9307.619999999999,100.0,332530.0,5.927365900383142,3.5411125159642403,2.386253384418902
PEI5mgmL_60°C_Abs.TXT,PEI5mgmL,60°C,Abs,2990,9310.22,100.0,332530.0,5.927329374201788,3.5410859514687103,2.3862434227330778
PEI5mgmL_60°C_Abs.TXT,PEI5mgmL,60°C,Abs,2991,9312.92,100.0,332530.0,5.927291443167306,3.5410583652618137,2.386233077905492
PEI5mgmL_60°C_Abs.TXT,PEI5mgmL,60°C,Abs,2992,9315.619999999999,100.0,332530.0,5.927253512132823,3.541030779054917,2.3862227330779056
PEI5mgmL_60°C_Abs.TXT,PEI5mgmL,60°C,Abs,2993,9318.119999999999,100.0,332530.0,5.927218390804598,3.541005236270754,2.3862131545338445
PEI5mgmL_60°C_Abs.TXT,PEI5mgmL,60°C,Abs,2994,9320.519999999999,100.0,332530.0,5.927184674329502,3.5409807151979567,2.3862039591315454
PEI5mgmL_60°C_Abs.TXT,PEI5mgmL,60°C,Abs,2995,9323.22,100.0,332530.0,5.92714674329502,3.54095312899106,2.3861936143039597
PEI5mgmL_60°C_Abs.TXT,PEI5mgmL,60°C,Abs,2996,9325.82,100.0,332530.0,5.927110217113666,3.54092656449553,2.3861836526181355
PEI5mgmL_60°C_Abs.TXT,PEI5mgmL,60°C,Abs,2997,9328.42,100.0,332530.0,5.927073690932312,3.5409,2.386173690932312
PEI5mgmL_60°C_Abs.TXT,PEI5mgmL,60°C,Abs,2998,9331.019999999999,100.0,332530.0,5.927037164750958,3.5408599486521184,2.3861772160988397
PEI5mgmL_60°C_Abs.TXT,PEI5mgmL,60°C,Abs,2999,9339.019999999999,100.0,332530.0,5.9269247765006385,3.5407367137355585,2.38618806276508
PEI5mgmL_60°C_Abs.TXT,PEI5mgmL,60°C,Abs,3000,9346.82,100.0,332530.0,5.926815197956578,3.540616559691913,2.386198638264665
PEI5mgmL_60°C_Abs.TXT,PEI5mgmL,60°C,Abs,3001,9355.019999999999,100.0,332530.0,5.9267,3.5404902439024393,2.386209756097561
PEI5mgmL_60°C_Abs.TXT,PEI5mgmL,60°C,Abs,3002,9357.519999999999,100.0,332530.0,5.9266903722721445,3.540451732991014,2.3862386392811303
PEI5mgmL_60°C_Abs.TXT,PEI5mgmL,60°C,Abs,3003,9360.019999999999,100.0,332530.0,5.926680744544288,3.5404132220795894,2.3862675224646983
PEI5mgmL_60°C_Abs.TXT,PEI5mgmL,60°C,Abs,3004,9362.619999999999,100.0,332530.0,5.9266707317073175,3.540373170731707,2.3862975609756103
PEI5mgmL_60°C_Abs.TXT,PEI5mgmL,60°C,Abs,3005,9365.119999999999,100.0,332530.0,5.926661103979461,3.5403346598202825,2.3863264441591783
PEI5mgmL_60°C_Abs.TXT,PEI5mgmL,60°C,Abs,3006,9367.72,100.0,332530.0,5.926651091142491,3.5402946084724007,2.38635648267009
PEI5mgmL_60°C_Abs.TXT,PEI5mgmL,60°C,Abs,3007,9370.22,100.0,332530.0,5.926641463414635,3.5402560975609756,2.386385365853659
PEI5mgmL_60°C_Abs.TXT,PEI5mgmL,60°C,Abs,3008,9372.82,100.0,332530.0,5.926631450577664,3.540216046213094,2.38641540436457
PEI5mgmL_60°C_Abs.TXT,PEI5mgmL,60°C,Abs,3009,9375.32,100.0,332530.0,5.926621822849808,3.5401775353016687,2.386444287548139
PEI5mgmL_60°C_Abs.TXT,PEI5mgmL,60°C,Abs,3010,9377.82,100.0,332530.0,5.926612195121951,3.540139024390244,2.386473170731707
PEI5mgmL_60°C_Abs.TXT,PEI5mgmL,60°C,Abs,3011,9380.42,100.0,332530.0,5.926602182284981,3.5400989730423618,2.386503209242619
PEI5mgmL_60°C_Abs.TXT,PEI5mgmL,60°C,Abs,3012,9383.119999999999,100.0,332530.0,5.926591784338896,3.540057381258023,2.3865344030808733
PEI5mgmL_60°C_Abs.TXT,PEI5mgmL,60°C,Abs,3013,9385.72,100.0,332530.0,5.926581771501926,3.540017329910141,2.386564441591785
PEI5mgmL_60°C_Abs.TXT,PEI5mgmL,60°C,Abs,3014,9388.32,100.0,332530.0,5.926571758664955,3.5399772785622594,2.3865944801026955
PEI5mgmL_60°C_Abs.TXT,PEI5mgmL,60°C,Abs,3015,9391.22,100.0,332530.0,5.926560590500642,3.5399326059050065,2.386627984595636
PEI5mgmL_60°C_Abs.TXT,PEI5mgmL,60°C,Abs,3016,9393.619999999999,100.0,332530.0,5.9265513478819,3.5398956354300384,2.3866557124518617
PEI5mgmL_60°C_Abs.TXT,PEI5mgmL,60°C,Abs,3017,9396.119999999999,100.0,332530.0,5.926541720154044,3.5398571245186137,2.3866845956354306
PEI5mgmL_60°C_Abs.TXT,PEI5mgmL,60°C,Abs,3018,9398.72,100.0,332530.0,5.926531707317073,3.5398170731707315,2.3867146341463417
PEI5mgmL_60°C_Abs.TXT,PEI5mgmL,60°C,Abs,3019,9401.32,100.0,332530.0,5.926521694480103,3.5397770218228497,2.386744672657253
PEI5mgmL_60°C_Abs.TXT,PEI5mgmL,60°C,Abs,3020,9403.92,100.0,332530.0,5.926511681643133,3.539736970474968,2.3867747111681648
PEI5mgmL_60°C_Abs.TXT,PEI5mgmL,60°C,Abs,3021,9406.32,100.0,332530.0,5.92650243902439,3.5397,2.3868024390243905
PEI5mgmL_60°C_Abs.TXT,PEI5mgmL,60°C,Abs,3022,9409.22,100.0,332530.0,5.926491270860077,3.5396666666666667,2.3868246041934102
PEI5mgmL_60°C_Abs.TXT,PEI5mgmL,60°C,Abs,3023,9416.82,100.0,332530.0,5.926462002567394,3.5395793103448274,2.3868826922225668
PEI5mgmL_60°C_Abs.TXT,PEI5mgmL,60°C,Abs,3024,9424.619999999999,100.0,332530.0,5.926431964056483,3.5394896551724138,2.386942308884069
PEI5mgmL_60°C_Abs.TXT,PEI5mgmL,60°C,Abs,3025,9432.92,100.0,332530.0,5.9264,3.539394252873563,2.387005747126437
PEI5mgmL_60°C_Abs.TXT,PEI5mgmL,60°C,Abs,3026,9435.32,100.0,332530.0,5.926372200772201,3.5393666666666665,2.3870055341055347
PEI5mgmL_60°C_Abs.TXT,PEI5mgmL,60°C,Abs,3027,9438.019999999999,100.0,332530.0,5.926340926640926,3.5393356321839082,2.387005294457018
PEI5mgmL_60°C_Abs.TXT,PEI5mgmL,60°C,Abs,3028,9440.42,100.0,332530.0,5.9263131274131275,3.5393080459770117,2.387005081436116
PEI5mgmL_60°C_Abs.TXT,PEI5mgmL,60°C,Abs,3029,9442.92,100.0,332530.0,5.92628416988417,3.5392793103448277,2.387004859539342
PEI5mgmL_60°C_Abs.TXT,PEI5mgmL,60°C,Abs,3030,9445.519999999999,100.0,332530.0,5.926254054054054,3.5392494252873563,2.3870046287666975
PEI5mgmL_60°C_Abs.TXT,PEI5mgmL,60°C,Abs,3031,9448.019999999999,100.0,332530.0,5.926225096525097,3.5392206896551723,2.3870044068699245
PEI5mgmL_60°C_Abs.TXT,PEI5mgmL,60°C,Abs,3032,9450.92,100.0,332530.0,5.926191505791506,3.5391873563218392,2.3870041494696665
PEI5mgmL_60°C_Abs.TXT,PEI5mgmL,60°C,Abs,3033,9453.519999999999,100.0,332530.0,5.92616138996139,3.539157471264368,2.387003918697022
PEI5mgmL_60°C_Abs.TXT,PEI5mgmL,60°C,Abs,3034,9456.22,100.0,332530.0,5.926130115830116,3.539126436781609,2.3870036790485067
PEI5mgmL_60°C_Abs.TXT,PEI5mgmL,60°C,Abs,3035,9458.619999999999,100.0,332530.0,5.926102316602317,3.5390988505747125,2.3870034660276045
PEI5mgmL_60°C_Abs.TXT,PEI5mgmL,60°C,Abs,3036,9461.519999999999,100.0,332530.0,5.926068725868726,3.5390655172413794,2.3870032086273465
PEI5mgmL_60°C_Abs.TXT,PEI5mgmL,60°C,Abs,3037,9463.92,100.0,332530.0,5.926040926640927,3.539037931034483,2.3870029956064442
PEI5mgmL_60°C_Abs.TXT,PEI5mgmL,60°C,Abs,3038,9466.82,100.0,332530.0,5.926007335907336,3.5390045977011497,2.3870027382061862
PEI5mgmL_60°C_Abs.TXT,PEI5mgmL,60°C,Abs,3039,9469.42,100.0,332530.0,5.92597722007722,3.5389747126436784,2.3870025074335417
PEI5mgmL_60°C_Abs.TXT,PEI5mgmL,60°C,Abs,3040,9471.82,100.0,332530.0,5.925949420849421,3.5389471264367818,2.3870022944126394
PEI5mgmL_60°C_Abs.TXT,PEI5mgmL,60°C,Abs,3041,9474.42,100.0,332530.0,5.925919305019305,3.5389172413793104,2.387002063639995
PEI5mgmL_60°C_Abs.TXT,PEI5mgmL,60°C,Abs,3042,9476.82,100.0,332530.0,5.9258915057915065,3.538889655172414,2.3870018506190926
PEI5mgmL_60°C_Abs.TXT,PEI5mgmL,60°C,Abs,3043,9479.42,100.0,332530.0,5.925861389961391,3.5388597701149425,2.387001619846448
PEI5mgmL_60°C_Abs.TXT,PEI5mgmL,60°C,Abs,3044,9482.119999999999,100.0,332530.0,5.9258301158301165,3.538828735632184,2.3870013801979324
PEI5mgmL_60°C_Abs.TXT,PEI5mgmL,60°C,Abs,3045,9484.619999999999,100.0,332530.0,5.925801158301159,3.5388,2.3870011583011586
PEI5mgmL_60°C_Abs.TXT,PEI5mgmL,60°C,Abs,3046,9487.119999999999,100.0,332530.0,5.925772200772201,3.5387615877080667,2.387010613064134
PEI5mgmL_60°C_Abs.TXT,PEI5mgmL,60°C,Abs,3047,9494.92,100.0,332530.0,5.925681853281854,3.5386417413572344,2.3870401119246196
PEI5mgmL_60°C_Abs.TXT,PEI5mgmL,60°C,Abs,3048,9502.519999999999,100.0,332530.0,5.9255938223938225,3.538524967989757,2.3870688544040655
PEI5mgmL_60°C_Abs.TXT,PEI5mgmL,60°C,Abs,3049,9510.619999999999,100.0,332530.0,5.9255,3.5384005121638924,2.387099487836108
PEI5mgmL_60°C_Abs.TXT,PEI5mgmL,60°C,Abs,3050,9513.119999999999,100.0,332530.0,5.925480670103093,3.538362099871959,2.3871185702311344
PEI5mgmL_60°C_Abs.TXT,PEI5mgmL,60°C,Abs,3051,9515.82,100.0,332530.0,5.925459793814434,3.538320614596671,2.3871391792177628
PEI5mgmL_60°C_Abs.TXT,PEI5mgmL,60°C,Abs,3052,9518.32,100.0,332530.0,5.925440463917526,3.5382822023047376,2.387158261612788
PEI5mgmL_60°C_Abs.TXT,PEI5mgmL,60°C,Abs,3053,9521.019999999999,100.0,332530.0,5.925419587628866,3.5382407170294496,2.3871788705994166
PEI5mgmL_60°C_Abs.TXT,PEI5mgmL,60°C,Abs,3054,9523.619999999999,100.0,332530.0,5.925399484536083,3.5382007682458387,2.387198716290244
PEI5mgmL_60°C_Abs.TXT,PEI5mgmL,60°C,Abs,3055,9526.22,100.0,332530.0,5.9253793814433,3.538160819462228,2.3872185619810717
PEI5mgmL_60°C_Abs.TXT,PEI5mgmL,60°C,Abs,3056,9528.82,100.0,332530.0,5.925359278350516,3.5381208706786174,2.387238407671899
PEI5mgmL_60°C_Abs.TXT,PEI5mgmL,60°C,Abs,3057,9531.72,100.0,332530.0,5.925336855670103,3.5380763124199746,2.387260543250129
PEI5mgmL_60°C_Abs.TXT,PEI5mgmL,60°C,Abs,3058,9534.22,100.0,332530.0,5.925317525773196,3.538037900128041,2.387279625645155
PEI5mgmL_60°C_Abs.TXT,PEI5mgmL,60°C,Abs,3059,9536.92,100.0,332530.0,5.925296649484537,3.5379964148527527,2.387300234631784
PEI5mgmL_60°C_Abs.TXT,PEI5mgmL,60°C,Abs,3060,9539.519999999999,100.0,332530.0,5.9252765463917525,3.5379564660691423,2.3873200803226102
PEI5mgmL_60°C_Abs.TXT,PEI5mgmL,60°C,Abs,3061,9542.019999999999,100.0,332530.0,5.925257216494845,3.537918053777209,2.3873391627176366
PEI5mgmL_60°C_Abs.TXT,PEI5mgmL,60°C,Abs,3062,9544.519999999999,100.0,332530.0,5.925237886597938,3.5378796414852753,2.387358245112663
PEI5mgmL_60°C_Abs.TXT,PEI5mgmL,60°C,Abs,3063,9547.119999999999,100.0,332530.0,5.925217783505155,3.5378396927016644,2.3873780908034905
PEI5mgmL_60°C_Abs.TXT,PEI5mgmL,60°C,Abs,3064,9549.72,100.0,332530.0,5.925197680412372,3.5377997439180535,2.387397936494318
PEI5mgmL_60°C_Abs.TXT,PEI5mgmL,60°C,Abs,3065,9552.22,100.0,332530.0,5.9251783505154645,3.53776133162612,2.3874170188893444
PEI5mgmL_60°C_Abs.TXT,PEI5mgmL,60°C,Abs,3066,9554.82,100.0,332530.0,5.92515824742268,3.5377213828425096,2.3874368645801707
PEI5mgmL_60°C_Abs.TXT,PEI5mgmL,60°C,Abs,3067,9557.42,100.0,332530.0,5.925138144329897,3.5376814340588987,2.3874567102709983
PEI5mgmL_60°C_Abs.TXT,PEI5mgmL,60°C,Abs,3068,9560.119999999999,100.0,332530.0,5.925117268041237,3.5376399487836108,2.3874773192576266
PEI5mgmL_60°C_Abs.TXT,PEI5mgmL,60°C,Abs,3069,9562.72,100.0,332530.0,5.925097164948454,3.5376,2.387497164948454
PEI5mgmL_60°C_Abs.TXT,PEI5mgmL,60°C,Abs,3070,9565.32,100.0,332530.0,5.92507706185567,3.5375698064516126,2.3875072554040573
PEI5mgmL_60°C_Abs.TXT,PEI5mgmL,60°C,Abs,3071,9572.92,100.0,332530.0,5.925018298969072,3.5374815483870967,2.3875367505819756
PEI5mgmL_60°C_Abs.TXT,PEI5mgmL,60°C,Abs,3072,9580.22,100.0,332530.0,5.924961855670103,3.537396774193548,2.387565081476555
PEI5mgmL_60°C_Abs.TXT,PEI5mgmL,60°C,Abs,3073,9588.22,100.0,332530.0,5.9249,3.537303870967742,2.387596129032258
PEI5mgmL_60°C_Abs.TXT,PEI5mgmL,60°C,Abs,3074,9591.22,100.0,332530.0,5.924854430379747,3.5372690322580644,2.3875853981216824
PEI5mgmL_60°C_Abs.TXT,PEI5mgmL,60°C,Abs,3075,9593.22,100.0,332530.0,5.924824050632911,3.537245806451613,2.3875782441812983
PEI5mgmL_60°C_Abs.TXT,PEI5mgmL,60°C,Abs,3076,9596.22,100.0,332530.0,5.924778481012658,3.5372109677419354,2.3875675132707226
PEI5mgmL_60°C_Abs.TXT,PEI5mgmL,60°C,Abs,3077,9599.22,100.0,332530.0,5.924732911392405,3.537176129032258,2.387556782360147
PEI5mgmL_60°C_Abs.TXT,PEI5mgmL,60°C,Abs,3078,9601.22,100.0,332530.0,5.924702531645569,3.5371529032258064,2.387549628419763
PEI5mgmL_60°C_Abs.TXT,PEI5mgmL,60°C,Abs,3079,9604.22,100.0,332530.0,5.924656962025317,3.537118064516129,2.387538897509188
PEI5mgmL_60°C_Abs.TXT,PEI5mgmL,60°C,Abs,3080,9607.22,100.0,332530.0,5.924611392405064,3.5370832258064517,2.387528166598612
PEI5mgmL_60°C_Abs.TXT,PEI5mgmL,60°C,Abs,3081,9609.22,100.0,332530.0,5.924581012658228,3.53706,2.3875210126582282
PEI5mgmL_60°C_Abs.TXT,PEI5mgmL,60°C,Abs,3082,9612.22,100.0,332530.0,5.924535443037975,3.5370251612903227,2.387510281747652
PEI5mgmL_60°C_Abs.TXT,PEI5mgmL,60°C,Abs,3083,9614.22,100.0,332530.0,5.924505063291139,3.537001935483871,2.3875031278072685
PEI5mgmL_60°C_Abs.TXT,PEI5mgmL,60°C,Abs,3084,9617.22,100.0,332530.0,5.924459493670886,3.5369670967741937,2.3874923968966923
PEI5mgmL_60°C_Abs.TXT,PEI5mgmL,60°C,Abs,3085,9619.22,100.0,332530.0,5.924429113924051,3.536943870967742,2.3874852429563087
PEI5mgmL_60°C_Abs.TXT,PEI5mgmL,60°C,Abs,3086,9622.22,100.0,332530.0,5.924383544303797,3.5369090322580647,2.3874745120457326
PEI5mgmL_60°C_Abs.TXT,PEI5mgmL,60°C,Abs,3087,9625.22,100.0,332530.0,5.924337974683544,3.536874193548387,2.387463781135157
PEI5mgmL_60°C_Abs.TXT,PEI5mgmL,60°C,Abs,3088,9627.22,100.0,332530.0,5.9243075949367086,3.5368509677419357,2.387456627194773
PEI5mgmL_60°C_Abs.TXT,PEI5mgmL,60°C,Abs,3089,9630.22,100.0,332530.0,5.924262025316456,3.536816129032258,2.387445896284198
PEI5mgmL_60°C_Abs.TXT,PEI5mgmL,60°C,Abs,3090,9632.22,100.0,332530.0,5.924231645569621,3.5367929032258068,2.387438742343814
PEI5mgmL_60°C_Abs.TXT,PEI5mgmL,60°C,Abs,3091,9635.22,100.0,332530.0,5.924186075949367,3.536758064516129,2.3874280114332382
PEI5mgmL_60°C_Abs.TXT,PEI5mgmL,60°C,Abs,3092,9638.22,100.0,332530.0,5.924140506329114,3.5367232258064516,2.3874172805226626
PEI5mgmL_60°C_Abs.TXT,PEI5mgmL,60°C,Abs,3093,9640.22,100.0,332530.0,5.924110126582279,3.5367,2.3874101265822785
PEI5mgmL_60°C_Abs.TXT,PEI5mgmL,60°C,Abs,3094,9643.22,100.0,332530.0,5.924064556962025,3.5366696202531647,2.3873949367088607
PEI5mgmL_60°C_Abs.TXT,PEI5mgmL,60°C,Abs,3095,9651.22,100.0,332530.0,5.923943037974683,3.5365886075949367,2.3873544303797467
PEI5mgmL_60°C_Abs.TXT,PEI5mgmL,60°C,Abs,3096,9658.22,100.0,332530.0,5.92383670886076,3.5365177215189876,2.3873189873417724
PEI5mgmL_60°C_Abs.TXT,PEI5mgmL,60°C,Abs,3097,9667.22,100.0,332530.0,5.9237,3.536426582278481,2.387273417721519
PEI5mgmL_60°C_Abs.TXT,PEI5mgmL,60°C,Abs,3098,9669.22,100.0,332530.0,5.923682278481013,3.536406329113924,2.3872759493670888
PEI5mgmL_60°C_Abs.TXT,PEI5mgmL,60°C,Abs,3099,9672.22,100.0,332530.0,5.923655696202532,3.5363759493670885,2.3872797468354436
PEI5mgmL_60°C_Abs.TXT,PEI5mgmL,60°C,Abs,3100,9675.22,100.0,332530.0,5.923629113924051,3.536345569620253,2.3872835443037976
PEI5mgmL_60°C_Abs.TXT,PEI5mgmL,60°C,Abs,3101,9677.22,100.0,332530.0,5.923611392405063,3.536325316455696,2.3872860759493673
PEI5mgmL_60°C_Abs.TXT,PEI5mgmL,60°C,Abs,3102,9680.22,100.0,332530.0,5.923584810126583,3.536294936708861,2.3872898734177217
PEI5mgmL_60°C_Abs.TXT,PEI5mgmL,60°C,Abs,3103,9682.22,100.0,332530.0,5.923567088607595,3.536274683544304,2.3872924050632913
PEI5mgmL_60°C_Abs.TXT,PEI5mgmL,60°C,Abs,3104,9685.22,100.0,332530.0,5.923540506329114,3.5362443037974685,2.3872962025316453
PEI5mgmL_60°C_Abs.TXT,PEI5mgmL,60°C,Abs,3105,9688.22,100.0,332530.0,5.923513924050633,3.536213924050633,2.3873
PEI5mgmL_60°C_Abs.TXT,PEI5mgmL,60°C,Abs,3106,9690.22,100.0,332530.0,5.923496202531646,3.536193670886076,2.38730253164557
PEI5mgmL_60°C_Abs.TXT,PEI5mgmL,60°C,Abs,3107,9693.22,100.0,332530.0,5.923469620253164,3.5361632911392404,2.387306329113924
PEI5mgmL_60°C_Abs.TXT,PEI5mgmL,60°C,Abs,3108,9696.22,100.0,332530.0,5.923443037974684,3.536132911392405,2.3873101265822787
PEI5mgmL_60°C_Abs.TXT,PEI5mgmL,60°C,Abs,3109,9698.22,100.0,332530.0,5.923425316455696,3.536112658227848,2.3873126582278483
PEI5mgmL_60°C_Abs.TXT,PEI5mgmL,60°C,Abs,3110,9701.22,100.0,332530.0,5.923398734177216,3.5360822784810124,2.387316455696203
PEI5mgmL_60°C_Abs.TXT,PEI5mgmL,60°C,Abs,3111,9703.22,100.0,332530.0,5.923381012658228,3.5360620253164554,2.387318987341773
PEI5mgmL_60°C_Abs.TXT,PEI5mgmL,60°C,Abs,3112,9706.22,100.0,332530.0,5.923354430379747,3.5360316455696204,2.3873227848101264
PEI5mgmL_60°C_Abs.TXT,PEI5mgmL,60°C,Abs,3113,9709.22,100.0,332530.0,5.923327848101266,3.536001265822785,2.3873265822784813
PEI5mgmL_60°C_Abs.TXT,PEI5mgmL,60°C,Abs,3114,9711.22,100.0,332530.0,5.923310126582279,3.535981012658228,2.387329113924051
PEI5mgmL_60°C_Abs.TXT,PEI5mgmL,60°C,Abs,3115,9714.22,100.0,332530.0,5.923283544303797,3.5359506329113923,2.387332911392405
PEI5mgmL_60°C_Abs.TXT,PEI5mgmL,60°C,Abs,3116,9716.22,100.0,332530.0,5.92326582278481,3.5359303797468353,2.3873354430379745
PEI5mgmL_60°C_Abs.TXT,PEI5mgmL,60°C,Abs,3117,9719.22,100.0,332530.0,5.923239240506329,3.5359,2.3873392405063294
PEI5mgmL_60°C_Abs.TXT,PEI5mgmL,60°C,Abs,3118,9722.22,100.0,332530.0,5.923212658227849,3.5358493506493507,2.387363307578498
PEI5mgmL_60°C_Abs.TXT,PEI5mgmL,60°C,Abs,3119,9730.22,100.0,332530.0,5.923141772151899,3.5357142857142856,2.3874274864376135
PEI5mgmL_60°C_Abs.TXT,PEI5mgmL,60°C,Abs,3120,9737.22,100.0,332530.0,5.923079746835443,3.5355961038961037,2.387483642939339
PEI5mgmL_60°C_Abs.TXT,PEI5mgmL,60°C,Abs,3121,9746.22,100.0,332530.0,5.923,3.535444155844156,2.387555844155844
PEI5mgmL_60°C_Abs.TXT,PEI5mgmL,60°C,Abs,3122,9748.22,100.0,332530.0,5.9229792207792205,3.5354103896103894,2.387568831168831
PEI5mgmL_60°C_Abs.TXT,PEI5mgmL,60°C,Abs,3123,9750.22,100.0,332530.0,5.922958441558442,3.5353766233766235,2.3875818181818182
PEI5mgmL_60°C_Abs.TXT,PEI5mgmL,60°C,Abs,3124,9753.22,100.0,332530.0,5.922927272727272,3.535325974025974,2.3876012987012984
PEI5mgmL_60°C_Abs.TXT,PEI5mgmL,60°C,Abs,3125,9755.22,100.0,332530.0,5.922906493506494,3.535292207792208,2.3876142857142857
PEI5mgmL_60°C_Abs.TXT,PEI5mgmL,60°C,Abs,3126,9758.22,100.0,332530.0,5.922875324675324,3.5352415584415584,2.387633766233766
PEI5mgmL_60°C_Abs.TXT,PEI5mgmL,60°C,Abs,3127,9760.22,100.0,332530.0,5.922854545454546,3.535207792207792,2.3876467532467536
PEI5mgmL_60°C_Abs.TXT,PEI5mgmL,60°C,Abs,3128,9763.22,100.0,332530.0,5.922823376623377,3.535157142857143,2.387666233766234
PEI5mgmL_60°C_Abs.TXT,PEI5mgmL,60°C,Abs,3129,9766.22,100.0,332530.0,5.922792207792208,3.5351064935064938,2.387685714285714
PEI5mgmL_60°C_Abs.TXT,PEI5mgmL,60°C,Abs,3130,9768.22,100.0,332530.0,5.922771428571429,3.5350727272727274,2.3876987012987017
PEI5mgmL_60°C_Abs.TXT,PEI5mgmL,60°C,Abs,3131,9771.22,100.0,332530.0,5.92274025974026,3.535022077922078,2.387718181818182
PEI5mgmL_60°C_Abs.TXT,PEI5mgmL,60°C,Abs,3132,9773.22,100.0,332530.0,5.922719480519481,3.534988311688312,2.387731168831169
PEI5mgmL_60°C_Abs.TXT,PEI5mgmL,60°C,Abs,3133,9776.22,100.0,332530.0,5.922688311688312,3.5349376623376623,2.3877506493506493
PEI5mgmL_60°C_Abs.TXT,PEI5mgmL,60°C,Abs,3134,9778.22,100.0,332530.0,5.922667532467533,3.5349038961038963,2.3877636363636365
PEI5mgmL_60°C_Abs.TXT,PEI5mgmL,60°C,Abs,3135,9781.22,100.0,332530.0,5.9226363636363635,3.5348532467532467,2.3877831168831167
PEI5mgmL_60°C_Abs.TXT,PEI5mgmL,60°C,Abs,3136,9784.22,100.0,332530.0,5.922605194805195,3.5348025974025976,2.3878025974025974
PEI5mgmL_60°C_Abs.TXT,PEI5mgmL,60°C,Abs,3137,9786.22,100.0,332530.0,5.922584415584415,3.5347688311688312,2.387815584415584
PEI5mgmL_60°C_Abs.TXT,PEI5mgmL,60°C,Abs,3138,9788.22,100.0,332530.0,5.922563636363637,3.5347350649350653,2.3878285714285714
PEI5mgmL_60°C_Abs.TXT,PEI5mgmL,60°C,Abs,3139,9791.22,100.0,332530.0,5.922532467532467,3.5346844155844157,2.3878480519480516
PEI5mgmL_60°C_Abs.TXT,PEI5mgmL,60°C,Abs,3140,9794.22,100.0,332530.0,5.922501298701299,3.5346337662337666,2.3878675324675322
PEI5mgmL_60°C_Abs.TXT,PEI5mgmL,60°C,Abs,3141,9796.22,100.0,332530.0,5.922480519480519,3.5346,2.387880519480519
PEI5mgmL_60°C_Abs.TXT,PEI5mgmL,60°C,Abs,3142,9799.22,100.0,332530.0,5.922449350649351,3.5345848101265824,2.3878645405227683
PEI5mgmL_60°C_Abs.TXT,PEI5mgmL,60°C,Abs,3143,9807.22,100.0,332530.0,5.922366233766234,3.5345443037974684,2.3878219299687657
PEI5mgmL_60°C_Abs.TXT,PEI5mgmL,60°C,Abs,3144,9815.22,100.0,332530.0,5.922283116883117,3.5345037974683544,2.3877793194147623
PEI5mgmL_60°C_Abs.TXT,PEI5mgmL,60°C,Abs,3145,9823.22,100.0,332530.0,5.9222,3.5344632911392404,2.3877367088607597
PEI5mgmL_60°C_Abs.TXT,PEI5mgmL,60°C,Abs,3146,9825.22,100.0,332530.0,5.922184615384616,3.534453164556962,2.387731450827654
PEI5mgmL_60°C_Abs.TXT,PEI5mgmL,60°C,Abs,3147,9828.22,100.0,332530.0,5.9221615384615385,3.534437974683544,2.3877235637779943
PEI5mgmL_60°C_Abs.TXT,PEI5mgmL,60°C,Abs,3148,9831.22,100.0,332530.0,5.922138461538462,3.5344227848101264,2.3877156767283356
PEI5mgmL_60°C_Abs.TXT,PEI5mgmL,60°C,Abs,3149,9833.22,100.0,332530.0,5.922123076923077,3.534412658227848,2.387710418695229
PEI5mgmL_60°C_Abs.TXT,PEI5mgmL,60°C,Abs,3150,9836.22,100.0,332530.0,5.9221,3.5343974683544306,2.38770253164557
PEI5mgmL_60°C_Abs.TXT,PEI5mgmL,60°C,Abs,3151,9838.22,100.0,332530.0,5.922084615384615,3.534387341772152,2.387697273612463
PEI5mgmL_60°C_Abs.TXT,PEI5mgmL,60°C,Abs,3152,9841.22,100.0,332530.0,5.922061538461539,3.5343721518987343,2.3876893865628044
PEI5mgmL_60°C_Abs.TXT,PEI5mgmL,60°C,Abs,3153,9844.22,100.0,332530.0,5.922038461538461,3.5343569620253166,2.387681499513145
PEI5mgmL_60°C_Abs.TXT,PEI5mgmL,60°C,Abs,3154,9846.22,100.0,332530.0,5.922023076923077,3.534346835443038,2.387676241480039
PEI5mgmL_60°C_Abs.TXT,PEI5mgmL,60°C,Abs,3155,9849.22,100.0,332530.0,5.922,3.5343316455696203,2.3876683544303794
PEI5mgmL_60°C_Abs.TXT,PEI5mgmL,60°C,Abs,3156,9852.22,100.0,332530.0,5.921976923076923,3.5343164556962026,2.3876604673807207
PEI5mgmL_60°C_Abs.TXT,PEI5mgmL,60°C,Abs,3157,9854.22,100.0,332530.0,5.921961538461538,3.534306329113924,2.387655209347614
PEI5mgmL_60°C_Abs.TXT,PEI5mgmL,60°C,Abs,3158,9857.22,100.0,332530.0,5.921938461538462,3.5342911392405063,2.3876473222979553
PEI5mgmL_60°C_Abs.TXT,PEI5mgmL,60°C,Abs,3159,9859.22,100.0,332530.0,5.921923076923077,3.534281012658228,2.3876420642648495
PEI5mgmL_60°C_Abs.TXT,PEI5mgmL,60°C,Abs,3160,9862.22,100.0,332530.0,5.9219,3.53426582278481,2.38763417721519
PEI5mgmL_60°C_Abs.TXT,PEI5mgmL,60°C,Abs,3161,9864.22,100.0,332530.0,5.921884615384616,3.5342556962025315,2.387628919182084
PEI5mgmL_60°C_Abs.TXT,PEI5mgmL,60°C,Abs,3162,9867.22,100.0,332530.0,5.921861538461538,3.534240506329114,2.3876210321324245
PEI5mgmL_60°C_Abs.TXT,PEI5mgmL,60°C,Abs,3163,9870.22,100.0,332530.0,5.921838461538462,3.534225316455696,2.387613145082766
PEI5mgmL_60°C_Abs.TXT,PEI5mgmL,60°C,Abs,3164,9872.22,100.0,332530.0,5.921823076923077,3.5342151898734175,2.387607887049659
PEI5mgmL_60°C_Abs.TXT,PEI5mgmL,60°C,Abs,3165,9875.22,100.0,332530.0,5.9218,3.5342,2.3876000000000004
PEI5mgmL_60°C_Abs.TXT,PEI5mgmL,60°C,Abs,3166,9878.22,100.0,332530.0,5.921776923076923,3.534153846153846,2.387623076923077
PEI5mgmL_60°C_Abs.TXT,PEI5mgmL,60°C,Abs,3167,9885.22,100.0,332530.0,5.921723076923077,3.5340461538461536,2.3876769230769233
PEI5mgmL_60°C_Abs.TXT,PEI5mgmL,60°C,Abs,3168,9893.22,100.0,332530.0,5.921661538461538,3.533923076923077,2.387738461538461
PEI5mgmL_60°C_Abs.TXT,PEI5mgmL,60°C,Abs,3169,9901.22,100.0,332530.0,5.9216,3.5338,2.3878
PEI5mgmL_60°C_Abs.TXT,PEI5mgmL,60°C,Abs,3170,9903.22,100.0,332530.0,5.921579487179487,3.5337692307692308,2.3878102564102566
PEI5mgmL_60°C_Abs.TXT,PEI5mgmL,60°C,Abs,3171,9906.22,100.0,332530.0,5.921548717948718,3.533723076923077,2.387825641025641
PEI5mgmL_60°C_Abs.TXT,PEI5mgmL,60°C,Abs,3172,9909.22,100.0,332530.0,5.921517948717948,3.5336769230769227,2.3878410256410256
PEI5mgmL_60°C_Abs.TXT,PEI5mgmL,60°C,Abs,3173,9911.22,100.0,332530.0,5.921497435897436,3.5336461538461537,2.3878512820512823
PEI5mgmL_60°C_Abs.TXT,PEI5mgmL,60°C,Abs,3174,9914.22,100.0,332530.0,5.921466666666666,3.5336,2.3878666666666666
PEI5mgmL_60°C_Abs.TXT,PEI5mgmL,60°C,Abs,3175,9916.22,100.0,332530.0,5.921446153846154,3.533569230769231,2.3878769230769232
PEI5mgmL_60°C_Abs.TXT,PEI5mgmL,60°C,Abs,3176,9919.22,100.0,332530.0,5.9214153846153845,3.533523076923077,2.3878923076923075
PEI5mgmL_60°C_Abs.TXT,PEI5mgmL,60°C,Abs,3177,9921.22,100.0,332530.0,5.921394871794871,3.5334923076923075,2.3879025641025637
PEI5mgmL_60°C_Abs.TXT,PEI5mgmL,60°C,Abs,3178,9924.22,100.0,332530.0,5.921364102564103,3.5334461538461537,2.387917948717949
PEI5mgmL_60°C_Abs.TXT,PEI5mgmL,60°C,Abs,3179,9927.22,100.0,332530.0,5.921333333333333,3.5334,2.3879333333333332
PEI5mgmL_60°C_Abs.TXT,PEI5mgmL,60°C,Abs,3180,9929.22,100.0,332530.0,5.921312820512821,3.533369230769231,2.38794358974359
PEI5mgmL_60°C_Abs.TXT,PEI5mgmL,60°C,Abs,3181,9932.22,100.0,332530.0,5.921282051282051,3.533323076923077,2.387958974358974
PEI5mgmL_60°C_Abs.TXT,PEI5mgmL,60°C,Abs,3182,9934.22,100.0,332530.0,5.921261538461538,3.5332923076923075,2.3879692307692304
PEI5mgmL_60°C_Abs.TXT,PEI5mgmL,60°C,Abs,3183,9937.22,100.0,332530.0,5.921230769230769,3.5332461538461537,2.3879846153846156
PEI5mgmL_60°C_Abs.TXT,PEI5mgmL,60°C,Abs,3184,9940.22,100.0,332530.0,5.9212,3.5332,2.388
PEI5mgmL_60°C_Abs.TXT,PEI5mgmL,60°C,Abs,3185,9942.22,100.0,332530.0,5.921179487179487,3.533169230769231,2.3880102564102565
PEI5mgmL_60°C_Abs.TXT,PEI5mgmL,60°C,Abs,3186,9945.22,100.0,332530.0,5.921148717948718,3.533123076923077,2.388025641025641
PEI5mgmL_60°C_Abs.TXT,PEI5mgmL,60°C,Abs,3187,9948.22,100.0,332530.0,5.921117948717948,3.533076923076923,2.3880410256410256
PEI5mgmL_60°C_Abs.TXT,PEI5mgmL,60°C,Abs,3188,9950.22,100.0,332530.0,5.921097435897436,3.5330461538461537,2.3880512820512823
PEI5mgmL_60°C_Abs.TXT,PEI5mgmL,60°C,Abs,3189,9953.22,100.0,332530.0,5.9210666666666665,3.533,2.3880666666666666
PEI5mgmL_60°C_Abs.TXT,PEI5mgmL,60°C,Abs,3190,9955.22,100.0,332530.0,5.921046153846154,3.532969230769231,2.388076923076923
PEI5mgmL_60°C_Abs.TXT,PEI5mgmL,60°C,Abs,3191,9963.22,100.0,332530.0,5.920964102564103,3.5328461538461537,2.388117948717949
PEI5mgmL_60°C_Abs.TXT,PEI5mgmL,60°C,Abs,3192,9971.22,100.0,332530.0,5.920882051282051,3.532723076923077,2.388158974358974
PEI5mgmL_60°C_Abs.TXT,PEI5mgmL,60°C,Abs,3193,9979.22,100.0,332530.0,5.9208,3.5326,2.3882
PEI5mgmL_60°C_Abs.TXT,PEI5mgmL,60°C,Abs,3194,9982.22,100.0,332530.0,5.920773076923076,3.532553846153846,2.3882192307692303
PEI5mgmL_60°C_Abs.TXT,PEI5mgmL,60°C,Abs,3195,9984.22,100.0,332530.0,5.920755128205128,3.532523076923077,2.388232051282051
PEI5mgmL_60°C_Abs.TXT,PEI5mgmL,60°C,Abs,3196,9987.22,100.0,332530.0,5.920728205128205,3.532476923076923,2.388251282051282
PEI5mgmL_60°C_Abs.TXT,PEI5mgmL,60°C,Abs,3197,9989.22,100.0,332530.0,5.920710256410256,3.532446153846154,2.3882641025641025
PEI5mgmL_60°C_Abs.TXT,PEI5mgmL,60°C,Abs,3198,9992.22,100.0,332530.0,5.920683333333333,3.5324,2.388283333333333
PEI5mgmL_60°C_Abs.TXT,PEI5mgmL,60°C,Abs,3199,9994.22,100.0,332530.0,5.9206653846153845,3.532369230769231,2.3882961538461536
PEI5mgmL_60°C_Abs.TXT,PEI5mgmL,60°C,Abs,3200,9997.22,100.0,332530.0,5.920638461538461,3.532323076923077,2.388315384615384
PEI5mgmL_60°C_Abs.TXT,PEI5mgmL,60°C,Abs,3201,10000.22,100.0,332530.0,5.9206115384615385,3.532276923076923,2.3883346153846157
PEI5mgmL_60°C_Abs.TXT,PEI5mgmL,60°C,Abs,3202,10002.22,100.0,332530.0,5.920593589743589,3.532246153846154,2.3883474358974355
PEI5mgmL_60°C_Abs.TXT,PEI5mgmL,60°C,Abs,3203,10005.22,100.0,332530.0,5.920566666666667,3.5322,2.3883666666666667
PEI5mgmL_60°C_Abs.TXT,PEI5mgmL,60°C,Abs,3204,10008.22,100.0,332530.0,5.920539743589743,3.532153846153846,2.388385897435897
PEI5mgmL_60°C_Abs.TXT,PEI5mgmL,60°C,Abs,3205,10010.22,100.0,332530.0,5.920521794871795,3.532123076923077,2.388398717948718
PEI5mgmL_60°C_Abs.TXT,PEI5mgmL,60°C,Abs,3206,10013.22,100.0,332530.0,5.9204948717948715,3.532076923076923,2.3884179487179487
PEI5mgmL_60°C_Abs.TXT,PEI5mgmL,60°C,Abs,3207,10016.22,100.0,332530.0,5.920467948717948,3.532030769230769,2.388437179487179
PEI5mgmL_60°C_Abs.TXT,PEI5mgmL,60°C,Abs,3208,10018.22,100.0,332530.0,5.92045,3.532,2.3884499999999997
PEI5mgmL_60°C_Abs.TXT,PEI5mgmL,60°C,Abs,3209,10021.22,100.0,332530.0,5.920423076923076,3.531953846153846,2.38846923076923
PEI5mgmL_60°C_Abs.TXT,PEI5mgmL,60°C,Abs,3210,10023.22,100.0,332530.0,5.920405128205128,3.531923076923077,2.388482051282051
PEI5mgmL_60°C_Abs.TXT,PEI5mgmL,60°C,Abs,3211,10026.22,100.0,332530.0,5.920378205128205,3.531876923076923,2.3885012820512816
PEI5mgmL_60°C_Abs.TXT,PEI5mgmL,60°C,Abs,3212,10028.22,100.0,332530.0,5.920360256410256,3.531846153846154,2.3885141025641023
PEI5mgmL_60°C_Abs.TXT,PEI5mgmL,60°C,Abs,3213,10031.22,100.0,332530.0,5.920333333333333,3.5318,2.3885333333333327
PEI5mgmL_60°C_Abs.TXT,PEI5mgmL,60°C,Abs,3214,10033.22,100.0,332530.0,5.920315384615384,3.5317766233766235,2.388538761238761
PEI5mgmL_60°C_Abs.TXT,PEI5mgmL,60°C,Abs,3215,10041.22,100.0,332530.0,5.920243589743589,3.531683116883117,2.388560472860472
PEI5mgmL_60°C_Abs.TXT,PEI5mgmL,60°C,Abs,3216,10049.22,100.0,332530.0,5.920171794871795,3.5315896103896103,2.3885821844821846
PEI5mgmL_60°C_Abs.TXT,PEI5mgmL,60°C,Abs,3217,10057.22,100.0,332530.0,5.9201,3.531496103896104,2.388603896103896
PEI5mgmL_60°C_Abs.TXT,PEI5mgmL,60°C,Abs,3218,10059.22,100.0,332530.0,5.920076623376623,3.5314727272727273,2.388603896103896
PEI5mgmL_60°C_Abs.TXT,PEI5mgmL,60°C,Abs,3219,10062.22,100.0,332530.0,5.920041558441558,3.5314376623376624,2.388603896103896
PEI5mgmL_60°C_Abs.TXT,PEI5mgmL,60°C,Abs,3220,10064.22,100.0,332530.0,5.920018181818182,3.531414285714286,2.388603896103896
PEI5mgmL_60°C_Abs.TXT,PEI5mgmL,60°C,Abs,3221,10067.22,100.0,332530.0,5.919983116883117,3.531379220779221,2.388603896103896
PEI5mgmL_60°C_Abs.TXT,PEI5mgmL,60°C,Abs,3222,10069.22,100.0,332530.0,5.91995974025974,3.5313558441558444,2.388603896103896
PEI5mgmL_60°C_Abs.TXT,PEI5mgmL,60°C,Abs,3223,10072.22,100.0,332530.0,5.919924675324675,3.531320779220779,2.3886038961038962
PEI5mgmL_60°C_Abs.TXT,PEI5mgmL,60°C,Abs,3224,10074.22,100.0,332530.0,5.919901298701299,3.5312974025974024,2.3886038961038962
PEI5mgmL_60°C_Abs.TXT,PEI5mgmL,60°C,Abs,3225,10077.22,100.0,332530.0,5.919866233766234,3.5312623376623375,2.3886038961038962
PEI5mgmL_60°C_Abs.TXT,PEI5mgmL,60°C,Abs,3226,10080.22,100.0,332530.0,5.919831168831169,3.5312272727272727,2.3886038961038962
PEI5mgmL_60°C_Abs.TXT,PEI5mgmL,60°C,Abs,3227,10082.22,100.0,332530.0,5.919807792207792,3.531203896103896,2.3886038961038962
PEI5mgmL_60°C_Abs.TXT,PEI5mgmL,60°C,Abs,3228,10085.22,100.0,332530.0,5.919772727272727,3.531168831168831,2.3886038961038962
PEI5mgmL_60°C_Abs.TXT,PEI5mgmL,60°C,Abs,3229,10087.22,100.0,332530.0,5.919749350649351,3.5311454545454546,2.3886038961038962
PEI5mgmL_60°C_Abs.TXT,PEI5mgmL,60°C,Abs,3230,10090.22,100.0,332530.0,5.919714285714286,3.5311103896103897,2.3886038961038962
PEI5mgmL_60°C_Abs.TXT,PEI5mgmL,60°C,Abs,3231,10092.22,100.0,332530.0,5.919690909090909,3.531087012987013,2.3886038961038962
PEI5mgmL_60°C_Abs.TXT,PEI5mgmL,60°C,Abs,3232,10095.22,100.0,332530.0,5.9196558441558444,3.531051948051948,2.3886038961038962
PEI5mgmL_60°C_Abs.TXT,PEI5mgmL,60°C,Abs,3233,10098.22,100.0,332530.0,5.919620779220779,3.531016883116883,2.388603896103896
PEI5mgmL_60°C_Abs.TXT,PEI5mgmL,60°C,Abs,3234,10100.22,100.0,332530.0,5.919597402597402,3.5309935064935063,2.388603896103896
PEI5mgmL_60°C_Abs.TXT,PEI5mgmL,60°C,Abs,3235,10103.22,100.0,332530.0,5.919562337662337,3.5309584415584414,2.388603896103896
PEI5mgmL_60°C_Abs.TXT,PEI5mgmL,60°C,Abs,3236,10105.22,100.0,332530.0,5.919538961038961,3.530935064935065,2.388603896103896
PEI5mgmL_60°C_Abs.TXT,PEI5mgmL,60°C,Abs,3237,10108.22,100.0,332530.0,5.919503896103896,3.5309,2.388603896103896
PEI5mgmL_60°C_Abs.TXT,PEI5mgmL,60°C,Abs,3238,10111.22,100.0,332530.0,5.919468831168831,3.5308653846153844,2.3886034465534465
PEI5mgmL_60°C_Abs.TXT,PEI5mgmL,60°C,Abs,3239,10118.22,100.0,332530.0,5.919387012987013,3.5307846153846154,2.3886023976023973
PEI5mgmL_60°C_Abs.TXT,PEI5mgmL,60°C,Abs,3240,10126.22,100.0,332530.0,5.919293506493506,3.530692307692308,2.3886011988011986
PEI5mgmL_60°C_Abs.TXT,PEI5mgmL,60°C,Abs,3241,10134.22,100.0,332530.0,5.9192,3.5305999999999997,2.3886000000000003
PEI5mgmL_60°C_Abs.TXT,PEI5mgmL,60°C,Abs,3242,10137.22,100.0,332530.0,5.919176623376623,3.5305653846153846,2.388611238761239
PEI5mgmL_60°C_Abs.TXT,PEI5mgmL,60°C,Abs,3243,10139.22,100.0,332530.0,5.919161038961039,3.5305423076923077,2.388618731268731
PEI5mgmL_60°C_Abs.TXT,PEI5mgmL,60°C,Abs,3244,10142.22,100.0,332530.0,5.919137662337662,3.530507692307692,2.38862997002997
PEI5mgmL_60°C_Abs.TXT,PEI5mgmL,60°C,Abs,3245,10144.22,100.0,332530.0,5.9191220779220775,3.530484615384615,2.3886374625374622
PEI5mgmL_60°C_Abs.TXT,PEI5mgmL,60°C,Abs,3246,10147.22,100.0,332530.0,5.919098701298701,3.53045,2.3886487012987008
PEI5mgmL_60°C_Abs.TXT,PEI5mgmL,60°C,Abs,3247,10149.22,100.0,332530.0,5.919083116883117,3.5304269230769227,2.3886561938061943
PEI5mgmL_60°C_Abs.TXT,PEI5mgmL,60°C,Abs,3248,10152.22,100.0,332530.0,5.9190597402597405,3.5303923076923076,2.388667432567433
PEI5mgmL_60°C_Abs.TXT,PEI5mgmL,60°C,Abs,3249,10155.22,100.0,332530.0,5.919036363636364,3.530357692307692,2.388678671328672
PEI5mgmL_60°C_Abs.TXT,PEI5mgmL,60°C,Abs,3250,10157.22,100.0,332530.0,5.919020779220779,3.530334615384615,2.388686163836164
PEI5mgmL_60°C_Abs.TXT,PEI5mgmL,60°C,Abs,3251,10160.22,100.0,332530.0,5.918997402597403,3.5303,2.3886974025974026
PEI5mgmL_60°C_Abs.TXT,PEI5mgmL,60°C,Abs,3252,10162.22,100.0,332530.0,5.918981818181818,3.530276923076923,2.388704895104895
PEI5mgmL_60°C_Abs.TXT,PEI5mgmL,60°C,Abs,3253,10165.22,100.0,332530.0,5.918958441558441,3.5302423076923075,2.388716133866134
PEI5mgmL_60°C_Abs.TXT,PEI5mgmL,60°C,Abs,3254,10168.22,100.0,332530.0,5.918935064935065,3.530207692307692,2.388727372627373
PEI5mgmL_60°C_Abs.TXT,PEI5mgmL,60°C,Abs,3255,10170.22,100.0,332530.0,5.91891948051948,3.530184615384615,2.388734865134865
PEI5mgmL_60°C_Abs.TXT,PEI5mgmL,60°C,Abs,3256,10173.22,100.0,332530.0,5.918896103896103,3.53015,2.3887461038961035
PEI5mgmL_60°C_Abs.TXT,PEI5mgmL,60°C,Abs,3257,10175.22,100.0,332530.0,5.91888051948052,3.530126923076923,2.3887535964035966
PEI5mgmL_60°C_Abs.TXT,PEI5mgmL,60°C,Abs,3258,10177.22,100.0,332530.0,5.918864935064935,3.530103846153846,2.388761088911089
PEI5mgmL_60°C_Abs.TXT,PEI5mgmL,60°C,Abs,3259,10180.22,100.0,332530.0,5.918841558441558,3.5300692307692305,2.388772327672328
PEI5mgmL_60°C_Abs.TXT,PEI5mgmL,60°C,Abs,3260,10183.22,100.0,332530.0,5.918818181818182,3.5300346153846154,2.3887835664335664
PEI5mgmL_60°C_Abs.TXT,PEI5mgmL,60°C,Abs,3261,10186.22,100.0,332530.0,5.918794805194805,3.53,2.3887948051948054
PEI5mgmL_60°C_Abs.TXT,PEI5mgmL,60°C,Abs,3262,10188.22,100.0,332530.0,5.9187792207792205,3.529973684210526,2.3888055365686944
PEI5mgmL_60°C_Abs.TXT,PEI5mgmL,60°C,Abs,3263,10196.22,100.0,332530.0,5.918716883116883,3.5298684210526314,2.388848462064251
PEI5mgmL_60°C_Abs.TXT,PEI5mgmL,60°C,Abs,3264,10204.22,100.0,332530.0,5.918654545454545,3.529763157894737,2.388891387559808
PEI5mgmL_60°C_Abs.TXT,PEI5mgmL,60°C,Abs,3265,10211.22,100.0,332530.0,5.9186,3.5296710526315787,2.388928947368421
PEI5mgmL_60°C_Abs.TXT,PEI5mgmL,60°C,Abs,3266,10214.22,100.0,332530.0,5.91856923076923,3.5296315789473685,2.3889376518218617
PEI5mgmL_60°C_Abs.TXT,PEI5mgmL,60°C,Abs,3267,10216.22,100.0,332530.0,5.918548717948718,3.5296052631578947,2.388943454790823
PEI5mgmL_60°C_Abs.TXT,PEI5mgmL,60°C,Abs,3268,10219.22,100.0,332530.0,5.918517948717948,3.529565789473684,2.388952159244264
PEI5mgmL_60°C_Abs.TXT,PEI5mgmL,60°C,Abs,3269,10221.22,100.0,332530.0,5.918497435897436,3.5295394736842103,2.3889579622132255
PEI5mgmL_60°C_Abs.TXT,PEI5mgmL,60°C,Abs,3270,10224.22,100.0,332530.0,5.918466666666666,3.5294999999999996,2.3889666666666667
PEI5mgmL_60°C_Abs.TXT,PEI5mgmL,60°C,Abs,3271,10226.22,100.0,332530.0,5.918446153846154,3.5294736842105263,2.3889724696356276
PEI5mgmL_60°C_Abs.TXT,PEI5mgmL,60°C,Abs,3272,10229.22,100.0,332530.0,5.918415384615384,3.5294342105263157,2.3889811740890687
PEI5mgmL_60°C_Abs.TXT,PEI5mgmL,60°C,Abs,3273,10232.22,100.0,332530.0,5.918384615384615,3.529394736842105,2.38898987854251
PEI5mgmL_60°C_Abs.TXT,PEI5mgmL,60°C,Abs,3274,10234.22,100.0,332530.0,5.9183641025641025,3.5293684210526313,2.3889956815114712
PEI5mgmL_60°C_Abs.TXT,PEI5mgmL,60°C,Abs,3275,10237.22,100.0,332530.0,5.918333333333333,3.529328947368421,2.389004385964912
PEI5mgmL_60°C_Abs.TXT,PEI5mgmL,60°C,Abs,3276,10240.22,100.0,332530.0,5.9183025641025635,3.5292894736842104,2.389013090418353
PEI5mgmL_60°C_Abs.TXT,PEI5mgmL,60°C,Abs,3277,10242.22,100.0,332530.0,5.918282051282051,3.5292631578947367,2.3890188933873144
PEI5mgmL_60°C_Abs.TXT,PEI5mgmL,60°C,Abs,3278,10245.22,100.0,332530.0,5.918251282051282,3.529223684210526,2.3890275978407556
PEI5mgmL_60°C_Abs.TXT,PEI5mgmL,60°C,Abs,3279,10247.22,100.0,332530.0,5.918230769230769,3.5291973684210527,2.3890334008097165
PEI5mgmL_60°C_Abs.TXT,PEI5mgmL,60°C,Abs,3280,10250.22,100.0,332530.0,5.9182,3.529157894736842,2.3890421052631576
PEI5mgmL_60°C_Abs.TXT,PEI5mgmL,60°C,Abs,3281,10252.22,100.0,332530.0,5.918179487179487,3.5291315789473683,2.389047908232119
PEI5mgmL_60°C_Abs.TXT,PEI5mgmL,60°C,Abs,3282,10255.22,100.0,332530.0,5.918148717948718,3.5290921052631576,2.38905661268556
PEI5mgmL_60°C_Abs.TXT,PEI5mgmL,60°C,Abs,3283,10257.22,100.0,332530.0,5.9181282051282045,3.5290657894736843,2.38906241565452
PEI5mgmL_60°C_Abs.TXT,PEI5mgmL,60°C,Abs,3284,10260.22,100.0,332530.0,5.918097435897436,3.5290263157894737,2.389071120107962
PEI5mgmL_60°C_Abs.TXT,PEI5mgmL,60°C,Abs,3285,10262.22,100.0,332530.0,5.918076923076923,3.529,2.3890769230769227
PEI5mgmL_60°C_Abs.TXT,PEI5mgmL,60°C,Abs,3286,10265.22,100.0,332530.0,5.918046153846154,3.5289653846153843,2.3890807692307696
PEI5mgmL_60°C_Abs.TXT,PEI5mgmL,60°C,Abs,3287,10273.22,100.0,332530.0,5.9179641025641025,3.5288730769230767,2.389091025641026
PEI5mgmL_60°C_Abs.TXT,PEI5mgmL,60°C,Abs,3288,10280.22,100.0,332530.0,5.917892307692307,3.528792307692308,2.3890999999999996
