Source_File,Material,Temperature,Mode,Interpolated_Spectrum_ID,Time_Relative_s,First_Freq_Hz,Comparison_Freq_Hz,First_Eps_real,Comparison_Eps_real,Eps_real_Step_Height
PEI5mgmL_50°C_Abs.TXT,PEI5mgmL,50°C,Abs,23,-336.69,100.0,332530.0,6.215630993690852,3.5671761205870687,2.6484548731037836
PEI5mgmL_50°C_Abs.TXT,PEI5mgmL,50°C,Abs,24,-332.76,100.0,332530.0,6.2156,3.567170924236414,2.648429075763586
PEI5mgmL_50°C_Abs.TXT,PEI5mgmL,50°C,Abs,25,-330.3,100.0,332530.0,6.215606295585413,3.5671676715589054,2.648438624026508
PEI5mgmL_50°C_Abs.TXT,PEI5mgmL,50°C,Abs,26,-327.86,100.0,332530.0,6.215612539987204,3.567164445325929,2.6484480946612754
PEI5mgmL_50°C_Abs.TXT,PEI5mgmL,50°C,Abs,27,-325.19,100.0,332530.0,6.21561937300064,3.567160914980828,2.6484584580198125
PEI5mgmL_50°C_Abs.TXT,PEI5mgmL,50°C,Abs,28,-322.75,100.0,332530.0,6.215625617402432,3.5671576887478516,2.64846792865458
PEI5mgmL_50°C_Abs.TXT,PEI5mgmL,50°C,Abs,29,-319.97,100.0,332530.0,6.215632731925784,3.567154012957821,2.6484787189679633
PEI5mgmL_50°C_Abs.TXT,PEI5mgmL,50°C,Abs,30,-315.0,100.0,332530.0,6.2156454510556625,3.5671474414914717,2.648498009564191
PEI5mgmL_50°C_Abs.TXT,PEI5mgmL,50°C,Abs,31,-312.56,100.0,332530.0,6.215651695457454,3.5671442152584953,2.6485074801989583
PEI5mgmL_50°C_Abs.TXT,PEI5mgmL,50°C,Abs,32,-310.0,100.0,332530.0,6.215658246960973,3.5671408303583236,2.6485174166026493
PEI5mgmL_50°C_Abs.TXT,PEI5mgmL,50°C,Abs,33,-307.53,100.0,332530.0,6.2156645681381955,3.567137564458548,2.6485270036796473
PEI5mgmL_50°C_Abs.TXT,PEI5mgmL,50°C,Abs,34,-304.94,100.0,332530.0,6.215671196417147,3.5671341398915772,2.6485370565255697
PEI5mgmL_50°C_Abs.TXT,PEI5mgmL,50°C,Abs,35,-302.37,100.0,332530.0,6.215677773512476,3.567130741769139,2.6485470317433366
PEI5mgmL_50°C_Abs.TXT,PEI5mgmL,50°C,Abs,36,-299.75,100.0,332530.0,6.215684478566859,3.5671272775353695,2.648557201031489
PEI5mgmL_50°C_Abs.TXT,PEI5mgmL,50°C,Abs,37,-297.19,100.0,332530.0,6.215691030070378,3.567123892635198,2.64856713743518
PEI5mgmL_50°C_Abs.TXT,PEI5mgmL,50°C,Abs,38,-294.56,100.0,332530.0,6.215697760716571,3.567120415179162,2.6485773455374093
PEI5mgmL_50°C_Abs.TXT,PEI5mgmL,50°C,Abs,39,-292.12,100.0,332530.0,6.215704005118362,3.5671171889461855,2.648586816172177
PEI5mgmL_50°C_Abs.TXT,PEI5mgmL,50°C,Abs,40,-289.69,100.0,332530.0,6.215710223928343,3.5671139759354755,2.6485962479928675
PEI5mgmL_50°C_Abs.TXT,PEI5mgmL,50°C,Abs,41,-287.0,100.0,332530.0,6.2157171081254,3.5671104191458416,2.6486066889795583
PEI5mgmL_50°C_Abs.TXT,PEI5mgmL,50°C,Abs,42,-284.44,100.0,332530.0,6.215723659628918,3.5671070342456694,2.648616625383249
PEI5mgmL_50°C_Abs.TXT,PEI5mgmL,50°C,Abs,43,-281.69,100.0,332530.0,6.21573069737684,3.567103398122438,2.6486272992544015
PEI5mgmL_50°C_Abs.TXT,PEI5mgmL,50°C,Abs,44,-279.12,100.0,332530.0,6.215737274472168,3.5671,2.6486372744721685
PEI5mgmL_50°C_Abs.TXT,PEI5mgmL,50°C,Abs,45,-276.5,100.0,332530.0,6.215743979526551,3.5671,2.6486439795265513
PEI5mgmL_50°C_Abs.TXT,PEI5mgmL,50°C,Abs,46,-268.75,100.0,332530.0,6.215763813179782,3.5671,2.648663813179782
PEI5mgmL_50°C_Abs.TXT,PEI5mgmL,50°C,Abs,47,-261.25,100.0,332530.0,6.215783007037747,3.5671,2.6486830070377474
PEI5mgmL_50°C_Abs.TXT,PEI5mgmL,50°C,Abs,48,-254.61,100.0,332530.0,6.2158,3.5671,2.6487
PEI5mgmL_50°C_Abs.TXT,PEI5mgmL,50°C,Abs,49,-251.86,100.0,332530.0,6.2157896304675715,3.5671,2.6486896304675716
PEI5mgmL_50°C_Abs.TXT,PEI5mgmL,50°C,Abs,50,-249.42000000000002,100.0,332530.0,6.215780429864253,3.5671,2.6486804298642532
PEI5mgmL_50°C_Abs.TXT,PEI5mgmL,50°C,Abs,51,-246.72,100.0,332530.0,6.215770248868778,3.5671,2.648670248868778
PEI5mgmL_50°C_Abs.TXT,PEI5mgmL,50°C,Abs,52,-244.19,100.0,332530.0,6.2157607088989435,3.5671,2.6486607088989436
PEI5mgmL_50°C_Abs.TXT,PEI5mgmL,50°C,Abs,53,-241.47,100.0,332530.0,6.215750452488687,3.5671,2.6486504524886874
PEI5mgmL_50°C_Abs.TXT,PEI5mgmL,50°C,Abs,54,-236.3,100.0,332530.0,6.215730957767722,3.5671,2.648630957767722
PEI5mgmL_50°C_Abs.TXT,PEI5mgmL,50°C,Abs,55,-233.62,100.0,332530.0,6.215720852187029,3.5671,2.6486208521870287
PEI5mgmL_50°C_Abs.TXT,PEI5mgmL,50°C,Abs,56,-230.97,100.0,332530.0,6.215710859728507,3.5671,2.6486108597285067
PEI5mgmL_50°C_Abs.TXT,PEI5mgmL,50°C,Abs,57,-228.31,100.0,332530.0,6.215700829562594,3.5671,2.648600829562594
PEI5mgmL_50°C_Abs.TXT,PEI5mgmL,50°C,Abs,58,-225.87,100.0,332530.0,6.215691628959275,3.5671,2.6485916289592755
PEI5mgmL_50°C_Abs.TXT,PEI5mgmL,50°C,Abs,59,-223.25,100.0,332530.0,6.2156817496229255,3.5671,2.6485817496229256
PEI5mgmL_50°C_Abs.TXT,PEI5mgmL,50°C,Abs,60,-220.81,100.0,332530.0,6.215672549019607,3.5671,2.6485725490196073
PEI5mgmL_50°C_Abs.TXT,PEI5mgmL,50°C,Abs,61,-217.98000000000002,100.0,332530.0,6.215661877828054,3.5671,2.6485618778280537
PEI5mgmL_50°C_Abs.TXT,PEI5mgmL,50°C,Abs,62,-215.37,100.0,332530.0,6.215652036199095,3.5671,2.648552036199095
PEI5mgmL_50°C_Abs.TXT,PEI5mgmL,50°C,Abs,63,-212.70000000000002,100.0,332530.0,6.215641968325792,3.5671,2.648541968325792
PEI5mgmL_50°C_Abs.TXT,PEI5mgmL,50°C,Abs,64,-210.25,100.0,332530.0,6.215632730015082,3.5671,2.6485327300150825
PEI5mgmL_50°C_Abs.TXT,PEI5mgmL,50°C,Abs,65,-207.75,100.0,332530.0,6.215623303167421,3.5671,2.648523303167421
PEI5mgmL_50°C_Abs.TXT,PEI5mgmL,50°C,Abs,66,-205.19,100.0,332530.0,6.215613650075414,3.5671,2.6485136500754143
PEI5mgmL_50°C_Abs.TXT,PEI5mgmL,50°C,Abs,67,-202.62,100.0,332530.0,6.2156039592760175,3.5671,2.6485039592760176
PEI5mgmL_50°C_Abs.TXT,PEI5mgmL,50°C,Abs,68,-200.05,100.0,332530.0,6.215594268476621,3.5671,2.648494268476621
PEI5mgmL_50°C_Abs.TXT,PEI5mgmL,50°C,Abs,69,-197.44,100.0,332530.0,6.215584426847662,3.567096714087876,2.6484877127597857
PEI5mgmL_50°C_Abs.TXT,PEI5mgmL,50°C,Abs,70,-189.73000000000002,100.0,332530.0,6.215555354449472,3.567087007427924,2.6484683470215478
PEI5mgmL_50°C_Abs.TXT,PEI5mgmL,50°C,Abs,71,-181.62,100.0,332530.0,6.215524773755655,3.5670767971799067,2.6484479765757487
PEI5mgmL_50°C_Abs.TXT,PEI5mgmL,50°C,Abs,72,-175.05,100.0,332530.0,6.2155,3.56706852574594,2.6484314742540596
PEI5mgmL_50°C_Abs.TXT,PEI5mgmL,50°C,Abs,73,-172.23000000000002,100.0,332530.0,6.215510654911839,3.567064975450082,2.648445679461757
PEI5mgmL_50°C_Abs.TXT,PEI5mgmL,50°C,Abs,74,-169.67000000000002,100.0,332530.0,6.215520327455919,3.5670617524864663,2.6484585749694527
PEI5mgmL_50°C_Abs.TXT,PEI5mgmL,50°C,Abs,75,-166.95000000000002,100.0,332530.0,6.215530604534004,3.5670583280876245,2.64847227644638
PEI5mgmL_50°C_Abs.TXT,PEI5mgmL,50°C,Abs,76,-164.5,100.0,332530.0,6.2155398614609565,3.5670552436107266,2.64848461785023
PEI5mgmL_50°C_Abs.TXT,PEI5mgmL,50°C,Abs,77,-161.72,100.0,332530.0,6.215550365239294,3.567051743673675,2.6484986215656194
PEI5mgmL_50°C_Abs.TXT,PEI5mgmL,50°C,Abs,78,-156.75,100.0,332530.0,6.215569143576825,3.567045486591968,2.6485236569848576
PEI5mgmL_50°C_Abs.TXT,PEI5mgmL,50°C,Abs,79,-154.22000000000003,100.0,332530.0,6.21557870277078,3.567042301397457,2.648536401373323
PEI5mgmL_50°C_Abs.TXT,PEI5mgmL,50°C,Abs,80,-151.62,100.0,332530.0,6.215588526448363,3.5670390280750346,2.648549498373328
PEI5mgmL_50°C_Abs.TXT,PEI5mgmL,50°C,Abs,81,-148.92000000000002,100.0,332530.0,6.215598727959698,3.567035628855596,2.6485630991041016
PEI5mgmL_50°C_Abs.TXT,PEI5mgmL,50°C,Abs,82,-146.42000000000002,100.0,332530.0,6.215608173803526,3.56703248143019,2.6485756923733357
PEI5mgmL_50°C_Abs.TXT,PEI5mgmL,50°C,Abs,83,-143.55,100.0,332530.0,6.215619017632242,3.567028868185824,2.6485901494464175
PEI5mgmL_50°C_Abs.TXT,PEI5mgmL,50°C,Abs,84,-141.0,100.0,332530.0,6.2156286523929465,3.56702565781191,2.6486029945810365
PEI5mgmL_50°C_Abs.TXT,PEI5mgmL,50°C,Abs,85,-138.26,100.0,332530.0,6.215639005037783,3.567022208233665,2.648616796804118
PEI5mgmL_50°C_Abs.TXT,PEI5mgmL,50°C,Abs,86,-135.69,100.0,332530.0,6.215648715365239,3.5670189726803474,2.6486297426848915
PEI5mgmL_50°C_Abs.TXT,PEI5mgmL,50°C,Abs,87,-133.25,100.0,332530.0,6.215657934508815,3.5670159007931512,2.648642033715664
PEI5mgmL_50°C_Abs.TXT,PEI5mgmL,50°C,Abs,88,-130.75,100.0,332530.0,6.215667380352644,3.567012753367745,2.648654626984899
PEI5mgmL_50°C_Abs.TXT,PEI5mgmL,50°C,Abs,89,-128.31,100.0,332530.0,6.215676599496222,3.567009681480549,2.6486669180156728
PEI5mgmL_50°C_Abs.TXT,PEI5mgmL,50°C,Abs,90,-125.64999999999998,100.0,332530.0,6.215686649874055,3.567006332619917,2.6486803172541378
PEI5mgmL_50°C_Abs.TXT,PEI5mgmL,50°C,Abs,91,-123.06,100.0,332530.0,6.215696435768262,3.5670030718871963,2.6486933638810655
PEI5mgmL_50°C_Abs.TXT,PEI5mgmL,50°C,Abs,92,-120.62,100.0,332530.0,6.215705654911838,3.567,2.648705654911838
PEI5mgmL_50°C_Abs.TXT,PEI5mgmL,50°C,Abs,93,-118.06,100.0,332530.0,6.215715327455919,3.5669935646053297,2.648721762850589
PEI5mgmL_50°C_Abs.TXT,PEI5mgmL,50°C,Abs,94,-110.44,100.0,332530.0,6.215744118387909,3.56697440925088,2.6487697091370292
PEI5mgmL_50°C_Abs.TXT,PEI5mgmL,50°C,Abs,95,-102.86000000000001,100.0,332530.0,6.2157727581863975,3.566955354449472,2.6488174037369254
PEI5mgmL_50°C_Abs.TXT,PEI5mgmL,50°C,Abs,96,-95.64999999999998,100.0,332530.0,6.2158,3.5669372297637003,2.6488627702362995
PEI5mgmL_50°C_Abs.TXT,PEI5mgmL,50°C,Abs,97,-93.17000000000002,100.0,332530.0,6.215796905801621,3.566930995475113,2.648865910326508
PEI5mgmL_50°C_Abs.TXT,PEI5mgmL,50°C,Abs,98,-90.47000000000003,100.0,332530.0,6.215793537117904,3.5669242081447967,2.648869328973107
PEI5mgmL_50°C_Abs.TXT,PEI5mgmL,50°C,Abs,99,-87.86000000000001,100.0,332530.0,6.215790280723643,3.5669176470588235,2.648872633664819
PEI5mgmL_50°C_Abs.TXT,PEI5mgmL,50°C,Abs,100,-85.06,100.0,332530.0,6.215786787273862,3.5669106083459026,2.648876178927959
PEI5mgmL_50°C_Abs.TXT,PEI5mgmL,50°C,Abs,101,-82.5,100.0,332530.0,6.215783593262632,3.566904172951232,2.6488794203114
PEI5mgmL_50°C_Abs.TXT,PEI5mgmL,50°C,Abs,102,-77.31,100.0,332530.0,6.21577711790393,3.5668911261940677,2.6488859917098626
PEI5mgmL_50°C_Abs.TXT,PEI5mgmL,50°C,Abs,103,-74.87,100.0,332530.0,6.2157740736119775,3.566884992458522,2.6488890811534556
PEI5mgmL_50°C_Abs.TXT,PEI5mgmL,50°C,Abs,104,-72.19,100.0,332530.0,6.215770729881472,3.5668782554047263,2.6488924744767455
PEI5mgmL_50°C_Abs.TXT,PEI5mgmL,50°C,Abs,105,-69.75,100.0,332530.0,6.21576768558952,3.5668721216691806,2.6488955639203393
PEI5mgmL_50°C_Abs.TXT,PEI5mgmL,50°C,Abs,106,-66.97000000000003,100.0,332530.0,6.215764217092951,3.5668651332327803,2.6488990838601705
PEI5mgmL_50°C_Abs.TXT,PEI5mgmL,50°C,Abs,107,-64.37,100.0,332530.0,6.215760973175296,3.566858597285068,2.6489023758902284
PEI5mgmL_50°C_Abs.TXT,PEI5mgmL,50°C,Abs,108,-61.72000000000003,100.0,332530.0,6.21575766687461,3.5668519356460533,2.6489057312285564
PEI5mgmL_50°C_Abs.TXT,PEI5mgmL,50°C,Abs,109,-59.110000000000014,100.0,332530.0,6.215754410480349,3.5668453745600806,2.6489090359202683
PEI5mgmL_50°C_Abs.TXT,PEI5mgmL,50°C,Abs,110,-56.39999999999998,100.0,332530.0,6.215751029320025,3.5668385620915033,2.6489124672285214
PEI5mgmL_50°C_Abs.TXT,PEI5mgmL,50°C,Abs,111,-53.94,100.0,332530.0,6.21574796007486,3.566832378079437,2.648915581995423
PEI5mgmL_50°C_Abs.TXT,PEI5mgmL,50°C,Abs,112,-51.48000000000002,100.0,332530.0,6.215744890829694,3.566826194067371,2.6489186967623235
PEI5mgmL_50°C_Abs.TXT,PEI5mgmL,50°C,Abs,113,-48.89999999999998,100.0,332530.0,6.215741671865253,3.5668197083961792,2.6489219634690735
PEI5mgmL_50°C_Abs.TXT,PEI5mgmL,50°C,Abs,114,-46.31,100.0,332530.0,6.215738440424205,3.566813197586727,2.6489252428374774
PEI5mgmL_50°C_Abs.TXT,PEI5mgmL,50°C,Abs,115,-43.73000000000002,100.0,332530.0,6.215735221459763,3.5668067119155356,2.6489285095442274
PEI5mgmL_50°C_Abs.TXT,PEI5mgmL,50°C,Abs,116,-41.06,100.0,332530.0,6.215731890205864,3.5668,2.6489318902058634
PEI5mgmL_50°C_Abs.TXT,PEI5mgmL,50°C,Abs,117,-38.22000000000003,100.0,332530.0,6.215728346849657,3.5667928607340373,2.6489354861156196
PEI5mgmL_50°C_Abs.TXT,PEI5mgmL,50°C,Abs,118,-30.5,100.0,332530.0,6.215718714909545,3.5667734539969835,2.648945260912561
PEI5mgmL_50°C_Abs.TXT,PEI5mgmL,50°C,Abs,119,-22.620000000000005,100.0,332530.0,6.215708883343731,3.566753645047763,2.648955238295968
PEI5mgmL_50°C_Abs.TXT,PEI5mgmL,50°C,Abs,120,-15.5,100.0,332530.0,6.2157,3.566735746606335,2.648964253393665
PEI5mgmL_50°C_Abs.TXT,PEI5mgmL,50°C,Abs,121,-13.03000000000003,100.0,332530.0,6.215696918278228,3.566729537456008,2.64896738082222
PEI5mgmL_50°C_Abs.TXT,PEI5mgmL,50°C,Abs,122,-10.439999999999998,100.0,332530.0,6.21569368683718,3.566723026646556,2.6489706601906238
PEI5mgmL_50°C_Abs.TXT,PEI5mgmL,50°C,Abs,123,-7.860000000000014,100.0,332530.0,6.215690467872738,3.5667165409753645,2.6489739268973738
PEI5mgmL_50°C_Abs.TXT,PEI5mgmL,50°C,Abs,124,-5.220000000000027,100.0,332530.0,6.215687174048659,3.5667099044746107,2.6489772695740483
PEI5mgmL_50°C_Abs.TXT,PEI5mgmL,50°C,Abs,125,-2.5600000000000023,100.0,332530.0,6.215683855271366,3.5667032176973352,2.648980637574031
PEI5mgmL_50°C_Abs.TXT,PEI5mgmL,50°C,Abs,126,0.0,100.0,332530.0,6.215680661260137,3.5666967823026647,2.6489838789574724
PEI5mgmL_50°C_Abs.TXT,PEI5mgmL,50°C,Abs,127,2.5600000000000023,100.0,332530.0,6.208446664230211,3.566869610033608,2.6415770541966026
PEI5mgmL_50°C_Abs.TXT,PEI5mgmL,50°C,Abs,128,5.060000000000002,100.0,332530.0,6.201382214005673,3.5670383871146076,2.6343438268910657
PEI5mgmL_50°C_Abs.TXT,PEI5mgmL,50°C,Abs,129,7.6299999999999955,100.0,332530.0,6.1941199591748495,3.567211889953875,2.6269080692209745
PEI5mgmL_50°C_Abs.TXT,PEI5mgmL,50°C,Abs,130,10.079999999999984,100.0,332530.0,6.187196797954803,3.5673772914932544,2.6198195064615484
PEI5mgmL_50°C_Abs.TXT,PEI5mgmL,50°C,Abs,131,12.850000000000023,100.0,332530.0,6.179369387106015,3.5675642964990018,2.6118050906070134
PEI5mgmL_50°C_Abs.TXT,PEI5mgmL,50°C,Abs,132,15.439999999999998,100.0,332530.0,6.172050616673395,3.5677391495549173,2.6043114671184773
PEI5mgmL_50°C_Abs.TXT,PEI5mgmL,50°C,Abs,133,18.05000000000001,100.0,332530.0,6.164675330638977,3.5679153528274807,2.5967599778114967
PEI5mgmL_50°C_Abs.TXT,PEI5mgmL,50°C,Abs,134,20.629999999999995,100.0,332530.0,6.157384818007255,3.568089530775072,2.5892952872321833
PEI5mgmL_50°C_Abs.TXT,PEI5mgmL,50°C,Abs,135,23.19999999999999,100.0,332530.0,6.1501225631764305,3.5682630336143397,2.5818595295620907
PEI5mgmL_50°C_Abs.TXT,PEI5mgmL,50°C,Abs,136,25.879999999999995,100.0,332530.0,6.142549472535727,3.568443962645171,2.574105509890556
PEI5mgmL_50°C_Abs.TXT,PEI5mgmL,50°C,Abs,137,28.310000000000002,100.0,332530.0,6.135682826917477,3.5686080139679026,2.567074812949574
PEI5mgmL_50°C_Abs.TXT,PEI5mgmL,50°C,Abs,138,30.939999999999998,100.0,332530.0,6.128251025281263,3.568785567457114,2.559465457824149
PEI5mgmL_50°C_Abs.TXT,PEI5mgmL,50°C,Abs,139,33.5,100.0,332530.0,6.121017028251337,3.5689583951880572,2.55205863306328
PEI5mgmL_50°C_Abs.TXT,PEI5mgmL,50°C,Abs,140,36.129999999999995,100.0,332530.0,6.113585226615124,3.5691359486772685,2.544449277937855
PEI5mgmL_50°C_Abs.TXT,PEI5mgmL,50°C,Abs,141,38.56,100.0,332530.0,6.106718580996874,3.5693,2.5374185809968735
PEI5mgmL_50°C_Abs.TXT,PEI5mgmL,50°C,Abs,142,41.139999999999986,100.0,332530.0,6.099428068365151,3.5694278393532404,2.530000229011911
PEI5mgmL_50°C_Abs.TXT,PEI5mgmL,50°C,Abs,143,48.80000000000001,100.0,332530.0,6.077782592877169,3.5698073934020083,2.5079751994751605
PEI5mgmL_50°C_Abs.TXT,PEI5mgmL,50°C,Abs,144,56.5,100.0,332530.0,6.056024086185594,3.5701889294562528,2.485835156729341
PEI5mgmL_50°C_Abs.TXT,PEI5mgmL,50°C,Abs,145,63.01999999999998,100.0,332530.0,6.0376,3.5705119963489373,2.467088003651063
PEI5mgmL_50°C_Abs.TXT,PEI5mgmL,50°C,Abs,146,65.52999999999997,100.0,332530.0,6.037337427353739,3.5706363671925936,2.4667010601611454
PEI5mgmL_50°C_Abs.TXT,PEI5mgmL,50°C,Abs,147,68.19999999999999,100.0,332530.0,6.037058117008912,3.5707686660581563,2.4662894509507556
PEI5mgmL_50°C_Abs.TXT,PEI5mgmL,50°C,Abs,148,70.82999999999998,100.0,332530.0,6.036782991088725,3.5708989829182425,2.465884008170483
PEI5mgmL_50°C_Abs.TXT,PEI5mgmL,50°C,Abs,149,73.44,100.0,332530.0,6.0365099573808605,3.57102830877559,2.4654816486052704
PEI5mgmL_50°C_Abs.TXT,PEI5mgmL,50°C,Abs,150,76.0,100.0,332530.0,6.036242154203797,3.571155157126092,2.4650869970777047
PEI5mgmL_50°C_Abs.TXT,PEI5mgmL,50°C,Abs,151,78.69,100.0,332530.0,6.035960751646649,3.571288446994393,2.464672304652256
PEI5mgmL_50°C_Abs.TXT,PEI5mgmL,50°C,Abs,152,81.25,100.0,332530.0,6.035692948469586,3.571415295344895,2.4642776531246904
PEI5mgmL_50°C_Abs.TXT,PEI5mgmL,50°C,Abs,153,84.07999999999998,100.0,332530.0,6.035396900426192,3.571555522232364,2.4638413781938278
PEI5mgmL_50°C_Abs.TXT,PEI5mgmL,50°C,Abs,154,86.56,100.0,332530.0,6.035137466098411,3.571678406571913,2.4634590595264982
PEI5mgmL_50°C_Abs.TXT,PEI5mgmL,50°C,Abs,155,89.01999999999998,100.0,332530.0,6.034880123982952,3.5718002999087237,2.4630798240742284
PEI5mgmL_50°C_Abs.TXT,PEI5mgmL,50°C,Abs,156,91.75,100.0,332530.0,6.034594537001162,3.571935571782501,2.462658965218661
PEI5mgmL_50°C_Abs.TXT,PEI5mgmL,50°C,Abs,157,94.31,100.0,332530.0,6.034326733824099,3.5720624201330033,2.462264313691096
PEI5mgmL_50°C_Abs.TXT,PEI5mgmL,50°C,Abs,158,97.0,100.0,332530.0,6.034045331266951,3.572195710001304,2.4618496212656464
PEI5mgmL_50°C_Abs.TXT,PEI5mgmL,50°C,Abs,159,99.55999999999995,100.0,332530.0,6.033777528089888,3.5723225583518063,2.4614549697380816
PEI5mgmL_50°C_Abs.TXT,PEI5mgmL,50°C,Abs,160,102.25,100.0,332530.0,6.033496125532739,3.572455848220107,2.461040277312632
PEI5mgmL_50°C_Abs.TXT,PEI5mgmL,50°C,Abs,161,104.70000000000005,100.0,332530.0,6.03323982952344,3.5725772460555483,2.460662583467892
PEI5mgmL_50°C_Abs.TXT,PEI5mgmL,50°C,Abs,162,107.26999999999998,100.0,332530.0,6.032970980240217,3.5727045899074197,2.460266390332797
PEI5mgmL_50°C_Abs.TXT,PEI5mgmL,50°C,Abs,163,110.08000000000004,100.0,332530.0,6.032677024409144,3.5728438257921504,2.4598331986169932
PEI5mgmL_50°C_Abs.TXT,PEI5mgmL,50°C,Abs,164,112.76999999999998,100.0,332530.0,6.032395621851995,3.5729771156604513,2.4594185061915437
PEI5mgmL_50°C_Abs.TXT,PEI5mgmL,50°C,Abs,165,115.25,100.0,332530.0,6.032136187524215,3.5731,2.459036187524215
PEI5mgmL_50°C_Abs.TXT,PEI5mgmL,50°C,Abs,166,118.05999999999995,100.0,332530.0,6.031842231693142,3.573188298139769,2.4586539335533732
PEI5mgmL_50°C_Abs.TXT,PEI5mgmL,50°C,Abs,167,125.80999999999995,100.0,332530.0,6.031031499418829,3.5734318250377077,2.4575996743811217
PEI5mgmL_50°C_Abs.TXT,PEI5mgmL,50°C,Abs,168,133.38,100.0,332530.0,6.030239597055405,3.573669695827049,2.456569901228356
PEI5mgmL_50°C_Abs.TXT,PEI5mgmL,50°C,Abs,169,140.45000000000005,100.0,332530.0,6.0295,3.57389185520362,2.4556081447963796
PEI5mgmL_50°C_Abs.TXT,PEI5mgmL,50°C,Abs,170,142.89,100.0,332530.0,6.029352102538199,3.573968526897939,2.4553835756402598
PEI5mgmL_50°C_Abs.TXT,PEI5mgmL,50°C,Abs,171,145.74,100.0,332530.0,6.029179353453719,3.5740580819507293,2.4551212715029895
PEI5mgmL_50°C_Abs.TXT,PEI5mgmL,50°C,Abs,172,148.30999999999995,100.0,332530.0,6.029023576209117,3.574138838612368,2.4548847375967493
PEI5mgmL_50°C_Abs.TXT,PEI5mgmL,50°C,Abs,173,151.04999999999995,100.0,332530.0,6.028857494633161,3.574224937154349,2.4546325574788117
PEI5mgmL_50°C_Abs.TXT,PEI5mgmL,50°C,Abs,174,153.63,100.0,332530.0,6.02870111125142,3.5743060080442435,2.454395103207177
PEI5mgmL_50°C_Abs.TXT,PEI5mgmL,50°C,Abs,175,156.38,100.0,332530.0,6.028534423538325,3.5743924208144797,2.454142002723845
PEI5mgmL_50°C_Abs.TXT,PEI5mgmL,50°C,Abs,176,158.93999999999994,100.0,332530.0,6.028379252430862,3.5744728632478635,2.4539063891829986
PEI5mgmL_50°C_Abs.TXT,PEI5mgmL,50°C,Abs,177,161.76999999999998,100.0,332530.0,6.028207715620659,3.574561789844143,2.4536459257765157
PEI5mgmL_50°C_Abs.TXT,PEI5mgmL,50°C,Abs,178,164.25,100.0,332530.0,6.028057393610304,3.574639718451483,2.453417675158821
PEI5mgmL_50°C_Abs.TXT,PEI5mgmL,50°C,Abs,179,166.68999999999994,100.0,332530.0,6.027909496148504,3.574716390145802,2.453193106002702
PEI5mgmL_50°C_Abs.TXT,PEI5mgmL,50°C,Abs,180,169.30999999999995,100.0,332530.0,6.027750688218209,3.574798717948718,2.4529519702694906
PEI5mgmL_50°C_Abs.TXT,PEI5mgmL,50°C,Abs,181,171.76999999999998,100.0,332530.0,6.027601578482131,3.574876018099548,2.4527255603825835
PEI5mgmL_50°C_Abs.TXT,PEI5mgmL,50°C,Abs,182,174.26999999999998,100.0,332530.0,6.0274500441975,3.5749545751633987,2.452495469034101
PEI5mgmL_50°C_Abs.TXT,PEI5mgmL,50°C,Abs,183,179.43999999999994,100.0,332530.0,6.027136671296881,3.575117031171443,2.452019640125438
PEI5mgmL_50°C_Abs.TXT,PEI5mgmL,50°C,Abs,184,181.93999999999994,100.0,332530.0,6.026985137012249,3.575195588235294,2.451789548776955
PEI5mgmL_50°C_Abs.TXT,PEI5mgmL,50°C,Abs,185,184.38,100.0,332530.0,6.026837239550448,3.575272259929613,2.4515649796208354
PEI5mgmL_50°C_Abs.TXT,PEI5mgmL,50°C,Abs,186,187.08000000000004,100.0,332530.0,6.0266735825230455,3.575357101558572,2.4513164809644734
PEI5mgmL_50°C_Abs.TXT,PEI5mgmL,50°C,Abs,187,189.63,100.0,332530.0,6.0265190175527215,3.5754372297637005,2.451081787789021
PEI5mgmL_50°C_Abs.TXT,PEI5mgmL,50°C,Abs,188,192.35000000000002,100.0,332530.0,6.026354148251042,3.5755226998491705,2.4508314484018716
PEI5mgmL_50°C_Abs.TXT,PEI5mgmL,50°C,Abs,189,194.80999999999995,100.0,332530.0,6.026205038514964,3.5756,2.4506050385149636
PEI5mgmL_50°C_Abs.TXT,PEI5mgmL,50°C,Abs,190,197.38,100.0,332530.0,6.026049261270362,3.5756452578616353,2.450404003408727
PEI5mgmL_50°C_Abs.TXT,PEI5mgmL,50°C,Abs,191,205.24,100.0,332530.0,6.02557283747948,3.575783672955975,2.449789164523505
PEI5mgmL_50°C_Abs.TXT,PEI5mgmL,50°C,Abs,192,213.05999999999995,100.0,332530.0,6.0250988382371515,3.575921383647799,2.4491774545893525
PEI5mgmL_50°C_Abs.TXT,PEI5mgmL,50°C,Abs,193,219.64,100.0,332530.0,6.0247,3.576037257861635,2.448662742138365
PEI5mgmL_50°C_Abs.TXT,PEI5mgmL,50°C,Abs,194,222.27999999999997,100.0,332530.0,6.024606948640484,3.576083748427673,2.448523200212811
PEI5mgmL_50°C_Abs.TXT,PEI5mgmL,50°C,Abs,195,224.80999999999995,100.0,332530.0,6.024517774420946,3.5761283018867926,2.4483894725341537
PEI5mgmL_50°C_Abs.TXT,PEI5mgmL,50°C,Abs,196,227.55999999999995,100.0,332530.0,6.02442084592145,3.5761767295597484,2.448244116361702
PEI5mgmL_50°C_Abs.TXT,PEI5mgmL,50°C,Abs,197,230.0,100.0,332530.0,6.024334843907352,3.5762196981132077,2.448115145794144
PEI5mgmL_50°C_Abs.TXT,PEI5mgmL,50°C,Abs,198,233.0,100.0,332530.0,6.024229103726083,3.576272528301887,2.447956575424196
PEI5mgmL_50°C_Abs.TXT,PEI5mgmL,50°C,Abs,199,235.43999999999994,100.0,332530.0,6.024143101711984,3.576315496855346,2.4478276048566383
PEI5mgmL_50°C_Abs.TXT,PEI5mgmL,50°C,Abs,200,238.01999999999998,100.0,332530.0,6.0240521651560925,3.5763609308176103,2.4476912343384822
PEI5mgmL_50°C_Abs.TXT,PEI5mgmL,50°C,Abs,201,240.75,100.0,332530.0,6.023955941591138,3.576409006289308,2.44754693530183
PEI5mgmL_50°C_Abs.TXT,PEI5mgmL,50°C,Abs,202,243.18999999999994,100.0,332530.0,6.02386993957704,3.5764519748427674,2.447417964734272
PEI5mgmL_50°C_Abs.TXT,PEI5mgmL,50°C,Abs,203,245.75,100.0,332530.0,6.02377970795569,3.5764970566037735,2.4472826513519164
PEI5mgmL_50°C_Abs.TXT,PEI5mgmL,50°C,Abs,204,248.30999999999995,100.0,332530.0,6.02368947633434,3.57654213836478,2.44714733796956
PEI5mgmL_50°C_Abs.TXT,PEI5mgmL,50°C,Abs,205,250.76999999999998,100.0,332530.0,6.0236027693856995,3.5765854591194968,2.4470173102662027
PEI5mgmL_50°C_Abs.TXT,PEI5mgmL,50°C,Abs,206,253.55999999999995,100.0,332530.0,6.02350443101712,3.5766345911949684,2.4468698398221513
PEI5mgmL_50°C_Abs.TXT,PEI5mgmL,50°C,Abs,207,258.68999999999994,100.0,332530.0,6.02332361530715,3.57672493081761,2.4465986844895395
PEI5mgmL_50°C_Abs.TXT,PEI5mgmL,50°C,Abs,208,261.13,100.0,332530.0,6.023237613293051,3.576767899371069,2.446469713921982
PEI5mgmL_50°C_Abs.TXT,PEI5mgmL,50°C,Abs,209,263.88,100.0,332530.0,6.023140684793555,3.576816327044025,2.4463243577495297
PEI5mgmL_50°C_Abs.TXT,PEI5mgmL,50°C,Abs,210,266.30999999999995,100.0,332530.0,6.023055035246727,3.5768591194968553,2.4461959157498714
PEI5mgmL_50°C_Abs.TXT,PEI5mgmL,50°C,Abs,211,269.05999999999995,100.0,332530.0,6.022958106747231,3.576907547169811,2.4460505595774196
PEI5mgmL_50°C_Abs.TXT,PEI5mgmL,50°C,Abs,212,271.63,100.0,332530.0,6.02286752265861,3.5769528050314463,2.445914717627164
PEI5mgmL_50°C_Abs.TXT,PEI5mgmL,50°C,Abs,213,274.30999999999995,100.0,332530.0,6.0227730614300095,3.577,2.4457730614300095
PEI5mgmL_50°C_Abs.TXT,PEI5mgmL,50°C,Abs,214,276.88,100.0,332530.0,6.022682477341389,3.5770162905679515,2.4456661867734377
PEI5mgmL_50°C_Abs.TXT,PEI5mgmL,50°C,Abs,215,284.43999999999994,100.0,332530.0,6.022416012084592,3.577064211460446,2.4453518006241457
PEI5mgmL_50°C_Abs.TXT,PEI5mgmL,50°C,Abs,216,292.36,100.0,332530.0,6.022136858006042,3.577114414300203,2.445022443705839
PEI5mgmL_50°C_Abs.TXT,PEI5mgmL,50°C,Abs,217,299.08000000000004,100.0,332530.0,6.0219,3.577157010649087,2.4447429893509125
PEI5mgmL_50°C_Abs.TXT,PEI5mgmL,50°C,Abs,218,301.6,100.0,332530.0,6.0218040974248375,3.577172984279919,2.4446311131449185
PEI5mgmL_50°C_Abs.TXT,PEI5mgmL,50°C,Abs,219,304.27,100.0,332530.0,6.0217024863630595,3.5771899087221097,2.4445125776409498
PEI5mgmL_50°C_Abs.TXT,PEI5mgmL,50°C,Abs,220,306.80999999999995,100.0,332530.0,6.0216058226563485,3.577206009127789,2.4443998135285594
PEI5mgmL_50°C_Abs.TXT,PEI5mgmL,50°C,Abs,221,309.5,100.0,332530.0,6.021503450463022,3.5772230603448274,2.444280390118194
PEI5mgmL_50°C_Abs.TXT,PEI5mgmL,50°C,Abs,222,312.08000000000004,100.0,332530.0,6.021405264493213,3.577239414300203,2.4441658501930097
PEI5mgmL_50°C_Abs.TXT,PEI5mgmL,50°C,Abs,223,314.77,100.0,332530.0,6.021302892299886,3.5772564655172414,2.4440464267826445
PEI5mgmL_50°C_Abs.TXT,PEI5mgmL,50°C,Abs,224,317.39,100.0,332530.0,6.021203184066979,3.5772730730223126,2.4439301110446667
PEI5mgmL_50°C_Abs.TXT,PEI5mgmL,50°C,Abs,225,320.08000000000004,100.0,332530.0,6.0211008118736515,3.577290124239351,2.4438106876343006
PEI5mgmL_50°C_Abs.TXT,PEI5mgmL,50°C,Abs,226,322.63,100.0,332530.0,6.021003767601167,3.5773062880324544,2.4436974795687125
PEI5mgmL_50°C_Abs.TXT,PEI5mgmL,50°C,Abs,227,325.05999999999995,100.0,332530.0,6.020911290117975,3.5773216911764707,2.443589598941504
PEI5mgmL_50°C_Abs.TXT,PEI5mgmL,50°C,Abs,228,327.64,100.0,332530.0,6.020813104148167,3.577338045131846,2.443475059016321
PEI5mgmL_50°C_Abs.TXT,PEI5mgmL,50°C,Abs,229,330.05999999999995,100.0,332530.0,6.020721007230749,3.577353384888438,2.4433676223423113
PEI5mgmL_50°C_Abs.TXT,PEI5mgmL,50°C,Abs,230,332.61,100.0,332530.0,6.020623962958265,3.5773695486815416,2.443254414276723
PEI5mgmL_50°C_Abs.TXT,PEI5mgmL,50°C,Abs,231,337.55999999999995,100.0,332530.0,6.020435582899911,3.5774009254563897,2.4430346574435218
PEI5mgmL_50°C_Abs.TXT,PEI5mgmL,50°C,Abs,232,340.25,100.0,332530.0,6.020333210706584,3.577417976673428,2.4429152340331557
PEI5mgmL_50°C_Abs.TXT,PEI5mgmL,50°C,Abs,233,342.68999999999994,100.0,332530.0,6.020240352657618,3.5774334432048684,2.4428069094527496
PEI5mgmL_50°C_Abs.TXT,PEI5mgmL,50°C,Abs,234,345.22,100.0,332530.0,6.0201440695166815,3.577449480223124,2.4426945892935574
PEI5mgmL_50°C_Abs.TXT,PEI5mgmL,50°C,Abs,235,348.0,100.0,332530.0,6.020038272231384,3.577467101926978,2.4425711703044057
PEI5mgmL_50°C_Abs.TXT,PEI5mgmL,50°C,Abs,236,350.72,100.0,332530.0,6.019934758340733,3.577484343306288,2.4424504150344455
PEI5mgmL_50°C_Abs.TXT,PEI5mgmL,50°C,Abs,237,353.18999999999994,100.0,332530.0,6.019840758594444,3.5775,2.4423407585944434
PEI5mgmL_50°C_Abs.TXT,PEI5mgmL,50°C,Abs,238,356.04999999999995,100.0,332530.0,6.019731916782951,3.5775,2.442231916782951
PEI5mgmL_50°C_Abs.TXT,PEI5mgmL,50°C,Abs,239,363.68999999999994,100.0,332530.0,6.01944116453127,3.5775,2.44194116453127
PEI5mgmL_50°C_Abs.TXT,PEI5mgmL,50°C,Abs,240,371.30999999999995,100.0,332530.0,6.019151173411138,3.5775,2.4416511734111377
PEI5mgmL_50°C_Abs.TXT,PEI5mgmL,50°C,Abs,241,377.90999999999997,100.0,332530.0,6.0189,3.5775,2.4414000000000002
PEI5mgmL_50°C_Abs.TXT,PEI5mgmL,50°C,Abs,242,380.6,100.0,332530.0,6.018814991783593,3.5775,2.441314991783593
PEI5mgmL_50°C_Abs.TXT,PEI5mgmL,50°C,Abs,243,383.13,100.0,332530.0,6.018735039817975,3.5775,2.441235039817975
PEI5mgmL_50°C_Abs.TXT,PEI5mgmL,50°C,Abs,244,385.74,100.0,332530.0,6.018652559726963,3.5775,2.4411525597269628
PEI5mgmL_50°C_Abs.TXT,PEI5mgmL,50°C,Abs,245,388.18999999999994,100.0,332530.0,6.01857513588674,3.5775,2.44107513588674
PEI5mgmL_50°C_Abs.TXT,PEI5mgmL,50°C,Abs,246,390.75,100.0,332530.0,6.018494235874099,3.5775,2.4409942358740992
PEI5mgmL_50°C_Abs.TXT,PEI5mgmL,50°C,Abs,247,393.25,100.0,332530.0,6.0184152319555055,3.5775,2.4409152319555054
PEI5mgmL_50°C_Abs.TXT,PEI5mgmL,50°C,Abs,248,395.80999999999995,100.0,332530.0,6.018334331942865,3.5775,2.4408343319428645
PEI5mgmL_50°C_Abs.TXT,PEI5mgmL,50°C,Abs,249,398.5,100.0,332530.0,6.018249323726457,3.5775,2.440749323726457
PEI5mgmL_50°C_Abs.TXT,PEI5mgmL,50°C,Abs,250,400.95000000000005,100.0,332530.0,6.018171899886235,3.5775,2.4406718998862345
PEI5mgmL_50°C_Abs.TXT,PEI5mgmL,50°C,Abs,251,403.75,100.0,332530.0,6.018083415497409,3.5775,2.4405834154974086
PEI5mgmL_50°C_Abs.TXT,PEI5mgmL,50°C,Abs,252,406.38,100.0,332530.0,6.0180003033750475,3.5775,2.4405003033750474
PEI5mgmL_50°C_Abs.TXT,PEI5mgmL,50°C,Abs,253,409.04999999999995,100.0,332530.0,6.017915927189989,3.5775,2.440415927189989
PEI5mgmL_50°C_Abs.TXT,PEI5mgmL,50°C,Abs,254,411.63,100.0,332530.0,6.017834395145999,3.5775,2.440334395145999
PEI5mgmL_50°C_Abs.TXT,PEI5mgmL,50°C,Abs,255,416.68999999999994,100.0,332530.0,6.017674491214764,3.5775,2.4401744912147643
PEI5mgmL_50°C_Abs.TXT,PEI5mgmL,50°C,Abs,256,419.13,100.0,332530.0,6.017597383390216,3.5775,2.4400973833902158
PEI5mgmL_50°C_Abs.TXT,PEI5mgmL,50°C,Abs,257,421.77,100.0,332530.0,6.017513955252181,3.5775,2.4400139552521805
PEI5mgmL_50°C_Abs.TXT,PEI5mgmL,50°C,Abs,258,424.25,100.0,332530.0,6.017435583364935,3.5775,2.4399355833649348
PEI5mgmL_50°C_Abs.TXT,PEI5mgmL,50°C,Abs,259,427.04999999999995,100.0,332530.0,6.017347098976109,3.5775,2.439847098976109
PEI5mgmL_50°C_Abs.TXT,PEI5mgmL,50°C,Abs,260,429.63,100.0,332530.0,6.01726556693212,3.5775,2.43976556693212
PEI5mgmL_50°C_Abs.TXT,PEI5mgmL,50°C,Abs,261,432.05999999999995,100.0,332530.0,6.0171887751232465,3.5775,2.4396887751232463
PEI5mgmL_50°C_Abs.TXT,PEI5mgmL,50°C,Abs,262,434.68999999999994,100.0,332530.0,6.017105663000885,3.577486673422853,2.4396189895780322
PEI5mgmL_50°C_Abs.TXT,PEI5mgmL,50°C,Abs,263,442.25,100.0,332530.0,6.016866755151056,3.5774483658474794,2.4394183893035764
PEI5mgmL_50°C_Abs.TXT,PEI5mgmL,50°C,Abs,264,449.88,100.0,332530.0,6.016625635191505,3.5774097035723336,2.4392159316191715
PEI5mgmL_50°C_Abs.TXT,PEI5mgmL,50°C,Abs,265,457.02,100.0,332530.0,6.0164,3.5773735241955915,2.4390264758044085
PEI5mgmL_50°C_Abs.TXT,PEI5mgmL,50°C,Abs,266,459.78,100.0,332530.0,6.016326474692376,3.577359538890297,2.4389669358020796
PEI5mgmL_50°C_Abs.TXT,PEI5mgmL,50°C,Abs,267,462.25,100.0,332530.0,6.016260674869973,3.577347023055485,2.438913651814488
PEI5mgmL_50°C_Abs.TXT,PEI5mgmL,50°C,Abs,268,464.83000000000004,100.0,332530.0,6.016191944691108,3.5773339498353183,2.4388579948557894
PEI5mgmL_50°C_Abs.TXT,PEI5mgmL,50°C,Abs,269,467.25,100.0,332530.0,6.016127476848915,3.577321687357487,2.438805789491428
PEI5mgmL_50°C_Abs.TXT,PEI5mgmL,50°C,Abs,270,469.80999999999995,100.0,332530.0,6.016059279462134,3.5773087154801115,2.438750563982022
PEI5mgmL_50°C_Abs.TXT,PEI5mgmL,50°C,Abs,271,472.54999999999995,100.0,332530.0,6.015986286946594,3.5772948315176083,2.438691455428986
PEI5mgmL_50°C_Abs.TXT,PEI5mgmL,50°C,Abs,272,475.18999999999994,100.0,332530.0,6.015915958391475,3.577281454269065,2.43863450412241
PEI5mgmL_50°C_Abs.TXT,PEI5mgmL,50°C,Abs,273,477.83000000000004,100.0,332530.0,6.015845629836357,3.577268077020522,2.438577552815835
PEI5mgmL_50°C_Abs.TXT,PEI5mgmL,50°C,Abs,274,480.30999999999995,100.0,332530.0,6.015779563617912,3.577255510514315,2.4385240531035968
PEI5mgmL_50°C_Abs.TXT,PEI5mgmL,50°C,Abs,275,482.75,100.0,332530.0,6.015714562983636,3.5772431466936916,2.438471416289944
PEI5mgmL_50°C_Abs.TXT,PEI5mgmL,50°C,Abs,276,485.30999999999995,100.0,332530.0,6.015646365596854,3.577230174816316,2.438416190780538
PEI5mgmL_50°C_Abs.TXT,PEI5mgmL,50°C,Abs,277,487.75,100.0,332530.0,6.015581364962578,3.577217810995693,2.4383635539668846
PEI5mgmL_50°C_Abs.TXT,PEI5mgmL,50°C,Abs,278,490.30999999999995,100.0,332530.0,6.015513167575796,3.577204839118318,2.4383083284574782
PEI5mgmL_50°C_Abs.TXT,PEI5mgmL,50°C,Abs,279,495.18999999999994,100.0,332530.0,6.0153831663072435,3.5771801114770714,2.438203054830172
PEI5mgmL_50°C_Abs.TXT,PEI5mgmL,50°C,Abs,280,497.93999999999994,100.0,332530.0,6.015309907395662,3.577166176843172,2.43814373055249
PEI5mgmL_50°C_Abs.TXT,PEI5mgmL,50°C,Abs,281,500.43999999999994,100.0,332530.0,6.015243308385132,3.577153508994173,2.4380897993909594
PEI5mgmL_50°C_Abs.TXT,PEI5mgmL,50°C,Abs,282,503.08000000000004,100.0,332530.0,6.015172979830014,3.57714013174563,2.4380328480843843
PEI5mgmL_50°C_Abs.TXT,PEI5mgmL,50°C,Abs,283,505.63,100.0,332530.0,6.015105048839275,3.5771272105396505,2.4379778382996244
PEI5mgmL_50°C_Abs.TXT,PEI5mgmL,50°C,Abs,284,508.54999999999995,100.0,332530.0,6.015027261194977,3.5771124144920194,2.437914846702957
PEI5mgmL_50°C_Abs.TXT,PEI5mgmL,50°C,Abs,285,511.0,100.0,332530.0,6.014961994164659,3.5771,2.4378619941646584
PEI5mgmL_50°C_Abs.TXT,PEI5mgmL,50°C,Abs,286,513.78,100.0,332530.0,6.01488793606495,3.577082577086989,2.4378053589779607
PEI5mgmL_50°C_Abs.TXT,PEI5mgmL,50°C,Abs,287,521.5,100.0,332530.0,6.014682278320437,3.5770341940335926,2.437648084286844
PEI5mgmL_50°C_Abs.TXT,PEI5mgmL,50°C,Abs,288,529.13,100.0,332530.0,6.014479018140302,3.5769863750313364,2.437492643108966
PEI5mgmL_50°C_Abs.TXT,PEI5mgmL,50°C,Abs,289,535.85,100.0,332530.0,6.0143,3.5769442592128353,2.437355740787165
PEI5mgmL_50°C_Abs.TXT,PEI5mgmL,50°C,Abs,290,538.47,100.0,332530.0,6.0142377205054425,3.576927839057408,2.4373098814480345
PEI5mgmL_50°C_Abs.TXT,PEI5mgmL,50°C,Abs,291,541.02,100.0,332530.0,6.014177104966846,3.5769118576084233,2.4372652473584226
PEI5mgmL_50°C_Abs.TXT,PEI5mgmL,50°C,Abs,292,543.77,100.0,332530.0,6.014111735268361,3.576894622712459,2.4372171125559015
PEI5mgmL_50°C_Abs.TXT,PEI5mgmL,50°C,Abs,293,546.28,100.0,332530.0,6.014052070561742,3.5768788919528705,2.4371731786088713
PEI5mgmL_50°C_Abs.TXT,PEI5mgmL,50°C,Abs,294,549.1,100.0,332530.0,6.013985036907294,3.576861218350464,2.43712381855683
PEI5mgmL_50°C_Abs.TXT,PEI5mgmL,50°C,Abs,295,551.56,100.0,332530.0,6.013926560740648,3.57684580095262,2.4370807597880284
PEI5mgmL_50°C_Abs.TXT,PEI5mgmL,50°C,Abs,296,554.45,100.0,332530.0,6.013857863130239,3.5768276886437707,2.4370301744864684
PEI5mgmL_50°C_Abs.TXT,PEI5mgmL,50°C,Abs,297,557.13,100.0,332530.0,6.013794157387714,3.576810892454249,2.436983264933465
PEI5mgmL_50°C_Abs.TXT,PEI5mgmL,50°C,Abs,298,559.81,100.0,332530.0,6.01373045164519,3.576794096264728,2.436936355380462
PEI5mgmL_50°C_Abs.TXT,PEI5mgmL,50°C,Abs,299,562.31,100.0,332530.0,6.013671024646566,3.576778428177488,2.436892596469078
PEI5mgmL_50°C_Abs.TXT,PEI5mgmL,50°C,Abs,300,565.1,100.0,332530.0,6.013604704116102,3.5767609425921285,2.4368437615239738
PEI5mgmL_50°C_Abs.TXT,PEI5mgmL,50°C,Abs,301,567.64,100.0,332530.0,6.0135443262855,3.5767450238154925,2.436799302470008
PEI5mgmL_50°C_Abs.TXT,PEI5mgmL,50°C,Abs,302,570.28,100.0,332530.0,6.013481571374953,3.5767284783153674,2.4367530930595858
PEI5mgmL_50°C_Abs.TXT,PEI5mgmL,50°C,Abs,303,575.4399999999999,100.0,332530.0,6.013358914049794,3.576696139383304,2.43666277466649
PEI5mgmL_50°C_Abs.TXT,PEI5mgmL,50°C,Abs,304,578.0,100.0,332530.0,6.013298060803203,3.5766800952619704,2.4366179655412328
PEI5mgmL_50°C_Abs.TXT,PEI5mgmL,50°C,Abs,305,580.4399999999999,100.0,332530.0,6.013240060052547,3.5766648032088244,2.4365752568437222
PEI5mgmL_50°C_Abs.TXT,PEI5mgmL,50°C,Abs,306,582.88,100.0,332530.0,6.013182059301889,3.576649511155678,2.4365325481462112
PEI5mgmL_50°C_Abs.TXT,PEI5mgmL,50°C,Abs,307,585.48,100.0,332530.0,6.0131202552233205,3.576633216344949,2.4364870388783717
PEI5mgmL_50°C_Abs.TXT,PEI5mgmL,50°C,Abs,308,588.08,100.0,332530.0,6.013058451144752,3.576616921534219,2.4364415296105326
PEI5mgmL_50°C_Abs.TXT,PEI5mgmL,50°C,Abs,309,590.78,100.0,332530.0,6.012994269986239,3.5766,2.4363942699862386
PEI5mgmL_50°C_Abs.TXT,PEI5mgmL,50°C,Abs,310,593.38,100.0,332530.0,6.01293246590767,3.576577106918239,2.436355358989431
PEI5mgmL_50°C_Abs.TXT,PEI5mgmL,50°C,Abs,311,600.98,100.0,332530.0,6.012751807831854,3.5765101886792454,2.436241619152608
PEI5mgmL_50°C_Abs.TXT,PEI5mgmL,50°C,Abs,312,608.9799999999999,100.0,332530.0,6.012561641436257,3.576439748427673,2.436121893008584
PEI5mgmL_50°C_Abs.TXT,PEI5mgmL,50°C,Abs,313,615.7800000000001,100.0,332530.0,6.0124,3.5763798742138366,2.436020125786164
PEI5mgmL_50°C_Abs.TXT,PEI5mgmL,50°C,Abs,314,618.38,100.0,332530.0,6.0123378616352205,3.5763569811320752,2.4359808805031453
PEI5mgmL_50°C_Abs.TXT,PEI5mgmL,50°C,Abs,315,620.88,100.0,332530.0,6.012278113207548,3.576334968553459,2.4359431446540887
PEI5mgmL_50°C_Abs.TXT,PEI5mgmL,50°C,Abs,316,623.68,100.0,332530.0,6.012211194968554,3.5763103144654087,2.4359008805031452
PEI5mgmL_50°C_Abs.TXT,PEI5mgmL,50°C,Abs,317,626.2800000000001,100.0,332530.0,6.012149056603774,3.5762874213836477,2.4358616352201263
PEI5mgmL_50°C_Abs.TXT,PEI5mgmL,50°C,Abs,318,628.88,100.0,332530.0,6.012086918238994,3.576264528301887,2.4358223899371074
PEI5mgmL_50°C_Abs.TXT,PEI5mgmL,50°C,Abs,319,631.2800000000001,100.0,332530.0,6.012029559748428,3.576243396226415,2.435786163522013
PEI5mgmL_50°C_Abs.TXT,PEI5mgmL,50°C,Abs,320,633.88,100.0,332530.0,6.011967421383648,3.576220503144654,2.435746918238994
PEI5mgmL_50°C_Abs.TXT,PEI5mgmL,50°C,Abs,321,636.4799999999999,100.0,332530.0,6.011905283018868,3.576197610062893,2.4357076729559752
PEI5mgmL_50°C_Abs.TXT,PEI5mgmL,50°C,Abs,322,638.9799999999999,100.0,332530.0,6.011845534591195,3.576175597484277,2.4356699371069186
PEI5mgmL_50°C_Abs.TXT,PEI5mgmL,50°C,Abs,323,641.58,100.0,332530.0,6.0117833962264156,3.5761527044025154,2.4356306918239
PEI5mgmL_50°C_Abs.TXT,PEI5mgmL,50°C,Abs,324,644.18,100.0,332530.0,6.011721257861636,3.5761298113207545,2.435591446540881
PEI5mgmL_50°C_Abs.TXT,PEI5mgmL,50°C,Abs,325,646.58,100.0,332530.0,6.01166389937107,3.5761086792452828,2.435555220125787
PEI5mgmL_50°C_Abs.TXT,PEI5mgmL,50°C,Abs,326,649.2800000000001,100.0,332530.0,6.011599371069183,3.576084905660377,2.4355144654088057
PEI5mgmL_50°C_Abs.TXT,PEI5mgmL,50°C,Abs,327,654.4799999999999,100.0,332530.0,6.011475094339623,3.5760391194968553,2.435435974842768
PEI5mgmL_50°C_Abs.TXT,PEI5mgmL,50°C,Abs,328,656.9799999999999,100.0,332530.0,6.01141534591195,3.576017106918239,2.435398238993711
PEI5mgmL_50°C_Abs.TXT,PEI5mgmL,50°C,Abs,329,659.4799999999999,100.0,332530.0,6.011355597484277,3.5759950943396226,2.4353605031446546
PEI5mgmL_50°C_Abs.TXT,PEI5mgmL,50°C,Abs,330,662.18,100.0,332530.0,6.01129106918239,3.575971320754717,2.4353197484276734
PEI5mgmL_50°C_Abs.TXT,PEI5mgmL,50°C,Abs,331,664.9799999999999,100.0,332530.0,6.011224150943397,3.5759466666666664,2.4352774842767304
PEI5mgmL_50°C_Abs.TXT,PEI5mgmL,50°C,Abs,332,667.58,100.0,332530.0,6.011162012578617,3.5759237735849054,2.4352382389937115
PEI5mgmL_50°C_Abs.TXT,PEI5mgmL,50°C,Abs,333,670.2800000000001,100.0,332530.0,6.01109748427673,3.5759,2.4351974842767303
PEI5mgmL_50°C_Abs.TXT,PEI5mgmL,50°C,Abs,334,672.9799999999999,100.0,332530.0,6.011032955974843,3.57587610619469,2.4351568497801535
PEI5mgmL_50°C_Abs.TXT,PEI5mgmL,50°C,Abs,335,680.9799999999999,100.0,332530.0,6.01084176100629,3.575805309734513,2.435036451271777
PEI5mgmL_50°C_Abs.TXT,PEI5mgmL,50°C,Abs,336,688.7800000000001,100.0,332530.0,6.0106553459119505,3.5757362831858406,2.43491906272611
PEI5mgmL_50°C_Abs.TXT,PEI5mgmL,50°C,Abs,337,695.2800000000001,100.0,332530.0,6.0105,3.5756787610619467,2.4348212389380537
PEI5mgmL_50°C_Abs.TXT,PEI5mgmL,50°C,Abs,338,697.7800000000001,100.0,332530.0,6.01044917407878,3.5756566371681417,2.4347925369106385
PEI5mgmL_50°C_Abs.TXT,PEI5mgmL,50°C,Abs,339,700.4799999999999,100.0,332530.0,6.010394282083863,3.575632743362832,2.434761538721031
PEI5mgmL_50°C_Abs.TXT,PEI5mgmL,50°C,Abs,340,702.9799999999999,100.0,332530.0,6.010343456162643,3.5756106194690265,2.434732836693617
PEI5mgmL_50°C_Abs.TXT,PEI5mgmL,50°C,Abs,341,705.4799999999999,100.0,332530.0,6.010292630241423,3.575588495575221,2.434704134666202
PEI5mgmL_50°C_Abs.TXT,PEI5mgmL,50°C,Abs,342,708.08,100.0,332530.0,6.010239771283355,3.575565486725664,2.434674284557691
PEI5mgmL_50°C_Abs.TXT,PEI5mgmL,50°C,Abs,343,710.88,100.0,332530.0,6.010182846251588,3.5755407079646018,2.4346421382869865
PEI5mgmL_50°C_Abs.TXT,PEI5mgmL,50°C,Abs,344,713.4799999999999,100.0,332530.0,6.01012998729352,3.575517699115044,2.4346122881784757
PEI5mgmL_50°C_Abs.TXT,PEI5mgmL,50°C,Abs,345,716.08,100.0,332530.0,6.0100771283354515,3.575494690265487,2.4345824380699645
PEI5mgmL_50°C_Abs.TXT,PEI5mgmL,50°C,Abs,346,718.4799999999999,100.0,332530.0,6.01002833545108,3.5754734513274338,2.4345548841236466
PEI5mgmL_50°C_Abs.TXT,PEI5mgmL,50°C,Abs,347,720.9799999999999,100.0,332530.0,6.00997750952986,3.5754513274336284,2.434526182096232
PEI5mgmL_50°C_Abs.TXT,PEI5mgmL,50°C,Abs,348,723.7800000000001,100.0,332530.0,6.0099205844980945,3.5754265486725663,2.4344940358255283
PEI5mgmL_50°C_Abs.TXT,PEI5mgmL,50°C,Abs,349,726.18,100.0,332530.0,6.009871791613723,3.5754053097345135,2.43446648187921
PEI5mgmL_50°C_Abs.TXT,PEI5mgmL,50°C,Abs,350,728.7800000000001,100.0,332530.0,6.009818932655654,3.575382300884956,2.4344366317706982
PEI5mgmL_50°C_Abs.TXT,PEI5mgmL,50°C,Abs,351,734.08,100.0,332530.0,6.009711181702668,3.5753353982300884,2.43437578347258
PEI5mgmL_50°C_Abs.TXT,PEI5mgmL,50°C,Abs,352,736.4799999999999,100.0,332530.0,6.009662388818297,3.5753141592920357,2.4343482295262615
PEI5mgmL_50°C_Abs.TXT,PEI5mgmL,50°C,Abs,353,738.9799999999999,100.0,332530.0,6.009611562897078,3.5752920353982303,2.4343195274988476
PEI5mgmL_50°C_Abs.TXT,PEI5mgmL,50°C,Abs,354,741.58,100.0,332530.0,6.009558703939009,3.5752690265486726,2.434289677390336
PEI5mgmL_50°C_Abs.TXT,PEI5mgmL,50°C,Abs,355,744.18,100.0,332530.0,6.00950584498094,3.575246017699115,2.434259827281825
PEI5mgmL_50°C_Abs.TXT,PEI5mgmL,50°C,Abs,356,746.9799999999999,100.0,332530.0,6.009448919949174,3.5752212389380533,2.4342276810111203
PEI5mgmL_50°C_Abs.TXT,PEI5mgmL,50°C,Abs,357,749.38,100.0,332530.0,6.0094001270648025,3.5752,2.4342001270648024
PEI5mgmL_50°C_Abs.TXT,PEI5mgmL,50°C,Abs,358,751.9799999999999,100.0,332530.0,6.009347268106734,3.5751608040201006,2.4341864640866335
PEI5mgmL_50°C_Abs.TXT,PEI5mgmL,50°C,Abs,359,759.7800000000001,100.0,332530.0,6.009188691232528,3.575043216080402,2.434145475152126
PEI5mgmL_50°C_Abs.TXT,PEI5mgmL,50°C,Abs,360,767.38,100.0,332530.0,6.00903418043202,3.5749286432160803,2.43410553721594
PEI5mgmL_50°C_Abs.TXT,PEI5mgmL,50°C,Abs,361,773.9799999999999,100.0,332530.0,6.0089,3.574829145728643,2.4340708542713565
PEI5mgmL_50°C_Abs.TXT,PEI5mgmL,50°C,Abs,362,776.68,100.0,332530.0,6.008852867830424,3.574788442211055,2.4340644256193684
PEI5mgmL_50°C_Abs.TXT,PEI5mgmL,50°C,Abs,363,779.2800000000001,100.0,332530.0,6.008807481296758,3.5747492462311556,2.4340582350656024
PEI5mgmL_50°C_Abs.TXT,PEI5mgmL,50°C,Abs,364,781.9799999999999,100.0,332530.0,6.008760349127182,3.574708542713568,2.434051806413614
PEI5mgmL_50°C_Abs.TXT,PEI5mgmL,50°C,Abs,365,784.4799999999999,100.0,332530.0,6.008716708229426,3.574670854271357,2.434045853958069
PEI5mgmL_50°C_Abs.TXT,PEI5mgmL,50°C,Abs,366,787.08,100.0,332530.0,6.00867132169576,3.5746316582914575,2.434039663404303
PEI5mgmL_50°C_Abs.TXT,PEI5mgmL,50°C,Abs,367,789.68,100.0,332530.0,6.008625935162095,3.574592462311558,2.434033472850537
PEI5mgmL_50°C_Abs.TXT,PEI5mgmL,50°C,Abs,368,792.58,100.0,332530.0,6.008575311720698,3.574548743718593,2.4340265680021047
PEI5mgmL_50°C_Abs.TXT,PEI5mgmL,50°C,Abs,369,795.18,100.0,332530.0,6.008529925187032,3.5745095477386934,2.4340203774483387
PEI5mgmL_50°C_Abs.TXT,PEI5mgmL,50°C,Abs,370,797.7800000000001,100.0,332530.0,6.0084845386533665,3.574470351758794,2.4340141868945726
PEI5mgmL_50°C_Abs.TXT,PEI5mgmL,50°C,Abs,371,800.2800000000001,100.0,332530.0,6.0084408977556105,3.574432663316583,2.4340082344390277
PEI5mgmL_50°C_Abs.TXT,PEI5mgmL,50°C,Abs,372,802.7800000000001,100.0,332530.0,6.008397256857855,3.5743949748743717,2.4340022819834837
PEI5mgmL_50°C_Abs.TXT,PEI5mgmL,50°C,Abs,373,805.2800000000001,100.0,332530.0,6.008353615960099,3.5743572864321607,2.4339963295279388
PEI5mgmL_50°C_Abs.TXT,PEI5mgmL,50°C,Abs,374,807.7800000000001,100.0,332530.0,6.008309975062344,3.5743195979899496,2.4339903770723947
PEI5mgmL_50°C_Abs.TXT,PEI5mgmL,50°C,Abs,375,813.08,100.0,332530.0,6.008217456359103,3.574239698492462,2.4339777578666406
PEI5mgmL_50°C_Abs.TXT,PEI5mgmL,50°C,Abs,376,815.7800000000001,100.0,332530.0,6.008170324189527,3.5741989949748745,2.433971329214652
PEI5mgmL_50°C_Abs.TXT,PEI5mgmL,50°C,Abs,377,818.38,100.0,332530.0,6.00812493765586,3.574159798994975,2.433965138660885
PEI5mgmL_50°C_Abs.TXT,PEI5mgmL,50°C,Abs,378,821.08,100.0,332530.0,6.008077805486284,3.574119095477387,2.433958710008897
PEI5mgmL_50°C_Abs.TXT,PEI5mgmL,50°C,Abs,379,823.68,100.0,332530.0,6.008032418952618,3.5740798994974874,2.433952519455131
PEI5mgmL_50°C_Abs.TXT,PEI5mgmL,50°C,Abs,380,826.4799999999999,100.0,332530.0,6.007983541147132,3.574037688442211,2.433945852704921
PEI5mgmL_50°C_Abs.TXT,PEI5mgmL,50°C,Abs,381,828.9799999999999,100.0,332530.0,6.007939900249377,3.574,2.433939900249377
PEI5mgmL_50°C_Abs.TXT,PEI5mgmL,50°C,Abs,382,831.7800000000001,100.0,332530.0,6.00789102244389,3.573971859296482,2.433919163147408
PEI5mgmL_50°C_Abs.TXT,PEI5mgmL,50°C,Abs,383,839.58,100.0,332530.0,6.0077548628428925,3.573893467336683,2.4338613955062094
PEI5mgmL_50°C_Abs.TXT,PEI5mgmL,50°C,Abs,384,847.38,100.0,332530.0,6.007618703241896,3.5738150753768845,2.4338036278650113
PEI5mgmL_50°C_Abs.TXT,PEI5mgmL,50°C,Abs,385,854.18,100.0,332530.0,6.0075,3.5737467336683415,2.433753266331659
PEI5mgmL_50°C_Abs.TXT,PEI5mgmL,50°C,Abs,386,856.68,100.0,332530.0,6.007452651515152,3.573721608040201,2.433731043474951
PEI5mgmL_50°C_Abs.TXT,PEI5mgmL,50°C,Abs,387,859.2800000000001,100.0,332530.0,6.00740340909091,3.5736954773869347,2.433707931703975
PEI5mgmL_50°C_Abs.TXT,PEI5mgmL,50°C,Abs,388,861.88,100.0,332530.0,6.0073541666666666,3.573669346733668,2.4336848199329983
PEI5mgmL_50°C_Abs.TXT,PEI5mgmL,50°C,Abs,389,864.2800000000001,100.0,332530.0,6.007308712121213,3.5736452261306533,2.4336634859905595
PEI5mgmL_50°C_Abs.TXT,PEI5mgmL,50°C,Abs,390,866.9799999999999,100.0,332530.0,6.007257575757576,3.573618090452261,2.433639485305315
PEI5mgmL_50°C_Abs.TXT,PEI5mgmL,50°C,Abs,391,869.38,100.0,332530.0,6.007212121212121,3.573593969849246,2.433618151362875
PEI5mgmL_50°C_Abs.TXT,PEI5mgmL,50°C,Abs,392,872.18,100.0,332530.0,6.0071590909090915,3.5735658291457284,2.433593261763363
PEI5mgmL_50°C_Abs.TXT,PEI5mgmL,50°C,Abs,393,874.7800000000001,100.0,332530.0,6.007109848484848,3.5735396984924623,2.433570149992386
PEI5mgmL_50°C_Abs.TXT,PEI5mgmL,50°C,Abs,394,877.58,100.0,332530.0,6.007056818181819,3.5735115577889447,2.433545260392874
PEI5mgmL_50°C_Abs.TXT,PEI5mgmL,50°C,Abs,395,880.08,100.0,332530.0,6.00700946969697,3.573486432160804,2.4335230375361663
PEI5mgmL_50°C_Abs.TXT,PEI5mgmL,50°C,Abs,396,882.7800000000001,100.0,332530.0,6.006958333333333,3.573459296482412,2.4334990368509213
PEI5mgmL_50°C_Abs.TXT,PEI5mgmL,50°C,Abs,397,885.2800000000001,100.0,332530.0,6.006910984848485,3.5734341708542714,2.4334768139942136
PEI5mgmL_50°C_Abs.TXT,PEI5mgmL,50°C,Abs,398,888.2800000000001,100.0,332530.0,6.006854166666667,3.5734040201005026,2.433450146566164
PEI5mgmL_50°C_Abs.TXT,PEI5mgmL,50°C,Abs,399,893.4799999999999,100.0,332530.0,6.006755681818182,3.5733517587939696,2.433403923024213
PEI5mgmL_50°C_Abs.TXT,PEI5mgmL,50°C,Abs,400,895.9799999999999,100.0,332530.0,6.006708333333334,3.573326633165829,2.433381700167505
PEI5mgmL_50°C_Abs.TXT,PEI5mgmL,50°C,Abs,401,898.4799999999999,100.0,332530.0,6.0066609848484855,3.573301507537688,2.4333594773107974
PEI5mgmL_50°C_Abs.TXT,PEI5mgmL,50°C,Abs,402,900.9799999999999,100.0,332530.0,6.006613636363636,3.573276381909548,2.4333372544540883
PEI5mgmL_50°C_Abs.TXT,PEI5mgmL,50°C,Abs,403,903.58,100.0,332530.0,6.006564393939394,3.5732502512562814,2.4333141426831126
PEI5mgmL_50°C_Abs.TXT,PEI5mgmL,50°C,Abs,404,906.18,100.0,332530.0,6.006515151515152,3.573224120603015,2.433291030912137
PEI5mgmL_50°C_Abs.TXT,PEI5mgmL,50°C,Abs,405,908.58,100.0,332530.0,6.006469696969697,3.5732,2.433269696969697
PEI5mgmL_50°C_Abs.TXT,PEI5mgmL,50°C,Abs,406,911.18,100.0,332530.0,6.006420454545455,3.573163751584284,2.433256702961171
PEI5mgmL_50°C_Abs.TXT,PEI5mgmL,50°C,Abs,407,918.7800000000001,100.0,332530.0,6.006276515151515,3.573057794676806,2.433218720474709
PEI5mgmL_50°C_Abs.TXT,PEI5mgmL,50°C,Abs,408,926.58,100.0,332530.0,6.006128787878788,3.5729490494296576,2.4331797384491307
PEI5mgmL_50°C_Abs.TXT,PEI5mgmL,50°C,Abs,409,933.38,100.0,332530.0,6.006,3.572854245880862,2.4331457541191384
PEI5mgmL_50°C_Abs.TXT,PEI5mgmL,50°C,Abs,410,935.9799999999999,100.0,332530.0,6.005960655737705,3.5728179974651457,2.4331426582725593
PEI5mgmL_50°C_Abs.TXT,PEI5mgmL,50°C,Abs,411,938.4799999999999,100.0,332530.0,6.005922824716268,3.5727831432192647,2.433139681497003
PEI5mgmL_50°C_Abs.TXT,PEI5mgmL,50°C,Abs,412,941.2800000000001,100.0,332530.0,6.0058804539722574,3.5727441064638783,2.433136347508379
PEI5mgmL_50°C_Abs.TXT,PEI5mgmL,50°C,Abs,413,943.68,100.0,332530.0,6.005844136191677,3.5727106463878324,2.433133489803845
PEI5mgmL_50°C_Abs.TXT,PEI5mgmL,50°C,Abs,414,946.58,100.0,332530.0,6.00580025220681,3.572670215462611,2.433130036744199
PEI5mgmL_50°C_Abs.TXT,PEI5mgmL,50°C,Abs,415,948.9799999999999,100.0,332530.0,6.00576393442623,3.572636755386565,2.4331271790396647
PEI5mgmL_50°C_Abs.TXT,PEI5mgmL,50°C,Abs,416,951.7800000000001,100.0,332530.0,6.005721563682219,3.5725977186311786,2.433123845051041
PEI5mgmL_50°C_Abs.TXT,PEI5mgmL,50°C,Abs,417,954.38,100.0,332530.0,6.005682219419924,3.5725614702154624,2.4331207492044618
PEI5mgmL_50°C_Abs.TXT,PEI5mgmL,50°C,Abs,418,956.7800000000001,100.0,332530.0,6.005645901639345,3.572528010139417,2.433117891499928
PEI5mgmL_50°C_Abs.TXT,PEI5mgmL,50°C,Abs,419,959.4799999999999,100.0,332530.0,6.005605044136192,3.5724903675538657,2.433114676582326
PEI5mgmL_50°C_Abs.TXT,PEI5mgmL,50°C,Abs,420,961.9799999999999,100.0,332530.0,6.005567213114754,3.5724555133079847,2.4331116998067697
PEI5mgmL_50°C_Abs.TXT,PEI5mgmL,50°C,Abs,421,964.7800000000001,100.0,332530.0,6.005524842370744,3.572416476552598,2.4331083658181463
PEI5mgmL_50°C_Abs.TXT,PEI5mgmL,50°C,Abs,422,967.2800000000001,100.0,332530.0,6.005487011349307,3.5723816223067173,2.4331053890425896
PEI5mgmL_50°C_Abs.TXT,PEI5mgmL,50°C,Abs,423,972.4799999999999,100.0,332530.0,6.005408322824716,3.572309125475285,2.4330991973494314
PEI5mgmL_50°C_Abs.TXT,PEI5mgmL,50°C,Abs,424,974.9799999999999,100.0,332530.0,6.005370491803279,3.572274271229404,2.433096220573875
PEI5mgmL_50°C_Abs.TXT,PEI5mgmL,50°C,Abs,425,977.38,100.0,332530.0,6.005334174022699,3.5722408111533586,2.4330933628693403
PEI5mgmL_50°C_Abs.TXT,PEI5mgmL,50°C,Abs,426,979.7800000000001,100.0,332530.0,6.005297856242119,3.5722073510773127,2.433090505164806
PEI5mgmL_50°C_Abs.TXT,PEI5mgmL,50°C,Abs,427,982.38,100.0,332530.0,6.005258511979823,3.572171102661597,2.4330874093182264
PEI5mgmL_50°C_Abs.TXT,PEI5mgmL,50°C,Abs,428,984.9799999999999,100.0,332530.0,6.005219167717529,3.572134854245881,2.433084313471648
PEI5mgmL_50°C_Abs.TXT,PEI5mgmL,50°C,Abs,429,987.4799999999999,100.0,332530.0,6.005181336696091,3.5721,2.433081336696091
PEI5mgmL_50°C_Abs.TXT,PEI5mgmL,50°C,Abs,430,990.2800000000001,100.0,332530.0,6.005138965952081,3.572064779874214,2.433074186077867
PEI5mgmL_50°C_Abs.TXT,PEI5mgmL,50°C,Abs,431,998.18,100.0,332530.0,6.005019419924338,3.571965408805031,2.4330540111193066
PEI5mgmL_50°C_Abs.TXT,PEI5mgmL,50°C,Abs,432,1005.9799999999999,100.0,332530.0,6.004901387137453,3.571867295597484,2.433034091539969
PEI5mgmL_50°C_Abs.TXT,PEI5mgmL,50°C,Abs,433,1012.68,100.0,332530.0,6.0048,3.5717830188679245,2.433016981132076
PEI5mgmL_50°C_Abs.TXT,PEI5mgmL,50°C,Abs,434,1015.18,100.0,332530.0,6.004755470737914,3.571751572327044,2.43300389841087
PEI5mgmL_50°C_Abs.TXT,PEI5mgmL,50°C,Abs,435,1017.9799999999999,100.0,332530.0,6.004705597964377,3.571716352201258,2.4329892457631193
PEI5mgmL_50°C_Abs.TXT,PEI5mgmL,50°C,Abs,436,1020.58,100.0,332530.0,6.0046592875318066,3.571683647798742,2.4329756397330646
PEI5mgmL_50°C_Abs.TXT,PEI5mgmL,50°C,Abs,437,1023.2800000000001,100.0,332530.0,6.004611195928754,3.571649685534591,2.4329615103941626
PEI5mgmL_50°C_Abs.TXT,PEI5mgmL,50°C,Abs,438,1025.88,100.0,332530.0,6.004564885496183,3.5716169811320753,2.432947904364108
PEI5mgmL_50°C_Abs.TXT,PEI5mgmL,50°C,Abs,439,1028.48,100.0,332530.0,6.004518575063614,3.57158427672956,2.432934298334054
PEI5mgmL_50°C_Abs.TXT,PEI5mgmL,50°C,Abs,440,1031.08,100.0,332530.0,6.004472264631043,3.571551572327044,2.432920692303999
PEI5mgmL_50°C_Abs.TXT,PEI5mgmL,50°C,Abs,441,1033.58,100.0,332530.0,6.0044277353689575,3.5715201257861633,2.432907609582794
PEI5mgmL_50°C_Abs.TXT,PEI5mgmL,50°C,Abs,442,1036.08,100.0,332530.0,6.004383206106871,3.571488679245283,2.432894526861588
PEI5mgmL_50°C_Abs.TXT,PEI5mgmL,50°C,Abs,443,1038.48,100.0,332530.0,6.0043404580152675,3.571458490566038,2.4328819674492297
PEI5mgmL_50°C_Abs.TXT,PEI5mgmL,50°C,Abs,444,1041.2800000000002,100.0,332530.0,6.004290585241731,3.5714232704402513,2.4328673148014794
PEI5mgmL_50°C_Abs.TXT,PEI5mgmL,50°C,Abs,445,1043.6799999999998,100.0,332530.0,6.004247837150127,3.571393081761006,2.4328547553891213
PEI5mgmL_50°C_Abs.TXT,PEI5mgmL,50°C,Abs,446,1046.38,100.0,332530.0,6.004199745547074,3.5713591194968553,2.4328406260502184
PEI5mgmL_50°C_Abs.TXT,PEI5mgmL,50°C,Abs,447,1051.2800000000002,100.0,332530.0,6.004112468193385,3.5712974842767293,2.4328149839166553
PEI5mgmL_50°C_Abs.TXT,PEI5mgmL,50°C,Abs,448,1053.98,100.0,332530.0,6.004064376590331,3.5712635220125786,2.4328008545777524
PEI5mgmL_50°C_Abs.TXT,PEI5mgmL,50°C,Abs,449,1056.48,100.0,332530.0,6.0040198473282445,3.571232075471698,2.4327877718565465
PEI5mgmL_50°C_Abs.TXT,PEI5mgmL,50°C,Abs,450,1059.1799999999998,100.0,332530.0,6.003971755725191,3.571198113207547,2.4327736425176436
PEI5mgmL_50°C_Abs.TXT,PEI5mgmL,50°C,Abs,451,1061.7800000000002,100.0,332530.0,6.003925445292621,3.5711654088050313,2.43276003648759
PEI5mgmL_50°C_Abs.TXT,PEI5mgmL,50°C,Abs,452,1064.58,100.0,332530.0,6.003875572519084,3.5711301886792453,2.432745383839839
PEI5mgmL_50°C_Abs.TXT,PEI5mgmL,50°C,Abs,453,1066.98,100.0,332530.0,6.003832824427481,3.5711,2.432732824427481
PEI5mgmL_50°C_Abs.TXT,PEI5mgmL,50°C,Abs,454,1069.7800000000002,100.0,332530.0,6.003782951653944,3.571064331210191,2.432718620443753
PEI5mgmL_50°C_Abs.TXT,PEI5mgmL,50°C,Abs,455,1077.1799999999998,100.0,332530.0,6.003651145038168,3.5709700636942676,2.4326810813439
PEI5mgmL_50°C_Abs.TXT,PEI5mgmL,50°C,Abs,456,1084.7800000000002,100.0,332530.0,6.003515776081425,3.570873248407643,2.432642527673782
PEI5mgmL_50°C_Abs.TXT,PEI5mgmL,50°C,Abs,457,1091.2800000000002,100.0,332530.0,6.0034,3.5707904458598727,2.4326095541401274
PEI5mgmL_50°C_Abs.TXT,PEI5mgmL,50°C,Abs,458,1093.7800000000002,100.0,332530.0,6.003358860759493,3.5707585987261146,2.432600262033379
PEI5mgmL_50°C_Abs.TXT,PEI5mgmL,50°C,Abs,459,1096.48,100.0,332530.0,6.0033144303797465,3.5707242038216562,2.4325902265580903
PEI5mgmL_50°C_Abs.TXT,PEI5mgmL,50°C,Abs,460,1099.08,100.0,332530.0,6.003271645569621,3.5706910828025475,2.432580562767073
PEI5mgmL_50°C_Abs.TXT,PEI5mgmL,50°C,Abs,461,1101.7800000000002,100.0,332530.0,6.003227215189874,3.570656687898089,2.4325705272917846
PEI5mgmL_50°C_Abs.TXT,PEI5mgmL,50°C,Abs,462,1104.2800000000002,100.0,332530.0,6.003186075949367,3.570624840764331,2.432561235185036
PEI5mgmL_50°C_Abs.TXT,PEI5mgmL,50°C,Abs,463,1106.98,100.0,332530.0,6.00314164556962,3.5705904458598727,2.4325511997097475
PEI5mgmL_50°C_Abs.TXT,PEI5mgmL,50°C,Abs,464,1109.48,100.0,332530.0,6.0031005063291145,3.5705585987261146,2.432541907603
PEI5mgmL_50°C_Abs.TXT,PEI5mgmL,50°C,Abs,465,1111.98,100.0,332530.0,6.003059367088608,3.570526751592357,2.432532615496251
PEI5mgmL_50°C_Abs.TXT,PEI5mgmL,50°C,Abs,466,1114.6799999999998,100.0,332530.0,6.003014936708861,3.570492356687898,2.432522580020963
PEI5mgmL_50°C_Abs.TXT,PEI5mgmL,50°C,Abs,467,1117.1799999999998,100.0,332530.0,6.002973797468354,3.57046050955414,2.4325132879142144
PEI5mgmL_50°C_Abs.TXT,PEI5mgmL,50°C,Abs,468,1119.7800000000002,100.0,332530.0,6.0029310126582285,3.5704273885350317,2.4325036241231968
PEI5mgmL_50°C_Abs.TXT,PEI5mgmL,50°C,Abs,469,1122.1799999999998,100.0,332530.0,6.002891518987342,3.570396815286624,2.432494703700718
PEI5mgmL_50°C_Abs.TXT,PEI5mgmL,50°C,Abs,470,1124.98,100.0,332530.0,6.002845443037975,3.5703611464968152,2.4324842965411597
PEI5mgmL_50°C_Abs.TXT,PEI5mgmL,50°C,Abs,471,1129.88,100.0,332530.0,6.002764810126583,3.5702987261146495,2.432466084011933
PEI5mgmL_50°C_Abs.TXT,PEI5mgmL,50°C,Abs,472,1132.48,100.0,332530.0,6.002722025316456,3.5702656050955413,2.4324564202209147
PEI5mgmL_50°C_Abs.TXT,PEI5mgmL,50°C,Abs,473,1134.98,100.0,332530.0,6.002680886075949,3.5702337579617835,2.4324471281141657
PEI5mgmL_50°C_Abs.TXT,PEI5mgmL,50°C,Abs,474,1137.7800000000002,100.0,332530.0,6.002634810126582,3.5701980891719747,2.4324367209546076
PEI5mgmL_50°C_Abs.TXT,PEI5mgmL,50°C,Abs,475,1140.38,100.0,332530.0,6.002592025316456,3.5701649681528664,2.43242705716359
PEI5mgmL_50°C_Abs.TXT,PEI5mgmL,50°C,Abs,476,1143.08,100.0,332530.0,6.0025475949367095,3.5701305732484077,2.432417021688302
PEI5mgmL_50°C_Abs.TXT,PEI5mgmL,50°C,Abs,477,1145.48,100.0,332530.0,6.002508101265823,3.5701,2.432408101265823
PEI5mgmL_50°C_Abs.TXT,PEI5mgmL,50°C,Abs,478,1148.08,100.0,332530.0,6.002465316455696,3.5700609022556393,2.432404414200057
PEI5mgmL_50°C_Abs.TXT,PEI5mgmL,50°C,Abs,479,1155.7800000000002,100.0,332530.0,6.002338607594937,3.569945112781955,2.432393494812982
PEI5mgmL_50°C_Abs.TXT,PEI5mgmL,50°C,Abs,480,1163.58,100.0,332530.0,6.002210253164558,3.5698278195488724,2.432382433615685
PEI5mgmL_50°C_Abs.TXT,PEI5mgmL,50°C,Abs,481,1170.2800000000002,100.0,332530.0,6.0021,3.569727067669173,2.4323729323308276
PEI5mgmL_50°C_Abs.TXT,PEI5mgmL,50°C,Abs,482,1172.98,100.0,332530.0,6.002066459627329,3.5696864661654137,2.4323799934619155
PEI5mgmL_50°C_Abs.TXT,PEI5mgmL,50°C,Abs,483,1175.48,100.0,332530.0,6.002035403726708,3.5696488721804513,2.432386531546257
PEI5mgmL_50°C_Abs.TXT,PEI5mgmL,50°C,Abs,484,1178.2800000000002,100.0,332530.0,6.002000621118013,3.5696067669172935,2.4323938542007193
PEI5mgmL_50°C_Abs.TXT,PEI5mgmL,50°C,Abs,485,1180.6799999999998,100.0,332530.0,6.001970807453416,3.5695706766917294,2.4324001307616867
PEI5mgmL_50°C_Abs.TXT,PEI5mgmL,50°C,Abs,486,1183.58,100.0,332530.0,6.001934782608696,3.5695270676691733,2.432407714939523
PEI5mgmL_50°C_Abs.TXT,PEI5mgmL,50°C,Abs,487,1185.98,100.0,332530.0,6.0019049689441,3.569490977443609,2.4324139915004905
PEI5mgmL_50°C_Abs.TXT,PEI5mgmL,50°C,Abs,488,1188.7800000000002,100.0,332530.0,6.001870186335404,3.5694488721804514,2.432421314154953
PEI5mgmL_50°C_Abs.TXT,PEI5mgmL,50°C,Abs,489,1191.48,100.0,332530.0,6.001836645962733,3.569408270676692,2.432428375286041
PEI5mgmL_50°C_Abs.TXT,PEI5mgmL,50°C,Abs,490,1193.98,100.0,332530.0,6.001805590062112,3.5693706766917295,2.4324349133703826
PEI5mgmL_50°C_Abs.TXT,PEI5mgmL,50°C,Abs,491,1196.58,100.0,332530.0,6.001773291925466,3.5693315789473687,2.4324417129780973
PEI5mgmL_50°C_Abs.TXT,PEI5mgmL,50°C,Abs,492,1199.2800000000002,100.0,332530.0,6.001739751552796,3.5692909774436092,2.4324487741091865
PEI5mgmL_50°C_Abs.TXT,PEI5mgmL,50°C,Abs,493,1201.98,100.0,332530.0,6.0017062111801245,3.5692503759398497,2.4324558352402748
PEI5mgmL_50°C_Abs.TXT,PEI5mgmL,50°C,Abs,494,1204.7800000000002,100.0,332530.0,6.001671428571429,3.569208270676692,2.432463157894737
PEI5mgmL_50°C_Abs.TXT,PEI5mgmL,50°C,Abs,495,1209.7800000000002,100.0,332530.0,6.001609316770186,3.569133082706767,2.432476234063419
PEI5mgmL_50°C_Abs.TXT,PEI5mgmL,50°C,Abs,496,1212.2800000000002,100.0,332530.0,6.001578260869565,3.5690954887218047,2.4324827721477607
PEI5mgmL_50°C_Abs.TXT,PEI5mgmL,50°C,Abs,497,1214.7800000000002,100.0,332530.0,6.0015472049689444,3.5690578947368423,2.432489310232102
PEI5mgmL_50°C_Abs.TXT,PEI5mgmL,50°C,Abs,498,1217.2800000000002,100.0,332530.0,6.0015161490683235,3.56902030075188,2.4324958483164436
PEI5mgmL_50°C_Abs.TXT,PEI5mgmL,50°C,Abs,499,1219.98,100.0,332530.0,6.001482608695652,3.5689796992481204,2.432502909447532
PEI5mgmL_50°C_Abs.TXT,PEI5mgmL,50°C,Abs,500,1222.7800000000002,100.0,332530.0,6.001447826086957,3.5689375939849626,2.4325102321019942
PEI5mgmL_50°C_Abs.TXT,PEI5mgmL,50°C,Abs,501,1225.2800000000002,100.0,332530.0,6.001416770186336,3.5689,2.4325167701863357
PEI5mgmL_50°C_Abs.TXT,PEI5mgmL,50°C,Abs,502,1228.08,100.0,332530.0,6.0013819875776395,3.5688683018867926,2.432513685690847
PEI5mgmL_50°C_Abs.TXT,PEI5mgmL,50°C,Abs,503,1235.88,100.0,332530.0,6.001285093167702,3.5687800000000003,2.432505093167702
PEI5mgmL_50°C_Abs.TXT,PEI5mgmL,50°C,Abs,504,1243.6799999999998,100.0,332530.0,6.001188198757764,3.5686916981132075,2.4324965006445565
PEI5mgmL_50°C_Abs.TXT,PEI5mgmL,50°C,Abs,505,1250.7800000000002,100.0,332530.0,6.0011,3.568611320754717,2.432488679245283
PEI5mgmL_50°C_Abs.TXT,PEI5mgmL,50°C,Abs,506,1253.38,100.0,332530.0,6.00106384323641,3.568581886792453,2.432481956443957
PEI5mgmL_50°C_Abs.TXT,PEI5mgmL,50°C,Abs,507,1255.98,100.0,332530.0,6.00102768647282,3.568552452830189,2.4324752336426307
PEI5mgmL_50°C_Abs.TXT,PEI5mgmL,50°C,Abs,508,1258.6799999999998,100.0,332530.0,6.000990139064475,3.568521886792453,2.4324682522720225
PEI5mgmL_50°C_Abs.TXT,PEI5mgmL,50°C,Abs,509,1261.2800000000002,100.0,332530.0,6.000953982300885,3.568492452830189,2.432461529470696
PEI5mgmL_50°C_Abs.TXT,PEI5mgmL,50°C,Abs,510,1263.7800000000002,100.0,332530.0,6.000919216182048,3.5684641509433965,2.4324550652386514
PEI5mgmL_50°C_Abs.TXT,PEI5mgmL,50°C,Abs,511,1266.2800000000002,100.0,332530.0,6.000884450063211,3.5684358490566037,2.432448601006607
PEI5mgmL_50°C_Abs.TXT,PEI5mgmL,50°C,Abs,512,1268.98,100.0,332530.0,6.000846902654867,3.568405283018868,2.4324416196359993
PEI5mgmL_50°C_Abs.TXT,PEI5mgmL,50°C,Abs,513,1271.7800000000002,100.0,332530.0,6.00080796460177,3.5683735849056606,2.4324343796961094
PEI5mgmL_50°C_Abs.TXT,PEI5mgmL,50°C,Abs,514,1274.2800000000002,100.0,332530.0,6.000773198482933,3.568345283018868,2.4324279154640647
PEI5mgmL_50°C_Abs.TXT,PEI5mgmL,50°C,Abs,515,1276.6799999999998,100.0,332530.0,6.00073982300885,3.5683181132075474,2.4324217098013023
PEI5mgmL_50°C_Abs.TXT,PEI5mgmL,50°C,Abs,516,1279.38,100.0,332530.0,6.0007022756005055,3.5682875471698114,2.432414728430694
PEI5mgmL_50°C_Abs.TXT,PEI5mgmL,50°C,Abs,517,1281.7800000000002,100.0,332530.0,6.000668900126422,3.5682603773584907,2.4324085227679317
PEI5mgmL_50°C_Abs.TXT,PEI5mgmL,50°C,Abs,518,1284.58,100.0,332530.0,6.000629962073325,3.568228679245283,2.432401282828042
PEI5mgmL_50°C_Abs.TXT,PEI5mgmL,50°C,Abs,519,1289.48,100.0,332530.0,6.000561820480405,3.56817320754717,2.432388612933235
PEI5mgmL_50°C_Abs.TXT,PEI5mgmL,50°C,Abs,520,1292.08,100.0,332530.0,6.0005256637168145,3.5681437735849055,2.432381890131909
PEI5mgmL_50°C_Abs.TXT,PEI5mgmL,50°C,Abs,521,1294.48,100.0,332530.0,6.0004922882427305,3.568116603773585,2.4323756844691453
PEI5mgmL_50°C_Abs.TXT,PEI5mgmL,50°C,Abs,522,1296.98,100.0,332530.0,6.000457522123894,3.5680883018867924,2.432369220237102
PEI5mgmL_50°C_Abs.TXT,PEI5mgmL,50°C,Abs,523,1299.48,100.0,332530.0,6.000422756005057,3.56806,2.432362756005057
PEI5mgmL_50°C_Abs.TXT,PEI5mgmL,50°C,Abs,524,1302.08,100.0,332530.0,6.000386599241467,3.568030566037736,2.432356033203731
PEI5mgmL_50°C_Abs.TXT,PEI5mgmL,50°C,Abs,525,1304.7800000000002,100.0,332530.0,6.000349051833123,3.568,2.4323490518331226
PEI5mgmL_50°C_Abs.TXT,PEI5mgmL,50°C,Abs,526,1307.38,100.0,332530.0,6.000312895069532,3.5679608531994984,2.432352041870034
PEI5mgmL_50°C_Abs.TXT,PEI5mgmL,50°C,Abs,527,1315.08,100.0,332530.0,6.000205815423515,3.5678449184441656,2.432360896979349
PEI5mgmL_50°C_Abs.TXT,PEI5mgmL,50°C,Abs,528,1323.1799999999998,100.0,332530.0,6.000093173198483,3.5677229611041406,2.4323702120943422
PEI5mgmL_50°C_Abs.TXT,PEI5mgmL,50°C,Abs,529,1329.88,100.0,332530.0,6.0,3.56762208281054,2.43237791718946
PEI5mgmL_50°C_Abs.TXT,PEI5mgmL,50°C,Abs,530,1332.48,100.0,332530.0,5.99996393442623,3.5675829360100377,2.432380998416192
PEI5mgmL_50°C_Abs.TXT,PEI5mgmL,50°C,Abs,531,1335.08,100.0,332530.0,5.999927868852459,3.567543789209536,2.432384079642923
PEI5mgmL_50°C_Abs.TXT,PEI5mgmL,50°C,Abs,532,1337.7800000000002,100.0,332530.0,5.999890416141236,3.567503136762861,2.432387279378375
PEI5mgmL_50°C_Abs.TXT,PEI5mgmL,50°C,Abs,533,1340.2800000000002,100.0,332530.0,5.999855737704918,3.5674654956085323,2.4323902420963854
PEI5mgmL_50°C_Abs.TXT,PEI5mgmL,50°C,Abs,534,1343.08,100.0,332530.0,5.999816897856242,3.567423337515684,2.4323935603405578
PEI5mgmL_50°C_Abs.TXT,PEI5mgmL,50°C,Abs,535,1345.48,100.0,332530.0,5.999783606557377,3.5673872020075286,2.432396404549848
PEI5mgmL_50°C_Abs.TXT,PEI5mgmL,50°C,Abs,536,1348.08,100.0,332530.0,5.9997475409836065,3.5673480552070265,2.43239948577658
PEI5mgmL_50°C_Abs.TXT,PEI5mgmL,50°C,Abs,537,1350.58,100.0,332530.0,5.999712862547288,3.567310414052698,2.4324024484945905
PEI5mgmL_50°C_Abs.TXT,PEI5mgmL,50°C,Abs,538,1353.08,100.0,332530.0,5.999678184110971,3.567272772898369,2.4324054112126023
PEI5mgmL_50°C_Abs.TXT,PEI5mgmL,50°C,Abs,539,1355.58,100.0,332530.0,5.999643505674653,3.5672351317440403,2.432408373930613
PEI5mgmL_50°C_Abs.TXT,PEI5mgmL,50°C,Abs,540,1358.2800000000002,100.0,332530.0,5.99960605296343,3.567194479297365,2.432411573666065
PEI5mgmL_50°C_Abs.TXT,PEI5mgmL,50°C,Abs,541,1361.08,100.0,332530.0,5.999567213114754,3.5671523212045173,2.432414891910237
PEI5mgmL_50°C_Abs.TXT,PEI5mgmL,50°C,Abs,542,1363.58,100.0,332530.0,5.999532534678436,3.5671146800501883,2.4324178546282478
PEI5mgmL_50°C_Abs.TXT,PEI5mgmL,50°C,Abs,543,1368.6799999999998,100.0,332530.0,5.999461790668348,3.5670378920953576,2.4324238985729902
PEI5mgmL_50°C_Abs.TXT,PEI5mgmL,50°C,Abs,544,1371.1799999999998,100.0,332530.0,5.999427112232031,3.567000250941029,2.4324268612910016
PEI5mgmL_50°C_Abs.TXT,PEI5mgmL,50°C,Abs,545,1373.98,100.0,332530.0,5.999388272383355,3.5669580928481808,2.432430179535174
PEI5mgmL_50°C_Abs.TXT,PEI5mgmL,50°C,Abs,546,1376.38,100.0,332530.0,5.9993549810844895,3.5669219573400253,2.4324330237444642
PEI5mgmL_50°C_Abs.TXT,PEI5mgmL,50°C,Abs,547,1379.08,100.0,332530.0,5.999317528373266,3.56688130489335,2.4324362234799155
PEI5mgmL_50°C_Abs.TXT,PEI5mgmL,50°C,Abs,548,1381.58,100.0,332530.0,5.999282849936948,3.5668436637390215,2.432439186197927
PEI5mgmL_50°C_Abs.TXT,PEI5mgmL,50°C,Abs,549,1384.48,100.0,332530.0,5.99924262295082,3.5668,2.4324426229508194
PEI5mgmL_50°C_Abs.TXT,PEI5mgmL,50°C,Abs,550,1387.1799999999998,100.0,332530.0,5.9992051702395965,3.5667659090909094,2.432439261148687
PEI5mgmL_50°C_Abs.TXT,PEI5mgmL,50°C,Abs,551,1394.6799999999998,100.0,332530.0,5.999101134930643,3.566671212121212,2.432429922809431
PEI5mgmL_50°C_Abs.TXT,PEI5mgmL,50°C,Abs,552,1402.58,100.0,332530.0,5.998991551071879,3.5665714646464646,2.4324200864254144
PEI5mgmL_50°C_Abs.TXT,PEI5mgmL,50°C,Abs,553,1409.1799999999998,100.0,332530.0,5.9989,3.5664881313131316,2.4324118686868683
PEI5mgmL_50°C_Abs.TXT,PEI5mgmL,50°C,Abs,554,1411.6799999999998,100.0,332530.0,5.9988592731829575,3.5664565656565657,2.432402707526392
PEI5mgmL_50°C_Abs.TXT,PEI5mgmL,50°C,Abs,555,1414.38,100.0,332530.0,5.998815288220551,3.566422474747475,2.432392813473076
PEI5mgmL_50°C_Abs.TXT,PEI5mgmL,50°C,Abs,556,1416.98,100.0,332530.0,5.998772932330827,3.5663896464646467,2.4323832858661807
PEI5mgmL_50°C_Abs.TXT,PEI5mgmL,50°C,Abs,557,1419.58,100.0,332530.0,5.998730576441103,3.566356818181818,2.432373758259285
PEI5mgmL_50°C_Abs.TXT,PEI5mgmL,50°C,Abs,558,1422.1799999999998,100.0,332530.0,5.9986882205513785,3.56632398989899,2.4323642306523885
PEI5mgmL_50°C_Abs.TXT,PEI5mgmL,50°C,Abs,559,1424.58,100.0,332530.0,5.998649122807017,3.5662936868686868,2.4323554359383306
PEI5mgmL_50°C_Abs.TXT,PEI5mgmL,50°C,Abs,560,1427.2800000000002,100.0,332530.0,5.998605137844612,3.566259595959596,2.4323455418850157
PEI5mgmL_50°C_Abs.TXT,PEI5mgmL,50°C,Abs,561,1429.7800000000002,100.0,332530.0,5.998564411027569,3.5662280303030305,2.432336380724539
PEI5mgmL_50°C_Abs.TXT,PEI5mgmL,50°C,Abs,562,1432.48,100.0,332530.0,5.998520426065163,3.5661939393939392,2.4323264866712235
PEI5mgmL_50°C_Abs.TXT,PEI5mgmL,50°C,Abs,563,1434.98,100.0,332530.0,5.99847969924812,3.5661623737373738,2.4323173255107466
PEI5mgmL_50°C_Abs.TXT,PEI5mgmL,50°C,Abs,564,1437.7800000000002,100.0,332530.0,5.998434085213033,3.5661270202020203,2.4323070650110123
PEI5mgmL_50°C_Abs.TXT,PEI5mgmL,50°C,Abs,565,1440.1799999999998,100.0,332530.0,5.9983949874686715,3.566096717171717,2.4322982702969544
PEI5mgmL_50°C_Abs.TXT,PEI5mgmL,50°C,Abs,566,1443.08,100.0,332530.0,5.998347744360903,3.566060101010101,2.4322876433508016
PEI5mgmL_50°C_Abs.TXT,PEI5mgmL,50°C,Abs,567,1447.98,100.0,332530.0,5.998267919799499,3.565998232323232,2.432269687476267
PEI5mgmL_50°C_Abs.TXT,PEI5mgmL,50°C,Abs,568,1450.6799999999998,100.0,332530.0,5.9982239348370925,3.5659641414141414,2.432259793422951
PEI5mgmL_50°C_Abs.TXT,PEI5mgmL,50°C,Abs,569,1453.1799999999998,100.0,332530.0,5.99818320802005,3.5659325757575755,2.4322506322624746
PEI5mgmL_50°C_Abs.TXT,PEI5mgmL,50°C,Abs,570,1455.7800000000002,100.0,332530.0,5.998140852130326,3.5658997474747474,2.4322411046555783
PEI5mgmL_50°C_Abs.TXT,PEI5mgmL,50°C,Abs,571,1458.38,100.0,332530.0,5.998098496240601,3.5658669191919192,2.432231577048682
PEI5mgmL_50°C_Abs.TXT,PEI5mgmL,50°C,Abs,572,1461.2800000000002,100.0,332530.0,5.998051253132832,3.5658303030303027,2.4322209501025296
PEI5mgmL_50°C_Abs.TXT,PEI5mgmL,50°C,Abs,573,1463.6799999999998,100.0,332530.0,5.998012155388471,3.5658,2.4322121553884712
PEI5mgmL_50°C_Abs.TXT,PEI5mgmL,50°C,Abs,574,1466.2800000000002,100.0,332530.0,5.997969799498747,3.565770528967254,2.4321992705314925
PEI5mgmL_50°C_Abs.TXT,PEI5mgmL,50°C,Abs,575,1474.08,100.0,332530.0,5.997842731829574,3.5656821158690177,2.4321606159605564
PEI5mgmL_50°C_Abs.TXT,PEI5mgmL,50°C,Abs,576,1481.88,100.0,332530.0,5.997715664160401,3.565593702770781,2.43212196138962
PEI5mgmL_50°C_Abs.TXT,PEI5mgmL,50°C,Abs,577,1488.98,100.0,332530.0,5.9976,3.5655132241813603,2.43208677581864
PEI5mgmL_50°C_Abs.TXT,PEI5mgmL,50°C,Abs,578,1491.48,100.0,332530.0,5.997568434343434,3.565484886649874,2.4320835476935603
PEI5mgmL_50°C_Abs.TXT,PEI5mgmL,50°C,Abs,579,1494.2800000000002,100.0,332530.0,5.997533080808081,3.5654531486146097,2.432079932193471
PEI5mgmL_50°C_Abs.TXT,PEI5mgmL,50°C,Abs,580,1497.08,100.0,332530.0,5.9974977272727275,3.565421410579345,2.4320763166933825
PEI5mgmL_50°C_Abs.TXT,PEI5mgmL,50°C,Abs,581,1499.48,100.0,332530.0,5.997467424242425,3.565394206549118,2.4320732176933064
PEI5mgmL_50°C_Abs.TXT,PEI5mgmL,50°C,Abs,582,1502.1799999999998,100.0,332530.0,5.997433333333333,3.5653636020151134,2.43206973131822
PEI5mgmL_50°C_Abs.TXT,PEI5mgmL,50°C,Abs,583,1504.58,100.0,332530.0,5.997403030303031,3.5653363979848867,2.432066632318144
PEI5mgmL_50°C_Abs.TXT,PEI5mgmL,50°C,Abs,584,1507.1799999999998,100.0,332530.0,5.997370202020202,3.565306926952141,2.4320632750680615
PEI5mgmL_50°C_Abs.TXT,PEI5mgmL,50°C,Abs,585,1509.7800000000002,100.0,332530.0,5.997337373737374,3.5652774559193956,2.4320599178179787
PEI5mgmL_50°C_Abs.TXT,PEI5mgmL,50°C,Abs,586,1512.48,100.0,332530.0,5.997303282828283,3.5652468513853903,2.4320564314428927
PEI5mgmL_50°C_Abs.TXT,PEI5mgmL,50°C,Abs,587,1514.88,100.0,332530.0,5.99727297979798,3.5652196473551636,2.4320533324428166
PEI5mgmL_50°C_Abs.TXT,PEI5mgmL,50°C,Abs,588,1517.58,100.0,332530.0,5.997238888888889,3.565189042821159,2.4320498460677302
PEI5mgmL_50°C_Abs.TXT,PEI5mgmL,50°C,Abs,589,1519.98,100.0,332530.0,5.997208585858586,3.565161838790932,2.432046747067654
PEI5mgmL_50°C_Abs.TXT,PEI5mgmL,50°C,Abs,590,1522.7800000000002,100.0,332530.0,5.997173232323233,3.5651301007556677,2.432043131567565
PEI5mgmL_50°C_Abs.TXT,PEI5mgmL,50°C,Abs,591,1527.7800000000002,100.0,332530.0,5.997110101010101,3.5650734256926953,2.4320366753174056
PEI5mgmL_50°C_Abs.TXT,PEI5mgmL,50°C,Abs,592,1530.38,100.0,332530.0,5.997077272727273,3.56504395465995,2.432033318067323
PEI5mgmL_50°C_Abs.TXT,PEI5mgmL,50°C,Abs,593,1532.7800000000002,100.0,332530.0,5.99704696969697,3.5650167506297232,2.4320302190672467
PEI5mgmL_50°C_Abs.TXT,PEI5mgmL,50°C,Abs,594,1535.2800000000002,100.0,332530.0,5.997015404040404,3.564988413098237,2.432026990942167
PEI5mgmL_50°C_Abs.TXT,PEI5mgmL,50°C,Abs,595,1537.7800000000002,100.0,332530.0,5.996983838383838,3.5649600755667508,2.4320237628170873
PEI5mgmL_50°C_Abs.TXT,PEI5mgmL,50°C,Abs,596,1540.38,100.0,332530.0,5.99695101010101,3.564930604534005,2.432020405567005
PEI5mgmL_50°C_Abs.TXT,PEI5mgmL,50°C,Abs,597,1543.08,100.0,332530.0,5.99691691919192,3.5649,2.4320169191919194
PEI5mgmL_50°C_Abs.TXT,PEI5mgmL,50°C,Abs,598,1545.58,100.0,332530.0,5.996885353535354,3.564868233799238,2.432017119736116
PEI5mgmL_50°C_Abs.TXT,PEI5mgmL,50°C,Abs,599,1553.38,100.0,332530.0,5.996786868686868,3.564769123252859,2.4320177454340093
PEI5mgmL_50°C_Abs.TXT,PEI5mgmL,50°C,Abs,600,1561.48,100.0,332530.0,5.996684595959596,3.564666200762389,2.4320183951972068
PEI5mgmL_50°C_Abs.TXT,PEI5mgmL,50°C,Abs,601,1568.1799999999998,100.0,332530.0,5.9966,3.5645810673443457,2.4320189326556543
PEI5mgmL_50°C_Abs.TXT,PEI5mgmL,50°C,Abs,602,1570.7800000000002,100.0,332530.0,5.996563473818646,3.5645480304955526,2.432015443323093
PEI5mgmL_50°C_Abs.TXT,PEI5mgmL,50°C,Abs,603,1573.1799999999998,100.0,332530.0,5.99652975734355,3.564517534942821,2.4320122224007292
PEI5mgmL_50°C_Abs.TXT,PEI5mgmL,50°C,Abs,604,1576.1799999999998,100.0,332530.0,5.99648761174968,3.564479415501906,2.432008196247774
PEI5mgmL_50°C_Abs.TXT,PEI5mgmL,50°C,Abs,605,1578.6799999999998,100.0,332530.0,5.996452490421456,3.5644476493011434,2.4320048411203126
PEI5mgmL_50°C_Abs.TXT,PEI5mgmL,50°C,Abs,606,1581.2800000000002,100.0,332530.0,5.996415964240102,3.564414612452351,2.432001351787751
PEI5mgmL_50°C_Abs.TXT,PEI5mgmL,50°C,Abs,607,1583.7800000000002,100.0,332530.0,5.9963808429118775,3.5643828462515885,2.431997996660289
PEI5mgmL_50°C_Abs.TXT,PEI5mgmL,50°C,Abs,608,1586.2800000000002,100.0,332530.0,5.996345721583652,3.564351080050826,2.4319946415328264
PEI5mgmL_50°C_Abs.TXT,PEI5mgmL,50°C,Abs,609,1588.98,100.0,332530.0,5.99630779054917,3.5643167725540024,2.4319910179951676
PEI5mgmL_50°C_Abs.TXT,PEI5mgmL,50°C,Abs,610,1591.38,100.0,332530.0,5.996274074074074,3.5642862770012704,2.431987797072803
PEI5mgmL_50°C_Abs.TXT,PEI5mgmL,50°C,Abs,611,1594.08,100.0,332530.0,5.996236143039591,3.5642519695044474,2.431984173535144
PEI5mgmL_50°C_Abs.TXT,PEI5mgmL,50°C,Abs,612,1596.58,100.0,332530.0,5.996201021711366,3.5642202033036847,2.4319808184076814
PEI5mgmL_50°C_Abs.TXT,PEI5mgmL,50°C,Abs,613,1599.08,100.0,332530.0,5.996165900383142,3.5641884371029224,2.4319774632802194
PEI5mgmL_50°C_Abs.TXT,PEI5mgmL,50°C,Abs,614,1601.58,100.0,332530.0,5.9961307790549165,3.56415667090216,2.4319741081527564
PEI5mgmL_50°C_Abs.TXT,PEI5mgmL,50°C,Abs,615,1606.7800000000002,100.0,332530.0,5.996057726692209,3.5640905972045744,2.4319671294876346
PEI5mgmL_50°C_Abs.TXT,PEI5mgmL,50°C,Abs,616,1609.2800000000002,100.0,332530.0,5.996022605363985,3.5640588310038117,2.431963774360173
PEI5mgmL_50°C_Abs.TXT,PEI5mgmL,50°C,Abs,617,1611.6799999999998,100.0,332530.0,5.995988888888888,3.5640283354510798,2.4319605534378086
PEI5mgmL_50°C_Abs.TXT,PEI5mgmL,50°C,Abs,618,1614.2800000000002,100.0,332530.0,5.995952362707535,3.563995298602287,2.431957064105248
PEI5mgmL_50°C_Abs.TXT,PEI5mgmL,50°C,Abs,619,1616.7800000000002,100.0,332530.0,5.99591724137931,3.563963532401525,2.431953708977785
PEI5mgmL_50°C_Abs.TXT,PEI5mgmL,50°C,Abs,620,1619.38,100.0,332530.0,5.9958807151979565,3.563930495552732,2.4319502196452247
PEI5mgmL_50°C_Abs.TXT,PEI5mgmL,50°C,Abs,621,1621.7800000000002,100.0,332530.0,5.995846998722861,3.5639,2.4319469987228612
PEI5mgmL_50°C_Abs.TXT,PEI5mgmL,50°C,Abs,622,1624.38,100.0,332530.0,5.995810472541507,3.5638576441102754,2.4319528284312315
PEI5mgmL_50°C_Abs.TXT,PEI5mgmL,50°C,Abs,623,1632.08,100.0,332530.0,5.995702298850574,3.5637322055137846,2.4319700933367896
PEI5mgmL_50°C_Abs.TXT,PEI5mgmL,50°C,Abs,624,1639.98,100.0,332530.0,5.995591315453384,3.5636035087719296,2.431987806681455
PEI5mgmL_50°C_Abs.TXT,PEI5mgmL,50°C,Abs,625,1646.48,100.0,332530.0,5.9955,3.563497619047619,2.432002380952381
PEI5mgmL_50°C_Abs.TXT,PEI5mgmL,50°C,Abs,626,1649.2800000000002,100.0,332530.0,5.995472104607721,3.563452005012531,2.43202009959519
PEI5mgmL_50°C_Abs.TXT,PEI5mgmL,50°C,Abs,627,1651.6800000000003,100.0,332530.0,5.995448194271482,3.5634129072681704,2.4320352870033117
PEI5mgmL_50°C_Abs.TXT,PEI5mgmL,50°C,Abs,628,1654.48,100.0,332530.0,5.9954202988792025,3.5633672932330827,2.43205300564612
PEI5mgmL_50°C_Abs.TXT,PEI5mgmL,50°C,Abs,629,1656.98,100.0,332530.0,5.995395392278954,3.5633265664160403,2.4320688258629133
PEI5mgmL_50°C_Abs.TXT,PEI5mgmL,50°C,Abs,630,1659.7800000000002,100.0,332530.0,5.995367496886675,3.5632809523809525,2.4320865445057223
PEI5mgmL_50°C_Abs.TXT,PEI5mgmL,50°C,Abs,631,1662.2800000000002,100.0,332530.0,5.995342590286426,3.5632402255639097,2.432102364722516
PEI5mgmL_50°C_Abs.TXT,PEI5mgmL,50°C,Abs,632,1665.08,100.0,332530.0,5.995314694894147,3.563194611528822,2.432120083365325
PEI5mgmL_50°C_Abs.TXT,PEI5mgmL,50°C,Abs,633,1667.6800000000003,100.0,332530.0,5.995288792029887,3.563152255639098,2.4321365363907894
PEI5mgmL_50°C_Abs.TXT,PEI5mgmL,50°C,Abs,634,1670.38,100.0,332530.0,5.995261892901619,3.563108270676692,2.4321536222249267
PEI5mgmL_50°C_Abs.TXT,PEI5mgmL,50°C,Abs,635,1672.88,100.0,332530.0,5.99523698630137,3.563067543859649,2.4321694424417206
PEI5mgmL_50°C_Abs.TXT,PEI5mgmL,50°C,Abs,636,1675.7800000000002,100.0,332530.0,5.995208094645081,3.5630203007518797,2.4321877938932013
PEI5mgmL_50°C_Abs.TXT,PEI5mgmL,50°C,Abs,637,1678.2800000000002,100.0,332530.0,5.995183188044832,3.5629795739348373,2.4322036141099947
PEI5mgmL_50°C_Abs.TXT,PEI5mgmL,50°C,Abs,638,1681.08,100.0,332530.0,5.995155292652552,3.5629339598997496,2.432221332752803
PEI5mgmL_50°C_Abs.TXT,PEI5mgmL,50°C,Abs,639,1685.98,100.0,332530.0,5.995106475716065,3.562854135338346,2.4322523403777185
PEI5mgmL_50°C_Abs.TXT,PEI5mgmL,50°C,Abs,640,1688.7800000000002,100.0,332530.0,5.995078580323786,3.5628085213032583,2.4322700590205275
PEI5mgmL_50°C_Abs.TXT,PEI5mgmL,50°C,Abs,641,1691.1800000000003,100.0,332530.0,5.995054669987547,3.5627694235588976,2.4322852464286493
PEI5mgmL_50°C_Abs.TXT,PEI5mgmL,50°C,Abs,642,1693.7800000000002,100.0,332530.0,5.995028767123287,3.562727067669173,2.432301699454114
PEI5mgmL_50°C_Abs.TXT,PEI5mgmL,50°C,Abs,643,1696.48,100.0,332530.0,5.995001867995018,3.562683082706767,2.4323187852882513
PEI5mgmL_50°C_Abs.TXT,PEI5mgmL,50°C,Abs,644,1699.08,100.0,332530.0,5.9949759651307595,3.562640726817043,2.4323352383137165
PEI5mgmL_50°C_Abs.TXT,PEI5mgmL,50°C,Abs,645,1701.58,100.0,332530.0,5.994951058530511,3.5626,2.4323510585305104
PEI5mgmL_50°C_Abs.TXT,PEI5mgmL,50°C,Abs,646,1704.2800000000002,100.0,332530.0,5.994924159402242,3.562565779467681,2.432358379934561
PEI5mgmL_50°C_Abs.TXT,PEI5mgmL,50°C,Abs,647,1712.1800000000003,100.0,332530.0,5.994845454545454,3.5624656527249683,2.432379801820486
PEI5mgmL_50°C_Abs.TXT,PEI5mgmL,50°C,Abs,648,1719.88,100.0,332530.0,5.994768742216688,3.562368060836502,2.432400681380186
PEI5mgmL_50°C_Abs.TXT,PEI5mgmL,50°C,Abs,649,1726.7800000000002,100.0,332530.0,5.9947,3.562280608365019,2.4324193916349808
PEI5mgmL_50°C_Abs.TXT,PEI5mgmL,50°C,Abs,650,1729.2800000000002,100.0,332530.0,5.994671446700507,3.5622489226869454,2.4324225240135617
PEI5mgmL_50°C_Abs.TXT,PEI5mgmL,50°C,Abs,651,1731.6800000000003,100.0,332530.0,5.994644035532995,3.562218504435995,2.4324255310970004
PEI5mgmL_50°C_Abs.TXT,PEI5mgmL,50°C,Abs,652,1734.38,100.0,332530.0,5.994613197969543,3.5621842839036755,2.4324289140658677
PEI5mgmL_50°C_Abs.TXT,PEI5mgmL,50°C,Abs,653,1736.7800000000002,100.0,332530.0,5.9945857868020305,3.562153865652725,2.4324319211493055
PEI5mgmL_50°C_Abs.TXT,PEI5mgmL,50°C,Abs,654,1739.58,100.0,332530.0,5.994553807106599,3.5621183776932828,2.4324354294133164
PEI5mgmL_50°C_Abs.TXT,PEI5mgmL,50°C,Abs,655,1742.08,100.0,332530.0,5.994525253807106,3.562086692015209,2.4324385617918973
PEI5mgmL_50°C_Abs.TXT,PEI5mgmL,50°C,Abs,656,1744.58,100.0,332530.0,5.994496700507614,3.5620550063371357,2.4324416941704787
PEI5mgmL_50°C_Abs.TXT,PEI5mgmL,50°C,Abs,657,1747.2800000000002,100.0,332530.0,5.994465862944162,3.5620207858048163,2.432445077139346
PEI5mgmL_50°C_Abs.TXT,PEI5mgmL,50°C,Abs,658,1749.6800000000003,100.0,332530.0,5.99443845177665,3.5619903675538658,2.432448084222784
PEI5mgmL_50°C_Abs.TXT,PEI5mgmL,50°C,Abs,659,1752.48,100.0,332530.0,5.994406472081218,3.561954879594423,2.432451592486795
PEI5mgmL_50°C_Abs.TXT,PEI5mgmL,50°C,Abs,660,1755.08,100.0,332530.0,5.994376776649746,3.561921926489227,2.432454850160519
PEI5mgmL_50°C_Abs.TXT,PEI5mgmL,50°C,Abs,661,1757.7800000000002,100.0,332530.0,5.994345939086294,3.5618877059569076,2.4324582331293865
PEI5mgmL_50°C_Abs.TXT,PEI5mgmL,50°C,Abs,662,1760.38,100.0,332530.0,5.994316243654822,3.561854752851711,2.432461490803111
PEI5mgmL_50°C_Abs.TXT,PEI5mgmL,50°C,Abs,663,1765.48,100.0,332530.0,5.994257994923858,3.561790114068441,2.432467880855417
PEI5mgmL_50°C_Abs.TXT,PEI5mgmL,50°C,Abs,664,1767.98,100.0,332530.0,5.994229441624365,3.5617584283903674,2.432471013233998
PEI5mgmL_50°C_Abs.TXT,PEI5mgmL,50°C,Abs,665,1770.48,100.0,332530.0,5.994200888324873,3.561726742712294,2.4324741456125794
PEI5mgmL_50°C_Abs.TXT,PEI5mgmL,50°C,Abs,666,1772.98,100.0,332530.0,5.994172335025381,3.5616950570342203,2.4324772779911603
PEI5mgmL_50°C_Abs.TXT,PEI5mgmL,50°C,Abs,667,1775.48,100.0,332530.0,5.994143781725889,3.561663371356147,2.4324804103697417
PEI5mgmL_50°C_Abs.TXT,PEI5mgmL,50°C,Abs,668,1778.08,100.0,332530.0,5.994114086294417,3.5616304182509504,2.4324836680434663
PEI5mgmL_50°C_Abs.TXT,PEI5mgmL,50°C,Abs,669,1780.48,100.0,332530.0,5.994086675126904,3.5616,2.432486675126904
PEI5mgmL_50°C_Abs.TXT,PEI5mgmL,50°C,Abs,670,1783.08,100.0,332530.0,5.994056979695432,3.5615639344262293,2.4324930452692026
PEI5mgmL_50°C_Abs.TXT,PEI5mgmL,50°C,Abs,671,1790.7800000000002,100.0,332530.0,5.993969035532995,3.5614571248423705,2.4325119106906246
PEI5mgmL_50°C_Abs.TXT,PEI5mgmL,50°C,Abs,672,1798.38,100.0,332530.0,5.993882233502538,3.5613517023959647,2.4325305311065737
PEI5mgmL_50°C_Abs.TXT,PEI5mgmL,50°C,Abs,673,1805.58,100.0,332530.0,5.9938,3.5612518284993695,2.4325481715006307
PEI5mgmL_50°C_Abs.TXT,PEI5mgmL,50°C,Abs,674,1807.98,100.0,332530.0,5.993772623574145,3.5612185372005043,2.432554086373641
PEI5mgmL_50°C_Abs.TXT,PEI5mgmL,50°C,Abs,675,1810.7800000000002,100.0,332530.0,5.993740684410646,3.5611796973518284,2.432560987058818
PEI5mgmL_50°C_Abs.TXT,PEI5mgmL,50°C,Abs,676,1813.38,100.0,332530.0,5.99371102661597,3.561143631778058,2.4325673948379123
PEI5mgmL_50°C_Abs.TXT,PEI5mgmL,50°C,Abs,677,1815.7800000000002,100.0,332530.0,5.993683650190114,3.561110340479193,2.432573309710921
PEI5mgmL_50°C_Abs.TXT,PEI5mgmL,50°C,Abs,678,1818.48,100.0,332530.0,5.993652851711027,3.5610728877679696,2.4325799639430574
PEI5mgmL_50°C_Abs.TXT,PEI5mgmL,50°C,Abs,679,1820.88,100.0,332530.0,5.993625475285171,3.561039596469105,2.432585878816066
PEI5mgmL_50°C_Abs.TXT,PEI5mgmL,50°C,Abs,680,1823.58,100.0,332530.0,5.993594676806084,3.5610021437578814,2.4325925330482026
PEI5mgmL_50°C_Abs.TXT,PEI5mgmL,50°C,Abs,681,1826.1800000000003,100.0,332530.0,5.993565019011407,3.5609660781841113,2.4325989408272957
PEI5mgmL_50°C_Abs.TXT,PEI5mgmL,50°C,Abs,682,1828.6800000000003,100.0,332530.0,5.993536501901141,3.560931399747793,2.4326051021533477
PEI5mgmL_50°C_Abs.TXT,PEI5mgmL,50°C,Abs,683,1831.48,100.0,332530.0,5.993504562737643,3.5608925598991172,2.4326120028385256
PEI5mgmL_50°C_Abs.TXT,PEI5mgmL,50°C,Abs,684,1834.2800000000002,100.0,332530.0,5.993472623574145,3.5608537200504413,2.4326189035237036
PEI5mgmL_50°C_Abs.TXT,PEI5mgmL,50°C,Abs,685,1836.7800000000002,100.0,332530.0,5.993444106463878,3.5608190416141237,2.4326250648497543
PEI5mgmL_50°C_Abs.TXT,PEI5mgmL,50°C,Abs,686,1839.58,100.0,332530.0,5.99341216730038,3.5607802017654477,2.432631965534932
PEI5mgmL_50°C_Abs.TXT,PEI5mgmL,50°C,Abs,687,1844.48,100.0,332530.0,5.993356273764259,3.560712232030265,2.432644041733994
PEI5mgmL_50°C_Abs.TXT,PEI5mgmL,50°C,Abs,688,1846.98,100.0,332530.0,5.993327756653993,3.560677553593947,2.4326502030600454
PEI5mgmL_50°C_Abs.TXT,PEI5mgmL,50°C,Abs,689,1849.48,100.0,332530.0,5.993299239543727,3.5606428751576296,2.432656364386097
PEI5mgmL_50°C_Abs.TXT,PEI5mgmL,50°C,Abs,690,1851.88,100.0,332530.0,5.9932718631178705,3.5606095838587644,2.432662279259106
PEI5mgmL_50°C_Abs.TXT,PEI5mgmL,50°C,Abs,691,1854.58,100.0,332530.0,5.9932410646387835,3.5605721311475413,2.432668933491242
PEI5mgmL_50°C_Abs.TXT,PEI5mgmL,50°C,Abs,692,1857.1800000000003,100.0,332530.0,5.9932114068441065,3.560536065573771,2.4326753412703357
PEI5mgmL_50°C_Abs.TXT,PEI5mgmL,50°C,Abs,693,1859.7800000000002,100.0,332530.0,5.9931817490494295,3.5605,2.4326817490494292
PEI5mgmL_50°C_Abs.TXT,PEI5mgmL,50°C,Abs,694,1862.38,100.0,332530.0,5.9931520912547525,3.560463797468355,2.4326882937863976
PEI5mgmL_50°C_Abs.TXT,PEI5mgmL,50°C,Abs,695,1870.2800000000002,100.0,332530.0,5.993061977186311,3.5603537974683546,2.432708179717957
PEI5mgmL_50°C_Abs.TXT,PEI5mgmL,50°C,Abs,696,1877.98,100.0,332530.0,5.992974144486691,3.5602465822784812,2.43272756220821
PEI5mgmL_50°C_Abs.TXT,PEI5mgmL,50°C,Abs,697,1884.48,100.0,332530.0,5.9929,3.5601560759493673,2.4327439240506323
PEI5mgmL_50°C_Abs.TXT,PEI5mgmL,50°C,Abs,698,1886.98,100.0,332530.0,5.9928748427672955,3.560121265822785,2.4327535769445103
PEI5mgmL_50°C_Abs.TXT,PEI5mgmL,50°C,Abs,699,1889.48,100.0,332530.0,5.9928496855345905,3.5600864556962026,2.432763229838388
PEI5mgmL_50°C_Abs.TXT,PEI5mgmL,50°C,Abs,700,1891.88,100.0,332530.0,5.992825534591194,3.5600530379746838,2.4327724966165105
PEI5mgmL_50°C_Abs.TXT,PEI5mgmL,50°C,Abs,701,1894.2800000000002,100.0,332530.0,5.992801383647798,3.560019620253165,2.432781763394633
PEI5mgmL_50°C_Abs.TXT,PEI5mgmL,50°C,Abs,702,1896.98,100.0,332530.0,5.992774213836477,3.559982025316456,2.4327921885200214
PEI5mgmL_50°C_Abs.TXT,PEI5mgmL,50°C,Abs,703,1899.38,100.0,332530.0,5.992750062893082,3.559948607594937,2.432801455298145
PEI5mgmL_50°C_Abs.TXT,PEI5mgmL,50°C,Abs,704,1902.08,100.0,332530.0,5.992722893081761,3.559911012658228,2.4328118804235332
PEI5mgmL_50°C_Abs.TXT,PEI5mgmL,50°C,Abs,705,1904.6800000000003,100.0,332530.0,5.992696729559748,3.5598748101265825,2.4328219194331657
PEI5mgmL_50°C_Abs.TXT,PEI5mgmL,50°C,Abs,706,1907.48,100.0,332530.0,5.9926685534591195,3.55983582278481,2.4328327306743094
PEI5mgmL_50°C_Abs.TXT,PEI5mgmL,50°C,Abs,707,1909.98,100.0,332530.0,5.9926433962264145,3.559801012658228,2.4328423835681865
PEI5mgmL_50°C_Abs.TXT,PEI5mgmL,50°C,Abs,708,1912.7800000000002,100.0,332530.0,5.992615220125786,3.5597620253164557,2.43285319480933
PEI5mgmL_50°C_Abs.TXT,PEI5mgmL,50°C,Abs,709,1915.2800000000002,100.0,332530.0,5.992590062893082,3.5597272151898736,2.432862847703208
PEI5mgmL_50°C_Abs.TXT,PEI5mgmL,50°C,Abs,710,1918.08,100.0,332530.0,5.992561886792452,3.5596882278481012,2.432873658944351
PEI5mgmL_50°C_Abs.TXT,PEI5mgmL,50°C,Abs,711,1922.98,100.0,332530.0,5.992512578616352,3.5596200000000002,2.4328925786163516
PEI5mgmL_50°C_Abs.TXT,PEI5mgmL,50°C,Abs,712,1925.58,100.0,332530.0,5.99248641509434,3.5595837974683544,2.4329026176259854
PEI5mgmL_50°C_Abs.TXT,PEI5mgmL,50°C,Abs,713,1928.08,100.0,332530.0,5.992461257861635,3.5595489873417723,2.4329122705198625
PEI5mgmL_50°C_Abs.TXT,PEI5mgmL,50°C,Abs,714,1930.7800000000002,100.0,332530.0,5.992434088050314,3.559511392405063,2.4329226956452508
PEI5mgmL_50°C_Abs.TXT,PEI5mgmL,50°C,Abs,715,1933.48,100.0,332530.0,5.992406918238993,3.5594737974683546,2.4329331207706386
PEI5mgmL_50°C_Abs.TXT,PEI5mgmL,50°C,Abs,716,1936.2800000000002,100.0,332530.0,5.9923787421383645,3.5594348101265822,2.4329439320117823
PEI5mgmL_50°C_Abs.TXT,PEI5mgmL,50°C,Abs,717,1938.7800000000002,100.0,332530.0,5.99235358490566,3.5594,2.4329535849056603
PEI5mgmL_50°C_Abs.TXT,PEI5mgmL,50°C,Abs,718,1941.58,100.0,332530.0,5.992325408805031,3.559361160151324,2.4329642486537066
PEI5mgmL_50°C_Abs.TXT,PEI5mgmL,50°C,Abs,719,1949.48,100.0,332530.0,5.992245911949685,3.55925157629256,2.432994335657125
PEI5mgmL_50°C_Abs.TXT,PEI5mgmL,50°C,Abs,720,1957.08,100.0,332530.0,5.992169433962264,3.5591461538461537,2.4330232801161102
PEI5mgmL_50°C_Abs.TXT,PEI5mgmL,50°C,Abs,721,1963.98,100.0,332530.0,5.9921,3.559050441361917,2.433049558638083
PEI5mgmL_50°C_Abs.TXT,PEI5mgmL,50°C,Abs,722,1966.48,100.0,332530.0,5.9920682337992375,3.559015762925599,2.4330524708736383
PEI5mgmL_50°C_Abs.TXT,PEI5mgmL,50°C,Abs,723,1968.88,100.0,332530.0,5.9920377382465055,3.558982471626734,2.4330552666197716
PEI5mgmL_50°C_Abs.TXT,PEI5mgmL,50°C,Abs,724,1971.48,100.0,332530.0,5.992004701397713,3.5589464060529634,2.4330582953447495
PEI5mgmL_50°C_Abs.TXT,PEI5mgmL,50°C,Abs,725,1973.88,100.0,332530.0,5.991974205844981,3.558913114754098,2.4330610910908828
PEI5mgmL_50°C_Abs.TXT,PEI5mgmL,50°C,Abs,726,1976.58,100.0,332530.0,5.991939898348157,3.558875662042875,2.433064236305282
PEI5mgmL_50°C_Abs.TXT,PEI5mgmL,50°C,Abs,727,1979.08,100.0,332530.0,5.991908132147395,3.5588409836065575,2.4330671485408373
PEI5mgmL_50°C_Abs.TXT,PEI5mgmL,50°C,Abs,728,1981.58,100.0,332530.0,5.9918763659466325,3.55880630517024,2.4330700607763927
PEI5mgmL_50°C_Abs.TXT,PEI5mgmL,50°C,Abs,729,1984.2800000000002,100.0,332530.0,5.9918420584498095,3.5587688524590164,2.433073205990793
PEI5mgmL_50°C_Abs.TXT,PEI5mgmL,50°C,Abs,730,1986.7800000000002,100.0,332530.0,5.991810292249047,3.5587341740226988,2.4330761182263485
PEI5mgmL_50°C_Abs.TXT,PEI5mgmL,50°C,Abs,731,1989.38,100.0,332530.0,5.991777255400254,3.558698108448928,2.4330791469513255
PEI5mgmL_50°C_Abs.TXT,PEI5mgmL,50°C,Abs,732,1991.98,100.0,332530.0,5.991744218551461,3.5586620428751576,2.4330821756763035
PEI5mgmL_50°C_Abs.TXT,PEI5mgmL,50°C,Abs,733,1994.38,100.0,332530.0,5.991713722998729,3.5586287515762924,2.4330849714224367
PEI5mgmL_50°C_Abs.TXT,PEI5mgmL,50°C,Abs,734,1997.08,100.0,332530.0,5.991679415501906,3.5585912988650694,2.4330881166368368
PEI5mgmL_50°C_Abs.TXT,PEI5mgmL,50°C,Abs,735,2002.2800000000002,100.0,332530.0,5.99161334180432,3.5585191677175283,2.4330941740867917
PEI5mgmL_50°C_Abs.TXT,PEI5mgmL,50°C,Abs,736,2004.7800000000002,100.0,332530.0,5.991581575603558,3.5584844892812106,2.433097086322347
PEI5mgmL_50°C_Abs.TXT,PEI5mgmL,50°C,Abs,737,2007.2800000000002,100.0,332530.0,5.9915498094027955,3.558449810844893,2.4330999985579025
PEI5mgmL_50°C_Abs.TXT,PEI5mgmL,50°C,Abs,738,2009.98,100.0,332530.0,5.9915155019059725,3.5584123581336695,2.433103143772303
PEI5mgmL_50°C_Abs.TXT,PEI5mgmL,50°C,Abs,739,2012.7800000000002,100.0,332530.0,5.991479923761118,3.5583735182849936,2.4331064054761247
PEI5mgmL_50°C_Abs.TXT,PEI5mgmL,50°C,Abs,740,2015.48,100.0,332530.0,5.991445616264295,3.5583360655737706,2.4331095506905247
PEI5mgmL_50°C_Abs.TXT,PEI5mgmL,50°C,Abs,741,2018.08,100.0,332530.0,5.991412579415502,3.5583,2.4331125794155017
PEI5mgmL_50°C_Abs.TXT,PEI5mgmL,50°C,Abs,742,2020.6800000000003,100.0,332530.0,5.991379542566709,3.558263659466328,2.433115883100381
PEI5mgmL_50°C_Abs.TXT,PEI5mgmL,50°C,Abs,743,2028.38,100.0,332530.0,5.991281702668361,3.5581560355781447,2.433125667090216
PEI5mgmL_50°C_Abs.TXT,PEI5mgmL,50°C,Abs,744,2036.08,100.0,332530.0,5.991183862770013,3.558048411689962,2.433135451080051
PEI5mgmL_50°C_Abs.TXT,PEI5mgmL,50°C,Abs,745,2042.6800000000003,100.0,332530.0,5.9911,3.557956162642948,2.4331438373570524
PEI5mgmL_50°C_Abs.TXT,PEI5mgmL,50°C,Abs,746,2045.1800000000003,100.0,332530.0,5.991071554993679,3.5579212198221093,2.43315033517157
PEI5mgmL_50°C_Abs.TXT,PEI5mgmL,50°C,Abs,747,2047.7800000000002,100.0,332530.0,5.991041972187105,3.557884879288437,2.433157092898668
PEI5mgmL_50°C_Abs.TXT,PEI5mgmL,50°C,Abs,748,2050.28,100.0,332530.0,5.991013527180784,3.5578499364675986,2.4331635907131854
PEI5mgmL_50°C_Abs.TXT,PEI5mgmL,50°C,Abs,749,2052.6800000000003,100.0,332530.0,5.990986219974716,3.5578163913595935,2.4331698286151227
PEI5mgmL_50°C_Abs.TXT,PEI5mgmL,50°C,Abs,750,2055.48,100.0,332530.0,5.990954361567636,3.557777255400254,2.4331771061673817
PEI5mgmL_50°C_Abs.TXT,PEI5mgmL,50°C,Abs,751,2057.98,100.0,332530.0,5.990925916561315,3.5577423125794154,2.4331836039818993
PEI5mgmL_50°C_Abs.TXT,PEI5mgmL,50°C,Abs,752,2060.58,100.0,332530.0,5.990896333754741,3.5577059720457433,2.433190361708998
PEI5mgmL_50°C_Abs.TXT,PEI5mgmL,50°C,Abs,753,2063.1800000000003,100.0,332530.0,5.990866750948167,3.5576696315120713,2.433197119436096
PEI5mgmL_50°C_Abs.TXT,PEI5mgmL,50°C,Abs,754,2065.88,100.0,332530.0,5.99083603034134,3.5576318932655653,2.4332041370757747
PEI5mgmL_50°C_Abs.TXT,PEI5mgmL,50°C,Abs,755,2068.28,100.0,332530.0,5.990808723135272,3.55759834815756,2.433210374977712
PEI5mgmL_50°C_Abs.TXT,PEI5mgmL,50°C,Abs,756,2070.88,100.0,332530.0,5.990779140328698,3.557562007623888,2.4332171327048098
PEI5mgmL_50°C_Abs.TXT,PEI5mgmL,50°C,Abs,757,2073.48,100.0,332530.0,5.990749557522124,3.557525667090216,2.4332238904319077
PEI5mgmL_50°C_Abs.TXT,PEI5mgmL,50°C,Abs,758,2076.08,100.0,332530.0,5.99071997471555,3.557489326556544,2.4332306481590065
PEI5mgmL_50°C_Abs.TXT,PEI5mgmL,50°C,Abs,759,2081.1800000000003,100.0,332530.0,5.990661946902655,3.557418043202033,2.4332439037006224
PEI5mgmL_50°C_Abs.TXT,PEI5mgmL,50°C,Abs,760,2083.58,100.0,332530.0,5.990634639696586,3.5573844980940277,2.4332501416025587
PEI5mgmL_50°C_Abs.TXT,PEI5mgmL,50°C,Abs,761,2086.28,100.0,332530.0,5.99060391908976,3.557346759847522,2.433257159242238
PEI5mgmL_50°C_Abs.TXT,PEI5mgmL,50°C,Abs,762,2088.6800000000003,100.0,332530.0,5.990576611883691,3.557313214739517,2.433263397144174
PEI5mgmL_50°C_Abs.TXT,PEI5mgmL,50°C,Abs,763,2091.48,100.0,332530.0,5.990544753476612,3.557274078780178,2.4332706746964337
PEI5mgmL_50°C_Abs.TXT,PEI5mgmL,50°C,Abs,764,2094.08,100.0,332530.0,5.9905151706700375,3.5572377382465055,2.433277432423532
PEI5mgmL_50°C_Abs.TXT,PEI5mgmL,50°C,Abs,765,2096.78,100.0,332530.0,5.990484450063211,3.5572,2.433284450063211
PEI5mgmL_50°C_Abs.TXT,PEI5mgmL,50°C,Abs,766,2099.38,100.0,332530.0,5.990454867256637,3.5571603557814484,2.4332945114751885
PEI5mgmL_50°C_Abs.TXT,PEI5mgmL,50°C,Abs,767,2107.1800000000003,100.0,332530.0,5.990366118836915,3.5570414231257943,2.433324695711121
PEI5mgmL_50°C_Abs.TXT,PEI5mgmL,50°C,Abs,768,2115.1800000000003,100.0,332530.0,5.990275094816687,3.5569194409148666,2.433355653901821
PEI5mgmL_50°C_Abs.TXT,PEI5mgmL,50°C,Abs,769,2121.78,100.0,332530.0,5.9902,3.556818805590851,2.4333811944091486
PEI5mgmL_50°C_Abs.TXT,PEI5mgmL,50°C,Abs,770,2124.58,100.0,332530.0,5.990175,3.5567761118170265,2.4333988881829733
PEI5mgmL_50°C_Abs.TXT,PEI5mgmL,50°C,Abs,771,2127.08,100.0,332530.0,5.9901526785714285,3.556737992376112,2.4334146861953165
PEI5mgmL_50°C_Abs.TXT,PEI5mgmL,50°C,Abs,772,2129.48,100.0,332530.0,5.99013125,3.5567013977128337,2.4334298522871665
PEI5mgmL_50°C_Abs.TXT,PEI5mgmL,50°C,Abs,773,2131.98,100.0,332530.0,5.990108928571428,3.5566632782719187,2.433445650299509
PEI5mgmL_50°C_Abs.TXT,PEI5mgmL,50°C,Abs,774,2134.58,100.0,332530.0,5.990085714285714,3.5566236340533672,2.4334620802323466
PEI5mgmL_50°C_Abs.TXT,PEI5mgmL,50°C,Abs,775,2137.28,100.0,332530.0,5.990061607142857,3.556582465057179,2.4334791420856776
PEI5mgmL_50°C_Abs.TXT,PEI5mgmL,50°C,Abs,776,2139.78,100.0,332530.0,5.9900392857142855,3.556544345616264,2.4334949400980213
PEI5mgmL_50°C_Abs.TXT,PEI5mgmL,50°C,Abs,777,2142.38,100.0,332530.0,5.990016071428571,3.5565047013977127,2.4335113700308586
PEI5mgmL_50°C_Abs.TXT,PEI5mgmL,50°C,Abs,778,2144.78,100.0,332530.0,5.989994642857143,3.5564681067344344,2.4335265361227085
PEI5mgmL_50°C_Abs.TXT,PEI5mgmL,50°C,Abs,779,2147.28,100.0,332530.0,5.989972321428571,3.55642998729352,2.433542334135051
PEI5mgmL_50°C_Abs.TXT,PEI5mgmL,50°C,Abs,780,2149.98,100.0,332530.0,5.989948214285714,3.5563888182973318,2.433559395988382
PEI5mgmL_50°C_Abs.TXT,PEI5mgmL,50°C,Abs,781,2152.48,100.0,332530.0,5.989925892857142,3.556350698856417,2.4335751940007255
PEI5mgmL_50°C_Abs.TXT,PEI5mgmL,50°C,Abs,782,2155.08,100.0,332530.0,5.989902678571428,3.5563110546378653,2.433591623933563
PEI5mgmL_50°C_Abs.TXT,PEI5mgmL,50°C,Abs,783,2160.08,100.0,332530.0,5.989858035714286,3.5562348157560355,2.43362321995825
PEI5mgmL_50°C_Abs.TXT,PEI5mgmL,50°C,Abs,784,2162.78,100.0,332530.0,5.989833928571429,3.5561936467598474,2.433640281811581
PEI5mgmL_50°C_Abs.TXT,PEI5mgmL,50°C,Abs,785,2165.1800000000003,100.0,332530.0,5.989812499999999,3.556157052096569,2.4336554479034302
PEI5mgmL_50°C_Abs.TXT,PEI5mgmL,50°C,Abs,786,2167.58,100.0,332530.0,5.989791071428571,3.556120457433291,2.4336706139952797
PEI5mgmL_50°C_Abs.TXT,PEI5mgmL,50°C,Abs,787,2170.1800000000003,100.0,332530.0,5.989767857142857,3.5560808132147397,2.433687043928117
PEI5mgmL_50°C_Abs.TXT,PEI5mgmL,50°C,Abs,788,2172.78,100.0,332530.0,5.989744642857143,3.556041168996188,2.4337034738609544
PEI5mgmL_50°C_Abs.TXT,PEI5mgmL,50°C,Abs,789,2175.48,100.0,332530.0,5.9897205357142855,3.556,2.4337205357142855
PEI5mgmL_50°C_Abs.TXT,PEI5mgmL,50°C,Abs,790,2177.98,100.0,332530.0,5.989698214285714,3.555968152866242,2.4337300614194723
PEI5mgmL_50°C_Abs.TXT,PEI5mgmL,50°C,Abs,791,2185.58,100.0,332530.0,5.989630357142857,3.555871337579618,2.433759019563239
PEI5mgmL_50°C_Abs.TXT,PEI5mgmL,50°C,Abs,792,2193.58,100.0,332530.0,5.989558928571428,3.5557694267515925,2.433789501819836
PEI5mgmL_50°C_Abs.TXT,PEI5mgmL,50°C,Abs,793,2200.1800000000003,100.0,332530.0,5.9895,3.5556853503184715,2.433814649681528
PEI5mgmL_50°C_Abs.TXT,PEI5mgmL,50°C,Abs,794,2202.58,100.0,332530.0,5.989472413793103,3.555654777070064,2.433817636723039
PEI5mgmL_50°C_Abs.TXT,PEI5mgmL,50°C,Abs,795,2205.28,100.0,332530.0,5.989441379310344,3.555620382165605,2.433820997144739
PEI5mgmL_50°C_Abs.TXT,PEI5mgmL,50°C,Abs,796,2207.78,100.0,332530.0,5.98941264367816,3.555588535031847,2.4338241086463133
PEI5mgmL_50°C_Abs.TXT,PEI5mgmL,50°C,Abs,797,2210.28,100.0,332530.0,5.989383908045976,3.5555566878980893,2.433827220147887
PEI5mgmL_50°C_Abs.TXT,PEI5mgmL,50°C,Abs,798,2212.98,100.0,332530.0,5.989352873563218,3.5555222929936305,2.433830580569588
PEI5mgmL_50°C_Abs.TXT,PEI5mgmL,50°C,Abs,799,2215.38,100.0,332530.0,5.989325287356322,3.555491719745223,2.433833567611099
PEI5mgmL_50°C_Abs.TXT,PEI5mgmL,50°C,Abs,800,2218.08,100.0,332530.0,5.989294252873563,3.5554573248407646,2.4338369280327985
PEI5mgmL_50°C_Abs.TXT,PEI5mgmL,50°C,Abs,801,2220.58,100.0,332530.0,5.989265517241379,3.5554254777070065,2.4338400395343727
PEI5mgmL_50°C_Abs.TXT,PEI5mgmL,50°C,Abs,802,2223.08,100.0,332530.0,5.989236781609195,3.5553936305732483,2.433843151035947
PEI5mgmL_50°C_Abs.TXT,PEI5mgmL,50°C,Abs,803,2225.6800000000003,100.0,332530.0,5.989206896551724,3.55536050955414,2.4338463869975837
PEI5mgmL_50°C_Abs.TXT,PEI5mgmL,50°C,Abs,804,2228.28,100.0,332530.0,5.989177011494252,3.555327388535032,2.4338496229592206
PEI5mgmL_50°C_Abs.TXT,PEI5mgmL,50°C,Abs,805,2230.98,100.0,332530.0,5.989145977011494,3.5552929936305735,2.43385298338092
PEI5mgmL_50°C_Abs.TXT,PEI5mgmL,50°C,Abs,806,2233.48,100.0,332530.0,5.98911724137931,3.5552611464968153,2.4338560948824943
PEI5mgmL_50°C_Abs.TXT,PEI5mgmL,50°C,Abs,807,2238.58,100.0,332530.0,5.989058620689655,3.555196178343949,2.4338624423457063
PEI5mgmL_50°C_Abs.TXT,PEI5mgmL,50°C,Abs,808,2241.1800000000003,100.0,332530.0,5.989028735632184,3.5551630573248407,2.433865678307343
PEI5mgmL_50°C_Abs.TXT,PEI5mgmL,50°C,Abs,809,2243.98,100.0,332530.0,5.988996551724138,3.555127388535032,2.433869163189106
PEI5mgmL_50°C_Abs.TXT,PEI5mgmL,50°C,Abs,810,2246.38,100.0,332530.0,5.988968965517241,3.5550968152866242,2.433872150230617
PEI5mgmL_50°C_Abs.TXT,PEI5mgmL,50°C,Abs,811,2248.98,100.0,332530.0,5.98893908045977,3.555063694267516,2.4338753861922537
PEI5mgmL_50°C_Abs.TXT,PEI5mgmL,50°C,Abs,812,2251.58,100.0,332530.0,5.988909195402298,3.5550305732484078,2.4338786221538906
PEI5mgmL_50°C_Abs.TXT,PEI5mgmL,50°C,Abs,813,2253.98,100.0,332530.0,5.988881609195402,3.555,2.4338816091954016
PEI5mgmL_50°C_Abs.TXT,PEI5mgmL,50°C,Abs,814,2256.58,100.0,332530.0,5.98885172413793,3.554963566878981,2.4338881572589495
PEI5mgmL_50°C_Abs.TXT,PEI5mgmL,50°C,Abs,815,2264.1800000000003,100.0,332530.0,5.988764367816092,3.5548570700636946,2.4339072977523974
PEI5mgmL_50°C_Abs.TXT,PEI5mgmL,50°C,Abs,816,2271.78,100.0,332530.0,5.988677011494253,3.5547505732484077,2.433926438245845
PEI5mgmL_50°C_Abs.TXT,PEI5mgmL,50°C,Abs,817,2278.48,100.0,332530.0,5.9886,3.554656687898089,2.4339433121019107
PEI5mgmL_50°C_Abs.TXT,PEI5mgmL,50°C,Abs,818,2281.08,100.0,332530.0,5.988580327868853,3.55462025477707,2.4339600730917827
PEI5mgmL_50°C_Abs.TXT,PEI5mgmL,50°C,Abs,819,2283.58,100.0,332530.0,5.988561412358133,3.5545852229299366,2.4339761894281966
PEI5mgmL_50°C_Abs.TXT,PEI5mgmL,50°C,Abs,820,2286.28,100.0,332530.0,5.9885409836065575,3.554547388535032,2.4339935950715255
PEI5mgmL_50°C_Abs.TXT,PEI5mgmL,50°C,Abs,821,2288.78,100.0,332530.0,5.988522068095839,3.5545123566878982,2.4340097114079406
PEI5mgmL_50°C_Abs.TXT,PEI5mgmL,50°C,Abs,822,2291.28,100.0,332530.0,5.98850315258512,3.5544773248407644,2.434025827744356
PEI5mgmL_50°C_Abs.TXT,PEI5mgmL,50°C,Abs,823,2293.98,100.0,332530.0,5.988482723833544,3.55443949044586,2.434043233387684
PEI5mgmL_50°C_Abs.TXT,PEI5mgmL,50°C,Abs,824,2296.48,100.0,332530.0,5.988463808322825,3.554404458598726,2.434059349724099
PEI5mgmL_50°C_Abs.TXT,PEI5mgmL,50°C,Abs,825,2299.28,100.0,332530.0,5.98844262295082,3.5543652229299365,2.4340774000208834
PEI5mgmL_50°C_Abs.TXT,PEI5mgmL,50°C,Abs,826,2301.6800000000003,100.0,332530.0,5.98842446406053,3.554331592356688,2.4340928717038417
PEI5mgmL_50°C_Abs.TXT,PEI5mgmL,50°C,Abs,827,2304.38,100.0,332530.0,5.988404035308953,3.5542937579617835,2.4341102773471697
PEI5mgmL_50°C_Abs.TXT,PEI5mgmL,50°C,Abs,828,2306.98,100.0,332530.0,5.988384363177806,3.5542573248407643,2.4341270383370417
PEI5mgmL_50°C_Abs.TXT,PEI5mgmL,50°C,Abs,829,2309.38,100.0,332530.0,5.988366204287516,3.554223694267516,2.43414251002
PEI5mgmL_50°C_Abs.TXT,PEI5mgmL,50°C,Abs,830,2311.98,100.0,332530.0,5.988346532156369,3.554187261146497,2.4341592710098716
PEI5mgmL_50°C_Abs.TXT,PEI5mgmL,50°C,Abs,831,2317.28,100.0,332530.0,5.988306431273645,3.5541129936305733,2.4341934376430716
PEI5mgmL_50°C_Abs.TXT,PEI5mgmL,50°C,Abs,832,2319.6800000000003,100.0,332530.0,5.988288272383355,3.554079363057325,2.43420890932603
PEI5mgmL_50°C_Abs.TXT,PEI5mgmL,50°C,Abs,833,2322.1800000000003,100.0,332530.0,5.988269356872636,3.554044331210191,2.434225025662445
PEI5mgmL_50°C_Abs.TXT,PEI5mgmL,50°C,Abs,834,2324.78,100.0,332530.0,5.988249684741488,3.554007898089172,2.4342417866523163
PEI5mgmL_50°C_Abs.TXT,PEI5mgmL,50°C,Abs,835,2327.28,100.0,332530.0,5.9882307692307695,3.5539728662420385,2.434257902988731
PEI5mgmL_50°C_Abs.TXT,PEI5mgmL,50°C,Abs,836,2329.98,100.0,332530.0,5.988210340479193,3.553935031847134,2.434275308632059
PEI5mgmL_50°C_Abs.TXT,PEI5mgmL,50°C,Abs,837,2332.48,100.0,332530.0,5.988191424968474,3.5539,2.434291424968474
PEI5mgmL_50°C_Abs.TXT,PEI5mgmL,50°C,Abs,838,2335.38,100.0,332530.0,5.988169482976041,3.5538562264150944,2.434313256560946
PEI5mgmL_50°C_Abs.TXT,PEI5mgmL,50°C,Abs,839,2343.1800000000003,100.0,332530.0,5.988110466582598,3.5537384905660376,2.4343719760165605
PEI5mgmL_50°C_Abs.TXT,PEI5mgmL,50°C,Abs,840,2351.08,100.0,332530.0,5.988050693568726,3.553619245283019,2.4344314482857072
PEI5mgmL_50°C_Abs.TXT,PEI5mgmL,50°C,Abs,841,2357.78,100.0,332530.0,5.988,3.5535181132075473,2.434481886792453
PEI5mgmL_50°C_Abs.TXT,PEI5mgmL,50°C,Abs,842,2360.28,100.0,332530.0,5.987980988593156,3.5534803773584906,2.4345006112346654
PEI5mgmL_50°C_Abs.TXT,PEI5mgmL,50°C,Abs,843,2362.98,100.0,332530.0,5.987960456273765,3.5534396226415095,2.4345208336322552
PEI5mgmL_50°C_Abs.TXT,PEI5mgmL,50°C,Abs,844,2365.48,100.0,332530.0,5.98794144486692,3.553401886792453,2.4345395580744675
PEI5mgmL_50°C_Abs.TXT,PEI5mgmL,50°C,Abs,845,2367.88,100.0,332530.0,5.98792319391635,3.5533656603773585,2.4345575335389915
PEI5mgmL_50°C_Abs.TXT,PEI5mgmL,50°C,Abs,846,2370.48,100.0,332530.0,5.987903422053233,3.5533264150943396,2.434577006958893
PEI5mgmL_50°C_Abs.TXT,PEI5mgmL,50°C,Abs,847,2372.98,100.0,332530.0,5.987884410646388,3.5532886792452834,2.434595731401105
PEI5mgmL_50°C_Abs.TXT,PEI5mgmL,50°C,Abs,848,2375.48,100.0,332530.0,5.987865399239544,3.5532509433962267,2.434614455843317
PEI5mgmL_50°C_Abs.TXT,PEI5mgmL,50°C,Abs,849,2378.28,100.0,332530.0,5.9878441064638785,3.5532086792452833,2.4346354272185953
PEI5mgmL_50°C_Abs.TXT,PEI5mgmL,50°C,Abs,850,2381.08,100.0,332530.0,5.987822813688213,3.55316641509434,2.4346563985938734
PEI5mgmL_50°C_Abs.TXT,PEI5mgmL,50°C,Abs,851,2383.48,100.0,332530.0,5.987804562737643,3.5531301886792455,2.4346743740583974
PEI5mgmL_50°C_Abs.TXT,PEI5mgmL,50°C,Abs,852,2386.28,100.0,332530.0,5.9877832699619775,3.553087924528302,2.4346953454336755
PEI5mgmL_50°C_Abs.TXT,PEI5mgmL,50°C,Abs,853,2388.78,100.0,332530.0,5.987764258555133,3.5530501886792454,2.434714069875888
PEI5mgmL_50°C_Abs.TXT,PEI5mgmL,50°C,Abs,854,2391.28,100.0,332530.0,5.987745247148289,3.5530124528301887,2.4347327943181
PEI5mgmL_50°C_Abs.TXT,PEI5mgmL,50°C,Abs,855,2396.38,100.0,332530.0,5.987706463878327,3.552935471698113,2.434770992180214
PEI5mgmL_50°C_Abs.TXT,PEI5mgmL,50°C,Abs,856,2399.08,100.0,332530.0,5.987685931558936,3.5528947169811325,2.4347912145778032
PEI5mgmL_50°C_Abs.TXT,PEI5mgmL,50°C,Abs,857,2401.48,100.0,332530.0,5.987667680608365,3.552858490566038,2.434809190042327
PEI5mgmL_50°C_Abs.TXT,PEI5mgmL,50°C,Abs,858,2403.98,100.0,332530.0,5.987648669201521,3.5528207547169814,2.4348279144845395
PEI5mgmL_50°C_Abs.TXT,PEI5mgmL,50°C,Abs,859,2406.78,100.0,332530.0,5.987627376425856,3.552778490566038,2.4348488858598176
PEI5mgmL_50°C_Abs.TXT,PEI5mgmL,50°C,Abs,860,2409.48,100.0,332530.0,5.987606844106464,3.552737735849057,2.4348691082574074
PEI5mgmL_50°C_Abs.TXT,PEI5mgmL,50°C,Abs,861,2411.98,100.0,332530.0,5.98758783269962,3.5527,2.4348878326996197
PEI5mgmL_50°C_Abs.TXT,PEI5mgmL,50°C,Abs,862,2414.58,100.0,332530.0,5.9875680608365025,3.552670304568528,2.4348977562679743
PEI5mgmL_50°C_Abs.TXT,PEI5mgmL,50°C,Abs,863,2422.28,100.0,332530.0,5.987509505703422,3.5525823604060913,2.434927145297331
PEI5mgmL_50°C_Abs.TXT,PEI5mgmL,50°C,Abs,864,2430.08,100.0,332530.0,5.987450190114068,3.5524932741116753,2.434956916002393
PEI5mgmL_50°C_Abs.TXT,PEI5mgmL,50°C,Abs,865,2436.6800000000003,100.0,332530.0,5.9874,3.5524178934010155,2.4349821065989845
PEI5mgmL_50°C_Abs.TXT,PEI5mgmL,50°C,Abs,866,2439.08,100.0,332530.0,5.987363544303798,3.552390482233503,2.434973062070295
PEI5mgmL_50°C_Abs.TXT,PEI5mgmL,50°C,Abs,867,2441.88,100.0,332530.0,5.987321012658228,3.552358502538071,2.434962510120157
PEI5mgmL_50°C_Abs.TXT,PEI5mgmL,50°C,Abs,868,2444.38,100.0,332530.0,5.9872830379746835,3.5523299492385787,2.434953088736105
PEI5mgmL_50°C_Abs.TXT,PEI5mgmL,50°C,Abs,869,2447.1800000000003,100.0,332530.0,5.987240506329114,3.5522979695431474,2.4349425367859663
PEI5mgmL_50°C_Abs.TXT,PEI5mgmL,50°C,Abs,870,2449.6800000000003,100.0,332530.0,5.987202531645569,3.552269416243655,2.4349331154019143
PEI5mgmL_50°C_Abs.TXT,PEI5mgmL,50°C,Abs,871,2452.48,100.0,332530.0,5.98716,3.5522374365482237,2.4349225634517766
PEI5mgmL_50°C_Abs.TXT,PEI5mgmL,50°C,Abs,872,2455.08,100.0,332530.0,5.987120506329114,3.552207741116751,2.4349127652123626
PEI5mgmL_50°C_Abs.TXT,PEI5mgmL,50°C,Abs,873,2457.78,100.0,332530.0,5.987079493670886,3.5521769035532995,2.4349025901175865
PEI5mgmL_50°C_Abs.TXT,PEI5mgmL,50°C,Abs,874,2460.28,100.0,332530.0,5.987041518987342,3.552148350253807,2.4348931687335345
PEI5mgmL_50°C_Abs.TXT,PEI5mgmL,50°C,Abs,875,2462.78,100.0,332530.0,5.987003544303797,3.552119796954315,2.4348837473494824
PEI5mgmL_50°C_Abs.TXT,PEI5mgmL,50°C,Abs,876,2465.58,100.0,332530.0,5.986961012658228,3.5520878172588835,2.4348731953993448
PEI5mgmL_50°C_Abs.TXT,PEI5mgmL,50°C,Abs,877,2467.98,100.0,332530.0,5.986924556962025,3.5520604060913707,2.4348641508706543
PEI5mgmL_50°C_Abs.TXT,PEI5mgmL,50°C,Abs,878,2470.58,100.0,332530.0,5.9868850632911395,3.5520307106598987,2.4348543526312407
PEI5mgmL_50°C_Abs.TXT,PEI5mgmL,50°C,Abs,879,2475.78,100.0,332530.0,5.986806075949367,3.5519713197969542,2.434834756152413
PEI5mgmL_50°C_Abs.TXT,PEI5mgmL,50°C,Abs,880,2478.1800000000003,100.0,332530.0,5.986769620253165,3.5519439086294415,2.4348257116237235
PEI5mgmL_50°C_Abs.TXT,PEI5mgmL,50°C,Abs,881,2480.58,100.0,332530.0,5.986733164556962,3.551916497461929,2.434816667095033
PEI5mgmL_50°C_Abs.TXT,PEI5mgmL,50°C,Abs,882,2483.28,100.0,332530.0,5.986692151898734,3.551885659898477,2.434806492000257
PEI5mgmL_50°C_Abs.TXT,PEI5mgmL,50°C,Abs,883,2485.78,100.0,332530.0,5.98665417721519,3.551857106598985,2.434797070616205
PEI5mgmL_50°C_Abs.TXT,PEI5mgmL,50°C,Abs,884,2488.38,100.0,332530.0,5.986614683544304,3.5518274111675128,2.4347872723767914
PEI5mgmL_50°C_Abs.TXT,PEI5mgmL,50°C,Abs,885,2490.78,100.0,332530.0,5.986578227848101,3.5518,2.434778227848101
PEI5mgmL_50°C_Abs.TXT,PEI5mgmL,50°C,Abs,886,2493.38,100.0,332530.0,5.986538734177215,3.551763659466328,2.4347750747108874
PEI5mgmL_50°C_Abs.TXT,PEI5mgmL,50°C,Abs,887,2501.28,100.0,332530.0,5.9864187341772155,3.551653240152478,2.4347654940247376
PEI5mgmL_50°C_Abs.TXT,PEI5mgmL,50°C,Abs,888,2508.98,100.0,332530.0,5.986301772151899,3.5515456162642947,2.4347561558876043
PEI5mgmL_50°C_Abs.TXT,PEI5mgmL,50°C,Abs,889,2515.6800000000003,100.0,332530.0,5.9862,3.551451969504447,2.434748030495553
PEI5mgmL_50°C_Abs.TXT,PEI5mgmL,50°C,Abs,890,2518.1800000000003,100.0,332530.0,5.98617461928934,3.5514170266836085,2.4347575926057314
PEI5mgmL_50°C_Abs.TXT,PEI5mgmL,50°C,Abs,891,2520.6800000000003,100.0,332530.0,5.9861492385786805,3.55138208386277,2.4347671547159107
PEI5mgmL_50°C_Abs.TXT,PEI5mgmL,50°C,Abs,892,2523.08,100.0,332530.0,5.986124873096447,3.5513485387547647,2.434776334341682
PEI5mgmL_50°C_Abs.TXT,PEI5mgmL,50°C,Abs,893,2525.78,100.0,332530.0,5.986097461928934,3.551310800508259,2.434786661420675
PEI5mgmL_50°C_Abs.TXT,PEI5mgmL,50°C,Abs,894,2528.28,100.0,332530.0,5.986072081218274,3.5512758576874206,2.4347962235308533
PEI5mgmL_50°C_Abs.TXT,PEI5mgmL,50°C,Abs,895,2530.98,100.0,332530.0,5.986044670050761,3.551238119440915,2.434806550609846
PEI5mgmL_50°C_Abs.TXT,PEI5mgmL,50°C,Abs,896,2533.48,100.0,332530.0,5.986019289340102,3.5512031766200765,2.4348161127200254
PEI5mgmL_50°C_Abs.TXT,PEI5mgmL,50°C,Abs,897,2536.1800000000003,100.0,332530.0,5.985991878172589,3.5511654383735705,2.4348264397990187
PEI5mgmL_50°C_Abs.TXT,PEI5mgmL,50°C,Abs,898,2538.6800000000003,100.0,332530.0,5.985966497461929,3.551130495552732,2.434836001909197
PEI5mgmL_50°C_Abs.TXT,PEI5mgmL,50°C,Abs,899,2541.1800000000003,100.0,332530.0,5.9859411167512695,3.5510955527318933,2.4348455640193762
PEI5mgmL_50°C_Abs.TXT,PEI5mgmL,50°C,Abs,900,2543.78,100.0,332530.0,5.985914720812183,3.551059212198221,2.4348555086139614
PEI5mgmL_50°C_Abs.TXT,PEI5mgmL,50°C,Abs,901,2546.38,100.0,332530.0,5.9858883248730965,3.551022871664549,2.4348654532085474
PEI5mgmL_50°C_Abs.TXT,PEI5mgmL,50°C,Abs,902,2548.98,100.0,332530.0,5.9858619289340105,3.5509865311308766,2.434875397803134
PEI5mgmL_50°C_Abs.TXT,PEI5mgmL,50°C,Abs,903,2553.98,100.0,332530.0,5.985811167512691,3.5509166454891994,2.4348945220234914
PEI5mgmL_50°C_Abs.TXT,PEI5mgmL,50°C,Abs,904,2556.58,100.0,332530.0,5.985784771573604,3.5508803049555273,2.4349044666180766
PEI5mgmL_50°C_Abs.TXT,PEI5mgmL,50°C,Abs,905,2558.98,100.0,332530.0,5.985760406091371,3.550846759847522,2.434913646243849
PEI5mgmL_50°C_Abs.TXT,PEI5mgmL,50°C,Abs,906,2561.48,100.0,332530.0,5.985735025380711,3.5508118170266836,2.4349232083540273
PEI5mgmL_50°C_Abs.TXT,PEI5mgmL,50°C,Abs,907,2564.08,100.0,332530.0,5.985708629441625,3.5507754764930115,2.4349331529486133
PEI5mgmL_50°C_Abs.TXT,PEI5mgmL,50°C,Abs,908,2566.58,100.0,332530.0,5.985683248730965,3.550740533672173,2.4349427150587917
PEI5mgmL_50°C_Abs.TXT,PEI5mgmL,50°C,Abs,909,2569.48,100.0,332530.0,5.9856538071065994,3.5507,2.4349538071065995
PEI5mgmL_50°C_Abs.TXT,PEI5mgmL,50°C,Abs,910,2572.08,100.0,332530.0,5.9856274111675125,3.550670676691729,2.4349567344757834
PEI5mgmL_50°C_Abs.TXT,PEI5mgmL,50°C,Abs,911,2580.08,100.0,332530.0,5.985546192893401,3.5505804511278196,2.4349657417655814
PEI5mgmL_50°C_Abs.TXT,PEI5mgmL,50°C,Abs,912,2587.88,100.0,332530.0,5.985467005076142,3.5504924812030074,2.4349745238731346
PEI5mgmL_50°C_Abs.TXT,PEI5mgmL,50°C,Abs,913,2594.48,100.0,332530.0,5.9854,3.550418045112782,2.4349819548872182
PEI5mgmL_50°C_Abs.TXT,PEI5mgmL,50°C,Abs,914,2597.28,100.0,332530.0,5.985382389937107,3.5503864661654134,2.4349959237716936
PEI5mgmL_50°C_Abs.TXT,PEI5mgmL,50°C,Abs,915,2599.6800000000003,100.0,332530.0,5.985367295597484,3.5503593984962407,2.4350078971012437
PEI5mgmL_50°C_Abs.TXT,PEI5mgmL,50°C,Abs,916,2602.38,100.0,332530.0,5.985350314465409,3.550328947368421,2.435021367096988
PEI5mgmL_50°C_Abs.TXT,PEI5mgmL,50°C,Abs,917,2604.88,100.0,332530.0,5.9853345911949685,3.550300751879699,2.4350338393152695
PEI5mgmL_50°C_Abs.TXT,PEI5mgmL,50°C,Abs,918,2607.78,100.0,332530.0,5.9853163522012585,3.550268045112782,2.4350483070884765
PEI5mgmL_50°C_Abs.TXT,PEI5mgmL,50°C,Abs,919,2610.28,100.0,332530.0,5.985300628930818,3.55023984962406,2.4350607793067582
PEI5mgmL_50°C_Abs.TXT,PEI5mgmL,50°C,Abs,920,2613.08,100.0,332530.0,5.985283018867925,3.5502082706766918,2.435074748191233
PEI5mgmL_50°C_Abs.TXT,PEI5mgmL,50°C,Abs,921,2615.6800000000003,100.0,332530.0,5.985266666666667,3.550178947368421,2.435087719298246
PEI5mgmL_50°C_Abs.TXT,PEI5mgmL,50°C,Abs,922,2618.38,100.0,332530.0,5.985249685534591,3.5501484962406016,2.4351011892939898
PEI5mgmL_50°C_Abs.TXT,PEI5mgmL,50°C,Abs,923,2620.78,100.0,332530.0,5.985234591194969,3.5501214285714284,2.4351131626235403
PEI5mgmL_50°C_Abs.TXT,PEI5mgmL,50°C,Abs,924,2623.58,100.0,332530.0,5.9852169811320755,3.55008984962406,2.4351271315080156
PEI5mgmL_50°C_Abs.TXT,PEI5mgmL,50°C,Abs,925,2626.08,100.0,332530.0,5.985201257861635,3.5500616541353383,2.435139603726297
PEI5mgmL_50°C_Abs.TXT,PEI5mgmL,50°C,Abs,926,2628.58,100.0,332530.0,5.985185534591195,3.5500334586466162,2.4351520759445786
PEI5mgmL_50°C_Abs.TXT,PEI5mgmL,50°C,Abs,927,2633.78,100.0,332530.0,5.985152830188679,3.549974812030075,2.435178018158604
PEI5mgmL_50°C_Abs.TXT,PEI5mgmL,50°C,Abs,928,2636.38,100.0,332530.0,5.985136477987421,3.5499454887218045,2.4351909892656165
PEI5mgmL_50°C_Abs.TXT,PEI5mgmL,50°C,Abs,929,2638.78,100.0,332530.0,5.985121383647798,3.5499184210526313,2.435202962595167
PEI5mgmL_50°C_Abs.TXT,PEI5mgmL,50°C,Abs,930,2641.28,100.0,332530.0,5.985105660377358,3.5498902255639098,2.4352154348134483
PEI5mgmL_50°C_Abs.TXT,PEI5mgmL,50°C,Abs,931,2643.98,100.0,332530.0,5.985088679245283,3.54985977443609,2.4352289048091933
PEI5mgmL_50°C_Abs.TXT,PEI5mgmL,50°C,Abs,932,2646.58,100.0,332530.0,5.985072327044025,3.5498304511278196,2.435241875916206
PEI5mgmL_50°C_Abs.TXT,PEI5mgmL,50°C,Abs,933,2649.28,100.0,332530.0,5.98505534591195,3.5498,2.43525534591195
PEI5mgmL_50°C_Abs.TXT,PEI5mgmL,50°C,Abs,934,2651.78,100.0,332530.0,5.9850396226415095,3.5497683143219265,2.435271308319583
PEI5mgmL_50°C_Abs.TXT,PEI5mgmL,50°C,Abs,935,2659.78,100.0,332530.0,5.9849893081761,3.549666920152091,2.435322388024009
PEI5mgmL_50°C_Abs.TXT,PEI5mgmL,50°C,Abs,936,2667.48,100.0,332530.0,5.984940880503144,3.5495693282636247,2.4353715522395194
PEI5mgmL_50°C_Abs.TXT,PEI5mgmL,50°C,Abs,937,2673.98,100.0,332530.0,5.9849,3.5494869455006337,2.435413054499366
PEI5mgmL_50°C_Abs.TXT,PEI5mgmL,50°C,Abs,938,2676.78,100.0,332530.0,5.984871859296482,3.549451457541191,2.435420401755291
PEI5mgmL_50°C_Abs.TXT,PEI5mgmL,50°C,Abs,939,2679.28,100.0,332530.0,5.984846733668341,3.5494197718631177,2.4354269618052236
PEI5mgmL_50°C_Abs.TXT,PEI5mgmL,50°C,Abs,940,2681.6800000000003,100.0,332530.0,5.984822613065326,3.5493893536121672,2.4354332594531587
PEI5mgmL_50°C_Abs.TXT,PEI5mgmL,50°C,Abs,941,2684.48,100.0,332530.0,5.984794472361808,3.549353865652725,2.4354406067090832
PEI5mgmL_50°C_Abs.TXT,PEI5mgmL,50°C,Abs,942,2687.1800000000003,100.0,332530.0,5.984767336683417,3.5493196451204057,2.435447691563011
PEI5mgmL_50°C_Abs.TXT,PEI5mgmL,50°C,Abs,943,2689.58,100.0,332530.0,5.9847432160804015,3.5492892268694547,2.435453989210947
PEI5mgmL_50°C_Abs.TXT,PEI5mgmL,50°C,Abs,944,2692.1800000000003,100.0,332530.0,5.984717085427135,3.5492562737642586,2.435460811662877
PEI5mgmL_50°C_Abs.TXT,PEI5mgmL,50°C,Abs,945,2694.78,100.0,332530.0,5.984690954773869,3.549223320659062,2.4354676341148074
PEI5mgmL_50°C_Abs.TXT,PEI5mgmL,50°C,Abs,946,2697.1800000000003,100.0,332530.0,5.984666834170854,3.5491929024081115,2.4354739317627425
PEI5mgmL_50°C_Abs.TXT,PEI5mgmL,50°C,Abs,947,2699.6800000000003,100.0,332530.0,5.984641708542713,3.549161216730038,2.435480491812675
PEI5mgmL_50°C_Abs.TXT,PEI5mgmL,50°C,Abs,948,2702.28,100.0,332530.0,5.984615577889447,3.5491282636248416,2.4354873142646056
PEI5mgmL_50°C_Abs.TXT,PEI5mgmL,50°C,Abs,949,2704.78,100.0,332530.0,5.9845904522613065,3.549096577946768,2.4354938743145387
PEI5mgmL_50°C_Abs.TXT,PEI5mgmL,50°C,Abs,950,2707.58,100.0,332530.0,5.984562311557789,3.5490610899873256,2.4355012215704632
PEI5mgmL_50°C_Abs.TXT,PEI5mgmL,50°C,Abs,951,2712.78,100.0,332530.0,5.984510050251256,3.548995183776933,2.435514866474323
PEI5mgmL_50°C_Abs.TXT,PEI5mgmL,50°C,Abs,952,2715.28,100.0,332530.0,5.984484924623115,3.548963498098859,2.435521426524256
PEI5mgmL_50°C_Abs.TXT,PEI5mgmL,50°C,Abs,953,2717.6800000000003,100.0,332530.0,5.984460804020101,3.5489330798479086,2.435527724172192
PEI5mgmL_50°C_Abs.TXT,PEI5mgmL,50°C,Abs,954,2720.28,100.0,332530.0,5.984434673366834,3.548900126742712,2.4355345466241216
PEI5mgmL_50°C_Abs.TXT,PEI5mgmL,50°C,Abs,955,2722.88,100.0,332530.0,5.984408542713568,3.548867173637516,2.4355413690760517
PEI5mgmL_50°C_Abs.TXT,PEI5mgmL,50°C,Abs,956,2725.58,100.0,332530.0,5.984381407035175,3.5488329531051965,2.4355484539299788
PEI5mgmL_50°C_Abs.TXT,PEI5mgmL,50°C,Abs,957,2728.1800000000003,100.0,332530.0,5.984355276381909,3.5488,2.4355552763819093
PEI5mgmL_50°C_Abs.TXT,PEI5mgmL,50°C,Abs,958,2730.98,100.0,332530.0,5.984327135678392,3.548761833952912,2.4355653017254797
PEI5mgmL_50°C_Abs.TXT,PEI5mgmL,50°C,Abs,959,2738.6800000000003,100.0,332530.0,5.984249748743719,3.54865687732342,2.435592871420299
PEI5mgmL_50°C_Abs.TXT,PEI5mgmL,50°C,Abs,960,2746.48,100.0,332530.0,5.98417135678392,3.5485505576208176,2.435620799163102
PEI5mgmL_50°C_Abs.TXT,PEI5mgmL,50°C,Abs,961,2753.58,100.0,332530.0,5.9841,3.5484537794299875,2.4356462205700122
PEI5mgmL_50°C_Abs.TXT,PEI5mgmL,50°C,Abs,962,2756.08,100.0,332530.0,5.984078152309613,3.5484197026022306,2.4356584497073825
PEI5mgmL_50°C_Abs.TXT,PEI5mgmL,50°C,Abs,963,2758.78,100.0,332530.0,5.9840545568039945,3.5483828996282525,2.435671657175742
PEI5mgmL_50°C_Abs.TXT,PEI5mgmL,50°C,Abs,964,2761.28,100.0,332530.0,5.984032709113608,3.5483488228004956,2.4356838863131123
PEI5mgmL_50°C_Abs.TXT,PEI5mgmL,50°C,Abs,965,2764.08,100.0,332530.0,5.984008239700374,3.5483106567534075,2.435697582946967
PEI5mgmL_50°C_Abs.TXT,PEI5mgmL,50°C,Abs,966,2766.78,100.0,332530.0,5.983984644194757,3.54827385377943,2.435710790415327
PEI5mgmL_50°C_Abs.TXT,PEI5mgmL,50°C,Abs,967,2769.48,100.0,332530.0,5.983961048689138,3.548237050805452,2.4357239978836858
PEI5mgmL_50°C_Abs.TXT,PEI5mgmL,50°C,Abs,968,2772.08,100.0,332530.0,5.983938327091136,3.548201610904585,2.435736716186551
PEI5mgmL_50°C_Abs.TXT,PEI5mgmL,50°C,Abs,969,2774.78,100.0,332530.0,5.983914731585518,3.548164807930607,2.4357499236549107
PEI5mgmL_50°C_Abs.TXT,PEI5mgmL,50°C,Abs,970,2777.28,100.0,332530.0,5.98389288389513,3.54813073110285,2.4357621527922806
PEI5mgmL_50°C_Abs.TXT,PEI5mgmL,50°C,Abs,971,2780.08,100.0,332530.0,5.983868414481897,3.5480925650557618,2.4357758494261352
PEI5mgmL_50°C_Abs.TXT,PEI5mgmL,50°C,Abs,972,2782.58,100.0,332530.0,5.98384656679151,3.548058488228005,2.4357880785635055
PEI5mgmL_50°C_Abs.TXT,PEI5mgmL,50°C,Abs,973,2785.28,100.0,332530.0,5.983822971285893,3.548021685254027,2.4358012860318654
PEI5mgmL_50°C_Abs.TXT,PEI5mgmL,50°C,Abs,974,2787.88,100.0,332530.0,5.9838002496878895,3.54798624535316,2.4358140043347296
PEI5mgmL_50°C_Abs.TXT,PEI5mgmL,50°C,Abs,975,2792.98,100.0,332530.0,5.983755680399501,3.547916728624535,2.4358389517749655
PEI5mgmL_50°C_Abs.TXT,PEI5mgmL,50°C,Abs,976,2795.38,100.0,332530.0,5.983734706616729,3.5478840148698882,2.4358506917468405
PEI5mgmL_50°C_Abs.TXT,PEI5mgmL,50°C,Abs,977,2798.08,100.0,332530.0,5.983711111111111,3.5478472118959106,2.4358638992152004
PEI5mgmL_50°C_Abs.TXT,PEI5mgmL,50°C,Abs,978,2800.58,100.0,332530.0,5.9836892634207235,3.5478131350681537,2.43587612835257
PEI5mgmL_50°C_Abs.TXT,PEI5mgmL,50°C,Abs,979,2803.48,100.0,332530.0,5.9836639200998745,3.547773605947955,2.4358903141519193
PEI5mgmL_50°C_Abs.TXT,PEI5mgmL,50°C,Abs,980,2806.08,100.0,332530.0,5.983641198501872,3.547738166047088,2.4359030324547843
PEI5mgmL_50°C_Abs.TXT,PEI5mgmL,50°C,Abs,981,2808.88,100.0,332530.0,5.983616729088639,3.5477,2.435916729088639
PEI5mgmL_50°C_Abs.TXT,PEI5mgmL,50°C,Abs,982,2811.48,100.0,332530.0,5.983594007490637,3.547663659466328,2.435930348024309
PEI5mgmL_50°C_Abs.TXT,PEI5mgmL,50°C,Abs,983,2819.08,100.0,332530.0,5.9835275905118595,3.5475574332909785,2.435970157220881
PEI5mgmL_50°C_Abs.TXT,PEI5mgmL,50°C,Abs,984,2827.1800000000003,100.0,332530.0,5.983456803995006,3.547444218551461,2.436012585443545
PEI5mgmL_50°C_Abs.TXT,PEI5mgmL,50°C,Abs,985,2833.6800000000003,100.0,332530.0,5.9834,3.547353367217281,2.436046632782719
PEI5mgmL_50°C_Abs.TXT,PEI5mgmL,50°C,Abs,986,2836.58,100.0,332530.0,5.983374401008827,3.547312833545108,2.4360615674637187
PEI5mgmL_50°C_Abs.TXT,PEI5mgmL,50°C,Abs,987,2838.98,100.0,332530.0,5.983353215636821,3.5472792884371027,2.4360739271997187
PEI5mgmL_50°C_Abs.TXT,PEI5mgmL,50°C,Abs,988,2841.48,100.0,332530.0,5.983331147540984,3.547244345616264,2.4360868019247195
PEI5mgmL_50°C_Abs.TXT,PEI5mgmL,50°C,Abs,989,2844.08,100.0,332530.0,5.983308196721311,3.547208005082592,2.4361001916387193
PEI5mgmL_50°C_Abs.TXT,PEI5mgmL,50°C,Abs,990,2846.6800000000003,100.0,332530.0,5.983285245901639,3.54717166454892,2.436113581352719
PEI5mgmL_50°C_Abs.TXT,PEI5mgmL,50°C,Abs,991,2849.48,100.0,332530.0,5.9832605296342996,3.5471325285895805,2.436128001044719
PEI5mgmL_50°C_Abs.TXT,PEI5mgmL,50°C,Abs,992,2852.08,100.0,332530.0,5.983237578814628,3.5470961880559084,2.4361413907587197
PEI5mgmL_50°C_Abs.TXT,PEI5mgmL,50°C,Abs,993,2854.78,100.0,332530.0,5.983213745271122,3.547058449809403,2.4361552954617194
PEI5mgmL_50°C_Abs.TXT,PEI5mgmL,50°C,Abs,994,2857.1800000000003,100.0,332530.0,5.983192559899117,3.5470249047013978,2.4361676551977194
PEI5mgmL_50°C_Abs.TXT,PEI5mgmL,50°C,Abs,995,2859.58,100.0,332530.0,5.983171374527112,3.5469913595933926,2.4361800149337194
PEI5mgmL_50°C_Abs.TXT,PEI5mgmL,50°C,Abs,996,2862.1800000000003,100.0,332530.0,5.98314842370744,3.5469550190597205,2.436193404647719
PEI5mgmL_50°C_Abs.TXT,PEI5mgmL,50°C,Abs,997,2864.58,100.0,332530.0,5.983127238335435,3.5469214739517154,2.436205764383719
PEI5mgmL_50°C_Abs.TXT,PEI5mgmL,50°C,Abs,998,2867.28,100.0,332530.0,5.98310340479193,3.54688373570521,2.4362196690867197
PEI5mgmL_50°C_Abs.TXT,PEI5mgmL,50°C,Abs,999,2872.1800000000003,100.0,332530.0,5.983060151324086,3.546815247776366,2.4362449035477196
PEI5mgmL_50°C_Abs.TXT,PEI5mgmL,50°C,Abs,1000,2874.78,100.0,332530.0,5.9830372005044135,3.546778907242694,2.4362582932617194
PEI5mgmL_50°C_Abs.TXT,PEI5mgmL,50°C,Abs,1001,2877.1800000000003,100.0,332530.0,5.983016015132408,3.546745362134689,2.4362706529977194
PEI5mgmL_50°C_Abs.TXT,PEI5mgmL,50°C,Abs,1002,2879.88,100.0,332530.0,5.982992181588903,3.546707623888183,2.4362845577007204
PEI5mgmL_50°C_Abs.TXT,PEI5mgmL,50°C,Abs,1003,2882.48,100.0,332530.0,5.982969230769231,3.546671283354511,2.43629794741472
PEI5mgmL_50°C_Abs.TXT,PEI5mgmL,50°C,Abs,1004,2884.98,100.0,332530.0,5.982947162673392,3.5466363405336723,2.43631082213972
PEI5mgmL_50°C_Abs.TXT,PEI5mgmL,50°C,Abs,1005,2887.58,100.0,332530.0,5.98292421185372,3.5466,2.43632421185372
PEI5mgmL_50°C_Abs.TXT,PEI5mgmL,50°C,Abs,1006,2890.1800000000003,100.0,332530.0,5.982901261034048,3.5465706766917293,2.4363305843423184
PEI5mgmL_50°C_Abs.TXT,PEI5mgmL,50°C,Abs,1007,2897.78,100.0,332530.0,5.982834174022699,3.5464849624060153,2.4363492116166836
PEI5mgmL_50°C_Abs.TXT,PEI5mgmL,50°C,Abs,1008,2905.78,100.0,332530.0,5.982763556116016,3.5463947368421054,2.4363688192739104
PEI5mgmL_50°C_Abs.TXT,PEI5mgmL,50°C,Abs,1009,2912.98,100.0,332530.0,5.9827,3.546313533834587,2.4363864661654135
PEI5mgmL_50°C_Abs.TXT,PEI5mgmL,50°C,Abs,1010,2915.48,100.0,332530.0,5.982668592964824,3.546285338345865,2.4363832546189594
PEI5mgmL_50°C_Abs.TXT,PEI5mgmL,50°C,Abs,1011,2918.28,100.0,332530.0,5.982633417085427,3.546253759398496,2.436379657686931
PEI5mgmL_50°C_Abs.TXT,PEI5mgmL,50°C,Abs,1012,2920.78,100.0,332530.0,5.982602010050251,3.5462255639097746,2.4363764461404767
PEI5mgmL_50°C_Abs.TXT,PEI5mgmL,50°C,Abs,1013,2923.38,100.0,332530.0,5.982569346733668,3.5461962406015037,2.4363731061321645
PEI5mgmL_50°C_Abs.TXT,PEI5mgmL,50°C,Abs,1014,2925.98,100.0,332530.0,5.982536683417086,3.5461669172932333,2.436369766123853
PEI5mgmL_50°C_Abs.TXT,PEI5mgmL,50°C,Abs,1015,2928.48,100.0,332530.0,5.98250527638191,3.5461387218045113,2.4363665545773987
PEI5mgmL_50°C_Abs.TXT,PEI5mgmL,50°C,Abs,1016,2931.28,100.0,332530.0,5.982470100502513,3.546107142857143,2.43636295764537
PEI5mgmL_50°C_Abs.TXT,PEI5mgmL,50°C,Abs,1017,2934.08,100.0,332530.0,5.982434924623115,3.5460755639097745,2.436359360713341
PEI5mgmL_50°C_Abs.TXT,PEI5mgmL,50°C,Abs,1018,2936.58,100.0,332530.0,5.98240351758794,3.546047368421053,2.4363561491668873
PEI5mgmL_50°C_Abs.TXT,PEI5mgmL,50°C,Abs,1019,2938.98,100.0,332530.0,5.982373366834171,3.54602030075188,2.436353066082291
PEI5mgmL_50°C_Abs.TXT,PEI5mgmL,50°C,Abs,1020,2941.6800000000003,100.0,332530.0,5.982339447236181,3.54598984962406,2.436349597612121
PEI5mgmL_50°C_Abs.TXT,PEI5mgmL,50°C,Abs,1021,2944.1800000000003,100.0,332530.0,5.982308040201005,3.5459616541353385,2.4363463860656664
PEI5mgmL_50°C_Abs.TXT,PEI5mgmL,50°C,Abs,1022,2946.88,100.0,332530.0,5.982274120603015,3.5459312030075187,2.4363429175954963
PEI5mgmL_50°C_Abs.TXT,PEI5mgmL,50°C,Abs,1023,2951.78,100.0,332530.0,5.9822125628140705,3.545875939849624,2.4363366229644465
PEI5mgmL_50°C_Abs.TXT,PEI5mgmL,50°C,Abs,1024,2954.48,100.0,332530.0,5.982178643216081,3.5458454887218047,2.436333154494276
PEI5mgmL_50°C_Abs.TXT,PEI5mgmL,50°C,Abs,1025,2956.88,100.0,332530.0,5.982148492462311,3.5458184210526316,2.43633007140968
PEI5mgmL_50°C_Abs.TXT,PEI5mgmL,50°C,Abs,1026,2959.58,100.0,332530.0,5.9821145728643215,3.5457879699248123,2.436326602939509
PEI5mgmL_50°C_Abs.TXT,PEI5mgmL,50°C,Abs,1027,2962.1800000000003,100.0,332530.0,5.982081909547738,3.5457586466165414,2.436323262931197
PEI5mgmL_50°C_Abs.TXT,PEI5mgmL,50°C,Abs,1028,2964.88,100.0,332530.0,5.9820479899497485,3.545728195488722,2.4363197944610264
PEI5mgmL_50°C_Abs.TXT,PEI5mgmL,50°C,Abs,1029,2967.38,100.0,332530.0,5.982016582914573,3.5457,2.436316582914573
PEI5mgmL_50°C_Abs.TXT,PEI5mgmL,50°C,Abs,1030,2970.08,100.0,332530.0,5.981982663316583,3.5456693954659952,2.436313267850588
PEI5mgmL_50°C_Abs.TXT,PEI5mgmL,50°C,Abs,1031,2977.98,100.0,332530.0,5.981883417085427,3.545579848866499,2.4363035682189285
PEI5mgmL_50°C_Abs.TXT,PEI5mgmL,50°C,Abs,1032,2985.6800000000003,100.0,332530.0,5.981786683417085,3.5454925692695216,2.4362941141475636
PEI5mgmL_50°C_Abs.TXT,PEI5mgmL,50°C,Abs,1033,2992.58,100.0,332530.0,5.9817,3.5454143576826196,2.4362856423173804
PEI5mgmL_50°C_Abs.TXT,PEI5mgmL,50°C,Abs,1034,2995.08,100.0,332530.0,5.981690542244641,3.5453860201511334,2.4363045220935073
PEI5mgmL_50°C_Abs.TXT,PEI5mgmL,50°C,Abs,1035,2997.78,100.0,332530.0,5.981680327868853,3.5453554156171285,2.4363249122517243
PEI5mgmL_50°C_Abs.TXT,PEI5mgmL,50°C,Abs,1036,3000.28,100.0,332530.0,5.981670870113493,3.5453270780856423,2.4363437920278503
PEI5mgmL_50°C_Abs.TXT,PEI5mgmL,50°C,Abs,1037,3002.6800000000003,100.0,332530.0,5.9816617906683485,3.5452998740554156,2.436361916612933
PEI5mgmL_50°C_Abs.TXT,PEI5mgmL,50°C,Abs,1038,3005.28,100.0,332530.0,5.981651954602774,3.54527040302267,2.436381551580104
PEI5mgmL_50°C_Abs.TXT,PEI5mgmL,50°C,Abs,1039,3007.78,100.0,332530.0,5.981642496847415,3.545242065491184,2.4364004313562306
PEI5mgmL_50°C_Abs.TXT,PEI5mgmL,50°C,Abs,1040,3010.58,100.0,332530.0,5.9816319041614125,3.5452103274559192,2.4364215767054933
PEI5mgmL_50°C_Abs.TXT,PEI5mgmL,50°C,Abs,1041,3013.1800000000003,100.0,332530.0,5.981622068095839,3.545180856423174,2.436441211672665
PEI5mgmL_50°C_Abs.TXT,PEI5mgmL,50°C,Abs,1042,3015.78,100.0,332530.0,5.9816122320302645,3.545151385390428,2.4364608466398363
PEI5mgmL_50°C_Abs.TXT,PEI5mgmL,50°C,Abs,1043,3018.28,100.0,332530.0,5.981602774274905,3.545123047858942,2.436479726415963
PEI5mgmL_50°C_Abs.TXT,PEI5mgmL,50°C,Abs,1044,3020.78,100.0,332530.0,5.981593316519546,3.5450947103274557,2.43649860619209
PEI5mgmL_50°C_Abs.TXT,PEI5mgmL,50°C,Abs,1045,3023.48,100.0,332530.0,5.981583102143758,3.545064105793451,2.436518996350307
PEI5mgmL_50°C_Abs.TXT,PEI5mgmL,50°C,Abs,1046,3026.08,100.0,332530.0,5.981573266078184,3.545034634760705,2.4365386313174793
PEI5mgmL_50°C_Abs.TXT,PEI5mgmL,50°C,Abs,1047,3031.28,100.0,332530.0,5.981553593947036,3.544975692695214,2.4365779012518223
PEI5mgmL_50°C_Abs.TXT,PEI5mgmL,50°C,Abs,1048,3033.78,100.0,332530.0,5.981544136191677,3.544947355163728,2.436596781027949
PEI5mgmL_50°C_Abs.TXT,PEI5mgmL,50°C,Abs,1049,3036.38,100.0,332530.0,5.981534300126103,3.5449178841309825,2.436616415995121
PEI5mgmL_50°C_Abs.TXT,PEI5mgmL,50°C,Abs,1050,3038.78,100.0,332530.0,5.981525220680958,3.544890680100756,2.4366345405802026
PEI5mgmL_50°C_Abs.TXT,PEI5mgmL,50°C,Abs,1051,3041.48,100.0,332530.0,5.9815150063051705,3.5448600755667505,2.43665493073842
PEI5mgmL_50°C_Abs.TXT,PEI5mgmL,50°C,Abs,1052,3044.08,100.0,332530.0,5.981505170239596,3.544830604534005,2.4366745657055913
PEI5mgmL_50°C_Abs.TXT,PEI5mgmL,50°C,Abs,1053,3046.78,100.0,332530.0,5.981494955863808,3.5448,2.4366949558638082
PEI5mgmL_50°C_Abs.TXT,PEI5mgmL,50°C,Abs,1054,3049.28,100.0,332530.0,5.981485498108449,3.5447716267339215,2.4367138713745273
PEI5mgmL_50°C_Abs.TXT,PEI5mgmL,50°C,Abs,1055,3057.48,100.0,332530.0,5.98145447667087,3.5446785624211854,2.4367759142496848
PEI5mgmL_50°C_Abs.TXT,PEI5mgmL,50°C,Abs,1056,3065.1800000000003,100.0,332530.0,5.981425346784363,3.5445911727616646,2.436834174022698
PEI5mgmL_50°C_Abs.TXT,PEI5mgmL,50°C,Abs,1057,3071.88,100.0,332530.0,5.9814,3.544515132408575,2.436884867591425
PEI5mgmL_50°C_Abs.TXT,PEI5mgmL,50°C,Abs,1058,3074.58,100.0,332530.0,5.9813691232528585,3.5444844892812104,2.436884633971648
PEI5mgmL_50°C_Abs.TXT,PEI5mgmL,50°C,Abs,1059,3076.98,100.0,332530.0,5.9813416772554,3.5444572509457752,2.4368844263096245
PEI5mgmL_50°C_Abs.TXT,PEI5mgmL,50°C,Abs,1060,3079.48,100.0,332530.0,5.981313087674714,3.5444288776796973,2.4368842099950165
PEI5mgmL_50°C_Abs.TXT,PEI5mgmL,50°C,Abs,1061,3081.98,100.0,332530.0,5.981284498094028,3.544400504413619,2.436883993680409
PEI5mgmL_50°C_Abs.TXT,PEI5mgmL,50°C,Abs,1062,3084.58,100.0,332530.0,5.981254764930115,3.5443709962168977,2.436883768713217
PEI5mgmL_50°C_Abs.TXT,PEI5mgmL,50°C,Abs,1063,3087.28,100.0,332530.0,5.981223888182973,3.544340353089533,2.43688353509344
PEI5mgmL_50°C_Abs.TXT,PEI5mgmL,50°C,Abs,1064,3089.98,100.0,332530.0,5.981193011435832,3.5443097099621688,2.4368833014736633
PEI5mgmL_50°C_Abs.TXT,PEI5mgmL,50°C,Abs,1065,3092.58,100.0,332530.0,5.981163278271919,3.5442802017654476,2.4368830765064713
PEI5mgmL_50°C_Abs.TXT,PEI5mgmL,50°C,Abs,1066,3095.08,100.0,332530.0,5.981134688691233,3.544251828499369,2.4368828601918637
PEI5mgmL_50°C_Abs.TXT,PEI5mgmL,50°C,Abs,1067,3097.48,100.0,332530.0,5.981107242693774,3.5442245901639344,2.4368826525298397
PEI5mgmL_50°C_Abs.TXT,PEI5mgmL,50°C,Abs,1068,3100.08,100.0,332530.0,5.98107750952986,3.544195081967213,2.4368824275626473
PEI5mgmL_50°C_Abs.TXT,PEI5mgmL,50°C,Abs,1069,3102.48,100.0,332530.0,5.981050063532401,3.544167843631778,2.4368822199006233
PEI5mgmL_50°C_Abs.TXT,PEI5mgmL,50°C,Abs,1070,3105.28,100.0,332530.0,5.981018043202033,3.5441360655737704,2.4368819776282624
PEI5mgmL_50°C_Abs.TXT,PEI5mgmL,50°C,Abs,1071,3110.28,100.0,332530.0,5.980960864040661,3.544079319041614,2.436881544999047
PEI5mgmL_50°C_Abs.TXT,PEI5mgmL,50°C,Abs,1072,3112.98,100.0,332530.0,5.9809299872935195,3.5440486759142495,2.43688131137927
PEI5mgmL_50°C_Abs.TXT,PEI5mgmL,50°C,Abs,1073,3115.38,100.0,332530.0,5.980902541296061,3.5440214375788144,2.4368811037172464
PEI5mgmL_50°C_Abs.TXT,PEI5mgmL,50°C,Abs,1074,3118.08,100.0,332530.0,5.98087166454892,3.54399079445145,2.4368808700974705
PEI5mgmL_50°C_Abs.TXT,PEI5mgmL,50°C,Abs,1075,3120.6800000000003,100.0,332530.0,5.980841931385006,3.5439612862547287,2.4368806451302776
PEI5mgmL_50°C_Abs.TXT,PEI5mgmL,50°C,Abs,1076,3123.48,100.0,332530.0,5.980809911054638,3.543929508196721,2.4368804028579167
PEI5mgmL_50°C_Abs.TXT,PEI5mgmL,50°C,Abs,1077,3126.08,100.0,332530.0,5.980780177890725,3.5439,2.4368801778907248
PEI5mgmL_50°C_Abs.TXT,PEI5mgmL,50°C,Abs,1078,3128.78,100.0,332530.0,5.980749301143583,3.5438588310038117,2.4368904701397716
PEI5mgmL_50°C_Abs.TXT,PEI5mgmL,50°C,Abs,1079,3136.48,100.0,332530.0,5.98066124523507,3.543741423125794,2.436919822109276
PEI5mgmL_50°C_Abs.TXT,PEI5mgmL,50°C,Abs,1080,3144.08,100.0,332530.0,5.980574332909784,3.543625540025413,2.436948792884371
PEI5mgmL_50°C_Abs.TXT,PEI5mgmL,50°C,Abs,1081,3150.58,100.0,332530.0,5.9805,3.543526429479034,2.436973570520966
PEI5mgmL_50°C_Abs.TXT,PEI5mgmL,50°C,Abs,1082,3152.98,100.0,332530.0,5.98048174904943,3.5434898348157557,2.436991914233674
PEI5mgmL_50°C_Abs.TXT,PEI5mgmL,50°C,Abs,1083,3155.58,100.0,332530.0,5.980461977186312,3.5434501905972047,2.4370117865891077
PEI5mgmL_50°C_Abs.TXT,PEI5mgmL,50°C,Abs,1084,3158.08,100.0,332530.0,5.980442965779468,3.5434120711562898,2.4370308946231782
PEI5mgmL_50°C_Abs.TXT,PEI5mgmL,50°C,Abs,1085,3160.78,100.0,332530.0,5.980422433460076,3.5433709021601016,2.437051531299974
PEI5mgmL_50°C_Abs.TXT,PEI5mgmL,50°C,Abs,1086,3163.28,100.0,332530.0,5.980403422053232,3.5433327827191867,2.4370706393340456
PEI5mgmL_50°C_Abs.TXT,PEI5mgmL,50°C,Abs,1087,3166.08,100.0,332530.0,5.980382129277567,3.543290088945362,2.437092040332205
PEI5mgmL_50°C_Abs.TXT,PEI5mgmL,50°C,Abs,1088,3168.58,100.0,332530.0,5.980363117870723,3.543251969504447,2.4371111483662755
PEI5mgmL_50°C_Abs.TXT,PEI5mgmL,50°C,Abs,1089,3171.38,100.0,332530.0,5.980341825095057,3.5432092757306224,2.437132549364435
PEI5mgmL_50°C_Abs.TXT,PEI5mgmL,50°C,Abs,1090,3173.78,100.0,332530.0,5.980323574144487,3.543172681067344,2.437150893077143
PEI5mgmL_50°C_Abs.TXT,PEI5mgmL,50°C,Abs,1091,3176.28,100.0,332530.0,5.9803045627376425,3.5431345616264296,2.437170001111213
PEI5mgmL_50°C_Abs.TXT,PEI5mgmL,50°C,Abs,1092,3178.98,100.0,332530.0,5.980284030418251,3.5430933926302415,2.4371906377880097
PEI5mgmL_50°C_Abs.TXT,PEI5mgmL,50°C,Abs,1093,3181.48,100.0,332530.0,5.980265019011407,3.5430552731893266,2.4372097458220803
PEI5mgmL_50°C_Abs.TXT,PEI5mgmL,50°C,Abs,1094,3184.28,100.0,332530.0,5.9802437262357415,3.543012579415502,2.4372311468202397
PEI5mgmL_50°C_Abs.TXT,PEI5mgmL,50°C,Abs,1095,3189.28,100.0,332530.0,5.980205703422053,3.542936340533672,2.437269362888381
PEI5mgmL_50°C_Abs.TXT,PEI5mgmL,50°C,Abs,1096,3191.88,100.0,332530.0,5.980185931558935,3.5428966963151205,2.437289235243815
PEI5mgmL_50°C_Abs.TXT,PEI5mgmL,50°C,Abs,1097,3194.38,100.0,332530.0,5.980166920152091,3.5428585768742056,2.4373083432778855
PEI5mgmL_50°C_Abs.TXT,PEI5mgmL,50°C,Abs,1098,3197.08,100.0,332530.0,5.9801463878327,3.542817407878018,2.437328979954682
PEI5mgmL_50°C_Abs.TXT,PEI5mgmL,50°C,Abs,1099,3199.6800000000003,100.0,332530.0,5.980126615969581,3.5427777636594664,2.437348852310115
PEI5mgmL_50°C_Abs.TXT,PEI5mgmL,50°C,Abs,1100,3202.28,100.0,332530.0,5.980106844106464,3.542738119440915,2.437368724665549
PEI5mgmL_50°C_Abs.TXT,PEI5mgmL,50°C,Abs,1101,3204.78,100.0,332530.0,5.98008783269962,3.5427,2.4373878326996197
PEI5mgmL_50°C_Abs.TXT,PEI5mgmL,50°C,Abs,1102,3207.28,100.0,332530.0,5.980068821292775,3.5426748427672954,2.43739397852548
PEI5mgmL_50°C_Abs.TXT,PEI5mgmL,50°C,Abs,1103,3215.08,100.0,332530.0,5.980009505703422,3.542596352201258,2.437413153502164
PEI5mgmL_50°C_Abs.TXT,PEI5mgmL,50°C,Abs,1104,3222.98,100.0,332530.0,5.979949429657794,3.542516855345912,2.4374325743118823
PEI5mgmL_50°C_Abs.TXT,PEI5mgmL,50°C,Abs,1105,3229.48,100.0,332530.0,5.9799,3.5424514465408805,2.4374485534591193
PEI5mgmL_50°C_Abs.TXT,PEI5mgmL,50°C,Abs,1106,3232.28,100.0,332530.0,5.979872069825436,3.5424232704402514,2.437448799385185
PEI5mgmL_50°C_Abs.TXT,PEI5mgmL,50°C,Abs,1107,3234.78,100.0,332530.0,5.979847132169576,3.5423981132075473,2.437449018962029
PEI5mgmL_50°C_Abs.TXT,PEI5mgmL,50°C,Abs,1108,3237.28,100.0,332530.0,5.979822194513716,3.5423729559748427,2.437449238538873
PEI5mgmL_50°C_Abs.TXT,PEI5mgmL,50°C,Abs,1109,3239.88,100.0,332530.0,5.9797962593516205,3.5423467924528302,2.4374494668987903
PEI5mgmL_50°C_Abs.TXT,PEI5mgmL,50°C,Abs,1110,3242.58,100.0,332530.0,5.979769326683291,3.5423196226415095,2.4374497040417817
PEI5mgmL_50°C_Abs.TXT,PEI5mgmL,50°C,Abs,1111,3244.98,100.0,332530.0,5.979745386533666,3.542295471698113,2.4374499148355526
PEI5mgmL_50°C_Abs.TXT,PEI5mgmL,50°C,Abs,1112,3247.58,100.0,332530.0,5.979719451371571,3.5422693081761008,2.43745014319547
PEI5mgmL_50°C_Abs.TXT,PEI5mgmL,50°C,Abs,1113,3250.28,100.0,332530.0,5.979692518703241,3.54224213836478,2.4374503803384613
PEI5mgmL_50°C_Abs.TXT,PEI5mgmL,50°C,Abs,1114,3252.78,100.0,332530.0,5.979667581047381,3.5422169811320754,2.4374505999153055
PEI5mgmL_50°C_Abs.TXT,PEI5mgmL,50°C,Abs,1115,3255.1800000000003,100.0,332530.0,5.979643640897756,3.542192830188679,2.4374508107090764
PEI5mgmL_50°C_Abs.TXT,PEI5mgmL,50°C,Abs,1116,3257.98,100.0,332530.0,5.979615710723192,3.5421646540880505,2.4374510566351417
PEI5mgmL_50°C_Abs.TXT,PEI5mgmL,50°C,Abs,1117,3260.48,100.0,332530.0,5.979590773067332,3.542139496855346,2.437451276211986
PEI5mgmL_50°C_Abs.TXT,PEI5mgmL,50°C,Abs,1118,3263.28,100.0,332530.0,5.979562842892768,3.542111320754717,2.437451522138051
PEI5mgmL_50°C_Abs.TXT,PEI5mgmL,50°C,Abs,1119,3268.48,100.0,332530.0,5.979510972568578,3.542058993710692,2.437451978857886
PEI5mgmL_50°C_Abs.TXT,PEI5mgmL,50°C,Abs,1120,3270.98,100.0,332530.0,5.979486034912718,3.5420338364779873,2.4374521984347304
PEI5mgmL_50°C_Abs.TXT,PEI5mgmL,50°C,Abs,1121,3273.78,100.0,332530.0,5.979458104738154,3.5420056603773586,2.4374524443607957
PEI5mgmL_50°C_Abs.TXT,PEI5mgmL,50°C,Abs,1122,3276.28,100.0,332530.0,5.979433167082294,3.541980503144654,2.43745266393764
PEI5mgmL_50°C_Abs.TXT,PEI5mgmL,50°C,Abs,1123,3279.08,100.0,332530.0,5.979405236907731,3.5419523270440254,2.437452909863705
PEI5mgmL_50°C_Abs.TXT,PEI5mgmL,50°C,Abs,1124,3281.6800000000003,100.0,332530.0,5.979379301745635,3.5419261635220125,2.437453138223623
PEI5mgmL_50°C_Abs.TXT,PEI5mgmL,50°C,Abs,1125,3284.28,100.0,332530.0,5.979353366583541,3.5419,2.437453366583541
PEI5mgmL_50°C_Abs.TXT,PEI5mgmL,50°C,Abs,1126,3287.08,100.0,332530.0,5.979325436408978,3.5418615480649187,2.437463888344059
PEI5mgmL_50°C_Abs.TXT,PEI5mgmL,50°C,Abs,1127,3295.08,100.0,332530.0,5.979245635910225,3.5417516853932587,2.437493950516966
PEI5mgmL_50°C_Abs.TXT,PEI5mgmL,50°C,Abs,1128,3302.98,100.0,332530.0,5.979166832917706,3.5416431960049937,2.437523636912712
PEI5mgmL_50°C_Abs.TXT,PEI5mgmL,50°C,Abs,1129,3309.6800000000003,100.0,332530.0,5.9791,3.541551186017478,2.437548813982522
PEI5mgmL_50°C_Abs.TXT,PEI5mgmL,50°C,Abs,1130,3312.28,100.0,332530.0,5.97908040201005,3.5415154806491884,2.4375649213608614
PEI5mgmL_50°C_Abs.TXT,PEI5mgmL,50°C,Abs,1131,3314.78,100.0,332530.0,5.9790615577889445,3.5414811485642947,2.43758040922465
PEI5mgmL_50°C_Abs.TXT,PEI5mgmL,50°C,Abs,1132,3317.1800000000003,100.0,332530.0,5.979043467336683,3.5414481897627965,2.4375952775738865
PEI5mgmL_50°C_Abs.TXT,PEI5mgmL,50°C,Abs,1133,3319.78,100.0,332530.0,5.979023869346734,3.541412484394507,2.437611384952227
PEI5mgmL_50°C_Abs.TXT,PEI5mgmL,50°C,Abs,1134,3322.28,100.0,332530.0,5.979005025125628,3.541378152309613,2.437626872816015
PEI5mgmL_50°C_Abs.TXT,PEI5mgmL,50°C,Abs,1135,3324.98,100.0,332530.0,5.978984673366834,3.5413410736579274,2.4376435997089065
PEI5mgmL_50°C_Abs.TXT,PEI5mgmL,50°C,Abs,1136,3327.6800000000003,100.0,332530.0,5.97896432160804,3.5413039950062424,2.4376603266017978
PEI5mgmL_50°C_Abs.TXT,PEI5mgmL,50°C,Abs,1137,3330.48,100.0,332530.0,5.978943216080402,3.541265543071161,2.4376776730092407
PEI5mgmL_50°C_Abs.TXT,PEI5mgmL,50°C,Abs,1138,3332.88,100.0,332530.0,5.978925125628141,3.541232584269663,2.4376925413584782
PEI5mgmL_50°C_Abs.TXT,PEI5mgmL,50°C,Abs,1139,3335.58,100.0,332530.0,5.978904773869346,3.5411955056179774,2.437709268251369
PEI5mgmL_50°C_Abs.TXT,PEI5mgmL,50°C,Abs,1140,3338.1800000000003,100.0,332530.0,5.978885175879397,3.541159800249688,2.4377253756297095
PEI5mgmL_50°C_Abs.TXT,PEI5mgmL,50°C,Abs,1141,3340.6800000000003,100.0,332530.0,5.978866331658292,3.541125468164794,2.437740863493498
PEI5mgmL_50°C_Abs.TXT,PEI5mgmL,50°C,Abs,1142,3343.48,100.0,332530.0,5.9788452261306535,3.541087016229713,2.4377582099009407
PEI5mgmL_50°C_Abs.TXT,PEI5mgmL,50°C,Abs,1143,3348.6800000000003,100.0,332530.0,5.9788060301507535,3.5410156054931337,2.43779042465762
PEI5mgmL_50°C_Abs.TXT,PEI5mgmL,50°C,Abs,1144,3351.1800000000003,100.0,332530.0,5.978787185929648,3.5409812734082395,2.4378059125214087
PEI5mgmL_50°C_Abs.TXT,PEI5mgmL,50°C,Abs,1145,3353.78,100.0,332530.0,5.978767587939698,3.54094556803995,2.4378220198997482
PEI5mgmL_50°C_Abs.TXT,PEI5mgmL,50°C,Abs,1146,3356.28,100.0,332530.0,5.978748743718593,3.5409112359550563,2.4378375077635366
PEI5mgmL_50°C_Abs.TXT,PEI5mgmL,50°C,Abs,1147,3359.08,100.0,332530.0,5.978727638190955,3.540872784019975,2.4378548541709804
PEI5mgmL_50°C_Abs.TXT,PEI5mgmL,50°C,Abs,1148,3361.58,100.0,332530.0,5.978708793969849,3.5408384519350813,2.437870342034768
PEI5mgmL_50°C_Abs.TXT,PEI5mgmL,50°C,Abs,1149,3364.38,100.0,332530.0,5.9786876884422115,3.5408,2.4378876884422116
PEI5mgmL_50°C_Abs.TXT,PEI5mgmL,50°C,Abs,1150,3366.98,100.0,332530.0,5.9786680904522616,3.540770417193426,2.4378976732588358
PEI5mgmL_50°C_Abs.TXT,PEI5mgmL,50°C,Abs,1151,3374.58,100.0,332530.0,5.978610804020101,3.54068394437421,2.437926859645891
PEI5mgmL_50°C_Abs.TXT,PEI5mgmL,50°C,Abs,1152,3382.6800000000003,100.0,332530.0,5.978549748743719,3.5405917825537294,2.4379579661899893
PEI5mgmL_50°C_Abs.TXT,PEI5mgmL,50°C,Abs,1153,3389.28,100.0,332530.0,5.9785,3.5405166877370418,2.4379833122629586
PEI5mgmL_50°C_Abs.TXT,PEI5mgmL,50°C,Abs,1154,3392.08,100.0,332530.0,5.978482367758187,3.540484829329962,2.4379975384282253
PEI5mgmL_50°C_Abs.TXT,PEI5mgmL,50°C,Abs,1155,3394.58,100.0,332530.0,5.978466624685139,3.5404563843236407,2.4380102403614985
PEI5mgmL_50°C_Abs.TXT,PEI5mgmL,50°C,Abs,1156,3397.08,100.0,332530.0,5.978450881612091,3.5404279393173197,2.4380229422947717
PEI5mgmL_50°C_Abs.TXT,PEI5mgmL,50°C,Abs,1157,3399.78,100.0,332530.0,5.978433879093199,3.540397218710493,2.438036660382706
PEI5mgmL_50°C_Abs.TXT,PEI5mgmL,50°C,Abs,1158,3402.38,100.0,332530.0,5.978417506297229,3.540367635903919,2.4380498703933102
PEI5mgmL_50°C_Abs.TXT,PEI5mgmL,50°C,Abs,1159,3404.98,100.0,332530.0,5.97840113350126,3.540338053097345,2.4380630804039147
PEI5mgmL_50°C_Abs.TXT,PEI5mgmL,50°C,Abs,1160,3407.58,100.0,332530.0,5.97838476070529,3.5403084702907712,2.438076290414519
PEI5mgmL_50°C_Abs.TXT,PEI5mgmL,50°C,Abs,1161,3410.08,100.0,332530.0,5.978369017632242,3.5402800252844497,2.4380889923477924
PEI5mgmL_50°C_Abs.TXT,PEI5mgmL,50°C,Abs,1162,3412.58,100.0,332530.0,5.978353274559194,3.5402515802781287,2.4381016942810656
PEI5mgmL_50°C_Abs.TXT,PEI5mgmL,50°C,Abs,1163,3414.98,100.0,332530.0,5.978338161209068,3.5402242730720603,2.438113888137008
PEI5mgmL_50°C_Abs.TXT,PEI5mgmL,50°C,Abs,1164,3417.78,100.0,332530.0,5.978320528967255,3.540192414664981,2.438128114302274
PEI5mgmL_50°C_Abs.TXT,PEI5mgmL,50°C,Abs,1165,3420.1800000000003,100.0,332530.0,5.978305415617129,3.5401651074589124,2.4381403081582165
PEI5mgmL_50°C_Abs.TXT,PEI5mgmL,50°C,Abs,1166,3422.78,100.0,332530.0,5.978289042821158,3.5401355246523387,2.4381535181688196
PEI5mgmL_50°C_Abs.TXT,PEI5mgmL,50°C,Abs,1167,3427.78,100.0,332530.0,5.978257556675063,3.5400786346396966,2.438178922035366
PEI5mgmL_50°C_Abs.TXT,PEI5mgmL,50°C,Abs,1168,3430.48,100.0,332530.0,5.978240554156171,3.54004791403287,2.4381926401233014
PEI5mgmL_50°C_Abs.TXT,PEI5mgmL,50°C,Abs,1169,3433.08,100.0,332530.0,5.9782241813602015,3.5400183312262956,2.438205850133906
PEI5mgmL_50°C_Abs.TXT,PEI5mgmL,50°C,Abs,1170,3435.78,100.0,332530.0,5.97820717884131,3.5399876106194688,2.4382195682218413
PEI5mgmL_50°C_Abs.TXT,PEI5mgmL,50°C,Abs,1171,3438.28,100.0,332530.0,5.978191435768262,3.5399591656131477,2.4382322701551145
PEI5mgmL_50°C_Abs.TXT,PEI5mgmL,50°C,Abs,1172,3441.08,100.0,332530.0,5.978173803526448,3.539927307206068,2.43824649632038
PEI5mgmL_50°C_Abs.TXT,PEI5mgmL,50°C,Abs,1173,3443.48,100.0,332530.0,5.978158690176322,3.5399,2.438258690176322
PEI5mgmL_50°C_Abs.TXT,PEI5mgmL,50°C,Abs,1174,3446.1800000000003,100.0,332530.0,5.9781416876574305,3.539865952080706,2.4382757355767244
PEI5mgmL_50°C_Abs.TXT,PEI5mgmL,50°C,Abs,1175,3453.98,100.0,332530.0,5.9780925692695215,3.5397675914249684,2.438324977844553
PEI5mgmL_50°C_Abs.TXT,PEI5mgmL,50°C,Abs,1176,3461.48,100.0,332530.0,5.978045340050378,3.5396730138713743,2.4383723261790036
PEI5mgmL_50°C_Abs.TXT,PEI5mgmL,50°C,Abs,1177,3468.6800000000003,100.0,332530.0,5.978,3.5395822194199242,2.4384177805800755
PEI5mgmL_50°C_Abs.TXT,PEI5mgmL,50°C,Abs,1178,3471.1800000000003,100.0,332530.0,5.977974651457541,3.539550693568726,2.4384239578888147
PEI5mgmL_50°C_Abs.TXT,PEI5mgmL,50°C,Abs,1179,3473.78,100.0,332530.0,5.9779482889733835,3.5395179066834803,2.438430382289903
PEI5mgmL_50°C_Abs.TXT,PEI5mgmL,50°C,Abs,1180,3476.28,100.0,332530.0,5.977922940430925,3.5394863808322823,2.4384365595986424
PEI5mgmL_50°C_Abs.TXT,PEI5mgmL,50°C,Abs,1181,3478.6800000000003,100.0,332530.0,5.977898605830164,3.539456116015132,2.4384424898150323
PEI5mgmL_50°C_Abs.TXT,PEI5mgmL,50°C,Abs,1182,3481.48,100.0,332530.0,5.977870215462611,3.5394208070617905,2.43844940840082
PEI5mgmL_50°C_Abs.TXT,PEI5mgmL,50°C,Abs,1183,3483.88,100.0,332530.0,5.97784588086185,3.5393905422446403,2.43845533861721
PEI5mgmL_50°C_Abs.TXT,PEI5mgmL,50°C,Abs,1184,3486.58,100.0,332530.0,5.977818504435994,3.5393564943253466,2.438462010110648
PEI5mgmL_50°C_Abs.TXT,PEI5mgmL,50°C,Abs,1185,3489.1800000000003,100.0,332530.0,5.977792141951838,3.5393237074401007,2.438468434511737
PEI5mgmL_50°C_Abs.TXT,PEI5mgmL,50°C,Abs,1186,3491.58,100.0,332530.0,5.977767807351077,3.5392934426229505,2.438474364728126
PEI5mgmL_50°C_Abs.TXT,PEI5mgmL,50°C,Abs,1187,3494.28,100.0,332530.0,5.977740430925222,3.539259394703657,2.4384810362215648
PEI5mgmL_50°C_Abs.TXT,PEI5mgmL,50°C,Abs,1188,3496.78,100.0,332530.0,5.977715082382763,3.5392278688524588,2.438487213530304
PEI5mgmL_50°C_Abs.TXT,PEI5mgmL,50°C,Abs,1189,3499.48,100.0,332530.0,5.977687705956908,3.539193820933165,2.4384938850237425
PEI5mgmL_50°C_Abs.TXT,PEI5mgmL,50°C,Abs,1190,3501.98,100.0,332530.0,5.977662357414449,3.539162295081967,2.4385000623324817
PEI5mgmL_50°C_Abs.TXT,PEI5mgmL,50°C,Abs,1191,3507.1800000000003,100.0,332530.0,5.977609632446134,3.5390967213114752,2.4385129111346586
PEI5mgmL_50°C_Abs.TXT,PEI5mgmL,50°C,Abs,1192,3509.58,100.0,332530.0,5.977585297845374,3.539066456494325,2.4385188413510486
PEI5mgmL_50°C_Abs.TXT,PEI5mgmL,50°C,Abs,1193,3512.28,100.0,332530.0,5.9775579214195185,3.5390324085750313,2.438525512844487
PEI5mgmL_50°C_Abs.TXT,PEI5mgmL,50°C,Abs,1194,3514.78,100.0,332530.0,5.97753257287706,3.5390008827238333,2.4385316901532264
PEI5mgmL_50°C_Abs.TXT,PEI5mgmL,50°C,Abs,1195,3517.58,100.0,332530.0,5.977504182509506,3.5389655737704917,2.438538608739014
PEI5mgmL_50°C_Abs.TXT,PEI5mgmL,50°C,Abs,1196,3520.1800000000003,100.0,332530.0,5.977477820025348,3.538932786885246,2.4385450331401026
PEI5mgmL_50°C_Abs.TXT,PEI5mgmL,50°C,Abs,1197,3522.78,100.0,332530.0,5.977451457541191,3.5389,2.438551457541191
PEI5mgmL_50°C_Abs.TXT,PEI5mgmL,50°C,Abs,1198,3525.38,100.0,332530.0,5.9774250950570345,3.5388674185463658,2.4385576765106687
PEI5mgmL_50°C_Abs.TXT,PEI5mgmL,50°C,Abs,1199,3532.78,100.0,332530.0,5.977350063371356,3.538774686716792,2.4385753766545637
PEI5mgmL_50°C_Abs.TXT,PEI5mgmL,50°C,Abs,1200,3540.58,100.0,332530.0,5.977270975918884,3.5386769423558895,2.4385940335629948
PEI5mgmL_50°C_Abs.TXT,PEI5mgmL,50°C,Abs,1201,3547.58,100.0,332530.0,5.9772,3.538589223057644,2.438610776942356
PEI5mgmL_50°C_Abs.TXT,PEI5mgmL,50°C,Abs,1202,3550.08,100.0,332530.0,5.977184394506867,3.538557894736842,2.4386264997700247
PEI5mgmL_50°C_Abs.TXT,PEI5mgmL,50°C,Abs,1203,3552.78,100.0,332530.0,5.977167540574282,3.538524060150376,2.438643480423906
PEI5mgmL_50°C_Abs.TXT,PEI5mgmL,50°C,Abs,1204,3555.1800000000003,100.0,332530.0,5.977152559300873,3.538493984962406,2.438658574338467
PEI5mgmL_50°C_Abs.TXT,PEI5mgmL,50°C,Abs,1205,3557.98,100.0,332530.0,5.977135081148564,3.5384588972431077,2.4386761839054563
PEI5mgmL_50°C_Abs.TXT,PEI5mgmL,50°C,Abs,1206,3560.58,100.0,332530.0,5.977118851435705,3.5384263157894735,2.4386925356462315
PEI5mgmL_50°C_Abs.TXT,PEI5mgmL,50°C,Abs,1207,3563.28,100.0,332530.0,5.977101997503121,3.5383924812030076,2.4387095163001136
PEI5mgmL_50°C_Abs.TXT,PEI5mgmL,50°C,Abs,1208,3565.98,100.0,332530.0,5.9770851435705366,3.5383586466165413,2.4387264969539952
PEI5mgmL_50°C_Abs.TXT,PEI5mgmL,50°C,Abs,1209,3568.78,100.0,332530.0,5.977067665418227,3.5383235588972433,2.438744106520984
PEI5mgmL_50°C_Abs.TXT,PEI5mgmL,50°C,Abs,1210,3571.28,100.0,332530.0,5.977052059925094,3.5382922305764413,2.4387598293486525
PEI5mgmL_50°C_Abs.TXT,PEI5mgmL,50°C,Abs,1211,3573.98,100.0,332530.0,5.977035205992509,3.538258395989975,2.438776810002534
PEI5mgmL_50°C_Abs.TXT,PEI5mgmL,50°C,Abs,1212,3576.6800000000003,100.0,332530.0,5.977018352059925,3.5382245614035086,2.4387937906564168
PEI5mgmL_50°C_Abs.TXT,PEI5mgmL,50°C,Abs,1213,3579.28,100.0,332530.0,5.977002122347066,3.538191979949875,2.4388101423971915
PEI5mgmL_50°C_Abs.TXT,PEI5mgmL,50°C,Abs,1214,3581.78,100.0,332530.0,5.976986516853932,3.538160651629073,2.4388258652248593
PEI5mgmL_50°C_Abs.TXT,PEI5mgmL,50°C,Abs,1215,3586.88,100.0,332530.0,5.97695468164794,3.5380967418546367,2.4388579397933032
PEI5mgmL_50°C_Abs.TXT,PEI5mgmL,50°C,Abs,1216,3589.28,100.0,332530.0,5.9769397003745315,3.5380666666666665,2.438873033707865
PEI5mgmL_50°C_Abs.TXT,PEI5mgmL,50°C,Abs,1217,3591.98,100.0,332530.0,5.976922846441948,3.5380328320802006,2.438890014361747
PEI5mgmL_50°C_Abs.TXT,PEI5mgmL,50°C,Abs,1218,3594.48,100.0,332530.0,5.976907240948814,3.5380015037593986,2.438905737189416
PEI5mgmL_50°C_Abs.TXT,PEI5mgmL,50°C,Abs,1219,3597.28,100.0,332530.0,5.976889762796504,3.5379664160401,2.438923346756404
PEI5mgmL_50°C_Abs.TXT,PEI5mgmL,50°C,Abs,1220,3599.78,100.0,332530.0,5.976874157303371,3.537935087719298,2.4389390695840727
PEI5mgmL_50°C_Abs.TXT,PEI5mgmL,50°C,Abs,1221,3602.58,100.0,332530.0,5.976856679151061,3.5379,2.4389566791510613
PEI5mgmL_50°C_Abs.TXT,PEI5mgmL,50°C,Abs,1222,3605.1800000000003,100.0,332530.0,5.976840449438202,3.5378576971214017,2.4389827523168006
PEI5mgmL_50°C_Abs.TXT,PEI5mgmL,50°C,Abs,1223,3613.28,100.0,332530.0,5.976789887640449,3.5377259073842304,2.439063980256219
PEI5mgmL_50°C_Abs.TXT,PEI5mgmL,50°C,Abs,1224,3620.98,100.0,332530.0,5.976741822721598,3.5376006257822277,2.4391411969393704
PEI5mgmL_50°C_Abs.TXT,PEI5mgmL,50°C,Abs,1225,3627.6800000000003,100.0,332530.0,5.9767,3.5374916145181476,2.4392083854818525
PEI5mgmL_50°C_Abs.TXT,PEI5mgmL,50°C,Abs,1226,3630.28,100.0,332530.0,5.976683668341709,3.5374493116395493,2.4392343567021593
PEI5mgmL_50°C_Abs.TXT,PEI5mgmL,50°C,Abs,1227,3632.6800000000003,100.0,332530.0,5.976668592964824,3.5374102628285358,2.4392583301362882
PEI5mgmL_50°C_Abs.TXT,PEI5mgmL,50°C,Abs,1228,3635.1800000000003,100.0,332530.0,5.976652889447236,3.5373695869837296,2.4392833024635068
PEI5mgmL_50°C_Abs.TXT,PEI5mgmL,50°C,Abs,1229,3637.78,100.0,332530.0,5.976636557788945,3.5373272841051313,2.4393092736838136
PEI5mgmL_50°C_Abs.TXT,PEI5mgmL,50°C,Abs,1230,3640.28,100.0,332530.0,5.976620854271357,3.5372866082603256,2.4393342460110317
PEI5mgmL_50°C_Abs.TXT,PEI5mgmL,50°C,Abs,1231,3642.78,100.0,332530.0,5.976605150753769,3.5372459324155194,2.4393592183382493
PEI5mgmL_50°C_Abs.TXT,PEI5mgmL,50°C,Abs,1232,3645.58,100.0,332530.0,5.97658756281407,3.537200375469337,2.4393871873447335
PEI5mgmL_50°C_Abs.TXT,PEI5mgmL,50°C,Abs,1233,3648.28,100.0,332530.0,5.976570603015076,3.537156445556946,2.43941415745813
PEI5mgmL_50°C_Abs.TXT,PEI5mgmL,50°C,Abs,1234,3650.78,100.0,332530.0,5.976554899497487,3.5371157697121403,2.439439129785347
PEI5mgmL_50°C_Abs.TXT,PEI5mgmL,50°C,Abs,1235,3653.58,100.0,332530.0,5.976537311557789,3.5370702127659572,2.4394670987918317
PEI5mgmL_50°C_Abs.TXT,PEI5mgmL,50°C,Abs,1236,3656.1800000000003,100.0,332530.0,5.976520979899497,3.5370279098873594,2.439493070012138
PEI5mgmL_50°C_Abs.TXT,PEI5mgmL,50°C,Abs,1237,3658.88,100.0,332530.0,5.976504020100503,3.5369839799749685,2.4395200401255344
PEI5mgmL_50°C_Abs.TXT,PEI5mgmL,50°C,Abs,1238,3661.58,100.0,332530.0,5.9764870603015074,3.536940050062578,2.4395470102389294
PEI5mgmL_50°C_Abs.TXT,PEI5mgmL,50°C,Abs,1239,3666.78,100.0,332530.0,5.976454396984925,3.536855444305382,2.4395989526795434
PEI5mgmL_50°C_Abs.TXT,PEI5mgmL,50°C,Abs,1240,3669.58,100.0,332530.0,5.976436809045226,3.536809887359199,2.439626921686027
PEI5mgmL_50°C_Abs.TXT,PEI5mgmL,50°C,Abs,1241,3672.08,100.0,332530.0,5.976421105527638,3.536769211514393,2.4396518940132452
PEI5mgmL_50°C_Abs.TXT,PEI5mgmL,50°C,Abs,1242,3674.58,100.0,332530.0,5.976405402010051,3.536728535669587,2.4396768663404638
PEI5mgmL_50°C_Abs.TXT,PEI5mgmL,50°C,Abs,1243,3677.28,100.0,332530.0,5.976388442211055,3.5366846057571966,2.439703836453859
PEI5mgmL_50°C_Abs.TXT,PEI5mgmL,50°C,Abs,1244,3679.7799999999997,100.0,332530.0,5.976372738693468,3.5366439299123904,2.4397288087810773
PEI5mgmL_50°C_Abs.TXT,PEI5mgmL,50°C,Abs,1245,3682.4800000000005,100.0,332530.0,5.976355778894472,3.5366,2.4397557788944724
PEI5mgmL_50°C_Abs.TXT,PEI5mgmL,50°C,Abs,1246,3685.08,100.0,332530.0,5.976339447236181,3.536580278128951,2.43975916910723
PEI5mgmL_50°C_Abs.TXT,PEI5mgmL,50°C,Abs,1247,3692.7799999999997,100.0,332530.0,5.97629108040201,3.5365218710493047,2.4397692093527055
PEI5mgmL_50°C_Abs.TXT,PEI5mgmL,50°C,Abs,1248,3700.7799999999997,100.0,332530.0,5.976240829145729,3.536461188369153,2.439779640776576
PEI5mgmL_50°C_Abs.TXT,PEI5mgmL,50°C,Abs,1249,3707.2799999999997,100.0,332530.0,5.9762,3.5364118836915295,2.439788116308471
PEI5mgmL_50°C_Abs.TXT,PEI5mgmL,50°C,Abs,1250,3709.6800000000003,100.0,332530.0,5.976172623574145,3.5363936788874843,2.439778944686661
PEI5mgmL_50°C_Abs.TXT,PEI5mgmL,50°C,Abs,1251,3712.4800000000005,100.0,332530.0,5.976140684410646,3.536372439949431,2.439768244461215
PEI5mgmL_50°C_Abs.TXT,PEI5mgmL,50°C,Abs,1252,3714.88,100.0,332530.0,5.976113307984791,3.5363542351453856,2.4397590728394056
PEI5mgmL_50°C_Abs.TXT,PEI5mgmL,50°C,Abs,1253,3717.58,100.0,332530.0,5.976082509505704,3.5363337547408342,2.43974875476487
PEI5mgmL_50°C_Abs.TXT,PEI5mgmL,50°C,Abs,1254,3720.1800000000003,100.0,332530.0,5.976052851711027,3.536314032869785,2.439738818841242
PEI5mgmL_50°C_Abs.TXT,PEI5mgmL,50°C,Abs,1255,3722.6800000000003,100.0,332530.0,5.976024334600761,3.5362950695322377,2.4397292650685234
PEI5mgmL_50°C_Abs.TXT,PEI5mgmL,50°C,Abs,1256,3725.38,100.0,332530.0,5.975993536121673,3.5362745891276863,2.439718946993987
PEI5mgmL_50°C_Abs.TXT,PEI5mgmL,50°C,Abs,1257,3727.9800000000005,100.0,332530.0,5.975963878326996,3.536254867256637,2.439709011070359
PEI5mgmL_50°C_Abs.TXT,PEI5mgmL,50°C,Abs,1258,3730.58,100.0,332530.0,5.97593422053232,3.536235145385588,2.439699075146732
PEI5mgmL_50°C_Abs.TXT,PEI5mgmL,50°C,Abs,1259,3733.08,100.0,332530.0,5.975905703422053,3.5362161820480407,2.4396895213740124
PEI5mgmL_50°C_Abs.TXT,PEI5mgmL,50°C,Abs,1260,3735.7799999999997,100.0,332530.0,5.975874904942966,3.5361957016434893,2.4396792032994767
PEI5mgmL_50°C_Abs.TXT,PEI5mgmL,50°C,Abs,1261,3738.2799999999997,100.0,332530.0,5.9758463878327,3.536176738305942,2.439669649526758
PEI5mgmL_50°C_Abs.TXT,PEI5mgmL,50°C,Abs,1262,3741.08,100.0,332530.0,5.975814448669202,3.5361554993678888,2.439658949301313
PEI5mgmL_50°C_Abs.TXT,PEI5mgmL,50°C,Abs,1263,3746.4800000000005,100.0,332530.0,5.975752851711027,3.5361145385587864,2.4396383131522406
PEI5mgmL_50°C_Abs.TXT,PEI5mgmL,50°C,Abs,1264,3748.9800000000005,100.0,332530.0,5.975724334600761,3.536095575221239,2.439628759379522
PEI5mgmL_50°C_Abs.TXT,PEI5mgmL,50°C,Abs,1265,3751.38,100.0,332530.0,5.975696958174905,3.5360773704171935,2.4396195877577114
PEI5mgmL_50°C_Abs.TXT,PEI5mgmL,50°C,Abs,1266,3753.9800000000005,100.0,332530.0,5.975667300380228,3.5360576485461443,2.4396096518340835
PEI5mgmL_50°C_Abs.TXT,PEI5mgmL,50°C,Abs,1267,3756.58,100.0,332530.0,5.975637642585552,3.5360379266750948,2.439599715910457
PEI5mgmL_50°C_Abs.TXT,PEI5mgmL,50°C,Abs,1268,3759.08,100.0,332530.0,5.975609125475285,3.5360189633375474,2.4395901621377374
PEI5mgmL_50°C_Abs.TXT,PEI5mgmL,50°C,Abs,1269,3761.58,100.0,332530.0,5.975580608365019,3.536,2.4395806083650187
PEI5mgmL_50°C_Abs.TXT,PEI5mgmL,50°C,Abs,1270,3764.2799999999997,100.0,332530.0,5.975549809885932,3.535969123252859,2.4395806866330725
PEI5mgmL_50°C_Abs.TXT,PEI5mgmL,50°C,Abs,1271,3772.1800000000003,100.0,332530.0,5.975459695817491,3.5358787801778906,2.4395809156396
PEI5mgmL_50°C_Abs.TXT,PEI5mgmL,50°C,Abs,1272,3779.6800000000003,100.0,332530.0,5.9753741444866915,3.5357930114358322,2.439581133050859
PEI5mgmL_50°C_Abs.TXT,PEI5mgmL,50°C,Abs,1273,3786.1800000000003,100.0,332530.0,5.9753,3.5357186785260484,2.4395813214739515
PEI5mgmL_50°C_Abs.TXT,PEI5mgmL,50°C,Abs,1274,3788.9800000000005,100.0,332530.0,5.97528243412798,3.53568665819568,2.4395957759323
PEI5mgmL_50°C_Abs.TXT,PEI5mgmL,50°C,Abs,1275,3791.4800000000005,100.0,332530.0,5.9752667503136765,3.5356580686149934,2.439608681698683
PEI5mgmL_50°C_Abs.TXT,PEI5mgmL,50°C,Abs,1276,3793.9800000000005,100.0,332530.0,5.975251066499372,3.5356294790343075,2.439621587465065
PEI5mgmL_50°C_Abs.TXT,PEI5mgmL,50°C,Abs,1277,3796.4800000000005,100.0,332530.0,5.975235382685069,3.5356008894536215,2.4396344932314475
PEI5mgmL_50°C_Abs.TXT,PEI5mgmL,50°C,Abs,1278,3799.08,100.0,332530.0,5.975219071518193,3.535571156289708,2.4396479152284853
PEI5mgmL_50°C_Abs.TXT,PEI5mgmL,50°C,Abs,1279,3801.7799999999997,100.0,332530.0,5.975202132998745,3.5355402795425666,2.4396618534561783
PEI5mgmL_50°C_Abs.TXT,PEI5mgmL,50°C,Abs,1280,3804.2799999999997,100.0,332530.0,5.9751864491844415,3.5355116899618806,2.439674759222561
PEI5mgmL_50°C_Abs.TXT,PEI5mgmL,50°C,Abs,1281,3807.08,100.0,332530.0,5.9751688833124215,3.535479669631512,2.4396892136809094
PEI5mgmL_50°C_Abs.TXT,PEI5mgmL,50°C,Abs,1282,3809.4800000000005,100.0,332530.0,5.97515382685069,3.5354522236340533,2.4397016032166365
PEI5mgmL_50°C_Abs.TXT,PEI5mgmL,50°C,Abs,1283,3811.9800000000005,100.0,332530.0,5.975138143036387,3.5354236340533673,2.4397145089830192
PEI5mgmL_50°C_Abs.TXT,PEI5mgmL,50°C,Abs,1284,3814.58,100.0,332530.0,5.975121831869511,3.5353939008894537,2.439727930980057
PEI5mgmL_50°C_Abs.TXT,PEI5mgmL,50°C,Abs,1285,3816.9800000000005,100.0,332530.0,5.975106775407779,3.535366454891995,2.439740320515784
PEI5mgmL_50°C_Abs.TXT,PEI5mgmL,50°C,Abs,1286,3819.88,100.0,332530.0,5.9750885821831865,3.5353332909783988,2.4397552912047877
PEI5mgmL_50°C_Abs.TXT,PEI5mgmL,50°C,Abs,1287,3824.7799999999997,100.0,332530.0,5.975057841907152,3.535277255400254,2.4397805865068976
PEI5mgmL_50°C_Abs.TXT,PEI5mgmL,50°C,Abs,1288,3827.4800000000005,100.0,332530.0,5.975040903387704,3.535246378653113,2.439794524734591
PEI5mgmL_50°C_Abs.TXT,PEI5mgmL,50°C,Abs,1289,3829.9800000000005,100.0,332530.0,5.9750252195734,3.535217789072427,2.439807430500973
PEI5mgmL_50°C_Abs.TXT,PEI5mgmL,50°C,Abs,1290,3832.38,100.0,332530.0,5.975010163111668,3.535190343074968,2.4398198200367003
PEI5mgmL_50°C_Abs.TXT,PEI5mgmL,50°C,Abs,1291,3834.9800000000005,100.0,332530.0,5.974993851944793,3.5351606099110544,2.439833242033739
PEI5mgmL_50°C_Abs.TXT,PEI5mgmL,50°C,Abs,1292,3837.4800000000005,100.0,332530.0,5.974978168130489,3.5351320203303684,2.4398461478001208
PEI5mgmL_50°C_Abs.TXT,PEI5mgmL,50°C,Abs,1293,3840.2799999999997,100.0,332530.0,5.974960602258469,3.5351,2.4398606022584692
PEI5mgmL_50°C_Abs.TXT,PEI5mgmL,50°C,Abs,1294,3842.7799999999997,100.0,332530.0,5.974944918444166,3.53507198007472,2.439872938369446
PEI5mgmL_50°C_Abs.TXT,PEI5mgmL,50°C,Abs,1295,3850.7799999999997,100.0,332530.0,5.974894730238394,3.534982316313823,2.439912413924571
PEI5mgmL_50°C_Abs.TXT,PEI5mgmL,50°C,Abs,1296,3858.58,100.0,332530.0,5.974845796737767,3.534894894146949,2.4399509025908177
PEI5mgmL_50°C_Abs.TXT,PEI5mgmL,50°C,Abs,1297,3865.88,100.0,332530.0,5.9748,3.534813075965131,2.4399869240348693
PEI5mgmL_50°C_Abs.TXT,PEI5mgmL,50°C,Abs,1298,3868.2799999999997,100.0,332530.0,5.974778814627995,3.5347861768368616,2.4399926377911334
PEI5mgmL_50°C_Abs.TXT,PEI5mgmL,50°C,Abs,1299,3871.08,100.0,332530.0,5.9747540983606555,3.534754794520548,2.4399993038401075
PEI5mgmL_50°C_Abs.TXT,PEI5mgmL,50°C,Abs,1300,3873.58,100.0,332530.0,5.974732030264817,3.5347267745952675,2.4400052556695493
PEI5mgmL_50°C_Abs.TXT,PEI5mgmL,50°C,Abs,1301,3876.2799999999997,100.0,332530.0,5.974708196721312,3.534696513075965,2.4400116836453467
PEI5mgmL_50°C_Abs.TXT,PEI5mgmL,50°C,Abs,1302,3878.9800000000005,100.0,332530.0,5.974684363177806,3.5346662515566623,2.4400181116211437
PEI5mgmL_50°C_Abs.TXT,PEI5mgmL,50°C,Abs,1303,3881.7799999999997,100.0,332530.0,5.9746596469104665,3.5346348692403486,2.440024777670118
PEI5mgmL_50°C_Abs.TXT,PEI5mgmL,50°C,Abs,1304,3884.2799999999997,100.0,332530.0,5.974637578814628,3.534606849315068,2.4400307294995596
PEI5mgmL_50°C_Abs.TXT,PEI5mgmL,50°C,Abs,1305,3887.08,100.0,332530.0,5.974612862547289,3.5345754669987546,2.4400373955485346
PEI5mgmL_50°C_Abs.TXT,PEI5mgmL,50°C,Abs,1306,3889.4800000000005,100.0,332530.0,5.974591677175284,3.5345485678704853,2.4400431093047987
PEI5mgmL_50°C_Abs.TXT,PEI5mgmL,50°C,Abs,1307,3891.9800000000005,100.0,332530.0,5.974569609079445,3.5345205479452053,2.44004906113424
PEI5mgmL_50°C_Abs.TXT,PEI5mgmL,50°C,Abs,1308,3894.7799999999997,100.0,332530.0,5.974544892812106,3.5344891656288917,2.440055727183214
PEI5mgmL_50°C_Abs.TXT,PEI5mgmL,50°C,Abs,1309,3897.2799999999997,100.0,332530.0,5.974522824716267,3.5344611457036113,2.440061679012656
PEI5mgmL_50°C_Abs.TXT,PEI5mgmL,50°C,Abs,1310,3899.9800000000005,100.0,332530.0,5.974498991172761,3.534430884184309,2.4400681069884524
PEI5mgmL_50°C_Abs.TXT,PEI5mgmL,50°C,Abs,1311,3905.1800000000003,100.0,332530.0,5.974453089533418,3.534372602739726,2.4400804867936916
PEI5mgmL_50°C_Abs.TXT,PEI5mgmL,50°C,Abs,1312,3907.58,100.0,332530.0,5.9744319041614125,3.5343457036114567,2.4400862005499557
PEI5mgmL_50°C_Abs.TXT,PEI5mgmL,50°C,Abs,1313,3910.08,100.0,332530.0,5.974409836065574,3.5343176836861767,2.440092152379397
PEI5mgmL_50°C_Abs.TXT,PEI5mgmL,50°C,Abs,1314,3912.7799999999997,100.0,332530.0,5.974386002522068,3.534287422166874,2.440098580355194
PEI5mgmL_50°C_Abs.TXT,PEI5mgmL,50°C,Abs,1315,3915.38,100.0,332530.0,5.974363051702396,3.5342582814445827,2.440104770257813
PEI5mgmL_50°C_Abs.TXT,PEI5mgmL,50°C,Abs,1316,3918.08,100.0,332530.0,5.974339218158891,3.53422801992528,2.440111198233611
PEI5mgmL_50°C_Abs.TXT,PEI5mgmL,50°C,Abs,1317,3920.58,100.0,332530.0,5.974317150063052,3.5342,2.440117150063052
PEI5mgmL_50°C_Abs.TXT,PEI5mgmL,50°C,Abs,1318,3923.2799999999997,100.0,332530.0,5.974293316519546,3.534169162436548,2.440124154082998
PEI5mgmL_50°C_Abs.TXT,PEI5mgmL,50°C,Abs,1319,3930.9800000000005,100.0,332530.0,5.974225346784364,3.5340812182741117,2.440144128510252
PEI5mgmL_50°C_Abs.TXT,PEI5mgmL,50°C,Abs,1320,3938.58,100.0,332530.0,5.974158259773014,3.5339944162436545,2.4401638435293593
PEI5mgmL_50°C_Abs.TXT,PEI5mgmL,50°C,Abs,1321,3945.1800000000003,100.0,332530.0,5.9741,3.533919035532995,2.440180964467005
PEI5mgmL_50°C_Abs.TXT,PEI5mgmL,50°C,Abs,1322,3947.7799999999997,100.0,332530.0,5.974080177890724,3.533889340101523,2.4401908377892014
PEI5mgmL_50°C_Abs.TXT,PEI5mgmL,50°C,Abs,1323,3950.2799999999997,100.0,332530.0,5.974061118170267,3.5338607868020304,2.4402003313682368
PEI5mgmL_50°C_Abs.TXT,PEI5mgmL,50°C,Abs,1324,3952.7799999999997,100.0,332530.0,5.974042058449809,3.533832233502538,2.4402098249472712
PEI5mgmL_50°C_Abs.TXT,PEI5mgmL,50°C,Abs,1325,3955.4800000000005,100.0,332530.0,5.974021473951716,3.5338013959390864,2.4402200780126293
PEI5mgmL_50°C_Abs.TXT,PEI5mgmL,50°C,Abs,1326,3958.08,100.0,332530.0,5.97400165184244,3.5337717005076144,2.4402299513348256
PEI5mgmL_50°C_Abs.TXT,PEI5mgmL,50°C,Abs,1327,3960.7799999999997,100.0,332530.0,5.973981067344345,3.5337408629441622,2.440240204400183
PEI5mgmL_50°C_Abs.TXT,PEI5mgmL,50°C,Abs,1328,3963.38,100.0,332530.0,5.97396124523507,3.53371116751269,2.4402500777223795
PEI5mgmL_50°C_Abs.TXT,PEI5mgmL,50°C,Abs,1329,3965.9800000000005,100.0,332530.0,5.973941423125794,3.533681472081218,2.4402599510445757
PEI5mgmL_50°C_Abs.TXT,PEI5mgmL,50°C,Abs,1330,3968.4800000000005,100.0,332530.0,5.973922363405337,3.533652918781726,2.440269444623611
PEI5mgmL_50°C_Abs.TXT,PEI5mgmL,50°C,Abs,1331,3970.88,100.0,332530.0,5.973904066073698,3.533625507614213,2.4402785584594846
PEI5mgmL_50°C_Abs.TXT,PEI5mgmL,50°C,Abs,1332,3973.58,100.0,332530.0,5.973883481575603,3.5335946700507614,2.440288811524842
PEI5mgmL_50°C_Abs.TXT,PEI5mgmL,50°C,Abs,1333,3975.9800000000005,100.0,332530.0,5.973865184243964,3.5335672588832487,2.4402979253607153
PEI5mgmL_50°C_Abs.TXT,PEI5mgmL,50°C,Abs,1334,3978.7799999999997,100.0,332530.0,5.973843837357052,3.5335352791878174,2.4403085581692343
PEI5mgmL_50°C_Abs.TXT,PEI5mgmL,50°C,Abs,1335,3983.7799999999997,100.0,332530.0,5.973805717916137,3.5334781725888327,2.440327545327304
PEI5mgmL_50°C_Abs.TXT,PEI5mgmL,50°C,Abs,1336,3986.2799999999997,100.0,332530.0,5.97378665819568,3.5334496192893403,2.4403370389063395
PEI5mgmL_50°C_Abs.TXT,PEI5mgmL,50°C,Abs,1337,3988.7799999999997,100.0,332530.0,5.973767598475222,3.533421065989848,2.440346532485374
PEI5mgmL_50°C_Abs.TXT,PEI5mgmL,50°C,Abs,1338,3991.4800000000005,100.0,332530.0,5.973747013977128,3.533390228426396,2.4403567855507324
PEI5mgmL_50°C_Abs.TXT,PEI5mgmL,50°C,Abs,1339,3994.1800000000003,100.0,332530.0,5.973726429479034,3.533359390862944,2.4403670386160896
PEI5mgmL_50°C_Abs.TXT,PEI5mgmL,50°C,Abs,1340,3996.9800000000005,100.0,332530.0,5.973705082592121,3.533327411167513,2.4403776714246086
PEI5mgmL_50°C_Abs.TXT,PEI5mgmL,50°C,Abs,1341,3999.38,100.0,332530.0,5.973686785260482,3.5333,2.440386785260482
PEI5mgmL_50°C_Abs.TXT,PEI5mgmL,50°C,Abs,1342,4002.08,100.0,332530.0,5.973666200762389,3.5332725190839698,2.440393681678419
PEI5mgmL_50°C_Abs.TXT,PEI5mgmL,50°C,Abs,1343,4009.6800000000003,100.0,332530.0,5.973608259212198,3.5331951653944023,2.4404130938177957
PEI5mgmL_50°C_Abs.TXT,PEI5mgmL,50°C,Abs,1344,4017.2799999999997,100.0,332530.0,5.973550317662007,3.5331178117048347,2.4404325059571725
PEI5mgmL_50°C_Abs.TXT,PEI5mgmL,50°C,Abs,1345,4023.88,100.0,332530.0,5.9735,3.5330506361323155,2.440449363867684
PEI5mgmL_50°C_Abs.TXT,PEI5mgmL,50°C,Abs,1346,4026.4800000000005,100.0,332530.0,5.973483647798742,3.53302417302799,2.4404594747707518
PEI5mgmL_50°C_Abs.TXT,PEI5mgmL,50°C,Abs,1347,4028.9800000000005,100.0,332530.0,5.973467924528301,3.532998727735369,2.4404691967929324
PEI5mgmL_50°C_Abs.TXT,PEI5mgmL,50°C,Abs,1348,4031.4800000000005,100.0,332530.0,5.973452201257861,3.5329732824427484,2.4404789188151126
PEI5mgmL_50°C_Abs.TXT,PEI5mgmL,50°C,Abs,1349,4033.9800000000005,100.0,332530.0,5.973436477987421,3.5329478371501275,2.440488640837293
PEI5mgmL_50°C_Abs.TXT,PEI5mgmL,50°C,Abs,1350,4036.58,100.0,332530.0,5.973420125786163,3.532921374045802,2.440498751740361
PEI5mgmL_50°C_Abs.TXT,PEI5mgmL,50°C,Abs,1351,4038.9800000000005,100.0,332530.0,5.97340503144654,3.5328969465648856,2.4405080848816545
PEI5mgmL_50°C_Abs.TXT,PEI5mgmL,50°C,Abs,1352,4041.7799999999997,100.0,332530.0,5.973387421383648,3.53286844783715,2.4405189735464976
PEI5mgmL_50°C_Abs.TXT,PEI5mgmL,50°C,Abs,1353,4044.58,100.0,332530.0,5.9733698113207545,3.532839949109415,2.4405298622113394
PEI5mgmL_50°C_Abs.TXT,PEI5mgmL,50°C,Abs,1354,4046.9800000000005,100.0,332530.0,5.973354716981132,3.532815521628499,2.440539195352633
PEI5mgmL_50°C_Abs.TXT,PEI5mgmL,50°C,Abs,1355,4049.4800000000005,100.0,332530.0,5.9733389937106915,3.532790076335878,2.4405489173748136
PEI5mgmL_50°C_Abs.TXT,PEI5mgmL,50°C,Abs,1356,4052.2799999999997,100.0,332530.0,5.973321383647798,3.5327615776081425,2.440559806039656
PEI5mgmL_50°C_Abs.TXT,PEI5mgmL,50°C,Abs,1357,4054.6800000000003,100.0,332530.0,5.973306289308176,3.5327371501272267,2.440569139180949
PEI5mgmL_50°C_Abs.TXT,PEI5mgmL,50°C,Abs,1358,4057.4800000000005,100.0,332530.0,5.973288679245282,3.532708651399491,2.440580027845791
PEI5mgmL_50°C_Abs.TXT,PEI5mgmL,50°C,Abs,1359,4062.7799999999997,100.0,332530.0,5.97325534591195,3.5326547073791352,2.4406006385328145
PEI5mgmL_50°C_Abs.TXT,PEI5mgmL,50°C,Abs,1360,4065.2799999999997,100.0,332530.0,5.973239622641509,3.5326292620865143,2.440610360554995
PEI5mgmL_50°C_Abs.TXT,PEI5mgmL,50°C,Abs,1361,4067.6800000000003,100.0,332530.0,5.973224528301887,3.532604834605598,2.4406196936962887
PEI5mgmL_50°C_Abs.TXT,PEI5mgmL,50°C,Abs,1362,4070.2799999999997,100.0,332530.0,5.973208176100629,3.5325783715012724,2.4406298045993564
PEI5mgmL_50°C_Abs.TXT,PEI5mgmL,50°C,Abs,1363,4072.88,100.0,332530.0,5.973191823899371,3.5325519083969468,2.440639915502424
PEI5mgmL_50°C_Abs.TXT,PEI5mgmL,50°C,Abs,1364,4075.4800000000005,100.0,332530.0,5.973175471698113,3.532525445292621,2.440650026405492
PEI5mgmL_50°C_Abs.TXT,PEI5mgmL,50°C,Abs,1365,4077.9800000000005,100.0,332530.0,5.973159748427673,3.5325,2.4406597484276724
PEI5mgmL_50°C_Abs.TXT,PEI5mgmL,50°C,Abs,1366,4080.7799999999997,100.0,332530.0,5.973142138364779,3.5324685000000002,2.440673638364779
PEI5mgmL_50°C_Abs.TXT,PEI5mgmL,50°C,Abs,1367,4088.4800000000005,100.0,332530.0,5.973093710691824,3.532381875,2.440711835691824
PEI5mgmL_50°C_Abs.TXT,PEI5mgmL,50°C,Abs,1368,4096.18,100.0,332530.0,5.973045283018868,3.53229525,2.4407500330188676
PEI5mgmL_50°C_Abs.TXT,PEI5mgmL,50°C,Abs,1369,4103.38,100.0,332530.0,5.973,3.53221425,2.44078575
PEI5mgmL_50°C_Abs.TXT,PEI5mgmL,50°C,Abs,1370,4105.9800000000005,100.0,332530.0,5.972983709273183,3.532185,2.4407987092731824
PEI5mgmL_50°C_Abs.TXT,PEI5mgmL,50°C,Abs,1371,4108.68,100.0,332530.0,5.97296679197995,3.532154625,2.4408121669799496
PEI5mgmL_50°C_Abs.TXT,PEI5mgmL,50°C,Abs,1372,4111.28,100.0,332530.0,5.972950501253132,3.532125375,2.440825126253132
PEI5mgmL_50°C_Abs.TXT,PEI5mgmL,50°C,Abs,1373,4113.9800000000005,100.0,332530.0,5.972933583959899,3.532095,2.4408385839598994
PEI5mgmL_50°C_Abs.TXT,PEI5mgmL,50°C,Abs,1374,4116.58,100.0,332530.0,5.972917293233083,3.53206575,2.440851543233083
PEI5mgmL_50°C_Abs.TXT,PEI5mgmL,50°C,Abs,1375,4119.28,100.0,332530.0,5.972900375939849,3.532035375,2.440865000939849
PEI5mgmL_50°C_Abs.TXT,PEI5mgmL,50°C,Abs,1376,4121.78,100.0,332530.0,5.972884711779448,3.53200725,2.4408774617794484
PEI5mgmL_50°C_Abs.TXT,PEI5mgmL,50°C,Abs,1377,4124.38,100.0,332530.0,5.972868421052632,3.531978,2.440890421052632
PEI5mgmL_50°C_Abs.TXT,PEI5mgmL,50°C,Abs,1378,4126.78,100.0,332530.0,5.972853383458647,3.5319510000000003,2.4409023834586465
PEI5mgmL_50°C_Abs.TXT,PEI5mgmL,50°C,Abs,1379,4129.28,100.0,332530.0,5.972837719298245,3.5319228750000002,2.440914844298245
PEI5mgmL_50°C_Abs.TXT,PEI5mgmL,50°C,Abs,1380,4131.9800000000005,100.0,332530.0,5.972820802005012,3.5318925,2.440928302005012
PEI5mgmL_50°C_Abs.TXT,PEI5mgmL,50°C,Abs,1381,4134.4800000000005,100.0,332530.0,5.972805137844611,3.531864375,2.4409407628446114
PEI5mgmL_50°C_Abs.TXT,PEI5mgmL,50°C,Abs,1382,4137.28,100.0,332530.0,5.972787593984962,3.531832875,2.440954718984962
PEI5mgmL_50°C_Abs.TXT,PEI5mgmL,50°C,Abs,1383,4142.58,100.0,332530.0,5.972754385964913,3.53177325,2.4409811359649125
PEI5mgmL_50°C_Abs.TXT,PEI5mgmL,50°C,Abs,1384,4144.9800000000005,100.0,332530.0,5.9727393483709275,3.5317462500000003,2.440993098370927
PEI5mgmL_50°C_Abs.TXT,PEI5mgmL,50°C,Abs,1385,4147.4800000000005,100.0,332530.0,5.972723684210527,3.5317181250000003,2.4410055592105264
PEI5mgmL_50°C_Abs.TXT,PEI5mgmL,50°C,Abs,1386,4150.18,100.0,332530.0,5.972706766917293,3.53168775,2.4410190169172927
PEI5mgmL_50°C_Abs.TXT,PEI5mgmL,50°C,Abs,1387,4152.78,100.0,332530.0,5.972690476190476,3.5316585000000003,2.441031976190476
PEI5mgmL_50°C_Abs.TXT,PEI5mgmL,50°C,Abs,1388,4155.4800000000005,100.0,332530.0,5.9726735588972435,3.531628125,2.4410454338972434
PEI5mgmL_50°C_Abs.TXT,PEI5mgmL,50°C,Abs,1389,4157.9800000000005,100.0,332530.0,5.972657894736842,3.5316,2.4410578947368418
PEI5mgmL_50°C_Abs.TXT,PEI5mgmL,50°C,Abs,1390,4160.58,100.0,332530.0,5.972641604010025,3.5315705289672543,2.441071075042771
PEI5mgmL_50°C_Abs.TXT,PEI5mgmL,50°C,Abs,1391,4168.38,100.0,332530.0,5.972592731829574,3.5314821158690175,2.441110615960557
PEI5mgmL_50°C_Abs.TXT,PEI5mgmL,50°C,Abs,1392,4176.08,100.0,332530.0,5.972544486215539,3.53139483627204,2.441149649943499
PEI5mgmL_50°C_Abs.TXT,PEI5mgmL,50°C,Abs,1393,4183.18,100.0,332530.0,5.9725,3.5313143576826196,2.4411856423173806
PEI5mgmL_50°C_Abs.TXT,PEI5mgmL,50°C,Abs,1394,4185.58,100.0,332530.0,5.972484886649874,3.531287153652393,2.441197732997481
PEI5mgmL_50°C_Abs.TXT,PEI5mgmL,50°C,Abs,1395,4188.28,100.0,332530.0,5.972467884130983,3.531256549118388,2.4412113350125946
PEI5mgmL_50°C_Abs.TXT,PEI5mgmL,50°C,Abs,1396,4190.78,100.0,332530.0,5.972452141057935,3.531228211586902,2.441223929471033
PEI5mgmL_50°C_Abs.TXT,PEI5mgmL,50°C,Abs,1397,4193.38,100.0,332530.0,5.972435768261965,3.531198740554156,2.441237027707809
PEI5mgmL_50°C_Abs.TXT,PEI5mgmL,50°C,Abs,1398,4196.08,100.0,332530.0,5.972418765743074,3.5311681360201512,2.4412506297229224
PEI5mgmL_50°C_Abs.TXT,PEI5mgmL,50°C,Abs,1399,4198.78,100.0,332530.0,5.972401763224181,3.531137531486146,2.4412642317380353
PEI5mgmL_50°C_Abs.TXT,PEI5mgmL,50°C,Abs,1400,4201.38,100.0,332530.0,5.972385390428212,3.5311080604534006,2.441277329974811
PEI5mgmL_50°C_Abs.TXT,PEI5mgmL,50°C,Abs,1401,4203.9800000000005,100.0,332530.0,5.972369017632242,3.531078589420655,2.441290428211587
PEI5mgmL_50°C_Abs.TXT,PEI5mgmL,50°C,Abs,1402,4206.4800000000005,100.0,332530.0,5.972353274559194,3.5310502518891687,2.4413030226700254
PEI5mgmL_50°C_Abs.TXT,PEI5mgmL,50°C,Abs,1403,4208.88,100.0,332530.0,5.972338161209068,3.531023047858942,2.441315113350126
PEI5mgmL_50°C_Abs.TXT,PEI5mgmL,50°C,Abs,1404,4211.4800000000005,100.0,332530.0,5.972321788413098,3.5309935768261966,2.4413282115869017
PEI5mgmL_50°C_Abs.TXT,PEI5mgmL,50°C,Abs,1405,4213.9800000000005,100.0,332530.0,5.9723060453400505,3.5309652392947104,2.44134080604534
PEI5mgmL_50°C_Abs.TXT,PEI5mgmL,50°C,Abs,1406,4216.78,100.0,332530.0,5.972288413098237,3.530933501259446,2.441354911838791
PEI5mgmL_50°C_Abs.TXT,PEI5mgmL,50°C,Abs,1407,4222.08,100.0,332530.0,5.972255037783375,3.530873425692695,2.44138161209068
PEI5mgmL_50°C_Abs.TXT,PEI5mgmL,50°C,Abs,1408,4224.68,100.0,332530.0,5.9722386649874055,3.5308439546599497,2.441394710327456
PEI5mgmL_50°C_Abs.TXT,PEI5mgmL,50°C,Abs,1409,4227.28,100.0,332530.0,5.972222292191436,3.530814483627204,2.441407808564232
PEI5mgmL_50°C_Abs.TXT,PEI5mgmL,50°C,Abs,1410,4229.78,100.0,332530.0,5.972206549118388,3.5307861460957177,2.4414204030226703
PEI5mgmL_50°C_Abs.TXT,PEI5mgmL,50°C,Abs,1411,4232.28,100.0,332530.0,5.97219080604534,3.5307578085642315,2.4414329974811086
PEI5mgmL_50°C_Abs.TXT,PEI5mgmL,50°C,Abs,1412,4234.9800000000005,100.0,332530.0,5.972173803526449,3.5307272040302267,2.441446599496222
PEI5mgmL_50°C_Abs.TXT,PEI5mgmL,50°C,Abs,1413,4237.38,100.0,332530.0,5.972158690176323,3.5307,2.4414586901763227
PEI5mgmL_50°C_Abs.TXT,PEI5mgmL,50°C,Abs,1414,4240.08,100.0,332530.0,5.972141687657431,3.5306727272727274,2.4414689603847037
PEI5mgmL_50°C_Abs.TXT,PEI5mgmL,50°C,Abs,1415,4247.78,100.0,332530.0,5.972093198992444,3.5305949494949496,2.4414982494974944
PEI5mgmL_50°C_Abs.TXT,PEI5mgmL,50°C,Abs,1416,4255.4800000000005,100.0,332530.0,5.972044710327456,3.5305171717171717,2.441527538610284
PEI5mgmL_50°C_Abs.TXT,PEI5mgmL,50°C,Abs,1417,4262.58,100.0,332530.0,5.972,3.5304454545454544,2.441554545454546
PEI5mgmL_50°C_Abs.TXT,PEI5mgmL,50°C,Abs,1418,4265.08,100.0,332530.0,5.971977904040404,3.530420202020202,2.4415577020202024
PEI5mgmL_50°C_Abs.TXT,PEI5mgmL,50°C,Abs,1419,4267.78,100.0,332530.0,5.971954040404041,3.5303929292929292,2.441561111111112
PEI5mgmL_50°C_Abs.TXT,PEI5mgmL,50°C,Abs,1420,4270.28,100.0,332530.0,5.971931944444445,3.5303676767676766,2.4415642676767684
PEI5mgmL_50°C_Abs.TXT,PEI5mgmL,50°C,Abs,1421,4272.78,100.0,332530.0,5.971909848484849,3.5303424242424244,2.4415674242424243
PEI5mgmL_50°C_Abs.TXT,PEI5mgmL,50°C,Abs,1422,4275.4800000000005,100.0,332530.0,5.971885984848485,3.5303151515151514,2.4415708333333335
PEI5mgmL_50°C_Abs.TXT,PEI5mgmL,50°C,Abs,1423,4277.88,100.0,332530.0,5.971864772727273,3.530290909090909,2.441573863636364
PEI5mgmL_50°C_Abs.TXT,PEI5mgmL,50°C,Abs,1424,4280.58,100.0,332530.0,5.9718409090909095,3.530263636363636,2.4415772727272733
PEI5mgmL_50°C_Abs.TXT,PEI5mgmL,50°C,Abs,1425,4283.18,100.0,332530.0,5.971817929292929,3.5302373737373736,2.441580555555556
PEI5mgmL_50°C_Abs.TXT,PEI5mgmL,50°C,Abs,1426,4285.58,100.0,332530.0,5.971796717171718,3.5302131313131313,2.4415835858585866
PEI5mgmL_50°C_Abs.TXT,PEI5mgmL,50°C,Abs,1427,4288.28,100.0,332530.0,5.971772853535354,3.5301858585858588,2.4415869949494953
PEI5mgmL_50°C_Abs.TXT,PEI5mgmL,50°C,Abs,1428,4290.88,100.0,332530.0,5.971749873737374,3.530159595959596,2.441590277777778
PEI5mgmL_50°C_Abs.TXT,PEI5mgmL,50°C,Abs,1429,4293.58,100.0,332530.0,5.97172601010101,3.530132323232323,2.441593686868687
PEI5mgmL_50°C_Abs.TXT,PEI5mgmL,50°C,Abs,1430,4296.18,100.0,332530.0,5.971703030303031,3.5301060606060606,2.4415969696969704
PEI5mgmL_50°C_Abs.TXT,PEI5mgmL,50°C,Abs,1431,4301.28,100.0,332530.0,5.971657954545455,3.5300545454545453,2.4416034090909093
PEI5mgmL_50°C_Abs.TXT,PEI5mgmL,50°C,Abs,1432,4303.68,100.0,332530.0,5.971636742424243,3.530030303030303,2.44160643939394
PEI5mgmL_50°C_Abs.TXT,PEI5mgmL,50°C,Abs,1433,4306.4800000000005,100.0,332530.0,5.9716119949494955,3.53000202020202,2.4416099747474753
PEI5mgmL_50°C_Abs.TXT,PEI5mgmL,50°C,Abs,1434,4308.88,100.0,332530.0,5.971590782828283,3.529977777777778,2.441613005050505
PEI5mgmL_50°C_Abs.TXT,PEI5mgmL,50°C,Abs,1435,4311.58,100.0,332530.0,5.971566919191919,3.529950505050505,2.4416164141414143
PEI5mgmL_50°C_Abs.TXT,PEI5mgmL,50°C,Abs,1436,4314.18,100.0,332530.0,5.97154393939394,3.5299242424242423,2.4416196969696977
PEI5mgmL_50°C_Abs.TXT,PEI5mgmL,50°C,Abs,1437,4316.58,100.0,332530.0,5.971522727272728,3.5299,2.4416227272727276
PEI5mgmL_50°C_Abs.TXT,PEI5mgmL,50°C,Abs,1438,4319.28,100.0,332530.0,5.971498863636364,3.529869395465995,2.4416294681703685
PEI5mgmL_50°C_Abs.TXT,PEI5mgmL,50°C,Abs,1439,4326.9800000000005,100.0,332530.0,5.971430808080808,3.5297821158690175,2.441648692211791
PEI5mgmL_50°C_Abs.TXT,PEI5mgmL,50°C,Abs,1440,4334.9800000000005,100.0,332530.0,5.971360101010101,3.529691435768262,2.4416686652418393
PEI5mgmL_50°C_Abs.TXT,PEI5mgmL,50°C,Abs,1441,4341.78,100.0,332530.0,5.9713,3.5296143576826196,2.4416856423173807
PEI5mgmL_50°C_Abs.TXT,PEI5mgmL,50°C,Abs,1442,4344.58,100.0,332530.0,5.971278841309824,3.529582619647355,2.441696221662469
PEI5mgmL_50°C_Abs.TXT,PEI5mgmL,50°C,Abs,1443,4346.9800000000005,100.0,332530.0,5.971260705289673,3.5295554156171285,2.4417052896725444
PEI5mgmL_50°C_Abs.TXT,PEI5mgmL,50°C,Abs,1444,4349.4800000000005,100.0,332530.0,5.971241813602015,3.5295270780856423,2.441714735516373
PEI5mgmL_50°C_Abs.TXT,PEI5mgmL,50°C,Abs,1445,4352.08,100.0,332530.0,5.971222166246852,3.5294976070528965,2.4417245591939554
PEI5mgmL_50°C_Abs.TXT,PEI5mgmL,50°C,Abs,1446,4354.58,100.0,332530.0,5.971203274559194,3.5294692695214107,2.4417340050377834
PEI5mgmL_50°C_Abs.TXT,PEI5mgmL,50°C,Abs,1447,4357.28,100.0,332530.0,5.9711828715365245,3.5294386649874054,2.441744206549119
PEI5mgmL_50°C_Abs.TXT,PEI5mgmL,50°C,Abs,1448,4359.88,100.0,332530.0,5.97116322418136,3.52940919395466,2.4417540302267002
PEI5mgmL_50°C_Abs.TXT,PEI5mgmL,50°C,Abs,1449,4362.58,100.0,332530.0,5.971142821158691,3.529378589420655,2.441764231738036
PEI5mgmL_50°C_Abs.TXT,PEI5mgmL,50°C,Abs,1450,4365.18,100.0,332530.0,5.971123173803527,3.529349118387909,2.4417740554156175
PEI5mgmL_50°C_Abs.TXT,PEI5mgmL,50°C,Abs,1451,4367.58,100.0,332530.0,5.971105037783375,3.5293219143576824,2.441783123425693
PEI5mgmL_50°C_Abs.TXT,PEI5mgmL,50°C,Abs,1452,4370.28,100.0,332530.0,5.971084634760706,3.5292913098236776,2.441793324937028
PEI5mgmL_50°C_Abs.TXT,PEI5mgmL,50°C,Abs,1453,4372.68,100.0,332530.0,5.971066498740554,3.529264105793451,2.4418023929471033
PEI5mgmL_50°C_Abs.TXT,PEI5mgmL,50°C,Abs,1454,4375.38,100.0,332530.0,5.971046095717885,3.5292335012594456,2.441812594458439
PEI5mgmL_50°C_Abs.TXT,PEI5mgmL,50°C,Abs,1455,4380.28,100.0,332530.0,5.971009068010075,3.529177959697733,2.4418311083123423
PEI5mgmL_50°C_Abs.TXT,PEI5mgmL,50°C,Abs,1456,4382.9800000000005,100.0,332530.0,5.970988664987406,3.529147355163728,2.441841309823678
PEI5mgmL_50°C_Abs.TXT,PEI5mgmL,50°C,Abs,1457,4385.4800000000005,100.0,332530.0,5.970969773299748,3.5291190176322416,2.4418507556675064
PEI5mgmL_50°C_Abs.TXT,PEI5mgmL,50°C,Abs,1458,4388.08,100.0,332530.0,5.970950125944585,3.5290895465994963,2.4418605793450885
PEI5mgmL_50°C_Abs.TXT,PEI5mgmL,50°C,Abs,1459,4390.68,100.0,332530.0,5.970930478589421,3.5290600755667505,2.44187040302267
PEI5mgmL_50°C_Abs.TXT,PEI5mgmL,50°C,Abs,1460,4393.28,100.0,332530.0,5.970910831234257,3.5290306045340047,2.4418802267002526
PEI5mgmL_50°C_Abs.TXT,PEI5mgmL,50°C,Abs,1461,4395.9800000000005,100.0,332530.0,5.970890428211587,3.529,2.441890428211587
PEI5mgmL_50°C_Abs.TXT,PEI5mgmL,50°C,Abs,1462,4398.78,100.0,332530.0,5.970869269521411,3.5289719649561953,2.4418973045652157
PEI5mgmL_50°C_Abs.TXT,PEI5mgmL,50°C,Abs,1463,4406.4800000000005,100.0,332530.0,5.970811083123426,3.528894868585732,2.441916214537694
PEI5mgmL_50°C_Abs.TXT,PEI5mgmL,50°C,Abs,1464,4414.18,100.0,332530.0,5.970752896725441,3.528817772215269,2.4419351245101715
PEI5mgmL_50°C_Abs.TXT,PEI5mgmL,50°C,Abs,1465,4421.18,100.0,332530.0,5.9707,3.528747684605757,2.441952315394243
PEI5mgmL_50°C_Abs.TXT,PEI5mgmL,50°C,Abs,1466,4423.58,100.0,332530.0,5.97068804483188,3.52872365456821,2.4419643902636703
PEI5mgmL_50°C_Abs.TXT,PEI5mgmL,50°C,Abs,1467,4425.9800000000005,100.0,332530.0,5.970676089663761,3.528699624530663,2.4419764651330977
PEI5mgmL_50°C_Abs.TXT,PEI5mgmL,50°C,Abs,1468,4428.78,100.0,332530.0,5.970662141967622,3.5286715894868586,2.441990552480763
PEI5mgmL_50°C_Abs.TXT,PEI5mgmL,50°C,Abs,1469,4431.18,100.0,332530.0,5.970650186799502,3.5286475594493116,2.4420026273501905
PEI5mgmL_50°C_Abs.TXT,PEI5mgmL,50°C,Abs,1470,4433.9800000000005,100.0,332530.0,5.970636239103363,3.528619524405507,2.4420167146978558
PEI5mgmL_50°C_Abs.TXT,PEI5mgmL,50°C,Abs,1471,4436.4800000000005,100.0,332530.0,5.970623785803237,3.5285944931163953,2.442029292686842
PEI5mgmL_50°C_Abs.TXT,PEI5mgmL,50°C,Abs,1472,4439.38,100.0,332530.0,5.970609339975093,3.5285654568210263,2.4420438831540667
PEI5mgmL_50°C_Abs.TXT,PEI5mgmL,50°C,Abs,1473,4441.9800000000005,100.0,332530.0,5.970596388542964,3.5285394242803503,2.4420569642626133
PEI5mgmL_50°C_Abs.TXT,PEI5mgmL,50°C,Abs,1474,4444.38,100.0,332530.0,5.970584433374844,3.5285153942428034,2.4420690391320408
PEI5mgmL_50°C_Abs.TXT,PEI5mgmL,50°C,Abs,1475,4446.9800000000005,100.0,332530.0,5.970571481942715,3.528489361702128,2.442082120240587
PEI5mgmL_50°C_Abs.TXT,PEI5mgmL,50°C,Abs,1476,4449.58,100.0,332530.0,5.970558530510585,3.528463329161452,2.4420952013491335
PEI5mgmL_50°C_Abs.TXT,PEI5mgmL,50°C,Abs,1477,4452.38,100.0,332530.0,5.970544582814446,3.528435294117647,2.4421092886967988
PEI5mgmL_50°C_Abs.TXT,PEI5mgmL,50°C,Abs,1478,4454.9800000000005,100.0,332530.0,5.9705316313823165,3.528409261576971,2.4421223698053454
PEI5mgmL_50°C_Abs.TXT,PEI5mgmL,50°C,Abs,1479,4459.9800000000005,100.0,332530.0,5.970506724782068,3.5283591989987486,2.442147525783319
PEI5mgmL_50°C_Abs.TXT,PEI5mgmL,50°C,Abs,1480,4462.4800000000005,100.0,332530.0,5.970494271481942,3.528334167709637,2.4421601037723053
PEI5mgmL_50°C_Abs.TXT,PEI5mgmL,50°C,Abs,1481,4465.08,100.0,332530.0,5.970481320049813,3.5283081351689614,2.4421731848808514
PEI5mgmL_50°C_Abs.TXT,PEI5mgmL,50°C,Abs,1482,4467.58,100.0,332530.0,5.970468866749688,3.5282831038798497,2.4421857628698387
PEI5mgmL_50°C_Abs.TXT,PEI5mgmL,50°C,Abs,1483,4470.28,100.0,332530.0,5.970455417185554,3.5282560700876093,2.4421993470979446
PEI5mgmL_50°C_Abs.TXT,PEI5mgmL,50°C,Abs,1484,4473.08,100.0,332530.0,5.970441469489415,3.5282280350438047,2.44221343444561
PEI5mgmL_50°C_Abs.TXT,PEI5mgmL,50°C,Abs,1485,4475.88,100.0,332530.0,5.970427521793275,3.5282,2.442227521793275
PEI5mgmL_50°C_Abs.TXT,PEI5mgmL,50°C,Abs,1486,4478.38,100.0,332530.0,5.970415068493151,3.5281780426599747,2.442237025833176
PEI5mgmL_50°C_Abs.TXT,PEI5mgmL,50°C,Abs,1487,4486.4800000000005,100.0,332530.0,5.9703747198007475,3.5281069008782935,2.442267818922454
PEI5mgmL_50°C_Abs.TXT,PEI5mgmL,50°C,Abs,1488,4494.38,100.0,332530.0,5.970335367372353,3.528037515683814,2.442297851688539
PEI5mgmL_50°C_Abs.TXT,PEI5mgmL,50°C,Abs,1489,4501.4800000000005,100.0,332530.0,5.9703,3.527975156838143,2.442324843161857
PEI5mgmL_50°C_Abs.TXT,PEI5mgmL,50°C,Abs,1490,4503.9800000000005,100.0,332530.0,5.970281155778895,3.5279531994981177,2.442327956280777
PEI5mgmL_50°C_Abs.TXT,PEI5mgmL,50°C,Abs,1491,4506.78,100.0,332530.0,5.970260050251256,3.52792860727729,2.442331442973966
PEI5mgmL_50°C_Abs.TXT,PEI5mgmL,50°C,Abs,1492,4509.18,100.0,332530.0,5.970241959798995,3.5279075282308656,2.442334431568129
PEI5mgmL_50°C_Abs.TXT,PEI5mgmL,50°C,Abs,1493,4511.68,100.0,332530.0,5.970223115577889,3.5278855708908408,2.4423375446870486
PEI5mgmL_50°C_Abs.TXT,PEI5mgmL,50°C,Abs,1494,4514.28,100.0,332530.0,5.970203517587939,3.5278627352572145,2.442340782330725
PEI5mgmL_50°C_Abs.TXT,PEI5mgmL,50°C,Abs,1495,4516.68,100.0,332530.0,5.970185427135679,3.5278416562107906,2.442343770924888
PEI5mgmL_50°C_Abs.TXT,PEI5mgmL,50°C,Abs,1496,4519.28,100.0,332530.0,5.970165829145729,3.5278188205771643,2.4423470085685643
PEI5mgmL_50°C_Abs.TXT,PEI5mgmL,50°C,Abs,1497,4521.88,100.0,332530.0,5.970146231155779,3.527795984943538,2.4423502462122406
PEI5mgmL_50°C_Abs.TXT,PEI5mgmL,50°C,Abs,1498,4524.58,100.0,332530.0,5.970125879396985,3.5277722710163113,2.4423536083806736
PEI5mgmL_50°C_Abs.TXT,PEI5mgmL,50°C,Abs,1499,4526.9800000000005,100.0,332530.0,5.970107788944723,3.527751191969887,2.4423565969748364
PEI5mgmL_50°C_Abs.TXT,PEI5mgmL,50°C,Abs,1500,4529.58,100.0,332530.0,5.970088190954773,3.5277283563362607,2.4423598346185127
PEI5mgmL_50°C_Abs.TXT,PEI5mgmL,50°C,Abs,1501,4532.28,100.0,332530.0,5.97006783919598,3.527704642409034,2.4423631967869457
PEI5mgmL_50°C_Abs.TXT,PEI5mgmL,50°C,Abs,1502,4534.78,100.0,332530.0,5.970048994974874,3.5276826850690086,2.4423663099058657
PEI5mgmL_50°C_Abs.TXT,PEI5mgmL,50°C,Abs,1503,4540.08,100.0,332530.0,5.9700090452261305,3.5276361355081556,2.442372909717975
PEI5mgmL_50°C_Abs.TXT,PEI5mgmL,50°C,Abs,1504,4542.78,100.0,332530.0,5.969988693467337,3.5276124215809284,2.4423762718864084
PEI5mgmL_50°C_Abs.TXT,PEI5mgmL,50°C,Abs,1505,4545.28,100.0,332530.0,5.9699698492462305,3.527590464240903,2.4423793850053275
PEI5mgmL_50°C_Abs.TXT,PEI5mgmL,50°C,Abs,1506,4547.68,100.0,332530.0,5.96995175879397,3.527569385194479,2.4423823735994907
PEI5mgmL_50°C_Abs.TXT,PEI5mgmL,50°C,Abs,1507,4550.28,100.0,332530.0,5.96993216080402,3.527546549560853,2.442385611243167
PEI5mgmL_50°C_Abs.TXT,PEI5mgmL,50°C,Abs,1508,4552.88,100.0,332530.0,5.96991256281407,3.527523713927227,2.442388848886843
PEI5mgmL_50°C_Abs.TXT,PEI5mgmL,50°C,Abs,1509,4555.58,100.0,332530.0,5.969892211055276,3.5275,2.4423922110552763
PEI5mgmL_50°C_Abs.TXT,PEI5mgmL,50°C,Abs,1510,4558.18,100.0,332530.0,5.969872613065326,3.52747075,2.442401863065326
PEI5mgmL_50°C_Abs.TXT,PEI5mgmL,50°C,Abs,1511,4566.38,100.0,332530.0,5.9698108040201,3.5273784999999998,2.4424323040201004
PEI5mgmL_50°C_Abs.TXT,PEI5mgmL,50°C,Abs,1512,4574.18,100.0,332530.0,5.969752010050251,3.52729075,2.442461260050251
PEI5mgmL_50°C_Abs.TXT,PEI5mgmL,50°C,Abs,1513,4581.08,100.0,332530.0,5.9697,3.527213125,2.4424868749999997
PEI5mgmL_50°C_Abs.TXT,PEI5mgmL,50°C,Abs,1514,4583.58,100.0,332530.0,5.96968743718593,3.527185,2.44250243718593
PEI5mgmL_50°C_Abs.TXT,PEI5mgmL,50°C,Abs,1515,4586.18,100.0,332530.0,5.969674371859296,3.52715575,2.442518621859296
PEI5mgmL_50°C_Abs.TXT,PEI5mgmL,50°C,Abs,1516,4588.78,100.0,332530.0,5.969661306532663,3.5271265,2.4425348065326626
PEI5mgmL_50°C_Abs.TXT,PEI5mgmL,50°C,Abs,1517,4591.18,100.0,332530.0,5.969649246231155,3.5270995,2.442549746231155
PEI5mgmL_50°C_Abs.TXT,PEI5mgmL,50°C,Abs,1518,4593.78,100.0,332530.0,5.969636180904522,3.52707025,2.442565930904522
PEI5mgmL_50°C_Abs.TXT,PEI5mgmL,50°C,Abs,1519,4596.4800000000005,100.0,332530.0,5.969622613065326,3.527039875,2.442582738065326
PEI5mgmL_50°C_Abs.TXT,PEI5mgmL,50°C,Abs,1520,4599.28,100.0,332530.0,5.9696085427135674,3.527008375,2.4426001677135676
PEI5mgmL_50°C_Abs.TXT,PEI5mgmL,50°C,Abs,1521,4601.9800000000005,100.0,332530.0,5.969594974874371,3.526978,2.442616974874371
PEI5mgmL_50°C_Abs.TXT,PEI5mgmL,50°C,Abs,1522,4604.58,100.0,332530.0,5.969581909547738,3.52694875,2.4426331595477384
PEI5mgmL_50°C_Abs.TXT,PEI5mgmL,50°C,Abs,1523,4607.08,100.0,332530.0,5.969569346733668,3.5269206250000003,2.442648721733668
PEI5mgmL_50°C_Abs.TXT,PEI5mgmL,50°C,Abs,1524,4609.88,100.0,332530.0,5.969555276381909,3.5268891250000003,2.442666151381909
PEI5mgmL_50°C_Abs.TXT,PEI5mgmL,50°C,Abs,1525,4612.28,100.0,332530.0,5.969543216080401,3.526862125,2.4426810910804013
PEI5mgmL_50°C_Abs.TXT,PEI5mgmL,50°C,Abs,1526,4614.88,100.0,332530.0,5.969530150753768,3.526832875,2.442697275753768
PEI5mgmL_50°C_Abs.TXT,PEI5mgmL,50°C,Abs,1527,4619.9800000000005,100.0,332530.0,5.9695045226130645,3.5267755000000003,2.4427290226130642
PEI5mgmL_50°C_Abs.TXT,PEI5mgmL,50°C,Abs,1528,4622.4800000000005,100.0,332530.0,5.969491959798995,3.5267473750000002,2.4427445847989944
PEI5mgmL_50°C_Abs.TXT,PEI5mgmL,50°C,Abs,1529,4625.08,100.0,332530.0,5.969478894472362,3.526718125,2.4427607694723616
PEI5mgmL_50°C_Abs.TXT,PEI5mgmL,50°C,Abs,1530,4627.4800000000005,100.0,332530.0,5.969466834170854,3.526691125,2.4427757091708537
PEI5mgmL_50°C_Abs.TXT,PEI5mgmL,50°C,Abs,1531,4630.28,100.0,332530.0,5.9694527638190955,3.526659625,2.4427931388190953
PEI5mgmL_50°C_Abs.TXT,PEI5mgmL,50°C,Abs,1532,4632.88,100.0,332530.0,5.969439698492462,3.5266303750000003,2.4428093234924613
PEI5mgmL_50°C_Abs.TXT,PEI5mgmL,50°C,Abs,1533,4635.58,100.0,332530.0,5.969426130653266,3.5266,2.442826130653266
PEI5mgmL_50°C_Abs.TXT,PEI5mgmL,50°C,Abs,1534,4638.18,100.0,332530.0,5.969413065326632,3.526570304568528,2.4428427607581042
PEI5mgmL_50°C_Abs.TXT,PEI5mgmL,50°C,Abs,1535,4645.88,100.0,332530.0,5.969374371859296,3.5264823604060913,2.442892011453205
PEI5mgmL_50°C_Abs.TXT,PEI5mgmL,50°C,Abs,1536,4653.78,100.0,332530.0,5.969334673366834,3.5263921319796956,2.4429425413871386
PEI5mgmL_50°C_Abs.TXT,PEI5mgmL,50°C,Abs,1537,4660.68,100.0,332530.0,5.9693,3.5263133248730965,2.442986675126903
PEI5mgmL_50°C_Abs.TXT,PEI5mgmL,50°C,Abs,1538,4663.28,100.0,332530.0,5.969276962025316,3.5262836294416244,2.4429933325836917
PEI5mgmL_50°C_Abs.TXT,PEI5mgmL,50°C,Abs,1539,4665.68,100.0,332530.0,5.969255696202532,3.5262562182741117,2.44299947792842
PEI5mgmL_50°C_Abs.TXT,PEI5mgmL,50°C,Abs,1540,4668.18,100.0,332530.0,5.969233544303797,3.5262276649746194,2.4430058793291773
PEI5mgmL_50°C_Abs.TXT,PEI5mgmL,50°C,Abs,1541,4670.58,100.0,332530.0,5.969212278481012,3.5262002538071067,2.4430120246739055
PEI5mgmL_50°C_Abs.TXT,PEI5mgmL,50°C,Abs,1542,4673.18,100.0,332530.0,5.969189240506329,3.5261705583756346,2.443018682130694
PEI5mgmL_50°C_Abs.TXT,PEI5mgmL,50°C,Abs,1543,4675.78,100.0,332530.0,5.969166202531645,3.5261408629441626,2.4430253395874826
PEI5mgmL_50°C_Abs.TXT,PEI5mgmL,50°C,Abs,1544,4678.38,100.0,332530.0,5.969143164556962,3.5261111675126906,2.443031997044271
PEI5mgmL_50°C_Abs.TXT,PEI5mgmL,50°C,Abs,1545,4681.08,100.0,332530.0,5.969119240506329,3.5260803299492385,2.44303891055709
PEI5mgmL_50°C_Abs.TXT,PEI5mgmL,50°C,Abs,1546,4683.4800000000005,100.0,332530.0,5.969097974683544,3.5260529187817258,2.4430450559018184
PEI5mgmL_50°C_Abs.TXT,PEI5mgmL,50°C,Abs,1547,4685.9800000000005,100.0,332530.0,5.96907582278481,3.5260243654822334,2.443051457302577
PEI5mgmL_50°C_Abs.TXT,PEI5mgmL,50°C,Abs,1548,4688.68,100.0,332530.0,5.969051898734177,3.5259935279187817,2.4430583708153955
PEI5mgmL_50°C_Abs.TXT,PEI5mgmL,50°C,Abs,1549,4691.18,100.0,332530.0,5.969029746835443,3.5259649746192894,2.443064772216154
PEI5mgmL_50°C_Abs.TXT,PEI5mgmL,50°C,Abs,1550,4693.78,100.0,332530.0,5.96900670886076,3.5259352791878174,2.4430714296729423
PEI5mgmL_50°C_Abs.TXT,PEI5mgmL,50°C,Abs,1551,4698.78,100.0,332530.0,5.968962405063291,3.5258781725888326,2.443084232474458
PEI5mgmL_50°C_Abs.TXT,PEI5mgmL,50°C,Abs,1552,4701.4800000000005,100.0,332530.0,5.968938481012658,3.525847335025381,2.443091145987277
PEI5mgmL_50°C_Abs.TXT,PEI5mgmL,50°C,Abs,1553,4703.9800000000005,100.0,332530.0,5.968916329113924,3.5258187817258886,2.443097547388035
PEI5mgmL_50°C_Abs.TXT,PEI5mgmL,50°C,Abs,1554,4706.58,100.0,332530.0,5.96889329113924,3.525789086294416,2.443104204844824
PEI5mgmL_50°C_Abs.TXT,PEI5mgmL,50°C,Abs,1555,4709.28,100.0,332530.0,5.968869367088607,3.5257582487309644,2.443111118357643
PEI5mgmL_50°C_Abs.TXT,PEI5mgmL,50°C,Abs,1556,4711.88,100.0,332530.0,5.968846329113924,3.5257285532994924,2.4431177758144313
PEI5mgmL_50°C_Abs.TXT,PEI5mgmL,50°C,Abs,1557,4714.38,100.0,332530.0,5.96882417721519,3.5257,2.4431241772151897
PEI5mgmL_50°C_Abs.TXT,PEI5mgmL,50°C,Abs,1558,4717.28,100.0,332530.0,5.968798481012659,3.5256696335078535,2.443128847504805
PEI5mgmL_50°C_Abs.TXT,PEI5mgmL,50°C,Abs,1559,4724.9800000000005,100.0,332530.0,5.968730253164557,3.5255890052356023,2.4431412479289545
PEI5mgmL_50°C_Abs.TXT,PEI5mgmL,50°C,Abs,1560,4732.58,100.0,332530.0,5.968662911392405,3.52550942408377,2.4431534873086354
PEI5mgmL_50°C_Abs.TXT,PEI5mgmL,50°C,Abs,1561,4739.68,100.0,332530.0,5.9686,3.5254350785340316,2.4431649214659688
PEI5mgmL_50°C_Abs.TXT,PEI5mgmL,50°C,Abs,1562,4742.18,100.0,332530.0,5.968577154046998,3.5254089005235603,2.443168253523438
PEI5mgmL_50°C_Abs.TXT,PEI5mgmL,50°C,Abs,1563,4744.58,100.0,332530.0,5.968555221932116,3.5253837696335077,2.443171452298608
PEI5mgmL_50°C_Abs.TXT,PEI5mgmL,50°C,Abs,1564,4746.9800000000005,100.0,332530.0,5.968533289817232,3.5253586387434557,2.4431746510737766
PEI5mgmL_50°C_Abs.TXT,PEI5mgmL,50°C,Abs,1565,4749.4800000000005,100.0,332530.0,5.96851044386423,3.5253324607329843,2.4431779831312457
PEI5mgmL_50°C_Abs.TXT,PEI5mgmL,50°C,Abs,1566,4752.28,100.0,332530.0,5.968484856396867,3.5253031413612566,2.4431817150356108
PEI5mgmL_50°C_Abs.TXT,PEI5mgmL,50°C,Abs,1567,4754.68,100.0,332530.0,5.968462924281985,3.5252780104712045,2.4431849138107804
PEI5mgmL_50°C_Abs.TXT,PEI5mgmL,50°C,Abs,1568,4757.28,100.0,332530.0,5.968439164490862,3.5252507853403143,2.4431883791505475
PEI5mgmL_50°C_Abs.TXT,PEI5mgmL,50°C,Abs,1569,4759.78,100.0,332530.0,5.96841631853786,3.525224607329843,2.4431917112080166
PEI5mgmL_50°C_Abs.TXT,PEI5mgmL,50°C,Abs,1570,4762.28,100.0,332530.0,5.968393472584856,3.5251984293193717,2.4431950432654848
PEI5mgmL_50°C_Abs.TXT,PEI5mgmL,50°C,Abs,1571,4765.08,100.0,332530.0,5.968367885117494,3.525169109947644,2.44319877516985
PEI5mgmL_50°C_Abs.TXT,PEI5mgmL,50°C,Abs,1572,4767.58,100.0,332530.0,5.968345039164491,3.525142931937173,2.4432021072273185
PEI5mgmL_50°C_Abs.TXT,PEI5mgmL,50°C,Abs,1573,4770.28,100.0,332530.0,5.968320365535249,3.525114659685864,2.4432057058493846
PEI5mgmL_50°C_Abs.TXT,PEI5mgmL,50°C,Abs,1574,4772.9800000000005,100.0,332530.0,5.968295691906006,3.525086387434555,2.4432093044714507
PEI5mgmL_50°C_Abs.TXT,PEI5mgmL,50°C,Abs,1575,4775.58,100.0,332530.0,5.968271932114883,3.525059162303665,2.443212769811218
PEI5mgmL_50°C_Abs.TXT,PEI5mgmL,50°C,Abs,1576,4778.18,100.0,332530.0,5.96824817232376,3.525031937172775,2.4432162351509845
PEI5mgmL_50°C_Abs.TXT,PEI5mgmL,50°C,Abs,1577,4780.58,100.0,332530.0,5.968226240208877,3.5250068062827227,2.4432194339261546
PEI5mgmL_50°C_Abs.TXT,PEI5mgmL,50°C,Abs,1578,4783.28,100.0,332530.0,5.968201566579634,3.5249785340314137,2.4432230325482207
PEI5mgmL_50°C_Abs.TXT,PEI5mgmL,50°C,Abs,1579,4785.88,100.0,332530.0,5.968177806788512,3.5249513089005235,2.4432264978879887
PEI5mgmL_50°C_Abs.TXT,PEI5mgmL,50°C,Abs,1580,4788.38,100.0,332530.0,5.968154960835509,3.5249251308900527,2.4432298299454565
PEI5mgmL_50°C_Abs.TXT,PEI5mgmL,50°C,Abs,1581,4790.78,100.0,332530.0,5.968133028720627,3.5249,2.4432330287206265
PEI5mgmL_50°C_Abs.TXT,PEI5mgmL,50°C,Abs,1582,4793.38,100.0,332530.0,5.9681092689295046,3.5248697283311774,2.443239540598327
PEI5mgmL_50°C_Abs.TXT,PEI5mgmL,50°C,Abs,1583,4801.28,100.0,332530.0,5.968037075718016,3.5247777490297545,2.443259326688261
PEI5mgmL_50°C_Abs.TXT,PEI5mgmL,50°C,Abs,1584,4809.18,100.0,332530.0,5.967964882506528,3.524685769728331,2.4432791127781965
PEI5mgmL_50°C_Abs.TXT,PEI5mgmL,50°C,Abs,1585,4816.28,100.0,332530.0,5.9679,3.524603104786546,2.443296895213454
PEI5mgmL_50°C_Abs.TXT,PEI5mgmL,50°C,Abs,1586,4818.68,100.0,332530.0,5.967890563564875,3.5245751617076326,2.4433154018572427
PEI5mgmL_50°C_Abs.TXT,PEI5mgmL,50°C,Abs,1587,4821.18,100.0,332530.0,5.967880733944955,3.5245460543337646,2.44333467961119
PEI5mgmL_50°C_Abs.TXT,PEI5mgmL,50°C,Abs,1588,4823.78,100.0,332530.0,5.967870511140236,3.524515782664942,2.4433547284752946
PEI5mgmL_50°C_Abs.TXT,PEI5mgmL,50°C,Abs,1589,4826.28,100.0,332530.0,5.967860681520315,3.5244866752910737,2.443374006229241
PEI5mgmL_50°C_Abs.TXT,PEI5mgmL,50°C,Abs,1590,4829.08,100.0,332530.0,5.967849672346003,3.5244540750323416,2.4433955973136614
PEI5mgmL_50°C_Abs.TXT,PEI5mgmL,50°C,Abs,1591,4831.4800000000005,100.0,332530.0,5.967840235910878,3.5244261319534282,2.44341410395745
PEI5mgmL_50°C_Abs.TXT,PEI5mgmL,50°C,Abs,1592,4834.28,100.0,332530.0,5.9678292267365665,3.524393531694696,2.4434356950418703
PEI5mgmL_50°C_Abs.TXT,PEI5mgmL,50°C,Abs,1593,4836.9800000000005,100.0,332530.0,5.9678186107470514,3.5243620957309187,2.4434565150161327
PEI5mgmL_50°C_Abs.TXT,PEI5mgmL,50°C,Abs,1594,4839.58,100.0,332530.0,5.967808387942333,3.524331824062096,2.443476563880237
PEI5mgmL_50°C_Abs.TXT,PEI5mgmL,50°C,Abs,1595,4842.08,100.0,332530.0,5.967798558322412,3.524302716688228,2.4434958416341837
PEI5mgmL_50°C_Abs.TXT,PEI5mgmL,50°C,Abs,1596,4844.58,100.0,332530.0,5.96778872870249,3.52427360931436,2.44351511938813
PEI5mgmL_50°C_Abs.TXT,PEI5mgmL,50°C,Abs,1597,4847.28,100.0,332530.0,5.967778112712975,3.524242173350582,2.443535939362393
PEI5mgmL_50°C_Abs.TXT,PEI5mgmL,50°C,Abs,1598,4849.78,100.0,332530.0,5.967768283093054,3.5242130659767144,2.44355521711634
PEI5mgmL_50°C_Abs.TXT,PEI5mgmL,50°C,Abs,1599,4852.4800000000005,100.0,332530.0,5.967757667103538,3.5241816300129365,2.443576037090602
PEI5mgmL_50°C_Abs.TXT,PEI5mgmL,50°C,Abs,1600,4855.08,100.0,332530.0,5.967747444298821,3.5241513583441137,2.4435960859547072
PEI5mgmL_50°C_Abs.TXT,PEI5mgmL,50°C,Abs,1601,4857.78,100.0,332530.0,5.967736828309305,3.5241199223803363,2.4436169059289687
PEI5mgmL_50°C_Abs.TXT,PEI5mgmL,50°C,Abs,1602,4860.28,100.0,332530.0,5.967726998689384,3.5240908150064683,2.443636183682916
PEI5mgmL_50°C_Abs.TXT,PEI5mgmL,50°C,Abs,1603,4863.08,100.0,332530.0,5.967715989515072,3.524058214747736,2.4436577747673356
PEI5mgmL_50°C_Abs.TXT,PEI5mgmL,50°C,Abs,1604,4865.58,100.0,332530.0,5.967706159895151,3.524029107373868,2.443677052521283
PEI5mgmL_50°C_Abs.TXT,PEI5mgmL,50°C,Abs,1605,4868.08,100.0,332530.0,5.9676963302752295,3.524,2.4436963302752295
PEI5mgmL_50°C_Abs.TXT,PEI5mgmL,50°C,Abs,1606,4870.68,100.0,332530.0,5.967686107470511,3.5239725955204215,2.4437135119500897
PEI5mgmL_50°C_Abs.TXT,PEI5mgmL,50°C,Abs,1607,4878.28,100.0,332530.0,5.967656225425951,3.5238924901185773,2.4437637353073733
PEI5mgmL_50°C_Abs.TXT,PEI5mgmL,50°C,Abs,1608,4885.88,100.0,332530.0,5.967626343381389,3.5238123847167326,2.4438139586646566
PEI5mgmL_50°C_Abs.TXT,PEI5mgmL,50°C,Abs,1609,4892.58,100.0,332530.0,5.9676,3.523741765480896,2.4438582345191042
PEI5mgmL_50°C_Abs.TXT,PEI5mgmL,50°C,Abs,1610,4895.18,100.0,332530.0,5.967576115485564,3.5237143610013177,2.4438617544842467
PEI5mgmL_50°C_Abs.TXT,PEI5mgmL,50°C,Abs,1611,4897.68,100.0,332530.0,5.9675531496062995,3.5236880105401847,2.443865139066115
PEI5mgmL_50°C_Abs.TXT,PEI5mgmL,50°C,Abs,1612,4900.18,100.0,332530.0,5.9675301837270345,3.5236616600790516,2.443868523647983
PEI5mgmL_50°C_Abs.TXT,PEI5mgmL,50°C,Abs,1613,4902.78,100.0,332530.0,5.967506299212598,3.523634255599473,2.443872043613125
PEI5mgmL_50°C_Abs.TXT,PEI5mgmL,50°C,Abs,1614,4905.28,100.0,332530.0,5.967483333333333,3.52360790513834,2.443875428194993
PEI5mgmL_50°C_Abs.TXT,PEI5mgmL,50°C,Abs,1615,4907.9800000000005,100.0,332530.0,5.967458530183727,3.523579446640316,2.4438790835434108
PEI5mgmL_50°C_Abs.TXT,PEI5mgmL,50°C,Abs,1616,4910.4800000000005,100.0,332530.0,5.967435564304462,3.523553096179183,2.443882468125279
PEI5mgmL_50°C_Abs.TXT,PEI5mgmL,50°C,Abs,1617,4913.28,100.0,332530.0,5.967409842519685,3.523523583662714,2.443886258856971
PEI5mgmL_50°C_Abs.TXT,PEI5mgmL,50°C,Abs,1618,4915.68,100.0,332530.0,5.967387795275591,3.5234982872200264,2.4438895080555643
PEI5mgmL_50°C_Abs.TXT,PEI5mgmL,50°C,Abs,1619,4918.38,100.0,332530.0,5.9673629921259845,3.5234698287220025,2.443893163403982
PEI5mgmL_50°C_Abs.TXT,PEI5mgmL,50°C,Abs,1620,4920.9800000000005,100.0,332530.0,5.967339107611549,3.5234424242424245,2.4438966833691245
PEI5mgmL_50°C_Abs.TXT,PEI5mgmL,50°C,Abs,1621,4923.38,100.0,332530.0,5.967317060367454,3.5234171277997364,2.4438999325677173
PEI5mgmL_50°C_Abs.TXT,PEI5mgmL,50°C,Abs,1622,4925.9800000000005,100.0,332530.0,5.967293175853018,3.5233897233201583,2.44390345253286
PEI5mgmL_50°C_Abs.TXT,PEI5mgmL,50°C,Abs,1623,4928.4800000000005,100.0,332530.0,5.967270209973753,3.5233633728590252,2.443906837114728
PEI5mgmL_50°C_Abs.TXT,PEI5mgmL,50°C,Abs,1624,4931.18,100.0,332530.0,5.967245406824147,3.5233349143610013,2.4439104924631456
PEI5mgmL_50°C_Abs.TXT,PEI5mgmL,50°C,Abs,1625,4933.58,100.0,332530.0,5.967223359580053,3.5233096179183137,2.443913741661739
PEI5mgmL_50°C_Abs.TXT,PEI5mgmL,50°C,Abs,1626,4936.08,100.0,332530.0,5.967200393700788,3.5232832674571806,2.443917126243607
PEI5mgmL_50°C_Abs.TXT,PEI5mgmL,50°C,Abs,1627,4938.78,100.0,332530.0,5.967175590551181,3.523254808959157,2.4439207815920243
PEI5mgmL_50°C_Abs.TXT,PEI5mgmL,50°C,Abs,1628,4941.38,100.0,332530.0,5.967151706036745,3.5232274044795786,2.4439243015571663
PEI5mgmL_50°C_Abs.TXT,PEI5mgmL,50°C,Abs,1629,4943.9800000000005,100.0,332530.0,5.967127821522309,3.5232,2.4439278215223093
PEI5mgmL_50°C_Abs.TXT,PEI5mgmL,50°C,Abs,1630,4946.58,100.0,332530.0,5.967103937007874,3.52316953125,2.4439344057578736
PEI5mgmL_50°C_Abs.TXT,PEI5mgmL,50°C,Abs,1631,4954.58,100.0,332530.0,5.967030446194226,3.52307578125,2.4439546649442256
PEI5mgmL_50°C_Abs.TXT,PEI5mgmL,50°C,Abs,1632,4962.28,100.0,332530.0,5.966959711286089,3.522985546875,2.4439741644110886
PEI5mgmL_50°C_Abs.TXT,PEI5mgmL,50°C,Abs,1633,4968.78,100.0,332530.0,5.9669,3.5229093750000002,2.4439906249999996
PEI5mgmL_50°C_Abs.TXT,PEI5mgmL,50°C,Abs,1634,4971.28,100.0,332530.0,5.966880494148245,3.522880078125,2.4440004160232447
PEI5mgmL_50°C_Abs.TXT,PEI5mgmL,50°C,Abs,1635,4973.9800000000005,100.0,332530.0,5.966859427828348,3.5228484375,2.4440109903283482
PEI5mgmL_50°C_Abs.TXT,PEI5mgmL,50°C,Abs,1636,4976.38,100.0,332530.0,5.966840702210663,3.5228203125,2.4440203897106634
PEI5mgmL_50°C_Abs.TXT,PEI5mgmL,50°C,Abs,1637,4979.08,100.0,332530.0,5.966819635890767,3.522788671875,2.444030964015767
PEI5mgmL_50°C_Abs.TXT,PEI5mgmL,50°C,Abs,1638,4981.78,100.0,332530.0,5.966798569570871,3.52275703125,2.4440415383208713
PEI5mgmL_50°C_Abs.TXT,PEI5mgmL,50°C,Abs,1639,4984.4800000000005,100.0,332530.0,5.966777503250976,3.5227253906250002,2.4440521126259753
PEI5mgmL_50°C_Abs.TXT,PEI5mgmL,50°C,Abs,1640,4987.08,100.0,332530.0,5.966757217165149,3.522694921875,2.4440622952901494
PEI5mgmL_50°C_Abs.TXT,PEI5mgmL,50°C,Abs,1641,4989.78,100.0,332530.0,5.966736150845254,3.52266328125,2.444072869595254
PEI5mgmL_50°C_Abs.TXT,PEI5mgmL,50°C,Abs,1642,4992.28,100.0,332530.0,5.9667166449934985,3.522633984375,2.4440826606184984
PEI5mgmL_50°C_Abs.TXT,PEI5mgmL,50°C,Abs,1643,4994.68,100.0,332530.0,5.966697919375813,3.522605859375,2.4440920600008127
PEI5mgmL_50°C_Abs.TXT,PEI5mgmL,50°C,Abs,1644,4997.28,100.0,332530.0,5.966677633289987,3.522575390625,2.444102242664987
PEI5mgmL_50°C_Abs.TXT,PEI5mgmL,50°C,Abs,1645,4999.88,100.0,332530.0,5.966657347204161,3.5225449218750002,2.444112425329161
PEI5mgmL_50°C_Abs.TXT,PEI5mgmL,50°C,Abs,1646,5002.4800000000005,100.0,332530.0,5.966637061118336,3.522514453125,2.444122607993336
PEI5mgmL_50°C_Abs.TXT,PEI5mgmL,50°C,Abs,1647,5004.9800000000005,100.0,332530.0,5.96661755526658,3.52248515625,2.4441323990165795
PEI5mgmL_50°C_Abs.TXT,PEI5mgmL,50°C,Abs,1648,5007.78,100.0,332530.0,5.966595708712614,3.52245234375,2.444143364962614
PEI5mgmL_50°C_Abs.TXT,PEI5mgmL,50°C,Abs,1649,5010.28,100.0,332530.0,5.966576202860859,3.522423046875,2.4441531559858585
PEI5mgmL_50°C_Abs.TXT,PEI5mgmL,50°C,Abs,1650,5012.68,100.0,332530.0,5.966557477243173,3.522394921875,2.4441625553681727
PEI5mgmL_50°C_Abs.TXT,PEI5mgmL,50°C,Abs,1651,5015.4800000000005,100.0,332530.0,5.966535630689207,3.522362109375,2.444173521314207
PEI5mgmL_50°C_Abs.TXT,PEI5mgmL,50°C,Abs,1652,5017.9800000000005,100.0,332530.0,5.966516124837452,3.5223328125,2.4441833123374517
PEI5mgmL_50°C_Abs.TXT,PEI5mgmL,50°C,Abs,1653,5020.78,100.0,332530.0,5.966494278283485,3.5223,2.444194278283485
PEI5mgmL_50°C_Abs.TXT,PEI5mgmL,50°C,Abs,1654,5023.38,100.0,332530.0,5.96647399219766,3.5222729166666666,2.444201075530993
PEI5mgmL_50°C_Abs.TXT,PEI5mgmL,50°C,Abs,1655,5030.9800000000005,100.0,332530.0,5.966414694408323,3.52219375,2.444220944408323
PEI5mgmL_50°C_Abs.TXT,PEI5mgmL,50°C,Abs,1656,5038.88,100.0,332530.0,5.966353055916775,3.5221114583333333,2.4442415975834417
PEI5mgmL_50°C_Abs.TXT,PEI5mgmL,50°C,Abs,1657,5045.68,100.0,332530.0,5.9663,3.522040625,2.4442593750000006
PEI5mgmL_50°C_Abs.TXT,PEI5mgmL,50°C,Abs,1658,5048.38,100.0,332530.0,5.966289439374186,3.5220125,2.4442769393741854
PEI5mgmL_50°C_Abs.TXT,PEI5mgmL,50°C,Abs,1659,5050.88,100.0,332530.0,5.96627966101695,3.5219864583333336,2.444293202683616
PEI5mgmL_50°C_Abs.TXT,PEI5mgmL,50°C,Abs,1660,5053.58,100.0,332530.0,5.966269100391135,3.5219583333333335,2.4443107670578015
PEI5mgmL_50°C_Abs.TXT,PEI5mgmL,50°C,Abs,1661,5055.9800000000005,100.0,332530.0,5.9662597131681885,3.521933333333333,2.4443263798348553
PEI5mgmL_50°C_Abs.TXT,PEI5mgmL,50°C,Abs,1662,5058.78,100.0,332530.0,5.9662487614080835,3.521904166666667,2.4443445947414166
PEI5mgmL_50°C_Abs.TXT,PEI5mgmL,50°C,Abs,1663,5061.28,100.0,332530.0,5.9662389830508475,3.521878125,2.4443608580508474
PEI5mgmL_50°C_Abs.TXT,PEI5mgmL,50°C,Abs,1664,5064.08,100.0,332530.0,5.966228031290743,3.5218489583333334,2.44437907295741
PEI5mgmL_50°C_Abs.TXT,PEI5mgmL,50°C,Abs,1665,5066.68,100.0,332530.0,5.966217861799218,3.521821875,2.444395986799218
PEI5mgmL_50°C_Abs.TXT,PEI5mgmL,50°C,Abs,1666,5069.18,100.0,332530.0,5.966208083441982,3.5217958333333335,2.4444122501086487
PEI5mgmL_50°C_Abs.TXT,PEI5mgmL,50°C,Abs,1667,5071.78,100.0,332530.0,5.966197913950457,3.52176875,2.4444291639504567
PEI5mgmL_50°C_Abs.TXT,PEI5mgmL,50°C,Abs,1668,5074.28,100.0,332530.0,5.966188135593221,3.5217427083333335,2.4444454272598874
PEI5mgmL_50°C_Abs.TXT,PEI5mgmL,50°C,Abs,1669,5077.08,100.0,332530.0,5.966177183833116,3.5217135416666667,2.444463642166449
PEI5mgmL_50°C_Abs.TXT,PEI5mgmL,50°C,Abs,1670,5079.58,100.0,332530.0,5.96616740547588,3.5216875,2.44447990547588
PEI5mgmL_50°C_Abs.TXT,PEI5mgmL,50°C,Abs,1671,5082.38,100.0,332530.0,5.966156453715776,3.5216583333333333,2.4444981203824425
PEI5mgmL_50°C_Abs.TXT,PEI5mgmL,50°C,Abs,1672,5084.78,100.0,332530.0,5.966147066492829,3.5216333333333334,2.444513733159496
PEI5mgmL_50°C_Abs.TXT,PEI5mgmL,50°C,Abs,1673,5087.18,100.0,332530.0,5.966137679269883,3.5216083333333335,2.4445293459365494
PEI5mgmL_50°C_Abs.TXT,PEI5mgmL,50°C,Abs,1674,5089.78,100.0,332530.0,5.9661275097783575,3.52158125,2.4445462597783574
PEI5mgmL_50°C_Abs.TXT,PEI5mgmL,50°C,Abs,1675,5092.28,100.0,332530.0,5.966117731421122,3.5215552083333335,2.444562523087788
PEI5mgmL_50°C_Abs.TXT,PEI5mgmL,50°C,Abs,1676,5095.08,100.0,332530.0,5.966106779661017,3.5215260416666667,2.4445807379943507
PEI5mgmL_50°C_Abs.TXT,PEI5mgmL,50°C,Abs,1677,5097.58,100.0,332530.0,5.9660970013037815,3.5215,2.4445970013037814
PEI5mgmL_50°C_Abs.TXT,PEI5mgmL,50°C,Abs,1678,5100.18,100.0,332530.0,5.966086831812256,3.5214625654450264,2.4446242663672297
PEI5mgmL_50°C_Abs.TXT,PEI5mgmL,50°C,Abs,1679,5107.9800000000005,100.0,332530.0,5.966056323337679,3.5213502617801047,2.4447060615575746
PEI5mgmL_50°C_Abs.TXT,PEI5mgmL,50°C,Abs,1680,5115.58,100.0,332530.0,5.966026597131682,3.521240837696335,2.444785759435347
PEI5mgmL_50°C_Abs.TXT,PEI5mgmL,50°C,Abs,1681,5122.38,100.0,332530.0,5.966,3.521142931937173,2.444857068062827
PEI5mgmL_50°C_Abs.TXT,PEI5mgmL,50°C,Abs,1682,5124.9800000000005,100.0,332530.0,5.965983094928479,3.521105497382199,2.44487759754628
PEI5mgmL_50°C_Abs.TXT,PEI5mgmL,50°C,Abs,1683,5127.4800000000005,100.0,332530.0,5.965966840052015,3.521069502617801,2.4448973374342144
PEI5mgmL_50°C_Abs.TXT,PEI5mgmL,50°C,Abs,1684,5130.08,100.0,332530.0,5.965949934980494,3.5210320680628273,2.4449178669176668
PEI5mgmL_50°C_Abs.TXT,PEI5mgmL,50°C,Abs,1685,5132.58,100.0,332530.0,5.9659336801040315,3.5209960732984293,2.444937606805602
PEI5mgmL_50°C_Abs.TXT,PEI5mgmL,50°C,Abs,1686,5135.18,100.0,332530.0,5.96591677503251,3.5209586387434557,2.4449581362890545
PEI5mgmL_50°C_Abs.TXT,PEI5mgmL,50°C,Abs,1687,5137.68,100.0,332530.0,5.965900520156047,3.5209226439790577,2.444977876176989
PEI5mgmL_50°C_Abs.TXT,PEI5mgmL,50°C,Abs,1688,5140.28,100.0,332530.0,5.965883615084525,3.5208852094240837,2.4449984056604417
PEI5mgmL_50°C_Abs.TXT,PEI5mgmL,50°C,Abs,1689,5143.08,100.0,332530.0,5.965865409622887,3.5208448952879583,2.4450205143349284
PEI5mgmL_50°C_Abs.TXT,PEI5mgmL,50°C,Abs,1690,5145.58,100.0,332530.0,5.965849154746424,3.5208089005235603,2.4450402542228638
PEI5mgmL_50°C_Abs.TXT,PEI5mgmL,50°C,Abs,1691,5148.28,100.0,332530.0,5.965831599479844,3.5207700261780106,2.4450615733018335
PEI5mgmL_50°C_Abs.TXT,PEI5mgmL,50°C,Abs,1692,5150.78,100.0,332530.0,5.965815344603381,3.5207340314136126,2.445081313189768
PEI5mgmL_50°C_Abs.TXT,PEI5mgmL,50°C,Abs,1693,5153.4800000000005,100.0,332530.0,5.965797789336801,3.520695157068063,2.4451026322687377
PEI5mgmL_50°C_Abs.TXT,PEI5mgmL,50°C,Abs,1694,5156.18,100.0,332530.0,5.965780234070221,3.520656282722513,2.4451239513477074
PEI5mgmL_50°C_Abs.TXT,PEI5mgmL,50°C,Abs,1695,5158.88,100.0,332530.0,5.965762678803641,3.5206174083769635,2.445145270426677
PEI5mgmL_50°C_Abs.TXT,PEI5mgmL,50°C,Abs,1696,5161.28,100.0,332530.0,5.965747074122237,3.520582853403141,2.4451642207190956
PEI5mgmL_50°C_Abs.TXT,PEI5mgmL,50°C,Abs,1697,5163.78,100.0,332530.0,5.965730819245773,3.5205468586387436,2.4451839606070296
PEI5mgmL_50°C_Abs.TXT,PEI5mgmL,50°C,Abs,1698,5166.4800000000005,100.0,332530.0,5.965713263979193,3.520507984293194,2.4452052796859993
PEI5mgmL_50°C_Abs.TXT,PEI5mgmL,50°C,Abs,1699,5168.9800000000005,100.0,332530.0,5.965697009102731,3.520471989528796,2.4452250195739347
PEI5mgmL_50°C_Abs.TXT,PEI5mgmL,50°C,Abs,1700,5171.58,100.0,332530.0,5.965680104031209,3.520434554973822,2.4452455490573874
PEI5mgmL_50°C_Abs.TXT,PEI5mgmL,50°C,Abs,1701,5173.9800000000005,100.0,332530.0,5.9656644993498045,3.5204,2.4452644993498045
PEI5mgmL_50°C_Abs.TXT,PEI5mgmL,50°C,Abs,1702,5176.58,100.0,332530.0,5.965647594278283,3.520376394293126,2.4452711999851573
PEI5mgmL_50°C_Abs.TXT,PEI5mgmL,50°C,Abs,1703,5184.4800000000005,100.0,332530.0,5.965596228868661,3.5203046692607005,2.44529155960796
PEI5mgmL_50°C_Abs.TXT,PEI5mgmL,50°C,Abs,1704,5192.28,100.0,332530.0,5.965545513654096,3.520233852140078,2.445311661514018
PEI5mgmL_50°C_Abs.TXT,PEI5mgmL,50°C,Abs,1705,5199.28,100.0,332530.0,5.9655,3.520170298313878,2.4453297016861217
PEI5mgmL_50°C_Abs.TXT,PEI5mgmL,50°C,Abs,1706,5201.88,100.0,332530.0,5.96547627118644,3.5201466926070037,2.4453295785794364
PEI5mgmL_50°C_Abs.TXT,PEI5mgmL,50°C,Abs,1707,5204.68,100.0,332530.0,5.965450717079531,3.520121271076524,2.4453294460030066
PEI5mgmL_50°C_Abs.TXT,PEI5mgmL,50°C,Abs,1708,5207.18,100.0,332530.0,5.965427900912647,3.5200985732814525,2.4453293276311943
PEI5mgmL_50°C_Abs.TXT,PEI5mgmL,50°C,Abs,1709,5209.88,100.0,332530.0,5.965403259452412,3.5200740596627753,2.4453291997896365
PEI5mgmL_50°C_Abs.TXT,PEI5mgmL,50°C,Abs,1710,5212.38,100.0,332530.0,5.965380443285528,3.5200513618677043,2.4453290814178237
PEI5mgmL_50°C_Abs.TXT,PEI5mgmL,50°C,Abs,1711,5214.78,100.0,332530.0,5.965358539765319,3.520029571984436,2.445328967780883
PEI5mgmL_50°C_Abs.TXT,PEI5mgmL,50°C,Abs,1712,5217.4800000000005,100.0,332530.0,5.965333898305085,3.5200050583657587,2.445328839939326
PEI5mgmL_50°C_Abs.TXT,PEI5mgmL,50°C,Abs,1713,5220.08,100.0,332530.0,5.965310169491525,3.5199814526588846,2.4453287168326407
PEI5mgmL_50°C_Abs.TXT,PEI5mgmL,50°C,Abs,1714,5222.78,100.0,332530.0,5.96528552803129,3.5199569390402075,2.445328588991083
PEI5mgmL_50°C_Abs.TXT,PEI5mgmL,50°C,Abs,1715,5225.18,100.0,332530.0,5.965263624511082,3.519935149156939,2.445328475354143
PEI5mgmL_50°C_Abs.TXT,PEI5mgmL,50°C,Abs,1716,5227.9800000000005,100.0,332530.0,5.965238070404172,3.519909727626459,2.445328342777713
PEI5mgmL_50°C_Abs.TXT,PEI5mgmL,50°C,Abs,1717,5230.58,100.0,332530.0,5.965214341590612,3.5198861219195847,2.4453282196710275
PEI5mgmL_50°C_Abs.TXT,PEI5mgmL,50°C,Abs,1718,5233.28,100.0,332530.0,5.965189700130378,3.519861608300908,2.44532809182947
PEI5mgmL_50°C_Abs.TXT,PEI5mgmL,50°C,Abs,1719,5235.78,100.0,332530.0,5.965166883963494,3.5198389105058365,2.445327973457658
PEI5mgmL_50°C_Abs.TXT,PEI5mgmL,50°C,Abs,1720,5238.28,100.0,332530.0,5.9651440677966105,3.519816212710765,2.4453278550858455
PEI5mgmL_50°C_Abs.TXT,PEI5mgmL,50°C,Abs,1721,5240.78,100.0,332530.0,5.965121251629726,3.5197935149156936,2.4453277367140323
PEI5mgmL_50°C_Abs.TXT,PEI5mgmL,50°C,Abs,1722,5243.28,100.0,332530.0,5.965098435462842,3.5197708171206226,2.4453276183422195
PEI5mgmL_50°C_Abs.TXT,PEI5mgmL,50°C,Abs,1723,5246.08,100.0,332530.0,5.965072881355932,3.5197453955901423,2.44532748576579
PEI5mgmL_50°C_Abs.TXT,PEI5mgmL,50°C,Abs,1724,5248.58,100.0,332530.0,5.965050065189049,3.5197226977950713,2.4453273673939773
PEI5mgmL_50°C_Abs.TXT,PEI5mgmL,50°C,Abs,1725,5251.08,100.0,332530.0,5.965027249022165,3.5197,2.445327249022165
PEI5mgmL_50°C_Abs.TXT,PEI5mgmL,50°C,Abs,1726,5253.58,100.0,332530.0,5.96500443285528,3.519673924380704,2.445330508474576
PEI5mgmL_50°C_Abs.TXT,PEI5mgmL,50°C,Abs,1727,5261.18,100.0,332530.0,5.964935071707953,3.5195946544980443,2.4453404172099087
PEI5mgmL_50°C_Abs.TXT,PEI5mgmL,50°C,Abs,1728,5269.18,100.0,332530.0,5.964862059973925,3.519511212516297,2.4453508474576275
PEI5mgmL_50°C_Abs.TXT,PEI5mgmL,50°C,Abs,1729,5275.9800000000005,100.0,332530.0,5.9648,3.519440286831812,2.4453597131681883
PEI5mgmL_50°C_Abs.TXT,PEI5mgmL,50°C,Abs,1730,5278.38,100.0,332530.0,5.964784334203656,3.519415254237288,2.4453690799663677
PEI5mgmL_50°C_Abs.TXT,PEI5mgmL,50°C,Abs,1731,5281.08,100.0,332530.0,5.964766710182768,3.5193870925684485,2.445379617614319
PEI5mgmL_50°C_Abs.TXT,PEI5mgmL,50°C,Abs,1732,5283.4800000000005,100.0,332530.0,5.964751044386423,3.519362059973924,2.445388984412499
PEI5mgmL_50°C_Abs.TXT,PEI5mgmL,50°C,Abs,1733,5285.9800000000005,100.0,332530.0,5.964734725848564,3.5193359843546284,2.445398741493936
PEI5mgmL_50°C_Abs.TXT,PEI5mgmL,50°C,Abs,1734,5288.78,100.0,332530.0,5.964716449086162,3.519306779661017,2.4454096694251453
PEI5mgmL_50°C_Abs.TXT,PEI5mgmL,50°C,Abs,1735,5291.58,100.0,332530.0,5.96469817232376,3.5192775749674055,2.4454205973563545
PEI5mgmL_50°C_Abs.TXT,PEI5mgmL,50°C,Abs,1736,5294.18,100.0,332530.0,5.964681201044387,3.5192504563233378,2.4454307447210493
PEI5mgmL_50°C_Abs.TXT,PEI5mgmL,50°C,Abs,1737,5296.9800000000005,100.0,332530.0,5.964662924281985,3.519221251629726,2.445441672652259
PEI5mgmL_50°C_Abs.TXT,PEI5mgmL,50°C,Abs,1738,5299.4800000000005,100.0,332530.0,5.964646605744125,3.51919517601043,2.445451429733695
PEI5mgmL_50°C_Abs.TXT,PEI5mgmL,50°C,Abs,1739,5302.28,100.0,332530.0,5.964628328981723,3.5191659713168186,2.4454623576649044
PEI5mgmL_50°C_Abs.TXT,PEI5mgmL,50°C,Abs,1740,5304.78,100.0,332530.0,5.964612010443864,3.519139895697523,2.4454721147463414
PEI5mgmL_50°C_Abs.TXT,PEI5mgmL,50°C,Abs,1741,5307.28,100.0,332530.0,5.9645956919060055,3.5191138200782266,2.445481871827779
PEI5mgmL_50°C_Abs.TXT,PEI5mgmL,50°C,Abs,1742,5309.78,100.0,332530.0,5.964579373368147,3.519087744458931,2.445491628909216
PEI5mgmL_50°C_Abs.TXT,PEI5mgmL,50°C,Abs,1743,5312.28,100.0,332530.0,5.964563054830287,3.519061668839635,2.445501385990652
PEI5mgmL_50°C_Abs.TXT,PEI5mgmL,50°C,Abs,1744,5314.88,100.0,332530.0,5.964546083550914,3.519034550195567,2.445511533355347
PEI5mgmL_50°C_Abs.TXT,PEI5mgmL,50°C,Abs,1745,5317.28,100.0,332530.0,5.9645304177545695,3.519009517601043,2.4455209001535265
PEI5mgmL_50°C_Abs.TXT,PEI5mgmL,50°C,Abs,1746,5319.78,100.0,332530.0,5.96451409921671,3.518983441981747,2.4455306572349627
PEI5mgmL_50°C_Abs.TXT,PEI5mgmL,50°C,Abs,1747,5322.58,100.0,332530.0,5.964495822454308,3.5189542372881357,2.445541585166172
PEI5mgmL_50°C_Abs.TXT,PEI5mgmL,50°C,Abs,1748,5325.18,100.0,332530.0,5.964478851174935,3.5189271186440676,2.445551732530867
PEI5mgmL_50°C_Abs.TXT,PEI5mgmL,50°C,Abs,1749,5327.78,100.0,332530.0,5.964461879895561,3.5189,2.445561879895561
PEI5mgmL_50°C_Abs.TXT,PEI5mgmL,50°C,Abs,1750,5330.28,100.0,332530.0,5.964445561357702,3.5188738562091504,2.4455717051485517
PEI5mgmL_50°C_Abs.TXT,PEI5mgmL,50°C,Abs,1751,5337.78,100.0,332530.0,5.964396605744125,3.5187954248366013,2.4456011809075235
PEI5mgmL_50°C_Abs.TXT,PEI5mgmL,50°C,Abs,1752,5345.78,100.0,332530.0,5.964344386422976,3.5187117647058823,2.4456326217170936
PEI5mgmL_50°C_Abs.TXT,PEI5mgmL,50°C,Abs,1753,5352.58,100.0,332530.0,5.9643,3.518640653594771,2.4456593464052285
PEI5mgmL_50°C_Abs.TXT,PEI5mgmL,50°C,Abs,1754,5354.9800000000005,100.0,332530.0,5.964287467362924,3.5186155555555554,2.4456719118073686
PEI5mgmL_50°C_Abs.TXT,PEI5mgmL,50°C,Abs,1755,5357.78,100.0,332530.0,5.964272845953002,3.5185862745098038,2.4456865714431983
PEI5mgmL_50°C_Abs.TXT,PEI5mgmL,50°C,Abs,1756,5360.28,100.0,332530.0,5.964259791122715,3.5185601307189542,2.445699660403761
PEI5mgmL_50°C_Abs.TXT,PEI5mgmL,50°C,Abs,1757,5362.9800000000005,100.0,332530.0,5.9642456919060045,3.5185318954248364,2.445713796481168
PEI5mgmL_50°C_Abs.TXT,PEI5mgmL,50°C,Abs,1758,5365.58,100.0,332530.0,5.964232114882506,3.518504705882353,2.445727409000153
PEI5mgmL_50°C_Abs.TXT,PEI5mgmL,50°C,Abs,1759,5368.38,100.0,332530.0,5.964217493472584,3.5184754248366015,2.4457420686359828
PEI5mgmL_50°C_Abs.TXT,PEI5mgmL,50°C,Abs,1760,5370.9800000000005,100.0,332530.0,5.964203916449086,3.5184482352941178,2.445755681154968
PEI5mgmL_50°C_Abs.TXT,PEI5mgmL,50°C,Abs,1761,5373.58,100.0,332530.0,5.9641903394255875,3.518421045751634,2.4457692936739535
PEI5mgmL_50°C_Abs.TXT,PEI5mgmL,50°C,Abs,1762,5375.9800000000005,100.0,332530.0,5.964177806788512,3.5183959477124183,2.4457818590760936
PEI5mgmL_50°C_Abs.TXT,PEI5mgmL,50°C,Abs,1763,5378.4800000000005,100.0,332530.0,5.964164751958224,3.5183698039215687,2.445794948036655
PEI5mgmL_50°C_Abs.TXT,PEI5mgmL,50°C,Abs,1764,5381.18,100.0,332530.0,5.964150652741514,3.518341568627451,2.4458090841140634
PEI5mgmL_50°C_Abs.TXT,PEI5mgmL,50°C,Abs,1765,5383.68,100.0,332530.0,5.964137597911227,3.5183154248366013,2.445822173074626
PEI5mgmL_50°C_Abs.TXT,PEI5mgmL,50°C,Abs,1766,5386.28,100.0,332530.0,5.964124020887728,3.5182882352941176,2.4458357855936104
PEI5mgmL_50°C_Abs.TXT,PEI5mgmL,50°C,Abs,1767,5388.78,100.0,332530.0,5.964110966057441,3.518262091503268,2.445848874554173
PEI5mgmL_50°C_Abs.TXT,PEI5mgmL,50°C,Abs,1768,5391.18,100.0,332530.0,5.964098433420365,3.5182369934640523,2.445861439956313
PEI5mgmL_50°C_Abs.TXT,PEI5mgmL,50°C,Abs,1769,5393.78,100.0,332530.0,5.964084856396867,3.5182098039215686,2.4458750524752984
PEI5mgmL_50°C_Abs.TXT,PEI5mgmL,50°C,Abs,1770,5396.28,100.0,332530.0,5.964071801566579,3.518183660130719,2.44588814143586
PEI5mgmL_50°C_Abs.TXT,PEI5mgmL,50°C,Abs,1771,5399.18,100.0,332530.0,5.964056657963447,3.5181533333333332,2.4459033246301134
PEI5mgmL_50°C_Abs.TXT,PEI5mgmL,50°C,Abs,1772,5401.68,100.0,332530.0,5.964043603133159,3.5181271895424837,2.445916413590675
PEI5mgmL_50°C_Abs.TXT,PEI5mgmL,50°C,Abs,1773,5404.28,100.0,332530.0,5.96403002610966,3.5181,2.4459300261096604
PEI5mgmL_50°C_Abs.TXT,PEI5mgmL,50°C,Abs,1774,5406.9800000000005,100.0,332530.0,5.96401592689295,3.518068359375,2.44594756751795
PEI5mgmL_50°C_Abs.TXT,PEI5mgmL,50°C,Abs,1775,5414.9800000000005,100.0,332530.0,5.963974151436031,3.517974609375,2.445999542061031
PEI5mgmL_50°C_Abs.TXT,PEI5mgmL,50°C,Abs,1776,5422.58,100.0,332530.0,5.963934464751958,3.517885546875,2.4460489178769578
PEI5mgmL_50°C_Abs.TXT,PEI5mgmL,50°C,Abs,1777,5429.18,100.0,332530.0,5.9639,3.517808203125,2.446091796875
PEI5mgmL_50°C_Abs.TXT,PEI5mgmL,50°C,Abs,1778,5431.58,100.0,332530.0,5.963884435797665,3.517780078125,2.446104357672665
PEI5mgmL_50°C_Abs.TXT,PEI5mgmL,50°C,Abs,1779,5434.28,100.0,332530.0,5.963866926070039,3.5177484375,2.446118488570039
PEI5mgmL_50°C_Abs.TXT,PEI5mgmL,50°C,Abs,1780,5436.68,100.0,332530.0,5.963851361867704,3.5177203125,2.446131049367704
PEI5mgmL_50°C_Abs.TXT,PEI5mgmL,50°C,Abs,1781,5439.4800000000005,100.0,332530.0,5.963833203631647,3.5176875,2.4461457036316467
PEI5mgmL_50°C_Abs.TXT,PEI5mgmL,50°C,Abs,1782,5442.08,100.0,332530.0,5.963816342412451,3.5176570312499997,2.446159311162451
PEI5mgmL_50°C_Abs.TXT,PEI5mgmL,50°C,Abs,1783,5444.78,100.0,332530.0,5.963798832684825,3.517625390625,2.4461734420598247
PEI5mgmL_50°C_Abs.TXT,PEI5mgmL,50°C,Abs,1784,5447.38,100.0,332530.0,5.963781971465629,3.517594921875,2.446187049590629
PEI5mgmL_50°C_Abs.TXT,PEI5mgmL,50°C,Abs,1785,5450.08,100.0,332530.0,5.963764461738003,3.5175632812499997,2.446201180488003
PEI5mgmL_50°C_Abs.TXT,PEI5mgmL,50°C,Abs,1786,5452.58,100.0,332530.0,5.963748249027237,3.517533984375,2.446214264652237
PEI5mgmL_50°C_Abs.TXT,PEI5mgmL,50°C,Abs,1787,5454.9800000000005,100.0,332530.0,5.963732684824903,3.517505859375,2.446226825449903
PEI5mgmL_50°C_Abs.TXT,PEI5mgmL,50°C,Abs,1788,5457.58,100.0,332530.0,5.963715823605707,3.517475390625,2.446240432980707
PEI5mgmL_50°C_Abs.TXT,PEI5mgmL,50°C,Abs,1789,5459.9800000000005,100.0,332530.0,5.963700259403372,3.517447265625,2.446252993778372
PEI5mgmL_50°C_Abs.TXT,PEI5mgmL,50°C,Abs,1790,5462.68,100.0,332530.0,5.963682749675746,3.517415625,2.446267124675746
PEI5mgmL_50°C_Abs.TXT,PEI5mgmL,50°C,Abs,1791,5465.18,100.0,332530.0,5.963666536964981,3.5173863281249997,2.446280208839981
PEI5mgmL_50°C_Abs.TXT,PEI5mgmL,50°C,Abs,1792,5467.9800000000005,100.0,332530.0,5.963648378728923,3.517353515625,2.446294863103923
PEI5mgmL_50°C_Abs.TXT,PEI5mgmL,50°C,Abs,1793,5470.4800000000005,100.0,332530.0,5.963632166018158,3.51732421875,2.446307947268158
PEI5mgmL_50°C_Abs.TXT,PEI5mgmL,50°C,Abs,1794,5473.38,100.0,332530.0,5.963613359273671,3.517290234375,2.446323124898671
PEI5mgmL_50°C_Abs.TXT,PEI5mgmL,50°C,Abs,1795,5475.9800000000005,100.0,332530.0,5.963596498054475,3.517259765625,2.446336732429475
PEI5mgmL_50°C_Abs.TXT,PEI5mgmL,50°C,Abs,1796,5478.58,100.0,332530.0,5.963579636835279,3.517229296875,2.446350339960279
PEI5mgmL_50°C_Abs.TXT,PEI5mgmL,50°C,Abs,1797,5481.08,100.0,332530.0,5.963563424124514,3.5172,2.446363424124514
PEI5mgmL_50°C_Abs.TXT,PEI5mgmL,50°C,Abs,1798,5483.58,100.0,332530.0,5.963547211413748,3.517177034120735,2.446370177293013
PEI5mgmL_50°C_Abs.TXT,PEI5mgmL,50°C,Abs,1799,5491.4800000000005,100.0,332530.0,5.96349597924773,3.517104461942257,2.446391517305473
PEI5mgmL_50°C_Abs.TXT,PEI5mgmL,50°C,Abs,1800,5499.38,100.0,332530.0,5.963444747081712,3.5170318897637793,2.4464128573179327
PEI5mgmL_50°C_Abs.TXT,PEI5mgmL,50°C,Abs,1801,5506.28,100.0,332530.0,5.9634,3.516968503937008,2.446431496062992
PEI5mgmL_50°C_Abs.TXT,PEI5mgmL,50°C,Abs,1802,5508.78,100.0,332530.0,5.963383660130719,3.5169455380577426,2.4464381220729767
PEI5mgmL_50°C_Abs.TXT,PEI5mgmL,50°C,Abs,1803,5511.28,100.0,332530.0,5.963367320261438,3.5169225721784776,2.44644474808296
PEI5mgmL_50°C_Abs.TXT,PEI5mgmL,50°C,Abs,1804,5513.9800000000005,100.0,332530.0,5.9633496732026146,3.5168977690288714,2.446451904173743
PEI5mgmL_50°C_Abs.TXT,PEI5mgmL,50°C,Abs,1805,5516.38,100.0,332530.0,5.963333986928105,3.516875721784777,2.446458265143328
PEI5mgmL_50°C_Abs.TXT,PEI5mgmL,50°C,Abs,1806,5519.08,100.0,332530.0,5.963316339869281,3.516850918635171,2.44646542123411
PEI5mgmL_50°C_Abs.TXT,PEI5mgmL,50°C,Abs,1807,5521.58,100.0,332530.0,5.9633,3.5168279527559054,2.446472047244095
PEI5mgmL_50°C_Abs.TXT,PEI5mgmL,50°C,Abs,1808,5524.38,100.0,332530.0,5.963281699346405,3.5168022309711287,2.4464794683752764
PEI5mgmL_50°C_Abs.TXT,PEI5mgmL,50°C,Abs,1809,5526.9800000000005,100.0,332530.0,5.963264705882353,3.516778346456693,2.44648635942566
PEI5mgmL_50°C_Abs.TXT,PEI5mgmL,50°C,Abs,1810,5529.38,100.0,332530.0,5.963249019607844,3.5167562992125987,2.446492720395245
PEI5mgmL_50°C_Abs.TXT,PEI5mgmL,50°C,Abs,1811,5531.9800000000005,100.0,332530.0,5.963232026143791,3.5167324146981627,2.446499611445628
PEI5mgmL_50°C_Abs.TXT,PEI5mgmL,50°C,Abs,1812,5534.4800000000005,100.0,332530.0,5.96321568627451,3.5167094488188977,2.4465062374556124
PEI5mgmL_50°C_Abs.TXT,PEI5mgmL,50°C,Abs,1813,5537.08,100.0,332530.0,5.963198692810457,3.516685564304462,2.446513128505995
PEI5mgmL_50°C_Abs.TXT,PEI5mgmL,50°C,Abs,1814,5539.68,100.0,332530.0,5.963181699346405,3.5166616797900265,2.4465200195563788
PEI5mgmL_50°C_Abs.TXT,PEI5mgmL,50°C,Abs,1815,5542.18,100.0,332530.0,5.963165359477125,3.516638713910761,2.4465266455663635
PEI5mgmL_50°C_Abs.TXT,PEI5mgmL,50°C,Abs,1816,5544.58,100.0,332530.0,5.963149673202614,3.5166166666666667,2.4465330065359474
PEI5mgmL_50°C_Abs.TXT,PEI5mgmL,50°C,Abs,1817,5546.9800000000005,100.0,332530.0,5.963133986928105,3.5165946194225723,2.4465393675055322
PEI5mgmL_50°C_Abs.TXT,PEI5mgmL,50°C,Abs,1818,5549.4800000000005,100.0,332530.0,5.963117647058824,3.5165716535433074,2.4465459935155165
PEI5mgmL_50°C_Abs.TXT,PEI5mgmL,50°C,Abs,1819,5552.18,100.0,332530.0,5.9631,3.5165468503937007,2.446553149606299
PEI5mgmL_50°C_Abs.TXT,PEI5mgmL,50°C,Abs,1820,5554.68,100.0,332530.0,5.963083660130719,3.5165238845144358,2.4465597756162833
PEI5mgmL_50°C_Abs.TXT,PEI5mgmL,50°C,Abs,1821,5557.28,100.0,332530.0,5.963066666666667,3.5165,2.446566666666667
PEI5mgmL_50°C_Abs.TXT,PEI5mgmL,50°C,Abs,1822,5559.88,100.0,332530.0,5.963049673202614,3.516469806451613,2.4465798667510015
PEI5mgmL_50°C_Abs.TXT,PEI5mgmL,50°C,Abs,1823,5567.78,100.0,332530.0,5.9629980392156865,3.5163780645161293,2.446619974699557
PEI5mgmL_50°C_Abs.TXT,PEI5mgmL,50°C,Abs,1824,5575.58,100.0,332530.0,5.96294705882353,3.516287483870968,2.446659574952562
PEI5mgmL_50°C_Abs.TXT,PEI5mgmL,50°C,Abs,1825,5582.78,100.0,332530.0,5.9629,3.516203870967742,2.4466961290322584
PEI5mgmL_50°C_Abs.TXT,PEI5mgmL,50°C,Abs,1826,5585.18,100.0,332530.0,5.962881419354839,3.516176,2.446705419354839
PEI5mgmL_50°C_Abs.TXT,PEI5mgmL,50°C,Abs,1827,5588.18,100.0,332530.0,5.962858193548388,3.5161411612903226,2.446717032258065
PEI5mgmL_50°C_Abs.TXT,PEI5mgmL,50°C,Abs,1828,5590.58,100.0,332530.0,5.962839612903226,3.516113290322581,2.446726322580645
PEI5mgmL_50°C_Abs.TXT,PEI5mgmL,50°C,Abs,1829,5592.9800000000005,100.0,332530.0,5.962821032258065,3.5160854193548388,2.446735612903226
PEI5mgmL_50°C_Abs.TXT,PEI5mgmL,50°C,Abs,1830,5595.58,100.0,332530.0,5.962800903225807,3.516055225806452,2.446745677419355
PEI5mgmL_50°C_Abs.TXT,PEI5mgmL,50°C,Abs,1831,5597.9800000000005,100.0,332530.0,5.9627823225806456,3.5160273548387098,2.446754967741936
PEI5mgmL_50°C_Abs.TXT,PEI5mgmL,50°C,Abs,1832,5600.78,100.0,332530.0,5.962760645161291,3.5159948387096773,2.4467658064516136
PEI5mgmL_50°C_Abs.TXT,PEI5mgmL,50°C,Abs,1833,5603.38,100.0,332530.0,5.962740516129032,3.5159646451612905,2.4467758709677416
PEI5mgmL_50°C_Abs.TXT,PEI5mgmL,50°C,Abs,1834,5606.08,100.0,332530.0,5.962719612903226,3.5159332903225806,2.446786322580645
PEI5mgmL_50°C_Abs.TXT,PEI5mgmL,50°C,Abs,1835,5608.4800000000005,100.0,332530.0,5.962701032258065,3.515905419354839,2.446795612903226
PEI5mgmL_50°C_Abs.TXT,PEI5mgmL,50°C,Abs,1836,5611.18,100.0,332530.0,5.962680129032258,3.515874064516129,2.4468060645161294
PEI5mgmL_50°C_Abs.TXT,PEI5mgmL,50°C,Abs,1837,5613.68,100.0,332530.0,5.962660774193549,3.5158450322580648,2.446815741935484
PEI5mgmL_50°C_Abs.TXT,PEI5mgmL,50°C,Abs,1838,5616.58,100.0,332530.0,5.962638322580645,3.5158113548387098,2.446826967741935
PEI5mgmL_50°C_Abs.TXT,PEI5mgmL,50°C,Abs,1839,5619.18,100.0,332530.0,5.962618193548387,3.5157811612903225,2.4468370322580646
PEI5mgmL_50°C_Abs.TXT,PEI5mgmL,50°C,Abs,1840,5621.78,100.0,332530.0,5.962598064516129,3.5157509677419356,2.4468470967741935
PEI5mgmL_50°C_Abs.TXT,PEI5mgmL,50°C,Abs,1841,5624.38,100.0,332530.0,5.962577935483871,3.5157207741935483,2.446857161290323
PEI5mgmL_50°C_Abs.TXT,PEI5mgmL,50°C,Abs,1842,5626.78,100.0,332530.0,5.96255935483871,3.5156929032258066,2.4468664516129035
PEI5mgmL_50°C_Abs.TXT,PEI5mgmL,50°C,Abs,1843,5629.4800000000005,100.0,332530.0,5.962538451612903,3.5156615483870968,2.446876903225806
PEI5mgmL_50°C_Abs.TXT,PEI5mgmL,50°C,Abs,1844,5632.08,100.0,332530.0,5.962518322580645,3.51563135483871,2.446886967741935
PEI5mgmL_50°C_Abs.TXT,PEI5mgmL,50°C,Abs,1845,5634.78,100.0,332530.0,5.962497419354839,3.5156,2.4468974193548387
PEI5mgmL_50°C_Abs.TXT,PEI5mgmL,50°C,Abs,1846,5637.38,100.0,332530.0,5.962477290322581,3.515576394293126,2.446900896029455
PEI5mgmL_50°C_Abs.TXT,PEI5mgmL,50°C,Abs,1847,5645.18,100.0,332530.0,5.962416903225806,3.5155055771725032,2.446911326053303
PEI5mgmL_50°C_Abs.TXT,PEI5mgmL,50°C,Abs,1848,5652.9800000000005,100.0,332530.0,5.962356516129033,3.5154347600518805,2.446921756077152
PEI5mgmL_50°C_Abs.TXT,PEI5mgmL,50°C,Abs,1849,5660.28,100.0,332530.0,5.9623,3.5153684824902722,2.4469315175097277
PEI5mgmL_50°C_Abs.TXT,PEI5mgmL,50°C,Abs,1850,5662.68,100.0,332530.0,5.9622874015748035,3.515346692607004,2.4469407089677997
PEI5mgmL_50°C_Abs.TXT,PEI5mgmL,50°C,Abs,1851,5665.58,100.0,332530.0,5.96227217847769,3.515320363164721,2.446951815312969
PEI5mgmL_50°C_Abs.TXT,PEI5mgmL,50°C,Abs,1852,5667.9800000000005,100.0,332530.0,5.962259580052494,3.5152985732814526,2.446961006771041
PEI5mgmL_50°C_Abs.TXT,PEI5mgmL,50°C,Abs,1853,5670.78,100.0,332530.0,5.962244881889764,3.5152731517509728,2.446971730138791
PEI5mgmL_50°C_Abs.TXT,PEI5mgmL,50°C,Abs,1854,5673.28,100.0,332530.0,5.962231758530184,3.5152504539559013,2.4469813045742823
PEI5mgmL_50°C_Abs.TXT,PEI5mgmL,50°C,Abs,1855,5676.08,100.0,332530.0,5.962217060367454,3.5152250324254215,2.4469920279420325
PEI5mgmL_50°C_Abs.TXT,PEI5mgmL,50°C,Abs,1856,5678.68,100.0,332530.0,5.962203412073491,3.5152014267185474,2.447001985354943
PEI5mgmL_50°C_Abs.TXT,PEI5mgmL,50°C,Abs,1857,5681.38,100.0,332530.0,5.962189238845144,3.5151769130998702,2.447012325745274
PEI5mgmL_50°C_Abs.TXT,PEI5mgmL,50°C,Abs,1858,5683.78,100.0,332530.0,5.962176640419948,3.515155123216602,2.447021517203346
PEI5mgmL_50°C_Abs.TXT,PEI5mgmL,50°C,Abs,1859,5686.28,100.0,332530.0,5.962163517060367,3.5151324254215304,2.447031091638837
PEI5mgmL_50°C_Abs.TXT,PEI5mgmL,50°C,Abs,1860,5688.9800000000005,100.0,332530.0,5.962149343832021,3.515107911802853,2.4470414320291676
PEI5mgmL_50°C_Abs.TXT,PEI5mgmL,50°C,Abs,1861,5691.4800000000005,100.0,332530.0,5.962136220472441,3.515085214007782,2.447051006464659
PEI5mgmL_50°C_Abs.TXT,PEI5mgmL,50°C,Abs,1862,5694.08,100.0,332530.0,5.962122572178478,3.515061608300908,2.4470609638775698
PEI5mgmL_50°C_Abs.TXT,PEI5mgmL,50°C,Abs,1863,5696.58,100.0,332530.0,5.9621094488188975,3.5150389105058366,2.447070538313061
PEI5mgmL_50°C_Abs.TXT,PEI5mgmL,50°C,Abs,1864,5699.08,100.0,332530.0,5.962096325459317,3.515016212710765,2.447080112748552
PEI5mgmL_50°C_Abs.TXT,PEI5mgmL,50°C,Abs,1865,5701.78,100.0,332530.0,5.9620821522309715,3.514991699092088,2.4470904531388835
PEI5mgmL_50°C_Abs.TXT,PEI5mgmL,50°C,Abs,1866,5704.18,100.0,332530.0,5.962069553805774,3.5149699092088196,2.4470996445969546
PEI5mgmL_50°C_Abs.TXT,PEI5mgmL,50°C,Abs,1867,5706.88,100.0,332530.0,5.962055380577428,3.5149453955901424,2.4471099849872853
PEI5mgmL_50°C_Abs.TXT,PEI5mgmL,50°C,Abs,1868,5709.4800000000005,100.0,332530.0,5.962041732283464,3.5149217898832683,2.447119942400196
PEI5mgmL_50°C_Abs.TXT,PEI5mgmL,50°C,Abs,1869,5711.88,100.0,332530.0,5.962029133858268,3.5149,2.447129133858268
PEI5mgmL_50°C_Abs.TXT,PEI5mgmL,50°C,Abs,1870,5714.4800000000005,100.0,332530.0,5.962015485564304,3.514872667542707,2.4471428180215975
PEI5mgmL_50°C_Abs.TXT,PEI5mgmL,50°C,Abs,1871,5722.18,100.0,332530.0,5.961975065616798,3.514791721419185,2.447183344197613
PEI5mgmL_50°C_Abs.TXT,PEI5mgmL,50°C,Abs,1872,5729.78,100.0,332530.0,5.961935170603675,3.514711826544021,2.447223344059654
PEI5mgmL_50°C_Abs.TXT,PEI5mgmL,50°C,Abs,1873,5736.4800000000005,100.0,332530.0,5.9619,3.5146413929040734,2.4472586070959266
PEI5mgmL_50°C_Abs.TXT,PEI5mgmL,50°C,Abs,1874,5739.18,100.0,332530.0,5.961885845347314,3.514613009198423,2.4472728361488905
PEI5mgmL_50°C_Abs.TXT,PEI5mgmL,50°C,Abs,1875,5741.68,100.0,332530.0,5.9618727391874184,3.5145867279894873,2.447286011197931
PEI5mgmL_50°C_Abs.TXT,PEI5mgmL,50°C,Abs,1876,5744.38,100.0,332530.0,5.961858584534731,3.514558344283837,2.447300240250894
PEI5mgmL_50°C_Abs.TXT,PEI5mgmL,50°C,Abs,1877,5746.78,100.0,332530.0,5.961846002621232,3.514533114323259,2.4473128882979727
PEI5mgmL_50°C_Abs.TXT,PEI5mgmL,50°C,Abs,1878,5749.38,100.0,332530.0,5.961832372214941,3.514505781865966,2.447326590348975
PEI5mgmL_50°C_Abs.TXT,PEI5mgmL,50°C,Abs,1879,5751.9800000000005,100.0,332530.0,5.96181874180865,3.514478449408673,2.447340292399977
PEI5mgmL_50°C_Abs.TXT,PEI5mgmL,50°C,Abs,1880,5754.58,100.0,332530.0,5.961805111402359,3.51445111695138,2.4473539944509795
PEI5mgmL_50°C_Abs.TXT,PEI5mgmL,50°C,Abs,1881,5757.28,100.0,332530.0,5.961790956749672,3.514422733245729,2.447368223503943
PEI5mgmL_50°C_Abs.TXT,PEI5mgmL,50°C,Abs,1882,5759.78,100.0,332530.0,5.961777850589777,3.514396452036794,2.447381398552983
PEI5mgmL_50°C_Abs.TXT,PEI5mgmL,50°C,Abs,1883,5762.18,100.0,332530.0,5.961765268676277,3.5143712220762153,2.447394046600062
PEI5mgmL_50°C_Abs.TXT,PEI5mgmL,50°C,Abs,1884,5764.78,100.0,332530.0,5.961751638269987,3.5143438896189223,2.4474077486510644
PEI5mgmL_50°C_Abs.TXT,PEI5mgmL,50°C,Abs,1885,5767.28,100.0,332530.0,5.9617385321100915,3.514317608409987,2.4474209237001046
PEI5mgmL_50°C_Abs.TXT,PEI5mgmL,50°C,Abs,1886,5770.08,100.0,332530.0,5.9617238532110095,3.514288173455979,2.4474356797550305
PEI5mgmL_50°C_Abs.TXT,PEI5mgmL,50°C,Abs,1887,5772.4800000000005,100.0,332530.0,5.96171127129751,3.514262943495401,2.447448327802109
PEI5mgmL_50°C_Abs.TXT,PEI5mgmL,50°C,Abs,1888,5775.28,100.0,332530.0,5.961696592398427,3.514233508541393,2.447463083857034
PEI5mgmL_50°C_Abs.TXT,PEI5mgmL,50°C,Abs,1889,5777.78,100.0,332530.0,5.961683486238532,3.514207227332457,2.447476258906075
PEI5mgmL_50°C_Abs.TXT,PEI5mgmL,50°C,Abs,1890,5780.18,100.0,332530.0,5.961670904325032,3.514181997371879,2.4474889069531534
PEI5mgmL_50°C_Abs.TXT,PEI5mgmL,50°C,Abs,1891,5782.88,100.0,332530.0,5.961656749672346,3.514153613666229,2.4475031360061172
PEI5mgmL_50°C_Abs.TXT,PEI5mgmL,50°C,Abs,1892,5785.4800000000005,100.0,332530.0,5.961643119266055,3.5141262812089358,2.4475168380571195
PEI5mgmL_50°C_Abs.TXT,PEI5mgmL,50°C,Abs,1893,5787.9800000000005,100.0,332530.0,5.96163001310616,3.5141,2.44753001310616
PEI5mgmL_50°C_Abs.TXT,PEI5mgmL,50°C,Abs,1894,5790.58,100.0,332530.0,5.961616382699869,3.5140761154855644,2.447540267214305
PEI5mgmL_50°C_Abs.TXT,PEI5mgmL,50°C,Abs,1895,5798.08,100.0,332530.0,5.961577064220183,3.514007217847769,2.447569846372414
PEI5mgmL_50°C_Abs.TXT,PEI5mgmL,50°C,Abs,1896,5806.18,100.0,332530.0,5.961534600262123,3.51393280839895,2.447601791863173
PEI5mgmL_50°C_Abs.TXT,PEI5mgmL,50°C,Abs,1897,5812.78,100.0,332530.0,5.9615,3.51387217847769,2.44762782152231
PEI5mgmL_50°C_Abs.TXT,PEI5mgmL,50°C,Abs,1898,5815.38,100.0,332530.0,5.961476146788991,3.5138482939632545,2.4476278528257365
PEI5mgmL_50°C_Abs.TXT,PEI5mgmL,50°C,Abs,1899,5817.9800000000005,100.0,332530.0,5.961452293577982,3.513824409448819,2.447627884129163
PEI5mgmL_50°C_Abs.TXT,PEI5mgmL,50°C,Abs,1900,5820.4800000000005,100.0,332530.0,5.961429357798165,3.513801443569554,2.4476279142286113
PEI5mgmL_50°C_Abs.TXT,PEI5mgmL,50°C,Abs,1901,5823.08,100.0,332530.0,5.961405504587156,3.513777559055118,2.447627945532038
PEI5mgmL_50°C_Abs.TXT,PEI5mgmL,50°C,Abs,1902,5825.68,100.0,332530.0,5.961381651376147,3.5137536745406823,2.4476279768354647
PEI5mgmL_50°C_Abs.TXT,PEI5mgmL,50°C,Abs,1903,5828.18,100.0,332530.0,5.96135871559633,3.5137307086614173,2.447628006934913
PEI5mgmL_50°C_Abs.TXT,PEI5mgmL,50°C,Abs,1904,5830.78,100.0,332530.0,5.961334862385321,3.5137068241469818,2.4476280382383395
PEI5mgmL_50°C_Abs.TXT,PEI5mgmL,50°C,Abs,1905,5833.38,100.0,332530.0,5.961311009174312,3.5136829396325457,2.4476280695417665
PEI5mgmL_50°C_Abs.TXT,PEI5mgmL,50°C,Abs,1906,5836.08,100.0,332530.0,5.96128623853211,3.5136581364829396,2.4476281020491704
PEI5mgmL_50°C_Abs.TXT,PEI5mgmL,50°C,Abs,1907,5838.58,100.0,332530.0,5.961263302752293,3.5136351706036746,2.4476281321486186
PEI5mgmL_50°C_Abs.TXT,PEI5mgmL,50°C,Abs,1908,5841.28,100.0,332530.0,5.961238532110092,3.513610367454068,2.447628164656024
PEI5mgmL_50°C_Abs.TXT,PEI5mgmL,50°C,Abs,1909,5843.78,100.0,332530.0,5.961215596330275,3.513587401574803,2.447628194755472
PEI5mgmL_50°C_Abs.TXT,PEI5mgmL,50°C,Abs,1910,5846.58,100.0,332530.0,5.96118990825688,3.513561679790026,2.4476282284668542
PEI5mgmL_50°C_Abs.TXT,PEI5mgmL,50°C,Abs,1911,5848.9800000000005,100.0,332530.0,5.961167889908257,3.513539632545932,2.447628257362325
PEI5mgmL_50°C_Abs.TXT,PEI5mgmL,50°C,Abs,1912,5851.4800000000005,100.0,332530.0,5.96114495412844,3.5135166666666664,2.447628287461774
PEI5mgmL_50°C_Abs.TXT,PEI5mgmL,50°C,Abs,1913,5854.08,100.0,332530.0,5.961121100917431,3.513492782152231,2.4476283187652004
PEI5mgmL_50°C_Abs.TXT,PEI5mgmL,50°C,Abs,1914,5856.4800000000005,100.0,332530.0,5.961099082568807,3.5134707349081364,2.4476283476606704
PEI5mgmL_50°C_Abs.TXT,PEI5mgmL,50°C,Abs,1915,5859.08,100.0,332530.0,5.961075229357798,3.513446850393701,2.447628378964097
PEI5mgmL_50°C_Abs.TXT,PEI5mgmL,50°C,Abs,1916,5861.78,100.0,332530.0,5.961050458715596,3.5134220472440942,2.447628411471502
PEI5mgmL_50°C_Abs.TXT,PEI5mgmL,50°C,Abs,1917,5864.18,100.0,332530.0,5.961028440366972,3.5134,2.447628440366972
PEI5mgmL_50°C_Abs.TXT,PEI5mgmL,50°C,Abs,1918,5866.78,100.0,332530.0,5.961004587155963,3.513372739187418,2.447631847968545
PEI5mgmL_50°C_Abs.TXT,PEI5mgmL,50°C,Abs,1919,5874.28,100.0,332530.0,5.960935779816514,3.513294102228047,2.4476416775884666
PEI5mgmL_50°C_Abs.TXT,PEI5mgmL,50°C,Abs,1920,5882.18,100.0,332530.0,5.960863302752293,3.51321127129751,2.4476520314547834
PEI5mgmL_50°C_Abs.TXT,PEI5mgmL,50°C,Abs,1921,5889.08,100.0,332530.0,5.9608,3.5131389252948884,2.4476610747051115
PEI5mgmL_50°C_Abs.TXT,PEI5mgmL,50°C,Abs,1922,5891.58,100.0,332530.0,5.960790196078431,3.513112712975098,2.447677483103333
PEI5mgmL_50°C_Abs.TXT,PEI5mgmL,50°C,Abs,1923,5894.18,100.0,332530.0,5.96078,3.513085452162516,2.4476945478374836
PEI5mgmL_50°C_Abs.TXT,PEI5mgmL,50°C,Abs,1924,5896.58,100.0,332530.0,5.960770588235294,3.5130602883355175,2.447710299899777
PEI5mgmL_50°C_Abs.TXT,PEI5mgmL,50°C,Abs,1925,5899.08,100.0,332530.0,5.960760784313726,3.5130340760157273,2.4477267082979983
PEI5mgmL_50°C_Abs.TXT,PEI5mgmL,50°C,Abs,1926,5901.78,100.0,332530.0,5.960750196078431,3.5130057667103536,2.4477444293680772
PEI5mgmL_50°C_Abs.TXT,PEI5mgmL,50°C,Abs,1927,5904.28,100.0,332530.0,5.960740392156863,3.5129795543905633,2.4477608377662996
PEI5mgmL_50°C_Abs.TXT,PEI5mgmL,50°C,Abs,1928,5906.78,100.0,332530.0,5.960730588235294,3.512953342070773,2.447777246164521
PEI5mgmL_50°C_Abs.TXT,PEI5mgmL,50°C,Abs,1929,5909.38,100.0,332530.0,5.960720392156863,3.512926081258191,2.4477943108986717
PEI5mgmL_50°C_Abs.TXT,PEI5mgmL,50°C,Abs,1930,5911.88,100.0,332530.0,5.960710588235294,3.512899868938401,2.447810719296893
PEI5mgmL_50°C_Abs.TXT,PEI5mgmL,50°C,Abs,1931,5914.58,100.0,332530.0,5.9607,3.5128715596330276,2.4478284403669726
PEI5mgmL_50°C_Abs.TXT,PEI5mgmL,50°C,Abs,1932,5917.18,100.0,332530.0,5.960689803921569,3.5128442988204456,2.447845505101123
PEI5mgmL_50°C_Abs.TXT,PEI5mgmL,50°C,Abs,1933,5919.78,100.0,332530.0,5.960679607843137,3.5128170380078636,2.447862569835274
PEI5mgmL_50°C_Abs.TXT,PEI5mgmL,50°C,Abs,1934,5922.38,100.0,332530.0,5.960669411764706,3.5127897771952816,2.4478796345694245
PEI5mgmL_50°C_Abs.TXT,PEI5mgmL,50°C,Abs,1935,5925.08,100.0,332530.0,5.960658823529411,3.5127614678899084,2.447897355639503
PEI5mgmL_50°C_Abs.TXT,PEI5mgmL,50°C,Abs,1936,5927.58,100.0,332530.0,5.9606490196078425,3.5127352555701177,2.447913764037725
PEI5mgmL_50°C_Abs.TXT,PEI5mgmL,50°C,Abs,1937,5929.9800000000005,100.0,332530.0,5.960639607843137,3.512710091743119,2.447929516100018
PEI5mgmL_50°C_Abs.TXT,PEI5mgmL,50°C,Abs,1938,5932.78,100.0,332530.0,5.96062862745098,3.512680733944954,2.4479478935060257
PEI5mgmL_50°C_Abs.TXT,PEI5mgmL,50°C,Abs,1939,5935.28,100.0,332530.0,5.960618823529412,3.512654521625164,2.447964301904248
PEI5mgmL_50°C_Abs.TXT,PEI5mgmL,50°C,Abs,1940,5938.08,100.0,332530.0,5.960607843137255,3.5126251638269985,2.447982679310256
PEI5mgmL_50°C_Abs.TXT,PEI5mgmL,50°C,Abs,1941,5940.4800000000005,100.0,332530.0,5.960598431372548,3.5126,2.4479984313725485
PEI5mgmL_50°C_Abs.TXT,PEI5mgmL,50°C,Abs,1942,5943.28,100.0,332530.0,5.960587450980392,3.5125743790849673,2.4480130718954247
PEI5mgmL_50°C_Abs.TXT,PEI5mgmL,50°C,Abs,1943,5950.9800000000005,100.0,332530.0,5.9605572549019605,3.5125039215686273,2.448053333333333
PEI5mgmL_50°C_Abs.TXT,PEI5mgmL,50°C,Abs,1944,5958.58,100.0,332530.0,5.960527450980392,3.5124343790849673,2.4480930718954244
PEI5mgmL_50°C_Abs.TXT,PEI5mgmL,50°C,Abs,1945,5965.58,100.0,332530.0,5.9605,3.5123703267973854,2.4481296732026143
PEI5mgmL_50°C_Abs.TXT,PEI5mgmL,50°C,Abs,1946,5968.18,100.0,332530.0,5.96047627118644,3.5123465359477124,2.448129735238728
PEI5mgmL_50°C_Abs.TXT,PEI5mgmL,50°C,Abs,1947,5970.58,100.0,332530.0,5.960454367666232,3.5123245751633987,2.4481297925028334
PEI5mgmL_50°C_Abs.TXT,PEI5mgmL,50°C,Abs,1948,5973.18,100.0,332530.0,5.960430638852673,3.5123007843137253,2.4481298545389474
PEI5mgmL_50°C_Abs.TXT,PEI5mgmL,50°C,Abs,1949,5975.68,100.0,332530.0,5.960407822685789,3.5122779084967317,2.448129914189057
PEI5mgmL_50°C_Abs.TXT,PEI5mgmL,50°C,Abs,1950,5978.38,100.0,332530.0,5.960383181225554,3.512253202614379,2.448129978611175
PEI5mgmL_50°C_Abs.TXT,PEI5mgmL,50°C,Abs,1951,5980.78,100.0,332530.0,5.960361277705346,3.512231241830065,2.4481300358752804
PEI5mgmL_50°C_Abs.TXT,PEI5mgmL,50°C,Abs,1952,5983.58,100.0,332530.0,5.960335723598435,3.5122056209150325,2.4481301026834026
PEI5mgmL_50°C_Abs.TXT,PEI5mgmL,50°C,Abs,1953,5986.18,100.0,332530.0,5.960311994784876,3.5121818300653596,2.448130164719516
PEI5mgmL_50°C_Abs.TXT,PEI5mgmL,50°C,Abs,1954,5988.58,100.0,332530.0,5.9602900912646675,3.5121598692810454,2.448130221983622
PEI5mgmL_50°C_Abs.TXT,PEI5mgmL,50°C,Abs,1955,5991.08,100.0,332530.0,5.960267275097784,3.5121369934640523,2.4481302816337314
PEI5mgmL_50°C_Abs.TXT,PEI5mgmL,50°C,Abs,1956,5993.58,100.0,332530.0,5.9602444589309,3.5121141176470587,2.448130341283841
PEI5mgmL_50°C_Abs.TXT,PEI5mgmL,50°C,Abs,1957,5996.28,100.0,332530.0,5.960219817470665,3.512089411764706,2.448130405705959
PEI5mgmL_50°C_Abs.TXT,PEI5mgmL,50°C,Abs,1958,5998.88,100.0,332530.0,5.9601960886571055,3.5120656209150325,2.448130467742073
PEI5mgmL_50°C_Abs.TXT,PEI5mgmL,50°C,Abs,1959,6001.58,100.0,332530.0,5.9601714471968705,3.5120409150326797,2.448130532164191
PEI5mgmL_50°C_Abs.TXT,PEI5mgmL,50°C,Abs,1960,6004.08,100.0,332530.0,5.960148631029987,3.512018039215686,2.4481305918143006
PEI5mgmL_50°C_Abs.TXT,PEI5mgmL,50°C,Abs,1961,6006.4800000000005,100.0,332530.0,5.9601267275097785,3.5119960784313724,2.448130649078406
PEI5mgmL_50°C_Abs.TXT,PEI5mgmL,50°C,Abs,1962,6009.18,100.0,332530.0,5.9601020860495435,3.5119713725490196,2.448130713500524
PEI5mgmL_50°C_Abs.TXT,PEI5mgmL,50°C,Abs,1963,6011.78,100.0,332530.0,5.960078357235984,3.511947581699346,2.448130775536638
PEI5mgmL_50°C_Abs.TXT,PEI5mgmL,50°C,Abs,1964,6014.4800000000005,100.0,332530.0,5.96005371577575,3.5119228758169934,2.4481308399587567
PEI5mgmL_50°C_Abs.TXT,PEI5mgmL,50°C,Abs,1965,6016.9800000000005,100.0,332530.0,5.960030899608866,3.5119,2.4481308996088664
PEI5mgmL_50°C_Abs.TXT,PEI5mgmL,50°C,Abs,1966,6019.58,100.0,332530.0,5.960007170795307,3.5118763942931257,2.448130776502181
PEI5mgmL_50°C_Abs.TXT,PEI5mgmL,50°C,Abs,1967,6027.38,100.0,332530.0,5.959935984354629,3.511805577172503,2.4481304071821257
PEI5mgmL_50°C_Abs.TXT,PEI5mgmL,50°C,Abs,1968,6035.18,100.0,332530.0,5.9598647979139505,3.5117347600518807,2.44813003786207
PEI5mgmL_50°C_Abs.TXT,PEI5mgmL,50°C,Abs,1969,6042.28,100.0,332530.0,5.9598,3.511670298313878,2.4481297016861223
PEI5mgmL_50°C_Abs.TXT,PEI5mgmL,50°C,Abs,1970,6044.78,100.0,332530.0,5.959790208877285,3.5116476005188066,2.4481426083584785
PEI5mgmL_50°C_Abs.TXT,PEI5mgmL,50°C,Abs,1971,6047.28,100.0,332530.0,5.95978041775457,3.511624902723735,2.4481555150308347
PEI5mgmL_50°C_Abs.TXT,PEI5mgmL,50°C,Abs,1972,6049.68,100.0,332530.0,5.959771018276763,3.511603112840467,2.4481679054362964
PEI5mgmL_50°C_Abs.TXT,PEI5mgmL,50°C,Abs,1973,6052.18,100.0,332530.0,5.959761227154047,3.5115804150453953,2.4481808121086517
PEI5mgmL_50°C_Abs.TXT,PEI5mgmL,50°C,Abs,1974,6054.78,100.0,332530.0,5.959751044386423,3.511556809338521,2.448194235047902
PEI5mgmL_50°C_Abs.TXT,PEI5mgmL,50°C,Abs,1975,6057.18,100.0,332530.0,5.9597416449086165,3.511535019455253,2.4482066254533636
PEI5mgmL_50°C_Abs.TXT,PEI5mgmL,50°C,Abs,1976,6059.9800000000005,100.0,332530.0,5.959730678851176,3.511509597924773,2.4482210809264027
PEI5mgmL_50°C_Abs.TXT,PEI5mgmL,50°C,Abs,1977,6062.58,100.0,332530.0,5.959720496083551,3.511485992217899,2.448234503865652
PEI5mgmL_50°C_Abs.TXT,PEI5mgmL,50°C,Abs,1978,6065.28,100.0,332530.0,5.959709921671019,3.5114614785992218,2.448248443071797
PEI5mgmL_50°C_Abs.TXT,PEI5mgmL,50°C,Abs,1979,6067.78,100.0,332530.0,5.9597001305483035,3.5114387808041503,2.448261349744153
PEI5mgmL_50°C_Abs.TXT,PEI5mgmL,50°C,Abs,1980,6070.58,100.0,332530.0,5.959689164490862,3.5114133592736705,2.4482758052171913
PEI5mgmL_50°C_Abs.TXT,PEI5mgmL,50°C,Abs,1981,6073.08,100.0,332530.0,5.959679373368147,3.5113906614785995,2.448288711889547
PEI5mgmL_50°C_Abs.TXT,PEI5mgmL,50°C,Abs,1982,6075.88,100.0,332530.0,5.959668407310705,3.511365239948119,2.4483031673625857
PEI5mgmL_50°C_Abs.TXT,PEI5mgmL,50°C,Abs,1983,6078.28,100.0,332530.0,5.959659007832898,3.511343450064851,2.4483155577680473
PEI5mgmL_50°C_Abs.TXT,PEI5mgmL,50°C,Abs,1984,6080.78,100.0,332530.0,5.959649216710183,3.5113207522697794,2.4483284644404035
PEI5mgmL_50°C_Abs.TXT,PEI5mgmL,50°C,Abs,1985,6083.4800000000005,100.0,332530.0,5.959638642297651,3.5112962386511026,2.448342403646548
PEI5mgmL_50°C_Abs.TXT,PEI5mgmL,50°C,Abs,1986,6085.9800000000005,100.0,332530.0,5.959628851174935,3.511273540856031,2.448355310318904
PEI5mgmL_50°C_Abs.TXT,PEI5mgmL,50°C,Abs,1987,6088.68,100.0,332530.0,5.959618276762402,3.511249027237354,2.448369249525048
PEI5mgmL_50°C_Abs.TXT,PEI5mgmL,50°C,Abs,1988,6091.28,100.0,332530.0,5.959608093994778,3.51122542153048,2.4483826724642985
PEI5mgmL_50°C_Abs.TXT,PEI5mgmL,50°C,Abs,1989,6094.08,100.0,332530.0,5.959597127937337,3.5112,2.4483971279373367
PEI5mgmL_50°C_Abs.TXT,PEI5mgmL,50°C,Abs,1990,6096.68,100.0,332530.0,5.959586945169713,3.511169411764706,2.448417533405007
PEI5mgmL_50°C_Abs.TXT,PEI5mgmL,50°C,Abs,1991,6104.28,100.0,332530.0,5.959557180156658,3.51108,2.4484771801566576
PEI5mgmL_50°C_Abs.TXT,PEI5mgmL,50°C,Abs,1992,6112.28,100.0,332530.0,5.959525848563969,3.510985882352941,2.4485399662110274
PEI5mgmL_50°C_Abs.TXT,PEI5mgmL,50°C,Abs,1993,6118.88,100.0,332530.0,5.9595,3.5109082352941177,2.4485917647058826
PEI5mgmL_50°C_Abs.TXT,PEI5mgmL,50°C,Abs,1994,6121.28,100.0,332530.0,5.95947519379845,3.5108800000000002,2.4485951937984494
PEI5mgmL_50°C_Abs.TXT,PEI5mgmL,50°C,Abs,1995,6123.9800000000005,100.0,332530.0,5.959447286821706,3.5108482352941177,2.448599051527588
PEI5mgmL_50°C_Abs.TXT,PEI5mgmL,50°C,Abs,1996,6126.4800000000005,100.0,332530.0,5.959421447028424,3.5108188235294118,2.448602623499012
PEI5mgmL_50°C_Abs.TXT,PEI5mgmL,50°C,Abs,1997,6129.08,100.0,332530.0,5.9593945736434115,3.5107882352941178,2.4486063383492938
PEI5mgmL_50°C_Abs.TXT,PEI5mgmL,50°C,Abs,1998,6131.68,100.0,332530.0,5.959367700258398,3.5107576470588238,2.4486100531995745
PEI5mgmL_50°C_Abs.TXT,PEI5mgmL,50°C,Abs,1999,6134.18,100.0,332530.0,5.959341860465116,3.510728235294118,2.4486136251709985
PEI5mgmL_50°C_Abs.TXT,PEI5mgmL,50°C,Abs,2000,6136.88,100.0,332530.0,5.959313953488373,3.5106964705882353,2.4486174829001373
PEI5mgmL_50°C_Abs.TXT,PEI5mgmL,50°C,Abs,2001,6139.38,100.0,332530.0,5.959288113695091,3.5106670588235294,2.4486210548715612
PEI5mgmL_50°C_Abs.TXT,PEI5mgmL,50°C,Abs,2002,6142.08,100.0,332530.0,5.959260206718347,3.5106352941176473,2.4486249126006996
PEI5mgmL_50°C_Abs.TXT,PEI5mgmL,50°C,Abs,2003,6144.4800000000005,100.0,332530.0,5.959235400516796,3.5106070588235294,2.448628341693267
PEI5mgmL_50°C_Abs.TXT,PEI5mgmL,50°C,Abs,2004,6147.28,100.0,332530.0,5.95920645994832,3.510574117647059,2.4486323423012615
PEI5mgmL_50°C_Abs.TXT,PEI5mgmL,50°C,Abs,2005,6149.78,100.0,332530.0,5.959180620155039,3.510544705882353,2.4486359142726863
PEI5mgmL_50°C_Abs.TXT,PEI5mgmL,50°C,Abs,2006,6152.58,100.0,332530.0,5.959151679586563,3.5105117647058823,2.448639914880681
PEI5mgmL_50°C_Abs.TXT,PEI5mgmL,50°C,Abs,2007,6155.18,100.0,332530.0,5.959124806201551,3.5104811764705883,2.4486436297309626
PEI5mgmL_50°C_Abs.TXT,PEI5mgmL,50°C,Abs,2008,6157.58,100.0,332530.0,5.9591,3.5104529411764704,2.44864705882353
PEI5mgmL_50°C_Abs.TXT,PEI5mgmL,50°C,Abs,2009,6159.9800000000005,100.0,332530.0,5.95907519379845,3.510424705882353,2.4486504879160966
PEI5mgmL_50°C_Abs.TXT,PEI5mgmL,50°C,Abs,2010,6162.4800000000005,100.0,332530.0,5.9590493540051686,3.510395294117647,2.4486540598875215
PEI5mgmL_50°C_Abs.TXT,PEI5mgmL,50°C,Abs,2011,6165.28,100.0,332530.0,5.959020413436693,3.5103623529411765,2.448658060495516
PEI5mgmL_50°C_Abs.TXT,PEI5mgmL,50°C,Abs,2012,6167.78,100.0,332530.0,5.958994573643412,3.5103329411764705,2.448661632466941
PEI5mgmL_50°C_Abs.TXT,PEI5mgmL,50°C,Abs,2013,6170.58,100.0,332530.0,5.958965633074936,3.5103,2.4486656330749357
PEI5mgmL_50°C_Abs.TXT,PEI5mgmL,50°C,Abs,2014,6173.18,100.0,332530.0,5.958938759689922,3.5102796610169493,2.448659098672973
PEI5mgmL_50°C_Abs.TXT,PEI5mgmL,50°C,Abs,2015,6180.78,100.0,332530.0,5.958860206718347,3.5102202086049545,2.4486399981133924
PEI5mgmL_50°C_Abs.TXT,PEI5mgmL,50°C,Abs,2016,6189.18,100.0,332530.0,5.95877338501292,3.5101544980443284,2.4486188869685916
PEI5mgmL_50°C_Abs.TXT,PEI5mgmL,50°C,Abs,2017,6196.28,100.0,332530.0,5.9587,3.510098956975228,2.448601043024772
PEI5mgmL_50°C_Abs.TXT,PEI5mgmL,50°C,Abs,2018,6198.68,100.0,332530.0,5.958703170409511,3.510080182529335,2.448622987880176
PEI5mgmL_50°C_Abs.TXT,PEI5mgmL,50°C,Abs,2019,6201.18,100.0,332530.0,5.9587064729194195,3.5100606258148632,2.4486458471045562
PEI5mgmL_50°C_Abs.TXT,PEI5mgmL,50°C,Abs,2020,6203.78,100.0,332530.0,5.958709907529723,3.510040286831812,2.448669620697911
PEI5mgmL_50°C_Abs.TXT,PEI5mgmL,50°C,Abs,2021,6206.18,100.0,332530.0,5.958713077939234,3.510021512385919,2.448691565553315
PEI5mgmL_50°C_Abs.TXT,PEI5mgmL,50°C,Abs,2022,6208.88,100.0,332530.0,5.958716644649934,3.5100003911342896,2.4487162535156446
PEI5mgmL_50°C_Abs.TXT,PEI5mgmL,50°C,Abs,2023,6211.38,100.0,332530.0,5.9587199471598415,3.5099808344198173,2.448739112740024
PEI5mgmL_50°C_Abs.TXT,PEI5mgmL,50°C,Abs,2024,6213.9800000000005,100.0,332530.0,5.958723381770145,3.5099604954367667,2.4487628863333786
PEI5mgmL_50°C_Abs.TXT,PEI5mgmL,50°C,Abs,2025,6216.4800000000005,100.0,332530.0,5.9587266842800535,3.509940938722295,2.4487857455577586
PEI5mgmL_50°C_Abs.TXT,PEI5mgmL,50°C,Abs,2026,6218.9800000000005,100.0,332530.0,5.958729986789961,3.5099213820078226,2.4488086047821382
PEI5mgmL_50°C_Abs.TXT,PEI5mgmL,50°C,Abs,2027,6221.58,100.0,332530.0,5.9587334214002645,3.509901043024772,2.4488323783754926
PEI5mgmL_50°C_Abs.TXT,PEI5mgmL,50°C,Abs,2028,6224.18,100.0,332530.0,5.958736856010568,3.509880704041721,2.4488561519688474
PEI5mgmL_50°C_Abs.TXT,PEI5mgmL,50°C,Abs,2029,6226.58,100.0,332530.0,5.958740026420079,3.5098619295958278,2.4488780968242514
PEI5mgmL_50°C_Abs.TXT,PEI5mgmL,50°C,Abs,2030,6229.18,100.0,332530.0,5.958743461030383,3.509841590612777,2.4489018704176058
PEI5mgmL_50°C_Abs.TXT,PEI5mgmL,50°C,Abs,2031,6231.58,100.0,332530.0,5.958746631439895,3.509822816166884,2.4489238152730106
PEI5mgmL_50°C_Abs.TXT,PEI5mgmL,50°C,Abs,2032,6234.28,100.0,332530.0,5.958750198150595,3.509801694915254,2.4489485032353406
PEI5mgmL_50°C_Abs.TXT,PEI5mgmL,50°C,Abs,2033,6236.78,100.0,332530.0,5.958753500660502,3.5097821382007823,2.44897136245972
PEI5mgmL_50°C_Abs.TXT,PEI5mgmL,50°C,Abs,2034,6239.18,100.0,332530.0,5.958756671070013,3.5097633637548893,2.4489933073151238
PEI5mgmL_50°C_Abs.TXT,PEI5mgmL,50°C,Abs,2035,6241.9800000000005,100.0,332530.0,5.95876036988111,3.5097414602346806,2.449018909646429
PEI5mgmL_50°C_Abs.TXT,PEI5mgmL,50°C,Abs,2036,6244.4800000000005,100.0,332530.0,5.958763672391018,3.5097219035202087,2.449041768870809
PEI5mgmL_50°C_Abs.TXT,PEI5mgmL,50°C,Abs,2037,6247.28,100.0,332530.0,5.958767371202113,3.5097,2.4490673712021134
PEI5mgmL_50°C_Abs.TXT,PEI5mgmL,50°C,Abs,2038,6249.78,100.0,332530.0,5.958770673712022,3.5096771241830065,2.449093549529015
PEI5mgmL_50°C_Abs.TXT,PEI5mgmL,50°C,Abs,2039,6257.78,100.0,332530.0,5.958781241743726,3.5096039215686274,2.449177320175098
PEI5mgmL_50°C_Abs.TXT,PEI5mgmL,50°C,Abs,2040,6265.4800000000005,100.0,332530.0,5.95879141347424,3.5095334640522875,2.449257949421953
PEI5mgmL_50°C_Abs.TXT,PEI5mgmL,50°C,Abs,2041,6271.9800000000005,100.0,332530.0,5.9588,3.5094739869281044,2.4493260130718957
PEI5mgmL_50°C_Abs.TXT,PEI5mgmL,50°C,Abs,2042,6274.68,100.0,332530.0,5.958775294117647,3.5094492810457516,2.4493260130718952
PEI5mgmL_50°C_Abs.TXT,PEI5mgmL,50°C,Abs,2043,6277.28,100.0,332530.0,5.958751503267974,3.5094254901960786,2.4493260130718957
PEI5mgmL_50°C_Abs.TXT,PEI5mgmL,50°C,Abs,2044,6280.18,100.0,332530.0,5.958724967320261,3.509398954248366,2.4493260130718952
PEI5mgmL_50°C_Abs.TXT,PEI5mgmL,50°C,Abs,2045,6282.68,100.0,332530.0,5.958702091503268,3.5093760784313726,2.4493260130718952
PEI5mgmL_50°C_Abs.TXT,PEI5mgmL,50°C,Abs,2046,6285.38,100.0,332530.0,5.958677385620915,3.5093513725490197,2.4493260130718957
PEI5mgmL_50°C_Abs.TXT,PEI5mgmL,50°C,Abs,2047,6287.78,100.0,332530.0,5.958655424836602,3.509329411764706,2.4493260130718957
PEI5mgmL_50°C_Abs.TXT,PEI5mgmL,50°C,Abs,2048,6290.28,100.0,332530.0,5.958632549019608,3.5093065359477125,2.4493260130718957
PEI5mgmL_50°C_Abs.TXT,PEI5mgmL,50°C,Abs,2049,6292.9800000000005,100.0,332530.0,5.958607843137255,3.509281830065359,2.4493260130718957
PEI5mgmL_50°C_Abs.TXT,PEI5mgmL,50°C,Abs,2050,6295.38,100.0,332530.0,5.958585882352941,3.5092598692810455,2.4493260130718957
PEI5mgmL_50°C_Abs.TXT,PEI5mgmL,50°C,Abs,2051,6298.08,100.0,332530.0,5.958561176470588,3.5092351633986927,2.4493260130718952
PEI5mgmL_50°C_Abs.TXT,PEI5mgmL,50°C,Abs,2052,6300.58,100.0,332530.0,5.958538300653595,3.509212287581699,2.449326013071896
PEI5mgmL_50°C_Abs.TXT,PEI5mgmL,50°C,Abs,2053,6303.38,100.0,332530.0,5.958512679738562,3.5091866666666665,2.4493260130718957
PEI5mgmL_50°C_Abs.TXT,PEI5mgmL,50°C,Abs,2054,6305.9800000000005,100.0,332530.0,5.958488888888889,3.5091628758169935,2.4493260130718952
PEI5mgmL_50°C_Abs.TXT,PEI5mgmL,50°C,Abs,2055,6308.38,100.0,332530.0,5.958466928104575,3.5091409150326798,2.4493260130718952
PEI5mgmL_50°C_Abs.TXT,PEI5mgmL,50°C,Abs,2056,6310.9800000000005,100.0,332530.0,5.958443137254902,3.5091171241830064,2.4493260130718952
PEI5mgmL_50°C_Abs.TXT,PEI5mgmL,50°C,Abs,2057,6313.4800000000005,100.0,332530.0,5.958420261437909,3.509094248366013,2.449326013071896
PEI5mgmL_50°C_Abs.TXT,PEI5mgmL,50°C,Abs,2058,6315.88,100.0,332530.0,5.958398300653595,3.509072287581699,2.449326013071896
PEI5mgmL_50°C_Abs.TXT,PEI5mgmL,50°C,Abs,2059,6318.4800000000005,100.0,332530.0,5.958374509803922,3.509048496732026,2.4493260130718957
PEI5mgmL_50°C_Abs.TXT,PEI5mgmL,50°C,Abs,2060,6321.08,100.0,332530.0,5.958350718954248,3.5090247058823527,2.4493260130718957
PEI5mgmL_50°C_Abs.TXT,PEI5mgmL,50°C,Abs,2061,6323.78,100.0,332530.0,5.958326013071895,3.509,2.4493260130718952
PEI5mgmL_50°C_Abs.TXT,PEI5mgmL,50°C,Abs,2062,6326.38,100.0,332530.0,5.958302222222223,3.5089693315858455,2.449332890636377
PEI5mgmL_50°C_Abs.TXT,PEI5mgmL,50°C,Abs,2063,6333.88,100.0,332530.0,5.958233594771242,3.508880865006553,2.449352729764689
PEI5mgmL_50°C_Abs.TXT,PEI5mgmL,50°C,Abs,2064,6341.88,100.0,332530.0,5.958160392156863,3.508786500655308,2.449373891501555
PEI5mgmL_50°C_Abs.TXT,PEI5mgmL,50°C,Abs,2065,6348.4800000000005,100.0,332530.0,5.9581,3.5087086500655307,2.4493913499344693
PEI5mgmL_50°C_Abs.TXT,PEI5mgmL,50°C,Abs,2066,6350.9800000000005,100.0,332530.0,5.958083660130719,3.508679161205767,2.4494044989249524
PEI5mgmL_50°C_Abs.TXT,PEI5mgmL,50°C,Abs,2067,6353.78,100.0,332530.0,5.958065359477124,3.5086461336828307,2.4494192257942933
PEI5mgmL_50°C_Abs.TXT,PEI5mgmL,50°C,Abs,2068,6356.28,100.0,332530.0,5.958049019607843,3.508616644823067,2.4494323747847764
PEI5mgmL_50°C_Abs.TXT,PEI5mgmL,50°C,Abs,2069,6358.88,100.0,332530.0,5.9580320261437905,3.508585976408912,2.4494460497348785
PEI5mgmL_50°C_Abs.TXT,PEI5mgmL,50°C,Abs,2070,6361.4800000000005,100.0,332530.0,5.9580150326797385,3.5085553079947576,2.449459724684981
PEI5mgmL_50°C_Abs.TXT,PEI5mgmL,50°C,Abs,2071,6363.88,100.0,332530.0,5.957999346405229,3.508526998689384,2.449472347715845
PEI5mgmL_50°C_Abs.TXT,PEI5mgmL,50°C,Abs,2072,6366.4800000000005,100.0,332530.0,5.957982352941176,3.5084963302752294,2.4494860226659467
PEI5mgmL_50°C_Abs.TXT,PEI5mgmL,50°C,Abs,2073,6369.18,100.0,332530.0,5.957964705882353,3.5084644823066844,2.4495002235756687
PEI5mgmL_50°C_Abs.TXT,PEI5mgmL,50°C,Abs,2074,6371.88,100.0,332530.0,5.957947058823529,3.508432634338139,2.44951442448539
PEI5mgmL_50°C_Abs.TXT,PEI5mgmL,50°C,Abs,2075,6374.38,100.0,332530.0,5.957930718954248,3.508403145478375,2.4495275734758732
PEI5mgmL_50°C_Abs.TXT,PEI5mgmL,50°C,Abs,2076,6376.9800000000005,100.0,332530.0,5.957913725490196,3.50837247706422,2.449541248425976
PEI5mgmL_50°C_Abs.TXT,PEI5mgmL,50°C,Abs,2077,6379.4800000000005,100.0,332530.0,5.957897385620915,3.5083429882044563,2.4495543974164584
PEI5mgmL_50°C_Abs.TXT,PEI5mgmL,50°C,Abs,2078,6382.38,100.0,332530.0,5.957878431372549,3.50830878112713,2.449569650245419
PEI5mgmL_50°C_Abs.TXT,PEI5mgmL,50°C,Abs,2079,6384.78,100.0,332530.0,5.95786274509804,3.5082804718217564,2.4495822732762833
PEI5mgmL_50°C_Abs.TXT,PEI5mgmL,50°C,Abs,2080,6387.18,100.0,332530.0,5.957847058823529,3.5082521625163827,2.4495948963071466
PEI5mgmL_50°C_Abs.TXT,PEI5mgmL,50°C,Abs,2081,6389.9800000000005,100.0,332530.0,5.957828758169935,3.508219134993447,2.449609623176488
PEI5mgmL_50°C_Abs.TXT,PEI5mgmL,50°C,Abs,2082,6392.38,100.0,332530.0,5.9578130718954245,3.5081908256880734,2.449622246207351
PEI5mgmL_50°C_Abs.TXT,PEI5mgmL,50°C,Abs,2083,6395.08,100.0,332530.0,5.957795424836601,3.5081589777195283,2.449636447117073
PEI5mgmL_50°C_Abs.TXT,PEI5mgmL,50°C,Abs,2084,6397.58,100.0,332530.0,5.957779084967321,3.5081294888597645,2.449649596107556
PEI5mgmL_50°C_Abs.TXT,PEI5mgmL,50°C,Abs,2085,6400.08,100.0,332530.0,5.957762745098039,3.5081,2.449662745098039
PEI5mgmL_50°C_Abs.TXT,PEI5mgmL,50°C,Abs,2086,6402.58,100.0,332530.0,5.957746405228758,3.50808031496063,2.449666090268128
PEI5mgmL_50°C_Abs.TXT,PEI5mgmL,50°C,Abs,2087,6410.18,100.0,332530.0,5.957696732026144,3.508020472440945,2.449676259585199
PEI5mgmL_50°C_Abs.TXT,PEI5mgmL,50°C,Abs,2088,6417.88,100.0,332530.0,5.9576464052287585,3.507959842519685,2.4496865627090734
PEI5mgmL_50°C_Abs.TXT,PEI5mgmL,50°C,Abs,2089,6424.9800000000005,100.0,332530.0,5.9576,3.507903937007874,2.449696062992126
PEI5mgmL_50°C_Abs.TXT,PEI5mgmL,50°C,Abs,2090,6427.4800000000005,100.0,332530.0,5.957593455497382,3.507884251968504,2.449709203528878
PEI5mgmL_50°C_Abs.TXT,PEI5mgmL,50°C,Abs,2091,6430.28,100.0,332530.0,5.9575861256544504,3.5078622047244097,2.4497239209300408
PEI5mgmL_50°C_Abs.TXT,PEI5mgmL,50°C,Abs,2092,6432.68,100.0,332530.0,5.9575798429319375,3.507843307086614,2.4497365358453234
PEI5mgmL_50°C_Abs.TXT,PEI5mgmL,50°C,Abs,2093,6435.18,100.0,332530.0,5.9575732984293195,3.507823622047244,2.4497496763820754
PEI5mgmL_50°C_Abs.TXT,PEI5mgmL,50°C,Abs,2094,6437.78,100.0,332530.0,5.957566492146597,3.5078031496062994,2.449763342540298
PEI5mgmL_50°C_Abs.TXT,PEI5mgmL,50°C,Abs,2095,6440.18,100.0,332530.0,5.957560209424084,3.507784251968504,2.4497759574555804
PEI5mgmL_50°C_Abs.TXT,PEI5mgmL,50°C,Abs,2096,6442.88,100.0,332530.0,5.957553141361257,3.507762992125984,2.4497901492352727
PEI5mgmL_50°C_Abs.TXT,PEI5mgmL,50°C,Abs,2097,6445.4800000000005,100.0,332530.0,5.9575463350785345,3.5077425196850394,2.449803815393495
PEI5mgmL_50°C_Abs.TXT,PEI5mgmL,50°C,Abs,2098,6448.08,100.0,332530.0,5.957539528795811,3.5077220472440946,2.4498174815517166
PEI5mgmL_50°C_Abs.TXT,PEI5mgmL,50°C,Abs,2099,6450.58,100.0,332530.0,5.957532984293194,3.5077023622047245,2.4498306220884696
PEI5mgmL_50°C_Abs.TXT,PEI5mgmL,50°C,Abs,2100,6453.18,100.0,332530.0,5.957526178010471,3.5076818897637794,2.4498442882466915
PEI5mgmL_50°C_Abs.TXT,PEI5mgmL,50°C,Abs,2101,6455.78,100.0,332530.0,5.957519371727749,3.5076614173228347,2.449857954404914
PEI5mgmL_50°C_Abs.TXT,PEI5mgmL,50°C,Abs,2102,6458.28,100.0,332530.0,5.9575128272251305,3.5076417322834645,2.449871094941666
PEI5mgmL_50°C_Abs.TXT,PEI5mgmL,50°C,Abs,2103,6460.78,100.0,332530.0,5.957506282722513,3.5076220472440944,2.449884235478419
PEI5mgmL_50°C_Abs.TXT,PEI5mgmL,50°C,Abs,2104,6463.4800000000005,100.0,332530.0,5.957499214659686,3.5076007874015747,2.4498984272581112
PEI5mgmL_50°C_Abs.TXT,PEI5mgmL,50°C,Abs,2105,6465.9800000000005,100.0,332530.0,5.957492670157068,3.5075811023622046,2.4499115677948633
PEI5mgmL_50°C_Abs.TXT,PEI5mgmL,50°C,Abs,2106,6468.4800000000005,100.0,332530.0,5.957486125654451,3.5075614173228344,2.4499247083316162
PEI5mgmL_50°C_Abs.TXT,PEI5mgmL,50°C,Abs,2107,6471.08,100.0,332530.0,5.9574793193717275,3.5075409448818897,2.4499383744898378
PEI5mgmL_50°C_Abs.TXT,PEI5mgmL,50°C,Abs,2108,6473.78,100.0,332530.0,5.957472251308901,3.50751968503937,2.449952566269531
PEI5mgmL_50°C_Abs.TXT,PEI5mgmL,50°C,Abs,2109,6476.28,100.0,332530.0,5.957465706806283,3.5075,2.449965706806283
PEI5mgmL_50°C_Abs.TXT,PEI5mgmL,50°C,Abs,2110,6479.08,100.0,332530.0,5.957458376963351,3.5074746113989637,2.4499837655643875
PEI5mgmL_50°C_Abs.TXT,PEI5mgmL,50°C,Abs,2111,6486.68,100.0,332530.0,5.957438481675393,3.507405699481865,2.4500327821935275
PEI5mgmL_50°C_Abs.TXT,PEI5mgmL,50°C,Abs,2112,6494.28,100.0,332530.0,5.957418586387434,3.5073367875647667,2.4500817988226675
PEI5mgmL_50°C_Abs.TXT,PEI5mgmL,50°C,Abs,2113,6501.38,100.0,332530.0,5.9574,3.5072724093264247,2.450127590673575
PEI5mgmL_50°C_Abs.TXT,PEI5mgmL,50°C,Abs,2114,6503.88,100.0,332530.0,5.957377243172951,3.5072497409326426,2.4501275022403086
PEI5mgmL_50°C_Abs.TXT,PEI5mgmL,50°C,Abs,2115,6506.28,100.0,332530.0,5.957355396618985,3.5072279792746115,2.450127417344374
PEI5mgmL_50°C_Abs.TXT,PEI5mgmL,50°C,Abs,2116,6508.9800000000005,100.0,332530.0,5.957330819245773,3.5072034974093262,2.450127321836447
PEI5mgmL_50°C_Abs.TXT,PEI5mgmL,50°C,Abs,2117,6511.4800000000005,100.0,332530.0,5.957308062418726,3.507180829015544,2.4501272334031814
PEI5mgmL_50°C_Abs.TXT,PEI5mgmL,50°C,Abs,2118,6514.18,100.0,332530.0,5.957283485045513,3.507156347150259,2.4501271378952545
PEI5mgmL_50°C_Abs.TXT,PEI5mgmL,50°C,Abs,2119,6516.68,100.0,332530.0,5.957260728218466,3.507133678756477,2.450127049461989
PEI5mgmL_50°C_Abs.TXT,PEI5mgmL,50°C,Abs,2120,6519.4800000000005,100.0,332530.0,5.957235240572172,3.5071082901554402,2.4501269504167316
PEI5mgmL_50°C_Abs.TXT,PEI5mgmL,50°C,Abs,2121,6522.18,100.0,332530.0,5.95721066319896,3.5070838082901554,2.450126854908804
PEI5mgmL_50°C_Abs.TXT,PEI5mgmL,50°C,Abs,2122,6524.78,100.0,332530.0,5.957186996098829,3.507060233160622,2.4501267629382073
PEI5mgmL_50°C_Abs.TXT,PEI5mgmL,50°C,Abs,2123,6527.18,100.0,332530.0,5.957165149544863,3.507038471502591,2.4501266780422726
PEI5mgmL_50°C_Abs.TXT,PEI5mgmL,50°C,Abs,2124,6530.08,100.0,332530.0,5.957138751625488,3.5070121761658033,2.4501265754596844
PEI5mgmL_50°C_Abs.TXT,PEI5mgmL,50°C,Abs,2125,6532.4800000000005,100.0,332530.0,5.957116905071521,3.506990414507772,2.4501264905637488
PEI5mgmL_50°C_Abs.TXT,PEI5mgmL,50°C,Abs,2126,6535.38,100.0,332530.0,5.957090507152145,3.5069641191709846,2.4501263879811606
PEI5mgmL_50°C_Abs.TXT,PEI5mgmL,50°C,Abs,2127,6537.78,100.0,332530.0,5.957068660598179,3.5069423575129535,2.450126303085226
PEI5mgmL_50°C_Abs.TXT,PEI5mgmL,50°C,Abs,2128,6540.28,100.0,332530.0,5.957045903771131,3.506919689119171,2.45012621465196
PEI5mgmL_50°C_Abs.TXT,PEI5mgmL,50°C,Abs,2129,6543.08,100.0,332530.0,5.957020416124837,3.5068943005181348,2.450126115606702
PEI5mgmL_50°C_Abs.TXT,PEI5mgmL,50°C,Abs,2130,6545.4800000000005,100.0,332530.0,5.956998569570871,3.5068725388601036,2.4501260307107673
PEI5mgmL_50°C_Abs.TXT,PEI5mgmL,50°C,Abs,2131,6548.28,100.0,332530.0,5.956973081924577,3.5068471502590675,2.4501259316655095
PEI5mgmL_50°C_Abs.TXT,PEI5mgmL,50°C,Abs,2132,6550.78,100.0,332530.0,5.956950325097529,3.506824481865285,2.4501258432322444
PEI5mgmL_50°C_Abs.TXT,PEI5mgmL,50°C,Abs,2133,6553.4800000000005,100.0,332530.0,5.956925747724317,3.5068,2.450125747724317
PEI5mgmL_50°C_Abs.TXT,PEI5mgmL,50°C,Abs,2134,6556.08,100.0,332530.0,5.956902080624187,3.5067762402088776,2.4501258404153092
PEI5mgmL_50°C_Abs.TXT,PEI5mgmL,50°C,Abs,2135,6564.08,100.0,332530.0,5.956829258777633,3.506703133159269,2.450126125618364
PEI5mgmL_50°C_Abs.TXT,PEI5mgmL,50°C,Abs,2136,6571.78,100.0,332530.0,5.956759167750325,3.506632767624021,2.4501264001263037
PEI5mgmL_50°C_Abs.TXT,PEI5mgmL,50°C,Abs,2137,6578.28,100.0,332530.0,5.9567,3.5065733681462143,2.4501266318537853
PEI5mgmL_50°C_Abs.TXT,PEI5mgmL,50°C,Abs,2138,6581.08,100.0,332530.0,5.95667444589309,3.506547780678851,2.450126665214239
PEI5mgmL_50°C_Abs.TXT,PEI5mgmL,50°C,Abs,2139,6583.4800000000005,100.0,332530.0,5.956652542372881,3.5065258485639688,2.450126693808912
PEI5mgmL_50°C_Abs.TXT,PEI5mgmL,50°C,Abs,2140,6585.9800000000005,100.0,332530.0,5.956629726205997,3.506503002610966,2.450126723595031
PEI5mgmL_50°C_Abs.TXT,PEI5mgmL,50°C,Abs,2141,6588.58,100.0,332530.0,5.956605997392438,3.5064792428198435,2.450126754572594
PEI5mgmL_50°C_Abs.TXT,PEI5mgmL,50°C,Abs,2142,6591.18,100.0,332530.0,5.956582268578878,3.506455483028721,2.4501267855501574
PEI5mgmL_50°C_Abs.TXT,PEI5mgmL,50°C,Abs,2143,6593.9800000000005,100.0,332530.0,5.956556714471969,3.5064298955613578,2.450126818910611
PEI5mgmL_50°C_Abs.TXT,PEI5mgmL,50°C,Abs,2144,6596.4800000000005,100.0,332530.0,5.956533898305085,3.506407049608355,2.45012684869673
PEI5mgmL_50°C_Abs.TXT,PEI5mgmL,50°C,Abs,2145,6599.28,100.0,332530.0,5.956508344198174,3.5063814621409923,2.450126882057182
PEI5mgmL_50°C_Abs.TXT,PEI5mgmL,50°C,Abs,2146,6601.68,100.0,332530.0,5.956486440677966,3.50635953002611,2.450126910651856
PEI5mgmL_50°C_Abs.TXT,PEI5mgmL,50°C,Abs,2147,6604.38,100.0,332530.0,5.956461799217731,3.506334856396867,2.450126942820864
PEI5mgmL_50°C_Abs.TXT,PEI5mgmL,50°C,Abs,2148,6606.9800000000005,100.0,332530.0,5.956438070404172,3.506311096605744,2.4501269737984277
PEI5mgmL_50°C_Abs.TXT,PEI5mgmL,50°C,Abs,2149,6609.38,100.0,332530.0,5.9564161668839635,3.5062891644908616,2.450127002393102
PEI5mgmL_50°C_Abs.TXT,PEI5mgmL,50°C,Abs,2150,6611.9800000000005,100.0,332530.0,5.956392438070404,3.506265404699739,2.450127033370665
PEI5mgmL_50°C_Abs.TXT,PEI5mgmL,50°C,Abs,2151,6614.4800000000005,100.0,332530.0,5.95636962190352,3.5062425587467363,2.450127063156784
PEI5mgmL_50°C_Abs.TXT,PEI5mgmL,50°C,Abs,2152,6616.9800000000005,100.0,332530.0,5.956346805736636,3.5062197127937336,2.450127092942903
PEI5mgmL_50°C_Abs.TXT,PEI5mgmL,50°C,Abs,2153,6619.68,100.0,332530.0,5.9563221642764015,3.5061950391644907,2.4501271251119108
PEI5mgmL_50°C_Abs.TXT,PEI5mgmL,50°C,Abs,2154,6622.18,100.0,332530.0,5.956299348109518,3.5061721932114884,2.4501271548980292
PEI5mgmL_50°C_Abs.TXT,PEI5mgmL,50°C,Abs,2155,6624.78,100.0,332530.0,5.956275619295958,3.5061484334203654,2.450127185875593
PEI5mgmL_50°C_Abs.TXT,PEI5mgmL,50°C,Abs,2156,6627.38,100.0,332530.0,5.956251890482399,3.506124673629243,2.450127216853156
PEI5mgmL_50°C_Abs.TXT,PEI5mgmL,50°C,Abs,2157,6630.08,100.0,332530.0,5.956227249022165,3.5061,2.450127249022165
PEI5mgmL_50°C_Abs.TXT,PEI5mgmL,50°C,Abs,2158,6632.68,100.0,332530.0,5.956203520208605,3.5060695708712615,2.450133949337344
PEI5mgmL_50°C_Abs.TXT,PEI5mgmL,50°C,Abs,2159,6640.28,100.0,332530.0,5.956134159061278,3.505980624187256,2.450153534874022
PEI5mgmL_50°C_Abs.TXT,PEI5mgmL,50°C,Abs,2160,6648.28,100.0,332530.0,5.956061147327249,3.5058869960988295,2.4501741512284196
PEI5mgmL_50°C_Abs.TXT,PEI5mgmL,50°C,Abs,2161,6654.9800000000005,100.0,332530.0,5.956,3.5058085825747725,2.450191417425228
PEI5mgmL_50°C_Abs.TXT,PEI5mgmL,50°C,Abs,2162,6657.78,100.0,332530.0,5.955996354166667,3.505775812743823,2.450220541422844
PEI5mgmL_50°C_Abs.TXT,PEI5mgmL,50°C,Abs,2163,6660.28,100.0,332530.0,5.955993098958333,3.5057465539661896,2.450246544992144
PEI5mgmL_50°C_Abs.TXT,PEI5mgmL,50°C,Abs,2164,6662.78,100.0,332530.0,5.95598984375,3.5057172951885565,2.450272548561444
PEI5mgmL_50°C_Abs.TXT,PEI5mgmL,50°C,Abs,2165,6665.4800000000005,100.0,332530.0,5.955986328125,3.5056856957087126,2.4503006324162877
PEI5mgmL_50°C_Abs.TXT,PEI5mgmL,50°C,Abs,2166,6668.18,100.0,332530.0,5.9559828125,3.5056540962288687,2.4503287162711316
PEI5mgmL_50°C_Abs.TXT,PEI5mgmL,50°C,Abs,2167,6670.78,100.0,332530.0,5.955979427083333,3.50562366710013,2.450355759983203
PEI5mgmL_50°C_Abs.TXT,PEI5mgmL,50°C,Abs,2168,6673.38,100.0,332530.0,5.955976041666667,3.505593237971391,2.450382803695276
PEI5mgmL_50°C_Abs.TXT,PEI5mgmL,50°C,Abs,2169,6675.9800000000005,100.0,332530.0,5.95597265625,3.5055628088426527,2.4504098474073475
PEI5mgmL_50°C_Abs.TXT,PEI5mgmL,50°C,Abs,2170,6678.4800000000005,100.0,332530.0,5.955969401041667,3.5055335500650195,2.4504358509766475
PEI5mgmL_50°C_Abs.TXT,PEI5mgmL,50°C,Abs,2171,6680.88,100.0,332530.0,5.955966276041667,3.5055054616384913,2.4504608144031756
PEI5mgmL_50°C_Abs.TXT,PEI5mgmL,50°C,Abs,2172,6683.58,100.0,332530.0,5.955962760416667,3.5054738621586474,2.4504888982580195
PEI5mgmL_50°C_Abs.TXT,PEI5mgmL,50°C,Abs,2173,6685.9800000000005,100.0,332530.0,5.955959635416667,3.5054457737321196,2.450513861684547
PEI5mgmL_50°C_Abs.TXT,PEI5mgmL,50°C,Abs,2174,6688.78,100.0,332530.0,5.955955989583334,3.5054130039011704,2.4505429856821634
PEI5mgmL_50°C_Abs.TXT,PEI5mgmL,50°C,Abs,2175,6691.28,100.0,332530.0,5.955952734375,3.505383745123537,2.450568989251463
PEI5mgmL_50°C_Abs.TXT,PEI5mgmL,50°C,Abs,2176,6694.18,100.0,332530.0,5.955948958333334,3.505349804941482,2.4505991533918516
PEI5mgmL_50°C_Abs.TXT,PEI5mgmL,50°C,Abs,2177,6696.58,100.0,332530.0,5.955945833333334,3.5053217165149544,2.4506241168183793
PEI5mgmL_50°C_Abs.TXT,PEI5mgmL,50°C,Abs,2178,6698.9800000000005,100.0,332530.0,5.955942708333334,3.5052936280884266,2.450649080244907
PEI5mgmL_50°C_Abs.TXT,PEI5mgmL,50°C,Abs,2179,6701.68,100.0,332530.0,5.955939192708334,3.5052620286085823,2.4506771640997513
PEI5mgmL_50°C_Abs.TXT,PEI5mgmL,50°C,Abs,2180,6704.28,100.0,332530.0,5.955935807291667,3.5052315994798438,2.450704207811823
PEI5mgmL_50°C_Abs.TXT,PEI5mgmL,50°C,Abs,2181,6706.9800000000005,100.0,332530.0,5.955932291666667,3.5052,2.4507322916666667
PEI5mgmL_50°C_Abs.TXT,PEI5mgmL,50°C,Abs,2182,6709.58,100.0,332530.0,5.95592890625,3.5051830729166666,2.450745833333333
PEI5mgmL_50°C_Abs.TXT,PEI5mgmL,50°C,Abs,2183,6717.4800000000005,100.0,332530.0,5.9559186197916665,3.5051316406249997,2.4507869791666668
PEI5mgmL_50°C_Abs.TXT,PEI5mgmL,50°C,Abs,2184,6725.18,100.0,332530.0,5.955908593749999,3.505081510416667,2.4508270833333325
PEI5mgmL_50°C_Abs.TXT,PEI5mgmL,50°C,Abs,2185,6731.78,100.0,332530.0,5.9559,3.5050385416666665,2.4508614583333332
PEI5mgmL_50°C_Abs.TXT,PEI5mgmL,50°C,Abs,2186,6734.58,100.0,332530.0,5.955878125,3.5050203125,2.4508578125
PEI5mgmL_50°C_Abs.TXT,PEI5mgmL,50°C,Abs,2187,6737.08,100.0,332530.0,5.9558585937499995,3.5050040364583332,2.4508545572916662
PEI5mgmL_50°C_Abs.TXT,PEI5mgmL,50°C,Abs,2188,6739.88,100.0,332530.0,5.95583671875,3.504985807291667,2.450850911458333
PEI5mgmL_50°C_Abs.TXT,PEI5mgmL,50°C,Abs,2189,6742.38,100.0,332530.0,5.9558171875,3.50496953125,2.45084765625
PEI5mgmL_50°C_Abs.TXT,PEI5mgmL,50°C,Abs,2190,6744.88,100.0,332530.0,5.95579765625,3.5049532552083336,2.450844401041666
PEI5mgmL_50°C_Abs.TXT,PEI5mgmL,50°C,Abs,2191,6747.58,100.0,332530.0,5.9557765625,3.5049356770833335,2.450840885416666
PEI5mgmL_50°C_Abs.TXT,PEI5mgmL,50°C,Abs,2192,6750.18,100.0,332530.0,5.95575625,3.50491875,2.4508375000000004
PEI5mgmL_50°C_Abs.TXT,PEI5mgmL,50°C,Abs,2193,6752.88,100.0,332530.0,5.95573515625,3.504901171875,2.4508339843750004
PEI5mgmL_50°C_Abs.TXT,PEI5mgmL,50°C,Abs,2194,6755.38,100.0,332530.0,5.955715625,3.5048848958333334,2.4508307291666664
PEI5mgmL_50°C_Abs.TXT,PEI5mgmL,50°C,Abs,2195,6757.78,100.0,332530.0,5.955696875,3.5048692708333333,2.450827604166667
PEI5mgmL_50°C_Abs.TXT,PEI5mgmL,50°C,Abs,2196,6760.58,100.0,332530.0,5.955675,3.504851041666667,2.4508239583333333
PEI5mgmL_50°C_Abs.TXT,PEI5mgmL,50°C,Abs,2197,6763.28,100.0,332530.0,5.95565390625,3.504833463541667,2.4508204427083333
PEI5mgmL_50°C_Abs.TXT,PEI5mgmL,50°C,Abs,2198,6765.88,100.0,332530.0,5.95563359375,3.5048165364583332,2.4508170572916668
PEI5mgmL_50°C_Abs.TXT,PEI5mgmL,50°C,Abs,2199,6768.28,100.0,332530.0,5.95561484375,3.5048009114583336,2.4508139322916667
PEI5mgmL_50°C_Abs.TXT,PEI5mgmL,50°C,Abs,2200,6770.78,100.0,332530.0,5.9555953125,3.5047846354166667,2.450810677083333
PEI5mgmL_50°C_Abs.TXT,PEI5mgmL,50°C,Abs,2201,6773.28,100.0,332530.0,5.95557578125,3.5047683593750003,2.450807421875
PEI5mgmL_50°C_Abs.TXT,PEI5mgmL,50°C,Abs,2202,6775.78,100.0,332530.0,5.95555625,3.5047520833333334,2.4508041666666665
PEI5mgmL_50°C_Abs.TXT,PEI5mgmL,50°C,Abs,2203,6778.58,100.0,332530.0,5.955534375,3.5047338541666666,2.4508005208333334
PEI5mgmL_50°C_Abs.TXT,PEI5mgmL,50°C,Abs,2204,6781.28,100.0,332530.0,5.95551328125,3.504716276041667,2.450797005208333
PEI5mgmL_50°C_Abs.TXT,PEI5mgmL,50°C,Abs,2205,6783.78,100.0,332530.0,5.9554937500000005,3.5047,2.4507937500000003
PEI5mgmL_50°C_Abs.TXT,PEI5mgmL,50°C,Abs,2206,6786.58,100.0,332530.0,5.955471875,3.5046816031537453,2.4507902718462544
PEI5mgmL_50°C_Abs.TXT,PEI5mgmL,50°C,Abs,2207,6794.28,100.0,332530.0,5.95541171875,3.504631011826544,2.4507807069234557
PEI5mgmL_50°C_Abs.TXT,PEI5mgmL,50°C,Abs,2208,6801.9800000000005,100.0,332530.0,5.955351562500001,3.504580420499343,2.4507711420006575
PEI5mgmL_50°C_Abs.TXT,PEI5mgmL,50°C,Abs,2209,6808.58,100.0,332530.0,5.9553,3.5045370565045992,2.450762943495401
PEI5mgmL_50°C_Abs.TXT,PEI5mgmL,50°C,Abs,2210,6811.18,100.0,332530.0,5.955289736842105,3.504519973718791,2.450769763123314
PEI5mgmL_50°C_Abs.TXT,PEI5mgmL,50°C,Abs,2211,6813.68,100.0,332530.0,5.955279868421053,3.5045035479632065,2.4507763204578468
PEI5mgmL_50°C_Abs.TXT,PEI5mgmL,50°C,Abs,2212,6816.38,100.0,332530.0,5.955269210526316,3.504485808147175,2.450783402379141
PEI5mgmL_50°C_Abs.TXT,PEI5mgmL,50°C,Abs,2213,6818.88,100.0,332530.0,5.955259342105263,3.5044693823915902,2.450789959713673
PEI5mgmL_50°C_Abs.TXT,PEI5mgmL,50°C,Abs,2214,6821.38,100.0,332530.0,5.95524947368421,3.504452956636005,2.450796517048205
PEI5mgmL_50°C_Abs.TXT,PEI5mgmL,50°C,Abs,2215,6823.9800000000005,100.0,332530.0,5.955239210526316,3.504435873850197,2.450803336676119
PEI5mgmL_50°C_Abs.TXT,PEI5mgmL,50°C,Abs,2216,6826.58,100.0,332530.0,5.955228947368421,3.504418791064389,2.450810156304032
PEI5mgmL_50°C_Abs.TXT,PEI5mgmL,50°C,Abs,2217,6829.18,100.0,332530.0,5.955218684210527,3.5044017082785808,2.450816975931946
PEI5mgmL_50°C_Abs.TXT,PEI5mgmL,50°C,Abs,2218,6831.58,100.0,332530.0,5.955209210526316,3.5043859395532193,2.450823270973097
PEI5mgmL_50°C_Abs.TXT,PEI5mgmL,50°C,Abs,2219,6833.9800000000005,100.0,332530.0,5.955199736842105,3.5043701708278583,2.4508295660142467
PEI5mgmL_50°C_Abs.TXT,PEI5mgmL,50°C,Abs,2220,6836.78,100.0,332530.0,5.955188684210526,3.504351773981603,2.450836910228923
PEI5mgmL_50°C_Abs.TXT,PEI5mgmL,50°C,Abs,2221,6839.18,100.0,332530.0,5.955179210526316,3.504336005256242,2.4508432052700737
PEI5mgmL_50°C_Abs.TXT,PEI5mgmL,50°C,Abs,2222,6841.88,100.0,332530.0,5.955168552631579,3.5043182654402103,2.450850287191369
PEI5mgmL_50°C_Abs.TXT,PEI5mgmL,50°C,Abs,2223,6844.28,100.0,332530.0,5.955159078947369,3.504302496714849,2.45085658223252
PEI5mgmL_50°C_Abs.TXT,PEI5mgmL,50°C,Abs,2224,6846.78,100.0,332530.0,5.955149210526316,3.5042860709592643,2.4508631395670517
PEI5mgmL_50°C_Abs.TXT,PEI5mgmL,50°C,Abs,2225,6849.4800000000005,100.0,332530.0,5.955138552631579,3.5042683311432326,2.450870221488347
PEI5mgmL_50°C_Abs.TXT,PEI5mgmL,50°C,Abs,2226,6851.9800000000005,100.0,332530.0,5.955128684210527,3.504251905387648,2.4508767788228787
PEI5mgmL_50°C_Abs.TXT,PEI5mgmL,50°C,Abs,2227,6854.58,100.0,332530.0,5.955118421052632,3.50423482260184,2.4508835984507917
PEI5mgmL_50°C_Abs.TXT,PEI5mgmL,50°C,Abs,2228,6857.18,100.0,332530.0,5.955108157894737,3.5042177398160317,2.4508904180787057
PEI5mgmL_50°C_Abs.TXT,PEI5mgmL,50°C,Abs,2229,6859.88,100.0,332530.0,5.9550975,3.5042,2.4508975
PEI5mgmL_50°C_Abs.TXT,PEI5mgmL,50°C,Abs,2230,6862.4800000000005,100.0,332530.0,5.955087236842106,3.5041728813559323,2.4509143554861734
PEI5mgmL_50°C_Abs.TXT,PEI5mgmL,50°C,Abs,2231,6869.9800000000005,100.0,332530.0,5.955057631578947,3.5040946544980445,2.450962977080903
PEI5mgmL_50°C_Abs.TXT,PEI5mgmL,50°C,Abs,2232,6878.08,100.0,332530.0,5.955025657894737,3.5040101694915253,2.4510154884032116
PEI5mgmL_50°C_Abs.TXT,PEI5mgmL,50°C,Abs,2233,6884.58,100.0,332530.0,5.955,3.503942372881356,2.451057627118644
PEI5mgmL_50°C_Abs.TXT,PEI5mgmL,50°C,Abs,2234,6887.08,100.0,332530.0,5.954983723958334,3.50391629726206,2.4510674266962735
PEI5mgmL_50°C_Abs.TXT,PEI5mgmL,50°C,Abs,2235,6889.78,100.0,332530.0,5.954966145833334,3.5038881355932205,2.451078010240113
PEI5mgmL_50°C_Abs.TXT,PEI5mgmL,50°C,Abs,2236,6892.28,100.0,332530.0,5.954949869791667,3.5038620599739243,2.451087809817743
PEI5mgmL_50°C_Abs.TXT,PEI5mgmL,50°C,Abs,2237,6894.88,100.0,332530.0,5.954932942708333,3.5038349413298566,2.4510980013784764
PEI5mgmL_50°C_Abs.TXT,PEI5mgmL,50°C,Abs,2238,6897.4800000000005,100.0,332530.0,5.954916015625,3.503807822685789,2.451108192939211
PEI5mgmL_50°C_Abs.TXT,PEI5mgmL,50°C,Abs,2239,6900.18,100.0,332530.0,5.9548984375,3.5037796610169494,2.4511187764830504
PEI5mgmL_50°C_Abs.TXT,PEI5mgmL,50°C,Abs,2240,6902.78,100.0,332530.0,5.954881510416667,3.5037525423728813,2.4511289680437853
PEI5mgmL_50°C_Abs.TXT,PEI5mgmL,50°C,Abs,2241,6905.58,100.0,332530.0,5.95486328125,3.50372333767927,2.45113994357073
PEI5mgmL_50°C_Abs.TXT,PEI5mgmL,50°C,Abs,2242,6908.08,100.0,332530.0,5.954847005208333,3.503697262059974,2.4511497431483593
PEI5mgmL_50°C_Abs.TXT,PEI5mgmL,50°C,Abs,2243,6910.78,100.0,332530.0,5.954829427083333,3.5036691003911344,2.451160326692199
PEI5mgmL_50°C_Abs.TXT,PEI5mgmL,50°C,Abs,2244,6913.38,100.0,332530.0,5.9548125,3.5036419817470663,2.4511705182529337
PEI5mgmL_50°C_Abs.TXT,PEI5mgmL,50°C,Abs,2245,6915.78,100.0,332530.0,5.954796875,3.5036169491525424,2.451179925847458
PEI5mgmL_50°C_Abs.TXT,PEI5mgmL,50°C,Abs,2246,6918.4800000000005,100.0,332530.0,5.954779296875,3.503588787483703,2.4511905093912976
PEI5mgmL_50°C_Abs.TXT,PEI5mgmL,50°C,Abs,2247,6920.9800000000005,100.0,332530.0,5.954763020833334,3.503562711864407,2.451200308968927
PEI5mgmL_50°C_Abs.TXT,PEI5mgmL,50°C,Abs,2248,6923.58,100.0,332530.0,5.95474609375,3.503535593220339,2.451210500529661
PEI5mgmL_50°C_Abs.TXT,PEI5mgmL,50°C,Abs,2249,6926.08,100.0,332530.0,5.954729817708333,3.503509517601043,2.4512203001072903
PEI5mgmL_50°C_Abs.TXT,PEI5mgmL,50°C,Abs,2250,6928.58,100.0,332530.0,5.954713541666667,3.5034834419817473,2.4512300996849197
PEI5mgmL_50°C_Abs.TXT,PEI5mgmL,50°C,Abs,2251,6931.28,100.0,332530.0,5.954695963541667,3.5034552803129073,2.4512406832287597
PEI5mgmL_50°C_Abs.TXT,PEI5mgmL,50°C,Abs,2252,6933.88,100.0,332530.0,5.954679036458334,3.5034281616688396,2.451250874789494
PEI5mgmL_50°C_Abs.TXT,PEI5mgmL,50°C,Abs,2253,6936.58,100.0,332530.0,5.954661458333334,3.5034,2.4512614583333336
PEI5mgmL_50°C_Abs.TXT,PEI5mgmL,50°C,Abs,2254,6939.18,100.0,332530.0,5.9546445312500005,3.5033728813559324,2.451271649894068
PEI5mgmL_50°C_Abs.TXT,PEI5mgmL,50°C,Abs,2255,6947.08,100.0,332530.0,5.954593098958334,3.503290482398957,2.451302616559377
PEI5mgmL_50°C_Abs.TXT,PEI5mgmL,50°C,Abs,2256,6954.88,100.0,332530.0,5.954542317708333,3.5032091264667535,2.45133319124158
PEI5mgmL_50°C_Abs.TXT,PEI5mgmL,50°C,Abs,2257,6961.38,100.0,332530.0,5.9545,3.503141329856584,2.4513586701434162
PEI5mgmL_50°C_Abs.TXT,PEI5mgmL,50°C,Abs,2258,6963.88,100.0,332530.0,5.9544804432855285,3.5031152542372883,2.45136518904824
PEI5mgmL_50°C_Abs.TXT,PEI5mgmL,50°C,Abs,2259,6966.4800000000005,100.0,332530.0,5.954460104302478,3.5030881355932206,2.451371968709257
PEI5mgmL_50°C_Abs.TXT,PEI5mgmL,50°C,Abs,2260,6968.9800000000005,100.0,332530.0,5.954440547588005,3.5030620599739244,2.4513784876140807
PEI5mgmL_50°C_Abs.TXT,PEI5mgmL,50°C,Abs,2261,6971.4800000000005,100.0,332530.0,5.954420990873533,3.5030359843546286,2.4513850065189047
PEI5mgmL_50°C_Abs.TXT,PEI5mgmL,50°C,Abs,2262,6974.38,100.0,332530.0,5.954398305084746,3.5030057366362453,2.451392568448501
PEI5mgmL_50°C_Abs.TXT,PEI5mgmL,50°C,Abs,2263,6977.08,100.0,332530.0,5.954377183833116,3.5029775749674057,2.45139960886571
PEI5mgmL_50°C_Abs.TXT,PEI5mgmL,50°C,Abs,2264,6979.58,100.0,332530.0,5.954357627118644,3.5029514993481095,2.4514061277705346
PEI5mgmL_50°C_Abs.TXT,PEI5mgmL,50°C,Abs,2265,6982.38,100.0,332530.0,5.954335723598436,3.502922294654498,2.4514134289439378
PEI5mgmL_50°C_Abs.TXT,PEI5mgmL,50°C,Abs,2266,6984.78,100.0,332530.0,5.954316949152543,3.502897262059974,2.4514196870925686
PEI5mgmL_50°C_Abs.TXT,PEI5mgmL,50°C,Abs,2267,6987.28,100.0,332530.0,5.954297392438071,3.5028711864406783,2.4514262059973926
PEI5mgmL_50°C_Abs.TXT,PEI5mgmL,50°C,Abs,2268,6989.9800000000005,100.0,332530.0,5.9542762711864405,3.5028430247718383,2.4514332464146023
PEI5mgmL_50°C_Abs.TXT,PEI5mgmL,50°C,Abs,2269,6992.4800000000005,100.0,332530.0,5.954256714471969,3.5028169491525425,2.451439765319426
PEI5mgmL_50°C_Abs.TXT,PEI5mgmL,50°C,Abs,2270,6995.08,100.0,332530.0,5.954236375488918,3.502789830508475,2.4514465449804432
PEI5mgmL_50°C_Abs.TXT,PEI5mgmL,50°C,Abs,2271,6997.58,100.0,332530.0,5.954216818774446,3.5027637548891786,2.4514530638852676
PEI5mgmL_50°C_Abs.TXT,PEI5mgmL,50°C,Abs,2272,7000.38,100.0,332530.0,5.954194915254237,3.502734550195567,2.45146036505867
PEI5mgmL_50°C_Abs.TXT,PEI5mgmL,50°C,Abs,2273,7002.88,100.0,332530.0,5.954175358539765,3.5027084745762713,2.451466883963494
PEI5mgmL_50°C_Abs.TXT,PEI5mgmL,50°C,Abs,2274,7005.38,100.0,332530.0,5.954155801825293,3.5026823989569755,2.451473402868318
PEI5mgmL_50°C_Abs.TXT,PEI5mgmL,50°C,Abs,2275,7007.9800000000005,100.0,332530.0,5.954135462842243,3.5026552803129074,2.4514801825293353
PEI5mgmL_50°C_Abs.TXT,PEI5mgmL,50°C,Abs,2276,7010.58,100.0,332530.0,5.954115123859192,3.5026281616688397,2.4514869621903523
PEI5mgmL_50°C_Abs.TXT,PEI5mgmL,50°C,Abs,2277,7013.28,100.0,332530.0,5.954094002607562,3.5026,2.4514940026075616
PEI5mgmL_50°C_Abs.TXT,PEI5mgmL,50°C,Abs,2278,7015.88,100.0,332530.0,5.954073663624511,3.5025795006570304,2.4514941629674807
PEI5mgmL_50°C_Abs.TXT,PEI5mgmL,50°C,Abs,2279,7023.4800000000005,100.0,332530.0,5.954014211212517,3.502519579500657,2.4514946317118596
PEI5mgmL_50°C_Abs.TXT,PEI5mgmL,50°C,Abs,2280,7031.58,100.0,332530.0,5.9539508474576275,3.5024557161629435,2.451495131294684
PEI5mgmL_50°C_Abs.TXT,PEI5mgmL,50°C,Abs,2281,7038.08,100.0,332530.0,5.9539,3.502404467805519,2.451495532194481
PEI5mgmL_50°C_Abs.TXT,PEI5mgmL,50°C,Abs,2282,7040.58,100.0,332530.0,5.953883638743456,3.5023847568988176,2.451498881844638
PEI5mgmL_50°C_Abs.TXT,PEI5mgmL,50°C,Abs,2283,7043.28,100.0,332530.0,5.9538659685863875,3.5023634691195795,2.451502499466808
PEI5mgmL_50°C_Abs.TXT,PEI5mgmL,50°C,Abs,2284,7045.78,100.0,332530.0,5.953849607329843,3.5023437582128776,2.4515058491169657
PEI5mgmL_50°C_Abs.TXT,PEI5mgmL,50°C,Abs,2285,7048.4800000000005,100.0,332530.0,5.953831937172775,3.50232247043364,2.451509466739135
PEI5mgmL_50°C_Abs.TXT,PEI5mgmL,50°C,Abs,2286,7051.08,100.0,332530.0,5.953814921465969,3.50230197109067,2.4515129503752986
PEI5mgmL_50°C_Abs.TXT,PEI5mgmL,50°C,Abs,2287,7053.78,100.0,332530.0,5.953797251308901,3.502280683311432,2.4515165679974684
PEI5mgmL_50°C_Abs.TXT,PEI5mgmL,50°C,Abs,2288,7056.28,100.0,332530.0,5.953780890052356,3.5022609724047307,2.4515199176476257
PEI5mgmL_50°C_Abs.TXT,PEI5mgmL,50°C,Abs,2289,7059.08,100.0,332530.0,5.953762565445026,3.502238896189225,2.4515236692558013
PEI5mgmL_50°C_Abs.TXT,PEI5mgmL,50°C,Abs,2290,7061.58,100.0,332530.0,5.953746204188482,3.502219185282523,2.451527018905959
PEI5mgmL_50°C_Abs.TXT,PEI5mgmL,50°C,Abs,2291,7063.9800000000005,100.0,332530.0,5.953730497382199,3.502200262812089,2.4515302345701095
PEI5mgmL_50°C_Abs.TXT,PEI5mgmL,50°C,Abs,2292,7066.58,100.0,332530.0,5.9537134816753925,3.5021797634691194,2.451533718206273
PEI5mgmL_50°C_Abs.TXT,PEI5mgmL,50°C,Abs,2293,7068.9800000000005,100.0,332530.0,5.95369777486911,3.5021608409986857,2.4515369338704245
PEI5mgmL_50°C_Abs.TXT,PEI5mgmL,50°C,Abs,2294,7071.58,100.0,332530.0,5.953680759162304,3.502140341655716,2.451540417506588
PEI5mgmL_50°C_Abs.TXT,PEI5mgmL,50°C,Abs,2295,7074.08,100.0,332530.0,5.953664397905759,3.5021206307490145,2.4515437671567444
PEI5mgmL_50°C_Abs.TXT,PEI5mgmL,50°C,Abs,2296,7076.4800000000005,100.0,332530.0,5.953648691099477,3.502101708278581,2.451546982820896
PEI5mgmL_50°C_Abs.TXT,PEI5mgmL,50°C,Abs,2297,7079.28,100.0,332530.0,5.953630366492146,3.502079632063075,2.4515507344290715
PEI5mgmL_50°C_Abs.TXT,PEI5mgmL,50°C,Abs,2298,7081.68,100.0,332530.0,5.953614659685864,3.5020607095926413,2.451553950093223
PEI5mgmL_50°C_Abs.TXT,PEI5mgmL,50°C,Abs,2299,7084.38,100.0,332530.0,5.953596989528796,3.502039421813403,2.4515575677153927
PEI5mgmL_50°C_Abs.TXT,PEI5mgmL,50°C,Abs,2300,7086.9800000000005,100.0,332530.0,5.95357997382199,3.5020189224704334,2.451561051351556
PEI5mgmL_50°C_Abs.TXT,PEI5mgmL,50°C,Abs,2301,7089.38,100.0,332530.0,5.953564267015707,3.502,2.4515642670157076
PEI5mgmL_50°C_Abs.TXT,PEI5mgmL,50°C,Abs,2302,7092.08,100.0,332530.0,5.953546596858639,3.5019788511749343,2.451567745683705
PEI5mgmL_50°C_Abs.TXT,PEI5mgmL,50°C,Abs,2303,7099.68,100.0,332530.0,5.953496858638744,3.501919321148825,2.4515775374899187
PEI5mgmL_50°C_Abs.TXT,PEI5mgmL,50°C,Abs,2304,7107.4800000000005,100.0,332530.0,5.953445811518325,3.501858224543081,2.451587586975244
PEI5mgmL_50°C_Abs.TXT,PEI5mgmL,50°C,Abs,2305,7114.4800000000005,100.0,332530.0,5.9534,3.5018033942558744,2.451596605744126
PEI5mgmL_50°C_Abs.TXT,PEI5mgmL,50°C,Abs,2306,7116.9800000000005,100.0,332530.0,5.953393498049415,3.501783812010444,2.4516096860389713
PEI5mgmL_50°C_Abs.TXT,PEI5mgmL,50°C,Abs,2307,7119.78,100.0,332530.0,5.95338621586476,3.501761879895561,2.451624335969199
PEI5mgmL_50°C_Abs.TXT,PEI5mgmL,50°C,Abs,2308,7122.28,100.0,332530.0,5.953379713914175,3.5017422976501305,2.4516374162640444
PEI5mgmL_50°C_Abs.TXT,PEI5mgmL,50°C,Abs,2309,7124.68,100.0,332530.0,5.953373472041613,3.501723498694517,2.451649973347096
PEI5mgmL_50°C_Abs.TXT,PEI5mgmL,50°C,Abs,2310,7127.28,100.0,332530.0,5.953366710013004,3.501703133159269,2.451663576853735
PEI5mgmL_50°C_Abs.TXT,PEI5mgmL,50°C,Abs,2311,7129.78,100.0,332530.0,5.953360208062419,3.501683550913838,2.451676657148581
PEI5mgmL_50°C_Abs.TXT,PEI5mgmL,50°C,Abs,2312,7132.58,100.0,332530.0,5.9533529258777635,3.5016616187989555,2.451691307078808
PEI5mgmL_50°C_Abs.TXT,PEI5mgmL,50°C,Abs,2313,7135.18,100.0,332530.0,5.9533461638491545,3.5016412532637076,2.451704910585447
PEI5mgmL_50°C_Abs.TXT,PEI5mgmL,50°C,Abs,2314,7137.88,100.0,332530.0,5.953339141742523,3.501620104438642,2.451719037303881
PEI5mgmL_50°C_Abs.TXT,PEI5mgmL,50°C,Abs,2315,7140.28,100.0,332530.0,5.953332899869961,3.5016013054830286,2.4517315943869327
PEI5mgmL_50°C_Abs.TXT,PEI5mgmL,50°C,Abs,2316,7142.88,100.0,332530.0,5.953326137841352,3.5015809399477806,2.4517451978935716
PEI5mgmL_50°C_Abs.TXT,PEI5mgmL,50°C,Abs,2317,7145.28,100.0,332530.0,5.95331989596879,3.501562140992167,2.451757754976623
PEI5mgmL_50°C_Abs.TXT,PEI5mgmL,50°C,Abs,2318,7147.88,100.0,332530.0,5.953313133940182,3.5015417754569187,2.4517713584832634
PEI5mgmL_50°C_Abs.TXT,PEI5mgmL,50°C,Abs,2319,7150.58,100.0,332530.0,5.95330611183355,3.5015206266318537,2.4517854852016963
PEI5mgmL_50°C_Abs.TXT,PEI5mgmL,50°C,Abs,2320,7153.18,100.0,332530.0,5.953299349804942,3.5015002610966057,2.451799088708336
PEI5mgmL_50°C_Abs.TXT,PEI5mgmL,50°C,Abs,2321,7155.88,100.0,332530.0,5.95329232769831,3.5014791122715403,2.4518132154267693
PEI5mgmL_50°C_Abs.TXT,PEI5mgmL,50°C,Abs,2322,7158.38,100.0,332530.0,5.953285825747725,3.5014595300261093,2.4518262957216153
PEI5mgmL_50°C_Abs.TXT,PEI5mgmL,50°C,Abs,2323,7160.9800000000005,100.0,332530.0,5.9532790637191155,3.5014391644908613,2.451839899228254
PEI5mgmL_50°C_Abs.TXT,PEI5mgmL,50°C,Abs,2324,7163.4800000000005,100.0,332530.0,5.9532725617685305,3.501419582245431,2.4518529795230997
PEI5mgmL_50°C_Abs.TXT,PEI5mgmL,50°C,Abs,2325,7165.9800000000005,100.0,332530.0,5.953266059817945,3.5014,2.4518660598179456
PEI5mgmL_50°C_Abs.TXT,PEI5mgmL,50°C,Abs,2326,7168.78,100.0,332530.0,5.95325877763329,3.5013782383419687,2.4518805392913214
PEI5mgmL_50°C_Abs.TXT,PEI5mgmL,50°C,Abs,2327,7176.4800000000005,100.0,332530.0,5.953238751625488,3.501318393782383,2.451920357843105
PEI5mgmL_50°C_Abs.TXT,PEI5mgmL,50°C,Abs,2328,7184.18,100.0,332530.0,5.953218725617686,3.501258549222798,2.4519601763948877
PEI5mgmL_50°C_Abs.TXT,PEI5mgmL,50°C,Abs,2329,7191.38,100.0,332530.0,5.9532,3.501202590673575,2.4519974093264247
PEI5mgmL_50°C_Abs.TXT,PEI5mgmL,50°C,Abs,2330,7193.78,100.0,332530.0,5.95318431372549,3.501183937823834,2.4520003759016564
PEI5mgmL_50°C_Abs.TXT,PEI5mgmL,50°C,Abs,2331,7196.58,100.0,332530.0,5.953166013071895,3.501162176165803,2.452003836906092
PEI5mgmL_50°C_Abs.TXT,PEI5mgmL,50°C,Abs,2332,7198.9800000000005,100.0,332530.0,5.9531503267973855,3.501143523316062,2.4520068034813236
PEI5mgmL_50°C_Abs.TXT,PEI5mgmL,50°C,Abs,2333,7201.4800000000005,100.0,332530.0,5.953133986928105,3.5011240932642487,2.452009893663856
PEI5mgmL_50°C_Abs.TXT,PEI5mgmL,50°C,Abs,2334,7204.08,100.0,332530.0,5.953116993464052,3.5011038860103625,2.4520131074536895
PEI5mgmL_50°C_Abs.TXT,PEI5mgmL,50°C,Abs,2335,7206.4800000000005,100.0,332530.0,5.9531013071895424,3.5010852331606217,2.4520160740289207
PEI5mgmL_50°C_Abs.TXT,PEI5mgmL,50°C,Abs,2336,7209.28,100.0,332530.0,5.953083006535947,3.5010634715025906,2.4520195350333567
PEI5mgmL_50°C_Abs.TXT,PEI5mgmL,50°C,Abs,2337,7211.88,100.0,332530.0,5.953066013071895,3.5010432642487044,2.452022748823191
PEI5mgmL_50°C_Abs.TXT,PEI5mgmL,50°C,Abs,2338,7214.38,100.0,332530.0,5.953049673202615,3.501023834196891,2.4520258390057235
PEI5mgmL_50°C_Abs.TXT,PEI5mgmL,50°C,Abs,2339,7217.08,100.0,332530.0,5.953032026143791,3.5010028497409325,2.452029176402858
PEI5mgmL_50°C_Abs.TXT,PEI5mgmL,50°C,Abs,2340,7219.88,100.0,332530.0,5.953013725490196,3.5009810880829013,2.452032637407295
PEI5mgmL_50°C_Abs.TXT,PEI5mgmL,50°C,Abs,2341,7222.28,100.0,332530.0,5.952998039215686,3.5009624352331605,2.4520356039825253
PEI5mgmL_50°C_Abs.TXT,PEI5mgmL,50°C,Abs,2342,7225.08,100.0,332530.0,5.9529797385620915,3.5009406735751294,2.452039064986962
PEI5mgmL_50°C_Abs.TXT,PEI5mgmL,50°C,Abs,2343,7227.58,100.0,332530.0,5.952963398692811,3.500921243523316,2.4520421551694946
PEI5mgmL_50°C_Abs.TXT,PEI5mgmL,50°C,Abs,2344,7230.08,100.0,332530.0,5.952947058823529,3.5009018134715024,2.4520452453520267
PEI5mgmL_50°C_Abs.TXT,PEI5mgmL,50°C,Abs,2345,7232.78,100.0,332530.0,5.952929411764706,3.5008808290155438,2.4520485827491623
PEI5mgmL_50°C_Abs.TXT,PEI5mgmL,50°C,Abs,2346,7235.18,100.0,332530.0,5.9529137254901965,3.500862176165803,2.4520515493243935
PEI5mgmL_50°C_Abs.TXT,PEI5mgmL,50°C,Abs,2347,7237.88,100.0,332530.0,5.9528960784313725,3.5008411917098443,2.452054886721528
PEI5mgmL_50°C_Abs.TXT,PEI5mgmL,50°C,Abs,2348,7240.4800000000005,100.0,332530.0,5.9528790849673205,3.5008209844559586,2.452058100511362
PEI5mgmL_50°C_Abs.TXT,PEI5mgmL,50°C,Abs,2349,7243.18,100.0,332530.0,5.9528614379084965,3.5008,2.4520614379084966
PEI5mgmL_50°C_Abs.TXT,PEI5mgmL,50°C,Abs,2350,7245.78,100.0,332530.0,5.952844444444445,3.500776178010471,2.4520682664339737
PEI5mgmL_50°C_Abs.TXT,PEI5mgmL,50°C,Abs,2351,7253.68,100.0,332530.0,5.952792810457517,3.500703795811518,2.4520890146459986
PEI5mgmL_50°C_Abs.TXT,PEI5mgmL,50°C,Abs,2352,7261.28,100.0,332530.0,5.9527431372549025,3.500634162303665,2.4521089749512375
PEI5mgmL_50°C_Abs.TXT,PEI5mgmL,50°C,Abs,2353,7267.88,100.0,332530.0,5.9527,3.5005736910994765,2.4521263089005236
PEI5mgmL_50°C_Abs.TXT,PEI5mgmL,50°C,Abs,2354,7270.38,100.0,332530.0,5.95268370273794,3.500550785340314,2.452132917397626
PEI5mgmL_50°C_Abs.TXT,PEI5mgmL,50°C,Abs,2355,7272.9800000000005,100.0,332530.0,5.952666753585397,3.500526963350785,2.4521397902346123
PEI5mgmL_50°C_Abs.TXT,PEI5mgmL,50°C,Abs,2356,7275.4800000000005,100.0,332530.0,5.952650456323338,3.500504057591623,2.4521463987317147
PEI5mgmL_50°C_Abs.TXT,PEI5mgmL,50°C,Abs,2357,7278.28,100.0,332530.0,5.952632203389831,3.5004784031413614,2.4521538002484693
PEI5mgmL_50°C_Abs.TXT,PEI5mgmL,50°C,Abs,2358,7280.78,100.0,332530.0,5.952615906127771,3.500455497382199,2.4521604087455717
PEI5mgmL_50°C_Abs.TXT,PEI5mgmL,50°C,Abs,2359,7283.58,100.0,332530.0,5.952597653194264,3.500429842931937,2.4521678102623268
PEI5mgmL_50°C_Abs.TXT,PEI5mgmL,50°C,Abs,2360,7286.18,100.0,332530.0,5.952580704041721,3.5004060209424086,2.4521746830993125
PEI5mgmL_50°C_Abs.TXT,PEI5mgmL,50°C,Abs,2361,7288.9800000000005,100.0,332530.0,5.952562451108214,3.5003803664921467,2.4521820846160676
PEI5mgmL_50°C_Abs.TXT,PEI5mgmL,50°C,Abs,2362,7291.4800000000005,100.0,332530.0,5.952546153846154,3.5003574607329844,2.45218869311317
PEI5mgmL_50°C_Abs.TXT,PEI5mgmL,50°C,Abs,2363,7293.9800000000005,100.0,332530.0,5.9525298565840945,3.500334554973822,2.4521953016102724
PEI5mgmL_50°C_Abs.TXT,PEI5mgmL,50°C,Abs,2364,7296.58,100.0,332530.0,5.952512907431552,3.5003107329842935,2.452202174447258
PEI5mgmL_50°C_Abs.TXT,PEI5mgmL,50°C,Abs,2365,7298.9800000000005,100.0,332530.0,5.952497262059974,3.5002887434554975,2.4522085186044764
PEI5mgmL_50°C_Abs.TXT,PEI5mgmL,50°C,Abs,2366,7301.78,100.0,332530.0,5.952479009126467,3.5002630890052355,2.4522159201212315
PEI5mgmL_50°C_Abs.TXT,PEI5mgmL,50°C,Abs,2367,7304.28,100.0,332530.0,5.952462711864407,3.5002401832460737,2.4522225286183335
PEI5mgmL_50°C_Abs.TXT,PEI5mgmL,50°C,Abs,2368,7306.68,100.0,332530.0,5.952447066492829,3.5002181937172776,2.4522288727755517
PEI5mgmL_50°C_Abs.TXT,PEI5mgmL,50°C,Abs,2369,7309.28,100.0,332530.0,5.952430117340287,3.500194371727749,2.4522357456125383
PEI5mgmL_50°C_Abs.TXT,PEI5mgmL,50°C,Abs,2370,7311.78,100.0,332530.0,5.9524138200782275,3.5001714659685867,2.4522423541096408
PEI5mgmL_50°C_Abs.TXT,PEI5mgmL,50°C,Abs,2371,7314.58,100.0,332530.0,5.95239556714472,3.500145811518325,2.452249755626395
PEI5mgmL_50°C_Abs.TXT,PEI5mgmL,50°C,Abs,2372,7317.18,100.0,332530.0,5.952378617992178,3.500121989528796,2.452256628463382
PEI5mgmL_50°C_Abs.TXT,PEI5mgmL,50°C,Abs,2373,7319.58,100.0,332530.0,5.9523629726206,3.5001,2.4522629726206
PEI5mgmL_50°C_Abs.TXT,PEI5mgmL,50°C,Abs,2374,7322.18,100.0,332530.0,5.952346023468058,3.500073161290323,2.452272862177735
PEI5mgmL_50°C_Abs.TXT,PEI5mgmL,50°C,Abs,2375,7329.68,100.0,332530.0,5.952297131681878,3.499995741935484,2.4523013897463937
PEI5mgmL_50°C_Abs.TXT,PEI5mgmL,50°C,Abs,2376,7337.4800000000005,100.0,332530.0,5.952246284224251,3.499915225806452,2.452331058417799
PEI5mgmL_50°C_Abs.TXT,PEI5mgmL,50°C,Abs,2377,7344.58,100.0,332530.0,5.9522,3.4998419354838712,2.452358064516129
PEI5mgmL_50°C_Abs.TXT,PEI5mgmL,50°C,Abs,2378,7346.9800000000005,100.0,332530.0,5.952190685640363,3.4998171612903226,2.4523735243500404
PEI5mgmL_50°C_Abs.TXT,PEI5mgmL,50°C,Abs,2379,7349.78,100.0,332530.0,5.952179818887452,3.499788258064516,2.452391560822936
PEI5mgmL_50°C_Abs.TXT,PEI5mgmL,50°C,Abs,2380,7352.28,100.0,332530.0,5.952170116429496,3.499762451612903,2.452407664816593
PEI5mgmL_50°C_Abs.TXT,PEI5mgmL,50°C,Abs,2381,7354.9800000000005,100.0,332530.0,5.952159637774903,3.4997345806451614,2.4524250571297417
PEI5mgmL_50°C_Abs.TXT,PEI5mgmL,50°C,Abs,2382,7357.68,100.0,332530.0,5.952149159120311,3.4997067096774193,2.452442449442892
PEI5mgmL_50°C_Abs.TXT,PEI5mgmL,50°C,Abs,2383,7360.4800000000005,100.0,332530.0,5.9521382923674,3.4996778064516127,2.4524604859157875
PEI5mgmL_50°C_Abs.TXT,PEI5mgmL,50°C,Abs,2384,7363.08,100.0,332530.0,5.952128201811126,3.4996509677419354,2.4524772340691907
PEI5mgmL_50°C_Abs.TXT,PEI5mgmL,50°C,Abs,2385,7365.78,100.0,332530.0,5.952117723156533,3.4996230967741937,2.4524946263823395
PEI5mgmL_50°C_Abs.TXT,PEI5mgmL,50°C,Abs,2386,7368.28,100.0,332530.0,5.952108020698577,3.4995972903225807,2.4525107303759963
PEI5mgmL_50°C_Abs.TXT,PEI5mgmL,50°C,Abs,2387,7371.08,100.0,332530.0,5.952097153945666,3.499568387096774,2.452528766848892
PEI5mgmL_50°C_Abs.TXT,PEI5mgmL,50°C,Abs,2388,7373.68,100.0,332530.0,5.952087063389392,3.499541548387097,2.4525455150022952
PEI5mgmL_50°C_Abs.TXT,PEI5mgmL,50°C,Abs,2389,7376.38,100.0,332530.0,5.9520765847348,3.4995136774193547,2.4525629073154454
PEI5mgmL_50°C_Abs.TXT,PEI5mgmL,50°C,Abs,2390,7379.08,100.0,332530.0,5.952066106080207,3.499485806451613,2.452580299628594
PEI5mgmL_50°C_Abs.TXT,PEI5mgmL,50°C,Abs,2391,7381.78,100.0,332530.0,5.952055627425615,3.499457935483871,2.4525976919417443
PEI5mgmL_50°C_Abs.TXT,PEI5mgmL,50°C,Abs,2392,7384.28,100.0,332530.0,5.952045924967659,3.499432129032258,2.452613795935401
PEI5mgmL_50°C_Abs.TXT,PEI5mgmL,50°C,Abs,2393,7386.68,100.0,332530.0,5.952036610608021,3.4994073548387097,2.452629255769311
PEI5mgmL_50°C_Abs.TXT,PEI5mgmL,50°C,Abs,2394,7389.28,100.0,332530.0,5.952026520051747,3.4993805161290323,2.4526460039227143
PEI5mgmL_50°C_Abs.TXT,PEI5mgmL,50°C,Abs,2395,7391.88,100.0,332530.0,5.9520164294954725,3.4993536774193545,2.452662752076118
PEI5mgmL_50°C_Abs.TXT,PEI5mgmL,50°C,Abs,2396,7394.58,100.0,332530.0,5.95200595084088,3.499325806451613,2.4526801443892667
PEI5mgmL_50°C_Abs.TXT,PEI5mgmL,50°C,Abs,2397,7397.08,100.0,332530.0,5.951996248382924,3.4993,2.4526962483829244
PEI5mgmL_50°C_Abs.TXT,PEI5mgmL,50°C,Abs,2398,7399.88,100.0,332530.0,5.9519853816300134,3.499277865612648,2.4527075160173655
PEI5mgmL_50°C_Abs.TXT,PEI5mgmL,50°C,Abs,2399,7407.58,100.0,332530.0,5.951955498059509,3.499216996047431,2.452738502012078
PEI5mgmL_50°C_Abs.TXT,PEI5mgmL,50°C,Abs,2400,7415.18,100.0,332530.0,5.951926002587323,3.4991569169960473,2.4527690855912754
PEI5mgmL_50°C_Abs.TXT,PEI5mgmL,50°C,Abs,2401,7421.88,100.0,332530.0,5.9519,3.4991039525691696,2.4527960474308306
PEI5mgmL_50°C_Abs.TXT,PEI5mgmL,50°C,Abs,2402,7424.4800000000005,100.0,332530.0,5.951886333771354,3.499083399209486,2.4528029345618676
PEI5mgmL_50°C_Abs.TXT,PEI5mgmL,50°C,Abs,2403,7426.88,100.0,332530.0,5.951873718791065,3.4990644268774704,2.4528092919135944
PEI5mgmL_50°C_Abs.TXT,PEI5mgmL,50°C,Abs,2404,7429.28,100.0,332530.0,5.951861103810775,3.4990454545454543,2.452815649265321
PEI5mgmL_50°C_Abs.TXT,PEI5mgmL,50°C,Abs,2405,7431.9800000000005,100.0,332530.0,5.951846911957951,3.499024110671937,2.452822801286014
PEI5mgmL_50°C_Abs.TXT,PEI5mgmL,50°C,Abs,2406,7434.58,100.0,332530.0,5.951833245729304,3.499003557312253,2.4528296884170513
PEI5mgmL_50°C_Abs.TXT,PEI5mgmL,50°C,Abs,2407,7437.28,100.0,332530.0,5.951819053876479,3.498982213438735,2.452836840437744
PEI5mgmL_50°C_Abs.TXT,PEI5mgmL,50°C,Abs,2408,7439.78,100.0,332530.0,5.951805913272011,3.4989624505928854,2.452843462679126
PEI5mgmL_50°C_Abs.TXT,PEI5mgmL,50°C,Abs,2409,7442.38,100.0,332530.0,5.951792247043365,3.4989418972332014,2.4528503498101633
PEI5mgmL_50°C_Abs.TXT,PEI5mgmL,50°C,Abs,2410,7444.78,100.0,332530.0,5.951779632063075,3.4989229249011857,2.452856707161889
PEI5mgmL_50°C_Abs.TXT,PEI5mgmL,50°C,Abs,2411,7447.28,100.0,332530.0,5.951766491458607,3.4989031620553357,2.4528633294032716
PEI5mgmL_50°C_Abs.TXT,PEI5mgmL,50°C,Abs,2412,7449.9800000000005,100.0,332530.0,5.951752299605782,3.498881818181818,2.4528704814239637
PEI5mgmL_50°C_Abs.TXT,PEI5mgmL,50°C,Abs,2413,7452.4800000000005,100.0,332530.0,5.951739159001314,3.498862055335968,2.452877103665346
PEI5mgmL_50°C_Abs.TXT,PEI5mgmL,50°C,Abs,2414,7455.28,100.0,332530.0,5.95172444152431,3.4988399209486167,2.4528845205756933
PEI5mgmL_50°C_Abs.TXT,PEI5mgmL,50°C,Abs,2415,7457.78,100.0,332530.0,5.951711300919842,3.4988201581027667,2.4528911428170757
PEI5mgmL_50°C_Abs.TXT,PEI5mgmL,50°C,Abs,2416,7460.18,100.0,332530.0,5.9516986859395535,3.498801185770751,2.4528975001688025
PEI5mgmL_50°C_Abs.TXT,PEI5mgmL,50°C,Abs,2417,7462.68,100.0,332530.0,5.951685545335086,3.498781422924901,2.452904122410185
PEI5mgmL_50°C_Abs.TXT,PEI5mgmL,50°C,Abs,2418,7465.18,100.0,332530.0,5.951672404730618,3.4987616600790514,2.4529107446515668
PEI5mgmL_50°C_Abs.TXT,PEI5mgmL,50°C,Abs,2419,7467.88,100.0,332530.0,5.951658212877793,3.4987403162055335,2.4529178966722593
PEI5mgmL_50°C_Abs.TXT,PEI5mgmL,50°C,Abs,2420,7470.4800000000005,100.0,332530.0,5.951644546649146,3.4987197628458495,2.452924783803297
PEI5mgmL_50°C_Abs.TXT,PEI5mgmL,50°C,Abs,2421,7472.9800000000005,100.0,332530.0,5.951631406044679,3.4987,2.4529314060446787
PEI5mgmL_50°C_Abs.TXT,PEI5mgmL,50°C,Abs,2422,7475.68,100.0,332530.0,5.951617214191853,3.498678961038961,2.4529382531528925
PEI5mgmL_50°C_Abs.TXT,PEI5mgmL,50°C,Abs,2423,7483.38,100.0,332530.0,5.951576741130093,3.498618961038961,2.4529577800911317
PEI5mgmL_50°C_Abs.TXT,PEI5mgmL,50°C,Abs,2424,7491.4800000000005,100.0,332530.0,5.9515341655716165,3.498555844155844,2.4529783214157725
PEI5mgmL_50°C_Abs.TXT,PEI5mgmL,50°C,Abs,2425,7497.9800000000005,100.0,332530.0,5.9515,3.498505194805195,2.4529948051948054
PEI5mgmL_50°C_Abs.TXT,PEI5mgmL,50°C,Abs,2426,7500.78,100.0,332530.0,5.951489161290323,3.4984833766233767,2.453005784666946
PEI5mgmL_50°C_Abs.TXT,PEI5mgmL,50°C,Abs,2427,7503.28,100.0,332530.0,5.951479483870968,3.498463896103896,2.453015587767072
PEI5mgmL_50°C_Abs.TXT,PEI5mgmL,50°C,Abs,2428,7505.68,100.0,332530.0,5.951470193548388,3.498445194805195,2.4530249987431927
PEI5mgmL_50°C_Abs.TXT,PEI5mgmL,50°C,Abs,2429,7508.38,100.0,332530.0,5.951459741935484,3.498424155844156,2.4530355860913287
PEI5mgmL_50°C_Abs.TXT,PEI5mgmL,50°C,Abs,2430,7510.9800000000005,100.0,332530.0,5.951449677419355,3.498403896103896,2.4530457813154585
PEI5mgmL_50°C_Abs.TXT,PEI5mgmL,50°C,Abs,2431,7513.58,100.0,332530.0,5.951439612903226,3.4983836363636365,2.453055976539589
PEI5mgmL_50°C_Abs.TXT,PEI5mgmL,50°C,Abs,2432,7516.28,100.0,332530.0,5.9514291612903225,3.4983625974025974,2.453066563887725
PEI5mgmL_50°C_Abs.TXT,PEI5mgmL,50°C,Abs,2433,7518.9800000000005,100.0,332530.0,5.951418709677419,3.4983415584415583,2.453077151235861
PEI5mgmL_50°C_Abs.TXT,PEI5mgmL,50°C,Abs,2434,7521.4800000000005,100.0,332530.0,5.951409032258065,3.498322077922078,2.4530869543359866
PEI5mgmL_50°C_Abs.TXT,PEI5mgmL,50°C,Abs,2435,7523.9800000000005,100.0,332530.0,5.95139935483871,3.4983025974025974,2.4530967574361124
PEI5mgmL_50°C_Abs.TXT,PEI5mgmL,50°C,Abs,2436,7526.58,100.0,332530.0,5.951389290322581,3.4982823376623378,2.453106952660243
PEI5mgmL_50°C_Abs.TXT,PEI5mgmL,50°C,Abs,2437,7529.08,100.0,332530.0,5.951379612903226,3.498262857142857,2.453116755760369
PEI5mgmL_50°C_Abs.TXT,PEI5mgmL,50°C,Abs,2438,7531.88,100.0,332530.0,5.951368774193549,3.498241038961039,2.45312773523251
PEI5mgmL_50°C_Abs.TXT,PEI5mgmL,50°C,Abs,2439,7534.28,100.0,332530.0,5.951359483870968,3.498222337662338,2.4531371462086304
PEI5mgmL_50°C_Abs.TXT,PEI5mgmL,50°C,Abs,2440,7536.78,100.0,332530.0,5.9513498064516135,3.498202857142857,2.4531469493087563
PEI5mgmL_50°C_Abs.TXT,PEI5mgmL,50°C,Abs,2441,7539.4800000000005,100.0,332530.0,5.9513393548387095,3.498181818181818,2.4531575366568914
PEI5mgmL_50°C_Abs.TXT,PEI5mgmL,50°C,Abs,2442,7541.88,100.0,332530.0,5.951330064516129,3.498163116883117,2.453166947633012
PEI5mgmL_50°C_Abs.TXT,PEI5mgmL,50°C,Abs,2443,7544.58,100.0,332530.0,5.951319612903226,3.4981420779220778,2.453177534981148
PEI5mgmL_50°C_Abs.TXT,PEI5mgmL,50°C,Abs,2444,7547.28,100.0,332530.0,5.951309161290323,3.498121038961039,2.4531881223292835
PEI5mgmL_50°C_Abs.TXT,PEI5mgmL,50°C,Abs,2445,7549.9800000000005,100.0,332530.0,5.9512987096774195,3.4981,2.4531987096774195
PEI5mgmL_50°C_Abs.TXT,PEI5mgmL,50°C,Abs,2446,7552.68,100.0,332530.0,5.951288258064516,3.4980721649484536,2.4532160931160627
PEI5mgmL_50°C_Abs.TXT,PEI5mgmL,50°C,Abs,2447,7560.78,100.0,332530.0,5.951256903225807,3.4979886597938146,2.4532682434319923
PEI5mgmL_50°C_Abs.TXT,PEI5mgmL,50°C,Abs,2448,7568.58,100.0,332530.0,5.951226709677419,3.4979082474226804,2.453318462254739
PEI5mgmL_50°C_Abs.TXT,PEI5mgmL,50°C,Abs,2449,7575.4800000000005,100.0,332530.0,5.9512,3.497837113402062,2.453362886597938
PEI5mgmL_50°C_Abs.TXT,PEI5mgmL,50°C,Abs,2450,7577.9800000000005,100.0,332530.0,5.951174059662776,3.4978113402061854,2.4533627194565906
PEI5mgmL_50°C_Abs.TXT,PEI5mgmL,50°C,Abs,2451,7580.78,100.0,332530.0,5.951145006485084,3.497782474226804,2.45336253225828
PEI5mgmL_50°C_Abs.TXT,PEI5mgmL,50°C,Abs,2452,7583.28,100.0,332530.0,5.95111906614786,3.497756701030928,2.453362365116932
PEI5mgmL_50°C_Abs.TXT,PEI5mgmL,50°C,Abs,2453,7585.68,100.0,332530.0,5.951094163424124,3.497731958762887,2.4533622046612376
PEI5mgmL_50°C_Abs.TXT,PEI5mgmL,50°C,Abs,2454,7588.28,100.0,332530.0,5.951067185473411,3.497705154639175,2.453362030834236
PEI5mgmL_50°C_Abs.TXT,PEI5mgmL,50°C,Abs,2455,7590.88,100.0,332530.0,5.951040207522698,3.497678350515464,2.4533618570072337
PEI5mgmL_50°C_Abs.TXT,PEI5mgmL,50°C,Abs,2456,7593.4800000000005,100.0,332530.0,5.951013229571984,3.4976515463917526,2.4533616831802316
PEI5mgmL_50°C_Abs.TXT,PEI5mgmL,50°C,Abs,2457,7596.08,100.0,332530.0,5.950986251621271,3.4976247422680413,2.4533615093532295
PEI5mgmL_50°C_Abs.TXT,PEI5mgmL,50°C,Abs,2458,7598.78,100.0,332530.0,5.950958236057069,3.497596907216495,2.453361328840574
PEI5mgmL_50°C_Abs.TXT,PEI5mgmL,50°C,Abs,2459,7601.28,100.0,332530.0,5.950932295719844,3.497571134020619,2.4533611616992252
PEI5mgmL_50°C_Abs.TXT,PEI5mgmL,50°C,Abs,2460,7604.08,100.0,332530.0,5.950903242542153,3.4975422680412374,2.4533609745009155
PEI5mgmL_50°C_Abs.TXT,PEI5mgmL,50°C,Abs,2461,7606.68,100.0,332530.0,5.9508762645914395,3.4975154639175257,2.453360800673914
PEI5mgmL_50°C_Abs.TXT,PEI5mgmL,50°C,Abs,2462,7609.38,100.0,332530.0,5.950848249027238,3.4974876288659793,2.4533606201612583
PEI5mgmL_50°C_Abs.TXT,PEI5mgmL,50°C,Abs,2463,7611.88,100.0,332530.0,5.950822308690013,3.497461855670103,2.4533604530199096
PEI5mgmL_50°C_Abs.TXT,PEI5mgmL,50°C,Abs,2464,7614.28,100.0,332530.0,5.950797405966278,3.497437113402062,2.453360292564216
PEI5mgmL_50°C_Abs.TXT,PEI5mgmL,50°C,Abs,2465,7617.08,100.0,332530.0,5.950768352788586,3.4974082474226806,2.4533601053659053
PEI5mgmL_50°C_Abs.TXT,PEI5mgmL,50°C,Abs,2466,7619.4800000000005,100.0,332530.0,5.950743450064851,3.497383505154639,2.453359944910212
PEI5mgmL_50°C_Abs.TXT,PEI5mgmL,50°C,Abs,2467,7622.28,100.0,332530.0,5.950714396887159,3.4973546391752577,2.4533597577119015
PEI5mgmL_50°C_Abs.TXT,PEI5mgmL,50°C,Abs,2468,7624.88,100.0,332530.0,5.950687418936447,3.4973278350515464,2.4533595838849003
PEI5mgmL_50°C_Abs.TXT,PEI5mgmL,50°C,Abs,2469,7627.58,100.0,332530.0,5.950659403372244,3.4973,2.453359403372244
PEI5mgmL_50°C_Abs.TXT,PEI5mgmL,50°C,Abs,2470,7630.18,100.0,332530.0,5.950632425421531,3.4972730918499355,2.453359333571595
PEI5mgmL_50°C_Abs.TXT,PEI5mgmL,50°C,Abs,2471,7637.78,100.0,332530.0,5.950553566796368,3.4971944372574386,2.4533591295389297
PEI5mgmL_50°C_Abs.TXT,PEI5mgmL,50°C,Abs,2472,7645.4800000000005,100.0,332530.0,5.9504736705577175,3.4971147477360933,2.453358922821624
PEI5mgmL_50°C_Abs.TXT,PEI5mgmL,50°C,Abs,2473,7652.58,100.0,332530.0,5.9504,3.4970412677878397,2.4533587322121604
PEI5mgmL_50°C_Abs.TXT,PEI5mgmL,50°C,Abs,2474,7655.28,100.0,332530.0,5.950389466840052,3.4970133247089263,2.453376142131126
PEI5mgmL_50°C_Abs.TXT,PEI5mgmL,50°C,Abs,2475,7657.78,100.0,332530.0,5.950379713914175,3.49698745148771,2.4533922624264646
PEI5mgmL_50°C_Abs.TXT,PEI5mgmL,50°C,Abs,2476,7660.18,100.0,332530.0,5.950370351105332,3.496962613195343,2.453407737909989
PEI5mgmL_50°C_Abs.TXT,PEI5mgmL,50°C,Abs,2477,7662.9800000000005,100.0,332530.0,5.9503594278283485,3.496933635187581,2.4534257926407674
PEI5mgmL_50°C_Abs.TXT,PEI5mgmL,50°C,Abs,2478,7665.4800000000005,100.0,332530.0,5.950349674902471,3.496907761966365,2.453441912936106
PEI5mgmL_50°C_Abs.TXT,PEI5mgmL,50°C,Abs,2479,7668.28,100.0,332530.0,5.9503387516254875,3.496878783958603,2.4534599676668845
PEI5mgmL_50°C_Abs.TXT,PEI5mgmL,50°C,Abs,2480,7670.78,100.0,332530.0,5.95032899869961,3.496852910737387,2.453476087962223
PEI5mgmL_50°C_Abs.TXT,PEI5mgmL,50°C,Abs,2481,7673.58,100.0,332530.0,5.950318075422627,3.496823932729625,2.4534941426930015
PEI5mgmL_50°C_Abs.TXT,PEI5mgmL,50°C,Abs,2482,7675.9800000000005,100.0,332530.0,5.950308712613785,3.496799094437258,2.453509618176527
PEI5mgmL_50°C_Abs.TXT,PEI5mgmL,50°C,Abs,2483,7678.78,100.0,332530.0,5.950297789336801,3.4967701164294955,2.4535276729073057
PEI5mgmL_50°C_Abs.TXT,PEI5mgmL,50°C,Abs,2484,7681.38,100.0,332530.0,5.950287646293888,3.496743208279431,2.453544438014457
PEI5mgmL_50°C_Abs.TXT,PEI5mgmL,50°C,Abs,2485,7684.08,100.0,332530.0,5.95027711313394,3.4967152652005176,2.4535618479334227
PEI5mgmL_50°C_Abs.TXT,PEI5mgmL,50°C,Abs,2486,7686.68,100.0,332530.0,5.950266970091027,3.496688357050453,2.453578613040574
PEI5mgmL_50°C_Abs.TXT,PEI5mgmL,50°C,Abs,2487,7689.4800000000005,100.0,332530.0,5.950256046814045,3.4966593790426908,2.453596667771354
PEI5mgmL_50°C_Abs.TXT,PEI5mgmL,50°C,Abs,2488,7691.9800000000005,100.0,332530.0,5.950246293888166,3.496633505821475,2.453612788066691
PEI5mgmL_50°C_Abs.TXT,PEI5mgmL,50°C,Abs,2489,7694.38,100.0,332530.0,5.950236931079324,3.4966086675291077,2.4536282635502165
PEI5mgmL_50°C_Abs.TXT,PEI5mgmL,50°C,Abs,2490,7697.08,100.0,332530.0,5.9502263979193755,3.4965807244501943,2.453645673469181
PEI5mgmL_50°C_Abs.TXT,PEI5mgmL,50°C,Abs,2491,7699.58,100.0,332530.0,5.950216644993498,3.496554851228978,2.4536617937645198
PEI5mgmL_50°C_Abs.TXT,PEI5mgmL,50°C,Abs,2492,7702.38,100.0,332530.0,5.950205721716515,3.4965258732212163,2.453679848495299
PEI5mgmL_50°C_Abs.TXT,PEI5mgmL,50°C,Abs,2493,7704.88,100.0,332530.0,5.950195968790637,3.4965,2.453695968790637
PEI5mgmL_50°C_Abs.TXT,PEI5mgmL,50°C,Abs,2494,7707.58,100.0,332530.0,5.950185435630689,3.496492885375494,2.453692550255195
PEI5mgmL_50°C_Abs.TXT,PEI5mgmL,50°C,Abs,2495,7715.28,100.0,332530.0,5.950155396618985,3.4964725955204217,2.4536828010985636
PEI5mgmL_50°C_Abs.TXT,PEI5mgmL,50°C,Abs,2496,7722.88,100.0,332530.0,5.950125747724317,3.4964525691699606,2.4536731785543564
PEI5mgmL_50°C_Abs.TXT,PEI5mgmL,50°C,Abs,2497,7729.4800000000005,100.0,332530.0,5.9501,3.496435177865613,2.453664822134387
PEI5mgmL_50°C_Abs.TXT,PEI5mgmL,50°C,Abs,2498,7732.28,100.0,332530.0,5.9500963254593175,3.4964277997364954,2.453668525722822
PEI5mgmL_50°C_Abs.TXT,PEI5mgmL,50°C,Abs,2499,7734.68,100.0,332530.0,5.950093175853018,3.496421475625824,2.4536717002271944
PEI5mgmL_50°C_Abs.TXT,PEI5mgmL,50°C,Abs,2500,7737.4800000000005,100.0,332530.0,5.950089501312336,3.4964140974967064,2.4536754038156294
PEI5mgmL_50°C_Abs.TXT,PEI5mgmL,50°C,Abs,2501,7739.9800000000005,100.0,332530.0,5.950086220472441,3.496407509881423,2.453678710591018
PEI5mgmL_50°C_Abs.TXT,PEI5mgmL,50°C,Abs,2502,7742.58,100.0,332530.0,5.9500828083989505,3.4964006587615284,2.453682149637422
PEI5mgmL_50°C_Abs.TXT,PEI5mgmL,50°C,Abs,2503,7745.08,100.0,332530.0,5.950079527559055,3.4963940711462453,2.4536854564128094
PEI5mgmL_50°C_Abs.TXT,PEI5mgmL,50°C,Abs,2504,7747.58,100.0,332530.0,5.95007624671916,3.496387483530962,2.453688763188198
PEI5mgmL_50°C_Abs.TXT,PEI5mgmL,50°C,Abs,2505,7750.28,100.0,332530.0,5.950072703412073,3.496380368906456,2.453692334505617
PEI5mgmL_50°C_Abs.TXT,PEI5mgmL,50°C,Abs,2506,7752.68,100.0,332530.0,5.950069553805775,3.4963740447957843,2.4536955090099903
PEI5mgmL_50°C_Abs.TXT,PEI5mgmL,50°C,Abs,2507,7755.38,100.0,332530.0,5.950066010498688,3.4963669301712783,2.4536990803274095
PEI5mgmL_50°C_Abs.TXT,PEI5mgmL,50°C,Abs,2508,7757.9800000000005,100.0,332530.0,5.9500625984251965,3.496360079051384,2.4537025193738127
PEI5mgmL_50°C_Abs.TXT,PEI5mgmL,50°C,Abs,2509,7760.38,100.0,332530.0,5.950059448818898,3.4963537549407118,2.4537056938781863
PEI5mgmL_50°C_Abs.TXT,PEI5mgmL,50°C,Abs,2510,7762.9800000000005,100.0,332530.0,5.950056036745407,3.4963469038208173,2.4537091329245895
PEI5mgmL_50°C_Abs.TXT,PEI5mgmL,50°C,Abs,2511,7765.4800000000005,100.0,332530.0,5.950052755905512,3.4963403162055338,2.453712439699978
PEI5mgmL_50°C_Abs.TXT,PEI5mgmL,50°C,Abs,2512,7767.88,100.0,332530.0,5.9500496062992125,3.4963339920948617,2.453715614204351
PEI5mgmL_50°C_Abs.TXT,PEI5mgmL,50°C,Abs,2513,7770.28,100.0,332530.0,5.950046456692913,3.4963276679841897,2.4537187887087235
PEI5mgmL_50°C_Abs.TXT,PEI5mgmL,50°C,Abs,2514,7772.78,100.0,332530.0,5.950043175853018,3.4963210803689067,2.4537220954841117
PEI5mgmL_50°C_Abs.TXT,PEI5mgmL,50°C,Abs,2515,7775.580000000001,100.0,332530.0,5.950039501312336,3.496313702239789,2.4537257990725467
PEI5mgmL_50°C_Abs.TXT,PEI5mgmL,50°C,Abs,2516,7778.179999999999,100.0,332530.0,5.9500360892388455,3.4963068511198947,2.453729238118951
PEI5mgmL_50°C_Abs.TXT,PEI5mgmL,50°C,Abs,2517,7780.78,100.0,332530.0,5.950032677165354,3.4963,2.453732677165354
PEI5mgmL_50°C_Abs.TXT,PEI5mgmL,50°C,Abs,2518,7783.38,100.0,332530.0,5.950029265091864,3.496266189856957,2.4537630752349067
PEI5mgmL_50°C_Abs.TXT,PEI5mgmL,50°C,Abs,2519,7791.179999999999,100.0,332530.0,5.950019028871391,3.4961647594278285,2.4538542694435623
PEI5mgmL_50°C_Abs.TXT,PEI5mgmL,50°C,Abs,2520,7798.9800000000005,100.0,332530.0,5.950008792650919,3.4960633289986998,2.453945463652219
PEI5mgmL_50°C_Abs.TXT,PEI5mgmL,50°C,Abs,2521,7805.679999999999,100.0,332530.0,5.95,3.4959762028608585,2.4540237971391416
PEI5mgmL_50°C_Abs.TXT,PEI5mgmL,50°C,Abs,2522,7808.580000000001,100.0,332530.0,5.949966191709844,3.4959384915474643,2.45402770016238
PEI5mgmL_50°C_Abs.TXT,PEI5mgmL,50°C,Abs,2523,7810.9800000000005,100.0,332530.0,5.949938212435233,3.4959072821846555,2.454030930250578
PEI5mgmL_50°C_Abs.TXT,PEI5mgmL,50°C,Abs,2524,7813.4800000000005,100.0,332530.0,5.949909067357513,3.4958747724317294,2.454034294925784
PEI5mgmL_50°C_Abs.TXT,PEI5mgmL,50°C,Abs,2525,7815.9800000000005,100.0,332530.0,5.949879922279793,3.4958422626788037,2.4540376596009894
PEI5mgmL_50°C_Abs.TXT,PEI5mgmL,50°C,Abs,2526,7818.580000000001,100.0,332530.0,5.949849611398964,3.4958084525357607,2.454041158863203
PEI5mgmL_50°C_Abs.TXT,PEI5mgmL,50°C,Abs,2527,7821.28,100.0,332530.0,5.949818134715026,3.4957733420026007,2.4540447927124256
PEI5mgmL_50°C_Abs.TXT,PEI5mgmL,50°C,Abs,2528,7823.88,100.0,332530.0,5.949787823834197,3.4957395318595577,2.4540482919746394
PEI5mgmL_50°C_Abs.TXT,PEI5mgmL,50°C,Abs,2529,7826.4800000000005,100.0,332530.0,5.949757512953368,3.495705721716515,2.4540517912368527
PEI5mgmL_50°C_Abs.TXT,PEI5mgmL,50°C,Abs,2530,7828.9800000000005,100.0,332530.0,5.949728367875648,3.495673211963589,2.4540551559120587
PEI5mgmL_50°C_Abs.TXT,PEI5mgmL,50°C,Abs,2531,7831.78,100.0,332530.0,5.949695725388601,3.495636801040312,2.454058924348289
PEI5mgmL_50°C_Abs.TXT,PEI5mgmL,50°C,Abs,2532,7834.38,100.0,332530.0,5.949665414507772,3.495602990897269,2.4540624236105026
PEI5mgmL_50°C_Abs.TXT,PEI5mgmL,50°C,Abs,2533,7837.080000000001,100.0,332530.0,5.949633937823834,3.495567880364109,2.454066057459725
PEI5mgmL_50°C_Abs.TXT,PEI5mgmL,50°C,Abs,2534,7839.679999999999,100.0,332530.0,5.949603626943005,3.4955340702210664,2.4540695567219384
PEI5mgmL_50°C_Abs.TXT,PEI5mgmL,50°C,Abs,2535,7842.28,100.0,332530.0,5.949573316062176,3.4955002600780234,2.454073055984153
PEI5mgmL_50°C_Abs.TXT,PEI5mgmL,50°C,Abs,2536,7844.78,100.0,332530.0,5.949544170984455,3.4954677503250973,2.454076420659358
PEI5mgmL_50°C_Abs.TXT,PEI5mgmL,50°C,Abs,2537,7847.28,100.0,332530.0,5.949515025906735,3.4954352405721716,2.4540797853345637
PEI5mgmL_50°C_Abs.TXT,PEI5mgmL,50°C,Abs,2538,7849.9800000000005,100.0,332530.0,5.949483549222798,3.4954001300390116,2.454083419183786
PEI5mgmL_50°C_Abs.TXT,PEI5mgmL,50°C,Abs,2539,7852.4800000000005,100.0,332530.0,5.949454404145078,3.4953676202860855,2.454086783858992
PEI5mgmL_50°C_Abs.TXT,PEI5mgmL,50°C,Abs,2540,7855.28,100.0,332530.0,5.949421761658031,3.4953312093628086,2.4540905522952223
PEI5mgmL_50°C_Abs.TXT,PEI5mgmL,50°C,Abs,2541,7857.679999999999,100.0,332530.0,5.949393782383419,3.4953,2.4540937823834192
PEI5mgmL_50°C_Abs.TXT,PEI5mgmL,50°C,Abs,2542,7860.38,100.0,332530.0,5.9493623056994815,3.4952823759791123,2.4540799297203693
PEI5mgmL_50°C_Abs.TXT,PEI5mgmL,50°C,Abs,2543,7867.9800000000005,100.0,332530.0,5.949273704663212,3.495232767624021,2.454040937039191
PEI5mgmL_50°C_Abs.TXT,PEI5mgmL,50°C,Abs,2544,7875.78,100.0,332530.0,5.949182772020725,3.4951818537859007,2.4540009182348244
PEI5mgmL_50°C_Abs.TXT,PEI5mgmL,50°C,Abs,2545,7882.88,100.0,332530.0,5.9491,3.495135509138381,2.4539644908616185
PEI5mgmL_50°C_Abs.TXT,PEI5mgmL,50°C,Abs,2546,7885.28,100.0,332530.0,5.949087368421052,3.4951198433420365,2.453967525079016
PEI5mgmL_50°C_Abs.TXT,PEI5mgmL,50°C,Abs,2547,7887.78,100.0,332530.0,5.949074210526315,3.4951035248041773,2.4539706857221377
PEI5mgmL_50°C_Abs.TXT,PEI5mgmL,50°C,Abs,2548,7890.4800000000005,100.0,332530.0,5.949059999999999,3.4950859007832897,2.4539740992167096
PEI5mgmL_50°C_Abs.TXT,PEI5mgmL,50°C,Abs,2549,7893.080000000001,100.0,332530.0,5.949046315789474,3.4950689295039163,2.4539773862855574
PEI5mgmL_50°C_Abs.TXT,PEI5mgmL,50°C,Abs,2550,7895.78,100.0,332530.0,5.949032105263157,3.495051305483029,2.4539807997801284
PEI5mgmL_50°C_Abs.TXT,PEI5mgmL,50°C,Abs,2551,7898.28,100.0,332530.0,5.949018947368421,3.4950349869451696,2.453983960423251
PEI5mgmL_50°C_Abs.TXT,PEI5mgmL,50°C,Abs,2552,7900.88,100.0,332530.0,5.949005263157894,3.495018015665796,2.453987247492098
PEI5mgmL_50°C_Abs.TXT,PEI5mgmL,50°C,Abs,2553,7903.4800000000005,100.0,332530.0,5.948991578947368,3.495001044386423,2.453990534560945
PEI5mgmL_50°C_Abs.TXT,PEI5mgmL,50°C,Abs,2554,7905.88,100.0,332530.0,5.9489789473684205,3.494985378590078,2.4539935687783423
PEI5mgmL_50°C_Abs.TXT,PEI5mgmL,50°C,Abs,2555,7908.28,100.0,332530.0,5.948966315789473,3.4949697127937336,2.4539966029957396
PEI5mgmL_50°C_Abs.TXT,PEI5mgmL,50°C,Abs,2556,7910.88,100.0,332530.0,5.948952631578947,3.49495274151436,2.4539998900645865
PEI5mgmL_50°C_Abs.TXT,PEI5mgmL,50°C,Abs,2557,7913.580000000001,100.0,332530.0,5.948938421052631,3.4949351174934726,2.4540033035591584
PEI5mgmL_50°C_Abs.TXT,PEI5mgmL,50°C,Abs,2558,7916.179999999999,100.0,332530.0,5.9489247368421045,3.4949181462140992,2.4540065906280053
PEI5mgmL_50°C_Abs.TXT,PEI5mgmL,50°C,Abs,2559,7918.78,100.0,332530.0,5.948911052631579,3.494901174934726,2.454009877696853
PEI5mgmL_50°C_Abs.TXT,PEI5mgmL,50°C,Abs,2560,7921.28,100.0,332530.0,5.948897894736842,3.494884856396867,2.4540130383399745
PEI5mgmL_50°C_Abs.TXT,PEI5mgmL,50°C,Abs,2561,7923.679999999999,100.0,332530.0,5.948885263157894,3.4948691906005225,2.454016072557372
PEI5mgmL_50°C_Abs.TXT,PEI5mgmL,50°C,Abs,2562,7926.4800000000005,100.0,332530.0,5.9488705263157895,3.4948509138381203,2.454019612477669
PEI5mgmL_50°C_Abs.TXT,PEI5mgmL,50°C,Abs,2563,7929.080000000001,100.0,332530.0,5.948856842105263,3.494833942558747,2.454022899546516
PEI5mgmL_50°C_Abs.TXT,PEI5mgmL,50°C,Abs,2564,7931.78,100.0,332530.0,5.948842631578947,3.4948163185378593,2.454026313041088
PEI5mgmL_50°C_Abs.TXT,PEI5mgmL,50°C,Abs,2565,7934.28,100.0,332530.0,5.94882947368421,3.4948,2.45402947368421
PEI5mgmL_50°C_Abs.TXT,PEI5mgmL,50°C,Abs,2566,7936.88,100.0,332530.0,5.9488157894736835,3.4947764553686933,2.45403933410499
PEI5mgmL_50°C_Abs.TXT,PEI5mgmL,50°C,Abs,2567,7944.4800000000005,100.0,332530.0,5.948775789473684,3.494707632600259,2.4540681568734253
PEI5mgmL_50°C_Abs.TXT,PEI5mgmL,50°C,Abs,2568,7952.179999999999,100.0,332530.0,5.948735263157895,3.4946379042690814,2.4540973588888133
PEI5mgmL_50°C_Abs.TXT,PEI5mgmL,50°C,Abs,2569,7958.88,100.0,332530.0,5.9487,3.49457723156533,2.4541227684346696
PEI5mgmL_50°C_Abs.TXT,PEI5mgmL,50°C,Abs,2570,7961.4800000000005,100.0,332530.0,5.948696653796653,3.4945536869340232,2.45414296686263
PEI5mgmL_50°C_Abs.TXT,PEI5mgmL,50°C,Abs,2571,7963.9800000000005,100.0,332530.0,5.948693436293436,3.4945310478654594,2.454162388427976
PEI5mgmL_50°C_Abs.TXT,PEI5mgmL,50°C,Abs,2572,7966.78,100.0,332530.0,5.9486898326898325,3.4945056921086675,2.454184140581165
PEI5mgmL_50°C_Abs.TXT,PEI5mgmL,50°C,Abs,2573,7969.179999999999,100.0,332530.0,5.948686743886744,3.494483958602846,2.4542027852838975
PEI5mgmL_50°C_Abs.TXT,PEI5mgmL,50°C,Abs,2574,7972.179999999999,100.0,332530.0,5.948682882882882,3.494456791720569,2.454226091162313
PEI5mgmL_50°C_Abs.TXT,PEI5mgmL,50°C,Abs,2575,7974.580000000001,100.0,332530.0,5.948679794079794,3.494435058214748,2.4542447358650463
PEI5mgmL_50°C_Abs.TXT,PEI5mgmL,50°C,Abs,2576,7977.38,100.0,332530.0,5.94867619047619,3.494409702457956,2.4542664880182343
PEI5mgmL_50°C_Abs.TXT,PEI5mgmL,50°C,Abs,2577,7979.9800000000005,100.0,332530.0,5.948672844272844,3.4943861578266495,2.4542866864461943
PEI5mgmL_50°C_Abs.TXT,PEI5mgmL,50°C,Abs,2578,7982.580000000001,100.0,332530.0,5.948669498069497,3.4943626131953427,2.4543068848741547
PEI5mgmL_50°C_Abs.TXT,PEI5mgmL,50°C,Abs,2579,7985.080000000001,100.0,332530.0,5.948666280566281,3.494339974126779,2.454326306439502
PEI5mgmL_50°C_Abs.TXT,PEI5mgmL,50°C,Abs,2580,7987.580000000001,100.0,332530.0,5.948663063063063,3.4943173350582146,2.4543457280048484
PEI5mgmL_50°C_Abs.TXT,PEI5mgmL,50°C,Abs,2581,7990.28,100.0,332530.0,5.948659588159588,3.4942928848641657,2.454366703295422
PEI5mgmL_50°C_Abs.TXT,PEI5mgmL,50°C,Abs,2582,7992.88,100.0,332530.0,5.948656241956241,3.494269340232859,2.4543869017233826
PEI5mgmL_50°C_Abs.TXT,PEI5mgmL,50°C,Abs,2583,7995.4800000000005,100.0,332530.0,5.948652895752896,3.4942457956015525,2.4544071001513434
PEI5mgmL_50°C_Abs.TXT,PEI5mgmL,50°C,Abs,2584,7997.9800000000005,100.0,332530.0,5.948649678249678,3.494223156532988,2.45442652171669
PEI5mgmL_50°C_Abs.TXT,PEI5mgmL,50°C,Abs,2585,8000.78,100.0,332530.0,5.948646074646074,3.4941978007761967,2.4544482738698776
PEI5mgmL_50°C_Abs.TXT,PEI5mgmL,50°C,Abs,2586,8003.28,100.0,332530.0,5.948642857142857,3.4941751617076324,2.4544676954352243
PEI5mgmL_50°C_Abs.TXT,PEI5mgmL,50°C,Abs,2587,8006.080000000001,100.0,332530.0,5.948639253539254,3.494149805950841,2.4544894475884127
PEI5mgmL_50°C_Abs.TXT,PEI5mgmL,50°C,Abs,2588,8008.78,100.0,332530.0,5.948635778635778,3.4941253557567915,2.454510422878987
PEI5mgmL_50°C_Abs.TXT,PEI5mgmL,50°C,Abs,2589,8011.580000000001,100.0,332530.0,5.9486321750321745,3.4941,2.4545321750321745
PEI5mgmL_50°C_Abs.TXT,PEI5mgmL,50°C,Abs,2590,8014.179999999999,100.0,332530.0,5.948628828828829,3.494079713914174,2.4545491149146548
PEI5mgmL_50°C_Abs.TXT,PEI5mgmL,50°C,Abs,2591,8021.78,100.0,332530.0,5.948619047619047,3.4940204161248376,2.4545986314942096
PEI5mgmL_50°C_Abs.TXT,PEI5mgmL,50°C,Abs,2592,8029.78,100.0,332530.0,5.948608751608751,3.4939579973992196,2.4546507542095317
PEI5mgmL_50°C_Abs.TXT,PEI5mgmL,50°C,Abs,2593,8036.580000000001,100.0,332530.0,5.9486,3.4939049414824446,2.4546950585175553
PEI5mgmL_50°C_Abs.TXT,PEI5mgmL,50°C,Abs,2594,8039.179999999999,100.0,332530.0,5.948586493506493,3.493884655396619,2.454701838109874
PEI5mgmL_50°C_Abs.TXT,PEI5mgmL,50°C,Abs,2595,8041.679999999999,100.0,332530.0,5.948573506493506,3.4938651495448636,2.4547083569486428
PEI5mgmL_50°C_Abs.TXT,PEI5mgmL,50°C,Abs,2596,8044.179999999999,100.0,332530.0,5.94856051948052,3.493845643693108,2.4547148757874115
PEI5mgmL_50°C_Abs.TXT,PEI5mgmL,50°C,Abs,2597,8046.78,100.0,332530.0,5.948547012987013,3.493825357607282,2.4547216553797306
PEI5mgmL_50°C_Abs.TXT,PEI5mgmL,50°C,Abs,2598,8049.38,100.0,332530.0,5.948533506493506,3.4938050715214564,2.4547284349720497
PEI5mgmL_50°C_Abs.TXT,PEI5mgmL,50°C,Abs,2599,8051.9800000000005,100.0,332530.0,5.94852,3.4937847854356305,2.4547352145643697
PEI5mgmL_50°C_Abs.TXT,PEI5mgmL,50°C,Abs,2600,8054.679999999999,100.0,332530.0,5.948505974025974,3.493763719115735,2.4547422549102387
PEI5mgmL_50°C_Abs.TXT,PEI5mgmL,50°C,Abs,2601,8057.4800000000005,100.0,332530.0,5.948491428571429,3.4937418725617686,2.45474955600966
PEI5mgmL_50°C_Abs.TXT,PEI5mgmL,50°C,Abs,2602,8059.9800000000005,100.0,332530.0,5.948478441558441,3.493722366710013,2.454756074848428
PEI5mgmL_50°C_Abs.TXT,PEI5mgmL,50°C,Abs,2603,8062.78,100.0,332530.0,5.948463896103896,3.4937005201560467,2.4547633759478495
PEI5mgmL_50°C_Abs.TXT,PEI5mgmL,50°C,Abs,2604,8065.28,100.0,332530.0,5.948450909090909,3.493681014304291,2.4547698947866174
PEI5mgmL_50°C_Abs.TXT,PEI5mgmL,50°C,Abs,2605,8067.9800000000005,100.0,332530.0,5.948436883116883,3.4936599479843955,2.4547769351324873
PEI5mgmL_50°C_Abs.TXT,PEI5mgmL,50°C,Abs,2606,8070.580000000001,100.0,332530.0,5.948423376623377,3.4936396618985697,2.4547837147248073
PEI5mgmL_50°C_Abs.TXT,PEI5mgmL,50°C,Abs,2607,8073.28,100.0,332530.0,5.94840935064935,3.4936185955786736,2.4547907550706767
PEI5mgmL_50°C_Abs.TXT,PEI5mgmL,50°C,Abs,2608,8075.78,100.0,332530.0,5.9483963636363635,3.493599089726918,2.4547972739094455
PEI5mgmL_50°C_Abs.TXT,PEI5mgmL,50°C,Abs,2609,8078.179999999999,100.0,332530.0,5.948383896103896,3.4935803641092327,2.454803531994663
PEI5mgmL_50°C_Abs.TXT,PEI5mgmL,50°C,Abs,2610,8080.679999999999,100.0,332530.0,5.948370909090909,3.493560858257477,2.454810050833432
PEI5mgmL_50°C_Abs.TXT,PEI5mgmL,50°C,Abs,2611,8083.28,100.0,332530.0,5.948357402597402,3.4935405721716517,2.4548168304257505
PEI5mgmL_50°C_Abs.TXT,PEI5mgmL,50°C,Abs,2612,8085.9800000000005,100.0,332530.0,5.948343376623376,3.4935195058517556,2.454823870771621
PEI5mgmL_50°C_Abs.TXT,PEI5mgmL,50°C,Abs,2613,8088.4800000000005,100.0,332530.0,5.94833038961039,3.4935,2.4548303896103896
PEI5mgmL_50°C_Abs.TXT,PEI5mgmL,50°C,Abs,2614,8091.28,100.0,332530.0,5.948315844155844,3.4934816993464053,2.4548341448094386
PEI5mgmL_50°C_Abs.TXT,PEI5mgmL,50°C,Abs,2615,8098.9800000000005,100.0,332530.0,5.948275844155844,3.49343137254902,2.454844471606824
PEI5mgmL_50°C_Abs.TXT,PEI5mgmL,50°C,Abs,2616,8106.580000000001,100.0,332530.0,5.948236363636363,3.493381699346405,2.4548546642899582
PEI5mgmL_50°C_Abs.TXT,PEI5mgmL,50°C,Abs,2617,8113.580000000001,100.0,332530.0,5.9482,3.4933359477124184,2.4548640522875815
PEI5mgmL_50°C_Abs.TXT,PEI5mgmL,50°C,Abs,2618,8115.9800000000005,100.0,332530.0,5.9481780678851175,3.4933202614379084,2.454857806447209
PEI5mgmL_50°C_Abs.TXT,PEI5mgmL,50°C,Abs,2619,8118.4800000000005,100.0,332530.0,5.948155221932115,3.4933039215686272,2.454851300363488
PEI5mgmL_50°C_Abs.TXT,PEI5mgmL,50°C,Abs,2620,8121.28,100.0,332530.0,5.948129634464752,3.4932856209150325,2.454844013549719
PEI5mgmL_50°C_Abs.TXT,PEI5mgmL,50°C,Abs,2621,8123.78,100.0,332530.0,5.948106788511749,3.4932692810457517,2.4548375074659976
PEI5mgmL_50°C_Abs.TXT,PEI5mgmL,50°C,Abs,2622,8126.38,100.0,332530.0,5.948083028720626,3.4932522875816994,2.454830741138927
PEI5mgmL_50°C_Abs.TXT,PEI5mgmL,50°C,Abs,2623,8128.9800000000005,100.0,332530.0,5.948059268929504,3.493235294117647,2.454823974811857
PEI5mgmL_50°C_Abs.TXT,PEI5mgmL,50°C,Abs,2624,8131.580000000001,100.0,332530.0,5.948035509138381,3.4932183006535946,2.4548172084847866
PEI5mgmL_50°C_Abs.TXT,PEI5mgmL,50°C,Abs,2625,8134.179999999999,100.0,332530.0,5.948011749347258,3.4932013071895422,2.454810442157716
PEI5mgmL_50°C_Abs.TXT,PEI5mgmL,50°C,Abs,2626,8136.580000000001,100.0,332530.0,5.947989817232376,3.4931856209150327,2.454804196317343
PEI5mgmL_50°C_Abs.TXT,PEI5mgmL,50°C,Abs,2627,8139.080000000001,100.0,332530.0,5.9479669712793735,3.4931692810457515,2.454797690233622
PEI5mgmL_50°C_Abs.TXT,PEI5mgmL,50°C,Abs,2628,8141.580000000001,100.0,332530.0,5.94794412532637,3.4931529411764703,2.4547911841499
PEI5mgmL_50°C_Abs.TXT,PEI5mgmL,50°C,Abs,2629,8144.38,100.0,332530.0,5.947918537859008,3.4931346405228756,2.454783897336132
PEI5mgmL_50°C_Abs.TXT,PEI5mgmL,50°C,Abs,2630,8146.9800000000005,100.0,332530.0,5.947894778067885,3.4931176470588237,2.454777131009061
PEI5mgmL_50°C_Abs.TXT,PEI5mgmL,50°C,Abs,2631,8149.580000000001,100.0,332530.0,5.9478710182767625,3.4931006535947713,2.454770364681991
PEI5mgmL_50°C_Abs.TXT,PEI5mgmL,50°C,Abs,2632,8152.179999999999,100.0,332530.0,5.947847258485639,3.493083660130719,2.4547635983549205
PEI5mgmL_50°C_Abs.TXT,PEI5mgmL,50°C,Abs,2633,8154.580000000001,100.0,332530.0,5.947825326370757,3.493067973856209,2.454757352514548
PEI5mgmL_50°C_Abs.TXT,PEI5mgmL,50°C,Abs,2634,8157.28,100.0,332530.0,5.947800652741514,3.4930503267973854,2.454750325944129
PEI5mgmL_50°C_Abs.TXT,PEI5mgmL,50°C,Abs,2635,8159.78,100.0,332530.0,5.947777806788512,3.4930339869281046,2.4547438198604072
PEI5mgmL_50°C_Abs.TXT,PEI5mgmL,50°C,Abs,2636,8162.580000000001,100.0,332530.0,5.947752219321148,3.49301568627451,2.4547365330466384
PEI5mgmL_50°C_Abs.TXT,PEI5mgmL,50°C,Abs,2637,8164.9800000000005,100.0,332530.0,5.947730287206266,3.493,2.454730287206266
PEI5mgmL_50°C_Abs.TXT,PEI5mgmL,50°C,Abs,2638,8167.78,100.0,332530.0,5.947704699738903,3.492977894736842,2.454726805002061
PEI5mgmL_50°C_Abs.TXT,PEI5mgmL,50°C,Abs,2639,8175.4800000000005,100.0,332530.0,5.947634334203655,3.4929171052631576,2.4547172289404973
PEI5mgmL_50°C_Abs.TXT,PEI5mgmL,50°C,Abs,2640,8183.28,100.0,332530.0,5.947563054830287,3.492855526315789,2.4547075285144975
PEI5mgmL_50°C_Abs.TXT,PEI5mgmL,50°C,Abs,2641,8190.179999999999,100.0,332530.0,5.9475,3.4928010526315787,2.454698947368421
PEI5mgmL_50°C_Abs.TXT,PEI5mgmL,50°C,Abs,2642,8192.679999999998,100.0,332530.0,5.947490039840638,3.4927813157894736,2.454708724051164
PEI5mgmL_50°C_Abs.TXT,PEI5mgmL,50°C,Abs,2643,8195.179999999998,100.0,332530.0,5.947480079681275,3.4927615789473685,2.454718500733906
PEI5mgmL_50°C_Abs.TXT,PEI5mgmL,50°C,Abs,2644,8197.679999999998,100.0,332530.0,5.947470119521912,3.492741842105263,2.4547282774166495
PEI5mgmL_50°C_Abs.TXT,PEI5mgmL,50°C,Abs,2645,8200.179999999998,100.0,332530.0,5.947460159362549,3.492722105263158,2.4547380540993915
PEI5mgmL_50°C_Abs.TXT,PEI5mgmL,50°C,Abs,2646,8202.779999999999,100.0,332530.0,5.947449800796813,3.4927015789473685,2.454748221849444
PEI5mgmL_50°C_Abs.TXT,PEI5mgmL,50°C,Abs,2647,8205.279999999999,100.0,332530.0,5.94743984063745,3.492681842105263,2.4547579985321866
PEI5mgmL_50°C_Abs.TXT,PEI5mgmL,50°C,Abs,2648,8207.779999999999,100.0,332530.0,5.947429880478087,3.492662105263158,2.4547677752149295
PEI5mgmL_50°C_Abs.TXT,PEI5mgmL,50°C,Abs,2649,8210.48,100.0,332530.0,5.947419123505976,3.492640789473684,2.454778334032292
PEI5mgmL_50°C_Abs.TXT,PEI5mgmL,50°C,Abs,2650,8212.88,100.0,332530.0,5.947409561752988,3.492621842105263,2.4547877196477246
PEI5mgmL_50°C_Abs.TXT,PEI5mgmL,50°C,Abs,2651,8215.48,100.0,332530.0,5.947399203187251,3.4926013157894737,2.454797887397777
PEI5mgmL_50°C_Abs.TXT,PEI5mgmL,50°C,Abs,2652,8218.08,100.0,332530.0,5.947388844621513,3.492580789473684,2.4548080551478293
PEI5mgmL_50°C_Abs.TXT,PEI5mgmL,50°C,Abs,2653,8220.779999999999,100.0,332530.0,5.947378087649402,3.4925594736842105,2.4548186139651915
PEI5mgmL_50°C_Abs.TXT,PEI5mgmL,50°C,Abs,2654,8223.38,100.0,332530.0,5.947367729083665,3.492538947368421,2.454828781715244
PEI5mgmL_50°C_Abs.TXT,PEI5mgmL,50°C,Abs,2655,8225.779999999999,100.0,332530.0,5.947358167330677,3.49252,2.454838167330677
PEI5mgmL_50°C_Abs.TXT,PEI5mgmL,50°C,Abs,2656,8228.279999999999,100.0,332530.0,5.947348207171315,3.4925002631578947,2.45484794401342
PEI5mgmL_50°C_Abs.TXT,PEI5mgmL,50°C,Abs,2657,8230.679999999998,100.0,332530.0,5.947338645418326,3.492481315789474,2.4548573296288523
PEI5mgmL_50°C_Abs.TXT,PEI5mgmL,50°C,Abs,2658,8233.179999999998,100.0,332530.0,5.947328685258964,3.4924615789473683,2.4548671063115957
PEI5mgmL_50°C_Abs.TXT,PEI5mgmL,50°C,Abs,2659,8235.679999999998,100.0,332530.0,5.947318725099601,3.492441842105263,2.4548768829943377
PEI5mgmL_50°C_Abs.TXT,PEI5mgmL,50°C,Abs,2660,8238.279999999999,100.0,332530.0,5.947308366533864,3.4924213157894735,2.4548870507443907
PEI5mgmL_50°C_Abs.TXT,PEI5mgmL,50°C,Abs,2661,8240.98,100.0,332530.0,5.947297609561753,3.4924,2.454897609561753
PEI5mgmL_50°C_Abs.TXT,PEI5mgmL,50°C,Abs,2662,8243.58,100.0,332530.0,5.947287250996015,3.492376302083333,2.454910948912682
PEI5mgmL_50°C_Abs.TXT,PEI5mgmL,50°C,Abs,2663,8251.279999999999,100.0,332530.0,5.947256573705179,3.4923061197916665,2.4549504539135123
PEI5mgmL_50°C_Abs.TXT,PEI5mgmL,50°C,Abs,2664,8258.98,100.0,332530.0,5.947225896414342,3.4922359375,2.4549899589143425
PEI5mgmL_50°C_Abs.TXT,PEI5mgmL,50°C,Abs,2665,8265.48,100.0,332530.0,5.9472,3.492176692708333,2.4550233072916665
PEI5mgmL_50°C_Abs.TXT,PEI5mgmL,50°C,Abs,2666,8267.98,100.0,332530.0,5.9471967700258395,3.49215390625,2.4550428637758395
PEI5mgmL_50°C_Abs.TXT,PEI5mgmL,50°C,Abs,2667,8270.779999999999,100.0,332530.0,5.94719315245478,3.4921283854166667,2.455064767038113
PEI5mgmL_50°C_Abs.TXT,PEI5mgmL,50°C,Abs,2668,8273.179999999998,100.0,332530.0,5.947190051679586,3.4921065104166664,2.4550835412629195
PEI5mgmL_50°C_Abs.TXT,PEI5mgmL,50°C,Abs,2669,8275.98,100.0,332530.0,5.947186434108526,3.492080989583333,2.455105444525193
PEI5mgmL_50°C_Abs.TXT,PEI5mgmL,50°C,Abs,2670,8278.58,100.0,332530.0,5.9471830749354,3.4920572916666663,2.4551257832687337
PEI5mgmL_50°C_Abs.TXT,PEI5mgmL,50°C,Abs,2671,8281.279999999999,100.0,332530.0,5.9471795865633075,3.4920326822916667,2.4551469042716407
PEI5mgmL_50°C_Abs.TXT,PEI5mgmL,50°C,Abs,2672,8283.98,100.0,332530.0,5.947176098191214,3.4920080729166667,2.4551680252745474
PEI5mgmL_50°C_Abs.TXT,PEI5mgmL,50°C,Abs,2673,8286.58,100.0,332530.0,5.947172739018088,3.491984375,2.455188364018088
PEI5mgmL_50°C_Abs.TXT,PEI5mgmL,50°C,Abs,2674,8288.98,100.0,332530.0,5.947169638242894,3.4919624999999996,2.455207138242894
PEI5mgmL_50°C_Abs.TXT,PEI5mgmL,50°C,Abs,2675,8291.48,100.0,332530.0,5.947166408268734,3.4919397135416665,2.455226694727067
PEI5mgmL_50°C_Abs.TXT,PEI5mgmL,50°C,Abs,2676,8294.179999999998,100.0,332530.0,5.94716291989664,3.4919151041666665,2.4552478157299737
PEI5mgmL_50°C_Abs.TXT,PEI5mgmL,50°C,Abs,2677,8296.679999999998,100.0,332530.0,5.94715968992248,3.491892317708333,2.455267372214147
PEI5mgmL_50°C_Abs.TXT,PEI5mgmL,50°C,Abs,2678,8299.48,100.0,332530.0,5.9471560723514205,3.4918667968749997,2.455289275476421
PEI5mgmL_50°C_Abs.TXT,PEI5mgmL,50°C,Abs,2679,8301.98,100.0,332530.0,5.94715284237726,3.4918440104166666,2.455308831960594
PEI5mgmL_50°C_Abs.TXT,PEI5mgmL,50°C,Abs,2680,8304.58,100.0,332530.0,5.947149483204134,3.4918203125,2.4553291707041343
PEI5mgmL_50°C_Abs.TXT,PEI5mgmL,50°C,Abs,2681,8307.179999999998,100.0,332530.0,5.947146124031008,3.491796614583333,2.4553495094476747
PEI5mgmL_50°C_Abs.TXT,PEI5mgmL,50°C,Abs,2682,8309.88,100.0,332530.0,5.947142635658914,3.491772005208333,2.4553706304505813
PEI5mgmL_50°C_Abs.TXT,PEI5mgmL,50°C,Abs,2683,8312.58,100.0,332530.0,5.947139147286822,3.491747395833333,2.455391751453489
PEI5mgmL_50°C_Abs.TXT,PEI5mgmL,50°C,Abs,2684,8315.279999999999,100.0,332530.0,5.947135658914728,3.4917227864583333,2.455412872456395
PEI5mgmL_50°C_Abs.TXT,PEI5mgmL,50°C,Abs,2685,8317.779999999999,100.0,332530.0,5.947132428940568,3.4917,2.4554324289405685
PEI5mgmL_50°C_Abs.TXT,PEI5mgmL,50°C,Abs,2686,8320.58,100.0,332530.0,5.947128811369509,3.4916854545454545,2.455443356824054
PEI5mgmL_50°C_Abs.TXT,PEI5mgmL,50°C,Abs,2687,8328.279999999999,100.0,332530.0,5.947118863049095,3.4916454545454543,2.4554734085036407
PEI5mgmL_50°C_Abs.TXT,PEI5mgmL,50°C,Abs,2688,8335.88,100.0,332530.0,5.947109043927648,3.491605974025974,2.4555030699016744
PEI5mgmL_50°C_Abs.TXT,PEI5mgmL,50°C,Abs,2689,8342.88,100.0,332530.0,5.9471,3.49156961038961,2.4555303896103897
PEI5mgmL_50°C_Abs.TXT,PEI5mgmL,50°C,Abs,2690,8345.38,100.0,332530.0,5.947087046632125,3.4915566233766233,2.4555304232555013
PEI5mgmL_50°C_Abs.TXT,PEI5mgmL,50°C,Abs,2691,8347.88,100.0,332530.0,5.9470740932642485,3.491543636363636,2.4555304569006124
PEI5mgmL_50°C_Abs.TXT,PEI5mgmL,50°C,Abs,2692,8350.48,100.0,332530.0,5.947060621761658,3.49153012987013,2.455530491891528
PEI5mgmL_50°C_Abs.TXT,PEI5mgmL,50°C,Abs,2693,8352.98,100.0,332530.0,5.9470476683937825,3.4915171428571425,2.45553052553664
PEI5mgmL_50°C_Abs.TXT,PEI5mgmL,50°C,Abs,2694,8355.779999999999,100.0,332530.0,5.9470331606217615,3.4915025974025973,2.455530563219164
PEI5mgmL_50°C_Abs.TXT,PEI5mgmL,50°C,Abs,2695,8358.279999999999,100.0,332530.0,5.947020207253886,3.49148961038961,2.455530596864276
PEI5mgmL_50°C_Abs.TXT,PEI5mgmL,50°C,Abs,2696,8361.08,100.0,332530.0,5.947005699481865,3.4914750649350648,2.4555306345468004
PEI5mgmL_50°C_Abs.TXT,PEI5mgmL,50°C,Abs,2697,8363.679999999998,100.0,332530.0,5.946992227979274,3.4914615584415585,2.455530669537716
PEI5mgmL_50°C_Abs.TXT,PEI5mgmL,50°C,Abs,2698,8366.38,100.0,332530.0,5.946978238341969,3.4914475324675323,2.4555307058744367
PEI5mgmL_50°C_Abs.TXT,PEI5mgmL,50°C,Abs,2699,8368.779999999999,100.0,332530.0,5.946965803108808,3.491435064935065,2.4555307381737435
PEI5mgmL_50°C_Abs.TXT,PEI5mgmL,50°C,Abs,2700,8371.38,100.0,332530.0,5.946952331606218,3.491421558441558,2.4555307731646594
PEI5mgmL_50°C_Abs.TXT,PEI5mgmL,50°C,Abs,2701,8374.08,100.0,332530.0,5.946938341968912,3.4914075324675324,2.4555308095013797
PEI5mgmL_50°C_Abs.TXT,PEI5mgmL,50°C,Abs,2702,8376.679999999998,100.0,332530.0,5.946924870466321,3.4913940259740257,2.4555308444922956
PEI5mgmL_50°C_Abs.TXT,PEI5mgmL,50°C,Abs,2703,8379.279999999999,100.0,332530.0,5.9469113989637306,3.4913805194805194,2.455530879483211
PEI5mgmL_50°C_Abs.TXT,PEI5mgmL,50°C,Abs,2704,8381.779999999999,100.0,332530.0,5.9468984455958545,3.491367532467532,2.4555309131283223
PEI5mgmL_50°C_Abs.TXT,PEI5mgmL,50°C,Abs,2705,8384.279999999999,100.0,332530.0,5.946885492227979,3.4913545454545454,2.455530946773434
PEI5mgmL_50°C_Abs.TXT,PEI5mgmL,50°C,Abs,2706,8386.98,100.0,332530.0,5.946871502590674,3.491340519480519,2.4555309831101546
PEI5mgmL_50°C_Abs.TXT,PEI5mgmL,50°C,Abs,2707,8389.779999999999,100.0,332530.0,5.946856994818653,3.491325974025974,2.455531020792679
PEI5mgmL_50°C_Abs.TXT,PEI5mgmL,50°C,Abs,2708,8392.38,100.0,332530.0,5.946843523316062,3.491312467532467,2.4555310557835948
PEI5mgmL_50°C_Abs.TXT,PEI5mgmL,50°C,Abs,2709,8394.779999999999,100.0,332530.0,5.946831088082901,3.4913,2.4555310880829015
PEI5mgmL_50°C_Abs.TXT,PEI5mgmL,50°C,Abs,2710,8397.48,100.0,332530.0,5.946817098445596,3.4912824675324674,2.4555346309131285
PEI5mgmL_50°C_Abs.TXT,PEI5mgmL,50°C,Abs,2711,8404.98,100.0,332530.0,5.9467782383419685,3.491233766233766,2.4555444721082025
PEI5mgmL_50°C_Abs.TXT,PEI5mgmL,50°C,Abs,2712,8412.98,100.0,332530.0,5.946736787564767,3.491181818181818,2.455554969382949
PEI5mgmL_50°C_Abs.TXT,PEI5mgmL,50°C,Abs,2713,8420.08,100.0,332530.0,5.9467,3.491135714285714,2.455564285714286
PEI5mgmL_50°C_Abs.TXT,PEI5mgmL,50°C,Abs,2714,8422.779999999999,100.0,332530.0,5.94668244473342,3.4911181818181816,2.4555642629152383
PEI5mgmL_50°C_Abs.TXT,PEI5mgmL,50°C,Abs,2715,8425.279999999999,100.0,332530.0,5.946666189856957,3.491101948051948,2.455564241805009
PEI5mgmL_50°C_Abs.TXT,PEI5mgmL,50°C,Abs,2716,8427.779999999999,100.0,332530.0,5.946649934980494,3.491085714285714,2.4555642206947796
PEI5mgmL_50°C_Abs.TXT,PEI5mgmL,50°C,Abs,2717,8430.38,100.0,332530.0,5.9466330299089725,3.491068831168831,2.4555641987401415
PEI5mgmL_50°C_Abs.TXT,PEI5mgmL,50°C,Abs,2718,8432.88,100.0,332530.0,5.94661677503251,3.4910525974025974,2.4555641776299124
PEI5mgmL_50°C_Abs.TXT,PEI5mgmL,50°C,Abs,2719,8435.58,100.0,332530.0,5.94659921976593,3.491035064935065,2.455564154830865
PEI5mgmL_50°C_Abs.TXT,PEI5mgmL,50°C,Abs,2720,8438.179999999998,100.0,332530.0,5.946582314694409,3.491018181818182,2.4555641328762268
PEI5mgmL_50°C_Abs.TXT,PEI5mgmL,50°C,Abs,2721,8440.779999999999,100.0,332530.0,5.946565409622887,3.4910012987012986,2.4555641109215887
PEI5mgmL_50°C_Abs.TXT,PEI5mgmL,50°C,Abs,2722,8443.279999999999,100.0,332530.0,5.946549154746424,3.490985064935065,2.4555640898113587
PEI5mgmL_50°C_Abs.TXT,PEI5mgmL,50°C,Abs,2723,8445.679999999998,100.0,332530.0,5.94653355006502,3.4909694805194804,2.4555640695455394
PEI5mgmL_50°C_Abs.TXT,PEI5mgmL,50°C,Abs,2724,8448.279999999999,100.0,332530.0,5.946516644993498,3.4909525974025972,2.4555640475909004
PEI5mgmL_50°C_Abs.TXT,PEI5mgmL,50°C,Abs,2725,8450.779999999999,100.0,332530.0,5.946500390117035,3.4909363636363637,2.4555640264806713
PEI5mgmL_50°C_Abs.TXT,PEI5mgmL,50°C,Abs,2726,8453.58,100.0,332530.0,5.946482184655396,3.490918181818182,2.4555640028372143
PEI5mgmL_50°C_Abs.TXT,PEI5mgmL,50°C,Abs,2727,8456.179999999998,100.0,332530.0,5.946465279583875,3.490901298701299,2.455563980882576
PEI5mgmL_50°C_Abs.TXT,PEI5mgmL,50°C,Abs,2728,8458.58,100.0,332530.0,5.946449674902471,3.490885714285714,2.455563960616757
PEI5mgmL_50°C_Abs.TXT,PEI5mgmL,50°C,Abs,2729,8461.179999999998,100.0,332530.0,5.946432769830949,3.4908688311688314,2.4555639386621175
PEI5mgmL_50°C_Abs.TXT,PEI5mgmL,50°C,Abs,2730,8463.58,100.0,332530.0,5.946417165149545,3.4908532467532467,2.4555639183962983
PEI5mgmL_50°C_Abs.TXT,PEI5mgmL,50°C,Abs,2731,8466.38,100.0,332530.0,5.946398959687906,3.490835064935065,2.4555638947528413
PEI5mgmL_50°C_Abs.TXT,PEI5mgmL,50°C,Abs,2732,8468.98,100.0,332530.0,5.946382054616385,3.490818181818182,2.455563872798203
PEI5mgmL_50°C_Abs.TXT,PEI5mgmL,50°C,Abs,2733,8471.779999999999,100.0,332530.0,5.946363849154746,3.4908,2.4555638491547462
PEI5mgmL_50°C_Abs.TXT,PEI5mgmL,50°C,Abs,2734,8474.279999999999,100.0,332530.0,5.946347594278284,3.490774226804124,2.4555733674741598
PEI5mgmL_50°C_Abs.TXT,PEI5mgmL,50°C,Abs,2735,8482.48,100.0,332530.0,5.946294278283485,3.49068969072165,2.4556045875618353
PEI5mgmL_50°C_Abs.TXT,PEI5mgmL,50°C,Abs,2736,8490.279999999999,100.0,332530.0,5.946243563068921,3.4906092783505156,2.4556342847184056
PEI5mgmL_50°C_Abs.TXT,PEI5mgmL,50°C,Abs,2737,8496.98,100.0,332530.0,5.9462,3.490540206185567,2.455659793814433
PEI5mgmL_50°C_Abs.TXT,PEI5mgmL,50°C,Abs,2738,8499.679999999998,100.0,332530.0,5.946179042690815,3.4905123711340207,2.4556666715567945
PEI5mgmL_50°C_Abs.TXT,PEI5mgmL,50°C,Abs,2739,8502.179999999998,100.0,332530.0,5.946159637774903,3.4904865979381445,2.4556730398367583
PEI5mgmL_50°C_Abs.TXT,PEI5mgmL,50°C,Abs,2740,8504.779999999999,100.0,332530.0,5.946139456662355,3.4904597938144333,2.4556796628479214
PEI5mgmL_50°C_Abs.TXT,PEI5mgmL,50°C,Abs,2741,8507.279999999999,100.0,332530.0,5.946120051746442,3.4904340206185567,2.4556860311278856
PEI5mgmL_50°C_Abs.TXT,PEI5mgmL,50°C,Abs,2742,8509.98,100.0,332530.0,5.946099094437257,3.4904061855670103,2.455692908870247
PEI5mgmL_50°C_Abs.TXT,PEI5mgmL,50°C,Abs,2743,8512.48,100.0,332530.0,5.946079689521346,3.490380412371134,2.4556992771502117
PEI5mgmL_50°C_Abs.TXT,PEI5mgmL,50°C,Abs,2744,8514.98,100.0,332530.0,5.946060284605434,3.490354639175258,2.4557056454301756
PEI5mgmL_50°C_Abs.TXT,PEI5mgmL,50°C,Abs,2745,8517.779999999999,100.0,332530.0,5.946038551099612,3.4903257731958766,2.4557127779037353
PEI5mgmL_50°C_Abs.TXT,PEI5mgmL,50°C,Abs,2746,8520.279999999999,100.0,332530.0,5.9460191461836995,3.4903000000000004,2.455719146183699
PEI5mgmL_50°C_Abs.TXT,PEI5mgmL,50°C,Abs,2747,8522.98,100.0,332530.0,5.945998188874515,3.4902721649484536,2.455726023926061
PEI5mgmL_50°C_Abs.TXT,PEI5mgmL,50°C,Abs,2748,8525.58,100.0,332530.0,5.945978007761966,3.4902453608247423,2.455732646937224
PEI5mgmL_50°C_Abs.TXT,PEI5mgmL,50°C,Abs,2749,8528.38,100.0,332530.0,5.945956274256145,3.490216494845361,2.455739779410784
PEI5mgmL_50°C_Abs.TXT,PEI5mgmL,50°C,Abs,2750,8530.88,100.0,332530.0,5.945936869340233,3.4901907216494847,2.4557461476907485
PEI5mgmL_50°C_Abs.TXT,PEI5mgmL,50°C,Abs,2751,8533.679999999998,100.0,332530.0,5.945915135834412,3.4901618556701033,2.4557532801643083
PEI5mgmL_50°C_Abs.TXT,PEI5mgmL,50°C,Abs,2752,8536.179999999998,100.0,332530.0,5.945895730918499,3.490136082474227,2.455759648444272
PEI5mgmL_50°C_Abs.TXT,PEI5mgmL,50°C,Abs,2753,8538.58,100.0,332530.0,5.945877102199224,3.4901113402061856,2.455765761993038
PEI5mgmL_50°C_Abs.TXT,PEI5mgmL,50°C,Abs,2754,8541.279999999999,100.0,332530.0,5.945856144890039,3.4900835051546393,2.4557726397353994
PEI5mgmL_50°C_Abs.TXT,PEI5mgmL,50°C,Abs,2755,8544.08,100.0,332530.0,5.945834411384217,3.490054639175258,2.455779772208959
PEI5mgmL_50°C_Abs.TXT,PEI5mgmL,50°C,Abs,2756,8546.679999999998,100.0,332530.0,5.945814230271669,3.4900278350515466,2.455786395220122
PEI5mgmL_50°C_Abs.TXT,PEI5mgmL,50°C,Abs,2757,8549.38,100.0,332530.0,5.945793272962484,3.49,2.4557932729624836
PEI5mgmL_50°C_Abs.TXT,PEI5mgmL,50°C,Abs,2758,8551.98,100.0,332530.0,5.945773091849936,3.4899728813559325,2.455800210494003
PEI5mgmL_50°C_Abs.TXT,PEI5mgmL,50°C,Abs,2759,8560.08,100.0,332530.0,5.94571021992238,3.4898883963494134,2.4558218235729665
PEI5mgmL_50°C_Abs.TXT,PEI5mgmL,50°C,Abs,2760,8567.779999999999,100.0,332530.0,5.945650452781371,3.489808083441982,2.4558423693393894
PEI5mgmL_50°C_Abs.TXT,PEI5mgmL,50°C,Abs,2761,8574.279999999999,100.0,332530.0,5.9456,3.4897402868318124,2.4558597131681874
PEI5mgmL_50°C_Abs.TXT,PEI5mgmL,50°C,Abs,2762,8576.679999999998,100.0,332530.0,5.9455937418513685,3.489715254237288,2.4558784876140805
PEI5mgmL_50°C_Abs.TXT,PEI5mgmL,50°C,Abs,2763,8579.48,100.0,332530.0,5.945586440677966,3.4896860495436766,2.455900391134289
PEI5mgmL_50°C_Abs.TXT,PEI5mgmL,50°C,Abs,2764,8581.98,100.0,332530.0,5.945579921773142,3.4896599739243808,2.455919947848761
PEI5mgmL_50°C_Abs.TXT,PEI5mgmL,50°C,Abs,2765,8584.779999999999,100.0,332530.0,5.945572620599739,3.4896307692307693,2.4559418513689697
PEI5mgmL_50°C_Abs.TXT,PEI5mgmL,50°C,Abs,2766,8587.38,100.0,332530.0,5.945565840938722,3.4896036505867016,2.455962190352021
PEI5mgmL_50°C_Abs.TXT,PEI5mgmL,50°C,Abs,2767,8590.08,100.0,332530.0,5.945558800521512,3.4895754889178616,2.4559833116036507
PEI5mgmL_50°C_Abs.TXT,PEI5mgmL,50°C,Abs,2768,8592.679999999998,100.0,332530.0,5.945552020860496,3.489548370273794,2.456003650586702
PEI5mgmL_50°C_Abs.TXT,PEI5mgmL,50°C,Abs,2769,8595.38,100.0,332530.0,5.945544980443286,3.4895202086049544,2.4560247718383312
PEI5mgmL_50°C_Abs.TXT,PEI5mgmL,50°C,Abs,2770,8597.779999999999,100.0,332530.0,5.945538722294654,3.4894951760104305,2.456043546284224
PEI5mgmL_50°C_Abs.TXT,PEI5mgmL,50°C,Abs,2771,8600.279999999999,100.0,332530.0,5.94553220338983,3.4894691003911342,2.456063102998696
PEI5mgmL_50°C_Abs.TXT,PEI5mgmL,50°C,Abs,2772,8602.779999999999,100.0,332530.0,5.945525684485006,3.4894430247718384,2.456082659713168
PEI5mgmL_50°C_Abs.TXT,PEI5mgmL,50°C,Abs,2773,8605.279999999999,100.0,332530.0,5.9455191655801825,3.489416949152542,2.4561022164276403
PEI5mgmL_50°C_Abs.TXT,PEI5mgmL,50°C,Abs,2774,8608.08,100.0,332530.0,5.94551186440678,3.4893877444589307,2.456124119947849
PEI5mgmL_50°C_Abs.TXT,PEI5mgmL,50°C,Abs,2775,8610.48,100.0,332530.0,5.945505606258148,3.489362711864407,2.4561428943937416
PEI5mgmL_50°C_Abs.TXT,PEI5mgmL,50°C,Abs,2776,8612.98,100.0,332530.0,5.945499087353324,3.4893366362451106,2.456162451108214
PEI5mgmL_50°C_Abs.TXT,PEI5mgmL,50°C,Abs,2777,8615.58,100.0,332530.0,5.945492307692308,3.489309517601043,2.456182790091265
PEI5mgmL_50°C_Abs.TXT,PEI5mgmL,50°C,Abs,2778,8617.98,100.0,332530.0,5.9454860495436765,3.489284485006519,2.4562015645371575
PEI5mgmL_50°C_Abs.TXT,PEI5mgmL,50°C,Abs,2779,8620.88,100.0,332530.0,5.945478487614081,3.4892542372881357,2.4562242503259455
PEI5mgmL_50°C_Abs.TXT,PEI5mgmL,50°C,Abs,2780,8623.48,100.0,332530.0,5.945471707953064,3.4892271186440675,2.456244589308996
PEI5mgmL_50°C_Abs.TXT,PEI5mgmL,50°C,Abs,2781,8626.08,100.0,332530.0,5.945464928292047,3.4892,2.4562649282920472
PEI5mgmL_50°C_Abs.TXT,PEI5mgmL,50°C,Abs,2782,8628.679999999998,100.0,332530.0,5.9454581486310305,3.489186440677966,2.4562717079530647
PEI5mgmL_50°C_Abs.TXT,PEI5mgmL,50°C,Abs,2783,8636.279999999999,100.0,332530.0,5.945438331160365,3.489146805736636,2.456291525423729
PEI5mgmL_50°C_Abs.TXT,PEI5mgmL,50°C,Abs,2784,8644.279999999999,100.0,332530.0,5.945417470664928,3.4891050847457628,2.4563123859191656
PEI5mgmL_50°C_Abs.TXT,PEI5mgmL,50°C,Abs,2785,8650.98,100.0,332530.0,5.9454,3.489070143415906,2.456329856584094
PEI5mgmL_50°C_Abs.TXT,PEI5mgmL,50°C,Abs,2786,8653.88,100.0,332530.0,5.94538109517601,3.4890550195567145,2.456326075619296
PEI5mgmL_50°C_Abs.TXT,PEI5mgmL,50°C,Abs,2787,8656.38,100.0,332530.0,5.945364797913951,3.4890419817470666,2.456322816166884
PEI5mgmL_50°C_Abs.TXT,PEI5mgmL,50°C,Abs,2788,8659.08,100.0,332530.0,5.945347196870926,3.4890279009126464,2.4563192959582794
PEI5mgmL_50°C_Abs.TXT,PEI5mgmL,50°C,Abs,2789,8661.58,100.0,332530.0,5.945330899608866,3.4890148631029985,2.4563160365058674
PEI5mgmL_50°C_Abs.TXT,PEI5mgmL,50°C,Abs,2790,8664.179999999998,100.0,332530.0,5.945313950456323,3.489001303780965,2.456312646675358
PEI5mgmL_50°C_Abs.TXT,PEI5mgmL,50°C,Abs,2791,8666.779999999999,100.0,332530.0,5.945297001303781,3.488987744458931,2.4563092568448504
PEI5mgmL_50°C_Abs.TXT,PEI5mgmL,50°C,Abs,2792,8669.279999999999,100.0,332530.0,5.945280704041721,3.488974706649283,2.4563059973924384
PEI5mgmL_50°C_Abs.TXT,PEI5mgmL,50°C,Abs,2793,8671.98,100.0,332530.0,5.945263102998696,3.488960625814863,2.4563024771838333
PEI5mgmL_50°C_Abs.TXT,PEI5mgmL,50°C,Abs,2794,8674.48,100.0,332530.0,5.9452468057366366,3.488947588005215,2.4562992177314213
PEI5mgmL_50°C_Abs.TXT,PEI5mgmL,50°C,Abs,2795,8676.88,100.0,332530.0,5.945231160365059,3.488935071707953,2.4562960886571057
PEI5mgmL_50°C_Abs.TXT,PEI5mgmL,50°C,Abs,2796,8679.58,100.0,332530.0,5.945213559322034,3.4889209908735332,2.4562925684485006
PEI5mgmL_50°C_Abs.TXT,PEI5mgmL,50°C,Abs,2797,8682.08,100.0,332530.0,5.945197262059974,3.4889079530638853,2.4562893089960887
PEI5mgmL_50°C_Abs.TXT,PEI5mgmL,50°C,Abs,2798,8684.679999999998,100.0,332530.0,5.945180312907431,3.4888943937418513,2.45628591916558
PEI5mgmL_50°C_Abs.TXT,PEI5mgmL,50°C,Abs,2799,8687.179999999998,100.0,332530.0,5.945164015645371,3.4888813559322034,2.456282659713168
PEI5mgmL_50°C_Abs.TXT,PEI5mgmL,50°C,Abs,2800,8689.58,100.0,332530.0,5.9451483702737935,3.488868839634941,2.4562795306388523
PEI5mgmL_50°C_Abs.TXT,PEI5mgmL,50°C,Abs,2801,8692.279999999999,100.0,332530.0,5.9451307692307696,3.4888547588005214,2.456276010430248
PEI5mgmL_50°C_Abs.TXT,PEI5mgmL,50°C,Abs,2802,8694.679999999998,100.0,332530.0,5.945115123859192,3.4888422425032592,2.4562728813559325
PEI5mgmL_50°C_Abs.TXT,PEI5mgmL,50°C,Abs,2803,8697.58,100.0,332530.0,5.945096219035202,3.4888271186440676,2.4562691003911343
PEI5mgmL_50°C_Abs.TXT,PEI5mgmL,50°C,Abs,2804,8700.179999999998,100.0,332530.0,5.94507926988266,3.488813559322034,2.456265710560626
PEI5mgmL_50°C_Abs.TXT,PEI5mgmL,50°C,Abs,2805,8702.779999999999,100.0,332530.0,5.945062320730117,3.4888,2.4562623207301173
PEI5mgmL_50°C_Abs.TXT,PEI5mgmL,50°C,Abs,2806,8705.38,100.0,332530.0,5.945045371577574,3.4887830729166667,2.4562622986609077
PEI5mgmL_50°C_Abs.TXT,PEI5mgmL,50°C,Abs,2807,8712.98,100.0,332530.0,5.944995827900913,3.48873359375,2.4562622341509126
PEI5mgmL_50°C_Abs.TXT,PEI5mgmL,50°C,Abs,2808,8720.98,100.0,332530.0,5.94494367666232,3.4886815104166664,2.456262166245654
PEI5mgmL_50°C_Abs.TXT,PEI5mgmL,50°C,Abs,2809,8727.679999999998,100.0,332530.0,5.9449,3.488637890625,2.4562621093749994
PEI5mgmL_50°C_Abs.TXT,PEI5mgmL,50°C,Abs,2810,8730.08,100.0,332530.0,5.944887596899225,3.488622265625,2.4562653312742246
PEI5mgmL_50°C_Abs.TXT,PEI5mgmL,50°C,Abs,2811,8732.779999999999,100.0,332530.0,5.944873643410852,3.4886046875,2.456268955910852
PEI5mgmL_50°C_Abs.TXT,PEI5mgmL,50°C,Abs,2812,8735.179999999998,100.0,332530.0,5.944861240310077,3.4885890625,2.456272177810077
PEI5mgmL_50°C_Abs.TXT,PEI5mgmL,50°C,Abs,2813,8737.98,100.0,332530.0,5.94484677002584,3.488570833333333,2.4562759366925064
PEI5mgmL_50°C_Abs.TXT,PEI5mgmL,50°C,Abs,2814,8740.58,100.0,332530.0,5.9448333333333325,3.48855390625,2.4562794270833326
PEI5mgmL_50°C_Abs.TXT,PEI5mgmL,50°C,Abs,2815,8743.279999999999,100.0,332530.0,5.944819379844961,3.488536328125,2.4562830517199608
PEI5mgmL_50°C_Abs.TXT,PEI5mgmL,50°C,Abs,2816,8745.779999999999,100.0,332530.0,5.94480645994832,3.4885200520833335,2.4562864078649866
PEI5mgmL_50°C_Abs.TXT,PEI5mgmL,50°C,Abs,2817,8748.58,100.0,332530.0,5.944791989664083,3.4885018229166667,2.456290166747416
PEI5mgmL_50°C_Abs.TXT,PEI5mgmL,50°C,Abs,2818,8751.08,100.0,332530.0,5.944779069767441,3.4884855468750002,2.456293522892441
PEI5mgmL_50°C_Abs.TXT,PEI5mgmL,50°C,Abs,2819,8753.48,100.0,332530.0,5.944766666666666,3.488469921875,2.456296744791666
PEI5mgmL_50°C_Abs.TXT,PEI5mgmL,50°C,Abs,2820,8756.179999999998,100.0,332530.0,5.9447527131782945,3.48845234375,2.4563003694282943
PEI5mgmL_50°C_Abs.TXT,PEI5mgmL,50°C,Abs,2821,8758.58,100.0,332530.0,5.944740310077519,3.48843671875,2.4563035913275186
PEI5mgmL_50°C_Abs.TXT,PEI5mgmL,50°C,Abs,2822,8761.279999999999,100.0,332530.0,5.944726356589147,3.488419140625,2.456307215964147
PEI5mgmL_50°C_Abs.TXT,PEI5mgmL,50°C,Abs,2823,8763.779999999999,100.0,332530.0,5.944713436692506,3.4884028645833336,2.4563105721091727
PEI5mgmL_50°C_Abs.TXT,PEI5mgmL,50°C,Abs,2824,8766.38,100.0,332530.0,5.944699999999999,3.4883859375,2.4563140624999993
PEI5mgmL_50°C_Abs.TXT,PEI5mgmL,50°C,Abs,2825,8768.98,100.0,332530.0,5.944686563307493,3.4883690104166667,2.4563175528908263
PEI5mgmL_50°C_Abs.TXT,PEI5mgmL,50°C,Abs,2826,8771.48,100.0,332530.0,5.9446736434108525,3.4883527343750003,2.456320909035852
PEI5mgmL_50°C_Abs.TXT,PEI5mgmL,50°C,Abs,2827,8774.279999999999,100.0,332530.0,5.944659173126615,3.4883345052083334,2.4563246679182815
PEI5mgmL_50°C_Abs.TXT,PEI5mgmL,50°C,Abs,2828,8776.88,100.0,332530.0,5.944645736434108,3.488317578125,2.4563281583091077
PEI5mgmL_50°C_Abs.TXT,PEI5mgmL,50°C,Abs,2829,8779.58,100.0,332530.0,5.944631782945736,3.4883,2.456331782945736
PEI5mgmL_50°C_Abs.TXT,PEI5mgmL,50°C,Abs,2830,8782.179999999998,100.0,332530.0,5.94461834625323,3.4882762402088776,2.456342106044352
PEI5mgmL_50°C_Abs.TXT,PEI5mgmL,50°C,Abs,2831,8790.279999999999,100.0,332530.0,5.944576485788113,3.488202219321149,2.4563742664669643
PEI5mgmL_50°C_Abs.TXT,PEI5mgmL,50°C,Abs,2832,8798.179999999998,100.0,332530.0,5.944535658914728,3.4881300261096606,2.4564056328050676
PEI5mgmL_50°C_Abs.TXT,PEI5mgmL,50°C,Abs,2833,8805.08,100.0,332530.0,5.9445,3.4880669712793737,2.456433028720626
PEI5mgmL_50°C_Abs.TXT,PEI5mgmL,50°C,Abs,2834,8807.58,100.0,332530.0,5.944486807387863,3.488044125326371,2.4564426820614917
PEI5mgmL_50°C_Abs.TXT,PEI5mgmL,50°C,Abs,2835,8809.98,100.0,332530.0,5.94447414248021,3.4880221932114885,2.456451949268722
PEI5mgmL_50°C_Abs.TXT,PEI5mgmL,50°C,Abs,2836,8812.779999999999,100.0,332530.0,5.944459366754617,3.4879966057441254,2.4564627610104917
PEI5mgmL_50°C_Abs.TXT,PEI5mgmL,50°C,Abs,2837,8815.179999999998,100.0,332530.0,5.9444467018469656,3.487974673629243,2.4564720282177226
PEI5mgmL_50°C_Abs.TXT,PEI5mgmL,50°C,Abs,2838,8817.88,100.0,332530.0,5.944432453825857,3.48795,2.4564824538258567
PEI5mgmL_50°C_Abs.TXT,PEI5mgmL,50°C,Abs,2839,8820.279999999999,100.0,332530.0,5.944419788918205,3.4879280678851177,2.4564917210330877
PEI5mgmL_50°C_Abs.TXT,PEI5mgmL,50°C,Abs,2840,8822.88,100.0,332530.0,5.944406068601583,3.4879043080939947,2.4565017605075883
PEI5mgmL_50°C_Abs.TXT,PEI5mgmL,50°C,Abs,2841,8825.48,100.0,332530.0,5.9443923482849605,3.487880548302872,2.4565117999820885
PEI5mgmL_50°C_Abs.TXT,PEI5mgmL,50°C,Abs,2842,8827.98,100.0,332530.0,5.944379155672823,3.4878577023498694,2.4565214533229534
PEI5mgmL_50°C_Abs.TXT,PEI5mgmL,50°C,Abs,2843,8830.38,100.0,332530.0,5.944366490765171,3.487835770234987,2.4565307205301843
PEI5mgmL_50°C_Abs.TXT,PEI5mgmL,50°C,Abs,2844,8832.98,100.0,332530.0,5.944352770448549,3.4878120104438644,2.4565407600046845
PEI5mgmL_50°C_Abs.TXT,PEI5mgmL,50°C,Abs,2845,8835.38,100.0,332530.0,5.944340105540896,3.487790078328982,2.4565500272119145
PEI5mgmL_50°C_Abs.TXT,PEI5mgmL,50°C,Abs,2846,8837.98,100.0,332530.0,5.944326385224274,3.487766318537859,2.456560066686415
PEI5mgmL_50°C_Abs.TXT,PEI5mgmL,50°C,Abs,2847,8840.48,100.0,332530.0,5.944313192612137,3.4877434725848566,2.4565697200272805
PEI5mgmL_50°C_Abs.TXT,PEI5mgmL,50°C,Abs,2848,8842.88,100.0,332530.0,5.944300527704486,3.4877215404699737,2.456578987234512
PEI5mgmL_50°C_Abs.TXT,PEI5mgmL,50°C,Abs,2849,8845.48,100.0,332530.0,5.944286807387862,3.487697780678851,2.456589026709011
PEI5mgmL_50°C_Abs.TXT,PEI5mgmL,50°C,Abs,2850,8847.98,100.0,332530.0,5.944273614775725,3.4876749347258484,2.456598680049877
PEI5mgmL_50°C_Abs.TXT,PEI5mgmL,50°C,Abs,2851,8850.779999999999,100.0,332530.0,5.944258839050131,3.4876493472584857,2.4566094917916454
PEI5mgmL_50°C_Abs.TXT,PEI5mgmL,50°C,Abs,2852,8853.38,100.0,332530.0,5.944245118733509,3.487625587467363,2.4566195312661456
PEI5mgmL_50°C_Abs.TXT,PEI5mgmL,50°C,Abs,2853,8856.179999999998,100.0,332530.0,5.9442303430079155,3.4876,2.4566303430079155
PEI5mgmL_50°C_Abs.TXT,PEI5mgmL,50°C,Abs,2854,8858.779999999999,100.0,332530.0,5.944216622691292,3.4875795811518326,2.4566370415394596
PEI5mgmL_50°C_Abs.TXT,PEI5mgmL,50°C,Abs,2855,8866.779999999999,100.0,332530.0,5.944174406332453,3.487516753926702,2.4566576524057515
PEI5mgmL_50°C_Abs.TXT,PEI5mgmL,50°C,Abs,2856,8874.38,100.0,332530.0,5.944134300791556,3.4874570680628274,2.4566772327287287
PEI5mgmL_50°C_Abs.TXT,PEI5mgmL,50°C,Abs,2857,8880.88,100.0,332530.0,5.9441,3.4874060209424083,2.4566939790575915
PEI5mgmL_50°C_Abs.TXT,PEI5mgmL,50°C,Abs,2858,8883.58,100.0,332530.0,5.94408953488372,3.4873848167539268,2.4567047181297936
PEI5mgmL_50°C_Abs.TXT,PEI5mgmL,50°C,Abs,2859,8886.08,100.0,332530.0,5.94407984496124,3.4873651832460735,2.4567146617151665
PEI5mgmL_50°C_Abs.TXT,PEI5mgmL,50°C,Abs,2860,8888.48,100.0,332530.0,5.944070542635659,3.4873463350785343,2.4567242075571247
PEI5mgmL_50°C_Abs.TXT,PEI5mgmL,50°C,Abs,2861,8891.279999999999,100.0,332530.0,5.94405968992248,3.4873243455497382,2.456735344372742
PEI5mgmL_50°C_Abs.TXT,PEI5mgmL,50°C,Abs,2862,8893.98,100.0,332530.0,5.944049224806202,3.4873031413612567,2.456746083444945
PEI5mgmL_50°C_Abs.TXT,PEI5mgmL,50°C,Abs,2863,8896.58,100.0,332530.0,5.944039147286822,3.487282722513089,2.456756424773733
PEI5mgmL_50°C_Abs.TXT,PEI5mgmL,50°C,Abs,2864,8899.179999999998,100.0,332530.0,5.944029069767442,3.4872623036649215,2.4567667661025205
PEI5mgmL_50°C_Abs.TXT,PEI5mgmL,50°C,Abs,2865,8901.779999999999,100.0,332530.0,5.944018992248062,3.487241884816754,2.456777107431308
PEI5mgmL_50°C_Abs.TXT,PEI5mgmL,50°C,Abs,2866,8904.179999999998,100.0,332530.0,5.94400968992248,3.487223036649215,2.4567866532732654
PEI5mgmL_50°C_Abs.TXT,PEI5mgmL,50°C,Abs,2867,8906.58,100.0,332530.0,5.944000387596899,3.4872041884816753,2.456796199115224
PEI5mgmL_50°C_Abs.TXT,PEI5mgmL,50°C,Abs,2868,8909.279999999999,100.0,332530.0,5.94398992248062,3.487182984293194,2.4568069381874262
PEI5mgmL_50°C_Abs.TXT,PEI5mgmL,50°C,Abs,2869,8911.88,100.0,332530.0,5.94397984496124,3.4871625654450265,2.4568172795162138
PEI5mgmL_50°C_Abs.TXT,PEI5mgmL,50°C,Abs,2870,8914.38,100.0,332530.0,5.94397015503876,3.4871429319371727,2.456827223101587
PEI5mgmL_50°C_Abs.TXT,PEI5mgmL,50°C,Abs,2871,8916.779999999999,100.0,332530.0,5.943960852713178,3.4871240837696336,2.4568367689435444
PEI5mgmL_50°C_Abs.TXT,PEI5mgmL,50°C,Abs,2872,8919.279999999999,100.0,332530.0,5.943951162790698,3.4871044502617803,2.4568467125289173
PEI5mgmL_50°C_Abs.TXT,PEI5mgmL,50°C,Abs,2873,8921.98,100.0,332530.0,5.943940697674419,3.4870832460732983,2.456857451601121
PEI5mgmL_50°C_Abs.TXT,PEI5mgmL,50°C,Abs,2874,8924.48,100.0,332530.0,5.943931007751938,3.487063612565445,2.4568673951864928
PEI5mgmL_50°C_Abs.TXT,PEI5mgmL,50°C,Abs,2875,8927.179999999998,100.0,332530.0,5.943920542635659,3.4870424083769636,2.456878134258696
PEI5mgmL_50°C_Abs.TXT,PEI5mgmL,50°C,Abs,2876,8929.779999999999,100.0,332530.0,5.9439104651162795,3.4870219895287957,2.456888475587484
PEI5mgmL_50°C_Abs.TXT,PEI5mgmL,50°C,Abs,2877,8932.58,100.0,332530.0,5.943899612403101,3.487,2.4568996124031006
PEI5mgmL_50°C_Abs.TXT,PEI5mgmL,50°C,Abs,2878,8935.179999999998,100.0,332530.0,5.943889534883721,3.486993316195373,2.456896218688348
PEI5mgmL_50°C_Abs.TXT,PEI5mgmL,50°C,Abs,2879,8943.279999999999,100.0,332530.0,5.943858139534884,3.486972493573265,2.4568856459616186
PEI5mgmL_50°C_Abs.TXT,PEI5mgmL,50°C,Abs,2880,8951.179999999998,100.0,332530.0,5.9438275193798455,3.4869521850899745,2.456875334289871
PEI5mgmL_50°C_Abs.TXT,PEI5mgmL,50°C,Abs,2881,8958.279999999999,100.0,332530.0,5.9438,3.486933933161954,2.4568660668380464
