PEI 25 kg/mol, 2 mg/ml from Ethanol on B 10 x 15 mm + H 1x1 mm, 70 nm, 30 µm, 50°C Desorption, 12.5.2026, 15:30
Diameter[mm] 1.128e+00  Thickness[mm] 2.000e-04  Spacer Capacity[pF] 0.000e+00  Spacer Area[mm^2] 0.000e+00
Fixed value(s) : 
 Freq. [Hz]	 Time  [s]	 Eps'   	 Eps''  	M Temp [K]	M Time M[s]
 1.0000e+02	 0.0000e+00	 1.6144e+00	 1.8550e-02	 3.2321e+02	 1.1390e+01
 1.5000e+02	 0.0000e+00	 1.6100e+00	 2.1150e-02	 3.2321e+02	 1.4030e+01
 2.2500e+02	 0.0000e+00	 1.6041e+00	 2.2445e-02	 3.2321e+02	 1.9310e+01
 3.3750e+02	 0.0000e+00	 1.5979e+00	 2.4717e-02	 3.2322e+02	 2.1760e+01
 5.0625e+02	 0.0000e+00	 1.5909e+00	 2.6985e-02	 3.2322e+02	 2.4260e+01
 7.5938e+02	 0.0000e+00	 1.5832e+00	 2.8717e-02	 3.2322e+02	 2.6810e+01
 1.1391e+03	 0.0000e+00	 1.5750e+00	 3.0171e-02	 3.2322e+02	 3.1930e+01
 1.7086e+03	 0.0000e+00	 1.5669e+00	 3.1204e-02	 3.2322e+02	 3.4430e+01
 2.5629e+03	 0.0000e+00	 1.5584e+00	 3.2029e-02	 3.2322e+02	 3.9620e+01
 3.8443e+03	 0.0000e+00	 1.5500e+00	 3.2873e-02	 3.2322e+02	 4.2060e+01
 5.7665e+03	 0.0000e+00	 1.5471e+00	 3.2109e-02	 3.2322e+02	 4.4810e+01
 8.6498e+03	 0.0000e+00	 1.5382e+00	 3.3224e-02	 3.2321e+02	 4.7250e+01
 1.2975e+04	 0.0000e+00	 1.5285e+00	 3.4069e-02	 3.2321e+02	 4.9680e+01
 1.9462e+04	 0.0000e+00	 1.5187e+00	 3.3971e-02	 3.2321e+02	 5.2320e+01
 2.9193e+04	 0.0000e+00	 1.5086e+00	 3.2594e-02	 3.2321e+02	 5.4810e+01
 4.3789e+04	 0.0000e+00	 1.4995e+00	 2.9991e-02	 3.2320e+02	 5.7340e+01
 6.5684e+04	 0.0000e+00	 1.4917e+00	 2.6613e-02	 3.2320e+02	 6.0000e+01
 9.8526e+04	 0.0000e+00	 1.4853e+00	 2.3551e-02	 3.2320e+02	 6.2430e+01
 1.4779e+05	 0.0000e+00	 1.4800e+00	 2.0857e-02	 3.2320e+02	 6.5070e+01
 2.2168e+05	 0.0000e+00	 1.4756e+00	 1.8634e-02	 3.2320e+02	 6.7680e+01
 3.3253e+05	 0.0000e+00	 1.4717e+00	 1.7001e-02	 3.2320e+02	 7.0390e+01
 4.9879e+05	 0.0000e+00	 1.4671e+00	 1.6467e-02	 3.2319e+02	 7.2930e+01
 7.4818e+05	 0.0000e+00	 1.4634e+00	 1.5891e-02	 3.2320e+02	 7.5650e+01
 9.0000e+05	 0.0000e+00	 1.4624e+00	 1.5537e-02	 3.2319e+02	 7.8250e+01
 1.0000e+02	 7.5500e+01	 1.6122e+00	 1.8006e-02	 3.2318e+02	 8.7780e+01
 1.5000e+02	 7.5500e+01	 1.6070e+00	 2.0280e-02	 3.2318e+02	 9.0200e+01
 2.2500e+02	 7.5500e+01	 1.6024e+00	 2.2450e-02	 3.2318e+02	 9.5390e+01
 3.3750e+02	 7.5500e+01	 1.5962e+00	 2.4784e-02	 3.2316e+02	 9.8200e+01
 5.0625e+02	 7.5500e+01	 1.5893e+00	 2.6904e-02	 3.2315e+02	 1.0076e+02
 7.5938e+02	 7.5500e+01	 1.5816e+00	 2.8753e-02	 3.2316e+02	 1.0356e+02
 1.1391e+03	 7.5500e+01	 1.5736e+00	 3.0167e-02	 3.2314e+02	 1.0868e+02
 1.7086e+03	 7.5500e+01	 1.5656e+00	 3.1188e-02	 3.2314e+02	 1.1118e+02
 2.5629e+03	 7.5500e+01	 1.5571e+00	 3.1977e-02	 3.2314e+02	 1.1631e+02
 3.8443e+03	 7.5500e+01	 1.5489e+00	 3.2822e-02	 3.2315e+02	 1.1875e+02
 5.7665e+03	 7.5500e+01	 1.5461e+00	 3.2048e-02	 3.2315e+02	 1.2118e+02
 8.6498e+03	 7.5500e+01	 1.5373e+00	 3.3211e-02	 3.2315e+02	 1.2375e+02
 1.2975e+04	 7.5500e+01	 1.5277e+00	 3.4018e-02	 3.2314e+02	 1.2625e+02
 1.9462e+04	 7.5500e+01	 1.5179e+00	 3.3901e-02	 3.2314e+02	 1.2887e+02
 2.9193e+04	 7.5500e+01	 1.5079e+00	 3.2515e-02	 3.2313e+02	 1.3131e+02
 4.3789e+04	 7.5500e+01	 1.4989e+00	 2.9838e-02	 3.2313e+02	 1.3375e+02
 6.5684e+04	 7.5500e+01	 1.4913e+00	 2.6542e-02	 3.2313e+02	 1.3656e+02
 9.8526e+04	 7.5500e+01	 1.4849e+00	 2.3453e-02	 3.2313e+02	 1.3900e+02
 1.4779e+05	 7.5500e+01	 1.4796e+00	 2.0776e-02	 3.2313e+02	 1.4162e+02
 2.2168e+05	 7.5500e+01	 1.4754e+00	 1.8565e-02	 3.2313e+02	 1.4418e+02
 3.3253e+05	 7.5500e+01	 1.4716e+00	 1.6910e-02	 3.2313e+02	 1.4668e+02
 4.9879e+05	 7.5500e+01	 1.4671e+00	 1.6325e-02	 3.2313e+02	 1.4918e+02
 7.4818e+05	 7.5500e+01	 1.4634e+00	 1.5889e-02	 3.2312e+02	 1.5168e+02
 9.0000e+05	 7.5500e+01	 1.4624e+00	 1.5480e-02	 3.2311e+02	 1.5450e+02
 1.0000e+02	 1.5170e+02	 1.6123e+00	 1.8303e-02	 3.2309e+02	 1.6357e+02
 1.5000e+02	 1.5170e+02	 1.6078e+00	 2.1048e-02	 3.2309e+02	 1.6603e+02
 2.2500e+02	 1.5170e+02	 1.6026e+00	 2.2609e-02	 3.2308e+02	 1.7132e+02
 3.3750e+02	 1.5170e+02	 1.5964e+00	 2.4850e-02	 3.2307e+02	 1.7387e+02
 5.0625e+02	 1.5170e+02	 1.5896e+00	 2.6953e-02	 3.2307e+02	 1.7661e+02
 7.5938e+02	 1.5170e+02	 1.5819e+00	 2.8775e-02	 3.2307e+02	 1.7906e+02
 1.1391e+03	 1.5170e+02	 1.5742e+00	 3.0193e-02	 3.2308e+02	 1.8406e+02
 1.7086e+03	 1.5170e+02	 1.5663e+00	 3.1181e-02	 3.2308e+02	 1.8650e+02
 2.5629e+03	 1.5170e+02	 1.5580e+00	 3.1897e-02	 3.2310e+02	 1.9175e+02
 3.8443e+03	 1.5170e+02	 1.5498e+00	 3.2825e-02	 3.2311e+02	 1.9418e+02
 5.7665e+03	 1.5170e+02	 1.5470e+00	 3.2072e-02	 3.2312e+02	 1.9700e+02
 8.6498e+03	 1.5170e+02	 1.5383e+00	 3.3161e-02	 3.2313e+02	 1.9943e+02
 1.2975e+04	 1.5170e+02	 1.5288e+00	 3.3970e-02	 3.2313e+02	 2.0217e+02
 1.9462e+04	 1.5170e+02	 1.5190e+00	 3.3869e-02	 3.2314e+02	 2.0475e+02
 2.9193e+04	 1.5170e+02	 1.5091e+00	 3.2478e-02	 3.2314e+02	 2.0718e+02
 4.3789e+04	 1.5170e+02	 1.5001e+00	 2.9843e-02	 3.2315e+02	 2.0968e+02
 6.5684e+04	 1.5170e+02	 1.4925e+00	 2.6545e-02	 3.2316e+02	 2.1218e+02
 9.8526e+04	 1.5170e+02	 1.4861e+00	 2.3445e-02	 3.2316e+02	 2.1500e+02
 1.4779e+05	 1.5170e+02	 1.4808e+00	 2.0745e-02	 3.2316e+02	 2.1750e+02
 2.2168e+05	 1.5170e+02	 1.4765e+00	 1.8541e-02	 3.2316e+02	 2.2012e+02
 3.3253e+05	 1.5170e+02	 1.4726e+00	 1.6905e-02	 3.2317e+02	 2.2256e+02
 4.9879e+05	 1.5170e+02	 1.4681e+00	 1.6392e-02	 3.2316e+02	 2.2500e+02
 7.4818e+05	 1.5170e+02	 1.4643e+00	 1.5859e-02	 3.2315e+02	 2.2762e+02
 9.0000e+05	 1.5170e+02	 1.4631e+00	 1.5532e-02	 3.2315e+02	 2.3018e+02
 1.0000e+02	 2.2740e+02	 1.6135e+00	 1.8569e-02	 3.2314e+02	 2.3962e+02
 1.5000e+02	 2.2740e+02	 1.6087e+00	 2.0228e-02	 3.2313e+02	 2.4195e+02
 2.2500e+02	 2.2740e+02	 1.6030e+00	 2.2632e-02	 3.2314e+02	 2.4706e+02
 3.3750e+02	 2.2740e+02	 1.5968e+00	 2.4764e-02	 3.2315e+02	 2.4950e+02
 5.0625e+02	 2.2740e+02	 1.5899e+00	 2.6998e-02	 3.2315e+02	 2.5226e+02
 7.5938e+02	 2.2740e+02	 1.5823e+00	 2.8749e-02	 3.2315e+02	 2.5475e+02
 1.1391e+03	 2.2740e+02	 1.5743e+00	 3.0155e-02	 3.2316e+02	 2.6006e+02
 1.7086e+03	 2.2740e+02	 1.5664e+00	 3.1195e-02	 3.2316e+02	 2.6281e+02
 2.5629e+03	 2.2740e+02	 1.5580e+00	 3.1944e-02	 3.2317e+02	 2.6784e+02
 3.8443e+03	 2.2740e+02	 1.5498e+00	 3.2808e-02	 3.2318e+02	 2.7050e+02
 5.7665e+03	 2.2740e+02	 1.5468e+00	 3.1869e-02	 3.2318e+02	 2.7293e+02
 8.6498e+03	 2.2740e+02	 1.5380e+00	 3.3040e-02	 3.2318e+02	 2.7556e+02
 1.2975e+04	 2.2740e+02	 1.5284e+00	 3.3860e-02	 3.2319e+02	 2.7800e+02
 1.9462e+04	 2.2740e+02	 1.5186e+00	 3.3820e-02	 3.2318e+02	 2.8081e+02
 2.9193e+04	 2.2740e+02	 1.5086e+00	 3.2449e-02	 3.2319e+02	 2.8331e+02
 4.3789e+04	 2.2740e+02	 1.4996e+00	 2.9812e-02	 3.2319e+02	 2.8575e+02
 6.5684e+04	 2.2740e+02	 1.4919e+00	 2.6530e-02	 3.2319e+02	 2.8825e+02
 9.8526e+04	 2.2740e+02	 1.4855e+00	 2.3420e-02	 3.2319e+02	 2.9075e+02
 1.4779e+05	 2.2740e+02	 1.4801e+00	 2.0747e-02	 3.2319e+02	 2.9343e+02
 2.2168e+05	 2.2740e+02	 1.4758e+00	 1.8538e-02	 3.2319e+02	 2.9606e+02
 3.3253e+05	 2.2740e+02	 1.4719e+00	 1.6875e-02	 3.2319e+02	 2.9889e+02
 4.9879e+05	 2.2740e+02	 1.4674e+00	 1.6373e-02	 3.2319e+02	 3.0143e+02
 7.4818e+05	 2.2740e+02	 1.4636e+00	 1.5832e-02	 3.2319e+02	 3.0403e+02
 9.0000e+05	 2.2740e+02	 1.4625e+00	 1.5509e-02	 3.2319e+02	 3.0662e+02
 1.0000e+02	 3.0390e+02	 1.6129e+00	 1.7916e-02	 3.2319e+02	 3.1601e+02
 1.5000e+02	 3.0390e+02	 1.6080e+00	 2.0182e-02	 3.2318e+02	 3.1839e+02
 2.2500e+02	 3.0390e+02	 1.6022e+00	 2.2589e-02	 3.2318e+02	 3.2356e+02
 3.3750e+02	 3.0390e+02	 1.5960e+00	 2.4847e-02	 3.2318e+02	 3.2600e+02
 5.0625e+02	 3.0390e+02	 1.5891e+00	 2.6913e-02	 3.2317e+02	 3.2856e+02
 7.5938e+02	 3.0390e+02	 1.5814e+00	 2.8769e-02	 3.2316e+02	 3.3106e+02
 1.1391e+03	 3.0390e+02	 1.5734e+00	 3.0140e-02	 3.2316e+02	 3.3618e+02
 1.7086e+03	 3.0390e+02	 1.5654e+00	 3.1203e-02	 3.2316e+02	 3.3868e+02
 2.5629e+03	 3.0390e+02	 1.5569e+00	 3.1982e-02	 3.2315e+02	 3.4381e+02
 3.8443e+03	 3.0390e+02	 1.5487e+00	 3.2822e-02	 3.2314e+02	 3.4661e+02
 5.7665e+03	 3.0390e+02	 1.5457e+00	 3.1960e-02	 3.2315e+02	 3.4912e+02
 8.6498e+03	 3.0390e+02	 1.5369e+00	 3.3101e-02	 3.2315e+02	 3.5190e+02
 1.2975e+04	 3.0390e+02	 1.5274e+00	 3.3913e-02	 3.2315e+02	 3.5443e+02
 1.9462e+04	 3.0390e+02	 1.5177e+00	 3.3772e-02	 3.2316e+02	 3.5707e+02
 2.9193e+04	 3.0390e+02	 1.5077e+00	 3.2381e-02	 3.2316e+02	 3.5975e+02
 4.3789e+04	 3.0390e+02	 1.4988e+00	 2.9766e-02	 3.2316e+02	 3.6218e+02
 6.5684e+04	 3.0390e+02	 1.4912e+00	 2.6484e-02	 3.2316e+02	 3.6487e+02
 9.8526e+04	 3.0390e+02	 1.4848e+00	 2.3361e-02	 3.2316e+02	 3.6731e+02
 1.4779e+05	 3.0390e+02	 1.4795e+00	 2.0685e-02	 3.2315e+02	 3.6984e+02
 2.2168e+05	 3.0390e+02	 1.4753e+00	 1.8515e-02	 3.2316e+02	 3.7256e+02
 3.3253e+05	 3.0390e+02	 1.4715e+00	 1.6716e-02	 3.2316e+02	 3.7500e+02
 4.9879e+05	 3.0390e+02	 1.4667e+00	 1.6514e-02	 3.2316e+02	 3.7762e+02
 7.4818e+05	 3.0390e+02	 1.4632e+00	 1.5829e-02	 3.2316e+02	 3.8006e+02
 9.0000e+05	 3.0390e+02	 1.4622e+00	 1.5487e-02	 3.2316e+02	 3.8286e+02
 1.0000e+02	 3.8010e+02	 1.6120e+00	 1.8468e-02	 3.2316e+02	 3.9203e+02
 1.5000e+02	 3.8010e+02	 1.6077e+00	 2.0870e-02	 3.2316e+02	 3.9459e+02
 2.2500e+02	 3.8010e+02	 1.6021e+00	 2.2658e-02	 3.2315e+02	 3.9987e+02
 3.3750e+02	 3.8010e+02	 1.5958e+00	 2.4844e-02	 3.2315e+02	 4.0232e+02
 5.0625e+02	 3.8010e+02	 1.5889e+00	 2.6968e-02	 3.2315e+02	 4.0482e+02
 7.5938e+02	 3.8010e+02	 1.5811e+00	 2.8740e-02	 3.2314e+02	 4.0750e+02
 1.1391e+03	 3.8010e+02	 1.5731e+00	 3.0173e-02	 3.2313e+02	 4.1281e+02
 1.7086e+03	 3.8010e+02	 1.5651e+00	 3.1145e-02	 3.2312e+02	 4.1526e+02
 2.5629e+03	 3.8010e+02	 1.5567e+00	 3.1927e-02	 3.2313e+02	 4.2031e+02
 3.8443e+03	 3.8010e+02	 1.5485e+00	 3.2783e-02	 3.2313e+02	 4.2281e+02
 5.7665e+03	 3.8010e+02	 1.5456e+00	 3.1596e-02	 3.2313e+02	 4.2556e+02
 8.6498e+03	 3.8010e+02	 1.5368e+00	 3.2851e-02	 3.2312e+02	 4.2800e+02
 1.2975e+04	 3.8010e+02	 1.5274e+00	 3.3705e-02	 3.2313e+02	 4.3043e+02
 1.9462e+04	 3.8010e+02	 1.5178e+00	 3.3651e-02	 3.2312e+02	 4.3307e+02
 2.9193e+04	 3.8010e+02	 1.5077e+00	 3.2320e-02	 3.2312e+02	 4.3556e+02
 4.3789e+04	 3.8010e+02	 1.4986e+00	 2.9716e-02	 3.2312e+02	 4.3804e+02
 6.5684e+04	 3.8010e+02	 1.4904e+00	 2.6598e-02	 3.2312e+02	 4.4050e+02
 9.8526e+04	 3.8010e+02	 1.4844e+00	 2.3863e-02	 3.2312e+02	 4.4293e+02
 1.4779e+05	 3.8010e+02	 1.4792e+00	 2.1319e-02	 3.2312e+02	 4.4562e+02
 2.2168e+05	 3.8010e+02	 1.4750e+00	 1.9119e-02	 3.2313e+02	 4.4818e+02
 3.3253e+05	 3.8010e+02	 1.4710e+00	 1.7455e-02	 3.2313e+02	 4.5095e+02
 4.9879e+05	 3.8010e+02	 1.4664e+00	 1.6790e-02	 3.2314e+02	 4.5343e+02
 7.4818e+05	 3.8010e+02	 1.4626e+00	 1.6257e-02	 3.2314e+02	 4.5617e+02
 9.0000e+05	 3.8010e+02	 1.4616e+00	 1.5877e-02	 3.2314e+02	 4.5875e+02
 1.0000e+02	 4.5600e+02	 1.6154e+00	 2.0389e-02	 3.2314e+02	 4.6820e+02
 1.5000e+02	 4.5600e+02	 1.6100e+00	 2.1905e-02	 3.2314e+02	 4.7059e+02
 2.2500e+02	 4.5600e+02	 1.6050e+00	 2.4721e-02	 3.2315e+02	 4.7582e+02
 3.3750e+02	 4.5600e+02	 1.5986e+00	 2.6894e-02	 3.2315e+02	 4.7862e+02
 5.0625e+02	 4.5600e+02	 1.5916e+00	 2.8867e-02	 3.2315e+02	 4.8106e+02
 7.5938e+02	 4.5600e+02	 1.5837e+00	 3.0565e-02	 3.2315e+02	 4.8350e+02
 1.1391e+03	 4.5600e+02	 1.5758e+00	 3.2036e-02	 3.2315e+02	 4.8862e+02
 1.7086e+03	 4.5600e+02	 1.5676e+00	 3.2937e-02	 3.2316e+02	 4.9137e+02
 2.5629e+03	 4.5600e+02	 1.5591e+00	 3.3668e-02	 3.2316e+02	 4.9661e+02
 3.8443e+03	 4.5600e+02	 1.5507e+00	 3.4395e-02	 3.2316e+02	 4.9906e+02
 5.7665e+03	 4.5600e+02	 1.5476e+00	 3.3195e-02	 3.2317e+02	 5.0156e+02
 8.6498e+03	 4.5600e+02	 1.5385e+00	 3.4369e-02	 3.2317e+02	 5.0406e+02
 1.2975e+04	 4.5600e+02	 1.5288e+00	 3.5086e-02	 3.2317e+02	 5.0656e+02
 1.9462e+04	 4.5600e+02	 1.5188e+00	 3.4971e-02	 3.2318e+02	 5.0915e+02
 2.9193e+04	 4.5600e+02	 1.5086e+00	 3.3566e-02	 3.2317e+02	 5.1168e+02
 4.3789e+04	 4.5600e+02	 1.4995e+00	 3.0942e-02	 3.2317e+02	 5.1440e+02
 6.5684e+04	 4.5600e+02	 1.4916e+00	 2.7582e-02	 3.2317e+02	 5.1687e+02
 9.8526e+04	 4.5600e+02	 1.4850e+00	 2.4477e-02	 3.2317e+02	 5.1931e+02
 1.4779e+05	 4.5600e+02	 1.4795e+00	 2.1788e-02	 3.2317e+02	 5.2192e+02
 2.2168e+05	 4.5600e+02	 1.4751e+00	 1.9613e-02	 3.2317e+02	 5.2450e+02
 3.3253e+05	 4.5600e+02	 1.4709e+00	 1.8004e-02	 3.2317e+02	 5.2693e+02
 4.9879e+05	 4.5600e+02	 1.4662e+00	 1.7417e-02	 3.2318e+02	 5.2956e+02
 7.4818e+05	 4.5600e+02	 1.4622e+00	 1.6882e-02	 3.2318e+02	 5.3200e+02
 9.0000e+05	 4.5600e+02	 1.4611e+00	 1.6589e-02	 3.2317e+02	 5.3462e+02
 1.0000e+02	 5.3190e+02	 1.6516e+00	 5.6642e-02	 3.2318e+02	 5.4390e+02
 1.5000e+02	 5.3190e+02	 1.6396e+00	 5.4252e-02	 3.2317e+02	 5.4634e+02
 2.2500e+02	 5.3190e+02	 1.6303e+00	 5.2657e-02	 3.2317e+02	 5.5159e+02
 3.3750e+02	 5.3190e+02	 1.6194e+00	 5.0559e-02	 3.2318e+02	 5.5412e+02
 5.0625e+02	 5.3190e+02	 1.6086e+00	 4.8496e-02	 3.2318e+02	 5.5656e+02
 7.5938e+02	 5.3190e+02	 1.5980e+00	 4.6846e-02	 3.2317e+02	 5.5906e+02
 1.1391e+03	 5.3190e+02	 1.5886e+00	 4.6028e-02	 3.2317e+02	 5.6400e+02
 1.7086e+03	 5.3190e+02	 1.5787e+00	 4.4441e-02	 3.2317e+02	 5.6656e+02
 2.5629e+03	 5.3190e+02	 1.5693e+00	 4.3740e-02	 3.2316e+02	 5.7157e+02
 3.8443e+03	 5.3190e+02	 1.5597e+00	 4.2842e-02	 3.2315e+02	 5.7425e+02
 5.7665e+03	 5.3190e+02	 1.5500e+00	 4.2411e-02	 3.2315e+02	 5.7668e+02
 8.6498e+03	 5.3190e+02	 1.5457e+00	 4.0475e-02	 3.2315e+02	 5.7931e+02
 1.2975e+04	 5.3190e+02	 1.5352e+00	 4.0301e-02	 3.2315e+02	 5.8175e+02
 1.9462e+04	 5.3190e+02	 1.5248e+00	 3.9441e-02	 3.2315e+02	 5.8461e+02
 2.9193e+04	 5.3190e+02	 1.5141e+00	 3.7490e-02	 3.2315e+02	 5.8706e+02
 4.3789e+04	 5.3190e+02	 1.5045e+00	 3.4354e-02	 3.2315e+02	 5.8950e+02
 6.5684e+04	 5.3190e+02	 1.4964e+00	 3.0654e-02	 3.2316e+02	 5.9212e+02
 9.8526e+04	 5.3190e+02	 1.4895e+00	 2.7270e-02	 3.2314e+02	 5.9456e+02
 1.4779e+05	 5.3190e+02	 1.4836e+00	 2.4359e-02	 3.2315e+02	 5.9706e+02
 2.2168e+05	 5.3190e+02	 1.4788e+00	 2.1988e-02	 3.2314e+02	 5.9981e+02
 3.3253e+05	 5.3190e+02	 1.4744e+00	 2.0185e-02	 3.2314e+02	 6.0225e+02
 4.9879e+05	 5.3190e+02	 1.4694e+00	 1.9559e-02	 3.2314e+02	 6.0487e+02
 7.4818e+05	 5.3190e+02	 1.4651e+00	 1.8933e-02	 3.2314e+02	 6.0737e+02
 9.0000e+05	 5.3190e+02	 1.4640e+00	 1.8555e-02	 3.2314e+02	 6.1011e+02
 1.0000e+02	 6.0730e+02	 1.7310e+00	 6.0287e-02	 3.2314e+02	 6.1926e+02
 1.5000e+02	 6.0730e+02	 1.7166e+00	 6.3104e-02	 3.2314e+02	 6.2184e+02
 2.2500e+02	 6.0730e+02	 1.7037e+00	 6.5974e-02	 3.2314e+02	 6.2714e+02
 3.3750e+02	 6.0730e+02	 1.6872e+00	 6.8045e-02	 3.2314e+02	 6.2962e+02
 5.0625e+02	 6.0730e+02	 1.6700e+00	 6.8912e-02	 3.2314e+02	 6.3237e+02
 7.5938e+02	 6.0730e+02	 1.6527e+00	 6.8639e-02	 3.2314e+02	 6.3487e+02
 1.1391e+03	 6.0730e+02	 1.6378e+00	 6.7593e-02	 3.2314e+02	 6.4000e+02
 1.7086e+03	 6.0730e+02	 1.6217e+00	 6.5377e-02	 3.2315e+02	 6.4250e+02
 2.5629e+03	 6.0730e+02	 1.6080e+00	 6.3319e-02	 3.2313e+02	 6.4775e+02
 3.8443e+03	 6.0730e+02	 1.5933e+00	 6.0934e-02	 3.2312e+02	 6.5042e+02
 5.7665e+03	 6.0730e+02	 1.5793e+00	 5.8925e-02	 3.2311e+02	 6.5287e+02
 8.6498e+03	 6.0730e+02	 1.5656e+00	 5.7089e-02	 3.2310e+02	 6.5531e+02
 1.2975e+04	 6.0730e+02	 1.5523e+00	 5.5485e-02	 3.2309e+02	 6.6062e+02
 1.9462e+04	 6.0730e+02	 1.5453e+00	 5.1048e-02	 3.2309e+02	 6.6337e+02
 2.9193e+04	 6.0730e+02	 1.5324e+00	 4.7338e-02	 3.2308e+02	 6.6581e+02
 4.3789e+04	 6.0730e+02	 1.5210e+00	 4.2717e-02	 3.2308e+02	 6.6825e+02
 6.5684e+04	 6.0730e+02	 1.5113e+00	 3.7731e-02	 3.2308e+02	 6.7081e+02
 9.8526e+04	 6.0730e+02	 1.5034e+00	 3.3328e-02	 3.2309e+02	 6.7337e+02
 1.4779e+05	 6.0730e+02	 1.4966e+00	 2.9575e-02	 3.2308e+02	 6.7611e+02
 2.2168e+05	 6.0730e+02	 1.4911e+00	 2.6542e-02	 3.2309e+02	 6.7875e+02
 3.3253e+05	 6.0730e+02	 1.4860e+00	 2.4118e-02	 3.2310e+02	 6.8139e+02
 4.9879e+05	 6.0730e+02	 1.4803e+00	 2.3145e-02	 3.2310e+02	 6.8381e+02
 7.4818e+05	 6.0730e+02	 1.4754e+00	 2.2154e-02	 3.2310e+02	 6.8631e+02
 9.0000e+05	 6.0730e+02	 1.4743e+00	 2.1713e-02	 3.2310e+02	 6.8900e+02
 1.0000e+02	 6.8620e+02	 1.7751e+00	 5.3066e-02	 3.2309e+02	 6.9807e+02
 1.5000e+02	 6.8620e+02	 1.7633e+00	 5.6920e-02	 3.2308e+02	 7.0051e+02
 2.2500e+02	 6.8620e+02	 1.7505e+00	 6.0115e-02	 3.2308e+02	 7.0581e+02
 3.3750e+02	 6.8620e+02	 1.7356e+00	 6.3783e-02	 3.2308e+02	 7.0831e+02
 5.0625e+02	 6.8620e+02	 1.7191e+00	 6.7267e-02	 3.2309e+02	 7.1075e+02
 7.5938e+02	 6.8620e+02	 1.7013e+00	 6.9933e-02	 3.2309e+02	 7.1339e+02
 1.1391e+03	 6.8620e+02	 1.6841e+00	 7.1325e-02	 3.2311e+02	 7.1862e+02
 1.7086e+03	 6.8620e+02	 1.6658e+00	 7.1593e-02	 3.2312e+02	 7.2106e+02
 2.5629e+03	 6.8620e+02	 1.6485e+00	 7.0821e-02	 3.2312e+02	 7.2631e+02
 3.8443e+03	 6.8620e+02	 1.6309e+00	 6.9663e-02	 3.2312e+02	 7.2887e+02
 5.7665e+03	 6.8620e+02	 1.6138e+00	 6.8331e-02	 3.2312e+02	 7.3156e+02
 8.6498e+03	 6.8620e+02	 1.5970e+00	 6.6914e-02	 3.2311e+02	 7.3406e+02
 1.2975e+04	 6.8620e+02	 1.5803e+00	 6.5281e-02	 3.2311e+02	 7.3925e+02
 1.9462e+04	 6.8620e+02	 1.5632e+00	 6.2457e-02	 3.2312e+02	 7.4168e+02
 2.9193e+04	 6.8620e+02	 1.5472e+00	 5.8417e-02	 3.2313e+02	 7.4687e+02
 4.3789e+04	 6.8620e+02	 1.5403e+00	 5.1189e-02	 3.2314e+02	 7.4964e+02
 6.5684e+04	 6.8620e+02	 1.5283e+00	 4.5070e-02	 3.2315e+02	 7.5218e+02
 9.8526e+04	 6.8620e+02	 1.5185e+00	 3.9365e-02	 3.2316e+02	 7.5490e+02
 1.4779e+05	 6.8620e+02	 1.5103e+00	 3.4530e-02	 3.2316e+02	 7.5737e+02
 2.2168e+05	 6.8620e+02	 1.5036e+00	 3.0570e-02	 3.2317e+02	 7.6032e+02
 3.3253e+05	 6.8620e+02	 1.4977e+00	 2.7410e-02	 3.2317e+02	 7.6281e+02
 4.9879e+05	 6.8620e+02	 1.4912e+00	 2.5950e-02	 3.2318e+02	 7.6525e+02
 7.4818e+05	 6.8620e+02	 1.4857e+00	 2.4638e-02	 3.2318e+02	 7.6781e+02
 9.0000e+05	 6.8620e+02	 1.4840e+00	 2.4028e-02	 3.2319e+02	 7.7043e+02
 1.0000e+02	 7.6770e+02	 1.7971e+00	 4.9742e-02	 3.2321e+02	 7.7970e+02
 1.5000e+02	 7.6770e+02	 1.7856e+00	 5.2134e-02	 3.2322e+02	 7.8207e+02
 2.2500e+02	 7.6770e+02	 1.7733e+00	 5.6165e-02	 3.2322e+02	 7.8714e+02
 3.3750e+02	 7.6770e+02	 1.7591e+00	 5.9953e-02	 3.2322e+02	 7.8964e+02
 5.0625e+02	 7.6770e+02	 1.7434e+00	 6.3559e-02	 3.2322e+02	 7.9231e+02
 7.5938e+02	 7.6770e+02	 1.7265e+00	 6.6761e-02	 3.2321e+02	 7.9475e+02
 1.1391e+03	 7.6770e+02	 1.7089e+00	 6.9046e-02	 3.2322e+02	 7.9981e+02
 1.7086e+03	 7.6770e+02	 1.6907e+00	 7.0285e-02	 3.2321e+02	 8.0225e+02
 2.5629e+03	 7.6770e+02	 1.6727e+00	 7.0658e-02	 3.2321e+02	 8.0743e+02
 3.8443e+03	 7.6770e+02	 1.6545e+00	 7.0625e-02	 3.2320e+02	 8.0993e+02
 5.7665e+03	 7.6770e+02	 1.6365e+00	 7.0465e-02	 3.2318e+02	 8.1262e+02
 8.6498e+03	 7.6770e+02	 1.6186e+00	 7.0246e-02	 3.2317e+02	 8.1512e+02
 1.2975e+04	 7.6770e+02	 1.6002e+00	 6.9668e-02	 3.2316e+02	 8.2031e+02
 1.9462e+04	 7.6770e+02	 1.5814e+00	 6.7899e-02	 3.2315e+02	 8.2275e+02
 2.9193e+04	 7.6770e+02	 1.5628e+00	 6.4505e-02	 3.2314e+02	 8.2787e+02
 4.3789e+04	 7.6770e+02	 1.5464e+00	 5.9175e-02	 3.2313e+02	 8.3300e+02
 6.5684e+04	 7.6770e+02	 1.5399e+00	 5.0901e-02	 3.2313e+02	 8.3550e+02
 9.8526e+04	 7.6770e+02	 1.5281e+00	 4.4360e-02	 3.2313e+02	 8.3831e+02
 1.4779e+05	 7.6770e+02	 1.5187e+00	 3.8573e-02	 3.2314e+02	 8.4081e+02
 2.2168e+05	 7.6770e+02	 1.5112e+00	 3.3741e-02	 3.2314e+02	 8.4356e+02
 3.3253e+05	 7.6770e+02	 1.5048e+00	 3.0042e-02	 3.2315e+02	 8.4600e+02
 4.9879e+05	 7.6770e+02	 1.4979e+00	 2.7936e-02	 3.2315e+02	 8.4843e+02
 7.4818e+05	 7.6770e+02	 1.4925e+00	 2.6258e-02	 3.2315e+02	 8.5106e+02
 9.0000e+05	 7.6770e+02	 1.4904e+00	 2.5634e-02	 3.2315e+02	 8.5350e+02
 1.0000e+02	 8.5070e+02	 1.8090e+00	 4.7213e-02	 3.2313e+02	 8.6276e+02
 1.5000e+02	 8.5070e+02	 1.7972e+00	 4.9993e-02	 3.2312e+02	 8.6514e+02
 2.2500e+02	 8.5070e+02	 1.7856e+00	 5.3701e-02	 3.2310e+02	 8.7025e+02
 3.3750e+02	 8.5070e+02	 1.7721e+00	 5.7459e-02	 3.2310e+02	 8.7268e+02
 5.0625e+02	 8.5070e+02	 1.7572e+00	 6.1331e-02	 3.2311e+02	 8.7531e+02
 7.5938e+02	 8.5070e+02	 1.7409e+00	 6.4662e-02	 3.2310e+02	 8.7775e+02
 1.1391e+03	 8.5070e+02	 1.7240e+00	 6.7099e-02	 3.2312e+02	 8.8281e+02
 1.7086e+03	 8.5070e+02	 1.7064e+00	 6.8650e-02	 3.2312e+02	 8.8531e+02
 2.5629e+03	 8.5070e+02	 1.6888e+00	 6.9460e-02	 3.2312e+02	 8.9043e+02
 3.8443e+03	 8.5070e+02	 1.6710e+00	 6.9885e-02	 3.2311e+02	 8.9293e+02
 5.7665e+03	 8.5070e+02	 1.6533e+00	 7.0219e-02	 3.2311e+02	 8.9556e+02
 8.6498e+03	 8.5070e+02	 1.6357e+00	 7.0653e-02	 3.2311e+02	 8.9800e+02
 1.2975e+04	 8.5070e+02	 1.6172e+00	 7.0961e-02	 3.2313e+02	 9.0317e+02
 1.9462e+04	 8.5070e+02	 1.5980e+00	 7.0319e-02	 3.2313e+02	 9.0562e+02
 2.9193e+04	 8.5070e+02	 1.5786e+00	 6.7908e-02	 3.2315e+02	 9.1087e+02
 4.3789e+04	 8.5070e+02	 1.5604e+00	 6.3414e-02	 3.2316e+02	 9.1600e+02
 6.5684e+04	 8.5070e+02	 1.5520e+00	 5.5163e-02	 3.2316e+02	 9.1843e+02
 9.8526e+04	 8.5070e+02	 1.5387e+00	 4.8234e-02	 3.2317e+02	 9.2125e+02
 1.4779e+05	 8.5070e+02	 1.5280e+00	 4.1780e-02	 3.2317e+02	 9.2368e+02
 2.2168e+05	 8.5070e+02	 1.5196e+00	 3.6264e-02	 3.2318e+02	 9.2650e+02
 3.3253e+05	 8.5070e+02	 1.5126e+00	 3.1939e-02	 3.2319e+02	 9.2893e+02
 4.9879e+05	 8.5070e+02	 1.5052e+00	 2.9596e-02	 3.2319e+02	 9.3167e+02
 7.4818e+05	 8.5070e+02	 1.4994e+00	 2.7534e-02	 3.2319e+02	 9.3425e+02
 9.0000e+05	 8.5070e+02	 1.4971e+00	 2.6862e-02	 3.2321e+02	 9.3668e+02
 1.0000e+02	 9.3390e+02	 1.8176e+00	 4.5731e-02	 3.2321e+02	 9.4620e+02
 1.5000e+02	 9.3390e+02	 1.8057e+00	 4.8688e-02	 3.2321e+02	 9.4878e+02
 2.2500e+02	 9.3390e+02	 1.7955e+00	 5.1118e-02	 3.2321e+02	 9.5403e+02
 3.3750e+02	 9.3390e+02	 1.7824e+00	 5.5101e-02	 3.2321e+02	 9.5650e+02
 5.0625e+02	 9.3390e+02	 1.7679e+00	 5.9137e-02	 3.2322e+02	 9.5895e+02
 7.5938e+02	 9.3390e+02	 1.7519e+00	 6.2702e-02	 3.2322e+02	 9.6156e+02
 1.1391e+03	 9.3390e+02	 1.7349e+00	 6.5503e-02	 3.2322e+02	 9.6657e+02
 1.7086e+03	 9.3390e+02	 1.7174e+00	 6.7376e-02	 3.2322e+02	 9.6925e+02
 2.5629e+03	 9.3390e+02	 1.6997e+00	 6.8360e-02	 3.2322e+02	 9.7437e+02
 3.8443e+03	 9.3390e+02	 1.6820e+00	 6.9019e-02	 3.2322e+02	 9.7681e+02
 5.7665e+03	 9.3390e+02	 1.6644e+00	 6.9636e-02	 3.2321e+02	 9.7957e+02
 8.6498e+03	 9.3390e+02	 1.6469e+00	 7.0539e-02	 3.2322e+02	 9.8206e+02
 1.2975e+04	 9.3390e+02	 1.6282e+00	 7.1372e-02	 3.2321e+02	 9.8725e+02
 1.9462e+04	 9.3390e+02	 1.6087e+00	 7.1640e-02	 3.2321e+02	 9.8968e+02
 2.9193e+04	 9.3390e+02	 1.5883e+00	 7.0162e-02	 3.2321e+02	 9.9481e+02
 4.3789e+04	 9.3390e+02	 1.5686e+00	 6.6378e-02	 3.2320e+02	 1.0000e+03
 6.5684e+04	 9.3390e+02	 1.5507e+00	 6.0263e-02	 3.2320e+02	 1.0024e+03
 9.8526e+04	 9.3390e+02	 1.5441e+00	 5.1289e-02	 3.2320e+02	 1.0050e+03
 1.4779e+05	 9.3390e+02	 1.5323e+00	 4.4218e-02	 3.2319e+02	 1.0075e+03
 2.2168e+05	 9.3390e+02	 1.5233e+00	 3.8178e-02	 3.2318e+02	 1.0104e+03
 3.3253e+05	 9.3390e+02	 1.5159e+00	 3.3544e-02	 3.2318e+02	 1.0129e+03
 4.9879e+05	 9.3390e+02	 1.5082e+00	 3.0721e-02	 3.2317e+02	 1.0153e+03
 7.4818e+05	 9.3390e+02	 1.5021e+00	 2.8508e-02	 3.2318e+02	 1.0179e+03
 9.0000e+05	 9.3390e+02	 1.4997e+00	 2.7827e-02	 3.2317e+02	 1.0203e+03
 1.0000e+02	 1.0175e+03	 1.8197e+00	 4.3795e-02	 3.2315e+02	 1.0298e+03
 1.5000e+02	 1.0175e+03	 1.8089e+00	 4.5925e-02	 3.2315e+02	 1.0321e+03
 2.2500e+02	 1.0175e+03	 1.7992e+00	 4.9069e-02	 3.2314e+02	 1.0374e+03
 3.3750e+02	 1.0175e+03	 1.7870e+00	 5.2906e-02	 3.2315e+02	 1.0400e+03
 5.0625e+02	 1.0175e+03	 1.7732e+00	 5.6954e-02	 3.2315e+02	 1.0425e+03
 7.5938e+02	 1.0175e+03	 1.7579e+00	 6.0856e-02	 3.2315e+02	 1.0450e+03
 1.1391e+03	 1.0175e+03	 1.7415e+00	 6.3878e-02	 3.2315e+02	 1.0501e+03
 1.7086e+03	 1.0175e+03	 1.7244e+00	 6.6020e-02	 3.2315e+02	 1.0529e+03
 2.5629e+03	 1.0175e+03	 1.7069e+00	 6.7293e-02	 3.2315e+02	 1.0579e+03
 3.8443e+03	 1.0175e+03	 1.6895e+00	 6.8205e-02	 3.2315e+02	 1.0606e+03
 5.7665e+03	 1.0175e+03	 1.6722e+00	 6.9063e-02	 3.2315e+02	 1.0631e+03
 8.6498e+03	 1.0175e+03	 1.6549e+00	 7.0169e-02	 3.2315e+02	 1.0658e+03
 1.2975e+04	 1.0175e+03	 1.6364e+00	 7.1518e-02	 3.2315e+02	 1.0708e+03
 1.9462e+04	 1.0175e+03	 1.6168e+00	 7.2387e-02	 3.2315e+02	 1.0734e+03
 2.9193e+04	 1.0175e+03	 1.5959e+00	 7.1630e-02	 3.2315e+02	 1.0786e+03
 4.3789e+04	 1.0175e+03	 1.5753e+00	 6.8310e-02	 3.2314e+02	 1.0811e+03
 6.5684e+04	 1.0175e+03	 1.5565e+00	 6.2532e-02	 3.2314e+02	 1.0835e+03
 9.8526e+04	 1.0175e+03	 1.5491e+00	 5.3254e-02	 3.2315e+02	 1.0861e+03
 1.4779e+05	 1.0175e+03	 1.5367e+00	 4.5919e-02	 3.2314e+02	 1.0886e+03
 2.2168e+05	 1.0175e+03	 1.5273e+00	 3.9449e-02	 3.2314e+02	 1.0914e+03
 3.3253e+05	 1.0175e+03	 1.5196e+00	 3.4474e-02	 3.2314e+02	 1.0939e+03
 4.9879e+05	 1.0175e+03	 1.5118e+00	 3.1464e-02	 3.2313e+02	 1.0963e+03
 7.4818e+05	 1.0175e+03	 1.5056e+00	 2.9249e-02	 3.2313e+02	 1.0989e+03
 9.0000e+05	 1.0175e+03	 1.5031e+00	 2.8373e-02	 3.2313e+02	 1.1015e+03
 1.0000e+02	 1.0987e+03	 1.8228e+00	 4.2823e-02	 3.2311e+02	 1.1108e+03
 1.5000e+02	 1.0987e+03	 1.8124e+00	 4.5153e-02	 3.2311e+02	 1.1131e+03
 2.2500e+02	 1.0987e+03	 1.8029e+00	 4.7579e-02	 3.2312e+02	 1.1182e+03
 3.3750e+02	 1.0987e+03	 1.7911e+00	 5.1328e-02	 3.2312e+02	 1.1207e+03
 5.0625e+02	 1.0987e+03	 1.7778e+00	 5.5458e-02	 3.2312e+02	 1.1233e+03
 7.5938e+02	 1.0987e+03	 1.7630e+00	 5.9320e-02	 3.2312e+02	 1.1258e+03
 1.1391e+03	 1.0987e+03	 1.7470e+00	 6.2516e-02	 3.2313e+02	 1.1308e+03
 1.7086e+03	 1.0987e+03	 1.7302e+00	 6.4944e-02	 3.2313e+02	 1.1334e+03
 2.5629e+03	 1.0987e+03	 1.7129e+00	 6.6446e-02	 3.2313e+02	 1.1386e+03
 3.8443e+03	 1.0987e+03	 1.6957e+00	 6.7497e-02	 3.2313e+02	 1.1414e+03
 5.7665e+03	 1.0987e+03	 1.6785e+00	 6.8488e-02	 3.2313e+02	 1.1438e+03
 8.6498e+03	 1.0987e+03	 1.6613e+00	 6.9885e-02	 3.2314e+02	 1.1462e+03
 1.2975e+04	 1.0987e+03	 1.6429e+00	 7.1577e-02	 3.2314e+02	 1.1513e+03
 1.9462e+04	 1.0987e+03	 1.6233e+00	 7.2881e-02	 3.2314e+02	 1.1542e+03
 2.9193e+04	 1.0987e+03	 1.6022e+00	 7.2676e-02	 3.2315e+02	 1.1594e+03
 4.3789e+04	 1.0987e+03	 1.5810e+00	 6.9758e-02	 3.2314e+02	 1.1619e+03
 6.5684e+04	 1.0987e+03	 1.5616e+00	 6.4139e-02	 3.2315e+02	 1.1643e+03
 9.8526e+04	 1.0987e+03	 1.5449e+00	 5.6648e-02	 3.2315e+02	 1.1693e+03
 1.4779e+05	 1.0987e+03	 1.5407e+00	 4.7207e-02	 3.2315e+02	 1.1718e+03
 2.2168e+05	 1.0987e+03	 1.5308e+00	 4.0406e-02	 3.2315e+02	 1.1744e+03
 3.3253e+05	 1.0987e+03	 1.5229e+00	 3.5356e-02	 3.2315e+02	 1.1769e+03
 4.9879e+05	 1.0987e+03	 1.5149e+00	 3.2117e-02	 3.2315e+02	 1.1798e+03
 7.4818e+05	 1.0987e+03	 1.5086e+00	 2.9761e-02	 3.2315e+02	 1.1824e+03
 9.0000e+05	 1.0987e+03	 1.5061e+00	 2.8860e-02	 3.2316e+02	 1.1852e+03
 1.0000e+02	 1.1825e+03	 1.8248e+00	 4.1112e-02	 3.2316e+02	 1.1943e+03
 1.5000e+02	 1.1825e+03	 1.8156e+00	 4.3714e-02	 3.2316e+02	 1.1968e+03
 2.2500e+02	 1.1825e+03	 1.8052e+00	 4.6475e-02	 3.2316e+02	 1.2021e+03
 3.3750e+02	 1.1825e+03	 1.7938e+00	 4.9983e-02	 3.2315e+02	 1.2046e+03
 5.0625e+02	 1.1825e+03	 1.7808e+00	 5.3929e-02	 3.2315e+02	 1.2071e+03
 7.5938e+02	 1.1825e+03	 1.7664e+00	 5.7895e-02	 3.2315e+02	 1.2098e+03
 1.1391e+03	 1.1825e+03	 1.7507e+00	 6.1330e-02	 3.2315e+02	 1.2149e+03
 1.7086e+03	 1.1825e+03	 1.7342e+00	 6.3838e-02	 3.2315e+02	 1.2174e+03
 2.5629e+03	 1.1825e+03	 1.7170e+00	 6.5499e-02	 3.2314e+02	 1.2225e+03
 3.8443e+03	 1.1825e+03	 1.6998e+00	 6.6758e-02	 3.2314e+02	 1.2250e+03
 5.7665e+03	 1.1825e+03	 1.6827e+00	 6.7951e-02	 3.2313e+02	 1.2278e+03
 8.6498e+03	 1.1825e+03	 1.6657e+00	 6.9484e-02	 3.2313e+02	 1.2302e+03
 1.2975e+04	 1.1825e+03	 1.6473e+00	 7.1420e-02	 3.2312e+02	 1.2353e+03
 1.9462e+04	 1.1825e+03	 1.6278e+00	 7.3171e-02	 3.2313e+02	 1.2378e+03
 2.9193e+04	 1.1825e+03	 1.6065e+00	 7.3391e-02	 3.2313e+02	 1.2428e+03
 4.3789e+04	 1.1825e+03	 1.5849e+00	 7.0857e-02	 3.2313e+02	 1.2453e+03
 6.5684e+04	 1.1825e+03	 1.5650e+00	 6.5389e-02	 3.2313e+02	 1.2481e+03
 9.8526e+04	 1.1825e+03	 1.5479e+00	 5.7703e-02	 3.2313e+02	 1.2532e+03
 1.4779e+05	 1.1825e+03	 1.5434e+00	 4.8166e-02	 3.2314e+02	 1.2556e+03
 2.2168e+05	 1.1825e+03	 1.5332e+00	 4.1256e-02	 3.2314e+02	 1.2581e+03
 3.3253e+05	 1.1825e+03	 1.5252e+00	 3.5874e-02	 3.2314e+02	 1.2608e+03
 4.9879e+05	 1.1825e+03	 1.5171e+00	 3.2655e-02	 3.2314e+02	 1.2632e+03
 7.4818e+05	 1.1825e+03	 1.5107e+00	 3.0150e-02	 3.2314e+02	 1.2659e+03
 9.0000e+05	 1.1825e+03	 1.5081e+00	 2.9271e-02	 3.2314e+02	 1.2684e+03
 1.0000e+02	 1.2656e+03	 1.8268e+00	 4.0697e-02	 3.2314e+02	 1.2776e+03
 1.5000e+02	 1.2656e+03	 1.8174e+00	 4.2657e-02	 3.2315e+02	 1.2800e+03
 2.2500e+02	 1.2656e+03	 1.8072e+00	 4.5599e-02	 3.2315e+02	 1.2851e+03
 3.3750e+02	 1.2656e+03	 1.7959e+00	 4.9137e-02	 3.2316e+02	 1.2876e+03
 5.0625e+02	 1.2656e+03	 1.7833e+00	 5.3021e-02	 3.2315e+02	 1.2904e+03
 7.5938e+02	 1.2656e+03	 1.7691e+00	 5.6926e-02	 3.2316e+02	 1.2929e+03
 1.1391e+03	 1.2656e+03	 1.7536e+00	 6.0275e-02	 3.2316e+02	 1.2981e+03
 1.7086e+03	 1.2656e+03	 1.7373e+00	 6.2906e-02	 3.2316e+02	 1.3006e+03
 2.5629e+03	 1.2656e+03	 1.7204e+00	 6.4762e-02	 3.2316e+02	 1.3058e+03
 3.8443e+03	 1.2656e+03	 1.7034e+00	 6.6080e-02	 3.2316e+02	 1.3082e+03
 5.7665e+03	 1.2656e+03	 1.6865e+00	 6.7396e-02	 3.2316e+02	 1.3108e+03
 8.6498e+03	 1.2656e+03	 1.6697e+00	 6.9055e-02	 3.2316e+02	 1.3133e+03
 1.2975e+04	 1.2656e+03	 1.6514e+00	 7.1237e-02	 3.2316e+02	 1.3185e+03
 1.9462e+04	 1.2656e+03	 1.6320e+00	 7.3292e-02	 3.2316e+02	 1.3210e+03
 2.9193e+04	 1.2656e+03	 1.6105e+00	 7.3910e-02	 3.2315e+02	 1.3261e+03
 4.3789e+04	 1.2656e+03	 1.5885e+00	 7.1757e-02	 3.2316e+02	 1.3286e+03
 6.5684e+04	 1.2656e+03	 1.5679e+00	 6.6293e-02	 3.2315e+02	 1.3313e+03
 9.8526e+04	 1.2656e+03	 1.5503e+00	 5.8901e-02	 3.2316e+02	 1.3363e+03
 1.4779e+05	 1.2656e+03	 1.5454e+00	 4.9036e-02	 3.2316e+02	 1.3388e+03
 2.2168e+05	 1.2656e+03	 1.5349e+00	 4.1896e-02	 3.2315e+02	 1.3416e+03
 3.3253e+05	 1.2656e+03	 1.5268e+00	 3.6425e-02	 3.2315e+02	 1.3441e+03
 4.9879e+05	 1.2656e+03	 1.5186e+00	 3.3053e-02	 3.2315e+02	 1.3465e+03
 7.4818e+05	 1.2656e+03	 1.5122e+00	 3.0416e-02	 3.2314e+02	 1.3492e+03
 9.0000e+05	 1.2656e+03	 1.5096e+00	 2.9652e-02	 3.2314e+02	 1.3517e+03
 1.0000e+02	 1.3489e+03	 1.8277e+00	 4.0673e-02	 3.2315e+02	 1.3610e+03
 1.5000e+02	 1.3489e+03	 1.8179e+00	 4.2837e-02	 3.2315e+02	 1.3634e+03
 2.2500e+02	 1.3489e+03	 1.8081e+00	 4.4934e-02	 3.2315e+02	 1.3688e+03
 3.3750e+02	 1.3489e+03	 1.7971e+00	 4.8363e-02	 3.2315e+02	 1.3715e+03
 5.0625e+02	 1.3489e+03	 1.7846e+00	 5.2194e-02	 3.2315e+02	 1.3741e+03
 7.5938e+02	 1.3489e+03	 1.7708e+00	 5.6092e-02	 3.2315e+02	 1.3769e+03
 1.1391e+03	 1.3489e+03	 1.7556e+00	 5.9434e-02	 3.2314e+02	 1.3818e+03
 1.7086e+03	 1.3489e+03	 1.7396e+00	 6.2158e-02	 3.2314e+02	 1.3843e+03
 2.5629e+03	 1.3489e+03	 1.7228e+00	 6.4042e-02	 3.2314e+02	 1.3892e+03
 3.8443e+03	 1.3489e+03	 1.7060e+00	 6.5513e-02	 3.2314e+02	 1.3919e+03
 5.7665e+03	 1.3489e+03	 1.6892e+00	 6.6901e-02	 3.2314e+02	 1.3943e+03
 8.6498e+03	 1.3489e+03	 1.6726e+00	 6.8631e-02	 3.2314e+02	 1.3968e+03
 1.2975e+04	 1.3489e+03	 1.6544e+00	 7.1028e-02	 3.2314e+02	 1.4024e+03
 1.9462e+04	 1.3489e+03	 1.6351e+00	 7.3387e-02	 3.2314e+02	 1.4048e+03
 2.9193e+04	 1.3489e+03	 1.6136e+00	 7.4343e-02	 3.2314e+02	 1.4099e+03
 4.3789e+04	 1.3489e+03	 1.5915e+00	 7.2454e-02	 3.2314e+02	 1.4123e+03
 6.5684e+04	 1.3489e+03	 1.5705e+00	 6.7188e-02	 3.2315e+02	 1.4148e+03
 9.8526e+04	 1.3489e+03	 1.5526e+00	 5.9654e-02	 3.2314e+02	 1.4198e+03
 1.4779e+05	 1.3489e+03	 1.5474e+00	 4.9703e-02	 3.2315e+02	 1.4226e+03
 2.2168e+05	 1.3489e+03	 1.5368e+00	 4.2427e-02	 3.2315e+02	 1.4251e+03
 3.3253e+05	 1.3489e+03	 1.5285e+00	 3.6868e-02	 3.2315e+02	 1.4278e+03
 4.9879e+05	 1.3489e+03	 1.5203e+00	 3.3351e-02	 3.2315e+02	 1.4302e+03
 7.4818e+05	 1.3489e+03	 1.5138e+00	 3.0708e-02	 3.2316e+02	 1.4328e+03
 9.0000e+05	 1.3489e+03	 1.5111e+00	 2.9916e-02	 3.2316e+02	 1.4354e+03
 1.0000e+02	 1.4327e+03	 1.8281e+00	 4.0822e-02	 3.2315e+02	 1.4444e+03
 1.5000e+02	 1.4327e+03	 1.8196e+00	 4.1383e-02	 3.2315e+02	 1.4470e+03
 2.2500e+02	 1.4327e+03	 1.8091e+00	 4.4519e-02	 3.2315e+02	 1.4522e+03
 3.3750e+02	 1.4327e+03	 1.7981e+00	 4.7918e-02	 3.2314e+02	 1.4547e+03
 5.0625e+02	 1.4327e+03	 1.7858e+00	 5.1664e-02	 3.2314e+02	 1.4572e+03
 7.5938e+02	 1.4327e+03	 1.7721e+00	 5.5452e-02	 3.2314e+02	 1.4598e+03
 1.1391e+03	 1.4327e+03	 1.7571e+00	 5.8856e-02	 3.2315e+02	 1.4651e+03
 1.7086e+03	 1.4327e+03	 1.7413e+00	 6.1575e-02	 3.2315e+02	 1.4676e+03
 2.5629e+03	 1.4327e+03	 1.7247e+00	 6.3541e-02	 3.2315e+02	 1.4728e+03
 3.8443e+03	 1.4327e+03	 1.7081e+00	 6.5003e-02	 3.2315e+02	 1.4756e+03
 5.7665e+03	 1.4327e+03	 1.6915e+00	 6.6386e-02	 3.2315e+02	 1.4781e+03
 8.6498e+03	 1.4327e+03	 1.6750e+00	 6.8278e-02	 3.2315e+02	 1.4805e+03
 1.2975e+04	 1.4327e+03	 1.6571e+00	 7.0719e-02	 3.2315e+02	 1.4858e+03
 1.9462e+04	 1.4327e+03	 1.6379e+00	 7.3279e-02	 3.2315e+02	 1.4884e+03
 2.9193e+04	 1.4327e+03	 1.6163e+00	 7.4552e-02	 3.2316e+02	 1.4934e+03
 4.3789e+04	 1.4327e+03	 1.5939e+00	 7.3006e-02	 3.2314e+02	 1.4961e+03
 6.5684e+04	 1.4327e+03	 1.5727e+00	 6.7862e-02	 3.2315e+02	 1.4986e+03
 9.8526e+04	 1.4327e+03	 1.5544e+00	 6.0334e-02	 3.2315e+02	 1.5036e+03
 1.4779e+05	 1.4327e+03	 1.5489e+00	 5.0278e-02	 3.2315e+02	 1.5060e+03
 2.2168e+05	 1.4327e+03	 1.5382e+00	 4.2873e-02	 3.2316e+02	 1.5087e+03
 3.3253e+05	 1.4327e+03	 1.5299e+00	 3.7200e-02	 3.2315e+02	 1.5111e+03
 4.9879e+05	 1.4327e+03	 1.5216e+00	 3.3629e-02	 3.2316e+02	 1.5136e+03
 7.4818e+05	 1.4327e+03	 1.5151e+00	 3.1049e-02	 3.2315e+02	 1.5162e+03
 9.0000e+05	 1.4327e+03	 1.5124e+00	 3.0054e-02	 3.2316e+02	 1.5187e+03
 1.0000e+02	 1.5159e+03	 1.8287e+00	 4.0489e-02	 3.2316e+02	 1.5284e+03
 1.5000e+02	 1.5159e+03	 1.8199e+00	 4.2160e-02	 3.2316e+02	 1.5310e+03
 2.2500e+02	 1.5159e+03	 1.8102e+00	 4.4152e-02	 3.2316e+02	 1.5363e+03
 3.3750e+02	 1.5159e+03	 1.7993e+00	 4.7522e-02	 3.2315e+02	 1.5388e+03
 5.0625e+02	 1.5159e+03	 1.7871e+00	 5.1272e-02	 3.2315e+02	 1.5413e+03
 7.5938e+02	 1.5159e+03	 1.7735e+00	 5.4953e-02	 3.2314e+02	 1.5439e+03
 1.1391e+03	 1.5159e+03	 1.7586e+00	 5.8316e-02	 3.2311e+02	 1.5488e+03
 1.7086e+03	 1.5159e+03	 1.7429e+00	 6.1070e-02	 3.2309e+02	 1.5514e+03
 2.5629e+03	 1.5159e+03	 1.7262e+00	 6.3076e-02	 3.2306e+02	 1.5568e+03
 3.8443e+03	 1.5159e+03	 1.7097e+00	 6.4578e-02	 3.2306e+02	 1.5592e+03
 5.7665e+03	 1.5159e+03	 1.6933e+00	 6.6041e-02	 3.2306e+02	 1.5621e+03
 8.6498e+03	 1.5159e+03	 1.6770e+00	 6.7962e-02	 3.2307e+02	 1.5645e+03
 1.2975e+04	 1.5159e+03	 1.6595e+00	 7.0451e-02	 3.2308e+02	 1.5696e+03
 1.9462e+04	 1.5159e+03	 1.6406e+00	 7.3270e-02	 3.2308e+02	 1.5720e+03
 2.9193e+04	 1.5159e+03	 1.6194e+00	 7.4678e-02	 3.2309e+02	 1.5770e+03
 4.3789e+04	 1.5159e+03	 1.5970e+00	 7.3301e-02	 3.2311e+02	 1.5795e+03
 6.5684e+04	 1.5159e+03	 1.5757e+00	 6.8358e-02	 3.2311e+02	 1.5823e+03
 9.8526e+04	 1.5159e+03	 1.5574e+00	 6.0678e-02	 3.2313e+02	 1.5875e+03
 1.4779e+05	 1.5159e+03	 1.5518e+00	 5.0743e-02	 3.2313e+02	 1.5900e+03
 2.2168e+05	 1.5159e+03	 1.5410e+00	 4.3179e-02	 3.2314e+02	 1.5924e+03
 3.3253e+05	 1.5159e+03	 1.5325e+00	 3.7480e-02	 3.2314e+02	 1.5951e+03
 4.9879e+05	 1.5159e+03	 1.5242e+00	 3.3861e-02	 3.2315e+02	 1.5976e+03
 7.4818e+05	 1.5159e+03	 1.5177e+00	 3.1139e-02	 3.2316e+02	 1.6004e+03
 9.0000e+05	 1.5159e+03	 1.5150e+00	 3.0179e-02	 3.2316e+02	 1.6029e+03
 1.0000e+02	 1.6001e+03	 1.8315e+00	 4.0409e-02	 3.2317e+02	 1.6124e+03
 1.5000e+02	 1.6001e+03	 1.8223e+00	 4.1145e-02	 3.2318e+02	 1.6148e+03
 2.2500e+02	 1.6001e+03	 1.8125e+00	 4.4116e-02	 3.2318e+02	 1.6201e+03
 3.3750e+02	 1.6001e+03	 1.8016e+00	 4.7287e-02	 3.2318e+02	 1.6228e+03
 5.0625e+02	 1.6001e+03	 1.7894e+00	 5.0882e-02	 3.2318e+02	 1.6252e+03
 7.5938e+02	 1.6001e+03	 1.7759e+00	 5.4687e-02	 3.2318e+02	 1.6279e+03
 1.1391e+03	 1.6001e+03	 1.7611e+00	 5.7978e-02	 3.2319e+02	 1.6329e+03
 1.7086e+03	 1.6001e+03	 1.7454e+00	 6.0702e-02	 3.2318e+02	 1.6356e+03
 2.5629e+03	 1.6001e+03	 1.7289e+00	 6.2732e-02	 3.2317e+02	 1.6407e+03
 3.8443e+03	 1.6001e+03	 1.7124e+00	 6.4220e-02	 3.2317e+02	 1.6431e+03
 5.7665e+03	 1.6001e+03	 1.6959e+00	 6.5703e-02	 3.2317e+02	 1.6456e+03
 8.6498e+03	 1.6001e+03	 1.6795e+00	 6.7608e-02	 3.2317e+02	 1.6482e+03
 1.2975e+04	 1.6001e+03	 1.6618e+00	 7.0176e-02	 3.2316e+02	 1.6531e+03
 1.9462e+04	 1.6001e+03	 1.6427e+00	 7.3062e-02	 3.2316e+02	 1.6559e+03
 2.9193e+04	 1.6001e+03	 1.6212e+00	 7.4763e-02	 3.2316e+02	 1.6611e+03
 4.3789e+04	 1.6001e+03	 1.5987e+00	 7.3611e-02	 3.2316e+02	 1.6636e+03
 6.5684e+04	 1.6001e+03	 1.5770e+00	 6.9027e-02	 3.2316e+02	 1.6664e+03
 9.8526e+04	 1.6001e+03	 1.5581e+00	 6.1296e-02	 3.2316e+02	 1.6716e+03
 1.4779e+05	 1.6001e+03	 1.5522e+00	 5.1218e-02	 3.2316e+02	 1.6741e+03
 2.2168e+05	 1.6001e+03	 1.5412e+00	 4.3571e-02	 3.2316e+02	 1.6765e+03
 3.3253e+05	 1.6001e+03	 1.5326e+00	 3.7685e-02	 3.2317e+02	 1.6790e+03
 4.9879e+05	 1.6001e+03	 1.5243e+00	 3.4044e-02	 3.2316e+02	 1.6815e+03
 7.4818e+05	 1.6001e+03	 1.5177e+00	 3.1295e-02	 3.2316e+02	 1.6844e+03
 9.0000e+05	 1.6001e+03	 1.5150e+00	 3.0426e-02	 3.2316e+02	 1.6869e+03
 1.0000e+02	 1.6841e+03	 1.8306e+00	 3.9962e-02	 3.2313e+02	 1.6963e+03
 1.5000e+02	 1.6841e+03	 1.8222e+00	 4.1636e-02	 3.2313e+02	 1.6987e+03
 2.2500e+02	 1.6841e+03	 1.8123e+00	 4.3894e-02	 3.2312e+02	 1.7039e+03
 3.3750e+02	 1.6841e+03	 1.8016e+00	 4.7038e-02	 3.2311e+02	 1.7064e+03
 5.0625e+02	 1.6841e+03	 1.7896e+00	 5.0666e-02	 3.2312e+02	 1.7091e+03
 7.5938e+02	 1.6841e+03	 1.7763e+00	 5.4294e-02	 3.2312e+02	 1.7116e+03
 1.1391e+03	 1.6841e+03	 1.7618e+00	 5.7685e-02	 3.2314e+02	 1.7168e+03
 1.7086e+03	 1.6841e+03	 1.7465e+00	 6.0417e-02	 3.2314e+02	 1.7193e+03
 2.5629e+03	 1.6841e+03	 1.7303e+00	 6.2415e-02	 3.2315e+02	 1.7245e+03
 3.8443e+03	 1.6841e+03	 1.7139e+00	 6.3976e-02	 3.2315e+02	 1.7271e+03
 5.7665e+03	 1.6841e+03	 1.6976e+00	 6.5403e-02	 3.2316e+02	 1.7295e+03
 8.6498e+03	 1.6841e+03	 1.6814e+00	 6.7318e-02	 3.2316e+02	 1.7319e+03
 1.2975e+04	 1.6841e+03	 1.6639e+00	 6.9905e-02	 3.2317e+02	 1.7371e+03
 1.9462e+04	 1.6841e+03	 1.6451e+00	 7.2913e-02	 3.2317e+02	 1.7398e+03
 2.9193e+04	 1.6841e+03	 1.6235e+00	 7.4874e-02	 3.2317e+02	 1.7450e+03
 4.3789e+04	 1.6841e+03	 1.6008e+00	 7.3960e-02	 3.2318e+02	 1.7476e+03
 6.5684e+04	 1.6841e+03	 1.5789e+00	 6.9483e-02	 3.2317e+02	 1.7500e+03
 9.8526e+04	 1.6841e+03	 1.5597e+00	 6.1739e-02	 3.2318e+02	 1.7551e+03
 1.4779e+05	 1.6841e+03	 1.5446e+00	 5.3329e-02	 3.2318e+02	 1.7579e+03
 2.2168e+05	 1.6841e+03	 1.5424e+00	 4.3893e-02	 3.2318e+02	 1.7604e+03
 3.3253e+05	 1.6841e+03	 1.5337e+00	 3.7943e-02	 3.2318e+02	 1.7631e+03
 4.9879e+05	 1.6841e+03	 1.5253e+00	 3.4185e-02	 3.2318e+02	 1.7656e+03
 7.4818e+05	 1.6841e+03	 1.5187e+00	 3.1435e-02	 3.2318e+02	 1.7681e+03
 9.0000e+05	 1.6841e+03	 1.5159e+00	 3.0557e-02	 3.2318e+02	 1.7708e+03
 1.0000e+02	 1.7680e+03	 1.8319e+00	 3.9475e-02	 3.2318e+02	 1.7798e+03
 1.5000e+02	 1.7680e+03	 1.8222e+00	 4.1197e-02	 3.2318e+02	 1.7826e+03
 2.2500e+02	 1.7680e+03	 1.8127e+00	 4.3657e-02	 3.2318e+02	 1.7878e+03
 3.3750e+02	 1.7680e+03	 1.8020e+00	 4.6688e-02	 3.2318e+02	 1.7902e+03
 5.0625e+02	 1.7680e+03	 1.7901e+00	 5.0260e-02	 3.2318e+02	 1.7927e+03
 7.5938e+02	 1.7680e+03	 1.7767e+00	 5.3946e-02	 3.2318e+02	 1.7953e+03
 1.1391e+03	 1.7680e+03	 1.7622e+00	 5.7255e-02	 3.2318e+02	 1.8006e+03
 1.7086e+03	 1.7680e+03	 1.7468e+00	 6.0022e-02	 3.2318e+02	 1.8031e+03
 2.5629e+03	 1.7680e+03	 1.7305e+00	 6.2056e-02	 3.2318e+02	 1.8080e+03
 3.8443e+03	 1.7680e+03	 1.7141e+00	 6.3593e-02	 3.2318e+02	 1.8105e+03
 5.7665e+03	 1.7680e+03	 1.6979e+00	 6.5026e-02	 3.2318e+02	 1.8129e+03
 8.6498e+03	 1.7680e+03	 1.6817e+00	 6.6939e-02	 3.2317e+02	 1.8156e+03
 1.2975e+04	 1.7680e+03	 1.6643e+00	 6.9618e-02	 3.2317e+02	 1.8209e+03
 1.9462e+04	 1.7680e+03	 1.6455e+00	 7.2716e-02	 3.2316e+02	 1.8233e+03
 2.9193e+04	 1.7680e+03	 1.6240e+00	 7.4904e-02	 3.2317e+02	 1.8283e+03
 4.3789e+04	 1.7680e+03	 1.6013e+00	 7.4253e-02	 3.2316e+02	 1.8308e+03
 6.5684e+04	 1.7680e+03	 1.5792e+00	 6.9704e-02	 3.2316e+02	 1.8336e+03
 9.8526e+04	 1.7680e+03	 1.5599e+00	 6.2282e-02	 3.2316e+02	 1.8386e+03
 1.4779e+05	 1.7680e+03	 1.5446e+00	 5.3548e-02	 3.2315e+02	 1.8411e+03
 2.2168e+05	 1.7680e+03	 1.5423e+00	 4.4128e-02	 3.2314e+02	 1.8436e+03
 3.3253e+05	 1.7680e+03	 1.5336e+00	 3.8068e-02	 3.2315e+02	 1.8461e+03
 4.9879e+05	 1.7680e+03	 1.5253e+00	 3.4330e-02	 3.2314e+02	 1.8486e+03
 7.4818e+05	 1.7680e+03	 1.5188e+00	 3.1573e-02	 3.2314e+02	 1.8512e+03
 9.0000e+05	 1.7680e+03	 1.5160e+00	 3.0558e-02	 3.2314e+02	 1.8538e+03
 1.0000e+02	 1.8510e+03	 1.8317e+00	 4.0096e-02	 3.2313e+02	 1.8634e+03
 1.5000e+02	 1.8510e+03	 1.8221e+00	 4.1239e-02	 3.2312e+02	 1.8658e+03
 2.2500e+02	 1.8510e+03	 1.8129e+00	 4.3468e-02	 3.2311e+02	 1.8711e+03
 3.3750e+02	 1.8510e+03	 1.8023e+00	 4.6612e-02	 3.2310e+02	 1.8736e+03
 5.0625e+02	 1.8510e+03	 1.7904e+00	 5.0085e-02	 3.2308e+02	 1.8764e+03
 7.5938e+02	 1.8510e+03	 1.7771e+00	 5.3710e-02	 3.2306e+02	 1.8789e+03
 1.1391e+03	 1.8510e+03	 1.7626e+00	 5.7078e-02	 3.2302e+02	 1.8840e+03
 1.7086e+03	 1.8510e+03	 1.7473e+00	 5.9823e-02	 3.2301e+02	 1.8864e+03
 2.5629e+03	 1.8510e+03	 1.7313e+00	 6.1863e-02	 3.2301e+02	 1.8917e+03
 3.8443e+03	 1.8510e+03	 1.7152e+00	 6.3459e-02	 3.2301e+02	 1.8944e+03
 5.7665e+03	 1.8510e+03	 1.6993e+00	 6.4927e-02	 3.2302e+02	 1.8968e+03
 8.6498e+03	 1.8510e+03	 1.6836e+00	 6.6845e-02	 3.2303e+02	 1.8992e+03
 1.2975e+04	 1.8510e+03	 1.6666e+00	 6.9543e-02	 3.2305e+02	 1.9042e+03
 1.9462e+04	 1.8510e+03	 1.6483e+00	 7.2700e-02	 3.2306e+02	 1.9069e+03
 2.9193e+04	 1.8510e+03	 1.6273e+00	 7.4933e-02	 3.2309e+02	 1.9122e+03
 4.3789e+04	 1.8510e+03	 1.6047e+00	 7.4385e-02	 3.2309e+02	 1.9147e+03
 6.5684e+04	 1.8510e+03	 1.5827e+00	 6.9882e-02	 3.2310e+02	 1.9172e+03
 9.8526e+04	 1.8510e+03	 1.5634e+00	 6.2348e-02	 3.2312e+02	 1.9223e+03
 1.4779e+05	 1.8510e+03	 1.5481e+00	 5.3824e-02	 3.2312e+02	 1.9249e+03
 2.2168e+05	 1.8510e+03	 1.5458e+00	 4.4267e-02	 3.2312e+02	 1.9274e+03
 3.3253e+05	 1.8510e+03	 1.5372e+00	 3.8210e-02	 3.2313e+02	 1.9299e+03
 4.9879e+05	 1.8510e+03	 1.5288e+00	 3.4346e-02	 3.2314e+02	 1.9326e+03
 7.4818e+05	 1.8510e+03	 1.5221e+00	 3.1632e-02	 3.2315e+02	 1.9352e+03
 9.0000e+05	 1.8510e+03	 1.5194e+00	 3.0696e-02	 3.2316e+02	 1.9378e+03
 1.0000e+02	 1.9350e+03	 1.8347e+00	 3.9525e-02	 3.2318e+02	 1.9468e+03
 1.5000e+02	 1.9350e+03	 1.8260e+00	 4.2358e-02	 3.2319e+02	 1.9496e+03
 2.2500e+02	 1.9350e+03	 1.8161e+00	 4.3540e-02	 3.2320e+02	 1.9548e+03
 3.3750e+02	 1.9350e+03	 1.8054e+00	 4.6579e-02	 3.2320e+02	 1.9573e+03
 5.0625e+02	 1.9350e+03	 1.7934e+00	 5.0020e-02	 3.2320e+02	 1.9600e+03
 7.5938e+02	 1.9350e+03	 1.7801e+00	 5.3628e-02	 3.2320e+02	 1.9625e+03
 1.1391e+03	 1.9350e+03	 1.7654e+00	 5.6927e-02	 3.2321e+02	 1.9676e+03
 1.7086e+03	 1.9350e+03	 1.7500e+00	 5.9675e-02	 3.2321e+02	 1.9700e+03
 2.5629e+03	 1.9350e+03	 1.7338e+00	 6.1647e-02	 3.2321e+02	 1.9752e+03
 3.8443e+03	 1.9350e+03	 1.7174e+00	 6.3251e-02	 3.2320e+02	 1.9778e+03
 5.7665e+03	 1.9350e+03	 1.7011e+00	 6.4712e-02	 3.2320e+02	 1.9802e+03
 8.6498e+03	 1.9350e+03	 1.6851e+00	 6.6594e-02	 3.2321e+02	 1.9828e+03
 1.2975e+04	 1.9350e+03	 1.6676e+00	 6.9206e-02	 3.2320e+02	 1.9878e+03
 1.9462e+04	 1.9350e+03	 1.6491e+00	 7.2403e-02	 3.2319e+02	 1.9904e+03
 2.9193e+04	 1.9350e+03	 1.6277e+00	 7.4855e-02	 3.2320e+02	 1.9955e+03
 4.3789e+04	 1.9350e+03	 1.6048e+00	 7.4478e-02	 3.2320e+02	 1.9982e+03
 6.5684e+04	 1.9350e+03	 1.5824e+00	 7.0317e-02	 3.2320e+02	 2.0006e+03
 9.8526e+04	 1.9350e+03	 1.5628e+00	 6.2806e-02	 3.2320e+02	 2.0058e+03
 1.4779e+05	 1.9350e+03	 1.5472e+00	 5.4355e-02	 3.2320e+02	 2.0082e+03
 2.2168e+05	 1.9350e+03	 1.5447e+00	 4.4583e-02	 3.2320e+02	 2.0107e+03
 3.3253e+05	 1.9350e+03	 1.5359e+00	 3.8463e-02	 3.2319e+02	 2.0131e+03
 4.9879e+05	 1.9350e+03	 1.5274e+00	 3.4542e-02	 3.2319e+02	 2.0156e+03
 7.4818e+05	 1.9350e+03	 1.5208e+00	 3.1655e-02	 3.2320e+02	 2.0184e+03
 9.0000e+05	 1.9350e+03	 1.5179e+00	 3.0836e-02	 3.2319e+02	 2.0209e+03
 1.0000e+02	 2.0181e+03	 1.8325e+00	 3.9423e-02	 3.2319e+02	 2.0303e+03
 1.5000e+02	 2.0181e+03	 1.8237e+00	 4.0231e-02	 3.2319e+02	 2.0326e+03
 2.2500e+02	 2.0181e+03	 1.8142e+00	 4.3349e-02	 3.2319e+02	 2.0378e+03
 3.3750e+02	 2.0181e+03	 1.8035e+00	 4.6281e-02	 3.2319e+02	 2.0402e+03
 5.0625e+02	 2.0181e+03	 1.7917e+00	 4.9774e-02	 3.2319e+02	 2.0431e+03
 7.5938e+02	 2.0181e+03	 1.7786e+00	 5.3299e-02	 3.2319e+02	 2.0456e+03
 1.1391e+03	 2.0181e+03	 1.7641e+00	 5.6584e-02	 3.2318e+02	 2.0508e+03
 1.7086e+03	 2.0181e+03	 1.7489e+00	 5.9304e-02	 3.2319e+02	 2.0536e+03
 2.5629e+03	 2.0181e+03	 1.7328e+00	 6.1392e-02	 3.2318e+02	 2.0586e+03
 3.8443e+03	 2.0181e+03	 1.7166e+00	 6.2916e-02	 3.2318e+02	 2.0610e+03
 5.7665e+03	 2.0181e+03	 1.7005e+00	 6.4378e-02	 3.2317e+02	 2.0635e+03
 8.6498e+03	 2.0181e+03	 1.6846e+00	 6.6261e-02	 3.2317e+02	 2.0659e+03
 1.2975e+04	 2.0181e+03	 1.6675e+00	 6.8957e-02	 3.2317e+02	 2.0711e+03
 1.9462e+04	 2.0181e+03	 1.6491e+00	 7.2247e-02	 3.2317e+02	 2.0739e+03
 2.9193e+04	 2.0181e+03	 1.6278e+00	 7.4823e-02	 3.2317e+02	 2.0788e+03
 4.3789e+04	 2.0181e+03	 1.6050e+00	 7.4637e-02	 3.2316e+02	 2.0814e+03
 6.5684e+04	 2.0181e+03	 1.5825e+00	 7.0581e-02	 3.2317e+02	 2.0838e+03
 9.8526e+04	 2.0181e+03	 1.5627e+00	 6.3154e-02	 3.2316e+02	 2.0891e+03
 1.4779e+05	 2.0181e+03	 1.5470e+00	 5.4281e-02	 3.2316e+02	 2.0915e+03
 2.2168e+05	 2.0181e+03	 1.5444e+00	 4.4752e-02	 3.2316e+02	 2.0941e+03
 3.3253e+05	 2.0181e+03	 1.5356e+00	 3.8533e-02	 3.2315e+02	 2.0965e+03
 4.9879e+05	 2.0181e+03	 1.5272e+00	 3.4658e-02	 3.2316e+02	 2.0989e+03
 7.4818e+05	 2.0181e+03	 1.5206e+00	 3.1701e-02	 3.2315e+02	 2.1016e+03
 9.0000e+05	 2.0181e+03	 1.5178e+00	 3.0892e-02	 3.2315e+02	 2.1040e+03
 1.0000e+02	 2.1012e+03	 1.8327e+00	 3.9118e-02	 3.2315e+02	 2.1135e+03
 1.5000e+02	 2.1012e+03	 1.8235e+00	 4.0575e-02	 3.2314e+02	 2.1163e+03
 2.2500e+02	 2.1012e+03	 1.8141e+00	 4.3137e-02	 3.2314e+02	 2.1215e+03
 3.3750e+02	 2.1012e+03	 1.8035e+00	 4.6176e-02	 3.2314e+02	 2.1241e+03
 5.0625e+02	 2.1012e+03	 1.7918e+00	 4.9700e-02	 3.2314e+02	 2.1265e+03
 7.5938e+02	 2.1012e+03	 1.7787e+00	 5.3142e-02	 3.2315e+02	 2.1291e+03
 1.1391e+03	 2.1012e+03	 1.7644e+00	 5.6424e-02	 3.2315e+02	 2.1343e+03
 1.7086e+03	 2.1012e+03	 1.7493e+00	 5.9096e-02	 3.2314e+02	 2.1368e+03
 2.5629e+03	 2.1012e+03	 1.7334e+00	 6.1201e-02	 3.2315e+02	 2.1420e+03
 3.8443e+03	 2.1012e+03	 1.7173e+00	 6.2783e-02	 3.2314e+02	 2.1445e+03
 5.7665e+03	 2.1012e+03	 1.7013e+00	 6.4209e-02	 3.2315e+02	 2.1472e+03
 8.6498e+03	 2.1012e+03	 1.6855e+00	 6.6128e-02	 3.2314e+02	 2.1497e+03
 1.2975e+04	 2.1012e+03	 1.6685e+00	 6.8760e-02	 3.2315e+02	 2.1548e+03
 1.9462e+04	 2.1012e+03	 1.6502e+00	 7.2123e-02	 3.2315e+02	 2.1572e+03
 2.9193e+04	 2.1012e+03	 1.6290e+00	 7.4769e-02	 3.2314e+02	 2.1623e+03
 4.3789e+04	 2.1012e+03	 1.6062e+00	 7.4643e-02	 3.2315e+02	 2.1648e+03
 6.5684e+04	 2.1012e+03	 1.5837e+00	 7.0761e-02	 3.2314e+02	 2.1676e+03
 9.8526e+04	 2.1012e+03	 1.5638e+00	 6.3262e-02	 3.2314e+02	 2.1729e+03
 1.4779e+05	 2.1012e+03	 1.5480e+00	 5.4472e-02	 3.2315e+02	 2.1753e+03
 2.2168e+05	 2.1012e+03	 1.5453e+00	 4.4833e-02	 3.2315e+02	 2.1781e+03
 3.3253e+05	 2.1012e+03	 1.5365e+00	 3.8620e-02	 3.2315e+02	 2.1806e+03
 4.9879e+05	 2.1012e+03	 1.5280e+00	 3.4744e-02	 3.2314e+02	 2.1834e+03
 7.4818e+05	 2.1012e+03	 1.5214e+00	 3.1920e-02	 3.2314e+02	 2.1859e+03
 9.0000e+05	 2.1012e+03	 1.5186e+00	 3.0882e-02	 3.2314e+02	 2.1886e+03
 1.0000e+02	 2.1859e+03	 1.8332e+00	 3.9131e-02	 3.2314e+02	 2.1976e+03
 1.5000e+02	 2.1859e+03	 1.8246e+00	 4.0741e-02	 3.2314e+02	 2.1999e+03
 2.2500e+02	 2.1859e+03	 1.8147e+00	 4.3208e-02	 3.2313e+02	 2.2051e+03
 3.3750e+02	 2.1859e+03	 1.8041e+00	 4.6108e-02	 3.2313e+02	 2.2079e+03
 5.0625e+02	 2.1859e+03	 1.7923e+00	 4.9539e-02	 3.2312e+02	 2.2103e+03
 7.5938e+02	 2.1859e+03	 1.7794e+00	 5.3060e-02	 3.2313e+02	 2.2128e+03
 1.1391e+03	 2.1859e+03	 1.7650e+00	 5.6299e-02	 3.2312e+02	 2.2179e+03
 1.7086e+03	 2.1859e+03	 1.7500e+00	 5.9035e-02	 3.2312e+02	 2.2208e+03
 2.5629e+03	 2.1859e+03	 1.7341e+00	 6.1056e-02	 3.2313e+02	 2.2259e+03
 3.8443e+03	 2.1859e+03	 1.7180e+00	 6.2616e-02	 3.2312e+02	 2.2284e+03
 5.7665e+03	 2.1859e+03	 1.7020e+00	 6.4070e-02	 3.2312e+02	 2.2312e+03
 8.6498e+03	 2.1859e+03	 1.6863e+00	 6.5888e-02	 3.2312e+02	 2.2336e+03
 1.2975e+04	 2.1859e+03	 1.6693e+00	 6.8644e-02	 3.2313e+02	 2.2388e+03
 1.9462e+04	 2.1859e+03	 1.6511e+00	 7.1992e-02	 3.2312e+02	 2.2412e+03
 2.9193e+04	 2.1859e+03	 1.6300e+00	 7.4718e-02	 3.2313e+02	 2.2463e+03
 4.3789e+04	 2.1859e+03	 1.6072e+00	 7.4821e-02	 3.2312e+02	 2.2488e+03
 6.5684e+04	 2.1859e+03	 1.5845e+00	 7.0768e-02	 3.2313e+02	 2.2514e+03
 9.8526e+04	 2.1859e+03	 1.5645e+00	 6.3562e-02	 3.2313e+02	 2.2564e+03
 1.4779e+05	 2.1859e+03	 1.5489e+00	 5.4622e-02	 3.2313e+02	 2.2590e+03
 2.2168e+05	 2.1859e+03	 1.5459e+00	 4.4970e-02	 3.2313e+02	 2.2615e+03
 3.3253e+05	 2.1859e+03	 1.5372e+00	 3.8717e-02	 3.2313e+02	 2.2641e+03
 4.9879e+05	 2.1859e+03	 1.5288e+00	 3.4769e-02	 3.2314e+02	 2.2666e+03
 7.4818e+05	 2.1859e+03	 1.5222e+00	 3.1960e-02	 3.2314e+02	 2.2691e+03
 9.0000e+05	 2.1859e+03	 1.5195e+00	 3.0873e-02	 3.2314e+02	 2.2718e+03
 1.0000e+02	 2.2691e+03	 1.8337e+00	 3.9403e-02	 3.2315e+02	 2.2813e+03
 1.5000e+02	 2.2691e+03	 1.8254e+00	 4.1238e-02	 3.2315e+02	 2.2838e+03
 2.2500e+02	 2.2691e+03	 1.8155e+00	 4.3163e-02	 3.2315e+02	 2.2889e+03
 3.3750e+02	 2.2691e+03	 1.8050e+00	 4.6056e-02	 3.2315e+02	 2.2914e+03
 5.0625e+02	 2.2691e+03	 1.7933e+00	 4.9501e-02	 3.2316e+02	 2.2941e+03
 7.5938e+02	 2.2691e+03	 1.7801e+00	 5.2992e-02	 3.2315e+02	 2.2965e+03
 1.1391e+03	 2.2691e+03	 1.7659e+00	 5.6230e-02	 3.2315e+02	 2.3016e+03
 1.7086e+03	 2.2691e+03	 1.7509e+00	 5.8926e-02	 3.2316e+02	 2.3040e+03
 2.5629e+03	 2.2691e+03	 1.7348e+00	 6.0957e-02	 3.2316e+02	 2.3090e+03
 3.8443e+03	 2.2691e+03	 1.7188e+00	 6.2523e-02	 3.2316e+02	 2.3114e+03
 5.7665e+03	 2.2691e+03	 1.7028e+00	 6.3975e-02	 3.2315e+02	 2.3142e+03
 8.6498e+03	 2.2691e+03	 1.6870e+00	 6.5763e-02	 3.2315e+02	 2.3167e+03
 1.2975e+04	 2.2691e+03	 1.6701e+00	 6.8493e-02	 3.2315e+02	 2.3218e+03
 1.9462e+04	 2.2691e+03	 1.6519e+00	 7.1901e-02	 3.2315e+02	 2.3243e+03
 2.9193e+04	 2.2691e+03	 1.6308e+00	 7.4641e-02	 3.2315e+02	 2.3292e+03
 4.3789e+04	 2.2691e+03	 1.6080e+00	 7.4791e-02	 3.2315e+02	 2.3317e+03
 6.5684e+04	 2.2691e+03	 1.5853e+00	 7.1123e-02	 3.2315e+02	 2.3343e+03
 9.8526e+04	 2.2691e+03	 1.5651e+00	 6.3654e-02	 3.2315e+02	 2.3395e+03
 1.4779e+05	 2.2691e+03	 1.5493e+00	 5.4996e-02	 3.2315e+02	 2.3420e+03
 2.2168e+05	 2.2691e+03	 1.5462e+00	 4.5116e-02	 3.2315e+02	 2.3449e+03
 3.3253e+05	 2.2691e+03	 1.5373e+00	 3.8839e-02	 3.2315e+02	 2.3473e+03
 4.9879e+05	 2.2691e+03	 1.5289e+00	 3.4856e-02	 3.2315e+02	 2.3498e+03
 7.4818e+05	 2.2691e+03	 1.5222e+00	 3.1968e-02	 3.2315e+02	 2.3525e+03
 9.0000e+05	 2.2691e+03	 1.5195e+00	 3.1003e-02	 3.2315e+02	 2.3549e+03
 1.0000e+02	 2.3522e+03	 1.8343e+00	 3.9241e-02	 3.2315e+02	 2.3644e+03
 1.5000e+02	 2.3522e+03	 1.8247e+00	 4.0994e-02	 3.2315e+02	 2.3668e+03
 2.2500e+02	 2.3522e+03	 1.8154e+00	 4.3030e-02	 3.2315e+02	 2.3721e+03
 3.3750e+02	 2.3522e+03	 1.8049e+00	 4.5975e-02	 3.2316e+02	 2.3748e+03
 5.0625e+02	 2.3522e+03	 1.7932e+00	 4.9415e-02	 3.2315e+02	 2.3772e+03
 7.5938e+02	 2.3522e+03	 1.7802e+00	 5.2833e-02	 3.2315e+02	 2.3797e+03
 1.1391e+03	 2.3522e+03	 1.7660e+00	 5.6117e-02	 3.2314e+02	 2.3848e+03
 1.7086e+03	 2.3522e+03	 1.7510e+00	 5.8860e-02	 3.2314e+02	 2.3875e+03
 2.5629e+03	 2.3522e+03	 1.7350e+00	 6.0897e-02	 3.2314e+02	 2.3929e+03
 3.8443e+03	 2.3522e+03	 1.7191e+00	 6.2380e-02	 3.2313e+02	 2.3953e+03
 5.7665e+03	 2.3522e+03	 1.7031e+00	 6.3763e-02	 3.2313e+02	 2.3978e+03
 8.6498e+03	 2.3522e+03	 1.6875e+00	 6.5633e-02	 3.2314e+02	 2.4003e+03
 1.2975e+04	 2.3522e+03	 1.6707e+00	 6.8335e-02	 3.2314e+02	 2.4056e+03
 1.9462e+04	 2.3522e+03	 1.6526e+00	 7.1770e-02	 3.2314e+02	 2.4081e+03
 2.9193e+04	 2.3522e+03	 1.6317e+00	 7.4710e-02	 3.2315e+02	 2.4132e+03
 4.3789e+04	 2.3522e+03	 1.6089e+00	 7.4944e-02	 3.2315e+02	 2.4157e+03
 6.5684e+04	 2.3522e+03	 1.5861e+00	 7.1085e-02	 3.2315e+02	 2.4183e+03
 9.8526e+04	 2.3522e+03	 1.5659e+00	 6.3934e-02	 3.2315e+02	 2.4236e+03
 1.4779e+05	 2.3522e+03	 1.5499e+00	 5.4985e-02	 3.2315e+02	 2.4260e+03
 2.2168e+05	 2.3522e+03	 1.5469e+00	 4.5178e-02	 3.2315e+02	 2.4284e+03
 3.3253e+05	 2.3522e+03	 1.5379e+00	 3.8870e-02	 3.2315e+02	 2.4311e+03
 4.9879e+05	 2.3522e+03	 1.5295e+00	 3.4893e-02	 3.2315e+02	 2.4336e+03
 7.4818e+05	 2.3522e+03	 1.5228e+00	 3.1992e-02	 3.2315e+02	 2.4364e+03
 9.0000e+05	 2.3522e+03	 1.5200e+00	 3.1040e-02	 3.2315e+02	 2.4389e+03
 1.0000e+02	 2.4361e+03	 1.8345e+00	 3.9095e-02	 3.2314e+02	 2.4483e+03
 1.5000e+02	 2.4361e+03	 1.8256e+00	 4.0602e-02	 3.2315e+02	 2.4508e+03
 2.2500e+02	 2.4361e+03	 1.8160e+00	 4.2972e-02	 3.2315e+02	 2.4561e+03
 3.3750e+02	 2.4361e+03	 1.8054e+00	 4.5923e-02	 3.2316e+02	 2.4589e+03
 5.0625e+02	 2.4361e+03	 1.7937e+00	 4.9342e-02	 3.2315e+02	 2.4613e+03
 7.5938e+02	 2.4361e+03	 1.7807e+00	 5.2816e-02	 3.2316e+02	 2.4638e+03
 1.1391e+03	 2.4361e+03	 1.7665e+00	 5.6056e-02	 3.2316e+02	 2.4688e+03
 1.7086e+03	 2.4361e+03	 1.7515e+00	 5.8736e-02	 3.2315e+02	 2.4713e+03
 2.5629e+03	 2.4361e+03	 1.7356e+00	 6.0767e-02	 3.2316e+02	 2.4764e+03
 3.8443e+03	 2.4361e+03	 1.7196e+00	 6.2267e-02	 3.2316e+02	 2.4791e+03
 5.7665e+03	 2.4361e+03	 1.7037e+00	 6.3679e-02	 3.2316e+02	 2.4816e+03
 8.6498e+03	 2.4361e+03	 1.6881e+00	 6.5448e-02	 3.2316e+02	 2.4840e+03
 1.2975e+04	 2.4361e+03	 1.6712e+00	 6.8141e-02	 3.2316e+02	 2.4891e+03
 1.9462e+04	 2.4361e+03	 1.6532e+00	 7.1604e-02	 3.2315e+02	 2.4919e+03
 2.9193e+04	 2.4361e+03	 1.6322e+00	 7.4569e-02	 3.2315e+02	 2.4971e+03
 4.3789e+04	 2.4361e+03	 1.6094e+00	 7.5003e-02	 3.2315e+02	 2.4996e+03
 6.5684e+04	 2.4361e+03	 1.5865e+00	 7.1234e-02	 3.2315e+02	 2.5021e+03
 9.8526e+04	 2.4361e+03	 1.5662e+00	 6.4088e-02	 3.2316e+02	 2.5072e+03
 1.4779e+05	 2.4361e+03	 1.5502e+00	 5.5184e-02	 3.2315e+02	 2.5097e+03
 2.2168e+05	 2.4361e+03	 1.5470e+00	 4.5318e-02	 3.2315e+02	 2.5123e+03
 3.3253e+05	 2.4361e+03	 1.5381e+00	 3.8949e-02	 3.2315e+02	 2.5148e+03
 4.9879e+05	 2.4361e+03	 1.5297e+00	 3.4879e-02	 3.2315e+02	 2.5172e+03
 7.4818e+05	 2.4361e+03	 1.5230e+00	 3.2026e-02	 3.2315e+02	 2.5198e+03
 9.0000e+05	 2.4361e+03	 1.5203e+00	 3.1089e-02	 3.2315e+02	 2.5222e+03
 1.0000e+02	 2.5195e+03	 1.8347e+00	 3.9132e-02	 3.2316e+02	 2.5318e+03
 1.5000e+02	 2.5195e+03	 1.8260e+00	 3.9886e-02	 3.2316e+02	 2.5345e+03
 2.2500e+02	 2.5195e+03	 1.8161e+00	 4.3124e-02	 3.2316e+02	 2.5397e+03
 3.3750e+02	 2.5195e+03	 1.8056e+00	 4.5885e-02	 3.2316e+02	 2.5422e+03
 5.0625e+02	 2.5195e+03	 1.7938e+00	 4.9292e-02	 3.2316e+02	 2.5450e+03
 7.5938e+02	 2.5195e+03	 1.7809e+00	 5.2811e-02	 3.2316e+02	 2.5476e+03
 1.1391e+03	 2.5195e+03	 1.7667e+00	 5.5948e-02	 3.2315e+02	 2.5529e+03
 1.7086e+03	 2.5195e+03	 1.7518e+00	 5.8689e-02	 3.2316e+02	 2.5556e+03
 2.5629e+03	 2.5195e+03	 1.7358e+00	 6.0711e-02	 3.2315e+02	 2.5609e+03
 3.8443e+03	 2.5195e+03	 1.7198e+00	 6.2200e-02	 3.2314e+02	 2.5634e+03
 5.7665e+03	 2.5195e+03	 1.7039e+00	 6.3544e-02	 3.2314e+02	 2.5659e+03
 8.6498e+03	 2.5195e+03	 1.6884e+00	 6.5387e-02	 3.2314e+02	 2.5686e+03
 1.2975e+04	 2.5195e+03	 1.6716e+00	 6.8010e-02	 3.2315e+02	 2.5739e+03
 1.9462e+04	 2.5195e+03	 1.6538e+00	 7.1538e-02	 3.2315e+02	 2.5763e+03
 2.9193e+04	 2.5195e+03	 1.6329e+00	 7.4527e-02	 3.2315e+02	 2.5814e+03
 4.3789e+04	 2.5195e+03	 1.6101e+00	 7.5047e-02	 3.2315e+02	 2.5838e+03
 6.5684e+04	 2.5195e+03	 1.5872e+00	 7.1527e-02	 3.2314e+02	 2.5862e+03
 9.8526e+04	 2.5195e+03	 1.5668e+00	 6.4113e-02	 3.2315e+02	 2.5913e+03
 1.4779e+05	 2.5195e+03	 1.5508e+00	 5.5458e-02	 3.2315e+02	 2.5940e+03
 2.2168e+05	 2.5195e+03	 1.5476e+00	 4.5407e-02	 3.2316e+02	 2.5965e+03
 3.3253e+05	 2.5195e+03	 1.5386e+00	 3.8997e-02	 3.2315e+02	 2.5990e+03
 4.9879e+05	 2.5195e+03	 1.5302e+00	 3.5016e-02	 3.2315e+02	 2.6015e+03
 7.4818e+05	 2.5195e+03	 1.5236e+00	 3.2100e-02	 3.2316e+02	 2.6041e+03
 9.0000e+05	 2.5195e+03	 1.5207e+00	 3.1133e-02	 3.2316e+02	 2.6069e+03
 1.0000e+02	 2.6041e+03	 1.8344e+00	 3.9666e-02	 3.2316e+02	 2.6161e+03
 1.5000e+02	 2.6041e+03	 1.8262e+00	 4.0814e-02	 3.2315e+02	 2.6185e+03
 2.2500e+02	 2.6041e+03	 1.8163e+00	 4.2940e-02	 3.2315e+02	 2.6235e+03
 3.3750e+02	 2.6041e+03	 1.8058e+00	 4.5834e-02	 3.2314e+02	 2.6261e+03
 5.0625e+02	 2.6041e+03	 1.7941e+00	 4.9171e-02	 3.2314e+02	 2.6286e+03
 7.5938e+02	 2.6041e+03	 1.7811e+00	 5.2716e-02	 3.2313e+02	 2.6314e+03
 1.1391e+03	 2.6041e+03	 1.7669e+00	 5.5914e-02	 3.2312e+02	 2.6364e+03
 1.7086e+03	 2.6041e+03	 1.7520e+00	 5.8650e-02	 3.2312e+02	 2.6390e+03
 2.5629e+03	 2.6041e+03	 1.7362e+00	 6.0653e-02	 3.2313e+02	 2.6441e+03
 3.8443e+03	 2.6041e+03	 1.7203e+00	 6.2106e-02	 3.2313e+02	 2.6466e+03
 5.7665e+03	 2.6041e+03	 1.7045e+00	 6.3433e-02	 3.2313e+02	 2.6491e+03
 8.6498e+03	 2.6041e+03	 1.6890e+00	 6.5253e-02	 3.2313e+02	 2.6518e+03
 1.2975e+04	 2.6041e+03	 1.6724e+00	 6.7925e-02	 3.2313e+02	 2.6571e+03
 1.9462e+04	 2.6041e+03	 1.6546e+00	 7.1488e-02	 3.2314e+02	 2.6595e+03
 2.9193e+04	 2.6041e+03	 1.6338e+00	 7.4502e-02	 3.2314e+02	 2.6646e+03
 4.3789e+04	 2.6041e+03	 1.6109e+00	 7.4981e-02	 3.2314e+02	 2.6670e+03
 6.5684e+04	 2.6041e+03	 1.5881e+00	 7.1560e-02	 3.2315e+02	 2.6694e+03
 9.8526e+04	 2.6041e+03	 1.5676e+00	 6.4258e-02	 3.2315e+02	 2.6744e+03
 1.4779e+05	 2.6041e+03	 1.5514e+00	 5.5424e-02	 3.2315e+02	 2.6772e+03
 2.2168e+05	 2.6041e+03	 1.5482e+00	 4.5508e-02	 3.2315e+02	 2.6799e+03
 3.3253e+05	 2.6041e+03	 1.5392e+00	 3.9079e-02	 3.2315e+02	 2.6826e+03
 4.9879e+05	 2.6041e+03	 1.5306e+00	 3.5034e-02	 3.2315e+02	 2.6850e+03
 7.4818e+05	 2.6041e+03	 1.5240e+00	 3.2115e-02	 3.2315e+02	 2.6876e+03
 9.0000e+05	 2.6041e+03	 1.5212e+00	 3.1088e-02	 3.2315e+02	 2.6902e+03
 1.0000e+02	 2.6875e+03	 1.8351e+00	 3.9745e-02	 3.2315e+02	 2.6996e+03
 1.5000e+02	 2.6875e+03	 1.8262e+00	 4.1008e-02	 3.2315e+02	 2.7019e+03
 2.2500e+02	 2.6875e+03	 1.8169e+00	 4.2919e-02	 3.2316e+02	 2.7071e+03
 3.3750e+02	 2.6875e+03	 1.8064e+00	 4.5790e-02	 3.2316e+02	 2.7096e+03
 5.0625e+02	 2.6875e+03	 1.7947e+00	 4.9219e-02	 3.2315e+02	 2.7123e+03
 7.5938e+02	 2.6875e+03	 1.7817e+00	 5.2684e-02	 3.2316e+02	 2.7148e+03
 1.1391e+03	 2.6875e+03	 1.7675e+00	 5.5931e-02	 3.2316e+02	 2.7201e+03
 1.7086e+03	 2.6875e+03	 1.7525e+00	 5.8579e-02	 3.2316e+02	 2.7229e+03
 2.5629e+03	 2.6875e+03	 1.7366e+00	 6.0539e-02	 3.2316e+02	 2.7281e+03
 3.8443e+03	 2.6875e+03	 1.7207e+00	 6.2023e-02	 3.2316e+02	 2.7306e+03
 5.7665e+03	 2.6875e+03	 1.7048e+00	 6.3346e-02	 3.2316e+02	 2.7330e+03
 8.6498e+03	 2.6875e+03	 1.6893e+00	 6.5076e-02	 3.2316e+02	 2.7356e+03
 1.2975e+04	 2.6875e+03	 1.6727e+00	 6.7759e-02	 3.2316e+02	 2.7409e+03
 1.9462e+04	 2.6875e+03	 1.6548e+00	 7.1288e-02	 3.2316e+02	 2.7434e+03
 2.9193e+04	 2.6875e+03	 1.6340e+00	 7.4444e-02	 3.2316e+02	 2.7486e+03
 4.3789e+04	 2.6875e+03	 1.6112e+00	 7.5031e-02	 3.2316e+02	 2.7511e+03
 6.5684e+04	 2.6875e+03	 1.5882e+00	 7.1684e-02	 3.2316e+02	 2.7538e+03
 9.8526e+04	 2.6875e+03	 1.5677e+00	 6.4375e-02	 3.2316e+02	 2.7589e+03
 1.4779e+05	 2.6875e+03	 1.5514e+00	 5.5585e-02	 3.2316e+02	 2.7614e+03
 2.2168e+05	 2.6875e+03	 1.5481e+00	 4.5554e-02	 3.2316e+02	 2.7638e+03
 3.3253e+05	 2.6875e+03	 1.5392e+00	 3.9123e-02	 3.2316e+02	 2.7663e+03
 4.9879e+05	 2.6875e+03	 1.5306e+00	 3.5080e-02	 3.2315e+02	 2.7690e+03
 7.4818e+05	 2.6875e+03	 1.5239e+00	 3.2144e-02	 3.2316e+02	 2.7719e+03
 9.0000e+05	 2.6875e+03	 1.5212e+00	 3.1142e-02	 3.2315e+02	 2.7744e+03
 1.0000e+02	 2.7717e+03	 1.8350e+00	 3.9588e-02	 3.2314e+02	 2.7839e+03
 1.5000e+02	 2.7717e+03	 1.8264e+00	 4.0517e-02	 3.2313e+02	 2.7867e+03
 2.2500e+02	 2.7717e+03	 1.8167e+00	 4.2922e-02	 3.2313e+02	 2.7921e+03
 3.3750e+02	 2.7717e+03	 1.8063e+00	 4.5842e-02	 3.2313e+02	 2.7946e+03
 5.0625e+02	 2.7717e+03	 1.7947e+00	 4.9228e-02	 3.2314e+02	 2.7974e+03
 7.5938e+02	 2.7717e+03	 1.7817e+00	 5.2612e-02	 3.2314e+02	 2.7999e+03
 1.1391e+03	 2.7717e+03	 1.7677e+00	 5.5793e-02	 3.2314e+02	 2.8026e+03
 1.7086e+03	 2.7717e+03	 1.7528e+00	 5.8521e-02	 3.2314e+02	 2.8051e+03
 2.5629e+03	 2.7717e+03	 1.7369e+00	 6.0512e-02	 3.2314e+02	 2.8103e+03
 3.8443e+03	 2.7717e+03	 1.7210e+00	 6.1980e-02	 3.2314e+02	 2.8129e+03
 5.7665e+03	 2.7717e+03	 1.7052e+00	 6.3258e-02	 3.2314e+02	 2.8156e+03
 8.6498e+03	 2.7717e+03	 1.6897e+00	 6.4984e-02	 3.2315e+02	 2.8181e+03
 1.2975e+04	 2.7717e+03	 1.6731e+00	 6.7646e-02	 3.2315e+02	 2.8232e+03
 1.9462e+04	 2.7717e+03	 1.6554e+00	 7.1195e-02	 3.2315e+02	 2.8261e+03
 2.9193e+04	 2.7717e+03	 1.6347e+00	 7.4375e-02	 3.2315e+02	 2.8311e+03
 4.3789e+04	 2.7717e+03	 1.6118e+00	 7.5136e-02	 3.2315e+02	 2.8338e+03
 6.5684e+04	 2.7717e+03	 1.5888e+00	 7.1586e-02	 3.2315e+02	 2.8362e+03
 9.8526e+04	 2.7717e+03	 1.5682e+00	 6.4568e-02	 3.2315e+02	 2.8414e+03
 1.4779e+05	 2.7717e+03	 1.5519e+00	 5.5582e-02	 3.2315e+02	 2.8439e+03
 2.2168e+05	 2.7717e+03	 1.5484e+00	 4.5630e-02	 3.2316e+02	 2.8464e+03
 3.3253e+05	 2.7717e+03	 1.5394e+00	 3.9171e-02	 3.2315e+02	 2.8488e+03
 4.9879e+05	 2.7717e+03	 1.5309e+00	 3.5060e-02	 3.2315e+02	 2.8515e+03
 7.4818e+05	 2.7717e+03	 1.5243e+00	 3.2040e-02	 3.2316e+02	 2.8541e+03
 9.0000e+05	 2.7717e+03	 1.5215e+00	 3.1154e-02	 3.2316e+02	 2.8569e+03
 1.0000e+02	 2.8541e+03	 1.8351e+00	 3.9335e-02	 3.2315e+02	 2.8660e+03
 1.5000e+02	 2.8541e+03	 1.8261e+00	 4.0888e-02	 3.2316e+02	 2.8685e+03
 2.2500e+02	 2.8541e+03	 1.8170e+00	 4.2829e-02	 3.2315e+02	 2.8735e+03
 3.3750e+02	 2.8541e+03	 1.8065e+00	 4.5766e-02	 3.2316e+02	 2.8761e+03
 5.0625e+02	 2.8541e+03	 1.7948e+00	 4.9136e-02	 3.2315e+02	 2.8785e+03
 7.5938e+02	 2.8541e+03	 1.7819e+00	 5.2567e-02	 3.2315e+02	 2.8809e+03
 1.1391e+03	 2.8541e+03	 1.7678e+00	 5.5804e-02	 3.2315e+02	 2.8859e+03
 1.7086e+03	 2.8541e+03	 1.7529e+00	 5.8501e-02	 3.2315e+02	 2.8886e+03
 2.5629e+03	 2.8541e+03	 1.7370e+00	 6.0454e-02	 3.2316e+02	 2.8939e+03
 3.8443e+03	 2.8541e+03	 1.7211e+00	 6.1893e-02	 3.2316e+02	 2.8964e+03
 5.7665e+03	 2.8541e+03	 1.7053e+00	 6.3207e-02	 3.2316e+02	 2.8989e+03
 8.6498e+03	 2.8541e+03	 1.6899e+00	 6.4893e-02	 3.2316e+02	 2.9016e+03
 1.2975e+04	 2.8541e+03	 1.6733e+00	 6.7540e-02	 3.2316e+02	 2.9068e+03
 1.9462e+04	 2.8541e+03	 1.6556e+00	 7.1080e-02	 3.2316e+02	 2.9093e+03
 2.9193e+04	 2.8541e+03	 1.6349e+00	 7.4307e-02	 3.2315e+02	 2.9145e+03
 4.3789e+04	 2.8541e+03	 1.6121e+00	 7.5064e-02	 3.2315e+02	 2.9169e+03
 6.5684e+04	 2.8541e+03	 1.5890e+00	 7.1794e-02	 3.2314e+02	 2.9196e+03
 9.8526e+04	 2.8541e+03	 1.5683e+00	 6.4514e-02	 3.2313e+02	 2.9249e+03
 1.4779e+05	 2.8541e+03	 1.5519e+00	 5.5679e-02	 3.2313e+02	 2.9273e+03
 2.2168e+05	 2.8541e+03	 1.5484e+00	 4.5683e-02	 3.2314e+02	 2.9298e+03
 3.3253e+05	 2.8541e+03	 1.5394e+00	 3.9165e-02	 3.2314e+02	 2.9323e+03
 4.9879e+05	 2.8541e+03	 1.5309e+00	 3.5097e-02	 3.2313e+02	 2.9348e+03
 7.4818e+05	 2.8541e+03	 1.5244e+00	 3.2060e-02	 3.2314e+02	 2.9376e+03
 9.0000e+05	 2.8541e+03	 1.5216e+00	 3.1141e-02	 3.2314e+02	 2.9401e+03
 1.0000e+02	 2.9373e+03	 1.8358e+00	 3.9039e-02	 3.2315e+02	 2.9495e+03
 1.5000e+02	 2.9373e+03	 1.8266e+00	 4.0824e-02	 3.2314e+02	 2.9519e+03
 2.2500e+02	 2.9373e+03	 1.8173e+00	 4.2852e-02	 3.2315e+02	 2.9571e+03
 3.3750e+02	 2.9373e+03	 1.8068e+00	 4.5695e-02	 3.2315e+02	 2.9596e+03
 5.0625e+02	 2.9373e+03	 1.7952e+00	 4.9105e-02	 3.2315e+02	 2.9624e+03
 7.5938e+02	 2.9373e+03	 1.7824e+00	 5.2635e-02	 3.2315e+02	 2.9648e+03
 1.1391e+03	 2.9373e+03	 1.7682e+00	 5.5791e-02	 3.2315e+02	 2.9676e+03
 1.7086e+03	 2.9373e+03	 1.7533e+00	 5.8391e-02	 3.2315e+02	 2.9700e+03
 2.5629e+03	 2.9373e+03	 1.7374e+00	 6.0441e-02	 3.2315e+02	 2.9751e+03
 3.8443e+03	 2.9373e+03	 1.7215e+00	 6.1833e-02	 3.2315e+02	 2.9776e+03
 5.7665e+03	 2.9373e+03	 1.7057e+00	 6.3095e-02	 3.2315e+02	 2.9803e+03
 8.6498e+03	 2.9373e+03	 1.6903e+00	 6.4820e-02	 3.2315e+02	 2.9828e+03
 1.2975e+04	 2.9373e+03	 1.6738e+00	 6.7437e-02	 3.2315e+02	 2.9879e+03
 1.9462e+04	 2.9373e+03	 1.6561e+00	 7.1022e-02	 3.2316e+02	 2.9903e+03
 2.9193e+04	 2.9373e+03	 1.6354e+00	 7.4268e-02	 3.2315e+02	 2.9954e+03
 4.3789e+04	 2.9373e+03	 1.6126e+00	 7.5076e-02	 3.2315e+02	 2.9978e+03
 6.5684e+04	 2.9373e+03	 1.5896e+00	 7.1870e-02	 3.2315e+02	 3.0006e+03
 9.8526e+04	 2.9373e+03	 1.5688e+00	 6.4605e-02	 3.2315e+02	 3.0058e+03
 1.4779e+05	 2.9373e+03	 1.5524e+00	 5.5858e-02	 3.2315e+02	 3.0083e+03
 2.2168e+05	 2.9373e+03	 1.5488e+00	 4.5779e-02	 3.2315e+02	 3.0110e+03
 3.3253e+05	 2.9373e+03	 1.5399e+00	 3.9243e-02	 3.2314e+02	 3.0136e+03
 4.9879e+05	 2.9373e+03	 1.5313e+00	 3.5179e-02	 3.2314e+02	 3.0160e+03
 7.4818e+05	 2.9373e+03	 1.5246e+00	 3.2168e-02	 3.2314e+02	 3.0186e+03
 9.0000e+05	 2.9373e+03	 1.5219e+00	 3.1160e-02	 3.2313e+02	 3.0210e+03
 1.0000e+02	 3.0182e+03	 1.8357e+00	 3.9313e-02	 3.2314e+02	 3.0303e+03
 1.5000e+02	 3.0182e+03	 1.8265e+00	 4.1265e-02	 3.2313e+02	 3.0328e+03
 2.2500e+02	 3.0182e+03	 1.8177e+00	 4.2821e-02	 3.2315e+02	 3.0378e+03
 3.3750e+02	 3.0182e+03	 1.8071e+00	 4.5765e-02	 3.2315e+02	 3.0402e+03
 5.0625e+02	 3.0182e+03	 1.7956e+00	 4.9121e-02	 3.2315e+02	 3.0431e+03
 7.5938e+02	 3.0182e+03	 1.7826e+00	 5.2540e-02	 3.2315e+02	 3.0455e+03
 1.1391e+03	 3.0182e+03	 1.7685e+00	 5.5764e-02	 3.2316e+02	 3.0483e+03
 1.7086e+03	 3.0182e+03	 1.7536e+00	 5.8451e-02	 3.2315e+02	 3.0508e+03
 2.5629e+03	 3.0182e+03	 1.7377e+00	 6.0373e-02	 3.2315e+02	 3.0559e+03
 3.8443e+03	 3.0182e+03	 1.7218e+00	 6.1836e-02	 3.2315e+02	 3.0583e+03
 5.7665e+03	 3.0182e+03	 1.7060e+00	 6.3059e-02	 3.2315e+02	 3.0611e+03
 8.6498e+03	 3.0182e+03	 1.6906e+00	 6.4698e-02	 3.2315e+02	 3.0635e+03
 1.2975e+04	 3.0182e+03	 1.6741e+00	 6.7330e-02	 3.2316e+02	 3.0686e+03
 1.9462e+04	 3.0182e+03	 1.6565e+00	 7.0930e-02	 3.2315e+02	 3.0711e+03
 2.9193e+04	 3.0182e+03	 1.6358e+00	 7.4213e-02	 3.2315e+02	 3.0763e+03
 4.3789e+04	 3.0182e+03	 1.6131e+00	 7.5158e-02	 3.2316e+02	 3.0789e+03
 6.5684e+04	 3.0182e+03	 1.5899e+00	 7.1836e-02	 3.2315e+02	 3.0814e+03
 9.8526e+04	 3.0182e+03	 1.5692e+00	 6.4823e-02	 3.2315e+02	 3.0866e+03
 1.4779e+05	 3.0182e+03	 1.5527e+00	 5.5855e-02	 3.2314e+02	 3.0891e+03
 2.2168e+05	 3.0182e+03	 1.5490e+00	 4.5793e-02	 3.2314e+02	 3.0919e+03
 3.3253e+05	 3.0182e+03	 1.5401e+00	 3.9234e-02	 3.2314e+02	 3.0943e+03
 4.9879e+05	 3.0182e+03	 1.5316e+00	 3.5138e-02	 3.2314e+02	 3.0968e+03
 7.4818e+05	 3.0182e+03	 1.5250e+00	 3.2105e-02	 3.2315e+02	 3.0993e+03
 9.0000e+05	 3.0182e+03	 1.5222e+00	 3.1185e-02	 3.2315e+02	 3.1018e+03
 1.0000e+02	 3.0991e+03	 1.8357e+00	 3.9628e-02	 3.2315e+02	 3.1112e+03
 1.5000e+02	 3.0991e+03	 1.8268e+00	 4.0493e-02	 3.2315e+02	 3.1136e+03
 2.2500e+02	 3.0991e+03	 1.8178e+00	 4.2848e-02	 3.2315e+02	 3.1188e+03
 3.3750e+02	 3.0991e+03	 1.8073e+00	 4.5764e-02	 3.2315e+02	 3.1216e+03
 5.0625e+02	 3.0991e+03	 1.7956e+00	 4.9101e-02	 3.2315e+02	 3.1241e+03
 7.5938e+02	 3.0991e+03	 1.7827e+00	 5.2555e-02	 3.2315e+02	 3.1265e+03
 1.1391e+03	 3.0991e+03	 1.7686e+00	 5.5770e-02	 3.2315e+02	 3.1316e+03
 1.7086e+03	 3.0991e+03	 1.7537e+00	 5.8363e-02	 3.2314e+02	 3.1344e+03
 2.5629e+03	 3.0991e+03	 1.7378e+00	 6.0341e-02	 3.2315e+02	 3.1396e+03
 3.8443e+03	 3.0991e+03	 1.7219e+00	 6.1757e-02	 3.2315e+02	 3.1421e+03
 5.7665e+03	 3.0991e+03	 1.7061e+00	 6.3004e-02	 3.2315e+02	 3.1449e+03
 8.6498e+03	 3.0991e+03	 1.6907e+00	 6.4584e-02	 3.2314e+02	 3.1474e+03
 1.2975e+04	 3.0991e+03	 1.6743e+00	 6.7223e-02	 3.2314e+02	 3.1526e+03
 1.9462e+04	 3.0991e+03	 1.6568e+00	 7.0799e-02	 3.2313e+02	 3.1550e+03
 2.9193e+04	 3.0991e+03	 1.6362e+00	 7.4163e-02	 3.2313e+02	 3.1603e+03
 4.3789e+04	 3.0991e+03	 1.6133e+00	 7.5132e-02	 3.2312e+02	 3.1630e+03
 6.5684e+04	 3.0991e+03	 1.5903e+00	 7.1911e-02	 3.2313e+02	 3.1655e+03
 9.8526e+04	 3.0991e+03	 1.5696e+00	 6.4793e-02	 3.2313e+02	 3.1706e+03
 1.4779e+05	 3.0991e+03	 1.5532e+00	 5.5837e-02	 3.2313e+02	 3.1731e+03
 2.2168e+05	 3.0991e+03	 1.5495e+00	 4.5810e-02	 3.2314e+02	 3.1756e+03
 3.3253e+05	 3.0991e+03	 1.5405e+00	 3.9245e-02	 3.2313e+02	 3.1781e+03
 4.9879e+05	 3.0991e+03	 1.5321e+00	 3.5139e-02	 3.2313e+02	 3.1806e+03
 7.4818e+05	 3.0991e+03	 1.5254e+00	 3.2261e-02	 3.2313e+02	 3.1833e+03
 9.0000e+05	 3.0991e+03	 1.5228e+00	 3.1202e-02	 3.2313e+02	 3.1858e+03
 1.0000e+02	 3.1830e+03	 1.8367e+00	 3.9842e-02	 3.2313e+02	 3.1952e+03
 1.5000e+02	 3.1830e+03	 1.8274e+00	 4.0769e-02	 3.2313e+02	 3.1976e+03
 2.2500e+02	 3.1830e+03	 1.8183e+00	 4.2858e-02	 3.2314e+02	 3.2029e+03
 3.3750e+02	 3.1830e+03	 1.8078e+00	 4.5781e-02	 3.2313e+02	 3.2056e+03
 5.0625e+02	 3.1830e+03	 1.7963e+00	 4.9105e-02	 3.2314e+02	 3.2081e+03
 7.5938e+02	 3.1830e+03	 1.7833e+00	 5.2633e-02	 3.2315e+02	 3.2105e+03
 1.1391e+03	 3.1830e+03	 1.7693e+00	 5.5758e-02	 3.2314e+02	 3.2132e+03
 1.7086e+03	 3.1830e+03	 1.7545e+00	 5.8410e-02	 3.2315e+02	 3.2158e+03
 2.5629e+03	 3.1830e+03	 1.7385e+00	 6.0344e-02	 3.2315e+02	 3.2211e+03
 3.8443e+03	 3.1830e+03	 1.7225e+00	 6.1720e-02	 3.2316e+02	 3.2238e+03
 5.7665e+03	 3.1830e+03	 1.7068e+00	 6.2927e-02	 3.2316e+02	 3.2262e+03
 8.6498e+03	 3.1830e+03	 1.6914e+00	 6.4550e-02	 3.2316e+02	 3.2288e+03
 1.2975e+04	 3.1830e+03	 1.6751e+00	 6.7174e-02	 3.2317e+02	 3.2344e+03
 1.9462e+04	 3.1830e+03	 1.6575e+00	 7.0799e-02	 3.2316e+02	 3.2368e+03
 2.9193e+04	 3.1830e+03	 1.6370e+00	 7.4198e-02	 3.2317e+02	 3.2419e+03
 4.3789e+04	 3.1830e+03	 1.6142e+00	 7.5157e-02	 3.2317e+02	 3.2443e+03
 6.5684e+04	 3.1830e+03	 1.5910e+00	 7.1872e-02	 3.2317e+02	 3.2468e+03
 9.8526e+04	 3.1830e+03	 1.5702e+00	 6.4921e-02	 3.2317e+02	 3.2518e+03
 1.4779e+05	 3.1830e+03	 1.5536e+00	 5.5969e-02	 3.2318e+02	 3.2544e+03
 2.2168e+05	 3.1830e+03	 1.5498e+00	 4.5911e-02	 3.2317e+02	 3.2569e+03
 3.3253e+05	 3.1830e+03	 1.5407e+00	 3.9366e-02	 3.2317e+02	 3.2593e+03
 4.9879e+05	 3.1830e+03	 1.5322e+00	 3.5257e-02	 3.2318e+02	 3.2621e+03
 7.4818e+05	 3.1830e+03	 1.5255e+00	 3.2149e-02	 3.2317e+02	 3.2646e+03
 9.0000e+05	 3.1830e+03	 1.5227e+00	 3.1252e-02	 3.2318e+02	 3.2671e+03
 1.0000e+02	 3.2645e+03	 1.8366e+00	 3.9049e-02	 3.2317e+02	 3.2765e+03
 1.5000e+02	 3.2645e+03	 1.8269e+00	 3.9982e-02	 3.2317e+02	 3.2791e+03
 2.2500e+02	 3.2645e+03	 1.8180e+00	 4.2819e-02	 3.2317e+02	 3.2844e+03
 3.3750e+02	 3.2645e+03	 1.8075e+00	 4.5664e-02	 3.2316e+02	 3.2869e+03
 5.0625e+02	 3.2645e+03	 1.7958e+00	 4.9075e-02	 3.2316e+02	 3.2893e+03
 7.5938e+02	 3.2645e+03	 1.7830e+00	 5.2479e-02	 3.2316e+02	 3.2919e+03
 1.1391e+03	 3.2645e+03	 1.7688e+00	 5.5691e-02	 3.2316e+02	 3.2949e+03
 1.7086e+03	 3.2645e+03	 1.7539e+00	 5.8293e-02	 3.2315e+02	 3.2974e+03
 2.5629e+03	 3.2645e+03	 1.7380e+00	 6.0272e-02	 3.2314e+02	 3.3026e+03
 3.8443e+03	 3.2645e+03	 1.7221e+00	 6.1667e-02	 3.2315e+02	 3.3051e+03
 5.7665e+03	 3.2645e+03	 1.7064e+00	 6.2813e-02	 3.2314e+02	 3.3079e+03
 8.6498e+03	 3.2645e+03	 1.6911e+00	 6.4406e-02	 3.2314e+02	 3.3104e+03
 1.2975e+04	 3.2645e+03	 1.6748e+00	 6.7027e-02	 3.2314e+02	 3.3155e+03
 1.9462e+04	 3.2645e+03	 1.6574e+00	 7.0639e-02	 3.2314e+02	 3.3179e+03
 2.9193e+04	 3.2645e+03	 1.6369e+00	 7.4074e-02	 3.2314e+02	 3.3231e+03
 4.3789e+04	 3.2645e+03	 1.6142e+00	 7.5143e-02	 3.2314e+02	 3.3255e+03
 6.5684e+04	 3.2645e+03	 1.5911e+00	 7.1989e-02	 3.2315e+02	 3.3280e+03
 9.8526e+04	 3.2645e+03	 1.5703e+00	 6.4963e-02	 3.2315e+02	 3.3333e+03
 1.4779e+05	 3.2645e+03	 1.5538e+00	 5.5965e-02	 3.2315e+02	 3.3358e+03
 2.2168e+05	 3.2645e+03	 1.5500e+00	 4.5971e-02	 3.2315e+02	 3.3384e+03
 3.3253e+05	 3.2645e+03	 1.5410e+00	 3.9309e-02	 3.2315e+02	 3.3409e+03
 4.9879e+05	 3.2645e+03	 1.5325e+00	 3.5280e-02	 3.2316e+02	 3.3434e+03
 7.4818e+05	 3.2645e+03	 1.5258e+00	 3.2248e-02	 3.2316e+02	 3.3461e+03
 9.0000e+05	 3.2645e+03	 1.5229e+00	 3.1269e-02	 3.2316e+02	 3.3486e+03
 1.0000e+02	 3.3459e+03	 1.8368e+00	 3.9815e-02	 3.2316e+02	 3.3582e+03
 1.5000e+02	 3.3459e+03	 1.8277e+00	 3.9998e-02	 3.2316e+02	 3.3607e+03
 2.2500e+02	 3.3459e+03	 1.8184e+00	 4.2833e-02	 3.2316e+02	 3.3657e+03
 3.3750e+02	 3.3459e+03	 1.8078e+00	 4.5714e-02	 3.2316e+02	 3.3683e+03
 5.0625e+02	 3.3459e+03	 1.7963e+00	 4.9049e-02	 3.2316e+02	 3.3708e+03
 7.5938e+02	 3.3459e+03	 1.7833e+00	 5.2481e-02	 3.2316e+02	 3.3734e+03
 1.1391e+03	 3.3459e+03	 1.7691e+00	 5.5666e-02	 3.2316e+02	 3.3766e+03
 1.7086e+03	 3.3459e+03	 1.7542e+00	 5.8364e-02	 3.2316e+02	 3.3791e+03
 2.5629e+03	 3.3459e+03	 1.7383e+00	 6.0243e-02	 3.2316e+02	 3.3844e+03
 3.8443e+03	 3.3459e+03	 1.7225e+00	 6.1617e-02	 3.2315e+02	 3.3868e+03
 5.7665e+03	 3.3459e+03	 1.7067e+00	 6.2777e-02	 3.2315e+02	 3.3896e+03
 8.6498e+03	 3.3459e+03	 1.6914e+00	 6.4364e-02	 3.2316e+02	 3.3920e+03
 1.2975e+04	 3.3459e+03	 1.6751e+00	 6.6930e-02	 3.2316e+02	 3.3971e+03
 1.9462e+04	 3.3459e+03	 1.6577e+00	 7.0602e-02	 3.2316e+02	 3.3995e+03
 2.9193e+04	 3.3459e+03	 1.6373e+00	 7.4028e-02	 3.2316e+02	 3.4046e+03
 4.3789e+04	 3.3459e+03	 1.6145e+00	 7.5009e-02	 3.2316e+02	 3.4071e+03
 6.5684e+04	 3.3459e+03	 1.5913e+00	 7.2166e-02	 3.2316e+02	 3.4096e+03
 9.8526e+04	 3.3459e+03	 1.5704e+00	 6.4999e-02	 3.2316e+02	 3.4148e+03
 1.4779e+05	 3.3459e+03	 1.5538e+00	 5.6177e-02	 3.2316e+02	 3.4173e+03
 2.2168e+05	 3.3459e+03	 1.5500e+00	 4.6022e-02	 3.2316e+02	 3.4198e+03
 3.3253e+05	 3.3459e+03	 1.5409e+00	 3.9396e-02	 3.2316e+02	 3.4226e+03
 4.9879e+05	 3.3459e+03	 1.5324e+00	 3.5307e-02	 3.2316e+02	 3.4250e+03
 7.4818e+05	 3.3459e+03	 1.5257e+00	 3.2258e-02	 3.2316e+02	 3.4278e+03
 9.0000e+05	 3.3459e+03	 1.5229e+00	 3.1288e-02	 3.2316e+02	 3.4303e+03
 1.0000e+02	 3.4276e+03	 1.8368e+00	 3.8987e-02	 3.2316e+02	 3.4399e+03
 1.5000e+02	 3.4276e+03	 1.8271e+00	 4.0744e-02	 3.2316e+02	 3.4425e+03
 2.2500e+02	 3.4276e+03	 1.8182e+00	 4.2927e-02	 3.2316e+02	 3.4475e+03
 3.3750e+02	 3.4276e+03	 1.8077e+00	 4.5697e-02	 3.2316e+02	 3.4500e+03
 5.0625e+02	 3.4276e+03	 1.7961e+00	 4.8983e-02	 3.2315e+02	 3.4524e+03
 7.5938e+02	 3.4276e+03	 1.7832e+00	 5.2456e-02	 3.2315e+02	 3.4552e+03
 1.1391e+03	 3.4276e+03	 1.7690e+00	 5.5633e-02	 3.2315e+02	 3.4584e+03
 1.7086e+03	 3.4276e+03	 1.7542e+00	 5.8294e-02	 3.2315e+02	 3.4609e+03
 2.5629e+03	 3.4276e+03	 1.7383e+00	 6.0227e-02	 3.2315e+02	 3.4662e+03
 3.8443e+03	 3.4276e+03	 1.7224e+00	 6.1538e-02	 3.2315e+02	 3.4687e+03
 5.7665e+03	 3.4276e+03	 1.7067e+00	 6.2701e-02	 3.2314e+02	 3.4713e+03
 8.6498e+03	 3.4276e+03	 1.6914e+00	 6.4270e-02	 3.2315e+02	 3.4738e+03
 1.2975e+04	 3.4276e+03	 1.6751e+00	 6.6836e-02	 3.2314e+02	 3.4789e+03
 1.9462e+04	 3.4276e+03	 1.6578e+00	 7.0470e-02	 3.2314e+02	 3.4814e+03
 2.9193e+04	 3.4276e+03	 1.6373e+00	 7.3946e-02	 3.2314e+02	 3.4866e+03
 4.3789e+04	 3.4276e+03	 1.6146e+00	 7.5149e-02	 3.2314e+02	 3.4893e+03
 6.5684e+04	 3.4276e+03	 1.5914e+00	 7.2191e-02	 3.2313e+02	 3.4918e+03
 9.8526e+04	 3.4276e+03	 1.5704e+00	 6.5038e-02	 3.2314e+02	 3.4969e+03
 1.4779e+05	 3.4276e+03	 1.5540e+00	 5.6207e-02	 3.2313e+02	 3.4993e+03
 2.2168e+05	 3.4276e+03	 1.5501e+00	 4.5992e-02	 3.2314e+02	 3.5021e+03
 3.3253e+05	 3.4276e+03	 1.5410e+00	 3.9410e-02	 3.2314e+02	 3.5045e+03
 4.9879e+05	 3.4276e+03	 1.5326e+00	 3.5333e-02	 3.2314e+02	 3.5069e+03
 7.4818e+05	 3.4276e+03	 1.5260e+00	 3.2272e-02	 3.2314e+02	 3.5097e+03
 9.0000e+05	 3.4276e+03	 1.5231e+00	 3.1328e-02	 3.2314e+02	 3.5122e+03
 1.0000e+02	 3.5094e+03	 1.8366e+00	 3.9610e-02	 3.2313e+02	 3.5218e+03
 1.5000e+02	 3.5094e+03	 1.8283e+00	 4.0191e-02	 3.2313e+02	 3.5245e+03
 2.2500e+02	 3.5094e+03	 1.8185e+00	 4.2850e-02	 3.2313e+02	 3.5296e+03
 3.3750e+02	 3.5094e+03	 1.8080e+00	 4.5740e-02	 3.2313e+02	 3.5321e+03
 5.0625e+02	 3.5094e+03	 1.7964e+00	 4.9014e-02	 3.2313e+02	 3.5346e+03
 7.5938e+02	 3.5094e+03	 1.7835e+00	 5.2527e-02	 3.2314e+02	 3.5371e+03
 1.1391e+03	 3.5094e+03	 1.7695e+00	 5.5666e-02	 3.2314e+02	 3.5404e+03
 1.7086e+03	 3.5094e+03	 1.7547e+00	 5.8285e-02	 3.2314e+02	 3.5429e+03
 2.5629e+03	 3.5094e+03	 1.7388e+00	 6.0268e-02	 3.2315e+02	 3.5480e+03
 3.8443e+03	 3.5094e+03	 1.7230e+00	 6.1529e-02	 3.2315e+02	 3.5504e+03
 5.7665e+03	 3.5094e+03	 1.7073e+00	 6.2674e-02	 3.2315e+02	 3.5531e+03
 8.6498e+03	 3.5094e+03	 1.6921e+00	 6.4211e-02	 3.2315e+02	 3.5556e+03
 1.2975e+04	 3.5094e+03	 1.6758e+00	 6.6771e-02	 3.2315e+02	 3.5609e+03
 1.9462e+04	 3.5094e+03	 1.6585e+00	 7.0420e-02	 3.2315e+02	 3.5634e+03
 2.9193e+04	 3.5094e+03	 1.6381e+00	 7.3949e-02	 3.2315e+02	 3.5686e+03
 4.3789e+04	 3.5094e+03	 1.6154e+00	 7.5106e-02	 3.2315e+02	 3.5711e+03
 6.5684e+04	 3.5094e+03	 1.5921e+00	 7.2155e-02	 3.2315e+02	 3.5738e+03
 9.8526e+04	 3.5094e+03	 1.5712e+00	 6.5092e-02	 3.2315e+02	 3.5788e+03
 1.4779e+05	 3.5094e+03	 1.5546e+00	 5.6275e-02	 3.2316e+02	 3.5812e+03
 2.2168e+05	 3.5094e+03	 1.5505e+00	 4.6055e-02	 3.2315e+02	 3.5837e+03
 3.3253e+05	 3.5094e+03	 1.5414e+00	 3.9414e-02	 3.2316e+02	 3.5864e+03
 4.9879e+05	 3.5094e+03	 1.5329e+00	 3.5323e-02	 3.2315e+02	 3.5888e+03
 7.4818e+05	 3.5094e+03	 1.5263e+00	 3.2297e-02	 3.2315e+02	 3.5916e+03
 9.0000e+05	 3.5094e+03	 1.5235e+00	 3.1303e-02	 3.2315e+02	 3.5941e+03
 1.0000e+02	 3.5913e+03	 1.8373e+00	 3.9193e-02	 3.2314e+02	 3.6036e+03
 1.5000e+02	 3.5913e+03	 1.8277e+00	 3.9691e-02	 3.2314e+02	 3.6059e+03
 2.2500e+02	 3.5913e+03	 1.8186e+00	 4.2800e-02	 3.2314e+02	 3.6114e+03
 3.3750e+02	 3.5913e+03	 1.8082e+00	 4.5740e-02	 3.2314e+02	 3.6141e+03
 5.0625e+02	 3.5913e+03	 1.7966e+00	 4.9025e-02	 3.2314e+02	 3.6166e+03
 7.5938e+02	 3.5913e+03	 1.7836e+00	 5.2462e-02	 3.2315e+02	 3.6193e+03
 1.1391e+03	 3.5913e+03	 1.7696e+00	 5.5613e-02	 3.2315e+02	 3.6224e+03
 1.7086e+03	 3.5913e+03	 1.7547e+00	 5.8261e-02	 3.2315e+02	 3.6249e+03
 2.5629e+03	 3.5913e+03	 1.7388e+00	 6.0227e-02	 3.2314e+02	 3.6301e+03
 3.8443e+03	 3.5913e+03	 1.7230e+00	 6.1534e-02	 3.2314e+02	 3.6325e+03
 5.7665e+03	 3.5913e+03	 1.7073e+00	 6.2604e-02	 3.2315e+02	 3.6352e+03
 8.6498e+03	 3.5913e+03	 1.6921e+00	 6.4149e-02	 3.2314e+02	 3.6377e+03
 1.2975e+04	 3.5913e+03	 1.6759e+00	 6.6644e-02	 3.2315e+02	 3.6428e+03
 1.9462e+04	 3.5913e+03	 1.6587e+00	 7.0330e-02	 3.2315e+02	 3.6452e+03
 2.9193e+04	 3.5913e+03	 1.6383e+00	 7.3871e-02	 3.2316e+02	 3.6503e+03
 4.3789e+04	 3.5913e+03	 1.6156e+00	 7.5030e-02	 3.2316e+02	 3.6528e+03
 6.5684e+04	 3.5913e+03	 1.5923e+00	 7.2311e-02	 3.2315e+02	 3.6556e+03
 9.8526e+04	 3.5913e+03	 1.5713e+00	 6.5150e-02	 3.2316e+02	 3.6609e+03
 1.4779e+05	 3.5913e+03	 1.5548e+00	 5.6259e-02	 3.2316e+02	 3.6633e+03
 2.2168e+05	 3.5913e+03	 1.5507e+00	 4.6096e-02	 3.2316e+02	 3.6658e+03
 3.3253e+05	 3.5913e+03	 1.5416e+00	 3.9493e-02	 3.2316e+02	 3.6683e+03
 4.9879e+05	 3.5913e+03	 1.5331e+00	 3.5339e-02	 3.2316e+02	 3.6708e+03
 7.4818e+05	 3.5913e+03	 1.5265e+00	 3.2312e-02	 3.2315e+02	 3.6733e+03
 9.0000e+05	 3.5913e+03	 1.5236e+00	 3.1298e-02	 3.2316e+02	 3.6758e+03
 1.0000e+02	 3.6730e+03	 1.8377e+00	 3.9269e-02	 3.2316e+02	 3.6853e+03
 1.5000e+02	 3.6730e+03	 1.8283e+00	 3.8868e-02	 3.2316e+02	 3.6878e+03
 2.2500e+02	 3.6730e+03	 1.8188e+00	 4.2798e-02	 3.2316e+02	 3.6929e+03
 3.3750e+02	 3.6730e+03	 1.8083e+00	 4.5707e-02	 3.2316e+02	 3.6954e+03
 5.0625e+02	 3.6730e+03	 1.7967e+00	 4.9007e-02	 3.2316e+02	 3.6981e+03
 7.5938e+02	 3.6730e+03	 1.7837e+00	 5.2559e-02	 3.2316e+02	 3.7006e+03
 1.1391e+03	 3.6730e+03	 1.7696e+00	 5.5659e-02	 3.2316e+02	 3.7031e+03
 1.7086e+03	 3.6730e+03	 1.7547e+00	 5.8237e-02	 3.2316e+02	 3.7058e+03
 2.5629e+03	 3.6730e+03	 1.7388e+00	 6.0102e-02	 3.2316e+02	 3.7109e+03
 3.8443e+03	 3.6730e+03	 1.7229e+00	 6.1444e-02	 3.2316e+02	 3.7133e+03
 5.7665e+03	 3.6730e+03	 1.7073e+00	 6.2507e-02	 3.2316e+02	 3.7158e+03
 8.6498e+03	 3.6730e+03	 1.6921e+00	 6.4046e-02	 3.2315e+02	 3.7184e+03
 1.2975e+04	 3.6730e+03	 1.6759e+00	 6.6594e-02	 3.2315e+02	 3.7236e+03
 1.9462e+04	 3.6730e+03	 1.6587e+00	 7.0219e-02	 3.2316e+02	 3.7261e+03
 2.9193e+04	 3.6730e+03	 1.6383e+00	 7.3803e-02	 3.2316e+02	 3.7312e+03
 4.3789e+04	 3.6730e+03	 1.6156e+00	 7.5100e-02	 3.2316e+02	 3.7337e+03
 6.5684e+04	 3.6730e+03	 1.5923e+00	 7.2117e-02	 3.2316e+02	 3.7365e+03
 9.8526e+04	 3.6730e+03	 1.5714e+00	 6.5230e-02	 3.2316e+02	 3.7418e+03
 1.4779e+05	 3.6730e+03	 1.5547e+00	 5.6244e-02	 3.2316e+02	 3.7442e+03
 2.2168e+05	 3.6730e+03	 1.5507e+00	 4.6138e-02	 3.2316e+02	 3.7469e+03
 3.3253e+05	 3.6730e+03	 1.5415e+00	 3.9537e-02	 3.2315e+02	 3.7494e+03
 4.9879e+05	 3.6730e+03	 1.5331e+00	 3.5309e-02	 3.2316e+02	 3.7521e+03
 7.4818e+05	 3.6730e+03	 1.5264e+00	 3.2273e-02	 3.2315e+02	 3.7548e+03
 9.0000e+05	 3.6730e+03	 1.5237e+00	 3.1315e-02	 3.2315e+02	 3.7572e+03
 1.0000e+02	 3.7544e+03	 1.8368e+00	 3.9251e-02	 3.2316e+02	 3.7666e+03
 1.5000e+02	 3.7544e+03	 1.8271e+00	 3.9630e-02	 3.2315e+02	 3.7693e+03
 2.2500e+02	 3.7544e+03	 1.8188e+00	 4.2872e-02	 3.2316e+02	 3.7742e+03
 3.3750e+02	 3.7544e+03	 1.8083e+00	 4.5677e-02	 3.2315e+02	 3.7768e+03
 5.0625e+02	 3.7544e+03	 1.7967e+00	 4.9068e-02	 3.2315e+02	 3.7792e+03
 7.5938e+02	 3.7544e+03	 1.7837e+00	 5.2501e-02	 3.2315e+02	 3.7819e+03
 1.1391e+03	 3.7544e+03	 1.7696e+00	 5.5685e-02	 3.2315e+02	 3.7848e+03
 1.7086e+03	 3.7544e+03	 1.7548e+00	 5.8245e-02	 3.2315e+02	 3.7874e+03
 2.5629e+03	 3.7544e+03	 1.7388e+00	 6.0146e-02	 3.2315e+02	 3.7924e+03
 3.8443e+03	 3.7544e+03	 1.7230e+00	 6.1385e-02	 3.2315e+02	 3.7951e+03
 5.7665e+03	 3.7544e+03	 1.7073e+00	 6.2461e-02	 3.2315e+02	 3.7976e+03
 8.6498e+03	 3.7544e+03	 1.6921e+00	 6.3964e-02	 3.2314e+02	 3.8001e+03
 1.2975e+04	 3.7544e+03	 1.6761e+00	 6.6503e-02	 3.2315e+02	 3.8051e+03
 1.9462e+04	 3.7544e+03	 1.6589e+00	 7.0168e-02	 3.2315e+02	 3.8078e+03
 2.9193e+04	 3.7544e+03	 1.6386e+00	 7.3777e-02	 3.2315e+02	 3.8128e+03
 4.3789e+04	 3.7544e+03	 1.6159e+00	 7.5080e-02	 3.2315e+02	 3.8153e+03
 6.5684e+04	 3.7544e+03	 1.5926e+00	 7.2132e-02	 3.2315e+02	 3.8181e+03
 9.8526e+04	 3.7544e+03	 1.5717e+00	 6.5247e-02	 3.2315e+02	 3.8234e+03
 1.4779e+05	 3.7544e+03	 1.5549e+00	 5.6291e-02	 3.2315e+02	 3.8259e+03
 2.2168e+05	 3.7544e+03	 1.5509e+00	 4.6170e-02	 3.2315e+02	 3.8283e+03
 3.3253e+05	 3.7544e+03	 1.5418e+00	 3.9509e-02	 3.2315e+02	 3.8311e+03
 4.9879e+05	 3.7544e+03	 1.5333e+00	 3.5337e-02	 3.2315e+02	 3.8335e+03
 7.4818e+05	 3.7544e+03	 1.5266e+00	 3.2360e-02	 3.2315e+02	 3.8363e+03
 9.0000e+05	 3.7544e+03	 1.5239e+00	 3.1314e-02	 3.2316e+02	 3.8388e+03
 1.0000e+02	 3.8360e+03	 1.8376e+00	 3.9114e-02	 3.2315e+02	 3.8481e+03
 1.5000e+02	 3.8360e+03	 1.8287e+00	 4.2060e-02	 3.2315e+02	 3.8505e+03
 2.2500e+02	 3.8360e+03	 1.8190e+00	 4.2921e-02	 3.2315e+02	 3.8558e+03
 3.3750e+02	 3.8360e+03	 1.8085e+00	 4.5705e-02	 3.2315e+02	 3.8582e+03
 5.0625e+02	 3.8360e+03	 1.7969e+00	 4.9023e-02	 3.2315e+02	 3.8609e+03
 7.5938e+02	 3.8360e+03	 1.7840e+00	 5.2449e-02	 3.2314e+02	 3.8633e+03
 1.1391e+03	 3.8360e+03	 1.7698e+00	 5.5654e-02	 3.2315e+02	 3.8661e+03
 1.7086e+03	 3.8360e+03	 1.7550e+00	 5.8264e-02	 3.2315e+02	 3.8686e+03
 2.5629e+03	 3.8360e+03	 1.7392e+00	 6.0201e-02	 3.2315e+02	 3.8738e+03
 3.8443e+03	 3.8360e+03	 1.7232e+00	 6.1359e-02	 3.2315e+02	 3.8762e+03
 5.7665e+03	 3.8360e+03	 1.7076e+00	 6.2424e-02	 3.2315e+02	 3.8789e+03
 8.6498e+03	 3.8360e+03	 1.6924e+00	 6.3880e-02	 3.2315e+02	 3.8814e+03
 1.2975e+04	 3.8360e+03	 1.6764e+00	 6.6407e-02	 3.2315e+02	 3.8866e+03
 1.9462e+04	 3.8360e+03	 1.6592e+00	 7.0078e-02	 3.2315e+02	 3.8890e+03
 2.9193e+04	 3.8360e+03	 1.6389e+00	 7.3727e-02	 3.2315e+02	 3.8941e+03
 4.3789e+04	 3.8360e+03	 1.6162e+00	 7.5092e-02	 3.2315e+02	 3.8965e+03
 6.5684e+04	 3.8360e+03	 1.5930e+00	 7.2232e-02	 3.2315e+02	 3.8991e+03
 9.8526e+04	 3.8360e+03	 1.5719e+00	 6.5308e-02	 3.2314e+02	 3.9041e+03
 1.4779e+05	 3.8360e+03	 1.5553e+00	 5.6426e-02	 3.2315e+02	 3.9068e+03
 2.2168e+05	 3.8360e+03	 1.5511e+00	 4.6219e-02	 3.2315e+02	 3.9092e+03
 3.3253e+05	 3.8360e+03	 1.5420e+00	 3.9559e-02	 3.2315e+02	 3.9119e+03
 4.9879e+05	 3.8360e+03	 1.5335e+00	 3.5265e-02	 3.2315e+02	 3.9144e+03
 7.4818e+05	 3.8360e+03	 1.5269e+00	 3.2287e-02	 3.2315e+02	 3.9174e+03
 9.0000e+05	 3.8360e+03	 1.5241e+00	 3.1340e-02	 3.2315e+02	 3.9199e+03
 1.0000e+02	 3.9172e+03	 1.8372e+00	 3.9677e-02	 3.2315e+02	 3.9293e+03
 1.5000e+02	 3.9172e+03	 1.8286e+00	 4.0957e-02	 3.2315e+02	 3.9317e+03
 2.2500e+02	 3.9172e+03	 1.8192e+00	 4.2934e-02	 3.2315e+02	 3.9368e+03
 3.3750e+02	 3.9172e+03	 1.8087e+00	 4.5716e-02	 3.2315e+02	 3.9392e+03
 5.0625e+02	 3.9172e+03	 1.7971e+00	 4.8964e-02	 3.2315e+02	 3.9418e+03
 7.5938e+02	 3.9172e+03	 1.7842e+00	 5.2442e-02	 3.2315e+02	 3.9442e+03
 1.1391e+03	 3.9172e+03	 1.7700e+00	 5.5640e-02	 3.2315e+02	 3.9468e+03
 1.7086e+03	 3.9172e+03	 1.7551e+00	 5.8303e-02	 3.2315e+02	 3.9495e+03
 2.5629e+03	 3.9172e+03	 1.7392e+00	 6.0108e-02	 3.2316e+02	 3.9548e+03
 3.8443e+03	 3.9172e+03	 1.7233e+00	 6.1350e-02	 3.2315e+02	 3.9573e+03
 5.7665e+03	 3.9172e+03	 1.7077e+00	 6.2387e-02	 3.2315e+02	 3.9601e+03
 8.6498e+03	 3.9172e+03	 1.6926e+00	 6.3812e-02	 3.2315e+02	 3.9626e+03
 1.2975e+04	 3.9172e+03	 1.6766e+00	 6.6336e-02	 3.2315e+02	 3.9678e+03
 1.9462e+04	 3.9172e+03	 1.6594e+00	 7.0019e-02	 3.2315e+02	 3.9705e+03
 2.9193e+04	 3.9172e+03	 1.6391e+00	 7.3660e-02	 3.2315e+02	 3.9755e+03
 4.3789e+04	 3.9172e+03	 1.6165e+00	 7.5042e-02	 3.2315e+02	 3.9780e+03
 6.5684e+04	 3.9172e+03	 1.5932e+00	 7.2284e-02	 3.2315e+02	 3.9805e+03
 9.8526e+04	 3.9172e+03	 1.5722e+00	 6.5342e-02	 3.2315e+02	 3.9855e+03
 1.4779e+05	 3.9172e+03	 1.5554e+00	 5.6509e-02	 3.2315e+02	 3.9879e+03
 2.2168e+05	 3.9172e+03	 1.5513e+00	 4.6271e-02	 3.2315e+02	 3.9907e+03
 3.3253e+05	 3.9172e+03	 1.5422e+00	 3.9566e-02	 3.2315e+02	 3.9932e+03
 4.9879e+05	 3.9172e+03	 1.5337e+00	 3.5364e-02	 3.2315e+02	 3.9961e+03
 7.4818e+05	 3.9172e+03	 1.5270e+00	 3.2384e-02	 3.2315e+02	 3.9987e+03
 9.0000e+05	 3.9172e+03	 1.5243e+00	 3.1379e-02	 3.2314e+02	 4.0014e+03
 1.0000e+02	 3.9986e+03	 1.8373e+00	 3.9421e-02	 3.2315e+02	 4.0105e+03
 1.5000e+02	 3.9986e+03	 1.8288e+00	 4.1237e-02	 3.2315e+02	 4.0131e+03
 2.2500e+02	 3.9986e+03	 1.8194e+00	 4.2872e-02	 3.2315e+02	 4.0183e+03
 3.3750e+02	 3.9986e+03	 1.8088e+00	 4.5746e-02	 3.2314e+02	 4.0208e+03
 5.0625e+02	 3.9986e+03	 1.7973e+00	 4.9067e-02	 3.2315e+02	 4.0232e+03
 7.5938e+02	 3.9986e+03	 1.7843e+00	 5.2472e-02	 3.2315e+02	 4.0258e+03
 1.1391e+03	 3.9986e+03	 1.7701e+00	 5.5640e-02	 3.2315e+02	 4.0284e+03
 1.7086e+03	 3.9986e+03	 1.7552e+00	 5.8251e-02	 3.2315e+02	 4.0311e+03
 2.5629e+03	 3.9986e+03	 1.7394e+00	 6.0095e-02	 3.2315e+02	 4.0364e+03
 3.8443e+03	 3.9986e+03	 1.7235e+00	 6.1354e-02	 3.2315e+02	 4.0389e+03
 5.7665e+03	 3.9986e+03	 1.7079e+00	 6.2303e-02	 3.2315e+02	 4.0416e+03
 8.6498e+03	 3.9986e+03	 1.6928e+00	 6.3752e-02	 3.2315e+02	 4.0441e+03
 1.2975e+04	 3.9986e+03	 1.6768e+00	 6.6268e-02	 3.2315e+02	 4.0492e+03
 1.9462e+04	 3.9986e+03	 1.6597e+00	 6.9924e-02	 3.2315e+02	 4.0517e+03
 2.9193e+04	 3.9986e+03	 1.6395e+00	 7.3607e-02	 3.2315e+02	 4.0568e+03
 4.3789e+04	 3.9986e+03	 1.6169e+00	 7.5047e-02	 3.2315e+02	 4.0592e+03
 6.5684e+04	 3.9986e+03	 1.5935e+00	 7.2178e-02	 3.2315e+02	 4.0618e+03
 9.8526e+04	 3.9986e+03	 1.5726e+00	 6.5391e-02	 3.2315e+02	 4.0671e+03
 1.4779e+05	 3.9986e+03	 1.5557e+00	 5.6414e-02	 3.2315e+02	 4.0695e+03
 2.2168e+05	 3.9986e+03	 1.5516e+00	 4.6302e-02	 3.2315e+02	 4.0722e+03
 3.3253e+05	 3.9986e+03	 1.5424e+00	 3.9579e-02	 3.2315e+02	 4.0746e+03
 4.9879e+05	 3.9986e+03	 1.5339e+00	 3.5385e-02	 3.2315e+02	 4.0771e+03
 7.4818e+05	 3.9986e+03	 1.5272e+00	 3.2397e-02	 3.2316e+02	 4.0798e+03
 9.0000e+05	 3.9986e+03	 1.5245e+00	 3.1418e-02	 3.2315e+02	 4.0822e+03
 1.0000e+02	 4.0795e+03	 1.8380e+00	 3.9025e-02	 3.2315e+02	 4.0917e+03
 1.5000e+02	 4.0795e+03	 1.8295e+00	 4.0765e-02	 3.2316e+02	 4.0941e+03
 2.2500e+02	 4.0795e+03	 1.8197e+00	 4.2835e-02	 3.2316e+02	 4.0991e+03
 3.3750e+02	 4.0795e+03	 1.8091e+00	 4.5687e-02	 3.2316e+02	 4.1016e+03
 5.0625e+02	 4.0795e+03	 1.7975e+00	 4.9022e-02	 3.2316e+02	 4.1042e+03
 7.5938e+02	 4.0795e+03	 1.7845e+00	 5.2429e-02	 3.2316e+02	 4.1067e+03
 1.1391e+03	 4.0795e+03	 1.7704e+00	 5.5665e-02	 3.2316e+02	 4.1095e+03
 1.7086e+03	 4.0795e+03	 1.7554e+00	 5.8265e-02	 3.2315e+02	 4.1121e+03
 2.5629e+03	 4.0795e+03	 1.7395e+00	 6.0062e-02	 3.2315e+02	 4.1172e+03
 3.8443e+03	 4.0795e+03	 1.7236e+00	 6.1275e-02	 3.2315e+02	 4.1198e+03
 5.7665e+03	 4.0795e+03	 1.7080e+00	 6.2319e-02	 3.2315e+02	 4.1223e+03
 8.6498e+03	 4.0795e+03	 1.6930e+00	 6.3711e-02	 3.2315e+02	 4.1248e+03
 1.2975e+04	 4.0795e+03	 1.6769e+00	 6.6227e-02	 3.2316e+02	 4.1298e+03
 1.9462e+04	 4.0795e+03	 1.6598e+00	 6.9897e-02	 3.2315e+02	 4.1322e+03
 2.9193e+04	 4.0795e+03	 1.6397e+00	 7.3624e-02	 3.2315e+02	 4.1374e+03
 4.3789e+04	 4.0795e+03	 1.6170e+00	 7.5040e-02	 3.2315e+02	 4.1399e+03
 6.5684e+04	 4.0795e+03	 1.5937e+00	 7.2226e-02	 3.2314e+02	 4.1426e+03
 9.8526e+04	 4.0795e+03	 1.5726e+00	 6.5420e-02	 3.2314e+02	 4.1479e+03
 1.4779e+05	 4.0795e+03	 1.5558e+00	 5.6490e-02	 3.2314e+02	 4.1504e+03
 2.2168e+05	 4.0795e+03	 1.5516e+00	 4.6320e-02	 3.2314e+02	 4.1528e+03
 3.3253e+05	 4.0795e+03	 1.5425e+00	 3.9599e-02	 3.2313e+02	 4.1554e+03
 4.9879e+05	 4.0795e+03	 1.5340e+00	 3.5409e-02	 3.2314e+02	 4.1579e+03
 7.4818e+05	 4.0795e+03	 1.5274e+00	 3.2396e-02	 3.2313e+02	 4.1606e+03
 9.0000e+05	 4.0795e+03	 1.5246e+00	 3.1357e-02	 3.2313e+02	 4.1631e+03
 1.0000e+02	 4.1603e+03	 1.8379e+00	 3.9886e-02	 3.2313e+02	 4.1724e+03
 1.5000e+02	 4.1603e+03	 1.8298e+00	 3.9417e-02	 3.2314e+02	 4.1748e+03
 2.2500e+02	 4.1603e+03	 1.8197e+00	 4.2915e-02	 3.2314e+02	 4.1800e+03
 3.3750e+02	 4.1603e+03	 1.8094e+00	 4.5729e-02	 3.2314e+02	 4.1824e+03
 5.0625e+02	 4.1603e+03	 1.7977e+00	 4.9039e-02	 3.2314e+02	 4.1849e+03
 7.5938e+02	 4.1603e+03	 1.7848e+00	 5.2482e-02	 3.2314e+02	 4.1876e+03
 1.1391e+03	 4.1603e+03	 1.7706e+00	 5.5726e-02	 3.2314e+02	 4.1902e+03
 1.7086e+03	 4.1603e+03	 1.7557e+00	 5.8234e-02	 3.2314e+02	 4.1927e+03
 2.5629e+03	 4.1603e+03	 1.7399e+00	 6.0137e-02	 3.2315e+02	 4.1981e+03
 3.8443e+03	 4.1603e+03	 1.7240e+00	 6.1276e-02	 3.2315e+02	 4.2006e+03
 5.7665e+03	 4.1603e+03	 1.7084e+00	 6.2264e-02	 3.2315e+02	 4.2031e+03
 8.6498e+03	 4.1603e+03	 1.6933e+00	 6.3646e-02	 3.2314e+02	 4.2056e+03
 1.2975e+04	 4.1603e+03	 1.6773e+00	 6.6165e-02	 3.2314e+02	 4.2108e+03
 1.9462e+04	 4.1603e+03	 1.6603e+00	 6.9861e-02	 3.2315e+02	 4.2132e+03
 2.9193e+04	 4.1603e+03	 1.6401e+00	 7.3544e-02	 3.2315e+02	 4.2183e+03
 4.3789e+04	 4.1603e+03	 1.6175e+00	 7.5075e-02	 3.2315e+02	 4.2208e+03
 6.5684e+04	 4.1603e+03	 1.5941e+00	 7.2341e-02	 3.2315e+02	 4.2234e+03
 9.8526e+04	 4.1603e+03	 1.5729e+00	 6.5379e-02	 3.2315e+02	 4.2284e+03
 1.4779e+05	 4.1603e+03	 1.5562e+00	 5.6447e-02	 3.2316e+02	 4.2311e+03
 2.2168e+05	 4.1603e+03	 1.5436e+00	 4.7908e-02	 3.2315e+02	 4.2335e+03
 3.3253e+05	 4.1603e+03	 1.5429e+00	 3.9618e-02	 3.2316e+02	 4.2359e+03
 4.9879e+05	 4.1603e+03	 1.5343e+00	 3.5388e-02	 3.2316e+02	 4.2384e+03
 7.4818e+05	 4.1603e+03	 1.5276e+00	 3.2417e-02	 3.2315e+02	 4.2410e+03
 9.0000e+05	 4.1603e+03	 1.5249e+00	 3.1441e-02	 3.2316e+02	 4.2438e+03
 1.0000e+02	 4.2410e+03	 1.8384e+00	 3.9079e-02	 3.2316e+02	 4.2533e+03
 1.5000e+02	 4.2410e+03	 1.8287e+00	 4.0213e-02	 3.2315e+02	 4.2556e+03
 2.2500e+02	 4.2410e+03	 1.8198e+00	 4.2963e-02	 3.2316e+02	 4.2608e+03
 3.3750e+02	 4.2410e+03	 1.8094e+00	 4.5768e-02	 3.2316e+02	 4.2632e+03
 5.0625e+02	 4.2410e+03	 1.7977e+00	 4.9070e-02	 3.2316e+02	 4.2659e+03
 7.5938e+02	 4.2410e+03	 1.7847e+00	 5.2516e-02	 3.2315e+02	 4.2684e+03
 1.1391e+03	 4.2410e+03	 1.7706e+00	 5.5702e-02	 3.2316e+02	 4.2713e+03
 1.7086e+03	 4.2410e+03	 1.7556e+00	 5.8248e-02	 3.2316e+02	 4.2738e+03
 2.5629e+03	 4.2410e+03	 1.7397e+00	 6.0051e-02	 3.2316e+02	 4.2789e+03
 3.8443e+03	 4.2410e+03	 1.7239e+00	 6.1247e-02	 3.2316e+02	 4.2814e+03
 5.7665e+03	 4.2410e+03	 1.7083e+00	 6.2201e-02	 3.2316e+02	 4.2841e+03
 8.6498e+03	 4.2410e+03	 1.6933e+00	 6.3586e-02	 3.2316e+02	 4.2866e+03
 1.2975e+04	 4.2410e+03	 1.6774e+00	 6.6056e-02	 3.2316e+02	 4.2915e+03
 1.9462e+04	 4.2410e+03	 1.6604e+00	 6.9732e-02	 3.2316e+02	 4.2941e+03
 2.9193e+04	 4.2410e+03	 1.6402e+00	 7.3520e-02	 3.2316e+02	 4.2993e+03
 4.3789e+04	 4.2410e+03	 1.6176e+00	 7.4897e-02	 3.2316e+02	 4.3021e+03
 6.5684e+04	 4.2410e+03	 1.5942e+00	 7.2313e-02	 3.2316e+02	 4.3046e+03
 9.8526e+04	 4.2410e+03	 1.5732e+00	 6.5452e-02	 3.2316e+02	 4.3096e+03
 1.4779e+05	 4.2410e+03	 1.5562e+00	 5.6498e-02	 3.2316e+02	 4.3120e+03
 2.2168e+05	 4.2410e+03	 1.5436e+00	 4.7934e-02	 3.2316e+02	 4.3144e+03
 3.3253e+05	 4.2410e+03	 1.5429e+00	 3.9645e-02	 3.2316e+02	 4.3172e+03
 4.9879e+05	 4.2410e+03	 1.5344e+00	 3.5393e-02	 3.2316e+02	 4.3197e+03
 7.4818e+05	 4.2410e+03	 1.5277e+00	 3.2335e-02	 3.2316e+02	 4.3226e+03
 9.0000e+05	 4.2410e+03	 1.5249e+00	 3.1390e-02	 3.2316e+02	 4.3251e+03
 1.0000e+02	 4.3223e+03	 1.8379e+00	 3.9383e-02	 3.2315e+02	 4.3344e+03
 1.5000e+02	 4.3223e+03	 1.8279e+00	 3.9817e-02	 3.2315e+02	 4.3368e+03
 2.2500e+02	 4.3223e+03	 1.8198e+00	 4.2914e-02	 3.2316e+02	 4.3422e+03
 3.3750e+02	 4.3223e+03	 1.8093e+00	 4.5703e-02	 3.2315e+02	 4.3450e+03
 5.0625e+02	 4.3223e+03	 1.7977e+00	 4.9129e-02	 3.2315e+02	 4.3475e+03
 7.5938e+02	 4.3223e+03	 1.7847e+00	 5.2545e-02	 3.2315e+02	 4.3501e+03
 1.1391e+03	 4.3223e+03	 1.7706e+00	 5.5682e-02	 3.2315e+02	 4.3527e+03
 1.7086e+03	 4.3223e+03	 1.7557e+00	 5.8231e-02	 3.2315e+02	 4.3554e+03
 2.5629e+03	 4.3223e+03	 1.7398e+00	 6.0053e-02	 3.2315e+02	 4.3604e+03
 3.8443e+03	 4.3223e+03	 1.7239e+00	 6.1205e-02	 3.2315e+02	 4.3631e+03
 5.7665e+03	 4.3223e+03	 1.7084e+00	 6.2159e-02	 3.2315e+02	 4.3655e+03
 8.6498e+03	 4.3223e+03	 1.6933e+00	 6.3523e-02	 3.2315e+02	 4.3683e+03
 1.2975e+04	 4.3223e+03	 1.6774e+00	 6.5972e-02	 3.2314e+02	 4.3732e+03
 1.9462e+04	 4.3223e+03	 1.6605e+00	 6.9700e-02	 3.2315e+02	 4.3758e+03
 2.9193e+04	 4.3223e+03	 1.6404e+00	 7.3456e-02	 3.2315e+02	 4.3808e+03
 4.3789e+04	 4.3223e+03	 1.6178e+00	 7.5016e-02	 3.2315e+02	 4.3833e+03
 6.5684e+04	 4.3223e+03	 1.5945e+00	 7.2329e-02	 3.2315e+02	 4.3858e+03
 9.8526e+04	 4.3223e+03	 1.5732e+00	 6.5528e-02	 3.2315e+02	 4.3910e+03
 1.4779e+05	 4.3223e+03	 1.5564e+00	 5.6573e-02	 3.2315e+02	 4.3934e+03
 2.2168e+05	 4.3223e+03	 1.5438e+00	 4.7998e-02	 3.2315e+02	 4.3961e+03
 3.3253e+05	 4.3223e+03	 1.5431e+00	 3.9651e-02	 3.2315e+02	 4.3986e+03
 4.9879e+05	 4.3223e+03	 1.5345e+00	 3.5427e-02	 3.2315e+02	 4.4013e+03
 7.4818e+05	 4.3223e+03	 1.5279e+00	 3.2425e-02	 3.2315e+02	 4.4039e+03
 9.0000e+05	 4.3223e+03	 1.5250e+00	 3.1414e-02	 3.2315e+02	 4.4066e+03
 1.0000e+02	 4.4038e+03	 1.8388e+00	 3.9325e-02	 3.2314e+02	 4.4158e+03
 1.5000e+02	 4.4038e+03	 1.8300e+00	 3.9342e-02	 3.2315e+02	 4.4183e+03
 2.2500e+02	 4.4038e+03	 1.8200e+00	 4.2852e-02	 3.2314e+02	 4.4236e+03
 3.3750e+02	 4.4038e+03	 1.8095e+00	 4.5805e-02	 3.2314e+02	 4.4262e+03
 5.0625e+02	 4.4038e+03	 1.7979e+00	 4.9064e-02	 3.2314e+02	 4.4290e+03
 7.5938e+02	 4.4038e+03	 1.7850e+00	 5.2534e-02	 3.2314e+02	 4.4314e+03
 1.1391e+03	 4.4038e+03	 1.7708e+00	 5.5729e-02	 3.2314e+02	 4.4341e+03
 1.7086e+03	 4.4038e+03	 1.7559e+00	 5.8223e-02	 3.2314e+02	 4.4368e+03
 2.5629e+03	 4.4038e+03	 1.7400e+00	 6.0034e-02	 3.2315e+02	 4.4419e+03
 3.8443e+03	 4.4038e+03	 1.7241e+00	 6.1194e-02	 3.2314e+02	 4.4443e+03
 5.7665e+03	 4.4038e+03	 1.7085e+00	 6.2125e-02	 3.2315e+02	 4.4469e+03
 8.6498e+03	 4.4038e+03	 1.6936e+00	 6.3452e-02	 3.2315e+02	 4.4494e+03
 1.2975e+04	 4.4038e+03	 1.6776e+00	 6.5929e-02	 3.2315e+02	 4.4546e+03
 1.9462e+04	 4.4038e+03	 1.6608e+00	 6.9645e-02	 3.2315e+02	 4.4570e+03
 2.9193e+04	 4.4038e+03	 1.6407e+00	 7.3440e-02	 3.2315e+02	 4.4621e+03
 4.3789e+04	 4.4038e+03	 1.6181e+00	 7.5030e-02	 3.2315e+02	 4.4646e+03
 6.5684e+04	 4.4038e+03	 1.5947e+00	 7.2266e-02	 3.2315e+02	 4.4673e+03
 9.8526e+04	 4.4038e+03	 1.5736e+00	 6.5555e-02	 3.2316e+02	 4.4726e+03
 1.4779e+05	 4.4038e+03	 1.5567e+00	 5.6620e-02	 3.2315e+02	 4.4750e+03
 2.2168e+05	 4.4038e+03	 1.5440e+00	 4.8002e-02	 3.2315e+02	 4.4776e+03
 3.3253e+05	 4.4038e+03	 1.5432e+00	 3.9680e-02	 3.2315e+02	 4.4802e+03
 4.9879e+05	 4.4038e+03	 1.5346e+00	 3.5496e-02	 3.2315e+02	 4.4827e+03
 7.4818e+05	 4.4038e+03	 1.5280e+00	 3.2422e-02	 3.2315e+02	 4.4853e+03
 9.0000e+05	 4.4038e+03	 1.5252e+00	 3.1402e-02	 3.2314e+02	 4.4878e+03
 1.0000e+02	 4.4850e+03	 1.8386e+00	 3.9240e-02	 3.2316e+02	 4.4970e+03
 1.5000e+02	 4.4850e+03	 1.8303e+00	 4.2102e-02	 3.2315e+02	 4.4994e+03
 2.2500e+02	 4.4850e+03	 1.8201e+00	 4.2888e-02	 3.2315e+02	 4.5046e+03
 3.3750e+02	 4.4850e+03	 1.8097e+00	 4.5771e-02	 3.2315e+02	 4.5071e+03
 5.0625e+02	 4.4850e+03	 1.7980e+00	 4.9198e-02	 3.2315e+02	 4.5099e+03
 7.5938e+02	 4.4850e+03	 1.7851e+00	 5.2574e-02	 3.2315e+02	 4.5124e+03
 1.1391e+03	 4.4850e+03	 1.7709e+00	 5.5718e-02	 3.2315e+02	 4.5151e+03
 1.7086e+03	 4.4850e+03	 1.7560e+00	 5.8269e-02	 3.2315e+02	 4.5176e+03
 2.5629e+03	 4.4850e+03	 1.7400e+00	 6.0065e-02	 3.2315e+02	 4.5228e+03
 3.8443e+03	 4.4850e+03	 1.7242e+00	 6.1174e-02	 3.2316e+02	 4.5254e+03
 5.7665e+03	 4.4850e+03	 1.7087e+00	 6.2064e-02	 3.2316e+02	 4.5281e+03
 8.6498e+03	 4.4850e+03	 1.6937e+00	 6.3368e-02	 3.2316e+02	 4.5305e+03
 1.2975e+04	 4.4850e+03	 1.6778e+00	 6.5907e-02	 3.2315e+02	 4.5356e+03
 1.9462e+04	 4.4850e+03	 1.6608e+00	 6.9610e-02	 3.2315e+02	 4.5383e+03
 2.9193e+04	 4.4850e+03	 1.6408e+00	 7.3356e-02	 3.2315e+02	 4.5436e+03
 4.3789e+04	 4.4850e+03	 1.6182e+00	 7.4859e-02	 3.2315e+02	 4.5461e+03
 6.5684e+04	 4.4850e+03	 1.5948e+00	 7.2355e-02	 3.2315e+02	 4.5486e+03
 9.8526e+04	 4.4850e+03	 1.5738e+00	 6.5577e-02	 3.2315e+02	 4.5536e+03
 1.4779e+05	 4.4850e+03	 1.5567e+00	 5.6659e-02	 3.2315e+02	 4.5563e+03
 2.2168e+05	 4.4850e+03	 1.5441e+00	 4.8043e-02	 3.2315e+02	 4.5588e+03
 3.3253e+05	 4.4850e+03	 1.5434e+00	 3.9650e-02	 3.2315e+02	 4.5612e+03
 4.9879e+05	 4.4850e+03	 1.5348e+00	 3.5416e-02	 3.2315e+02	 4.5638e+03
 7.4818e+05	 4.4850e+03	 1.5281e+00	 3.2375e-02	 3.2315e+02	 4.5664e+03
 9.0000e+05	 4.4850e+03	 1.5254e+00	 3.1376e-02	 3.2315e+02	 4.5691e+03
 1.0000e+02	 4.5663e+03	 1.8389e+00	 3.9908e-02	 3.2316e+02	 4.5780e+03
 1.5000e+02	 4.5663e+03	 1.8308e+00	 4.1097e-02	 3.2315e+02	 4.5808e+03
 2.2500e+02	 4.5663e+03	 1.8202e+00	 4.2981e-02	 3.2315e+02	 4.5857e+03
 3.3750e+02	 4.5663e+03	 1.8096e+00	 4.5782e-02	 3.2315e+02	 4.5883e+03
 5.0625e+02	 4.5663e+03	 1.7980e+00	 4.9129e-02	 3.2315e+02	 4.5907e+03
 7.5938e+02	 4.5663e+03	 1.7850e+00	 5.2569e-02	 3.2315e+02	 4.5934e+03
 1.1391e+03	 4.5663e+03	 1.7709e+00	 5.5679e-02	 3.2314e+02	 4.5960e+03
 1.7086e+03	 4.5663e+03	 1.7559e+00	 5.8228e-02	 3.2315e+02	 4.5985e+03
 2.5629e+03	 4.5663e+03	 1.7401e+00	 5.9986e-02	 3.2315e+02	 4.6034e+03
 3.8443e+03	 4.5663e+03	 1.7242e+00	 6.1139e-02	 3.2314e+02	 4.6061e+03
 5.7665e+03	 4.5663e+03	 1.7087e+00	 6.1992e-02	 3.2315e+02	 4.6086e+03
 8.6498e+03	 4.5663e+03	 1.6937e+00	 6.3336e-02	 3.2315e+02	 4.6110e+03
 1.2975e+04	 4.5663e+03	 1.6779e+00	 6.5815e-02	 3.2315e+02	 4.6161e+03
 1.9462e+04	 4.5663e+03	 1.6610e+00	 6.9513e-02	 3.2315e+02	 4.6189e+03
 2.9193e+04	 4.5663e+03	 1.6410e+00	 7.3359e-02	 3.2315e+02	 4.6242e+03
 4.3789e+04	 4.5663e+03	 1.6185e+00	 7.4916e-02	 3.2315e+02	 4.6267e+03
 6.5684e+04	 4.5663e+03	 1.5951e+00	 7.2453e-02	 3.2315e+02	 4.6291e+03
 9.8526e+04	 4.5663e+03	 1.5739e+00	 6.5592e-02	 3.2315e+02	 4.6343e+03
 1.4779e+05	 4.5663e+03	 1.5570e+00	 5.6751e-02	 3.2315e+02	 4.6369e+03
 2.2168e+05	 4.5663e+03	 1.5443e+00	 4.8025e-02	 3.2315e+02	 4.6394e+03
 3.3253e+05	 4.5663e+03	 1.5434e+00	 3.9691e-02	 3.2315e+02	 4.6420e+03
 4.9879e+05	 4.5663e+03	 1.5349e+00	 3.5482e-02	 3.2315e+02	 4.6446e+03
 7.4818e+05	 4.5663e+03	 1.5283e+00	 3.2413e-02	 3.2315e+02	 4.6472e+03
 9.0000e+05	 4.5663e+03	 1.5255e+00	 3.1417e-02	 3.2315e+02	 4.6498e+03
 1.0000e+02	 4.6471e+03	 1.8389e+00	 3.9910e-02	 3.2315e+02	 4.6589e+03
 1.5000e+02	 4.6471e+03	 1.8291e+00	 4.0241e-02	 3.2315e+02	 4.6616e+03
 2.2500e+02	 4.6471e+03	 1.8203e+00	 4.2887e-02	 3.2315e+02	 4.6669e+03
 3.3750e+02	 4.6471e+03	 1.8098e+00	 4.5799e-02	 3.2316e+02	 4.6693e+03
 5.0625e+02	 4.6471e+03	 1.7981e+00	 4.9153e-02	 3.2315e+02	 4.6718e+03
 7.5938e+02	 4.6471e+03	 1.7852e+00	 5.2515e-02	 3.2315e+02	 4.6744e+03
 1.1391e+03	 4.6471e+03	 1.7710e+00	 5.5665e-02	 3.2315e+02	 4.6770e+03
 1.7086e+03	 4.6471e+03	 1.7561e+00	 5.8241e-02	 3.2315e+02	 4.6797e+03
 2.5629e+03	 4.6471e+03	 1.7401e+00	 6.0052e-02	 3.2315e+02	 4.6849e+03
 3.8443e+03	 4.6471e+03	 1.7243e+00	 6.1111e-02	 3.2314e+02	 4.6874e+03
 5.7665e+03	 4.6471e+03	 1.7087e+00	 6.2015e-02	 3.2315e+02	 4.6898e+03
 8.6498e+03	 4.6471e+03	 1.6938e+00	 6.3285e-02	 3.2314e+02	 4.6926e+03
 1.2975e+04	 4.6471e+03	 1.6780e+00	 6.5759e-02	 3.2315e+02	 4.6975e+03
 1.9462e+04	 4.6471e+03	 1.6612e+00	 6.9467e-02	 3.2315e+02	 4.7000e+03
 2.9193e+04	 4.6471e+03	 1.6411e+00	 7.3280e-02	 3.2315e+02	 4.7053e+03
 4.3789e+04	 4.6471e+03	 1.6186e+00	 7.4953e-02	 3.2315e+02	 4.7078e+03
 6.5684e+04	 4.6471e+03	 1.5952e+00	 7.2345e-02	 3.2315e+02	 4.7105e+03
 9.8526e+04	 4.6471e+03	 1.5741e+00	 6.5601e-02	 3.2315e+02	 4.7154e+03
 1.4779e+05	 4.6471e+03	 1.5571e+00	 5.6638e-02	 3.2315e+02	 4.7181e+03
 2.2168e+05	 4.6471e+03	 1.5444e+00	 4.8030e-02	 3.2315e+02	 4.7206e+03
 3.3253e+05	 4.6471e+03	 1.5436e+00	 3.9707e-02	 3.2315e+02	 4.7232e+03
 4.9879e+05	 4.6471e+03	 1.5350e+00	 3.5416e-02	 3.2315e+02	 4.7256e+03
 7.4818e+05	 4.6471e+03	 1.5284e+00	 3.2327e-02	 3.2315e+02	 4.7282e+03
 9.0000e+05	 4.6471e+03	 1.5257e+00	 3.1420e-02	 3.2315e+02	 4.7306e+03
 1.0000e+02	 4.7279e+03	 1.8388e+00	 4.0029e-02	 3.2315e+02	 4.7398e+03
 1.5000e+02	 4.7279e+03	 1.8304e+00	 4.0725e-02	 3.2314e+02	 4.7423e+03
 2.2500e+02	 4.7279e+03	 1.8205e+00	 4.2909e-02	 3.2315e+02	 4.7476e+03
 3.3750e+02	 4.7279e+03	 1.8100e+00	 4.5800e-02	 3.2315e+02	 4.7500e+03
 5.0625e+02	 4.7279e+03	 1.7983e+00	 4.9131e-02	 3.2315e+02	 4.7525e+03
 7.5938e+02	 4.7279e+03	 1.7854e+00	 5.2545e-02	 3.2315e+02	 4.7549e+03
 1.1391e+03	 4.7279e+03	 1.7711e+00	 5.5724e-02	 3.2315e+02	 4.7575e+03
 1.7086e+03	 4.7279e+03	 1.7562e+00	 5.8270e-02	 3.2315e+02	 4.7601e+03
 2.5629e+03	 4.7279e+03	 1.7403e+00	 6.0003e-02	 3.2314e+02	 4.7654e+03
 3.8443e+03	 4.7279e+03	 1.7244e+00	 6.1057e-02	 3.2315e+02	 4.7680e+03
 5.7665e+03	 4.7279e+03	 1.7089e+00	 6.1920e-02	 3.2315e+02	 4.7704e+03
 8.6498e+03	 4.7279e+03	 1.6940e+00	 6.3251e-02	 3.2315e+02	 4.7731e+03
 1.2975e+04	 4.7279e+03	 1.6782e+00	 6.5733e-02	 3.2315e+02	 4.7784e+03
 1.9462e+04	 4.7279e+03	 1.6614e+00	 6.9413e-02	 3.2315e+02	 4.7808e+03
 2.9193e+04	 4.7279e+03	 1.6414e+00	 7.3296e-02	 3.2315e+02	 4.7859e+03
 4.3789e+04	 4.7279e+03	 1.6189e+00	 7.4957e-02	 3.2314e+02	 4.7883e+03
 6.5684e+04	 4.7279e+03	 1.5955e+00	 7.2392e-02	 3.2315e+02	 4.7908e+03
 9.8526e+04	 4.7279e+03	 1.5742e+00	 6.5658e-02	 3.2315e+02	 4.7959e+03
 1.4779e+05	 4.7279e+03	 1.5573e+00	 5.6728e-02	 3.2315e+02	 4.7984e+03
 2.2168e+05	 4.7279e+03	 1.5446e+00	 4.8077e-02	 3.2315e+02	 4.8010e+03
 3.3253e+05	 4.7279e+03	 1.5438e+00	 3.9681e-02	 3.2315e+02	 4.8035e+03
 4.9879e+05	 4.7279e+03	 1.5352e+00	 3.5502e-02	 3.2315e+02	 4.8061e+03
 7.4818e+05	 4.7279e+03	 1.5286e+00	 3.2420e-02	 3.2315e+02	 4.8086e+03
 9.0000e+05	 4.7279e+03	 1.5257e+00	 3.1444e-02	 3.2314e+02	 4.8113e+03
 1.0000e+02	 4.8086e+03	 1.8396e+00	 3.9535e-02	 3.2315e+02	 4.8205e+03
 1.5000e+02	 4.8086e+03	 1.8298e+00	 4.0499e-02	 3.2315e+02	 4.8230e+03
 2.2500e+02	 4.8086e+03	 1.8207e+00	 4.2977e-02	 3.2315e+02	 4.8282e+03
 3.3750e+02	 4.8086e+03	 1.8101e+00	 4.5891e-02	 3.2316e+02	 4.8306e+03
 5.0625e+02	 4.8086e+03	 1.7984e+00	 4.9146e-02	 3.2315e+02	 4.8331e+03
 7.5938e+02	 4.8086e+03	 1.7855e+00	 5.2550e-02	 3.2315e+02	 4.8358e+03
 1.1391e+03	 4.8086e+03	 1.7713e+00	 5.5667e-02	 3.2315e+02	 4.8385e+03
 1.7086e+03	 4.8086e+03	 1.7563e+00	 5.8240e-02	 3.2315e+02	 4.8411e+03
 2.5629e+03	 4.8086e+03	 1.7404e+00	 5.9971e-02	 3.2315e+02	 4.8463e+03
 3.8443e+03	 4.8086e+03	 1.7245e+00	 6.1064e-02	 3.2315e+02	 4.8488e+03
 5.7665e+03	 4.8086e+03	 1.7090e+00	 6.1893e-02	 3.2315e+02	 4.8512e+03
 8.6498e+03	 4.8086e+03	 1.6941e+00	 6.3218e-02	 3.2315e+02	 4.8538e+03
 1.2975e+04	 4.8086e+03	 1.6783e+00	 6.5614e-02	 3.2315e+02	 4.8587e+03
 1.9462e+04	 4.8086e+03	 1.6615e+00	 6.9344e-02	 3.2315e+02	 4.8615e+03
 2.9193e+04	 4.8086e+03	 1.6415e+00	 7.3202e-02	 3.2315e+02	 4.8666e+03
 4.3789e+04	 4.8086e+03	 1.6190e+00	 7.4864e-02	 3.2316e+02	 4.8691e+03
 6.5684e+04	 4.8086e+03	 1.5956e+00	 7.2551e-02	 3.2315e+02	 4.8715e+03
 9.8526e+04	 4.8086e+03	 1.5743e+00	 6.5670e-02	 3.2315e+02	 4.8766e+03
 1.4779e+05	 4.8086e+03	 1.5574e+00	 5.6833e-02	 3.2315e+02	 4.8791e+03
 2.2168e+05	 4.8086e+03	 1.5447e+00	 4.8044e-02	 3.2315e+02	 4.8818e+03
 3.3253e+05	 4.8086e+03	 1.5439e+00	 3.9750e-02	 3.2315e+02	 4.8842e+03
 4.9879e+05	 4.8086e+03	 1.5353e+00	 3.5436e-02	 3.2315e+02	 4.8868e+03
 7.4818e+05	 4.8086e+03	 1.5287e+00	 3.2357e-02	 3.2315e+02	 4.8894e+03
 9.0000e+05	 4.8086e+03	 1.5259e+00	 3.1409e-02	 3.2315e+02	 4.8921e+03
 1.0000e+02	 4.8893e+03	 1.8394e+00	 3.9176e-02	 3.2315e+02	 4.9013e+03
 1.5000e+02	 4.8893e+03	 1.8299e+00	 4.0435e-02	 3.2315e+02	 4.9037e+03
 2.2500e+02	 4.8893e+03	 1.8207e+00	 4.2976e-02	 3.2315e+02	 4.9086e+03
 3.3750e+02	 4.8893e+03	 1.8103e+00	 4.5820e-02	 3.2315e+02	 4.9113e+03
 5.0625e+02	 4.8893e+03	 1.7985e+00	 4.9189e-02	 3.2315e+02	 4.9138e+03
 7.5938e+02	 4.8893e+03	 1.7856e+00	 5.2563e-02	 3.2315e+02	 4.9164e+03
 1.1391e+03	 4.8893e+03	 1.7715e+00	 5.5729e-02	 3.2315e+02	 4.9190e+03
 1.7086e+03	 4.8893e+03	 1.7565e+00	 5.8315e-02	 3.2315e+02	 4.9215e+03
 2.5629e+03	 4.8893e+03	 1.7405e+00	 5.9981e-02	 3.2315e+02	 4.9266e+03
 3.8443e+03	 4.8893e+03	 1.7247e+00	 6.1051e-02	 3.2316e+02	 4.9294e+03
 5.7665e+03	 4.8893e+03	 1.7092e+00	 6.1883e-02	 3.2315e+02	 4.9318e+03
 8.6498e+03	 4.8893e+03	 1.6943e+00	 6.3190e-02	 3.2316e+02	 4.9344e+03
 1.2975e+04	 4.8893e+03	 1.6785e+00	 6.5585e-02	 3.2315e+02	 4.9395e+03
 1.9462e+04	 4.8893e+03	 1.6618e+00	 6.9303e-02	 3.2315e+02	 4.9420e+03
 2.9193e+04	 4.8893e+03	 1.6418e+00	 7.3171e-02	 3.2315e+02	 4.9472e+03
 4.3789e+04	 4.8893e+03	 1.6192e+00	 7.4857e-02	 3.2315e+02	 4.9496e+03
 6.5684e+04	 4.8893e+03	 1.5958e+00	 7.2551e-02	 3.2315e+02	 4.9521e+03
 9.8526e+04	 4.8893e+03	 1.5744e+00	 6.5676e-02	 3.2315e+02	 4.9573e+03
 1.4779e+05	 4.8893e+03	 1.5575e+00	 5.6884e-02	 3.2315e+02	 4.9599e+03
 2.2168e+05	 4.8893e+03	 1.5448e+00	 4.8088e-02	 3.2315e+02	 4.9624e+03
 3.3253e+05	 4.8893e+03	 1.5439e+00	 3.9746e-02	 3.2315e+02	 4.9648e+03
 4.9879e+05	 4.8893e+03	 1.5354e+00	 3.5415e-02	 3.2315e+02	 4.9674e+03
 7.4818e+05	 4.8893e+03	 1.5286e+00	 3.2479e-02	 3.2315e+02	 4.9700e+03
 9.0000e+05	 4.8893e+03	 1.5260e+00	 3.1435e-02	 3.2315e+02	 4.9727e+03
 1.0000e+02	 4.9699e+03	 1.8393e+00	 4.0190e-02	 3.2315e+02	 4.9818e+03
 1.5000e+02	 4.9699e+03	 1.8302e+00	 3.9922e-02	 3.2315e+02	 4.9843e+03
 2.2500e+02	 4.9699e+03	 1.8206e+00	 4.2912e-02	 3.2315e+02	 4.9893e+03
 3.3750e+02	 4.9699e+03	 1.8102e+00	 4.5855e-02	 3.2315e+02	 4.9919e+03
 5.0625e+02	 4.9699e+03	 1.7986e+00	 4.9162e-02	 3.2315e+02	 4.9943e+03
 7.5938e+02	 4.9699e+03	 1.7856e+00	 5.2534e-02	 3.2315e+02	 4.9968e+03
 1.1391e+03	 4.9699e+03	 1.7714e+00	 5.5726e-02	 3.2315e+02	 4.9993e+03
 1.7086e+03	 4.9699e+03	 1.7564e+00	 5.8295e-02	 3.2315e+02	 5.0019e+03
 2.5629e+03	 4.9699e+03	 1.7405e+00	 6.0014e-02	 3.2315e+02	 5.0071e+03
 3.8443e+03	 4.9699e+03	 1.7247e+00	 6.1043e-02	 3.2315e+02	 5.0098e+03
 5.7665e+03	 4.9699e+03	 1.7091e+00	 6.1823e-02	 3.2316e+02	 5.0123e+03
 8.6498e+03	 4.9699e+03	 1.6942e+00	 6.3102e-02	 3.2315e+02	 5.0147e+03
 1.2975e+04	 4.9699e+03	 1.6785e+00	 6.5541e-02	 3.2315e+02	 5.0199e+03
 1.9462e+04	 4.9699e+03	 1.6618e+00	 6.9259e-02	 3.2315e+02	 5.0226e+03
 2.9193e+04	 4.9699e+03	 1.6419e+00	 7.3169e-02	 3.2315e+02	 5.0276e+03
 4.3789e+04	 4.9699e+03	 1.6193e+00	 7.4912e-02	 3.2315e+02	 5.0301e+03
 6.5684e+04	 4.9699e+03	 1.5960e+00	 7.2443e-02	 3.2316e+02	 5.0325e+03
 9.8526e+04	 4.9699e+03	 1.5746e+00	 6.5728e-02	 3.2315e+02	 5.0376e+03
 1.4779e+05	 4.9699e+03	 1.5578e+00	 5.6853e-02	 3.2315e+02	 5.0400e+03
 2.2168e+05	 4.9699e+03	 1.5449e+00	 4.8161e-02	 3.2315e+02	 5.0425e+03
 3.3253e+05	 4.9699e+03	 1.5440e+00	 3.9750e-02	 3.2315e+02	 5.0451e+03
 4.9879e+05	 4.9699e+03	 1.5356e+00	 3.5457e-02	 3.2315e+02	 5.0476e+03
 7.4818e+05	 4.9699e+03	 1.5289e+00	 3.2407e-02	 3.2314e+02	 5.0502e+03
 9.0000e+05	 4.9699e+03	 1.5261e+00	 3.1476e-02	 3.2314e+02	 5.0526e+03
 1.0000e+02	 5.0499e+03	 1.8389e+00	 3.9732e-02	 3.2315e+02	 5.0621e+03
 1.5000e+02	 5.0499e+03	 1.8292e+00	 4.0922e-02	 3.2315e+02	 5.0645e+03
 2.2500e+02	 5.0499e+03	 1.8207e+00	 4.3024e-02	 3.2315e+02	 5.0696e+03
 3.3750e+02	 5.0499e+03	 1.8102e+00	 4.5893e-02	 3.2314e+02	 5.0721e+03
 5.0625e+02	 5.0499e+03	 1.7986e+00	 4.9202e-02	 3.2314e+02	 5.0748e+03
 7.5938e+02	 5.0499e+03	 1.7856e+00	 5.2582e-02	 3.2315e+02	 5.0773e+03
 1.1391e+03	 5.0499e+03	 1.7714e+00	 5.5719e-02	 3.2314e+02	 5.0801e+03
 1.7086e+03	 5.0499e+03	 1.7564e+00	 5.8205e-02	 3.2315e+02	 5.0826e+03
 2.5629e+03	 5.0499e+03	 1.7405e+00	 5.9898e-02	 3.2315e+02	 5.0876e+03
 3.8443e+03	 5.0499e+03	 1.7247e+00	 6.0985e-02	 3.2315e+02	 5.0900e+03
 5.7665e+03	 5.0499e+03	 1.7092e+00	 6.1775e-02	 3.2314e+02	 5.0925e+03
 8.6498e+03	 5.0499e+03	 1.6943e+00	 6.3038e-02	 3.2314e+02	 5.0951e+03
 1.2975e+04	 5.0499e+03	 1.6787e+00	 6.5483e-02	 3.2315e+02	 5.1004e+03
 1.9462e+04	 5.0499e+03	 1.6619e+00	 6.9233e-02	 3.2315e+02	 5.1028e+03
 2.9193e+04	 5.0499e+03	 1.6420e+00	 7.3101e-02	 3.2315e+02	 5.1080e+03
 4.3789e+04	 5.0499e+03	 1.6196e+00	 7.4797e-02	 3.2315e+02	 5.1104e+03
 6.5684e+04	 5.0499e+03	 1.5962e+00	 7.2406e-02	 3.2315e+02	 5.1131e+03
 9.8526e+04	 5.0499e+03	 1.5750e+00	 6.5709e-02	 3.2315e+02	 5.1184e+03
 1.4779e+05	 5.0499e+03	 1.5579e+00	 5.6818e-02	 3.2315e+02	 5.1208e+03
 2.2168e+05	 5.0499e+03	 1.5451e+00	 4.8173e-02	 3.2315e+02	 5.1233e+03
 3.3253e+05	 5.0499e+03	 1.5443e+00	 3.9756e-02	 3.2315e+02	 5.1257e+03
 4.9879e+05	 5.0499e+03	 1.5358e+00	 3.5496e-02	 3.2315e+02	 5.1281e+03
 7.4818e+05	 5.0499e+03	 1.5290e+00	 3.2448e-02	 3.2315e+02	 5.1306e+03
 9.0000e+05	 5.0499e+03	 1.5262e+00	 3.1445e-02	 3.2315e+02	 5.1332e+03
 1.0000e+02	 5.1304e+03	 1.8395e+00	 3.9943e-02	 3.2315e+02	 5.1423e+03
 1.5000e+02	 5.1304e+03	 1.8302e+00	 4.1020e-02	 3.2315e+02	 5.1448e+03
 2.2500e+02	 5.1304e+03	 1.8210e+00	 4.3023e-02	 3.2315e+02	 5.1498e+03
 3.3750e+02	 5.1304e+03	 1.8104e+00	 4.5890e-02	 3.2315e+02	 5.1523e+03
 5.0625e+02	 5.1304e+03	 1.7988e+00	 4.9187e-02	 3.2315e+02	 5.1548e+03
 7.5938e+02	 5.1304e+03	 1.7858e+00	 5.2610e-02	 3.2315e+02	 5.1572e+03
 1.1391e+03	 5.1304e+03	 1.7716e+00	 5.5695e-02	 3.2315e+02	 5.1598e+03
 1.7086e+03	 5.1304e+03	 1.7566e+00	 5.8268e-02	 3.2315e+02	 5.1623e+03
 2.5629e+03	 5.1304e+03	 1.7407e+00	 6.0000e-02	 3.2315e+02	 5.1674e+03
 3.8443e+03	 5.1304e+03	 1.7248e+00	 6.0982e-02	 3.2315e+02	 5.1698e+03
 5.7665e+03	 5.1304e+03	 1.7093e+00	 6.1775e-02	 3.2315e+02	 5.1726e+03
 8.6498e+03	 5.1304e+03	 1.6945e+00	 6.2982e-02	 3.2315e+02	 5.1750e+03
 1.2975e+04	 5.1304e+03	 1.6788e+00	 6.5437e-02	 3.2315e+02	 5.1801e+03
 1.9462e+04	 5.1304e+03	 1.6621e+00	 6.9142e-02	 3.2315e+02	 5.1826e+03
 2.9193e+04	 5.1304e+03	 1.6422e+00	 7.3093e-02	 3.2315e+02	 5.1878e+03
 4.3789e+04	 5.1304e+03	 1.6197e+00	 7.4873e-02	 3.2315e+02	 5.1904e+03
 6.5684e+04	 5.1304e+03	 1.5963e+00	 7.2382e-02	 3.2315e+02	 5.1929e+03
 9.8526e+04	 5.1304e+03	 1.5751e+00	 6.5751e-02	 3.2315e+02	 5.1981e+03
 1.4779e+05	 5.1304e+03	 1.5580e+00	 5.6828e-02	 3.2316e+02	 5.2005e+03
 2.2168e+05	 5.1304e+03	 1.5453e+00	 4.8126e-02	 3.2315e+02	 5.2033e+03
 3.3253e+05	 5.1304e+03	 1.5443e+00	 3.9781e-02	 3.2315e+02	 5.2058e+03
 4.9879e+05	 5.1304e+03	 1.5360e+00	 3.5549e-02	 3.2315e+02	 5.2086e+03
 7.4818e+05	 5.1304e+03	 1.5292e+00	 3.2468e-02	 3.2315e+02	 5.2111e+03
 9.0000e+05	 5.1304e+03	 1.5263e+00	 3.1494e-02	 3.2315e+02	 5.2135e+03
 1.0000e+02	 5.2108e+03	 1.8394e+00	 4.0024e-02	 3.2314e+02	 5.2227e+03
 1.5000e+02	 5.2108e+03	 1.8304e+00	 4.1319e-02	 3.2315e+02	 5.2251e+03
 2.2500e+02	 5.2108e+03	 1.8210e+00	 4.3032e-02	 3.2315e+02	 5.2303e+03
 3.3750e+02	 5.2108e+03	 1.8104e+00	 4.5873e-02	 3.2315e+02	 5.2327e+03
 5.0625e+02	 5.2108e+03	 1.7988e+00	 4.9190e-02	 3.2315e+02	 5.2355e+03
 7.5938e+02	 5.2108e+03	 1.7859e+00	 5.2688e-02	 3.2315e+02	 5.2380e+03
 1.1391e+03	 5.2108e+03	 1.7716e+00	 5.5690e-02	 3.2315e+02	 5.2406e+03
 1.7086e+03	 5.2108e+03	 1.7567e+00	 5.8312e-02	 3.2315e+02	 5.2431e+03
 2.5629e+03	 5.2108e+03	 1.7408e+00	 5.9926e-02	 3.2315e+02	 5.2482e+03
 3.8443e+03	 5.2108e+03	 1.7249e+00	 6.0971e-02	 3.2315e+02	 5.2506e+03
 5.7665e+03	 5.2108e+03	 1.7095e+00	 6.1715e-02	 3.2314e+02	 5.2533e+03
 8.6498e+03	 5.2108e+03	 1.6946e+00	 6.2982e-02	 3.2315e+02	 5.2559e+03
 1.2975e+04	 5.2108e+03	 1.6790e+00	 6.5367e-02	 3.2315e+02	 5.2611e+03
 1.9462e+04	 5.2108e+03	 1.6623e+00	 6.9121e-02	 3.2315e+02	 5.2635e+03
 2.9193e+04	 5.2108e+03	 1.6424e+00	 7.3033e-02	 3.2315e+02	 5.2688e+03
 4.3789e+04	 5.2108e+03	 1.6199e+00	 7.4798e-02	 3.2315e+02	 5.2714e+03
 6.5684e+04	 5.2108e+03	 1.5965e+00	 7.2592e-02	 3.2315e+02	 5.2739e+03
 9.8526e+04	 5.2108e+03	 1.5751e+00	 6.5734e-02	 3.2315e+02	 5.2791e+03
 1.4779e+05	 5.2108e+03	 1.5581e+00	 5.6941e-02	 3.2314e+02	 5.2815e+03
 2.2168e+05	 5.2108e+03	 1.5454e+00	 4.8131e-02	 3.2315e+02	 5.2840e+03
 3.3253e+05	 5.2108e+03	 1.5445e+00	 3.9789e-02	 3.2315e+02	 5.2866e+03
 4.9879e+05	 5.2108e+03	 1.5361e+00	 3.5459e-02	 3.2315e+02	 5.2890e+03
 7.4818e+05	 5.2108e+03	 1.5292e+00	 3.2463e-02	 3.2315e+02	 5.2917e+03
 9.0000e+05	 5.2108e+03	 1.5265e+00	 3.1453e-02	 3.2315e+02	 5.2941e+03
 1.0000e+02	 5.2913e+03	 1.8392e+00	 3.9784e-02	 3.2315e+02	 5.3036e+03
 1.5000e+02	 5.2913e+03	 1.8305e+00	 3.9346e-02	 3.2315e+02	 5.3060e+03
 2.2500e+02	 5.2913e+03	 1.8210e+00	 4.2919e-02	 3.2315e+02	 5.3112e+03
 3.3750e+02	 5.2913e+03	 1.8106e+00	 4.5912e-02	 3.2314e+02	 5.3136e+03
 5.0625e+02	 5.2913e+03	 1.7989e+00	 4.9271e-02	 3.2315e+02	 5.3163e+03
 7.5938e+02	 5.2913e+03	 1.7859e+00	 5.2676e-02	 3.2315e+02	 5.3188e+03
 1.1391e+03	 5.2913e+03	 1.7717e+00	 5.5738e-02	 3.2314e+02	 5.3214e+03
 1.7086e+03	 5.2913e+03	 1.7567e+00	 5.8251e-02	 3.2315e+02	 5.3240e+03
 2.5629e+03	 5.2913e+03	 1.7408e+00	 5.9942e-02	 3.2315e+02	 5.3291e+03
 3.8443e+03	 5.2913e+03	 1.7250e+00	 6.0972e-02	 3.2315e+02	 5.3315e+03
 5.7665e+03	 5.2913e+03	 1.7095e+00	 6.1688e-02	 3.2315e+02	 5.3340e+03
 8.6498e+03	 5.2913e+03	 1.6947e+00	 6.2895e-02	 3.2315e+02	 5.3367e+03
 1.2975e+04	 5.2913e+03	 1.6790e+00	 6.5323e-02	 3.2315e+02	 5.3419e+03
 1.9462e+04	 5.2913e+03	 1.6624e+00	 6.9096e-02	 3.2315e+02	 5.3443e+03
 2.9193e+04	 5.2913e+03	 1.6426e+00	 7.3026e-02	 3.2316e+02	 5.3495e+03
 4.3789e+04	 5.2913e+03	 1.6202e+00	 7.4876e-02	 3.2316e+02	 5.3519e+03
 6.5684e+04	 5.2913e+03	 1.5967e+00	 7.2410e-02	 3.2315e+02	 5.3545e+03
 9.8526e+04	 5.2913e+03	 1.5755e+00	 6.5760e-02	 3.2315e+02	 5.3595e+03
 1.4779e+05	 5.2913e+03	 1.5583e+00	 5.6943e-02	 3.2315e+02	 5.3620e+03
 2.2168e+05	 5.2913e+03	 1.5456e+00	 4.8202e-02	 3.2315e+02	 5.3645e+03
 3.3253e+05	 5.2913e+03	 1.5446e+00	 3.9775e-02	 3.2315e+02	 5.3671e+03
 4.9879e+05	 5.2913e+03	 1.5362e+00	 3.5443e-02	 3.2315e+02	 5.3696e+03
 7.4818e+05	 5.2913e+03	 1.5294e+00	 3.2399e-02	 3.2315e+02	 5.3721e+03
 9.0000e+05	 5.2913e+03	 1.5267e+00	 3.1450e-02	 3.2315e+02	 5.3748e+03
 1.0000e+02	 5.3720e+03	 1.8400e+00	 3.9984e-02	 3.2315e+02	 5.3839e+03
 1.5000e+02	 5.3720e+03	 1.8287e+00	 4.1069e-02	 3.2315e+02	 5.3863e+03
 2.2500e+02	 5.3720e+03	 1.8214e+00	 4.2989e-02	 3.2315e+02	 5.3913e+03
 3.3750e+02	 5.3720e+03	 1.8107e+00	 4.5920e-02	 3.2315e+02	 5.3938e+03
 5.0625e+02	 5.3720e+03	 1.7990e+00	 4.9326e-02	 3.2315e+02	 5.3963e+03
 7.5938e+02	 5.3720e+03	 1.7860e+00	 5.2635e-02	 3.2315e+02	 5.3987e+03
 1.1391e+03	 5.3720e+03	 1.7718e+00	 5.5710e-02	 3.2315e+02	 5.4015e+03
 1.7086e+03	 5.3720e+03	 1.7568e+00	 5.8331e-02	 3.2315e+02	 5.4039e+03
 2.5629e+03	 5.3720e+03	 1.7408e+00	 6.0003e-02	 3.2315e+02	 5.4090e+03
 3.8443e+03	 5.3720e+03	 1.7250e+00	 6.0913e-02	 3.2315e+02	 5.4114e+03
 5.7665e+03	 5.3720e+03	 1.7096e+00	 6.1694e-02	 3.2315e+02	 5.4141e+03
 8.6498e+03	 5.3720e+03	 1.6948e+00	 6.2860e-02	 3.2314e+02	 5.4165e+03
 1.2975e+04	 5.3720e+03	 1.6791e+00	 6.5274e-02	 3.2314e+02	 5.4219e+03
 1.9462e+04	 5.3720e+03	 1.6625e+00	 6.8987e-02	 3.2314e+02	 5.4243e+03
 2.9193e+04	 5.3720e+03	 1.6427e+00	 7.2961e-02	 3.2314e+02	 5.4293e+03
 4.3789e+04	 5.3720e+03	 1.6202e+00	 7.4839e-02	 3.2313e+02	 5.4319e+03
 6.5684e+04	 5.3720e+03	 1.5969e+00	 7.2581e-02	 3.2313e+02	 5.4344e+03
 9.8526e+04	 5.3720e+03	 1.5754e+00	 6.5750e-02	 3.2313e+02	 5.4396e+03
 1.4779e+05	 5.3720e+03	 1.5585e+00	 5.6912e-02	 3.2313e+02	 5.4420e+03
 2.2168e+05	 5.3720e+03	 1.5456e+00	 4.8160e-02	 3.2314e+02	 5.4445e+03
 3.3253e+05	 5.3720e+03	 1.5448e+00	 3.9800e-02	 3.2313e+02	 5.4469e+03
 4.9879e+05	 5.3720e+03	 1.5364e+00	 3.5503e-02	 3.2313e+02	 5.4494e+03
 7.4818e+05	 5.3720e+03	 1.5297e+00	 3.2464e-02	 3.2314e+02	 5.4521e+03
 9.0000e+05	 5.3720e+03	 1.5269e+00	 3.1482e-02	 3.2314e+02	 5.4546e+03
 1.0000e+02	 5.4518e+03	 1.8400e+00	 3.9244e-02	 3.2314e+02	 5.4638e+03
 1.5000e+02	 5.4518e+03	 1.8316e+00	 4.3356e-02	 3.2315e+02	 5.4661e+03
 2.2500e+02	 5.4518e+03	 1.8216e+00	 4.3048e-02	 3.2315e+02	 5.4714e+03
 3.3750e+02	 5.4518e+03	 1.8112e+00	 4.5961e-02	 3.2314e+02	 5.4738e+03
 5.0625e+02	 5.4518e+03	 1.7994e+00	 4.9363e-02	 3.2315e+02	 5.4766e+03
 7.5938e+02	 5.4518e+03	 1.7864e+00	 5.2685e-02	 3.2315e+02	 5.4790e+03
 1.1391e+03	 5.4518e+03	 1.7722e+00	 5.5786e-02	 3.2315e+02	 5.4819e+03
 1.7086e+03	 5.4518e+03	 1.7571e+00	 5.8306e-02	 3.2315e+02	 5.4843e+03
 2.5629e+03	 5.4518e+03	 1.7412e+00	 6.0006e-02	 3.2315e+02	 5.4893e+03
 3.8443e+03	 5.4518e+03	 1.7254e+00	 6.0958e-02	 3.2315e+02	 5.4918e+03
 5.7665e+03	 5.4518e+03	 1.7099e+00	 6.1604e-02	 3.2315e+02	 5.4942e+03
 8.6498e+03	 5.4518e+03	 1.6951e+00	 6.2858e-02	 3.2315e+02	 5.4968e+03
 1.2975e+04	 5.4518e+03	 1.6794e+00	 6.5271e-02	 3.2315e+02	 5.5021e+03
 1.9462e+04	 5.4518e+03	 1.6629e+00	 6.9008e-02	 3.2315e+02	 5.5045e+03
 2.9193e+04	 5.4518e+03	 1.6431e+00	 7.2930e-02	 3.2316e+02	 5.5096e+03
 4.3789e+04	 5.4518e+03	 1.6206e+00	 7.4821e-02	 3.2315e+02	 5.5121e+03
 6.5684e+04	 5.4518e+03	 1.5972e+00	 7.2475e-02	 3.2316e+02	 5.5149e+03
 9.8526e+04	 5.4518e+03	 1.5757e+00	 6.5836e-02	 3.2316e+02	 5.5201e+03
 1.4779e+05	 5.4518e+03	 1.5587e+00	 5.6870e-02	 3.2316e+02	 5.5226e+03
 2.2168e+05	 5.4518e+03	 1.5459e+00	 4.8240e-02	 3.2316e+02	 5.5250e+03
 3.3253e+05	 5.4518e+03	 1.5449e+00	 3.9819e-02	 3.2315e+02	 5.5276e+03
 4.9879e+05	 5.4518e+03	 1.5366e+00	 3.5449e-02	 3.2315e+02	 5.5301e+03
 7.4818e+05	 5.4518e+03	 1.5297e+00	 3.2526e-02	 3.2315e+02	 5.5326e+03
 9.0000e+05	 5.4518e+03	 1.5270e+00	 3.1506e-02	 3.2315e+02	 5.5351e+03
 1.0000e+02	 5.5323e+03	 1.8405e+00	 3.9788e-02	 3.2315e+02	 5.5443e+03
 1.5000e+02	 5.5323e+03	 1.8289e+00	 4.0794e-02	 3.2315e+02	 5.5467e+03
 2.2500e+02	 5.5323e+03	 1.8215e+00	 4.3123e-02	 3.2315e+02	 5.5519e+03
 3.3750e+02	 5.5323e+03	 1.8109e+00	 4.5952e-02	 3.2315e+02	 5.5544e+03
 5.0625e+02	 5.5323e+03	 1.7992e+00	 4.9301e-02	 3.2316e+02	 5.5569e+03
 7.5938e+02	 5.5323e+03	 1.7862e+00	 5.2611e-02	 3.2315e+02	 5.5596e+03
 1.1391e+03	 5.5323e+03	 1.7720e+00	 5.5781e-02	 3.2315e+02	 5.5622e+03
 1.7086e+03	 5.5323e+03	 1.7569e+00	 5.8302e-02	 3.2315e+02	 5.5648e+03
 2.5629e+03	 5.5323e+03	 1.7410e+00	 5.9943e-02	 3.2315e+02	 5.5698e+03
 3.8443e+03	 5.5323e+03	 1.7252e+00	 6.0903e-02	 3.2315e+02	 5.5723e+03
 5.7665e+03	 5.5323e+03	 1.7097e+00	 6.1558e-02	 3.2315e+02	 5.5748e+03
 8.6498e+03	 5.5323e+03	 1.6950e+00	 6.2815e-02	 3.2315e+02	 5.5773e+03
 1.2975e+04	 5.5323e+03	 1.6794e+00	 6.5207e-02	 3.2315e+02	 5.5824e+03
 1.9462e+04	 5.5323e+03	 1.6628e+00	 6.8945e-02	 3.2315e+02	 5.5851e+03
 2.9193e+04	 5.5323e+03	 1.6430e+00	 7.2890e-02	 3.2314e+02	 5.5904e+03
 4.3789e+04	 5.5323e+03	 1.6206e+00	 7.4854e-02	 3.2315e+02	 5.5929e+03
 6.5684e+04	 5.5323e+03	 1.5971e+00	 7.2526e-02	 3.2315e+02	 5.5957e+03
 9.8526e+04	 5.5323e+03	 1.5756e+00	 6.5811e-02	 3.2315e+02	 5.6007e+03
 1.4779e+05	 5.5323e+03	 1.5587e+00	 5.6890e-02	 3.2314e+02	 5.6033e+03
 2.2168e+05	 5.5323e+03	 1.5459e+00	 4.8219e-02	 3.2315e+02	 5.6057e+03
 3.3253e+05	 5.5323e+03	 1.5449e+00	 3.9782e-02	 3.2315e+02	 5.6081e+03
 4.9879e+05	 5.5323e+03	 1.5366e+00	 3.5448e-02	 3.2315e+02	 5.6108e+03
 7.4818e+05	 5.5323e+03	 1.5297e+00	 3.2512e-02	 3.2315e+02	 5.6132e+03
 9.0000e+05	 5.5323e+03	 1.5270e+00	 3.1480e-02	 3.2315e+02	 5.6159e+03
 1.0000e+02	 5.6131e+03	 1.8400e+00	 3.9493e-02	 3.2316e+02	 5.6250e+03
 1.5000e+02	 5.6131e+03	 1.8323e+00	 4.2870e-02	 3.2315e+02	 5.6277e+03
 2.2500e+02	 5.6131e+03	 1.8217e+00	 4.3307e-02	 3.2316e+02	 5.6330e+03
 3.3750e+02	 5.6131e+03	 1.8110e+00	 4.5999e-02	 3.2316e+02	 5.6354e+03
 5.0625e+02	 5.6131e+03	 1.7994e+00	 4.9263e-02	 3.2315e+02	 5.6378e+03
 7.5938e+02	 5.6131e+03	 1.7863e+00	 5.2654e-02	 3.2315e+02	 5.6406e+03
 1.1391e+03	 5.6131e+03	 1.7721e+00	 5.5828e-02	 3.2315e+02	 5.6432e+03
 1.7086e+03	 5.6131e+03	 1.7571e+00	 5.8297e-02	 3.2316e+02	 5.6458e+03
 2.5629e+03	 5.6131e+03	 1.7410e+00	 5.9887e-02	 3.2315e+02	 5.6511e+03
 3.8443e+03	 5.6131e+03	 1.7253e+00	 6.0869e-02	 3.2315e+02	 5.6537e+03
 5.7665e+03	 5.6131e+03	 1.7098e+00	 6.1529e-02	 3.2315e+02	 5.6561e+03
 8.6498e+03	 5.6131e+03	 1.6951e+00	 6.2730e-02	 3.2315e+02	 5.6588e+03
 1.2975e+04	 5.6131e+03	 1.6795e+00	 6.5138e-02	 3.2315e+02	 5.6639e+03
 1.9462e+04	 5.6131e+03	 1.6629e+00	 6.8895e-02	 3.2315e+02	 5.6664e+03
 2.9193e+04	 5.6131e+03	 1.6432e+00	 7.2887e-02	 3.2316e+02	 5.6716e+03
 4.3789e+04	 5.6131e+03	 1.6208e+00	 7.4703e-02	 3.2315e+02	 5.6740e+03
 6.5684e+04	 5.6131e+03	 1.5973e+00	 7.2651e-02	 3.2316e+02	 5.6765e+03
 9.8526e+04	 5.6131e+03	 1.5759e+00	 6.5807e-02	 3.2316e+02	 5.6816e+03
 1.4779e+05	 5.6131e+03	 1.5587e+00	 5.7034e-02	 3.2316e+02	 5.6843e+03
 2.2168e+05	 5.6131e+03	 1.5460e+00	 4.8275e-02	 3.2316e+02	 5.6868e+03
 3.3253e+05	 5.6131e+03	 1.5449e+00	 3.9829e-02	 3.2316e+02	 5.6892e+03
 4.9879e+05	 5.6131e+03	 1.5366e+00	 3.5607e-02	 3.2315e+02	 5.6919e+03
 7.4818e+05	 5.6131e+03	 1.5298e+00	 3.2495e-02	 3.2316e+02	 5.6944e+03
 9.0000e+05	 5.6131e+03	 1.5269e+00	 3.1500e-02	 3.2315e+02	 5.6971e+03
 1.0000e+02	 5.6944e+03	 1.8403e+00	 4.0010e-02	 3.2316e+02	 5.7066e+03
 1.5000e+02	 5.6944e+03	 1.8323e+00	 4.0520e-02	 3.2315e+02	 5.7090e+03
 2.2500e+02	 5.6944e+03	 1.8216e+00	 4.3061e-02	 3.2315e+02	 5.7141e+03
 3.3750e+02	 5.6944e+03	 1.8110e+00	 4.5969e-02	 3.2315e+02	 5.7166e+03
 5.0625e+02	 5.6944e+03	 1.7993e+00	 4.9317e-02	 3.2315e+02	 5.7193e+03
 7.5938e+02	 5.6944e+03	 1.7863e+00	 5.2731e-02	 3.2315e+02	 5.7218e+03
 1.1391e+03	 5.6944e+03	 1.7721e+00	 5.5821e-02	 3.2315e+02	 5.7246e+03
 1.7086e+03	 5.6944e+03	 1.7571e+00	 5.8249e-02	 3.2315e+02	 5.7271e+03
 2.5629e+03	 5.6944e+03	 1.7411e+00	 5.9899e-02	 3.2315e+02	 5.7323e+03
 3.8443e+03	 5.6944e+03	 1.7252e+00	 6.0845e-02	 3.2315e+02	 5.7348e+03
 5.7665e+03	 5.6944e+03	 1.7098e+00	 6.1515e-02	 3.2315e+02	 5.7374e+03
 8.6498e+03	 5.6944e+03	 1.6950e+00	 6.2731e-02	 3.2315e+02	 5.7399e+03
 1.2975e+04	 5.6944e+03	 1.6795e+00	 6.5112e-02	 3.2315e+02	 5.7451e+03
 1.9462e+04	 5.6944e+03	 1.6629e+00	 6.8857e-02	 3.2315e+02	 5.7476e+03
 2.9193e+04	 5.6944e+03	 1.6432e+00	 7.2880e-02	 3.2315e+02	 5.7527e+03
 4.3789e+04	 5.6944e+03	 1.6208e+00	 7.4734e-02	 3.2315e+02	 5.7553e+03
 6.5684e+04	 5.6944e+03	 1.5974e+00	 7.2509e-02	 3.2315e+02	 5.7578e+03
 9.8526e+04	 5.6944e+03	 1.5761e+00	 6.5839e-02	 3.2315e+02	 5.7631e+03
 1.4779e+05	 5.6944e+03	 1.5589e+00	 5.6951e-02	 3.2315e+02	 5.7656e+03
 2.2168e+05	 5.6944e+03	 1.5461e+00	 4.8250e-02	 3.2315e+02	 5.7680e+03
 3.3253e+05	 5.6944e+03	 1.5451e+00	 3.9873e-02	 3.2315e+02	 5.7706e+03
 4.9879e+05	 5.6944e+03	 1.5366e+00	 3.5480e-02	 3.2315e+02	 5.7730e+03
 7.4818e+05	 5.6944e+03	 1.5298e+00	 3.2464e-02	 3.2315e+02	 5.7755e+03
 9.0000e+05	 5.6944e+03	 1.5271e+00	 3.1473e-02	 3.2315e+02	 5.7781e+03
 1.0000e+02	 5.7753e+03	 1.8398e+00	 3.9791e-02	 3.2315e+02	 5.7872e+03
 1.5000e+02	 5.7753e+03	 1.8313e+00	 4.0913e-02	 3.2314e+02	 5.7898e+03
 2.2500e+02	 5.7753e+03	 1.8216e+00	 4.3232e-02	 3.2314e+02	 5.7951e+03
 3.3750e+02	 5.7753e+03	 1.8111e+00	 4.5989e-02	 3.2315e+02	 5.7975e+03
 5.0625e+02	 5.7753e+03	 1.7994e+00	 4.9278e-02	 3.2314e+02	 5.8000e+03
 7.5938e+02	 5.7753e+03	 1.7863e+00	 5.2748e-02	 3.2315e+02	 5.8026e+03
 1.1391e+03	 5.7753e+03	 1.7721e+00	 5.5783e-02	 3.2315e+02	 5.8051e+03
 1.7086e+03	 5.7753e+03	 1.7571e+00	 5.8304e-02	 3.2314e+02	 5.8079e+03
 2.5629e+03	 5.7753e+03	 1.7411e+00	 5.9894e-02	 3.2315e+02	 5.8131e+03
 3.8443e+03	 5.7753e+03	 1.7253e+00	 6.0815e-02	 3.2314e+02	 5.8156e+03
 5.7665e+03	 5.7753e+03	 1.7099e+00	 6.1512e-02	 3.2314e+02	 5.8180e+03
 8.6498e+03	 5.7753e+03	 1.6952e+00	 6.2665e-02	 3.2315e+02	 5.8206e+03
 1.2975e+04	 5.7753e+03	 1.6797e+00	 6.5020e-02	 3.2315e+02	 5.8255e+03
 1.9462e+04	 5.7753e+03	 1.6631e+00	 6.8814e-02	 3.2315e+02	 5.8280e+03
 2.9193e+04	 5.7753e+03	 1.6434e+00	 7.2836e-02	 3.2315e+02	 5.8331e+03
 4.3789e+04	 5.7753e+03	 1.6211e+00	 7.4779e-02	 3.2315e+02	 5.8356e+03
 6.5684e+04	 5.7753e+03	 1.5976e+00	 7.2511e-02	 3.2315e+02	 5.8380e+03
 9.8526e+04	 5.7753e+03	 1.5763e+00	 6.5869e-02	 3.2315e+02	 5.8431e+03
 1.4779e+05	 5.7753e+03	 1.5591e+00	 5.6917e-02	 3.2315e+02	 5.8456e+03
 2.2168e+05	 5.7753e+03	 1.5463e+00	 4.8259e-02	 3.2314e+02	 5.8484e+03
 3.3253e+05	 5.7753e+03	 1.5452e+00	 3.9866e-02	 3.2315e+02	 5.8510e+03
 4.9879e+05	 5.7753e+03	 1.5369e+00	 3.5499e-02	 3.2315e+02	 5.8536e+03
 7.4818e+05	 5.7753e+03	 1.5301e+00	 3.2447e-02	 3.2315e+02	 5.8561e+03
 9.0000e+05	 5.7753e+03	 1.5274e+00	 3.1486e-02	 3.2315e+02	 5.8588e+03
 1.0000e+02	 5.8560e+03	 1.8409e+00	 3.9820e-02	 3.2314e+02	 5.8680e+03
 1.5000e+02	 5.8560e+03	 1.8314e+00	 4.0839e-02	 3.2313e+02	 5.8706e+03
 2.2500e+02	 5.8560e+03	 1.8218e+00	 4.3222e-02	 3.2312e+02	 5.8759e+03
 3.3750e+02	 5.8560e+03	 1.8112e+00	 4.6052e-02	 3.2312e+02	 5.8784e+03
 5.0625e+02	 5.8560e+03	 1.7995e+00	 4.9361e-02	 3.2311e+02	 5.8808e+03
 7.5938e+02	 5.8560e+03	 1.7866e+00	 5.2724e-02	 3.2312e+02	 5.8835e+03
 1.1391e+03	 5.8560e+03	 1.7723e+00	 5.5886e-02	 3.2312e+02	 5.8861e+03
 1.7086e+03	 5.8560e+03	 1.7573e+00	 5.8313e-02	 3.2312e+02	 5.8887e+03
 2.5629e+03	 5.8560e+03	 1.7414e+00	 5.9903e-02	 3.2312e+02	 5.8936e+03
 3.8443e+03	 5.8560e+03	 1.7257e+00	 6.0859e-02	 3.2312e+02	 5.8963e+03
 5.7665e+03	 5.8560e+03	 1.7104e+00	 6.1522e-02	 3.2313e+02	 5.8988e+03
 8.6498e+03	 5.8560e+03	 1.6956e+00	 6.2665e-02	 3.2313e+02	 5.9015e+03
 1.2975e+04	 5.8560e+03	 1.6802e+00	 6.5031e-02	 3.2313e+02	 5.9065e+03
 1.9462e+04	 5.8560e+03	 1.6637e+00	 6.8804e-02	 3.2314e+02	 5.9091e+03
 2.9193e+04	 5.8560e+03	 1.6441e+00	 7.2768e-02	 3.2314e+02	 5.9144e+03
 4.3789e+04	 5.8560e+03	 1.6217e+00	 7.4798e-02	 3.2314e+02	 5.9168e+03
 6.5684e+04	 5.8560e+03	 1.5983e+00	 7.2504e-02	 3.2314e+02	 5.9193e+03
 9.8526e+04	 5.8560e+03	 1.5767e+00	 6.5844e-02	 3.2315e+02	 5.9245e+03
 1.4779e+05	 5.8560e+03	 1.5597e+00	 5.6943e-02	 3.2314e+02	 5.9271e+03
 2.2168e+05	 5.8560e+03	 1.5469e+00	 4.8252e-02	 3.2315e+02	 5.9296e+03
 3.3253e+05	 5.8560e+03	 1.5459e+00	 3.9850e-02	 3.2315e+02	 5.9321e+03
 4.9879e+05	 5.8560e+03	 1.5375e+00	 3.5591e-02	 3.2316e+02	 5.9346e+03
 7.4818e+05	 5.8560e+03	 1.5308e+00	 3.2470e-02	 3.2316e+02	 5.9370e+03
 9.0000e+05	 5.8560e+03	 1.5279e+00	 3.1560e-02	 3.2316e+02	 5.9395e+03
 1.0000e+02	 5.9367e+03	 1.8409e+00	 3.9624e-02	 3.2317e+02	 5.9486e+03
 1.5000e+02	 5.9367e+03	 1.8324e+00	 4.1168e-02	 3.2317e+02	 5.9510e+03
 2.2500e+02	 5.9367e+03	 1.8225e+00	 4.3210e-02	 3.2317e+02	 5.9563e+03
 3.3750e+02	 5.9367e+03	 1.8118e+00	 4.6071e-02	 3.2317e+02	 5.9591e+03
 5.0625e+02	 5.9367e+03	 1.8000e+00	 4.9468e-02	 3.2317e+02	 5.9615e+03
 7.5938e+02	 5.9367e+03	 1.7870e+00	 5.2809e-02	 3.2317e+02	 5.9640e+03
 1.1391e+03	 5.9367e+03	 1.7726e+00	 5.5886e-02	 3.2316e+02	 5.9666e+03
 1.7086e+03	 5.9367e+03	 1.7575e+00	 5.8349e-02	 3.2317e+02	 5.9691e+03
 2.5629e+03	 5.9367e+03	 1.7416e+00	 5.9918e-02	 3.2317e+02	 5.9742e+03
 3.8443e+03	 5.9367e+03	 1.7257e+00	 6.0840e-02	 3.2316e+02	 5.9766e+03
 5.7665e+03	 5.9367e+03	 1.7103e+00	 6.1479e-02	 3.2316e+02	 5.9793e+03
 8.6498e+03	 5.9367e+03	 1.6955e+00	 6.2621e-02	 3.2316e+02	 5.9818e+03
 1.2975e+04	 5.9367e+03	 1.6800e+00	 6.4963e-02	 3.2316e+02	 5.9870e+03
 1.9462e+04	 5.9367e+03	 1.6635e+00	 6.8737e-02	 3.2316e+02	 5.9894e+03
 2.9193e+04	 5.9367e+03	 1.6438e+00	 7.2717e-02	 3.2316e+02	 5.9946e+03
 4.3789e+04	 5.9367e+03	 1.6214e+00	 7.4729e-02	 3.2316e+02	 5.9973e+03
 6.5684e+04	 5.9367e+03	 1.5979e+00	 7.2450e-02	 3.2316e+02	 5.9998e+03
 9.8526e+04	 5.9367e+03	 1.5765e+00	 6.5918e-02	 3.2316e+02	 6.0049e+03
 1.4779e+05	 5.9367e+03	 1.5592e+00	 5.7108e-02	 3.2316e+02	 6.0073e+03
 2.2168e+05	 5.9367e+03	 1.5465e+00	 4.8354e-02	 3.2315e+02	 6.0098e+03
 3.3253e+05	 5.9367e+03	 1.5454e+00	 3.9892e-02	 3.2316e+02	 6.0124e+03
 4.9879e+05	 5.9367e+03	 1.5370e+00	 3.5538e-02	 3.2315e+02	 6.0148e+03
 7.4818e+05	 5.9367e+03	 1.5301e+00	 3.2543e-02	 3.2316e+02	 6.0173e+03
 9.0000e+05	 5.9367e+03	 1.5275e+00	 3.1537e-02	 3.2316e+02	 6.0198e+03
 1.0000e+02	 6.0170e+03	 1.8403e+00	 3.9366e-02	 3.2316e+02	 6.0288e+03
 1.5000e+02	 6.0170e+03	 1.8317e+00	 4.0771e-02	 3.2316e+02	 6.0315e+03
 2.2500e+02	 6.0170e+03	 1.8218e+00	 4.3177e-02	 3.2315e+02	 6.0368e+03
 3.3750e+02	 6.0170e+03	 1.8113e+00	 4.6092e-02	 3.2316e+02	 6.0394e+03
 5.0625e+02	 6.0170e+03	 1.7995e+00	 4.9410e-02	 3.2315e+02	 6.0421e+03
 7.5938e+02	 6.0170e+03	 1.7865e+00	 5.2770e-02	 3.2315e+02	 6.0446e+03
 1.1391e+03	 6.0170e+03	 1.7722e+00	 5.5865e-02	 3.2316e+02	 6.0474e+03
 1.7086e+03	 6.0170e+03	 1.7572e+00	 5.8259e-02	 3.2315e+02	 6.0499e+03
 2.5629e+03	 6.0170e+03	 1.7413e+00	 5.9905e-02	 3.2316e+02	 6.0551e+03
 3.8443e+03	 6.0170e+03	 1.7256e+00	 6.0777e-02	 3.2316e+02	 6.0575e+03
 5.7665e+03	 6.0170e+03	 1.7102e+00	 6.1425e-02	 3.2316e+02	 6.0602e+03
 8.6498e+03	 6.0170e+03	 1.6954e+00	 6.2563e-02	 3.2316e+02	 6.0627e+03
 1.2975e+04	 6.0170e+03	 1.6799e+00	 6.4923e-02	 3.2316e+02	 6.0679e+03
 1.9462e+04	 6.0170e+03	 1.6635e+00	 6.8697e-02	 3.2316e+02	 6.0703e+03
 2.9193e+04	 6.0170e+03	 1.6438e+00	 7.2725e-02	 3.2316e+02	 6.0755e+03
 4.3789e+04	 6.0170e+03	 1.6214e+00	 7.4806e-02	 3.2316e+02	 6.0780e+03
 6.5684e+04	 6.0170e+03	 1.5980e+00	 7.2541e-02	 3.2316e+02	 6.0806e+03
 9.8526e+04	 6.0170e+03	 1.5764e+00	 6.5925e-02	 3.2315e+02	 6.0855e+03
 1.4779e+05	 6.0170e+03	 1.5594e+00	 5.7021e-02	 3.2315e+02	 6.0880e+03
 2.2168e+05	 6.0170e+03	 1.5465e+00	 4.8341e-02	 3.2315e+02	 6.0905e+03
 3.3253e+05	 6.0170e+03	 1.5454e+00	 3.9894e-02	 3.2315e+02	 6.0931e+03
 4.9879e+05	 6.0170e+03	 1.5370e+00	 3.5466e-02	 3.2316e+02	 6.0956e+03
 7.4818e+05	 6.0170e+03	 1.5302e+00	 3.2534e-02	 3.2316e+02	 6.0981e+03
 9.0000e+05	 6.0170e+03	 1.5275e+00	 3.1526e-02	 3.2315e+02	 6.1008e+03
 1.0000e+02	 6.0980e+03	 1.8407e+00	 4.0101e-02	 3.2315e+02	 6.1099e+03
 1.5000e+02	 6.0980e+03	 1.8318e+00	 4.0777e-02	 3.2315e+02	 6.1125e+03
 2.2500e+02	 6.0980e+03	 1.8219e+00	 4.3251e-02	 3.2315e+02	 6.1178e+03
 3.3750e+02	 6.0980e+03	 1.8113e+00	 4.6043e-02	 3.2314e+02	 6.1203e+03
 5.0625e+02	 6.0980e+03	 1.7996e+00	 4.9359e-02	 3.2315e+02	 6.1229e+03
 7.5938e+02	 6.0980e+03	 1.7865e+00	 5.2789e-02	 3.2315e+02	 6.1254e+03
 1.1391e+03	 6.0980e+03	 1.7722e+00	 5.5868e-02	 3.2315e+02	 6.1281e+03
 1.7086e+03	 6.0980e+03	 1.7572e+00	 5.8306e-02	 3.2314e+02	 6.1308e+03
 2.5629e+03	 6.0980e+03	 1.7412e+00	 5.9845e-02	 3.2315e+02	 6.1358e+03
 3.8443e+03	 6.0980e+03	 1.7255e+00	 6.0781e-02	 3.2314e+02	 6.1383e+03
 5.7665e+03	 6.0980e+03	 1.7101e+00	 6.1396e-02	 3.2315e+02	 6.1411e+03
 8.6498e+03	 6.0980e+03	 1.6954e+00	 6.2526e-02	 3.2314e+02	 6.1435e+03
 1.2975e+04	 6.0980e+03	 1.6800e+00	 6.4897e-02	 3.2315e+02	 6.1486e+03
 1.9462e+04	 6.0980e+03	 1.6636e+00	 6.8624e-02	 3.2315e+02	 6.1512e+03
 2.9193e+04	 6.0980e+03	 1.6439e+00	 7.2693e-02	 3.2315e+02	 6.1563e+03
 4.3789e+04	 6.0980e+03	 1.6215e+00	 7.4686e-02	 3.2315e+02	 6.1588e+03
 6.5684e+04	 6.0980e+03	 1.5981e+00	 7.2557e-02	 3.2315e+02	 6.1616e+03
 9.8526e+04	 6.0980e+03	 1.5766e+00	 6.5940e-02	 3.2315e+02	 6.1667e+03
 1.4779e+05	 6.0980e+03	 1.5593e+00	 5.7097e-02	 3.2315e+02	 6.1691e+03
 2.2168e+05	 6.0980e+03	 1.5466e+00	 4.8351e-02	 3.2316e+02	 6.1719e+03
 3.3253e+05	 6.0980e+03	 1.5455e+00	 3.9872e-02	 3.2315e+02	 6.1743e+03
 4.9879e+05	 6.0980e+03	 1.5371e+00	 3.5562e-02	 3.2316e+02	 6.1768e+03
 7.4818e+05	 6.0980e+03	 1.5302e+00	 3.2552e-02	 3.2315e+02	 6.1794e+03
 9.0000e+05	 6.0980e+03	 1.5275e+00	 3.1525e-02	 3.2316e+02	 6.1818e+03
 1.0000e+02	 6.1791e+03	 1.8410e+00	 3.9726e-02	 3.2315e+02	 6.1913e+03
 1.5000e+02	 6.1791e+03	 1.8317e+00	 4.0794e-02	 3.2315e+02	 6.1938e+03
 2.2500e+02	 6.1791e+03	 1.8219e+00	 4.3267e-02	 3.2314e+02	 6.1991e+03
 3.3750e+02	 6.1791e+03	 1.8113e+00	 4.6083e-02	 3.2315e+02	 6.2018e+03
 5.0625e+02	 6.1791e+03	 1.7996e+00	 4.9424e-02	 3.2315e+02	 6.2044e+03
 7.5938e+02	 6.1791e+03	 1.7865e+00	 5.2767e-02	 3.2315e+02	 6.2071e+03
 1.1391e+03	 6.1791e+03	 1.7723e+00	 5.5909e-02	 3.2315e+02	 6.2097e+03
 1.7086e+03	 6.1791e+03	 1.7572e+00	 5.8293e-02	 3.2315e+02	 6.2124e+03
 2.5629e+03	 6.1791e+03	 1.7414e+00	 5.9833e-02	 3.2314e+02	 6.2174e+03
 3.8443e+03	 6.1791e+03	 1.7256e+00	 6.0759e-02	 3.2314e+02	 6.2199e+03
 5.7665e+03	 6.1791e+03	 1.7102e+00	 6.1364e-02	 3.2315e+02	 6.2223e+03
 8.6498e+03	 6.1791e+03	 1.6956e+00	 6.2519e-02	 3.2315e+02	 6.2251e+03
 1.2975e+04	 6.1791e+03	 1.6801e+00	 6.4889e-02	 3.2315e+02	 6.2304e+03
 1.9462e+04	 6.1791e+03	 1.6637e+00	 6.8632e-02	 3.2315e+02	 6.2328e+03
 2.9193e+04	 6.1791e+03	 1.6440e+00	 7.2674e-02	 3.2315e+02	 6.2379e+03
 4.3789e+04	 6.1791e+03	 1.6217e+00	 7.4759e-02	 3.2315e+02	 6.2405e+03
 6.5684e+04	 6.1791e+03	 1.5983e+00	 7.2467e-02	 3.2315e+02	 6.2432e+03
 9.8526e+04	 6.1791e+03	 1.5767e+00	 6.5900e-02	 3.2315e+02	 6.2481e+03
 1.4779e+05	 6.1791e+03	 1.5597e+00	 5.7113e-02	 3.2314e+02	 6.2508e+03
 2.2168e+05	 6.1791e+03	 1.5468e+00	 4.8325e-02	 3.2315e+02	 6.2533e+03
 3.3253e+05	 6.1791e+03	 1.5457e+00	 3.9848e-02	 3.2315e+02	 6.2557e+03
 4.9879e+05	 6.1791e+03	 1.5373e+00	 3.5564e-02	 3.2315e+02	 6.2583e+03
 7.4818e+05	 6.1791e+03	 1.5306e+00	 3.2482e-02	 3.2315e+02	 6.2608e+03
 9.0000e+05	 6.1791e+03	 1.5278e+00	 3.1504e-02	 3.2315e+02	 6.2632e+03
 1.0000e+02	 6.2604e+03	 1.8405e+00	 3.9878e-02	 3.2313e+02	 6.2726e+03
 1.5000e+02	 6.2604e+03	 1.8324e+00	 4.0903e-02	 3.2313e+02	 6.2751e+03
 2.2500e+02	 6.2604e+03	 1.8223e+00	 4.3155e-02	 3.2313e+02	 6.2806e+03
 3.3750e+02	 6.2604e+03	 1.8116e+00	 4.6127e-02	 3.2313e+02	 6.2831e+03
 5.0625e+02	 6.2604e+03	 1.7999e+00	 4.9481e-02	 3.2313e+02	 6.2856e+03
 7.5938e+02	 6.2604e+03	 1.7868e+00	 5.2879e-02	 3.2312e+02	 6.2881e+03
 1.1391e+03	 6.2604e+03	 1.7725e+00	 5.5932e-02	 3.2313e+02	 6.2906e+03
 1.7086e+03	 6.2604e+03	 1.7575e+00	 5.8349e-02	 3.2313e+02	 6.2934e+03
 2.5629e+03	 6.2604e+03	 1.7416e+00	 5.9930e-02	 3.2313e+02	 6.2984e+03
 3.8443e+03	 6.2604e+03	 1.7259e+00	 6.0773e-02	 3.2313e+02	 6.3011e+03
 5.7665e+03	 6.2604e+03	 1.7105e+00	 6.1362e-02	 3.2314e+02	 6.3035e+03
 8.6498e+03	 6.2604e+03	 1.6959e+00	 6.2469e-02	 3.2314e+02	 6.3061e+03
 1.2975e+04	 6.2604e+03	 1.6805e+00	 6.4865e-02	 3.2314e+02	 6.3114e+03
 1.9462e+04	 6.2604e+03	 1.6641e+00	 6.8622e-02	 3.2314e+02	 6.3138e+03
 2.9193e+04	 6.2604e+03	 1.6444e+00	 7.2678e-02	 3.2314e+02	 6.3188e+03
 4.3789e+04	 6.2604e+03	 1.6221e+00	 7.4645e-02	 3.2314e+02	 6.3213e+03
 6.5684e+04	 6.2604e+03	 1.5987e+00	 7.2496e-02	 3.2314e+02	 6.3241e+03
 9.8526e+04	 6.2604e+03	 1.5772e+00	 6.5892e-02	 3.2315e+02	 6.3294e+03
 1.4779e+05	 6.2604e+03	 1.5601e+00	 5.7095e-02	 3.2314e+02	 6.3319e+03
 2.2168e+05	 6.2604e+03	 1.5472e+00	 4.8301e-02	 3.2314e+02	 6.3343e+03
 3.3253e+05	 6.2604e+03	 1.5461e+00	 3.9834e-02	 3.2315e+02	 6.3371e+03
 4.9879e+05	 6.2604e+03	 1.5377e+00	 3.5578e-02	 3.2314e+02	 6.3395e+03
 7.4818e+05	 6.2604e+03	 1.5309e+00	 3.2449e-02	 3.2314e+02	 6.3423e+03
 9.0000e+05	 6.2604e+03	 1.5281e+00	 3.1524e-02	 3.2314e+02	 6.3449e+03
 1.0000e+02	 6.3421e+03	 1.8417e+00	 3.9716e-02	 3.2314e+02	 6.3545e+03
 1.5000e+02	 6.3421e+03	 1.8324e+00	 4.1529e-02	 3.2314e+02	 6.3568e+03
 2.2500e+02	 6.3421e+03	 1.8228e+00	 4.3196e-02	 3.2315e+02	 6.3621e+03
 3.3750e+02	 6.3421e+03	 1.8121e+00	 4.6189e-02	 3.2315e+02	 6.3648e+03
 5.0625e+02	 6.3421e+03	 1.8003e+00	 4.9534e-02	 3.2315e+02	 6.3674e+03
 7.5938e+02	 6.3421e+03	 1.7872e+00	 5.2829e-02	 3.2316e+02	 6.3701e+03
 1.1391e+03	 6.3421e+03	 1.7729e+00	 5.5955e-02	 3.2315e+02	 6.3727e+03
 1.7086e+03	 6.3421e+03	 1.7579e+00	 5.8401e-02	 3.2316e+02	 6.3754e+03
 2.5629e+03	 6.3421e+03	 1.7418e+00	 5.9899e-02	 3.2316e+02	 6.3804e+03
 3.8443e+03	 6.3421e+03	 1.7260e+00	 6.0747e-02	 3.2316e+02	 6.3831e+03
 5.7665e+03	 6.3421e+03	 1.7106e+00	 6.1343e-02	 3.2316e+02	 6.3855e+03
 8.6498e+03	 6.3421e+03	 1.6960e+00	 6.2465e-02	 3.2316e+02	 6.3883e+03
 1.2975e+04	 6.3421e+03	 1.6805e+00	 6.4807e-02	 3.2316e+02	 6.3936e+03
 1.9462e+04	 6.3421e+03	 1.6640e+00	 6.8530e-02	 3.2316e+02	 6.3961e+03
 2.9193e+04	 6.3421e+03	 1.6444e+00	 7.2610e-02	 3.2316e+02	 6.4013e+03
 4.3789e+04	 6.3421e+03	 1.6221e+00	 7.4668e-02	 3.2316e+02	 6.4038e+03
 6.5684e+04	 6.3421e+03	 1.5986e+00	 7.2642e-02	 3.2316e+02	 6.4066e+03
 9.8526e+04	 6.3421e+03	 1.5770e+00	 6.5964e-02	 3.2316e+02	 6.4117e+03
 1.4779e+05	 6.3421e+03	 1.5599e+00	 5.7150e-02	 3.2317e+02	 6.4141e+03
 2.2168e+05	 6.3421e+03	 1.5471e+00	 4.8354e-02	 3.2317e+02	 6.4166e+03
 3.3253e+05	 6.3421e+03	 1.5460e+00	 3.9843e-02	 3.2316e+02	 6.4193e+03
 4.9879e+05	 6.3421e+03	 1.5376e+00	 3.5620e-02	 3.2316e+02	 6.4218e+03
 7.4818e+05	 6.3421e+03	 1.5309e+00	 3.2492e-02	 3.2316e+02	 6.4244e+03
 9.0000e+05	 6.3421e+03	 1.5280e+00	 3.1539e-02	 3.2316e+02	 6.4270e+03
 1.0000e+02	 6.4242e+03	 1.8411e+00	 4.0149e-02	 3.2316e+02	 6.4365e+03
 1.5000e+02	 6.4242e+03	 1.8322e+00	 4.0808e-02	 3.2316e+02	 6.4388e+03
 2.2500e+02	 6.4242e+03	 1.8224e+00	 4.3193e-02	 3.2316e+02	 6.4439e+03
 3.3750e+02	 6.4242e+03	 1.8117e+00	 4.6196e-02	 3.2316e+02	 6.4463e+03
 5.0625e+02	 6.4242e+03	 1.7999e+00	 4.9495e-02	 3.2316e+02	 6.4488e+03
 7.5938e+02	 6.4242e+03	 1.7868e+00	 5.2890e-02	 3.2316e+02	 6.4513e+03
 1.1391e+03	 6.4242e+03	 1.7726e+00	 5.5966e-02	 3.2316e+02	 6.4539e+03
 1.7086e+03	 6.4242e+03	 1.7574e+00	 5.8274e-02	 3.2316e+02	 6.4566e+03
 2.5629e+03	 6.4242e+03	 1.7415e+00	 5.9888e-02	 3.2316e+02	 6.4619e+03
 3.8443e+03	 6.4242e+03	 1.7257e+00	 6.0696e-02	 3.2316e+02	 6.4644e+03
 5.7665e+03	 6.4242e+03	 1.7103e+00	 6.1287e-02	 3.2316e+02	 6.4668e+03
 8.6498e+03	 6.4242e+03	 1.6957e+00	 6.2380e-02	 3.2316e+02	 6.4695e+03
 1.2975e+04	 6.4242e+03	 1.6803e+00	 6.4754e-02	 3.2315e+02	 6.4746e+03
 1.9462e+04	 6.4242e+03	 1.6639e+00	 6.8522e-02	 3.2315e+02	 6.4771e+03
 2.9193e+04	 6.4242e+03	 1.6443e+00	 7.2577e-02	 3.2314e+02	 6.4823e+03
 4.3789e+04	 6.4242e+03	 1.6219e+00	 7.4687e-02	 3.2315e+02	 6.4848e+03
 6.5684e+04	 6.4242e+03	 1.5985e+00	 7.2516e-02	 3.2315e+02	 6.4875e+03
 9.8526e+04	 6.4242e+03	 1.5770e+00	 6.5917e-02	 3.2314e+02	 6.4924e+03
 1.4779e+05	 6.4242e+03	 1.5599e+00	 5.7113e-02	 3.2314e+02	 6.4951e+03
 2.2168e+05	 6.4242e+03	 1.5470e+00	 4.8332e-02	 3.2314e+02	 6.4975e+03
 3.3253e+05	 6.4242e+03	 1.5460e+00	 3.9891e-02	 3.2314e+02	 6.5004e+03
 4.9879e+05	 6.4242e+03	 1.5376e+00	 3.5496e-02	 3.2314e+02	 6.5028e+03
 7.4818e+05	 6.4242e+03	 1.5308e+00	 3.2454e-02	 3.2315e+02	 6.5053e+03
 9.0000e+05	 6.4242e+03	 1.5281e+00	 3.1477e-02	 3.2314e+02	 6.5077e+03
 1.0000e+02	 6.5049e+03	 1.8411e+00	 3.9552e-02	 3.2314e+02	 6.5168e+03
 1.5000e+02	 6.5049e+03	 1.8324e+00	 4.1677e-02	 3.2314e+02	 6.5194e+03
 2.2500e+02	 6.5049e+03	 1.8227e+00	 4.3352e-02	 3.2315e+02	 6.5248e+03
 3.3750e+02	 6.5049e+03	 1.8120e+00	 4.6182e-02	 3.2315e+02	 6.5272e+03
 5.0625e+02	 6.5049e+03	 1.8002e+00	 4.9503e-02	 3.2315e+02	 6.5299e+03
 7.5938e+02	 6.5049e+03	 1.7870e+00	 5.2893e-02	 3.2315e+02	 6.5324e+03
 1.1391e+03	 6.5049e+03	 1.7728e+00	 5.5958e-02	 3.2315e+02	 6.5352e+03
 1.7086e+03	 6.5049e+03	 1.7577e+00	 5.8322e-02	 3.2315e+02	 6.5376e+03
 2.5629e+03	 6.5049e+03	 1.7417e+00	 5.9898e-02	 3.2315e+02	 6.5428e+03
 3.8443e+03	 6.5049e+03	 1.7259e+00	 6.0709e-02	 3.2315e+02	 6.5453e+03
 5.7665e+03	 6.5049e+03	 1.7105e+00	 6.1309e-02	 3.2314e+02	 6.5479e+03
 8.6498e+03	 6.5049e+03	 1.6959e+00	 6.2371e-02	 3.2314e+02	 6.5505e+03
 1.2975e+04	 6.5049e+03	 1.6805e+00	 6.4736e-02	 3.2315e+02	 6.5556e+03
 1.9462e+04	 6.5049e+03	 1.6641e+00	 6.8444e-02	 3.2315e+02	 6.5581e+03
 2.9193e+04	 6.5049e+03	 1.6445e+00	 7.2552e-02	 3.2314e+02	 6.5633e+03
 4.3789e+04	 6.5049e+03	 1.6221e+00	 7.4647e-02	 3.2314e+02	 6.5659e+03
 6.5684e+04	 6.5049e+03	 1.5987e+00	 7.2623e-02	 3.2314e+02	 6.5684e+03
 9.8526e+04	 6.5049e+03	 1.5771e+00	 6.5962e-02	 3.2313e+02	 6.5736e+03
 1.4779e+05	 6.5049e+03	 1.5599e+00	 5.7125e-02	 3.2313e+02	 6.5761e+03
 2.2168e+05	 6.5049e+03	 1.5471e+00	 4.8309e-02	 3.2313e+02	 6.5785e+03
 3.3253e+05	 6.5049e+03	 1.5460e+00	 3.9872e-02	 3.2313e+02	 6.5810e+03
 4.9879e+05	 6.5049e+03	 1.5376e+00	 3.5602e-02	 3.2312e+02	 6.5835e+03
 7.4818e+05	 6.5049e+03	 1.5309e+00	 3.2483e-02	 3.2313e+02	 6.5859e+03
 9.0000e+05	 6.5049e+03	 1.5281e+00	 3.1502e-02	 3.2311e+02	 6.5886e+03
 1.0000e+02	 6.5858e+03	 1.8417e+00	 4.0233e-02	 3.2312e+02	 6.5981e+03
 1.5000e+02	 6.5858e+03	 1.8319e+00	 4.0548e-02	 3.2311e+02	 6.6005e+03
 2.2500e+02	 6.5858e+03	 1.8231e+00	 4.3309e-02	 3.2313e+02	 6.6056e+03
 3.3750e+02	 6.5858e+03	 1.8124e+00	 4.6276e-02	 3.2313e+02	 6.6081e+03
 5.0625e+02	 6.5858e+03	 1.8007e+00	 4.9565e-02	 3.2313e+02	 6.6107e+03
 7.5938e+02	 6.5858e+03	 1.7877e+00	 5.2994e-02	 3.2314e+02	 6.6131e+03
 1.1391e+03	 6.5858e+03	 1.7733e+00	 5.6034e-02	 3.2314e+02	 6.6157e+03
 1.7086e+03	 6.5858e+03	 1.7583e+00	 5.8428e-02	 3.2314e+02	 6.6183e+03
 2.5629e+03	 6.5858e+03	 1.7424e+00	 5.9910e-02	 3.2315e+02	 6.6234e+03
 3.8443e+03	 6.5858e+03	 1.7265e+00	 6.0763e-02	 3.2315e+02	 6.6260e+03
 5.7665e+03	 6.5858e+03	 1.7112e+00	 6.1277e-02	 3.2315e+02	 6.6285e+03
 8.6498e+03	 6.5858e+03	 1.6965e+00	 6.2376e-02	 3.2315e+02	 6.6309e+03
 1.2975e+04	 6.5858e+03	 1.6811e+00	 6.4710e-02	 3.2316e+02	 6.6358e+03
 1.9462e+04	 6.5858e+03	 1.6647e+00	 6.8447e-02	 3.2316e+02	 6.6384e+03
 2.9193e+04	 6.5858e+03	 1.6452e+00	 7.2553e-02	 3.2316e+02	 6.6436e+03
 4.3789e+04	 6.5858e+03	 1.6228e+00	 7.4648e-02	 3.2316e+02	 6.6461e+03
 6.5684e+04	 6.5858e+03	 1.5993e+00	 7.2628e-02	 3.2316e+02	 6.6485e+03
 9.8526e+04	 6.5858e+03	 1.5777e+00	 6.5989e-02	 3.2317e+02	 6.6536e+03
 1.4779e+05	 6.5858e+03	 1.5605e+00	 5.7146e-02	 3.2317e+02	 6.6561e+03
 2.2168e+05	 6.5858e+03	 1.5477e+00	 4.8396e-02	 3.2317e+02	 6.6586e+03
 3.3253e+05	 6.5858e+03	 1.5465e+00	 3.9878e-02	 3.2317e+02	 6.6611e+03
 4.9879e+05	 6.5858e+03	 1.5381e+00	 3.5521e-02	 3.2317e+02	 6.6636e+03
 7.4818e+05	 6.5858e+03	 1.5314e+00	 3.2503e-02	 3.2317e+02	 6.6661e+03
 9.0000e+05	 6.5858e+03	 1.5285e+00	 3.1511e-02	 3.2317e+02	 6.6686e+03
 1.0000e+02	 6.6658e+03	 1.8413e+00	 3.9856e-02	 3.2317e+02	 6.6780e+03
 1.5000e+02	 6.6658e+03	 1.8331e+00	 4.1288e-02	 3.2317e+02	 6.6804e+03
 2.2500e+02	 6.6658e+03	 1.8229e+00	 4.3365e-02	 3.2317e+02	 6.6858e+03
 3.3750e+02	 6.6658e+03	 1.8122e+00	 4.6236e-02	 3.2317e+02	 6.6886e+03
 5.0625e+02	 6.6658e+03	 1.8004e+00	 4.9636e-02	 3.2318e+02	 6.6911e+03
 7.5938e+02	 6.6658e+03	 1.7873e+00	 5.2910e-02	 3.2317e+02	 6.6937e+03
 1.1391e+03	 6.6658e+03	 1.7730e+00	 5.5989e-02	 3.2317e+02	 6.6963e+03
 1.7086e+03	 6.6658e+03	 1.7578e+00	 5.8361e-02	 3.2317e+02	 6.6987e+03
 2.5629e+03	 6.6658e+03	 1.7419e+00	 5.9906e-02	 3.2317e+02	 6.7038e+03
 3.8443e+03	 6.6658e+03	 1.7260e+00	 6.0697e-02	 3.2317e+02	 6.7064e+03
 5.7665e+03	 6.6658e+03	 1.7106e+00	 6.1224e-02	 3.2317e+02	 6.7089e+03
 8.6498e+03	 6.6658e+03	 1.6960e+00	 6.2308e-02	 3.2317e+02	 6.7114e+03
 1.2975e+04	 6.6658e+03	 1.6806e+00	 6.4656e-02	 3.2316e+02	 6.7166e+03
 1.9462e+04	 6.6658e+03	 1.6642e+00	 6.8332e-02	 3.2317e+02	 6.7194e+03
 2.9193e+04	 6.6658e+03	 1.6447e+00	 7.2491e-02	 3.2316e+02	 6.7246e+03
 4.3789e+04	 6.6658e+03	 1.6223e+00	 7.4617e-02	 3.2317e+02	 6.7271e+03
 6.5684e+04	 6.6658e+03	 1.5989e+00	 7.2640e-02	 3.2317e+02	 6.7295e+03
 9.8526e+04	 6.6658e+03	 1.5773e+00	 6.6017e-02	 3.2316e+02	 6.7346e+03
 1.4779e+05	 6.6658e+03	 1.5601e+00	 5.7170e-02	 3.2316e+02	 6.7371e+03
 2.2168e+05	 6.6658e+03	 1.5473e+00	 4.8371e-02	 3.2315e+02	 6.7396e+03
 3.3253e+05	 6.6658e+03	 1.5460e+00	 3.9876e-02	 3.2316e+02	 6.7420e+03
 4.9879e+05	 6.6658e+03	 1.5376e+00	 3.5483e-02	 3.2316e+02	 6.7447e+03
 7.4818e+05	 6.6658e+03	 1.5309e+00	 3.2496e-02	 3.2316e+02	 6.7471e+03
 9.0000e+05	 6.6658e+03	 1.5281e+00	 3.1527e-02	 3.2315e+02	 6.7496e+03
 1.0000e+02	 6.7469e+03	 1.8410e+00	 4.0187e-02	 3.2316e+02	 6.7591e+03
 1.5000e+02	 6.7469e+03	 1.8317e+00	 4.2201e-02	 3.2315e+02	 6.7618e+03
 2.2500e+02	 6.7469e+03	 1.8225e+00	 4.3384e-02	 3.2315e+02	 6.7671e+03
 3.3750e+02	 6.7469e+03	 1.8119e+00	 4.6220e-02	 3.2315e+02	 6.7697e+03
 5.0625e+02	 6.7469e+03	 1.8001e+00	 4.9561e-02	 3.2315e+02	 6.7724e+03
 7.5938e+02	 6.7469e+03	 1.7870e+00	 5.2947e-02	 3.2315e+02	 6.7749e+03
 1.1391e+03	 6.7469e+03	 1.7727e+00	 5.5953e-02	 3.2315e+02	 6.7776e+03
 1.7086e+03	 6.7469e+03	 1.7576e+00	 5.8290e-02	 3.2315e+02	 6.7801e+03
 2.5629e+03	 6.7469e+03	 1.7416e+00	 5.9871e-02	 3.2315e+02	 6.7853e+03
 3.8443e+03	 6.7469e+03	 1.7258e+00	 6.0653e-02	 3.2315e+02	 6.7878e+03
 5.7665e+03	 6.7469e+03	 1.7105e+00	 6.1140e-02	 3.2315e+02	 6.7903e+03
 8.6498e+03	 6.7469e+03	 1.6959e+00	 6.2267e-02	 3.2314e+02	 6.7928e+03
 1.2975e+04	 6.7469e+03	 1.6806e+00	 6.4587e-02	 3.2315e+02	 6.7980e+03
 1.9462e+04	 6.7469e+03	 1.6643e+00	 6.8401e-02	 3.2314e+02	 6.8005e+03
 2.9193e+04	 6.7469e+03	 1.6448e+00	 7.2511e-02	 3.2315e+02	 6.8056e+03
 4.3789e+04	 6.7469e+03	 1.6224e+00	 7.4642e-02	 3.2314e+02	 6.8084e+03
 6.5684e+04	 6.7469e+03	 1.5990e+00	 7.2594e-02	 3.2315e+02	 6.8108e+03
 9.8526e+04	 6.7469e+03	 1.5774e+00	 6.6007e-02	 3.2315e+02	 6.8159e+03
 1.4779e+05	 6.7469e+03	 1.5604e+00	 5.7148e-02	 3.2315e+02	 6.8185e+03
 2.2168e+05	 6.7469e+03	 1.5474e+00	 4.8396e-02	 3.2314e+02	 6.8212e+03
 3.3253e+05	 6.7469e+03	 1.5463e+00	 3.9918e-02	 3.2315e+02	 6.8236e+03
 4.9879e+05	 6.7469e+03	 1.5379e+00	 3.5539e-02	 3.2314e+02	 6.8261e+03
 7.4818e+05	 6.7469e+03	 1.5311e+00	 3.2522e-02	 3.2315e+02	 6.8288e+03
 9.0000e+05	 6.7469e+03	 1.5284e+00	 3.1505e-02	 3.2315e+02	 6.8314e+03
 1.0000e+02	 6.8286e+03	 1.8412e+00	 3.9658e-02	 3.2315e+02	 6.8409e+03
 1.5000e+02	 6.8286e+03	 1.8341e+00	 4.1016e-02	 3.2314e+02	 6.8434e+03
 2.2500e+02	 6.8286e+03	 1.8229e+00	 4.3415e-02	 3.2315e+02	 6.8486e+03
 3.3750e+02	 6.8286e+03	 1.8122e+00	 4.6242e-02	 3.2315e+02	 6.8511e+03
 5.0625e+02	 6.8286e+03	 1.8003e+00	 4.9554e-02	 3.2314e+02	 6.8537e+03
 7.5938e+02	 6.8286e+03	 1.7872e+00	 5.2947e-02	 3.2315e+02	 6.8564e+03
 1.1391e+03	 6.8286e+03	 1.7728e+00	 5.6008e-02	 3.2315e+02	 6.8591e+03
 1.7086e+03	 6.8286e+03	 1.7578e+00	 5.8356e-02	 3.2315e+02	 6.8617e+03
 2.5629e+03	 6.8286e+03	 1.7417e+00	 5.9897e-02	 3.2315e+02	 6.8667e+03
 3.8443e+03	 6.8286e+03	 1.7260e+00	 6.0609e-02	 3.2315e+02	 6.8691e+03
 5.7665e+03	 6.8286e+03	 1.7106e+00	 6.1164e-02	 3.2315e+02	 6.8716e+03
 8.6498e+03	 6.8286e+03	 1.6961e+00	 6.2239e-02	 3.2315e+02	 6.8740e+03
 1.2975e+04	 6.8286e+03	 1.6808e+00	 6.4542e-02	 3.2315e+02	 6.8792e+03
 1.9462e+04	 6.8286e+03	 1.6644e+00	 6.8355e-02	 3.2315e+02	 6.8818e+03
 2.9193e+04	 6.8286e+03	 1.6449e+00	 7.2457e-02	 3.2315e+02	 6.8868e+03
 4.3789e+04	 6.8286e+03	 1.6226e+00	 7.4644e-02	 3.2315e+02	 6.8892e+03
 6.5684e+04	 6.8286e+03	 1.5992e+00	 7.2528e-02	 3.2314e+02	 6.8916e+03
 9.8526e+04	 6.8286e+03	 1.5775e+00	 6.5992e-02	 3.2315e+02	 6.8968e+03
 1.4779e+05	 6.8286e+03	 1.5604e+00	 5.7188e-02	 3.2315e+02	 6.8993e+03
 2.2168e+05	 6.8286e+03	 1.5475e+00	 4.8414e-02	 3.2315e+02	 6.9021e+03
 3.3253e+05	 6.8286e+03	 1.5464e+00	 3.9834e-02	 3.2315e+02	 6.9045e+03
 4.9879e+05	 6.8286e+03	 1.5380e+00	 3.5550e-02	 3.2315e+02	 6.9070e+03
 7.4818e+05	 6.8286e+03	 1.5312e+00	 3.2509e-02	 3.2315e+02	 6.9094e+03
 9.0000e+05	 6.8286e+03	 1.5284e+00	 3.1569e-02	 3.2315e+02	 6.9118e+03
 1.0000e+02	 6.9090e+03	 1.8412e+00	 4.0050e-02	 3.2314e+02	 6.9212e+03
 1.5000e+02	 6.9090e+03	 1.8317e+00	 4.0635e-02	 3.2315e+02	 6.9235e+03
 2.2500e+02	 6.9090e+03	 1.8229e+00	 4.3319e-02	 3.2315e+02	 6.9286e+03
 3.3750e+02	 6.9090e+03	 1.8123e+00	 4.6327e-02	 3.2315e+02	 6.9311e+03
 5.0625e+02	 6.9090e+03	 1.8004e+00	 4.9618e-02	 3.2315e+02	 6.9339e+03
 7.5938e+02	 6.9090e+03	 1.7874e+00	 5.2930e-02	 3.2314e+02	 6.9363e+03
 1.1391e+03	 6.9090e+03	 1.7730e+00	 5.6013e-02	 3.2314e+02	 6.9391e+03
 1.7086e+03	 6.9090e+03	 1.7579e+00	 5.8386e-02	 3.2315e+02	 6.9416e+03
 2.5629e+03	 6.9090e+03	 1.7419e+00	 5.9841e-02	 3.2314e+02	 6.9469e+03
 3.8443e+03	 6.9090e+03	 1.7261e+00	 6.0635e-02	 3.2315e+02	 6.9496e+03
 5.7665e+03	 6.9090e+03	 1.7108e+00	 6.1133e-02	 3.2315e+02	 6.9521e+03
 8.6498e+03	 6.9090e+03	 1.6962e+00	 6.2204e-02	 3.2315e+02	 6.9545e+03
 1.2975e+04	 6.9090e+03	 1.6808e+00	 6.4555e-02	 3.2315e+02	 6.9596e+03
 1.9462e+04	 6.9090e+03	 1.6645e+00	 6.8289e-02	 3.2315e+02	 6.9621e+03
 2.9193e+04	 6.9090e+03	 1.6450e+00	 7.2455e-02	 3.2315e+02	 6.9673e+03
 4.3789e+04	 6.9090e+03	 1.6228e+00	 7.4557e-02	 3.2314e+02	 6.9701e+03
 6.5684e+04	 6.9090e+03	 1.5993e+00	 7.2513e-02	 3.2314e+02	 6.9726e+03
 9.8526e+04	 6.9090e+03	 1.5778e+00	 6.6037e-02	 3.2315e+02	 6.9776e+03
 1.4779e+05	 6.9090e+03	 1.5605e+00	 5.7181e-02	 3.2315e+02	 6.9800e+03
 2.2168e+05	 6.9090e+03	 1.5476e+00	 4.8413e-02	 3.2315e+02	 6.9826e+03
 3.3253e+05	 6.9090e+03	 1.5465e+00	 3.9948e-02	 3.2315e+02	 6.9851e+03
 4.9879e+05	 6.9090e+03	 1.5381e+00	 3.5546e-02	 3.2315e+02	 6.9875e+03
 7.4818e+05	 6.9090e+03	 1.5313e+00	 3.2486e-02	 3.2315e+02	 6.9903e+03
 9.0000e+05	 6.9090e+03	 1.5285e+00	 3.1547e-02	 3.2316e+02	 6.9928e+03
 1.0000e+02	 6.9900e+03	 1.8413e+00	 3.9696e-02	 3.2315e+02	 7.0020e+03
 1.5000e+02	 6.9900e+03	 1.8329e+00	 4.0863e-02	 3.2315e+02	 7.0044e+03
 2.2500e+02	 6.9900e+03	 1.8230e+00	 4.3384e-02	 3.2315e+02	 7.0095e+03
 3.3750e+02	 6.9900e+03	 1.8124e+00	 4.6327e-02	 3.2315e+02	 7.0120e+03
 5.0625e+02	 6.9900e+03	 1.8005e+00	 4.9650e-02	 3.2315e+02	 7.0146e+03
 7.5938e+02	 6.9900e+03	 1.7874e+00	 5.3038e-02	 3.2316e+02	 7.0171e+03
 1.1391e+03	 6.9900e+03	 1.7730e+00	 5.6039e-02	 3.2316e+02	 7.0199e+03
 1.7086e+03	 6.9900e+03	 1.7579e+00	 5.8397e-02	 3.2315e+02	 7.0223e+03
 2.5629e+03	 6.9900e+03	 1.7419e+00	 5.9930e-02	 3.2316e+02	 7.0274e+03
 3.8443e+03	 6.9900e+03	 1.7261e+00	 6.0614e-02	 3.2315e+02	 7.0298e+03
 5.7665e+03	 6.9900e+03	 1.7108e+00	 6.1137e-02	 3.2315e+02	 7.0323e+03
 8.6498e+03	 6.9900e+03	 1.6962e+00	 6.2189e-02	 3.2315e+02	 7.0349e+03
 1.2975e+04	 6.9900e+03	 1.6809e+00	 6.4510e-02	 3.2315e+02	 7.0401e+03
 1.9462e+04	 6.9900e+03	 1.6646e+00	 6.8264e-02	 3.2315e+02	 7.0426e+03
 2.9193e+04	 6.9900e+03	 1.6452e+00	 7.2415e-02	 3.2315e+02	 7.0476e+03
 4.3789e+04	 6.9900e+03	 1.6228e+00	 7.4554e-02	 3.2315e+02	 7.0501e+03
 6.5684e+04	 6.9900e+03	 1.5994e+00	 7.2526e-02	 3.2315e+02	 7.0529e+03
 9.8526e+04	 6.9900e+03	 1.5780e+00	 6.6049e-02	 3.2316e+02	 7.0582e+03
 1.4779e+05	 6.9900e+03	 1.5606e+00	 5.7191e-02	 3.2316e+02	 7.0606e+03
 2.2168e+05	 6.9900e+03	 1.5477e+00	 4.8442e-02	 3.2316e+02	 7.0631e+03
 3.3253e+05	 6.9900e+03	 1.5466e+00	 3.9937e-02	 3.2316e+02	 7.0658e+03
 4.9879e+05	 6.9900e+03	 1.5381e+00	 3.5565e-02	 3.2315e+02	 7.0683e+03
 7.4818e+05	 6.9900e+03	 1.5313e+00	 3.2492e-02	 3.2315e+02	 7.0711e+03
 9.0000e+05	 6.9900e+03	 1.5286e+00	 3.1559e-02	 3.2316e+02	 7.0736e+03
 1.0000e+02	 7.0708e+03	 1.8414e+00	 3.9623e-02	 3.2316e+02	 7.0831e+03
 1.5000e+02	 7.0708e+03	 1.8328e+00	 4.1371e-02	 3.2315e+02	 7.0860e+03
 2.2500e+02	 7.0708e+03	 1.8230e+00	 4.3469e-02	 3.2315e+02	 7.0912e+03
 3.3750e+02	 7.0708e+03	 1.8124e+00	 4.6323e-02	 3.2315e+02	 7.0936e+03
 5.0625e+02	 7.0708e+03	 1.8006e+00	 4.9638e-02	 3.2315e+02	 7.0961e+03
 7.5938e+02	 7.0708e+03	 1.7874e+00	 5.3001e-02	 3.2315e+02	 7.0988e+03
 1.1391e+03	 7.0708e+03	 1.7730e+00	 5.6026e-02	 3.2315e+02	 7.1014e+03
 1.7086e+03	 7.0708e+03	 1.7579e+00	 5.8387e-02	 3.2315e+02	 7.1041e+03
 2.5629e+03	 7.0708e+03	 1.7419e+00	 5.9883e-02	 3.2315e+02	 7.1093e+03
 3.8443e+03	 7.0708e+03	 1.7262e+00	 6.0619e-02	 3.2315e+02	 7.1118e+03
 5.7665e+03	 7.0708e+03	 1.7109e+00	 6.1105e-02	 3.2315e+02	 7.1143e+03
 8.6498e+03	 7.0708e+03	 1.6963e+00	 6.2165e-02	 3.2315e+02	 7.1169e+03
 1.2975e+04	 7.0708e+03	 1.6810e+00	 6.4467e-02	 3.2315e+02	 7.1221e+03
 1.9462e+04	 7.0708e+03	 1.6647e+00	 6.8237e-02	 3.2315e+02	 7.1246e+03
 2.9193e+04	 7.0708e+03	 1.6452e+00	 7.2403e-02	 3.2316e+02	 7.1298e+03
 4.3789e+04	 7.0708e+03	 1.6230e+00	 7.4563e-02	 3.2315e+02	 7.1323e+03
 6.5684e+04	 7.0708e+03	 1.5996e+00	 7.2458e-02	 3.2316e+02	 7.1349e+03
 9.8526e+04	 7.0708e+03	 1.5780e+00	 6.6001e-02	 3.2315e+02	 7.1401e+03
 1.4779e+05	 7.0708e+03	 1.5608e+00	 5.7211e-02	 3.2315e+02	 7.1426e+03
 2.2168e+05	 7.0708e+03	 1.5478e+00	 4.8424e-02	 3.2315e+02	 7.1450e+03
 3.3253e+05	 7.0708e+03	 1.5467e+00	 3.9858e-02	 3.2315e+02	 7.1475e+03
 4.9879e+05	 7.0708e+03	 1.5383e+00	 3.5527e-02	 3.2316e+02	 7.1500e+03
 7.4818e+05	 7.0708e+03	 1.5316e+00	 3.2512e-02	 3.2315e+02	 7.1525e+03
 9.0000e+05	 7.0708e+03	 1.5287e+00	 3.1519e-02	 3.2315e+02	 7.1552e+03
 1.0000e+02	 7.1524e+03	 1.8415e+00	 3.9665e-02	 3.2315e+02	 7.1643e+03
 1.5000e+02	 7.1524e+03	 1.8326e+00	 4.1451e-02	 3.2315e+02	 7.1669e+03
 2.2500e+02	 7.1524e+03	 1.8231e+00	 4.3372e-02	 3.2315e+02	 7.1721e+03
 3.3750e+02	 7.1524e+03	 1.8125e+00	 4.6314e-02	 3.2314e+02	 7.1746e+03
 5.0625e+02	 7.1524e+03	 1.8006e+00	 4.9631e-02	 3.2314e+02	 7.1770e+03
 7.5938e+02	 7.1524e+03	 1.7874e+00	 5.3035e-02	 3.2315e+02	 7.1796e+03
 1.1391e+03	 7.1524e+03	 1.7730e+00	 5.6079e-02	 3.2315e+02	 7.1822e+03
 1.7086e+03	 7.1524e+03	 1.7580e+00	 5.8412e-02	 3.2314e+02	 7.1848e+03
 2.5629e+03	 7.1524e+03	 1.7420e+00	 5.9847e-02	 3.2314e+02	 7.1901e+03
 3.8443e+03	 7.1524e+03	 1.7261e+00	 6.0569e-02	 3.2315e+02	 7.1926e+03
 5.7665e+03	 7.1524e+03	 1.7109e+00	 6.1109e-02	 3.2315e+02	 7.1951e+03
 8.6498e+03	 7.1524e+03	 1.6963e+00	 6.2111e-02	 3.2315e+02	 7.1978e+03
 1.2975e+04	 7.1524e+03	 1.6811e+00	 6.4467e-02	 3.2315e+02	 7.2028e+03
 1.9462e+04	 7.1524e+03	 1.6648e+00	 6.8176e-02	 3.2315e+02	 7.2053e+03
 2.9193e+04	 7.1524e+03	 1.6453e+00	 7.2331e-02	 3.2315e+02	 7.2104e+03
 4.3789e+04	 7.1524e+03	 1.6231e+00	 7.4544e-02	 3.2315e+02	 7.2128e+03
 6.5684e+04	 7.1524e+03	 1.5997e+00	 7.2612e-02	 3.2314e+02	 7.2153e+03
 9.8526e+04	 7.1524e+03	 1.5780e+00	 6.6056e-02	 3.2315e+02	 7.2203e+03
 1.4779e+05	 7.1524e+03	 1.5609e+00	 5.7198e-02	 3.2315e+02	 7.2228e+03
 2.2168e+05	 7.1524e+03	 1.5480e+00	 4.8413e-02	 3.2315e+02	 7.2253e+03
 3.3253e+05	 7.1524e+03	 1.5468e+00	 3.9894e-02	 3.2315e+02	 7.2278e+03
 4.9879e+05	 7.1524e+03	 1.5384e+00	 3.5592e-02	 3.2315e+02	 7.2302e+03
 7.4818e+05	 7.1524e+03	 1.5315e+00	 3.2527e-02	 3.2315e+02	 7.2326e+03
 9.0000e+05	 7.1524e+03	 1.5288e+00	 3.1508e-02	 3.2314e+02	 7.2351e+03
 1.0000e+02	 7.2323e+03	 1.8424e+00	 3.9540e-02	 3.2315e+02	 7.2443e+03
 1.5000e+02	 7.2323e+03	 1.8339e+00	 4.0560e-02	 3.2315e+02	 7.2466e+03
 2.2500e+02	 7.2323e+03	 1.8234e+00	 4.3444e-02	 3.2315e+02	 7.2518e+03
 3.3750e+02	 7.2323e+03	 1.8127e+00	 4.6438e-02	 3.2314e+02	 7.2543e+03
 5.0625e+02	 7.2323e+03	 1.8009e+00	 4.9731e-02	 3.2315e+02	 7.2570e+03
 7.5938e+02	 7.2323e+03	 1.7876e+00	 5.3090e-02	 3.2315e+02	 7.2595e+03
 1.1391e+03	 7.2323e+03	 1.7732e+00	 5.6098e-02	 3.2315e+02	 7.2624e+03
 1.7086e+03	 7.2323e+03	 1.7580e+00	 5.8423e-02	 3.2315e+02	 7.2649e+03
 2.5629e+03	 7.2323e+03	 1.7421e+00	 5.9883e-02	 3.2315e+02	 7.2700e+03
 3.8443e+03	 7.2323e+03	 1.7264e+00	 6.0611e-02	 3.2315e+02	 7.2725e+03
 5.7665e+03	 7.2323e+03	 1.7110e+00	 6.1076e-02	 3.2315e+02	 7.2751e+03
 8.6498e+03	 7.2323e+03	 1.6964e+00	 6.2083e-02	 3.2315e+02	 7.2776e+03
 1.2975e+04	 7.2323e+03	 1.6812e+00	 6.4437e-02	 3.2315e+02	 7.2828e+03
 1.9462e+04	 7.2323e+03	 1.6650e+00	 6.8176e-02	 3.2315e+02	 7.2854e+03
 2.9193e+04	 7.2323e+03	 1.6454e+00	 7.2280e-02	 3.2315e+02	 7.2906e+03
 4.3789e+04	 7.2323e+03	 1.6232e+00	 7.4499e-02	 3.2314e+02	 7.2931e+03
 6.5684e+04	 7.2323e+03	 1.5998e+00	 7.2479e-02	 3.2315e+02	 7.2957e+03
 9.8526e+04	 7.2323e+03	 1.5782e+00	 6.5985e-02	 3.2315e+02	 7.3010e+03
 1.4779e+05	 7.2323e+03	 1.5610e+00	 5.7229e-02	 3.2314e+02	 7.3035e+03
 2.2168e+05	 7.2323e+03	 1.5480e+00	 4.8439e-02	 3.2315e+02	 7.3061e+03
 3.3253e+05	 7.2323e+03	 1.5468e+00	 3.9859e-02	 3.2315e+02	 7.3086e+03
 4.9879e+05	 7.2323e+03	 1.5384e+00	 3.5630e-02	 3.2315e+02	 7.3111e+03
 7.4818e+05	 7.2323e+03	 1.5317e+00	 3.2488e-02	 3.2315e+02	 7.3136e+03
 9.0000e+05	 7.2323e+03	 1.5289e+00	 3.1533e-02	 3.2315e+02	 7.3162e+03
 1.0000e+02	 7.3134e+03	 1.8425e+00	 4.0146e-02	 3.2314e+02	 7.3257e+03
 1.5000e+02	 7.3134e+03	 1.8336e+00	 4.1552e-02	 3.2315e+02	 7.3284e+03
 2.2500e+02	 7.3134e+03	 1.8235e+00	 4.3436e-02	 3.2315e+02	 7.3336e+03
 3.3750e+02	 7.3134e+03	 1.8127e+00	 4.6371e-02	 3.2315e+02	 7.3361e+03
 5.0625e+02	 7.3134e+03	 1.8009e+00	 4.9767e-02	 3.2315e+02	 7.3385e+03
 7.5938e+02	 7.3134e+03	 1.7877e+00	 5.3110e-02	 3.2315e+02	 7.3413e+03
 1.1391e+03	 7.3134e+03	 1.7733e+00	 5.6090e-02	 3.2315e+02	 7.3439e+03
 1.7086e+03	 7.3134e+03	 1.7582e+00	 5.8462e-02	 3.2315e+02	 7.3466e+03
 2.5629e+03	 7.3134e+03	 1.7422e+00	 5.9937e-02	 3.2315e+02	 7.3519e+03
 3.8443e+03	 7.3134e+03	 1.7264e+00	 6.0607e-02	 3.2315e+02	 7.3543e+03
 5.7665e+03	 7.3134e+03	 1.7111e+00	 6.1061e-02	 3.2315e+02	 7.3568e+03
 8.6498e+03	 7.3134e+03	 1.6966e+00	 6.2100e-02	 3.2315e+02	 7.3593e+03
 1.2975e+04	 7.3134e+03	 1.6813e+00	 6.4397e-02	 3.2315e+02	 7.3643e+03
 1.9462e+04	 7.3134e+03	 1.6650e+00	 6.8198e-02	 3.2315e+02	 7.3669e+03
 2.9193e+04	 7.3134e+03	 1.6456e+00	 7.2298e-02	 3.2315e+02	 7.3718e+03
 4.3789e+04	 7.3134e+03	 1.6233e+00	 7.4444e-02	 3.2315e+02	 7.3744e+03
 6.5684e+04	 7.3134e+03	 1.5999e+00	 7.2496e-02	 3.2315e+02	 7.3768e+03
 9.8526e+04	 7.3134e+03	 1.5784e+00	 6.6033e-02	 3.2315e+02	 7.3820e+03
 1.4779e+05	 7.3134e+03	 1.5611e+00	 5.7192e-02	 3.2315e+02	 7.3844e+03
 2.2168e+05	 7.3134e+03	 1.5482e+00	 4.8394e-02	 3.2315e+02	 7.3871e+03
 3.3253e+05	 7.3134e+03	 1.5469e+00	 3.9939e-02	 3.2315e+02	 7.3896e+03
 4.9879e+05	 7.3134e+03	 1.5386e+00	 3.5655e-02	 3.2316e+02	 7.3921e+03
 7.4818e+05	 7.3134e+03	 1.5319e+00	 3.2507e-02	 3.2315e+02	 7.3948e+03
 9.0000e+05	 7.3134e+03	 1.5291e+00	 3.1532e-02	 3.2315e+02	 7.3972e+03
 1.0000e+02	 7.3944e+03	 1.8423e+00	 3.9564e-02	 3.2315e+02	 7.4064e+03
 1.5000e+02	 7.3944e+03	 1.8327e+00	 4.1542e-02	 3.2316e+02	 7.4087e+03
 2.2500e+02	 7.3944e+03	 1.8236e+00	 4.3509e-02	 3.2316e+02	 7.4138e+03
 3.3750e+02	 7.3944e+03	 1.8129e+00	 4.6404e-02	 3.2315e+02	 7.4163e+03
 5.0625e+02	 7.3944e+03	 1.8010e+00	 4.9692e-02	 3.2315e+02	 7.4191e+03
 7.5938e+02	 7.3944e+03	 1.7878e+00	 5.3127e-02	 3.2316e+02	 7.4215e+03
 1.1391e+03	 7.3944e+03	 1.7734e+00	 5.6103e-02	 3.2315e+02	 7.4241e+03
 1.7086e+03	 7.3944e+03	 1.7582e+00	 5.8375e-02	 3.2315e+02	 7.4266e+03
 2.5629e+03	 7.3944e+03	 1.7422e+00	 5.9842e-02	 3.2315e+02	 7.4316e+03
 3.8443e+03	 7.3944e+03	 1.7264e+00	 6.0577e-02	 3.2316e+02	 7.4341e+03
 5.7665e+03	 7.3944e+03	 1.7111e+00	 6.1076e-02	 3.2315e+02	 7.4365e+03
 8.6498e+03	 7.3944e+03	 1.6966e+00	 6.2096e-02	 3.2315e+02	 7.4390e+03
 1.2975e+04	 7.3944e+03	 1.6814e+00	 6.4325e-02	 3.2315e+02	 7.4441e+03
 1.9462e+04	 7.3944e+03	 1.6651e+00	 6.8113e-02	 3.2315e+02	 7.4466e+03
 2.9193e+04	 7.3944e+03	 1.6457e+00	 7.2252e-02	 3.2316e+02	 7.4519e+03
 4.3789e+04	 7.3944e+03	 1.6234e+00	 7.4462e-02	 3.2316e+02	 7.4543e+03
 6.5684e+04	 7.3944e+03	 1.6000e+00	 7.2472e-02	 3.2315e+02	 7.4571e+03
 9.8526e+04	 7.3944e+03	 1.5783e+00	 6.5983e-02	 3.2314e+02	 7.4620e+03
 1.4779e+05	 7.3944e+03	 1.5612e+00	 5.7213e-02	 3.2315e+02	 7.4646e+03
 2.2168e+05	 7.3944e+03	 1.5481e+00	 4.8415e-02	 3.2315e+02	 7.4670e+03
 3.3253e+05	 7.3944e+03	 1.5470e+00	 3.9948e-02	 3.2315e+02	 7.4695e+03
 4.9879e+05	 7.3944e+03	 1.5386e+00	 3.5588e-02	 3.2315e+02	 7.4721e+03
 7.4818e+05	 7.3944e+03	 1.5317e+00	 3.2549e-02	 3.2315e+02	 7.4745e+03
 9.0000e+05	 7.3944e+03	 1.5290e+00	 3.1540e-02	 3.2315e+02	 7.4770e+03
 1.0000e+02	 7.4741e+03	 1.8418e+00	 3.9736e-02	 3.2315e+02	 7.4864e+03
 1.5000e+02	 7.4741e+03	 1.8330e+00	 4.1018e-02	 3.2315e+02	 7.4889e+03
 2.2500e+02	 7.4741e+03	 1.8234e+00	 4.3474e-02	 3.2314e+02	 7.4944e+03
 3.3750e+02	 7.4741e+03	 1.8128e+00	 4.6412e-02	 3.2314e+02	 7.4968e+03
 5.0625e+02	 7.4741e+03	 1.8009e+00	 4.9772e-02	 3.2314e+02	 7.4993e+03
 7.5938e+02	 7.4741e+03	 1.7878e+00	 5.3129e-02	 3.2314e+02	 7.5021e+03
 1.1391e+03	 7.4741e+03	 1.7733e+00	 5.6148e-02	 3.2315e+02	 7.5046e+03
 1.7086e+03	 7.4741e+03	 1.7582e+00	 5.8400e-02	 3.2315e+02	 7.5073e+03
 2.5629e+03	 7.4741e+03	 1.7422e+00	 5.9861e-02	 3.2314e+02	 7.5125e+03
 3.8443e+03	 7.4741e+03	 1.7264e+00	 6.0564e-02	 3.2314e+02	 7.5150e+03
 5.7665e+03	 7.4741e+03	 1.7112e+00	 6.0999e-02	 3.2315e+02	 7.5175e+03
 8.6498e+03	 7.4741e+03	 1.6967e+00	 6.2017e-02	 3.2315e+02	 7.5201e+03
 1.2975e+04	 7.4741e+03	 1.6815e+00	 6.4329e-02	 3.2315e+02	 7.5254e+03
 1.9462e+04	 7.4741e+03	 1.6653e+00	 6.8095e-02	 3.2315e+02	 7.5280e+03
 2.9193e+04	 7.4741e+03	 1.6459e+00	 7.2242e-02	 3.2315e+02	 7.5331e+03
 4.3789e+04	 7.4741e+03	 1.6236e+00	 7.4460e-02	 3.2315e+02	 7.5355e+03
 6.5684e+04	 7.4741e+03	 1.6002e+00	 7.2611e-02	 3.2315e+02	 7.5382e+03
 9.8526e+04	 7.4741e+03	 1.5785e+00	 6.6074e-02	 3.2315e+02	 7.5431e+03
 1.4779e+05	 7.4741e+03	 1.5612e+00	 5.7261e-02	 3.2315e+02	 7.5456e+03
 2.2168e+05	 7.4741e+03	 1.5484e+00	 4.8481e-02	 3.2316e+02	 7.5481e+03
 3.3253e+05	 7.4741e+03	 1.5470e+00	 3.9933e-02	 3.2315e+02	 7.5505e+03
 4.9879e+05	 7.4741e+03	 1.5387e+00	 3.5631e-02	 3.2315e+02	 7.5533e+03
 7.4818e+05	 7.4741e+03	 1.5319e+00	 3.2511e-02	 3.2315e+02	 7.5557e+03
 9.0000e+05	 7.4741e+03	 1.5291e+00	 3.1576e-02	 3.2315e+02	 7.5585e+03
 1.0000e+02	 7.5557e+03	 1.8426e+00	 4.0217e-02	 3.2315e+02	 7.5676e+03
 1.5000e+02	 7.5557e+03	 1.8334e+00	 4.1059e-02	 3.2315e+02	 7.5701e+03
 2.2500e+02	 7.5557e+03	 1.8236e+00	 4.3461e-02	 3.2315e+02	 7.5754e+03
 3.3750e+02	 7.5557e+03	 1.8129e+00	 4.6392e-02	 3.2315e+02	 7.5778e+03
 5.0625e+02	 7.5557e+03	 1.8010e+00	 4.9728e-02	 3.2315e+02	 7.5803e+03
 7.5938e+02	 7.5557e+03	 1.7878e+00	 5.3144e-02	 3.2315e+02	 7.5830e+03
 1.1391e+03	 7.5557e+03	 1.7735e+00	 5.6157e-02	 3.2314e+02	 7.5856e+03
 1.7086e+03	 7.5557e+03	 1.7582e+00	 5.8489e-02	 3.2315e+02	 7.5883e+03
 2.5629e+03	 7.5557e+03	 1.7422e+00	 5.9893e-02	 3.2315e+02	 7.5935e+03
 3.8443e+03	 7.5557e+03	 1.7265e+00	 6.0551e-02	 3.2315e+02	 7.5959e+03
 5.7665e+03	 7.5557e+03	 1.7112e+00	 6.0952e-02	 3.2315e+02	 7.5984e+03
 8.6498e+03	 7.5557e+03	 1.6967e+00	 6.2010e-02	 3.2315e+02	 7.6011e+03
 1.2975e+04	 7.5557e+03	 1.6815e+00	 6.4319e-02	 3.2315e+02	 7.6063e+03
 1.9462e+04	 7.5557e+03	 1.6652e+00	 6.8026e-02	 3.2315e+02	 7.6088e+03
 2.9193e+04	 7.5557e+03	 1.6458e+00	 7.2201e-02	 3.2315e+02	 7.6139e+03
 4.3789e+04	 7.5557e+03	 1.6236e+00	 7.4459e-02	 3.2315e+02	 7.6163e+03
 6.5684e+04	 7.5557e+03	 1.6002e+00	 7.2544e-02	 3.2315e+02	 7.6189e+03
 9.8526e+04	 7.5557e+03	 1.5785e+00	 6.6029e-02	 3.2315e+02	 7.6240e+03
 1.4779e+05	 7.5557e+03	 1.5613e+00	 5.7196e-02	 3.2315e+02	 7.6266e+03
 2.2168e+05	 7.5557e+03	 1.5483e+00	 4.8441e-02	 3.2315e+02	 7.6290e+03
 3.3253e+05	 7.5557e+03	 1.5471e+00	 3.9951e-02	 3.2315e+02	 7.6319e+03
 4.9879e+05	 7.5557e+03	 1.5388e+00	 3.5631e-02	 3.2315e+02	 7.6343e+03
 7.4818e+05	 7.5557e+03	 1.5319e+00	 3.2528e-02	 3.2315e+02	 7.6368e+03
 9.0000e+05	 7.5557e+03	 1.5292e+00	 3.1528e-02	 3.2315e+02	 7.6394e+03
 1.0000e+02	 7.6366e+03	 1.8427e+00	 4.0285e-02	 3.2315e+02	 7.6484e+03
 1.5000e+02	 7.6366e+03	 1.8335e+00	 4.1311e-02	 3.2315e+02	 7.6511e+03
 2.2500e+02	 7.6366e+03	 1.8237e+00	 4.3531e-02	 3.2315e+02	 7.6564e+03
 3.3750e+02	 7.6366e+03	 1.8130e+00	 4.6413e-02	 3.2315e+02	 7.6590e+03
 5.0625e+02	 7.6366e+03	 1.8011e+00	 4.9785e-02	 3.2315e+02	 7.6616e+03
 7.5938e+02	 7.6366e+03	 1.7879e+00	 5.3154e-02	 3.2315e+02	 7.6641e+03
 1.1391e+03	 7.6366e+03	 1.7735e+00	 5.6189e-02	 3.2315e+02	 7.6666e+03
 1.7086e+03	 7.6366e+03	 1.7583e+00	 5.8498e-02	 3.2315e+02	 7.6693e+03
 2.5629e+03	 7.6366e+03	 1.7423e+00	 5.9840e-02	 3.2315e+02	 7.6745e+03
 3.8443e+03	 7.6366e+03	 1.7265e+00	 6.0521e-02	 3.2316e+02	 7.6769e+03
 5.7665e+03	 7.6366e+03	 1.7112e+00	 6.0981e-02	 3.2315e+02	 7.6794e+03
 8.6498e+03	 7.6366e+03	 1.6968e+00	 6.1964e-02	 3.2315e+02	 7.6821e+03
 1.2975e+04	 7.6366e+03	 1.6815e+00	 6.4296e-02	 3.2316e+02	 7.6873e+03
 1.9462e+04	 7.6366e+03	 1.6653e+00	 6.8095e-02	 3.2316e+02	 7.6899e+03
 2.9193e+04	 7.6366e+03	 1.6459e+00	 7.2237e-02	 3.2316e+02	 7.6950e+03
 4.3789e+04	 7.6366e+03	 1.6236e+00	 7.4436e-02	 3.2315e+02	 7.6975e+03
 6.5684e+04	 7.6366e+03	 1.6002e+00	 7.2504e-02	 3.2315e+02	 7.7001e+03
 9.8526e+04	 7.6366e+03	 1.5787e+00	 6.5991e-02	 3.2315e+02	 7.7054e+03
 1.4779e+05	 7.6366e+03	 1.5614e+00	 5.7272e-02	 3.2315e+02	 7.7078e+03
 2.2168e+05	 7.6366e+03	 1.5484e+00	 4.8464e-02	 3.2315e+02	 7.7103e+03
 3.3253e+05	 7.6366e+03	 1.5471e+00	 3.9941e-02	 3.2315e+02	 7.7130e+03
 4.9879e+05	 7.6366e+03	 1.5387e+00	 3.5607e-02	 3.2316e+02	 7.7154e+03
 7.4818e+05	 7.6366e+03	 1.5319e+00	 3.2506e-02	 3.2315e+02	 7.7181e+03
 9.0000e+05	 7.6366e+03	 1.5292e+00	 3.1516e-02	 3.2315e+02	 7.7206e+03
 1.0000e+02	 7.7178e+03	 1.8422e+00	 3.9639e-02	 3.2315e+02	 7.7299e+03
 1.5000e+02	 7.7178e+03	 1.8332e+00	 4.1185e-02	 3.2315e+02	 7.7323e+03
 2.2500e+02	 7.7178e+03	 1.8238e+00	 4.3542e-02	 3.2315e+02	 7.7375e+03
 3.3750e+02	 7.7178e+03	 1.8130e+00	 4.6481e-02	 3.2315e+02	 7.7399e+03
 5.0625e+02	 7.7178e+03	 1.8011e+00	 4.9763e-02	 3.2315e+02	 7.7426e+03
 7.5938e+02	 7.7178e+03	 1.7879e+00	 5.3168e-02	 3.2315e+02	 7.7451e+03
 1.1391e+03	 7.7178e+03	 1.7735e+00	 5.6072e-02	 3.2315e+02	 7.7479e+03
 1.7086e+03	 7.7178e+03	 1.7583e+00	 5.8488e-02	 3.2315e+02	 7.7504e+03
 2.5629e+03	 7.7178e+03	 1.7424e+00	 5.9893e-02	 3.2315e+02	 7.7555e+03
 3.8443e+03	 7.7178e+03	 1.7265e+00	 6.0517e-02	 3.2315e+02	 7.7580e+03
 5.7665e+03	 7.7178e+03	 1.7112e+00	 6.0966e-02	 3.2315e+02	 7.7608e+03
 8.6498e+03	 7.7178e+03	 1.6968e+00	 6.1961e-02	 3.2315e+02	 7.7634e+03
 1.2975e+04	 7.7178e+03	 1.6816e+00	 6.4233e-02	 3.2315e+02	 7.7686e+03
 1.9462e+04	 7.7178e+03	 1.6654e+00	 6.8014e-02	 3.2315e+02	 7.7714e+03
 2.9193e+04	 7.7178e+03	 1.6460e+00	 7.2220e-02	 3.2315e+02	 7.7767e+03
 4.3789e+04	 7.7178e+03	 1.6238e+00	 7.4502e-02	 3.2315e+02	 7.7791e+03
 6.5684e+04	 7.7178e+03	 1.6004e+00	 7.2471e-02	 3.2315e+02	 7.7816e+03
 9.8526e+04	 7.7178e+03	 1.5787e+00	 6.6020e-02	 3.2315e+02	 7.7868e+03
 1.4779e+05	 7.7178e+03	 1.5616e+00	 5.7282e-02	 3.2315e+02	 7.7895e+03
 2.2168e+05	 7.7178e+03	 1.5486e+00	 4.8410e-02	 3.2315e+02	 7.7919e+03
 3.3253e+05	 7.7178e+03	 1.5472e+00	 3.9980e-02	 3.2315e+02	 7.7944e+03
 4.9879e+05	 7.7178e+03	 1.5388e+00	 3.5517e-02	 3.2315e+02	 7.7971e+03
 7.4818e+05	 7.7178e+03	 1.5320e+00	 3.2556e-02	 3.2315e+02	 7.7996e+03
 9.0000e+05	 7.7178e+03	 1.5294e+00	 3.1540e-02	 3.2315e+02	 7.8022e+03
 1.0000e+02	 7.7994e+03	 1.8424e+00	 4.0330e-02	 3.2315e+02	 7.8115e+03
 1.5000e+02	 7.7994e+03	 1.8334e+00	 4.1069e-02	 3.2315e+02	 7.8141e+03
 2.2500e+02	 7.7994e+03	 1.8238e+00	 4.3670e-02	 3.2315e+02	 7.8193e+03
 3.3750e+02	 7.7994e+03	 1.8131e+00	 4.6495e-02	 3.2315e+02	 7.8218e+03
 5.0625e+02	 7.7994e+03	 1.8011e+00	 4.9776e-02	 3.2314e+02	 7.8243e+03
 7.5938e+02	 7.7994e+03	 1.7879e+00	 5.3181e-02	 3.2315e+02	 7.8269e+03
 1.1391e+03	 7.7994e+03	 1.7735e+00	 5.6211e-02	 3.2315e+02	 7.8295e+03
 1.7086e+03	 7.7994e+03	 1.7583e+00	 5.8465e-02	 3.2314e+02	 7.8323e+03
 2.5629e+03	 7.7994e+03	 1.7423e+00	 5.9929e-02	 3.2314e+02	 7.8375e+03
 3.8443e+03	 7.7994e+03	 1.7265e+00	 6.0539e-02	 3.2315e+02	 7.8399e+03
 5.7665e+03	 7.7994e+03	 1.7113e+00	 6.0929e-02	 3.2315e+02	 7.8423e+03
 8.6498e+03	 7.7994e+03	 1.6968e+00	 6.1890e-02	 3.2315e+02	 7.8451e+03
 1.2975e+04	 7.7994e+03	 1.6816e+00	 6.4183e-02	 3.2315e+02	 7.8503e+03
 1.9462e+04	 7.7994e+03	 1.6654e+00	 6.8014e-02	 3.2316e+02	 7.8528e+03
 2.9193e+04	 7.7994e+03	 1.6460e+00	 7.2219e-02	 3.2315e+02	 7.8578e+03
 4.3789e+04	 7.7994e+03	 1.6238e+00	 7.4403e-02	 3.2316e+02	 7.8603e+03
 6.5684e+04	 7.7994e+03	 1.6003e+00	 7.2463e-02	 3.2315e+02	 7.8627e+03
 9.8526e+04	 7.7994e+03	 1.5788e+00	 6.5981e-02	 3.2315e+02	 7.8678e+03
 1.4779e+05	 7.7994e+03	 1.5615e+00	 5.7264e-02	 3.2315e+02	 7.8703e+03
 2.2168e+05	 7.7994e+03	 1.5486e+00	 4.8498e-02	 3.2315e+02	 7.8730e+03
 3.3253e+05	 7.7994e+03	 1.5474e+00	 3.9874e-02	 3.2315e+02	 7.8754e+03
 4.9879e+05	 7.7994e+03	 1.5390e+00	 3.5585e-02	 3.2315e+02	 7.8781e+03
 7.4818e+05	 7.7994e+03	 1.5322e+00	 3.2477e-02	 3.2315e+02	 7.8806e+03
 9.0000e+05	 7.7994e+03	 1.5293e+00	 3.1588e-02	 3.2315e+02	 7.8834e+03
 1.0000e+02	 7.8806e+03	 1.8426e+00	 3.9651e-02	 3.2315e+02	 7.8924e+03
 1.5000e+02	 7.8806e+03	 1.8324e+00	 4.1223e-02	 3.2315e+02	 7.8951e+03
 2.2500e+02	 7.8806e+03	 1.8238e+00	 4.3538e-02	 3.2315e+02	 7.9003e+03
 3.3750e+02	 7.8806e+03	 1.8130e+00	 4.6506e-02	 3.2315e+02	 7.9028e+03
 5.0625e+02	 7.8806e+03	 1.8012e+00	 4.9896e-02	 3.2315e+02	 7.9053e+03
 7.5938e+02	 7.8806e+03	 1.7879e+00	 5.3198e-02	 3.2315e+02	 7.9078e+03
 1.1391e+03	 7.8806e+03	 1.7735e+00	 5.6204e-02	 3.2315e+02	 7.9104e+03
 1.7086e+03	 7.8806e+03	 1.7583e+00	 5.8532e-02	 3.2315e+02	 7.9131e+03
 2.5629e+03	 7.8806e+03	 1.7423e+00	 5.9908e-02	 3.2315e+02	 7.9182e+03
 3.8443e+03	 7.8806e+03	 1.7265e+00	 6.0490e-02	 3.2315e+02	 7.9206e+03
 5.7665e+03	 7.8806e+03	 1.7113e+00	 6.0932e-02	 3.2315e+02	 7.9231e+03
 8.6498e+03	 7.8806e+03	 1.6968e+00	 6.1887e-02	 3.2315e+02	 7.9256e+03
 1.2975e+04	 7.8806e+03	 1.6816e+00	 6.4195e-02	 3.2315e+02	 7.9306e+03
 1.9462e+04	 7.8806e+03	 1.6655e+00	 6.7988e-02	 3.2315e+02	 7.9331e+03
 2.9193e+04	 7.8806e+03	 1.6461e+00	 7.2171e-02	 3.2315e+02	 7.9384e+03
 4.3789e+04	 7.8806e+03	 1.6238e+00	 7.4413e-02	 3.2314e+02	 7.9410e+03
 6.5684e+04	 7.8806e+03	 1.6003e+00	 7.2449e-02	 3.2315e+02	 7.9437e+03
 9.8526e+04	 7.8806e+03	 1.5790e+00	 6.6066e-02	 3.2315e+02	 7.9487e+03
 1.4779e+05	 7.8806e+03	 1.5615e+00	 5.7250e-02	 3.2314e+02	 7.9513e+03
 2.2168e+05	 7.8806e+03	 1.5486e+00	 4.8454e-02	 3.2314e+02	 7.9538e+03
 3.3253e+05	 7.8806e+03	 1.5473e+00	 3.9963e-02	 3.2315e+02	 7.9564e+03
 4.9879e+05	 7.8806e+03	 1.5390e+00	 3.5547e-02	 3.2315e+02	 7.9589e+03
 7.4818e+05	 7.8806e+03	 1.5322e+00	 3.2528e-02	 3.2314e+02	 7.9613e+03
 9.0000e+05	 7.8806e+03	 1.5295e+00	 3.1520e-02	 3.2315e+02	 7.9641e+03
 1.0000e+02	 7.9613e+03	 1.8430e+00	 4.0369e-02	 3.2315e+02	 7.9731e+03
 1.5000e+02	 7.9613e+03	 1.8333e+00	 4.2113e-02	 3.2314e+02	 7.9758e+03
 2.2500e+02	 7.9613e+03	 1.8240e+00	 4.3455e-02	 3.2315e+02	 7.9810e+03
 3.3750e+02	 7.9613e+03	 1.8133e+00	 4.6476e-02	 3.2315e+02	 7.9834e+03
 5.0625e+02	 7.9613e+03	 1.8013e+00	 4.9885e-02	 3.2315e+02	 7.9859e+03
 7.5938e+02	 7.9613e+03	 1.7882e+00	 5.3237e-02	 3.2315e+02	 7.9886e+03
 1.1391e+03	 7.9613e+03	 1.7737e+00	 5.6251e-02	 3.2315e+02	 7.9912e+03
 1.7086e+03	 7.9613e+03	 1.7585e+00	 5.8566e-02	 3.2315e+02	 7.9939e+03
 2.5629e+03	 7.9613e+03	 1.7425e+00	 5.9880e-02	 3.2315e+02	 7.9989e+03
 3.8443e+03	 7.9613e+03	 1.7267e+00	 6.0510e-02	 3.2316e+02	 8.0016e+03
 5.7665e+03	 7.9613e+03	 1.7114e+00	 6.0931e-02	 3.2315e+02	 8.0040e+03
 8.6498e+03	 7.9613e+03	 1.6970e+00	 6.1865e-02	 3.2315e+02	 8.0066e+03
 1.2975e+04	 7.9613e+03	 1.6818e+00	 6.4175e-02	 3.2315e+02	 8.0120e+03
 1.9462e+04	 7.9613e+03	 1.6657e+00	 6.7962e-02	 3.2315e+02	 8.0145e+03
 2.9193e+04	 7.9613e+03	 1.6463e+00	 7.2146e-02	 3.2315e+02	 8.0196e+03
 4.3789e+04	 7.9613e+03	 1.6241e+00	 7.4416e-02	 3.2316e+02	 8.0220e+03
 6.5684e+04	 7.9613e+03	 1.6007e+00	 7.2475e-02	 3.2315e+02	 8.0246e+03
 9.8526e+04	 7.9613e+03	 1.5791e+00	 6.6068e-02	 3.2316e+02	 8.0296e+03
 1.4779e+05	 7.9613e+03	 1.5617e+00	 5.7263e-02	 3.2315e+02	 8.0323e+03
 2.2168e+05	 7.9613e+03	 1.5488e+00	 4.8466e-02	 3.2316e+02	 8.0348e+03
 3.3253e+05	 7.9613e+03	 1.5475e+00	 3.9976e-02	 3.2315e+02	 8.0375e+03
 4.9879e+05	 7.9613e+03	 1.5391e+00	 3.5622e-02	 3.2315e+02	 8.0400e+03
 7.4818e+05	 7.9613e+03	 1.5323e+00	 3.2459e-02	 3.2315e+02	 8.0425e+03
 9.0000e+05	 7.9613e+03	 1.5295e+00	 3.1568e-02	 3.2315e+02	 8.0451e+03
 1.0000e+02	 8.0423e+03	 1.8432e+00	 4.0049e-02	 3.2315e+02	 8.0543e+03
 1.5000e+02	 8.0423e+03	 1.8342e+00	 4.0878e-02	 3.2315e+02	 8.0569e+03
 2.2500e+02	 8.0423e+03	 1.8240e+00	 4.3584e-02	 3.2315e+02	 8.0621e+03
 3.3750e+02	 8.0423e+03	 1.8133e+00	 4.6516e-02	 3.2315e+02	 8.0646e+03
 5.0625e+02	 8.0423e+03	 1.8014e+00	 4.9873e-02	 3.2315e+02	 8.0671e+03
 7.5938e+02	 8.0423e+03	 1.7881e+00	 5.3242e-02	 3.2316e+02	 8.0696e+03
 1.1391e+03	 8.0423e+03	 1.7736e+00	 5.6284e-02	 3.2316e+02	 8.0721e+03
 1.7086e+03	 8.0423e+03	 1.7584e+00	 5.8581e-02	 3.2315e+02	 8.0748e+03
 2.5629e+03	 8.0423e+03	 1.7424e+00	 5.9921e-02	 3.2315e+02	 8.0797e+03
 3.8443e+03	 8.0423e+03	 1.7266e+00	 6.0495e-02	 3.2316e+02	 8.0823e+03
 5.7665e+03	 8.0423e+03	 1.7114e+00	 6.0874e-02	 3.2315e+02	 8.0848e+03
 8.6498e+03	 8.0423e+03	 1.6970e+00	 6.1882e-02	 3.2315e+02	 8.0876e+03
 1.2975e+04	 8.0423e+03	 1.6818e+00	 6.4168e-02	 3.2315e+02	 8.0930e+03
 1.9462e+04	 8.0423e+03	 1.6657e+00	 6.7928e-02	 3.2316e+02	 8.0954e+03
 2.9193e+04	 8.0423e+03	 1.6463e+00	 7.2131e-02	 3.2316e+02	 8.1005e+03
 4.3789e+04	 8.0423e+03	 1.6242e+00	 7.4362e-02	 3.2316e+02	 8.1030e+03
 6.5684e+04	 8.0423e+03	 1.6007e+00	 7.2555e-02	 3.2316e+02	 8.1056e+03
 9.8526e+04	 8.0423e+03	 1.5791e+00	 6.6167e-02	 3.2316e+02	 8.1105e+03
 1.4779e+05	 8.0423e+03	 1.5617e+00	 5.7290e-02	 3.2316e+02	 8.1131e+03
 2.2168e+05	 8.0423e+03	 1.5488e+00	 4.8438e-02	 3.2316e+02	 8.1156e+03
 3.3253e+05	 8.0423e+03	 1.5474e+00	 3.9996e-02	 3.2316e+02	 8.1184e+03
 4.9879e+05	 8.0423e+03	 1.5391e+00	 3.5656e-02	 3.2315e+02	 8.1208e+03
 7.4818e+05	 8.0423e+03	 1.5322e+00	 3.2522e-02	 3.2316e+02	 8.1236e+03
 9.0000e+05	 8.0423e+03	 1.5296e+00	 3.1562e-02	 3.2315e+02	 8.1261e+03
 1.0000e+02	 8.1233e+03	 1.8431e+00	 3.9943e-02	 3.2315e+02	 8.1355e+03
 1.5000e+02	 8.1233e+03	 1.8335e+00	 4.1923e-02	 3.2315e+02	 8.1379e+03
 2.2500e+02	 8.1233e+03	 1.8240e+00	 4.3507e-02	 3.2315e+02	 8.1430e+03
 3.3750e+02	 8.1233e+03	 1.8132e+00	 4.6554e-02	 3.2315e+02	 8.1455e+03
 5.0625e+02	 8.1233e+03	 1.8013e+00	 4.9841e-02	 3.2314e+02	 8.1482e+03
 7.5938e+02	 8.1233e+03	 1.7879e+00	 5.3309e-02	 3.2315e+02	 8.1507e+03
 1.1391e+03	 8.1233e+03	 1.7735e+00	 5.6258e-02	 3.2315e+02	 8.1534e+03
 1.7086e+03	 8.1233e+03	 1.7583e+00	 5.8546e-02	 3.2315e+02	 8.1559e+03
 2.5629e+03	 8.1233e+03	 1.7423e+00	 5.9914e-02	 3.2315e+02	 8.1611e+03
 3.8443e+03	 8.1233e+03	 1.7265e+00	 6.0458e-02	 3.2314e+02	 8.1635e+03
 5.7665e+03	 8.1233e+03	 1.7113e+00	 6.0877e-02	 3.2314e+02	 8.1662e+03
 8.6498e+03	 8.1233e+03	 1.6969e+00	 6.1821e-02	 3.2314e+02	 8.1686e+03
 1.2975e+04	 8.1233e+03	 1.6818e+00	 6.4090e-02	 3.2315e+02	 8.1737e+03
 1.9462e+04	 8.1233e+03	 1.6656e+00	 6.7940e-02	 3.2315e+02	 8.1762e+03
 2.9193e+04	 8.1233e+03	 1.6463e+00	 7.2118e-02	 3.2315e+02	 8.1813e+03
 4.3789e+04	 8.1233e+03	 1.6241e+00	 7.4416e-02	 3.2314e+02	 8.1838e+03
 6.5684e+04	 8.1233e+03	 1.6008e+00	 7.2515e-02	 3.2314e+02	 8.1864e+03
 9.8526e+04	 8.1233e+03	 1.5790e+00	 6.6089e-02	 3.2314e+02	 8.1917e+03
 1.4779e+05	 8.1233e+03	 1.5618e+00	 5.7296e-02	 3.2314e+02	 8.1941e+03
 2.2168e+05	 8.1233e+03	 1.5488e+00	 4.8425e-02	 3.2314e+02	 8.1966e+03
 3.3253e+05	 8.1233e+03	 1.5475e+00	 3.9929e-02	 3.2315e+02	 8.1991e+03
 4.9879e+05	 8.1233e+03	 1.5392e+00	 3.5608e-02	 3.2314e+02	 8.2016e+03
 7.4818e+05	 8.1233e+03	 1.5324e+00	 3.2536e-02	 3.2315e+02	 8.2040e+03
 9.0000e+05	 8.1233e+03	 1.5296e+00	 3.1519e-02	 3.2315e+02	 8.2066e+03
 1.0000e+02	 8.2039e+03	 1.8427e+00	 4.0429e-02	 3.2315e+02	 8.2157e+03
 1.5000e+02	 8.2039e+03	 1.8333e+00	 4.0940e-02	 3.2315e+02	 8.2183e+03
 2.2500e+02	 8.2039e+03	 1.8241e+00	 4.3709e-02	 3.2315e+02	 8.2236e+03
 3.3750e+02	 8.2039e+03	 1.8134e+00	 4.6599e-02	 3.2315e+02	 8.2261e+03
 5.0625e+02	 8.2039e+03	 1.8016e+00	 4.9938e-02	 3.2316e+02	 8.2285e+03
 7.5938e+02	 8.2039e+03	 1.7884e+00	 5.3318e-02	 3.2316e+02	 8.2311e+03
 1.1391e+03	 8.2039e+03	 1.7739e+00	 5.6274e-02	 3.2315e+02	 8.2336e+03
 1.7086e+03	 8.2039e+03	 1.7586e+00	 5.8577e-02	 3.2315e+02	 8.2361e+03
 2.5629e+03	 8.2039e+03	 1.7426e+00	 5.9965e-02	 3.2315e+02	 8.2412e+03
 3.8443e+03	 8.2039e+03	 1.7268e+00	 6.0515e-02	 3.2315e+02	 8.2438e+03
 5.7665e+03	 8.2039e+03	 1.7116e+00	 6.0847e-02	 3.2315e+02	 8.2463e+03
 8.6498e+03	 8.2039e+03	 1.6972e+00	 6.1778e-02	 3.2315e+02	 8.2487e+03
 1.2975e+04	 8.2039e+03	 1.6821e+00	 6.4136e-02	 3.2315e+02	 8.2538e+03
 1.9462e+04	 8.2039e+03	 1.6659e+00	 6.7918e-02	 3.2315e+02	 8.2566e+03
 2.9193e+04	 8.2039e+03	 1.6465e+00	 7.2070e-02	 3.2315e+02	 8.2616e+03
 4.3789e+04	 8.2039e+03	 1.6243e+00	 7.4368e-02	 3.2315e+02	 8.2643e+03
 6.5684e+04	 8.2039e+03	 1.6010e+00	 7.2566e-02	 3.2315e+02	 8.2668e+03
 9.8526e+04	 8.2039e+03	 1.5792e+00	 6.6161e-02	 3.2316e+02	 8.2721e+03
 1.4779e+05	 8.2039e+03	 1.5620e+00	 5.7295e-02	 3.2315e+02	 8.2749e+03
 2.2168e+05	 8.2039e+03	 1.5490e+00	 4.8514e-02	 3.2315e+02	 8.2774e+03
 3.3253e+05	 8.2039e+03	 1.5476e+00	 3.9941e-02	 3.2315e+02	 8.2801e+03
 4.9879e+05	 8.2039e+03	 1.5392e+00	 3.5553e-02	 3.2315e+02	 8.2826e+03
 7.4818e+05	 8.2039e+03	 1.5325e+00	 3.2571e-02	 3.2315e+02	 8.2851e+03
 9.0000e+05	 8.2039e+03	 1.5297e+00	 3.1504e-02	 3.2315e+02	 8.2876e+03
 1.0000e+02	 8.2848e+03	 1.8425e+00	 4.0264e-02	 3.2315e+02	 8.2970e+03
 1.5000e+02	 8.2848e+03	 1.8341e+00	 4.0970e-02	 3.2315e+02	 8.2994e+03
 2.2500e+02	 8.2848e+03	 1.8243e+00	 4.3588e-02	 3.2315e+02	 8.3047e+03
 3.3750e+02	 8.2848e+03	 1.8136e+00	 4.6574e-02	 3.2315e+02	 8.3071e+03
 5.0625e+02	 8.2848e+03	 1.8017e+00	 4.9962e-02	 3.2315e+02	 8.3098e+03
 7.5938e+02	 8.2848e+03	 1.7883e+00	 5.3278e-02	 3.2315e+02	 8.3123e+03
 1.1391e+03	 8.2848e+03	 1.7739e+00	 5.6315e-02	 3.2316e+02	 8.3149e+03
 1.7086e+03	 8.2848e+03	 1.7586e+00	 5.8587e-02	 3.2315e+02	 8.3175e+03
 2.5629e+03	 8.2848e+03	 1.7426e+00	 5.9893e-02	 3.2315e+02	 8.3226e+03
 3.8443e+03	 8.2848e+03	 1.7268e+00	 6.0497e-02	 3.2315e+02	 8.3251e+03
 5.7665e+03	 8.2848e+03	 1.7116e+00	 6.0852e-02	 3.2315e+02	 8.3279e+03
 8.6498e+03	 8.2848e+03	 1.6972e+00	 6.1784e-02	 3.2315e+02	 8.3305e+03
 1.2975e+04	 8.2848e+03	 1.6820e+00	 6.4119e-02	 3.2315e+02	 8.3356e+03
 1.9462e+04	 8.2848e+03	 1.6659e+00	 6.7840e-02	 3.2314e+02	 8.3381e+03
 2.9193e+04	 8.2848e+03	 1.6466e+00	 7.2056e-02	 3.2315e+02	 8.3432e+03
 4.3789e+04	 8.2848e+03	 1.6244e+00	 7.4376e-02	 3.2315e+02	 8.3459e+03
 6.5684e+04	 8.2848e+03	 1.6010e+00	 7.2597e-02	 3.2315e+02	 8.3484e+03
 9.8526e+04	 8.2848e+03	 1.5793e+00	 6.6158e-02	 3.2314e+02	 8.3536e+03
 1.4779e+05	 8.2848e+03	 1.5619e+00	 5.7292e-02	 3.2315e+02	 8.3561e+03
 2.2168e+05	 8.2848e+03	 1.5490e+00	 4.8480e-02	 3.2315e+02	 8.3587e+03
 3.3253e+05	 8.2848e+03	 1.5476e+00	 3.9965e-02	 3.2315e+02	 8.3611e+03
 4.9879e+05	 8.2848e+03	 1.5392e+00	 3.5522e-02	 3.2314e+02	 8.3636e+03
 7.4818e+05	 8.2848e+03	 1.5325e+00	 3.2534e-02	 3.2314e+02	 8.3662e+03
 9.0000e+05	 8.2848e+03	 1.5297e+00	 3.1542e-02	 3.2315e+02	 8.3686e+03
 1.0000e+02	 8.3659e+03	 1.8434e+00	 4.0260e-02	 3.2315e+02	 8.3781e+03
 1.5000e+02	 8.3659e+03	 1.8341e+00	 4.1908e-02	 3.2315e+02	 8.3805e+03
 2.2500e+02	 8.3659e+03	 1.8242e+00	 4.3560e-02	 3.2315e+02	 8.3857e+03
 3.3750e+02	 8.3659e+03	 1.8136e+00	 4.6594e-02	 3.2315e+02	 8.3881e+03
 5.0625e+02	 8.3659e+03	 1.8017e+00	 4.9973e-02	 3.2315e+02	 8.3908e+03
 7.5938e+02	 8.3659e+03	 1.7884e+00	 5.3323e-02	 3.2315e+02	 8.3933e+03
 1.1391e+03	 8.3659e+03	 1.7739e+00	 5.6348e-02	 3.2315e+02	 8.3960e+03
 1.7086e+03	 8.3659e+03	 1.7587e+00	 5.8644e-02	 3.2315e+02	 8.3985e+03
 2.5629e+03	 8.3659e+03	 1.7426e+00	 5.9875e-02	 3.2314e+02	 8.4035e+03
 3.8443e+03	 8.3659e+03	 1.7268e+00	 6.0446e-02	 3.2315e+02	 8.4060e+03
 5.7665e+03	 8.3659e+03	 1.7116e+00	 6.0811e-02	 3.2315e+02	 8.4086e+03
 8.6498e+03	 8.3659e+03	 1.6972e+00	 6.1783e-02	 3.2315e+02	 8.4111e+03
 1.2975e+04	 8.3659e+03	 1.6820e+00	 6.4079e-02	 3.2315e+02	 8.4163e+03
 1.9462e+04	 8.3659e+03	 1.6659e+00	 6.7855e-02	 3.2315e+02	 8.4187e+03
 2.9193e+04	 8.3659e+03	 1.6467e+00	 7.2100e-02	 3.2314e+02	 8.4238e+03
 4.3789e+04	 8.3659e+03	 1.6245e+00	 7.4310e-02	 3.2315e+02	 8.4263e+03
 6.5684e+04	 8.3659e+03	 1.6011e+00	 7.2589e-02	 3.2315e+02	 8.4289e+03
 9.8526e+04	 8.3659e+03	 1.5794e+00	 6.6177e-02	 3.2315e+02	 8.4341e+03
 1.4779e+05	 8.3659e+03	 1.5620e+00	 5.7277e-02	 3.2315e+02	 8.4366e+03
 2.2168e+05	 8.3659e+03	 1.5491e+00	 4.8512e-02	 3.2315e+02	 8.4390e+03
 3.3253e+05	 8.3659e+03	 1.5478e+00	 3.9977e-02	 3.2316e+02	 8.4416e+03
 4.9879e+05	 8.3659e+03	 1.5394e+00	 3.5523e-02	 3.2315e+02	 8.4441e+03
 7.4818e+05	 8.3659e+03	 1.5325e+00	 3.2551e-02	 3.2315e+02	 8.4465e+03
 9.0000e+05	 8.3659e+03	 1.5298e+00	 3.1492e-02	 3.2316e+02	 8.4492e+03
 1.0000e+02	 8.4464e+03	 1.8436e+00	 4.0107e-02	 3.2316e+02	 8.4583e+03
 1.5000e+02	 8.4464e+03	 1.8348e+00	 4.1191e-02	 3.2316e+02	 8.4608e+03
 2.2500e+02	 8.4464e+03	 1.8245e+00	 4.3606e-02	 3.2316e+02	 8.4658e+03
 3.3750e+02	 8.4464e+03	 1.8137e+00	 4.6551e-02	 3.2316e+02	 8.4682e+03
 5.0625e+02	 8.4464e+03	 1.8017e+00	 4.9923e-02	 3.2316e+02	 8.4706e+03
 7.5938e+02	 8.4464e+03	 1.7884e+00	 5.3334e-02	 3.2315e+02	 8.4731e+03
 1.1391e+03	 8.4464e+03	 1.7739e+00	 5.6321e-02	 3.2316e+02	 8.4758e+03
 1.7086e+03	 8.4464e+03	 1.7586e+00	 5.8519e-02	 3.2316e+02	 8.4783e+03
 2.5629e+03	 8.4464e+03	 1.7425e+00	 5.9866e-02	 3.2315e+02	 8.4835e+03
 3.8443e+03	 8.4464e+03	 1.7267e+00	 6.0447e-02	 3.2315e+02	 8.4862e+03
 5.7665e+03	 8.4464e+03	 1.7115e+00	 6.0799e-02	 3.2315e+02	 8.4886e+03
 8.6498e+03	 8.4464e+03	 1.6971e+00	 6.1773e-02	 3.2315e+02	 8.4911e+03
 1.2975e+04	 8.4464e+03	 1.6820e+00	 6.3982e-02	 3.2315e+02	 8.4961e+03
 1.9462e+04	 8.4464e+03	 1.6660e+00	 6.7850e-02	 3.2315e+02	 8.4986e+03
 2.9193e+04	 8.4464e+03	 1.6466e+00	 7.2066e-02	 3.2315e+02	 8.5036e+03
 4.3789e+04	 8.4464e+03	 1.6244e+00	 7.4342e-02	 3.2315e+02	 8.5065e+03
 6.5684e+04	 8.4464e+03	 1.6011e+00	 7.2555e-02	 3.2315e+02	 8.5090e+03
 9.8526e+04	 8.4464e+03	 1.5793e+00	 6.6096e-02	 3.2315e+02	 8.5140e+03
 1.4779e+05	 8.4464e+03	 1.5621e+00	 5.7300e-02	 3.2315e+02	 8.5165e+03
 2.2168e+05	 8.4464e+03	 1.5490e+00	 4.8465e-02	 3.2315e+02	 8.5192e+03
 3.3253e+05	 8.4464e+03	 1.5476e+00	 3.9994e-02	 3.2315e+02	 8.5216e+03
 4.9879e+05	 8.4464e+03	 1.5393e+00	 3.5628e-02	 3.2316e+02	 8.5241e+03
 7.4818e+05	 8.4464e+03	 1.5326e+00	 3.2456e-02	 3.2315e+02	 8.5266e+03
 9.0000e+05	 8.4464e+03	 1.5299e+00	 3.1596e-02	 3.2315e+02	 8.5291e+03
 1.0000e+02	 8.5263e+03	 1.8436e+00	 4.0049e-02	 3.2315e+02	 8.5384e+03
 1.5000e+02	 8.5263e+03	 1.8348e+00	 4.2100e-02	 3.2315e+02	 8.5409e+03
 2.2500e+02	 8.5263e+03	 1.8245e+00	 4.3665e-02	 3.2315e+02	 8.5461e+03
 3.3750e+02	 8.5263e+03	 1.8137e+00	 4.6604e-02	 3.2315e+02	 8.5486e+03
 5.0625e+02	 8.5263e+03	 1.8017e+00	 4.9959e-02	 3.2315e+02	 8.5513e+03
 7.5938e+02	 8.5263e+03	 1.7884e+00	 5.3341e-02	 3.2315e+02	 8.5538e+03
 1.1391e+03	 8.5263e+03	 1.7739e+00	 5.6329e-02	 3.2315e+02	 8.5566e+03
 1.7086e+03	 8.5263e+03	 1.7586e+00	 5.8584e-02	 3.2315e+02	 8.5590e+03
 2.5629e+03	 8.5263e+03	 1.7425e+00	 5.9855e-02	 3.2314e+02	 8.5641e+03
 3.8443e+03	 8.5263e+03	 1.7268e+00	 6.0437e-02	 3.2314e+02	 8.5666e+03
 5.7665e+03	 8.5263e+03	 1.7116e+00	 6.0752e-02	 3.2314e+02	 8.5692e+03
 8.6498e+03	 8.5263e+03	 1.6972e+00	 6.1699e-02	 3.2315e+02	 8.5717e+03
 1.2975e+04	 8.5263e+03	 1.6821e+00	 6.3977e-02	 3.2313e+02	 8.5768e+03
 1.9462e+04	 8.5263e+03	 1.6661e+00	 6.7815e-02	 3.2313e+02	 8.5793e+03
 2.9193e+04	 8.5263e+03	 1.6468e+00	 7.2034e-02	 3.2314e+02	 8.5843e+03
 4.3789e+04	 8.5263e+03	 1.6246e+00	 7.4342e-02	 3.2313e+02	 8.5868e+03
 6.5684e+04	 8.5263e+03	 1.6011e+00	 7.2559e-02	 3.2314e+02	 8.5894e+03
 9.8526e+04	 8.5263e+03	 1.5796e+00	 6.6194e-02	 3.2314e+02	 8.5947e+03
 1.4779e+05	 8.5263e+03	 1.5622e+00	 5.7323e-02	 3.2314e+02	 8.5971e+03
 2.2168e+05	 8.5263e+03	 1.5493e+00	 4.8548e-02	 3.2314e+02	 8.5996e+03
 3.3253e+05	 8.5263e+03	 1.5480e+00	 3.9986e-02	 3.2315e+02	 8.6024e+03
 4.9879e+05	 8.5263e+03	 1.5396e+00	 3.5555e-02	 3.2315e+02	 8.6048e+03
 7.4818e+05	 8.5263e+03	 1.5328e+00	 3.2542e-02	 3.2315e+02	 8.6076e+03
 9.0000e+05	 8.5263e+03	 1.5301e+00	 3.1537e-02	 3.2315e+02	 8.6101e+03
 1.0000e+02	 8.6073e+03	 1.8432e+00	 4.0443e-02	 3.2314e+02	 8.6194e+03
 1.5000e+02	 8.6073e+03	 1.8341e+00	 4.2351e-02	 3.2315e+02	 8.6217e+03
 2.2500e+02	 8.6073e+03	 1.8247e+00	 4.3577e-02	 3.2315e+02	 8.6268e+03
 3.3750e+02	 8.6073e+03	 1.8140e+00	 4.6657e-02	 3.2315e+02	 8.6293e+03
 5.0625e+02	 8.6073e+03	 1.8020e+00	 4.9992e-02	 3.2315e+02	 8.6319e+03
 7.5938e+02	 8.6073e+03	 1.7887e+00	 5.3410e-02	 3.2315e+02	 8.6344e+03
 1.1391e+03	 8.6073e+03	 1.7742e+00	 5.6362e-02	 3.2315e+02	 8.6370e+03
 1.7086e+03	 8.6073e+03	 1.7589e+00	 5.8633e-02	 3.2315e+02	 8.6396e+03
 2.5629e+03	 8.6073e+03	 1.7428e+00	 5.9953e-02	 3.2315e+02	 8.6449e+03
 3.8443e+03	 8.6073e+03	 1.7270e+00	 6.0416e-02	 3.2315e+02	 8.6474e+03
 5.7665e+03	 8.6073e+03	 1.7118e+00	 6.0772e-02	 3.2315e+02	 8.6502e+03
 8.6498e+03	 8.6073e+03	 1.6974e+00	 6.1717e-02	 3.2316e+02	 8.6526e+03
 1.2975e+04	 8.6073e+03	 1.6823e+00	 6.3975e-02	 3.2315e+02	 8.6578e+03
 1.9462e+04	 8.6073e+03	 1.6662e+00	 6.7817e-02	 3.2315e+02	 8.6603e+03
 2.9193e+04	 8.6073e+03	 1.6469e+00	 7.2023e-02	 3.2315e+02	 8.6655e+03
 4.3789e+04	 8.6073e+03	 1.6248e+00	 7.4307e-02	 3.2315e+02	 8.6682e+03
 6.5684e+04	 8.6073e+03	 1.6014e+00	 7.2525e-02	 3.2315e+02	 8.6706e+03
 9.8526e+04	 8.6073e+03	 1.5795e+00	 6.6108e-02	 3.2315e+02	 8.6758e+03
 1.4779e+05	 8.6073e+03	 1.5623e+00	 5.7309e-02	 3.2315e+02	 8.6783e+03
 2.2168e+05	 8.6073e+03	 1.5493e+00	 4.8501e-02	 3.2314e+02	 8.6811e+03
 3.3253e+05	 8.6073e+03	 1.5479e+00	 3.9992e-02	 3.2315e+02	 8.6836e+03
 4.9879e+05	 8.6073e+03	 1.5396e+00	 3.5567e-02	 3.2315e+02	 8.6862e+03
 7.4818e+05	 8.6073e+03	 1.5328e+00	 3.2576e-02	 3.2315e+02	 8.6886e+03
 9.0000e+05	 8.6073e+03	 1.5301e+00	 3.1524e-02	 3.2315e+02	 8.6911e+03
 1.0000e+02	 8.6883e+03	 1.8432e+00	 4.0407e-02	 3.2316e+02	 8.7007e+03
 1.5000e+02	 8.6883e+03	 1.8343e+00	 4.1964e-02	 3.2315e+02	 8.7033e+03
 2.2500e+02	 8.6883e+03	 1.8247e+00	 4.3642e-02	 3.2315e+02	 8.7083e+03
 3.3750e+02	 8.6883e+03	 1.8140e+00	 4.6645e-02	 3.2315e+02	 8.7109e+03
 5.0625e+02	 8.6883e+03	 1.8021e+00	 5.0042e-02	 3.2315e+02	 8.7134e+03
 7.5938e+02	 8.6883e+03	 1.7888e+00	 5.3406e-02	 3.2315e+02	 8.7160e+03
 1.1391e+03	 8.6883e+03	 1.7742e+00	 5.6397e-02	 3.2315e+02	 8.7186e+03
 1.7086e+03	 8.6883e+03	 1.7589e+00	 5.8613e-02	 3.2315e+02	 8.7213e+03
 2.5629e+03	 8.6883e+03	 1.7429e+00	 5.9952e-02	 3.2315e+02	 8.7264e+03
 3.8443e+03	 8.6883e+03	 1.7271e+00	 6.0397e-02	 3.2315e+02	 8.7289e+03
 5.7665e+03	 8.6883e+03	 1.7119e+00	 6.0720e-02	 3.2315e+02	 8.7313e+03
 8.6498e+03	 8.6883e+03	 1.6975e+00	 6.1688e-02	 3.2315e+02	 8.7339e+03
 1.2975e+04	 8.6883e+03	 1.6824e+00	 6.3947e-02	 3.2315e+02	 8.7392e+03
 1.9462e+04	 8.6883e+03	 1.6663e+00	 6.7742e-02	 3.2315e+02	 8.7417e+03
 2.9193e+04	 8.6883e+03	 1.6470e+00	 7.1995e-02	 3.2315e+02	 8.7468e+03
 4.3789e+04	 8.6883e+03	 1.6249e+00	 7.4331e-02	 3.2315e+02	 8.7493e+03
 6.5684e+04	 8.6883e+03	 1.6014e+00	 7.2516e-02	 3.2315e+02	 8.7520e+03
 9.8526e+04	 8.6883e+03	 1.5799e+00	 6.6228e-02	 3.2315e+02	 8.7572e+03
 1.4779e+05	 8.6883e+03	 1.5624e+00	 5.7325e-02	 3.2315e+02	 8.7596e+03
 2.2168e+05	 8.6883e+03	 1.5494e+00	 4.8578e-02	 3.2316e+02	 8.7621e+03
 3.3253e+05	 8.6883e+03	 1.5480e+00	 3.9933e-02	 3.2315e+02	 8.7648e+03
 4.9879e+05	 8.6883e+03	 1.5397e+00	 3.5649e-02	 3.2315e+02	 8.7673e+03
 7.4818e+05	 8.6883e+03	 1.5329e+00	 3.2475e-02	 3.2315e+02	 8.7699e+03
 9.0000e+05	 8.6883e+03	 1.5301e+00	 3.1598e-02	 3.2315e+02	 8.7724e+03
 1.0000e+02	 8.7696e+03	 1.8439e+00	 3.9917e-02	 3.2315e+02	 8.7817e+03
 1.5000e+02	 8.7696e+03	 1.8343e+00	 4.1334e-02	 3.2315e+02	 8.7840e+03
 2.2500e+02	 8.7696e+03	 1.8248e+00	 4.3663e-02	 3.2315e+02	 8.7892e+03
 3.3750e+02	 8.7696e+03	 1.8140e+00	 4.6682e-02	 3.2315e+02	 8.7917e+03
 5.0625e+02	 8.7696e+03	 1.8021e+00	 5.0028e-02	 3.2315e+02	 8.7941e+03
 7.5938e+02	 8.7696e+03	 1.7886e+00	 5.3380e-02	 3.2315e+02	 8.7969e+03
 1.1391e+03	 8.7696e+03	 1.7741e+00	 5.6375e-02	 3.2315e+02	 8.7995e+03
 1.7086e+03	 8.7696e+03	 1.7588e+00	 5.8627e-02	 3.2315e+02	 8.8021e+03
 2.5629e+03	 8.7696e+03	 1.7427e+00	 5.9945e-02	 3.2315e+02	 8.8071e+03
 3.8443e+03	 8.7696e+03	 1.7269e+00	 6.0420e-02	 3.2315e+02	 8.8098e+03
 5.7665e+03	 8.7696e+03	 1.7118e+00	 6.0723e-02	 3.2315e+02	 8.8123e+03
 8.6498e+03	 8.7696e+03	 1.6974e+00	 6.1639e-02	 3.2315e+02	 8.8148e+03
 1.2975e+04	 8.7696e+03	 1.6824e+00	 6.3936e-02	 3.2315e+02	 8.8198e+03
 1.9462e+04	 8.7696e+03	 1.6663e+00	 6.7722e-02	 3.2314e+02	 8.8224e+03
 2.9193e+04	 8.7696e+03	 1.6471e+00	 7.1979e-02	 3.2315e+02	 8.8277e+03
 4.3789e+04	 8.7696e+03	 1.6249e+00	 7.4307e-02	 3.2314e+02	 8.8302e+03
 6.5684e+04	 8.7696e+03	 1.6014e+00	 7.2508e-02	 3.2315e+02	 8.8326e+03
 9.8526e+04	 8.7696e+03	 1.5799e+00	 6.6142e-02	 3.2315e+02	 8.8378e+03
 1.4779e+05	 8.7696e+03	 1.5624e+00	 5.7344e-02	 3.2315e+02	 8.8405e+03
 2.2168e+05	 8.7696e+03	 1.5495e+00	 4.8513e-02	 3.2315e+02	 8.8429e+03
 3.3253e+05	 8.7696e+03	 1.5480e+00	 4.0004e-02	 3.2315e+02	 8.8453e+03
 4.9879e+05	 8.7696e+03	 1.5397e+00	 3.5548e-02	 3.2315e+02	 8.8479e+03
 7.4818e+05	 8.7696e+03	 1.5329e+00	 3.2487e-02	 3.2315e+02	 8.8503e+03
 9.0000e+05	 8.7696e+03	 1.5302e+00	 3.1563e-02	 3.2315e+02	 8.8528e+03
 1.0000e+02	 8.8500e+03	 1.8439e+00	 4.0459e-02	 3.2315e+02	 8.8622e+03
 1.5000e+02	 8.8500e+03	 1.8347e+00	 4.1450e-02	 3.2315e+02	 8.8649e+03
 2.2500e+02	 8.8500e+03	 1.8249e+00	 4.3855e-02	 3.2315e+02	 8.8701e+03
 3.3750e+02	 8.8500e+03	 1.8141e+00	 4.6688e-02	 3.2315e+02	 8.8726e+03
 5.0625e+02	 8.8500e+03	 1.8022e+00	 5.0094e-02	 3.2316e+02	 8.8750e+03
 7.5938e+02	 8.8500e+03	 1.7888e+00	 5.3444e-02	 3.2315e+02	 8.8776e+03
 1.1391e+03	 8.8500e+03	 1.7742e+00	 5.6422e-02	 3.2315e+02	 8.8802e+03
 1.7086e+03	 8.8500e+03	 1.7590e+00	 5.8602e-02	 3.2315e+02	 8.8829e+03
 2.5629e+03	 8.8500e+03	 1.7429e+00	 5.9930e-02	 3.2315e+02	 8.8881e+03
 3.8443e+03	 8.8500e+03	 1.7271e+00	 6.0457e-02	 3.2316e+02	 8.8908e+03
 5.7665e+03	 8.8500e+03	 1.7119e+00	 6.0749e-02	 3.2315e+02	 8.8932e+03
 8.6498e+03	 8.8500e+03	 1.6976e+00	 6.1611e-02	 3.2315e+02	 8.8958e+03
 1.2975e+04	 8.8500e+03	 1.6825e+00	 6.3932e-02	 3.2315e+02	 8.9008e+03
 1.9462e+04	 8.8500e+03	 1.6665e+00	 6.7708e-02	 3.2315e+02	 8.9034e+03
 2.9193e+04	 8.8500e+03	 1.6471e+00	 7.1996e-02	 3.2315e+02	 8.9086e+03
 4.3789e+04	 8.8500e+03	 1.6250e+00	 7.4296e-02	 3.2315e+02	 8.9111e+03
 6.5684e+04	 8.8500e+03	 1.6015e+00	 7.2488e-02	 3.2315e+02	 8.9136e+03
 9.8526e+04	 8.8500e+03	 1.5799e+00	 6.6203e-02	 3.2315e+02	 8.9185e+03
 1.4779e+05	 8.8500e+03	 1.5624e+00	 5.7361e-02	 3.2315e+02	 8.9212e+03
 2.2168e+05	 8.8500e+03	 1.5494e+00	 4.8501e-02	 3.2315e+02	 8.9236e+03
 3.3253e+05	 8.8500e+03	 1.5480e+00	 3.9915e-02	 3.2315e+02	 8.9261e+03
 4.9879e+05	 8.8500e+03	 1.5396e+00	 3.5629e-02	 3.2315e+02	 8.9288e+03
 7.4818e+05	 8.8500e+03	 1.5328e+00	 3.2475e-02	 3.2315e+02	 8.9313e+03
 9.0000e+05	 8.8500e+03	 1.5301e+00	 3.1601e-02	 3.2315e+02	 8.9337e+03
 1.0000e+02	 8.9309e+03	 1.8432e+00	 3.9962e-02	 3.2315e+02	 8.9429e+03
 1.5000e+02	 8.9309e+03	 1.8354e+00	 4.0774e-02	 3.2315e+02	 8.9452e+03
 2.2500e+02	 8.9309e+03	 1.8248e+00	 4.3783e-02	 3.2315e+02	 8.9503e+03
 3.3750e+02	 8.9309e+03	 1.8141e+00	 4.6748e-02	 3.2316e+02	 8.9528e+03
 5.0625e+02	 8.9309e+03	 1.8021e+00	 5.0153e-02	 3.2315e+02	 8.9555e+03
 7.5938e+02	 8.9309e+03	 1.7888e+00	 5.3464e-02	 3.2315e+02	 8.9579e+03
 1.1391e+03	 8.9309e+03	 1.7742e+00	 5.6470e-02	 3.2315e+02	 8.9607e+03
 1.7086e+03	 8.9309e+03	 1.7590e+00	 5.8675e-02	 3.2315e+02	 8.9633e+03
 2.5629e+03	 8.9309e+03	 1.7429e+00	 5.9907e-02	 3.2315e+02	 8.9683e+03
 3.8443e+03	 8.9309e+03	 1.7272e+00	 6.0435e-02	 3.2315e+02	 8.9708e+03
 5.7665e+03	 8.9309e+03	 1.7119e+00	 6.0742e-02	 3.2315e+02	 8.9735e+03
 8.6498e+03	 8.9309e+03	 1.6976e+00	 6.1606e-02	 3.2316e+02	 8.9759e+03
 1.2975e+04	 8.9309e+03	 1.6826e+00	 6.3886e-02	 3.2316e+02	 8.9811e+03
 1.9462e+04	 8.9309e+03	 1.6666e+00	 6.7704e-02	 3.2316e+02	 8.9835e+03
 2.9193e+04	 8.9309e+03	 1.6473e+00	 7.1962e-02	 3.2316e+02	 8.9886e+03
 4.3789e+04	 8.9309e+03	 1.6251e+00	 7.4298e-02	 3.2315e+02	 8.9910e+03
 6.5684e+04	 8.9309e+03	 1.6016e+00	 7.2561e-02	 3.2315e+02	 8.9936e+03
 9.8526e+04	 8.9309e+03	 1.5800e+00	 6.6230e-02	 3.2315e+02	 8.9986e+03
 1.4779e+05	 8.9309e+03	 1.5627e+00	 5.7384e-02	 3.2316e+02	 9.0013e+03
 2.2168e+05	 8.9309e+03	 1.5497e+00	 4.8492e-02	 3.2316e+02	 9.0038e+03
 3.3253e+05	 8.9309e+03	 1.5481e+00	 3.9931e-02	 3.2316e+02	 9.0064e+03
 4.9879e+05	 8.9309e+03	 1.5397e+00	 3.5598e-02	 3.2316e+02	 9.0088e+03
 7.4818e+05	 8.9309e+03	 1.5329e+00	 3.2541e-02	 3.2315e+02	 9.0113e+03
 9.0000e+05	 8.9309e+03	 1.5302e+00	 3.1522e-02	 3.2315e+02	 9.0139e+03
 1.0000e+02	 9.0111e+03	 1.8441e+00	 4.0046e-02	 3.2315e+02	 9.0230e+03
 1.5000e+02	 9.0111e+03	 1.8350e+00	 4.1439e-02	 3.2315e+02	 9.0256e+03
 2.2500e+02	 9.0111e+03	 1.8249e+00	 4.3752e-02	 3.2316e+02	 9.0309e+03
 3.3750e+02	 9.0111e+03	 1.8141e+00	 4.6680e-02	 3.2315e+02	 9.0333e+03
 5.0625e+02	 9.0111e+03	 1.8022e+00	 5.0150e-02	 3.2316e+02	 9.0358e+03
 7.5938e+02	 9.0111e+03	 1.7887e+00	 5.3506e-02	 3.2315e+02	 9.0383e+03
 1.1391e+03	 9.0111e+03	 1.7742e+00	 5.6473e-02	 3.2316e+02	 9.0409e+03
 1.7086e+03	 9.0111e+03	 1.7589e+00	 5.8655e-02	 3.2315e+02	 9.0434e+03
 2.5629e+03	 9.0111e+03	 1.7428e+00	 5.9930e-02	 3.2315e+02	 9.0485e+03
 3.8443e+03	 9.0111e+03	 1.7270e+00	 6.0421e-02	 3.2315e+02	 9.0511e+03
 5.7665e+03	 9.0111e+03	 1.7119e+00	 6.0706e-02	 3.2315e+02	 9.0536e+03
 8.6498e+03	 9.0111e+03	 1.6976e+00	 6.1586e-02	 3.2315e+02	 9.0564e+03
 1.2975e+04	 9.0111e+03	 1.6825e+00	 6.3860e-02	 3.2315e+02	 9.0617e+03
 1.9462e+04	 9.0111e+03	 1.6665e+00	 6.7675e-02	 3.2315e+02	 9.0641e+03
 2.9193e+04	 9.0111e+03	 1.6472e+00	 7.1929e-02	 3.2315e+02	 9.0690e+03
 4.3789e+04	 9.0111e+03	 1.6251e+00	 7.4286e-02	 3.2315e+02	 9.0715e+03
 6.5684e+04	 9.0111e+03	 1.6015e+00	 7.2528e-02	 3.2315e+02	 9.0740e+03
 9.8526e+04	 9.0111e+03	 1.5800e+00	 6.6238e-02	 3.2315e+02	 9.0791e+03
 1.4779e+05	 9.0111e+03	 1.5626e+00	 5.7377e-02	 3.2315e+02	 9.0819e+03
 2.2168e+05	 9.0111e+03	 1.5496e+00	 4.8538e-02	 3.2315e+02	 9.0843e+03
 3.3253e+05	 9.0111e+03	 1.5480e+00	 4.0020e-02	 3.2315e+02	 9.0868e+03
 4.9879e+05	 9.0111e+03	 1.5397e+00	 3.5667e-02	 3.2315e+02	 9.0894e+03
 7.4818e+05	 9.0111e+03	 1.5329e+00	 3.2486e-02	 3.2315e+02	 9.0918e+03
 9.0000e+05	 9.0111e+03	 1.5302e+00	 3.1529e-02	 3.2315e+02	 9.0943e+03
 1.0000e+02	 9.0918e+03	 1.8435e+00	 4.0439e-02	 3.2314e+02	 9.1039e+03
 1.5000e+02	 9.0918e+03	 1.8346e+00	 4.1780e-02	 3.2315e+02	 9.1063e+03
 2.2500e+02	 9.0918e+03	 1.8248e+00	 4.3719e-02	 3.2315e+02	 9.1117e+03
 3.3750e+02	 9.0918e+03	 1.8141e+00	 4.6762e-02	 3.2314e+02	 9.1143e+03
 5.0625e+02	 9.0918e+03	 1.8021e+00	 5.0151e-02	 3.2316e+02	 9.1171e+03
 7.5938e+02	 9.0918e+03	 1.7888e+00	 5.3518e-02	 3.2315e+02	 9.1196e+03
 1.1391e+03	 9.0918e+03	 1.7742e+00	 5.6473e-02	 3.2315e+02	 9.1224e+03
 1.7086e+03	 9.0918e+03	 1.7589e+00	 5.8668e-02	 3.2315e+02	 9.1248e+03
 2.5629e+03	 9.0918e+03	 1.7429e+00	 5.9913e-02	 3.2315e+02	 9.1300e+03
 3.8443e+03	 9.0918e+03	 1.7271e+00	 6.0352e-02	 3.2315e+02	 9.1325e+03
 5.7665e+03	 9.0918e+03	 1.7119e+00	 6.0675e-02	 3.2315e+02	 9.1351e+03
 8.6498e+03	 9.0918e+03	 1.6976e+00	 6.1544e-02	 3.2315e+02	 9.1376e+03
 1.2975e+04	 9.0918e+03	 1.6826e+00	 6.3840e-02	 3.2315e+02	 9.1426e+03
 1.9462e+04	 9.0918e+03	 1.6666e+00	 6.7616e-02	 3.2315e+02	 9.1451e+03
 2.9193e+04	 9.0918e+03	 1.6473e+00	 7.1937e-02	 3.2315e+02	 9.1502e+03
 4.3789e+04	 9.0918e+03	 1.6251e+00	 7.4329e-02	 3.2315e+02	 9.1528e+03
 6.5684e+04	 9.0918e+03	 1.6018e+00	 7.2495e-02	 3.2315e+02	 9.1554e+03
 9.8526e+04	 9.0918e+03	 1.5799e+00	 6.6088e-02	 3.2314e+02	 9.1605e+03
 1.4779e+05	 9.0918e+03	 1.5627e+00	 5.7367e-02	 3.2314e+02	 9.1630e+03
 2.2168e+05	 9.0918e+03	 1.5496e+00	 4.8570e-02	 3.2315e+02	 9.1654e+03
 3.3253e+05	 9.0918e+03	 1.5481e+00	 3.9980e-02	 3.2314e+02	 9.1681e+03
 4.9879e+05	 9.0918e+03	 1.5398e+00	 3.5517e-02	 3.2314e+02	 9.1706e+03
 7.4818e+05	 9.0918e+03	 1.5330e+00	 3.2534e-02	 3.2315e+02	 9.1734e+03
 9.0000e+05	 9.0918e+03	 1.5302e+00	 3.1542e-02	 3.2314e+02	 9.1759e+03
 1.0000e+02	 9.1731e+03	 1.8435e+00	 3.9812e-02	 3.2316e+02	 9.1855e+03
 1.5000e+02	 9.1731e+03	 1.8341e+00	 4.0378e-02	 3.2316e+02	 9.1878e+03
 2.2500e+02	 9.1731e+03	 1.8249e+00	 4.3796e-02	 3.2316e+02	 9.1931e+03
 3.3750e+02	 9.1731e+03	 1.8140e+00	 4.6711e-02	 3.2316e+02	 9.1959e+03
 5.0625e+02	 9.1731e+03	 1.8019e+00	 5.0094e-02	 3.2315e+02	 9.1983e+03
 7.5938e+02	 9.1731e+03	 1.7885e+00	 5.3519e-02	 3.2315e+02	 9.2008e+03
 1.1391e+03	 9.1731e+03	 1.7740e+00	 5.6475e-02	 3.2316e+02	 9.2033e+03
 1.7086e+03	 9.1731e+03	 1.7587e+00	 5.8650e-02	 3.2315e+02	 9.2058e+03
 2.5629e+03	 9.1731e+03	 1.7426e+00	 5.9911e-02	 3.2315e+02	 9.2109e+03
 3.8443e+03	 9.1731e+03	 1.7268e+00	 6.0348e-02	 3.2315e+02	 9.2134e+03
 5.7665e+03	 9.1731e+03	 1.7116e+00	 6.0617e-02	 3.2315e+02	 9.2160e+03
 8.6498e+03	 9.1731e+03	 1.6974e+00	 6.1533e-02	 3.2315e+02	 9.2184e+03
 1.2975e+04	 9.1731e+03	 1.6824e+00	 6.3794e-02	 3.2315e+02	 9.2235e+03
 1.9462e+04	 9.1731e+03	 1.6664e+00	 6.7617e-02	 3.2315e+02	 9.2260e+03
 2.9193e+04	 9.1731e+03	 1.6472e+00	 7.1924e-02	 3.2315e+02	 9.2310e+03
 4.3789e+04	 9.1731e+03	 1.6250e+00	 7.4326e-02	 3.2314e+02	 9.2335e+03
 6.5684e+04	 9.1731e+03	 1.6017e+00	 7.2453e-02	 3.2314e+02	 9.2361e+03
 9.8526e+04	 9.1731e+03	 1.5800e+00	 6.6007e-02	 3.2315e+02	 9.2414e+03
 1.4779e+05	 9.1731e+03	 1.5626e+00	 5.7324e-02	 3.2315e+02	 9.2439e+03
 2.2168e+05	 9.1731e+03	 1.5496e+00	 4.8486e-02	 3.2315e+02	 9.2463e+03
 3.3253e+05	 9.1731e+03	 1.5481e+00	 3.9999e-02	 3.2315e+02	 9.2490e+03
 4.9879e+05	 9.1731e+03	 1.5398e+00	 3.5548e-02	 3.2315e+02	 9.2514e+03
 7.4818e+05	 9.1731e+03	 1.5330e+00	 3.2557e-02	 3.2315e+02	 9.2539e+03
 9.0000e+05	 9.1731e+03	 1.5303e+00	 3.1511e-02	 3.2315e+02	 9.2563e+03
 1.0000e+02	 9.2535e+03	 1.8439e+00	 4.0501e-02	 3.2315e+02	 9.2653e+03
 1.5000e+02	 9.2535e+03	 1.8344e+00	 4.2426e-02	 3.2314e+02	 9.2679e+03
 2.2500e+02	 9.2535e+03	 1.8249e+00	 4.3790e-02	 3.2314e+02	 9.2732e+03
 3.3750e+02	 9.2535e+03	 1.8141e+00	 4.6689e-02	 3.2314e+02	 9.2756e+03
 5.0625e+02	 9.2535e+03	 1.8021e+00	 5.0157e-02	 3.2314e+02	 9.2781e+03
 7.5938e+02	 9.2535e+03	 1.7888e+00	 5.3584e-02	 3.2314e+02	 9.2809e+03
 1.1391e+03	 9.2535e+03	 1.7742e+00	 5.6519e-02	 3.2315e+02	 9.2835e+03
 1.7086e+03	 9.2535e+03	 1.7588e+00	 5.8712e-02	 3.2314e+02	 9.2861e+03
 2.5629e+03	 9.2535e+03	 1.7428e+00	 5.9881e-02	 3.2315e+02	 9.2913e+03
 3.8443e+03	 9.2535e+03	 1.7271e+00	 6.0374e-02	 3.2315e+02	 9.2939e+03
 5.7665e+03	 9.2535e+03	 1.7119e+00	 6.0581e-02	 3.2314e+02	 9.2964e+03
 8.6498e+03	 9.2535e+03	 1.6976e+00	 6.1524e-02	 3.2315e+02	 9.2990e+03
 1.2975e+04	 9.2535e+03	 1.6826e+00	 6.3765e-02	 3.2315e+02	 9.3040e+03
 1.9462e+04	 9.2535e+03	 1.6666e+00	 6.7627e-02	 3.2314e+02	 9.3065e+03
 2.9193e+04	 9.2535e+03	 1.6473e+00	 7.1961e-02	 3.2315e+02	 9.3117e+03
 4.3789e+04	 9.2535e+03	 1.6252e+00	 7.4341e-02	 3.2315e+02	 9.3142e+03
 6.5684e+04	 9.2535e+03	 1.6018e+00	 7.2502e-02	 3.2314e+02	 9.3168e+03
 9.8526e+04	 9.2535e+03	 1.5800e+00	 6.6151e-02	 3.2315e+02	 9.3218e+03
 1.4779e+05	 9.2535e+03	 1.5628e+00	 5.7334e-02	 3.2315e+02	 9.3244e+03
 2.2168e+05	 9.2535e+03	 1.5497e+00	 4.8536e-02	 3.2315e+02	 9.3268e+03
 3.3253e+05	 9.2535e+03	 1.5483e+00	 4.0009e-02	 3.2315e+02	 9.3295e+03
 4.9879e+05	 9.2535e+03	 1.5399e+00	 3.5541e-02	 3.2315e+02	 9.3319e+03
 7.4818e+05	 9.2535e+03	 1.5331e+00	 3.2456e-02	 3.2315e+02	 9.3345e+03
 9.0000e+05	 9.2535e+03	 1.5304e+00	 3.1590e-02	 3.2315e+02	 9.3371e+03
 1.0000e+02	 9.3344e+03	 1.8441e+00	 3.9900e-02	 3.2315e+02	 9.3461e+03
 1.5000e+02	 9.3344e+03	 1.8349e+00	 4.0698e-02	 3.2315e+02	 9.3486e+03
 2.2500e+02	 9.3344e+03	 1.8250e+00	 4.3804e-02	 3.2314e+02	 9.3536e+03
 3.3750e+02	 9.3344e+03	 1.8143e+00	 4.6785e-02	 3.2315e+02	 9.3562e+03
 5.0625e+02	 9.3344e+03	 1.8023e+00	 5.0229e-02	 3.2315e+02	 9.3587e+03
 7.5938e+02	 9.3344e+03	 1.7889e+00	 5.3599e-02	 3.2315e+02	 9.3611e+03
 1.1391e+03	 9.3344e+03	 1.7743e+00	 5.6514e-02	 3.2315e+02	 9.3638e+03
 1.7086e+03	 9.3344e+03	 1.7590e+00	 5.8742e-02	 3.2315e+02	 9.3663e+03
 2.5629e+03	 9.3344e+03	 1.7428e+00	 5.9931e-02	 3.2315e+02	 9.3715e+03
 3.8443e+03	 9.3344e+03	 1.7271e+00	 6.0352e-02	 3.2315e+02	 9.3740e+03
 5.7665e+03	 9.3344e+03	 1.7119e+00	 6.0630e-02	 3.2315e+02	 9.3764e+03
 8.6498e+03	 9.3344e+03	 1.6976e+00	 6.1520e-02	 3.2315e+02	 9.3788e+03
 1.2975e+04	 9.3344e+03	 1.6826e+00	 6.3766e-02	 3.2315e+02	 9.3840e+03
 1.9462e+04	 9.3344e+03	 1.6666e+00	 6.7561e-02	 3.2315e+02	 9.3864e+03
 2.9193e+04	 9.3344e+03	 1.6474e+00	 7.1830e-02	 3.2315e+02	 9.3916e+03
 4.3789e+04	 9.3344e+03	 1.6253e+00	 7.4250e-02	 3.2315e+02	 9.3941e+03
 6.5684e+04	 9.3344e+03	 1.6017e+00	 7.2478e-02	 3.2315e+02	 9.3966e+03
 9.8526e+04	 9.3344e+03	 1.5802e+00	 6.6193e-02	 3.2316e+02	 9.4017e+03
 1.4779e+05	 9.3344e+03	 1.5628e+00	 5.7356e-02	 3.2315e+02	 9.4041e+03
 2.2168e+05	 9.3344e+03	 1.5498e+00	 4.8471e-02	 3.2315e+02	 9.4066e+03
 3.3253e+05	 9.3344e+03	 1.5483e+00	 4.0010e-02	 3.2316e+02	 9.4091e+03
 4.9879e+05	 9.3344e+03	 1.5400e+00	 3.5641e-02	 3.2316e+02	 9.4116e+03
 7.4818e+05	 9.3344e+03	 1.5331e+00	 3.2494e-02	 3.2315e+02	 9.4140e+03
 9.0000e+05	 9.3344e+03	 1.5304e+00	 3.1508e-02	 3.2315e+02	 9.4165e+03
 1.0000e+02	 9.4137e+03	 1.8442e+00	 4.0480e-02	 3.2315e+02	 9.4257e+03
 1.5000e+02	 9.4137e+03	 1.8349e+00	 4.1212e-02	 3.2315e+02	 9.4283e+03
 2.2500e+02	 9.4137e+03	 1.8251e+00	 4.3809e-02	 3.2315e+02	 9.4335e+03
 3.3750e+02	 9.4137e+03	 1.8143e+00	 4.6807e-02	 3.2315e+02	 9.4360e+03
 5.0625e+02	 9.4137e+03	 1.8023e+00	 5.0179e-02	 3.2315e+02	 9.4385e+03
 7.5938e+02	 9.4137e+03	 1.7889e+00	 5.3603e-02	 3.2315e+02	 9.4411e+03
 1.1391e+03	 9.4137e+03	 1.7743e+00	 5.6537e-02	 3.2315e+02	 9.4437e+03
 1.7086e+03	 9.4137e+03	 1.7590e+00	 5.8714e-02	 3.2315e+02	 9.4464e+03
 2.5629e+03	 9.4137e+03	 1.7428e+00	 5.9924e-02	 3.2315e+02	 9.4513e+03
 3.8443e+03	 9.4137e+03	 1.7271e+00	 6.0357e-02	 3.2315e+02	 9.4538e+03
 5.7665e+03	 9.4137e+03	 1.7120e+00	 6.0607e-02	 3.2315e+02	 9.4563e+03
 8.6498e+03	 9.4137e+03	 1.6977e+00	 6.1431e-02	 3.2315e+02	 9.4587e+03
 1.2975e+04	 9.4137e+03	 1.6827e+00	 6.3733e-02	 3.2314e+02	 9.4638e+03
 1.9462e+04	 9.4137e+03	 1.6667e+00	 6.7610e-02	 3.2315e+02	 9.4663e+03
 2.9193e+04	 9.4137e+03	 1.6475e+00	 7.1864e-02	 3.2315e+02	 9.4714e+03
 4.3789e+04	 9.4137e+03	 1.6254e+00	 7.4254e-02	 3.2315e+02	 9.4741e+03
 6.5684e+04	 9.4137e+03	 1.6018e+00	 7.2535e-02	 3.2316e+02	 9.4766e+03
 9.8526e+04	 9.4137e+03	 1.5803e+00	 6.6256e-02	 3.2315e+02	 9.4816e+03
 1.4779e+05	 9.4137e+03	 1.5629e+00	 5.7379e-02	 3.2315e+02	 9.4841e+03
 2.2168e+05	 9.4137e+03	 1.5499e+00	 4.8577e-02	 3.2315e+02	 9.4867e+03
 3.3253e+05	 9.4137e+03	 1.5484e+00	 3.9884e-02	 3.2315e+02	 9.4892e+03
 4.9879e+05	 9.4137e+03	 1.5400e+00	 3.5528e-02	 3.2315e+02	 9.4916e+03
 7.4818e+05	 9.4137e+03	 1.5333e+00	 3.2522e-02	 3.2315e+02	 9.4943e+03
 9.0000e+05	 9.4137e+03	 1.5304e+00	 3.1497e-02	 3.2316e+02	 9.4968e+03
 1.0000e+02	 9.4940e+03	 1.8441e+00	 4.0565e-02	 3.2315e+02	 9.5061e+03
 1.5000e+02	 9.4940e+03	 1.8349e+00	 4.1061e-02	 3.2315e+02	 9.5085e+03
 2.2500e+02	 9.4940e+03	 1.8251e+00	 4.3852e-02	 3.2315e+02	 9.5136e+03
 3.3750e+02	 9.4940e+03	 1.8143e+00	 4.6799e-02	 3.2315e+02	 9.5161e+03
 5.0625e+02	 9.4940e+03	 1.8023e+00	 5.0247e-02	 3.2315e+02	 9.5188e+03
 7.5938e+02	 9.4940e+03	 1.7888e+00	 5.3614e-02	 3.2315e+02	 9.5213e+03
 1.1391e+03	 9.4940e+03	 1.7742e+00	 5.6542e-02	 3.2315e+02	 9.5241e+03
 1.7086e+03	 9.4940e+03	 1.7588e+00	 5.8670e-02	 3.2315e+02	 9.5267e+03
 2.5629e+03	 9.4940e+03	 1.7428e+00	 5.9883e-02	 3.2315e+02	 9.5318e+03
 3.8443e+03	 9.4940e+03	 1.7270e+00	 6.0298e-02	 3.2315e+02	 9.5342e+03
 5.7665e+03	 9.4940e+03	 1.7119e+00	 6.0561e-02	 3.2315e+02	 9.5367e+03
 8.6498e+03	 9.4940e+03	 1.6977e+00	 6.1469e-02	 3.2315e+02	 9.5393e+03
 1.2975e+04	 9.4940e+03	 1.6826e+00	 6.3753e-02	 3.2315e+02	 9.5443e+03
 1.9462e+04	 9.4940e+03	 1.6667e+00	 6.7557e-02	 3.2315e+02	 9.5468e+03
 2.9193e+04	 9.4940e+03	 1.6475e+00	 7.1887e-02	 3.2315e+02	 9.5519e+03
 4.3789e+04	 9.4940e+03	 1.6254e+00	 7.4305e-02	 3.2315e+02	 9.5543e+03
 6.5684e+04	 9.4940e+03	 1.6020e+00	 7.2507e-02	 3.2315e+02	 9.5571e+03
 9.8526e+04	 9.4940e+03	 1.5802e+00	 6.6093e-02	 3.2315e+02	 9.5620e+03
 1.4779e+05	 9.4940e+03	 1.5630e+00	 5.7315e-02	 3.2315e+02	 9.5646e+03
 2.2168e+05	 9.4940e+03	 1.5499e+00	 4.8583e-02	 3.2315e+02	 9.5671e+03
 3.3253e+05	 9.4940e+03	 1.5484e+00	 3.9962e-02	 3.2315e+02	 9.5699e+03
 4.9879e+05	 9.4940e+03	 1.5400e+00	 3.5551e-02	 3.2315e+02	 9.5725e+03
 7.4818e+05	 9.4940e+03	 1.5332e+00	 3.2545e-02	 3.2315e+02	 9.5752e+03
 9.0000e+05	 9.4940e+03	 1.5305e+00	 3.1518e-02	 3.2315e+02	 9.5777e+03
 1.0000e+02	 9.5749e+03	 1.8444e+00	 4.0171e-02	 3.2315e+02	 9.5869e+03
 1.5000e+02	 9.5749e+03	 1.8351e+00	 4.1248e-02	 3.2315e+02	 9.5893e+03
 2.2500e+02	 9.5749e+03	 1.8251e+00	 4.3794e-02	 3.2315e+02	 9.5944e+03
 3.3750e+02	 9.5749e+03	 1.8143e+00	 4.6864e-02	 3.2315e+02	 9.5968e+03
 5.0625e+02	 9.5749e+03	 1.8022e+00	 5.0257e-02	 3.2315e+02	 9.5993e+03
 7.5938e+02	 9.5749e+03	 1.7888e+00	 5.3625e-02	 3.2315e+02	 9.6017e+03
 1.1391e+03	 9.5749e+03	 1.7742e+00	 5.6554e-02	 3.2315e+02	 9.6044e+03
 1.7086e+03	 9.5749e+03	 1.7589e+00	 5.8741e-02	 3.2315e+02	 9.6071e+03
 2.5629e+03	 9.5749e+03	 1.7428e+00	 5.9912e-02	 3.2315e+02	 9.6122e+03
 3.8443e+03	 9.5749e+03	 1.7270e+00	 6.0325e-02	 3.2315e+02	 9.6146e+03
 5.7665e+03	 9.5749e+03	 1.7120e+00	 6.0531e-02	 3.2314e+02	 9.6171e+03
 8.6498e+03	 9.5749e+03	 1.6977e+00	 6.1429e-02	 3.2314e+02	 9.6197e+03
 1.2975e+04	 9.5749e+03	 1.6827e+00	 6.3712e-02	 3.2315e+02	 9.6250e+03
 1.9462e+04	 9.5749e+03	 1.6668e+00	 6.7565e-02	 3.2315e+02	 9.6274e+03
 2.9193e+04	 9.5749e+03	 1.6476e+00	 7.1884e-02	 3.2315e+02	 9.6326e+03
 4.3789e+04	 9.5749e+03	 1.6255e+00	 7.4308e-02	 3.2315e+02	 9.6350e+03
 6.5684e+04	 9.5749e+03	 1.6021e+00	 7.2519e-02	 3.2315e+02	 9.6377e+03
 9.8526e+04	 9.5749e+03	 1.5803e+00	 6.6094e-02	 3.2314e+02	 9.6427e+03
 1.4779e+05	 9.5749e+03	 1.5629e+00	 5.7358e-02	 3.2315e+02	 9.6453e+03
 2.2168e+05	 9.5749e+03	 1.5499e+00	 4.8532e-02	 3.2315e+02	 9.6478e+03
 3.3253e+05	 9.5749e+03	 1.5484e+00	 4.0021e-02	 3.2315e+02	 9.6502e+03
 4.9879e+05	 9.5749e+03	 1.5401e+00	 3.5519e-02	 3.2314e+02	 9.6526e+03
 7.4818e+05	 9.5749e+03	 1.5333e+00	 3.2503e-02	 3.2314e+02	 9.6551e+03
 9.0000e+05	 9.5749e+03	 1.5306e+00	 3.1501e-02	 3.2315e+02	 9.6575e+03
 1.0000e+02	 9.6548e+03	 1.8446e+00	 4.0305e-02	 3.2316e+02	 9.6667e+03
 1.5000e+02	 9.6548e+03	 1.8350e+00	 4.1438e-02	 3.2315e+02	 9.6690e+03
 2.2500e+02	 9.6548e+03	 1.8254e+00	 4.3899e-02	 3.2315e+02	 9.6741e+03
 3.3750e+02	 9.6548e+03	 1.8144e+00	 4.6852e-02	 3.2315e+02	 9.6769e+03
 5.0625e+02	 9.6548e+03	 1.8024e+00	 5.0225e-02	 3.2315e+02	 9.6793e+03
 7.5938e+02	 9.6548e+03	 1.7889e+00	 5.3657e-02	 3.2315e+02	 9.6818e+03
 1.1391e+03	 9.6548e+03	 1.7743e+00	 5.6581e-02	 3.2315e+02	 9.6845e+03
 1.7086e+03	 9.6548e+03	 1.7590e+00	 5.8738e-02	 3.2315e+02	 9.6870e+03
 2.5629e+03	 9.6548e+03	 1.7429e+00	 5.9908e-02	 3.2315e+02	 9.6921e+03
 3.8443e+03	 9.6548e+03	 1.7271e+00	 6.0351e-02	 3.2315e+02	 9.6945e+03
 5.7665e+03	 9.6548e+03	 1.7120e+00	 6.0553e-02	 3.2315e+02	 9.6972e+03
 8.6498e+03	 9.6548e+03	 1.6978e+00	 6.1432e-02	 3.2314e+02	 9.6996e+03
 1.2975e+04	 9.6548e+03	 1.6828e+00	 6.3684e-02	 3.2314e+02	 9.7048e+03
 1.9462e+04	 9.6548e+03	 1.6669e+00	 6.7524e-02	 3.2314e+02	 9.7072e+03
 2.9193e+04	 9.6548e+03	 1.6477e+00	 7.1812e-02	 3.2315e+02	 9.7123e+03
 4.3789e+04	 9.6548e+03	 1.6256e+00	 7.4246e-02	 3.2315e+02	 9.7147e+03
 6.5684e+04	 9.6548e+03	 1.6020e+00	 7.2555e-02	 3.2314e+02	 9.7173e+03
 9.8526e+04	 9.6548e+03	 1.5804e+00	 6.6254e-02	 3.2315e+02	 9.7223e+03
 1.4779e+05	 9.6548e+03	 1.5630e+00	 5.7395e-02	 3.2315e+02	 9.7247e+03
 2.2168e+05	 9.6548e+03	 1.5500e+00	 4.8539e-02	 3.2315e+02	 9.7271e+03
 3.3253e+05	 9.6548e+03	 1.5484e+00	 3.9989e-02	 3.2315e+02	 9.7296e+03
 4.9879e+05	 9.6548e+03	 1.5401e+00	 3.5523e-02	 3.2315e+02	 9.7321e+03
 7.4818e+05	 9.6548e+03	 1.5333e+00	 3.2505e-02	 3.2315e+02	 9.7346e+03
 9.0000e+05	 9.6548e+03	 1.5306e+00	 3.1522e-02	 3.2315e+02	 9.7374e+03
 1.0000e+02	 9.7346e+03	 1.8443e+00	 3.9829e-02	 3.2315e+02	 9.7463e+03
 1.5000e+02	 9.7346e+03	 1.8350e+00	 4.0903e-02	 3.2315e+02	 9.7489e+03
 2.2500e+02	 9.7346e+03	 1.8253e+00	 4.3952e-02	 3.2315e+02	 9.7540e+03
 3.3750e+02	 9.7346e+03	 1.8145e+00	 4.6881e-02	 3.2315e+02	 9.7566e+03
 5.0625e+02	 9.7346e+03	 1.8024e+00	 5.0297e-02	 3.2315e+02	 9.7592e+03
 7.5938e+02	 9.7346e+03	 1.7891e+00	 5.3685e-02	 3.2315e+02	 9.7618e+03
 1.1391e+03	 9.7346e+03	 1.7744e+00	 5.6650e-02	 3.2315e+02	 9.7644e+03
 1.7086e+03	 9.7346e+03	 1.7590e+00	 5.8765e-02	 3.2315e+02	 9.7672e+03
 2.5629e+03	 9.7346e+03	 1.7429e+00	 5.9923e-02	 3.2315e+02	 9.7724e+03
 3.8443e+03	 9.7346e+03	 1.7271e+00	 6.0328e-02	 3.2315e+02	 9.7749e+03
 5.7665e+03	 9.7346e+03	 1.7121e+00	 6.0530e-02	 3.2314e+02	 9.7773e+03
 8.6498e+03	 9.7346e+03	 1.6978e+00	 6.1397e-02	 3.2315e+02	 9.7800e+03
 1.2975e+04	 9.7346e+03	 1.6829e+00	 6.3645e-02	 3.2315e+02	 9.7852e+03
 1.9462e+04	 9.7346e+03	 1.6669e+00	 6.7517e-02	 3.2315e+02	 9.7876e+03
 2.9193e+04	 9.7346e+03	 1.6477e+00	 7.1809e-02	 3.2315e+02	 9.7926e+03
 4.3789e+04	 9.7346e+03	 1.6256e+00	 7.4266e-02	 3.2316e+02	 9.7951e+03
 6.5684e+04	 9.7346e+03	 1.6022e+00	 7.2472e-02	 3.2315e+02	 9.7976e+03
 9.8526e+04	 9.7346e+03	 1.5804e+00	 6.6074e-02	 3.2315e+02	 9.8026e+03
 1.4779e+05	 9.7346e+03	 1.5629e+00	 5.7397e-02	 3.2316e+02	 9.8054e+03
 2.2168e+05	 9.7346e+03	 1.5500e+00	 4.8511e-02	 3.2315e+02	 9.8078e+03
 3.3253e+05	 9.7346e+03	 1.5485e+00	 3.9938e-02	 3.2315e+02	 9.8106e+03
 4.9879e+05	 9.7346e+03	 1.5401e+00	 3.5638e-02	 3.2315e+02	 9.8131e+03
 7.4818e+05	 9.7346e+03	 1.5333e+00	 3.2473e-02	 3.2315e+02	 9.8155e+03
 9.0000e+05	 9.7346e+03	 1.5306e+00	 3.1529e-02	 3.2316e+02	 9.8181e+03
 1.0000e+02	 9.8154e+03	 1.8438e+00	 4.0453e-02	 3.2315e+02	 9.8270e+03
 1.5000e+02	 9.8154e+03	 1.8349e+00	 4.1515e-02	 3.2315e+02	 9.8297e+03
 2.2500e+02	 9.8154e+03	 1.8253e+00	 4.3886e-02	 3.2315e+02	 9.8348e+03
 3.3750e+02	 9.8154e+03	 1.8146e+00	 4.6871e-02	 3.2315e+02	 9.8373e+03
 5.0625e+02	 9.8154e+03	 1.8024e+00	 5.0386e-02	 3.2315e+02	 9.8398e+03
 7.5938e+02	 9.8154e+03	 1.7890e+00	 5.3694e-02	 3.2315e+02	 9.8424e+03
 1.1391e+03	 9.8154e+03	 1.7743e+00	 5.6689e-02	 3.2315e+02	 9.8450e+03
 1.7086e+03	 9.8154e+03	 1.7589e+00	 5.8771e-02	 3.2315e+02	 9.8475e+03
 2.5629e+03	 9.8154e+03	 1.7429e+00	 5.9919e-02	 3.2315e+02	 9.8525e+03
 3.8443e+03	 9.8154e+03	 1.7271e+00	 6.0292e-02	 3.2315e+02	 9.8552e+03
 5.7665e+03	 9.8154e+03	 1.7120e+00	 6.0491e-02	 3.2315e+02	 9.8576e+03
 8.6498e+03	 9.8154e+03	 1.6978e+00	 6.1400e-02	 3.2315e+02	 9.8601e+03
 1.2975e+04	 9.8154e+03	 1.6829e+00	 6.3635e-02	 3.2315e+02	 9.8651e+03
 1.9462e+04	 9.8154e+03	 1.6669e+00	 6.7501e-02	 3.2315e+02	 9.8675e+03
 2.9193e+04	 9.8154e+03	 1.6477e+00	 7.1825e-02	 3.2315e+02	 9.8726e+03
 4.3789e+04	 9.8154e+03	 1.6256e+00	 7.4234e-02	 3.2315e+02	 9.8751e+03
 6.5684e+04	 9.8154e+03	 1.6023e+00	 7.2534e-02	 3.2315e+02	 9.8776e+03
 9.8526e+04	 9.8154e+03	 1.5804e+00	 6.6198e-02	 3.2315e+02	 9.8826e+03
 1.4779e+05	 9.8154e+03	 1.5631e+00	 5.7360e-02	 3.2315e+02	 9.8852e+03
 2.2168e+05	 9.8154e+03	 1.5501e+00	 4.8519e-02	 3.2315e+02	 9.8876e+03
 3.3253e+05	 9.8154e+03	 1.5485e+00	 3.9980e-02	 3.2315e+02	 9.8902e+03
 4.9879e+05	 9.8154e+03	 1.5401e+00	 3.5522e-02	 3.2315e+02	 9.8928e+03
 7.4818e+05	 9.8154e+03	 1.5334e+00	 3.2436e-02	 3.2315e+02	 9.8952e+03
 9.0000e+05	 9.8154e+03	 1.5306e+00	 3.1533e-02	 3.2315e+02	 9.8978e+03
 1.0000e+02	 9.8950e+03	 1.8444e+00	 4.0568e-02	 3.2315e+02	 9.9068e+03
 1.5000e+02	 9.8950e+03	 1.8347e+00	 4.1215e-02	 3.2315e+02	 9.9095e+03
 2.2500e+02	 9.8950e+03	 1.8254e+00	 4.3902e-02	 3.2314e+02	 9.9145e+03
 3.3750e+02	 9.8950e+03	 1.8145e+00	 4.6924e-02	 3.2314e+02	 9.9171e+03
 5.0625e+02	 9.8950e+03	 1.8025e+00	 5.0276e-02	 3.2314e+02	 9.9196e+03
 7.5938e+02	 9.8950e+03	 1.7890e+00	 5.3728e-02	 3.2315e+02	 9.9224e+03
 1.1391e+03	 9.8950e+03	 1.7743e+00	 5.6645e-02	 3.2315e+02	 9.9250e+03
 1.7086e+03	 9.8950e+03	 1.7589e+00	 5.8790e-02	 3.2314e+02	 9.9276e+03
 2.5629e+03	 9.8950e+03	 1.7428e+00	 6.0013e-02	 3.2315e+02	 9.9326e+03
 3.8443e+03	 9.8950e+03	 1.7271e+00	 6.0272e-02	 3.2315e+02	 9.9351e+03
 5.7665e+03	 9.8950e+03	 1.7121e+00	 6.0455e-02	 3.2315e+02	 9.9376e+03
 8.6498e+03	 9.8950e+03	 1.6978e+00	 6.1383e-02	 3.2315e+02	 9.9401e+03
 1.2975e+04	 9.8950e+03	 1.6829e+00	 6.3635e-02	 3.2315e+02	 9.9453e+03
 1.9462e+04	 9.8950e+03	 1.6669e+00	 6.7522e-02	 3.2314e+02	 9.9479e+03
 2.9193e+04	 9.8950e+03	 1.6478e+00	 7.1808e-02	 3.2315e+02	 9.9529e+03
 4.3789e+04	 9.8950e+03	 1.6257e+00	 7.4229e-02	 3.2315e+02	 9.9556e+03
 6.5684e+04	 9.8950e+03	 1.6023e+00	 7.2505e-02	 3.2315e+02	 9.9581e+03
 9.8526e+04	 9.8950e+03	 1.5807e+00	 6.6101e-02	 3.2315e+02	 9.9633e+03
 1.4779e+05	 9.8950e+03	 1.5632e+00	 5.7394e-02	 3.2315e+02	 9.9659e+03
 2.2168e+05	 9.8950e+03	 1.5502e+00	 4.8582e-02	 3.2315e+02	 9.9684e+03
 3.3253e+05	 9.8950e+03	 1.5486e+00	 3.9933e-02	 3.2315e+02	 9.9710e+03
 4.9879e+05	 9.8950e+03	 1.5403e+00	 3.5552e-02	 3.2315e+02	 9.9736e+03
 7.4818e+05	 9.8950e+03	 1.5335e+00	 3.2565e-02	 3.2315e+02	 9.9761e+03
 9.0000e+05	 9.8950e+03	 1.5308e+00	 3.1497e-02	 3.2315e+02	 9.9788e+03
 1.0000e+02	 9.9760e+03	 1.8441e+00	 4.0011e-02	 3.2316e+02	 9.9879e+03
 1.5000e+02	 9.9760e+03	 1.8360e+00	 4.1542e-02	 3.2315e+02	 9.9904e+03
 2.2500e+02	 9.9760e+03	 1.8255e+00	 4.3950e-02	 3.2315e+02	 9.9954e+03
 3.3750e+02	 9.9760e+03	 1.8147e+00	 4.6905e-02	 3.2315e+02	 9.9979e+03
 5.0625e+02	 9.9760e+03	 1.8027e+00	 5.0384e-02	 3.2315e+02	 1.0001e+04
 7.5938e+02	 9.9760e+03	 1.7891e+00	 5.3759e-02	 3.2315e+02	 1.0003e+04
 1.1391e+03	 9.9760e+03	 1.7744e+00	 5.6634e-02	 3.2315e+02	 1.0006e+04
 1.7086e+03	 9.9760e+03	 1.7591e+00	 5.8765e-02	 3.2315e+02	 1.0008e+04
 2.5629e+03	 9.9760e+03	 1.7430e+00	 5.9946e-02	 3.2315e+02	 1.0014e+04
 3.8443e+03	 9.9760e+03	 1.7272e+00	 6.0278e-02	 3.2315e+02	 1.0016e+04
 5.7665e+03	 9.9760e+03	 1.7121e+00	 6.0471e-02	 3.2315e+02	 1.0019e+04
 8.6498e+03	 9.9760e+03	 1.6979e+00	 6.1356e-02	 3.2315e+02	 1.0021e+04
 1.2975e+04	 9.9760e+03	 1.6830e+00	 6.3618e-02	 3.2315e+02	 1.0027e+04
 1.9462e+04	 9.9760e+03	 1.6671e+00	 6.7481e-02	 3.2315e+02	 1.0029e+04
 2.9193e+04	 9.9760e+03	 1.6479e+00	 7.1788e-02	 3.2315e+02	 1.0034e+04
 4.3789e+04	 9.9760e+03	 1.6258e+00	 7.4232e-02	 3.2315e+02	 1.0037e+04
 6.5684e+04	 9.9760e+03	 1.6024e+00	 7.2529e-02	 3.2315e+02	 1.0039e+04
 9.8526e+04	 9.9760e+03	 1.5806e+00	 6.6184e-02	 3.2315e+02	 1.0044e+04
 1.4779e+05	 9.9760e+03	 1.5633e+00	 5.7427e-02	 3.2315e+02	 1.0047e+04
 2.2168e+05	 9.9760e+03	 1.5502e+00	 4.8594e-02	 3.2315e+02	 1.0049e+04
 3.3253e+05	 9.9760e+03	 1.5486e+00	 3.9878e-02	 3.2316e+02	 1.0052e+04
 4.9879e+05	 9.9760e+03	 1.5403e+00	 3.5554e-02	 3.2315e+02	 1.0054e+04
 7.4818e+05	 9.9760e+03	 1.5335e+00	 3.2473e-02	 3.2316e+02	 1.0057e+04
 9.0000e+05	 9.9760e+03	 1.5307e+00	 3.1591e-02	 3.2315e+02	 1.0059e+04
 1.0000e+02	 1.0056e+04	 1.8443e+00	 4.0444e-02	 3.2315e+02	 1.0068e+04
 1.5000e+02	 1.0056e+04	 1.8353e+00	 4.1801e-02	 3.2315e+02	 1.0071e+04
 2.2500e+02	 1.0056e+04	 1.8256e+00	 4.3925e-02	 3.2315e+02	 1.0076e+04
 3.3750e+02	 1.0056e+04	 1.8147e+00	 4.6946e-02	 3.2315e+02	 1.0079e+04
 5.0625e+02	 1.0056e+04	 1.8026e+00	 5.0346e-02	 3.2315e+02	 1.0081e+04
 7.5938e+02	 1.0056e+04	 1.7892e+00	 5.3785e-02	 3.2316e+02	 1.0084e+04
 1.1391e+03	 1.0056e+04	 1.7746e+00	 5.6681e-02	 3.2316e+02	 1.0086e+04
 1.7086e+03	 1.0056e+04	 1.7592e+00	 5.8875e-02	 3.2315e+02	 1.0089e+04
 2.5629e+03	 1.0056e+04	 1.7430e+00	 5.9945e-02	 3.2315e+02	 1.0094e+04
 3.8443e+03	 1.0056e+04	 1.7273e+00	 6.0253e-02	 3.2315e+02	 1.0097e+04
 5.7665e+03	 1.0056e+04	 1.7122e+00	 6.0455e-02	 3.2315e+02	 1.0099e+04
 8.6498e+03	 1.0056e+04	 1.6980e+00	 6.1303e-02	 3.2315e+02	 1.0102e+04
 1.2975e+04	 1.0056e+04	 1.6830e+00	 6.3582e-02	 3.2316e+02	 1.0107e+04
 1.9462e+04	 1.0056e+04	 1.6671e+00	 6.7437e-02	 3.2316e+02	 1.0109e+04
 2.9193e+04	 1.0056e+04	 1.6479e+00	 7.1741e-02	 3.2315e+02	 1.0115e+04
 4.3789e+04	 1.0056e+04	 1.6258e+00	 7.4228e-02	 3.2315e+02	 1.0117e+04
 6.5684e+04	 1.0056e+04	 1.6023e+00	 7.2524e-02	 3.2315e+02	 1.0120e+04
 9.8526e+04	 1.0056e+04	 1.5807e+00	 6.6261e-02	 3.2315e+02	 1.0125e+04
 1.4779e+05	 1.0056e+04	 1.5633e+00	 5.7309e-02	 3.2316e+02	 1.0127e+04
 2.2168e+05	 1.0056e+04	 1.5502e+00	 4.8587e-02	 3.2316e+02	 1.0130e+04
 3.3253e+05	 1.0056e+04	 1.5486e+00	 3.9923e-02	 3.2315e+02	 1.0132e+04
 4.9879e+05	 1.0056e+04	 1.5403e+00	 3.5567e-02	 3.2315e+02	 1.0135e+04
 7.4818e+05	 1.0056e+04	 1.5335e+00	 3.2444e-02	 3.2315e+02	 1.0138e+04
 9.0000e+05	 1.0056e+04	 1.5308e+00	 3.1568e-02	 3.2316e+02	 1.0140e+04
 1.0000e+02	 1.0137e+04	 1.8449e+00	 4.0078e-02	 3.2315e+02	 1.0149e+04
 1.5000e+02	 1.0137e+04	 1.8356e+00	 4.1816e-02	 3.2315e+02	 1.0152e+04
 2.2500e+02	 1.0137e+04	 1.8256e+00	 4.3856e-02	 3.2316e+02	 1.0157e+04
 3.3750e+02	 1.0137e+04	 1.8148e+00	 4.7014e-02	 3.2315e+02	 1.0159e+04
 5.0625e+02	 1.0137e+04	 1.8027e+00	 5.0355e-02	 3.2315e+02	 1.0162e+04
 7.5938e+02	 1.0137e+04	 1.7892e+00	 5.3737e-02	 3.2315e+02	 1.0165e+04
 1.1391e+03	 1.0137e+04	 1.7745e+00	 5.6747e-02	 3.2314e+02	 1.0167e+04
 1.7086e+03	 1.0137e+04	 1.7591e+00	 5.8880e-02	 3.2315e+02	 1.0170e+04
 2.5629e+03	 1.0137e+04	 1.7430e+00	 5.9942e-02	 3.2315e+02	 1.0175e+04
 3.8443e+03	 1.0137e+04	 1.7272e+00	 6.0265e-02	 3.2315e+02	 1.0178e+04
 5.7665e+03	 1.0137e+04	 1.7121e+00	 6.0472e-02	 3.2315e+02	 1.0180e+04
 8.6498e+03	 1.0137e+04	 1.6980e+00	 6.1288e-02	 3.2315e+02	 1.0183e+04
 1.2975e+04	 1.0137e+04	 1.6831e+00	 6.3598e-02	 3.2315e+02	 1.0188e+04
 1.9462e+04	 1.0137e+04	 1.6672e+00	 6.7428e-02	 3.2315e+02	 1.0190e+04
 2.9193e+04	 1.0137e+04	 1.6480e+00	 7.1743e-02	 3.2315e+02	 1.0195e+04
 4.3789e+04	 1.0137e+04	 1.6258e+00	 7.4197e-02	 3.2315e+02	 1.0198e+04
 6.5684e+04	 1.0137e+04	 1.6023e+00	 7.2453e-02	 3.2315e+02	 1.0201e+04
 9.8526e+04	 1.0137e+04	 1.5807e+00	 6.6306e-02	 3.2315e+02	 1.0206e+04
 1.4779e+05	 1.0137e+04	 1.5632e+00	 5.7399e-02	 3.2315e+02	 1.0208e+04
 2.2168e+05	 1.0137e+04	 1.5502e+00	 4.8556e-02	 3.2315e+02	 1.0211e+04
 3.3253e+05	 1.0137e+04	 1.5487e+00	 3.9907e-02	 3.2315e+02	 1.0213e+04
 4.9879e+05	 1.0137e+04	 1.5403e+00	 3.5541e-02	 3.2316e+02	 1.0216e+04
 7.4818e+05	 1.0137e+04	 1.5336e+00	 3.2440e-02	 3.2315e+02	 1.0218e+04
 9.0000e+05	 1.0137e+04	 1.5308e+00	 3.1555e-02	 3.2315e+02	 1.0221e+04
 1.0000e+02	 1.0218e+04	 1.8444e+00	 4.0672e-02	 3.2315e+02	 1.0230e+04
 1.5000e+02	 1.0218e+04	 1.8355e+00	 4.1664e-02	 3.2315e+02	 1.0233e+04
 2.2500e+02	 1.0218e+04	 1.8256e+00	 4.3827e-02	 3.2315e+02	 1.0238e+04
 3.3750e+02	 1.0218e+04	 1.8147e+00	 4.6991e-02	 3.2315e+02	 1.0240e+04
 5.0625e+02	 1.0218e+04	 1.8027e+00	 5.0380e-02	 3.2315e+02	 1.0243e+04
 7.5938e+02	 1.0218e+04	 1.7892e+00	 5.3732e-02	 3.2315e+02	 1.0245e+04
 1.1391e+03	 1.0218e+04	 1.7744e+00	 5.6720e-02	 3.2314e+02	 1.0248e+04
 1.7086e+03	 1.0218e+04	 1.7590e+00	 5.8803e-02	 3.2314e+02	 1.0250e+04
 2.5629e+03	 1.0218e+04	 1.7429e+00	 5.9934e-02	 3.2315e+02	 1.0255e+04
 3.8443e+03	 1.0218e+04	 1.7272e+00	 6.0257e-02	 3.2314e+02	 1.0258e+04
 5.7665e+03	 1.0218e+04	 1.7122e+00	 6.0472e-02	 3.2314e+02	 1.0261e+04
 8.6498e+03	 1.0218e+04	 1.6979e+00	 6.1286e-02	 3.2314e+02	 1.0263e+04
 1.2975e+04	 1.0218e+04	 1.6830e+00	 6.3547e-02	 3.2315e+02	 1.0269e+04
 1.9462e+04	 1.0218e+04	 1.6671e+00	 6.7434e-02	 3.2314e+02	 1.0271e+04
 2.9193e+04	 1.0218e+04	 1.6480e+00	 7.1793e-02	 3.2314e+02	 1.0276e+04
 4.3789e+04	 1.0218e+04	 1.6259e+00	 7.4267e-02	 3.2314e+02	 1.0279e+04
 6.5684e+04	 1.0218e+04	 1.6024e+00	 7.2539e-02	 3.2315e+02	 1.0281e+04
 9.8526e+04	 1.0218e+04	 1.5808e+00	 6.6167e-02	 3.2314e+02	 1.0287e+04
 1.4779e+05	 1.0218e+04	 1.5633e+00	 5.7321e-02	 3.2314e+02	 1.0289e+04
 2.2168e+05	 1.0218e+04	 1.5503e+00	 4.8505e-02	 3.2314e+02	 1.0292e+04
 3.3253e+05	 1.0218e+04	 1.5487e+00	 3.9905e-02	 3.2315e+02	 1.0294e+04
 4.9879e+05	 1.0218e+04	 1.5404e+00	 3.5579e-02	 3.2314e+02	 1.0297e+04
 7.4818e+05	 1.0218e+04	 1.5337e+00	 3.2418e-02	 3.2315e+02	 1.0299e+04
 9.0000e+05	 1.0218e+04	 1.5309e+00	 3.1563e-02	 3.2315e+02	 1.0302e+04
 1.0000e+02	 1.0299e+04	 1.8450e+00	 3.9999e-02	 3.2315e+02	 1.0311e+04
 1.5000e+02	 1.0299e+04	 1.8356e+00	 4.1567e-02	 3.2315e+02	 1.0313e+04
 2.2500e+02	 1.0299e+04	 1.8259e+00	 4.3979e-02	 3.2315e+02	 1.0319e+04
 3.3750e+02	 1.0299e+04	 1.8149e+00	 4.7004e-02	 3.2315e+02	 1.0321e+04
 5.0625e+02	 1.0299e+04	 1.8029e+00	 5.0425e-02	 3.2315e+02	 1.0324e+04
 7.5938e+02	 1.0299e+04	 1.7893e+00	 5.3805e-02	 3.2315e+02	 1.0326e+04
 1.1391e+03	 1.0299e+04	 1.7746e+00	 5.6738e-02	 3.2315e+02	 1.0329e+04
 1.7086e+03	 1.0299e+04	 1.7593e+00	 5.8852e-02	 3.2315e+02	 1.0331e+04
 2.5629e+03	 1.0299e+04	 1.7431e+00	 5.9982e-02	 3.2315e+02	 1.0336e+04
 3.8443e+03	 1.0299e+04	 1.7273e+00	 6.0257e-02	 3.2315e+02	 1.0339e+04
 5.7665e+03	 1.0299e+04	 1.7124e+00	 6.0428e-02	 3.2315e+02	 1.0341e+04
 8.6498e+03	 1.0299e+04	 1.6982e+00	 6.1291e-02	 3.2315e+02	 1.0344e+04
 1.2975e+04	 1.0299e+04	 1.6833e+00	 6.3563e-02	 3.2315e+02	 1.0349e+04
 1.9462e+04	 1.0299e+04	 1.6674e+00	 6.7375e-02	 3.2315e+02	 1.0351e+04
 2.9193e+04	 1.0299e+04	 1.6482e+00	 7.1731e-02	 3.2315e+02	 1.0356e+04
 4.3789e+04	 1.0299e+04	 1.6261e+00	 7.4230e-02	 3.2315e+02	 1.0359e+04
 6.5684e+04	 1.0299e+04	 1.6026e+00	 7.2466e-02	 3.2316e+02	 1.0361e+04
 9.8526e+04	 1.0299e+04	 1.5809e+00	 6.6252e-02	 3.2315e+02	 1.0367e+04
 1.4779e+05	 1.0299e+04	 1.5634e+00	 5.7350e-02	 3.2315e+02	 1.0369e+04
 2.2168e+05	 1.0299e+04	 1.5504e+00	 4.8563e-02	 3.2315e+02	 1.0372e+04
 3.3253e+05	 1.0299e+04	 1.5488e+00	 3.9908e-02	 3.2315e+02	 1.0374e+04
 4.9879e+05	 1.0299e+04	 1.5405e+00	 3.5545e-02	 3.2315e+02	 1.0377e+04
 7.4818e+05	 1.0299e+04	 1.5337e+00	 3.2437e-02	 3.2315e+02	 1.0379e+04
 9.0000e+05	 1.0299e+04	 1.5309e+00	 3.1512e-02	 3.2316e+02	 1.0382e+04
 1.0000e+02	 1.0379e+04	 1.8444e+00	 4.0044e-02	 3.2315e+02	 1.0391e+04
 1.5000e+02	 1.0379e+04	 1.8346e+00	 4.2367e-02	 3.2315e+02	 1.0393e+04
 2.2500e+02	 1.0379e+04	 1.8258e+00	 4.3954e-02	 3.2315e+02	 1.0399e+04
 3.3750e+02	 1.0379e+04	 1.8149e+00	 4.7035e-02	 3.2315e+02	 1.0401e+04
 5.0625e+02	 1.0379e+04	 1.8028e+00	 5.0422e-02	 3.2315e+02	 1.0404e+04
 7.5938e+02	 1.0379e+04	 1.7893e+00	 5.3874e-02	 3.2315e+02	 1.0406e+04
 1.1391e+03	 1.0379e+04	 1.7746e+00	 5.6773e-02	 3.2316e+02	 1.0409e+04
 1.7086e+03	 1.0379e+04	 1.7592e+00	 5.8809e-02	 3.2316e+02	 1.0412e+04
 2.5629e+03	 1.0379e+04	 1.7430e+00	 5.9930e-02	 3.2315e+02	 1.0417e+04
 3.8443e+03	 1.0379e+04	 1.7273e+00	 6.0216e-02	 3.2315e+02	 1.0419e+04
 5.7665e+03	 1.0379e+04	 1.7123e+00	 6.0410e-02	 3.2316e+02	 1.0422e+04
 8.6498e+03	 1.0379e+04	 1.6981e+00	 6.1251e-02	 3.2315e+02	 1.0424e+04
 1.2975e+04	 1.0379e+04	 1.6831e+00	 6.3535e-02	 3.2315e+02	 1.0430e+04
 1.9462e+04	 1.0379e+04	 1.6673e+00	 6.7378e-02	 3.2315e+02	 1.0432e+04
 2.9193e+04	 1.0379e+04	 1.6481e+00	 7.1782e-02	 3.2315e+02	 1.0437e+04
 4.3789e+04	 1.0379e+04	 1.6261e+00	 7.4214e-02	 3.2315e+02	 1.0440e+04
 6.5684e+04	 1.0379e+04	 1.6025e+00	 7.2532e-02	 3.2315e+02	 1.0442e+04
 9.8526e+04	 1.0379e+04	 1.5809e+00	 6.6174e-02	 3.2315e+02	 1.0447e+04
 1.4779e+05	 1.0379e+04	 1.5634e+00	 5.7438e-02	 3.2315e+02	 1.0450e+04
 2.2168e+05	 1.0379e+04	 1.5504e+00	 4.8573e-02	 3.2314e+02	 1.0452e+04
 3.3253e+05	 1.0379e+04	 1.5488e+00	 3.9890e-02	 3.2315e+02	 1.0455e+04
 4.9879e+05	 1.0379e+04	 1.5404e+00	 3.5606e-02	 3.2315e+02	 1.0457e+04
 7.4818e+05	 1.0379e+04	 1.5336e+00	 3.2483e-02	 3.2315e+02	 1.0460e+04
 9.0000e+05	 1.0379e+04	 1.5309e+00	 3.1502e-02	 3.2315e+02	 1.0462e+04
 1.0000e+02	 1.0460e+04	 1.8448e+00	 4.0678e-02	 3.2315e+02	 1.0471e+04
 1.5000e+02	 1.0460e+04	 1.8347e+00	 4.1489e-02	 3.2315e+02	 1.0474e+04
 2.2500e+02	 1.0460e+04	 1.8258e+00	 4.4087e-02	 3.2315e+02	 1.0479e+04
 3.3750e+02	 1.0460e+04	 1.8149e+00	 4.7024e-02	 3.2315e+02	 1.0481e+04
 5.0625e+02	 1.0460e+04	 1.8028e+00	 5.0507e-02	 3.2315e+02	 1.0484e+04
 7.5938e+02	 1.0460e+04	 1.7893e+00	 5.3928e-02	 3.2316e+02	 1.0486e+04
 1.1391e+03	 1.0460e+04	 1.7746e+00	 5.6809e-02	 3.2315e+02	 1.0489e+04
 1.7086e+03	 1.0460e+04	 1.7592e+00	 5.8841e-02	 3.2315e+02	 1.0492e+04
 2.5629e+03	 1.0460e+04	 1.7430e+00	 5.9913e-02	 3.2315e+02	 1.0497e+04
 3.8443e+03	 1.0460e+04	 1.7273e+00	 6.0237e-02	 3.2314e+02	 1.0500e+04
 5.7665e+03	 1.0460e+04	 1.7123e+00	 6.0359e-02	 3.2314e+02	 1.0502e+04
 8.6498e+03	 1.0460e+04	 1.6981e+00	 6.1227e-02	 3.2315e+02	 1.0505e+04
 1.2975e+04	 1.0460e+04	 1.6832e+00	 6.3533e-02	 3.2315e+02	 1.0510e+04
 1.9462e+04	 1.0460e+04	 1.6674e+00	 6.7447e-02	 3.2315e+02	 1.0512e+04
 2.9193e+04	 1.0460e+04	 1.6482e+00	 7.1764e-02	 3.2315e+02	 1.0518e+04
 4.3789e+04	 1.0460e+04	 1.6261e+00	 7.4201e-02	 3.2316e+02	 1.0520e+04
 6.5684e+04	 1.0460e+04	 1.6027e+00	 7.2520e-02	 3.2315e+02	 1.0523e+04
 9.8526e+04	 1.0460e+04	 1.5809e+00	 6.6191e-02	 3.2315e+02	 1.0528e+04
 1.4779e+05	 1.0460e+04	 1.5636e+00	 5.7387e-02	 3.2315e+02	 1.0530e+04
 2.2168e+05	 1.0460e+04	 1.5504e+00	 4.8486e-02	 3.2315e+02	 1.0533e+04
 3.3253e+05	 1.0460e+04	 1.5488e+00	 4.0002e-02	 3.2315e+02	 1.0536e+04
 4.9879e+05	 1.0460e+04	 1.5404e+00	 3.5505e-02	 3.2315e+02	 1.0538e+04
 7.4818e+05	 1.0460e+04	 1.5338e+00	 3.2497e-02	 3.2315e+02	 1.0541e+04
 9.0000e+05	 1.0460e+04	 1.5310e+00	 3.1487e-02	 3.2315e+02	 1.0543e+04
 1.0000e+02	 1.0540e+04	 1.8451e+00	 4.0132e-02	 3.2315e+02	 1.0553e+04
 1.5000e+02	 1.0540e+04	 1.8355e+00	 4.1666e-02	 3.2315e+02	 1.0555e+04
 2.2500e+02	 1.0540e+04	 1.8259e+00	 4.4027e-02	 3.2315e+02	 1.0560e+04
 3.3750e+02	 1.0540e+04	 1.8150e+00	 4.7078e-02	 3.2315e+02	 1.0563e+04
 5.0625e+02	 1.0540e+04	 1.8028e+00	 5.0433e-02	 3.2315e+02	 1.0566e+04
 7.5938e+02	 1.0540e+04	 1.7894e+00	 5.3833e-02	 3.2314e+02	 1.0568e+04
 1.1391e+03	 1.0540e+04	 1.7746e+00	 5.6836e-02	 3.2314e+02	 1.0571e+04
 1.7086e+03	 1.0540e+04	 1.7591e+00	 5.8849e-02	 3.2314e+02	 1.0573e+04
 2.5629e+03	 1.0540e+04	 1.7430e+00	 5.9905e-02	 3.2314e+02	 1.0578e+04
 3.8443e+03	 1.0540e+04	 1.7273e+00	 6.0258e-02	 3.2315e+02	 1.0581e+04
 5.7665e+03	 1.0540e+04	 1.7123e+00	 6.0398e-02	 3.2314e+02	 1.0584e+04
 8.6498e+03	 1.0540e+04	 1.6981e+00	 6.1211e-02	 3.2314e+02	 1.0586e+04
 1.2975e+04	 1.0540e+04	 1.6833e+00	 6.3506e-02	 3.2315e+02	 1.0591e+04
 1.9462e+04	 1.0540e+04	 1.6674e+00	 6.7329e-02	 3.2315e+02	 1.0594e+04
 2.9193e+04	 1.0540e+04	 1.6482e+00	 7.1735e-02	 3.2315e+02	 1.0599e+04
 4.3789e+04	 1.0540e+04	 1.6261e+00	 7.4217e-02	 3.2315e+02	 1.0602e+04
 6.5684e+04	 1.0540e+04	 1.6027e+00	 7.2563e-02	 3.2315e+02	 1.0604e+04
 9.8526e+04	 1.0540e+04	 1.5810e+00	 6.6322e-02	 3.2315e+02	 1.0609e+04
 1.4779e+05	 1.0540e+04	 1.5635e+00	 5.7390e-02	 3.2315e+02	 1.0612e+04
 2.2168e+05	 1.0540e+04	 1.5505e+00	 4.8564e-02	 3.2316e+02	 1.0614e+04
 3.3253e+05	 1.0540e+04	 1.5490e+00	 3.9880e-02	 3.2315e+02	 1.0617e+04
 4.9879e+05	 1.0540e+04	 1.5406e+00	 3.5609e-02	 3.2315e+02	 1.0619e+04
 7.4818e+05	 1.0540e+04	 1.5339e+00	 3.2444e-02	 3.2315e+02	 1.0622e+04
 9.0000e+05	 1.0540e+04	 1.5311e+00	 3.1481e-02	 3.2315e+02	 1.0624e+04
 1.0000e+02	 1.0621e+04	 1.8451e+00	 4.0705e-02	 3.2315e+02	 1.0634e+04
 1.5000e+02	 1.0621e+04	 1.8361e+00	 4.1863e-02	 3.2316e+02	 1.0636e+04
 2.2500e+02	 1.0621e+04	 1.8260e+00	 4.4051e-02	 3.2316e+02	 1.0641e+04
 3.3750e+02	 1.0621e+04	 1.8152e+00	 4.7110e-02	 3.2316e+02	 1.0643e+04
 5.0625e+02	 1.0621e+04	 1.8030e+00	 5.0514e-02	 3.2315e+02	 1.0646e+04
 7.5938e+02	 1.0621e+04	 1.7895e+00	 5.3934e-02	 3.2316e+02	 1.0648e+04
 1.1391e+03	 1.0621e+04	 1.7748e+00	 5.6800e-02	 3.2316e+02	 1.0651e+04
 1.7086e+03	 1.0621e+04	 1.7593e+00	 5.8933e-02	 3.2315e+02	 1.0654e+04
 2.5629e+03	 1.0621e+04	 1.7431e+00	 5.9976e-02	 3.2315e+02	 1.0659e+04
 3.8443e+03	 1.0621e+04	 1.7274e+00	 6.0257e-02	 3.2316e+02	 1.0662e+04
 5.7665e+03	 1.0621e+04	 1.7123e+00	 6.0387e-02	 3.2315e+02	 1.0664e+04
 8.6498e+03	 1.0621e+04	 1.6982e+00	 6.1181e-02	 3.2315e+02	 1.0667e+04
 1.2975e+04	 1.0621e+04	 1.6833e+00	 6.3470e-02	 3.2315e+02	 1.0672e+04
 1.9462e+04	 1.0621e+04	 1.6674e+00	 6.7340e-02	 3.2315e+02	 1.0674e+04
 2.9193e+04	 1.0621e+04	 1.6482e+00	 7.1657e-02	 3.2315e+02	 1.0680e+04
 4.3789e+04	 1.0621e+04	 1.6262e+00	 7.4187e-02	 3.2315e+02	 1.0682e+04
 6.5684e+04	 1.0621e+04	 1.6026e+00	 7.2467e-02	 3.2315e+02	 1.0685e+04
 9.8526e+04	 1.0621e+04	 1.5810e+00	 6.6191e-02	 3.2315e+02	 1.0690e+04
 1.4779e+05	 1.0621e+04	 1.5635e+00	 5.7399e-02	 3.2315e+02	 1.0692e+04
 2.2168e+05	 1.0621e+04	 1.5505e+00	 4.8589e-02	 3.2316e+02	 1.0695e+04
 3.3253e+05	 1.0621e+04	 1.5489e+00	 3.9926e-02	 3.2315e+02	 1.0698e+04
 4.9879e+05	 1.0621e+04	 1.5406e+00	 3.5544e-02	 3.2315e+02	 1.0700e+04
 7.4818e+05	 1.0621e+04	 1.5338e+00	 3.2535e-02	 3.2315e+02	 1.0703e+04
 9.0000e+05	 1.0621e+04	 1.5311e+00	 3.1450e-02	 3.2315e+02	 1.0705e+04
 1.0000e+02	 1.0703e+04	 1.8453e+00	 4.0532e-02	 3.2315e+02	 1.0715e+04
 1.5000e+02	 1.0703e+04	 1.8351e+00	 4.1644e-02	 3.2315e+02	 1.0717e+04
 2.2500e+02	 1.0703e+04	 1.8260e+00	 4.3997e-02	 3.2314e+02	 1.0722e+04
 3.3750e+02	 1.0703e+04	 1.8151e+00	 4.7086e-02	 3.2315e+02	 1.0725e+04
 5.0625e+02	 1.0703e+04	 1.8029e+00	 5.0541e-02	 3.2315e+02	 1.0727e+04
 7.5938e+02	 1.0703e+04	 1.7894e+00	 5.3934e-02	 3.2315e+02	 1.0730e+04
 1.1391e+03	 1.0703e+04	 1.7747e+00	 5.6798e-02	 3.2315e+02	 1.0733e+04
 1.7086e+03	 1.0703e+04	 1.7591e+00	 5.8931e-02	 3.2315e+02	 1.0735e+04
 2.5629e+03	 1.0703e+04	 1.7431e+00	 5.9935e-02	 3.2315e+02	 1.0740e+04
 3.8443e+03	 1.0703e+04	 1.7274e+00	 6.0184e-02	 3.2314e+02	 1.0743e+04
 5.7665e+03	 1.0703e+04	 1.7123e+00	 6.0357e-02	 3.2315e+02	 1.0745e+04
 8.6498e+03	 1.0703e+04	 1.6982e+00	 6.1244e-02	 3.2314e+02	 1.0748e+04
 1.2975e+04	 1.0703e+04	 1.6834e+00	 6.3464e-02	 3.2315e+02	 1.0753e+04
 1.9462e+04	 1.0703e+04	 1.6675e+00	 6.7324e-02	 3.2315e+02	 1.0756e+04
 2.9193e+04	 1.0703e+04	 1.6484e+00	 7.1743e-02	 3.2314e+02	 1.0761e+04
 4.3789e+04	 1.0703e+04	 1.6263e+00	 7.4172e-02	 3.2315e+02	 1.0763e+04
 6.5684e+04	 1.0703e+04	 1.6028e+00	 7.2525e-02	 3.2315e+02	 1.0766e+04
 9.8526e+04	 1.0703e+04	 1.5811e+00	 6.6079e-02	 3.2315e+02	 1.0771e+04
 1.4779e+05	 1.0703e+04	 1.5637e+00	 5.7392e-02	 3.2314e+02	 1.0774e+04
 2.2168e+05	 1.0703e+04	 1.5506e+00	 4.8540e-02	 3.2315e+02	 1.0776e+04
 3.3253e+05	 1.0703e+04	 1.5490e+00	 3.9890e-02	 3.2315e+02	 1.0779e+04
 4.9879e+05	 1.0703e+04	 1.5406e+00	 3.5478e-02	 3.2315e+02	 1.0781e+04
 7.4818e+05	 1.0703e+04	 1.5338e+00	 3.2501e-02	 3.2315e+02	 1.0784e+04
 9.0000e+05	 1.0703e+04	 1.5311e+00	 3.1442e-02	 3.2315e+02	 1.0787e+04
 1.0000e+02	 1.0784e+04	 1.8448e+00	 4.0495e-02	 3.2316e+02	 1.0796e+04
 1.5000e+02	 1.0784e+04	 1.8354e+00	 4.3865e-02	 3.2315e+02	 1.0798e+04
 2.2500e+02	 1.0784e+04	 1.8261e+00	 4.4024e-02	 3.2315e+02	 1.0803e+04
 3.3750e+02	 1.0784e+04	 1.8152e+00	 4.7090e-02	 3.2315e+02	 1.0806e+04
 5.0625e+02	 1.0784e+04	 1.8031e+00	 5.0548e-02	 3.2315e+02	 1.0808e+04
 7.5938e+02	 1.0784e+04	 1.7896e+00	 5.3951e-02	 3.2315e+02	 1.0811e+04
 1.1391e+03	 1.0784e+04	 1.7748e+00	 5.6894e-02	 3.2315e+02	 1.0814e+04
 1.7086e+03	 1.0784e+04	 1.7593e+00	 5.8907e-02	 3.2315e+02	 1.0816e+04
 2.5629e+03	 1.0784e+04	 1.7432e+00	 5.9945e-02	 3.2315e+02	 1.0822e+04
 3.8443e+03	 1.0784e+04	 1.7274e+00	 6.0223e-02	 3.2316e+02	 1.0824e+04
 5.7665e+03	 1.0784e+04	 1.7124e+00	 6.0343e-02	 3.2315e+02	 1.0826e+04
 8.6498e+03	 1.0784e+04	 1.6983e+00	 6.1160e-02	 3.2315e+02	 1.0829e+04
 1.2975e+04	 1.0784e+04	 1.6834e+00	 6.3447e-02	 3.2316e+02	 1.0834e+04
 1.9462e+04	 1.0784e+04	 1.6676e+00	 6.7321e-02	 3.2315e+02	 1.0837e+04
 2.9193e+04	 1.0784e+04	 1.6484e+00	 7.1683e-02	 3.2315e+02	 1.0842e+04
 4.3789e+04	 1.0784e+04	 1.6263e+00	 7.4169e-02	 3.2315e+02	 1.0845e+04
 6.5684e+04	 1.0784e+04	 1.6029e+00	 7.2557e-02	 3.2315e+02	 1.0847e+04
 9.8526e+04	 1.0784e+04	 1.5811e+00	 6.6112e-02	 3.2315e+02	 1.0853e+04
 1.4779e+05	 1.0784e+04	 1.5636e+00	 5.7394e-02	 3.2315e+02	 1.0855e+04
 2.2168e+05	 1.0784e+04	 1.5506e+00	 4.8564e-02	 3.2315e+02	 1.0858e+04
 3.3253e+05	 1.0784e+04	 1.5490e+00	 3.9959e-02	 3.2315e+02	 1.0860e+04
 4.9879e+05	 1.0784e+04	 1.5406e+00	 3.5521e-02	 3.2315e+02	 1.0862e+04
 7.4818e+05	 1.0784e+04	 1.5339e+00	 3.2490e-02	 3.2316e+02	 1.0865e+04
 9.0000e+05	 1.0784e+04	 1.5312e+00	 3.1473e-02	 3.2315e+02	 1.0868e+04
 1.0000e+02	 1.0865e+04	 1.8454e+00	 4.0281e-02	 3.2315e+02	 1.0877e+04
 1.5000e+02	 1.0865e+04	 1.8377e+00	 4.1659e-02	 3.2315e+02	 1.0879e+04
 2.2500e+02	 1.0865e+04	 1.8261e+00	 4.3932e-02	 3.2315e+02	 1.0885e+04
 3.3750e+02	 1.0865e+04	 1.8152e+00	 4.7121e-02	 3.2315e+02	 1.0887e+04
 5.0625e+02	 1.0865e+04	 1.8030e+00	 5.0547e-02	 3.2315e+02	 1.0890e+04
 7.5938e+02	 1.0865e+04	 1.7895e+00	 5.3981e-02	 3.2315e+02	 1.0892e+04
 1.1391e+03	 1.0865e+04	 1.7747e+00	 5.6823e-02	 3.2315e+02	 1.0895e+04
 1.7086e+03	 1.0865e+04	 1.7594e+00	 5.8955e-02	 3.2315e+02	 1.0897e+04
 2.5629e+03	 1.0865e+04	 1.7431e+00	 5.9891e-02	 3.2315e+02	 1.0902e+04
 3.8443e+03	 1.0865e+04	 1.7275e+00	 6.0214e-02	 3.2315e+02	 1.0905e+04
 5.7665e+03	 1.0865e+04	 1.7125e+00	 6.0281e-02	 3.2315e+02	 1.0907e+04
 8.6498e+03	 1.0865e+04	 1.6983e+00	 6.1189e-02	 3.2314e+02	 1.0910e+04
 1.2975e+04	 1.0865e+04	 1.6834e+00	 6.3427e-02	 3.2315e+02	 1.0915e+04
 1.9462e+04	 1.0865e+04	 1.6676e+00	 6.7323e-02	 3.2315e+02	 1.0917e+04
 2.9193e+04	 1.0865e+04	 1.6484e+00	 7.1717e-02	 3.2315e+02	 1.0923e+04
 4.3789e+04	 1.0865e+04	 1.6264e+00	 7.4242e-02	 3.2315e+02	 1.0925e+04
 6.5684e+04	 1.0865e+04	 1.6030e+00	 7.2508e-02	 3.2315e+02	 1.0928e+04
 9.8526e+04	 1.0865e+04	 1.5811e+00	 6.6114e-02	 3.2315e+02	 1.0933e+04
 1.4779e+05	 1.0865e+04	 1.5638e+00	 5.7387e-02	 3.2315e+02	 1.0936e+04
 2.2168e+05	 1.0865e+04	 1.5507e+00	 4.8509e-02	 3.2315e+02	 1.0938e+04
 3.3253e+05	 1.0865e+04	 1.5490e+00	 3.9990e-02	 3.2315e+02	 1.0941e+04
 4.9879e+05	 1.0865e+04	 1.5407e+00	 3.5592e-02	 3.2315e+02	 1.0943e+04
 7.4818e+05	 1.0865e+04	 1.5339e+00	 3.2472e-02	 3.2315e+02	 1.0946e+04
 9.0000e+05	 1.0865e+04	 1.5312e+00	 3.1458e-02	 3.2315e+02	 1.0948e+04
 1.0000e+02	 1.0946e+04	 1.8456e+00	 4.0388e-02	 3.2315e+02	 1.0957e+04
 1.5000e+02	 1.0946e+04	 1.8370e+00	 4.0947e-02	 3.2315e+02	 1.0960e+04
 2.2500e+02	 1.0946e+04	 1.8262e+00	 4.4159e-02	 3.2315e+02	 1.0965e+04
 3.3750e+02	 1.0946e+04	 1.8153e+00	 4.7201e-02	 3.2315e+02	 1.0967e+04
 5.0625e+02	 1.0946e+04	 1.8031e+00	 5.0570e-02	 3.2315e+02	 1.0970e+04
 7.5938e+02	 1.0946e+04	 1.7895e+00	 5.3987e-02	 3.2315e+02	 1.0972e+04
 1.1391e+03	 1.0946e+04	 1.7747e+00	 5.6863e-02	 3.2314e+02	 1.0975e+04
 1.7086e+03	 1.0946e+04	 1.7593e+00	 5.8885e-02	 3.2314e+02	 1.0978e+04
 2.5629e+03	 1.0946e+04	 1.7432e+00	 5.9932e-02	 3.2315e+02	 1.0983e+04
 3.8443e+03	 1.0946e+04	 1.7275e+00	 6.0160e-02	 3.2315e+02	 1.0985e+04
 5.7665e+03	 1.0946e+04	 1.7125e+00	 6.0307e-02	 3.2314e+02	 1.0988e+04
 8.6498e+03	 1.0946e+04	 1.6984e+00	 6.1149e-02	 3.2315e+02	 1.0990e+04
 1.2975e+04	 1.0946e+04	 1.6835e+00	 6.3430e-02	 3.2315e+02	 1.0995e+04
 1.9462e+04	 1.0946e+04	 1.6677e+00	 6.7301e-02	 3.2315e+02	 1.0998e+04
 2.9193e+04	 1.0946e+04	 1.6486e+00	 7.1646e-02	 3.2316e+02	 1.1003e+04
 4.3789e+04	 1.0946e+04	 1.6264e+00	 7.4179e-02	 3.2315e+02	 1.1005e+04
 6.5684e+04	 1.0946e+04	 1.6029e+00	 7.2519e-02	 3.2315e+02	 1.1008e+04
 9.8526e+04	 1.0946e+04	 1.5812e+00	 6.6323e-02	 3.2315e+02	 1.1013e+04
 1.4779e+05	 1.0946e+04	 1.5637e+00	 5.7361e-02	 3.2315e+02	 1.1016e+04
 2.2168e+05	 1.0946e+04	 1.5508e+00	 4.8544e-02	 3.2315e+02	 1.1018e+04
 3.3253e+05	 1.0946e+04	 1.5491e+00	 3.9997e-02	 3.2315e+02	 1.1021e+04
 4.9879e+05	 1.0946e+04	 1.5408e+00	 3.5529e-02	 3.2316e+02	 1.1023e+04
 7.4818e+05	 1.0946e+04	 1.5339e+00	 3.2522e-02	 3.2315e+02	 1.1026e+04
 9.0000e+05	 1.0946e+04	 1.5313e+00	 3.1478e-02	 3.2314e+02	 1.1028e+04
 1.0000e+02	 1.1025e+04	 1.8449e+00	 4.0617e-02	 3.2315e+02	 1.1038e+04
 1.5000e+02	 1.1025e+04	 1.8352e+00	 4.1964e-02	 3.2315e+02	 1.1040e+04
 2.2500e+02	 1.1025e+04	 1.8262e+00	 4.4076e-02	 3.2315e+02	 1.1045e+04
 3.3750e+02	 1.1025e+04	 1.8154e+00	 4.7181e-02	 3.2315e+02	 1.1048e+04
 5.0625e+02	 1.1025e+04	 1.8033e+00	 5.0578e-02	 3.2316e+02	 1.1051e+04
 7.5938e+02	 1.1025e+04	 1.7897e+00	 5.4002e-02	 3.2315e+02	 1.1053e+04
 1.1391e+03	 1.1025e+04	 1.7748e+00	 5.6874e-02	 3.2315e+02	 1.1056e+04
 1.7086e+03	 1.1025e+04	 1.7594e+00	 5.8949e-02	 3.2315e+02	 1.1059e+04
 2.5629e+03	 1.1025e+04	 1.7432e+00	 5.9946e-02	 3.2316e+02	 1.1064e+04
 3.8443e+03	 1.1025e+04	 1.7275e+00	 6.0195e-02	 3.2316e+02	 1.1066e+04
 5.7665e+03	 1.1025e+04	 1.7125e+00	 6.0333e-02	 3.2315e+02	 1.1069e+04
 8.6498e+03	 1.1025e+04	 1.6984e+00	 6.1111e-02	 3.2315e+02	 1.1072e+04
 1.2975e+04	 1.1025e+04	 1.6835e+00	 6.3401e-02	 3.2315e+02	 1.1077e+04
 1.9462e+04	 1.1025e+04	 1.6677e+00	 6.7314e-02	 3.2315e+02	 1.1079e+04
 2.9193e+04	 1.1025e+04	 1.6486e+00	 7.1683e-02	 3.2315e+02	 1.1084e+04
 4.3789e+04	 1.1025e+04	 1.6264e+00	 7.4179e-02	 3.2315e+02	 1.1087e+04
 6.5684e+04	 1.1025e+04	 1.6030e+00	 7.2572e-02	 3.2315e+02	 1.1089e+04
 9.8526e+04	 1.1025e+04	 1.5813e+00	 6.6091e-02	 3.2315e+02	 1.1094e+04
 1.4779e+05	 1.1025e+04	 1.5637e+00	 5.7389e-02	 3.2315e+02	 1.1097e+04
 2.2168e+05	 1.1025e+04	 1.5508e+00	 4.8550e-02	 3.2315e+02	 1.1100e+04
 3.3253e+05	 1.1025e+04	 1.5491e+00	 3.9881e-02	 3.2315e+02	 1.1102e+04
 4.9879e+05	 1.1025e+04	 1.5408e+00	 3.5484e-02	 3.2315e+02	 1.1105e+04
 7.4818e+05	 1.1025e+04	 1.5339e+00	 3.2487e-02	 3.2315e+02	 1.1107e+04
 9.0000e+05	 1.1025e+04	 1.5313e+00	 3.1490e-02	 3.2315e+02	 1.1110e+04
 1.0000e+02	 1.1107e+04	 1.8456e+00	 4.0665e-02	 3.2315e+02	 1.1119e+04
 1.5000e+02	 1.1107e+04	 1.8362e+00	 4.1923e-02	 3.2314e+02	 1.1122e+04
 2.2500e+02	 1.1107e+04	 1.8262e+00	 4.4073e-02	 3.2315e+02	 1.1127e+04
 3.3750e+02	 1.1107e+04	 1.8153e+00	 4.7223e-02	 3.2315e+02	 1.1129e+04
 5.0625e+02	 1.1107e+04	 1.8031e+00	 5.0632e-02	 3.2315e+02	 1.1132e+04
 7.5938e+02	 1.1107e+04	 1.7896e+00	 5.4015e-02	 3.2315e+02	 1.1134e+04
 1.1391e+03	 1.1107e+04	 1.7748e+00	 5.6875e-02	 3.2315e+02	 1.1137e+04
 1.7086e+03	 1.1107e+04	 1.7594e+00	 5.8942e-02	 3.2315e+02	 1.1139e+04
 2.5629e+03	 1.1107e+04	 1.7432e+00	 5.9940e-02	 3.2315e+02	 1.1145e+04
 3.8443e+03	 1.1107e+04	 1.7275e+00	 6.0176e-02	 3.2315e+02	 1.1147e+04
 5.7665e+03	 1.1107e+04	 1.7126e+00	 6.0279e-02	 3.2315e+02	 1.1150e+04
 8.6498e+03	 1.1107e+04	 1.6984e+00	 6.1060e-02	 3.2315e+02	 1.1152e+04
 1.2975e+04	 1.1107e+04	 1.6835e+00	 6.3436e-02	 3.2316e+02	 1.1157e+04
 1.9462e+04	 1.1107e+04	 1.6677e+00	 6.7285e-02	 3.2315e+02	 1.1160e+04
 2.9193e+04	 1.1107e+04	 1.6486e+00	 7.1688e-02	 3.2315e+02	 1.1165e+04
 4.3789e+04	 1.1107e+04	 1.6265e+00	 7.4188e-02	 3.2315e+02	 1.1167e+04
 6.5684e+04	 1.1107e+04	 1.6029e+00	 7.2523e-02	 3.2315e+02	 1.1170e+04
 9.8526e+04	 1.1107e+04	 1.5813e+00	 6.6198e-02	 3.2315e+02	 1.1175e+04
 1.4779e+05	 1.1107e+04	 1.5638e+00	 5.7426e-02	 3.2315e+02	 1.1177e+04
 2.2168e+05	 1.1107e+04	 1.5508e+00	 4.8515e-02	 3.2315e+02	 1.1180e+04
 3.3253e+05	 1.1107e+04	 1.5492e+00	 3.9958e-02	 3.2315e+02	 1.1182e+04
 4.9879e+05	 1.1107e+04	 1.5408e+00	 3.5515e-02	 3.2314e+02	 1.1185e+04
 7.4818e+05	 1.1107e+04	 1.5340e+00	 3.2502e-02	 3.2315e+02	 1.1187e+04
 9.0000e+05	 1.1107e+04	 1.5314e+00	 3.1479e-02	 3.2315e+02	 1.1190e+04
 1.0000e+02	 1.1187e+04	 1.8451e+00	 4.0639e-02	 3.2315e+02	 1.1199e+04
 1.5000e+02	 1.1187e+04	 1.8359e+00	 4.1355e-02	 3.2315e+02	 1.1201e+04
 2.2500e+02	 1.1187e+04	 1.8263e+00	 4.4207e-02	 3.2315e+02	 1.1206e+04
 3.3750e+02	 1.1187e+04	 1.8154e+00	 4.7192e-02	 3.2315e+02	 1.1209e+04
 5.0625e+02	 1.1187e+04	 1.8032e+00	 5.0665e-02	 3.2315e+02	 1.1211e+04
 7.5938e+02	 1.1187e+04	 1.7896e+00	 5.4053e-02	 3.2315e+02	 1.1214e+04
 1.1391e+03	 1.1187e+04	 1.7749e+00	 5.6938e-02	 3.2315e+02	 1.1217e+04
 1.7086e+03	 1.1187e+04	 1.7594e+00	 5.8972e-02	 3.2315e+02	 1.1219e+04
 2.5629e+03	 1.1187e+04	 1.7432e+00	 5.9983e-02	 3.2315e+02	 1.1224e+04
 3.8443e+03	 1.1187e+04	 1.7275e+00	 6.0159e-02	 3.2315e+02	 1.1227e+04
 5.7665e+03	 1.1187e+04	 1.7125e+00	 6.0244e-02	 3.2315e+02	 1.1230e+04
 8.6498e+03	 1.1187e+04	 1.6985e+00	 6.1108e-02	 3.2315e+02	 1.1232e+04
 1.2975e+04	 1.1187e+04	 1.6836e+00	 6.3310e-02	 3.2316e+02	 1.1237e+04
 1.9462e+04	 1.1187e+04	 1.6678e+00	 6.7277e-02	 3.2316e+02	 1.1240e+04
 2.9193e+04	 1.1187e+04	 1.6487e+00	 7.1673e-02	 3.2315e+02	 1.1245e+04
 4.3789e+04	 1.1187e+04	 1.6266e+00	 7.4182e-02	 3.2315e+02	 1.1248e+04
 6.5684e+04	 1.1187e+04	 1.6030e+00	 7.2522e-02	 3.2315e+02	 1.1250e+04
 9.8526e+04	 1.1187e+04	 1.5813e+00	 6.6192e-02	 3.2316e+02	 1.1255e+04
 1.4779e+05	 1.1187e+04	 1.5638e+00	 5.7387e-02	 3.2315e+02	 1.1258e+04
 2.2168e+05	 1.1187e+04	 1.5509e+00	 4.8506e-02	 3.2315e+02	 1.1261e+04
 3.3253e+05	 1.1187e+04	 1.5492e+00	 3.9930e-02	 3.2315e+02	 1.1263e+04
 4.9879e+05	 1.1187e+04	 1.5409e+00	 3.5526e-02	 3.2315e+02	 1.1266e+04
 7.4818e+05	 1.1187e+04	 1.5341e+00	 3.2508e-02	 3.2314e+02	 1.1268e+04
 9.0000e+05	 1.1187e+04	 1.5314e+00	 3.1485e-02	 3.2315e+02	 1.1271e+04
 1.0000e+02	 1.1268e+04	 1.8453e+00	 4.0774e-02	 3.2315e+02	 1.1280e+04
 1.5000e+02	 1.1268e+04	 1.8364e+00	 4.2266e-02	 3.2315e+02	 1.1283e+04
 2.2500e+02	 1.1268e+04	 1.8265e+00	 4.4234e-02	 3.2315e+02	 1.1288e+04
 3.3750e+02	 1.1268e+04	 1.8155e+00	 4.7224e-02	 3.2315e+02	 1.1290e+04
 5.0625e+02	 1.1268e+04	 1.8033e+00	 5.0636e-02	 3.2315e+02	 1.1293e+04
 7.5938e+02	 1.1268e+04	 1.7897e+00	 5.4114e-02	 3.2314e+02	 1.1295e+04
 1.1391e+03	 1.1268e+04	 1.7750e+00	 5.6969e-02	 3.2315e+02	 1.1298e+04
 1.7086e+03	 1.1268e+04	 1.7594e+00	 5.8906e-02	 3.2315e+02	 1.1301e+04
 2.5629e+03	 1.1268e+04	 1.7432e+00	 5.9922e-02	 3.2315e+02	 1.1306e+04
 3.8443e+03	 1.1268e+04	 1.7275e+00	 6.0147e-02	 3.2315e+02	 1.1308e+04
 5.7665e+03	 1.1268e+04	 1.7126e+00	 6.0224e-02	 3.2315e+02	 1.1311e+04
 8.6498e+03	 1.1268e+04	 1.6985e+00	 6.1049e-02	 3.2315e+02	 1.1313e+04
 1.2975e+04	 1.1268e+04	 1.6837e+00	 6.3352e-02	 3.2315e+02	 1.1318e+04
 1.9462e+04	 1.1268e+04	 1.6678e+00	 6.7268e-02	 3.2315e+02	 1.1321e+04
 2.9193e+04	 1.1268e+04	 1.6487e+00	 7.1649e-02	 3.2315e+02	 1.1326e+04
 4.3789e+04	 1.1268e+04	 1.6267e+00	 7.4160e-02	 3.2315e+02	 1.1328e+04
 6.5684e+04	 1.1268e+04	 1.6031e+00	 7.2538e-02	 3.2315e+02	 1.1331e+04
 9.8526e+04	 1.1268e+04	 1.5814e+00	 6.6319e-02	 3.2314e+02	 1.1336e+04
 1.4779e+05	 1.1268e+04	 1.5639e+00	 5.7396e-02	 3.2315e+02	 1.1339e+04
 2.2168e+05	 1.1268e+04	 1.5509e+00	 4.8583e-02	 3.2315e+02	 1.1342e+04
 3.3253e+05	 1.1268e+04	 1.5493e+00	 3.9927e-02	 3.2315e+02	 1.1344e+04
 4.9879e+05	 1.1268e+04	 1.5409e+00	 3.5503e-02	 3.2315e+02	 1.1347e+04
 7.4818e+05	 1.1268e+04	 1.5342e+00	 3.2399e-02	 3.2315e+02	 1.1349e+04
 9.0000e+05	 1.1268e+04	 1.5314e+00	 3.1480e-02	 3.2315e+02	 1.1352e+04
 1.0000e+02	 1.1349e+04	 1.8452e+00	 4.0700e-02	 3.2315e+02	 1.1361e+04
 1.5000e+02	 1.1349e+04	 1.8367e+00	 4.2839e-02	 3.2315e+02	 1.1364e+04
 2.2500e+02	 1.1349e+04	 1.8265e+00	 4.4229e-02	 3.2315e+02	 1.1369e+04
 3.3750e+02	 1.1349e+04	 1.8156e+00	 4.7243e-02	 3.2315e+02	 1.1371e+04
 5.0625e+02	 1.1349e+04	 1.8033e+00	 5.0673e-02	 3.2315e+02	 1.1374e+04
 7.5938e+02	 1.1349e+04	 1.7897e+00	 5.4041e-02	 3.2315e+02	 1.1376e+04
 1.1391e+03	 1.1349e+04	 1.7749e+00	 5.7029e-02	 3.2315e+02	 1.1379e+04
 1.7086e+03	 1.1349e+04	 1.7594e+00	 5.9016e-02	 3.2314e+02	 1.1381e+04
 2.5629e+03	 1.1349e+04	 1.7432e+00	 5.9950e-02	 3.2315e+02	 1.1387e+04
 3.8443e+03	 1.1349e+04	 1.7276e+00	 6.0150e-02	 3.2315e+02	 1.1389e+04
 5.7665e+03	 1.1349e+04	 1.7126e+00	 6.0241e-02	 3.2315e+02	 1.1392e+04
 8.6498e+03	 1.1349e+04	 1.6985e+00	 6.1054e-02	 3.2315e+02	 1.1394e+04
 1.2975e+04	 1.1349e+04	 1.6837e+00	 6.3308e-02	 3.2315e+02	 1.1399e+04
 1.9462e+04	 1.1349e+04	 1.6679e+00	 6.7271e-02	 3.2315e+02	 1.1402e+04
 2.9193e+04	 1.1349e+04	 1.6487e+00	 7.1639e-02	 3.2315e+02	 1.1407e+04
 4.3789e+04	 1.1349e+04	 1.6267e+00	 7.4257e-02	 3.2315e+02	 1.1410e+04
 6.5684e+04	 1.1349e+04	 1.6032e+00	 7.2554e-02	 3.2315e+02	 1.1412e+04
 9.8526e+04	 1.1349e+04	 1.5814e+00	 6.6349e-02	 3.2315e+02	 1.1418e+04
 1.4779e+05	 1.1349e+04	 1.5639e+00	 5.7340e-02	 3.2315e+02	 1.1420e+04
 2.2168e+05	 1.1349e+04	 1.5510e+00	 4.8541e-02	 3.2316e+02	 1.1423e+04
 3.3253e+05	 1.1349e+04	 1.5494e+00	 3.9873e-02	 3.2315e+02	 1.1425e+04
 4.9879e+05	 1.1349e+04	 1.5410e+00	 3.5451e-02	 3.2314e+02	 1.1428e+04
 7.4818e+05	 1.1349e+04	 1.5342e+00	 3.2474e-02	 3.2315e+02	 1.1430e+04
 9.0000e+05	 1.1349e+04	 1.5315e+00	 3.1456e-02	 3.2315e+02	 1.1433e+04
 1.0000e+02	 1.1430e+04	 1.8454e+00	 4.0038e-02	 3.2315e+02	 1.1442e+04
 1.5000e+02	 1.1430e+04	 1.8365e+00	 4.2949e-02	 3.2315e+02	 1.1444e+04
 2.2500e+02	 1.1430e+04	 1.8265e+00	 4.4149e-02	 3.2315e+02	 1.1449e+04
 3.3750e+02	 1.1430e+04	 1.8156e+00	 4.7327e-02	 3.2315e+02	 1.1452e+04
 5.0625e+02	 1.1430e+04	 1.8033e+00	 5.0742e-02	 3.2315e+02	 1.1454e+04
 7.5938e+02	 1.1430e+04	 1.7897e+00	 5.4084e-02	 3.2315e+02	 1.1457e+04
 1.1391e+03	 1.1430e+04	 1.7750e+00	 5.6994e-02	 3.2315e+02	 1.1460e+04
 1.7086e+03	 1.1430e+04	 1.7595e+00	 5.8958e-02	 3.2315e+02	 1.1462e+04
 2.5629e+03	 1.1430e+04	 1.7432e+00	 5.9937e-02	 3.2315e+02	 1.1468e+04
 3.8443e+03	 1.1430e+04	 1.7276e+00	 6.0139e-02	 3.2315e+02	 1.1470e+04
 5.7665e+03	 1.1430e+04	 1.7126e+00	 6.0244e-02	 3.2315e+02	 1.1473e+04
 8.6498e+03	 1.1430e+04	 1.6986e+00	 6.1032e-02	 3.2315e+02	 1.1475e+04
 1.2975e+04	 1.1430e+04	 1.6838e+00	 6.3309e-02	 3.2315e+02	 1.1480e+04
 1.9462e+04	 1.1430e+04	 1.6679e+00	 6.7244e-02	 3.2315e+02	 1.1483e+04
 2.9193e+04	 1.1430e+04	 1.6488e+00	 7.1573e-02	 3.2314e+02	 1.1488e+04
 4.3789e+04	 1.1430e+04	 1.6267e+00	 7.4148e-02	 3.2315e+02	 1.1491e+04
 6.5684e+04	 1.1430e+04	 1.6032e+00	 7.2542e-02	 3.2315e+02	 1.1493e+04
 9.8526e+04	 1.1430e+04	 1.5815e+00	 6.6299e-02	 3.2315e+02	 1.1498e+04
 1.4779e+05	 1.1430e+04	 1.5642e+00	 5.7310e-02	 3.2314e+02	 1.1501e+04
 2.2168e+05	 1.1430e+04	 1.5511e+00	 4.8582e-02	 3.2315e+02	 1.1504e+04
 3.3253e+05	 1.1430e+04	 1.5494e+00	 3.9880e-02	 3.2315e+02	 1.1506e+04
 4.9879e+05	 1.1430e+04	 1.5410e+00	 3.5530e-02	 3.2315e+02	 1.1509e+04
 7.4818e+05	 1.1430e+04	 1.5343e+00	 3.2427e-02	 3.2315e+02	 1.1511e+04
 9.0000e+05	 1.1430e+04	 1.5316e+00	 3.1540e-02	 3.2315e+02	 1.1514e+04
 1.0000e+02	 1.1511e+04	 1.8455e+00	 4.0203e-02	 3.2316e+02	 1.1523e+04
 1.5000e+02	 1.1511e+04	 1.8368e+00	 4.2333e-02	 3.2315e+02	 1.1526e+04
 2.2500e+02	 1.1511e+04	 1.8267e+00	 4.4219e-02	 3.2315e+02	 1.1531e+04
 3.3750e+02	 1.1511e+04	 1.8157e+00	 4.7330e-02	 3.2314e+02	 1.1533e+04
 5.0625e+02	 1.1511e+04	 1.8035e+00	 5.0766e-02	 3.2314e+02	 1.1536e+04
 7.5938e+02	 1.1511e+04	 1.7899e+00	 5.4110e-02	 3.2315e+02	 1.1539e+04
 1.1391e+03	 1.1511e+04	 1.7750e+00	 5.6992e-02	 3.2315e+02	 1.1541e+04
 1.7086e+03	 1.1511e+04	 1.7596e+00	 5.8944e-02	 3.2315e+02	 1.1544e+04
 2.5629e+03	 1.1511e+04	 1.7434e+00	 5.9898e-02	 3.2315e+02	 1.1549e+04
 3.8443e+03	 1.1511e+04	 1.7277e+00	 6.0119e-02	 3.2315e+02	 1.1552e+04
 5.7665e+03	 1.1511e+04	 1.7128e+00	 6.0208e-02	 3.2315e+02	 1.1554e+04
 8.6498e+03	 1.1511e+04	 1.6987e+00	 6.0982e-02	 3.2315e+02	 1.1557e+04
 1.2975e+04	 1.1511e+04	 1.6839e+00	 6.3285e-02	 3.2315e+02	 1.1562e+04
 1.9462e+04	 1.1511e+04	 1.6681e+00	 6.7231e-02	 3.2315e+02	 1.1564e+04
 2.9193e+04	 1.1511e+04	 1.6490e+00	 7.1667e-02	 3.2315e+02	 1.1569e+04
 4.3789e+04	 1.1511e+04	 1.6268e+00	 7.4177e-02	 3.2315e+02	 1.1572e+04
 6.5684e+04	 1.1511e+04	 1.6032e+00	 7.2480e-02	 3.2315e+02	 1.1574e+04
 9.8526e+04	 1.1511e+04	 1.5816e+00	 6.6223e-02	 3.2315e+02	 1.1579e+04
 1.4779e+05	 1.1511e+04	 1.5641e+00	 5.7429e-02	 3.2315e+02	 1.1582e+04
 2.2168e+05	 1.1511e+04	 1.5511e+00	 4.8569e-02	 3.2315e+02	 1.1584e+04
 3.3253e+05	 1.1511e+04	 1.5494e+00	 3.9898e-02	 3.2315e+02	 1.1587e+04
 4.9879e+05	 1.1511e+04	 1.5411e+00	 3.5512e-02	 3.2315e+02	 1.1590e+04
 7.4818e+05	 1.1511e+04	 1.5344e+00	 3.2412e-02	 3.2315e+02	 1.1592e+04
 9.0000e+05	 1.1511e+04	 1.5316e+00	 3.1525e-02	 3.2315e+02	 1.1595e+04
 1.0000e+02	 1.1592e+04	 1.8457e+00	 4.0863e-02	 3.2316e+02	 1.1604e+04
 1.5000e+02	 1.1592e+04	 1.8363e+00	 4.1794e-02	 3.2315e+02	 1.1606e+04
 2.2500e+02	 1.1592e+04	 1.8268e+00	 4.4321e-02	 3.2316e+02	 1.1611e+04
 3.3750e+02	 1.1592e+04	 1.8157e+00	 4.7310e-02	 3.2316e+02	 1.1614e+04
 5.0625e+02	 1.1592e+04	 1.8035e+00	 5.0708e-02	 3.2316e+02	 1.1617e+04
 7.5938e+02	 1.1592e+04	 1.7899e+00	 5.4152e-02	 3.2315e+02	 1.1619e+04
 1.1391e+03	 1.1592e+04	 1.7750e+00	 5.7019e-02	 3.2315e+02	 1.1622e+04
 1.7086e+03	 1.1592e+04	 1.7595e+00	 5.8978e-02	 3.2315e+02	 1.1625e+04
 2.5629e+03	 1.1592e+04	 1.7434e+00	 5.9967e-02	 3.2315e+02	 1.1630e+04
 3.8443e+03	 1.1592e+04	 1.7277e+00	 6.0143e-02	 3.2315e+02	 1.1633e+04
 5.7665e+03	 1.1592e+04	 1.7127e+00	 6.0205e-02	 3.2316e+02	 1.1635e+04
 8.6498e+03	 1.1592e+04	 1.6987e+00	 6.1003e-02	 3.2316e+02	 1.1638e+04
 1.2975e+04	 1.1592e+04	 1.6838e+00	 6.3294e-02	 3.2315e+02	 1.1643e+04
 1.9462e+04	 1.1592e+04	 1.6680e+00	 6.7234e-02	 3.2315e+02	 1.1645e+04
 2.9193e+04	 1.1592e+04	 1.6489e+00	 7.1594e-02	 3.2315e+02	 1.1650e+04
 4.3789e+04	 1.1592e+04	 1.6268e+00	 7.4146e-02	 3.2315e+02	 1.1653e+04
 6.5684e+04	 1.1592e+04	 1.6032e+00	 7.2556e-02	 3.2315e+02	 1.1656e+04
 9.8526e+04	 1.1592e+04	 1.5815e+00	 6.6299e-02	 3.2315e+02	 1.1661e+04
 1.4779e+05	 1.1592e+04	 1.5640e+00	 5.7394e-02	 3.2315e+02	 1.1663e+04
 2.2168e+05	 1.1592e+04	 1.5511e+00	 4.8553e-02	 3.2315e+02	 1.1666e+04
 3.3253e+05	 1.1592e+04	 1.5494e+00	 3.9949e-02	 3.2315e+02	 1.1668e+04
 4.9879e+05	 1.1592e+04	 1.5411e+00	 3.5512e-02	 3.2315e+02	 1.1671e+04
 7.4818e+05	 1.1592e+04	 1.5343e+00	 3.2514e-02	 3.2315e+02	 1.1673e+04
 9.0000e+05	 1.1592e+04	 1.5316e+00	 3.1466e-02	 3.2315e+02	 1.1676e+04
 1.0000e+02	 1.1673e+04	 1.8460e+00	 4.0215e-02	 3.2315e+02	 1.1685e+04
 1.5000e+02	 1.1673e+04	 1.8385e+00	 4.1999e-02	 3.2315e+02	 1.1688e+04
 2.2500e+02	 1.1673e+04	 1.8267e+00	 4.4259e-02	 3.2315e+02	 1.1693e+04
 3.3750e+02	 1.1673e+04	 1.8158e+00	 4.7291e-02	 3.2315e+02	 1.1695e+04
 5.0625e+02	 1.1673e+04	 1.8036e+00	 5.0783e-02	 3.2315e+02	 1.1698e+04
 7.5938e+02	 1.1673e+04	 1.7899e+00	 5.4197e-02	 3.2315e+02	 1.1700e+04
 1.1391e+03	 1.1673e+04	 1.7750e+00	 5.6995e-02	 3.2315e+02	 1.1703e+04
 1.7086e+03	 1.1673e+04	 1.7595e+00	 5.9021e-02	 3.2316e+02	 1.1706e+04
 2.5629e+03	 1.1673e+04	 1.7433e+00	 5.9920e-02	 3.2315e+02	 1.1711e+04
 3.8443e+03	 1.1673e+04	 1.7276e+00	 6.0132e-02	 3.2315e+02	 1.1713e+04
 5.7665e+03	 1.1673e+04	 1.7126e+00	 6.0149e-02	 3.2315e+02	 1.1716e+04
 8.6498e+03	 1.1673e+04	 1.6986e+00	 6.1041e-02	 3.2315e+02	 1.1718e+04
 1.2975e+04	 1.1673e+04	 1.6839e+00	 6.3278e-02	 3.2315e+02	 1.1724e+04
 1.9462e+04	 1.1673e+04	 1.6681e+00	 6.7184e-02	 3.2314e+02	 1.1726e+04
 2.9193e+04	 1.1673e+04	 1.6489e+00	 7.1561e-02	 3.2315e+02	 1.1731e+04
 4.3789e+04	 1.1673e+04	 1.6269e+00	 7.4144e-02	 3.2314e+02	 1.1734e+04
 6.5684e+04	 1.1673e+04	 1.6034e+00	 7.2512e-02	 3.2315e+02	 1.1736e+04
 9.8526e+04	 1.1673e+04	 1.5817e+00	 6.6136e-02	 3.2315e+02	 1.1742e+04
 1.4779e+05	 1.1673e+04	 1.5642e+00	 5.7378e-02	 3.2315e+02	 1.1744e+04
 2.2168e+05	 1.1673e+04	 1.5512e+00	 4.8437e-02	 3.2315e+02	 1.1747e+04
 3.3253e+05	 1.1673e+04	 1.5495e+00	 3.9894e-02	 3.2314e+02	 1.1749e+04
 4.9879e+05	 1.1673e+04	 1.5412e+00	 3.5440e-02	 3.2315e+02	 1.1752e+04
 7.4818e+05	 1.1673e+04	 1.5344e+00	 3.2438e-02	 3.2315e+02	 1.1754e+04
 9.0000e+05	 1.1673e+04	 1.5316e+00	 3.1459e-02	 3.2314e+02	 1.1757e+04
 1.0000e+02	 1.1754e+04	 1.8453e+00	 4.0805e-02	 3.2315e+02	 1.1766e+04
 1.5000e+02	 1.1754e+04	 1.8383e+00	 4.2003e-02	 3.2315e+02	 1.1769e+04
 2.2500e+02	 1.1754e+04	 1.8268e+00	 4.4368e-02	 3.2315e+02	 1.1774e+04
 3.3750e+02	 1.1754e+04	 1.8157e+00	 4.7373e-02	 3.2315e+02	 1.1776e+04
 5.0625e+02	 1.1754e+04	 1.8035e+00	 5.0829e-02	 3.2315e+02	 1.1779e+04
 7.5938e+02	 1.1754e+04	 1.7900e+00	 5.4231e-02	 3.2315e+02	 1.1781e+04
 1.1391e+03	 1.1754e+04	 1.7751e+00	 5.7030e-02	 3.2315e+02	 1.1784e+04
 1.7086e+03	 1.1754e+04	 1.7595e+00	 5.9061e-02	 3.2315e+02	 1.1787e+04
 2.5629e+03	 1.1754e+04	 1.7434e+00	 5.9957e-02	 3.2315e+02	 1.1792e+04
 3.8443e+03	 1.1754e+04	 1.7277e+00	 6.0104e-02	 3.2315e+02	 1.1794e+04
 5.7665e+03	 1.1754e+04	 1.7128e+00	 6.0143e-02	 3.2315e+02	 1.1797e+04
 8.6498e+03	 1.1754e+04	 1.6987e+00	 6.0965e-02	 3.2314e+02	 1.1799e+04
 1.2975e+04	 1.1754e+04	 1.6839e+00	 6.3257e-02	 3.2315e+02	 1.1804e+04
 1.9462e+04	 1.1754e+04	 1.6682e+00	 6.7189e-02	 3.2315e+02	 1.1807e+04
 2.9193e+04	 1.1754e+04	 1.6491e+00	 7.1547e-02	 3.2315e+02	 1.1812e+04
 4.3789e+04	 1.1754e+04	 1.6270e+00	 7.4170e-02	 3.2315e+02	 1.1814e+04
 6.5684e+04	 1.1754e+04	 1.6036e+00	 7.2523e-02	 3.2315e+02	 1.1817e+04
 9.8526e+04	 1.1754e+04	 1.5817e+00	 6.6083e-02	 3.2315e+02	 1.1822e+04
 1.4779e+05	 1.1754e+04	 1.5644e+00	 5.7388e-02	 3.2315e+02	 1.1824e+04
 2.2168e+05	 1.1754e+04	 1.5513e+00	 4.8483e-02	 3.2315e+02	 1.1827e+04
 3.3253e+05	 1.1754e+04	 1.5495e+00	 3.9948e-02	 3.2315e+02	 1.1829e+04
 4.9879e+05	 1.1754e+04	 1.5412e+00	 3.5451e-02	 3.2315e+02	 1.1832e+04
 7.4818e+05	 1.1754e+04	 1.5345e+00	 3.2475e-02	 3.2315e+02	 1.1834e+04
 9.0000e+05	 1.1754e+04	 1.5317e+00	 3.1451e-02	 3.2315e+02	 1.1837e+04
 1.0000e+02	 1.1834e+04	 1.8457e+00	 4.0207e-02	 3.2315e+02	 1.1846e+04
 1.5000e+02	 1.1834e+04	 1.8380e+00	 4.1253e-02	 3.2315e+02	 1.1849e+04
 2.2500e+02	 1.1834e+04	 1.8269e+00	 4.4285e-02	 3.2315e+02	 1.1854e+04
 3.3750e+02	 1.1834e+04	 1.8159e+00	 4.7368e-02	 3.2314e+02	 1.1857e+04
 5.0625e+02	 1.1834e+04	 1.8037e+00	 5.0867e-02	 3.2315e+02	 1.1859e+04
 7.5938e+02	 1.1834e+04	 1.7901e+00	 5.4236e-02	 3.2315e+02	 1.1862e+04
 1.1391e+03	 1.1834e+04	 1.7751e+00	 5.7068e-02	 3.2315e+02	 1.1864e+04
 1.7086e+03	 1.1834e+04	 1.7596e+00	 5.9050e-02	 3.2315e+02	 1.1867e+04
 2.5629e+03	 1.1834e+04	 1.7434e+00	 5.9910e-02	 3.2315e+02	 1.1872e+04
 3.8443e+03	 1.1834e+04	 1.7277e+00	 6.0093e-02	 3.2315e+02	 1.1875e+04
 5.7665e+03	 1.1834e+04	 1.7129e+00	 6.0171e-02	 3.2315e+02	 1.1877e+04
 8.6498e+03	 1.1834e+04	 1.6988e+00	 6.0945e-02	 3.2315e+02	 1.1880e+04
 1.2975e+04	 1.1834e+04	 1.6840e+00	 6.3283e-02	 3.2315e+02	 1.1885e+04
 1.9462e+04	 1.1834e+04	 1.6683e+00	 6.7174e-02	 3.2315e+02	 1.1887e+04
 2.9193e+04	 1.1834e+04	 1.6491e+00	 7.1559e-02	 3.2315e+02	 1.1892e+04
 4.3789e+04	 1.1834e+04	 1.6270e+00	 7.4135e-02	 3.2315e+02	 1.1895e+04
 6.5684e+04	 1.1834e+04	 1.6036e+00	 7.2558e-02	 3.2315e+02	 1.1897e+04
 9.8526e+04	 1.1834e+04	 1.5818e+00	 6.6284e-02	 3.2315e+02	 1.1903e+04
 1.4779e+05	 1.1834e+04	 1.5642e+00	 5.7338e-02	 3.2316e+02	 1.1905e+04
 2.2168e+05	 1.1834e+04	 1.5513e+00	 4.8498e-02	 3.2315e+02	 1.1908e+04
 3.3253e+05	 1.1834e+04	 1.5496e+00	 3.9880e-02	 3.2315e+02	 1.1910e+04
 4.9879e+05	 1.1834e+04	 1.5412e+00	 3.5502e-02	 3.2315e+02	 1.1913e+04
 7.4818e+05	 1.1834e+04	 1.5345e+00	 3.2415e-02	 3.2315e+02	 1.1915e+04
 9.0000e+05	 1.1834e+04	 1.5317e+00	 3.1516e-02	 3.2315e+02	 1.1918e+04
 1.0000e+02	 1.1915e+04	 1.8463e+00	 4.0692e-02	 3.2315e+02	 1.1927e+04
 1.5000e+02	 1.1915e+04	 1.8366e+00	 4.1540e-02	 3.2315e+02	 1.1930e+04
 2.2500e+02	 1.1915e+04	 1.8269e+00	 4.4403e-02	 3.2315e+02	 1.1935e+04
 3.3750e+02	 1.1915e+04	 1.8159e+00	 4.7395e-02	 3.2315e+02	 1.1938e+04
 5.0625e+02	 1.1915e+04	 1.8036e+00	 5.0820e-02	 3.2315e+02	 1.1940e+04
 7.5938e+02	 1.1915e+04	 1.7901e+00	 5.4279e-02	 3.2315e+02	 1.1943e+04
 1.1391e+03	 1.1915e+04	 1.7751e+00	 5.7101e-02	 3.2315e+02	 1.1945e+04
 1.7086e+03	 1.1915e+04	 1.7597e+00	 5.9050e-02	 3.2315e+02	 1.1948e+04
 2.5629e+03	 1.1915e+04	 1.7435e+00	 5.9882e-02	 3.2315e+02	 1.1953e+04
 3.8443e+03	 1.1915e+04	 1.7278e+00	 6.0096e-02	 3.2315e+02	 1.1955e+04
 5.7665e+03	 1.1915e+04	 1.7129e+00	 6.0151e-02	 3.2315e+02	 1.1958e+04
 8.6498e+03	 1.1915e+04	 1.6989e+00	 6.0935e-02	 3.2315e+02	 1.1960e+04
 1.2975e+04	 1.1915e+04	 1.6841e+00	 6.3247e-02	 3.2315e+02	 1.1966e+04
 1.9462e+04	 1.1915e+04	 1.6683e+00	 6.7136e-02	 3.2316e+02	 1.1968e+04
 2.9193e+04	 1.1915e+04	 1.6492e+00	 7.1593e-02	 3.2316e+02	 1.1973e+04
 4.3789e+04	 1.1915e+04	 1.6271e+00	 7.4133e-02	 3.2316e+02	 1.1976e+04
 6.5684e+04	 1.1915e+04	 1.6036e+00	 7.2561e-02	 3.2316e+02	 1.1978e+04
 9.8526e+04	 1.1915e+04	 1.5818e+00	 6.6074e-02	 3.2315e+02	 1.1983e+04
 1.4779e+05	 1.1915e+04	 1.5645e+00	 5.7418e-02	 3.2315e+02	 1.1986e+04
 2.2168e+05	 1.1915e+04	 1.5514e+00	 4.8471e-02	 3.2315e+02	 1.1988e+04
 3.3253e+05	 1.1915e+04	 1.5496e+00	 3.9866e-02	 3.2315e+02	 1.1991e+04
 4.9879e+05	 1.1915e+04	 1.5413e+00	 3.5530e-02	 3.2315e+02	 1.1993e+04
 7.4818e+05	 1.1915e+04	 1.5345e+00	 3.2407e-02	 3.2315e+02	 1.1996e+04
 9.0000e+05	 1.1915e+04	 1.5318e+00	 3.1540e-02	 3.2315e+02	 1.1999e+04
 1.0000e+02	 1.1996e+04	 1.8457e+00	 4.0300e-02	 3.2315e+02	 1.2008e+04
 1.5000e+02	 1.1996e+04	 1.8370e+00	 4.1913e-02	 3.2315e+02	 1.2010e+04
 2.2500e+02	 1.1996e+04	 1.8269e+00	 4.4315e-02	 3.2315e+02	 1.2015e+04
 3.3750e+02	 1.1996e+04	 1.8159e+00	 4.7397e-02	 3.2315e+02	 1.2018e+04
 5.0625e+02	 1.1996e+04	 1.8037e+00	 5.0881e-02	 3.2315e+02	 1.2020e+04
 7.5938e+02	 1.1996e+04	 1.7901e+00	 5.4263e-02	 3.2314e+02	 1.2023e+04
 1.1391e+03	 1.1996e+04	 1.7751e+00	 5.7095e-02	 3.2315e+02	 1.2026e+04
 1.7086e+03	 1.1996e+04	 1.7595e+00	 5.8995e-02	 3.2315e+02	 1.2028e+04
 2.5629e+03	 1.1996e+04	 1.7434e+00	 5.9907e-02	 3.2315e+02	 1.2034e+04
 3.8443e+03	 1.1996e+04	 1.7278e+00	 6.0057e-02	 3.2315e+02	 1.2036e+04
 5.7665e+03	 1.1996e+04	 1.7129e+00	 6.0155e-02	 3.2315e+02	 1.2039e+04
 8.6498e+03	 1.1996e+04	 1.6989e+00	 6.0920e-02	 3.2315e+02	 1.2042e+04
 1.2975e+04	 1.1996e+04	 1.6841e+00	 6.3184e-02	 3.2315e+02	 1.2047e+04
 1.9462e+04	 1.1996e+04	 1.6683e+00	 6.7160e-02	 3.2315e+02	 1.2049e+04
 2.9193e+04	 1.1996e+04	 1.6492e+00	 7.1610e-02	 3.2315e+02	 1.2054e+04
 4.3789e+04	 1.1996e+04	 1.6271e+00	 7.4192e-02	 3.2315e+02	 1.2057e+04
 6.5684e+04	 1.1996e+04	 1.6037e+00	 7.2562e-02	 3.2315e+02	 1.2059e+04
 9.8526e+04	 1.1996e+04	 1.5818e+00	 6.6223e-02	 3.2315e+02	 1.2065e+04
 1.4779e+05	 1.1996e+04	 1.5645e+00	 5.7399e-02	 3.2315e+02	 1.2067e+04
 2.2168e+05	 1.1996e+04	 1.5514e+00	 4.8494e-02	 3.2315e+02	 1.2070e+04
 3.3253e+05	 1.1996e+04	 1.5496e+00	 3.9927e-02	 3.2315e+02	 1.2072e+04
 4.9879e+05	 1.1996e+04	 1.5413e+00	 3.5457e-02	 3.2315e+02	 1.2075e+04
 7.4818e+05	 1.1996e+04	 1.5346e+00	 3.2447e-02	 3.2314e+02	 1.2077e+04
 9.0000e+05	 1.1996e+04	 1.5318e+00	 3.1453e-02	 3.2315e+02	 1.2080e+04
 1.0000e+02	 1.2077e+04	 1.8459e+00	 4.0921e-02	 3.2315e+02	 1.2089e+04
 1.5000e+02	 1.2077e+04	 1.8374e+00	 4.2283e-02	 3.2315e+02	 1.2092e+04
 2.2500e+02	 1.2077e+04	 1.8270e+00	 4.4354e-02	 3.2315e+02	 1.2097e+04
 3.3750e+02	 1.2077e+04	 1.8161e+00	 4.7443e-02	 3.2315e+02	 1.2100e+04
 5.0625e+02	 1.2077e+04	 1.8037e+00	 5.0831e-02	 3.2315e+02	 1.2102e+04
 7.5938e+02	 1.2077e+04	 1.7901e+00	 5.4308e-02	 3.2315e+02	 1.2105e+04
 1.1391e+03	 1.2077e+04	 1.7752e+00	 5.7117e-02	 3.2315e+02	 1.2107e+04
 1.7086e+03	 1.2077e+04	 1.7597e+00	 5.8991e-02	 3.2315e+02	 1.2110e+04
 2.5629e+03	 1.2077e+04	 1.7436e+00	 5.9969e-02	 3.2315e+02	 1.2115e+04
 3.8443e+03	 1.2077e+04	 1.7279e+00	 6.0072e-02	 3.2315e+02	 1.2117e+04
 5.7665e+03	 1.2077e+04	 1.7130e+00	 6.0091e-02	 3.2315e+02	 1.2120e+04
 8.6498e+03	 1.2077e+04	 1.6989e+00	 6.0927e-02	 3.2315e+02	 1.2122e+04
 1.2975e+04	 1.2077e+04	 1.6842e+00	 6.3196e-02	 3.2315e+02	 1.2128e+04
 1.9462e+04	 1.2077e+04	 1.6684e+00	 6.7110e-02	 3.2315e+02	 1.2130e+04
 2.9193e+04	 1.2077e+04	 1.6493e+00	 7.1622e-02	 3.2314e+02	 1.2135e+04
 4.3789e+04	 1.2077e+04	 1.6273e+00	 7.4136e-02	 3.2315e+02	 1.2138e+04
 6.5684e+04	 1.2077e+04	 1.6037e+00	 7.2560e-02	 3.2315e+02	 1.2140e+04
 9.8526e+04	 1.2077e+04	 1.5820e+00	 6.6328e-02	 3.2316e+02	 1.2145e+04
 1.4779e+05	 1.2077e+04	 1.5644e+00	 5.7371e-02	 3.2315e+02	 1.2148e+04
 2.2168e+05	 1.2077e+04	 1.5516e+00	 4.8434e-02	 3.2315e+02	 1.2150e+04
 3.3253e+05	 1.2077e+04	 1.5497e+00	 3.9876e-02	 3.2315e+02	 1.2153e+04
 4.9879e+05	 1.2077e+04	 1.5414e+00	 3.5494e-02	 3.2315e+02	 1.2155e+04
 7.4818e+05	 1.2077e+04	 1.5347e+00	 3.2402e-02	 3.2315e+02	 1.2158e+04
 9.0000e+05	 1.2077e+04	 1.5319e+00	 3.1467e-02	 3.2315e+02	 1.2160e+04
 1.0000e+02	 1.2158e+04	 1.8459e+00	 4.1007e-02	 3.2315e+02	 1.2169e+04
 1.5000e+02	 1.2158e+04	 1.8362e+00	 4.2462e-02	 3.2315e+02	 1.2172e+04
 2.2500e+02	 1.2158e+04	 1.8270e+00	 4.4491e-02	 3.2315e+02	 1.2177e+04
 3.3750e+02	 1.2158e+04	 1.8160e+00	 4.7476e-02	 3.2315e+02	 1.2180e+04
 5.0625e+02	 1.2158e+04	 1.8038e+00	 5.0891e-02	 3.2314e+02	 1.2182e+04
 7.5938e+02	 1.2158e+04	 1.7902e+00	 5.4243e-02	 3.2315e+02	 1.2185e+04
 1.1391e+03	 1.2158e+04	 1.7753e+00	 5.7091e-02	 3.2315e+02	 1.2188e+04
 1.7086e+03	 1.2158e+04	 1.7597e+00	 5.9010e-02	 3.2315e+02	 1.2190e+04
 2.5629e+03	 1.2158e+04	 1.7435e+00	 5.9904e-02	 3.2315e+02	 1.2195e+04
 3.8443e+03	 1.2158e+04	 1.7279e+00	 6.0038e-02	 3.2315e+02	 1.2198e+04
 5.7665e+03	 1.2158e+04	 1.7129e+00	 6.0090e-02	 3.2315e+02	 1.2200e+04
 8.6498e+03	 1.2158e+04	 1.6990e+00	 6.0888e-02	 3.2315e+02	 1.2203e+04
 1.2975e+04	 1.2158e+04	 1.6842e+00	 6.3248e-02	 3.2314e+02	 1.2208e+04
 1.9462e+04	 1.2158e+04	 1.6685e+00	 6.7093e-02	 3.2315e+02	 1.2211e+04
 2.9193e+04	 1.2158e+04	 1.6494e+00	 7.1574e-02	 3.2316e+02	 1.2216e+04
 4.3789e+04	 1.2158e+04	 1.6273e+00	 7.4141e-02	 3.2314e+02	 1.2218e+04
 6.5684e+04	 1.2158e+04	 1.6038e+00	 7.2587e-02	 3.2315e+02	 1.2221e+04
 9.8526e+04	 1.2158e+04	 1.5820e+00	 6.6281e-02	 3.2315e+02	 1.2226e+04
 1.4779e+05	 1.2158e+04	 1.5646e+00	 5.7373e-02	 3.2315e+02	 1.2229e+04
 2.2168e+05	 1.2158e+04	 1.5516e+00	 4.8447e-02	 3.2315e+02	 1.2231e+04
 3.3253e+05	 1.2158e+04	 1.5498e+00	 3.9936e-02	 3.2315e+02	 1.2234e+04
 4.9879e+05	 1.2158e+04	 1.5415e+00	 3.5572e-02	 3.2315e+02	 1.2236e+04
 7.4818e+05	 1.2158e+04	 1.5348e+00	 3.2404e-02	 3.2315e+02	 1.2239e+04
 9.0000e+05	 1.2158e+04	 1.5320e+00	 3.1513e-02	 3.2315e+02	 1.2241e+04
 1.0000e+02	 1.2238e+04	 1.8460e+00	 4.0362e-02	 3.2315e+02	 1.2251e+04
 1.5000e+02	 1.2238e+04	 1.8373e+00	 4.1048e-02	 3.2315e+02	 1.2253e+04
 2.2500e+02	 1.2238e+04	 1.8273e+00	 4.4446e-02	 3.2315e+02	 1.2258e+04
 3.3750e+02	 1.2238e+04	 1.8162e+00	 4.7515e-02	 3.2315e+02	 1.2261e+04
 5.0625e+02	 1.2238e+04	 1.8039e+00	 5.0924e-02	 3.2315e+02	 1.2263e+04
 7.5938e+02	 1.2238e+04	 1.7903e+00	 5.4342e-02	 3.2315e+02	 1.2266e+04
 1.1391e+03	 1.2238e+04	 1.7754e+00	 5.7174e-02	 3.2315e+02	 1.2269e+04
 1.7086e+03	 1.2238e+04	 1.7597e+00	 5.9077e-02	 3.2315e+02	 1.2271e+04
 2.5629e+03	 1.2238e+04	 1.7435e+00	 5.9940e-02	 3.2315e+02	 1.2276e+04
 3.8443e+03	 1.2238e+04	 1.7279e+00	 6.0031e-02	 3.2315e+02	 1.2279e+04
 5.7665e+03	 1.2238e+04	 1.7130e+00	 6.0061e-02	 3.2315e+02	 1.2281e+04
 8.6498e+03	 1.2238e+04	 1.6990e+00	 6.0907e-02	 3.2315e+02	 1.2284e+04
 1.2975e+04	 1.2238e+04	 1.6842e+00	 6.3146e-02	 3.2315e+02	 1.2289e+04
 1.9462e+04	 1.2238e+04	 1.6684e+00	 6.7085e-02	 3.2315e+02	 1.2292e+04
 2.9193e+04	 1.2238e+04	 1.6493e+00	 7.1537e-02	 3.2315e+02	 1.2297e+04
 4.3789e+04	 1.2238e+04	 1.6273e+00	 7.4141e-02	 3.2315e+02	 1.2299e+04
 6.5684e+04	 1.2238e+04	 1.6037e+00	 7.2547e-02	 3.2315e+02	 1.2302e+04
 9.8526e+04	 1.2238e+04	 1.5820e+00	 6.6181e-02	 3.2315e+02	 1.2307e+04
 1.4779e+05	 1.2238e+04	 1.5644e+00	 5.7328e-02	 3.2315e+02	 1.2310e+04
 2.2168e+05	 1.2238e+04	 1.5515e+00	 4.8465e-02	 3.2315e+02	 1.2312e+04
 3.3253e+05	 1.2238e+04	 1.5498e+00	 3.9836e-02	 3.2315e+02	 1.2315e+04
 4.9879e+05	 1.2238e+04	 1.5415e+00	 3.5542e-02	 3.2315e+02	 1.2317e+04
 7.4818e+05	 1.2238e+04	 1.5348e+00	 3.2450e-02	 3.2315e+02	 1.2320e+04
 9.0000e+05	 1.2238e+04	 1.5320e+00	 3.1429e-02	 3.2315e+02	 1.2322e+04
 1.0000e+02	 1.2319e+04	 1.8463e+00	 4.0242e-02	 3.2315e+02	 1.2331e+04
 1.5000e+02	 1.2319e+04	 1.8373e+00	 4.2629e-02	 3.2314e+02	 1.2334e+04
 2.2500e+02	 1.2319e+04	 1.8272e+00	 4.4467e-02	 3.2315e+02	 1.2339e+04
 3.3750e+02	 1.2319e+04	 1.8162e+00	 4.7532e-02	 3.2315e+02	 1.2341e+04
 5.0625e+02	 1.2319e+04	 1.8039e+00	 5.1075e-02	 3.2315e+02	 1.2344e+04
 7.5938e+02	 1.2319e+04	 1.7902e+00	 5.4316e-02	 3.2315e+02	 1.2346e+04
 1.1391e+03	 1.2319e+04	 1.7754e+00	 5.7129e-02	 3.2314e+02	 1.2349e+04
 1.7086e+03	 1.2319e+04	 1.7597e+00	 5.9037e-02	 3.2315e+02	 1.2352e+04
 2.5629e+03	 1.2319e+04	 1.7436e+00	 5.9904e-02	 3.2315e+02	 1.2357e+04
 3.8443e+03	 1.2319e+04	 1.7280e+00	 6.0028e-02	 3.2315e+02	 1.2359e+04
 5.7665e+03	 1.2319e+04	 1.7130e+00	 6.0058e-02	 3.2315e+02	 1.2362e+04
 8.6498e+03	 1.2319e+04	 1.6990e+00	 6.0895e-02	 3.2316e+02	 1.2364e+04
 1.2975e+04	 1.2319e+04	 1.6843e+00	 6.3151e-02	 3.2314e+02	 1.2369e+04
 1.9462e+04	 1.2319e+04	 1.6685e+00	 6.7074e-02	 3.2315e+02	 1.2372e+04
 2.9193e+04	 1.2319e+04	 1.6495e+00	 7.1608e-02	 3.2315e+02	 1.2377e+04
 4.3789e+04	 1.2319e+04	 1.6274e+00	 7.4203e-02	 3.2315e+02	 1.2380e+04
 6.5684e+04	 1.2319e+04	 1.6040e+00	 7.2555e-02	 3.2315e+02	 1.2382e+04
 9.8526e+04	 1.2319e+04	 1.5822e+00	 6.6063e-02	 3.2315e+02	 1.2387e+04
 1.4779e+05	 1.2319e+04	 1.5648e+00	 5.7383e-02	 3.2315e+02	 1.2390e+04
 2.2168e+05	 1.2319e+04	 1.5517e+00	 4.8508e-02	 3.2315e+02	 1.2392e+04
 3.3253e+05	 1.2319e+04	 1.5499e+00	 3.9946e-02	 3.2315e+02	 1.2395e+04
 4.9879e+05	 1.2319e+04	 1.5416e+00	 3.5491e-02	 3.2315e+02	 1.2398e+04
 7.4818e+05	 1.2319e+04	 1.5348e+00	 3.2448e-02	 3.2315e+02	 1.2400e+04
 9.0000e+05	 1.2319e+04	 1.5321e+00	 3.1452e-02	 3.2316e+02	 1.2402e+04
 1.0000e+02	 1.2400e+04	 1.8466e+00	 4.0839e-02	 3.2315e+02	 1.2412e+04
 1.5000e+02	 1.2400e+04	 1.8375e+00	 4.2450e-02	 3.2315e+02	 1.2415e+04
 2.2500e+02	 1.2400e+04	 1.8273e+00	 4.4355e-02	 3.2315e+02	 1.2420e+04
 3.3750e+02	 1.2400e+04	 1.8163e+00	 4.7543e-02	 3.2315e+02	 1.2422e+04
 5.0625e+02	 1.2400e+04	 1.8039e+00	 5.0914e-02	 3.2315e+02	 1.2425e+04
 7.5938e+02	 1.2400e+04	 1.7903e+00	 5.4352e-02	 3.2315e+02	 1.2427e+04
 1.1391e+03	 1.2400e+04	 1.7753e+00	 5.7166e-02	 3.2315e+02	 1.2430e+04
 1.7086e+03	 1.2400e+04	 1.7598e+00	 5.9024e-02	 3.2315e+02	 1.2433e+04
 2.5629e+03	 1.2400e+04	 1.7436e+00	 5.9936e-02	 3.2315e+02	 1.2438e+04
 3.8443e+03	 1.2400e+04	 1.7280e+00	 6.0015e-02	 3.2315e+02	 1.2440e+04
 5.7665e+03	 1.2400e+04	 1.7131e+00	 6.0052e-02	 3.2315e+02	 1.2443e+04
 8.6498e+03	 1.2400e+04	 1.6991e+00	 6.0861e-02	 3.2315e+02	 1.2446e+04
 1.2975e+04	 1.2400e+04	 1.6844e+00	 6.3167e-02	 3.2315e+02	 1.2451e+04
 1.9462e+04	 1.2400e+04	 1.6687e+00	 6.7078e-02	 3.2316e+02	 1.2453e+04
 2.9193e+04	 1.2400e+04	 1.6496e+00	 7.1526e-02	 3.2315e+02	 1.2458e+04
 4.3789e+04	 1.2400e+04	 1.6275e+00	 7.4144e-02	 3.2315e+02	 1.2461e+04
 6.5684e+04	 1.2400e+04	 1.6040e+00	 7.2544e-02	 3.2315e+02	 1.2463e+04
 9.8526e+04	 1.2400e+04	 1.5822e+00	 6.6334e-02	 3.2315e+02	 1.2468e+04
 1.4779e+05	 1.2400e+04	 1.5646e+00	 5.7337e-02	 3.2316e+02	 1.2471e+04
 2.2168e+05	 1.2400e+04	 1.5517e+00	 4.8508e-02	 3.2316e+02	 1.2473e+04
 3.3253e+05	 1.2400e+04	 1.5500e+00	 3.9820e-02	 3.2315e+02	 1.2476e+04
 4.9879e+05	 1.2400e+04	 1.5416e+00	 3.5536e-02	 3.2315e+02	 1.2479e+04
 7.4818e+05	 1.2400e+04	 1.5349e+00	 3.2451e-02	 3.2315e+02	 1.2481e+04
 9.0000e+05	 1.2400e+04	 1.5322e+00	 3.1450e-02	 3.2315e+02	 1.2484e+04
 1.0000e+02	 1.2481e+04	 1.8468e+00	 4.0637e-02	 3.2315e+02	 1.2493e+04
 1.5000e+02	 1.2481e+04	 1.8375e+00	 4.2110e-02	 3.2315e+02	 1.2495e+04
 2.2500e+02	 1.2481e+04	 1.8274e+00	 4.4478e-02	 3.2315e+02	 1.2501e+04
 3.3750e+02	 1.2481e+04	 1.8164e+00	 4.7528e-02	 3.2315e+02	 1.2503e+04
 5.0625e+02	 1.2481e+04	 1.8041e+00	 5.0980e-02	 3.2315e+02	 1.2506e+04
 7.5938e+02	 1.2481e+04	 1.7904e+00	 5.4392e-02	 3.2315e+02	 1.2509e+04
 1.1391e+03	 1.2481e+04	 1.7754e+00	 5.7158e-02	 3.2315e+02	 1.2511e+04
 1.7086e+03	 1.2481e+04	 1.7598e+00	 5.9064e-02	 3.2315e+02	 1.2514e+04
 2.5629e+03	 1.2481e+04	 1.7437e+00	 5.9907e-02	 3.2315e+02	 1.2519e+04
 3.8443e+03	 1.2481e+04	 1.7280e+00	 6.0051e-02	 3.2314e+02	 1.2521e+04
 5.7665e+03	 1.2481e+04	 1.7131e+00	 6.0004e-02	 3.2315e+02	 1.2524e+04
 8.6498e+03	 1.2481e+04	 1.6991e+00	 6.0903e-02	 3.2315e+02	 1.2526e+04
 1.2975e+04	 1.2481e+04	 1.6844e+00	 6.3161e-02	 3.2315e+02	 1.2531e+04
 1.9462e+04	 1.2481e+04	 1.6687e+00	 6.7115e-02	 3.2315e+02	 1.2534e+04
 2.9193e+04	 1.2481e+04	 1.6496e+00	 7.1590e-02	 3.2315e+02	 1.2539e+04
 4.3789e+04	 1.2481e+04	 1.6275e+00	 7.4160e-02	 3.2316e+02	 1.2542e+04
 6.5684e+04	 1.2481e+04	 1.6039e+00	 7.2519e-02	 3.2315e+02	 1.2544e+04
 9.8526e+04	 1.2481e+04	 1.5822e+00	 6.6216e-02	 3.2316e+02	 1.2549e+04
 1.4779e+05	 1.2481e+04	 1.5647e+00	 5.7317e-02	 3.2315e+02	 1.2552e+04
 2.2168e+05	 1.2481e+04	 1.5518e+00	 4.8472e-02	 3.2315e+02	 1.2554e+04
 3.3253e+05	 1.2481e+04	 1.5500e+00	 3.9860e-02	 3.2315e+02	 1.2557e+04
 4.9879e+05	 1.2481e+04	 1.5417e+00	 3.5567e-02	 3.2315e+02	 1.2560e+04
 7.4818e+05	 1.2481e+04	 1.5349e+00	 3.2387e-02	 3.2315e+02	 1.2562e+04
 9.0000e+05	 1.2481e+04	 1.5322e+00	 3.1456e-02	 3.2315e+02	 1.2565e+04
 1.0000e+02	 1.2562e+04	 1.8461e+00	 4.0607e-02	 3.2315e+02	 1.2574e+04
 1.5000e+02	 1.2562e+04	 1.8370e+00	 4.1697e-02	 3.2315e+02	 1.2576e+04
 2.2500e+02	 1.2562e+04	 1.8274e+00	 4.4446e-02	 3.2315e+02	 1.2581e+04
 3.3750e+02	 1.2562e+04	 1.8163e+00	 4.7568e-02	 3.2316e+02	 1.2584e+04
 5.0625e+02	 1.2562e+04	 1.8040e+00	 5.1020e-02	 3.2315e+02	 1.2586e+04
 7.5938e+02	 1.2562e+04	 1.7904e+00	 5.4398e-02	 3.2315e+02	 1.2589e+04
 1.1391e+03	 1.2562e+04	 1.7755e+00	 5.7180e-02	 3.2315e+02	 1.2592e+04
 1.7086e+03	 1.2562e+04	 1.7598e+00	 5.9093e-02	 3.2315e+02	 1.2594e+04
 2.5629e+03	 1.2562e+04	 1.7437e+00	 5.9873e-02	 3.2315e+02	 1.2600e+04
 3.8443e+03	 1.2562e+04	 1.7280e+00	 6.0030e-02	 3.2315e+02	 1.2602e+04
 5.7665e+03	 1.2562e+04	 1.7132e+00	 6.0025e-02	 3.2314e+02	 1.2604e+04
 8.6498e+03	 1.2562e+04	 1.6991e+00	 6.0837e-02	 3.2315e+02	 1.2607e+04
 1.2975e+04	 1.2562e+04	 1.6844e+00	 6.3106e-02	 3.2314e+02	 1.2612e+04
 1.9462e+04	 1.2562e+04	 1.6687e+00	 6.7077e-02	 3.2315e+02	 1.2615e+04
 2.9193e+04	 1.2562e+04	 1.6496e+00	 7.1512e-02	 3.2315e+02	 1.2620e+04
 4.3789e+04	 1.2562e+04	 1.6275e+00	 7.4129e-02	 3.2315e+02	 1.2622e+04
 6.5684e+04	 1.2562e+04	 1.6040e+00	 7.2508e-02	 3.2315e+02	 1.2625e+04
 9.8526e+04	 1.2562e+04	 1.5823e+00	 6.6101e-02	 3.2315e+02	 1.2630e+04
 1.4779e+05	 1.2562e+04	 1.5648e+00	 5.7349e-02	 3.2315e+02	 1.2633e+04
 2.2168e+05	 1.2562e+04	 1.5519e+00	 4.8394e-02	 3.2315e+02	 1.2635e+04
 3.3253e+05	 1.2562e+04	 1.5500e+00	 3.9837e-02	 3.2315e+02	 1.2638e+04
 4.9879e+05	 1.2562e+04	 1.5417e+00	 3.5462e-02	 3.2315e+02	 1.2640e+04
 7.4818e+05	 1.2562e+04	 1.5349e+00	 3.2438e-02	 3.2316e+02	 1.2643e+04
 9.0000e+05	 1.2562e+04	 1.5323e+00	 3.1428e-02	 3.2315e+02	 1.2646e+04
 1.0000e+02	 1.2643e+04	 1.8470e+00	 4.0903e-02	 3.2315e+02	 1.2655e+04
 1.5000e+02	 1.2643e+04	 1.8382e+00	 4.1908e-02	 3.2316e+02	 1.2657e+04
 2.2500e+02	 1.2643e+04	 1.8276e+00	 4.4458e-02	 3.2315e+02	 1.2663e+04
 3.3750e+02	 1.2643e+04	 1.8165e+00	 4.7561e-02	 3.2315e+02	 1.2665e+04
 5.0625e+02	 1.2643e+04	 1.8041e+00	 5.0996e-02	 3.2315e+02	 1.2668e+04
 7.5938e+02	 1.2643e+04	 1.7904e+00	 5.4411e-02	 3.2314e+02	 1.2670e+04
 1.1391e+03	 1.2643e+04	 1.7755e+00	 5.7212e-02	 3.2315e+02	 1.2673e+04
 1.7086e+03	 1.2643e+04	 1.7600e+00	 5.9085e-02	 3.2315e+02	 1.2675e+04
 2.5629e+03	 1.2643e+04	 1.7437e+00	 5.9911e-02	 3.2315e+02	 1.2681e+04
 3.8443e+03	 1.2643e+04	 1.7280e+00	 6.0030e-02	 3.2315e+02	 1.2683e+04
 5.7665e+03	 1.2643e+04	 1.7132e+00	 6.0014e-02	 3.2315e+02	 1.2686e+04
 8.6498e+03	 1.2643e+04	 1.6992e+00	 6.0844e-02	 3.2315e+02	 1.2688e+04
 1.2975e+04	 1.2643e+04	 1.6845e+00	 6.3122e-02	 3.2315e+02	 1.2693e+04
 1.9462e+04	 1.2643e+04	 1.6688e+00	 6.7136e-02	 3.2315e+02	 1.2696e+04
 2.9193e+04	 1.2643e+04	 1.6497e+00	 7.1522e-02	 3.2315e+02	 1.2701e+04
 4.3789e+04	 1.2643e+04	 1.6276e+00	 7.4143e-02	 3.2315e+02	 1.2703e+04
 6.5684e+04	 1.2643e+04	 1.6040e+00	 7.2547e-02	 3.2315e+02	 1.2706e+04
 9.8526e+04	 1.2643e+04	 1.5823e+00	 6.6307e-02	 3.2315e+02	 1.2711e+04
 1.4779e+05	 1.2643e+04	 1.5650e+00	 5.7324e-02	 3.2315e+02	 1.2713e+04
 2.2168e+05	 1.2643e+04	 1.5519e+00	 4.8504e-02	 3.2315e+02	 1.2716e+04
 3.3253e+05	 1.2643e+04	 1.5501e+00	 3.9851e-02	 3.2315e+02	 1.2718e+04
 4.9879e+05	 1.2643e+04	 1.5418e+00	 3.5550e-02	 3.2315e+02	 1.2721e+04
 7.4818e+05	 1.2643e+04	 1.5350e+00	 3.2461e-02	 3.2315e+02	 1.2723e+04
 9.0000e+05	 1.2643e+04	 1.5323e+00	 3.1419e-02	 3.2315e+02	 1.2726e+04
 1.0000e+02	 1.2723e+04	 1.8470e+00	 4.0264e-02	 3.2315e+02	 1.2735e+04
 1.5000e+02	 1.2723e+04	 1.8366e+00	 4.2196e-02	 3.2314e+02	 1.2737e+04
 2.2500e+02	 1.2723e+04	 1.8276e+00	 4.4525e-02	 3.2315e+02	 1.2742e+04
 3.3750e+02	 1.2723e+04	 1.8166e+00	 4.7598e-02	 3.2315e+02	 1.2745e+04
 5.0625e+02	 1.2723e+04	 1.8042e+00	 5.1101e-02	 3.2315e+02	 1.2748e+04
 7.5938e+02	 1.2723e+04	 1.7906e+00	 5.4398e-02	 3.2315e+02	 1.2750e+04
 1.1391e+03	 1.2723e+04	 1.7756e+00	 5.7227e-02	 3.2315e+02	 1.2753e+04
 1.7086e+03	 1.2723e+04	 1.7600e+00	 5.9083e-02	 3.2315e+02	 1.2755e+04
 2.5629e+03	 1.2723e+04	 1.7438e+00	 5.9957e-02	 3.2315e+02	 1.2760e+04
 3.8443e+03	 1.2723e+04	 1.7282e+00	 5.9980e-02	 3.2315e+02	 1.2763e+04
 5.7665e+03	 1.2723e+04	 1.7133e+00	 6.0024e-02	 3.2315e+02	 1.2765e+04
 8.6498e+03	 1.2723e+04	 1.6993e+00	 6.0840e-02	 3.2315e+02	 1.2768e+04
 1.2975e+04	 1.2723e+04	 1.6846e+00	 6.3135e-02	 3.2315e+02	 1.2773e+04
 1.9462e+04	 1.2723e+04	 1.6688e+00	 6.7034e-02	 3.2315e+02	 1.2775e+04
 2.9193e+04	 1.2723e+04	 1.6498e+00	 7.1488e-02	 3.2316e+02	 1.2780e+04
 4.3789e+04	 1.2723e+04	 1.6277e+00	 7.4123e-02	 3.2315e+02	 1.2783e+04
 6.5684e+04	 1.2723e+04	 1.6042e+00	 7.2533e-02	 3.2315e+02	 1.2786e+04
 9.8526e+04	 1.2723e+04	 1.5824e+00	 6.6087e-02	 3.2315e+02	 1.2791e+04
 1.4779e+05	 1.2723e+04	 1.5650e+00	 5.7393e-02	 3.2315e+02	 1.2793e+04
 2.2168e+05	 1.2723e+04	 1.5519e+00	 4.8422e-02	 3.2315e+02	 1.2796e+04
 3.3253e+05	 1.2723e+04	 1.5502e+00	 3.9827e-02	 3.2315e+02	 1.2798e+04
 4.9879e+05	 1.2723e+04	 1.5419e+00	 3.5441e-02	 3.2315e+02	 1.2801e+04
 7.4818e+05	 1.2723e+04	 1.5351e+00	 3.2478e-02	 3.2315e+02	 1.2803e+04
 9.0000e+05	 1.2723e+04	 1.5323e+00	 3.1423e-02	 3.2315e+02	 1.2806e+04
 1.0000e+02	 1.2803e+04	 1.8465e+00	 4.0411e-02	 3.2315e+02	 1.2815e+04
 1.5000e+02	 1.2803e+04	 1.8374e+00	 4.1550e-02	 3.2315e+02	 1.2818e+04
 2.2500e+02	 1.2803e+04	 1.8275e+00	 4.4512e-02	 3.2315e+02	 1.2823e+04
 3.3750e+02	 1.2803e+04	 1.8165e+00	 4.7637e-02	 3.2315e+02	 1.2825e+04
 5.0625e+02	 1.2803e+04	 1.8042e+00	 5.1093e-02	 3.2315e+02	 1.2828e+04
 7.5938e+02	 1.2803e+04	 1.7905e+00	 5.4452e-02	 3.2315e+02	 1.2830e+04
 1.1391e+03	 1.2803e+04	 1.7755e+00	 5.7219e-02	 3.2315e+02	 1.2833e+04
 1.7086e+03	 1.2803e+04	 1.7599e+00	 5.9112e-02	 3.2315e+02	 1.2836e+04
 2.5629e+03	 1.2803e+04	 1.7438e+00	 5.9868e-02	 3.2315e+02	 1.2841e+04
 3.8443e+03	 1.2803e+04	 1.7281e+00	 6.0010e-02	 3.2314e+02	 1.2843e+04
 5.7665e+03	 1.2803e+04	 1.7132e+00	 5.9997e-02	 3.2315e+02	 1.2846e+04
 8.6498e+03	 1.2803e+04	 1.6993e+00	 6.0805e-02	 3.2315e+02	 1.2848e+04
 1.2975e+04	 1.2803e+04	 1.6846e+00	 6.3097e-02	 3.2315e+02	 1.2853e+04
 1.9462e+04	 1.2803e+04	 1.6688e+00	 6.7071e-02	 3.2315e+02	 1.2856e+04
 2.9193e+04	 1.2803e+04	 1.6498e+00	 7.1573e-02	 3.2315e+02	 1.2861e+04
 4.3789e+04	 1.2803e+04	 1.6277e+00	 7.4143e-02	 3.2315e+02	 1.2864e+04
 6.5684e+04	 1.2803e+04	 1.6042e+00	 7.2535e-02	 3.2314e+02	 1.2866e+04
 9.8526e+04	 1.2803e+04	 1.5824e+00	 6.6303e-02	 3.2314e+02	 1.2871e+04
 1.4779e+05	 1.2803e+04	 1.5648e+00	 5.7320e-02	 3.2315e+02	 1.2874e+04
 2.2168e+05	 1.2803e+04	 1.5519e+00	 4.8476e-02	 3.2314e+02	 1.2876e+04
 3.3253e+05	 1.2803e+04	 1.5501e+00	 3.9804e-02	 3.2315e+02	 1.2879e+04
 4.9879e+05	 1.2803e+04	 1.5418e+00	 3.5429e-02	 3.2315e+02	 1.2881e+04
 7.4818e+05	 1.2803e+04	 1.5350e+00	 3.2408e-02	 3.2315e+02	 1.2884e+04
 9.0000e+05	 1.2803e+04	 1.5323e+00	 3.1441e-02	 3.2315e+02	 1.2887e+04
 1.0000e+02	 1.2884e+04	 1.8464e+00	 4.0660e-02	 3.2315e+02	 1.2896e+04
 1.5000e+02	 1.2884e+04	 1.8378e+00	 4.1486e-02	 3.2315e+02	 1.2898e+04
 2.2500e+02	 1.2884e+04	 1.8276e+00	 4.4670e-02	 3.2314e+02	 1.2904e+04
 3.3750e+02	 1.2884e+04	 1.8166e+00	 4.7655e-02	 3.2315e+02	 1.2906e+04
 5.0625e+02	 1.2884e+04	 1.8042e+00	 5.1106e-02	 3.2315e+02	 1.2909e+04
 7.5938e+02	 1.2884e+04	 1.7905e+00	 5.4544e-02	 3.2315e+02	 1.2911e+04
 1.1391e+03	 1.2884e+04	 1.7756e+00	 5.7236e-02	 3.2314e+02	 1.2914e+04
 1.7086e+03	 1.2884e+04	 1.7599e+00	 5.9117e-02	 3.2315e+02	 1.2916e+04
 2.5629e+03	 1.2884e+04	 1.7438e+00	 5.9963e-02	 3.2315e+02	 1.2922e+04
 3.8443e+03	 1.2884e+04	 1.7281e+00	 5.9995e-02	 3.2315e+02	 1.2924e+04
 5.7665e+03	 1.2884e+04	 1.7133e+00	 6.0015e-02	 3.2315e+02	 1.2927e+04
 8.6498e+03	 1.2884e+04	 1.6993e+00	 6.0805e-02	 3.2314e+02	 1.2929e+04
 1.2975e+04	 1.2884e+04	 1.6846e+00	 6.3096e-02	 3.2315e+02	 1.2934e+04
 1.9462e+04	 1.2884e+04	 1.6690e+00	 6.7022e-02	 3.2315e+02	 1.2937e+04
 2.9193e+04	 1.2884e+04	 1.6498e+00	 7.1496e-02	 3.2315e+02	 1.2942e+04
 4.3789e+04	 1.2884e+04	 1.6277e+00	 7.4087e-02	 3.2315e+02	 1.2944e+04
 6.5684e+04	 1.2884e+04	 1.6043e+00	 7.2526e-02	 3.2315e+02	 1.2947e+04
 9.8526e+04	 1.2884e+04	 1.5824e+00	 6.6196e-02	 3.2315e+02	 1.2952e+04
 1.4779e+05	 1.2884e+04	 1.5651e+00	 5.7387e-02	 3.2315e+02	 1.2954e+04
 2.2168e+05	 1.2884e+04	 1.5520e+00	 4.8405e-02	 3.2315e+02	 1.2957e+04
 3.3253e+05	 1.2884e+04	 1.5502e+00	 3.9909e-02	 3.2315e+02	 1.2959e+04
 4.9879e+05	 1.2884e+04	 1.5419e+00	 3.5396e-02	 3.2315e+02	 1.2962e+04
 7.4818e+05	 1.2884e+04	 1.5351e+00	 3.2452e-02	 3.2315e+02	 1.2964e+04
 9.0000e+05	 1.2884e+04	 1.5323e+00	 3.1427e-02	 3.2315e+02	 1.2967e+04
 1.0000e+02	 1.2964e+04	 1.8464e+00	 4.1036e-02	 3.2314e+02	 1.2976e+04
 1.5000e+02	 1.2964e+04	 1.8380e+00	 4.2134e-02	 3.2315e+02	 1.2979e+04
 2.2500e+02	 1.2964e+04	 1.8275e+00	 4.4548e-02	 3.2315e+02	 1.2984e+04
 3.3750e+02	 1.2964e+04	 1.8166e+00	 4.7657e-02	 3.2315e+02	 1.2987e+04
 5.0625e+02	 1.2964e+04	 1.8043e+00	 5.1170e-02	 3.2314e+02	 1.2989e+04
 7.5938e+02	 1.2964e+04	 1.7906e+00	 5.4462e-02	 3.2314e+02	 1.2992e+04
 1.1391e+03	 1.2964e+04	 1.7756e+00	 5.7222e-02	 3.2315e+02	 1.2994e+04
 1.7086e+03	 1.2964e+04	 1.7600e+00	 5.9151e-02	 3.2314e+02	 1.2997e+04
 2.5629e+03	 1.2964e+04	 1.7439e+00	 5.9912e-02	 3.2314e+02	 1.3002e+04
 3.8443e+03	 1.2964e+04	 1.7282e+00	 6.0001e-02	 3.2315e+02	 1.3005e+04
 5.7665e+03	 1.2964e+04	 1.7134e+00	 6.0008e-02	 3.2315e+02	 1.3007e+04
 8.6498e+03	 1.2964e+04	 1.6995e+00	 6.0769e-02	 3.2315e+02	 1.3010e+04
 1.2975e+04	 1.2964e+04	 1.6848e+00	 6.3076e-02	 3.2315e+02	 1.3015e+04
 1.9462e+04	 1.2964e+04	 1.6691e+00	 6.7032e-02	 3.2315e+02	 1.3017e+04
 2.9193e+04	 1.2964e+04	 1.6500e+00	 7.1517e-02	 3.2315e+02	 1.3023e+04
 4.3789e+04	 1.2964e+04	 1.6279e+00	 7.4109e-02	 3.2315e+02	 1.3025e+04
 6.5684e+04	 1.2964e+04	 1.6045e+00	 7.2516e-02	 3.2315e+02	 1.3028e+04
 9.8526e+04	 1.2964e+04	 1.5826e+00	 6.6203e-02	 3.2316e+02	 1.3033e+04
 1.4779e+05	 1.2964e+04	 1.5653e+00	 5.7285e-02	 3.2315e+02	 1.3035e+04
 2.2168e+05	 1.2964e+04	 1.5522e+00	 4.8518e-02	 3.2315e+02	 1.3038e+04
 3.3253e+05	 1.2964e+04	 1.5504e+00	 3.9806e-02	 3.2315e+02	 1.3040e+04
 4.9879e+05	 1.2964e+04	 1.5421e+00	 3.5474e-02	 3.2315e+02	 1.3043e+04
 7.4818e+05	 1.2964e+04	 1.5353e+00	 3.2398e-02	 3.2315e+02	 1.3045e+04
 9.0000e+05	 1.2964e+04	 1.5326e+00	 3.1501e-02	 3.2316e+02	 1.3048e+04
 1.0000e+02	 1.3045e+04	 1.8474e+00	 4.0560e-02	 3.2315e+02	 1.3057e+04
 1.5000e+02	 1.3045e+04	 1.8377e+00	 4.2422e-02	 3.2315e+02	 1.3060e+04
 2.2500e+02	 1.3045e+04	 1.8279e+00	 4.4612e-02	 3.2316e+02	 1.3065e+04
 3.3750e+02	 1.3045e+04	 1.8168e+00	 4.7741e-02	 3.2315e+02	 1.3067e+04
 5.0625e+02	 1.3045e+04	 1.8044e+00	 5.1154e-02	 3.2315e+02	 1.3070e+04
 7.5938e+02	 1.3045e+04	 1.7907e+00	 5.4525e-02	 3.2315e+02	 1.3072e+04
 1.1391e+03	 1.3045e+04	 1.7757e+00	 5.7312e-02	 3.2316e+02	 1.3075e+04
 1.7086e+03	 1.3045e+04	 1.7601e+00	 5.9092e-02	 3.2316e+02	 1.3077e+04
 2.5629e+03	 1.3045e+04	 1.7439e+00	 5.9906e-02	 3.2316e+02	 1.3083e+04
 3.8443e+03	 1.3045e+04	 1.7282e+00	 6.0006e-02	 3.2316e+02	 1.3085e+04
 5.7665e+03	 1.3045e+04	 1.7134e+00	 5.9952e-02	 3.2316e+02	 1.3088e+04
 8.6498e+03	 1.3045e+04	 1.6995e+00	 6.0759e-02	 3.2315e+02	 1.3090e+04
 1.2975e+04	 1.3045e+04	 1.6848e+00	 6.3084e-02	 3.2315e+02	 1.3095e+04
 1.9462e+04	 1.3045e+04	 1.6690e+00	 6.7015e-02	 3.2315e+02	 1.3098e+04
 2.9193e+04	 1.3045e+04	 1.6499e+00	 7.1468e-02	 3.2314e+02	 1.3103e+04
 4.3789e+04	 1.3045e+04	 1.6279e+00	 7.4201e-02	 3.2315e+02	 1.3105e+04
 6.5684e+04	 1.3045e+04	 1.6044e+00	 7.2557e-02	 3.2315e+02	 1.3108e+04
 9.8526e+04	 1.3045e+04	 1.5826e+00	 6.6087e-02	 3.2315e+02	 1.3113e+04
 1.4779e+05	 1.3045e+04	 1.5651e+00	 5.7355e-02	 3.2315e+02	 1.3115e+04
 2.2168e+05	 1.3045e+04	 1.5521e+00	 4.8475e-02	 3.2315e+02	 1.3118e+04
 3.3253e+05	 1.3045e+04	 1.5504e+00	 3.9884e-02	 3.2315e+02	 1.3121e+04
 4.9879e+05	 1.3045e+04	 1.5420e+00	 3.5479e-02	 3.2315e+02	 1.3123e+04
 7.4818e+05	 1.3045e+04	 1.5352e+00	 3.2467e-02	 3.2315e+02	 1.3126e+04
 9.0000e+05	 1.3045e+04	 1.5325e+00	 3.1443e-02	 3.2315e+02	 1.3128e+04
 1.0000e+02	 1.3126e+04	 1.8473e+00	 4.0859e-02	 3.2314e+02	 1.3138e+04
 1.5000e+02	 1.3126e+04	 1.8379e+00	 4.2303e-02	 3.2315e+02	 1.3140e+04
 2.2500e+02	 1.3126e+04	 1.8277e+00	 4.4610e-02	 3.2314e+02	 1.3145e+04
 3.3750e+02	 1.3126e+04	 1.8167e+00	 4.7682e-02	 3.2315e+02	 1.3148e+04
 5.0625e+02	 1.3126e+04	 1.8044e+00	 5.1147e-02	 3.2315e+02	 1.3150e+04
 7.5938e+02	 1.3126e+04	 1.7906e+00	 5.4556e-02	 3.2315e+02	 1.3153e+04
 1.1391e+03	 1.3126e+04	 1.7756e+00	 5.7252e-02	 3.2314e+02	 1.3155e+04
 1.7086e+03	 1.3126e+04	 1.7600e+00	 5.9127e-02	 3.2315e+02	 1.3158e+04
 2.5629e+03	 1.3126e+04	 1.7439e+00	 5.9928e-02	 3.2315e+02	 1.3163e+04
 3.8443e+03	 1.3126e+04	 1.7283e+00	 5.9971e-02	 3.2315e+02	 1.3166e+04
 5.7665e+03	 1.3126e+04	 1.7134e+00	 5.9964e-02	 3.2315e+02	 1.3168e+04
 8.6498e+03	 1.3126e+04	 1.6995e+00	 6.0789e-02	 3.2315e+02	 1.3171e+04
 1.2975e+04	 1.3126e+04	 1.6849e+00	 6.3038e-02	 3.2315e+02	 1.3176e+04
 1.9462e+04	 1.3126e+04	 1.6691e+00	 6.7005e-02	 3.2315e+02	 1.3178e+04
 2.9193e+04	 1.3126e+04	 1.6501e+00	 7.1469e-02	 3.2315e+02	 1.3183e+04
 4.3789e+04	 1.3126e+04	 1.6280e+00	 7.4104e-02	 3.2315e+02	 1.3186e+04
 6.5684e+04	 1.3126e+04	 1.6046e+00	 7.2547e-02	 3.2316e+02	 1.3189e+04
 9.8526e+04	 1.3126e+04	 1.5826e+00	 6.6229e-02	 3.2315e+02	 1.3194e+04
 1.4779e+05	 1.3126e+04	 1.5653e+00	 5.7309e-02	 3.2315e+02	 1.3196e+04
 2.2168e+05	 1.3126e+04	 1.5523e+00	 4.8486e-02	 3.2316e+02	 1.3199e+04
 3.3253e+05	 1.3126e+04	 1.5504e+00	 3.9911e-02	 3.2315e+02	 1.3201e+04
 4.9879e+05	 1.3126e+04	 1.5421e+00	 3.5479e-02	 3.2315e+02	 1.3204e+04
 7.4818e+05	 1.3126e+04	 1.5354e+00	 3.2392e-02	 3.2315e+02	 1.3206e+04
 9.0000e+05	 1.3126e+04	 1.5326e+00	 3.1487e-02	 3.2316e+02	 1.3209e+04
 1.0000e+02	 1.3206e+04	 1.8474e+00	 4.0445e-02	 3.2315e+02	 1.3218e+04
 1.5000e+02	 1.3206e+04	 1.8380e+00	 4.2386e-02	 3.2315e+02	 1.3220e+04
 2.2500e+02	 1.3206e+04	 1.8279e+00	 4.4672e-02	 3.2315e+02	 1.3225e+04
 3.3750e+02	 1.3206e+04	 1.8168e+00	 4.7687e-02	 3.2314e+02	 1.3228e+04
 5.0625e+02	 1.3206e+04	 1.8045e+00	 5.1218e-02	 3.2315e+02	 1.3230e+04
 7.5938e+02	 1.3206e+04	 1.7907e+00	 5.4500e-02	 3.2315e+02	 1.3233e+04
 1.1391e+03	 1.3206e+04	 1.7758e+00	 5.7351e-02	 3.2315e+02	 1.3236e+04
 1.7086e+03	 1.3206e+04	 1.7602e+00	 5.9094e-02	 3.2315e+02	 1.3238e+04
 2.5629e+03	 1.3206e+04	 1.7440e+00	 5.9953e-02	 3.2315e+02	 1.3244e+04
 3.8443e+03	 1.3206e+04	 1.7283e+00	 5.9964e-02	 3.2315e+02	 1.3246e+04
 5.7665e+03	 1.3206e+04	 1.7134e+00	 5.9946e-02	 3.2315e+02	 1.3248e+04
 8.6498e+03	 1.3206e+04	 1.6995e+00	 6.0719e-02	 3.2315e+02	 1.3251e+04
 1.2975e+04	 1.3206e+04	 1.6848e+00	 6.3064e-02	 3.2314e+02	 1.3257e+04
 1.9462e+04	 1.3206e+04	 1.6691e+00	 6.7032e-02	 3.2314e+02	 1.3259e+04
 2.9193e+04	 1.3206e+04	 1.6500e+00	 7.1466e-02	 3.2315e+02	 1.3264e+04
 4.3789e+04	 1.3206e+04	 1.6279e+00	 7.4076e-02	 3.2315e+02	 1.3267e+04
 6.5684e+04	 1.3206e+04	 1.6045e+00	 7.2494e-02	 3.2314e+02	 1.3269e+04
 9.8526e+04	 1.3206e+04	 1.5827e+00	 6.6224e-02	 3.2314e+02	 1.3274e+04
 1.4779e+05	 1.3206e+04	 1.5652e+00	 5.7301e-02	 3.2314e+02	 1.3277e+04
 2.2168e+05	 1.3206e+04	 1.5522e+00	 4.8450e-02	 3.2315e+02	 1.3279e+04
 3.3253e+05	 1.3206e+04	 1.5505e+00	 3.9888e-02	 3.2315e+02	 1.3282e+04
 4.9879e+05	 1.3206e+04	 1.5421e+00	 3.5488e-02	 3.2315e+02	 1.3284e+04
 7.4818e+05	 1.3206e+04	 1.5354e+00	 3.2380e-02	 3.2315e+02	 1.3287e+04
 9.0000e+05	 1.3206e+04	 1.5327e+00	 3.1482e-02	 3.2315e+02	 1.3290e+04
 1.0000e+02	 1.3287e+04	 1.8469e+00	 4.0681e-02	 3.2315e+02	 1.3299e+04
 1.5000e+02	 1.3287e+04	 1.8380e+00	 4.2141e-02	 3.2315e+02	 1.3301e+04
 2.2500e+02	 1.3287e+04	 1.8280e+00	 4.4678e-02	 3.2316e+02	 1.3306e+04
 3.3750e+02	 1.3287e+04	 1.8169e+00	 4.7780e-02	 3.2315e+02	 1.3309e+04
 5.0625e+02	 1.3287e+04	 1.8046e+00	 5.1221e-02	 3.2315e+02	 1.3311e+04
 7.5938e+02	 1.3287e+04	 1.7908e+00	 5.4591e-02	 3.2315e+02	 1.3314e+04
 1.1391e+03	 1.3287e+04	 1.7759e+00	 5.7361e-02	 3.2315e+02	 1.3317e+04
 1.7086e+03	 1.3287e+04	 1.7602e+00	 5.9179e-02	 3.2316e+02	 1.3319e+04
 2.5629e+03	 1.3287e+04	 1.7440e+00	 5.9894e-02	 3.2315e+02	 1.3324e+04
 3.8443e+03	 1.3287e+04	 1.7284e+00	 5.9968e-02	 3.2316e+02	 1.3327e+04
 5.7665e+03	 1.3287e+04	 1.7135e+00	 5.9949e-02	 3.2315e+02	 1.3329e+04
 8.6498e+03	 1.3287e+04	 1.6996e+00	 6.0723e-02	 3.2316e+02	 1.3332e+04
 1.2975e+04	 1.3287e+04	 1.6848e+00	 6.3037e-02	 3.2315e+02	 1.3337e+04
 1.9462e+04	 1.3287e+04	 1.6691e+00	 6.7009e-02	 3.2315e+02	 1.3339e+04
 2.9193e+04	 1.3287e+04	 1.6501e+00	 7.1507e-02	 3.2315e+02	 1.3345e+04
 4.3789e+04	 1.3287e+04	 1.6279e+00	 7.4153e-02	 3.2314e+02	 1.3347e+04
 6.5684e+04	 1.3287e+04	 1.6045e+00	 7.2523e-02	 3.2315e+02	 1.3350e+04
 9.8526e+04	 1.3287e+04	 1.5826e+00	 6.6075e-02	 3.2315e+02	 1.3355e+04
 1.4779e+05	 1.3287e+04	 1.5653e+00	 5.7306e-02	 3.2315e+02	 1.3357e+04
 2.2168e+05	 1.3287e+04	 1.5522e+00	 4.8482e-02	 3.2315e+02	 1.3360e+04
 3.3253e+05	 1.3287e+04	 1.5504e+00	 3.9875e-02	 3.2315e+02	 1.3362e+04
 4.9879e+05	 1.3287e+04	 1.5421e+00	 3.5461e-02	 3.2315e+02	 1.3365e+04
 7.4818e+05	 1.3287e+04	 1.5353e+00	 3.2449e-02	 3.2315e+02	 1.3367e+04
 9.0000e+05	 1.3287e+04	 1.5326e+00	 3.1432e-02	 3.2315e+02	 1.3370e+04
 1.0000e+02	 1.3367e+04	 1.8469e+00	 4.1079e-02	 3.2315e+02	 1.3379e+04
 1.5000e+02	 1.3367e+04	 1.8377e+00	 4.2576e-02	 3.2315e+02	 1.3381e+04
 2.2500e+02	 1.3367e+04	 1.8281e+00	 4.4870e-02	 3.2315e+02	 1.3386e+04
 3.3750e+02	 1.3367e+04	 1.8171e+00	 4.7827e-02	 3.2315e+02	 1.3389e+04
 5.0625e+02	 1.3367e+04	 1.8047e+00	 5.1254e-02	 3.2315e+02	 1.3392e+04
 7.5938e+02	 1.3367e+04	 1.7909e+00	 5.4606e-02	 3.2315e+02	 1.3394e+04
 1.1391e+03	 1.3367e+04	 1.7759e+00	 5.7351e-02	 3.2315e+02	 1.3397e+04
 1.7086e+03	 1.3367e+04	 1.7602e+00	 5.9178e-02	 3.2315e+02	 1.3399e+04
 2.5629e+03	 1.3367e+04	 1.7441e+00	 5.9875e-02	 3.2315e+02	 1.3404e+04
 3.8443e+03	 1.3367e+04	 1.7285e+00	 5.9978e-02	 3.2316e+02	 1.3407e+04
 5.7665e+03	 1.3367e+04	 1.7136e+00	 5.9939e-02	 3.2315e+02	 1.3409e+04
 8.6498e+03	 1.3367e+04	 1.6997e+00	 6.0739e-02	 3.2316e+02	 1.3412e+04
 1.2975e+04	 1.3367e+04	 1.6850e+00	 6.3062e-02	 3.2316e+02	 1.3417e+04
 1.9462e+04	 1.3367e+04	 1.6693e+00	 6.7036e-02	 3.2315e+02	 1.3420e+04
 2.9193e+04	 1.3367e+04	 1.6502e+00	 7.1494e-02	 3.2315e+02	 1.3425e+04
 4.3789e+04	 1.3367e+04	 1.6281e+00	 7.4104e-02	 3.2316e+02	 1.3427e+04
 6.5684e+04	 1.3367e+04	 1.6045e+00	 7.2488e-02	 3.2315e+02	 1.3430e+04
 9.8526e+04	 1.3367e+04	 1.5828e+00	 6.6268e-02	 3.2315e+02	 1.3435e+04
 1.4779e+05	 1.3367e+04	 1.5653e+00	 5.7322e-02	 3.2315e+02	 1.3437e+04
 2.2168e+05	 1.3367e+04	 1.5523e+00	 4.8491e-02	 3.2315e+02	 1.3440e+04
 3.3253e+05	 1.3367e+04	 1.5505e+00	 3.9802e-02	 3.2315e+02	 1.3443e+04
 4.9879e+05	 1.3367e+04	 1.5421e+00	 3.5523e-02	 3.2315e+02	 1.3445e+04
 7.4818e+05	 1.3367e+04	 1.5354e+00	 3.2399e-02	 3.2315e+02	 1.3448e+04
 9.0000e+05	 1.3367e+04	 1.5327e+00	 3.1507e-02	 3.2315e+02	 1.3450e+04
 1.0000e+02	 1.3448e+04	 1.8474e+00	 4.1552e-02	 3.2315e+02	 1.3460e+04
 1.5000e+02	 1.3448e+04	 1.8380e+00	 4.2680e-02	 3.2315e+02	 1.3462e+04
 2.2500e+02	 1.3448e+04	 1.8280e+00	 4.4958e-02	 3.2315e+02	 1.3467e+04
 3.3750e+02	 1.3448e+04	 1.8169e+00	 4.7851e-02	 3.2316e+02	 1.3470e+04
 5.0625e+02	 1.3448e+04	 1.8045e+00	 5.1284e-02	 3.2314e+02	 1.3472e+04
 7.5938e+02	 1.3448e+04	 1.7907e+00	 5.4575e-02	 3.2315e+02	 1.3475e+04
 1.1391e+03	 1.3448e+04	 1.7757e+00	 5.7314e-02	 3.2315e+02	 1.3477e+04
 1.7086e+03	 1.3448e+04	 1.7602e+00	 5.9161e-02	 3.2315e+02	 1.3480e+04
 2.5629e+03	 1.3448e+04	 1.7441e+00	 5.9947e-02	 3.2315e+02	 1.3485e+04
 3.8443e+03	 1.3448e+04	 1.7284e+00	 5.9911e-02	 3.2315e+02	 1.3488e+04
 5.7665e+03	 1.3448e+04	 1.7136e+00	 5.9881e-02	 3.2315e+02	 1.3490e+04
 8.6498e+03	 1.3448e+04	 1.6996e+00	 6.0710e-02	 3.2315e+02	 1.3493e+04
 1.2975e+04	 1.3448e+04	 1.6850e+00	 6.2990e-02	 3.2315e+02	 1.3498e+04
 1.9462e+04	 1.3448e+04	 1.6692e+00	 6.6962e-02	 3.2315e+02	 1.3500e+04
 2.9193e+04	 1.3448e+04	 1.6502e+00	 7.1435e-02	 3.2315e+02	 1.3505e+04
 4.3789e+04	 1.3448e+04	 1.6281e+00	 7.4121e-02	 3.2315e+02	 1.3508e+04
 6.5684e+04	 1.3448e+04	 1.6047e+00	 7.2506e-02	 3.2315e+02	 1.3510e+04
 9.8526e+04	 1.3448e+04	 1.5827e+00	 6.6068e-02	 3.2315e+02	 1.3515e+04
 1.4779e+05	 1.3448e+04	 1.5653e+00	 5.7309e-02	 3.2315e+02	 1.3518e+04
 2.2168e+05	 1.3448e+04	 1.5523e+00	 4.8359e-02	 3.2314e+02	 1.3521e+04
 3.3253e+05	 1.3448e+04	 1.5505e+00	 3.9905e-02	 3.2315e+02	 1.3523e+04
 4.9879e+05	 1.3448e+04	 1.5421e+00	 3.5519e-02	 3.2316e+02	 1.3526e+04
 7.4818e+05	 1.3448e+04	 1.5353e+00	 3.2445e-02	 3.2315e+02	 1.3528e+04
 9.0000e+05	 1.3448e+04	 1.5327e+00	 3.1401e-02	 3.2314e+02	 1.3531e+04
 1.0000e+02	 1.3528e+04	 1.8475e+00	 4.0398e-02	 3.2315e+02	 1.3540e+04
 1.5000e+02	 1.3528e+04	 1.8365e+00	 4.1337e-02	 3.2314e+02	 1.3543e+04
 2.2500e+02	 1.3528e+04	 1.8280e+00	 4.4725e-02	 3.2315e+02	 1.3548e+04
 3.3750e+02	 1.3528e+04	 1.8170e+00	 4.7769e-02	 3.2315e+02	 1.3550e+04
 5.0625e+02	 1.3528e+04	 1.8046e+00	 5.1305e-02	 3.2314e+02	 1.3553e+04
 7.5938e+02	 1.3528e+04	 1.7908e+00	 5.4568e-02	 3.2315e+02	 1.3555e+04
 1.1391e+03	 1.3528e+04	 1.7759e+00	 5.7296e-02	 3.2315e+02	 1.3558e+04
 1.7086e+03	 1.3528e+04	 1.7601e+00	 5.9214e-02	 3.2315e+02	 1.3561e+04
 2.5629e+03	 1.3528e+04	 1.7440e+00	 5.9914e-02	 3.2315e+02	 1.3566e+04
 3.8443e+03	 1.3528e+04	 1.7284e+00	 5.9887e-02	 3.2315e+02	 1.3568e+04
 5.7665e+03	 1.3528e+04	 1.7136e+00	 5.9872e-02	 3.2315e+02	 1.3571e+04
 8.6498e+03	 1.3528e+04	 1.6997e+00	 6.0695e-02	 3.2315e+02	 1.3573e+04
 1.2975e+04	 1.3528e+04	 1.6851e+00	 6.3007e-02	 3.2314e+02	 1.3578e+04
 1.9462e+04	 1.3528e+04	 1.6694e+00	 6.6985e-02	 3.2315e+02	 1.3581e+04
 2.9193e+04	 1.3528e+04	 1.6503e+00	 7.1512e-02	 3.2315e+02	 1.3586e+04
 4.3789e+04	 1.3528e+04	 1.6283e+00	 7.4114e-02	 3.2315e+02	 1.3589e+04
 6.5684e+04	 1.3528e+04	 1.6047e+00	 7.2521e-02	 3.2315e+02	 1.3591e+04
 9.8526e+04	 1.3528e+04	 1.5830e+00	 6.6282e-02	 3.2315e+02	 1.3596e+04
 1.4779e+05	 1.3528e+04	 1.5656e+00	 5.7288e-02	 3.2315e+02	 1.3599e+04
 2.2168e+05	 1.3528e+04	 1.5525e+00	 4.8459e-02	 3.2315e+02	 1.3601e+04
 3.3253e+05	 1.3528e+04	 1.5507e+00	 3.9827e-02	 3.2314e+02	 1.3604e+04
 4.9879e+05	 1.3528e+04	 1.5424e+00	 3.5506e-02	 3.2316e+02	 1.3606e+04
 7.4818e+05	 1.3528e+04	 1.5356e+00	 3.2383e-02	 3.2315e+02	 1.3609e+04
 9.0000e+05	 1.3528e+04	 1.5328e+00	 3.1461e-02	 3.2315e+02	 1.3611e+04
 1.0000e+02	 1.3608e+04	 1.8479e+00	 4.0708e-02	 3.2315e+02	 1.3620e+04
 1.5000e+02	 1.3608e+04	 1.8396e+00	 4.1647e-02	 3.2315e+02	 1.3623e+04
 2.2500e+02	 1.3608e+04	 1.8282e+00	 4.4737e-02	 3.2315e+02	 1.3628e+04
 3.3750e+02	 1.3608e+04	 1.8171e+00	 4.7794e-02	 3.2315e+02	 1.3631e+04
 5.0625e+02	 1.3608e+04	 1.8047e+00	 5.1219e-02	 3.2315e+02	 1.3633e+04
 7.5938e+02	 1.3608e+04	 1.7909e+00	 5.4676e-02	 3.2315e+02	 1.3636e+04
 1.1391e+03	 1.3608e+04	 1.7759e+00	 5.7411e-02	 3.2315e+02	 1.3638e+04
 1.7086e+03	 1.3608e+04	 1.7603e+00	 5.9156e-02	 3.2315e+02	 1.3641e+04
 2.5629e+03	 1.3608e+04	 1.7441e+00	 5.9957e-02	 3.2315e+02	 1.3646e+04
 3.8443e+03	 1.3608e+04	 1.7284e+00	 5.9924e-02	 3.2315e+02	 1.3649e+04
 5.7665e+03	 1.3608e+04	 1.7137e+00	 5.9868e-02	 3.2315e+02	 1.3651e+04
 8.6498e+03	 1.3608e+04	 1.6998e+00	 6.0694e-02	 3.2315e+02	 1.3654e+04
 1.2975e+04	 1.3608e+04	 1.6851e+00	 6.2977e-02	 3.2315e+02	 1.3659e+04
 1.9462e+04	 1.3608e+04	 1.6694e+00	 6.6967e-02	 3.2315e+02	 1.3662e+04
 2.9193e+04	 1.3608e+04	 1.6503e+00	 7.1446e-02	 3.2314e+02	 1.3667e+04
 4.3789e+04	 1.3608e+04	 1.6282e+00	 7.4097e-02	 3.2314e+02	 1.3669e+04
 6.5684e+04	 1.3608e+04	 1.6046e+00	 7.2525e-02	 3.2315e+02	 1.3672e+04
 9.8526e+04	 1.3608e+04	 1.5829e+00	 6.6245e-02	 3.2315e+02	 1.3677e+04
 1.4779e+05	 1.3608e+04	 1.5654e+00	 5.7349e-02	 3.2315e+02	 1.3679e+04
 2.2168e+05	 1.3608e+04	 1.5525e+00	 4.8456e-02	 3.2314e+02	 1.3682e+04
 3.3253e+05	 1.3608e+04	 1.5506e+00	 3.9890e-02	 3.2315e+02	 1.3684e+04
 4.9879e+05	 1.3608e+04	 1.5423e+00	 3.5419e-02	 3.2315e+02	 1.3687e+04
 7.4818e+05	 1.3608e+04	 1.5356e+00	 3.2367e-02	 3.2315e+02	 1.3689e+04
 9.0000e+05	 1.3608e+04	 1.5328e+00	 3.1463e-02	 3.2315e+02	 1.3692e+04
 1.0000e+02	 1.3689e+04	 1.8479e+00	 4.1107e-02	 3.2315e+02	 1.3701e+04
 1.5000e+02	 1.3689e+04	 1.8388e+00	 4.3131e-02	 3.2315e+02	 1.3704e+04
 2.2500e+02	 1.3689e+04	 1.8282e+00	 4.4905e-02	 3.2315e+02	 1.3709e+04
 3.3750e+02	 1.3689e+04	 1.8171e+00	 4.7976e-02	 3.2315e+02	 1.3711e+04
 5.0625e+02	 1.3689e+04	 1.8048e+00	 5.1294e-02	 3.2316e+02	 1.3714e+04
 7.5938e+02	 1.3689e+04	 1.7909e+00	 5.4673e-02	 3.2315e+02	 1.3716e+04
 1.1391e+03	 1.3689e+04	 1.7759e+00	 5.7402e-02	 3.2315e+02	 1.3719e+04
 1.7086e+03	 1.3689e+04	 1.7603e+00	 5.9259e-02	 3.2315e+02	 1.3721e+04
 2.5629e+03	 1.3689e+04	 1.7441e+00	 5.9919e-02	 3.2315e+02	 1.3726e+04
 3.8443e+03	 1.3689e+04	 1.7284e+00	 5.9897e-02	 3.2315e+02	 1.3729e+04
 5.7665e+03	 1.3689e+04	 1.7136e+00	 5.9863e-02	 3.2315e+02	 1.3731e+04
 8.6498e+03	 1.3689e+04	 1.6998e+00	 6.0670e-02	 3.2315e+02	 1.3734e+04
 1.2975e+04	 1.3689e+04	 1.6851e+00	 6.3005e-02	 3.2315e+02	 1.3739e+04
 1.9462e+04	 1.3689e+04	 1.6694e+00	 6.7009e-02	 3.2315e+02	 1.3741e+04
 2.9193e+04	 1.3689e+04	 1.6504e+00	 7.1420e-02	 3.2315e+02	 1.3747e+04
 4.3789e+04	 1.3689e+04	 1.6284e+00	 7.4060e-02	 3.2315e+02	 1.3749e+04
 6.5684e+04	 1.3689e+04	 1.6048e+00	 7.2525e-02	 3.2314e+02	 1.3752e+04
 9.8526e+04	 1.3689e+04	 1.5831e+00	 6.6077e-02	 3.2315e+02	 1.3757e+04
 1.4779e+05	 1.3689e+04	 1.5656e+00	 5.7335e-02	 3.2315e+02	 1.3759e+04
 2.2168e+05	 1.3689e+04	 1.5525e+00	 4.8388e-02	 3.2315e+02	 1.3762e+04
 3.3253e+05	 1.3689e+04	 1.5507e+00	 3.9797e-02	 3.2315e+02	 1.3764e+04
 4.9879e+05	 1.3689e+04	 1.5423e+00	 3.5454e-02	 3.2315e+02	 1.3767e+04
 7.4818e+05	 1.3689e+04	 1.5356e+00	 3.2373e-02	 3.2315e+02	 1.3769e+04
 9.0000e+05	 1.3689e+04	 1.5329e+00	 3.1508e-02	 3.2315e+02	 1.3772e+04
 1.0000e+02	 1.3769e+04	 1.8472e+00	 4.0567e-02	 3.2316e+02	 1.3781e+04
 1.5000e+02	 1.3769e+04	 1.8382e+00	 4.1507e-02	 3.2315e+02	 1.3784e+04
 2.2500e+02	 1.3769e+04	 1.8282e+00	 4.4755e-02	 3.2315e+02	 1.3789e+04
 3.3750e+02	 1.3769e+04	 1.8171e+00	 4.7905e-02	 3.2315e+02	 1.3791e+04
 5.0625e+02	 1.3769e+04	 1.8048e+00	 5.1218e-02	 3.2315e+02	 1.3794e+04
 7.5938e+02	 1.3769e+04	 1.7909e+00	 5.4675e-02	 3.2315e+02	 1.3796e+04
 1.1391e+03	 1.3769e+04	 1.7759e+00	 5.7371e-02	 3.2315e+02	 1.3799e+04
 1.7086e+03	 1.3769e+04	 1.7602e+00	 5.9219e-02	 3.2316e+02	 1.3802e+04
 2.5629e+03	 1.3769e+04	 1.7441e+00	 5.9959e-02	 3.2315e+02	 1.3807e+04
 3.8443e+03	 1.3769e+04	 1.7285e+00	 5.9927e-02	 3.2316e+02	 1.3809e+04
 5.7665e+03	 1.3769e+04	 1.7137e+00	 5.9839e-02	 3.2316e+02	 1.3812e+04
 8.6498e+03	 1.3769e+04	 1.6998e+00	 6.0645e-02	 3.2315e+02	 1.3814e+04
 1.2975e+04	 1.3769e+04	 1.6852e+00	 6.2977e-02	 3.2315e+02	 1.3820e+04
 1.9462e+04	 1.3769e+04	 1.6695e+00	 6.7008e-02	 3.2315e+02	 1.3822e+04
 2.9193e+04	 1.3769e+04	 1.6505e+00	 7.1467e-02	 3.2315e+02	 1.3827e+04
 4.3789e+04	 1.3769e+04	 1.6283e+00	 7.4169e-02	 3.2315e+02	 1.3830e+04
 6.5684e+04	 1.3769e+04	 1.6049e+00	 7.2517e-02	 3.2315e+02	 1.3832e+04
 9.8526e+04	 1.3769e+04	 1.5830e+00	 6.6049e-02	 3.2315e+02	 1.3837e+04
 1.4779e+05	 1.3769e+04	 1.5655e+00	 5.7365e-02	 3.2314e+02	 1.3840e+04
 2.2168e+05	 1.3769e+04	 1.5526e+00	 4.8474e-02	 3.2315e+02	 1.3842e+04
 3.3253e+05	 1.3769e+04	 1.5506e+00	 3.9826e-02	 3.2315e+02	 1.3845e+04
 4.9879e+05	 1.3769e+04	 1.5424e+00	 3.5527e-02	 3.2315e+02	 1.3848e+04
 7.4818e+05	 1.3769e+04	 1.5356e+00	 3.2376e-02	 3.2315e+02	 1.3850e+04
 9.0000e+05	 1.3769e+04	 1.5329e+00	 3.1513e-02	 3.2315e+02	 1.3853e+04
 1.0000e+02	 1.3850e+04	 1.8478e+00	 4.1231e-02	 3.2315e+02	 1.3862e+04
 1.5000e+02	 1.3850e+04	 1.8387e+00	 4.1410e-02	 3.2315e+02	 1.3864e+04
 2.2500e+02	 1.3850e+04	 1.8283e+00	 4.4717e-02	 3.2316e+02	 1.3869e+04
 3.3750e+02	 1.3850e+04	 1.8173e+00	 4.7831e-02	 3.2315e+02	 1.3872e+04
 5.0625e+02	 1.3850e+04	 1.8048e+00	 5.1280e-02	 3.2315e+02	 1.3874e+04
 7.5938e+02	 1.3850e+04	 1.7909e+00	 5.4712e-02	 3.2314e+02	 1.3877e+04
 1.1391e+03	 1.3850e+04	 1.7759e+00	 5.7387e-02	 3.2314e+02	 1.3880e+04
 1.7086e+03	 1.3850e+04	 1.7603e+00	 5.9229e-02	 3.2315e+02	 1.3882e+04
 2.5629e+03	 1.3850e+04	 1.7442e+00	 5.9943e-02	 3.2315e+02	 1.3887e+04
 3.8443e+03	 1.3850e+04	 1.7286e+00	 5.9909e-02	 3.2315e+02	 1.3890e+04
 5.7665e+03	 1.3850e+04	 1.7138e+00	 5.9874e-02	 3.2315e+02	 1.3892e+04
 8.6498e+03	 1.3850e+04	 1.6999e+00	 6.0624e-02	 3.2315e+02	 1.3895e+04
 1.2975e+04	 1.3850e+04	 1.6852e+00	 6.2931e-02	 3.2315e+02	 1.3900e+04
 1.9462e+04	 1.3850e+04	 1.6696e+00	 6.6984e-02	 3.2315e+02	 1.3902e+04
 2.9193e+04	 1.3850e+04	 1.6506e+00	 7.1457e-02	 3.2315e+02	 1.3907e+04
 4.3789e+04	 1.3850e+04	 1.6285e+00	 7.4107e-02	 3.2315e+02	 1.3910e+04
 6.5684e+04	 1.3850e+04	 1.6049e+00	 7.2450e-02	 3.2315e+02	 1.3912e+04
 9.8526e+04	 1.3850e+04	 1.5832e+00	 6.6209e-02	 3.2315e+02	 1.3918e+04
 1.4779e+05	 1.3850e+04	 1.5656e+00	 5.7339e-02	 3.2315e+02	 1.3920e+04
 2.2168e+05	 1.3850e+04	 1.5527e+00	 4.8478e-02	 3.2315e+02	 1.3923e+04
 3.3253e+05	 1.3850e+04	 1.5508e+00	 3.9808e-02	 3.2316e+02	 1.3925e+04
 4.9879e+05	 1.3850e+04	 1.5426e+00	 3.5477e-02	 3.2315e+02	 1.3928e+04
 7.4818e+05	 1.3850e+04	 1.5357e+00	 3.2423e-02	 3.2315e+02	 1.3931e+04
 9.0000e+05	 1.3850e+04	 1.5331e+00	 3.1429e-02	 3.2315e+02	 1.3933e+04
 1.0000e+02	 1.3930e+04	 1.8480e+00	 4.1066e-02	 3.2315e+02	 1.3942e+04
 1.5000e+02	 1.3930e+04	 1.8381e+00	 4.1783e-02	 3.2315e+02	 1.3945e+04
 2.2500e+02	 1.3930e+04	 1.8285e+00	 4.4757e-02	 3.2315e+02	 1.3950e+04
 3.3750e+02	 1.3930e+04	 1.8174e+00	 4.7824e-02	 3.2315e+02	 1.3953e+04
 5.0625e+02	 1.3930e+04	 1.8050e+00	 5.1365e-02	 3.2315e+02	 1.3956e+04
 7.5938e+02	 1.3930e+04	 1.7911e+00	 5.4695e-02	 3.2315e+02	 1.3958e+04
 1.1391e+03	 1.3930e+04	 1.7761e+00	 5.7430e-02	 3.2315e+02	 1.3961e+04
 1.7086e+03	 1.3930e+04	 1.7604e+00	 5.9181e-02	 3.2315e+02	 1.3964e+04
 2.5629e+03	 1.3930e+04	 1.7442e+00	 5.9882e-02	 3.2315e+02	 1.3969e+04
 3.8443e+03	 1.3930e+04	 1.7286e+00	 5.9909e-02	 3.2316e+02	 1.3971e+04
 5.7665e+03	 1.3930e+04	 1.7139e+00	 5.9841e-02	 3.2315e+02	 1.3974e+04
 8.6498e+03	 1.3930e+04	 1.6999e+00	 6.0638e-02	 3.2315e+02	 1.3976e+04
 1.2975e+04	 1.3930e+04	 1.6853e+00	 6.2974e-02	 3.2315e+02	 1.3981e+04
 1.9462e+04	 1.3930e+04	 1.6696e+00	 6.6939e-02	 3.2315e+02	 1.3984e+04
 2.9193e+04	 1.3930e+04	 1.6505e+00	 7.1440e-02	 3.2315e+02	 1.3989e+04
 4.3789e+04	 1.3930e+04	 1.6284e+00	 7.4155e-02	 3.2315e+02	 1.3991e+04
 6.5684e+04	 1.3930e+04	 1.6050e+00	 7.2520e-02	 3.2315e+02	 1.3994e+04
 9.8526e+04	 1.3930e+04	 1.5831e+00	 6.6102e-02	 3.2316e+02	 1.3999e+04
 1.4779e+05	 1.3930e+04	 1.5657e+00	 5.7343e-02	 3.2315e+02	 1.4002e+04
 2.2168e+05	 1.3930e+04	 1.5527e+00	 4.8420e-02	 3.2315e+02	 1.4004e+04
 3.3253e+05	 1.3930e+04	 1.5508e+00	 3.9869e-02	 3.2315e+02	 1.4007e+04
 4.9879e+05	 1.3930e+04	 1.5424e+00	 3.5414e-02	 3.2315e+02	 1.4009e+04
 7.4818e+05	 1.3930e+04	 1.5357e+00	 3.2428e-02	 3.2316e+02	 1.4012e+04
 9.0000e+05	 1.3930e+04	 1.5330e+00	 3.1402e-02	 3.2315e+02	 1.4015e+04
 1.0000e+02	 1.4012e+04	 1.8476e+00	 4.0551e-02	 3.2315e+02	 1.4024e+04
 1.5000e+02	 1.4012e+04	 1.8386e+00	 4.2125e-02	 3.2315e+02	 1.4026e+04
 2.2500e+02	 1.4012e+04	 1.8285e+00	 4.4903e-02	 3.2315e+02	 1.4032e+04
 3.3750e+02	 1.4012e+04	 1.8174e+00	 4.7913e-02	 3.2315e+02	 1.4034e+04
 5.0625e+02	 1.4012e+04	 1.8050e+00	 5.1400e-02	 3.2316e+02	 1.4037e+04
 7.5938e+02	 1.4012e+04	 1.7911e+00	 5.4698e-02	 3.2315e+02	 1.4039e+04
 1.1391e+03	 1.4012e+04	 1.7761e+00	 5.7438e-02	 3.2315e+02	 1.4042e+04
 1.7086e+03	 1.4012e+04	 1.7604e+00	 5.9237e-02	 3.2315e+02	 1.4044e+04
 2.5629e+03	 1.4012e+04	 1.7442e+00	 5.9944e-02	 3.2315e+02	 1.4049e+04
 3.8443e+03	 1.4012e+04	 1.7286e+00	 5.9851e-02	 3.2315e+02	 1.4052e+04
 5.7665e+03	 1.4012e+04	 1.7139e+00	 5.9817e-02	 3.2316e+02	 1.4054e+04
 8.6498e+03	 1.4012e+04	 1.6999e+00	 6.0627e-02	 3.2315e+02	 1.4057e+04
 1.2975e+04	 1.4012e+04	 1.6853e+00	 6.2939e-02	 3.2315e+02	 1.4062e+04
 1.9462e+04	 1.4012e+04	 1.6696e+00	 6.6964e-02	 3.2315e+02	 1.4065e+04
 2.9193e+04	 1.4012e+04	 1.6506e+00	 7.1498e-02	 3.2315e+02	 1.4070e+04
 4.3789e+04	 1.4012e+04	 1.6285e+00	 7.4126e-02	 3.2314e+02	 1.4072e+04
 6.5684e+04	 1.4012e+04	 1.6049e+00	 7.2541e-02	 3.2314e+02	 1.4075e+04
 9.8526e+04	 1.4012e+04	 1.5831e+00	 6.6238e-02	 3.2315e+02	 1.4080e+04
 1.4779e+05	 1.4012e+04	 1.5656e+00	 5.7263e-02	 3.2314e+02	 1.4082e+04
 2.2168e+05	 1.4012e+04	 1.5527e+00	 4.8373e-02	 3.2315e+02	 1.4085e+04
 3.3253e+05	 1.4012e+04	 1.5508e+00	 3.9874e-02	 3.2314e+02	 1.4087e+04
 4.9879e+05	 1.4012e+04	 1.5425e+00	 3.5478e-02	 3.2315e+02	 1.4090e+04
 7.4818e+05	 1.4012e+04	 1.5357e+00	 3.2398e-02	 3.2315e+02	 1.4092e+04
 9.0000e+05	 1.4012e+04	 1.5330e+00	 3.1432e-02	 3.2314e+02	 1.4095e+04
 1.0000e+02	 1.4092e+04	 1.8482e+00	 4.0805e-02	 3.2315e+02	 1.4104e+04
 1.5000e+02	 1.4092e+04	 1.8389e+00	 4.3039e-02	 3.2315e+02	 1.4106e+04
 2.2500e+02	 1.4092e+04	 1.8286e+00	 4.4917e-02	 3.2315e+02	 1.4112e+04
 3.3750e+02	 1.4092e+04	 1.8174e+00	 4.8151e-02	 3.2315e+02	 1.4114e+04
 5.0625e+02	 1.4092e+04	 1.8050e+00	 5.1355e-02	 3.2315e+02	 1.4117e+04
 7.5938e+02	 1.4092e+04	 1.7912e+00	 5.4743e-02	 3.2315e+02	 1.4120e+04
 1.1391e+03	 1.4092e+04	 1.7761e+00	 5.7438e-02	 3.2315e+02	 1.4122e+04
 1.7086e+03	 1.4092e+04	 1.7605e+00	 5.9200e-02	 3.2315e+02	 1.4125e+04
 2.5629e+03	 1.4092e+04	 1.7442e+00	 5.9862e-02	 3.2315e+02	 1.4129e+04
 3.8443e+03	 1.4092e+04	 1.7286e+00	 5.9868e-02	 3.2315e+02	 1.4132e+04
 5.7665e+03	 1.4092e+04	 1.7139e+00	 5.9814e-02	 3.2315e+02	 1.4135e+04
 8.6498e+03	 1.4092e+04	 1.7001e+00	 6.0588e-02	 3.2315e+02	 1.4137e+04
 1.2975e+04	 1.4092e+04	 1.6854e+00	 6.2981e-02	 3.2315e+02	 1.4142e+04
 1.9462e+04	 1.4092e+04	 1.6698e+00	 6.6898e-02	 3.2315e+02	 1.4145e+04
 2.9193e+04	 1.4092e+04	 1.6507e+00	 7.1484e-02	 3.2315e+02	 1.4150e+04
 4.3789e+04	 1.4092e+04	 1.6286e+00	 7.4044e-02	 3.2315e+02	 1.4153e+04
 6.5684e+04	 1.4092e+04	 1.6051e+00	 7.2529e-02	 3.2315e+02	 1.4155e+04
 9.8526e+04	 1.4092e+04	 1.5832e+00	 6.6260e-02	 3.2316e+02	 1.4160e+04
 1.4779e+05	 1.4092e+04	 1.5659e+00	 5.7345e-02	 3.2316e+02	 1.4163e+04
 2.2168e+05	 1.4092e+04	 1.5528e+00	 4.8463e-02	 3.2315e+02	 1.4165e+04
 3.3253e+05	 1.4092e+04	 1.5509e+00	 3.9807e-02	 3.2315e+02	 1.4168e+04
 4.9879e+05	 1.4092e+04	 1.5425e+00	 3.5407e-02	 3.2315e+02	 1.4170e+04
 7.4818e+05	 1.4092e+04	 1.5358e+00	 3.2469e-02	 3.2315e+02	 1.4173e+04
 9.0000e+05	 1.4092e+04	 1.5331e+00	 3.1405e-02	 3.2315e+02	 1.4176e+04
 1.0000e+02	 1.4173e+04	 1.8482e+00	 4.1260e-02	 3.2315e+02	 1.4185e+04
 1.5000e+02	 1.4173e+04	 1.8383e+00	 4.2026e-02	 3.2315e+02	 1.4188e+04
 2.2500e+02	 1.4173e+04	 1.8286e+00	 4.4921e-02	 3.2315e+02	 1.4193e+04
 3.3750e+02	 1.4173e+04	 1.8175e+00	 4.7962e-02	 3.2315e+02	 1.4195e+04
 5.0625e+02	 1.4173e+04	 1.8050e+00	 5.1440e-02	 3.2315e+02	 1.4198e+04
 7.5938e+02	 1.4173e+04	 1.7911e+00	 5.4715e-02	 3.2315e+02	 1.4201e+04
 1.1391e+03	 1.4173e+04	 1.7761e+00	 5.7470e-02	 3.2315e+02	 1.4203e+04
 1.7086e+03	 1.4173e+04	 1.7604e+00	 5.9208e-02	 3.2314e+02	 1.4206e+04
 2.5629e+03	 1.4173e+04	 1.7442e+00	 5.9916e-02	 3.2315e+02	 1.4211e+04
 3.8443e+03	 1.4173e+04	 1.7287e+00	 5.9845e-02	 3.2315e+02	 1.4214e+04
 5.7665e+03	 1.4173e+04	 1.7139e+00	 5.9777e-02	 3.2315e+02	 1.4216e+04
 8.6498e+03	 1.4173e+04	 1.7000e+00	 6.0609e-02	 3.2315e+02	 1.4219e+04
 1.2975e+04	 1.4173e+04	 1.6854e+00	 6.2910e-02	 3.2315e+02	 1.4224e+04
 1.9462e+04	 1.4173e+04	 1.6697e+00	 6.6922e-02	 3.2315e+02	 1.4226e+04
 2.9193e+04	 1.4173e+04	 1.6507e+00	 7.1467e-02	 3.2315e+02	 1.4232e+04
 4.3789e+04	 1.4173e+04	 1.6286e+00	 7.4078e-02	 3.2315e+02	 1.4234e+04
 6.5684e+04	 1.4173e+04	 1.6050e+00	 7.2518e-02	 3.2315e+02	 1.4237e+04
 9.8526e+04	 1.4173e+04	 1.5833e+00	 6.6067e-02	 3.2315e+02	 1.4242e+04
 1.4779e+05	 1.4173e+04	 1.5659e+00	 5.7356e-02	 3.2315e+02	 1.4244e+04
 2.2168e+05	 1.4173e+04	 1.5528e+00	 4.8383e-02	 3.2315e+02	 1.4247e+04
 3.3253e+05	 1.4173e+04	 1.5509e+00	 3.9786e-02	 3.2315e+02	 1.4249e+04
 4.9879e+05	 1.4173e+04	 1.5426e+00	 3.5495e-02	 3.2315e+02	 1.4252e+04
 7.4818e+05	 1.4173e+04	 1.5359e+00	 3.2417e-02	 3.2315e+02	 1.4254e+04
 9.0000e+05	 1.4173e+04	 1.5331e+00	 3.1403e-02	 3.2315e+02	 1.4257e+04
 1.0000e+02	 1.4254e+04	 1.8476e+00	 4.0987e-02	 3.2315e+02	 1.4266e+04
 1.5000e+02	 1.4254e+04	 1.8385e+00	 4.2218e-02	 3.2315e+02	 1.4268e+04
 2.2500e+02	 1.4254e+04	 1.8286e+00	 4.4804e-02	 3.2315e+02	 1.4274e+04
 3.3750e+02	 1.4254e+04	 1.8176e+00	 4.7961e-02	 3.2314e+02	 1.4276e+04
 5.0625e+02	 1.4254e+04	 1.8052e+00	 5.1383e-02	 3.2315e+02	 1.4279e+04
 7.5938e+02	 1.4254e+04	 1.7913e+00	 5.4753e-02	 3.2315e+02	 1.4281e+04
 1.1391e+03	 1.4254e+04	 1.7762e+00	 5.7504e-02	 3.2315e+02	 1.4284e+04
 1.7086e+03	 1.4254e+04	 1.7605e+00	 5.9276e-02	 3.2315e+02	 1.4287e+04
 2.5629e+03	 1.4254e+04	 1.7443e+00	 5.9933e-02	 3.2315e+02	 1.4292e+04
 3.8443e+03	 1.4254e+04	 1.7287e+00	 5.9856e-02	 3.2315e+02	 1.4294e+04
 5.7665e+03	 1.4254e+04	 1.7139e+00	 5.9836e-02	 3.2315e+02	 1.4297e+04
 8.6498e+03	 1.4254e+04	 1.7001e+00	 6.0593e-02	 3.2315e+02	 1.4299e+04
 1.2975e+04	 1.4254e+04	 1.6854e+00	 6.2886e-02	 3.2315e+02	 1.4304e+04
 1.9462e+04	 1.4254e+04	 1.6698e+00	 6.6909e-02	 3.2315e+02	 1.4307e+04
 2.9193e+04	 1.4254e+04	 1.6507e+00	 7.1447e-02	 3.2315e+02	 1.4312e+04
 4.3789e+04	 1.4254e+04	 1.6286e+00	 7.4068e-02	 3.2315e+02	 1.4315e+04
 6.5684e+04	 1.4254e+04	 1.6052e+00	 7.2490e-02	 3.2315e+02	 1.4317e+04
 9.8526e+04	 1.4254e+04	 1.5833e+00	 6.6066e-02	 3.2315e+02	 1.4322e+04
 1.4779e+05	 1.4254e+04	 1.5660e+00	 5.7342e-02	 3.2315e+02	 1.4325e+04
 2.2168e+05	 1.4254e+04	 1.5529e+00	 4.8452e-02	 3.2315e+02	 1.4327e+04
 3.3253e+05	 1.4254e+04	 1.5432e+00	 4.1204e-02	 3.2315e+02	 1.4330e+04
 4.9879e+05	 1.4254e+04	 1.5426e+00	 3.5422e-02	 3.2316e+02	 1.4333e+04
 7.4818e+05	 1.4254e+04	 1.5358e+00	 3.2472e-02	 3.2315e+02	 1.4335e+04
 9.0000e+05	 1.4254e+04	 1.5332e+00	 3.1416e-02	 3.2315e+02	 1.4338e+04
 1.0000e+02	 1.4335e+04	 1.8479e+00	 4.1288e-02	 3.2315e+02	 1.4347e+04
 1.5000e+02	 1.4335e+04	 1.8385e+00	 4.2500e-02	 3.2315e+02	 1.4350e+04
 2.2500e+02	 1.4335e+04	 1.8288e+00	 4.4903e-02	 3.2315e+02	 1.4355e+04
 3.3750e+02	 1.4335e+04	 1.8176e+00	 4.7940e-02	 3.2315e+02	 1.4357e+04
 5.0625e+02	 1.4335e+04	 1.8052e+00	 5.1471e-02	 3.2315e+02	 1.4360e+04
 7.5938e+02	 1.4335e+04	 1.7913e+00	 5.4780e-02	 3.2316e+02	 1.4362e+04
 1.1391e+03	 1.4335e+04	 1.7762e+00	 5.7507e-02	 3.2315e+02	 1.4365e+04
 1.7086e+03	 1.4335e+04	 1.7606e+00	 5.9208e-02	 3.2315e+02	 1.4367e+04
 2.5629e+03	 1.4335e+04	 1.7444e+00	 5.9944e-02	 3.2315e+02	 1.4373e+04
 3.8443e+03	 1.4335e+04	 1.7288e+00	 5.9868e-02	 3.2316e+02	 1.4375e+04
 5.7665e+03	 1.4335e+04	 1.7141e+00	 5.9785e-02	 3.2315e+02	 1.4378e+04
 8.6498e+03	 1.4335e+04	 1.7002e+00	 6.0584e-02	 3.2315e+02	 1.4380e+04
 1.2975e+04	 1.4335e+04	 1.6856e+00	 6.2951e-02	 3.2315e+02	 1.4385e+04
 1.9462e+04	 1.4335e+04	 1.6699e+00	 6.6946e-02	 3.2316e+02	 1.4388e+04
 2.9193e+04	 1.4335e+04	 1.6509e+00	 7.1404e-02	 3.2316e+02	 1.4393e+04
 4.3789e+04	 1.4335e+04	 1.6288e+00	 7.4075e-02	 3.2315e+02	 1.4396e+04
 6.5684e+04	 1.4335e+04	 1.6052e+00	 7.2537e-02	 3.2316e+02	 1.4398e+04
 9.8526e+04	 1.4335e+04	 1.5835e+00	 6.6064e-02	 3.2315e+02	 1.4403e+04
 1.4779e+05	 1.4335e+04	 1.5660e+00	 5.7360e-02	 3.2316e+02	 1.4406e+04
 2.2168e+05	 1.4335e+04	 1.5530e+00	 4.8454e-02	 3.2315e+02	 1.4409e+04
 3.3253e+05	 1.4335e+04	 1.5510e+00	 3.9790e-02	 3.2315e+02	 1.4411e+04
 4.9879e+05	 1.4335e+04	 1.5427e+00	 3.5444e-02	 3.2315e+02	 1.4414e+04
 7.4818e+05	 1.4335e+04	 1.5360e+00	 3.2382e-02	 3.2315e+02	 1.4416e+04
 9.0000e+05	 1.4335e+04	 1.5333e+00	 3.1429e-02	 3.2315e+02	 1.4419e+04
 1.0000e+02	 1.4416e+04	 1.8478e+00	 4.0677e-02	 3.2316e+02	 1.4428e+04
 1.5000e+02	 1.4416e+04	 1.8373e+00	 4.2564e-02	 3.2315e+02	 1.4431e+04
 2.2500e+02	 1.4416e+04	 1.8288e+00	 4.4809e-02	 3.2315e+02	 1.4436e+04
 3.3750e+02	 1.4416e+04	 1.8176e+00	 4.7954e-02	 3.2315e+02	 1.4439e+04
 5.0625e+02	 1.4416e+04	 1.8052e+00	 5.1500e-02	 3.2316e+02	 1.4441e+04
 7.5938e+02	 1.4416e+04	 1.7913e+00	 5.4770e-02	 3.2316e+02	 1.4444e+04
 1.1391e+03	 1.4416e+04	 1.7761e+00	 5.7473e-02	 3.2315e+02	 1.4446e+04
 1.7086e+03	 1.4416e+04	 1.7605e+00	 5.9285e-02	 3.2315e+02	 1.4449e+04
 2.5629e+03	 1.4416e+04	 1.7443e+00	 5.9938e-02	 3.2315e+02	 1.4454e+04
 3.8443e+03	 1.4416e+04	 1.7287e+00	 5.9856e-02	 3.2315e+02	 1.4457e+04
 5.7665e+03	 1.4416e+04	 1.7140e+00	 5.9804e-02	 3.2315e+02	 1.4459e+04
 8.6498e+03	 1.4416e+04	 1.7002e+00	 6.0555e-02	 3.2315e+02	 1.4462e+04
 1.2975e+04	 1.4416e+04	 1.6855e+00	 6.2893e-02	 3.2315e+02	 1.4467e+04
 1.9462e+04	 1.4416e+04	 1.6699e+00	 6.6911e-02	 3.2315e+02	 1.4469e+04
 2.9193e+04	 1.4416e+04	 1.6508e+00	 7.1407e-02	 3.2315e+02	 1.4475e+04
 4.3789e+04	 1.4416e+04	 1.6287e+00	 7.4070e-02	 3.2315e+02	 1.4477e+04
 6.5684e+04	 1.4416e+04	 1.6051e+00	 7.2535e-02	 3.2315e+02	 1.4480e+04
 9.8526e+04	 1.4416e+04	 1.5834e+00	 6.6256e-02	 3.2315e+02	 1.4485e+04
 1.4779e+05	 1.4416e+04	 1.5659e+00	 5.7318e-02	 3.2315e+02	 1.4488e+04
 2.2168e+05	 1.4416e+04	 1.5530e+00	 4.8401e-02	 3.2314e+02	 1.4490e+04
 3.3253e+05	 1.4416e+04	 1.5432e+00	 4.1003e-02	 3.2315e+02	 1.4493e+04
 4.9879e+05	 1.4416e+04	 1.5427e+00	 3.5441e-02	 3.2315e+02	 1.4495e+04
 7.4818e+05	 1.4416e+04	 1.5360e+00	 3.2360e-02	 3.2315e+02	 1.4497e+04
 9.0000e+05	 1.4416e+04	 1.5333e+00	 3.1435e-02	 3.2315e+02	 1.4500e+04
 1.0000e+02	 1.4497e+04	 1.8485e+00	 4.0617e-02	 3.2315e+02	 1.4509e+04
 1.5000e+02	 1.4497e+04	 1.8388e+00	 4.1808e-02	 3.2315e+02	 1.4512e+04
 2.2500e+02	 1.4497e+04	 1.8289e+00	 4.4922e-02	 3.2315e+02	 1.4517e+04
 3.3750e+02	 1.4497e+04	 1.8177e+00	 4.7994e-02	 3.2315e+02	 1.4519e+04
 5.0625e+02	 1.4497e+04	 1.8052e+00	 5.1474e-02	 3.2315e+02	 1.4522e+04
 7.5938e+02	 1.4497e+04	 1.7914e+00	 5.4772e-02	 3.2315e+02	 1.4525e+04
 1.1391e+03	 1.4497e+04	 1.7762e+00	 5.7457e-02	 3.2315e+02	 1.4527e+04
 1.7086e+03	 1.4497e+04	 1.7605e+00	 5.9237e-02	 3.2314e+02	 1.4530e+04
 2.5629e+03	 1.4497e+04	 1.7444e+00	 5.9854e-02	 3.2315e+02	 1.4535e+04
 3.8443e+03	 1.4497e+04	 1.7288e+00	 5.9847e-02	 3.2315e+02	 1.4538e+04
 5.7665e+03	 1.4497e+04	 1.7141e+00	 5.9783e-02	 3.2315e+02	 1.4540e+04
 8.6498e+03	 1.4497e+04	 1.7003e+00	 6.0574e-02	 3.2315e+02	 1.4543e+04
 1.2975e+04	 1.4497e+04	 1.6856e+00	 6.2901e-02	 3.2315e+02	 1.4548e+04
 1.9462e+04	 1.4497e+04	 1.6699e+00	 6.6953e-02	 3.2315e+02	 1.4550e+04
 2.9193e+04	 1.4497e+04	 1.6509e+00	 7.1480e-02	 3.2315e+02	 1.4555e+04
 4.3789e+04	 1.4497e+04	 1.6288e+00	 7.4112e-02	 3.2315e+02	 1.4558e+04
 6.5684e+04	 1.4497e+04	 1.6053e+00	 7.2536e-02	 3.2315e+02	 1.4560e+04
 9.8526e+04	 1.4497e+04	 1.5835e+00	 6.6265e-02	 3.2315e+02	 1.4565e+04
 1.4779e+05	 1.4497e+04	 1.5661e+00	 5.7251e-02	 3.2315e+02	 1.4568e+04
 2.2168e+05	 1.4497e+04	 1.5531e+00	 4.8390e-02	 3.2315e+02	 1.4571e+04
 3.3253e+05	 1.4497e+04	 1.5433e+00	 4.0959e-02	 3.2315e+02	 1.4573e+04
 4.9879e+05	 1.4497e+04	 1.5428e+00	 3.5460e-02	 3.2315e+02	 1.4576e+04
 7.4818e+05	 1.4497e+04	 1.5360e+00	 3.2360e-02	 3.2314e+02	 1.4578e+04
 9.0000e+05	 1.4497e+04	 1.5333e+00	 3.1497e-02	 3.2315e+02	 1.4581e+04
 1.0000e+02	 1.4578e+04	 1.8485e+00	 4.0822e-02	 3.2315e+02	 1.4590e+04
 1.5000e+02	 1.4578e+04	 1.8394e+00	 4.2880e-02	 3.2315e+02	 1.4593e+04
 2.2500e+02	 1.4578e+04	 1.8289e+00	 4.4823e-02	 3.2315e+02	 1.4598e+04
 3.3750e+02	 1.4578e+04	 1.8178e+00	 4.8030e-02	 3.2315e+02	 1.4600e+04
 5.0625e+02	 1.4578e+04	 1.8053e+00	 5.1496e-02	 3.2315e+02	 1.4603e+04
 7.5938e+02	 1.4578e+04	 1.7914e+00	 5.4810e-02	 3.2315e+02	 1.4605e+04
 1.1391e+03	 1.4578e+04	 1.7763e+00	 5.7498e-02	 3.2315e+02	 1.4608e+04
 1.7086e+03	 1.4578e+04	 1.7606e+00	 5.9286e-02	 3.2315e+02	 1.4611e+04
 2.5629e+03	 1.4578e+04	 1.7444e+00	 5.9956e-02	 3.2315e+02	 1.4616e+04
 3.8443e+03	 1.4578e+04	 1.7289e+00	 5.9870e-02	 3.2315e+02	 1.4618e+04
 5.7665e+03	 1.4578e+04	 1.7141e+00	 5.9799e-02	 3.2315e+02	 1.4621e+04
 8.6498e+03	 1.4578e+04	 1.7003e+00	 6.0557e-02	 3.2315e+02	 1.4623e+04
 1.2975e+04	 1.4578e+04	 1.6857e+00	 6.2874e-02	 3.2315e+02	 1.4628e+04
 1.9462e+04	 1.4578e+04	 1.6700e+00	 6.6909e-02	 3.2315e+02	 1.4631e+04
 2.9193e+04	 1.4578e+04	 1.6510e+00	 7.1482e-02	 3.2315e+02	 1.4636e+04
 4.3789e+04	 1.4578e+04	 1.6289e+00	 7.4132e-02	 3.2315e+02	 1.4638e+04
 6.5684e+04	 1.4578e+04	 1.6055e+00	 7.2556e-02	 3.2315e+02	 1.4641e+04
 9.8526e+04	 1.4578e+04	 1.5836e+00	 6.6256e-02	 3.2315e+02	 1.4646e+04
 1.4779e+05	 1.4578e+04	 1.5663e+00	 5.7308e-02	 3.2315e+02	 1.4649e+04
 2.2168e+05	 1.4578e+04	 1.5532e+00	 4.8450e-02	 3.2316e+02	 1.4651e+04
 3.3253e+05	 1.4578e+04	 1.5434e+00	 4.1195e-02	 3.2315e+02	 1.4654e+04
 4.9879e+05	 1.4578e+04	 1.5429e+00	 3.5486e-02	 3.2316e+02	 1.4656e+04
 7.4818e+05	 1.4578e+04	 1.5362e+00	 3.2362e-02	 3.2315e+02	 1.4659e+04
 9.0000e+05	 1.4578e+04	 1.5334e+00	 3.1427e-02	 3.2316e+02	 1.4661e+04
 1.0000e+02	 1.4659e+04	 1.8486e+00	 4.1142e-02	 3.2316e+02	 1.4671e+04
 1.5000e+02	 1.4659e+04	 1.8392e+00	 4.2546e-02	 3.2316e+02	 1.4674e+04
 2.2500e+02	 1.4659e+04	 1.8289e+00	 4.5021e-02	 3.2315e+02	 1.4679e+04
 3.3750e+02	 1.4659e+04	 1.8178e+00	 4.8129e-02	 3.2315e+02	 1.4682e+04
 5.0625e+02	 1.4659e+04	 1.8054e+00	 5.1522e-02	 3.2315e+02	 1.4684e+04
 7.5938e+02	 1.4659e+04	 1.7914e+00	 5.4882e-02	 3.2315e+02	 1.4687e+04
 1.1391e+03	 1.4659e+04	 1.7763e+00	 5.7513e-02	 3.2316e+02	 1.4690e+04
 1.7086e+03	 1.4659e+04	 1.7606e+00	 5.9247e-02	 3.2315e+02	 1.4692e+04
 2.5629e+03	 1.4659e+04	 1.7444e+00	 5.9846e-02	 3.2315e+02	 1.4697e+04
 3.8443e+03	 1.4659e+04	 1.7289e+00	 5.9841e-02	 3.2315e+02	 1.4700e+04
 5.7665e+03	 1.4659e+04	 1.7142e+00	 5.9784e-02	 3.2316e+02	 1.4702e+04
 8.6498e+03	 1.4659e+04	 1.7003e+00	 6.0547e-02	 3.2315e+02	 1.4705e+04
 1.2975e+04	 1.4659e+04	 1.6857e+00	 6.2845e-02	 3.2315e+02	 1.4710e+04
 1.9462e+04	 1.4659e+04	 1.6700e+00	 6.6872e-02	 3.2315e+02	 1.4712e+04
 2.9193e+04	 1.4659e+04	 1.6510e+00	 7.1407e-02	 3.2315e+02	 1.4717e+04
 4.3789e+04	 1.4659e+04	 1.6289e+00	 7.4057e-02	 3.2315e+02	 1.4720e+04
 6.5684e+04	 1.4659e+04	 1.6054e+00	 7.2526e-02	 3.2315e+02	 1.4722e+04
 9.8526e+04	 1.4659e+04	 1.5835e+00	 6.6256e-02	 3.2315e+02	 1.4727e+04
 1.4779e+05	 1.4659e+04	 1.5662e+00	 5.7323e-02	 3.2315e+02	 1.4730e+04
 2.2168e+05	 1.4659e+04	 1.5532e+00	 4.8447e-02	 3.2315e+02	 1.4733e+04
 3.3253e+05	 1.4659e+04	 1.5434e+00	 4.1192e-02	 3.2315e+02	 1.4735e+04
 4.9879e+05	 1.4659e+04	 1.5429e+00	 3.5437e-02	 3.2315e+02	 1.4738e+04
 7.4818e+05	 1.4659e+04	 1.5362e+00	 3.2368e-02	 3.2315e+02	 1.4740e+04
 9.0000e+05	 1.4659e+04	 1.5335e+00	 3.1469e-02	 3.2315e+02	 1.4743e+04
 1.0000e+02	 1.4740e+04	 1.8481e+00	 4.1607e-02	 3.2315e+02	 1.4753e+04
 1.5000e+02	 1.4740e+04	 1.8393e+00	 4.2694e-02	 3.2315e+02	 1.4755e+04
 2.2500e+02	 1.4740e+04	 1.8291e+00	 4.5060e-02	 3.2315e+02	 1.4760e+04
 3.3750e+02	 1.4740e+04	 1.8180e+00	 4.8041e-02	 3.2315e+02	 1.4763e+04
 5.0625e+02	 1.4740e+04	 1.8055e+00	 5.1512e-02	 3.2315e+02	 1.4765e+04
 7.5938e+02	 1.4740e+04	 1.7915e+00	 5.4867e-02	 3.2315e+02	 1.4768e+04
 1.1391e+03	 1.4740e+04	 1.7764e+00	 5.7580e-02	 3.2315e+02	 1.4770e+04
 1.7086e+03	 1.4740e+04	 1.7607e+00	 5.9229e-02	 3.2315e+02	 1.4773e+04
 2.5629e+03	 1.4740e+04	 1.7445e+00	 5.9908e-02	 3.2315e+02	 1.4778e+04
 3.8443e+03	 1.4740e+04	 1.7289e+00	 5.9820e-02	 3.2315e+02	 1.4781e+04
 5.7665e+03	 1.4740e+04	 1.7142e+00	 5.9746e-02	 3.2315e+02	 1.4783e+04
 8.6498e+03	 1.4740e+04	 1.7003e+00	 6.0504e-02	 3.2315e+02	 1.4786e+04
 1.2975e+04	 1.4740e+04	 1.6858e+00	 6.2849e-02	 3.2315e+02	 1.4791e+04
 1.9462e+04	 1.4740e+04	 1.6701e+00	 6.6879e-02	 3.2315e+02	 1.4794e+04
 2.9193e+04	 1.4740e+04	 1.6511e+00	 7.1457e-02	 3.2315e+02	 1.4799e+04
 4.3789e+04	 1.4740e+04	 1.6289e+00	 7.4109e-02	 3.2315e+02	 1.4802e+04
 6.5684e+04	 1.4740e+04	 1.6053e+00	 7.2490e-02	 3.2314e+02	 1.4804e+04
 9.8526e+04	 1.4740e+04	 1.5835e+00	 6.6227e-02	 3.2315e+02	 1.4809e+04
 1.4779e+05	 1.4740e+04	 1.5661e+00	 5.7204e-02	 3.2315e+02	 1.4812e+04
 2.2168e+05	 1.4740e+04	 1.5532e+00	 4.8364e-02	 3.2314e+02	 1.4814e+04
 3.3253e+05	 1.4740e+04	 1.5434e+00	 4.1045e-02	 3.2315e+02	 1.4817e+04
 4.9879e+05	 1.4740e+04	 1.5429e+00	 3.5520e-02	 3.2315e+02	 1.4819e+04
 7.4818e+05	 1.4740e+04	 1.5362e+00	 3.2349e-02	 3.2315e+02	 1.4822e+04
 9.0000e+05	 1.4740e+04	 1.5335e+00	 3.1415e-02	 3.2315e+02	 1.4824e+04
 1.0000e+02	 1.4821e+04	 1.8488e+00	 4.0806e-02	 3.2315e+02	 1.4833e+04
 1.5000e+02	 1.4821e+04	 1.8390e+00	 4.2911e-02	 3.2315e+02	 1.4836e+04
 2.2500e+02	 1.4821e+04	 1.8290e+00	 4.5320e-02	 3.2315e+02	 1.4841e+04
 3.3750e+02	 1.4821e+04	 1.8179e+00	 4.8132e-02	 3.2315e+02	 1.4843e+04
 5.0625e+02	 1.4821e+04	 1.8054e+00	 5.1554e-02	 3.2315e+02	 1.4846e+04
 7.5938e+02	 1.4821e+04	 1.7914e+00	 5.4839e-02	 3.2315e+02	 1.4848e+04
 1.1391e+03	 1.4821e+04	 1.7763e+00	 5.7560e-02	 3.2315e+02	 1.4851e+04
 1.7086e+03	 1.4821e+04	 1.7607e+00	 5.9213e-02	 3.2315e+02	 1.4854e+04
 2.5629e+03	 1.4821e+04	 1.7445e+00	 5.9899e-02	 3.2315e+02	 1.4859e+04
 3.8443e+03	 1.4821e+04	 1.7290e+00	 5.9827e-02	 3.2314e+02	 1.4861e+04
 5.7665e+03	 1.4821e+04	 1.7142e+00	 5.9768e-02	 3.2315e+02	 1.4864e+04
 8.6498e+03	 1.4821e+04	 1.7004e+00	 6.0507e-02	 3.2314e+02	 1.4866e+04
 1.2975e+04	 1.4821e+04	 1.6858e+00	 6.2857e-02	 3.2314e+02	 1.4871e+04
 1.9462e+04	 1.4821e+04	 1.6702e+00	 6.6894e-02	 3.2315e+02	 1.4874e+04
 2.9193e+04	 1.4821e+04	 1.6511e+00	 7.1473e-02	 3.2315e+02	 1.4879e+04
 4.3789e+04	 1.4821e+04	 1.6290e+00	 7.4086e-02	 3.2314e+02	 1.4881e+04
 6.5684e+04	 1.4821e+04	 1.6054e+00	 7.2514e-02	 3.2315e+02	 1.4884e+04
 9.8526e+04	 1.4821e+04	 1.5837e+00	 6.6253e-02	 3.2315e+02	 1.4889e+04
 1.4779e+05	 1.4821e+04	 1.5662e+00	 5.7236e-02	 3.2315e+02	 1.4892e+04
 2.2168e+05	 1.4821e+04	 1.5533e+00	 4.8353e-02	 3.2315e+02	 1.4894e+04
 3.3253e+05	 1.4821e+04	 1.5435e+00	 4.1054e-02	 3.2314e+02	 1.4897e+04
 4.9879e+05	 1.4821e+04	 1.5429e+00	 3.5449e-02	 3.2314e+02	 1.4900e+04
 7.4818e+05	 1.4821e+04	 1.5362e+00	 3.2372e-02	 3.2315e+02	 1.4902e+04
 9.0000e+05	 1.4821e+04	 1.5336e+00	 3.1367e-02	 3.2314e+02	 1.4905e+04
 1.0000e+02	 1.4902e+04	 1.8484e+00	 4.0880e-02	 3.2314e+02	 1.4914e+04
 1.5000e+02	 1.4902e+04	 1.8391e+00	 4.1593e-02	 3.2315e+02	 1.4916e+04
 2.2500e+02	 1.4902e+04	 1.8292e+00	 4.5070e-02	 3.2315e+02	 1.4922e+04
 3.3750e+02	 1.4902e+04	 1.8180e+00	 4.8165e-02	 3.2315e+02	 1.4924e+04
 5.0625e+02	 1.4902e+04	 1.8055e+00	 5.1841e-02	 3.2315e+02	 1.4927e+04
 7.5938e+02	 1.4902e+04	 1.7916e+00	 5.4996e-02	 3.2315e+02	 1.4929e+04
 1.1391e+03	 1.4902e+04	 1.7765e+00	 5.7585e-02	 3.2315e+02	 1.4932e+04
 1.7086e+03	 1.4902e+04	 1.7608e+00	 5.9229e-02	 3.2315e+02	 1.4935e+04
 2.5629e+03	 1.4902e+04	 1.7446e+00	 5.9956e-02	 3.2316e+02	 1.4940e+04
 3.8443e+03	 1.4902e+04	 1.7291e+00	 5.9836e-02	 3.2315e+02	 1.4942e+04
 5.7665e+03	 1.4902e+04	 1.7143e+00	 5.9709e-02	 3.2315e+02	 1.4945e+04
 8.6498e+03	 1.4902e+04	 1.7005e+00	 6.0523e-02	 3.2315e+02	 1.4947e+04
 1.2975e+04	 1.4902e+04	 1.6859e+00	 6.2868e-02	 3.2316e+02	 1.4952e+04
 1.9462e+04	 1.4902e+04	 1.6703e+00	 6.6852e-02	 3.2315e+02	 1.4955e+04
 2.9193e+04	 1.4902e+04	 1.6512e+00	 7.1417e-02	 3.2315e+02	 1.4960e+04
 4.3789e+04	 1.4902e+04	 1.6292e+00	 7.4065e-02	 3.2315e+02	 1.4962e+04
 6.5684e+04	 1.4902e+04	 1.6055e+00	 7.2485e-02	 3.2315e+02	 1.4965e+04
 9.8526e+04	 1.4902e+04	 1.5838e+00	 6.6237e-02	 3.2315e+02	 1.4970e+04
 1.4779e+05	 1.4902e+04	 1.5663e+00	 5.7312e-02	 3.2315e+02	 1.4973e+04
 2.2168e+05	 1.4902e+04	 1.5534e+00	 4.8349e-02	 3.2315e+02	 1.4975e+04
 3.3253e+05	 1.4902e+04	 1.5436e+00	 4.1123e-02	 3.2315e+02	 1.4978e+04
 4.9879e+05	 1.4902e+04	 1.5431e+00	 3.5367e-02	 3.2315e+02	 1.4980e+04
 7.4818e+05	 1.4902e+04	 1.5363e+00	 3.2498e-02	 3.2315e+02	 1.4983e+04
 9.0000e+05	 1.4902e+04	 1.5336e+00	 3.1480e-02	 3.2315e+02	 1.4985e+04
 1.0000e+02	 1.4982e+04	 1.8490e+00	 4.0725e-02	 3.2315e+02	 1.4994e+04
 1.5000e+02	 1.4982e+04	 1.8397e+00	 4.1495e-02	 3.2315e+02	 1.4997e+04
 2.2500e+02	 1.4982e+04	 1.8293e+00	 4.4902e-02	 3.2315e+02	 1.5002e+04
 3.3750e+02	 1.4982e+04	 1.8180e+00	 4.8094e-02	 3.2315e+02	 1.5005e+04
 5.0625e+02	 1.4982e+04	 1.8055e+00	 5.1570e-02	 3.2315e+02	 1.5007e+04
 7.5938e+02	 1.4982e+04	 1.7916e+00	 5.4851e-02	 3.2315e+02	 1.5010e+04
 1.1391e+03	 1.4982e+04	 1.7765e+00	 5.7506e-02	 3.2315e+02	 1.5012e+04
 1.7086e+03	 1.4982e+04	 1.7608e+00	 5.9267e-02	 3.2315e+02	 1.5015e+04
 2.5629e+03	 1.4982e+04	 1.7446e+00	 5.9946e-02	 3.2315e+02	 1.5020e+04
 3.8443e+03	 1.4982e+04	 1.7290e+00	 5.9800e-02	 3.2315e+02	 1.5023e+04
 5.7665e+03	 1.4982e+04	 1.7143e+00	 5.9719e-02	 3.2316e+02	 1.5025e+04
 8.6498e+03	 1.4982e+04	 1.7005e+00	 6.0468e-02	 3.2315e+02	 1.5028e+04
 1.2975e+04	 1.4982e+04	 1.6859e+00	 6.2846e-02	 3.2315e+02	 1.5033e+04
 1.9462e+04	 1.4982e+04	 1.6703e+00	 6.6868e-02	 3.2314e+02	 1.5036e+04
 2.9193e+04	 1.4982e+04	 1.6512e+00	 7.1409e-02	 3.2315e+02	 1.5041e+04
 4.3789e+04	 1.4982e+04	 1.6291e+00	 7.4125e-02	 3.2315e+02	 1.5043e+04
 6.5684e+04	 1.4982e+04	 1.6055e+00	 7.2465e-02	 3.2315e+02	 1.5046e+04
 9.8526e+04	 1.4982e+04	 1.5838e+00	 6.6257e-02	 3.2315e+02	 1.5051e+04
 1.4779e+05	 1.4982e+04	 1.5665e+00	 5.7244e-02	 3.2315e+02	 1.5053e+04
 2.2168e+05	 1.4982e+04	 1.5535e+00	 4.8307e-02	 3.2315e+02	 1.5056e+04
 3.3253e+05	 1.4982e+04	 1.5436e+00	 4.1063e-02	 3.2315e+02	 1.5058e+04
 4.9879e+05	 1.4982e+04	 1.5431e+00	 3.5346e-02	 3.2315e+02	 1.5061e+04
 7.4818e+05	 1.4982e+04	 1.5364e+00	 3.2385e-02	 3.2315e+02	 1.5063e+04
 9.0000e+05	 1.4982e+04	 1.5336e+00	 3.1430e-02	 3.2315e+02	 1.5066e+04
 1.0000e+02	 1.5063e+04	 1.8490e+00	 4.1024e-02	 3.2315e+02	 1.5075e+04
 1.5000e+02	 1.5063e+04	 1.8393e+00	 4.2329e-02	 3.2315e+02	 1.5078e+04
 2.2500e+02	 1.5063e+04	 1.8293e+00	 4.5034e-02	 3.2314e+02	 1.5083e+04
 3.3750e+02	 1.5063e+04	 1.8181e+00	 4.8209e-02	 3.2314e+02	 1.5086e+04
 5.0625e+02	 1.5063e+04	 1.8055e+00	 5.1659e-02	 3.2314e+02	 1.5088e+04
 7.5938e+02	 1.5063e+04	 1.7915e+00	 5.4900e-02	 3.2314e+02	 1.5091e+04
 1.1391e+03	 1.5063e+04	 1.7764e+00	 5.7611e-02	 3.2314e+02	 1.5094e+04
 1.7086e+03	 1.5063e+04	 1.7607e+00	 5.9274e-02	 3.2314e+02	 1.5096e+04
 2.5629e+03	 1.5063e+04	 1.7446e+00	 5.9844e-02	 3.2314e+02	 1.5102e+04
 3.8443e+03	 1.5063e+04	 1.7290e+00	 5.9776e-02	 3.2314e+02	 1.5104e+04
 5.7665e+03	 1.5063e+04	 1.7143e+00	 5.9714e-02	 3.2315e+02	 1.5107e+04
 8.6498e+03	 1.5063e+04	 1.7005e+00	 6.0480e-02	 3.2315e+02	 1.5109e+04
 1.2975e+04	 1.5063e+04	 1.6860e+00	 6.2829e-02	 3.2315e+02	 1.5114e+04
 1.9462e+04	 1.5063e+04	 1.6703e+00	 6.6827e-02	 3.2315e+02	 1.5117e+04
 2.9193e+04	 1.5063e+04	 1.6513e+00	 7.1362e-02	 3.2314e+02	 1.5122e+04
 4.3789e+04	 1.5063e+04	 1.6292e+00	 7.4033e-02	 3.2315e+02	 1.5125e+04
 6.5684e+04	 1.5063e+04	 1.6057e+00	 7.2528e-02	 3.2315e+02	 1.5127e+04
 9.8526e+04	 1.5063e+04	 1.5840e+00	 6.6235e-02	 3.2315e+02	 1.5133e+04
 1.4779e+05	 1.5063e+04	 1.5665e+00	 5.7294e-02	 3.2315e+02	 1.5135e+04
 2.2168e+05	 1.5063e+04	 1.5536e+00	 4.8369e-02	 3.2315e+02	 1.5138e+04
 3.3253e+05	 1.5063e+04	 1.5438e+00	 4.0981e-02	 3.2315e+02	 1.5140e+04
 4.9879e+05	 1.5063e+04	 1.5433e+00	 3.5438e-02	 3.2315e+02	 1.5143e+04
 7.4818e+05	 1.5063e+04	 1.5365e+00	 3.2421e-02	 3.2315e+02	 1.5145e+04
 9.0000e+05	 1.5063e+04	 1.5338e+00	 3.1408e-02	 3.2315e+02	 1.5148e+04
 1.0000e+02	 1.5145e+04	 1.8488e+00	 4.1524e-02	 3.2315e+02	 1.5157e+04
 1.5000e+02	 1.5145e+04	 1.8390e+00	 4.2358e-02	 3.2315e+02	 1.5160e+04
 2.2500e+02	 1.5145e+04	 1.8294e+00	 4.5094e-02	 3.2315e+02	 1.5165e+04
 3.3750e+02	 1.5145e+04	 1.8182e+00	 4.8332e-02	 3.2316e+02	 1.5167e+04
 5.0625e+02	 1.5145e+04	 1.8057e+00	 5.1580e-02	 3.2316e+02	 1.5170e+04
 7.5938e+02	 1.5145e+04	 1.7917e+00	 5.4849e-02	 3.2315e+02	 1.5172e+04
 1.1391e+03	 1.5145e+04	 1.7766e+00	 5.7578e-02	 3.2315e+02	 1.5175e+04
 1.7086e+03	 1.5145e+04	 1.7609e+00	 5.9281e-02	 3.2315e+02	 1.5177e+04
 2.5629e+03	 1.5145e+04	 1.7447e+00	 5.9888e-02	 3.2315e+02	 1.5183e+04
 3.8443e+03	 1.5145e+04	 1.7291e+00	 5.9816e-02	 3.2315e+02	 1.5185e+04
 5.7665e+03	 1.5145e+04	 1.7144e+00	 5.9697e-02	 3.2315e+02	 1.5188e+04
 8.6498e+03	 1.5145e+04	 1.7006e+00	 6.0463e-02	 3.2315e+02	 1.5190e+04
 1.2975e+04	 1.5145e+04	 1.6860e+00	 6.2808e-02	 3.2315e+02	 1.5195e+04
 1.9462e+04	 1.5145e+04	 1.6703e+00	 6.6850e-02	 3.2315e+02	 1.5198e+04
 2.9193e+04	 1.5145e+04	 1.6513e+00	 7.1406e-02	 3.2315e+02	 1.5203e+04
 4.3789e+04	 1.5145e+04	 1.6292e+00	 7.4057e-02	 3.2315e+02	 1.5206e+04
 6.5684e+04	 1.5145e+04	 1.6056e+00	 7.2510e-02	 3.2315e+02	 1.5209e+04
 9.8526e+04	 1.5145e+04	 1.5839e+00	 6.6281e-02	 3.2315e+02	 1.5214e+04
 1.4779e+05	 1.5145e+04	 1.5664e+00	 5.7238e-02	 3.2315e+02	 1.5216e+04
 2.2168e+05	 1.5145e+04	 1.5535e+00	 4.8376e-02	 3.2315e+02	 1.5219e+04
 3.3253e+05	 1.5145e+04	 1.5438e+00	 4.1236e-02	 3.2315e+02	 1.5221e+04
 4.9879e+05	 1.5145e+04	 1.5433e+00	 3.5462e-02	 3.2315e+02	 1.5224e+04
 7.4818e+05	 1.5145e+04	 1.5365e+00	 3.2354e-02	 3.2315e+02	 1.5226e+04
 9.0000e+05	 1.5145e+04	 1.5337e+00	 3.1519e-02	 3.2315e+02	 1.5229e+04
 1.0000e+02	 1.5226e+04	 1.8484e+00	 4.1132e-02	 3.2315e+02	 1.5238e+04
 1.5000e+02	 1.5226e+04	 1.8390e+00	 4.2454e-02	 3.2315e+02	 1.5241e+04
 2.2500e+02	 1.5226e+04	 1.8295e+00	 4.5246e-02	 3.2315e+02	 1.5246e+04
 3.3750e+02	 1.5226e+04	 1.8183e+00	 4.8202e-02	 3.2315e+02	 1.5248e+04
 5.0625e+02	 1.5226e+04	 1.8058e+00	 5.1587e-02	 3.2315e+02	 1.5251e+04
 7.5938e+02	 1.5226e+04	 1.7919e+00	 5.4928e-02	 3.2315e+02	 1.5253e+04
 1.1391e+03	 1.5226e+04	 1.7767e+00	 5.7575e-02	 3.2315e+02	 1.5256e+04
 1.7086e+03	 1.5226e+04	 1.7610e+00	 5.9358e-02	 3.2316e+02	 1.5259e+04
 2.5629e+03	 1.5226e+04	 1.7448e+00	 5.9937e-02	 3.2315e+02	 1.5264e+04
 3.8443e+03	 1.5226e+04	 1.7292e+00	 5.9856e-02	 3.2315e+02	 1.5266e+04
 5.7665e+03	 1.5226e+04	 1.7145e+00	 5.9720e-02	 3.2315e+02	 1.5269e+04
 8.6498e+03	 1.5226e+04	 1.7007e+00	 6.0501e-02	 3.2315e+02	 1.5271e+04
 1.2975e+04	 1.5226e+04	 1.6861e+00	 6.2828e-02	 3.2315e+02	 1.5276e+04
 1.9462e+04	 1.5226e+04	 1.6704e+00	 6.6825e-02	 3.2315e+02	 1.5279e+04
 2.9193e+04	 1.5226e+04	 1.6514e+00	 7.1425e-02	 3.2315e+02	 1.5284e+04
 4.3789e+04	 1.5226e+04	 1.6292e+00	 7.4049e-02	 3.2315e+02	 1.5287e+04
 6.5684e+04	 1.5226e+04	 1.6056e+00	 7.2490e-02	 3.2314e+02	 1.5289e+04
 9.8526e+04	 1.5226e+04	 1.5839e+00	 6.6244e-02	 3.2315e+02	 1.5294e+04
 1.4779e+05	 1.5226e+04	 1.5664e+00	 5.7311e-02	 3.2315e+02	 1.5297e+04
 2.2168e+05	 1.5226e+04	 1.5535e+00	 4.8317e-02	 3.2315e+02	 1.5299e+04
 3.3253e+05	 1.5226e+04	 1.5437e+00	 4.1114e-02	 3.2315e+02	 1.5302e+04
 4.9879e+05	 1.5226e+04	 1.5431e+00	 3.5475e-02	 3.2315e+02	 1.5304e+04
 7.4818e+05	 1.5226e+04	 1.5365e+00	 3.2341e-02	 3.2314e+02	 1.5307e+04
 9.0000e+05	 1.5226e+04	 1.5337e+00	 3.1510e-02	 3.2314e+02	 1.5310e+04
 1.0000e+02	 1.5307e+04	 1.8487e+00	 4.3433e-02	 3.2314e+02	 1.5319e+04
 1.5000e+02	 1.5307e+04	 1.8391e+00	 4.2359e-02	 3.2315e+02	 1.5321e+04
 2.2500e+02	 1.5307e+04	 1.8294e+00	 4.5711e-02	 3.2315e+02	 1.5327e+04
 3.3750e+02	 1.5307e+04	 1.8183e+00	 4.8159e-02	 3.2315e+02	 1.5329e+04
 5.0625e+02	 1.5307e+04	 1.8057e+00	 5.1655e-02	 3.2315e+02	 1.5332e+04
 7.5938e+02	 1.5307e+04	 1.7918e+00	 5.4974e-02	 3.2315e+02	 1.5334e+04
 1.1391e+03	 1.5307e+04	 1.7767e+00	 5.7611e-02	 3.2315e+02	 1.5337e+04
 1.7086e+03	 1.5307e+04	 1.7609e+00	 5.9276e-02	 3.2314e+02	 1.5339e+04
 2.5629e+03	 1.5307e+04	 1.7448e+00	 5.9941e-02	 3.2314e+02	 1.5345e+04
 3.8443e+03	 1.5307e+04	 1.7292e+00	 5.9812e-02	 3.2315e+02	 1.5347e+04
 5.7665e+03	 1.5307e+04	 1.7145e+00	 5.9702e-02	 3.2315e+02	 1.5350e+04
 8.6498e+03	 1.5307e+04	 1.7007e+00	 6.0464e-02	 3.2315e+02	 1.5352e+04
 1.2975e+04	 1.5307e+04	 1.6862e+00	 6.2832e-02	 3.2315e+02	 1.5357e+04
 1.9462e+04	 1.5307e+04	 1.6705e+00	 6.6831e-02	 3.2315e+02	 1.5360e+04
 2.9193e+04	 1.5307e+04	 1.6515e+00	 7.1439e-02	 3.2315e+02	 1.5365e+04
 4.3789e+04	 1.5307e+04	 1.6295e+00	 7.4066e-02	 3.2315e+02	 1.5367e+04
 6.5684e+04	 1.5307e+04	 1.6059e+00	 7.2544e-02	 3.2315e+02	 1.5370e+04
 9.8526e+04	 1.5307e+04	 1.5840e+00	 6.6188e-02	 3.2315e+02	 1.5375e+04
 1.4779e+05	 1.5307e+04	 1.5667e+00	 5.7320e-02	 3.2315e+02	 1.5378e+04
 2.2168e+05	 1.5307e+04	 1.5536e+00	 4.8358e-02	 3.2315e+02	 1.5380e+04
 3.3253e+05	 1.5307e+04	 1.5438e+00	 4.1227e-02	 3.2315e+02	 1.5383e+04
 4.9879e+05	 1.5307e+04	 1.5433e+00	 3.5459e-02	 3.2315e+02	 1.5385e+04
 7.4818e+05	 1.5307e+04	 1.5365e+00	 3.2370e-02	 3.2315e+02	 1.5388e+04
 9.0000e+05	 1.5307e+04	 1.5338e+00	 3.1417e-02	 3.2315e+02	 1.5390e+04
 1.0000e+02	 1.5388e+04	 1.8487e+00	 4.1718e-02	 3.2315e+02	 1.5400e+04
 1.5000e+02	 1.5388e+04	 1.8398e+00	 4.3150e-02	 3.2315e+02	 1.5402e+04
 2.2500e+02	 1.5388e+04	 1.8295e+00	 4.5019e-02	 3.2315e+02	 1.5408e+04
 3.3750e+02	 1.5388e+04	 1.8183e+00	 4.8188e-02	 3.2315e+02	 1.5410e+04
 5.0625e+02	 1.5388e+04	 1.8058e+00	 5.1650e-02	 3.2315e+02	 1.5413e+04
 7.5938e+02	 1.5388e+04	 1.7918e+00	 5.4976e-02	 3.2315e+02	 1.5415e+04
 1.1391e+03	 1.5388e+04	 1.7767e+00	 5.7602e-02	 3.2315e+02	 1.5418e+04
 1.7086e+03	 1.5388e+04	 1.7609e+00	 5.9316e-02	 3.2315e+02	 1.5421e+04
 2.5629e+03	 1.5388e+04	 1.7448e+00	 5.9913e-02	 3.2315e+02	 1.5426e+04
 3.8443e+03	 1.5388e+04	 1.7292e+00	 5.9771e-02	 3.2315e+02	 1.5428e+04
 5.7665e+03	 1.5388e+04	 1.7145e+00	 5.9641e-02	 3.2315e+02	 1.5431e+04
 8.6498e+03	 1.5388e+04	 1.7007e+00	 6.0451e-02	 3.2315e+02	 1.5433e+04
 1.2975e+04	 1.5388e+04	 1.6861e+00	 6.2795e-02	 3.2315e+02	 1.5438e+04
 1.9462e+04	 1.5388e+04	 1.6705e+00	 6.6853e-02	 3.2315e+02	 1.5441e+04
 2.9193e+04	 1.5388e+04	 1.6515e+00	 7.1421e-02	 3.2315e+02	 1.5446e+04
 4.3789e+04	 1.5388e+04	 1.6294e+00	 7.4064e-02	 3.2315e+02	 1.5449e+04
 6.5684e+04	 1.5388e+04	 1.6059e+00	 7.2541e-02	 3.2315e+02	 1.5451e+04
 9.8526e+04	 1.5388e+04	 1.5841e+00	 6.6042e-02	 3.2315e+02	 1.5456e+04
 1.4779e+05	 1.5388e+04	 1.5666e+00	 5.7396e-02	 3.2315e+02	 1.5459e+04
 2.2168e+05	 1.5388e+04	 1.5537e+00	 4.8326e-02	 3.2315e+02	 1.5461e+04
 3.3253e+05	 1.5388e+04	 1.5439e+00	 4.1205e-02	 3.2315e+02	 1.5464e+04
 4.9879e+05	 1.5388e+04	 1.5433e+00	 3.5439e-02	 3.2315e+02	 1.5466e+04
 7.4818e+05	 1.5388e+04	 1.5366e+00	 3.2488e-02	 3.2315e+02	 1.5469e+04
 9.0000e+05	 1.5388e+04	 1.5339e+00	 3.1392e-02	 3.2315e+02	 1.5471e+04
 1.0000e+02	 1.5469e+04	 1.8489e+00	 4.0727e-02	 3.2315e+02	 1.5481e+04
 1.5000e+02	 1.5469e+04	 1.8396e+00	 4.2461e-02	 3.2315e+02	 1.5483e+04
 2.2500e+02	 1.5469e+04	 1.8296e+00	 4.5093e-02	 3.2315e+02	 1.5488e+04
 3.3750e+02	 1.5469e+04	 1.8184e+00	 4.8270e-02	 3.2315e+02	 1.5491e+04
 5.0625e+02	 1.5469e+04	 1.8059e+00	 5.1751e-02	 3.2315e+02	 1.5493e+04
 7.5938e+02	 1.5469e+04	 1.7919e+00	 5.4942e-02	 3.2315e+02	 1.5496e+04
 1.1391e+03	 1.5469e+04	 1.7766e+00	 5.7640e-02	 3.2315e+02	 1.5498e+04
 1.7086e+03	 1.5469e+04	 1.7610e+00	 5.9312e-02	 3.2315e+02	 1.5501e+04
 2.5629e+03	 1.5469e+04	 1.7448e+00	 5.9889e-02	 3.2315e+02	 1.5506e+04
 3.8443e+03	 1.5469e+04	 1.7293e+00	 5.9780e-02	 3.2315e+02	 1.5509e+04
 5.7665e+03	 1.5469e+04	 1.7145e+00	 5.9670e-02	 3.2315e+02	 1.5511e+04
 8.6498e+03	 1.5469e+04	 1.7007e+00	 6.0457e-02	 3.2315e+02	 1.5514e+04
 1.2975e+04	 1.5469e+04	 1.6862e+00	 6.2791e-02	 3.2314e+02	 1.5519e+04
 1.9462e+04	 1.5469e+04	 1.6706e+00	 6.6843e-02	 3.2315e+02	 1.5521e+04
 2.9193e+04	 1.5469e+04	 1.6516e+00	 7.1435e-02	 3.2315e+02	 1.5527e+04
 4.3789e+04	 1.5469e+04	 1.6296e+00	 7.4125e-02	 3.2315e+02	 1.5529e+04
 6.5684e+04	 1.5469e+04	 1.6059e+00	 7.2563e-02	 3.2315e+02	 1.5532e+04
 9.8526e+04	 1.5469e+04	 1.5841e+00	 6.5978e-02	 3.2315e+02	 1.5537e+04
 1.4779e+05	 1.5469e+04	 1.5668e+00	 5.7301e-02	 3.2315e+02	 1.5539e+04
 2.2168e+05	 1.5469e+04	 1.5537e+00	 4.8382e-02	 3.2315e+02	 1.5542e+04
 3.3253e+05	 1.5469e+04	 1.5440e+00	 4.0956e-02	 3.2315e+02	 1.5545e+04
 4.9879e+05	 1.5469e+04	 1.5434e+00	 3.5399e-02	 3.2315e+02	 1.5547e+04
 7.4818e+05	 1.5469e+04	 1.5366e+00	 3.2355e-02	 3.2315e+02	 1.5550e+04
 9.0000e+05	 1.5469e+04	 1.5339e+00	 3.1433e-02	 3.2315e+02	 1.5552e+04
 1.0000e+02	 1.5549e+04	 1.8488e+00	 4.1207e-02	 3.2315e+02	 1.5561e+04
 1.5000e+02	 1.5549e+04	 1.8400e+00	 4.2401e-02	 3.2315e+02	 1.5564e+04
 2.2500e+02	 1.5549e+04	 1.8297e+00	 4.5174e-02	 3.2315e+02	 1.5569e+04
 3.3750e+02	 1.5549e+04	 1.8185e+00	 4.8269e-02	 3.2315e+02	 1.5571e+04
 5.0625e+02	 1.5549e+04	 1.8059e+00	 5.1701e-02	 3.2315e+02	 1.5574e+04
 7.5938e+02	 1.5549e+04	 1.7919e+00	 5.5011e-02	 3.2315e+02	 1.5577e+04
 1.1391e+03	 1.5549e+04	 1.7767e+00	 5.7607e-02	 3.2314e+02	 1.5579e+04
 1.7086e+03	 1.5549e+04	 1.7610e+00	 5.9338e-02	 3.2315e+02	 1.5582e+04
 2.5629e+03	 1.5549e+04	 1.7448e+00	 5.9896e-02	 3.2315e+02	 1.5587e+04
 3.8443e+03	 1.5549e+04	 1.7293e+00	 5.9777e-02	 3.2315e+02	 1.5590e+04
 5.7665e+03	 1.5549e+04	 1.7146e+00	 5.9682e-02	 3.2315e+02	 1.5592e+04
 8.6498e+03	 1.5549e+04	 1.7008e+00	 6.0468e-02	 3.2314e+02	 1.5595e+04
 1.2975e+04	 1.5549e+04	 1.6862e+00	 6.2808e-02	 3.2315e+02	 1.5600e+04
 1.9462e+04	 1.5549e+04	 1.6707e+00	 6.6836e-02	 3.2315e+02	 1.5602e+04
 2.9193e+04	 1.5549e+04	 1.6516e+00	 7.1386e-02	 3.2315e+02	 1.5608e+04
 4.3789e+04	 1.5549e+04	 1.6295e+00	 7.4067e-02	 3.2315e+02	 1.5610e+04
 6.5684e+04	 1.5549e+04	 1.6060e+00	 7.2520e-02	 3.2315e+02	 1.5613e+04
 9.8526e+04	 1.5549e+04	 1.5842e+00	 6.5965e-02	 3.2315e+02	 1.5618e+04
 1.4779e+05	 1.5549e+04	 1.5668e+00	 5.7286e-02	 3.2315e+02	 1.5620e+04
 2.2168e+05	 1.5549e+04	 1.5538e+00	 4.8373e-02	 3.2315e+02	 1.5623e+04
 3.3253e+05	 1.5549e+04	 1.5440e+00	 4.0972e-02	 3.2314e+02	 1.5625e+04
 4.9879e+05	 1.5549e+04	 1.5434e+00	 3.5359e-02	 3.2315e+02	 1.5628e+04
 7.4818e+05	 1.5549e+04	 1.5367e+00	 3.2444e-02	 3.2315e+02	 1.5631e+04
 9.0000e+05	 1.5549e+04	 1.5340e+00	 3.1399e-02	 3.2315e+02	 1.5633e+04
 1.0000e+02	 1.5630e+04	 1.8496e+00	 4.1405e-02	 3.2315e+02	 1.5642e+04
 1.5000e+02	 1.5630e+04	 1.8399e+00	 4.2789e-02	 3.2315e+02	 1.5645e+04
 2.2500e+02	 1.5630e+04	 1.8297e+00	 4.5191e-02	 3.2315e+02	 1.5650e+04
 3.3750e+02	 1.5630e+04	 1.8185e+00	 4.8321e-02	 3.2314e+02	 1.5652e+04
 5.0625e+02	 1.5630e+04	 1.8060e+00	 5.1765e-02	 3.2315e+02	 1.5655e+04
 7.5938e+02	 1.5630e+04	 1.7920e+00	 5.5060e-02	 3.2315e+02	 1.5658e+04
 1.1391e+03	 1.5630e+04	 1.7768e+00	 5.7669e-02	 3.2315e+02	 1.5660e+04
 1.7086e+03	 1.5630e+04	 1.7612e+00	 5.9300e-02	 3.2316e+02	 1.5663e+04
 2.5629e+03	 1.5630e+04	 1.7449e+00	 5.9852e-02	 3.2315e+02	 1.5668e+04
 3.8443e+03	 1.5630e+04	 1.7294e+00	 5.9760e-02	 3.2315e+02	 1.5670e+04
 5.7665e+03	 1.5630e+04	 1.7147e+00	 5.9690e-02	 3.2315e+02	 1.5673e+04
 8.6498e+03	 1.5630e+04	 1.7009e+00	 6.0446e-02	 3.2316e+02	 1.5676e+04
 1.2975e+04	 1.5630e+04	 1.6864e+00	 6.2777e-02	 3.2315e+02	 1.5681e+04
 1.9462e+04	 1.5630e+04	 1.6707e+00	 6.6816e-02	 3.2315e+02	 1.5684e+04
 2.9193e+04	 1.5630e+04	 1.6517e+00	 7.1376e-02	 3.2315e+02	 1.5689e+04
 4.3789e+04	 1.5630e+04	 1.6296e+00	 7.4112e-02	 3.2315e+02	 1.5691e+04
 6.5684e+04	 1.5630e+04	 1.6061e+00	 7.2525e-02	 3.2315e+02	 1.5694e+04
 9.8526e+04	 1.5630e+04	 1.5842e+00	 6.6116e-02	 3.2315e+02	 1.5699e+04
 1.4779e+05	 1.5630e+04	 1.5668e+00	 5.7413e-02	 3.2316e+02	 1.5701e+04
 2.2168e+05	 1.5630e+04	 1.5538e+00	 4.8446e-02	 3.2316e+02	 1.5704e+04
 3.3253e+05	 1.5630e+04	 1.5440e+00	 4.0989e-02	 3.2315e+02	 1.5707e+04
 4.9879e+05	 1.5630e+04	 1.5434e+00	 3.5416e-02	 3.2315e+02	 1.5709e+04
 7.4818e+05	 1.5630e+04	 1.5367e+00	 3.2355e-02	 3.2315e+02	 1.5712e+04
 9.0000e+05	 1.5630e+04	 1.5339e+00	 3.1537e-02	 3.2315e+02	 1.5714e+04
 1.0000e+02	 1.5712e+04	 1.8488e+00	 4.2452e-02	 3.2315e+02	 1.5724e+04
 1.5000e+02	 1.5712e+04	 1.8395e+00	 4.2818e-02	 3.2315e+02	 1.5726e+04
 2.2500e+02	 1.5712e+04	 1.8297e+00	 4.5157e-02	 3.2315e+02	 1.5731e+04
 3.3750e+02	 1.5712e+04	 1.8185e+00	 4.8277e-02	 3.2315e+02	 1.5734e+04
 5.0625e+02	 1.5712e+04	 1.8060e+00	 5.1834e-02	 3.2314e+02	 1.5736e+04
 7.5938e+02	 1.5712e+04	 1.7920e+00	 5.5070e-02	 3.2314e+02	 1.5739e+04
 1.1391e+03	 1.5712e+04	 1.7768e+00	 5.7661e-02	 3.2315e+02	 1.5741e+04
 1.7086e+03	 1.5712e+04	 1.7611e+00	 5.9280e-02	 3.2315e+02	 1.5744e+04
 2.5629e+03	 1.5712e+04	 1.7449e+00	 5.9898e-02	 3.2315e+02	 1.5749e+04
 3.8443e+03	 1.5712e+04	 1.7295e+00	 5.9780e-02	 3.2315e+02	 1.5751e+04
 5.7665e+03	 1.5712e+04	 1.7148e+00	 5.9630e-02	 3.2315e+02	 1.5754e+04
 8.6498e+03	 1.5712e+04	 1.7010e+00	 6.0438e-02	 3.2315e+02	 1.5757e+04
 1.2975e+04	 1.5712e+04	 1.6865e+00	 6.2755e-02	 3.2316e+02	 1.5762e+04
 1.9462e+04	 1.5712e+04	 1.6709e+00	 6.6833e-02	 3.2316e+02	 1.5764e+04
 2.9193e+04	 1.5712e+04	 1.6518e+00	 7.1391e-02	 3.2316e+02	 1.5769e+04
 4.3789e+04	 1.5712e+04	 1.6298e+00	 7.4087e-02	 3.2316e+02	 1.5772e+04
 6.5684e+04	 1.5712e+04	 1.6062e+00	 7.2528e-02	 3.2316e+02	 1.5775e+04
 9.8526e+04	 1.5712e+04	 1.5844e+00	 6.6051e-02	 3.2315e+02	 1.5780e+04
 1.4779e+05	 1.5712e+04	 1.5668e+00	 5.7399e-02	 3.2315e+02	 1.5782e+04
 2.2168e+05	 1.5712e+04	 1.5539e+00	 4.8362e-02	 3.2315e+02	 1.5785e+04
 3.3253e+05	 1.5712e+04	 1.5441e+00	 4.0974e-02	 3.2315e+02	 1.5787e+04
 4.9879e+05	 1.5712e+04	 1.5436e+00	 3.5419e-02	 3.2313e+02	 1.5790e+04
 7.4818e+05	 1.5712e+04	 1.5367e+00	 3.2464e-02	 3.2315e+02	 1.5793e+04
 9.0000e+05	 1.5712e+04	 1.5340e+00	 3.1410e-02	 3.2316e+02	 1.5795e+04
 1.0000e+02	 1.5792e+04	 1.8495e+00	 4.2265e-02	 3.2315e+02	 1.5804e+04
 1.5000e+02	 1.5792e+04	 1.8400e+00	 4.3753e-02	 3.2315e+02	 1.5807e+04
 2.2500e+02	 1.5792e+04	 1.8297e+00	 4.5757e-02	 3.2315e+02	 1.5812e+04
 3.3750e+02	 1.5792e+04	 1.8185e+00	 4.8458e-02	 3.2315e+02	 1.5815e+04
 5.0625e+02	 1.5792e+04	 1.8060e+00	 5.1820e-02	 3.2315e+02	 1.5817e+04
 7.5938e+02	 1.5792e+04	 1.7921e+00	 5.5025e-02	 3.2315e+02	 1.5820e+04
 1.1391e+03	 1.5792e+04	 1.7769e+00	 5.7706e-02	 3.2315e+02	 1.5822e+04
 1.7086e+03	 1.5792e+04	 1.7611e+00	 5.9349e-02	 3.2315e+02	 1.5825e+04
 2.5629e+03	 1.5792e+04	 1.7449e+00	 5.9899e-02	 3.2315e+02	 1.5830e+04
 3.8443e+03	 1.5792e+04	 1.7294e+00	 5.9722e-02	 3.2315e+02	 1.5833e+04
 5.7665e+03	 1.5792e+04	 1.7147e+00	 5.9635e-02	 3.2316e+02	 1.5835e+04
 8.6498e+03	 1.5792e+04	 1.7010e+00	 6.0398e-02	 3.2315e+02	 1.5838e+04
 1.2975e+04	 1.5792e+04	 1.6864e+00	 6.2743e-02	 3.2315e+02	 1.5843e+04
 1.9462e+04	 1.5792e+04	 1.6708e+00	 6.6840e-02	 3.2315e+02	 1.5846e+04
 2.9193e+04	 1.5792e+04	 1.6518e+00	 7.1416e-02	 3.2315e+02	 1.5851e+04
 4.3789e+04	 1.5792e+04	 1.6297e+00	 7.4110e-02	 3.2316e+02	 1.5853e+04
 6.5684e+04	 1.5792e+04	 1.6062e+00	 7.2443e-02	 3.2315e+02	 1.5856e+04
 9.8526e+04	 1.5792e+04	 1.5843e+00	 6.6231e-02	 3.2316e+02	 1.5861e+04
 1.4779e+05	 1.5792e+04	 1.5670e+00	 5.7258e-02	 3.2315e+02	 1.5864e+04
 2.2168e+05	 1.5792e+04	 1.5539e+00	 4.8365e-02	 3.2315e+02	 1.5866e+04
 3.3253e+05	 1.5792e+04	 1.5441e+00	 4.1036e-02	 3.2315e+02	 1.5869e+04
 4.9879e+05	 1.5792e+04	 1.5436e+00	 3.5420e-02	 3.2315e+02	 1.5872e+04
 7.4818e+05	 1.5792e+04	 1.5368e+00	 3.2477e-02	 3.2315e+02	 1.5874e+04
 9.0000e+05	 1.5792e+04	 1.5340e+00	 3.1413e-02	 3.2316e+02	 1.5877e+04
 1.0000e+02	 1.5874e+04	 1.8488e+00	 4.2453e-02	 3.2315e+02	 1.5886e+04
 1.5000e+02	 1.5874e+04	 1.8397e+00	 4.3753e-02	 3.2315e+02	 1.5888e+04
 2.2500e+02	 1.5874e+04	 1.8299e+00	 4.5293e-02	 3.2314e+02	 1.5894e+04
 3.3750e+02	 1.5874e+04	 1.8186e+00	 4.8458e-02	 3.2315e+02	 1.5896e+04
 5.0625e+02	 1.5874e+04	 1.8061e+00	 5.1932e-02	 3.2314e+02	 1.5899e+04
 7.5938e+02	 1.5874e+04	 1.7920e+00	 5.5117e-02	 3.2315e+02	 1.5901e+04
 1.1391e+03	 1.5874e+04	 1.7769e+00	 5.7751e-02	 3.2314e+02	 1.5904e+04
 1.7086e+03	 1.5874e+04	 1.7612e+00	 5.9350e-02	 3.2315e+02	 1.5906e+04
 2.5629e+03	 1.5874e+04	 1.7449e+00	 5.9978e-02	 3.2314e+02	 1.5912e+04
 3.8443e+03	 1.5874e+04	 1.7295e+00	 5.9718e-02	 3.2315e+02	 1.5914e+04
 5.7665e+03	 1.5874e+04	 1.7149e+00	 5.9620e-02	 3.2314e+02	 1.5917e+04
 8.6498e+03	 1.5874e+04	 1.7010e+00	 6.0380e-02	 3.2314e+02	 1.5919e+04
 1.2975e+04	 1.5874e+04	 1.6865e+00	 6.2777e-02	 3.2315e+02	 1.5924e+04
 1.9462e+04	 1.5874e+04	 1.6709e+00	 6.6827e-02	 3.2315e+02	 1.5927e+04
 2.9193e+04	 1.5874e+04	 1.6519e+00	 7.1413e-02	 3.2315e+02	 1.5932e+04
 4.3789e+04	 1.5874e+04	 1.6299e+00	 7.4106e-02	 3.2315e+02	 1.5935e+04
 6.5684e+04	 1.5874e+04	 1.6063e+00	 7.2485e-02	 3.2315e+02	 1.5937e+04
 9.8526e+04	 1.5874e+04	 1.5844e+00	 6.5982e-02	 3.2315e+02	 1.5943e+04
 1.4779e+05	 1.5874e+04	 1.5669e+00	 5.7337e-02	 3.2315e+02	 1.5945e+04
 2.2168e+05	 1.5874e+04	 1.5541e+00	 4.8312e-02	 3.2315e+02	 1.5948e+04
 3.3253e+05	 1.5874e+04	 1.5443e+00	 4.1162e-02	 3.2315e+02	 1.5950e+04
 4.9879e+05	 1.5874e+04	 1.5437e+00	 3.5381e-02	 3.2315e+02	 1.5953e+04
 7.4818e+05	 1.5874e+04	 1.5369e+00	 3.2325e-02	 3.2315e+02	 1.5955e+04
 9.0000e+05	 1.5874e+04	 1.5342e+00	 3.1462e-02	 3.2316e+02	 1.5958e+04
 1.0000e+02	 1.5955e+04	 1.8492e+00	 4.1221e-02	 3.2315e+02	 1.5967e+04
 1.5000e+02	 1.5955e+04	 1.8400e+00	 4.3057e-02	 3.2315e+02	 1.5969e+04
 2.2500e+02	 1.5955e+04	 1.8300e+00	 4.5428e-02	 3.2315e+02	 1.5975e+04
 3.3750e+02	 1.5955e+04	 1.8187e+00	 4.8477e-02	 3.2315e+02	 1.5977e+04
 5.0625e+02	 1.5955e+04	 1.8061e+00	 5.1825e-02	 3.2315e+02	 1.5980e+04
 7.5938e+02	 1.5955e+04	 1.7921e+00	 5.5128e-02	 3.2315e+02	 1.5982e+04
 1.1391e+03	 1.5955e+04	 1.7770e+00	 5.7715e-02	 3.2315e+02	 1.5985e+04
 1.7086e+03	 1.5955e+04	 1.7613e+00	 5.9451e-02	 3.2315e+02	 1.5987e+04
 2.5629e+03	 1.5955e+04	 1.7450e+00	 5.9860e-02	 3.2315e+02	 1.5993e+04
 3.8443e+03	 1.5955e+04	 1.7295e+00	 5.9711e-02	 3.2315e+02	 1.5995e+04
 5.7665e+03	 1.5955e+04	 1.7148e+00	 5.9604e-02	 3.2315e+02	 1.5998e+04
 8.6498e+03	 1.5955e+04	 1.7011e+00	 6.0401e-02	 3.2315e+02	 1.6000e+04
 1.2975e+04	 1.5955e+04	 1.6866e+00	 6.2745e-02	 3.2315e+02	 1.6006e+04
 1.9462e+04	 1.5955e+04	 1.6710e+00	 6.6807e-02	 3.2315e+02	 1.6008e+04
 2.9193e+04	 1.5955e+04	 1.6520e+00	 7.1444e-02	 3.2315e+02	 1.6013e+04
 4.3789e+04	 1.5955e+04	 1.6298e+00	 7.4075e-02	 3.2315e+02	 1.6016e+04
 6.5684e+04	 1.5955e+04	 1.6062e+00	 7.2478e-02	 3.2315e+02	 1.6018e+04
 9.8526e+04	 1.5955e+04	 1.5845e+00	 6.6224e-02	 3.2315e+02	 1.6023e+04
 1.4779e+05	 1.5955e+04	 1.5671e+00	 5.7123e-02	 3.2315e+02	 1.6026e+04
 2.2168e+05	 1.5955e+04	 1.5541e+00	 4.8349e-02	 3.2315e+02	 1.6028e+04
 3.3253e+05	 1.5955e+04	 1.5444e+00	 4.0969e-02	 3.2316e+02	 1.6031e+04
 4.9879e+05	 1.5955e+04	 1.5437e+00	 3.5483e-02	 3.2315e+02	 1.6034e+04
 7.4818e+05	 1.5955e+04	 1.5370e+00	 3.2359e-02	 3.2315e+02	 1.6036e+04
 9.0000e+05	 1.5955e+04	 1.5342e+00	 3.1424e-02	 3.2315e+02	 1.6039e+04
 1.0000e+02	 1.6036e+04	 1.8495e+00	 4.1605e-02	 3.2315e+02	 1.6048e+04
 1.5000e+02	 1.6036e+04	 1.8397e+00	 4.3726e-02	 3.2315e+02	 1.6050e+04
 2.2500e+02	 1.6036e+04	 1.8300e+00	 4.5260e-02	 3.2315e+02	 1.6056e+04
 3.3750e+02	 1.6036e+04	 1.8188e+00	 4.8394e-02	 3.2315e+02	 1.6058e+04
 5.0625e+02	 1.6036e+04	 1.8062e+00	 5.1845e-02	 3.2315e+02	 1.6061e+04
 7.5938e+02	 1.6036e+04	 1.7922e+00	 5.5073e-02	 3.2315e+02	 1.6063e+04
 1.1391e+03	 1.6036e+04	 1.7770e+00	 5.7743e-02	 3.2315e+02	 1.6066e+04
 1.7086e+03	 1.6036e+04	 1.7612e+00	 5.9348e-02	 3.2315e+02	 1.6068e+04
 2.5629e+03	 1.6036e+04	 1.7451e+00	 5.9888e-02	 3.2315e+02	 1.6074e+04
 3.8443e+03	 1.6036e+04	 1.7296e+00	 5.9749e-02	 3.2315e+02	 1.6076e+04
 5.7665e+03	 1.6036e+04	 1.7149e+00	 5.9636e-02	 3.2315e+02	 1.6079e+04
 8.6498e+03	 1.6036e+04	 1.7011e+00	 6.0380e-02	 3.2315e+02	 1.6081e+04
 1.2975e+04	 1.6036e+04	 1.6866e+00	 6.2693e-02	 3.2315e+02	 1.6087e+04
 1.9462e+04	 1.6036e+04	 1.6710e+00	 6.6783e-02	 3.2314e+02	 1.6089e+04
 2.9193e+04	 1.6036e+04	 1.6519e+00	 7.1309e-02	 3.2315e+02	 1.6094e+04
 4.3789e+04	 1.6036e+04	 1.6298e+00	 7.4050e-02	 3.2315e+02	 1.6097e+04
 6.5684e+04	 1.6036e+04	 1.6062e+00	 7.2477e-02	 3.2315e+02	 1.6099e+04
 9.8526e+04	 1.6036e+04	 1.5844e+00	 6.6143e-02	 3.2315e+02	 1.6105e+04
 1.4779e+05	 1.6036e+04	 1.5670e+00	 5.7186e-02	 3.2315e+02	 1.6107e+04
 2.2168e+05	 1.6036e+04	 1.5541e+00	 4.8347e-02	 3.2316e+02	 1.6110e+04
 3.3253e+05	 1.6036e+04	 1.5444e+00	 4.1134e-02	 3.2315e+02	 1.6112e+04
 4.9879e+05	 1.6036e+04	 1.5436e+00	 3.5445e-02	 3.2315e+02	 1.6115e+04
 7.4818e+05	 1.6036e+04	 1.5369e+00	 3.2343e-02	 3.2315e+02	 1.6117e+04
 9.0000e+05	 1.6036e+04	 1.5342e+00	 3.1425e-02	 3.2315e+02	 1.6120e+04
 1.0000e+02	 1.6117e+04	 1.8496e+00	 4.0898e-02	 3.2315e+02	 1.6129e+04
 1.5000e+02	 1.6117e+04	 1.8398e+00	 4.2637e-02	 3.2315e+02	 1.6131e+04
 2.2500e+02	 1.6117e+04	 1.8300e+00	 4.5256e-02	 3.2315e+02	 1.6137e+04
 3.3750e+02	 1.6117e+04	 1.8189e+00	 4.8411e-02	 3.2315e+02	 1.6139e+04
 5.0625e+02	 1.6117e+04	 1.8062e+00	 5.1809e-02	 3.2315e+02	 1.6142e+04
 7.5938e+02	 1.6117e+04	 1.7922e+00	 5.5172e-02	 3.2315e+02	 1.6144e+04
 1.1391e+03	 1.6117e+04	 1.7770e+00	 5.7702e-02	 3.2315e+02	 1.6147e+04
 1.7086e+03	 1.6117e+04	 1.7613e+00	 5.9349e-02	 3.2315e+02	 1.6150e+04
 2.5629e+03	 1.6117e+04	 1.7451e+00	 5.9910e-02	 3.2314e+02	 1.6155e+04
 3.8443e+03	 1.6117e+04	 1.7296e+00	 5.9712e-02	 3.2315e+02	 1.6157e+04
 5.7665e+03	 1.6117e+04	 1.7149e+00	 5.9595e-02	 3.2315e+02	 1.6160e+04
 8.6498e+03	 1.6117e+04	 1.7012e+00	 6.0389e-02	 3.2315e+02	 1.6162e+04
 1.2975e+04	 1.6117e+04	 1.6867e+00	 6.2730e-02	 3.2315e+02	 1.6167e+04
 1.9462e+04	 1.6117e+04	 1.6710e+00	 6.6777e-02	 3.2315e+02	 1.6170e+04
 2.9193e+04	 1.6117e+04	 1.6520e+00	 7.1347e-02	 3.2315e+02	 1.6175e+04
 4.3789e+04	 1.6117e+04	 1.6299e+00	 7.4066e-02	 3.2315e+02	 1.6177e+04
 6.5684e+04	 1.6117e+04	 1.6065e+00	 7.2476e-02	 3.2315e+02	 1.6180e+04
 9.8526e+04	 1.6117e+04	 1.5845e+00	 6.6145e-02	 3.2315e+02	 1.6186e+04
 1.4779e+05	 1.6117e+04	 1.5672e+00	 5.7167e-02	 3.2315e+02	 1.6188e+04
 2.2168e+05	 1.6117e+04	 1.5542e+00	 4.8379e-02	 3.2315e+02	 1.6190e+04
 3.3253e+05	 1.6117e+04	 1.5444e+00	 4.1203e-02	 3.2315e+02	 1.6193e+04
 4.9879e+05	 1.6117e+04	 1.5438e+00	 3.5419e-02	 3.2315e+02	 1.6195e+04
 7.4818e+05	 1.6117e+04	 1.5371e+00	 3.2390e-02	 3.2315e+02	 1.6198e+04
 9.0000e+05	 1.6117e+04	 1.5343e+00	 3.1407e-02	 3.2315e+02	 1.6201e+04
 1.0000e+02	 1.6198e+04	 1.8492e+00	 4.1565e-02	 3.2315e+02	 1.6210e+04
 1.5000e+02	 1.6198e+04	 1.8403e+00	 4.2318e-02	 3.2315e+02	 1.6212e+04
 2.2500e+02	 1.6198e+04	 1.8302e+00	 4.5185e-02	 3.2315e+02	 1.6218e+04
 3.3750e+02	 1.6198e+04	 1.8189e+00	 4.8351e-02	 3.2315e+02	 1.6220e+04
 5.0625e+02	 1.6198e+04	 1.8062e+00	 5.1827e-02	 3.2315e+02	 1.6222e+04
 7.5938e+02	 1.6198e+04	 1.7922e+00	 5.5086e-02	 3.2314e+02	 1.6225e+04
 1.1391e+03	 1.6198e+04	 1.7770e+00	 5.7793e-02	 3.2315e+02	 1.6228e+04
 1.7086e+03	 1.6198e+04	 1.7613e+00	 5.9323e-02	 3.2314e+02	 1.6230e+04
 2.5629e+03	 1.6198e+04	 1.7451e+00	 5.9916e-02	 3.2314e+02	 1.6236e+04
 3.8443e+03	 1.6198e+04	 1.7297e+00	 5.9703e-02	 3.2315e+02	 1.6238e+04
 5.7665e+03	 1.6198e+04	 1.7150e+00	 5.9587e-02	 3.2315e+02	 1.6241e+04
 8.6498e+03	 1.6198e+04	 1.7013e+00	 6.0396e-02	 3.2315e+02	 1.6243e+04
 1.2975e+04	 1.6198e+04	 1.6867e+00	 6.2684e-02	 3.2315e+02	 1.6248e+04
 1.9462e+04	 1.6198e+04	 1.6711e+00	 6.6791e-02	 3.2314e+02	 1.6251e+04
 2.9193e+04	 1.6198e+04	 1.6521e+00	 7.1419e-02	 3.2315e+02	 1.6256e+04
 4.3789e+04	 1.6198e+04	 1.6300e+00	 7.4057e-02	 3.2315e+02	 1.6259e+04
 6.5684e+04	 1.6198e+04	 1.6063e+00	 7.2506e-02	 3.2315e+02	 1.6261e+04
 9.8526e+04	 1.6198e+04	 1.5846e+00	 6.6193e-02	 3.2315e+02	 1.6266e+04
 1.4779e+05	 1.6198e+04	 1.5672e+00	 5.7119e-02	 3.2315e+02	 1.6269e+04
 2.2168e+05	 1.6198e+04	 1.5543e+00	 4.8405e-02	 3.2315e+02	 1.6271e+04
 3.3253e+05	 1.6198e+04	 1.5445e+00	 4.0953e-02	 3.2315e+02	 1.6274e+04
 4.9879e+05	 1.6198e+04	 1.5439e+00	 3.5410e-02	 3.2315e+02	 1.6277e+04
 7.4818e+05	 1.6198e+04	 1.5371e+00	 3.2344e-02	 3.2315e+02	 1.6279e+04
 9.0000e+05	 1.6198e+04	 1.5344e+00	 3.1456e-02	 3.2315e+02	 1.6282e+04
 1.0000e+02	 1.6279e+04	 1.8500e+00	 4.0991e-02	 3.2315e+02	 1.6291e+04
 1.5000e+02	 1.6279e+04	 1.8403e+00	 4.2803e-02	 3.2315e+02	 1.6293e+04
 2.2500e+02	 1.6279e+04	 1.8304e+00	 4.5204e-02	 3.2316e+02	 1.6299e+04
 3.3750e+02	 1.6279e+04	 1.8192e+00	 4.8417e-02	 3.2315e+02	 1.6301e+04
 5.0625e+02	 1.6279e+04	 1.8066e+00	 5.1829e-02	 3.2316e+02	 1.6304e+04
 7.5938e+02	 1.6279e+04	 1.7925e+00	 5.5132e-02	 3.2316e+02	 1.6306e+04
 1.1391e+03	 1.6279e+04	 1.7772e+00	 5.7740e-02	 3.2315e+02	 1.6309e+04
 1.7086e+03	 1.6279e+04	 1.7615e+00	 5.9354e-02	 3.2315e+02	 1.6312e+04
 2.5629e+03	 1.6279e+04	 1.7452e+00	 5.9891e-02	 3.2315e+02	 1.6317e+04
 3.8443e+03	 1.6279e+04	 1.7297e+00	 5.9716e-02	 3.2315e+02	 1.6319e+04
 5.7665e+03	 1.6279e+04	 1.7151e+00	 5.9578e-02	 3.2316e+02	 1.6322e+04
 8.6498e+03	 1.6279e+04	 1.7013e+00	 6.0361e-02	 3.2315e+02	 1.6324e+04
 1.2975e+04	 1.6279e+04	 1.6867e+00	 6.2696e-02	 3.2316e+02	 1.6329e+04
 1.9462e+04	 1.6279e+04	 1.6711e+00	 6.6729e-02	 3.2314e+02	 1.6332e+04
 2.9193e+04	 1.6279e+04	 1.6521e+00	 7.1306e-02	 3.2315e+02	 1.6337e+04
 4.3789e+04	 1.6279e+04	 1.6300e+00	 7.4077e-02	 3.2315e+02	 1.6339e+04
 6.5684e+04	 1.6279e+04	 1.6065e+00	 7.2444e-02	 3.2315e+02	 1.6342e+04
 9.8526e+04	 1.6279e+04	 1.5847e+00	 6.6218e-02	 3.2315e+02	 1.6347e+04
 1.4779e+05	 1.6279e+04	 1.5674e+00	 5.7195e-02	 3.2315e+02	 1.6349e+04
 2.2168e+05	 1.6279e+04	 1.5544e+00	 4.8307e-02	 3.2315e+02	 1.6352e+04
 3.3253e+05	 1.6279e+04	 1.5446e+00	 4.1142e-02	 3.2315e+02	 1.6355e+04
 4.9879e+05	 1.6279e+04	 1.5440e+00	 3.5397e-02	 3.2316e+02	 1.6357e+04
 7.4818e+05	 1.6279e+04	 1.5372e+00	 3.2478e-02	 3.2316e+02	 1.6360e+04
 9.0000e+05	 1.6279e+04	 1.5344e+00	 3.1403e-02	 3.2316e+02	 1.6362e+04
 1.0000e+02	 1.6360e+04	 1.8501e+00	 4.0997e-02	 3.2315e+02	 1.6372e+04
 1.5000e+02	 1.6360e+04	 1.8416e+00	 4.2849e-02	 3.2315e+02	 1.6374e+04
 2.2500e+02	 1.6360e+04	 1.8304e+00	 4.5427e-02	 3.2316e+02	 1.6380e+04
 3.3750e+02	 1.6360e+04	 1.8191e+00	 4.8474e-02	 3.2316e+02	 1.6382e+04
 5.0625e+02	 1.6360e+04	 1.8065e+00	 5.1919e-02	 3.2316e+02	 1.6385e+04
 7.5938e+02	 1.6360e+04	 1.7925e+00	 5.5170e-02	 3.2316e+02	 1.6387e+04
 1.1391e+03	 1.6360e+04	 1.7772e+00	 5.7860e-02	 3.2316e+02	 1.6390e+04
 1.7086e+03	 1.6360e+04	 1.7614e+00	 5.9437e-02	 3.2315e+02	 1.6393e+04
 2.5629e+03	 1.6360e+04	 1.7452e+00	 5.9948e-02	 3.2315e+02	 1.6398e+04
 3.8443e+03	 1.6360e+04	 1.7297e+00	 5.9782e-02	 3.2315e+02	 1.6400e+04
 5.7665e+03	 1.6360e+04	 1.7151e+00	 5.9580e-02	 3.2316e+02	 1.6403e+04
 8.6498e+03	 1.6360e+04	 1.7013e+00	 6.0350e-02	 3.2315e+02	 1.6405e+04
 1.2975e+04	 1.6360e+04	 1.6868e+00	 6.2719e-02	 3.2315e+02	 1.6411e+04
 1.9462e+04	 1.6360e+04	 1.6712e+00	 6.6779e-02	 3.2315e+02	 1.6413e+04
 2.9193e+04	 1.6360e+04	 1.6521e+00	 7.1293e-02	 3.2316e+02	 1.6418e+04
 4.3789e+04	 1.6360e+04	 1.6300e+00	 7.4047e-02	 3.2315e+02	 1.6421e+04
 6.5684e+04	 1.6360e+04	 1.6065e+00	 7.2471e-02	 3.2315e+02	 1.6424e+04
 9.8526e+04	 1.6360e+04	 1.5847e+00	 6.6161e-02	 3.2315e+02	 1.6429e+04
 1.4779e+05	 1.6360e+04	 1.5672e+00	 5.7157e-02	 3.2315e+02	 1.6431e+04
 2.2168e+05	 1.6360e+04	 1.5544e+00	 4.8356e-02	 3.2315e+02	 1.6434e+04
 3.3253e+05	 1.6360e+04	 1.5445e+00	 4.1192e-02	 3.2315e+02	 1.6437e+04
 4.9879e+05	 1.6360e+04	 1.5439e+00	 3.5413e-02	 3.2315e+02	 1.6439e+04
 7.4818e+05	 1.6360e+04	 1.5371e+00	 3.2364e-02	 3.2315e+02	 1.6442e+04
 9.0000e+05	 1.6360e+04	 1.5344e+00	 3.1498e-02	 3.2315e+02	 1.6444e+04
 1.0000e+02	 1.6441e+04	 1.8497e+00	 4.2421e-02	 3.2315e+02	 1.6454e+04
 1.5000e+02	 1.6441e+04	 1.8403e+00	 4.3255e-02	 3.2315e+02	 1.6456e+04
 2.2500e+02	 1.6441e+04	 1.8303e+00	 4.5600e-02	 3.2314e+02	 1.6462e+04
 3.3750e+02	 1.6441e+04	 1.8190e+00	 4.8589e-02	 3.2315e+02	 1.6464e+04
 5.0625e+02	 1.6441e+04	 1.8064e+00	 5.2033e-02	 3.2314e+02	 1.6467e+04
 7.5938e+02	 1.6441e+04	 1.7923e+00	 5.5271e-02	 3.2315e+02	 1.6469e+04
 1.1391e+03	 1.6441e+04	 1.7771e+00	 5.7834e-02	 3.2315e+02	 1.6472e+04
 1.7086e+03	 1.6441e+04	 1.7614e+00	 5.9394e-02	 3.2315e+02	 1.6474e+04
 2.5629e+03	 1.6441e+04	 1.7452e+00	 5.9852e-02	 3.2315e+02	 1.6480e+04
 3.8443e+03	 1.6441e+04	 1.7297e+00	 5.9753e-02	 3.2314e+02	 1.6482e+04
 5.7665e+03	 1.6441e+04	 1.7151e+00	 5.9585e-02	 3.2315e+02	 1.6485e+04
 8.6498e+03	 1.6441e+04	 1.7014e+00	 6.0354e-02	 3.2315e+02	 1.6487e+04
 1.2975e+04	 1.6441e+04	 1.6869e+00	 6.2695e-02	 3.2315e+02	 1.6492e+04
 1.9462e+04	 1.6441e+04	 1.6713e+00	 6.6786e-02	 3.2315e+02	 1.6495e+04
 2.9193e+04	 1.6441e+04	 1.6523e+00	 7.1330e-02	 3.2315e+02	 1.6500e+04
 4.3789e+04	 1.6441e+04	 1.6302e+00	 7.4082e-02	 3.2315e+02	 1.6502e+04
 6.5684e+04	 1.6441e+04	 1.6067e+00	 7.2452e-02	 3.2315e+02	 1.6505e+04
 9.8526e+04	 1.6441e+04	 1.5849e+00	 6.6231e-02	 3.2315e+02	 1.6510e+04
 1.4779e+05	 1.6441e+04	 1.5674e+00	 5.7169e-02	 3.2315e+02	 1.6513e+04
 2.2168e+05	 1.6441e+04	 1.5546e+00	 4.8329e-02	 3.2315e+02	 1.6516e+04
 3.3253e+05	 1.6441e+04	 1.5448e+00	 4.0939e-02	 3.2315e+02	 1.6518e+04
 4.9879e+05	 1.6441e+04	 1.5441e+00	 3.5366e-02	 3.2315e+02	 1.6521e+04
 7.4818e+05	 1.6441e+04	 1.5373e+00	 3.2345e-02	 3.2316e+02	 1.6523e+04
 9.0000e+05	 1.6441e+04	 1.5346e+00	 3.1441e-02	 3.2315e+02	 1.6526e+04
 1.0000e+02	 1.6523e+04	 1.8495e+00	 4.1825e-02	 3.2315e+02	 1.6535e+04
 1.5000e+02	 1.6523e+04	 1.8404e+00	 4.2967e-02	 3.2315e+02	 1.6537e+04
 2.2500e+02	 1.6523e+04	 1.8305e+00	 4.5453e-02	 3.2315e+02	 1.6543e+04
 3.3750e+02	 1.6523e+04	 1.8191e+00	 4.8513e-02	 3.2315e+02	 1.6545e+04
 5.0625e+02	 1.6523e+04	 1.8064e+00	 5.1897e-02	 3.2315e+02	 1.6548e+04
 7.5938e+02	 1.6523e+04	 1.7924e+00	 5.5152e-02	 3.2315e+02	 1.6550e+04
 1.1391e+03	 1.6523e+04	 1.7772e+00	 5.7762e-02	 3.2315e+02	 1.6553e+04
 1.7086e+03	 1.6523e+04	 1.7615e+00	 5.9342e-02	 3.2314e+02	 1.6555e+04
 2.5629e+03	 1.6523e+04	 1.7453e+00	 5.9845e-02	 3.2315e+02	 1.6561e+04
 3.8443e+03	 1.6523e+04	 1.7297e+00	 5.9714e-02	 3.2315e+02	 1.6563e+04
 5.7665e+03	 1.6523e+04	 1.7151e+00	 5.9569e-02	 3.2315e+02	 1.6565e+04
 8.6498e+03	 1.6523e+04	 1.7014e+00	 6.0313e-02	 3.2315e+02	 1.6568e+04
 1.2975e+04	 1.6523e+04	 1.6869e+00	 6.2699e-02	 3.2315e+02	 1.6573e+04
 1.9462e+04	 1.6523e+04	 1.6713e+00	 6.6727e-02	 3.2315e+02	 1.6576e+04
 2.9193e+04	 1.6523e+04	 1.6523e+00	 7.1324e-02	 3.2315e+02	 1.6581e+04
 4.3789e+04	 1.6523e+04	 1.6302e+00	 7.4046e-02	 3.2315e+02	 1.6583e+04
 6.5684e+04	 1.6523e+04	 1.6067e+00	 7.2512e-02	 3.2315e+02	 1.6586e+04
 9.8526e+04	 1.6523e+04	 1.5849e+00	 6.6017e-02	 3.2315e+02	 1.6591e+04
 1.4779e+05	 1.6523e+04	 1.5676e+00	 5.7203e-02	 3.2315e+02	 1.6593e+04
 2.2168e+05	 1.6523e+04	 1.5545e+00	 4.8391e-02	 3.2315e+02	 1.6596e+04
 3.3253e+05	 1.6523e+04	 1.5448e+00	 4.1127e-02	 3.2315e+02	 1.6598e+04
 4.9879e+05	 1.6523e+04	 1.5441e+00	 3.5448e-02	 3.2315e+02	 1.6601e+04
 7.4818e+05	 1.6523e+04	 1.5373e+00	 3.2349e-02	 3.2315e+02	 1.6604e+04
 9.0000e+05	 1.6523e+04	 1.5346e+00	 3.1513e-02	 3.2315e+02	 1.6606e+04
 1.0000e+02	 1.6604e+04	 1.8497e+00	 4.1409e-02	 3.2315e+02	 1.6616e+04
 1.5000e+02	 1.6604e+04	 1.8408e+00	 4.4194e-02	 3.2315e+02	 1.6618e+04
 2.2500e+02	 1.6604e+04	 1.8306e+00	 4.5650e-02	 3.2315e+02	 1.6624e+04
 3.3750e+02	 1.6604e+04	 1.8192e+00	 4.8639e-02	 3.2315e+02	 1.6626e+04
 5.0625e+02	 1.6604e+04	 1.8067e+00	 5.2039e-02	 3.2315e+02	 1.6629e+04
 7.5938e+02	 1.6604e+04	 1.7927e+00	 5.5338e-02	 3.2315e+02	 1.6631e+04
 1.1391e+03	 1.6604e+04	 1.7774e+00	 5.7852e-02	 3.2315e+02	 1.6634e+04
 1.7086e+03	 1.6604e+04	 1.7616e+00	 5.9383e-02	 3.2315e+02	 1.6636e+04
 2.5629e+03	 1.6604e+04	 1.7454e+00	 5.9858e-02	 3.2315e+02	 1.6642e+04
 3.8443e+03	 1.6604e+04	 1.7299e+00	 5.9694e-02	 3.2315e+02	 1.6644e+04
 5.7665e+03	 1.6604e+04	 1.7153e+00	 5.9552e-02	 3.2315e+02	 1.6646e+04
 8.6498e+03	 1.6604e+04	 1.7016e+00	 6.0339e-02	 3.2315e+02	 1.6649e+04
 1.2975e+04	 1.6604e+04	 1.6870e+00	 6.2690e-02	 3.2315e+02	 1.6654e+04
 1.9462e+04	 1.6604e+04	 1.6714e+00	 6.6785e-02	 3.2315e+02	 1.6657e+04
 2.9193e+04	 1.6604e+04	 1.6524e+00	 7.1376e-02	 3.2315e+02	 1.6662e+04
 4.3789e+04	 1.6604e+04	 1.6303e+00	 7.4080e-02	 3.2315e+02	 1.6665e+04
 6.5684e+04	 1.6604e+04	 1.6068e+00	 7.2443e-02	 3.2315e+02	 1.6667e+04
 9.8526e+04	 1.6604e+04	 1.5849e+00	 6.6044e-02	 3.2315e+02	 1.6672e+04
 1.4779e+05	 1.6604e+04	 1.5676e+00	 5.7347e-02	 3.2315e+02	 1.6675e+04
 2.2168e+05	 1.6604e+04	 1.5546e+00	 4.8292e-02	 3.2315e+02	 1.6677e+04
 3.3253e+05	 1.6604e+04	 1.5448e+00	 4.1028e-02	 3.2315e+02	 1.6680e+04
 4.9879e+05	 1.6604e+04	 1.5442e+00	 3.5329e-02	 3.2315e+02	 1.6682e+04
 7.4818e+05	 1.6604e+04	 1.5374e+00	 3.2444e-02	 3.2315e+02	 1.6685e+04
 9.0000e+05	 1.6604e+04	 1.5347e+00	 3.1377e-02	 3.2315e+02	 1.6687e+04
 1.0000e+02	 1.6684e+04	 1.8499e+00	 4.2082e-02	 3.2315e+02	 1.6697e+04
 1.5000e+02	 1.6684e+04	 1.8396e+00	 4.2595e-02	 3.2316e+02	 1.6699e+04
 2.2500e+02	 1.6684e+04	 1.8307e+00	 4.5446e-02	 3.2315e+02	 1.6704e+04
 3.3750e+02	 1.6684e+04	 1.8193e+00	 4.8778e-02	 3.2315e+02	 1.6707e+04
 5.0625e+02	 1.6684e+04	 1.8067e+00	 5.2458e-02	 3.2315e+02	 1.6709e+04
 7.5938e+02	 1.6684e+04	 1.7926e+00	 5.5723e-02	 3.2316e+02	 1.6712e+04
 1.1391e+03	 1.6684e+04	 1.7774e+00	 5.7857e-02	 3.2315e+02	 1.6714e+04
 1.7086e+03	 1.6684e+04	 1.7616e+00	 5.9510e-02	 3.2315e+02	 1.6717e+04
 2.5629e+03	 1.6684e+04	 1.7454e+00	 5.9951e-02	 3.2315e+02	 1.6722e+04
 3.8443e+03	 1.6684e+04	 1.7299e+00	 5.9742e-02	 3.2315e+02	 1.6725e+04
 5.7665e+03	 1.6684e+04	 1.7153e+00	 5.9635e-02	 3.2315e+02	 1.6727e+04
 8.6498e+03	 1.6684e+04	 1.7015e+00	 6.0339e-02	 3.2315e+02	 1.6730e+04
 1.2975e+04	 1.6684e+04	 1.6871e+00	 6.2695e-02	 3.2315e+02	 1.6735e+04
 1.9462e+04	 1.6684e+04	 1.6715e+00	 6.6763e-02	 3.2315e+02	 1.6738e+04
 2.9193e+04	 1.6684e+04	 1.6524e+00	 7.1345e-02	 3.2316e+02	 1.6743e+04
 4.3789e+04	 1.6684e+04	 1.6303e+00	 7.4024e-02	 3.2316e+02	 1.6745e+04
 6.5684e+04	 1.6684e+04	 1.6067e+00	 7.2471e-02	 3.2315e+02	 1.6748e+04
 9.8526e+04	 1.6684e+04	 1.5849e+00	 6.6220e-02	 3.2315e+02	 1.6753e+04
 1.4779e+05	 1.6684e+04	 1.5674e+00	 5.7185e-02	 3.2314e+02	 1.6755e+04
 2.2168e+05	 1.6684e+04	 1.5546e+00	 4.8322e-02	 3.2315e+02	 1.6758e+04
 3.3253e+05	 1.6684e+04	 1.5448e+00	 4.1014e-02	 3.2315e+02	 1.6760e+04
 4.9879e+05	 1.6684e+04	 1.5441e+00	 3.5409e-02	 3.2315e+02	 1.6763e+04
 7.4818e+05	 1.6684e+04	 1.5374e+00	 3.2453e-02	 3.2315e+02	 1.6765e+04
 9.0000e+05	 1.6684e+04	 1.5346e+00	 3.1391e-02	 3.2315e+02	 1.6768e+04
 1.0000e+02	 1.6765e+04	 1.8505e+00	 4.1666e-02	 3.2316e+02	 1.6777e+04
 1.5000e+02	 1.6765e+04	 1.8411e+00	 4.2920e-02	 3.2315e+02	 1.6780e+04
 2.2500e+02	 1.6765e+04	 1.8307e+00	 4.5509e-02	 3.2315e+02	 1.6785e+04
 3.3750e+02	 1.6765e+04	 1.8193e+00	 4.8945e-02	 3.2315e+02	 1.6787e+04
 5.0625e+02	 1.6765e+04	 1.8067e+00	 5.2504e-02	 3.2315e+02	 1.6790e+04
 7.5938e+02	 1.6765e+04	 1.7927e+00	 5.5519e-02	 3.2315e+02	 1.6792e+04
 1.1391e+03	 1.6765e+04	 1.7774e+00	 5.8122e-02	 3.2315e+02	 1.6795e+04
 1.7086e+03	 1.6765e+04	 1.7617e+00	 5.9642e-02	 3.2315e+02	 1.6798e+04
 2.5629e+03	 1.6765e+04	 1.7454e+00	 5.9965e-02	 3.2315e+02	 1.6803e+04
 3.8443e+03	 1.6765e+04	 1.7300e+00	 5.9754e-02	 3.2315e+02	 1.6805e+04
 5.7665e+03	 1.6765e+04	 1.7153e+00	 5.9534e-02	 3.2315e+02	 1.6808e+04
 8.6498e+03	 1.6765e+04	 1.7016e+00	 6.0310e-02	 3.2315e+02	 1.6810e+04
 1.2975e+04	 1.6765e+04	 1.6871e+00	 6.2672e-02	 3.2315e+02	 1.6815e+04
 1.9462e+04	 1.6765e+04	 1.6714e+00	 6.6767e-02	 3.2315e+02	 1.6818e+04
 2.9193e+04	 1.6765e+04	 1.6524e+00	 7.1347e-02	 3.2315e+02	 1.6823e+04
 4.3789e+04	 1.6765e+04	 1.6303e+00	 7.4043e-02	 3.2315e+02	 1.6826e+04
 6.5684e+04	 1.6765e+04	 1.6068e+00	 7.2475e-02	 3.2314e+02	 1.6828e+04
 9.8526e+04	 1.6765e+04	 1.5849e+00	 6.6016e-02	 3.2315e+02	 1.6833e+04
 1.4779e+05	 1.6765e+04	 1.5676e+00	 5.7160e-02	 3.2314e+02	 1.6836e+04
 2.2168e+05	 1.6765e+04	 1.5546e+00	 4.8394e-02	 3.2314e+02	 1.6838e+04
 3.3253e+05	 1.6765e+04	 1.5448e+00	 4.1209e-02	 3.2315e+02	 1.6841e+04
 4.9879e+05	 1.6765e+04	 1.5442e+00	 3.5405e-02	 3.2314e+02	 1.6844e+04
 7.4818e+05	 1.6765e+04	 1.5374e+00	 3.2458e-02	 3.2314e+02	 1.6846e+04
 9.0000e+05	 1.6765e+04	 1.5347e+00	 3.1376e-02	 3.2314e+02	 1.6849e+04
 1.0000e+02	 1.6846e+04	 1.8502e+00	 4.2321e-02	 3.2315e+02	 1.6858e+04
 1.5000e+02	 1.6846e+04	 1.8414e+00	 4.2676e-02	 3.2315e+02	 1.6861e+04
 2.2500e+02	 1.6846e+04	 1.8306e+00	 4.5538e-02	 3.2314e+02	 1.6866e+04
 3.3750e+02	 1.6846e+04	 1.8194e+00	 4.8614e-02	 3.2315e+02	 1.6868e+04
 5.0625e+02	 1.6846e+04	 1.8068e+00	 5.2027e-02	 3.2314e+02	 1.6871e+04
 7.5938e+02	 1.6846e+04	 1.7928e+00	 5.5329e-02	 3.2315e+02	 1.6873e+04
 1.1391e+03	 1.6846e+04	 1.7775e+00	 5.7879e-02	 3.2315e+02	 1.6876e+04
 1.7086e+03	 1.6846e+04	 1.7617e+00	 5.9390e-02	 3.2315e+02	 1.6879e+04
 2.5629e+03	 1.6846e+04	 1.7455e+00	 5.9951e-02	 3.2315e+02	 1.6884e+04
 3.8443e+03	 1.6846e+04	 1.7300e+00	 5.9670e-02	 3.2315e+02	 1.6886e+04
 5.7665e+03	 1.6846e+04	 1.7154e+00	 5.9515e-02	 3.2315e+02	 1.6889e+04
 8.6498e+03	 1.6846e+04	 1.7017e+00	 6.0248e-02	 3.2315e+02	 1.6891e+04
 1.2975e+04	 1.6846e+04	 1.6871e+00	 6.2675e-02	 3.2314e+02	 1.6896e+04
 1.9462e+04	 1.6846e+04	 1.6715e+00	 6.6737e-02	 3.2315e+02	 1.6899e+04
 2.9193e+04	 1.6846e+04	 1.6525e+00	 7.1388e-02	 3.2315e+02	 1.6904e+04
 4.3789e+04	 1.6846e+04	 1.6305e+00	 7.4094e-02	 3.2315e+02	 1.6906e+04
 6.5684e+04	 1.6846e+04	 1.6069e+00	 7.2519e-02	 3.2315e+02	 1.6909e+04
 9.8526e+04	 1.6846e+04	 1.5851e+00	 6.5949e-02	 3.2315e+02	 1.6914e+04
 1.4779e+05	 1.6846e+04	 1.5676e+00	 5.7227e-02	 3.2315e+02	 1.6916e+04
 2.2168e+05	 1.6846e+04	 1.5548e+00	 4.8280e-02	 3.2315e+02	 1.6919e+04
 3.3253e+05	 1.6846e+04	 1.5450e+00	 4.1049e-02	 3.2315e+02	 1.6922e+04
 4.9879e+05	 1.6846e+04	 1.5443e+00	 3.5464e-02	 3.2315e+02	 1.6924e+04
 7.4818e+05	 1.6846e+04	 1.5376e+00	 3.2359e-02	 3.2315e+02	 1.6927e+04
 9.0000e+05	 1.6846e+04	 1.5349e+00	 3.1402e-02	 3.2315e+02	 1.6929e+04
 1.0000e+02	 1.6926e+04	 1.8499e+00	 4.1259e-02	 3.2315e+02	 1.6939e+04
 1.5000e+02	 1.6926e+04	 1.8413e+00	 4.3120e-02	 3.2315e+02	 1.6941e+04
 2.2500e+02	 1.6926e+04	 1.8309e+00	 4.5346e-02	 3.2315e+02	 1.6947e+04
 3.3750e+02	 1.6926e+04	 1.8195e+00	 4.8665e-02	 3.2315e+02	 1.6949e+04
 5.0625e+02	 1.6926e+04	 1.8069e+00	 5.1940e-02	 3.2316e+02	 1.6952e+04
 7.5938e+02	 1.6926e+04	 1.7928e+00	 5.5254e-02	 3.2315e+02	 1.6954e+04
 1.1391e+03	 1.6926e+04	 1.7775e+00	 5.7774e-02	 3.2315e+02	 1.6957e+04
 1.7086e+03	 1.6926e+04	 1.7617e+00	 5.9369e-02	 3.2315e+02	 1.6960e+04
 2.5629e+03	 1.6926e+04	 1.7455e+00	 5.9812e-02	 3.2315e+02	 1.6965e+04
 3.8443e+03	 1.6926e+04	 1.7300e+00	 5.9660e-02	 3.2316e+02	 1.6967e+04
 5.7665e+03	 1.6926e+04	 1.7154e+00	 5.9566e-02	 3.2315e+02	 1.6970e+04
 8.6498e+03	 1.6926e+04	 1.7017e+00	 6.0285e-02	 3.2315e+02	 1.6972e+04
 1.2975e+04	 1.6926e+04	 1.6872e+00	 6.2644e-02	 3.2315e+02	 1.6977e+04
 1.9462e+04	 1.6926e+04	 1.6716e+00	 6.6744e-02	 3.2315e+02	 1.6980e+04
 2.9193e+04	 1.6926e+04	 1.6525e+00	 7.1380e-02	 3.2315e+02	 1.6985e+04
 4.3789e+04	 1.6926e+04	 1.6305e+00	 7.4028e-02	 3.2315e+02	 1.6988e+04
 6.5684e+04	 1.6926e+04	 1.6069e+00	 7.2444e-02	 3.2315e+02	 1.6990e+04
 9.8526e+04	 1.6926e+04	 1.5851e+00	 6.6187e-02	 3.2315e+02	 1.6996e+04
 1.4779e+05	 1.6926e+04	 1.5677e+00	 5.7088e-02	 3.2315e+02	 1.6998e+04
 2.2168e+05	 1.6926e+04	 1.5547e+00	 4.8291e-02	 3.2316e+02	 1.7001e+04
 3.3253e+05	 1.6926e+04	 1.5450e+00	 4.1155e-02	 3.2315e+02	 1.7003e+04
 4.9879e+05	 1.6926e+04	 1.5443e+00	 3.5387e-02	 3.2315e+02	 1.7006e+04
 7.4818e+05	 1.6926e+04	 1.5375e+00	 3.2358e-02	 3.2315e+02	 1.7008e+04
 9.0000e+05	 1.6926e+04	 1.5349e+00	 3.1442e-02	 3.2315e+02	 1.7011e+04
 1.0000e+02	 1.7008e+04	 1.8509e+00	 4.1173e-02	 3.2315e+02	 1.7020e+04
 1.5000e+02	 1.7008e+04	 1.8408e+00	 4.2867e-02	 3.2315e+02	 1.7022e+04
 2.2500e+02	 1.7008e+04	 1.8309e+00	 4.5353e-02	 3.2316e+02	 1.7027e+04
 3.3750e+02	 1.7008e+04	 1.8195e+00	 4.8467e-02	 3.2315e+02	 1.7030e+04
 5.0625e+02	 1.7008e+04	 1.8069e+00	 5.2073e-02	 3.2315e+02	 1.7032e+04
 7.5938e+02	 1.7008e+04	 1.7929e+00	 5.5263e-02	 3.2316e+02	 1.7035e+04
 1.1391e+03	 1.7008e+04	 1.7776e+00	 5.7819e-02	 3.2315e+02	 1.7038e+04
 1.7086e+03	 1.7008e+04	 1.7618e+00	 5.9451e-02	 3.2315e+02	 1.7040e+04
 2.5629e+03	 1.7008e+04	 1.7456e+00	 5.9891e-02	 3.2315e+02	 1.7045e+04
 3.8443e+03	 1.7008e+04	 1.7301e+00	 5.9670e-02	 3.2315e+02	 1.7048e+04
 5.7665e+03	 1.7008e+04	 1.7155e+00	 5.9495e-02	 3.2315e+02	 1.7050e+04
 8.6498e+03	 1.7008e+04	 1.7018e+00	 6.0292e-02	 3.2315e+02	 1.7053e+04
 1.2975e+04	 1.7008e+04	 1.6872e+00	 6.2655e-02	 3.2315e+02	 1.7058e+04
 1.9462e+04	 1.7008e+04	 1.6717e+00	 6.6766e-02	 3.2315e+02	 1.7061e+04
 2.9193e+04	 1.7008e+04	 1.6526e+00	 7.1375e-02	 3.2315e+02	 1.7066e+04
 4.3789e+04	 1.7008e+04	 1.6305e+00	 7.4097e-02	 3.2315e+02	 1.7069e+04
 6.5684e+04	 1.7008e+04	 1.6070e+00	 7.2481e-02	 3.2315e+02	 1.7071e+04
 9.8526e+04	 1.7008e+04	 1.5851e+00	 6.6003e-02	 3.2315e+02	 1.7076e+04
 1.4779e+05	 1.7008e+04	 1.5678e+00	 5.7179e-02	 3.2315e+02	 1.7079e+04
 2.2168e+05	 1.7008e+04	 1.5548e+00	 4.8287e-02	 3.2315e+02	 1.7082e+04
 3.3253e+05	 1.7008e+04	 1.5450e+00	 4.0968e-02	 3.2315e+02	 1.7084e+04
 4.9879e+05	 1.7008e+04	 1.5443e+00	 3.5414e-02	 3.2315e+02	 1.7087e+04
 7.4818e+05	 1.7008e+04	 1.5376e+00	 3.2422e-02	 3.2315e+02	 1.7089e+04
 9.0000e+05	 1.7008e+04	 1.5349e+00	 3.1386e-02	 3.2315e+02	 1.7092e+04
 1.0000e+02	 1.7089e+04	 1.8504e+00	 4.1074e-02	 3.2314e+02	 1.7101e+04
 1.5000e+02	 1.7089e+04	 1.8407e+00	 4.2288e-02	 3.2315e+02	 1.7103e+04
 2.2500e+02	 1.7089e+04	 1.8308e+00	 4.5501e-02	 3.2314e+02	 1.7109e+04
 3.3750e+02	 1.7089e+04	 1.8196e+00	 4.8549e-02	 3.2315e+02	 1.7111e+04
 5.0625e+02	 1.7089e+04	 1.8070e+00	 5.1930e-02	 3.2315e+02	 1.7114e+04
 7.5938e+02	 1.7089e+04	 1.7929e+00	 5.5261e-02	 3.2314e+02	 1.7116e+04
 1.1391e+03	 1.7089e+04	 1.7777e+00	 5.7851e-02	 3.2315e+02	 1.7119e+04
 1.7086e+03	 1.7089e+04	 1.7619e+00	 5.9418e-02	 3.2315e+02	 1.7121e+04
 2.5629e+03	 1.7089e+04	 1.7458e+00	 5.9834e-02	 3.2315e+02	 1.7126e+04
 3.8443e+03	 1.7089e+04	 1.7303e+00	 5.9648e-02	 3.2315e+02	 1.7129e+04
 5.7665e+03	 1.7089e+04	 1.7156e+00	 5.9488e-02	 3.2316e+02	 1.7132e+04
 8.6498e+03	 1.7089e+04	 1.7020e+00	 6.0291e-02	 3.2316e+02	 1.7134e+04
 1.2975e+04	 1.7089e+04	 1.6875e+00	 6.2620e-02	 3.2315e+02	 1.7139e+04
 1.9462e+04	 1.7089e+04	 1.6719e+00	 6.6733e-02	 3.2315e+02	 1.7142e+04
 2.9193e+04	 1.7089e+04	 1.6528e+00	 7.1333e-02	 3.2316e+02	 1.7147e+04
 4.3789e+04	 1.7089e+04	 1.6308e+00	 7.4067e-02	 3.2316e+02	 1.7149e+04
 6.5684e+04	 1.7089e+04	 1.6072e+00	 7.2482e-02	 3.2315e+02	 1.7152e+04
 9.8526e+04	 1.7089e+04	 1.5853e+00	 6.6003e-02	 3.2315e+02	 1.7157e+04
 1.4779e+05	 1.7089e+04	 1.5680e+00	 5.7338e-02	 3.2316e+02	 1.7160e+04
 2.2168e+05	 1.7089e+04	 1.5550e+00	 4.8309e-02	 3.2316e+02	 1.7162e+04
 3.3253e+05	 1.7089e+04	 1.5452e+00	 4.1186e-02	 3.2316e+02	 1.7165e+04
 4.9879e+05	 1.7089e+04	 1.5445e+00	 3.5307e-02	 3.2315e+02	 1.7167e+04
 7.4818e+05	 1.7089e+04	 1.5377e+00	 3.2471e-02	 3.2315e+02	 1.7170e+04
 9.0000e+05	 1.7089e+04	 1.5349e+00	 3.1384e-02	 3.2315e+02	 1.7172e+04
 1.0000e+02	 1.7169e+04	 1.8501e+00	 4.3337e-02	 3.2315e+02	 1.7181e+04
 1.5000e+02	 1.7169e+04	 1.8407e+00	 4.3747e-02	 3.2315e+02	 1.7184e+04
 2.2500e+02	 1.7169e+04	 1.8309e+00	 4.6280e-02	 3.2314e+02	 1.7189e+04
 3.3750e+02	 1.7169e+04	 1.8195e+00	 4.9364e-02	 3.2315e+02	 1.7191e+04
 5.0625e+02	 1.7169e+04	 1.8069e+00	 5.2569e-02	 3.2315e+02	 1.7194e+04
 7.5938e+02	 1.7169e+04	 1.7928e+00	 5.5600e-02	 3.2314e+02	 1.7197e+04
 1.1391e+03	 1.7169e+04	 1.7776e+00	 5.8234e-02	 3.2315e+02	 1.7199e+04
 1.7086e+03	 1.7169e+04	 1.7617e+00	 5.9485e-02	 3.2314e+02	 1.7202e+04
 2.5629e+03	 1.7169e+04	 1.7456e+00	 5.9875e-02	 3.2314e+02	 1.7207e+04
 3.8443e+03	 1.7169e+04	 1.7301e+00	 5.9668e-02	 3.2314e+02	 1.7210e+04
 5.7665e+03	 1.7169e+04	 1.7155e+00	 5.9515e-02	 3.2315e+02	 1.7212e+04
 8.6498e+03	 1.7169e+04	 1.7018e+00	 6.0277e-02	 3.2315e+02	 1.7215e+04
 1.2975e+04	 1.7169e+04	 1.6874e+00	 6.2654e-02	 3.2315e+02	 1.7220e+04
 1.9462e+04	 1.7169e+04	 1.6718e+00	 6.6681e-02	 3.2315e+02	 1.7222e+04
 2.9193e+04	 1.7169e+04	 1.6528e+00	 7.1378e-02	 3.2315e+02	 1.7227e+04
 4.3789e+04	 1.7169e+04	 1.6307e+00	 7.4085e-02	 3.2314e+02	 1.7230e+04
 6.5684e+04	 1.7169e+04	 1.6072e+00	 7.2453e-02	 3.2315e+02	 1.7232e+04
 9.8526e+04	 1.7169e+04	 1.5854e+00	 6.6157e-02	 3.2315e+02	 1.7238e+04
 1.4779e+05	 1.7169e+04	 1.5680e+00	 5.7064e-02	 3.2315e+02	 1.7240e+04
 2.2168e+05	 1.7169e+04	 1.5551e+00	 4.8376e-02	 3.2316e+02	 1.7243e+04
 3.3253e+05	 1.7169e+04	 1.5454e+00	 4.1141e-02	 3.2315e+02	 1.7245e+04
 4.9879e+05	 1.7169e+04	 1.5447e+00	 3.5275e-02	 3.2315e+02	 1.7248e+04
 7.4818e+05	 1.7169e+04	 1.5379e+00	 3.2425e-02	 3.2315e+02	 1.7250e+04
 9.0000e+05	 1.7169e+04	 1.5352e+00	 3.1376e-02	 3.2315e+02	 1.7253e+04
 1.0000e+02	 1.7250e+04	 1.8510e+00	 4.1631e-02	 3.2316e+02	 1.7262e+04
 1.5000e+02	 1.7250e+04	 1.8413e+00	 4.2749e-02	 3.2315e+02	 1.7264e+04
 2.2500e+02	 1.7250e+04	 1.8312e+00	 4.5355e-02	 3.2315e+02	 1.7270e+04
 3.3750e+02	 1.7250e+04	 1.8198e+00	 4.8636e-02	 3.2315e+02	 1.7272e+04
 5.0625e+02	 1.7250e+04	 1.8071e+00	 5.2021e-02	 3.2315e+02	 1.7275e+04
 7.5938e+02	 1.7250e+04	 1.7930e+00	 5.5267e-02	 3.2315e+02	 1.7278e+04
 1.1391e+03	 1.7250e+04	 1.7777e+00	 5.7889e-02	 3.2315e+02	 1.7280e+04
 1.7086e+03	 1.7250e+04	 1.7618e+00	 5.9419e-02	 3.2315e+02	 1.7283e+04
 2.5629e+03	 1.7250e+04	 1.7457e+00	 5.9925e-02	 3.2315e+02	 1.7288e+04
 3.8443e+03	 1.7250e+04	 1.7302e+00	 5.9639e-02	 3.2314e+02	 1.7291e+04
 5.7665e+03	 1.7250e+04	 1.7156e+00	 5.9502e-02	 3.2315e+02	 1.7293e+04
 8.6498e+03	 1.7250e+04	 1.7019e+00	 6.0282e-02	 3.2315e+02	 1.7296e+04
 1.2975e+04	 1.7250e+04	 1.6874e+00	 6.2602e-02	 3.2314e+02	 1.7301e+04
 1.9462e+04	 1.7250e+04	 1.6718e+00	 6.6721e-02	 3.2315e+02	 1.7303e+04
 2.9193e+04	 1.7250e+04	 1.6529e+00	 7.1306e-02	 3.2315e+02	 1.7308e+04
 4.3789e+04	 1.7250e+04	 1.6308e+00	 7.4058e-02	 3.2315e+02	 1.7311e+04
 6.5684e+04	 1.7250e+04	 1.6072e+00	 7.2477e-02	 3.2315e+02	 1.7314e+04
 9.8526e+04	 1.7250e+04	 1.5854e+00	 6.5978e-02	 3.2315e+02	 1.7319e+04
 1.4779e+05	 1.7250e+04	 1.5679e+00	 5.7175e-02	 3.2315e+02	 1.7321e+04
 2.2168e+05	 1.7250e+04	 1.5551e+00	 4.8268e-02	 3.2315e+02	 1.7324e+04
 3.3253e+05	 1.7250e+04	 1.5454e+00	 4.0977e-02	 3.2315e+02	 1.7326e+04
 4.9879e+05	 1.7250e+04	 1.5447e+00	 3.5287e-02	 3.2315e+02	 1.7329e+04
 7.4818e+05	 1.7250e+04	 1.5379e+00	 3.2418e-02	 3.2316e+02	 1.7332e+04
 9.0000e+05	 1.7250e+04	 1.5352e+00	 3.1373e-02	 3.2315e+02	 1.7334e+04
 1.0000e+02	 1.7331e+04	 1.8507e+00	 4.1903e-02	 3.2315e+02	 1.7344e+04
 1.5000e+02	 1.7331e+04	 1.8411e+00	 4.3034e-02	 3.2315e+02	 1.7346e+04
 2.2500e+02	 1.7331e+04	 1.8312e+00	 4.5506e-02	 3.2315e+02	 1.7352e+04
 3.3750e+02	 1.7331e+04	 1.8199e+00	 4.8611e-02	 3.2315e+02	 1.7354e+04
 5.0625e+02	 1.7331e+04	 1.8072e+00	 5.2093e-02	 3.2316e+02	 1.7357e+04
 7.5938e+02	 1.7331e+04	 1.7931e+00	 5.5327e-02	 3.2315e+02	 1.7359e+04
 1.1391e+03	 1.7331e+04	 1.7779e+00	 5.7881e-02	 3.2315e+02	 1.7362e+04
 1.7086e+03	 1.7331e+04	 1.7620e+00	 5.9439e-02	 3.2315e+02	 1.7364e+04
 2.5629e+03	 1.7331e+04	 1.7459e+00	 5.9917e-02	 3.2315e+02	 1.7369e+04
 3.8443e+03	 1.7331e+04	 1.7303e+00	 5.9647e-02	 3.2315e+02	 1.7372e+04
 5.7665e+03	 1.7331e+04	 1.7157e+00	 5.9492e-02	 3.2315e+02	 1.7374e+04
 8.6498e+03	 1.7331e+04	 1.7020e+00	 6.0300e-02	 3.2315e+02	 1.7377e+04
 1.2975e+04	 1.7331e+04	 1.6875e+00	 6.2640e-02	 3.2315e+02	 1.7382e+04
 1.9462e+04	 1.7331e+04	 1.6720e+00	 6.6715e-02	 3.2315e+02	 1.7385e+04
 2.9193e+04	 1.7331e+04	 1.6529e+00	 7.1378e-02	 3.2315e+02	 1.7390e+04
 4.3789e+04	 1.7331e+04	 1.6308e+00	 7.4016e-02	 3.2315e+02	 1.7392e+04
 6.5684e+04	 1.7331e+04	 1.6072e+00	 7.2460e-02	 3.2315e+02	 1.7395e+04
 9.8526e+04	 1.7331e+04	 1.5854e+00	 6.6157e-02	 3.2315e+02	 1.7400e+04
 1.4779e+05	 1.7331e+04	 1.5680e+00	 5.7042e-02	 3.2315e+02	 1.7402e+04
 2.2168e+05	 1.7331e+04	 1.5551e+00	 4.8367e-02	 3.2315e+02	 1.7405e+04
 3.3253e+05	 1.7331e+04	 1.5453e+00	 4.0916e-02	 3.2315e+02	 1.7407e+04
 4.9879e+05	 1.7331e+04	 1.5446e+00	 3.5413e-02	 3.2315e+02	 1.7410e+04
 7.4818e+05	 1.7331e+04	 1.5378e+00	 3.2356e-02	 3.2315e+02	 1.7413e+04
 9.0000e+05	 1.7331e+04	 1.5351e+00	 3.1526e-02	 3.2315e+02	 1.7415e+04
 1.0000e+02	 1.7412e+04	 1.8508e+00	 4.2759e-02	 3.2315e+02	 1.7425e+04
 1.5000e+02	 1.7412e+04	 1.8414e+00	 4.3355e-02	 3.2315e+02	 1.7427e+04
 2.2500e+02	 1.7412e+04	 1.8311e+00	 4.5675e-02	 3.2315e+02	 1.7432e+04
 3.3750e+02	 1.7412e+04	 1.8199e+00	 4.8874e-02	 3.2315e+02	 1.7435e+04
 5.0625e+02	 1.7412e+04	 1.8072e+00	 5.2348e-02	 3.2315e+02	 1.7437e+04
 7.5938e+02	 1.7412e+04	 1.7931e+00	 5.5488e-02	 3.2315e+02	 1.7440e+04
 1.1391e+03	 1.7412e+04	 1.7779e+00	 5.7981e-02	 3.2315e+02	 1.7443e+04
 1.7086e+03	 1.7412e+04	 1.7620e+00	 5.9493e-02	 3.2315e+02	 1.7445e+04
 2.5629e+03	 1.7412e+04	 1.7459e+00	 6.0033e-02	 3.2314e+02	 1.7451e+04
 3.8443e+03	 1.7412e+04	 1.7304e+00	 5.9727e-02	 3.2315e+02	 1.7453e+04
 5.7665e+03	 1.7412e+04	 1.7158e+00	 5.9525e-02	 3.2315e+02	 1.7456e+04
 8.6498e+03	 1.7412e+04	 1.7021e+00	 6.0275e-02	 3.2315e+02	 1.7458e+04
 1.2975e+04	 1.7412e+04	 1.6876e+00	 6.2627e-02	 3.2315e+02	 1.7463e+04
 1.9462e+04	 1.7412e+04	 1.6720e+00	 6.6734e-02	 3.2315e+02	 1.7466e+04
 2.9193e+04	 1.7412e+04	 1.6530e+00	 7.1324e-02	 3.2315e+02	 1.7471e+04
 4.3789e+04	 1.7412e+04	 1.6309e+00	 7.4066e-02	 3.2315e+02	 1.7474e+04
 6.5684e+04	 1.7412e+04	 1.6073e+00	 7.2477e-02	 3.2315e+02	 1.7476e+04
 9.8526e+04	 1.7412e+04	 1.5855e+00	 6.6119e-02	 3.2315e+02	 1.7481e+04
 1.4779e+05	 1.7412e+04	 1.5680e+00	 5.7125e-02	 3.2314e+02	 1.7484e+04
 2.2168e+05	 1.7412e+04	 1.5551e+00	 4.8286e-02	 3.2314e+02	 1.7486e+04
 3.3253e+05	 1.7412e+04	 1.5454e+00	 4.0905e-02	 3.2315e+02	 1.7489e+04
 4.9879e+05	 1.7412e+04	 1.5447e+00	 3.5463e-02	 3.2315e+02	 1.7491e+04
 7.4818e+05	 1.7412e+04	 1.5379e+00	 3.2326e-02	 3.2314e+02	 1.7494e+04
 9.0000e+05	 1.7412e+04	 1.5352e+00	 3.1457e-02	 3.2315e+02	 1.7496e+04
 1.0000e+02	 1.7494e+04	 1.8512e+00	 4.1252e-02	 3.2314e+02	 1.7505e+04
 1.5000e+02	 1.7494e+04	 1.8412e+00	 4.3405e-02	 3.2314e+02	 1.7508e+04
 2.2500e+02	 1.7494e+04	 1.8313e+00	 4.5707e-02	 3.2315e+02	 1.7513e+04
 3.3750e+02	 1.7494e+04	 1.8200e+00	 4.8817e-02	 3.2315e+02	 1.7516e+04
 5.0625e+02	 1.7494e+04	 1.8073e+00	 5.2614e-02	 3.2315e+02	 1.7518e+04
 7.5938e+02	 1.7494e+04	 1.7932e+00	 5.5714e-02	 3.2315e+02	 1.7521e+04
 1.1391e+03	 1.7494e+04	 1.7780e+00	 5.7964e-02	 3.2315e+02	 1.7523e+04
 1.7086e+03	 1.7494e+04	 1.7622e+00	 5.9404e-02	 3.2315e+02	 1.7526e+04
 2.5629e+03	 1.7494e+04	 1.7461e+00	 5.9889e-02	 3.2315e+02	 1.7531e+04
 3.8443e+03	 1.7494e+04	 1.7306e+00	 5.9665e-02	 3.2316e+02	 1.7534e+04
 5.7665e+03	 1.7494e+04	 1.7160e+00	 5.9453e-02	 3.2316e+02	 1.7536e+04
 8.6498e+03	 1.7494e+04	 1.7023e+00	 6.0242e-02	 3.2315e+02	 1.7539e+04
 1.2975e+04	 1.7494e+04	 1.6878e+00	 6.2633e-02	 3.2316e+02	 1.7544e+04
 1.9462e+04	 1.7494e+04	 1.6722e+00	 6.6756e-02	 3.2315e+02	 1.7546e+04
 2.9193e+04	 1.7494e+04	 1.6533e+00	 7.1346e-02	 3.2316e+02	 1.7552e+04
 4.3789e+04	 1.7494e+04	 1.6312e+00	 7.4021e-02	 3.2316e+02	 1.7554e+04
 6.5684e+04	 1.7494e+04	 1.6076e+00	 7.2482e-02	 3.2315e+02	 1.7557e+04
 9.8526e+04	 1.7494e+04	 1.5857e+00	 6.5954e-02	 3.2315e+02	 1.7562e+04
 1.4779e+05	 1.7494e+04	 1.5684e+00	 5.7220e-02	 3.2316e+02	 1.7564e+04
 2.2168e+05	 1.7494e+04	 1.5554e+00	 4.8302e-02	 3.2316e+02	 1.7567e+04
 3.3253e+05	 1.7494e+04	 1.5456e+00	 4.1116e-02	 3.2315e+02	 1.7569e+04
 4.9879e+05	 1.7494e+04	 1.5449e+00	 3.5462e-02	 3.2315e+02	 1.7572e+04
 7.4818e+05	 1.7494e+04	 1.5381e+00	 3.2319e-02	 3.2316e+02	 1.7575e+04
 9.0000e+05	 1.7494e+04	 1.5354e+00	 3.1481e-02	 3.2316e+02	 1.7577e+04
 1.0000e+02	 1.7574e+04	 1.8512e+00	 4.2119e-02	 3.2316e+02	 1.7587e+04
 1.5000e+02	 1.7574e+04	 1.8415e+00	 4.3023e-02	 3.2315e+02	 1.7589e+04
 2.2500e+02	 1.7574e+04	 1.8313e+00	 4.5665e-02	 3.2315e+02	 1.7594e+04
 3.3750e+02	 1.7574e+04	 1.8200e+00	 4.8770e-02	 3.2315e+02	 1.7597e+04
 5.0625e+02	 1.7574e+04	 1.8074e+00	 5.2108e-02	 3.2315e+02	 1.7599e+04
 7.5938e+02	 1.7574e+04	 1.7933e+00	 5.5360e-02	 3.2315e+02	 1.7602e+04
 1.1391e+03	 1.7574e+04	 1.7779e+00	 5.7928e-02	 3.2315e+02	 1.7605e+04
 1.7086e+03	 1.7574e+04	 1.7622e+00	 5.9473e-02	 3.2315e+02	 1.7607e+04
 2.5629e+03	 1.7574e+04	 1.7460e+00	 5.9832e-02	 3.2315e+02	 1.7612e+04
 3.8443e+03	 1.7574e+04	 1.7305e+00	 5.9634e-02	 3.2315e+02	 1.7615e+04
 5.7665e+03	 1.7574e+04	 1.7159e+00	 5.9426e-02	 3.2315e+02	 1.7617e+04
 8.6498e+03	 1.7574e+04	 1.7022e+00	 6.0225e-02	 3.2315e+02	 1.7620e+04
 1.2975e+04	 1.7574e+04	 1.6877e+00	 6.2641e-02	 3.2315e+02	 1.7625e+04
 1.9462e+04	 1.7574e+04	 1.6721e+00	 6.6731e-02	 3.2315e+02	 1.7627e+04
 2.9193e+04	 1.7574e+04	 1.6531e+00	 7.1377e-02	 3.2314e+02	 1.7632e+04
 4.3789e+04	 1.7574e+04	 1.6310e+00	 7.4071e-02	 3.2315e+02	 1.7635e+04
 6.5684e+04	 1.7574e+04	 1.6074e+00	 7.2526e-02	 3.2315e+02	 1.7637e+04
 9.8526e+04	 1.7574e+04	 1.5856e+00	 6.5967e-02	 3.2314e+02	 1.7643e+04
 1.4779e+05	 1.7574e+04	 1.5682e+00	 5.7169e-02	 3.2315e+02	 1.7645e+04
 2.2168e+05	 1.7574e+04	 1.5554e+00	 4.8273e-02	 3.2315e+02	 1.7648e+04
 3.3253e+05	 1.7574e+04	 1.5457e+00	 4.1022e-02	 3.2315e+02	 1.7651e+04
 4.9879e+05	 1.7574e+04	 1.5448e+00	 3.5451e-02	 3.2315e+02	 1.7653e+04
 7.4818e+05	 1.7574e+04	 1.5382e+00	 3.2318e-02	 3.2315e+02	 1.7656e+04
 9.0000e+05	 1.7574e+04	 1.5355e+00	 3.1469e-02	 3.2315e+02	 1.7658e+04
 1.0000e+02	 1.7656e+04	 1.8514e+00	 4.1824e-02	 3.2315e+02	 1.7668e+04
 1.5000e+02	 1.7656e+04	 1.8418e+00	 4.2945e-02	 3.2315e+02	 1.7670e+04
 2.2500e+02	 1.7656e+04	 1.8316e+00	 4.5576e-02	 3.2315e+02	 1.7675e+04
 3.3750e+02	 1.7656e+04	 1.8203e+00	 4.8718e-02	 3.2315e+02	 1.7678e+04
 5.0625e+02	 1.7656e+04	 1.8076e+00	 5.2123e-02	 3.2315e+02	 1.7680e+04
 7.5938e+02	 1.7656e+04	 1.7935e+00	 5.5399e-02	 3.2315e+02	 1.7683e+04
 1.1391e+03	 1.7656e+04	 1.7783e+00	 5.7942e-02	 3.2315e+02	 1.7686e+04
 1.7086e+03	 1.7656e+04	 1.7624e+00	 5.9436e-02	 3.2315e+02	 1.7688e+04
 2.5629e+03	 1.7656e+04	 1.7462e+00	 5.9919e-02	 3.2315e+02	 1.7693e+04
 3.8443e+03	 1.7656e+04	 1.7308e+00	 5.9671e-02	 3.2315e+02	 1.7696e+04
 5.7665e+03	 1.7656e+04	 1.7162e+00	 5.9451e-02	 3.2315e+02	 1.7699e+04
 8.6498e+03	 1.7656e+04	 1.7025e+00	 6.0240e-02	 3.2315e+02	 1.7701e+04
 1.2975e+04	 1.7656e+04	 1.6880e+00	 6.2610e-02	 3.2316e+02	 1.7706e+04
 1.9462e+04	 1.7656e+04	 1.6724e+00	 6.6720e-02	 3.2315e+02	 1.7709e+04
 2.9193e+04	 1.7656e+04	 1.6534e+00	 7.1384e-02	 3.2315e+02	 1.7714e+04
 4.3789e+04	 1.7656e+04	 1.6312e+00	 7.4059e-02	 3.2315e+02	 1.7716e+04
 6.5684e+04	 1.7656e+04	 1.6076e+00	 7.2452e-02	 3.2315e+02	 1.7719e+04
 9.8526e+04	 1.7656e+04	 1.5859e+00	 6.6159e-02	 3.2315e+02	 1.7724e+04
 1.4779e+05	 1.7656e+04	 1.5684e+00	 5.7212e-02	 3.2315e+02	 1.7726e+04
 2.2168e+05	 1.7656e+04	 1.5556e+00	 4.8364e-02	 3.2315e+02	 1.7729e+04
 3.3253e+05	 1.7656e+04	 1.5459e+00	 4.1164e-02	 3.2315e+02	 1.7731e+04
 4.9879e+05	 1.7656e+04	 1.5451e+00	 3.5385e-02	 3.2315e+02	 1.7734e+04
 7.4818e+05	 1.7656e+04	 1.5383e+00	 3.2284e-02	 3.2315e+02	 1.7737e+04
 9.0000e+05	 1.7656e+04	 1.5357e+00	 3.1431e-02	 3.2315e+02	 1.7739e+04
 1.0000e+02	 1.7736e+04	 1.8509e+00	 4.2027e-02	 3.2315e+02	 1.7748e+04
 1.5000e+02	 1.7736e+04	 1.8417e+00	 4.3176e-02	 3.2315e+02	 1.7751e+04
 2.2500e+02	 1.7736e+04	 1.8318e+00	 4.5575e-02	 3.2314e+02	 1.7756e+04
 3.3750e+02	 1.7736e+04	 1.8205e+00	 4.8680e-02	 3.2314e+02	 1.7758e+04
 5.0625e+02	 1.7736e+04	 1.8078e+00	 5.2142e-02	 3.2314e+02	 1.7761e+04
 7.5938e+02	 1.7736e+04	 1.7936e+00	 5.5425e-02	 3.2315e+02	 1.7763e+04
 1.1391e+03	 1.7736e+04	 1.7783e+00	 5.7979e-02	 3.2314e+02	 1.7766e+04
 1.7086e+03	 1.7736e+04	 1.7626e+00	 5.9440e-02	 3.2314e+02	 1.7769e+04
 2.5629e+03	 1.7736e+04	 1.7463e+00	 5.9931e-02	 3.2314e+02	 1.7774e+04
 3.8443e+03	 1.7736e+04	 1.7309e+00	 5.9660e-02	 3.2314e+02	 1.7776e+04
 5.7665e+03	 1.7736e+04	 1.7162e+00	 5.9453e-02	 3.2314e+02	 1.7779e+04
 8.6498e+03	 1.7736e+04	 1.7026e+00	 6.0254e-02	 3.2315e+02	 1.7781e+04
 1.2975e+04	 1.7736e+04	 1.6881e+00	 6.2629e-02	 3.2314e+02	 1.7786e+04
 1.9462e+04	 1.7736e+04	 1.6725e+00	 6.6714e-02	 3.2314e+02	 1.7789e+04
 2.9193e+04	 1.7736e+04	 1.6535e+00	 7.1350e-02	 3.2315e+02	 1.7794e+04
 4.3789e+04	 1.7736e+04	 1.6314e+00	 7.4002e-02	 3.2315e+02	 1.7797e+04
 6.5684e+04	 1.7736e+04	 1.6078e+00	 7.2457e-02	 3.2315e+02	 1.7799e+04
 9.8526e+04	 1.7736e+04	 1.5861e+00	 6.6118e-02	 3.2315e+02	 1.7804e+04
 1.4779e+05	 1.7736e+04	 1.5687e+00	 5.7214e-02	 3.2315e+02	 1.7807e+04
 2.2168e+05	 1.7736e+04	 1.5559e+00	 4.8226e-02	 3.2315e+02	 1.7809e+04
 3.3253e+05	 1.7736e+04	 1.5461e+00	 4.0901e-02	 3.2315e+02	 1.7812e+04
 4.9879e+05	 1.7736e+04	 1.5454e+00	 3.5384e-02	 3.2315e+02	 1.7814e+04
 7.4818e+05	 1.7736e+04	 1.5386e+00	 3.2374e-02	 3.2315e+02	 1.7817e+04
 9.0000e+05	 1.7736e+04	 1.5359e+00	 3.1392e-02	 3.2315e+02	 1.7820e+04
 1.0000e+02	 1.7817e+04	 1.8520e+00	 4.1268e-02	 3.2315e+02	 1.7829e+04
 1.5000e+02	 1.7817e+04	 1.8420e+00	 4.2508e-02	 3.2315e+02	 1.7831e+04
 2.2500e+02	 1.7817e+04	 1.8322e+00	 4.5644e-02	 3.2315e+02	 1.7836e+04
 3.3750e+02	 1.7817e+04	 1.8209e+00	 4.8754e-02	 3.2315e+02	 1.7839e+04
 5.0625e+02	 1.7817e+04	 1.8081e+00	 5.2263e-02	 3.2316e+02	 1.7841e+04
 7.5938e+02	 1.7817e+04	 1.7940e+00	 5.5425e-02	 3.2316e+02	 1.7844e+04
 1.1391e+03	 1.7817e+04	 1.7786e+00	 5.7995e-02	 3.2316e+02	 1.7847e+04
 1.7086e+03	 1.7817e+04	 1.7628e+00	 5.9506e-02	 3.2316e+02	 1.7849e+04
 2.5629e+03	 1.7817e+04	 1.7465e+00	 5.9916e-02	 3.2315e+02	 1.7854e+04
 3.8443e+03	 1.7817e+04	 1.7311e+00	 5.9657e-02	 3.2315e+02	 1.7857e+04
 5.7665e+03	 1.7817e+04	 1.7165e+00	 5.9467e-02	 3.2315e+02	 1.7859e+04
 8.6498e+03	 1.7817e+04	 1.7028e+00	 6.0224e-02	 3.2315e+02	 1.7862e+04
 1.2975e+04	 1.7817e+04	 1.6883e+00	 6.2651e-02	 3.2315e+02	 1.7867e+04
 1.9462e+04	 1.7817e+04	 1.6727e+00	 6.6685e-02	 3.2315e+02	 1.7869e+04
 2.9193e+04	 1.7817e+04	 1.6537e+00	 7.1363e-02	 3.2315e+02	 1.7875e+04
 4.3789e+04	 1.7817e+04	 1.6316e+00	 7.4053e-02	 3.2315e+02	 1.7877e+04
 6.5684e+04	 1.7817e+04	 1.6081e+00	 7.2431e-02	 3.2315e+02	 1.7880e+04
 9.8526e+04	 1.7817e+04	 1.5861e+00	 6.6078e-02	 3.2315e+02	 1.7885e+04
 1.4779e+05	 1.7817e+04	 1.5688e+00	 5.7047e-02	 3.2315e+02	 1.7888e+04
 2.2168e+05	 1.7817e+04	 1.5559e+00	 4.8355e-02	 3.2315e+02	 1.7890e+04
 3.3253e+05	 1.7817e+04	 1.5461e+00	 4.0958e-02	 3.2315e+02	 1.7893e+04
 4.9879e+05	 1.7817e+04	 1.5453e+00	 3.5451e-02	 3.2315e+02	 1.7895e+04
 7.4818e+05	 1.7817e+04	 1.5386e+00	 3.2344e-02	 3.2315e+02	 1.7898e+04
 9.0000e+05	 1.7817e+04	 1.5359e+00	 3.1518e-02	 3.2315e+02	 1.7900e+04
 1.0000e+02	 1.7897e+04	 1.8519e+00	 4.2081e-02	 3.2315e+02	 1.7909e+04
 1.5000e+02	 1.7897e+04	 1.8421e+00	 4.3157e-02	 3.2315e+02	 1.7912e+04
 2.2500e+02	 1.7897e+04	 1.8323e+00	 4.5642e-02	 3.2315e+02	 1.7917e+04
 3.3750e+02	 1.7897e+04	 1.8209e+00	 4.8727e-02	 3.2315e+02	 1.7919e+04
 5.0625e+02	 1.7897e+04	 1.8083e+00	 5.2222e-02	 3.2315e+02	 1.7922e+04
 7.5938e+02	 1.7897e+04	 1.7941e+00	 5.5456e-02	 3.2315e+02	 1.7924e+04
 1.1391e+03	 1.7897e+04	 1.7789e+00	 5.8026e-02	 3.2315e+02	 1.7927e+04
 1.7086e+03	 1.7897e+04	 1.7630e+00	 5.9515e-02	 3.2315e+02	 1.7929e+04
 2.5629e+03	 1.7897e+04	 1.7468e+00	 5.9928e-02	 3.2316e+02	 1.7935e+04
 3.8443e+03	 1.7897e+04	 1.7313e+00	 5.9641e-02	 3.2315e+02	 1.7937e+04
 5.7665e+03	 1.7897e+04	 1.7167e+00	 5.9503e-02	 3.2315e+02	 1.7939e+04
 8.6498e+03	 1.7897e+04	 1.7030e+00	 6.0227e-02	 3.2316e+02	 1.7942e+04
 1.2975e+04	 1.7897e+04	 1.6886e+00	 6.2617e-02	 3.2315e+02	 1.7945e+04
 1.9462e+04	 1.7897e+04	 1.6730e+00	 6.6703e-02	 3.2315e+02	 1.7948e+04
 2.9193e+04	 1.7897e+04	 1.6539e+00	 7.1307e-02	 3.2316e+02	 1.7953e+04
 4.3789e+04	 1.7897e+04	 1.6319e+00	 7.4086e-02	 3.2316e+02	 1.7955e+04
 6.5684e+04	 1.7897e+04	 1.6082e+00	 7.2506e-02	 3.2315e+02	 1.7958e+04
 9.8526e+04	 1.7897e+04	 1.5864e+00	 6.6000e-02	 3.2316e+02	 1.7963e+04
 1.4779e+05	 1.7897e+04	 1.5690e+00	 5.7228e-02	 3.2315e+02	 1.7966e+04
 2.2168e+05	 1.7897e+04	 1.5561e+00	 4.8261e-02	 3.2315e+02	 1.7968e+04
 3.3253e+05	 1.7897e+04	 1.5463e+00	 4.1076e-02	 3.2315e+02	 1.7971e+04
 4.9879e+05	 1.7897e+04	 1.5455e+00	 3.5391e-02	 3.2315e+02	 1.7973e+04
 7.4818e+05	 1.7897e+04	 1.5388e+00	 3.2409e-02	 3.2315e+02	 1.7976e+04
 9.0000e+05	 1.7897e+04	 1.5361e+00	 3.1368e-02	 3.2315e+02	 1.7978e+04
 1.0000e+02	 1.7976e+04	 1.8516e+00	 4.1277e-02	 3.2314e+02	 1.7987e+04
 1.5000e+02	 1.7976e+04	 1.8430e+00	 4.3604e-02	 3.2315e+02	 1.7990e+04
 2.2500e+02	 1.7976e+04	 1.8323e+00	 4.5605e-02	 3.2315e+02	 1.7995e+04
 3.3750e+02	 1.7976e+04	 1.8210e+00	 4.8889e-02	 3.2315e+02	 1.7998e+04
 5.0625e+02	 1.7976e+04	 1.8083e+00	 5.2533e-02	 3.2315e+02	 1.8000e+04
 7.5938e+02	 1.7976e+04	 1.7941e+00	 5.5657e-02	 3.2315e+02	 1.8003e+04
 1.1391e+03	 1.7976e+04	 1.7788e+00	 5.8080e-02	 3.2315e+02	 1.8006e+04
 1.7086e+03	 1.7976e+04	 1.7629e+00	 5.9591e-02	 3.2315e+02	 1.8008e+04
 2.5629e+03	 1.7976e+04	 1.7468e+00	 5.9933e-02	 3.2316e+02	 1.8013e+04
 3.8443e+03	 1.7976e+04	 1.7313e+00	 5.9656e-02	 3.2315e+02	 1.8016e+04
 5.7665e+03	 1.7976e+04	 1.7167e+00	 5.9460e-02	 3.2315e+02	 1.8018e+04
 8.6498e+03	 1.7976e+04	 1.7030e+00	 6.0232e-02	 3.2315e+02	 1.8021e+04
 1.2975e+04	 1.7976e+04	 1.6886e+00	 6.2650e-02	 3.2315e+02	 1.8026e+04
 1.9462e+04	 1.7976e+04	 1.6730e+00	 6.6740e-02	 3.2315e+02	 1.8029e+04
 2.9193e+04	 1.7976e+04	 1.6540e+00	 7.1403e-02	 3.2315e+02	 1.8034e+04
 4.3789e+04	 1.7976e+04	 1.6319e+00	 7.4094e-02	 3.2315e+02	 1.8036e+04
 6.5684e+04	 1.7976e+04	 1.6084e+00	 7.2473e-02	 3.2315e+02	 1.8039e+04
 9.8526e+04	 1.7976e+04	 1.5865e+00	 6.5999e-02	 3.2315e+02	 1.8044e+04
 1.4779e+05	 1.7976e+04	 1.5692e+00	 5.7099e-02	 3.2314e+02	 1.8046e+04
 2.2168e+05	 1.7976e+04	 1.5562e+00	 4.8352e-02	 3.2315e+02	 1.8049e+04
 3.3253e+05	 1.7976e+04	 1.5465e+00	 4.1172e-02	 3.2315e+02	 1.8051e+04
 4.9879e+05	 1.7976e+04	 1.5457e+00	 3.5346e-02	 3.2315e+02	 1.8054e+04
 7.4818e+05	 1.7976e+04	 1.5390e+00	 3.2450e-02	 3.2315e+02	 1.8056e+04
 9.0000e+05	 1.7976e+04	 1.5363e+00	 3.1360e-02	 3.2315e+02	 1.8059e+04
 1.0000e+02	 1.8056e+04	 1.8522e+00	 4.2172e-02	 3.2316e+02	 1.8068e+04
 1.5000e+02	 1.8056e+04	 1.8437e+00	 4.3078e-02	 3.2316e+02	 1.8070e+04
 2.2500e+02	 1.8056e+04	 1.8326e+00	 4.5514e-02	 3.2315e+02	 1.8075e+04
 3.3750e+02	 1.8056e+04	 1.8212e+00	 4.8828e-02	 3.2315e+02	 1.8078e+04
 5.0625e+02	 1.8056e+04	 1.8084e+00	 5.2224e-02	 3.2315e+02	 1.8080e+04
 7.5938e+02	 1.8056e+04	 1.7942e+00	 5.5465e-02	 3.2315e+02	 1.8083e+04
 1.1391e+03	 1.8056e+04	 1.7789e+00	 5.8017e-02	 3.2314e+02	 1.8086e+04
 1.7086e+03	 1.8056e+04	 1.7630e+00	 5.9518e-02	 3.2314e+02	 1.8088e+04
 2.5629e+03	 1.8056e+04	 1.7468e+00	 5.9921e-02	 3.2314e+02	 1.8094e+04
 3.8443e+03	 1.8056e+04	 1.7314e+00	 5.9664e-02	 3.2314e+02	 1.8096e+04
 5.7665e+03	 1.8056e+04	 1.7168e+00	 5.9505e-02	 3.2315e+02	 1.8099e+04
 8.6498e+03	 1.8056e+04	 1.7031e+00	 6.0260e-02	 3.2315e+02	 1.8101e+04
 1.2975e+04	 1.8056e+04	 1.6887e+00	 6.2583e-02	 3.2315e+02	 1.8104e+04
 1.9462e+04	 1.8056e+04	 1.6731e+00	 6.6734e-02	 3.2315e+02	 1.8107e+04
 2.9193e+04	 1.8056e+04	 1.6541e+00	 7.1411e-02	 3.2315e+02	 1.8112e+04
 4.3789e+04	 1.8056e+04	 1.6320e+00	 7.4072e-02	 3.2314e+02	 1.8115e+04
 6.5684e+04	 1.8056e+04	 1.6085e+00	 7.2534e-02	 3.2315e+02	 1.8117e+04
 9.8526e+04	 1.8056e+04	 1.5866e+00	 6.5915e-02	 3.2315e+02	 1.8123e+04
 1.4779e+05	 1.8056e+04	 1.5693e+00	 5.7200e-02	 3.2315e+02	 1.8125e+04
 2.2168e+05	 1.8056e+04	 1.5564e+00	 4.8289e-02	 3.2315e+02	 1.8127e+04
 3.3253e+05	 1.8056e+04	 1.5467e+00	 4.1108e-02	 3.2315e+02	 1.8130e+04
 4.9879e+05	 1.8056e+04	 1.5459e+00	 3.5406e-02	 3.2315e+02	 1.8133e+04
 7.4818e+05	 1.8056e+04	 1.5391e+00	 3.2326e-02	 3.2315e+02	 1.8135e+04
 9.0000e+05	 1.8056e+04	 1.5364e+00	 3.1380e-02	 3.2315e+02	 1.8138e+04
 1.0000e+02	 1.8135e+04	 1.8523e+00	 4.2947e-02	 3.2315e+02	 1.8147e+04
 1.5000e+02	 1.8135e+04	 1.8429e+00	 4.3503e-02	 3.2315e+02	 1.8149e+04
 2.2500e+02	 1.8135e+04	 1.8327e+00	 4.6099e-02	 3.2315e+02	 1.8155e+04
 3.3750e+02	 1.8135e+04	 1.8213e+00	 4.9015e-02	 3.2315e+02	 1.8157e+04
 5.0625e+02	 1.8135e+04	 1.8085e+00	 5.2421e-02	 3.2315e+02	 1.8160e+04
 7.5938e+02	 1.8135e+04	 1.7944e+00	 5.5580e-02	 3.2314e+02	 1.8162e+04
 1.1391e+03	 1.8135e+04	 1.7791e+00	 5.8069e-02	 3.2315e+02	 1.8165e+04
 1.7086e+03	 1.8135e+04	 1.7633e+00	 5.9510e-02	 3.2315e+02	 1.8167e+04
 2.5629e+03	 1.8135e+04	 1.7470e+00	 5.9912e-02	 3.2315e+02	 1.8173e+04
 3.8443e+03	 1.8135e+04	 1.7316e+00	 5.9682e-02	 3.2315e+02	 1.8175e+04
 5.7665e+03	 1.8135e+04	 1.7170e+00	 5.9482e-02	 3.2315e+02	 1.8177e+04
 8.6498e+03	 1.8135e+04	 1.7034e+00	 6.0280e-02	 3.2315e+02	 1.8180e+04
 1.2975e+04	 1.8135e+04	 1.6889e+00	 6.2622e-02	 3.2315e+02	 1.8183e+04
 1.9462e+04	 1.8135e+04	 1.6734e+00	 6.6719e-02	 3.2316e+02	 1.8185e+04
 2.9193e+04	 1.8135e+04	 1.6544e+00	 7.1303e-02	 3.2315e+02	 1.8190e+04
 4.3789e+04	 1.8135e+04	 1.6322e+00	 7.4019e-02	 3.2315e+02	 1.8193e+04
 6.5684e+04	 1.8135e+04	 1.6087e+00	 7.2455e-02	 3.2315e+02	 1.8195e+04
 9.8526e+04	 1.8135e+04	 1.5869e+00	 6.6121e-02	 3.2315e+02	 1.8200e+04
 1.4779e+05	 1.8135e+04	 1.5695e+00	 5.7229e-02	 3.2315e+02	 1.8203e+04
 2.2168e+05	 1.8135e+04	 1.5566e+00	 4.8277e-02	 3.2315e+02	 1.8205e+04
 3.3253e+05	 1.8135e+04	 1.5469e+00	 4.0895e-02	 3.2315e+02	 1.8208e+04
 4.9879e+05	 1.8135e+04	 1.5461e+00	 3.5341e-02	 3.2315e+02	 1.8210e+04
 7.4818e+05	 1.8135e+04	 1.5393e+00	 3.2458e-02	 3.2315e+02	 1.8213e+04
 9.0000e+05	 1.8135e+04	 1.5367e+00	 3.1359e-02	 3.2315e+02	 1.8215e+04
 1.0000e+02	 1.8213e+04	 1.8524e+00	 4.2191e-02	 3.2315e+02	 1.8225e+04
 1.5000e+02	 1.8213e+04	 1.8429e+00	 4.3224e-02	 3.2315e+02	 1.8227e+04
 2.2500e+02	 1.8213e+04	 1.8329e+00	 4.6605e-02	 3.2315e+02	 1.8232e+04
 3.3750e+02	 1.8213e+04	 1.8216e+00	 4.9398e-02	 3.2316e+02	 1.8235e+04
 5.0625e+02	 1.8213e+04	 1.8089e+00	 5.2547e-02	 3.2315e+02	 1.8237e+04
 7.5938e+02	 1.8213e+04	 1.7946e+00	 5.5806e-02	 3.2315e+02	 1.8240e+04
 1.1391e+03	 1.8213e+04	 1.7793e+00	 5.8130e-02	 3.2315e+02	 1.8243e+04
 1.7086e+03	 1.8213e+04	 1.7634e+00	 5.9627e-02	 3.2315e+02	 1.8245e+04
 2.5629e+03	 1.8213e+04	 1.7472e+00	 5.9968e-02	 3.2315e+02	 1.8250e+04
 3.8443e+03	 1.8213e+04	 1.7317e+00	 5.9736e-02	 3.2315e+02	 1.8253e+04
 5.7665e+03	 1.8213e+04	 1.7172e+00	 5.9517e-02	 3.2315e+02	 1.8255e+04
 8.6498e+03	 1.8213e+04	 1.7035e+00	 6.0234e-02	 3.2315e+02	 1.8258e+04
 1.2975e+04	 1.8213e+04	 1.6891e+00	 6.2652e-02	 3.2315e+02	 1.8261e+04
 1.9462e+04	 1.8213e+04	 1.6735e+00	 6.6716e-02	 3.2315e+02	 1.8263e+04
 2.9193e+04	 1.8213e+04	 1.6544e+00	 7.1344e-02	 3.2315e+02	 1.8268e+04
 4.3789e+04	 1.8213e+04	 1.6323e+00	 7.4051e-02	 3.2315e+02	 1.8271e+04
 6.5684e+04	 1.8213e+04	 1.6088e+00	 7.2438e-02	 3.2315e+02	 1.8273e+04
 9.8526e+04	 1.8213e+04	 1.5870e+00	 6.6051e-02	 3.2315e+02	 1.8278e+04
 1.4779e+05	 1.8213e+04	 1.5696e+00	 5.7048e-02	 3.2315e+02	 1.8281e+04
 2.2168e+05	 1.8213e+04	 1.5567e+00	 4.8209e-02	 3.2315e+02	 1.8284e+04
 3.3253e+05	 1.8213e+04	 1.5470e+00	 4.0882e-02	 3.2315e+02	 1.8286e+04
 4.9879e+05	 1.8213e+04	 1.5462e+00	 3.5344e-02	 3.2315e+02	 1.8289e+04
 7.4818e+05	 1.8213e+04	 1.5395e+00	 3.2434e-02	 3.2316e+02	 1.8291e+04
 9.0000e+05	 1.8213e+04	 1.5368e+00	 3.1365e-02	 3.2315e+02	 1.8294e+04
 1.0000e+02	 1.8291e+04	 1.8526e+00	 4.4727e-02	 3.2316e+02	 1.8303e+04
 1.5000e+02	 1.8291e+04	 1.8443e+00	 4.5307e-02	 3.2315e+02	 1.8306e+04
 2.2500e+02	 1.8291e+04	 1.8332e+00	 4.6043e-02	 3.2315e+02	 1.8311e+04
 3.3750e+02	 1.8291e+04	 1.8218e+00	 4.9091e-02	 3.2316e+02	 1.8313e+04
 5.0625e+02	 1.8291e+04	 1.8091e+00	 5.2395e-02	 3.2315e+02	 1.8316e+04
 7.5938e+02	 1.8291e+04	 1.7949e+00	 5.5637e-02	 3.2315e+02	 1.8318e+04
 1.1391e+03	 1.8291e+04	 1.7795e+00	 5.8173e-02	 3.2315e+02	 1.8321e+04
 1.7086e+03	 1.8291e+04	 1.7636e+00	 5.9600e-02	 3.2315e+02	 1.8323e+04
 2.5629e+03	 1.8291e+04	 1.7474e+00	 5.9925e-02	 3.2315e+02	 1.8328e+04
 3.8443e+03	 1.8291e+04	 1.7319e+00	 5.9671e-02	 3.2315e+02	 1.8331e+04
 5.7665e+03	 1.8291e+04	 1.7173e+00	 5.9464e-02	 3.2315e+02	 1.8333e+04
 8.6498e+03	 1.8291e+04	 1.7037e+00	 6.0216e-02	 3.2315e+02	 1.8336e+04
 1.2975e+04	 1.8291e+04	 1.6892e+00	 6.2661e-02	 3.2315e+02	 1.8338e+04
 1.9462e+04	 1.8291e+04	 1.6736e+00	 6.6696e-02	 3.2316e+02	 1.8341e+04
 2.9193e+04	 1.8291e+04	 1.6546e+00	 7.1344e-02	 3.2315e+02	 1.8346e+04
 4.3789e+04	 1.8291e+04	 1.6326e+00	 7.4056e-02	 3.2315e+02	 1.8349e+04
 6.5684e+04	 1.8291e+04	 1.6089e+00	 7.2487e-02	 3.2315e+02	 1.8351e+04
 9.8526e+04	 1.8291e+04	 1.5872e+00	 6.6011e-02	 3.2315e+02	 1.8356e+04
 1.4779e+05	 1.8291e+04	 1.5698e+00	 5.7097e-02	 3.2315e+02	 1.8359e+04
 2.2168e+05	 1.8291e+04	 1.5569e+00	 4.8280e-02	 3.2315e+02	 1.8361e+04
 3.3253e+05	 1.8291e+04	 1.5472e+00	 4.0968e-02	 3.2315e+02	 1.8364e+04
 4.9879e+05	 1.8291e+04	 1.5465e+00	 3.5418e-02	 3.2316e+02	 1.8366e+04
 7.4818e+05	 1.8291e+04	 1.5397e+00	 3.2327e-02	 3.2315e+02	 1.8369e+04
 9.0000e+05	 1.8291e+04	 1.5370e+00	 3.1509e-02	 3.2316e+02	 1.8371e+04
 1.0000e+02	 1.8368e+04	 1.8534e+00	 4.2718e-02	 3.2315e+02	 1.8381e+04
 1.5000e+02	 1.8368e+04	 1.8438e+00	 4.2562e-02	 3.2315e+02	 1.8383e+04
 2.2500e+02	 1.8368e+04	 1.8336e+00	 4.5783e-02	 3.2315e+02	 1.8388e+04
 3.3750e+02	 1.8368e+04	 1.8220e+00	 4.8924e-02	 3.2315e+02	 1.8391e+04
 5.0625e+02	 1.8368e+04	 1.8093e+00	 5.2557e-02	 3.2315e+02	 1.8393e+04
 7.5938e+02	 1.8368e+04	 1.7950e+00	 5.5612e-02	 3.2315e+02	 1.8396e+04
 1.1391e+03	 1.8368e+04	 1.7797e+00	 5.8163e-02	 3.2315e+02	 1.8399e+04
 1.7086e+03	 1.8368e+04	 1.7639e+00	 5.9623e-02	 3.2315e+02	 1.8401e+04
 2.5629e+03	 1.8368e+04	 1.7476e+00	 5.9911e-02	 3.2315e+02	 1.8406e+04
 3.8443e+03	 1.8368e+04	 1.7321e+00	 5.9681e-02	 3.2315e+02	 1.8409e+04
 5.7665e+03	 1.8368e+04	 1.7176e+00	 5.9491e-02	 3.2315e+02	 1.8411e+04
 8.6498e+03	 1.8368e+04	 1.7039e+00	 6.0261e-02	 3.2315e+02	 1.8414e+04
 1.2975e+04	 1.8368e+04	 1.6894e+00	 6.2643e-02	 3.2315e+02	 1.8416e+04
 1.9462e+04	 1.8368e+04	 1.6738e+00	 6.6717e-02	 3.2315e+02	 1.8419e+04
 2.9193e+04	 1.8368e+04	 1.6548e+00	 7.1366e-02	 3.2315e+02	 1.8424e+04
 4.3789e+04	 1.8368e+04	 1.6327e+00	 7.4073e-02	 3.2315e+02	 1.8426e+04
 6.5684e+04	 1.8368e+04	 1.6092e+00	 7.2468e-02	 3.2315e+02	 1.8429e+04
 9.8526e+04	 1.8368e+04	 1.5873e+00	 6.6055e-02	 3.2315e+02	 1.8434e+04
 1.4779e+05	 1.8368e+04	 1.5700e+00	 5.7300e-02	 3.2315e+02	 1.8437e+04
 2.2168e+05	 1.8368e+04	 1.5571e+00	 4.8253e-02	 3.2315e+02	 1.8439e+04
 3.3253e+05	 1.8368e+04	 1.5473e+00	 4.1154e-02	 3.2315e+02	 1.8442e+04
 4.9879e+05	 1.8368e+04	 1.5465e+00	 3.5370e-02	 3.2315e+02	 1.8444e+04
 7.4818e+05	 1.8368e+04	 1.5398e+00	 3.2428e-02	 3.2315e+02	 1.8447e+04
 9.0000e+05	 1.8368e+04	 1.5370e+00	 3.1351e-02	 3.2315e+02	 1.8449e+04
 1.0000e+02	 1.8447e+04	 1.8531e+00	 4.2251e-02	 3.2316e+02	 1.8459e+04
 1.5000e+02	 1.8447e+04	 1.8434e+00	 4.4366e-02	 3.2315e+02	 1.8461e+04
 2.2500e+02	 1.8447e+04	 1.8336e+00	 4.6048e-02	 3.2315e+02	 1.8466e+04
 3.3750e+02	 1.8447e+04	 1.8222e+00	 4.9226e-02	 3.2315e+02	 1.8469e+04
 5.0625e+02	 1.8447e+04	 1.8095e+00	 5.2401e-02	 3.2315e+02	 1.8471e+04
 7.5938e+02	 1.8447e+04	 1.7953e+00	 5.5612e-02	 3.2315e+02	 1.8474e+04
 1.1391e+03	 1.8447e+04	 1.7799e+00	 5.8151e-02	 3.2315e+02	 1.8476e+04
 1.7086e+03	 1.8447e+04	 1.7640e+00	 5.9602e-02	 3.2315e+02	 1.8479e+04
 2.5629e+03	 1.8447e+04	 1.7478e+00	 6.0027e-02	 3.2315e+02	 1.8484e+04
 3.8443e+03	 1.8447e+04	 1.7323e+00	 5.9702e-02	 3.2315e+02	 1.8487e+04
 5.7665e+03	 1.8447e+04	 1.7178e+00	 5.9472e-02	 3.2315e+02	 1.8489e+04
 8.6498e+03	 1.8447e+04	 1.7041e+00	 6.0240e-02	 3.2315e+02	 1.8492e+04
 1.2975e+04	 1.8447e+04	 1.6896e+00	 6.2609e-02	 3.2315e+02	 1.8495e+04
 1.9462e+04	 1.8447e+04	 1.6740e+00	 6.6722e-02	 3.2315e+02	 1.8497e+04
 2.9193e+04	 1.8447e+04	 1.6550e+00	 7.1341e-02	 3.2315e+02	 1.8502e+04
 4.3789e+04	 1.8447e+04	 1.6329e+00	 7.4054e-02	 3.2315e+02	 1.8505e+04
 6.5684e+04	 1.8447e+04	 1.6093e+00	 7.2456e-02	 3.2315e+02	 1.8507e+04
 9.8526e+04	 1.8447e+04	 1.5875e+00	 6.6089e-02	 3.2315e+02	 1.8512e+04
 1.4779e+05	 1.8447e+04	 1.5701e+00	 5.7269e-02	 3.2315e+02	 1.8515e+04
 2.2168e+05	 1.8447e+04	 1.5573e+00	 4.8337e-02	 3.2315e+02	 1.8518e+04
 3.3253e+05	 1.8447e+04	 1.5475e+00	 4.0972e-02	 3.2315e+02	 1.8520e+04
 4.9879e+05	 1.8447e+04	 1.5468e+00	 3.5365e-02	 3.2316e+02	 1.8523e+04
 7.4818e+05	 1.8447e+04	 1.5400e+00	 3.2459e-02	 3.2315e+02	 1.8525e+04
 9.0000e+05	 1.8447e+04	 1.5373e+00	 3.1389e-02	 3.2315e+02	 1.8528e+04
 1.0000e+02	 1.8525e+04	 1.8532e+00	 4.2558e-02	 3.2315e+02	 1.8537e+04
 1.5000e+02	 1.8525e+04	 1.8441e+00	 4.3684e-02	 3.2315e+02	 1.8539e+04
 2.2500e+02	 1.8525e+04	 1.8340e+00	 4.5933e-02	 3.2315e+02	 1.8544e+04
 3.3750e+02	 1.8525e+04	 1.8225e+00	 4.9059e-02	 3.2315e+02	 1.8547e+04
 5.0625e+02	 1.8525e+04	 1.8097e+00	 5.2455e-02	 3.2315e+02	 1.8550e+04
 7.5938e+02	 1.8525e+04	 1.7956e+00	 5.5764e-02	 3.2315e+02	 1.8552e+04
 1.1391e+03	 1.8525e+04	 1.7802e+00	 5.8191e-02	 3.2315e+02	 1.8555e+04
 1.7086e+03	 1.8525e+04	 1.7643e+00	 5.9673e-02	 3.2315e+02	 1.8557e+04
 2.5629e+03	 1.8525e+04	 1.7481e+00	 6.0083e-02	 3.2315e+02	 1.8562e+04
 3.8443e+03	 1.8525e+04	 1.7326e+00	 5.9682e-02	 3.2315e+02	 1.8565e+04
 5.7665e+03	 1.8525e+04	 1.7180e+00	 5.9493e-02	 3.2315e+02	 1.8567e+04
 8.6498e+03	 1.8525e+04	 1.7044e+00	 6.0250e-02	 3.2315e+02	 1.8570e+04
 1.2975e+04	 1.8525e+04	 1.6899e+00	 6.2658e-02	 3.2315e+02	 1.8573e+04
 1.9462e+04	 1.8525e+04	 1.6742e+00	 6.6738e-02	 3.2315e+02	 1.8575e+04
 2.9193e+04	 1.8525e+04	 1.6552e+00	 7.1371e-02	 3.2315e+02	 1.8580e+04
 4.3789e+04	 1.8525e+04	 1.6332e+00	 7.4086e-02	 3.2315e+02	 1.8583e+04
 6.5684e+04	 1.8525e+04	 1.6096e+00	 7.2473e-02	 3.2315e+02	 1.8585e+04
 9.8526e+04	 1.8525e+04	 1.5878e+00	 6.5933e-02	 3.2315e+02	 1.8590e+04
 1.4779e+05	 1.8525e+04	 1.5705e+00	 5.7088e-02	 3.2315e+02	 1.8593e+04
 2.2168e+05	 1.8525e+04	 1.5575e+00	 4.8217e-02	 3.2315e+02	 1.8595e+04
 3.3253e+05	 1.8525e+04	 1.5478e+00	 4.0895e-02	 3.2315e+02	 1.8598e+04
 4.9879e+05	 1.8525e+04	 1.5470e+00	 3.5354e-02	 3.2315e+02	 1.8600e+04
 7.4818e+05	 1.8525e+04	 1.5403e+00	 3.2342e-02	 3.2315e+02	 1.8603e+04
 9.0000e+05	 1.8525e+04	 1.5375e+00	 3.1503e-02	 3.2315e+02	 1.8605e+04
 1.0000e+02	 1.8603e+04	 1.8538e+00	 4.1584e-02	 3.2315e+02	 1.8614e+04
 1.5000e+02	 1.8603e+04	 1.8448e+00	 4.3803e-02	 3.2315e+02	 1.8617e+04
 2.2500e+02	 1.8603e+04	 1.8343e+00	 4.5969e-02	 3.2315e+02	 1.8622e+04
 3.3750e+02	 1.8603e+04	 1.8229e+00	 4.9473e-02	 3.2315e+02	 1.8624e+04
 5.0625e+02	 1.8603e+04	 1.8100e+00	 5.2437e-02	 3.2315e+02	 1.8627e+04
 7.5938e+02	 1.8603e+04	 1.7958e+00	 5.5687e-02	 3.2315e+02	 1.8630e+04
 1.1391e+03	 1.8603e+04	 1.7804e+00	 5.8394e-02	 3.2315e+02	 1.8632e+04
 1.7086e+03	 1.8603e+04	 1.7646e+00	 5.9714e-02	 3.2315e+02	 1.8635e+04
 2.5629e+03	 1.8603e+04	 1.7483e+00	 6.0042e-02	 3.2315e+02	 1.8640e+04
 3.8443e+03	 1.8603e+04	 1.7328e+00	 5.9703e-02	 3.2315e+02	 1.8643e+04
 5.7665e+03	 1.8603e+04	 1.7182e+00	 5.9468e-02	 3.2315e+02	 1.8645e+04
 8.6498e+03	 1.8603e+04	 1.7046e+00	 6.0262e-02	 3.2315e+02	 1.8648e+04
 1.2975e+04	 1.8603e+04	 1.6901e+00	 6.2641e-02	 3.2315e+02	 1.8650e+04
 1.9462e+04	 1.8603e+04	 1.6745e+00	 6.6752e-02	 3.2314e+02	 1.8653e+04
 2.9193e+04	 1.8603e+04	 1.6555e+00	 7.1413e-02	 3.2315e+02	 1.8658e+04
 4.3789e+04	 1.8603e+04	 1.6334e+00	 7.4099e-02	 3.2314e+02	 1.8660e+04
 6.5684e+04	 1.8603e+04	 1.6098e+00	 7.2505e-02	 3.2315e+02	 1.8663e+04
 9.8526e+04	 1.8603e+04	 1.5879e+00	 6.5940e-02	 3.2315e+02	 1.8668e+04
 1.4779e+05	 1.8603e+04	 1.5705e+00	 5.7103e-02	 3.2314e+02	 1.8671e+04
 2.2168e+05	 1.8603e+04	 1.5577e+00	 4.8286e-02	 3.2315e+02	 1.8673e+04
 3.3253e+05	 1.8603e+04	 1.5480e+00	 4.1069e-02	 3.2315e+02	 1.8676e+04
 4.9879e+05	 1.8603e+04	 1.5473e+00	 3.5333e-02	 3.2315e+02	 1.8678e+04
 7.4818e+05	 1.8603e+04	 1.5405e+00	 3.2451e-02	 3.2315e+02	 1.8681e+04
 9.0000e+05	 1.8603e+04	 1.5378e+00	 3.1393e-02	 3.2315e+02	 1.8684e+04
 1.0000e+02	 1.8681e+04	 1.8545e+00	 4.2177e-02	 3.2315e+02	 1.8693e+04
 1.5000e+02	 1.8681e+04	 1.8447e+00	 4.4159e-02	 3.2315e+02	 1.8695e+04
 2.2500e+02	 1.8681e+04	 1.8347e+00	 4.5717e-02	 3.2314e+02	 1.8700e+04
 3.3750e+02	 1.8681e+04	 1.8232e+00	 4.9015e-02	 3.2315e+02	 1.8703e+04
 5.0625e+02	 1.8681e+04	 1.8104e+00	 5.2552e-02	 3.2315e+02	 1.8705e+04
 7.5938e+02	 1.8681e+04	 1.7962e+00	 5.5878e-02	 3.2315e+02	 1.8708e+04
 1.1391e+03	 1.8681e+04	 1.7808e+00	 5.8303e-02	 3.2315e+02	 1.8711e+04
 1.7086e+03	 1.8681e+04	 1.7649e+00	 5.9774e-02	 3.2316e+02	 1.8713e+04
 2.5629e+03	 1.8681e+04	 1.7487e+00	 6.0183e-02	 3.2315e+02	 1.8718e+04
 3.8443e+03	 1.8681e+04	 1.7331e+00	 5.9804e-02	 3.2315e+02	 1.8721e+04
 5.7665e+03	 1.8681e+04	 1.7185e+00	 5.9570e-02	 3.2315e+02	 1.8723e+04
 8.6498e+03	 1.8681e+04	 1.7049e+00	 6.0303e-02	 3.2315e+02	 1.8726e+04
 1.2975e+04	 1.8681e+04	 1.6904e+00	 6.2706e-02	 3.2316e+02	 1.8729e+04
 1.9462e+04	 1.8681e+04	 1.6748e+00	 6.6773e-02	 3.2316e+02	 1.8731e+04
 2.9193e+04	 1.8681e+04	 1.6558e+00	 7.1348e-02	 3.2316e+02	 1.8737e+04
 4.3789e+04	 1.8681e+04	 1.6337e+00	 7.4093e-02	 3.2315e+02	 1.8739e+04
 6.5684e+04	 1.8681e+04	 1.6100e+00	 7.2455e-02	 3.2316e+02	 1.8742e+04
 9.8526e+04	 1.8681e+04	 1.5882e+00	 6.6111e-02	 3.2315e+02	 1.8747e+04
 1.4779e+05	 1.8681e+04	 1.5709e+00	 5.7292e-02	 3.2316e+02	 1.8749e+04
 2.2168e+05	 1.8681e+04	 1.5580e+00	 4.8349e-02	 3.2315e+02	 1.8752e+04
 3.3253e+05	 1.8681e+04	 1.5483e+00	 4.1154e-02	 3.2316e+02	 1.8754e+04
 4.9879e+05	 1.8681e+04	 1.5474e+00	 3.5275e-02	 3.2316e+02	 1.8757e+04
 7.4818e+05	 1.8681e+04	 1.5407e+00	 3.2450e-02	 3.2315e+02	 1.8760e+04
 9.0000e+05	 1.8681e+04	 1.5379e+00	 3.1390e-02	 3.2316e+02	 1.8762e+04
 1.0000e+02	 1.8760e+04	 1.8548e+00	 4.8985e-02	 3.2315e+02	 1.8771e+04
 1.5000e+02	 1.8760e+04	 1.8449e+00	 4.6657e-02	 3.2315e+02	 1.8774e+04
 2.2500e+02	 1.8760e+04	 1.8347e+00	 4.5840e-02	 3.2315e+02	 1.8779e+04
 3.3750e+02	 1.8760e+04	 1.8232e+00	 4.9022e-02	 3.2315e+02	 1.8782e+04
 5.0625e+02	 1.8760e+04	 1.8104e+00	 5.2556e-02	 3.2315e+02	 1.8784e+04
 7.5938e+02	 1.8760e+04	 1.7962e+00	 5.5747e-02	 3.2314e+02	 1.8787e+04
 1.1391e+03	 1.8760e+04	 1.7807e+00	 5.8240e-02	 3.2315e+02	 1.8789e+04
 1.7086e+03	 1.8760e+04	 1.7649e+00	 5.9659e-02	 3.2315e+02	 1.8792e+04
 2.5629e+03	 1.8760e+04	 1.7487e+00	 6.0057e-02	 3.2314e+02	 1.8798e+04
 3.8443e+03	 1.8760e+04	 1.7332e+00	 5.9727e-02	 3.2314e+02	 1.8800e+04
 5.7665e+03	 1.8760e+04	 1.7186e+00	 5.9491e-02	 3.2313e+02	 1.8802e+04
 8.6498e+03	 1.8760e+04	 1.7049e+00	 6.0262e-02	 3.2314e+02	 1.8805e+04
 1.2975e+04	 1.8760e+04	 1.6905e+00	 6.2670e-02	 3.2314e+02	 1.8807e+04
 1.9462e+04	 1.8760e+04	 1.6749e+00	 6.6726e-02	 3.2314e+02	 1.8810e+04
 2.9193e+04	 1.8760e+04	 1.6560e+00	 7.1301e-02	 3.2315e+02	 1.8815e+04
 4.3789e+04	 1.8760e+04	 1.6338e+00	 7.4098e-02	 3.2315e+02	 1.8818e+04
 6.5684e+04	 1.8760e+04	 1.6103e+00	 7.2400e-02	 3.2315e+02	 1.8820e+04
 9.8526e+04	 1.8760e+04	 1.5885e+00	 6.6190e-02	 3.2315e+02	 1.8825e+04
 1.4779e+05	 1.8760e+04	 1.5711e+00	 5.7098e-02	 3.2314e+02	 1.8828e+04
 2.2168e+05	 1.8760e+04	 1.5583e+00	 4.8235e-02	 3.2315e+02	 1.8830e+04
 3.3253e+05	 1.8760e+04	 1.5485e+00	 4.0906e-02	 3.2315e+02	 1.8833e+04
 4.9879e+05	 1.8760e+04	 1.5477e+00	 3.5385e-02	 3.2315e+02	 1.8835e+04
 7.4818e+05	 1.8760e+04	 1.5410e+00	 3.2409e-02	 3.2315e+02	 1.8838e+04
 9.0000e+05	 1.8760e+04	 1.5383e+00	 3.1351e-02	 3.2314e+02	 1.8840e+04
 1.0000e+02	 1.8838e+04	 1.8549e+00	 4.2350e-02	 3.2315e+02	 1.8850e+04
 1.5000e+02	 1.8838e+04	 1.8451e+00	 4.2772e-02	 3.2316e+02	 1.8852e+04
 2.2500e+02	 1.8838e+04	 1.8350e+00	 4.5808e-02	 3.2315e+02	 1.8857e+04
 3.3750e+02	 1.8838e+04	 1.8235e+00	 4.8979e-02	 3.2315e+02	 1.8860e+04
 5.0625e+02	 1.8838e+04	 1.8108e+00	 5.2546e-02	 3.2314e+02	 1.8862e+04
 7.5938e+02	 1.8838e+04	 1.7964e+00	 5.5750e-02	 3.2315e+02	 1.8865e+04
 1.1391e+03	 1.8838e+04	 1.7810e+00	 5.8259e-02	 3.2314e+02	 1.8867e+04
 1.7086e+03	 1.8838e+04	 1.7651e+00	 5.9688e-02	 3.2315e+02	 1.8870e+04
 2.5629e+03	 1.8838e+04	 1.7489e+00	 6.0066e-02	 3.2315e+02	 1.8875e+04
 3.8443e+03	 1.8838e+04	 1.7334e+00	 5.9763e-02	 3.2315e+02	 1.8878e+04
 5.7665e+03	 1.8838e+04	 1.7188e+00	 5.9533e-02	 3.2315e+02	 1.8880e+04
 8.6498e+03	 1.8838e+04	 1.7051e+00	 6.0337e-02	 3.2315e+02	 1.8883e+04
 1.2975e+04	 1.8838e+04	 1.6907e+00	 6.2662e-02	 3.2315e+02	 1.8885e+04
 1.9462e+04	 1.8838e+04	 1.6751e+00	 6.6792e-02	 3.2315e+02	 1.8888e+04
 2.9193e+04	 1.8838e+04	 1.6561e+00	 7.1404e-02	 3.2315e+02	 1.8893e+04
 4.3789e+04	 1.8838e+04	 1.6340e+00	 7.4079e-02	 3.2315e+02	 1.8896e+04
 6.5684e+04	 1.8838e+04	 1.6103e+00	 7.2482e-02	 3.2315e+02	 1.8898e+04
 9.8526e+04	 1.8838e+04	 1.5886e+00	 6.6113e-02	 3.2315e+02	 1.8903e+04
 1.4779e+05	 1.8838e+04	 1.5712e+00	 5.7255e-02	 3.2315e+02	 1.8906e+04
 2.2168e+05	 1.8838e+04	 1.5583e+00	 4.8203e-02	 3.2315e+02	 1.8908e+04
 3.3253e+05	 1.8838e+04	 1.5486e+00	 4.1086e-02	 3.2316e+02	 1.8911e+04
 4.9879e+05	 1.8838e+04	 1.5478e+00	 3.5404e-02	 3.2315e+02	 1.8913e+04
 7.4818e+05	 1.8838e+04	 1.5411e+00	 3.2476e-02	 3.2315e+02	 1.8916e+04
 9.0000e+05	 1.8838e+04	 1.5384e+00	 3.1416e-02	 3.2315e+02	 1.8918e+04
 1.0000e+02	 1.8916e+04	 1.8546e+00	 4.2181e-02	 3.2315e+02	 1.8928e+04
 1.5000e+02	 1.8916e+04	 1.8457e+00	 4.3750e-02	 3.2316e+02	 1.8930e+04
 2.2500e+02	 1.8916e+04	 1.8351e+00	 4.6052e-02	 3.2315e+02	 1.8935e+04
 3.3750e+02	 1.8916e+04	 1.8238e+00	 4.9348e-02	 3.2315e+02	 1.8938e+04
 5.0625e+02	 1.8916e+04	 1.8109e+00	 5.2608e-02	 3.2315e+02	 1.8940e+04
 7.5938e+02	 1.8916e+04	 1.7966e+00	 5.5841e-02	 3.2315e+02	 1.8943e+04
 1.1391e+03	 1.8916e+04	 1.7812e+00	 5.8307e-02	 3.2316e+02	 1.8945e+04
 1.7086e+03	 1.8916e+04	 1.7652e+00	 5.9698e-02	 3.2315e+02	 1.8948e+04
 2.5629e+03	 1.8916e+04	 1.7490e+00	 6.0082e-02	 3.2315e+02	 1.8953e+04
 3.8443e+03	 1.8916e+04	 1.7335e+00	 5.9731e-02	 3.2315e+02	 1.8955e+04
 5.7665e+03	 1.8916e+04	 1.7189e+00	 5.9537e-02	 3.2315e+02	 1.8958e+04
 8.6498e+03	 1.8916e+04	 1.7052e+00	 6.0278e-02	 3.2315e+02	 1.8961e+04
 1.2975e+04	 1.8916e+04	 1.6907e+00	 6.2650e-02	 3.2315e+02	 1.8963e+04
 1.9462e+04	 1.8916e+04	 1.6752e+00	 6.6726e-02	 3.2315e+02	 1.8966e+04
 2.9193e+04	 1.8916e+04	 1.6562e+00	 7.1407e-02	 3.2315e+02	 1.8971e+04
 4.3789e+04	 1.8916e+04	 1.6341e+00	 7.4111e-02	 3.2315e+02	 1.8973e+04
 6.5684e+04	 1.8916e+04	 1.6105e+00	 7.2453e-02	 3.2315e+02	 1.8976e+04
 9.8526e+04	 1.8916e+04	 1.5887e+00	 6.6014e-02	 3.2315e+02	 1.8981e+04
 1.4779e+05	 1.8916e+04	 1.5713e+00	 5.7090e-02	 3.2315e+02	 1.8983e+04
 2.2168e+05	 1.8916e+04	 1.5584e+00	 4.8203e-02	 3.2315e+02	 1.8986e+04
 3.3253e+05	 1.8916e+04	 1.5487e+00	 4.1067e-02	 3.2316e+02	 1.8988e+04
 4.9879e+05	 1.8916e+04	 1.5478e+00	 3.5414e-02	 3.2315e+02	 1.8991e+04
 7.4818e+05	 1.8916e+04	 1.5412e+00	 3.2347e-02	 3.2316e+02	 1.8994e+04
 9.0000e+05	 1.8916e+04	 1.5384e+00	 3.1486e-02	 3.2315e+02	 1.8996e+04
 1.0000e+02	 1.8993e+04	 1.8548e+00	 4.2201e-02	 3.2315e+02	 1.9005e+04
 1.5000e+02	 1.8993e+04	 1.8453e+00	 4.4078e-02	 3.2315e+02	 1.9008e+04
 2.2500e+02	 1.8993e+04	 1.8352e+00	 4.6606e-02	 3.2316e+02	 1.9013e+04
 3.3750e+02	 1.8993e+04	 1.8237e+00	 4.9847e-02	 3.2315e+02	 1.9016e+04
 5.0625e+02	 1.8993e+04	 1.8109e+00	 5.3309e-02	 3.2315e+02	 1.9018e+04
 7.5938e+02	 1.8993e+04	 1.7966e+00	 5.6185e-02	 3.2315e+02	 1.9021e+04
 1.1391e+03	 1.8993e+04	 1.7812e+00	 5.8357e-02	 3.2315e+02	 1.9023e+04
 1.7086e+03	 1.8993e+04	 1.7653e+00	 5.9731e-02	 3.2315e+02	 1.9026e+04
 2.5629e+03	 1.8993e+04	 1.7490e+00	 6.0076e-02	 3.2314e+02	 1.9031e+04
 3.8443e+03	 1.8993e+04	 1.7335e+00	 5.9739e-02	 3.2314e+02	 1.9033e+04
 5.7665e+03	 1.8993e+04	 1.7190e+00	 5.9518e-02	 3.2315e+02	 1.9036e+04
 8.6498e+03	 1.8993e+04	 1.7053e+00	 6.0299e-02	 3.2314e+02	 1.9038e+04
 1.2975e+04	 1.8993e+04	 1.6908e+00	 6.2677e-02	 3.2315e+02	 1.9041e+04
 1.9462e+04	 1.8993e+04	 1.6753e+00	 6.6759e-02	 3.2315e+02	 1.9044e+04
 2.9193e+04	 1.8993e+04	 1.6562e+00	 7.1416e-02	 3.2315e+02	 1.9049e+04
 4.3789e+04	 1.8993e+04	 1.6341e+00	 7.4078e-02	 3.2315e+02	 1.9051e+04
 6.5684e+04	 1.8993e+04	 1.6106e+00	 7.2471e-02	 3.2315e+02	 1.9054e+04
 9.8526e+04	 1.8993e+04	 1.5888e+00	 6.6000e-02	 3.2315e+02	 1.9059e+04
 1.4779e+05	 1.8993e+04	 1.5715e+00	 5.7289e-02	 3.2315e+02	 1.9062e+04
 2.2168e+05	 1.8993e+04	 1.5586e+00	 4.8319e-02	 3.2315e+02	 1.9064e+04
 3.3253e+05	 1.8993e+04	 1.5489e+00	 4.1107e-02	 3.2314e+02	 1.9067e+04
 4.9879e+05	 1.8993e+04	 1.5480e+00	 3.5423e-02	 3.2315e+02	 1.9069e+04
 7.4818e+05	 1.8993e+04	 1.5413e+00	 3.2306e-02	 3.2315e+02	 1.9072e+04
 9.0000e+05	 1.8993e+04	 1.5386e+00	 3.1455e-02	 3.2315e+02	 1.9074e+04
 1.0000e+02	 1.9071e+04	 1.8551e+00	 4.2824e-02	 3.2315e+02	 1.9083e+04
 1.5000e+02	 1.9071e+04	 1.8460e+00	 4.3367e-02	 3.2316e+02	 1.9086e+04
 2.2500e+02	 1.9071e+04	 1.8355e+00	 4.6031e-02	 3.2315e+02	 1.9091e+04
 3.3750e+02	 1.9071e+04	 1.8241e+00	 4.9266e-02	 3.2316e+02	 1.9094e+04
 5.0625e+02	 1.9071e+04	 1.8112e+00	 5.2624e-02	 3.2315e+02	 1.9096e+04
 7.5938e+02	 1.9071e+04	 1.7968e+00	 5.5910e-02	 3.2316e+02	 1.9099e+04
 1.1391e+03	 1.9071e+04	 1.7814e+00	 5.8321e-02	 3.2315e+02	 1.9102e+04
 1.7086e+03	 1.9071e+04	 1.7655e+00	 5.9686e-02	 3.2315e+02	 1.9104e+04
 2.5629e+03	 1.9071e+04	 1.7492e+00	 6.0090e-02	 3.2315e+02	 1.9109e+04
 3.8443e+03	 1.9071e+04	 1.7337e+00	 5.9754e-02	 3.2316e+02	 1.9112e+04
 5.7665e+03	 1.9071e+04	 1.7191e+00	 5.9553e-02	 3.2315e+02	 1.9114e+04
 8.6498e+03	 1.9071e+04	 1.7055e+00	 6.0283e-02	 3.2315e+02	 1.9117e+04
 1.2975e+04	 1.9071e+04	 1.6910e+00	 6.2638e-02	 3.2315e+02	 1.9119e+04
 1.9462e+04	 1.9071e+04	 1.6754e+00	 6.6780e-02	 3.2315e+02	 1.9122e+04
 2.9193e+04	 1.9071e+04	 1.6564e+00	 7.1351e-02	 3.2315e+02	 1.9127e+04
 4.3789e+04	 1.9071e+04	 1.6342e+00	 7.4042e-02	 3.2315e+02	 1.9130e+04
 6.5684e+04	 1.9071e+04	 1.6106e+00	 7.2417e-02	 3.2315e+02	 1.9132e+04
 9.8526e+04	 1.9071e+04	 1.5888e+00	 6.6126e-02	 3.2315e+02	 1.9137e+04
 1.4779e+05	 1.9071e+04	 1.5715e+00	 5.7145e-02	 3.2315e+02	 1.9140e+04
 2.2168e+05	 1.9071e+04	 1.5586e+00	 4.8297e-02	 3.2315e+02	 1.9142e+04
 3.3253e+05	 1.9071e+04	 1.5489e+00	 4.1135e-02	 3.2315e+02	 1.9145e+04
 4.9879e+05	 1.9071e+04	 1.5481e+00	 3.5374e-02	 3.2315e+02	 1.9147e+04
 7.4818e+05	 1.9071e+04	 1.5413e+00	 3.2455e-02	 3.2315e+02	 1.9150e+04
 9.0000e+05	 1.9071e+04	 1.5386e+00	 3.1398e-02	 3.2315e+02	 1.9152e+04
 1.0000e+02	 1.9149e+04	 1.8551e+00	 4.2650e-02	 3.2315e+02	 1.9161e+04
 1.5000e+02	 1.9149e+04	 1.8458e+00	 4.3298e-02	 3.2315e+02	 1.9164e+04
 2.2500e+02	 1.9149e+04	 1.8355e+00	 4.6070e-02	 3.2315e+02	 1.9169e+04
 3.3750e+02	 1.9149e+04	 1.8241e+00	 4.9405e-02	 3.2315e+02	 1.9172e+04
 5.0625e+02	 1.9149e+04	 1.8112e+00	 5.2901e-02	 3.2316e+02	 1.9174e+04
 7.5938e+02	 1.9149e+04	 1.7970e+00	 5.6010e-02	 3.2315e+02	 1.9177e+04
 1.1391e+03	 1.9149e+04	 1.7815e+00	 5.8432e-02	 3.2316e+02	 1.9179e+04
 1.7086e+03	 1.9149e+04	 1.7656e+00	 5.9792e-02	 3.2315e+02	 1.9182e+04
 2.5629e+03	 1.9149e+04	 1.7494e+00	 6.0063e-02	 3.2315e+02	 1.9187e+04
 3.8443e+03	 1.9149e+04	 1.7339e+00	 5.9750e-02	 3.2315e+02	 1.9189e+04
 5.7665e+03	 1.9149e+04	 1.7193e+00	 5.9528e-02	 3.2315e+02	 1.9192e+04
 8.6498e+03	 1.9149e+04	 1.7056e+00	 6.0275e-02	 3.2315e+02	 1.9195e+04
 1.2975e+04	 1.9149e+04	 1.6911e+00	 6.2632e-02	 3.2315e+02	 1.9197e+04
 1.9462e+04	 1.9149e+04	 1.6756e+00	 6.6764e-02	 3.2315e+02	 1.9200e+04
 2.9193e+04	 1.9149e+04	 1.6565e+00	 7.1322e-02	 3.2315e+02	 1.9205e+04
 4.3789e+04	 1.9149e+04	 1.6344e+00	 7.4091e-02	 3.2315e+02	 1.9207e+04
 6.5684e+04	 1.9149e+04	 1.6108e+00	 7.2450e-02	 3.2314e+02	 1.9210e+04
 9.8526e+04	 1.9149e+04	 1.5890e+00	 6.5939e-02	 3.2314e+02	 1.9215e+04
 1.4779e+05	 1.9149e+04	 1.5716e+00	 5.7027e-02	 3.2315e+02	 1.9218e+04
 2.2168e+05	 1.9149e+04	 1.5587e+00	 4.8238e-02	 3.2314e+02	 1.9220e+04
 3.3253e+05	 1.9149e+04	 1.5490e+00	 4.0881e-02	 3.2315e+02	 1.9223e+04
 4.9879e+05	 1.9149e+04	 1.5482e+00	 3.5337e-02	 3.2315e+02	 1.9225e+04
 7.4818e+05	 1.9149e+04	 1.5415e+00	 3.2313e-02	 3.2315e+02	 1.9228e+04
 9.0000e+05	 1.9149e+04	 1.5388e+00	 3.1506e-02	 3.2314e+02	 1.9230e+04
 1.0000e+02	 1.9227e+04	 1.8555e+00	 4.2827e-02	 3.2315e+02	 1.9240e+04
 1.5000e+02	 1.9227e+04	 1.8466e+00	 4.5428e-02	 3.2315e+02	 1.9242e+04
 2.2500e+02	 1.9227e+04	 1.8355e+00	 4.6620e-02	 3.2315e+02	 1.9247e+04
 3.3750e+02	 1.9227e+04	 1.8241e+00	 4.9738e-02	 3.2315e+02	 1.9250e+04
 5.0625e+02	 1.9227e+04	 1.8113e+00	 5.3042e-02	 3.2314e+02	 1.9252e+04
 7.5938e+02	 1.9227e+04	 1.7970e+00	 5.6157e-02	 3.2315e+02	 1.9255e+04
 1.1391e+03	 1.9227e+04	 1.7816e+00	 5.8484e-02	 3.2314e+02	 1.9258e+04
 1.7086e+03	 1.9227e+04	 1.7657e+00	 5.9844e-02	 3.2314e+02	 1.9260e+04
 2.5629e+03	 1.9227e+04	 1.7494e+00	 6.0105e-02	 3.2315e+02	 1.9266e+04
 3.8443e+03	 1.9227e+04	 1.7340e+00	 5.9739e-02	 3.2314e+02	 1.9268e+04
 5.7665e+03	 1.9227e+04	 1.7194e+00	 5.9508e-02	 3.2315e+02	 1.9271e+04
 8.6498e+03	 1.9227e+04	 1.7057e+00	 6.0241e-02	 3.2315e+02	 1.9273e+04
 1.2975e+04	 1.9227e+04	 1.6912e+00	 6.2626e-02	 3.2314e+02	 1.9276e+04
 1.9462e+04	 1.9227e+04	 1.6757e+00	 6.6711e-02	 3.2315e+02	 1.9279e+04
 2.9193e+04	 1.9227e+04	 1.6566e+00	 7.1324e-02	 3.2315e+02	 1.9284e+04
 4.3789e+04	 1.9227e+04	 1.6345e+00	 7.4084e-02	 3.2314e+02	 1.9286e+04
 6.5684e+04	 1.9227e+04	 1.6108e+00	 7.2493e-02	 3.2315e+02	 1.9289e+04
 9.8526e+04	 1.9227e+04	 1.5891e+00	 6.6072e-02	 3.2315e+02	 1.9294e+04
 1.4779e+05	 1.9227e+04	 1.5718e+00	 5.7039e-02	 3.2315e+02	 1.9296e+04
 2.2168e+05	 1.9227e+04	 1.5589e+00	 4.8226e-02	 3.2314e+02	 1.9299e+04
 3.3253e+05	 1.9227e+04	 1.5492e+00	 4.0871e-02	 3.2315e+02	 1.9301e+04
 4.9879e+05	 1.9227e+04	 1.5483e+00	 3.5336e-02	 3.2315e+02	 1.9304e+04
 7.4818e+05	 1.9227e+04	 1.5416e+00	 3.2319e-02	 3.2315e+02	 1.9307e+04
 9.0000e+05	 1.9227e+04	 1.5389e+00	 3.1361e-02	 3.2315e+02	 1.9309e+04
 1.0000e+02	 1.9306e+04	 1.8552e+00	 4.2785e-02	 3.2315e+02	 1.9318e+04
 1.5000e+02	 1.9306e+04	 1.8454e+00	 4.3896e-02	 3.2315e+02	 1.9321e+04
 2.2500e+02	 1.9306e+04	 1.8358e+00	 4.6063e-02	 3.2315e+02	 1.9326e+04
 3.3750e+02	 1.9306e+04	 1.8243e+00	 4.9170e-02	 3.2315e+02	 1.9328e+04
 5.0625e+02	 1.9306e+04	 1.8115e+00	 5.2679e-02	 3.2314e+02	 1.9331e+04
 7.5938e+02	 1.9306e+04	 1.7972e+00	 5.5824e-02	 3.2315e+02	 1.9334e+04
 1.1391e+03	 1.9306e+04	 1.7818e+00	 5.8366e-02	 3.2315e+02	 1.9336e+04
 1.7086e+03	 1.9306e+04	 1.7659e+00	 5.9777e-02	 3.2315e+02	 1.9339e+04
 2.5629e+03	 1.9306e+04	 1.7496e+00	 6.0127e-02	 3.2315e+02	 1.9344e+04
 3.8443e+03	 1.9306e+04	 1.7341e+00	 5.9738e-02	 3.2315e+02	 1.9347e+04
 5.7665e+03	 1.9306e+04	 1.7195e+00	 5.9541e-02	 3.2315e+02	 1.9349e+04
 8.6498e+03	 1.9306e+04	 1.7058e+00	 6.0304e-02	 3.2315e+02	 1.9352e+04
 1.2975e+04	 1.9306e+04	 1.6914e+00	 6.2650e-02	 3.2315e+02	 1.9355e+04
 1.9462e+04	 1.9306e+04	 1.6758e+00	 6.6717e-02	 3.2315e+02	 1.9357e+04
 2.9193e+04	 1.9306e+04	 1.6568e+00	 7.1340e-02	 3.2315e+02	 1.9362e+04
 4.3789e+04	 1.9306e+04	 1.6347e+00	 7.4063e-02	 3.2315e+02	 1.9365e+04
 6.5684e+04	 1.9306e+04	 1.6110e+00	 7.2510e-02	 3.2315e+02	 1.9367e+04
 9.8526e+04	 1.9306e+04	 1.5892e+00	 6.6037e-02	 3.2315e+02	 1.9373e+04
 1.4779e+05	 1.9306e+04	 1.5719e+00	 5.7295e-02	 3.2315e+02	 1.9375e+04
 2.2168e+05	 1.9306e+04	 1.5590e+00	 4.8224e-02	 3.2315e+02	 1.9378e+04
 3.3253e+05	 1.9306e+04	 1.5493e+00	 4.0932e-02	 3.2315e+02	 1.9380e+04
 4.9879e+05	 1.9306e+04	 1.5484e+00	 3.5286e-02	 3.2315e+02	 1.9383e+04
 7.4818e+05	 1.9306e+04	 1.5417e+00	 3.2371e-02	 3.2315e+02	 1.9385e+04
 9.0000e+05	 1.9306e+04	 1.5390e+00	 3.1394e-02	 3.2315e+02	 1.9388e+04
 1.0000e+02	 1.9385e+04	 1.8554e+00	 4.1953e-02	 3.2315e+02	 1.9397e+04
 1.5000e+02	 1.9385e+04	 1.8465e+00	 4.2991e-02	 3.2316e+02	 1.9400e+04
 2.2500e+02	 1.9385e+04	 1.8359e+00	 4.5973e-02	 3.2316e+02	 1.9405e+04
 3.3750e+02	 1.9385e+04	 1.8244e+00	 4.9147e-02	 3.2316e+02	 1.9407e+04
 5.0625e+02	 1.9385e+04	 1.8116e+00	 5.2849e-02	 3.2316e+02	 1.9410e+04
 7.5938e+02	 1.9385e+04	 1.7972e+00	 5.5862e-02	 3.2317e+02	 1.9412e+04
 1.1391e+03	 1.9385e+04	 1.7818e+00	 5.8458e-02	 3.2316e+02	 1.9415e+04
 1.7086e+03	 1.9385e+04	 1.7658e+00	 5.9870e-02	 3.2316e+02	 1.9418e+04
 2.5629e+03	 1.9385e+04	 1.7495e+00	 6.0080e-02	 3.2316e+02	 1.9423e+04
 3.8443e+03	 1.9385e+04	 1.7340e+00	 5.9771e-02	 3.2315e+02	 1.9425e+04
 5.7665e+03	 1.9385e+04	 1.7194e+00	 5.9500e-02	 3.2316e+02	 1.9428e+04
 8.6498e+03	 1.9385e+04	 1.7058e+00	 6.0286e-02	 3.2316e+02	 1.9430e+04
 1.2975e+04	 1.9385e+04	 1.6913e+00	 6.2684e-02	 3.2316e+02	 1.9433e+04
 1.9462e+04	 1.9385e+04	 1.6757e+00	 6.6761e-02	 3.2315e+02	 1.9435e+04
 2.9193e+04	 1.9385e+04	 1.6566e+00	 7.1332e-02	 3.2315e+02	 1.9440e+04
 4.3789e+04	 1.9385e+04	 1.6345e+00	 7.4068e-02	 3.2315e+02	 1.9443e+04
 6.5684e+04	 1.9385e+04	 1.6109e+00	 7.2487e-02	 3.2315e+02	 1.9445e+04
 9.8526e+04	 1.9385e+04	 1.5891e+00	 6.6083e-02	 3.2315e+02	 1.9450e+04
 1.4779e+05	 1.9385e+04	 1.5717e+00	 5.7232e-02	 3.2314e+02	 1.9453e+04
 2.2168e+05	 1.9385e+04	 1.5588e+00	 4.8177e-02	 3.2315e+02	 1.9455e+04
 3.3253e+05	 1.9385e+04	 1.5491e+00	 4.1053e-02	 3.2315e+02	 1.9458e+04
 4.9879e+05	 1.9385e+04	 1.5483e+00	 3.5356e-02	 3.2315e+02	 1.9460e+04
 7.4818e+05	 1.9385e+04	 1.5415e+00	 3.2432e-02	 3.2314e+02	 1.9463e+04
 9.0000e+05	 1.9385e+04	 1.5389e+00	 3.1382e-02	 3.2315e+02	 1.9466e+04
 1.0000e+02	 1.9463e+04	 1.8558e+00	 4.2435e-02	 3.2314e+02	 1.9475e+04
 1.5000e+02	 1.9463e+04	 1.8458e+00	 4.3772e-02	 3.2314e+02	 1.9477e+04
 2.2500e+02	 1.9463e+04	 1.8359e+00	 4.5998e-02	 3.2315e+02	 1.9483e+04
 3.3750e+02	 1.9463e+04	 1.8244e+00	 4.9200e-02	 3.2315e+02	 1.9485e+04
 5.0625e+02	 1.9463e+04	 1.8116e+00	 5.2635e-02	 3.2315e+02	 1.9488e+04
 7.5938e+02	 1.9463e+04	 1.7973e+00	 5.5981e-02	 3.2315e+02	 1.9490e+04
 1.1391e+03	 1.9463e+04	 1.7818e+00	 5.8409e-02	 3.2315e+02	 1.9493e+04
 1.7086e+03	 1.9463e+04	 1.7659e+00	 5.9781e-02	 3.2315e+02	 1.9495e+04
 2.5629e+03	 1.9463e+04	 1.7496e+00	 6.0205e-02	 3.2315e+02	 1.9501e+04
 3.8443e+03	 1.9463e+04	 1.7342e+00	 5.9832e-02	 3.2315e+02	 1.9503e+04
 5.7665e+03	 1.9463e+04	 1.7196e+00	 5.9555e-02	 3.2314e+02	 1.9505e+04
 8.6498e+03	 1.9463e+04	 1.7060e+00	 6.0301e-02	 3.2315e+02	 1.9508e+04
 1.2975e+04	 1.9463e+04	 1.6915e+00	 6.2662e-02	 3.2315e+02	 1.9511e+04
 1.9462e+04	 1.9463e+04	 1.6759e+00	 6.6747e-02	 3.2315e+02	 1.9513e+04
 2.9193e+04	 1.9463e+04	 1.6568e+00	 7.1371e-02	 3.2315e+02	 1.9518e+04
 4.3789e+04	 1.9463e+04	 1.6347e+00	 7.4102e-02	 3.2315e+02	 1.9521e+04
 6.5684e+04	 1.9463e+04	 1.6112e+00	 7.2470e-02	 3.2315e+02	 1.9523e+04
 9.8526e+04	 1.9463e+04	 1.5893e+00	 6.6008e-02	 3.2315e+02	 1.9528e+04
 1.4779e+05	 1.9463e+04	 1.5720e+00	 5.7244e-02	 3.2316e+02	 1.9531e+04
 2.2168e+05	 1.9463e+04	 1.5591e+00	 4.8224e-02	 3.2315e+02	 1.9533e+04
 3.3253e+05	 1.9463e+04	 1.5494e+00	 4.1101e-02	 3.2315e+02	 1.9536e+04
 4.9879e+05	 1.9463e+04	 1.5486e+00	 3.5326e-02	 3.2315e+02	 1.9538e+04
 7.4818e+05	 1.9463e+04	 1.5418e+00	 3.2422e-02	 3.2315e+02	 1.9541e+04
 9.0000e+05	 1.9463e+04	 1.5391e+00	 3.1383e-02	 3.2315e+02	 1.9543e+04
 1.0000e+02	 1.9540e+04	 1.8557e+00	 4.4674e-02	 3.2315e+02	 1.9552e+04
 1.5000e+02	 1.9540e+04	 1.8467e+00	 4.5352e-02	 3.2315e+02	 1.9555e+04
 2.2500e+02	 1.9540e+04	 1.8362e+00	 4.6199e-02	 3.2315e+02	 1.9560e+04
 3.3750e+02	 1.9540e+04	 1.8247e+00	 4.9375e-02	 3.2315e+02	 1.9563e+04
 5.0625e+02	 1.9540e+04	 1.8118e+00	 5.2936e-02	 3.2315e+02	 1.9565e+04
 7.5938e+02	 1.9540e+04	 1.7975e+00	 5.6159e-02	 3.2315e+02	 1.9568e+04
 1.1391e+03	 1.9540e+04	 1.7820e+00	 5.8460e-02	 3.2315e+02	 1.9571e+04
 1.7086e+03	 1.9540e+04	 1.7660e+00	 5.9778e-02	 3.2315e+02	 1.9573e+04
 2.5629e+03	 1.9540e+04	 1.7498e+00	 6.0152e-02	 3.2315e+02	 1.9578e+04
 3.8443e+03	 1.9540e+04	 1.7343e+00	 5.9770e-02	 3.2315e+02	 1.9581e+04
 5.7665e+03	 1.9540e+04	 1.7197e+00	 5.9535e-02	 3.2315e+02	 1.9583e+04
 8.6498e+03	 1.9540e+04	 1.7060e+00	 6.0252e-02	 3.2315e+02	 1.9586e+04
 1.2975e+04	 1.9540e+04	 1.6915e+00	 6.2692e-02	 3.2315e+02	 1.9588e+04
 1.9462e+04	 1.9540e+04	 1.6759e+00	 6.6790e-02	 3.2314e+02	 1.9591e+04
 2.9193e+04	 1.9540e+04	 1.6569e+00	 7.1432e-02	 3.2315e+02	 1.9596e+04
 4.3789e+04	 1.9540e+04	 1.6348e+00	 7.4095e-02	 3.2315e+02	 1.9599e+04
 6.5684e+04	 1.9540e+04	 1.6112e+00	 7.2497e-02	 3.2314e+02	 1.9602e+04
 9.8526e+04	 1.9540e+04	 1.5894e+00	 6.5913e-02	 3.2315e+02	 1.9607e+04
 1.4779e+05	 1.9540e+04	 1.5721e+00	 5.7132e-02	 3.2315e+02	 1.9609e+04
 2.2168e+05	 1.9540e+04	 1.5592e+00	 4.8227e-02	 3.2314e+02	 1.9612e+04
 3.3253e+05	 1.9540e+04	 1.5496e+00	 4.0860e-02	 3.2315e+02	 1.9614e+04
 4.9879e+05	 1.9540e+04	 1.5487e+00	 3.5310e-02	 3.2315e+02	 1.9617e+04
 7.4818e+05	 1.9540e+04	 1.5419e+00	 3.2319e-02	 3.2315e+02	 1.9619e+04
 9.0000e+05	 1.9540e+04	 1.5393e+00	 3.1374e-02	 3.2314e+02	 1.9622e+04
 1.0000e+02	 1.9619e+04	 1.8557e+00	 4.2999e-02	 3.2315e+02	 1.9631e+04
 1.5000e+02	 1.9619e+04	 1.8463e+00	 4.4482e-02	 3.2315e+02	 1.9634e+04
 2.2500e+02	 1.9619e+04	 1.8363e+00	 4.6230e-02	 3.2315e+02	 1.9639e+04
 3.3750e+02	 1.9619e+04	 1.8249e+00	 4.9387e-02	 3.2315e+02	 1.9641e+04
 5.0625e+02	 1.9619e+04	 1.8120e+00	 5.2918e-02	 3.2315e+02	 1.9644e+04
 7.5938e+02	 1.9619e+04	 1.7976e+00	 5.6204e-02	 3.2315e+02	 1.9646e+04
 1.1391e+03	 1.9619e+04	 1.7822e+00	 5.8764e-02	 3.2315e+02	 1.9649e+04
 1.7086e+03	 1.9619e+04	 1.7662e+00	 5.9819e-02	 3.2315e+02	 1.9651e+04
 2.5629e+03	 1.9619e+04	 1.7500e+00	 6.0054e-02	 3.2316e+02	 1.9657e+04
 3.8443e+03	 1.9619e+04	 1.7345e+00	 5.9767e-02	 3.2315e+02	 1.9659e+04
 5.7665e+03	 1.9619e+04	 1.7199e+00	 5.9506e-02	 3.2315e+02	 1.9662e+04
 8.6498e+03	 1.9619e+04	 1.7062e+00	 6.0266e-02	 3.2315e+02	 1.9664e+04
 1.2975e+04	 1.9619e+04	 1.6918e+00	 6.2681e-02	 3.2316e+02	 1.9667e+04
 1.9462e+04	 1.9619e+04	 1.6761e+00	 6.6750e-02	 3.2315e+02	 1.9669e+04
 2.9193e+04	 1.9619e+04	 1.6571e+00	 7.1318e-02	 3.2315e+02	 1.9674e+04
 4.3789e+04	 1.9619e+04	 1.6349e+00	 7.4057e-02	 3.2315e+02	 1.9677e+04
 6.5684e+04	 1.9619e+04	 1.6115e+00	 7.2431e-02	 3.2315e+02	 1.9679e+04
 9.8526e+04	 1.9619e+04	 1.5896e+00	 6.6044e-02	 3.2315e+02	 1.9684e+04
 1.4779e+05	 1.9619e+04	 1.5723e+00	 5.7035e-02	 3.2315e+02	 1.9687e+04
 2.2168e+05	 1.9619e+04	 1.5594e+00	 4.8277e-02	 3.2315e+02	 1.9690e+04
 3.3253e+05	 1.9619e+04	 1.5496e+00	 4.0967e-02	 3.2315e+02	 1.9692e+04
 4.9879e+05	 1.9619e+04	 1.5489e+00	 3.5341e-02	 3.2315e+02	 1.9695e+04
 7.4818e+05	 1.9619e+04	 1.5421e+00	 3.2315e-02	 3.2316e+02	 1.9697e+04
 9.0000e+05	 1.9619e+04	 1.5393e+00	 3.1443e-02	 3.2315e+02	 1.9700e+04
 1.0000e+02	 1.9697e+04	 1.8558e+00	 4.2945e-02	 3.2316e+02	 1.9709e+04
 1.5000e+02	 1.9697e+04	 1.8470e+00	 4.4817e-02	 3.2315e+02	 1.9712e+04
 2.2500e+02	 1.9697e+04	 1.8364e+00	 4.7431e-02	 3.2315e+02	 1.9717e+04
 3.3750e+02	 1.9697e+04	 1.8249e+00	 4.9885e-02	 3.2315e+02	 1.9719e+04
 5.0625e+02	 1.9697e+04	 1.8120e+00	 5.2833e-02	 3.2316e+02	 1.9722e+04
 7.5938e+02	 1.9697e+04	 1.7976e+00	 5.5987e-02	 3.2315e+02	 1.9724e+04
 1.1391e+03	 1.9697e+04	 1.7822e+00	 5.8397e-02	 3.2314e+02	 1.9727e+04
 1.7086e+03	 1.9697e+04	 1.7662e+00	 5.9807e-02	 3.2315e+02	 1.9730e+04
 2.5629e+03	 1.9697e+04	 1.7500e+00	 6.0139e-02	 3.2314e+02	 1.9735e+04
 3.8443e+03	 1.9697e+04	 1.7345e+00	 5.9752e-02	 3.2315e+02	 1.9737e+04
 5.7665e+03	 1.9697e+04	 1.7199e+00	 5.9558e-02	 3.2315e+02	 1.9740e+04
 8.6498e+03	 1.9697e+04	 1.7063e+00	 6.0261e-02	 3.2315e+02	 1.9742e+04
 1.2975e+04	 1.9697e+04	 1.6918e+00	 6.2666e-02	 3.2315e+02	 1.9745e+04
 1.9462e+04	 1.9697e+04	 1.6762e+00	 6.6790e-02	 3.2315e+02	 1.9748e+04
 2.9193e+04	 1.9697e+04	 1.6572e+00	 7.1389e-02	 3.2315e+02	 1.9753e+04
 4.3789e+04	 1.9697e+04	 1.6350e+00	 7.4091e-02	 3.2315e+02	 1.9755e+04
 6.5684e+04	 1.9697e+04	 1.6115e+00	 7.2470e-02	 3.2315e+02	 1.9758e+04
 9.8526e+04	 1.9697e+04	 1.5897e+00	 6.5947e-02	 3.2315e+02	 1.9763e+04
 1.4779e+05	 1.9697e+04	 1.5724e+00	 5.7031e-02	 3.2316e+02	 1.9765e+04
 2.2168e+05	 1.9697e+04	 1.5594e+00	 4.8150e-02	 3.2315e+02	 1.9768e+04
 3.3253e+05	 1.9697e+04	 1.5498e+00	 4.1032e-02	 3.2315e+02	 1.9770e+04
 4.9879e+05	 1.9697e+04	 1.5489e+00	 3.5319e-02	 3.2315e+02	 1.9773e+04
 7.4818e+05	 1.9697e+04	 1.5421e+00	 3.2470e-02	 3.2316e+02	 1.9775e+04
 9.0000e+05	 1.9697e+04	 1.5394e+00	 3.1363e-02	 3.2315e+02	 1.9778e+04
 1.0000e+02	 1.9775e+04	 1.8564e+00	 4.2331e-02	 3.2315e+02	 1.9787e+04
 1.5000e+02	 1.9775e+04	 1.8469e+00	 4.3887e-02	 3.2315e+02	 1.9789e+04
 2.2500e+02	 1.9775e+04	 1.8368e+00	 4.6575e-02	 3.2316e+02	 1.9794e+04
 3.3750e+02	 1.9775e+04	 1.8251e+00	 4.9266e-02	 3.2315e+02	 1.9797e+04
 5.0625e+02	 1.9775e+04	 1.8123e+00	 5.2830e-02	 3.2315e+02	 1.9800e+04
 7.5938e+02	 1.9775e+04	 1.7979e+00	 5.5955e-02	 3.2315e+02	 1.9802e+04
 1.1391e+03	 1.9775e+04	 1.7824e+00	 5.8399e-02	 3.2315e+02	 1.9804e+04
 1.7086e+03	 1.9775e+04	 1.7664e+00	 5.9795e-02	 3.2315e+02	 1.9807e+04
 2.5629e+03	 1.9775e+04	 1.7501e+00	 6.0097e-02	 3.2315e+02	 1.9812e+04
 3.8443e+03	 1.9775e+04	 1.7346e+00	 5.9782e-02	 3.2315e+02	 1.9815e+04
 5.7665e+03	 1.9775e+04	 1.7200e+00	 5.9513e-02	 3.2315e+02	 1.9818e+04
 8.6498e+03	 1.9775e+04	 1.7064e+00	 6.0288e-02	 3.2315e+02	 1.9820e+04
 1.2975e+04	 1.9775e+04	 1.6919e+00	 6.2690e-02	 3.2315e+02	 1.9823e+04
 1.9462e+04	 1.9775e+04	 1.6763e+00	 6.6772e-02	 3.2315e+02	 1.9825e+04
 2.9193e+04	 1.9775e+04	 1.6572e+00	 7.1377e-02	 3.2315e+02	 1.9830e+04
 4.3789e+04	 1.9775e+04	 1.6351e+00	 7.4059e-02	 3.2314e+02	 1.9833e+04
 6.5684e+04	 1.9775e+04	 1.6114e+00	 7.2433e-02	 3.2315e+02	 1.9836e+04
 9.8526e+04	 1.9775e+04	 1.5897e+00	 6.6126e-02	 3.2315e+02	 1.9841e+04
 1.4779e+05	 1.9775e+04	 1.5723e+00	 5.7051e-02	 3.2315e+02	 1.9843e+04
 2.2168e+05	 1.9775e+04	 1.5595e+00	 4.8203e-02	 3.2315e+02	 1.9846e+04
 3.3253e+05	 1.9775e+04	 1.5499e+00	 4.0889e-02	 3.2315e+02	 1.9848e+04
 4.9879e+05	 1.9775e+04	 1.5490e+00	 3.5347e-02	 3.2315e+02	 1.9851e+04
 7.4818e+05	 1.9775e+04	 1.5422e+00	 3.2307e-02	 3.2315e+02	 1.9854e+04
 9.0000e+05	 1.9775e+04	 1.5397e+00	 3.1369e-02	 3.2315e+02	 1.9856e+04
 1.0000e+02	 1.9853e+04	 1.8567e+00	 4.2039e-02	 3.2315e+02	 1.9865e+04
 1.5000e+02	 1.9853e+04	 1.8468e+00	 4.3504e-02	 3.2315e+02	 1.9868e+04
 2.2500e+02	 1.9853e+04	 1.8368e+00	 4.6328e-02	 3.2315e+02	 1.9873e+04
 3.3750e+02	 1.9853e+04	 1.8253e+00	 4.9469e-02	 3.2315e+02	 1.9876e+04
 5.0625e+02	 1.9853e+04	 1.8122e+00	 5.2963e-02	 3.2315e+02	 1.9878e+04
 7.5938e+02	 1.9853e+04	 1.7980e+00	 5.5931e-02	 3.2315e+02	 1.9881e+04
 1.1391e+03	 1.9853e+04	 1.7825e+00	 5.8481e-02	 3.2315e+02	 1.9884e+04
 1.7086e+03	 1.9853e+04	 1.7667e+00	 5.9856e-02	 3.2315e+02	 1.9886e+04
 2.5629e+03	 1.9853e+04	 1.7503e+00	 6.0119e-02	 3.2315e+02	 1.9891e+04
 3.8443e+03	 1.9853e+04	 1.7349e+00	 5.9740e-02	 3.2315e+02	 1.9894e+04
 5.7665e+03	 1.9853e+04	 1.7203e+00	 5.9560e-02	 3.2315e+02	 1.9896e+04
 8.6498e+03	 1.9853e+04	 1.7067e+00	 6.0287e-02	 3.2315e+02	 1.9899e+04
 1.2975e+04	 1.9853e+04	 1.6922e+00	 6.2679e-02	 3.2315e+02	 1.9902e+04
 1.9462e+04	 1.9853e+04	 1.6766e+00	 6.6755e-02	 3.2315e+02	 1.9904e+04
 2.9193e+04	 1.9853e+04	 1.6576e+00	 7.1382e-02	 3.2315e+02	 1.9909e+04
 4.3789e+04	 1.9853e+04	 1.6354e+00	 7.4108e-02	 3.2315e+02	 1.9912e+04
 6.5684e+04	 1.9853e+04	 1.6118e+00	 7.2414e-02	 3.2315e+02	 1.9914e+04
 9.8526e+04	 1.9853e+04	 1.5900e+00	 6.6129e-02	 3.2315e+02	 1.9920e+04
 1.4779e+05	 1.9853e+04	 1.5727e+00	 5.7063e-02	 3.2315e+02	 1.9922e+04