PEI 25 kg/mol, 2 mg/ml from Ethanol on B 10 x 15 mm + H 1x1 mm, 70 nm, 30 µm, 50°C Desorption, 27.4.2026, 11:5
Diameter[mm] 1.128e+00  Thickness[mm] 1.000e-04  Spacer Capacity[pF] 0.000e+00  Spacer Area[mm^2] 0.000e+00
Fixed value(s) :  AC Volt  [Vrms]=1.000
 Freq. [Hz]	 Time  [s]	 Eps'   	 Eps''  	M Temp [K]	M Time M[s]	  Phi [Deg]	 Zp' [Ohms]	 Zp'' [Ohms]	Tan(Phi) 
 1.0000e+02	 0.0000e+00	 6.2162e+00	 1.7024e-01	 3.2315e+02	 7.7800e+00	-8.8431e+01	 1.0571e+08	 2.8950e+06	-3.6514e+01
 1.5000e+02	 0.0000e+00	 6.1832e+00	 1.6396e-01	 3.2315e+02	 1.0320e+01	-8.8481e+01	 7.3172e+07	 1.9403e+06	-3.7713e+01
 2.2500e+02	 0.0000e+00	 6.1510e+00	 1.6553e-01	 3.2315e+02	 1.3140e+01	-8.8458e+01	 4.8317e+07	 1.3003e+06	-3.7159e+01
 3.3750e+02	 0.0000e+00	 6.1199e+00	 1.7290e-01	 3.2315e+02	 1.6170e+01	-8.8382e+01	 3.0840e+07	 8.7126e+05	-3.5396e+01
 5.0625e+02	 0.0000e+00	 6.0886e+00	 1.8860e-01	 3.2315e+02	 1.8700e+01	-8.8226e+01	 1.8848e+07	 5.8383e+05	-3.2283e+01
 7.5938e+02	 0.0000e+00	 6.0543e+00	 2.1424e-01	 3.2314e+02	 2.1450e+01	-8.7973e+01	 1.1062e+07	 3.9142e+05	-2.8260e+01
 1.1391e+03	 0.0000e+00	 6.0156e+00	 2.5287e-01	 3.2314e+02	 2.6370e+01	-8.7593e+01	 6.2479e+06	 2.6263e+05	-2.3790e+01
 1.7086e+03	 0.0000e+00	 5.9688e+00	 3.0785e-01	 3.2315e+02	 2.8930e+01	-8.7048e+01	 3.4213e+06	 1.7646e+05	-1.9389e+01
 2.5629e+03	 0.0000e+00	 5.9081e+00	 3.8342e-01	 3.2315e+02	 3.1500e+01	-8.6287e+01	 1.8313e+06	 1.1885e+05	-1.5409e+01
 3.8443e+03	 0.0000e+00	 5.8262e+00	 4.8290e-01	 3.2315e+02	 3.4170e+01	-8.5262e+01	 9.6938e+05	 8.0345e+04	-1.2065e+01
 5.7665e+03	 0.0000e+00	 5.7096e+00	 6.0794e-01	 3.2315e+02	 3.6620e+01	-8.3922e+01	 5.1333e+05	 5.4657e+04	-9.3918e+00
 8.6498e+03	 0.0000e+00	 5.5415e+00	 7.5216e-01	 3.2314e+02	 3.9180e+01	-8.2270e+01	 2.7660e+05	 3.7544e+04	-7.3675e+00
 1.2975e+04	 0.0000e+00	 5.3051e+00	 8.9469e-01	 3.2315e+02	 4.1620e+01	-8.0427e+01	 1.5502e+05	 2.6144e+04	-5.9296e+00
 1.9462e+04	 0.0000e+00	 4.9977e+00	 9.9856e-01	 3.2314e+02	 4.4180e+01	-7.8701e+01	 9.2599e+04	 1.8502e+04	-5.0049e+00
 2.9193e+04	 0.0000e+00	 4.6464e+00	 1.0233e+00	 3.2315e+02	 4.6840e+01	-7.7580e+01	 6.0242e+04	 1.3267e+04	-4.5407e+00
 4.3789e+04	 0.0000e+00	 4.3170e+00	 9.5413e-01	 3.2314e+02	 4.9310e+01	-7.7537e+01	 4.3072e+04	 9.5196e+03	-4.5246e+00
 6.5684e+04	 0.0000e+00	 4.0379e+00	 8.1354e-01	 3.2314e+02	 5.1750e+01	-7.8609e+01	 3.3677e+04	 6.7851e+03	-4.9633e+00
 9.8526e+04	 0.0000e+00	 3.8415e+00	 6.5059e-01	 3.2315e+02	 5.4180e+01	-8.0388e+01	 2.8074e+04	 4.7546e+03	-5.9047e+00
 1.4779e+05	 0.0000e+00	 3.7039e+00	 5.0331e-01	 3.2315e+02	 5.6750e+01	-8.2262e+01	 2.4193e+04	 3.2875e+03	-7.3592e+00
 2.2168e+05	 0.0000e+00	 3.6231e+00	 3.8999e-01	 3.2315e+02	 5.9360e+01	-8.3856e+01	 2.0815e+04	 2.2405e+03	-9.2903e+00
 3.3253e+05	 0.0000e+00	 3.5672e+00	 3.0988e-01	 3.2314e+02	 6.1870e+01	-8.5035e+01	 1.7464e+04	 1.5171e+03	-1.1511e+01
 4.9879e+05	 0.0000e+00	 3.5233e+00	 2.5681e-01	 3.2314e+02	 6.4700e+01	-8.5831e+01	 1.4049e+04	 1.0240e+03	-1.3720e+01
 7.4818e+05	 0.0000e+00	 3.5468e+00	 2.5764e-02	 3.2314e+02	 7.2310e+01	-8.9584e+01	 9.3355e+04	 6.7815e+02	-1.3766e+02
 9.0000e+05	 0.0000e+00	 3.5350e+00	 1.4991e-03	 3.2315e+02	 7.9930e+01	-8.9976e+01	 1.3338e+06	 5.6564e+02	-2.3580e+03
 1.0000e+02	 7.7200e+01	 6.2156e+00	 1.7026e-01	 3.2315e+02	 8.3860e+01	-8.8431e+01	 1.0570e+08	 2.8952e+06	-3.6508e+01
 1.5000e+02	 7.7200e+01	 6.1813e+00	 1.6220e-01	 3.2315e+02	 8.6320e+01	-8.8497e+01	 7.3966e+07	 1.9409e+06	-3.8109e+01
 2.2500e+02	 7.7200e+01	 6.1507e+00	 1.6556e-01	 3.2314e+02	 8.8760e+01	-8.8458e+01	 4.8308e+07	 1.3003e+06	-3.7150e+01
 3.3750e+02	 7.7200e+01	 6.1201e+00	 1.7306e-01	 3.2315e+02	 9.1430e+01	-8.8380e+01	 3.0810e+07	 8.7123e+05	-3.5364e+01
 5.0625e+02	 7.7200e+01	 6.0881e+00	 1.8834e-01	 3.2315e+02	 9.3870e+01	-8.8228e+01	 1.8874e+07	 5.8388e+05	-3.2325e+01
 7.5938e+02	 7.7200e+01	 6.0540e+00	 2.1433e-01	 3.2315e+02	 9.6650e+01	-8.7972e+01	 1.1057e+07	 3.9145e+05	-2.8246e+01
 1.1391e+03	 7.7200e+01	 6.0154e+00	 2.5337e-01	 3.2315e+02	 1.0162e+02	-8.7588e+01	 6.2354e+06	 2.6264e+05	-2.3741e+01
 1.7086e+03	 7.7200e+01	 5.9686e+00	 3.0791e-01	 3.2315e+02	 1.0406e+02	-8.7047e+01	 3.4206e+06	 1.7646e+05	-1.9384e+01
 2.5629e+03	 7.7200e+01	 5.9078e+00	 3.8313e-01	 3.2315e+02	 1.0662e+02	-8.6290e+01	 1.8327e+06	 1.1885e+05	-1.5420e+01
 3.8443e+03	 7.7200e+01	 5.8260e+00	 4.8281e-01	 3.2315e+02	 1.0909e+02	-8.5263e+01	 9.6955e+05	 8.0349e+04	-1.2067e+01
 5.7665e+03	 7.7200e+01	 5.7098e+00	 6.0784e-01	 3.2315e+02	 1.1168e+02	-8.3923e+01	 5.1341e+05	 5.4656e+04	-9.3935e+00
 8.6498e+03	 7.7200e+01	 5.5416e+00	 7.5194e-01	 3.2315e+02	 1.1425e+02	-8.2273e+01	 2.7668e+05	 3.7543e+04	-7.3697e+00
 1.2975e+04	 7.7200e+01	 5.3052e+00	 8.9462e-01	 3.2315e+02	 1.1687e+02	-8.0428e+01	 1.5504e+05	 2.6144e+04	-5.9301e+00
 1.9462e+04	 7.7200e+01	 4.9980e+00	 9.9839e-01	 3.2315e+02	 1.1943e+02	-7.8703e+01	 9.2615e+04	 1.8501e+04	-5.0060e+00
 2.9193e+04	 7.7200e+01	 4.6465e+00	 1.0231e+00	 3.2314e+02	 1.2206e+02	-7.7582e+01	 6.0251e+04	 1.3267e+04	-4.5415e+00
 4.3789e+04	 7.7200e+01	 4.3171e+00	 9.5409e-01	 3.2315e+02	 1.2450e+02	-7.7538e+01	 4.3073e+04	 9.5194e+03	-4.5248e+00
 6.5684e+04	 7.7200e+01	 4.0377e+00	 8.1359e-01	 3.2316e+02	 1.2693e+02	-7.8608e+01	 3.3675e+04	 6.7853e+03	-4.9629e+00
 9.8526e+04	 7.7200e+01	 3.8417e+00	 6.5064e-01	 3.2315e+02	 1.2962e+02	-8.0387e+01	 2.8072e+04	 4.7544e+03	-5.9044e+00
 1.4779e+05	 7.7200e+01	 3.7037e+00	 5.0339e-01	 3.2315e+02	 1.3218e+02	-8.2260e+01	 2.4189e+04	 3.2876e+03	-7.3576e+00
 2.2168e+05	 7.7200e+01	 3.6232e+00	 3.9012e-01	 3.2315e+02	 1.3493e+02	-8.3855e+01	 2.0809e+04	 2.2405e+03	-9.2874e+00
 3.3253e+05	 7.7200e+01	 3.5671e+00	 3.0998e-01	 3.2315e+02	 1.3750e+02	-8.5033e+01	 1.7459e+04	 1.5172e+03	-1.1507e+01
 4.9879e+05	 7.7200e+01	 3.5232e+00	 2.5690e-01	 3.2315e+02	 1.4012e+02	-8.5830e+01	 1.4044e+04	 1.0240e+03	-1.3714e+01
 7.4818e+05	 7.7200e+01	 3.5434e+00	 5.6760e-02	 3.2315e+02	 1.4787e+02	-8.9082e+01	 4.2376e+04	 6.7881e+02	-6.2427e+01
 9.0000e+05	 7.7200e+01	 3.5321e+00	 2.8291e-02	 3.2315e+02	 1.5537e+02	-8.9541e+01	 7.0676e+04	 5.6610e+02	-1.2485e+02
 1.0000e+02	 1.5270e+02	 6.2158e+00	 1.7052e-01	 3.2314e+02	 1.6201e+02	-8.8429e+01	 1.0554e+08	 2.8951e+06	-3.6453e+01
 1.5000e+02	 1.5270e+02	 6.1825e+00	 1.6720e-01	 3.2315e+02	 1.6476e+02	-8.8451e+01	 7.1754e+07	 1.9405e+06	-3.6977e+01
 2.2500e+02	 1.5270e+02	 6.1505e+00	 1.6559e-01	 3.2315e+02	 1.6720e+02	-8.8458e+01	 4.8302e+07	 1.3004e+06	-3.7144e+01
 3.3750e+02	 1.5270e+02	 6.1199e+00	 1.7305e-01	 3.2315e+02	 1.6990e+02	-8.8380e+01	 3.0813e+07	 8.7126e+05	-3.5365e+01
 5.0625e+02	 1.5270e+02	 6.0880e+00	 1.8857e-01	 3.2315e+02	 1.7243e+02	-8.8226e+01	 1.8851e+07	 5.8389e+05	-3.2286e+01
 7.5938e+02	 1.5270e+02	 6.0537e+00	 2.1437e-01	 3.2315e+02	 1.7515e+02	-8.7972e+01	 1.1055e+07	 3.9146e+05	-2.8240e+01
 1.1391e+03	 1.5270e+02	 6.0147e+00	 2.5301e-01	 3.2315e+02	 1.8032e+02	-8.7591e+01	 6.2444e+06	 2.6267e+05	-2.3773e+01
 1.7086e+03	 1.5270e+02	 5.9683e+00	 3.0798e-01	 3.2315e+02	 1.8300e+02	-8.7046e+01	 3.4199e+06	 1.7647e+05	-1.9379e+01
 2.5629e+03	 1.5270e+02	 5.9077e+00	 3.8321e-01	 3.2315e+02	 1.8565e+02	-8.6289e+01	 1.8323e+06	 1.1885e+05	-1.5416e+01
 3.8443e+03	 1.5270e+02	 5.8259e+00	 4.8287e-01	 3.2315e+02	 1.8831e+02	-8.5262e+01	 9.6943e+05	 8.0349e+04	-1.2065e+01
 5.7665e+03	 1.5270e+02	 5.7093e+00	 6.0779e-01	 3.2314e+02	 1.9075e+02	-8.3923e+01	 5.1346e+05	 5.4660e+04	-9.3936e+00
 8.6498e+03	 1.5270e+02	 5.5412e+00	 7.5180e-01	 3.2315e+02	 1.9337e+02	-8.2274e+01	 2.7673e+05	 3.7546e+04	-7.3706e+00
 1.2975e+04	 1.5270e+02	 5.3049e+00	 8.9412e-01	 3.2315e+02	 1.9581e+02	-8.0433e+01	 1.5512e+05	 2.6146e+04	-5.9331e+00
 1.9462e+04	 1.5270e+02	 4.9976e+00	 9.9812e-01	 3.2315e+02	 1.9864e+02	-7.8706e+01	 9.2640e+04	 1.8502e+04	-5.0070e+00
 2.9193e+04	 1.5270e+02	 4.6466e+00	 1.0230e+00	 3.2315e+02	 2.0125e+02	-7.7583e+01	 6.0256e+04	 1.3266e+04	-4.5420e+00
 4.3789e+04	 1.5270e+02	 4.3171e+00	 9.5401e-01	 3.2315e+02	 2.0392e+02	-7.7539e+01	 4.3077e+04	 9.5194e+03	-4.5252e+00
 6.5684e+04	 1.5270e+02	 4.0379e+00	 8.1355e-01	 3.2315e+02	 2.0637e+02	-7.8609e+01	 3.3676e+04	 6.7851e+03	-4.9633e+00
 9.8526e+04	 1.5270e+02	 3.8416e+00	 6.5079e-01	 3.2315e+02	 2.0887e+02	-8.0385e+01	 2.8066e+04	 4.7545e+03	-5.9029e+00
 1.4779e+05	 1.5270e+02	 3.7038e+00	 5.0346e-01	 3.2315e+02	 2.1143e+02	-8.2259e+01	 2.4186e+04	 3.2876e+03	-7.3567e+00
 2.2168e+05	 1.5270e+02	 3.6230e+00	 3.9022e-01	 3.2315e+02	 2.1400e+02	-8.3853e+01	 2.0803e+04	 2.2406e+03	-9.2845e+00
 3.3253e+05	 1.5270e+02	 3.5671e+00	 3.1004e-01	 3.2314e+02	 2.1657e+02	-8.5033e+01	 1.7455e+04	 1.5172e+03	-1.1505e+01
 4.9879e+05	 1.5270e+02	 3.5230e+00	 2.5690e-01	 3.2315e+02	 2.1918e+02	-8.5829e+01	 1.4044e+04	 1.0241e+03	-1.3713e+01
 7.4818e+05	 1.5270e+02	 3.5419e+00	 7.0408e-02	 3.2315e+02	 2.2689e+02	-8.8861e+01	 3.4162e+04	 6.7909e+02	-5.0305e+01
 9.0000e+05	 1.5270e+02	 3.5300e+00	 4.7567e-02	 3.2315e+02	 2.3500e+02	-8.9228e+01	 4.2036e+04	 5.6643e+02	-7.4212e+01
 1.0000e+02	 2.3230e+02	 6.2155e+00	 1.7053e-01	 3.2315e+02	 2.4157e+02	-8.8428e+01	 1.0553e+08	 2.8953e+06	-3.6447e+01
 1.5000e+02	 2.3230e+02	 6.1829e+00	 1.6897e-01	 3.2314e+02	 2.4439e+02	-8.8435e+01	 7.1001e+07	 1.9404e+06	-3.6592e+01
 2.2500e+02	 2.3230e+02	 6.1504e+00	 1.6569e-01	 3.2315e+02	 2.4695e+02	-8.8457e+01	 4.8272e+07	 1.3004e+06	-3.7121e+01
 3.3750e+02	 2.3230e+02	 6.1194e+00	 1.7317e-01	 3.2315e+02	 2.4967e+02	-8.8379e+01	 3.0791e+07	 8.7134e+05	-3.5337e+01
 5.0625e+02	 2.3230e+02	 6.0881e+00	 1.8870e-01	 3.2315e+02	 2.5212e+02	-8.8225e+01	 1.8838e+07	 5.8388e+05	-3.2264e+01
 7.5938e+02	 2.3230e+02	 6.0538e+00	 2.1447e-01	 3.2315e+02	 2.5490e+02	-8.7971e+01	 1.1050e+07	 3.9145e+05	-2.8228e+01
 1.1391e+03	 2.3230e+02	 6.0149e+00	 2.5298e-01	 3.2315e+02	 2.5987e+02	-8.7592e+01	 6.2452e+06	 2.6266e+05	-2.3776e+01
 1.7086e+03	 2.3230e+02	 5.9680e+00	 3.0806e-01	 3.2315e+02	 2.6240e+02	-8.7045e+01	 3.4190e+06	 1.7648e+05	-1.9373e+01
 2.5629e+03	 2.3230e+02	 5.9073e+00	 3.8310e-01	 3.2315e+02	 2.6500e+02	-8.6289e+01	 1.8328e+06	 1.1886e+05	-1.5420e+01
 3.8443e+03	 2.3230e+02	 5.8254e+00	 4.8277e-01	 3.2315e+02	 2.6770e+02	-8.5263e+01	 9.6963e+05	 8.0357e+04	-1.2067e+01
 5.7665e+03	 2.3230e+02	 5.7089e+00	 6.0768e-01	 3.2315e+02	 2.7020e+02	-8.3924e+01	 5.1355e+05	 5.4664e+04	-9.3947e+00
 8.6498e+03	 2.3230e+02	 5.5408e+00	 7.5164e-01	 3.2315e+02	 2.7307e+02	-8.2275e+01	 2.7679e+05	 3.7548e+04	-7.3717e+00
 1.2975e+04	 2.3230e+02	 5.3047e+00	 8.9410e-01	 3.2315e+02	 2.7562e+02	-8.0433e+01	 1.5513e+05	 2.6147e+04	-5.9330e+00
 1.9462e+04	 2.3230e+02	 4.9974e+00	 9.9787e-01	 3.2315e+02	 2.7836e+02	-7.8708e+01	 9.2664e+04	 1.8503e+04	-5.0081e+00
 2.9193e+04	 2.3230e+02	 4.6466e+00	 1.0228e+00	 3.2315e+02	 2.8093e+02	-7.7586e+01	 6.0269e+04	 1.3267e+04	-4.5429e+00
 4.3789e+04	 2.3230e+02	 4.3171e+00	 9.5390e-01	 3.2315e+02	 2.8337e+02	-7.7540e+01	 4.3082e+04	 9.5195e+03	-4.5257e+00
 6.5684e+04	 2.3230e+02	 4.0378e+00	 8.1373e-01	 3.2315e+02	 2.8587e+02	-7.8606e+01	 3.3669e+04	 6.7852e+03	-4.9621e+00
 9.8526e+04	 2.3230e+02	 3.8416e+00	 6.5086e-01	 3.2315e+02	 2.8831e+02	-8.0384e+01	 2.8063e+04	 4.7545e+03	-5.9023e+00
 1.4779e+05	 2.3230e+02	 3.7037e+00	 5.0354e-01	 3.2315e+02	 2.9097e+02	-8.2258e+01	 2.4182e+04	 3.2877e+03	-7.3553e+00
 2.2168e+05	 2.3230e+02	 3.6230e+00	 3.9034e-01	 3.2315e+02	 2.9356e+02	-8.3851e+01	 2.0796e+04	 2.2406e+03	-9.2817e+00
 3.3253e+05	 2.3230e+02	 3.5670e+00	 3.1009e-01	 3.2315e+02	 2.9600e+02	-8.5032e+01	 1.7452e+04	 1.5172e+03	-1.1503e+01
 4.9879e+05	 2.3230e+02	 3.5230e+00	 2.5694e-01	 3.2315e+02	 2.9856e+02	-8.5829e+01	 1.4042e+04	 1.0241e+03	-1.3712e+01
 7.4818e+05	 2.3230e+02	 3.5420e+00	 6.9386e-02	 3.2315e+02	 3.0618e+02	-8.8878e+01	 3.4665e+04	 6.7907e+02	-5.1048e+01
 9.0000e+05	 2.3230e+02	 3.5302e+00	 4.4903e-02	 3.2315e+02	 3.1376e+02	-8.9271e+01	 4.4530e+04	 5.6641e+02	-7.8618e+01
 1.0000e+02	 3.1110e+02	 6.2158e+00	 1.7060e-01	 3.2315e+02	 3.2097e+02	-8.8428e+01	 1.0549e+08	 2.8952e+06	-3.6435e+01
 1.5000e+02	 3.1110e+02	 6.1853e+00	 1.6227e-01	 3.2314e+02	 3.2345e+02	-8.8497e+01	 7.3935e+07	 1.9396e+06	-3.8118e+01
 2.2500e+02	 3.1110e+02	 6.1502e+00	 1.6584e-01	 3.2315e+02	 3.2615e+02	-8.8455e+01	 4.8229e+07	 1.3005e+06	-3.7086e+01
 3.3750e+02	 3.1110e+02	 6.1195e+00	 1.7327e-01	 3.2314e+02	 3.2876e+02	-8.8378e+01	 3.0772e+07	 8.7132e+05	-3.5317e+01
 5.0625e+02	 3.1110e+02	 6.0876e+00	 1.8870e-01	 3.2315e+02	 3.3156e+02	-8.8225e+01	 1.8837e+07	 5.8392e+05	-3.2260e+01
 7.5938e+02	 3.1110e+02	 6.0533e+00	 2.1447e-01	 3.2315e+02	 3.3412e+02	-8.7971e+01	 1.1050e+07	 3.9149e+05	-2.8225e+01
 1.1391e+03	 3.1110e+02	 6.0146e+00	 2.5318e-01	 3.2314e+02	 3.3931e+02	-8.7590e+01	 6.2400e+06	 2.6267e+05	-2.3756e+01
 1.7086e+03	 3.1110e+02	 5.9678e+00	 3.0808e-01	 3.2315e+02	 3.4175e+02	-8.7045e+01	 3.4187e+06	 1.7649e+05	-1.9371e+01
 2.5629e+03	 3.1110e+02	 5.9072e+00	 3.8333e-01	 3.2315e+02	 3.4443e+02	-8.6287e+01	 1.8317e+06	 1.1887e+05	-1.5410e+01
 3.8443e+03	 3.1110e+02	 5.8251e+00	 4.8266e-01	 3.2315e+02	 3.4687e+02	-8.5263e+01	 9.6986e+05	 8.0360e+04	-1.2069e+01
 5.7665e+03	 3.1110e+02	 5.7087e+00	 6.0762e-01	 3.2315e+02	 3.4965e+02	-8.3924e+01	 5.1360e+05	 5.4666e+04	-9.3952e+00
 8.6498e+03	 3.1110e+02	 5.5404e+00	 7.5156e-01	 3.2315e+02	 3.5225e+02	-8.2275e+01	 2.7682e+05	 3.7551e+04	-7.3719e+00
 1.2975e+04	 3.1110e+02	 5.3043e+00	 8.9384e-01	 3.2315e+02	 3.5490e+02	-8.0435e+01	 1.5517e+05	 2.6148e+04	-5.9343e+00
 1.9462e+04	 3.1110e+02	 4.9974e+00	 9.9778e-01	 3.2315e+02	 3.5751e+02	-7.8709e+01	 9.2672e+04	 1.8503e+04	-5.0085e+00
 2.9193e+04	 3.1110e+02	 4.6464e+00	 1.0226e+00	 3.2314e+02	 3.6022e+02	-7.7589e+01	 6.0284e+04	 1.3267e+04	-4.5439e+00
 4.3789e+04	 3.1110e+02	 4.3170e+00	 9.5372e-01	 3.2315e+02	 3.6268e+02	-7.7542e+01	 4.3090e+04	 9.5197e+03	-4.5265e+00
 6.5684e+04	 3.1110e+02	 4.0379e+00	 8.1348e-01	 3.2315e+02	 3.6514e+02	-7.8609e+01	 3.3679e+04	 6.7851e+03	-4.9637e+00
 9.8526e+04	 3.1110e+02	 3.8413e+00	 6.5071e-01	 3.2315e+02	 3.6772e+02	-8.0386e+01	 2.8069e+04	 4.7548e+03	-5.9033e+00
 1.4779e+05	 3.1110e+02	 3.7036e+00	 5.0361e-01	 3.2315e+02	 3.7031e+02	-8.2257e+01	 2.4179e+04	 3.2877e+03	-7.3542e+00
 2.2168e+05	 3.1110e+02	 3.6227e+00	 3.9031e-01	 3.2315e+02	 3.7289e+02	-8.3851e+01	 2.0798e+04	 2.2408e+03	-9.2817e+00
 3.3253e+05	 3.1110e+02	 3.5668e+00	 3.1004e-01	 3.2315e+02	 3.7556e+02	-8.5032e+01	 1.7455e+04	 1.5173e+03	-1.1504e+01
 4.9879e+05	 3.1110e+02	 3.5229e+00	 2.5698e-01	 3.2314e+02	 3.7840e+02	-8.5828e+01	 1.4039e+04	 1.0241e+03	-1.3709e+01
 7.4818e+05	 3.1110e+02	 3.5386e+00	 1.0647e-01	 3.2314e+02	 3.8612e+02	-8.8277e+01	 2.2592e+04	 6.7972e+02	-3.3237e+01
 9.0000e+05	 3.1110e+02	 3.5277e+00	 7.0953e-02	 3.2315e+02	 3.9400e+02	-8.8848e+01	 2.8181e+04	 5.6680e+02	-4.9719e+01
 1.0000e+02	 3.9130e+02	 6.2157e+00	 1.7059e-01	 3.2315e+02	 4.0112e+02	-8.8428e+01	 1.0549e+08	 2.8952e+06	-3.6436e+01
 1.5000e+02	 3.9130e+02	 6.1773e+00	 1.6493e-01	 3.2314e+02	 4.0359e+02	-8.8471e+01	 7.2741e+07	 1.9421e+06	-3.7454e+01
 2.2500e+02	 3.9130e+02	 6.1503e+00	 1.6590e-01	 3.2315e+02	 4.0618e+02	-8.8455e+01	 4.8209e+07	 1.3004e+06	-3.7071e+01
 3.3750e+02	 3.9130e+02	 6.1191e+00	 1.7333e-01	 3.2315e+02	 4.0876e+02	-8.8377e+01	 3.0763e+07	 8.7138e+05	-3.5304e+01
 5.0625e+02	 3.9130e+02	 6.0877e+00	 1.8900e-01	 3.2314e+02	 4.1140e+02	-8.8222e+01	 1.8808e+07	 5.8392e+05	-3.2209e+01
 7.5938e+02	 3.9130e+02	 6.0533e+00	 2.1455e-01	 3.2315e+02	 4.1406e+02	-8.7970e+01	 1.1045e+07	 3.9149e+05	-2.8213e+01
 1.1391e+03	 3.9130e+02	 6.0077e+00	 2.4538e-01	 3.2315e+02	 4.1918e+02	-8.7661e+01	 6.4384e+06	 2.6297e+05	-2.4483e+01
 1.7086e+03	 3.9130e+02	 5.9284e+00	 2.6218e-01	 3.2316e+02	 4.2168e+02	-8.7468e+01	 4.0172e+06	 1.7766e+05	-2.2612e+01
 2.5629e+03	 3.9130e+02	 5.8706e+00	 3.4505e-01	 3.2316e+02	 4.2425e+02	-8.6636e+01	 2.0349e+06	 1.1961e+05	-1.7013e+01
 3.8443e+03	 3.9130e+02	 5.7913e+00	 4.5380e-01	 3.2316e+02	 4.2670e+02	-8.5519e+01	 1.0315e+06	 8.0830e+04	-1.2762e+01
 5.7665e+03	 3.9130e+02	 5.6737e+00	 5.8819e-01	 3.2316e+02	 4.2947e+02	-8.4081e+01	 5.3057e+05	 5.5003e+04	-9.6460e+00
 8.6498e+03	 3.9130e+02	 5.4987e+00	 7.3877e-01	 3.2316e+02	 4.3206e+02	-8.2348e+01	 2.8162e+05	 3.7836e+04	-7.4431e+00
 1.2975e+04	 3.9130e+02	 5.2537e+00	 8.7910e-01	 3.2316e+02	 4.3467e+02	-8.0501e+01	 1.5777e+05	 2.6400e+04	-5.9762e+00
 1.9462e+04	 3.9130e+02	 4.9423e+00	 9.7067e-01	 3.2317e+02	 4.3725e+02	-7.8889e+01	 9.5260e+04	 1.8709e+04	-5.0916e+00
 2.9193e+04	 3.9130e+02	 4.6006e+00	 9.8067e-01	 3.2317e+02	 4.3982e+02	-7.7967e+01	 6.2859e+04	 1.3399e+04	-4.6913e+00
 4.3789e+04	 3.9130e+02	 4.2910e+00	 9.0554e-01	 3.2317e+02	 4.4250e+02	-7.8083e+01	 4.5383e+04	 9.5773e+03	-4.7386e+00
 6.5684e+04	 3.9130e+02	 4.0314e+00	 7.7253e-01	 3.2317e+02	 4.4493e+02	-7.9152e+01	 3.5464e+04	 6.7959e+03	-5.2185e+00
 9.8526e+04	 3.9130e+02	 3.8465e+00	 6.2401e-01	 3.2317e+02	 4.4756e+02	-8.0785e+01	 2.9270e+04	 4.7484e+03	-6.1642e+00
 1.4779e+05	 3.9130e+02	 3.7120e+00	 4.9065e-01	 3.2318e+02	 4.5012e+02	-8.2470e+01	 2.4817e+04	 3.2804e+03	-7.5654e+00
 2.2168e+05	 3.9130e+02	 3.6295e+00	 3.8836e-01	 3.2318e+02	 4.5275e+02	-8.3892e+01	 2.0903e+04	 2.2366e+03	-9.3456e+00
 3.3253e+05	 3.9130e+02	 3.5693e+00	 3.1591e-01	 3.2317e+02	 4.5518e+02	-8.4942e+01	 1.7131e+04	 1.5162e+03	-1.1299e+01
 4.9879e+05	 3.9130e+02	 3.5200e+00	 2.6764e-01	 3.2317e+02	 4.5776e+02	-8.5652e+01	 1.3480e+04	 1.0250e+03	-1.3152e+01
 7.4818e+05	 3.9130e+02	 3.5299e+00	 1.1637e-01	 3.2317e+02	 4.6542e+02	-8.8112e+01	 2.0668e+04	 6.8140e+02	-3.0332e+01
 9.0000e+05	 3.9130e+02	 3.5159e+00	 8.2205e-02	 3.2318e+02	 4.7312e+02	-8.8661e+01	 2.4324e+04	 5.6871e+02	-4.2770e+01
 1.0000e+02	 4.7050e+02	 6.0376e+00	 5.6992e-02	 3.2318e+02	 4.7964e+02	-8.9459e+01	 3.1576e+08	 2.9806e+06	-1.0594e+02
 1.5000e+02	 4.7050e+02	 6.0289e+00	 6.5337e-02	 3.2317e+02	 4.8215e+02	-8.9379e+01	 1.8362e+08	 1.9899e+06	-9.2274e+01
 2.2500e+02	 4.7050e+02	 6.0136e+00	 8.1543e-02	 3.2317e+02	 4.8482e+02	-8.9223e+01	 9.8085e+07	 1.3300e+06	-7.3747e+01
 3.3750e+02	 4.7050e+02	 5.9988e+00	 1.0090e-01	 3.2317e+02	 4.8745e+02	-8.9036e+01	 5.2844e+07	 8.8886e+05	-5.9452e+01
 5.0625e+02	 4.7050e+02	 5.9809e+00	 1.2752e-01	 3.2317e+02	 4.9006e+02	-8.8779e+01	 2.7875e+07	 5.9435e+05	-4.6900e+01
 7.5938e+02	 4.7050e+02	 5.9581e+00	 1.6342e-01	 3.2317e+02	 4.9262e+02	-8.8429e+01	 1.4501e+07	 3.9774e+05	-3.6458e+01
 1.1391e+03	 4.7050e+02	 5.9288e+00	 2.1154e-01	 3.2316e+02	 4.9531e+02	-8.7957e+01	 7.4684e+06	 2.6647e+05	-2.8027e+01
 1.7086e+03	 4.7050e+02	 5.8888e+00	 2.7659e-01	 3.2316e+02	 4.9787e+02	-8.7311e+01	 3.8080e+06	 1.7886e+05	-2.1291e+01
 2.5629e+03	 4.7050e+02	 5.8327e+00	 3.6185e-01	 3.2316e+02	 5.0070e+02	-8.6450e+01	 1.9405e+06	 1.2038e+05	-1.6119e+01
 3.8443e+03	 4.7050e+02	 5.7506e+00	 4.7092e-01	 3.2316e+02	 5.0318e+02	-8.5319e+01	 9.9404e+05	 8.1401e+04	-1.2212e+01
 5.7665e+03	 4.7050e+02	 5.6285e+00	 6.0218e-01	 3.2316e+02	 5.0564e+02	-8.3893e+01	 5.1824e+05	 5.5445e+04	-9.3470e+00
 8.6498e+03	 4.7050e+02	 5.4500e+00	 7.4513e-01	 3.2316e+02	 5.0837e+02	-8.2215e+01	 2.7921e+05	 3.8174e+04	-7.3142e+00
 1.2975e+04	 4.7050e+02	 5.2046e+00	 8.7342e-01	 3.2316e+02	 5.1093e+02	-8.0474e+01	 1.5880e+05	 2.6649e+04	-5.9589e+00
 1.9462e+04	 4.7050e+02	 4.9011e+00	 9.5210e-01	 3.2315e+02	 5.1362e+02	-7.9007e+01	 9.7118e+04	 1.8866e+04	-5.1477e+00
 2.9193e+04	 4.7050e+02	 4.5731e+00	 9.5324e-01	 3.2316e+02	 5.1618e+02	-7.8226e+01	 6.4668e+04	 1.3480e+04	-4.7974e+00
 4.3789e+04	 4.7050e+02	 4.2793e+00	 8.7789e-01	 3.2316e+02	 5.1887e+02	-7.8407e+01	 4.6812e+04	 9.6035e+03	-4.8745e+00
 6.5684e+04	 4.7050e+02	 4.0320e+00	 7.5138e-01	 3.2315e+02	 5.2132e+02	-7.9444e+01	 3.6463e+04	 6.7949e+03	-5.3662e+00
 9.8526e+04	 4.7050e+02	 3.8534e+00	 6.1194e-01	 3.2316e+02	 5.2389e+02	-8.0976e+01	 2.9848e+04	 4.7400e+03	-6.2970e+00
 1.4779e+05	 4.7050e+02	 3.7206e+00	 4.8709e-01	 3.2315e+02	 5.2670e+02	-8.2541e+01	 2.4999e+04	 3.2728e+03	-7.6384e+00
 2.2168e+05	 4.7050e+02	 3.6364e+00	 3.9108e-01	 3.2315e+02	 5.2939e+02	-8.3862e+01	 2.0757e+04	 2.2323e+03	-9.2985e+00
 3.3253e+05	 4.7050e+02	 3.5731e+00	 3.2249e-01	 3.2315e+02	 5.3187e+02	-8.4843e+01	 1.6781e+04	 1.5146e+03	-1.1080e+01
 4.9879e+05	 4.7050e+02	 3.5202e+00	 2.7642e-01	 3.2315e+02	 5.3468e+02	-8.5510e+01	 1.3052e+04	 1.0249e+03	-1.2735e+01
 7.4818e+05	 4.7050e+02	 3.5273e+00	 1.1917e-01	 3.2314e+02	 5.4243e+02	-8.8065e+01	 2.0183e+04	 6.8189e+02	-2.9599e+01
 9.0000e+05	 4.7050e+02	 3.5118e+00	 8.9847e-02	 3.2314e+02	 5.5000e+02	-8.8534e+01	 2.2255e+04	 5.6938e+02	-3.9086e+01
 1.0000e+02	 5.4730e+02	 6.0295e+00	 5.7605e-02	 3.2314e+02	 5.5707e+02	-8.9453e+01	 3.1240e+08	 2.9846e+06	-1.0467e+02
 1.5000e+02	 5.4730e+02	 6.0208e+00	 6.5465e-02	 3.2314e+02	 5.5951e+02	-8.9377e+01	 1.8326e+08	 1.9926e+06	-9.1970e+01
 2.2500e+02	 5.4730e+02	 6.0057e+00	 8.2875e-02	 3.2314e+02	 5.6236e+02	-8.9209e+01	 9.6508e+07	 1.3317e+06	-7.2467e+01
 3.3750e+02	 5.4730e+02	 5.9905e+00	 1.0253e-01	 3.2314e+02	 5.6493e+02	-8.9019e+01	 5.2006e+07	 8.9009e+05	-5.8428e+01
 5.0625e+02	 5.4730e+02	 5.9721e+00	 1.2911e-01	 3.2314e+02	 5.6767e+02	-8.8762e+01	 2.7532e+07	 5.9522e+05	-4.6256e+01
 7.5938e+02	 5.4730e+02	 5.9489e+00	 1.6513e-01	 3.2314e+02	 5.7025e+02	-8.8410e+01	 1.4351e+07	 3.9836e+05	-3.6026e+01
 1.1391e+03	 5.4730e+02	 5.9195e+00	 2.1352e-01	 3.2314e+02	 5.7300e+02	-8.7934e+01	 7.3992e+06	 2.6689e+05	-2.7723e+01
 1.7086e+03	 5.4730e+02	 5.8786e+00	 2.7786e-01	 3.2314e+02	 5.7556e+02	-8.7294e+01	 3.7906e+06	 1.7917e+05	-2.1157e+01
 2.5629e+03	 5.4730e+02	 5.8220e+00	 3.6224e-01	 3.2314e+02	 5.7839e+02	-8.6440e+01	 1.9384e+06	 1.2060e+05	-1.6072e+01
 3.8443e+03	 5.4730e+02	 5.7395e+00	 4.7026e-01	 3.2314e+02	 5.8087e+02	-8.5316e+01	 9.9543e+05	 8.1559e+04	-1.2205e+01
 5.7665e+03	 5.4730e+02	 5.6173e+00	 6.0018e-01	 3.2315e+02	 5.8331e+02	-8.3901e+01	 5.1997e+05	 5.5556e+04	-9.3593e+00
 8.6498e+03	 5.4730e+02	 5.4392e+00	 7.4060e-01	 3.2314e+02	 5.8593e+02	-8.2246e+01	 2.8092e+05	 3.8250e+04	-7.3444e+00
 1.2975e+04	 5.4730e+02	 5.1957e+00	 8.6628e-01	 3.2314e+02	 5.8839e+02	-8.0534e+01	 1.6011e+05	 2.6695e+04	-5.9977e+00
 1.9462e+04	 5.4730e+02	 4.8952e+00	 9.4299e-01	 3.2315e+02	 5.9089e+02	-7.9096e+01	 9.8056e+04	 1.8889e+04	-5.1911e+00
 2.9193e+04	 5.4730e+02	 4.5711e+00	 9.4346e-01	 3.2314e+02	 5.9606e+02	-7.8338e+01	 6.5338e+04	 1.3486e+04	-4.8451e+00
 4.3789e+04	 5.4730e+02	 4.2815e+00	 8.6932e-01	 3.2315e+02	 5.9856e+02	-7.8523e+01	 4.7274e+04	 9.5986e+03	-4.9251e+00
 6.5684e+04	 5.4730e+02	 4.0374e+00	 7.4561e-01	 3.2315e+02	 6.0100e+02	-7.9537e+01	 3.6745e+04	 6.7859e+03	-5.4149e+00
 9.8526e+04	 5.4730e+02	 3.8600e+00	 6.0979e-01	 3.2315e+02	 6.0370e+02	-8.1023e+01	 2.9953e+04	 4.7318e+03	-6.3301e+00
 1.4779e+05	 5.4730e+02	 3.7269e+00	 4.8849e-01	 3.2315e+02	 6.0625e+02	-8.2533e+01	 2.4927e+04	 3.2673e+03	-7.6293e+00
 2.2168e+05	 5.4730e+02	 3.6412e+00	 3.9514e-01	 3.2315e+02	 6.0897e+02	-8.3806e+01	 2.0544e+04	 2.2294e+03	-9.2148e+00
 3.3253e+05	 5.4730e+02	 3.5756e+00	 3.2823e-01	 3.2315e+02	 6.1143e+02	-8.4755e+01	 1.6488e+04	 1.5135e+03	-1.0893e+01
 4.9879e+05	 5.4730e+02	 3.5202e+00	 2.8299e-01	 3.2314e+02	 6.1400e+02	-8.5404e+01	 1.2749e+04	 1.0249e+03	-1.2439e+01
 7.4818e+05	 5.4730e+02	 3.5245e+00	 1.3281e-01	 3.2315e+02	 6.2186e+02	-8.7842e+01	 1.8111e+04	 6.8243e+02	-2.6539e+01
 9.0000e+05	 5.4730e+02	 3.5077e+00	 1.0514e-01	 3.2314e+02	 6.2968e+02	-8.8283e+01	 1.9017e+04	 5.7004e+02	-3.3361e+01
 1.0000e+02	 6.2700e+02	 6.0247e+00	 5.8149e-02	 3.2314e+02	 6.3626e+02	-8.9447e+01	 3.0948e+08	 2.9870e+06	-1.0361e+02
 1.5000e+02	 6.2700e+02	 6.0142e+00	 6.9385e-02	 3.2314e+02	 6.3890e+02	-8.9339e+01	 1.7291e+08	 1.9948e+06	-8.6678e+01
 2.2500e+02	 6.2700e+02	 6.0005e+00	 8.3678e-02	 3.2314e+02	 6.4143e+02	-8.9201e+01	 9.5582e+07	 1.3329e+06	-7.1710e+01
 3.3750e+02	 6.2700e+02	 5.9854e+00	 1.0353e-01	 3.2314e+02	 6.4418e+02	-8.9009e+01	 5.1502e+07	 8.9085e+05	-5.7812e+01
 5.0625e+02	 6.2700e+02	 5.9666e+00	 1.2988e-01	 3.2315e+02	 6.4662e+02	-8.8753e+01	 2.7370e+07	 5.9577e+05	-4.5940e+01
 7.5938e+02	 6.2700e+02	 5.9432e+00	 1.6583e-01	 3.2314e+02	 6.4962e+02	-8.8402e+01	 1.4291e+07	 3.9874e+05	-3.5840e+01
 1.1391e+03	 6.2700e+02	 5.9126e+00	 2.1383e-01	 3.2313e+02	 6.5206e+02	-8.7929e+01	 7.3885e+06	 2.6720e+05	-2.7651e+01
 1.7086e+03	 6.2700e+02	 5.8722e+00	 2.7786e-01	 3.2314e+02	 6.5464e+02	-8.7291e+01	 3.7905e+06	 1.7936e+05	-2.1133e+01
 2.5629e+03	 6.2700e+02	 5.8155e+00	 3.6145e-01	 3.2314e+02	 6.5737e+02	-8.6444e+01	 1.9426e+06	 1.2074e+05	-1.6090e+01
 3.8443e+03	 6.2700e+02	 5.7331e+00	 4.6836e-01	 3.2314e+02	 6.5981e+02	-8.5330e+01	 9.9946e+05	 8.1651e+04	-1.2241e+01
 5.7665e+03	 6.2700e+02	 5.6113e+00	 5.9687e-01	 3.2314e+02	 6.6237e+02	-8.3928e+01	 5.2285e+05	 5.5615e+04	-9.4012e+00
 8.6498e+03	 6.2700e+02	 5.4343e+00	 7.3588e-01	 3.2314e+02	 6.6493e+02	-8.2288e+01	 2.8272e+05	 3.8284e+04	-7.3848e+00
 1.2975e+04	 6.2700e+02	 5.1928e+00	 8.6080e-01	 3.2315e+02	 6.6739e+02	-8.0588e+01	 1.6113e+05	 2.6710e+04	-6.0325e+00
 1.9462e+04	 6.2700e+02	 4.8943e+00	 9.3713e-01	 3.2314e+02	 6.7018e+02	-7.9161e+01	 9.8670e+04	 1.8892e+04	-5.2227e+00
 2.9193e+04	 6.2700e+02	 4.5725e+00	 9.3814e-01	 3.2314e+02	 6.7531e+02	-7.8406e+01	 6.5709e+04	 1.3481e+04	-4.8740e+00
 4.3789e+04	 6.2700e+02	 4.2846e+00	 8.6500e-01	 3.2315e+02	 6.7775e+02	-7.8586e+01	 4.7510e+04	 9.5916e+03	-4.9533e+00
 6.5684e+04	 6.2700e+02	 4.0420e+00	 7.4320e-01	 3.2315e+02	 6.8050e+02	-7.9581e+01	 3.6864e+04	 6.7782e+03	-5.4386e+00
 9.8526e+04	 6.2700e+02	 3.8652e+00	 6.0976e-01	 3.2315e+02	 6.8293e+02	-8.1035e+01	 2.9954e+04	 4.7254e+03	-6.3390e+00
 1.4779e+05	 6.2700e+02	 3.7313e+00	 4.9064e-01	 3.2314e+02	 6.8568e+02	-8.2509e+01	 2.4818e+04	 3.2633e+03	-7.6051e+00
 2.2168e+05	 6.2700e+02	 3.6442e+00	 3.9868e-01	 3.2315e+02	 6.8825e+02	-8.3757e+01	 2.0361e+04	 2.2276e+03	-9.1407e+00
 3.3253e+05	 6.2700e+02	 3.5770e+00	 3.3286e-01	 3.2315e+02	 6.9093e+02	-8.4684e+01	 1.6258e+04	 1.5129e+03	-1.0746e+01
 4.9879e+05	 6.2700e+02	 3.5197e+00	 2.8802e-01	 3.2315e+02	 6.9350e+02	-8.5322e+01	 1.2526e+04	 1.0251e+03	-1.2220e+01
 7.4818e+05	 6.2700e+02	 3.5238e+00	 1.2262e-01	 3.2315e+02	 7.0106e+02	-8.8007e+01	 1.9615e+04	 6.8257e+02	-2.8738e+01
 9.0000e+05	 6.2700e+02	 3.5047e+00	 1.1037e-01	 3.2315e+02	 7.0898e+02	-8.8196e+01	 1.8117e+04	 5.7053e+02	-3.1755e+01
 1.0000e+02	 7.0630e+02	 6.0219e+00	 5.8846e-02	 3.2316e+02	 7.1570e+02	-8.9440e+01	 3.0581e+08	 2.9884e+06	-1.0233e+02
 1.5000e+02	 7.0630e+02	 6.0091e+00	 6.9245e-02	 3.2316e+02	 7.1822e+02	-8.9340e+01	 1.7326e+08	 1.9965e+06	-8.6781e+01
 2.2500e+02	 7.0630e+02	 5.9970e+00	 8.4334e-02	 3.2316e+02	 7.2089e+02	-8.9194e+01	 9.4838e+07	 1.3337e+06	-7.1111e+01
 3.3750e+02	 7.0630e+02	 5.9814e+00	 1.0399e-01	 3.2316e+02	 7.2343e+02	-8.9004e+01	 5.1273e+07	 8.9144e+05	-5.7517e+01
 5.0625e+02	 7.0630e+02	 5.9623e+00	 1.3043e-01	 3.2316e+02	 7.2612e+02	-8.8747e+01	 2.7254e+07	 5.9620e+05	-4.5712e+01
 7.5938e+02	 7.0630e+02	 5.9387e+00	 1.6613e-01	 3.2315e+02	 7.2870e+02	-8.8398e+01	 1.4265e+07	 3.9904e+05	-3.5748e+01
 1.1391e+03	 7.0630e+02	 5.9082e+00	 2.1375e-01	 3.2315e+02	 7.3139e+02	-8.7928e+01	 7.3911e+06	 2.6740e+05	-2.7640e+01
 1.7086e+03	 7.0630e+02	 5.8672e+00	 2.7705e-01	 3.2316e+02	 7.3401e+02	-8.7296e+01	 3.8016e+06	 1.7952e+05	-2.1177e+01
 2.5629e+03	 7.0630e+02	 5.8105e+00	 3.6024e-01	 3.2315e+02	 7.3670e+02	-8.6452e+01	 1.9492e+06	 1.2084e+05	-1.6130e+01
 3.8443e+03	 7.0630e+02	 5.7283e+00	 4.6616e-01	 3.2315e+02	 7.3925e+02	-8.5348e+01	 1.0042e+06	 8.1718e+04	-1.2288e+01
 5.7665e+03	 7.0630e+02	 5.6073e+00	 5.9354e-01	 3.2315e+02	 7.4168e+02	-8.3958e+01	 5.2578e+05	 5.5655e+04	-9.4472e+00
 8.6498e+03	 7.0630e+02	 5.4317e+00	 7.3162e-01	 3.2315e+02	 7.4426e+02	-8.2329e+01	 2.8437e+05	 3.8302e+04	-7.4242e+00
 1.2975e+04	 7.0630e+02	 5.1917e+00	 8.5582e-01	 3.2315e+02	 7.4668e+02	-8.0639e+01	 1.6207e+05	 2.6716e+04	-6.0663e+00
 1.9462e+04	 7.0630e+02	 4.8947e+00	 9.3249e-01	 3.2315e+02	 7.4923e+02	-7.9214e+01	 9.9160e+04	 1.8891e+04	-5.2491e+00
 2.9193e+04	 7.0630e+02	 4.5744e+00	 9.3449e-01	 3.2315e+02	 7.5418e+02	-7.8454e+01	 6.5965e+04	 1.3476e+04	-4.8951e+00
 4.3789e+04	 7.0630e+02	 4.2876e+00	 8.6234e-01	 3.2315e+02	 7.5687e+02	-7.8628e+01	 4.7656e+04	 9.5849e+03	-4.9720e+00
 6.5684e+04	 7.0630e+02	 4.0456e+00	 7.4197e-01	 3.2315e+02	 7.5931e+02	-7.9607e+01	 3.6925e+04	 6.7722e+03	-5.4525e+00
 9.8526e+04	 7.0630e+02	 3.8689e+00	 6.1009e-01	 3.2315e+02	 7.6184e+02	-8.1039e+01	 2.9938e+04	 4.7209e+03	-6.3415e+00
 1.4779e+05	 7.0630e+02	 3.7343e+00	 4.9254e-01	 3.2315e+02	 7.6462e+02	-8.2486e+01	 2.4722e+04	 3.2607e+03	-7.5819e+00
 2.2168e+05	 7.0630e+02	 3.6463e+00	 4.0195e-01	 3.2315e+02	 7.6734e+02	-8.3709e+01	 2.0196e+04	 2.2263e+03	-9.0716e+00
 3.3253e+05	 7.0630e+02	 3.5775e+00	 3.3668e-01	 3.2315e+02	 7.6981e+02	-8.4624e+01	 1.6074e+04	 1.5128e+03	-1.0626e+01
 4.9879e+05	 7.0630e+02	 3.5187e+00	 2.9206e-01	 3.2316e+02	 7.7267e+02	-8.5255e+01	 1.2353e+04	 1.0253e+03	-1.2048e+01
 7.4818e+05	 7.0630e+02	 3.5226e+00	 1.1622e-01	 3.2315e+02	 7.8031e+02	-8.8110e+01	 2.0696e+04	 6.8281e+02	-3.0309e+01
 9.0000e+05	 7.0630e+02	 3.5023e+00	 1.1044e-01	 3.2315e+02	 7.8793e+02	-8.8194e+01	 1.8105e+04	 5.7092e+02	-3.1712e+01
 1.0000e+02	 7.8520e+02	 6.0189e+00	 5.9369e-02	 3.2315e+02	 7.9453e+02	-8.9435e+01	 3.0312e+08	 2.9899e+06	-1.0138e+02
 1.5000e+02	 7.8520e+02	 6.0058e+00	 6.8243e-02	 3.2315e+02	 7.9722e+02	-8.9349e+01	 1.7580e+08	 1.9976e+06	-8.8006e+01
 2.2500e+02	 7.8520e+02	 5.9938e+00	 8.4845e-02	 3.2315e+02	 7.9975e+02	-8.9189e+01	 9.4267e+07	 1.3344e+06	-7.0644e+01
 3.3750e+02	 7.8520e+02	 5.9781e+00	 1.0469e-01	 3.2316e+02	 8.0236e+02	-8.8997e+01	 5.0932e+07	 8.9194e+05	-5.7103e+01
 5.0625e+02	 7.8520e+02	 5.9588e+00	 1.3110e-01	 3.2315e+02	 8.0481e+02	-8.8740e+01	 2.7115e+07	 5.9654e+05	-4.5453e+01
 7.5938e+02	 7.8520e+02	 5.9348e+00	 1.6638e-01	 3.2315e+02	 8.0737e+02	-8.8394e+01	 1.4244e+07	 3.9931e+05	-3.5671e+01
 1.1391e+03	 7.8520e+02	 5.9042e+00	 2.1348e-01	 3.2316e+02	 8.0987e+02	-8.7929e+01	 7.4006e+06	 2.6758e+05	-2.7657e+01
 1.7086e+03	 7.8520e+02	 5.8628e+00	 2.7689e-01	 3.2315e+02	 8.1243e+02	-8.7296e+01	 3.8038e+06	 1.7965e+05	-2.1174e+01
 2.5629e+03	 7.8520e+02	 5.8064e+00	 3.5928e-01	 3.2315e+02	 8.1512e+02	-8.6459e+01	 1.9543e+06	 1.2093e+05	-1.6161e+01
 3.8443e+03	 7.8520e+02	 5.7245e+00	 4.6443e-01	 3.2315e+02	 8.1757e+02	-8.5362e+01	 1.0079e+06	 8.1774e+04	-1.2326e+01
 5.7665e+03	 7.8520e+02	 5.6038e+00	 5.9087e-01	 3.2315e+02	 8.2037e+02	-8.3981e+01	 5.2816e+05	 5.5690e+04	-9.4840e+00
 8.6498e+03	 7.8520e+02	 5.4294e+00	 7.2836e-01	 3.2315e+02	 8.2300e+02	-8.2359e+01	 2.8564e+05	 3.8319e+04	-7.4542e+00
 1.2975e+04	 7.8520e+02	 5.1904e+00	 8.5229e-01	 3.2315e+02	 8.2567e+02	-8.0675e+01	 1.6274e+05	 2.6722e+04	-6.0899e+00
 1.9462e+04	 7.8520e+02	 4.8947e+00	 9.2904e-01	 3.2315e+02	 8.2825e+02	-7.9253e+01	 9.9528e+04	 1.8891e+04	-5.2685e+00
 2.9193e+04	 7.8520e+02	 4.5754e+00	 9.3158e-01	 3.2316e+02	 8.3331e+02	-7.8491e+01	 6.6172e+04	 1.3473e+04	-4.9114e+00
 4.3789e+04	 7.8520e+02	 4.2893e+00	 8.6015e-01	 3.2315e+02	 8.3575e+02	-7.8661e+01	 4.7778e+04	 9.5811e+03	-4.9866e+00
 6.5684e+04	 7.8520e+02	 4.0480e+00	 7.4093e-01	 3.2315e+02	 8.3839e+02	-7.9628e+01	 3.6977e+04	 6.7681e+03	-5.4634e+00
 9.8526e+04	 7.8520e+02	 3.8715e+00	 6.1041e-01	 3.2315e+02	 8.4087e+02	-8.1040e+01	 2.9923e+04	 4.7178e+03	-6.3425e+00
 1.4779e+05	 7.8520e+02	 3.7479e+00	 4.9491e-01	 3.2315e+02	 8.4367e+02	-8.2478e+01	 2.4604e+04	 3.2489e+03	-7.5729e+00
 2.2168e+05	 7.8520e+02	 3.6475e+00	 4.0448e-01	 3.2315e+02	 8.4625e+02	-8.3672e+01	 2.0069e+04	 2.2256e+03	-9.0177e+00
 3.3253e+05	 7.8520e+02	 3.5775e+00	 3.3981e-01	 3.2315e+02	 8.4868e+02	-8.4574e+01	 1.5926e+04	 1.5128e+03	-1.0528e+01
 4.9879e+05	 7.8520e+02	 3.5175e+00	 2.9542e-01	 3.2315e+02	 8.5131e+02	-8.5199e+01	 1.2213e+04	 1.0257e+03	-1.1907e+01
 7.4818e+05	 7.8520e+02	 3.5191e+00	 1.3183e-01	 3.2315e+02	 8.5887e+02	-8.7855e+01	 1.8246e+04	 6.8349e+02	-2.6695e+01
 9.0000e+05	 7.8520e+02	 3.5004e+00	 1.0288e-01	 3.2314e+02	 8.6650e+02	-8.8316e+01	 1.9435e+04	 5.7122e+02	-3.4024e+01
 1.0000e+02	 8.6380e+02	 6.0164e+00	 5.9757e-02	 3.2314e+02	 8.7364e+02	-8.9431e+01	 3.0115e+08	 2.9911e+06	-1.0068e+02
 1.5000e+02	 8.6380e+02	 6.0026e+00	 7.1389e-02	 3.2315e+02	 8.7640e+02	-8.9319e+01	 1.6805e+08	 1.9987e+06	-8.4082e+01
 2.2500e+02	 8.6380e+02	 5.9911e+00	 8.5388e-02	 3.2315e+02	 8.7887e+02	-8.9183e+01	 9.3667e+07	 1.3350e+06	-7.0163e+01
 3.3750e+02	 8.6380e+02	 5.9751e+00	 1.0517e-01	 3.2315e+02	 8.8145e+02	-8.8992e+01	 5.0701e+07	 8.9238e+05	-5.6815e+01
 5.0625e+02	 8.6380e+02	 5.9556e+00	 1.3154e-01	 3.2315e+02	 8.8387e+02	-8.8735e+01	 2.7024e+07	 5.9687e+05	-4.5276e+01
 7.5938e+02	 8.6380e+02	 5.9316e+00	 1.6696e-01	 3.2314e+02	 8.8643e+02	-8.8388e+01	 1.4193e+07	 3.9952e+05	-3.5526e+01
 1.1391e+03	 8.6380e+02	 5.9006e+00	 2.1407e-01	 3.2314e+02	 8.8917e+02	-8.7922e+01	 7.3802e+06	 2.6775e+05	-2.7564e+01
 1.7086e+03	 8.6380e+02	 5.8594e+00	 2.7659e-01	 3.2315e+02	 8.9181e+02	-8.7297e+01	 3.8079e+06	 1.7975e+05	-2.1184e+01
 2.5629e+03	 8.6380e+02	 5.8026e+00	 3.5879e-01	 3.2314e+02	 8.9445e+02	-8.6462e+01	 1.9570e+06	 1.2101e+05	-1.6173e+01
 3.8443e+03	 8.6380e+02	 5.7205e+00	 4.6308e-01	 3.2315e+02	 8.9693e+02	-8.5372e+01	 1.0109e+06	 8.1830e+04	-1.2353e+01
 5.7665e+03	 8.6380e+02	 5.6005e+00	 5.8865e-01	 3.2315e+02	 8.9937e+02	-8.4000e+01	 5.3015e+05	 5.5722e+04	-9.5142e+00
 8.6498e+03	 8.6380e+02	 5.4267e+00	 7.2557e-01	 3.2314e+02	 9.0193e+02	-8.2384e+01	 2.8674e+05	 3.8338e+04	-7.4792e+00
 1.2975e+04	 8.6380e+02	 5.1890e+00	 8.4943e-01	 3.2315e+02	 9.0437e+02	-8.0703e+01	 1.6329e+05	 2.6730e+04	-6.1088e+00
 1.9462e+04	 8.6380e+02	 4.8945e+00	 9.2651e-01	 3.2314e+02	 9.0693e+02	-7.9281e+01	 9.9800e+04	 1.8892e+04	-5.2827e+00
 2.9193e+04	 8.6380e+02	 4.5757e+00	 9.2911e-01	 3.2314e+02	 9.1181e+02	-7.8522e+01	 6.6348e+04	 1.3472e+04	-4.9249e+00
 4.3789e+04	 8.6380e+02	 4.2904e+00	 8.5848e-01	 3.2314e+02	 9.1456e+02	-7.8685e+01	 4.7871e+04	 9.5786e+03	-4.9977e+00
 6.5684e+04	 8.6380e+02	 4.0495e+00	 7.4005e-01	 3.2315e+02	 9.1706e+02	-7.9644e+01	 3.7021e+04	 6.7656e+03	-5.4720e+00
 9.8526e+04	 8.6380e+02	 3.8734e+00	 6.1071e-01	 3.2315e+02	 9.1970e+02	-8.1040e+01	 2.9908e+04	 4.7155e+03	-6.3425e+00
 1.4779e+05	 8.6380e+02	 3.7493e+00	 4.9627e-01	 3.2314e+02	 9.2225e+02	-8.2460e+01	 2.4536e+04	 3.2477e+03	-7.5550e+00
 2.2168e+05	 8.6380e+02	 3.6480e+00	 4.0662e-01	 3.2314e+02	 9.2517e+02	-8.3640e+01	 1.9964e+04	 2.2253e+03	-8.9715e+00
 3.3253e+05	 8.6380e+02	 3.5771e+00	 3.4243e-01	 3.2314e+02	 9.2762e+02	-8.4532e+01	 1.5804e+04	 1.5129e+03	-1.0446e+01
 4.9879e+05	 8.6380e+02	 3.5162e+00	 2.9816e-01	 3.2315e+02	 9.3040e+02	-8.5153e+01	 1.2101e+04	 1.0261e+03	-1.1793e+01
 7.4818e+05	 8.6380e+02	 3.5173e+00	 1.3038e-01	 3.2314e+02	 9.3812e+02	-8.7877e+01	 1.8447e+04	 6.8383e+02	-2.6977e+01
 9.0000e+05	 8.6380e+02	 3.4973e+00	 1.1106e-01	 3.2315e+02	 9.4575e+02	-8.8181e+01	 1.8003e+04	 5.7174e+02	-3.1489e+01
 1.0000e+02	 9.4310e+02	 6.0143e+00	 6.0171e-02	 3.2315e+02	 9.5247e+02	-8.9427e+01	 2.9907e+08	 2.9922e+06	-9.9952e+01
 1.5000e+02	 9.4310e+02	 5.9999e+00	 7.2220e-02	 3.2314e+02	 9.5509e+02	-8.9310e+01	 1.6612e+08	 1.9996e+06	-8.3078e+01
 2.2500e+02	 9.4310e+02	 5.9886e+00	 8.5876e-02	 3.2314e+02	 9.5764e+02	-8.9178e+01	 9.3135e+07	 1.3356e+06	-6.9735e+01
 3.3750e+02	 9.4310e+02	 5.9728e+00	 1.0571e-01	 3.2315e+02	 9.6039e+02	-8.8986e+01	 5.0442e+07	 8.9272e+05	-5.6503e+01
 5.0625e+02	 9.4310e+02	 5.9528e+00	 1.3206e-01	 3.2315e+02	 9.6290e+02	-8.8729e+01	 2.6917e+07	 5.9715e+05	-4.5076e+01
 7.5938e+02	 9.4310e+02	 5.9287e+00	 1.6728e-01	 3.2316e+02	 9.6572e+02	-8.8384e+01	 1.4167e+07	 3.9972e+05	-3.5443e+01
 1.1391e+03	 9.4310e+02	 5.8973e+00	 2.1406e-01	 3.2315e+02	 9.6818e+02	-8.7921e+01	 7.3804e+06	 2.6790e+05	-2.7549e+01
 1.7086e+03	 9.4310e+02	 5.8558e+00	 2.7618e-01	 3.2315e+02	 9.7107e+02	-8.7300e+01	 3.8137e+06	 1.7986e+05	-2.1203e+01
 2.5629e+03	 9.4310e+02	 5.7991e+00	 3.5774e-01	 3.2315e+02	 9.7375e+02	-8.6470e+01	 1.9628e+06	 1.2108e+05	-1.6210e+01
 3.8443e+03	 9.4310e+02	 5.7175e+00	 4.6164e-01	 3.2315e+02	 9.7643e+02	-8.5384e+01	 1.0140e+06	 8.1873e+04	-1.2385e+01
 5.7665e+03	 9.4310e+02	 5.5978e+00	 5.8662e-01	 3.2315e+02	 9.7893e+02	-8.4018e+01	 5.3198e+05	 5.5749e+04	-9.5425e+00
 8.6498e+03	 9.4310e+02	 5.4249e+00	 7.2288e-01	 3.2316e+02	 9.8172e+02	-8.2410e+01	 2.8781e+05	 3.8351e+04	-7.5046e+00
 1.2975e+04	 9.4310e+02	 5.1883e+00	 8.4661e-01	 3.2315e+02	 9.8426e+02	-8.0732e+01	 1.6383e+05	 2.6733e+04	-6.1283e+00
 1.9462e+04	 9.4310e+02	 4.8947e+00	 9.2403e-01	 3.2315e+02	 9.8690e+02	-7.9309e+01	 1.0007e+05	 1.8891e+04	-5.2971e+00
 2.9193e+04	 9.4310e+02	 4.5766e+00	 9.2726e-01	 3.2315e+02	 9.9206e+02	-7.8546e+01	 6.6480e+04	 1.3469e+04	-4.9356e+00
 4.3789e+04	 9.4310e+02	 4.2919e+00	 8.5730e-01	 3.2316e+02	 9.9462e+02	-7.8704e+01	 4.7936e+04	 9.5752e+03	-5.0063e+00
 6.5684e+04	 9.4310e+02	 4.0514e+00	 7.3973e-01	 3.2315e+02	 9.9706e+02	-7.9653e+01	 3.7037e+04	 6.7625e+03	-5.4768e+00
 9.8526e+04	 9.4310e+02	 3.8751e+00	 6.1134e-01	 3.2315e+02	 9.9950e+02	-8.1035e+01	 2.9877e+04	 4.7134e+03	-6.3387e+00
 1.4779e+05	 9.4310e+02	 3.7505e+00	 4.9778e-01	 3.2315e+02	 1.0021e+03	-8.2440e+01	 2.4462e+04	 3.2467e+03	-7.5344e+00
 2.2168e+05	 9.4310e+02	 3.6485e+00	 4.0880e-01	 3.2316e+02	 1.0047e+03	-8.3607e+01	 1.9857e+04	 2.2250e+03	-8.9248e+00
 3.3253e+05	 9.4310e+02	 3.5766e+00	 3.4497e-01	 3.2316e+02	 1.0074e+03	-8.4491e+01	 1.5688e+04	 1.5131e+03	-1.0368e+01
 4.9879e+05	 9.4310e+02	 3.5147e+00	 3.0075e-01	 3.2315e+02	 1.0100e+03	-8.5109e+01	 1.1996e+04	 1.0265e+03	-1.1686e+01
 7.4818e+05	 9.4310e+02	 3.5181e+00	 1.0403e-01	 3.2315e+02	 1.0176e+03	-8.8306e+01	 2.3120e+04	 6.8369e+02	-3.3816e+01
 9.0000e+05	 9.4310e+02	 3.4958e+00	 1.0356e-01	 3.2315e+02	 1.0256e+03	-8.8303e+01	 1.9307e+04	 5.7198e+02	-3.3755e+01
 1.0000e+02	 1.0229e+03	 6.0124e+00	 6.0392e-02	 3.2315e+02	 1.0324e+03	-8.9425e+01	 2.9798e+08	 2.9931e+06	-9.9557e+01
 1.5000e+02	 1.0229e+03	 6.0009e+00	 7.3703e-02	 3.2315e+02	 1.0350e+03	-8.9296e+01	 1.6278e+08	 1.9992e+06	-8.1420e+01
 2.2500e+02	 1.0229e+03	 5.9866e+00	 8.6198e-02	 3.2316e+02	 1.0375e+03	-8.9175e+01	 9.2788e+07	 1.3360e+06	-6.9452e+01
 3.3750e+02	 1.0229e+03	 5.9703e+00	 1.0609e-01	 3.2316e+02	 1.0403e+03	-8.8982e+01	 5.0260e+07	 8.9309e+05	-5.6276e+01
 5.0625e+02	 1.0229e+03	 5.9506e+00	 1.3257e-01	 3.2316e+02	 1.0429e+03	-8.8724e+01	 2.6813e+07	 5.9737e+05	-4.4885e+01
 7.5938e+02	 1.0229e+03	 5.9259e+00	 1.6754e-01	 3.2316e+02	 1.0455e+03	-8.8381e+01	 1.4145e+07	 3.9991e+05	-3.5370e+01
 1.1391e+03	 1.0229e+03	 5.8946e+00	 2.1433e-01	 3.2316e+02	 1.0479e+03	-8.7918e+01	 7.3712e+06	 2.6802e+05	-2.7502e+01
 1.7086e+03	 1.0229e+03	 5.8530e+00	 2.7628e-01	 3.2316e+02	 1.0505e+03	-8.7298e+01	 3.8123e+06	 1.7995e+05	-2.1185e+01
 2.5629e+03	 1.0229e+03	 5.7961e+00	 3.5735e-01	 3.2315e+02	 1.0531e+03	-8.6472e+01	 1.9649e+06	 1.2114e+05	-1.6220e+01
 3.8443e+03	 1.0229e+03	 5.7142e+00	 4.6043e-01	 3.2315e+02	 1.0556e+03	-8.5393e+01	 1.0167e+06	 8.1920e+04	-1.2410e+01
 5.7665e+03	 1.0229e+03	 5.5954e+00	 5.8505e-01	 3.2315e+02	 1.0582e+03	-8.4031e+01	 5.3341e+05	 5.5773e+04	-9.5639e+00
 8.6498e+03	 1.0229e+03	 5.4229e+00	 7.2075e-01	 3.2315e+02	 1.0608e+03	-8.2429e+01	 2.8865e+05	 3.8365e+04	-7.5239e+00
 1.2975e+04	 1.0229e+03	 5.1870e+00	 8.4452e-01	 3.2315e+02	 1.0632e+03	-8.0753e+01	 1.6423e+05	 2.6740e+04	-6.1420e+00
 1.9462e+04	 1.0229e+03	 4.8941e+00	 9.2192e-01	 3.2315e+02	 1.0659e+03	-7.9332e+01	 1.0030e+05	 1.8893e+04	-5.3086e+00
 2.9193e+04	 1.0229e+03	 4.5765e+00	 9.2545e-01	 3.2315e+02	 1.0711e+03	-7.8568e+01	 6.6610e+04	 1.3470e+04	-4.9452e+00
 4.3789e+04	 1.0229e+03	 4.2921e+00	 8.5585e-01	 3.2314e+02	 1.0736e+03	-7.8723e+01	 4.8018e+04	 9.5747e+03	-5.0150e+00
 6.5684e+04	 1.0229e+03	 4.0522e+00	 7.3890e-01	 3.2315e+02	 1.0761e+03	-7.9666e+01	 3.7079e+04	 6.7611e+03	-5.4841e+00
 9.8526e+04	 1.0229e+03	 3.8759e+00	 6.1144e-01	 3.2315e+02	 1.0788e+03	-8.1035e+01	 2.9872e+04	 4.7125e+03	-6.3389e+00
 1.4779e+05	 1.0229e+03	 3.7511e+00	 4.9879e-01	 3.2315e+02	 1.0816e+03	-8.2426e+01	 2.4412e+04	 3.2461e+03	-7.5205e+00
 2.2168e+05	 1.0229e+03	 3.6485e+00	 4.1051e-01	 3.2315e+02	 1.0842e+03	-8.3580e+01	 1.9775e+04	 2.2250e+03	-8.8876e+00
 3.3253e+05	 1.0229e+03	 3.5759e+00	 3.4689e-01	 3.2315e+02	 1.0869e+03	-8.4459e+01	 1.5601e+04	 1.5134e+03	-1.0308e+01
 4.9879e+05	 1.0229e+03	 3.5133e+00	 3.0286e-01	 3.2315e+02	 1.0896e+03	-8.5073e+01	 1.1913e+04	 1.0269e+03	-1.1600e+01
 7.4818e+05	 1.0229e+03	 3.5163e+00	 1.0216e-01	 3.2315e+02	 1.0976e+03	-8.8336e+01	 2.3543e+04	 6.8403e+02	-3.4419e+01
 9.0000e+05	 1.0229e+03	 3.4948e+00	 9.1742e-02	 3.2314e+02	 1.1054e+03	-8.8496e+01	 2.1795e+04	 5.7214e+02	-3.8094e+01
 1.0000e+02	 1.1027e+03	 6.0105e+00	 6.0741e-02	 3.2315e+02	 1.1119e+03	-8.9421e+01	 2.9627e+08	 2.9940e+06	-9.8954e+01
 1.5000e+02	 1.1027e+03	 5.9993e+00	 7.4282e-02	 3.2315e+02	 1.1144e+03	-8.9291e+01	 1.6151e+08	 1.9998e+06	-8.0764e+01
 2.2500e+02	 1.1027e+03	 5.9846e+00	 8.6761e-02	 3.2315e+02	 1.1171e+03	-8.9169e+01	 9.2185e+07	 1.3364e+06	-6.8978e+01
 3.3750e+02	 1.1027e+03	 5.9680e+00	 1.0655e-01	 3.2315e+02	 1.1196e+03	-8.8977e+01	 5.0041e+07	 8.9344e+05	-5.6009e+01
 5.0625e+02	 1.1027e+03	 5.9479e+00	 1.3278e-01	 3.2315e+02	 1.1221e+03	-8.8721e+01	 2.6771e+07	 5.9764e+05	-4.4795e+01
 7.5938e+02	 1.1027e+03	 5.9235e+00	 1.6783e-01	 3.2315e+02	 1.1247e+03	-8.8377e+01	 1.4120e+07	 4.0007e+05	-3.5295e+01
 1.1391e+03	 1.1027e+03	 5.8917e+00	 2.1472e-01	 3.2315e+02	 1.1275e+03	-8.7913e+01	 7.3577e+06	 2.6815e+05	-2.7439e+01
 1.7086e+03	 1.1027e+03	 5.8497e+00	 2.7617e-01	 3.2315e+02	 1.1301e+03	-8.7297e+01	 3.8138e+06	 1.8005e+05	-2.1182e+01
 2.5629e+03	 1.1027e+03	 5.7928e+00	 3.5698e-01	 3.2315e+02	 1.1327e+03	-8.6474e+01	 1.9669e+06	 1.2121e+05	-1.6227e+01
 3.8443e+03	 1.1027e+03	 5.7111e+00	 4.5940e-01	 3.2315e+02	 1.1351e+03	-8.5401e+01	 1.0190e+06	 8.1965e+04	-1.2432e+01
 5.7665e+03	 1.1027e+03	 5.5924e+00	 5.8348e-01	 3.2315e+02	 1.1376e+03	-8.4044e+01	 5.3485e+05	 5.5803e+04	-9.5846e+00
 8.6498e+03	 1.1027e+03	 5.4206e+00	 7.1902e-01	 3.2314e+02	 1.1404e+03	-8.2444e+01	 2.8935e+05	 3.8381e+04	-7.5389e+00
 1.2975e+04	 1.1027e+03	 5.1857e+00	 8.4262e-01	 3.2315e+02	 1.1428e+03	-8.0771e+01	 1.6461e+05	 2.6747e+04	-6.1542e+00
 1.9462e+04	 1.1027e+03	 4.8931e+00	 9.2014e-01	 3.2315e+02	 1.1454e+03	-7.9350e+01	 1.0049e+05	 1.8897e+04	-5.3178e+00
 2.9193e+04	 1.1027e+03	 4.5764e+00	 9.2404e-01	 3.2315e+02	 1.1507e+03	-7.8585e+01	 6.6711e+04	 1.3470e+04	-4.9526e+00
 4.3789e+04	 1.1027e+03	 4.2926e+00	 8.5481e-01	 3.2315e+02	 1.1531e+03	-7.8738e+01	 4.8076e+04	 9.5736e+03	-5.0217e+00
 6.5684e+04	 1.1027e+03	 4.0531e+00	 7.3858e-01	 3.2315e+02	 1.1556e+03	-7.9672e+01	 3.7094e+04	 6.7597e+03	-5.4876e+00
 9.8526e+04	 1.1027e+03	 3.8767e+00	 6.1186e-01	 3.2316e+02	 1.1582e+03	-8.1031e+01	 2.9852e+04	 4.7114e+03	-6.3360e+00
 1.4779e+05	 1.1027e+03	 3.7516e+00	 4.9990e-01	 3.2315e+02	 1.1608e+03	-8.2410e+01	 2.4358e+04	 3.2457e+03	-7.5047e+00
 2.2168e+05	 1.1027e+03	 3.6484e+00	 4.1207e-01	 3.2315e+02	 1.1636e+03	-8.3556e+01	 1.9700e+04	 2.2250e+03	-8.8540e+00
 3.3253e+05	 1.1027e+03	 3.5752e+00	 3.4889e-01	 3.2315e+02	 1.1660e+03	-8.4426e+01	 1.5511e+04	 1.5137e+03	-1.0247e+01
 4.9879e+05	 1.1027e+03	 3.5117e+00	 3.0484e-01	 3.2315e+02	 1.1686e+03	-8.5039e+01	 1.1835e+04	 1.0274e+03	-1.1520e+01
 7.4818e+05	 1.1027e+03	 3.5126e+00	 1.2015e-01	 3.2315e+02	 1.1764e+03	-8.8041e+01	 2.0018e+04	 6.8475e+02	-2.9235e+01
 9.0000e+05	 1.1027e+03	 3.4917e+00	 1.0084e-01	 3.2314e+02	 1.1840e+03	-8.8346e+01	 1.9828e+04	 5.7266e+02	-3.4625e+01
 1.0000e+02	 1.1813e+03	 6.0089e+00	 6.1310e-02	 3.2315e+02	 1.1906e+03	-8.9415e+01	 2.9352e+08	 2.9948e+06	-9.8010e+01
 1.5000e+02	 1.1813e+03	 5.9950e+00	 7.2340e-02	 3.2315e+02	 1.1933e+03	-8.9309e+01	 1.6584e+08	 2.0012e+06	-8.2871e+01
 2.2500e+02	 1.1813e+03	 5.9826e+00	 8.7068e-02	 3.2315e+02	 1.1959e+03	-8.9166e+01	 9.1861e+07	 1.3369e+06	-6.8713e+01
 3.3750e+02	 1.1813e+03	 5.9659e+00	 1.0705e-01	 3.2315e+02	 1.1986e+03	-8.8972e+01	 4.9810e+07	 8.9376e+05	-5.5731e+01
 5.0625e+02	 1.1813e+03	 5.9460e+00	 1.3332e-01	 3.2315e+02	 1.2011e+03	-8.8716e+01	 2.6664e+07	 5.9783e+05	-4.4601e+01
 7.5938e+02	 1.1813e+03	 5.9212e+00	 1.6837e-01	 3.2315e+02	 1.2037e+03	-8.8371e+01	 1.4075e+07	 4.0023e+05	-3.5168e+01
 1.1391e+03	 1.1813e+03	 5.8891e+00	 2.1501e-01	 3.2314e+02	 1.2063e+03	-8.7909e+01	 7.3479e+06	 2.6827e+05	-2.7390e+01
 1.7086e+03	 1.1813e+03	 5.8470e+00	 2.7615e-01	 3.2315e+02	 1.2092e+03	-8.7296e+01	 3.8141e+06	 1.8013e+05	-2.1173e+01
 2.5629e+03	 1.1813e+03	 5.7899e+00	 3.5687e-01	 3.2314e+02	 1.2118e+03	-8.6473e+01	 1.9675e+06	 1.2127e+05	-1.6224e+01
 3.8443e+03	 1.1813e+03	 5.7085e+00	 4.5912e-01	 3.2314e+02	 1.2144e+03	-8.5402e+01	 1.0196e+06	 8.2002e+04	-1.2434e+01
 5.7665e+03	 1.1813e+03	 5.5896e+00	 5.8258e-01	 3.2314e+02	 1.2169e+03	-8.4050e+01	 5.3567e+05	 5.5831e+04	-9.5946e+00
 8.6498e+03	 1.1813e+03	 5.4182e+00	 7.1762e-01	 3.2314e+02	 1.2194e+03	-8.2455e+01	 2.8991e+05	 3.8398e+04	-7.5503e+00
 1.2975e+04	 1.1813e+03	 5.1836e+00	 8.4102e-01	 3.2314e+02	 1.2219e+03	-8.0784e+01	 1.6492e+05	 2.6757e+04	-6.1635e+00
 1.9462e+04	 1.1813e+03	 4.8917e+00	 9.1870e-01	 3.2314e+02	 1.2244e+03	-7.9363e+01	 1.0065e+05	 1.8903e+04	-5.3247e+00
 2.9193e+04	 1.1813e+03	 4.5752e+00	 9.2253e-01	 3.2314e+02	 1.2297e+03	-7.8600e+01	 6.6821e+04	 1.3473e+04	-4.9594e+00
 4.3789e+04	 1.1813e+03	 4.2920e+00	 8.5348e-01	 3.2313e+02	 1.2324e+03	-7.8753e+01	 4.8151e+04	 9.5751e+03	-5.0288e+00
 6.5684e+04	 1.1813e+03	 4.0529e+00	 7.3762e-01	 3.2314e+02	 1.2350e+03	-7.9685e+01	 3.7143e+04	 6.7599e+03	-5.4946e+00
 9.8526e+04	 1.1813e+03	 3.8768e+00	 6.1174e-01	 3.2314e+02	 1.2377e+03	-8.1033e+01	 2.9857e+04	 4.7114e+03	-6.3373e+00
 1.4779e+05	 1.1813e+03	 3.7517e+00	 5.0056e-01	 3.2314e+02	 1.2403e+03	-8.2400e+01	 2.4326e+04	 3.2457e+03	-7.4950e+00
 2.2168e+05	 1.1813e+03	 3.6479e+00	 4.1334e-01	 3.2314e+02	 1.2431e+03	-8.3536e+01	 1.9640e+04	 2.2253e+03	-8.8256e+00
 3.3253e+05	 1.1813e+03	 3.5740e+00	 3.5038e-01	 3.2314e+02	 1.2456e+03	-8.4401e+01	 1.5446e+04	 1.5142e+03	-1.0200e+01
 4.9879e+05	 1.1813e+03	 3.5100e+00	 3.0650e-01	 3.2314e+02	 1.2484e+03	-8.5009e+01	 1.1771e+04	 1.0279e+03	-1.1452e+01
 7.4818e+05	 1.1813e+03	 3.5089e+00	 1.3440e-01	 3.2315e+02	 1.2562e+03	-8.7807e+01	 1.7896e+04	 6.8547e+02	-2.6108e+01
 9.0000e+05	 1.1813e+03	 3.4886e+00	 1.0848e-01	 3.2315e+02	 1.2640e+03	-8.8219e+01	 1.8432e+04	 5.7316e+02	-3.2158e+01
 1.0000e+02	 1.2614e+03	 6.0075e+00	 6.1781e-02	 3.2315e+02	 1.2708e+03	-8.9411e+01	 2.9128e+08	 2.9955e+06	-9.7239e+01
 1.5000e+02	 1.2614e+03	 5.9965e+00	 7.2441e-02	 3.2315e+02	 1.2733e+03	-8.9308e+01	 1.6561e+08	 2.0007e+06	-8.2777e+01
 2.2500e+02	 1.2614e+03	 5.9811e+00	 8.7773e-02	 3.2315e+02	 1.2759e+03	-8.9159e+01	 9.1123e+07	 1.3372e+06	-6.8143e+01
 3.3750e+02	 1.2614e+03	 5.9641e+00	 1.0747e-01	 3.2316e+02	 1.2785e+03	-8.8968e+01	 4.9615e+07	 8.9403e+05	-5.5496e+01
 5.0625e+02	 1.2614e+03	 5.9437e+00	 1.3377e-01	 3.2315e+02	 1.2809e+03	-8.8711e+01	 2.6574e+07	 5.9806e+05	-4.4434e+01
 7.5938e+02	 1.2614e+03	 5.9186e+00	 1.6863e-01	 3.2316e+02	 1.2836e+03	-8.8368e+01	 1.4053e+07	 4.0040e+05	-3.5097e+01
 1.1391e+03	 1.2614e+03	 5.8869e+00	 2.1509e-01	 3.2315e+02	 1.2860e+03	-8.7908e+01	 7.3453e+06	 2.6837e+05	-2.7370e+01
 1.7086e+03	 1.2614e+03	 5.8446e+00	 2.7600e-01	 3.2316e+02	 1.2888e+03	-8.7296e+01	 3.8161e+06	 1.8021e+05	-2.1176e+01
 2.5629e+03	 1.2614e+03	 5.7874e+00	 3.5624e-01	 3.2315e+02	 1.2914e+03	-8.6478e+01	 1.9711e+06	 1.2133e+05	-1.6246e+01
 3.8443e+03	 1.2614e+03	 5.7060e+00	 4.5818e-01	 3.2316e+02	 1.2942e+03	-8.5409e+01	 1.0217e+06	 8.2038e+04	-1.2454e+01
 5.7665e+03	 1.2614e+03	 5.5875e+00	 5.8126e-01	 3.2315e+02	 1.2967e+03	-8.4061e+01	 5.3689e+05	 5.5852e+04	-9.6128e+00
 8.6498e+03	 1.2614e+03	 5.4168e+00	 7.1619e-01	 3.2315e+02	 1.2994e+03	-8.2468e+01	 2.9049e+05	 3.8408e+04	-7.5634e+00
 1.2975e+04	 1.2614e+03	 5.1827e+00	 8.3935e-01	 3.2315e+02	 1.3019e+03	-8.0801e+01	 1.6525e+05	 2.6762e+04	-6.1747e+00
 1.9462e+04	 1.2614e+03	 4.8914e+00	 9.1710e-01	 3.2315e+02	 1.3049e+03	-7.9381e+01	 1.0082e+05	 1.8904e+04	-5.3336e+00
 2.9193e+04	 1.2614e+03	 4.5753e+00	 9.2130e-01	 3.2315e+02	 1.3101e+03	-7.8615e+01	 6.6910e+04	 1.3473e+04	-4.9661e+00
 4.3789e+04	 1.2614e+03	 4.2925e+00	 8.5272e-01	 3.2315e+02	 1.3126e+03	-7.8764e+01	 4.8194e+04	 9.5740e+03	-5.0338e+00
 6.5684e+04	 1.2614e+03	 4.0536e+00	 7.3752e-01	 3.2315e+02	 1.3151e+03	-7.9688e+01	 3.7148e+04	 6.7588e+03	-5.4962e+00
 9.8526e+04	 1.2614e+03	 3.8775e+00	 6.1230e-01	 3.2315e+02	 1.3176e+03	-8.1026e+01	 2.9830e+04	 4.7105e+03	-6.3327e+00
 1.4779e+05	 1.2614e+03	 3.7518e+00	 5.0152e-01	 3.2315e+02	 1.3202e+03	-8.2386e+01	 2.4279e+04	 3.2456e+03	-7.4807e+00
 2.2168e+05	 1.2614e+03	 3.6477e+00	 4.1461e-01	 3.2315e+02	 1.3228e+03	-8.3515e+01	 1.9579e+04	 2.2254e+03	-8.7978e+00
 3.3253e+05	 1.2614e+03	 3.5732e+00	 3.5198e-01	 3.2314e+02	 1.3252e+03	-8.4374e+01	 1.5375e+04	 1.5146e+03	-1.0152e+01
 4.9879e+05	 1.2614e+03	 3.5086e+00	 3.0807e-01	 3.2315e+02	 1.3278e+03	-8.4982e+01	 1.1711e+04	 1.0283e+03	-1.1389e+01
 7.4818e+05	 1.2614e+03	 3.5096e+00	 1.1277e-01	 3.2315e+02	 1.3354e+03	-8.8160e+01	 2.1329e+04	 6.8533e+02	-3.1123e+01
 9.0000e+05	 1.2614e+03	 3.4913e+00	 6.8277e-02	 3.2315e+02	 1.3432e+03	-8.8880e+01	 2.9286e+04	 5.7272e+02	-5.1135e+01
 1.0000e+02	 1.3406e+03	 6.0060e+00	 6.1673e-02	 3.2314e+02	 1.3500e+03	-8.9412e+01	 2.9179e+08	 2.9963e+06	-9.7385e+01
 1.5000e+02	 1.3406e+03	 5.9918e+00	 7.5072e-02	 3.2315e+02	 1.3526e+03	-8.9282e+01	 1.5981e+08	 2.0023e+06	-7.9814e+01
 2.2500e+02	 1.3406e+03	 5.9793e+00	 8.8084e-02	 3.2315e+02	 1.3551e+03	-8.9156e+01	 9.0800e+07	 1.3376e+06	-6.7882e+01
 3.3750e+02	 1.3406e+03	 5.9623e+00	 1.0784e-01	 3.2315e+02	 1.3579e+03	-8.8964e+01	 4.9445e+07	 8.9430e+05	-5.5289e+01
 5.0625e+02	 1.3406e+03	 5.9417e+00	 1.3395e-01	 3.2314e+02	 1.3603e+03	-8.8709e+01	 2.6537e+07	 5.9826e+05	-4.4358e+01
 7.5938e+02	 1.3406e+03	 5.9166e+00	 1.6902e-01	 3.2315e+02	 1.3632e+03	-8.8364e+01	 1.4020e+07	 4.0054e+05	-3.5004e+01
 1.1391e+03	 1.3406e+03	 5.8844e+00	 2.1526e-01	 3.2316e+02	 1.3656e+03	-8.7905e+01	 7.3392e+06	 2.6849e+05	-2.7336e+01
 1.7086e+03	 1.3406e+03	 5.8421e+00	 2.7644e-01	 3.2315e+02	 1.3684e+03	-8.7291e+01	 3.8101e+06	 1.8029e+05	-2.1133e+01
 2.5629e+03	 1.3406e+03	 5.7849e+00	 3.5607e-01	 3.2315e+02	 1.3710e+03	-8.6478e+01	 1.9720e+06	 1.2138e+05	-1.6246e+01
 3.8443e+03	 1.3406e+03	 5.7033e+00	 4.5778e-01	 3.2315e+02	 1.3734e+03	-8.5411e+01	 1.0226e+06	 8.2077e+04	-1.2459e+01
 5.7665e+03	 1.3406e+03	 5.5851e+00	 5.8063e-01	 3.2315e+02	 1.3761e+03	-8.4065e+01	 5.3747e+05	 5.5876e+04	-9.6190e+00
 8.6498e+03	 1.3406e+03	 5.4146e+00	 7.1497e-01	 3.2315e+02	 1.3786e+03	-8.2478e+01	 2.9099e+05	 3.8424e+04	-7.5731e+00
 1.2975e+04	 1.3406e+03	 5.1808e+00	 8.3811e-01	 3.2314e+02	 1.3814e+03	-8.0811e+01	 1.6549e+05	 2.6772e+04	-6.1816e+00
 1.9462e+04	 1.3406e+03	 4.8901e+00	 9.1593e-01	 3.2315e+02	 1.3839e+03	-7.9391e+01	 1.0095e+05	 1.8909e+04	-5.3389e+00
 2.9193e+04	 1.3406e+03	 4.5743e+00	 9.2005e-01	 3.2314e+02	 1.3891e+03	-7.8628e+01	 6.7000e+04	 1.3476e+04	-4.9718e+00
 4.3789e+04	 1.3406e+03	 4.2919e+00	 8.5154e-01	 3.2315e+02	 1.3916e+03	-7.8778e+01	 4.8261e+04	 9.5753e+03	-5.0401e+00
 6.5684e+04	 1.3406e+03	 4.0535e+00	 7.3689e-01	 3.2314e+02	 1.3940e+03	-7.9697e+01	 3.7180e+04	 6.7590e+03	-5.5008e+00
 9.8526e+04	 1.3406e+03	 3.8776e+00	 6.1226e-01	 3.2314e+02	 1.3964e+03	-8.1027e+01	 2.9832e+04	 4.7103e+03	-6.3333e+00
 1.4779e+05	 1.3406e+03	 3.7517e+00	 5.0227e-01	 3.2314e+02	 1.3990e+03	-8.2375e+01	 2.4243e+04	 3.2456e+03	-7.4695e+00
 2.2168e+05	 1.3406e+03	 3.6472e+00	 4.1586e-01	 3.2315e+02	 1.4016e+03	-8.3495e+01	 1.9520e+04	 2.2258e+03	-8.7702e+00
 3.3253e+05	 1.3406e+03	 3.5721e+00	 3.5334e-01	 3.2315e+02	 1.4041e+03	-8.4351e+01	 1.5316e+04	 1.5150e+03	-1.0110e+01
 4.9879e+05	 1.3406e+03	 3.5070e+00	 3.0950e-01	 3.2314e+02	 1.4069e+03	-8.4957e+01	 1.1657e+04	 1.0288e+03	-1.1331e+01
 7.4818e+05	 1.3406e+03	 3.5075e+00	 1.1527e-01	 3.2315e+02	 1.4148e+03	-8.8118e+01	 2.0867e+04	 6.8575e+02	-3.0429e+01
 9.0000e+05	 1.3406e+03	 3.4890e+00	 7.0143e-02	 3.2315e+02	 1.4226e+03	-8.8848e+01	 2.8506e+04	 5.7309e+02	-4.9742e+01
 1.0000e+02	 1.4200e+03	 6.0048e+00	 6.2160e-02	 3.2315e+02	 1.4293e+03	-8.9407e+01	 2.8950e+08	 2.9969e+06	-9.6602e+01
 1.5000e+02	 1.4200e+03	 5.9926e+00	 7.4417e-02	 3.2315e+02	 1.4318e+03	-8.9289e+01	 1.6122e+08	 2.0020e+06	-8.0528e+01
 2.2500e+02	 1.4200e+03	 5.9775e+00	 8.8278e-02	 3.2314e+02	 1.4346e+03	-8.9154e+01	 9.0601e+07	 1.3380e+06	-6.7712e+01
 3.3750e+02	 1.4200e+03	 5.9607e+00	 1.0822e-01	 3.2314e+02	 1.4372e+03	-8.8960e+01	 4.9270e+07	 8.9454e+05	-5.5079e+01
 5.0625e+02	 1.4200e+03	 5.9398e+00	 1.3442e-01	 3.2315e+02	 1.4399e+03	-8.8704e+01	 2.6445e+07	 5.9846e+05	-4.4189e+01
 7.5938e+02	 1.4200e+03	 5.9145e+00	 1.6930e-01	 3.2315e+02	 1.4425e+03	-8.8360e+01	 1.3998e+07	 4.0068e+05	-3.4936e+01
 1.1391e+03	 1.4200e+03	 5.8820e+00	 2.1568e-01	 3.2315e+02	 1.4451e+03	-8.7900e+01	 7.3252e+06	 2.6859e+05	-2.7272e+01
 1.7086e+03	 1.4200e+03	 5.8400e+00	 2.7641e-01	 3.2315e+02	 1.4477e+03	-8.7290e+01	 3.8105e+06	 1.8035e+05	-2.1128e+01
 2.5629e+03	 1.4200e+03	 5.7826e+00	 3.5608e-01	 3.2315e+02	 1.4502e+03	-8.6476e+01	 1.9719e+06	 1.2143e+05	-1.6239e+01
 3.8443e+03	 1.4200e+03	 5.7008e+00	 4.5714e-01	 3.2315e+02	 1.4527e+03	-8.5415e+01	 1.0240e+06	 8.2112e+04	-1.2471e+01
 5.7665e+03	 1.4200e+03	 5.5829e+00	 5.7963e-01	 3.2315e+02	 1.4551e+03	-8.4073e+01	 5.3840e+05	 5.5898e+04	-9.6318e+00
 8.6498e+03	 1.4200e+03	 5.4129e+00	 7.1376e-01	 3.2315e+02	 1.4579e+03	-8.2488e+01	 2.9148e+05	 3.8436e+04	-7.5836e+00
 1.2975e+04	 1.4200e+03	 5.1796e+00	 8.3692e-01	 3.2315e+02	 1.4603e+03	-8.0821e+01	 1.6573e+05	 2.6778e+04	-6.1889e+00
 1.9462e+04	 1.4200e+03	 4.8892e+00	 9.1468e-01	 3.2315e+02	 1.4630e+03	-7.9403e+01	 1.0109e+05	 1.8912e+04	-5.3452e+00
 2.9193e+04	 1.4200e+03	 4.5739e+00	 9.1903e-01	 3.2315e+02	 1.4679e+03	-7.8639e+01	 6.7075e+04	 1.3477e+04	-4.9769e+00
 4.3789e+04	 1.4200e+03	 4.2919e+00	 8.5090e-01	 3.2315e+02	 1.4706e+03	-7.8786e+01	 4.8297e+04	 9.5753e+03	-5.0439e+00
 6.5684e+04	 1.4200e+03	 4.0537e+00	 7.3662e-01	 3.2315e+02	 1.4731e+03	-7.9701e+01	 3.7193e+04	 6.7586e+03	-5.5031e+00
 9.8526e+04	 1.4200e+03	 3.8778e+00	 6.1256e-01	 3.2315e+02	 1.4758e+03	-8.1023e+01	 2.9818e+04	 4.7101e+03	-6.3305e+00
 1.4779e+05	 1.4200e+03	 3.7516e+00	 5.0309e-01	 3.2315e+02	 1.4784e+03	-8.2362e+01	 2.4204e+04	 3.2457e+03	-7.4571e+00
 2.2168e+05	 1.4200e+03	 3.6467e+00	 4.1695e-01	 3.2315e+02	 1.4812e+03	-8.3477e+01	 1.9469e+04	 2.2261e+03	-8.7461e+00
 3.3253e+05	 1.4200e+03	 3.5711e+00	 3.5454e-01	 3.2315e+02	 1.4836e+03	-8.4330e+01	 1.5264e+04	 1.5155e+03	-1.0072e+01
 4.9879e+05	 1.4200e+03	 3.5056e+00	 3.1089e-01	 3.2315e+02	 1.4864e+03	-8.4932e+01	 1.1605e+04	 1.0292e+03	-1.1276e+01
 7.4818e+05	 1.4200e+03	 3.5071e+00	 1.0332e-01	 3.2315e+02	 1.4938e+03	-8.8313e+01	 2.3280e+04	 6.8583e+02	-3.3944e+01
 9.0000e+05	 1.4200e+03	 3.4892e+00	 5.4413e-02	 3.2316e+02	 1.5014e+03	-8.9107e+01	 3.6747e+04	 5.7305e+02	-6.4125e+01
 1.0000e+02	 1.4988e+03	 6.0034e+00	 6.2341e-02	 3.2316e+02	 1.5079e+03	-8.9405e+01	 2.8867e+08	 2.9976e+06	-9.6300e+01
 1.5000e+02	 1.4988e+03	 5.9911e+00	 7.3011e-02	 3.2315e+02	 1.5104e+03	-8.9302e+01	 1.6432e+08	 2.0025e+06	-8.2057e+01
 2.2500e+02	 1.4988e+03	 5.9760e+00	 8.8695e-02	 3.2315e+02	 1.5131e+03	-8.9150e+01	 9.0175e+07	 1.3384e+06	-6.7378e+01
 3.3750e+02	 1.4988e+03	 5.9590e+00	 1.0870e-01	 3.2315e+02	 1.5157e+03	-8.8955e+01	 4.9054e+07	 8.9479e+05	-5.4821e+01
 5.0625e+02	 1.4988e+03	 5.9381e+00	 1.3501e-01	 3.2315e+02	 1.5184e+03	-8.8698e+01	 2.6329e+07	 5.9863e+05	-4.3982e+01
 7.5938e+02	 1.4988e+03	 5.9126e+00	 1.6970e-01	 3.2315e+02	 1.5209e+03	-8.8356e+01	 1.3965e+07	 4.0080e+05	-3.4842e+01
 1.1391e+03	 1.4988e+03	 5.8803e+00	 2.1592e-01	 3.2316e+02	 1.5236e+03	-8.7897e+01	 7.3170e+06	 2.6867e+05	-2.7234e+01
 1.7086e+03	 1.4988e+03	 5.8377e+00	 2.7647e-01	 3.2316e+02	 1.5261e+03	-8.7289e+01	 3.8096e+06	 1.8042e+05	-2.1115e+01
 2.5629e+03	 1.4988e+03	 5.7802e+00	 3.5587e-01	 3.2316e+02	 1.5286e+03	-8.6477e+01	 1.9731e+06	 1.2148e+05	-1.6242e+01
 3.8443e+03	 1.4988e+03	 5.6988e+00	 4.5670e-01	 3.2315e+02	 1.5313e+03	-8.5418e+01	 1.0250e+06	 8.2142e+04	-1.2478e+01
 5.7665e+03	 1.4988e+03	 5.5808e+00	 5.7878e-01	 3.2315e+02	 1.5338e+03	-8.4079e+01	 5.3919e+05	 5.5919e+04	-9.6423e+00
 8.6498e+03	 1.4988e+03	 5.4109e+00	 7.1271e-01	 3.2315e+02	 1.5364e+03	-8.2496e+01	 2.9191e+05	 3.8450e+04	-7.5920e+00
 1.2975e+04	 1.4988e+03	 5.1781e+00	 8.3563e-01	 3.2315e+02	 1.5388e+03	-8.0833e+01	 1.6598e+05	 2.6785e+04	-6.1967e+00
 1.9462e+04	 1.4988e+03	 4.8881e+00	 9.1348e-01	 3.2315e+02	 1.5416e+03	-7.9415e+01	 1.0122e+05	 1.8917e+04	-5.3511e+00
 2.9193e+04	 1.4988e+03	 4.5733e+00	 9.1800e-01	 3.2314e+02	 1.5465e+03	-7.8650e+01	 6.7150e+04	 1.3479e+04	-4.9818e+00
 4.3789e+04	 1.4988e+03	 4.2915e+00	 8.5017e-01	 3.2315e+02	 1.5491e+03	-7.8795e+01	 4.8339e+04	 9.5761e+03	-5.0479e+00
 6.5684e+04	 1.4988e+03	 4.0537e+00	 7.3627e-01	 3.2315e+02	 1.5516e+03	-7.9706e+01	 3.7211e+04	 6.7586e+03	-5.5058e+00
 9.8526e+04	 1.4988e+03	 3.8776e+00	 6.1267e-01	 3.2315e+02	 1.5544e+03	-8.1021e+01	 2.9812e+04	 4.7103e+03	-6.3291e+00
 1.4779e+05	 1.4988e+03	 3.7514e+00	 5.0364e-01	 3.2315e+02	 1.5570e+03	-8.2354e+01	 2.4177e+04	 3.2459e+03	-7.4485e+00
 2.2168e+05	 1.4988e+03	 3.6460e+00	 4.1793e-01	 3.2315e+02	 1.5597e+03	-8.3461e+01	 1.9424e+04	 2.2265e+03	-8.7240e+00
 3.3253e+05	 1.4988e+03	 3.5701e+00	 3.5573e-01	 3.2315e+02	 1.5621e+03	-8.4310e+01	 1.5213e+04	 1.5159e+03	-1.0036e+01
 4.9879e+05	 1.4988e+03	 3.5040e+00	 3.1194e-01	 3.2315e+02	 1.5647e+03	-8.4913e+01	 1.1566e+04	 1.0296e+03	-1.1233e+01
 7.4818e+05	 1.4988e+03	 3.5053e+00	 1.0377e-01	 3.2315e+02	 1.5724e+03	-8.8304e+01	 2.3178e+04	 6.8617e+02	-3.3779e+01
 9.0000e+05	 1.4988e+03	 3.4875e+00	 5.3383e-02	 3.2315e+02	 1.5802e+03	-8.9123e+01	 3.7456e+04	 5.7334e+02	-6.5329e+01
 1.0000e+02	 1.5775e+03	 6.0021e+00	 6.2619e-02	 3.2315e+02	 1.5869e+03	-8.9402e+01	 2.8738e+08	 2.9982e+06	-9.5852e+01
 1.5000e+02	 1.5775e+03	 5.9896e+00	 7.4425e-02	 3.2315e+02	 1.5896e+03	-8.9288e+01	 1.6120e+08	 2.0030e+06	-8.0478e+01
 2.2500e+02	 1.5775e+03	 5.9747e+00	 8.9206e-02	 3.2315e+02	 1.5921e+03	-8.9145e+01	 8.9659e+07	 1.3387e+06	-6.6977e+01
 3.3750e+02	 1.5775e+03	 5.9575e+00	 1.0900e-01	 3.2314e+02	 1.5949e+03	-8.8952e+01	 4.8917e+07	 8.9501e+05	-5.4654e+01
 5.0625e+02	 1.5775e+03	 5.9366e+00	 1.3539e-01	 3.2315e+02	 1.5973e+03	-8.8693e+01	 2.6255e+07	 5.9878e+05	-4.3847e+01
 7.5938e+02	 1.5775e+03	 5.9108e+00	 1.7013e-01	 3.2315e+02	 1.6002e+03	-8.8351e+01	 1.3929e+07	 4.0093e+05	-3.4742e+01
 1.1391e+03	 1.5775e+03	 5.8783e+00	 2.1630e-01	 3.2315e+02	 1.6026e+03	-8.7893e+01	 7.3039e+06	 2.6876e+05	-2.7176e+01
 1.7086e+03	 1.5775e+03	 5.8355e+00	 2.7682e-01	 3.2315e+02	 1.6054e+03	-8.7284e+01	 3.8048e+06	 1.8049e+05	-2.1080e+01
 2.5629e+03	 1.5775e+03	 5.7778e+00	 3.5589e-01	 3.2315e+02	 1.6081e+03	-8.6475e+01	 1.9730e+06	 1.2153e+05	-1.6235e+01
 3.8443e+03	 1.5775e+03	 5.6962e+00	 4.5667e-01	 3.2315e+02	 1.6106e+03	-8.5416e+01	 1.0251e+06	 8.2179e+04	-1.2473e+01
 5.7665e+03	 1.5775e+03	 5.5785e+00	 5.7821e-01	 3.2315e+02	 1.6132e+03	-8.4082e+01	 5.3972e+05	 5.5942e+04	-9.6478e+00
 8.6498e+03	 1.5775e+03	 5.4090e+00	 7.1194e-01	 3.2315e+02	 1.6159e+03	-8.2502e+01	 2.9223e+05	 3.8464e+04	-7.5975e+00
 1.2975e+04	 1.5775e+03	 5.1764e+00	 8.3474e-01	 3.2315e+02	 1.6186e+03	-8.0839e+01	 1.6616e+05	 2.6794e+04	-6.2012e+00
 1.9462e+04	 1.5775e+03	 4.8866e+00	 9.1245e-01	 3.2315e+02	 1.6214e+03	-7.9423e+01	 1.0134e+05	 1.8922e+04	-5.3554e+00
 2.9193e+04	 1.5775e+03	 4.5722e+00	 9.1694e-01	 3.2315e+02	 1.6264e+03	-7.8660e+01	 6.7228e+04	 1.3482e+04	-4.9864e+00
 4.3789e+04	 1.5775e+03	 4.2908e+00	 8.4912e-01	 3.2315e+02	 1.6289e+03	-7.8806e+01	 4.8398e+04	 9.5776e+03	-5.0532e+00
 6.5684e+04	 1.5775e+03	 4.0533e+00	 7.3568e-01	 3.2314e+02	 1.6314e+03	-7.9713e+01	 3.7241e+04	 6.7593e+03	-5.5095e+00
 9.8526e+04	 1.5775e+03	 3.8775e+00	 6.1279e-01	 3.2315e+02	 1.6339e+03	-8.1019e+01	 2.9806e+04	 4.7104e+03	-6.3277e+00
 1.4779e+05	 1.5775e+03	 3.7510e+00	 5.0425e-01	 3.2314e+02	 1.6366e+03	-8.2343e+01	 2.4148e+04	 3.2462e+03	-7.4387e+00
 2.2168e+05	 1.5775e+03	 3.6453e+00	 4.1875e-01	 3.2314e+02	 1.6394e+03	-8.3447e+01	 1.9386e+04	 2.2269e+03	-8.7052e+00
 3.3253e+05	 1.5775e+03	 3.5689e+00	 3.5678e-01	 3.2315e+02	 1.6419e+03	-8.4291e+01	 1.5168e+04	 1.5164e+03	-1.0003e+01
 4.9879e+05	 1.5775e+03	 3.5026e+00	 3.1314e-01	 3.2314e+02	 1.6447e+03	-8.4891e+01	 1.1522e+04	 1.0301e+03	-1.1185e+01
 7.4818e+05	 1.5775e+03	 3.5040e+00	 1.0025e-01	 3.2315e+02	 1.6525e+03	-8.8361e+01	 2.3992e+04	 6.8642e+02	-3.4952e+01
 9.0000e+05	 1.5775e+03	 3.4835e+00	 6.9917e-02	 3.2315e+02	 1.6603e+03	-8.8850e+01	 2.8598e+04	 5.7400e+02	-4.9823e+01
 1.0000e+02	 1.6576e+03	 6.0011e+00	 6.3145e-02	 3.2315e+02	 1.6674e+03	-8.9397e+01	 2.8499e+08	 2.9987e+06	-9.5036e+01
 1.5000e+02	 1.6576e+03	 5.9885e+00	 7.4386e-02	 3.2315e+02	 1.6700e+03	-8.9288e+01	 1.6128e+08	 2.0034e+06	-8.0505e+01
 2.2500e+02	 1.6576e+03	 5.9733e+00	 8.9365e-02	 3.2315e+02	 1.6726e+03	-8.9143e+01	 8.9499e+07	 1.3390e+06	-6.6842e+01
 3.3750e+02	 1.6576e+03	 5.9560e+00	 1.0939e-01	 3.2315e+02	 1.6753e+03	-8.8948e+01	 4.8745e+07	 8.9524e+05	-5.4449e+01
 5.0625e+02	 1.6576e+03	 5.9350e+00	 1.3570e-01	 3.2315e+02	 1.6779e+03	-8.8690e+01	 2.6196e+07	 5.9894e+05	-4.3737e+01
 7.5938e+02	 1.6576e+03	 5.9090e+00	 1.7056e-01	 3.2315e+02	 1.6804e+03	-8.8347e+01	 1.3895e+07	 4.0105e+05	-3.4646e+01
 1.1391e+03	 1.6576e+03	 5.8763e+00	 2.1632e-01	 3.2315e+02	 1.6829e+03	-8.7892e+01	 7.3034e+06	 2.6886e+05	-2.7165e+01
 1.7086e+03	 1.6576e+03	 5.8333e+00	 2.7663e-01	 3.2315e+02	 1.6856e+03	-8.7285e+01	 3.8074e+06	 1.8056e+05	-2.1087e+01
 2.5629e+03	 1.6576e+03	 5.7756e+00	 3.5577e-01	 3.2315e+02	 1.6884e+03	-8.6475e+01	 1.9736e+06	 1.2158e+05	-1.6234e+01
 3.8443e+03	 1.6576e+03	 5.6941e+00	 4.5618e-01	 3.2315e+02	 1.6909e+03	-8.5420e+01	 1.0261e+06	 8.2209e+04	-1.2482e+01
 5.7665e+03	 1.6576e+03	 5.5767e+00	 5.7761e-01	 3.2315e+02	 1.6933e+03	-8.4087e+01	 5.4028e+05	 5.5960e+04	-9.6548e+00
 8.6498e+03	 1.6576e+03	 5.4073e+00	 7.1089e-01	 3.2315e+02	 1.6960e+03	-8.2510e+01	 2.9266e+05	 3.8476e+04	-7.6064e+00
 1.2975e+04	 1.6576e+03	 5.1752e+00	 8.3362e-01	 3.2315e+02	 1.6984e+03	-8.0849e+01	 1.6638e+05	 2.6801e+04	-6.2081e+00
 1.9462e+04	 1.6576e+03	 4.8856e+00	 9.1139e-01	 3.2315e+02	 1.7012e+03	-7.9433e+01	 1.0146e+05	 1.8926e+04	-5.3606e+00
 2.9193e+04	 1.6576e+03	 4.5717e+00	 9.1604e-01	 3.2315e+02	 1.7061e+03	-7.8670e+01	 6.7294e+04	 1.3484e+04	-4.9907e+00
 4.3789e+04	 1.6576e+03	 4.2907e+00	 8.4868e-01	 3.2315e+02	 1.7087e+03	-7.8812e+01	 4.8424e+04	 9.5780e+03	-5.0557e+00
 6.5684e+04	 1.6576e+03	 4.0532e+00	 7.3564e-01	 3.2315e+02	 1.7111e+03	-7.9713e+01	 3.7243e+04	 6.7594e+03	-5.5098e+00
 9.8526e+04	 1.6576e+03	 3.8775e+00	 6.1307e-01	 3.2315e+02	 1.7136e+03	-8.1015e+01	 2.9792e+04	 4.7105e+03	-6.3247e+00
 1.4779e+05	 1.6576e+03	 3.7507e+00	 5.0488e-01	 3.2315e+02	 1.7161e+03	-8.2333e+01	 2.4118e+04	 3.2465e+03	-7.4289e+00
 2.2168e+05	 1.6576e+03	 3.6448e+00	 4.1972e-01	 3.2316e+02	 1.7187e+03	-8.3431e+01	 1.9341e+04	 2.2272e+03	-8.6839e+00
 3.3253e+05	 1.6576e+03	 3.5680e+00	 3.5783e-01	 3.2315e+02	 1.7214e+03	-8.4273e+01	 1.5124e+04	 1.5168e+03	-9.9712e+00
 4.9879e+05	 1.6576e+03	 3.5011e+00	 3.1410e-01	 3.2315e+02	 1.7240e+03	-8.4874e+01	 1.1487e+04	 1.0305e+03	-1.1147e+01
 7.4818e+05	 1.6576e+03	 3.5022e+00	 1.0201e-01	 3.2315e+02	 1.7317e+03	-8.8332e+01	 2.3578e+04	 6.8678e+02	-3.4332e+01
 9.0000e+05	 1.6576e+03	 3.4804e+00	 8.0638e-02	 3.2315e+02	 1.7398e+03	-8.8673e+01	 2.4796e+04	 5.7451e+02	-4.3161e+01
 1.0000e+02	 1.7371e+03	 6.0000e+00	 6.3433e-02	 3.2314e+02	 1.7465e+03	-8.9394e+01	 2.8370e+08	 2.9993e+06	-9.4587e+01
 1.5000e+02	 1.7371e+03	 5.9865e+00	 7.3997e-02	 3.2315e+02	 1.7491e+03	-8.9292e+01	 1.6213e+08	 2.0040e+06	-8.0902e+01
 2.2500e+02	 1.7371e+03	 5.9721e+00	 8.9973e-02	 3.2315e+02	 1.7517e+03	-8.9137e+01	 8.8895e+07	 1.3392e+06	-6.6377e+01
 3.3750e+02	 1.7371e+03	 5.9545e+00	 1.0991e-01	 3.2314e+02	 1.7544e+03	-8.8943e+01	 4.8513e+07	 8.9547e+05	-5.4176e+01
 5.0625e+02	 1.7371e+03	 5.9332e+00	 1.3608e-01	 3.2315e+02	 1.7569e+03	-8.8686e+01	 2.6123e+07	 5.9912e+05	-4.3603e+01
 7.5938e+02	 1.7371e+03	 5.9075e+00	 1.7070e-01	 3.2315e+02	 1.7597e+03	-8.8345e+01	 1.3883e+07	 4.0115e+05	-3.4608e+01
 1.1391e+03	 1.7371e+03	 5.8747e+00	 2.1694e-01	 3.2315e+02	 1.7621e+03	-8.7885e+01	 7.2826e+06	 2.6893e+05	-2.7080e+01
 1.7086e+03	 1.7371e+03	 5.8312e+00	 2.7709e-01	 3.2315e+02	 1.7647e+03	-8.7279e+01	 3.8011e+06	 1.8062e+05	-2.1044e+01
 2.5629e+03	 1.7371e+03	 5.7735e+00	 3.5584e-01	 3.2314e+02	 1.7672e+03	-8.6473e+01	 1.9733e+06	 1.2162e+05	-1.6225e+01
 3.8443e+03	 1.7371e+03	 5.6921e+00	 4.5584e-01	 3.2314e+02	 1.7697e+03	-8.5421e+01	 1.0269e+06	 8.2239e+04	-1.2487e+01
 5.7665e+03	 1.7371e+03	 5.5744e+00	 5.7705e-01	 3.2314e+02	 1.7722e+03	-8.4090e+01	 5.4081e+05	 5.5983e+04	-9.6602e+00
 8.6498e+03	 1.7371e+03	 5.4054e+00	 7.1026e-01	 3.2315e+02	 1.7749e+03	-8.2514e+01	 2.9292e+05	 3.8489e+04	-7.6105e+00
 1.2975e+04	 1.7371e+03	 5.1735e+00	 8.3277e-01	 3.2315e+02	 1.7777e+03	-8.0856e+01	 1.6655e+05	 2.6809e+04	-6.2124e+00
 1.9462e+04	 1.7371e+03	 4.8845e+00	 9.1047e-01	 3.2315e+02	 1.7802e+03	-7.9441e+01	 1.0156e+05	 1.8931e+04	-5.3648e+00
 2.9193e+04	 1.7371e+03	 4.5707e+00	 9.1510e-01	 3.2315e+02	 1.7853e+03	-7.8679e+01	 6.7363e+04	 1.3487e+04	-4.9948e+00
 4.3789e+04	 1.7371e+03	 4.2899e+00	 8.4773e-01	 3.2314e+02	 1.7878e+03	-7.8822e+01	 4.8478e+04	 9.5796e+03	-5.0605e+00
 6.5684e+04	 1.7371e+03	 4.0528e+00	 7.3523e-01	 3.2315e+02	 1.7906e+03	-7.9718e+01	 3.7264e+04	 6.7601e+03	-5.5124e+00
 9.8526e+04	 1.7371e+03	 3.8772e+00	 6.1310e-01	 3.2315e+02	 1.7930e+03	-8.1014e+01	 2.9791e+04	 4.7109e+03	-6.3239e+00
 1.4779e+05	 1.7371e+03	 3.7503e+00	 5.0535e-01	 3.2314e+02	 1.7957e+03	-8.2326e+01	 2.4095e+04	 3.2469e+03	-7.4211e+00
 2.2168e+05	 1.7371e+03	 3.6440e+00	 4.2050e-01	 3.2314e+02	 1.7982e+03	-8.3417e+01	 1.9305e+04	 2.2277e+03	-8.6659e+00
 3.3253e+05	 1.7371e+03	 3.5668e+00	 3.5883e-01	 3.2315e+02	 1.8011e+03	-8.4255e+01	 1.5082e+04	 1.5173e+03	-9.9401e+00
 4.9879e+05	 1.7371e+03	 3.4996e+00	 3.1510e-01	 3.2315e+02	 1.8038e+03	-8.4855e+01	 1.1450e+04	 1.0309e+03	-1.1106e+01
 7.4818e+05	 1.7371e+03	 3.4990e+00	 1.1561e-01	 3.2315e+02	 1.8113e+03	-8.8108e+01	 2.0805e+04	 6.8741e+02	-3.0266e+01
 9.0000e+05	 1.7371e+03	 3.4782e+00	 8.4178e-02	 3.2316e+02	 1.8192e+03	-8.8614e+01	 2.3753e+04	 5.7487e+02	-4.1319e+01
 1.0000e+02	 1.8165e+03	 5.9989e+00	 6.3417e-02	 3.2315e+02	 1.8258e+03	-8.9394e+01	 2.8377e+08	 2.9998e+06	-9.4596e+01
 1.5000e+02	 1.8165e+03	 5.9851e+00	 7.4351e-02	 3.2315e+02	 1.8283e+03	-8.9288e+01	 1.6136e+08	 2.0045e+06	-8.0498e+01
 2.2500e+02	 1.8165e+03	 5.9710e+00	 9.0175e-02	 3.2314e+02	 1.8310e+03	-8.9135e+01	 8.8696e+07	 1.3395e+06	-6.6216e+01
 3.3750e+02	 1.8165e+03	 5.9533e+00	 1.1014e-01	 3.2315e+02	 1.8336e+03	-8.8940e+01	 4.8412e+07	 8.9565e+05	-5.4053e+01
 5.0625e+02	 1.8165e+03	 5.9320e+00	 1.3673e-01	 3.2315e+02	 1.8362e+03	-8.8680e+01	 2.5998e+07	 5.9924e+05	-4.3385e+01
 7.5938e+02	 1.8165e+03	 5.9058e+00	 1.7127e-01	 3.2315e+02	 1.8388e+03	-8.8339e+01	 1.3837e+07	 4.0126e+05	-3.4483e+01
 1.1391e+03	 1.8165e+03	 5.8725e+00	 2.1708e-01	 3.2315e+02	 1.8412e+03	-8.7883e+01	 7.2778e+06	 2.6903e+05	-2.7052e+01
 1.7086e+03	 1.8165e+03	 5.8297e+00	 2.7740e-01	 3.2315e+02	 1.8439e+03	-8.7276e+01	 3.7968e+06	 1.8067e+05	-2.1015e+01
 2.5629e+03	 1.8165e+03	 5.7716e+00	 3.5579e-01	 3.2314e+02	 1.8464e+03	-8.6472e+01	 1.9735e+06	 1.2166e+05	-1.6222e+01
 3.8443e+03	 1.8165e+03	 5.6899e+00	 4.5559e-01	 3.2315e+02	 1.8491e+03	-8.5422e+01	 1.0275e+06	 8.2271e+04	-1.2489e+01
 5.7665e+03	 1.8165e+03	 5.5725e+00	 5.7665e-01	 3.2315e+02	 1.8516e+03	-8.4092e+01	 5.4118e+05	 5.6003e+04	-9.6635e+00
 8.6498e+03	 1.8165e+03	 5.4037e+00	 7.0951e-01	 3.2315e+02	 1.8544e+03	-8.2520e+01	 2.9323e+05	 3.8501e+04	-7.6161e+00
 1.2975e+04	 1.8165e+03	 5.1721e+00	 8.3192e-01	 3.2315e+02	 1.8568e+03	-8.0862e+01	 1.6672e+05	 2.6817e+04	-6.2171e+00
 1.9462e+04	 1.8165e+03	 4.8833e+00	 9.0952e-01	 3.2315e+02	 1.8597e+03	-7.9450e+01	 1.0166e+05	 1.8935e+04	-5.3691e+00
 2.9193e+04	 1.8165e+03	 4.5699e+00	 9.1426e-01	 3.2314e+02	 1.8646e+03	-7.8687e+01	 6.7425e+04	 1.3489e+04	-4.9985e+00
 4.3789e+04	 1.8165e+03	 4.2895e+00	 8.4706e-01	 3.2315e+02	 1.8673e+03	-7.8829e+01	 4.8516e+04	 9.5806e+03	-5.0640e+00
 6.5684e+04	 1.8165e+03	 4.0526e+00	 7.3496e-01	 3.2314e+02	 1.8698e+03	-7.9721e+01	 3.7277e+04	 6.7604e+03	-5.5140e+00
 9.8526e+04	 1.8165e+03	 3.8769e+00	 6.1318e-01	 3.2315e+02	 1.8724e+03	-8.1012e+01	 2.9787e+04	 4.7112e+03	-6.3227e+00
 1.4779e+05	 1.8165e+03	 3.7498e+00	 5.0582e-01	 3.2315e+02	 1.8750e+03	-8.2318e+01	 2.4073e+04	 3.2473e+03	-7.4133e+00
 2.2168e+05	 1.8165e+03	 3.6433e+00	 4.2115e-01	 3.2315e+02	 1.8779e+03	-8.3406e+01	 1.9275e+04	 2.2281e+03	-8.6508e+00
 3.3253e+05	 1.8165e+03	 3.5658e+00	 3.5966e-01	 3.2314e+02	 1.8803e+03	-8.4240e+01	 1.5047e+04	 1.5177e+03	-9.9143e+00
 4.9879e+05	 1.8165e+03	 3.4981e+00	 3.1599e-01	 3.2315e+02	 1.8829e+03	-8.4838e+01	 1.1418e+04	 1.0314e+03	-1.1071e+01
 7.4818e+05	 1.8165e+03	 3.4973e+00	 1.1750e-01	 3.2316e+02	 1.8907e+03	-8.8076e+01	 2.0471e+04	 6.8775e+02	-2.9765e+01
 9.0000e+05	 1.8165e+03	 3.4765e+00	 8.3969e-02	 3.2316e+02	 1.8985e+03	-8.8616e+01	 2.3813e+04	 5.7515e+02	-4.1403e+01
 1.0000e+02	 1.8958e+03	 5.9976e+00	 6.4061e-02	 3.2315e+02	 1.9056e+03	-8.9388e+01	 2.8092e+08	 3.0005e+06	-9.3624e+01
 1.5000e+02	 1.8958e+03	 5.9839e+00	 7.3965e-02	 3.2314e+02	 1.9081e+03	-8.9292e+01	 1.6220e+08	 2.0049e+06	-8.0901e+01
 2.2500e+02	 1.8958e+03	 5.9698e+00	 9.0566e-02	 3.2314e+02	 1.9109e+03	-8.9131e+01	 8.8313e+07	 1.3398e+06	-6.5917e+01
 3.3750e+02	 1.8958e+03	 5.9518e+00	 1.1056e-01	 3.2314e+02	 1.9137e+03	-8.8936e+01	 4.8229e+07	 8.9588e+05	-5.3835e+01
 5.0625e+02	 1.8958e+03	 5.9304e+00	 1.3686e-01	 3.2314e+02	 1.9161e+03	-8.8678e+01	 2.5973e+07	 5.9940e+05	-4.3332e+01
 7.5938e+02	 1.8958e+03	 5.9042e+00	 1.7161e-01	 3.2314e+02	 1.9188e+03	-8.8335e+01	 1.3809e+07	 4.0138e+05	-3.4405e+01
 1.1391e+03	 1.8958e+03	 5.8710e+00	 2.1721e-01	 3.2314e+02	 1.9212e+03	-8.7881e+01	 7.2734e+06	 2.6910e+05	-2.7029e+01
 1.7086e+03	 1.8958e+03	 5.8276e+00	 2.7741e-01	 3.2314e+02	 1.9238e+03	-8.7275e+01	 3.7966e+06	 1.8074e+05	-2.1007e+01
 2.5629e+03	 1.8958e+03	 5.7696e+00	 3.5558e-01	 3.2315e+02	 1.9264e+03	-8.6473e+01	 1.9747e+06	 1.2170e+05	-1.6226e+01
 3.8443e+03	 1.8958e+03	 5.6881e+00	 4.5538e-01	 3.2314e+02	 1.9291e+03	-8.5423e+01	 1.0279e+06	 8.2297e+04	-1.2491e+01
 5.7665e+03	 1.8958e+03	 5.5706e+00	 5.7583e-01	 3.2314e+02	 1.9315e+03	-8.4098e+01	 5.4195e+05	 5.6021e+04	-9.6741e+00
 8.6498e+03	 1.8958e+03	 5.4021e+00	 7.0862e-01	 3.2315e+02	 1.9342e+03	-8.2527e+01	 2.9360e+05	 3.8513e+04	-7.6234e+00
 1.2975e+04	 1.8958e+03	 5.1710e+00	 8.3105e-01	 3.2315e+02	 1.9366e+03	-8.0870e+01	 1.6690e+05	 2.6823e+04	-6.2222e+00
 1.9462e+04	 1.8958e+03	 4.8826e+00	 9.0853e-01	 3.2315e+02	 1.9394e+03	-7.9459e+01	 1.0178e+05	 1.8938e+04	-5.3741e+00
 2.9193e+04	 1.8958e+03	 4.5697e+00	 9.1350e-01	 3.2315e+02	 1.9444e+03	-7.8695e+01	 6.7481e+04	 1.3490e+04	-5.0024e+00
 4.3789e+04	 1.8958e+03	 4.2894e+00	 8.4675e-01	 3.2315e+02	 1.9470e+03	-7.8833e+01	 4.8534e+04	 9.5808e+03	-5.0658e+00
 6.5684e+04	 1.8958e+03	 4.0527e+00	 7.3482e-01	 3.2315e+02	 1.9494e+03	-7.9723e+01	 3.7285e+04	 6.7602e+03	-5.5153e+00
 9.8526e+04	 1.8958e+03	 3.8769e+00	 6.1360e-01	 3.2315e+02	 1.9519e+03	-8.1006e+01	 2.9767e+04	 4.7112e+03	-6.3183e+00
 1.4779e+05	 1.8958e+03	 3.7497e+00	 5.0662e-01	 3.2315e+02	 1.9544e+03	-8.2305e+01	 2.4035e+04	 3.2474e+03	-7.4013e+00
 2.2168e+05	 1.8958e+03	 3.6429e+00	 4.2212e-01	 3.2316e+02	 1.9570e+03	-8.3390e+01	 1.9231e+04	 2.2284e+03	-8.6300e+00
 3.3253e+05	 1.8958e+03	 3.5649e+00	 3.6064e-01	 3.2315e+02	 1.9597e+03	-8.4223e+01	 1.5006e+04	 1.5181e+03	-9.8849e+00
 4.9879e+05	 1.8958e+03	 3.4970e+00	 3.1692e-01	 3.2316e+02	 1.9622e+03	-8.4822e+01	 1.1384e+04	 1.0317e+03	-1.1034e+01
 7.4818e+05	 1.8958e+03	 3.4950e+00	 1.2479e-01	 3.2316e+02	 1.9700e+03	-8.7955e+01	 1.9274e+04	 6.8821e+02	-2.8006e+01
 9.0000e+05	 1.8958e+03	 3.4743e+00	 9.0375e-02	 3.2316e+02	 1.9781e+03	-8.8510e+01	 2.2125e+04	 5.7551e+02	-3.8443e+01
 1.0000e+02	 1.9754e+03	 5.9966e+00	 6.4155e-02	 3.2316e+02	 1.9848e+03	-8.9387e+01	 2.8051e+08	 3.0010e+06	-9.3471e+01
 1.5000e+02	 1.9754e+03	 5.9845e+00	 7.6306e-02	 3.2316e+02	 1.9874e+03	-8.9269e+01	 1.5722e+08	 2.0047e+06	-7.8428e+01
 2.2500e+02	 1.9754e+03	 5.9685e+00	 9.0797e-02	 3.2316e+02	 1.9898e+03	-8.9128e+01	 8.8087e+07	 1.3401e+06	-6.5734e+01
 3.3750e+02	 1.9754e+03	 5.9507e+00	 1.1080e-01	 3.2316e+02	 1.9928e+03	-8.8933e+01	 4.8121e+07	 8.9605e+05	-5.3704e+01
 5.0625e+02	 1.9754e+03	 5.9293e+00	 1.3723e-01	 3.2316e+02	 1.9953e+03	-8.8674e+01	 2.5903e+07	 5.9952e+05	-4.3206e+01
 7.5938e+02	 1.9754e+03	 5.9026e+00	 1.7184e-01	 3.2316e+02	 1.9979e+03	-8.8332e+01	 1.3791e+07	 4.0149e+05	-3.4349e+01
 1.1391e+03	 1.9754e+03	 5.8696e+00	 2.1759e-01	 3.2316e+02	 2.0004e+03	-8.7877e+01	 7.2608e+06	 2.6916e+05	-2.6976e+01
 1.7086e+03	 1.9754e+03	 5.8259e+00	 2.7758e-01	 3.2316e+02	 2.0029e+03	-8.7272e+01	 3.7944e+06	 1.8079e+05	-2.0989e+01
 2.5629e+03	 1.9754e+03	 5.7678e+00	 3.5568e-01	 3.2315e+02	 2.0056e+03	-8.6471e+01	 1.9742e+06	 1.2174e+05	-1.6216e+01
 3.8443e+03	 1.9754e+03	 5.6864e+00	 4.5519e-01	 3.2315e+02	 2.0080e+03	-8.5423e+01	 1.0284e+06	 8.2321e+04	-1.2492e+01
 5.7665e+03	 1.9754e+03	 5.5689e+00	 5.7526e-01	 3.2316e+02	 2.0107e+03	-8.4102e+01	 5.4249e+05	 5.6038e+04	-9.6806e+00
 8.6498e+03	 1.9754e+03	 5.4006e+00	 7.0780e-01	 3.2316e+02	 2.0132e+03	-8.2533e+01	 2.9394e+05	 3.8523e+04	-7.6301e+00
 1.2975e+04	 1.9754e+03	 5.1696e+00	 8.2996e-01	 3.2316e+02	 2.0157e+03	-8.0879e+01	 1.6712e+05	 2.6830e+04	-6.2287e+00
 1.9462e+04	 1.9754e+03	 4.8816e+00	 9.0765e-01	 3.2316e+02	 2.0182e+03	-7.9467e+01	 1.0187e+05	 1.8942e+04	-5.3783e+00
 2.9193e+04	 1.9754e+03	 4.5689e+00	 9.1265e-01	 3.2316e+02	 2.0234e+03	-7.8704e+01	 6.7544e+04	 1.3492e+04	-5.0062e+00
 4.3789e+04	 1.9754e+03	 4.2889e+00	 8.4589e-01	 3.2315e+02	 2.0259e+03	-7.8843e+01	 4.8583e+04	 9.5819e+03	-5.0703e+00
 6.5684e+04	 1.9754e+03	 4.0525e+00	 7.3456e-01	 3.2315e+02	 2.0283e+03	-7.9726e+01	 3.7297e+04	 6.7606e+03	-5.5169e+00
 9.8526e+04	 1.9754e+03	 3.8766e+00	 6.1368e-01	 3.2315e+02	 2.0309e+03	-8.1005e+01	 2.9763e+04	 4.7115e+03	-6.3170e+00
 1.4779e+05	 1.9754e+03	 3.7491e+00	 5.0701e-01	 3.2315e+02	 2.0334e+03	-8.2298e+01	 2.4017e+04	 3.2479e+03	-7.3945e+00
 2.2168e+05	 1.9754e+03	 3.6420e+00	 4.2274e-01	 3.2315e+02	 2.0360e+03	-8.3379e+01	 1.9203e+04	 2.2289e+03	-8.6152e+00
 3.3253e+05	 1.9754e+03	 3.5639e+00	 3.6141e-01	 3.2315e+02	 2.0384e+03	-8.4209e+01	 1.4974e+04	 1.5185e+03	-9.8611e+00
 4.9879e+05	 1.9754e+03	 3.4956e+00	 3.1764e-01	 3.2315e+02	 2.0410e+03	-8.4808e+01	 1.1358e+04	 1.0321e+03	-1.1005e+01
 7.4818e+05	 1.9754e+03	 3.4936e+00	 1.2327e-01	 3.2315e+02	 2.0487e+03	-8.7979e+01	 1.9513e+04	 6.8848e+02	-2.8342e+01
 9.0000e+05	 1.9754e+03	 3.4729e+00	 8.8456e-02	 3.2315e+02	 2.0566e+03	-8.8541e+01	 2.2605e+04	 5.7575e+02	-3.9261e+01
 1.0000e+02	 2.0539e+03	 5.9955e+00	 6.4215e-02	 3.2315e+02	 2.0631e+03	-8.9386e+01	 2.8024e+08	 3.0016e+06	-9.3366e+01
 1.5000e+02	 2.0539e+03	 5.9836e+00	 7.6957e-02	 3.2316e+02	 2.0659e+03	-8.9263e+01	 1.5589e+08	 2.0050e+06	-7.7753e+01
 2.2500e+02	 2.0539e+03	 5.9673e+00	 9.1040e-02	 3.2314e+02	 2.0683e+03	-8.9126e+01	 8.7852e+07	 1.3403e+06	-6.5546e+01
 3.3750e+02	 2.0539e+03	 5.9495e+00	 1.1133e-01	 3.2315e+02	 2.0711e+03	-8.8928e+01	 4.7893e+07	 8.9622e+05	-5.3439e+01
 5.0625e+02	 2.0539e+03	 5.9279e+00	 1.3764e-01	 3.2314e+02	 2.0736e+03	-8.8670e+01	 2.5825e+07	 5.9966e+05	-4.3067e+01
 7.5938e+02	 2.0539e+03	 5.9010e+00	 1.7235e-01	 3.2314e+02	 2.0764e+03	-8.8327e+01	 1.3750e+07	 4.0159e+05	-3.4239e+01
 1.1391e+03	 2.0539e+03	 5.8677e+00	 2.1814e-01	 3.2314e+02	 2.0789e+03	-8.7871e+01	 7.2426e+06	 2.6925e+05	-2.6899e+01
 1.7086e+03	 2.0539e+03	 5.8241e+00	 2.7790e-01	 3.2315e+02	 2.0817e+03	-8.7268e+01	 3.7900e+06	 1.8084e+05	-2.0958e+01
 2.5629e+03	 2.0539e+03	 5.7656e+00	 3.5617e-01	 3.2314e+02	 2.0843e+03	-8.6465e+01	 1.9714e+06	 1.2178e+05	-1.6188e+01
 3.8443e+03	 2.0539e+03	 5.6839e+00	 4.5522e-01	 3.2314e+02	 2.0870e+03	-8.5421e+01	 1.0283e+06	 8.2357e+04	-1.2486e+01
 5.7665e+03	 2.0539e+03	 5.5667e+00	 5.7532e-01	 3.2314e+02	 2.0895e+03	-8.4099e+01	 5.4244e+05	 5.6061e+04	-9.6759e+00
 8.6498e+03	 2.0539e+03	 5.3982e+00	 7.0752e-01	 3.2315e+02	 2.0924e+03	-8.2533e+01	 2.9405e+05	 3.8540e+04	-7.6298e+00
 1.2975e+04	 2.0539e+03	 5.1675e+00	 8.2948e-01	 3.2314e+02	 2.0949e+03	-8.0881e+01	 1.6721e+05	 2.6841e+04	-6.2298e+00
 1.9462e+04	 2.0539e+03	 4.8793e+00	 9.0683e-01	 3.2314e+02	 2.0977e+03	-7.9472e+01	 1.0197e+05	 1.8951e+04	-5.3806e+00
 2.9193e+04	 2.0539e+03	 4.5671e+00	 9.1174e-01	 3.2315e+02	 2.1026e+03	-7.8710e+01	 6.7612e+04	 1.3497e+04	-5.0092e+00
 4.3789e+04	 2.0539e+03	 4.2877e+00	 8.4503e-01	 3.2314e+02	 2.1054e+03	-7.8851e+01	 4.8633e+04	 9.5847e+03	-5.0740e+00
 6.5684e+04	 2.0539e+03	 4.0514e+00	 7.3387e-01	 3.2314e+02	 2.1078e+03	-7.9733e+01	 3.7333e+04	 6.7624e+03	-5.5206e+00
 9.8526e+04	 2.0539e+03	 3.8758e+00	 6.1344e-01	 3.2314e+02	 2.1104e+03	-8.1006e+01	 2.9774e+04	 4.7125e+03	-6.3182e+00
 1.4779e+05	 2.0539e+03	 3.7483e+00	 5.0725e-01	 3.2315e+02	 2.1131e+03	-8.2293e+01	 2.4005e+04	 3.2486e+03	-7.3893e+00
 2.2168e+05	 2.0539e+03	 3.6411e+00	 4.2319e-01	 3.2314e+02	 2.1157e+03	-8.3371e+01	 1.9182e+04	 2.2295e+03	-8.6040e+00
 3.3253e+05	 2.0539e+03	 3.5626e+00	 3.6200e-01	 3.2314e+02	 2.1182e+03	-8.4198e+01	 1.4950e+04	 1.5191e+03	-9.8413e+00
 4.9879e+05	 2.0539e+03	 3.4941e+00	 3.1834e-01	 3.2315e+02	 2.1209e+03	-8.4794e+01	 1.1333e+04	 1.0326e+03	-1.0976e+01
 7.4818e+05	 2.0539e+03	 3.4968e+00	 8.4546e-02	 3.2314e+02	 2.1288e+03	-8.8615e+01	 2.8449e+04	 6.8785e+02	-4.1360e+01
 9.0000e+05	 2.0539e+03	 3.4753e+00	 5.7078e-02	 3.2315e+02	 2.1365e+03	-8.9059e+01	 3.5032e+04	 5.7535e+02	-6.0887e+01
 1.0000e+02	 2.1338e+03	 5.9947e+00	 6.4658e-02	 3.2314e+02	 2.1434e+03	-8.9382e+01	 2.7832e+08	 3.0019e+06	-9.2714e+01
 1.5000e+02	 2.1338e+03	 5.9813e+00	 7.4843e-02	 3.2315e+02	 2.1459e+03	-8.9283e+01	 1.6030e+08	 2.0058e+06	-7.9918e+01
 2.2500e+02	 2.1338e+03	 5.9661e+00	 9.1543e-02	 3.2315e+02	 2.1483e+03	-8.9121e+01	 8.7370e+07	 1.3406e+06	-6.5172e+01
 3.3750e+02	 2.1338e+03	 5.9480e+00	 1.1162e-01	 3.2314e+02	 2.1510e+03	-8.8925e+01	 4.7769e+07	 8.9645e+05	-5.3287e+01
 5.0625e+02	 2.1338e+03	 5.9263e+00	 1.3789e-01	 3.2314e+02	 2.1534e+03	-8.8667e+01	 2.5779e+07	 5.9982e+05	-4.2978e+01
 7.5938e+02	 2.1338e+03	 5.8994e+00	 1.7266e-01	 3.2315e+02	 2.1562e+03	-8.8324e+01	 1.3726e+07	 4.0170e+05	-3.4169e+01
 1.1391e+03	 2.1338e+03	 5.8659e+00	 2.1833e-01	 3.2315e+02	 2.1587e+03	-8.7868e+01	 7.2361e+06	 2.6933e+05	-2.6867e+01
 1.7086e+03	 2.1338e+03	 5.8221e+00	 2.7799e-01	 3.2315e+02	 2.1612e+03	-8.7266e+01	 3.7888e+06	 1.8090e+05	-2.0944e+01
 2.5629e+03	 2.1338e+03	 5.7639e+00	 3.5593e-01	 3.2315e+02	 2.1639e+03	-8.6466e+01	 1.9728e+06	 1.2182e+05	-1.6194e+01
 3.8443e+03	 2.1338e+03	 5.6823e+00	 4.5509e-01	 3.2315e+02	 2.1663e+03	-8.5421e+01	 1.0286e+06	 8.2381e+04	-1.2486e+01
 5.7665e+03	 2.1338e+03	 5.5649e+00	 5.7485e-01	 3.2315e+02	 2.1691e+03	-8.4102e+01	 5.4288e+05	 5.6078e+04	-9.6807e+00
 8.6498e+03	 2.1338e+03	 5.3967e+00	 7.0696e-01	 3.2315e+02	 2.1717e+03	-8.2537e+01	 2.9429e+05	 3.8551e+04	-7.6336e+00
 1.2975e+04	 2.1338e+03	 5.1662e+00	 8.2876e-01	 3.2315e+02	 2.1744e+03	-8.0886e+01	 1.6736e+05	 2.6847e+04	-6.2337e+00
 1.9462e+04	 2.1338e+03	 4.8787e+00	 9.0621e-01	 3.2315e+02	 2.1770e+03	-7.9477e+01	 1.0204e+05	 1.8953e+04	-5.3837e+00
 2.9193e+04	 2.1338e+03	 4.5666e+00	 9.1103e-01	 3.2315e+02	 2.1821e+03	-7.8718e+01	 6.7664e+04	 1.3499e+04	-5.0126e+00
 4.3789e+04	 2.1338e+03	 4.2873e+00	 8.4463e-01	 3.2315e+02	 2.1846e+03	-7.8855e+01	 4.8655e+04	 9.5856e+03	-5.0759e+00
 6.5684e+04	 2.1338e+03	 4.0513e+00	 7.3382e-01	 3.2315e+02	 2.1871e+03	-7.9733e+01	 3.7335e+04	 6.7626e+03	-5.5208e+00
 9.8526e+04	 2.1338e+03	 3.8754e+00	 6.1364e-01	 3.2315e+02	 2.1896e+03	-8.1002e+01	 2.9765e+04	 4.7130e+03	-6.3154e+00
 1.4779e+05	 2.1338e+03	 3.7479e+00	 5.0772e-01	 3.2316e+02	 2.1921e+03	-8.2285e+01	 2.3983e+04	 3.2489e+03	-7.3819e+00
 2.2168e+05	 2.1338e+03	 3.6404e+00	 4.2400e-01	 3.2316e+02	 2.1947e+03	-8.3357e+01	 1.9145e+04	 2.2299e+03	-8.5857e+00
 3.3253e+05	 2.1338e+03	 3.5616e+00	 3.6273e-01	 3.2315e+02	 2.1971e+03	-8.4185e+01	 1.4920e+04	 1.5195e+03	-9.8191e+00
 4.9879e+05	 2.1338e+03	 3.4929e+00	 3.1908e-01	 3.2316e+02	 2.1997e+03	-8.4780e+01	 1.1307e+04	 1.0329e+03	-1.0947e+01
 7.4818e+05	 2.1338e+03	 3.4917e+00	 1.1471e-01	 3.2316e+02	 2.2074e+03	-8.8118e+01	 2.0969e+04	 6.8884e+02	-3.0441e+01
 9.0000e+05	 2.1338e+03	 3.4719e+00	 7.2173e-02	 3.2316e+02	 2.2150e+03	-8.8809e+01	 2.7705e+04	 5.7592e+02	-4.8105e+01
 1.0000e+02	 2.2123e+03	 5.9938e+00	 6.5080e-02	 3.2315e+02	 2.2222e+03	-8.9378e+01	 2.7652e+08	 3.0024e+06	-9.2098e+01
 1.5000e+02	 2.2123e+03	 5.9790e+00	 7.6360e-02	 3.2315e+02	 2.2246e+03	-8.9268e+01	 1.5711e+08	 2.0065e+06	-7.8300e+01
 2.2500e+02	 2.2123e+03	 5.9651e+00	 9.1853e-02	 3.2315e+02	 2.2274e+03	-8.9118e+01	 8.7075e+07	 1.3408e+06	-6.4942e+01
 3.3750e+02	 2.2123e+03	 5.9468e+00	 1.1196e-01	 3.2315e+02	 2.2300e+03	-8.8921e+01	 4.7625e+07	 8.9662e+05	-5.3116e+01
 5.0625e+02	 2.2123e+03	 5.9249e+00	 1.3809e-01	 3.2315e+02	 2.2324e+03	-8.8665e+01	 2.5742e+07	 5.9996e+05	-4.2907e+01
 7.5938e+02	 2.2123e+03	 5.8981e+00	 1.7300e-01	 3.2315e+02	 2.2351e+03	-8.8320e+01	 1.3699e+07	 4.0179e+05	-3.4094e+01
 1.1391e+03	 2.2123e+03	 5.8644e+00	 2.1854e-01	 3.2315e+02	 2.2375e+03	-8.7866e+01	 7.2292e+06	 2.6940e+05	-2.6835e+01
 1.7086e+03	 2.2123e+03	 5.8205e+00	 2.7841e-01	 3.2315e+02	 2.2402e+03	-8.7261e+01	 3.7830e+06	 1.8095e+05	-2.0906e+01
 2.5629e+03	 2.2123e+03	 5.7620e+00	 3.5626e-01	 3.2315e+02	 2.2428e+03	-8.6462e+01	 1.9709e+06	 1.2186e+05	-1.6174e+01
 3.8443e+03	 2.2123e+03	 5.6801e+00	 4.5517e-01	 3.2315e+02	 2.2453e+03	-8.5418e+01	 1.0284e+06	 8.2412e+04	-1.2479e+01
 5.7665e+03	 2.2123e+03	 5.5629e+00	 5.7480e-01	 3.2315e+02	 2.2481e+03	-8.4101e+01	 5.4293e+05	 5.6099e+04	-9.6781e+00
 8.6498e+03	 2.2123e+03	 5.3945e+00	 7.0663e-01	 3.2314e+02	 2.2509e+03	-8.2537e+01	 2.9443e+05	 3.8567e+04	-7.6342e+00
 1.2975e+04	 2.2123e+03	 5.1642e+00	 8.2825e-01	 3.2315e+02	 2.2534e+03	-8.0888e+01	 1.6746e+05	 2.6858e+04	-6.2350e+00
 1.9462e+04	 2.2123e+03	 4.8768e+00	 9.0543e-01	 3.2314e+02	 2.2562e+03	-7.9482e+01	 1.0212e+05	 1.8961e+04	-5.3862e+00
 2.9193e+04	 2.2123e+03	 4.5650e+00	 9.1012e-01	 3.2315e+02	 2.2611e+03	-7.8725e+01	 6.7731e+04	 1.3504e+04	-5.0158e+00
 4.3789e+04	 2.2123e+03	 4.2861e+00	 8.4379e-01	 3.2315e+02	 2.2636e+03	-7.8863e+01	 4.8704e+04	 9.5882e+03	-5.0796e+00
 6.5684e+04	 2.2123e+03	 4.0504e+00	 7.3321e-01	 3.2315e+02	 2.2661e+03	-7.9739e+01	 3.7366e+04	 6.7640e+03	-5.5242e+00
 9.8526e+04	 2.2123e+03	 3.8749e+00	 6.1345e-01	 3.2315e+02	 2.2685e+03	-8.1004e+01	 2.9774e+04	 4.7136e+03	-6.3166e+00
 1.4779e+05	 2.2123e+03	 3.7471e+00	 5.0787e-01	 3.2315e+02	 2.2712e+03	-8.2281e+01	 2.3976e+04	 3.2496e+03	-7.3781e+00
 2.2168e+05	 2.2123e+03	 3.6395e+00	 4.2430e-01	 3.2315e+02	 2.2738e+03	-8.3350e+01	 1.9132e+04	 2.2305e+03	-8.5776e+00
 3.3253e+05	 2.2123e+03	 3.5605e+00	 3.6323e-01	 3.2315e+02	 2.2764e+03	-8.4175e+01	 1.4899e+04	 1.5200e+03	-9.8022e+00
 4.9879e+05	 2.2123e+03	 3.4915e+00	 3.1968e-01	 3.2315e+02	 2.2790e+03	-8.4769e+01	 1.1286e+04	 1.0333e+03	-1.0922e+01
 7.4818e+05	 2.2123e+03	 3.4895e+00	 1.2070e-01	 3.2315e+02	 2.2869e+03	-8.8019e+01	 1.9927e+04	 6.8929e+02	-2.8910e+01
 9.0000e+05	 2.2123e+03	 3.4677e+00	 9.0390e-02	 3.2315e+02	 2.2946e+03	-8.8507e+01	 2.2121e+04	 5.7661e+02	-3.8364e+01
 1.0000e+02	 2.2919e+03	 5.9929e+00	 6.5129e-02	 3.2315e+02	 2.3011e+03	-8.9377e+01	 2.7631e+08	 3.0029e+06	-9.2016e+01
 1.5000e+02	 2.2919e+03	 5.9798e+00	 7.9282e-02	 3.2314e+02	 2.3036e+03	-8.9240e+01	 1.5132e+08	 2.0063e+06	-7.5424e+01
 2.2500e+02	 2.2919e+03	 5.9638e+00	 9.2096e-02	 3.2314e+02	 2.3061e+03	-8.9115e+01	 8.6845e+07	 1.3411e+06	-6.4756e+01
 3.3750e+02	 2.2919e+03	 5.9458e+00	 1.1221e-01	 3.2314e+02	 2.3085e+03	-8.8919e+01	 4.7517e+07	 8.9678e+05	-5.2986e+01
 5.0625e+02	 2.2919e+03	 5.9235e+00	 1.3874e-01	 3.2314e+02	 2.3109e+03	-8.8658e+01	 2.5621e+07	 6.0011e+05	-4.2694e+01
 7.5938e+02	 2.2919e+03	 5.8967e+00	 1.7343e-01	 3.2314e+02	 2.3136e+03	-8.8315e+01	 1.3665e+07	 4.0189e+05	-3.4001e+01
 1.1391e+03	 2.2919e+03	 5.8628e+00	 2.1909e-01	 3.2314e+02	 2.3160e+03	-8.7860e+01	 7.2111e+06	 2.6947e+05	-2.6760e+01
 1.7086e+03	 2.2919e+03	 5.8187e+00	 2.7873e-01	 3.2314e+02	 2.3187e+03	-8.7257e+01	 3.7787e+06	 1.8101e+05	-2.0876e+01
 2.5629e+03	 2.2919e+03	 5.7602e+00	 3.5667e-01	 3.2314e+02	 2.3213e+03	-8.6457e+01	 1.9686e+06	 1.2190e+05	-1.6150e+01
 3.8443e+03	 2.2919e+03	 5.6780e+00	 4.5526e-01	 3.2315e+02	 2.3241e+03	-8.5416e+01	 1.0282e+06	 8.2443e+04	-1.2472e+01
 5.7665e+03	 2.2919e+03	 5.5607e+00	 5.7471e-01	 3.2314e+02	 2.3266e+03	-8.4099e+01	 5.4301e+05	 5.6121e+04	-9.6757e+00
 8.6498e+03	 2.2919e+03	 5.3924e+00	 7.0618e-01	 3.2314e+02	 2.3294e+03	-8.2539e+01	 2.9461e+05	 3.8582e+04	-7.6361e+00
 1.2975e+04	 2.2919e+03	 5.1622e+00	 8.2776e-01	 3.2315e+02	 2.3319e+03	-8.0890e+01	 1.6756e+05	 2.6868e+04	-6.2363e+00
 1.9462e+04	 2.2919e+03	 4.8750e+00	 9.0469e-01	 3.2314e+02	 2.3347e+03	-7.9487e+01	 1.0221e+05	 1.8967e+04	-5.3886e+00
 2.9193e+04	 2.2919e+03	 4.5636e+00	 9.0934e-01	 3.2314e+02	 2.3396e+03	-7.8731e+01	 6.7790e+04	 1.3508e+04	-5.0185e+00
 4.3789e+04	 2.2919e+03	 4.2851e+00	 8.4315e-01	 3.2315e+02	 2.3422e+03	-7.8868e+01	 4.8741e+04	 9.5905e+03	-5.0822e+00
 6.5684e+04	 2.2919e+03	 4.0495e+00	 7.3273e-01	 3.2314e+02	 2.3447e+03	-7.9744e+01	 3.7391e+04	 6.7656e+03	-5.5266e+00
 9.8526e+04	 2.2919e+03	 3.8742e+00	 6.1335e-01	 3.2314e+02	 2.3474e+03	-8.1004e+01	 2.9779e+04	 4.7145e+03	-6.3165e+00
 1.4779e+05	 2.2919e+03	 3.7464e+00	 5.0800e-01	 3.2315e+02	 2.3501e+03	-8.2278e+01	 2.3970e+04	 3.2502e+03	-7.3748e+00
 2.2168e+05	 2.2919e+03	 3.6386e+00	 4.2478e-01	 3.2314e+02	 2.3529e+03	-8.3341e+01	 1.9111e+04	 2.2310e+03	-8.5658e+00
 3.3253e+05	 2.2919e+03	 3.5594e+00	 3.6377e-01	 3.2315e+02	 2.3554e+03	-8.4165e+01	 1.4877e+04	 1.5204e+03	-9.7847e+00
 4.9879e+05	 2.2919e+03	 3.4901e+00	 3.2031e-01	 3.2314e+02	 2.3582e+03	-8.4756e+01	 1.1264e+04	 1.0337e+03	-1.0896e+01
 7.4818e+05	 2.2919e+03	 3.4866e+00	 1.3242e-01	 3.2315e+02	 2.3661e+03	-8.7825e+01	 1.8164e+04	 6.8986e+02	-2.6330e+01
 9.0000e+05	 2.2919e+03	 3.4652e+00	 9.9989e-02	 3.2314e+02	 2.3737e+03	-8.8347e+01	 1.9997e+04	 5.7702e+02	-3.4656e+01
 1.0000e+02	 2.3710e+03	 5.9921e+00	 6.5464e-02	 3.2316e+02	 2.3806e+03	-8.9374e+01	 2.7490e+08	 3.0032e+06	-9.1533e+01
 1.5000e+02	 2.3710e+03	 5.9787e+00	 7.6245e-02	 3.2315e+02	 2.3831e+03	-8.9269e+01	 1.5735e+08	 2.0066e+06	-7.8414e+01
 2.2500e+02	 2.3710e+03	 5.9630e+00	 9.2572e-02	 3.2316e+02	 2.3855e+03	-8.9111e+01	 8.6398e+07	 1.3413e+06	-6.4414e+01
 3.3750e+02	 2.3710e+03	 5.9447e+00	 1.1262e-01	 3.2315e+02	 2.3881e+03	-8.8915e+01	 4.7345e+07	 8.9694e+05	-5.2784e+01
 5.0625e+02	 2.3710e+03	 5.9225e+00	 1.3921e-01	 3.2315e+02	 2.3905e+03	-8.8654e+01	 2.5535e+07	 6.0020e+05	-4.2545e+01
 7.5938e+02	 2.3710e+03	 5.8953e+00	 1.7375e-01	 3.2315e+02	 2.3932e+03	-8.8312e+01	 1.3639e+07	 4.0198e+05	-3.3929e+01
 1.1391e+03	 2.3710e+03	 5.8613e+00	 2.1945e-01	 3.2316e+02	 2.3957e+03	-8.7856e+01	 7.1993e+06	 2.6954e+05	-2.6709e+01
 1.7086e+03	 2.3710e+03	 5.8170e+00	 2.7917e-01	 3.2316e+02	 2.3982e+03	-8.7252e+01	 3.7727e+06	 1.8106e+05	-2.0837e+01
 2.5629e+03	 2.3710e+03	 5.7584e+00	 3.5670e-01	 3.2315e+02	 2.4009e+03	-8.6455e+01	 1.9685e+06	 1.2194e+05	-1.6143e+01
 3.8443e+03	 2.3710e+03	 5.6763e+00	 4.5513e-01	 3.2315e+02	 2.4034e+03	-8.5416e+01	 1.0285e+06	 8.2467e+04	-1.2472e+01
 5.7665e+03	 2.3710e+03	 5.5590e+00	 5.7440e-01	 3.2315e+02	 2.4060e+03	-8.4101e+01	 5.4330e+05	 5.6138e+04	-9.6779e+00
 8.6498e+03	 2.3710e+03	 5.3910e+00	 7.0597e-01	 3.2315e+02	 2.4086e+03	-8.2539e+01	 2.9470e+05	 3.8592e+04	-7.6363e+00
 1.2975e+04	 2.3710e+03	 5.1609e+00	 8.2704e-01	 3.2316e+02	 2.4110e+03	-8.0896e+01	 1.6771e+05	 2.6875e+04	-6.2403e+00
 1.9462e+04	 2.3710e+03	 4.8740e+00	 9.0379e-01	 3.2316e+02	 2.4137e+03	-7.9495e+01	 1.0231e+05	 1.8971e+04	-5.3928e+00
 2.9193e+04	 2.3710e+03	 4.5628e+00	 9.0875e-01	 3.2316e+02	 2.4189e+03	-7.8736e+01	 6.7834e+04	 1.3510e+04	-5.0210e+00
 4.3789e+04	 2.3710e+03	 4.2845e+00	 8.4266e-01	 3.2315e+02	 2.4214e+03	-7.8873e+01	 4.8770e+04	 9.5917e+03	-5.0846e+00
 6.5684e+04	 2.3710e+03	 4.0494e+00	 7.3252e-01	 3.2315e+02	 2.4239e+03	-7.9746e+01	 3.7401e+04	 6.7658e+03	-5.5280e+00
 9.8526e+04	 2.3710e+03	 3.8739e+00	 6.1346e-01	 3.2315e+02	 2.4266e+03	-8.1002e+01	 2.9774e+04	 4.7148e+03	-6.3149e+00
 1.4779e+05	 2.3710e+03	 3.7459e+00	 5.0844e-01	 3.2316e+02	 2.4294e+03	-8.2270e+01	 2.3949e+04	 3.2507e+03	-7.3674e+00
 2.2168e+05	 2.3710e+03	 3.6379e+00	 4.2536e-01	 3.2315e+02	 2.4321e+03	-8.3331e+01	 1.9084e+04	 2.2314e+03	-8.5524e+00
 3.3253e+05	 2.3710e+03	 3.5583e+00	 3.6445e-01	 3.2316e+02	 2.4347e+03	-8.4152e+01	 1.4849e+04	 1.5209e+03	-9.7636e+00
 4.9879e+05	 2.3710e+03	 3.4888e+00	 3.2078e-01	 3.2315e+02	 2.4373e+03	-8.4747e+01	 1.1247e+04	 1.0341e+03	-1.0876e+01
 7.4818e+05	 2.3710e+03	 3.4839e+00	 1.4363e-01	 3.2315e+02	 2.4450e+03	-8.7639e+01	 1.6746e+04	 6.9040e+02	-2.4256e+01
 9.0000e+05	 2.3710e+03	 3.4621e+00	 1.1365e-01	 3.2315e+02	 2.4527e+03	-8.8120e+01	 1.7593e+04	 5.7755e+02	-3.0462e+01
 1.0000e+02	 2.4500e+03	 5.9911e+00	 6.5782e-02	 3.2315e+02	 2.4593e+03	-8.9371e+01	 2.7357e+08	 3.0038e+06	-9.1075e+01
 1.5000e+02	 2.4500e+03	 5.9769e+00	 7.7885e-02	 3.2314e+02	 2.4618e+03	-8.9253e+01	 1.5404e+08	 2.0072e+06	-7.6741e+01
 2.2500e+02	 2.4500e+03	 5.9621e+00	 9.2967e-02	 3.2314e+02	 2.4644e+03	-8.9107e+01	 8.6031e+07	 1.3415e+06	-6.4131e+01
 3.3750e+02	 2.4500e+03	 5.9434e+00	 1.1311e-01	 3.2314e+02	 2.4669e+03	-8.8910e+01	 4.7140e+07	 8.9714e+05	-5.2545e+01
 5.0625e+02	 2.4500e+03	 5.9213e+00	 1.3956e-01	 3.2314e+02	 2.4693e+03	-8.8650e+01	 2.5472e+07	 6.0032e+05	-4.2430e+01
 7.5938e+02	 2.4500e+03	 5.8937e+00	 1.7416e-01	 3.2314e+02	 2.4721e+03	-8.8307e+01	 1.3607e+07	 4.0209e+05	-3.3840e+01
 1.1391e+03	 2.4500e+03	 5.8596e+00	 2.1957e-01	 3.2314e+02	 2.4746e+03	-8.7854e+01	 7.1953e+06	 2.6962e+05	-2.6687e+01
 1.7086e+03	 2.4500e+03	 5.8154e+00	 2.7956e-01	 3.2314e+02	 2.4772e+03	-8.7248e+01	 3.7675e+06	 1.8111e+05	-2.0802e+01
 2.5629e+03	 2.4500e+03	 5.7564e+00	 3.5710e-01	 3.2315e+02	 2.4798e+03	-8.6450e+01	 1.9663e+06	 1.2198e+05	-1.6120e+01
 3.8443e+03	 2.4500e+03	 5.6741e+00	 4.5541e-01	 3.2314e+02	 2.4825e+03	-8.5411e+01	 1.0279e+06	 8.2499e+04	-1.2459e+01
 5.7665e+03	 2.4500e+03	 5.5565e+00	 5.7454e-01	 3.2314e+02	 2.4849e+03	-8.4097e+01	 5.4317e+05	 5.6163e+04	-9.6712e+00
 8.6498e+03	 2.4500e+03	 5.3885e+00	 7.0581e-01	 3.2315e+02	 2.4875e+03	-8.2538e+01	 2.9477e+05	 3.8610e+04	-7.6344e+00
 1.2975e+04	 2.4500e+03	 5.1584e+00	 8.2669e-01	 3.2314e+02	 2.4901e+03	-8.0895e+01	 1.6778e+05	 2.6888e+04	-6.2398e+00
 1.9462e+04	 2.4500e+03	 4.8716e+00	 9.0323e-01	 3.2314e+02	 2.4927e+03	-7.9496e+01	 1.0237e+05	 1.8981e+04	-5.3936e+00
 2.9193e+04	 2.4500e+03	 4.5609e+00	 9.0775e-01	 3.2314e+02	 2.4978e+03	-7.8744e+01	 6.7908e+04	 1.3516e+04	-5.0244e+00
 4.3789e+04	 2.4500e+03	 4.2831e+00	 8.4169e-01	 3.2315e+02	 2.5002e+03	-7.8882e+01	 4.8826e+04	 9.5950e+03	-5.0887e+00
 6.5684e+04	 2.4500e+03	 4.0481e+00	 7.3180e-01	 3.2315e+02	 2.5029e+03	-7.9753e+01	 3.7438e+04	 6.7680e+03	-5.5317e+00
 9.8526e+04	 2.4500e+03	 3.8730e+00	 6.1326e-01	 3.2315e+02	 2.5053e+03	-8.1002e+01	 2.9783e+04	 4.7159e+03	-6.3155e+00
 1.4779e+05	 2.4500e+03	 3.7450e+00	 5.0846e-01	 3.2315e+02	 2.5081e+03	-8.2268e+01	 2.3948e+04	 3.2514e+03	-7.3654e+00
 2.2168e+05	 2.4500e+03	 3.6368e+00	 4.2570e-01	 3.2316e+02	 2.5107e+03	-8.3324e+01	 1.9069e+04	 2.2321e+03	-8.5432e+00
 3.3253e+05	 2.4500e+03	 3.5572e+00	 3.6480e-01	 3.2315e+02	 2.5134e+03	-8.4145e+01	 1.4835e+04	 1.5214e+03	-9.7510e+00
 4.9879e+05	 2.4500e+03	 3.4874e+00	 3.2124e-01	 3.2316e+02	 2.5160e+03	-8.4737e+01	 1.1231e+04	 1.0345e+03	-1.0856e+01
 7.4818e+05	 2.4500e+03	 3.4818e+00	 1.5041e-01	 3.2316e+02	 2.5238e+03	-8.7526e+01	 1.5991e+04	 6.9081e+02	-2.3149e+01
 9.0000e+05	 2.4500e+03	 3.4593e+00	 1.2305e-01	 3.2315e+02	 2.5318e+03	-8.7963e+01	 1.6249e+04	 5.7801e+02	-2.8113e+01
 1.0000e+02	 2.5291e+03	 5.9902e+00	 6.5803e-02	 3.2314e+02	 2.5384e+03	-8.9371e+01	 2.7348e+08	 3.0042e+06	-9.1032e+01
 1.5000e+02	 2.5291e+03	 5.9766e+00	 7.8499e-02	 3.2314e+02	 2.5412e+03	-8.9247e+01	 1.5283e+08	 2.0073e+06	-7.6136e+01
 2.2500e+02	 2.5291e+03	 5.9609e+00	 9.3287e-02	 3.2314e+02	 2.5437e+03	-8.9103e+01	 8.5736e+07	 1.3418e+06	-6.3898e+01
 3.3750e+02	 2.5291e+03	 5.9422e+00	 1.1352e-01	 3.2314e+02	 2.5461e+03	-8.8906e+01	 4.6971e+07	 8.9732e+05	-5.2346e+01
 5.0625e+02	 2.5291e+03	 5.9198e+00	 1.3993e-01	 3.2314e+02	 2.5486e+03	-8.8646e+01	 2.5403e+07	 6.0048e+05	-4.2305e+01
 7.5938e+02	 2.5291e+03	 5.8923e+00	 1.7475e-01	 3.2314e+02	 2.5512e+03	-8.8301e+01	 1.3561e+07	 4.0219e+05	-3.3718e+01
 1.1391e+03	 2.5291e+03	 5.8580e+00	 2.2058e-01	 3.2314e+02	 2.5539e+03	-8.7844e+01	 7.1622e+06	 2.6970e+05	-2.6557e+01
 1.7086e+03	 2.5291e+03	 5.8135e+00	 2.8014e-01	 3.2314e+02	 2.5564e+03	-8.7241e+01	 3.7597e+06	 1.8117e+05	-2.0752e+01
 2.5629e+03	 2.5291e+03	 5.7543e+00	 3.5751e-01	 3.2314e+02	 2.5590e+03	-8.6445e+01	 1.9640e+06	 1.2202e+05	-1.6095e+01
 3.8443e+03	 2.5291e+03	 5.6720e+00	 4.5573e-01	 3.2315e+02	 2.5614e+03	-8.5406e+01	 1.0272e+06	 8.2531e+04	-1.2446e+01
 5.7665e+03	 2.5291e+03	 5.5544e+00	 5.7480e-01	 3.2314e+02	 2.5639e+03	-8.4092e+01	 5.4292e+05	 5.6185e+04	-9.6631e+00
 8.6498e+03	 2.5291e+03	 5.3861e+00	 7.0573e-01	 3.2315e+02	 2.5666e+03	-8.2535e+01	 2.9480e+05	 3.8627e+04	-7.6320e+00
 1.2975e+04	 2.5291e+03	 5.1560e+00	 8.2626e-01	 3.2315e+02	 2.5691e+03	-8.0896e+01	 1.6786e+05	 2.6900e+04	-6.2402e+00
 1.9462e+04	 2.5291e+03	 4.8693e+00	 9.0257e-01	 3.2314e+02	 2.5717e+03	-7.9499e+01	 1.0245e+05	 1.8990e+04	-5.3949e+00
 2.9193e+04	 2.5291e+03	 4.5590e+00	 9.0695e-01	 3.2315e+02	 2.5767e+03	-7.8749e+01	 6.7968e+04	 1.3521e+04	-5.0267e+00
 4.3789e+04	 2.5291e+03	 4.2815e+00	 8.4091e-01	 3.2315e+02	 2.5794e+03	-7.8888e+01	 4.8871e+04	 9.5985e+03	-5.0915e+00
 6.5684e+04	 2.5291e+03	 4.0469e+00	 7.3121e-01	 3.2315e+02	 2.5818e+03	-7.9758e+01	 3.7468e+04	 6.7699e+03	-5.5346e+00
 9.8526e+04	 2.5291e+03	 3.8720e+00	 6.1286e-01	 3.2314e+02	 2.5842e+03	-8.1006e+01	 2.9803e+04	 4.7171e+03	-6.3180e+00
 1.4779e+05	 2.5291e+03	 3.7333e+00	 5.0776e-01	 3.2315e+02	 2.5868e+03	-8.2255e+01	 2.3981e+04	 3.2616e+03	-7.3526e+00
 2.2168e+05	 2.5291e+03	 3.6358e+00	 4.2587e-01	 3.2315e+02	 2.5894e+03	-8.3319e+01	 1.9062e+04	 2.2327e+03	-8.5374e+00
 3.3253e+05	 2.5291e+03	 3.5560e+00	 3.6520e-01	 3.2315e+02	 2.5921e+03	-8.4136e+01	 1.4819e+04	 1.5219e+03	-9.7371e+00
 4.9879e+05	 2.5291e+03	 3.4861e+00	 3.2166e-01	 3.2315e+02	 2.5946e+03	-8.4728e+01	 1.1217e+04	 1.0349e+03	-1.0838e+01
 7.4818e+05	 2.5291e+03	 3.4790e+00	 1.6227e-01	 3.2315e+02	 2.6022e+03	-8.7329e+01	 1.4822e+04	 6.9137e+02	-2.1439e+01
 9.0000e+05	 2.5291e+03	 3.4605e+00	 1.0268e-01	 3.2316e+02	 2.6102e+03	-8.8300e+01	 1.9473e+04	 5.7782e+02	-3.3701e+01
 1.0000e+02	 2.6076e+03	 5.9895e+00	 6.6311e-02	 3.2315e+02	 2.6168e+03	-8.9366e+01	 2.7138e+08	 3.0045e+06	-9.0325e+01
 1.5000e+02	 2.6076e+03	 5.9737e+00	 7.7855e-02	 3.2315e+02	 2.6192e+03	-8.9253e+01	 1.5409e+08	 2.0083e+06	-7.6727e+01
 2.2500e+02	 2.6076e+03	 5.9598e+00	 9.3506e-02	 3.2315e+02	 2.6219e+03	-8.9101e+01	 8.5535e+07	 1.3420e+06	-6.3737e+01
 3.3750e+02	 2.6076e+03	 5.9413e+00	 1.1394e-01	 3.2315e+02	 2.6244e+03	-8.8901e+01	 4.6796e+07	 8.9746e+05	-5.2143e+01
 5.0625e+02	 2.6076e+03	 5.9187e+00	 1.4034e-01	 3.2315e+02	 2.6269e+03	-8.8642e+01	 2.5329e+07	 6.0059e+05	-4.2173e+01
 7.5938e+02	 2.6076e+03	 5.8912e+00	 1.7509e-01	 3.2315e+02	 2.6296e+03	-8.8298e+01	 1.3535e+07	 4.0226e+05	-3.3647e+01
 1.1391e+03	 2.6076e+03	 5.8566e+00	 2.2066e-01	 3.2316e+02	 2.6320e+03	-8.7842e+01	 7.1597e+06	 2.6976e+05	-2.6541e+01
 1.7086e+03	 2.6076e+03	 5.8122e+00	 2.8017e-01	 3.2315e+02	 2.6347e+03	-8.7240e+01	 3.7594e+06	 1.8121e+05	-2.0746e+01
 2.5629e+03	 2.6076e+03	 5.7530e+00	 3.5769e-01	 3.2316e+02	 2.6372e+03	-8.6442e+01	 1.9631e+06	 1.2205e+05	-1.6084e+01
 3.8443e+03	 2.6076e+03	 5.6704e+00	 4.5568e-01	 3.2316e+02	 2.6397e+03	-8.5406e+01	 1.0273e+06	 8.2554e+04	-1.2444e+01
 5.7665e+03	 2.6076e+03	 5.5529e+00	 5.7454e-01	 3.2316e+02	 2.6423e+03	-8.4093e+01	 5.4317e+05	 5.6200e+04	-9.6650e+00
 8.6498e+03	 2.6076e+03	 5.3848e+00	 7.0533e-01	 3.2315e+02	 2.6449e+03	-8.2538e+01	 2.9497e+05	 3.8637e+04	-7.6344e+00
 1.2975e+04	 2.6076e+03	 5.1548e+00	 8.2563e-01	 3.2316e+02	 2.6476e+03	-8.0900e+01	 1.6799e+05	 2.6907e+04	-6.2434e+00
 1.9462e+04	 2.6076e+03	 4.8684e+00	 9.0194e-01	 3.2316e+02	 2.6501e+03	-7.9504e+01	 1.0252e+05	 1.8993e+04	-5.3977e+00
 2.9193e+04	 2.6076e+03	 4.5583e+00	 9.0632e-01	 3.2315e+02	 2.6552e+03	-7.8755e+01	 6.8016e+04	 1.3524e+04	-5.0294e+00
 4.3789e+04	 2.6076e+03	 4.2811e+00	 8.4042e-01	 3.2315e+02	 2.6578e+03	-7.8894e+01	 4.8900e+04	 9.5995e+03	-5.0940e+00
 6.5684e+04	 2.6076e+03	 4.0467e+00	 7.3102e-01	 3.2316e+02	 2.6606e+03	-7.9760e+01	 3.7478e+04	 6.7703e+03	-5.5357e+00
 9.8526e+04	 2.6076e+03	 3.8715e+00	 6.1291e-01	 3.2315e+02	 2.6630e+03	-8.1004e+01	 2.9800e+04	 4.7178e+03	-6.3167e+00
 1.4779e+05	 2.6076e+03	 3.7326e+00	 5.0797e-01	 3.2315e+02	 2.6656e+03	-8.2250e+01	 2.3971e+04	 3.2622e+03	-7.3481e+00
 2.2168e+05	 2.6076e+03	 3.6350e+00	 4.2619e-01	 3.2315e+02	 2.6682e+03	-8.3313e+01	 1.9047e+04	 2.2332e+03	-8.5292e+00
 3.3253e+05	 2.6076e+03	 3.5550e+00	 3.6572e-01	 3.2315e+02	 2.6706e+03	-8.4126e+01	 1.4798e+04	 1.5223e+03	-9.7204e+00
 4.9879e+05	 2.6076e+03	 3.4848e+00	 3.2217e-01	 3.2316e+02	 2.6732e+03	-8.4718e+01	 1.1199e+04	 1.0353e+03	-1.0817e+01
 7.4818e+05	 2.6076e+03	 3.4783e+00	 1.5639e-01	 3.2315e+02	 2.6808e+03	-8.7426e+01	 1.5380e+04	 6.9150e+02	-2.2241e+01
 9.0000e+05	 2.6076e+03	 3.4556e+00	 1.3132e-01	 3.2315e+02	 2.6884e+03	-8.7824e+01	 1.5226e+04	 5.7863e+02	-2.6314e+01
 1.0000e+02	 2.6858e+03	 5.9886e+00	 6.6511e-02	 3.2315e+02	 2.6951e+03	-8.9364e+01	 2.7057e+08	 3.0050e+06	-9.0039e+01
 1.5000e+02	 2.6858e+03	 5.9769e+00	 7.7989e-02	 3.2315e+02	 2.6977e+03	-8.9252e+01	 1.5383e+08	 2.0073e+06	-7.6637e+01
 2.2500e+02	 2.6858e+03	 5.9589e+00	 9.3833e-02	 3.2315e+02	 2.7002e+03	-8.9098e+01	 8.5237e+07	 1.3422e+06	-6.3505e+01
 3.3750e+02	 2.6858e+03	 5.9403e+00	 1.1421e-01	 3.2314e+02	 2.7029e+03	-8.8899e+01	 4.6687e+07	 8.9760e+05	-5.2013e+01
 5.0625e+02	 2.6858e+03	 5.9177e+00	 1.4043e-01	 3.2315e+02	 2.7054e+03	-8.8641e+01	 2.5313e+07	 6.0069e+05	-4.2140e+01
 7.5938e+02	 2.6858e+03	 5.8901e+00	 1.7540e-01	 3.2315e+02	 2.7079e+03	-8.8294e+01	 1.3511e+07	 4.0234e+05	-3.3582e+01
 1.1391e+03	 2.6858e+03	 5.8554e+00	 2.2106e-01	 3.2315e+02	 2.7106e+03	-8.7838e+01	 7.1468e+06	 2.6981e+05	-2.6488e+01
 1.7086e+03	 2.6858e+03	 5.8106e+00	 2.8049e-01	 3.2315e+02	 2.7131e+03	-8.7236e+01	 3.7550e+06	 1.8126e+05	-2.0716e+01
 2.5629e+03	 2.6858e+03	 5.7513e+00	 3.5800e-01	 3.2315e+02	 2.7159e+03	-8.6438e+01	 1.9614e+06	 1.2209e+05	-1.6065e+01
 3.8443e+03	 2.6858e+03	 5.6687e+00	 4.5582e-01	 3.2315e+02	 2.7183e+03	-8.5403e+01	 1.0270e+06	 8.2578e+04	-1.2436e+01
 5.7665e+03	 2.6858e+03	 5.5509e+00	 5.7445e-01	 3.2315e+02	 2.7210e+03	-8.4092e+01	 5.4325e+05	 5.6220e+04	-9.6630e+00
 8.6498e+03	 2.6858e+03	 5.3826e+00	 7.0494e-01	 3.2316e+02	 2.7236e+03	-8.2539e+01	 2.9513e+05	 3.8652e+04	-7.6355e+00
 1.2975e+04	 2.6858e+03	 5.1528e+00	 8.2520e-01	 3.2315e+02	 2.7260e+03	-8.0902e+01	 1.6808e+05	 2.6917e+04	-6.2443e+00
 1.9462e+04	 2.6858e+03	 4.8667e+00	 9.0133e-01	 3.2315e+02	 2.7286e+03	-7.9507e+01	 1.0259e+05	 1.9000e+04	-5.3994e+00
 2.9193e+04	 2.6858e+03	 4.5569e+00	 9.0544e-01	 3.2315e+02	 2.7339e+03	-7.8762e+01	 6.8082e+04	 1.3528e+04	-5.0327e+00
 4.3789e+04	 2.6858e+03	 4.2799e+00	 8.3965e-01	 3.2314e+02	 2.7363e+03	-7.8901e+01	 4.8944e+04	 9.6020e+03	-5.0973e+00
 6.5684e+04	 2.6858e+03	 4.0459e+00	 7.3050e-01	 3.2315e+02	 2.7388e+03	-7.9765e+01	 3.7505e+04	 6.7717e+03	-5.5385e+00
 9.8526e+04	 2.6858e+03	 3.8708e+00	 6.1275e-01	 3.2314e+02	 2.7414e+03	-8.1005e+01	 2.9808e+04	 4.7186e+03	-6.3172e+00
 1.4779e+05	 2.6858e+03	 3.7317e+00	 5.0804e-01	 3.2315e+02	 2.7439e+03	-8.2247e+01	 2.3968e+04	 3.2630e+03	-7.3453e+00
 2.2168e+05	 2.6858e+03	 3.6342e+00	 4.2663e-01	 3.2315e+02	 2.7466e+03	-8.3304e+01	 1.9028e+04	 2.2337e+03	-8.5184e+00
 3.3253e+05	 2.6858e+03	 3.5539e+00	 3.6610e-01	 3.2315e+02	 2.7491e+03	-8.4119e+01	 1.4783e+04	 1.5228e+03	-9.7076e+00
 4.9879e+05	 2.6858e+03	 3.4837e+00	 3.2262e-01	 3.2315e+02	 2.7520e+03	-8.4709e+01	 1.1183e+04	 1.0356e+03	-1.0798e+01
 7.4818e+05	 2.6858e+03	 3.4743e+00	 1.8163e-01	 3.2315e+02	 2.7598e+03	-8.7007e+01	 1.3243e+04	 6.9230e+02	-1.9128e+01
 9.0000e+05	 2.6858e+03	 3.4510e+00	 1.6272e-01	 3.2315e+02	 2.7677e+03	-8.7300e+01	 1.2288e+04	 5.7940e+02	-2.1208e+01
 1.0000e+02	 2.7650e+03	 5.9880e+00	 6.6543e-02	 3.2315e+02	 2.7744e+03	-8.9363e+01	 2.7044e+08	 3.0053e+06	-8.9987e+01
 1.5000e+02	 2.7650e+03	 5.9749e+00	 7.9039e-02	 3.2316e+02	 2.7769e+03	-8.9242e+01	 1.5179e+08	 2.0079e+06	-7.5594e+01
 2.2500e+02	 2.7650e+03	 5.9580e+00	 9.4142e-02	 3.2315e+02	 2.7796e+03	-8.9095e+01	 8.4958e+07	 1.3424e+06	-6.3288e+01
 3.3750e+02	 2.7650e+03	 5.9391e+00	 1.1447e-01	 3.2315e+02	 2.7821e+03	-8.8896e+01	 4.6580e+07	 8.9779e+05	-5.1883e+01
 5.0625e+02	 2.7650e+03	 5.9163e+00	 1.4121e-01	 3.2316e+02	 2.7845e+03	-8.8633e+01	 2.5173e+07	 6.0083e+05	-4.1896e+01
 7.5938e+02	 2.7650e+03	 5.8886e+00	 1.7571e-01	 3.2315e+02	 2.7871e+03	-8.8291e+01	 1.3487e+07	 4.0244e+05	-3.3513e+01
 1.1391e+03	 2.7650e+03	 5.8540e+00	 2.2158e-01	 3.2316e+02	 2.7896e+03	-8.7832e+01	 7.1301e+06	 2.6988e+05	-2.6420e+01
 1.7086e+03	 2.7650e+03	 5.8090e+00	 2.8100e-01	 3.2315e+02	 2.7921e+03	-8.7231e+01	 3.7482e+06	 1.8131e+05	-2.0673e+01
 2.5629e+03	 2.7650e+03	 5.7494e+00	 3.5828e-01	 3.2315e+02	 2.7949e+03	-8.6434e+01	 1.9598e+06	 1.2213e+05	-1.6047e+01
 3.8443e+03	 2.7650e+03	 5.6667e+00	 4.5609e-01	 3.2315e+02	 2.7977e+03	-8.5398e+01	 1.0264e+06	 8.2608e+04	-1.2424e+01
 5.7665e+03	 2.7650e+03	 5.5488e+00	 5.7454e-01	 3.2316e+02	 2.8001e+03	-8.4089e+01	 5.4317e+05	 5.6241e+04	-9.6578e+00
 8.6498e+03	 2.7650e+03	 5.3807e+00	 7.0489e-01	 3.2315e+02	 2.8029e+03	-8.2536e+01	 2.9515e+05	 3.8666e+04	-7.6333e+00
 1.2975e+04	 2.7650e+03	 5.1508e+00	 8.2476e-01	 3.2315e+02	 2.8054e+03	-8.0903e+01	 1.6817e+05	 2.6928e+04	-6.2452e+00
 1.9462e+04	 2.7650e+03	 4.8648e+00	 9.0059e-01	 3.2315e+02	 2.8079e+03	-7.9512e+01	 1.0267e+05	 1.9007e+04	-5.4018e+00
 2.9193e+04	 2.7650e+03	 4.5553e+00	 9.0484e-01	 3.2315e+02	 2.8130e+03	-7.8765e+01	 6.8127e+04	 1.3532e+04	-5.0344e+00
 4.3789e+04	 2.7650e+03	 4.2788e+00	 8.3897e-01	 3.2315e+02	 2.8157e+03	-7.8907e+01	 4.8984e+04	 9.6045e+03	-5.1001e+00
 6.5684e+04	 2.7650e+03	 4.0450e+00	 7.3004e-01	 3.2314e+02	 2.8181e+03	-7.9769e+01	 3.7529e+04	 6.7731e+03	-5.5408e+00
 9.8526e+04	 2.7650e+03	 3.8700e+00	 6.1253e-01	 3.2315e+02	 2.8206e+03	-8.1006e+01	 2.9819e+04	 4.7196e+03	-6.3180e+00
 1.4779e+05	 2.7650e+03	 3.7311e+00	 5.0828e-01	 3.2314e+02	 2.8234e+03	-8.2242e+01	 2.3956e+04	 3.2635e+03	-7.3407e+00
 2.2168e+05	 2.7650e+03	 3.6331e+00	 4.2702e-01	 3.2315e+02	 2.8261e+03	-8.3297e+01	 1.9010e+04	 2.2344e+03	-8.5081e+00
 3.3253e+05	 2.7650e+03	 3.5527e+00	 3.6651e-01	 3.2315e+02	 2.8286e+03	-8.4110e+01	 1.4766e+04	 1.5233e+03	-9.6934e+00
 4.9879e+05	 2.7650e+03	 3.4824e+00	 3.2298e-01	 3.2314e+02	 2.8312e+03	-8.4701e+01	 1.1171e+04	 1.0360e+03	-1.0782e+01
 7.4818e+05	 2.7650e+03	 3.4726e+00	 1.8583e-01	 3.2315e+02	 2.8389e+03	-8.6937e+01	 1.2943e+04	 6.9263e+02	-1.8687e+01
 9.0000e+05	 2.7650e+03	 3.4495e+00	 1.6440e-01	 3.2315e+02	 2.8467e+03	-8.7271e+01	 1.2163e+04	 5.7966e+02	-2.0982e+01
 1.0000e+02	 2.8440e+03	 5.9874e+00	 6.6990e-02	 3.2315e+02	 2.8533e+03	-8.9359e+01	 2.6863e+08	 3.0056e+06	-8.9377e+01
 1.5000e+02	 2.8440e+03	 5.9754e+00	 8.0783e-02	 3.2315e+02	 2.8557e+03	-8.9225e+01	 1.4851e+08	 2.0077e+06	-7.3969e+01
 2.2500e+02	 2.8440e+03	 5.9572e+00	 9.4431e-02	 3.2315e+02	 2.8585e+03	-8.9092e+01	 8.4698e+07	 1.3426e+06	-6.3085e+01
 3.3750e+02	 2.8440e+03	 5.9383e+00	 1.1491e-01	 3.2315e+02	 2.8610e+03	-8.8891e+01	 4.6404e+07	 8.9791e+05	-5.1680e+01
 5.0625e+02	 2.8440e+03	 5.9154e+00	 1.4130e-01	 3.2315e+02	 2.8638e+03	-8.8632e+01	 2.5157e+07	 6.0092e+05	-4.1863e+01
 7.5938e+02	 2.8440e+03	 5.8873e+00	 1.7627e-01	 3.2316e+02	 2.8663e+03	-8.8285e+01	 1.3444e+07	 4.0253e+05	-3.3398e+01
 1.1391e+03	 2.8440e+03	 5.8526e+00	 2.2169e-01	 3.2315e+02	 2.8691e+03	-8.7831e+01	 7.1265e+06	 2.6994e+05	-2.6400e+01
 1.7086e+03	 2.8440e+03	 5.8075e+00	 2.8147e-01	 3.2315e+02	 2.8717e+03	-8.7225e+01	 3.7420e+06	 1.8136e+05	-2.0633e+01
 2.5629e+03	 2.8440e+03	 5.7476e+00	 3.5859e-01	 3.2315e+02	 2.8744e+03	-8.6430e+01	 1.9581e+06	 1.2217e+05	-1.6028e+01
 3.8443e+03	 2.8440e+03	 5.6649e+00	 4.5635e-01	 3.2315e+02	 2.8769e+03	-8.5394e+01	 1.0258e+06	 8.2634e+04	-1.2413e+01
 5.7665e+03	 2.8440e+03	 5.5470e+00	 5.7458e-01	 3.2315e+02	 2.8794e+03	-8.4086e+01	 5.4313e+05	 5.6260e+04	-9.6539e+00
 8.6498e+03	 2.8440e+03	 5.3787e+00	 7.0468e-01	 3.2314e+02	 2.8822e+03	-8.2536e+01	 2.9524e+05	 3.8680e+04	-7.6328e+00
 1.2975e+04	 2.8440e+03	 5.1490e+00	 8.2446e-01	 3.2315e+02	 2.8846e+03	-8.0903e+01	 1.6823e+05	 2.6937e+04	-6.2453e+00
 1.9462e+04	 2.8440e+03	 4.8632e+00	 9.0009e-01	 3.2315e+02	 2.8872e+03	-7.9514e+01	 1.0273e+05	 1.9013e+04	-5.4031e+00
 2.9193e+04	 2.8440e+03	 4.5541e+00	 9.0410e-01	 3.2315e+02	 2.8924e+03	-7.8771e+01	 6.8183e+04	 1.3536e+04	-5.0371e+00
 4.3789e+04	 2.8440e+03	 4.2777e+00	 8.3842e-01	 3.2315e+02	 2.8948e+03	-7.8911e+01	 4.9016e+04	 9.6071e+03	-5.1021e+00
 6.5684e+04	 2.8440e+03	 4.0442e+00	 7.2978e-01	 3.2315e+02	 2.8972e+03	-7.9771e+01	 3.7542e+04	 6.7745e+03	-5.5417e+00
 9.8526e+04	 2.8440e+03	 3.8694e+00	 6.1254e-01	 3.2315e+02	 2.8999e+03	-8.1004e+01	 2.9818e+04	 4.7204e+03	-6.3169e+00
 1.4779e+05	 2.8440e+03	 3.7303e+00	 5.0846e-01	 3.2315e+02	 2.9024e+03	-8.2238e+01	 2.3948e+04	 3.2642e+03	-7.3366e+00
 2.2168e+05	 2.8440e+03	 3.6324e+00	 4.2719e-01	 3.2316e+02	 2.9050e+03	-8.3293e+01	 1.9003e+04	 2.2348e+03	-8.5030e+00
 3.3253e+05	 2.8440e+03	 3.5518e+00	 3.6691e-01	 3.2315e+02	 2.9074e+03	-8.4102e+01	 1.4750e+04	 1.5237e+03	-9.6801e+00
 4.9879e+05	 2.8440e+03	 3.4812e+00	 3.2340e-01	 3.2315e+02	 2.9100e+03	-8.4692e+01	 1.1156e+04	 1.0364e+03	-1.0764e+01
 7.4818e+05	 2.8440e+03	 3.4708e+00	 1.9038e-01	 3.2315e+02	 2.9179e+03	-8.6860e+01	 1.2634e+04	 6.9299e+02	-1.8231e+01
 9.0000e+05	 2.8440e+03	 3.4478e+00	 1.6873e-01	 3.2316e+02	 2.9256e+03	-8.7198e+01	 1.1850e+04	 5.7993e+02	-2.0434e+01
 1.0000e+02	 2.9229e+03	 5.9862e+00	 6.6886e-02	 3.2315e+02	 2.9323e+03	-8.9360e+01	 2.6905e+08	 3.0062e+06	-8.9499e+01
 1.5000e+02	 2.9229e+03	 5.9724e+00	 8.1957e-02	 3.2315e+02	 2.9348e+03	-8.9214e+01	 1.4638e+08	 2.0088e+06	-7.2873e+01
 2.2500e+02	 2.9229e+03	 5.9561e+00	 9.4685e-02	 3.2315e+02	 2.9373e+03	-8.9089e+01	 8.4471e+07	 1.3428e+06	-6.2904e+01
 3.3750e+02	 2.9229e+03	 5.9370e+00	 1.1516e-01	 3.2315e+02	 2.9397e+03	-8.8889e+01	 4.6302e+07	 8.9810e+05	-5.1556e+01
 5.0625e+02	 2.9229e+03	 5.9143e+00	 1.4188e-01	 3.2315e+02	 2.9424e+03	-8.8626e+01	 2.5055e+07	 6.0103e+05	-4.1687e+01
 7.5938e+02	 2.9229e+03	 5.8863e+00	 1.7672e-01	 3.2316e+02	 2.9449e+03	-8.8280e+01	 1.3410e+07	 4.0260e+05	-3.3309e+01
 1.1391e+03	 2.9229e+03	 5.8513e+00	 2.2232e-01	 3.2315e+02	 2.9476e+03	-8.7824e+01	 7.1062e+06	 2.7000e+05	-2.6319e+01
 1.7086e+03	 2.9229e+03	 5.8059e+00	 2.8164e-01	 3.2316e+02	 2.9501e+03	-8.7223e+01	 3.7397e+06	 1.8141e+05	-2.0615e+01
 2.5629e+03	 2.9229e+03	 5.7462e+00	 3.5888e-01	 3.2315e+02	 2.9528e+03	-8.6426e+01	 1.9566e+06	 1.2220e+05	-1.6012e+01
 3.8443e+03	 2.9229e+03	 5.6633e+00	 4.5645e-01	 3.2315e+02	 2.9553e+03	-8.5392e+01	 1.0255e+06	 8.2657e+04	-1.2407e+01
 5.7665e+03	 2.9229e+03	 5.5452e+00	 5.7456e-01	 3.2315e+02	 2.9578e+03	-8.4084e+01	 5.4315e+05	 5.6278e+04	-9.6512e+00
 8.6498e+03	 2.9229e+03	 5.3771e+00	 7.0443e-01	 3.2315e+02	 2.9604e+03	-8.2536e+01	 2.9534e+05	 3.8691e+04	-7.6333e+00
 1.2975e+04	 2.9229e+03	 5.1475e+00	 8.2391e-01	 3.2315e+02	 2.9630e+03	-8.0906e+01	 1.6834e+05	 2.6945e+04	-6.2476e+00
 1.9462e+04	 2.9229e+03	 4.8619e+00	 8.9940e-01	 3.2315e+02	 2.9656e+03	-7.9519e+01	 1.0281e+05	 1.9018e+04	-5.4057e+00
 2.9193e+04	 2.9229e+03	 4.5530e+00	 9.0341e-01	 3.2315e+02	 2.9706e+03	-7.8777e+01	 6.8235e+04	 1.3539e+04	-5.0398e+00
 4.3789e+04	 2.9229e+03	 4.2770e+00	 8.3771e-01	 3.2315e+02	 2.9732e+03	-7.8918e+01	 4.9058e+04	 9.6087e+03	-5.1056e+00
 6.5684e+04	 2.9229e+03	 4.0435e+00	 7.2927e-01	 3.2315e+02	 2.9756e+03	-7.9776e+01	 3.7568e+04	 6.7757e+03	-5.5445e+00
 9.8526e+04	 2.9229e+03	 3.8688e+00	 6.1245e-01	 3.2315e+02	 2.9781e+03	-8.1005e+01	 2.9823e+04	 4.7210e+03	-6.3170e+00
 1.4779e+05	 2.9229e+03	 3.7296e+00	 5.0854e-01	 3.2315e+02	 2.9807e+03	-8.2235e+01	 2.3944e+04	 3.2648e+03	-7.3339e+00
 2.2168e+05	 2.9229e+03	 3.6316e+00	 4.2751e-01	 3.2315e+02	 2.9832e+03	-8.3286e+01	 1.8988e+04	 2.2353e+03	-8.4947e+00
 3.3253e+05	 2.9229e+03	 3.5507e+00	 3.6728e-01	 3.2315e+02	 2.9861e+03	-8.4094e+01	 1.4735e+04	 1.5241e+03	-9.6677e+00
 4.9879e+05	 2.9229e+03	 3.4800e+00	 3.2367e-01	 3.2315e+02	 2.9887e+03	-8.4686e+01	 1.1147e+04	 1.0367e+03	-1.0752e+01
 7.4818e+05	 2.9229e+03	 3.4694e+00	 1.9264e-01	 3.2315e+02	 2.9967e+03	-8.6822e+01	 1.2486e+04	 6.9327e+02	-1.8010e+01
 9.0000e+05	 2.9229e+03	 3.4464e+00	 1.6781e-01	 3.2315e+02	 3.0045e+03	-8.7212e+01	 1.1915e+04	 5.8017e+02	-2.0537e+01
 1.0000e+02	 3.0018e+03	 5.9854e+00	 6.7382e-02	 3.2316e+02	 3.0111e+03	-8.9355e+01	 2.6707e+08	 3.0066e+06	-8.8828e+01
 1.5000e+02	 3.0018e+03	 5.9725e+00	 8.1833e-02	 3.2315e+02	 3.0139e+03	-8.9215e+01	 1.4661e+08	 2.0087e+06	-7.2985e+01
 2.2500e+02	 3.0018e+03	 5.9555e+00	 9.5094e-02	 3.2316e+02	 3.0163e+03	-8.9085e+01	 8.4107e+07	 1.3430e+06	-6.2627e+01
 3.3750e+02	 3.0018e+03	 5.9362e+00	 1.1559e-01	 3.2315e+02	 3.0190e+03	-8.8884e+01	 4.6128e+07	 8.9823e+05	-5.1354e+01
 5.0625e+02	 3.0018e+03	 5.9134e+00	 1.4205e-01	 3.2315e+02	 3.0215e+03	-8.8624e+01	 2.5025e+07	 6.0113e+05	-4.1629e+01
 7.5938e+02	 3.0018e+03	 5.8851e+00	 1.7692e-01	 3.2315e+02	 3.0244e+03	-8.8278e+01	 1.3395e+07	 4.0268e+05	-3.3265e+01
 1.1391e+03	 3.0018e+03	 5.8500e+00	 2.2264e-01	 3.2315e+02	 3.0269e+03	-8.7821e+01	 7.0962e+06	 2.7006e+05	-2.6276e+01
 1.7086e+03	 3.0018e+03	 5.8045e+00	 2.8209e-01	 3.2315e+02	 3.0297e+03	-8.7218e+01	 3.7338e+06	 1.8145e+05	-2.0577e+01
 2.5629e+03	 3.0018e+03	 5.7445e+00	 3.5916e-01	 3.2315e+02	 3.0323e+03	-8.6422e+01	 1.9550e+06	 1.2223e+05	-1.5994e+01
 3.8443e+03	 3.0018e+03	 5.6614e+00	 4.5655e-01	 3.2315e+02	 3.0350e+03	-8.5390e+01	 1.0253e+06	 8.2684e+04	-1.2401e+01
 5.7665e+03	 3.0018e+03	 5.5433e+00	 5.7441e-01	 3.2315e+02	 3.0374e+03	-8.4084e+01	 5.4329e+05	 5.6298e+04	-9.6503e+00
 8.6498e+03	 3.0018e+03	 5.3752e+00	 7.0424e-01	 3.2315e+02	 3.0402e+03	-8.2536e+01	 2.9542e+05	 3.8705e+04	-7.6326e+00
 1.2975e+04	 3.0018e+03	 5.1458e+00	 8.2347e-01	 3.2315e+02	 3.0427e+03	-8.0908e+01	 1.6843e+05	 2.6954e+04	-6.2489e+00
 1.9462e+04	 3.0018e+03	 4.8603e+00	 8.9881e-01	 3.2316e+02	 3.0452e+03	-7.9523e+01	 1.0288e+05	 1.9025e+04	-5.4074e+00
 2.9193e+04	 3.0018e+03	 4.5517e+00	 9.0290e-01	 3.2315e+02	 3.0504e+03	-7.8780e+01	 6.8273e+04	 1.3543e+04	-5.0412e+00
 4.3789e+04	 3.0018e+03	 4.2760e+00	 8.3720e-01	 3.2316e+02	 3.0530e+03	-7.8922e+01	 4.9087e+04	 9.6109e+03	-5.1075e+00
 6.5684e+04	 3.0018e+03	 4.0428e+00	 7.2899e-01	 3.2316e+02	 3.0554e+03	-7.9778e+01	 3.7582e+04	 6.7768e+03	-5.5457e+00
 9.8526e+04	 3.0018e+03	 3.8682e+00	 6.1235e-01	 3.2315e+02	 3.0579e+03	-8.1005e+01	 2.9828e+04	 4.7218e+03	-6.3170e+00
 1.4779e+05	 3.0018e+03	 3.7289e+00	 5.0870e-01	 3.2315e+02	 3.0606e+03	-8.2232e+01	 2.3937e+04	 3.2655e+03	-7.3303e+00
 2.2168e+05	 3.0018e+03	 3.6306e+00	 4.2783e-01	 3.2315e+02	 3.0632e+03	-8.3279e+01	 1.8974e+04	 2.2359e+03	-8.4862e+00
 3.3253e+05	 3.0018e+03	 3.5498e+00	 3.6764e-01	 3.2315e+02	 3.0659e+03	-8.4087e+01	 1.4720e+04	 1.5246e+03	-9.6555e+00
 4.9879e+05	 3.0018e+03	 3.4787e+00	 3.2418e-01	 3.2315e+02	 3.0684e+03	-8.4676e+01	 1.1129e+04	 1.0371e+03	-1.0731e+01
 7.4818e+05	 3.0018e+03	 3.4680e+00	 1.9365e-01	 3.2314e+02	 3.0764e+03	-8.6804e+01	 1.2421e+04	 6.9355e+02	-1.7909e+01
 9.0000e+05	 3.0018e+03	 3.4451e+00	 1.6706e-01	 3.2315e+02	 3.0841e+03	-8.7224e+01	 1.1969e+04	 5.8039e+02	-2.0622e+01
 1.0000e+02	 3.0814e+03	 5.9849e+00	 6.7297e-02	 3.2314e+02	 3.0906e+03	-8.9356e+01	 2.6741e+08	 3.0069e+06	-8.8932e+01
 1.5000e+02	 3.0814e+03	 5.9728e+00	 7.9977e-02	 3.2314e+02	 3.0934e+03	-8.9233e+01	 1.5001e+08	 2.0086e+06	-7.4682e+01
 2.2500e+02	 3.0814e+03	 5.9542e+00	 9.5249e-02	 3.2315e+02	 3.0959e+03	-8.9084e+01	 8.3970e+07	 1.3433e+06	-6.2512e+01
 3.3750e+02	 3.0814e+03	 5.9351e+00	 1.1585e-01	 3.2315e+02	 3.0983e+03	-8.8882e+01	 4.6024e+07	 8.9839e+05	-5.1230e+01
 5.0625e+02	 3.0814e+03	 5.9121e+00	 1.4280e-01	 3.2314e+02	 3.1011e+03	-8.8616e+01	 2.4892e+07	 6.0126e+05	-4.1400e+01
 7.5938e+02	 3.0814e+03	 5.8837e+00	 1.7739e-01	 3.2315e+02	 3.1038e+03	-8.8273e+01	 1.3360e+07	 4.0277e+05	-3.3169e+01
 1.1391e+03	 3.0814e+03	 5.8485e+00	 2.2291e-01	 3.2315e+02	 3.1062e+03	-8.7817e+01	 7.0873e+06	 2.7013e+05	-2.6237e+01
 1.7086e+03	 3.0814e+03	 5.8029e+00	 2.8241e-01	 3.2314e+02	 3.1088e+03	-8.7214e+01	 3.7295e+06	 1.8150e+05	-2.0547e+01
 2.5629e+03	 3.0814e+03	 5.7427e+00	 3.5951e-01	 3.2314e+02	 3.1114e+03	-8.6418e+01	 1.9531e+06	 1.2227e+05	-1.5974e+01
 3.8443e+03	 3.0814e+03	 5.6596e+00	 4.5686e-01	 3.2315e+02	 3.1138e+03	-8.5385e+01	 1.0246e+06	 8.2711e+04	-1.2388e+01
 5.7665e+03	 3.0814e+03	 5.5415e+00	 5.7470e-01	 3.2315e+02	 3.1163e+03	-8.4079e+01	 5.4302e+05	 5.6315e+04	-9.6425e+00
 8.6498e+03	 3.0814e+03	 5.3733e+00	 7.0418e-01	 3.2315e+02	 3.1189e+03	-8.2534e+01	 2.9545e+05	 3.8719e+04	-7.6305e+00
 1.2975e+04	 3.0814e+03	 5.1437e+00	 8.2309e-01	 3.2315e+02	 3.1214e+03	-8.0909e+01	 1.6851e+05	 2.6965e+04	-6.2493e+00
 1.9462e+04	 3.0814e+03	 4.8584e+00	 8.9817e-01	 3.2315e+02	 3.1242e+03	-7.9526e+01	 1.0295e+05	 1.9032e+04	-5.4093e+00
 2.9193e+04	 3.0814e+03	 4.5503e+00	 9.0207e-01	 3.2315e+02	 3.1294e+03	-7.8787e+01	 6.8336e+04	 1.3547e+04	-5.0443e+00
 4.3789e+04	 3.0814e+03	 4.2748e+00	 8.3649e-01	 3.2315e+02	 3.1319e+03	-7.8928e+01	 4.9129e+04	 9.6135e+03	-5.1105e+00
 6.5684e+04	 3.0814e+03	 4.0419e+00	 7.2855e-01	 3.2315e+02	 3.1343e+03	-7.9782e+01	 3.7605e+04	 6.7783e+03	-5.5479e+00
 9.8526e+04	 3.0814e+03	 3.8674e+00	 6.1214e-01	 3.2315e+02	 3.1369e+03	-8.1006e+01	 2.9838e+04	 4.7228e+03	-6.3177e+00
 1.4779e+05	 3.0814e+03	 3.7281e+00	 5.0874e-01	 3.2315e+02	 3.1395e+03	-8.2230e+01	 2.3935e+04	 3.2661e+03	-7.3282e+00
 2.2168e+05	 3.0814e+03	 3.6298e+00	 4.2804e-01	 3.2315e+02	 3.1422e+03	-8.3275e+01	 1.8965e+04	 2.2364e+03	-8.4801e+00
 3.3253e+05	 3.0814e+03	 3.5488e+00	 3.6793e-01	 3.2315e+02	 3.1448e+03	-8.4081e+01	 1.4709e+04	 1.5250e+03	-9.6453e+00
 4.9879e+05	 3.0814e+03	 3.4777e+00	 3.2455e-01	 3.2315e+02	 3.1476e+03	-8.4668e+01	 1.1117e+04	 1.0374e+03	-1.0716e+01
 7.4818e+05	 3.0814e+03	 3.4670e+00	 1.9111e-01	 3.2316e+02	 3.1553e+03	-8.6845e+01	 1.2586e+04	 6.9375e+02	-1.8141e+01
 9.0000e+05	 3.0814e+03	 3.4436e+00	 1.6949e-01	 3.2316e+02	 3.1631e+03	-8.7182e+01	 1.1797e+04	 5.8064e+02	-2.0317e+01
 1.0000e+02	 3.1604e+03	 5.9841e+00	 6.7728e-02	 3.2315e+02	 3.1702e+03	-8.9352e+01	 2.6571e+08	 3.0073e+06	-8.8355e+01
 1.5000e+02	 3.1604e+03	 5.9695e+00	 7.8589e-02	 3.2316e+02	 3.1727e+03	-8.9246e+01	 1.5266e+08	 2.0098e+06	-7.5958e+01
 2.2500e+02	 3.1604e+03	 5.9537e+00	 9.5648e-02	 3.2315e+02	 3.1754e+03	-8.9080e+01	 8.3620e+07	 1.3434e+06	-6.2246e+01
 3.3750e+02	 3.1604e+03	 5.9342e+00	 1.1621e-01	 3.2316e+02	 3.1779e+03	-8.8878e+01	 4.5883e+07	 8.9853e+05	-5.1064e+01
 5.0625e+02	 3.1604e+03	 5.9110e+00	 1.4286e-01	 3.2316e+02	 3.1807e+03	-8.8615e+01	 2.4882e+07	 6.0138e+05	-4.1374e+01
 7.5938e+02	 3.1604e+03	 5.8825e+00	 1.7776e-01	 3.2315e+02	 3.1834e+03	-8.8269e+01	 1.3331e+07	 4.0286e+05	-3.3092e+01
 1.1391e+03	 3.1604e+03	 5.8473e+00	 2.2329e-01	 3.2316e+02	 3.1861e+03	-8.7813e+01	 7.0753e+06	 2.7019e+05	-2.6187e+01
 1.7086e+03	 3.1604e+03	 5.8017e+00	 2.8273e-01	 3.2316e+02	 3.1887e+03	-8.7210e+01	 3.7253e+06	 1.8154e+05	-2.0520e+01
 2.5629e+03	 3.1604e+03	 5.7415e+00	 3.5984e-01	 3.2316e+02	 3.1914e+03	-8.6414e+01	 1.9513e+06	 1.2230e+05	-1.5956e+01
 3.8443e+03	 3.1604e+03	 5.6580e+00	 4.5697e-01	 3.2315e+02	 3.1939e+03	-8.5382e+01	 1.0244e+06	 8.2734e+04	-1.2382e+01
 5.7665e+03	 3.1604e+03	 5.5398e+00	 5.7455e-01	 3.2315e+02	 3.1967e+03	-8.4079e+01	 5.4316e+05	 5.6333e+04	-9.6421e+00
 8.6498e+03	 3.1604e+03	 5.3715e+00	 7.0373e-01	 3.2315e+02	 3.1992e+03	-8.2536e+01	 2.9564e+05	 3.8732e+04	-7.6330e+00
 1.2975e+04	 3.1604e+03	 5.1421e+00	 8.2260e-01	 3.2315e+02	 3.2019e+03	-8.0911e+01	 1.6861e+05	 2.6973e+04	-6.2511e+00
 1.9462e+04	 3.1604e+03	 4.8574e+00	 8.9768e-01	 3.2316e+02	 3.2045e+03	-7.9529e+01	 1.0301e+05	 1.9036e+04	-5.4110e+00
 2.9193e+04	 3.1604e+03	 4.5492e+00	 9.0127e-01	 3.2315e+02	 3.2096e+03	-7.8794e+01	 6.8397e+04	 1.3550e+04	-5.0476e+00
 4.3789e+04	 3.1604e+03	 4.2741e+00	 8.3616e-01	 3.2315e+02	 3.2120e+03	-7.8931e+01	 4.9148e+04	 9.6152e+03	-5.1115e+00
 6.5684e+04	 3.1604e+03	 4.0411e+00	 7.2818e-01	 3.2316e+02	 3.2147e+03	-7.9785e+01	 3.7624e+04	 6.7797e+03	-5.5496e+00
 9.8526e+04	 3.1604e+03	 3.8668e+00	 6.1208e-01	 3.2315e+02	 3.2172e+03	-8.1005e+01	 2.9841e+04	 4.7235e+03	-6.3175e+00
 1.4779e+05	 3.1604e+03	 3.7275e+00	 5.0885e-01	 3.2315e+02	 3.2201e+03	-8.2227e+01	 2.3930e+04	 3.2667e+03	-7.3254e+00
 2.2168e+05	 3.1604e+03	 3.6289e+00	 4.2822e-01	 3.2315e+02	 3.2227e+03	-8.3270e+01	 1.8957e+04	 2.2370e+03	-8.4743e+00
 3.3253e+05	 3.1604e+03	 3.5477e+00	 3.6823e-01	 3.2315e+02	 3.2255e+03	-8.4074e+01	 1.4697e+04	 1.5254e+03	-9.6346e+00
 4.9879e+05	 3.1604e+03	 3.4766e+00	 3.2475e-01	 3.2315e+02	 3.2281e+03	-8.4663e+01	 1.1110e+04	 1.0378e+03	-1.0705e+01
 7.4818e+05	 3.1604e+03	 3.4659e+00	 1.8928e-01	 3.2315e+02	 3.2357e+03	-8.6874e+01	 1.2707e+04	 6.9398e+02	-1.8311e+01
 9.0000e+05	 3.1604e+03	 3.4426e+00	 1.6711e-01	 3.2315e+02	 3.2438e+03	-8.7221e+01	 1.1965e+04	 5.8082e+02	-2.0600e+01
 1.0000e+02	 3.2411e+03	 5.9834e+00	 6.7949e-02	 3.2315e+02	 3.2503e+03	-8.9349e+01	 2.6484e+08	 3.0076e+06	-8.8057e+01
 1.5000e+02	 3.2411e+03	 5.9674e+00	 8.1450e-02	 3.2315e+02	 3.2532e+03	-8.9218e+01	 1.4729e+08	 2.0104e+06	-7.3265e+01
 2.2500e+02	 3.2411e+03	 5.9528e+00	 9.5869e-02	 3.2315e+02	 3.2556e+03	-8.9077e+01	 8.3428e+07	 1.3436e+06	-6.2093e+01
 3.3750e+02	 3.2411e+03	 5.9334e+00	 1.1656e-01	 3.2314e+02	 3.2581e+03	-8.8875e+01	 4.5745e+07	 8.9865e+05	-5.0904e+01
 5.0625e+02	 3.2411e+03	 5.9100e+00	 1.4334e-01	 3.2314e+02	 3.2607e+03	-8.8611e+01	 2.4799e+07	 6.0147e+05	-4.1231e+01
 7.5938e+02	 3.2411e+03	 5.8816e+00	 1.7835e-01	 3.2315e+02	 3.2633e+03	-8.8263e+01	 1.3287e+07	 4.0292e+05	-3.2977e+01
 1.1391e+03	 3.2411e+03	 5.8459e+00	 2.2381e-01	 3.2314e+02	 3.2661e+03	-8.7808e+01	 7.0590e+06	 2.7025e+05	-2.6120e+01
 1.7086e+03	 3.2411e+03	 5.8002e+00	 2.8311e-01	 3.2315e+02	 3.2687e+03	-8.7206e+01	 3.7203e+06	 1.8159e+05	-2.0487e+01
 2.5629e+03	 3.2411e+03	 5.7396e+00	 3.6002e-01	 3.2315e+02	 3.2714e+03	-8.6411e+01	 1.9504e+06	 1.2234e+05	-1.5942e+01
 3.8443e+03	 3.2411e+03	 5.6562e+00	 4.5739e-01	 3.2314e+02	 3.2738e+03	-8.5377e+01	 1.0234e+06	 8.2761e+04	-1.2366e+01
 5.7665e+03	 3.2411e+03	 5.5378e+00	 5.7473e-01	 3.2315e+02	 3.2762e+03	-8.4075e+01	 5.4299e+05	 5.6353e+04	-9.6355e+00
 8.6498e+03	 3.2411e+03	 5.3694e+00	 7.0383e-01	 3.2315e+02	 3.2788e+03	-8.2532e+01	 2.9560e+05	 3.8747e+04	-7.6289e+00
 1.2975e+04	 3.2411e+03	 5.1402e+00	 8.2236e-01	 3.2315e+02	 3.2812e+03	-8.0910e+01	 1.6866e+05	 2.6983e+04	-6.2505e+00
 1.9462e+04	 3.2411e+03	 4.8553e+00	 8.9699e-01	 3.2314e+02	 3.2839e+03	-7.9533e+01	 1.0308e+05	 1.9045e+04	-5.4128e+00
 2.9193e+04	 3.2411e+03	 4.5476e+00	 9.0064e-01	 3.2314e+02	 3.2888e+03	-7.8798e+01	 6.8444e+04	 1.3555e+04	-5.0493e+00
 4.3789e+04	 3.2411e+03	 4.2727e+00	 8.3517e-01	 3.2315e+02	 3.2914e+03	-7.8940e+01	 4.9207e+04	 9.6184e+03	-5.1159e+00
 6.5684e+04	 3.2411e+03	 4.0402e+00	 7.2767e-01	 3.2314e+02	 3.2938e+03	-7.9790e+01	 3.7651e+04	 6.7812e+03	-5.5523e+00
 9.8526e+04	 3.2411e+03	 3.8658e+00	 6.1186e-01	 3.2314e+02	 3.2965e+03	-8.1006e+01	 2.9851e+04	 4.7247e+03	-6.3182e+00
 1.4779e+05	 3.2411e+03	 3.7266e+00	 5.0881e-01	 3.2314e+02	 3.2991e+03	-8.2225e+01	 2.3932e+04	 3.2675e+03	-7.3242e+00
 2.2168e+05	 3.2411e+03	 3.6280e+00	 4.2853e-01	 3.2314e+02	 3.3016e+03	-8.3264e+01	 1.8943e+04	 2.2375e+03	-8.4663e+00
 3.3253e+05	 3.2411e+03	 3.5466e+00	 3.6855e-01	 3.2315e+02	 3.3042e+03	-8.4067e+01	 1.4684e+04	 1.5259e+03	-9.6231e+00
 4.9879e+05	 3.2411e+03	 3.4754e+00	 3.2494e-01	 3.2315e+02	 3.3068e+03	-8.4659e+01	 1.1103e+04	 1.0381e+03	-1.0696e+01
 7.4818e+05	 3.2411e+03	 3.4645e+00	 1.9013e-01	 3.2315e+02	 3.3144e+03	-8.6859e+01	 1.2650e+04	 6.9425e+02	-1.8222e+01
 9.0000e+05	 3.2411e+03	 3.4413e+00	 1.6854e-01	 3.2315e+02	 3.3224e+03	-8.7196e+01	 1.1864e+04	 5.8104e+02	-2.0418e+01
 1.0000e+02	 3.3197e+03	 5.9827e+00	 6.8499e-02	 3.2315e+02	 3.3296e+03	-8.9344e+01	 2.6272e+08	 3.0080e+06	-8.7340e+01
 1.5000e+02	 3.3197e+03	 5.9690e+00	 8.0901e-02	 3.2315e+02	 3.3321e+03	-8.9223e+01	 1.4829e+08	 2.0099e+06	-7.3782e+01
 2.2500e+02	 3.3197e+03	 5.9519e+00	 9.6225e-02	 3.2315e+02	 3.3349e+03	-8.9074e+01	 8.3119e+07	 1.3438e+06	-6.1855e+01
 3.3750e+02	 3.3197e+03	 5.9326e+00	 1.1681e-01	 3.2315e+02	 3.3374e+03	-8.8872e+01	 4.5648e+07	 8.9878e+05	-5.0789e+01
 5.0625e+02	 3.3197e+03	 5.9088e+00	 1.4331e-01	 3.2315e+02	 3.3400e+03	-8.8611e+01	 2.4804e+07	 6.0160e+05	-4.1231e+01
 7.5938e+02	 3.3197e+03	 5.8802e+00	 1.7865e-01	 3.2314e+02	 3.3426e+03	-8.8260e+01	 1.3265e+07	 4.0301e+05	-3.2915e+01
 1.1391e+03	 3.3197e+03	 5.8448e+00	 2.2409e-01	 3.2314e+02	 3.3451e+03	-8.7804e+01	 7.0500e+06	 2.7030e+05	-2.6082e+01
 1.7086e+03	 3.3197e+03	 5.7989e+00	 2.8352e-01	 3.2316e+02	 3.3479e+03	-8.7201e+01	 3.7149e+06	 1.8163e+05	-2.0453e+01
 2.5629e+03	 3.3197e+03	 5.7380e+00	 3.6030e-01	 3.2315e+02	 3.3507e+03	-8.6407e+01	 1.9489e+06	 1.2237e+05	-1.5926e+01
 3.8443e+03	 3.3197e+03	 5.6545e+00	 4.5748e-01	 3.2315e+02	 3.3532e+03	-8.5374e+01	 1.0232e+06	 8.2786e+04	-1.2360e+01
 5.7665e+03	 3.3197e+03	 5.5361e+00	 5.7474e-01	 3.2315e+02	 3.3556e+03	-8.4073e+01	 5.4298e+05	 5.6370e+04	-9.6325e+00
 8.6498e+03	 3.3197e+03	 5.3677e+00	 7.0352e-01	 3.2315e+02	 3.3583e+03	-8.2533e+01	 2.9572e+05	 3.8759e+04	-7.6298e+00
 1.2975e+04	 3.3197e+03	 5.1385e+00	 8.2198e-01	 3.2315e+02	 3.3608e+03	-8.0912e+01	 1.6874e+05	 2.6992e+04	-6.2514e+00
 1.9462e+04	 3.3197e+03	 4.8541e+00	 8.9645e-01	 3.2315e+02	 3.3635e+03	-7.9537e+01	 1.0315e+05	 1.9049e+04	-5.4148e+00
 2.9193e+04	 3.3197e+03	 4.5466e+00	 9.0001e-01	 3.2315e+02	 3.3684e+03	-7.8803e+01	 6.8492e+04	 1.3558e+04	-5.0517e+00
 4.3789e+04	 3.3197e+03	 4.2720e+00	 8.3476e-01	 3.2315e+02	 3.3711e+03	-7.8944e+01	 4.9231e+04	 9.6198e+03	-5.1177e+00
 6.5684e+04	 3.3197e+03	 4.0397e+00	 7.2749e-01	 3.2315e+02	 3.3735e+03	-7.9791e+01	 3.7660e+04	 6.7821e+03	-5.5529e+00
 9.8526e+04	 3.3197e+03	 3.8651e+00	 6.1178e-01	 3.2315e+02	 3.3762e+03	-8.1006e+01	 2.9856e+04	 4.7256e+03	-6.3179e+00
 1.4779e+05	 3.3197e+03	 3.7261e+00	 5.0910e-01	 3.2315e+02	 3.3788e+03	-8.2220e+01	 2.3918e+04	 3.2679e+03	-7.3190e+00
 2.2168e+05	 3.3197e+03	 3.6271e+00	 4.2874e-01	 3.2315e+02	 3.3815e+03	-8.3259e+01	 1.8934e+04	 2.2381e+03	-8.4600e+00
 3.3253e+05	 3.3197e+03	 3.5457e+00	 3.6887e-01	 3.2314e+02	 3.3840e+03	-8.4061e+01	 1.4671e+04	 1.5263e+03	-9.6124e+00
 4.9879e+05	 3.3197e+03	 3.4742e+00	 3.2546e-01	 3.2315e+02	 3.3867e+03	-8.4648e+01	 1.1085e+04	 1.0385e+03	-1.0675e+01
 7.4818e+05	 3.3197e+03	 3.4632e+00	 1.9262e-01	 3.2314e+02	 3.3946e+03	-8.6817e+01	 1.2487e+04	 6.9451e+02	-1.7980e+01
 9.0000e+05	 3.3197e+03	 3.4399e+00	 1.6883e-01	 3.2315e+02	 3.4023e+03	-8.7190e+01	 1.1843e+04	 5.8127e+02	-2.0375e+01
 1.0000e+02	 3.3996e+03	 5.9817e+00	 6.8587e-02	 3.2315e+02	 3.4092e+03	-8.9343e+01	 2.6238e+08	 3.0084e+06	-8.7214e+01
 1.5000e+02	 3.3996e+03	 5.9677e+00	 8.1279e-02	 3.2315e+02	 3.4117e+03	-8.9220e+01	 1.4760e+08	 2.0104e+06	-7.3422e+01
 2.2500e+02	 3.3996e+03	 5.9512e+00	 9.6562e-02	 3.2315e+02	 3.4144e+03	-8.9070e+01	 8.2828e+07	 1.3439e+06	-6.1630e+01
 3.3750e+02	 3.3996e+03	 5.9315e+00	 1.1733e-01	 3.2315e+02	 3.4169e+03	-8.8867e+01	 4.5446e+07	 8.9894e+05	-5.0555e+01
 5.0625e+02	 3.3996e+03	 5.9079e+00	 1.4409e-01	 3.2315e+02	 3.4193e+03	-8.8603e+01	 2.4670e+07	 6.0168e+05	-4.1002e+01
 7.5938e+02	 3.3996e+03	 5.8791e+00	 1.7905e-01	 3.2315e+02	 3.4219e+03	-8.8256e+01	 1.3236e+07	 4.0309e+05	-3.2836e+01
 1.1391e+03	 3.3996e+03	 5.8435e+00	 2.2475e-01	 3.2315e+02	 3.4244e+03	-8.7797e+01	 7.0293e+06	 2.7036e+05	-2.6000e+01
 1.7086e+03	 3.3996e+03	 5.7973e+00	 2.8406e-01	 3.2315e+02	 3.4272e+03	-8.7195e+01	 3.7078e+06	 1.8168e+05	-2.0409e+01
 2.5629e+03	 3.3996e+03	 5.7366e+00	 3.6078e-01	 3.2315e+02	 3.4298e+03	-8.6401e+01	 1.9463e+06	 1.2240e+05	-1.5901e+01
 3.8443e+03	 3.3996e+03	 5.6529e+00	 4.5770e-01	 3.2315e+02	 3.4324e+03	-8.5371e+01	 1.0227e+06	 8.2809e+04	-1.2351e+01
 5.7665e+03	 3.3996e+03	 5.5344e+00	 5.7478e-01	 3.2315e+02	 3.4349e+03	-8.4071e+01	 5.4295e+05	 5.6388e+04	-9.6287e+00
 8.6498e+03	 3.3996e+03	 5.3658e+00	 7.0343e-01	 3.2315e+02	 3.4374e+03	-8.2531e+01	 2.9576e+05	 3.8773e+04	-7.6281e+00
 1.2975e+04	 3.3996e+03	 5.1368e+00	 8.2155e-01	 3.2315e+02	 3.4401e+03	-8.0913e+01	 1.6883e+05	 2.7001e+04	-6.2526e+00
 1.9462e+04	 3.3996e+03	 4.8525e+00	 8.9589e-01	 3.2315e+02	 3.4427e+03	-7.9540e+01	 1.0321e+05	 1.9055e+04	-5.4164e+00
 2.9193e+04	 3.3996e+03	 4.5454e+00	 8.9923e-01	 3.2316e+02	 3.4479e+03	-7.8809e+01	 6.8552e+04	 1.3562e+04	-5.0547e+00
 4.3789e+04	 3.3996e+03	 4.2710e+00	 8.3424e-01	 3.2315e+02	 3.4504e+03	-7.8948e+01	 4.9261e+04	 9.6222e+03	-5.1196e+00
 6.5684e+04	 3.3996e+03	 4.0390e+00	 7.2710e-01	 3.2315e+02	 3.4530e+03	-7.9795e+01	 3.7680e+04	 6.7832e+03	-5.5549e+00
 9.8526e+04	 3.3996e+03	 3.8645e+00	 6.1174e-01	 3.2315e+02	 3.4554e+03	-8.1005e+01	 2.9857e+04	 4.7264e+03	-6.3172e+00
 1.4779e+05	 3.3996e+03	 3.7253e+00	 5.0914e-01	 3.2315e+02	 3.4581e+03	-8.2218e+01	 2.3916e+04	 3.2686e+03	-7.3169e+00
 2.2168e+05	 3.3996e+03	 3.6263e+00	 4.2902e-01	 3.2315e+02	 3.4607e+03	-8.3253e+01	 1.8922e+04	 2.2386e+03	-8.4526e+00
 3.3253e+05	 3.3996e+03	 3.5448e+00	 3.6911e-01	 3.2315e+02	 3.4634e+03	-8.4055e+01	 1.4662e+04	 1.5267e+03	-9.6036e+00
 4.9879e+05	 3.3996e+03	 3.4732e+00	 3.2568e-01	 3.2314e+02	 3.4659e+03	-8.4643e+01	 1.1078e+04	 1.0388e+03	-1.0664e+01
 7.4818e+05	 3.3996e+03	 3.4622e+00	 1.9214e-01	 3.2315e+02	 3.4741e+03	-8.6824e+01	 1.2518e+04	 6.9472e+02	-1.8019e+01
 9.0000e+05	 3.3996e+03	 3.4389e+00	 1.6886e-01	 3.2315e+02	 3.4818e+03	-8.7189e+01	 1.1841e+04	 5.8145e+02	-2.0365e+01
 1.0000e+02	 3.4791e+03	 5.9814e+00	 6.8532e-02	 3.2315e+02	 3.4885e+03	-8.9344e+01	 2.6259e+08	 3.0086e+06	-8.7279e+01
 1.5000e+02	 3.4791e+03	 5.9671e+00	 7.9710e-02	 3.2315e+02	 3.4912e+03	-8.9235e+01	 1.5051e+08	 2.0105e+06	-7.4860e+01
 2.2500e+02	 3.4791e+03	 5.9501e+00	 9.6699e-02	 3.2315e+02	 3.4936e+03	-8.9069e+01	 8.2712e+07	 1.3442e+06	-6.1532e+01
 3.3750e+02	 3.4791e+03	 5.9306e+00	 1.1754e-01	 3.2315e+02	 3.4961e+03	-8.8865e+01	 4.5365e+07	 8.9907e+05	-5.0457e+01
 5.0625e+02	 3.4791e+03	 5.9071e+00	 1.4448e-01	 3.2315e+02	 3.4986e+03	-8.8599e+01	 2.4604e+07	 6.0177e+05	-4.0886e+01
 7.5938e+02	 3.4791e+03	 5.8782e+00	 1.7937e-01	 3.2315e+02	 3.5012e+03	-8.8252e+01	 1.3212e+07	 4.0315e+05	-3.2771e+01
 1.1391e+03	 3.4791e+03	 5.8422e+00	 2.2506e-01	 3.2315e+02	 3.5039e+03	-8.7794e+01	 7.0197e+06	 2.7042e+05	-2.5958e+01
 1.7086e+03	 3.4791e+03	 5.7960e+00	 2.8428e-01	 3.2316e+02	 3.5066e+03	-8.7192e+01	 3.7050e+06	 1.8172e+05	-2.0389e+01
 2.5629e+03	 3.4791e+03	 5.7352e+00	 3.6096e-01	 3.2315e+02	 3.5092e+03	-8.6399e+01	 1.9452e+06	 1.2243e+05	-1.5889e+01
 3.8443e+03	 3.4791e+03	 5.6513e+00	 4.5781e-01	 3.2315e+02	 3.5117e+03	-8.5369e+01	 1.0225e+06	 8.2832e+04	-1.2344e+01
 5.7665e+03	 3.4791e+03	 5.5327e+00	 5.7477e-01	 3.2316e+02	 3.5141e+03	-8.4069e+01	 5.4295e+05	 5.6405e+04	-9.6260e+00
 8.6498e+03	 3.4791e+03	 5.3644e+00	 7.0309e-01	 3.2315e+02	 3.5167e+03	-8.2533e+01	 2.9591e+05	 3.8783e+04	-7.6297e+00
 1.2975e+04	 3.4791e+03	 5.1354e+00	 8.2112e-01	 3.2316e+02	 3.5191e+03	-8.0916e+01	 1.6891e+05	 2.7009e+04	-6.2540e+00
 1.9462e+04	 3.4791e+03	 4.8513e+00	 8.9529e-01	 3.2316e+02	 3.5219e+03	-7.9544e+01	 1.0328e+05	 1.9060e+04	-5.4187e+00
 2.9193e+04	 3.4791e+03	 4.5444e+00	 8.9872e-01	 3.2316e+02	 3.5269e+03	-7.8813e+01	 6.8591e+04	 1.3565e+04	-5.0565e+00
 4.3789e+04	 3.4791e+03	 4.2703e+00	 8.3373e-01	 3.2315e+02	 3.5296e+03	-7.8952e+01	 4.9292e+04	 9.6238e+03	-5.1218e+00
 6.5684e+04	 3.4791e+03	 4.0383e+00	 7.2683e-01	 3.2316e+02	 3.5320e+03	-7.9797e+01	 3.7695e+04	 6.7844e+03	-5.5561e+00
 9.8526e+04	 3.4791e+03	 3.8640e+00	 6.1167e-01	 3.2315e+02	 3.5347e+03	-8.1005e+01	 2.9861e+04	 4.7269e+03	-6.3172e+00
 1.4779e+05	 3.4791e+03	 3.7246e+00	 5.0931e-01	 3.2315e+02	 3.5373e+03	-8.2214e+01	 2.3908e+04	 3.2692e+03	-7.3131e+00
 2.2168e+05	 3.4791e+03	 3.6256e+00	 4.2918e-01	 3.2315e+02	 3.5401e+03	-8.3249e+01	 1.8914e+04	 2.2390e+03	-8.4477e+00
 3.3253e+05	 3.4791e+03	 3.5439e+00	 3.6948e-01	 3.2315e+02	 3.5427e+03	-8.4048e+01	 1.4647e+04	 1.5271e+03	-9.5914e+00
 4.9879e+05	 3.4791e+03	 3.4721e+00	 3.2599e-01	 3.2315e+02	 3.5454e+03	-8.4636e+01	 1.1067e+04	 1.0391e+03	-1.0651e+01
 7.4818e+05	 3.4791e+03	 3.4607e+00	 1.9653e-01	 3.2316e+02	 3.5531e+03	-8.6750e+01	 1.2238e+04	 6.9503e+02	-1.7609e+01
 9.0000e+05	 3.4791e+03	 3.4379e+00	 1.6688e-01	 3.2316e+02	 3.5607e+03	-8.7221e+01	 1.1982e+04	 5.8161e+02	-2.0601e+01
 1.0000e+02	 3.5580e+03	 5.9805e+00	 6.8943e-02	 3.2315e+02	 3.5672e+03	-8.9340e+01	 2.6102e+08	 3.0091e+06	-8.6746e+01
 1.5000e+02	 3.5580e+03	 5.9655e+00	 7.9670e-02	 3.2316e+02	 3.5696e+03	-8.9235e+01	 1.5058e+08	 2.0111e+06	-7.4877e+01
 2.2500e+02	 3.5580e+03	 5.9491e+00	 9.7135e-02	 3.2316e+02	 3.5722e+03	-8.9065e+01	 8.2340e+07	 1.3444e+06	-6.1246e+01
 3.3750e+02	 3.5580e+03	 5.9296e+00	 1.1773e-01	 3.2316e+02	 3.5747e+03	-8.8863e+01	 4.5292e+07	 8.9922e+05	-5.0368e+01
 5.0625e+02	 3.5580e+03	 5.9057e+00	 1.4470e-01	 3.2315e+02	 3.5774e+03	-8.8596e+01	 2.4565e+07	 6.0192e+05	-4.0812e+01
 7.5938e+02	 3.5580e+03	 5.8771e+00	 1.7982e-01	 3.2315e+02	 3.5799e+03	-8.8247e+01	 1.3179e+07	 4.0323e+05	-3.2683e+01
 1.1391e+03	 3.5580e+03	 5.8412e+00	 2.2520e-01	 3.2315e+02	 3.5827e+03	-8.7792e+01	 7.0155e+06	 2.7047e+05	-2.5938e+01
 1.7086e+03	 3.5580e+03	 5.7948e+00	 2.8467e-01	 3.2315e+02	 3.5852e+03	-8.7188e+01	 3.6999e+06	 1.8176e+05	-2.0356e+01
 2.5629e+03	 3.5580e+03	 5.7336e+00	 3.6133e-01	 3.2315e+02	 3.5880e+03	-8.6394e+01	 1.9433e+06	 1.2247e+05	-1.5868e+01
 3.8443e+03	 3.5580e+03	 5.6494e+00	 4.5829e-01	 3.2315e+02	 3.5904e+03	-8.5362e+01	 1.0214e+06	 8.2860e+04	-1.2327e+01
 5.7665e+03	 3.5580e+03	 5.5306e+00	 5.7509e-01	 3.2315e+02	 3.5929e+03	-8.4063e+01	 5.4265e+05	 5.6427e+04	-9.6169e+00
 8.6498e+03	 3.5580e+03	 5.3621e+00	 7.0323e-01	 3.2315e+02	 3.5956e+03	-8.2528e+01	 2.9585e+05	 3.8800e+04	-7.6250e+00
 1.2975e+04	 3.5580e+03	 5.1331e+00	 8.2082e-01	 3.2315e+02	 3.5981e+03	-8.0915e+01	 1.6898e+05	 2.7020e+04	-6.2537e+00
 1.9462e+04	 3.5580e+03	 4.8490e+00	 8.9465e-01	 3.2315e+02	 3.6009e+03	-7.9546e+01	 1.0336e+05	 1.9069e+04	-5.4200e+00
 2.9193e+04	 3.5580e+03	 4.5424e+00	 8.9790e-01	 3.2316e+02	 3.6059e+03	-7.8819e+01	 6.8654e+04	 1.3571e+04	-5.0589e+00
 4.3789e+04	 3.5580e+03	 4.2686e+00	 8.3304e-01	 3.2314e+02	 3.6085e+03	-7.8957e+01	 4.9333e+04	 9.6274e+03	-5.1242e+00
 6.5684e+04	 3.5580e+03	 4.0370e+00	 7.2621e-01	 3.2315e+02	 3.6110e+03	-7.9802e+01	 3.7727e+04	 6.7865e+03	-5.5590e+00
 9.8526e+04	 3.5580e+03	 3.8629e+00	 6.1132e-01	 3.2315e+02	 3.6137e+03	-8.1007e+01	 2.9878e+04	 4.7282e+03	-6.3190e+00
 1.4779e+05	 3.5580e+03	 3.7238e+00	 5.0913e-01	 3.2315e+02	 3.6163e+03	-8.2215e+01	 2.3916e+04	 3.2699e+03	-7.3140e+00
 2.2168e+05	 3.5580e+03	 3.6245e+00	 4.2926e-01	 3.2315e+02	 3.6189e+03	-8.3246e+01	 1.8911e+04	 2.2397e+03	-8.4436e+00
 3.3253e+05	 3.5580e+03	 3.5427e+00	 3.6950e-01	 3.2315e+02	 3.6214e+03	-8.4046e+01	 1.4646e+04	 1.5276e+03	-9.5878e+00
 4.9879e+05	 3.5580e+03	 3.4709e+00	 3.2624e-01	 3.2315e+02	 3.6239e+03	-8.4630e+01	 1.1059e+04	 1.0395e+03	-1.0639e+01
 7.4818e+05	 3.5580e+03	 3.4597e+00	 1.9188e-01	 3.2315e+02	 3.6317e+03	-8.6825e+01	 1.2535e+04	 6.9522e+02	-1.8030e+01
 9.0000e+05	 3.5580e+03	 3.4362e+00	 1.6882e-01	 3.2314e+02	 3.6396e+03	-8.7187e+01	 1.1844e+04	 5.8190e+02	-2.0355e+01
 1.0000e+02	 3.6369e+03	 5.9799e+00	 6.9039e-02	 3.2314e+02	 3.6461e+03	-8.9339e+01	 2.6066e+08	 3.0094e+06	-8.6616e+01
 1.5000e+02	 3.6369e+03	 5.9638e+00	 8.1457e-02	 3.2314e+02	 3.6489e+03	-8.9217e+01	 1.4728e+08	 2.0117e+06	-7.3214e+01
 2.2500e+02	 3.6369e+03	 5.9487e+00	 9.7660e-02	 3.2314e+02	 3.6514e+03	-8.9059e+01	 8.1897e+07	 1.3445e+06	-6.0912e+01
 3.3750e+02	 3.6369e+03	 5.9288e+00	 1.1823e-01	 3.2314e+02	 3.6539e+03	-8.8858e+01	 4.5101e+07	 8.9935e+05	-5.0148e+01
 5.0625e+02	 3.6369e+03	 5.9050e+00	 1.4539e-01	 3.2315e+02	 3.6565e+03	-8.8590e+01	 2.4450e+07	 6.0198e+05	-4.0616e+01
 7.5938e+02	 3.6369e+03	 5.8760e+00	 1.8029e-01	 3.2314e+02	 3.6592e+03	-8.8243e+01	 1.3144e+07	 4.0330e+05	-3.2591e+01
 1.1391e+03	 3.6369e+03	 5.8395e+00	 2.2575e-01	 3.2314e+02	 3.6616e+03	-8.7786e+01	 6.9984e+06	 2.7055e+05	-2.5867e+01
 1.7086e+03	 3.6369e+03	 5.7930e+00	 2.8519e-01	 3.2315e+02	 3.6642e+03	-8.7182e+01	 3.6931e+06	 1.8181e+05	-2.0313e+01
 2.5629e+03	 3.6369e+03	 5.7319e+00	 3.6188e-01	 3.2315e+02	 3.6669e+03	-8.6388e+01	 1.9403e+06	 1.2250e+05	-1.5839e+01
 3.8443e+03	 3.6369e+03	 5.6477e+00	 4.5862e-01	 3.2314e+02	 3.6694e+03	-8.5358e+01	 1.0207e+06	 8.2885e+04	-1.2315e+01
 5.7665e+03	 3.6369e+03	 5.5288e+00	 5.7537e-01	 3.2315e+02	 3.6718e+03	-8.4059e+01	 5.4239e+05	 5.6445e+04	-9.6092e+00
 8.6498e+03	 3.6369e+03	 5.3602e+00	 7.0332e-01	 3.2314e+02	 3.6746e+03	-8.2525e+01	 2.9581e+05	 3.8814e+04	-7.6212e+00
 1.2975e+04	 3.6369e+03	 5.1311e+00	 8.2064e-01	 3.2315e+02	 3.6771e+03	-8.0913e+01	 1.6901e+05	 2.7031e+04	-6.2526e+00
 1.9462e+04	 3.6369e+03	 4.8472e+00	 8.9416e-01	 3.2315e+02	 3.6799e+03	-7.9548e+01	 1.0341e+05	 1.9076e+04	-5.4209e+00
 2.9193e+04	 3.6369e+03	 4.5410e+00	 8.9726e-01	 3.2315e+02	 3.6851e+03	-7.8823e+01	 6.8703e+04	 1.3575e+04	-5.0609e+00
 4.3789e+04	 3.6369e+03	 4.2676e+00	 8.3226e-01	 3.2315e+02	 3.6876e+03	-7.8965e+01	 4.9379e+04	 9.6298e+03	-5.1277e+00
 6.5684e+04	 3.6369e+03	 4.0363e+00	 7.2569e-01	 3.2315e+02	 3.6904e+03	-7.9808e+01	 3.7753e+04	 6.7878e+03	-5.5620e+00
 9.8526e+04	 3.6369e+03	 3.8621e+00	 6.1109e-01	 3.2316e+02	 3.6929e+03	-8.1009e+01	 2.9889e+04	 4.7292e+03	-6.3201e+00
 1.4779e+05	 3.6369e+03	 3.7229e+00	 5.0922e-01	 3.2315e+02	 3.6957e+03	-8.2211e+01	 2.3912e+04	 3.2707e+03	-7.3111e+00
 2.2168e+05	 3.6369e+03	 3.6238e+00	 4.2952e-01	 3.2315e+02	 3.6983e+03	-8.3240e+01	 1.8899e+04	 2.2401e+03	-8.4367e+00
 3.3253e+05	 3.6369e+03	 3.5419e+00	 3.6983e-01	 3.2316e+02	 3.7009e+03	-8.4039e+01	 1.4633e+04	 1.5280e+03	-9.5769e+00
 4.9879e+05	 3.6369e+03	 3.4699e+00	 3.2648e-01	 3.2315e+02	 3.7037e+03	-8.4625e+01	 1.1051e+04	 1.0398e+03	-1.0628e+01
 7.4818e+05	 3.6369e+03	 3.4585e+00	 1.9442e-01	 3.2315e+02	 3.7117e+03	-8.6782e+01	 1.2371e+04	 6.9547e+02	-1.7789e+01
 9.0000e+05	 3.6369e+03	 3.4352e+00	 1.6973e-01	 3.2315e+02	 3.7196e+03	-8.7171e+01	 1.1781e+04	 5.8206e+02	-2.0239e+01
 1.0000e+02	 3.7169e+03	 5.9791e+00	 6.9558e-02	 3.2315e+02	 3.7263e+03	-8.9333e+01	 2.5872e+08	 3.0098e+06	-8.5959e+01
 1.5000e+02	 3.7169e+03	 5.9671e+00	 8.3036e-02	 3.2315e+02	 3.7289e+03	-8.9203e+01	 1.4448e+08	 2.0105e+06	-7.1862e+01
 2.2500e+02	 3.7169e+03	 5.9478e+00	 9.7643e-02	 3.2316e+02	 3.7314e+03	-8.9059e+01	 8.1911e+07	 1.3447e+06	-6.0914e+01
 3.3750e+02	 3.7169e+03	 5.9278e+00	 1.1851e-01	 3.2316e+02	 3.7338e+03	-8.8855e+01	 4.4994e+07	 8.9951e+05	-5.0021e+01
 5.0625e+02	 3.7169e+03	 5.9042e+00	 1.4527e-01	 3.2315e+02	 3.7364e+03	-8.8591e+01	 2.4470e+07	 6.0206e+05	-4.0643e+01
 7.5938e+02	 3.7169e+03	 5.8748e+00	 1.8046e-01	 3.2316e+02	 3.7389e+03	-8.8241e+01	 1.3132e+07	 4.0338e+05	-3.2555e+01
 1.1391e+03	 3.7169e+03	 5.8386e+00	 2.2636e-01	 3.2315e+02	 3.7416e+03	-8.7780e+01	 6.9795e+06	 2.7059e+05	-2.5794e+01
 1.7086e+03	 3.7169e+03	 5.7919e+00	 2.8555e-01	 3.2316e+02	 3.7443e+03	-8.7177e+01	 3.6884e+06	 1.8185e+05	-2.0283e+01
 2.5629e+03	 3.7169e+03	 5.7309e+00	 3.6210e-01	 3.2315e+02	 3.7471e+03	-8.6385e+01	 1.9392e+06	 1.2252e+05	-1.5827e+01
 3.8443e+03	 3.7169e+03	 5.6463e+00	 4.5881e-01	 3.2316e+02	 3.7495e+03	-8.5354e+01	 1.0203e+06	 8.2905e+04	-1.2306e+01
 5.7665e+03	 3.7169e+03	 5.5272e+00	 5.7532e-01	 3.2315e+02	 3.7522e+03	-8.4057e+01	 5.4243e+05	 5.6462e+04	-9.6071e+00
 8.6498e+03	 3.7169e+03	 5.3585e+00	 7.0304e-01	 3.2316e+02	 3.7548e+03	-8.2525e+01	 2.9593e+05	 3.8826e+04	-7.6219e+00
 1.2975e+04	 3.7169e+03	 5.1297e+00	 8.2032e-01	 3.2315e+02	 3.7573e+03	-8.0914e+01	 1.6908e+05	 2.7039e+04	-6.2533e+00
 1.9462e+04	 3.7169e+03	 4.8457e+00	 8.9355e-01	 3.2316e+02	 3.7601e+03	-7.9552e+01	 1.0348e+05	 1.9082e+04	-5.4230e+00
 2.9193e+04	 3.7169e+03	 4.5399e+00	 8.9671e-01	 3.2315e+02	 3.7653e+03	-7.8827e+01	 6.8745e+04	 1.3578e+04	-5.0628e+00
 4.3789e+04	 3.7169e+03	 4.2666e+00	 8.3178e-01	 3.2315e+02	 3.7678e+03	-7.8968e+01	 4.9407e+04	 9.6320e+03	-5.1295e+00
 6.5684e+04	 3.7169e+03	 4.0355e+00	 7.2538e-01	 3.2315e+02	 3.7704e+03	-7.9810e+01	 3.7770e+04	 6.7891e+03	-5.5633e+00
 9.8526e+04	 3.7169e+03	 3.8615e+00	 6.1092e-01	 3.2315e+02	 3.7729e+03	-8.1010e+01	 2.9897e+04	 4.7300e+03	-6.3208e+00
 1.4779e+05	 3.7169e+03	 3.7222e+00	 5.0931e-01	 3.2315e+02	 3.7757e+03	-8.2209e+01	 2.3908e+04	 3.2713e+03	-7.3084e+00
 2.2168e+05	 3.7169e+03	 3.6230e+00	 4.2947e-01	 3.2315e+02	 3.7782e+03	-8.3240e+01	 1.8902e+04	 2.2406e+03	-8.4359e+00
 3.3253e+05	 3.7169e+03	 3.5408e+00	 3.6995e-01	 3.2315e+02	 3.7810e+03	-8.4035e+01	 1.4628e+04	 1.5284e+03	-9.5709e+00
 4.9879e+05	 3.7169e+03	 3.4688e+00	 3.2660e-01	 3.2315e+02	 3.7836e+03	-8.4621e+01	 1.1047e+04	 1.0401e+03	-1.0621e+01
 7.4818e+05	 3.7169e+03	 3.4575e+00	 1.9082e-01	 3.2315e+02	 3.7912e+03	-8.6841e+01	 1.2605e+04	 6.9566e+02	-1.8119e+01
 9.0000e+05	 3.7169e+03	 3.4339e+00	 1.6918e-01	 3.2314e+02	 3.7993e+03	-8.7180e+01	 1.1819e+04	 5.8229e+02	-2.0298e+01
 1.0000e+02	 3.7966e+03	 5.9785e+00	 6.9768e-02	 3.2314e+02	 3.8059e+03	-8.9331e+01	 2.5794e+08	 3.0101e+06	-8.5690e+01
 1.5000e+02	 3.7966e+03	 5.9617e+00	 8.2735e-02	 3.2315e+02	 3.8087e+03	-8.9205e+01	 1.4501e+08	 2.0124e+06	-7.2058e+01
 2.2500e+02	 3.7966e+03	 5.9470e+00	 9.8052e-02	 3.2314e+02	 3.8112e+03	-8.9055e+01	 8.1570e+07	 1.3449e+06	-6.0652e+01
 3.3750e+02	 3.7966e+03	 5.9270e+00	 1.1889e-01	 3.2315e+02	 3.8137e+03	-8.8851e+01	 4.4850e+07	 8.9962e+05	-4.9854e+01
 5.0625e+02	 3.7966e+03	 5.9028e+00	 1.4590e-01	 3.2315e+02	 3.8164e+03	-8.8584e+01	 2.4364e+07	 6.0221e+05	-4.0459e+01
 7.5938e+02	 3.7966e+03	 5.8736e+00	 1.8093e-01	 3.2315e+02	 3.8190e+03	-8.8236e+01	 1.3098e+07	 4.0347e+05	-3.2463e+01
 1.1391e+03	 3.7966e+03	 5.8373e+00	 2.2659e-01	 3.2314e+02	 3.8216e+03	-8.7777e+01	 6.9725e+06	 2.7065e+05	-2.5762e+01
 1.7086e+03	 3.7966e+03	 5.7903e+00	 2.8593e-01	 3.2315e+02	 3.8242e+03	-8.7173e+01	 3.6836e+06	 1.8190e+05	-2.0251e+01
 2.5629e+03	 3.7966e+03	 5.7288e+00	 3.6263e-01	 3.2314e+02	 3.8267e+03	-8.6378e+01	 1.9363e+06	 1.2257e+05	-1.5798e+01
 3.8443e+03	 3.7966e+03	 5.6443e+00	 4.5914e-01	 3.2314e+02	 3.8292e+03	-8.5349e+01	 1.0195e+06	 8.2935e+04	-1.2293e+01
 5.7665e+03	 3.7966e+03	 5.5252e+00	 5.7570e-01	 3.2315e+02	 3.8316e+03	-8.4051e+01	 5.4207e+05	 5.6482e+04	-9.5972e+00
 8.6498e+03	 3.7966e+03	 5.3564e+00	 7.0322e-01	 3.2315e+02	 3.8344e+03	-8.2521e+01	 2.9585e+05	 3.8841e+04	-7.6169e+00
 1.2975e+04	 3.7966e+03	 5.1274e+00	 8.2012e-01	 3.2315e+02	 3.8368e+03	-8.0913e+01	 1.6912e+05	 2.7051e+04	-6.2520e+00
 1.9462e+04	 3.7966e+03	 4.8438e+00	 8.9320e-01	 3.2315e+02	 3.8394e+03	-7.9552e+01	 1.0352e+05	 1.9090e+04	-5.4230e+00
 2.9193e+04	 3.7966e+03	 4.5383e+00	 8.9597e-01	 3.2315e+02	 3.8444e+03	-7.8832e+01	 6.8801e+04	 1.3583e+04	-5.0652e+00
 4.3789e+04	 3.7966e+03	 4.2654e+00	 8.3112e-01	 3.2315e+02	 3.8471e+03	-7.8974e+01	 4.9447e+04	 9.6347e+03	-5.1321e+00
 6.5684e+04	 3.7966e+03	 4.0343e+00	 7.2497e-01	 3.2315e+02	 3.8497e+03	-7.9812e+01	 3.7791e+04	 6.7912e+03	-5.5647e+00
 9.8526e+04	 3.7966e+03	 3.8607e+00	 6.1072e-01	 3.2315e+02	 3.8524e+03	-8.1011e+01	 2.9907e+04	 4.7310e+03	-6.3215e+00
 1.4779e+05	 3.7966e+03	 3.7215e+00	 5.0924e-01	 3.2315e+02	 3.8549e+03	-8.2208e+01	 2.3911e+04	 3.2720e+03	-7.3079e+00
 2.2168e+05	 3.7966e+03	 3.6220e+00	 4.2962e-01	 3.2316e+02	 3.8577e+03	-8.3235e+01	 1.8895e+04	 2.2412e+03	-8.4306e+00
 3.3253e+05	 3.7966e+03	 3.5399e+00	 3.7027e-01	 3.2315e+02	 3.8601e+03	-8.4029e+01	 1.4616e+04	 1.5288e+03	-9.5603e+00
 4.9879e+05	 3.7966e+03	 3.4677e+00	 3.2692e-01	 3.2315e+02	 3.8628e+03	-8.4614e+01	 1.1036e+04	 1.0404e+03	-1.0607e+01
 7.4818e+05	 3.7966e+03	 3.4563e+00	 1.9228e-01	 3.2316e+02	 3.8706e+03	-8.6816e+01	 1.2509e+04	 6.9591e+02	-1.7975e+01
 9.0000e+05	 3.7966e+03	 3.4324e+00	 1.7282e-01	 3.2315e+02	 3.8781e+03	-8.7118e+01	 1.1570e+04	 5.8254e+02	-1.9862e+01
 1.0000e+02	 3.8754e+03	 5.9780e+00	 6.9967e-02	 3.2315e+02	 3.8853e+03	-8.9329e+01	 2.5720e+08	 3.0103e+06	-8.5441e+01
 1.5000e+02	 3.8754e+03	 5.9642e+00	 8.1415e-02	 3.2316e+02	 3.8878e+03	-8.9218e+01	 1.4736e+08	 2.0115e+06	-7.3256e+01
 2.2500e+02	 3.8754e+03	 5.9465e+00	 9.8393e-02	 3.2316e+02	 3.8904e+03	-8.9052e+01	 8.1288e+07	 1.3450e+06	-6.0436e+01
 3.3750e+02	 3.8754e+03	 5.9263e+00	 1.1906e-01	 3.2316e+02	 3.8929e+03	-8.8849e+01	 4.4784e+07	 8.9974e+05	-4.9775e+01
 5.0625e+02	 3.8754e+03	 5.9020e+00	 1.4632e-01	 3.2316e+02	 3.8953e+03	-8.8580e+01	 2.4294e+07	 6.0228e+05	-4.0337e+01
 7.5938e+02	 3.8754e+03	 5.8728e+00	 1.8127e-01	 3.2316e+02	 3.8981e+03	-8.8232e+01	 1.3073e+07	 4.0352e+05	-3.2397e+01
 1.1391e+03	 3.8754e+03	 5.8362e+00	 2.2686e-01	 3.2316e+02	 3.9005e+03	-8.7774e+01	 6.9642e+06	 2.7070e+05	-2.5726e+01
 1.7086e+03	 3.8754e+03	 5.7892e+00	 2.8637e-01	 3.2315e+02	 3.9032e+03	-8.7168e+01	 3.6780e+06	 1.8193e+05	-2.0216e+01
 2.5629e+03	 3.8754e+03	 5.7276e+00	 3.6294e-01	 3.2315e+02	 3.9058e+03	-8.6374e+01	 1.9347e+06	 1.2259e+05	-1.5781e+01
 3.8443e+03	 3.8754e+03	 5.6430e+00	 4.5960e-01	 3.2315e+02	 3.9082e+03	-8.5344e+01	 1.0185e+06	 8.2954e+04	-1.2278e+01
 5.7665e+03	 3.8754e+03	 5.5236e+00	 5.7571e-01	 3.2315e+02	 3.9109e+03	-8.4050e+01	 5.4206e+05	 5.6499e+04	-9.5943e+00
 8.6498e+03	 3.8754e+03	 5.3547e+00	 7.0300e-01	 3.2315e+02	 3.9134e+03	-8.2521e+01	 2.9594e+05	 3.8853e+04	-7.6170e+00
 1.2975e+04	 3.8754e+03	 5.1257e+00	 8.1963e-01	 3.2315e+02	 3.9161e+03	-8.0915e+01	 1.6922e+05	 2.7060e+04	-6.2537e+00
 1.9462e+04	 3.8754e+03	 4.8425e+00	 8.9268e-01	 3.2315e+02	 3.9186e+03	-7.9555e+01	 1.0358e+05	 1.9095e+04	-5.4247e+00
 2.9193e+04	 3.8754e+03	 4.5371e+00	 8.9556e-01	 3.2315e+02	 3.9238e+03	-7.8834e+01	 6.8833e+04	 1.3587e+04	-5.0663e+00
 4.3789e+04	 3.8754e+03	 4.2644e+00	 8.3054e-01	 3.2315e+02	 3.9262e+03	-7.8979e+01	 4.9481e+04	 9.6370e+03	-5.1345e+00
 6.5684e+04	 3.8754e+03	 4.0336e+00	 7.2458e-01	 3.2316e+02	 3.9289e+03	-7.9816e+01	 3.7812e+04	 6.7922e+03	-5.5669e+00
 9.8526e+04	 3.8754e+03	 3.8599e+00	 6.1059e-01	 3.2315e+02	 3.9314e+03	-8.1011e+01	 2.9913e+04	 4.7320e+03	-6.3215e+00
 1.4779e+05	 3.8754e+03	 3.7207e+00	 5.0926e-01	 3.2315e+02	 3.9342e+03	-8.2206e+01	 2.3911e+04	 3.2727e+03	-7.3061e+00
 2.2168e+05	 3.8754e+03	 3.6212e+00	 4.2976e-01	 3.2315e+02	 3.9368e+03	-8.3232e+01	 1.8889e+04	 2.2417e+03	-8.4261e+00
 3.3253e+05	 3.8754e+03	 3.5389e+00	 3.7038e-01	 3.2315e+02	 3.9394e+03	-8.4025e+01	 1.4611e+04	 1.5292e+03	-9.5548e+00
 4.9879e+05	 3.8754e+03	 3.4667e+00	 3.2705e-01	 3.2315e+02	 3.9420e+03	-8.4611e+01	 1.1032e+04	 1.0407e+03	-1.0600e+01
 7.4818e+05	 3.8754e+03	 3.4552e+00	 1.9276e-01	 3.2315e+02	 3.9494e+03	-8.6807e+01	 1.2478e+04	 6.9613e+02	-1.7925e+01
 9.0000e+05	 3.8754e+03	 3.4316e+00	 1.6962e-01	 3.2315e+02	 3.9572e+03	-8.7170e+01	 1.1788e+04	 5.8269e+02	-2.0231e+01
 1.0000e+02	 3.9546e+03	 5.9772e+00	 6.9956e-02	 3.2315e+02	 3.9642e+03	-8.9329e+01	 2.5724e+08	 3.0107e+06	-8.5442e+01
 1.5000e+02	 3.9546e+03	 5.9628e+00	 8.3049e-02	 3.2315e+02	 3.9667e+03	-8.9202e+01	 1.4446e+08	 2.0120e+06	-7.1799e+01
 2.2500e+02	 3.9546e+03	 5.9455e+00	 9.8515e-02	 3.2315e+02	 3.9694e+03	-8.9051e+01	 8.1186e+07	 1.3452e+06	-6.0352e+01
 3.3750e+02	 3.9546e+03	 5.9251e+00	 1.1939e-01	 3.2315e+02	 3.9718e+03	-8.8846e+01	 4.4660e+07	 8.9990e+05	-4.9627e+01
 5.0625e+02	 3.9546e+03	 5.9011e+00	 1.4658e-01	 3.2315e+02	 3.9746e+03	-8.8577e+01	 2.4251e+07	 6.0238e+05	-4.0260e+01
 7.5938e+02	 3.9546e+03	 5.8716e+00	 1.8185e-01	 3.2315e+02	 3.9772e+03	-8.8226e+01	 1.3032e+07	 4.0360e+05	-3.2288e+01
 1.1391e+03	 3.9546e+03	 5.8348e+00	 2.2759e-01	 3.2315e+02	 3.9799e+03	-8.7766e+01	 6.9417e+06	 2.7077e+05	-2.5637e+01
 1.7086e+03	 3.9546e+03	 5.7877e+00	 2.8691e-01	 3.2315e+02	 3.9826e+03	-8.7162e+01	 3.6711e+06	 1.8198e+05	-2.0173e+01
 2.5629e+03	 3.9546e+03	 5.7260e+00	 3.6327e-01	 3.2315e+02	 3.9854e+03	-8.6370e+01	 1.9329e+06	 1.2263e+05	-1.5763e+01
 3.8443e+03	 3.9546e+03	 5.6411e+00	 4.5979e-01	 3.2314e+02	 3.9879e+03	-8.5340e+01	 1.0181e+06	 8.2982e+04	-1.2269e+01
 5.7665e+03	 3.9546e+03	 5.5215e+00	 5.7589e-01	 3.2314e+02	 3.9906e+03	-8.4046e+01	 5.4190e+05	 5.6520e+04	-9.5878e+00
 8.6498e+03	 3.9546e+03	 5.3526e+00	 7.0320e-01	 3.2315e+02	 3.9933e+03	-8.2516e+01	 2.9586e+05	 3.8869e+04	-7.6117e+00
 1.2975e+04	 3.9546e+03	 5.1237e+00	 8.1948e-01	 3.2315e+02	 3.9959e+03	-8.0913e+01	 1.6925e+05	 2.7070e+04	-6.2524e+00
 1.9462e+04	 3.9546e+03	 4.8402e+00	 8.9191e-01	 3.2314e+02	 3.9984e+03	-7.9559e+01	 1.0367e+05	 1.9104e+04	-5.4269e+00
 2.9193e+04	 3.9546e+03	 4.5353e+00	 8.9476e-01	 3.2315e+02	 4.0035e+03	-7.8840e+01	 6.8894e+04	 1.3592e+04	-5.0688e+00
 4.3789e+04	 3.9546e+03	 4.2631e+00	 8.2991e-01	 3.2315e+02	 4.0059e+03	-7.8984e+01	 4.9519e+04	 9.6399e+03	-5.1368e+00
 6.5684e+04	 3.9546e+03	 4.0326e+00	 7.2405e-01	 3.2315e+02	 4.0086e+03	-7.9821e+01	 3.7839e+04	 6.7939e+03	-5.5695e+00
 9.8526e+04	 3.9546e+03	 3.8589e+00	 6.1019e-01	 3.2315e+02	 4.0111e+03	-8.1015e+01	 2.9933e+04	 4.7332e+03	-6.3242e+00
 1.4779e+05	 3.9546e+03	 3.7197e+00	 5.0913e-01	 3.2315e+02	 4.0139e+03	-8.2206e+01	 2.3916e+04	 3.2735e+03	-7.3060e+00
 2.2168e+05	 3.9546e+03	 3.6203e+00	 4.2987e-01	 3.2315e+02	 4.0164e+03	-8.3228e+01	 1.8884e+04	 2.2423e+03	-8.4219e+00
 3.3253e+05	 3.9546e+03	 3.5379e+00	 3.7050e-01	 3.2315e+02	 4.0192e+03	-8.4022e+01	 1.4607e+04	 1.5297e+03	-9.5491e+00
 4.9879e+05	 3.9546e+03	 3.4655e+00	 3.2724e-01	 3.2315e+02	 4.0218e+03	-8.4606e+01	 1.1025e+04	 1.0411e+03	-1.0590e+01
 7.4818e+05	 3.9546e+03	 3.4535e+00	 1.9950e-01	 3.2316e+02	 4.0299e+03	-8.6694e+01	 1.2057e+04	 6.9647e+02	-1.7311e+01
 9.0000e+05	 3.9546e+03	 3.4304e+00	 1.7149e-01	 3.2315e+02	 4.0376e+03	-8.7138e+01	 1.1660e+04	 5.8289e+02	-2.0003e+01
 1.0000e+02	 4.0349e+03	 5.9767e+00	 7.0247e-02	 3.2315e+02	 4.0443e+03	-8.9327e+01	 2.5618e+08	 3.0110e+06	-8.5082e+01
 1.5000e+02	 4.0349e+03	 5.9635e+00	 8.1311e-02	 3.2316e+02	 4.0469e+03	-8.9219e+01	 1.4755e+08	 2.0118e+06	-7.3342e+01
 2.2500e+02	 4.0349e+03	 5.9445e+00	 9.8755e-02	 3.2315e+02	 4.0493e+03	-8.9048e+01	 8.0989e+07	 1.3455e+06	-6.0194e+01
 3.3750e+02	 4.0349e+03	 5.9243e+00	 1.1971e-01	 3.2315e+02	 4.0518e+03	-8.8842e+01	 4.4542e+07	 9.0003e+05	-4.9490e+01
 5.0625e+02	 4.0349e+03	 5.9003e+00	 1.4691e-01	 3.2315e+02	 4.0544e+03	-8.8574e+01	 2.4196e+07	 6.0247e+05	-4.0162e+01
 7.5938e+02	 4.0349e+03	 5.8705e+00	 1.8207e-01	 3.2315e+02	 4.0569e+03	-8.8224e+01	 1.3016e+07	 4.0368e+05	-3.2244e+01
 1.1391e+03	 4.0349e+03	 5.8338e+00	 2.2793e-01	 3.2315e+02	 4.0594e+03	-8.7763e+01	 6.9314e+06	 2.7081e+05	-2.5595e+01
 1.7086e+03	 4.0349e+03	 5.7865e+00	 2.8726e-01	 3.2314e+02	 4.0622e+03	-8.7158e+01	 3.6666e+06	 1.8202e+05	-2.0144e+01
 2.5629e+03	 4.0349e+03	 5.7244e+00	 3.6367e-01	 3.2316e+02	 4.0649e+03	-8.6365e+01	 1.9308e+06	 1.2266e+05	-1.5741e+01
 3.8443e+03	 4.0349e+03	 5.6395e+00	 4.6029e-01	 3.2315e+02	 4.0674e+03	-8.5334e+01	 1.0170e+06	 8.3005e+04	-1.2252e+01
 5.7665e+03	 4.0349e+03	 5.5197e+00	 5.7620e-01	 3.2315e+02	 4.0702e+03	-8.4041e+01	 5.4160e+05	 5.6538e+04	-9.5795e+00
 8.6498e+03	 4.0349e+03	 5.3507e+00	 7.0305e-01	 3.2315e+02	 4.0728e+03	-8.2515e+01	 2.9592e+05	 3.8882e+04	-7.6107e+00
 1.2975e+04	 4.0349e+03	 5.1218e+00	 8.1921e-01	 3.2315e+02	 4.0755e+03	-8.0913e+01	 1.6931e+05	 2.7080e+04	-6.2521e+00
 1.9462e+04	 4.0349e+03	 4.8386e+00	 8.9149e-01	 3.2315e+02	 4.0782e+03	-7.9561e+01	 1.0372e+05	 1.9110e+04	-5.4276e+00
 2.9193e+04	 4.0349e+03	 4.5340e+00	 8.9421e-01	 3.2315e+02	 4.0834e+03	-7.8843e+01	 6.8937e+04	 1.3596e+04	-5.0704e+00
 4.3789e+04	 4.0349e+03	 4.2619e+00	 8.2922e-01	 3.2315e+02	 4.0862e+03	-7.8990e+01	 4.9560e+04	 9.6427e+03	-5.1396e+00
 6.5684e+04	 4.0349e+03	 4.0315e+00	 7.2354e-01	 3.2315e+02	 4.0887e+03	-7.9825e+01	 3.7866e+04	 6.7959e+03	-5.5719e+00
 9.8526e+04	 4.0349e+03	 3.8581e+00	 6.1001e-01	 3.2314e+02	 4.0912e+03	-8.1015e+01	 2.9942e+04	 4.7341e+03	-6.3247e+00
 1.4779e+05	 4.0349e+03	 3.7190e+00	 5.0906e-01	 3.2315e+02	 4.0939e+03	-8.2206e+01	 2.3920e+04	 3.2742e+03	-7.3056e+00
 2.2168e+05	 4.0349e+03	 3.6194e+00	 4.2990e-01	 3.2314e+02	 4.0964e+03	-8.3226e+01	 1.8883e+04	 2.2429e+03	-8.4191e+00
 3.3253e+05	 4.0349e+03	 3.5366e+00	 3.7048e-01	 3.2315e+02	 4.0991e+03	-8.4020e+01	 1.4607e+04	 1.5302e+03	-9.5460e+00
 4.9879e+05	 4.0349e+03	 3.4646e+00	 3.2728e-01	 3.2315e+02	 4.1017e+03	-8.4604e+01	 1.1024e+04	 1.0413e+03	-1.0586e+01
 7.4818e+05	 4.0349e+03	 3.4526e+00	 1.9770e-01	 3.2315e+02	 4.1094e+03	-8.6723e+01	 1.2166e+04	 6.9666e+02	-1.7464e+01
 9.0000e+05	 4.0349e+03	 3.4293e+00	 1.7007e-01	 3.2315e+02	 4.1174e+03	-8.7161e+01	 1.1757e+04	 5.8308e+02	-2.0164e+01
 1.0000e+02	 4.1147e+03	 5.9762e+00	 7.0538e-02	 3.2315e+02	 4.1239e+03	-8.9324e+01	 2.5512e+08	 3.0112e+06	-8.4722e+01
 1.5000e+02	 4.1147e+03	 5.9637e+00	 8.4665e-02	 3.2314e+02	 4.1263e+03	-8.9187e+01	 1.4170e+08	 2.0117e+06	-7.0438e+01
 2.2500e+02	 4.1147e+03	 5.9437e+00	 9.9058e-02	 3.2315e+02	 4.1291e+03	-8.9045e+01	 8.0742e+07	 1.3456e+06	-6.0003e+01
 3.3750e+02	 4.1147e+03	 5.9233e+00	 1.2012e-01	 3.2315e+02	 4.1315e+03	-8.8838e+01	 4.4391e+07	 9.0018e+05	-4.9313e+01
 5.0625e+02	 4.1147e+03	 5.8991e+00	 1.4734e-01	 3.2315e+02	 4.1342e+03	-8.8569e+01	 2.4126e+07	 6.0259e+05	-4.0037e+01
 7.5938e+02	 4.1147e+03	 5.8695e+00	 1.8263e-01	 3.2315e+02	 4.1368e+03	-8.8218e+01	 1.2976e+07	 4.0375e+05	-3.2138e+01
 1.1391e+03	 4.1147e+03	 5.8324e+00	 2.2847e-01	 3.2315e+02	 4.1393e+03	-8.7757e+01	 6.9151e+06	 2.7088e+05	-2.5529e+01
 1.7086e+03	 4.1147e+03	 5.7849e+00	 2.8764e-01	 3.2315e+02	 4.1420e+03	-8.7154e+01	 3.6617e+06	 1.8207e+05	-2.0112e+01
 2.5629e+03	 4.1147e+03	 5.7230e+00	 3.6425e-01	 3.2315e+02	 4.1446e+03	-8.6358e+01	 1.9277e+06	 1.2269e+05	-1.5712e+01
 3.8443e+03	 4.1147e+03	 5.6376e+00	 4.6056e-01	 3.2315e+02	 4.1472e+03	-8.5330e+01	 1.0164e+06	 8.3033e+04	-1.2241e+01
 5.7665e+03	 4.1147e+03	 5.5178e+00	 5.7645e-01	 3.2315e+02	 4.1497e+03	-8.4036e+01	 5.4137e+05	 5.6557e+04	-9.5721e+00
 8.6498e+03	 4.1147e+03	 5.3486e+00	 7.0309e-01	 3.2315e+02	 4.1524e+03	-8.2511e+01	 2.9590e+05	 3.8898e+04	-7.6073e+00
 1.2975e+04	 4.1147e+03	 5.1198e+00	 8.1903e-01	 3.2315e+02	 4.1549e+03	-8.0911e+01	 1.6935e+05	 2.7091e+04	-6.2511e+00
 1.9462e+04	 4.1147e+03	 4.8368e+00	 8.9100e-01	 3.2315e+02	 4.1577e+03	-7.9562e+01	 1.0378e+05	 1.9117e+04	-5.4285e+00
 2.9193e+04	 4.1147e+03	 4.5325e+00	 8.9343e-01	 3.2315e+02	 4.1631e+03	-7.8849e+01	 6.8997e+04	 1.3600e+04	-5.0731e+00
 4.3789e+04	 4.1147e+03	 4.2609e+00	 8.2853e-01	 3.2316e+02	 4.1656e+03	-7.8996e+01	 4.9601e+04	 9.6450e+03	-5.1427e+00
 6.5684e+04	 4.1147e+03	 4.0308e+00	 7.2318e-01	 3.2315e+02	 4.1680e+03	-7.9829e+01	 3.7885e+04	 6.7970e+03	-5.5737e+00
 9.8526e+04	 4.1147e+03	 3.8574e+00	 6.0977e-01	 3.2315e+02	 4.1706e+03	-8.1017e+01	 2.9954e+04	 4.7350e+03	-6.3260e+00
 1.4779e+05	 4.1147e+03	 3.7182e+00	 5.0912e-01	 3.2315e+02	 4.1732e+03	-8.2203e+01	 2.3917e+04	 3.2748e+03	-7.3032e+00
 2.2168e+05	 4.1147e+03	 3.6186e+00	 4.2995e-01	 3.2315e+02	 4.1757e+03	-8.3224e+01	 1.8881e+04	 2.2433e+03	-8.4163e+00
 3.3253e+05	 4.1147e+03	 3.5360e+00	 3.7084e-01	 3.2315e+02	 4.1782e+03	-8.4013e+01	 1.4593e+04	 1.5305e+03	-9.5350e+00
 4.9879e+05	 4.1147e+03	 3.4634e+00	 3.2761e-01	 3.2315e+02	 4.1809e+03	-8.4596e+01	 1.1013e+04	 1.0417e+03	-1.0572e+01
 7.4818e+05	 4.1147e+03	 3.4517e+00	 1.9375e-01	 3.2315e+02	 4.1888e+03	-8.6787e+01	 1.2414e+04	 6.9683e+02	-1.7815e+01
 9.0000e+05	 4.1147e+03	 3.4276e+00	 1.7534e-01	 3.2315e+02	 4.1963e+03	-8.7072e+01	 1.1404e+04	 5.8335e+02	-1.9548e+01
 1.0000e+02	 4.1936e+03	 5.9753e+00	 7.0766e-02	 3.2315e+02	 4.2028e+03	-8.9321e+01	 2.5430e+08	 3.0117e+06	-8.4437e+01
 1.5000e+02	 4.1936e+03	 5.9600e+00	 8.3508e-02	 3.2315e+02	 4.2056e+03	-8.9197e+01	 1.4366e+08	 2.0130e+06	-7.1370e+01
 2.2500e+02	 4.1936e+03	 5.9430e+00	 9.9470e-02	 3.2315e+02	 4.2081e+03	-8.9041e+01	 8.0407e+07	 1.3458e+06	-5.9746e+01
 3.3750e+02	 4.1936e+03	 5.9228e+00	 1.2057e-01	 3.2315e+02	 4.2106e+03	-8.8834e+01	 4.4222e+07	 9.0026e+05	-4.9121e+01
 5.0625e+02	 4.1936e+03	 5.8981e+00	 1.4771e-01	 3.2315e+02	 4.2131e+03	-8.8565e+01	 2.4066e+07	 6.0268e+05	-3.9931e+01
 7.5938e+02	 4.1936e+03	 5.8681e+00	 1.8312e-01	 3.2315e+02	 4.2157e+03	-8.8213e+01	 1.2941e+07	 4.0384e+05	-3.2045e+01
 1.1391e+03	 4.1936e+03	 5.8312e+00	 2.2913e-01	 3.2315e+02	 4.2184e+03	-8.7750e+01	 6.8949e+06	 2.7094e+05	-2.5449e+01
 1.7086e+03	 4.1936e+03	 5.7840e+00	 2.8811e-01	 3.2316e+02	 4.2209e+03	-8.7148e+01	 3.6557e+06	 1.8210e+05	-2.0076e+01
 2.5629e+03	 4.1936e+03	 5.7215e+00	 3.6455e-01	 3.2315e+02	 4.2237e+03	-8.6354e+01	 1.9261e+06	 1.2272e+05	-1.5695e+01
 3.8443e+03	 4.1936e+03	 5.6362e+00	 4.6099e-01	 3.2314e+02	 4.2261e+03	-8.5324e+01	 1.0154e+06	 8.3054e+04	-1.2226e+01
 5.7665e+03	 4.1936e+03	 5.5161e+00	 5.7658e-01	 3.2315e+02	 4.2286e+03	-8.4033e+01	 5.4125e+05	 5.6575e+04	-9.5670e+00
 8.6498e+03	 4.1936e+03	 5.3469e+00	 7.0314e-01	 3.2315e+02	 4.2312e+03	-8.2508e+01	 2.9589e+05	 3.8910e+04	-7.6043e+00
 1.2975e+04	 4.1936e+03	 5.1180e+00	 8.1866e-01	 3.2314e+02	 4.2336e+03	-8.0912e+01	 1.6942e+05	 2.7100e+04	-6.2517e+00
 1.9462e+04	 4.1936e+03	 4.8354e+00	 8.9054e-01	 3.2315e+02	 4.2365e+03	-7.9565e+01	 1.0383e+05	 1.9123e+04	-5.4298e+00
 2.9193e+04	 4.1936e+03	 4.5311e+00	 8.9280e-01	 3.2315e+02	 4.2414e+03	-7.8853e+01	 6.9046e+04	 1.3605e+04	-5.0752e+00
 4.3789e+04	 4.1936e+03	 4.2597e+00	 8.2804e-01	 3.2315e+02	 4.2441e+03	-7.9000e+01	 4.9631e+04	 9.6477e+03	-5.1443e+00
 6.5684e+04	 4.1936e+03	 4.0299e+00	 7.2278e-01	 3.2315e+02	 4.2466e+03	-7.9832e+01	 3.7906e+04	 6.7985e+03	-5.5756e+00
 9.8526e+04	 4.1936e+03	 3.8566e+00	 6.0958e-01	 3.2315e+02	 4.2490e+03	-8.1018e+01	 2.9963e+04	 4.7360e+03	-6.3267e+00
 1.4779e+05	 4.1936e+03	 3.7174e+00	 5.0911e-01	 3.2315e+02	 4.2516e+03	-8.2202e+01	 2.3917e+04	 3.2756e+03	-7.3018e+00
 2.2168e+05	 4.1936e+03	 3.6177e+00	 4.3008e-01	 3.2316e+02	 4.2541e+03	-8.3220e+01	 1.8875e+04	 2.2439e+03	-8.4116e+00
 3.3253e+05	 4.1936e+03	 3.5351e+00	 3.7100e-01	 3.2315e+02	 4.2569e+03	-8.4009e+01	 1.4587e+04	 1.5309e+03	-9.5284e+00
 4.9879e+05	 4.1936e+03	 3.4625e+00	 3.2774e-01	 3.2315e+02	 4.2594e+03	-8.4593e+01	 1.1008e+04	 1.0420e+03	-1.0565e+01
 7.4818e+05	 4.1936e+03	 3.4504e+00	 1.9838e-01	 3.2315e+02	 4.2674e+03	-8.6709e+01	 1.2125e+04	 6.9709e+02	-1.7393e+01
 9.0000e+05	 4.1936e+03	 3.4270e+00	 1.7202e-01	 3.2315e+02	 4.2752e+03	-8.7126e+01	 1.1624e+04	 5.8347e+02	-1.9922e+01
 1.0000e+02	 4.2725e+03	 5.9748e+00	 7.1002e-02	 3.2315e+02	 4.2825e+03	-8.9319e+01	 2.5345e+08	 3.0119e+06	-8.4151e+01
 1.5000e+02	 4.2725e+03	 5.9612e+00	 8.4718e-02	 3.2315e+02	 4.2849e+03	-8.9186e+01	 1.4161e+08	 2.0125e+06	-7.0365e+01
 2.2500e+02	 4.2725e+03	 5.9426e+00	 9.9733e-02	 3.2315e+02	 4.2877e+03	-8.9039e+01	 8.0195e+07	 1.3459e+06	-5.9585e+01
 3.3750e+02	 4.2725e+03	 5.9222e+00	 1.2081e-01	 3.2316e+02	 4.2902e+03	-8.8831e+01	 4.4137e+07	 9.0035e+05	-4.9023e+01
 5.0625e+02	 4.2725e+03	 5.8973e+00	 1.4811e-01	 3.2316e+02	 4.2929e+03	-8.8561e+01	 2.4001e+07	 6.0276e+05	-3.9818e+01
 7.5938e+02	 4.2725e+03	 5.8675e+00	 1.8330e-01	 3.2315e+02	 4.2956e+03	-8.8211e+01	 1.2928e+07	 4.0389e+05	-3.2010e+01
 1.1391e+03	 4.2725e+03	 5.8304e+00	 2.2905e-01	 3.2316e+02	 4.2984e+03	-8.7750e+01	 6.8976e+06	 2.7097e+05	-2.5455e+01
 1.7086e+03	 4.2725e+03	 5.7829e+00	 2.8837e-01	 3.2315e+02	 4.3009e+03	-8.7145e+01	 3.6524e+06	 1.8213e+05	-2.0053e+01
 2.5629e+03	 4.2725e+03	 5.7204e+00	 3.6484e-01	 3.2316e+02	 4.3037e+03	-8.6351e+01	 1.9246e+06	 1.2275e+05	-1.5679e+01
 3.8443e+03	 4.2725e+03	 5.6347e+00	 4.6109e-01	 3.2315e+02	 4.3061e+03	-8.5322e+01	 1.0152e+06	 8.3076e+04	-1.2221e+01
 5.7665e+03	 4.2725e+03	 5.5147e+00	 5.7656e-01	 3.2315e+02	 4.3086e+03	-8.4031e+01	 5.4127e+05	 5.6590e+04	-9.5647e+00
 8.6498e+03	 4.2725e+03	 5.3455e+00	 7.0292e-01	 3.2315e+02	 4.3114e+03	-8.2509e+01	 2.9598e+05	 3.8920e+04	-7.6047e+00
 1.2975e+04	 4.2725e+03	 5.1165e+00	 8.1831e-01	 3.2315e+02	 4.3139e+03	-8.0913e+01	 1.6950e+05	 2.7108e+04	-6.2526e+00
 1.9462e+04	 4.2725e+03	 4.8340e+00	 8.9000e-01	 3.2315e+02	 4.3166e+03	-7.9568e+01	 1.0390e+05	 1.9128e+04	-5.4315e+00
 2.9193e+04	 4.2725e+03	 4.5301e+00	 8.9228e-01	 3.2315e+02	 4.3218e+03	-7.8857e+01	 6.9086e+04	 1.3608e+04	-5.0770e+00
 4.3789e+04	 4.2725e+03	 4.2589e+00	 8.2768e-01	 3.2315e+02	 4.3242e+03	-7.9002e+01	 4.9652e+04	 9.6495e+03	-5.1456e+00
 6.5684e+04	 4.2725e+03	 4.0292e+00	 7.2237e-01	 3.2315e+02	 4.3267e+03	-7.9836e+01	 3.7927e+04	 6.7996e+03	-5.5778e+00
 9.8526e+04	 4.2725e+03	 3.8557e+00	 6.0944e-01	 3.2315e+02	 4.3294e+03	-8.1018e+01	 2.9970e+04	 4.7371e+03	-6.3267e+00
 1.4779e+05	 4.2725e+03	 3.7167e+00	 5.0900e-01	 3.2315e+02	 4.3320e+03	-8.2202e+01	 2.3923e+04	 3.2762e+03	-7.3021e+00
 2.2168e+05	 4.2725e+03	 3.6169e+00	 4.3033e-01	 3.2315e+02	 4.3347e+03	-8.3215e+01	 1.8864e+04	 2.2444e+03	-8.4049e+00
 3.3253e+05	 4.2725e+03	 3.5342e+00	 3.7111e-01	 3.2315e+02	 4.3372e+03	-8.4006e+01	 1.4583e+04	 1.5313e+03	-9.5234e+00
 4.9879e+05	 4.2725e+03	 3.4616e+00	 3.2798e-01	 3.2315e+02	 4.3399e+03	-8.4587e+01	 1.1000e+04	 1.0423e+03	-1.0554e+01
 7.4818e+05	 4.2725e+03	 3.4495e+00	 1.9605e-01	 3.2315e+02	 4.3476e+03	-8.6747e+01	 1.2269e+04	 6.9727e+02	-1.7595e+01
 9.0000e+05	 4.2725e+03	 3.4261e+00	 1.7039e-01	 3.2315e+02	 4.3552e+03	-8.7153e+01	 1.1735e+04	 5.8361e+02	-2.0108e+01
 1.0000e+02	 4.3526e+03	 5.9741e+00	 7.1176e-02	 3.2315e+02	 4.3618e+03	-8.9317e+01	 2.5283e+08	 3.0123e+06	-8.3934e+01
 1.5000e+02	 4.3526e+03	 5.9588e+00	 8.1545e-02	 3.2315e+02	 4.3644e+03	-8.9216e+01	 1.4712e+08	 2.0134e+06	-7.3074e+01
 2.2500e+02	 4.3526e+03	 5.9420e+00	 1.0003e-01	 3.2314e+02	 4.3669e+03	-8.9036e+01	 7.9953e+07	 1.3460e+06	-5.9399e+01
 3.3750e+02	 4.3526e+03	 5.9214e+00	 1.2118e-01	 3.2315e+02	 4.3694e+03	-8.8828e+01	 4.4002e+07	 9.0047e+05	-4.8865e+01
 5.0625e+02	 4.3526e+03	 5.8966e+00	 1.4825e-01	 3.2315e+02	 4.3721e+03	-8.8560e+01	 2.3978e+07	 6.0284e+05	-3.9775e+01
 7.5938e+02	 4.3526e+03	 5.8665e+00	 1.8357e-01	 3.2315e+02	 4.3747e+03	-8.8208e+01	 1.2910e+07	 4.0396e+05	-3.1958e+01
 1.1391e+03	 4.3526e+03	 5.8292e+00	 2.2947e-01	 3.2315e+02	 4.3774e+03	-8.7746e+01	 6.8849e+06	 2.7103e+05	-2.5403e+01
 1.7086e+03	 4.3526e+03	 5.7814e+00	 2.8898e-01	 3.2315e+02	 4.3800e+03	-8.7139e+01	 3.6448e+06	 1.8218e+05	-2.0006e+01
 2.5629e+03	 4.3526e+03	 5.7188e+00	 3.6528e-01	 3.2315e+02	 4.3826e+03	-8.6345e+01	 1.9223e+06	 1.2278e+05	-1.5656e+01
 3.8443e+03	 4.3526e+03	 5.6331e+00	 4.6154e-01	 3.2315e+02	 4.3851e+03	-8.5316e+01	 1.0142e+06	 8.3100e+04	-1.2205e+01
 5.7665e+03	 4.3526e+03	 5.5128e+00	 5.7692e-01	 3.2314e+02	 4.3875e+03	-8.4026e+01	 5.4093e+05	 5.6608e+04	-9.5556e+00
 8.6498e+03	 4.3526e+03	 5.3434e+00	 7.0297e-01	 3.2315e+02	 4.3902e+03	-8.2505e+01	 2.9596e+05	 3.8936e+04	-7.6012e+00
 1.2975e+04	 4.3526e+03	 5.1146e+00	 8.1795e-01	 3.2315e+02	 4.3926e+03	-8.0914e+01	 1.6957e+05	 2.7118e+04	-6.2529e+00
 1.9462e+04	 4.3526e+03	 4.8324e+00	 8.8955e-01	 3.2314e+02	 4.3954e+03	-7.9570e+01	 1.0395e+05	 1.9135e+04	-5.4324e+00
 2.9193e+04	 4.3526e+03	 4.5287e+00	 8.9165e-01	 3.2315e+02	 4.4004e+03	-7.8862e+01	 6.9135e+04	 1.3612e+04	-5.0790e+00
 4.3789e+04	 4.3526e+03	 4.2578e+00	 8.2707e-01	 3.2316e+02	 4.4029e+03	-7.9007e+01	 4.9689e+04	 9.6520e+03	-5.1480e+00
 6.5684e+04	 4.3526e+03	 4.0284e+00	 7.2201e-01	 3.2315e+02	 4.4054e+03	-7.9839e+01	 3.7946e+04	 6.8011e+03	-5.5794e+00
 9.8526e+04	 4.3526e+03	 3.8552e+00	 6.0928e-01	 3.2315e+02	 4.4081e+03	-8.1019e+01	 2.9978e+04	 4.7378e+03	-6.3275e+00
 1.4779e+05	 4.3526e+03	 3.7160e+00	 5.0906e-01	 3.2315e+02	 4.4108e+03	-8.2200e+01	 2.3920e+04	 3.2768e+03	-7.2998e+00
 2.2168e+05	 4.3526e+03	 3.6161e+00	 4.3026e-01	 3.2314e+02	 4.4136e+03	-8.3215e+01	 1.8867e+04	 2.2449e+03	-8.4045e+00
 3.3253e+05	 4.3526e+03	 3.5333e+00	 3.7125e-01	 3.2315e+02	 4.4160e+03	-8.4002e+01	 1.4577e+04	 1.5317e+03	-9.5174e+00
 4.9879e+05	 4.3526e+03	 3.4606e+00	 3.2815e-01	 3.2315e+02	 4.4187e+03	-8.4583e+01	 1.0995e+04	 1.0426e+03	-1.0546e+01
 7.4818e+05	 4.3526e+03	 3.4486e+00	 1.9544e-01	 3.2315e+02	 4.4263e+03	-8.6756e+01	 1.2307e+04	 6.9746e+02	-1.7645e+01
 9.0000e+05	 4.3526e+03	 3.4246e+00	 1.7492e-01	 3.2315e+02	 4.4339e+03	-8.7076e+01	 1.1431e+04	 5.8387e+02	-1.9579e+01
 1.0000e+02	 4.4312e+03	 5.9735e+00	 7.1239e-02	 3.2315e+02	 4.4405e+03	-8.9317e+01	 2.5261e+08	 3.0126e+06	-8.3853e+01
 1.5000e+02	 4.4312e+03	 5.9609e+00	 8.2307e-02	 3.2315e+02	 4.4431e+03	-8.9209e+01	 1.4576e+08	 2.0126e+06	-7.2423e+01
 2.2500e+02	 4.4312e+03	 5.9411e+00	 1.0023e-01	 3.2315e+02	 4.4456e+03	-8.9034e+01	 7.9801e+07	 1.3462e+06	-5.9277e+01
 3.3750e+02	 4.4312e+03	 5.9203e+00	 1.2145e-01	 3.2315e+02	 4.4481e+03	-8.8825e+01	 4.3904e+07	 9.0064e+05	-4.8748e+01
 5.0625e+02	 4.4312e+03	 5.8956e+00	 1.4860e-01	 3.2315e+02	 4.4506e+03	-8.8556e+01	 2.3921e+07	 6.0294e+05	-3.9673e+01
 7.5938e+02	 4.4312e+03	 5.8653e+00	 1.8413e-01	 3.2315e+02	 4.4532e+03	-8.8202e+01	 1.2871e+07	 4.0404e+05	-3.1855e+01
 1.1391e+03	 4.4312e+03	 5.8280e+00	 2.3007e-01	 3.2315e+02	 4.4556e+03	-8.7739e+01	 6.8669e+06	 2.7108e+05	-2.5331e+01
 1.7086e+03	 4.4312e+03	 5.7802e+00	 2.8935e-01	 3.2315e+02	 4.4584e+03	-8.7134e+01	 3.6401e+06	 1.8222e+05	-1.9977e+01
 2.5629e+03	 4.4312e+03	 5.7174e+00	 3.6563e-01	 3.2315e+02	 4.4612e+03	-8.6341e+01	 1.9204e+06	 1.2281e+05	-1.5637e+01
 3.8443e+03	 4.4312e+03	 5.6316e+00	 4.6174e-01	 3.2316e+02	 4.4636e+03	-8.5313e+01	 1.0138e+06	 8.3122e+04	-1.2196e+01
 5.7665e+03	 4.4312e+03	 5.5114e+00	 5.7709e-01	 3.2315e+02	 4.4661e+03	-8.4022e+01	 5.4077e+05	 5.6623e+04	-9.5504e+00
 8.6498e+03	 4.4312e+03	 5.3418e+00	 7.0288e-01	 3.2315e+02	 4.4689e+03	-8.2504e+01	 2.9600e+05	 3.8947e+04	-7.5999e+00
 1.2975e+04	 4.4312e+03	 5.1130e+00	 8.1778e-01	 3.2315e+02	 4.4713e+03	-8.0913e+01	 1.6960e+05	 2.7127e+04	-6.2523e+00
 1.9462e+04	 4.4312e+03	 4.8310e+00	 8.8897e-01	 3.2315e+02	 4.4741e+03	-7.9573e+01	 1.0401e+05	 1.9140e+04	-5.4344e+00
 2.9193e+04	 4.4312e+03	 4.5275e+00	 8.9097e-01	 3.2315e+02	 4.4794e+03	-7.8867e+01	 6.9187e+04	 1.3616e+04	-5.0815e+00
 4.3789e+04	 4.4312e+03	 4.2568e+00	 8.2638e-01	 3.2315e+02	 4.4819e+03	-7.9014e+01	 4.9730e+04	 9.6541e+03	-5.1512e+00
 6.5684e+04	 4.4312e+03	 4.0276e+00	 7.2163e-01	 3.2315e+02	 4.4843e+03	-7.9842e+01	 3.7966e+04	 6.8024e+03	-5.5813e+00
 9.8526e+04	 4.4312e+03	 3.8544e+00	 6.0906e-01	 3.2315e+02	 4.4869e+03	-8.1020e+01	 2.9989e+04	 4.7388e+03	-6.3284e+00
 1.4779e+05	 4.4312e+03	 3.7153e+00	 5.0890e-01	 3.2315e+02	 4.4895e+03	-8.2201e+01	 2.3927e+04	 3.2774e+03	-7.3007e+00
 2.2168e+05	 4.4312e+03	 3.6153e+00	 4.3042e-01	 3.2314e+02	 4.4921e+03	-8.3211e+01	 1.8860e+04	 2.2454e+03	-8.3994e+00
 3.3253e+05	 4.4312e+03	 3.5325e+00	 3.7140e-01	 3.2315e+02	 4.4946e+03	-8.3998e+01	 1.4572e+04	 1.5320e+03	-9.5114e+00
 4.9879e+05	 4.4312e+03	 3.4596e+00	 3.2826e-01	 3.2315e+02	 4.4974e+03	-8.4580e+01	 1.0991e+04	 1.0429e+03	-1.0539e+01
 7.4818e+05	 4.4312e+03	 3.4476e+00	 1.9587e-01	 3.2315e+02	 4.5051e+03	-8.6748e+01	 1.2280e+04	 6.9766e+02	-1.7602e+01
 9.0000e+05	 4.4312e+03	 3.4237e+00	 1.7363e-01	 3.2314e+02	 4.5128e+03	-8.7097e+01	 1.1516e+04	 5.8402e+02	-1.9719e+01
 1.0000e+02	 4.5101e+03	 5.9730e+00	 7.1327e-02	 3.2315e+02	 4.5200e+03	-8.9316e+01	 2.5230e+08	 3.0129e+06	-8.3740e+01
 1.5000e+02	 4.5101e+03	 5.9605e+00	 8.5305e-02	 3.2315e+02	 4.5226e+03	-8.9180e+01	 1.4064e+08	 2.0128e+06	-6.9872e+01
 2.2500e+02	 4.5101e+03	 5.9403e+00	 1.0043e-01	 3.2315e+02	 4.5253e+03	-8.9031e+01	 7.9639e+07	 1.3464e+06	-5.9150e+01
 3.3750e+02	 4.5101e+03	 5.9196e+00	 1.2159e-01	 3.2315e+02	 4.5279e+03	-8.8823e+01	 4.3853e+07	 9.0074e+05	-4.8686e+01
 5.0625e+02	 4.5101e+03	 5.8949e+00	 1.4902e-01	 3.2315e+02	 4.5306e+03	-8.8552e+01	 2.3854e+07	 6.0302e+05	-3.9559e+01
 7.5938e+02	 4.5101e+03	 5.8646e+00	 1.8448e-01	 3.2315e+02	 4.5332e+03	-8.8198e+01	 1.2846e+07	 4.0408e+05	-3.1790e+01
 1.1391e+03	 4.5101e+03	 5.8269e+00	 2.3005e-01	 3.2315e+02	 4.5359e+03	-8.7739e+01	 6.8674e+06	 2.7113e+05	-2.5329e+01
 1.7086e+03	 4.5101e+03	 5.7790e+00	 2.8955e-01	 3.2315e+02	 4.5384e+03	-8.7132e+01	 3.6376e+06	 1.8225e+05	-1.9959e+01
 2.5629e+03	 4.5101e+03	 5.7162e+00	 3.6603e-01	 3.2315e+02	 4.5410e+03	-8.6336e+01	 1.9183e+06	 1.2284e+05	-1.5617e+01
 3.8443e+03	 4.5101e+03	 5.6301e+00	 4.6219e-01	 3.2315e+02	 4.5434e+03	-8.5307e+01	 1.0128e+06	 8.3144e+04	-1.2181e+01
 5.7665e+03	 4.5101e+03	 5.5095e+00	 5.7728e-01	 3.2315e+02	 4.5459e+03	-8.4018e+01	 5.4059e+05	 5.6642e+04	-9.5439e+00
 8.6498e+03	 4.5101e+03	 5.3400e+00	 7.0290e-01	 3.2315e+02	 4.5486e+03	-8.2501e+01	 2.9599e+05	 3.8960e+04	-7.5971e+00
 1.2975e+04	 4.5101e+03	 5.1113e+00	 8.1747e-01	 3.2315e+02	 4.5511e+03	-8.0913e+01	 1.6967e+05	 2.7136e+04	-6.2526e+00
 1.9462e+04	 4.5101e+03	 4.8293e+00	 8.8855e-01	 3.2314e+02	 4.5539e+03	-7.9575e+01	 1.0406e+05	 1.9147e+04	-5.4350e+00
 2.9193e+04	 4.5101e+03	 4.5262e+00	 8.9038e-01	 3.2315e+02	 4.5592e+03	-7.8871e+01	 6.9234e+04	 1.3619e+04	-5.0834e+00
 4.3789e+04	 4.5101e+03	 4.2557e+00	 8.2598e-01	 3.2315e+02	 4.5616e+03	-7.9016e+01	 4.9754e+04	 9.6567e+03	-5.1523e+00
 6.5684e+04	 4.5101e+03	 4.0265e+00	 7.2119e-01	 3.2315e+02	 4.5641e+03	-7.9845e+01	 3.7989e+04	 6.8043e+03	-5.5832e+00
 9.8526e+04	 4.5101e+03	 3.8537e+00	 6.0892e-01	 3.2315e+02	 4.5668e+03	-8.1021e+01	 2.9996e+04	 4.7396e+03	-6.3288e+00
 1.4779e+05	 4.5101e+03	 3.7145e+00	 5.0890e-01	 3.2315e+02	 4.5694e+03	-8.2199e+01	 2.3927e+04	 3.2782e+03	-7.2990e+00
 2.2168e+05	 4.5101e+03	 3.6146e+00	 4.3053e-01	 3.2315e+02	 4.5721e+03	-8.3208e+01	 1.8855e+04	 2.2458e+03	-8.3957e+00
 3.3253e+05	 4.5101e+03	 3.5316e+00	 3.7155e-01	 3.2315e+02	 4.5746e+03	-8.3994e+01	 1.4565e+04	 1.5324e+03	-9.5048e+00
 4.9879e+05	 4.5101e+03	 3.4586e+00	 3.2837e-01	 3.2314e+02	 4.5772e+03	-8.4576e+01	 1.0987e+04	 1.0432e+03	-1.0532e+01
 7.4818e+05	 4.5101e+03	 3.4463e+00	 1.9882e-01	 3.2314e+02	 4.5850e+03	-8.6698e+01	 1.2098e+04	 6.9792e+02	-1.7334e+01
 9.0000e+05	 4.5101e+03	 3.4225e+00	 1.7520e-01	 3.2315e+02	 4.5927e+03	-8.7070e+01	 1.1413e+04	 5.8423e+02	-1.9535e+01
 1.0000e+02	 4.5900e+03	 5.9725e+00	 7.1656e-02	 3.2315e+02	 4.5998e+03	-8.9313e+01	 2.5114e+08	 3.0131e+06	-8.3350e+01
 1.5000e+02	 4.5900e+03	 5.9565e+00	 8.2841e-02	 3.2315e+02	 4.6022e+03	-8.9203e+01	 1.4482e+08	 2.0141e+06	-7.1903e+01
 2.2500e+02	 4.5900e+03	 5.9397e+00	 1.0071e-01	 3.2316e+02	 4.6049e+03	-8.9029e+01	 7.9415e+07	 1.3466e+06	-5.8976e+01
 3.3750e+02	 4.5900e+03	 5.9189e+00	 1.2203e-01	 3.2315e+02	 4.6074e+03	-8.8819e+01	 4.3695e+07	 9.0085e+05	-4.8504e+01
 5.0625e+02	 4.5900e+03	 5.8938e+00	 1.4932e-01	 3.2315e+02	 4.6100e+03	-8.8549e+01	 2.3806e+07	 6.0312e+05	-3.9471e+01
 7.5938e+02	 4.5900e+03	 5.8636e+00	 1.8478e-01	 3.2315e+02	 4.6127e+03	-8.8195e+01	 1.2825e+07	 4.0416e+05	-3.1732e+01
 1.1391e+03	 4.5900e+03	 5.8260e+00	 2.3061e-01	 3.2315e+02	 4.6154e+03	-8.7733e+01	 6.8509e+06	 2.7117e+05	-2.5264e+01
 1.7086e+03	 4.5900e+03	 5.7776e+00	 2.9006e-01	 3.2315e+02	 4.6180e+03	-8.7126e+01	 3.6311e+06	 1.8230e+05	-1.9918e+01
 2.5629e+03	 4.5900e+03	 5.7148e+00	 3.6664e-01	 3.2316e+02	 4.6206e+03	-8.6329e+01	 1.9151e+06	 1.2287e+05	-1.5587e+01
 3.8443e+03	 4.5900e+03	 5.6285e+00	 4.6255e-01	 3.2315e+02	 4.6231e+03	-8.5302e+01	 1.0120e+06	 8.3167e+04	-1.2168e+01
 5.7665e+03	 4.5900e+03	 5.5078e+00	 5.7740e-01	 3.2315e+02	 4.6255e+03	-8.4015e+01	 5.4048e+05	 5.6660e+04	-9.5391e+00
 8.6498e+03	 4.5900e+03	 5.3381e+00	 7.0289e-01	 3.2315e+02	 4.6281e+03	-8.2499e+01	 2.9599e+05	 3.8974e+04	-7.5945e+00
 1.2975e+04	 4.5900e+03	 5.1094e+00	 8.1728e-01	 3.2315e+02	 4.6306e+03	-8.0912e+01	 1.6971e+05	 2.7146e+04	-6.2517e+00
 1.9462e+04	 4.5900e+03	 4.8277e+00	 8.8807e-01	 3.2315e+02	 4.6334e+03	-7.9577e+01	 1.0412e+05	 1.9153e+04	-5.4361e+00
 2.9193e+04	 4.5900e+03	 4.5249e+00	 8.8968e-01	 3.2315e+02	 4.6387e+03	-7.8876e+01	 6.9288e+04	 1.3623e+04	-5.0860e+00
 4.3789e+04	 4.5900e+03	 4.2545e+00	 8.2538e-01	 3.2315e+02	 4.6413e+03	-7.9021e+01	 4.9790e+04	 9.6594e+03	-5.1546e+00
 6.5684e+04	 4.5900e+03	 4.0256e+00	 7.2072e-01	 3.2315e+02	 4.6439e+03	-7.9850e+01	 3.8014e+04	 6.8058e+03	-5.5856e+00
 9.8526e+04	 4.5900e+03	 3.8528e+00	 6.0856e-01	 3.2315e+02	 4.6464e+03	-8.1024e+01	 3.0013e+04	 4.7406e+03	-6.3311e+00
 1.4779e+05	 4.5900e+03	 3.7137e+00	 5.0879e-01	 3.2315e+02	 4.6489e+03	-8.2199e+01	 2.3932e+04	 3.2788e+03	-7.2990e+00
 2.2168e+05	 4.5900e+03	 3.6137e+00	 4.3059e-01	 3.2314e+02	 4.6516e+03	-8.3205e+01	 1.8852e+04	 2.2464e+03	-8.3925e+00
 3.3253e+05	 4.5900e+03	 3.5307e+00	 3.7171e-01	 3.2315e+02	 4.6540e+03	-8.3990e+01	 1.4559e+04	 1.5328e+03	-9.4985e+00
 4.9879e+05	 4.5900e+03	 3.4577e+00	 3.2850e-01	 3.2315e+02	 4.6567e+03	-8.4573e+01	 1.0983e+04	 1.0434e+03	-1.0526e+01
 7.4818e+05	 4.5900e+03	 3.4455e+00	 1.9629e-01	 3.2315e+02	 4.6644e+03	-8.6739e+01	 1.2253e+04	 6.9808e+02	-1.7553e+01
 9.0000e+05	 4.5900e+03	 3.4213e+00	 1.7768e-01	 3.2315e+02	 4.6721e+03	-8.7027e+01	 1.1254e+04	 5.8444e+02	-1.9256e+01
 1.0000e+02	 4.6694e+03	 5.9720e+00	 7.1852e-02	 3.2315e+02	 4.6792e+03	-8.9311e+01	 2.5045e+08	 3.0133e+06	-8.3116e+01
 1.5000e+02	 4.6694e+03	 5.9589e+00	 8.6128e-02	 3.2315e+02	 4.6817e+03	-8.9172e+01	 1.3930e+08	 2.0133e+06	-6.9187e+01
 2.2500e+02	 4.6694e+03	 5.9391e+00	 1.0096e-01	 3.2314e+02	 4.6844e+03	-8.9026e+01	 7.9217e+07	 1.3467e+06	-5.8824e+01
 3.3750e+02	 4.6694e+03	 5.9181e+00	 1.2238e-01	 3.2315e+02	 4.6869e+03	-8.8815e+01	 4.3568e+07	 9.0098e+05	-4.8356e+01
 5.0625e+02	 4.6694e+03	 5.8931e+00	 1.4982e-01	 3.2314e+02	 4.6894e+03	-8.8544e+01	 2.3726e+07	 6.0320e+05	-3.9333e+01
 7.5938e+02	 4.6694e+03	 5.8625e+00	 1.8514e-01	 3.2314e+02	 4.6921e+03	-8.8191e+01	 1.2800e+07	 4.0423e+05	-3.1664e+01
 1.1391e+03	 4.6694e+03	 5.8249e+00	 2.3111e-01	 3.2315e+02	 4.6945e+03	-8.7728e+01	 6.8360e+06	 2.7123e+05	-2.5204e+01
 1.7086e+03	 4.6694e+03	 5.7764e+00	 2.9059e-01	 3.2315e+02	 4.6972e+03	-8.7120e+01	 3.6245e+06	 1.8234e+05	-1.9878e+01
 2.5629e+03	 4.6694e+03	 5.7132e+00	 3.6695e-01	 3.2315e+02	 4.6998e+03	-8.6325e+01	 1.9135e+06	 1.2290e+05	-1.5569e+01
 3.8443e+03	 4.6694e+03	 5.6268e+00	 4.6277e-01	 3.2314e+02	 4.7022e+03	-8.5298e+01	 1.0115e+06	 8.3194e+04	-1.2159e+01
 5.7665e+03	 4.6694e+03	 5.5061e+00	 5.7777e-01	 3.2315e+02	 4.7049e+03	-8.4010e+01	 5.4013e+05	 5.6678e+04	-9.5299e+00
 8.6498e+03	 4.6694e+03	 5.3362e+00	 7.0299e-01	 3.2314e+02	 4.7075e+03	-8.2495e+01	 2.9595e+05	 3.8988e+04	-7.5908e+00
 1.2975e+04	 4.6694e+03	 5.1073e+00	 8.1698e-01	 3.2314e+02	 4.7102e+03	-8.0912e+01	 1.6977e+05	 2.7157e+04	-6.2515e+00
 1.9462e+04	 4.6694e+03	 4.8258e+00	 8.8751e-01	 3.2315e+02	 4.7128e+03	-7.9579e+01	 1.0419e+05	 1.9161e+04	-5.4375e+00
 2.9193e+04	 4.6694e+03	 4.5234e+00	 8.8919e-01	 3.2314e+02	 4.7179e+03	-7.8879e+01	 6.9326e+04	 1.3628e+04	-5.0870e+00
 4.3789e+04	 4.6694e+03	 4.2534e+00	 8.2475e-01	 3.2314e+02	 4.7203e+03	-7.9026e+01	 4.9828e+04	 9.6619e+03	-5.1572e+00
 6.5684e+04	 4.6694e+03	 4.0248e+00	 7.2038e-01	 3.2315e+02	 4.7231e+03	-7.9852e+01	 3.8032e+04	 6.8072e+03	-5.5870e+00
 9.8526e+04	 4.6694e+03	 3.8520e+00	 6.0844e-01	 3.2315e+02	 4.7255e+03	-8.1024e+01	 3.0019e+04	 4.7417e+03	-6.3309e+00
 1.4779e+05	 4.6694e+03	 3.7130e+00	 5.0877e-01	 3.2316e+02	 4.7282e+03	-8.2198e+01	 2.3934e+04	 3.2794e+03	-7.2981e+00
 2.2168e+05	 4.6694e+03	 3.6129e+00	 4.3064e-01	 3.2315e+02	 4.7308e+03	-8.3203e+01	 1.8850e+04	 2.2469e+03	-8.3896e+00
 3.3253e+05	 4.6694e+03	 3.5299e+00	 3.7172e-01	 3.2316e+02	 4.7332e+03	-8.3989e+01	 1.4559e+04	 1.5332e+03	-9.4961e+00
 4.9879e+05	 4.6694e+03	 3.4567e+00	 3.2851e-01	 3.2316e+02	 4.7359e+03	-8.4571e+01	 1.0983e+04	 1.0437e+03	-1.0522e+01
 7.4818e+05	 4.6694e+03	 3.4442e+00	 2.0100e-01	 3.2315e+02	 4.7436e+03	-8.6660e+01	 1.1967e+04	 6.9834e+02	-1.7136e+01
 9.0000e+05	 4.6694e+03	 3.4202e+00	 1.7813e-01	 3.2315e+02	 4.7516e+03	-8.7019e+01	 1.1225e+04	 5.8462e+02	-1.9200e+01
 1.0000e+02	 4.7489e+03	 5.9713e+00	 7.2138e-02	 3.2315e+02	 4.7584e+03	-8.9308e+01	 2.4946e+08	 3.0137e+06	-8.2775e+01
 1.5000e+02	 4.7489e+03	 5.9559e+00	 8.8801e-02	 3.2315e+02	 4.7612e+03	-8.9146e+01	 1.3510e+08	 2.0143e+06	-6.7070e+01
 2.2500e+02	 4.7489e+03	 5.9383e+00	 1.0146e-01	 3.2315e+02	 4.7636e+03	-8.9021e+01	 7.8830e+07	 1.3469e+06	-5.8529e+01
 3.3750e+02	 4.7489e+03	 5.9174e+00	 1.2271e-01	 3.2315e+02	 4.7661e+03	-8.8812e+01	 4.3453e+07	 9.0109e+05	-4.8223e+01
 5.0625e+02	 4.7489e+03	 5.8924e+00	 1.5002e-01	 3.2316e+02	 4.7687e+03	-8.8542e+01	 2.3695e+07	 6.0327e+05	-3.9277e+01
 7.5938e+02	 4.7489e+03	 5.8617e+00	 1.8558e-01	 3.2315e+02	 4.7712e+03	-8.8187e+01	 1.2770e+07	 4.0429e+05	-3.1585e+01
 1.1391e+03	 4.7489e+03	 5.8238e+00	 2.3135e-01	 3.2315e+02	 4.7739e+03	-8.7725e+01	 6.8291e+06	 2.7128e+05	-2.5173e+01
 1.7086e+03	 4.7489e+03	 5.7756e+00	 2.9088e-01	 3.2315e+02	 4.7765e+03	-8.7117e+01	 3.6208e+06	 1.8236e+05	-1.9855e+01
 2.5629e+03	 4.7489e+03	 5.7120e+00	 3.6734e-01	 3.2315e+02	 4.7792e+03	-8.6320e+01	 1.9115e+06	 1.2293e+05	-1.5549e+01
 3.8443e+03	 4.7489e+03	 5.6255e+00	 4.6310e-01	 3.2315e+02	 4.7818e+03	-8.5294e+01	 1.0108e+06	 8.3212e+04	-1.2147e+01
 5.7665e+03	 4.7489e+03	 5.5046e+00	 5.7784e-01	 3.2315e+02	 4.7842e+03	-8.4007e+01	 5.4007e+05	 5.6693e+04	-9.5261e+00
 8.6498e+03	 4.7489e+03	 5.3348e+00	 7.0295e-01	 3.2315e+02	 4.7869e+03	-8.2494e+01	 2.9597e+05	 3.8999e+04	-7.5892e+00
 1.2975e+04	 4.7489e+03	 5.1062e+00	 8.1667e-01	 3.2315e+02	 4.7893e+03	-8.0913e+01	 1.6984e+05	 2.7163e+04	-6.2525e+00
 1.9462e+04	 4.7489e+03	 4.8246e+00	 8.8709e-01	 3.2315e+02	 4.7920e+03	-7.9582e+01	 1.0424e+05	 1.9165e+04	-5.4387e+00
 2.9193e+04	 4.7489e+03	 4.5223e+00	 8.8869e-01	 3.2315e+02	 4.7969e+03	-7.8882e+01	 6.9365e+04	 1.3631e+04	-5.0888e+00
 4.3789e+04	 4.7489e+03	 4.2527e+00	 8.2428e-01	 3.2315e+02	 4.7996e+03	-7.9031e+01	 4.9857e+04	 9.6635e+03	-5.1593e+00
 6.5684e+04	 4.7489e+03	 4.0243e+00	 7.2008e-01	 3.2315e+02	 4.8021e+03	-7.9855e+01	 3.8047e+04	 6.8081e+03	-5.5886e+00
 9.8526e+04	 4.7489e+03	 3.8512e+00	 6.0824e-01	 3.2315e+02	 4.8047e+03	-8.1025e+01	 3.0029e+04	 4.7426e+03	-6.3318e+00
 1.4779e+05	 4.7489e+03	 3.7123e+00	 5.0879e-01	 3.2315e+02	 4.8073e+03	-8.2196e+01	 2.3932e+04	 3.2800e+03	-7.2964e+00
 2.2168e+05	 4.7489e+03	 3.6123e+00	 4.3063e-01	 3.2315e+02	 4.8099e+03	-8.3202e+01	 1.8851e+04	 2.2472e+03	-8.3885e+00
 3.3253e+05	 4.7489e+03	 3.5290e+00	 3.7191e-01	 3.2315e+02	 4.8126e+03	-8.3984e+01	 1.4551e+04	 1.5335e+03	-9.4888e+00
 4.9879e+05	 4.7489e+03	 3.4559e+00	 3.2875e-01	 3.2315e+02	 4.8154e+03	-8.4566e+01	 1.0974e+04	 1.0440e+03	-1.0512e+01
 7.4818e+05	 4.7489e+03	 3.4433e+00	 1.9949e-01	 3.2315e+02	 4.8231e+03	-8.6684e+01	 1.2057e+04	 6.9853e+02	-1.7261e+01
 9.0000e+05	 4.7489e+03	 3.4199e+00	 1.7160e-01	 3.2316e+02	 4.8308e+03	-8.7128e+01	 1.1652e+04	 5.8467e+02	-1.9930e+01
 1.0000e+02	 4.8281e+03	 5.9707e+00	 7.2444e-02	 3.2315e+02	 4.8378e+03	-8.9305e+01	 2.4841e+08	 3.0140e+06	-8.2418e+01
 1.5000e+02	 4.8281e+03	 5.9556e+00	 8.7366e-02	 3.2315e+02	 4.8402e+03	-8.9160e+01	 1.3732e+08	 2.0144e+06	-6.8168e+01
 2.2500e+02	 4.8281e+03	 5.9376e+00	 1.0154e-01	 3.2315e+02	 4.8426e+03	-8.9020e+01	 7.8765e+07	 1.3470e+06	-5.8473e+01
 3.3750e+02	 4.8281e+03	 5.9165e+00	 1.2273e-01	 3.2316e+02	 4.8454e+03	-8.8812e+01	 4.3445e+07	 9.0121e+05	-4.8207e+01
 5.0625e+02	 4.8281e+03	 5.8912e+00	 1.5041e-01	 3.2315e+02	 4.8478e+03	-8.8537e+01	 2.3633e+07	 6.0339e+05	-3.9167e+01
 7.5938e+02	 4.8281e+03	 5.8608e+00	 1.8599e-01	 3.2315e+02	 4.8506e+03	-8.8182e+01	 1.2741e+07	 4.0435e+05	-3.1511e+01
 1.1391e+03	 4.8281e+03	 5.8225e+00	 2.3191e-01	 3.2315e+02	 4.8531e+03	-8.7719e+01	 6.8125e+06	 2.7134e+05	-2.5107e+01
 1.7086e+03	 4.8281e+03	 5.7741e+00	 2.9135e-01	 3.2315e+02	 4.8560e+03	-8.7111e+01	 3.6150e+06	 1.8241e+05	-1.9819e+01
 2.5629e+03	 4.8281e+03	 5.7109e+00	 3.6759e-01	 3.2315e+02	 4.8586e+03	-8.6317e+01	 1.9102e+06	 1.2295e+05	-1.5536e+01
 3.8443e+03	 4.8281e+03	 5.6241e+00	 4.6340e-01	 3.2315e+02	 4.8610e+03	-8.5290e+01	 1.0102e+06	 8.3233e+04	-1.2137e+01
 5.7665e+03	 4.8281e+03	 5.5029e+00	 5.7803e-01	 3.2315e+02	 4.8636e+03	-8.4004e+01	 5.3989e+05	 5.6711e+04	-9.5200e+00
 8.6498e+03	 4.8281e+03	 5.3330e+00	 7.0287e-01	 3.2315e+02	 4.8662e+03	-8.2492e+01	 2.9600e+05	 3.9011e+04	-7.5875e+00
 1.2975e+04	 4.8281e+03	 5.1044e+00	 8.1649e-01	 3.2315e+02	 4.8690e+03	-8.0912e+01	 1.6987e+05	 2.7172e+04	-6.2517e+00
 1.9462e+04	 4.8281e+03	 4.8230e+00	 8.8646e-01	 3.2315e+02	 4.8716e+03	-7.9585e+01	 1.0431e+05	 1.9172e+04	-5.4408e+00
 2.9193e+04	 4.8281e+03	 4.5211e+00	 8.8813e-01	 3.2315e+02	 4.8766e+03	-7.8886e+01	 6.9409e+04	 1.3635e+04	-5.0906e+00
 4.3789e+04	 4.8281e+03	 4.2518e+00	 8.2379e-01	 3.2316e+02	 4.8791e+03	-7.9035e+01	 4.9886e+04	 9.6656e+03	-5.1612e+00
 6.5684e+04	 4.8281e+03	 4.0234e+00	 7.1975e-01	 3.2315e+02	 4.8817e+03	-7.9858e+01	 3.8065e+04	 6.8095e+03	-5.5900e+00
 9.8526e+04	 4.8281e+03	 3.8506e+00	 6.0804e-01	 3.2315e+02	 4.8842e+03	-8.1027e+01	 3.0039e+04	 4.7434e+03	-6.3327e+00
 1.4779e+05	 4.8281e+03	 3.7117e+00	 5.0875e-01	 3.2315e+02	 4.8869e+03	-8.2195e+01	 2.3934e+04	 3.2806e+03	-7.2956e+00
 2.2168e+05	 4.8281e+03	 3.6115e+00	 4.3077e-01	 3.2315e+02	 4.8897e+03	-8.3198e+01	 1.8845e+04	 2.2478e+03	-8.3838e+00
 3.3253e+05	 4.8281e+03	 3.5282e+00	 3.7202e-01	 3.2315e+02	 4.8925e+03	-8.3981e+01	 1.4547e+04	 1.5339e+03	-9.4838e+00
 4.9879e+05	 4.8281e+03	 3.4550e+00	 3.2892e-01	 3.2315e+02	 4.8950e+03	-8.4562e+01	 1.0969e+04	 1.0443e+03	-1.0504e+01
 7.4818e+05	 4.8281e+03	 3.4426e+00	 1.9700e-01	 3.2316e+02	 4.9031e+03	-8.6725e+01	 1.2209e+04	 6.9868e+02	-1.7475e+01
 9.0000e+05	 4.8281e+03	 3.4188e+00	 1.7340e-01	 3.2315e+02	 4.9110e+03	-8.7096e+01	 1.1531e+04	 5.8486e+02	-1.9716e+01
 1.0000e+02	 4.9083e+03	 5.9703e+00	 7.2531e-02	 3.2313e+02	 4.9181e+03	-8.9304e+01	 2.4811e+08	 3.0142e+06	-8.2313e+01
 1.5000e+02	 4.9083e+03	 5.9562e+00	 8.2087e-02	 3.2314e+02	 4.9206e+03	-8.9210e+01	 1.4615e+08	 2.0142e+06	-7.2559e+01
 2.2500e+02	 4.9083e+03	 5.9371e+00	 1.0193e-01	 3.2314e+02	 4.9234e+03	-8.9016e+01	 7.8464e+07	 1.3471e+06	-5.8245e+01
 3.3750e+02	 4.9083e+03	 5.9161e+00	 1.2331e-01	 3.2314e+02	 4.9258e+03	-8.8806e+01	 4.3241e+07	 9.0129e+05	-4.7977e+01
 5.0625e+02	 4.9083e+03	 5.8909e+00	 1.5066e-01	 3.2314e+02	 4.9283e+03	-8.8535e+01	 2.3594e+07	 6.0342e+05	-3.9100e+01
 7.5938e+02	 4.9083e+03	 5.8597e+00	 1.8636e-01	 3.2314e+02	 4.9309e+03	-8.8178e+01	 1.2716e+07	 4.0442e+05	-3.1443e+01
 1.1391e+03	 4.9083e+03	 5.8218e+00	 2.3221e-01	 3.2315e+02	 4.9333e+03	-8.7716e+01	 6.8038e+06	 2.7137e+05	-2.5072e+01
 1.7086e+03	 4.9083e+03	 5.7730e+00	 2.9186e-01	 3.2315e+02	 4.9359e+03	-8.7106e+01	 3.6087e+06	 1.8244e+05	-1.9780e+01
 2.5629e+03	 4.9083e+03	 5.7095e+00	 3.6789e-01	 3.2314e+02	 4.9385e+03	-8.6313e+01	 1.9086e+06	 1.2298e+05	-1.5520e+01
 3.8443e+03	 4.9083e+03	 5.6228e+00	 4.6359e-01	 3.2315e+02	 4.9412e+03	-8.5287e+01	 1.0098e+06	 8.3252e+04	-1.2129e+01
 5.7665e+03	 4.9083e+03	 5.5015e+00	 5.7809e-01	 3.2315e+02	 4.9436e+03	-8.4001e+01	 5.3984e+05	 5.6725e+04	-9.5167e+00
 8.6498e+03	 4.9083e+03	 5.3316e+00	 7.0274e-01	 3.2315e+02	 4.9462e+03	-8.2491e+01	 2.9605e+05	 3.9022e+04	-7.5869e+00
 1.2975e+04	 4.9083e+03	 5.1032e+00	 8.1612e-01	 3.2315e+02	 4.9489e+03	-8.0914e+01	 1.6995e+05	 2.7179e+04	-6.2530e+00
 1.9462e+04	 4.9083e+03	 4.8220e+00	 8.8593e-01	 3.2315e+02	 4.9514e+03	-7.9589e+01	 1.0437e+05	 1.9176e+04	-5.4429e+00
 2.9193e+04	 4.9083e+03	 4.5205e+00	 8.8762e-01	 3.2315e+02	 4.9567e+03	-7.8891e+01	 6.9449e+04	 1.3637e+04	-5.0928e+00
 4.3789e+04	 4.9083e+03	 4.2512e+00	 8.2338e-01	 3.2315e+02	 4.9594e+03	-7.9039e+01	 4.9911e+04	 9.6668e+03	-5.1632e+00
 6.5684e+04	 4.9083e+03	 4.0230e+00	 7.1963e-01	 3.2315e+02	 4.9619e+03	-7.9858e+01	 3.8071e+04	 6.8101e+03	-5.5904e+00
 9.8526e+04	 4.9083e+03	 3.8503e+00	 6.0813e-01	 3.2315e+02	 4.9643e+03	-8.1025e+01	 3.0034e+04	 4.7437e+03	-6.3313e+00
 1.4779e+05	 4.9083e+03	 3.7112e+00	 5.0891e-01	 3.2315e+02	 4.9669e+03	-8.2192e+01	 2.3927e+04	 3.2811e+03	-7.2924e+00
 2.2168e+05	 4.9083e+03	 3.6109e+00	 4.3089e-01	 3.2315e+02	 4.9695e+03	-8.3195e+01	 1.8840e+04	 2.2481e+03	-8.3802e+00
 3.3253e+05	 4.9083e+03	 3.5275e+00	 3.7229e-01	 3.2315e+02	 4.9722e+03	-8.3975e+01	 1.4536e+04	 1.5342e+03	-9.4752e+00
 4.9879e+05	 4.9083e+03	 3.4542e+00	 3.2899e-01	 3.2315e+02	 4.9748e+03	-8.4559e+01	 1.0967e+04	 1.0445e+03	-1.0499e+01
 7.4818e+05	 4.9083e+03	 3.4418e+00	 1.9734e-01	 3.2315e+02	 4.9830e+03	-8.6718e+01	 1.2189e+04	 6.9884e+02	-1.7441e+01
 9.0000e+05	 4.9083e+03	 3.4178e+00	 1.7564e-01	 3.2315e+02	 4.9908e+03	-8.7058e+01	 1.1384e+04	 5.8502e+02	-1.9459e+01
 1.0000e+02	 4.9881e+03	 5.9697e+00	 7.2601e-02	 3.2315e+02	 4.9977e+03	-8.9303e+01	 2.4787e+08	 3.0145e+06	-8.2226e+01
 1.5000e+02	 4.9881e+03	 5.9534e+00	 8.7913e-02	 3.2316e+02	 5.0002e+03	-8.9154e+01	 1.3647e+08	 2.0152e+06	-6.7719e+01
 2.2500e+02	 4.9881e+03	 5.9365e+00	 1.0187e-01	 3.2316e+02	 5.0028e+03	-8.9017e+01	 7.8510e+07	 1.3473e+06	-5.8273e+01
 3.3750e+02	 4.9881e+03	 5.9153e+00	 1.2339e-01	 3.2315e+02	 5.0054e+03	-8.8805e+01	 4.3212e+07	 9.0140e+05	-4.7939e+01
 5.0625e+02	 4.9881e+03	 5.8901e+00	 1.5109e-01	 3.2316e+02	 5.0078e+03	-8.8531e+01	 2.3527e+07	 6.0350e+05	-3.8984e+01
 7.5938e+02	 4.9881e+03	 5.8591e+00	 1.8645e-01	 3.2316e+02	 5.0104e+03	-8.8177e+01	 1.2710e+07	 4.0446e+05	-3.1425e+01
 1.1391e+03	 4.9881e+03	 5.8208e+00	 2.3268e-01	 3.2315e+02	 5.0131e+03	-8.7711e+01	 6.7900e+06	 2.7142e+05	-2.5017e+01
 1.7086e+03	 4.9881e+03	 5.7721e+00	 2.9195e-01	 3.2316e+02	 5.0159e+03	-8.7104e+01	 3.6076e+06	 1.8247e+05	-1.9771e+01
 2.5629e+03	 4.9881e+03	 5.7082e+00	 3.6801e-01	 3.2316e+02	 5.0186e+03	-8.6311e+01	 1.9080e+06	 1.2301e+05	-1.5511e+01
 3.8443e+03	 4.9881e+03	 5.6215e+00	 4.6380e-01	 3.2316e+02	 5.0212e+03	-8.5284e+01	 1.0093e+06	 8.3271e+04	-1.2121e+01
 5.7665e+03	 4.9881e+03	 5.5002e+00	 5.7814e-01	 3.2315e+02	 5.0237e+03	-8.4000e+01	 5.3979e+05	 5.6738e+04	-9.5136e+00
 8.6498e+03	 4.9881e+03	 5.3302e+00	 7.0260e-01	 3.2315e+02	 5.0265e+03	-8.2491e+01	 2.9611e+05	 3.9032e+04	-7.5864e+00
 1.2975e+04	 4.9881e+03	 5.1018e+00	 8.1584e-01	 3.2315e+02	 5.0289e+03	-8.0915e+01	 1.7001e+05	 2.7186e+04	-6.2534e+00
 1.9462e+04	 4.9881e+03	 4.8206e+00	 8.8548e-01	 3.2315e+02	 5.0315e+03	-7.9592e+01	 1.0442e+05	 1.9181e+04	-5.4440e+00
 2.9193e+04	 4.9881e+03	 4.5192e+00	 8.8698e-01	 3.2316e+02	 5.0366e+03	-7.8896e+01	 6.9499e+04	 1.3640e+04	-5.0951e+00
 4.3789e+04	 4.9881e+03	 4.2501e+00	 8.2283e-01	 3.2315e+02	 5.0391e+03	-7.9043e+01	 4.9945e+04	 9.6694e+03	-5.1652e+00
 6.5684e+04	 4.9881e+03	 4.0221e+00	 7.1926e-01	 3.2315e+02	 5.0417e+03	-7.9861e+01	 3.8091e+04	 6.8117e+03	-5.5920e+00
 9.8526e+04	 4.9881e+03	 3.8493e+00	 6.0782e-01	 3.2315e+02	 5.0441e+03	-8.1027e+01	 3.0050e+04	 4.7450e+03	-6.3329e+00
 1.4779e+05	 4.9881e+03	 3.7104e+00	 5.0883e-01	 3.2315e+02	 5.0469e+03	-8.2191e+01	 2.3931e+04	 3.2818e+03	-7.2920e+00
 2.2168e+05	 4.9881e+03	 3.6099e+00	 4.3097e-01	 3.2316e+02	 5.0495e+03	-8.3192e+01	 1.8836e+04	 2.2487e+03	-8.3764e+00
 3.3253e+05	 4.9881e+03	 3.5266e+00	 3.7234e-01	 3.2315e+02	 5.0522e+03	-8.3973e+01	 1.4535e+04	 1.5346e+03	-9.4715e+00
 4.9879e+05	 4.9881e+03	 3.4532e+00	 3.2919e-01	 3.2315e+02	 5.0548e+03	-8.4555e+01	 1.0960e+04	 1.0448e+03	-1.0490e+01
 7.4818e+05	 4.9881e+03	 3.4405e+00	 2.0106e-01	 3.2315e+02	 5.0625e+03	-8.6655e+01	 1.1963e+04	 6.9911e+02	-1.7112e+01
 9.0000e+05	 4.9881e+03	 3.4163e+00	 1.7949e-01	 3.2315e+02	 5.0704e+03	-8.6992e+01	 1.1140e+04	 5.8529e+02	-1.9033e+01
 1.0000e+02	 5.0678e+03	 5.9693e+00	 7.2853e-02	 3.2315e+02	 5.0773e+03	-8.9301e+01	 2.4702e+08	 3.0147e+06	-8.1936e+01
 1.5000e+02	 5.0678e+03	 5.9540e+00	 8.5276e-02	 3.2315e+02	 5.0799e+03	-8.9179e+01	 1.4069e+08	 2.0150e+06	-6.9820e+01
 2.2500e+02	 5.0678e+03	 5.9357e+00	 1.0234e-01	 3.2315e+02	 5.0823e+03	-8.9012e+01	 7.8155e+07	 1.3475e+06	-5.8002e+01
 3.3750e+02	 5.0678e+03	 5.9145e+00	 1.2377e-01	 3.2314e+02	 5.0848e+03	-8.8801e+01	 4.3082e+07	 9.0153e+05	-4.7788e+01
 5.0625e+02	 5.0678e+03	 5.8891e+00	 1.5145e-01	 3.2314e+02	 5.0872e+03	-8.8527e+01	 2.3471e+07	 6.0361e+05	-3.8885e+01
 7.5938e+02	 5.0678e+03	 5.8582e+00	 1.8700e-01	 3.2315e+02	 5.0898e+03	-8.8172e+01	 1.2673e+07	 4.0453e+05	-3.1327e+01
 1.1391e+03	 5.0678e+03	 5.8197e+00	 2.3300e-01	 3.2315e+02	 5.0924e+03	-8.7707e+01	 6.7805e+06	 2.7147e+05	-2.4977e+01
 1.7086e+03	 5.0678e+03	 5.7708e+00	 2.9235e-01	 3.2314e+02	 5.0950e+03	-8.7100e+01	 3.6027e+06	 1.8251e+05	-1.9740e+01
 2.5629e+03	 5.0678e+03	 5.7067e+00	 3.6873e-01	 3.2314e+02	 5.0977e+03	-8.6303e+01	 1.9043e+06	 1.2304e+05	-1.5476e+01
 3.8443e+03	 5.0678e+03	 5.6195e+00	 4.6438e-01	 3.2314e+02	 5.1001e+03	-8.5276e+01	 1.0080e+06	 8.3301e+04	-1.2101e+01
 5.7665e+03	 5.0678e+03	 5.4981e+00	 5.7866e-01	 3.2315e+02	 5.1026e+03	-8.3992e+01	 5.3930e+05	 5.6760e+04	-9.5015e+00
 8.6498e+03	 5.0678e+03	 5.3279e+00	 7.0292e-01	 3.2314e+02	 5.1053e+03	-8.2484e+01	 2.9598e+05	 3.9049e+04	-7.5796e+00
 1.2975e+04	 5.0678e+03	 5.0992e+00	 8.1565e-01	 3.2314e+02	 5.1078e+03	-8.0912e+01	 1.7005e+05	 2.7200e+04	-6.2517e+00
 1.9462e+04	 5.0678e+03	 4.8184e+00	 8.8506e-01	 3.2314e+02	 5.1104e+03	-7.9592e+01	 1.0447e+05	 1.9190e+04	-5.4442e+00
 2.9193e+04	 5.0678e+03	 4.5174e+00	 8.8634e-01	 3.2315e+02	 5.1154e+03	-7.8899e+01	 6.9549e+04	 1.3646e+04	-5.0967e+00
 4.3789e+04	 5.0678e+03	 4.2488e+00	 8.2226e-01	 3.2315e+02	 5.1181e+03	-7.9047e+01	 4.9980e+04	 9.6724e+03	-5.1672e+00
 6.5684e+04	 5.0678e+03	 4.0210e+00	 7.1860e-01	 3.2315e+02	 5.1206e+03	-7.9867e+01	 3.8126e+04	 6.8136e+03	-5.5956e+00
 9.8526e+04	 5.0678e+03	 3.8485e+00	 6.0755e-01	 3.2315e+02	 5.1232e+03	-8.1029e+01	 3.0063e+04	 4.7459e+03	-6.3345e+00
 1.4779e+05	 5.0678e+03	 3.7095e+00	 5.0865e-01	 3.2315e+02	 5.1259e+03	-8.2192e+01	 2.3939e+04	 3.2826e+03	-7.2928e+00
 2.2168e+05	 5.0678e+03	 3.6091e+00	 4.3097e-01	 3.2315e+02	 5.1285e+03	-8.3190e+01	 1.8836e+04	 2.2492e+03	-8.3743e+00
 3.3253e+05	 5.0678e+03	 3.5257e+00	 3.7234e-01	 3.2315e+02	 5.1310e+03	-8.3972e+01	 1.4535e+04	 1.5349e+03	-9.4692e+00
 4.9879e+05	 5.0678e+03	 3.4523e+00	 3.2915e-01	 3.2315e+02	 5.1339e+03	-8.4554e+01	 1.0961e+04	 1.0451e+03	-1.0488e+01
 7.4818e+05	 5.0678e+03	 3.4399e+00	 1.9526e-01	 3.2315e+02	 5.1416e+03	-8.6751e+01	 1.2318e+04	 6.9922e+02	-1.7617e+01
 9.0000e+05	 5.0678e+03	 3.4163e+00	 1.7062e-01	 3.2314e+02	 5.1492e+03	-8.7141e+01	 1.1719e+04	 5.8529e+02	-2.0023e+01
 1.0000e+02	 5.1465e+03	 5.9686e+00	 7.3059e-02	 3.2315e+02	 5.1563e+03	-8.9299e+01	 2.4632e+08	 3.0151e+06	-8.1696e+01
 1.5000e+02	 5.1465e+03	 5.9537e+00	 8.6836e-02	 3.2315e+02	 5.1588e+03	-8.9164e+01	 1.3816e+08	 2.0151e+06	-6.8562e+01
 2.2500e+02	 5.1465e+03	 5.9349e+00	 1.0257e-01	 3.2315e+02	 5.1612e+03	-8.9010e+01	 7.7976e+07	 1.3476e+06	-5.7861e+01
 3.3750e+02	 5.1465e+03	 5.9138e+00	 1.2406e-01	 3.2315e+02	 5.1636e+03	-8.8798e+01	 4.2980e+07	 9.0164e+05	-4.7669e+01
 5.0625e+02	 5.1465e+03	 5.8883e+00	 1.5176e-01	 3.2314e+02	 5.1661e+03	-8.8524e+01	 2.3424e+07	 6.0369e+05	-3.8801e+01
 7.5938e+02	 5.1465e+03	 5.8570e+00	 1.8741e-01	 3.2315e+02	 5.1689e+03	-8.8167e+01	 1.2645e+07	 4.0461e+05	-3.1252e+01
 1.1391e+03	 5.1465e+03	 5.8187e+00	 2.3337e-01	 3.2314e+02	 5.1713e+03	-8.7703e+01	 6.7697e+06	 2.7152e+05	-2.4933e+01
 1.7086e+03	 5.1465e+03	 5.7694e+00	 2.9302e-01	 3.2315e+02	 5.1739e+03	-8.7093e+01	 3.5945e+06	 1.8256e+05	-1.9690e+01
 2.5629e+03	 5.1465e+03	 5.7056e+00	 3.6913e-01	 3.2315e+02	 5.1764e+03	-8.6298e+01	 1.9022e+06	 1.2307e+05	-1.5457e+01
 3.8443e+03	 5.1465e+03	 5.6181e+00	 4.6458e-01	 3.2314e+02	 5.1789e+03	-8.5273e+01	 1.0076e+06	 8.3322e+04	-1.2093e+01
 5.7665e+03	 5.1465e+03	 5.4965e+00	 5.7881e-01	 3.2315e+02	 5.1817e+03	-8.3989e+01	 5.3916e+05	 5.6776e+04	-9.4963e+00
 8.6498e+03	 5.1465e+03	 5.3263e+00	 7.0285e-01	 3.2315e+02	 5.1842e+03	-8.2483e+01	 2.9601e+05	 3.9061e+04	-7.5781e+00
 1.2975e+04	 5.1465e+03	 5.0977e+00	 8.1545e-01	 3.2315e+02	 5.1869e+03	-8.0912e+01	 1.7009e+05	 2.7208e+04	-6.2514e+00
 1.9462e+04	 5.1465e+03	 4.8172e+00	 8.8475e-01	 3.2315e+02	 5.1896e+03	-7.9593e+01	 1.0451e+05	 1.9195e+04	-5.4447e+00
 2.9193e+04	 5.1465e+03	 4.5253e+00	 8.8688e-01	 3.2315e+02	 5.1922e+03	-7.8912e+01	 6.9507e+04	 1.3622e+04	-5.1026e+00
 4.3789e+04	 5.1465e+03	 4.2479e+00	 8.2166e-01	 3.2315e+02	 5.1948e+03	-7.9052e+01	 5.0016e+04	 9.6745e+03	-5.1698e+00
 6.5684e+04	 5.1465e+03	 4.0202e+00	 7.1823e-01	 3.2315e+02	 5.1972e+03	-7.9871e+01	 3.8146e+04	 6.8150e+03	-5.5974e+00
 9.8526e+04	 5.1465e+03	 3.8479e+00	 6.0741e-01	 3.2315e+02	 5.1999e+03	-8.1030e+01	 3.0070e+04	 4.7467e+03	-6.3349e+00
 1.4779e+05	 5.1465e+03	 3.7087e+00	 5.0857e-01	 3.2316e+02	 5.2025e+03	-8.2192e+01	 2.3943e+04	 3.2832e+03	-7.2924e+00
 2.2168e+05	 5.1465e+03	 3.6084e+00	 4.3088e-01	 3.2315e+02	 5.2050e+03	-8.3191e+01	 1.8840e+04	 2.2497e+03	-8.3746e+00
 3.3253e+05	 5.1465e+03	 3.5249e+00	 3.7246e-01	 3.2315e+02	 5.2074e+03	-8.3968e+01	 1.4530e+04	 1.5353e+03	-9.4639e+00
 4.9879e+05	 5.1465e+03	 3.4515e+00	 3.2924e-01	 3.2315e+02	 5.2100e+03	-8.4551e+01	 1.0958e+04	 1.0453e+03	-1.0483e+01
 7.4818e+05	 5.1465e+03	 3.4391e+00	 1.9470e-01	 3.2315e+02	 5.2179e+03	-8.6760e+01	 1.2354e+04	 6.9938e+02	-1.7664e+01
 9.0000e+05	 5.1465e+03	 3.4146e+00	 1.7909e-01	 3.2315e+02	 5.2258e+03	-8.6998e+01	 1.1165e+04	 5.8559e+02	-1.9066e+01
 1.0000e+02	 5.2231e+03	 5.9679e+00	 7.3172e-02	 3.2315e+02	 5.2329e+03	-8.9298e+01	 2.4594e+08	 3.0154e+06	-8.1560e+01
 1.5000e+02	 5.2231e+03	 5.9532e+00	 8.6556e-02	 3.2316e+02	 5.2353e+03	-8.9167e+01	 1.3861e+08	 2.0153e+06	-6.8778e+01
 2.2500e+02	 5.2231e+03	 5.9345e+00	 1.0297e-01	 3.2315e+02	 5.2378e+03	-8.9006e+01	 7.7674e+07	 1.3477e+06	-5.7633e+01
 3.3750e+02	 5.2231e+03	 5.9129e+00	 1.2438e-01	 3.2316e+02	 5.2404e+03	-8.8795e+01	 4.2868e+07	 9.0176e+05	-4.7538e+01
 5.0625e+02	 5.2231e+03	 5.8874e+00	 1.5188e-01	 3.2316e+02	 5.2429e+03	-8.8522e+01	 2.3405e+07	 6.0378e+05	-3.8764e+01
 7.5938e+02	 5.2231e+03	 5.8562e+00	 1.8752e-01	 3.2315e+02	 5.2457e+03	-8.8166e+01	 1.2638e+07	 4.0467e+05	-3.1230e+01
 1.1391e+03	 5.2231e+03	 5.8178e+00	 2.3376e-01	 3.2316e+02	 5.2481e+03	-8.7699e+01	 6.7586e+06	 2.7156e+05	-2.4888e+01
 1.7086e+03	 5.2231e+03	 5.7684e+00	 2.9317e-01	 3.2316e+02	 5.2509e+03	-8.7091e+01	 3.5926e+06	 1.8259e+05	-1.9676e+01
 2.5629e+03	 5.2231e+03	 5.7042e+00	 3.6942e-01	 3.2315e+02	 5.2536e+03	-8.6295e+01	 1.9007e+06	 1.2310e+05	-1.5441e+01
 3.8443e+03	 5.2231e+03	 5.6169e+00	 4.6491e-01	 3.2315e+02	 5.2562e+03	-8.5268e+01	 1.0069e+06	 8.3339e+04	-1.2082e+01
 5.7665e+03	 5.2231e+03	 5.4949e+00	 5.7885e-01	 3.2315e+02	 5.2587e+03	-8.3986e+01	 5.3912e+05	 5.6793e+04	-9.4928e+00
 8.6498e+03	 5.2231e+03	 5.3246e+00	 7.0281e-01	 3.2316e+02	 5.2612e+03	-8.2481e+01	 2.9602e+05	 3.9073e+04	-7.5761e+00
 1.2975e+04	 5.2231e+03	 5.0960e+00	 8.1515e-01	 3.2315e+02	 5.2639e+03	-8.0912e+01	 1.7015e+05	 2.7217e+04	-6.2516e+00
 1.9462e+04	 5.2231e+03	 4.8156e+00	 8.8422e-01	 3.2315e+02	 5.2664e+03	-7.9596e+01	 1.0457e+05	 1.9201e+04	-5.4462e+00
 2.9193e+04	 5.2231e+03	 4.5239e+00	 8.8620e-01	 3.2315e+02	 5.2691e+03	-7.8916e+01	 6.9560e+04	 1.3626e+04	-5.1048e+00
 4.3789e+04	 5.2231e+03	 4.2466e+00	 8.2128e-01	 3.2315e+02	 5.2717e+03	-7.9054e+01	 5.0039e+04	 9.6775e+03	-5.1706e+00
 6.5684e+04	 5.2231e+03	 4.0192e+00	 7.1776e-01	 3.2315e+02	 5.2744e+03	-7.9875e+01	 3.8170e+04	 6.8167e+03	-5.5995e+00
 9.8526e+04	 5.2231e+03	 3.8470e+00	 6.0704e-01	 3.2315e+02	 5.2769e+03	-8.1033e+01	 3.0088e+04	 4.7479e+03	-6.3372e+00
 1.4779e+05	 5.2231e+03	 3.7081e+00	 5.0837e-01	 3.2315e+02	 5.2797e+03	-8.2193e+01	 2.3952e+04	 3.2838e+03	-7.2940e+00
 2.2168e+05	 5.2231e+03	 3.6075e+00	 4.3082e-01	 3.2315e+02	 5.2822e+03	-8.3190e+01	 1.8842e+04	 2.2503e+03	-8.3734e+00
 3.3253e+05	 5.2231e+03	 3.5240e+00	 3.7240e-01	 3.2315e+02	 5.2847e+03	-8.3968e+01	 1.4532e+04	 1.5357e+03	-9.4629e+00
 4.9879e+05	 5.2231e+03	 3.4505e+00	 3.2937e-01	 3.2315e+02	 5.2873e+03	-8.4547e+01	 1.0954e+04	 1.0456e+03	-1.0476e+01
 7.4818e+05	 5.2231e+03	 3.4374e+00	 2.0234e-01	 3.2315e+02	 5.2949e+03	-8.6631e+01	 1.1887e+04	 6.9972e+02	-1.6989e+01
 9.0000e+05	 5.2231e+03	 3.4130e+00	 1.8398e-01	 3.2315e+02	 5.3025e+03	-8.6914e+01	 1.0868e+04	 5.8585e+02	-1.8551e+01
 1.0000e+02	 5.2998e+03	 5.9676e+00	 7.3697e-02	 3.2315e+02	 5.3092e+03	-8.9292e+01	 2.4419e+08	 3.0156e+06	-8.0975e+01
 1.5000e+02	 5.2998e+03	 5.9523e+00	 8.5422e-02	 3.2315e+02	 5.3118e+03	-8.9178e+01	 1.4044e+08	 2.0155e+06	-6.9681e+01
 2.2500e+02	 5.2998e+03	 5.9338e+00	 1.0314e-01	 3.2315e+02	 5.3143e+03	-8.9004e+01	 7.7543e+07	 1.3479e+06	-5.7529e+01
 3.3750e+02	 5.2998e+03	 5.9122e+00	 1.2464e-01	 3.2315e+02	 5.3168e+03	-8.8792e+01	 4.2779e+07	 9.0188e+05	-4.7433e+01
 5.0625e+02	 5.2998e+03	 5.8865e+00	 1.5219e-01	 3.2314e+02	 5.3194e+03	-8.8519e+01	 2.3357e+07	 6.0387e+05	-3.8678e+01
 7.5938e+02	 5.2998e+03	 5.8554e+00	 1.8807e-01	 3.2315e+02	 5.3219e+03	-8.8160e+01	 1.2601e+07	 4.0472e+05	-3.1134e+01
 1.1391e+03	 5.2998e+03	 5.8164e+00	 2.3419e-01	 3.2315e+02	 5.3246e+03	-8.7694e+01	 6.7460e+06	 2.7162e+05	-2.4836e+01
 1.7086e+03	 5.2998e+03	 5.7672e+00	 2.9367e-01	 3.2315e+02	 5.3271e+03	-8.7085e+01	 3.5865e+06	 1.8263e+05	-1.9638e+01
 2.5629e+03	 5.2998e+03	 5.7028e+00	 3.6998e-01	 3.2315e+02	 5.3299e+03	-8.6288e+01	 1.8978e+06	 1.2313e+05	-1.5414e+01
 3.8443e+03	 5.2998e+03	 5.6153e+00	 4.6540e-01	 3.2315e+02	 5.3323e+03	-8.5262e+01	 1.0058e+06	 8.3363e+04	-1.2066e+01
 5.7665e+03	 5.2998e+03	 5.4932e+00	 5.7930e-01	 3.2315e+02	 5.3350e+03	-8.3980e+01	 5.3870e+05	 5.6811e+04	-9.4824e+00
 8.6498e+03	 5.2998e+03	 5.3226e+00	 7.0295e-01	 3.2315e+02	 5.3376e+03	-8.2477e+01	 2.9596e+05	 3.9088e+04	-7.5718e+00
 1.2975e+04	 5.2998e+03	 5.0941e+00	 8.1502e-01	 3.2315e+02	 5.3400e+03	-8.0910e+01	 1.7018e+05	 2.7227e+04	-6.2503e+00
 1.9462e+04	 5.2998e+03	 4.8139e+00	 8.8380e-01	 3.2315e+02	 5.3426e+03	-7.9597e+01	 1.0462e+05	 1.9208e+04	-5.4468e+00
 2.9193e+04	 5.2998e+03	 4.5226e+00	 8.8557e-01	 3.2316e+02	 5.3451e+03	-7.8921e+01	 6.9609e+04	 1.3630e+04	-5.1070e+00
 4.3789e+04	 5.2998e+03	 4.2457e+00	 8.2059e-01	 3.2315e+02	 5.3478e+03	-7.9061e+01	 5.0081e+04	 9.6795e+03	-5.1739e+00
 6.5684e+04	 5.2998e+03	 4.0183e+00	 7.1739e-01	 3.2315e+02	 5.3502e+03	-7.9878e+01	 3.8190e+04	 6.8182e+03	-5.6013e+00
 9.8526e+04	 5.2998e+03	 3.8464e+00	 6.0685e-01	 3.2315e+02	 5.3527e+03	-8.1034e+01	 3.0098e+04	 4.7486e+03	-6.3382e+00
 1.4779e+05	 5.2998e+03	 3.7072e+00	 5.0845e-01	 3.2316e+02	 5.3554e+03	-8.2190e+01	 2.3948e+04	 3.2846e+03	-7.2912e+00
 2.2168e+05	 5.2998e+03	 3.6068e+00	 4.3088e-01	 3.2315e+02	 5.3580e+03	-8.3188e+01	 1.8840e+04	 2.2507e+03	-8.3707e+00
 3.3253e+05	 5.2998e+03	 3.5232e+00	 3.7245e-01	 3.2315e+02	 5.3606e+03	-8.3966e+01	 1.4530e+04	 1.5360e+03	-9.4597e+00
 4.9879e+05	 5.2998e+03	 3.4496e+00	 3.2942e-01	 3.2315e+02	 5.3632e+03	-8.4545e+01	 1.0952e+04	 1.0459e+03	-1.0472e+01
 7.4818e+05	 5.2998e+03	 3.4362e+00	 2.0803e-01	 3.2315e+02	 5.3712e+03	-8.6535e+01	 1.1562e+04	 6.9998e+02	-1.6517e+01
 9.0000e+05	 5.2998e+03	 3.4115e+00	 1.9327e-01	 3.2315e+02	 5.3789e+03	-8.6757e+01	 1.0346e+04	 5.8612e+02	-1.7651e+01
 1.0000e+02	 5.3762e+03	 5.9669e+00	 7.3960e-02	 3.2315e+02	 5.3854e+03	-8.9290e+01	 2.4332e+08	 3.0159e+06	-8.0678e+01
 1.5000e+02	 5.3762e+03	 5.9507e+00	 8.8015e-02	 3.2315e+02	 5.3879e+03	-8.9153e+01	 1.3631e+08	 2.0161e+06	-6.7611e+01
 2.2500e+02	 5.3762e+03	 5.9330e+00	 1.0333e-01	 3.2315e+02	 5.3906e+03	-8.9002e+01	 7.7403e+07	 1.3481e+06	-5.7418e+01
 3.3750e+02	 5.3762e+03	 5.9114e+00	 1.2504e-01	 3.2315e+02	 5.3930e+03	-8.8788e+01	 4.2642e+07	 9.0200e+05	-4.7275e+01
 5.0625e+02	 5.3762e+03	 5.8856e+00	 1.5274e-01	 3.2315e+02	 5.3957e+03	-8.8513e+01	 2.3273e+07	 6.0397e+05	-3.8533e+01
 7.5938e+02	 5.3762e+03	 5.8543e+00	 1.8840e-01	 3.2314e+02	 5.3984e+03	-8.8157e+01	 1.2578e+07	 4.0480e+05	-3.1073e+01
 1.1391e+03	 5.3762e+03	 5.8156e+00	 2.3489e-01	 3.2315e+02	 5.4011e+03	-8.7687e+01	 6.7261e+06	 2.7166e+05	-2.4759e+01
 1.7086e+03	 5.3762e+03	 5.7662e+00	 2.9436e-01	 3.2315e+02	 5.4037e+03	-8.7078e+01	 3.5781e+06	 1.8266e+05	-1.9589e+01
 2.5629e+03	 5.3762e+03	 5.7015e+00	 3.7047e-01	 3.2315e+02	 5.4064e+03	-8.6282e+01	 1.8953e+06	 1.2315e+05	-1.5390e+01
 3.8443e+03	 5.3762e+03	 5.6137e+00	 4.6586e-01	 3.2315e+02	 5.4089e+03	-8.5256e+01	 1.0048e+06	 8.3387e+04	-1.2050e+01
 5.7665e+03	 5.3762e+03	 5.4914e+00	 5.7977e-01	 3.2315e+02	 5.4113e+03	-8.3973e+01	 5.3827e+05	 5.6829e+04	-9.4718e+00
 8.6498e+03	 5.3762e+03	 5.3207e+00	 7.0320e-01	 3.2315e+02	 5.4139e+03	-8.2471e+01	 2.9586e+05	 3.9101e+04	-7.5665e+00
 1.2975e+04	 5.3762e+03	 5.0921e+00	 8.1477e-01	 3.2314e+02	 5.4165e+03	-8.0909e+01	 1.7023e+05	 2.7238e+04	-6.2498e+00
 1.9462e+04	 5.3762e+03	 4.8118e+00	 8.8324e-01	 3.2315e+02	 5.4191e+03	-7.9599e+01	 1.0469e+05	 1.9217e+04	-5.4479e+00
 2.9193e+04	 5.3762e+03	 4.5209e+00	 8.8507e-01	 3.2315e+02	 5.4216e+03	-7.8923e+01	 6.9649e+04	 1.3635e+04	-5.1080e+00
 4.3789e+04	 5.3762e+03	 4.2443e+00	 8.1987e-01	 3.2315e+02	 5.4244e+03	-7.9067e+01	 5.0125e+04	 9.6826e+03	-5.1768e+00
 6.5684e+04	 5.3762e+03	 4.0173e+00	 7.1685e-01	 3.2314e+02	 5.4269e+03	-7.9883e+01	 3.8219e+04	 6.8198e+03	-5.6041e+00
 9.8526e+04	 5.3762e+03	 3.8455e+00	 6.0644e-01	 3.2315e+02	 5.4293e+03	-8.1038e+01	 3.0118e+04	 4.7497e+03	-6.3411e+00
 1.4779e+05	 5.3762e+03	 3.7065e+00	 5.0830e-01	 3.2315e+02	 5.4321e+03	-8.2191e+01	 2.3956e+04	 3.2852e+03	-7.2919e+00
 2.2168e+05	 5.3762e+03	 3.6059e+00	 4.3084e-01	 3.2315e+02	 5.4346e+03	-8.3187e+01	 1.8842e+04	 2.2512e+03	-8.3695e+00
 3.3253e+05	 5.3762e+03	 3.5223e+00	 3.7243e-01	 3.2315e+02	 5.4374e+03	-8.3964e+01	 1.4531e+04	 1.5364e+03	-9.4577e+00
 4.9879e+05	 5.3762e+03	 3.4488e+00	 3.2943e-01	 3.2315e+02	 5.4400e+03	-8.4544e+01	 1.0952e+04	 1.0461e+03	-1.0469e+01
 7.4818e+05	 5.3762e+03	 3.4346e+00	 2.1487e-01	 3.2315e+02	 5.4476e+03	-8.6420e+01	 1.1194e+04	 7.0031e+02	-1.5984e+01
 9.0000e+05	 5.3762e+03	 3.4103e+00	 1.9616e-01	 3.2314e+02	 5.4555e+03	-8.6708e+01	 1.0193e+04	 5.8632e+02	-1.7385e+01
 1.0000e+02	 5.4528e+03	 5.9663e+00	 7.3745e-02	 3.2315e+02	 5.4623e+03	-8.9292e+01	 2.4403e+08	 3.0162e+06	-8.0905e+01
 1.5000e+02	 5.4528e+03	 5.9485e+00	 8.7534e-02	 3.2315e+02	 5.4650e+03	-8.9157e+01	 1.3706e+08	 2.0168e+06	-6.7957e+01
 2.2500e+02	 5.4528e+03	 5.9325e+00	 1.0353e-01	 3.2315e+02	 5.4675e+03	-8.9000e+01	 7.7257e+07	 1.3482e+06	-5.7305e+01
 3.3750e+02	 5.4528e+03	 5.9110e+00	 1.2526e-01	 3.2315e+02	 5.4702e+03	-8.8786e+01	 4.2569e+07	 9.0206e+05	-4.7191e+01
 5.0625e+02	 5.4528e+03	 5.8849e+00	 1.5325e-01	 3.2315e+02	 5.4726e+03	-8.8508e+01	 2.3195e+07	 6.0404e+05	-3.8400e+01
 7.5938e+02	 5.4528e+03	 5.8537e+00	 1.8899e-01	 3.2315e+02	 5.4754e+03	-8.8151e+01	 1.2539e+07	 4.0484e+05	-3.0974e+01
 1.1391e+03	 5.4528e+03	 5.8147e+00	 2.3507e-01	 3.2315e+02	 5.4779e+03	-8.7685e+01	 6.7207e+06	 2.7171e+05	-2.4735e+01
 1.7086e+03	 5.4528e+03	 5.7650e+00	 2.9461e-01	 3.2315e+02	 5.4807e+03	-8.7075e+01	 3.5751e+06	 1.8270e+05	-1.9569e+01
 2.5629e+03	 5.4528e+03	 5.7003e+00	 3.7085e-01	 3.2315e+02	 5.4833e+03	-8.6278e+01	 1.8934e+06	 1.2318e+05	-1.5371e+01
 3.8443e+03	 5.4528e+03	 5.6122e+00	 4.6623e-01	 3.2315e+02	 5.4858e+03	-8.5251e+01	 1.0040e+06	 8.3409e+04	-1.2038e+01
 5.7665e+03	 5.4528e+03	 5.4899e+00	 5.7990e-01	 3.2315e+02	 5.4884e+03	-8.3970e+01	 5.3815e+05	 5.6845e+04	-9.4669e+00
 8.6498e+03	 5.4528e+03	 5.3190e+00	 7.0313e-01	 3.2315e+02	 5.4909e+03	-8.2470e+01	 2.9589e+05	 3.9114e+04	-7.5647e+00
 1.2975e+04	 5.4528e+03	 5.0904e+00	 8.1477e-01	 3.2315e+02	 5.4937e+03	-8.0906e+01	 1.7023e+05	 2.7247e+04	-6.2476e+00
 1.9462e+04	 5.4528e+03	 4.8104e+00	 8.8295e-01	 3.2315e+02	 5.4962e+03	-7.9599e+01	 1.0472e+05	 1.9222e+04	-5.4481e+00
 2.9193e+04	 5.4528e+03	 4.5196e+00	 8.8449e-01	 3.2315e+02	 5.4990e+03	-7.8927e+01	 6.9695e+04	 1.3639e+04	-5.1098e+00
 4.3789e+04	 5.4528e+03	 4.2433e+00	 8.1943e-01	 3.2314e+02	 5.5014e+03	-7.9070e+01	 5.0152e+04	 9.6849e+03	-5.1784e+00
 6.5684e+04	 5.4528e+03	 4.0165e+00	 7.1654e-01	 3.2315e+02	 5.5038e+03	-7.9885e+01	 3.8236e+04	 6.8212e+03	-5.6054e+00
 9.8526e+04	 5.4528e+03	 3.8444e+00	 6.0612e-01	 3.2315e+02	 5.5064e+03	-8.1040e+01	 3.0134e+04	 4.7510e+03	-6.3427e+00
 1.4779e+05	 5.4528e+03	 3.7057e+00	 5.0814e-01	 3.2315e+02	 5.5089e+03	-8.2192e+01	 2.3963e+04	 3.2860e+03	-7.2926e+00
 2.2168e+05	 5.4528e+03	 3.6052e+00	 4.3080e-01	 3.2315e+02	 5.5117e+03	-8.3186e+01	 1.8843e+04	 2.2517e+03	-8.3685e+00
 3.3253e+05	 5.4528e+03	 3.5215e+00	 3.7251e-01	 3.2315e+02	 5.5142e+03	-8.3962e+01	 1.4528e+04	 1.5368e+03	-9.4533e+00
 4.9879e+05	 5.4528e+03	 3.4479e+00	 3.2942e-01	 3.2316e+02	 5.5168e+03	-8.4542e+01	 1.0952e+04	 1.0464e+03	-1.0467e+01
 7.4818e+05	 5.4528e+03	 3.4337e+00	 2.1413e-01	 3.2316e+02	 5.5246e+03	-8.6432e+01	 1.1233e+04	 7.0048e+02	-1.6036e+01
 9.0000e+05	 5.4528e+03	 3.4094e+00	 1.9543e-01	 3.2316e+02	 5.5322e+03	-8.6719e+01	 1.0231e+04	 5.8648e+02	-1.7445e+01
 1.0000e+02	 5.5296e+03	 5.9660e+00	 7.4258e-02	 3.2316e+02	 5.5390e+03	-8.9287e+01	 2.4234e+08	 3.0164e+06	-8.0341e+01
 1.5000e+02	 5.5296e+03	 5.9516e+00	 8.7074e-02	 3.2316e+02	 5.5416e+03	-8.9162e+01	 1.3778e+08	 2.0158e+06	-6.8351e+01
 2.2500e+02	 5.5296e+03	 5.9319e+00	 1.0404e-01	 3.2315e+02	 5.5441e+03	-8.8995e+01	 7.6877e+07	 1.3483e+06	-5.7016e+01
 3.3750e+02	 5.5296e+03	 5.9100e+00	 1.2568e-01	 3.2315e+02	 5.5467e+03	-8.8782e+01	 4.2426e+07	 9.0221e+05	-4.7024e+01
 5.0625e+02	 5.5296e+03	 5.8842e+00	 1.5343e-01	 3.2314e+02	 5.5492e+03	-8.8506e+01	 2.3168e+07	 6.0411e+05	-3.8351e+01
 7.5938e+02	 5.5296e+03	 5.8525e+00	 1.8928e-01	 3.2315e+02	 5.5518e+03	-8.8148e+01	 1.2520e+07	 4.0492e+05	-3.0920e+01
 1.1391e+03	 5.5296e+03	 5.8133e+00	 2.3542e-01	 3.2315e+02	 5.5543e+03	-8.7681e+01	 6.7108e+06	 2.7177e+05	-2.4693e+01
 1.7086e+03	 5.5296e+03	 5.7638e+00	 2.9535e-01	 3.2315e+02	 5.5569e+03	-8.7067e+01	 3.5661e+06	 1.8273e+05	-1.9515e+01
 2.5629e+03	 5.5296e+03	 5.6988e+00	 3.7158e-01	 3.2315e+02	 5.5597e+03	-8.6269e+01	 1.8897e+06	 1.2321e+05	-1.5337e+01
 3.8443e+03	 5.5296e+03	 5.6104e+00	 4.6689e-01	 3.2315e+02	 5.5622e+03	-8.5243e+01	 1.0026e+06	 8.3436e+04	-1.2017e+01
 5.7665e+03	 5.5296e+03	 5.4877e+00	 5.8051e-01	 3.2315e+02	 5.5649e+03	-8.3961e+01	 5.3758e+05	 5.6868e+04	-9.4531e+00
 8.6498e+03	 5.5296e+03	 5.3167e+00	 7.0358e-01	 3.2315e+02	 5.5674e+03	-8.2462e+01	 2.9570e+05	 3.9131e+04	-7.5567e+00
 1.2975e+04	 5.5296e+03	 5.0879e+00	 8.1476e-01	 3.2315e+02	 5.5701e+03	-8.0902e+01	 1.7023e+05	 2.7260e+04	-6.2447e+00
 1.9462e+04	 5.5296e+03	 4.8078e+00	 8.8244e-01	 3.2315e+02	 5.5728e+03	-7.9600e+01	 1.0478e+05	 1.9232e+04	-5.4483e+00
 2.9193e+04	 5.5296e+03	 4.5173e+00	 8.8370e-01	 3.2315e+02	 5.5755e+03	-7.8931e+01	 6.9757e+04	 1.3646e+04	-5.1118e+00
 4.3789e+04	 5.5296e+03	 4.2414e+00	 8.1849e-01	 3.2315e+02	 5.5779e+03	-7.9077e+01	 5.0209e+04	 9.6893e+03	-5.1820e+00
 6.5684e+04	 5.5296e+03	 4.0149e+00	 7.1560e-01	 3.2315e+02	 5.5804e+03	-7.9894e+01	 3.8286e+04	 6.8240e+03	-5.6105e+00
 9.8526e+04	 5.5296e+03	 3.8434e+00	 6.0554e-01	 3.2314e+02	 5.5831e+03	-8.1047e+01	 3.0163e+04	 4.7522e+03	-6.3472e+00
 1.4779e+05	 5.5296e+03	 3.7046e+00	 5.0766e-01	 3.2315e+02	 5.5856e+03	-8.2197e+01	 2.3986e+04	 3.2868e+03	-7.2975e+00
 2.2168e+05	 5.5296e+03	 3.6042e+00	 4.3063e-01	 3.2314e+02	 5.5882e+03	-8.3187e+01	 1.8851e+04	 2.2523e+03	-8.3696e+00
 3.3253e+05	 5.5296e+03	 3.5204e+00	 3.7237e-01	 3.2315e+02	 5.5906e+03	-8.3962e+01	 1.4534e+04	 1.5373e+03	-9.4542e+00
 4.9879e+05	 5.5296e+03	 3.4468e+00	 3.2942e-01	 3.2315e+02	 5.5932e+03	-8.4541e+01	 1.0952e+04	 1.0467e+03	-1.0463e+01
 7.4818e+05	 5.5296e+03	 3.4327e+00	 2.1408e-01	 3.2315e+02	 5.6011e+03	-8.6431e+01	 1.1236e+04	 7.0070e+02	-1.6035e+01
 9.0000e+05	 5.5296e+03	 3.4084e+00	 1.9510e-01	 3.2315e+02	 5.6089e+03	-8.6724e+01	 1.0249e+04	 5.8664e+02	-1.7470e+01
 1.0000e+02	 5.6062e+03	 5.9655e+00	 7.4207e-02	 3.2315e+02	 5.6159e+03	-8.9287e+01	 2.4251e+08	 3.0166e+06	-8.0390e+01
 1.5000e+02	 5.6062e+03	 5.9497e+00	 8.8908e-02	 3.2314e+02	 5.6185e+03	-8.9144e+01	 1.3494e+08	 2.0164e+06	-6.6919e+01
 2.2500e+02	 5.6062e+03	 5.9311e+00	 1.0416e-01	 3.2315e+02	 5.6213e+03	-8.8994e+01	 7.6787e+07	 1.3485e+06	-5.6943e+01
 3.3750e+02	 5.6062e+03	 5.9094e+00	 1.2591e-01	 3.2315e+02	 5.6238e+03	-8.8779e+01	 4.2347e+07	 9.0230e+05	-4.6932e+01
 5.0625e+02	 5.6062e+03	 5.8832e+00	 1.5366e-01	 3.2315e+02	 5.6265e+03	-8.8504e+01	 2.3133e+07	 6.0421e+05	-3.8287e+01
 7.5938e+02	 5.6062e+03	 5.8515e+00	 1.8973e-01	 3.2315e+02	 5.6290e+03	-8.8143e+01	 1.2490e+07	 4.0499e+05	-3.0841e+01
 1.1391e+03	 5.6062e+03	 5.8124e+00	 2.3577e-01	 3.2315e+02	 5.6314e+03	-8.7677e+01	 6.7009e+06	 2.7181e+05	-2.4653e+01
 1.7086e+03	 5.6062e+03	 5.7626e+00	 2.9558e-01	 3.2315e+02	 5.6341e+03	-8.7064e+01	 3.5633e+06	 1.8277e+05	-1.9496e+01
 2.5629e+03	 5.6062e+03	 5.6973e+00	 3.7177e-01	 3.2315e+02	 5.6367e+03	-8.6267e+01	 1.8887e+06	 1.2324e+05	-1.5325e+01
 3.8443e+03	 5.6062e+03	 5.6091e+00	 4.6721e-01	 3.2315e+02	 5.6394e+03	-8.5239e+01	 1.0019e+06	 8.3455e+04	-1.2005e+01
 5.7665e+03	 5.6062e+03	 5.4862e+00	 5.8077e-01	 3.2315e+02	 5.6418e+03	-8.3957e+01	 5.3734e+05	 5.6883e+04	-9.4464e+00
 8.6498e+03	 5.6062e+03	 5.3149e+00	 7.0358e-01	 3.2315e+02	 5.6446e+03	-8.2459e+01	 2.9570e+05	 3.9144e+04	-7.5541e+00
 1.2975e+04	 5.6062e+03	 5.0862e+00	 8.1454e-01	 3.2316e+02	 5.6472e+03	-8.0901e+01	 1.7028e+05	 2.7270e+04	-6.2442e+00
 1.9462e+04	 5.6062e+03	 4.8066e+00	 8.8211e-01	 3.2315e+02	 5.6499e+03	-7.9601e+01	 1.0482e+05	 1.9237e+04	-5.4490e+00
 2.9193e+04	 5.6062e+03	 4.5162e+00	 8.8323e-01	 3.2315e+02	 5.6524e+03	-7.8934e+01	 6.9794e+04	 1.3650e+04	-5.1133e+00
 4.3789e+04	 5.6062e+03	 4.2404e+00	 8.1797e-01	 3.2315e+02	 5.6549e+03	-7.9082e+01	 5.0242e+04	 9.6915e+03	-5.1841e+00
 6.5684e+04	 5.6062e+03	 4.0144e+00	 7.1536e-01	 3.2315e+02	 5.6574e+03	-7.9896e+01	 3.8299e+04	 6.8247e+03	-5.6118e+00
 9.8526e+04	 5.6062e+03	 3.8427e+00	 6.0545e-01	 3.2315e+02	 5.6599e+03	-8.1046e+01	 3.0167e+04	 4.7531e+03	-6.3468e+00
 1.4779e+05	 5.6062e+03	 3.7040e+00	 5.0761e-01	 3.2315e+02	 5.6627e+03	-8.2197e+01	 2.3988e+04	 3.2874e+03	-7.2970e+00
 2.2168e+05	 5.6062e+03	 3.6034e+00	 4.3053e-01	 3.2315e+02	 5.6652e+03	-8.3187e+01	 1.8855e+04	 2.2528e+03	-8.3695e+00
 3.3253e+05	 5.6062e+03	 3.5197e+00	 3.7240e-01	 3.2315e+02	 5.6677e+03	-8.3960e+01	 1.4532e+04	 1.5376e+03	-9.4513e+00
 4.9879e+05	 5.6062e+03	 3.4460e+00	 3.2945e-01	 3.2316e+02	 5.6702e+03	-8.4539e+01	 1.0951e+04	 1.0470e+03	-1.0460e+01
 7.4818e+05	 5.6062e+03	 3.4318e+00	 2.1342e-01	 3.2316e+02	 5.6778e+03	-8.6442e+01	 1.1270e+04	 7.0087e+02	-1.6080e+01
 9.0000e+05	 5.6062e+03	 3.4074e+00	 1.9441e-01	 3.2316e+02	 5.6858e+03	-8.6735e+01	 1.0285e+04	 5.8681e+02	-1.7527e+01
 1.0000e+02	 5.6831e+03	 5.9648e+00	 7.4376e-02	 3.2316e+02	 5.6926e+03	-8.9286e+01	 2.4195e+08	 3.0170e+06	-8.0197e+01
 1.5000e+02	 5.6831e+03	 5.9490e+00	 8.7876e-02	 3.2316e+02	 5.6950e+03	-8.9154e+01	 1.3652e+08	 2.0167e+06	-6.7697e+01
 2.2500e+02	 5.6831e+03	 5.9305e+00	 1.0450e-01	 3.2316e+02	 5.6977e+03	-8.8990e+01	 7.6535e+07	 1.3486e+06	-5.6749e+01
 3.3750e+02	 5.6831e+03	 5.9086e+00	 1.2607e-01	 3.2315e+02	 5.7001e+03	-8.8778e+01	 4.2293e+07	 9.0243e+05	-4.6866e+01
 5.0625e+02	 5.6831e+03	 5.8824e+00	 1.5407e-01	 3.2315e+02	 5.7026e+03	-8.8500e+01	 2.3072e+07	 6.0430e+05	-3.8180e+01
 7.5938e+02	 5.6831e+03	 5.8506e+00	 1.9011e-01	 3.2315e+02	 5.7054e+03	-8.8139e+01	 1.2465e+07	 4.0505e+05	-3.0774e+01
 1.1391e+03	 5.6831e+03	 5.8114e+00	 2.3658e-01	 3.2315e+02	 5.7082e+03	-8.7669e+01	 6.6781e+06	 2.7186e+05	-2.4565e+01
 1.7086e+03	 5.6831e+03	 5.7613e+00	 2.9603e-01	 3.2315e+02	 5.7108e+03	-8.7059e+01	 3.5580e+06	 1.8281e+05	-1.9462e+01
 2.5629e+03	 5.6831e+03	 5.6961e+00	 3.7230e-01	 3.2315e+02	 5.7136e+03	-8.6260e+01	 1.8860e+06	 1.2327e+05	-1.5300e+01
 3.8443e+03	 5.6831e+03	 5.6076e+00	 4.6754e-01	 3.2315e+02	 5.7161e+03	-8.5234e+01	 1.0012e+06	 8.3478e+04	-1.1994e+01
 5.7665e+03	 5.6831e+03	 5.4844e+00	 5.8102e-01	 3.2315e+02	 5.7189e+03	-8.3953e+01	 5.3711e+05	 5.6902e+04	-9.4392e+00
 8.6498e+03	 5.6831e+03	 5.3130e+00	 7.0375e-01	 3.2315e+02	 5.7214e+03	-8.2455e+01	 2.9563e+05	 3.9158e+04	-7.5496e+00
 1.2975e+04	 5.6831e+03	 5.0844e+00	 8.1444e-01	 3.2314e+02	 5.7239e+03	-8.0899e+01	 1.7030e+05	 2.7279e+04	-6.2428e+00
 1.9462e+04	 5.6831e+03	 4.8045e+00	 8.8170e-01	 3.2314e+02	 5.7264e+03	-7.9601e+01	 1.0487e+05	 1.9246e+04	-5.4491e+00
 2.9193e+04	 5.6831e+03	 4.5145e+00	 8.8260e-01	 3.2315e+02	 5.7289e+03	-7.8938e+01	 6.9844e+04	 1.3655e+04	-5.1151e+00
 4.3789e+04	 5.6831e+03	 4.2392e+00	 8.1744e-01	 3.2315e+02	 5.7315e+03	-7.9086e+01	 5.0274e+04	 9.6943e+03	-5.1859e+00
 6.5684e+04	 5.6831e+03	 4.0134e+00	 7.1484e-01	 3.2315e+02	 5.7339e+03	-7.9901e+01	 3.8326e+04	 6.8265e+03	-5.6143e+00
 9.8526e+04	 5.6831e+03	 3.8418e+00	 6.0491e-01	 3.2315e+02	 5.7364e+03	-8.1052e+01	 3.0194e+04	 4.7542e+03	-6.3511e+00
 1.4779e+05	 5.6831e+03	 3.7031e+00	 5.0739e-01	 3.2315e+02	 5.7392e+03	-8.2198e+01	 2.3999e+04	 3.2882e+03	-7.2983e+00
 2.2168e+05	 5.6831e+03	 3.6026e+00	 4.3047e-01	 3.2315e+02	 5.7418e+03	-8.3186e+01	 1.8858e+04	 2.2533e+03	-8.3689e+00
 3.3253e+05	 5.6831e+03	 3.5189e+00	 3.7245e-01	 3.2315e+02	 5.7444e+03	-8.3958e+01	 1.4530e+04	 1.5379e+03	-9.4480e+00
 4.9879e+05	 5.6831e+03	 3.4451e+00	 3.2952e-01	 3.2316e+02	 5.7469e+03	-8.4536e+01	 1.0949e+04	 1.0472e+03	-1.0455e+01
 7.4818e+05	 5.6831e+03	 3.4309e+00	 2.1435e-01	 3.2315e+02	 5.7544e+03	-8.6425e+01	 1.1221e+04	 7.0107e+02	-1.6006e+01
 9.0000e+05	 5.6831e+03	 3.4068e+00	 1.9265e-01	 3.2315e+02	 5.7624e+03	-8.6763e+01	 1.0379e+04	 5.8693e+02	-1.7684e+01
 1.0000e+02	 5.7597e+03	 5.9643e+00	 7.4477e-02	 3.2314e+02	 5.7692e+03	-8.9285e+01	 2.4163e+08	 3.0172e+06	-8.0082e+01
 1.5000e+02	 5.7597e+03	 5.9495e+00	 8.8516e-02	 3.2314e+02	 5.7716e+03	-8.9148e+01	 1.3554e+08	 2.0165e+06	-6.7213e+01
 2.2500e+02	 5.7597e+03	 5.9298e+00	 1.0482e-01	 3.2314e+02	 5.7744e+03	-8.8987e+01	 7.6301e+07	 1.3488e+06	-5.6570e+01
 3.3750e+02	 5.7597e+03	 5.9079e+00	 1.2666e-01	 3.2315e+02	 5.7769e+03	-8.8772e+01	 4.2099e+07	 9.0253e+05	-4.6645e+01
 5.0625e+02	 5.7597e+03	 5.8816e+00	 1.5437e-01	 3.2315e+02	 5.7796e+03	-8.8497e+01	 2.3027e+07	 6.0437e+05	-3.8100e+01
 7.5938e+02	 5.7597e+03	 5.8497e+00	 1.9045e-01	 3.2315e+02	 5.7822e+03	-8.8135e+01	 1.2443e+07	 4.0511e+05	-3.0716e+01
 1.1391e+03	 5.7597e+03	 5.8105e+00	 2.3708e-01	 3.2314e+02	 5.7850e+03	-8.7664e+01	 6.6640e+06	 2.7190e+05	-2.4509e+01
 1.7086e+03	 5.7597e+03	 5.7603e+00	 2.9661e-01	 3.2315e+02	 5.7876e+03	-8.7052e+01	 3.5510e+06	 1.8284e+05	-1.9421e+01
 2.5629e+03	 5.7597e+03	 5.6948e+00	 3.7298e-01	 3.2315e+02	 5.7902e+03	-8.6253e+01	 1.8826e+06	 1.2330e+05	-1.5268e+01
 3.8443e+03	 5.7597e+03	 5.6058e+00	 4.6804e-01	 3.2315e+02	 5.7926e+03	-8.5227e+01	 1.0001e+06	 8.3504e+04	-1.1977e+01
 5.7665e+03	 5.7597e+03	 5.4827e+00	 5.8143e-01	 3.2315e+02	 5.7951e+03	-8.3946e+01	 5.3673e+05	 5.6920e+04	-9.4296e+00
 8.6498e+03	 5.7597e+03	 5.3112e+00	 7.0385e-01	 3.2314e+02	 5.7978e+03	-8.2451e+01	 2.9559e+05	 3.9172e+04	-7.5459e+00
 1.2975e+04	 5.7597e+03	 5.0824e+00	 8.1422e-01	 3.2315e+02	 5.8003e+03	-8.0898e+01	 1.7035e+05	 2.7290e+04	-6.2420e+00
 1.9462e+04	 5.7597e+03	 4.8028e+00	 8.8122e-01	 3.2314e+02	 5.8029e+03	-7.9603e+01	 1.0493e+05	 1.9252e+04	-5.4502e+00
 2.9193e+04	 5.7597e+03	 4.5130e+00	 8.8195e-01	 3.2315e+02	 5.8054e+03	-7.8942e+01	 6.9895e+04	 1.3659e+04	-5.1171e+00
 4.3789e+04	 5.7597e+03	 4.2381e+00	 8.1682e-01	 3.2315e+02	 5.8078e+03	-7.9091e+01	 5.0312e+04	 9.6969e+03	-5.1885e+00
 6.5684e+04	 5.7597e+03	 4.0122e+00	 7.1436e-01	 3.2315e+02	 5.8104e+03	-7.9904e+01	 3.8352e+04	 6.8285e+03	-5.6165e+00
 9.8526e+04	 5.7597e+03	 3.8410e+00	 6.0482e-01	 3.2315e+02	 5.8129e+03	-8.1051e+01	 3.0199e+04	 4.7553e+03	-6.3506e+00
 1.4779e+05	 5.7597e+03	 3.7024e+00	 5.0719e-01	 3.2315e+02	 5.8158e+03	-8.2200e+01	 2.4008e+04	 3.2888e+03	-7.2998e+00
 2.2168e+05	 5.7597e+03	 3.6018e+00	 4.3047e-01	 3.2315e+02	 5.8183e+03	-8.3185e+01	 1.8858e+04	 2.2538e+03	-8.3671e+00
 3.3253e+05	 5.7597e+03	 3.5181e+00	 3.7238e-01	 3.2315e+02	 5.8209e+03	-8.3958e+01	 1.4533e+04	 1.5383e+03	-9.4475e+00
 4.9879e+05	 5.7597e+03	 3.4442e+00	 3.2955e-01	 3.2316e+02	 5.8236e+03	-8.4534e+01	 1.0948e+04	 1.0475e+03	-1.0451e+01
 7.4818e+05	 5.7597e+03	 3.4301e+00	 2.1351e-01	 3.2315e+02	 5.8316e+03	-8.6438e+01	 1.1265e+04	 7.0122e+02	-1.6065e+01
 9.0000e+05	 5.7597e+03	 3.4059e+00	 1.9272e-01	 3.2315e+02	 5.8392e+03	-8.6761e+01	 1.0375e+04	 5.8707e+02	-1.7673e+01
 1.0000e+02	 5.8365e+03	 5.9639e+00	 7.4760e-02	 3.2315e+02	 5.8458e+03	-8.9282e+01	 2.4071e+08	 3.0174e+06	-7.9774e+01
 1.5000e+02	 5.8365e+03	 5.9491e+00	 8.6983e-02	 3.2315e+02	 5.8482e+03	-8.9162e+01	 1.3793e+08	 2.0166e+06	-6.8394e+01
 2.2500e+02	 5.8365e+03	 5.9292e+00	 1.0484e-01	 3.2315e+02	 5.8509e+03	-8.8987e+01	 7.6288e+07	 1.3489e+06	-5.6554e+01
 3.3750e+02	 5.8365e+03	 5.9072e+00	 1.2688e-01	 3.2315e+02	 5.8533e+03	-8.8770e+01	 4.2025e+07	 9.0264e+05	-4.6557e+01
 5.0625e+02	 5.8365e+03	 5.8809e+00	 1.5476e-01	 3.2315e+02	 5.8561e+03	-8.8493e+01	 2.2969e+07	 6.0444e+05	-3.7999e+01
 7.5938e+02	 5.8365e+03	 5.8490e+00	 1.9069e-01	 3.2315e+02	 5.8587e+03	-8.8133e+01	 1.2428e+07	 4.0517e+05	-3.0673e+01
 1.1391e+03	 5.8365e+03	 5.8096e+00	 2.3690e-01	 3.2315e+02	 5.8614e+03	-8.7665e+01	 6.6689e+06	 2.7194e+05	-2.4523e+01
 1.7086e+03	 5.8365e+03	 5.7591e+00	 2.9674e-01	 3.2315e+02	 5.8640e+03	-8.7050e+01	 3.5494e+06	 1.8288e+05	-1.9408e+01
 2.5629e+03	 5.8365e+03	 5.6938e+00	 3.7304e-01	 3.2315e+02	 5.8667e+03	-8.6251e+01	 1.8823e+06	 1.2332e+05	-1.5263e+01
 3.8443e+03	 5.8365e+03	 5.6049e+00	 4.6851e-01	 3.2316e+02	 5.8692e+03	-8.5222e+01	 9.9916e+05	 8.3518e+04	-1.1963e+01
 5.7665e+03	 5.8365e+03	 5.4814e+00	 5.8159e-01	 3.2315e+02	 5.8716e+03	-8.3943e+01	 5.3658e+05	 5.6933e+04	-9.4249e+00
 8.6498e+03	 5.8365e+03	 5.3098e+00	 7.0394e-01	 3.2315e+02	 5.8742e+03	-8.2448e+01	 2.9555e+05	 3.9182e+04	-7.5430e+00
 1.2975e+04	 5.8365e+03	 5.0811e+00	 8.1402e-01	 3.2315e+02	 5.8766e+03	-8.0898e+01	 1.7039e+05	 2.7297e+04	-6.2420e+00
 1.9462e+04	 5.8365e+03	 4.8016e+00	 8.8094e-01	 3.2316e+02	 5.8793e+03	-7.9604e+01	 1.0496e+05	 1.9257e+04	-5.4505e+00
 2.9193e+04	 5.8365e+03	 4.5121e+00	 8.8147e-01	 3.2315e+02	 5.8818e+03	-7.8946e+01	 6.9933e+04	 1.3662e+04	-5.1188e+00
 4.3789e+04	 5.8365e+03	 4.2371e+00	 8.1633e-01	 3.2315e+02	 5.8846e+03	-7.9095e+01	 5.0342e+04	 9.6992e+03	-5.1904e+00
 6.5684e+04	 5.8365e+03	 4.0115e+00	 7.1400e-01	 3.2315e+02	 5.8871e+03	-7.9908e+01	 3.8371e+04	 6.8298e+03	-5.6183e+00
 9.8526e+04	 5.8365e+03	 3.8403e+00	 6.0457e-01	 3.2315e+02	 5.8900e+03	-8.1054e+01	 3.0212e+04	 4.7561e+03	-6.3522e+00
 1.4779e+05	 5.8365e+03	 3.7017e+00	 5.0719e-01	 3.2315e+02	 5.8926e+03	-8.2198e+01	 2.4008e+04	 3.2895e+03	-7.2984e+00
 2.2168e+05	 5.8365e+03	 3.6011e+00	 4.3036e-01	 3.2315e+02	 5.8952e+03	-8.3185e+01	 1.8863e+04	 2.2543e+03	-8.3675e+00
 3.3253e+05	 5.8365e+03	 3.5172e+00	 3.7242e-01	 3.2315e+02	 5.8977e+03	-8.3956e+01	 1.4532e+04	 1.5387e+03	-9.4443e+00
 4.9879e+05	 5.8365e+03	 3.4434e+00	 3.2954e-01	 3.2315e+02	 5.9002e+03	-8.4533e+01	 1.0948e+04	 1.0478e+03	-1.0449e+01
 7.4818e+05	 5.8365e+03	 3.4292e+00	 2.1414e-01	 3.2315e+02	 5.9081e+03	-8.6427e+01	 1.1232e+04	 7.0140e+02	-1.6014e+01
 9.0000e+05	 5.8365e+03	 3.4049e+00	 1.9486e-01	 3.2315e+02	 5.9160e+03	-8.6725e+01	 1.0261e+04	 5.8725e+02	-1.7473e+01
 1.0000e+02	 5.9133e+03	 5.9634e+00	 7.4975e-02	 3.2315e+02	 5.9229e+03	-8.9280e+01	 2.4002e+08	 3.0177e+06	-7.9539e+01
 1.5000e+02	 5.9133e+03	 5.9479e+00	 8.8458e-02	 3.2315e+02	 5.9254e+03	-8.9148e+01	 1.3562e+08	 2.0170e+06	-6.7240e+01
 2.2500e+02	 5.9133e+03	 5.9286e+00	 1.0522e-01	 3.2315e+02	 5.9279e+03	-8.8983e+01	 7.6016e+07	 1.3491e+06	-5.6347e+01
 3.3750e+02	 5.9133e+03	 5.9066e+00	 1.2716e-01	 3.2315e+02	 5.9306e+03	-8.8767e+01	 4.1933e+07	 9.0273e+05	-4.6452e+01
 5.0625e+02	 5.9133e+03	 5.8801e+00	 1.5511e-01	 3.2316e+02	 5.9330e+03	-8.8489e+01	 2.2918e+07	 6.0453e+05	-3.7910e+01
 7.5938e+02	 5.9133e+03	 5.8483e+00	 1.9102e-01	 3.2315e+02	 5.9357e+03	-8.8129e+01	 1.2406e+07	 4.0521e+05	-3.0616e+01
 1.1391e+03	 5.9133e+03	 5.8086e+00	 2.3761e-01	 3.2315e+02	 5.9382e+03	-8.7658e+01	 6.6491e+06	 2.7199e+05	-2.4446e+01
 1.7086e+03	 5.9133e+03	 5.7582e+00	 2.9732e-01	 3.2315e+02	 5.9410e+03	-8.7044e+01	 3.5425e+06	 1.8291e+05	-1.9367e+01
 2.5629e+03	 5.9133e+03	 5.6923e+00	 3.7369e-01	 3.2315e+02	 5.9436e+03	-8.6244e+01	 1.8790e+06	 1.2335e+05	-1.5233e+01
 3.8443e+03	 5.9133e+03	 5.6033e+00	 4.6873e-01	 3.2315e+02	 5.9460e+03	-8.5218e+01	 9.9867e+05	 8.3542e+04	-1.1954e+01
 5.7665e+03	 5.9133e+03	 5.4798e+00	 5.8200e-01	 3.2315e+02	 5.9486e+03	-8.3937e+01	 5.3621e+05	 5.6950e+04	-9.4154e+00
 8.6498e+03	 5.9133e+03	 5.3081e+00	 7.0398e-01	 3.2315e+02	 5.9511e+03	-8.2445e+01	 2.9553e+05	 3.9195e+04	-7.5400e+00
 1.2975e+04	 5.9133e+03	 5.0792e+00	 8.1393e-01	 3.2315e+02	 5.9537e+03	-8.0896e+01	 1.7041e+05	 2.7307e+04	-6.2403e+00
 1.9462e+04	 5.9133e+03	 4.7999e+00	 8.8045e-01	 3.2315e+02	 5.9563e+03	-7.9606e+01	 1.0502e+05	 1.9264e+04	-5.4517e+00
 2.9193e+04	 5.9133e+03	 4.5106e+00	 8.8099e-01	 3.2315e+02	 5.9588e+03	-7.8948e+01	 6.9971e+04	 1.3666e+04	-5.1199e+00
 4.3789e+04	 5.9133e+03	 4.2359e+00	 8.1577e-01	 3.2315e+02	 5.9612e+03	-7.9099e+01	 5.0377e+04	 9.7018e+03	-5.1925e+00
 6.5684e+04	 5.9133e+03	 4.0106e+00	 7.1360e-01	 3.2315e+02	 5.9636e+03	-7.9911e+01	 3.8393e+04	 6.8312e+03	-5.6202e+00
 9.8526e+04	 5.9133e+03	 3.8397e+00	 6.0425e-01	 3.2315e+02	 5.9661e+03	-8.1057e+01	 3.0227e+04	 4.7569e+03	-6.3545e+00
 1.4779e+05	 5.9133e+03	 3.7010e+00	 5.0700e-01	 3.2315e+02	 5.9688e+03	-8.2200e+01	 2.4017e+04	 3.2901e+03	-7.2997e+00
 2.2168e+05	 5.9133e+03	 3.6003e+00	 4.3044e-01	 3.2315e+02	 5.9713e+03	-8.3182e+01	 1.8859e+04	 2.2547e+03	-8.3642e+00
 3.3253e+05	 5.9133e+03	 3.5165e+00	 3.7246e-01	 3.2315e+02	 5.9739e+03	-8.3954e+01	 1.4530e+04	 1.5390e+03	-9.4413e+00
 4.9879e+05	 5.9133e+03	 3.4426e+00	 3.2953e-01	 3.2316e+02	 5.9765e+03	-8.4532e+01	 1.0949e+04	 1.0480e+03	-1.0447e+01
 7.4818e+05	 5.9133e+03	 3.4286e+00	 2.1075e-01	 3.2315e+02	 5.9844e+03	-8.6483e+01	 1.1413e+04	 7.0153e+02	-1.6269e+01
 9.0000e+05	 5.9133e+03	 3.4042e+00	 1.9033e-01	 3.2315e+02	 5.9922e+03	-8.6800e+01	 1.0506e+04	 5.8736e+02	-1.7886e+01
 1.0000e+02	 5.9895e+03	 5.9629e+00	 7.5341e-02	 3.2315e+02	 5.9994e+03	-8.9276e+01	 2.3886e+08	 3.0179e+06	-7.9146e+01
 1.5000e+02	 5.9895e+03	 5.9461e+00	 8.8117e-02	 3.2315e+02	 6.0018e+03	-8.9151e+01	 1.3615e+08	 2.0176e+06	-6.7480e+01
 2.2500e+02	 5.9895e+03	 5.9280e+00	 1.0545e-01	 3.2315e+02	 6.0048e+03	-8.8981e+01	 7.5848e+07	 1.3492e+06	-5.6217e+01
 3.3750e+02	 5.9895e+03	 5.9059e+00	 1.2742e-01	 3.2315e+02	 6.0072e+03	-8.8764e+01	 4.1847e+07	 9.0283e+05	-4.6350e+01
 5.0625e+02	 5.9895e+03	 5.8794e+00	 1.5553e-01	 3.2316e+02	 6.0096e+03	-8.8485e+01	 2.2855e+07	 6.0460e+05	-3.7802e+01
 7.5938e+02	 5.9895e+03	 5.8472e+00	 1.9159e-01	 3.2315e+02	 6.0122e+03	-8.8123e+01	 1.2369e+07	 4.0529e+05	-3.0519e+01
 1.1391e+03	 5.9895e+03	 5.8074e+00	 2.3776e-01	 3.2315e+02	 6.0146e+03	-8.7656e+01	 6.6448e+06	 2.7204e+05	-2.4426e+01
 1.7086e+03	 5.9895e+03	 5.7569e+00	 2.9778e-01	 3.2315e+02	 6.0174e+03	-8.7039e+01	 3.5370e+06	 1.8295e+05	-1.9333e+01
 2.5629e+03	 5.9895e+03	 5.6909e+00	 3.7409e-01	 3.2315e+02	 6.0200e+03	-8.6239e+01	 1.8770e+06	 1.2338e+05	-1.5213e+01
 3.8443e+03	 5.9895e+03	 5.6018e+00	 4.6925e-01	 3.2315e+02	 6.0227e+03	-8.5212e+01	 9.9758e+05	 8.3564e+04	-1.1938e+01
 5.7665e+03	 5.9895e+03	 5.4780e+00	 5.8229e-01	 3.2315e+02	 6.0251e+03	-8.3933e+01	 5.3594e+05	 5.6968e+04	-9.4078e+00
 8.6498e+03	 5.9895e+03	 5.3060e+00	 7.0416e-01	 3.2315e+02	 6.0278e+03	-8.2440e+01	 2.9546e+05	 3.9210e+04	-7.5352e+00
 1.2975e+04	 5.9895e+03	 5.0770e+00	 8.1367e-01	 3.2315e+02	 6.0303e+03	-8.0895e+01	 1.7046e+05	 2.7319e+04	-6.2397e+00
 1.9462e+04	 5.9895e+03	 4.7979e+00	 8.8005e-01	 3.2315e+02	 6.0332e+03	-7.9606e+01	 1.0507e+05	 1.9272e+04	-5.4518e+00
 2.9193e+04	 5.9895e+03	 4.5090e+00	 8.8018e-01	 3.2315e+02	 6.0358e+03	-7.8954e+01	 7.0036e+04	 1.3671e+04	-5.1228e+00
 4.3789e+04	 5.9895e+03	 4.2345e+00	 8.1519e-01	 3.2314e+02	 6.0384e+03	-7.9103e+01	 5.0413e+04	 9.7050e+03	-5.1945e+00
 6.5684e+04	 5.9895e+03	 4.0095e+00	 7.1298e-01	 3.2314e+02	 6.0410e+03	-7.9917e+01	 3.8427e+04	 6.8331e+03	-5.6236e+00
 9.8526e+04	 5.9895e+03	 3.8384e+00	 6.0393e-01	 3.2315e+02	 6.0434e+03	-8.1058e+01	 3.0244e+04	 4.7585e+03	-6.3557e+00
 1.4779e+05	 5.9895e+03	 3.7001e+00	 5.0679e-01	 3.2315e+02	 6.0461e+03	-8.2201e+01	 2.4027e+04	 3.2909e+03	-7.3010e+00
 2.2168e+05	 5.9895e+03	 3.5994e+00	 4.3021e-01	 3.2315e+02	 6.0487e+03	-8.3184e+01	 1.8869e+04	 2.2553e+03	-8.3666e+00
 3.3253e+05	 5.9895e+03	 3.5156e+00	 3.7243e-01	 3.2315e+02	 6.0514e+03	-8.3953e+01	 1.4531e+04	 1.5394e+03	-9.4396e+00
 4.9879e+05	 5.9895e+03	 3.4417e+00	 3.2957e-01	 3.2314e+02	 6.0540e+03	-8.4530e+01	 1.0947e+04	 1.0483e+03	-1.0443e+01
 7.4818e+05	 5.9895e+03	 3.4276e+00	 2.1212e-01	 3.2315e+02	 6.0618e+03	-8.6459e+01	 1.1339e+04	 7.0173e+02	-1.6159e+01
 9.0000e+05	 5.9895e+03	 3.4033e+00	 1.9134e-01	 3.2314e+02	 6.0696e+03	-8.6782e+01	 1.0450e+04	 5.8752e+02	-1.7787e+01
 1.0000e+02	 6.0669e+03	 5.9623e+00	 7.5416e-02	 3.2314e+02	 6.0769e+03	-8.9275e+01	 2.3862e+08	 3.0183e+06	-7.9058e+01
 1.5000e+02	 6.0669e+03	 5.9443e+00	 8.9806e-02	 3.2315e+02	 6.0793e+03	-8.9134e+01	 1.3359e+08	 2.0183e+06	-6.6190e+01
 2.2500e+02	 6.0669e+03	 5.9275e+00	 1.0585e-01	 3.2314e+02	 6.0822e+03	-8.8977e+01	 7.5561e+07	 1.3493e+06	-5.5999e+01
 3.3750e+02	 6.0669e+03	 5.9051e+00	 1.2760e-01	 3.2314e+02	 6.0846e+03	-8.8762e+01	 4.1786e+07	 9.0295e+05	-4.6277e+01
 5.0625e+02	 6.0669e+03	 5.8786e+00	 1.5573e-01	 3.2315e+02	 6.0874e+03	-8.8483e+01	 2.2826e+07	 6.0469e+05	-3.7748e+01
 7.5938e+02	 6.0669e+03	 5.8464e+00	 1.9184e-01	 3.2315e+02	 6.0899e+03	-8.8121e+01	 1.2353e+07	 4.0534e+05	-3.0475e+01
 1.1391e+03	 6.0669e+03	 5.8065e+00	 2.3836e-01	 3.2315e+02	 6.0927e+03	-8.7649e+01	 6.6281e+06	 2.7209e+05	-2.4360e+01
 1.7086e+03	 6.0669e+03	 5.7558e+00	 2.9834e-01	 3.2315e+02	 6.0953e+03	-8.7033e+01	 3.5303e+06	 1.8299e+05	-1.9293e+01
 2.5629e+03	 6.0669e+03	 5.6898e+00	 3.7452e-01	 3.2315e+02	 6.0980e+03	-8.6234e+01	 1.8749e+06	 1.2341e+05	-1.5192e+01
 3.8443e+03	 6.0669e+03	 5.6004e+00	 4.6963e-01	 3.2315e+02	 6.1004e+03	-8.5207e+01	 9.9677e+05	 8.3585e+04	-1.1925e+01
 5.7665e+03	 6.0669e+03	 5.4764e+00	 5.8254e-01	 3.2315e+02	 6.1029e+03	-8.3928e+01	 5.3571e+05	 5.6985e+04	-9.4010e+00
 8.6498e+03	 6.0669e+03	 5.3045e+00	 7.0424e-01	 3.2315e+02	 6.1056e+03	-8.2438e+01	 2.9542e+05	 3.9221e+04	-7.5323e+00
 1.2975e+04	 6.0669e+03	 5.0756e+00	 8.1353e-01	 3.2315e+02	 6.1081e+03	-8.0894e+01	 1.7049e+05	 2.7327e+04	-6.2390e+00
 1.9462e+04	 6.0669e+03	 4.7967e+00	 8.7956e-01	 3.2315e+02	 6.1107e+03	-7.9609e+01	 1.0513e+05	 1.9277e+04	-5.4535e+00
 2.9193e+04	 6.0669e+03	 4.5079e+00	 8.7986e-01	 3.2315e+02	 6.1132e+03	-7.8956e+01	 7.0061e+04	 1.3675e+04	-5.1234e+00
 4.3789e+04	 6.0669e+03	 4.2339e+00	 8.1469e-01	 3.2315e+02	 6.1157e+03	-7.9108e+01	 5.0444e+04	 9.7064e+03	-5.1970e+00
 6.5684e+04	 6.0669e+03	 4.0089e+00	 7.1279e-01	 3.2315e+02	 6.1184e+03	-7.9918e+01	 3.8437e+04	 6.8341e+03	-5.6243e+00
 9.8526e+04	 6.0669e+03	 3.8379e+00	 6.0364e-01	 3.2315e+02	 6.1208e+03	-8.1061e+01	 3.0258e+04	 4.7591e+03	-6.3579e+00
 1.4779e+05	 6.0669e+03	 3.6995e+00	 5.0677e-01	 3.2315e+02	 6.1235e+03	-8.2200e+01	 2.4028e+04	 3.2915e+03	-7.3000e+00
 2.2168e+05	 6.0669e+03	 3.5988e+00	 4.3038e-01	 3.2315e+02	 6.1261e+03	-8.3180e+01	 1.8862e+04	 2.2556e+03	-8.3620e+00
 3.3253e+05	 6.0669e+03	 3.5149e+00	 3.7242e-01	 3.2315e+02	 6.1285e+03	-8.3952e+01	 1.4531e+04	 1.5397e+03	-9.4379e+00
 4.9879e+05	 6.0669e+03	 3.4410e+00	 3.2966e-01	 3.2315e+02	 6.1311e+03	-8.4527e+01	 1.0944e+04	 1.0485e+03	-1.0438e+01
 7.4818e+05	 6.0669e+03	 3.4271e+00	 2.0864e-01	 3.2315e+02	 6.1388e+03	-8.6516e+01	 1.1529e+04	 7.0183e+02	-1.6426e+01
 9.0000e+05	 6.0669e+03	 3.4028e+00	 1.8784e-01	 3.2315e+02	 6.1464e+03	-8.6840e+01	 1.0645e+04	 5.8761e+02	-1.8115e+01
 1.0000e+02	 6.1437e+03	 5.9619e+00	 7.5381e-02	 3.2315e+02	 6.1531e+03	-8.9276e+01	 2.3873e+08	 3.0185e+06	-7.9090e+01
 1.5000e+02	 6.1437e+03	 5.9431e+00	 8.7613e-02	 3.2315e+02	 6.1558e+03	-8.9155e+01	 1.3693e+08	 2.0187e+06	-6.7834e+01
 2.2500e+02	 6.1437e+03	 5.9268e+00	 1.0616e-01	 3.2315e+02	 6.1583e+03	-8.8974e+01	 7.5341e+07	 1.3495e+06	-5.5830e+01
 3.3750e+02	 6.1437e+03	 5.9045e+00	 1.2794e-01	 3.2315e+02	 6.1610e+03	-8.8759e+01	 4.1677e+07	 9.0306e+05	-4.6151e+01
 5.0625e+02	 6.1437e+03	 5.8778e+00	 1.5603e-01	 3.2315e+02	 6.1634e+03	-8.8479e+01	 2.2782e+07	 6.0477e+05	-3.7670e+01
 7.5938e+02	 6.1437e+03	 5.8456e+00	 1.9233e-01	 3.2315e+02	 6.1660e+03	-8.8116e+01	 1.2321e+07	 4.0540e+05	-3.0393e+01
 1.1391e+03	 6.1437e+03	 5.8057e+00	 2.3892e-01	 3.2315e+02	 6.1686e+03	-8.7643e+01	 6.6126e+06	 2.7212e+05	-2.4300e+01
 1.7086e+03	 6.1437e+03	 5.7546e+00	 2.9879e-01	 3.2315e+02	 6.1712e+03	-8.7028e+01	 3.5250e+06	 1.8303e+05	-1.9260e+01
 2.5629e+03	 6.1437e+03	 5.6886e+00	 3.7500e-01	 3.2315e+02	 6.1739e+03	-8.6228e+01	 1.8724e+06	 1.2343e+05	-1.5169e+01
 3.8443e+03	 6.1437e+03	 5.5990e+00	 4.6997e-01	 3.2315e+02	 6.1764e+03	-8.5202e+01	 9.9604e+05	 8.3606e+04	-1.1913e+01
 5.7665e+03	 6.1437e+03	 5.4750e+00	 5.8281e-01	 3.2315e+02	 6.1788e+03	-8.3924e+01	 5.3546e+05	 5.7000e+04	-9.3941e+00
 8.6498e+03	 6.1437e+03	 5.3028e+00	 7.0425e-01	 3.2315e+02	 6.1814e+03	-8.2435e+01	 2.9542e+05	 3.9234e+04	-7.5297e+00
 1.2975e+04	 6.1437e+03	 5.0738e+00	 8.1336e-01	 3.2315e+02	 6.1839e+03	-8.0893e+01	 1.7053e+05	 2.7336e+04	-6.2380e+00
 1.9462e+04	 6.1437e+03	 4.7950e+00	 8.7915e-01	 3.2315e+02	 6.1867e+03	-7.9610e+01	 1.0518e+05	 1.9284e+04	-5.4541e+00
 2.9193e+04	 6.1437e+03	 4.5063e+00	 8.7926e-01	 3.2315e+02	 6.1891e+03	-7.8959e+01	 7.0109e+04	 1.3680e+04	-5.1251e+00
 4.3789e+04	 6.1437e+03	 4.2325e+00	 8.1393e-01	 3.2315e+02	 6.1919e+03	-7.9115e+01	 5.0491e+04	 9.7096e+03	-5.2001e+00
 6.5684e+04	 6.1437e+03	 4.0078e+00	 7.1221e-01	 3.2315e+02	 6.1944e+03	-7.9923e+01	 3.8468e+04	 6.8360e+03	-5.6273e+00
 9.8526e+04	 6.1437e+03	 3.8371e+00	 6.0332e-01	 3.2314e+02	 6.1968e+03	-8.1064e+01	 3.0274e+04	 4.7600e+03	-6.3600e+00
 1.4779e+05	 6.1437e+03	 3.6986e+00	 5.0649e-01	 3.2315e+02	 6.1995e+03	-8.2202e+01	 2.4041e+04	 3.2922e+03	-7.3025e+00
 2.2168e+05	 6.1437e+03	 3.5981e+00	 4.3013e-01	 3.2314e+02	 6.2021e+03	-8.3183e+01	 1.8873e+04	 2.2561e+03	-8.3650e+00
 3.3253e+05	 6.1437e+03	 3.5141e+00	 3.7242e-01	 3.2314e+02	 6.2046e+03	-8.3950e+01	 1.4531e+04	 1.5400e+03	-9.4358e+00
 4.9879e+05	 6.1437e+03	 3.4400e+00	 3.2961e-01	 3.2315e+02	 6.2072e+03	-8.4527e+01	 1.0946e+04	 1.0488e+03	-1.0437e+01
 7.4818e+05	 6.1437e+03	 3.4263e+00	 2.0817e-01	 3.2315e+02	 6.2147e+03	-8.6523e+01	 1.1555e+04	 7.0200e+02	-1.6460e+01
 9.0000e+05	 6.1437e+03	 3.4019e+00	 1.8799e-01	 3.2315e+02	 6.2228e+03	-8.6837e+01	 1.0636e+04	 5.8777e+02	-1.8096e+01
 1.0000e+02	 6.2201e+03	 5.9615e+00	 7.5707e-02	 3.2315e+02	 6.2294e+03	-8.9272e+01	 2.3770e+08	 3.0187e+06	-7.8744e+01
 1.5000e+02	 6.2201e+03	 5.9466e+00	 8.7769e-02	 3.2315e+02	 6.2320e+03	-8.9154e+01	 1.3669e+08	 2.0175e+06	-6.7753e+01
 2.2500e+02	 6.2201e+03	 5.9262e+00	 1.0620e-01	 3.2315e+02	 6.2346e+03	-8.8973e+01	 7.5313e+07	 1.3496e+06	-5.5803e+01
 3.3750e+02	 6.2201e+03	 5.9036e+00	 1.2814e-01	 3.2315e+02	 6.2371e+03	-8.8757e+01	 4.1611e+07	 9.0318e+05	-4.6072e+01
 5.0625e+02	 6.2201e+03	 5.8770e+00	 1.5642e-01	 3.2315e+02	 6.2397e+03	-8.8475e+01	 2.2725e+07	 6.0485e+05	-3.7572e+01
 7.5938e+02	 6.2201e+03	 5.8447e+00	 1.9246e-01	 3.2315e+02	 6.2423e+03	-8.8114e+01	 1.2313e+07	 4.0546e+05	-3.0369e+01
 1.1391e+03	 6.2201e+03	 5.8045e+00	 2.3896e-01	 3.2315e+02	 6.2448e+03	-8.7643e+01	 6.6115e+06	 2.7218e+05	-2.4291e+01
 1.7086e+03	 6.2201e+03	 5.7536e+00	 2.9884e-01	 3.2315e+02	 6.2474e+03	-8.7027e+01	 3.5245e+06	 1.8306e+05	-1.9253e+01
 2.5629e+03	 6.2201e+03	 5.6875e+00	 3.7534e-01	 3.2315e+02	 6.2500e+03	-8.6224e+01	 1.8707e+06	 1.2346e+05	-1.5153e+01
 3.8443e+03	 6.2201e+03	 5.5977e+00	 4.7031e-01	 3.2315e+02	 6.2527e+03	-8.5197e+01	 9.9532e+05	 8.3626e+04	-1.1902e+01
 5.7665e+03	 6.2201e+03	 5.4735e+00	 5.8306e-01	 3.2315e+02	 6.2552e+03	-8.3919e+01	 5.3523e+05	 5.7016e+04	-9.3874e+00
 8.6498e+03	 6.2201e+03	 5.3012e+00	 7.0438e-01	 3.2314e+02	 6.2579e+03	-8.2431e+01	 2.9536e+05	 3.9245e+04	-7.5261e+00
 1.2975e+04	 6.2201e+03	 5.0724e+00	 8.1316e-01	 3.2315e+02	 6.2604e+03	-8.0892e+01	 1.7057e+05	 2.7344e+04	-6.2379e+00
 1.9462e+04	 6.2201e+03	 4.7934e+00	 8.7863e-01	 3.2315e+02	 6.2632e+03	-7.9613e+01	 1.0524e+05	 1.9290e+04	-5.4556e+00
 2.9193e+04	 6.2201e+03	 4.5052e+00	 8.7873e-01	 3.2315e+02	 6.2656e+03	-7.8963e+01	 7.0151e+04	 1.3683e+04	-5.1269e+00
 4.3789e+04	 6.2201e+03	 4.2318e+00	 8.1358e-01	 3.2315e+02	 6.2681e+03	-7.9117e+01	 5.0513e+04	 9.7113e+03	-5.2014e+00
 6.5684e+04	 6.2201e+03	 4.0071e+00	 7.1194e-01	 3.2315e+02	 6.2707e+03	-7.9925e+01	 3.8483e+04	 6.8372e+03	-5.6285e+00
 9.8526e+04	 6.2201e+03	 3.8366e+00	 6.0322e-01	 3.2315e+02	 6.2731e+03	-8.1065e+01	 3.0279e+04	 4.7608e+03	-6.3601e+00
 1.4779e+05	 6.2201e+03	 3.6980e+00	 5.0646e-01	 3.2316e+02	 6.2757e+03	-8.2202e+01	 2.4043e+04	 3.2927e+03	-7.3017e+00
 2.2168e+05	 6.2201e+03	 3.5974e+00	 4.3021e-01	 3.2316e+02	 6.2784e+03	-8.3181e+01	 1.8869e+04	 2.2565e+03	-8.3621e+00
 3.3253e+05	 6.2201e+03	 3.5134e+00	 3.7241e-01	 3.2315e+02	 6.2808e+03	-8.3949e+01	 1.4532e+04	 1.5403e+03	-9.4341e+00
 4.9879e+05	 6.2201e+03	 3.4394e+00	 3.2982e-01	 3.2316e+02	 6.2834e+03	-8.4522e+01	 1.0939e+04	 1.0490e+03	-1.0428e+01
 7.4818e+05	 6.2201e+03	 3.4254e+00	 2.0976e-01	 3.2315e+02	 6.2909e+03	-8.6496e+01	 1.1467e+04	 7.0217e+02	-1.6331e+01
 9.0000e+05	 6.2201e+03	 3.4016e+00	 1.8286e-01	 3.2316e+02	 6.2988e+03	-8.6923e+01	 1.0934e+04	 5.8781e+02	-1.8602e+01
 1.0000e+02	 6.2961e+03	 5.9608e+00	 7.6117e-02	 3.2316e+02	 6.3057e+03	-8.9268e+01	 2.3642e+08	 3.0190e+06	-7.8311e+01
 1.5000e+02	 6.2961e+03	 5.9460e+00	 8.9539e-02	 3.2316e+02	 6.3082e+03	-8.9137e+01	 1.3399e+08	 2.0177e+06	-6.6406e+01
 2.2500e+02	 6.2961e+03	 5.9255e+00	 1.0643e-01	 3.2316e+02	 6.3108e+03	-8.8971e+01	 7.5146e+07	 1.3498e+06	-5.5673e+01
 3.3750e+02	 6.2961e+03	 5.9032e+00	 1.2832e-01	 3.2315e+02	 6.3132e+03	-8.8755e+01	 4.1554e+07	 9.0325e+05	-4.6005e+01
 5.0625e+02	 6.2961e+03	 5.8764e+00	 1.5684e-01	 3.2316e+02	 6.3157e+03	-8.8471e+01	 2.2665e+07	 6.0491e+05	-3.7468e+01
 7.5938e+02	 6.2961e+03	 5.8437e+00	 1.9290e-01	 3.2315e+02	 6.3184e+03	-8.8109e+01	 1.2285e+07	 4.0553e+05	-3.0294e+01
 1.1391e+03	 6.2961e+03	 5.8038e+00	 2.3948e-01	 3.2315e+02	 6.3209e+03	-8.7637e+01	 6.5970e+06	 2.7221e+05	-2.4235e+01
 1.7086e+03	 6.2961e+03	 5.7526e+00	 2.9947e-01	 3.2315e+02	 6.3234e+03	-8.7020e+01	 3.5171e+06	 1.8309e+05	-1.9209e+01
 2.5629e+03	 6.2961e+03	 5.6862e+00	 3.7567e-01	 3.2316e+02	 6.3260e+03	-8.6220e+01	 1.8691e+06	 1.2348e+05	-1.5136e+01
 3.8443e+03	 6.2961e+03	 5.5963e+00	 4.7076e-01	 3.2315e+02	 6.3285e+03	-8.5192e+01	 9.9436e+05	 8.3646e+04	-1.1888e+01
 5.7665e+03	 6.2961e+03	 5.4719e+00	 5.8335e-01	 3.2315e+02	 6.3312e+03	-8.3915e+01	 5.3497e+05	 5.7032e+04	-9.3801e+00
 8.6498e+03	 6.2961e+03	 5.2994e+00	 7.0441e-01	 3.2315e+02	 6.3338e+03	-8.2428e+01	 2.9535e+05	 3.9259e+04	-7.5231e+00
 1.2975e+04	 6.2961e+03	 5.0703e+00	 8.1299e-01	 3.2314e+02	 6.3364e+03	-8.0890e+01	 1.7060e+05	 2.7355e+04	-6.2365e+00
 1.9462e+04	 6.2961e+03	 4.7918e+00	 8.7837e-01	 3.2315e+02	 6.3390e+03	-7.9613e+01	 1.0527e+05	 1.9297e+04	-5.4553e+00
 2.9193e+04	 6.2961e+03	 4.5036e+00	 8.7801e-01	 3.2315e+02	 6.3417e+03	-7.8968e+01	 7.0209e+04	 1.3688e+04	-5.1293e+00
 4.3789e+04	 6.2961e+03	 4.2304e+00	 8.1299e-01	 3.2314e+02	 6.3442e+03	-7.9122e+01	 5.0549e+04	 9.7145e+03	-5.2035e+00
 6.5684e+04	 6.2961e+03	 4.0059e+00	 7.1127e-01	 3.2314e+02	 6.3466e+03	-7.9932e+01	 3.8519e+04	 6.8393e+03	-5.6320e+00
 9.8526e+04	 6.2961e+03	 3.8355e+00	 6.0275e-01	 3.2314e+02	 6.3494e+03	-8.1069e+01	 3.0303e+04	 4.7620e+03	-6.3634e+00
 1.4779e+05	 6.2961e+03	 3.6972e+00	 5.0615e-01	 3.2314e+02	 6.3519e+03	-8.2205e+01	 2.4057e+04	 3.2935e+03	-7.3045e+00
 2.2168e+05	 6.2961e+03	 3.5965e+00	 4.3007e-01	 3.2315e+02	 6.3547e+03	-8.3181e+01	 1.8875e+04	 2.2571e+03	-8.3626e+00
 3.3253e+05	 6.2961e+03	 3.5126e+00	 3.7236e-01	 3.2315e+02	 6.3571e+03	-8.3949e+01	 1.4534e+04	 1.5407e+03	-9.4331e+00
 4.9879e+05	 6.2961e+03	 3.4385e+00	 3.2960e-01	 3.2314e+02	 6.3599e+03	-8.4525e+01	 1.0946e+04	 1.0492e+03	-1.0432e+01
 7.4818e+05	 6.2961e+03	 3.4247e+00	 2.0722e-01	 3.2315e+02	 6.3676e+03	-8.6537e+01	 1.1607e+04	 7.0233e+02	-1.6527e+01
 9.0000e+05	 6.2961e+03	 3.4006e+00	 1.8539e-01	 3.2315e+02	 6.3752e+03	-8.6879e+01	 1.0785e+04	 5.8799e+02	-1.8342e+01
 1.0000e+02	 6.3726e+03	 5.9605e+00	 7.5897e-02	 3.2315e+02	 6.3822e+03	-8.9270e+01	 2.3711e+08	 3.0192e+06	-7.8533e+01
 1.5000e+02	 6.3726e+03	 5.9428e+00	 8.8907e-02	 3.2314e+02	 6.3848e+03	-8.9143e+01	 1.3494e+08	 2.0188e+06	-6.6843e+01
 2.2500e+02	 6.3726e+03	 5.9250e+00	 1.0675e-01	 3.2314e+02	 6.3872e+03	-8.8968e+01	 7.4921e+07	 1.3499e+06	-5.5502e+01
 3.3750e+02	 6.3726e+03	 5.9026e+00	 1.2882e-01	 3.2315e+02	 6.3898e+03	-8.8750e+01	 4.1393e+07	 9.0334e+05	-4.5822e+01
 5.0625e+02	 6.3726e+03	 5.8758e+00	 1.5711e-01	 3.2314e+02	 6.3923e+03	-8.8468e+01	 2.2625e+07	 6.0497e+05	-3.7398e+01
 7.5938e+02	 6.3726e+03	 5.8431e+00	 1.9325e-01	 3.2314e+02	 6.3950e+03	-8.8106e+01	 1.2263e+07	 4.0557e+05	-3.0237e+01
 1.1391e+03	 6.3726e+03	 5.8028e+00	 2.4031e-01	 3.2314e+02	 6.3974e+03	-8.7629e+01	 6.5743e+06	 2.7226e+05	-2.4147e+01
 1.7086e+03	 6.3726e+03	 5.7516e+00	 3.0004e-01	 3.2315e+02	 6.4002e+03	-8.7014e+01	 3.5104e+06	 1.8312e+05	-1.9170e+01
 2.5629e+03	 6.3726e+03	 5.6850e+00	 3.7624e-01	 3.2314e+02	 6.4028e+03	-8.6214e+01	 1.8663e+06	 1.2351e+05	-1.5110e+01
 3.8443e+03	 6.3726e+03	 5.5947e+00	 4.7107e-01	 3.2314e+02	 6.4052e+03	-8.5187e+01	 9.9371e+05	 8.3670e+04	-1.1877e+01
 5.7665e+03	 6.3726e+03	 5.4703e+00	 5.8368e-01	 3.2315e+02	 6.4077e+03	-8.3910e+01	 5.3466e+05	 5.7048e+04	-9.3721e+00
 8.6498e+03	 6.3726e+03	 5.2978e+00	 7.0462e-01	 3.2315e+02	 6.4102e+03	-8.2424e+01	 2.9527e+05	 3.9271e+04	-7.5186e+00
 1.2975e+04	 6.3726e+03	 5.0688e+00	 8.1289e-01	 3.2315e+02	 6.4129e+03	-8.0889e+01	 1.7062e+05	 2.7363e+04	-6.2355e+00
 1.9462e+04	 6.3726e+03	 4.7903e+00	 8.7795e-01	 3.2315e+02	 6.4155e+03	-7.9614e+01	 1.0532e+05	 1.9303e+04	-5.4562e+00
 2.9193e+04	 6.3726e+03	 4.5024e+00	 8.7758e-01	 3.2315e+02	 6.4182e+03	-7.8971e+01	 7.0243e+04	 1.3691e+04	-5.1305e+00
 4.3789e+04	 6.3726e+03	 4.2296e+00	 8.1255e-01	 3.2315e+02	 6.4207e+03	-7.9125e+01	 5.0577e+04	 9.7163e+03	-5.2054e+00
 6.5684e+04	 6.3726e+03	 4.0053e+00	 7.1099e-01	 3.2315e+02	 6.4231e+03	-7.9934e+01	 3.8534e+04	 6.8403e+03	-5.6333e+00
 9.8526e+04	 6.3726e+03	 3.8350e+00	 6.0274e-01	 3.2315e+02	 6.4258e+03	-8.1068e+01	 3.0303e+04	 4.7627e+03	-6.3626e+00
 1.4779e+05	 6.3726e+03	 3.6965e+00	 5.0623e-01	 3.2315e+02	 6.4284e+03	-8.2202e+01	 2.4054e+04	 3.2941e+03	-7.3021e+00
 2.2168e+05	 6.3726e+03	 3.5960e+00	 4.3010e-01	 3.2315e+02	 6.4311e+03	-8.3180e+01	 1.8874e+04	 2.2574e+03	-8.3609e+00
 3.3253e+05	 6.3726e+03	 3.5119e+00	 3.7241e-01	 3.2315e+02	 6.4336e+03	-8.3947e+01	 1.4532e+04	 1.5410e+03	-9.4301e+00
 4.9879e+05	 6.3726e+03	 3.4378e+00	 3.2973e-01	 3.2315e+02	 6.4362e+03	-8.4521e+01	 1.0942e+04	 1.0495e+03	-1.0426e+01
 7.4818e+05	 6.3726e+03	 3.4239e+00	 2.0771e-01	 3.2315e+02	 6.4440e+03	-8.6528e+01	 1.1580e+04	 7.0248e+02	-1.6484e+01
 9.0000e+05	 6.3726e+03	 3.3996e+00	 1.8723e-01	 3.2315e+02	 6.4518e+03	-8.6848e+01	 1.0679e+04	 5.8817e+02	-1.8157e+01
 1.0000e+02	 6.4491e+03	 5.9598e+00	 7.6525e-02	 3.2316e+02	 6.4589e+03	-8.9264e+01	 2.3516e+08	 3.0195e+06	-7.7880e+01
 1.5000e+02	 6.4491e+03	 5.9458e+00	 8.9816e-02	 3.2315e+02	 6.4614e+03	-8.9135e+01	 1.3357e+08	 2.0177e+06	-6.6200e+01
 2.2500e+02	 6.4491e+03	 5.9244e+00	 1.0696e-01	 3.2315e+02	 6.4639e+03	-8.8966e+01	 7.4778e+07	 1.3500e+06	-5.5390e+01
 3.3750e+02	 6.4491e+03	 5.9019e+00	 1.2894e-01	 3.2315e+02	 6.4663e+03	-8.8748e+01	 4.1354e+07	 9.0345e+05	-4.5773e+01
 5.0625e+02	 6.4491e+03	 5.8751e+00	 1.5735e-01	 3.2315e+02	 6.4688e+03	-8.8466e+01	 2.2591e+07	 6.0505e+05	-3.7337e+01
 7.5938e+02	 6.4491e+03	 5.8423e+00	 1.9362e-01	 3.2315e+02	 6.4714e+03	-8.8102e+01	 1.2239e+07	 4.0563e+05	-3.0174e+01
 1.1391e+03	 6.4491e+03	 5.8018e+00	 2.4024e-01	 3.2316e+02	 6.4738e+03	-8.7629e+01	 6.5761e+06	 2.7231e+05	-2.4150e+01
 1.7086e+03	 6.4491e+03	 5.7507e+00	 3.0016e-01	 3.2315e+02	 6.4766e+03	-8.7012e+01	 3.5090e+06	 1.8315e+05	-1.9159e+01
 2.5629e+03	 6.4491e+03	 5.6840e+00	 3.7644e-01	 3.2315e+02	 6.4792e+03	-8.6211e+01	 1.8653e+06	 1.2353e+05	-1.5099e+01
 3.8443e+03	 6.4491e+03	 5.5936e+00	 4.7131e-01	 3.2315e+02	 6.4819e+03	-8.5184e+01	 9.9320e+05	 8.3686e+04	-1.1868e+01
 5.7665e+03	 6.4491e+03	 5.4691e+00	 5.8373e-01	 3.2316e+02	 6.4844e+03	-8.3908e+01	 5.3462e+05	 5.7061e+04	-9.3691e+00
 8.6498e+03	 6.4491e+03	 5.2965e+00	 7.0441e-01	 3.2315e+02	 6.4872e+03	-8.2424e+01	 2.9535e+05	 3.9281e+04	-7.5190e+00
 1.2975e+04	 6.4491e+03	 5.0677e+00	 8.1253e-01	 3.2315e+02	 6.4897e+03	-8.0891e+01	 1.7070e+05	 2.7369e+04	-6.2369e+00
 1.9462e+04	 6.4491e+03	 4.7894e+00	 8.7755e-01	 3.2316e+02	 6.4925e+03	-7.9617e+01	 1.0537e+05	 1.9306e+04	-5.4577e+00
 2.9193e+04	 6.4491e+03	 4.5017e+00	 8.7729e-01	 3.2316e+02	 6.4949e+03	-7.8972e+01	 7.0267e+04	 1.3694e+04	-5.1314e+00
 4.3789e+04	 6.4491e+03	 4.2290e+00	 8.1230e-01	 3.2316e+02	 6.4974e+03	-7.9127e+01	 5.0592e+04	 9.7178e+03	-5.2061e+00
 6.5684e+04	 6.4491e+03	 4.0050e+00	 7.1093e-01	 3.2316e+02	 6.5001e+03	-7.9934e+01	 3.8538e+04	 6.8408e+03	-5.6335e+00
 9.8526e+04	 6.4491e+03	 3.8344e+00	 6.0250e-01	 3.2316e+02	 6.5026e+03	-8.1070e+01	 3.0315e+04	 4.7634e+03	-6.3642e+00
 1.4779e+05	 6.4491e+03	 3.6960e+00	 5.0620e-01	 3.2316e+02	 6.5053e+03	-8.2201e+01	 2.4055e+04	 3.2945e+03	-7.3015e+00
 2.2168e+05	 6.4491e+03	 3.5953e+00	 4.3011e-01	 3.2315e+02	 6.5079e+03	-8.3178e+01	 1.8874e+04	 2.2579e+03	-8.3589e+00
 3.3253e+05	 6.4491e+03	 3.5112e+00	 3.7247e-01	 3.2315e+02	 6.5107e+03	-8.3945e+01	 1.4529e+04	 1.5413e+03	-9.4268e+00
 4.9879e+05	 6.4491e+03	 3.4371e+00	 3.2974e-01	 3.2316e+02	 6.5133e+03	-8.4520e+01	 1.0942e+04	 1.0497e+03	-1.0424e+01
 7.4818e+05	 6.4491e+03	 3.4231e+00	 2.0842e-01	 3.2315e+02	 6.5209e+03	-8.6516e+01	 1.1540e+04	 7.0265e+02	-1.6424e+01
 9.0000e+05	 6.4491e+03	 3.3990e+00	 1.8712e-01	 3.2316e+02	 6.5289e+03	-8.6849e+01	 1.0686e+04	 5.8828e+02	-1.8164e+01
 1.0000e+02	 6.5262e+03	 5.9595e+00	 7.6401e-02	 3.2315e+02	 6.5355e+03	-8.9266e+01	 2.3554e+08	 3.0196e+06	-7.8003e+01
 1.5000e+02	 6.5262e+03	 5.9420e+00	 8.9009e-02	 3.2315e+02	 6.5379e+03	-8.9142e+01	 1.3479e+08	 2.0190e+06	-6.6758e+01
 2.2500e+02	 6.5262e+03	 5.9239e+00	 1.0715e-01	 3.2315e+02	 6.5406e+03	-8.8964e+01	 7.4642e+07	 1.3501e+06	-5.5284e+01
 3.3750e+02	 6.5262e+03	 5.9013e+00	 1.2927e-01	 3.2315e+02	 6.5431e+03	-8.8745e+01	 4.1247e+07	 9.0355e+05	-4.5650e+01
 5.0625e+02	 6.5262e+03	 5.8743e+00	 1.5765e-01	 3.2315e+02	 6.5457e+03	-8.8463e+01	 2.2548e+07	 6.0513e+05	-3.7262e+01
 7.5938e+02	 6.5262e+03	 5.8415e+00	 1.9400e-01	 3.2315e+02	 6.5483e+03	-8.8098e+01	 1.2215e+07	 4.0569e+05	-3.0111e+01
 1.1391e+03	 6.5262e+03	 5.8012e+00	 2.4060e-01	 3.2315e+02	 6.5508e+03	-8.7625e+01	 6.5663e+06	 2.7233e+05	-2.4111e+01
 1.7086e+03	 6.5262e+03	 5.7496e+00	 3.0052e-01	 3.2315e+02	 6.5535e+03	-8.7008e+01	 3.5048e+06	 1.8319e+05	-1.9132e+01
 2.5629e+03	 6.5262e+03	 5.6826e+00	 3.7690e-01	 3.2315e+02	 6.5560e+03	-8.6205e+01	 1.8630e+06	 1.2356e+05	-1.5077e+01
 3.8443e+03	 6.5262e+03	 5.5922e+00	 4.7167e-01	 3.2315e+02	 6.5587e+03	-8.5179e+01	 9.9245e+05	 8.3707e+04	-1.1856e+01
 5.7665e+03	 6.5262e+03	 5.4673e+00	 5.8404e-01	 3.2315e+02	 6.5611e+03	-8.3903e+01	 5.3433e+05	 5.7080e+04	-9.3612e+00
 8.6498e+03	 6.5262e+03	 5.2947e+00	 7.0460e-01	 3.2315e+02	 6.5639e+03	-8.2420e+01	 2.9527e+05	 3.9294e+04	-7.5145e+00
 1.2975e+04	 6.5262e+03	 5.0657e+00	 8.1240e-01	 3.2315e+02	 6.5664e+03	-8.0889e+01	 1.7073e+05	 2.7380e+04	-6.2355e+00
 1.9462e+04	 6.5262e+03	 4.7873e+00	 8.7704e-01	 3.2315e+02	 6.5692e+03	-7.9618e+01	 1.0543e+05	 1.9315e+04	-5.4585e+00
 2.9193e+04	 6.5262e+03	 4.5001e+00	 8.7649e-01	 3.2315e+02	 6.5718e+03	-7.8978e+01	 7.0330e+04	 1.3698e+04	-5.1342e+00
 4.3789e+04	 6.5262e+03	 4.2277e+00	 8.1163e-01	 3.2315e+02	 6.5742e+03	-7.9133e+01	 5.0634e+04	 9.7207e+03	-5.2089e+00
 6.5684e+04	 6.5262e+03	 4.0038e+00	 7.1027e-01	 3.2315e+02	 6.5766e+03	-7.9940e+01	 3.8573e+04	 6.8428e+03	-5.6370e+00
 9.8526e+04	 6.5262e+03	 3.8335e+00	 6.0210e-01	 3.2315e+02	 6.5791e+03	-8.1074e+01	 3.0336e+04	 4.7646e+03	-6.3669e+00
 1.4779e+05	 6.5262e+03	 3.6952e+00	 5.0585e-01	 3.2315e+02	 6.5819e+03	-8.2205e+01	 2.4072e+04	 3.2953e+03	-7.3049e+00
 2.2168e+05	 6.5262e+03	 3.5944e+00	 4.2990e-01	 3.2315e+02	 6.5844e+03	-8.3180e+01	 1.8883e+04	 2.2585e+03	-8.3609e+00
 3.3253e+05	 6.5262e+03	 3.5103e+00	 3.7232e-01	 3.2314e+02	 6.5872e+03	-8.3946e+01	 1.4535e+04	 1.5417e+03	-9.4281e+00
 4.9879e+05	 6.5262e+03	 3.4362e+00	 3.2969e-01	 3.2315e+02	 6.5898e+03	-8.4519e+01	 1.0943e+04	 1.0500e+03	-1.0422e+01
 7.4818e+05	 6.5262e+03	 3.4224e+00	 2.0534e-01	 3.2314e+02	 6.5974e+03	-8.6566e+01	 1.1713e+04	 7.0280e+02	-1.6667e+01
 9.0000e+05	 6.5262e+03	 3.3982e+00	 1.8413e-01	 3.2315e+02	 6.6058e+03	-8.6898e+01	 1.0859e+04	 5.8840e+02	-1.8455e+01
 1.0000e+02	 6.6030e+03	 5.9587e+00	 7.6541e-02	 3.2315e+02	 6.6129e+03	-8.9264e+01	 2.3511e+08	 3.0201e+06	-7.7850e+01
 1.5000e+02	 6.6030e+03	 5.9437e+00	 8.8180e-02	 3.2314e+02	 6.6153e+03	-8.9150e+01	 1.3605e+08	 2.0184e+06	-6.7405e+01
 2.2500e+02	 6.6030e+03	 5.9234e+00	 1.0757e-01	 3.2314e+02	 6.6178e+03	-8.8960e+01	 7.4352e+07	 1.3502e+06	-5.5066e+01
 3.3750e+02	 6.6030e+03	 5.9007e+00	 1.2976e-01	 3.2315e+02	 6.6204e+03	-8.8740e+01	 4.1091e+07	 9.0363e+05	-4.5473e+01
 5.0625e+02	 6.6030e+03	 5.8738e+00	 1.5799e-01	 3.2314e+02	 6.6228e+03	-8.8459e+01	 2.2500e+07	 6.0518e+05	-3.7179e+01
 7.5938e+02	 6.6030e+03	 5.8409e+00	 1.9431e-01	 3.2315e+02	 6.6255e+03	-8.8095e+01	 1.2196e+07	 4.0573e+05	-3.0060e+01
 1.1391e+03	 6.6030e+03	 5.8001e+00	 2.4096e-01	 3.2315e+02	 6.6280e+03	-8.7621e+01	 6.5565e+06	 2.7239e+05	-2.4071e+01
 1.7086e+03	 6.6030e+03	 5.7483e+00	 3.0106e-01	 3.2315e+02	 6.6306e+03	-8.7002e+01	 3.4985e+06	 1.8323e+05	-1.9094e+01
 2.5629e+03	 6.6030e+03	 5.6813e+00	 3.7746e-01	 3.2315e+02	 6.6331e+03	-8.6199e+01	 1.8602e+06	 1.2359e+05	-1.5051e+01
 3.8443e+03	 6.6030e+03	 5.5908e+00	 4.7230e-01	 3.2315e+02	 6.6356e+03	-8.5171e+01	 9.9113e+05	 8.3728e+04	-1.1837e+01
 5.7665e+03	 6.6030e+03	 5.4659e+00	 5.8441e-01	 3.2315e+02	 6.6382e+03	-8.3897e+01	 5.3400e+05	 5.7095e+04	-9.3529e+00
 8.6498e+03	 6.6030e+03	 5.2929e+00	 7.0472e-01	 3.2314e+02	 6.6408e+03	-8.2416e+01	 2.9522e+05	 3.9307e+04	-7.5107e+00
 1.2975e+04	 6.6030e+03	 5.0640e+00	 8.1230e-01	 3.2315e+02	 6.6432e+03	-8.0887e+01	 1.7075e+05	 2.7389e+04	-6.2341e+00
 1.9462e+04	 6.6030e+03	 4.7861e+00	 8.7669e-01	 3.2315e+02	 6.6458e+03	-7.9620e+01	 1.0547e+05	 1.9320e+04	-5.4592e+00
 2.9193e+04	 6.6030e+03	 4.4990e+00	 8.7608e-01	 3.2315e+02	 6.6482e+03	-7.8981e+01	 7.0363e+04	 1.3702e+04	-5.1354e+00
 4.3789e+04	 6.6030e+03	 4.2267e+00	 8.1113e-01	 3.2315e+02	 6.6509e+03	-7.9137e+01	 5.0665e+04	 9.7231e+03	-5.2108e+00
 6.5684e+04	 6.6030e+03	 4.0029e+00	 7.0987e-01	 3.2315e+02	 6.6534e+03	-7.9944e+01	 3.8595e+04	 6.8444e+03	-5.6389e+00
 9.8526e+04	 6.6030e+03	 3.8329e+00	 6.0201e-01	 3.2315e+02	 6.6558e+03	-8.1074e+01	 3.0340e+04	 4.7653e+03	-6.3668e+00
 1.4779e+05	 6.6030e+03	 3.6946e+00	 5.0585e-01	 3.2315e+02	 6.6586e+03	-8.2204e+01	 2.4071e+04	 3.2958e+03	-7.3037e+00
 2.2168e+05	 6.6030e+03	 3.5938e+00	 4.2996e-01	 3.2315e+02	 6.6611e+03	-8.3178e+01	 1.8880e+04	 2.2588e+03	-8.3583e+00
 3.3253e+05	 6.6030e+03	 3.5097e+00	 3.7244e-01	 3.2315e+02	 6.6639e+03	-8.3943e+01	 1.4531e+04	 1.5420e+03	-9.4235e+00
 4.9879e+05	 6.6030e+03	 3.4356e+00	 3.2979e-01	 3.2315e+02	 6.6664e+03	-8.4517e+01	 1.0940e+04	 1.0502e+03	-1.0417e+01
 7.4818e+05	 6.6030e+03	 3.4218e+00	 2.0513e-01	 3.2315e+02	 6.6744e+03	-8.6569e+01	 1.1725e+04	 7.0292e+02	-1.6681e+01
 9.0000e+05	 6.6030e+03	 3.3975e+00	 1.8577e-01	 3.2315e+02	 6.6821e+03	-8.6870e+01	 1.0764e+04	 5.8853e+02	-1.8289e+01
 1.0000e+02	 6.6794e+03	 5.9588e+00	 7.6706e-02	 3.2315e+02	 6.6886e+03	-8.9262e+01	 2.3461e+08	 3.0200e+06	-7.7683e+01
 1.5000e+02	 6.6794e+03	 5.9398e+00	 9.0919e-02	 3.2315e+02	 6.6913e+03	-8.9123e+01	 1.3195e+08	 2.0198e+06	-6.5330e+01
 2.2500e+02	 6.6794e+03	 5.9226e+00	 1.0775e-01	 3.2315e+02	 6.6939e+03	-8.8958e+01	 7.4229e+07	 1.3504e+06	-5.4967e+01
 3.3750e+02	 6.6794e+03	 5.9000e+00	 1.2990e-01	 3.2315e+02	 6.6968e+03	-8.8739e+01	 4.1048e+07	 9.0373e+05	-4.5421e+01
 5.0625e+02	 6.6794e+03	 5.8732e+00	 1.5807e-01	 3.2316e+02	 6.6993e+03	-8.8458e+01	 2.2488e+07	 6.0524e+05	-3.7156e+01
 7.5938e+02	 6.6794e+03	 5.8399e+00	 1.9468e-01	 3.2315e+02	 6.7020e+03	-8.8091e+01	 1.2173e+07	 4.0579e+05	-2.9997e+01
 1.1391e+03	 6.6794e+03	 5.7992e+00	 2.4152e-01	 3.2315e+02	 6.7044e+03	-8.7615e+01	 6.5413e+06	 2.7243e+05	-2.4011e+01
 1.7086e+03	 6.6794e+03	 5.7478e+00	 3.0131e-01	 3.2315e+02	 6.7069e+03	-8.6999e+01	 3.4955e+06	 1.8324e+05	-1.9076e+01
 2.5629e+03	 6.6794e+03	 5.6804e+00	 3.7779e-01	 3.2315e+02	 6.7096e+03	-8.6195e+01	 1.8586e+06	 1.2361e+05	-1.5036e+01
 3.8443e+03	 6.6794e+03	 5.5897e+00	 4.7241e-01	 3.2315e+02	 6.7120e+03	-8.5169e+01	 9.9089e+05	 8.3746e+04	-1.1832e+01
 5.7665e+03	 6.6794e+03	 5.4644e+00	 5.8448e-01	 3.2316e+02	 6.7147e+03	-8.3895e+01	 5.3393e+05	 5.7110e+04	-9.3492e+00
 8.6498e+03	 6.6794e+03	 5.2917e+00	 7.0473e-01	 3.2315e+02	 6.7172e+03	-8.2414e+01	 2.9522e+05	 3.9316e+04	-7.5088e+00
 1.2975e+04	 6.6794e+03	 5.0627e+00	 8.1200e-01	 3.2315e+02	 6.7200e+03	-8.0888e+01	 1.7081e+05	 2.7397e+04	-6.2348e+00
 1.9462e+04	 6.6794e+03	 4.7848e+00	 8.7641e-01	 3.2316e+02	 6.7226e+03	-7.9621e+01	 1.0551e+05	 1.9325e+04	-5.4596e+00
 2.9193e+04	 6.6794e+03	 4.4979e+00	 8.7555e-01	 3.2315e+02	 6.7250e+03	-7.8985e+01	 7.0406e+04	 1.3705e+04	-5.1372e+00
 4.3789e+04	 6.6794e+03	 4.2257e+00	 8.1062e-01	 3.2316e+02	 6.7276e+03	-7.9141e+01	 5.0697e+04	 9.7251e+03	-5.2130e+00
 6.5684e+04	 6.6794e+03	 4.0023e+00	 7.0959e-01	 3.2316e+02	 6.7301e+03	-7.9946e+01	 3.8610e+04	 6.8454e+03	-5.6403e+00
 9.8526e+04	 6.6794e+03	 3.8322e+00	 6.0168e-01	 3.2316e+02	 6.7325e+03	-8.1077e+01	 3.0357e+04	 4.7662e+03	-6.3692e+00
 1.4779e+05	 6.6794e+03	 3.6939e+00	 5.0575e-01	 3.2315e+02	 6.7351e+03	-8.2204e+01	 2.4076e+04	 3.2964e+03	-7.3038e+00
 2.2168e+05	 6.6794e+03	 3.5932e+00	 4.3002e-01	 3.2316e+02	 6.7377e+03	-8.3175e+01	 1.8877e+04	 2.2592e+03	-8.3558e+00
 3.3253e+05	 6.6794e+03	 3.5090e+00	 3.7248e-01	 3.2316e+02	 6.7404e+03	-8.3941e+01	 1.4529e+04	 1.5423e+03	-9.4206e+00
 4.9879e+05	 6.6794e+03	 3.4348e+00	 3.2980e-01	 3.2316e+02	 6.7430e+03	-8.4515e+01	 1.0940e+04	 1.0504e+03	-1.0415e+01
 7.4818e+05	 6.6794e+03	 3.4209e+00	 2.0660e-01	 3.2315e+02	 6.7505e+03	-8.6544e+01	 1.1642e+04	 7.0310e+02	-1.6558e+01
 9.0000e+05	 6.6794e+03	 3.3970e+00	 1.8105e-01	 3.2315e+02	 6.7585e+03	-8.6949e+01	 1.1044e+04	 5.8862e+02	-1.8763e+01
 1.0000e+02	 6.7558e+03	 5.9581e+00	 7.6946e-02	 3.2315e+02	 6.7651e+03	-8.9260e+01	 2.3387e+08	 3.0204e+06	-7.7432e+01
 1.5000e+02	 6.7558e+03	 5.9395e+00	 8.9681e-02	 3.2315e+02	 6.7676e+03	-8.9135e+01	 1.3378e+08	 2.0199e+06	-6.6229e+01
 2.2500e+02	 6.7558e+03	 5.9223e+00	 1.0789e-01	 3.2315e+02	 6.7704e+03	-8.8956e+01	 7.4134e+07	 1.3505e+06	-5.4894e+01
 3.3750e+02	 6.7558e+03	 5.8992e+00	 1.3009e-01	 3.2315e+02	 6.7729e+03	-8.8737e+01	 4.0986e+07	 9.0385e+05	-4.5346e+01
 5.0625e+02	 6.7558e+03	 5.8722e+00	 1.5859e-01	 3.2315e+02	 6.7755e+03	-8.8453e+01	 2.2414e+07	 6.0534e+05	-3.7027e+01
 7.5938e+02	 6.7558e+03	 5.8390e+00	 1.9513e-01	 3.2315e+02	 6.7781e+03	-8.8086e+01	 1.2145e+07	 4.0586e+05	-2.9924e+01
 1.1391e+03	 6.7558e+03	 5.7983e+00	 2.4192e-01	 3.2315e+02	 6.7805e+03	-8.7611e+01	 6.5306e+06	 2.7247e+05	-2.3968e+01
 1.7086e+03	 6.7558e+03	 5.7466e+00	 3.0192e-01	 3.2315e+02	 6.7831e+03	-8.6993e+01	 3.4885e+06	 1.8328e+05	-1.9034e+01
 2.5629e+03	 6.7558e+03	 5.6791e+00	 3.7817e-01	 3.2315e+02	 6.7858e+03	-8.6190e+01	 1.8567e+06	 1.2364e+05	-1.5017e+01
 3.8443e+03	 6.7558e+03	 5.5884e+00	 4.7293e-01	 3.2315e+02	 6.7885e+03	-8.5163e+01	 9.8980e+05	 8.3764e+04	-1.1816e+01
 5.7665e+03	 6.7558e+03	 5.4630e+00	 5.8486e-01	 3.2315e+02	 6.7910e+03	-8.3889e+01	 5.3359e+05	 5.7125e+04	-9.3407e+00
 8.6498e+03	 6.7558e+03	 5.2898e+00	 7.0487e-01	 3.2315e+02	 6.7936e+03	-8.2410e+01	 2.9516e+05	 3.9330e+04	-7.5047e+00
 1.2975e+04	 6.7558e+03	 5.0609e+00	 8.1182e-01	 3.2315e+02	 6.7961e+03	-8.0887e+01	 1.7085e+05	 2.7406e+04	-6.2340e+00
 1.9462e+04	 6.7558e+03	 4.7829e+00	 8.7581e-01	 3.2315e+02	 6.7990e+03	-7.9623e+01	 1.0558e+05	 1.9333e+04	-5.4611e+00
 2.9193e+04	 6.7558e+03	 4.4962e+00	 8.7495e-01	 3.2315e+02	 6.8014e+03	-7.8988e+01	 7.0454e+04	 1.3710e+04	-5.1388e+00
 4.3789e+04	 6.7558e+03	 4.2245e+00	 8.1000e-01	 3.2315e+02	 6.8038e+03	-7.9146e+01	 5.0736e+04	 9.7280e+03	-5.2154e+00
 6.5684e+04	 6.7558e+03	 4.0013e+00	 7.0914e-01	 3.2315e+02	 6.8066e+03	-7.9950e+01	 3.8635e+04	 6.8471e+03	-5.6425e+00
 9.8526e+04	 6.7558e+03	 3.8312e+00	 6.0133e-01	 3.2315e+02	 6.8090e+03	-8.1080e+01	 3.0374e+04	 4.7674e+03	-6.3712e+00
 1.4779e+05	 6.7558e+03	 3.6931e+00	 5.0546e-01	 3.2315e+02	 6.8117e+03	-8.2207e+01	 2.4090e+04	 3.2971e+03	-7.3064e+00
 2.2168e+05	 6.7558e+03	 3.5923e+00	 4.2980e-01	 3.2315e+02	 6.8142e+03	-8.3177e+01	 1.8887e+04	 2.2598e+03	-8.3580e+00
 3.3253e+05	 6.7558e+03	 3.5081e+00	 3.7233e-01	 3.2315e+02	 6.8167e+03	-8.3942e+01	 1.4535e+04	 1.5427e+03	-9.4219e+00
 4.9879e+05	 6.7558e+03	 3.4340e+00	 3.2974e-01	 3.2314e+02	 6.8192e+03	-8.4515e+01	 1.0942e+04	 1.0506e+03	-1.0414e+01
 7.4818e+05	 6.7558e+03	 3.4202e+00	 2.0558e-01	 3.2315e+02	 6.8268e+03	-8.6560e+01	 1.1700e+04	 7.0326e+02	-1.6637e+01
 9.0000e+05	 6.7558e+03	 3.3958e+00	 1.8497e-01	 3.2315e+02	 6.8345e+03	-8.6882e+01	 1.0810e+04	 5.8882e+02	-1.8359e+01
 1.0000e+02	 6.8318e+03	 5.9576e+00	 7.7046e-02	 3.2315e+02	 6.8416e+03	-8.9259e+01	 2.3357e+08	 3.0206e+06	-7.7325e+01
 1.5000e+02	 6.8318e+03	 5.9420e+00	 9.3012e-02	 3.2315e+02	 6.8441e+03	-8.9103e+01	 1.2898e+08	 2.0190e+06	-6.3884e+01
 2.2500e+02	 6.8318e+03	 5.9216e+00	 1.0811e-01	 3.2315e+02	 6.8469e+03	-8.8954e+01	 7.3984e+07	 1.3507e+06	-5.4776e+01
 3.3750e+02	 6.8318e+03	 5.8990e+00	 1.3050e-01	 3.2315e+02	 6.8493e+03	-8.8733e+01	 4.0858e+07	 9.0390e+05	-4.5202e+01
 5.0625e+02	 6.8318e+03	 5.8715e+00	 1.5894e-01	 3.2315e+02	 6.8518e+03	-8.8449e+01	 2.2364e+07	 6.0542e+05	-3.6940e+01
 7.5938e+02	 6.8318e+03	 5.8385e+00	 1.9547e-01	 3.2315e+02	 6.8544e+03	-8.8082e+01	 1.2123e+07	 4.0589e+05	-2.9869e+01
 1.1391e+03	 6.8318e+03	 5.7975e+00	 2.4223e-01	 3.2316e+02	 6.8568e+03	-8.7607e+01	 6.5222e+06	 2.7251e+05	-2.3934e+01
 1.7086e+03	 6.8318e+03	 5.7454e+00	 3.0229e-01	 3.2315e+02	 6.8595e+03	-8.6988e+01	 3.4842e+06	 1.8332e+05	-1.9006e+01
 2.5629e+03	 6.8318e+03	 5.6781e+00	 3.7859e-01	 3.2315e+02	 6.8621e+03	-8.6185e+01	 1.8547e+06	 1.2366e+05	-1.4998e+01
 3.8443e+03	 6.8318e+03	 5.5870e+00	 4.7317e-01	 3.2316e+02	 6.8647e+03	-8.5159e+01	 9.8931e+05	 8.3786e+04	-1.1808e+01
 5.7665e+03	 6.8318e+03	 5.4616e+00	 5.8511e-01	 3.2315e+02	 6.8672e+03	-8.3885e+01	 5.3336e+05	 5.7140e+04	-9.3343e+00
 8.6498e+03	 6.8318e+03	 5.2884e+00	 7.0487e-01	 3.2315e+02	 6.8698e+03	-8.2408e+01	 2.9516e+05	 3.9341e+04	-7.5027e+00
 1.2975e+04	 6.8318e+03	 5.0595e+00	 8.1176e-01	 3.2315e+02	 6.8724e+03	-8.0885e+01	 1.7086e+05	 2.7414e+04	-6.2327e+00
 1.9462e+04	 6.8318e+03	 4.7819e+00	 8.7559e-01	 3.2315e+02	 6.8749e+03	-7.9624e+01	 1.0560e+05	 1.9337e+04	-5.4613e+00
 2.9193e+04	 6.8318e+03	 4.4954e+00	 8.7455e-01	 3.2316e+02	 6.8774e+03	-7.8991e+01	 7.0487e+04	 1.3713e+04	-5.1403e+00
 4.3789e+04	 6.8318e+03	 4.2238e+00	 8.0990e-01	 3.2315e+02	 6.8801e+03	-7.9146e+01	 5.0742e+04	 9.7296e+03	-5.2152e+00
 6.5684e+04	 6.8318e+03	 4.0008e+00	 7.0891e-01	 3.2315e+02	 6.8826e+03	-7.9952e+01	 3.8647e+04	 6.8479e+03	-5.6436e+00
 9.8526e+04	 6.8318e+03	 3.8307e+00	 6.0114e-01	 3.2315e+02	 6.8851e+03	-8.1082e+01	 3.0384e+04	 4.7680e+03	-6.3724e+00
 1.4779e+05	 6.8318e+03	 3.6925e+00	 5.0541e-01	 3.2315e+02	 6.8877e+03	-8.2206e+01	 2.4093e+04	 3.2976e+03	-7.3060e+00
 2.2168e+05	 6.8318e+03	 3.5918e+00	 4.2988e-01	 3.2315e+02	 6.8904e+03	-8.3175e+01	 1.8884e+04	 2.2601e+03	-8.3553e+00
 3.3253e+05	 6.8318e+03	 3.5075e+00	 3.7241e-01	 3.2315e+02	 6.8929e+03	-8.3939e+01	 1.4532e+04	 1.5429e+03	-9.4183e+00
 4.9879e+05	 6.8318e+03	 3.4333e+00	 3.2984e-01	 3.2315e+02	 6.8957e+03	-8.4512e+01	 1.0938e+04	 1.0508e+03	-1.0409e+01
 7.4818e+05	 6.8318e+03	 3.4195e+00	 2.0577e-01	 3.2315e+02	 6.9033e+03	-8.6556e+01	 1.1689e+04	 7.0339e+02	-1.6618e+01
 9.0000e+05	 6.8318e+03	 3.3951e+00	 1.8491e-01	 3.2315e+02	 6.9109e+03	-8.6883e+01	 1.0813e+04	 5.8894e+02	-1.8361e+01
 1.0000e+02	 6.9082e+03	 5.9574e+00	 7.7323e-02	 3.2315e+02	 6.9180e+03	-8.9256e+01	 2.3273e+08	 3.0207e+06	-7.7046e+01
 1.5000e+02	 6.9082e+03	 5.9397e+00	 9.2469e-02	 3.2315e+02	 6.9205e+03	-8.9108e+01	 1.2974e+08	 2.0198e+06	-6.4235e+01
 2.2500e+02	 6.9082e+03	 5.9211e+00	 1.0846e-01	 3.2315e+02	 6.9229e+03	-8.8951e+01	 7.3744e+07	 1.3508e+06	-5.4594e+01
 3.3750e+02	 6.9082e+03	 5.8981e+00	 1.3069e-01	 3.2315e+02	 6.9256e+03	-8.8731e+01	 4.0799e+07	 9.0403e+05	-4.5130e+01
 5.0625e+02	 6.9082e+03	 5.8707e+00	 1.5911e-01	 3.2314e+02	 6.9281e+03	-8.8448e+01	 2.2341e+07	 6.0550e+05	-3.6898e+01
 7.5938e+02	 6.9082e+03	 5.8375e+00	 1.9581e-01	 3.2315e+02	 6.9308e+03	-8.8079e+01	 1.2103e+07	 4.0596e+05	-2.9812e+01
 1.1391e+03	 6.9082e+03	 5.7966e+00	 2.4286e-01	 3.2315e+02	 6.9333e+03	-8.7601e+01	 6.5052e+06	 2.7255e+05	-2.3868e+01
 1.7086e+03	 6.9082e+03	 5.7443e+00	 3.0282e-01	 3.2315e+02	 6.9361e+03	-8.6982e+01	 3.4781e+06	 1.8335e+05	-1.8969e+01
 2.5629e+03	 6.9082e+03	 5.6768e+00	 3.7900e-01	 3.2314e+02	 6.9388e+03	-8.6180e+01	 1.8527e+06	 1.2369e+05	-1.4978e+01
 3.8443e+03	 6.9082e+03	 5.5856e+00	 4.7365e-01	 3.2315e+02	 6.9414e+03	-8.5153e+01	 9.8830e+05	 8.3806e+04	-1.1793e+01
 5.7665e+03	 6.9082e+03	 5.4598e+00	 5.8546e-01	 3.2315e+02	 6.9438e+03	-8.3880e+01	 5.3304e+05	 5.7158e+04	-9.3258e+00
 8.6498e+03	 6.9082e+03	 5.2866e+00	 7.0501e-01	 3.2314e+02	 6.9467e+03	-8.2404e+01	 2.9510e+05	 3.9354e+04	-7.4986e+00
 1.2975e+04	 6.9082e+03	 5.0576e+00	 8.1152e-01	 3.2314e+02	 6.9491e+03	-8.0884e+01	 1.7091e+05	 2.7424e+04	-6.2322e+00
 1.9462e+04	 6.9082e+03	 4.7800e+00	 8.7512e-01	 3.2315e+02	 6.9520e+03	-7.9625e+01	 1.0566e+05	 1.9344e+04	-5.4621e+00
 2.9193e+04	 6.9082e+03	 4.4939e+00	 8.7394e-01	 3.2315e+02	 6.9544e+03	-7.8995e+01	 7.0536e+04	 1.3717e+04	-5.1421e+00
 4.3789e+04	 6.9082e+03	 4.2226e+00	 8.0905e-01	 3.2315e+02	 6.9569e+03	-7.9154e+01	 5.0796e+04	 9.7324e+03	-5.2192e+00
 6.5684e+04	 6.9082e+03	 3.9999e+00	 7.0834e-01	 3.2315e+02	 6.9597e+03	-7.9958e+01	 3.8678e+04	 6.8496e+03	-5.6468e+00
 9.8526e+04	 6.9082e+03	 3.8300e+00	 6.0094e-01	 3.2315e+02	 6.9621e+03	-8.1083e+01	 3.0394e+04	 4.7690e+03	-6.3733e+00
 1.4779e+05	 6.9082e+03	 3.6918e+00	 5.0523e-01	 3.2315e+02	 6.9649e+03	-8.2207e+01	 2.4101e+04	 3.2983e+03	-7.3071e+00
 2.2168e+05	 6.9082e+03	 3.5909e+00	 4.2967e-01	 3.2315e+02	 6.9674e+03	-8.3177e+01	 1.8893e+04	 2.2606e+03	-8.3573e+00
 3.3253e+05	 6.9082e+03	 3.5068e+00	 3.7238e-01	 3.2315e+02	 6.9701e+03	-8.3939e+01	 1.4533e+04	 1.5432e+03	-9.4171e+00
 4.9879e+05	 6.9082e+03	 3.4325e+00	 3.2972e-01	 3.2316e+02	 6.9727e+03	-8.4513e+01	 1.0942e+04	 1.0511e+03	-1.0410e+01
 7.4818e+05	 6.9082e+03	 3.4185e+00	 2.0766e-01	 3.2315e+02	 6.9807e+03	-8.6524e+01	 1.1583e+04	 7.0360e+02	-1.6462e+01
 9.0000e+05	 6.9082e+03	 3.3946e+00	 1.8238e-01	 3.2315e+02	 6.9884e+03	-8.6925e+01	 1.0963e+04	 5.8903e+02	-1.8613e+01
 1.0000e+02	 6.9857e+03	 5.9567e+00	 7.7272e-02	 3.2315e+02	 6.9949e+03	-8.9257e+01	 2.3289e+08	 3.0211e+06	-7.7088e+01
 1.5000e+02	 6.9857e+03	 5.9409e+00	 9.2890e-02	 3.2315e+02	 6.9977e+03	-8.9104e+01	 1.2915e+08	 2.0194e+06	-6.3956e+01
 2.2500e+02	 6.9857e+03	 5.9203e+00	 1.0861e-01	 3.2316e+02	 7.0001e+03	-8.8949e+01	 7.3639e+07	 1.3509e+06	-5.4509e+01
 3.3750e+02	 6.9857e+03	 5.8975e+00	 1.3099e-01	 3.2315e+02	 7.0026e+03	-8.8728e+01	 4.0707e+07	 9.0412e+05	-4.5024e+01
 5.0625e+02	 6.9857e+03	 5.8701e+00	 1.5939e-01	 3.2315e+02	 7.0052e+03	-8.8445e+01	 2.2301e+07	 6.0556e+05	-3.6827e+01
 7.5938e+02	 6.9857e+03	 5.8365e+00	 1.9599e-01	 3.2315e+02	 7.0078e+03	-8.8077e+01	 1.2092e+07	 4.0603e+05	-2.9780e+01
 1.1391e+03	 6.9857e+03	 5.7956e+00	 2.4285e-01	 3.2315e+02	 7.0106e+03	-8.7601e+01	 6.5056e+06	 2.7260e+05	-2.3865e+01
 1.7086e+03	 6.9857e+03	 5.7433e+00	 3.0303e-01	 3.2315e+02	 7.0131e+03	-8.6980e+01	 3.4757e+06	 1.8339e+05	-1.8953e+01
 2.5629e+03	 6.9857e+03	 5.6755e+00	 3.7932e-01	 3.2315e+02	 7.0159e+03	-8.6176e+01	 1.8511e+06	 1.2372e+05	-1.4962e+01
 3.8443e+03	 6.9857e+03	 5.5841e+00	 4.7411e-01	 3.2315e+02	 7.0183e+03	-8.5147e+01	 9.8734e+05	 8.3829e+04	-1.1778e+01
 5.7665e+03	 6.9857e+03	 5.4584e+00	 5.8565e-01	 3.2315e+02	 7.0210e+03	-8.3876e+01	 5.3287e+05	 5.7173e+04	-9.3203e+00
 8.6498e+03	 6.9857e+03	 5.2850e+00	 7.0512e-01	 3.2315e+02	 7.0236e+03	-8.2400e+01	 2.9505e+05	 3.9366e+04	-7.4951e+00
 1.2975e+04	 6.9857e+03	 5.0560e+00	 8.1152e-01	 3.2315e+02	 7.0260e+03	-8.0881e+01	 1.7091e+05	 2.7433e+04	-6.2303e+00
 1.9462e+04	 6.9857e+03	 4.7785e+00	 8.7476e-01	 3.2315e+02	 7.0286e+03	-7.9626e+01	 1.0570e+05	 1.9350e+04	-5.4627e+00
 2.9193e+04	 6.9857e+03	 4.4927e+00	 8.7334e-01	 3.2315e+02	 7.0311e+03	-7.8999e+01	 7.0584e+04	 1.3721e+04	-5.1442e+00
 4.3789e+04	 6.9857e+03	 4.2216e+00	 8.0868e-01	 3.2315e+02	 7.0336e+03	-7.9156e+01	 5.0819e+04	 9.7346e+03	-5.2204e+00
 6.5684e+04	 6.9857e+03	 3.9991e+00	 7.0793e-01	 3.2315e+02	 7.0363e+03	-7.9961e+01	 3.8701e+04	 6.8509e+03	-5.6490e+00
 9.8526e+04	 6.9857e+03	 3.8290e+00	 6.0072e-01	 3.2315e+02	 7.0388e+03	-8.1084e+01	 3.0405e+04	 4.7701e+03	-6.3741e+00
 1.4779e+05	 6.9857e+03	 3.6911e+00	 5.0507e-01	 3.2315e+02	 7.0414e+03	-8.2208e+01	 2.4109e+04	 3.2989e+03	-7.3081e+00
 2.2168e+05	 6.9857e+03	 3.5904e+00	 4.2954e-01	 3.2315e+02	 7.0440e+03	-8.3178e+01	 1.8899e+04	 2.2610e+03	-8.3587e+00
 3.3253e+05	 6.9857e+03	 3.5061e+00	 3.7241e-01	 3.2315e+02	 7.0467e+03	-8.3937e+01	 1.4532e+04	 1.5436e+03	-9.4146e+00
 4.9879e+05	 6.9857e+03	 3.4318e+00	 3.2970e-01	 3.2315e+02	 7.0493e+03	-8.4512e+01	 1.0943e+04	 1.0513e+03	-1.0409e+01
 7.4818e+05	 6.9857e+03	 3.4184e+00	 2.0213e-01	 3.2315e+02	 7.0569e+03	-8.6616e+01	 1.1900e+04	 7.0363e+02	-1.6912e+01
 9.0000e+05	 6.9857e+03	 3.3940e+00	 1.8069e-01	 3.2315e+02	 7.0649e+03	-8.6953e+01	 1.1066e+04	 5.8913e+02	-1.8784e+01
 1.0000e+02	 7.0622e+03	 5.9560e+00	 7.7576e-02	 3.2316e+02	 7.0716e+03	-8.9254e+01	 2.3197e+08	 3.0214e+06	-7.6777e+01
 1.5000e+02	 7.0622e+03	 5.9386e+00	 9.2733e-02	 3.2315e+02	 7.0744e+03	-8.9105e+01	 1.2937e+08	 2.0202e+06	-6.4040e+01
 2.2500e+02	 7.0622e+03	 5.9200e+00	 1.0885e-01	 3.2316e+02	 7.0769e+03	-8.8947e+01	 7.3475e+07	 1.3510e+06	-5.4385e+01
 3.3750e+02	 7.0622e+03	 5.8969e+00	 1.3121e-01	 3.2315e+02	 7.0794e+03	-8.8725e+01	 4.0638e+07	 9.0421e+05	-4.4943e+01
 5.0625e+02	 7.0622e+03	 5.8694e+00	 1.5972e-01	 3.2315e+02	 7.0821e+03	-8.8441e+01	 2.2255e+07	 6.0563e+05	-3.6747e+01
 7.5938e+02	 7.0622e+03	 5.8359e+00	 1.9634e-01	 3.2315e+02	 7.0848e+03	-8.8073e+01	 1.2070e+07	 4.0607e+05	-2.9724e+01
 1.1391e+03	 7.0622e+03	 5.7947e+00	 2.4316e-01	 3.2315e+02	 7.0874e+03	-8.7597e+01	 6.4972e+06	 2.7264e+05	-2.3831e+01
 1.7086e+03	 7.0622e+03	 5.7426e+00	 3.0332e-01	 3.2316e+02	 7.0900e+03	-8.6976e+01	 3.4724e+06	 1.8341e+05	-1.8932e+01
 2.5629e+03	 7.0622e+03	 5.6746e+00	 3.7973e-01	 3.2315e+02	 7.0926e+03	-8.6172e+01	 1.8491e+06	 1.2374e+05	-1.4944e+01
 3.8443e+03	 7.0622e+03	 5.5829e+00	 4.7441e-01	 3.2315e+02	 7.0951e+03	-8.5143e+01	 9.8671e+05	 8.3848e+04	-1.1768e+01
 5.7665e+03	 7.0622e+03	 5.4569e+00	 5.8579e-01	 3.2315e+02	 7.0975e+03	-8.3873e+01	 5.3274e+05	 5.7189e+04	-9.3155e+00
 8.6498e+03	 7.0622e+03	 5.2836e+00	 7.0502e-01	 3.2315e+02	 7.1002e+03	-8.2400e+01	 2.9510e+05	 3.9377e+04	-7.4942e+00
 1.2975e+04	 7.0622e+03	 5.0546e+00	 8.1128e-01	 3.2315e+02	 7.1026e+03	-8.0882e+01	 1.7096e+05	 2.7440e+04	-6.2304e+00
 1.9462e+04	 7.0622e+03	 4.7772e+00	 8.7432e-01	 3.2315e+02	 7.1054e+03	-7.9628e+01	 1.0576e+05	 1.9356e+04	-5.4638e+00
 2.9193e+04	 7.0622e+03	 4.4915e+00	 8.7289e-01	 3.2315e+02	 7.1079e+03	-7.9002e+01	 7.0621e+04	 1.3725e+04	-5.1455e+00
 4.3789e+04	 7.0622e+03	 4.2207e+00	 8.0823e-01	 3.2314e+02	 7.1108e+03	-7.9159e+01	 5.0847e+04	 9.7369e+03	-5.2221e+00
 6.5684e+04	 7.0622e+03	 3.9982e+00	 7.0756e-01	 3.2315e+02	 7.1132e+03	-7.9964e+01	 3.8721e+04	 6.8525e+03	-5.6507e+00
 9.8526e+04	 7.0622e+03	 3.8284e+00	 6.0020e-01	 3.2314e+02	 7.1156e+03	-8.1090e+01	 3.0431e+04	 4.7709e+03	-6.3785e+00
 1.4779e+05	 7.0622e+03	 3.6903e+00	 5.0488e-01	 3.2314e+02	 7.1183e+03	-8.2210e+01	 2.4118e+04	 3.2996e+03	-7.3093e+00
 2.2168e+05	 7.0622e+03	 3.5896e+00	 4.2955e-01	 3.2314e+02	 7.1209e+03	-8.3176e+01	 1.8898e+04	 2.2615e+03	-8.3565e+00
 3.3253e+05	 7.0622e+03	 3.5052e+00	 3.7221e-01	 3.2314e+02	 7.1236e+03	-8.3939e+01	 1.4540e+04	 1.5439e+03	-9.4173e+00
 4.9879e+05	 7.0622e+03	 3.4309e+00	 3.2965e-01	 3.2314e+02	 7.1262e+03	-8.4512e+01	 1.0945e+04	 1.0516e+03	-1.0408e+01
 7.4818e+05	 7.0622e+03	 3.4174e+00	 2.0319e-01	 3.2314e+02	 7.1341e+03	-8.6597e+01	 1.1837e+04	 7.0383e+02	-1.6819e+01
 9.0000e+05	 7.0622e+03	 3.3935e+00	 1.7802e-01	 3.2315e+02	 7.1418e+03	-8.6997e+01	 1.1232e+04	 5.8922e+02	-1.9063e+01
 1.0000e+02	 7.1391e+03	 5.9559e+00	 7.7823e-02	 3.2315e+02	 7.1484e+03	-8.9251e+01	 2.3124e+08	 3.0215e+06	-7.6531e+01
 1.5000e+02	 7.1391e+03	 5.9395e+00	 8.9925e-02	 3.2315e+02	 7.1512e+03	-8.9133e+01	 1.3341e+08	 2.0199e+06	-6.6049e+01
 2.2500e+02	 7.1391e+03	 5.9197e+00	 1.0919e-01	 3.2315e+02	 7.1537e+03	-8.8943e+01	 7.3251e+07	 1.3511e+06	-5.4216e+01
 3.3750e+02	 7.1391e+03	 5.8963e+00	 1.3155e-01	 3.2315e+02	 7.1565e+03	-8.8722e+01	 4.0534e+07	 9.0431e+05	-4.4823e+01
 5.0625e+02	 7.1391e+03	 5.8686e+00	 1.5998e-01	 3.2316e+02	 7.1590e+03	-8.8439e+01	 2.2220e+07	 6.0572e+05	-3.6684e+01
 7.5938e+02	 7.1391e+03	 5.8353e+00	 1.9675e-01	 3.2315e+02	 7.1615e+03	-8.8069e+01	 1.2044e+07	 4.0612e+05	-2.9658e+01
 1.1391e+03	 7.1391e+03	 5.7939e+00	 2.4344e-01	 3.2315e+02	 7.1642e+03	-8.7594e+01	 6.4898e+06	 2.7268e+05	-2.3800e+01
 1.7086e+03	 7.1391e+03	 5.7416e+00	 3.0383e-01	 3.2315e+02	 7.1668e+03	-8.6971e+01	 3.4665e+06	 1.8344e+05	-1.8897e+01
 2.5629e+03	 7.1391e+03	 5.6736e+00	 3.8014e-01	 3.2315e+02	 7.1695e+03	-8.6167e+01	 1.8471e+06	 1.2376e+05	-1.4925e+01
 3.8443e+03	 7.1391e+03	 5.5819e+00	 4.7474e-01	 3.2315e+02	 7.1720e+03	-8.5139e+01	 9.8603e+05	 8.3862e+04	-1.1758e+01
 5.7665e+03	 7.1391e+03	 5.4556e+00	 5.8609e-01	 3.2315e+02	 7.1744e+03	-8.3868e+01	 5.3247e+05	 5.7202e+04	-9.3086e+00
 8.6498e+03	 7.1391e+03	 5.2821e+00	 7.0515e-01	 3.2315e+02	 7.1772e+03	-8.2396e+01	 2.9504e+05	 3.9387e+04	-7.4908e+00
 1.2975e+04	 7.1391e+03	 5.0531e+00	 8.1099e-01	 3.2315e+02	 7.1799e+03	-8.0882e+01	 1.7102e+05	 2.7448e+04	-6.2308e+00
 1.9462e+04	 7.1391e+03	 4.7759e+00	 8.7384e-01	 3.2316e+02	 7.1825e+03	-7.9631e+01	 1.0582e+05	 1.9361e+04	-5.4654e+00
 2.9193e+04	 7.1391e+03	 4.4905e+00	 8.7255e-01	 3.2316e+02	 7.1849e+03	-7.9004e+01	 7.0648e+04	 1.3728e+04	-5.1464e+00
 4.3789e+04	 7.1391e+03	 4.2198e+00	 8.0769e-01	 3.2314e+02	 7.1874e+03	-7.9164e+01	 5.0881e+04	 9.7390e+03	-5.2245e+00
 6.5684e+04	 7.1391e+03	 3.9975e+00	 7.0726e-01	 3.2315e+02	 7.1899e+03	-7.9967e+01	 3.8737e+04	 6.8536e+03	-5.6521e+00
 9.8526e+04	 7.1391e+03	 3.8278e+00	 6.0013e-01	 3.2315e+02	 7.1924e+03	-8.1090e+01	 3.0435e+04	 4.7716e+03	-6.3783e+00
 1.4779e+05	 7.1391e+03	 3.6898e+00	 5.0488e-01	 3.2315e+02	 7.1952e+03	-8.2209e+01	 2.4118e+04	 3.3001e+03	-7.3083e+00
 2.2168e+05	 7.1391e+03	 3.5889e+00	 4.2957e-01	 3.2315e+02	 7.1979e+03	-8.3174e+01	 1.8897e+04	 2.2619e+03	-8.3546e+00
 3.3253e+05	 7.1391e+03	 3.5047e+00	 3.7232e-01	 3.2315e+02	 7.2004e+03	-8.3936e+01	 1.4536e+04	 1.5442e+03	-9.4132e+00
 4.9879e+05	 7.1391e+03	 3.4303e+00	 3.2980e-01	 3.2315e+02	 7.2032e+03	-8.4508e+01	 1.0940e+04	 1.0518e+03	-1.0401e+01
 7.4818e+05	 7.1391e+03	 3.4168e+00	 2.0236e-01	 3.2314e+02	 7.2109e+03	-8.6611e+01	 1.1886e+04	 7.0395e+02	-1.6885e+01
 9.0000e+05	 7.1391e+03	 3.3925e+00	 1.7891e-01	 3.2315e+02	 7.2186e+03	-8.6981e+01	 1.1176e+04	 5.8939e+02	-1.8962e+01
 1.0000e+02	 7.2159e+03	 5.9553e+00	 7.7923e-02	 3.2315e+02	 7.2252e+03	-8.9250e+01	 2.3094e+08	 3.0218e+06	-7.6425e+01
 1.5000e+02	 7.2159e+03	 5.9383e+00	 9.2136e-02	 3.2315e+02	 7.2278e+03	-8.9111e+01	 1.3021e+08	 2.0203e+06	-6.4452e+01
 2.2500e+02	 7.2159e+03	 5.9188e+00	 1.0922e-01	 3.2315e+02	 7.2303e+03	-8.8943e+01	 7.3232e+07	 1.3513e+06	-5.4193e+01
 3.3750e+02	 7.2159e+03	 5.8958e+00	 1.3183e-01	 3.2315e+02	 7.2330e+03	-8.8719e+01	 4.0446e+07	 9.0439e+05	-4.4722e+01
 5.0625e+02	 7.2159e+03	 5.8679e+00	 1.6021e-01	 3.2315e+02	 7.2355e+03	-8.8436e+01	 2.2188e+07	 6.0578e+05	-3.6626e+01
 7.5938e+02	 7.2159e+03	 5.8345e+00	 1.9717e-01	 3.2315e+02	 7.2380e+03	-8.8064e+01	 1.2019e+07	 4.0617e+05	-2.9590e+01
 1.1391e+03	 7.2159e+03	 5.7930e+00	 2.4437e-01	 3.2315e+02	 7.2406e+03	-8.7585e+01	 6.4651e+06	 2.7272e+05	-2.3706e+01
 1.7086e+03	 7.2159e+03	 5.7404e+00	 3.0417e-01	 3.2315e+02	 7.2432e+03	-8.6967e+01	 3.4626e+06	 1.8348e+05	-1.8872e+01
 2.5629e+03	 7.2159e+03	 5.6724e+00	 3.8060e-01	 3.2315e+02	 7.2458e+03	-8.6161e+01	 1.8449e+06	 1.2379e+05	-1.4904e+01
 3.8443e+03	 7.2159e+03	 5.5805e+00	 4.7510e-01	 3.2315e+02	 7.2482e+03	-8.5134e+01	 9.8529e+05	 8.3883e+04	-1.1746e+01
 5.7665e+03	 7.2159e+03	 5.4541e+00	 5.8640e-01	 3.2315e+02	 7.2506e+03	-8.3863e+01	 5.3218e+05	 5.7218e+04	-9.3010e+00
 8.6498e+03	 7.2159e+03	 5.2805e+00	 7.0535e-01	 3.2315e+02	 7.2534e+03	-8.2392e+01	 2.9496e+05	 3.9399e+04	-7.4864e+00
 1.2975e+04	 7.2159e+03	 5.0515e+00	 8.1083e-01	 3.2315e+02	 7.2558e+03	-8.0881e+01	 1.7106e+05	 2.7457e+04	-6.2300e+00
 1.9462e+04	 7.2159e+03	 4.7746e+00	 8.7351e-01	 3.2315e+02	 7.2585e+03	-7.9632e+01	 1.0586e+05	 1.9366e+04	-5.4660e+00
 2.9193e+04	 7.2159e+03	 4.4893e+00	 8.7191e-01	 3.2315e+02	 7.2609e+03	-7.9009e+01	 7.0700e+04	 1.3731e+04	-5.1488e+00
 4.3789e+04	 7.2159e+03	 4.2189e+00	 8.0730e-01	 3.2315e+02	 7.2634e+03	-7.9167e+01	 5.0906e+04	 9.7409e+03	-5.2260e+00
 6.5684e+04	 7.2159e+03	 3.9968e+00	 7.0692e-01	 3.2315e+02	 7.2661e+03	-7.9970e+01	 3.8756e+04	 6.8548e+03	-5.6538e+00
 9.8526e+04	 7.2159e+03	 3.8271e+00	 6.0014e-01	 3.2315e+02	 7.2686e+03	-8.1088e+01	 3.0435e+04	 4.7725e+03	-6.3771e+00
 1.4779e+05	 7.2159e+03	 3.6892e+00	 5.0482e-01	 3.2315e+02	 7.2712e+03	-8.2208e+01	 2.4121e+04	 3.3006e+03	-7.3080e+00
 2.2168e+05	 7.2159e+03	 3.5884e+00	 4.2958e-01	 3.2315e+02	 7.2738e+03	-8.3173e+01	 1.8897e+04	 2.2622e+03	-8.3533e+00
 3.3253e+05	 7.2159e+03	 3.5042e+00	 3.7237e-01	 3.2315e+02	 7.2765e+03	-8.3934e+01	 1.4533e+04	 1.5444e+03	-9.4103e+00
 4.9879e+05	 7.2159e+03	 3.4297e+00	 3.2979e-01	 3.2316e+02	 7.2791e+03	-8.4507e+01	 1.0940e+04	 1.0520e+03	-1.0400e+01
 7.4818e+05	 7.2159e+03	 3.4161e+00	 2.0273e-01	 3.2316e+02	 7.2866e+03	-8.6604e+01	 1.1864e+04	 7.0409e+02	-1.6850e+01
 9.0000e+05	 7.2159e+03	 3.3919e+00	 1.8109e-01	 3.2316e+02	 7.2947e+03	-8.6944e+01	 1.1042e+04	 5.8950e+02	-1.8731e+01
 1.0000e+02	 7.2920e+03	 5.9550e+00	 7.8132e-02	 3.2315e+02	 7.3012e+03	-8.9248e+01	 2.3032e+08	 3.0220e+06	-7.6216e+01
 1.5000e+02	 7.2920e+03	 5.9379e+00	 9.1142e-02	 3.2315e+02	 7.3037e+03	-8.9121e+01	 1.3163e+08	 2.0204e+06	-6.5151e+01
 2.2500e+02	 7.2920e+03	 5.9183e+00	 1.0949e-01	 3.2315e+02	 7.3064e+03	-8.8940e+01	 7.3051e+07	 1.3514e+06	-5.4055e+01
 3.3750e+02	 7.2920e+03	 5.8953e+00	 1.3195e-01	 3.2315e+02	 7.3089e+03	-8.8718e+01	 4.0409e+07	 9.0447e+05	-4.4678e+01
 5.0625e+02	 7.2920e+03	 5.8676e+00	 1.6069e-01	 3.2315e+02	 7.3115e+03	-8.8431e+01	 2.2121e+07	 6.0582e+05	-3.6514e+01
 7.5938e+02	 7.2920e+03	 5.8338e+00	 1.9739e-01	 3.2315e+02	 7.3141e+03	-8.8062e+01	 1.2005e+07	 4.0622e+05	-2.9554e+01
 1.1391e+03	 7.2920e+03	 5.7923e+00	 2.4436e-01	 3.2316e+02	 7.3168e+03	-8.7584e+01	 6.4654e+06	 2.7275e+05	-2.3704e+01
 1.7086e+03	 7.2920e+03	 5.7397e+00	 3.0451e-01	 3.2315e+02	 7.3194e+03	-8.6963e+01	 3.4588e+06	 1.8350e+05	-1.8849e+01
 2.5629e+03	 7.2920e+03	 5.6712e+00	 3.8079e-01	 3.2316e+02	 7.3222e+03	-8.6159e+01	 1.8440e+06	 1.2381e+05	-1.4893e+01
 3.8443e+03	 7.2920e+03	 5.5793e+00	 4.7531e-01	 3.2316e+02	 7.3247e+03	-8.5131e+01	 9.8484e+05	 8.3901e+04	-1.1738e+01
 5.7665e+03	 7.2920e+03	 5.4529e+00	 5.8648e-01	 3.2315e+02	 7.3274e+03	-8.3861e+01	 5.3211e+05	 5.7231e+04	-9.2976e+00
 8.6498e+03	 7.2920e+03	 5.2791e+00	 7.0510e-01	 3.2315e+02	 7.3300e+03	-8.2392e+01	 2.9506e+05	 3.9410e+04	-7.4870e+00
 1.2975e+04	 7.2920e+03	 5.0501e+00	 8.1074e-01	 3.2316e+02	 7.3324e+03	-8.0880e+01	 1.7108e+05	 2.7465e+04	-6.2290e+00
 1.9462e+04	 7.2920e+03	 4.7732e+00	 8.7314e-01	 3.2315e+02	 7.3351e+03	-7.9634e+01	 1.0590e+05	 1.9372e+04	-5.4668e+00
 2.9193e+04	 7.2920e+03	 4.4883e+00	 8.7156e-01	 3.2315e+02	 7.3376e+03	-7.9011e+01	 7.0729e+04	 1.3735e+04	-5.1497e+00
 4.3789e+04	 7.2920e+03	 4.2179e+00	 8.0673e-01	 3.2315e+02	 7.3402e+03	-7.9172e+01	 5.0942e+04	 9.7432e+03	-5.2284e+00
 6.5684e+04	 7.2920e+03	 3.9960e+00	 7.0661e-01	 3.2315e+02	 7.3427e+03	-7.9972e+01	 3.8773e+04	 6.8562e+03	-5.6552e+00
 9.8526e+04	 7.2920e+03	 3.8265e+00	 5.9976e-01	 3.2315e+02	 7.3452e+03	-8.1092e+01	 3.0454e+04	 4.7732e+03	-6.3801e+00
 1.4779e+05	 7.2920e+03	 3.6886e+00	 5.0466e-01	 3.2315e+02	 7.3479e+03	-8.2210e+01	 2.4129e+04	 3.3011e+03	-7.3092e+00
 2.2168e+05	 7.2920e+03	 3.5877e+00	 4.2945e-01	 3.2315e+02	 7.3505e+03	-8.3174e+01	 1.8903e+04	 2.2627e+03	-8.3541e+00
 3.3253e+05	 7.2920e+03	 3.5034e+00	 3.7234e-01	 3.2315e+02	 7.3532e+03	-8.3933e+01	 1.4535e+04	 1.5447e+03	-9.4091e+00
 4.9879e+05	 7.2920e+03	 3.4289e+00	 3.2976e-01	 3.2315e+02	 7.3558e+03	-8.4507e+01	 1.0941e+04	 1.0522e+03	-1.0398e+01
 7.4818e+05	 7.2920e+03	 3.4150e+00	 2.0602e-01	 3.2315e+02	 7.3637e+03	-8.6548e+01	 1.1675e+04	 7.0432e+02	-1.6576e+01
 9.0000e+05	 7.2920e+03	 3.3904e+00	 1.8932e-01	 3.2315e+02	 7.3715e+03	-8.6804e+01	 1.0562e+04	 5.8976e+02	-1.7909e+01
 1.0000e+02	 7.3688e+03	 5.9545e+00	 7.8162e-02	 3.2315e+02	 7.3780e+03	-8.9248e+01	 2.3024e+08	 3.0222e+06	-7.6182e+01
 1.5000e+02	 7.3688e+03	 5.9364e+00	 9.2192e-02	 3.2315e+02	 7.3805e+03	-8.9110e+01	 1.3013e+08	 2.0209e+06	-6.4392e+01
 2.2500e+02	 7.3688e+03	 5.9178e+00	 1.0967e-01	 3.2316e+02	 7.3831e+03	-8.8938e+01	 7.2930e+07	 1.3515e+06	-5.3961e+01
 3.3750e+02	 7.3688e+03	 5.8946e+00	 1.3215e-01	 3.2315e+02	 7.3856e+03	-8.8716e+01	 4.0349e+07	 9.0457e+05	-4.4605e+01
 5.0625e+02	 7.3688e+03	 5.8667e+00	 1.6094e-01	 3.2315e+02	 7.3881e+03	-8.8429e+01	 2.2087e+07	 6.0591e+05	-3.6452e+01
 7.5938e+02	 7.3688e+03	 5.8331e+00	 1.9781e-01	 3.2315e+02	 7.3910e+03	-8.8058e+01	 1.1980e+07	 4.0627e+05	-2.9489e+01
 1.1391e+03	 7.3688e+03	 5.7914e+00	 2.4490e-01	 3.2315e+02	 7.3937e+03	-8.7579e+01	 6.4511e+06	 2.7279e+05	-2.3648e+01
 1.7086e+03	 7.3688e+03	 5.7386e+00	 3.0488e-01	 3.2315e+02	 7.3962e+03	-8.6959e+01	 3.4546e+06	 1.8354e+05	-1.8822e+01
 2.5629e+03	 7.3688e+03	 5.6702e+00	 3.8139e-01	 3.2315e+02	 7.3990e+03	-8.6152e+01	 1.8411e+06	 1.2384e+05	-1.4867e+01
 3.8443e+03	 7.3688e+03	 5.5780e+00	 4.7572e-01	 3.2315e+02	 7.4014e+03	-8.5125e+01	 9.8400e+05	 8.3921e+04	-1.1725e+01
 5.7665e+03	 7.3688e+03	 5.4512e+00	 5.8679e-01	 3.2315e+02	 7.4039e+03	-8.3856e+01	 5.3183e+05	 5.7248e+04	-9.2899e+00
 8.6498e+03	 7.3688e+03	 5.2773e+00	 7.0535e-01	 3.2315e+02	 7.4066e+03	-8.2387e+01	 2.9496e+05	 3.9423e+04	-7.4819e+00
 1.2975e+04	 7.3688e+03	 5.0485e+00	 8.1057e-01	 3.2315e+02	 7.4091e+03	-8.0879e+01	 1.7111e+05	 2.7473e+04	-6.2284e+00
 1.9462e+04	 7.3688e+03	 4.7716e+00	 8.7267e-01	 3.2315e+02	 7.4117e+03	-7.9636e+01	 1.0596e+05	 1.9378e+04	-5.4679e+00
 2.9193e+04	 7.3688e+03	 4.4870e+00	 8.7086e-01	 3.2315e+02	 7.4142e+03	-7.9016e+01	 7.0786e+04	 1.3738e+04	-5.1524e+00
 4.3789e+04	 7.3688e+03	 4.2170e+00	 8.0621e-01	 3.2315e+02	 7.4170e+03	-7.9177e+01	 5.0974e+04	 9.7453e+03	-5.2306e+00
 6.5684e+04	 7.3688e+03	 3.9952e+00	 7.0622e-01	 3.2315e+02	 7.4195e+03	-7.9975e+01	 3.8795e+04	 6.8576e+03	-5.6571e+00
 9.8526e+04	 7.3688e+03	 3.8256e+00	 5.9938e-01	 3.2315e+02	 7.4220e+03	-8.1096e+01	 3.0473e+04	 4.7744e+03	-6.3826e+00
 1.4779e+05	 7.3688e+03	 3.6878e+00	 5.0449e-01	 3.2314e+02	 7.4246e+03	-8.2210e+01	 2.4136e+04	 3.3019e+03	-7.3099e+00
 2.2168e+05	 7.3688e+03	 3.5869e+00	 4.2939e-01	 3.2315e+02	 7.4272e+03	-8.3174e+01	 1.8905e+04	 2.2631e+03	-8.3536e+00
 3.3253e+05	 7.3688e+03	 3.5026e+00	 3.7223e-01	 3.2315e+02	 7.4299e+03	-8.3934e+01	 1.4539e+04	 1.5451e+03	-9.4099e+00
 4.9879e+05	 7.3688e+03	 3.4282e+00	 3.2974e-01	 3.2315e+02	 7.4325e+03	-8.4506e+01	 1.0942e+04	 1.0524e+03	-1.0397e+01
 7.4818e+05	 7.3688e+03	 3.4139e+00	 2.1214e-01	 3.2315e+02	 7.4401e+03	-8.6444e+01	 1.1338e+04	 7.0455e+02	-1.6092e+01
 9.0000e+05	 7.3688e+03	 3.3896e+00	 1.9041e-01	 3.2314e+02	 7.4482e+03	-8.6785e+01	 1.0501e+04	 5.8990e+02	-1.7802e+01
 1.0000e+02	 7.4455e+03	 5.9539e+00	 7.8335e-02	 3.2314e+02	 7.4547e+03	-8.9246e+01	 2.2973e+08	 3.0225e+06	-7.6005e+01
 1.5000e+02	 7.4455e+03	 5.9374e+00	 9.2954e-02	 3.2314e+02	 7.4572e+03	-8.9103e+01	 1.2907e+08	 2.0206e+06	-6.3875e+01
 2.2500e+02	 7.4455e+03	 5.9173e+00	 1.0995e-01	 3.2314e+02	 7.4599e+03	-8.8936e+01	 7.2743e+07	 1.3516e+06	-5.3818e+01
 3.3750e+02	 7.4455e+03	 5.8938e+00	 1.3256e-01	 3.2314e+02	 7.4624e+03	-8.8712e+01	 4.0223e+07	 9.0469e+05	-4.4461e+01
 5.0625e+02	 7.4455e+03	 5.8660e+00	 1.6121e-01	 3.2315e+02	 7.4651e+03	-8.8426e+01	 2.2051e+07	 6.0599e+05	-3.6388e+01
 7.5938e+02	 7.4455e+03	 5.8321e+00	 1.9811e-01	 3.2315e+02	 7.4677e+03	-8.8054e+01	 1.1962e+07	 4.0634e+05	-2.9439e+01
 1.1391e+03	 7.4455e+03	 5.7904e+00	 2.4512e-01	 3.2315e+02	 7.4704e+03	-8.7576e+01	 6.4453e+06	 2.7284e+05	-2.3623e+01
 1.7086e+03	 7.4455e+03	 5.7375e+00	 3.0537e-01	 3.2315e+02	 7.4729e+03	-8.6953e+01	 3.4490e+06	 1.8357e+05	-1.8788e+01
 2.5629e+03	 7.4455e+03	 5.6689e+00	 3.8172e-01	 3.2315e+02	 7.4757e+03	-8.6148e+01	 1.8395e+06	 1.2386e+05	-1.4851e+01
 3.8443e+03	 7.4455e+03	 5.5766e+00	 4.7600e-01	 3.2315e+02	 7.4782e+03	-8.5121e+01	 9.8342e+05	 8.3942e+04	-1.1715e+01
 5.7665e+03	 7.4455e+03	 5.4499e+00	 5.8703e-01	 3.2315e+02	 7.4806e+03	-8.3852e+01	 5.3161e+05	 5.7263e+04	-9.2838e+00
 8.6498e+03	 7.4455e+03	 5.2759e+00	 7.0532e-01	 3.2315e+02	 7.4832e+03	-8.2385e+01	 2.9497e+05	 3.9434e+04	-7.4801e+00
 1.2975e+04	 7.4455e+03	 5.0472e+00	 8.1044e-01	 3.2315e+02	 7.4856e+03	-8.0878e+01	 1.7114e+05	 2.7480e+04	-6.2278e+00
 1.9462e+04	 7.4455e+03	 4.7703e+00	 8.7225e-01	 3.2315e+02	 7.4882e+03	-7.9638e+01	 1.0601e+05	 1.9384e+04	-5.4689e+00
 2.9193e+04	 7.4455e+03	 4.4858e+00	 8.7061e-01	 3.2315e+02	 7.4907e+03	-7.9016e+01	 7.0805e+04	 1.3742e+04	-5.1524e+00
 4.3789e+04	 7.4455e+03	 4.2162e+00	 8.0593e-01	 3.2315e+02	 7.4931e+03	-7.9178e+01	 5.0992e+04	 9.7471e+03	-5.2315e+00
 6.5684e+04	 7.4455e+03	 3.9943e+00	 7.0577e-01	 3.2314e+02	 7.4959e+03	-7.9980e+01	 3.8819e+04	 6.8591e+03	-5.6596e+00
 9.8526e+04	 7.4455e+03	 3.8253e+00	 5.9931e-01	 3.2315e+02	 7.4983e+03	-8.1096e+01	 3.0477e+04	 4.7748e+03	-6.3828e+00
 1.4779e+05	 7.4455e+03	 3.6873e+00	 5.0440e-01	 3.2315e+02	 7.5010e+03	-8.2211e+01	 2.4141e+04	 3.3023e+03	-7.3102e+00
 2.2168e+05	 7.4455e+03	 3.5863e+00	 4.2932e-01	 3.2316e+02	 7.5036e+03	-8.3174e+01	 1.8908e+04	 2.2635e+03	-8.3535e+00
 3.3253e+05	 7.4455e+03	 3.5020e+00	 3.7224e-01	 3.2315e+02	 7.5060e+03	-8.3933e+01	 1.4539e+04	 1.5454e+03	-9.4079e+00
 4.9879e+05	 7.4455e+03	 3.4276e+00	 3.2981e-01	 3.2315e+02	 7.5087e+03	-8.4504e+01	 1.0939e+04	 1.0526e+03	-1.0393e+01
 7.4818e+05	 7.4455e+03	 3.4132e+00	 2.1089e-01	 3.2315e+02	 7.5163e+03	-8.6464e+01	 1.1405e+04	 7.0469e+02	-1.6185e+01
 9.0000e+05	 7.4455e+03	 3.3889e+00	 1.8932e-01	 3.2315e+02	 7.5241e+03	-8.6803e+01	 1.0562e+04	 5.9002e+02	-1.7901e+01
 1.0000e+02	 7.5214e+03	 5.9534e+00	 7.8773e-02	 3.2315e+02	 7.5311e+03	-8.9242e+01	 2.2845e+08	 3.0227e+06	-7.5577e+01
 1.5000e+02	 7.5214e+03	 5.9364e+00	 9.2982e-02	 3.2315e+02	 7.5336e+03	-8.9103e+01	 1.2903e+08	 2.0209e+06	-6.3845e+01
 2.2500e+02	 7.5214e+03	 5.9168e+00	 1.1021e-01	 3.2315e+02	 7.5364e+03	-8.8933e+01	 7.2570e+07	 1.3518e+06	-5.3686e+01
 3.3750e+02	 7.5214e+03	 5.8934e+00	 1.3280e-01	 3.2315e+02	 7.5389e+03	-8.8709e+01	 4.0151e+07	 9.0474e+05	-4.4379e+01
 5.0625e+02	 7.5214e+03	 5.8655e+00	 1.6142e-01	 3.2315e+02	 7.5413e+03	-8.8424e+01	 2.2022e+07	 6.0604e+05	-3.6337e+01
 7.5938e+02	 7.5214e+03	 5.8314e+00	 1.9845e-01	 3.2315e+02	 7.5439e+03	-8.8051e+01	 1.1941e+07	 4.0639e+05	-2.9384e+01
 1.1391e+03	 7.5214e+03	 5.7899e+00	 2.4555e-01	 3.2315e+02	 7.5464e+03	-8.7572e+01	 6.4340e+06	 2.7287e+05	-2.3579e+01
 1.7086e+03	 7.5214e+03	 5.7366e+00	 3.0574e-01	 3.2315e+02	 7.5492e+03	-8.6949e+01	 3.4449e+06	 1.8360e+05	-1.8763e+01
 2.5629e+03	 7.5214e+03	 5.6678e+00	 3.8209e-01	 3.2315e+02	 7.5518e+03	-8.6143e+01	 1.8377e+06	 1.2389e+05	-1.4834e+01
 3.8443e+03	 7.5214e+03	 5.5754e+00	 4.7642e-01	 3.2315e+02	 7.5545e+03	-8.5116e+01	 9.8256e+05	 8.3961e+04	-1.1703e+01
 5.7665e+03	 7.5214e+03	 5.4485e+00	 5.8724e-01	 3.2315e+02	 7.5569e+03	-8.3848e+01	 5.3142e+05	 5.7277e+04	-9.2781e+00
 8.6498e+03	 7.5214e+03	 5.2743e+00	 7.0534e-01	 3.2315e+02	 7.5595e+03	-8.2383e+01	 2.9496e+05	 3.9445e+04	-7.4777e+00
 1.2975e+04	 7.5214e+03	 5.0455e+00	 8.1008e-01	 3.2315e+02	 7.5619e+03	-8.0879e+01	 1.7122e+05	 2.7489e+04	-6.2284e+00
 1.9462e+04	 7.5214e+03	 4.7691e+00	 8.7201e-01	 3.2315e+02	 7.5645e+03	-7.9638e+01	 1.0604e+05	 1.9389e+04	-5.4691e+00
 2.9193e+04	 7.5214e+03	 4.4847e+00	 8.6999e-01	 3.2315e+02	 7.5672e+03	-7.9021e+01	 7.0856e+04	 1.3745e+04	-5.1549e+00
 4.3789e+04	 7.5214e+03	 4.2152e+00	 8.0531e-01	 3.2315e+02	 7.5698e+03	-7.9184e+01	 5.1032e+04	 9.7494e+03	-5.2343e+00
 6.5684e+04	 7.5214e+03	 3.9937e+00	 7.0542e-01	 3.2315e+02	 7.5725e+03	-7.9983e+01	 3.8838e+04	 6.8601e+03	-5.6615e+00
 9.8526e+04	 7.5214e+03	 3.8245e+00	 5.9898e-01	 3.2315e+02	 7.5750e+03	-8.1099e+01	 3.0493e+04	 4.7758e+03	-6.3850e+00
 1.4779e+05	 7.5214e+03	 3.6866e+00	 5.0440e-01	 3.2315e+02	 7.5776e+03	-8.2209e+01	 2.4141e+04	 3.3029e+03	-7.3089e+00
 2.2168e+05	 7.5214e+03	 3.5857e+00	 4.2929e-01	 3.2315e+02	 7.5801e+03	-8.3173e+01	 1.8910e+04	 2.2639e+03	-8.3527e+00
 3.3253e+05	 7.5214e+03	 3.5014e+00	 3.7226e-01	 3.2315e+02	 7.5826e+03	-8.3931e+01	 1.4538e+04	 1.5456e+03	-9.4059e+00
 4.9879e+05	 7.5214e+03	 3.4269e+00	 3.2974e-01	 3.2315e+02	 7.5854e+03	-8.4504e+01	 1.0941e+04	 1.0528e+03	-1.0393e+01
 7.4818e+05	 7.5214e+03	 3.4126e+00	 2.0994e-01	 3.2315e+02	 7.5931e+03	-8.6480e+01	 1.1457e+04	 7.0481e+02	-1.6255e+01
 9.0000e+05	 7.5214e+03	 3.3881e+00	 1.9251e-01	 3.2314e+02	 7.6008e+03	-8.6748e+01	 1.0387e+04	 5.9015e+02	-1.7600e+01
 1.0000e+02	 7.5981e+03	 5.9532e+00	 7.8730e-02	 3.2315e+02	 7.6080e+03	-8.9242e+01	 2.2857e+08	 3.0228e+06	-7.5616e+01
 1.5000e+02	 7.5981e+03	 5.9354e+00	 9.2270e-02	 3.2315e+02	 7.6104e+03	-8.9109e+01	 1.3002e+08	 2.0213e+06	-6.4327e+01
 2.2500e+02	 7.5981e+03	 5.9162e+00	 1.1040e-01	 3.2315e+02	 7.6132e+03	-8.8931e+01	 7.2449e+07	 1.3519e+06	-5.3590e+01
 3.3750e+02	 7.5981e+03	 5.8929e+00	 1.3307e-01	 3.2315e+02	 7.6156e+03	-8.8706e+01	 4.0068e+07	 9.0482e+05	-4.4283e+01
 5.0625e+02	 7.5981e+03	 5.8648e+00	 1.6190e-01	 3.2315e+02	 7.6181e+03	-8.8419e+01	 2.1956e+07	 6.0611e+05	-3.6225e+01
 7.5938e+02	 7.5981e+03	 5.8308e+00	 1.9857e-01	 3.2315e+02	 7.6207e+03	-8.8050e+01	 1.1935e+07	 4.0643e+05	-2.9365e+01
 1.1391e+03	 7.5981e+03	 5.7888e+00	 2.4574e-01	 3.2315e+02	 7.6231e+03	-8.7569e+01	 6.4291e+06	 2.7292e+05	-2.3557e+01
 1.7086e+03	 7.5981e+03	 5.7358e+00	 3.0613e-01	 3.2316e+02	 7.6259e+03	-8.6945e+01	 3.4406e+06	 1.8363e+05	-1.8737e+01
 2.5629e+03	 7.5981e+03	 5.6669e+00	 3.8238e-01	 3.2316e+02	 7.6285e+03	-8.6140e+01	 1.8363e+06	 1.2391e+05	-1.4820e+01
 3.8443e+03	 7.5981e+03	 5.5743e+00	 4.7668e-01	 3.2316e+02	 7.6310e+03	-8.5112e+01	 9.8203e+05	 8.3977e+04	-1.1694e+01
 5.7665e+03	 7.5981e+03	 5.4472e+00	 5.8731e-01	 3.2315e+02	 7.6337e+03	-8.3846e+01	 5.3136e+05	 5.7291e+04	-9.2748e+00
 8.6498e+03	 7.5981e+03	 5.2732e+00	 7.0531e-01	 3.2315e+02	 7.6365e+03	-8.2382e+01	 2.9498e+05	 3.9454e+04	-7.4764e+00
 1.2975e+04	 7.5981e+03	 5.0444e+00	 8.0985e-01	 3.2316e+02	 7.6389e+03	-8.0879e+01	 1.7127e+05	 2.7496e+04	-6.2288e+00
 1.9462e+04	 7.5981e+03	 4.7681e+00	 8.7165e-01	 3.2315e+02	 7.6417e+03	-7.9640e+01	 1.0608e+05	 1.9393e+04	-5.4702e+00
 2.9193e+04	 7.5981e+03	 4.4839e+00	 8.6958e-01	 3.2316e+02	 7.6442e+03	-7.9025e+01	 7.0889e+04	 1.3748e+04	-5.1564e+00
 4.3789e+04	 7.5981e+03	 4.2146e+00	 8.0504e-01	 3.2316e+02	 7.6467e+03	-7.9186e+01	 5.1048e+04	 9.7509e+03	-5.2352e+00
 6.5684e+04	 7.5981e+03	 3.9934e+00	 7.0526e-01	 3.2316e+02	 7.6494e+03	-7.9984e+01	 3.8847e+04	 6.8607e+03	-5.6622e+00
 9.8526e+04	 7.5981e+03	 3.8240e+00	 5.9888e-01	 3.2316e+02	 7.6518e+03	-8.1099e+01	 3.0498e+04	 4.7764e+03	-6.3852e+00
 1.4779e+05	 7.5981e+03	 3.6861e+00	 5.0422e-01	 3.2316e+02	 7.6545e+03	-8.2211e+01	 2.4149e+04	 3.3034e+03	-7.3106e+00
 2.2168e+05	 7.5981e+03	 3.5852e+00	 4.2927e-01	 3.2316e+02	 7.6571e+03	-8.3172e+01	 1.8911e+04	 2.2643e+03	-8.3518e+00
 3.3253e+05	 7.5981e+03	 3.5008e+00	 3.7229e-01	 3.2315e+02	 7.6598e+03	-8.3930e+01	 1.4537e+04	 1.5459e+03	-9.4034e+00
 4.9879e+05	 7.5981e+03	 3.4263e+00	 3.2977e-01	 3.2316e+02	 7.6624e+03	-8.4502e+01	 1.0940e+04	 1.0530e+03	-1.0390e+01
 7.4818e+05	 7.5981e+03	 3.4121e+00	 2.0931e-01	 3.2316e+02	 7.6703e+03	-8.6490e+01	 1.1491e+04	 7.0492e+02	-1.6301e+01
 9.0000e+05	 7.5981e+03	 3.3874e+00	 1.9099e-01	 3.2316e+02	 7.6779e+03	-8.6773e+01	 1.0469e+04	 5.9028e+02	-1.7736e+01
 1.0000e+02	 7.6752e+03	 5.9527e+00	 7.8789e-02	 3.2315e+02	 7.6845e+03	-8.9242e+01	 2.2840e+08	 3.0231e+06	-7.5552e+01
 1.5000e+02	 7.6752e+03	 5.9351e+00	 9.2624e-02	 3.2314e+02	 7.6870e+03	-8.9106e+01	 1.2952e+08	 2.0214e+06	-6.4077e+01
 2.2500e+02	 7.6752e+03	 5.9157e+00	 1.1067e-01	 3.2314e+02	 7.6896e+03	-8.8928e+01	 7.2270e+07	 1.3520e+06	-5.3454e+01
 3.3750e+02	 7.6752e+03	 5.8922e+00	 1.3341e-01	 3.2315e+02	 7.6921e+03	-8.8703e+01	 3.9967e+07	 9.0493e+05	-4.4166e+01
 5.0625e+02	 7.6752e+03	 5.8640e+00	 1.6196e-01	 3.2315e+02	 7.6949e+03	-8.8418e+01	 2.1948e+07	 6.0619e+05	-3.6207e+01
 7.5938e+02	 7.6752e+03	 5.8298e+00	 1.9918e-01	 3.2314e+02	 7.6974e+03	-8.8043e+01	 1.1898e+07	 4.0650e+05	-2.9270e+01
 1.1391e+03	 7.6752e+03	 5.7880e+00	 2.4623e-01	 3.2314e+02	 7.7002e+03	-8.7564e+01	 6.4162e+06	 2.7296e+05	-2.3506e+01
 1.7086e+03	 7.6752e+03	 5.7348e+00	 3.0675e-01	 3.2314e+02	 7.7028e+03	-8.6938e+01	 3.4336e+06	 1.8366e+05	-1.8695e+01
 2.5629e+03	 7.6752e+03	 5.6656e+00	 3.8296e-01	 3.2314e+02	 7.7056e+03	-8.6133e+01	 1.8335e+06	 1.2393e+05	-1.4794e+01
 3.8443e+03	 7.6752e+03	 5.5727e+00	 4.7720e-01	 3.2314e+02	 7.7081e+03	-8.5106e+01	 9.8095e+05	 8.4000e+04	-1.1678e+01
 5.7665e+03	 7.6752e+03	 5.4454e+00	 5.8792e-01	 3.2315e+02	 7.7106e+03	-8.3838e+01	 5.3081e+05	 5.7309e+04	-9.2622e+00
 8.6498e+03	 7.6752e+03	 5.2711e+00	 7.0566e-01	 3.2315e+02	 7.7132e+03	-8.2375e+01	 2.9483e+05	 3.9469e+04	-7.4698e+00
 1.2975e+04	 7.6752e+03	 5.0422e+00	 8.0984e-01	 3.2315e+02	 7.7156e+03	-8.0875e+01	 1.7127e+05	 2.7508e+04	-6.2261e+00
 1.9462e+04	 7.6752e+03	 4.7660e+00	 8.7127e-01	 3.2315e+02	 7.7184e+03	-7.9640e+01	 1.0613e+05	 1.9401e+04	-5.4702e+00
 2.9193e+04	 7.6752e+03	 4.4821e+00	 8.6898e-01	 3.2314e+02	 7.7209e+03	-7.9028e+01	 7.0938e+04	 1.3753e+04	-5.1579e+00
 4.3789e+04	 7.6752e+03	 4.2133e+00	 8.0427e-01	 3.2315e+02	 7.7233e+03	-7.9193e+01	 5.1097e+04	 9.7540e+03	-5.2386e+00
 6.5684e+04	 7.6752e+03	 3.9922e+00	 7.0467e-01	 3.2314e+02	 7.7259e+03	-7.9990e+01	 3.8880e+04	 6.8628e+03	-5.6653e+00
 9.8526e+04	 7.6752e+03	 3.8230e+00	 5.9857e-01	 3.2315e+02	 7.7284e+03	-8.1101e+01	 3.0514e+04	 4.7777e+03	-6.3868e+00
 1.4779e+05	 7.6752e+03	 3.6853e+00	 5.0397e-01	 3.2315e+02	 7.7312e+03	-8.2213e+01	 2.4162e+04	 3.3041e+03	-7.3126e+00
 2.2168e+05	 7.6752e+03	 3.5844e+00	 4.2916e-01	 3.2315e+02	 7.7338e+03	-8.3173e+01	 1.8916e+04	 2.2647e+03	-8.3523e+00
 3.3253e+05	 7.6752e+03	 3.5001e+00	 3.7224e-01	 3.2315e+02	 7.7362e+03	-8.3929e+01	 1.4539e+04	 1.5462e+03	-9.4029e+00
 4.9879e+05	 7.6752e+03	 3.4256e+00	 3.2978e-01	 3.2315e+02	 7.7388e+03	-8.4501e+01	 1.0940e+04	 1.0532e+03	-1.0387e+01
 7.4818e+05	 7.6752e+03	 3.4110e+00	 2.1238e-01	 3.2316e+02	 7.7463e+03	-8.6437e+01	 1.1325e+04	 7.0514e+02	-1.6061e+01
 9.0000e+05	 7.6752e+03	 3.3868e+00	 1.9070e-01	 3.2315e+02	 7.7541e+03	-8.6777e+01	 1.0485e+04	 5.9039e+02	-1.7760e+01
 1.0000e+02	 7.7514e+03	 5.9522e+00	 7.9149e-02	 3.2315e+02	 7.7612e+03	-8.9238e+01	 2.2737e+08	 3.0234e+06	-7.5203e+01
 1.5000e+02	 7.7514e+03	 5.9360e+00	 9.3105e-02	 3.2316e+02	 7.7636e+03	-8.9101e+01	 1.2886e+08	 2.0211e+06	-6.3756e+01
 2.2500e+02	 7.7514e+03	 5.9152e+00	 1.1082e-01	 3.2315e+02	 7.7664e+03	-8.8927e+01	 7.2173e+07	 1.3521e+06	-5.3377e+01
 3.3750e+02	 7.7514e+03	 5.8917e+00	 1.3373e-01	 3.2315e+02	 7.7689e+03	-8.8700e+01	 3.9872e+07	 9.0501e+05	-4.4058e+01
 5.0625e+02	 7.7514e+03	 5.8636e+00	 1.6239e-01	 3.2315e+02	 7.7716e+03	-8.8414e+01	 2.1890e+07	 6.0623e+05	-3.6109e+01
 7.5938e+02	 7.7514e+03	 5.8293e+00	 1.9932e-01	 3.2315e+02	 7.7743e+03	-8.8042e+01	 1.1889e+07	 4.0653e+05	-2.9246e+01
 1.1391e+03	 7.7514e+03	 5.7871e+00	 2.4645e-01	 3.2315e+02	 7.7771e+03	-8.7562e+01	 6.4106e+06	 2.7300e+05	-2.3482e+01
 1.7086e+03	 7.7514e+03	 5.7339e+00	 3.0680e-01	 3.2315e+02	 7.7797e+03	-8.6937e+01	 3.4330e+06	 1.8369e+05	-1.8690e+01
 2.5629e+03	 7.7514e+03	 5.6646e+00	 3.8308e-01	 3.2315e+02	 7.7824e+03	-8.6131e+01	 1.8329e+06	 1.2396e+05	-1.4787e+01
 3.8443e+03	 7.7514e+03	 5.5716e+00	 4.7735e-01	 3.2315e+02	 7.7849e+03	-8.5103e+01	 9.8064e+05	 8.4017e+04	-1.1672e+01
 5.7665e+03	 7.7514e+03	 5.4443e+00	 5.8797e-01	 3.2315e+02	 7.7877e+03	-8.3836e+01	 5.3076e+05	 5.7321e+04	-9.2595e+00
 8.6498e+03	 7.7514e+03	 5.2699e+00	 7.0555e-01	 3.2315e+02	 7.7903e+03	-8.2374e+01	 2.9487e+05	 3.9479e+04	-7.4691e+00
 1.2975e+04	 7.7514e+03	 5.0410e+00	 8.0965e-01	 3.2315e+02	 7.7930e+03	-8.0876e+01	 1.7131e+05	 2.7514e+04	-6.2262e+00
 1.9462e+04	 7.7514e+03	 4.7648e+00	 8.7085e-01	 3.2315e+02	 7.7957e+03	-7.9643e+01	 1.0618e+05	 1.9406e+04	-5.4715e+00
 2.9193e+04	 7.7514e+03	 4.4812e+00	 8.6853e-01	 3.2314e+02	 7.7984e+03	-7.9031e+01	 7.0975e+04	 1.3756e+04	-5.1595e+00
 4.3789e+04	 7.7514e+03	 4.2123e+00	 8.0404e-01	 3.2315e+02	 7.8009e+03	-7.9193e+01	 5.1112e+04	 9.7561e+03	-5.2390e+00
 6.5684e+04	 7.7514e+03	 3.9914e+00	 7.0438e-01	 3.2316e+02	 7.8033e+03	-7.9992e+01	 3.8895e+04	 6.8641e+03	-5.6665e+00
 9.8526e+04	 7.7514e+03	 3.8224e+00	 5.9835e-01	 3.2315e+02	 7.8059e+03	-8.1103e+01	 3.0526e+04	 4.7784e+03	-6.3883e+00
 1.4779e+05	 7.7514e+03	 3.6847e+00	 5.0378e-01	 3.2315e+02	 7.8085e+03	-8.2215e+01	 2.4171e+04	 3.3047e+03	-7.3141e+00
 2.2168e+05	 7.7514e+03	 3.5837e+00	 4.2902e-01	 3.2315e+02	 7.8112e+03	-8.3173e+01	 1.8922e+04	 2.2652e+03	-8.3532e+00
 3.3253e+05	 7.7514e+03	 3.4993e+00	 3.7220e-01	 3.2315e+02	 7.8137e+03	-8.3929e+01	 1.4540e+04	 1.5465e+03	-9.4017e+00
 4.9879e+05	 7.7514e+03	 3.4248e+00	 3.2977e-01	 3.2315e+02	 7.8165e+03	-8.4500e+01	 1.0941e+04	 1.0535e+03	-1.0386e+01
 7.4818e+05	 7.7514e+03	 3.4105e+00	 2.1010e-01	 3.2315e+02	 7.8242e+03	-8.6475e+01	 1.1448e+04	 7.0526e+02	-1.6232e+01
 9.0000e+05	 7.7514e+03	 3.3862e+00	 1.8998e-01	 3.2315e+02	 7.8318e+03	-8.6789e+01	 1.0525e+04	 5.9049e+02	-1.7824e+01
 1.0000e+02	 7.8291e+03	 5.9519e+00	 7.9487e-02	 3.2315e+02	 7.8385e+03	-8.9235e+01	 2.2640e+08	 3.0235e+06	-7.4880e+01
 1.5000e+02	 7.8291e+03	 5.9337e+00	 9.3969e-02	 3.2315e+02	 7.8411e+03	-8.9093e+01	 1.2767e+08	 2.0219e+06	-6.3146e+01
 2.2500e+02	 7.8291e+03	 5.9148e+00	 1.1106e-01	 3.2315e+02	 7.8435e+03	-8.8924e+01	 7.2019e+07	 1.3522e+06	-5.3259e+01
 3.3750e+02	 7.8291e+03	 5.8911e+00	 1.3382e-01	 3.2315e+02	 7.8459e+03	-8.8699e+01	 3.9845e+07	 9.0510e+05	-4.4023e+01
 5.0625e+02	 7.8291e+03	 5.8627e+00	 1.6275e-01	 3.2315e+02	 7.8486e+03	-8.8410e+01	 2.1842e+07	 6.0632e+05	-3.6023e+01
 7.5938e+02	 7.8291e+03	 5.8287e+00	 1.9967e-01	 3.2316e+02	 7.8512e+03	-8.8038e+01	 1.1869e+07	 4.0658e+05	-2.9192e+01
 1.1391e+03	 7.8291e+03	 5.7864e+00	 2.4683e-01	 3.2316e+02	 7.8539e+03	-8.7557e+01	 6.4007e+06	 2.7303e+05	-2.3443e+01
 1.7086e+03	 7.8291e+03	 5.7328e+00	 3.0705e-01	 3.2315e+02	 7.8564e+03	-8.6934e+01	 3.4302e+06	 1.8372e+05	-1.8670e+01
 2.5629e+03	 7.8291e+03	 5.6636e+00	 3.8353e-01	 3.2315e+02	 7.8590e+03	-8.6126e+01	 1.8308e+06	 1.2398e+05	-1.4767e+01
 3.8443e+03	 7.8291e+03	 5.5705e+00	 4.7771e-01	 3.2315e+02	 7.8614e+03	-8.5099e+01	 9.7991e+05	 8.4033e+04	-1.1661e+01
 5.7665e+03	 7.8291e+03	 5.4429e+00	 5.8817e-01	 3.2315e+02	 7.8639e+03	-8.3833e+01	 5.3059e+05	 5.7336e+04	-9.2541e+00
 8.6498e+03	 7.8291e+03	 5.2684e+00	 7.0559e-01	 3.2315e+02	 7.8666e+03	-8.2372e+01	 2.9486e+05	 3.9490e+04	-7.4666e+00
 1.2975e+04	 7.8291e+03	 5.0395e+00	 8.0945e-01	 3.2315e+02	 7.8691e+03	-8.0875e+01	 1.7135e+05	 2.7522e+04	-6.2259e+00
 1.9462e+04	 7.8291e+03	 4.7635e+00	 8.7040e-01	 3.2315e+02	 7.8719e+03	-7.9645e+01	 1.0623e+05	 1.9411e+04	-5.4728e+00
 2.9193e+04	 7.8291e+03	 4.4801e+00	 8.6812e-01	 3.2315e+02	 7.8744e+03	-7.9034e+01	 7.1009e+04	 1.3759e+04	-5.1607e+00
 4.3789e+04	 7.8291e+03	 4.2113e+00	 8.0353e-01	 3.2315e+02	 7.8768e+03	-7.9198e+01	 5.1144e+04	 9.7585e+03	-5.2410e+00
 6.5684e+04	 7.8291e+03	 3.9904e+00	 7.0397e-01	 3.2314e+02	 7.8793e+03	-7.9995e+01	 3.8918e+04	 6.8658e+03	-5.6684e+00
 9.8526e+04	 7.8291e+03	 3.8218e+00	 5.9794e-01	 3.2314e+02	 7.8818e+03	-8.1108e+01	 3.0546e+04	 4.7792e+03	-6.3916e+00
 1.4779e+05	 7.8291e+03	 3.6840e+00	 5.0362e-01	 3.2315e+02	 7.8845e+03	-8.2216e+01	 2.4178e+04	 3.3053e+03	-7.3150e+00
 2.2168e+05	 7.8291e+03	 3.5832e+00	 4.2894e-01	 3.2315e+02	 7.8871e+03	-8.3174e+01	 1.8925e+04	 2.2655e+03	-8.3536e+00
 3.3253e+05	 7.8291e+03	 3.4987e+00	 3.7213e-01	 3.2315e+02	 7.8896e+03	-8.3929e+01	 1.4543e+04	 1.5468e+03	-9.4017e+00
 4.9879e+05	 7.8291e+03	 3.4241e+00	 3.2973e-01	 3.2314e+02	 7.8923e+03	-8.4500e+01	 1.0942e+04	 1.0537e+03	-1.0385e+01
 7.4818e+05	 7.8291e+03	 3.4098e+00	 2.0965e-01	 3.2314e+02	 7.9000e+03	-8.6482e+01	 1.1473e+04	 7.0539e+02	-1.6265e+01
 9.0000e+05	 7.8291e+03	 3.3855e+00	 1.8709e-01	 3.2315e+02	 7.9081e+03	-8.6837e+01	 1.0688e+04	 5.9061e+02	-1.8096e+01
 1.0000e+02	 7.9054e+03	 5.9515e+00	 7.9440e-02	 3.2315e+02	 7.9146e+03	-8.9235e+01	 2.2653e+08	 3.0237e+06	-7.4918e+01
 1.5000e+02	 7.9054e+03	 5.9329e+00	 9.3748e-02	 3.2315e+02	 7.9174e+03	-8.9095e+01	 1.2797e+08	 2.0221e+06	-6.3285e+01
 2.2500e+02	 7.9054e+03	 5.9140e+00	 1.1130e-01	 3.2312e+02	 7.9199e+03	-8.8922e+01	 7.1860e+07	 1.3524e+06	-5.3135e+01
 3.3750e+02	 7.9054e+03	 5.8905e+00	 1.3405e-01	 3.2315e+02	 7.9223e+03	-8.8696e+01	 3.9777e+07	 9.0520e+05	-4.3942e+01
 5.0625e+02	 7.9054e+03	 5.8621e+00	 1.6295e-01	 3.2316e+02	 7.9250e+03	-8.8408e+01	 2.1815e+07	 6.0639e+05	-3.5976e+01
 7.5938e+02	 7.9054e+03	 5.8278e+00	 1.9989e-01	 3.2315e+02	 7.9276e+03	-8.8036e+01	 1.1855e+07	 4.0664e+05	-2.9155e+01
 1.1391e+03	 7.9054e+03	 5.7854e+00	 2.4685e-01	 3.2315e+02	 7.9302e+03	-8.7557e+01	 6.4002e+06	 2.7308e+05	-2.3437e+01
 1.7086e+03	 7.9054e+03	 5.7321e+00	 3.0764e-01	 3.2315e+02	 7.9329e+03	-8.6928e+01	 3.4237e+06	 1.8375e+05	-1.8632e+01
 2.5629e+03	 7.9054e+03	 5.6625e+00	 3.8378e-01	 3.2315e+02	 7.9356e+03	-8.6123e+01	 1.8296e+06	 1.2400e+05	-1.4754e+01
 3.8443e+03	 7.9054e+03	 5.5691e+00	 4.7784e-01	 3.2315e+02	 7.9381e+03	-8.5096e+01	 9.7964e+05	 8.4055e+04	-1.1655e+01
 5.7665e+03	 7.9054e+03	 5.4416e+00	 5.8835e-01	 3.2315e+02	 7.9406e+03	-8.3829e+01	 5.3042e+05	 5.7350e+04	-9.2489e+00
 8.6498e+03	 7.9054e+03	 5.2671e+00	 7.0561e-01	 3.2316e+02	 7.9432e+03	-8.2370e+01	 2.9485e+05	 3.9500e+04	-7.4646e+00
 1.2975e+04	 7.9054e+03	 5.0383e+00	 8.0932e-01	 3.2316e+02	 7.9457e+03	-8.0874e+01	 1.7138e+05	 2.7529e+04	-6.2254e+00
 1.9462e+04	 7.9054e+03	 4.7623e+00	 8.7002e-01	 3.2316e+02	 7.9485e+03	-7.9647e+01	 1.0628e+05	 1.9416e+04	-5.4738e+00
 2.9193e+04	 7.9054e+03	 4.4793e+00	 8.6766e-01	 3.2315e+02	 7.9509e+03	-7.9037e+01	 7.1046e+04	 1.3762e+04	-5.1624e+00
 4.3789e+04	 7.9054e+03	 4.2107e+00	 8.0311e-01	 3.2316e+02	 7.9534e+03	-7.9202e+01	 5.1171e+04	 9.7599e+03	-5.2430e+00
 6.5684e+04	 7.9054e+03	 3.9899e+00	 7.0365e-01	 3.2315e+02	 7.9561e+03	-7.9998e+01	 3.8936e+04	 6.8667e+03	-5.6703e+00
 9.8526e+04	 7.9054e+03	 3.8213e+00	 5.9784e-01	 3.2315e+02	 7.9585e+03	-8.1108e+01	 3.0551e+04	 4.7798e+03	-6.3918e+00
 1.4779e+05	 7.9054e+03	 3.6835e+00	 5.0354e-01	 3.2315e+02	 7.9612e+03	-8.2216e+01	 2.4182e+04	 3.3058e+03	-7.3152e+00
 2.2168e+05	 7.9054e+03	 3.5826e+00	 4.2899e-01	 3.2315e+02	 7.9639e+03	-8.3172e+01	 1.8923e+04	 2.2659e+03	-8.3514e+00
 3.3253e+05	 7.9054e+03	 3.4981e+00	 3.7203e-01	 3.2316e+02	 7.9666e+03	-8.3929e+01	 1.4547e+04	 1.5471e+03	-9.4028e+00
 4.9879e+05	 7.9054e+03	 3.4235e+00	 3.2976e-01	 3.2316e+02	 7.9693e+03	-8.4498e+01	 1.0941e+04	 1.0539e+03	-1.0382e+01
 7.4818e+05	 7.9054e+03	 3.4091e+00	 2.1043e-01	 3.2315e+02	 7.9774e+03	-8.6468e+01	 1.1430e+04	 7.0553e+02	-1.6201e+01
 9.0000e+05	 7.9054e+03	 3.3849e+00	 1.8791e-01	 3.2315e+02	 7.9852e+03	-8.6823e+01	 1.0641e+04	 5.9071e+02	-1.8013e+01
 1.0000e+02	 7.9825e+03	 5.9512e+00	 7.9432e-02	 3.2315e+02	 7.9921e+03	-8.9235e+01	 2.2655e+08	 3.0239e+06	-7.4922e+01
 1.5000e+02	 7.9825e+03	 5.9324e+00	 9.2477e-02	 3.2315e+02	 7.9946e+03	-8.9107e+01	 1.2973e+08	 2.0223e+06	-6.4150e+01
 2.2500e+02	 7.9825e+03	 5.9136e+00	 1.1137e-01	 3.2315e+02	 7.9974e+03	-8.8921e+01	 7.1815e+07	 1.3525e+06	-5.3099e+01
 3.3750e+02	 7.9825e+03	 5.8898e+00	 1.3422e-01	 3.2316e+02	 7.9999e+03	-8.8695e+01	 3.9727e+07	 9.0531e+05	-4.3883e+01
 5.0625e+02	 7.9825e+03	 5.8615e+00	 1.6314e-01	 3.2315e+02	 8.0023e+03	-8.8406e+01	 2.1790e+07	 6.0645e+05	-3.5930e+01
 7.5938e+02	 7.9825e+03	 5.8269e+00	 2.0044e-01	 3.2315e+02	 8.0049e+03	-8.8030e+01	 1.1823e+07	 4.0670e+05	-2.9071e+01
 1.1391e+03	 7.9825e+03	 5.7845e+00	 2.4760e-01	 3.2315e+02	 8.0075e+03	-8.7549e+01	 6.3808e+06	 2.7312e+05	-2.3362e+01
 1.7086e+03	 7.9825e+03	 5.7308e+00	 3.0814e-01	 3.2315e+02	 8.0101e+03	-8.6922e+01	 3.4180e+06	 1.8379e+05	-1.8598e+01
 2.5629e+03	 7.9825e+03	 5.6613e+00	 3.8435e-01	 3.2315e+02	 8.0127e+03	-8.6116e+01	 1.8269e+06	 1.2403e+05	-1.4730e+01
 3.8443e+03	 7.9825e+03	 5.5678e+00	 4.7849e-01	 3.2315e+02	 8.0154e+03	-8.5088e+01	 9.7830e+05	 8.4075e+04	-1.1636e+01
 5.7665e+03	 7.9825e+03	 5.4399e+00	 5.8883e-01	 3.2315e+02	 8.0179e+03	-8.3822e+01	 5.2999e+05	 5.7367e+04	-9.2384e+00
 8.6498e+03	 7.9825e+03	 5.2651e+00	 7.0581e-01	 3.2315e+02	 8.0207e+03	-8.2365e+01	 2.9476e+05	 3.9515e+04	-7.4597e+00
 1.2975e+04	 7.9825e+03	 5.0361e+00	 8.0914e-01	 3.2315e+02	 8.0233e+03	-8.0872e+01	 1.7141e+05	 2.7541e+04	-6.2240e+00
 1.9462e+04	 7.9825e+03	 4.7604e+00	 8.6975e-01	 3.2314e+02	 8.0260e+03	-7.9646e+01	 1.0631e+05	 1.9424e+04	-5.4732e+00
 2.9193e+04	 7.9825e+03	 4.4774e+00	 8.6697e-01	 3.2315e+02	 8.0285e+03	-7.9041e+01	 7.1103e+04	 1.3768e+04	-5.1645e+00
 4.3789e+04	 7.9825e+03	 4.2093e+00	 8.0265e-01	 3.2315e+02	 8.0309e+03	-7.9204e+01	 5.1200e+04	 9.7632e+03	-5.2442e+00
 6.5684e+04	 7.9825e+03	 3.9889e+00	 7.0315e-01	 3.2314e+02	 8.0337e+03	-8.0003e+01	 3.8964e+04	 6.8684e+03	-5.6729e+00
 9.8526e+04	 7.9825e+03	 3.8202e+00	 5.9730e-01	 3.2315e+02	 8.0361e+03	-8.1114e+01	 3.0579e+04	 4.7811e+03	-6.3958e+00
 1.4779e+05	 7.9825e+03	 3.6826e+00	 5.0319e-01	 3.2314e+02	 8.0389e+03	-8.2219e+01	 2.4199e+04	 3.3065e+03	-7.3186e+00
 2.2168e+05	 7.9825e+03	 3.5819e+00	 4.2873e-01	 3.2315e+02	 8.0415e+03	-8.3175e+01	 1.8934e+04	 2.2663e+03	-8.3546e+00
 3.3253e+05	 7.9825e+03	 3.4973e+00	 3.7202e-01	 3.2314e+02	 8.0442e+03	-8.3928e+01	 1.4547e+04	 1.5474e+03	-9.4008e+00
 4.9879e+05	 7.9825e+03	 3.4226e+00	 3.2971e-01	 3.2315e+02	 8.0468e+03	-8.4498e+01	 1.0943e+04	 1.0541e+03	-1.0381e+01
 7.4818e+05	 7.9825e+03	 3.4084e+00	 2.1009e-01	 3.2314e+02	 8.0544e+03	-8.6473e+01	 1.1448e+04	 7.0568e+02	-1.6223e+01
 9.0000e+05	 7.9825e+03	 3.3842e+00	 1.8726e-01	 3.2315e+02	 8.0621e+03	-8.6833e+01	 1.0678e+04	 5.9084e+02	-1.8072e+01
 1.0000e+02	 8.0597e+03	 5.9504e+00	 7.9646e-02	 3.2315e+02	 8.0692e+03	-8.9233e+01	 2.2595e+08	 3.0243e+06	-7.4711e+01
 1.5000e+02	 8.0597e+03	 5.9318e+00	 9.2226e-02	 3.2315e+02	 8.0719e+03	-8.9109e+01	 1.3008e+08	 2.0225e+06	-6.4318e+01
 2.2500e+02	 8.0597e+03	 5.9130e+00	 1.1175e-01	 3.2315e+02	 8.0744e+03	-8.8917e+01	 7.1574e+07	 1.3526e+06	-5.2915e+01
 3.3750e+02	 8.0597e+03	 5.8892e+00	 1.3449e-01	 3.2315e+02	 8.0768e+03	-8.8692e+01	 3.9645e+07	 9.0539e+05	-4.3788e+01
 5.0625e+02	 8.0597e+03	 5.8609e+00	 1.6364e-01	 3.2314e+02	 8.0796e+03	-8.8401e+01	 2.1722e+07	 6.0652e+05	-3.5815e+01
 7.5938e+02	 8.0597e+03	 5.8262e+00	 2.0061e-01	 3.2315e+02	 8.0821e+03	-8.8028e+01	 1.1813e+07	 4.0675e+05	-2.9042e+01
 1.1391e+03	 8.0597e+03	 5.7836e+00	 2.4787e-01	 3.2314e+02	 8.0849e+03	-8.7546e+01	 6.3737e+06	 2.7316e+05	-2.3333e+01
 1.7086e+03	 8.0597e+03	 5.7298e+00	 3.0843e-01	 3.2314e+02	 8.0874e+03	-8.6919e+01	 3.4149e+06	 1.8382e+05	-1.8577e+01
 2.5629e+03	 8.0597e+03	 5.6601e+00	 3.8486e-01	 3.2315e+02	 8.0902e+03	-8.6110e+01	 1.8245e+06	 1.2405e+05	-1.4707e+01
 3.8443e+03	 8.0597e+03	 5.5667e+00	 4.7900e-01	 3.2315e+02	 8.0926e+03	-8.5082e+01	 9.7726e+05	 8.4092e+04	-1.1621e+01
 5.7665e+03	 8.0597e+03	 5.4386e+00	 5.8906e-01	 3.2315e+02	 8.0954e+03	-8.3818e+01	 5.2978e+05	 5.7381e+04	-9.2326e+00
 8.6498e+03	 8.0597e+03	 5.2636e+00	 7.0595e-01	 3.2315e+02	 8.0980e+03	-8.2361e+01	 2.9471e+05	 3.9526e+04	-7.4561e+00
 1.2975e+04	 8.0597e+03	 5.0348e+00	 8.0899e-01	 3.2315e+02	 8.1007e+03	-8.0872e+01	 1.7145e+05	 2.7548e+04	-6.2236e+00
 1.9462e+04	 8.0597e+03	 4.7591e+00	 8.6932e-01	 3.2314e+02	 8.1033e+03	-7.9648e+01	 1.0637e+05	 1.9429e+04	-5.4745e+00
 2.9193e+04	 8.0597e+03	 4.4763e+00	 8.6652e-01	 3.2315e+02	 8.1061e+03	-7.9044e+01	 7.1140e+04	 1.3771e+04	-5.1658e+00
 4.3789e+04	 8.0597e+03	 4.2085e+00	 8.0203e-01	 3.2314e+02	 8.1086e+03	-7.9210e+01	 5.1240e+04	 9.7650e+03	-5.2473e+00
 6.5684e+04	 8.0597e+03	 3.9879e+00	 7.0278e-01	 3.2315e+02	 8.1110e+03	-8.0005e+01	 3.8984e+04	 6.8702e+03	-5.6744e+00
 9.8526e+04	 8.0597e+03	 3.8196e+00	 5.9717e-01	 3.2315e+02	 8.1137e+03	-8.1114e+01	 3.0586e+04	 4.7819e+03	-6.3961e+00
 1.4779e+05	 8.0597e+03	 3.6820e+00	 5.0306e-01	 3.2314e+02	 8.1162e+03	-8.2220e+01	 2.4205e+04	 3.3071e+03	-7.3192e+00
 2.2168e+05	 8.0597e+03	 3.5811e+00	 4.2860e-01	 3.2314e+02	 8.1190e+03	-8.3175e+01	 1.8940e+04	 2.2669e+03	-8.3552e+00
 3.3253e+05	 8.0597e+03	 3.4965e+00	 3.7195e-01	 3.2314e+02	 8.1215e+03	-8.3928e+01	 1.4550e+04	 1.5478e+03	-9.4006e+00
 4.9879e+05	 8.0597e+03	 3.4220e+00	 3.2962e-01	 3.2314e+02	 8.1242e+03	-8.4498e+01	 1.0946e+04	 1.0543e+03	-1.0382e+01
 7.4818e+05	 8.0597e+03	 3.4077e+00	 2.1055e-01	 3.2314e+02	 8.1319e+03	-8.6464e+01	 1.1424e+04	 7.0583e+02	-1.6185e+01
 9.0000e+05	 8.0597e+03	 3.3834e+00	 1.8895e-01	 3.2315e+02	 8.1395e+03	-8.6804e+01	 1.0582e+04	 5.9097e+02	-1.7907e+01
 1.0000e+02	 8.1368e+03	 5.9501e+00	 7.9592e-02	 3.2315e+02	 8.1461e+03	-8.9234e+01	 2.2610e+08	 3.0245e+06	-7.4757e+01
 1.5000e+02	 8.1368e+03	 5.9328e+00	 9.2790e-02	 3.2316e+02	 8.1489e+03	-8.9104e+01	 1.2929e+08	 2.0222e+06	-6.3939e+01
 2.2500e+02	 8.1368e+03	 5.9127e+00	 1.1209e-01	 3.2316e+02	 8.1513e+03	-8.8914e+01	 7.1357e+07	 1.3527e+06	-5.2752e+01
 3.3750e+02	 8.1368e+03	 5.8887e+00	 1.3469e-01	 3.2316e+02	 8.1541e+03	-8.8690e+01	 3.9587e+07	 9.0547e+05	-4.3720e+01
 5.0625e+02	 8.1368e+03	 5.8602e+00	 1.6388e-01	 3.2316e+02	 8.1566e+03	-8.8398e+01	 2.1690e+07	 6.0659e+05	-3.5758e+01
 7.5938e+02	 8.1368e+03	 5.8256e+00	 2.0087e-01	 3.2315e+02	 8.1592e+03	-8.8025e+01	 1.1797e+07	 4.0679e+05	-2.9001e+01
 1.1391e+03	 8.1368e+03	 5.7829e+00	 2.4817e-01	 3.2315e+02	 8.1617e+03	-8.7543e+01	 6.3661e+06	 2.7320e+05	-2.3302e+01
 1.7086e+03	 8.1368e+03	 5.7290e+00	 3.0873e-01	 3.2316e+02	 8.1642e+03	-8.6915e+01	 3.4115e+06	 1.8384e+05	-1.8556e+01
 2.5629e+03	 8.1368e+03	 5.6593e+00	 3.8493e-01	 3.2316e+02	 8.1669e+03	-8.6109e+01	 1.8241e+06	 1.2407e+05	-1.4702e+01
 3.8443e+03	 8.1368e+03	 5.5657e+00	 4.7898e-01	 3.2316e+02	 8.1693e+03	-8.5081e+01	 9.7731e+05	 8.4107e+04	-1.1620e+01
 5.7665e+03	 8.1368e+03	 5.4376e+00	 5.8910e-01	 3.2317e+02	 8.1720e+03	-8.3817e+01	 5.2974e+05	 5.7392e+04	-9.2303e+00
 8.6498e+03	 8.1368e+03	 5.2628e+00	 7.0568e-01	 3.2316e+02	 8.1746e+03	-8.2363e+01	 2.9482e+05	 3.9532e+04	-7.4578e+00
 1.2975e+04	 8.1368e+03	 5.0339e+00	 8.0869e-01	 3.2316e+02	 8.1770e+03	-8.0873e+01	 1.7151e+05	 2.7553e+04	-6.2248e+00
 1.9462e+04	 8.1368e+03	 4.7587e+00	 8.6899e-01	 3.2316e+02	 8.1796e+03	-7.9651e+01	 1.0641e+05	 1.9431e+04	-5.4762e+00
 2.9193e+04	 8.1368e+03	 4.4760e+00	 8.6618e-01	 3.2316e+02	 8.1821e+03	-7.9048e+01	 7.1168e+04	 1.3772e+04	-5.1675e+00
 4.3789e+04	 8.1368e+03	 4.2083e+00	 8.0178e-01	 3.2316e+02	 8.1845e+03	-7.9213e+01	 5.1256e+04	 9.7654e+03	-5.2487e+00
 6.5684e+04	 8.1368e+03	 3.9880e+00	 7.0283e-01	 3.2316e+02	 8.1869e+03	-8.0005e+01	 3.8981e+04	 6.8700e+03	-5.6742e+00
 9.8526e+04	 8.1368e+03	 3.8193e+00	 5.9720e-01	 3.2316e+02	 8.1894e+03	-8.1113e+01	 3.0584e+04	 4.7823e+03	-6.3953e+00
 1.4779e+05	 8.1368e+03	 3.6816e+00	 5.0332e-01	 3.2315e+02	 8.1922e+03	-8.2215e+01	 2.4193e+04	 3.3074e+03	-7.3147e+00
 2.2168e+05	 8.1368e+03	 3.5808e+00	 4.2885e-01	 3.2316e+02	 8.1948e+03	-8.3171e+01	 1.8929e+04	 2.2670e+03	-8.3497e+00
 3.3253e+05	 8.1368e+03	 3.4963e+00	 3.7213e-01	 3.2316e+02	 8.1974e+03	-8.3925e+01	 1.4543e+04	 1.5479e+03	-9.3953e+00
 4.9879e+05	 8.1368e+03	 3.4216e+00	 3.2974e-01	 3.2316e+02	 8.2000e+03	-8.4495e+01	 1.0942e+04	 1.0544e+03	-1.0377e+01
 7.4818e+05	 8.1368e+03	 3.4072e+00	 2.1102e-01	 3.2315e+02	 8.2078e+03	-8.6456e+01	 1.1398e+04	 7.0592e+02	-1.6147e+01
 9.0000e+05	 8.1368e+03	 3.3832e+00	 1.8694e-01	 3.2316e+02	 8.2156e+03	-8.6837e+01	 1.0696e+04	 5.9102e+02	-1.8097e+01
 1.0000e+02	 8.2130e+03	 5.9500e+00	 8.0091e-02	 3.2316e+02	 8.2223e+03	-8.9229e+01	 2.2469e+08	 3.0245e+06	-7.4290e+01
 1.5000e+02	 8.2130e+03	 5.9299e+00	 9.5894e-02	 3.2316e+02	 8.2252e+03	-8.9074e+01	 1.2511e+08	 2.0232e+06	-6.1838e+01
 2.2500e+02	 8.2130e+03	 5.9122e+00	 1.1232e-01	 3.2316e+02	 8.2276e+03	-8.8912e+01	 7.1211e+07	 1.3528e+06	-5.2639e+01
 3.3750e+02	 8.2130e+03	 5.8882e+00	 1.3497e-01	 3.2316e+02	 8.2301e+03	-8.8687e+01	 3.9505e+07	 9.0555e+05	-4.3626e+01
 5.0625e+02	 8.2130e+03	 5.8594e+00	 1.6393e-01	 3.2316e+02	 8.2326e+03	-8.8397e+01	 2.1685e+07	 6.0667e+05	-3.5744e+01
 7.5938e+02	 8.2130e+03	 5.8250e+00	 2.0126e-01	 3.2316e+02	 8.2352e+03	-8.8021e+01	 1.1775e+07	 4.0684e+05	-2.8942e+01
 1.1391e+03	 8.2130e+03	 5.7823e+00	 2.4887e-01	 3.2316e+02	 8.2379e+03	-8.7536e+01	 6.3483e+06	 2.7322e+05	-2.3235e+01
 1.7086e+03	 8.2130e+03	 5.7281e+00	 3.0902e-01	 3.2315e+02	 8.2405e+03	-8.6912e+01	 3.4083e+06	 1.8387e+05	-1.8536e+01
 2.5629e+03	 8.2130e+03	 5.6580e+00	 3.8556e-01	 3.2315e+02	 8.2431e+03	-8.6102e+01	 1.8212e+06	 1.2410e+05	-1.4675e+01
 3.8443e+03	 8.2130e+03	 5.5641e+00	 4.7951e-01	 3.2315e+02	 8.2456e+03	-8.5074e+01	 9.7622e+05	 8.4130e+04	-1.1604e+01
 5.7665e+03	 8.2130e+03	 5.4359e+00	 5.8941e-01	 3.2315e+02	 8.2484e+03	-8.3812e+01	 5.2947e+05	 5.7409e+04	-9.2227e+00
 8.6498e+03	 8.2130e+03	 5.2608e+00	 7.0594e-01	 3.2315e+02	 8.2510e+03	-8.2357e+01	 2.9471e+05	 3.9547e+04	-7.4523e+00
 1.2975e+04	 8.2130e+03	 5.0319e+00	 8.0851e-01	 3.2315e+02	 8.2537e+03	-8.0872e+01	 1.7155e+05	 2.7564e+04	-6.2236e+00
 1.9462e+04	 8.2130e+03	 4.7566e+00	 8.6866e-01	 3.2315e+02	 8.2563e+03	-7.9651e+01	 1.0645e+05	 1.9439e+04	-5.4758e+00
 2.9193e+04	 8.2130e+03	 4.4742e+00	 8.6561e-01	 3.2314e+02	 8.2589e+03	-7.9050e+01	 7.1214e+04	 1.3778e+04	-5.1688e+00
 4.3789e+04	 8.2130e+03	 4.2069e+00	 8.0113e-01	 3.2315e+02	 8.2614e+03	-7.9218e+01	 5.1298e+04	 9.7688e+03	-5.2512e+00
 6.5684e+04	 8.2130e+03	 3.9868e+00	 7.0214e-01	 3.2315e+02	 8.2639e+03	-8.0012e+01	 3.9020e+04	 6.8721e+03	-5.6780e+00
 9.8526e+04	 8.2130e+03	 3.8183e+00	 5.9679e-01	 3.2315e+02	 8.2666e+03	-8.1117e+01	 3.0605e+04	 4.7835e+03	-6.3981e+00
 1.4779e+05	 8.2130e+03	 3.6807e+00	 5.0287e-01	 3.2315e+02	 8.2691e+03	-8.2220e+01	 2.4214e+04	 3.3082e+03	-7.3195e+00
 2.2168e+05	 8.2130e+03	 3.5799e+00	 4.2861e-01	 3.2315e+02	 8.2719e+03	-8.3173e+01	 1.8940e+04	 2.2676e+03	-8.3524e+00
 3.3253e+05	 8.2130e+03	 3.4953e+00	 3.7189e-01	 3.2315e+02	 8.2743e+03	-8.3927e+01	 1.4552e+04	 1.5483e+03	-9.3987e+00
 4.9879e+05	 8.2130e+03	 3.4207e+00	 3.2963e-01	 3.2314e+02	 8.2770e+03	-8.4496e+01	 1.0945e+04	 1.0547e+03	-1.0377e+01
 7.4818e+05	 8.2130e+03	 3.4066e+00	 2.0748e-01	 3.2314e+02	 8.2846e+03	-8.6515e+01	 1.1592e+04	 7.0605e+02	-1.6419e+01
 9.0000e+05	 8.2130e+03	 3.3821e+00	 1.8875e-01	 3.2314e+02	 8.2924e+03	-8.6806e+01	 1.0593e+04	 5.9121e+02	-1.7918e+01
 1.0000e+02	 8.2897e+03	 5.9491e+00	 8.0338e-02	 3.2315e+02	 8.2995e+03	-8.9226e+01	 2.2400e+08	 3.0249e+06	-7.4051e+01
 1.5000e+02	 8.2897e+03	 5.9312e+00	 9.6960e-02	 3.2315e+02	 8.3019e+03	-8.9063e+01	 1.2373e+08	 2.0227e+06	-6.1171e+01
 2.2500e+02	 8.2897e+03	 5.9114e+00	 1.1246e-01	 3.2315e+02	 8.3044e+03	-8.8910e+01	 7.1117e+07	 1.3530e+06	-5.2563e+01
 3.3750e+02	 8.2897e+03	 5.8876e+00	 1.3538e-01	 3.2314e+02	 8.3071e+03	-8.8683e+01	 3.9386e+07	 9.0565e+05	-4.3490e+01
 5.0625e+02	 8.2897e+03	 5.8589e+00	 1.6462e-01	 3.2314e+02	 8.3097e+03	-8.8391e+01	 2.1594e+07	 6.0672e+05	-3.5591e+01
 7.5938e+02	 8.2897e+03	 5.8241e+00	 2.0168e-01	 3.2314e+02	 8.3124e+03	-8.8017e+01	 1.1751e+07	 4.0690e+05	-2.8879e+01
 1.1391e+03	 8.2897e+03	 5.7811e+00	 2.4899e-01	 3.2314e+02	 8.3149e+03	-8.7534e+01	 6.3451e+06	 2.7328e+05	-2.3218e+01
 1.7086e+03	 8.2897e+03	 5.7271e+00	 3.0958e-01	 3.2314e+02	 8.3175e+03	-8.6906e+01	 3.4022e+06	 1.8390e+05	-1.8500e+01
 2.5629e+03	 8.2897e+03	 5.6568e+00	 3.8607e-01	 3.2315e+02	 8.3201e+03	-8.6096e+01	 1.8187e+06	 1.2413e+05	-1.4652e+01
 3.8443e+03	 8.2897e+03	 5.5629e+00	 4.7990e-01	 3.2314e+02	 8.3225e+03	-8.5069e+01	 9.7543e+05	 8.4148e+04	-1.1592e+01
 5.7665e+03	 8.2897e+03	 5.4344e+00	 5.8980e-01	 3.2315e+02	 8.3249e+03	-8.3806e+01	 5.2912e+05	 5.7425e+04	-9.2140e+00
 8.6498e+03	 8.2897e+03	 5.2591e+00	 7.0609e-01	 3.2314e+02	 8.3275e+03	-8.2353e+01	 2.9465e+05	 3.9560e+04	-7.4482e+00
 1.2975e+04	 8.2897e+03	 5.0303e+00	 8.0857e-01	 3.2315e+02	 8.3302e+03	-8.0868e+01	 1.7154e+05	 2.7573e+04	-6.2212e+00
 1.9462e+04	 8.2897e+03	 4.7552e+00	 8.6821e-01	 3.2315e+02	 8.3328e+03	-7.9653e+01	 1.0650e+05	 1.9445e+04	-5.4771e+00
 2.9193e+04	 8.2897e+03	 4.4730e+00	 8.6512e-01	 3.2315e+02	 8.3354e+03	-7.9054e+01	 7.1255e+04	 1.3781e+04	-5.1704e+00
 4.3789e+04	 8.2897e+03	 4.2060e+00	 8.0061e-01	 3.2315e+02	 8.3379e+03	-7.9223e+01	 5.1331e+04	 9.7707e+03	-5.2536e+00
 6.5684e+04	 8.2897e+03	 3.9861e+00	 7.0182e-01	 3.2315e+02	 8.3403e+03	-8.0014e+01	 3.9038e+04	 6.8732e+03	-5.6797e+00
 9.8526e+04	 8.2897e+03	 3.8176e+00	 5.9647e-01	 3.2315e+02	 8.3431e+03	-8.1120e+01	 3.0621e+04	 4.7844e+03	-6.4003e+00
 1.4779e+05	 8.2897e+03	 3.6803e+00	 5.0285e-01	 3.2315e+02	 8.3457e+03	-8.2220e+01	 2.4215e+04	 3.3086e+03	-7.3189e+00
 2.2168e+05	 8.2897e+03	 3.5793e+00	 4.2854e-01	 3.2315e+02	 8.3484e+03	-8.3173e+01	 1.8943e+04	 2.2680e+03	-8.3523e+00
 3.3253e+05	 8.2897e+03	 3.4948e+00	 3.7187e-01	 3.2315e+02	 8.3509e+03	-8.3926e+01	 1.4553e+04	 1.5485e+03	-9.3979e+00
 4.9879e+05	 8.2897e+03	 3.4201e+00	 3.2967e-01	 3.2315e+02	 8.3535e+03	-8.4494e+01	 1.0944e+04	 1.0549e+03	-1.0374e+01
 7.4818e+05	 8.2897e+03	 3.4060e+00	 2.0887e-01	 3.2315e+02	 8.3611e+03	-8.6491e+01	 1.1516e+04	 7.0619e+02	-1.6307e+01
 9.0000e+05	 8.2897e+03	 3.3815e+00	 1.8798e-01	 3.2315e+02	 8.3688e+03	-8.6818e+01	 1.0637e+04	 5.9131e+02	-1.7989e+01
 1.0000e+02	 8.3661e+03	 5.9487e+00	 8.0373e-02	 3.2315e+02	 8.3755e+03	-8.9226e+01	 2.2390e+08	 3.0252e+06	-7.4013e+01
 1.5000e+02	 8.3661e+03	 5.9315e+00	 9.2911e-02	 3.2315e+02	 8.3781e+03	-8.9103e+01	 1.2913e+08	 2.0226e+06	-6.3841e+01
 2.2500e+02	 8.3661e+03	 5.9111e+00	 1.1275e-01	 3.2315e+02	 8.3806e+03	-8.8907e+01	 7.0935e+07	 1.3531e+06	-5.2425e+01
 3.3750e+02	 8.3661e+03	 5.8870e+00	 1.3551e-01	 3.2315e+02	 8.3834e+03	-8.8681e+01	 3.9349e+07	 9.0573e+05	-4.3444e+01
 5.0625e+02	 8.3661e+03	 5.8582e+00	 1.6486e-01	 3.2315e+02	 8.3858e+03	-8.8388e+01	 2.1562e+07	 6.0679e+05	-3.5534e+01
 7.5938e+02	 8.3661e+03	 5.8234e+00	 2.0171e-01	 3.2315e+02	 8.3888e+03	-8.8016e+01	 1.1749e+07	 4.0694e+05	-2.8871e+01
 1.1391e+03	 8.3661e+03	 5.7802e+00	 2.4921e-01	 3.2315e+02	 8.3912e+03	-8.7531e+01	 6.3396e+06	 2.7332e+05	-2.3195e+01
 1.7086e+03	 8.3661e+03	 5.7261e+00	 3.0974e-01	 3.2315e+02	 8.3940e+03	-8.6904e+01	 3.4004e+06	 1.8394e+05	-1.8487e+01
 2.5629e+03	 8.3661e+03	 5.6558e+00	 3.8623e-01	 3.2315e+02	 8.3966e+03	-8.6093e+01	 1.8180e+06	 1.2415e+05	-1.4643e+01
 3.8443e+03	 8.3661e+03	 5.5617e+00	 4.8017e-01	 3.2315e+02	 8.3992e+03	-8.5066e+01	 9.7487e+05	 8.4167e+04	-1.1583e+01
 5.7665e+03	 8.3661e+03	 5.4330e+00	 5.8986e-01	 3.2316e+02	 8.4017e+03	-8.3804e+01	 5.2907e+05	 5.7440e+04	-9.2108e+00
 8.6498e+03	 8.3661e+03	 5.2579e+00	 7.0612e-01	 3.2315e+02	 8.4042e+03	-8.2351e+01	 2.9463e+05	 3.9569e+04	-7.4461e+00
 1.2975e+04	 8.3661e+03	 5.0291e+00	 8.0847e-01	 3.2315e+02	 8.4069e+03	-8.0867e+01	 1.7156e+05	 2.7579e+04	-6.2205e+00
 1.9462e+04	 8.3661e+03	 4.7538e+00	 8.6768e-01	 3.2314e+02	 8.4095e+03	-7.9656e+01	 1.0657e+05	 1.9451e+04	-5.4788e+00
 2.9193e+04	 8.3661e+03	 4.4719e+00	 8.6473e-01	 3.2315e+02	 8.4121e+03	-7.9056e+01	 7.1287e+04	 1.3785e+04	-5.1714e+00
 4.3789e+04	 8.3661e+03	 4.2049e+00	 8.0009e-01	 3.2315e+02	 8.4146e+03	-7.9227e+01	 5.1365e+04	 9.7734e+03	-5.2556e+00
 6.5684e+04	 8.3661e+03	 3.9853e+00	 7.0141e-01	 3.2315e+02	 8.4174e+03	-8.0018e+01	 3.9060e+04	 6.8746e+03	-5.6818e+00
 9.8526e+04	 8.3661e+03	 3.8170e+00	 5.9622e-01	 3.2315e+02	 8.4199e+03	-8.1122e+01	 3.0635e+04	 4.7851e+03	-6.4021e+00
 1.4779e+05	 8.3661e+03	 3.6796e+00	 5.0261e-01	 3.2315e+02	 8.4227e+03	-8.2222e+01	 2.4227e+04	 3.3092e+03	-7.3210e+00
 2.2168e+05	 8.3661e+03	 3.5787e+00	 4.2843e-01	 3.2315e+02	 8.4254e+03	-8.3173e+01	 1.8947e+04	 2.2684e+03	-8.3529e+00
 3.3253e+05	 8.3661e+03	 3.4941e+00	 3.7183e-01	 3.2314e+02	 8.4282e+03	-8.3926e+01	 1.4555e+04	 1.5488e+03	-9.3971e+00
 4.9879e+05	 8.3661e+03	 3.4194e+00	 3.2960e-01	 3.2315e+02	 8.4308e+03	-8.4494e+01	 1.0946e+04	 1.0551e+03	-1.0375e+01
 7.4818e+05	 8.3661e+03	 3.4052e+00	 2.0760e-01	 3.2315e+02	 8.4384e+03	-8.6511e+01	 1.1586e+04	 7.0634e+02	-1.6403e+01
 9.0000e+05	 8.3661e+03	 3.3809e+00	 1.8939e-01	 3.2315e+02	 8.4464e+03	-8.6794e+01	 1.0558e+04	 5.9142e+02	-1.7851e+01
 1.0000e+02	 8.4437e+03	 5.9486e+00	 8.0493e-02	 3.2315e+02	 8.4532e+03	-8.9225e+01	 2.2357e+08	 3.0252e+06	-7.3902e+01
 1.5000e+02	 8.4437e+03	 5.9291e+00	 9.6490e-02	 3.2315e+02	 8.4558e+03	-8.9068e+01	 1.2433e+08	 2.0234e+06	-6.1448e+01
 2.2500e+02	 8.4437e+03	 5.9106e+00	 1.1294e-01	 3.2316e+02	 8.4583e+03	-8.8905e+01	 7.0818e+07	 1.3532e+06	-5.2335e+01
 3.3750e+02	 8.4437e+03	 5.8865e+00	 1.3581e-01	 3.2315e+02	 8.4608e+03	-8.8678e+01	 3.9262e+07	 9.0582e+05	-4.3345e+01
 5.0625e+02	 8.4437e+03	 5.8576e+00	 1.6490e-01	 3.2315e+02	 8.4634e+03	-8.8387e+01	 2.1557e+07	 6.0686e+05	-3.5522e+01
 7.5938e+02	 8.4437e+03	 5.8227e+00	 2.0206e-01	 3.2315e+02	 8.4660e+03	-8.8013e+01	 1.1728e+07	 4.0700e+05	-2.8817e+01
 1.1391e+03	 8.4437e+03	 5.7797e+00	 2.4977e-01	 3.2315e+02	 8.4686e+03	-8.7526e+01	 6.3253e+06	 2.7335e+05	-2.3140e+01
 1.7086e+03	 8.4437e+03	 5.7251e+00	 3.1014e-01	 3.2315e+02	 8.4713e+03	-8.6899e+01	 3.3960e+06	 1.8397e+05	-1.8460e+01
 2.5629e+03	 8.4437e+03	 5.6549e+00	 3.8657e-01	 3.2315e+02	 8.4741e+03	-8.6089e+01	 1.8164e+06	 1.2417e+05	-1.4628e+01
 3.8443e+03	 8.4437e+03	 5.5606e+00	 4.8050e-01	 3.2316e+02	 8.4766e+03	-8.5061e+01	 9.7421e+05	 8.4184e+04	-1.1572e+01
 5.7665e+03	 8.4437e+03	 5.4319e+00	 5.9013e-01	 3.2315e+02	 8.4794e+03	-8.3800e+01	 5.2882e+05	 5.7452e+04	-9.2045e+00
 8.6498e+03	 8.4437e+03	 5.2565e+00	 7.0607e-01	 3.2316e+02	 8.4819e+03	-8.2350e+01	 2.9466e+05	 3.9580e+04	-7.4446e+00
 1.2975e+04	 8.4437e+03	 5.0277e+00	 8.0799e-01	 3.2315e+02	 8.4846e+03	-8.0870e+01	 1.7166e+05	 2.7587e+04	-6.2224e+00
 1.9462e+04	 8.4437e+03	 4.7528e+00	 8.6754e-01	 3.2315e+02	 8.4872e+03	-7.9656e+01	 1.0658e+05	 1.9455e+04	-5.4785e+00
 2.9193e+04	 8.4437e+03	 4.4710e+00	 8.6428e-01	 3.2315e+02	 8.4899e+03	-7.9059e+01	 7.1324e+04	 1.3788e+04	-5.1731e+00
 4.3789e+04	 8.4437e+03	 4.2042e+00	 7.9985e-01	 3.2314e+02	 8.4924e+03	-7.9228e+01	 5.1380e+04	 9.7749e+03	-5.2563e+00
 6.5684e+04	 8.4437e+03	 3.9847e+00	 7.0113e-01	 3.2315e+02	 8.4948e+03	-8.0021e+01	 3.9076e+04	 6.8756e+03	-5.6833e+00
 9.8526e+04	 8.4437e+03	 3.8165e+00	 5.9615e-01	 3.2315e+02	 8.4973e+03	-8.1122e+01	 3.0638e+04	 4.7858e+03	-6.4019e+00
 1.4779e+05	 8.4437e+03	 3.6791e+00	 5.0264e-01	 3.2315e+02	 8.4999e+03	-8.2220e+01	 2.4225e+04	 3.3097e+03	-7.3195e+00
 2.2168e+05	 8.4437e+03	 3.5781e+00	 4.2836e-01	 3.2314e+02	 8.5026e+03	-8.3173e+01	 1.8951e+04	 2.2688e+03	-8.3530e+00
 3.3253e+05	 8.4437e+03	 3.4935e+00	 3.7184e-01	 3.2315e+02	 8.5051e+03	-8.3924e+01	 1.4554e+04	 1.5491e+03	-9.3951e+00
 4.9879e+05	 8.4437e+03	 3.4189e+00	 3.2959e-01	 3.2315e+02	 8.5079e+03	-8.4494e+01	 1.0947e+04	 1.0553e+03	-1.0373e+01
 7.4818e+05	 8.4437e+03	 3.4046e+00	 2.1038e-01	 3.2315e+02	 8.5156e+03	-8.6464e+01	 1.1433e+04	 7.0648e+02	-1.6183e+01
 9.0000e+05	 8.4437e+03	 3.3805e+00	 1.8604e-01	 3.2315e+02	 8.5232e+03	-8.6850e+01	 1.0748e+04	 5.9148e+02	-1.8171e+01
 1.0000e+02	 8.5205e+03	 5.9482e+00	 8.0844e-02	 3.2315e+02	 8.5302e+03	-8.9221e+01	 2.2260e+08	 3.0254e+06	-7.3576e+01
 1.5000e+02	 8.5205e+03	 5.9323e+00	 9.4324e-02	 3.2315e+02	 8.5326e+03	-8.9089e+01	 1.2719e+08	 2.0223e+06	-6.2893e+01
 2.2500e+02	 8.5205e+03	 5.9100e+00	 1.1296e-01	 3.2315e+02	 8.5351e+03	-8.8905e+01	 7.0804e+07	 1.3533e+06	-5.2319e+01
 3.3750e+02	 8.5205e+03	 5.8860e+00	 1.3594e-01	 3.2316e+02	 8.5379e+03	-8.8677e+01	 3.9224e+07	 9.0589e+05	-4.3299e+01
 5.0625e+02	 8.5205e+03	 5.8571e+00	 1.6521e-01	 3.2315e+02	 8.5404e+03	-8.8384e+01	 2.1516e+07	 6.0691e+05	-3.5452e+01
 7.5938e+02	 8.5205e+03	 5.8222e+00	 2.0251e-01	 3.2316e+02	 8.5430e+03	-8.8008e+01	 1.1702e+07	 4.0703e+05	-2.8749e+01
 1.1391e+03	 8.5205e+03	 5.7791e+00	 2.4985e-01	 3.2316e+02	 8.5456e+03	-8.7524e+01	 6.3232e+06	 2.7338e+05	-2.3130e+01
 1.7086e+03	 8.5205e+03	 5.7245e+00	 3.1047e-01	 3.2316e+02	 8.5482e+03	-8.6896e+01	 3.3924e+06	 1.8399e+05	-1.8438e+01
 2.5629e+03	 8.5205e+03	 5.6540e+00	 3.8684e-01	 3.2315e+02	 8.5508e+03	-8.6086e+01	 1.8151e+06	 1.2419e+05	-1.4616e+01
 3.8443e+03	 8.5205e+03	 5.5594e+00	 4.8062e-01	 3.2316e+02	 8.5532e+03	-8.5059e+01	 9.7398e+05	 8.4201e+04	-1.1567e+01
 5.7665e+03	 8.5205e+03	 5.4306e+00	 5.9021e-01	 3.2315e+02	 8.5557e+03	-8.3797e+01	 5.2875e+05	 5.7466e+04	-9.2012e+00
 8.6498e+03	 8.5205e+03	 5.2553e+00	 7.0604e-01	 3.2315e+02	 8.5582e+03	-8.2348e+01	 2.9467e+05	 3.9588e+04	-7.4434e+00
 1.2975e+04	 8.5205e+03	 5.0265e+00	 8.0794e-01	 3.2316e+02	 8.5610e+03	-8.0869e+01	 1.7167e+05	 2.7593e+04	-6.2214e+00
 1.9462e+04	 8.5205e+03	 4.7517e+00	 8.6711e-01	 3.2315e+02	 8.5636e+03	-7.9658e+01	 1.0664e+05	 1.9459e+04	-5.4800e+00
 2.9193e+04	 8.5205e+03	 4.4702e+00	 8.6384e-01	 3.2315e+02	 8.5662e+03	-7.9063e+01	 7.1361e+04	 1.3790e+04	-5.1748e+00
 4.3789e+04	 8.5205e+03	 4.2036e+00	 7.9949e-01	 3.2315e+02	 8.5688e+03	-7.9231e+01	 5.1403e+04	 9.7763e+03	-5.2579e+00
 6.5684e+04	 8.5205e+03	 3.9840e+00	 7.0091e-01	 3.2316e+02	 8.5712e+03	-8.0022e+01	 3.9088e+04	 6.8768e+03	-5.6841e+00
 9.8526e+04	 8.5205e+03	 3.8158e+00	 5.9584e-01	 3.2315e+02	 8.5739e+03	-8.1125e+01	 3.0654e+04	 4.7866e+03	-6.4041e+00
 1.4779e+05	 8.5205e+03	 3.6785e+00	 5.0234e-01	 3.2315e+02	 8.5764e+03	-8.2224e+01	 2.4240e+04	 3.3102e+03	-7.3229e+00
 2.2168e+05	 8.5205e+03	 3.5775e+00	 4.2830e-01	 3.2315e+02	 8.5792e+03	-8.3173e+01	 1.8953e+04	 2.2691e+03	-8.3529e+00
 3.3253e+05	 8.5205e+03	 3.4930e+00	 3.7202e-01	 3.2314e+02	 8.5816e+03	-8.3921e+01	 1.4547e+04	 1.5493e+03	-9.3893e+00
 4.9879e+05	 8.5205e+03	 3.4183e+00	 3.2962e-01	 3.2315e+02	 8.5844e+03	-8.4492e+01	 1.0946e+04	 1.0555e+03	-1.0371e+01
 7.4818e+05	 8.5205e+03	 3.4040e+00	 2.0856e-01	 3.2315e+02	 8.5921e+03	-8.6494e+01	 1.1532e+04	 7.0659e+02	-1.6321e+01
 9.0000e+05	 8.5205e+03	 3.3798e+00	 1.8727e-01	 3.2315e+02	 8.5999e+03	-8.6829e+01	 1.0677e+04	 5.9161e+02	-1.8048e+01
 1.0000e+02	 8.5972e+03	 5.9475e+00	 8.0786e-02	 3.2314e+02	 8.6068e+03	-8.9222e+01	 2.2276e+08	 3.0258e+06	-7.3621e+01
 1.5000e+02	 8.5972e+03	 5.9308e+00	 9.3731e-02	 3.2315e+02	 8.6093e+03	-8.9095e+01	 1.2800e+08	 2.0228e+06	-6.3275e+01
 2.2500e+02	 8.5972e+03	 5.9097e+00	 1.1324e-01	 3.2315e+02	 8.6118e+03	-8.8902e+01	 7.0626e+07	 1.3534e+06	-5.2185e+01
 3.3750e+02	 8.5972e+03	 5.8854e+00	 1.3634e-01	 3.2315e+02	 8.6143e+03	-8.8673e+01	 3.9109e+07	 9.0599e+05	-4.3167e+01
 5.0625e+02	 8.5972e+03	 5.8565e+00	 1.6555e-01	 3.2315e+02	 8.6168e+03	-8.8381e+01	 2.1473e+07	 6.0696e+05	-3.5377e+01
 7.5938e+02	 8.5972e+03	 5.8214e+00	 2.0263e-01	 3.2315e+02	 8.6194e+03	-8.8007e+01	 1.1695e+07	 4.0709e+05	-2.8730e+01
 1.1391e+03	 8.5972e+03	 5.7781e+00	 2.5039e-01	 3.2314e+02	 8.6219e+03	-8.7519e+01	 6.3097e+06	 2.7342e+05	-2.3077e+01
 1.7086e+03	 8.5972e+03	 5.7235e+00	 3.1103e-01	 3.2315e+02	 8.6244e+03	-8.6889e+01	 3.3863e+06	 1.8402e+05	-1.8402e+01
 2.5629e+03	 8.5972e+03	 5.6529e+00	 3.8724e-01	 3.2315e+02	 8.6271e+03	-8.6081e+01	 1.8133e+06	 1.2421e+05	-1.4598e+01
 3.8443e+03	 8.5972e+03	 5.5582e+00	 4.8122e-01	 3.2314e+02	 8.6295e+03	-8.5052e+01	 9.7276e+05	 8.4219e+04	-1.1550e+01
 5.7665e+03	 8.5972e+03	 5.4292e+00	 5.9056e-01	 3.2315e+02	 8.6321e+03	-8.3792e+01	 5.2843e+05	 5.7481e+04	-9.1932e+00
 8.6498e+03	 8.5972e+03	 5.2536e+00	 7.0615e-01	 3.2314e+02	 8.6347e+03	-8.2345e+01	 2.9462e+05	 3.9601e+04	-7.4397e+00
 1.2975e+04	 8.5972e+03	 5.0247e+00	 8.0777e-01	 3.2315e+02	 8.6374e+03	-8.0867e+01	 1.7171e+05	 2.7603e+04	-6.2205e+00
 1.9462e+04	 8.5972e+03	 4.7502e+00	 8.6678e-01	 3.2315e+02	 8.6400e+03	-7.9659e+01	 1.0668e+05	 1.9466e+04	-5.4803e+00
 2.9193e+04	 8.5972e+03	 4.4688e+00	 8.6336e-01	 3.2315e+02	 8.6424e+03	-7.9065e+01	 7.1400e+04	 1.3794e+04	-5.1761e+00
 4.3789e+04	 8.5972e+03	 4.2024e+00	 7.9894e-01	 3.2315e+02	 8.6449e+03	-7.9236e+01	 5.1438e+04	 9.7792e+03	-5.2599e+00
 6.5684e+04	 8.5972e+03	 3.9832e+00	 7.0050e-01	 3.2315e+02	 8.6473e+03	-8.0026e+01	 3.9111e+04	 6.8782e+03	-5.6862e+00
 9.8526e+04	 8.5972e+03	 3.8152e+00	 5.9567e-01	 3.2315e+02	 8.6498e+03	-8.1126e+01	 3.0663e+04	 4.7873e+03	-6.4050e+00
 1.4779e+05	 8.5972e+03	 3.6777e+00	 5.0221e-01	 3.2315e+02	 8.6523e+03	-8.2224e+01	 2.4246e+04	 3.3109e+03	-7.3232e+00
 2.2168e+05	 8.5972e+03	 3.5769e+00	 4.2839e-01	 3.2315e+02	 8.6549e+03	-8.3170e+01	 1.8949e+04	 2.2695e+03	-8.3496e+00
 3.3253e+05	 8.5972e+03	 3.4924e+00	 3.7177e-01	 3.2315e+02	 8.6576e+03	-8.3924e+01	 1.4557e+04	 1.5496e+03	-9.3941e+00
 4.9879e+05	 8.5972e+03	 3.4177e+00	 3.2957e-01	 3.2315e+02	 8.6602e+03	-8.4492e+01	 1.0947e+04	 1.0557e+03	-1.0370e+01
 7.4818e+05	 8.5972e+03	 3.4033e+00	 2.0965e-01	 3.2316e+02	 8.6679e+03	-8.6475e+01	 1.1473e+04	 7.0673e+02	-1.6233e+01
 9.0000e+05	 8.5972e+03	 3.3791e+00	 1.8719e-01	 3.2316e+02	 8.6756e+03	-8.6829e+01	 1.0682e+04	 5.9173e+02	-1.8052e+01
 1.0000e+02	 8.6729e+03	 5.9472e+00	 8.1214e-02	 3.2316e+02	 8.6821e+03	-8.9218e+01	 2.2158e+08	 3.0259e+06	-7.3229e+01
 1.5000e+02	 8.6729e+03	 5.9297e+00	 9.6390e-02	 3.2315e+02	 8.6846e+03	-8.9069e+01	 1.2446e+08	 2.0232e+06	-6.1518e+01
 2.2500e+02	 8.6729e+03	 5.9091e+00	 1.1349e-01	 3.2315e+02	 8.6874e+03	-8.8900e+01	 7.0471e+07	 1.3535e+06	-5.2066e+01
 3.3750e+02	 8.6729e+03	 5.8850e+00	 1.3649e-01	 3.2316e+02	 8.6898e+03	-8.8671e+01	 3.9064e+07	 9.0605e+05	-4.3115e+01
 5.0625e+02	 8.6729e+03	 5.8559e+00	 1.6567e-01	 3.2316e+02	 8.6926e+03	-8.8379e+01	 2.1457e+07	 6.0703e+05	-3.5347e+01
 7.5938e+02	 8.6729e+03	 5.8206e+00	 2.0287e-01	 3.2315e+02	 8.6952e+03	-8.8004e+01	 1.1682e+07	 4.0714e+05	-2.8692e+01
 1.1391e+03	 8.6729e+03	 5.7776e+00	 2.5050e-01	 3.2315e+02	 8.6979e+03	-8.7517e+01	 6.3068e+06	 2.7345e+05	-2.3064e+01
 1.7086e+03	 8.6729e+03	 5.7229e+00	 3.1128e-01	 3.2315e+02	 8.7006e+03	-8.6887e+01	 3.3836e+06	 1.8404e+05	-1.8385e+01
 2.5629e+03	 8.6729e+03	 5.6519e+00	 3.8756e-01	 3.2316e+02	 8.7032e+03	-8.6077e+01	 1.8117e+06	 1.2424e+05	-1.4583e+01
 3.8443e+03	 8.6729e+03	 5.5572e+00	 4.8124e-01	 3.2316e+02	 8.7056e+03	-8.5051e+01	 9.7271e+05	 8.4235e+04	-1.1548e+01
 5.7665e+03	 8.6729e+03	 5.4281e+00	 5.9071e-01	 3.2315e+02	 8.7081e+03	-8.3789e+01	 5.2830e+05	 5.7492e+04	-9.1891e+00
 8.6498e+03	 8.6729e+03	 5.2525e+00	 7.0621e-01	 3.2315e+02	 8.7108e+03	-8.2342e+01	 2.9460e+05	 3.9609e+04	-7.4376e+00
 1.2975e+04	 8.6729e+03	 5.0236e+00	 8.0746e-01	 3.2315e+02	 8.7133e+03	-8.0869e+01	 1.7177e+05	 2.7609e+04	-6.2215e+00
 1.9462e+04	 8.6729e+03	 4.7494e+00	 8.6643e-01	 3.2315e+02	 8.7161e+03	-7.9661e+01	 1.0672e+05	 1.9469e+04	-5.4816e+00
 2.9193e+04	 8.6729e+03	 4.4681e+00	 8.6291e-01	 3.2315e+02	 8.7186e+03	-7.9069e+01	 7.1437e+04	 1.3797e+04	-5.1779e+00
 4.3789e+04	 8.6729e+03	 4.2019e+00	 7.9882e-01	 3.2315e+02	 8.7212e+03	-7.9236e+01	 5.1446e+04	 9.7804e+03	-5.2601e+00
 6.5684e+04	 8.6729e+03	 3.9827e+00	 7.0023e-01	 3.2316e+02	 8.7238e+03	-8.0028e+01	 3.9126e+04	 6.8791e+03	-5.6877e+00
 9.8526e+04	 8.6729e+03	 3.8147e+00	 5.9549e-01	 3.2316e+02	 8.7265e+03	-8.1127e+01	 3.0672e+04	 4.7880e+03	-6.4060e+00
 1.4779e+05	 8.6729e+03	 3.6774e+00	 5.0224e-01	 3.2315e+02	 8.7292e+03	-8.2223e+01	 2.4244e+04	 3.3112e+03	-7.3219e+00
 2.2168e+05	 8.6729e+03	 3.5765e+00	 4.2833e-01	 3.2315e+02	 8.7319e+03	-8.3171e+01	 1.8952e+04	 2.2697e+03	-8.3499e+00
 3.3253e+05	 8.6729e+03	 3.4917e+00	 3.7170e-01	 3.2316e+02	 8.7344e+03	-8.3924e+01	 1.4560e+04	 1.5499e+03	-9.3938e+00
 4.9879e+05	 8.6729e+03	 3.4170e+00	 3.2948e-01	 3.2315e+02	 8.7372e+03	-8.4492e+01	 1.0950e+04	 1.0558e+03	-1.0371e+01
 7.4818e+05	 8.6729e+03	 3.4028e+00	 2.0943e-01	 3.2315e+02	 8.7449e+03	-8.6478e+01	 1.1485e+04	 7.0685e+02	-1.6248e+01
 9.0000e+05	 8.6729e+03	 3.3787e+00	 1.8597e-01	 3.2315e+02	 8.7525e+03	-8.6849e+01	 1.0752e+04	 5.9181e+02	-1.8168e+01
 1.0000e+02	 8.7498e+03	 5.9471e+00	 8.1438e-02	 3.2315e+02	 8.7595e+03	-8.9215e+01	 2.2098e+08	 3.0260e+06	-7.3026e+01
 1.5000e+02	 8.7498e+03	 5.9297e+00	 9.4310e-02	 3.2315e+02	 8.7620e+03	-8.9089e+01	 1.2721e+08	 2.0232e+06	-6.2874e+01
 2.2500e+02	 8.7498e+03	 5.9087e+00	 1.1376e-01	 3.2315e+02	 8.7645e+03	-8.8897e+01	 7.0304e+07	 1.3536e+06	-5.1938e+01
 3.3750e+02	 8.7498e+03	 5.8843e+00	 1.3683e-01	 3.2315e+02	 8.7671e+03	-8.8668e+01	 3.8968e+07	 9.0615e+05	-4.3004e+01
 5.0625e+02	 8.7498e+03	 5.8552e+00	 1.6588e-01	 3.2314e+02	 8.7696e+03	-8.8377e+01	 2.1429e+07	 6.0711e+05	-3.5297e+01
 7.5938e+02	 8.7498e+03	 5.8199e+00	 2.0353e-01	 3.2314e+02	 8.7724e+03	-8.7997e+01	 1.1644e+07	 4.0719e+05	-2.8595e+01
 1.1391e+03	 8.7498e+03	 5.7764e+00	 2.5118e-01	 3.2314e+02	 8.7749e+03	-8.7510e+01	 6.2898e+06	 2.7350e+05	-2.2997e+01
 1.7086e+03	 8.7498e+03	 5.7216e+00	 3.1167e-01	 3.2314e+02	 8.7777e+03	-8.6882e+01	 3.3793e+06	 1.8408e+05	-1.8358e+01
 2.5629e+03	 8.7498e+03	 5.6506e+00	 3.8812e-01	 3.2314e+02	 8.7803e+03	-8.6071e+01	 1.8091e+06	 1.2426e+05	-1.4559e+01
 3.8443e+03	 8.7498e+03	 5.5557e+00	 4.8182e-01	 3.2314e+02	 8.7830e+03	-8.5043e+01	 9.7154e+05	 8.4258e+04	-1.1531e+01
 5.7665e+03	 8.7498e+03	 5.4265e+00	 5.9117e-01	 3.2314e+02	 8.7854e+03	-8.3783e+01	 5.2789e+05	 5.7509e+04	-9.1791e+00
 8.6498e+03	 8.7498e+03	 5.2507e+00	 7.0642e-01	 3.2314e+02	 8.7880e+03	-8.2338e+01	 2.9451e+05	 3.9623e+04	-7.4328e+00
 1.2975e+04	 8.7498e+03	 5.0220e+00	 8.0737e-01	 3.2315e+02	 8.7907e+03	-8.0867e+01	 1.7179e+05	 2.7619e+04	-6.2202e+00
 1.9462e+04	 8.7498e+03	 4.7476e+00	 8.6600e-01	 3.2315e+02	 8.7933e+03	-7.9662e+01	 1.0677e+05	 1.9476e+04	-5.4822e+00
 2.9193e+04	 8.7498e+03	 4.4667e+00	 8.6240e-01	 3.2314e+02	 8.7959e+03	-7.9072e+01	 7.1480e+04	 1.3801e+04	-5.1793e+00
 4.3789e+04	 8.7498e+03	 4.2009e+00	 7.9832e-01	 3.2315e+02	 8.7984e+03	-7.9240e+01	 5.1478e+04	 9.7828e+03	-5.2621e+00
 6.5684e+04	 8.7498e+03	 3.9819e+00	 6.9979e-01	 3.2316e+02	 8.8009e+03	-8.0033e+01	 3.9151e+04	 6.8804e+03	-5.6902e+00
 9.8526e+04	 8.7498e+03	 3.8141e+00	 5.9529e-01	 3.2315e+02	 8.8036e+03	-8.1129e+01	 3.0683e+04	 4.7888e+03	-6.4071e+00
 1.4779e+05	 8.7498e+03	 3.6768e+00	 5.0213e-01	 3.2315e+02	 8.8064e+03	-8.2223e+01	 2.4250e+04	 3.3117e+03	-7.3225e+00
 2.2168e+05	 8.7498e+03	 3.5759e+00	 4.2828e-01	 3.2316e+02	 8.8090e+03	-8.3170e+01	 1.8954e+04	 2.2702e+03	-8.3493e+00
 3.3253e+05	 8.7498e+03	 3.4913e+00	 3.7183e-01	 3.2316e+02	 8.8114e+03	-8.3921e+01	 1.4555e+04	 1.5501e+03	-9.3896e+00
 4.9879e+05	 8.7498e+03	 3.4164e+00	 3.2958e-01	 3.2315e+02	 8.8141e+03	-8.4490e+01	 1.0947e+04	 1.0560e+03	-1.0366e+01
 7.4818e+05	 8.7498e+03	 3.4022e+00	 2.0958e-01	 3.2315e+02	 8.8216e+03	-8.6475e+01	 1.1477e+04	 7.0698e+02	-1.6234e+01
 9.0000e+05	 8.7498e+03	 3.3780e+00	 1.8705e-01	 3.2315e+02	 8.8296e+03	-8.6831e+01	 1.0690e+04	 5.9192e+02	-1.8060e+01
 1.0000e+02	 8.8269e+03	 5.9467e+00	 8.1427e-02	 3.2315e+02	 8.8367e+03	-8.9216e+01	 2.2100e+08	 3.0262e+06	-7.3031e+01
 1.5000e+02	 8.8269e+03	 5.9279e+00	 9.5389e-02	 3.2315e+02	 8.8394e+03	-8.9078e+01	 1.2577e+08	 2.0238e+06	-6.2144e+01
 2.2500e+02	 8.8269e+03	 5.9082e+00	 1.1402e-01	 3.2315e+02	 8.8419e+03	-8.8894e+01	 7.0147e+07	 1.3537e+06	-5.1818e+01
 3.3750e+02	 8.8269e+03	 5.8836e+00	 1.3702e-01	 3.2315e+02	 8.8444e+03	-8.8666e+01	 3.8914e+07	 9.0626e+05	-4.2939e+01
 5.0625e+02	 8.8269e+03	 5.8548e+00	 1.6608e-01	 3.2316e+02	 8.8470e+03	-8.8375e+01	 2.1403e+07	 6.0714e+05	-3.5253e+01
 7.5938e+02	 8.8269e+03	 5.8192e+00	 2.0361e-01	 3.2315e+02	 8.8495e+03	-8.7996e+01	 1.1639e+07	 4.0724e+05	-2.8580e+01
 1.1391e+03	 8.8269e+03	 5.7758e+00	 2.5147e-01	 3.2315e+02	 8.8522e+03	-8.7507e+01	 6.2825e+06	 2.7353e+05	-2.2968e+01
 1.7086e+03	 8.8269e+03	 5.7210e+00	 3.1190e-01	 3.2315e+02	 8.8548e+03	-8.6879e+01	 3.3768e+06	 1.8410e+05	-1.8342e+01
 2.5629e+03	 8.8269e+03	 5.6499e+00	 3.8824e-01	 3.2315e+02	 8.8574e+03	-8.6069e+01	 1.8086e+06	 1.2428e+05	-1.4552e+01
 3.8443e+03	 8.8269e+03	 5.5550e+00	 4.8189e-01	 3.2315e+02	 8.8599e+03	-8.5042e+01	 9.7141e+05	 8.4269e+04	-1.1527e+01
 5.7665e+03	 8.8269e+03	 5.4255e+00	 5.9097e-01	 3.2315e+02	 8.8623e+03	-8.3784e+01	 5.2806e+05	 5.7520e+04	-9.1806e+00
 8.6498e+03	 8.8269e+03	 5.2497e+00	 7.0610e-01	 3.2315e+02	 8.8649e+03	-8.2340e+01	 2.9464e+05	 3.9630e+04	-7.4348e+00
 1.2975e+04	 8.8269e+03	 5.0210e+00	 8.0707e-01	 3.2315e+02	 8.8674e+03	-8.0868e+01	 1.7185e+05	 2.7624e+04	-6.2212e+00
 1.9462e+04	 8.8269e+03	 4.7469e+00	 8.6560e-01	 3.2315e+02	 8.8702e+03	-7.9666e+01	 1.0682e+05	 1.9479e+04	-5.4839e+00
 2.9193e+04	 8.8269e+03	 4.4662e+00	 8.6191e-01	 3.2316e+02	 8.8728e+03	-7.9077e+01	 7.1521e+04	 1.3802e+04	-5.1818e+00
 4.3789e+04	 8.8269e+03	 4.2004e+00	 7.9781e-01	 3.2315e+02	 8.8752e+03	-7.9246e+01	 5.1511e+04	 9.7838e+03	-5.2649e+00
 6.5684e+04	 8.8269e+03	 3.9816e+00	 6.9968e-01	 3.2315e+02	 8.8778e+03	-8.0033e+01	 3.9157e+04	 6.8811e+03	-5.6906e+00
 9.8526e+04	 8.8269e+03	 3.8137e+00	 5.9514e-01	 3.2315e+02	 8.8802e+03	-8.1130e+01	 3.0690e+04	 4.7893e+03	-6.4080e+00
 1.4779e+05	 8.8269e+03	 3.6763e+00	 5.0198e-01	 3.2315e+02	 8.8830e+03	-8.2225e+01	 2.4257e+04	 3.3122e+03	-7.3236e+00
 2.2168e+05	 8.8269e+03	 3.5753e+00	 4.2818e-01	 3.2315e+02	 8.8856e+03	-8.3171e+01	 1.8959e+04	 2.2705e+03	-8.3501e+00
 3.3253e+05	 8.8269e+03	 3.4908e+00	 3.7182e-01	 3.2316e+02	 8.8884e+03	-8.3920e+01	 1.4555e+04	 1.5503e+03	-9.3883e+00
 4.9879e+05	 8.8269e+03	 3.4159e+00	 3.2959e-01	 3.2315e+02	 8.8909e+03	-8.4489e+01	 1.0947e+04	 1.0562e+03	-1.0364e+01
 7.4818e+05	 8.8269e+03	 3.4015e+00	 2.1073e-01	 3.2316e+02	 8.8991e+03	-8.6455e+01	 1.1414e+04	 7.0712e+02	-1.6141e+01
 9.0000e+05	 8.8269e+03	 3.3770e+00	 1.9063e-01	 3.2315e+02	 8.9069e+03	-8.6769e+01	 1.0489e+04	 5.9210e+02	-1.7715e+01
 1.0000e+02	 8.9042e+03	 5.9462e+00	 8.1408e-02	 3.2316e+02	 8.9136e+03	-8.9216e+01	 2.2106e+08	 3.0264e+06	-7.3042e+01
 1.5000e+02	 8.9042e+03	 5.9285e+00	 9.4459e-02	 3.2315e+02	 8.9163e+03	-8.9087e+01	 1.2701e+08	 2.0236e+06	-6.2763e+01
 2.2500e+02	 8.9042e+03	 5.9076e+00	 1.1414e-01	 3.2316e+02	 8.9188e+03	-8.8893e+01	 7.0071e+07	 1.3539e+06	-5.1757e+01
 3.3750e+02	 8.9042e+03	 5.8833e+00	 1.3723e-01	 3.2315e+02	 8.9214e+03	-8.8664e+01	 3.8855e+07	 9.0631e+05	-4.2872e+01
 5.0625e+02	 8.9042e+03	 5.8542e+00	 1.6655e-01	 3.2315e+02	 8.9239e+03	-8.8370e+01	 2.1343e+07	 6.0720e+05	-3.5150e+01
 7.5938e+02	 8.9042e+03	 5.8188e+00	 2.0399e-01	 3.2315e+02	 8.9266e+03	-8.7992e+01	 1.1617e+07	 4.0727e+05	-2.8525e+01
 1.1391e+03	 8.9042e+03	 5.7752e+00	 2.5155e-01	 3.2315e+02	 8.9291e+03	-8.7506e+01	 6.2805e+06	 2.7356e+05	-2.2958e+01
 1.7086e+03	 8.9042e+03	 5.7202e+00	 3.1240e-01	 3.2315e+02	 8.9316e+03	-8.6874e+01	 3.3715e+06	 1.8413e+05	-1.8311e+01
 2.5629e+03	 8.9042e+03	 5.6489e+00	 3.8869e-01	 3.2314e+02	 8.9344e+03	-8.6064e+01	 1.8065e+06	 1.2430e+05	-1.4533e+01
 3.8443e+03	 8.9042e+03	 5.5536e+00	 4.8231e-01	 3.2315e+02	 8.9369e+03	-8.5037e+01	 9.7055e+05	 8.4289e+04	-1.1515e+01
 5.7665e+03	 8.9042e+03	 5.4240e+00	 5.9141e-01	 3.2314e+02	 8.9396e+03	-8.3777e+01	 5.2768e+05	 5.7536e+04	-9.1713e+00
 8.6498e+03	 8.9042e+03	 5.2481e+00	 7.0631e-01	 3.2315e+02	 8.9422e+03	-8.2335e+01	 2.9456e+05	 3.9643e+04	-7.4303e+00
 1.2975e+04	 8.9042e+03	 5.0194e+00	 8.0699e-01	 3.2314e+02	 8.9450e+03	-8.0866e+01	 1.7187e+05	 2.7633e+04	-6.2198e+00
 1.9462e+04	 8.9042e+03	 4.7454e+00	 8.6525e-01	 3.2315e+02	 8.9475e+03	-7.9666e+01	 1.0687e+05	 1.9486e+04	-5.4844e+00
 2.9193e+04	 8.9042e+03	 4.4648e+00	 8.6160e-01	 3.2314e+02	 8.9503e+03	-7.9078e+01	 7.1546e+04	 1.3807e+04	-5.1820e+00
 4.3789e+04	 8.9042e+03	 4.1992e+00	 7.9735e-01	 3.2315e+02	 8.9528e+03	-7.9249e+01	 5.1541e+04	 9.7866e+03	-5.2665e+00
 6.5684e+04	 8.9042e+03	 3.9804e+00	 6.9915e-01	 3.2315e+02	 8.9552e+03	-8.0038e+01	 3.9186e+04	 6.8831e+03	-5.6932e+00
 9.8526e+04	 8.9042e+03	 3.8129e+00	 5.9473e-01	 3.2315e+02	 8.9579e+03	-8.1134e+01	 3.0711e+04	 4.7903e+03	-6.4111e+00
 1.4779e+05	 8.9042e+03	 3.6756e+00	 5.0181e-01	 3.2315e+02	 8.9607e+03	-8.2226e+01	 2.4265e+04	 3.3128e+03	-7.3248e+00
 2.2168e+05	 8.9042e+03	 3.5747e+00	 4.2805e-01	 3.2316e+02	 8.9633e+03	-8.3172e+01	 1.8964e+04	 2.2709e+03	-8.3511e+00
 3.3253e+05	 8.9042e+03	 3.4900e+00	 3.7165e-01	 3.2315e+02	 8.9660e+03	-8.3922e+01	 1.4562e+04	 1.5507e+03	-9.3906e+00
 4.9879e+05	 8.9042e+03	 3.4153e+00	 3.2952e-01	 3.2316e+02	 8.9686e+03	-8.4489e+01	 1.0949e+04	 1.0564e+03	-1.0364e+01
 7.4818e+05	 8.9042e+03	 3.4009e+00	 2.0974e-01	 3.2315e+02	 8.9767e+03	-8.6471e+01	 1.1468e+04	 7.0724e+02	-1.6215e+01
 9.0000e+05	 8.9042e+03	 3.3769e+00	 1.8405e-01	 3.2315e+02	 8.9844e+03	-8.6880e+01	 1.0864e+04	 5.9211e+02	-1.8348e+01
 1.0000e+02	 8.9817e+03	 5.9456e+00	 8.1830e-02	 3.2315e+02	 8.9909e+03	-8.9211e+01	 2.1992e+08	 3.0267e+06	-7.2658e+01
 1.5000e+02	 8.9817e+03	 5.9286e+00	 9.4862e-02	 3.2315e+02	 8.9933e+03	-8.9083e+01	 1.2647e+08	 2.0236e+06	-6.2497e+01
 2.2500e+02	 8.9817e+03	 5.9072e+00	 1.1431e-01	 3.2315e+02	 8.9961e+03	-8.8891e+01	 6.9966e+07	 1.3540e+06	-5.1675e+01
 3.3750e+02	 8.9817e+03	 5.8827e+00	 1.3758e-01	 3.2315e+02	 8.9986e+03	-8.8660e+01	 3.8755e+07	 9.0640e+05	-4.2757e+01
 5.0625e+02	 8.9817e+03	 5.8535e+00	 1.6691e-01	 3.2315e+02	 9.0014e+03	-8.8367e+01	 2.1297e+07	 6.0728e+05	-3.5069e+01
 7.5938e+02	 8.9817e+03	 5.8180e+00	 2.0422e-01	 3.2315e+02	 9.0040e+03	-8.7990e+01	 1.1604e+07	 4.0732e+05	-2.8489e+01
 1.1391e+03	 8.9817e+03	 5.7743e+00	 2.5223e-01	 3.2316e+02	 9.0067e+03	-8.7499e+01	 6.2636e+06	 2.7360e+05	-2.2893e+01
 1.7086e+03	 8.9817e+03	 5.7190e+00	 3.1265e-01	 3.2314e+02	 9.0093e+03	-8.6871e+01	 3.3688e+06	 1.8417e+05	-1.8292e+01
 2.5629e+03	 8.9817e+03	 5.6477e+00	 3.8902e-01	 3.2315e+02	 9.0120e+03	-8.6060e+01	 1.8049e+06	 1.2433e+05	-1.4518e+01
 3.8443e+03	 8.9817e+03	 5.5523e+00	 4.8260e-01	 3.2315e+02	 9.0144e+03	-8.5032e+01	 9.6997e+05	 8.4310e+04	-1.1505e+01
 5.7665e+03	 8.9817e+03	 5.4225e+00	 5.9164e-01	 3.2315e+02	 9.0169e+03	-8.3773e+01	 5.2747e+05	 5.7552e+04	-9.1652e+00
 8.6498e+03	 8.9817e+03	 5.2465e+00	 7.0650e-01	 3.2315e+02	 9.0194e+03	-8.2331e+01	 2.9448e+05	 3.9655e+04	-7.4260e+00
 1.2975e+04	 8.9817e+03	 5.0177e+00	 8.0682e-01	 3.2314e+02	 9.0219e+03	-8.0865e+01	 1.7191e+05	 2.7642e+04	-6.2192e+00
 1.9462e+04	 8.9817e+03	 4.7437e+00	 8.6500e-01	 3.2315e+02	 9.0247e+03	-7.9666e+01	 1.0690e+05	 1.9492e+04	-5.4841e+00
 2.9193e+04	 8.9817e+03	 4.4634e+00	 8.6109e-01	 3.2315e+02	 9.0271e+03	-7.9081e+01	 7.1589e+04	 1.3811e+04	-5.1835e+00
 4.3789e+04	 8.9817e+03	 4.1980e+00	 7.9681e-01	 3.2314e+02	 9.0296e+03	-7.9253e+01	 5.1576e+04	 9.7895e+03	-5.2684e+00
 6.5684e+04	 8.9817e+03	 3.9796e+00	 6.9869e-01	 3.2314e+02	 9.0322e+03	-8.0042e+01	 3.9212e+04	 6.8844e+03	-5.6958e+00
 9.8526e+04	 8.9817e+03	 3.8119e+00	 5.9439e-01	 3.2314e+02	 9.0346e+03	-8.1137e+01	 3.0729e+04	 4.7915e+03	-6.4132e+00
 1.4779e+05	 8.9817e+03	 3.6747e+00	 5.0153e-01	 3.2314e+02	 9.0375e+03	-8.2228e+01	 2.4279e+04	 3.3136e+03	-7.3271e+00
 2.2168e+05	 8.9817e+03	 3.5738e+00	 4.2779e-01	 3.2315e+02	 9.0401e+03	-8.3174e+01	 1.8976e+04	 2.2714e+03	-8.3541e+00
 3.3253e+05	 8.9817e+03	 3.4892e+00	 3.7155e-01	 3.2314e+02	 9.0427e+03	-8.3922e+01	 1.4566e+04	 1.5510e+03	-9.3911e+00
 4.9879e+05	 8.9817e+03	 3.4144e+00	 3.2942e-01	 3.2313e+02	 9.0453e+03	-8.4489e+01	 1.0952e+04	 1.0567e+03	-1.0365e+01
 7.4818e+05	 8.9817e+03	 3.4004e+00	 2.0751e-01	 3.2315e+02	 9.0529e+03	-8.6508e+01	 1.1591e+04	 7.0735e+02	-1.6387e+01
 9.0000e+05	 8.9817e+03	 3.3761e+00	 1.8676e-01	 3.2315e+02	 9.0609e+03	-8.6834e+01	 1.0707e+04	 5.9226e+02	-1.8077e+01
 1.0000e+02	 9.0582e+03	 5.9454e+00	 8.1705e-02	 3.2315e+02	 9.0676e+03	-8.9213e+01	 2.2025e+08	 3.0268e+06	-7.2767e+01
 1.5000e+02	 9.0582e+03	 5.9278e+00	 9.8825e-02	 3.2315e+02	 9.0705e+03	-8.9045e+01	 1.2140e+08	 2.0239e+06	-5.9983e+01
 2.2500e+02	 9.0582e+03	 5.9068e+00	 1.1470e-01	 3.2316e+02	 9.0730e+03	-8.8888e+01	 6.9729e+07	 1.3540e+06	-5.1497e+01
 3.3750e+02	 9.0582e+03	 5.8822e+00	 1.3782e-01	 3.2315e+02	 9.0757e+03	-8.8658e+01	 3.8688e+07	 9.0648e+05	-4.2679e+01
 5.0625e+02	 9.0582e+03	 5.8527e+00	 1.6711e-01	 3.2315e+02	 9.0782e+03	-8.8365e+01	 2.1272e+07	 6.0736e+05	-3.5024e+01
 7.5938e+02	 9.0582e+03	 5.8173e+00	 2.0443e-01	 3.2315e+02	 9.0808e+03	-8.7987e+01	 1.1593e+07	 4.0737e+05	-2.8457e+01
 1.1391e+03	 9.0582e+03	 5.7735e+00	 2.5238e-01	 3.2315e+02	 9.0834e+03	-8.7497e+01	 6.2599e+06	 2.7364e+05	-2.2876e+01
 1.7086e+03	 9.0582e+03	 5.7181e+00	 3.1289e-01	 3.2315e+02	 9.0859e+03	-8.6868e+01	 3.3662e+06	 1.8419e+05	-1.8275e+01
 2.5629e+03	 9.0582e+03	 5.6467e+00	 3.8937e-01	 3.2315e+02	 9.0886e+03	-8.6055e+01	 1.8034e+06	 1.2435e+05	-1.4502e+01
 3.8443e+03	 9.0582e+03	 5.5512e+00	 4.8299e-01	 3.2315e+02	 9.0911e+03	-8.5027e+01	 9.6920e+05	 8.4326e+04	-1.1494e+01
 5.7665e+03	 9.0582e+03	 5.4214e+00	 5.9179e-01	 3.2315e+02	 9.0935e+03	-8.3770e+01	 5.2734e+05	 5.7563e+04	-9.1610e+00
 8.6498e+03	 9.0582e+03	 5.2452e+00	 7.0635e-01	 3.2316e+02	 9.0962e+03	-8.2330e+01	 2.9454e+05	 3.9664e+04	-7.4258e+00
 1.2975e+04	 9.0582e+03	 5.0166e+00	 8.0674e-01	 3.2315e+02	 9.0987e+03	-8.0864e+01	 1.7192e+05	 2.7648e+04	-6.2183e+00
 1.9462e+04	 9.0582e+03	 4.7429e+00	 8.6465e-01	 3.2316e+02	 9.1013e+03	-7.9668e+01	 1.0694e+05	 1.9496e+04	-5.4853e+00
 2.9193e+04	 9.0582e+03	 4.4628e+00	 8.6069e-01	 3.2316e+02	 9.1038e+03	-7.9084e+01	 7.1622e+04	 1.3813e+04	-5.1851e+00
 4.3789e+04	 9.0582e+03	 4.1976e+00	 7.9659e-01	 3.2316e+02	 9.1062e+03	-7.9254e+01	 5.1590e+04	 9.7904e+03	-5.2694e+00
 6.5684e+04	 9.0582e+03	 3.9791e+00	 6.9853e-01	 3.2316e+02	 9.1089e+03	-8.0043e+01	 3.9221e+04	 6.8852e+03	-5.6964e+00
 9.8526e+04	 9.0582e+03	 3.8117e+00	 5.9443e-01	 3.2316e+02	 9.1113e+03	-8.1136e+01	 3.0727e+04	 4.7918e+03	-6.4124e+00
 1.4779e+05	 9.0582e+03	 3.6745e+00	 5.0167e-01	 3.2316e+02	 9.1142e+03	-8.2226e+01	 2.4272e+04	 3.3138e+03	-7.3245e+00
 2.2168e+05	 9.0582e+03	 3.5734e+00	 4.2785e-01	 3.2316e+02	 9.1168e+03	-8.3172e+01	 1.8973e+04	 2.2717e+03	-8.3519e+00
 3.3253e+05	 9.0582e+03	 3.4888e+00	 3.7162e-01	 3.2315e+02	 9.1194e+03	-8.3920e+01	 1.4563e+04	 1.5512e+03	-9.3880e+00
 4.9879e+05	 9.0582e+03	 3.4141e+00	 3.2946e-01	 3.2316e+02	 9.1220e+03	-8.4488e+01	 1.0951e+04	 1.0568e+03	-1.0362e+01
 7.4818e+05	 9.0582e+03	 3.4001e+00	 2.0610e-01	 3.2316e+02	 9.1296e+03	-8.6531e+01	 1.1670e+04	 7.0740e+02	-1.6498e+01
 9.0000e+05	 9.0582e+03	 3.3755e+00	 1.8726e-01	 3.2315e+02	 9.1376e+03	-8.6825e+01	 1.0678e+04	 5.9237e+02	-1.8025e+01
 1.0000e+02	 9.1349e+03	 5.9449e+00	 8.2015e-02	 3.2315e+02	 9.1443e+03	-8.9210e+01	 2.1942e+08	 3.0271e+06	-7.2485e+01
 1.5000e+02	 9.1349e+03	 5.9292e+00	 9.7012e-02	 3.2315e+02	 9.1467e+03	-8.9063e+01	 1.2367e+08	 2.0234e+06	-6.1118e+01
 2.2500e+02	 9.1349e+03	 5.9061e+00	 1.1473e-01	 3.2315e+02	 9.1494e+03	-8.8887e+01	 6.9714e+07	 1.3542e+06	-5.1479e+01
 3.3750e+02	 9.1349e+03	 5.8815e+00	 1.3788e-01	 3.2316e+02	 9.1518e+03	-8.8657e+01	 3.8672e+07	 9.0658e+05	-4.2657e+01
 5.0625e+02	 9.1349e+03	 5.8521e+00	 1.6737e-01	 3.2315e+02	 9.1546e+03	-8.8362e+01	 2.1239e+07	 6.0743e+05	-3.4965e+01
 7.5938e+02	 9.1349e+03	 5.8164e+00	 2.0486e-01	 3.2315e+02	 9.1572e+03	-8.7983e+01	 1.1568e+07	 4.0743e+05	-2.8392e+01
 1.1391e+03	 9.1349e+03	 5.7728e+00	 2.5281e-01	 3.2315e+02	 9.1599e+03	-8.7492e+01	 6.2491e+06	 2.7367e+05	-2.2834e+01
 1.7086e+03	 9.1349e+03	 5.7173e+00	 3.1335e-01	 3.2315e+02	 9.1624e+03	-8.6863e+01	 3.3612e+06	 1.8422e+05	-1.8246e+01
 2.5629e+03	 9.1349e+03	 5.6456e+00	 3.8969e-01	 3.2315e+02	 9.1652e+03	-8.6051e+01	 1.8019e+06	 1.2437e+05	-1.4488e+01
 3.8443e+03	 9.1349e+03	 5.5501e+00	 4.8335e-01	 3.2315e+02	 9.1677e+03	-8.5023e+01	 9.6847e+05	 8.4343e+04	-1.1482e+01
 5.7665e+03	 9.1349e+03	 5.4200e+00	 5.9199e-01	 3.2315e+02	 9.1701e+03	-8.3767e+01	 5.2716e+05	 5.7578e+04	-9.1556e+00
 8.6498e+03	 9.1349e+03	 5.2440e+00	 7.0646e-01	 3.2315e+02	 9.1728e+03	-8.2327e+01	 2.9449e+05	 3.9674e+04	-7.4229e+00
 1.2975e+04	 9.1349e+03	 5.0153e+00	 8.0656e-01	 3.2314e+02	 9.1752e+03	-8.0864e+01	 1.7196e+05	 2.7655e+04	-6.2181e+00
 1.9462e+04	 9.1349e+03	 4.7413e+00	 8.6398e-01	 3.2315e+02	 9.1779e+03	-7.9673e+01	 1.0702e+05	 1.9502e+04	-5.4878e+00
 2.9193e+04	 9.1349e+03	 4.4616e+00	 8.6012e-01	 3.2315e+02	 9.1804e+03	-7.9088e+01	 7.1669e+04	 1.3817e+04	-5.1872e+00
 4.3789e+04	 9.1349e+03	 4.1966e+00	 7.9585e-01	 3.2315e+02	 9.1830e+03	-7.9262e+01	 5.1638e+04	 9.7926e+03	-5.2731e+00
 6.5684e+04	 9.1349e+03	 3.9786e+00	 6.9814e-01	 3.2315e+02	 9.1856e+03	-8.0047e+01	 3.9243e+04	 6.8862e+03	-5.6988e+00
 9.8526e+04	 9.1349e+03	 3.8110e+00	 5.9411e-01	 3.2315e+02	 9.1881e+03	-8.1139e+01	 3.0743e+04	 4.7927e+03	-6.4145e+00
 1.4779e+05	 9.1349e+03	 3.6738e+00	 5.0142e-01	 3.2315e+02	 9.1909e+03	-8.2228e+01	 2.4284e+04	 3.3144e+03	-7.3268e+00
 2.2168e+05	 9.1349e+03	 3.5729e+00	 4.2788e-01	 3.2315e+02	 9.1935e+03	-8.3171e+01	 1.8972e+04	 2.2721e+03	-8.3502e+00
 3.3253e+05	 9.1349e+03	 3.4883e+00	 3.7157e-01	 3.2314e+02	 9.1962e+03	-8.3920e+01	 1.4565e+04	 1.5514e+03	-9.3880e+00
 4.9879e+05	 9.1349e+03	 3.4134e+00	 3.2945e-01	 3.2314e+02	 9.1988e+03	-8.4487e+01	 1.0951e+04	 1.0570e+03	-1.0361e+01
 7.4818e+05	 9.1349e+03	 3.3996e+00	 2.0460e-01	 3.2315e+02	 9.2069e+03	-8.6556e+01	 1.1756e+04	 7.0751e+02	-1.6615e+01
 9.0000e+05	 9.1349e+03	 3.3754e+00	 1.8290e-01	 3.2315e+02	 9.2148e+03	-8.6898e+01	 1.0933e+04	 5.9239e+02	-1.8455e+01
 1.0000e+02	 9.2120e+03	 5.9445e+00	 8.2006e-02	 3.2315e+02	 9.2217e+03	-8.9210e+01	 2.1944e+08	 3.0273e+06	-7.2488e+01
 1.5000e+02	 9.2120e+03	 5.9263e+00	 9.5212e-02	 3.2315e+02	 9.2242e+03	-8.9080e+01	 1.2600e+08	 2.0244e+06	-6.2244e+01
 2.2500e+02	 9.2120e+03	 5.9056e+00	 1.1484e-01	 3.2315e+02	 9.2266e+03	-8.8886e+01	 6.9645e+07	 1.3543e+06	-5.1424e+01
 3.3750e+02	 9.2120e+03	 5.8811e+00	 1.3813e-01	 3.2315e+02	 9.2294e+03	-8.8655e+01	 3.8602e+07	 9.0664e+05	-4.2577e+01
 5.0625e+02	 9.2120e+03	 5.8514e+00	 1.6757e-01	 3.2315e+02	 9.2318e+03	-8.8360e+01	 2.1214e+07	 6.0750e+05	-3.4920e+01
 7.5938e+02	 9.2120e+03	 5.8159e+00	 2.0501e-01	 3.2315e+02	 9.2345e+03	-8.7981e+01	 1.1559e+07	 4.0747e+05	-2.8369e+01
 1.1391e+03	 9.2120e+03	 5.7722e+00	 2.5304e-01	 3.2315e+02	 9.2369e+03	-8.7490e+01	 6.2435e+06	 2.7370e+05	-2.2811e+01
 1.7086e+03	 9.2120e+03	 5.7164e+00	 3.1370e-01	 3.2315e+02	 9.2395e+03	-8.6859e+01	 3.3575e+06	 1.8425e+05	-1.8223e+01
 2.5629e+03	 9.2120e+03	 5.6448e+00	 3.9004e-01	 3.2316e+02	 9.2421e+03	-8.6047e+01	 1.8002e+06	 1.2439e+05	-1.4472e+01
 3.8443e+03	 9.2120e+03	 5.5489e+00	 4.8352e-01	 3.2315e+02	 9.2446e+03	-8.5020e+01	 9.6813e+05	 8.4361e+04	-1.1476e+01
 5.7665e+03	 9.2120e+03	 5.4188e+00	 5.9210e-01	 3.2315e+02	 9.2470e+03	-8.3764e+01	 5.2706e+05	 5.7590e+04	-9.1518e+00
 8.6498e+03	 9.2120e+03	 5.2428e+00	 7.0642e-01	 3.2316e+02	 9.2496e+03	-8.2326e+01	 2.9451e+05	 3.9683e+04	-7.4216e+00
 1.2975e+04	 9.2120e+03	 5.0140e+00	 8.0629e-01	 3.2315e+02	 9.2520e+03	-8.0865e+01	 1.7202e+05	 2.7663e+04	-6.2186e+00
 1.9462e+04	 9.2120e+03	 4.7404e+00	 8.6371e-01	 3.2315e+02	 9.2546e+03	-7.9674e+01	 1.0706e+05	 1.9506e+04	-5.4884e+00
 2.9193e+04	 9.2120e+03	 4.4608e+00	 8.5978e-01	 3.2316e+02	 9.2571e+03	-7.9090e+01	 7.1697e+04	 1.3819e+04	-5.1883e+00
 4.3789e+04	 9.2120e+03	 4.1961e+00	 7.9557e-01	 3.2315e+02	 9.2595e+03	-7.9264e+01	 5.1656e+04	 9.7939e+03	-5.2744e+00
 6.5684e+04	 9.2120e+03	 3.9778e+00	 6.9789e-01	 3.2315e+02	 9.2621e+03	-8.0049e+01	 3.9257e+04	 6.8875e+03	-5.6998e+00
 9.8526e+04	 9.2120e+03	 3.8104e+00	 5.9396e-01	 3.2315e+02	 9.2646e+03	-8.1140e+01	 3.0751e+04	 4.7934e+03	-6.4153e+00
 1.4779e+05	 9.2120e+03	 3.6732e+00	 5.0123e-01	 3.2315e+02	 9.2674e+03	-8.2230e+01	 2.4294e+04	 3.3150e+03	-7.3283e+00
 2.2168e+05	 9.2120e+03	 3.5724e+00	 4.2780e-01	 3.2315e+02	 9.2700e+03	-8.3171e+01	 1.8976e+04	 2.2724e+03	-8.3506e+00
 3.3253e+05	 9.2120e+03	 3.4876e+00	 3.7152e-01	 3.2315e+02	 9.2728e+03	-8.3919e+01	 1.4567e+04	 1.5517e+03	-9.3874e+00
 4.9879e+05	 9.2120e+03	 3.4128e+00	 3.2939e-01	 3.2315e+02	 9.2754e+03	-8.4487e+01	 1.0953e+04	 1.0572e+03	-1.0361e+01
 7.4818e+05	 9.2120e+03	 3.3990e+00	 2.0489e-01	 3.2315e+02	 9.2834e+03	-8.6550e+01	 1.1739e+04	 7.0763e+02	-1.6590e+01
 9.0000e+05	 9.2120e+03	 3.3742e+00	 1.8783e-01	 3.2315e+02	 9.2910e+03	-8.6814e+01	 1.0645e+04	 5.9259e+02	-1.7964e+01
 1.0000e+02	 9.2883e+03	 5.9441e+00	 8.2404e-02	 3.2315e+02	 9.2975e+03	-8.9206e+01	 2.1838e+08	 3.0275e+06	-7.2133e+01
 1.5000e+02	 9.2883e+03	 5.9279e+00	 9.6854e-02	 3.2315e+02	 9.3002e+03	-8.9064e+01	 1.2387e+08	 2.0239e+06	-6.1204e+01
 2.2500e+02	 9.2883e+03	 5.9053e+00	 1.1522e-01	 3.2315e+02	 9.3027e+03	-8.8882e+01	 6.9413e+07	 1.3544e+06	-5.1250e+01
 3.3750e+02	 9.2883e+03	 5.8807e+00	 1.3850e-01	 3.2315e+02	 9.3051e+03	-8.8651e+01	 3.8497e+07	 9.0670e+05	-4.2459e+01
 5.0625e+02	 9.2883e+03	 5.8510e+00	 1.6797e-01	 3.2315e+02	 9.3079e+03	-8.8356e+01	 2.1163e+07	 6.0754e+05	-3.4833e+01
 7.5938e+02	 9.2883e+03	 5.8153e+00	 2.0548e-01	 3.2315e+02	 9.3106e+03	-8.7976e+01	 1.1533e+07	 4.0751e+05	-2.8301e+01
 1.1391e+03	 9.2883e+03	 5.7712e+00	 2.5327e-01	 3.2315e+02	 9.3132e+03	-8.7487e+01	 6.2379e+06	 2.7375e+05	-2.2786e+01
 1.7086e+03	 9.2883e+03	 5.7156e+00	 3.1418e-01	 3.2315e+02	 9.3158e+03	-8.6854e+01	 3.3523e+06	 1.8428e+05	-1.8192e+01
 2.5629e+03	 9.2883e+03	 5.6437e+00	 3.9057e-01	 3.2315e+02	 9.3184e+03	-8.6041e+01	 1.7978e+06	 1.2442e+05	-1.4450e+01
 3.8443e+03	 9.2883e+03	 5.5478e+00	 4.8394e-01	 3.2315e+02	 9.3208e+03	-8.5015e+01	 9.6729e+05	 8.4377e+04	-1.1464e+01
 5.7665e+03	 9.2883e+03	 5.4175e+00	 5.9253e-01	 3.2315e+02	 9.3232e+03	-8.3758e+01	 5.2668e+05	 5.7604e+04	-9.1431e+00
 8.6498e+03	 9.2883e+03	 5.2410e+00	 7.0665e-01	 3.2314e+02	 9.3259e+03	-8.2321e+01	 2.9442e+05	 3.9696e+04	-7.4168e+00
 1.2975e+04	 9.2883e+03	 5.0124e+00	 8.0610e-01	 3.2315e+02	 9.3285e+03	-8.0864e+01	 1.7206e+05	 2.7671e+04	-6.2181e+00
 1.9462e+04	 9.2883e+03	 4.7391e+00	 8.6353e-01	 3.2315e+02	 9.3310e+03	-7.9673e+01	 1.0708e+05	 1.9511e+04	-5.4881e+00
 2.9193e+04	 9.2883e+03	 4.4595e+00	 8.5940e-01	 3.2315e+02	 9.3334e+03	-7.9092e+01	 7.1729e+04	 1.3823e+04	-5.1891e+00
 4.3789e+04	 9.2883e+03	 4.1952e+00	 7.9519e-01	 3.2314e+02	 9.3359e+03	-7.9267e+01	 5.1681e+04	 9.7960e+03	-5.2757e+00
 6.5684e+04	 9.2883e+03	 3.9771e+00	 6.9747e-01	 3.2314e+02	 9.3386e+03	-8.0053e+01	 3.9281e+04	 6.8887e+03	-5.7022e+00
 9.8526e+04	 9.2883e+03	 3.8096e+00	 5.9357e-01	 3.2315e+02	 9.3411e+03	-8.1144e+01	 3.0771e+04	 4.7944e+03	-6.4182e+00
 1.4779e+05	 9.2883e+03	 3.6726e+00	 5.0118e-01	 3.2315e+02	 9.3438e+03	-8.2229e+01	 2.4296e+04	 3.3155e+03	-7.3279e+00
 2.2168e+05	 9.2883e+03	 3.5717e+00	 4.2765e-01	 3.2314e+02	 9.3464e+03	-8.3172e+01	 1.8982e+04	 2.2728e+03	-8.3520e+00
 3.3253e+05	 9.2883e+03	 3.4870e+00	 3.7148e-01	 3.2315e+02	 9.3492e+03	-8.3919e+01	 1.4568e+04	 1.5520e+03	-9.3868e+00
 4.9879e+05	 9.2883e+03	 3.4122e+00	 3.2932e-01	 3.2315e+02	 9.3518e+03	-8.4487e+01	 1.0956e+04	 1.0574e+03	-1.0361e+01
 7.4818e+05	 9.2883e+03	 3.3980e+00	 2.0828e-01	 3.2315e+02	 9.3599e+03	-8.6492e+01	 1.1548e+04	 7.0785e+02	-1.6314e+01
 9.0000e+05	 9.2883e+03	 3.3736e+00	 1.8918e-01	 3.2315e+02	 9.3678e+03	-8.6790e+01	 1.0569e+04	 5.9269e+02	-1.7833e+01
 1.0000e+02	 9.3651e+03	 5.9438e+00	 8.2407e-02	 3.2314e+02	 9.3749e+03	-8.9206e+01	 2.1838e+08	 3.0276e+06	-7.2128e+01
 1.5000e+02	 9.3651e+03	 5.9253e+00	 1.0006e-01	 3.2315e+02	 9.3774e+03	-8.9033e+01	 1.1990e+08	 2.0247e+06	-5.9218e+01
 2.2500e+02	 9.3651e+03	 5.9048e+00	 1.1530e-01	 3.2315e+02	 9.3801e+03	-8.8881e+01	 6.9367e+07	 1.3545e+06	-5.1212e+01
 3.3750e+02	 9.3651e+03	 5.8800e+00	 1.3862e-01	 3.2315e+02	 9.3826e+03	-8.8649e+01	 3.8465e+07	 9.0681e+05	-4.2418e+01
 5.0625e+02	 9.3651e+03	 5.8503e+00	 1.6812e-01	 3.2315e+02	 9.3854e+03	-8.8354e+01	 2.1144e+07	 6.0761e+05	-3.4798e+01
 7.5938e+02	 9.3651e+03	 5.8145e+00	 2.0577e-01	 3.2315e+02	 9.3879e+03	-8.7973e+01	 1.1517e+07	 4.0757e+05	-2.8258e+01
 1.1391e+03	 9.3651e+03	 5.7707e+00	 2.5325e-01	 3.2315e+02	 9.3907e+03	-8.7487e+01	 6.2384e+06	 2.7377e+05	-2.2787e+01
 1.7086e+03	 9.3651e+03	 5.7147e+00	 3.1427e-01	 3.2315e+02	 9.3933e+03	-8.6852e+01	 3.3514e+06	 1.8431e+05	-1.8184e+01
 2.5629e+03	 9.3651e+03	 5.6429e+00	 3.9083e-01	 3.2315e+02	 9.3960e+03	-8.6038e+01	 1.7966e+06	 1.2443e+05	-1.4438e+01
 3.8443e+03	 9.3651e+03	 5.5469e+00	 4.8412e-01	 3.2315e+02	 9.3984e+03	-8.5012e+01	 9.6693e+05	 8.4391e+04	-1.1458e+01
 5.7665e+03	 9.3651e+03	 5.4166e+00	 5.9243e-01	 3.2315e+02	 9.4009e+03	-8.3758e+01	 5.2677e+05	 5.7614e+04	-9.1430e+00
 8.6498e+03	 9.3651e+03	 5.2404e+00	 7.0646e-01	 3.2315e+02	 9.4036e+03	-8.2322e+01	 2.9449e+05	 3.9701e+04	-7.4179e+00
 1.2975e+04	 9.3651e+03	 5.0117e+00	 8.0583e-01	 3.2315e+02	 9.4061e+03	-8.0866e+01	 1.7212e+05	 2.7675e+04	-6.2193e+00
 1.9462e+04	 9.3651e+03	 4.7385e+00	 8.6306e-01	 3.2315e+02	 9.4087e+03	-7.9677e+01	 1.0714e+05	 1.9514e+04	-5.4903e+00
 2.9193e+04	 9.3651e+03	 4.4593e+00	 8.5901e-01	 3.2315e+02	 9.4112e+03	-7.9096e+01	 7.1762e+04	 1.3824e+04	-5.1912e+00
 4.3789e+04	 9.3651e+03	 4.1949e+00	 7.9500e-01	 3.2315e+02	 9.4136e+03	-7.9269e+01	 5.1693e+04	 9.7966e+03	-5.2766e+00
 6.5684e+04	 9.3651e+03	 3.9770e+00	 6.9750e-01	 3.2315e+02	 9.4164e+03	-8.0052e+01	 3.9279e+04	 6.8890e+03	-5.7018e+00
 9.8526e+04	 9.3651e+03	 3.8095e+00	 5.9373e-01	 3.2315e+02	 9.4188e+03	-8.1141e+01	 3.0763e+04	 4.7946e+03	-6.4161e+00
 1.4779e+05	 9.3651e+03	 3.6724e+00	 5.0121e-01	 3.2315e+02	 9.4215e+03	-8.2228e+01	 2.4295e+04	 3.3157e+03	-7.3272e+00
 2.2168e+05	 9.3651e+03	 3.5715e+00	 4.2786e-01	 3.2316e+02	 9.4241e+03	-8.3169e+01	 1.8973e+04	 2.2729e+03	-8.3472e+00
 3.3253e+05	 9.3651e+03	 3.4868e+00	 3.7151e-01	 3.2315e+02	 9.4270e+03	-8.3918e+01	 1.4567e+04	 1.5521e+03	-9.3853e+00
 4.9879e+05	 9.3651e+03	 3.4118e+00	 3.2944e-01	 3.2315e+02	 9.4295e+03	-8.4485e+01	 1.0951e+04	 1.0575e+03	-1.0356e+01
 7.4818e+05	 9.3651e+03	 3.3974e+00	 2.1171e-01	 3.2315e+02	 9.4376e+03	-8.6434e+01	 1.1361e+04	 7.0797e+02	-1.6047e+01
 9.0000e+05	 9.3651e+03	 3.3732e+00	 1.8955e-01	 3.2315e+02	 9.4453e+03	-8.6784e+01	 1.0549e+04	 5.9277e+02	-1.7796e+01