PEI 25 kg/mol, 2 mg/ml from Ethanol on B 10 x 15 mm + H 1x1 mm, 70 nm, 30 µm, Absorption, 23.4.2026, 10:30
Diameter[mm] 1.128e+00  Thickness[mm] 1.000e-04  Spacer Capacity[pF] 0.000e+00  Spacer Area[mm^2] 0.000e+00
Fixed value(s) :  AC Volt  [Vrms]=1.000
 Freq. [Hz]	 Time  [s]	 Eps'   	 Eps''  	M Temp [K]	M Time M[s]	  Phi [Deg]	 Zp' [Ohms]	 Zp'' [Ohms]	Tan(Phi) 
 1.0000e+02	 0.0000e+00	 6.2462e+00	 1.8167e-01	 3.6316e+02	 7.6000e+00	-8.8334e+01	 9.9055e+07	 2.8811e+06	-3.4381e+01
 1.5000e+02	 0.0000e+00	 6.2111e+00	 1.5830e-01	 3.6316e+02	 1.0080e+01	-8.8540e+01	 7.5786e+07	 1.9315e+06	-3.9236e+01
 2.2500e+02	 0.0000e+00	 6.1794e+00	 1.4322e-01	 3.6315e+02	 1.2580e+01	-8.8672e+01	 5.5845e+07	 1.2943e+06	-4.3146e+01
 3.3750e+02	 0.0000e+00	 6.1528e+00	 1.3043e-01	 3.6316e+02	 1.5270e+01	-8.8786e+01	 4.0879e+07	 8.6661e+05	-4.7171e+01
 5.0625e+02	 0.0000e+00	 6.1289e+00	 1.2215e-01	 3.6316e+02	 1.7690e+01	-8.8858e+01	 2.9102e+07	 5.7999e+05	-5.0176e+01
 7.5938e+02	 0.0000e+00	 6.1074e+00	 1.1910e-01	 3.6316e+02	 2.0490e+01	-8.8883e+01	 1.9897e+07	 3.8802e+05	-5.1278e+01
 1.1391e+03	 0.0000e+00	 6.0875e+00	 1.2159e-01	 3.6316e+02	 2.5440e+01	-8.8856e+01	 1.2993e+07	 2.5953e+05	-5.0065e+01
 1.7086e+03	 0.0000e+00	 6.0682e+00	 1.3149e-01	 3.6316e+02	 2.7940e+01	-8.8759e+01	 8.0103e+06	 1.7357e+05	-4.6151e+01
 2.5629e+03	 0.0000e+00	 6.0483e+00	 1.5007e-01	 3.6316e+02	 3.0500e+01	-8.8579e+01	 4.6788e+06	 1.1609e+05	-4.0302e+01
 3.8443e+03	 0.0000e+00	 6.0262e+00	 1.8030e-01	 3.6316e+02	 3.3250e+01	-8.8286e+01	 2.5963e+06	 7.7678e+04	-3.3424e+01
 5.7665e+03	 0.0000e+00	 6.0001e+00	 2.2586e-01	 3.6316e+02	 3.5690e+01	-8.7844e+01	 1.3817e+06	 5.2011e+04	-2.6566e+01
 8.6498e+03	 0.0000e+00	 5.9651e+00	 2.9214e-01	 3.6316e+02	 3.8360e+01	-8.7196e+01	 7.1214e+05	 3.4878e+04	-2.0418e+01
 1.2975e+04	 0.0000e+00	 5.9151e+00	 3.8542e-01	 3.6315e+02	 4.0940e+01	-8.6272e+01	 3.5986e+05	 2.3448e+04	-1.5347e+01
 1.9462e+04	 0.0000e+00	 5.8392e+00	 5.1135e-01	 3.6315e+02	 4.3550e+01	-8.4995e+01	 1.8083e+05	 1.5836e+04	-1.1419e+01
 2.9193e+04	 0.0000e+00	 5.7195e+00	 6.7269e-01	 3.6315e+02	 4.6190e+01	-8.3292e+01	 9.1638e+04	 1.0778e+04	-8.5024e+00
 4.3789e+04	 0.0000e+00	 5.5313e+00	 8.5954e-01	 3.6315e+02	 4.8850e+01	-8.1167e+01	 4.7811e+04	 7.4297e+03	-6.4352e+00
 6.5684e+04	 0.0000e+00	 5.2524e+00	 1.0426e+00	 3.6316e+02	 5.1310e+01	-7.8772e+01	 2.6277e+04	 5.2161e+03	-5.0376e+00
 9.8526e+04	 0.0000e+00	 4.8829e+00	 1.1708e+00	 3.6315e+02	 5.3880e+01	-7.6516e+01	 1.5600e+04	 3.7406e+03	-4.1704e+00
 1.4779e+05	 0.0000e+00	 4.4618e+00	 1.1921e+00	 3.6316e+02	 5.9020e+01	-7.5041e+01	 1.0214e+04	 2.7291e+03	-3.7427e+00
 2.2168e+05	 0.0000e+00	 4.0678e+00	 1.0930e+00	 3.6316e+02	 6.1600e+01	-7.4960e+01	 7.4271e+03	 1.9956e+03	-3.7217e+00
 3.3253e+05	 0.0000e+00	 3.7519e+00	 9.0901e-01	 3.6316e+02	 6.4060e+01	-7.6381e+01	 5.9535e+03	 1.4424e+03	-4.1274e+00
 4.9879e+05	 0.0000e+00	-4.4766e+00	 4.6233e+01	 3.6316e+02	 6.6740e+01	 5.5305e+00	 7.8036e+01	-8.0595e+02	 9.6826e-02
 7.4818e+05	 0.0000e+00	 3.4664e+00	 4.1243e-01	 3.6315e+02	 7.3440e+01	-8.3215e+01	 5.8319e+03	 6.9387e+02	-8.4049e+00
 9.0000e+05	 0.0000e+00	 3.4342e+00	 3.3389e-01	 3.6315e+02	 8.1130e+01	-8.4447e+01	 5.9886e+03	 5.8224e+02	-1.0285e+01
 1.0000e+02	 7.8400e+01	 6.2477e+00	 1.8203e-01	 3.6315e+02	 8.9270e+01	-8.8331e+01	 9.8859e+07	 2.8804e+06	-3.4322e+01
 1.5000e+02	 7.8400e+01	 6.2106e+00	 1.5957e-01	 3.6315e+02	 9.1780e+01	-8.8528e+01	 7.5185e+07	 1.9317e+06	-3.8921e+01
 2.2500e+02	 7.8400e+01	 6.1807e+00	 1.4324e-01	 3.6315e+02	 9.4490e+01	-8.8672e+01	 5.5838e+07	 1.2940e+06	-4.3150e+01
 3.3750e+02	 7.8400e+01	 6.1542e+00	 1.3060e-01	 3.6315e+02	 9.7080e+01	-8.8784e+01	 4.0828e+07	 8.6641e+05	-4.7123e+01
 5.0625e+02	 7.8400e+01	 6.1302e+00	 1.2231e-01	 3.6315e+02	 9.9830e+01	-8.8857e+01	 2.9063e+07	 5.7986e+05	-5.0121e+01
 7.5938e+02	 7.8400e+01	 6.1087e+00	 1.1926e-01	 3.6315e+02	 1.0244e+02	-8.8882e+01	 1.9870e+07	 3.8794e+05	-5.1220e+01
 1.1391e+03	 7.8400e+01	 6.0887e+00	 1.2182e-01	 3.6315e+02	 1.0750e+02	-8.8854e+01	 1.2969e+07	 2.5948e+05	-4.9982e+01
 1.7086e+03	 7.8400e+01	 6.0699e+00	 1.3156e-01	 3.6315e+02	 1.1000e+02	-8.8758e+01	 8.0060e+06	 1.7352e+05	-4.6139e+01
 2.5629e+03	 7.8400e+01	 6.0498e+00	 1.5017e-01	 3.6315e+02	 1.1275e+02	-8.8578e+01	 4.6759e+06	 1.1606e+05	-4.0287e+01
 3.8443e+03	 7.8400e+01	 6.0275e+00	 1.8045e-01	 3.6315e+02	 1.1525e+02	-8.8285e+01	 2.5941e+06	 7.7662e+04	-3.3403e+01
 5.7665e+03	 7.8400e+01	 6.0013e+00	 2.2623e-01	 3.6316e+02	 1.1800e+02	-8.7841e+01	 1.3794e+06	 5.2001e+04	-2.6527e+01
 8.6498e+03	 7.8400e+01	 5.9663e+00	 2.9240e-01	 3.6316e+02	 1.2056e+02	-8.7194e+01	 7.1152e+05	 3.4871e+04	-2.0404e+01
 1.2975e+04	 7.8400e+01	 5.9164e+00	 3.8563e-01	 3.6315e+02	 1.2325e+02	-8.6271e+01	 3.5967e+05	 2.3443e+04	-1.5342e+01
 1.9462e+04	 7.8400e+01	 5.8403e+00	 5.1187e-01	 3.6315e+02	 1.2569e+02	-8.4991e+01	 1.8064e+05	 1.5832e+04	-1.1410e+01
 2.9193e+04	 7.8400e+01	 5.7205e+00	 6.7330e-01	 3.6316e+02	 1.2850e+02	-8.3287e+01	 9.1555e+04	 1.0776e+04	-8.4962e+00
 4.3789e+04	 7.8400e+01	 5.5319e+00	 8.6009e-01	 3.6316e+02	 1.3094e+02	-8.1163e+01	 4.7781e+04	 7.4289e+03	-6.4318e+00
 6.5684e+04	 7.8400e+01	 5.2531e+00	 1.0433e+00	 3.6315e+02	 1.3344e+02	-7.8766e+01	 2.6259e+04	 5.2155e+03	-5.0348e+00
 9.8526e+04	 7.8400e+01	 4.8833e+00	 1.1713e+00	 3.6315e+02	 1.3619e+02	-7.6513e+01	 1.5594e+04	 3.7403e+03	-4.1693e+00
 1.4779e+05	 7.8400e+01	 4.4620e+00	 1.1921e+00	 3.6315e+02	 1.4150e+02	-7.5042e+01	 1.0214e+04	 2.7290e+03	-3.7429e+00
 2.2168e+05	 7.8400e+01	 4.0682e+00	 1.0928e+00	 3.6315e+02	 1.4394e+02	-7.4964e+01	 7.4285e+03	 1.9954e+03	-3.7228e+00
 3.3253e+05	 7.8400e+01	 3.7524e+00	 9.0876e-01	 3.6315e+02	 1.4669e+02	-7.6386e+01	 5.9552e+03	 1.4422e+03	-4.1291e+00
 4.9879e+05	 7.8400e+01	-4.4742e+00	 4.6241e+01	 3.6315e+02	 1.4936e+02	 5.5267e+00	 7.8024e+01	-8.0637e+02	 9.6759e-02
 7.4818e+05	 7.8400e+01	 3.4661e+00	 4.1783e-01	 3.6315e+02	 1.5603e+02	-8.3126e+01	 5.7566e+03	 6.9393e+02	-8.2955e+00
 9.0000e+05	 7.8400e+01	 3.4340e+00	 3.3830e-01	 3.6316e+02	 1.6394e+02	-8.4374e+01	 5.9104e+03	 5.8227e+02	-1.0151e+01
 1.0000e+02	 1.6120e+02	 6.2490e+00	 1.8183e-01	 3.6315e+02	 1.7177e+02	-8.8333e+01	 9.8969e+07	 2.8798e+06	-3.4367e+01
 1.5000e+02	 1.6120e+02	 6.2131e+00	 1.6095e-01	 3.6315e+02	 1.7445e+02	-8.8516e+01	 7.4540e+07	 1.9309e+06	-3.8603e+01
 2.2500e+02	 1.6120e+02	 6.1820e+00	 1.4322e-01	 3.6315e+02	 1.7695e+02	-8.8673e+01	 5.5843e+07	 1.2938e+06	-4.3163e+01
 3.3750e+02	 1.6120e+02	 6.1551e+00	 1.3041e-01	 3.6315e+02	 1.7958e+02	-8.8786e+01	 4.0886e+07	 8.6629e+05	-4.7197e+01
 5.0625e+02	 1.6120e+02	 6.1316e+00	 1.2235e-01	 3.6315e+02	 1.8206e+02	-8.8857e+01	 2.9054e+07	 5.7973e+05	-5.0116e+01
 7.5938e+02	 1.6120e+02	 6.1101e+00	 1.1947e-01	 3.6315e+02	 1.8469e+02	-8.8880e+01	 1.9836e+07	 3.8785e+05	-5.1143e+01
 1.1391e+03	 1.6120e+02	 6.0901e+00	 1.2158e-01	 3.6315e+02	 1.9002e+02	-8.8856e+01	 1.2994e+07	 2.5942e+05	-5.0090e+01
 1.7086e+03	 1.6120e+02	 6.0709e+00	 1.3176e-01	 3.6315e+02	 1.9269e+02	-8.8757e+01	 7.9936e+06	 1.7349e+05	-4.6075e+01
 2.5629e+03	 1.6120e+02	 6.0505e+00	 1.5043e-01	 3.6315e+02	 1.9555e+02	-8.8576e+01	 4.6679e+06	 1.1605e+05	-4.0223e+01
 3.8443e+03	 1.6120e+02	 6.0286e+00	 1.8044e-01	 3.6315e+02	 1.9800e+02	-8.8286e+01	 2.5942e+06	 7.7648e+04	-3.3410e+01
 5.7665e+03	 1.6120e+02	 6.0022e+00	 2.2634e-01	 3.6315e+02	 2.0044e+02	-8.7840e+01	 1.3788e+06	 5.1993e+04	-2.6519e+01
 8.6498e+03	 1.6120e+02	 5.9676e+00	 2.9271e-01	 3.6314e+02	 2.0319e+02	-8.7192e+01	 7.1078e+05	 3.4863e+04	-2.0388e+01
 1.2975e+04	 1.6120e+02	 5.9176e+00	 3.8598e-01	 3.6315e+02	 2.0575e+02	-8.6268e+01	 3.5934e+05	 2.3438e+04	-1.5331e+01
 1.9462e+04	 1.6120e+02	 5.8411e+00	 5.1230e-01	 3.6315e+02	 2.0850e+02	-8.4988e+01	 1.8049e+05	 1.5830e+04	-1.1402e+01
 2.9193e+04	 1.6120e+02	 5.7210e+00	 6.7386e-01	 3.6315e+02	 2.1106e+02	-8.3282e+01	 9.1479e+04	 1.0775e+04	-8.4899e+00
 4.3789e+04	 1.6120e+02	 5.5324e+00	 8.6082e-01	 3.6315e+02	 2.1375e+02	-8.1156e+01	 4.7740e+04	 7.4282e+03	-6.4269e+00
 6.5684e+04	 1.6120e+02	 5.2532e+00	 1.0439e+00	 3.6315e+02	 2.1619e+02	-7.8761e+01	 2.6246e+04	 5.2154e+03	-5.0325e+00
 9.8526e+04	 1.6120e+02	 4.8831e+00	 1.1714e+00	 3.6314e+02	 2.1903e+02	-7.6511e+01	 1.5593e+04	 3.7404e+03	-4.1687e+00
 1.4779e+05	 1.6120e+02	 4.4617e+00	 1.1921e+00	 3.6314e+02	 2.2438e+02	-7.5041e+01	 1.0215e+04	 2.7291e+03	-3.7428e+00
 2.2168e+05	 1.6120e+02	 4.0682e+00	 1.0925e+00	 3.6314e+02	 2.2681e+02	-7.4968e+01	 7.4304e+03	 1.9954e+03	-3.7237e+00
 3.3253e+05	 1.6120e+02	 3.7528e+00	 9.0855e-01	 3.6314e+02	 2.2925e+02	-7.6391e+01	 5.9566e+03	 1.4421e+03	-4.1306e+00
 4.9879e+05	 1.6120e+02	-4.4703e+00	 4.6244e+01	 3.6314e+02	 2.3199e+02	 5.5216e+00	 7.8019e+01	-8.0707e+02	 9.6669e-02
 7.4818e+05	 1.6120e+02	 3.4657e+00	 4.2377e-01	 3.6314e+02	 2.3856e+02	-8.3029e+01	 5.6758e+03	 6.9402e+02	-8.1782e+00
 9.0000e+05	 1.6120e+02	 3.4334e+00	 3.4618e-01	 3.6315e+02	 2.4669e+02	-8.4242e+01	 5.7759e+03	 5.8238e+02	-9.9177e+00
 1.0000e+02	 2.4390e+02	 6.2497e+00	 1.8189e-01	 3.6315e+02	 2.5460e+02	-8.8333e+01	 9.8939e+07	 2.8794e+06	-3.4361e+01
 1.5000e+02	 2.4390e+02	 6.2138e+00	 1.5961e-01	 3.6316e+02	 2.5720e+02	-8.8529e+01	 7.5165e+07	 1.9307e+06	-3.8931e+01
 2.2500e+02	 2.4390e+02	 6.1833e+00	 1.4308e-01	 3.6316e+02	 2.5970e+02	-8.8674e+01	 5.5901e+07	 1.2935e+06	-4.3217e+01
 3.3750e+02	 2.4390e+02	 6.1561e+00	 1.3048e-01	 3.6315e+02	 2.6236e+02	-8.8786e+01	 4.0866e+07	 8.6614e+05	-4.7182e+01
 5.0625e+02	 2.4390e+02	 6.1324e+00	 1.2225e-01	 3.6315e+02	 2.6481e+02	-8.8858e+01	 2.9077e+07	 5.7966e+05	-5.0162e+01
 7.5938e+02	 2.4390e+02	 6.1111e+00	 1.1921e-01	 3.6315e+02	 2.6738e+02	-8.8882e+01	 1.9879e+07	 3.8779e+05	-5.1264e+01
 1.1391e+03	 2.4390e+02	 6.0913e+00	 1.2209e-01	 3.6315e+02	 2.7250e+02	-8.8852e+01	 1.2940e+07	 2.5937e+05	-4.9891e+01
 1.7086e+03	 2.4390e+02	 6.0720e+00	 1.3154e-01	 3.6315e+02	 2.7503e+02	-8.8759e+01	 8.0068e+06	 1.7346e+05	-4.6159e+01
 2.5629e+03	 2.4390e+02	 6.0517e+00	 1.5022e-01	 3.6315e+02	 2.7781e+02	-8.8578e+01	 4.6741e+06	 1.1603e+05	-4.0285e+01
 3.8443e+03	 2.4390e+02	 6.0297e+00	 1.8058e-01	 3.6315e+02	 2.8053e+02	-8.8285e+01	 2.5922e+06	 7.7634e+04	-3.3390e+01
 5.7665e+03	 2.4390e+02	 6.0033e+00	 2.2640e-01	 3.6315e+02	 2.8300e+02	-8.7840e+01	 1.3784e+06	 5.1983e+04	-2.6516e+01
 8.6498e+03	 2.4390e+02	 5.9684e+00	 2.9293e-01	 3.6316e+02	 2.8585e+02	-8.7190e+01	 7.1023e+05	 3.4859e+04	-2.0375e+01
 1.2975e+04	 2.4390e+02	 5.9184e+00	 3.8619e-01	 3.6316e+02	 2.8844e+02	-8.6267e+01	 3.5914e+05	 2.3435e+04	-1.5325e+01
 1.9462e+04	 2.4390e+02	 5.8422e+00	 5.1261e-01	 3.6317e+02	 2.9110e+02	-8.4986e+01	 1.8038e+05	 1.5827e+04	-1.1397e+01
 2.9193e+04	 2.4390e+02	 5.7219e+00	 6.7410e-01	 3.6316e+02	 2.9369e+02	-8.3281e+01	 9.1446e+04	 1.0773e+04	-8.4882e+00
 4.3789e+04	 2.4390e+02	 5.5333e+00	 8.6104e-01	 3.6316e+02	 2.9649e+02	-8.1155e+01	 4.7728e+04	 7.4271e+03	-6.4262e+00
 6.5684e+04	 2.4390e+02	 5.2538e+00	 1.0441e+00	 3.6315e+02	 2.9894e+02	-7.8760e+01	 2.6239e+04	 5.2147e+03	-5.0317e+00
 9.8526e+04	 2.4390e+02	 4.8835e+00	 1.1716e+00	 3.6315e+02	 3.0186e+02	-7.6509e+01	 1.5590e+04	 3.7401e+03	-4.1682e+00
 1.4779e+05	 2.4390e+02	 4.4623e+00	 1.1924e+00	 3.6315e+02	 3.0705e+02	-7.5040e+01	 1.0212e+04	 2.7288e+03	-3.7424e+00
 2.2168e+05	 2.4390e+02	 4.0690e+00	 1.0926e+00	 3.6315e+02	 3.0950e+02	-7.4970e+01	 7.4299e+03	 1.9950e+03	-3.7242e+00
 3.3253e+05	 2.4390e+02	 3.7536e+00	 9.0852e-01	 3.6315e+02	 3.1194e+02	-7.6394e+01	 5.9567e+03	 1.4418e+03	-4.1315e+00
 4.9879e+05	 2.4390e+02	-4.4703e+00	 4.6253e+01	 3.6315e+02	 3.1492e+02	 5.5204e+00	 7.8002e+01	-8.0707e+02	 9.6649e-02
 7.4818e+05	 2.4390e+02	 3.4664e+00	 4.2267e-01	 3.6315e+02	 3.2131e+02	-8.3048e+01	 5.6906e+03	 6.9388e+02	-8.2011e+00
 9.0000e+05	 2.4390e+02	 3.4340e+00	 3.4466e-01	 3.6314e+02	 3.2894e+02	-8.4269e+01	 5.8014e+03	 5.8227e+02	-9.9635e+00
 1.0000e+02	 3.2620e+02	 6.2510e+00	 1.8215e-01	 3.6315e+02	 3.3706e+02	-8.8331e+01	 9.8795e+07	 2.8789e+06	-3.4317e+01
 1.5000e+02	 3.2620e+02	 6.2162e+00	 1.6080e-01	 3.6314e+02	 3.3952e+02	-8.8518e+01	 7.4608e+07	 1.9300e+06	-3.8657e+01
 2.2500e+02	 3.2620e+02	 6.1839e+00	 1.4314e-01	 3.6315e+02	 3.4228e+02	-8.8674e+01	 5.5876e+07	 1.2934e+06	-4.3202e+01
 3.3750e+02	 3.2620e+02	 6.1571e+00	 1.3036e-01	 3.6315e+02	 3.4494e+02	-8.8787e+01	 4.0901e+07	 8.6601e+05	-4.7230e+01
 5.0625e+02	 3.2620e+02	 6.1336e+00	 1.2249e-01	 3.6314e+02	 3.4775e+02	-8.8856e+01	 2.9021e+07	 5.7955e+05	-5.0075e+01
 7.5938e+02	 3.2620e+02	 6.1120e+00	 1.1916e-01	 3.6314e+02	 3.5044e+02	-8.8883e+01	 1.9887e+07	 3.8773e+05	-5.1292e+01
 1.1391e+03	 3.2620e+02	 6.0922e+00	 1.2206e-01	 3.6314e+02	 3.5556e+02	-8.8852e+01	 1.2944e+07	 2.5933e+05	-4.9912e+01
 1.7086e+03	 3.2620e+02	 6.0730e+00	 1.3161e-01	 3.6315e+02	 3.5803e+02	-8.8759e+01	 8.0027e+06	 1.7343e+05	-4.6143e+01
 2.5629e+03	 3.2620e+02	 6.0528e+00	 1.5035e-01	 3.6315e+02	 3.6081e+02	-8.8577e+01	 4.6701e+06	 1.1601e+05	-4.0258e+01
 3.8443e+03	 3.2620e+02	 6.0307e+00	 1.8070e-01	 3.6314e+02	 3.6355e+02	-8.8284e+01	 2.5906e+06	 7.7621e+04	-3.3375e+01
 5.7665e+03	 3.2620e+02	 6.0046e+00	 2.2642e-01	 3.6315e+02	 3.6600e+02	-8.7841e+01	 1.3783e+06	 5.1972e+04	-2.6520e+01
 8.6498e+03	 3.2620e+02	 5.9694e+00	 2.9293e-01	 3.6314e+02	 3.6883e+02	-8.7191e+01	 7.1022e+05	 3.4853e+04	-2.0378e+01
 1.2975e+04	 3.2620e+02	 5.9192e+00	 3.8651e-01	 3.6315e+02	 3.7138e+02	-8.6264e+01	 3.5885e+05	 2.3432e+04	-1.5315e+01
 1.9462e+04	 3.2620e+02	 5.8431e+00	 5.1290e-01	 3.6314e+02	 3.7381e+02	-8.4984e+01	 1.8028e+05	 1.5825e+04	-1.1392e+01
 2.9193e+04	 3.2620e+02	 5.7228e+00	 6.7449e-01	 3.6315e+02	 3.7644e+02	-8.3278e+01	 9.1393e+04	 1.0772e+04	-8.4846e+00
 4.3789e+04	 3.2620e+02	 5.5340e+00	 8.6161e-01	 3.6315e+02	 3.7889e+02	-8.1150e+01	 4.7697e+04	 7.4261e+03	-6.4228e+00
 6.5684e+04	 3.2620e+02	 5.2541e+00	 1.0447e+00	 3.6314e+02	 3.8149e+02	-7.8755e+01	 2.6226e+04	 5.2144e+03	-5.0294e+00
 9.8526e+04	 3.2620e+02	 4.8838e+00	 1.1719e+00	 3.6314e+02	 3.8408e+02	-7.6507e+01	 1.5586e+04	 3.7399e+03	-4.1675e+00
 1.4779e+05	 3.2620e+02	 4.4625e+00	 1.1922e+00	 3.6315e+02	 3.8925e+02	-7.5042e+01	 1.0214e+04	 2.7286e+03	-3.7432e+00
 2.2168e+05	 3.2620e+02	 4.0698e+00	 1.0927e+00	 3.6315e+02	 3.9175e+02	-7.4971e+01	 7.4293e+03	 1.9946e+03	-3.7246e+00
 3.3253e+05	 3.2620e+02	 3.7544e+00	 9.0847e-01	 3.6315e+02	 3.9456e+02	-7.6397e+01	 5.9571e+03	 1.4415e+03	-4.1327e+00
 4.9879e+05	 3.2620e+02	-4.4693e+00	 4.6259e+01	 3.6316e+02	 3.9724e+02	 5.5185e+00	 7.7993e+01	-8.0725e+02	 9.6615e-02
 7.4818e+05	 3.2620e+02	 3.4674e+00	 4.2006e-01	 3.6315e+02	 4.0383e+02	-8.3093e+01	 5.7260e+03	 6.9367e+02	-8.2546e+00
 9.0000e+05	 3.2620e+02	 3.4349e+00	 3.4327e-01	 3.6315e+02	 4.1163e+02	-8.4293e+01	 5.8250e+03	 5.8213e+02	-1.0006e+01
 1.0000e+02	 4.0890e+02	 6.2525e+00	 1.8190e-01	 3.6315e+02	 4.1995e+02	-8.8334e+01	 9.8929e+07	 2.8782e+06	-3.4372e+01
 1.5000e+02	 4.0890e+02	 6.2119e+00	 1.5978e-01	 3.6315e+02	 4.2241e+02	-8.8527e+01	 7.5084e+07	 1.9313e+06	-3.8877e+01
 2.2500e+02	 4.0890e+02	 6.1851e+00	 1.4330e-01	 3.6314e+02	 4.2506e+02	-8.8673e+01	 5.5813e+07	 1.2931e+06	-4.3162e+01
 3.3750e+02	 4.0890e+02	 6.1581e+00	 1.3050e-01	 3.6314e+02	 4.2764e+02	-8.8786e+01	 4.0858e+07	 8.6585e+05	-4.7188e+01
 5.0625e+02	 4.0890e+02	 6.1347e+00	 1.2234e-01	 3.6314e+02	 4.3008e+02	-8.8858e+01	 2.9056e+07	 5.7945e+05	-5.0144e+01
 7.5938e+02	 4.0890e+02	 6.1134e+00	 1.1927e-01	 3.6315e+02	 4.3264e+02	-8.8882e+01	 1.9869e+07	 3.8764e+05	-5.1256e+01
 1.1391e+03	 4.0890e+02	 6.0936e+00	 1.2213e-01	 3.6315e+02	 4.3794e+02	-8.8852e+01	 1.2935e+07	 2.5927e+05	-4.9893e+01
 1.7086e+03	 4.0890e+02	 6.0741e+00	 1.3166e-01	 3.6315e+02	 4.4039e+02	-8.8758e+01	 7.9995e+06	 1.7340e+05	-4.6134e+01
 2.5629e+03	 4.0890e+02	 6.0736e+00	 1.4897e-01	 3.6317e+02	 4.4299e+02	-8.8595e+01	 4.7135e+06	 1.1561e+05	-4.0771e+01
 3.8443e+03	 4.0890e+02	 6.0461e+00	 1.7435e-01	 3.6317e+02	 4.4544e+02	-8.8348e+01	 2.6849e+06	 7.7424e+04	-3.4678e+01
 5.7665e+03	 4.0890e+02	 5.9989e+00	 2.0107e-01	 3.6317e+02	 4.4788e+02	-8.8080e+01	 1.5521e+06	 5.2021e+04	-2.9836e+01
 8.6498e+03	 4.0890e+02	 5.9639e+00	 2.5281e-01	 3.6318e+02	 4.5056e+02	-8.7573e+01	 8.2296e+05	 3.4885e+04	-2.3591e+01
 1.2975e+04	 4.0890e+02	 5.9182e+00	 3.2247e-01	 3.6318e+02	 4.5313e+02	-8.6881e+01	 4.3011e+05	 2.3436e+04	-1.8353e+01
 1.9462e+04	 4.0890e+02	 5.8534e+00	 4.1172e-01	 3.6318e+02	 4.5581e+02	-8.5976e+01	 2.2458e+05	 1.5797e+04	-1.4217e+01
 2.9193e+04	 4.0890e+02	 5.7606e+00	 5.1897e-01	 3.6318e+02	 4.5838e+02	-8.4852e+01	 1.1878e+05	 1.0701e+04	-1.1100e+01
 4.3789e+04	 4.0890e+02	 5.6286e+00	 6.4025e-01	 3.6318e+02	 4.6110e+02	-8.3511e+01	 6.4188e+04	 7.3013e+03	-8.7913e+00
 6.5684e+04	 4.0890e+02	 5.4509e+00	 7.6293e-01	 3.6318e+02	 4.6356e+02	-8.2032e+01	 3.5911e+04	 5.0262e+03	-7.1446e+00
 9.8526e+04	 4.0890e+02	 5.2226e+00	 8.7273e-01	 3.6319e+02	 4.6613e+02	-8.0513e+01	 2.0929e+04	 3.4973e+03	-5.9842e+00
 1.4779e+05	 4.0890e+02	 4.9496e+00	 9.4935e-01	 3.6318e+02	 4.6881e+02	-7.9142e+01	 1.2826e+04	 2.4601e+03	-5.2137e+00
 2.2168e+05	 4.0890e+02	 4.6477e+00	 9.7360e-01	 3.6319e+02	 4.7131e+02	-7.8169e+01	 8.3379e+03	 1.7466e+03	-4.7738e+00
 3.3253e+05	 4.0890e+02	 4.3549e+00	 9.3680e-01	 3.6318e+02	 4.7413e+02	-7.7860e+01	 5.7769e+03	 1.2427e+03	-4.6487e+00
 4.9879e+05	 4.0890e+02	-5.6801e+00	 5.3328e+01	 3.6318e+02	 4.7680e+02	 6.0797e+00	 6.7654e+01	-6.3518e+02	 1.0651e-01
 7.4818e+05	 4.0890e+02	 3.9308e+00	 6.2021e-01	 3.6318e+02	 4.8339e+02	-8.1034e+01	 3.8781e+03	 6.1190e+02	-6.3378e+00
 9.0000e+05	 4.0890e+02	 3.8695e+00	 5.5852e-01	 3.6317e+02	 4.9106e+02	-8.1787e+01	 3.5800e+03	 5.1674e+02	-6.9281e+00
 1.0000e+02	 4.8830e+02	 6.1509e+00	 8.6167e-02	 3.6315e+02	 4.9945e+02	-8.9197e+01	 2.0885e+08	 2.9257e+06	-7.1383e+01
 1.5000e+02	 4.8830e+02	 6.1323e+00	 8.2801e-02	 3.6315e+02	 5.0191e+02	-8.9226e+01	 1.4489e+08	 1.9564e+06	-7.4060e+01
 2.2500e+02	 4.8830e+02	 6.1172e+00	 7.5003e-02	 3.6315e+02	 5.0460e+02	-8.9298e+01	 1.0664e+08	 1.3075e+06	-8.1559e+01
 3.3750e+02	 4.8830e+02	 6.1017e+00	 7.3134e-02	 3.6315e+02	 5.0720e+02	-8.9313e+01	 7.2908e+07	 8.7386e+05	-8.3432e+01
 5.0625e+02	 4.8830e+02	 6.0868e+00	 7.3679e-02	 3.6314e+02	 5.0986e+02	-8.9306e+01	 4.8246e+07	 5.8400e+05	-8.2613e+01
 7.5938e+02	 4.8830e+02	 6.0712e+00	 7.6739e-02	 3.6313e+02	 5.1244e+02	-8.9276e+01	 3.0881e+07	 3.9033e+05	-7.9115e+01
 1.1391e+03	 4.8830e+02	 6.0549e+00	 8.3050e-02	 3.6313e+02	 5.1750e+02	-8.9214e+01	 1.9023e+07	 2.6092e+05	-7.2907e+01
 1.7086e+03	 4.8830e+02	 6.0383e+00	 9.3181e-02	 3.6313e+02	 5.1994e+02	-8.9116e+01	 1.1303e+07	 1.7443e+05	-6.4802e+01
 2.5629e+03	 4.8830e+02	 6.0197e+00	 1.0800e-01	 3.6312e+02	 5.2255e+02	-8.8972e+01	 6.5015e+06	 1.1664e+05	-5.5738e+01
 3.8443e+03	 4.8830e+02	 5.9989e+00	 1.2920e-01	 3.6313e+02	 5.2500e+02	-8.8766e+01	 3.6232e+06	 7.8033e+04	-4.6432e+01
 5.7665e+03	 4.8830e+02	 5.9741e+00	 1.5801e-01	 3.6313e+02	 5.2744e+02	-8.8485e+01	 1.9751e+06	 5.2237e+04	-3.7810e+01
 8.6498e+03	 4.8830e+02	 5.9430e+00	 1.9736e-01	 3.6313e+02	 5.3025e+02	-8.8098e+01	 1.0542e+06	 3.5007e+04	-3.0112e+01
 1.2975e+04	 4.8830e+02	 5.9041e+00	 2.4972e-01	 3.6313e+02	 5.3281e+02	-8.7578e+01	 5.5541e+05	 2.3492e+04	-2.3643e+01
 1.9462e+04	 4.8830e+02	 5.8527e+00	 3.1865e-01	 3.6314e+02	 5.3549e+02	-8.6884e+01	 2.9018e+05	 1.5799e+04	-1.8367e+01
 2.9193e+04	 4.8830e+02	 5.7827e+00	 4.0722e-01	 3.6314e+02	 5.3806e+02	-8.5972e+01	 1.5138e+05	 1.0660e+04	-1.4201e+01
 4.3789e+04	 4.8830e+02	 5.6843e+00	 5.1706e-01	 3.6314e+02	 5.4077e+02	-8.4802e+01	 7.9479e+04	 7.2298e+03	-1.0993e+01
 6.5684e+04	 4.8830e+02	 5.5446e+00	 6.4493e-01	 3.6314e+02	 5.4319e+02	-8.3365e+01	 4.2481e+04	 4.9412e+03	-8.5973e+00
 9.8526e+04	 4.8830e+02	 5.3500e+00	 7.7795e-01	 3.6315e+02	 5.4577e+02	-8.1727e+01	 2.3478e+04	 3.4140e+03	-6.8771e+00
 1.4779e+05	 4.8830e+02	 5.0953e+00	 8.9181e-01	 3.6315e+02	 5.4850e+02	-8.0072e+01	 1.3654e+04	 2.3898e+03	-5.7135e+00
 2.2168e+05	 4.8830e+02	 4.7912e+00	 9.5676e-01	 3.6314e+02	 5.5094e+02	-7.8707e+01	 8.4846e+03	 1.6943e+03	-5.0077e+00
 3.3253e+05	 4.8830e+02	 4.4783e+00	 9.5246e-01	 3.6314e+02	 5.5350e+02	-7.7993e+01	 5.6819e+03	 1.2084e+03	-4.7019e+00
 4.9879e+05	 4.8830e+02	-6.0082e+00	 5.4535e+01	 3.6315e+02	 5.5624e+02	 6.2869e+00	 6.6157e+01	-6.0049e+02	 1.1017e-01
 7.4818e+05	 4.8830e+02	 3.9911e+00	 6.5776e-01	 3.6315e+02	 5.6277e+02	-8.0641e+01	 3.6567e+03	 6.0266e+02	-6.0676e+00
 9.0000e+05	 4.8830e+02	 3.9082e+00	 5.9064e-01	 3.6315e+02	 5.7044e+02	-8.1406e+01	 3.3854e+03	 5.1162e+02	-6.6169e+00
 1.0000e+02	 5.6770e+02	 6.1450e+00	 8.8431e-02	 3.6315e+02	 5.7833e+02	-8.9176e+01	 2.0350e+08	 2.9285e+06	-6.9490e+01
 1.5000e+02	 5.6770e+02	 6.1284e+00	 7.9485e-02	 3.6314e+02	 5.8097e+02	-8.9257e+01	 1.5094e+08	 1.9576e+06	-7.7102e+01
 2.2500e+02	 5.6770e+02	 6.1103e+00	 7.8400e-02	 3.6315e+02	 5.8344e+02	-8.9265e+01	 1.0202e+08	 1.3090e+06	-7.7937e+01
 3.3750e+02	 5.6770e+02	 6.0941e+00	 7.7502e-02	 3.6315e+02	 5.8611e+02	-8.9271e+01	 6.8799e+07	 8.7495e+05	-7.8632e+01
 5.0625e+02	 5.6770e+02	 6.0775e+00	 7.9030e-02	 3.6315e+02	 5.8856e+02	-8.9255e+01	 4.4979e+07	 5.8490e+05	-7.6900e+01
 7.5938e+02	 5.6770e+02	 6.0605e+00	 8.3254e-02	 3.6315e+02	 5.9113e+02	-8.9213e+01	 2.8465e+07	 3.9102e+05	-7.2796e+01
 1.1391e+03	 5.6770e+02	 6.0425e+00	 9.0394e-02	 3.6315e+02	 5.9625e+02	-8.9143e+01	 1.7478e+07	 2.6146e+05	-6.6847e+01
 1.7086e+03	 5.6770e+02	 6.0237e+00	 1.0168e-01	 3.6315e+02	 5.9885e+02	-8.9033e+01	 1.0358e+07	 1.7485e+05	-5.9241e+01
 2.5629e+03	 5.6770e+02	 6.0022e+00	 1.1729e-01	 3.6314e+02	 6.0144e+02	-8.8881e+01	 5.9868e+06	 1.1698e+05	-5.1176e+01
 3.8443e+03	 5.6770e+02	 5.9777e+00	 1.3872e-01	 3.6315e+02	 6.0388e+02	-8.8671e+01	 3.3746e+06	 7.8309e+04	-4.3093e+01
 5.7665e+03	 5.6770e+02	 5.9487e+00	 1.6749e-01	 3.6316e+02	 6.0638e+02	-8.8387e+01	 1.8632e+06	 5.2460e+04	-3.5516e+01
 8.6498e+03	 5.6770e+02	 5.9140e+00	 2.0567e-01	 3.6316e+02	 6.0894e+02	-8.8008e+01	 1.0115e+06	 3.5179e+04	-2.8754e+01
 1.2975e+04	 5.6770e+02	 5.8709e+00	 2.5575e-01	 3.6316e+02	 6.1175e+02	-8.7506e+01	 5.4231e+05	 2.3625e+04	-2.2955e+01
 1.9462e+04	 5.6770e+02	 5.8159e+00	 3.2038e-01	 3.6316e+02	 6.1427e+02	-8.6847e+01	 2.8861e+05	 1.5899e+04	-1.8153e+01
 2.9193e+04	 5.6770e+02	 5.7436e+00	 4.0303e-01	 3.6316e+02	 6.1706e+02	-8.5986e+01	 1.5295e+05	 1.0733e+04	-1.4251e+01
 4.3789e+04	 5.6770e+02	 5.6462e+00	 5.0528e-01	 3.6315e+02	 6.1950e+02	-8.4886e+01	 8.1333e+04	 7.2786e+03	-1.1174e+01
 6.5684e+04	 5.6770e+02	 5.5108e+00	 6.2629e-01	 3.6315e+02	 6.2213e+02	-8.3516e+01	 4.3746e+04	 4.9716e+03	-8.7992e+00
 9.8526e+04	 5.6770e+02	 5.3240e+00	 7.5504e-01	 3.6315e+02	 6.2469e+02	-8.1928e+01	 2.4191e+04	 3.4307e+03	-7.0512e+00
 1.4779e+05	 5.6770e+02	 5.0781e+00	 8.6956e-01	 3.6315e+02	 6.2727e+02	-8.0283e+01	 1.4003e+04	 2.3979e+03	-5.8398e+00
 2.2168e+05	 5.6770e+02	 4.7809e+00	 9.3882e-01	 3.6314e+02	 6.2994e+02	-7.8890e+01	 8.6468e+03	 1.6979e+03	-5.0925e+00
 3.3253e+05	 5.6770e+02	 4.4720e+00	 9.4060e-01	 3.6314e+02	 6.3250e+02	-7.8122e+01	 5.7536e+03	 1.2102e+03	-4.7544e+00
 4.9879e+05	 5.6770e+02	-5.9333e+00	 5.4454e+01	 3.6314e+02	 6.3530e+02	 6.2185e+00	 6.6256e+01	-6.0807e+02	 1.0896e-01
 7.4818e+05	 5.6770e+02	 3.9840e+00	 6.5351e-01	 3.6314e+02	 6.4181e+02	-8.0684e+01	 3.6805e+03	 6.0373e+02	-6.0962e+00
 9.0000e+05	 5.6770e+02	 3.8973e+00	 5.9589e-01	 3.6315e+02	 6.4956e+02	-8.1307e+01	 3.3555e+03	 5.1306e+02	-6.5402e+00
 1.0000e+02	 6.4680e+02	 6.1403e+00	 9.0430e-02	 3.6315e+02	 6.5770e+02	-8.9156e+01	 1.9900e+08	 2.9308e+06	-6.7901e+01
 1.5000e+02	 6.4680e+02	 6.1232e+00	 8.1286e-02	 3.6315e+02	 6.6020e+02	-8.9239e+01	 1.4759e+08	 1.9593e+06	-7.5330e+01
 2.2500e+02	 6.4680e+02	 6.1045e+00	 8.2444e-02	 3.6314e+02	 6.6300e+02	-8.9226e+01	 9.7013e+07	 1.3102e+06	-7.4045e+01
 3.3750e+02	 6.4680e+02	 6.0871e+00	 8.2462e-02	 3.6315e+02	 6.6563e+02	-8.9224e+01	 6.4661e+07	 8.7596e+05	-7.3817e+01
 5.0625e+02	 6.4680e+02	 6.0692e+00	 8.5042e-02	 3.6314e+02	 6.6838e+02	-8.9197e+01	 4.1800e+07	 5.8570e+05	-7.1367e+01
 7.5938e+02	 6.4680e+02	 6.0508e+00	 9.0566e-02	 3.6315e+02	 6.7094e+02	-8.9142e+01	 2.6167e+07	 3.9165e+05	-6.6811e+01
 1.1391e+03	 6.4680e+02	 6.0308e+00	 9.9476e-02	 3.6315e+02	 6.7619e+02	-8.9055e+01	 1.5882e+07	 2.6197e+05	-6.0625e+01
 1.7086e+03	 6.4680e+02	 6.0094e+00	 1.1191e-01	 3.6315e+02	 6.7894e+02	-8.8933e+01	 9.4116e+06	 1.7527e+05	-5.3699e+01
 2.5629e+03	 6.4680e+02	 5.9847e+00	 1.2903e-01	 3.6315e+02	 6.8152e+02	-8.8765e+01	 5.4418e+06	 1.1733e+05	-4.6381e+01
 3.8443e+03	 6.4680e+02	 5.9570e+00	 1.5192e-01	 3.6316e+02	 6.8410e+02	-8.8539e+01	 3.0813e+06	 7.8582e+04	-3.9211e+01
 5.7665e+03	 6.4680e+02	 5.9236e+00	 1.8178e-01	 3.6315e+02	 6.8656e+02	-8.8242e+01	 1.7168e+06	 5.2683e+04	-3.2587e+01
 8.6498e+03	 6.4680e+02	 5.8842e+00	 2.2069e-01	 3.6315e+02	 6.8913e+02	-8.7852e+01	 9.4271e+05	 3.5357e+04	-2.6663e+01
 1.2975e+04	 6.4680e+02	 5.8359e+00	 2.7053e-01	 3.6315e+02	 6.9175e+02	-8.7346e+01	 5.1269e+05	 2.3767e+04	-2.1572e+01
 1.9462e+04	 6.4680e+02	 5.7752e+00	 3.3395e-01	 3.6315e+02	 6.9419e+02	-8.6691e+01	 2.7688e+05	 1.6011e+04	-1.7293e+01
 2.9193e+04	 6.4680e+02	 5.6974e+00	 4.1332e-01	 3.6315e+02	 6.9694e+02	-8.5851e+01	 1.4914e+05	 1.0820e+04	-1.3785e+01
 4.3789e+04	 6.4680e+02	 5.5954e+00	 5.1020e-01	 3.6315e+02	 6.9938e+02	-8.4790e+01	 8.0549e+04	 7.3446e+03	-1.0967e+01
 6.5684e+04	 6.4680e+02	 5.4583e+00	 6.2368e-01	 3.6315e+02	 7.0181e+02	-8.3482e+01	 4.3929e+04	 5.0194e+03	-8.7518e+00
 9.8526e+04	 6.4680e+02	 5.2739e+00	 7.4423e-01	 3.6316e+02	 7.0444e+02	-8.1968e+01	 2.4542e+04	 3.4633e+03	-7.0864e+00
 1.4779e+05	 6.4680e+02	 5.0343e+00	 8.5265e-01	 3.6316e+02	 7.0700e+02	-8.0387e+01	 1.4281e+04	 2.4187e+03	-5.9042e+00
 2.2168e+05	 6.4680e+02	 4.7459e+00	 9.1934e-01	 3.6316e+02	 7.0975e+02	-7.9037e+01	 8.8299e+03	 1.7105e+03	-5.1623e+00
 3.3253e+05	 6.4680e+02	 4.4450e+00	 9.2235e-01	 3.6316e+02	 7.1231e+02	-7.8277e+01	 5.8674e+03	 1.2175e+03	-4.8192e+00
 4.9879e+05	 6.4680e+02	-5.7743e+00	 5.4168e+01	 3.6316e+02	 7.1524e+02	 6.0848e+00	 6.6606e+01	-6.2481e+02	 1.0660e-01
 7.4818e+05	 6.4680e+02	 3.9644e+00	 6.5031e-01	 3.6317e+02	 7.2169e+02	-8.0684e+01	 3.6986e+03	 6.0672e+02	-6.0961e+00
 9.0000e+05	 6.4680e+02	 3.8789e+00	 5.8993e-01	 3.6315e+02	 7.2944e+02	-8.1352e+01	 3.3894e+03	 5.1548e+02	-6.5753e+00
 1.0000e+02	 7.2670e+02	 6.1365e+00	 9.2667e-02	 3.6315e+02	 7.3745e+02	-8.9135e+01	 1.9420e+08	 2.9326e+06	-6.6221e+01
 1.5000e+02	 7.2670e+02	 6.1179e+00	 8.5734e-02	 3.6315e+02	 7.4031e+02	-8.9197e+01	 1.3994e+08	 1.9610e+06	-7.1360e+01
 2.2500e+02	 7.2670e+02	 6.0992e+00	 8.6249e-02	 3.6315e+02	 7.4277e+02	-8.9190e+01	 9.2733e+07	 1.3113e+06	-7.0717e+01
 3.3750e+02	 7.2670e+02	 6.0809e+00	 8.7313e-02	 3.6315e+02	 7.4561e+02	-8.9177e+01	 6.1068e+07	 8.7686e+05	-6.9645e+01
 5.0625e+02	 7.2670e+02	 6.0619e+00	 9.1452e-02	 3.6315e+02	 7.4811e+02	-8.9136e+01	 3.8870e+07	 5.8640e+05	-6.6285e+01
 7.5938e+02	 7.2670e+02	 6.0418e+00	 9.7897e-02	 3.6315e+02	 7.5085e+02	-8.9072e+01	 2.4207e+07	 3.9224e+05	-6.1715e+01
 1.1391e+03	 7.2670e+02	 6.0193e+00	 1.0848e-01	 3.6316e+02	 7.5588e+02	-8.8968e+01	 1.4564e+07	 2.6247e+05	-5.5488e+01
 1.7086e+03	 7.2670e+02	 5.9956e+00	 1.2218e-01	 3.6315e+02	 7.5850e+02	-8.8833e+01	 8.6201e+06	 1.7567e+05	-4.9070e+01
 2.5629e+03	 7.2670e+02	 5.9683e+00	 1.4086e-01	 3.6315e+02	 7.6113e+02	-8.8648e+01	 4.9848e+06	 1.1765e+05	-4.2370e+01
 3.8443e+03	 7.2670e+02	 5.9366e+00	 1.6518e-01	 3.6316e+02	 7.6375e+02	-8.8406e+01	 2.8339e+06	 7.8851e+04	-3.5940e+01
 5.7665e+03	 7.2670e+02	 5.8998e+00	 1.9667e-01	 3.6316e+02	 7.6619e+02	-8.8091e+01	 1.5868e+06	 5.2896e+04	-2.9998e+01
 8.6498e+03	 7.2670e+02	 5.8557e+00	 2.3658e-01	 3.6316e+02	 7.6877e+02	-8.7686e+01	 8.7940e+05	 3.5529e+04	-2.4751e+01
 1.2975e+04	 7.2670e+02	 5.8021e+00	 2.8681e-01	 3.6316e+02	 7.7150e+02	-8.7170e+01	 4.8359e+05	 2.3905e+04	-2.0230e+01
 1.9462e+04	 7.2670e+02	 5.7354e+00	 3.4950e-01	 3.6316e+02	 7.7394e+02	-8.6513e+01	 2.6457e+05	 1.6122e+04	-1.6410e+01
 2.9193e+04	 7.2670e+02	 5.6519e+00	 4.2640e-01	 3.6315e+02	 7.7656e+02	-8.5686e+01	 1.4457e+05	 1.0907e+04	-1.3255e+01
 4.3789e+04	 7.2670e+02	 5.5445e+00	 5.1871e-01	 3.6315e+02	 7.7900e+02	-8.4655e+01	 7.9227e+04	 7.4120e+03	-1.0689e+01
 6.5684e+04	 7.2670e+02	 5.4041e+00	 6.2545e-01	 3.6316e+02	 7.8144e+02	-8.3398e+01	 4.3804e+04	 5.0698e+03	-8.6402e+00
 9.8526e+04	 7.2670e+02	 5.2199e+00	 7.3787e-01	 3.6316e+02	 7.8414e+02	-8.1954e+01	 2.4754e+04	 3.4991e+03	-7.0743e+00
 1.4779e+05	 7.2670e+02	 4.9846e+00	 8.3820e-01	 3.6316e+02	 7.8675e+02	-8.0454e+01	 1.4527e+04	 2.4429e+03	-5.9467e+00
 2.2168e+05	 7.2670e+02	 4.7038e+00	 9.0049e-01	 3.6316e+02	 7.8944e+02	-7.9163e+01	 9.0148e+03	 1.7258e+03	-5.2236e+00
 3.3253e+05	 7.2670e+02	 4.4117e+00	 9.0299e-01	 3.6316e+02	 7.9213e+02	-7.8433e+01	 5.9932e+03	 1.2267e+03	-4.8857e+00
 4.9879e+05	 7.2670e+02	-5.5875e+00	 5.3815e+01	 3.6315e+02	 7.9499e+02	 5.9276e+00	 6.7042e+01	-6.4571e+02	 1.0383e-01
 7.4818e+05	 7.2670e+02	 3.9419e+00	 6.4169e-01	 3.6315e+02	 8.0150e+02	-8.0754e+01	 3.7483e+03	 6.1018e+02	-6.1430e+00
 9.0000e+05	 7.2670e+02	 3.8581e+00	 5.8130e-01	 3.6316e+02	 8.0949e+02	-8.1432e+01	 3.4398e+03	 5.1826e+02	-6.6371e+00
 1.0000e+02	 8.0670e+02	 6.1326e+00	 9.5049e-02	 3.6315e+02	 8.1722e+02	-8.9112e+01	 1.8933e+08	 2.9344e+06	-6.4520e+01
 1.5000e+02	 8.0670e+02	 6.1171e+00	 8.9422e-02	 3.6315e+02	 8.1970e+02	-8.9162e+01	 1.3416e+08	 1.9612e+06	-6.8407e+01
 2.2500e+02	 8.0670e+02	 6.0945e+00	 9.0023e-02	 3.6316e+02	 8.2233e+02	-8.9154e+01	 8.8845e+07	 1.3123e+06	-6.7699e+01
 3.3750e+02	 8.0670e+02	 6.0752e+00	 9.2271e-02	 3.6316e+02	 8.2488e+02	-8.9130e+01	 5.7787e+07	 8.7768e+05	-6.5841e+01
 5.0625e+02	 8.0670e+02	 6.0548e+00	 9.7397e-02	 3.6315e+02	 8.2756e+02	-8.9078e+01	 3.6497e+07	 5.8709e+05	-6.2166e+01
 7.5938e+02	 8.0670e+02	 6.0330e+00	 1.0525e-01	 3.6315e+02	 8.3019e+02	-8.9001e+01	 2.2516e+07	 3.9281e+05	-5.7322e+01
 1.1391e+03	 8.0670e+02	 6.0085e+00	 1.1708e-01	 3.6315e+02	 8.3525e+02	-8.8884e+01	 1.3494e+07	 2.6294e+05	-5.1322e+01
 1.7086e+03	 8.0670e+02	 5.9825e+00	 1.3252e-01	 3.6315e+02	 8.3770e+02	-8.8731e+01	 7.9478e+06	 1.7605e+05	-4.5144e+01
 2.5629e+03	 8.0670e+02	 5.9520e+00	 1.5248e-01	 3.6315e+02	 8.4038e+02	-8.8533e+01	 4.6051e+06	 1.1797e+05	-3.9036e+01
 3.8443e+03	 8.0670e+02	 5.9173e+00	 1.7826e-01	 3.6315e+02	 8.4281e+02	-8.8274e+01	 2.6259e+06	 7.9109e+04	-3.3194e+01
 5.7665e+03	 8.0670e+02	 5.8766e+00	 2.1095e-01	 3.6315e+02	 8.4525e+02	-8.7944e+01	 1.4794e+06	 5.3104e+04	-2.7857e+01
 8.6498e+03	 8.0670e+02	 5.8279e+00	 2.5200e-01	 3.6316e+02	 8.4806e+02	-8.7524e+01	 8.2558e+05	 3.5699e+04	-2.3126e+01
 1.2975e+04	 8.0670e+02	 5.7688e+00	 3.0264e-01	 3.6316e+02	 8.5050e+02	-8.6997e+01	 4.5830e+05	 2.4043e+04	-1.9062e+01
 1.9462e+04	 8.0670e+02	 5.6971e+00	 3.6466e-01	 3.6314e+02	 8.5327e+02	-8.6338e+01	 2.5357e+05	 1.6230e+04	-1.5623e+01
 2.9193e+04	 8.0670e+02	 5.6078e+00	 4.3960e-01	 3.6314e+02	 8.5581e+02	-8.5518e+01	 1.4023e+05	 1.0993e+04	-1.2757e+01
 4.3789e+04	 8.0670e+02	 5.4952e+00	 5.2771e-01	 3.6315e+02	 8.5858e+02	-8.4515e+01	 7.7876e+04	 7.4786e+03	-1.0413e+01
 6.5684e+04	 8.0670e+02	 5.3516e+00	 6.2821e-01	 3.6314e+02	 8.6100e+02	-8.3305e+01	 4.3612e+04	 5.1195e+03	-8.5188e+00
 9.8526e+04	 8.0670e+02	 5.1670e+00	 7.3291e-01	 3.6314e+02	 8.6356e+02	-8.1927e+01	 2.4921e+04	 3.5349e+03	-7.0500e+00
 1.4779e+05	 8.0670e+02	 4.9354e+00	 8.2590e-01	 3.6314e+02	 8.6613e+02	-8.0500e+01	 1.4743e+04	 2.4672e+03	-5.9757e+00
 2.2168e+05	 8.0670e+02	 4.6617e+00	 8.8280e-01	 3.6315e+02	 8.6856e+02	-7.9277e+01	 9.1955e+03	 1.7413e+03	-5.2807e+00
 3.3253e+05	 8.0670e+02	 4.3784e+00	 8.8416e-01	 3.6315e+02	 8.7145e+02	-7.8584e+01	 6.1209e+03	 1.2360e+03	-4.9521e+00
 4.9879e+05	 8.0670e+02	-5.4041e+00	 5.3465e+01	 3.6314e+02	 8.7411e+02	 5.7717e+00	 6.7481e+01	-6.6762e+02	 1.0108e-01
 7.4818e+05	 8.0670e+02	 3.9205e+00	 6.3014e-01	 3.6314e+02	 8.8038e+02	-8.0869e+01	 3.8170e+03	 6.1351e+02	-6.2217e+00
 9.0000e+05	 8.0670e+02	 3.8387e+00	 5.7116e-01	 3.6314e+02	 8.8808e+02	-8.1537e+01	 3.5008e+03	 5.2088e+02	-6.7210e+00
 1.0000e+02	 8.8530e+02	 6.1294e+00	 9.7182e-02	 3.6314e+02	 8.9595e+02	-8.9092e+01	 1.8518e+08	 2.9360e+06	-6.3071e+01
 1.5000e+02	 8.8530e+02	 6.1092e+00	 9.4805e-02	 3.6314e+02	 8.9839e+02	-8.9111e+01	 1.2655e+08	 1.9638e+06	-6.4440e+01
 2.2500e+02	 8.8530e+02	 6.0899e+00	 9.3890e-02	 3.6314e+02	 9.0106e+02	-8.9117e+01	 8.5186e+07	 1.3133e+06	-6.4862e+01
 3.3750e+02	 8.8530e+02	 6.0698e+00	 9.7126e-02	 3.6314e+02	 9.0363e+02	-8.9083e+01	 5.4898e+07	 8.7846e+05	-6.2494e+01
 5.0625e+02	 8.8530e+02	 6.0481e+00	 1.0340e-01	 3.6314e+02	 9.0638e+02	-8.9021e+01	 3.4377e+07	 5.8774e+05	-5.8489e+01
 7.5938e+02	 8.8530e+02	 6.0245e+00	 1.1268e-01	 3.6315e+02	 9.0894e+02	-8.8928e+01	 2.1031e+07	 3.9336e+05	-5.3466e+01
 1.1391e+03	 8.8530e+02	 5.9984e+00	 1.2567e-01	 3.6314e+02	 9.1419e+02	-8.8800e+01	 1.2571e+07	 2.6338e+05	-4.7730e+01
 1.7086e+03	 8.8530e+02	 5.9699e+00	 1.4230e-01	 3.6315e+02	 9.1683e+02	-8.8635e+01	 7.4016e+06	 1.7643e+05	-4.1953e+01
 2.5629e+03	 8.8530e+02	 5.9367e+00	 1.6385e-01	 3.6314e+02	 9.1955e+02	-8.8419e+01	 4.2853e+06	 1.1827e+05	-3.6232e+01
 3.8443e+03	 8.8530e+02	 5.8987e+00	 1.9088e-01	 3.6314e+02	 9.2202e+02	-8.8147e+01	 2.4524e+06	 7.9358e+04	-3.0902e+01
 5.7665e+03	 8.8530e+02	 5.8542e+00	 2.2484e-01	 3.6314e+02	 9.2470e+02	-8.7801e+01	 1.3880e+06	 5.3307e+04	-2.6037e+01
 8.6498e+03	 8.8530e+02	 5.8013e+00	 2.6660e-01	 3.6315e+02	 9.2755e+02	-8.7369e+01	 7.8038e+05	 3.5862e+04	-2.1761e+01
 1.2975e+04	 8.8530e+02	 5.7374e+00	 3.1747e-01	 3.6315e+02	 9.3013e+02	-8.6833e+01	 4.3690e+05	 2.4175e+04	-1.8073e+01
 1.9462e+04	 8.8530e+02	 5.6606e+00	 3.7874e-01	 3.6316e+02	 9.3286e+02	-8.6172e+01	 2.4414e+05	 1.6335e+04	-1.4946e+01
 2.9193e+04	 8.8530e+02	 5.5660e+00	 4.5170e-01	 3.6315e+02	 9.3550e+02	-8.5360e+01	 1.3647e+05	 1.1075e+04	-1.2322e+01
 4.3789e+04	 8.8530e+02	 5.4491e+00	 5.3602e-01	 3.6315e+02	 9.3825e+02	-8.4382e+01	 7.6670e+04	 7.5418e+03	-1.0166e+01
 6.5684e+04	 8.8530e+02	 5.3022e+00	 6.3064e-01	 3.6316e+02	 9.4077e+02	-8.3217e+01	 4.3444e+04	 5.1671e+03	-8.4077e+00
 9.8526e+04	 8.8530e+02	 5.1174e+00	 7.2834e-01	 3.6316e+02	 9.4349e+02	-8.1900e+01	 2.5077e+04	 3.5692e+03	-7.0261e+00
 1.4779e+05	 8.8530e+02	 4.8878e+00	 8.1399e-01	 3.6316e+02	 9.4844e+02	-8.0545e+01	 1.4959e+04	 2.4912e+03	-6.0047e+00
 2.2168e+05	 8.8530e+02	 4.6208e+00	 8.6605e-01	 3.6316e+02	 9.5100e+02	-7.9385e+01	 9.3733e+03	 1.7568e+03	-5.3355e+00
 3.3253e+05	 8.8530e+02	 4.3461e+00	 8.6604e-01	 3.6316e+02	 9.5356e+02	-7.8730e+01	 6.2490e+03	 1.2452e+03	-5.0183e+00
 4.9879e+05	 8.8530e+02	-5.2239e+00	 5.3119e+01	 3.6316e+02	 9.5649e+02	 5.6166e+00	 6.7920e+01	-6.9065e+02	 9.8343e-02
 7.4818e+05	 8.8530e+02	 3.9000e+00	 6.1513e-01	 3.6316e+02	 9.6288e+02	-8.1037e+01	 3.9102e+03	 6.1674e+02	-6.3401e+00
 9.0000e+05	 8.8530e+02	 3.8191e+00	 5.6067e-01	 3.6316e+02	 9.7056e+02	-8.1648e+01	 3.5663e+03	 5.2356e+02	-6.8116e+00
 1.0000e+02	 9.6780e+02	 6.1260e+00	 9.9129e-02	 3.6315e+02	 9.7885e+02	-8.9073e+01	 1.8154e+08	 2.9376e+06	-6.1798e+01
 1.5000e+02	 9.6780e+02	 6.1048e+00	 9.9228e-02	 3.6315e+02	 9.8150e+02	-8.9069e+01	 1.2090e+08	 1.9652e+06	-6.1523e+01
 2.2500e+02	 9.6780e+02	 6.0857e+00	 9.7797e-02	 3.6315e+02	 9.8413e+02	-8.9079e+01	 8.1783e+07	 1.3142e+06	-6.2228e+01
 3.3750e+02	 9.6780e+02	 6.0642e+00	 1.0207e-01	 3.6316e+02	 9.8699e+02	-8.9036e+01	 5.2240e+07	 8.7927e+05	-5.9413e+01
 5.0625e+02	 9.6780e+02	 6.0414e+00	 1.0955e-01	 3.6316e+02	 9.8944e+02	-8.8961e+01	 3.2450e+07	 5.8840e+05	-5.5149e+01
 7.5938e+02	 9.6780e+02	 6.0164e+00	 1.2021e-01	 3.6316e+02	 9.9233e+02	-8.8855e+01	 1.9714e+07	 3.9389e+05	-5.0049e+01
 1.1391e+03	 9.6780e+02	 5.9881e+00	 1.3478e-01	 3.6315e+02	 9.9725e+02	-8.8711e+01	 1.1722e+07	 2.6384e+05	-4.4427e+01
 1.7086e+03	 9.6780e+02	 5.9571e+00	 1.5236e-01	 3.6315e+02	 9.9975e+02	-8.8535e+01	 6.9131e+06	 1.7680e+05	-3.9100e+01
 2.5629e+03	 9.6780e+02	 5.9210e+00	 1.7510e-01	 3.6315e+02	 1.0024e+03	-8.8306e+01	 4.0101e+06	 1.1859e+05	-3.3815e+01
 3.8443e+03	 9.6780e+02	 5.8799e+00	 2.0327e-01	 3.6315e+02	 1.0051e+03	-8.8020e+01	 2.3029e+06	 7.9612e+04	-2.8926e+01
 5.7665e+03	 9.6780e+02	 5.8316e+00	 2.3840e-01	 3.6316e+02	 1.0076e+03	-8.7659e+01	 1.3090e+06	 5.3514e+04	-2.4462e+01
 8.6498e+03	 9.6780e+02	 5.7744e+00	 2.8088e-01	 3.6315e+02	 1.0103e+03	-8.7215e+01	 7.4071e+05	 3.6030e+04	-2.0558e+01
 1.2975e+04	 9.6780e+02	 5.7057e+00	 3.3181e-01	 3.6315e+02	 1.0128e+03	-8.6672e+01	 4.1801e+05	 2.4309e+04	-1.7196e+01
 1.9462e+04	 9.6780e+02	 5.6238e+00	 3.9230e-01	 3.6314e+02	 1.0155e+03	-8.6010e+01	 2.3570e+05	 1.6442e+04	-1.4336e+01
 2.9193e+04	 9.6780e+02	 5.5243e+00	 4.6291e-01	 3.6315e+02	 1.0181e+03	-8.5210e+01	 1.3317e+05	 1.1159e+04	-1.1934e+01
 4.3789e+04	 9.6780e+02	 5.4033e+00	 5.4377e-01	 3.6314e+02	 1.0205e+03	-8.4253e+01	 7.5576e+04	 7.6057e+03	-9.9367e+00
 6.5684e+04	 9.6780e+02	 5.2537e+00	 6.3295e-01	 3.6314e+02	 1.0231e+03	-8.3130e+01	 4.3285e+04	 5.2149e+03	-8.3003e+00
 9.8526e+04	 9.6780e+02	 5.0684e+00	 7.2400e-01	 3.6314e+02	 1.0256e+03	-8.1870e+01	 2.5228e+04	 3.6037e+03	-7.0005e+00
 1.4779e+05	 9.6780e+02	 4.8419e+00	 8.0316e-01	 3.6313e+02	 1.0308e+03	-8.0582e+01	 1.5161e+04	 2.5148e+03	-6.0285e+00
 2.2168e+05	 9.6780e+02	 4.5809e+00	 8.5049e-01	 3.6314e+02	 1.0332e+03	-7.9482e+01	 9.5448e+03	 1.7721e+03	-5.3862e+00
 3.3253e+05	 9.6780e+02	 4.3137e+00	 8.4880e-01	 3.6314e+02	 1.0359e+03	-7.8868e+01	 6.3758e+03	 1.2546e+03	-5.0821e+00
 4.9879e+05	 9.6780e+02	-5.0488e+00	 5.2778e+01	 3.6314e+02	 1.0386e+03	 5.4643e+00	 6.8359e+01	-7.1460e+02	 9.5661e-02
 7.4818e+05	 9.6780e+02	 3.8802e+00	 5.9997e-01	 3.6314e+02	 1.0448e+03	-8.1210e+01	 4.0090e+03	 6.1988e+02	-6.4674e+00
 9.0000e+05	 9.6780e+02	 3.8005e+00	 5.5055e-01	 3.6315e+02	 1.0528e+03	-8.1757e+01	 3.6318e+03	 5.2612e+02	-6.9031e+00
 1.0000e+02	 1.0500e+03	 6.1233e+00	 1.0135e-01	 3.6315e+02	 1.0606e+03	-8.9052e+01	 1.7755e+08	 2.9389e+06	-6.0415e+01
 1.5000e+02	 1.0500e+03	 6.1039e+00	 1.0126e-01	 3.6317e+02	 1.0631e+03	-8.9050e+01	 1.1848e+08	 1.9655e+06	-6.0282e+01
 2.2500e+02	 1.0500e+03	 6.0814e+00	 1.0159e-01	 3.6316e+02	 1.0658e+03	-8.9043e+01	 7.8732e+07	 1.3152e+06	-5.9865e+01
 3.3750e+02	 1.0500e+03	 6.0591e+00	 1.0689e-01	 3.6315e+02	 1.0683e+03	-8.8989e+01	 4.9885e+07	 8.8001e+05	-5.6686e+01
 5.0625e+02	 1.0500e+03	 6.0348e+00	 1.1556e-01	 3.6315e+02	 1.0711e+03	-8.8903e+01	 3.0761e+07	 5.8903e+05	-5.2223e+01
 7.5938e+02	 1.0500e+03	 6.0080e+00	 1.2741e-01	 3.6315e+02	 1.0737e+03	-8.8785e+01	 1.8600e+07	 3.9444e+05	-4.7155e+01
 1.1391e+03	 1.0500e+03	 5.9779e+00	 1.4283e-01	 3.6315e+02	 1.0788e+03	-8.8631e+01	 1.1061e+07	 2.6428e+05	-4.1855e+01
 1.7086e+03	 1.0500e+03	 5.9440e+00	 1.6171e-01	 3.6314e+02	 1.0816e+03	-8.8442e+01	 6.5131e+06	 1.7719e+05	-3.6757e+01
 2.5629e+03	 1.0500e+03	 5.9056e+00	 1.8582e-01	 3.6313e+02	 1.0841e+03	-8.8198e+01	 3.7787e+06	 1.1890e+05	-3.1782e+01
 3.8443e+03	 1.0500e+03	 5.8612e+00	 2.1538e-01	 3.6313e+02	 1.0866e+03	-8.7895e+01	 2.1734e+06	 7.9866e+04	-2.7213e+01
 5.7665e+03	 1.0500e+03	 5.8094e+00	 2.5130e-01	 3.6313e+02	 1.0892e+03	-8.7523e+01	 1.2418e+06	 5.3719e+04	-2.3117e+01
 8.6498e+03	 1.0500e+03	 5.7482e+00	 2.9410e-01	 3.6314e+02	 1.0918e+03	-8.7071e+01	 7.0742e+05	 3.6194e+04	-1.9545e+01
 1.2975e+04	 1.0500e+03	 5.6753e+00	 3.4503e-01	 3.6313e+02	 1.0945e+03	-8.6521e+01	 4.0200e+05	 2.4439e+04	-1.6449e+01
 1.9462e+04	 1.0500e+03	 5.5889e+00	 4.0445e-01	 3.6313e+02	 1.0971e+03	-8.5861e+01	 2.2862e+05	 1.6545e+04	-1.3819e+01
 2.9193e+04	 1.0500e+03	 5.4852e+00	 4.7294e-01	 3.6314e+02	 1.0998e+03	-8.5072e+01	 1.3034e+05	 1.1238e+04	-1.1598e+01
 4.3789e+04	 1.0500e+03	 5.3605e+00	 5.5009e-01	 3.6314e+02	 1.1023e+03	-8.4141e+01	 7.4707e+04	 7.6665e+03	-9.7446e+00
 6.5684e+04	 1.0500e+03	 5.2090e+00	 6.3433e-01	 3.6315e+02	 1.1051e+03	-8.3057e+01	 4.3191e+04	 5.2596e+03	-8.2118e+00
 9.8526e+04	 1.0500e+03	 5.0242e+00	 7.1929e-01	 3.6315e+02	 1.1076e+03	-8.1853e+01	 2.5393e+04	 3.6354e+03	-6.9849e+00
 1.4779e+05	 1.0500e+03	 4.8012e+00	 7.9281e-01	 3.6316e+02	 1.1129e+03	-8.0623e+01	 1.5359e+04	 2.5362e+03	-6.0559e+00
 2.2168e+05	 1.0500e+03	 4.5462e+00	 8.3632e-01	 3.6316e+02	 1.1154e+03	-7.9576e+01	 9.7065e+03	 1.7856e+03	-5.4359e+00
 3.3253e+05	 1.0500e+03	 4.2856e+00	 8.3354e-01	 3.6317e+02	 1.1180e+03	-7.8993e+01	 6.4926e+03	 1.2628e+03	-5.1414e+00
 4.9879e+05	 1.0500e+03	-4.8944e+00	 5.2477e+01	 3.6317e+02	 1.1207e+03	 5.3284e+00	 6.8751e+01	-7.3714e+02	 9.3267e-02
 7.4818e+05	 1.0500e+03	 3.8604e+00	 5.9514e-01	 3.6315e+02	 1.1269e+03	-8.1236e+01	 4.0415e+03	 6.2306e+02	-6.4865e+00
 9.0000e+05	 1.0500e+03	 3.7827e+00	 5.4225e-01	 3.6314e+02	 1.1346e+03	-8.1842e+01	 3.6874e+03	 5.2860e+02	-6.9758e+00
 1.0000e+02	 1.1318e+03	 6.1203e+00	 1.0314e-01	 3.6313e+02	 1.1424e+03	-8.9034e+01	 1.7447e+08	 2.9403e+06	-5.9337e+01
 1.5000e+02	 1.1318e+03	 6.1004e+00	 1.0356e-01	 3.6313e+02	 1.1449e+03	-8.9027e+01	 1.1585e+08	 1.9666e+06	-5.8907e+01
 2.2500e+02	 1.1318e+03	 6.0771e+00	 1.0527e-01	 3.6313e+02	 1.1475e+03	-8.9008e+01	 7.5980e+07	 1.3161e+06	-5.7731e+01
 3.3750e+02	 1.1318e+03	 6.0538e+00	 1.1183e-01	 3.6313e+02	 1.1501e+03	-8.8942e+01	 4.7682e+07	 8.8078e+05	-5.4136e+01
 5.0625e+02	 1.1318e+03	 6.0282e+00	 1.2144e-01	 3.6313e+02	 1.1528e+03	-8.8846e+01	 2.9272e+07	 5.8968e+05	-4.9641e+01
 7.5938e+02	 1.1318e+03	 5.9997e+00	 1.3442e-01	 3.6313e+02	 1.1554e+03	-8.8717e+01	 1.7630e+07	 3.9499e+05	-4.4634e+01
 1.1391e+03	 1.1318e+03	 5.9680e+00	 1.5121e-01	 3.6315e+02	 1.1605e+03	-8.8549e+01	 1.0448e+07	 2.6472e+05	-3.9468e+01
 1.7086e+03	 1.1318e+03	 5.9319e+00	 1.7118e-01	 3.6314e+02	 1.1629e+03	-8.8347e+01	 6.1529e+06	 1.7756e+05	-3.4653e+01
 2.5629e+03	 1.1318e+03	 5.8911e+00	 1.9621e-01	 3.6315e+02	 1.1657e+03	-8.8092e+01	 3.5786e+06	 1.1919e+05	-3.0024e+01
 3.8443e+03	 1.1318e+03	 5.8438e+00	 2.2663e-01	 3.6315e+02	 1.1681e+03	-8.7779e+01	 2.0655e+06	 8.0104e+04	-2.5785e+01
 5.7665e+03	 1.1318e+03	 5.7886e+00	 2.6300e-01	 3.6315e+02	 1.1709e+03	-8.7399e+01	 1.1866e+06	 5.3912e+04	-2.2010e+01
 8.6498e+03	 1.1318e+03	 5.7237e+00	 3.0624e-01	 3.6316e+02	 1.1734e+03	-8.6937e+01	 6.7936e+05	 3.6349e+04	-1.8690e+01
 1.2975e+04	 1.1318e+03	 5.6470e+00	 3.5675e-01	 3.6316e+02	 1.1763e+03	-8.6385e+01	 3.8878e+05	 2.4561e+04	-1.5829e+01
 1.9462e+04	 1.1318e+03	 5.5567e+00	 4.1518e-01	 3.6316e+02	 1.1788e+03	-8.5727e+01	 2.2271e+05	 1.6641e+04	-1.3384e+01
 2.9193e+04	 1.1318e+03	 5.4492e+00	 4.8144e-01	 3.6317e+02	 1.1814e+03	-8.4951e+01	 1.2804e+05	 1.1312e+04	-1.1319e+01
 4.3789e+04	 1.1318e+03	 5.3213e+00	 5.5522e-01	 3.6316e+02	 1.1838e+03	-8.4043e+01	 7.4018e+04	 7.7230e+03	-9.5842e+00
 6.5684e+04	 1.1318e+03	 5.1681e+00	 6.3490e-01	 3.6317e+02	 1.1862e+03	-8.2996e+01	 4.3152e+04	 5.3013e+03	-8.1400e+00
 9.8526e+04	 1.1318e+03	 4.9839e+00	 7.1461e-01	 3.6317e+02	 1.1890e+03	-8.1840e+01	 2.5559e+04	 3.6648e+03	-6.9742e+00
 1.4779e+05	 1.1318e+03	 4.7638e+00	 7.8313e-01	 3.6317e+02	 1.1941e+03	-8.0665e+01	 1.5549e+04	 2.5561e+03	-6.0830e+00
 2.2168e+05	 1.1318e+03	 4.5236e+00	 8.2456e-01	 3.6317e+02	 1.1966e+03	-7.9669e+01	 9.8449e+03	 1.7945e+03	-5.4860e+00
 3.3253e+05	 1.1318e+03	 4.2591e+00	 8.1956e-01	 3.6317e+02	 1.1991e+03	-7.9108e+01	 6.6033e+03	 1.2707e+03	-5.1968e+00
 4.9879e+05	 1.1318e+03	-4.7503e+00	 5.2193e+01	 3.6318e+02	 1.2019e+03	 5.2004e+00	 6.9125e+01	-7.5951e+02	 9.1013e-02
 7.4818e+05	 1.1318e+03	 3.8431e+00	 5.8667e-01	 3.6317e+02	 1.2083e+03	-8.1320e+01	 4.0998e+03	 6.2586e+02	-6.5506e+00
 9.0000e+05	 1.1318e+03	 3.7671e+00	 5.3417e-01	 3.6317e+02	 1.2163e+03	-8.1929e+01	 3.7433e+03	 5.3078e+02	-7.0524e+00
 1.0000e+02	 1.2136e+03	 6.1180e+00	 1.0542e-01	 3.6317e+02	 1.2240e+03	-8.9013e+01	 1.7070e+08	 2.9415e+06	-5.8033e+01
 1.5000e+02	 1.2136e+03	 6.0947e+00	 1.0571e-01	 3.6317e+02	 1.2265e+03	-8.9006e+01	 1.1349e+08	 1.9685e+06	-5.7654e+01
 2.2500e+02	 1.2136e+03	 6.0738e+00	 1.0904e-01	 3.6317e+02	 1.2293e+03	-8.8971e+01	 7.3347e+07	 1.3168e+06	-5.5701e+01
 3.3750e+02	 1.2136e+03	 6.0495e+00	 1.1648e-01	 3.6317e+02	 1.2319e+03	-8.8897e+01	 4.5777e+07	 8.8140e+05	-5.1936e+01
 5.0625e+02	 1.2136e+03	 6.0227e+00	 1.2717e-01	 3.6317e+02	 1.2346e+03	-8.8790e+01	 2.7952e+07	 5.9022e+05	-4.7359e+01
 7.5938e+02	 1.2136e+03	 5.9928e+00	 1.4119e-01	 3.6316e+02	 1.2371e+03	-8.8650e+01	 1.6785e+07	 3.9544e+05	-4.2445e+01
 1.1391e+03	 1.2136e+03	 5.9585e+00	 1.5878e-01	 3.6316e+02	 1.2424e+03	-8.8474e+01	 9.9503e+06	 2.6514e+05	-3.7528e+01
 1.7086e+03	 1.2136e+03	 5.9200e+00	 1.8025e-01	 3.6315e+02	 1.2451e+03	-8.8256e+01	 5.8433e+06	 1.7791e+05	-3.2843e+01
 2.5629e+03	 1.2136e+03	 5.8766e+00	 2.0618e-01	 3.6315e+02	 1.2477e+03	-8.7991e+01	 3.4056e+06	 1.1948e+05	-2.8502e+01
 3.8443e+03	 1.2136e+03	 5.8261e+00	 2.3741e-01	 3.6315e+02	 1.2504e+03	-8.7667e+01	 1.9718e+06	 8.0346e+04	-2.4541e+01
 5.7665e+03	 1.2136e+03	 5.7675e+00	 2.7447e-01	 3.6315e+02	 1.2529e+03	-8.7275e+01	 1.1370e+06	 5.4109e+04	-2.1013e+01
 8.6498e+03	 1.2136e+03	 5.6991e+00	 3.1797e-01	 3.6314e+02	 1.2558e+03	-8.6807e+01	 6.5431e+05	 3.6506e+04	-1.7923e+01
 1.2975e+04	 1.2136e+03	 5.6183e+00	 3.6809e-01	 3.6314e+02	 1.2582e+03	-8.6252e+01	 3.7681e+05	 2.4687e+04	-1.5264e+01
 1.9462e+04	 1.2136e+03	 5.5241e+00	 4.2532e-01	 3.6314e+02	 1.2611e+03	-8.5597e+01	 2.1740e+05	 1.6739e+04	-1.2988e+01
 2.9193e+04	 1.2136e+03	 5.4130e+00	 4.8963e-01	 3.6315e+02	 1.2637e+03	-8.4831e+01	 1.2590e+05	 1.1388e+04	-1.1055e+01
 4.3789e+04	 1.2136e+03	 5.2823e+00	 5.6000e-01	 3.6315e+02	 1.2663e+03	-8.3948e+01	 7.3386e+04	 7.7800e+03	-9.4327e+00
 6.5684e+04	 1.2136e+03	 5.1275e+00	 6.3524e-01	 3.6315e+02	 1.2688e+03	-8.2938e+01	 4.3129e+04	 5.3432e+03	-8.0718e+00
 9.8526e+04	 1.2136e+03	 4.9436e+00	 7.1020e-01	 3.6315e+02	 1.2716e+03	-8.1825e+01	 2.5718e+04	 3.6946e+03	-6.9609e+00
 1.4779e+05	 1.2136e+03	 4.7260e+00	 7.7400e-01	 3.6315e+02	 1.2766e+03	-8.0699e+01	 1.5732e+04	 2.5765e+03	-6.1060e+00
 2.2168e+05	 1.2136e+03	 4.4905e+00	 8.1198e-01	 3.6315e+02	 1.2792e+03	-7.9750e+01	 9.9975e+03	 1.8078e+03	-5.5303e+00
 3.3253e+05	 1.2136e+03	 4.2314e+00	 8.0545e-01	 3.6314e+02	 1.2818e+03	-7.9223e+01	 6.7190e+03	 1.2790e+03	-5.2535e+00
 4.9879e+05	 1.2136e+03	-4.6045e+00	 5.1893e+01	 3.6314e+02	 1.2847e+03	 5.0705e+00	 6.9525e+01	-7.8356e+02	 8.8729e-02
 7.4818e+05	 1.2136e+03	 3.8249e+00	 5.7535e-01	 3.6314e+02	 1.2912e+03	-8.1446e+01	 4.1805e+03	 6.2884e+02	-6.6479e+00
 9.0000e+05	 1.2136e+03	 3.7509e+00	 5.2311e-01	 3.6314e+02	 1.2987e+03	-8.2061e+01	 3.8224e+03	 5.3308e+02	-7.1704e+00
 1.0000e+02	 1.2959e+03	 6.1153e+00	 1.0750e-01	 3.6315e+02	 1.3068e+03	-8.8993e+01	 1.6740e+08	 2.9427e+06	-5.6886e+01
 1.5000e+02	 1.2959e+03	 6.0908e+00	 1.0834e-01	 3.6316e+02	 1.3093e+03	-8.8981e+01	 1.1073e+08	 1.9697e+06	-5.6219e+01
 2.2500e+02	 1.2959e+03	 6.0699e+00	 1.1281e-01	 3.6315e+02	 1.3118e+03	-8.8935e+01	 7.0899e+07	 1.3177e+06	-5.3807e+01
 3.3750e+02	 1.2959e+03	 6.0445e+00	 1.2118e-01	 3.6315e+02	 1.3144e+03	-8.8851e+01	 4.4001e+07	 8.8213e+05	-4.9880e+01
 5.0625e+02	 1.2959e+03	 6.0165e+00	 1.3306e-01	 3.6316e+02	 1.3169e+03	-8.8733e+01	 2.6716e+07	 5.9083e+05	-4.5218e+01
 7.5938e+02	 1.2959e+03	 5.9851e+00	 1.4824e-01	 3.6316e+02	 1.3196e+03	-8.8581e+01	 1.5986e+07	 3.9595e+05	-4.0374e+01
 1.1391e+03	 1.2959e+03	 5.9492e+00	 1.6574e-01	 3.6316e+02	 1.3221e+03	-8.8404e+01	 9.5320e+06	 2.6556e+05	-3.5894e+01
 1.7086e+03	 1.2959e+03	 5.9089e+00	 1.8859e-01	 3.6316e+02	 1.3247e+03	-8.8172e+01	 5.5850e+06	 1.7825e+05	-3.1333e+01
 2.5629e+03	 1.2959e+03	 5.8629e+00	 2.1526e-01	 3.6316e+02	 1.3274e+03	-8.7897e+01	 3.2620e+06	 1.1976e+05	-2.7237e+01
 3.8443e+03	 1.2959e+03	 5.8097e+00	 2.4731e-01	 3.6317e+02	 1.3299e+03	-8.7562e+01	 1.8928e+06	 8.0573e+04	-2.3492e+01
 5.7665e+03	 1.2959e+03	 5.7482e+00	 2.8475e-01	 3.6316e+02	 1.3323e+03	-8.7164e+01	 1.0960e+06	 5.4290e+04	-2.0187e+01
 8.6498e+03	 1.2959e+03	 5.6766e+00	 3.2819e-01	 3.6316e+02	 1.3349e+03	-8.6691e+01	 6.3393e+05	 3.6650e+04	-1.7297e+01
 1.2975e+04	 1.2959e+03	 5.5927e+00	 3.7786e-01	 3.6315e+02	 1.3376e+03	-8.6135e+01	 3.6707e+05	 2.4800e+04	-1.4801e+01
 1.9462e+04	 1.2959e+03	 5.4952e+00	 4.3379e-01	 3.6315e+02	 1.3401e+03	-8.5486e+01	 2.1316e+05	 1.6827e+04	-1.2668e+01
 2.9193e+04	 1.2959e+03	 5.3808e+00	 4.9596e-01	 3.6315e+02	 1.3428e+03	-8.4734e+01	 1.2429e+05	 1.1456e+04	-1.0849e+01
 4.3789e+04	 1.2959e+03	 5.2477e+00	 5.6366e-01	 3.6315e+02	 1.3454e+03	-8.3869e+01	 7.2909e+04	 7.8312e+03	-9.3101e+00
 6.5684e+04	 1.2959e+03	 5.0919e+00	 6.3490e-01	 3.6315e+02	 1.3481e+03	-8.2893e+01	 4.3152e+04	 5.3806e+03	-8.0200e+00
 9.8526e+04	 1.2959e+03	 4.9084e+00	 7.0559e-01	 3.6314e+02	 1.3507e+03	-8.1820e+01	 2.5886e+04	 3.7211e+03	-6.9564e+00
 1.4779e+05	 1.2959e+03	 4.6936e+00	 7.6557e-01	 3.6314e+02	 1.3558e+03	-8.0736e+01	 1.5905e+04	 2.5943e+03	-6.1309e+00
 2.2168e+05	 1.2959e+03	 4.4626e+00	 8.0104e-01	 3.6315e+02	 1.3582e+03	-7.9824e+01	 1.0134e+04	 1.8190e+03	-5.5711e+00
 3.3253e+05	 1.2959e+03	 4.2085e+00	 7.9365e-01	 3.6315e+02	 1.3608e+03	-7.9320e+01	 6.8189e+03	 1.2859e+03	-5.3027e+00
 4.9879e+05	 1.2959e+03	-4.4847e+00	 5.1646e+01	 3.6315e+02	 1.3636e+03	 4.9629e+00	 6.9858e+01	-8.0448e+02	 8.6836e-02
 7.4818e+05	 1.2959e+03	 3.8100e+00	 5.6570e-01	 3.6315e+02	 1.3701e+03	-8.1554e+01	 4.2518e+03	 6.3131e+02	-6.7349e+00
 9.0000e+05	 1.2959e+03	 3.7367e+00	 5.1620e-01	 3.6315e+02	 1.3781e+03	-8.2135e+01	 3.8735e+03	 5.3511e+02	-7.2388e+00
 1.0000e+02	 1.3753e+03	 6.1126e+00	 1.0963e-01	 3.6315e+02	 1.3860e+03	-8.8972e+01	 1.6414e+08	 2.9440e+06	-5.5754e+01
 1.5000e+02	 1.3753e+03	 6.0913e+00	 1.1172e-01	 3.6315e+02	 1.3885e+03	-8.8949e+01	 1.0739e+08	 1.9695e+06	-5.4526e+01
 2.2500e+02	 1.3753e+03	 6.0663e+00	 1.1645e-01	 3.6315e+02	 1.3910e+03	-8.8900e+01	 6.8682e+07	 1.3185e+06	-5.2093e+01
 3.3750e+02	 1.3753e+03	 6.0401e+00	 1.2565e-01	 3.6315e+02	 1.3938e+03	-8.8808e+01	 4.2436e+07	 8.8278e+05	-4.8070e+01
 5.0625e+02	 1.3753e+03	 6.0108e+00	 1.3871e-01	 3.6315e+02	 1.3962e+03	-8.8678e+01	 2.5627e+07	 5.9139e+05	-4.3334e+01
 7.5938e+02	 1.3753e+03	 5.9775e+00	 1.5457e-01	 3.6316e+02	 1.3991e+03	-8.8519e+01	 1.5331e+07	 3.9645e+05	-3.8671e+01
 1.1391e+03	 1.3753e+03	 5.9402e+00	 1.7411e-01	 3.6315e+02	 1.4016e+03	-8.8321e+01	 9.0737e+06	 2.6596e+05	-3.4117e+01
 1.7086e+03	 1.3753e+03	 5.8973e+00	 1.9691e-01	 3.6315e+02	 1.4044e+03	-8.8088e+01	 5.3488e+06	 1.7860e+05	-2.9949e+01
 2.5629e+03	 1.3753e+03	 5.8490e+00	 2.2442e-01	 3.6315e+02	 1.4069e+03	-8.7803e+01	 3.1288e+06	 1.2005e+05	-2.6063e+01
 3.8443e+03	 1.3753e+03	 5.7932e+00	 2.5684e-01	 3.6315e+02	 1.4094e+03	-8.7461e+01	 1.8226e+06	 8.0804e+04	-2.2556e+01
 5.7665e+03	 1.3753e+03	 5.7289e+00	 2.9463e-01	 3.6315e+02	 1.4120e+03	-8.7056e+01	 1.0592e+06	 5.4474e+04	-1.9444e+01
 8.6498e+03	 1.3753e+03	 5.6541e+00	 3.3797e-01	 3.6315e+02	 1.4146e+03	-8.6579e+01	 6.1558e+05	 3.6796e+04	-1.6729e+01
 1.2975e+04	 1.3753e+03	 5.5671e+00	 3.8716e-01	 3.6315e+02	 1.4173e+03	-8.6022e+01	 3.5824e+05	 2.4914e+04	-1.4379e+01
 1.9462e+04	 1.3753e+03	 5.4664e+00	 4.4187e-01	 3.6315e+02	 1.4199e+03	-8.5379e+01	 2.0926e+05	 1.6915e+04	-1.2371e+01
 2.9193e+04	 1.3753e+03	 5.3495e+00	 5.0193e-01	 3.6315e+02	 1.4228e+03	-8.4640e+01	 1.2281e+05	 1.1523e+04	-1.0658e+01
 4.3789e+04	 1.3753e+03	 5.2144e+00	 5.6658e-01	 3.6316e+02	 1.4253e+03	-8.3799e+01	 7.2533e+04	 7.8812e+03	-9.2033e+00
 6.5684e+04	 1.3753e+03	 5.0579e+00	 6.3425e-01	 3.6315e+02	 1.4281e+03	-8.2853e+01	 4.3197e+04	 5.4167e+03	-7.9747e+00
 9.8526e+04	 1.3753e+03	 4.8754e+00	 7.0104e-01	 3.6315e+02	 1.4306e+03	-8.1817e+01	 2.6054e+04	 3.7463e+03	-6.9546e+00
 1.4779e+05	 1.3753e+03	 4.6632e+00	 7.5752e-01	 3.6315e+02	 1.4358e+03	-8.0773e+01	 1.6074e+04	 2.6112e+03	-6.1559e+00
 2.2168e+05	 1.3753e+03	 4.4361e+00	 7.9053e-01	 3.6315e+02	 1.4386e+03	-7.9896e+01	 1.0269e+04	 1.8299e+03	-5.6115e+00
 3.3253e+05	 1.3753e+03	 4.1862e+00	 7.8219e-01	 3.6315e+02	 1.4411e+03	-7.9416e+01	 6.9188e+03	 1.2928e+03	-5.3519e+00
 4.9879e+05	 1.3753e+03	-4.3657e+00	 5.1402e+01	 3.6314e+02	 1.4438e+03	 4.8547e+00	 7.0190e+01	-8.2641e+02	 8.4933e-02
 7.4818e+05	 1.3753e+03	 3.7945e+00	 5.5751e-01	 3.6314e+02	 1.4503e+03	-8.1642e+01	 4.3143e+03	 6.3387e+02	-6.8062e+00
 9.0000e+05	 1.3753e+03	 3.7230e+00	 5.0740e-01	 3.6315e+02	 1.4580e+03	-8.2239e+01	 3.9407e+03	 5.3707e+02	-7.3375e+00
 1.0000e+02	 1.4552e+03	 6.1105e+00	 1.1149e-01	 3.6316e+02	 1.4663e+03	-8.8955e+01	 1.6142e+08	 2.9451e+06	-5.4809e+01
 1.5000e+02	 1.4552e+03	 6.0859e+00	 1.1361e-01	 3.6315e+02	 1.4688e+03	-8.8931e+01	 1.0560e+08	 1.9713e+06	-5.3570e+01
 2.2500e+02	 1.4552e+03	 6.0628e+00	 1.2000e-01	 3.6316e+02	 1.4716e+03	-8.8866e+01	 6.6650e+07	 1.3192e+06	-5.0523e+01
 3.3750e+02	 1.4552e+03	 6.0356e+00	 1.3035e-01	 3.6315e+02	 1.4742e+03	-8.8763e+01	 4.0906e+07	 8.8344e+05	-4.6303e+01
 5.0625e+02	 1.4552e+03	 6.0048e+00	 1.4385e-01	 3.6316e+02	 1.4768e+03	-8.8628e+01	 2.4711e+07	 5.9198e+05	-4.1742e+01
 7.5938e+02	 1.4552e+03	 5.9702e+00	 1.6092e-01	 3.6316e+02	 1.4794e+03	-8.8456e+01	 1.4727e+07	 3.9694e+05	-3.7100e+01
 1.1391e+03	 1.4552e+03	 5.9309e+00	 1.8081e-01	 3.6316e+02	 1.4819e+03	-8.8254e+01	 8.7378e+06	 2.6638e+05	-3.2802e+01
 1.7086e+03	 1.4552e+03	 5.8862e+00	 2.0473e-01	 3.6316e+02	 1.4846e+03	-8.8008e+01	 5.1446e+06	 1.7894e+05	-2.8751e+01
 2.5629e+03	 1.4552e+03	 5.8356e+00	 2.3314e-01	 3.6316e+02	 1.4871e+03	-8.7712e+01	 3.0118e+06	 1.2033e+05	-2.5030e+01
 3.8443e+03	 1.4552e+03	 5.7771e+00	 2.6602e-01	 3.6315e+02	 1.4898e+03	-8.7364e+01	 1.7597e+06	 8.1029e+04	-2.1717e+01
 5.7665e+03	 1.4552e+03	 5.7096e+00	 3.0409e-01	 3.6315e+02	 1.4922e+03	-8.6951e+01	 1.0262e+06	 5.4657e+04	-1.8776e+01
 8.6498e+03	 1.4552e+03	 5.6321e+00	 3.4725e-01	 3.6316e+02	 1.4950e+03	-8.6472e+01	 5.9913e+05	 3.6940e+04	-1.6219e+01
 1.2975e+04	 1.4552e+03	 5.5419e+00	 3.9574e-01	 3.6316e+02	 1.4975e+03	-8.5915e+01	 3.5048e+05	 2.5027e+04	-1.4004e+01
 1.9462e+04	 1.4552e+03	 5.4383e+00	 4.4922e-01	 3.6315e+02	 1.5003e+03	-8.5278e+01	 2.0584e+05	 1.7003e+04	-1.2106e+01
 2.9193e+04	 1.4552e+03	 5.3189e+00	 5.0710e-01	 3.6315e+02	 1.5029e+03	-8.4554e+01	 1.2156e+05	 1.1590e+04	-1.0489e+01
 4.3789e+04	 1.4552e+03	 5.1823e+00	 5.6906e-01	 3.6315e+02	 1.5056e+03	-8.3734e+01	 7.2218e+04	 7.9300e+03	-9.1069e+00
 6.5684e+04	 1.4552e+03	 5.0252e+00	 6.3338e-01	 3.6315e+02	 1.5081e+03	-8.2816e+01	 4.3256e+04	 5.4519e+03	-7.9340e+00
 9.8526e+04	 1.4552e+03	 4.8437e+00	 6.9653e-01	 3.6315e+02	 1.5106e+03	-8.1817e+01	 2.6223e+04	 3.7709e+03	-6.9541e+00
 1.4779e+05	 1.4552e+03	 4.6339e+00	 7.4984e-01	 3.6315e+02	 1.5156e+03	-8.0808e+01	 1.6239e+04	 2.6277e+03	-6.1798e+00
 2.2168e+05	 1.4552e+03	 4.4105e+00	 7.8076e-01	 3.6315e+02	 1.5183e+03	-7.9961e+01	 1.0397e+04	 1.8406e+03	-5.6489e+00
 3.3253e+05	 1.4552e+03	 4.1648e+00	 7.7151e-01	 3.6315e+02	 1.5209e+03	-7.9505e+01	 7.0146e+03	 1.2994e+03	-5.3983e+00
 4.9879e+05	 1.4552e+03	-4.2547e+00	 5.1170e+01	 3.6314e+02	 1.5238e+03	 4.7531e+00	 7.0507e+01	-8.4797e+02	 8.3148e-02
 7.4818e+05	 1.4552e+03	 3.7804e+00	 5.4926e-01	 3.6314e+02	 1.5302e+03	-8.1733e+01	 4.3791e+03	 6.3624e+02	-6.8827e+00
 9.0000e+05	 1.4552e+03	 3.7095e+00	 5.0102e-01	 3.6315e+02	 1.5380e+03	-8.2308e+01	 3.9909e+03	 5.3903e+02	-7.4039e+00
 1.0000e+02	 1.5352e+03	 6.1083e+00	 1.1345e-01	 3.6314e+02	 1.5462e+03	-8.8936e+01	 1.5863e+08	 2.9461e+06	-5.3842e+01
 1.5000e+02	 1.5352e+03	 6.0836e+00	 1.1688e-01	 3.6315e+02	 1.5487e+03	-8.8899e+01	 1.0264e+08	 1.9721e+06	-5.2048e+01
 2.2500e+02	 1.5352e+03	 6.0594e+00	 1.2366e-01	 3.6315e+02	 1.5514e+03	-8.8831e+01	 6.4677e+07	 1.3200e+06	-4.9000e+01
 3.3750e+02	 1.5352e+03	 6.0312e+00	 1.3475e-01	 3.6315e+02	 1.5541e+03	-8.8720e+01	 3.9569e+07	 8.8408e+05	-4.4758e+01
 5.0625e+02	 1.5352e+03	 5.9993e+00	 1.4940e-01	 3.6315e+02	 1.5568e+03	-8.8573e+01	 2.3793e+07	 5.9252e+05	-4.0155e+01
 7.5938e+02	 1.5352e+03	 5.9629e+00	 1.6711e-01	 3.6315e+02	 1.5594e+03	-8.8395e+01	 1.4181e+07	 3.9742e+05	-3.5682e+01
 1.1391e+03	 1.5352e+03	 5.9219e+00	 1.8773e-01	 3.6315e+02	 1.5620e+03	-8.8184e+01	 8.4158e+06	 2.6679e+05	-3.1545e+01
 1.7086e+03	 1.5352e+03	 5.8751e+00	 2.1271e-01	 3.6316e+02	 1.5646e+03	-8.7927e+01	 4.9516e+06	 1.7927e+05	-2.7620e+01
 2.5629e+03	 1.5352e+03	 5.8222e+00	 2.4137e-01	 3.6315e+02	 1.5671e+03	-8.7626e+01	 2.9090e+06	 1.2060e+05	-2.4121e+01
 3.8443e+03	 1.5352e+03	 5.7613e+00	 2.7468e-01	 3.6315e+02	 1.5696e+03	-8.7270e+01	 1.7042e+06	 8.1251e+04	-2.0975e+01
 5.7665e+03	 1.5352e+03	 5.6913e+00	 3.1285e-01	 3.6315e+02	 1.5720e+03	-8.6854e+01	 9.9750e+05	 5.4833e+04	-1.8192e+01
 8.6498e+03	 1.5352e+03	 5.6109e+00	 3.5591e-01	 3.6315e+02	 1.5748e+03	-8.6370e+01	 5.8455e+05	 3.7080e+04	-1.5765e+01
 1.2975e+04	 1.5352e+03	 5.5182e+00	 4.0359e-01	 3.6315e+02	 1.5772e+03	-8.5817e+01	 3.4366e+05	 2.5135e+04	-1.3673e+01
 1.9462e+04	 1.5352e+03	 5.4120e+00	 4.5574e-01	 3.6315e+02	 1.5798e+03	-8.5186e+01	 2.0289e+05	 1.7085e+04	-1.1875e+01
 2.9193e+04	 1.5352e+03	 5.2905e+00	 5.1179e-01	 3.6315e+02	 1.5824e+03	-8.4475e+01	 1.2045e+05	 1.1652e+04	-1.0337e+01
 4.3789e+04	 1.5352e+03	 5.1525e+00	 5.7088e-01	 3.6315e+02	 1.5850e+03	-8.3678e+01	 7.1987e+04	 7.9760e+03	-9.0255e+00
 6.5684e+04	 1.5352e+03	 4.9947e+00	 6.3216e-01	 3.6315e+02	 1.5877e+03	-8.2787e+01	 4.3339e+04	 5.4852e+03	-7.9011e+00
 9.8526e+04	 1.5352e+03	 4.8143e+00	 6.9202e-01	 3.6314e+02	 1.5906e+03	-8.1820e+01	 2.6393e+04	 3.7939e+03	-6.9568e+00
 1.4779e+05	 1.5352e+03	 4.6065e+00	 7.4260e-01	 3.6314e+02	 1.5955e+03	-8.0842e+01	 1.6397e+04	 2.6433e+03	-6.2033e+00
 2.2168e+05	 1.5352e+03	 4.3866e+00	 7.7150e-01	 3.6314e+02	 1.5981e+03	-8.0025e+01	 1.0522e+04	 1.8506e+03	-5.6858e+00
 3.3253e+05	 1.5352e+03	 4.1448e+00	 7.6141e-01	 3.6314e+02	 1.6006e+03	-7.9591e+01	 7.1077e+03	 1.3057e+03	-5.4436e+00
 4.9879e+05	 1.5352e+03	-4.1498e+00	 5.0951e+01	 3.6314e+02	 1.6036e+03	 4.6564e+00	 7.0811e+01	-8.6940e+02	 8.1448e-02
 7.4818e+05	 1.5352e+03	 3.7670e+00	 5.4201e-01	 3.6315e+02	 1.6101e+03	-8.1812e+01	 4.4377e+03	 6.3851e+02	-6.9501e+00
 9.0000e+05	 1.5352e+03	 3.6974e+00	 4.9419e-01	 3.6315e+02	 1.6176e+03	-8.2387e+01	 4.0460e+03	 5.4079e+02	-7.4818e+00
 1.0000e+02	 1.6148e+03	 6.1063e+00	 1.1544e-01	 3.6316e+02	 1.6258e+03	-8.8917e+01	 1.5588e+08	 2.9471e+06	-5.2894e+01
 1.5000e+02	 1.6148e+03	 6.0820e+00	 1.1831e-01	 3.6316e+02	 1.6283e+03	-8.8886e+01	 1.0141e+08	 1.9726e+06	-5.1408e+01
 2.2500e+02	 1.6148e+03	 6.0562e+00	 1.2679e-01	 3.6316e+02	 1.6310e+03	-8.8801e+01	 6.3081e+07	 1.3206e+06	-4.7766e+01
 3.3750e+02	 1.6148e+03	 6.0272e+00	 1.3906e-01	 3.6316e+02	 1.6336e+03	-8.8678e+01	 3.8343e+07	 8.8467e+05	-4.3342e+01
 5.0625e+02	 1.6148e+03	 5.9941e+00	 1.5462e-01	 3.6317e+02	 1.6363e+03	-8.8522e+01	 2.2990e+07	 5.9304e+05	-3.8766e+01
 7.5938e+02	 1.6148e+03	 5.9562e+00	 1.7286e-01	 3.6316e+02	 1.6389e+03	-8.8338e+01	 1.3709e+07	 3.9787e+05	-3.4456e+01
 1.1391e+03	 1.6148e+03	 5.9132e+00	 1.9466e-01	 3.6316e+02	 1.6416e+03	-8.8115e+01	 8.1160e+06	 2.6718e+05	-3.0377e+01
 1.7086e+03	 1.6148e+03	 5.8645e+00	 2.2006e-01	 3.6316e+02	 1.6442e+03	-8.7851e+01	 4.7862e+06	 1.7960e+05	-2.6650e+01
 2.5629e+03	 1.6148e+03	 5.8093e+00	 2.4930e-01	 3.6316e+02	 1.6470e+03	-8.7543e+01	 2.8165e+06	 1.2087e+05	-2.3302e+01
 3.8443e+03	 1.6148e+03	 5.7461e+00	 2.8290e-01	 3.6316e+02	 1.6495e+03	-8.7181e+01	 1.6547e+06	 8.1465e+04	-2.0312e+01
 5.7665e+03	 1.6148e+03	 5.6735e+00	 3.2107e-01	 3.6317e+02	 1.6523e+03	-8.6761e+01	 9.7198e+05	 5.5005e+04	-1.7671e+01
 8.6498e+03	 1.6148e+03	 5.5905e+00	 3.6388e-01	 3.6316e+02	 1.6550e+03	-8.6276e+01	 5.7175e+05	 3.7215e+04	-1.5364e+01
 1.2975e+04	 1.6148e+03	 5.4952e+00	 4.1082e-01	 3.6316e+02	 1.6576e+03	-8.5725e+01	 3.3761e+05	 2.5240e+04	-1.3376e+01
 1.9462e+04	 1.6148e+03	 5.3865e+00	 4.6157e-01	 3.6316e+02	 1.6602e+03	-8.5102e+01	 2.0033e+05	 1.7166e+04	-1.1670e+01
 2.9193e+04	 1.6148e+03	 5.2631e+00	 5.1583e-01	 3.6317e+02	 1.6630e+03	-8.4402e+01	 1.1950e+05	 1.1712e+04	-1.0203e+01
 4.3789e+04	 1.6148e+03	 5.1239e+00	 5.7230e-01	 3.6316e+02	 1.6654e+03	-8.3627e+01	 7.1809e+04	 8.0205e+03	-8.9531e+00
 6.5684e+04	 1.6148e+03	 4.9662e+00	 6.3068e-01	 3.6315e+02	 1.6679e+03	-8.2762e+01	 4.3441e+04	 5.5168e+03	-7.8743e+00
 9.8526e+04	 1.6148e+03	 4.7865e+00	 6.8766e-01	 3.6316e+02	 1.6706e+03	-8.1824e+01	 2.6561e+04	 3.8159e+03	-6.9606e+00
 1.4779e+05	 1.6148e+03	 4.5811e+00	 7.3565e-01	 3.6314e+02	 1.6758e+03	-8.0877e+01	 1.6552e+04	 2.6580e+03	-6.2273e+00
 2.2168e+05	 1.6148e+03	 4.3645e+00	 7.6262e-01	 3.6315e+02	 1.6782e+03	-8.0089e+01	 1.0645e+04	 1.8600e+03	-5.7230e+00
 3.3253e+05	 1.6148e+03	 4.1263e+00	 7.5211e-01	 3.6315e+02	 1.6808e+03	-7.9670e+01	 7.1955e+03	 1.3115e+03	-5.4863e+00
 4.9879e+05	 1.6148e+03	-4.0525e+00	 5.0747e+01	 3.6315e+02	 1.6836e+03	 4.5657e+00	 7.1096e+01	-8.9029e+02	 7.9856e-02
 7.4818e+05	 1.6148e+03	 3.7543e+00	 5.3487e-01	 3.6315e+02	 1.6899e+03	-8.1892e+01	 4.4969e+03	 6.4066e+02	-7.0191e+00
 9.0000e+05	 1.6148e+03	 3.6859e+00	 4.8713e-01	 3.6315e+02	 1.6976e+03	-8.2471e+01	 4.1047e+03	 5.4249e+02	-7.5665e+00
 1.0000e+02	 1.6948e+03	 6.1041e+00	 1.1731e-01	 3.6315e+02	 1.7057e+03	-8.8899e+01	 1.5340e+08	 2.9481e+06	-5.2033e+01
 1.5000e+02	 1.6948e+03	 6.0808e+00	 1.2297e-01	 3.6315e+02	 1.7084e+03	-8.8841e+01	 9.7562e+07	 1.9730e+06	-4.9450e+01
 2.2500e+02	 1.6948e+03	 6.0530e+00	 1.3060e-01	 3.6315e+02	 1.7110e+03	-8.8764e+01	 6.1241e+07	 1.3213e+06	-4.6348e+01
 3.3750e+02	 1.6948e+03	 6.0228e+00	 1.4342e-01	 3.6315e+02	 1.7136e+03	-8.8636e+01	 3.7178e+07	 8.8531e+05	-4.1995e+01
 5.0625e+02	 1.6948e+03	 5.9884e+00	 1.5967e-01	 3.6314e+02	 1.7162e+03	-8.8473e+01	 2.2262e+07	 5.9360e+05	-3.7504e+01
 7.5938e+02	 1.6948e+03	 5.9488e+00	 1.7907e-01	 3.6315e+02	 1.7188e+03	-8.8276e+01	 1.3234e+07	 3.9837e+05	-3.3221e+01
 1.1391e+03	 1.6948e+03	 5.9042e+00	 2.0178e-01	 3.6314e+02	 1.7216e+03	-8.8043e+01	 7.8298e+06	 2.6758e+05	-2.9261e+01
 1.7086e+03	 1.6948e+03	 5.8533e+00	 2.2754e-01	 3.6314e+02	 1.7241e+03	-8.7774e+01	 4.6289e+06	 1.7994e+05	-2.5724e+01
 2.5629e+03	 1.6948e+03	 5.7962e+00	 2.5700e-01	 3.6314e+02	 1.7270e+03	-8.7461e+01	 2.7321e+06	 1.2114e+05	-2.2553e+01
 3.8443e+03	 1.6948e+03	 5.7305e+00	 2.9117e-01	 3.6314e+02	 1.7294e+03	-8.7091e+01	 1.6077e+06	 8.1687e+04	-1.9681e+01
 5.7665e+03	 1.6948e+03	 5.6556e+00	 3.2919e-01	 3.6315e+02	 1.7321e+03	-8.6669e+01	 9.4801e+05	 5.5179e+04	-1.7181e+01
 8.6498e+03	 1.6948e+03	 5.5698e+00	 3.7149e-01	 3.6315e+02	 1.7346e+03	-8.6184e+01	 5.6003e+05	 3.7353e+04	-1.4993e+01
 1.2975e+04	 1.6948e+03	 5.4722e+00	 4.1768e-01	 3.6315e+02	 1.7371e+03	-8.5635e+01	 3.3207e+05	 2.5346e+04	-1.3101e+01
 1.9462e+04	 1.6948e+03	 5.3614e+00	 4.6701e-01	 3.6315e+02	 1.7398e+03	-8.5022e+01	 1.9799e+05	 1.7247e+04	-1.1480e+01
 2.9193e+04	 1.6948e+03	 5.2363e+00	 5.1918e-01	 3.6314e+02	 1.7423e+03	-8.4338e+01	 1.1873e+05	 1.1772e+04	-1.0086e+01
 4.3789e+04	 1.6948e+03	 5.0960e+00	 5.7362e-01	 3.6314e+02	 1.7450e+03	-8.3578e+01	 7.1644e+04	 8.0644e+03	-8.8840e+00
 6.5684e+04	 1.6948e+03	 4.9383e+00	 6.2926e-01	 3.6314e+02	 1.7474e+03	-8.2738e+01	 4.3539e+04	 5.5480e+03	-7.8477e+00
 9.8526e+04	 1.6948e+03	 4.7596e+00	 6.8348e-01	 3.6314e+02	 1.7500e+03	-8.1828e+01	 2.6724e+04	 3.8375e+03	-6.9638e+00
 1.4779e+05	 1.6948e+03	 4.5563e+00	 7.2912e-01	 3.6314e+02	 1.7552e+03	-8.0908e+01	 1.6700e+04	 2.6725e+03	-6.2490e+00
 2.2168e+05	 1.6948e+03	 4.3429e+00	 7.5439e-01	 3.6314e+02	 1.7579e+03	-8.0146e+01	 1.0761e+04	 1.8692e+03	-5.7568e+00
 3.3253e+05	 1.6948e+03	 4.1081e+00	 7.4293e-01	 3.6314e+02	 1.7608e+03	-7.9749e+01	 7.2845e+03	 1.3174e+03	-5.5296e+00
 4.9879e+05	 1.6948e+03	-3.9577e+00	 5.0547e+01	 3.6314e+02	 1.7636e+03	 4.4769e+00	 7.1377e+01	-9.1162e+02	 7.8296e-02
 7.4818e+05	 1.6948e+03	 3.7429e+00	 5.2330e-01	 3.6315e+02	 1.7703e+03	-8.2041e+01	 4.5963e+03	 6.4262e+02	-7.1524e+00
 9.0000e+05	 1.6948e+03	 3.6747e+00	 4.8030e-01	 3.6315e+02	 1.7780e+03	-8.2553e+01	 4.1631e+03	 5.4413e+02	-7.6508e+00
 1.0000e+02	 1.7752e+03	 6.1024e+00	 1.1939e-01	 3.6315e+02	 1.7857e+03	-8.8879e+01	 1.5073e+08	 2.9490e+06	-5.1112e+01
 1.5000e+02	 1.7752e+03	 6.0809e+00	 1.2212e-01	 3.6315e+02	 1.7886e+03	-8.8850e+01	 9.8241e+07	 1.9729e+06	-4.9795e+01
 2.2500e+02	 1.7752e+03	 6.0498e+00	 1.3392e-01	 3.6315e+02	 1.7910e+03	-8.8732e+01	 5.9725e+07	 1.3220e+06	-4.5177e+01
 3.3750e+02	 1.7752e+03	 6.0186e+00	 1.4771e-01	 3.6315e+02	 1.7939e+03	-8.8594e+01	 3.6097e+07	 8.8593e+05	-4.0745e+01
 5.0625e+02	 1.7752e+03	 5.9828e+00	 1.6481e-01	 3.6314e+02	 1.7963e+03	-8.8422e+01	 2.1569e+07	 5.9415e+05	-3.6302e+01
 7.5938e+02	 1.7752e+03	 5.9422e+00	 1.8478e-01	 3.6315e+02	 1.7993e+03	-8.8219e+01	 1.2825e+07	 3.9881e+05	-3.2159e+01
 1.1391e+03	 1.7752e+03	 5.8954e+00	 2.0832e-01	 3.6315e+02	 1.8018e+03	-8.7976e+01	 7.5837e+06	 2.6798e+05	-2.8299e+01
 1.7086e+03	 1.7752e+03	 5.8432e+00	 2.3448e-01	 3.6315e+02	 1.8045e+03	-8.7702e+01	 4.4919e+06	 1.8025e+05	-2.4920e+01
 2.5629e+03	 1.7752e+03	 5.7836e+00	 2.6463e-01	 3.6316e+02	 1.8071e+03	-8.7380e+01	 2.6534e+06	 1.2141e+05	-2.1855e+01
 3.8443e+03	 1.7752e+03	 5.7158e+00	 2.9859e-01	 3.6315e+02	 1.8098e+03	-8.7010e+01	 1.5677e+06	 8.1897e+04	-1.9143e+01
 5.7665e+03	 1.7752e+03	 5.6387e+00	 3.3671e-01	 3.6315e+02	 1.8122e+03	-8.6583e+01	 9.2684e+05	 5.5345e+04	-1.6746e+01
 8.6498e+03	 1.7752e+03	 5.5507e+00	 3.7858e-01	 3.6315e+02	 1.8148e+03	-8.6098e+01	 5.4955e+05	 3.7482e+04	-1.4662e+01
 1.2975e+04	 1.7752e+03	 5.4508e+00	 4.2380e-01	 3.6316e+02	 1.8172e+03	-8.5554e+01	 3.2727e+05	 2.5446e+04	-1.2862e+01
 1.9462e+04	 1.7752e+03	 5.3380e+00	 4.7185e-01	 3.6316e+02	 1.8198e+03	-8.4948e+01	 1.9596e+05	 1.7322e+04	-1.1313e+01
 2.9193e+04	 1.7752e+03	 5.2115e+00	 5.2215e-01	 3.6316e+02	 1.8224e+03	-8.4279e+01	 1.1806e+05	 1.1828e+04	-9.9808e+00
 4.3789e+04	 1.7752e+03	 5.0705e+00	 5.7435e-01	 3.6315e+02	 1.8249e+03	-8.3537e+01	 7.1552e+04	 8.1049e+03	-8.8282e+00
 6.5684e+04	 1.7752e+03	 4.9130e+00	 6.2752e-01	 3.6315e+02	 1.8273e+03	-8.2721e+01	 4.3660e+04	 5.5766e+03	-7.8292e+00
 9.8526e+04	 1.7752e+03	 4.7353e+00	 6.7922e-01	 3.6316e+02	 1.8301e+03	-8.1837e+01	 2.6891e+04	 3.8572e+03	-6.9716e+00
 1.4779e+05	 1.7752e+03	 4.5463e+00	 7.2360e-01	 3.6316e+02	 1.8325e+03	-8.0957e+01	 1.6828e+04	 2.6783e+03	-6.2830e+00
 2.2168e+05	 1.7752e+03	 4.3242e+00	 7.4693e-01	 3.6316e+02	 1.8350e+03	-8.0200e+01	 1.0868e+04	 1.8773e+03	-5.7893e+00
 3.3253e+05	 1.7752e+03	 4.0925e+00	 7.3488e-01	 3.6316e+02	 1.8379e+03	-7.9820e+01	 7.3642e+03	 1.3224e+03	-5.5689e+00
 4.9879e+05	 1.7752e+03	-3.8761e+00	 5.0376e+01	 3.6316e+02	 1.8408e+03	 4.3998e+00	 7.1619e+01	-9.3081e+02	 7.6943e-02
 7.4818e+05	 1.7752e+03	 3.7316e+00	 5.2129e-01	 3.6317e+02	 1.8472e+03	-8.2047e+01	 4.6140e+03	 6.4457e+02	-7.1583e+00
 9.0000e+05	 1.7752e+03	 3.6649e+00	 4.7589e-01	 3.6317e+02	 1.8550e+03	-8.2601e+01	 4.2016e+03	 5.4559e+02	-7.7011e+00
 1.0000e+02	 1.8522e+03	 6.1005e+00	 1.2111e-01	 3.6316e+02	 1.8631e+03	-8.8863e+01	 1.4860e+08	 2.9499e+06	-5.0373e+01
 1.5000e+02	 1.8522e+03	 6.0770e+00	 1.2505e-01	 3.6316e+02	 1.8655e+03	-8.8821e+01	 9.5937e+07	 1.9742e+06	-4.8596e+01
 2.2500e+02	 1.8522e+03	 6.0471e+00	 1.3718e-01	 3.6315e+02	 1.8683e+03	-8.8700e+01	 5.8305e+07	 1.3226e+06	-4.4083e+01
 3.3750e+02	 1.8522e+03	 6.0150e+00	 1.5179e-01	 3.6315e+02	 1.8709e+03	-8.8554e+01	 3.5127e+07	 8.8646e+05	-3.9626e+01
 5.0625e+02	 1.8522e+03	 5.9780e+00	 1.6967e-01	 3.6315e+02	 1.8736e+03	-8.8374e+01	 2.0951e+07	 5.9463e+05	-3.5234e+01
 7.5938e+02	 1.8522e+03	 5.9356e+00	 1.9060e-01	 3.6314e+02	 1.8764e+03	-8.8161e+01	 1.2433e+07	 3.9925e+05	-3.1142e+01
 1.1391e+03	 1.8522e+03	 5.8879e+00	 2.1415e-01	 3.6314e+02	 1.8791e+03	-8.7917e+01	 7.3773e+06	 2.6833e+05	-2.7494e+01
 1.7086e+03	 1.8522e+03	 5.8329e+00	 2.4110e-01	 3.6314e+02	 1.8816e+03	-8.7633e+01	 4.3685e+06	 1.8057e+05	-2.4193e+01
 2.5629e+03	 1.8522e+03	 5.7713e+00	 2.7177e-01	 3.6313e+02	 1.8843e+03	-8.7304e+01	 2.5837e+06	 1.2166e+05	-2.1236e+01
 3.8443e+03	 1.8522e+03	 5.7013e+00	 3.0571e-01	 3.6314e+02	 1.8868e+03	-8.6931e+01	 1.5312e+06	 8.2105e+04	-1.8650e+01
 5.7665e+03	 1.8522e+03	 5.6219e+00	 3.4365e-01	 3.6312e+02	 1.8893e+03	-8.6502e+01	 9.0810e+05	 5.5510e+04	-1.6359e+01
 8.6498e+03	 1.8522e+03	 5.5317e+00	 3.8516e-01	 3.6313e+02	 1.8921e+03	-8.6017e+01	 5.4016e+05	 3.7610e+04	-1.4362e+01
 1.2975e+04	 1.8522e+03	 5.4297e+00	 4.2952e-01	 3.6314e+02	 1.8945e+03	-8.5477e+01	 3.2292e+05	 2.5544e+04	-1.2641e+01
 1.9462e+04	 1.8522e+03	 5.3150e+00	 4.7624e-01	 3.6314e+02	 1.8971e+03	-8.4880e+01	 1.9416e+05	 1.7397e+04	-1.1160e+01
 2.9193e+04	 1.8522e+03	 5.1872e+00	 5.2477e-01	 3.6314e+02	 1.8998e+03	-8.4223e+01	 1.1747e+05	 1.1884e+04	-9.8846e+00
 4.3789e+04	 1.8522e+03	 5.0454e+00	 5.7490e-01	 3.6313e+02	 1.9026e+03	-8.3500e+01	 7.1484e+04	 8.1452e+03	-8.7763e+00
 6.5684e+04	 1.8522e+03	 4.8878e+00	 6.2591e-01	 3.6314e+02	 1.9051e+03	-8.2703e+01	 4.3772e+04	 5.6053e+03	-7.8091e+00
 9.8526e+04	 1.8522e+03	 4.7110e+00	 6.7544e-01	 3.6314e+02	 1.9076e+03	-8.1841e+01	 2.7041e+04	 3.8770e+03	-6.9748e+00
 1.4779e+05	 1.8522e+03	 4.5241e+00	 7.1764e-01	 3.6313e+02	 1.9101e+03	-8.0987e+01	 1.6968e+04	 2.6915e+03	-6.3042e+00
 2.2168e+05	 1.8522e+03	 4.3042e+00	 7.3942e-01	 3.6314e+02	 1.9128e+03	-8.0252e+01	 1.0978e+04	 1.8860e+03	-5.8210e+00
 3.3253e+05	 1.8522e+03	 4.0753e+00	 7.2671e-01	 3.6313e+02	 1.9155e+03	-7.9889e+01	 7.4470e+03	 1.3280e+03	-5.6079e+00
 4.9879e+05	 1.8522e+03	-3.7872e+00	 5.0184e+01	 3.6314e+02	 1.9183e+03	 4.3157e+00	 7.1893e+01	-9.5266e+02	 7.5465e-02
 7.4818e+05	 1.8522e+03	 3.7199e+00	 5.1391e-01	 3.6313e+02	 1.9248e+03	-8.2134e+01	 4.6803e+03	 6.4658e+02	-7.2385e+00
 9.0000e+05	 1.8522e+03	 3.6542e+00	 4.7052e-01	 3.6314e+02	 1.9324e+03	-8.2663e+01	 4.2496e+03	 5.4719e+02	-7.7662e+00
 1.0000e+02	 1.9297e+03	 6.0987e+00	 1.2299e-01	 3.6315e+02	 1.9403e+03	-8.8845e+01	 1.4632e+08	 2.9508e+06	-4.9589e+01
 1.5000e+02	 1.9297e+03	 6.0721e+00	 1.2913e-01	 3.6314e+02	 1.9429e+03	-8.8782e+01	 9.2907e+07	 1.9758e+06	-4.7023e+01
 2.2500e+02	 1.9297e+03	 6.0439e+00	 1.4039e-01	 3.6314e+02	 1.9454e+03	-8.8669e+01	 5.6970e+07	 1.3233e+06	-4.3050e+01
 3.3750e+02	 1.9297e+03	 6.0108e+00	 1.5586e-01	 3.6314e+02	 1.9481e+03	-8.8515e+01	 3.4211e+07	 8.8707e+05	-3.8566e+01
 5.0625e+02	 1.9297e+03	 5.9729e+00	 1.7438e-01	 3.6315e+02	 1.9506e+03	-8.8328e+01	 2.0385e+07	 5.9514e+05	-3.4252e+01
 7.5938e+02	 1.9297e+03	 5.9290e+00	 1.9590e-01	 3.6314e+02	 1.9533e+03	-8.8108e+01	 1.2097e+07	 3.9970e+05	-3.0266e+01
 1.1391e+03	 1.9297e+03	 5.8794e+00	 2.1993e-01	 3.6314e+02	 1.9558e+03	-8.7858e+01	 7.1836e+06	 2.6871e+05	-2.6734e+01
 1.7086e+03	 1.9297e+03	 5.8232e+00	 2.4739e-01	 3.6314e+02	 1.9585e+03	-8.7567e+01	 4.2574e+06	 1.8087e+05	-2.3539e+01
 2.5629e+03	 1.9297e+03	 5.7598e+00	 2.7813e-01	 3.6314e+02	 1.9613e+03	-8.7235e+01	 2.5246e+06	 1.2191e+05	-2.0709e+01
 3.8443e+03	 1.9297e+03	 5.6878e+00	 3.1248e-01	 3.6314e+02	 1.9641e+03	-8.6855e+01	 1.4980e+06	 8.2301e+04	-1.8202e+01
 5.7665e+03	 1.9297e+03	 5.6065e+00	 3.5030e-01	 3.6314e+02	 1.9666e+03	-8.6425e+01	 8.9088e+05	 5.5663e+04	-1.6005e+01
 8.6498e+03	 1.9297e+03	 5.5143e+00	 3.9108e-01	 3.6314e+02	 1.9693e+03	-8.5943e+01	 5.3198e+05	 3.7729e+04	-1.4100e+01
 1.2975e+04	 1.9297e+03	 5.4104e+00	 4.3457e-01	 3.6314e+02	 1.9718e+03	-8.5408e+01	 3.1917e+05	 2.5636e+04	-1.2450e+01
 1.9462e+04	 1.9297e+03	 5.2942e+00	 4.8005e-01	 3.6315e+02	 1.9746e+03	-8.4819e+01	 1.9262e+05	 1.7465e+04	-1.1028e+01
 2.9193e+04	 1.9297e+03	 5.1653e+00	 5.2695e-01	 3.6316e+02	 1.9772e+03	-8.4175e+01	 1.1698e+05	 1.1934e+04	-9.8022e+00
 4.3789e+04	 1.9297e+03	 5.0232e+00	 5.7515e-01	 3.6315e+02	 1.9796e+03	-8.3468e+01	 7.1452e+04	 8.1812e+03	-8.7338e+00
 6.5684e+04	 1.9297e+03	 4.8660e+00	 6.2408e-01	 3.6316e+02	 1.9821e+03	-8.2691e+01	 4.3900e+04	 5.6304e+03	-7.7970e+00
 9.8526e+04	 1.9297e+03	 4.6904e+00	 6.7169e-01	 3.6316e+02	 1.9846e+03	-8.1850e+01	 2.7192e+04	 3.8941e+03	-6.9829e+00
 1.4779e+05	 1.9297e+03	 4.5054e+00	 7.1237e-01	 3.6316e+02	 1.9873e+03	-8.1015e+01	 1.7093e+04	 2.7027e+03	-6.3245e+00
 2.2168e+05	 1.9297e+03	 4.2879e+00	 7.3284e-01	 3.6317e+02	 1.9899e+03	-8.0301e+01	 1.1077e+04	 1.8932e+03	-5.8511e+00
 3.3253e+05	 1.9297e+03	 4.0619e+00	 7.1972e-01	 3.6317e+02	 1.9926e+03	-7.9952e+01	 7.5193e+03	 1.3323e+03	-5.6438e+00
 4.9879e+05	 1.9297e+03	-3.7164e+00	 5.0037e+01	 3.6317e+02	 1.9952e+03	 4.2477e+00	 7.2104e+01	-9.7080e+02	 7.4273e-02
 7.4818e+05	 1.9297e+03	 3.7106e+00	 5.1071e-01	 3.6318e+02	 2.0017e+03	-8.2163e+01	 4.7097e+03	 6.4821e+02	-7.2657e+00
 9.0000e+05	 1.9297e+03	 3.6460e+00	 4.6579e-01	 3.6318e+02	 2.0097e+03	-8.2720e+01	 4.2928e+03	 5.4842e+02	-7.8276e+00
 1.0000e+02	 2.0070e+03	 6.0974e+00	 1.2471e-01	 3.6317e+02	 2.0176e+03	-8.8828e+01	 1.4430e+08	 2.9514e+06	-4.8891e+01
 1.5000e+02	 2.0070e+03	 6.0699e+00	 1.3164e-01	 3.6317e+02	 2.0204e+03	-8.8758e+01	 9.1136e+07	 1.9765e+06	-4.6110e+01
 2.2500e+02	 2.0070e+03	 6.0416e+00	 1.4335e-01	 3.6317e+02	 2.0228e+03	-8.8641e+01	 5.5795e+07	 1.3238e+06	-4.2146e+01
 3.3750e+02	 2.0070e+03	 6.0077e+00	 1.5951e-01	 3.6317e+02	 2.0258e+03	-8.8479e+01	 3.3428e+07	 8.8753e+05	-3.7664e+01
 5.0625e+02	 2.0070e+03	 5.9682e+00	 1.7904e-01	 3.6317e+02	 2.0283e+03	-8.8282e+01	 1.9855e+07	 5.9561e+05	-3.3335e+01
 7.5938e+02	 2.0070e+03	 5.9236e+00	 2.0099e-01	 3.6317e+02	 2.0310e+03	-8.8057e+01	 1.1791e+07	 4.0006e+05	-2.9472e+01
 1.1391e+03	 2.0070e+03	 5.8725e+00	 2.2564e-01	 3.6316e+02	 2.0335e+03	-8.7800e+01	 7.0017e+06	 2.6903e+05	-2.6026e+01
 1.7086e+03	 2.0070e+03	 5.8141e+00	 2.5370e-01	 3.6316e+02	 2.0363e+03	-8.7501e+01	 4.1516e+06	 1.8116e+05	-2.2917e+01
 2.5629e+03	 2.0070e+03	 5.7491e+00	 2.8456e-01	 3.6316e+02	 2.0389e+03	-8.7166e+01	 2.4675e+06	 1.2213e+05	-2.0203e+01
 3.8443e+03	 2.0070e+03	 5.6749e+00	 3.1875e-01	 3.6316e+02	 2.0416e+03	-8.6785e+01	 1.4686e+06	 8.2487e+04	-1.7804e+01
 5.7665e+03	 2.0070e+03	 5.5914e+00	 3.5631e-01	 3.6316e+02	 2.0440e+03	-8.6354e+01	 8.7584e+05	 5.5813e+04	-1.5692e+01
 8.6498e+03	 2.0070e+03	 5.4972e+00	 3.9667e-01	 3.6316e+02	 2.0466e+03	-8.5873e+01	 5.2449e+05	 3.7846e+04	-1.3858e+01
 1.2975e+04	 2.0070e+03	 5.3915e+00	 4.3944e-01	 3.6315e+02	 2.0492e+03	-8.5340e+01	 3.1563e+05	 2.5725e+04	-1.2269e+01
 1.9462e+04	 2.0070e+03	 5.2739e+00	 4.8366e-01	 3.6315e+02	 2.0518e+03	-8.4760e+01	 1.9118e+05	 1.7533e+04	-1.0904e+01
 2.9193e+04	 2.0070e+03	 5.1434e+00	 5.2903e-01	 3.6313e+02	 2.0546e+03	-8.4127e+01	 1.1652e+05	 1.1985e+04	-9.7223e+00
 4.3789e+04	 2.0070e+03	 5.0007e+00	 5.7529e-01	 3.6314e+02	 2.0570e+03	-8.3437e+01	 7.1435e+04	 8.2180e+03	-8.6925e+00
 6.5684e+04	 2.0070e+03	 4.8435e+00	 6.2225e-01	 3.6314e+02	 2.0595e+03	-8.2679e+01	 4.4029e+04	 5.6565e+03	-7.7838e+00
 9.8526e+04	 2.0070e+03	 4.6684e+00	 6.6801e-01	 3.6313e+02	 2.0623e+03	-8.1857e+01	 2.7342e+04	 3.9125e+03	-6.9885e+00
 1.4779e+05	 2.0070e+03	 4.4854e+00	 7.0727e-01	 3.6313e+02	 2.0651e+03	-8.1039e+01	 1.7216e+04	 2.7147e+03	-6.3418e+00
 2.2168e+05	 2.0070e+03	 4.2698e+00	 7.2624e-01	 3.6314e+02	 2.0676e+03	-8.0347e+01	 1.1178e+04	 1.9012e+03	-5.8793e+00
 3.3253e+05	 2.0070e+03	 4.0465e+00	 7.1230e-01	 3.6313e+02	 2.0704e+03	-8.0016e+01	 7.5977e+03	 1.3374e+03	-5.6808e+00
 4.9879e+05	 2.0070e+03	-3.6351e+00	 4.9863e+01	 3.6314e+02	 2.0731e+03	 4.1696e+00	 7.2356e+01	-9.9251e+02	 7.2902e-02
 7.4818e+05	 2.0070e+03	 3.7000e+00	 5.0324e-01	 3.6314e+02	 2.0801e+03	-8.2255e+01	 4.7795e+03	 6.5008e+02	-7.3523e+00
 9.0000e+05	 2.0070e+03	 3.6360e+00	 4.6040e-01	 3.6314e+02	 2.0878e+03	-8.2783e+01	 4.3430e+03	 5.4993e+02	-7.8974e+00
 1.0000e+02	 2.0850e+03	 6.0953e+00	 1.2671e-01	 3.6315e+02	 2.0962e+03	-8.8809e+01	 1.4202e+08	 2.9524e+06	-4.8104e+01
 1.5000e+02	 2.0850e+03	 6.0704e+00	 1.3596e-01	 3.6313e+02	 2.0987e+03	-8.8717e+01	 8.8242e+07	 1.9763e+06	-4.4649e+01
 2.2500e+02	 2.0850e+03	 6.0386e+00	 1.4683e-01	 3.6315e+02	 2.1014e+03	-8.8607e+01	 5.4470e+07	 1.3245e+06	-4.1125e+01
 3.3750e+02	 2.0850e+03	 6.0038e+00	 1.6368e-01	 3.6315e+02	 2.1039e+03	-8.8438e+01	 3.2576e+07	 8.8811e+05	-3.6680e+01
 5.0625e+02	 2.0850e+03	 5.9631e+00	 1.8373e-01	 3.6315e+02	 2.1064e+03	-8.8235e+01	 1.9347e+07	 5.9611e+05	-3.2456e+01
 7.5938e+02	 2.0850e+03	 5.9167e+00	 2.0646e-01	 3.6315e+02	 2.1090e+03	-8.8001e+01	 1.1478e+07	 4.0053e+05	-2.8657e+01
 1.1391e+03	 2.0850e+03	 5.8643e+00	 2.3187e-01	 3.6315e+02	 2.1114e+03	-8.7736e+01	 6.8137e+06	 2.6941e+05	-2.5291e+01
 1.7086e+03	 2.0850e+03	 5.8043e+00	 2.5984e-01	 3.6315e+02	 2.1142e+03	-8.7437e+01	 4.0535e+06	 1.8146e+05	-2.2338e+01
 2.5629e+03	 2.0850e+03	 5.7371e+00	 2.9085e-01	 3.6314e+02	 2.1168e+03	-8.7098e+01	 2.4142e+06	 1.2239e+05	-1.9725e+01
 3.8443e+03	 2.0850e+03	 5.6614e+00	 3.2519e-01	 3.6315e+02	 2.1192e+03	-8.6713e+01	 1.4395e+06	 8.2684e+04	-1.7410e+01
 5.7665e+03	 2.0850e+03	 5.5762e+00	 3.6238e-01	 3.6316e+02	 2.1217e+03	-8.6282e+01	 8.6118e+05	 5.5965e+04	-1.5388e+01
 8.6498e+03	 2.0850e+03	 5.4802e+00	 4.0211e-01	 3.6316e+02	 2.1242e+03	-8.5803e+01	 5.1739e+05	 3.7964e+04	-1.3628e+01
 1.2975e+04	 2.0850e+03	 5.3730e+00	 4.4385e-01	 3.6315e+02	 2.1269e+03	-8.5278e+01	 3.1249e+05	 2.5814e+04	-1.2106e+01
 1.9462e+04	 2.0850e+03	 5.2539e+00	 4.8675e-01	 3.6316e+02	 2.1294e+03	-8.4707e+01	 1.8996e+05	 1.7600e+04	-1.0794e+01
 2.9193e+04	 2.0850e+03	 5.1231e+00	 5.3059e-01	 3.6315e+02	 2.1323e+03	-8.4087e+01	 1.1618e+05	 1.2033e+04	-9.6556e+00
 4.3789e+04	 2.0850e+03	 4.9799e+00	 5.7531e-01	 3.6315e+02	 2.1348e+03	-8.3410e+01	 7.1433e+04	 8.2524e+03	-8.6560e+00
 6.5684e+04	 2.0850e+03	 4.8228e+00	 6.2040e-01	 3.6314e+02	 2.1372e+03	-8.2670e+01	 4.4161e+04	 5.6808e+03	-7.7737e+00
 9.8526e+04	 2.0850e+03	 4.6485e+00	 6.6439e-01	 3.6314e+02	 2.1398e+03	-8.1866e+01	 2.7491e+04	 3.9292e+03	-6.9966e+00
 1.4779e+05	 2.0850e+03	 4.4670e+00	 7.0214e-01	 3.6313e+02	 2.1424e+03	-8.1067e+01	 1.7342e+04	 2.7259e+03	-6.3620e+00
 2.2168e+05	 2.0850e+03	 4.2538e+00	 7.1999e-01	 3.6314e+02	 2.1450e+03	-8.0393e+01	 1.1275e+04	 1.9084e+03	-5.9081e+00
 3.3253e+05	 2.0850e+03	 4.0330e+00	 7.0545e-01	 3.6313e+02	 2.1476e+03	-8.0078e+01	 7.6714e+03	 1.3419e+03	-5.7169e+00
 4.9879e+05	 2.0850e+03	-3.5629e+00	 4.9712e+01	 3.6314e+02	 2.1505e+03	 4.0994e+00	 7.2575e+01	-1.0126e+03	 7.1671e-02
 7.4818e+05	 2.0850e+03	 3.6908e+00	 4.9747e-01	 3.6314e+02	 2.1569e+03	-8.2324e+01	 4.8350e+03	 6.5169e+02	-7.4192e+00
 9.0000e+05	 2.0850e+03	 3.6279e+00	 4.5434e-01	 3.6315e+02	 2.1651e+03	-8.2862e+01	 4.4009e+03	 5.5115e+02	-7.9849e+00
 1.0000e+02	 2.1623e+03	 6.0935e+00	 1.2860e-01	 3.6315e+02	 2.1728e+03	-8.8791e+01	 1.3993e+08	 2.9533e+06	-4.7383e+01
 1.5000e+02	 2.1623e+03	 6.0708e+00	 1.3611e-01	 3.6316e+02	 2.1756e+03	-8.8716e+01	 8.8143e+07	 1.9762e+06	-4.4603e+01
 2.2500e+02	 2.1623e+03	 6.0358e+00	 1.5010e-01	 3.6315e+02	 2.1781e+03	-8.8575e+01	 5.3285e+07	 1.3251e+06	-4.0212e+01
 3.3750e+02	 2.1623e+03	 6.0001e+00	 1.6732e-01	 3.6316e+02	 2.1806e+03	-8.8403e+01	 3.1867e+07	 8.8865e+05	-3.5860e+01
 5.0625e+02	 2.1623e+03	 5.9587e+00	 1.8832e-01	 3.6316e+02	 2.1832e+03	-8.8190e+01	 1.8876e+07	 5.9656e+05	-3.1641e+01
 7.5938e+02	 2.1623e+03	 5.9110e+00	 2.1134e-01	 3.6316e+02	 2.1858e+03	-8.7952e+01	 1.1213e+07	 4.0092e+05	-2.7969e+01
 1.1391e+03	 2.1623e+03	 5.8567e+00	 2.3740e-01	 3.6316e+02	 2.1885e+03	-8.7679e+01	 6.6548e+06	 2.6975e+05	-2.4670e+01
 1.7086e+03	 2.1623e+03	 5.7952e+00	 2.6560e-01	 3.6317e+02	 2.1911e+03	-8.7376e+01	 3.9656e+06	 1.8174e+05	-2.1820e+01
 2.5629e+03	 2.1623e+03	 5.7264e+00	 2.9690e-01	 3.6316e+02	 2.1936e+03	-8.7032e+01	 2.3650e+06	 1.2262e+05	-1.9288e+01
 3.8443e+03	 2.1623e+03	 5.6489e+00	 3.3103e-01	 3.6316e+02	 2.1961e+03	-8.6646e+01	 1.4141e+06	 8.2868e+04	-1.7065e+01
 5.7665e+03	 2.1623e+03	 5.5616e+00	 3.6808e-01	 3.6315e+02	 2.1986e+03	-8.6213e+01	 8.4783e+05	 5.6113e+04	-1.5110e+01
 8.6498e+03	 2.1623e+03	 5.4637e+00	 4.0722e-01	 3.6315e+02	 2.2014e+03	-8.5737e+01	 5.1089e+05	 3.8078e+04	-1.3417e+01
 1.2975e+04	 2.1623e+03	 5.3547e+00	 4.4798e-01	 3.6314e+02	 2.2039e+03	-8.5218e+01	 3.0961e+05	 2.5902e+04	-1.1953e+01
 1.9462e+04	 2.1623e+03	 5.2344e+00	 4.8981e-01	 3.6315e+02	 2.2066e+03	-8.4654e+01	 1.8878e+05	 1.7665e+04	-1.0687e+01
 2.9193e+04	 2.1623e+03	 5.1025e+00	 5.3212e-01	 3.6315e+02	 2.2091e+03	-8.4046e+01	 1.1585e+05	 1.2081e+04	-9.5890e+00
 4.3789e+04	 2.1623e+03	 4.9591e+00	 5.7498e-01	 3.6315e+02	 2.2118e+03	-8.3386e+01	 7.1473e+04	 8.2869e+03	-8.6248e+00
 6.5684e+04	 2.1623e+03	 4.8027e+00	 6.1875e-01	 3.6315e+02	 2.2142e+03	-8.2659e+01	 4.4278e+04	 5.7046e+03	-7.7619e+00
 9.8526e+04	 2.1623e+03	 4.6294e+00	 6.6106e-01	 3.6315e+02	 2.2171e+03	-8.1873e+01	 2.7630e+04	 3.9454e+03	-7.0031e+00
 1.4779e+05	 2.1623e+03	 4.4498e+00	 6.9727e-01	 3.6315e+02	 2.2195e+03	-8.1094e+01	 1.7463e+04	 2.7364e+03	-6.3818e+00
 2.2168e+05	 2.1623e+03	 4.2388e+00	 7.1391e-01	 3.6316e+02	 2.2221e+03	-8.0440e+01	 1.1371e+04	 1.9151e+03	-5.9374e+00
 3.3253e+05	 2.1623e+03	 4.0203e+00	 6.9904e-01	 3.6316e+02	 2.2246e+03	-8.0136e+01	 7.7418e+03	 1.3461e+03	-5.7512e+00
 4.9879e+05	 2.1623e+03	-3.4988e+00	 4.9574e+01	 3.6316e+02	 2.2274e+03	 4.0371e+00	 7.2778e+01	-1.0312e+03	 7.0578e-02
 7.4818e+05	 2.1623e+03	 3.6822e+00	 4.9255e-01	 3.6316e+02	 2.2340e+03	-8.2381e+01	 4.8833e+03	 6.5320e+02	-7.4759e+00
 9.0000e+05	 2.1623e+03	 3.6202e+00	 4.4789e-01	 3.6316e+02	 2.2418e+03	-8.2947e+01	 4.4644e+03	 5.5232e+02	-8.0829e+00
 1.0000e+02	 2.2391e+03	 6.0926e+00	 1.3026e-01	 3.6316e+02	 2.2501e+03	-8.8775e+01	 1.3815e+08	 2.9537e+06	-4.6772e+01
 1.5000e+02	 2.2391e+03	 6.0683e+00	 1.4108e-01	 3.6315e+02	 2.2525e+03	-8.8668e+01	 8.5037e+07	 1.9770e+06	-4.3012e+01
 2.2500e+02	 2.2391e+03	 6.0332e+00	 1.5309e-01	 3.6315e+02	 2.2553e+03	-8.8546e+01	 5.2245e+07	 1.3257e+06	-3.9410e+01
 3.3750e+02	 2.2391e+03	 5.9967e+00	 1.7127e-01	 3.6314e+02	 2.2580e+03	-8.8364e+01	 3.1133e+07	 8.8917e+05	-3.5013e+01
 5.0625e+02	 2.2391e+03	 5.9538e+00	 1.9258e-01	 3.6315e+02	 2.2608e+03	-8.8147e+01	 1.8459e+07	 5.9705e+05	-3.0916e+01
 7.5938e+02	 2.2391e+03	 5.9044e+00	 2.1656e-01	 3.6315e+02	 2.2634e+03	-8.7899e+01	 1.0943e+07	 4.0136e+05	-2.7264e+01
 1.1391e+03	 2.2391e+03	 5.8486e+00	 2.4284e-01	 3.6315e+02	 2.2661e+03	-8.7622e+01	 6.5059e+06	 2.7013e+05	-2.4084e+01
 1.7086e+03	 2.2391e+03	 5.7855e+00	 2.7145e-01	 3.6315e+02	 2.2688e+03	-8.7314e+01	 3.8801e+06	 1.8205e+05	-2.1313e+01
 2.5629e+03	 2.2391e+03	 5.7149e+00	 3.0309e-01	 3.6314e+02	 2.2716e+03	-8.6964e+01	 2.3167e+06	 1.2287e+05	-1.8856e+01
 3.8443e+03	 2.2391e+03	 5.6353e+00	 3.3703e-01	 3.6314e+02	 2.2741e+03	-8.6577e+01	 1.3889e+06	 8.3067e+04	-1.6721e+01
 5.7665e+03	 2.2391e+03	 5.5463e+00	 3.7362e-01	 3.6315e+02	 2.2768e+03	-8.6146e+01	 8.3527e+05	 5.6267e+04	-1.4845e+01
 8.6498e+03	 2.2391e+03	 5.4469e+00	 4.1216e-01	 3.6314e+02	 2.2793e+03	-8.5673e+01	 5.0477e+05	 3.8196e+04	-1.3215e+01
 1.2975e+04	 2.2391e+03	 5.3365e+00	 4.5192e-01	 3.6314e+02	 2.2820e+03	-8.5159e+01	 3.0691e+05	 2.5991e+04	-1.1809e+01
 1.9462e+04	 2.2391e+03	 5.2152e+00	 4.9258e-01	 3.6315e+02	 2.2846e+03	-8.4604e+01	 1.8772e+05	 1.7730e+04	-1.0587e+01
 2.9193e+04	 2.2391e+03	 5.0828e+00	 5.3352e-01	 3.6315e+02	 2.2871e+03	-8.4008e+01	 1.1554e+05	 1.2128e+04	-9.5270e+00
 4.3789e+04	 2.2391e+03	 4.9393e+00	 5.7483e-01	 3.6315e+02	 2.2896e+03	-8.3362e+01	 7.1493e+04	 8.3203e+03	-8.5926e+00
 6.5684e+04	 2.2391e+03	 4.7831e+00	 6.1690e-01	 3.6314e+02	 2.2920e+03	-8.2651e+01	 4.4411e+04	 5.7280e+03	-7.7534e+00
 9.8526e+04	 2.2391e+03	 4.6105e+00	 6.5752e-01	 3.6314e+02	 2.2946e+03	-8.1884e+01	 2.7779e+04	 3.9616e+03	-7.0120e+00
 1.4779e+05	 2.2391e+03	 4.4325e+00	 6.9256e-01	 3.6314e+02	 2.2971e+03	-8.1120e+01	 1.7582e+04	 2.7471e+03	-6.4001e+00
 2.2168e+05	 2.2391e+03	 4.2232e+00	 7.0798e-01	 3.6314e+02	 2.2996e+03	-8.0483e+01	 1.1466e+04	 1.9222e+03	-5.9651e+00
 3.3253e+05	 2.2391e+03	 4.0071e+00	 6.9256e-01	 3.6315e+02	 2.3022e+03	-8.0194e+01	 7.8143e+03	 1.3506e+03	-5.7859e+00
 4.9879e+05	 2.2391e+03	-3.4277e+00	 4.9426e+01	 3.6315e+02	 2.3049e+03	 3.9671e+00	 7.2995e+01	-1.0526e+03	 6.9349e-02
 7.4818e+05	 2.2391e+03	 3.6739e+00	 4.8362e-01	 3.6316e+02	 2.3113e+03	-8.2501e+01	 4.9734e+03	 6.5469e+02	-7.5967e+00
 9.0000e+05	 2.2391e+03	 3.6123e+00	 4.4025e-01	 3.6316e+02	 2.3192e+03	-8.3051e+01	 4.5418e+03	 5.5354e+02	-8.2051e+00
 1.0000e+02	 2.3165e+03	 6.0911e+00	 1.3224e-01	 3.6317e+02	 2.3271e+03	-8.8756e+01	 1.3608e+08	 2.9544e+06	-4.6060e+01
 1.5000e+02	 2.3165e+03	 6.0648e+00	 1.3914e-01	 3.6317e+02	 2.3298e+03	-8.8686e+01	 8.6221e+07	 1.9782e+06	-4.3587e+01
 2.2500e+02	 2.3165e+03	 6.0309e+00	 1.5611e-01	 3.6317e+02	 2.3323e+03	-8.8517e+01	 5.1235e+07	 1.3262e+06	-3.8633e+01
 3.3750e+02	 2.3165e+03	 5.9934e+00	 1.7504e-01	 3.6317e+02	 2.3348e+03	-8.8327e+01	 3.0463e+07	 8.8965e+05	-3.4241e+01
 5.0625e+02	 2.3165e+03	 5.9495e+00	 1.9698e-01	 3.6317e+02	 2.3373e+03	-8.8104e+01	 1.8046e+07	 5.9748e+05	-3.0204e+01
 7.5938e+02	 2.3165e+03	 5.8989e+00	 2.2137e-01	 3.6317e+02	 2.3399e+03	-8.7851e+01	 1.0705e+07	 4.0174e+05	-2.6647e+01
 1.1391e+03	 2.3165e+03	 5.8419e+00	 2.4799e-01	 3.6316e+02	 2.3427e+03	-8.7569e+01	 6.3707e+06	 2.7044e+05	-2.3557e+01
 1.7086e+03	 2.3165e+03	 5.7770e+00	 2.7681e-01	 3.6317e+02	 2.3452e+03	-8.7257e+01	 3.8050e+06	 1.8232e+05	-2.0870e+01
 2.5629e+03	 2.3165e+03	 5.7046e+00	 3.0842e-01	 3.6317e+02	 2.3481e+03	-8.6905e+01	 2.2766e+06	 1.2309e+05	-1.8496e+01
 3.8443e+03	 2.3165e+03	 5.6237e+00	 3.4241e-01	 3.6317e+02	 2.3506e+03	-8.6516e+01	 1.3671e+06	 8.3238e+04	-1.6424e+01
 5.7665e+03	 2.3165e+03	 5.5332e+00	 3.7864e-01	 3.6316e+02	 2.3533e+03	-8.6085e+01	 8.2419e+05	 5.6400e+04	-1.4613e+01
 8.6498e+03	 2.3165e+03	 5.4320e+00	 4.1652e-01	 3.6316e+02	 2.3558e+03	-8.5615e+01	 4.9949e+05	 3.8301e+04	-1.3041e+01
 1.2975e+04	 2.3165e+03	 5.3204e+00	 4.5552e-01	 3.6316e+02	 2.3585e+03	-8.5106e+01	 3.0449e+05	 2.6069e+04	-1.1680e+01
 1.9462e+04	 2.3165e+03	 5.1977e+00	 4.9475e-01	 3.6316e+02	 2.3611e+03	-8.4563e+01	 1.8690e+05	 1.7790e+04	-1.0506e+01
 2.9193e+04	 2.3165e+03	 5.0646e+00	 5.3426e-01	 3.6316e+02	 2.3639e+03	-8.3978e+01	 1.1538e+05	 1.2171e+04	-9.4797e+00
 4.3789e+04	 2.3165e+03	 4.9211e+00	 5.7443e-01	 3.6316e+02	 2.3663e+03	-8.3342e+01	 7.1542e+04	 8.3510e+03	-8.5669e+00
 6.5684e+04	 2.3165e+03	 4.7651e+00	 6.1488e-01	 3.6316e+02	 2.3688e+03	-8.2647e+01	 4.4557e+04	 5.7496e+03	-7.7496e+00
 9.8526e+04	 2.3165e+03	 4.5933e+00	 6.5439e-01	 3.6316e+02	 2.3716e+03	-8.1892e+01	 2.7911e+04	 3.9764e+03	-7.0192e+00
 1.4779e+05	 2.3165e+03	 4.4167e+00	 6.8818e-01	 3.6317e+02	 2.3741e+03	-8.1144e+01	 1.7694e+04	 2.7569e+03	-6.4180e+00
 2.2168e+05	 2.3165e+03	 4.2092e+00	 7.0252e-01	 3.6316e+02	 2.3768e+03	-8.0525e+01	 1.1555e+04	 1.9286e+03	-5.9916e+00
 3.3253e+05	 2.3165e+03	 3.9953e+00	 6.8651e-01	 3.6316e+02	 2.3794e+03	-8.0250e+01	 7.8831e+03	 1.3546e+03	-5.8197e+00
 4.9879e+05	 2.3165e+03	-3.3657e+00	 4.9292e+01	 3.6316e+02	 2.3824e+03	 3.9062e+00	 7.3195e+01	-1.0720e+03	 6.8281e-02
 7.4818e+05	 2.3165e+03	 3.6659e+00	 4.7570e-01	 3.6316e+02	 2.3889e+03	-8.2606e+01	 5.0563e+03	 6.5611e+02	-7.7064e+00
 9.0000e+05	 2.3165e+03	 3.6046e+00	 4.3461e-01	 3.6315e+02	 2.3969e+03	-8.3125e+01	 4.6007e+03	 5.5471e+02	-8.2939e+00
 1.0000e+02	 2.3941e+03	 6.0893e+00	 1.3397e-01	 3.6315e+02	 2.4047e+03	-8.8740e+01	 1.3433e+08	 2.9553e+06	-4.5452e+01
 1.5000e+02	 2.3941e+03	 6.0613e+00	 1.4533e-01	 3.6316e+02	 2.4075e+03	-8.8626e+01	 8.2551e+07	 1.9793e+06	-4.1707e+01
 2.2500e+02	 2.3941e+03	 6.0278e+00	 1.5927e-01	 3.6316e+02	 2.4101e+03	-8.8486e+01	 5.0216e+07	 1.3269e+06	-3.7846e+01
 3.3750e+02	 2.3941e+03	 5.9894e+00	 1.7880e-01	 3.6316e+02	 2.4129e+03	-8.8290e+01	 2.9821e+07	 8.9025e+05	-3.3497e+01
 5.0625e+02	 2.3941e+03	 5.9445e+00	 2.0129e-01	 3.6316e+02	 2.4153e+03	-8.8061e+01	 1.7660e+07	 5.9798e+05	-2.9532e+01
 7.5938e+02	 2.3941e+03	 5.8925e+00	 2.2646e-01	 3.6316e+02	 2.4181e+03	-8.7799e+01	 1.0464e+07	 4.0217e+05	-2.6020e+01
 1.1391e+03	 2.3941e+03	 5.8335e+00	 2.5328e-01	 3.6315e+02	 2.4206e+03	-8.7514e+01	 6.2376e+06	 2.7083e+05	-2.3031e+01
 1.7086e+03	 2.3941e+03	 5.7669e+00	 2.8259e-01	 3.6315e+02	 2.4231e+03	-8.7195e+01	 3.7271e+06	 1.8264e+05	-2.0407e+01
 2.5629e+03	 2.3941e+03	 5.6931e+00	 3.1405e-01	 3.6313e+02	 2.4258e+03	-8.6843e+01	 2.2358e+06	 1.2334e+05	-1.8128e+01
 3.8443e+03	 2.3941e+03	 5.6099e+00	 3.4797e-01	 3.6313e+02	 2.4282e+03	-8.6451e+01	 1.3452e+06	 8.3443e+04	-1.6122e+01
 5.7665e+03	 2.3941e+03	 5.5175e+00	 3.8386e-01	 3.6312e+02	 2.4309e+03	-8.6020e+01	 8.1298e+05	 5.6560e+04	-1.4374e+01
 8.6498e+03	 2.3941e+03	 5.4148e+00	 4.2106e-01	 3.6313e+02	 2.4335e+03	-8.5554e+01	 4.9411e+05	 3.8422e+04	-1.2860e+01
 1.2975e+04	 2.3941e+03	 5.3017e+00	 4.5896e-01	 3.6312e+02	 2.4362e+03	-8.5052e+01	 3.0220e+05	 2.6161e+04	-1.1552e+01
 1.9462e+04	 2.3941e+03	 5.1783e+00	 4.9716e-01	 3.6312e+02	 2.4388e+03	-8.4516e+01	 1.8599e+05	 1.7856e+04	-1.0416e+01
 2.9193e+04	 2.3941e+03	 5.0448e+00	 5.3551e-01	 3.6313e+02	 2.4416e+03	-8.3941e+01	 1.1511e+05	 1.2219e+04	-9.4206e+00
 4.3789e+04	 2.3941e+03	 4.9010e+00	 5.7406e-01	 3.6313e+02	 2.4440e+03	-8.3319e+01	 7.1588e+04	 8.3853e+03	-8.5374e+00
 6.5684e+04	 2.3941e+03	 4.7453e+00	 6.1318e-01	 3.6313e+02	 2.4464e+03	-8.2637e+01	 4.4681e+04	 5.7736e+03	-7.7389e+00
 9.8526e+04	 2.3941e+03	 4.5745e+00	 6.5115e-01	 3.6313e+02	 2.4491e+03	-8.1899e+01	 2.8050e+04	 3.9928e+03	-7.0252e+00
 1.4779e+05	 2.3941e+03	 4.3997e+00	 6.8352e-01	 3.6314e+02	 2.4516e+03	-8.1169e+01	 1.7815e+04	 2.7676e+03	-6.4368e+00
 2.2168e+05	 2.3941e+03	 4.1940e+00	 6.9680e-01	 3.6314e+02	 2.4544e+03	-8.0567e+01	 1.1650e+04	 1.9356e+03	-6.0189e+00
 3.3253e+05	 2.3941e+03	 3.9826e+00	 6.8030e-01	 3.6314e+02	 2.4569e+03	-8.0306e+01	 7.9551e+03	 1.3589e+03	-5.8542e+00
 4.9879e+05	 2.3941e+03	-3.2994e+00	 4.9152e+01	 3.6314e+02	 2.4598e+03	 3.8403e+00	 7.3403e+01	-1.0935e+03	 6.7126e-02
 7.4818e+05	 2.3941e+03	 3.6573e+00	 4.7008e-01	 3.6314e+02	 2.4663e+03	-8.2676e+01	 5.1167e+03	 6.5765e+02	-7.7802e+00
 9.0000e+05	 2.3941e+03	 3.5968e+00	 4.2832e-01	 3.6312e+02	 2.4746e+03	-8.3209e+01	 4.6683e+03	 5.5591e+02	-8.3975e+00
 1.0000e+02	 2.4718e+03	 6.0871e+00	 1.3584e-01	 3.6312e+02	 2.4824e+03	-8.8722e+01	 1.3248e+08	 2.9564e+06	-4.4811e+01
 1.5000e+02	 2.4718e+03	 6.0569e+00	 1.4742e-01	 3.6312e+02	 2.4852e+03	-8.8606e+01	 8.1381e+07	 1.9807e+06	-4.1086e+01
 2.2500e+02	 2.4718e+03	 6.0247e+00	 1.6249e-01	 3.6312e+02	 2.4876e+03	-8.8455e+01	 4.9223e+07	 1.3276e+06	-3.7078e+01
 3.3750e+02	 2.4718e+03	 5.9853e+00	 1.8282e-01	 3.6312e+02	 2.4903e+03	-8.8250e+01	 2.9165e+07	 8.9086e+05	-3.2738e+01
 5.0625e+02	 2.4718e+03	 5.9391e+00	 2.0609e-01	 3.6313e+02	 2.4929e+03	-8.8013e+01	 1.7249e+07	 5.9853e+05	-2.8818e+01
 7.5938e+02	 2.4718e+03	 5.8859e+00	 2.3133e-01	 3.6313e+02	 2.4954e+03	-8.7749e+01	 1.0244e+07	 4.0262e+05	-2.5444e+01
 1.1391e+03	 2.4718e+03	 5.8257e+00	 2.5851e-01	 3.6314e+02	 2.4980e+03	-8.7459e+01	 6.1114e+06	 2.7119e+05	-2.2536e+01
 1.7086e+03	 2.4718e+03	 5.7579e+00	 2.8784e-01	 3.6314e+02	 2.5006e+03	-8.7138e+01	 3.6591e+06	 1.8292e+05	-2.0004e+01
 2.5629e+03	 2.4718e+03	 5.6826e+00	 3.1941e-01	 3.6314e+02	 2.5033e+03	-8.6783e+01	 2.1983e+06	 1.2356e+05	-1.7791e+01
 3.8443e+03	 2.4718e+03	 5.5983e+00	 3.5305e-01	 3.6315e+02	 2.5059e+03	-8.6392e+01	 1.3259e+06	 8.3616e+04	-1.5857e+01
 5.7665e+03	 2.4718e+03	 5.5045e+00	 3.8848e-01	 3.6316e+02	 2.5086e+03	-8.5963e+01	 8.0333e+05	 5.6694e+04	-1.4170e+01
 8.6498e+03	 2.4718e+03	 5.4006e+00	 4.2498e-01	 3.6316e+02	 2.5112e+03	-8.5501e+01	 4.8955e+05	 3.8523e+04	-1.2708e+01
 1.2975e+04	 2.4718e+03	 5.2867e+00	 4.6207e-01	 3.6316e+02	 2.5136e+03	-8.5005e+01	 3.0017e+05	 2.6236e+04	-1.1441e+01
 1.9462e+04	 2.4718e+03	 5.1626e+00	 4.9912e-01	 3.6316e+02	 2.5163e+03	-8.4478e+01	 1.8526e+05	 1.7911e+04	-1.0343e+01
 2.9193e+04	 2.4718e+03	 5.0285e+00	 5.3624e-01	 3.6315e+02	 2.5189e+03	-8.3913e+01	 1.1496e+05	 1.2259e+04	-9.3774e+00
 4.3789e+04	 2.4718e+03	 4.8848e+00	 5.7352e-01	 3.6316e+02	 2.5216e+03	-8.3304e+01	 7.1655e+04	 8.4130e+03	-8.5172e+00
 6.5684e+04	 2.4718e+03	 4.7296e+00	 6.1146e-01	 3.6315e+02	 2.5240e+03	-8.2633e+01	 4.4807e+04	 5.7928e+03	-7.7349e+00
 9.8526e+04	 2.4718e+03	 4.5592e+00	 6.4820e-01	 3.6316e+02	 2.5269e+03	-8.1908e+01	 2.8178e+04	 4.0061e+03	-7.0337e+00
 1.4779e+05	 2.4718e+03	 4.3857e+00	 6.7949e-01	 3.6316e+02	 2.5293e+03	-8.1193e+01	 1.7920e+04	 2.7765e+03	-6.4543e+00
 2.2168e+05	 2.4718e+03	 4.1817e+00	 6.9174e-01	 3.6316e+02	 2.5321e+03	-8.0607e+01	 1.1735e+04	 1.9413e+03	-6.0452e+00
 3.3253e+05	 2.4718e+03	 3.9718e+00	 6.7482e-01	 3.6316e+02	 2.5346e+03	-8.0357e+01	 8.0197e+03	 1.3626e+03	-5.8858e+00
 4.9879e+05	 2.4718e+03	-3.2431e+00	 4.9032e+01	 3.6315e+02	 2.5374e+03	 3.7841e+00	 7.3582e+01	-1.1125e+03	 6.6142e-02
 7.4818e+05	 2.4718e+03	 3.6495e+00	 4.6726e-01	 3.6314e+02	 2.5441e+03	-8.2704e+01	 5.1476e+03	 6.5906e+02	-7.8104e+00
 9.0000e+05	 2.4718e+03	 3.5899e+00	 4.2593e-01	 3.6314e+02	 2.5516e+03	-8.3234e+01	 4.6945e+03	 5.5699e+02	-8.4283e+00
 1.0000e+02	 2.5489e+03	 6.0864e+00	 1.3741e-01	 3.6316e+02	 2.5594e+03	-8.8707e+01	 1.3096e+08	 2.9567e+06	-4.4292e+01
 1.5000e+02	 2.5489e+03	 6.0562e+00	 1.4970e-01	 3.6316e+02	 2.5620e+03	-8.8584e+01	 8.0141e+07	 1.9810e+06	-4.0455e+01
 2.2500e+02	 2.5489e+03	 6.0228e+00	 1.6512e-01	 3.6317e+02	 2.5645e+03	-8.8430e+01	 4.8437e+07	 1.3280e+06	-3.6475e+01
 3.3750e+02	 2.5489e+03	 5.9826e+00	 1.8602e-01	 3.6316e+02	 2.5673e+03	-8.8219e+01	 2.8665e+07	 8.9127e+05	-3.2162e+01
 5.0625e+02	 2.5489e+03	 5.9355e+00	 2.0973e-01	 3.6317e+02	 2.5698e+03	-8.7976e+01	 1.6949e+07	 5.9889e+05	-2.8301e+01
 7.5938e+02	 2.5489e+03	 5.8809e+00	 2.3566e-01	 3.6317e+02	 2.5726e+03	-8.7705e+01	 1.0056e+07	 4.0297e+05	-2.4955e+01
 1.1391e+03	 2.5489e+03	 5.8195e+00	 2.6335e-01	 3.6317e+02	 2.5751e+03	-8.7409e+01	 5.9990e+06	 2.7148e+05	-2.2098e+01
 1.7086e+03	 2.5489e+03	 5.7504e+00	 2.9269e-01	 3.6317e+02	 2.5779e+03	-8.7086e+01	 3.5985e+06	 1.8316e+05	-1.9647e+01
 2.5629e+03	 2.5489e+03	 5.6731e+00	 3.2459e-01	 3.6317e+02	 2.5804e+03	-8.6725e+01	 2.1633e+06	 1.2377e+05	-1.7478e+01
 3.8443e+03	 2.5489e+03	 5.5873e+00	 3.5789e-01	 3.6318e+02	 2.5829e+03	-8.6335e+01	 1.3080e+06	 8.3780e+04	-1.5612e+01
 5.7665e+03	 2.5489e+03	 5.4920e+00	 3.9292e-01	 3.6317e+02	 2.5855e+03	-8.5908e+01	 7.9424e+05	 5.6824e+04	-1.3977e+01
 8.6498e+03	 2.5489e+03	 5.3866e+00	 4.2872e-01	 3.6317e+02	 2.5881e+03	-8.5449e+01	 4.8527e+05	 3.8623e+04	-1.2564e+01
 1.2975e+04	 2.5489e+03	 5.2713e+00	 4.6492e-01	 3.6316e+02	 2.5908e+03	-8.4960e+01	 2.9833e+05	 2.6312e+04	-1.1338e+01
 1.9462e+04	 2.5489e+03	 5.1462e+00	 5.0089e-01	 3.6316e+02	 2.5934e+03	-8.4441e+01	 1.8460e+05	 1.7968e+04	-1.0274e+01
 2.9193e+04	 2.5489e+03	 5.0116e+00	 5.3668e-01	 3.6316e+02	 2.5961e+03	-8.3888e+01	 1.1486e+05	 1.2300e+04	-9.3382e+00
 4.3789e+04	 2.5489e+03	 4.8678e+00	 5.7283e-01	 3.6316e+02	 2.5985e+03	-8.3288e+01	 7.1742e+04	 8.4424e+03	-8.4978e+00
 6.5684e+04	 2.5489e+03	 4.7128e+00	 6.0983e-01	 3.6316e+02	 2.6009e+03	-8.2627e+01	 4.4926e+04	 5.8134e+03	-7.7281e+00
 9.8526e+04	 2.5489e+03	 4.5579e+00	 6.4640e-01	 3.6316e+02	 2.6036e+03	-8.1928e+01	 2.8257e+04	 4.0073e+03	-7.0512e+00
 1.4779e+05	 2.5489e+03	 4.3705e+00	 6.7530e-01	 3.6315e+02	 2.6060e+03	-8.1216e+01	 1.8031e+04	 2.7861e+03	-6.4719e+00
 2.2168e+05	 2.5489e+03	 4.1680e+00	 6.8666e-01	 3.6315e+02	 2.6086e+03	-8.0645e+01	 1.1822e+04	 1.9476e+03	-6.0700e+00
 3.3253e+05	 2.5489e+03	 3.9602e+00	 6.6909e-01	 3.6314e+02	 2.6111e+03	-8.0410e+01	 8.0883e+03	 1.3665e+03	-5.9188e+00
 4.9879e+05	 2.5489e+03	-3.1824e+00	 4.8903e+01	 3.6314e+02	 2.6137e+03	 3.7233e+00	 7.3776e+01	-1.1337e+03	 6.5076e-02
 7.4818e+05	 2.5489e+03	 3.6411e+00	 4.6683e-01	 3.6315e+02	 2.6203e+03	-8.2694e+01	 5.1523e+03	 6.6058e+02	-7.7997e+00
 9.0000e+05	 2.5489e+03	 3.5822e+00	 4.2433e-01	 3.6315e+02	 2.6279e+03	-8.3245e+01	 4.7122e+03	 5.5818e+02	-8.4420e+00
 1.0000e+02	 2.6252e+03	 6.0847e+00	 1.3923e-01	 3.6316e+02	 2.6362e+03	-8.8689e+01	 1.2925e+08	 2.9576e+06	-4.3701e+01
 1.5000e+02	 2.6252e+03	 6.0565e+00	 1.5360e-01	 3.6315e+02	 2.6388e+03	-8.8547e+01	 7.8108e+07	 1.9809e+06	-3.9431e+01
 2.2500e+02	 2.6252e+03	 6.0198e+00	 1.6830e-01	 3.6316e+02	 2.6412e+03	-8.8399e+01	 4.7522e+07	 1.3286e+06	-3.5768e+01
 3.3750e+02	 2.6252e+03	 5.9788e+00	 1.8985e-01	 3.6315e+02	 2.6438e+03	-8.8181e+01	 2.8086e+07	 8.9183e+05	-3.1493e+01
 5.0625e+02	 2.6252e+03	 5.9303e+00	 2.1425e-01	 3.6315e+02	 2.6462e+03	-8.7931e+01	 1.6592e+07	 5.9941e+05	-2.7680e+01
 7.5938e+02	 2.6252e+03	 5.8745e+00	 2.4045e-01	 3.6316e+02	 2.6488e+03	-8.7656e+01	 9.8555e+06	 4.0340e+05	-2.4431e+01
 1.1391e+03	 2.6252e+03	 5.8113e+00	 2.6822e-01	 3.6315e+02	 2.6512e+03	-8.7357e+01	 5.8903e+06	 2.7186e+05	-2.1666e+01
 1.7086e+03	 2.6252e+03	 5.7407e+00	 2.9805e-01	 3.6315e+02	 2.6541e+03	-8.7028e+01	 3.5338e+06	 1.8347e+05	-1.9261e+01
 2.5629e+03	 2.6252e+03	 5.6620e+00	 3.2951e-01	 3.6316e+02	 2.6567e+03	-8.6669e+01	 2.1309e+06	 1.2401e+05	-1.7183e+01
 3.8443e+03	 2.6252e+03	 5.5748e+00	 3.6268e-01	 3.6317e+02	 2.6594e+03	-8.6278e+01	 1.2907e+06	 8.3969e+04	-1.5371e+01
 5.7665e+03	 2.6252e+03	 5.4781e+00	 3.9720e-01	 3.6317e+02	 2.6618e+03	-8.5853e+01	 7.8568e+05	 5.6967e+04	-1.3792e+01
 8.6498e+03	 2.6252e+03	 5.3716e+00	 4.3238e-01	 3.6318e+02	 2.6644e+03	-8.5398e+01	 4.8117e+05	 3.8731e+04	-1.2423e+01
 1.2975e+04	 2.6252e+03	 5.2555e+00	 4.6769e-01	 3.6317e+02	 2.6670e+03	-8.4915e+01	 2.9656e+05	 2.6391e+04	-1.1237e+01
 1.9462e+04	 2.6252e+03	 5.1298e+00	 5.0248e-01	 3.6318e+02	 2.6696e+03	-8.4406e+01	 1.8402e+05	 1.8025e+04	-1.0209e+01
 2.9193e+04	 2.6252e+03	 4.9950e+00	 5.3712e-01	 3.6317e+02	 2.6724e+03	-8.3863e+01	 1.1477e+05	 1.2341e+04	-9.2997e+00
 4.3789e+04	 2.6252e+03	 4.8513e+00	 5.7225e-01	 3.6318e+02	 2.6748e+03	-8.3273e+01	 7.1815e+04	 8.4712e+03	-8.4776e+00
 6.5684e+04	 2.6252e+03	 4.6965e+00	 6.0805e-01	 3.6318e+02	 2.6772e+03	-8.2623e+01	 4.5058e+04	 5.8335e+03	-7.7240e+00
 9.8526e+04	 2.6252e+03	 4.5427e+00	 6.4358e-01	 3.6317e+02	 2.6798e+03	-8.1936e+01	 2.8380e+04	 4.0207e+03	-7.0586e+00
 1.4779e+05	 2.6252e+03	 4.3566e+00	 6.7142e-01	 3.6318e+02	 2.6822e+03	-8.1239e+01	 1.8136e+04	 2.7950e+03	-6.4887e+00
 2.2168e+05	 2.6252e+03	 4.1557e+00	 6.8164e-01	 3.6317e+02	 2.6850e+03	-8.0685e+01	 1.1909e+04	 1.9534e+03	-6.0966e+00
 3.3253e+05	 2.6252e+03	 3.9498e+00	 6.6371e-01	 3.6316e+02	 2.6875e+03	-8.0461e+01	 8.1539e+03	 1.3701e+03	-5.9512e+00
 4.9879e+05	 2.6252e+03	-3.1263e+00	 4.8783e+01	 3.6316e+02	 2.6904e+03	 3.6669e+00	 7.3958e+01	-1.1540e+03	 6.4087e-02
 7.4818e+05	 2.6252e+03	 3.6335e+00	 4.6181e-01	 3.6315e+02	 2.6970e+03	-8.2757e+01	 5.2084e+03	 6.6196e+02	-7.8681e+00
 9.0000e+05	 2.6252e+03	 3.5746e+00	 4.2150e-01	 3.6314e+02	 2.7046e+03	-8.3275e+01	 4.7438e+03	 5.5936e+02	-8.4808e+00
 1.0000e+02	 2.7018e+03	 6.0827e+00	 1.4118e-01	 3.6314e+02	 2.7126e+03	-8.8670e+01	 1.2747e+08	 2.9585e+06	-4.3085e+01
 1.5000e+02	 2.7018e+03	 6.0537e+00	 1.5402e-01	 3.6314e+02	 2.7151e+03	-8.8543e+01	 7.7893e+07	 1.9818e+06	-3.9305e+01
 2.2500e+02	 2.7018e+03	 6.0166e+00	 1.7153e-01	 3.6313e+02	 2.7176e+03	-8.8367e+01	 4.6628e+07	 1.3293e+06	-3.5077e+01
 3.3750e+02	 2.7018e+03	 5.9746e+00	 1.9372e-01	 3.6313e+02	 2.7202e+03	-8.8143e+01	 2.7524e+07	 8.9245e+05	-3.0841e+01
 5.0625e+02	 2.7018e+03	 5.9249e+00	 2.1858e-01	 3.6313e+02	 2.7226e+03	-8.7887e+01	 1.6263e+07	 5.9996e+05	-2.7107e+01
 7.5938e+02	 2.7018e+03	 5.8679e+00	 2.4507e-01	 3.6314e+02	 2.7252e+03	-8.7608e+01	 9.6700e+06	 4.0386e+05	-2.3944e+01
 1.1391e+03	 2.7018e+03	 5.8034e+00	 2.7350e-01	 3.6313e+02	 2.7277e+03	-8.7302e+01	 5.7766e+06	 2.7223e+05	-2.1219e+01
 1.7086e+03	 2.7018e+03	 5.7310e+00	 3.0326e-01	 3.6313e+02	 2.7306e+03	-8.6971e+01	 3.4730e+06	 1.8378e+05	-1.8898e+01
 2.5629e+03	 2.7018e+03	 5.6506e+00	 3.3443e-01	 3.6313e+02	 2.7331e+03	-8.6613e+01	 2.0996e+06	 1.2426e+05	-1.6896e+01
 3.8443e+03	 2.7018e+03	 5.5614e+00	 3.6742e-01	 3.6313e+02	 2.7356e+03	-8.6220e+01	 1.2740e+06	 8.4170e+04	-1.5136e+01
 5.7665e+03	 2.7018e+03	 5.4632e+00	 4.0150e-01	 3.6312e+02	 2.7381e+03	-8.5797e+01	 7.7727e+05	 5.7122e+04	-1.3607e+01
 8.6498e+03	 2.7018e+03	 5.3553e+00	 4.3596e-01	 3.6312e+02	 2.7406e+03	-8.5346e+01	 4.7722e+05	 3.8849e+04	-1.2284e+01
 1.2975e+04	 2.7018e+03	 5.2383e+00	 4.7033e-01	 3.6312e+02	 2.7434e+03	-8.4869e+01	 2.9490e+05	 2.6478e+04	-1.1137e+01
 1.9462e+04	 2.7018e+03	 5.1118e+00	 5.0413e-01	 3.6313e+02	 2.7459e+03	-8.4368e+01	 1.8342e+05	 1.8089e+04	-1.0140e+01
 2.9193e+04	 2.7018e+03	 4.9770e+00	 5.3770e-01	 3.6313e+02	 2.7488e+03	-8.3834e+01	 1.1464e+05	 1.2386e+04	-9.2560e+00
 4.3789e+04	 2.7018e+03	 4.8333e+00	 5.7162e-01	 3.6314e+02	 2.7512e+03	-8.3255e+01	 7.1894e+04	 8.5027e+03	-8.4555e+00
 6.5684e+04	 2.7018e+03	 4.6792e+00	 6.0626e-01	 3.6314e+02	 2.7537e+03	-8.2618e+01	 4.5191e+04	 5.8551e+03	-7.7182e+00
 9.8526e+04	 2.7018e+03	 4.5263e+00	 6.4084e-01	 3.6315e+02	 2.7563e+03	-8.1942e+01	 2.8501e+04	 4.0353e+03	-7.0631e+00
 1.4779e+05	 2.7018e+03	 4.3414e+00	 6.6739e-01	 3.6315e+02	 2.7588e+03	-8.1260e+01	 1.8245e+04	 2.8048e+03	-6.5050e+00
 2.2168e+05	 2.7018e+03	 4.1424e+00	 6.7678e-01	 3.6315e+02	 2.7616e+03	-8.0721e+01	 1.1995e+04	 1.9597e+03	-6.1207e+00
 3.3253e+05	 2.7018e+03	 3.9387e+00	 6.5835e-01	 3.6316e+02	 2.7641e+03	-8.0511e+01	 8.2203e+03	 1.3740e+03	-5.9827e+00
 4.9879e+05	 2.7018e+03	-3.0697e+00	 4.8664e+01	 3.6316e+02	 2.7671e+03	 3.6095e+00	 7.4139e+01	-1.1753e+03	 6.3080e-02
 7.4818e+05	 2.7018e+03	 3.6266e+00	 4.5852e-01	 3.6316e+02	 2.7735e+03	-8.2794e+01	 5.2457e+03	 6.6323e+02	-7.9093e+00
 9.0000e+05	 2.7018e+03	 3.5682e+00	 4.1837e-01	 3.6315e+02	 2.7813e+03	-8.3313e+01	 4.7793e+03	 5.6037e+02	-8.5289e+00
 1.0000e+02	 2.7786e+03	 6.0814e+00	 1.4266e-01	 3.6315e+02	 2.7894e+03	-8.8656e+01	 1.2615e+08	 2.9591e+06	-4.2630e+01
 1.5000e+02	 2.7786e+03	 6.0505e+00	 1.5725e-01	 3.6315e+02	 2.7919e+03	-8.8511e+01	 7.6293e+07	 1.9828e+06	-3.8477e+01
 2.2500e+02	 2.7786e+03	 6.0146e+00	 1.7432e-01	 3.6315e+02	 2.7947e+03	-8.8340e+01	 4.5881e+07	 1.3298e+06	-3.4503e+01
 3.3750e+02	 2.7786e+03	 5.9718e+00	 1.9691e-01	 3.6315e+02	 2.7972e+03	-8.8111e+01	 2.7079e+07	 8.9288e+05	-3.0328e+01
 5.0625e+02	 2.7786e+03	 5.9210e+00	 2.2229e-01	 3.6315e+02	 2.8001e+03	-8.7850e+01	 1.5991e+07	 6.0036e+05	-2.6636e+01
 7.5938e+02	 2.7786e+03	 5.8627e+00	 2.4925e-01	 3.6315e+02	 2.8026e+03	-8.7566e+01	 9.5079e+06	 4.0422e+05	-2.3522e+01
 1.1391e+03	 2.7786e+03	 5.7969e+00	 2.7786e-01	 3.6315e+02	 2.8053e+03	-8.7256e+01	 5.6858e+06	 2.7254e+05	-2.0863e+01
 1.7086e+03	 2.7786e+03	 5.7233e+00	 3.0775e-01	 3.6316e+02	 2.8079e+03	-8.6922e+01	 3.4224e+06	 1.8403e+05	-1.8597e+01
 2.5629e+03	 2.7786e+03	 5.6418e+00	 3.3917e-01	 3.6315e+02	 2.8106e+03	-8.6560e+01	 2.0703e+06	 1.2446e+05	-1.6634e+01
 3.8443e+03	 2.7786e+03	 5.5513e+00	 3.7180e-01	 3.6315e+02	 2.8131e+03	-8.6168e+01	 1.2590e+06	 8.4324e+04	-1.4931e+01
 5.7665e+03	 2.7786e+03	 5.4517e+00	 4.0532e-01	 3.6315e+02	 2.8158e+03	-8.5748e+01	 7.6995e+05	 5.7243e+04	-1.3450e+01
 8.6498e+03	 2.7786e+03	 5.3427e+00	 4.3907e-01	 3.6315e+02	 2.8183e+03	-8.5302e+01	 4.7384e+05	 3.8941e+04	-1.2168e+01
 1.2975e+04	 2.7786e+03	 5.2248e+00	 4.7257e-01	 3.6315e+02	 2.8211e+03	-8.4832e+01	 2.9350e+05	 2.6546e+04	-1.1056e+01
 1.9462e+04	 2.7786e+03	 5.0979e+00	 5.0535e-01	 3.6315e+02	 2.8236e+03	-8.4339e+01	 1.8297e+05	 1.8138e+04	-1.0088e+01
 2.9193e+04	 2.7786e+03	 4.9628e+00	 5.3799e-01	 3.6316e+02	 2.8264e+03	-8.3813e+01	 1.1458e+05	 1.2421e+04	-9.2246e+00
 4.3789e+04	 2.7786e+03	 4.8193e+00	 5.7088e-01	 3.6315e+02	 2.8289e+03	-8.3244e+01	 7.1988e+04	 8.5274e+03	-8.4419e+00
 6.5684e+04	 2.7786e+03	 4.6653e+00	 6.0455e-01	 3.6316e+02	 2.8313e+03	-8.2616e+01	 4.5318e+04	 5.8726e+03	-7.7169e+00
 9.8526e+04	 2.7786e+03	 4.5132e+00	 6.3826e-01	 3.6317e+02	 2.8341e+03	-8.1950e+01	 2.8617e+04	 4.0470e+03	-7.0710e+00
 1.4779e+05	 2.7786e+03	 4.3291e+00	 6.6369e-01	 3.6316e+02	 2.8366e+03	-8.1284e+01	 1.8347e+04	 2.8127e+03	-6.5228e+00
 2.2168e+05	 2.7786e+03	 4.1315e+00	 6.7225e-01	 3.6317e+02	 2.8393e+03	-8.0758e+01	 1.2075e+04	 1.9648e+03	-6.1458e+00
 3.3253e+05	 2.7786e+03	 3.9296e+00	 6.5359e-01	 3.6316e+02	 2.8418e+03	-8.0557e+01	 8.2801e+03	 1.3772e+03	-6.0123e+00
 4.9879e+05	 2.7786e+03	-3.0187e+00	 4.8559e+01	 3.6317e+02	 2.8446e+03	 3.5572e+00	 7.4299e+01	-1.1952e+03	 6.2165e-02
 7.4818e+05	 2.7786e+03	 3.6200e+00	 4.5333e-01	 3.6316e+02	 2.8511e+03	-8.2862e+01	 5.3058e+03	 6.6443e+02	-7.9855e+00
 9.0000e+05	 2.7786e+03	 3.5631e+00	 4.0974e-01	 3.6317e+02	 2.8588e+03	-8.3440e+01	 4.8800e+03	 5.6117e+02	-8.6960e+00
 1.0000e+02	 2.8561e+03	 6.0805e+00	 1.4440e-01	 3.6316e+02	 2.8670e+03	-8.8640e+01	 1.2462e+08	 2.9596e+06	-4.2108e+01
 1.5000e+02	 2.8561e+03	 6.0501e+00	 1.5703e-01	 3.6316e+02	 2.8695e+03	-8.8513e+01	 7.6401e+07	 1.9830e+06	-3.8529e+01
 2.2500e+02	 2.8561e+03	 6.0124e+00	 1.7712e-01	 3.6316e+02	 2.8722e+03	-8.8313e+01	 4.5155e+07	 1.3303e+06	-3.3945e+01
 3.3750e+02	 2.8561e+03	 5.9686e+00	 2.0034e-01	 3.6316e+02	 2.8748e+03	-8.8078e+01	 2.6615e+07	 8.9335e+05	-2.9793e+01
 5.0625e+02	 2.8561e+03	 5.9167e+00	 2.2606e-01	 3.6316e+02	 2.8776e+03	-8.7812e+01	 1.5724e+07	 6.0080e+05	-2.6172e+01
 7.5938e+02	 2.8561e+03	 5.8572e+00	 2.5384e-01	 3.6317e+02	 2.8801e+03	-8.7518e+01	 9.3358e+06	 4.0460e+05	-2.3074e+01
 1.1391e+03	 2.8561e+03	 5.7900e+00	 2.8259e-01	 3.6317e+02	 2.8829e+03	-8.7206e+01	 5.5908e+06	 2.7286e+05	-2.0489e+01
 1.7086e+03	 2.8561e+03	 5.7152e+00	 3.1239e-01	 3.6317e+02	 2.8854e+03	-8.6871e+01	 3.3715e+06	 1.8429e+05	-1.8295e+01
 2.5629e+03	 2.8561e+03	 5.6320e+00	 3.4350e-01	 3.6316e+02	 2.8882e+03	-8.6510e+01	 2.0441e+06	 1.2467e+05	-1.6396e+01
 3.8443e+03	 2.8561e+03	 5.5403e+00	 3.7596e-01	 3.6316e+02	 2.8907e+03	-8.6118e+01	 1.2451e+06	 8.4492e+04	-1.4736e+01
 5.7665e+03	 2.8561e+03	 5.4393e+00	 4.0899e-01	 3.6315e+02	 2.8934e+03	-8.5700e+01	 7.6304e+05	 5.7373e+04	-1.3300e+01
 8.6498e+03	 2.8561e+03	 5.3292e+00	 4.4217e-01	 3.6315e+02	 2.8959e+03	-8.5257e+01	 4.7052e+05	 3.9039e+04	-1.2053e+01
 1.2975e+04	 2.8561e+03	 5.2103e+00	 4.7472e-01	 3.6315e+02	 2.8985e+03	-8.4794e+01	 2.9217e+05	 2.6620e+04	-1.0975e+01
 1.9462e+04	 2.8561e+03	 5.0824e+00	 5.0653e-01	 3.6315e+02	 2.9013e+03	-8.4308e+01	 1.8255e+05	 1.8193e+04	-1.0034e+01
 2.9193e+04	 2.8561e+03	 4.9469e+00	 5.3819e-01	 3.6314e+02	 2.9040e+03	-8.3791e+01	 1.1454e+05	 1.2461e+04	-9.1918e+00
 4.3789e+04	 2.8561e+03	 4.8034e+00	 5.7022e-01	 3.6314e+02	 2.9064e+03	-8.3230e+01	 7.2071e+04	 8.5555e+03	-8.4239e+00
 6.5684e+04	 2.8561e+03	 4.6496e+00	 6.0293e-01	 3.6314e+02	 2.9089e+03	-8.2611e+01	 4.5440e+04	 5.8924e+03	-7.7117e+00
 9.8526e+04	 2.8561e+03	 4.4980e+00	 6.3544e-01	 3.6313e+02	 2.9116e+03	-8.1959e+01	 2.8744e+04	 4.0606e+03	-7.0786e+00
 1.4779e+05	 2.8561e+03	 4.3148e+00	 6.6004e-01	 3.6314e+02	 2.9141e+03	-8.1303e+01	 1.8448e+04	 2.8221e+03	-6.5372e+00
 2.2168e+05	 2.8561e+03	 4.1183e+00	 6.6738e-01	 3.6313e+02	 2.9166e+03	-8.0795e+01	 1.2164e+04	 1.9711e+03	-6.1708e+00
 3.3253e+05	 2.8561e+03	 3.9183e+00	 6.4807e-01	 3.6314e+02	 2.9191e+03	-8.0609e+01	 8.3506e+03	 1.3811e+03	-6.0461e+00
 4.9879e+05	 2.8561e+03	-2.9606e+00	 4.8434e+01	 3.6314e+02	 2.9217e+03	 3.4980e+00	 7.4491e+01	-1.2186e+03	 6.1127e-02
 7.4818e+05	 2.8561e+03	 3.6129e+00	 4.4649e-01	 3.6314e+02	 2.9280e+03	-8.2955e+01	 5.3870e+03	 6.6574e+02	-8.0918e+00
 9.0000e+05	 2.8561e+03	 3.5560e+00	 4.0846e-01	 3.6315e+02	 2.9359e+03	-8.3447e+01	 4.8953e+03	 5.6230e+02	-8.7059e+00
 1.0000e+02	 2.9331e+03	 6.0788e+00	 1.4633e-01	 3.6315e+02	 2.9439e+03	-8.8621e+01	 1.2298e+08	 2.9604e+06	-4.1543e+01
 1.5000e+02	 2.9331e+03	 6.0470e+00	 1.5982e-01	 3.6316e+02	 2.9465e+03	-8.8486e+01	 7.5064e+07	 1.9840e+06	-3.7835e+01
 2.2500e+02	 2.9331e+03	 6.0096e+00	 1.7986e-01	 3.6315e+02	 2.9491e+03	-8.8286e+01	 4.4469e+07	 1.3309e+06	-3.3413e+01
 3.3750e+02	 2.9331e+03	 5.9651e+00	 2.0377e-01	 3.6316e+02	 2.9519e+03	-8.8044e+01	 2.6168e+07	 8.9387e+05	-2.9274e+01
 5.0625e+02	 2.9331e+03	 5.9125e+00	 2.3042e-01	 3.6316e+02	 2.9543e+03	-8.7768e+01	 1.5427e+07	 6.0122e+05	-2.5660e+01
 7.5938e+02	 2.9331e+03	 5.8518e+00	 2.5803e-01	 3.6317e+02	 2.9570e+03	-8.7475e+01	 9.1842e+06	 4.0497e+05	-2.2679e+01
 1.1391e+03	 2.9331e+03	 5.7833e+00	 2.8679e-01	 3.6317e+02	 2.9595e+03	-8.7161e+01	 5.5089e+06	 2.7318e+05	-2.0166e+01
 1.7086e+03	 2.9331e+03	 5.7068e+00	 3.1673e-01	 3.6317e+02	 2.9621e+03	-8.6823e+01	 3.3253e+06	 1.8456e+05	-1.8018e+01
 2.5629e+03	 2.9331e+03	 5.6227e+00	 3.4777e-01	 3.6316e+02	 2.9647e+03	-8.6461e+01	 2.0191e+06	 1.2488e+05	-1.6168e+01
 3.8443e+03	 2.9331e+03	 5.5295e+00	 3.7999e-01	 3.6316e+02	 2.9671e+03	-8.6069e+01	 1.2319e+06	 8.4657e+04	-1.4552e+01
 5.7665e+03	 2.9331e+03	 5.4275e+00	 4.1260e-01	 3.6315e+02	 2.9699e+03	-8.5653e+01	 7.5636e+05	 5.7498e+04	-1.3154e+01
 8.6498e+03	 2.9331e+03	 5.3162e+00	 4.4508e-01	 3.6315e+02	 2.9726e+03	-8.5214e+01	 4.6745e+05	 3.9135e+04	-1.1945e+01
 1.2975e+04	 2.9331e+03	 5.1965e+00	 4.7679e-01	 3.6315e+02	 2.9752e+03	-8.4758e+01	 2.9090e+05	 2.6691e+04	-1.0899e+01
 1.9462e+04	 2.9331e+03	 5.0685e+00	 5.0767e-01	 3.6315e+02	 2.9778e+03	-8.4280e+01	 1.8214e+05	 1.8243e+04	-9.9838e+00
 2.9193e+04	 2.9331e+03	 4.9328e+00	 5.3831e-01	 3.6315e+02	 2.9806e+03	-8.3772e+01	 1.1451e+05	 1.2497e+04	-9.1634e+00
 4.3789e+04	 2.9331e+03	 4.7894e+00	 5.6939e-01	 3.6315e+02	 2.9830e+03	-8.3220e+01	 7.2176e+04	 8.5806e+03	-8.4114e+00
 6.5684e+04	 2.9331e+03	 4.6359e+00	 6.0135e-01	 3.6315e+02	 2.9854e+03	-8.2609e+01	 4.5560e+04	 5.9098e+03	-7.7091e+00
 9.8526e+04	 2.9331e+03	 4.4852e+00	 6.3299e-01	 3.6315e+02	 2.9880e+03	-8.1967e+01	 2.8855e+04	 4.0723e+03	-7.0858e+00
 1.4779e+05	 2.9331e+03	 4.3029e+00	 6.5653e-01	 3.6314e+02	 2.9904e+03	-8.1325e+01	 1.8547e+04	 2.8299e+03	-6.5540e+00
 2.2168e+05	 2.9331e+03	 4.1080e+00	 6.6317e-01	 3.6315e+02	 2.9931e+03	-8.0830e+01	 1.2241e+04	 1.9761e+03	-6.1944e+00
 3.3253e+05	 2.9331e+03	 3.9096e+00	 6.4352e-01	 3.6316e+02	 2.9956e+03	-8.0653e+01	 8.4097e+03	 1.3842e+03	-6.0754e+00
 4.9879e+05	 2.9331e+03	-2.9150e+00	 4.8339e+01	 3.6316e+02	 2.9984e+03	 3.4509e+00	 7.4637e+01	-1.2377e+03	 6.0303e-02
 7.4818e+05	 2.9331e+03	 3.6065e+00	 4.4617e-01	 3.6316e+02	 3.0050e+03	-8.2948e+01	 5.3909e+03	 6.6693e+02	-8.0832e+00
 9.0000e+05	 2.9331e+03	 3.5501e+00	 4.0731e-01	 3.6316e+02	 3.0126e+03	-8.3455e+01	 4.9091e+03	 5.6323e+02	-8.7160e+00
 1.0000e+02	 3.0099e+03	 6.0776e+00	 1.4777e-01	 3.6315e+02	 3.0209e+03	-8.8607e+01	 1.2178e+08	 2.9610e+06	-4.1128e+01
 1.5000e+02	 3.0099e+03	 6.0453e+00	 1.6295e-01	 3.6316e+02	 3.0233e+03	-8.8456e+01	 7.3627e+07	 1.9845e+06	-3.7100e+01
 2.2500e+02	 3.0099e+03	 6.0075e+00	 1.8268e-01	 3.6314e+02	 3.0258e+03	-8.8258e+01	 4.3781e+07	 1.3314e+06	-3.2885e+01
 3.3750e+02	 3.0099e+03	 5.9619e+00	 2.0735e-01	 3.6315e+02	 3.0286e+03	-8.8008e+01	 2.5715e+07	 8.9436e+05	-2.8752e+01
 5.0625e+02	 3.0099e+03	 5.9078e+00	 2.3418e-01	 3.6315e+02	 3.0310e+03	-8.7730e+01	 1.5180e+07	 6.0169e+05	-2.5228e+01
 7.5938e+02	 3.0099e+03	 5.8458e+00	 2.6240e-01	 3.6315e+02	 3.0338e+03	-8.7430e+01	 9.0314e+06	 4.0539e+05	-2.2279e+01
 1.1391e+03	 3.0099e+03	 5.7758e+00	 2.9123e-01	 3.6315e+02	 3.0362e+03	-8.7113e+01	 5.4248e+06	 2.7353e+05	-1.9832e+01
 1.7086e+03	 3.0099e+03	 5.6982e+00	 3.2121e-01	 3.6315e+02	 3.0391e+03	-8.6774e+01	 3.2790e+06	 1.8484e+05	-1.7740e+01
 2.5629e+03	 3.0099e+03	 5.6125e+00	 3.5229e-01	 3.6315e+02	 3.0416e+03	-8.6408e+01	 1.9932e+06	 1.2511e+05	-1.5932e+01
 3.8443e+03	 3.0099e+03	 5.5182e+00	 3.8402e-01	 3.6315e+02	 3.0441e+03	-8.6019e+01	 1.2190e+06	 8.4831e+04	-1.4370e+01
 5.7665e+03	 3.0099e+03	 5.4150e+00	 4.1606e-01	 3.6315e+02	 3.0467e+03	-8.5606e+01	 7.5007e+05	 5.7632e+04	-1.3015e+01
 8.6498e+03	 3.0099e+03	 5.3029e+00	 4.4773e-01	 3.6314e+02	 3.0492e+03	-8.5174e+01	 4.6467e+05	 3.9233e+04	-1.1844e+01
 1.2975e+04	 3.0099e+03	 5.1825e+00	 4.7864e-01	 3.6315e+02	 3.0520e+03	-8.4723e+01	 2.8978e+05	 2.6763e+04	-1.0828e+01
 1.9462e+04	 3.0099e+03	 5.0540e+00	 5.0877e-01	 3.6314e+02	 3.0546e+03	-8.4252e+01	 1.8175e+05	 1.8296e+04	-9.9339e+00
 2.9193e+04	 3.0099e+03	 4.9182e+00	 5.3855e-01	 3.6313e+02	 3.0572e+03	-8.3751e+01	 1.1446e+05	 1.2534e+04	-9.1323e+00
 4.3789e+04	 3.0099e+03	 4.7749e+00	 5.6872e-01	 3.6314e+02	 3.0597e+03	-8.3208e+01	 7.2261e+04	 8.6067e+03	-8.3958e+00
 6.5684e+04	 3.0099e+03	 4.6216e+00	 5.9972e-01	 3.6313e+02	 3.0621e+03	-8.2606e+01	 4.5684e+04	 5.9281e+03	-7.7063e+00
 9.8526e+04	 3.0099e+03	 4.4714e+00	 6.3056e-01	 3.6314e+02	 3.0648e+03	-8.1973e+01	 2.8966e+04	 4.0849e+03	-7.0911e+00
 1.4779e+05	 3.0099e+03	 4.2900e+00	 6.5300e-01	 3.6314e+02	 3.0672e+03	-8.1345e+01	 1.8647e+04	 2.8384e+03	-6.5696e+00
 2.2168e+05	 3.0099e+03	 4.0962e+00	 6.5863e-01	 3.6314e+02	 3.0699e+03	-8.0866e+01	 1.2325e+04	 1.9818e+03	-6.2193e+00
 3.3253e+05	 3.0099e+03	 3.8997e+00	 6.3865e-01	 3.6313e+02	 3.0724e+03	-8.0699e+01	 8.4739e+03	 1.3878e+03	-6.1061e+00
 4.9879e+05	 3.0099e+03	-2.8654e+00	 4.8229e+01	 3.6314e+02	 3.0751e+03	 3.4001e+00	 7.4807e+01	-1.2591e+03	 5.9413e-02
 7.4818e+05	 3.0099e+03	 3.5996e+00	 4.4299e-01	 3.6314e+02	 3.0816e+03	-8.2984e+01	 5.4296e+03	 6.6820e+02	-8.1256e+00
 9.0000e+05	 3.0099e+03	 3.5438e+00	 4.0416e-01	 3.6314e+02	 3.0894e+03	-8.3494e+01	 4.9473e+03	 5.6423e+02	-8.7683e+00
 1.0000e+02	 3.0866e+03	 6.0761e+00	 1.4952e-01	 3.6314e+02	 3.0972e+03	-8.8590e+01	 1.2036e+08	 2.9617e+06	-4.0638e+01
 1.5000e+02	 3.0866e+03	 6.0417e+00	 1.6731e-01	 3.6314e+02	 3.0999e+03	-8.8414e+01	 7.1706e+07	 1.9857e+06	-3.6111e+01
 2.2500e+02	 3.0866e+03	 6.0049e+00	 1.8571e-01	 3.6315e+02	 3.1024e+03	-8.8229e+01	 4.3067e+07	 1.3319e+06	-3.2334e+01
 3.3750e+02	 3.0866e+03	 5.9584e+00	 2.1079e-01	 3.6314e+02	 3.1051e+03	-8.7974e+01	 2.5295e+07	 8.9488e+05	-2.8267e+01
 5.0625e+02	 3.0866e+03	 5.9035e+00	 2.3777e-01	 3.6315e+02	 3.1076e+03	-8.7694e+01	 1.4950e+07	 6.0213e+05	-2.4829e+01
 7.5938e+02	 3.0866e+03	 5.8405e+00	 2.6623e-01	 3.6315e+02	 3.1101e+03	-8.7390e+01	 8.9013e+06	 4.0575e+05	-2.1938e+01
 1.1391e+03	 3.0866e+03	 5.7693e+00	 2.9551e-01	 3.6315e+02	 3.1126e+03	-8.7068e+01	 5.3463e+06	 2.7384e+05	-1.9523e+01
 1.7086e+03	 3.0866e+03	 5.6903e+00	 3.2559e-01	 3.6315e+02	 3.1152e+03	-8.6725e+01	 3.2349e+06	 1.8509e+05	-1.7477e+01
 2.5629e+03	 3.0866e+03	 5.6034e+00	 3.5641e-01	 3.6316e+02	 3.1179e+03	-8.6361e+01	 1.9701e+06	 1.2531e+05	-1.5722e+01
 3.8443e+03	 3.0866e+03	 5.5079e+00	 3.8779e-01	 3.6316e+02	 3.1203e+03	-8.5973e+01	 1.2071e+06	 8.4989e+04	-1.4203e+01
 5.7665e+03	 3.0866e+03	 5.4036e+00	 4.1927e-01	 3.6316e+02	 3.1231e+03	-8.5563e+01	 7.4432e+05	 5.7752e+04	-1.2888e+01
 8.6498e+03	 3.0866e+03	 5.2906e+00	 4.5025e-01	 3.6316e+02	 3.1257e+03	-8.5136e+01	 4.6207e+05	 3.9324e+04	-1.1750e+01
 1.2975e+04	 3.0866e+03	 5.1699e+00	 4.8029e-01	 3.6316e+02	 3.1281e+03	-8.4692e+01	 2.8878e+05	 2.6828e+04	-1.0764e+01
 1.9462e+04	 3.0866e+03	 5.0412e+00	 5.0950e-01	 3.6316e+02	 3.1308e+03	-8.4229e+01	 1.8148e+05	 1.8342e+04	-9.8944e+00
 2.9193e+04	 3.0866e+03	 4.9054e+00	 5.3846e-01	 3.6316e+02	 3.1333e+03	-8.3736e+01	 1.1448e+05	 1.2567e+04	-9.1099e+00
 4.3789e+04	 3.0866e+03	 4.7620e+00	 5.6816e-01	 3.6315e+02	 3.1358e+03	-8.3196e+01	 7.2332e+04	 8.6300e+03	-8.3814e+00
 6.5684e+04	 3.0866e+03	 4.6092e+00	 5.9825e-01	 3.6315e+02	 3.1384e+03	-8.2605e+01	 4.5796e+04	 5.9441e+03	-7.7044e+00
 9.8526e+04	 3.0866e+03	 4.4595e+00	 6.2809e-01	 3.6315e+02	 3.1409e+03	-8.1983e+01	 2.9080e+04	 4.0957e+03	-7.1002e+00
 1.4779e+05	 3.0866e+03	 4.2788e+00	 6.4972e-01	 3.6315e+02	 3.1435e+03	-8.1366e+01	 1.8741e+04	 2.8458e+03	-6.5857e+00
 2.2168e+05	 3.0866e+03	 4.0865e+00	 6.5471e-01	 3.6315e+02	 3.1461e+03	-8.0898e+01	 1.2399e+04	 1.9865e+03	-6.2417e+00
 3.3253e+05	 3.0866e+03	 3.8911e+00	 6.3433e-01	 3.6315e+02	 3.1489e+03	-8.0741e+01	 8.5316e+03	 1.3908e+03	-6.1342e+00
 4.9879e+05	 3.0866e+03	-2.8198e+00	 4.8140e+01	 3.6315e+02	 3.1516e+03	 3.3523e+00	 7.4946e+01	-1.2795e+03	 5.8575e-02
 7.4818e+05	 3.0866e+03	 3.5937e+00	 4.3960e-01	 3.6315e+02	 3.1584e+03	-8.3026e+01	 5.4714e+03	 6.6929e+02	-8.1750e+00
 9.0000e+05	 3.0866e+03	 3.5385e+00	 4.0058e-01	 3.6315e+02	 3.1662e+03	-8.3541e+01	 4.9916e+03	 5.6508e+02	-8.8333e+00
 1.0000e+02	 3.1634e+03	 6.0748e+00	 1.5111e-01	 3.6314e+02	 3.1744e+03	-8.8575e+01	 1.1909e+08	 2.9624e+06	-4.0200e+01
 1.5000e+02	 3.1634e+03	 6.0412e+00	 1.6715e-01	 3.6315e+02	 3.1768e+03	-8.8415e+01	 7.1774e+07	 1.9859e+06	-3.6142e+01
 2.2500e+02	 3.1634e+03	 6.0024e+00	 1.8854e-01	 3.6315e+02	 3.1793e+03	-8.8201e+01	 4.2420e+07	 1.3325e+06	-3.1836e+01
 3.3750e+02	 3.1634e+03	 5.9552e+00	 2.1405e-01	 3.6316e+02	 3.1820e+03	-8.7941e+01	 2.4910e+07	 8.9536e+05	-2.7821e+01
 5.0625e+02	 3.1634e+03	 5.8992e+00	 2.4175e-01	 3.6315e+02	 3.1844e+03	-8.7653e+01	 1.4704e+07	 6.0257e+05	-2.4402e+01
 7.5938e+02	 3.1634e+03	 5.8351e+00	 2.7052e-01	 3.6315e+02	 3.1871e+03	-8.7346e+01	 8.7603e+06	 4.0613e+05	-2.1570e+01
 1.1391e+03	 3.1634e+03	 5.7625e+00	 2.9982e-01	 3.6315e+02	 3.1896e+03	-8.7022e+01	 5.2694e+06	 2.7416e+05	-1.9220e+01
 1.7086e+03	 3.1634e+03	 5.6826e+00	 3.2992e-01	 3.6316e+02	 3.1924e+03	-8.6677e+01	 3.1924e+06	 1.8535e+05	-1.7224e+01
 2.5629e+03	 3.1634e+03	 5.5943e+00	 3.6045e-01	 3.6316e+02	 3.1949e+03	-8.6313e+01	 1.9480e+06	 1.2552e+05	-1.5520e+01
 3.8443e+03	 3.1634e+03	 5.4976e+00	 3.9150e-01	 3.6315e+02	 3.1974e+03	-8.5927e+01	 1.1957e+06	 8.5148e+04	-1.4042e+01
 5.7665e+03	 3.1634e+03	 5.3922e+00	 4.2239e-01	 3.6316e+02	 3.1998e+03	-8.5521e+01	 7.3882e+05	 5.7874e+04	-1.2766e+01
 8.6498e+03	 3.1634e+03	 5.2784e+00	 4.5267e-01	 3.6316e+02	 3.2024e+03	-8.5098e+01	 4.5961e+05	 3.9415e+04	-1.1661e+01
 1.2975e+04	 3.1634e+03	 5.1569e+00	 4.8208e-01	 3.6316e+02	 3.2050e+03	-8.4659e+01	 2.8771e+05	 2.6896e+04	-1.0697e+01
 1.9462e+04	 3.1634e+03	 5.0278e+00	 5.1045e-01	 3.6315e+02	 3.2078e+03	-8.4203e+01	 1.8114e+05	 1.8391e+04	-9.8496e+00
 2.9193e+04	 3.1634e+03	 4.8919e+00	 5.3856e-01	 3.6316e+02	 3.2106e+03	-8.3718e+01	 1.1446e+05	 1.2601e+04	-9.0833e+00
 4.3789e+04	 3.1634e+03	 4.7488e+00	 5.6742e-01	 3.6316e+02	 3.2130e+03	-8.3186e+01	 7.2426e+04	 8.6539e+03	-8.3691e+00
 6.5684e+04	 3.1634e+03	 4.5961e+00	 5.9665e-01	 3.6316e+02	 3.2156e+03	-8.2603e+01	 4.5918e+04	 5.9611e+03	-7.7030e+00
 9.8526e+04	 3.1634e+03	 4.4471e+00	 6.2566e-01	 3.6316e+02	 3.2182e+03	-8.1992e+01	 2.9193e+04	 4.1071e+03	-7.1079e+00
 1.4779e+05	 3.1634e+03	 4.2676e+00	 6.4633e-01	 3.6316e+02	 3.2206e+03	-8.1388e+01	 1.8840e+04	 2.8533e+03	-6.6029e+00
 2.2168e+05	 3.1634e+03	 4.0764e+00	 6.5071e-01	 3.6316e+02	 3.2232e+03	-8.0930e+01	 1.2475e+04	 1.9914e+03	-6.2645e+00
 3.3253e+05	 3.1634e+03	 3.8830e+00	 6.3004e-01	 3.6315e+02	 3.2256e+03	-8.0784e+01	 8.5897e+03	 1.3937e+03	-6.1631e+00
 4.9879e+05	 3.1634e+03	-2.7714e+00	 4.8041e+01	 3.6315e+02	 3.2286e+03	 3.3016e+00	 7.5100e+01	-1.3018e+03	 5.7688e-02
 7.4818e+05	 3.1634e+03	 3.5881e+00	 4.3551e-01	 3.6315e+02	 3.2351e+03	-8.3080e+01	 5.5229e+03	 6.7035e+02	-8.2388e+00
 9.0000e+05	 3.1634e+03	 3.5331e+00	 3.9757e-01	 3.6315e+02	 3.2431e+03	-8.3580e+01	 5.0293e+03	 5.6594e+02	-8.8867e+00
 1.0000e+02	 3.2405e+03	 6.0736e+00	 1.5274e-01	 3.6315e+02	 3.2510e+03	-8.8559e+01	 1.1782e+08	 2.9629e+06	-3.9764e+01
 1.5000e+02	 3.2405e+03	 6.0426e+00	 1.6772e-01	 3.6314e+02	 3.2535e+03	-8.8410e+01	 7.1532e+07	 1.9854e+06	-3.6029e+01
 2.2500e+02	 3.2405e+03	 6.0003e+00	 1.9123e-01	 3.6313e+02	 3.2563e+03	-8.8175e+01	 4.1826e+07	 1.3330e+06	-3.1378e+01
 3.3750e+02	 3.2405e+03	 5.9518e+00	 2.1742e-01	 3.6313e+02	 3.2589e+03	-8.7908e+01	 2.4524e+07	 8.9587e+05	-2.7374e+01
 5.0625e+02	 3.2405e+03	 5.8947e+00	 2.4558e-01	 3.6314e+02	 3.2616e+03	-8.7614e+01	 1.4475e+07	 6.0303e+05	-2.4004e+01
 7.5938e+02	 3.2405e+03	 5.8292e+00	 2.7458e-01	 3.6315e+02	 3.2642e+03	-8.7303e+01	 8.6306e+06	 4.0654e+05	-2.1229e+01
 1.1391e+03	 3.2405e+03	 5.7555e+00	 3.0369e-01	 3.6315e+02	 3.2669e+03	-8.6980e+01	 5.2022e+06	 2.7450e+05	-1.8952e+01
 1.7086e+03	 3.2405e+03	 5.6741e+00	 3.3394e-01	 3.6315e+02	 3.2695e+03	-8.6632e+01	 3.1540e+06	 1.8562e+05	-1.6991e+01
 2.5629e+03	 3.2405e+03	 5.5844e+00	 3.6437e-01	 3.6315e+02	 3.2723e+03	-8.6267e+01	 1.9271e+06	 1.2574e+05	-1.5326e+01
 3.8443e+03	 3.2405e+03	 5.4868e+00	 3.9508e-01	 3.6315e+02	 3.2748e+03	-8.5881e+01	 1.1848e+06	 8.5316e+04	-1.3888e+01
 5.7665e+03	 3.2405e+03	 5.3803e+00	 4.2550e-01	 3.6315e+02	 3.2774e+03	-8.5478e+01	 7.3343e+05	 5.8003e+04	-1.2645e+01
 8.6498e+03	 3.2405e+03	 5.2659e+00	 4.5501e-01	 3.6316e+02	 3.2800e+03	-8.5061e+01	 4.5724e+05	 3.9509e+04	-1.1573e+01
 1.2975e+04	 3.2405e+03	 5.1440e+00	 4.8351e-01	 3.6316e+02	 3.2825e+03	-8.4630e+01	 2.8686e+05	 2.6964e+04	-1.0639e+01
 1.9462e+04	 3.2405e+03	 5.0147e+00	 5.1121e-01	 3.6316e+02	 3.2854e+03	-8.4179e+01	 1.8088e+05	 1.8439e+04	-9.8095e+00
 2.9193e+04	 3.2405e+03	 4.8788e+00	 5.3851e-01	 3.6317e+02	 3.2882e+03	-8.3701e+01	 1.1447e+05	 1.2635e+04	-9.0598e+00
 4.3789e+04	 3.2405e+03	 4.7359e+00	 5.6659e-01	 3.6317e+02	 3.2907e+03	-8.3178e+01	 7.2532e+04	 8.6776e+03	-8.3586e+00
 6.5684e+04	 3.2405e+03	 4.5837e+00	 5.9526e-01	 3.6316e+02	 3.2934e+03	-8.2601e+01	 4.6026e+04	 5.9771e+03	-7.7003e+00
 9.8526e+04	 3.2405e+03	 4.4354e+00	 6.2343e-01	 3.6316e+02	 3.2959e+03	-8.1999e+01	 2.9297e+04	 4.1180e+03	-7.1145e+00
 1.4779e+05	 3.2405e+03	 4.2564e+00	 6.4323e-01	 3.6317e+02	 3.2984e+03	-8.1406e+01	 1.8930e+04	 2.8608e+03	-6.6172e+00
 2.2168e+05	 3.2405e+03	 4.0666e+00	 6.4659e-01	 3.6316e+02	 3.3011e+03	-8.0965e+01	 1.2555e+04	 1.9962e+03	-6.2892e+00
 3.3253e+05	 3.2405e+03	 3.8746e+00	 6.2568e-01	 3.6316e+02	 3.3035e+03	-8.0827e+01	 8.6494e+03	 1.3967e+03	-6.1927e+00
 4.9879e+05	 3.2405e+03	-2.7272e+00	 4.7950e+01	 3.6316e+02	 3.3062e+03	 3.2553e+00	 7.5242e+01	-1.3229e+03	 5.6876e-02
 7.4818e+05	 3.2405e+03	 3.5824e+00	 4.3170e-01	 3.6316e+02	 3.3128e+03	-8.3129e+01	 5.5716e+03	 6.7140e+02	-8.2985e+00
 9.0000e+05	 3.2405e+03	 3.5280e+00	 3.9411e-01	 3.6316e+02	 3.3204e+03	-8.3626e+01	 5.0735e+03	 5.6676e+02	-8.9518e+00
 1.0000e+02	 3.3177e+03	 6.0727e+00	 1.5426e-01	 3.6315e+02	 3.3287e+03	-8.8545e+01	 1.1666e+08	 2.9634e+06	-3.9367e+01
 1.5000e+02	 3.3177e+03	 6.0367e+00	 1.7154e-01	 3.6315e+02	 3.3313e+03	-8.8372e+01	 6.9939e+07	 1.9874e+06	-3.5192e+01
 2.2500e+02	 3.3177e+03	 5.9980e+00	 1.9395e-01	 3.6315e+02	 3.3340e+03	-8.8148e+01	 4.1239e+07	 1.3335e+06	-3.0926e+01
 3.3750e+02	 3.3177e+03	 5.9489e+00	 2.2055e-01	 3.6316e+02	 3.3368e+03	-8.7877e+01	 2.4176e+07	 8.9630e+05	-2.6973e+01
 5.0625e+02	 3.3177e+03	 5.8909e+00	 2.4902e-01	 3.6316e+02	 3.3393e+03	-8.7579e+01	 1.4275e+07	 6.0342e+05	-2.3656e+01
 7.5938e+02	 3.3177e+03	 5.8241e+00	 2.7845e-01	 3.6316e+02	 3.3421e+03	-8.7263e+01	 8.5108e+06	 4.0690e+05	-2.0916e+01
 1.1391e+03	 3.3177e+03	 5.7491e+00	 3.0787e-01	 3.6316e+02	 3.3446e+03	-8.6935e+01	 5.1316e+06	 2.7480e+05	-1.8674e+01
 1.7086e+03	 3.3177e+03	 5.6665e+00	 3.3803e-01	 3.6315e+02	 3.3474e+03	-8.6586e+01	 3.1159e+06	 1.8587e+05	-1.6763e+01
 2.5629e+03	 3.3177e+03	 5.5755e+00	 3.6822e-01	 3.6315e+02	 3.3499e+03	-8.6222e+01	 1.9069e+06	 1.2594e+05	-1.5142e+01
 3.8443e+03	 3.3177e+03	 5.4764e+00	 3.9850e-01	 3.6315e+02	 3.3524e+03	-8.5838e+01	 1.1747e+06	 8.5477e+04	-1.3743e+01
 5.7665e+03	 3.3177e+03	 5.3691e+00	 4.2839e-01	 3.6315e+02	 3.3550e+03	-8.5438e+01	 7.2847e+05	 5.8124e+04	-1.2533e+01
 8.6498e+03	 3.3177e+03	 5.2538e+00	 4.5718e-01	 3.6315e+02	 3.3576e+03	-8.5027e+01	 4.5507e+05	 3.9600e+04	-1.1492e+01
 1.2975e+04	 3.3177e+03	 5.1312e+00	 4.8486e-01	 3.6316e+02	 3.3600e+03	-8.4602e+01	 2.8606e+05	 2.7031e+04	-1.0583e+01
 1.9462e+04	 3.3177e+03	 5.0017e+00	 5.1180e-01	 3.6316e+02	 3.3628e+03	-8.4157e+01	 1.8067e+05	 1.8487e+04	-9.7726e+00
 2.9193e+04	 3.3177e+03	 4.8655e+00	 5.3850e-01	 3.6316e+02	 3.3655e+03	-8.3684e+01	 1.1447e+05	 1.2670e+04	-9.0352e+00
 4.3789e+04	 3.3177e+03	 4.7227e+00	 5.6582e-01	 3.6315e+02	 3.3681e+03	-8.3168e+01	 7.2632e+04	 8.7018e+03	-8.3468e+00
 6.5684e+04	 3.3177e+03	 4.5705e+00	 5.9363e-01	 3.6315e+02	 3.3705e+03	-8.2600e+01	 4.6152e+04	 5.9944e+03	-7.6992e+00
 9.8526e+04	 3.3177e+03	 4.4225e+00	 6.2109e-01	 3.6315e+02	 3.3731e+03	-8.2006e+01	 2.9408e+04	 4.1300e+03	-7.1205e+00
 1.4779e+05	 3.3177e+03	 4.2444e+00	 6.3997e-01	 3.6314e+02	 3.3755e+03	-8.1425e+01	 1.9027e+04	 2.8689e+03	-6.6322e+00
 2.2168e+05	 3.3177e+03	 4.0557e+00	 6.4250e-01	 3.6314e+02	 3.3783e+03	-8.0998e+01	 1.2635e+04	 2.0016e+03	-6.3123e+00
 3.3253e+05	 3.3177e+03	 3.8655e+00	 6.2110e-01	 3.6314e+02	 3.3808e+03	-8.0872e+01	 8.7133e+03	 1.4000e+03	-6.2236e+00
 4.9879e+05	 3.3177e+03	-2.6794e+00	 4.7847e+01	 3.6314e+02	 3.3835e+03	 3.2051e+00	 7.5404e+01	-1.3465e+03	 5.5998e-02
 7.4818e+05	 3.3177e+03	 3.5760e+00	 4.2863e-01	 3.6314e+02	 3.3902e+03	-8.3165e+01	 5.6114e+03	 6.7261e+02	-8.3428e+00
 9.0000e+05	 3.3177e+03	 3.5222e+00	 3.9084e-01	 3.6314e+02	 3.3978e+03	-8.3668e+01	 5.1160e+03	 5.6768e+02	-9.0120e+00
 1.0000e+02	 3.3950e+03	 6.0713e+00	 1.5603e-01	 3.6315e+02	 3.4061e+03	-8.8528e+01	 1.1534e+08	 2.9641e+06	-3.8911e+01
 1.5000e+02	 3.3950e+03	 6.0346e+00	 1.7138e-01	 3.6315e+02	 3.4085e+03	-8.8373e+01	 7.0002e+07	 1.9881e+06	-3.5211e+01
 2.2500e+02	 3.3950e+03	 5.9957e+00	 1.9672e-01	 3.6315e+02	 3.4113e+03	-8.8121e+01	 4.0658e+07	 1.3340e+06	-3.0478e+01
 3.3750e+02	 3.3950e+03	 5.9456e+00	 2.2385e-01	 3.6315e+02	 3.4140e+03	-8.7844e+01	 2.3819e+07	 8.9681e+05	-2.6560e+01
 5.0625e+02	 3.3950e+03	 5.8866e+00	 2.5282e-01	 3.6315e+02	 3.4166e+03	-8.7541e+01	 1.4060e+07	 6.0386e+05	-2.3284e+01
 7.5938e+02	 3.3950e+03	 5.8185e+00	 2.8225e-01	 3.6315e+02	 3.4192e+03	-8.7223e+01	 8.3960e+06	 4.0729e+05	-2.0614e+01
 1.1391e+03	 3.3950e+03	 5.7429e+00	 3.1222e-01	 3.6315e+02	 3.4218e+03	-8.6888e+01	 5.0601e+06	 2.7510e+05	-1.8394e+01
 1.7086e+03	 3.3950e+03	 5.6588e+00	 3.4196e-01	 3.6315e+02	 3.4243e+03	-8.6542e+01	 3.0800e+06	 1.8612e+05	-1.6548e+01
 2.5629e+03	 3.3950e+03	 5.5668e+00	 3.7199e-01	 3.6315e+02	 3.4271e+03	-8.6177e+01	 1.8876e+06	 1.2613e+05	-1.4965e+01
 3.8443e+03	 3.3950e+03	 5.4665e+00	 4.0179e-01	 3.6315e+02	 3.4295e+03	-8.5796e+01	 1.1651e+06	 8.5632e+04	-1.3605e+01
 5.7665e+03	 3.3950e+03	 5.3582e+00	 4.3117e-01	 3.6315e+02	 3.4319e+03	-8.5399e+01	 7.2378e+05	 5.8242e+04	-1.2427e+01
 8.6498e+03	 3.3950e+03	 5.2420e+00	 4.5933e-01	 3.6315e+02	 3.4346e+03	-8.4992e+01	 4.5294e+05	 3.9689e+04	-1.1412e+01
 1.2975e+04	 3.3950e+03	 5.1189e+00	 4.8632e-01	 3.6315e+02	 3.4370e+03	-8.4573e+01	 2.8520e+05	 2.7096e+04	-1.0526e+01
 1.9462e+04	 3.3950e+03	 4.9889e+00	 5.1236e-01	 3.6315e+02	 3.4398e+03	-8.4136e+01	 1.8047e+05	 1.8534e+04	-9.7372e+00
 2.9193e+04	 3.3950e+03	 4.8530e+00	 5.3828e-01	 3.6315e+02	 3.4426e+03	-8.3671e+01	 1.1452e+05	 1.2702e+04	-9.0159e+00
 4.3789e+04	 3.3950e+03	 4.7104e+00	 5.6496e-01	 3.6315e+02	 3.4453e+03	-8.3161e+01	 7.2741e+04	 8.7246e+03	-8.3374e+00
 6.5684e+04	 3.3950e+03	 4.5751e+00	 5.9323e-01	 3.6315e+02	 3.4477e+03	-8.2612e+01	 4.6184e+04	 5.9883e+03	-7.7123e+00
 9.8526e+04	 3.3950e+03	 4.4109e+00	 6.1881e-01	 3.6315e+02	 3.4506e+03	-8.2014e+01	 2.9516e+04	 4.1409e+03	-7.1280e+00
 1.4779e+05	 3.3950e+03	 4.2335e+00	 6.3679e-01	 3.6314e+02	 3.4530e+03	-8.1446e+01	 1.9122e+04	 2.8762e+03	-6.6482e+00
 2.2168e+05	 3.3950e+03	 4.0462e+00	 6.3892e-01	 3.6314e+02	 3.4559e+03	-8.1027e+01	 1.2705e+04	 2.0062e+03	-6.3329e+00
 3.3253e+05	 3.3950e+03	 3.8575e+00	 6.1706e-01	 3.6314e+02	 3.4583e+03	-8.0912e+01	 8.7703e+03	 1.4029e+03	-6.2515e+00
 4.9879e+05	 3.3950e+03	-2.6366e+00	 4.7761e+01	 3.6315e+02	 3.4611e+03	 3.1598e+00	 7.5541e+01	-1.3684e+03	 5.5204e-02
 7.4818e+05	 3.3950e+03	 3.5709e+00	 4.2492e-01	 3.6315e+02	 3.4674e+03	-8.3214e+01	 5.6605e+03	 6.7357e+02	-8.4037e+00
 9.0000e+05	 3.3950e+03	 3.5177e+00	 3.8723e-01	 3.6316e+02	 3.4752e+03	-8.3718e+01	 5.1637e+03	 5.6841e+02	-9.0844e+00
 1.0000e+02	 3.4725e+03	 6.0703e+00	 1.5761e-01	 3.6317e+02	 3.4836e+03	-8.8513e+01	 1.1418e+08	 2.9646e+06	-3.8515e+01
 1.5000e+02	 3.4725e+03	 6.0348e+00	 1.7668e-01	 3.6316e+02	 3.4860e+03	-8.8323e+01	 6.7903e+07	 1.9880e+06	-3.4156e+01
 2.2500e+02	 3.4725e+03	 5.9936e+00	 1.9926e-01	 3.6316e+02	 3.4885e+03	-8.8096e+01	 4.0138e+07	 1.3344e+06	-3.0079e+01
 3.3750e+02	 3.4725e+03	 5.9427e+00	 2.2688e-01	 3.6316e+02	 3.4911e+03	-8.7814e+01	 2.3502e+07	 8.9725e+05	-2.6193e+01
 5.0625e+02	 3.4725e+03	 5.8827e+00	 2.5640e-01	 3.6316e+02	 3.4935e+03	-8.7504e+01	 1.3864e+07	 6.0427e+05	-2.2943e+01
 7.5938e+02	 3.4725e+03	 5.8137e+00	 2.8602e-01	 3.6316e+02	 3.4963e+03	-8.7184e+01	 8.2856e+06	 4.0762e+05	-2.0327e+01
 1.1391e+03	 3.4725e+03	 5.7364e+00	 3.1601e-01	 3.6316e+02	 3.4988e+03	-8.6847e+01	 4.9994e+06	 2.7541e+05	-1.8152e+01
 1.7086e+03	 3.4725e+03	 5.6509e+00	 3.4597e-01	 3.6316e+02	 3.5016e+03	-8.6496e+01	 3.0443e+06	 1.8638e+05	-1.6333e+01
 2.5629e+03	 3.4725e+03	 5.5576e+00	 3.7576e-01	 3.6315e+02	 3.5042e+03	-8.6132e+01	 1.8686e+06	 1.2634e+05	-1.4790e+01
 3.8443e+03	 3.4725e+03	 5.4563e+00	 4.0502e-01	 3.6314e+02	 3.5069e+03	-8.5755e+01	 1.1558e+06	 8.5793e+04	-1.3472e+01
 5.7665e+03	 3.4725e+03	 5.3469e+00	 4.3383e-01	 3.6314e+02	 3.5093e+03	-8.5361e+01	 7.1934e+05	 5.8365e+04	-1.2325e+01
 8.6498e+03	 3.4725e+03	 5.2299e+00	 4.6130e-01	 3.6314e+02	 3.5120e+03	-8.4959e+01	 4.5100e+05	 3.9781e+04	-1.1337e+01
 1.2975e+04	 3.4725e+03	 5.1064e+00	 4.8742e-01	 3.6314e+02	 3.5148e+03	-8.4547e+01	 2.8456e+05	 2.7162e+04	-1.0476e+01
 1.9462e+04	 3.4725e+03	 4.9762e+00	 5.1286e-01	 3.6314e+02	 3.5176e+03	-8.4116e+01	 1.8030e+05	 1.8582e+04	-9.7029e+00
 2.9193e+04	 3.4725e+03	 4.8401e+00	 5.3822e-01	 3.6314e+02	 3.5202e+03	-8.3655e+01	 1.1453e+05	 1.2736e+04	-8.9927e+00
 4.3789e+04	 3.4725e+03	 4.6976e+00	 5.6426e-01	 3.6314e+02	 3.5229e+03	-8.3151e+01	 7.2832e+04	 8.7483e+03	-8.3253e+00
 6.5684e+04	 3.4725e+03	 4.5629e+00	 5.9184e-01	 3.6314e+02	 3.5253e+03	-8.2610e+01	 4.6292e+04	 6.0044e+03	-7.7097e+00
 9.8526e+04	 3.4725e+03	 4.3992e+00	 6.1667e-01	 3.6313e+02	 3.5279e+03	-8.2020e+01	 2.9619e+04	 4.1519e+03	-7.1338e+00
 1.4779e+05	 3.4725e+03	 4.2227e+00	 6.3376e-01	 3.6314e+02	 3.5303e+03	-8.1464e+01	 1.9213e+04	 2.8836e+03	-6.6629e+00
 2.2168e+05	 3.4725e+03	 4.0364e+00	 6.3486e-01	 3.6313e+02	 3.5329e+03	-8.1061e+01	 1.2787e+04	 2.0112e+03	-6.3579e+00
 3.3253e+05	 3.4725e+03	 3.8493e+00	 6.1284e-01	 3.6313e+02	 3.5356e+03	-8.0954e+01	 8.8308e+03	 1.4059e+03	-6.2811e+00
 4.9879e+05	 3.4725e+03	-2.5919e+00	 4.7667e+01	 3.6313e+02	 3.5384e+03	 3.1125e+00	 7.5690e+01	-1.3920e+03	 5.4376e-02
 7.4818e+05	 3.4725e+03	 3.5654e+00	 4.2021e-01	 3.6314e+02	 3.5448e+03	-8.3278e+01	 5.7239e+03	 6.7462e+02	-8.4847e+00
 9.0000e+05	 3.4725e+03	 3.5124e+00	 3.8282e-01	 3.6314e+02	 3.5527e+03	-8.3780e+01	 5.2232e+03	 5.6927e+02	-9.1751e+00
 1.0000e+02	 3.5499e+03	 6.0687e+00	 1.5958e-01	 3.6315e+02	 3.5606e+03	-8.8494e+01	 1.1277e+08	 2.9653e+06	-3.8030e+01
 1.5000e+02	 3.5499e+03	 6.0320e+00	 1.8215e-01	 3.6315e+02	 3.5632e+03	-8.8270e+01	 6.5864e+07	 1.9889e+06	-3.3115e+01
 2.2500e+02	 3.5499e+03	 5.9907e+00	 2.0218e-01	 3.6315e+02	 3.5657e+03	-8.8067e+01	 3.9559e+07	 1.3351e+06	-2.9630e+01
 3.3750e+02	 3.5499e+03	 5.9392e+00	 2.3024e-01	 3.6315e+02	 3.5684e+03	-8.7780e+01	 2.3159e+07	 8.9778e+05	-2.5796e+01
 5.0625e+02	 3.5499e+03	 5.8781e+00	 2.5966e-01	 3.6315e+02	 3.5708e+03	-8.7471e+01	 1.3690e+07	 6.0474e+05	-2.2638e+01
 7.5938e+02	 3.5499e+03	 5.8082e+00	 2.8986e-01	 3.6315e+02	 3.5734e+03	-8.7143e+01	 8.1757e+06	 4.0801e+05	-2.0038e+01
 1.1391e+03	 3.5499e+03	 5.7300e+00	 3.1983e-01	 3.6315e+02	 3.5758e+03	-8.6805e+01	 4.9397e+06	 2.7572e+05	-1.7916e+01
 1.7086e+03	 3.5499e+03	 5.6435e+00	 3.4954e-01	 3.6316e+02	 3.5784e+03	-8.6456e+01	 3.0132e+06	 1.8663e+05	-1.6145e+01
 2.5629e+03	 3.5499e+03	 5.5494e+00	 3.7908e-01	 3.6317e+02	 3.5812e+03	-8.6092e+01	 1.8523e+06	 1.2653e+05	-1.4639e+01
 3.8443e+03	 3.5499e+03	 5.4475e+00	 4.0814e-01	 3.6317e+02	 3.5836e+03	-8.5715e+01	 1.1469e+06	 8.5931e+04	-1.3347e+01
 5.7665e+03	 3.5499e+03	 5.3373e+00	 4.3618e-01	 3.6317e+02	 3.5861e+03	-8.5328e+01	 7.1546e+05	 5.8470e+04	-1.2236e+01
 8.6498e+03	 3.5499e+03	 5.2198e+00	 4.6311e-01	 3.6317e+02	 3.5887e+03	-8.4930e+01	 4.4924e+05	 3.9857e+04	-1.1271e+01
 1.2975e+04	 3.5499e+03	 5.0960e+00	 4.8875e-01	 3.6316e+02	 3.5911e+03	-8.4522e+01	 2.8379e+05	 2.7217e+04	-1.0427e+01
 1.9462e+04	 3.5499e+03	 4.9656e+00	 5.1335e-01	 3.6317e+02	 3.5939e+03	-8.4098e+01	 1.8012e+05	 1.8621e+04	-9.6731e+00
 2.9193e+04	 3.5499e+03	 4.8296e+00	 5.3803e-01	 3.6316e+02	 3.5965e+03	-8.3643e+01	 1.1457e+05	 1.2764e+04	-8.9763e+00
 4.3789e+04	 3.5499e+03	 4.6870e+00	 5.6357e-01	 3.6315e+02	 3.5991e+03	-8.3144e+01	 7.2921e+04	 8.7681e+03	-8.3166e+00
 6.5684e+04	 3.5499e+03	 4.5525e+00	 5.9056e-01	 3.6316e+02	 3.6016e+03	-8.2609e+01	 4.6392e+04	 6.0181e+03	-7.7088e+00
 9.8526e+04	 3.5499e+03	 4.3892e+00	 6.1464e-01	 3.6315e+02	 3.6041e+03	-8.2028e+01	 2.9716e+04	 4.1613e+03	-7.1411e+00
 1.4779e+05	 3.5499e+03	 4.2133e+00	 6.3098e-01	 3.6315e+02	 3.6068e+03	-8.1483e+01	 1.9298e+04	 2.8901e+03	-6.6773e+00
 2.2168e+05	 3.5499e+03	 4.0281e+00	 6.3145e-01	 3.6315e+02	 3.6093e+03	-8.1091e+01	 1.2856e+04	 2.0153e+03	-6.3791e+00
 3.3253e+05	 3.5499e+03	 3.8423e+00	 6.0909e-01	 3.6315e+02	 3.6121e+03	-8.0992e+01	 8.8851e+03	 1.4085e+03	-6.3083e+00
 4.9879e+05	 3.5499e+03	-2.5555e+00	 4.7590e+01	 3.6315e+02	 3.6147e+03	 3.0738e+00	 7.5812e+01	-1.4118e+03	 5.3699e-02
 7.4818e+05	 3.5499e+03	 3.5606e+00	 4.1666e-01	 3.6314e+02	 3.6212e+03	-8.3326e+01	 5.7727e+03	 6.7551e+02	-8.5456e+00
 9.0000e+05	 3.5499e+03	 3.5081e+00	 3.7929e-01	 3.6316e+02	 3.6292e+03	-8.3829e+01	 5.2717e+03	 5.6997e+02	-9.2491e+00
 1.0000e+02	 3.6264e+03	 6.0678e+00	 1.6103e-01	 3.6316e+02	 3.6370e+03	-8.8480e+01	 1.1175e+08	 2.9658e+06	-3.7681e+01
 1.5000e+02	 3.6264e+03	 6.0304e+00	 1.8275e-01	 3.6316e+02	 3.6398e+03	-8.8264e+01	 6.5647e+07	 1.9894e+06	-3.2997e+01
 2.2500e+02	 3.6264e+03	 5.9890e+00	 2.0453e-01	 3.6316e+02	 3.6423e+03	-8.8044e+01	 3.9105e+07	 1.3355e+06	-2.9282e+01
 3.3750e+02	 3.6264e+03	 5.9364e+00	 2.3320e-01	 3.6316e+02	 3.6447e+03	-8.7750e+01	 2.2864e+07	 8.9820e+05	-2.5456e+01
 5.0625e+02	 3.6264e+03	 5.8745e+00	 2.6309e-01	 3.6315e+02	 3.6473e+03	-8.7436e+01	 1.3511e+07	 6.0511e+05	-2.2329e+01
 7.5938e+02	 3.6264e+03	 5.8029e+00	 2.9373e-01	 3.6315e+02	 3.6499e+03	-8.7102e+01	 8.0680e+06	 4.0838e+05	-1.9756e+01
 1.1391e+03	 3.6264e+03	 5.7235e+00	 3.2361e-01	 3.6315e+02	 3.6526e+03	-8.6764e+01	 4.8820e+06	 2.7603e+05	-1.7686e+01
 1.7086e+03	 3.6264e+03	 5.6354e+00	 3.5311e-01	 3.6315e+02	 3.6551e+03	-8.6415e+01	 2.9827e+06	 1.8690e+05	-1.5959e+01
 2.5629e+03	 3.6264e+03	 5.5402e+00	 3.8256e-01	 3.6314e+02	 3.6579e+03	-8.6050e+01	 1.8354e+06	 1.2674e+05	-1.4482e+01
 3.8443e+03	 3.6264e+03	 5.4366e+00	 4.1115e-01	 3.6314e+02	 3.6603e+03	-8.5675e+01	 1.1385e+06	 8.6104e+04	-1.3223e+01
 5.7665e+03	 3.6264e+03	 5.3259e+00	 4.3868e-01	 3.6314e+02	 3.6628e+03	-8.5291e+01	 7.1139e+05	 5.8595e+04	-1.2141e+01
 8.6498e+03	 3.6264e+03	 5.2078e+00	 4.6494e-01	 3.6315e+02	 3.6654e+03	-8.4898e+01	 4.4747e+05	 3.9950e+04	-1.1201e+01
 1.2975e+04	 3.6264e+03	 5.0837e+00	 4.8971e-01	 3.6315e+02	 3.6679e+03	-8.4498e+01	 2.8323e+05	 2.7283e+04	-1.0381e+01
 1.9462e+04	 3.6264e+03	 4.9532e+00	 5.1385e-01	 3.6315e+02	 3.6706e+03	-8.4077e+01	 1.7995e+05	 1.8668e+04	-9.6396e+00
 2.9193e+04	 3.6264e+03	 4.8175e+00	 5.3781e-01	 3.6316e+02	 3.6732e+03	-8.3630e+01	 1.1462e+05	 1.2796e+04	-8.9577e+00
 4.3789e+04	 3.6264e+03	 4.6754e+00	 5.6283e-01	 3.6317e+02	 3.6761e+03	-8.3136e+01	 7.3016e+04	 8.7898e+03	-8.3069e+00
 6.5684e+04	 3.6264e+03	 4.5413e+00	 5.8919e-01	 3.6316e+02	 3.6785e+03	-8.2608e+01	 4.6500e+04	 6.0329e+03	-7.7077e+00
 9.8526e+04	 3.6264e+03	 4.3788e+00	 6.1252e-01	 3.6318e+02	 3.6814e+03	-8.2037e+01	 2.9819e+04	 4.1712e+03	-7.1488e+00
 1.4779e+05	 3.6264e+03	 4.2037e+00	 6.2812e-01	 3.6317e+02	 3.6838e+03	-8.1502e+01	 1.9386e+04	 2.8966e+03	-6.6926e+00
 2.2168e+05	 3.6264e+03	 4.0200e+00	 6.2818e-01	 3.6317e+02	 3.6866e+03	-8.1119e+01	 1.2923e+04	 2.0193e+03	-6.3994e+00
 3.3253e+05	 3.6264e+03	 3.8357e+00	 6.0555e-01	 3.6317e+02	 3.6891e+03	-8.1029e+01	 8.9371e+03	 1.4109e+03	-6.3342e+00
 4.9879e+05	 3.6264e+03	-2.5167e+00	 4.7515e+01	 3.6317e+02	 3.6917e+03	 3.0319e+00	 7.5932e+01	-1.4336e+03	 5.2966e-02
 7.4818e+05	 3.6264e+03	 3.5558e+00	 4.1338e-01	 3.6316e+02	 3.6984e+03	-8.3369e+01	 5.8185e+03	 6.7643e+02	-8.6017e+00
 9.0000e+05	 3.6264e+03	 3.5034e+00	 3.7587e-01	 3.6315e+02	 3.7061e+03	-8.3876e+01	 5.3197e+03	 5.7073e+02	-9.3208e+00
 1.0000e+02	 3.7033e+03	 6.0666e+00	 1.6278e-01	 3.6314e+02	 3.7144e+03	-8.8463e+01	 1.1055e+08	 2.9664e+06	-3.7268e+01
 1.5000e+02	 3.7033e+03	 6.0316e+00	 1.8341e-01	 3.6314e+02	 3.7170e+03	-8.8258e+01	 6.5410e+07	 1.9890e+06	-3.2885e+01
 2.2500e+02	 3.7033e+03	 5.9862e+00	 2.0748e-01	 3.6314e+02	 3.7196e+03	-8.8015e+01	 3.8548e+07	 1.3361e+06	-2.8852e+01
 3.3750e+02	 3.7033e+03	 5.9326e+00	 2.3644e-01	 3.6314e+02	 3.7221e+03	-8.7718e+01	 2.2551e+07	 8.9877e+05	-2.5091e+01
 5.0625e+02	 3.7033e+03	 5.8695e+00	 2.6687e-01	 3.6314e+02	 3.7245e+03	-8.7397e+01	 1.3320e+07	 6.0562e+05	-2.1993e+01
 7.5938e+02	 3.7033e+03	 5.7970e+00	 2.9736e-01	 3.6314e+02	 3.7271e+03	-8.7064e+01	 7.9694e+06	 4.0880e+05	-1.9495e+01
 1.1391e+03	 3.7033e+03	 5.7163e+00	 3.2718e-01	 3.6315e+02	 3.7295e+03	-8.6724e+01	 4.8288e+06	 2.7638e+05	-1.7472e+01
 1.7086e+03	 3.7033e+03	 5.6276e+00	 3.5699e-01	 3.6315e+02	 3.7321e+03	-8.6370e+01	 2.9503e+06	 1.8716e+05	-1.5764e+01
 2.5629e+03	 3.7033e+03	 5.5313e+00	 3.8579e-01	 3.6315e+02	 3.7348e+03	-8.6010e+01	 1.8200e+06	 1.2694e+05	-1.4338e+01
 3.8443e+03	 3.7033e+03	 5.4270e+00	 4.1393e-01	 3.6315e+02	 3.7374e+03	-8.5638e+01	 1.1309e+06	 8.6255e+04	-1.3111e+01
 5.7665e+03	 3.7033e+03	 5.3154e+00	 4.4102e-01	 3.6315e+02	 3.7399e+03	-8.5257e+01	 7.0762e+05	 5.8711e+04	-1.2052e+01
 8.6498e+03	 3.7033e+03	 5.1970e+00	 4.6665e-01	 3.6315e+02	 3.7428e+03	-8.4869e+01	 4.4584e+05	 4.0032e+04	-1.1137e+01
 1.2975e+04	 3.7033e+03	 5.0724e+00	 4.9077e-01	 3.6316e+02	 3.7452e+03	-8.4474e+01	 2.8262e+05	 2.7344e+04	-1.0336e+01
 1.9462e+04	 3.7033e+03	 4.9421e+00	 5.1412e-01	 3.6316e+02	 3.7480e+03	-8.4061e+01	 1.7985e+05	 1.8710e+04	-9.6127e+00
 2.9193e+04	 3.7033e+03	 4.8061e+00	 5.3763e-01	 3.6317e+02	 3.7506e+03	-8.3617e+01	 1.1466e+05	 1.2826e+04	-8.9395e+00
 4.3789e+04	 3.7033e+03	 4.6640e+00	 5.6201e-01	 3.6317e+02	 3.7531e+03	-8.3129e+01	 7.3123e+04	 8.8114e+03	-8.2987e+00
 6.5684e+04	 3.7033e+03	 4.5305e+00	 5.8784e-01	 3.6316e+02	 3.7556e+03	-8.2607e+01	 4.6606e+04	 6.0473e+03	-7.7070e+00
 9.8526e+04	 3.7033e+03	 4.3679e+00	 6.1052e-01	 3.6316e+02	 3.7581e+03	-8.2043e+01	 2.9917e+04	 4.1817e+03	-7.1543e+00
 1.4779e+05	 3.7033e+03	 4.1933e+00	 6.2514e-01	 3.6315e+02	 3.7609e+03	-8.1521e+01	 1.9478e+04	 2.9038e+03	-6.7078e+00
 2.2168e+05	 3.7033e+03	 4.0102e+00	 6.2420e-01	 3.6314e+02	 3.7634e+03	-8.1153e+01	 1.3005e+04	 2.0242e+03	-6.4246e+00
 3.3253e+05	 3.7033e+03	 3.8273e+00	 6.0139e-01	 3.6313e+02	 3.7663e+03	-8.1070e+01	 8.9989e+03	 1.4140e+03	-6.3642e+00
 4.9879e+05	 3.7033e+03	-2.4710e+00	 4.7415e+01	 3.6313e+02	 3.7690e+03	 2.9832e+00	 7.6091e+01	-1.4601e+03	 5.2114e-02
 7.4818e+05	 3.7033e+03	 3.5497e+00	 4.0919e-01	 3.6312e+02	 3.7752e+03	-8.3424e+01	 5.8782e+03	 6.7760e+02	-8.6750e+00
 9.0000e+05	 3.7033e+03	 3.4980e+00	 3.7212e-01	 3.6311e+02	 3.7836e+03	-8.3928e+01	 5.3734e+03	 5.7162e+02	-9.4002e+00
 1.0000e+02	 3.7808e+03	 6.0644e+00	 1.6443e-01	 3.6313e+02	 3.7918e+03	-8.8447e+01	 1.0944e+08	 2.9674e+06	-3.6881e+01
 1.5000e+02	 3.7808e+03	 6.0265e+00	 1.8509e-01	 3.6314e+02	 3.7944e+03	-8.8241e+01	 6.4817e+07	 1.9907e+06	-3.2559e+01
 2.2500e+02	 3.7808e+03	 5.9836e+00	 2.1022e-01	 3.6315e+02	 3.7971e+03	-8.7988e+01	 3.8046e+07	 1.3367e+06	-2.8463e+01
 3.3750e+02	 3.7808e+03	 5.9294e+00	 2.3965e-01	 3.6315e+02	 3.7997e+03	-8.7686e+01	 2.2249e+07	 8.9926e+05	-2.4742e+01
 5.0625e+02	 3.7808e+03	 5.8654e+00	 2.7032e-01	 3.6315e+02	 3.8024e+03	-8.7361e+01	 1.3150e+07	 6.0604e+05	-2.1698e+01
 7.5938e+02	 3.7808e+03	 5.7921e+00	 3.0101e-01	 3.6316e+02	 3.8049e+03	-8.7025e+01	 7.8729e+06	 4.0915e+05	-1.9242e+01
 1.1391e+03	 3.7808e+03	 5.7106e+00	 3.3086e-01	 3.6316e+02	 3.8074e+03	-8.6684e+01	 4.7750e+06	 2.7666e+05	-1.7260e+01
 1.7086e+03	 3.7808e+03	 5.6209e+00	 3.6026e-01	 3.6316e+02	 3.8101e+03	-8.6333e+01	 2.9236e+06	 1.8738e+05	-1.5603e+01
 2.5629e+03	 3.7808e+03	 5.5234e+00	 3.8912e-01	 3.6315e+02	 3.8126e+03	-8.5970e+01	 1.8045e+06	 1.2712e+05	-1.4195e+01
 3.8443e+03	 3.7808e+03	 5.4182e+00	 4.1686e-01	 3.6316e+02	 3.8153e+03	-8.5601e+01	 1.1230e+06	 8.6396e+04	-1.2998e+01
 5.7665e+03	 3.7808e+03	 5.3058e+00	 4.4327e-01	 3.6315e+02	 3.8178e+03	-8.5224e+01	 7.0402e+05	 5.8818e+04	-1.1970e+01
 8.6498e+03	 3.7808e+03	 5.1865e+00	 4.6822e-01	 3.6315e+02	 3.8206e+03	-8.4841e+01	 4.4434e+05	 4.0114e+04	-1.1077e+01
 1.2975e+04	 3.7808e+03	 5.0614e+00	 4.9166e-01	 3.6316e+02	 3.8230e+03	-8.4452e+01	 2.8210e+05	 2.7403e+04	-1.0294e+01
 1.9462e+04	 3.7808e+03	 4.9309e+00	 5.1454e-01	 3.6315e+02	 3.8259e+03	-8.4043e+01	 1.7971e+05	 1.8752e+04	-9.5831e+00
 2.9193e+04	 3.7808e+03	 4.7950e+00	 5.3745e-01	 3.6315e+02	 3.8284e+03	-8.3605e+01	 1.1470e+05	 1.2856e+04	-8.9216e+00
 4.3789e+04	 3.7808e+03	 4.6529e+00	 5.6129e-01	 3.6315e+02	 3.8311e+03	-8.3122e+01	 7.3217e+04	 8.8323e+03	-8.2898e+00
 6.5684e+04	 3.7808e+03	 4.5198e+00	 5.8665e-01	 3.6316e+02	 3.8336e+03	-8.2605e+01	 4.6702e+04	 6.0616e+03	-7.7045e+00
 9.8526e+04	 3.7808e+03	 4.3576e+00	 6.0858e-01	 3.6316e+02	 3.8362e+03	-8.2049e+01	 3.0012e+04	 4.1915e+03	-7.1602e+00
 1.4779e+05	 3.7808e+03	 4.1839e+00	 6.2241e-01	 3.6315e+02	 3.8386e+03	-8.1539e+01	 1.9564e+04	 2.9103e+03	-6.7221e+00
 2.2168e+05	 3.7808e+03	 4.0021e+00	 6.2085e-01	 3.6315e+02	 3.8412e+03	-8.1182e+01	 1.3075e+04	 2.0284e+03	-6.4462e+00
 3.3253e+05	 3.7808e+03	 3.8206e+00	 5.9775e-01	 3.6314e+02	 3.8439e+03	-8.1108e+01	 9.0537e+03	 1.4165e+03	-6.3917e+00
 4.9879e+05	 3.7808e+03	-2.4352e+00	 4.7346e+01	 3.6313e+02	 3.8466e+03	 2.9443e+00	 7.6202e+01	-1.4816e+03	 5.1433e-02
 7.4818e+05	 3.7808e+03	 3.5454e+00	 4.0693e-01	 3.6313e+02	 3.8529e+03	-8.3453e+01	 5.9108e+03	 6.7841e+02	-8.7127e+00
 9.0000e+05	 3.7808e+03	 3.4942e+00	 3.6993e-01	 3.6313e+02	 3.8608e+03	-8.3957e+01	 5.4052e+03	 5.7224e+02	-9.4457e+00
 1.0000e+02	 3.8582e+03	 6.0640e+00	 1.6563e-01	 3.6314e+02	 3.8687e+03	-8.8435e+01	 1.0865e+08	 2.9676e+06	-3.6610e+01
 1.5000e+02	 3.8582e+03	 6.0289e+00	 1.8711e-01	 3.6315e+02	 3.8712e+03	-8.8222e+01	 6.4118e+07	 1.9899e+06	-3.2221e+01
 2.2500e+02	 3.8582e+03	 5.9820e+00	 2.1246e-01	 3.6316e+02	 3.8738e+03	-8.7966e+01	 3.7645e+07	 1.3370e+06	-2.8156e+01
 3.3750e+02	 3.8582e+03	 5.9272e+00	 2.4242e-01	 3.6316e+02	 3.8762e+03	-8.7658e+01	 2.1995e+07	 8.9959e+05	-2.4450e+01
 5.0625e+02	 3.8582e+03	 5.8622e+00	 2.7355e-01	 3.6316e+02	 3.8790e+03	-8.7328e+01	 1.2995e+07	 6.0638e+05	-2.1430e+01
 7.5938e+02	 3.8582e+03	 5.7881e+00	 3.0409e-01	 3.6317e+02	 3.8816e+03	-8.6993e+01	 7.7932e+06	 4.0942e+05	-1.9034e+01
 1.1391e+03	 3.8582e+03	 5.7051e+00	 3.3445e-01	 3.6317e+02	 3.8844e+03	-8.6645e+01	 4.7237e+06	 2.7692e+05	-1.7058e+01
 1.7086e+03	 3.8582e+03	 5.6140e+00	 3.6367e-01	 3.6315e+02	 3.8869e+03	-8.6294e+01	 2.8962e+06	 1.8761e+05	-1.5437e+01
 2.5629e+03	 3.8582e+03	 5.5155e+00	 3.9221e-01	 3.6315e+02	 3.8896e+03	-8.5933e+01	 1.7903e+06	 1.2731e+05	-1.4063e+01
 3.8443e+03	 3.8582e+03	 5.4091e+00	 4.1959e-01	 3.6315e+02	 3.8920e+03	-8.5564e+01	 1.1156e+06	 8.6542e+04	-1.2891e+01
 5.7665e+03	 3.8582e+03	 5.2956e+00	 4.4538e-01	 3.6314e+02	 3.8944e+03	-8.5193e+01	 7.0069e+05	 5.8931e+04	-1.1890e+01
 8.6498e+03	 3.8582e+03	 5.1756e+00	 4.6964e-01	 3.6314e+02	 3.8971e+03	-8.4815e+01	 4.4300e+05	 4.0198e+04	-1.1020e+01
 1.2975e+04	 3.8582e+03	 5.0505e+00	 4.9251e-01	 3.6313e+02	 3.8995e+03	-8.4430e+01	 2.8162e+05	 2.7463e+04	-1.0255e+01
 1.9462e+04	 3.8582e+03	 4.9196e+00	 5.1467e-01	 3.6314e+02	 3.9023e+03	-8.4028e+01	 1.7966e+05	 1.8795e+04	-9.5587e+00
 2.9193e+04	 3.8582e+03	 4.7839e+00	 5.3717e-01	 3.6315e+02	 3.9049e+03	-8.3593e+01	 1.1476e+05	 1.2886e+04	-8.9057e+00
 4.3789e+04	 3.8582e+03	 4.6421e+00	 5.6058e-01	 3.6315e+02	 3.9076e+03	-8.3114e+01	 7.3309e+04	 8.8529e+03	-8.2808e+00
 6.5684e+04	 3.8582e+03	 4.5092e+00	 5.8528e-01	 3.6316e+02	 3.9101e+03	-8.2605e+01	 4.6811e+04	 6.0759e+03	-7.7044e+00
 9.8526e+04	 3.8582e+03	 4.3477e+00	 6.0655e-01	 3.6315e+02	 3.9130e+03	-8.2058e+01	 3.0113e+04	 4.2011e+03	-7.1679e+00
 1.4779e+05	 3.8582e+03	 4.1748e+00	 6.1967e-01	 3.6316e+02	 3.9154e+03	-8.1557e+01	 1.9650e+04	 2.9167e+03	-6.7372e+00
 2.2168e+05	 3.8582e+03	 3.9943e+00	 6.1776e-01	 3.6316e+02	 3.9184e+03	-8.1208e+01	 1.3141e+04	 2.0323e+03	-6.4659e+00
 3.3253e+05	 3.8582e+03	 3.8143e+00	 5.9436e-01	 3.6317e+02	 3.9209e+03	-8.1143e+01	 9.1053e+03	 1.4188e+03	-6.4174e+00
 4.9879e+05	 3.8582e+03	-2.4022e+00	 4.7283e+01	 3.6317e+02	 3.9239e+03	 2.9083e+00	 7.6303e+01	-1.5019e+03	 5.0804e-02
 7.4818e+05	 3.8582e+03	 3.5417e+00	 4.0417e-01	 3.6316e+02	 3.9305e+03	-8.3490e+01	 5.9510e+03	 6.7913e+02	-8.7627e+00
 9.0000e+05	 3.8582e+03	 3.4905e+00	 3.6776e-01	 3.6316e+02	 3.9386e+03	-8.3986e+01	 5.4371e+03	 5.7285e+02	-9.4913e+00
 1.0000e+02	 3.9359e+03	 6.0631e+00	 1.6699e-01	 3.6315e+02	 3.9464e+03	-8.8422e+01	 1.0777e+08	 2.9681e+06	-3.6309e+01
 1.5000e+02	 3.9359e+03	 6.0256e+00	 1.9007e-01	 3.6315e+02	 3.9491e+03	-8.8193e+01	 6.3119e+07	 1.9910e+06	-3.1701e+01
 2.2500e+02	 3.9359e+03	 5.9799e+00	 2.1499e-01	 3.6315e+02	 3.9516e+03	-8.7941e+01	 3.7203e+07	 1.3375e+06	-2.7816e+01
 3.3750e+02	 3.9359e+03	 5.9243e+00	 2.4543e-01	 3.6315e+02	 3.9540e+03	-8.7628e+01	 2.1725e+07	 9.0003e+05	-2.4138e+01
 5.0625e+02	 3.9359e+03	 5.8582e+00	 2.7686e-01	 3.6315e+02	 3.9567e+03	-8.7294e+01	 1.2839e+07	 6.0679e+05	-2.1159e+01
 7.5938e+02	 3.9359e+03	 5.7828e+00	 3.0786e-01	 3.6316e+02	 3.9593e+03	-8.6953e+01	 7.6976e+06	 4.0980e+05	-1.8784e+01
 1.1391e+03	 3.9359e+03	 5.6988e+00	 3.3789e-01	 3.6316e+02	 3.9621e+03	-8.6607e+01	 4.6757e+06	 2.7723e+05	-1.6866e+01
 1.7086e+03	 3.9359e+03	 5.6067e+00	 3.6719e-01	 3.6316e+02	 3.9646e+03	-8.6253e+01	 2.8684e+06	 1.8786e+05	-1.5269e+01
 2.5629e+03	 3.9359e+03	 5.5074e+00	 3.9523e-01	 3.6316e+02	 3.9673e+03	-8.5895e+01	 1.7766e+06	 1.2749e+05	-1.3935e+01
 3.8443e+03	 3.9359e+03	 5.4005e+00	 4.2210e-01	 3.6316e+02	 3.9698e+03	-8.5531e+01	 1.1090e+06	 8.6679e+04	-1.2794e+01
 5.7665e+03	 3.9359e+03	 5.2865e+00	 4.4741e-01	 3.6315e+02	 3.9722e+03	-8.5162e+01	 6.9751e+05	 5.9032e+04	-1.1816e+01
 8.6498e+03	 3.9359e+03	 5.1662e+00	 4.7116e-01	 3.6315e+02	 3.9748e+03	-8.4789e+01	 4.4157e+05	 4.0271e+04	-1.0965e+01
 1.2975e+04	 3.9359e+03	 5.0409e+00	 4.9356e-01	 3.6316e+02	 3.9772e+03	-8.4408e+01	 2.8102e+05	 2.7515e+04	-1.0213e+01
 1.9462e+04	 3.9359e+03	 4.9100e+00	 5.1512e-01	 3.6316e+02	 3.9798e+03	-8.4011e+01	 1.7950e+05	 1.8832e+04	-9.5318e+00
 2.9193e+04	 3.9359e+03	 4.7740e+00	 5.3695e-01	 3.6316e+02	 3.9826e+03	-8.3583e+01	 1.1480e+05	 1.2913e+04	-8.8909e+00
 4.3789e+04	 3.9359e+03	 4.6322e+00	 5.5997e-01	 3.6316e+02	 3.9850e+03	-8.3107e+01	 7.3390e+04	 8.8719e+03	-8.2722e+00
 6.5684e+04	 3.9359e+03	 4.5000e+00	 5.8410e-01	 3.6316e+02	 3.9876e+03	-8.2604e+01	 4.6906e+04	 6.0884e+03	-7.7041e+00
 9.8526e+04	 3.9359e+03	 4.3384e+00	 6.0473e-01	 3.6317e+02	 3.9901e+03	-8.2065e+01	 3.0203e+04	 4.2100e+03	-7.1741e+00
 1.4779e+05	 3.9359e+03	 4.1662e+00	 6.1711e-01	 3.6316e+02	 3.9929e+03	-8.1574e+01	 1.9732e+04	 2.9227e+03	-6.7512e+00
 2.2168e+05	 3.9359e+03	 3.9867e+00	 6.1445e-01	 3.6316e+02	 3.9954e+03	-8.1238e+01	 1.3211e+04	 2.0362e+03	-6.4882e+00
 3.3253e+05	 3.9359e+03	 3.8078e+00	 5.9089e-01	 3.6317e+02	 3.9982e+03	-8.1179e+01	 9.1588e+03	 1.4212e+03	-6.4442e+00
 4.9879e+05	 3.9359e+03	-2.3656e+00	 4.7208e+01	 3.6317e+02	 4.0009e+03	 2.8687e+00	 7.6425e+01	-1.5251e+03	 5.0110e-02
 7.4818e+05	 3.9359e+03	 3.5368e+00	 4.0243e-01	 3.6317e+02	 4.0074e+03	-8.3509e+01	 5.9769e+03	 6.8006e+02	-8.7887e+00
 9.0000e+05	 3.9359e+03	 3.4860e+00	 3.6674e-01	 3.6315e+02	 4.0153e+03	-8.3994e+01	 5.4521e+03	 5.7359e+02	-9.5051e+00
 1.0000e+02	 4.0126e+03	 6.0615e+00	 1.6877e-01	 3.6313e+02	 4.0230e+03	-8.8405e+01	 1.0663e+08	 2.9688e+06	-3.5916e+01
 1.5000e+02	 4.0126e+03	 6.0250e+00	 1.9098e-01	 3.6313e+02	 4.0255e+03	-8.8184e+01	 6.2819e+07	 1.9912e+06	-3.1548e+01
 2.2500e+02	 4.0126e+03	 5.9774e+00	 2.1776e-01	 3.6313e+02	 4.0282e+03	-8.7914e+01	 3.6729e+07	 1.3380e+06	-2.7449e+01
 3.3750e+02	 4.0126e+03	 5.9207e+00	 2.4852e-01	 3.6313e+02	 4.0306e+03	-8.7596e+01	 2.1455e+07	 9.0058e+05	-2.3824e+01
 5.0625e+02	 4.0126e+03	 5.8537e+00	 2.8045e-01	 3.6313e+02	 4.0334e+03	-8.7257e+01	 1.2675e+07	 6.0726e+05	-2.0873e+01
 7.5938e+02	 4.0126e+03	 5.7770e+00	 3.1167e-01	 3.6314e+02	 4.0359e+03	-8.6912e+01	 7.6036e+06	 4.1021e+05	-1.8536e+01
 1.1391e+03	 4.0126e+03	 5.6922e+00	 3.4145e-01	 3.6314e+02	 4.0386e+03	-8.6567e+01	 4.6270e+06	 2.7755e+05	-1.6671e+01
 1.7086e+03	 4.0126e+03	 5.5990e+00	 3.7041e-01	 3.6314e+02	 4.0412e+03	-8.6215e+01	 2.8435e+06	 1.8811e+05	-1.5116e+01
 2.5629e+03	 4.0126e+03	 5.4986e+00	 3.9817e-01	 3.6315e+02	 4.0439e+03	-8.5858e+01	 1.7635e+06	 1.2770e+05	-1.3810e+01
 3.8443e+03	 4.0126e+03	 5.3911e+00	 4.2468e-01	 3.6316e+02	 4.0464e+03	-8.5496e+01	 1.1023e+06	 8.6830e+04	-1.2695e+01
 5.7665e+03	 4.0126e+03	 5.2766e+00	 4.4937e-01	 3.6316e+02	 4.0489e+03	-8.5132e+01	 6.9447e+05	 5.9143e+04	-1.1742e+01
 8.6498e+03	 4.0126e+03	 5.1561e+00	 4.7254e-01	 3.6316e+02	 4.0516e+03	-8.4764e+01	 4.4027e+05	 4.0350e+04	-1.0911e+01
 1.2975e+04	 4.0126e+03	 5.0304e+00	 4.9409e-01	 3.6316e+02	 4.0540e+03	-8.4390e+01	 2.8072e+05	 2.7572e+04	-1.0181e+01
 1.9462e+04	 4.0126e+03	 4.8994e+00	 5.1525e-01	 3.6316e+02	 4.0569e+03	-8.3996e+01	 1.7946e+05	 1.8873e+04	-9.5088e+00
 2.9193e+04	 4.0126e+03	 4.7633e+00	 5.3652e-01	 3.6316e+02	 4.0594e+03	-8.3574e+01	 1.1490e+05	 1.2941e+04	-8.8782e+00
 4.3789e+04	 4.0126e+03	 4.6213e+00	 5.5913e-01	 3.6314e+02	 4.0622e+03	-8.3101e+01	 7.3501e+04	 8.8927e+03	-8.2653e+00
 6.5684e+04	 4.0126e+03	 4.4889e+00	 5.8277e-01	 3.6313e+02	 4.0647e+03	-8.2603e+01	 4.7013e+04	 6.1033e+03	-7.7028e+00
 9.8526e+04	 4.0126e+03	 4.3276e+00	 6.0260e-01	 3.6314e+02	 4.0674e+03	-8.2073e+01	 3.0310e+04	 4.2205e+03	-7.1816e+00
 1.4779e+05	 4.0126e+03	 4.1559e+00	 6.1421e-01	 3.6313e+02	 4.0700e+03	-8.1593e+01	 1.9825e+04	 2.9299e+03	-6.7663e+00
 2.2168e+05	 4.0126e+03	 3.9775e+00	 6.1091e-01	 3.6313e+02	 4.0729e+03	-8.1268e+01	 1.3288e+04	 2.0409e+03	-6.5107e+00
 3.3253e+05	 4.0126e+03	 3.7999e+00	 5.8697e-01	 3.6313e+02	 4.0753e+03	-8.1219e+01	 9.2199e+03	 1.4242e+03	-6.4737e+00
 4.9879e+05	 4.0126e+03	-2.3239e+00	 4.7120e+01	 3.6314e+02	 4.0781e+03	 2.8234e+00	 7.6568e+01	-1.5525e+03	 4.9318e-02
 7.4818e+05	 4.0126e+03	 3.5314e+00	 4.0047e-01	 3.6314e+02	 4.0848e+03	-8.3530e+01	 6.0061e+03	 6.8110e+02	-8.8181e+00
 9.0000e+05	 4.0126e+03	 3.4815e+00	 3.6538e-01	 3.6315e+02	 4.0924e+03	-8.4009e+01	 5.4724e+03	 5.7433e+02	-9.5283e+00
 1.0000e+02	 4.0897e+03	 6.0610e+00	 1.7028e-01	 3.6315e+02	 4.1006e+03	-8.8391e+01	 1.0568e+08	 2.9691e+06	-3.5595e+01
 1.5000e+02	 4.0897e+03	 6.0239e+00	 1.9076e-01	 3.6315e+02	 4.1030e+03	-8.8186e+01	 6.2890e+07	 1.9916e+06	-3.1578e+01
 2.2500e+02	 4.0897e+03	 5.9758e+00	 2.1994e-01	 3.6314e+02	 4.1055e+03	-8.7892e+01	 3.6365e+07	 1.3384e+06	-2.7170e+01
 3.3750e+02	 4.0897e+03	 5.9183e+00	 2.5135e-01	 3.6315e+02	 4.1080e+03	-8.7568e+01	 2.1214e+07	 9.0094e+05	-2.3546e+01
 5.0625e+02	 4.0897e+03	 5.8502e+00	 2.8356e-01	 3.6314e+02	 4.1104e+03	-8.7225e+01	 1.2536e+07	 6.0763e+05	-2.0631e+01
 7.5938e+02	 4.0897e+03	 5.7724e+00	 3.1486e-01	 3.6315e+02	 4.1131e+03	-8.6878e+01	 7.5264e+06	 4.1054e+05	-1.8333e+01
 1.1391e+03	 4.0897e+03	 5.6864e+00	 3.4526e-01	 3.6314e+02	 4.1156e+03	-8.6525e+01	 4.5758e+06	 2.7783e+05	-1.6470e+01
 1.7086e+03	 4.0897e+03	 5.5922e+00	 3.7347e-01	 3.6315e+02	 4.1182e+03	-8.6179e+01	 2.8202e+06	 1.8834e+05	-1.4974e+01
 2.5629e+03	 4.0897e+03	 5.4907e+00	 4.0117e-01	 3.6315e+02	 4.1208e+03	-8.5821e+01	 1.7503e+06	 1.2788e+05	-1.3687e+01
 3.8443e+03	 4.0897e+03	 5.3824e+00	 4.2701e-01	 3.6315e+02	 4.1232e+03	-8.5464e+01	 1.0963e+06	 8.6971e+04	-1.2605e+01
 5.7665e+03	 4.0897e+03	 5.2671e+00	 4.5124e-01	 3.6315e+02	 4.1259e+03	-8.5103e+01	 6.9160e+05	 5.9249e+04	-1.1673e+01
 8.6498e+03	 4.0897e+03	 5.1461e+00	 4.7376e-01	 3.6316e+02	 4.1284e+03	-8.4740e+01	 4.3914e+05	 4.0429e+04	-1.0862e+01
 1.2975e+04	 4.0897e+03	 5.0204e+00	 4.9496e-01	 3.6316e+02	 4.1311e+03	-8.4369e+01	 2.8022e+05	 2.7627e+04	-1.0143e+01
 1.9462e+04	 4.0897e+03	 4.8894e+00	 5.1539e-01	 3.6317e+02	 4.1337e+03	-8.3983e+01	 1.7941e+05	 1.8911e+04	-9.4869e+00
 2.9193e+04	 4.0897e+03	 4.7538e+00	 5.3648e-01	 3.6317e+02	 4.1364e+03	-8.3561e+01	 1.1490e+05	 1.2967e+04	-8.8611e+00
 4.3789e+04	 4.0897e+03	 4.6122e+00	 5.5836e-01	 3.6317e+02	 4.1389e+03	-8.3097e+01	 7.3602e+04	 8.9102e+03	-8.2603e+00
 6.5684e+04	 4.0897e+03	 4.4805e+00	 5.8161e-01	 3.6317e+02	 4.1413e+03	-8.2604e+01	 4.7106e+04	 6.1148e+03	-7.7036e+00
 9.8526e+04	 4.0897e+03	 4.3198e+00	 6.0093e-01	 3.6317e+02	 4.1441e+03	-8.2080e+01	 3.0394e+04	 4.2282e+03	-7.1885e+00
 1.4779e+05	 4.0897e+03	 4.1488e+00	 6.1187e-01	 3.6317e+02	 4.1465e+03	-8.1610e+01	 1.9901e+04	 2.9350e+03	-6.7806e+00
 2.2168e+05	 4.0897e+03	 3.9713e+00	 6.0817e-01	 3.6317e+02	 4.1491e+03	-8.1293e+01	 1.3348e+04	 2.0441e+03	-6.5299e+00
 3.3253e+05	 4.0897e+03	 3.7949e+00	 5.8408e-01	 3.6317e+02	 4.1516e+03	-8.1250e+01	 9.2655e+03	 1.4261e+03	-6.4972e+00
 4.9879e+05	 4.0897e+03	-2.2944e+00	 4.7064e+01	 3.6317e+02	 4.1542e+03	 2.7909e+00	 7.6659e+01	-1.5725e+03	 4.8750e-02
 7.4818e+05	 4.0897e+03	 3.5275e+00	 3.9896e-01	 3.6316e+02	 4.1611e+03	-8.3547e+01	 6.0289e+03	 6.8186e+02	-8.8419e+00
 9.0000e+05	 4.0897e+03	 3.4771e+00	 3.6544e-01	 3.6315e+02	 4.1686e+03	-8.4000e+01	 5.4716e+03	 5.7505e+02	-9.5149e+00
 1.0000e+02	 4.1659e+03	 6.0593e+00	 1.7179e-01	 3.6313e+02	 4.1770e+03	-8.8376e+01	 1.0475e+08	 2.9699e+06	-3.5271e+01
 1.5000e+02	 4.1659e+03	 6.0198e+00	 1.9567e-01	 3.6313e+02	 4.1794e+03	-8.8138e+01	 6.1314e+07	 1.9930e+06	-3.0766e+01
 2.2500e+02	 4.1659e+03	 5.9730e+00	 2.2272e-01	 3.6313e+02	 4.1821e+03	-8.7865e+01	 3.5911e+07	 1.3390e+06	-2.6819e+01
 3.3750e+02	 4.1659e+03	 5.9147e+00	 2.5445e-01	 3.6314e+02	 4.1846e+03	-8.7537e+01	 2.0955e+07	 9.0149e+05	-2.3245e+01
 5.0625e+02	 4.1659e+03	 5.8456e+00	 2.8679e-01	 3.6313e+02	 4.1870e+03	-8.7191e+01	 1.2395e+07	 6.0810e+05	-2.0383e+01
 7.5938e+02	 4.1659e+03	 5.7670e+00	 3.1824e-01	 3.6312e+02	 4.1896e+03	-8.6841e+01	 7.4465e+06	 4.1093e+05	-1.8121e+01
 1.1391e+03	 4.1659e+03	 5.6796e+00	 3.4856e-01	 3.6312e+02	 4.1921e+03	-8.6488e+01	 4.5326e+06	 2.7817e+05	-1.6294e+01
 1.7086e+03	 4.1659e+03	 5.5844e+00	 3.7672e-01	 3.6313e+02	 4.1949e+03	-8.6141e+01	 2.7958e+06	 1.8861e+05	-1.4824e+01
 2.5629e+03	 4.1659e+03	 5.4819e+00	 4.0408e-01	 3.6313e+02	 4.1974e+03	-8.5784e+01	 1.7377e+06	 1.2809e+05	-1.3566e+01
 3.8443e+03	 4.1659e+03	 5.3726e+00	 4.2924e-01	 3.6313e+02	 4.2001e+03	-8.5432e+01	 1.0905e+06	 8.7130e+04	-1.2516e+01
 5.7665e+03	 4.1659e+03	 5.2569e+00	 4.5310e-01	 3.6314e+02	 4.2026e+03	-8.5074e+01	 6.8875e+05	 5.9364e+04	-1.1602e+01
 8.6498e+03	 4.1659e+03	 5.1358e+00	 4.7500e-01	 3.6315e+02	 4.2051e+03	-8.4716e+01	 4.3799e+05	 4.0510e+04	-1.0812e+01
 1.2975e+04	 4.1659e+03	 5.0100e+00	 4.9546e-01	 3.6315e+02	 4.2078e+03	-8.4352e+01	 2.7994e+05	 2.7685e+04	-1.0112e+01
 1.9462e+04	 4.1659e+03	 4.8791e+00	 5.1560e-01	 3.6316e+02	 4.2103e+03	-8.3968e+01	 1.7934e+05	 1.8952e+04	-9.4628e+00
 2.9193e+04	 4.1659e+03	 4.7436e+00	 5.3616e-01	 3.6316e+02	 4.2131e+03	-8.3551e+01	 1.1497e+05	 1.2995e+04	-8.8473e+00
 4.3789e+04	 4.1659e+03	 4.6023e+00	 5.5776e-01	 3.6317e+02	 4.2155e+03	-8.3090e+01	 7.3681e+04	 8.9295e+03	-8.2514e+00
 6.5684e+04	 4.1659e+03	 4.4707e+00	 5.8052e-01	 3.6316e+02	 4.2183e+03	-8.2602e+01	 4.7195e+04	 6.1282e+03	-7.7012e+00
 9.8526e+04	 4.1659e+03	 4.3100e+00	 5.9901e-01	 3.6315e+02	 4.2209e+03	-8.2088e+01	 3.0492e+04	 4.2378e+03	-7.1952e+00
 1.4779e+05	 4.1659e+03	 4.1393e+00	 6.0927e-01	 3.6314e+02	 4.2236e+03	-8.1627e+01	 1.9986e+04	 2.9417e+03	-6.7939e+00
 2.2168e+05	 4.1659e+03	 3.9627e+00	 6.0483e-01	 3.6314e+02	 4.2262e+03	-8.1322e+01	 1.3422e+04	 2.0485e+03	-6.5517e+00
 3.3253e+05	 4.1659e+03	 3.7876e+00	 5.8036e-01	 3.6314e+02	 4.2289e+03	-8.1289e+01	 9.3250e+03	 1.4288e+03	-6.5263e+00
 4.9879e+05	 4.1659e+03	-2.2551e+00	 4.6982e+01	 3.6314e+02	 4.2315e+03	 2.7481e+00	 7.6793e+01	-1.5999e+03	 4.8000e-02
 7.4818e+05	 4.1659e+03	 3.5225e+00	 3.9882e-01	 3.6315e+02	 4.2379e+03	-8.3540e+01	 6.0309e+03	 6.8283e+02	-8.8321e+00
 9.0000e+05	 4.1659e+03	 3.4733e+00	 3.6512e-01	 3.6317e+02	 4.2459e+03	-8.3999e+01	 5.4764e+03	 5.7569e+02	-9.5127e+00
 1.0000e+02	 4.2432e+03	 6.0590e+00	 1.7305e-01	 3.6317e+02	 4.2537e+03	-8.8364e+01	 1.0399e+08	 2.9701e+06	-3.5012e+01
 1.5000e+02	 4.2432e+03	 6.0229e+00	 1.9531e-01	 3.6316e+02	 4.2561e+03	-8.8143e+01	 6.1425e+07	 1.9919e+06	-3.0837e+01
 2.2500e+02	 4.2432e+03	 5.9717e+00	 2.2498e-01	 3.6315e+02	 4.2588e+03	-8.7842e+01	 3.5550e+07	 1.3393e+06	-2.6543e+01
 3.3750e+02	 4.2432e+03	 5.9124e+00	 2.5697e-01	 3.6315e+02	 4.2612e+03	-8.7511e+01	 2.0750e+07	 9.0184e+05	-2.3008e+01
 5.0625e+02	 4.2432e+03	 5.8423e+00	 2.9005e-01	 3.6314e+02	 4.2636e+03	-8.7158e+01	 1.2255e+07	 6.0845e+05	-2.0142e+01
 7.5938e+02	 4.2432e+03	 5.7625e+00	 3.2148e-01	 3.6313e+02	 4.2663e+03	-8.6807e+01	 7.3715e+06	 4.1124e+05	-1.7925e+01
 1.1391e+03	 4.2432e+03	 5.6742e+00	 3.5147e-01	 3.6313e+02	 4.2688e+03	-8.6455e+01	 4.4950e+06	 2.7843e+05	-1.6144e+01
 1.7086e+03	 4.2432e+03	 5.5778e+00	 3.7982e-01	 3.6313e+02	 4.2714e+03	-8.6105e+01	 2.7730e+06	 1.8883e+05	-1.4686e+01
 2.5629e+03	 4.2432e+03	 5.4745e+00	 4.0672e-01	 3.6313e+02	 4.2739e+03	-8.5751e+01	 1.7264e+06	 1.2826e+05	-1.3460e+01
 3.8443e+03	 4.2432e+03	 5.3643e+00	 4.3159e-01	 3.6313e+02	 4.2764e+03	-8.5400e+01	 1.0846e+06	 8.7264e+04	-1.2429e+01
 5.7665e+03	 4.2432e+03	 5.2480e+00	 4.5471e-01	 3.6314e+02	 4.2790e+03	-8.5048e+01	 6.8632e+05	 5.9465e+04	-1.1541e+01
 8.6498e+03	 4.2432e+03	 5.1261e+00	 4.7611e-01	 3.6314e+02	 4.2816e+03	-8.4694e+01	 4.3698e+05	 4.0586e+04	-1.0767e+01
 1.2975e+04	 4.2432e+03	 4.9999e+00	 4.9611e-01	 3.6314e+02	 4.2842e+03	-8.4333e+01	 2.7957e+05	 2.7741e+04	-1.0078e+01
 1.9462e+04	 4.2432e+03	 4.8689e+00	 5.1578e-01	 3.6314e+02	 4.2868e+03	-8.3953e+01	 1.7927e+05	 1.8991e+04	-9.4399e+00
 2.9193e+04	 4.2432e+03	 4.7334e+00	 5.3583e-01	 3.6315e+02	 4.2894e+03	-8.3541e+01	 1.1504e+05	 1.3023e+04	-8.8337e+00
 4.3789e+04	 4.2432e+03	 4.5919e+00	 5.5704e-01	 3.6315e+02	 4.2919e+03	-8.3083e+01	 7.3776e+04	 8.9496e+03	-8.2435e+00
 6.5684e+04	 4.2432e+03	 4.4608e+00	 5.7926e-01	 3.6316e+02	 4.2948e+03	-8.2601e+01	 4.7297e+04	 6.1418e+03	-7.7009e+00
 9.8526e+04	 4.2432e+03	 4.3009e+00	 5.9724e-01	 3.6316e+02	 4.2973e+03	-8.2094e+01	 3.0582e+04	 4.2468e+03	-7.2012e+00
 1.4779e+05	 4.2432e+03	 4.1311e+00	 6.0671e-01	 3.6315e+02	 4.2998e+03	-8.1645e+01	 2.0070e+04	 2.9475e+03	-6.8090e+00
 2.2168e+05	 4.2432e+03	 3.9555e+00	 6.0169e-01	 3.6315e+02	 4.3026e+03	-8.1351e+01	 1.3492e+04	 2.0522e+03	-6.5741e+00
 3.3253e+05	 4.2432e+03	 3.7817e+00	 5.7728e-01	 3.6315e+02	 4.3050e+03	-8.1321e+01	 9.3746e+03	 1.4311e+03	-6.5508e+00
 4.9879e+05	 4.2432e+03	-2.2239e+00	 4.6918e+01	 3.6315e+02	 4.3078e+03	 2.7137e+00	 7.6897e+01	-1.6224e+03	 4.7398e-02
 7.4818e+05	 4.2432e+03	 3.5185e+00	 3.9652e-01	 3.6316e+02	 4.3141e+03	-8.3570e+01	 6.0659e+03	 6.8360e+02	-8.8736e+00
 9.0000e+05	 4.2432e+03	 3.4691e+00	 3.6374e-01	 3.6317e+02	 4.3220e+03	-8.4014e+01	 5.4972e+03	 5.7637e+02	-9.5375e+00
 1.0000e+02	 4.3196e+03	 6.0578e+00	 1.7489e-01	 3.6315e+02	 4.3318e+03	-8.8346e+01	 1.0290e+08	 2.9707e+06	-3.4637e+01
 1.5000e+02	 4.3196e+03	 6.0201e+00	 1.9956e-01	 3.6316e+02	 4.3346e+03	-8.8101e+01	 6.0118e+07	 1.9928e+06	-3.0167e+01
 2.2500e+02	 4.3196e+03	 5.9695e+00	 2.2724e-01	 3.6315e+02	 4.3373e+03	-8.7820e+01	 3.5197e+07	 1.3398e+06	-2.6270e+01
 3.3750e+02	 4.3196e+03	 5.9099e+00	 2.5984e-01	 3.6316e+02	 4.3401e+03	-8.7482e+01	 2.0520e+07	 9.0222e+05	-2.2744e+01
 5.0625e+02	 4.3196e+03	 5.8390e+00	 2.9282e-01	 3.6316e+02	 4.3427e+03	-8.7129e+01	 1.2140e+07	 6.0878e+05	-1.9941e+01
 7.5938e+02	 4.3196e+03	 5.7583e+00	 3.2459e-01	 3.6316e+02	 4.3455e+03	-8.6774e+01	 7.3009e+06	 4.1154e+05	-1.7740e+01
 1.1391e+03	 4.3196e+03	 5.6688e+00	 3.5463e-01	 3.6316e+02	 4.3482e+03	-8.6420e+01	 4.4550e+06	 2.7869e+05	-1.5985e+01
 1.7086e+03	 4.3196e+03	 5.5718e+00	 3.8288e-01	 3.6315e+02	 4.3511e+03	-8.6069e+01	 2.7509e+06	 1.8903e+05	-1.4552e+01
 2.5629e+03	 4.3196e+03	 5.4674e+00	 4.0953e-01	 3.6316e+02	 4.3540e+03	-8.5716e+01	 1.7146e+06	 1.2843e+05	-1.3351e+01
 3.8443e+03	 4.3196e+03	 5.3566e+00	 4.3393e-01	 3.6315e+02	 4.3566e+03	-8.5369e+01	 1.0788e+06	 8.7389e+04	-1.2344e+01
 5.7665e+03	 4.3196e+03	 5.2397e+00	 4.5662e-01	 3.6316e+02	 4.3593e+03	-8.5019e+01	 6.8345e+05	 5.9560e+04	-1.1475e+01
 8.6498e+03	 4.3196e+03	 5.1174e+00	 4.7719e-01	 3.6316e+02	 4.3619e+03	-8.4673e+01	 4.3599e+05	 4.0655e+04	-1.0724e+01
 1.2975e+04	 4.3196e+03	 4.9910e+00	 4.9690e-01	 3.6317e+02	 4.3646e+03	-8.4314e+01	 2.7913e+05	 2.7790e+04	-1.0044e+01
 1.9462e+04	 4.3196e+03	 4.8598e+00	 5.1583e-01	 3.6317e+02	 4.3672e+03	-8.3941e+01	 1.7926e+05	 1.9027e+04	-9.4213e+00
 2.9193e+04	 4.3196e+03	 4.7243e+00	 5.3560e-01	 3.6317e+02	 4.3700e+03	-8.3532e+01	 1.1509e+05	 1.3048e+04	-8.8205e+00
 4.3789e+04	 4.3196e+03	 4.5829e+00	 5.5628e-01	 3.6317e+02	 4.3725e+03	-8.3079e+01	 7.3876e+04	 8.9672e+03	-8.2385e+00
 6.5684e+04	 4.3196e+03	 4.4519e+00	 5.7813e-01	 3.6318e+02	 4.3754e+03	-8.2601e+01	 4.7390e+04	 6.1541e+03	-7.7006e+00
 9.8526e+04	 4.3196e+03	 4.2922e+00	 5.9537e-01	 3.6318e+02	 4.3780e+03	-8.2103e+01	 3.0678e+04	 4.2554e+03	-7.2093e+00
 1.4779e+05	 4.3196e+03	 4.1230e+00	 6.0419e-01	 3.6318e+02	 4.3806e+03	-8.1663e+01	 2.0154e+04	 2.9533e+03	-6.8240e+00
 2.2168e+05	 4.3196e+03	 3.9486e+00	 5.9882e-01	 3.6316e+02	 4.3833e+03	-8.1377e+01	 1.3556e+04	 2.0559e+03	-6.5939e+00
 3.3253e+05	 4.3196e+03	 3.7758e+00	 5.7401e-01	 3.6317e+02	 4.3861e+03	-8.1356e+01	 9.4282e+03	 1.4333e+03	-6.5780e+00
 4.9879e+05	 4.3196e+03	-2.1905e+00	 4.6851e+01	 3.6318e+02	 4.3893e+03	 2.6769e+00	 7.7007e+01	-1.6470e+03	 4.6754e-02
 7.4818e+05	 4.3196e+03	 3.5143e+00	 3.9462e-01	 3.6317e+02	 4.3960e+03	-8.3593e+01	 6.0951e+03	 6.8442e+02	-8.9055e+00
 9.0000e+05	 4.3196e+03	 3.4655e+00	 3.6081e-01	 3.6317e+02	 4.4039e+03	-8.4056e+01	 5.5418e+03	 5.7698e+02	-9.6048e+00
 1.0000e+02	 4.4012e+03	 6.0566e+00	 1.7642e-01	 3.6316e+02	 4.4123e+03	-8.8332e+01	 1.0201e+08	 2.9712e+06	-3.4331e+01
 1.5000e+02	 4.4012e+03	 6.0153e+00	 2.0302e-01	 3.6315e+02	 4.4148e+03	-8.8067e+01	 5.9094e+07	 1.9944e+06	-2.9629e+01
 2.2500e+02	 4.4012e+03	 5.9669e+00	 2.3018e-01	 3.6314e+02	 4.4176e+03	-8.7791e+01	 3.4747e+07	 1.3404e+06	-2.5923e+01
 3.3750e+02	 4.4012e+03	 5.9060e+00	 2.6302e-01	 3.6314e+02	 4.4200e+03	-8.7450e+01	 2.0273e+07	 9.0282e+05	-2.2455e+01
 5.0625e+02	 4.4012e+03	 5.8342e+00	 2.9635e-01	 3.6313e+02	 4.4225e+03	-8.7092e+01	 1.1995e+07	 6.0929e+05	-1.9687e+01
 7.5938e+02	 4.4012e+03	 5.7521e+00	 3.2819e-01	 3.6313e+02	 4.4250e+03	-8.6734e+01	 7.2208e+06	 4.1199e+05	-1.7527e+01
 1.1391e+03	 4.4012e+03	 5.6616e+00	 3.5800e-01	 3.6312e+02	 4.4274e+03	-8.6382e+01	 4.4130e+06	 2.7905e+05	-1.5814e+01
 1.7086e+03	 4.4012e+03	 5.5628e+00	 3.8616e-01	 3.6311e+02	 4.4300e+03	-8.6029e+01	 2.7275e+06	 1.8934e+05	-1.4405e+01
 2.5629e+03	 4.4012e+03	 5.4576e+00	 4.1217e-01	 3.6311e+02	 4.4326e+03	-8.5681e+01	 1.7036e+06	 1.2866e+05	-1.3241e+01
 3.8443e+03	 4.4012e+03	 5.3455e+00	 4.3619e-01	 3.6310e+02	 4.4354e+03	-8.5335e+01	 1.0732e+06	 8.7570e+04	-1.2255e+01
 5.7665e+03	 4.4012e+03	 5.2277e+00	 4.5817e-01	 3.6310e+02	 4.4378e+03	-8.4991e+01	 6.8112e+05	 5.9696e+04	-1.1410e+01
 8.6498e+03	 4.4012e+03	 5.1050e+00	 4.7832e-01	 3.6310e+02	 4.4406e+03	-8.4647e+01	 4.3496e+05	 4.0754e+04	-1.0673e+01
 1.2975e+04	 4.4012e+03	 4.9784e+00	 4.9713e-01	 3.6310e+02	 4.4431e+03	-8.4298e+01	 2.7900e+05	 2.7860e+04	-1.0014e+01
 1.9462e+04	 4.4012e+03	 4.8473e+00	 5.1584e-01	 3.6310e+02	 4.4456e+03	-8.3926e+01	 1.7925e+05	 1.9076e+04	-9.3969e+00
 2.9193e+04	 4.4012e+03	 4.7120e+00	 5.3509e-01	 3.6311e+02	 4.4482e+03	-8.3521e+01	 1.1520e+05	 1.3082e+04	-8.8059e+00
 4.3789e+04	 4.4012e+03	 4.5902e+00	 5.5637e-01	 3.6313e+02	 4.4507e+03	-8.3089e+01	 7.3865e+04	 8.9530e+03	-8.2503e+00
 6.5684e+04	 4.4012e+03	 4.4402e+00	 5.7667e-01	 3.6313e+02	 4.4534e+03	-8.2600e+01	 4.7509e+04	 6.1703e+03	-7.6997e+00
 9.8526e+04	 4.4012e+03	 4.2812e+00	 5.9332e-01	 3.6313e+02	 4.4559e+03	-8.2110e+01	 3.0784e+04	 4.2663e+03	-7.2156e+00
 1.4779e+05	 4.4012e+03	 4.1131e+00	 6.0141e-01	 3.6314e+02	 4.4584e+03	-8.1681e+01	 2.0247e+04	 2.9604e+03	-6.8392e+00
 2.2168e+05	 4.4012e+03	 3.9401e+00	 5.9539e-01	 3.6315e+02	 4.4610e+03	-8.1407e+01	 1.3634e+04	 2.0603e+03	-6.6176e+00
 3.3253e+05	 4.4012e+03	 3.7690e+00	 5.7058e-01	 3.6315e+02	 4.4634e+03	-8.1391e+01	 9.4848e+03	 1.4359e+03	-6.6055e+00
 4.9879e+05	 4.4012e+03	-2.1564e+00	 4.6780e+01	 3.6316e+02	 4.4664e+03	 2.6393e+00	 7.7124e+01	-1.6731e+03	 4.6097e-02
 7.4818e+05	 4.4012e+03	 3.5102e+00	 3.9223e-01	 3.6317e+02	 4.4732e+03	-8.3624e+01	 6.1323e+03	 6.8523e+02	-8.9493e+00
 9.0000e+05	 4.4012e+03	 3.4618e+00	 3.5982e-01	 3.6317e+02	 4.4810e+03	-8.4066e+01	 5.5570e+03	 5.7760e+02	-9.6209e+00
 1.0000e+02	 4.4782e+03	 6.0560e+00	 1.7757e-01	 3.6318e+02	 4.4888e+03	-8.8320e+01	 1.0135e+08	 2.9716e+06	-3.4105e+01
 1.5000e+02	 4.4782e+03	 6.0160e+00	 2.0163e-01	 3.6317e+02	 4.4912e+03	-8.8080e+01	 5.9500e+07	 1.9942e+06	-2.9836e+01
 2.2500e+02	 4.4782e+03	 5.9658e+00	 2.3196e-01	 3.6318e+02	 4.4940e+03	-8.7773e+01	 3.4481e+07	 1.3406e+06	-2.5719e+01
 3.3750e+02	 4.4782e+03	 5.9046e+00	 2.6518e-01	 3.6317e+02	 4.4965e+03	-8.7428e+01	 2.0107e+07	 9.0304e+05	-2.2266e+01
 5.0625e+02	 4.4782e+03	 5.8323e+00	 2.9905e-01	 3.6317e+02	 4.4992e+03	-8.7065e+01	 1.1886e+07	 6.0949e+05	-1.9502e+01
 7.5938e+02	 4.4782e+03	 5.7493e+00	 3.3084e-01	 3.6318e+02	 4.5018e+03	-8.6707e+01	 7.1631e+06	 4.1219e+05	-1.7378e+01
 1.1391e+03	 4.4782e+03	 5.6580e+00	 3.6111e-01	 3.6317e+02	 4.5046e+03	-8.6348e+01	 4.3750e+06	 2.7923e+05	-1.5668e+01
 1.7086e+03	 4.4782e+03	 5.5587e+00	 3.8872e-01	 3.6316e+02	 4.5071e+03	-8.6000e+01	 2.7095e+06	 1.8948e+05	-1.4300e+01
 2.5629e+03	 4.4782e+03	 5.4526e+00	 4.1440e-01	 3.6316e+02	 4.5098e+03	-8.5654e+01	 1.6944e+06	 1.2878e+05	-1.3158e+01
 3.8443e+03	 4.4782e+03	 5.3402e+00	 4.3822e-01	 3.6316e+02	 4.5122e+03	-8.5309e+01	 1.0682e+06	 8.7658e+04	-1.2186e+01
 5.7665e+03	 4.4782e+03	 5.2220e+00	 4.5968e-01	 3.6315e+02	 4.5147e+03	-8.4969e+01	 6.7889e+05	 5.9761e+04	-1.1360e+01
 8.6498e+03	 4.4782e+03	 5.0990e+00	 4.7944e-01	 3.6316e+02	 4.5172e+03	-8.4629e+01	 4.3394e+05	 4.0802e+04	-1.0635e+01
 1.2975e+04	 4.4782e+03	 4.9720e+00	 4.9778e-01	 3.6316e+02	 4.5197e+03	-8.4283e+01	 2.7863e+05	 2.7896e+04	-9.9884e+00
 1.9462e+04	 4.4782e+03	 4.8408e+00	 5.1604e-01	 3.6316e+02	 4.5225e+03	-8.3915e+01	 1.7918e+05	 1.9102e+04	-9.3806e+00
 2.9193e+04	 4.4782e+03	 4.7051e+00	 5.3499e-01	 3.6316e+02	 4.5251e+03	-8.3513e+01	 1.1523e+05	 1.3101e+04	-8.7949e+00
 4.3789e+04	 4.4782e+03	 4.5834e+00	 5.5602e-01	 3.6316e+02	 4.5279e+03	-8.3083e+01	 7.3911e+04	 8.9662e+03	-8.2433e+00
 6.5684e+04	 4.4782e+03	 4.4334e+00	 5.7569e-01	 3.6316e+02	 4.5303e+03	-8.2601e+01	 4.7590e+04	 6.1798e+03	-7.7010e+00
 9.8526e+04	 4.4782e+03	 4.2743e+00	 5.9187e-01	 3.6315e+02	 4.5331e+03	-8.2116e+01	 3.0860e+04	 4.2732e+03	-7.2217e+00
 1.4779e+05	 4.4782e+03	 4.1065e+00	 5.9930e-01	 3.6316e+02	 4.5356e+03	-8.1697e+01	 2.0318e+04	 2.9652e+03	-6.8521e+00
 2.2168e+05	 4.4782e+03	 3.9339e+00	 5.9265e-01	 3.6316e+02	 4.5384e+03	-8.1433e+01	 1.3697e+04	 2.0635e+03	-6.6377e+00
 3.3253e+05	 4.4782e+03	 3.7636e+00	 5.6763e-01	 3.6316e+02	 4.5408e+03	-8.1423e+01	 9.5340e+03	 1.4379e+03	-6.6303e+00
 4.9879e+05	 4.4782e+03	-2.1242e+00	 4.6717e+01	 3.6316e+02	 4.5435e+03	 2.6034e+00	 7.7229e+01	-1.6985e+03	 4.5470e-02
 7.4818e+05	 4.4782e+03	 3.5058e+00	 3.9088e-01	 3.6316e+02	 4.5503e+03	-8.3638e+01	 6.1534e+03	 6.8608e+02	-8.9690e+00
 9.0000e+05	 4.4782e+03	 3.4576e+00	 3.5776e-01	 3.6315e+02	 4.5579e+03	-8.4092e+01	 5.5890e+03	 5.7830e+02	-9.6644e+00
 1.0000e+02	 4.5552e+03	 6.0542e+00	 1.7912e-01	 3.6315e+02	 4.5661e+03	-8.8305e+01	 1.0047e+08	 2.9724e+06	-3.3799e+01
 1.5000e+02	 4.5552e+03	 6.0138e+00	 2.0393e-01	 3.6315e+02	 4.5686e+03	-8.8058e+01	 5.8830e+07	 1.9949e+06	-2.9490e+01
 2.2500e+02	 4.5552e+03	 5.9627e+00	 2.3503e-01	 3.6314e+02	 4.5710e+03	-8.7743e+01	 3.4029e+07	 1.3414e+06	-2.5369e+01
 3.3750e+02	 4.5552e+03	 5.9004e+00	 2.6861e-01	 3.6315e+02	 4.5736e+03	-8.7393e+01	 1.9850e+07	 9.0368e+05	-2.1966e+01
 5.0625e+02	 4.5552e+03	 5.8268e+00	 3.0235e-01	 3.6314e+02	 4.5760e+03	-8.7030e+01	 1.1757e+07	 6.1006e+05	-1.9272e+01
 7.5938e+02	 4.5552e+03	 5.7428e+00	 3.3440e-01	 3.6314e+02	 4.5789e+03	-8.6667e+01	 7.0867e+06	 4.1266e+05	-1.7173e+01
 1.1391e+03	 4.5552e+03	 5.6501e+00	 3.6429e-01	 3.6314e+02	 4.5813e+03	-8.6311e+01	 4.3369e+06	 2.7962e+05	-1.5510e+01
 1.7086e+03	 4.5552e+03	 5.5502e+00	 3.9175e-01	 3.6314e+02	 4.5840e+03	-8.5963e+01	 2.6886e+06	 1.8977e+05	-1.4168e+01
 2.5629e+03	 4.5552e+03	 5.4433e+00	 4.1709e-01	 3.6314e+02	 4.5868e+03	-8.5618e+01	 1.6835e+06	 1.2900e+05	-1.3051e+01
 3.8443e+03	 4.5552e+03	 5.3302e+00	 4.4038e-01	 3.6313e+02	 4.5895e+03	-8.5277e+01	 1.0630e+06	 8.7823e+04	-1.2104e+01
 5.7665e+03	 4.5552e+03	 5.2115e+00	 4.6125e-01	 3.6314e+02	 4.5920e+03	-8.4942e+01	 6.7658e+05	 5.9882e+04	-1.1299e+01
 8.6498e+03	 4.5552e+03	 5.0882e+00	 4.8032e-01	 3.6314e+02	 4.5949e+03	-8.4607e+01	 4.3315e+05	 4.0888e+04	-1.0593e+01
 1.2975e+04	 4.5552e+03	 4.9614e+00	 4.9812e-01	 3.6314e+02	 4.5973e+03	-8.4267e+01	 2.7844e+05	 2.7956e+04	-9.9601e+00
 1.9462e+04	 4.5552e+03	 4.8305e+00	 5.1607e-01	 3.6315e+02	 4.6001e+03	-8.3902e+01	 1.7917e+05	 1.9142e+04	-9.3602e+00
 2.9193e+04	 4.5552e+03	 4.6949e+00	 5.3465e-01	 3.6314e+02	 4.6027e+03	-8.3503e+01	 1.1530e+05	 1.3130e+04	-8.7812e+00
 4.3789e+04	 4.5552e+03	 4.5734e+00	 5.5520e-01	 3.6314e+02	 4.6051e+03	-8.3078e+01	 7.4021e+04	 8.9859e+03	-8.2374e+00
 6.5684e+04	 4.5552e+03	 4.4236e+00	 5.7450e-01	 3.6315e+02	 4.6078e+03	-8.2600e+01	 4.7689e+04	 6.1934e+03	-7.6999e+00
 9.8526e+04	 4.5552e+03	 4.2650e+00	 5.8991e-01	 3.6315e+02	 4.6103e+03	-8.2125e+01	 3.0962e+04	 4.2825e+03	-7.2299e+00
 1.4779e+05	 4.5552e+03	 4.0979e+00	 5.9676e-01	 3.6315e+02	 4.6130e+03	-8.1715e+01	 2.0405e+04	 2.9714e+03	-6.8670e+00
 2.2168e+05	 4.5552e+03	 3.9264e+00	 5.8968e-01	 3.6316e+02	 4.6156e+03	-8.1459e+01	 1.3766e+04	 2.0675e+03	-6.6585e+00
 3.3253e+05	 4.5552e+03	 3.7573e+00	 5.6447e-01	 3.6315e+02	 4.6180e+03	-8.1456e+01	 9.5875e+03	 1.4403e+03	-6.6564e+00
 4.9879e+05	 4.5552e+03	-2.0908e+00	 4.6648e+01	 3.6316e+02	 4.6209e+03	 2.5663e+00	 7.7342e+01	-1.7256e+03	 4.4820e-02
 7.4818e+05	 4.5552e+03	 3.5017e+00	 3.8810e-01	 3.6315e+02	 4.6274e+03	-8.3676e+01	 6.1975e+03	 6.8688e+02	-9.0226e+00
 9.0000e+05	 4.5552e+03	 3.4538e+00	 3.5549e-01	 3.6315e+02	 4.6354e+03	-8.4123e+01	 5.6246e+03	 5.7894e+02	-9.7154e+00
 1.0000e+02	 4.6326e+03	 6.0534e+00	 1.8086e-01	 3.6315e+02	 4.6431e+03	-8.8289e+01	 9.9498e+07	 2.9728e+06	-3.3469e+01
 1.5000e+02	 4.6326e+03	 6.0113e+00	 2.0552e-01	 3.6315e+02	 4.6460e+03	-8.8042e+01	 5.8373e+07	 1.9958e+06	-2.9249e+01
 2.2500e+02	 4.6326e+03	 5.9607e+00	 2.3727e-01	 3.6315e+02	 4.6485e+03	-8.7721e+01	 3.3709e+07	 1.3418e+06	-2.5122e+01
 3.3750e+02	 4.6326e+03	 5.8977e+00	 2.7138e-01	 3.6314e+02	 4.6514e+03	-8.7365e+01	 1.9648e+07	 9.0409e+05	-2.1732e+01
 5.0625e+02	 4.6326e+03	 5.8229e+00	 3.0521e-01	 3.6314e+02	 4.6538e+03	-8.7000e+01	 1.1647e+07	 6.1047e+05	-1.9078e+01
 7.5938e+02	 4.6326e+03	 5.7383e+00	 3.3746e-01	 3.6315e+02	 4.6566e+03	-8.6634e+01	 7.0226e+06	 4.1298e+05	-1.7005e+01
 1.1391e+03	 4.6326e+03	 5.6451e+00	 3.6757e-01	 3.6314e+02	 4.6591e+03	-8.6275e+01	 4.2981e+06	 2.7986e+05	-1.5358e+01
 1.7086e+03	 4.6326e+03	 5.5442e+00	 3.9439e-01	 3.6314e+02	 4.6619e+03	-8.5931e+01	 2.6706e+06	 1.8997e+05	-1.4058e+01
 2.5629e+03	 4.6326e+03	 5.4366e+00	 4.1935e-01	 3.6314e+02	 4.6644e+03	-8.5589e+01	 1.6744e+06	 1.2915e+05	-1.2964e+01
 3.8443e+03	 4.6326e+03	 5.3230e+00	 4.4214e-01	 3.6315e+02	 4.6669e+03	-8.5252e+01	 1.0587e+06	 8.7941e+04	-1.2039e+01
 5.7665e+03	 4.6326e+03	 5.2040e+00	 4.6255e-01	 3.6315e+02	 4.6696e+03	-8.4921e+01	 6.7468e+05	 5.9968e+04	-1.1251e+01
 8.6498e+03	 4.6326e+03	 5.0807e+00	 4.8115e-01	 3.6315e+02	 4.6721e+03	-8.4590e+01	 4.3240e+05	 4.0949e+04	-1.0560e+01
 1.2975e+04	 4.6326e+03	 4.9539e+00	 4.9882e-01	 3.6316e+02	 4.6748e+03	-8.4250e+01	 2.7805e+05	 2.7998e+04	-9.9312e+00
 1.9462e+04	 4.6326e+03	 4.8226e+00	 5.1610e-01	 3.6316e+02	 4.6774e+03	-8.3892e+01	 1.7916e+05	 1.9174e+04	-9.3444e+00
 2.9193e+04	 4.6326e+03	 4.6872e+00	 5.3442e-01	 3.6316e+02	 4.6801e+03	-8.3495e+01	 1.1535e+05	 1.3151e+04	-8.7707e+00
 4.3789e+04	 4.6326e+03	 4.5658e+00	 5.5459e-01	 3.6316e+02	 4.6826e+03	-8.3075e+01	 7.4102e+04	 9.0008e+03	-8.2328e+00
 6.5684e+04	 4.6326e+03	 4.4161e+00	 5.7340e-01	 3.6317e+02	 4.6851e+03	-8.2602e+01	 4.7780e+04	 6.2040e+03	-7.7016e+00
 9.8526e+04	 4.6326e+03	 4.2577e+00	 5.8837e-01	 3.6317e+02	 4.6878e+03	-8.2132e+01	 3.1043e+04	 4.2898e+03	-7.2365e+00
 1.4779e+05	 4.6326e+03	 4.0912e+00	 5.9449e-01	 3.6317e+02	 4.6902e+03	-8.1732e+01	 2.0483e+04	 2.9763e+03	-6.8819e+00
 2.2168e+05	 4.6326e+03	 3.9206e+00	 5.8713e-01	 3.6317e+02	 4.6929e+03	-8.1483e+01	 1.3826e+04	 2.0705e+03	-6.6776e+00
 3.3253e+05	 4.6326e+03	 3.7524e+00	 5.6171e-01	 3.6316e+02	 4.6953e+03	-8.1486e+01	 9.6345e+03	 1.4422e+03	-6.6803e+00
 4.9879e+05	 4.6326e+03	-2.0620e+00	 4.6591e+01	 3.6315e+02	 4.6981e+03	 2.5342e+00	 7.7437e+01	-1.7497e+03	 4.4258e-02
 7.4818e+05	 4.6326e+03	 3.4979e+00	 3.8578e-01	 3.6314e+02	 4.7044e+03	-8.3706e+01	 6.2349e+03	 6.8764e+02	-9.0671e+00
 9.0000e+05	 4.6326e+03	 3.4501e+00	 3.5321e-01	 3.6314e+02	 4.7122e+03	-8.4154e+01	 5.6609e+03	 5.7956e+02	-9.7676e+00
 1.0000e+02	 4.7094e+03	 6.0518e+00	 1.8264e-01	 3.6315e+02	 4.7201e+03	-8.8271e+01	 9.8532e+07	 2.9736e+06	-3.3136e+01
 1.5000e+02	 4.7094e+03	 6.0108e+00	 2.0739e-01	 3.6315e+02	 4.7225e+03	-8.8024e+01	 5.7847e+07	 1.9959e+06	-2.8983e+01
 2.2500e+02	 4.7094e+03	 5.9588e+00	 2.3969e-01	 3.6314e+02	 4.7251e+03	-8.7696e+01	 3.3368e+07	 1.3422e+06	-2.4860e+01
 3.3750e+02	 4.7094e+03	 5.8949e+00	 2.7403e-01	 3.6314e+02	 4.7276e+03	-8.7339e+01	 1.9458e+07	 9.0452e+05	-2.1512e+01
 5.0625e+02	 4.7094e+03	 5.8197e+00	 3.0800e-01	 3.6315e+02	 4.7301e+03	-8.6970e+01	 1.1541e+07	 6.1080e+05	-1.8895e+01
 7.5938e+02	 4.7094e+03	 5.7338e+00	 3.4041e-01	 3.6315e+02	 4.7327e+03	-8.6602e+01	 6.9616e+06	 4.1330e+05	-1.6844e+01
 1.1391e+03	 4.7094e+03	 5.6398e+00	 3.6995e-01	 3.6315e+02	 4.7353e+03	-8.6247e+01	 4.2705e+06	 2.8013e+05	-1.5245e+01
 1.7086e+03	 4.7094e+03	 5.5381e+00	 3.9704e-01	 3.6316e+02	 4.7379e+03	-8.5899e+01	 2.6527e+06	 1.9018e+05	-1.3948e+01
 2.5629e+03	 4.7094e+03	 5.4299e+00	 4.2168e-01	 3.6316e+02	 4.7406e+03	-8.5559e+01	 1.6652e+06	 1.2931e+05	-1.2877e+01
 3.8443e+03	 4.7094e+03	 5.3156e+00	 4.4390e-01	 3.6316e+02	 4.7431e+03	-8.5226e+01	 1.0545e+06	 8.8064e+04	-1.1975e+01
 5.7665e+03	 4.7094e+03	 5.1961e+00	 4.6388e-01	 3.6316e+02	 4.7455e+03	-8.4899e+01	 6.7275e+05	 6.0059e+04	-1.1202e+01
 8.6498e+03	 4.7094e+03	 5.0722e+00	 4.8212e-01	 3.6316e+02	 4.7481e+03	-8.4570e+01	 4.3153e+05	 4.1017e+04	-1.0521e+01
 1.2975e+04	 4.7094e+03	 4.9450e+00	 4.9909e-01	 3.6315e+02	 4.7506e+03	-8.4237e+01	 2.7791e+05	 2.8048e+04	-9.9082e+00
 1.9462e+04	 4.7094e+03	 4.8135e+00	 5.1608e-01	 3.6314e+02	 4.7534e+03	-8.3880e+01	 1.7917e+05	 1.9210e+04	-9.3271e+00
 2.9193e+04	 4.7094e+03	 4.6779e+00	 5.3406e-01	 3.6314e+02	 4.7561e+03	-8.3487e+01	 1.1543e+05	 1.3178e+04	-8.7592e+00
 4.3789e+04	 4.7094e+03	 4.5562e+00	 5.5399e-01	 3.6313e+02	 4.7588e+03	-8.3067e+01	 7.4181e+04	 9.0198e+03	-8.2243e+00
 6.5684e+04	 4.7094e+03	 4.4062e+00	 5.7216e-01	 3.6313e+02	 4.7613e+03	-8.2601e+01	 4.7884e+04	 6.2180e+03	-7.7009e+00
 9.8526e+04	 4.7094e+03	 4.2479e+00	 5.8635e-01	 3.6312e+02	 4.7639e+03	-8.2141e+01	 3.1150e+04	 4.2997e+03	-7.2447e+00
 1.4779e+05	 4.7094e+03	 4.0818e+00	 5.9184e-01	 3.6311e+02	 4.7664e+03	-8.1750e+01	 2.0574e+04	 2.9831e+03	-6.8969e+00
 2.2168e+05	 4.7094e+03	 3.9121e+00	 5.8386e-01	 3.6311e+02	 4.7689e+03	-8.1511e+01	 1.3903e+04	 2.0751e+03	-6.7003e+00
 3.3253e+05	 4.7094e+03	 3.7266e+00	 5.5630e-01	 3.6311e+02	 4.7716e+03	-8.1510e+01	 9.7283e+03	 1.4522e+03	-6.6990e+00
 4.9879e+05	 4.7094e+03	-2.0256e+00	 4.6514e+01	 3.6311e+02	 4.7742e+03	 2.4936e+00	 7.7566e+01	-1.7811e+03	 4.3549e-02
 7.4818e+05	 4.7094e+03	 3.4934e+00	 3.8284e-01	 3.6312e+02	 4.7810e+03	-8.3746e+01	 6.2827e+03	 6.8851e+02	-9.1250e+00
 9.0000e+05	 4.7094e+03	 3.4467e+00	 3.5067e-01	 3.6315e+02	 4.7888e+03	-8.4191e+01	 5.7019e+03	 5.8013e+02	-9.8288e+00
 1.0000e+02	 4.7860e+03	 6.0515e+00	 1.8353e-01	 3.6317e+02	 4.7969e+03	-8.8263e+01	 9.8054e+07	 2.9738e+06	-3.2973e+01
 1.5000e+02	 4.7860e+03	 6.0084e+00	 2.1105e-01	 3.6317e+02	 4.7994e+03	-8.7988e+01	 5.6844e+07	 1.9967e+06	-2.8469e+01
 2.2500e+02	 4.7860e+03	 5.9572e+00	 2.4147e-01	 3.6317e+02	 4.8019e+03	-8.7679e+01	 3.3122e+07	 1.3426e+06	-2.4670e+01
 3.3750e+02	 4.7860e+03	 5.8930e+00	 2.7623e-01	 3.6317e+02	 4.8046e+03	-8.7316e+01	 1.9303e+07	 9.0481e+05	-2.1334e+01
 5.0625e+02	 4.7860e+03	 5.8170e+00	 3.1062e-01	 3.6317e+02	 4.8071e+03	-8.6943e+01	 1.1444e+07	 6.1109e+05	-1.8727e+01
 7.5938e+02	 4.7860e+03	 5.7304e+00	 3.4318e-01	 3.6318e+02	 4.8098e+03	-8.6573e+01	 6.9054e+06	 4.1355e+05	-1.6698e+01
 1.1391e+03	 4.7860e+03	 5.6352e+00	 3.7263e-01	 3.6318e+02	 4.8123e+03	-8.6217e+01	 4.2398e+06	 2.8036e+05	-1.5123e+01
 1.7086e+03	 4.7860e+03	 5.5328e+00	 3.9941e-01	 3.6317e+02	 4.8148e+03	-8.5871e+01	 2.6370e+06	 1.9037e+05	-1.3852e+01
 2.5629e+03	 4.7860e+03	 5.4237e+00	 4.2391e-01	 3.6317e+02	 4.8175e+03	-8.5531e+01	 1.6564e+06	 1.2946e+05	-1.2794e+01
 3.8443e+03	 4.7860e+03	 5.3089e+00	 4.4587e-01	 3.6318e+02	 4.8199e+03	-8.5199e+01	 1.0499e+06	 8.8174e+04	-1.1907e+01
 5.7665e+03	 4.7860e+03	 5.1891e+00	 4.6515e-01	 3.6317e+02	 4.8226e+03	-8.4878e+01	 6.7091e+05	 6.0140e+04	-1.1156e+01
 8.6498e+03	 4.7860e+03	 5.0651e+00	 4.8291e-01	 3.6318e+02	 4.8251e+03	-8.4554e+01	 4.3082e+05	 4.1075e+04	-1.0489e+01
 1.2975e+04	 4.7860e+03	 4.9379e+00	 4.9964e-01	 3.6318e+02	 4.8279e+03	-8.4222e+01	 2.7760e+05	 2.8088e+04	-9.8830e+00
 1.9462e+04	 4.7860e+03	 4.8064e+00	 5.1631e-01	 3.6317e+02	 4.8304e+03	-8.3869e+01	 1.7909e+05	 1.9238e+04	-9.3093e+00
 2.9193e+04	 4.7860e+03	 4.6707e+00	 5.3391e-01	 3.6317e+02	 4.8330e+03	-8.3479e+01	 1.1546e+05	 1.3198e+04	-8.7481e+00
 4.3789e+04	 4.7860e+03	 4.5491e+00	 5.5326e-01	 3.6315e+02	 4.8356e+03	-8.3066e+01	 7.4279e+04	 9.0338e+03	-8.2223e+00
 6.5684e+04	 4.7860e+03	 4.3992e+00	 5.7129e-01	 3.6314e+02	 4.8384e+03	-8.2601e+01	 4.7957e+04	 6.2278e+03	-7.7004e+00
 9.8526e+04	 4.7860e+03	 4.2408e+00	 5.8491e-01	 3.6313e+02	 4.8411e+03	-8.2147e+01	 3.1227e+04	 4.3070e+03	-7.2504e+00
 1.4779e+05	 4.7860e+03	 4.0751e+00	 5.8973e-01	 3.6313e+02	 4.8438e+03	-8.1766e+01	 2.0648e+04	 2.9880e+03	-6.9102e+00
 2.2168e+05	 4.7860e+03	 3.9059e+00	 5.8123e-01	 3.6312e+02	 4.8463e+03	-8.1536e+01	 1.3967e+04	 2.0783e+03	-6.7200e+00
 3.3253e+05	 4.7860e+03	 3.7211e+00	 5.5341e-01	 3.6310e+02	 4.8489e+03	-8.1541e+01	 9.7790e+03	 1.4544e+03	-6.7239e+00
 4.9879e+05	 4.7860e+03	-1.9941e+00	 4.6448e+01	 3.6310e+02	 4.8517e+03	 2.4583e+00	 7.7675e+01	-1.8092e+03	 4.2932e-02
 7.4818e+05	 4.7860e+03	 3.4892e+00	 3.8016e-01	 3.6311e+02	 4.8586e+03	-8.3782e+01	 6.3270e+03	 6.8934e+02	-9.1784e+00
 9.0000e+05	 4.7860e+03	 3.4426e+00	 3.4835e-01	 3.6312e+02	 4.8665e+03	-8.4222e+01	 5.7399e+03	 5.8081e+02	-9.8826e+00
 1.0000e+02	 4.8638e+03	 6.0500e+00	 1.8512e-01	 3.6314e+02	 4.8746e+03	-8.8247e+01	 9.7209e+07	 2.9745e+06	-3.2681e+01
 1.5000e+02	 4.8638e+03	 6.0060e+00	 2.1409e-01	 3.6315e+02	 4.8771e+03	-8.7959e+01	 5.6039e+07	 1.9975e+06	-2.8054e+01
 2.2500e+02	 4.8638e+03	 5.9548e+00	 2.4412e-01	 3.6316e+02	 4.8796e+03	-8.7652e+01	 3.2762e+07	 1.3431e+06	-2.4392e+01
 3.3750e+02	 4.8638e+03	 5.8898e+00	 2.7918e-01	 3.6317e+02	 4.8822e+03	-8.7286e+01	 1.9099e+07	 9.0530e+05	-2.1097e+01
 5.0625e+02	 4.8638e+03	 5.8127e+00	 3.1391e-01	 3.6317e+02	 4.8847e+03	-8.6909e+01	 1.1324e+07	 6.1155e+05	-1.8517e+01
 7.5938e+02	 4.8638e+03	 5.7253e+00	 3.4601e-01	 3.6317e+02	 4.8874e+03	-8.6542e+01	 6.8490e+06	 4.1392e+05	-1.6547e+01
 1.1391e+03	 4.8638e+03	 5.6293e+00	 3.7590e-01	 3.6316e+02	 4.8898e+03	-8.6180e+01	 4.2029e+06	 2.8065e+05	-1.4975e+01
 1.7086e+03	 4.8638e+03	 5.5259e+00	 4.0208e-01	 3.6316e+02	 4.8924e+03	-8.5838e+01	 2.6195e+06	 1.9060e+05	-1.3743e+01
 2.5629e+03	 4.8638e+03	 5.4161e+00	 4.2606e-01	 3.6317e+02	 4.8950e+03	-8.5502e+01	 1.6480e+06	 1.2964e+05	-1.2712e+01
 3.8443e+03	 4.8638e+03	 5.3007e+00	 4.4750e-01	 3.6317e+02	 4.8976e+03	-8.5174e+01	 1.0460e+06	 8.8311e+04	-1.1845e+01
 5.7665e+03	 4.8638e+03	 5.1805e+00	 4.6651e-01	 3.6317e+02	 4.9003e+03	-8.4854e+01	 6.6896e+05	 6.0240e+04	-1.1105e+01
 8.6498e+03	 4.8638e+03	 5.0563e+00	 4.8367e-01	 3.6317e+02	 4.9029e+03	-8.4536e+01	 4.3014e+05	 4.1146e+04	-1.0454e+01
 1.2975e+04	 4.8638e+03	 4.9292e+00	 4.9996e-01	 3.6317e+02	 4.9055e+03	-8.4208e+01	 2.7742e+05	 2.8138e+04	-9.8593e+00
 1.9462e+04	 4.8638e+03	 4.7979e+00	 5.1627e-01	 3.6317e+02	 4.9081e+03	-8.3858e+01	 1.7910e+05	 1.9272e+04	-9.2935e+00
 2.9193e+04	 4.8638e+03	 4.6626e+00	 5.3362e-01	 3.6317e+02	 4.9109e+03	-8.3471e+01	 1.1552e+05	 1.3221e+04	-8.7376e+00
 4.3789e+04	 4.8638e+03	 4.5412e+00	 5.5277e-01	 3.6317e+02	 4.9134e+03	-8.3060e+01	 7.4346e+04	 9.0496e+03	-8.2154e+00
 6.5684e+04	 4.8638e+03	 4.3918e+00	 5.7030e-01	 3.6317e+02	 4.9161e+03	-8.2601e+01	 4.8040e+04	 6.2383e+03	-7.7008e+00
 9.8526e+04	 4.8638e+03	 4.2343e+00	 5.8335e-01	 3.6317e+02	 4.9188e+03	-8.2156e+01	 3.1310e+04	 4.3136e+03	-7.2586e+00
 1.4779e+05	 4.8638e+03	 4.0696e+00	 5.8781e-01	 3.6317e+02	 4.9214e+03	-8.1781e+01	 2.0715e+04	 2.9921e+03	-6.9234e+00
 2.2168e+05	 4.8638e+03	 3.9015e+00	 5.7899e-01	 3.6318e+02	 4.9241e+03	-8.1559e+01	 1.4021e+04	 2.0806e+03	-6.7386e+00
 3.3253e+05	 4.8638e+03	 3.7178e+00	 5.5126e-01	 3.6318e+02	 4.9269e+03	-8.1566e+01	 9.8173e+03	 1.4556e+03	-6.7443e+00
 4.9879e+05	 4.8638e+03	-1.9754e+00	 4.6419e+01	 3.6318e+02	 4.9295e+03	 2.4368e+00	 7.7723e+01	-1.8264e+03	 4.2556e-02
 7.4818e+05	 4.8638e+03	 3.4875e+00	 3.7886e-01	 3.6317e+02	 4.9361e+03	-8.3800e+01	 6.3487e+03	 6.8968e+02	-9.2053e+00
 9.0000e+05	 4.8638e+03	 3.4406e+00	 3.4687e-01	 3.6317e+02	 4.9441e+03	-8.4243e+01	 5.7644e+03	 5.8116e+02	-9.9189e+00
 1.0000e+02	 4.9413e+03	 6.0499e+00	 1.8657e-01	 3.6317e+02	 4.9518e+03	-8.8234e+01	 9.6457e+07	 2.9745e+06	-3.2428e+01
 1.5000e+02	 4.9413e+03	 6.0063e+00	 2.1021e-01	 3.6316e+02	 4.9546e+03	-8.7996e+01	 5.7072e+07	 1.9974e+06	-2.8573e+01
 2.2500e+02	 4.9413e+03	 5.9534e+00	 2.4617e-01	 3.6316e+02	 4.9571e+03	-8.7632e+01	 3.2491e+07	 1.3435e+06	-2.4184e+01
 3.3750e+02	 4.9413e+03	 5.8872e+00	 2.8183e-01	 3.6316e+02	 4.9599e+03	-8.7259e+01	 1.8920e+07	 9.0571e+05	-2.0889e+01
 5.0625e+02	 4.9413e+03	 5.8089e+00	 3.1680e-01	 3.6316e+02	 4.9623e+03	-8.6878e+01	 1.1221e+07	 6.1194e+05	-1.8336e+01
 7.5938e+02	 4.9413e+03	 5.7203e+00	 3.4925e-01	 3.6315e+02	 4.9649e+03	-8.6506e+01	 6.7854e+06	 4.1428e+05	-1.6379e+01
 1.1391e+03	 4.9413e+03	 5.6226e+00	 3.7893e-01	 3.6314e+02	 4.9673e+03	-8.6144e+01	 4.1693e+06	 2.8098e+05	-1.4838e+01
 1.7086e+03	 4.9413e+03	 5.5180e+00	 4.0496e-01	 3.6314e+02	 4.9700e+03	-8.5803e+01	 2.6009e+06	 1.9087e+05	-1.3626e+01
 2.5629e+03	 4.9413e+03	 5.4075e+00	 4.2833e-01	 3.6314e+02	 4.9727e+03	-8.5471e+01	 1.6393e+06	 1.2985e+05	-1.2625e+01
 3.8443e+03	 4.9413e+03	 5.2913e+00	 4.4930e-01	 3.6313e+02	 4.9752e+03	-8.5146e+01	 1.0419e+06	 8.8468e+04	-1.1777e+01
 5.7665e+03	 4.9413e+03	 5.1707e+00	 4.6772e-01	 3.6314e+02	 4.9779e+03	-8.4831e+01	 6.6723e+05	 6.0354e+04	-1.1055e+01
 8.6498e+03	 4.9413e+03	 5.0462e+00	 4.8426e-01	 3.6314e+02	 4.9804e+03	-8.4518e+01	 4.2962e+05	 4.1229e+04	-1.0420e+01
 1.2975e+04	 4.9413e+03	 4.9189e+00	 5.0010e-01	 3.6314e+02	 4.9830e+03	-8.4195e+01	 2.7734e+05	 2.8197e+04	-9.8359e+00
 1.9462e+04	 4.9413e+03	 4.7878e+00	 5.1605e-01	 3.6314e+02	 4.9858e+03	-8.3848e+01	 1.7918e+05	 1.9313e+04	-9.2778e+00
 2.9193e+04	 4.9413e+03	 4.6525e+00	 5.3320e-01	 3.6314e+02	 4.9885e+03	-8.3462e+01	 1.1561e+05	 1.3250e+04	-8.7256e+00
 4.3789e+04	 4.9413e+03	 4.5314e+00	 5.5196e-01	 3.6315e+02	 4.9909e+03	-8.3055e+01	 7.4454e+04	 9.0692e+03	-8.2096e+00
 6.5684e+04	 4.9413e+03	 4.3822e+00	 5.6891e-01	 3.6315e+02	 4.9934e+03	-8.2603e+01	 4.8157e+04	 6.2519e+03	-7.7028e+00
 9.8526e+04	 4.9413e+03	 4.2251e+00	 5.8160e-01	 3.6315e+02	 4.9961e+03	-8.2162e+01	 3.1405e+04	 4.3229e+03	-7.2647e+00
 1.4779e+05	 4.9413e+03	 4.0611e+00	 5.8531e-01	 3.6315e+02	 4.9985e+03	-8.1799e+01	 2.0804e+04	 2.9984e+03	-6.9384e+00
 2.2168e+05	 4.9413e+03	 3.8941e+00	 5.7604e-01	 3.6315e+02	 5.0013e+03	-8.1585e+01	 1.4092e+04	 2.0846e+03	-6.7600e+00
 3.3253e+05	 4.9413e+03	 3.7116e+00	 5.4815e-01	 3.6316e+02	 5.0038e+03	-8.1599e+01	 9.8728e+03	 1.4581e+03	-6.7710e+00
 4.9879e+05	 4.9413e+03	-1.9430e+00	 4.6351e+01	 3.6316e+02	 5.0066e+03	 2.4005e+00	 7.7839e+01	-1.8568e+03	 4.1920e-02
 7.4818e+05	 4.9413e+03	 3.4836e+00	 3.7580e-01	 3.6316e+02	 5.0129e+03	-8.3843e+01	 6.4003e+03	 6.9046e+02	-9.2696e+00
 9.0000e+05	 4.9413e+03	 3.4373e+00	 3.4414e-01	 3.6316e+02	 5.0208e+03	-8.4283e+01	 5.8102e+03	 5.8172e+02	-9.9880e+00
 1.0000e+02	 5.0181e+03	 6.0484e+00	 1.8785e-01	 3.6316e+02	 5.0290e+03	-8.8221e+01	 9.5798e+07	 2.9753e+06	-3.2198e+01
 1.5000e+02	 5.0181e+03	 6.0069e+00	 2.1836e-01	 3.6316e+02	 5.0315e+03	-8.7918e+01	 5.4942e+07	 1.9972e+06	-2.7509e+01
 2.2500e+02	 5.0181e+03	 5.9509e+00	 2.4865e-01	 3.6316e+02	 5.0339e+03	-8.7607e+01	 3.2166e+07	 1.3440e+06	-2.3933e+01
 3.3750e+02	 5.0181e+03	 5.8842e+00	 2.8443e-01	 3.6315e+02	 5.0366e+03	-8.7233e+01	 1.8746e+07	 9.0617e+05	-2.0688e+01
 5.0625e+02	 5.0181e+03	 5.8054e+00	 3.1932e-01	 3.6316e+02	 5.0390e+03	-8.6852e+01	 1.1132e+07	 6.1231e+05	-1.8181e+01
 7.5938e+02	 5.0181e+03	 5.7157e+00	 3.5199e-01	 3.6315e+02	 5.0418e+03	-8.6476e+01	 6.7325e+06	 4.1461e+05	-1.6238e+01
 1.1391e+03	 5.0181e+03	 5.6177e+00	 3.8108e-01	 3.6316e+02	 5.0442e+03	-8.6119e+01	 4.1458e+06	 2.8123e+05	-1.4742e+01
 1.7086e+03	 5.0181e+03	 5.5125e+00	 4.0728e-01	 3.6315e+02	 5.0468e+03	-8.5775e+01	 2.5861e+06	 1.9106e+05	-1.3535e+01
 2.5629e+03	 5.0181e+03	 5.4011e+00	 4.3053e-01	 3.6316e+02	 5.0496e+03	-8.5443e+01	 1.6309e+06	 1.3000e+05	-1.2545e+01
 3.8443e+03	 5.0181e+03	 5.2846e+00	 4.5084e-01	 3.6315e+02	 5.0521e+03	-8.5124e+01	 1.0383e+06	 8.8580e+04	-1.1722e+01
 5.7665e+03	 5.0181e+03	 5.1637e+00	 4.6887e-01	 3.6316e+02	 5.0547e+03	-8.4812e+01	 6.6559e+05	 6.0436e+04	-1.1013e+01
 8.6498e+03	 5.0181e+03	 5.0390e+00	 4.8510e-01	 3.6315e+02	 5.0572e+03	-8.4501e+01	 4.2888e+05	 4.1288e+04	-1.0387e+01
 1.2975e+04	 5.0181e+03	 4.9115e+00	 5.0058e-01	 3.6313e+02	 5.0598e+03	-8.4181e+01	 2.7708e+05	 2.8240e+04	-9.8117e+00
 1.9462e+04	 5.0181e+03	 4.7800e+00	 5.1615e-01	 3.6314e+02	 5.0624e+03	-8.3837e+01	 1.7915e+05	 1.9344e+04	-9.2609e+00
 2.9193e+04	 5.0181e+03	 4.6448e+00	 5.3292e-01	 3.6315e+02	 5.0651e+03	-8.3455e+01	 1.1567e+05	 1.3272e+04	-8.7157e+00
 4.3789e+04	 5.0181e+03	 4.5235e+00	 5.5147e-01	 3.6315e+02	 5.0676e+03	-8.3049e+01	 7.4520e+04	 9.0849e+03	-8.2026e+00
 6.5684e+04	 5.0181e+03	 4.3743e+00	 5.6799e-01	 3.6315e+02	 5.0700e+03	-8.2602e+01	 4.8235e+04	 6.2632e+03	-7.7014e+00
 9.8526e+04	 5.0181e+03	 4.2174e+00	 5.7992e-01	 3.6314e+02	 5.0727e+03	-8.2171e+01	 3.1496e+04	 4.3309e+03	-7.2723e+00
 1.4779e+05	 5.0181e+03	 4.0538e+00	 5.8310e-01	 3.6314e+02	 5.0752e+03	-8.1815e+01	 2.0882e+04	 3.0037e+03	-6.9522e+00
 2.2168e+05	 5.0181e+03	 3.8875e+00	 5.7338e-01	 3.6313e+02	 5.0781e+03	-8.1610e+01	 1.4158e+04	 2.0882e+03	-6.7801e+00
 3.3253e+05	 5.0181e+03	 3.7059e+00	 5.4530e-01	 3.6314e+02	 5.0805e+03	-8.1629e+01	 9.9244e+03	 1.4603e+03	-6.7961e+00
 4.9879e+05	 5.0181e+03	-1.9126e+00	 4.6288e+01	 3.6314e+02	 5.0834e+03	 2.3661e+00	 7.7944e+01	-1.8863e+03	 4.1320e-02
 7.4818e+05	 5.0181e+03	 3.4798e+00	 3.7315e-01	 3.6314e+02	 5.0899e+03	-8.3879e+01	 6.4458e+03	 6.9121e+02	-9.3254e+00
 9.0000e+05	 5.0181e+03	 3.4338e+00	 3.4169e-01	 3.6315e+02	 5.0978e+03	-8.4317e+01	 5.8519e+03	 5.8231e+02	-1.0049e+01
 1.0000e+02	 5.0953e+03	 6.0468e+00	 1.8956e-01	 3.6315e+02	 5.1058e+03	-8.8204e+01	 9.4936e+07	 2.9761e+06	-3.1900e+01
 1.5000e+02	 5.0953e+03	 6.0054e+00	 2.1610e-01	 3.6314e+02	 5.1083e+03	-8.7939e+01	 5.5516e+07	 1.9977e+06	-2.7789e+01
 2.2500e+02	 5.0953e+03	 5.9482e+00	 2.5102e-01	 3.6315e+02	 5.1108e+03	-8.7583e+01	 3.1862e+07	 1.3446e+06	-2.3696e+01
 3.3750e+02	 5.0953e+03	 5.8806e+00	 2.8720e-01	 3.6314e+02	 5.1132e+03	-8.7204e+01	 1.8565e+07	 9.0672e+05	-2.0475e+01
 5.0625e+02	 5.0953e+03	 5.8008e+00	 3.2259e-01	 3.6315e+02	 5.1157e+03	-8.6817e+01	 1.1019e+07	 6.1280e+05	-1.7982e+01
 7.5938e+02	 5.0953e+03	 5.7104e+00	 3.5504e-01	 3.6314e+02	 5.1182e+03	-8.6442e+01	 6.6748e+06	 4.1500e+05	-1.6084e+01
 1.1391e+03	 5.0953e+03	 5.6114e+00	 3.8362e-01	 3.6314e+02	 5.1207e+03	-8.6089e+01	 4.1183e+06	 2.8155e+05	-1.4627e+01
 1.7086e+03	 5.0953e+03	 5.5057e+00	 4.0975e-01	 3.6314e+02	 5.1235e+03	-8.5744e+01	 2.5705e+06	 1.9130e+05	-1.3437e+01
 2.5629e+03	 5.0953e+03	 5.3937e+00	 4.3262e-01	 3.6314e+02	 5.1261e+03	-8.5414e+01	 1.6230e+06	 1.3018e+05	-1.2468e+01
 3.8443e+03	 5.0953e+03	 5.2764e+00	 4.5246e-01	 3.6315e+02	 5.1286e+03	-8.5099e+01	 1.0346e+06	 8.8717e+04	-1.1662e+01
 5.7665e+03	 5.0953e+03	 5.1552e+00	 4.6992e-01	 3.6315e+02	 5.1312e+03	-8.4792e+01	 6.6409e+05	 6.0535e+04	-1.0970e+01
 8.6498e+03	 5.0953e+03	 5.0305e+00	 4.8585e-01	 3.6315e+02	 5.1341e+03	-8.4483e+01	 4.2822e+05	 4.1358e+04	-1.0354e+01
 1.2975e+04	 5.0953e+03	 4.9031e+00	 5.0073e-01	 3.6315e+02	 5.1366e+03	-8.4169e+01	 2.7699e+05	 2.8288e+04	-9.7919e+00
 1.9462e+04	 5.0953e+03	 4.7720e+00	 5.1609e-01	 3.6315e+02	 5.1394e+03	-8.3827e+01	 1.7916e+05	 1.9377e+04	-9.2464e+00
 2.9193e+04	 5.0953e+03	 4.6364e+00	 5.3257e-01	 3.6315e+02	 5.1443e+03	-8.3447e+01	 1.1575e+05	 1.3296e+04	-8.7057e+00
 4.3789e+04	 5.0953e+03	 4.5155e+00	 5.5084e-01	 3.6314e+02	 5.1469e+03	-8.3045e+01	 7.4606e+04	 9.1011e+03	-8.1975e+00
 6.5684e+04	 5.0953e+03	 4.3664e+00	 5.6701e-01	 3.6315e+02	 5.1493e+03	-8.2601e+01	 4.8319e+04	 6.2746e+03	-7.7007e+00
 9.8526e+04	 5.0953e+03	 4.2098e+00	 5.7821e-01	 3.6315e+02	 5.1519e+03	-8.2179e+01	 3.1589e+04	 4.3387e+03	-7.2807e+00
 1.4779e+05	 5.0953e+03	 4.0468e+00	 5.8088e-01	 3.6314e+02	 5.1543e+03	-8.1832e+01	 2.0962e+04	 3.0089e+03	-6.9667e+00
 2.2168e+05	 5.0953e+03	 3.8814e+00	 5.7073e-01	 3.6314e+02	 5.1570e+03	-8.1635e+01	 1.4223e+04	 2.0914e+03	-6.8009e+00
 3.3253e+05	 5.0953e+03	 3.7010e+00	 5.4251e-01	 3.6315e+02	 5.1597e+03	-8.1661e+01	 9.9754e+03	 1.4623e+03	-6.8219e+00
 4.9879e+05	 5.0953e+03	-1.8876e+00	 4.6235e+01	 3.6315e+02	 5.1624e+03	 2.3378e+00	 7.8034e+01	-1.9114e+03	 4.0826e-02
 7.4818e+05	 5.0953e+03	 3.4766e+00	 3.7136e-01	 3.6316e+02	 5.1691e+03	-8.3903e+01	 6.4769e+03	 6.9185e+02	-9.3617e+00
 9.0000e+05	 5.0953e+03	 3.4307e+00	 3.3999e-01	 3.6317e+02	 5.1769e+03	-8.4340e+01	 5.8812e+03	 5.8283e+02	-1.0091e+01
 1.0000e+02	 5.1742e+03	 6.0466e+00	 1.9073e-01	 3.6316e+02	 5.1852e+03	-8.8193e+01	 9.4351e+07	 2.9762e+06	-3.1702e+01
 1.5000e+02	 5.1742e+03	 6.0034e+00	 2.2245e-01	 3.6316e+02	 5.1877e+03	-8.7878e+01	 5.3932e+07	 1.9984e+06	-2.6987e+01
 2.2500e+02	 5.1742e+03	 5.9467e+00	 2.5301e-01	 3.6316e+02	 5.1904e+03	-8.7564e+01	 3.1612e+07	 1.3450e+06	-2.3504e+01
 3.3750e+02	 5.1742e+03	 5.8786e+00	 2.8981e-01	 3.6316e+02	 5.1929e+03	-8.7178e+01	 1.8398e+07	 9.0703e+05	-2.0284e+01
 5.0625e+02	 5.1742e+03	 5.7979e+00	 3.2538e-01	 3.6316e+02	 5.1953e+03	-8.6788e+01	 1.0925e+07	 6.1311e+05	-1.7819e+01
 7.5938e+02	 5.1742e+03	 5.7065e+00	 3.5784e-01	 3.6316e+02	 5.1981e+03	-8.6412e+01	 6.6224e+06	 4.1528e+05	-1.5947e+01
 1.1391e+03	 5.1742e+03	 5.6066e+00	 3.8656e-01	 3.6315e+02	 5.2005e+03	-8.6056e+01	 4.0870e+06	 2.8179e+05	-1.4504e+01
 1.7086e+03	 5.1742e+03	 5.4998e+00	 4.1206e-01	 3.6315e+02	 5.2031e+03	-8.5715e+01	 2.5561e+06	 1.9151e+05	-1.3347e+01
 2.5629e+03	 5.1742e+03	 5.3873e+00	 4.3455e-01	 3.6315e+02	 5.2057e+03	-8.5388e+01	 1.6158e+06	 1.3034e+05	-1.2397e+01
 3.8443e+03	 5.1742e+03	 5.2695e+00	 4.5395e-01	 3.6315e+02	 5.2084e+03	-8.5076e+01	 1.0312e+06	 8.8834e+04	-1.1608e+01
 5.7665e+03	 5.1742e+03	 5.1478e+00	 4.7098e-01	 3.6315e+02	 5.2108e+03	-8.4772e+01	 6.6260e+05	 6.0623e+04	-1.0930e+01
 8.6498e+03	 5.1742e+03	 5.0226e+00	 4.8641e-01	 3.6315e+02	 5.2134e+03	-8.4468e+01	 4.2772e+05	 4.1422e+04	-1.0326e+01
 1.2975e+04	 5.1742e+03	 4.8953e+00	 5.0109e-01	 3.6316e+02	 5.2161e+03	-8.4155e+01	 2.7679e+05	 2.8333e+04	-9.7693e+00
 1.9462e+04	 5.1742e+03	 4.7639e+00	 5.1611e-01	 3.6316e+02	 5.2186e+03	-8.3817e+01	 1.7916e+05	 1.9410e+04	-9.2303e+00
 2.9193e+04	 5.1742e+03	 4.6286e+00	 5.3226e-01	 3.6316e+02	 5.2237e+03	-8.3440e+01	 1.1582e+05	 1.3318e+04	-8.6961e+00
 4.3789e+04	 5.1742e+03	 4.5076e+00	 5.5027e-01	 3.6316e+02	 5.2261e+03	-8.3040e+01	 7.4683e+04	 9.1171e+03	-8.1915e+00
 6.5684e+04	 5.1742e+03	 4.3588e+00	 5.6585e-01	 3.6316e+02	 5.2288e+03	-8.2603e+01	 4.8418e+04	 6.2856e+03	-7.7031e+00
 9.8526e+04	 5.1742e+03	 4.2025e+00	 5.7667e-01	 3.6316e+02	 5.2314e+03	-8.2187e+01	 3.1673e+04	 4.3462e+03	-7.2875e+00
 1.4779e+05	 5.1742e+03	 4.0402e+00	 5.7877e-01	 3.6315e+02	 5.2341e+03	-8.1848e+01	 2.1039e+04	 3.0138e+03	-6.9807e+00
 2.2168e+05	 5.1742e+03	 3.8757e+00	 5.6821e-01	 3.6316e+02	 5.2368e+03	-8.1659e+01	 1.4286e+04	 2.0945e+03	-6.8209e+00
 3.3253e+05	 5.1742e+03	 3.6961e+00	 5.3987e-01	 3.6316e+02	 5.2394e+03	-8.1690e+01	 1.0024e+04	 1.4642e+03	-6.8463e+00
 4.9879e+05	 5.1742e+03	 3.5484e+00	 4.9803e-01	 3.6315e+02	 5.2421e+03	-8.2011e+01	 7.2443e+03	 1.0168e+03	-7.1249e+00
 7.4818e+05	 5.1742e+03	 3.4728e+00	 3.6928e-01	 3.6315e+02	 5.2501e+03	-8.3930e+01	 6.5133e+03	 6.9260e+02	-9.4041e+00
 9.0000e+05	 5.1742e+03	 3.4266e+00	 3.3792e-01	 3.6312e+02	 5.2579e+03	-8.4368e+01	 5.9172e+03	 5.8353e+02	-1.0140e+01
 1.0000e+02	 5.2551e+03	 6.0441e+00	 1.9285e-01	 3.6310e+02	 5.2664e+03	-8.8173e+01	 9.3316e+07	 2.9774e+06	-3.1341e+01
 1.5000e+02	 5.2551e+03	 5.9967e+00	 2.2610e-01	 3.6311e+02	 5.2689e+03	-8.7841e+01	 5.3061e+07	 2.0006e+06	-2.6522e+01
 2.2500e+02	 5.2551e+03	 5.9431e+00	 2.5634e-01	 3.6311e+02	 5.2716e+03	-8.7530e+01	 3.1201e+07	 1.3458e+06	-2.3185e+01
 3.3750e+02	 5.2551e+03	 5.8736e+00	 2.9310e-01	 3.6311e+02	 5.2741e+03	-8.7143e+01	 1.8192e+07	 9.0780e+05	-2.0039e+01
 5.0625e+02	 5.2551e+03	 5.7917e+00	 3.2863e-01	 3.6311e+02	 5.2769e+03	-8.6752e+01	 1.0817e+07	 6.1376e+05	-1.7624e+01
 7.5938e+02	 5.2551e+03	 5.6993e+00	 3.6107e-01	 3.6311e+02	 5.2794e+03	-8.6375e+01	 6.5634e+06	 4.1581e+05	-1.5785e+01
 1.1391e+03	 5.2551e+03	 5.5985e+00	 3.8970e-01	 3.6310e+02	 5.2821e+03	-8.6018e+01	 4.0541e+06	 2.8220e+05	-1.4366e+01
 1.7086e+03	 5.2551e+03	 5.4905e+00	 4.1480e-01	 3.6310e+02	 5.2847e+03	-8.5680e+01	 2.5392e+06	 1.9183e+05	-1.3237e+01
 2.5629e+03	 5.2551e+03	 5.3773e+00	 4.3669e-01	 3.6310e+02	 5.2873e+03	-8.5357e+01	 1.6079e+06	 1.3058e+05	-1.2314e+01
 3.8443e+03	 5.2551e+03	 5.2593e+00	 4.5554e-01	 3.6310e+02	 5.2898e+03	-8.5050e+01	 1.0276e+06	 8.9006e+04	-1.1545e+01
 5.7665e+03	 5.2551e+03	 5.1375e+00	 4.7209e-01	 3.6311e+02	 5.2922e+03	-8.4750e+01	 6.6105e+05	 6.0744e+04	-1.0883e+01
 8.6498e+03	 5.2551e+03	 5.0126e+00	 4.8685e-01	 3.6312e+02	 5.2949e+03	-8.4452e+01	 4.2733e+05	 4.1505e+04	-1.0296e+01
 1.2975e+04	 5.2551e+03	 4.8854e+00	 5.0121e-01	 3.6312e+02	 5.2974e+03	-8.4142e+01	 2.7673e+05	 2.8390e+04	-9.7474e+00
 1.9462e+04	 5.2551e+03	 4.7546e+00	 5.1593e-01	 3.6313e+02	 5.3000e+03	-8.3807e+01	 1.7922e+05	 1.9448e+04	-9.2158e+00
 2.9193e+04	 5.2551e+03	 4.6198e+00	 5.3183e-01	 3.6313e+02	 5.3051e+03	-8.3433e+01	 1.1591e+05	 1.3343e+04	-8.6867e+00
 4.3789e+04	 5.2551e+03	 4.4991e+00	 5.4964e-01	 3.6314e+02	 5.3078e+03	-8.3035e+01	 7.4770e+04	 9.1342e+03	-8.1857e+00
 6.5684e+04	 5.2551e+03	 4.3507e+00	 5.6472e-01	 3.6314e+02	 5.3102e+03	-8.2604e+01	 4.8515e+04	 6.2972e+03	-7.7042e+00
 9.8526e+04	 5.2551e+03	 4.1948e+00	 5.7508e-01	 3.6315e+02	 5.3130e+03	-8.2194e+01	 3.1761e+04	 4.3541e+03	-7.2943e+00
 1.4779e+05	 5.2551e+03	 4.0334e+00	 5.7656e-01	 3.6316e+02	 5.3155e+03	-8.1865e+01	 2.1119e+04	 3.0189e+03	-6.9957e+00
 2.2168e+05	 5.2551e+03	 3.8700e+00	 5.6571e-01	 3.6316e+02	 5.3181e+03	-8.1683e+01	 1.4350e+04	 2.0976e+03	-6.8409e+00
 3.3253e+05	 5.2551e+03	 3.6913e+00	 5.3729e-01	 3.6316e+02	 5.3208e+03	-8.1719e+01	 1.0072e+04	 1.4661e+03	-6.8703e+00
 4.9879e+05	 5.2551e+03	 3.5446e+00	 4.9563e-01	 3.6317e+02	 5.3236e+03	-8.2040e+01	 7.2793e+03	 1.0178e+03	-7.1517e+00
 7.4818e+05	 5.2551e+03	 3.4700e+00	 3.6778e-01	 3.6317e+02	 5.3313e+03	-8.3950e+01	 6.5399e+03	 6.9315e+02	-9.4351e+00
 9.0000e+05	 5.2551e+03	 3.4249e+00	 3.3679e-01	 3.6317e+02	 5.3389e+03	-8.4384e+01	 5.9370e+03	 5.8383e+02	-1.0169e+01
 1.0000e+02	 5.3361e+03	 6.0448e+00	 1.9363e-01	 3.6318e+02	 5.3471e+03	-8.8165e+01	 9.2937e+07	 2.9770e+06	-3.1218e+01
 1.5000e+02	 5.3361e+03	 5.9984e+00	 2.2388e-01	 3.6318e+02	 5.3496e+03	-8.7863e+01	 5.3587e+07	 2.0000e+06	-2.6793e+01
 2.2500e+02	 5.3361e+03	 5.9434e+00	 2.5737e-01	 3.6318e+02	 5.3520e+03	-8.7520e+01	 3.1077e+07	 1.3457e+06	-2.3093e+01
 3.3750e+02	 5.3361e+03	 5.8738e+00	 2.9454e-01	 3.6318e+02	 5.3546e+03	-8.7129e+01	 1.8103e+07	 9.0776e+05	-1.9942e+01
 5.0625e+02	 5.3361e+03	 5.7913e+00	 3.3031e-01	 3.6318e+02	 5.3571e+03	-8.6736e+01	 1.0762e+07	 6.1380e+05	-1.7533e+01
 7.5938e+02	 5.3361e+03	 5.6984e+00	 3.6299e-01	 3.6317e+02	 5.3598e+03	-8.6355e+01	 6.5286e+06	 4.1587e+05	-1.5699e+01
 1.1391e+03	 5.3361e+03	 5.5971e+00	 3.9178e-01	 3.6317e+02	 5.3622e+03	-8.5996e+01	 4.0326e+06	 2.8227e+05	-1.4287e+01
 1.7086e+03	 5.3361e+03	 5.4884e+00	 4.1683e-01	 3.6317e+02	 5.3649e+03	-8.5657e+01	 2.5268e+06	 1.9190e+05	-1.3167e+01
 2.5629e+03	 5.3361e+03	 5.3744e+00	 4.3836e-01	 3.6316e+02	 5.3675e+03	-8.5337e+01	 1.6018e+06	 1.3065e+05	-1.2260e+01
 3.8443e+03	 5.3361e+03	 5.2555e+00	 4.5707e-01	 3.6317e+02	 5.3699e+03	-8.5030e+01	 1.0242e+06	 8.9070e+04	-1.1498e+01
 5.7665e+03	 5.3361e+03	 5.1330e+00	 4.7320e-01	 3.6316e+02	 5.3726e+03	-8.4733e+01	 6.5949e+05	 6.0797e+04	-1.0847e+01
 8.6498e+03	 5.3361e+03	 5.0075e+00	 4.8763e-01	 3.6316e+02	 5.3751e+03	-8.4438e+01	 4.2666e+05	 4.1547e+04	-1.0269e+01
 1.2975e+04	 5.3361e+03	 4.8798e+00	 5.0166e-01	 3.6316e+02	 5.3778e+03	-8.4130e+01	 2.7648e+05	 2.8423e+04	-9.7274e+00
 1.9462e+04	 5.3361e+03	 4.7483e+00	 5.1603e-01	 3.6316e+02	 5.3804e+03	-8.3798e+01	 1.7919e+05	 1.9473e+04	-9.2017e+00
 2.9193e+04	 5.3361e+03	 4.6130e+00	 5.3168e-01	 3.6316e+02	 5.3855e+03	-8.3425e+01	 1.1594e+05	 1.3363e+04	-8.6763e+00
 4.3789e+04	 5.3361e+03	 4.4923e+00	 5.4904e-01	 3.6316e+02	 5.3879e+03	-8.3032e+01	 7.4850e+04	 9.1481e+03	-8.1821e+00
 6.5684e+04	 5.3361e+03	 4.3437e+00	 5.6373e-01	 3.6316e+02	 5.3908e+03	-8.2605e+01	 4.8600e+04	 6.3073e+03	-7.7053e+00
 9.8526e+04	 5.3361e+03	 4.1878e+00	 5.7334e-01	 3.6317e+02	 5.3932e+03	-8.2204e+01	 3.1857e+04	 4.3614e+03	-7.3043e+00
 1.4779e+05	 5.3361e+03	 4.0273e+00	 5.7452e-01	 3.6317e+02	 5.3959e+03	-8.1881e+01	 2.1194e+04	 3.0235e+03	-7.0098e+00
 2.2168e+05	 5.3361e+03	 3.8644e+00	 5.6326e-01	 3.6317e+02	 5.3984e+03	-8.1707e+01	 1.4412e+04	 2.1006e+03	-6.8608e+00
 3.3253e+05	 5.3361e+03	 3.6867e+00	 5.3476e-01	 3.6316e+02	 5.4009e+03	-8.1747e+01	 1.0120e+04	 1.4679e+03	-6.8941e+00
 4.9879e+05	 5.3361e+03	 3.5408e+00	 4.9335e-01	 3.6316e+02	 5.4034e+03	-8.2068e+01	 7.3130e+03	 1.0189e+03	-7.1770e+00
 7.4818e+05	 5.3361e+03	 3.4668e+00	 3.6529e-01	 3.6317e+02	 5.4111e+03	-8.3985e+01	 6.5845e+03	 6.9380e+02	-9.4905e+00
 9.0000e+05	 5.3361e+03	 3.4216e+00	 3.3461e-01	 3.6317e+02	 5.4188e+03	-8.4415e+01	 5.9758e+03	 5.8438e+02	-1.0226e+01
 1.0000e+02	 5.4160e+03	 6.0435e+00	 1.9490e-01	 3.6317e+02	 5.4270e+03	-8.8153e+01	 9.2331e+07	 2.9777e+06	-3.1008e+01
 1.5000e+02	 5.4160e+03	 5.9988e+00	 2.2310e-01	 3.6317e+02	 5.4295e+03	-8.7870e+01	 5.3776e+07	 1.9999e+06	-2.6889e+01
 2.2500e+02	 5.4160e+03	 5.9410e+00	 2.5991e-01	 3.6317e+02	 5.4322e+03	-8.7495e+01	 3.0772e+07	 1.3463e+06	-2.2858e+01
 3.3750e+02	 5.4160e+03	 5.8704e+00	 2.9747e-01	 3.6316e+02	 5.4346e+03	-8.7099e+01	 1.7925e+07	 9.0830e+05	-1.9734e+01
 5.0625e+02	 5.4160e+03	 5.7871e+00	 3.3365e-01	 3.6316e+02	 5.4374e+03	-8.6700e+01	 1.0654e+07	 6.1425e+05	-1.7345e+01
 7.5938e+02	 5.4160e+03	 5.6932e+00	 3.6621e-01	 3.6316e+02	 5.4400e+03	-8.6320e+01	 6.4712e+06	 4.1625e+05	-1.5546e+01
 1.1391e+03	 5.4160e+03	 5.5906e+00	 3.9464e-01	 3.6316e+02	 5.4428e+03	-8.5962e+01	 4.0033e+06	 2.8259e+05	-1.4166e+01
 1.7086e+03	 5.4160e+03	 5.4815e+00	 4.1935e-01	 3.6316e+02	 5.4454e+03	-8.5625e+01	 2.5116e+06	 1.9214e+05	-1.3072e+01
 2.5629e+03	 5.4160e+03	 5.3666e+00	 4.4036e-01	 3.6315e+02	 5.4483e+03	-8.5309e+01	 1.5945e+06	 1.3084e+05	-1.2187e+01
 3.8443e+03	 5.4160e+03	 5.2472e+00	 4.5855e-01	 3.6315e+02	 5.4508e+03	-8.5006e+01	 1.0209e+06	 8.9211e+04	-1.1443e+01
 5.7665e+03	 5.4160e+03	 5.1245e+00	 4.7418e-01	 3.6315e+02	 5.4535e+03	-8.4713e+01	 6.5814e+05	 6.0898e+04	-1.0807e+01
 8.6498e+03	 5.4160e+03	 4.9989e+00	 4.8816e-01	 3.6316e+02	 5.4561e+03	-8.4423e+01	 4.2619e+05	 4.1619e+04	-1.0240e+01
 1.2975e+04	 5.4160e+03	 4.8714e+00	 5.0180e-01	 3.6316e+02	 5.4588e+03	-8.4119e+01	 2.7641e+05	 2.8472e+04	-9.7079e+00
 1.9462e+04	 5.4160e+03	 4.7401e+00	 5.1607e-01	 3.6316e+02	 5.4614e+03	-8.3787e+01	 1.7917e+05	 1.9507e+04	-9.1850e+00
 2.9193e+04	 5.4160e+03	 4.6049e+00	 5.3135e-01	 3.6316e+02	 5.4665e+03	-8.3418e+01	 1.1601e+05	 1.3387e+04	-8.6663e+00
 4.3789e+04	 5.4160e+03	 4.4842e+00	 5.4841e-01	 3.6316e+02	 5.4689e+03	-8.3027e+01	 7.4937e+04	 9.1646e+03	-8.1768e+00
 6.5684e+04	 5.4160e+03	 4.3357e+00	 5.6246e-01	 3.6315e+02	 5.4716e+03	-8.2608e+01	 4.8710e+04	 6.3190e+03	-7.7085e+00
 9.8526e+04	 5.4160e+03	 4.1801e+00	 5.7181e-01	 3.6316e+02	 5.4740e+03	-8.2211e+01	 3.1942e+04	 4.3695e+03	-7.3103e+00
 1.4779e+05	 5.4160e+03	 4.0201e+00	 5.7223e-01	 3.6315e+02	 5.4769e+03	-8.1899e+01	 2.1279e+04	 3.0289e+03	-7.0253e+00
 2.2168e+05	 5.4160e+03	 3.8581e+00	 5.6054e-01	 3.6315e+02	 5.4794e+03	-8.1733e+01	 1.4482e+04	 2.1041e+03	-6.8827e+00
 3.3253e+05	 5.4160e+03	 3.6811e+00	 5.3189e-01	 3.6315e+02	 5.4821e+03	-8.1778e+01	 1.0175e+04	 1.4701e+03	-6.9209e+00
 4.9879e+05	 5.4160e+03	 3.5363e+00	 4.9072e-01	 3.6315e+02	 5.4847e+03	-8.2100e+01	 7.3522e+03	 1.0203e+03	-7.2062e+00
 7.4818e+05	 5.4160e+03	 3.4627e+00	 3.6310e-01	 3.6315e+02	 5.4922e+03	-8.4014e+01	 6.6243e+03	 6.9461e+02	-9.5367e+00
 9.0000e+05	 5.4160e+03	 3.4178e+00	 3.3276e-01	 3.6315e+02	 5.5005e+03	-8.4439e+01	 6.0089e+03	 5.8503e+02	-1.0271e+01
 1.0000e+02	 5.4978e+03	 6.0419e+00	 1.9673e-01	 3.6315e+02	 5.5085e+03	-8.8135e+01	 9.1472e+07	 2.9785e+06	-3.0711e+01
 1.5000e+02	 5.4978e+03	 5.9954e+00	 2.2789e-01	 3.6315e+02	 5.5110e+03	-8.7823e+01	 5.2645e+07	 2.0011e+06	-2.6308e+01
 2.2500e+02	 5.4978e+03	 5.9381e+00	 2.6262e-01	 3.6314e+02	 5.5136e+03	-8.7468e+01	 3.0455e+07	 1.3469e+06	-2.2611e+01
 3.3750e+02	 5.4978e+03	 5.8666e+00	 3.0032e-01	 3.6315e+02	 5.5163e+03	-8.7070e+01	 1.7755e+07	 9.0888e+05	-1.9535e+01
 5.0625e+02	 5.4978e+03	 5.7824e+00	 3.3649e-01	 3.6315e+02	 5.5188e+03	-8.6670e+01	 1.0564e+07	 6.1474e+05	-1.7185e+01
 7.5938e+02	 5.4978e+03	 5.6876e+00	 3.6908e-01	 3.6315e+02	 5.5216e+03	-8.6287e+01	 6.4209e+06	 4.1666e+05	-1.5410e+01
 1.1391e+03	 5.4978e+03	 5.5844e+00	 3.9703e-01	 3.6315e+02	 5.5241e+03	-8.5933e+01	 3.9792e+06	 2.8291e+05	-1.4066e+01
 1.7086e+03	 5.4978e+03	 5.4748e+00	 4.2157e-01	 3.6315e+02	 5.5268e+03	-8.5597e+01	 2.4984e+06	 1.9238e+05	-1.2987e+01
 2.5629e+03	 5.4978e+03	 5.3595e+00	 4.4225e-01	 3.6315e+02	 5.5295e+03	-8.5283e+01	 1.5877e+06	 1.3101e+05	-1.2119e+01
 3.8443e+03	 5.4978e+03	 5.2398e+00	 4.6001e-01	 3.6315e+02	 5.5323e+03	-8.4983e+01	 1.0176e+06	 8.9338e+04	-1.1390e+01
 5.7665e+03	 5.4978e+03	 5.1166e+00	 4.7506e-01	 3.6315e+02	 5.5348e+03	-8.4696e+01	 6.5692e+05	 6.0992e+04	-1.0771e+01
 8.6498e+03	 5.4978e+03	 4.9909e+00	 4.8879e-01	 3.6315e+02	 5.5376e+03	-8.4406e+01	 4.2564e+05	 4.1685e+04	-1.0211e+01
 1.2975e+04	 5.4978e+03	 4.8633e+00	 5.0199e-01	 3.6315e+02	 5.5401e+03	-8.4107e+01	 2.7630e+05	 2.8520e+04	-9.6879e+00
 1.9462e+04	 5.4978e+03	 4.7320e+00	 5.1591e-01	 3.6314e+02	 5.5429e+03	-8.3778e+01	 1.7923e+05	 1.9541e+04	-9.1722e+00
 2.9193e+04	 5.4978e+03	 4.5963e+00	 5.3091e-01	 3.6313e+02	 5.5478e+03	-8.3411e+01	 1.1611e+05	 1.3412e+04	-8.6574e+00
 4.3789e+04	 5.4978e+03	 4.4759e+00	 5.4757e-01	 3.6314e+02	 5.5505e+03	-8.3025e+01	 7.5052e+04	 9.1817e+03	-8.1741e+00
 6.5684e+04	 5.4978e+03	 4.3276e+00	 5.6132e-01	 3.6313e+02	 5.5530e+03	-8.2609e+01	 4.8809e+04	 6.3309e+03	-7.7096e+00
 9.8526e+04	 5.4978e+03	 4.1722e+00	 5.7002e-01	 3.6314e+02	 5.5555e+03	-8.2220e+01	 3.2042e+04	 4.3778e+03	-7.3194e+00
 1.4779e+05	 5.4978e+03	 4.0127e+00	 5.6984e-01	 3.6314e+02	 5.5582e+03	-8.1917e+01	 2.1368e+04	 3.0345e+03	-7.0417e+00
 2.2168e+05	 5.4978e+03	 3.8517e+00	 5.5792e-01	 3.6314e+02	 5.5609e+03	-8.1758e+01	 1.4550e+04	 2.1076e+03	-6.9037e+00
 3.3253e+05	 5.4978e+03	 3.6757e+00	 5.2918e-01	 3.6314e+02	 5.5634e+03	-8.1807e+01	 1.0227e+04	 1.4723e+03	-6.9459e+00
 4.9879e+05	 5.4978e+03	 3.5317e+00	 4.8791e-01	 3.6314e+02	 5.5659e+03	-8.2134e+01	 7.3945e+03	 1.0216e+03	-7.2384e+00
 7.4818e+05	 5.4978e+03	 3.4589e+00	 3.6118e-01	 3.6313e+02	 5.5738e+03	-8.4039e+01	 6.6594e+03	 6.9539e+02	-9.5765e+00
 9.0000e+05	 5.4978e+03	 3.4142e+00	 3.3071e-01	 3.6313e+02	 5.5814e+03	-8.4467e+01	 6.0462e+03	 5.8566e+02	-1.0324e+01
 1.0000e+02	 5.5787e+03	 6.0404e+00	 1.9826e-01	 3.6313e+02	 5.5895e+03	-8.8120e+01	 9.0769e+07	 2.9792e+06	-3.0467e+01
 1.5000e+02	 5.5787e+03	 5.9946e+00	 2.2994e-01	 3.6313e+02	 5.5920e+03	-8.7803e+01	 5.2175e+07	 2.0013e+06	-2.6071e+01
 2.2500e+02	 5.5787e+03	 5.9354e+00	 2.6522e-01	 3.6312e+02	 5.5945e+03	-8.7441e+01	 3.0156e+07	 1.3475e+06	-2.2379e+01
 3.3750e+02	 5.5787e+03	 5.8627e+00	 3.0336e-01	 3.6311e+02	 5.5973e+03	-8.7038e+01	 1.7576e+07	 9.0949e+05	-1.9326e+01
 5.0625e+02	 5.5787e+03	 5.7771e+00	 3.3973e-01	 3.6311e+02	 5.5998e+03	-8.6634e+01	 1.0463e+07	 6.1531e+05	-1.7005e+01
 7.5938e+02	 5.5787e+03	 5.6810e+00	 3.7201e-01	 3.6311e+02	 5.6023e+03	-8.6253e+01	 6.3702e+06	 4.1715e+05	-1.5271e+01
 1.1391e+03	 5.5787e+03	 5.5768e+00	 4.0021e-01	 3.6311e+02	 5.6051e+03	-8.5895e+01	 3.9476e+06	 2.8329e+05	-1.3935e+01
 1.7086e+03	 5.5787e+03	 5.4662e+00	 4.2391e-01	 3.6310e+02	 5.6079e+03	-8.5565e+01	 2.4846e+06	 1.9268e+05	-1.2895e+01
 2.5629e+03	 5.5787e+03	 5.3504e+00	 4.4420e-01	 3.6311e+02	 5.6105e+03	-8.5254e+01	 1.5807e+06	 1.3124e+05	-1.2045e+01
 3.8443e+03	 5.5787e+03	 5.2303e+00	 4.6122e-01	 3.6311e+02	 5.6131e+03	-8.4961e+01	 1.0149e+06	 8.9499e+04	-1.1340e+01
 5.7665e+03	 5.5787e+03	 5.1073e+00	 4.7588e-01	 3.6311e+02	 5.6156e+03	-8.4677e+01	 6.5578e+05	 6.1103e+04	-1.0732e+01
 8.6498e+03	 5.5787e+03	 4.9818e+00	 4.8907e-01	 3.6311e+02	 5.6181e+03	-8.4393e+01	 4.2539e+05	 4.1762e+04	-1.0186e+01
 1.2975e+04	 5.5787e+03	 4.8544e+00	 5.0216e-01	 3.6312e+02	 5.6208e+03	-8.4094e+01	 2.7621e+05	 2.8572e+04	-9.6671e+00
 1.9462e+04	 5.5787e+03	 4.7236e+00	 5.1580e-01	 3.6312e+02	 5.6234e+03	-8.3768e+01	 1.7927e+05	 1.9575e+04	-9.1578e+00
 2.9193e+04	 5.5787e+03	 4.5886e+00	 5.3069e-01	 3.6313e+02	 5.6287e+03	-8.3403e+01	 1.1616e+05	 1.3434e+04	-8.6464e+00
 4.3789e+04	 5.5787e+03	 4.4685e+00	 5.4698e-01	 3.6314e+02	 5.6315e+03	-8.3021e+01	 7.5132e+04	 9.1969e+03	-8.1693e+00
 6.5684e+04	 5.5787e+03	 4.3205e+00	 5.6045e-01	 3.6315e+02	 5.6340e+03	-8.2609e+01	 4.8885e+04	 6.3412e+03	-7.7091e+00
 9.8526e+04	 5.5787e+03	 4.1658e+00	 5.6852e-01	 3.6316e+02	 5.6368e+03	-8.2229e+01	 3.2127e+04	 4.3844e+03	-7.3276e+00
 1.4779e+05	 5.5787e+03	 4.0071e+00	 5.6804e-01	 3.6316e+02	 5.6395e+03	-8.1932e+01	 2.1436e+04	 3.0387e+03	-7.0543e+00
 2.2168e+05	 5.5787e+03	 3.8471e+00	 5.5568e-01	 3.6317e+02	 5.6421e+03	-8.1781e+01	 1.4609e+04	 2.1101e+03	-6.9233e+00
 3.3253e+05	 5.5787e+03	 3.6720e+00	 5.2694e-01	 3.6317e+02	 5.6446e+03	-8.1834e+01	 1.0270e+04	 1.4738e+03	-6.9686e+00
 4.9879e+05	 5.5787e+03	 3.5288e+00	 4.8602e-01	 3.6317e+02	 5.6474e+03	-8.2158e+01	 7.4233e+03	 1.0224e+03	-7.2605e+00
 7.4818e+05	 5.5787e+03	 3.4566e+00	 3.5968e-01	 3.6315e+02	 5.6551e+03	-8.4059e+01	 6.6872e+03	 6.9585e+02	-9.6102e+00
 9.0000e+05	 5.5787e+03	 3.4117e+00	 3.2901e-01	 3.6313e+02	 5.6629e+03	-8.4492e+01	 6.0773e+03	 5.8608e+02	-1.0369e+01
 1.0000e+02	 5.6601e+03	 6.0397e+00	 1.9954e-01	 3.6312e+02	 5.6711e+03	-8.8108e+01	 9.0186e+07	 2.9796e+06	-3.0268e+01
 1.5000e+02	 5.6601e+03	 5.9923e+00	 2.2991e-01	 3.6312e+02	 5.6735e+03	-8.7803e+01	 5.2181e+07	 2.0021e+06	-2.6063e+01
 2.2500e+02	 5.6601e+03	 5.9335e+00	 2.6754e-01	 3.6313e+02	 5.6763e+03	-8.7418e+01	 2.9895e+07	 1.3480e+06	-2.2178e+01
 3.3750e+02	 5.6601e+03	 5.8607e+00	 3.0564e-01	 3.6313e+02	 5.6788e+03	-8.7015e+01	 1.7445e+07	 9.0979e+05	-1.9175e+01
 5.0625e+02	 5.6601e+03	 5.7748e+00	 3.4188e-01	 3.6314e+02	 5.6812e+03	-8.6612e+01	 1.0397e+07	 6.1555e+05	-1.6891e+01
 7.5938e+02	 5.6601e+03	 5.6786e+00	 3.7436e-01	 3.6315e+02	 5.6838e+03	-8.6228e+01	 6.3302e+06	 4.1732e+05	-1.5169e+01
 1.1391e+03	 5.6601e+03	 5.5739e+00	 4.0222e-01	 3.6315e+02	 5.6862e+03	-8.5873e+01	 3.9279e+06	 2.8344e+05	-1.3858e+01
 1.7086e+03	 5.6601e+03	 5.4627e+00	 4.2581e-01	 3.6316e+02	 5.6888e+03	-8.5543e+01	 2.4735e+06	 1.9281e+05	-1.2829e+01
 2.5629e+03	 5.6601e+03	 5.3469e+00	 4.4590e-01	 3.6316e+02	 5.6917e+03	-8.5233e+01	 1.5747e+06	 1.3132e+05	-1.1991e+01
 3.8443e+03	 5.6601e+03	 5.2264e+00	 4.6263e-01	 3.6317e+02	 5.6944e+03	-8.4941e+01	 1.0118e+06	 8.9567e+04	-1.1297e+01
 5.7665e+03	 5.6601e+03	 5.1033e+00	 4.7705e-01	 3.6317e+02	 5.6968e+03	-8.4660e+01	 6.5417e+05	 6.1152e+04	-1.0698e+01
 8.6498e+03	 5.6601e+03	 4.9776e+00	 4.8997e-01	 3.6317e+02	 5.6996e+03	-8.4378e+01	 4.2462e+05	 4.1797e+04	-1.0159e+01
 1.2975e+04	 5.6601e+03	 4.8501e+00	 5.0252e-01	 3.6317e+02	 5.7021e+03	-8.4085e+01	 2.7601e+05	 2.8597e+04	-9.6515e+00
 1.9462e+04	 5.6601e+03	 4.7193e+00	 5.1611e-01	 3.6319e+02	 5.7046e+03	-8.3759e+01	 1.7916e+05	 1.9593e+04	-9.1438e+00
 2.9193e+04	 5.6601e+03	 4.5841e+00	 5.3065e-01	 3.6319e+02	 5.7096e+03	-8.3397e+01	 1.1617e+05	 1.3447e+04	-8.6387e+00
 4.3789e+04	 5.6601e+03	 4.4640e+00	 5.4671e-01	 3.6319e+02	 5.7120e+03	-8.3018e+01	 7.5170e+04	 9.2062e+03	-8.1652e+00
 6.5684e+04	 5.6601e+03	 4.3159e+00	 5.5971e-01	 3.6320e+02	 5.7146e+03	-8.2611e+01	 4.8949e+04	 6.3480e+03	-7.7110e+00
 9.8526e+04	 5.6601e+03	 4.1612e+00	 5.6728e-01	 3.6319e+02	 5.7171e+03	-8.2237e+01	 3.2197e+04	 4.3893e+03	-7.3353e+00
 1.4779e+05	 5.6601e+03	 4.0027e+00	 5.6642e-01	 3.6319e+02	 5.7198e+03	-8.1946e+01	 2.1498e+04	 3.0421e+03	-7.0667e+00
 2.2168e+05	 5.6601e+03	 3.8431e+00	 5.5376e-01	 3.6319e+02	 5.7224e+03	-8.1801e+01	 1.4659e+04	 2.1123e+03	-6.9400e+00
 3.3253e+05	 5.6601e+03	 3.6686e+00	 5.2492e-01	 3.6319e+02	 5.7249e+03	-8.1857e+01	 1.0310e+04	 1.4752e+03	-6.9889e+00
 4.9879e+05	 5.6601e+03	 3.5259e+00	 4.8416e-01	 3.6319e+02	 5.7276e+03	-8.2181e+01	 7.4518e+03	 1.0232e+03	-7.2826e+00
 7.4818e+05	 5.6601e+03	 3.4544e+00	 3.5812e-01	 3.6319e+02	 5.7353e+03	-8.4081e+01	 6.7164e+03	 6.9629e+02	-9.6460e+00
 9.0000e+05	 5.6601e+03	 3.4099e+00	 3.2786e-01	 3.6319e+02	 5.7431e+03	-8.4508e+01	 6.0987e+03	 5.8638e+02	-1.0401e+01
 1.0000e+02	 5.7403e+03	 6.0397e+00	 2.0033e-01	 3.6318e+02	 5.7510e+03	-8.8100e+01	 8.9831e+07	 2.9796e+06	-3.0149e+01
 1.5000e+02	 5.7403e+03	 5.9959e+00	 2.3374e-01	 3.6317e+02	 5.7538e+03	-8.7768e+01	 5.1326e+07	 2.0009e+06	-2.5652e+01
 2.2500e+02	 5.7403e+03	 5.9333e+00	 2.6886e-01	 3.6317e+02	 5.7563e+03	-8.7406e+01	 2.9749e+07	 1.3480e+06	-2.2069e+01
 3.3750e+02	 5.7403e+03	 5.8597e+00	 3.0755e-01	 3.6316e+02	 5.7587e+03	-8.6996e+01	 1.7337e+07	 9.0996e+05	-1.9053e+01
 5.0625e+02	 5.7403e+03	 5.7729e+00	 3.4437e-01	 3.6317e+02	 5.7613e+03	-8.6586e+01	 1.0322e+07	 6.1576e+05	-1.6764e+01
 7.5938e+02	 5.7403e+03	 5.6751e+00	 3.7689e-01	 3.6317e+02	 5.7639e+03	-8.6201e+01	 6.2878e+06	 4.1758e+05	-1.5058e+01
 1.1391e+03	 5.7403e+03	 5.5693e+00	 4.0464e-01	 3.6316e+02	 5.7666e+03	-8.5844e+01	 3.9044e+06	 2.8367e+05	-1.3764e+01
 1.7086e+03	 5.7403e+03	 5.4568e+00	 4.2812e-01	 3.6316e+02	 5.7691e+03	-8.5514e+01	 2.4602e+06	 1.9301e+05	-1.2746e+01
 2.5629e+03	 5.7403e+03	 5.3397e+00	 4.4766e-01	 3.6315e+02	 5.7719e+03	-8.5208e+01	 1.5685e+06	 1.3150e+05	-1.1928e+01
 3.8443e+03	 5.7403e+03	 5.2186e+00	 4.6402e-01	 3.6315e+02	 5.7743e+03	-8.4919e+01	 1.0088e+06	 8.9701e+04	-1.1247e+01
 5.7665e+03	 5.7403e+03	 5.0949e+00	 4.7777e-01	 3.6315e+02	 5.7768e+03	-8.4643e+01	 6.5319e+05	 6.1252e+04	-1.0664e+01
 8.6498e+03	 5.7403e+03	 4.9686e+00	 4.9021e-01	 3.6315e+02	 5.7796e+03	-8.4365e+01	 4.2441e+05	 4.1872e+04	-1.0136e+01
 1.2975e+04	 5.7403e+03	 4.8410e+00	 5.0259e-01	 3.6315e+02	 5.7821e+03	-8.4073e+01	 2.7597e+05	 2.8651e+04	-9.6320e+00
 1.9462e+04	 5.7403e+03	 4.7098e+00	 5.1569e-01	 3.6315e+02	 5.7848e+03	-8.3751e+01	 1.7930e+05	 1.9633e+04	-9.1329e+00
 2.9193e+04	 5.7403e+03	 4.5745e+00	 5.3020e-01	 3.6315e+02	 5.7898e+03	-8.3389e+01	 1.1627e+05	 1.3475e+04	-8.6279e+00
 4.3789e+04	 5.7403e+03	 4.4544e+00	 5.4604e-01	 3.6315e+02	 5.7924e+03	-8.3011e+01	 7.5263e+04	 9.2258e+03	-8.1578e+00
 6.5684e+04	 5.7403e+03	 4.3066e+00	 5.5846e-01	 3.6315e+02	 5.7948e+03	-8.2611e+01	 4.9059e+04	 6.3618e+03	-7.7115e+00
 9.8526e+04	 5.7403e+03	 4.1521e+00	 5.6547e-01	 3.6315e+02	 5.7976e+03	-8.2245e+01	 3.2301e+04	 4.3990e+03	-7.3427e+00
 1.4779e+05	 5.7403e+03	 3.9944e+00	 5.6393e-01	 3.6316e+02	 5.8001e+03	-8.1964e+01	 2.1592e+04	 3.0484e+03	-7.0832e+00
 2.2168e+05	 5.7403e+03	 3.8357e+00	 5.5086e-01	 3.6316e+02	 5.8029e+03	-8.1827e+01	 1.4736e+04	 2.1164e+03	-6.9631e+00
 3.3253e+05	 5.7403e+03	 3.6622e+00	 5.2186e-01	 3.6316e+02	 5.8053e+03	-8.1890e+01	 1.0370e+04	 1.4778e+03	-7.0176e+00
 4.9879e+05	 5.7403e+03	 3.5206e+00	 4.8122e-01	 3.6315e+02	 5.8081e+03	-8.2217e+01	 7.4974e+03	 1.0248e+03	-7.3161e+00
 7.4818e+05	 5.7403e+03	 3.4501e+00	 3.5557e-01	 3.6315e+02	 5.8158e+03	-8.4116e+01	 6.7645e+03	 6.9715e+02	-9.7031e+00
 9.0000e+05	 5.7403e+03	 3.4061e+00	 3.2572e-01	 3.6315e+02	 5.8236e+03	-8.4537e+01	 6.1388e+03	 5.8704e+02	-1.0457e+01
 1.0000e+02	 5.8208e+03	 6.0374e+00	 2.0251e-01	 3.6313e+02	 5.8318e+03	-8.8079e+01	 8.8862e+07	 2.9807e+06	-2.9812e+01
 1.5000e+02	 5.8208e+03	 5.9917e+00	 2.3857e-01	 3.6312e+02	 5.8342e+03	-8.7720e+01	 5.0287e+07	 2.0023e+06	-2.5115e+01
 2.2500e+02	 5.8208e+03	 5.9295e+00	 2.7175e-01	 3.6312e+02	 5.8369e+03	-8.7376e+01	 2.9431e+07	 1.3489e+06	-2.1819e+01
 3.3750e+02	 5.8208e+03	 5.8548e+00	 3.1080e-01	 3.6313e+02	 5.8394e+03	-8.6961e+01	 1.7156e+07	 9.1072e+05	-1.8838e+01
 5.0625e+02	 5.8208e+03	 5.7670e+00	 3.4747e-01	 3.6313e+02	 5.8418e+03	-8.6552e+01	 1.0230e+07	 6.1639e+05	-1.6597e+01
 7.5938e+02	 5.8208e+03	 5.6686e+00	 3.7980e-01	 3.6313e+02	 5.8444e+03	-8.6167e+01	 6.2396e+06	 4.1806e+05	-1.4925e+01
 1.1391e+03	 5.8208e+03	 5.5623e+00	 4.0715e-01	 3.6313e+02	 5.8469e+03	-8.5814e+01	 3.8804e+06	 2.8403e+05	-1.3662e+01
 1.7086e+03	 5.8208e+03	 5.4493e+00	 4.3040e-01	 3.6313e+02	 5.8496e+03	-8.5484e+01	 2.4471e+06	 1.9328e+05	-1.2661e+01
 2.5629e+03	 5.8208e+03	 5.3318e+00	 4.4939e-01	 3.6313e+02	 5.8521e+03	-8.5182e+01	 1.5625e+06	 1.3169e+05	-1.1865e+01
 3.8443e+03	 5.8208e+03	 5.2105e+00	 4.6514e-01	 3.6314e+02	 5.8546e+03	-8.4899e+01	 1.0064e+06	 8.9839e+04	-1.1202e+01
 5.7665e+03	 5.8208e+03	 5.0867e+00	 4.7856e-01	 3.6314e+02	 5.8572e+03	-8.4625e+01	 6.5211e+05	 6.1351e+04	-1.0629e+01
 8.6498e+03	 5.8208e+03	 4.9607e+00	 4.9060e-01	 3.6314e+02	 5.8599e+03	-8.4352e+01	 4.2407e+05	 4.1939e+04	-1.0111e+01
 1.2975e+04	 5.8208e+03	 4.8329e+00	 5.0268e-01	 3.6313e+02	 5.8625e+03	-8.4062e+01	 2.7592e+05	 2.8699e+04	-9.6144e+00
 1.9462e+04	 5.8208e+03	 4.7019e+00	 5.1573e-01	 3.6313e+02	 5.8654e+03	-8.3740e+01	 1.7929e+05	 1.9666e+04	-9.1169e+00
 2.9193e+04	 5.8208e+03	 4.5869e+00	 5.3132e-01	 3.6312e+02	 5.8679e+03	-8.3393e+01	 1.1602e+05	 1.3439e+04	-8.6330e+00
 4.3789e+04	 5.8208e+03	 4.4464e+00	 5.4519e-01	 3.6311e+02	 5.8703e+03	-8.3010e+01	 7.5379e+04	 9.2426e+03	-8.1556e+00
 6.5684e+04	 5.8208e+03	 4.2983e+00	 5.5727e-01	 3.6312e+02	 5.8731e+03	-8.2613e+01	 4.9163e+04	 6.3740e+03	-7.7131e+00
 9.8526e+04	 5.8208e+03	 4.1445e+00	 5.6376e-01	 3.6313e+02	 5.8756e+03	-8.2254e+01	 3.2398e+04	 4.4070e+03	-7.3515e+00
 1.4779e+05	 5.8208e+03	 3.9875e+00	 5.6174e-01	 3.6313e+02	 5.8783e+03	-8.1981e+01	 2.1677e+04	 3.0537e+03	-7.0985e+00
 2.2168e+05	 5.8208e+03	 3.8297e+00	 5.4832e-01	 3.6313e+02	 5.8809e+03	-8.1852e+01	 1.4805e+04	 2.1197e+03	-6.9844e+00
 3.3253e+05	 5.8208e+03	 3.6573e+00	 5.1924e-01	 3.6314e+02	 5.8836e+03	-8.1919e+01	 1.0423e+04	 1.4797e+03	-7.0435e+00
 4.9879e+05	 5.8208e+03	 3.5167e+00	 4.7870e-01	 3.6314e+02	 5.8861e+03	-8.2248e+01	 7.5369e+03	 1.0259e+03	-7.3463e+00
 7.4818e+05	 5.8208e+03	 3.4473e+00	 3.5354e-01	 3.6315e+02	 5.8941e+03	-8.4144e+01	 6.8034e+03	 6.9773e+02	-9.7508e+00
 9.0000e+05	 5.8208e+03	 3.4036e+00	 3.2367e-01	 3.6315e+02	 5.9018e+03	-8.4568e+01	 6.1777e+03	 5.8748e+02	-1.0516e+01
 1.0000e+02	 5.8990e+03	 6.0369e+00	 2.0366e-01	 3.6314e+02	 5.9097e+03	-8.8068e+01	 8.8362e+07	 2.9809e+06	-2.9642e+01
 1.5000e+02	 5.8990e+03	 5.9907e+00	 2.3196e-01	 3.6314e+02	 5.9123e+03	-8.7783e+01	 5.1720e+07	 2.0026e+06	-2.5826e+01
 2.2500e+02	 5.8990e+03	 5.9282e+00	 2.7354e-01	 3.6315e+02	 5.9148e+03	-8.7358e+01	 2.9240e+07	 1.3492e+06	-2.1673e+01
 3.3750e+02	 5.8990e+03	 5.8531e+00	 3.1275e-01	 3.6315e+02	 5.9175e+03	-8.6941e+01	 1.7049e+07	 9.1098e+05	-1.8715e+01
 5.0625e+02	 5.8990e+03	 5.7650e+00	 3.4963e-01	 3.6315e+02	 5.9200e+03	-8.6529e+01	 1.0167e+07	 6.1660e+05	-1.6489e+01
 7.5938e+02	 5.8990e+03	 5.6658e+00	 3.8206e-01	 3.6315e+02	 5.9229e+03	-8.6142e+01	 6.2026e+06	 4.1827e+05	-1.4829e+01
 1.1391e+03	 5.8990e+03	 5.5583e+00	 4.0928e-01	 3.6315e+02	 5.9253e+03	-8.5789e+01	 3.8601e+06	 2.8424e+05	-1.3581e+01
 1.7086e+03	 5.8990e+03	 5.4452e+00	 4.3232e-01	 3.6315e+02	 5.9283e+03	-8.5461e+01	 2.4363e+06	 1.9343e+05	-1.2595e+01
 2.5629e+03	 5.8990e+03	 5.3268e+00	 4.5095e-01	 3.6316e+02	 5.9309e+03	-8.5161e+01	 1.5571e+06	 1.3182e+05	-1.1812e+01
 3.8443e+03	 5.8990e+03	 5.2055e+00	 4.6645e-01	 3.6315e+02	 5.9336e+03	-8.4880e+01	 1.0036e+06	 8.9925e+04	-1.1160e+01
 5.7665e+03	 5.8990e+03	 5.0816e+00	 4.7945e-01	 3.6316e+02	 5.9361e+03	-8.4610e+01	 6.5089e+05	 6.1413e+04	-1.0599e+01
 8.6498e+03	 5.8990e+03	 4.9555e+00	 4.9123e-01	 3.6316e+02	 5.9389e+03	-8.4339e+01	 4.2353e+05	 4.1983e+04	-1.0088e+01
 1.2975e+04	 5.8990e+03	 4.8277e+00	 5.0295e-01	 3.6317e+02	 5.9414e+03	-8.4052e+01	 2.7577e+05	 2.8730e+04	-9.5987e+00
 1.9462e+04	 5.8990e+03	 4.6965e+00	 5.1572e-01	 3.6317e+02	 5.9443e+03	-8.3734e+01	 1.7930e+05	 1.9688e+04	-9.1068e+00
 2.9193e+04	 5.8990e+03	 4.5820e+00	 5.3125e-01	 3.6316e+02	 5.9467e+03	-8.3387e+01	 1.1604e+05	 1.3453e+04	-8.6250e+00
 4.3789e+04	 5.8990e+03	 4.4414e+00	 5.4476e-01	 3.6315e+02	 5.9496e+03	-8.3007e+01	 7.5439e+04	 9.2530e+03	-8.1529e+00
 6.5684e+04	 5.8990e+03	 4.2934e+00	 5.5648e-01	 3.6315e+02	 5.9522e+03	-8.2615e+01	 4.9233e+04	 6.3813e+03	-7.7152e+00
 9.8526e+04	 5.8990e+03	 4.1394e+00	 5.6240e-01	 3.6313e+02	 5.9549e+03	-8.2263e+01	 3.2477e+04	 4.4125e+03	-7.3602e+00
 1.4779e+05	 5.8990e+03	 3.9823e+00	 5.5988e-01	 3.6313e+02	 5.9574e+03	-8.1997e+01	 2.1748e+04	 3.0577e+03	-7.1127e+00
 2.2168e+05	 5.8990e+03	 3.8250e+00	 5.4614e-01	 3.6312e+02	 5.9602e+03	-8.1874e+01	 1.4864e+04	 2.1223e+03	-7.0036e+00
 3.3253e+05	 5.8990e+03	 3.6529e+00	 5.1690e-01	 3.6311e+02	 5.9626e+03	-8.1946e+01	 1.0470e+04	 1.4815e+03	-7.0671e+00
 4.9879e+05	 5.8990e+03	 3.5129e+00	 4.7640e-01	 3.6312e+02	 5.9652e+03	-8.2277e+01	 7.5731e+03	 1.0270e+03	-7.3738e+00
 7.4818e+05	 5.8990e+03	 3.4437e+00	 3.5117e-01	 3.6312e+02	 5.9728e+03	-8.4177e+01	 6.8492e+03	 6.9846e+02	-9.8062e+00
 9.0000e+05	 5.8990e+03	 3.4007e+00	 3.2111e-01	 3.6314e+02	 5.9808e+03	-8.4606e+01	 6.2270e+03	 5.8798e+02	-1.0590e+01
 1.0000e+02	 5.9780e+03	 6.0359e+00	 2.0503e-01	 3.6314e+02	 5.9886e+03	-8.8055e+01	 8.7772e+07	 2.9814e+06	-2.9440e+01
 1.5000e+02	 5.9780e+03	 5.9892e+00	 2.3419e-01	 3.6314e+02	 5.9913e+03	-8.7761e+01	 5.1228e+07	 2.0031e+06	-2.5574e+01
 2.2500e+02	 5.9780e+03	 5.9265e+00	 2.7557e-01	 3.6314e+02	 5.9938e+03	-8.7338e+01	 2.9024e+07	 1.3495e+06	-2.1506e+01
 3.3750e+02	 5.9780e+03	 5.8508e+00	 3.1512e-01	 3.6315e+02	 5.9964e+03	-8.6917e+01	 1.6921e+07	 9.1134e+05	-1.8567e+01
 5.0625e+02	 5.9780e+03	 5.7617e+00	 3.5211e-01	 3.6315e+02	 5.9989e+03	-8.6503e+01	 1.0095e+07	 6.1696e+05	-1.6363e+01
 7.5938e+02	 5.9780e+03	 5.6620e+00	 3.8456e-01	 3.6316e+02	 6.0014e+03	-8.6115e+01	 6.1625e+06	 4.1854e+05	-1.4724e+01
 1.1391e+03	 5.9780e+03	 5.5542e+00	 4.1153e-01	 3.6316e+02	 6.0039e+03	-8.5762e+01	 3.8390e+06	 2.8444e+05	-1.3496e+01
 1.7086e+03	 5.9780e+03	 5.4404e+00	 4.3408e-01	 3.6317e+02	 6.0065e+03	-8.5438e+01	 2.4264e+06	 1.9360e+05	-1.2533e+01
 2.5629e+03	 5.9780e+03	 5.3222e+00	 4.5254e-01	 3.6317e+02	 6.0093e+03	-8.5140e+01	 1.5516e+06	 1.3193e+05	-1.1761e+01
 3.8443e+03	 5.9780e+03	 5.2002e+00	 4.6760e-01	 3.6318e+02	 6.0118e+03	-8.4862e+01	 1.0011e+06	 9.0018e+04	-1.1121e+01
 5.7665e+03	 5.9780e+03	 5.0760e+00	 4.8026e-01	 3.6318e+02	 6.0147e+03	-8.4595e+01	 6.4980e+05	 6.1481e+04	-1.0569e+01
 8.6498e+03	 5.9780e+03	 4.9496e+00	 4.9178e-01	 3.6318e+02	 6.0172e+03	-8.4326e+01	 4.2305e+05	 4.2034e+04	-1.0065e+01
 1.2975e+04	 5.9780e+03	 4.8221e+00	 5.0335e-01	 3.6318e+02	 6.0198e+03	-8.4041e+01	 2.7555e+05	 2.8763e+04	-9.5800e+00
 1.9462e+04	 5.9780e+03	 4.6908e+00	 5.1580e-01	 3.6318e+02	 6.0224e+03	-8.3725e+01	 1.7927e+05	 1.9712e+04	-9.0942e+00
 2.9193e+04	 5.9780e+03	 4.5764e+00	 5.3103e-01	 3.6318e+02	 6.0249e+03	-8.3381e+01	 1.1608e+05	 1.3470e+04	-8.6180e+00
 4.3789e+04	 5.9780e+03	 4.4360e+00	 5.4446e-01	 3.6318e+02	 6.0275e+03	-8.3003e+01	 7.5481e+04	 9.2641e+03	-8.1477e+00
 6.5684e+04	 5.9780e+03	 4.2883e+00	 5.5569e-01	 3.6318e+02	 6.0299e+03	-8.2617e+01	 4.9304e+04	 6.3889e+03	-7.7171e+00
 9.8526e+04	 5.9780e+03	 4.1349e+00	 5.6127e-01	 3.6318e+02	 6.0326e+03	-8.2270e+01	 3.2542e+04	 4.4173e+03	-7.3670e+00
 1.4779e+05	 5.9780e+03	 3.9786e+00	 5.5837e-01	 3.6318e+02	 6.0351e+03	-8.2011e+01	 2.1807e+04	 3.0605e+03	-7.1254e+00
 2.2168e+05	 5.9780e+03	 3.8220e+00	 5.4456e-01	 3.6318e+02	 6.0378e+03	-8.1891e+01	 1.4907e+04	 2.1239e+03	-7.0185e+00
 3.3253e+05	 5.9780e+03	 3.6506e+00	 5.1545e-01	 3.6318e+02	 6.0403e+03	-8.1963e+01	 1.0499e+04	 1.4824e+03	-7.0824e+00
 4.9879e+05	 5.9780e+03	 3.5111e+00	 4.7508e-01	 3.6318e+02	 6.0429e+03	-8.2294e+01	 7.5943e+03	 1.0276e+03	-7.3907e+00
 7.4818e+05	 5.9780e+03	 3.4423e+00	 3.4953e-01	 3.6318e+02	 6.0509e+03	-8.4202e+01	 6.8814e+03	 6.9872e+02	-9.8485e+00
 9.0000e+05	 5.9780e+03	 3.3992e+00	 3.1969e-01	 3.6317e+02	 6.0591e+03	-8.4627e+01	 6.2545e+03	 5.8824e+02	-1.0633e+01
 1.0000e+02	 6.0563e+03	 6.0363e+00	 2.0596e-01	 3.6317e+02	 6.0669e+03	-8.8046e+01	 8.7373e+07	 2.9812e+06	-2.9307e+01
 1.5000e+02	 6.0563e+03	 5.9888e+00	 2.4319e-01	 3.6317e+02	 6.0696e+03	-8.7675e+01	 4.9332e+07	 2.0032e+06	-2.4626e+01
 2.2500e+02	 6.0563e+03	 5.9259e+00	 2.7717e-01	 3.6317e+02	 6.0721e+03	-8.7322e+01	 2.8857e+07	 1.3497e+06	-2.1380e+01
 3.3750e+02	 6.0563e+03	 5.8493e+00	 3.1713e-01	 3.6317e+02	 6.0745e+03	-8.6897e+01	 1.6813e+07	 9.1157e+05	-1.8444e+01
 5.0625e+02	 6.0563e+03	 5.7593e+00	 3.5419e-01	 3.6317e+02	 6.0772e+03	-8.6481e+01	 1.0036e+07	 6.1721e+05	-1.6261e+01
 7.5938e+02	 6.0563e+03	 5.6584e+00	 3.8680e-01	 3.6316e+02	 6.0798e+03	-8.6089e+01	 6.1266e+06	 4.1881e+05	-1.4629e+01
 1.1391e+03	 6.0563e+03	 5.5491e+00	 4.1405e-01	 3.6316e+02	 6.0824e+03	-8.5733e+01	 3.8156e+06	 2.8471e+05	-1.3402e+01
 1.7086e+03	 6.0563e+03	 5.4336e+00	 4.3595e-01	 3.6314e+02	 6.0849e+03	-8.5413e+01	 2.4160e+06	 1.9384e+05	-1.2464e+01
 2.5629e+03	 6.0563e+03	 5.3140e+00	 4.5414e-01	 3.6312e+02	 6.0875e+03	-8.5115e+01	 1.5461e+06	 1.3213e+05	-1.1701e+01
 3.8443e+03	 6.0563e+03	 5.1908e+00	 4.6859e-01	 3.6311e+02	 6.0901e+03	-8.4842e+01	 9.9898e+05	 9.0180e+04	-1.1078e+01
 5.7665e+03	 6.0563e+03	 5.0660e+00	 4.8083e-01	 3.6310e+02	 6.0926e+03	-8.4578e+01	 6.4904e+05	 6.1601e+04	-1.0536e+01
 8.6498e+03	 6.0563e+03	 4.9393e+00	 4.9181e-01	 3.6310e+02	 6.0952e+03	-8.4314e+01	 4.2302e+05	 4.2121e+04	-1.0043e+01
 1.2975e+04	 6.0563e+03	 4.8116e+00	 5.0306e-01	 3.6310e+02	 6.0978e+03	-8.4031e+01	 2.7571e+05	 2.8826e+04	-9.5647e+00
 1.9462e+04	 6.0563e+03	 4.6805e+00	 5.1544e-01	 3.6311e+02	 6.1006e+03	-8.3716e+01	 1.7939e+05	 1.9755e+04	-9.0806e+00
 2.9193e+04	 6.0563e+03	 4.5662e+00	 5.3037e-01	 3.6311e+02	 6.1031e+03	-8.3375e+01	 1.1623e+05	 1.3500e+04	-8.6094e+00
 4.3789e+04	 6.0563e+03	 4.4258e+00	 5.4324e-01	 3.6310e+02	 6.1058e+03	-8.3002e+01	 7.5650e+04	 9.2856e+03	-8.1471e+00
 6.5684e+04	 6.0563e+03	 4.2780e+00	 5.5418e-01	 3.6309e+02	 6.1082e+03	-8.2619e+01	 4.9438e+04	 6.4042e+03	-7.7196e+00
 9.8526e+04	 6.0563e+03	 4.1244e+00	 5.5912e-01	 3.6308e+02	 6.1107e+03	-8.2280e+01	 3.2667e+04	 4.4285e+03	-7.3766e+00
 1.4779e+05	 6.0563e+03	 3.9688e+00	 5.5554e-01	 3.6307e+02	 6.1132e+03	-8.2032e+01	 2.1919e+04	 3.0681e+03	-7.1441e+00
 2.2168e+05	 6.0563e+03	 3.8131e+00	 5.4115e-01	 3.6307e+02	 6.1158e+03	-8.1923e+01	 1.5001e+04	 2.1289e+03	-7.0463e+00
 3.3253e+05	 6.0563e+03	 3.6430e+00	 5.1183e-01	 3.6307e+02	 6.1185e+03	-8.2002e+01	 1.0573e+04	 1.4855e+03	-7.1176e+00
 4.9879e+05	 6.0563e+03	 3.5049e+00	 4.7159e-01	 3.6309e+02	 6.1211e+03	-8.2337e+01	 7.6504e+03	 1.0294e+03	-7.4320e+00
 7.4818e+05	 6.0563e+03	 3.4379e+00	 3.4653e-01	 3.6312e+02	 6.1291e+03	-8.4244e+01	 6.9410e+03	 6.9962e+02	-9.9211e+00
 9.0000e+05	 6.0563e+03	 3.3957e+00	 3.1770e-01	 3.6315e+02	 6.1368e+03	-8.4655e+01	 6.2938e+03	 5.8884e+02	-1.0689e+01
 1.0000e+02	 6.1340e+03	 6.0348e+00	 2.0730e-01	 3.6317e+02	 6.1447e+03	-8.8033e+01	 8.6809e+07	 2.9820e+06	-2.9111e+01
 1.5000e+02	 6.1340e+03	 5.9839e+00	 2.4214e-01	 3.6318e+02	 6.1473e+03	-8.7683e+01	 4.9547e+07	 2.0049e+06	-2.4713e+01
 2.2500e+02	 6.1340e+03	 5.9243e+00	 2.7921e-01	 3.6319e+02	 6.1498e+03	-8.7302e+01	 2.8645e+07	 1.3500e+06	-2.1218e+01
 3.3750e+02	 6.1340e+03	 5.8474e+00	 3.1904e-01	 3.6318e+02	 6.1522e+03	-8.6877e+01	 1.6713e+07	 9.1187e+05	-1.8328e+01
 5.0625e+02	 6.1340e+03	 5.7571e+00	 3.5634e-01	 3.6319e+02	 6.1548e+03	-8.6458e+01	 9.9755e+06	 6.1745e+05	-1.6156e+01
 7.5938e+02	 6.1340e+03	 5.6560e+00	 3.8866e-01	 3.6320e+02	 6.1574e+03	-8.6069e+01	 6.0973e+06	 4.1899e+05	-1.4552e+01
 1.1391e+03	 6.1340e+03	 5.5469e+00	 4.1597e-01	 3.6320e+02	 6.1601e+03	-8.5711e+01	 3.7980e+06	 2.8482e+05	-1.3335e+01
 1.7086e+03	 6.1340e+03	 5.4316e+00	 4.3782e-01	 3.6320e+02	 6.1627e+03	-8.5392e+01	 2.4057e+06	 1.9391e+05	-1.2406e+01
 2.5629e+03	 6.1340e+03	 5.3119e+00	 4.5546e-01	 3.6320e+02	 6.1655e+03	-8.5099e+01	 1.5416e+06	 1.3219e+05	-1.1663e+01
 3.8443e+03	 6.1340e+03	 5.1891e+00	 4.6973e-01	 3.6319e+02	 6.1680e+03	-8.4827e+01	 9.9655e+05	 9.0211e+04	-1.1047e+01
 5.7665e+03	 6.1340e+03	 5.0643e+00	 4.8182e-01	 3.6320e+02	 6.1706e+03	-8.4565e+01	 6.4769e+05	 6.1622e+04	-1.0511e+01
 8.6498e+03	 6.1340e+03	 4.9378e+00	 4.9266e-01	 3.6320e+02	 6.1732e+03	-8.4302e+01	 4.2230e+05	 4.2134e+04	-1.0023e+01
 1.2975e+04	 6.1340e+03	 4.8099e+00	 5.0367e-01	 3.6320e+02	 6.1759e+03	-8.4022e+01	 2.7538e+05	 2.8836e+04	-9.5499e+00
 1.9462e+04	 6.1340e+03	 4.6789e+00	 5.1596e-01	 3.6319e+02	 6.1785e+03	-8.3707e+01	 1.7921e+05	 1.9762e+04	-9.0684e+00
 2.9193e+04	 6.1340e+03	 4.5646e+00	 5.3071e-01	 3.6320e+02	 6.1809e+03	-8.3368e+01	 1.1615e+05	 1.3505e+04	-8.6009e+00
 4.3789e+04	 6.1340e+03	 4.4241e+00	 5.4346e-01	 3.6320e+02	 6.1834e+03	-8.2997e+01	 7.5619e+04	 9.2892e+03	-8.1406e+00
 6.5684e+04	 6.1340e+03	 4.2766e+00	 5.5399e-01	 3.6320e+02	 6.1858e+03	-8.2619e+01	 4.9455e+04	 6.4063e+03	-7.7197e+00
 9.8526e+04	 6.1340e+03	 4.1235e+00	 5.5860e-01	 3.6320e+02	 6.1882e+03	-8.2285e+01	 3.2697e+04	 4.4295e+03	-7.3818e+00
 1.4779e+05	 6.1340e+03	 3.9683e+00	 5.5484e-01	 3.6319e+02	 6.1908e+03	-8.2041e+01	 2.1946e+04	 3.0684e+03	-7.1522e+00
 2.2168e+05	 6.1340e+03	 3.8129e+00	 5.4042e-01	 3.6319e+02	 6.1934e+03	-8.1933e+01	 1.5021e+04	 2.1290e+03	-7.0554e+00
 3.3253e+05	 6.1340e+03	 3.6427e+00	 5.1109e-01	 3.6318e+02	 6.1961e+03	-8.2013e+01	 1.0589e+04	 1.4857e+03	-7.1272e+00
 4.9879e+05	 6.1340e+03	 3.5045e+00	 4.7110e-01	 3.6317e+02	 6.1986e+03	-8.2344e+01	 7.6584e+03	 1.0295e+03	-7.4389e+00
 7.4818e+05	 6.1340e+03	 3.4368e+00	 3.4569e-01	 3.6317e+02	 6.2064e+03	-8.4256e+01	 6.9579e+03	 6.9985e+02	-9.9419e+00
 9.0000e+05	 6.1340e+03	 3.3939e+00	 3.1594e-01	 3.6317e+02	 6.2142e+03	-8.4682e+01	 6.3287e+03	 5.8916e+02	-1.0742e+01
 1.0000e+02	 6.2115e+03	 6.0342e+00	 2.0848e-01	 3.6317e+02	 6.2221e+03	-8.8021e+01	 8.6321e+07	 2.9823e+06	-2.8945e+01
 1.5000e+02	 6.2115e+03	 5.9837e+00	 2.4291e-01	 3.6317e+02	 6.2247e+03	-8.7675e+01	 4.9390e+07	 2.0050e+06	-2.4634e+01
 2.2500e+02	 6.2115e+03	 5.9219e+00	 2.8160e-01	 3.6317e+02	 6.2272e+03	-8.7278e+01	 2.8403e+07	 1.3506e+06	-2.1030e+01
 3.3750e+02	 6.2115e+03	 5.8441e+00	 3.2170e-01	 3.6318e+02	 6.2299e+03	-8.6849e+01	 1.6574e+07	 9.1238e+05	-1.8166e+01
 5.0625e+02	 6.2115e+03	 5.7527e+00	 3.5902e-01	 3.6317e+02	 6.2323e+03	-8.6429e+01	 9.9012e+06	 6.1792e+05	-1.6023e+01
 7.5938e+02	 6.2115e+03	 5.6502e+00	 3.9144e-01	 3.6318e+02	 6.2349e+03	-8.6037e+01	 6.0540e+06	 4.1942e+05	-1.4434e+01
 1.1391e+03	 6.2115e+03	 5.5394e+00	 4.1807e-01	 3.6316e+02	 6.2373e+03	-8.5684e+01	 3.7790e+06	 2.8520e+05	-1.3250e+01
 1.7086e+03	 6.2115e+03	 5.4234e+00	 4.3969e-01	 3.6316e+02	 6.2399e+03	-8.5365e+01	 2.3954e+06	 1.9420e+05	-1.2335e+01
 2.5629e+03	 6.2115e+03	 5.3029e+00	 4.5709e-01	 3.6315e+02	 6.2426e+03	-8.5074e+01	 1.5362e+06	 1.3241e+05	-1.1602e+01
 3.8443e+03	 6.2115e+03	 5.1795e+00	 4.7071e-01	 3.6314e+02	 6.2451e+03	-8.4807e+01	 9.9448e+05	 9.0378e+04	-1.1004e+01
 5.7665e+03	 6.2115e+03	 5.0540e+00	 4.8219e-01	 3.6313e+02	 6.2476e+03	-8.4550e+01	 6.4720e+05	 6.1747e+04	-1.0482e+01
 8.6498e+03	 6.2115e+03	 4.9269e+00	 4.9269e-01	 3.6311e+02	 6.2504e+03	-8.4289e+01	 4.2227e+05	 4.2227e+04	-1.0000e+01
 1.2975e+04	 6.2115e+03	 4.7986e+00	 5.0332e-01	 3.6310e+02	 6.2528e+03	-8.4012e+01	 2.7557e+05	 2.8904e+04	-9.5340e+00
 1.9462e+04	 6.2115e+03	 4.6668e+00	 5.1520e-01	 3.6308e+02	 6.2556e+03	-8.3700e+01	 1.7948e+05	 1.9814e+04	-9.0582e+00
 2.9193e+04	 6.2115e+03	 4.5523e+00	 5.2976e-01	 3.6308e+02	 6.2581e+03	-8.3362e+01	 1.1636e+05	 1.3541e+04	-8.5933e+00
 4.3789e+04	 6.2115e+03	 4.4115e+00	 5.4206e-01	 3.6307e+02	 6.2608e+03	-8.2995e+01	 7.5815e+04	 9.3156e+03	-8.1385e+00
 6.5684e+04	 6.2115e+03	 4.2643e+00	 5.5201e-01	 3.6305e+02	 6.2632e+03	-8.2624e+01	 4.9632e+04	 6.4248e+03	-7.7250e+00
 9.8526e+04	 6.2115e+03	 4.1119e+00	 5.5615e-01	 3.6306e+02	 6.2657e+03	-8.2297e+01	 3.2842e+04	 4.4419e+03	-7.3936e+00
 1.4779e+05	 6.2115e+03	 3.9577e+00	 5.5183e-01	 3.6307e+02	 6.2683e+03	-8.2062e+01	 2.2066e+04	 3.0767e+03	-7.1719e+00
 2.2168e+05	 6.2115e+03	 3.8037e+00	 5.3694e-01	 3.6308e+02	 6.2709e+03	-8.1965e+01	 1.5119e+04	 2.1342e+03	-7.0841e+00
 3.3253e+05	 6.2115e+03	 3.6351e+00	 5.0763e-01	 3.6309e+02	 6.2736e+03	-8.2050e+01	 1.0661e+04	 1.4888e+03	-7.1611e+00
 4.9879e+05	 6.2115e+03	 3.4987e+00	 4.6777e-01	 3.6309e+02	 6.2761e+03	-8.2385e+01	 7.7129e+03	 1.0312e+03	-7.4794e+00
 7.4818e+05	 6.2115e+03	 3.4329e+00	 3.4315e-01	 3.6313e+02	 6.2841e+03	-8.4292e+01	 7.0093e+03	 7.0066e+02	-1.0004e+01
 9.0000e+05	 6.2115e+03	 3.3907e+00	 3.1397e-01	 3.6314e+02	 6.2918e+03	-8.4710e+01	 6.3685e+03	 5.8970e+02	-1.0799e+01
 1.0000e+02	 6.2890e+03	 6.0327e+00	 2.1044e-01	 3.6313e+02	 6.2997e+03	-8.8002e+01	 8.5514e+07	 2.9830e+06	-2.8667e+01
 1.5000e+02	 6.2890e+03	 5.9847e+00	 2.4549e-01	 3.6315e+02	 6.3022e+03	-8.7651e+01	 4.8871e+07	 2.0046e+06	-2.4379e+01
 2.2500e+02	 6.2890e+03	 5.9194e+00	 2.8365e-01	 3.6315e+02	 6.3046e+03	-8.7257e+01	 2.8197e+07	 1.3512e+06	-2.0869e+01
 3.3750e+02	 6.2890e+03	 5.8412e+00	 3.2418e-01	 3.6315e+02	 6.3071e+03	-8.6823e+01	 1.6448e+07	 9.1284e+05	-1.8018e+01
 5.0625e+02	 6.2890e+03	 5.7491e+00	 3.6164e-01	 3.6316e+02	 6.3096e+03	-8.6401e+01	 9.8295e+06	 6.1831e+05	-1.5897e+01
 7.5938e+02	 6.2890e+03	 5.6465e+00	 3.9353e-01	 3.6317e+02	 6.3122e+03	-8.6013e+01	 6.0219e+06	 4.1969e+05	-1.4348e+01
 1.1391e+03	 6.2890e+03	 5.5357e+00	 4.2006e-01	 3.6317e+02	 6.3150e+03	-8.5661e+01	 3.7610e+06	 2.8540e+05	-1.3178e+01
 1.7086e+03	 6.2890e+03	 5.4195e+00	 4.4135e-01	 3.6318e+02	 6.3179e+03	-8.5344e+01	 2.3864e+06	 1.9434e+05	-1.2279e+01
 2.5629e+03	 6.2890e+03	 5.2992e+00	 4.5839e-01	 3.6318e+02	 6.3205e+03	-8.5056e+01	 1.5318e+06	 1.3250e+05	-1.1560e+01
 3.8443e+03	 6.2890e+03	 5.1763e+00	 4.7183e-01	 3.6319e+02	 6.3234e+03	-8.4792e+01	 9.9210e+05	 9.0434e+04	-1.0971e+01
 5.7665e+03	 6.2890e+03	 5.0513e+00	 4.8314e-01	 3.6319e+02	 6.3259e+03	-8.4536e+01	 6.4592e+05	 6.1781e+04	-1.0455e+01
 8.6498e+03	 6.2890e+03	 4.9247e+00	 4.9336e-01	 3.6319e+02	 6.3286e+03	-8.4279e+01	 4.2170e+05	 4.2246e+04	-9.9821e+00
 1.2975e+04	 6.2890e+03	 4.7971e+00	 5.0395e-01	 3.6319e+02	 6.3311e+03	-8.4003e+01	 2.7522e+05	 2.8913e+04	-9.5189e+00
 1.9462e+04	 6.2890e+03	 4.6659e+00	 5.1559e-01	 3.6319e+02	 6.3337e+03	-8.3694e+01	 1.7934e+05	 1.9817e+04	-9.0497e+00
 2.9193e+04	 6.2890e+03	 4.5519e+00	 5.3017e-01	 3.6319e+02	 6.3362e+03	-8.3357e+01	 1.1627e+05	 1.3542e+04	-8.5858e+00
 4.3789e+04	 6.2890e+03	 4.4112e+00	 5.4233e-01	 3.6318e+02	 6.3387e+03	-8.2991e+01	 7.5777e+04	 9.3162e+03	-8.1340e+00
 6.5684e+04	 6.2890e+03	 4.2635e+00	 5.5191e-01	 3.6317e+02	 6.3411e+03	-8.2624e+01	 4.9641e+04	 6.4260e+03	-7.7249e+00
 9.8526e+04	 6.2890e+03	 4.1111e+00	 5.5559e-01	 3.6317e+02	 6.3436e+03	-8.2303e+01	 3.2875e+04	 4.4428e+03	-7.3995e+00
 1.4779e+05	 6.2890e+03	 3.9570e+00	 5.5106e-01	 3.6316e+02	 6.3462e+03	-8.2072e+01	 2.2097e+04	 3.0772e+03	-7.1806e+00
 2.2168e+05	 6.2890e+03	 3.8031e+00	 5.3617e-01	 3.6316e+02	 6.3490e+03	-8.1975e+01	 1.5140e+04	 2.1345e+03	-7.0931e+00
 3.3253e+05	 6.2890e+03	 3.6345e+00	 5.0675e-01	 3.6316e+02	 6.3514e+03	-8.2063e+01	 1.0679e+04	 1.4890e+03	-7.1721e+00
 4.9879e+05	 6.2890e+03	 3.4979e+00	 4.6706e-01	 3.6316e+02	 6.3542e+03	-8.2395e+01	 7.7246e+03	 1.0314e+03	-7.4893e+00
 7.4818e+05	 6.2890e+03	 3.4317e+00	 3.4239e-01	 3.6316e+02	 6.3620e+03	-8.4302e+01	 7.0248e+03	 7.0089e+02	-1.0023e+01
 9.0000e+05	 6.2890e+03	 3.3894e+00	 3.1293e-01	 3.6318e+02	 6.3696e+03	-8.4725e+01	 6.3897e+03	 5.8994e+02	-1.0831e+01
 1.0000e+02	 6.3668e+03	 6.0331e+00	 2.1076e-01	 3.6318e+02	 6.3777e+03	-8.7999e+01	 8.5385e+07	 2.9828e+06	-2.8626e+01
 1.5000e+02	 6.3668e+03	 5.9813e+00	 2.4504e-01	 3.6318e+02	 6.3802e+03	-8.7654e+01	 4.8960e+07	 2.0058e+06	-2.4410e+01
 2.2500e+02	 6.3668e+03	 5.9194e+00	 2.8502e-01	 3.6318e+02	 6.3829e+03	-8.7243e+01	 2.8062e+07	 1.3512e+06	-2.0768e+01
 3.3750e+02	 6.3668e+03	 5.8400e+00	 3.2608e-01	 3.6317e+02	 6.3854e+03	-8.6804e+01	 1.6352e+07	 9.1302e+05	-1.7910e+01
 5.0625e+02	 6.3668e+03	 5.7467e+00	 3.6368e-01	 3.6316e+02	 6.3881e+03	-8.6379e+01	 9.7744e+06	 6.1857e+05	-1.5802e+01
 7.5938e+02	 6.3668e+03	 5.6425e+00	 3.9599e-01	 3.6316e+02	 6.3907e+03	-8.5986e+01	 5.9845e+06	 4.1999e+05	-1.4249e+01
 1.1391e+03	 6.3668e+03	 5.5304e+00	 4.2220e-01	 3.6315e+02	 6.3934e+03	-8.5634e+01	 3.7420e+06	 2.8567e+05	-1.3099e+01
 1.7086e+03	 6.3668e+03	 5.4130e+00	 4.4315e-01	 3.6314e+02	 6.3959e+03	-8.5320e+01	 2.3767e+06	 1.9458e+05	-1.2215e+01
 2.5629e+03	 6.3668e+03	 5.2915e+00	 4.5972e-01	 3.6313e+02	 6.3988e+03	-8.5035e+01	 1.5274e+06	 1.3270e+05	-1.1510e+01
 3.8443e+03	 6.3668e+03	 5.1678e+00	 4.7277e-01	 3.6313e+02	 6.4012e+03	-8.4773e+01	 9.9014e+05	 9.0582e+04	-1.0931e+01
 5.7665e+03	 6.3668e+03	 5.0424e+00	 4.8355e-01	 3.6313e+02	 6.4037e+03	-8.4522e+01	 6.4538e+05	 6.1890e+04	-1.0428e+01
 8.6498e+03	 6.3668e+03	 4.9156e+00	 4.9348e-01	 3.6313e+02	 6.4064e+03	-8.4267e+01	 4.2160e+05	 4.2325e+04	-9.9610e+00
 1.2975e+04	 6.3668e+03	 4.7876e+00	 5.0373e-01	 3.6313e+02	 6.4089e+03	-8.3994e+01	 2.7535e+05	 2.8971e+04	-9.5043e+00
 1.9462e+04	 6.3668e+03	 4.6562e+00	 5.1519e-01	 3.6313e+02	 6.4115e+03	-8.3686e+01	 1.7948e+05	 1.9859e+04	-9.0378e+00
 2.9193e+04	 6.3668e+03	 4.5423e+00	 5.2951e-01	 3.6311e+02	 6.4141e+03	-8.3351e+01	 1.1642e+05	 1.3571e+04	-8.5783e+00
 4.3789e+04	 6.3668e+03	 4.4018e+00	 5.4124e-01	 3.6312e+02	 6.4165e+03	-8.2990e+01	 7.5929e+04	 9.3362e+03	-8.1328e+00
 6.5684e+04	 6.3668e+03	 4.2547e+00	 5.5055e-01	 3.6312e+02	 6.4191e+03	-8.2627e+01	 4.9764e+04	 6.4393e+03	-7.7281e+00
 9.8526e+04	 6.3668e+03	 4.1028e+00	 5.5380e-01	 3.6312e+02	 6.4215e+03	-8.2313e+01	 3.2981e+04	 4.4518e+03	-7.4084e+00
 1.4779e+05	 6.3668e+03	 3.9497e+00	 5.4874e-01	 3.6312e+02	 6.4241e+03	-8.2090e+01	 2.2190e+04	 3.0829e+03	-7.1977e+00
 2.2168e+05	 6.3668e+03	 3.7970e+00	 5.3354e-01	 3.6313e+02	 6.4268e+03	-8.2001e+01	 1.5215e+04	 2.1380e+03	-7.1166e+00
 3.3253e+05	 6.3668e+03	 3.6292e+00	 5.0416e-01	 3.6313e+02	 6.4292e+03	-8.2091e+01	 1.0734e+04	 1.4912e+03	-7.1986e+00
 4.9879e+05	 6.3668e+03	 3.4938e+00	 4.6464e-01	 3.6314e+02	 6.4318e+03	-8.2425e+01	 7.7648e+03	 1.0327e+03	-7.5193e+00
 7.4818e+05	 6.3668e+03	 3.4286e+00	 3.4014e-01	 3.6316e+02	 6.4396e+03	-8.4334e+01	 7.0713e+03	 7.0153e+02	-1.0080e+01
 9.0000e+05	 6.3668e+03	 3.3866e+00	 3.1136e-01	 3.6316e+02	 6.4472e+03	-8.4747e+01	 6.4218e+03	 5.9042e+02	-1.0877e+01
 1.0000e+02	 6.4445e+03	 6.0317e+00	 2.1236e-01	 3.6317e+02	 6.4553e+03	-8.7984e+01	 8.4742e+07	 2.9835e+06	-2.8403e+01
 1.5000e+02	 6.4445e+03	 5.9822e+00	 2.4791e-01	 3.6317e+02	 6.4578e+03	-8.7627e+01	 4.8393e+07	 2.0055e+06	-2.4131e+01
 2.2500e+02	 6.4445e+03	 5.9172e+00	 2.8727e-01	 3.6318e+02	 6.4604e+03	-8.7221e+01	 2.7842e+07	 1.3517e+06	-2.0598e+01
 3.3750e+02	 6.4445e+03	 5.8375e+00	 3.2829e-01	 3.6318e+02	 6.4629e+03	-8.6781e+01	 1.6242e+07	 9.1342e+05	-1.7782e+01
 5.0625e+02	 6.4445e+03	 5.7439e+00	 3.6600e-01	 3.6318e+02	 6.4654e+03	-8.6354e+01	 9.7123e+06	 6.1886e+05	-1.5694e+01
 7.5938e+02	 6.4445e+03	 5.6393e+00	 3.9825e-01	 3.6318e+02	 6.4681e+03	-8.5960e+01	 5.9505e+06	 4.2023e+05	-1.4160e+01
 1.1391e+03	 6.4445e+03	 5.5269e+00	 4.2414e-01	 3.6318e+02	 6.4706e+03	-8.5612e+01	 3.7249e+06	 2.8585e+05	-1.3031e+01
 1.7086e+03	 6.4445e+03	 5.4091e+00	 4.4508e-01	 3.6317e+02	 6.4731e+03	-8.5296e+01	 2.3664e+06	 1.9472e+05	-1.2153e+01
 2.5629e+03	 6.4445e+03	 5.2876e+00	 4.6115e-01	 3.6317e+02	 6.4757e+03	-8.5016e+01	 1.5227e+06	 1.3280e+05	-1.1466e+01
 3.8443e+03	 6.4445e+03	 5.1635e+00	 4.7389e-01	 3.6317e+02	 6.4785e+03	-8.4756e+01	 9.8780e+05	 9.0657e+04	-1.0896e+01
 5.7665e+03	 6.4445e+03	 5.0379e+00	 4.8438e-01	 3.6317e+02	 6.4811e+03	-8.4508e+01	 6.4428e+05	 6.1945e+04	-1.0401e+01
 8.6498e+03	 6.4445e+03	 4.9110e+00	 4.9403e-01	 3.6317e+02	 6.4839e+03	-8.4256e+01	 4.2113e+05	 4.2364e+04	-9.9408e+00
 1.2975e+04	 6.4445e+03	 4.7831e+00	 5.0409e-01	 3.6317e+02	 6.4863e+03	-8.3984e+01	 2.7515e+05	 2.8997e+04	-9.4888e+00
 1.9462e+04	 6.4445e+03	 4.6520e+00	 5.1541e-01	 3.6317e+02	 6.4891e+03	-8.3678e+01	 1.7940e+05	 1.9877e+04	-9.0257e+00
 2.9193e+04	 6.4445e+03	 4.5380e+00	 5.2944e-01	 3.6317e+02	 6.4916e+03	-8.3345e+01	 1.1643e+05	 1.3584e+04	-8.5712e+00
 4.3789e+04	 6.4445e+03	 4.3974e+00	 5.4103e-01	 3.6316e+02	 6.4940e+03	-8.2986e+01	 7.5959e+04	 9.3456e+03	-8.1278e+00
 6.5684e+04	 6.4445e+03	 4.2505e+00	 5.4978e-01	 3.6316e+02	 6.4968e+03	-8.2630e+01	 4.9833e+04	 6.4456e+03	-7.7313e+00
 9.8526e+04	 6.4445e+03	 4.0988e+00	 5.5274e-01	 3.6316e+02	 6.4992e+03	-8.2320e+01	 3.3044e+04	 4.4561e+03	-7.4155e+00
 1.4779e+05	 6.4445e+03	 3.9459e+00	 5.4738e-01	 3.6316e+02	 6.5019e+03	-8.2102e+01	 2.2245e+04	 3.0859e+03	-7.2088e+00
 2.2168e+05	 6.4445e+03	 3.7935e+00	 5.3188e-01	 3.6316e+02	 6.5044e+03	-8.2019e+01	 1.5262e+04	 2.1399e+03	-7.1323e+00
 3.3253e+05	 6.4445e+03	 3.6265e+00	 5.0245e-01	 3.6316e+02	 6.5069e+03	-8.2112e+01	 1.0771e+04	 1.4923e+03	-7.2175e+00
 4.9879e+05	 6.4445e+03	 3.4913e+00	 4.6304e-01	 3.6316e+02	 6.5095e+03	-8.2445e+01	 7.7918e+03	 1.0334e+03	-7.5400e+00
 7.4818e+05	 6.4445e+03	 3.4261e+00	 3.3845e-01	 3.6315e+02	 6.5171e+03	-8.4358e+01	 7.1066e+03	 7.0204e+02	-1.0123e+01
 9.0000e+05	 6.4445e+03	 3.3835e+00	 3.0872e-01	 3.6313e+02	 6.5248e+03	-8.4787e+01	 6.4769e+03	 5.9096e+02	-1.0960e+01
 1.0000e+02	 6.5220e+03	 6.0293e+00	 2.1470e-01	 3.6310e+02	 6.5331e+03	-8.7961e+01	 8.3818e+07	 2.9847e+06	-2.8082e+01
 1.5000e+02	 6.5220e+03	 5.9781e+00	 2.5024e-01	 3.6310e+02	 6.5359e+03	-8.7603e+01	 4.7943e+07	 2.0068e+06	-2.3890e+01
 2.2500e+02	 6.5220e+03	 5.9124e+00	 2.9051e-01	 3.6310e+02	 6.5384e+03	-8.7187e+01	 2.7531e+07	 1.3528e+06	-2.0352e+01
 3.3750e+02	 6.5220e+03	 5.8312e+00	 3.3169e-01	 3.6311e+02	 6.5411e+03	-8.6744e+01	 1.6075e+07	 9.1440e+05	-1.7580e+01
 5.0625e+02	 6.5220e+03	 5.7369e+00	 3.6903e-01	 3.6312e+02	 6.5436e+03	-8.6319e+01	 9.6326e+06	 6.1962e+05	-1.5546e+01
 7.5938e+02	 6.5220e+03	 5.6315e+00	 4.0087e-01	 3.6312e+02	 6.5464e+03	-8.5928e+01	 5.9116e+06	 4.2081e+05	-1.4048e+01
 1.1391e+03	 6.5220e+03	 5.5185e+00	 4.2667e-01	 3.6312e+02	 6.5489e+03	-8.5579e+01	 3.7028e+06	 2.8629e+05	-1.2934e+01
 1.7086e+03	 6.5220e+03	 5.4004e+00	 4.4660e-01	 3.6313e+02	 6.5514e+03	-8.5273e+01	 2.3584e+06	 1.9503e+05	-1.2092e+01
 2.5629e+03	 6.5220e+03	 5.2787e+00	 4.6225e-01	 3.6314e+02	 6.5541e+03	-8.4995e+01	 1.5190e+06	 1.3302e+05	-1.1420e+01
 3.8443e+03	 6.5220e+03	 5.1548e+00	 4.7448e-01	 3.6314e+02	 6.5565e+03	-8.4741e+01	 9.8658e+05	 9.0810e+04	-1.0864e+01
 5.7665e+03	 6.5220e+03	 5.0296e+00	 4.8467e-01	 3.6313e+02	 6.5593e+03	-8.4496e+01	 6.4389e+05	 6.2047e+04	-1.0377e+01
 8.6498e+03	 6.5220e+03	 4.9028e+00	 4.9405e-01	 3.6314e+02	 6.5619e+03	-8.4246e+01	 4.2111e+05	 4.2435e+04	-9.9238e+00
 1.2975e+04	 6.5220e+03	 4.7750e+00	 5.0402e-01	 3.6313e+02	 6.5646e+03	-8.3975e+01	 2.7519e+05	 2.9047e+04	-9.4739e+00
 1.9462e+04	 6.5220e+03	 4.6436e+00	 5.1512e-01	 3.6313e+02	 6.5672e+03	-8.3670e+01	 1.7951e+05	 1.9913e+04	-9.0147e+00
 2.9193e+04	 6.5220e+03	 4.5297e+00	 5.2895e-01	 3.6312e+02	 6.5699e+03	-8.3340e+01	 1.1654e+05	 1.3609e+04	-8.5636e+00
 4.3789e+04	 6.5220e+03	 4.3892e+00	 5.4006e-01	 3.6312e+02	 6.5723e+03	-8.2985e+01	 7.6095e+04	 9.3630e+03	-8.1271e+00
 6.5684e+04	 6.5220e+03	 4.2426e+00	 5.4862e-01	 3.6311e+02	 6.5748e+03	-8.2632e+01	 4.9939e+04	 6.4577e+03	-7.7332e+00
 9.8526e+04	 6.5220e+03	 4.0915e+00	 5.5098e-01	 3.6312e+02	 6.5773e+03	-8.2330e+01	 3.3150e+04	 4.4641e+03	-7.4258e+00
 1.4779e+05	 6.5220e+03	 3.9393e+00	 5.4519e-01	 3.6313e+02	 6.5799e+03	-8.2121e+01	 2.2335e+04	 3.0910e+03	-7.2256e+00
 2.2168e+05	 6.5220e+03	 3.7878e+00	 5.2947e-01	 3.6313e+02	 6.5826e+03	-8.2043e+01	 1.5332e+04	 2.1431e+03	-7.1540e+00
 3.3253e+05	 6.5220e+03	 3.6217e+00	 5.0002e-01	 3.6313e+02	 6.5851e+03	-8.2139e+01	 1.0823e+04	 1.4943e+03	-7.2431e+00
 4.9879e+05	 6.5220e+03	 3.4874e+00	 4.6085e-01	 3.6314e+02	 6.5879e+03	-8.2472e+01	 7.8288e+03	 1.0345e+03	-7.5674e+00
 7.4818e+05	 6.5220e+03	 3.4234e+00	 3.3625e-01	 3.6316e+02	 6.5956e+03	-8.4390e+01	 7.1532e+03	 7.0260e+02	-1.0181e+01
 9.0000e+05	 6.5220e+03	 3.3817e+00	 3.0738e-01	 3.6315e+02	 6.6039e+03	-8.4806e+01	 6.5051e+03	 5.9128e+02	-1.1002e+01
 1.0000e+02	 6.6011e+03	 6.0294e+00	 2.1524e-01	 3.6315e+02	 6.6117e+03	-8.7955e+01	 8.3607e+07	 2.9847e+06	-2.8012e+01
 1.5000e+02	 6.6011e+03	 5.9783e+00	 2.5119e-01	 3.6315e+02	 6.6144e+03	-8.7594e+01	 4.7761e+07	 2.0068e+06	-2.3800e+01
 2.2500e+02	 6.6011e+03	 5.9123e+00	 2.9165e-01	 3.6314e+02	 6.6168e+03	-8.7176e+01	 2.7424e+07	 1.3528e+06	-2.0272e+01
 3.3750e+02	 6.6011e+03	 5.8309e+00	 3.3301e-01	 3.6315e+02	 6.6192e+03	-8.6731e+01	 1.6012e+07	 9.1445e+05	-1.7510e+01
 5.0625e+02	 6.6011e+03	 5.7358e+00	 3.7095e-01	 3.6316e+02	 6.6220e+03	-8.6300e+01	 9.5827e+06	 6.1974e+05	-1.5463e+01
 7.5938e+02	 6.6011e+03	 5.6299e+00	 4.0267e-01	 3.6316e+02	 6.6246e+03	-8.5909e+01	 5.8852e+06	 4.2093e+05	-1.3981e+01
 1.1391e+03	 6.6011e+03	 5.5164e+00	 4.2843e-01	 3.6317e+02	 6.6273e+03	-8.5559e+01	 3.6876e+06	 2.8639e+05	-1.2876e+01
 1.7086e+03	 6.6011e+03	 5.3978e+00	 4.4819e-01	 3.6317e+02	 6.6299e+03	-8.5254e+01	 2.3500e+06	 1.9513e+05	-1.2044e+01
 2.5629e+03	 6.6011e+03	 5.2758e+00	 4.6375e-01	 3.6317e+02	 6.6326e+03	-8.4977e+01	 1.5141e+06	 1.3309e+05	-1.1376e+01
 3.8443e+03	 6.6011e+03	 5.1513e+00	 4.7555e-01	 3.6318e+02	 6.6351e+03	-8.4726e+01	 9.8435e+05	 9.0872e+04	-1.0832e+01
 5.7665e+03	 6.6011e+03	 5.0260e+00	 4.8539e-01	 3.6317e+02	 6.6379e+03	-8.4484e+01	 6.4294e+05	 6.2092e+04	-1.0355e+01
 8.6498e+03	 6.6011e+03	 4.8988e+00	 4.9458e-01	 3.6317e+02	 6.6404e+03	-8.4235e+01	 4.2066e+05	 4.2469e+04	-9.9051e+00
 1.2975e+04	 6.6011e+03	 4.7709e+00	 5.0435e-01	 3.6316e+02	 6.6431e+03	-8.3965e+01	 2.7500e+05	 2.9072e+04	-9.4594e+00
 1.9462e+04	 6.6011e+03	 4.6394e+00	 5.1522e-01	 3.6316e+02	 6.6457e+03	-8.3663e+01	 1.7947e+05	 1.9931e+04	-9.0046e+00
 2.9193e+04	 6.6011e+03	 4.5256e+00	 5.2885e-01	 3.6315e+02	 6.6484e+03	-8.3335e+01	 1.1656e+05	 1.3621e+04	-8.5574e+00
 4.3789e+04	 6.6011e+03	 4.3851e+00	 5.3980e-01	 3.6315e+02	 6.6509e+03	-8.2982e+01	 7.6132e+04	 9.3718e+03	-8.1235e+00
 6.5684e+04	 6.6011e+03	 4.2384e+00	 5.4796e-01	 3.6315e+02	 6.6533e+03	-8.2633e+01	 4.9999e+04	 6.4640e+03	-7.7349e+00
 9.8526e+04	 6.6011e+03	 4.0874e+00	 5.4993e-01	 3.6315e+02	 6.6559e+03	-8.2337e+01	 3.3213e+04	 4.4686e+03	-7.4325e+00
 1.4779e+05	 6.6011e+03	 3.9357e+00	 5.4377e-01	 3.6315e+02	 6.6585e+03	-8.2134e+01	 2.2393e+04	 3.0939e+03	-7.2377e+00
 2.2168e+05	 6.6011e+03	 3.7847e+00	 5.2786e-01	 3.6316e+02	 6.6614e+03	-8.2060e+01	 1.5379e+04	 2.1449e+03	-7.1699e+00
 3.3253e+05	 6.6011e+03	 3.6189e+00	 4.9833e-01	 3.6316e+02	 6.6638e+03	-8.2160e+01	 1.0860e+04	 1.4954e+03	-7.2620e+00
 4.9879e+05	 6.6011e+03	 3.4851e+00	 4.5920e-01	 3.6317e+02	 6.6666e+03	-8.2494e+01	 7.8568e+03	 1.0352e+03	-7.5895e+00
 7.4818e+05	 6.6011e+03	 3.4212e+00	 3.3490e-01	 3.6317e+02	 6.6742e+03	-8.4409e+01	 7.1821e+03	 7.0304e+02	-1.0216e+01
 9.0000e+05	 6.6011e+03	 3.3796e+00	 3.0609e-01	 3.6317e+02	 6.6820e+03	-8.4825e+01	 6.5326e+03	 5.9165e+02	-1.1041e+01
 1.0000e+02	 6.6792e+03	 6.0292e+00	 2.1605e-01	 3.6317e+02	 6.6903e+03	-8.7948e+01	 8.3295e+07	 2.9848e+06	-2.7906e+01
 1.5000e+02	 6.6792e+03	 5.9783e+00	 2.5203e-01	 3.6317e+02	 6.6928e+03	-8.7586e+01	 4.7602e+07	 2.0068e+06	-2.3721e+01
 2.2500e+02	 6.6792e+03	 5.9117e+00	 2.9328e-01	 3.6317e+02	 6.6954e+03	-8.7160e+01	 2.7272e+07	 1.3529e+06	-2.0158e+01
 3.3750e+02	 6.6792e+03	 5.8297e+00	 3.3504e-01	 3.6317e+02	 6.6979e+03	-8.6711e+01	 1.5915e+07	 9.1464e+05	-1.7400e+01
 5.0625e+02	 6.6792e+03	 5.7335e+00	 3.7287e-01	 3.6318e+02	 6.7006e+03	-8.6279e+01	 9.5333e+06	 6.1999e+05	-1.5377e+01
 7.5938e+02	 6.6792e+03	 5.6267e+00	 4.0474e-01	 3.6317e+02	 6.7032e+03	-8.5886e+01	 5.8551e+06	 4.2117e+05	-1.3902e+01
 1.1391e+03	 6.6792e+03	 5.5119e+00	 4.3070e-01	 3.6317e+02	 6.7056e+03	-8.5532e+01	 3.6681e+06	 2.8663e+05	-1.2797e+01
 1.7086e+03	 6.6792e+03	 5.3925e+00	 4.4994e-01	 3.6316e+02	 6.7083e+03	-8.5230e+01	 2.3409e+06	 1.9532e+05	-1.1985e+01
 2.5629e+03	 6.6792e+03	 5.2696e+00	 4.6495e-01	 3.6316e+02	 6.7116e+03	-8.4958e+01	 1.5102e+06	 1.3325e+05	-1.1334e+01
 3.8443e+03	 6.6792e+03	 5.1446e+00	 4.7644e-01	 3.6316e+02	 6.7145e+03	-8.4709e+01	 9.8252e+05	 9.0990e+04	-1.0798e+01
 5.7665e+03	 6.6792e+03	 5.0185e+00	 4.8589e-01	 3.6315e+02	 6.7169e+03	-8.4470e+01	 6.4227e+05	 6.2184e+04	-1.0329e+01
 8.6498e+03	 6.6792e+03	 4.8914e+00	 4.9468e-01	 3.6314e+02	 6.7196e+03	-8.4225e+01	 4.2058e+05	 4.2534e+04	-9.8881e+00
 1.2975e+04	 6.6792e+03	 4.7636e+00	 5.0435e-01	 3.6314e+02	 6.7221e+03	-8.3956e+01	 2.7501e+05	 2.9116e+04	-9.4451e+00
 1.9462e+04	 6.6792e+03	 4.6322e+00	 5.1508e-01	 3.6314e+02	 6.7246e+03	-8.3655e+01	 1.7952e+05	 1.9962e+04	-8.9930e+00
 2.9193e+04	 6.6792e+03	 4.5185e+00	 5.2857e-01	 3.6314e+02	 6.7272e+03	-8.3328e+01	 1.1662e+05	 1.3643e+04	-8.5485e+00
 4.3789e+04	 6.6792e+03	 4.3784e+00	 5.3914e-01	 3.6314e+02	 6.7298e+03	-8.2980e+01	 7.6225e+04	 9.3862e+03	-8.1210e+00
 6.5684e+04	 6.6792e+03	 4.2319e+00	 5.4688e-01	 3.6314e+02	 6.7324e+03	-8.2636e+01	 5.0097e+04	 6.4741e+03	-7.7381e+00
 9.8526e+04	 6.6792e+03	 4.0814e+00	 5.4842e-01	 3.6314e+02	 6.7349e+03	-8.2347e+01	 3.3305e+04	 4.4751e+03	-7.4422e+00
 1.4779e+05	 6.6792e+03	 3.9300e+00	 5.4182e-01	 3.6315e+02	 6.7374e+03	-8.2150e+01	 2.2474e+04	 3.0984e+03	-7.2534e+00
 2.2168e+05	 6.6792e+03	 3.7798e+00	 5.2570e-01	 3.6315e+02	 6.7400e+03	-8.2082e+01	 1.5442e+04	 2.1476e+03	-7.1901e+00
 3.3253e+05	 6.6792e+03	 3.6147e+00	 4.9628e-01	 3.6315e+02	 6.7424e+03	-8.2183e+01	 1.0905e+04	 1.4972e+03	-7.2838e+00
 4.9879e+05	 6.6792e+03	 3.4816e+00	 4.5727e-01	 3.6315e+02	 6.7451e+03	-8.2518e+01	 7.8901e+03	 1.0363e+03	-7.6139e+00
 7.4818e+05	 6.6792e+03	 3.4183e+00	 3.3250e-01	 3.6316e+02	 6.7526e+03	-8.4444e+01	 7.2338e+03	 7.0363e+02	-1.0281e+01
 9.0000e+05	 6.6792e+03	 3.3772e+00	 3.0411e-01	 3.6315e+02	 6.7604e+03	-8.4854e+01	 6.5749e+03	 5.9207e+02	-1.1105e+01
 1.0000e+02	 6.7576e+03	 6.0278e+00	 2.1772e-01	 3.6315e+02	 6.7685e+03	-8.7931e+01	 8.2656e+07	 2.9854e+06	-2.7686e+01
 1.5000e+02	 6.7576e+03	 5.9751e+00	 2.5396e-01	 3.6315e+02	 6.7710e+03	-8.7566e+01	 4.7240e+07	 2.0079e+06	-2.3528e+01
 2.2500e+02	 6.7576e+03	 5.9091e+00	 2.9533e-01	 3.6316e+02	 6.7738e+03	-8.7139e+01	 2.7082e+07	 1.3535e+06	-2.0009e+01
 3.3750e+02	 6.7576e+03	 5.8263e+00	 3.3744e-01	 3.6316e+02	 6.7762e+03	-8.6685e+01	 1.5802e+07	 9.1517e+05	-1.7266e+01
 5.0625e+02	 6.7576e+03	 5.7294e+00	 3.7544e-01	 3.6315e+02	 6.7786e+03	-8.6251e+01	 9.4682e+06	 6.2043e+05	-1.5261e+01
 7.5938e+02	 6.7576e+03	 5.6217e+00	 4.0720e-01	 3.6315e+02	 6.7812e+03	-8.5857e+01	 5.8197e+06	 4.2154e+05	-1.3806e+01
 1.1391e+03	 6.7576e+03	 5.5067e+00	 4.3217e-01	 3.6315e+02	 6.7836e+03	-8.5513e+01	 3.6557e+06	 2.8690e+05	-1.2742e+01
 1.7086e+03	 6.7576e+03	 5.3863e+00	 4.5154e-01	 3.6314e+02	 6.7864e+03	-8.5208e+01	 2.3326e+06	 1.9554e+05	-1.1929e+01
 2.5629e+03	 6.7576e+03	 5.2629e+00	 4.6612e-01	 3.6313e+02	 6.7889e+03	-8.4939e+01	 1.5064e+06	 1.3342e+05	-1.1291e+01
 3.8443e+03	 6.7576e+03	 5.1376e+00	 4.7722e-01	 3.6313e+02	 6.7914e+03	-8.4693e+01	 9.8090e+05	 9.1115e+04	-1.0766e+01
 5.7665e+03	 6.7576e+03	 5.0113e+00	 4.8634e-01	 3.6311e+02	 6.7941e+03	-8.4457e+01	 6.4168e+05	 6.2274e+04	-1.0304e+01
 8.6498e+03	 6.7576e+03	 4.8837e+00	 4.9488e-01	 3.6310e+02	 6.7991e+03	-8.4214e+01	 4.2040e+05	 4.2600e+04	-9.8686e+00
 1.2975e+04	 6.7576e+03	 4.7558e+00	 5.0421e-01	 3.6310e+02	 6.8016e+03	-8.3948e+01	 2.7508e+05	 2.9164e+04	-9.4322e+00
 1.9462e+04	 6.7576e+03	 4.6246e+00	 5.1473e-01	 3.6311e+02	 6.8041e+03	-8.3649e+01	 1.7964e+05	 1.9995e+04	-8.9845e+00
 2.9193e+04	 6.7576e+03	 4.5114e+00	 5.2809e-01	 3.6311e+02	 6.8068e+03	-8.3324e+01	 1.1673e+05	 1.3664e+04	-8.5429e+00
 4.3789e+04	 6.7576e+03	 4.3714e+00	 5.3838e-01	 3.6312e+02	 6.8092e+03	-8.2979e+01	 7.6332e+04	 9.4011e+03	-8.1195e+00
 6.5684e+04	 6.7576e+03	 4.2251e+00	 5.4572e-01	 3.6311e+02	 6.8119e+03	-8.2640e+01	 5.0204e+04	 6.4845e+03	-7.7422e+00
 9.8526e+04	 6.7576e+03	 4.0751e+00	 5.4692e-01	 3.6312e+02	 6.8143e+03	-8.2356e+01	 3.3396e+04	 4.4821e+03	-7.4510e+00
 1.4779e+05	 6.7576e+03	 3.9245e+00	 5.4004e-01	 3.6313e+02	 6.8169e+03	-8.2165e+01	 2.2547e+04	 3.1027e+03	-7.2669e+00
 2.2168e+05	 6.7576e+03	 3.7750e+00	 5.2365e-01	 3.6313e+02	 6.8194e+03	-8.2102e+01	 1.5502e+04	 2.1504e+03	-7.2089e+00
 3.3253e+05	 6.7576e+03	 3.6107e+00	 4.9401e-01	 3.6314e+02	 6.8219e+03	-8.2209e+01	 1.0955e+04	 1.4988e+03	-7.3091e+00
 4.9879e+05	 6.7576e+03	 3.4785e+00	 4.5523e-01	 3.6314e+02	 6.8244e+03	-8.2544e+01	 7.9255e+03	 1.0372e+03	-7.6412e+00
 7.4818e+05	 6.7576e+03	 3.4160e+00	 3.3164e-01	 3.6316e+02	 6.8321e+03	-8.4455e+01	 7.2527e+03	 7.0412e+02	-1.0300e+01
 9.0000e+05	 6.7576e+03	 3.3751e+00	 3.0277e-01	 3.6316e+02	 6.8398e+03	-8.4874e+01	 6.6040e+03	 5.9243e+02	-1.1147e+01
 1.0000e+02	 6.8370e+03	 6.0276e+00	 2.1840e-01	 3.6317e+02	 6.8479e+03	-8.7925e+01	 8.2400e+07	 2.9856e+06	-2.7599e+01
 1.5000e+02	 6.8370e+03	 5.9750e+00	 2.5511e-01	 3.6318e+02	 6.8504e+03	-8.7555e+01	 4.7028e+07	 2.0079e+06	-2.3421e+01
 2.2500e+02	 6.8370e+03	 5.9085e+00	 2.9684e-01	 3.6318e+02	 6.8529e+03	-8.7124e+01	 2.6945e+07	 1.3537e+06	-1.9905e+01
 3.3750e+02	 6.8370e+03	 5.8254e+00	 3.3918e-01	 3.6319e+02	 6.8556e+03	-8.6668e+01	 1.5720e+07	 9.1531e+05	-1.7175e+01
 5.0625e+02	 6.8370e+03	 5.7281e+00	 3.7731e-01	 3.6319e+02	 6.8580e+03	-8.6231e+01	 9.4211e+06	 6.2057e+05	-1.5181e+01
 7.5938e+02	 6.8370e+03	 5.6199e+00	 4.0902e-01	 3.6319e+02	 6.8606e+03	-8.5837e+01	 5.7938e+06	 4.2168e+05	-1.3740e+01
 1.1391e+03	 6.8370e+03	 5.5042e+00	 4.3410e-01	 3.6320e+02	 6.8631e+03	-8.5491e+01	 3.6394e+06	 2.8703e+05	-1.2680e+01
 1.7086e+03	 6.8370e+03	 5.3837e+00	 4.5304e-01	 3.6319e+02	 6.8656e+03	-8.5190e+01	 2.3248e+06	 1.9563e+05	-1.1884e+01
 2.5629e+03	 6.8370e+03	 5.2603e+00	 4.6734e-01	 3.6319e+02	 6.8682e+03	-8.4923e+01	 1.5025e+06	 1.3348e+05	-1.1256e+01
 3.8443e+03	 6.8370e+03	 5.1350e+00	 4.7823e-01	 3.6319e+02	 6.8706e+03	-8.4679e+01	 9.7883e+05	 9.1160e+04	-1.0738e+01
 5.7665e+03	 6.8370e+03	 5.0089e+00	 4.8714e-01	 3.6319e+02	 6.8734e+03	-8.4445e+01	 6.4062e+05	 6.2303e+04	-1.0282e+01
 8.6498e+03	 6.8370e+03	 4.8818e+00	 4.9550e-01	 3.6318e+02	 6.8786e+03	-8.4204e+01	 4.1988e+05	 4.2617e+04	-9.8523e+00
 1.2975e+04	 6.8370e+03	 4.7539e+00	 5.0470e-01	 3.6318e+02	 6.8811e+03	-8.3940e+01	 2.7481e+05	 2.9176e+04	-9.4191e+00
 1.9462e+04	 6.8370e+03	 4.6225e+00	 5.1523e-01	 3.6318e+02	 6.8839e+03	-8.3640e+01	 1.7946e+05	 2.0004e+04	-8.9716e+00
 2.9193e+04	 6.8370e+03	 4.5090e+00	 5.2823e-01	 3.6318e+02	 6.8863e+03	-8.3318e+01	 1.1670e+05	 1.3671e+04	-8.5361e+00
 4.3789e+04	 6.8370e+03	 4.3685e+00	 5.3819e-01	 3.6318e+02	 6.8888e+03	-8.2977e+01	 7.6359e+04	 9.4073e+03	-8.1170e+00
 6.5684e+04	 6.8370e+03	 4.2220e+00	 5.4521e-01	 3.6317e+02	 6.8914e+03	-8.2642e+01	 5.0251e+04	 6.4892e+03	-7.7438e+00
 9.8526e+04	 6.8370e+03	 4.0718e+00	 5.4592e-01	 3.6317e+02	 6.8939e+03	-8.2364e+01	 3.3457e+04	 4.4857e+03	-7.4586e+00
 1.4779e+05	 6.8370e+03	 3.9211e+00	 5.3863e-01	 3.6316e+02	 6.8967e+03	-8.2178e+01	 2.2606e+04	 3.1054e+03	-7.2797e+00
 2.2168e+05	 6.8370e+03	 3.7718e+00	 5.2205e-01	 3.6315e+02	 6.8992e+03	-8.2120e+01	 1.5550e+04	 2.1522e+03	-7.2251e+00
 3.3253e+05	 6.8370e+03	 3.6078e+00	 4.9237e-01	 3.6315e+02	 6.9018e+03	-8.2229e+01	 1.0991e+04	 1.5001e+03	-7.3274e+00
 4.9879e+05	 6.8370e+03	 3.4757e+00	 4.5346e-01	 3.6315e+02	 6.9043e+03	-8.2567e+01	 7.9564e+03	 1.0380e+03	-7.6648e+00
 7.4818e+05	 6.8370e+03	 3.4133e+00	 3.3023e-01	 3.6315e+02	 6.9119e+03	-8.4474e+01	 7.2835e+03	 7.0467e+02	-1.0336e+01
 9.0000e+05	 6.8370e+03	 3.3724e+00	 3.0178e-01	 3.6316e+02	 6.9194e+03	-8.4887e+01	 6.6257e+03	 5.9290e+02	-1.1175e+01
 1.0000e+02	 6.9167e+03	 6.0262e+00	 2.2026e-01	 3.6316e+02	 6.9276e+03	-8.7907e+01	 8.1702e+07	 2.9863e+06	-2.7359e+01
 1.5000e+02	 6.9167e+03	 5.9731e+00	 2.5675e-01	 3.6315e+02	 6.9301e+03	-8.7539e+01	 4.6727e+07	 2.0085e+06	-2.3264e+01
 2.2500e+02	 6.9167e+03	 5.9053e+00	 2.9929e-01	 3.6316e+02	 6.9329e+03	-8.7099e+01	 2.6723e+07	 1.3544e+06	-1.9731e+01
 3.3750e+02	 6.9167e+03	 5.8211e+00	 3.4172e-01	 3.6317e+02	 6.9353e+03	-8.6640e+01	 1.5604e+07	 9.1599e+05	-1.7035e+01
 5.0625e+02	 6.9167e+03	 5.7230e+00	 3.7989e-01	 3.6316e+02	 6.9378e+03	-8.6202e+01	 9.3571e+06	 6.2113e+05	-1.5065e+01
 7.5938e+02	 6.9167e+03	 5.6138e+00	 4.1133e-01	 3.6315e+02	 6.9406e+03	-8.5809e+01	 5.7613e+06	 4.2214e+05	-1.3648e+01
 1.1391e+03	 6.9167e+03	 5.4973e+00	 4.3620e-01	 3.6315e+02	 6.9431e+03	-8.5463e+01	 3.6219e+06	 2.8739e+05	-1.2603e+01
 1.7086e+03	 6.9167e+03	 5.3760e+00	 4.5479e-01	 3.6315e+02	 6.9458e+03	-8.5165e+01	 2.3159e+06	 1.9591e+05	-1.1821e+01
 2.5629e+03	 6.9167e+03	 5.2521e+00	 4.6855e-01	 3.6315e+02	 6.9484e+03	-8.4902e+01	 1.4986e+06	 1.3369e+05	-1.1209e+01
 3.8443e+03	 6.9167e+03	 5.1265e+00	 4.7900e-01	 3.6315e+02	 6.9511e+03	-8.4662e+01	 9.7726e+05	 9.1312e+04	-1.0702e+01
 5.7665e+03	 6.9167e+03	 5.0003e+00	 4.8743e-01	 3.6314e+02	 6.9536e+03	-8.4432e+01	 6.4025e+05	 6.2411e+04	-1.0259e+01
 8.6498e+03	 6.9167e+03	 4.8731e+00	 4.9549e-01	 3.6314e+02	 6.9588e+03	-8.4194e+01	 4.1989e+05	 4.2694e+04	-9.8349e+00
 1.2975e+04	 6.9167e+03	 4.7451e+00	 5.0447e-01	 3.6314e+02	 6.9612e+03	-8.3932e+01	 2.7494e+05	 2.9230e+04	-9.4062e+00
 1.9462e+04	 6.9167e+03	 4.6141e+00	 5.1491e-01	 3.6315e+02	 6.9639e+03	-8.3632e+01	 1.7958e+05	 2.0040e+04	-8.9610e+00
 2.9193e+04	 6.9167e+03	 4.5007e+00	 5.2757e-01	 3.6315e+02	 6.9663e+03	-8.3314e+01	 1.1685e+05	 1.3696e+04	-8.5312e+00
 4.3789e+04	 6.9167e+03	 4.3604e+00	 5.3749e-01	 3.6314e+02	 6.9688e+03	-8.2973e+01	 7.6459e+04	 9.4249e+03	-8.1124e+00
 6.5684e+04	 6.9167e+03	 4.2146e+00	 5.4395e-01	 3.6314e+02	 6.9716e+03	-8.2646e+01	 5.0368e+04	 6.5006e+03	-7.7482e+00
 9.8526e+04	 6.9167e+03	 4.0651e+00	 5.4426e-01	 3.6315e+02	 6.9740e+03	-8.2374e+01	 3.3559e+04	 4.4931e+03	-7.4691e+00
 1.4779e+05	 6.9167e+03	 3.9152e+00	 5.3673e-01	 3.6315e+02	 6.9768e+03	-8.2194e+01	 2.2686e+04	 3.1100e+03	-7.2946e+00
 2.2168e+05	 6.9167e+03	 3.7669e+00	 5.1993e-01	 3.6315e+02	 6.9793e+03	-8.2141e+01	 1.5613e+04	 2.1550e+03	-7.2450e+00
 3.3253e+05	 6.9167e+03	 3.6037e+00	 4.9025e-01	 3.6315e+02	 6.9818e+03	-8.2253e+01	 1.1039e+04	 1.5018e+03	-7.3507e+00
 4.9879e+05	 6.9167e+03	 3.4726e+00	 4.5173e-01	 3.6315e+02	 6.9844e+03	-8.2588e+01	 7.9869e+03	 1.0390e+03	-7.6874e+00
 7.4818e+05	 6.9167e+03	 3.4107e+00	 3.2858e-01	 3.6315e+02	 6.9923e+03	-8.4497e+01	 7.3202e+03	 7.0520e+02	-1.0380e+01
 9.0000e+05	 6.9167e+03	 3.3698e+00	 3.0014e-01	 3.6314e+02	 7.0002e+03	-8.4910e+01	 6.6619e+03	 5.9336e+02	-1.1227e+01
 1.0000e+02	 6.9974e+03	 6.0247e+00	 2.2175e-01	 3.6313e+02	 7.0084e+03	-8.7892e+01	 8.1153e+07	 2.9870e+06	-2.7169e+01
 1.5000e+02	 6.9974e+03	 5.9725e+00	 2.6109e-01	 3.6313e+02	 7.0108e+03	-8.7497e+01	 4.5950e+07	 2.0087e+06	-2.2875e+01
 2.2500e+02	 6.9974e+03	 5.9025e+00	 3.0184e-01	 3.6314e+02	 7.0136e+03	-8.7073e+01	 2.6497e+07	 1.3550e+06	-1.9555e+01
 3.3750e+02	 6.9974e+03	 5.8176e+00	 3.4439e-01	 3.6314e+02	 7.0161e+03	-8.6612e+01	 1.5482e+07	 9.1654e+05	-1.6892e+01
 5.0625e+02	 6.9974e+03	 5.7186e+00	 3.8234e-01	 3.6314e+02	 7.0186e+03	-8.6175e+01	 9.2972e+06	 6.2160e+05	-1.4957e+01
 7.5938e+02	 6.9974e+03	 5.6089e+00	 4.1359e-01	 3.6314e+02	 7.0212e+03	-8.5783e+01	 5.7299e+06	 4.2251e+05	-1.3562e+01
 1.1391e+03	 6.9974e+03	 5.4918e+00	 4.3780e-01	 3.6314e+02	 7.0236e+03	-8.5442e+01	 3.6086e+06	 2.8768e+05	-1.2544e+01
 1.7086e+03	 6.9974e+03	 5.3701e+00	 4.5619e-01	 3.6314e+02	 7.0263e+03	-8.5144e+01	 2.3088e+06	 1.9613e+05	-1.1772e+01
 2.5629e+03	 6.9974e+03	 5.2460e+00	 4.6956e-01	 3.6314e+02	 7.0289e+03	-8.4885e+01	 1.4954e+06	 1.3385e+05	-1.1172e+01
 3.8443e+03	 6.9974e+03	 5.1202e+00	 4.7972e-01	 3.6314e+02	 7.0313e+03	-8.4647e+01	 9.7579e+05	 9.1424e+04	-1.0673e+01
 5.7665e+03	 6.9974e+03	 4.9939e+00	 4.8790e-01	 3.6313e+02	 7.0339e+03	-8.4420e+01	 6.3962e+05	 6.2491e+04	-1.0235e+01
 8.6498e+03	 6.9974e+03	 4.8664e+00	 4.9579e-01	 3.6313e+02	 7.0390e+03	-8.4183e+01	 4.1963e+05	 4.2752e+04	-9.8156e+00
 1.2975e+04	 6.9974e+03	 4.7388e+00	 5.0452e-01	 3.6313e+02	 7.0416e+03	-8.3923e+01	 2.7491e+05	 2.9269e+04	-9.3927e+00
 1.9462e+04	 6.9974e+03	 4.6076e+00	 5.1461e-01	 3.6312e+02	 7.0444e+03	-8.3627e+01	 1.7968e+05	 2.0068e+04	-8.9534e+00
 2.9193e+04	 6.9974e+03	 4.4944e+00	 5.2734e-01	 3.6313e+02	 7.0468e+03	-8.3308e+01	 1.1690e+05	 1.3716e+04	-8.5228e+00
 4.3789e+04	 6.9974e+03	 4.3543e+00	 5.3698e-01	 3.6313e+02	 7.0492e+03	-8.2970e+01	 7.6532e+04	 9.4381e+03	-8.1088e+00
 6.5684e+04	 6.9974e+03	 4.2085e+00	 5.4302e-01	 3.6314e+02	 7.0519e+03	-8.2648e+01	 5.0454e+04	 6.5100e+03	-7.7503e+00
 9.8526e+04	 6.9974e+03	 4.0596e+00	 5.4293e-01	 3.6314e+02	 7.0543e+03	-8.2382e+01	 3.3641e+04	 4.4992e+03	-7.4771e+00
 1.4779e+05	 6.9974e+03	 3.9103e+00	 5.3494e-01	 3.6314e+02	 7.0571e+03	-8.2210e+01	 2.2762e+04	 3.1139e+03	-7.3098e+00
 2.2168e+05	 6.9974e+03	 3.7629e+00	 5.1806e-01	 3.6315e+02	 7.0597e+03	-8.2161e+01	 1.5670e+04	 2.1573e+03	-7.2635e+00
 3.3253e+05	 6.9974e+03	 3.6004e+00	 4.8841e-01	 3.6315e+02	 7.0621e+03	-8.2275e+01	 1.1080e+04	 1.5031e+03	-7.3716e+00
 4.9879e+05	 6.9974e+03	 3.4698e+00	 4.4990e-01	 3.6316e+02	 7.0648e+03	-8.2612e+01	 8.0192e+03	 1.0398e+03	-7.7123e+00
 7.4818e+05	 6.9974e+03	 3.4086e+00	 3.2744e-01	 3.6316e+02	 7.0722e+03	-8.4513e+01	 7.3456e+03	 7.0564e+02	-1.0410e+01
 9.0000e+05	 6.9974e+03	 3.3684e+00	 2.9967e-01	 3.6317e+02	 7.0800e+03	-8.4916e+01	 6.6725e+03	 5.9362e+02	-1.1240e+01
 1.0000e+02	 7.0772e+03	 6.0248e+00	 2.2242e-01	 3.6316e+02	 7.0881e+03	-8.7886e+01	 8.0910e+07	 2.9870e+06	-2.7088e+01
 1.5000e+02	 7.0772e+03	 5.9728e+00	 2.5951e-01	 3.6316e+02	 7.0905e+03	-8.7512e+01	 4.6230e+07	 2.0086e+06	-2.3016e+01
 2.2500e+02	 7.0772e+03	 5.9023e+00	 3.0309e-01	 3.6316e+02	 7.0934e+03	-8.7060e+01	 2.6388e+07	 1.3551e+06	-1.9474e+01
 3.3750e+02	 7.0772e+03	 5.8169e+00	 3.4594e-01	 3.6316e+02	 7.0958e+03	-8.6597e+01	 1.5413e+07	 9.1665e+05	-1.6815e+01
 5.0625e+02	 7.0772e+03	 5.7171e+00	 3.8415e-01	 3.6315e+02	 7.0983e+03	-8.6156e+01	 9.2534e+06	 6.2177e+05	-1.4882e+01
 7.5938e+02	 7.0772e+03	 5.6066e+00	 4.1550e-01	 3.6316e+02	 7.1008e+03	-8.5762e+01	 5.7035e+06	 4.2268e+05	-1.3494e+01
 1.1391e+03	 7.0772e+03	 5.4888e+00	 4.3972e-01	 3.6316e+02	 7.1033e+03	-8.5420e+01	 3.5929e+06	 2.8784e+05	-1.2482e+01
 1.7086e+03	 7.0772e+03	 5.3669e+00	 4.5774e-01	 3.6316e+02	 7.1061e+03	-8.5125e+01	 2.3010e+06	 1.9625e+05	-1.1725e+01
 2.5629e+03	 7.0772e+03	 5.2424e+00	 4.7096e-01	 3.6317e+02	 7.1088e+03	-8.4867e+01	 1.4909e+06	 1.3394e+05	-1.1131e+01
 3.8443e+03	 7.0772e+03	 5.1163e+00	 4.8058e-01	 3.6316e+02	 7.1115e+03	-8.4634e+01	 9.7406e+05	 9.1493e+04	-1.0646e+01
 5.7665e+03	 7.0772e+03	 4.9899e+00	 4.8859e-01	 3.6315e+02	 7.1139e+03	-8.4408e+01	 6.3872e+05	 6.2540e+04	-1.0213e+01
 8.6498e+03	 7.0772e+03	 4.8627e+00	 4.9618e-01	 3.6316e+02	 7.1189e+03	-8.4174e+01	 4.1930e+05	 4.2785e+04	-9.8001e+00
 1.2975e+04	 7.0772e+03	 4.7350e+00	 5.0488e-01	 3.6316e+02	 7.1216e+03	-8.3914e+01	 2.7472e+05	 2.9292e+04	-9.3784e+00
 1.9462e+04	 7.0772e+03	 4.6037e+00	 5.1481e-01	 3.6317e+02	 7.1242e+03	-8.3619e+01	 1.7961e+05	 2.0085e+04	-8.9426e+00
 2.9193e+04	 7.0772e+03	 4.4904e+00	 5.2723e-01	 3.6316e+02	 7.1269e+03	-8.3303e+01	 1.1692e+05	 1.3728e+04	-8.5170e+00
 4.3789e+04	 7.0772e+03	 4.3499e+00	 5.3654e-01	 3.6317e+02	 7.1294e+03	-8.2968e+01	 7.6595e+04	 9.4476e+03	-8.1073e+00
 6.5684e+04	 7.0772e+03	 4.2041e+00	 5.4240e-01	 3.6315e+02	 7.1319e+03	-8.2649e+01	 5.0512e+04	 6.5168e+03	-7.7509e+00
 9.8526e+04	 7.0772e+03	 4.0551e+00	 5.4164e-01	 3.6316e+02	 7.1344e+03	-8.2392e+01	 3.3721e+04	 4.5041e+03	-7.4867e+00
 1.4779e+05	 7.0772e+03	 3.9061e+00	 5.3344e-01	 3.6315e+02	 7.1370e+03	-8.2224e+01	 2.2826e+04	 3.1173e+03	-7.3225e+00
 2.2168e+05	 7.0772e+03	 3.7588e+00	 5.1618e-01	 3.6315e+02	 7.1398e+03	-8.2181e+01	 1.5727e+04	 2.1596e+03	-7.2821e+00
 3.3253e+05	 7.0772e+03	 3.5967e+00	 4.8644e-01	 3.6315e+02	 7.1422e+03	-8.2298e+01	 1.1125e+04	 1.5047e+03	-7.3939e+00
 4.9879e+05	 7.0772e+03	 3.4666e+00	 4.4803e-01	 3.6314e+02	 7.1451e+03	-8.2636e+01	 8.0527e+03	 1.0408e+03	-7.7373e+00
 7.4818e+05	 7.0772e+03	 3.4055e+00	 3.2617e-01	 3.6313e+02	 7.1527e+03	-8.4529e+01	 7.3742e+03	 7.0628e+02	-1.0441e+01
 9.0000e+05	 7.0772e+03	 3.3652e+00	 2.9832e-01	 3.6313e+02	 7.1604e+03	-8.4934e+01	 6.7025e+03	 5.9417e+02	-1.1281e+01
 1.0000e+02	 7.1576e+03	 6.0227e+00	 2.2436e-01	 3.6313e+02	 7.1685e+03	-8.7867e+01	 8.0208e+07	 2.9880e+06	-2.6844e+01
 1.5000e+02	 7.1576e+03	 5.9707e+00	 2.6232e-01	 3.6313e+02	 7.1710e+03	-8.7484e+01	 4.5734e+07	 2.0093e+06	-2.2761e+01
 2.2500e+02	 7.1576e+03	 5.8988e+00	 3.0567e-01	 3.6313e+02	 7.1736e+03	-8.7034e+01	 2.6166e+07	 1.3559e+06	-1.9298e+01
 3.3750e+02	 7.1576e+03	 5.8121e+00	 3.4875e-01	 3.6313e+02	 7.1761e+03	-8.6566e+01	 1.5289e+07	 9.1741e+05	-1.6665e+01
 5.0625e+02	 7.1576e+03	 5.7112e+00	 3.8691e-01	 3.6313e+02	 7.1785e+03	-8.6124e+01	 9.1874e+06	 6.2241e+05	-1.4761e+01
 7.5938e+02	 7.1576e+03	 5.5999e+00	 4.1790e-01	 3.6312e+02	 7.1812e+03	-8.5732e+01	 5.6707e+06	 4.2319e+05	-1.3400e+01
 1.1391e+03	 7.1576e+03	 5.4813e+00	 4.4164e-01	 3.6312e+02	 7.1838e+03	-8.5394e+01	 3.5773e+06	 2.8823e+05	-1.2411e+01
 1.7086e+03	 7.1576e+03	 5.3587e+00	 4.5912e-01	 3.6312e+02	 7.1866e+03	-8.5103e+01	 2.2940e+06	 1.9655e+05	-1.1672e+01
 2.5629e+03	 7.1576e+03	 5.2337e+00	 4.7179e-01	 3.6312e+02	 7.1919e+03	-8.4849e+01	 1.4883e+06	 1.3416e+05	-1.1093e+01
 3.8443e+03	 7.1576e+03	 5.1078e+00	 4.8116e-01	 3.6312e+02	 7.1944e+03	-8.4619e+01	 9.7287e+05	 9.1646e+04	-1.0616e+01
 5.7665e+03	 7.1576e+03	 4.9815e+00	 4.8877e-01	 3.6313e+02	 7.1971e+03	-8.4396e+01	 6.3849e+05	 6.2646e+04	-1.0192e+01
 8.6498e+03	 7.1576e+03	 4.8544e+00	 4.9615e-01	 3.6313e+02	 7.2021e+03	-8.4164e+01	 4.1933e+05	 4.2858e+04	-9.7842e+00
 1.2975e+04	 7.1576e+03	 4.7268e+00	 5.0469e-01	 3.6313e+02	 7.2046e+03	-8.3906e+01	 2.7482e+05	 2.9343e+04	-9.3658e+00
 1.9462e+04	 7.1576e+03	 4.5956e+00	 5.1441e-01	 3.6313e+02	 7.2071e+03	-8.3613e+01	 1.7975e+05	 2.0121e+04	-8.9337e+00
 2.9193e+04	 7.1576e+03	 4.4825e+00	 5.2671e-01	 3.6313e+02	 7.2099e+03	-8.3298e+01	 1.1704e+05	 1.3752e+04	-8.5104e+00
 4.3789e+04	 7.1576e+03	 4.3424e+00	 5.3556e-01	 3.6314e+02	 7.2123e+03	-8.2969e+01	 7.6734e+04	 9.4639e+03	-8.1081e+00
 6.5684e+04	 7.1576e+03	 4.1971e+00	 5.4107e-01	 3.6314e+02	 7.2148e+03	-8.2654e+01	 5.0635e+04	 6.5277e+03	-7.7570e+00
 9.8526e+04	 7.1576e+03	 4.0488e+00	 5.4017e-01	 3.6315e+02	 7.2175e+03	-8.2401e+01	 3.3813e+04	 4.5112e+03	-7.4954e+00
 1.4779e+05	 7.1576e+03	 3.9008e+00	 5.3163e-01	 3.6315e+02	 7.2201e+03	-8.2239e+01	 2.2904e+04	 3.1216e+03	-7.3375e+00
 2.2168e+05	 7.1576e+03	 3.7337e+00	 5.1218e-01	 3.6315e+02	 7.2228e+03	-8.2189e+01	 1.5850e+04	 2.1742e+03	-7.2899e+00
 3.3253e+05	 7.1576e+03	 3.5932e+00	 4.8460e-01	 3.6315e+02	 7.2252e+03	-8.2319e+01	 1.1168e+04	 1.5061e+03	-7.4149e+00
 4.9879e+05	 7.1576e+03	 3.4639e+00	 4.4633e-01	 3.6316e+02	 7.2279e+03	-8.2658e+01	 8.0834e+03	 1.0416e+03	-7.7609e+00
 7.4818e+05	 7.1576e+03	 3.4039e+00	 3.2514e-01	 3.6317e+02	 7.2356e+03	-8.4544e+01	 7.3976e+03	 7.0663e+02	-1.0469e+01
 9.0000e+05	 7.1576e+03	 3.3638e+00	 2.9765e-01	 3.6317e+02	 7.2432e+03	-8.4943e+01	 6.7177e+03	 5.9443e+02	-1.1301e+01
 1.0000e+02	 7.2405e+03	 6.0231e+00	 2.2491e-01	 3.6317e+02	 7.2514e+03	-8.7862e+01	 8.0013e+07	 2.9878e+06	-2.6780e+01
 1.5000e+02	 7.2405e+03	 5.9688e+00	 2.6436e-01	 3.6317e+02	 7.2539e+03	-8.7464e+01	 4.5382e+07	 2.0100e+06	-2.2578e+01
 2.2500e+02	 7.2405e+03	 5.8990e+00	 3.0677e-01	 3.6317e+02	 7.2563e+03	-8.7023e+01	 2.6072e+07	 1.3558e+06	-1.9229e+01
 3.3750e+02	 7.2405e+03	 5.8123e+00	 3.5020e-01	 3.6317e+02	 7.2591e+03	-8.6552e+01	 1.5226e+07	 9.1737e+05	-1.6597e+01
 5.0625e+02	 7.2405e+03	 5.7111e+00	 3.8869e-01	 3.6317e+02	 7.2615e+03	-8.6106e+01	 9.1452e+06	 6.2242e+05	-1.4693e+01
 7.5938e+02	 7.2405e+03	 5.5992e+00	 4.1981e-01	 3.6317e+02	 7.2644e+03	-8.5712e+01	 5.6449e+06	 4.2324e+05	-1.3337e+01
 1.1391e+03	 7.2405e+03	 5.4799e+00	 4.4349e-01	 3.6317e+02	 7.2669e+03	-8.5373e+01	 3.5623e+06	 2.8830e+05	-1.2356e+01
 1.7086e+03	 7.2405e+03	 5.3568e+00	 4.6066e-01	 3.6317e+02	 7.2696e+03	-8.5085e+01	 2.2864e+06	 1.9662e+05	-1.1628e+01
 2.5629e+03	 7.2405e+03	 5.2313e+00	 4.7327e-01	 3.6316e+02	 7.2745e+03	-8.4831e+01	 1.4836e+06	 1.3422e+05	-1.1054e+01
 3.8443e+03	 7.2405e+03	 5.1049e+00	 4.8218e-01	 3.6317e+02	 7.2771e+03	-8.4604e+01	 9.7082e+05	 9.1699e+04	-1.0587e+01
 5.7665e+03	 7.2405e+03	 4.9783e+00	 4.8957e-01	 3.6316e+02	 7.2795e+03	-8.4384e+01	 6.3745e+05	 6.2687e+04	-1.0169e+01
 8.6498e+03	 7.2405e+03	 4.8508e+00	 4.9670e-01	 3.6317e+02	 7.2847e+03	-8.4154e+01	 4.1887e+05	 4.2890e+04	-9.7661e+00
 1.2975e+04	 7.2405e+03	 4.7229e+00	 5.0500e-01	 3.6316e+02	 7.2872e+03	-8.3897e+01	 2.7465e+05	 2.9367e+04	-9.3523e+00
 1.9462e+04	 7.2405e+03	 4.5913e+00	 5.1450e-01	 3.6317e+02	 7.2898e+03	-8.3606e+01	 1.7972e+05	 2.0139e+04	-8.9239e+00
 2.9193e+04	 7.2405e+03	 4.4782e+00	 5.2659e-01	 3.6317e+02	 7.2922e+03	-8.3293e+01	 1.1706e+05	 1.3766e+04	-8.5041e+00
 4.3789e+04	 7.2405e+03	 4.3378e+00	 5.3523e-01	 3.6316e+02	 7.2947e+03	-8.2966e+01	 7.6782e+04	 9.4740e+03	-8.1044e+00
 6.5684e+04	 7.2405e+03	 4.1923e+00	 5.4022e-01	 3.6316e+02	 7.2973e+03	-8.2657e+01	 5.0715e+04	 6.5351e+03	-7.7604e+00
 9.8526e+04	 7.2405e+03	 4.0441e+00	 5.3878e-01	 3.6316e+02	 7.2998e+03	-8.2411e+01	 3.3900e+04	 4.5164e+03	-7.5060e+00
 1.4779e+05	 7.2405e+03	 3.8964e+00	 5.2988e-01	 3.6315e+02	 7.3023e+03	-8.2256e+01	 2.2980e+04	 3.1251e+03	-7.3533e+00
 2.2168e+05	 7.2405e+03	 3.7296e+00	 5.1024e-01	 3.6315e+02	 7.3051e+03	-8.2210e+01	 1.5910e+04	 2.1766e+03	-7.3095e+00
 3.3253e+05	 7.2405e+03	 3.5897e+00	 4.8263e-01	 3.6316e+02	 7.3075e+03	-8.2343e+01	 1.1213e+04	 1.5076e+03	-7.4378e+00
 4.9879e+05	 7.2405e+03	 3.4608e+00	 4.4449e-01	 3.6315e+02	 7.3101e+03	-8.2681e+01	 8.1170e+03	 1.0425e+03	-7.7861e+00
 7.4818e+05	 7.2405e+03	 3.4008e+00	 3.2323e-01	 3.6314e+02	 7.3179e+03	-8.4571e+01	 7.4414e+03	 7.0727e+02	-1.0521e+01
 9.0000e+05	 7.2405e+03	 3.3606e+00	 2.9548e-01	 3.6313e+02	 7.3261e+03	-8.4975e+01	 6.7671e+03	 5.9498e+02	-1.1374e+01
 1.0000e+02	 7.3233e+03	 6.0208e+00	 2.2740e-01	 3.6312e+02	 7.3340e+03	-8.7837e+01	 7.9137e+07	 2.9889e+06	-2.6477e+01
 1.5000e+02	 7.3233e+03	 5.9655e+00	 2.6654e-01	 3.6312e+02	 7.3365e+03	-8.7442e+01	 4.5011e+07	 2.0111e+06	-2.2381e+01
 2.2500e+02	 7.3233e+03	 5.8947e+00	 3.0987e-01	 3.6312e+02	 7.3390e+03	-8.6991e+01	 2.5811e+07	 1.3568e+06	-1.9023e+01
 3.3750e+02	 7.3233e+03	 5.8071e+00	 3.5331e-01	 3.6313e+02	 7.3414e+03	-8.6518e+01	 1.5092e+07	 9.1820e+05	-1.6436e+01
 5.0625e+02	 7.3233e+03	 5.7049e+00	 3.9139e-01	 3.6313e+02	 7.3439e+03	-8.6075e+01	 9.0823e+06	 6.2310e+05	-1.4576e+01
 7.5938e+02	 7.3233e+03	 5.5921e+00	 4.2216e-01	 3.6313e+02	 7.3465e+03	-8.5683e+01	 5.6136e+06	 4.2378e+05	-1.3246e+01
 1.1391e+03	 7.3233e+03	 5.4727e+00	 4.4526e-01	 3.6314e+02	 7.3492e+03	-8.5349e+01	 3.5482e+06	 2.8868e+05	-1.2291e+01
 1.7086e+03	 7.3233e+03	 5.3493e+00	 4.6220e-01	 3.6314e+02	 7.3518e+03	-8.5062e+01	 2.2787e+06	 1.9689e+05	-1.1573e+01
 2.5629e+03	 7.3233e+03	 5.2235e+00	 4.7405e-01	 3.6315e+02	 7.3571e+03	-8.4814e+01	 1.4812e+06	 1.3443e+05	-1.1019e+01
 3.8443e+03	 7.3233e+03	 5.0973e+00	 4.8282e-01	 3.6314e+02	 7.3598e+03	-8.4589e+01	 9.6953e+05	 9.1836e+04	-1.0557e+01
 5.7665e+03	 7.3233e+03	 4.9706e+00	 4.8969e-01	 3.6314e+02	 7.3622e+03	-8.4374e+01	 6.3729e+05	 6.2784e+04	-1.0151e+01
 8.6498e+03	 7.3233e+03	 4.8436e+00	 4.9670e-01	 3.6314e+02	 7.3673e+03	-8.4145e+01	 4.1886e+05	 4.2954e+04	-9.7515e+00
 1.2975e+04	 7.3233e+03	 4.7157e+00	 5.0488e-01	 3.6313e+02	 7.3698e+03	-8.3889e+01	 2.7472e+05	 2.9412e+04	-9.3401e+00
 1.9462e+04	 7.3233e+03	 4.5842e+00	 5.1433e-01	 3.6314e+02	 7.3724e+03	-8.3598e+01	 1.7978e+05	 2.0171e+04	-8.9129e+00
 2.9193e+04	 7.3233e+03	 4.4710e+00	 5.2603e-01	 3.6313e+02	 7.3749e+03	-8.3290e+01	 1.1719e+05	 1.3788e+04	-8.4995e+00
 4.3789e+04	 7.3233e+03	 4.3308e+00	 5.3439e-01	 3.6313e+02	 7.3775e+03	-8.2966e+01	 7.6903e+04	 9.4893e+03	-8.1042e+00
 6.5684e+04	 7.3233e+03	 4.1855e+00	 5.3902e-01	 3.6314e+02	 7.3801e+03	-8.2662e+01	 5.0828e+04	 6.5457e+03	-7.7650e+00
 9.8526e+04	 7.3233e+03	 4.0380e+00	 5.3719e-01	 3.6314e+02	 7.3825e+03	-8.2422e+01	 3.4001e+04	 4.5232e+03	-7.5170e+00
 1.4779e+05	 7.3233e+03	 3.8909e+00	 5.2802e-01	 3.6314e+02	 7.3851e+03	-8.2272e+01	 2.3061e+04	 3.1295e+03	-7.3688e+00
 2.2168e+05	 7.3233e+03	 3.7250e+00	 5.0823e-01	 3.6314e+02	 7.3877e+03	-8.2231e+01	 1.5973e+04	 2.1792e+03	-7.3295e+00
 3.3253e+05	 7.3233e+03	 3.5860e+00	 4.8066e-01	 3.6315e+02	 7.3901e+03	-8.2366e+01	 1.1259e+04	 1.5091e+03	-7.4607e+00
 4.9879e+05	 7.3233e+03	 3.4579e+00	 4.4271e-01	 3.6315e+02	 7.3927e+03	-8.2704e+01	 8.1496e+03	 1.0434e+03	-7.8107e+00
 7.4818e+05	 7.3233e+03	 3.3985e+00	 3.2118e-01	 3.6314e+02	 7.4004e+03	-8.4601e+01	 7.4889e+03	 7.0774e+02	-1.0581e+01
 9.0000e+05	 7.3233e+03	 3.3587e+00	 2.9392e-01	 3.6314e+02	 7.4086e+03	-8.4999e+01	 6.8029e+03	 5.9534e+02	-1.1427e+01
 1.0000e+02	 7.4058e+03	 6.0206e+00	 2.2805e-01	 3.6314e+02	 7.4165e+03	-8.7831e+01	 7.8912e+07	 2.9890e+06	-2.6401e+01
 1.5000e+02	 7.4058e+03	 5.9648e+00	 2.6753e-01	 3.6314e+02	 7.4192e+03	-8.7432e+01	 4.4844e+07	 2.0113e+06	-2.2296e+01
 2.2500e+02	 7.4058e+03	 5.8937e+00	 3.1141e-01	 3.6314e+02	 7.4217e+03	-8.6975e+01	 2.5683e+07	 1.3570e+06	-1.8926e+01
 3.3750e+02	 7.4058e+03	 5.8058e+00	 3.5487e-01	 3.6315e+02	 7.4244e+03	-8.6502e+01	 1.5025e+07	 9.1840e+05	-1.6360e+01
 5.0625e+02	 7.4058e+03	 5.7029e+00	 3.9314e-01	 3.6315e+02	 7.4268e+03	-8.6056e+01	 9.0419e+06	 6.2332e+05	-1.4506e+01
 7.5938e+02	 7.4058e+03	 5.5898e+00	 4.2376e-01	 3.6315e+02	 7.4293e+03	-8.5665e+01	 5.5924e+06	 4.2396e+05	-1.3191e+01
 1.1391e+03	 7.4058e+03	 5.4697e+00	 4.4701e-01	 3.6316e+02	 7.4321e+03	-8.5328e+01	 3.5343e+06	 2.8884e+05	-1.2236e+01
 1.7086e+03	 7.4058e+03	 5.3462e+00	 4.6377e-01	 3.6317e+02	 7.4346e+03	-8.5042e+01	 2.2710e+06	 1.9701e+05	-1.1528e+01
 2.5629e+03	 7.4058e+03	 5.2201e+00	 4.7525e-01	 3.6316e+02	 7.4398e+03	-8.4798e+01	 1.4775e+06	 1.3451e+05	-1.0984e+01
 3.8443e+03	 7.4058e+03	 5.0935e+00	 4.8357e-01	 3.6316e+02	 7.4423e+03	-8.4577e+01	 9.6802e+05	 9.1902e+04	-1.0533e+01
 5.7665e+03	 7.4058e+03	 4.9669e+00	 4.9037e-01	 3.6316e+02	 7.4448e+03	-8.4362e+01	 6.3640e+05	 6.2830e+04	-1.0129e+01
 8.6498e+03	 7.4058e+03	 4.8394e+00	 4.9715e-01	 3.6316e+02	 7.4501e+03	-8.4135e+01	 4.1848e+05	 4.2990e+04	-9.7343e+00
 1.2975e+04	 7.4058e+03	 4.7115e+00	 5.0508e-01	 3.6316e+02	 7.4526e+03	-8.3881e+01	 2.7461e+05	 2.9439e+04	-9.3281e+00
 1.9462e+04	 7.4058e+03	 4.5802e+00	 5.1448e-01	 3.6316e+02	 7.4555e+03	-8.3591e+01	 1.7973e+05	 2.0188e+04	-8.9025e+00
 2.9193e+04	 7.4058e+03	 4.4669e+00	 5.2593e-01	 3.6317e+02	 7.4579e+03	-8.3285e+01	 1.1721e+05	 1.3800e+04	-8.4932e+00
 4.3789e+04	 7.4058e+03	 4.3267e+00	 5.3398e-01	 3.6316e+02	 7.4606e+03	-8.2964e+01	 7.6962e+04	 9.4983e+03	-8.1027e+00
 6.5684e+04	 7.4058e+03	 4.1815e+00	 5.3834e-01	 3.6316e+02	 7.4631e+03	-8.2664e+01	 5.0892e+04	 6.5520e+03	-7.7674e+00
 9.8526e+04	 7.4058e+03	 4.0341e+00	 5.3616e-01	 3.6317e+02	 7.4659e+03	-8.2429e+01	 3.4066e+04	 4.5276e+03	-7.5242e+00
 1.4779e+05	 7.4058e+03	 3.8871e+00	 5.2668e-01	 3.6317e+02	 7.4684e+03	-8.2284e+01	 2.3120e+04	 3.1325e+03	-7.3805e+00
 2.2168e+05	 7.4058e+03	 3.7216e+00	 5.0661e-01	 3.6316e+02	 7.4710e+03	-8.2248e+01	 1.6024e+04	 2.1813e+03	-7.3460e+00
 3.3253e+05	 7.4058e+03	 3.5828e+00	 4.7895e-01	 3.6316e+02	 7.4737e+03	-8.2386e+01	 1.1299e+04	 1.5105e+03	-7.4805e+00
 4.9879e+05	 7.4058e+03	 3.4553e+00	 4.4113e-01	 3.6315e+02	 7.4764e+03	-8.2724e+01	 8.1787e+03	 1.0442e+03	-7.8328e+00
 7.4818e+05	 7.4058e+03	 3.3963e+00	 3.2017e-01	 3.6316e+02	 7.4842e+03	-8.4615e+01	 7.5124e+03	 7.0819e+02	-1.0608e+01
 9.0000e+05	 7.4058e+03	 3.3570e+00	 2.9256e-01	 3.6316e+02	 7.4919e+03	-8.5019e+01	 6.8346e+03	 5.9563e+02	-1.1475e+01
 1.0000e+02	 7.4891e+03	 6.0199e+00	 2.2904e-01	 3.6317e+02	 7.5001e+03	-8.7821e+01	 7.8571e+07	 2.9894e+06	-2.6283e+01
 1.5000e+02	 7.4891e+03	 5.9643e+00	 2.6812e-01	 3.6316e+02	 7.5026e+03	-8.7426e+01	 4.4746e+07	 2.0115e+06	-2.2245e+01
 2.2500e+02	 7.4891e+03	 5.8926e+00	 3.1321e-01	 3.6316e+02	 7.5054e+03	-8.6957e+01	 2.5536e+07	 1.3573e+06	-1.8814e+01
 3.3750e+02	 7.4891e+03	 5.8033e+00	 3.5684e-01	 3.6316e+02	 7.5078e+03	-8.6481e+01	 1.4942e+07	 9.1879e+05	-1.6263e+01
 5.0625e+02	 7.4891e+03	 5.6998e+00	 3.9526e-01	 3.6315e+02	 7.5102e+03	-8.6033e+01	 8.9933e+06	 6.2366e+05	-1.4420e+01
 7.5938e+02	 7.4891e+03	 5.5857e+00	 4.2591e-01	 3.6316e+02	 7.5130e+03	-8.5640e+01	 5.5641e+06	 4.2426e+05	-1.3115e+01
 1.1391e+03	 7.4891e+03	 5.4646e+00	 4.4885e-01	 3.6316e+02	 7.5156e+03	-8.5304e+01	 3.5198e+06	 2.8911e+05	-1.2175e+01
 1.7086e+03	 7.4891e+03	 5.3399e+00	 4.6517e-01	 3.6316e+02	 7.5182e+03	-8.5021e+01	 2.2642e+06	 1.9724e+05	-1.1479e+01
 2.5629e+03	 7.4891e+03	 5.2132e+00	 4.7628e-01	 3.6316e+02	 7.5233e+03	-8.4780e+01	 1.4743e+06	 1.3469e+05	-1.0946e+01
 3.8443e+03	 7.4891e+03	 5.0864e+00	 4.8425e-01	 3.6315e+02	 7.5258e+03	-8.4562e+01	 9.6668e+05	 9.2032e+04	-1.0504e+01
 5.7665e+03	 7.4891e+03	 4.9598e+00	 4.9071e-01	 3.6315e+02	 7.5284e+03	-8.4350e+01	 6.3596e+05	 6.2921e+04	-1.0107e+01
 8.6498e+03	 7.4891e+03	 4.8326e+00	 4.9734e-01	 3.6315e+02	 7.5336e+03	-8.4124e+01	 4.1832e+05	 4.3052e+04	-9.7168e+00
 1.2975e+04	 7.4891e+03	 4.7045e+00	 5.0506e-01	 3.6315e+02	 7.5364e+03	-8.3872e+01	 2.7462e+05	 2.9482e+04	-9.3148e+00
 1.9462e+04	 7.4891e+03	 4.5962e+00	 5.1539e-01	 3.6316e+02	 7.5389e+03	-8.3602e+01	 1.7941e+05	 2.0118e+04	-8.9180e+00
 2.9193e+04	 7.4891e+03	 4.4600e+00	 5.2520e-01	 3.6316e+02	 7.5414e+03	-8.3284e+01	 1.1737e+05	 1.3822e+04	-8.4919e+00
 4.3789e+04	 7.4891e+03	 4.3199e+00	 5.3309e-01	 3.6316e+02	 7.5438e+03	-8.2965e+01	 7.7091e+04	 9.5132e+03	-8.1035e+00
 6.5684e+04	 7.4891e+03	 4.1750e+00	 5.3702e-01	 3.6316e+02	 7.5462e+03	-8.2671e+01	 5.1018e+04	 6.5622e+03	-7.7745e+00
 9.8526e+04	 7.4891e+03	 4.0282e+00	 5.3453e-01	 3.6316e+02	 7.5488e+03	-8.2441e+01	 3.4170e+04	 4.5343e+03	-7.5358e+00
 1.4779e+05	 7.4891e+03	 3.8820e+00	 5.2480e-01	 3.6316e+02	 7.5516e+03	-8.2301e+01	 2.3202e+04	 3.1367e+03	-7.3970e+00
 2.2168e+05	 7.4891e+03	 3.7173e+00	 5.0475e-01	 3.6316e+02	 7.5544e+03	-8.2267e+01	 1.6083e+04	 2.1838e+03	-7.3645e+00
 3.3253e+05	 7.4891e+03	 3.5794e+00	 4.7705e-01	 3.6316e+02	 7.5569e+03	-8.2409e+01	 1.1344e+04	 1.5119e+03	-7.5033e+00
 4.9879e+05	 7.4891e+03	 3.4525e+00	 4.3938e-01	 3.6316e+02	 7.5596e+03	-8.2747e+01	 8.2113e+03	 1.0450e+03	-7.8576e+00
 7.4818e+05	 7.4891e+03	 3.3941e+00	 3.1901e-01	 3.6317e+02	 7.5672e+03	-8.4630e+01	 7.5397e+03	 7.0866e+02	-1.0639e+01
 9.0000e+05	 7.4891e+03	 3.3546e+00	 2.9212e-01	 3.6317e+02	 7.5748e+03	-8.5023e+01	 6.8450e+03	 5.9605e+02	-1.1484e+01
 1.0000e+02	 7.5720e+03	 6.0187e+00	 2.3081e-01	 3.6316e+02	 7.5829e+03	-8.7804e+01	 7.7967e+07	 2.9900e+06	-2.6076e+01
 1.5000e+02	 7.5720e+03	 5.9631e+00	 2.7041e-01	 3.6315e+02	 7.5854e+03	-8.7404e+01	 4.4367e+07	 2.0119e+06	-2.2052e+01
 2.2500e+02	 7.5720e+03	 5.8900e+00	 3.1536e-01	 3.6314e+02	 7.5879e+03	-8.6935e+01	 2.5362e+07	 1.3579e+06	-1.8677e+01
 3.3750e+02	 7.5720e+03	 5.8000e+00	 3.5936e-01	 3.6314e+02	 7.5906e+03	-8.6455e+01	 1.4838e+07	 9.1932e+05	-1.6140e+01
 5.0625e+02	 7.5720e+03	 5.6955e+00	 3.9776e-01	 3.6314e+02	 7.5931e+03	-8.6005e+01	 8.9369e+06	 6.2412e+05	-1.4319e+01
 7.5938e+02	 7.5720e+03	 5.5805e+00	 4.2807e-01	 3.6315e+02	 7.5959e+03	-8.5613e+01	 5.5360e+06	 4.2466e+05	-1.3036e+01
 1.1391e+03	 7.5720e+03	 5.4591e+00	 4.5045e-01	 3.6315e+02	 7.5984e+03	-8.5283e+01	 3.5073e+06	 2.8940e+05	-1.2119e+01
 1.7086e+03	 7.5720e+03	 5.3341e+00	 4.6626e-01	 3.6315e+02	 7.6013e+03	-8.5004e+01	 2.2589e+06	 1.9745e+05	-1.1440e+01
 2.5629e+03	 7.5720e+03	 5.2074e+00	 4.7718e-01	 3.6315e+02	 7.6066e+03	-8.4764e+01	 1.4715e+06	 1.3484e+05	-1.0913e+01
 3.8443e+03	 7.5720e+03	 5.0805e+00	 4.8486e-01	 3.6314e+02	 7.6090e+03	-8.4548e+01	 9.6545e+05	 9.2139e+04	-1.0478e+01
 5.7665e+03	 7.5720e+03	 4.9535e+00	 4.9105e-01	 3.6314e+02	 7.6114e+03	-8.4339e+01	 6.3552e+05	 6.3001e+04	-1.0087e+01
 8.6498e+03	 7.5720e+03	 4.8257e+00	 4.9728e-01	 3.6313e+02	 7.6164e+03	-8.4116e+01	 4.1837e+05	 4.3113e+04	-9.7040e+00
 1.2975e+04	 7.5720e+03	 4.6978e+00	 5.0503e-01	 3.6312e+02	 7.6191e+03	-8.3864e+01	 2.7464e+05	 2.9524e+04	-9.3020e+00
 1.9462e+04	 7.5720e+03	 4.5895e+00	 5.1472e-01	 3.6313e+02	 7.6218e+03	-8.3601e+01	 1.7964e+05	 2.0147e+04	-8.9165e+00
 2.9193e+04	 7.5720e+03	 4.4533e+00	 5.2459e-01	 3.6313e+02	 7.6247e+03	-8.3282e+01	 1.1751e+05	 1.3842e+04	-8.4891e+00
 4.3789e+04	 7.5720e+03	 4.3131e+00	 5.3207e-01	 3.6313e+02	 7.6271e+03	-8.2967e+01	 7.7238e+04	 9.5283e+03	-8.1061e+00
 6.5684e+04	 7.5720e+03	 4.1684e+00	 5.3569e-01	 3.6312e+02	 7.6298e+03	-8.2677e+01	 5.1144e+04	 6.5726e+03	-7.7814e+00
 9.8526e+04	 7.5720e+03	 4.0217e+00	 5.3276e-01	 3.6312e+02	 7.6323e+03	-8.2454e+01	 3.4284e+04	 4.5415e+03	-7.5489e+00
 1.4779e+05	 7.5720e+03	 3.8761e+00	 5.2269e-01	 3.6312e+02	 7.6349e+03	-8.2320e+01	 2.3296e+04	 3.1415e+03	-7.4156e+00
 2.2168e+05	 7.5720e+03	 3.7121e+00	 5.0254e-01	 3.6312e+02	 7.6376e+03	-8.2290e+01	 1.6153e+04	 2.1869e+03	-7.3866e+00
 3.3253e+05	 7.5720e+03	 3.5749e+00	 4.7478e-01	 3.6312e+02	 7.6401e+03	-8.2435e+01	 1.1399e+04	 1.5138e+03	-7.5296e+00
 4.9879e+05	 7.5720e+03	 3.4485e+00	 4.3717e-01	 3.6312e+02	 7.6429e+03	-8.2775e+01	 8.2529e+03	 1.0462e+03	-7.8883e+00
 7.4818e+05	 7.5720e+03	 3.3908e+00	 3.1697e-01	 3.6312e+02	 7.6510e+03	-8.4660e+01	 7.5884e+03	 7.0935e+02	-1.0698e+01
 9.0000e+05	 7.5720e+03	 3.3517e+00	 2.9023e-01	 3.6314e+02	 7.6588e+03	-8.5051e+01	 6.8895e+03	 5.9656e+02	-1.1549e+01
 1.0000e+02	 7.6560e+03	 6.0175e+00	 2.3220e-01	 3.6315e+02	 7.6665e+03	-8.7790e+01	 7.7501e+07	 2.9906e+06	-2.5915e+01
 1.5000e+02	 7.6560e+03	 5.9603e+00	 2.7146e-01	 3.6315e+02	 7.6692e+03	-8.7392e+01	 4.4194e+07	 2.0129e+06	-2.1956e+01
 2.2500e+02	 7.6560e+03	 5.8879e+00	 3.1739e-01	 3.6315e+02	 7.6717e+03	-8.6914e+01	 2.5199e+07	 1.3584e+06	-1.8551e+01
 3.3750e+02	 7.6560e+03	 5.7976e+00	 3.6151e-01	 3.6316e+02	 7.6744e+03	-8.6432e+01	 1.4749e+07	 9.1970e+05	-1.6037e+01
 5.0625e+02	 7.6560e+03	 5.6925e+00	 3.9958e-01	 3.6315e+02	 7.6769e+03	-8.5985e+01	 8.8962e+06	 6.2445e+05	-1.4246e+01
 7.5938e+02	 7.6560e+03	 5.5773e+00	 4.2995e-01	 3.6316e+02	 7.6794e+03	-8.5592e+01	 5.5119e+06	 4.2490e+05	-1.2972e+01
 1.1391e+03	 7.6560e+03	 5.4554e+00	 4.5211e-01	 3.6315e+02	 7.6821e+03	-8.5262e+01	 3.4944e+06	 2.8960e+05	-1.2066e+01
 1.7086e+03	 7.6560e+03	 5.3297e+00	 4.6768e-01	 3.6315e+02	 7.6846e+03	-8.4985e+01	 2.2520e+06	 1.9762e+05	-1.1396e+01
 2.5629e+03	 7.6560e+03	 5.2030e+00	 4.7822e-01	 3.6315e+02	 7.6899e+03	-8.4749e+01	 1.4683e+06	 1.3495e+05	-1.0880e+01
 3.8443e+03	 7.6560e+03	 5.0758e+00	 4.8570e-01	 3.6316e+02	 7.6926e+03	-8.4534e+01	 9.6378e+05	 9.2224e+04	-1.0450e+01
 5.7665e+03	 7.6560e+03	 4.9489e+00	 4.9155e-01	 3.6315e+02	 7.6950e+03	-8.4328e+01	 6.3488e+05	 6.3059e+04	-1.0068e+01
 8.6498e+03	 7.6560e+03	 4.8217e+00	 4.9774e-01	 3.6316e+02	 7.7001e+03	-8.4106e+01	 4.1799e+05	 4.3149e+04	-9.6871e+00
 1.2975e+04	 7.6560e+03	 4.6938e+00	 5.0523e-01	 3.6316e+02	 7.7025e+03	-8.3856e+01	 2.7453e+05	 2.9549e+04	-9.2904e+00
 1.9462e+04	 7.6560e+03	 4.5859e+00	 5.1438e-01	 3.6316e+02	 7.7054e+03	-8.3600e+01	 1.7976e+05	 2.0163e+04	-8.9154e+00
 2.9193e+04	 7.6560e+03	 4.4495e+00	 5.2412e-01	 3.6316e+02	 7.7079e+03	-8.3282e+01	 1.1762e+05	 1.3854e+04	-8.4894e+00
 4.3789e+04	 7.6560e+03	 4.3093e+00	 5.3130e-01	 3.6316e+02	 7.7103e+03	-8.2971e+01	 7.7349e+04	 9.5365e+03	-8.1109e+00
 6.5684e+04	 7.6560e+03	 4.1648e+00	 5.3455e-01	 3.6316e+02	 7.7129e+03	-8.2686e+01	 5.1253e+04	 6.5783e+03	-7.7913e+00
 9.8526e+04	 7.6560e+03	 4.0184e+00	 5.3151e-01	 3.6316e+02	 7.7153e+03	-8.2465e+01	 3.4364e+04	 4.5453e+03	-7.5603e+00
 1.4779e+05	 7.6560e+03	 3.8732e+00	 5.2122e-01	 3.6316e+02	 7.7181e+03	-8.2336e+01	 2.3362e+04	 3.1438e+03	-7.4311e+00
 2.2168e+05	 7.6560e+03	 3.7094e+00	 5.0110e-01	 3.6316e+02	 7.7207e+03	-8.2307e+01	 1.6200e+04	 2.1884e+03	-7.4026e+00
 3.3253e+05	 7.6560e+03	 3.5728e+00	 4.7345e-01	 3.6316e+02	 7.7234e+03	-8.2451e+01	 1.1431e+04	 1.5147e+03	-7.5462e+00
 4.9879e+05	 7.6560e+03	 3.4469e+00	 4.3603e-01	 3.6316e+02	 7.7259e+03	-8.2790e+01	 8.2744e+03	 1.0467e+03	-7.9052e+00
 7.4818e+05	 7.6560e+03	 3.3895e+00	 3.1616e-01	 3.6316e+02	 7.7335e+03	-8.4671e+01	 7.6078e+03	 7.0961e+02	-1.0721e+01
 9.0000e+05	 7.6560e+03	 3.3508e+00	 2.8931e-01	 3.6317e+02	 7.7412e+03	-8.5065e+01	 6.9113e+03	 5.9674e+02	-1.1582e+01
 1.0000e+02	 7.7385e+03	 6.0177e+00	 2.3282e-01	 3.6317e+02	 7.7492e+03	-8.7784e+01	 7.7294e+07	 2.9905e+06	-2.5847e+01
 1.5000e+02	 7.7385e+03	 5.9631e+00	 2.7339e-01	 3.6317e+02	 7.7517e+03	-8.7375e+01	 4.3883e+07	 2.0119e+06	-2.1812e+01
 2.2500e+02	 7.7385e+03	 5.8875e+00	 3.1869e-01	 3.6317e+02	 7.7544e+03	-8.6902e+01	 2.5097e+07	 1.3585e+06	-1.8474e+01
 3.3750e+02	 7.7385e+03	 5.7964e+00	 3.6311e-01	 3.6318e+02	 7.7568e+03	-8.6415e+01	 1.4684e+07	 9.1989e+05	-1.5963e+01
 5.0625e+02	 7.7385e+03	 5.6904e+00	 4.0155e-01	 3.6317e+02	 7.7595e+03	-8.5963e+01	 8.8524e+06	 6.2469e+05	-1.4171e+01
 7.5938e+02	 7.7385e+03	 5.5740e+00	 4.3192e-01	 3.6316e+02	 7.7620e+03	-8.5569e+01	 5.4867e+06	 4.2516e+05	-1.2905e+01
 1.1391e+03	 7.7385e+03	 5.4508e+00	 4.5385e-01	 3.6314e+02	 7.7649e+03	-8.5240e+01	 3.4810e+06	 2.8984e+05	-1.2010e+01
 1.7086e+03	 7.7385e+03	 5.3245e+00	 4.6912e-01	 3.6314e+02	 7.7674e+03	-8.4965e+01	 2.2451e+06	 1.9781e+05	-1.1350e+01
 2.5629e+03	 7.7385e+03	 5.1967e+00	 4.7937e-01	 3.6313e+02	 7.7726e+03	-8.4730e+01	 1.4648e+06	 1.3512e+05	-1.0841e+01
 3.8443e+03	 7.7385e+03	 5.0692e+00	 4.8617e-01	 3.6313e+02	 7.7750e+03	-8.4522e+01	 9.6285e+05	 9.2344e+04	-1.0427e+01
 5.7665e+03	 7.7385e+03	 4.9423e+00	 4.9193e-01	 3.6313e+02	 7.7778e+03	-8.4316e+01	 6.3439e+05	 6.3143e+04	-1.0047e+01
 8.6498e+03	 7.7385e+03	 4.8152e+00	 4.9788e-01	 3.6313e+02	 7.7829e+03	-8.4097e+01	 4.1787e+05	 4.3207e+04	-9.6713e+00
 1.2975e+04	 7.7385e+03	 4.6872e+00	 5.0517e-01	 3.6314e+02	 7.7854e+03	-8.3849e+01	 2.7456e+05	 2.9591e+04	-9.2785e+00
 1.9462e+04	 7.7385e+03	 4.5798e+00	 5.0732e-01	 3.6314e+02	 7.7884e+03	-8.3679e+01	 1.8226e+05	 2.0190e+04	-9.0273e+00
 2.9193e+04	 7.7385e+03	 4.4434e+00	 5.2052e-01	 3.6314e+02	 7.7908e+03	-8.3318e+01	 1.1843e+05	 1.3873e+04	-8.5364e+00
 4.3789e+04	 7.7385e+03	 4.3035e+00	 5.2721e-01	 3.6315e+02	 7.7932e+03	-8.3016e+01	 7.7950e+04	 9.5495e+03	-8.1627e+00
 6.5684e+04	 7.7385e+03	 4.1592e+00	 5.3216e-01	 3.6315e+02	 7.7960e+03	-8.2709e+01	 5.1483e+04	 6.5872e+03	-7.8157e+00
 9.8526e+04	 7.7385e+03	 4.0132e+00	 5.2900e-01	 3.6315e+02	 7.7984e+03	-8.2491e+01	 3.4527e+04	 4.5512e+03	-7.5865e+00
 1.4779e+05	 7.7385e+03	 3.8687e+00	 5.1865e-01	 3.6316e+02	 7.8010e+03	-8.2364e+01	 2.3477e+04	 3.1475e+03	-7.4591e+00
 2.2168e+05	 7.7385e+03	 3.7054e+00	 4.9942e-01	 3.6316e+02	 7.8036e+03	-8.2324e+01	 1.6254e+04	 2.1908e+03	-7.4194e+00
 3.3253e+05	 7.7385e+03	 3.5696e+00	 4.7170e-01	 3.6317e+02	 7.8064e+03	-8.2472e+01	 1.1473e+04	 1.5161e+03	-7.5675e+00
 4.9879e+05	 7.7385e+03	 3.4443e+00	 4.3444e-01	 3.6316e+02	 7.8089e+03	-8.2811e+01	 8.3048e+03	 1.0475e+03	-7.9282e+00
 7.4818e+05	 7.7385e+03	 3.3874e+00	 3.1476e-01	 3.6317e+02	 7.8166e+03	-8.4691e+01	 7.6417e+03	 7.1005e+02	-1.0762e+01
 9.0000e+05	 7.7385e+03	 3.3487e+00	 2.8797e-01	 3.6317e+02	 7.8247e+03	-8.5085e+01	 6.9436e+03	 5.9710e+02	-1.1629e+01
 1.0000e+02	 7.8219e+03	 6.0164e+00	 2.3388e-01	 3.6317e+02	 7.8329e+03	-8.7774e+01	 7.6945e+07	 2.9911e+06	-2.5725e+01
 1.5000e+02	 7.8219e+03	 5.9612e+00	 2.7542e-01	 3.6317e+02	 7.8353e+03	-8.7355e+01	 4.3559e+07	 2.0125e+06	-2.1644e+01
 2.2500e+02	 7.8219e+03	 5.8854e+00	 3.2055e-01	 3.6317e+02	 7.8379e+03	-8.6883e+01	 2.4951e+07	 1.3590e+06	-1.8361e+01
 3.3750e+02	 7.8219e+03	 5.7939e+00	 3.6512e-01	 3.6317e+02	 7.8405e+03	-8.6394e+01	 1.4604e+07	 9.2029e+05	-1.5869e+01
 5.0625e+02	 7.8219e+03	 5.6879e+00	 4.0350e-01	 3.6317e+02	 7.8430e+03	-8.5942e+01	 8.8096e+06	 6.2496e+05	-1.4096e+01
 7.5938e+02	 7.8219e+03	 5.5707e+00	 4.3376e-01	 3.6317e+02	 7.8456e+03	-8.5548e+01	 5.4634e+06	 4.2540e+05	-1.2843e+01
 1.1391e+03	 7.8219e+03	 5.4475e+00	 4.5540e-01	 3.6317e+02	 7.8482e+03	-8.5221e+01	 3.4692e+06	 2.9002e+05	-1.1962e+01
 1.7086e+03	 7.8219e+03	 5.3212e+00	 4.7044e-01	 3.6316e+02	 7.8509e+03	-8.4948e+01	 2.2389e+06	 1.9793e+05	-1.1311e+01
 2.5629e+03	 7.8219e+03	 5.1930e+00	 4.8035e-01	 3.6316e+02	 7.8559e+03	-8.4715e+01	 1.4618e+06	 1.3521e+05	-1.0811e+01
 3.8443e+03	 7.8219e+03	 5.0650e+00	 4.8693e-01	 3.6316e+02	 7.8586e+03	-8.4509e+01	 9.6135e+05	 9.2420e+04	-1.0402e+01
 5.7665e+03	 7.8219e+03	 4.9378e+00	 4.9233e-01	 3.6315e+02	 7.8610e+03	-8.4306e+01	 6.3387e+05	 6.3201e+04	-1.0030e+01
 8.6498e+03	 7.8219e+03	 4.8099e+00	 4.9801e-01	 3.6314e+02	 7.8661e+03	-8.4089e+01	 4.1776e+05	 4.3255e+04	-9.6582e+00
 1.2975e+04	 7.8219e+03	 4.6818e+00	 5.0524e-01	 3.6314e+02	 7.8686e+03	-8.3841e+01	 2.7452e+05	 2.9625e+04	-9.2665e+00
 1.9462e+04	 7.8219e+03	 4.5745e+00	 4.9909e-01	 3.6314e+02	 7.8713e+03	-8.3773e+01	 1.8527e+05	 2.0213e+04	-9.1656e+00
 2.9193e+04	 7.8219e+03	 4.4379e+00	 5.1349e-01	 3.6313e+02	 7.8738e+03	-8.3400e+01	 1.2005e+05	 1.3890e+04	-8.6427e+00
 4.3789e+04	 7.8219e+03	 4.2977e+00	 5.2453e-01	 3.6313e+02	 7.8764e+03	-8.3042e+01	 7.8348e+04	 9.5623e+03	-8.1934e+00
 6.5684e+04	 7.8219e+03	 4.1536e+00	 5.2831e-01	 3.6314e+02	 7.8789e+03	-8.2751e+01	 5.1858e+04	 6.5960e+03	-7.8621e+00
 9.8526e+04	 7.8219e+03	 4.0079e+00	 5.2585e-01	 3.6313e+02	 7.8813e+03	-8.2525e+01	 3.4734e+04	 4.5572e+03	-7.6219e+00
 1.4779e+05	 7.8219e+03	 3.8639e+00	 5.1501e-01	 3.6314e+02	 7.8839e+03	-8.2408e+01	 2.3644e+04	 3.1514e+03	-7.5026e+00
 2.2168e+05	 7.8219e+03	 3.7009e+00	 4.9736e-01	 3.6314e+02	 7.8864e+03	-8.2346e+01	 1.6322e+04	 2.1934e+03	-7.4411e+00
 3.3253e+05	 7.8219e+03	 3.5657e+00	 4.6966e-01	 3.6315e+02	 7.8889e+03	-8.2496e+01	 1.1523e+04	 1.5177e+03	-7.5921e+00
 4.9879e+05	 7.8219e+03	 3.4411e+00	 4.3249e-01	 3.6314e+02	 7.8914e+03	-8.2836e+01	 8.3421e+03	 1.0485e+03	-7.9564e+00
 7.4818e+05	 7.8219e+03	 3.3848e+00	 3.1338e-01	 3.6315e+02	 7.8990e+03	-8.4710e+01	 7.6752e+03	 7.1061e+02	-1.0801e+01
 9.0000e+05	 7.8219e+03	 3.3461e+00	 2.8696e-01	 3.6315e+02	 7.9067e+03	-8.5098e+01	 6.9680e+03	 5.9756e+02	-1.1661e+01
 1.0000e+02	 7.9039e+03	 6.0151e+00	 2.3588e-01	 3.6315e+02	 7.9149e+03	-8.7754e+01	 7.6291e+07	 2.9917e+06	-2.5501e+01
 1.5000e+02	 7.9039e+03	 5.9579e+00	 2.7364e-01	 3.6315e+02	 7.9174e+03	-8.7370e+01	 4.3843e+07	 2.0137e+06	-2.1773e+01
 2.2500e+02	 7.9039e+03	 5.8827e+00	 3.2299e-01	 3.6315e+02	 7.9200e+03	-8.6857e+01	 2.4763e+07	 1.3596e+06	-1.8213e+01
 3.3750e+02	 7.9039e+03	 5.7904e+00	 3.6757e-01	 3.6314e+02	 7.9225e+03	-8.6368e+01	 1.4506e+07	 9.2084e+05	-1.5753e+01
 5.0625e+02	 7.9039e+03	 5.6830e+00	 4.0580e-01	 3.6315e+02	 7.9251e+03	-8.5916e+01	 8.7598e+06	 6.2550e+05	-1.4004e+01
 7.5938e+02	 7.9039e+03	 5.5657e+00	 4.3571e-01	 3.6315e+02	 7.9276e+03	-8.5524e+01	 5.4390e+06	 4.2579e+05	-1.2774e+01
 1.1391e+03	 7.9039e+03	 5.4416e+00	 4.5686e-01	 3.6314e+02	 7.9301e+03	-8.5201e+01	 3.4581e+06	 2.9033e+05	-1.1911e+01
 1.7086e+03	 7.9039e+03	 5.3148e+00	 4.7147e-01	 3.6314e+02	 7.9328e+03	-8.4931e+01	 2.2340e+06	 1.9817e+05	-1.1273e+01
 2.5629e+03	 7.9039e+03	 5.1867e+00	 4.8105e-01	 3.6313e+02	 7.9379e+03	-8.4701e+01	 1.4597e+06	 1.3538e+05	-1.0782e+01
 3.8443e+03	 7.9039e+03	 5.0587e+00	 4.8735e-01	 3.6312e+02	 7.9404e+03	-8.4497e+01	 9.6052e+05	 9.2535e+04	-1.0380e+01
 5.7665e+03	 7.9039e+03	 4.9312e+00	 4.9247e-01	 3.6312e+02	 7.9429e+03	-8.4297e+01	 6.3369e+05	 6.3286e+04	-1.0013e+01
 8.6498e+03	 7.9039e+03	 4.8035e+00	 4.9803e-01	 3.6312e+02	 7.9481e+03	-8.4081e+01	 4.1774e+05	 4.3312e+04	-9.6450e+00
 1.2975e+04	 7.9039e+03	 4.6756e+00	 5.0510e-01	 3.6311e+02	 7.9508e+03	-8.3834e+01	 2.7460e+05	 2.9665e+04	-9.2568e+00
 1.9462e+04	 7.9039e+03	 4.5677e+00	 4.8053e-01	 3.6311e+02	 7.9534e+03	-8.3994e+01	 1.9242e+05	 2.0244e+04	-9.5054e+00
 2.9193e+04	 7.9039e+03	 4.4322e+00	 5.0174e-01	 3.6311e+02	 7.9560e+03	-8.3541e+01	 1.2286e+05	 1.3908e+04	-8.8336e+00
 4.3789e+04	 7.9039e+03	 4.2925e+00	 5.1670e-01	 3.6312e+02	 7.9585e+03	-8.3136e+01	 7.9535e+04	 9.5739e+03	-8.3075e+00
 6.5684e+04	 7.9039e+03	 4.1483e+00	 5.2763e-01	 3.6313e+02	 7.9609e+03	-8.2751e+01	 5.1925e+04	 6.6045e+03	-7.8621e+00
 9.8526e+04	 7.9039e+03	 4.0031e+00	 5.2538e-01	 3.6313e+02	 7.9636e+03	-8.2523e+01	 3.4765e+04	 4.5627e+03	-7.6194e+00
 1.4779e+05	 7.9039e+03	 3.8595e+00	 5.1494e-01	 3.6314e+02	 7.9661e+03	-8.2400e+01	 2.3647e+04	 3.1550e+03	-7.4950e+00
 2.2168e+05	 7.9039e+03	 3.6975e+00	 4.9570e-01	 3.6314e+02	 7.9688e+03	-8.2364e+01	 1.6376e+04	 2.1955e+03	-7.4591e+00
 3.3253e+05	 7.9039e+03	 3.5629e+00	 4.6819e-01	 3.6315e+02	 7.9712e+03	-8.2514e+01	 1.1559e+04	 1.5190e+03	-7.6098e+00
 4.9879e+05	 7.9039e+03	 3.4388e+00	 4.3120e-01	 3.6315e+02	 7.9739e+03	-8.2853e+01	 8.3671e+03	 1.0492e+03	-7.9750e+00
 7.4818e+05	 7.9039e+03	 3.3829e+00	 3.1207e-01	 3.6316e+02	 7.9818e+03	-8.4729e+01	 7.7073e+03	 7.1099e+02	-1.0840e+01
 9.0000e+05	 7.9039e+03	 3.3444e+00	 2.8537e-01	 3.6315e+02	 7.9895e+03	-8.5123e+01	 7.0067e+03	 5.9786e+02	-1.1720e+01
 1.0000e+02	 7.9868e+03	 6.0145e+00	 2.3704e-01	 3.6314e+02	 7.9976e+03	-8.7743e+01	 7.5919e+07	 2.9921e+06	-2.5374e+01
 1.5000e+02	 7.9868e+03	 5.9536e+00	 2.7807e-01	 3.6315e+02	 8.0001e+03	-8.7326e+01	 4.3145e+07	 2.0151e+06	-2.1411e+01
 2.2500e+02	 7.9868e+03	 5.8811e+00	 3.2455e-01	 3.6315e+02	 8.0029e+03	-8.6841e+01	 2.4643e+07	 1.3600e+06	-1.8121e+01
 3.3750e+02	 7.9868e+03	 5.7884e+00	 3.6945e-01	 3.6314e+02	 8.0053e+03	-8.6348e+01	 1.4432e+07	 9.2116e+05	-1.5668e+01
 5.0625e+02	 7.9868e+03	 5.6806e+00	 4.0779e-01	 3.6315e+02	 8.0078e+03	-8.5894e+01	 8.7169e+06	 6.2576e+05	-1.3930e+01
 7.5938e+02	 7.9868e+03	 5.5624e+00	 4.3770e-01	 3.6315e+02	 8.0103e+03	-8.5501e+01	 5.4142e+06	 4.2604e+05	-1.2708e+01
 1.1391e+03	 7.9868e+03	 5.4383e+00	 4.5849e-01	 3.6316e+02	 8.0129e+03	-8.5181e+01	 3.4458e+06	 2.9051e+05	-1.1861e+01
 1.7086e+03	 7.9868e+03	 5.3112e+00	 4.7294e-01	 3.6315e+02	 8.0156e+03	-8.4911e+01	 2.2270e+06	 1.9831e+05	-1.1230e+01
 2.5629e+03	 7.9868e+03	 5.1828e+00	 4.8207e-01	 3.6315e+02	 8.0206e+03	-8.4686e+01	 1.4566e+06	 1.3548e+05	-1.0751e+01
 3.8443e+03	 7.9868e+03	 5.0548e+00	 4.8820e-01	 3.6315e+02	 8.0231e+03	-8.4483e+01	 9.5885e+05	 9.2607e+04	-1.0354e+01
 5.7665e+03	 7.9868e+03	 4.9275e+00	 4.9306e-01	 3.6315e+02	 8.0256e+03	-8.4286e+01	 6.3293e+05	 6.3333e+04	-9.9936e+00
 8.6498e+03	 7.9868e+03	 4.8000e+00	 4.9844e-01	 3.6315e+02	 8.0308e+03	-8.4072e+01	 4.1740e+05	 4.3343e+04	-9.6301e+00
 1.2975e+04	 7.9868e+03	 4.6724e+00	 5.0550e-01	 3.6315e+02	 8.0332e+03	-8.3825e+01	 2.7438e+05	 2.9685e+04	-9.2431e+00
 1.9462e+04	 7.9868e+03	 4.5653e+00	 4.9627e-01	 3.6316e+02	 8.0358e+03	-8.3796e+01	 1.8632e+05	 2.0254e+04	-9.1992e+00
 2.9193e+04	 7.9868e+03	 4.4290e+00	 5.0579e-01	 3.6315e+02	 8.0382e+03	-8.3485e+01	 1.2188e+05	 1.3918e+04	-8.7566e+00
 4.3789e+04	 7.9868e+03	 4.2890e+00	 5.2130e-01	 3.6316e+02	 8.0407e+03	-8.3070e+01	 7.8834e+04	 9.5818e+03	-8.2275e+00
 6.5684e+04	 7.9868e+03	 4.1452e+00	 5.2331e-01	 3.6316e+02	 8.0432e+03	-8.2805e+01	 5.2354e+04	 6.6094e+03	-7.9212e+00
 9.8526e+04	 7.9868e+03	 4.0000e+00	 5.2220e-01	 3.6316e+02	 8.0457e+03	-8.2562e+01	 3.4977e+04	 4.5663e+03	-7.6599e+00
 1.4779e+05	 7.9868e+03	 3.8568e+00	 5.1213e-01	 3.6316e+02	 8.0486e+03	-8.2436e+01	 2.3776e+04	 3.1572e+03	-7.5308e+00
 2.2168e+05	 7.9868e+03	 3.6947e+00	 4.9440e-01	 3.6316e+02	 8.0511e+03	-8.2378e+01	 1.6419e+04	 2.1971e+03	-7.4732e+00
 3.3253e+05	 7.9868e+03	 3.5604e+00	 4.6682e-01	 3.6315e+02	 8.0539e+03	-8.2530e+01	 1.1593e+04	 1.5200e+03	-7.6268e+00
 4.9879e+05	 7.9868e+03	 3.4366e+00	 4.2971e-01	 3.6316e+02	 8.0564e+03	-8.2873e+01	 8.3960e+03	 1.0498e+03	-7.9973e+00
 7.4818e+05	 7.9868e+03	 3.3808e+00	 3.1044e-01	 3.6316e+02	 8.0641e+03	-8.4754e+01	 7.7480e+03	 7.1145e+02	-1.0890e+01
 9.0000e+05	 7.9868e+03	 3.3425e+00	 2.8446e-01	 3.6316e+02	 8.0723e+03	-8.5136e+01	 7.0293e+03	 5.9822e+02	-1.1750e+01
 1.0000e+02	 8.0696e+03	 6.0140e+00	 2.3789e-01	 3.6316e+02	 8.0806e+03	-8.7735e+01	 7.5647e+07	 2.9923e+06	-2.5280e+01
 1.5000e+02	 8.0696e+03	 5.9553e+00	 2.7903e-01	 3.6316e+02	 8.0831e+03	-8.7317e+01	 4.2996e+07	 2.0145e+06	-2.1343e+01
 2.2500e+02	 8.0696e+03	 5.8800e+00	 3.2625e-01	 3.6316e+02	 8.0856e+03	-8.6824e+01	 2.4515e+07	 1.3602e+06	-1.8023e+01
 3.3750e+02	 8.0696e+03	 5.7864e+00	 3.7136e-01	 3.6316e+02	 8.0882e+03	-8.6328e+01	 1.4358e+07	 9.2149e+05	-1.5581e+01
 5.0625e+02	 8.0696e+03	 5.6776e+00	 4.0974e-01	 3.6315e+02	 8.0907e+03	-8.5872e+01	 8.6756e+06	 6.2609e+05	-1.3857e+01
 7.5938e+02	 8.0696e+03	 5.5587e+00	 4.3929e-01	 3.6315e+02	 8.0934e+03	-8.5481e+01	 5.3947e+06	 4.2632e+05	-1.2654e+01
 1.1391e+03	 8.0696e+03	 5.4339e+00	 4.6033e-01	 3.6315e+02	 8.0959e+03	-8.5158e+01	 3.4321e+06	 2.9074e+05	-1.1804e+01
 1.7086e+03	 8.0696e+03	 5.3059e+00	 4.7400e-01	 3.6314e+02	 8.0986e+03	-8.4895e+01	 2.2221e+06	 1.9850e+05	-1.1194e+01
 2.5629e+03	 8.0696e+03	 5.1774e+00	 4.8300e-01	 3.6315e+02	 8.1038e+03	-8.4670e+01	 1.4538e+06	 1.3562e+05	-1.0719e+01
 3.8443e+03	 8.0696e+03	 5.0496e+00	 4.8875e-01	 3.6315e+02	 8.1062e+03	-8.4472e+01	 9.5777e+05	 9.2702e+04	-1.0332e+01
 5.7665e+03	 8.0696e+03	 4.9224e+00	 4.9349e-01	 3.6315e+02	 8.1087e+03	-8.4275e+01	 6.3238e+05	 6.3399e+04	-9.9746e+00
 8.6498e+03	 8.0696e+03	 4.7951e+00	 4.9873e-01	 3.6315e+02	 8.1139e+03	-8.4062e+01	 4.1716e+05	 4.3387e+04	-9.6148e+00
 1.2975e+04	 8.0696e+03	 4.6672e+00	 5.0561e-01	 3.6315e+02	 8.1163e+03	-8.3817e+01	 2.7432e+05	 2.9718e+04	-9.2308e+00
 1.9462e+04	 8.0696e+03	 4.5598e+00	 4.8605e-01	 3.6316e+02	 8.1190e+03	-8.3916e+01	 1.9024e+05	 2.0278e+04	-9.3813e+00
 2.9193e+04	 8.0696e+03	 4.4240e+00	 5.0420e-01	 3.6316e+02	 8.1214e+03	-8.3498e+01	 1.2226e+05	 1.3934e+04	-8.7744e+00
 4.3789e+04	 8.0696e+03	 4.2842e+00	 5.1700e-01	 3.6316e+02	 8.1241e+03	-8.3119e+01	 7.9489e+04	 9.5924e+03	-8.2867e+00
 6.5684e+04	 8.0696e+03	 4.1401e+00	 5.2322e-01	 3.6315e+02	 8.1267e+03	-8.2797e+01	 5.2362e+04	 6.6175e+03	-7.9127e+00
 9.8526e+04	 8.0696e+03	 3.9953e+00	 5.2000e-01	 3.6315e+02	 8.1291e+03	-8.2585e+01	 3.5125e+04	 4.5716e+03	-7.6833e+00
 1.4779e+05	 8.0696e+03	 3.8524e+00	 5.0848e-01	 3.6315e+02	 8.1317e+03	-8.2481e+01	 2.3947e+04	 3.1608e+03	-7.5762e+00
 2.2168e+05	 8.0696e+03	 3.6907e+00	 4.9245e-01	 3.6315e+02	 8.1342e+03	-8.2400e+01	 1.6485e+04	 2.1995e+03	-7.4946e+00
 3.3253e+05	 8.0696e+03	 3.5569e+00	 4.6487e-01	 3.6314e+02	 8.1371e+03	-8.2554e+01	 1.1642e+04	 1.5215e+03	-7.6515e+00
 4.9879e+05	 8.0696e+03	 3.4336e+00	 4.2796e-01	 3.6314e+02	 8.1396e+03	-8.2895e+01	 8.4305e+03	 1.0507e+03	-8.0233e+00
 7.4818e+05	 8.0696e+03	 3.3780e+00	 3.0904e-01	 3.6312e+02	 8.1476e+03	-8.4773e+01	 7.7829e+03	 7.1204e+02	-1.0930e+01
 9.0000e+05	 8.0696e+03	 3.3398e+00	 2.8340e-01	 3.6312e+02	 8.1553e+03	-8.5150e+01	 7.0555e+03	 5.9869e+02	-1.1785e+01
 1.0000e+02	 8.1526e+03	 6.0123e+00	 2.3960e-01	 3.6314e+02	 8.1634e+03	-8.7718e+01	 7.5106e+07	 2.9932e+06	-2.5093e+01
 1.5000e+02	 8.1526e+03	 5.9536e+00	 2.8225e-01	 3.6313e+02	 8.1659e+03	-8.7286e+01	 4.2505e+07	 2.0151e+06	-2.1093e+01
 2.2500e+02	 8.1526e+03	 5.8767e+00	 3.2878e-01	 3.6313e+02	 8.1683e+03	-8.6798e+01	 2.4327e+07	 1.3610e+06	-1.7874e+01
 3.3750e+02	 8.1526e+03	 5.7824e+00	 3.7377e-01	 3.6314e+02	 8.1711e+03	-8.6302e+01	 1.4266e+07	 9.2211e+05	-1.5471e+01
 5.0625e+02	 8.1526e+03	 5.6729e+00	 4.1209e-01	 3.6314e+02	 8.1735e+03	-8.5845e+01	 8.6261e+06	 6.2661e+05	-1.3766e+01
 7.5938e+02	 8.1526e+03	 5.5539e+00	 4.4116e-01	 3.6314e+02	 8.1761e+03	-8.5458e+01	 5.3718e+06	 4.2669e+05	-1.2590e+01
 1.1391e+03	 8.1526e+03	 5.4288e+00	 4.6210e-01	 3.6314e+02	 8.1787e+03	-8.5135e+01	 3.4189e+06	 2.9102e+05	-1.1748e+01
 1.7086e+03	 8.1526e+03	 5.3009e+00	 4.7515e-01	 3.6315e+02	 8.1814e+03	-8.4878e+01	 2.2166e+06	 1.9869e+05	-1.1156e+01
 2.5629e+03	 8.1526e+03	 5.1727e+00	 4.8371e-01	 3.6315e+02	 8.1864e+03	-8.4658e+01	 1.4516e+06	 1.3574e+05	-1.0694e+01
 3.8443e+03	 8.1526e+03	 5.0448e+00	 4.8935e-01	 3.6316e+02	 8.1889e+03	-8.4460e+01	 9.5659e+05	 9.2790e+04	-1.0309e+01
 5.7665e+03	 8.1526e+03	 4.9178e+00	 4.9388e-01	 3.6316e+02	 8.1913e+03	-8.4265e+01	 6.3188e+05	 6.3458e+04	-9.9574e+00
 8.6498e+03	 8.1526e+03	 4.7907e+00	 4.9898e-01	 3.6317e+02	 8.1965e+03	-8.4054e+01	 4.1695e+05	 4.3428e+04	-9.6009e+00
 1.2975e+04	 8.1526e+03	 4.6629e+00	 5.0571e-01	 3.6318e+02	 8.1989e+03	-8.3810e+01	 2.7426e+05	 2.9745e+04	-9.2204e+00
 1.9462e+04	 8.1526e+03	 4.2230e+00	 4.1151e-01	 3.6317e+02	 8.2017e+03	-8.4434e+01	 2.2470e+05	 2.1896e+04	-1.0262e+01
 2.9193e+04	 8.1526e+03	 4.0844e+00	 4.4909e-01	 3.6318e+02	 8.2042e+03	-8.3725e+01	 1.3726e+05	 1.5093e+04	-9.0949e+00
 4.3789e+04	 8.1526e+03	 4.0010e+00	 3.8628e-01	 3.6318e+02	 8.2069e+03	-8.4485e+01	 1.0639e+05	 1.0271e+04	-1.0358e+01
 6.5684e+04	 8.1526e+03	 4.1368e+00	 5.1126e-01	 3.6318e+02	 8.2093e+03	-8.2955e+01	 5.3587e+04	 6.6229e+03	-8.0912e+00
 9.8526e+04	 8.1526e+03	 3.9923e+00	 5.1289e-01	 3.6318e+02	 8.2118e+03	-8.2679e+01	 3.5612e+04	 4.5750e+03	-7.7840e+00
 1.4779e+05	 8.1526e+03	 3.8498e+00	 5.0394e-01	 3.6317e+02	 8.2144e+03	-8.2542e+01	 2.4163e+04	 3.1629e+03	-7.6395e+00
 2.2168e+05	 8.1526e+03	 3.6882e+00	 4.9132e-01	 3.6317e+02	 8.2170e+03	-8.2412e+01	 1.6522e+04	 2.2010e+03	-7.5067e+00
 3.3253e+05	 8.1526e+03	 3.5550e+00	 4.6378e-01	 3.6318e+02	 8.2196e+03	-8.2567e+01	 1.1669e+04	 1.5223e+03	-7.6654e+00
 4.9879e+05	 8.1526e+03	 3.4321e+00	 4.2685e-01	 3.6317e+02	 8.2223e+03	-8.2910e+01	 8.4523e+03	 1.0512e+03	-8.0405e+00
 7.4818e+05	 8.1526e+03	 3.3770e+00	 3.0878e-01	 3.6318e+02	 8.2304e+03	-8.4776e+01	 7.7895e+03	 7.1224e+02	-1.0937e+01
 9.0000e+05	 8.1526e+03	 3.3391e+00	 2.8329e-01	 3.6317e+02	 8.2382e+03	-8.5151e+01	 7.0583e+03	 5.9882e+02	-1.1787e+01
 1.0000e+02	 8.2355e+03	 6.0128e+00	 2.3997e-01	 3.6318e+02	 8.2463e+03	-8.7715e+01	 7.4992e+07	 2.9929e+06	-2.5057e+01
 1.5000e+02	 8.2355e+03	 5.9541e+00	 2.8272e-01	 3.6318e+02	 8.2488e+03	-8.7281e+01	 4.2435e+07	 2.0149e+06	-2.1060e+01
 2.2500e+02	 8.2355e+03	 5.8770e+00	 3.2957e-01	 3.6317e+02	 8.2516e+03	-8.6790e+01	 2.4268e+07	 1.3609e+06	-1.7832e+01
 3.3750e+02	 8.2355e+03	 5.7820e+00	 3.7525e-01	 3.6316e+02	 8.2540e+03	-8.6287e+01	 1.4209e+07	 9.2218e+05	-1.5408e+01
 5.0625e+02	 8.2355e+03	 5.6718e+00	 4.1370e-01	 3.6316e+02	 8.2567e+03	-8.5828e+01	 8.5926e+06	 6.2674e+05	-1.3710e+01
 7.5938e+02	 8.2355e+03	 5.5512e+00	 4.4306e-01	 3.6316e+02	 8.2591e+03	-8.5437e+01	 5.3487e+06	 4.2690e+05	-1.2529e+01
 1.1391e+03	 8.2355e+03	 5.4252e+00	 4.6353e-01	 3.6316e+02	 8.2617e+03	-8.5117e+01	 3.4084e+06	 2.9121e+05	-1.1704e+01
 1.7086e+03	 8.2355e+03	 5.2969e+00	 4.7646e-01	 3.6315e+02	 8.2643e+03	-8.4860e+01	 2.2106e+06	 1.9884e+05	-1.1117e+01
 2.5629e+03	 8.2355e+03	 5.1676e+00	 4.8468e-01	 3.6315e+02	 8.2696e+03	-8.4642e+01	 1.4487e+06	 1.3588e+05	-1.0662e+01
 3.8443e+03	 8.2355e+03	 5.0393e+00	 4.8986e-01	 3.6315e+02	 8.2721e+03	-8.4448e+01	 9.5559e+05	 9.2892e+04	-1.0287e+01
 5.7665e+03	 8.2355e+03	 4.9118e+00	 4.9407e-01	 3.6315e+02	 8.2745e+03	-8.4256e+01	 6.3164e+05	 6.3535e+04	-9.9415e+00
 8.6498e+03	 8.2355e+03	 4.7838e+00	 4.9899e-01	 3.6313e+02	 8.2796e+03	-8.4045e+01	 4.1694e+05	 4.3490e+04	-9.5869e+00
 1.2975e+04	 8.2355e+03	 4.6555e+00	 5.0539e-01	 3.6313e+02	 8.2820e+03	-8.3804e+01	 2.7444e+05	 2.9793e+04	-9.2118e+00
 1.9462e+04	 8.2355e+03	 4.2192e+00	 4.0471e-01	 3.6312e+02	 8.2847e+03	-8.4521e+01	 2.2848e+05	 2.1916e+04	-1.0425e+01
 2.9193e+04	 8.2355e+03	 4.0690e+00	 4.8303e-01	 3.6311e+02	 8.2872e+03	-8.3230e+01	 1.2762e+05	 1.5150e+04	-8.4238e+00
 4.3789e+04	 8.2355e+03	 3.9394e+00	 4.8779e-01	 3.6311e+02	 8.2898e+03	-8.2941e+01	 8.4249e+04	 1.0432e+04	-8.0760e+00
 6.5684e+04	 8.2355e+03	 3.8073e+00	 4.8793e-01	 3.6311e+02	 8.2922e+03	-8.2697e+01	 5.6150e+04	 7.1960e+03	-7.8030e+00
 9.8526e+04	 8.2355e+03	 3.6751e+00	 4.8236e-01	 3.6310e+02	 8.2947e+03	-8.2523e+01	 3.7866e+04	 4.9699e+03	-7.6191e+00
 1.4779e+05	 8.2355e+03	 3.5440e+00	 4.7069e-01	 3.6312e+02	 8.2974e+03	-8.2435e+01	 2.5870e+04	 3.4358e+03	-7.5294e+00
 2.2168e+05	 8.2355e+03	 3.6823e+00	 4.8887e-01	 3.6312e+02	 8.2999e+03	-8.2438e+01	 1.6605e+04	 2.2045e+03	-7.5323e+00
 3.3253e+05	 8.2355e+03	 3.5500e+00	 4.6120e-01	 3.6312e+02	 8.3026e+03	-8.2598e+01	 1.1734e+04	 1.5245e+03	-7.6973e+00
 4.9879e+05	 8.2355e+03	 3.4279e+00	 4.2466e-01	 3.6313e+02	 8.3052e+03	-8.2938e+01	 8.4959e+03	 1.0525e+03	-8.0720e+00
 7.4818e+05	 8.2355e+03	 3.3740e+00	 3.0694e-01	 3.6315e+02	 8.3133e+03	-8.4802e+01	 7.8363e+03	 7.1288e+02	-1.0992e+01
 9.0000e+05	 8.2355e+03	 3.3363e+00	 2.8166e-01	 3.6315e+02	 8.3209e+03	-8.5174e+01	 7.0991e+03	 5.9932e+02	-1.1845e+01
 1.0000e+02	 8.3182e+03	 6.0109e+00	 2.4157e-01	 3.6314e+02	 8.3293e+03	-8.7699e+01	 7.4494e+07	 2.9938e+06	-2.4883e+01
 1.5000e+02	 8.3182e+03	 5.9514e+00	 2.8381e-01	 3.6315e+02	 8.3317e+03	-8.7270e+01	 4.2271e+07	 2.0159e+06	-2.0969e+01
 2.2500e+02	 8.3182e+03	 5.8738e+00	 3.3222e-01	 3.6314e+02	 8.3344e+03	-8.6763e+01	 2.4075e+07	 1.3617e+06	-1.7681e+01
 3.3750e+02	 8.3182e+03	 5.7779e+00	 3.7754e-01	 3.6314e+02	 8.3369e+03	-8.6261e+01	 1.4123e+07	 9.2284e+05	-1.5304e+01
 5.0625e+02	 8.3182e+03	 5.6672e+00	 4.1584e-01	 3.6314e+02	 8.3393e+03	-8.5803e+01	 8.5482e+06	 6.2725e+05	-1.3628e+01
 7.5938e+02	 8.3182e+03	 5.5464e+00	 4.4484e-01	 3.6314e+02	 8.3421e+03	-8.5415e+01	 5.3273e+06	 4.2727e+05	-1.2468e+01
 1.1391e+03	 8.3182e+03	 5.4199e+00	 4.6495e-01	 3.6314e+02	 8.3447e+03	-8.5097e+01	 3.3979e+06	 2.9150e+05	-1.1657e+01
 1.7086e+03	 8.3182e+03	 5.2912e+00	 4.7749e-01	 3.6314e+02	 8.3474e+03	-8.4843e+01	 2.2058e+06	 1.9906e+05	-1.1081e+01
 2.5629e+03	 8.3182e+03	 5.1621e+00	 4.8543e-01	 3.6313e+02	 8.3526e+03	-8.4628e+01	 1.4465e+06	 1.3602e+05	-1.0634e+01
 3.8443e+03	 8.3182e+03	 5.0334e+00	 4.9026e-01	 3.6313e+02	 8.3551e+03	-8.4437e+01	 9.5482e+05	 9.3000e+04	-1.0267e+01
 5.7665e+03	 8.3182e+03	 4.9058e+00	 4.9434e-01	 3.6312e+02	 8.3575e+03	-8.4246e+01	 6.3129e+05	 6.3613e+04	-9.9240e+00
 8.6498e+03	 8.3182e+03	 4.7782e+00	 4.9911e-01	 3.6311e+02	 8.3625e+03	-8.4037e+01	 4.1684e+05	 4.3541e+04	-9.5733e+00
 1.2975e+04	 8.3182e+03	 4.6502e+00	 5.0550e-01	 3.6312e+02	 8.3651e+03	-8.3796e+01	 2.7438e+05	 2.9826e+04	-9.1993e+00
 1.9462e+04	 8.3182e+03	 4.1904e+00	 4.7587e-01	 3.6312e+02	 8.3677e+03	-8.3521e+01	 1.9431e+05	 2.2066e+04	-8.8056e+00
 2.9193e+04	 8.3182e+03	 4.0647e+00	 4.8279e-01	 3.6312e+02	 8.3701e+03	-8.3226e+01	 1.2768e+05	 1.5166e+04	-8.4192e+00
 4.3789e+04	 8.3182e+03	 3.9355e+00	 4.8731e-01	 3.6312e+02	 8.3728e+03	-8.2941e+01	 8.4333e+04	 1.0442e+04	-8.0760e+00
 6.5684e+04	 8.3182e+03	 3.8037e+00	 4.8721e-01	 3.6313e+02	 8.3753e+03	-8.2701e+01	 5.6233e+04	 7.2028e+03	-7.8071e+00
 9.8526e+04	 8.3182e+03	 3.6713e+00	 4.8134e-01	 3.6311e+02	 8.3781e+03	-8.2530e+01	 3.7946e+04	 4.9751e+03	-7.6271e+00
 1.4779e+05	 8.3182e+03	 3.5400e+00	 4.6932e-01	 3.6309e+02	 8.3807e+03	-8.2448e+01	 2.5945e+04	 3.4397e+03	-7.5428e+00
 2.2168e+05	 8.3182e+03	 3.6780e+00	 4.8695e-01	 3.6307e+02	 8.3833e+03	-8.2458e+01	 1.6671e+04	 2.2071e+03	-7.5531e+00
 3.3253e+05	 8.3182e+03	 3.5460e+00	 4.5920e-01	 3.6307e+02	 8.3858e+03	-8.2621e+01	 1.1785e+04	 1.5262e+03	-7.7220e+00
 4.9879e+05	 8.3182e+03	 3.4244e+00	 4.2254e-01	 3.6306e+02	 8.3886e+03	-8.2966e+01	 8.5385e+03	 1.0536e+03	-8.1043e+00
 7.4818e+05	 8.3182e+03	 3.3709e+00	 3.0558e-01	 3.6308e+02	 8.3963e+03	-8.4820e+01	 7.8712e+03	 7.1354e+02	-1.1031e+01
 9.0000e+05	 8.3182e+03	 3.3339e+00	 2.8009e-01	 3.6312e+02	 8.4039e+03	-8.5198e+01	 7.1388e+03	 5.9975e+02	-1.1903e+01
 1.0000e+02	 8.4012e+03	 6.0105e+00	 2.4289e-01	 3.6317e+02	 8.4121e+03	-8.7686e+01	 7.4091e+07	 2.9941e+06	-2.4746e+01
 1.5000e+02	 8.4012e+03	 5.9514e+00	 2.8444e-01	 3.6318e+02	 8.4146e+03	-8.7264e+01	 4.2179e+07	 2.0159e+06	-2.0923e+01
 2.2500e+02	 8.4012e+03	 5.8741e+00	 3.3291e-01	 3.6319e+02	 8.4171e+03	-8.6756e+01	 2.4025e+07	 1.3616e+06	-1.7645e+01
 3.3750e+02	 8.4012e+03	 5.7791e+00	 3.7843e-01	 3.6320e+02	 8.4198e+03	-8.6254e+01	 1.4090e+07	 9.2264e+05	-1.5271e+01
 5.0625e+02	 8.4012e+03	 5.6687e+00	 4.1705e-01	 3.6321e+02	 8.4224e+03	-8.5792e+01	 8.5234e+06	 6.2708e+05	-1.3592e+01
 7.5938e+02	 8.4012e+03	 5.5485e+00	 4.4593e-01	 3.6323e+02	 8.4251e+03	-8.5405e+01	 5.3143e+06	 4.2711e+05	-1.2443e+01
 1.1391e+03	 8.4012e+03	 5.4221e+00	 4.6603e-01	 3.6323e+02	 8.4276e+03	-8.5087e+01	 3.3900e+06	 2.9138e+05	-1.1635e+01
 1.7086e+03	 8.4012e+03	 5.2936e+00	 4.7913e-01	 3.6324e+02	 8.4302e+03	-8.4828e+01	 2.1982e+06	 1.9897e+05	-1.1048e+01
 2.5629e+03	 8.4012e+03	 5.1645e+00	 4.8692e-01	 3.6325e+02	 8.4351e+03	-8.4614e+01	 1.4420e+06	 1.3596e+05	-1.0606e+01
 3.8443e+03	 8.4012e+03	 5.0362e+00	 4.9170e-01	 3.6326e+02	 8.4378e+03	-8.4424e+01	 9.5203e+05	 9.2948e+04	-1.0243e+01
 5.7665e+03	 8.4012e+03	 4.9086e+00	 4.9562e-01	 3.6326e+02	 8.4402e+03	-8.4234e+01	 6.2967e+05	 6.3576e+04	-9.9041e+00
 8.6498e+03	 8.4012e+03	 4.7811e+00	 5.0031e-01	 3.6325e+02	 8.4454e+03	-8.4026e+01	 4.1584e+05	 4.3515e+04	-9.5563e+00
 1.2975e+04	 8.4012e+03	 4.6528e+00	 5.0662e-01	 3.6325e+02	 8.4478e+03	-8.3786e+01	 2.7377e+05	 2.9810e+04	-9.1840e+00
 1.9462e+04	 8.4012e+03	 4.1925e+00	 4.7673e-01	 3.6326e+02	 8.4507e+03	-8.3513e+01	 1.9396e+05	 2.2055e+04	-8.7944e+00
 2.9193e+04	 8.4012e+03	 4.0663e+00	 4.8337e-01	 3.6325e+02	 8.4531e+03	-8.3221e+01	 1.2753e+05	 1.5160e+04	-8.4124e+00
 4.3789e+04	 8.4012e+03	 3.9367e+00	 4.8775e-01	 3.6324e+02	 8.4559e+03	-8.2937e+01	 8.4257e+04	 1.0439e+04	-8.0712e+00
 6.5684e+04	 8.4012e+03	 3.8047e+00	 4.8734e-01	 3.6324e+02	 8.4583e+03	-8.2701e+01	 5.6218e+04	 7.2008e+03	-7.8072e+00
 9.8526e+04	 8.4012e+03	 3.6725e+00	 4.8157e-01	 3.6324e+02	 8.4608e+03	-8.2530e+01	 3.7928e+04	 4.9734e+03	-7.6262e+00
 1.4779e+05	 8.4012e+03	 3.5416e+00	 4.6953e-01	 3.6324e+02	 8.4633e+03	-8.2448e+01	 2.5933e+04	 3.4381e+03	-7.5429e+00
 2.2168e+05	 8.4012e+03	 3.6801e+00	 4.8731e-01	 3.6323e+02	 8.4659e+03	-8.2457e+01	 1.6658e+04	 2.2059e+03	-7.5518e+00
 3.3253e+05	 8.4012e+03	 3.5482e+00	 4.5969e-01	 3.6323e+02	 8.4686e+03	-8.2618e+01	 1.1773e+04	 1.5252e+03	-7.7187e+00
 4.9879e+05	 8.4012e+03	 3.4262e+00	 4.2321e-01	 3.6322e+02	 8.4711e+03	-8.2958e+01	 8.5251e+03	 1.0530e+03	-8.0957e+00
 7.4818e+05	 8.4012e+03	 3.3718e+00	 3.0607e-01	 3.6321e+02	 8.4786e+03	-8.4813e+01	 7.8584e+03	 7.1335e+02	-1.1016e+01
 9.0000e+05	 8.4012e+03	 3.3336e+00	 2.8040e-01	 3.6318e+02	 8.4866e+03	-8.5192e+01	 7.1310e+03	 5.9980e+02	-1.1889e+01
 1.0000e+02	 8.4838e+03	 6.0103e+00	 2.4368e-01	 3.6317e+02	 8.4944e+03	-8.7678e+01	 7.3850e+07	 2.9941e+06	-2.4665e+01
 1.5000e+02	 8.4838e+03	 5.9488e+00	 2.8658e-01	 3.6316e+02	 8.4972e+03	-8.7242e+01	 4.1863e+07	 2.0167e+06	-2.0757e+01
 2.2500e+02	 8.4838e+03	 5.8713e+00	 3.3538e-01	 3.6316e+02	 8.4996e+03	-8.6731e+01	 2.3848e+07	 1.3622e+06	-1.7506e+01
 3.3750e+02	 8.4838e+03	 5.7742e+00	 3.8123e-01	 3.6315e+02	 8.5021e+03	-8.6223e+01	 1.3987e+07	 9.2343e+05	-1.5146e+01
 5.0625e+02	 8.4838e+03	 5.6617e+00	 4.1947e-01	 3.6315e+02	 8.5048e+03	-8.5763e+01	 8.4742e+06	 6.2785e+05	-1.3497e+01
 7.5938e+02	 8.4838e+03	 5.5392e+00	 4.4839e-01	 3.6314e+02	 8.5072e+03	-8.5372e+01	 5.2852e+06	 4.2782e+05	-1.2354e+01
 1.1391e+03	 8.4838e+03	 5.4114e+00	 4.6773e-01	 3.6314e+02	 8.5099e+03	-8.5060e+01	 3.3778e+06	 2.9195e+05	-1.1570e+01
 1.7086e+03	 8.4838e+03	 5.2820e+00	 4.7991e-01	 3.6313e+02	 8.5125e+03	-8.4808e+01	 2.1947e+06	 1.9940e+05	-1.1006e+01
 2.5629e+03	 8.4838e+03	 5.1517e+00	 4.8694e-01	 3.6313e+02	 8.5176e+03	-8.4600e+01	 1.4420e+06	 1.3630e+05	-1.0580e+01
 3.8443e+03	 8.4838e+03	 5.0230e+00	 4.9133e-01	 3.6311e+02	 8.5201e+03	-8.4413e+01	 9.5274e+05	 9.3193e+04	-1.0223e+01
 5.7665e+03	 8.4838e+03	 4.8954e+00	 4.9491e-01	 3.6312e+02	 8.5229e+03	-8.4227e+01	 6.3056e+05	 6.3748e+04	-9.8915e+00
 8.6498e+03	 8.4838e+03	 4.7678e+00	 4.9942e-01	 3.6312e+02	 8.5281e+03	-8.4020e+01	 4.1658e+05	 4.3636e+04	-9.5467e+00
 1.2975e+04	 8.4838e+03	 4.6400e+00	 5.0561e-01	 3.6313e+02	 8.5306e+03	-8.3781e+01	 2.7432e+05	 2.9892e+04	-9.1769e+00
 1.9462e+04	 8.4838e+03	 4.1808e+00	 4.7576e-01	 3.6313e+02	 8.5334e+03	-8.3508e+01	 1.9435e+05	 2.2117e+04	-8.7876e+00
 2.9193e+04	 8.4838e+03	 4.0549e+00	 4.8216e-01	 3.6313e+02	 8.5359e+03	-8.3219e+01	 1.2785e+05	 1.5203e+04	-8.4097e+00
 4.3789e+04	 8.4838e+03	 3.9258e+00	 4.8618e-01	 3.6312e+02	 8.5386e+03	-8.2940e+01	 8.4528e+04	 1.0468e+04	-8.0747e+00
 6.5684e+04	 8.4838e+03	 3.7943e+00	 4.8539e-01	 3.6313e+02	 8.5413e+03	-8.2710e+01	 5.6444e+04	 7.2206e+03	-7.8170e+00
 9.8526e+04	 8.4838e+03	 3.6631e+00	 4.7897e-01	 3.6313e+02	 8.5438e+03	-8.2550e+01	 3.8134e+04	 4.9862e+03	-7.6478e+00
 1.4779e+05	 8.4838e+03	 3.5333e+00	 4.6666e-01	 3.6314e+02	 8.5464e+03	-8.2476e+01	 2.6093e+04	 3.4463e+03	-7.5715e+00
 2.2168e+05	 8.4838e+03	 3.6722e+00	 4.8419e-01	 3.6314e+02	 8.5489e+03	-8.2489e+01	 1.6765e+04	 2.2106e+03	-7.5842e+00
 3.3253e+05	 8.4838e+03	 3.5415e+00	 4.5652e-01	 3.6314e+02	 8.5518e+03	-8.2655e+01	 1.1855e+04	 1.5281e+03	-7.7576e+00
 4.9879e+05	 8.4838e+03	 3.4208e+00	 4.2019e-01	 3.6313e+02	 8.5543e+03	-8.2997e+01	 8.5862e+03	 1.0547e+03	-8.1411e+00
 7.4818e+05	 8.4838e+03	 3.3677e+00	 3.0386e-01	 3.6313e+02	 8.5623e+03	-8.4844e+01	 7.9158e+03	 7.1421e+02	-1.1083e+01
 9.0000e+05	 8.4838e+03	 3.3303e+00	 2.7849e-01	 3.6313e+02	 8.5701e+03	-8.5220e+01	 7.1800e+03	 6.0041e+02	-1.1958e+01
 1.0000e+02	 8.5673e+03	 6.0077e+00	 2.4601e-01	 3.6313e+02	 8.5783e+03	-8.7655e+01	 7.3151e+07	 2.9954e+06	-2.4421e+01
 1.5000e+02	 8.5673e+03	 5.9471e+00	 2.8894e-01	 3.6313e+02	 8.5809e+03	-8.7218e+01	 4.1521e+07	 2.0173e+06	-2.0582e+01
 2.2500e+02	 8.5673e+03	 5.8678e+00	 3.3791e-01	 3.6314e+02	 8.5836e+03	-8.6704e+01	 2.3669e+07	 1.3631e+06	-1.7365e+01
 3.3750e+02	 8.5673e+03	 5.7699e+00	 3.8362e-01	 3.6313e+02	 8.5860e+03	-8.6196e+01	 1.3899e+07	 9.2412e+05	-1.5041e+01
 5.0625e+02	 8.5673e+03	 5.6574e+00	 4.2155e-01	 3.6313e+02	 8.5884e+03	-8.5739e+01	 8.4325e+06	 6.2833e+05	-1.3420e+01
 7.5938e+02	 8.5673e+03	 5.5347e+00	 4.5001e-01	 3.6315e+02	 8.5911e+03	-8.5352e+01	 5.2661e+06	 4.2817e+05	-1.2299e+01
 1.1391e+03	 8.5673e+03	 5.4072e+00	 4.6918e-01	 3.6314e+02	 8.5936e+03	-8.5041e+01	 3.3673e+06	 2.9218e+05	-1.1525e+01
 1.7086e+03	 8.5673e+03	 5.2773e+00	 4.8099e-01	 3.6314e+02	 8.5962e+03	-8.4792e+01	 2.1897e+06	 1.9958e+05	-1.0972e+01
 2.5629e+03	 8.5673e+03	 5.1479e+00	 4.8796e-01	 3.6314e+02	 8.6011e+03	-8.4585e+01	 1.4390e+06	 1.3640e+05	-1.0550e+01
 3.8443e+03	 8.5673e+03	 5.0194e+00	 4.9201e-01	 3.6315e+02	 8.6038e+03	-8.4402e+01	 9.5142e+05	 9.3260e+04	-1.0202e+01
 5.7665e+03	 8.5673e+03	 4.8920e+00	 4.9541e-01	 3.6315e+02	 8.6062e+03	-8.4217e+01	 6.2992e+05	 6.3792e+04	-9.8747e+00
 8.6498e+03	 8.5673e+03	 4.7646e+00	 4.9972e-01	 3.6315e+02	 8.6113e+03	-8.4013e+01	 4.1633e+05	 4.3666e+04	-9.5345e+00
 1.2975e+04	 8.5673e+03	 4.6365e+00	 5.0577e-01	 3.6315e+02	 8.6138e+03	-8.3774e+01	 2.7423e+05	 2.9915e+04	-9.1671e+00
 1.9462e+04	 8.5673e+03	 4.1774e+00	 4.7574e-01	 3.6315e+02	 8.6164e+03	-8.3503e+01	 1.9436e+05	 2.2135e+04	-8.7809e+00
 2.9193e+04	 8.5673e+03	 4.0515e+00	 4.8201e-01	 3.6315e+02	 8.6189e+03	-8.3215e+01	 1.2789e+05	 1.5215e+04	-8.4054e+00
 4.3789e+04	 8.5673e+03	 3.9222e+00	 4.8568e-01	 3.6314e+02	 8.6218e+03	-8.2941e+01	 8.4616e+04	 1.0478e+04	-8.0758e+00
 6.5684e+04	 8.5673e+03	 3.7907e+00	 4.8461e-01	 3.6314e+02	 8.6243e+03	-8.2715e+01	 5.6535e+04	 7.2276e+03	-7.8222e+00
 9.8526e+04	 8.5673e+03	 3.6595e+00	 4.7791e-01	 3.6312e+02	 8.6268e+03	-8.2560e+01	 3.8218e+04	 4.9911e+03	-7.6573e+00
 1.4779e+05	 8.5673e+03	 3.5299e+00	 4.6549e-01	 3.6313e+02	 8.6296e+03	-8.2488e+01	 2.6159e+04	 3.4496e+03	-7.5832e+00
 2.2168e+05	 8.5673e+03	 3.6689e+00	 4.8264e-01	 3.6313e+02	 8.6324e+03	-8.2506e+01	 1.6819e+04	 2.2126e+03	-7.6017e+00
 3.3253e+05	 8.5673e+03	 3.5385e+00	 4.5497e-01	 3.6312e+02	 8.6348e+03	-8.2673e+01	 1.1895e+04	 1.5294e+03	-7.7775e+00
 4.9879e+05	 8.5673e+03	 3.4180e+00	 4.1869e-01	 3.6312e+02	 8.6374e+03	-8.3016e+01	 8.6170e+03	 1.0556e+03	-8.1635e+00
 7.4818e+05	 8.5673e+03	 3.3651e+00	 3.0266e-01	 3.6311e+02	 8.6453e+03	-8.4861e+01	 7.9471e+03	 7.1478e+02	-1.1118e+01
 9.0000e+05	 8.5673e+03	 3.3279e+00	 2.7712e-01	 3.6311e+02	 8.6530e+03	-8.5240e+01	 7.2154e+03	 6.0083e+02	-1.2009e+01
 1.0000e+02	 8.6502e+03	 6.0065e+00	 2.4746e-01	 3.6311e+02	 8.6613e+03	-8.7641e+01	 7.2721e+07	 2.9961e+06	-2.4272e+01
 1.5000e+02	 8.6502e+03	 5.9439e+00	 2.9189e-01	 3.6311e+02	 8.6638e+03	-8.7189e+01	 4.1102e+07	 2.0184e+06	-2.0364e+01
 2.2500e+02	 8.6502e+03	 5.8652e+00	 3.4032e-01	 3.6311e+02	 8.6664e+03	-8.6679e+01	 2.3502e+07	 1.3637e+06	-1.7234e+01
 3.3750e+02	 8.6502e+03	 5.7663e+00	 3.8585e-01	 3.6310e+02	 8.6688e+03	-8.6172e+01	 1.3819e+07	 9.2469e+05	-1.4945e+01
 5.0625e+02	 8.6502e+03	 5.6528e+00	 4.2371e-01	 3.6311e+02	 8.6713e+03	-8.5713e+01	 8.3894e+06	 6.2883e+05	-1.3341e+01
 7.5938e+02	 8.6502e+03	 5.5298e+00	 4.5168e-01	 3.6310e+02	 8.6741e+03	-8.5330e+01	 5.2467e+06	 4.2855e+05	-1.2243e+01
 1.1391e+03	 8.6502e+03	 5.4013e+00	 4.7049e-01	 3.6311e+02	 8.6768e+03	-8.5022e+01	 3.3579e+06	 2.9250e+05	-1.1480e+01
 1.7086e+03	 8.6502e+03	 5.2715e+00	 4.8178e-01	 3.6311e+02	 8.6793e+03	-8.4778e+01	 2.1862e+06	 1.9980e+05	-1.0942e+01
 2.5629e+03	 8.6502e+03	 5.1419e+00	 4.8845e-01	 3.6312e+02	 8.6842e+03	-8.4574e+01	 1.4375e+06	 1.3656e+05	-1.0527e+01
 3.8443e+03	 8.6502e+03	 5.0138e+00	 4.9231e-01	 3.6312e+02	 8.6868e+03	-8.4392e+01	 9.5085e+05	 9.3365e+04	-1.0184e+01
 5.7665e+03	 8.6502e+03	 4.8868e+00	 4.9558e-01	 3.6313e+02	 8.6892e+03	-8.4209e+01	 6.2971e+05	 6.3861e+04	-9.8607e+00
 8.6498e+03	 8.6502e+03	 4.7599e+00	 4.9984e-01	 3.6315e+02	 8.6944e+03	-8.4005e+01	 4.1623e+05	 4.3709e+04	-9.5228e+00
 1.2975e+04	 8.6502e+03	 4.6324e+00	 5.0600e-01	 3.6315e+02	 8.6968e+03	-8.3766e+01	 2.7411e+05	 2.9941e+04	-9.1550e+00
 1.9462e+04	 8.6502e+03	 4.1738e+00	 4.7574e-01	 3.6316e+02	 8.6996e+03	-8.3497e+01	 1.9436e+05	 2.2154e+04	-8.7733e+00
 2.9193e+04	 8.6502e+03	 4.0482e+00	 4.8200e-01	 3.6316e+02	 8.7020e+03	-8.3210e+01	 1.2789e+05	 1.5228e+04	-8.3987e+00
 4.3789e+04	 8.6502e+03	 3.9191e+00	 4.8552e-01	 3.6318e+02	 8.7047e+03	-8.2938e+01	 8.4643e+04	 1.0486e+04	-8.0719e+00
 6.5684e+04	 8.6502e+03	 3.7881e+00	 4.8414e-01	 3.6318e+02	 8.7071e+03	-8.2717e+01	 5.6589e+04	 7.2324e+03	-7.8244e+00
 9.8526e+04	 8.6502e+03	 3.6575e+00	 4.7731e-01	 3.6319e+02	 8.7096e+03	-8.2565e+01	 3.8266e+04	 4.9938e+03	-7.6627e+00
 1.4779e+05	 8.6502e+03	 3.5284e+00	 4.6480e-01	 3.6318e+02	 8.7122e+03	-8.2496e+01	 2.6197e+04	 3.4510e+03	-7.5913e+00
 2.2168e+05	 8.6502e+03	 3.6679e+00	 4.8196e-01	 3.6319e+02	 8.7148e+03	-8.2514e+01	 1.6843e+04	 2.2132e+03	-7.6104e+00
 3.3253e+05	 8.6502e+03	 3.5378e+00	 4.5439e-01	 3.6318e+02	 8.7174e+03	-8.2681e+01	 1.1910e+04	 1.5297e+03	-7.7859e+00
 4.9879e+05	 8.6502e+03	 3.4179e+00	 4.1821e-01	 3.6318e+02	 8.7200e+03	-8.3024e+01	 8.6269e+03	 1.0556e+03	-8.1726e+00
 7.4818e+05	 8.6502e+03	 3.3654e+00	 3.0230e-01	 3.6319e+02	 8.7276e+03	-8.4867e+01	 7.9566e+03	 7.1471e+02	-1.1133e+01
 9.0000e+05	 8.6502e+03	 3.3283e+00	 2.7687e-01	 3.6319e+02	 8.7356e+03	-8.5245e+01	 7.2218e+03	 6.0077e+02	-1.2021e+01
 1.0000e+02	 8.7328e+03	 6.0086e+00	 2.4665e-01	 3.6318e+02	 8.7433e+03	-8.7649e+01	 7.2961e+07	 2.9950e+06	-2.4361e+01
 1.5000e+02	 8.7328e+03	 5.9483e+00	 2.9164e-01	 3.6318e+02	 8.7458e+03	-8.7193e+01	 4.1137e+07	 2.0169e+06	-2.0396e+01
 2.2500e+02	 8.7328e+03	 5.8677e+00	 3.3997e-01	 3.6318e+02	 8.7484e+03	-8.6684e+01	 2.3526e+07	 1.3631e+06	-1.7259e+01
 3.3750e+02	 8.7328e+03	 5.7688e+00	 3.8631e-01	 3.6318e+02	 8.7508e+03	-8.6169e+01	 1.3802e+07	 9.2429e+05	-1.4933e+01
 5.0625e+02	 8.7328e+03	 5.6547e+00	 4.2487e-01	 3.6317e+02	 8.7533e+03	-8.5703e+01	 8.3665e+06	 6.2863e+05	-1.3309e+01
 7.5938e+02	 8.7328e+03	 5.5307e+00	 4.5316e-01	 3.6316e+02	 8.7559e+03	-8.5316e+01	 5.2295e+06	 4.2848e+05	-1.2205e+01
 1.1391e+03	 8.7328e+03	 5.4012e+00	 4.7206e-01	 3.6316e+02	 8.7585e+03	-8.5005e+01	 3.3467e+06	 2.9250e+05	-1.1442e+01
 1.7086e+03	 8.7328e+03	 5.2705e+00	 4.8323e-01	 3.6315e+02	 8.7612e+03	-8.4761e+01	 2.1796e+06	 1.9984e+05	-1.0907e+01
 2.5629e+03	 8.7328e+03	 5.1398e+00	 4.8942e-01	 3.6315e+02	 8.7661e+03	-8.4561e+01	 1.4347e+06	 1.3661e+05	-1.0502e+01
 3.8443e+03	 8.7328e+03	 5.0108e+00	 4.9310e-01	 3.6315e+02	 8.7688e+03	-8.4380e+01	 9.4932e+05	 9.3420e+04	-1.0162e+01
 5.7665e+03	 8.7328e+03	 4.8831e+00	 4.9606e-01	 3.6315e+02	 8.7712e+03	-8.4199e+01	 6.2910e+05	 6.3908e+04	-9.8438e+00
 8.6498e+03	 8.7328e+03	 4.7555e+00	 5.0014e-01	 3.6314e+02	 8.7763e+03	-8.3996e+01	 4.1598e+05	 4.3749e+04	-9.5083e+00
 1.2975e+04	 8.7328e+03	 4.6274e+00	 5.0592e-01	 3.6315e+02	 8.7788e+03	-8.3761e+01	 2.7415e+05	 2.9974e+04	-9.1464e+00
 1.9462e+04	 8.7328e+03	 4.1691e+00	 4.7568e-01	 3.6315e+02	 8.7814e+03	-8.3491e+01	 1.9439e+05	 2.2179e+04	-8.7644e+00
 2.9193e+04	 8.7328e+03	 4.0432e+00	 4.8162e-01	 3.6316e+02	 8.7839e+03	-8.3207e+01	 1.2799e+05	 1.5246e+04	-8.3951e+00
 4.3789e+04	 8.7328e+03	 3.9141e+00	 4.8476e-01	 3.6315e+02	 8.7864e+03	-8.2940e+01	 8.4776e+04	 1.0499e+04	-8.0743e+00
 6.5684e+04	 8.7328e+03	 3.7832e+00	 4.8315e-01	 3.6316e+02	 8.7891e+03	-8.2722e+01	 5.6706e+04	 7.2418e+03	-7.8304e+00
 9.8526e+04	 8.7328e+03	 3.6528e+00	 4.7594e-01	 3.6316e+02	 8.7916e+03	-8.2576e+01	 3.8376e+04	 5.0003e+03	-7.6748e+00
 1.4779e+05	 8.7328e+03	 3.5242e+00	 4.6300e-01	 3.6315e+02	 8.7943e+03	-8.2515e+01	 2.6299e+04	 3.4552e+03	-7.6115e+00
 2.2168e+05	 8.7328e+03	 3.6637e+00	 4.8010e-01	 3.6316e+02	 8.7969e+03	-8.2534e+01	 1.6908e+04	 2.2157e+03	-7.6311e+00
 3.3253e+05	 8.7328e+03	 3.5345e+00	 4.5249e-01	 3.6316e+02	 8.7997e+03	-8.2705e+01	 1.1960e+04	 1.5312e+03	-7.8112e+00
 4.9879e+05	 8.7328e+03	 3.4149e+00	 4.1655e-01	 3.6316e+02	 8.8022e+03	-8.3045e+01	 8.6614e+03	 1.0565e+03	-8.1981e+00
 7.4818e+05	 8.7328e+03	 3.3629e+00	 3.0052e-01	 3.6317e+02	 8.8098e+03	-8.4893e+01	 8.0036e+03	 7.1523e+02	-1.1190e+01
 9.0000e+05	 8.7328e+03	 3.3261e+00	 2.7519e-01	 3.6316e+02	 8.8178e+03	-8.5270e+01	 7.2660e+03	 6.0117e+02	-1.2086e+01
 1.0000e+02	 8.8150e+03	 6.0067e+00	 2.4866e-01	 3.6316e+02	 8.8255e+03	-8.7629e+01	 7.2371e+07	 2.9959e+06	-2.4156e+01
 1.5000e+02	 8.8150e+03	 5.9450e+00	 2.9299e-01	 3.6316e+02	 8.8280e+03	-8.7178e+01	 4.0947e+07	 2.0180e+06	-2.0290e+01
 2.2500e+02	 8.8150e+03	 5.8646e+00	 3.4224e-01	 3.6316e+02	 8.8306e+03	-8.6660e+01	 2.3369e+07	 1.3638e+06	-1.7136e+01
 3.3750e+02	 8.8150e+03	 5.7652e+00	 3.8859e-01	 3.6316e+02	 8.8331e+03	-8.6144e+01	 1.3722e+07	 9.2486e+05	-1.4836e+01
 5.0625e+02	 8.8150e+03	 5.6509e+00	 4.2664e-01	 3.6317e+02	 8.8358e+03	-8.5682e+01	 8.3319e+06	 6.2905e+05	-1.3245e+01
 7.5938e+02	 8.8150e+03	 5.5264e+00	 4.5470e-01	 3.6316e+02	 8.8382e+03	-8.5296e+01	 5.2118e+06	 4.2882e+05	-1.2154e+01
 1.1391e+03	 8.8150e+03	 5.3973e+00	 4.7316e-01	 3.6316e+02	 8.8411e+03	-8.4990e+01	 3.3390e+06	 2.9271e+05	-1.1407e+01
 1.7086e+03	 8.8150e+03	 5.2661e+00	 4.8424e-01	 3.6317e+02	 8.8437e+03	-8.4746e+01	 2.1750e+06	 2.0000e+05	-1.0875e+01
 2.5629e+03	 8.8150e+03	 5.1353e+00	 4.9018e-01	 3.6315e+02	 8.8488e+03	-8.4547e+01	 1.4325e+06	 1.3673e+05	-1.0476e+01
 3.8443e+03	 8.8150e+03	 5.0061e+00	 4.9347e-01	 3.6315e+02	 8.8512e+03	-8.4370e+01	 9.4861e+05	 9.3509e+04	-1.0145e+01
 5.7665e+03	 8.8150e+03	 4.8782e+00	 4.9628e-01	 3.6315e+02	 8.8539e+03	-8.4191e+01	 6.2883e+05	 6.3973e+04	-9.8295e+00
 8.6498e+03	 8.8150e+03	 4.7502e+00	 5.0020e-01	 3.6314e+02	 8.8589e+03	-8.3989e+01	 4.1593e+05	 4.3798e+04	-9.4967e+00
 1.2975e+04	 8.8150e+03	 4.6219e+00	 5.0602e-01	 3.6314e+02	 8.8616e+03	-8.3752e+01	 2.7410e+05	 3.0009e+04	-9.1338e+00
 1.9462e+04	 8.8150e+03	 4.1636e+00	 4.7532e-01	 3.6313e+02	 8.8641e+03	-8.3487e+01	 1.9453e+05	 2.2208e+04	-8.7595e+00
 2.9193e+04	 8.8150e+03	 4.0375e+00	 4.8098e-01	 3.6312e+02	 8.8668e+03	-8.3206e+01	 1.2816e+05	 1.5268e+04	-8.3943e+00
 4.3789e+04	 8.8150e+03	 3.9084e+00	 4.8341e-01	 3.6312e+02	 8.8694e+03	-8.2949e+01	 8.5013e+04	 1.0515e+04	-8.0850e+00
 6.5684e+04	 8.8150e+03	 4.0958e+00	 5.2198e-01	 3.6312e+02	 8.8718e+03	-8.2737e+01	 5.2488e+04	 6.6892e+03	-7.8466e+00
 9.8526e+04	 8.8150e+03	 3.9545e+00	 5.1403e-01	 3.6312e+02	 8.8744e+03	-8.2594e+01	 3.5532e+04	 4.6187e+03	-7.6931e+00
 1.4779e+05	 8.8150e+03	 3.8160e+00	 5.0018e-01	 3.6312e+02	 8.8770e+03	-8.2533e+01	 2.4344e+04	 3.1909e+03	-7.6292e+00
 2.2168e+05	 8.8150e+03	 3.6593e+00	 4.7814e-01	 3.6313e+02	 8.8796e+03	-8.2556e+01	 1.6978e+04	 2.2184e+03	-7.6531e+00
 3.3253e+05	 8.8150e+03	 3.5305e+00	 4.5055e-01	 3.6313e+02	 8.8821e+03	-8.2727e+01	 1.2012e+04	 1.5329e+03	-7.8359e+00
 4.9879e+05	 8.8150e+03	 3.4117e+00	 4.1467e-01	 3.6314e+02	 8.8849e+03	-8.3070e+01	 8.7006e+03	 1.0575e+03	-8.2276e+00
 7.4818e+05	 8.8150e+03	 3.3603e+00	 2.9909e-01	 3.6315e+02	 8.8926e+03	-8.4914e+01	 8.0419e+03	 7.1579e+02	-1.1235e+01
 9.0000e+05	 8.8150e+03	 3.3238e+00	 2.7381e-01	 3.6315e+02	 8.9002e+03	-8.5291e+01	 7.3025e+03	 6.0157e+02	-1.2139e+01
 1.0000e+02	 8.8974e+03	 6.0059e+00	 2.5010e-01	 3.6315e+02	 8.9085e+03	-8.7615e+01	 7.1954e+07	 2.9964e+06	-2.4014e+01
 1.5000e+02	 8.8974e+03	 5.9424e+00	 2.9345e-01	 3.6315e+02	 8.9110e+03	-8.7173e+01	 4.0883e+07	 2.0189e+06	-2.0250e+01
 2.2500e+02	 8.8974e+03	 5.8624e+00	 3.4414e-01	 3.6315e+02	 8.9138e+03	-8.6640e+01	 2.3241e+07	 1.3643e+06	-1.7035e+01
 3.3750e+02	 8.8974e+03	 5.7623e+00	 3.9056e-01	 3.6316e+02	 8.9163e+03	-8.6122e+01	 1.3652e+07	 9.2534e+05	-1.4754e+01
 5.0625e+02	 8.8974e+03	 5.6470e+00	 4.2873e-01	 3.6316e+02	 8.9190e+03	-8.5658e+01	 8.2912e+06	 6.2948e+05	-1.3171e+01
 7.5938e+02	 8.8974e+03	 5.5223e+00	 4.5653e-01	 3.6315e+02	 8.9215e+03	-8.5274e+01	 5.1909e+06	 4.2914e+05	-1.2096e+01
 1.1391e+03	 8.8974e+03	 5.3925e+00	 4.7472e-01	 3.6315e+02	 8.9244e+03	-8.4969e+01	 3.3280e+06	 2.9298e+05	-1.1359e+01
 1.7086e+03	 8.8974e+03	 5.2615e+00	 4.8526e-01	 3.6315e+02	 8.9269e+03	-8.4731e+01	 2.1705e+06	 2.0018e+05	-1.0843e+01
 2.5629e+03	 8.8974e+03	 5.1305e+00	 4.9085e-01	 3.6314e+02	 8.9321e+03	-8.4535e+01	 1.4305e+06	 1.3686e+05	-1.0452e+01
 3.8443e+03	 8.8974e+03	 5.0014e+00	 4.9401e-01	 3.6314e+02	 8.9345e+03	-8.4359e+01	 9.4757e+05	 9.3596e+04	-1.0124e+01
 5.7665e+03	 8.8974e+03	 4.8737e+00	 4.9664e-01	 3.6315e+02	 8.9370e+03	-8.4182e+01	 6.2837e+05	 6.4032e+04	-9.8135e+00
 8.6498e+03	 8.8974e+03	 4.7458e+00	 5.0048e-01	 3.6314e+02	 8.9420e+03	-8.3980e+01	 4.1569e+05	 4.3839e+04	-9.4824e+00
 1.2975e+04	 8.8974e+03	 4.6179e+00	 5.0615e-01	 3.6315e+02	 8.9446e+03	-8.3745e+01	 2.7403e+05	 3.0035e+04	-9.1235e+00
 1.9462e+04	 8.8974e+03	 4.5099e+00	 5.1468e-01	 3.6315e+02	 8.9471e+03	-8.3489e+01	 1.7966e+05	 2.0503e+04	-8.7626e+00
 2.9193e+04	 8.8974e+03	 4.3733e+00	 5.2079e-01	 3.6315e+02	 8.9498e+03	-8.3209e+01	 1.1837e+05	 1.4095e+04	-8.3975e+00
 4.3789e+04	 8.8974e+03	 4.2343e+00	 5.2336e-01	 3.6315e+02	 8.9522e+03	-8.2954e+01	 7.8523e+04	 9.7055e+03	-8.0906e+00
 6.5684e+04	 8.8974e+03	 4.0925e+00	 5.2117e-01	 3.6315e+02	 8.9547e+03	-8.2743e+01	 5.2569e+04	 6.6946e+03	-7.8524e+00
 9.8526e+04	 8.8974e+03	 3.9514e+00	 5.1303e-01	 3.6315e+02	 8.9573e+03	-8.2602e+01	 3.5602e+04	 4.6224e+03	-7.7020e+00
 1.4779e+05	 8.8974e+03	 3.8134e+00	 4.9915e-01	 3.6315e+02	 8.9599e+03	-8.2543e+01	 2.4395e+04	 3.1931e+03	-7.6397e+00
 2.2168e+05	 8.8974e+03	 3.6568e+00	 4.7686e-01	 3.6314e+02	 8.9626e+03	-8.2570e+01	 1.7023e+04	 2.2199e+03	-7.6685e+00
 3.3253e+05	 8.8974e+03	 3.5283e+00	 4.4941e-01	 3.6314e+02	 8.9651e+03	-8.2741e+01	 1.2042e+04	 1.5338e+03	-7.8510e+00
 4.9879e+05	 8.8974e+03	 3.4097e+00	 4.1358e-01	 3.6314e+02	 8.9676e+03	-8.3084e+01	 8.7235e+03	 1.0581e+03	-8.2442e+00
 7.4818e+05	 8.8974e+03	 3.3583e+00	 2.9762e-01	 3.6313e+02	 8.9754e+03	-8.4936e+01	 8.0817e+03	 7.1621e+02	-1.1284e+01
 9.0000e+05	 8.8974e+03	 3.3218e+00	 2.7221e-01	 3.6313e+02	 8.9831e+03	-8.5315e+01	 7.3455e+03	 6.0194e+02	-1.2203e+01
 1.0000e+02	 8.9804e+03	 6.0045e+00	 2.5150e-01	 3.6314e+02	 8.9913e+03	-8.7602e+01	 7.1554e+07	 2.9970e+06	-2.3875e+01
 1.5000e+02	 8.9804e+03	 5.9416e+00	 3.0004e-01	 3.6314e+02	 8.9938e+03	-8.7109e+01	 3.9985e+07	 2.0192e+06	-1.9802e+01
 2.2500e+02	 8.9804e+03	 5.8600e+00	 3.4609e-01	 3.6315e+02	 8.9963e+03	-8.6620e+01	 2.3110e+07	 1.3649e+06	-1.6932e+01
 3.3750e+02	 8.9804e+03	 5.7598e+00	 3.9237e-01	 3.6315e+02	 8.9988e+03	-8.6103e+01	 1.3589e+07	 9.2574e+05	-1.4679e+01
 5.0625e+02	 8.9804e+03	 5.6439e+00	 4.3027e-01	 3.6315e+02	 9.0012e+03	-8.5640e+01	 8.2616e+06	 6.2983e+05	-1.3117e+01
 7.5938e+02	 8.9804e+03	 5.5185e+00	 4.5802e-01	 3.6316e+02	 9.0039e+03	-8.5256e+01	 5.1740e+06	 4.2943e+05	-1.2049e+01
 1.1391e+03	 8.9804e+03	 5.3886e+00	 4.7603e-01	 3.6316e+02	 9.0065e+03	-8.4952e+01	 3.3188e+06	 2.9319e+05	-1.1320e+01
 1.7086e+03	 8.9804e+03	 5.2573e+00	 4.8623e-01	 3.6316e+02	 9.0091e+03	-8.4716e+01	 2.1662e+06	 2.0034e+05	-1.0812e+01
 2.5629e+03	 8.9804e+03	 5.1270e+00	 4.9162e-01	 3.6316e+02	 9.0141e+03	-8.4523e+01	 1.4283e+06	 1.3696e+05	-1.0429e+01
 3.8443e+03	 8.9804e+03	 4.9977e+00	 4.9448e-01	 3.6316e+02	 9.0168e+03	-8.4349e+01	 9.4667e+05	 9.3666e+04	-1.0107e+01
 5.7665e+03	 8.9804e+03	 4.8698e+00	 4.9699e-01	 3.6316e+02	 9.0192e+03	-8.4173e+01	 6.2792e+05	 6.4084e+04	-9.7985e+00
 8.6498e+03	 8.9804e+03	 4.7418e+00	 5.0069e-01	 3.6316e+02	 9.0243e+03	-8.3972e+01	 4.1552e+05	 4.3876e+04	-9.4704e+00
 1.2975e+04	 8.9804e+03	 4.6133e+00	 5.0610e-01	 3.6315e+02	 9.0269e+03	-8.3739e+01	 2.7406e+05	 3.0065e+04	-9.1154e+00
 1.9462e+04	 8.9804e+03	 4.5056e+00	 5.1459e-01	 3.6315e+02	 9.0296e+03	-8.3484e+01	 1.7969e+05	 2.0523e+04	-8.7557e+00
 2.9193e+04	 8.9804e+03	 4.3688e+00	 5.2046e-01	 3.6314e+02	 9.0321e+03	-8.3206e+01	 1.1844e+05	 1.4110e+04	-8.3942e+00
 4.3789e+04	 8.9804e+03	 4.2296e+00	 5.2271e-01	 3.6315e+02	 9.0348e+03	-8.2955e+01	 7.8621e+04	 9.7162e+03	-8.0918e+00
 6.5684e+04	 8.9804e+03	 4.0881e+00	 5.2036e-01	 3.6314e+02	 9.0373e+03	-8.2746e+01	 5.2651e+04	 6.7018e+03	-7.8563e+00
 9.8526e+04	 8.9804e+03	 3.9474e+00	 5.1184e-01	 3.6315e+02	 9.0398e+03	-8.2612e+01	 3.5685e+04	 4.6270e+03	-7.7123e+00
 1.4779e+05	 8.9804e+03	 3.8097e+00	 4.9773e-01	 3.6315e+02	 9.0424e+03	-8.2557e+01	 2.4464e+04	 3.1962e+03	-7.6543e+00
 2.2168e+05	 8.9804e+03	 3.6537e+00	 4.7554e-01	 3.6315e+02	 9.0449e+03	-8.2584e+01	 1.7070e+04	 2.2218e+03	-7.6831e+00
 3.3253e+05	 8.9804e+03	 3.5259e+00	 4.4791e-01	 3.6315e+02	 9.0476e+03	-8.2760e+01	 1.2082e+04	 1.5349e+03	-7.8718e+00
 4.9879e+05	 8.9804e+03	 3.4078e+00	 4.1230e-01	 3.6315e+02	 9.0501e+03	-8.3101e+01	 8.7505e+03	 1.0587e+03	-8.2654e+00
 7.4818e+05	 8.9804e+03	 3.3571e+00	 2.9647e-01	 3.6316e+02	 9.0581e+03	-8.4953e+01	 8.1130e+03	 7.1648e+02	-1.1323e+01
 9.0000e+05	 8.9804e+03	 3.3208e+00	 2.7120e-01	 3.6316e+02	 9.0660e+03	-8.5331e+01	 7.3728e+03	 6.0213e+02	-1.2245e+01
 1.0000e+02	 9.0632e+03	 6.0043e+00	 2.5227e-01	 3.6316e+02	 9.0741e+03	-8.7594e+01	 7.1334e+07	 2.9971e+06	-2.3801e+01
 1.5000e+02	 9.0632e+03	 5.9382e+00	 2.9497e-01	 3.6316e+02	 9.0766e+03	-8.7156e+01	 4.0673e+07	 2.0203e+06	-2.0132e+01
 2.2500e+02	 9.0632e+03	 5.8589e+00	 3.4749e-01	 3.6316e+02	 9.0794e+03	-8.6606e+01	 2.3017e+07	 1.3651e+06	-1.6861e+01
 3.3750e+02	 9.0632e+03	 5.7578e+00	 3.9389e-01	 3.6316e+02	 9.0818e+03	-8.6087e+01	 1.3537e+07	 9.2606e+05	-1.4618e+01
 5.0625e+02	 9.0632e+03	 5.6415e+00	 4.3226e-01	 3.6316e+02	 9.0843e+03	-8.5619e+01	 8.2236e+06	 6.3010e+05	-1.3051e+01
 7.5938e+02	 9.0632e+03	 5.5152e+00	 4.5964e-01	 3.6316e+02	 9.0869e+03	-8.5236e+01	 5.1558e+06	 4.2968e+05	-1.1999e+01
 1.1391e+03	 9.0632e+03	 5.3845e+00	 4.7726e-01	 3.6316e+02	 9.0894e+03	-8.4935e+01	 3.3103e+06	 2.9341e+05	-1.1282e+01
 1.7086e+03	 9.0632e+03	 5.2527e+00	 4.8729e-01	 3.6315e+02	 9.0921e+03	-8.4700e+01	 2.1614e+06	 2.0051e+05	-1.0779e+01
 2.5629e+03	 9.0632e+03	 5.1216e+00	 4.9222e-01	 3.6315e+02	 9.0971e+03	-8.4510e+01	 1.4265e+06	 1.3710e+05	-1.0405e+01
 3.8443e+03	 9.0632e+03	 4.9922e+00	 4.9487e-01	 3.6315e+02	 9.0998e+03	-8.4339e+01	 9.4593e+05	 9.3768e+04	-1.0088e+01
 5.7665e+03	 9.0632e+03	 4.8645e+00	 4.9725e-01	 3.6315e+02	 9.1022e+03	-8.4163e+01	 6.2760e+05	 6.4154e+04	-9.7828e+00
 8.6498e+03	 9.0632e+03	 4.7366e+00	 5.0081e-01	 3.6315e+02	 9.1073e+03	-8.3965e+01	 4.1543e+05	 4.3923e+04	-9.4580e+00
 1.2975e+04	 9.0632e+03	 4.6082e+00	 5.0616e-01	 3.6315e+02	 9.1098e+03	-8.3732e+01	 2.7402e+05	 3.0098e+04	-9.1044e+00
 1.9462e+04	 9.0632e+03	 4.5006e+00	 5.1444e-01	 3.6315e+02	 9.1125e+03	-8.3479e+01	 1.7974e+05	 2.0545e+04	-8.7485e+00
 2.9193e+04	 9.0632e+03	 4.3640e+00	 5.2008e-01	 3.6314e+02	 9.1149e+03	-8.3204e+01	 1.1853e+05	 1.4126e+04	-8.3909e+00
 4.3789e+04	 9.0632e+03	 4.2247e+00	 5.2218e-01	 3.6315e+02	 9.1174e+03	-8.2954e+01	 7.8701e+04	 9.7275e+03	-8.0906e+00
 6.5684e+04	 9.0632e+03	 4.0835e+00	 5.1933e-01	 3.6315e+02	 9.1201e+03	-8.2752e+01	 5.2755e+04	 6.7093e+03	-7.8630e+00
 9.8526e+04	 9.0632e+03	 3.9434e+00	 5.1066e-01	 3.6314e+02	 9.1225e+03	-8.2621e+01	 3.5767e+04	 4.6318e+03	-7.7221e+00
 1.4779e+05	 9.0632e+03	 3.8060e+00	 4.9628e-01	 3.6315e+02	 9.1252e+03	-8.2571e+01	 2.4536e+04	 3.1993e+03	-7.6691e+00
 2.2168e+05	 9.0632e+03	 3.6505e+00	 4.7399e-01	 3.6315e+02	 9.1278e+03	-8.2602e+01	 1.7126e+04	 2.2238e+03	-7.7016e+00
 3.3253e+05	 9.0632e+03	 3.5231e+00	 4.4654e-01	 3.6315e+02	 9.1302e+03	-8.2776e+01	 1.2120e+04	 1.5361e+03	-7.8898e+00
 4.9879e+05	 9.0632e+03	 3.4053e+00	 4.1095e-01	 3.6315e+02	 9.1328e+03	-8.3119e+01	 8.7795e+03	 1.0595e+03	-8.2866e+00
 7.4818e+05	 9.0632e+03	 3.3550e+00	 2.9543e-01	 3.6315e+02	 9.1406e+03	-8.4968e+01	 8.1417e+03	 7.1691e+02	-1.1357e+01
 9.0000e+05	 9.0632e+03	 3.3188e+00	 2.7037e-01	 3.6315e+02	 9.1488e+03	-8.5343e+01	 7.3955e+03	 6.0248e+02	-1.2275e+01
 1.0000e+02	 9.1460e+03	 6.0032e+00	 2.5343e-01	 3.6315e+02	 9.1565e+03	-8.7583e+01	 7.1007e+07	 2.9977e+06	-2.3687e+01
 1.5000e+02	 9.1460e+03	 5.9357e+00	 3.0092e-01	 3.6316e+02	 9.1593e+03	-8.7098e+01	 3.9868e+07	 2.0212e+06	-1.9725e+01
 2.2500e+02	 9.1460e+03	 5.8574e+00	 3.4921e-01	 3.6316e+02	 9.1618e+03	-8.6588e+01	 2.2903e+07	 1.3655e+06	-1.6773e+01
 3.3750e+02	 9.1460e+03	 5.7555e+00	 3.9577e-01	 3.6316e+02	 9.1643e+03	-8.6066e+01	 1.3473e+07	 9.2642e+05	-1.4542e+01
 5.0625e+02	 9.1460e+03	 5.6386e+00	 4.3366e-01	 3.6316e+02	 9.1668e+03	-8.5602e+01	 8.1969e+06	 6.3042e+05	-1.3002e+01
 7.5938e+02	 9.1460e+03	 5.5121e+00	 4.6111e-01	 3.6316e+02	 9.1692e+03	-8.5218e+01	 5.1394e+06	 4.2993e+05	-1.1954e+01
 1.1391e+03	 9.1460e+03	 5.3810e+00	 4.7825e-01	 3.6316e+02	 9.1719e+03	-8.4921e+01	 3.3035e+06	 2.9360e+05	-1.1251e+01
 1.7086e+03	 9.1460e+03	 5.2488e+00	 4.8826e-01	 3.6316e+02	 9.1745e+03	-8.4685e+01	 2.1571e+06	 2.0067e+05	-1.0750e+01
 2.5629e+03	 9.1460e+03	 5.1175e+00	 4.9289e-01	 3.6316e+02	 9.1797e+03	-8.4499e+01	 1.4246e+06	 1.3721e+05	-1.0383e+01
 3.8443e+03	 9.1460e+03	 4.9881e+00	 4.9536e-01	 3.6316e+02	 9.1821e+03	-8.4329e+01	 9.4498e+05	 9.3845e+04	-1.0070e+01
 5.7665e+03	 9.1460e+03	 4.8603e+00	 4.9760e-01	 3.6315e+02	 9.1848e+03	-8.4154e+01	 6.2716e+05	 6.4208e+04	-9.7676e+00
 8.6498e+03	 9.1460e+03	 4.7325e+00	 5.0096e-01	 3.6315e+02	 9.1897e+03	-8.3957e+01	 4.1530e+05	 4.3962e+04	-9.4468e+00
 1.2975e+04	 9.1460e+03	 4.6042e+00	 5.0621e-01	 3.6315e+02	 9.1923e+03	-8.3726e+01	 2.7399e+05	 3.0124e+04	-9.0954e+00
 1.9462e+04	 9.1460e+03	 4.4964e+00	 5.1437e-01	 3.6315e+02	 9.1949e+03	-8.3474e+01	 1.7977e+05	 2.0564e+04	-8.7417e+00
 2.9193e+04	 9.1460e+03	 4.3597e+00	 5.1980e-01	 3.6316e+02	 9.1976e+03	-8.3201e+01	 1.1859e+05	 1.4139e+04	-8.3874e+00
 4.3789e+04	 9.1460e+03	 4.2206e+00	 5.2152e-01	 3.6315e+02	 9.2000e+03	-8.2956e+01	 7.8800e+04	 9.7370e+03	-8.0929e+00
 6.5684e+04	 9.1460e+03	 4.0796e+00	 5.1852e-01	 3.6316e+02	 9.2024e+03	-8.2757e+01	 5.2837e+04	 6.7156e+03	-7.8678e+00
 9.8526e+04	 9.1460e+03	 3.9397e+00	 5.0962e-01	 3.6315e+02	 9.2051e+03	-8.2629e+01	 3.5840e+04	 4.6361e+03	-7.7306e+00
 1.4779e+05	 9.1460e+03	 3.8029e+00	 4.9503e-01	 3.6316e+02	 9.2076e+03	-8.2583e+01	 2.4598e+04	 3.2019e+03	-7.6822e+00
 2.2168e+05	 9.1460e+03	 3.6476e+00	 4.7264e-01	 3.6315e+02	 9.2103e+03	-8.2617e+01	 1.7175e+04	 2.2255e+03	-7.7176e+00
 3.3253e+05	 9.1460e+03	 3.5207e+00	 4.4518e-01	 3.6315e+02	 9.2128e+03	-8.2793e+01	 1.2157e+04	 1.5372e+03	-7.9084e+00
 4.9879e+05	 9.1460e+03	 3.4034e+00	 4.0964e-01	 3.6315e+02	 9.2155e+03	-8.3137e+01	 8.8074e+03	 1.0601e+03	-8.3081e+00
 7.4818e+05	 9.1460e+03	 3.3531e+00	 2.9443e-01	 3.6315e+02	 9.2231e+03	-8.4982e+01	 8.1691e+03	 7.1733e+02	-1.1388e+01
 9.0000e+05	 9.1460e+03	 3.3168e+00	 2.6951e-01	 3.6314e+02	 9.2307e+03	-8.5355e+01	 7.4191e+03	 6.0285e+02	-1.2307e+01
 1.0000e+02	 9.2279e+03	 6.0015e+00	 2.5523e-01	 3.6313e+02	 9.2390e+03	-8.7565e+01	 7.0508e+07	 2.9985e+06	-2.3514e+01
 1.5000e+02	 9.2279e+03	 5.9374e+00	 2.9973e-01	 3.6312e+02	 9.2415e+03	-8.7110e+01	 4.0026e+07	 2.0206e+06	-1.9809e+01
 2.2500e+02	 9.2279e+03	 5.8542e+00	 3.5162e-01	 3.6313e+02	 9.2442e+03	-8.6563e+01	 2.2747e+07	 1.3662e+06	-1.6649e+01
 3.3750e+02	 9.2279e+03	 5.7518e+00	 3.9827e-01	 3.6313e+02	 9.2466e+03	-8.6039e+01	 1.3388e+07	 9.2703e+05	-1.4442e+01
 5.0625e+02	 9.2279e+03	 5.6338e+00	 4.3589e-01	 3.6314e+02	 9.2491e+03	-8.5576e+01	 8.1550e+06	 6.3096e+05	-1.2925e+01
 7.5938e+02	 9.2279e+03	 5.5070e+00	 4.6281e-01	 3.6314e+02	 9.2518e+03	-8.5196e+01	 5.1205e+06	 4.3032e+05	-1.1899e+01
 1.1391e+03	 9.2279e+03	 5.3758e+00	 4.7998e-01	 3.6313e+02	 9.2544e+03	-8.4898e+01	 3.2915e+06	 2.9389e+05	-1.1200e+01
 1.7086e+03	 9.2279e+03	 5.2436e+00	 4.8907e-01	 3.6314e+02	 9.2569e+03	-8.4672e+01	 2.1536e+06	 2.0086e+05	-1.0722e+01
 2.5629e+03	 9.2279e+03	 5.1128e+00	 4.9366e-01	 3.6315e+02	 9.2619e+03	-8.4485e+01	 1.4224e+06	 1.3734e+05	-1.0357e+01
 3.8443e+03	 9.2279e+03	 4.9834e+00	 4.9579e-01	 3.6315e+02	 9.2646e+03	-8.4318e+01	 9.4417e+05	 9.3934e+04	-1.0051e+01
 5.7665e+03	 9.2279e+03	 4.8558e+00	 4.9776e-01	 3.6315e+02	 9.2670e+03	-8.4147e+01	 6.2695e+05	 6.4268e+04	-9.7552e+00
 8.6498e+03	 9.2279e+03	 4.7282e+00	 5.0115e-01	 3.6314e+02	 9.2722e+03	-8.3950e+01	 4.1515e+05	 4.4001e+04	-9.4348e+00
 1.2975e+04	 9.2279e+03	 4.5998e+00	 5.0636e-01	 3.6314e+02	 9.2747e+03	-8.3718e+01	 2.7391e+05	 3.0153e+04	-9.0840e+00
 1.9462e+04	 9.2279e+03	 4.4922e+00	 5.1436e-01	 3.6315e+02	 9.2774e+03	-8.3468e+01	 1.7977e+05	 2.0584e+04	-8.7336e+00
 2.9193e+04	 9.2279e+03	 4.3555e+00	 5.1954e-01	 3.6314e+02	 9.2799e+03	-8.3198e+01	 1.1865e+05	 1.4153e+04	-8.3835e+00
 4.3789e+04	 9.2279e+03	 4.2167e+00	 5.2095e-01	 3.6315e+02	 9.2826e+03	-8.2957e+01	 7.8886e+04	 9.7461e+03	-8.0941e+00
 6.5684e+04	 9.2279e+03	 4.0757e+00	 5.1773e-01	 3.6315e+02	 9.2851e+03	-8.2761e+01	 5.2919e+04	 6.7221e+03	-7.8723e+00
 9.8526e+04	 9.2279e+03	 3.9362e+00	 5.0846e-01	 3.6315e+02	 9.2875e+03	-8.2640e+01	 3.5922e+04	 4.6403e+03	-7.7414e+00
 1.4779e+05	 9.2279e+03	 3.7998e+00	 4.9384e-01	 3.6315e+02	 9.2901e+03	-8.2595e+01	 2.4657e+04	 3.2046e+03	-7.6944e+00
 2.2168e+05	 9.2279e+03	 3.6451e+00	 4.7145e-01	 3.6315e+02	 9.2927e+03	-8.2630e+01	 1.7218e+04	 2.2270e+03	-7.7315e+00
 3.3253e+05	 9.2279e+03	 3.5186e+00	 4.4398e-01	 3.6315e+02	 9.2954e+03	-8.2808e+01	 1.2189e+04	 1.5381e+03	-7.9251e+00
 4.9879e+05	 9.2279e+03	 3.4017e+00	 4.0862e-01	 3.6316e+02	 9.2979e+03	-8.3150e+01	 8.8295e+03	 1.0606e+03	-8.3249e+00
 7.4818e+05	 9.2279e+03	 3.3520e+00	 2.9405e-01	 3.6316e+02	 9.3056e+03	-8.4987e+01	 8.1797e+03	 7.1757e+02	-1.1399e+01
 9.0000e+05	 9.2279e+03	 3.3161e+00	 2.6977e-01	 3.6317e+02	 9.3136e+03	-8.5349e+01	 7.4119e+03	 6.0297e+02	-1.2292e+01
 1.0000e+02	 9.3108e+03	 6.0026e+00	 2.5492e-01	 3.6317e+02	 9.3215e+03	-8.7568e+01	 7.0594e+07	 2.9980e+06	-2.3547e+01
 1.5000e+02	 9.3108e+03	 5.9404e+00	 3.0192e-01	 3.6318e+02	 9.3241e+03	-8.7090e+01	 3.9737e+07	 2.0196e+06	-1.9676e+01
 2.2500e+02	 9.3108e+03	 5.8557e+00	 3.5173e-01	 3.6318e+02	 9.3266e+03	-8.6563e+01	 2.2740e+07	 1.3659e+06	-1.6648e+01
 3.3750e+02	 9.3108e+03	 5.7532e+00	 3.9879e-01	 3.6318e+02	 9.3290e+03	-8.6035e+01	 1.3371e+07	 9.2680e+05	-1.4427e+01
 5.0625e+02	 9.3108e+03	 5.6351e+00	 4.3695e-01	 3.6317e+02	 9.3316e+03	-8.5566e+01	 8.1354e+06	 6.3081e+05	-1.2897e+01
 7.5938e+02	 9.3108e+03	 5.5074e+00	 4.6404e-01	 3.6316e+02	 9.3340e+03	-8.5184e+01	 5.1069e+06	 4.3030e+05	-1.1868e+01
 1.1391e+03	 9.3108e+03	 5.3750e+00	 4.8097e-01	 3.6316e+02	 9.3368e+03	-8.4887e+01	 3.2848e+06	 2.9393e+05	-1.1176e+01
 1.7086e+03	 9.3108e+03	 5.2417e+00	 4.9019e-01	 3.6315e+02	 9.3394e+03	-8.4657e+01	 2.1486e+06	 2.0094e+05	-1.0693e+01
 2.5629e+03	 9.3108e+03	 5.1088e+00	 4.9423e-01	 3.6313e+02	 9.3445e+03	-8.4474e+01	 1.4207e+06	 1.3744e+05	-1.0337e+01
 3.8443e+03	 9.3108e+03	 4.9790e+00	 4.9618e-01	 3.6313e+02	 9.3469e+03	-8.4309e+01	 9.4343e+05	 9.4017e+04	-1.0035e+01
 5.7665e+03	 9.3108e+03	 4.8510e+00	 4.9800e-01	 3.6312e+02	 9.3497e+03	-8.4139e+01	 6.2666e+05	 6.4332e+04	-9.7409e+00
 8.6498e+03	 9.3108e+03	 4.7229e+00	 5.0117e-01	 3.6313e+02	 9.3549e+03	-8.3943e+01	 4.1512e+05	 4.4051e+04	-9.4236e+00
 1.2975e+04	 9.3108e+03	 4.5944e+00	 5.0625e-01	 3.6313e+02	 9.3573e+03	-8.3712e+01	 2.7397e+05	 3.0189e+04	-9.0754e+00
 1.9462e+04	 9.3108e+03	 4.4868e+00	 5.1418e-01	 3.6313e+02	 9.3601e+03	-8.3463e+01	 1.7983e+05	 2.0609e+04	-8.7261e+00
 2.9193e+04	 9.3108e+03	 4.3503e+00	 5.1906e-01	 3.6313e+02	 9.3626e+03	-8.3196e+01	 1.1876e+05	 1.4170e+04	-8.3811e+00
 4.3789e+04	 9.3108e+03	 4.2114e+00	 5.2031e-01	 3.6312e+02	 9.3650e+03	-8.2957e+01	 7.8984e+04	 9.7584e+03	-8.0939e+00
 6.5684e+04	 9.3108e+03	 4.0706e+00	 5.1662e-01	 3.6312e+02	 9.3678e+03	-8.2767e+01	 5.3032e+04	 6.7306e+03	-7.8792e+00
 9.8526e+04	 9.3108e+03	 3.9313e+00	 5.0703e-01	 3.6312e+02	 9.3702e+03	-8.2651e+01	 3.6023e+04	 4.6461e+03	-7.7535e+00
 1.4779e+05	 9.3108e+03	 3.7953e+00	 4.9212e-01	 3.6312e+02	 9.3729e+03	-8.2612e+01	 2.4743e+04	 3.2084e+03	-7.7120e+00
 2.2168e+05	 9.3108e+03	 3.6411e+00	 4.6973e-01	 3.6311e+02	 9.3755e+03	-8.2649e+01	 1.7282e+04	 2.2295e+03	-7.7516e+00
 3.3253e+05	 9.3108e+03	 3.5151e+00	 4.4223e-01	 3.6313e+02	 9.3781e+03	-8.2829e+01	 1.2237e+04	 1.5396e+03	-7.9484e+00
 4.9879e+05	 9.3108e+03	 3.3990e+00	 4.0697e-01	 3.6313e+02	 9.3809e+03	-8.3172e+01	 8.8651e+03	 1.0615e+03	-8.3518e+00
 7.4818e+05	 9.3108e+03	 3.3496e+00	 2.9295e-01	 3.6313e+02	 9.3886e+03	-8.5002e+01	 8.2104e+03	 7.1808e+02	-1.1434e+01
 9.0000e+05	 9.3108e+03	 3.3140e+00	 2.6846e-01	 3.6315e+02	 9.3968e+03	-8.5369e+01	 7.4482e+03	 6.0336e+02	-1.2345e+01
 1.0000e+02	 9.3940e+03	 6.0014e+00	 2.5669e-01	 3.6314e+02	 9.4053e+03	-8.7551e+01	 7.0106e+07	 2.9986e+06	-2.3380e+01
 1.5000e+02	 9.3940e+03	 5.9366e+00	 3.0312e-01	 3.6313e+02	 9.4078e+03	-8.7077e+01	 3.9579e+07	 2.0209e+06	-1.9585e+01
 2.2500e+02	 9.3940e+03	 5.8521e+00	 3.5437e-01	 3.6313e+02	 9.4106e+03	-8.6535e+01	 2.2570e+07	 1.3667e+06	-1.6514e+01
 3.3750e+02	 9.3940e+03	 5.7481e+00	 4.0142e-01	 3.6312e+02	 9.4131e+03	-8.6005e+01	 1.3283e+07	 9.2763e+05	-1.4319e+01
 5.0625e+02	 9.3940e+03	 5.6290e+00	 4.3912e-01	 3.6312e+02	 9.4157e+03	-8.5539e+01	 8.0950e+06	 6.3150e+05	-1.2819e+01
 7.5938e+02	 9.3940e+03	 5.5007e+00	 4.6588e-01	 3.6312e+02	 9.4181e+03	-8.5159e+01	 5.0867e+06	 4.3082e+05	-1.1807e+01
 1.1391e+03	 9.3940e+03	 5.3685e+00	 4.8242e-01	 3.6312e+02	 9.4207e+03	-8.4865e+01	 3.2749e+06	 2.9429e+05	-1.1128e+01
 1.7086e+03	 9.3940e+03	 5.2358e+00	 4.9102e-01	 3.6313e+02	 9.4233e+03	-8.4642e+01	 2.1450e+06	 2.0116e+05	-1.0663e+01
 2.5629e+03	 9.3940e+03	 5.1047e+00	 4.9483e-01	 3.6314e+02	 9.4284e+03	-8.4463e+01	 1.4190e+06	 1.3755e+05	-1.0316e+01
 3.8443e+03	 9.3940e+03	 4.9754e+00	 4.9670e-01	 3.6315e+02	 9.4309e+03	-8.4299e+01	 9.4244e+05	 9.4085e+04	-1.0017e+01
 5.7665e+03	 9.3940e+03	 4.8478e+00	 4.9842e-01	 3.6315e+02	 9.4333e+03	-8.4130e+01	 6.2613e+05	 6.4374e+04	-9.7265e+00
 8.6498e+03	 9.3940e+03	 4.7205e+00	 5.0161e-01	 3.6316e+02	 9.4386e+03	-8.3934e+01	 4.1476e+05	 4.4073e+04	-9.4107e+00
 1.2975e+04	 9.3940e+03	 4.5923e+00	 5.0659e-01	 3.6317e+02	 9.4413e+03	-8.3705e+01	 2.7379e+05	 3.0203e+04	-9.0651e+00
 1.9462e+04	 9.3940e+03	 4.4847e+00	 5.1427e-01	 3.6317e+02	 9.4439e+03	-8.3458e+01	 1.7980e+05	 2.0618e+04	-8.7205e+00
 2.9193e+04	 9.3940e+03	 4.3483e+00	 5.1918e-01	 3.6317e+02	 9.4463e+03	-8.3191e+01	 1.1873e+05	 1.4176e+04	-8.3755e+00
 4.3789e+04	 9.3940e+03	 4.2096e+00	 5.2027e-01	 3.6318e+02	 9.4490e+03	-8.2955e+01	 7.8990e+04	 9.7623e+03	-8.0913e+00
 6.5684e+04	 9.3940e+03	 4.0692e+00	 5.1642e-01	 3.6318e+02	 9.4514e+03	-8.2767e+01	 5.3053e+04	 6.7328e+03	-7.8797e+00
 9.8526e+04	 9.3940e+03	 3.9304e+00	 5.0674e-01	 3.6319e+02	 9.4541e+03	-8.2653e+01	 3.6044e+04	 4.6471e+03	-7.7561e+00
 1.4779e+05	 9.3940e+03	 3.7947e+00	 4.9178e-01	 3.6319e+02	 9.4567e+03	-8.2616e+01	 2.4760e+04	 3.2088e+03	-7.7162e+00
 2.2168e+05	 9.3940e+03	 3.6407e+00	 4.6926e-01	 3.6318e+02	 9.4594e+03	-8.2655e+01	 1.7299e+04	 2.2297e+03	-7.7583e+00
 3.3253e+05	 9.3940e+03	 3.5150e+00	 4.4186e-01	 3.6319e+02	 9.4618e+03	-8.2835e+01	 1.2248e+04	 1.5396e+03	-7.9550e+00
 4.9879e+05	 9.3940e+03	 3.3988e+00	 4.0670e-01	 3.6319e+02	 9.4644e+03	-8.3177e+01	 8.8712e+03	 1.0615e+03	-8.3571e+00
 7.4818e+05	 9.3940e+03	 3.3491e+00	 2.9266e-01	 3.6317e+02	 9.4723e+03	-8.5006e+01	 8.2187e+03	 7.1818e+02	-1.1444e+01
 9.0000e+05	 9.3940e+03	 3.3128e+00	 2.6796e-01	 3.6314e+02	 9.4800e+03	-8.5376e+01	 7.4621e+03	 6.0358e+02	-1.2363e+01
 1.0000e+02	 9.4772e+03	 6.0007e+00	 2.5773e-01	 3.6314e+02	 9.4884e+03	-8.7541e+01	 6.9823e+07	 2.9989e+06	-2.3283e+01
 1.5000e+02	 9.4772e+03	 5.9353e+00	 3.0629e-01	 3.6314e+02	 9.4910e+03	-8.7046e+01	 3.9169e+07	 2.0213e+06	-1.9378e+01
 2.2500e+02	 9.4772e+03	 5.8514e+00	 3.5571e-01	 3.6314e+02	 9.4936e+03	-8.6521e+01	 2.2485e+07	 1.3669e+06	-1.6450e+01
 3.3750e+02	 9.4772e+03	 5.7473e+00	 4.0286e-01	 3.6314e+02	 9.4961e+03	-8.5990e+01	 1.3235e+07	 9.2775e+05	-1.4266e+01
 5.0625e+02	 9.4772e+03	 5.6279e+00	 4.4056e-01	 3.6315e+02	 9.4985e+03	-8.5524e+01	 8.0686e+06	 6.3162e+05	-1.2775e+01
 7.5938e+02	 9.4772e+03	 5.4993e+00	 4.6721e-01	 3.6315e+02	 9.5011e+03	-8.5144e+01	 5.0723e+06	 4.3092e+05	-1.1771e+01
 1.1391e+03	 9.4772e+03	 5.3669e+00	 4.8336e-01	 3.6316e+02	 9.5036e+03	-8.4854e+01	 3.2686e+06	 2.9438e+05	-1.1103e+01
 1.7086e+03	 9.4772e+03	 5.2337e+00	 4.9198e-01	 3.6316e+02	 9.5062e+03	-8.4630e+01	 2.1408e+06	 2.0124e+05	-1.0638e+01
 2.5629e+03	 9.4772e+03	 5.1018e+00	 4.9562e-01	 3.6316e+02	 9.5111e+03	-8.4451e+01	 1.4167e+06	 1.3763e+05	-1.0294e+01
 3.8443e+03	 9.4772e+03	 4.9718e+00	 4.9733e-01	 3.6315e+02	 9.5138e+03	-8.4288e+01	 9.4125e+05	 9.4153e+04	-9.9971e+00
 5.7665e+03	 9.4772e+03	 4.8436e+00	 4.9881e-01	 3.6315e+02	 9.5163e+03	-8.4120e+01	 6.2563e+05	 6.4431e+04	-9.7102e+00
 8.6498e+03	 9.4772e+03	 4.7154e+00	 5.0167e-01	 3.6314e+02	 9.5214e+03	-8.3927e+01	 4.1471e+05	 4.4121e+04	-9.3994e+00
 1.2975e+04	 9.4772e+03	 4.5869e+00	 5.0654e-01	 3.6314e+02	 9.5240e+03	-8.3698e+01	 2.7381e+05	 3.0238e+04	-9.0552e+00
 1.9462e+04	 9.4772e+03	 4.4791e+00	 5.1409e-01	 3.6314e+02	 9.5267e+03	-8.3452e+01	 1.7986e+05	 2.0644e+04	-8.7126e+00
 2.9193e+04	 9.4772e+03	 4.3425e+00	 5.1858e-01	 3.6315e+02	 9.5291e+03	-8.3190e+01	 1.1887e+05	 1.4195e+04	-8.3738e+00
 4.3789e+04	 9.4772e+03	 4.2038e+00	 5.1923e-01	 3.6314e+02	 9.5319e+03	-8.2959e+01	 7.9148e+04	 9.7760e+03	-8.0962e+00
 6.5684e+04	 9.4772e+03	 4.0632e+00	 5.1498e-01	 3.6313e+02	 9.5344e+03	-8.2777e+01	 5.3200e+04	 6.7428e+03	-7.8900e+00
 9.8526e+04	 9.4772e+03	 3.9245e+00	 5.0499e-01	 3.6312e+02	 9.5371e+03	-8.2668e+01	 3.6169e+04	 4.6541e+03	-7.7714e+00
 1.4779e+05	 9.4772e+03	 3.7892e+00	 4.8977e-01	 3.6313e+02	 9.5398e+03	-8.2635e+01	 2.4862e+04	 3.2135e+03	-7.7367e+00
 2.2168e+05	 9.4772e+03	 3.6357e+00	 4.6711e-01	 3.6313e+02	 9.5424e+03	-8.2679e+01	 1.7379e+04	 2.2328e+03	-7.7833e+00
 3.3253e+05	 9.4772e+03	 3.5106e+00	 4.3964e-01	 3.6313e+02	 9.5449e+03	-8.2862e+01	 1.2310e+04	 1.5416e+03	-7.9851e+00
 4.9879e+05	 9.4772e+03	 3.3951e+00	 4.0461e-01	 3.6314e+02	 9.5476e+03	-8.3204e+01	 8.9169e+03	 1.0627e+03	-8.3910e+00
 7.4818e+05	 9.4772e+03	 3.3463e+00	 2.9142e-01	 3.6315e+02	 9.5556e+03	-8.5023e+01	 8.2535e+03	 7.1879e+02	-1.1482e+01
 9.0000e+05	 9.4772e+03	 3.3109e+00	 2.6720e-01	 3.6315e+02	 9.5639e+03	-8.5386e+01	 7.4832e+03	 6.0392e+02	-1.2391e+01
 1.0000e+02	 9.5611e+03	 5.9996e+00	 2.5903e-01	 3.6314e+02	 9.5717e+03	-8.7528e+01	 6.9473e+07	 2.9995e+06	-2.3162e+01
 1.5000e+02	 9.5611e+03	 5.9346e+00	 3.0688e-01	 3.6314e+02	 9.5745e+03	-8.7040e+01	 3.9093e+07	 2.0216e+06	-1.9338e+01
 2.2500e+02	 9.5611e+03	 5.8493e+00	 3.5738e-01	 3.6314e+02	 9.5770e+03	-8.6504e+01	 2.2380e+07	 1.3673e+06	-1.6367e+01
 3.3750e+02	 9.5611e+03	 5.7447e+00	 4.0469e-01	 3.6314e+02	 9.5796e+03	-8.5970e+01	 1.3176e+07	 9.2817e+05	-1.4195e+01
 5.0625e+02	 9.5611e+03	 5.6250e+00	 4.4228e-01	 3.6314e+02	 9.5821e+03	-8.5504e+01	 8.0372e+06	 6.3194e+05	-1.2718e+01
 7.5938e+02	 9.5611e+03	 5.4957e+00	 4.6850e-01	 3.6315e+02	 9.5845e+03	-8.5127e+01	 5.0583e+06	 4.3121e+05	-1.1731e+01
 1.1391e+03	 9.5611e+03	 5.3629e+00	 4.8471e-01	 3.6315e+02	 9.5871e+03	-8.4836e+01	 3.2594e+06	 2.9459e+05	-1.1064e+01
 1.7086e+03	 9.5611e+03	 5.2293e+00	 4.9296e-01	 3.6316e+02	 9.5897e+03	-8.4615e+01	 2.1366e+06	 2.0141e+05	-1.0608e+01
 2.5629e+03	 9.5611e+03	 5.0981e+00	 4.9642e-01	 3.6317e+02	 9.5949e+03	-8.4438e+01	 1.4145e+06	 1.3773e+05	-1.0270e+01
 3.8443e+03	 9.5611e+03	 4.9683e+00	 4.9787e-01	 3.6317e+02	 9.5974e+03	-8.4278e+01	 9.4022e+05	 9.4218e+04	-9.9792e+00
 5.7665e+03	 9.5611e+03	 4.8405e+00	 4.9910e-01	 3.6318e+02	 9.6001e+03	-8.4113e+01	 6.2528e+05	 6.4471e+04	-9.6985e+00
 8.6498e+03	 9.5611e+03	 4.7130e+00	 5.0206e-01	 3.6318e+02	 9.6053e+03	-8.3919e+01	 4.1439e+05	 4.4144e+04	-9.3873e+00
 1.2975e+04	 9.5611e+03	 4.5844e+00	 5.0683e-01	 3.6318e+02	 9.6078e+03	-8.3691e+01	 2.7366e+05	 3.0254e+04	-9.0452e+00
 1.9462e+04	 9.5611e+03	 4.4766e+00	 5.1428e-01	 3.6319e+02	 9.6105e+03	-8.3447e+01	 1.7980e+05	 2.0655e+04	-8.7047e+00
 2.9193e+04	 9.5611e+03	 4.3399e+00	 5.1867e-01	 3.6318e+02	 9.6130e+03	-8.3185e+01	 1.1885e+05	 1.4204e+04	-8.3672e+00
 4.3789e+04	 9.5611e+03	 4.2011e+00	 5.1899e-01	 3.6319e+02	 9.6155e+03	-8.2958e+01	 7.9185e+04	 9.7821e+03	-8.0949e+00
 6.5684e+04	 9.5611e+03	 4.0611e+00	 5.1449e-01	 3.6319e+02	 9.6181e+03	-8.2780e+01	 5.3251e+04	 6.7463e+03	-7.8934e+00
 9.8526e+04	 9.5611e+03	 3.9227e+00	 5.0442e-01	 3.6319e+02	 9.6207e+03	-8.2673e+01	 3.6210e+04	 4.6562e+03	-7.7767e+00
 1.4779e+05	 9.5611e+03	 3.7879e+00	 4.8911e-01	 3.6319e+02	 9.6233e+03	-8.2642e+01	 2.4895e+04	 3.2146e+03	-7.7444e+00
 2.2168e+05	 9.5611e+03	 3.6346e+00	 4.6640e-01	 3.6319e+02	 9.6259e+03	-8.2688e+01	 1.7405e+04	 2.2335e+03	-7.7929e+00
 3.3253e+05	 9.5611e+03	 3.5097e+00	 4.3908e-01	 3.6319e+02	 9.6286e+03	-8.2869e+01	 1.2325e+04	 1.5420e+03	-7.9932e+00
 4.9879e+05	 9.5611e+03	 3.3945e+00	 4.0409e-01	 3.6319e+02	 9.6312e+03	-8.3211e+01	 8.9284e+03	 1.0629e+03	-8.4002e+00
 7.4818e+05	 9.5611e+03	 3.3454e+00	 2.9153e-01	 3.6319e+02	 9.6389e+03	-8.5020e+01	 8.2503e+03	 7.1897e+02	-1.1475e+01
 9.0000e+05	 9.5611e+03	 3.3096e+00	 2.6708e-01	 3.6317e+02	 9.6468e+03	-8.5386e+01	 7.4866e+03	 6.0415e+02	-1.2392e+01
 1.0000e+02	 9.6441e+03	 5.9990e+00	 2.5948e-01	 3.6315e+02	 9.6545e+03	-8.7523e+01	 6.9353e+07	 2.9998e+06	-2.3119e+01
 1.5000e+02	 9.6441e+03	 5.9319e+00	 3.0882e-01	 3.6315e+02	 9.6571e+03	-8.7020e+01	 3.8848e+07	 2.0225e+06	-1.9208e+01
 2.2500e+02	 9.6441e+03	 5.8480e+00	 3.5895e-01	 3.6315e+02	 9.6597e+03	-8.6488e+01	 2.2282e+07	 1.3677e+06	-1.6292e+01
 3.3750e+02	 9.6441e+03	 5.7425e+00	 4.0645e-01	 3.6314e+02	 9.6622e+03	-8.5951e+01	 1.3119e+07	 9.2853e+05	-1.4128e+01
 5.0625e+02	 9.6441e+03	 5.6215e+00	 4.4415e-01	 3.6314e+02	 9.6648e+03	-8.5482e+01	 8.0034e+06	 6.3235e+05	-1.2657e+01
 7.5938e+02	 9.6441e+03	 5.4913e+00	 4.7021e-01	 3.6314e+02	 9.6672e+03	-8.5106e+01	 5.0399e+06	 4.3156e+05	-1.1678e+01
 1.1391e+03	 9.6441e+03	 5.3574e+00	 4.8570e-01	 3.6313e+02	 9.6699e+03	-8.4820e+01	 3.2528e+06	 2.9490e+05	-1.1030e+01
 1.7086e+03	 9.6441e+03	 5.2233e+00	 4.9365e-01	 3.6313e+02	 9.6725e+03	-8.4601e+01	 2.1336e+06	 2.0164e+05	-1.0581e+01
 2.5629e+03	 9.6441e+03	 5.0907e+00	 4.9665e-01	 3.6313e+02	 9.6776e+03	-8.4428e+01	 1.4138e+06	 1.3793e+05	-1.0250e+01
 3.8443e+03	 9.6441e+03	 4.9611e+00	 4.9779e-01	 3.6312e+02	 9.6801e+03	-8.4270e+01	 9.4038e+05	 9.4356e+04	-9.9663e+00
 5.7665e+03	 9.6441e+03	 4.8332e+00	 4.9898e-01	 3.6312e+02	 9.6826e+03	-8.4106e+01	 6.2542e+05	 6.4568e+04	-9.6862e+00
 8.6498e+03	 9.6441e+03	 4.7052e+00	 5.0179e-01	 3.6312e+02	 9.6876e+03	-8.3913e+01	 4.1461e+05	 4.4216e+04	-9.3769e+00
 1.2975e+04	 9.6441e+03	 4.5767e+00	 5.0627e-01	 3.6312e+02	 9.6901e+03	-8.3688e+01	 2.7396e+05	 3.0306e+04	-9.0401e+00
 1.9462e+04	 9.6441e+03	 4.4688e+00	 5.1369e-01	 3.6312e+02	 9.6926e+03	-8.3443e+01	 1.8000e+05	 2.0691e+04	-8.6995e+00
 2.9193e+04	 9.6441e+03	 4.3322e+00	 5.1770e-01	 3.6312e+02	 9.6955e+03	-8.3185e+01	 1.1907e+05	 1.4229e+04	-8.3681e+00
 4.3789e+04	 9.6441e+03	 4.1938e+00	 5.1777e-01	 3.6312e+02	 9.6980e+03	-8.2962e+01	 7.9370e+04	 9.7993e+03	-8.0996e+00
 6.5684e+04	 9.6441e+03	 4.0541e+00	 5.1299e-01	 3.6312e+02	 9.7008e+03	-8.2788e+01	 5.3408e+04	 6.7580e+03	-7.9029e+00
 9.8526e+04	 9.6441e+03	 3.9164e+00	 5.0242e-01	 3.6312e+02	 9.7032e+03	-8.2690e+01	 3.6354e+04	 4.6637e+03	-7.7951e+00
 1.4779e+05	 9.6441e+03	 3.7822e+00	 4.8703e-01	 3.6313e+02	 9.7059e+03	-8.2662e+01	 2.5002e+04	 3.2195e+03	-7.7658e+00
 2.2168e+05	 9.6441e+03	 3.6296e+00	 4.6426e-01	 3.6313e+02	 9.7084e+03	-8.2711e+01	 1.7485e+04	 2.2365e+03	-7.8180e+00
 3.3253e+05	 9.6441e+03	 3.5055e+00	 4.3702e-01	 3.6313e+02	 9.7109e+03	-8.2894e+01	 1.2384e+04	 1.5438e+03	-8.0214e+00
 4.9879e+05	 9.6441e+03	 3.3909e+00	 4.0213e-01	 3.6314e+02	 9.7135e+03	-8.3237e+01	 8.9720e+03	 1.0640e+03	-8.4324e+00
 7.4818e+05	 9.6441e+03	 3.3426e+00	 2.8965e-01	 3.6314e+02	 9.7211e+03	-8.5047e+01	 8.3039e+03	 7.1957e+02	-1.1540e+01
 9.0000e+05	 9.6441e+03	 3.3072e+00	 2.6511e-01	 3.6312e+02	 9.7288e+03	-8.5417e+01	 7.5422e+03	 6.0459e+02	-1.2475e+01
 1.0000e+02	 9.7260e+03	 5.9974e+00	 2.6193e-01	 3.6311e+02	 9.7369e+03	-8.7499e+01	 6.8705e+07	 3.0006e+06	-2.2897e+01
 1.5000e+02	 9.7260e+03	 5.9317e+00	 3.0905e-01	 3.6312e+02	 9.7394e+03	-8.7017e+01	 3.8819e+07	 2.0226e+06	-1.9193e+01
 2.2500e+02	 9.7260e+03	 5.8448e+00	 3.6128e-01	 3.6312e+02	 9.7421e+03	-8.6463e+01	 2.2138e+07	 1.3684e+06	-1.6178e+01
 3.3750e+02	 9.7260e+03	 5.7387e+00	 4.0847e-01	 3.6312e+02	 9.7445e+03	-8.5929e+01	 1.3054e+07	 9.2915e+05	-1.4049e+01
 5.0625e+02	 9.7260e+03	 5.6176e+00	 4.4565e-01	 3.6313e+02	 9.7469e+03	-8.5464e+01	 7.9764e+06	 6.3278e+05	-1.2605e+01
 7.5938e+02	 9.7260e+03	 5.4875e+00	 4.7156e-01	 3.6313e+02	 9.7496e+03	-8.5088e+01	 5.0254e+06	 4.3185e+05	-1.1637e+01
 1.1391e+03	 9.7260e+03	 5.3540e+00	 4.8686e-01	 3.6313e+02	 9.7522e+03	-8.4804e+01	 3.2450e+06	 2.9508e+05	-1.0997e+01
 1.7086e+03	 9.7260e+03	 5.2205e+00	 4.9456e-01	 3.6314e+02	 9.7550e+03	-8.4588e+01	 2.1297e+06	 2.0175e+05	-1.0556e+01
 2.5629e+03	 9.7260e+03	 5.0886e+00	 4.9750e-01	 3.6315e+02	 9.7601e+03	-8.4416e+01	 1.4114e+06	 1.3799e+05	-1.0228e+01
 3.8443e+03	 9.7260e+03	 4.9592e+00	 4.9848e-01	 3.6317e+02	 9.7626e+03	-8.4260e+01	 9.3908e+05	 9.4392e+04	-9.9487e+00
 5.7665e+03	 9.7260e+03	 4.8314e+00	 4.9963e-01	 3.6317e+02	 9.7650e+03	-8.4096e+01	 6.2461e+05	 6.4593e+04	-9.6700e+00
 8.6498e+03	 9.7260e+03	 4.7039e+00	 5.0231e-01	 3.6318e+02	 9.7701e+03	-8.3905e+01	 4.1418e+05	 4.4229e+04	-9.3645e+00
 1.2975e+04	 9.7260e+03	 4.6002e+00	 5.0874e-01	 3.6318e+02	 9.7728e+03	-8.3689e+01	 2.7263e+05	 3.0150e+04	-9.0425e+00
 1.9462e+04	 9.7260e+03	 4.4677e+00	 5.1392e-01	 3.6318e+02	 9.7753e+03	-8.3438e+01	 1.7992e+05	 2.0696e+04	-8.6934e+00
 2.9193e+04	 9.7260e+03	 4.3312e+00	 5.1796e-01	 3.6318e+02	 9.7779e+03	-8.3180e+01	 1.1901e+05	 1.4233e+04	-8.3620e+00
 4.3789e+04	 9.7260e+03	 4.1927e+00	 5.1786e-01	 3.6318e+02	 9.7804e+03	-8.2959e+01	 7.9357e+04	 9.8017e+03	-8.0963e+00
 6.5684e+04	 9.7260e+03	 4.0529e+00	 5.1273e-01	 3.6318e+02	 9.7828e+03	-8.2790e+01	 5.3434e+04	 6.7599e+03	-7.9045e+00
 9.8526e+04	 9.7260e+03	 3.9152e+00	 5.0211e-01	 3.6318e+02	 9.7856e+03	-8.2692e+01	 3.6377e+04	 4.6652e+03	-7.7975e+00
 1.4779e+05	 9.7260e+03	 3.7812e+00	 4.8649e-01	 3.6318e+02	 9.7881e+03	-8.2669e+01	 2.5029e+04	 3.2203e+03	-7.7723e+00
 2.2168e+05	 9.7260e+03	 3.6288e+00	 4.6373e-01	 3.6318e+02	 9.7908e+03	-8.2718e+01	 1.7505e+04	 2.2370e+03	-7.8252e+00
 3.3253e+05	 9.7260e+03	 3.5048e+00	 4.3641e-01	 3.6318e+02	 9.7932e+03	-8.2902e+01	 1.2401e+04	 1.5441e+03	-8.0310e+00
 4.9879e+05	 9.7260e+03	 3.3902e+00	 4.0157e-01	 3.6318e+02	 9.7958e+03	-8.3245e+01	 8.9844e+03	 1.0642e+03	-8.4422e+00
 7.4818e+05	 9.7260e+03	 3.3419e+00	 2.8901e-01	 3.6318e+02	 9.8038e+03	-8.5057e+01	 8.3224e+03	 7.1972e+02	-1.1563e+01
 9.0000e+05	 9.7260e+03	 3.3069e+00	 2.6472e-01	 3.6318e+02	 9.8114e+03	-8.5423e+01	 7.5534e+03	 6.0464e+02	-1.2492e+01
 1.0000e+02	 9.8087e+03	 5.9989e+00	 2.6163e-01	 3.6318e+02	 9.8195e+03	-8.7503e+01	 6.8783e+07	 2.9998e+06	-2.2929e+01
 1.5000e+02	 9.8087e+03	 5.9315e+00	 3.0810e-01	 3.6317e+02	 9.8220e+03	-8.7027e+01	 3.8939e+07	 2.0226e+06	-1.9252e+01
 2.2500e+02	 9.8087e+03	 5.8463e+00	 3.6118e-01	 3.6318e+02	 9.8248e+03	-8.6465e+01	 2.2144e+07	 1.3681e+06	-1.6187e+01
 3.3750e+02	 9.8087e+03	 5.7402e+00	 4.0909e-01	 3.6317e+02	 9.8272e+03	-8.5923e+01	 1.3034e+07	 9.2891e+05	-1.4031e+01
 5.0625e+02	 9.8087e+03	 5.6183e+00	 4.4667e-01	 3.6318e+02	 9.8299e+03	-8.5454e+01	 7.9582e+06	 6.3270e+05	-1.2578e+01
 7.5938e+02	 9.8087e+03	 5.4876e+00	 4.7290e-01	 3.6317e+02	 9.8323e+03	-8.5075e+01	 5.0112e+06	 4.3185e+05	-1.1604e+01
 1.1391e+03	 9.8087e+03	 5.3530e+00	 4.8817e-01	 3.6317e+02	 9.8349e+03	-8.4789e+01	 3.2363e+06	 2.9513e+05	-1.0966e+01
 1.7086e+03	 9.8087e+03	 5.2185e+00	 4.9561e-01	 3.6316e+02	 9.8375e+03	-8.4575e+01	 2.1252e+06	 2.0183e+05	-1.0530e+01
 2.5629e+03	 9.8087e+03	 5.0851e+00	 4.9820e-01	 3.6315e+02	 9.8426e+03	-8.4404e+01	 1.4094e+06	 1.3808e+05	-1.0207e+01
 3.8443e+03	 9.8087e+03	 4.9548e+00	 4.9887e-01	 3.6315e+02	 9.8451e+03	-8.4251e+01	 9.3835e+05	 9.4475e+04	-9.9322e+00
 5.7665e+03	 9.8087e+03	 4.8264e+00	 4.9972e-01	 3.6314e+02	 9.8475e+03	-8.4089e+01	 6.2449e+05	 6.4659e+04	-9.6582e+00
 8.6498e+03	 9.8087e+03	 4.6979e+00	 5.0234e-01	 3.6314e+02	 9.8526e+03	-8.3897e+01	 4.1416e+05	 4.4286e+04	-9.3520e+00
 1.2975e+04	 9.8087e+03	 4.5938e+00	 5.0850e-01	 3.6313e+02	 9.8551e+03	-8.3683e+01	 2.7276e+05	 3.0193e+04	-9.0339e+00
 1.9462e+04	 9.8087e+03	 4.4610e+00	 5.1351e-01	 3.6313e+02	 9.8578e+03	-8.3434e+01	 1.8007e+05	 2.0727e+04	-8.6874e+00
 2.9193e+04	 9.8087e+03	 4.3243e+00	 5.1725e-01	 3.6313e+02	 9.8602e+03	-8.3179e+01	 1.1918e+05	 1.4255e+04	-8.3602e+00
 4.3789e+04	 9.8087e+03	 4.1860e+00	 5.1669e-01	 3.6313e+02	 9.8630e+03	-8.2963e+01	 7.9537e+04	 9.8176e+03	-8.1015e+00
 6.5684e+04	 9.8087e+03	 4.0466e+00	 5.1128e-01	 3.6314e+02	 9.8654e+03	-8.2799e+01	 5.3585e+04	 6.7705e+03	-7.9145e+00
 9.8526e+04	 9.8087e+03	 3.9095e+00	 5.0037e-01	 3.6313e+02	 9.8679e+03	-8.2706e+01	 3.6503e+04	 4.6720e+03	-7.8131e+00
 1.4779e+05	 9.8087e+03	 3.7761e+00	 4.8461e-01	 3.6312e+02	 9.8707e+03	-8.2687e+01	 2.5127e+04	 3.2247e+03	-7.7920e+00
 2.2168e+05	 9.8087e+03	 3.6242e+00	 4.6172e-01	 3.6313e+02	 9.8732e+03	-8.2740e+01	 1.7582e+04	 2.2399e+03	-7.8493e+00
 3.3253e+05	 9.8087e+03	 3.5009e+00	 4.3451e-01	 3.6314e+02	 9.8758e+03	-8.2925e+01	 1.2455e+04	 1.5458e+03	-8.0571e+00
 4.9879e+05	 9.8087e+03	 3.3869e+00	 3.9976e-01	 3.6314e+02	 9.8784e+03	-8.3269e+01	 9.0252e+03	 1.0652e+03	-8.4724e+00
 7.4818e+05	 9.8087e+03	 3.3392e+00	 2.8735e-01	 3.6314e+02	 9.8864e+03	-8.5082e+01	 8.3706e+03	 7.2031e+02	-1.1621e+01
 9.0000e+05	 9.8087e+03	 3.3045e+00	 2.6269e-01	 3.6314e+02	 9.8941e+03	-8.5455e+01	 7.6116e+03	 6.0509e+02	-1.2579e+01
 1.0000e+02	 9.8914e+03	 5.9967e+00	 2.6332e-01	 3.6316e+02	 9.9024e+03	-8.7486e+01	 6.8341e+07	 3.0009e+06	-2.2773e+01
 1.5000e+02	 9.8914e+03	 5.9299e+00	 3.0981e-01	 3.6316e+02	 9.9049e+03	-8.7009e+01	 3.8724e+07	 2.0232e+06	-1.9140e+01
 2.2500e+02	 9.8914e+03	 5.8429e+00	 3.6377e-01	 3.6315e+02	 9.9076e+03	-8.6437e+01	 2.1987e+07	 1.3688e+06	-1.6062e+01
 3.3750e+02	 9.8914e+03	 5.7362e+00	 4.1138e-01	 3.6315e+02	 9.9101e+03	-8.5898e+01	 1.2961e+07	 9.2955e+05	-1.3944e+01
 5.0625e+02	 9.8914e+03	 5.6136e+00	 4.4875e-01	 3.6315e+02	 9.9126e+03	-8.5430e+01	 7.9213e+06	 6.3323e+05	-1.2509e+01
 7.5938e+02	 9.8914e+03	 5.4825e+00	 4.7425e-01	 3.6314e+02	 9.9152e+03	-8.5056e+01	 4.9970e+06	 4.3225e+05	-1.1560e+01
 1.1391e+03	 9.8914e+03	 5.3474e+00	 4.8948e-01	 3.6315e+02	 9.9179e+03	-8.4770e+01	 3.2276e+06	 2.9545e+05	-1.0925e+01
 1.7086e+03	 9.8914e+03	 5.2130e+00	 4.9637e-01	 3.6315e+02	 9.9206e+03	-8.4561e+01	 2.1219e+06	 2.0204e+05	-1.0502e+01
 2.5629e+03	 9.8914e+03	 5.0804e+00	 4.9879e-01	 3.6315e+02	 9.9258e+03	-8.4393e+01	 1.4077e+06	 1.3821e+05	-1.0186e+01
 3.8443e+03	 9.8914e+03	 4.9505e+00	 4.9926e-01	 3.6316e+02	 9.9282e+03	-8.4241e+01	 9.3760e+05	 9.4557e+04	-9.9157e+00
 5.7665e+03	 9.8914e+03	 4.8224e+00	 5.0004e-01	 3.6316e+02	 9.9307e+03	-8.4080e+01	 6.2410e+05	 6.4714e+04	-9.6440e+00
 8.6498e+03	 9.8914e+03	 4.6942e+00	 5.0240e-01	 3.6315e+02	 9.9358e+03	-8.3891e+01	 4.1411e+05	 4.4320e+04	-9.3436e+00
 1.2975e+04	 9.8914e+03	 4.5901e+00	 5.0870e-01	 3.6314e+02	 9.9384e+03	-8.3676e+01	 2.7265e+05	 3.0217e+04	-9.0233e+00
 1.9462e+04	 9.8914e+03	 4.4573e+00	 5.1354e-01	 3.6314e+02	 9.9411e+03	-8.3428e+01	 1.8006e+05	 2.0745e+04	-8.6797e+00
 2.9193e+04	 9.8914e+03	 4.3204e+00	 5.1700e-01	 3.6313e+02	 9.9436e+03	-8.3176e+01	 1.1923e+05	 1.4268e+04	-8.3567e+00
 4.3789e+04	 9.8914e+03	 4.1819e+00	 5.1616e-01	 3.6313e+02	 9.9463e+03	-8.2964e+01	 7.9619e+04	 9.8270e+03	-8.1020e+00
 6.5684e+04	 9.8914e+03	 4.0426e+00	 5.1030e-01	 3.6313e+02	 9.9488e+03	-8.2806e+01	 5.3689e+04	 6.7771e+03	-7.9221e+00
 9.8526e+04	 9.8914e+03	 3.9057e+00	 4.9917e-01	 3.6313e+02	 9.9513e+03	-8.2717e+01	 3.6591e+04	 4.6765e+03	-7.8244e+00
 1.4779e+05	 9.8914e+03	 3.7726e+00	 4.8327e-01	 3.6313e+02	 9.9538e+03	-8.2700e+01	 2.5196e+04	 3.2277e+03	-7.8063e+00
 2.2168e+05	 9.8914e+03	 3.6211e+00	 4.6034e-01	 3.6313e+02	 9.9566e+03	-8.2755e+01	 1.7634e+04	 2.2418e+03	-7.8661e+00
 3.3253e+05	 9.8914e+03	 3.4982e+00	 4.3301e-01	 3.6313e+02	 9.9590e+03	-8.2944e+01	 1.2498e+04	 1.5470e+03	-8.0787e+00
 4.9879e+05	 9.8914e+03	 3.3846e+00	 3.9839e-01	 3.6313e+02	 9.9617e+03	-8.3287e+01	 9.0562e+03	 1.0660e+03	-8.4957e+00
 7.4818e+05	 9.8914e+03	 3.3375e+00	 2.8542e-01	 3.6314e+02	 9.9694e+03	-8.5112e+01	 8.4271e+03	 7.2067e+02	-1.1693e+01
 9.0000e+05	 9.8914e+03	 3.3030e+00	 2.5995e-01	 3.6314e+02	 9.9776e+03	-8.5500e+01	 7.6920e+03	 6.0537e+02	-1.2706e+01
 1.0000e+02	 9.9749e+03	 5.9956e+00	 2.6454e-01	 3.6315e+02	 9.9855e+03	-8.7474e+01	 6.8028e+07	 3.0015e+06	-2.2665e+01
 1.5000e+02	 9.9749e+03	 5.9284e+00	 3.1237e-01	 3.6316e+02	 9.9883e+03	-8.6984e+01	 3.8406e+07	 2.0237e+06	-1.8979e+01
 2.2500e+02	 9.9749e+03	 5.8418e+00	 3.6521e-01	 3.6316e+02	 9.9908e+03	-8.6423e+01	 2.1900e+07	 1.3691e+06	-1.5996e+01
 3.3750e+02	 9.9749e+03	 5.7341e+00	 4.1281e-01	 3.6316e+02	 9.9935e+03	-8.5882e+01	 1.2917e+07	 9.2988e+05	-1.3891e+01
 5.0625e+02	 9.9749e+03	 5.6111e+00	 4.5038e-01	 3.6316e+02	 9.9960e+03	-8.5411e+01	 7.8927e+06	 6.3351e+05	-1.2459e+01
 7.5938e+02	 9.9749e+03	 5.4791e+00	 4.7575e-01	 3.6315e+02	 9.9985e+03	-8.5037e+01	 4.9812e+06	 4.3252e+05	-1.1517e+01
 1.1391e+03	 9.9749e+03	 5.3441e+00	 4.9055e-01	 3.6315e+02	 1.0001e+04	-8.4755e+01	 3.2206e+06	 2.9563e+05	-1.0894e+01
 1.7086e+03	 9.9749e+03	 5.2091e+00	 4.9732e-01	 3.6314e+02	 1.0004e+04	-8.4546e+01	 2.1179e+06	 2.0219e+05	-1.0474e+01
 2.5629e+03	 9.9749e+03	 5.0765e+00	 4.9918e-01	 3.6315e+02	 1.0009e+04	-8.4384e+01	 1.4066e+06	 1.3832e+05	-1.0170e+01
 3.8443e+03	 9.9749e+03	 4.9465e+00	 4.9962e-01	 3.6315e+02	 1.0011e+04	-8.4232e+01	 9.3693e+05	 9.4635e+04	-9.9004e+00
 5.7665e+03	 9.9749e+03	 4.8183e+00	 5.0022e-01	 3.6315e+02	 1.0014e+04	-8.4073e+01	 6.2387e+05	 6.4768e+04	-9.6323e+00
 8.6498e+03	 9.9749e+03	 4.6903e+00	 5.0253e-01	 3.6315e+02	 1.0019e+04	-8.3885e+01	 4.1400e+05	 4.4357e+04	-9.3334e+00
 1.2975e+04	 9.9749e+03	 4.5864e+00	 5.0872e-01	 3.6316e+02	 1.0022e+04	-8.3671e+01	 2.7265e+05	 3.0241e+04	-9.0157e+00
 1.9462e+04	 9.9749e+03	 4.4535e+00	 5.1354e-01	 3.6315e+02	 1.0024e+04	-8.3422e+01	 1.8006e+05	 2.0762e+04	-8.6723e+00
 2.9193e+04	 9.9749e+03	 4.3168e+00	 5.1669e-01	 3.6315e+02	 1.0027e+04	-8.3175e+01	 1.1930e+05	 1.4280e+04	-8.3546e+00
 4.3789e+04	 9.9749e+03	 4.1786e+00	 5.1564e-01	 3.6315e+02	 1.0029e+04	-8.2965e+01	 7.9698e+04	 9.8350e+03	-8.1036e+00
 6.5684e+04	 9.9749e+03	 4.0397e+00	 5.0977e-01	 3.6314e+02	 1.0032e+04	-8.2808e+01	 5.3744e+04	 6.7820e+03	-7.9245e+00
 9.8526e+04	 9.9749e+03	 3.9031e+00	 4.9833e-01	 3.6314e+02	 1.0034e+04	-8.2724e+01	 3.6652e+04	 4.6796e+03	-7.8324e+00
 1.4779e+05	 9.9749e+03	 3.7703e+00	 4.8227e-01	 3.6314e+02	 1.0037e+04	-8.2711e+01	 2.5249e+04	 3.2296e+03	-7.8179e+00
 2.2168e+05	 9.9749e+03	 3.6189e+00	 4.5936e-01	 3.6313e+02	 1.0040e+04	-8.2766e+01	 1.7672e+04	 2.2432e+03	-7.8781e+00
 3.3253e+05	 9.9749e+03	 3.4962e+00	 4.3196e-01	 3.6313e+02	 1.0043e+04	-8.2957e+01	 1.2529e+04	 1.5479e+03	-8.0939e+00
 4.9879e+05	 9.9749e+03	 3.3829e+00	 3.9735e-01	 3.6313e+02	 1.0045e+04	-8.3301e+01	 9.0798e+03	 1.0665e+03	-8.5137e+00
 7.4818e+05	 9.9749e+03	 3.3360e+00	 2.8283e-01	 3.6312e+02	 1.0053e+04	-8.5154e+01	 8.5042e+03	 7.2100e+02	-1.1795e+01
 9.0000e+05	 9.9749e+03	 3.3017e+00	 2.5781e-01	 3.6314e+02	 1.0061e+04	-8.5535e+01	 7.7557e+03	 6.0561e+02	-1.2806e+01
 1.0000e+02	 1.0058e+04	 5.9949e+00	 2.6566e-01	 3.6313e+02	 1.0069e+04	-8.7463e+01	 6.7741e+07	 3.0019e+06	-2.2566e+01
 1.5000e+02	 1.0058e+04	 5.9274e+00	 3.1442e-01	 3.6313e+02	 1.0072e+04	-8.6964e+01	 3.8156e+07	 2.0240e+06	-1.8852e+01
 2.2500e+02	 1.0058e+04	 5.8393e+00	 3.6706e-01	 3.6314e+02	 1.0074e+04	-8.6403e+01	 2.1790e+07	 1.3697e+06	-1.5908e+01
 3.3750e+02	 1.0058e+04	 5.7313e+00	 4.1462e-01	 3.6314e+02	 1.0077e+04	-8.5862e+01	 1.2860e+07	 9.3035e+05	-1.3823e+01
 5.0625e+02	 1.0058e+04	 5.6080e+00	 4.5211e-01	 3.6314e+02	 1.0079e+04	-8.5391e+01	 7.8625e+06	 6.3387e+05	-1.2404e+01
 7.5938e+02	 1.0058e+04	 5.4760e+00	 4.7711e-01	 3.6315e+02	 1.0082e+04	-8.5021e+01	 4.9670e+06	 4.3276e+05	-1.1477e+01
 1.1391e+03	 1.0058e+04	 5.3408e+00	 4.9148e-01	 3.6315e+02	 1.0085e+04	-8.4742e+01	 3.2145e+06	 2.9581e+05	-1.0867e+01
 1.7086e+03	 1.0058e+04	 5.2062e+00	 4.9813e-01	 3.6315e+02	 1.0087e+04	-8.4535e+01	 2.1144e+06	 2.0231e+05	-1.0451e+01
 2.5629e+03	 1.0058e+04	 5.0739e+00	 5.0006e-01	 3.6317e+02	 1.0092e+04	-8.4371e+01	 1.4042e+06	 1.3839e+05	-1.0147e+01
 3.8443e+03	 1.0058e+04	 4.9440e+00	 5.0011e-01	 3.6317e+02	 1.0095e+04	-8.4224e+01	 9.3602e+05	 9.4682e+04	-9.8859e+00
 5.7665e+03	 1.0058e+04	 4.8159e+00	 5.0073e-01	 3.6317e+02	 1.0097e+04	-8.4064e+01	 6.2323e+05	 6.4801e+04	-9.6177e+00
 8.6498e+03	 1.0058e+04	 4.6880e+00	 5.0299e-01	 3.6317e+02	 1.0103e+04	-8.3876e+01	 4.1362e+05	 4.4379e+04	-9.3202e+00
 1.2975e+04	 1.0058e+04	 4.5842e+00	 5.0912e-01	 3.6318e+02	 1.0105e+04	-8.3663e+01	 2.7243e+05	 3.0256e+04	-9.0041e+00
 1.9462e+04	 1.0058e+04	 4.4515e+00	 5.1374e-01	 3.6318e+02	 1.0108e+04	-8.3417e+01	 1.7999e+05	 2.0772e+04	-8.6650e+00
 2.9193e+04	 1.0058e+04	 4.3149e+00	 5.1674e-01	 3.6318e+02	 1.0111e+04	-8.3171e+01	 1.1929e+05	 1.4286e+04	-8.3502e+00
 4.3789e+04	 1.0058e+04	 4.1767e+00	 5.1551e-01	 3.6318e+02	 1.0113e+04	-8.2964e+01	 7.9719e+04	 9.8393e+03	-8.1021e+00
 6.5684e+04	 1.0058e+04	 4.0377e+00	 5.0929e-01	 3.6318e+02	 1.0116e+04	-8.2811e+01	 5.3795e+04	 6.7854e+03	-7.9281e+00
 9.8526e+04	 1.0058e+04	 3.9013e+00	 4.9785e-01	 3.6317e+02	 1.0118e+04	-8.2728e+01	 3.6687e+04	 4.6818e+03	-7.8362e+00
 1.4779e+05	 1.0058e+04	 3.7688e+00	 4.8162e-01	 3.6318e+02	 1.0121e+04	-8.2717e+01	 2.5283e+04	 3.2309e+03	-7.8251e+00
 2.2168e+05	 1.0058e+04	 3.6178e+00	 4.5852e-01	 3.6318e+02	 1.0124e+04	-8.2777e+01	 1.7704e+04	 2.2438e+03	-7.8902e+00
 3.3253e+05	 1.0058e+04	 3.4955e+00	 4.3131e-01	 3.6318e+02	 1.0126e+04	-8.2966e+01	 1.2547e+04	 1.5482e+03	-8.1044e+00
 4.9879e+05	 1.0058e+04	 3.3824e+00	 3.9692e-01	 3.6318e+02	 1.0129e+04	-8.3307e+01	 9.0897e+03	 1.0667e+03	-8.5217e+00
 7.4818e+05	 1.0058e+04	 3.3358e+00	 2.8238e-01	 3.6318e+02	 1.0136e+04	-8.5161e+01	 8.5178e+03	 7.2104e+02	-1.1813e+01
 9.0000e+05	 1.0058e+04	 3.3013e+00	 2.5719e-01	 3.6318e+02	 1.0144e+04	-8.5545e+01	 7.7746e+03	 6.0569e+02	-1.2836e+01
 1.0000e+02	 1.0142e+04	 5.9956e+00	 2.6546e-01	 3.6318e+02	 1.0152e+04	-8.7465e+01	 6.7790e+07	 3.0015e+06	-2.2586e+01
 1.5000e+02	 1.0142e+04	 5.9281e+00	 3.1574e-01	 3.6316e+02	 1.0155e+04	-8.6951e+01	 3.7997e+07	 2.0238e+06	-1.8775e+01
 2.2500e+02	 1.0142e+04	 5.8399e+00	 3.6782e-01	 3.6317e+02	 1.0157e+04	-8.6396e+01	 2.1744e+07	 1.3696e+06	-1.5877e+01
 3.3750e+02	 1.0142e+04	 5.7312e+00	 4.1566e-01	 3.6316e+02	 1.0160e+04	-8.5852e+01	 1.2828e+07	 9.3036e+05	-1.3788e+01
 5.0625e+02	 1.0142e+04	 5.6070e+00	 4.5305e-01	 3.6316e+02	 1.0162e+04	-8.5381e+01	 7.8462e+06	 6.3398e+05	-1.2376e+01
 7.5938e+02	 1.0142e+04	 5.4742e+00	 4.7841e-01	 3.6316e+02	 1.0165e+04	-8.5005e+01	 4.9535e+06	 4.3290e+05	-1.1443e+01
 1.1391e+03	 1.0142e+04	 5.3381e+00	 4.9248e-01	 3.6316e+02	 1.0167e+04	-8.4729e+01	 3.2080e+06	 2.9596e+05	-1.0839e+01
 1.7086e+03	 1.0142e+04	 5.2024e+00	 4.9905e-01	 3.6316e+02	 1.0170e+04	-8.4521e+01	 2.1105e+06	 2.0245e+05	-1.0425e+01
 2.5629e+03	 1.0142e+04	 5.0693e+00	 5.0067e-01	 3.6315e+02	 1.0175e+04	-8.4359e+01	 1.4025e+06	 1.3851e+05	-1.0125e+01
 3.8443e+03	 1.0142e+04	 4.9389e+00	 5.0041e-01	 3.6315e+02	 1.0178e+04	-8.4215e+01	 9.3545e+05	 9.4780e+04	-9.8698e+00
 5.7665e+03	 1.0142e+04	 4.8106e+00	 5.0082e-01	 3.6315e+02	 1.0180e+04	-8.4057e+01	 6.2312e+05	 6.4871e+04	-9.6055e+00
 8.6498e+03	 1.0142e+04	 4.6825e+00	 5.0300e-01	 3.6316e+02	 1.0185e+04	-8.3869e+01	 4.1362e+05	 4.4431e+04	-9.3092e+00
 1.2975e+04	 1.0142e+04	 4.5785e+00	 5.0897e-01	 3.6315e+02	 1.0188e+04	-8.3657e+01	 2.7251e+05	 3.0293e+04	-8.9956e+00
 1.9462e+04	 1.0142e+04	 4.4457e+00	 5.1344e-01	 3.6315e+02	 1.0190e+04	-8.3412e+01	 1.8009e+05	 2.0799e+04	-8.6588e+00
 2.9193e+04	 1.0142e+04	 4.3090e+00	 5.1612e-01	 3.6316e+02	 1.0193e+04	-8.3170e+01	 1.1944e+05	 1.4306e+04	-8.3489e+00
 4.3789e+04	 1.0142e+04	 4.1707e+00	 5.1448e-01	 3.6315e+02	 1.0196e+04	-8.2968e+01	 7.9879e+04	 9.8534e+03	-8.1067e+00
 6.5684e+04	 1.0142e+04	 4.0323e+00	 5.0793e-01	 3.6315e+02	 1.0198e+04	-8.2820e+01	 5.3939e+04	 6.7945e+03	-7.9387e+00
 9.8526e+04	 1.0142e+04	 3.8963e+00	 4.9620e-01	 3.6314e+02	 1.0201e+04	-8.2742e+01	 3.6809e+04	 4.6878e+03	-7.8521e+00
 1.4779e+05	 1.0142e+04	 3.7642e+00	 4.7988e-01	 3.6314e+02	 1.0203e+04	-8.2735e+01	 2.5375e+04	 3.2348e+03	-7.8442e+00
 2.2168e+05	 1.0142e+04	 3.6137e+00	 4.5675e-01	 3.6314e+02	 1.0206e+04	-8.2796e+01	 1.7773e+04	 2.2464e+03	-7.9117e+00
 3.3253e+05	 1.0142e+04	 3.4920e+00	 4.2953e-01	 3.6314e+02	 1.0209e+04	-8.2988e+01	 1.2600e+04	 1.5498e+03	-8.1298e+00
 4.9879e+05	 1.0142e+04	 3.3794e+00	 3.9519e-01	 3.6314e+02	 1.0211e+04	-8.3330e+01	 9.1295e+03	 1.0676e+03	-8.5512e+00
 7.4818e+05	 1.0142e+04	 3.3332e+00	 2.8066e-01	 3.6315e+02	 1.0219e+04	-8.5187e+01	 8.5701e+03	 7.2160e+02	-1.1876e+01
 9.0000e+05	 1.0142e+04	 3.2988e+00	 2.5592e-01	 3.6314e+02	 1.0227e+04	-8.5564e+01	 7.8131e+03	 6.0613e+02	-1.2890e+01
 1.0000e+02	 1.0224e+04	 5.9934e+00	 2.6789e-01	 3.6313e+02	 1.0235e+04	-8.7441e+01	 6.7174e+07	 3.0026e+06	-2.2372e+01
 1.5000e+02	 1.0224e+04	 5.9237e+00	 3.1703e-01	 3.6313e+02	 1.0238e+04	-8.6937e+01	 3.7843e+07	 2.0253e+06	-1.8685e+01
 2.2500e+02	 1.0224e+04	 5.8359e+00	 3.7021e-01	 3.6313e+02	 1.0240e+04	-8.6370e+01	 2.1604e+07	 1.3705e+06	-1.5764e+01