PEI 25 kg/mol, 2 mg/ml from Ethanol on B 10 x 15 mm + H 1x1 mm, 70 nm, 30 µm, 70°C Absorption, 28.4.2026, 10:55
Diameter[mm] 1.128e+00  Thickness[mm] 1.000e-04  Spacer Capacity[pF] 0.000e+00  Spacer Area[mm^2] 0.000e+00
Fixed value(s) :  AC Volt  [Vrms]=1.000
 Freq. [Hz]	 Time  [s]	 Eps'   	 Eps''  	M Temp [K]	M Time M[s]	  Phi [Deg]	 Zp' [Ohms]	 Zp'' [Ohms]	Tan(Phi) 
 1.0000e+02	 0.0000e+00	 6.3243e+00	 1.8529e-01	 3.4315e+02	 7.7600e+00	-8.8322e+01	 9.7124e+07	 2.8455e+06	-3.4132e+01
 1.5000e+02	 0.0000e+00	 6.2874e+00	 1.6909e-01	 3.4315e+02	 1.0280e+01	-8.8459e+01	 7.0951e+07	 1.9081e+06	-3.7183e+01
 2.2500e+02	 0.0000e+00	 6.2543e+00	 1.5655e-01	 3.4315e+02	 1.2920e+01	-8.8566e+01	 5.1088e+07	 1.2788e+06	-3.9949e+01
 3.3750e+02	 0.0000e+00	 6.2243e+00	 1.4948e-01	 3.4314e+02	 1.5510e+01	-8.8624e+01	 3.5670e+07	 8.5665e+05	-4.1639e+01
 5.0625e+02	 0.0000e+00	 6.1967e+00	 1.4775e-01	 3.4315e+02	 1.7970e+01	-8.8634e+01	 2.4059e+07	 5.7364e+05	-4.1941e+01
 7.5938e+02	 0.0000e+00	 6.1704e+00	 1.5243e-01	 3.4314e+02	 2.0680e+01	-8.8585e+01	 1.5547e+07	 3.8406e+05	-4.0480e+01
 1.1391e+03	 0.0000e+00	 6.1439e+00	 1.6443e-01	 3.4314e+02	 2.5810e+01	-8.8467e+01	 9.6079e+06	 2.5714e+05	-3.7364e+01
 1.7086e+03	 0.0000e+00	 6.1161e+00	 1.8728e-01	 3.4315e+02	 2.8250e+01	-8.8246e+01	 5.6238e+06	 1.7221e+05	-3.2657e+01
 2.5629e+03	 0.0000e+00	 6.0851e+00	 2.2268e-01	 3.4314e+02	 3.0820e+01	-8.7904e+01	 3.1533e+06	 1.1539e+05	-2.7327e+01
 3.8443e+03	 0.0000e+00	 6.0474e+00	 2.7490e-01	 3.4315e+02	 3.3430e+01	-8.7397e+01	 1.7028e+06	 7.7407e+04	-2.1998e+01
 5.7665e+03	 0.0000e+00	 5.9978e+00	 3.4840e-01	 3.4315e+02	 3.5870e+01	-8.6676e+01	 8.9574e+05	 5.2031e+04	-1.7215e+01
 8.6498e+03	 0.0000e+00	 5.9274e+00	 4.4762e-01	 3.4315e+02	 3.8420e+01	-8.5681e+01	 4.6478e+05	 3.5100e+04	-1.3242e+01
 1.2975e+04	 0.0000e+00	 5.8254e+00	 5.7516e-01	 3.4315e+02	 4.1000e+01	-8.4361e+01	 2.4115e+05	 2.3810e+04	-1.0128e+01
 1.9462e+04	 0.0000e+00	 5.6730e+00	 7.2713e-01	 3.4315e+02	 4.3430e+01	-8.2696e+01	 1.2717e+05	 1.6299e+04	-7.8020e+00
 2.9193e+04	 0.0000e+00	 5.4517e+00	 8.8678e-01	 3.4315e+02	 4.6000e+01	-8.0761e+01	 6.9515e+04	 1.1307e+04	-6.1478e+00
 4.3789e+04	 0.0000e+00	 5.1534e+00	 1.0187e+00	 3.4315e+02	 4.8430e+01	-7.8818e+01	 4.0342e+04	 7.9746e+03	-5.0588e+00
 6.5684e+04	 0.0000e+00	 4.7955e+00	 1.0810e+00	 3.4315e+02	 5.1120e+01	-7.7297e+01	 2.5345e+04	 5.7131e+03	-4.4362e+00
 9.8526e+04	 0.0000e+00	 4.4349e+00	 1.0476e+00	 3.4315e+02	 5.3750e+01	-7.6710e+01	 1.7436e+04	 4.1184e+03	-4.2336e+00
 1.4779e+05	 0.0000e+00	 4.1100e+00	 9.2685e-01	 3.4315e+02	 5.6360e+01	-7.7292e+01	 1.3138e+04	 2.9627e+03	-4.4343e+00
 2.2168e+05	 0.0000e+00	 3.8652e+00	 7.6143e-01	 3.4315e+02	 5.8930e+01	-7.8856e+01	 1.0661e+04	 2.1002e+03	-5.0762e+00
 3.3253e+05	 0.0000e+00	 3.6911e+00	 5.9571e-01	 3.4315e+02	 6.1530e+01	-8.0832e+01	 9.0847e+03	 1.4662e+03	-6.1962e+00
 4.9879e+05	 0.0000e+00	 3.5870e+00	 4.5856e-01	 3.4315e+02	 6.4310e+01	-8.2715e+01	 7.8678e+03	 1.0058e+03	-7.8223e+00
 7.4818e+05	 0.0000e+00	 3.5753e+00	 2.5959e-01	 3.4315e+02	 7.2360e+01	-8.5847e+01	 9.2656e+03	 6.7275e+02	-1.3773e+01
 9.0000e+05	 0.0000e+00	 3.5562e+00	 2.1668e-01	 3.4316e+02	 8.0180e+01	-8.6513e+01	 9.2280e+03	 5.6226e+02	-1.6412e+01
 1.0000e+02	 7.7400e+01	 6.3242e+00	 1.8546e-01	 3.4315e+02	 8.8510e+01	-8.8320e+01	 9.7032e+07	 2.8455e+06	-3.4100e+01
 1.5000e+02	 7.7400e+01	 6.2864e+00	 1.6777e-01	 3.4315e+02	 9.1070e+01	-8.8471e+01	 7.1508e+07	 1.9084e+06	-3.7470e+01
 2.2500e+02	 7.7400e+01	 6.2541e+00	 1.5670e-01	 3.4316e+02	 9.3760e+01	-8.8565e+01	 5.1040e+07	 1.2789e+06	-3.9911e+01
 3.3750e+02	 7.7400e+01	 6.2241e+00	 1.4952e-01	 3.4315e+02	 9.6310e+01	-8.8624e+01	 3.5661e+07	 8.5668e+05	-4.1627e+01
 5.0625e+02	 7.7400e+01	 6.1966e+00	 1.4784e-01	 3.4315e+02	 9.8900e+01	-8.8633e+01	 2.4044e+07	 5.7365e+05	-4.1913e+01
 7.5938e+02	 7.7400e+01	 6.1699e+00	 1.5233e-01	 3.4315e+02	 1.0150e+02	-8.8586e+01	 1.5557e+07	 3.8409e+05	-4.0503e+01
 1.1391e+03	 7.7400e+01	 6.1437e+00	 1.6484e-01	 3.4315e+02	 1.0656e+02	-8.8463e+01	 9.5845e+06	 2.5715e+05	-3.7272e+01
 1.7086e+03	 7.7400e+01	 6.1161e+00	 1.8720e-01	 3.4315e+02	 1.0900e+02	-8.8247e+01	 5.6262e+06	 1.7221e+05	-3.2671e+01
 2.5629e+03	 7.7400e+01	 6.0850e+00	 2.2271e-01	 3.4315e+02	 1.1159e+02	-8.7904e+01	 3.1528e+06	 1.1539e+05	-2.7322e+01
 3.8443e+03	 7.7400e+01	 6.0469e+00	 2.7490e-01	 3.4315e+02	 1.1406e+02	-8.7397e+01	 1.7028e+06	 7.7414e+04	-2.1996e+01
 5.7665e+03	 7.7400e+01	 5.9975e+00	 3.4831e-01	 3.4315e+02	 1.1656e+02	-8.6676e+01	 8.9597e+05	 5.2034e+04	-1.7219e+01
 8.6498e+03	 7.7400e+01	 5.9274e+00	 4.4753e-01	 3.4315e+02	 1.1912e+02	-8.5682e+01	 4.6489e+05	 3.5100e+04	-1.3245e+01
 1.2975e+04	 7.7400e+01	 5.8251e+00	 5.7510e-01	 3.4316e+02	 1.2168e+02	-8.4362e+01	 2.4118e+05	 2.3810e+04	-1.0129e+01
 1.9462e+04	 7.7400e+01	 5.6729e+00	 7.2714e-01	 3.4315e+02	 1.2431e+02	-8.2696e+01	 1.2716e+05	 1.6300e+04	-7.8017e+00
 2.9193e+04	 7.7400e+01	 5.4516e+00	 8.8676e-01	 3.4315e+02	 1.2687e+02	-8.0761e+01	 6.9516e+04	 1.1308e+04	-6.1478e+00
 4.3789e+04	 7.7400e+01	 5.1533e+00	 1.0186e+00	 3.4316e+02	 1.2954e+02	-7.8819e+01	 4.0347e+04	 7.9747e+03	-5.0594e+00
 6.5684e+04	 7.7400e+01	 4.7954e+00	 1.0809e+00	 3.4316e+02	 1.3200e+02	-7.7298e+01	 2.5348e+04	 5.7132e+03	-4.4367e+00
 9.8526e+04	 7.7400e+01	 4.4348e+00	 1.0474e+00	 3.4315e+02	 1.3486e+02	-7.6712e+01	 1.7439e+04	 4.1186e+03	-4.2341e+00
 1.4779e+05	 7.7400e+01	 4.1101e+00	 9.2683e-01	 3.4315e+02	 1.3731e+02	-7.7292e+01	 1.3138e+04	 2.9626e+03	-4.4345e+00
 2.2168e+05	 7.7400e+01	 3.8651e+00	 7.6167e-01	 3.4315e+02	 1.4011e+02	-7.8852e+01	 1.0658e+04	 2.1003e+03	-5.0745e+00
 3.3253e+05	 7.7400e+01	 3.6910e+00	 5.9567e-01	 3.4315e+02	 1.4256e+02	-8.0832e+01	 9.0853e+03	 1.4662e+03	-6.1963e+00
 4.9879e+05	 7.7400e+01	 3.5871e+00	 4.5854e-01	 3.4315e+02	 1.4512e+02	-8.2715e+01	 7.8682e+03	 1.0058e+03	-7.8229e+00
 7.4818e+05	 7.7400e+01	 3.5747e+00	 2.6368e-01	 3.4315e+02	 1.5312e+02	-8.5781e+01	 9.1218e+03	 6.7285e+02	-1.3557e+01
 9.0000e+05	 7.7400e+01	 3.5558e+00	 2.2096e-01	 3.4315e+02	 1.6081e+02	-8.6444e+01	 9.0492e+03	 5.6233e+02	-1.6093e+01
 1.0000e+02	 1.5810e+02	 6.3241e+00	 1.8556e-01	 3.4315e+02	 1.6901e+02	-8.8319e+01	 9.6982e+07	 2.8456e+06	-3.4081e+01
 1.5000e+02	 1.5810e+02	 6.2858e+00	 1.7002e-01	 3.4315e+02	 1.7145e+02	-8.8451e+01	 7.0561e+07	 1.9086e+06	-3.6970e+01
 2.2500e+02	 1.5810e+02	 6.2540e+00	 1.5672e-01	 3.4315e+02	 1.7426e+02	-8.8564e+01	 5.1033e+07	 1.2789e+06	-3.9904e+01
 3.3750e+02	 1.5810e+02	 6.2239e+00	 1.4947e-01	 3.4314e+02	 1.7681e+02	-8.8624e+01	 3.5673e+07	 8.5671e+05	-4.1640e+01
 5.0625e+02	 1.5810e+02	 6.1965e+00	 1.4783e-01	 3.4315e+02	 1.7957e+02	-8.8633e+01	 2.4045e+07	 5.7366e+05	-4.1916e+01
 7.5938e+02	 1.5810e+02	 6.1696e+00	 1.5227e-01	 3.4315e+02	 1.8218e+02	-8.8586e+01	 1.5563e+07	 3.8411e+05	-4.0517e+01
 1.1391e+03	 1.5810e+02	 6.1434e+00	 1.6479e-01	 3.4315e+02	 1.8732e+02	-8.8463e+01	 9.5872e+06	 2.5716e+05	-3.7281e+01
 1.7086e+03	 1.5810e+02	 6.1158e+00	 1.8736e-01	 3.4315e+02	 1.8982e+02	-8.8245e+01	 5.6216e+06	 1.7222e+05	-3.2642e+01
 2.5629e+03	 1.5810e+02	 6.0845e+00	 2.2285e-01	 3.4315e+02	 1.9256e+02	-8.7902e+01	 3.1509e+06	 1.1540e+05	-2.7304e+01
 3.8443e+03	 1.5810e+02	 6.0469e+00	 2.7505e-01	 3.4315e+02	 1.9500e+02	-8.7396e+01	 1.7019e+06	 7.7414e+04	-2.1985e+01
 5.7665e+03	 1.5810e+02	 5.9975e+00	 3.4838e-01	 3.4315e+02	 1.9750e+02	-8.6676e+01	 8.9577e+05	 5.2034e+04	-1.7215e+01
 8.6498e+03	 1.5810e+02	 5.9271e+00	 4.4757e-01	 3.4316e+02	 2.0006e+02	-8.5682e+01	 4.6484e+05	 3.5101e+04	-1.3243e+01
 1.2975e+04	 1.5810e+02	 5.8249e+00	 5.7521e-01	 3.4315e+02	 2.0275e+02	-8.4360e+01	 2.4113e+05	 2.3811e+04	-1.0127e+01
 1.9462e+04	 1.5810e+02	 5.6724e+00	 7.2711e-01	 3.4315e+02	 2.0518e+02	-8.2695e+01	 1.2717e+05	 1.6301e+04	-7.8013e+00
 2.9193e+04	 1.5810e+02	 5.4512e+00	 8.8656e-01	 3.4315e+02	 2.0803e+02	-8.0762e+01	 6.9532e+04	 1.1308e+04	-6.1487e+00
 4.3789e+04	 1.5810e+02	 5.1533e+00	 1.0187e+00	 3.4315e+02	 2.1050e+02	-7.8818e+01	 4.0340e+04	 7.9748e+03	-5.0585e+00
 6.5684e+04	 1.5810e+02	 4.7951e+00	 1.0807e+00	 3.4315e+02	 2.1293e+02	-7.7300e+01	 2.5353e+04	 5.7136e+03	-4.4372e+00
 9.8526e+04	 1.5810e+02	 4.4345e+00	 1.0473e+00	 3.4315e+02	 2.1550e+02	-7.6712e+01	 1.7441e+04	 4.1188e+03	-4.2344e+00
 1.4779e+05	 1.5810e+02	 4.1097e+00	 9.2672e-01	 3.4315e+02	 2.1793e+02	-7.7293e+01	 1.3139e+04	 2.9629e+03	-4.4347e+00
 2.2168e+05	 1.5810e+02	 3.8650e+00	 7.6157e-01	 3.4315e+02	 2.2059e+02	-7.8853e+01	 1.0659e+04	 2.1003e+03	-5.0750e+00
 3.3253e+05	 1.5810e+02	 3.6909e+00	 5.9573e-01	 3.4315e+02	 2.2306e+02	-8.0831e+01	 9.0844e+03	 1.4663e+03	-6.1956e+00
 4.9879e+05	 1.5810e+02	 3.5870e+00	 4.5852e-01	 3.4314e+02	 2.2562e+02	-8.2716e+01	 7.8686e+03	 1.0058e+03	-7.8230e+00
 7.4818e+05	 1.5810e+02	 3.5743e+00	 2.6591e-01	 3.4315e+02	 2.3340e+02	-8.5745e+01	 9.0455e+03	 6.7293e+02	-1.3442e+01
 9.0000e+05	 1.5810e+02	 3.5557e+00	 2.2142e-01	 3.4314e+02	 2.4137e+02	-8.6437e+01	 9.0303e+03	 5.6234e+02	-1.6059e+01
 1.0000e+02	 2.3860e+02	 6.3240e+00	 1.8547e-01	 3.4314e+02	 2.4956e+02	-8.8320e+01	 9.7030e+07	 2.8456e+06	-3.4098e+01
 1.5000e+02	 2.3860e+02	 6.2910e+00	 1.6927e-01	 3.4315e+02	 2.5201e+02	-8.8459e+01	 7.0874e+07	 1.9070e+06	-3.7165e+01
 2.2500e+02	 2.3860e+02	 6.2538e+00	 1.5682e-01	 3.4315e+02	 2.5482e+02	-8.8564e+01	 5.1001e+07	 1.2789e+06	-3.9879e+01
 3.3750e+02	 2.3860e+02	 6.2237e+00	 1.4948e-01	 3.4315e+02	 2.5743e+02	-8.8624e+01	 3.5671e+07	 8.5673e+05	-4.1636e+01
 5.0625e+02	 2.3860e+02	 6.1962e+00	 1.4787e-01	 3.4315e+02	 2.6011e+02	-8.8633e+01	 2.4040e+07	 5.7369e+05	-4.1904e+01
 7.5938e+02	 2.3860e+02	 6.1694e+00	 1.5229e-01	 3.4315e+02	 2.6275e+02	-8.8586e+01	 1.5561e+07	 3.8412e+05	-4.0509e+01
 1.1391e+03	 2.3860e+02	 6.1434e+00	 1.6460e-01	 3.4315e+02	 2.6787e+02	-8.8465e+01	 9.5982e+06	 2.5717e+05	-3.7323e+01
 1.7086e+03	 2.3860e+02	 6.1156e+00	 1.8727e-01	 3.4315e+02	 2.7031e+02	-8.8246e+01	 5.6243e+06	 1.7222e+05	-3.2657e+01
 2.5629e+03	 2.3860e+02	 6.0844e+00	 2.2298e-01	 3.4315e+02	 2.7306e+02	-8.7901e+01	 3.1489e+06	 1.1540e+05	-2.7286e+01
 3.8443e+03	 2.3860e+02	 6.0466e+00	 2.7525e-01	 3.4315e+02	 2.7550e+02	-8.7394e+01	 1.7007e+06	 7.7417e+04	-2.1968e+01
 5.7665e+03	 2.3860e+02	 5.9970e+00	 3.4850e-01	 3.4315e+02	 2.7803e+02	-8.6674e+01	 8.9548e+05	 5.2038e+04	-1.7208e+01
 8.6498e+03	 2.3860e+02	 5.9268e+00	 4.4754e-01	 3.4316e+02	 2.8081e+02	-8.5682e+01	 4.6487e+05	 3.5103e+04	-1.3243e+01
 1.2975e+04	 2.3860e+02	 5.8247e+00	 5.7518e-01	 3.4315e+02	 2.8354e+02	-8.4360e+01	 2.4114e+05	 2.3812e+04	-1.0127e+01
 1.9462e+04	 2.3860e+02	 5.6722e+00	 7.2706e-01	 3.4316e+02	 2.8600e+02	-8.2696e+01	 1.2718e+05	 1.6302e+04	-7.8016e+00
 2.9193e+04	 2.3860e+02	 5.4510e+00	 8.8636e-01	 3.4315e+02	 2.8889e+02	-8.0764e+01	 6.9547e+04	 1.1309e+04	-6.1498e+00
 4.3789e+04	 2.3860e+02	 5.1529e+00	 1.0182e+00	 3.4315e+02	 2.9137e+02	-7.8822e+01	 4.0360e+04	 7.9753e+03	-5.0605e+00
 6.5684e+04	 2.3860e+02	 4.7951e+00	 1.0806e+00	 3.4316e+02	 2.9381e+02	-7.7300e+01	 2.5354e+04	 5.7136e+03	-4.4375e+00
 9.8526e+04	 2.3860e+02	 4.4345e+00	 1.0473e+00	 3.4316e+02	 2.9656e+02	-7.6712e+01	 1.7440e+04	 4.1188e+03	-4.2344e+00
 1.4779e+05	 2.3860e+02	 4.1098e+00	 9.2673e-01	 3.4315e+02	 2.9907e+02	-7.7293e+01	 1.3139e+04	 2.9628e+03	-4.4347e+00
 2.2168e+05	 2.3860e+02	 3.8649e+00	 7.6165e-01	 3.4315e+02	 3.0181e+02	-7.8852e+01	 1.0658e+04	 2.1004e+03	-5.0744e+00
 3.3253e+05	 2.3860e+02	 3.6908e+00	 5.9581e-01	 3.4315e+02	 3.0425e+02	-8.0830e+01	 9.0831e+03	 1.4663e+03	-6.1945e+00
 4.9879e+05	 2.3860e+02	 3.5869e+00	 4.5860e-01	 3.4315e+02	 3.0690e+02	-8.2714e+01	 7.8672e+03	 1.0059e+03	-7.8213e+00
 7.4818e+05	 2.3860e+02	 3.5745e+00	 2.6365e-01	 3.4315e+02	 3.1462e+02	-8.5782e+01	 9.1228e+03	 6.7290e+02	-1.3557e+01
 9.0000e+05	 2.3860e+02	 3.5555e+00	 2.2074e-01	 3.4313e+02	 3.2220e+02	-8.6447e+01	 9.0585e+03	 5.6238e+02	-1.6107e+01
 1.0000e+02	 3.1940e+02	 6.3238e+00	 1.8579e-01	 3.4313e+02	 3.3057e+02	-8.8317e+01	 9.6860e+07	 2.8457e+06	-3.4037e+01
 1.5000e+02	 3.1940e+02	 6.2916e+00	 1.7163e-01	 3.4314e+02	 3.3301e+02	-8.8437e+01	 6.9901e+07	 1.9068e+06	-3.6658e+01
 2.2500e+02	 3.1940e+02	 6.2534e+00	 1.5693e-01	 3.4315e+02	 3.3582e+02	-8.8562e+01	 5.0965e+07	 1.2790e+06	-3.9848e+01
 3.3750e+02	 3.1940e+02	 6.2236e+00	 1.4963e-01	 3.4315e+02	 3.3843e+02	-8.8623e+01	 3.5634e+07	 8.5675e+05	-4.1592e+01
 5.0625e+02	 3.1940e+02	 6.1957e+00	 1.4810e-01	 3.4314e+02	 3.4106e+02	-8.8631e+01	 2.4002e+07	 5.7374e+05	-4.1834e+01
 7.5938e+02	 3.1940e+02	 6.1692e+00	 1.5252e-01	 3.4314e+02	 3.4362e+02	-8.8584e+01	 1.5538e+07	 3.8414e+05	-4.0448e+01
 1.1391e+03	 3.1940e+02	 6.1430e+00	 1.6525e-01	 3.4314e+02	 3.4868e+02	-8.8459e+01	 9.5606e+06	 2.5718e+05	-3.7174e+01
 1.7086e+03	 3.1940e+02	 6.1153e+00	 1.8736e-01	 3.4315e+02	 3.5112e+02	-8.8245e+01	 5.6214e+06	 1.7223e+05	-3.2639e+01
 2.5629e+03	 3.1940e+02	 6.0840e+00	 2.2276e-01	 3.4315e+02	 3.5381e+02	-8.7903e+01	 3.1521e+06	 1.1541e+05	-2.7312e+01
 3.8443e+03	 3.1940e+02	 6.0463e+00	 2.7489e-01	 3.4315e+02	 3.5625e+02	-8.7397e+01	 1.7029e+06	 7.7420e+04	-2.1996e+01
 5.7665e+03	 3.1940e+02	 5.9967e+00	 3.4841e-01	 3.4315e+02	 3.5868e+02	-8.6675e+01	 8.9571e+05	 5.2040e+04	-1.7212e+01
 8.6498e+03	 3.1940e+02	 5.9265e+00	 4.4751e-01	 3.4315e+02	 3.6131e+02	-8.5682e+01	 4.6490e+05	 3.5105e+04	-1.3243e+01
 1.2975e+04	 3.1940e+02	 5.8244e+00	 5.7507e-01	 3.4315e+02	 3.6387e+02	-8.4361e+01	 2.4119e+05	 2.3813e+04	-1.0128e+01
 1.9462e+04	 3.1940e+02	 5.6718e+00	 7.2682e-01	 3.4315e+02	 3.6656e+02	-8.2698e+01	 1.2722e+05	 1.6303e+04	-7.8036e+00
 2.9193e+04	 3.1940e+02	 5.4508e+00	 8.8618e-01	 3.4315e+02	 3.6912e+02	-8.0766e+01	 6.9562e+04	 1.1309e+04	-6.1509e+00
 4.3789e+04	 3.1940e+02	 5.1532e+00	 1.0182e+00	 3.4316e+02	 3.7186e+02	-7.8824e+01	 4.0363e+04	 7.9749e+03	-5.0613e+00
 6.5684e+04	 3.1940e+02	 4.7953e+00	 1.0805e+00	 3.4315e+02	 3.7437e+02	-7.7302e+01	 2.5357e+04	 5.7134e+03	-4.4381e+00
 9.8526e+04	 3.1940e+02	 4.4348e+00	 1.0473e+00	 3.4316e+02	 3.7715e+02	-7.6713e+01	 1.7440e+04	 4.1185e+03	-4.2345e+00
 1.4779e+05	 3.1940e+02	 4.1100e+00	 9.2698e-01	 3.4316e+02	 3.7968e+02	-7.7290e+01	 1.3136e+04	 2.9626e+03	-4.4338e+00
 2.2168e+05	 3.1940e+02	 3.8650e+00	 7.6183e-01	 3.4315e+02	 3.8232e+02	-7.8849e+01	 1.0656e+04	 2.1003e+03	-5.0733e+00
 3.3253e+05	 3.1940e+02	 3.6908e+00	 5.9602e-01	 3.4316e+02	 3.8501e+02	-8.0827e+01	 9.0799e+03	 1.4663e+03	-6.1924e+00
 4.9879e+05	 3.1940e+02	 3.5868e+00	 4.5883e-01	 3.4315e+02	 3.8787e+02	-8.2710e+01	 7.8633e+03	 1.0059e+03	-7.8174e+00
 7.4818e+05	 3.1940e+02	 3.5743e+00	 2.6429e-01	 3.4315e+02	 3.9550e+02	-8.5771e+01	 9.1008e+03	 6.7293e+02	-1.3524e+01
 9.0000e+05	 3.1940e+02	 3.5556e+00	 2.1989e-01	 3.4315e+02	 4.0318e+02	-8.6461e+01	 9.0932e+03	 5.6236e+02	-1.6170e+01
 1.0000e+02	 4.0040e+02	 6.3239e+00	 1.8565e-01	 3.4315e+02	 4.1151e+02	-8.8318e+01	 9.6935e+07	 2.8457e+06	-3.4064e+01
 1.5000e+02	 4.0040e+02	 6.2869e+00	 1.7475e-01	 3.4315e+02	 4.1397e+02	-8.8408e+01	 6.8654e+07	 1.9083e+06	-3.5977e+01
 2.2500e+02	 4.0040e+02	 6.2535e+00	 1.5685e-01	 3.4315e+02	 4.1676e+02	-8.8563e+01	 5.0993e+07	 1.2790e+06	-3.9870e+01
 3.3750e+02	 4.0040e+02	 6.2236e+00	 1.4965e-01	 3.4315e+02	 4.1931e+02	-8.8623e+01	 3.5629e+07	 8.5675e+05	-4.1586e+01
 5.0625e+02	 4.0040e+02	 6.1961e+00	 1.4806e-01	 3.4315e+02	 4.2206e+02	-8.8631e+01	 2.4009e+07	 5.7370e+05	-4.1848e+01
 7.5938e+02	 4.0040e+02	 6.1692e+00	 1.5240e-01	 3.4315e+02	 4.2462e+02	-8.8585e+01	 1.5550e+07	 3.8414e+05	-4.0479e+01
 1.1391e+03	 4.0040e+02	 6.1423e+00	 1.6455e-01	 3.4316e+02	 4.2968e+02	-8.8465e+01	 9.6012e+06	 2.5721e+05	-3.7328e+01
 1.7086e+03	 4.0040e+02	 6.0986e+00	 1.7041e-01	 3.4316e+02	 4.3212e+02	-8.8399e+01	 6.1807e+06	 1.7270e+05	-3.5788e+01
 2.5629e+03	 4.0040e+02	 6.0337e+00	 1.8529e-01	 3.4317e+02	 4.3481e+02	-8.8241e+01	 3.7895e+06	 1.1637e+05	-3.2563e+01
 3.8443e+03	 4.0040e+02	 5.9956e+00	 2.4669e-01	 3.4317e+02	 4.3725e+02	-8.7644e+01	 1.8976e+06	 7.8076e+04	-2.4305e+01
 5.7665e+03	 4.0040e+02	 5.9454e+00	 3.2911e-01	 3.4317e+02	 4.3975e+02	-8.6832e+01	 9.4823e+05	 5.2490e+04	-1.8065e+01
 8.6498e+03	 4.0040e+02	 5.8725e+00	 4.3528e-01	 3.4317e+02	 4.4250e+02	-8.5761e+01	 4.7797e+05	 3.5428e+04	-1.3491e+01
 1.2975e+04	 4.0040e+02	 5.7638e+00	 5.6534e-01	 3.4317e+02	 4.4528e+02	-8.4398e+01	 2.4534e+05	 2.4064e+04	-1.0195e+01
 1.9462e+04	 4.0040e+02	 5.6025e+00	 7.0999e-01	 3.4317e+02	 4.4775e+02	-8.2778e+01	 1.3024e+05	 1.6504e+04	-7.8910e+00
 2.9193e+04	 4.0040e+02	 5.3777e+00	 8.4835e-01	 3.4317e+02	 4.5062e+02	-8.1035e+01	 7.2663e+04	 1.1463e+04	-6.3390e+00
 4.3789e+04	 4.0040e+02	 5.0936e+00	 9.4956e-01	 3.4318e+02	 4.5307e+02	-7.9440e+01	 4.3279e+04	 8.0681e+03	-5.3642e+00
 6.5684e+04	 4.0040e+02	 4.7732e+00	 9.8818e-01	 3.4318e+02	 4.5550e+02	-7.8304e+01	 2.7725e+04	 5.7398e+03	-4.8303e+00
 9.8526e+04	 4.0040e+02	 4.4618e+00	 9.5562e-01	 3.4318e+02	 4.5812e+02	-7.7911e+01	 1.9113e+04	 4.0936e+03	-4.6690e+00
 1.4779e+05	 4.0040e+02	 4.1758e+00	 8.6122e-01	 3.4318e+02	 4.6056e+02	-7.8347e+01	 1.4139e+04	 2.9160e+03	-4.8487e+00
 2.2168e+05	 4.0040e+02	 3.9481e+00	 7.3134e-01	 3.4318e+02	 4.6337e+02	-7.9506e+01	 1.1100e+04	 2.0561e+03	-5.3984e+00
 3.3253e+05	 4.0040e+02	 3.7831e+00	 5.9659e-01	 3.4319e+02	 4.6581e+02	-8.1038e+01	 9.0713e+03	 1.4305e+03	-6.3413e+00
 4.9879e+05	 4.0040e+02	-1.5449e+00	 4.7608e+01	 3.4319e+02	 4.6857e+02	 1.8587e+00	 7.5783e+01	-2.3353e+03	 3.2451e-02
 7.4818e+05	 4.0040e+02	 3.6365e+00	 2.9698e-01	 3.4318e+02	 4.7512e+02	-8.5331e+01	 8.0991e+03	 6.6142e+02	-1.2245e+01
 9.0000e+05	 4.0040e+02	 3.6133e+00	 2.6016e-01	 3.4317e+02	 4.8287e+02	-8.5882e+01	 7.6858e+03	 5.5337e+02	-1.3889e+01
 1.0000e+02	 4.8010e+02	 6.1121e+00	 4.2955e-02	 3.4318e+02	 4.9118e+02	-8.9597e+01	 4.1895e+08	 2.9443e+06	-1.4229e+02
 1.5000e+02	 4.8010e+02	 6.1043e+00	 4.7251e-02	 3.4318e+02	 4.9364e+02	-8.9557e+01	 2.5390e+08	 1.9653e+06	-1.2919e+02
 2.2500e+02	 4.8010e+02	 6.0935e+00	 5.2166e-02	 3.4318e+02	 4.9642e+02	-8.9509e+01	 1.5332e+08	 1.3126e+06	-1.1681e+02
 3.3750e+02	 4.8010e+02	 6.0829e+00	 6.0527e-02	 3.4317e+02	 4.9900e+02	-8.9430e+01	 8.8094e+07	 8.7656e+05	-1.0050e+02
 5.0625e+02	 4.8010e+02	 6.0715e+00	 7.2284e-02	 3.4317e+02	 5.0159e+02	-8.9318e+01	 4.9177e+07	 5.8548e+05	-8.3995e+01
 7.5938e+02	 4.8010e+02	 6.0578e+00	 8.8143e-02	 3.4317e+02	 5.0425e+02	-8.9166e+01	 2.6886e+07	 3.9120e+05	-6.8727e+01
 1.1391e+03	 4.8010e+02	 6.0417e+00	 1.1017e-01	 3.4316e+02	 5.0931e+02	-8.8955e+01	 1.4341e+07	 2.6150e+05	-5.4841e+01
 1.7086e+03	 4.8010e+02	 6.0222e+00	 1.4052e-01	 3.4317e+02	 5.1175e+02	-8.8663e+01	 7.4955e+06	 1.7489e+05	-4.2857e+01
 2.5629e+03	 4.8010e+02	 5.9972e+00	 1.8120e-01	 3.4316e+02	 5.1436e+02	-8.8269e+01	 3.8751e+06	 1.1708e+05	-3.3097e+01
 3.8443e+03	 4.8010e+02	 5.9640e+00	 2.3618e-01	 3.4316e+02	 5.1681e+02	-8.7732e+01	 1.9820e+06	 7.8490e+04	-2.5252e+01
 5.7665e+03	 4.8010e+02	 5.9176e+00	 3.0885e-01	 3.4316e+02	 5.1925e+02	-8.7012e+01	 1.0104e+06	 5.2737e+04	-1.9160e+01
 8.6498e+03	 4.8010e+02	 5.8511e+00	 4.0315e-01	 3.4316e+02	 5.2193e+02	-8.6058e+01	 5.1606e+05	 3.5557e+04	-1.4514e+01
 1.2975e+04	 4.8010e+02	 5.7532e+00	 5.1958e-01	 3.4316e+02	 5.2450e+02	-8.4840e+01	 2.6695e+05	 2.4108e+04	-1.1073e+01
 1.9462e+04	 4.8010e+02	 5.6108e+00	 6.5264e-01	 3.4315e+02	 5.2725e+02	-8.3365e+01	 1.4168e+05	 1.6480e+04	-8.5971e+00
 2.9193e+04	 4.8010e+02	 5.4110e+00	 7.8704e-01	 3.4315e+02	 5.2989e+02	-8.1724e+01	 7.8324e+04	 1.1392e+04	-6.8751e+00
 4.3789e+04	 4.8010e+02	 5.1526e+00	 8.9697e-01	 3.4315e+02	 5.3256e+02	-8.0125e+01	 4.5816e+04	 7.9757e+03	-5.7445e+00
 6.5684e+04	 4.8010e+02	 4.8490e+00	 9.5677e-01	 3.4314e+02	 5.3500e+02	-7.8838e+01	 2.8635e+04	 5.6501e+03	-5.0681e+00
 9.8526e+04	 4.8010e+02	 4.5301e+00	 9.4732e-01	 3.4314e+02	 5.3786e+02	-7.8189e+01	 1.9281e+04	 4.0319e+03	-4.7820e+00
 1.4779e+05	 4.8010e+02	 4.2441e+00	 8.7156e-01	 3.4314e+02	 5.4037e+02	-7.8395e+01	 1.3971e+04	 2.8691e+03	-4.8695e+00
 2.2168e+05	 4.8010e+02	 4.0040e+00	 7.5114e-01	 3.4314e+02	 5.4315e+02	-7.9375e+01	 1.0807e+04	 2.0274e+03	-5.3306e+00
 3.3253e+05	 4.8010e+02	 3.8274e+00	 6.2107e-01	 3.4314e+02	 5.4562e+02	-8.0783e+01	 8.7137e+03	 1.4140e+03	-6.1626e+00
 4.9879e+05	 4.8010e+02	-1.8446e+00	 4.8057e+01	 3.4314e+02	 5.4829e+02	 2.1981e+00	 7.5075e+01	-1.9560e+03	 3.8383e-02
 7.4818e+05	 4.8010e+02	 3.6582e+00	 3.2567e-01	 3.4314e+02	 5.5507e+02	-8.4913e+01	 7.3855e+03	 6.5750e+02	-1.1233e+01
 9.0000e+05	 4.8010e+02	 3.6289e+00	 2.8448e-01	 3.4314e+02	 5.6281e+02	-8.5518e+01	 7.0286e+03	 5.5099e+02	-1.2756e+01
 1.0000e+02	 5.6010e+02	 6.1031e+00	 4.4082e-02	 3.4314e+02	 5.7107e+02	-8.9586e+01	 4.0824e+08	 2.9486e+06	-1.3845e+02
 1.5000e+02	 5.6010e+02	 6.0930e+00	 4.7648e-02	 3.4314e+02	 5.7353e+02	-8.9552e+01	 2.5178e+08	 1.9690e+06	-1.2787e+02
 2.2500e+02	 5.6010e+02	 6.0840e+00	 5.3751e-02	 3.4314e+02	 5.7628e+02	-8.9494e+01	 1.4880e+08	 1.3146e+06	-1.1319e+02
 3.3750e+02	 5.6010e+02	 6.0729e+00	 6.2102e-02	 3.4313e+02	 5.7887e+02	-8.9414e+01	 8.5859e+07	 8.7801e+05	-9.7789e+01
 5.0625e+02	 5.6010e+02	 6.0608e+00	 7.3778e-02	 3.4314e+02	 5.8159e+02	-8.9303e+01	 4.8181e+07	 5.8650e+05	-8.2150e+01
 7.5938e+02	 5.6010e+02	 6.0467e+00	 8.9519e-02	 3.4314e+02	 5.8418e+02	-8.9152e+01	 2.6473e+07	 3.9192e+05	-6.7546e+01
 1.1391e+03	 5.6010e+02	 6.0298e+00	 1.1077e-01	 3.4314e+02	 5.8925e+02	-8.8948e+01	 1.4262e+07	 2.6201e+05	-5.4434e+01
 1.7086e+03	 5.6010e+02	 6.0095e+00	 1.4001e-01	 3.4313e+02	 5.9168e+02	-8.8665e+01	 7.5229e+06	 1.7526e+05	-4.2923e+01
 2.5629e+03	 5.6010e+02	 5.9838e+00	 1.7885e-01	 3.4313e+02	 5.9445e+02	-8.8288e+01	 3.9259e+06	 1.1734e+05	-3.3457e+01
 3.8443e+03	 5.6010e+02	 5.9497e+00	 2.3057e-01	 3.4313e+02	 5.9687e+02	-8.7781e+01	 2.0302e+06	 7.8677e+04	-2.5804e+01
 5.7665e+03	 5.6010e+02	 5.9043e+00	 2.9897e-01	 3.4313e+02	 5.9961e+02	-8.7101e+01	 1.0438e+06	 5.2855e+04	-1.9749e+01
 8.6498e+03	 5.6010e+02	 5.8403e+00	 3.8756e-01	 3.4313e+02	 6.0218e+02	-8.6203e+01	 5.3681e+05	 3.5623e+04	-1.5069e+01
 1.2975e+04	 5.6010e+02	 5.7475e+00	 4.9778e-01	 3.4313e+02	 6.0492e+02	-8.5050e+01	 2.7864e+05	 2.4132e+04	-1.1546e+01
 1.9462e+04	 5.6010e+02	 5.6139e+00	 6.2585e-01	 3.4314e+02	 6.0750e+02	-8.3639e+01	 1.4775e+05	 1.6471e+04	-8.9701e+00
 2.9193e+04	 5.6010e+02	 5.4259e+00	 7.5939e-01	 3.4314e+02	 6.1026e+02	-8.2033e+01	 8.1175e+04	 1.1361e+04	-7.1451e+00
 4.3789e+04	 5.6010e+02	 5.1787e+00	 8.7507e-01	 3.4314e+02	 6.1281e+02	-8.0409e+01	 4.6963e+04	 7.9356e+03	-5.9180e+00
 6.5684e+04	 5.6010e+02	 4.8813e+00	 9.4508e-01	 3.4314e+02	 6.1532e+02	-7.9042e+01	 2.8990e+04	 5.6127e+03	-5.1650e+00
 9.8526e+04	 5.6010e+02	 4.5623e+00	 9.4617e-01	 3.4314e+02	 6.1806e+02	-7.8284e+01	 1.9304e+04	 4.0034e+03	-4.8219e+00
 1.4779e+05	 5.6010e+02	 4.2719e+00	 8.7783e-01	 3.4314e+02	 6.2050e+02	-7.8388e+01	 1.3871e+04	 2.8504e+03	-4.8664e+00
 2.2168e+05	 5.6010e+02	 4.0265e+00	 7.6145e-01	 3.4314e+02	 6.2300e+02	-7.9291e+01	 1.0661e+04	 2.0161e+03	-5.2879e+00
 3.3253e+05	 5.6010e+02	 3.8446e+00	 6.3375e-01	 3.4314e+02	 6.2543e+02	-8.0639e+01	 8.5394e+03	 1.4077e+03	-6.0664e+00
 4.9879e+05	 5.6010e+02	-2.0084e+00	 4.8224e+01	 3.4314e+02	 6.2848e+02	 2.3848e+00	 7.4816e+01	-1.7964e+03	 4.1647e-02
 7.4818e+05	 5.6010e+02	 3.6650e+00	 3.3821e-01	 3.4315e+02	 6.3493e+02	-8.4728e+01	 7.1118e+03	 6.5627e+02	-1.0837e+01
 9.0000e+05	 5.6010e+02	 3.6328e+00	 2.9843e-01	 3.4314e+02	 6.4281e+02	-8.5304e+01	 6.7001e+03	 5.5041e+02	-1.2173e+01
 1.0000e+02	 6.4010e+02	 6.0973e+00	 4.5196e-02	 3.4315e+02	 6.5081e+02	-8.9575e+01	 3.9817e+08	 2.9514e+06	-1.3491e+02
 1.5000e+02	 6.4010e+02	 6.0874e+00	 5.0810e-02	 3.4314e+02	 6.5331e+02	-8.9522e+01	 2.3612e+08	 1.9708e+06	-1.1981e+02
 2.2500e+02	 6.4010e+02	 6.0772e+00	 5.5298e-02	 3.4315e+02	 6.5606e+02	-8.9479e+01	 1.4464e+08	 1.3161e+06	-1.0990e+02
 3.3750e+02	 6.4010e+02	 6.0661e+00	 6.3819e-02	 3.4314e+02	 6.5862e+02	-8.9397e+01	 8.3550e+07	 8.7900e+05	-9.5051e+01
 5.0625e+02	 6.4010e+02	 6.0531e+00	 7.5289e-02	 3.4314e+02	 6.6137e+02	-8.9287e+01	 4.7214e+07	 5.8725e+05	-8.0399e+01
 7.5938e+02	 6.4010e+02	 6.0382e+00	 9.1039e-02	 3.4314e+02	 6.6393e+02	-8.9136e+01	 2.6031e+07	 3.9247e+05	-6.6325e+01
 1.1391e+03	 6.4010e+02	 6.0208e+00	 1.1226e-01	 3.4314e+02	 6.6918e+02	-8.8932e+01	 1.4073e+07	 2.6240e+05	-5.3632e+01
 1.7086e+03	 6.4010e+02	 5.9995e+00	 1.4043e-01	 3.4314e+02	 6.7186e+02	-8.8659e+01	 7.4999e+06	 1.7556e+05	-4.2721e+01
 2.5629e+03	 6.4010e+02	 5.9729e+00	 1.7805e-01	 3.4314e+02	 6.7443e+02	-8.8293e+01	 3.9436e+06	 1.1756e+05	-3.3546e+01
 3.8443e+03	 6.4010e+02	 5.9387e+00	 2.2793e-01	 3.4314e+02	 6.7709e+02	-8.7802e+01	 2.0537e+06	 7.8823e+04	-2.6055e+01
 5.7665e+03	 6.4010e+02	 5.8930e+00	 2.9381e-01	 3.4314e+02	 6.7956e+02	-8.7146e+01	 1.0622e+06	 5.2956e+04	-2.0057e+01
 8.6498e+03	 6.4010e+02	 5.8304e+00	 3.7860e-01	 3.4315e+02	 6.8212e+02	-8.6285e+01	 5.4952e+05	 3.5684e+04	-1.5400e+01
 1.2975e+04	 6.4010e+02	 5.7407e+00	 4.8505e-01	 3.4315e+02	 6.8454e+02	-8.5170e+01	 2.8595e+05	 2.4161e+04	-1.1835e+01
 1.9462e+04	 6.4010e+02	 5.6124e+00	 6.1025e-01	 3.4315e+02	 6.8725e+02	-8.3795e+01	 1.5152e+05	 1.6475e+04	-9.1969e+00
 2.9193e+04	 6.4010e+02	 5.4314e+00	 7.4316e-01	 3.4315e+02	 6.9006e+02	-8.2209e+01	 8.2948e+04	 1.1350e+04	-7.3084e+00
 4.3789e+04	 6.4010e+02	 5.1906e+00	 8.6195e-01	 3.4315e+02	 6.9250e+02	-8.0571e+01	 4.7678e+04	 7.9174e+03	-6.0219e+00
 6.5684e+04	 6.4010e+02	 4.8973e+00	 9.3767e-01	 3.4315e+02	 6.9504e+02	-7.9161e+01	 2.9219e+04	 5.5944e+03	-5.2228e+00
 9.8526e+04	 6.4010e+02	 4.5785e+00	 9.4494e-01	 3.4315e+02	 6.9762e+02	-7.8339e+01	 1.9329e+04	 3.9893e+03	-4.8453e+00
 1.4779e+05	 6.4010e+02	 4.2857e+00	 8.8084e-01	 3.4316e+02	 7.0036e+02	-7.8386e+01	 1.3824e+04	 2.8412e+03	-4.8654e+00
 2.2168e+05	 6.4010e+02	 4.0376e+00	 7.6729e-01	 3.4316e+02	 7.0293e+02	-7.9240e+01	 1.0580e+04	 2.0106e+03	-5.2621e+00
 3.3253e+05	 6.4010e+02	 3.8527e+00	 6.4126e-01	 3.4315e+02	 7.0537e+02	-8.0550e+01	 8.4393e+03	 1.4047e+03	-6.0080e+00
 4.9879e+05	 6.4010e+02	-2.1113e+00	 4.8294e+01	 3.4315e+02	 7.0804e+02	 2.5032e+00	 7.4706e+01	-1.7089e+03	 4.3717e-02
 7.4818e+05	 6.4010e+02	 3.6664e+00	 3.4896e-01	 3.4316e+02	 7.1443e+02	-8.4563e+01	 6.8926e+03	 6.5603e+02	-1.0507e+01
 9.0000e+05	 6.4010e+02	 3.6328e+00	 3.0829e-01	 3.4316e+02	 7.2218e+02	-8.5149e+01	 6.4859e+03	 5.5041e+02	-1.1784e+01
 1.0000e+02	 7.1940e+02	 6.0924e+00	 4.6570e-02	 3.4316e+02	 7.3025e+02	-8.9562e+01	 3.8642e+08	 2.9538e+06	-1.3082e+02
 1.5000e+02	 7.1940e+02	 6.0831e+00	 5.5270e-02	 3.4316e+02	 7.3270e+02	-8.9479e+01	 2.1706e+08	 1.9722e+06	-1.1006e+02
 2.2500e+02	 7.1940e+02	 6.0717e+00	 5.6747e-02	 3.4316e+02	 7.3556e+02	-8.9465e+01	 1.4094e+08	 1.3173e+06	-1.0700e+02
 3.3750e+02	 7.1940e+02	 6.0599e+00	 6.5397e-02	 3.4315e+02	 7.3812e+02	-8.9382e+01	 8.1534e+07	 8.7989e+05	-9.2664e+01
 5.0625e+02	 7.1940e+02	 6.0464e+00	 7.7066e-02	 3.4316e+02	 7.4082e+02	-8.9270e+01	 4.6126e+07	 5.8790e+05	-7.8458e+01
 7.5938e+02	 7.1940e+02	 6.0314e+00	 9.2619e-02	 3.4316e+02	 7.4350e+02	-8.9120e+01	 2.5587e+07	 3.9291e+05	-6.5121e+01
 1.1391e+03	 7.1940e+02	 6.0128e+00	 1.1393e-01	 3.4316e+02	 7.4862e+02	-8.8915e+01	 1.3867e+07	 2.6275e+05	-5.2777e+01
 1.7086e+03	 7.1940e+02	 5.9911e+00	 1.4169e-01	 3.4316e+02	 7.5137e+02	-8.8645e+01	 7.4334e+06	 1.7580e+05	-4.2283e+01
 2.5629e+03	 7.1940e+02	 5.9639e+00	 1.7847e-01	 3.4315e+02	 7.5393e+02	-8.8286e+01	 3.9344e+06	 1.1774e+05	-3.3417e+01
 3.8443e+03	 7.1940e+02	 5.9286e+00	 2.2722e-01	 3.4316e+02	 7.5659e+02	-8.7805e+01	 2.0602e+06	 7.8958e+04	-2.6092e+01
 5.7665e+03	 7.1940e+02	 5.8829e+00	 2.9113e-01	 3.4316e+02	 7.5906e+02	-8.7167e+01	 1.0720e+06	 5.3047e+04	-2.0208e+01
 8.6498e+03	 7.1940e+02	 5.8206e+00	 3.7377e-01	 3.4315e+02	 7.6162e+02	-8.6326e+01	 5.5662e+05	 3.5744e+04	-1.5573e+01
 1.2975e+04	 7.1940e+02	 5.7326e+00	 4.7742e-01	 3.4316e+02	 7.6425e+02	-8.5239e+01	 2.9052e+05	 2.4195e+04	-1.2007e+01
 1.9462e+04	 7.1940e+02	 5.6072e+00	 6.0018e-01	 3.4315e+02	 7.6681e+02	-8.3890e+01	 1.5406e+05	 1.6491e+04	-9.3425e+00
 2.9193e+04	 7.1940e+02	 5.4308e+00	 7.3262e-01	 3.4315e+02	 7.6954e+02	-8.2317e+01	 8.4142e+04	 1.1351e+04	-7.4129e+00
 4.3789e+04	 7.1940e+02	 5.1945e+00	 8.5312e-01	 3.4315e+02	 7.7200e+02	-8.0673e+01	 4.8171e+04	 7.9115e+03	-6.0888e+00
 6.5684e+04	 7.1940e+02	 4.9035e+00	 9.3221e-01	 3.4316e+02	 7.7443e+02	-7.9236e+01	 2.9390e+04	 5.5873e+03	-5.2601e+00
 9.8526e+04	 7.1940e+02	 4.5851e+00	 9.4302e-01	 3.4315e+02	 7.7712e+02	-7.8378e+01	 1.9369e+04	 3.9835e+03	-4.8622e+00
 1.4779e+05	 7.1940e+02	 4.2915e+00	 8.8155e-01	 3.4315e+02	 7.7962e+02	-7.8392e+01	 1.3813e+04	 2.8374e+03	-4.8682e+00
 2.2168e+05	 7.1940e+02	 4.0420e+00	 7.6988e-01	 3.4315e+02	 7.8236e+02	-7.9216e+01	 1.0544e+04	 2.0084e+03	-5.2501e+00
 3.3253e+05	 7.1940e+02	 3.8556e+00	 6.4547e-01	 3.4315e+02	 7.8481e+02	-8.0496e+01	 8.3843e+03	 1.4036e+03	-5.9733e+00
 4.9879e+05	 7.1940e+02	-2.1765e+00	 4.8312e+01	 3.4315e+02	 7.8748e+02	 2.5795e+00	 7.4679e+01	-1.6576e+03	 4.5052e-02
 7.4818e+05	 7.1940e+02	 3.6650e+00	 3.5503e-01	 3.4315e+02	 7.9382e+02	-8.4467e+01	 6.7747e+03	 6.5628e+02	-1.0323e+01
 9.0000e+05	 7.1940e+02	 3.6304e+00	 3.1344e-01	 3.4314e+02	 8.0181e+02	-8.5066e+01	 6.3793e+03	 5.5077e+02	-1.1583e+01
 1.0000e+02	 7.9910e+02	 6.0879e+00	 4.7545e-02	 3.4314e+02	 8.0968e+02	-8.9553e+01	 3.7850e+08	 2.9560e+06	-1.2805e+02
 1.5000e+02	 7.9910e+02	 6.0765e+00	 4.7400e-02	 3.4313e+02	 8.1226e+02	-8.9553e+01	 2.5310e+08	 1.9743e+06	-1.2819e+02
 2.2500e+02	 7.9910e+02	 6.0667e+00	 5.8222e-02	 3.4314e+02	 8.1470e+02	-8.9450e+01	 1.3737e+08	 1.3183e+06	-1.0420e+02
 3.3750e+02	 7.9910e+02	 6.0540e+00	 6.6855e-02	 3.4314e+02	 8.1732e+02	-8.9367e+01	 7.9755e+07	 8.8074e+05	-9.0554e+01
 5.0625e+02	 7.9910e+02	 6.0406e+00	 7.8738e-02	 3.4314e+02	 8.1993e+02	-8.9253e+01	 4.5146e+07	 5.8847e+05	-7.6717e+01
 7.5938e+02	 7.9910e+02	 6.0246e+00	 9.4665e-02	 3.4314e+02	 8.2250e+02	-8.9100e+01	 2.5034e+07	 3.9336e+05	-6.3641e+01
 1.1391e+03	 7.9910e+02	 6.0055e+00	 1.1568e-01	 3.4314e+02	 8.2762e+02	-8.8897e+01	 1.3658e+07	 2.6307e+05	-5.1916e+01
 1.7086e+03	 7.9910e+02	 5.9833e+00	 1.4323e-01	 3.4314e+02	 8.3037e+02	-8.8629e+01	 7.3537e+06	 1.7603e+05	-4.1775e+01
 2.5629e+03	 7.9910e+02	 5.9546e+00	 1.7970e-01	 3.4315e+02	 8.3293e+02	-8.8271e+01	 3.9074e+06	 1.1792e+05	-3.3136e+01
 3.8443e+03	 7.9910e+02	 5.9191e+00	 2.2777e-01	 3.4314e+02	 8.3551e+02	-8.7796e+01	 2.0552e+06	 7.9084e+04	-2.5987e+01
 5.7665e+03	 7.9910e+02	 5.8729e+00	 2.9033e-01	 3.4314e+02	 8.3806e+02	-8.7170e+01	 1.0749e+06	 5.3137e+04	-2.0228e+01
 8.6498e+03	 7.9910e+02	 5.8106e+00	 3.7129e-01	 3.4314e+02	 8.4062e+02	-8.6344e+01	 5.6033e+05	 3.5805e+04	-1.5650e+01
 1.2975e+04	 7.9910e+02	 5.7234e+00	 4.7284e-01	 3.4314e+02	 8.4325e+02	-8.5277e+01	 2.9333e+05	 2.4234e+04	-1.2104e+01
 1.9462e+04	 7.9910e+02	 5.6003e+00	 5.9391e-01	 3.4315e+02	 8.4581e+02	-8.3946e+01	 1.5569e+05	 1.6511e+04	-9.4295e+00
 2.9193e+04	 7.9910e+02	 5.4266e+00	 7.2543e-01	 3.4314e+02	 8.4862e+02	-8.2386e+01	 8.4976e+04	 1.1360e+04	-7.4805e+00
 4.3789e+04	 7.9910e+02	 5.1931e+00	 8.4683e-01	 3.4315e+02	 8.5106e+02	-8.0739e+01	 4.8530e+04	 7.9135e+03	-6.1325e+00
 6.5684e+04	 7.9910e+02	 4.9044e+00	 9.2779e-01	 3.4314e+02	 8.5386e+02	-7.9288e+01	 2.9530e+04	 5.5863e+03	-5.2860e+00
 9.8526e+04	 7.9910e+02	 4.5868e+00	 9.4071e-01	 3.4314e+02	 8.5643e+02	-7.8410e+01	 1.9416e+04	 3.9821e+03	-4.8759e+00
 1.4779e+05	 7.9910e+02	 4.2932e+00	 8.8105e-01	 3.4315e+02	 8.5909e+02	-7.8403e+01	 1.3820e+04	 2.8362e+03	-4.8728e+00
 2.2168e+05	 7.9910e+02	 4.0434e+00	 7.7099e-01	 3.4314e+02	 8.6168e+02	-7.9205e+01	 1.0529e+04	 2.0076e+03	-5.2445e+00
 3.3253e+05	 7.9910e+02	 3.8561e+00	 6.4795e-01	 3.4315e+02	 8.6436e+02	-8.0462e+01	 8.3523e+03	 1.4034e+03	-5.9513e+00
 4.9879e+05	 7.9910e+02	-2.2227e+00	 4.8307e+01	 3.4315e+02	 8.6704e+02	 2.6345e+00	 7.4687e+01	-1.6232e+03	 4.6013e-02
 7.4818e+05	 7.9910e+02	 3.6633e+00	 3.5472e-01	 3.4315e+02	 8.7331e+02	-8.4469e+01	 6.7807e+03	 6.5658e+02	-1.0327e+01
 9.0000e+05	 7.9910e+02	 3.6281e+00	 3.1339e-01	 3.4316e+02	 8.8100e+02	-8.5063e+01	 6.3803e+03	 5.5113e+02	-1.1577e+01
 1.0000e+02	 8.7820e+02	 6.0839e+00	 4.8537e-02	 3.4315e+02	 8.8925e+02	-8.9543e+01	 3.7076e+08	 2.9579e+06	-1.2534e+02
 1.5000e+02	 8.7820e+02	 6.0773e+00	 5.1473e-02	 3.4315e+02	 8.9170e+02	-8.9515e+01	 2.3308e+08	 1.9741e+06	-1.1807e+02
 2.2500e+02	 8.7820e+02	 6.0621e+00	 5.9653e-02	 3.4315e+02	 8.9439e+02	-8.9436e+01	 1.3408e+08	 1.3194e+06	-1.0162e+02
 3.3750e+02	 8.7820e+02	 6.0493e+00	 6.8547e-02	 3.4315e+02	 8.9693e+02	-8.9351e+01	 7.7787e+07	 8.8143e+05	-8.8251e+01
 5.0625e+02	 8.7820e+02	 6.0352e+00	 8.0572e-02	 3.4316e+02	 8.9962e+02	-8.9235e+01	 4.4118e+07	 5.8899e+05	-7.4904e+01
 7.5938e+02	 8.7820e+02	 6.0187e+00	 9.6390e-02	 3.4315e+02	 9.0218e+02	-8.9082e+01	 2.4586e+07	 3.9374e+05	-6.2441e+01
 1.1391e+03	 8.7820e+02	 5.9989e+00	 1.1730e-01	 3.4315e+02	 9.0731e+02	-8.8880e+01	 1.3469e+07	 2.6336e+05	-5.1143e+01
 1.7086e+03	 8.7820e+02	 5.9760e+00	 1.4517e-01	 3.4315e+02	 9.0975e+02	-8.8608e+01	 7.2550e+06	 1.7625e+05	-4.1164e+01
 2.5629e+03	 8.7820e+02	 5.9469e+00	 1.8117e-01	 3.4316e+02	 9.1250e+02	-8.8255e+01	 3.8757e+06	 1.1807e+05	-3.2825e+01
 3.8443e+03	 8.7820e+02	 5.9107e+00	 2.2865e-01	 3.4315e+02	 9.1506e+02	-8.7785e+01	 2.0473e+06	 7.9198e+04	-2.5850e+01
 5.7665e+03	 8.7820e+02	 5.8639e+00	 2.9028e-01	 3.4315e+02	 9.1781e+02	-8.7166e+01	 1.0751e+06	 5.3219e+04	-2.0201e+01
 8.6498e+03	 8.7820e+02	 5.8013e+00	 3.6966e-01	 3.4314e+02	 9.2037e+02	-8.6354e+01	 5.6281e+05	 3.5862e+04	-1.5694e+01
 1.2975e+04	 8.7820e+02	 5.7146e+00	 4.6955e-01	 3.4315e+02	 9.2306e+02	-8.5303e+01	 2.9538e+05	 2.4271e+04	-1.2170e+01
 1.9462e+04	 8.7820e+02	 5.5931e+00	 5.8913e-01	 3.4316e+02	 9.2562e+02	-8.3987e+01	 1.5695e+05	 1.6532e+04	-9.4939e+00
 2.9193e+04	 8.7820e+02	 5.4214e+00	 7.1992e-01	 3.4315e+02	 9.2828e+02	-8.2436e+01	 8.5627e+04	 1.1370e+04	-7.5306e+00
 4.3789e+04	 8.7820e+02	 5.1905e+00	 8.4132e-01	 3.4315e+02	 9.3075e+02	-8.0793e+01	 4.8847e+04	 7.9176e+03	-6.1695e+00
 6.5684e+04	 8.7820e+02	 4.9032e+00	 9.2370e-01	 3.4315e+02	 9.3325e+02	-7.9331e+01	 2.9661e+04	 5.5876e+03	-5.3083e+00
 9.8526e+04	 8.7820e+02	 4.5866e+00	 9.3825e-01	 3.4316e+02	 9.3587e+02	-7.8439e+01	 1.9467e+04	 3.9822e+03	-4.8885e+00
 1.4779e+05	 8.7820e+02	 4.2935e+00	 8.8013e-01	 3.4315e+02	 9.3837e+02	-7.8415e+01	 1.3835e+04	 2.8361e+03	-4.8782e+00
 2.2168e+05	 8.7820e+02	 4.0433e+00	 7.7139e-01	 3.4315e+02	 9.4111e+02	-7.9199e+01	 1.0524e+04	 2.0077e+03	-5.2416e+00
 3.3253e+05	 8.7820e+02	 3.8555e+00	 6.4953e-01	 3.4316e+02	 9.4356e+02	-8.0437e+01	 8.3319e+03	 1.4037e+03	-5.9359e+00
 4.9879e+05	 8.7820e+02	-2.2563e+00	 4.8287e+01	 3.4315e+02	 9.4634e+02	 2.6753e+00	 7.4718e+01	-1.5990e+03	 4.6727e-02
 7.4818e+05	 8.7820e+02	 3.6602e+00	 3.5832e-01	 3.4315e+02	 9.5286e+02	-8.4409e+01	 6.7126e+03	 6.5714e+02	-1.0215e+01
 9.0000e+05	 8.7820e+02	 3.6243e+00	 3.1826e-01	 3.4315e+02	 9.6050e+02	-8.4981e+01	 6.2826e+03	 5.5170e+02	-1.1388e+01
 1.0000e+02	 9.5780e+02	 6.0807e+00	 4.9455e-02	 3.4315e+02	 9.6839e+02	-8.9534e+01	 3.6388e+08	 2.9595e+06	-1.2296e+02
 1.5000e+02	 9.5780e+02	 6.0691e+00	 5.7285e-02	 3.4315e+02	 9.7101e+02	-8.9459e+01	 2.0943e+08	 1.9767e+06	-1.0595e+02
 2.2500e+02	 9.5780e+02	 6.0579e+00	 6.0941e-02	 3.4316e+02	 9.7350e+02	-8.9424e+01	 1.3124e+08	 1.3203e+06	-9.9406e+01
 3.3750e+02	 9.5780e+02	 6.0447e+00	 7.0036e-02	 3.4315e+02	 9.7615e+02	-8.9336e+01	 7.6133e+07	 8.8210e+05	-8.6308e+01
 5.0625e+02	 9.5780e+02	 6.0303e+00	 8.2290e-02	 3.4315e+02	 9.7862e+02	-8.9218e+01	 4.3197e+07	 5.8947e+05	-7.3281e+01
 7.5938e+02	 9.5780e+02	 6.0131e+00	 9.8303e-02	 3.4315e+02	 9.8118e+02	-8.9063e+01	 2.4107e+07	 3.9410e+05	-6.1169e+01
 1.1391e+03	 9.5780e+02	 5.9929e+00	 1.1951e-01	 3.4315e+02	 9.8643e+02	-8.8858e+01	 1.3220e+07	 2.6362e+05	-5.0147e+01
 1.7086e+03	 9.5780e+02	 5.9691e+00	 1.4699e-01	 3.4315e+02	 9.8906e+02	-8.8589e+01	 7.1654e+06	 1.7645e+05	-4.0609e+01
 2.5629e+03	 9.5780e+02	 5.9392e+00	 1.8299e-01	 3.4315e+02	 9.9162e+02	-8.8235e+01	 3.8372e+06	 1.1822e+05	-3.2457e+01
 3.8443e+03	 9.5780e+02	 5.9021e+00	 2.3000e-01	 3.4315e+02	 9.9436e+02	-8.7768e+01	 2.0352e+06	 7.9312e+04	-2.5661e+01
 5.7665e+03	 9.5780e+02	 5.8548e+00	 2.9082e-01	 3.4316e+02	 9.9687e+02	-8.7156e+01	 1.0731e+06	 5.3302e+04	-2.0132e+01
 8.6498e+03	 9.5780e+02	 5.7919e+00	 3.6928e-01	 3.4315e+02	 9.9965e+02	-8.6352e+01	 5.6339e+05	 3.5921e+04	-1.5684e+01
 1.2975e+04	 9.5780e+02	 5.7053e+00	 4.6786e-01	 3.4315e+02	 1.0021e+03	-8.5312e+01	 2.9645e+05	 2.4311e+04	-1.2194e+01
 1.9462e+04	 9.5780e+02	 5.5840e+00	 5.8599e-01	 3.4315e+02	 1.0047e+03	-8.4009e+01	 1.5780e+05	 1.6559e+04	-9.5293e+00
 2.9193e+04	 9.5780e+02	 5.4141e+00	 7.1579e-01	 3.4315e+02	 1.0072e+03	-8.2469e+01	 8.6120e+04	 1.1386e+04	-7.5638e+00
 4.3789e+04	 9.5780e+02	 5.1850e+00	 8.3710e-01	 3.4315e+02	 1.0097e+03	-8.0829e+01	 4.9093e+04	 7.9259e+03	-6.1940e+00
 6.5684e+04	 9.5780e+02	 4.8993e+00	 9.2002e-01	 3.4315e+02	 1.0124e+03	-7.9364e+01	 2.9779e+04	 5.5921e+03	-5.3252e+00
 9.8526e+04	 9.5780e+02	 4.5836e+00	 9.3545e-01	 3.4315e+02	 1.0150e+03	-7.8465e+01	 1.9525e+04	 3.9848e+03	-4.8999e+00
 1.4779e+05	 9.5780e+02	 4.2912e+00	 8.7838e-01	 3.4316e+02	 1.0177e+03	-7.8432e+01	 1.3863e+04	 2.8376e+03	-4.8854e+00
 2.2168e+05	 9.5780e+02	 4.0414e+00	 7.7074e-01	 3.4315e+02	 1.0202e+03	-7.9203e+01	 1.0532e+04	 2.0086e+03	-5.2435e+00
 3.3253e+05	 9.5780e+02	 3.8534e+00	 6.5011e-01	 3.4315e+02	 1.0227e+03	-8.0424e+01	 8.3245e+03	 1.4044e+03	-5.9273e+00
 4.9879e+05	 9.5780e+02	-2.2775e+00	 4.8254e+01	 3.4315e+02	 1.0255e+03	 2.7023e+00	 7.4769e+01	-1.5841e+03	 4.7199e-02
 7.4818e+05	 9.5780e+02	 3.6569e+00	 3.5920e-01	 3.4315e+02	 1.0320e+03	-8.4390e+01	 6.6961e+03	 6.5774e+02	-1.0180e+01
 9.0000e+05	 9.5780e+02	 3.6203e+00	 3.1984e-01	 3.4315e+02	 1.0402e+03	-8.4951e+01	 6.2516e+03	 5.5231e+02	-1.1319e+01
 1.0000e+02	 1.0374e+03	 6.0768e+00	 5.0593e-02	 3.4315e+02	 1.0481e+03	-8.9523e+01	 3.5569e+08	 2.9614e+06	-1.2011e+02
 1.5000e+02	 1.0374e+03	 6.0657e+00	 5.4643e-02	 3.4315e+02	 1.0508e+03	-8.9484e+01	 2.1956e+08	 1.9779e+06	-1.1101e+02
 2.2500e+02	 1.0374e+03	 6.0538e+00	 6.2390e-02	 3.4315e+02	 1.0532e+03	-8.9410e+01	 1.2819e+08	 1.3212e+06	-9.7032e+01
 3.3750e+02	 1.0374e+03	 6.0404e+00	 7.1521e-02	 3.4315e+02	 1.0560e+03	-8.9322e+01	 7.4553e+07	 8.8273e+05	-8.4457e+01
 5.0625e+02	 1.0374e+03	 6.0256e+00	 8.3923e-02	 3.4316e+02	 1.0586e+03	-8.9202e+01	 4.2357e+07	 5.8994e+05	-7.1799e+01
 7.5938e+02	 1.0374e+03	 6.0077e+00	 1.0006e-01	 3.4315e+02	 1.0614e+03	-8.9046e+01	 2.3685e+07	 3.9446e+05	-6.0044e+01
 1.1391e+03	 1.0374e+03	 5.9870e+00	 1.2159e-01	 3.4315e+02	 1.0663e+03	-8.8837e+01	 1.2994e+07	 2.6388e+05	-4.9240e+01
 1.7086e+03	 1.0374e+03	 5.9624e+00	 1.4900e-01	 3.4315e+02	 1.0689e+03	-8.8568e+01	 7.0686e+06	 1.7665e+05	-4.0015e+01
 2.5629e+03	 1.0374e+03	 5.9318e+00	 1.8481e-01	 3.4315e+02	 1.0715e+03	-8.8215e+01	 3.7994e+06	 1.1837e+05	-3.2097e+01
 3.8443e+03	 1.0374e+03	 5.8942e+00	 2.3153e-01	 3.4315e+02	 1.0740e+03	-8.7751e+01	 2.0218e+06	 7.9419e+04	-2.5458e+01
 5.7665e+03	 1.0374e+03	 5.8460e+00	 2.9193e-01	 3.4315e+02	 1.0765e+03	-8.7141e+01	 1.0690e+06	 5.3382e+04	-2.0025e+01
 8.6498e+03	 1.0374e+03	 5.7826e+00	 3.6964e-01	 3.4315e+02	 1.0794e+03	-8.6342e+01	 5.6284e+05	 3.5978e+04	-1.5644e+01
 1.2975e+04	 1.0374e+03	 5.6958e+00	 4.6692e-01	 3.4315e+02	 1.0818e+03	-8.5314e+01	 2.9705e+05	 2.4351e+04	-1.2199e+01
 1.9462e+04	 1.0374e+03	 5.5753e+00	 5.8383e-01	 3.4315e+02	 1.0846e+03	-8.4022e+01	 1.5838e+05	 1.6585e+04	-9.5495e+00
 2.9193e+04	 1.0374e+03	 5.4061e+00	 7.1278e-01	 3.4315e+02	 1.0872e+03	-8.2489e+01	 8.6485e+04	 1.1403e+04	-7.5846e+00
 4.3789e+04	 1.0374e+03	 5.1785e+00	 8.3346e-01	 3.4315e+02	 1.0900e+03	-8.0857e+01	 4.9308e+04	 7.9359e+03	-6.2133e+00
 6.5684e+04	 1.0374e+03	 4.8941e+00	 9.1656e-01	 3.4315e+02	 1.0926e+03	-7.9392e+01	 2.9891e+04	 5.5981e+03	-5.3396e+00
 9.8526e+04	 1.0374e+03	 4.5795e+00	 9.3245e-01	 3.4315e+02	 1.0954e+03	-7.8491e+01	 1.9588e+04	 3.9884e+03	-4.9113e+00
 1.4779e+05	 1.0374e+03	 4.2879e+00	 8.7627e-01	 3.4314e+02	 1.0978e+03	-7.8450e+01	 1.3896e+04	 2.8398e+03	-4.8933e+00
 2.2168e+05	 1.0374e+03	 4.0388e+00	 7.6978e-01	 3.4314e+02	 1.1006e+03	-7.9209e+01	 1.0546e+04	 2.0099e+03	-5.2467e+00
 3.3253e+05	 1.0374e+03	 3.8508e+00	 6.5019e-01	 3.4314e+02	 1.1031e+03	-8.0416e+01	 8.3234e+03	 1.4054e+03	-5.9225e+00
 4.9879e+05	 1.0374e+03	-2.2933e+00	 4.8214e+01	 3.4314e+02	 1.1057e+03	 2.7232e+00	 7.4831e+01	-1.5733e+03	 4.7564e-02
 7.4818e+05	 1.0374e+03	 3.6533e+00	 3.5857e-01	 3.4314e+02	 1.1120e+03	-8.4394e+01	 6.7079e+03	 6.5838e+02	-1.0189e+01
 9.0000e+05	 1.0374e+03	 3.6162e+00	 3.2083e-01	 3.4315e+02	 1.1198e+03	-8.4930e+01	 6.2323e+03	 5.5294e+02	-1.1271e+01
 1.0000e+02	 1.1171e+03	 6.0737e+00	 5.1591e-02	 3.4314e+02	 1.1276e+03	-8.9513e+01	 3.4882e+08	 2.9629e+06	-1.1773e+02
 1.5000e+02	 1.1171e+03	 6.0624e+00	 5.6750e-02	 3.4314e+02	 1.1301e+03	-8.9464e+01	 2.1140e+08	 1.9789e+06	-1.0683e+02
 2.2500e+02	 1.1171e+03	 6.0500e+00	 6.3514e-02	 3.4314e+02	 1.1327e+03	-8.9399e+01	 1.2593e+08	 1.3220e+06	-9.5253e+01
 3.3750e+02	 1.1171e+03	 6.0364e+00	 7.3233e-02	 3.4314e+02	 1.1356e+03	-8.9305e+01	 7.2810e+07	 8.8332e+05	-8.2427e+01
 5.0625e+02	 1.1171e+03	 6.0208e+00	 8.5778e-02	 3.4314e+02	 1.1381e+03	-8.9184e+01	 4.1441e+07	 5.9041e+05	-7.0191e+01
 7.5938e+02	 1.1171e+03	 6.0027e+00	 1.0201e-01	 3.4314e+02	 1.1409e+03	-8.9026e+01	 2.3230e+07	 3.9479e+05	-5.8843e+01
 1.1391e+03	 1.1171e+03	 5.9814e+00	 1.2344e-01	 3.4314e+02	 1.1458e+03	-8.8818e+01	 1.2799e+07	 2.6413e+05	-4.8456e+01
 1.7086e+03	 1.1171e+03	 5.9556e+00	 1.5102e-01	 3.4314e+02	 1.1486e+03	-8.8547e+01	 6.9741e+06	 1.7685e+05	-3.9435e+01
 2.5629e+03	 1.1171e+03	 5.9247e+00	 1.8694e-01	 3.4314e+02	 1.1512e+03	-8.8193e+01	 3.7562e+06	 1.1851e+05	-3.1694e+01
 3.8443e+03	 1.1171e+03	 5.8864e+00	 2.3336e-01	 3.4315e+02	 1.1538e+03	-8.7730e+01	 2.0060e+06	 7.9523e+04	-2.5225e+01
 5.7665e+03	 1.1171e+03	 5.8375e+00	 2.9349e-01	 3.4314e+02	 1.1563e+03	-8.7122e+01	 1.0633e+06	 5.3460e+04	-1.9890e+01
 8.6498e+03	 1.1171e+03	 5.7734e+00	 3.7024e-01	 3.4314e+02	 1.1591e+03	-8.6331e+01	 5.6192e+05	 3.6035e+04	-1.5594e+01
 1.2975e+04	 1.1171e+03	 5.6864e+00	 4.6672e-01	 3.4315e+02	 1.1616e+03	-8.5308e+01	 2.9718e+05	 2.4392e+04	-1.2184e+01
 1.9462e+04	 1.1171e+03	 5.5660e+00	 5.8240e-01	 3.4315e+02	 1.1644e+03	-8.4027e+01	 1.5877e+05	 1.6613e+04	-9.5570e+00
 2.9193e+04	 1.1171e+03	 5.3974e+00	 7.1022e-01	 3.4315e+02	 1.1670e+03	-8.2504e+01	 8.6795e+04	 1.1421e+04	-7.5996e+00
 4.3789e+04	 1.1171e+03	 5.1709e+00	 8.3050e-01	 3.4315e+02	 1.1695e+03	-8.0876e+01	 4.9483e+04	 7.9475e+03	-6.2262e+00
 6.5684e+04	 1.1171e+03	 4.8879e+00	 9.1319e-01	 3.4315e+02	 1.1722e+03	-7.9418e+01	 3.0002e+04	 5.6051e+03	-5.3525e+00
 9.8526e+04	 1.1171e+03	 4.5747e+00	 9.2954e-01	 3.4314e+02	 1.1748e+03	-7.8514e+01	 1.9649e+04	 3.9926e+03	-4.9215e+00
 1.4779e+05	 1.1171e+03	 4.2841e+00	 8.7388e-01	 3.4315e+02	 1.1775e+03	-7.8471e+01	 1.3934e+04	 2.8423e+03	-4.9024e+00
 2.2168e+05	 1.1171e+03	 4.0357e+00	 7.6834e-01	 3.4315e+02	 1.1804e+03	-7.9221e+01	 1.0565e+04	 2.0115e+03	-5.2525e+00
 3.3253e+05	 1.1171e+03	 3.8478e+00	 6.4998e-01	 3.4315e+02	 1.1829e+03	-8.0412e+01	 8.3261e+03	 1.4065e+03	-5.9198e+00
 4.9879e+05	 1.1171e+03	-2.3044e+00	 4.8172e+01	 3.4316e+02	 1.1858e+03	 2.7388e+00	 7.4895e+01	-1.5656e+03	 4.7837e-02
 7.4818e+05	 1.1171e+03	 3.6493e+00	 3.6045e-01	 3.4315e+02	 1.1922e+03	-8.4359e+01	 6.6730e+03	 6.5909e+02	-1.0124e+01
 9.0000e+05	 1.1171e+03	 3.6118e+00	 3.2350e-01	 3.4315e+02	 1.1999e+03	-8.4882e+01	 6.1810e+03	 5.5360e+02	-1.1165e+01
 1.0000e+02	 1.1972e+03	 6.0705e+00	 5.2240e-02	 3.4316e+02	 1.2082e+03	-8.9507e+01	 3.4448e+08	 2.9644e+06	-1.1620e+02
 1.5000e+02	 1.1972e+03	 6.0607e+00	 5.8258e-02	 3.4315e+02	 1.2107e+03	-8.9449e+01	 2.0593e+08	 1.9795e+06	-1.0403e+02
 2.2500e+02	 1.1972e+03	 6.0463e+00	 6.4847e-02	 3.4315e+02	 1.2133e+03	-8.9386e+01	 1.2334e+08	 1.3228e+06	-9.3239e+01
 3.3750e+02	 1.1972e+03	 6.0320e+00	 7.4663e-02	 3.4316e+02	 1.2159e+03	-8.9291e+01	 7.1415e+07	 8.8396e+05	-8.0791e+01
 5.0625e+02	 1.1972e+03	 6.0160e+00	 8.7455e-02	 3.4315e+02	 1.2188e+03	-8.9167e+01	 4.0646e+07	 5.9088e+05	-6.8790e+01
 7.5938e+02	 1.1972e+03	 5.9977e+00	 1.0410e-01	 3.4314e+02	 1.2213e+03	-8.9006e+01	 2.2764e+07	 3.9512e+05	-5.7615e+01
 1.1391e+03	 1.1972e+03	 5.9758e+00	 1.2517e-01	 3.4315e+02	 1.2266e+03	-8.8800e+01	 1.2622e+07	 2.6438e+05	-4.7741e+01
 1.7086e+03	 1.1972e+03	 5.9496e+00	 1.5304e-01	 3.4315e+02	 1.2290e+03	-8.8526e+01	 6.8820e+06	 1.7703e+05	-3.8875e+01
 2.5629e+03	 1.1972e+03	 5.9180e+00	 1.8906e-01	 3.4316e+02	 1.2318e+03	-8.8170e+01	 3.7139e+06	 1.1865e+05	-3.1302e+01
 3.8443e+03	 1.1972e+03	 5.8790e+00	 2.3526e-01	 3.4315e+02	 1.2343e+03	-8.7708e+01	 1.9898e+06	 7.9624e+04	-2.4990e+01
 5.7665e+03	 1.1972e+03	 5.8292e+00	 2.9517e-01	 3.4315e+02	 1.2369e+03	-8.7101e+01	 1.0573e+06	 5.3537e+04	-1.9749e+01
 8.6498e+03	 1.1972e+03	 5.7645e+00	 3.7143e-01	 3.4315e+02	 1.2395e+03	-8.6313e+01	 5.6013e+05	 3.6092e+04	-1.5520e+01
 1.2975e+04	 1.1972e+03	 5.6770e+00	 4.6693e-01	 3.4316e+02	 1.2421e+03	-8.5298e+01	 2.9704e+05	 2.4432e+04	-1.2158e+01
 1.9462e+04	 1.1972e+03	 5.5562e+00	 5.8154e-01	 3.4315e+02	 1.2446e+03	-8.4025e+01	 1.5900e+05	 1.6642e+04	-9.5544e+00
 2.9193e+04	 1.1972e+03	 5.3884e+00	 7.0815e-01	 3.4316e+02	 1.2473e+03	-8.2513e+01	 8.7050e+04	 1.1440e+04	-7.6092e+00
 4.3789e+04	 1.1972e+03	 5.1629e+00	 8.2756e-01	 3.4315e+02	 1.2498e+03	-8.0894e+01	 4.9659e+04	 7.9598e+03	-6.2387e+00
 6.5684e+04	 1.1972e+03	 4.8811e+00	 9.1003e-01	 3.4316e+02	 1.2525e+03	-7.9439e+01	 3.0106e+04	 5.6130e+03	-5.3636e+00
 9.8526e+04	 1.1972e+03	 4.5690e+00	 9.2645e-01	 3.4316e+02	 1.2551e+03	-7.8537e+01	 1.9715e+04	 3.9976e+03	-4.9317e+00
 1.4779e+05	 1.1972e+03	 4.2798e+00	 8.7136e-01	 3.4315e+02	 1.2579e+03	-7.8492e+01	 1.3974e+04	 2.8451e+03	-4.9116e+00
 2.2168e+05	 1.1972e+03	 4.0321e+00	 7.6668e-01	 3.4316e+02	 1.2604e+03	-7.9234e+01	 1.0588e+04	 2.0133e+03	-5.2591e+00
 3.3253e+05	 1.1972e+03	 3.8444e+00	 6.4930e-01	 3.4315e+02	 1.2631e+03	-8.0413e+01	 8.3349e+03	 1.4077e+03	-5.9208e+00
 4.9879e+05	 1.1972e+03	-2.3091e+00	 4.8126e+01	 3.4315e+02	 1.2658e+03	 2.7469e+00	 7.4967e+01	-1.5625e+03	 4.7980e-02
 7.4818e+05	 1.1972e+03	 3.6453e+00	 3.6056e-01	 3.4315e+02	 1.2722e+03	-8.4351e+01	 6.6709e+03	 6.5982e+02	-1.0110e+01
 9.0000e+05	 1.1972e+03	 3.6081e+00	 3.2020e-01	 3.4316e+02	 1.2803e+03	-8.4929e+01	 6.2446e+03	 5.5418e+02	-1.1268e+01
 1.0000e+02	 1.2775e+03	 6.0675e+00	 5.3390e-02	 3.4316e+02	 1.2880e+03	-8.9496e+01	 3.3706e+08	 2.9659e+06	-1.1364e+02
 1.5000e+02	 1.2775e+03	 6.0534e+00	 6.2140e-02	 3.4315e+02	 1.2909e+03	-8.9412e+01	 1.9307e+08	 1.9819e+06	-9.7415e+01
 2.2500e+02	 1.2775e+03	 6.0426e+00	 6.6154e-02	 3.4315e+02	 1.2933e+03	-8.9373e+01	 1.2090e+08	 1.3236e+06	-9.1341e+01
 3.3750e+02	 1.2775e+03	 6.0281e+00	 7.6019e-02	 3.4316e+02	 1.2961e+03	-8.9277e+01	 7.0141e+07	 8.8453e+05	-7.9297e+01
 5.0625e+02	 1.2775e+03	 6.0118e+00	 8.9093e-02	 3.4316e+02	 1.2986e+03	-8.9151e+01	 3.9899e+07	 5.9129e+05	-6.7478e+01
 7.5938e+02	 1.2775e+03	 5.9929e+00	 1.0568e-01	 3.4315e+02	 1.3011e+03	-8.8990e+01	 2.2425e+07	 3.9543e+05	-5.6710e+01
 1.1391e+03	 1.2775e+03	 5.9705e+00	 1.2743e-01	 3.4315e+02	 1.3062e+03	-8.8777e+01	 1.2398e+07	 2.6461e+05	-4.6852e+01
 1.7086e+03	 1.2775e+03	 5.9436e+00	 1.5518e-01	 3.4315e+02	 1.3087e+03	-8.8504e+01	 6.7872e+06	 1.7721e+05	-3.8301e+01
 2.5629e+03	 1.2775e+03	 5.9114e+00	 1.9134e-01	 3.4314e+02	 1.3113e+03	-8.8146e+01	 3.6697e+06	 1.1878e+05	-3.0894e+01
 3.8443e+03	 1.2775e+03	 5.8715e+00	 2.3755e-01	 3.4314e+02	 1.3138e+03	-8.7683e+01	 1.9706e+06	 7.9726e+04	-2.4717e+01
 5.7665e+03	 1.2775e+03	 5.8210e+00	 2.9718e-01	 3.4315e+02	 1.3164e+03	-8.7077e+01	 1.0501e+06	 5.3611e+04	-1.9587e+01
 8.6498e+03	 1.2775e+03	 5.7554e+00	 3.7295e-01	 3.4314e+02	 1.3190e+03	-8.6292e+01	 5.5785e+05	 3.6148e+04	-1.5432e+01
 1.2975e+04	 1.2775e+03	 5.6671e+00	 4.6779e-01	 3.4314e+02	 1.3214e+03	-8.5281e+01	 2.9650e+05	 2.4475e+04	-1.2115e+01
 1.9462e+04	 1.2775e+03	 5.5465e+00	 5.8141e-01	 3.4313e+02	 1.3241e+03	-8.4016e+01	 1.5904e+05	 1.6671e+04	-9.5397e+00
 2.9193e+04	 1.2775e+03	 5.3787e+00	 7.0684e-01	 3.4314e+02	 1.3266e+03	-8.2513e+01	 8.7211e+04	 1.1461e+04	-7.6095e+00
 4.3789e+04	 1.2775e+03	 5.1536e+00	 8.2531e-01	 3.4314e+02	 1.3293e+03	-8.0902e+01	 4.9794e+04	 7.9742e+03	-6.2444e+00
 6.5684e+04	 1.2775e+03	 4.8730e+00	 9.0713e-01	 3.4314e+02	 1.3318e+03	-7.9455e+01	 3.0202e+04	 5.6223e+03	-5.3719e+00
 9.8526e+04	 1.2775e+03	 4.5622e+00	 9.2316e-01	 3.4313e+02	 1.3345e+03	-7.8561e+01	 1.9785e+04	 4.0036e+03	-4.9419e+00
 1.4779e+05	 1.2775e+03	 4.2743e+00	 8.6836e-01	 3.4314e+02	 1.3370e+03	-7.8516e+01	 1.4023e+04	 2.8488e+03	-4.9223e+00
 2.2168e+05	 1.2775e+03	 4.0277e+00	 7.6448e-01	 3.4314e+02	 1.3396e+03	-7.9253e+01	 1.0619e+04	 2.0155e+03	-5.2685e+00
 3.3253e+05	 1.2775e+03	 3.8405e+00	 6.4804e-01	 3.4314e+02	 1.3421e+03	-8.0422e+01	 8.3511e+03	 1.4091e+03	-5.9264e+00
 4.9879e+05	 1.2775e+03	-2.3093e+00	 4.8076e+01	 3.4314e+02	 1.3448e+03	 2.7500e+00	 7.5045e+01	-1.5623e+03	 4.8034e-02
 7.4818e+05	 1.2775e+03	 3.6420e+00	 3.5497e-01	 3.4315e+02	 1.3512e+03	-8.4433e+01	 6.7759e+03	 6.6043e+02	-1.0260e+01
 9.0000e+05	 1.2775e+03	 3.6047e+00	 3.1415e-01	 3.4315e+02	 1.3593e+03	-8.5019e+01	 6.3649e+03	 5.5469e+02	-1.1475e+01
 1.0000e+02	 1.3566e+03	 6.0645e+00	 5.4367e-02	 3.4315e+02	 1.3676e+03	-8.9486e+01	 3.3101e+08	 2.9674e+06	-1.1155e+02
 1.5000e+02	 1.3566e+03	 6.0538e+00	 5.7523e-02	 3.4315e+02	 1.3701e+03	-8.9456e+01	 2.0856e+08	 1.9818e+06	-1.0524e+02
 2.2500e+02	 1.3566e+03	 6.0394e+00	 6.7443e-02	 3.4315e+02	 1.3728e+03	-8.9360e+01	 1.1859e+08	 1.3243e+06	-8.9549e+01
 3.3750e+02	 1.3566e+03	 6.0245e+00	 7.7589e-02	 3.4315e+02	 1.3754e+03	-8.9262e+01	 6.8722e+07	 8.8506e+05	-7.7646e+01
 5.0625e+02	 1.3566e+03	 6.0076e+00	 9.0483e-02	 3.4314e+02	 1.3780e+03	-8.9137e+01	 3.9286e+07	 5.9170e+05	-6.6395e+01
 7.5938e+02	 1.3566e+03	 5.9884e+00	 1.0756e-01	 3.4315e+02	 1.3806e+03	-8.8971e+01	 2.2032e+07	 3.9573e+05	-5.5675e+01
 1.1391e+03	 1.3566e+03	 5.9653e+00	 1.2901e-01	 3.4315e+02	 1.3858e+03	-8.8761e+01	 1.2246e+07	 2.6484e+05	-4.6239e+01
 1.7086e+03	 1.3566e+03	 5.9379e+00	 1.5728e-01	 3.4314e+02	 1.3882e+03	-8.8483e+01	 6.6967e+06	 1.7738e+05	-3.7754e+01
 2.5629e+03	 1.3566e+03	 5.9051e+00	 1.9340e-01	 3.4315e+02	 1.3908e+03	-8.8124e+01	 3.6307e+06	 1.1891e+05	-3.0534e+01
 3.8443e+03	 1.3566e+03	 5.8645e+00	 2.3965e-01	 3.4315e+02	 1.3933e+03	-8.7660e+01	 1.9533e+06	 7.9822e+04	-2.4471e+01
 5.7665e+03	 1.3566e+03	 5.8131e+00	 2.9906e-01	 3.4315e+02	 1.3958e+03	-8.7055e+01	 1.0435e+06	 5.3684e+04	-1.9438e+01
 8.6498e+03	 1.3566e+03	 5.7468e+00	 3.7448e-01	 3.4315e+02	 1.3984e+03	-8.6272e+01	 5.5557e+05	 3.6203e+04	-1.5346e+01
 1.2975e+04	 1.3566e+03	 5.6581e+00	 4.6859e-01	 3.4315e+02	 1.4008e+03	-8.5266e+01	 2.9599e+05	 2.4514e+04	-1.2075e+01
 1.9462e+04	 1.3566e+03	 5.5369e+00	 5.8125e-01	 3.4314e+02	 1.4035e+03	-8.4007e+01	 1.5908e+05	 1.6700e+04	-9.5257e+00
 2.9193e+04	 1.3566e+03	 5.3694e+00	 7.0548e-01	 3.4315e+02	 1.4061e+03	-8.2515e+01	 8.7379e+04	 1.1481e+04	-7.6111e+00
 4.3789e+04	 1.3566e+03	 5.1452e+00	 8.2284e-01	 3.4314e+02	 1.4089e+03	-8.0914e+01	 4.9944e+04	 7.9873e+03	-6.2530e+00
 6.5684e+04	 1.3566e+03	 4.8655e+00	 9.0397e-01	 3.4315e+02	 1.4114e+03	-7.9475e+01	 3.0308e+04	 5.6310e+03	-5.3824e+00
 9.8526e+04	 1.3566e+03	 4.5561e+00	 9.2007e-01	 3.4315e+02	 1.4142e+03	-7.8583e+01	 1.9852e+04	 4.0089e+03	-4.9519e+00
 1.4779e+05	 1.3566e+03	 4.2696e+00	 8.6589e-01	 3.4315e+02	 1.4166e+03	-7.8536e+01	 1.4063e+04	 2.8519e+03	-4.9309e+00
 2.2168e+05	 1.3566e+03	 4.0236e+00	 7.6272e-01	 3.4315e+02	 1.4194e+03	-7.9266e+01	 1.0643e+04	 2.0175e+03	-5.2754e+00
 3.3253e+05	 1.3566e+03	 3.8369e+00	 6.4716e-01	 3.4315e+02	 1.4219e+03	-8.0426e+01	 8.3624e+03	 1.4105e+03	-5.9288e+00
 4.9879e+05	 1.3566e+03	-2.3098e+00	 4.8028e+01	 3.4315e+02	 1.4245e+03	 2.7534e+00	 7.5121e+01	-1.5620e+03	 4.8092e-02
 7.4818e+05	 1.3566e+03	 3.6376e+00	 3.5838e-01	 3.4315e+02	 1.4311e+03	-8.4373e+01	 6.7115e+03	 6.6123e+02	-1.0150e+01
 9.0000e+05	 1.3566e+03	 3.6006e+00	 3.1514e-01	 3.4314e+02	 1.4391e+03	-8.4998e+01	 6.3449e+03	 5.5533e+02	-1.1425e+01
 1.0000e+02	 1.4363e+03	 6.0615e+00	 5.5301e-02	 3.4315e+02	 1.4473e+03	-8.9477e+01	 3.2542e+08	 2.9688e+06	-1.0961e+02
 1.5000e+02	 1.4363e+03	 6.0475e+00	 6.0235e-02	 3.4314e+02	 1.4497e+03	-8.9429e+01	 1.9917e+08	 1.9838e+06	-1.0040e+02
 2.2500e+02	 1.4363e+03	 6.0360e+00	 6.8609e-02	 3.4315e+02	 1.4524e+03	-8.9349e+01	 1.1657e+08	 1.3251e+06	-8.7976e+01
 3.3750e+02	 1.4363e+03	 6.0209e+00	 7.8785e-02	 3.4314e+02	 1.4549e+03	-8.9250e+01	 6.7679e+07	 8.8559e+05	-7.6423e+01
 5.0625e+02	 1.4363e+03	 6.0039e+00	 9.2158e-02	 3.4315e+02	 1.4576e+03	-8.9121e+01	 3.8572e+07	 5.9207e+05	-6.5147e+01
 7.5938e+02	 1.4363e+03	 5.9839e+00	 1.0911e-01	 3.4315e+02	 1.4602e+03	-8.8955e+01	 2.1719e+07	 3.9603e+05	-5.4843e+01
 1.1391e+03	 1.4363e+03	 5.9606e+00	 1.3134e-01	 3.4315e+02	 1.4652e+03	-8.8738e+01	 1.2029e+07	 2.6505e+05	-4.5383e+01
 1.7086e+03	 1.4363e+03	 5.9326e+00	 1.5942e-01	 3.4315e+02	 1.4677e+03	-8.8461e+01	 6.6065e+06	 1.7754e+05	-3.7212e+01
 2.5629e+03	 1.4363e+03	 5.8992e+00	 1.9556e-01	 3.4316e+02	 1.4703e+03	-8.8101e+01	 3.5906e+06	 1.1903e+05	-3.0166e+01
 3.8443e+03	 1.4363e+03	 5.8579e+00	 2.4179e-01	 3.4315e+02	 1.4728e+03	-8.7636e+01	 1.9360e+06	 7.9911e+04	-2.4227e+01
 5.7665e+03	 1.4363e+03	 5.8058e+00	 3.0096e-01	 3.4316e+02	 1.4752e+03	-8.7033e+01	 1.0369e+06	 5.3752e+04	-1.9291e+01
 8.6498e+03	 1.4363e+03	 5.7389e+00	 3.7595e-01	 3.4316e+02	 1.4779e+03	-8.6252e+01	 5.5339e+05	 3.6252e+04	-1.5265e+01
 1.2975e+04	 1.4363e+03	 5.6494e+00	 4.6927e-01	 3.4316e+02	 1.4803e+03	-8.5252e+01	 2.9556e+05	 2.4551e+04	-1.2039e+01
 1.9462e+04	 1.4363e+03	 5.5280e+00	 5.8091e-01	 3.4316e+02	 1.4831e+03	-8.4001e+01	 1.5918e+05	 1.6727e+04	-9.5161e+00
 2.9193e+04	 1.4363e+03	 5.3607e+00	 7.0401e-01	 3.4316e+02	 1.4857e+03	-8.2518e+01	 8.7562e+04	 1.1499e+04	-7.6145e+00
 4.3789e+04	 1.4363e+03	 5.1373e+00	 8.2031e-01	 3.4317e+02	 1.4885e+03	-8.0928e+01	 5.0098e+04	 7.9995e+03	-6.2626e+00
 6.5684e+04	 1.4363e+03	 4.8590e+00	 9.0099e-01	 3.4316e+02	 1.4910e+03	-7.9495e+01	 3.0408e+04	 5.6385e+03	-5.3930e+00
 9.8526e+04	 1.4363e+03	 4.5509e+00	 9.1696e-01	 3.4316e+02	 1.4939e+03	-7.8608e+01	 1.9919e+04	 4.0134e+03	-4.9631e+00
 1.4779e+05	 1.4363e+03	 4.2654e+00	 8.6334e-01	 3.4316e+02	 1.4963e+03	-7.8558e+01	 1.4104e+04	 2.8547e+03	-4.9406e+00
 2.2168e+05	 1.4363e+03	 4.0201e+00	 7.6112e-01	 3.4316e+02	 1.4991e+03	-7.9279e+01	 1.0666e+04	 2.0193e+03	-5.2819e+00
 3.3253e+05	 1.4363e+03	 3.8336e+00	 6.4635e-01	 3.4317e+02	 1.5016e+03	-8.0430e+01	 8.3729e+03	 1.4117e+03	-5.9311e+00
 4.9879e+05	 1.4363e+03	-2.3121e+00	 4.7985e+01	 3.4316e+02	 1.5042e+03	 2.7586e+00	 7.5188e+01	-1.5604e+03	 4.8184e-02
 7.4818e+05	 1.4363e+03	 3.6344e+00	 3.5504e-01	 3.4316e+02	 1.5105e+03	-8.4420e+01	 6.7746e+03	 6.6181e+02	-1.0236e+01
 9.0000e+05	 1.4363e+03	 3.5970e+00	 3.1353e-01	 3.4316e+02	 1.5182e+03	-8.5018e+01	 6.3775e+03	 5.5589e+02	-1.1473e+01
 1.0000e+02	 1.5154e+03	 6.0592e+00	 5.6289e-02	 3.4316e+02	 1.5259e+03	-8.9468e+01	 3.1970e+08	 2.9700e+06	-1.0765e+02
 1.5000e+02	 1.5154e+03	 6.0463e+00	 6.2161e-02	 3.4317e+02	 1.5284e+03	-8.9411e+01	 1.9300e+08	 1.9842e+06	-9.7268e+01
 2.2500e+02	 1.5154e+03	 6.0330e+00	 6.9890e-02	 3.4316e+02	 1.5311e+03	-8.9336e+01	 1.1444e+08	 1.3257e+06	-8.6322e+01
 3.3750e+02	 1.5154e+03	 6.0175e+00	 8.0161e-02	 3.4317e+02	 1.5337e+03	-8.9237e+01	 6.6517e+07	 8.8610e+05	-7.5067e+01
 5.0625e+02	 1.5154e+03	 6.0000e+00	 9.3636e-02	 3.4316e+02	 1.5366e+03	-8.9106e+01	 3.7963e+07	 5.9245e+05	-6.4078e+01
 7.5938e+02	 1.5154e+03	 5.9797e+00	 1.1102e-01	 3.4317e+02	 1.5391e+03	-8.8936e+01	 2.1346e+07	 3.9631e+05	-5.3861e+01
 1.1391e+03	 1.5154e+03	 5.9560e+00	 1.3290e-01	 3.4315e+02	 1.5418e+03	-8.8722e+01	 1.1888e+07	 2.6526e+05	-4.4817e+01
 1.7086e+03	 1.5154e+03	 5.9274e+00	 1.6147e-01	 3.4315e+02	 1.5444e+03	-8.8440e+01	 6.5230e+06	 1.7769e+05	-3.6710e+01
 2.5629e+03	 1.5154e+03	 5.8932e+00	 1.9760e-01	 3.4315e+02	 1.5471e+03	-8.8080e+01	 3.5535e+06	 1.1915e+05	-2.9824e+01
 3.8443e+03	 1.5154e+03	 5.8510e+00	 2.4398e-01	 3.4314e+02	 1.5496e+03	-8.7612e+01	 1.9187e+06	 8.0004e+04	-2.3982e+01
 5.7665e+03	 1.5154e+03	 5.7982e+00	 3.0331e-01	 3.4314e+02	 1.5521e+03	-8.7006e+01	 1.0289e+06	 5.3822e+04	-1.9117e+01
 8.6498e+03	 1.5154e+03	 5.7302e+00	 3.7805e-01	 3.4314e+02	 1.5549e+03	-8.6225e+01	 5.5031e+05	 3.6307e+04	-1.5157e+01
 1.2975e+04	 1.5154e+03	 5.6400e+00	 4.7101e-01	 3.4314e+02	 1.5576e+03	-8.5226e+01	 2.9447e+05	 2.4592e+04	-1.1974e+01
 1.9462e+04	 1.5154e+03	 5.5178e+00	 5.8178e-01	 3.4314e+02	 1.5602e+03	-8.3981e+01	 1.5894e+05	 1.6758e+04	-9.4842e+00
 2.9193e+04	 1.5154e+03	 5.3500e+00	 7.0382e-01	 3.4314e+02	 1.5629e+03	-8.2505e+01	 8.7585e+04	 1.1522e+04	-7.6013e+00
 4.3789e+04	 1.5154e+03	 5.1268e+00	 8.1868e-01	 3.4314e+02	 1.5653e+03	-8.0927e+01	 5.0198e+04	 8.0160e+03	-6.2623e+00
 6.5684e+04	 1.5154e+03	 4.8494e+00	 8.9842e-01	 3.4315e+02	 1.5678e+03	-7.9504e+01	 3.0495e+04	 5.6496e+03	-5.3977e+00
 9.8526e+04	 1.5154e+03	 4.5427e+00	 9.1368e-01	 3.4314e+02	 1.5706e+03	-7.8628e+01	 1.9991e+04	 4.0207e+03	-4.9719e+00
 1.4779e+05	 1.5154e+03	 4.2588e+00	 8.5997e-01	 3.4314e+02	 1.5730e+03	-7.8584e+01	 1.4159e+04	 2.8592e+03	-4.9522e+00
 2.2168e+05	 1.5154e+03	 4.0148e+00	 7.5831e-01	 3.4314e+02	 1.5756e+03	-7.9304e+01	 1.0705e+04	 2.0220e+03	-5.2944e+00
 3.3253e+05	 1.5154e+03	 3.8290e+00	 6.4435e-01	 3.4314e+02	 1.5781e+03	-8.0448e+01	 8.3988e+03	 1.4134e+03	-5.9423e+00
 4.9879e+05	 1.5154e+03	-2.3014e+00	 4.7927e+01	 3.4314e+02	 1.5809e+03	 2.7491e+00	 7.5279e+01	-1.5677e+03	 4.8018e-02
 7.4818e+05	 1.5154e+03	 3.6302e+00	 3.5278e-01	 3.4315e+02	 1.5874e+03	-8.4450e+01	 6.8180e+03	 6.6256e+02	-1.0290e+01
 9.0000e+05	 1.5154e+03	 3.5922e+00	 3.1512e-01	 3.4315e+02	 1.5952e+03	-8.4987e+01	 6.3454e+03	 5.5663e+02	-1.1400e+01
 1.0000e+02	 1.5924e+03	 6.0564e+00	 5.7003e-02	 3.4314e+02	 1.6034e+03	-8.9461e+01	 3.1569e+08	 2.9713e+06	-1.0625e+02
 1.5000e+02	 1.5924e+03	 6.0430e+00	 6.1448e-02	 3.4313e+02	 1.6058e+03	-8.9417e+01	 1.9524e+08	 1.9853e+06	-9.8344e+01
 2.2500e+02	 1.5924e+03	 6.0298e+00	 7.1030e-02	 3.4314e+02	 1.6085e+03	-8.9325e+01	 1.1260e+08	 1.3264e+06	-8.4892e+01
 3.3750e+02	 1.5924e+03	 6.0141e+00	 8.1417e-02	 3.4314e+02	 1.6111e+03	-8.9224e+01	 6.5491e+07	 8.8660e+05	-7.3867e+01
 5.0625e+02	 1.5924e+03	 5.9962e+00	 9.5181e-02	 3.4314e+02	 1.6136e+03	-8.9091e+01	 3.7347e+07	 5.9282e+05	-6.2998e+01
 7.5938e+02	 1.5924e+03	 5.9756e+00	 1.1273e-01	 3.4314e+02	 1.6161e+03	-8.8919e+01	 2.1021e+07	 3.9658e+05	-5.3006e+01
 1.1391e+03	 1.5924e+03	 5.9511e+00	 1.3495e-01	 3.4313e+02	 1.6186e+03	-8.8701e+01	 1.1707e+07	 2.6548e+05	-4.4099e+01
 1.7086e+03	 1.5924e+03	 5.9221e+00	 1.6355e-01	 3.4314e+02	 1.6211e+03	-8.8418e+01	 6.4400e+06	 1.7785e+05	-3.6210e+01
 2.5629e+03	 1.5924e+03	 5.8875e+00	 1.9998e-01	 3.4314e+02	 1.6238e+03	-8.8055e+01	 3.5112e+06	 1.1926e+05	-2.9441e+01
 3.8443e+03	 1.5924e+03	 5.8445e+00	 2.4631e-01	 3.4314e+02	 1.6265e+03	-8.7587e+01	 1.9005e+06	 8.0094e+04	-2.3729e+01
 5.7665e+03	 1.5924e+03	 5.7911e+00	 3.0537e-01	 3.4314e+02	 1.6290e+03	-8.6982e+01	 1.0219e+06	 5.3889e+04	-1.8964e+01
 8.6498e+03	 1.5924e+03	 5.7223e+00	 3.8007e-01	 3.4314e+02	 1.6316e+03	-8.6200e+01	 5.4739e+05	 3.6358e+04	-1.5056e+01
 1.2975e+04	 1.5924e+03	 5.6311e+00	 4.7234e-01	 3.4314e+02	 1.6342e+03	-8.5205e+01	 2.9364e+05	 2.4631e+04	-1.1922e+01
 1.9462e+04	 1.5924e+03	 5.5085e+00	 5.8226e-01	 3.4314e+02	 1.6368e+03	-8.3966e+01	 1.5881e+05	 1.6786e+04	-9.4605e+00
 2.9193e+04	 1.5924e+03	 5.3407e+00	 7.0295e-01	 3.4314e+02	 1.6394e+03	-8.2502e+01	 8.7693e+04	 1.1542e+04	-7.5975e+00
 4.3789e+04	 1.5924e+03	 5.1179e+00	 8.1690e-01	 3.4314e+02	 1.6418e+03	-8.0931e+01	 5.0308e+04	 8.0299e+03	-6.2650e+00
 6.5684e+04	 1.5924e+03	 4.8416e+00	 8.9572e-01	 3.4315e+02	 1.6442e+03	-7.9519e+01	 3.0587e+04	 5.6587e+03	-5.4053e+00
 9.8526e+04	 1.5924e+03	 4.5364e+00	 9.1068e-01	 3.4314e+02	 1.6469e+03	-7.8649e+01	 2.0056e+04	 4.0263e+03	-4.9813e+00
 1.4779e+05	 1.5924e+03	 4.2538e+00	 8.5724e-01	 3.4314e+02	 1.6493e+03	-7.8606e+01	 1.4204e+04	 2.8625e+03	-4.9622e+00
 2.2168e+05	 1.5924e+03	 4.0107e+00	 7.5630e-01	 3.4315e+02	 1.6521e+03	-7.9321e+01	 1.0733e+04	 2.0240e+03	-5.3031e+00
 3.3253e+05	 1.5924e+03	 3.8254e+00	 6.4314e-01	 3.4316e+02	 1.6546e+03	-8.0457e+01	 8.4147e+03	 1.4147e+03	-5.9480e+00
 4.9879e+05	 1.5924e+03	-2.2980e+00	 4.7880e+01	 3.4315e+02	 1.6574e+03	 2.7478e+00	 7.5352e+01	-1.5700e+03	 4.7994e-02
 7.4818e+05	 1.5924e+03	 3.6264e+00	 3.5486e-01	 3.4315e+02	 1.6637e+03	-8.4411e+01	 6.7780e+03	 6.6326e+02	-1.0219e+01
 9.0000e+05	 1.5924e+03	 3.5891e+00	 3.1246e-01	 3.4315e+02	 1.6714e+03	-8.5024e+01	 6.3992e+03	 5.5711e+02	-1.1486e+01
 1.0000e+02	 1.6687e+03	 6.0540e+00	 5.7763e-02	 3.4316e+02	 1.6792e+03	-8.9453e+01	 3.1154e+08	 2.9725e+06	-1.0481e+02
 1.5000e+02	 1.6687e+03	 6.0413e+00	 6.3195e-02	 3.4315e+02	 1.6819e+03	-8.9401e+01	 1.8984e+08	 1.9859e+06	-9.5597e+01
 2.2500e+02	 1.6687e+03	 6.0268e+00	 7.1945e-02	 3.4314e+02	 1.6843e+03	-8.9316e+01	 1.1117e+08	 1.3271e+06	-8.3770e+01
 3.3750e+02	 1.6687e+03	 6.0110e+00	 8.2801e-02	 3.4314e+02	 1.6871e+03	-8.9211e+01	 6.4396e+07	 8.8706e+05	-7.2596e+01
 5.0625e+02	 1.6687e+03	 5.9928e+00	 9.6489e-02	 3.4315e+02	 1.6896e+03	-8.9078e+01	 3.6840e+07	 5.9317e+05	-6.2108e+01
 7.5938e+02	 1.6687e+03	 5.9716e+00	 1.1409e-01	 3.4314e+02	 1.6921e+03	-8.8906e+01	 2.0772e+07	 3.9684e+05	-5.2342e+01
 1.1391e+03	 1.6687e+03	 5.9469e+00	 1.3701e-01	 3.4315e+02	 1.6948e+03	-8.8680e+01	 1.1531e+07	 2.6566e+05	-4.3404e+01
 1.7086e+03	 1.6687e+03	 5.9173e+00	 1.6561e-01	 3.4314e+02	 1.6974e+03	-8.8397e+01	 6.3598e+06	 1.7799e+05	-3.5730e+01
 2.5629e+03	 1.6687e+03	 5.8820e+00	 2.0184e-01	 3.4314e+02	 1.7001e+03	-8.8035e+01	 3.4788e+06	 1.1938e+05	-2.9142e+01
 3.8443e+03	 1.6687e+03	 5.8386e+00	 2.4845e-01	 3.4315e+02	 1.7026e+03	-8.7563e+01	 1.8841e+06	 8.0175e+04	-2.3500e+01
 5.7665e+03	 1.6687e+03	 5.7843e+00	 3.0740e-01	 3.4315e+02	 1.7053e+03	-8.6958e+01	 1.0152e+06	 5.3952e+04	-1.8817e+01
 8.6498e+03	 1.6687e+03	 5.7148e+00	 3.8180e-01	 3.4315e+02	 1.7079e+03	-8.6178e+01	 5.4491e+05	 3.6406e+04	-1.4968e+01
 1.2975e+04	 1.6687e+03	 5.6230e+00	 4.7349e-01	 3.4316e+02	 1.7106e+03	-8.5187e+01	 2.9293e+05	 2.4666e+04	-1.1876e+01
 1.9462e+04	 1.6687e+03	 5.4997e+00	 5.8257e-01	 3.4315e+02	 1.7132e+03	-8.3953e+01	 1.5872e+05	 1.6813e+04	-9.4405e+00
 2.9193e+04	 1.6687e+03	 5.3319e+00	 7.0222e-01	 3.4316e+02	 1.7159e+03	-8.2497e+01	 8.7785e+04	 1.1561e+04	-7.5929e+00
 4.3789e+04	 1.6687e+03	 5.1099e+00	 8.1490e-01	 3.4315e+02	 1.7184e+03	-8.0939e+01	 5.0431e+04	 8.0424e+03	-6.2706e+00
 6.5684e+04	 1.6687e+03	 4.8345e+00	 8.9283e-01	 3.4316e+02	 1.7208e+03	-7.9537e+01	 3.0686e+04	 5.6670e+03	-5.4149e+00
 9.8526e+04	 1.6687e+03	 4.5306e+00	 9.0781e-01	 3.4315e+02	 1.7236e+03	-7.8669e+01	 2.0120e+04	 4.0315e+03	-4.9907e+00
 1.4779e+05	 1.6687e+03	 4.2492e+00	 8.5471e-01	 3.4316e+02	 1.7261e+03	-7.8627e+01	 1.4247e+04	 2.8656e+03	-4.9715e+00
 2.2168e+05	 1.6687e+03	 4.0070e+00	 7.5441e-01	 3.4316e+02	 1.7286e+03	-7.9337e+01	 1.0760e+04	 2.0259e+03	-5.3114e+00
 3.3253e+05	 1.6687e+03	 3.8219e+00	 6.4196e-01	 3.4316e+02	 1.7312e+03	-8.0465e+01	 8.4301e+03	 1.4160e+03	-5.9535e+00
 4.9879e+05	 1.6687e+03	-2.2946e+00	 4.7837e+01	 3.4316e+02	 1.7341e+03	 2.7462e+00	 7.5421e+01	-1.5724e+03	 4.7967e-02
 7.4818e+05	 1.6687e+03	 3.6226e+00	 3.5529e-01	 3.4316e+02	 1.7403e+03	-8.4399e+01	 6.7699e+03	 6.6396e+02	-1.0196e+01
 9.0000e+05	 1.6687e+03	 3.5847e+00	 3.1647e-01	 3.4315e+02	 1.7484e+03	-8.4955e+01	 6.3181e+03	 5.5780e+02	-1.1327e+01
 1.0000e+02	 1.7457e+03	 6.0516e+00	 5.8590e-02	 3.4315e+02	 1.7568e+03	-8.9445e+01	 3.0715e+08	 2.9737e+06	-1.0329e+02
 1.5000e+02	 1.7457e+03	 6.0388e+00	 6.5209e-02	 3.4315e+02	 1.7592e+03	-8.9381e+01	 1.8398e+08	 1.9867e+06	-9.2607e+01
 2.2500e+02	 1.7457e+03	 6.0240e+00	 7.3087e-02	 3.4315e+02	 1.7620e+03	-8.9305e+01	 1.0943e+08	 1.3277e+06	-8.2423e+01
 3.3750e+02	 1.7457e+03	 6.0077e+00	 8.4111e-02	 3.4315e+02	 1.7646e+03	-8.9198e+01	 6.3393e+07	 8.8754e+05	-7.1426e+01
 5.0625e+02	 1.7457e+03	 5.9892e+00	 9.7896e-02	 3.4316e+02	 1.7672e+03	-8.9064e+01	 3.6311e+07	 5.9352e+05	-6.1179e+01
 7.5938e+02	 1.7457e+03	 5.9680e+00	 1.1595e-01	 3.4315e+02	 1.7698e+03	-8.8887e+01	 2.0439e+07	 3.9708e+05	-5.1472e+01
 1.1391e+03	 1.7457e+03	 5.9428e+00	 1.3838e-01	 3.4315e+02	 1.7724e+03	-8.8666e+01	 1.1417e+07	 2.6585e+05	-4.2946e+01
 1.7086e+03	 1.7457e+03	 5.9126e+00	 1.6732e-01	 3.4315e+02	 1.7750e+03	-8.8379e+01	 6.2949e+06	 1.7814e+05	-3.5338e+01
 2.5629e+03	 1.7457e+03	 5.8766e+00	 2.0412e-01	 3.4315e+02	 1.7776e+03	-8.8011e+01	 3.4399e+06	 1.1949e+05	-2.8789e+01
 3.8443e+03	 1.7457e+03	 5.8325e+00	 2.5073e-01	 3.4315e+02	 1.7802e+03	-8.7538e+01	 1.8670e+06	 8.0259e+04	-2.3262e+01
 5.7665e+03	 1.7457e+03	 5.7774e+00	 3.0955e-01	 3.4315e+02	 1.7827e+03	-8.6933e+01	 1.0081e+06	 5.4016e+04	-1.8664e+01
 8.6498e+03	 1.7457e+03	 5.7072e+00	 3.8369e-01	 3.4315e+02	 1.7853e+03	-8.6154e+01	 5.4224e+05	 3.6454e+04	-1.4875e+01
 1.2975e+04	 1.7457e+03	 5.6144e+00	 4.7493e-01	 3.4315e+02	 1.7879e+03	-8.5165e+01	 2.9204e+05	 2.4704e+04	-1.1822e+01
 1.9462e+04	 1.7457e+03	 5.4906e+00	 5.8323e-01	 3.4315e+02	 1.7906e+03	-8.3937e+01	 1.5854e+05	 1.6841e+04	-9.4142e+00
 2.9193e+04	 1.7457e+03	 5.3226e+00	 7.0178e-01	 3.4315e+02	 1.7932e+03	-8.2489e+01	 8.7840e+04	 1.1582e+04	-7.5844e+00
 4.3789e+04	 1.7457e+03	 5.1007e+00	 8.1335e-01	 3.4315e+02	 1.7960e+03	-8.0940e+01	 5.0527e+04	 8.0569e+03	-6.2713e+00
 6.5684e+04	 1.7457e+03	 4.8261e+00	 8.9021e-01	 3.4315e+02	 1.7986e+03	-7.9549e+01	 3.0776e+04	 5.6769e+03	-5.4213e+00
 9.8526e+04	 1.7457e+03	 4.5233e+00	 9.0461e-01	 3.4314e+02	 1.8014e+03	-7.8691e+01	 2.0191e+04	 4.0379e+03	-5.0003e+00
 1.4779e+05	 1.7457e+03	 4.2433e+00	 8.5155e-01	 3.4315e+02	 1.8038e+03	-7.8653e+01	 1.4299e+04	 2.8696e+03	-4.9830e+00
 2.2168e+05	 1.7457e+03	 4.0020e+00	 7.5186e-01	 3.4314e+02	 1.8065e+03	-7.9360e+01	 1.0797e+04	 2.0284e+03	-5.3229e+00
 3.3253e+05	 1.7457e+03	 3.8177e+00	 6.4025e-01	 3.4315e+02	 1.8092e+03	-8.0480e+01	 8.4526e+03	 1.4176e+03	-5.9628e+00
 4.9879e+05	 1.7457e+03	-2.2835e+00	 4.7788e+01	 3.4314e+02	 1.8121e+03	 2.7358e+00	 7.5497e+01	-1.5800e+03	 4.7784e-02
 7.4818e+05	 1.7457e+03	 3.6180e+00	 3.5973e-01	 3.4315e+02	 1.8186e+03	-8.4322e+01	 6.6862e+03	 6.6480e+02	-1.0057e+01
 9.0000e+05	 1.7457e+03	 3.5807e+00	 3.1651e-01	 3.4315e+02	 1.8262e+03	-8.4949e+01	 6.3174e+03	 5.5841e+02	-1.1313e+01
 1.0000e+02	 1.8235e+03	 6.0492e+00	 5.9306e-02	 3.4315e+02	 1.8344e+03	-8.9438e+01	 3.0344e+08	 2.9749e+06	-1.0200e+02
 1.5000e+02	 1.8235e+03	 6.0364e+00	 6.5374e-02	 3.4315e+02	 1.8369e+03	-8.9380e+01	 1.8352e+08	 1.9875e+06	-9.2336e+01
 2.2500e+02	 1.8235e+03	 6.0212e+00	 7.4131e-02	 3.4316e+02	 1.8394e+03	-8.9295e+01	 1.0789e+08	 1.3283e+06	-8.1224e+01
 3.3750e+02	 1.8235e+03	 6.0047e+00	 8.5173e-02	 3.4316e+02	 1.8421e+03	-8.9187e+01	 6.2603e+07	 8.8798e+05	-7.0500e+01
 5.0625e+02	 1.8235e+03	 5.9858e+00	 9.9336e-02	 3.4315e+02	 1.8445e+03	-8.9049e+01	 3.5785e+07	 5.9385e+05	-6.0258e+01
 7.5938e+02	 1.8235e+03	 5.9641e+00	 1.1730e-01	 3.4316e+02	 1.8472e+03	-8.8873e+01	 2.0202e+07	 3.9734e+05	-5.0844e+01
 1.1391e+03	 1.8235e+03	 5.9385e+00	 1.4053e-01	 3.4316e+02	 1.8496e+03	-8.8644e+01	 1.1242e+07	 2.6604e+05	-4.2258e+01
 1.7086e+03	 1.8235e+03	 5.9079e+00	 1.6921e-01	 3.4316e+02	 1.8522e+03	-8.8359e+01	 6.2243e+06	 1.7828e+05	-3.4914e+01
 2.5629e+03	 1.8235e+03	 5.8715e+00	 2.0618e-01	 3.4316e+02	 1.8548e+03	-8.7989e+01	 3.4057e+06	 1.1959e+05	-2.8478e+01
 3.8443e+03	 1.8235e+03	 5.8267e+00	 2.5280e-01	 3.4316e+02	 1.8573e+03	-8.7516e+01	 1.8517e+06	 8.0339e+04	-2.3048e+01
 5.7665e+03	 1.8235e+03	 5.7708e+00	 3.1166e-01	 3.4316e+02	 1.8598e+03	-8.6909e+01	 1.0013e+06	 5.4078e+04	-1.8516e+01
 8.6498e+03	 1.8235e+03	 5.6997e+00	 3.8559e-01	 3.4316e+02	 1.8626e+03	-8.6130e+01	 5.3956e+05	 3.6502e+04	-1.4782e+01
 1.2975e+04	 1.8235e+03	 5.6062e+00	 4.7643e-01	 3.4316e+02	 1.8654e+03	-8.5143e+01	 2.9112e+05	 2.4740e+04	-1.1767e+01
 1.9462e+04	 1.8235e+03	 5.4818e+00	 5.8378e-01	 3.4316e+02	 1.8679e+03	-8.3921e+01	 1.5839e+05	 1.6868e+04	-9.3902e+00
 2.9193e+04	 1.8235e+03	 5.3136e+00	 7.0115e-01	 3.4316e+02	 1.8706e+03	-8.2483e+01	 8.7918e+04	 1.1601e+04	-7.5783e+00
 4.3789e+04	 1.8235e+03	 5.0921e+00	 8.1159e-01	 3.4316e+02	 1.8733e+03	-8.0944e+01	 5.0636e+04	 8.0706e+03	-6.2742e+00
 6.5684e+04	 1.8235e+03	 4.8187e+00	 8.8749e-01	 3.4316e+02	 1.8758e+03	-7.9564e+01	 3.0871e+04	 5.6856e+03	-5.4296e+00
 9.8526e+04	 1.8235e+03	 4.5173e+00	 9.0168e-01	 3.4315e+02	 1.8783e+03	-7.8712e+01	 2.0257e+04	 4.0433e+03	-5.0099e+00
 1.4779e+05	 1.8235e+03	 4.2385e+00	 8.4908e-01	 3.4316e+02	 1.8808e+03	-7.8672e+01	 1.4341e+04	 2.8728e+03	-4.9919e+00
 2.2168e+05	 1.8235e+03	 3.9981e+00	 7.4991e-01	 3.4316e+02	 1.8836e+03	-7.9377e+01	 1.0825e+04	 2.0304e+03	-5.3315e+00
 3.3253e+05	 1.8235e+03	 3.8142e+00	 6.3889e-01	 3.4315e+02	 1.8861e+03	-8.0491e+01	 8.4706e+03	 1.4189e+03	-5.9700e+00
 4.9879e+05	 1.8235e+03	-2.2777e+00	 4.7739e+01	 3.4316e+02	 1.8889e+03	 2.7316e+00	 7.5575e+01	-1.5840e+03	 4.7712e-02
 7.4818e+05	 1.8235e+03	 3.6145e+00	 3.5835e-01	 3.4315e+02	 1.8952e+03	-8.4338e+01	 6.7120e+03	 6.6545e+02	-1.0086e+01
 9.0000e+05	 1.8235e+03	 3.5770e+00	 3.1836e-01	 3.4316e+02	 1.9031e+03	-8.4914e+01	 6.2808e+03	 5.5900e+02	-1.1236e+01
 1.0000e+02	 1.9003e+03	 6.0470e+00	 6.0217e-02	 3.4315e+02	 1.9112e+03	-8.9429e+01	 2.9885e+08	 2.9760e+06	-1.0042e+02
 1.5000e+02	 1.9003e+03	 6.0336e+00	 6.6775e-02	 3.4315e+02	 1.9136e+03	-8.9366e+01	 1.7966e+08	 1.9884e+06	-9.0357e+01
 2.2500e+02	 1.9003e+03	 6.0185e+00	 7.5393e-02	 3.4315e+02	 1.9161e+03	-8.9282e+01	 1.0609e+08	 1.3289e+06	-7.9828e+01
 3.3750e+02	 1.9003e+03	 6.0019e+00	 8.6395e-02	 3.4315e+02	 1.9188e+03	-8.9175e+01	 6.1717e+07	 8.8840e+05	-6.9470e+01
 5.0625e+02	 1.9003e+03	 5.9825e+00	 1.0073e-01	 3.4315e+02	 1.9212e+03	-8.9035e+01	 3.5289e+07	 5.9418e+05	-5.9391e+01
 7.5938e+02	 1.9003e+03	 5.9603e+00	 1.1909e-01	 3.4315e+02	 1.9239e+03	-8.8855e+01	 1.9899e+07	 3.9760e+05	-5.0049e+01
 1.1391e+03	 1.9003e+03	 5.9341e+00	 1.4224e-01	 3.4315e+02	 1.9264e+03	-8.8627e+01	 1.1107e+07	 2.6624e+05	-4.1720e+01
 1.7086e+03	 1.9003e+03	 5.9031e+00	 1.7125e-01	 3.4316e+02	 1.9289e+03	-8.8338e+01	 6.1504e+06	 1.7842e+05	-3.4471e+01
 2.5629e+03	 1.9003e+03	 5.8661e+00	 2.0830e-01	 3.4315e+02	 1.9315e+03	-8.7966e+01	 3.3709e+06	 1.1970e+05	-2.8161e+01
 3.8443e+03	 1.9003e+03	 5.8206e+00	 2.5507e-01	 3.4314e+02	 1.9339e+03	-8.7491e+01	 1.8352e+06	 8.0423e+04	-2.2819e+01
 5.7665e+03	 1.9003e+03	 5.7639e+00	 3.1395e-01	 3.4314e+02	 1.9368e+03	-8.6882e+01	 9.9402e+05	 5.4143e+04	-1.8359e+01
 8.6498e+03	 1.9003e+03	 5.6918e+00	 3.8760e-01	 3.4315e+02	 1.9393e+03	-8.6104e+01	 5.3676e+05	 3.6552e+04	-1.4685e+01
 1.2975e+04	 1.9003e+03	 5.5977e+00	 4.7804e-01	 3.4314e+02	 1.9421e+03	-8.5119e+01	 2.9014e+05	 2.4778e+04	-1.1710e+01
 1.9462e+04	 1.9003e+03	 5.4726e+00	 5.8478e-01	 3.4314e+02	 1.9447e+03	-8.3901e+01	 1.5812e+05	 1.6896e+04	-9.3584e+00
 2.9193e+04	 1.9003e+03	 5.3037e+00	 7.0105e-01	 3.4315e+02	 1.9474e+03	-8.2470e+01	 8.7930e+04	 1.1623e+04	-7.5654e+00
 4.3789e+04	 1.9003e+03	 5.0826e+00	 8.1017e-01	 3.4315e+02	 1.9498e+03	-8.0943e+01	 5.0725e+04	 8.0856e+03	-6.2735e+00
 6.5684e+04	 1.9003e+03	 4.8101e+00	 8.8521e-01	 3.4314e+02	 1.9526e+03	-7.9572e+01	 3.0950e+04	 5.6958e+03	-5.4339e+00
 9.8526e+04	 1.9003e+03	 4.5198e+00	 8.9953e-01	 3.4315e+02	 1.9551e+03	-7.8744e+01	 2.0305e+04	 4.0411e+03	-5.0247e+00
 1.4779e+05	 1.9003e+03	 4.2325e+00	 8.4598e-01	 3.4314e+02	 1.9576e+03	-7.8697e+01	 1.4394e+04	 2.8769e+03	-5.0031e+00
 2.2168e+05	 1.9003e+03	 3.9934e+00	 7.4739e-01	 3.4315e+02	 1.9602e+03	-7.9399e+01	 1.0861e+04	 2.0328e+03	-5.3431e+00
 3.3253e+05	 1.9003e+03	 3.8100e+00	 6.3708e-01	 3.4314e+02	 1.9626e+03	-8.0507e+01	 8.4947e+03	 1.4204e+03	-5.9804e+00
 4.9879e+05	 1.9003e+03	-2.2665e+00	 4.7689e+01	 3.4314e+02	 1.9653e+03	 2.7211e+00	 7.5655e+01	-1.5918e+03	 4.7527e-02
 7.4818e+05	 1.9003e+03	 3.6109e+00	 3.5857e-01	 3.4315e+02	 1.9719e+03	-8.4329e+01	 6.7079e+03	 6.6612e+02	-1.0070e+01
 9.0000e+05	 1.9003e+03	 3.5728e+00	 3.2128e-01	 3.4315e+02	 1.9796e+03	-8.4862e+01	 6.2236e+03	 5.5965e+02	-1.1121e+01
 1.0000e+02	 1.9769e+03	 6.0448e+00	 6.0954e-02	 3.4316e+02	 1.9878e+03	-8.9422e+01	 2.9524e+08	 2.9770e+06	-9.9170e+01
 1.5000e+02	 1.9769e+03	 6.0325e+00	 6.7878e-02	 3.4315e+02	 1.9903e+03	-8.9355e+01	 1.7675e+08	 1.9888e+06	-8.8872e+01
 2.2500e+02	 1.9769e+03	 6.0158e+00	 7.6309e-02	 3.4315e+02	 1.9927e+03	-8.9273e+01	 1.0481e+08	 1.3295e+06	-7.8834e+01
 3.3750e+02	 1.9769e+03	 5.9989e+00	 8.7718e-02	 3.4315e+02	 1.9954e+03	-8.9162e+01	 6.0786e+07	 8.8883e+05	-6.8389e+01
 5.0625e+02	 1.9769e+03	 5.9791e+00	 1.0219e-01	 3.4315e+02	 1.9979e+03	-8.9021e+01	 3.4784e+07	 5.9452e+05	-5.8508e+01
 7.5938e+02	 1.9769e+03	 5.9566e+00	 1.2057e-01	 3.4315e+02	 2.0007e+03	-8.8840e+01	 1.9656e+07	 3.9784e+05	-4.9406e+01
 1.1391e+03	 1.9769e+03	 5.9302e+00	 1.4373e-01	 3.4315e+02	 2.0031e+03	-8.8612e+01	 1.0992e+07	 2.6641e+05	-4.1261e+01
 1.7086e+03	 1.9769e+03	 5.8988e+00	 1.7314e-01	 3.4314e+02	 2.0059e+03	-8.8319e+01	 6.0831e+06	 1.7855e+05	-3.4069e+01
 2.5629e+03	 1.9769e+03	 5.8609e+00	 2.1043e-01	 3.4315e+02	 2.0084e+03	-8.7944e+01	 3.3369e+06	 1.1980e+05	-2.7852e+01
 3.8443e+03	 1.9769e+03	 5.8147e+00	 2.5722e-01	 3.4315e+02	 2.0109e+03	-8.7467e+01	 1.8199e+06	 8.0504e+04	-2.2606e+01
 5.7665e+03	 1.9769e+03	 5.7574e+00	 3.1615e-01	 3.4314e+02	 2.0133e+03	-8.6857e+01	 9.8709e+05	 5.4203e+04	-1.8211e+01
 8.6498e+03	 1.9769e+03	 5.6847e+00	 3.8965e-01	 3.4315e+02	 2.0159e+03	-8.6079e+01	 5.3393e+05	 3.6598e+04	-1.4589e+01
 1.2975e+04	 1.9769e+03	 5.5898e+00	 4.7966e-01	 3.4315e+02	 2.0185e+03	-8.5095e+01	 2.8916e+05	 2.4813e+04	-1.1654e+01
 1.9462e+04	 1.9769e+03	 5.4640e+00	 5.8543e-01	 3.4315e+02	 2.0211e+03	-8.3884e+01	 1.5794e+05	 1.6923e+04	-9.3333e+00
 2.9193e+04	 1.9769e+03	 5.2951e+00	 7.0060e-01	 3.4315e+02	 2.0239e+03	-8.2463e+01	 8.7987e+04	 1.1642e+04	-7.5579e+00
 4.3789e+04	 1.9769e+03	 5.0741e+00	 8.0858e-01	 3.4315e+02	 2.0263e+03	-8.0946e+01	 5.0825e+04	 8.0991e+03	-6.2753e+00
 6.5684e+04	 1.9769e+03	 4.8026e+00	 8.8248e-01	 3.4316e+02	 2.0288e+03	-7.9588e+01	 3.1046e+04	 5.7047e+03	-5.4422e+00
 9.8526e+04	 1.9769e+03	 4.5137e+00	 8.9673e-01	 3.4315e+02	 2.0315e+03	-7.8763e+01	 2.0368e+04	 4.0466e+03	-5.0335e+00
 1.4779e+05	 1.9769e+03	 4.2278e+00	 8.4330e-01	 3.4315e+02	 2.0339e+03	-7.8719e+01	 1.4439e+04	 2.8801e+03	-5.0134e+00
 2.2168e+05	 1.9769e+03	 3.9893e+00	 7.4542e-01	 3.4315e+02	 2.0366e+03	-7.9416e+01	 1.0890e+04	 2.0349e+03	-5.3518e+00
 3.3253e+05	 1.9769e+03	 3.8065e+00	 6.3571e-01	 3.4315e+02	 2.0391e+03	-8.0519e+01	 8.5131e+03	 1.4217e+03	-5.9878e+00
 4.9879e+05	 1.9769e+03	-2.2593e+00	 4.7644e+01	 3.4315e+02	 2.0417e+03	 2.7150e+00	 7.5725e+01	-1.5969e+03	 4.7421e-02
 7.4818e+05	 1.9769e+03	 3.6074e+00	 3.5819e-01	 3.4315e+02	 2.0482e+03	-8.4329e+01	 6.7149e+03	 6.6676e+02	-1.0071e+01
 9.0000e+05	 1.9769e+03	 3.5695e+00	 3.1937e-01	 3.4314e+02	 2.0559e+03	-8.4887e+01	 6.2608e+03	 5.6018e+02	-1.1177e+01
 1.0000e+02	 2.0532e+03	 6.0426e+00	 6.1903e-02	 3.4314e+02	 2.0637e+03	-8.9413e+01	 2.9071e+08	 2.9781e+06	-9.7614e+01
 1.5000e+02	 2.0532e+03	 6.0288e+00	 6.8838e-02	 3.4313e+02	 2.0664e+03	-8.9346e+01	 1.7428e+08	 1.9900e+06	-8.7579e+01
 2.2500e+02	 2.0532e+03	 6.0130e+00	 7.7273e-02	 3.4314e+02	 2.0691e+03	-8.9264e+01	 1.0350e+08	 1.3301e+06	-7.7815e+01
 3.3750e+02	 2.0532e+03	 5.9960e+00	 8.8798e-02	 3.4314e+02	 2.0718e+03	-8.9152e+01	 6.0047e+07	 8.8928e+05	-6.7524e+01
 5.0625e+02	 2.0532e+03	 5.9758e+00	 1.0357e-01	 3.4314e+02	 2.0742e+03	-8.9007e+01	 3.4323e+07	 5.9485e+05	-5.7700e+01
 7.5938e+02	 2.0532e+03	 5.9530e+00	 1.2203e-01	 3.4314e+02	 2.0769e+03	-8.8826e+01	 1.9420e+07	 3.9809e+05	-4.8783e+01
 1.1391e+03	 2.0532e+03	 5.9263e+00	 1.4540e-01	 3.4314e+02	 2.0794e+03	-8.8595e+01	 1.0866e+07	 2.6658e+05	-4.0760e+01
 1.7086e+03	 2.0532e+03	 5.8941e+00	 1.7520e-01	 3.4314e+02	 2.0821e+03	-8.8297e+01	 6.0118e+06	 1.7870e+05	-3.3643e+01
 2.5629e+03	 2.0532e+03	 5.8558e+00	 2.1239e-01	 3.4315e+02	 2.0849e+03	-8.7923e+01	 3.3061e+06	 1.1991e+05	-2.7572e+01
 3.8443e+03	 2.0532e+03	 5.8091e+00	 2.5940e-01	 3.4314e+02	 2.0876e+03	-8.7443e+01	 1.8046e+06	 8.0582e+04	-2.2395e+01
 5.7665e+03	 2.0532e+03	 5.7509e+00	 3.1831e-01	 3.4315e+02	 2.0901e+03	-8.6832e+01	 9.8041e+05	 5.4265e+04	-1.8067e+01
 8.6498e+03	 2.0532e+03	 5.6774e+00	 3.9159e-01	 3.4315e+02	 2.0926e+03	-8.6054e+01	 5.3129e+05	 3.6645e+04	-1.4498e+01
 1.2975e+04	 2.0532e+03	 5.5817e+00	 4.8114e-01	 3.4315e+02	 2.0953e+03	-8.5073e+01	 2.8827e+05	 2.4849e+04	-1.1601e+01
 1.9462e+04	 2.0532e+03	 5.4554e+00	 5.8629e-01	 3.4315e+02	 2.0979e+03	-8.3866e+01	 1.5771e+05	 1.6949e+04	-9.3050e+00
 2.9193e+04	 2.0532e+03	 5.2862e+00	 7.0037e-01	 3.4316e+02	 2.1007e+03	-8.2453e+01	 8.8016e+04	 1.1661e+04	-7.5477e+00
 4.3789e+04	 2.0532e+03	 5.0656e+00	 8.0705e-01	 3.4316e+02	 2.1032e+03	-8.0948e+01	 5.0921e+04	 8.1127e+03	-6.2767e+00
 6.5684e+04	 2.0532e+03	 4.7950e+00	 8.8014e-01	 3.4315e+02	 2.1060e+03	-7.9599e+01	 3.1128e+04	 5.7138e+03	-5.4479e+00
 9.8526e+04	 2.0532e+03	 4.5071e+00	 8.9373e-01	 3.4316e+02	 2.1086e+03	-7.8784e+01	 2.0437e+04	 4.0524e+03	-5.0431e+00
 1.4779e+05	 2.0532e+03	 4.2227e+00	 8.4066e-01	 3.4315e+02	 2.1112e+03	-7.8741e+01	 1.4485e+04	 2.8836e+03	-5.0231e+00
 2.2168e+05	 2.0532e+03	 3.9851e+00	 7.4314e-01	 3.4315e+02	 2.1138e+03	-7.9437e+01	 1.0924e+04	 2.0370e+03	-5.3625e+00
 3.3253e+05	 2.0532e+03	 3.8028e+00	 6.3404e-01	 3.4315e+02	 2.1166e+03	-8.0534e+01	 8.5354e+03	 1.4231e+03	-5.9977e+00
 4.9879e+05	 2.0532e+03	-2.2513e+00	 4.7600e+01	 3.4315e+02	 2.1192e+03	 2.7079e+00	 7.5796e+01	-1.6025e+03	 4.7297e-02
 7.4818e+05	 2.0532e+03	 3.6038e+00	 3.5840e-01	 3.4316e+02	 2.1256e+03	-8.4321e+01	 6.7111e+03	 6.6742e+02	-1.0055e+01
 9.0000e+05	 2.0532e+03	 3.5660e+00	 3.1949e-01	 3.4317e+02	 2.1336e+03	-8.4880e+01	 6.2585e+03	 5.6072e+02	-1.1162e+01
 1.0000e+02	 2.1308e+03	 6.0402e+00	 6.2576e-02	 3.4316e+02	 2.1413e+03	-8.9406e+01	 2.8758e+08	 2.9793e+06	-9.6526e+01
 1.5000e+02	 2.1308e+03	 6.0236e+00	 6.9537e-02	 3.4316e+02	 2.1438e+03	-8.9339e+01	 1.7253e+08	 1.9917e+06	-8.6624e+01
 2.2500e+02	 2.1308e+03	 6.0105e+00	 7.8201e-02	 3.4317e+02	 2.1463e+03	-8.9255e+01	 1.0228e+08	 1.3307e+06	-7.6859e+01
 3.3750e+02	 2.1308e+03	 5.9930e+00	 8.9728e-02	 3.4316e+02	 2.1488e+03	-8.9142e+01	 5.9425e+07	 8.8972e+05	-6.6791e+01
 5.0625e+02	 2.1308e+03	 5.9730e+00	 1.0473e-01	 3.4317e+02	 2.1515e+03	-8.8996e+01	 3.3943e+07	 5.9513e+05	-5.7035e+01
 7.5938e+02	 2.1308e+03	 5.9498e+00	 1.2347e-01	 3.4316e+02	 2.1541e+03	-8.8811e+01	 1.9194e+07	 3.9830e+05	-4.8190e+01
 1.1391e+03	 2.1308e+03	 5.9226e+00	 1.4724e-01	 3.4317e+02	 2.1569e+03	-8.8576e+01	 1.0730e+07	 2.6675e+05	-4.0224e+01
 1.7086e+03	 2.1308e+03	 5.8899e+00	 1.7686e-01	 3.4316e+02	 2.1594e+03	-8.8280e+01	 5.9554e+06	 1.7882e+05	-3.3303e+01
 2.5629e+03	 2.1308e+03	 5.8512e+00	 2.1436e-01	 3.4316e+02	 2.1621e+03	-8.7902e+01	 3.2756e+06	 1.2000e+05	-2.7295e+01
 3.8443e+03	 2.1308e+03	 5.8035e+00	 2.6132e-01	 3.4316e+02	 2.1648e+03	-8.7422e+01	 1.7913e+06	 8.0659e+04	-2.2208e+01
 5.7665e+03	 2.1308e+03	 5.7448e+00	 3.2027e-01	 3.4316e+02	 2.1676e+03	-8.6809e+01	 9.7442e+05	 5.4323e+04	-1.7938e+01
 8.6498e+03	 2.1308e+03	 5.6704e+00	 3.9339e-01	 3.4316e+02	 2.1702e+03	-8.6031e+01	 5.2886e+05	 3.6690e+04	-1.4414e+01
 1.2975e+04	 2.1308e+03	 5.5740e+00	 4.8258e-01	 3.4316e+02	 2.1729e+03	-8.5052e+01	 2.8741e+05	 2.4883e+04	-1.1550e+01
 1.9462e+04	 2.1308e+03	 5.4468e+00	 5.8693e-01	 3.4316e+02	 2.1755e+03	-8.3850e+01	 1.5754e+05	 1.6976e+04	-9.2802e+00
 2.9193e+04	 2.1308e+03	 5.2775e+00	 6.9999e-01	 3.4315e+02	 2.1783e+03	-8.2444e+01	 8.8064e+04	 1.1681e+04	-7.5393e+00
 4.3789e+04	 2.1308e+03	 5.0572e+00	 8.0540e-01	 3.4316e+02	 2.1808e+03	-8.0951e+01	 5.1026e+04	 8.1263e+03	-6.2791e+00
 6.5684e+04	 2.1308e+03	 4.7873e+00	 8.7762e-01	 3.4315e+02	 2.1832e+03	-7.9612e+01	 3.1218e+04	 5.7229e+03	-5.4549e+00
 9.8526e+04	 2.1308e+03	 4.5009e+00	 8.9086e-01	 3.4315e+02	 2.1859e+03	-7.8804e+01	 2.0503e+04	 4.0580e+03	-5.0523e+00
 1.4779e+05	 2.1308e+03	 4.2175e+00	 8.3778e-01	 3.4315e+02	 2.1884e+03	-7.8765e+01	 1.4534e+04	 2.8872e+03	-5.0341e+00
 2.2168e+05	 2.1308e+03	 3.9809e+00	 7.4078e-01	 3.4315e+02	 2.1911e+03	-7.9459e+01	 1.0958e+04	 2.0392e+03	-5.3739e+00
 3.3253e+05	 2.1308e+03	 3.7990e+00	 6.3238e-01	 3.4314e+02	 2.1936e+03	-8.0549e+01	 8.5578e+03	 1.4245e+03	-6.0075e+00
 4.9879e+05	 2.1308e+03	-2.2388e+00	 4.7551e+01	 3.4314e+02	 2.1963e+03	 2.6956e+00	 7.5874e+01	-1.6116e+03	 4.7081e-02
 7.4818e+05	 2.1308e+03	 3.6003e+00	 3.5701e-01	 3.4314e+02	 2.2027e+03	-8.4337e+01	 6.7372e+03	 6.6807e+02	-1.0085e+01
 9.0000e+05	 2.1308e+03	 3.5625e+00	 3.1797e-01	 3.4314e+02	 2.2105e+03	-8.4900e+01	 6.2883e+03	 5.6126e+02	-1.1204e+01
 1.0000e+02	 2.2078e+03	 6.0380e+00	 6.3610e-02	 3.4314e+02	 2.2182e+03	-8.9396e+01	 2.8291e+08	 2.9804e+06	-9.4922e+01
 1.5000e+02	 2.2078e+03	 6.0227e+00	 6.9771e-02	 3.4314e+02	 2.2209e+03	-8.9336e+01	 1.7195e+08	 1.9920e+06	-8.6321e+01
 2.2500e+02	 2.2078e+03	 6.0079e+00	 7.9305e-02	 3.4314e+02	 2.2233e+03	-8.9244e+01	 1.0085e+08	 1.3313e+06	-7.5757e+01
 3.3750e+02	 2.2078e+03	 5.9903e+00	 9.1192e-02	 3.4314e+02	 2.2259e+03	-8.9128e+01	 5.8471e+07	 8.9011e+05	-6.5690e+01
 5.0625e+02	 2.2078e+03	 5.9698e+00	 1.0613e-01	 3.4314e+02	 2.2286e+03	-8.8981e+01	 3.3493e+07	 5.9545e+05	-5.6248e+01
 7.5938e+02	 2.2078e+03	 5.9462e+00	 1.2500e-01	 3.4314e+02	 2.2311e+03	-8.8796e+01	 1.8958e+07	 3.9854e+05	-4.7569e+01
 1.1391e+03	 2.2078e+03	 5.9184e+00	 1.4878e-01	 3.4314e+02	 2.2338e+03	-8.8560e+01	 1.0619e+07	 2.6694e+05	-3.9780e+01
 1.7086e+03	 2.2078e+03	 5.8853e+00	 1.7875e-01	 3.4314e+02	 2.2364e+03	-8.8260e+01	 5.8923e+06	 1.7896e+05	-3.2925e+01
 2.5629e+03	 2.2078e+03	 5.8459e+00	 2.1648e-01	 3.4314e+02	 2.2391e+03	-8.7879e+01	 3.2435e+06	 1.2011e+05	-2.7004e+01
 3.8443e+03	 2.2078e+03	 5.7979e+00	 2.6370e-01	 3.4315e+02	 2.2416e+03	-8.7396e+01	 1.7752e+06	 8.0737e+04	-2.1987e+01
 5.7665e+03	 2.2078e+03	 5.7383e+00	 3.2256e-01	 3.4315e+02	 2.2440e+03	-8.6783e+01	 9.6750e+05	 5.4384e+04	-1.7790e+01
 8.6498e+03	 2.2078e+03	 5.6631e+00	 3.9560e-01	 3.4315e+02	 2.2468e+03	-8.6004e+01	 5.2591e+05	 3.6737e+04	-1.4315e+01
 1.2975e+04	 2.2078e+03	 5.5658e+00	 4.8431e-01	 3.4314e+02	 2.2493e+03	-8.5027e+01	 2.8639e+05	 2.4920e+04	-1.1492e+01
 1.9462e+04	 2.2078e+03	 5.4381e+00	 5.8795e-01	 3.4314e+02	 2.2521e+03	-8.3829e+01	 1.5727e+05	 1.7003e+04	-9.2492e+00
 2.9193e+04	 2.2078e+03	 5.2683e+00	 6.9996e-01	 3.4314e+02	 2.2547e+03	-8.2432e+01	 8.8068e+04	 1.1701e+04	-7.5265e+00
 4.3789e+04	 2.2078e+03	 5.0483e+00	 8.0425e-01	 3.4314e+02	 2.2574e+03	-8.0948e+01	 5.1098e+04	 8.1406e+03	-6.2769e+00
 6.5684e+04	 2.2078e+03	 4.7792e+00	 8.7536e-01	 3.4315e+02	 2.2598e+03	-7.9621e+01	 3.1298e+04	 5.7326e+03	-5.4597e+00
 9.8526e+04	 2.2078e+03	 4.4941e+00	 8.8805e-01	 3.4315e+02	 2.2623e+03	-7.8822e+01	 2.0567e+04	 4.0642e+03	-5.0607e+00
 1.4779e+05	 2.2078e+03	 4.2122e+00	 8.3487e-01	 3.4314e+02	 2.2649e+03	-7.8789e+01	 1.4585e+04	 2.8908e+03	-5.0453e+00
 2.2168e+05	 2.2078e+03	 3.9765e+00	 7.3847e-01	 3.4314e+02	 2.2675e+03	-7.9480e+01	 1.0993e+04	 2.0414e+03	-5.3848e+00
 3.3253e+05	 2.2078e+03	 3.7954e+00	 6.3083e-01	 3.4315e+02	 2.2701e+03	-8.0563e+01	 8.5788e+03	 1.4259e+03	-6.0165e+00
 4.9879e+05	 2.2078e+03	-2.2292e+00	 4.7507e+01	 3.4315e+02	 2.2728e+03	 2.6866e+00	 7.5944e+01	-1.6185e+03	 4.6924e-02
 7.4818e+05	 2.2078e+03	 3.5971e+00	 3.5588e-01	 3.4315e+02	 2.2792e+03	-8.4350e+01	 6.7587e+03	 6.6866e+02	-1.0108e+01
 9.0000e+05	 2.2078e+03	 3.5596e+00	 3.1517e-01	 3.4315e+02	 2.2869e+03	-8.4940e+01	 6.3442e+03	 5.6172e+02	-1.1294e+01
 1.0000e+02	 2.2842e+03	 6.0361e+00	 6.3774e-02	 3.4315e+02	 2.2947e+03	-8.9395e+01	 2.8218e+08	 2.9814e+06	-9.4647e+01
 1.5000e+02	 2.2842e+03	 6.0221e+00	 7.0447e-02	 3.4315e+02	 2.2971e+03	-8.9330e+01	 1.7030e+08	 1.9922e+06	-8.5484e+01
 2.2500e+02	 2.2842e+03	 6.0056e+00	 8.0423e-02	 3.4315e+02	 2.2998e+03	-8.9233e+01	 9.9450e+07	 1.3318e+06	-7.4674e+01
 3.3750e+02	 2.2842e+03	 5.9876e+00	 9.2204e-02	 3.4315e+02	 2.3024e+03	-8.9118e+01	 5.7829e+07	 8.9052e+05	-6.4939e+01
 5.0625e+02	 2.2842e+03	 5.9668e+00	 1.0736e-01	 3.4315e+02	 2.3050e+03	-8.8969e+01	 3.3110e+07	 5.9575e+05	-5.5578e+01
 7.5938e+02	 2.2842e+03	 5.9426e+00	 1.2632e-01	 3.4315e+02	 2.3076e+03	-8.8782e+01	 1.8761e+07	 3.9878e+05	-4.7045e+01
 1.1391e+03	 2.2842e+03	 5.9146e+00	 1.5053e-01	 3.4315e+02	 2.3104e+03	-8.8542e+01	 1.0495e+07	 2.6711e+05	-3.9291e+01
 1.7086e+03	 2.2842e+03	 5.8814e+00	 1.8063e-01	 3.4315e+02	 2.3131e+03	-8.8241e+01	 5.8308e+06	 1.7908e+05	-3.2560e+01
 2.5629e+03	 2.2842e+03	 5.8412e+00	 2.1837e-01	 3.4315e+02	 2.3156e+03	-8.7859e+01	 3.2155e+06	 1.2021e+05	-2.6750e+01
 3.8443e+03	 2.2842e+03	 5.7925e+00	 2.6563e-01	 3.4315e+02	 2.3181e+03	-8.7374e+01	 1.7622e+06	 8.0813e+04	-2.1807e+01
 5.7665e+03	 2.2842e+03	 5.7323e+00	 3.2470e-01	 3.4315e+02	 2.3205e+03	-8.6758e+01	 9.6111e+05	 5.4441e+04	-1.7654e+01
 8.6498e+03	 2.2842e+03	 5.6563e+00	 3.9756e-01	 3.4315e+02	 2.3231e+03	-8.5980e+01	 5.2332e+05	 3.6781e+04	-1.4228e+01
 1.2975e+04	 2.2842e+03	 5.5584e+00	 4.8589e-01	 3.4316e+02	 2.3256e+03	-8.5004e+01	 2.8545e+05	 2.4953e+04	-1.1440e+01
 1.9462e+04	 2.2842e+03	 5.4299e+00	 5.8860e-01	 3.4315e+02	 2.3284e+03	-8.3813e+01	 1.5710e+05	 1.7029e+04	-9.2252e+00
 2.9193e+04	 2.2842e+03	 5.2598e+00	 6.9945e-01	 3.4316e+02	 2.3309e+03	-8.2425e+01	 8.8132e+04	 1.1720e+04	-7.5199e+00
 4.3789e+04	 2.2842e+03	 5.0401e+00	 8.0283e-01	 3.4315e+02	 2.3334e+03	-8.0950e+01	 5.1189e+04	 8.1538e+03	-6.2780e+00
 6.5684e+04	 2.2842e+03	 4.7720e+00	 8.7286e-01	 3.4316e+02	 2.3360e+03	-7.9634e+01	 3.1388e+04	 5.7413e+03	-5.4670e+00
 9.8526e+04	 2.2842e+03	 4.4882e+00	 8.8525e-01	 3.4316e+02	 2.3386e+03	-7.8842e+01	 2.0632e+04	 4.0696e+03	-5.0699e+00
 1.4779e+05	 2.2842e+03	 4.2074e+00	 8.3237e-01	 3.4316e+02	 2.3413e+03	-7.8809e+01	 1.4629e+04	 2.8941e+03	-5.0547e+00
 2.2168e+05	 2.2842e+03	 3.9726e+00	 7.3641e-01	 3.4315e+02	 2.3439e+03	-7.9498e+01	 1.1023e+04	 2.0434e+03	-5.3946e+00
 3.3253e+05	 2.2842e+03	 3.7920e+00	 6.2917e-01	 3.4315e+02	 2.3465e+03	-8.0579e+01	 8.6015e+03	 1.4272e+03	-6.0269e+00
 4.9879e+05	 2.2842e+03	-2.2195e+00	 4.7464e+01	 3.4315e+02	 2.3492e+03	 2.6774e+00	 7.6013e+01	-1.6255e+03	 4.6763e-02
 7.4818e+05	 2.2842e+03	 3.5939e+00	 3.5436e-01	 3.4315e+02	 2.3557e+03	-8.4369e+01	 6.7876e+03	 6.6927e+02	-1.0142e+01
 9.0000e+05	 2.2842e+03	 3.5563e+00	 3.1498e-01	 3.4315e+02	 2.3635e+03	-8.4939e+01	 6.3482e+03	 5.6224e+02	-1.1291e+01
 1.0000e+02	 2.3608e+03	 6.0340e+00	 6.4683e-02	 3.4314e+02	 2.3712e+03	-8.9386e+01	 2.7821e+08	 2.9824e+06	-9.3286e+01
 1.5000e+02	 2.3608e+03	 6.0189e+00	 7.2759e-02	 3.4314e+02	 2.3738e+03	-8.9307e+01	 1.6489e+08	 1.9932e+06	-8.2724e+01
 2.2500e+02	 2.3608e+03	 6.0031e+00	 8.1208e-02	 3.4314e+02	 2.3764e+03	-8.9225e+01	 9.8489e+07	 1.3323e+06	-7.3923e+01
 3.3750e+02	 2.3608e+03	 5.9848e+00	 9.3465e-02	 3.4315e+02	 2.3793e+03	-8.9105e+01	 5.7049e+07	 8.9093e+05	-6.4033e+01
 5.0625e+02	 2.3608e+03	 5.9640e+00	 1.0858e-01	 3.4314e+02	 2.3818e+03	-8.8957e+01	 3.2739e+07	 5.9603e+05	-5.4928e+01
 7.5938e+02	 2.3608e+03	 5.9396e+00	 1.2799e-01	 3.4314e+02	 2.3846e+03	-8.8766e+01	 1.8516e+07	 3.9898e+05	-4.6407e+01
 1.1391e+03	 2.3608e+03	 5.9110e+00	 1.5190e-01	 3.4314e+02	 2.3871e+03	-8.8528e+01	 1.0401e+07	 2.6728e+05	-3.8913e+01
 1.7086e+03	 2.3608e+03	 5.8771e+00	 1.8249e-01	 3.4315e+02	 2.3899e+03	-8.8221e+01	 5.7715e+06	 1.7921e+05	-3.2205e+01
 2.5629e+03	 2.3608e+03	 5.8364e+00	 2.2031e-01	 3.4314e+02	 2.3924e+03	-8.7838e+01	 3.1871e+06	 1.2031e+05	-2.6491e+01
 3.8443e+03	 2.3608e+03	 5.7869e+00	 2.6790e-01	 3.4314e+02	 2.3949e+03	-8.7349e+01	 1.7473e+06	 8.0891e+04	-2.1601e+01
 5.7665e+03	 2.3608e+03	 5.7261e+00	 3.2686e-01	 3.4315e+02	 2.3973e+03	-8.6733e+01	 9.5477e+05	 5.4500e+04	-1.7519e+01
 8.6498e+03	 2.3608e+03	 5.6493e+00	 3.9966e-01	 3.4315e+02	 2.3999e+03	-8.5953e+01	 5.2056e+05	 3.6827e+04	-1.4135e+01
 1.2975e+04	 2.3608e+03	 5.5504e+00	 4.8739e-01	 3.4314e+02	 2.4026e+03	-8.4982e+01	 2.8457e+05	 2.4989e+04	-1.1388e+01
 1.9462e+04	 2.3608e+03	 5.4214e+00	 5.8955e-01	 3.4315e+02	 2.4052e+03	-8.3794e+01	 1.5684e+05	 1.7056e+04	-9.1957e+00
 2.9193e+04	 2.3608e+03	 5.2509e+00	 6.9960e-01	 3.4315e+02	 2.4080e+03	-8.2411e+01	 8.8113e+04	 1.1740e+04	-7.5056e+00
 4.3789e+04	 2.3608e+03	 5.0314e+00	 8.0150e-01	 3.4315e+02	 2.4104e+03	-8.0949e+01	 5.1274e+04	 8.1679e+03	-6.2775e+00
 6.5684e+04	 2.3608e+03	 4.7643e+00	 8.7064e-01	 3.4315e+02	 2.4129e+03	-7.9644e+01	 3.1468e+04	 5.7506e+03	-5.4722e+00
 9.8526e+04	 2.3608e+03	 4.4819e+00	 8.8241e-01	 3.4315e+02	 2.4156e+03	-7.8862e+01	 2.0699e+04	 4.0753e+03	-5.0791e+00
 1.4779e+05	 2.3608e+03	 4.2022e+00	 8.2968e-01	 3.4314e+02	 2.4180e+03	-7.8831e+01	 1.4676e+04	 2.8977e+03	-5.0649e+00
 2.2168e+05	 2.3608e+03	 3.9684e+00	 7.3414e-01	 3.4315e+02	 2.4206e+03	-7.9519e+01	 1.1057e+04	 2.0456e+03	-5.4055e+00
 3.3253e+05	 2.3608e+03	 3.7883e+00	 6.2760e-01	 3.4315e+02	 2.4232e+03	-8.0593e+01	 8.6230e+03	 1.4285e+03	-6.0362e+00
 4.9879e+05	 2.3608e+03	-2.2090e+00	 4.7420e+01	 3.4315e+02	 2.4259e+03	 2.6671e+00	 7.6083e+01	-1.6333e+03	 4.6583e-02
 7.4818e+05	 2.3608e+03	 3.5910e+00	 3.5264e-01	 3.4315e+02	 2.4326e+03	-8.4391e+01	 6.8207e+03	 6.6981e+02	-1.0183e+01
 9.0000e+05	 2.3608e+03	 3.5530e+00	 3.1616e-01	 3.4316e+02	 2.4402e+03	-8.4915e+01	 6.3244e+03	 5.6277e+02	-1.1238e+01
 1.0000e+02	 2.4374e+03	 6.0322e+00	 6.5480e-02	 3.4316e+02	 2.4485e+03	-8.9378e+01	 2.7483e+08	 2.9833e+06	-9.2123e+01
 1.5000e+02	 2.4374e+03	 6.0181e+00	 7.3349e-02	 3.4316e+02	 2.4510e+03	-8.9302e+01	 1.6356e+08	 1.9935e+06	-8.2046e+01
 2.2500e+02	 2.4374e+03	 6.0008e+00	 8.2153e-02	 3.4316e+02	 2.4538e+03	-8.9216e+01	 9.7357e+07	 1.3328e+06	-7.3045e+01
 3.3750e+02	 2.4374e+03	 5.9822e+00	 9.4326e-02	 3.4316e+02	 2.4564e+03	-8.9097e+01	 5.6528e+07	 8.9132e+05	-6.3420e+01
 5.0625e+02	 2.4374e+03	 5.9610e+00	 1.0970e-01	 3.4315e+02	 2.4590e+03	-8.8946e+01	 3.2403e+07	 5.9633e+05	-5.4337e+01
 7.5938e+02	 2.4374e+03	 5.9362e+00	 1.2929e-01	 3.4316e+02	 2.4616e+03	-8.8752e+01	 1.8329e+07	 3.9921e+05	-4.5913e+01
 1.1391e+03	 2.4374e+03	 5.9072e+00	 1.5376e-01	 3.4316e+02	 2.4644e+03	-8.8509e+01	 1.0275e+07	 2.6745e+05	-3.8418e+01
 1.7086e+03	 2.4374e+03	 5.8728e+00	 1.8419e-01	 3.4316e+02	 2.4669e+03	-8.8204e+01	 5.7182e+06	 1.7934e+05	-3.1884e+01
 2.5629e+03	 2.4374e+03	 5.8319e+00	 2.2223e-01	 3.4316e+02	 2.4696e+03	-8.7818e+01	 3.1596e+06	 1.2040e+05	-2.6243e+01
 3.8443e+03	 2.4374e+03	 5.7819e+00	 2.6980e-01	 3.4316e+02	 2.4721e+03	-8.7328e+01	 1.7351e+06	 8.0961e+04	-2.1431e+01
 5.7665e+03	 2.4374e+03	 5.7203e+00	 3.2877e-01	 3.4316e+02	 2.4745e+03	-8.6711e+01	 9.4921e+05	 5.4556e+04	-1.7399e+01
 8.6498e+03	 2.4374e+03	 5.6428e+00	 4.0126e-01	 3.4315e+02	 2.4772e+03	-8.5933e+01	 5.1849e+05	 3.6870e+04	-1.4063e+01
 1.2975e+04	 2.4374e+03	 5.5432e+00	 4.8884e-01	 3.4315e+02	 2.4796e+03	-8.4960e+01	 2.8373e+05	 2.5021e+04	-1.1339e+01
 1.9462e+04	 2.4374e+03	 5.4134e+00	 5.9031e-01	 3.4315e+02	 2.4824e+03	-8.3777e+01	 1.5664e+05	 1.7081e+04	-9.1704e+00
 2.9193e+04	 2.4374e+03	 5.2428e+00	 6.9911e-01	 3.4315e+02	 2.4850e+03	-8.2405e+01	 8.8175e+04	 1.1758e+04	-7.4992e+00
 4.3789e+04	 2.4374e+03	 5.0234e+00	 8.0005e-01	 3.4315e+02	 2.4874e+03	-8.0951e+01	 5.1367e+04	 8.1809e+03	-6.2789e+00
 6.5684e+04	 2.4374e+03	 4.7570e+00	 8.6821e-01	 3.4315e+02	 2.4901e+03	-7.9657e+01	 3.1556e+04	 5.7594e+03	-5.4791e+00
 9.8526e+04	 2.4374e+03	 4.4757e+00	 8.7962e-01	 3.4315e+02	 2.4927e+03	-7.8881e+01	 2.0765e+04	 4.0809e+03	-5.0883e+00
 1.4779e+05	 2.4374e+03	 4.1973e+00	 8.2693e-01	 3.4315e+02	 2.4953e+03	-7.8855e+01	 1.4725e+04	 2.9011e+03	-5.0757e+00
 2.2168e+05	 2.4374e+03	 3.9644e+00	 7.3206e-01	 3.4314e+02	 2.4979e+03	-7.9538e+01	 1.1089e+04	 2.0477e+03	-5.4154e+00
 3.3253e+05	 2.4374e+03	 3.7849e+00	 6.2596e-01	 3.4315e+02	 2.5006e+03	-8.0609e+01	 8.6456e+03	 1.4299e+03	-6.0464e+00
 4.9879e+05	 2.4374e+03	-2.1974e+00	 4.7379e+01	 3.4315e+02	 2.5034e+03	 2.6554e+00	 7.6149e+01	-1.6419e+03	 4.6379e-02
 7.4818e+05	 2.4374e+03	 3.5873e+00	 3.5549e-01	 3.4314e+02	 2.5101e+03	-8.4341e+01	 6.7660e+03	 6.7050e+02	-1.0091e+01
 9.0000e+05	 2.4374e+03	 3.5493e+00	 3.1833e-01	 3.4315e+02	 2.5179e+03	-8.4875e+01	 6.2813e+03	 5.6336e+02	-1.1150e+01
 1.0000e+02	 2.5152e+03	 6.0300e+00	 6.6167e-02	 3.4315e+02	 2.5261e+03	-8.9371e+01	 2.7197e+08	 2.9844e+06	-9.1133e+01
 1.5000e+02	 2.5152e+03	 6.0160e+00	 7.2358e-02	 3.4314e+02	 2.5285e+03	-8.9311e+01	 1.6580e+08	 1.9942e+06	-8.3142e+01
 2.2500e+02	 2.5152e+03	 5.9983e+00	 8.3253e-02	 3.4315e+02	 2.5314e+03	-8.9205e+01	 9.6069e+07	 1.3334e+06	-7.2049e+01
 3.3750e+02	 2.5152e+03	 5.9796e+00	 9.5572e-02	 3.4315e+02	 2.5339e+03	-8.9084e+01	 5.5791e+07	 8.9171e+05	-6.2566e+01
 5.0625e+02	 2.5152e+03	 5.9581e+00	 1.1115e-01	 3.4315e+02	 2.5366e+03	-8.8931e+01	 3.1981e+07	 5.9662e+05	-5.3604e+01
 7.5938e+02	 2.5152e+03	 5.9330e+00	 1.3077e-01	 3.4316e+02	 2.5392e+03	-8.8737e+01	 1.8122e+07	 3.9943e+05	-4.5369e+01
 1.1391e+03	 2.5152e+03	 5.9037e+00	 1.5535e-01	 3.4315e+02	 2.5421e+03	-8.8493e+01	 1.0170e+07	 2.6761e+05	-3.8003e+01
 1.7086e+03	 2.5152e+03	 5.8689e+00	 1.8620e-01	 3.4316e+02	 2.5447e+03	-8.8183e+01	 5.6566e+06	 1.7946e+05	-3.1519e+01
 2.5629e+03	 2.5152e+03	 5.8272e+00	 2.2431e-01	 3.4315e+02	 2.5474e+03	-8.7796e+01	 3.1304e+06	 1.2050e+05	-2.5979e+01
 3.8443e+03	 2.5152e+03	 5.7767e+00	 2.7196e-01	 3.4315e+02	 2.5499e+03	-8.7305e+01	 1.7213e+06	 8.1034e+04	-2.1241e+01
 5.7665e+03	 2.5152e+03	 5.7142e+00	 3.3089e-01	 3.4315e+02	 2.5524e+03	-8.6686e+01	 9.4312e+05	 5.4614e+04	-1.7269e+01
 8.6498e+03	 2.5152e+03	 5.6359e+00	 4.0349e-01	 3.4315e+02	 2.5551e+03	-8.5905e+01	 5.1563e+05	 3.6915e+04	-1.3968e+01
 1.2975e+04	 2.5152e+03	 5.5353e+00	 4.9047e-01	 3.4315e+02	 2.5576e+03	-8.4936e+01	 2.8279e+05	 2.5057e+04	-1.1286e+01
 1.9462e+04	 2.5152e+03	 5.4049e+00	 5.9118e-01	 3.4315e+02	 2.5604e+03	-8.3758e+01	 1.5641e+05	 1.7108e+04	-9.1426e+00
 2.9193e+04	 2.5152e+03	 5.2340e+00	 6.9910e-01	 3.4315e+02	 2.5629e+03	-8.2392e+01	 8.8177e+04	 1.1778e+04	-7.4868e+00
 4.3789e+04	 2.5152e+03	 5.0150e+00	 7.9876e-01	 3.4315e+02	 2.5654e+03	-8.0950e+01	 5.1450e+04	 8.1947e+03	-6.2784e+00
 6.5684e+04	 2.5152e+03	 4.7493e+00	 8.6587e-01	 3.4315e+02	 2.5681e+03	-7.9668e+01	 3.1641e+04	 5.7687e+03	-5.4850e+00
 9.8526e+04	 2.5152e+03	 4.4693e+00	 8.7677e-01	 3.4315e+02	 2.5706e+03	-7.8901e+01	 2.0832e+04	 4.0867e+03	-5.0975e+00
 1.4779e+05	 2.5152e+03	 4.1921e+00	 8.2421e-01	 3.4315e+02	 2.5734e+03	-7.8877e+01	 1.4774e+04	 2.9047e+03	-5.0862e+00
 2.2168e+05	 2.5152e+03	 3.9602e+00	 7.2973e-01	 3.4315e+02	 2.5759e+03	-7.9559e+01	 1.1124e+04	 2.0498e+03	-5.4269e+00
 3.3253e+05	 2.5152e+03	 3.7812e+00	 6.2426e-01	 3.4315e+02	 2.5786e+03	-8.0625e+01	 8.6691e+03	 1.4312e+03	-6.0571e+00
 4.9879e+05	 2.5152e+03	-2.1852e+00	 4.7335e+01	 3.4315e+02	 2.5813e+03	 2.6431e+00	 7.6221e+01	-1.6511e+03	 4.6164e-02
 7.4818e+05	 2.5152e+03	 3.5844e+00	 3.5132e-01	 3.4315e+02	 2.5879e+03	-8.4402e+01	 6.8464e+03	 6.7104e+02	-1.0203e+01
 9.0000e+05	 2.5152e+03	 3.5468e+00	 3.1239e-01	 3.4314e+02	 2.5958e+03	-8.4967e+01	 6.4007e+03	 5.6375e+02	-1.1354e+01
 1.0000e+02	 2.5931e+03	 6.0282e+00	 6.6880e-02	 3.4315e+02	 2.6036e+03	-8.9364e+01	 2.6908e+08	 2.9852e+06	-9.0135e+01
 1.5000e+02	 2.5931e+03	 6.0128e+00	 7.4069e-02	 3.4315e+02	 2.6063e+03	-8.9294e+01	 1.6197e+08	 1.9953e+06	-8.1179e+01
 2.2500e+02	 2.5931e+03	 5.9960e+00	 8.4123e-02	 3.4315e+02	 2.6088e+03	-8.9196e+01	 9.5077e+07	 1.3339e+06	-7.1277e+01
 3.3750e+02	 2.5931e+03	 5.9769e+00	 9.6681e-02	 3.4315e+02	 2.6116e+03	-8.9073e+01	 5.5151e+07	 8.9211e+05	-6.1821e+01
 5.0625e+02	 2.5931e+03	 5.9548e+00	 1.1244e-01	 3.4315e+02	 2.6141e+03	-8.8918e+01	 3.1616e+07	 5.9694e+05	-5.2962e+01
 7.5938e+02	 2.5931e+03	 5.9296e+00	 1.3209e-01	 3.4315e+02	 2.6169e+03	-8.8724e+01	 1.7941e+07	 3.9965e+05	-4.4891e+01
 1.1391e+03	 2.5931e+03	 5.9001e+00	 1.5684e-01	 3.4314e+02	 2.6194e+03	-8.8477e+01	 1.0073e+07	 2.6777e+05	-3.7617e+01
 1.7086e+03	 2.5931e+03	 5.8646e+00	 1.8773e-01	 3.4315e+02	 2.6220e+03	-8.8167e+01	 5.6106e+06	 1.7959e+05	-3.1241e+01
 2.5629e+03	 2.5931e+03	 5.8227e+00	 2.2629e-01	 3.4315e+02	 2.6248e+03	-8.7774e+01	 3.1029e+06	 1.2059e+05	-2.5731e+01
 3.8443e+03	 2.5931e+03	 5.7714e+00	 2.7394e-01	 3.4314e+02	 2.6275e+03	-8.7282e+01	 1.7088e+06	 8.1109e+04	-2.1068e+01
 5.7665e+03	 2.5931e+03	 5.7082e+00	 3.3310e-01	 3.4315e+02	 2.6301e+03	-8.6660e+01	 9.3688e+05	 5.4671e+04	-1.7137e+01
 8.6498e+03	 2.5931e+03	 5.6292e+00	 4.0526e-01	 3.4315e+02	 2.6329e+03	-8.5882e+01	 5.1337e+05	 3.6959e+04	-1.3890e+01
 1.2975e+04	 2.5931e+03	 5.5280e+00	 4.9194e-01	 3.4315e+02	 2.6353e+03	-8.4915e+01	 2.8194e+05	 2.5090e+04	-1.1237e+01
 1.9462e+04	 2.5931e+03	 5.3967e+00	 5.9187e-01	 3.4315e+02	 2.6381e+03	-8.3741e+01	 1.5623e+05	 1.7134e+04	-9.1181e+00
 2.9193e+04	 2.5931e+03	 5.2256e+00	 6.9887e-01	 3.4315e+02	 2.6408e+03	-8.2382e+01	 8.8205e+04	 1.1797e+04	-7.4772e+00
 4.3789e+04	 2.5931e+03	 5.0068e+00	 7.9749e-01	 3.4315e+02	 2.6436e+03	-8.0950e+01	 5.1532e+04	 8.2080e+03	-6.2782e+00
 6.5684e+04	 2.5931e+03	 4.7421e+00	 8.6363e-01	 3.4315e+02	 2.6460e+03	-7.9678e+01	 3.1723e+04	 5.7775e+03	-5.4908e+00
 9.8526e+04	 2.5931e+03	 4.4634e+00	 8.7419e-01	 3.4314e+02	 2.6489e+03	-7.8918e+01	 2.0894e+04	 4.0922e+03	-5.1057e+00
 1.4779e+05	 2.5931e+03	 4.1873e+00	 8.2161e-01	 3.4315e+02	 2.6514e+03	-7.8899e+01	 1.4820e+04	 2.9080e+03	-5.0964e+00
 2.2168e+05	 2.5931e+03	 3.9561e+00	 7.2741e-01	 3.4315e+02	 2.6541e+03	-7.9581e+01	 1.1160e+04	 2.0519e+03	-5.4386e+00
 3.3253e+05	 2.5931e+03	 3.7777e+00	 6.2264e-01	 3.4314e+02	 2.6566e+03	-8.0641e+01	 8.6918e+03	 1.4326e+03	-6.0673e+00
 4.9879e+05	 2.5931e+03	-2.1743e+00	 4.7294e+01	 3.4315e+02	 2.6592e+03	 2.6323e+00	 7.6287e+01	-1.6593e+03	 4.5975e-02
 7.4818e+05	 2.5931e+03	 3.5813e+00	 3.5157e-01	 3.4316e+02	 2.6660e+03	-8.4393e+01	 6.8415e+03	 6.7162e+02	-1.0186e+01
 9.0000e+05	 2.5931e+03	 3.5438e+00	 3.1213e-01	 3.4316e+02	 2.6736e+03	-8.4966e+01	 6.4060e+03	 5.6424e+02	-1.1353e+01
 1.0000e+02	 2.6709e+03	 6.0263e+00	 6.7575e-02	 3.4317e+02	 2.6816e+03	-8.9358e+01	 2.6631e+08	 2.9862e+06	-8.9179e+01
 1.5000e+02	 2.6709e+03	 6.0117e+00	 7.6507e-02	 3.4316e+02	 2.6841e+03	-8.9271e+01	 1.5681e+08	 1.9956e+06	-7.8577e+01
 2.2500e+02	 2.6709e+03	 5.9938e+00	 8.5032e-02	 3.4317e+02	 2.6867e+03	-8.9187e+01	 9.4060e+07	 1.3344e+06	-7.0489e+01
 3.3750e+02	 2.6709e+03	 5.9744e+00	 9.7659e-02	 3.4317e+02	 2.6893e+03	-8.9064e+01	 5.4599e+07	 8.9248e+05	-6.1176e+01
 5.0625e+02	 2.6709e+03	 5.9522e+00	 1.1360e-01	 3.4317e+02	 2.6918e+03	-8.8907e+01	 3.1290e+07	 5.9721e+05	-5.2394e+01
 7.5938e+02	 2.6709e+03	 5.9267e+00	 1.3349e-01	 3.4317e+02	 2.6946e+03	-8.8710e+01	 1.7752e+07	 3.9985e+05	-4.4398e+01
 1.1391e+03	 2.6709e+03	 5.8964e+00	 1.5852e-01	 3.4317e+02	 2.6971e+03	-8.8460e+01	 9.9662e+06	 2.6794e+05	-3.7196e+01
 1.7086e+03	 2.6709e+03	 5.8610e+00	 1.8948e-01	 3.4316e+02	 2.6999e+03	-8.8148e+01	 5.5586e+06	 1.7971e+05	-3.0932e+01
 2.5629e+03	 2.6709e+03	 5.8179e+00	 2.2805e-01	 3.4316e+02	 2.7024e+03	-8.7755e+01	 3.0790e+06	 1.2069e+05	-2.5512e+01
 3.8443e+03	 2.6709e+03	 5.7665e+00	 2.7582e-01	 3.4316e+02	 2.7049e+03	-8.7262e+01	 1.6972e+06	 8.1178e+04	-2.0907e+01
 5.7665e+03	 2.6709e+03	 5.7026e+00	 3.3491e-01	 3.4316e+02	 2.7076e+03	-8.6639e+01	 9.3181e+05	 5.4725e+04	-1.7027e+01
 8.6498e+03	 2.6709e+03	 5.6229e+00	 4.0709e-01	 3.4316e+02	 2.7101e+03	-8.5859e+01	 5.1107e+05	 3.7000e+04	-1.3813e+01
 1.2975e+04	 2.6709e+03	 5.5208e+00	 4.9344e-01	 3.4315e+02	 2.7128e+03	-8.4893e+01	 2.8109e+05	 2.5123e+04	-1.1189e+01
 1.9462e+04	 2.6709e+03	 5.3892e+00	 5.9266e-01	 3.4316e+02	 2.7154e+03	-8.3724e+01	 1.5602e+05	 1.7158e+04	-9.0932e+00
 2.9193e+04	 2.6709e+03	 5.2175e+00	 6.9871e-01	 3.4315e+02	 2.7181e+03	-8.2373e+01	 8.8225e+04	 1.1815e+04	-7.4673e+00
 4.3789e+04	 2.6709e+03	 4.9988e+00	 7.9610e-01	 3.4315e+02	 2.7206e+03	-8.0951e+01	 5.1622e+04	 8.2211e+03	-6.2791e+00
 6.5684e+04	 2.6709e+03	 4.7346e+00	 8.6136e-01	 3.4315e+02	 2.7234e+03	-7.9689e+01	 3.1807e+04	 5.7866e+03	-5.4967e+00
 9.8526e+04	 2.6709e+03	 4.4570e+00	 8.7132e-01	 3.4314e+02	 2.7261e+03	-7.8939e+01	 2.0962e+04	 4.0980e+03	-5.1153e+00
 1.4779e+05	 2.6709e+03	 4.1820e+00	 8.1881e-01	 3.4315e+02	 2.7288e+03	-7.8922e+01	 1.4871e+04	 2.9117e+03	-5.1074e+00
 2.2168e+05	 2.6709e+03	 3.9519e+00	 7.2507e-01	 3.4314e+02	 2.7314e+03	-7.9603e+01	 1.1196e+04	 2.0541e+03	-5.4504e+00
 3.3253e+05	 2.6709e+03	 3.7742e+00	 6.2083e-01	 3.4314e+02	 2.7341e+03	-8.0659e+01	 8.7171e+03	 1.4339e+03	-6.0792e+00
 4.9879e+05	 2.6709e+03	-2.1605e+00	 4.7248e+01	 3.4314e+02	 2.7368e+03	 2.6181e+00	 7.6361e+01	-1.6699e+03	 4.5727e-02
 7.4818e+05	 2.6709e+03	 3.5781e+00	 3.4925e-01	 3.4314e+02	 2.7436e+03	-8.4425e+01	 6.8869e+03	 6.7221e+02	-1.0245e+01
 9.0000e+05	 2.6709e+03	 3.5408e+00	 3.1034e-01	 3.4315e+02	 2.7514e+03	-8.4991e+01	 6.4429e+03	 5.6471e+02	-1.1409e+01
 1.0000e+02	 2.7487e+03	 6.0243e+00	 6.8198e-02	 3.4315e+02	 2.7596e+03	-8.9351e+01	 2.6387e+08	 2.9872e+06	-8.8335e+01
 1.5000e+02	 2.7487e+03	 6.0079e+00	 7.6809e-02	 3.4315e+02	 2.7621e+03	-8.9268e+01	 1.5619e+08	 1.9969e+06	-7.8218e+01
 2.2500e+02	 2.7487e+03	 5.9913e+00	 8.5968e-02	 3.4315e+02	 2.7648e+03	-8.9178e+01	 9.3035e+07	 1.3349e+06	-6.9692e+01
 3.3750e+02	 2.7487e+03	 5.9719e+00	 9.8832e-02	 3.4315e+02	 2.7674e+03	-8.9052e+01	 5.3951e+07	 8.9286e+05	-6.0424e+01
 5.0625e+02	 2.7487e+03	 5.9492e+00	 1.1476e-01	 3.4314e+02	 2.7701e+03	-8.8895e+01	 3.0976e+07	 5.9751e+05	-5.1842e+01
 7.5938e+02	 2.7487e+03	 5.9234e+00	 1.3507e-01	 3.4315e+02	 2.7728e+03	-8.8694e+01	 1.7545e+07	 4.0008e+05	-4.3854e+01
 1.1391e+03	 2.7487e+03	 5.8930e+00	 1.6003e-01	 3.4315e+02	 2.7754e+03	-8.8445e+01	 9.8726e+06	 2.6809e+05	-3.6825e+01
 1.7086e+03	 2.7487e+03	 5.8565e+00	 1.9128e-01	 3.4314e+02	 2.7779e+03	-8.8129e+01	 5.5063e+06	 1.7984e+05	-3.0617e+01
 2.5629e+03	 2.7487e+03	 5.8134e+00	 2.3028e-01	 3.4314e+02	 2.7806e+03	-8.7732e+01	 3.0491e+06	 1.2078e+05	-2.5245e+01
 3.8443e+03	 2.7487e+03	 5.7607e+00	 2.7830e-01	 3.4314e+02	 2.7832e+03	-8.7234e+01	 1.6820e+06	 8.1259e+04	-2.0699e+01
 5.7665e+03	 2.7487e+03	 5.6963e+00	 3.3723e-01	 3.4314e+02	 2.7856e+03	-8.6612e+01	 9.2539e+05	 5.4785e+04	-1.6891e+01
 8.6498e+03	 2.7487e+03	 5.6156e+00	 4.0926e-01	 3.4314e+02	 2.7883e+03	-8.5832e+01	 5.0835e+05	 3.7048e+04	-1.3721e+01
 1.2975e+04	 2.7487e+03	 5.5130e+00	 4.9530e-01	 3.4314e+02	 2.7908e+03	-8.4866e+01	 2.8003e+05	 2.5159e+04	-1.1131e+01
 1.9462e+04	 2.7487e+03	 5.3804e+00	 5.9376e-01	 3.4314e+02	 2.7936e+03	-8.3703e+01	 1.5573e+05	 1.7186e+04	-9.0616e+00
 2.9193e+04	 2.7487e+03	 5.2084e+00	 6.9875e-01	 3.4314e+02	 2.7962e+03	-8.2359e+01	 8.8220e+04	 1.1835e+04	-7.4539e+00
 4.3789e+04	 2.7487e+03	 4.9901e+00	 7.9514e-01	 3.4314e+02	 2.7990e+03	-8.0946e+01	 5.1684e+04	 8.2355e+03	-6.2758e+00
 6.5684e+04	 2.7487e+03	 4.7269e+00	 8.5928e-01	 3.4314e+02	 2.8014e+03	-7.9697e+01	 3.1884e+04	 5.7961e+03	-5.5010e+00
 9.8526e+04	 2.7487e+03	 4.4506e+00	 8.6863e-01	 3.4315e+02	 2.8041e+03	-7.8956e+01	 2.1027e+04	 4.1039e+03	-5.1237e+00
 1.4779e+05	 2.7487e+03	 4.1771e+00	 8.1608e-01	 3.4314e+02	 2.8066e+03	-7.8945e+01	 1.4921e+04	 2.9151e+03	-5.1185e+00
 2.2168e+05	 2.7487e+03	 3.9479e+00	 7.2291e-01	 3.4314e+02	 2.8092e+03	-7.9623e+01	 1.1229e+04	 2.0562e+03	-5.4611e+00
 3.3253e+05	 2.7487e+03	 3.7706e+00	 6.1921e-01	 3.4314e+02	 2.8118e+03	-8.0674e+01	 8.7399e+03	 1.4353e+03	-6.0894e+00
 4.9879e+05	 2.7487e+03	-2.1490e+00	 4.7207e+01	 3.4314e+02	 2.8144e+03	 2.6064e+00	 7.6427e+01	-1.6789e+03	 4.5522e-02
 7.4818e+05	 2.7487e+03	 3.5753e+00	 3.4729e-01	 3.4315e+02	 2.8211e+03	-8.4452e+01	 6.9258e+03	 6.7275e+02	-1.0295e+01
 9.0000e+05	 2.7487e+03	 3.5378e+00	 3.0927e-01	 3.4315e+02	 2.8289e+03	-8.5004e+01	 6.4653e+03	 5.6518e+02	-1.1439e+01
 1.0000e+02	 2.8262e+03	 6.0222e+00	 6.9071e-02	 3.4315e+02	 2.8371e+03	-8.9343e+01	 2.6054e+08	 2.9882e+06	-8.7188e+01
 1.5000e+02	 2.8262e+03	 6.0044e+00	 7.6241e-02	 3.4316e+02	 2.8396e+03	-8.9273e+01	 1.5736e+08	 1.9981e+06	-7.8755e+01
 2.2500e+02	 2.8262e+03	 5.9890e+00	 8.6959e-02	 3.4316e+02	 2.8420e+03	-8.9168e+01	 9.1975e+07	 1.3355e+06	-6.8871e+01
 3.3750e+02	 2.8262e+03	 5.9692e+00	 9.9831e-02	 3.4315e+02	 2.8446e+03	-8.9042e+01	 5.3411e+07	 8.9325e+05	-5.9794e+01
 5.0625e+02	 2.8262e+03	 5.9466e+00	 1.1612e-01	 3.4315e+02	 2.8471e+03	-8.8881e+01	 3.0614e+07	 5.9778e+05	-5.1212e+01
 7.5938e+02	 2.8262e+03	 5.9201e+00	 1.3644e-01	 3.4316e+02	 2.8499e+03	-8.8680e+01	 1.7369e+07	 4.0030e+05	-4.3391e+01
 1.1391e+03	 2.8262e+03	 5.8894e+00	 1.6145e-01	 3.4315e+02	 2.8523e+03	-8.8430e+01	 9.7855e+06	 2.6825e+05	-3.6478e+01
 1.7086e+03	 2.8262e+03	 5.8527e+00	 1.9295e-01	 3.4316e+02	 2.8549e+03	-8.8112e+01	 5.4587e+06	 1.7996e+05	-3.0333e+01
 2.5629e+03	 2.8262e+03	 5.8090e+00	 2.3194e-01	 3.4316e+02	 2.8575e+03	-8.7714e+01	 3.0274e+06	 1.2088e+05	-2.5046e+01
 3.8443e+03	 2.8262e+03	 5.7560e+00	 2.8004e-01	 3.4315e+02	 2.8599e+03	-8.7215e+01	 1.6716e+06	 8.1325e+04	-2.0554e+01
 5.7665e+03	 2.8262e+03	 5.6908e+00	 3.3917e-01	 3.4315e+02	 2.8626e+03	-8.6589e+01	 9.2011e+05	 5.4838e+04	-1.6779e+01
 8.6498e+03	 2.8262e+03	 5.6095e+00	 4.1101e-01	 3.4315e+02	 2.8652e+03	-8.5809e+01	 5.0619e+05	 3.7089e+04	-1.3648e+01
 1.2975e+04	 2.8262e+03	 5.5061e+00	 4.9647e-01	 3.4315e+02	 2.8680e+03	-8.4848e+01	 2.7937e+05	 2.5190e+04	-1.1091e+01
 1.9462e+04	 2.8262e+03	 5.3733e+00	 5.9450e-01	 3.4315e+02	 2.8706e+03	-8.3687e+01	 1.5554e+05	 1.7209e+04	-9.0384e+00
 2.9193e+04	 2.8262e+03	 5.2010e+00	 6.9847e-01	 3.4315e+02	 2.8732e+03	-8.2351e+01	 8.8256e+04	 1.1852e+04	-7.4462e+00
 4.3789e+04	 2.8262e+03	 4.9827e+00	 7.9382e-01	 3.4315e+02	 2.8757e+03	-8.0948e+01	 5.1770e+04	 8.2477e+03	-6.2769e+00
 6.5684e+04	 2.8262e+03	 4.7204e+00	 8.5703e-01	 3.4315e+02	 2.8781e+03	-7.9710e+01	 3.1968e+04	 5.8040e+03	-5.5079e+00
 9.8526e+04	 2.8262e+03	 4.4453e+00	 8.6604e-01	 3.4315e+02	 2.8809e+03	-7.8976e+01	 2.1090e+04	 4.1088e+03	-5.1329e+00
 1.4779e+05	 2.8262e+03	 4.1727e+00	 8.1375e-01	 3.4315e+02	 2.8833e+03	-7.8965e+01	 1.4963e+04	 2.9181e+03	-5.1278e+00
 2.2168e+05	 2.8262e+03	 3.9443e+00	 7.2110e-01	 3.4316e+02	 2.8858e+03	-7.9640e+01	 1.1257e+04	 2.0581e+03	-5.4699e+00
 3.3253e+05	 2.8262e+03	 3.7676e+00	 6.1773e-01	 3.4315e+02	 2.8884e+03	-8.0689e+01	 8.7608e+03	 1.4364e+03	-6.0990e+00
 4.9879e+05	 2.8262e+03	-2.1388e+00	 4.7169e+01	 3.4315e+02	 2.8911e+03	 2.5962e+00	 7.6489e+01	-1.6869e+03	 4.5343e-02
 7.4818e+05	 2.8262e+03	 3.5723e+00	 3.4791e-01	 3.4315e+02	 2.8979e+03	-8.4437e+01	 6.9135e+03	 6.7331e+02	-1.0268e+01
 9.0000e+05	 2.8262e+03	 3.5352e+00	 3.0781e-01	 3.4315e+02	 2.9056e+03	-8.5024e+01	 6.4960e+03	 5.6560e+02	-1.1485e+01
 1.0000e+02	 2.9029e+03	 6.0205e+00	 6.9885e-02	 3.4315e+02	 2.9138e+03	-8.9335e+01	 2.5751e+08	 2.9891e+06	-8.6149e+01
 1.5000e+02	 2.9029e+03	 6.0048e+00	 7.8818e-02	 3.4315e+02	 2.9162e+03	-8.9248e+01	 1.5221e+08	 1.9979e+06	-7.6185e+01
 2.2500e+02	 2.9029e+03	 5.9869e+00	 8.7785e-02	 3.4315e+02	 2.9189e+03	-8.9160e+01	 9.1110e+07	 1.3359e+06	-6.8199e+01
 3.3750e+02	 2.9029e+03	 5.9668e+00	 1.0097e-01	 3.4314e+02	 2.9215e+03	-8.9031e+01	 5.2810e+07	 8.9361e+05	-5.9097e+01
 5.0625e+02	 2.9029e+03	 5.9438e+00	 1.1722e-01	 3.4314e+02	 2.9242e+03	-8.8870e+01	 3.0326e+07	 5.9805e+05	-5.0708e+01
 7.5938e+02	 2.9029e+03	 5.9172e+00	 1.3785e-01	 3.4315e+02	 2.9268e+03	-8.8665e+01	 1.7191e+07	 4.0049e+05	-4.2924e+01
 1.1391e+03	 2.9029e+03	 5.8858e+00	 1.6319e-01	 3.4315e+02	 2.9295e+03	-8.8412e+01	 9.6814e+06	 2.6842e+05	-3.6068e+01
 1.7086e+03	 2.9029e+03	 5.8487e+00	 1.9466e-01	 3.4315e+02	 2.9321e+03	-8.8094e+01	 5.4107e+06	 1.8008e+05	-3.0046e+01
 2.5629e+03	 2.9029e+03	 5.8045e+00	 2.3376e-01	 3.4314e+02	 2.9349e+03	-8.7694e+01	 3.0038e+06	 1.2097e+05	-2.4831e+01
 3.8443e+03	 2.9029e+03	 5.7509e+00	 2.8209e-01	 3.4314e+02	 2.9373e+03	-8.7192e+01	 1.6594e+06	 8.1398e+04	-2.0386e+01
 5.7665e+03	 2.9029e+03	 5.6850e+00	 3.4121e-01	 3.4314e+02	 2.9398e+03	-8.6565e+01	 9.1460e+05	 5.4895e+04	-1.6661e+01
 8.6498e+03	 2.9029e+03	 5.6030e+00	 4.1297e-01	 3.4315e+02	 2.9424e+03	-8.5785e+01	 5.0379e+05	 3.7132e+04	-1.3568e+01
 1.2975e+04	 2.9029e+03	 5.4988e+00	 4.9802e-01	 3.4314e+02	 2.9450e+03	-8.4825e+01	 2.7850e+05	 2.5224e+04	-1.1041e+01
 1.9462e+04	 2.9029e+03	 5.3652e+00	 5.9546e-01	 3.4314e+02	 2.9478e+03	-8.3667e+01	 1.5528e+05	 1.7234e+04	-9.0101e+00
 2.9193e+04	 2.9029e+03	 5.1928e+00	 6.9829e-01	 3.4314e+02	 2.9503e+03	-8.2341e+01	 8.8279e+04	 1.1871e+04	-7.4365e+00
 4.3789e+04	 2.9029e+03	 4.9747e+00	 7.9251e-01	 3.4314e+02	 2.9531e+03	-8.0948e+01	 5.1856e+04	 8.2610e+03	-6.2772e+00
 6.5684e+04	 2.9029e+03	 4.7132e+00	 8.5479e-01	 3.4314e+02	 2.9556e+03	-7.9721e+01	 3.2052e+04	 5.8128e+03	-5.5139e+00
 9.8526e+04	 2.9029e+03	 4.4393e+00	 8.6348e-01	 3.4315e+02	 2.9581e+03	-7.8993e+01	 2.1153e+04	 4.1143e+03	-5.1412e+00
 1.4779e+05	 2.9029e+03	 4.1681e+00	 8.1120e-01	 3.4315e+02	 2.9606e+03	-7.8987e+01	 1.5011e+04	 2.9214e+03	-5.1381e+00
 2.2168e+05	 2.9029e+03	 3.9404e+00	 7.1886e-01	 3.4315e+02	 2.9635e+03	-7.9661e+01	 1.1293e+04	 2.0601e+03	-5.4815e+00
 3.3253e+05	 2.9029e+03	 3.7641e+00	 6.1619e-01	 3.4315e+02	 2.9660e+03	-8.0703e+01	 8.7827e+03	 1.4377e+03	-6.1087e+00
 4.9879e+05	 2.9029e+03	-2.1279e+00	 4.7129e+01	 3.4315e+02	 2.9688e+03	 2.5852e+00	 7.6554e+01	-1.6955e+03	 4.5150e-02
 7.4818e+05	 2.9029e+03	 3.5695e+00	 3.4499e-01	 3.4314e+02	 2.9754e+03	-8.4480e+01	 6.9720e+03	 6.7383e+02	-1.0347e+01
 9.0000e+05	 2.9029e+03	 3.5323e+00	 3.0688e-01	 3.4315e+02	 2.9829e+03	-8.5035e+01	 6.5156e+03	 5.6607e+02	-1.1510e+01
 1.0000e+02	 2.9802e+03	 6.0188e+00	 7.0423e-02	 3.4315e+02	 2.9913e+03	-8.9330e+01	 2.5554e+08	 2.9899e+06	-8.5466e+01
 1.5000e+02	 2.9802e+03	 6.0025e+00	 7.7174e-02	 3.4315e+02	 2.9937e+03	-8.9263e+01	 1.5546e+08	 1.9987e+06	-7.7779e+01
 2.2500e+02	 2.9802e+03	 5.9845e+00	 8.8817e-02	 3.4316e+02	 2.9964e+03	-8.9150e+01	 9.0052e+07	 1.3365e+06	-6.7381e+01
 3.3750e+02	 2.9802e+03	 5.9643e+00	 1.0198e-01	 3.4316e+02	 2.9989e+03	-8.9020e+01	 5.2286e+07	 8.9399e+05	-5.8486e+01
 5.0625e+02	 2.9802e+03	 5.9412e+00	 1.1836e-01	 3.4315e+02	 3.0014e+03	-8.8859e+01	 3.0032e+07	 5.9831e+05	-5.0194e+01
 7.5938e+02	 2.9802e+03	 5.9142e+00	 1.3900e-01	 3.4316e+02	 3.0040e+03	-8.8654e+01	 1.7049e+07	 4.0070e+05	-4.2547e+01
 1.1391e+03	 2.9802e+03	 5.8823e+00	 1.6474e-01	 3.4316e+02	 3.0066e+03	-8.8396e+01	 9.5903e+06	 2.6858e+05	-3.5707e+01
 1.7086e+03	 2.9802e+03	 5.8452e+00	 1.9629e-01	 3.4316e+02	 3.0093e+03	-8.8077e+01	 5.3658e+06	 1.8019e+05	-2.9779e+01
 2.5629e+03	 2.9802e+03	 5.8004e+00	 2.3555e-01	 3.4316e+02	 3.0119e+03	-8.7675e+01	 2.9810e+06	 1.2105e+05	-2.4625e+01
 3.8443e+03	 2.9802e+03	 5.7463e+00	 2.8378e-01	 3.4315e+02	 3.0146e+03	-8.7173e+01	 1.6495e+06	 8.1463e+04	-2.0249e+01
 5.7665e+03	 2.9802e+03	 5.6798e+00	 3.4288e-01	 3.4316e+02	 3.0170e+03	-8.6545e+01	 9.1016e+05	 5.4944e+04	-1.6565e+01
 8.6498e+03	 2.9802e+03	 5.5971e+00	 4.1449e-01	 3.4316e+02	 3.0196e+03	-8.5765e+01	 5.0194e+05	 3.7171e+04	-1.3504e+01
 1.2975e+04	 2.9802e+03	 5.4922e+00	 4.9932e-01	 3.4316e+02	 3.0222e+03	-8.4805e+01	 2.7778e+05	 2.5254e+04	-1.0999e+01
 1.9462e+04	 2.9802e+03	 5.3580e+00	 5.9592e-01	 3.4315e+02	 3.0251e+03	-8.3654e+01	 1.5517e+05	 1.7257e+04	-8.9912e+00
 2.9193e+04	 2.9802e+03	 5.1853e+00	 6.9814e-01	 3.4315e+02	 3.0277e+03	-8.2332e+01	 8.8297e+04	 1.1888e+04	-7.4273e+00
 4.3789e+04	 2.9802e+03	 4.9675e+00	 7.9122e-01	 3.4315e+02	 3.0301e+03	-8.0950e+01	 5.1940e+04	 8.2730e+03	-6.2783e+00
 6.5684e+04	 2.9802e+03	 4.7066e+00	 8.5272e-01	 3.4315e+02	 3.0326e+03	-7.9731e+01	 3.2129e+04	 5.8211e+03	-5.5195e+00
 9.8526e+04	 2.9802e+03	 4.4339e+00	 8.6093e-01	 3.4315e+02	 3.0352e+03	-7.9011e+01	 2.1215e+04	 4.1194e+03	-5.1501e+00
 1.4779e+05	 2.9802e+03	 4.1636e+00	 8.0881e-01	 3.4315e+02	 3.0379e+03	-7.9007e+01	 1.5055e+04	 2.9246e+03	-5.1478e+00
 2.2168e+05	 2.9802e+03	 3.9366e+00	 7.1682e-01	 3.4316e+02	 3.0404e+03	-7.9680e+01	 1.1325e+04	 2.0621e+03	-5.4918e+00
 3.3253e+05	 2.9802e+03	 3.7610e+00	 6.1446e-01	 3.4315e+02	 3.0431e+03	-8.0721e+01	 8.8074e+03	 1.4389e+03	-6.1208e+00
 4.9879e+05	 2.9802e+03	-2.1163e+00	 4.7090e+01	 3.4315e+02	 3.0460e+03	 2.5732e+00	 7.6617e+01	-1.7048e+03	 4.4941e-02
 7.4818e+05	 2.9802e+03	 3.5668e+00	 3.4426e-01	 3.4316e+02	 3.0528e+03	-8.4487e+01	 6.9867e+03	 6.7435e+02	-1.0361e+01
 9.0000e+05	 2.9802e+03	 3.5296e+00	 3.0562e-01	 3.4315e+02	 3.0605e+03	-8.5051e+01	 6.5426e+03	 5.6650e+02	-1.1549e+01
 1.0000e+02	 3.0577e+03	 6.0168e+00	 7.1185e-02	 3.4315e+02	 3.0686e+03	-8.9322e+01	 2.5280e+08	 2.9909e+06	-8.4523e+01
 1.5000e+02	 3.0577e+03	 5.9979e+00	 7.7357e-02	 3.4315e+02	 3.0711e+03	-8.9261e+01	 1.5509e+08	 2.0002e+06	-7.7535e+01
 2.2500e+02	 3.0577e+03	 5.9824e+00	 8.9686e-02	 3.4315e+02	 3.0739e+03	-8.9141e+01	 8.9179e+07	 1.3369e+06	-6.6704e+01
 3.3750e+02	 3.0577e+03	 5.9619e+00	 1.0308e-01	 3.4315e+02	 3.0764e+03	-8.9009e+01	 5.1728e+07	 8.9435e+05	-5.7839e+01
 5.0625e+02	 3.0577e+03	 5.9383e+00	 1.1973e-01	 3.4315e+02	 3.0791e+03	-8.8845e+01	 2.9689e+07	 5.9860e+05	-4.9597e+01
 7.5938e+02	 3.0577e+03	 5.9112e+00	 1.4053e-01	 3.4315e+02	 3.0818e+03	-8.8638e+01	 1.6864e+07	 4.0090e+05	-4.2064e+01
 1.1391e+03	 3.0577e+03	 5.8793e+00	 1.6628e-01	 3.4315e+02	 3.0844e+03	-8.8380e+01	 9.5011e+06	 2.6872e+05	-3.5357e+01
 1.7086e+03	 3.0577e+03	 5.8410e+00	 1.9812e-01	 3.4314e+02	 3.0870e+03	-8.8057e+01	 5.3162e+06	 1.8032e+05	-2.9482e+01
 2.5629e+03	 3.0577e+03	 5.7961e+00	 2.3742e-01	 3.4314e+02	 3.0896e+03	-8.7654e+01	 2.9575e+06	 1.2114e+05	-2.4413e+01
 3.8443e+03	 3.0577e+03	 5.7411e+00	 2.8594e-01	 3.4315e+02	 3.0922e+03	-8.7149e+01	 1.6371e+06	 8.1536e+04	-2.0078e+01
 5.7665e+03	 3.0577e+03	 5.6741e+00	 3.4497e-01	 3.4315e+02	 3.0947e+03	-8.6521e+01	 9.0464e+05	 5.5000e+04	-1.6448e+01
 8.6498e+03	 3.0577e+03	 5.5906e+00	 4.1649e-01	 3.4314e+02	 3.0973e+03	-8.5739e+01	 4.9953e+05	 3.7214e+04	-1.3423e+01
 1.2975e+04	 3.0577e+03	 5.4849e+00	 5.0094e-01	 3.4315e+02	 3.0998e+03	-8.4782e+01	 2.7688e+05	 2.5288e+04	-1.0949e+01
 1.9462e+04	 3.0577e+03	 5.3503e+00	 5.9684e-01	 3.4315e+02	 3.1026e+03	-8.3635e+01	 1.5493e+05	 1.7283e+04	-8.9643e+00
 2.9193e+04	 3.0577e+03	 5.1773e+00	 6.9818e-01	 3.4315e+02	 3.1052e+03	-8.2320e+01	 8.8292e+04	 1.1907e+04	-7.4153e+00
 4.3789e+04	 3.0577e+03	 4.9596e+00	 7.8999e-01	 3.4315e+02	 3.1079e+03	-8.0950e+01	 5.2021e+04	 8.2862e+03	-6.2780e+00
 6.5684e+04	 3.0577e+03	 4.6995e+00	 8.5062e-01	 3.4315e+02	 3.1103e+03	-7.9740e+01	 3.2209e+04	 5.8299e+03	-5.5248e+00
 9.8526e+04	 3.0577e+03	 4.4278e+00	 8.5835e-01	 3.4315e+02	 3.1131e+03	-7.9029e+01	 2.1279e+04	 4.1250e+03	-5.1586e+00
 1.4779e+05	 3.0577e+03	 4.1586e+00	 8.0621e-01	 3.4315e+02	 3.1156e+03	-7.9028e+01	 1.5103e+04	 2.9280e+03	-5.1582e+00
 2.2168e+05	 3.0577e+03	 3.9327e+00	 7.1462e-01	 3.4316e+02	 3.1184e+03	-7.9701e+01	 1.1360e+04	 2.0642e+03	-5.5032e+00
 3.3253e+05	 3.0577e+03	 3.7577e+00	 6.1290e-01	 3.4315e+02	 3.1209e+03	-8.0736e+01	 8.8299e+03	 1.4402e+03	-6.1310e+00
 4.9879e+05	 3.0577e+03	-2.1040e+00	 4.7049e+01	 3.4315e+02	 3.1238e+03	 2.5605e+00	 7.6683e+01	-1.7148e+03	 4.4719e-02
 7.4818e+05	 3.0577e+03	 3.5634e+00	 3.4683e-01	 3.4314e+02	 3.1304e+03	-8.4441e+01	 6.9350e+03	 6.7499e+02	-1.0274e+01
 9.0000e+05	 3.0577e+03	 3.5265e+00	 3.0663e-01	 3.4315e+02	 3.1379e+03	-8.5031e+01	 6.5209e+03	 5.6701e+02	-1.1501e+01
 1.0000e+02	 3.1352e+03	 6.0149e+00	 7.1558e-02	 3.4315e+02	 3.1461e+03	-8.9318e+01	 2.5148e+08	 2.9918e+06	-8.4056e+01
 1.5000e+02	 3.1352e+03	 5.9988e+00	 7.8633e-02	 3.4315e+02	 3.1486e+03	-8.9249e+01	 1.5257e+08	 1.9999e+06	-7.6288e+01
 2.2500e+02	 3.1352e+03	 5.9802e+00	 9.0498e-02	 3.4315e+02	 3.1510e+03	-8.9133e+01	 8.8379e+07	 1.3374e+06	-6.6081e+01
 3.3750e+02	 3.1352e+03	 5.9594e+00	 1.0390e-01	 3.4315e+02	 3.1538e+03	-8.9001e+01	 5.1321e+07	 8.9473e+05	-5.7359e+01
 5.0625e+02	 3.1352e+03	 5.9359e+00	 1.2063e-01	 3.4315e+02	 3.1562e+03	-8.8836e+01	 2.9467e+07	 5.9885e+05	-4.9206e+01
 7.5938e+02	 3.1352e+03	 5.9080e+00	 1.4180e-01	 3.4315e+02	 3.1589e+03	-8.8625e+01	 1.6712e+07	 4.0112e+05	-4.1664e+01
 1.1391e+03	 3.1352e+03	 5.8757e+00	 1.6753e-01	 3.4315e+02	 3.1613e+03	-8.8367e+01	 9.4302e+06	 2.6888e+05	-3.5072e+01
 1.7086e+03	 3.1352e+03	 5.8372e+00	 1.9980e-01	 3.4314e+02	 3.1639e+03	-8.8040e+01	 5.2716e+06	 1.8044e+05	-2.9216e+01
 2.5629e+03	 3.1352e+03	 5.7917e+00	 2.3925e-01	 3.4315e+02	 3.1664e+03	-8.7634e+01	 2.9348e+06	 1.2124e+05	-2.4208e+01
 3.8443e+03	 3.1352e+03	 5.7364e+00	 2.8776e-01	 3.4314e+02	 3.1689e+03	-8.7128e+01	 1.6268e+06	 8.1603e+04	-1.9935e+01
 5.7665e+03	 3.1352e+03	 5.6686e+00	 3.4690e-01	 3.4315e+02	 3.1716e+03	-8.6498e+01	 8.9960e+05	 5.5053e+04	-1.6341e+01
 8.6498e+03	 3.1352e+03	 5.5845e+00	 4.1821e-01	 3.4315e+02	 3.1742e+03	-8.5717e+01	 4.9747e+05	 3.7255e+04	-1.3353e+01
 1.2975e+04	 3.1352e+03	 5.4781e+00	 5.0224e-01	 3.4315e+02	 3.1769e+03	-8.4762e+01	 2.7616e+05	 2.5319e+04	-1.0907e+01
 1.9462e+04	 3.1352e+03	 5.3430e+00	 5.9755e-01	 3.4315e+02	 3.1795e+03	-8.3619e+01	 1.5474e+05	 1.7306e+04	-8.9416e+00
 2.9193e+04	 3.1352e+03	 5.1699e+00	 6.9775e-01	 3.4316e+02	 3.1822e+03	-8.2314e+01	 8.8347e+04	 1.1924e+04	-7.4094e+00
 4.3789e+04	 3.1352e+03	 4.9525e+00	 7.8889e-01	 3.4316e+02	 3.1846e+03	-8.0949e+01	 5.2094e+04	 8.2981e+03	-6.2778e+00
 6.5684e+04	 3.1352e+03	 4.6930e+00	 8.4856e-01	 3.4315e+02	 3.1871e+03	-7.9751e+01	 3.2287e+04	 5.8380e+03	-5.5305e+00
 9.8526e+04	 3.1352e+03	 4.4225e+00	 8.5590e-01	 3.4316e+02	 3.1898e+03	-7.9047e+01	 2.1340e+04	 4.1300e+03	-5.1670e+00
 1.4779e+05	 3.1352e+03	 4.1544e+00	 8.0391e-01	 3.4315e+02	 3.1922e+03	-7.9048e+01	 1.5147e+04	 2.9310e+03	-5.1678e+00
 2.2168e+05	 3.1352e+03	 3.9293e+00	 7.1277e-01	 3.4315e+02	 3.1949e+03	-7.9718e+01	 1.1389e+04	 2.0659e+03	-5.5127e+00
 3.3253e+05	 3.1352e+03	 3.7546e+00	 6.1144e-01	 3.4316e+02	 3.1974e+03	-8.0750e+01	 8.8509e+03	 1.4414e+03	-6.1405e+00
 4.9879e+05	 3.1352e+03	-2.0934e+00	 4.7012e+01	 3.4315e+02	 3.2001e+03	 2.5496e+00	 7.6744e+01	-1.7235e+03	 4.4528e-02
 7.4818e+05	 3.1352e+03	 3.5605e+00	 3.4838e-01	 3.4316e+02	 3.2069e+03	-8.4412e+01	 6.9040e+03	 6.7554e+02	-1.0220e+01
 9.0000e+05	 3.1352e+03	 3.5236e+00	 3.0723e-01	 3.4316e+02	 3.2144e+03	-8.5017e+01	 6.5083e+03	 5.6747e+02	-1.1469e+01
 1.0000e+02	 3.2117e+03	 6.0131e+00	 7.2233e-02	 3.4315e+02	 3.2228e+03	-8.9312e+01	 2.4914e+08	 2.9927e+06	-8.3247e+01
 1.5000e+02	 3.2117e+03	 5.9973e+00	 8.0112e-02	 3.4315e+02	 3.2252e+03	-8.9235e+01	 1.4975e+08	 2.0004e+06	-7.4861e+01
 2.2500e+02	 3.2117e+03	 5.9779e+00	 9.1383e-02	 3.4315e+02	 3.2279e+03	-8.9124e+01	 8.7523e+07	 1.3379e+06	-6.5416e+01
 3.3750e+02	 3.2117e+03	 5.9571e+00	 1.0493e-01	 3.4315e+02	 3.2305e+03	-8.8991e+01	 5.0818e+07	 8.9508e+05	-5.6775e+01
 5.0625e+02	 3.2117e+03	 5.9330e+00	 1.2217e-01	 3.4314e+02	 3.2331e+03	-8.8820e+01	 2.9096e+07	 5.9914e+05	-4.8563e+01
 7.5938e+02	 3.2117e+03	 5.9053e+00	 1.4313e-01	 3.4315e+02	 3.2358e+03	-8.8612e+01	 1.6557e+07	 4.0130e+05	-4.1258e+01
 1.1391e+03	 3.2117e+03	 5.8723e+00	 1.6920e-01	 3.4315e+02	 3.2384e+03	-8.8350e+01	 9.3374e+06	 2.6904e+05	-3.4707e+01
 1.7086e+03	 3.2117e+03	 5.8336e+00	 2.0140e-01	 3.4315e+02	 3.2410e+03	-8.8023e+01	 5.2295e+06	 1.8055e+05	-2.8965e+01
 2.5629e+03	 3.2117e+03	 5.7874e+00	 2.4118e-01	 3.4314e+02	 3.2439e+03	-8.7614e+01	 2.9114e+06	 1.2133e+05	-2.3996e+01
 3.8443e+03	 3.2117e+03	 5.7314e+00	 2.8965e-01	 3.4314e+02	 3.2463e+03	-8.7107e+01	 1.6161e+06	 8.1675e+04	-1.9787e+01
 5.7665e+03	 3.2117e+03	 5.6629e+00	 3.4882e-01	 3.4314e+02	 3.2488e+03	-8.6475e+01	 8.9465e+05	 5.5108e+04	-1.6234e+01
 8.6498e+03	 3.2117e+03	 5.5781e+00	 4.1999e-01	 3.4314e+02	 3.2515e+03	-8.5694e+01	 4.9536e+05	 3.7298e+04	-1.3281e+01
 1.2975e+04	 3.2117e+03	 5.4711e+00	 5.0381e-01	 3.4314e+02	 3.2539e+03	-8.4739e+01	 2.7530e+05	 2.5351e+04	-1.0860e+01
 1.9462e+04	 3.2117e+03	 5.3353e+00	 5.9851e-01	 3.4314e+02	 3.2566e+03	-8.3599e+01	 1.5449e+05	 1.7331e+04	-8.9144e+00
 2.9193e+04	 3.2117e+03	 5.1616e+00	 6.9773e-01	 3.4315e+02	 3.2592e+03	-8.2302e+01	 8.8349e+04	 1.1943e+04	-7.3976e+00
 4.3789e+04	 3.2117e+03	 4.9445e+00	 7.8773e-01	 3.4314e+02	 3.2617e+03	-8.0948e+01	 5.2170e+04	 8.3115e+03	-6.2768e+00
 6.5684e+04	 3.2117e+03	 4.6858e+00	 8.4661e-01	 3.4315e+02	 3.2641e+03	-7.9758e+01	 3.2361e+04	 5.8469e+03	-5.5347e+00
 9.8526e+04	 3.2117e+03	 4.4164e+00	 8.5330e-01	 3.4314e+02	 3.2668e+03	-7.9064e+01	 2.1405e+04	 4.1357e+03	-5.1756e+00
 1.4779e+05	 3.2117e+03	 4.1493e+00	 8.0127e-01	 3.4314e+02	 3.2696e+03	-7.9070e+01	 1.5197e+04	 2.9346e+03	-5.1784e+00
 2.2168e+05	 3.2117e+03	 3.9253e+00	 7.1040e-01	 3.4314e+02	 3.2721e+03	-7.9742e+01	 1.1427e+04	 2.0681e+03	-5.5254e+00
 3.3253e+05	 3.2117e+03	 3.7511e+00	 6.0957e-01	 3.4314e+02	 3.2748e+03	-8.0770e+01	 8.8781e+03	 1.4427e+03	-6.1536e+00
 4.9879e+05	 3.2117e+03	-2.0797e+00	 4.6970e+01	 3.4314e+02	 3.2775e+03	 2.5352e+00	 7.6812e+01	-1.7348e+03	 4.4276e-02
 7.4818e+05	 3.2117e+03	 3.5577e+00	 3.4615e-01	 3.4315e+02	 3.2841e+03	-8.4443e+01	 6.9485e+03	 6.7607e+02	-1.0278e+01
 9.0000e+05	 3.2117e+03	 3.5208e+00	 3.0589e-01	 3.4315e+02	 3.2921e+03	-8.5035e+01	 6.5368e+03	 5.6791e+02	-1.1510e+01
 1.0000e+02	 3.2894e+03	 6.0113e+00	 7.3043e-02	 3.4315e+02	 3.3003e+03	-8.9304e+01	 2.4637e+08	 2.9936e+06	-8.2298e+01
 1.5000e+02	 3.2894e+03	 5.9949e+00	 8.1428e-02	 3.4316e+02	 3.3028e+03	-8.9222e+01	 1.4734e+08	 2.0012e+06	-7.3623e+01
 2.2500e+02	 3.2894e+03	 5.9758e+00	 9.2280e-02	 3.4314e+02	 3.3052e+03	-8.9115e+01	 8.6672e+07	 1.3384e+06	-6.4758e+01
 3.3750e+02	 3.2894e+03	 5.9548e+00	 1.0602e-01	 3.4314e+02	 3.3079e+03	-8.8980e+01	 5.0292e+07	 8.9543e+05	-5.6165e+01
 5.0625e+02	 3.2894e+03	 5.9303e+00	 1.2314e-01	 3.4315e+02	 3.3103e+03	-8.8810e+01	 2.8868e+07	 5.9941e+05	-4.8160e+01
 7.5938e+02	 3.2894e+03	 5.9022e+00	 1.4448e-01	 3.4314e+02	 3.3131e+03	-8.8598e+01	 1.6403e+07	 4.0151e+05	-4.0853e+01
 1.1391e+03	 3.2894e+03	 5.8691e+00	 1.7050e-01	 3.4314e+02	 3.3156e+03	-8.8336e+01	 9.2662e+06	 2.6918e+05	-3.4423e+01
 1.7086e+03	 3.2894e+03	 5.8298e+00	 2.0306e-01	 3.4314e+02	 3.3184e+03	-8.8005e+01	 5.1869e+06	 1.8067e+05	-2.8710e+01
 2.5629e+03	 3.2894e+03	 5.7833e+00	 2.4282e-01	 3.4314e+02	 3.3209e+03	-8.7596e+01	 2.8917e+06	 1.2141e+05	-2.3817e+01
 3.8443e+03	 3.2894e+03	 5.7267e+00	 2.9145e-01	 3.4314e+02	 3.3234e+03	-8.7087e+01	 1.6061e+06	 8.1742e+04	-1.9649e+01
 5.7665e+03	 3.2894e+03	 5.6576e+00	 3.5070e-01	 3.4313e+02	 3.3259e+03	-8.6453e+01	 8.8986e+05	 5.5160e+04	-1.6132e+01
 8.6498e+03	 3.2894e+03	 5.5718e+00	 4.2169e-01	 3.4313e+02	 3.3284e+03	-8.5672e+01	 4.9336e+05	 3.7339e+04	-1.3213e+01
 1.2975e+04	 3.2894e+03	 5.4645e+00	 5.0507e-01	 3.4313e+02	 3.3311e+03	-8.4719e+01	 2.7461e+05	 2.5382e+04	-1.0819e+01
 1.9462e+04	 3.2894e+03	 5.3280e+00	 5.9903e-01	 3.4313e+02	 3.3337e+03	-8.3585e+01	 1.5436e+05	 1.7355e+04	-8.8943e+00
 2.9193e+04	 3.2894e+03	 5.1542e+00	 6.9753e-01	 3.4314e+02	 3.3363e+03	-8.2293e+01	 8.8375e+04	 1.1960e+04	-7.3893e+00
 4.3789e+04	 3.2894e+03	 4.9374e+00	 7.8658e-01	 3.4314e+02	 3.3388e+03	-8.0948e+01	 5.2247e+04	 8.3235e+03	-6.2770e+00
 6.5684e+04	 3.2894e+03	 4.6795e+00	 8.4452e-01	 3.4314e+02	 3.3412e+03	-7.9770e+01	 3.2441e+04	 5.8548e+03	-5.5410e+00
 9.8526e+04	 3.2894e+03	 4.4111e+00	 8.5101e-01	 3.4314e+02	 3.3439e+03	-7.9081e+01	 2.1463e+04	 4.1406e+03	-5.1834e+00
 1.4779e+05	 3.2894e+03	 4.1453e+00	 7.9910e-01	 3.4314e+02	 3.3464e+03	-7.9089e+01	 1.5238e+04	 2.9374e+03	-5.1875e+00
 2.2168e+05	 3.2894e+03	 3.9220e+00	 7.0858e-01	 3.4314e+02	 3.3491e+03	-7.9759e+01	 1.1456e+04	 2.0698e+03	-5.5350e+00
 3.3253e+05	 3.2894e+03	 3.7484e+00	 6.0829e-01	 3.4315e+02	 3.3516e+03	-8.0782e+01	 8.8968e+03	 1.4438e+03	-6.1621e+00
 4.9879e+05	 3.2894e+03	-2.0704e+00	 4.6938e+01	 3.4315e+02	 3.3546e+03	 2.5257e+00	 7.6865e+01	-1.7426e+03	 4.4110e-02
 7.4818e+05	 3.2894e+03	 3.5560e+00	 3.4091e-01	 3.4315e+02	 3.3612e+03	-8.4524e+01	 7.0555e+03	 6.7639e+02	-1.0431e+01
 9.0000e+05	 3.2894e+03	 3.5187e+00	 3.0538e-01	 3.4316e+02	 3.3689e+03	-8.5040e+01	 6.5476e+03	 5.6826e+02	-1.1522e+01
 1.0000e+02	 3.3662e+03	 6.0099e+00	 7.3577e-02	 3.4316e+02	 3.3771e+03	-8.9299e+01	 2.4458e+08	 2.9943e+06	-8.1682e+01
 1.5000e+02	 3.3662e+03	 5.9926e+00	 8.1531e-02	 3.4316e+02	 3.3795e+03	-8.9221e+01	 1.4715e+08	 2.0020e+06	-7.3501e+01
 2.2500e+02	 3.3662e+03	 5.9738e+00	 9.3103e-02	 3.4316e+02	 3.3819e+03	-8.9107e+01	 8.5906e+07	 1.3389e+06	-6.4164e+01
 3.3750e+02	 3.3662e+03	 5.9527e+00	 1.0680e-01	 3.4317e+02	 3.3848e+03	-8.8972e+01	 4.9924e+07	 8.9573e+05	-5.5736e+01
 5.0625e+02	 3.3662e+03	 5.9282e+00	 1.2418e-01	 3.4316e+02	 3.3873e+03	-8.8800e+01	 2.8625e+07	 5.9963e+05	-4.7737e+01
 7.5938e+02	 3.3662e+03	 5.8998e+00	 1.4552e-01	 3.4316e+02	 3.3900e+03	-8.8587e+01	 1.6285e+07	 4.0168e+05	-4.0542e+01
 1.1391e+03	 3.3662e+03	 5.8665e+00	 1.7221e-01	 3.4316e+02	 3.3924e+03	-8.8319e+01	 9.1738e+06	 2.6931e+05	-3.4065e+01
 1.7086e+03	 3.3662e+03	 5.8269e+00	 2.0435e-01	 3.4316e+02	 3.3950e+03	-8.7991e+01	 5.1542e+06	 1.8076e+05	-2.8515e+01
 2.5629e+03	 3.3662e+03	 5.7797e+00	 2.4426e-01	 3.4316e+02	 3.3976e+03	-8.7580e+01	 2.8747e+06	 1.2149e+05	-2.3662e+01
 3.8443e+03	 3.3662e+03	 5.7226e+00	 2.9294e-01	 3.4317e+02	 3.4004e+03	-8.7070e+01	 1.5979e+06	 8.1800e+04	-1.9535e+01
 5.7665e+03	 3.3662e+03	 5.6531e+00	 3.5209e-01	 3.4316e+02	 3.4028e+03	-8.6436e+01	 8.8634e+05	 5.5204e+04	-1.6056e+01
 8.6498e+03	 3.3662e+03	 5.5670e+00	 4.2290e-01	 3.4316e+02	 3.4056e+03	-8.5656e+01	 4.9196e+05	 3.7372e+04	-1.3164e+01
 1.2975e+04	 3.3662e+03	 5.4589e+00	 5.0587e-01	 3.4316e+02	 3.4081e+03	-8.4706e+01	 2.7418e+05	 2.5408e+04	-1.0791e+01
 1.9462e+04	 3.3662e+03	 5.3222e+00	 5.9915e-01	 3.4316e+02	 3.4106e+03	-8.3577e+01	 1.5433e+05	 1.7374e+04	-8.8828e+00
 2.9193e+04	 3.3662e+03	 5.1483e+00	 6.9705e-01	 3.4316e+02	 3.4132e+03	-8.2289e+01	 8.8435e+04	 1.1974e+04	-7.3858e+00
 4.3789e+04	 3.3662e+03	 4.9317e+00	 7.8516e-01	 3.4316e+02	 3.4157e+03	-8.0954e+01	 5.2341e+04	 8.3330e+03	-6.2811e+00
 6.5684e+04	 3.3662e+03	 4.6744e+00	 8.4255e-01	 3.4316e+02	 3.4184e+03	-7.9782e+01	 3.2517e+04	 5.8611e+03	-5.5480e+00
 9.8526e+04	 3.3662e+03	 4.4069e+00	 8.4886e-01	 3.4316e+02	 3.4209e+03	-7.9097e+01	 2.1517e+04	 4.1446e+03	-5.1916e+00
 1.4779e+05	 3.3662e+03	 4.1417e+00	 7.9705e-01	 3.4316e+02	 3.4238e+03	-7.9107e+01	 1.5277e+04	 2.9400e+03	-5.1963e+00
 2.2168e+05	 3.3662e+03	 3.9190e+00	 7.0706e-01	 3.4316e+02	 3.4264e+03	-7.9773e+01	 1.1481e+04	 2.0714e+03	-5.5426e+00
 3.3253e+05	 3.3662e+03	 3.7456e+00	 6.0702e-01	 3.4316e+02	 3.4291e+03	-8.0795e+01	 8.9154e+03	 1.4449e+03	-6.1704e+00
 4.9879e+05	 3.3662e+03	-2.0606e+00	 4.6903e+01	 3.4316e+02	 3.4319e+03	 2.5155e+00	 7.6921e+01	-1.7509e+03	 4.3932e-02
 7.4818e+05	 3.3662e+03	 3.5532e+00	 3.4178e-01	 3.4317e+02	 3.4388e+03	-8.4506e+01	 7.0374e+03	 6.7693e+02	-1.0396e+01
 9.0000e+05	 3.3662e+03	 3.5160e+00	 3.0513e-01	 3.4315e+02	 3.4465e+03	-8.5040e+01	 6.5531e+03	 5.6870e+02	-1.1523e+01
 1.0000e+02	 3.4438e+03	 6.0079e+00	 7.4185e-02	 3.4316e+02	 3.4542e+03	-8.9293e+01	 2.4258e+08	 2.9954e+06	-8.0985e+01
 1.5000e+02	 3.4438e+03	 5.9912e+00	 8.3411e-02	 3.4315e+02	 3.4569e+03	-8.9202e+01	 1.4383e+08	 2.0025e+06	-7.1827e+01
 2.2500e+02	 3.4438e+03	 5.9719e+00	 9.4010e-02	 3.4315e+02	 3.4594e+03	-8.9098e+01	 8.5077e+07	 1.3393e+06	-6.3524e+01
 3.3750e+02	 3.4438e+03	 5.9504e+00	 1.0795e-01	 3.4315e+02	 3.4624e+03	-8.8961e+01	 4.9392e+07	 8.9608e+05	-5.5120e+01
 5.0625e+02	 3.4438e+03	 5.9254e+00	 1.2541e-01	 3.4314e+02	 3.4649e+03	-8.8788e+01	 2.8345e+07	 5.9991e+05	-4.7249e+01
 7.5938e+02	 3.4438e+03	 5.8966e+00	 1.4694e-01	 3.4315e+02	 3.4678e+03	-8.8573e+01	 1.6128e+07	 4.0189e+05	-4.0130e+01
 1.1391e+03	 3.4438e+03	 5.8629e+00	 1.7330e-01	 3.4314e+02	 3.4702e+03	-8.8307e+01	 9.1163e+06	 2.6947e+05	-3.3830e+01
 1.7086e+03	 3.4438e+03	 5.8227e+00	 2.0601e-01	 3.4315e+02	 3.4731e+03	-8.7974e+01	 5.1126e+06	 1.8088e+05	-2.8264e+01
 2.5629e+03	 3.4438e+03	 5.7750e+00	 2.4603e-01	 3.4315e+02	 3.4757e+03	-8.7561e+01	 2.8540e+06	 1.2159e+05	-2.3473e+01
 3.8443e+03	 3.4438e+03	 5.7176e+00	 2.9501e-01	 3.4315e+02	 3.4781e+03	-8.7046e+01	 1.5868e+06	 8.1871e+04	-1.9381e+01
 5.7665e+03	 3.4438e+03	 5.6473e+00	 3.5411e-01	 3.4314e+02	 3.4806e+03	-8.6412e+01	 8.8128e+05	 5.5261e+04	-1.5948e+01
 8.6498e+03	 3.4438e+03	 5.5604e+00	 4.2480e-01	 3.4314e+02	 3.4831e+03	-8.5631e+01	 4.8976e+05	 3.7416e+04	-1.3090e+01
 1.2975e+04	 3.4438e+03	 5.4515e+00	 5.0734e-01	 3.4315e+02	 3.4858e+03	-8.4683e+01	 2.7339e+05	 2.5442e+04	-1.0745e+01
 1.9462e+04	 3.4438e+03	 5.3144e+00	 6.0029e-01	 3.4315e+02	 3.4884e+03	-8.3555e+01	 1.5404e+05	 1.7399e+04	-8.8531e+00
 2.9193e+04	 3.4438e+03	 5.1402e+00	 6.9691e-01	 3.4315e+02	 3.4911e+03	-8.2279e+01	 8.8453e+04	 1.1993e+04	-7.3756e+00
 4.3789e+04	 3.4438e+03	 4.9237e+00	 7.8411e-01	 3.4314e+02	 3.4936e+03	-8.0951e+01	 5.2411e+04	 8.3467e+03	-6.2793e+00
 6.5684e+04	 3.4438e+03	 4.6673e+00	 8.4059e-01	 3.4315e+02	 3.4964e+03	-7.9790e+01	 3.2593e+04	 5.8700e+03	-5.5524e+00
 9.8526e+04	 3.4438e+03	 4.4010e+00	 8.4634e-01	 3.4315e+02	 3.4991e+03	-7.9114e+01	 2.1581e+04	 4.1502e+03	-5.2000e+00
 1.4779e+05	 3.4438e+03	 4.1371e+00	 7.9449e-01	 3.4315e+02	 3.5019e+03	-7.9129e+01	 1.5326e+04	 2.9433e+03	-5.2073e+00
 2.2168e+05	 3.4438e+03	 3.9150e+00	 7.0484e-01	 3.4314e+02	 3.5044e+03	-7.9794e+01	 1.1517e+04	 2.0735e+03	-5.5545e+00
 3.3253e+05	 3.4438e+03	 3.7423e+00	 6.0541e-01	 3.4315e+02	 3.5071e+03	-8.0811e+01	 8.9391e+03	 1.4461e+03	-6.1814e+00
 4.9879e+05	 3.4438e+03	-2.0479e+00	 4.6864e+01	 3.4315e+02	 3.5098e+03	 2.5022e+00	 7.6986e+01	-1.7617e+03	 4.3699e-02
 7.4818e+05	 3.4438e+03	 3.5503e+00	 3.4259e-01	 3.4315e+02	 3.5166e+03	-8.4488e+01	 7.0207e+03	 6.7748e+02	-1.0363e+01
 9.0000e+05	 3.4438e+03	 3.5133e+00	 3.0365e-01	 3.4315e+02	 3.5244e+03	-8.5060e+01	 6.5850e+03	 5.6913e+02	-1.1570e+01
 1.0000e+02	 3.5216e+03	 6.0063e+00	 7.4991e-02	 3.4315e+02	 3.5329e+03	-8.9285e+01	 2.3997e+08	 2.9961e+06	-8.0094e+01
 1.5000e+02	 3.5216e+03	 5.9884e+00	 8.3692e-02	 3.4315e+02	 3.5354e+03	-8.9199e+01	 1.4335e+08	 2.0034e+06	-7.1553e+01
 2.2500e+02	 3.5216e+03	 5.9697e+00	 9.4844e-02	 3.4315e+02	 3.5381e+03	-8.9090e+01	 8.4329e+07	 1.3398e+06	-6.2943e+01
 3.3750e+02	 3.5216e+03	 5.9479e+00	 1.0887e-01	 3.4314e+02	 3.5405e+03	-8.8951e+01	 4.8976e+07	 8.9646e+05	-5.4633e+01
 5.0625e+02	 3.5216e+03	 5.9228e+00	 1.2647e-01	 3.4314e+02	 3.5429e+03	-8.8777e+01	 2.8108e+07	 6.0017e+05	-4.6833e+01
 7.5938e+02	 3.5216e+03	 5.8937e+00	 1.4813e-01	 3.4314e+02	 3.5456e+03	-8.8560e+01	 1.5998e+07	 4.0209e+05	-3.9788e+01
 1.1391e+03	 3.5216e+03	 5.8595e+00	 1.7481e-01	 3.4314e+02	 3.5480e+03	-8.8291e+01	 9.0377e+06	 2.6962e+05	-3.3520e+01
 1.7086e+03	 3.5216e+03	 5.8192e+00	 2.0770e-01	 3.4315e+02	 3.5506e+03	-8.7956e+01	 5.0710e+06	 1.8099e+05	-2.8017e+01
 2.5629e+03	 3.5216e+03	 5.7712e+00	 2.4787e-01	 3.4314e+02	 3.5534e+03	-8.7541e+01	 2.8327e+06	 1.2167e+05	-2.3283e+01
 3.8443e+03	 3.5216e+03	 5.7130e+00	 2.9676e-01	 3.4314e+02	 3.5561e+03	-8.7026e+01	 1.5774e+06	 8.1938e+04	-1.9251e+01
 5.7665e+03	 3.5216e+03	 5.6420e+00	 3.5592e-01	 3.4315e+02	 3.5586e+03	-8.6390e+01	 8.7681e+05	 5.5313e+04	-1.5852e+01
 8.6498e+03	 3.5216e+03	 5.5546e+00	 4.2649e-01	 3.4314e+02	 3.5614e+03	-8.5609e+01	 4.8781e+05	 3.7456e+04	-1.3024e+01
 1.2975e+04	 3.5216e+03	 5.4449e+00	 5.0869e-01	 3.4314e+02	 3.5639e+03	-8.4663e+01	 2.7266e+05	 2.5473e+04	-1.0704e+01
 1.9462e+04	 3.5216e+03	 5.3071e+00	 6.0077e-01	 3.4314e+02	 3.5668e+03	-8.3542e+01	 1.5391e+05	 1.7423e+04	-8.8338e+00
 2.9193e+04	 3.5216e+03	 5.1327e+00	 6.9672e-01	 3.4314e+02	 3.5694e+03	-8.2270e+01	 8.8478e+04	 1.2010e+04	-7.3669e+00
 4.3789e+04	 3.5216e+03	 4.9164e+00	 7.8299e-01	 3.4315e+02	 3.5718e+03	-8.0951e+01	 5.2486e+04	 8.3589e+03	-6.2790e+00
 6.5684e+04	 3.5216e+03	 4.6605e+00	 8.3857e-01	 3.4314e+02	 3.5745e+03	-7.9800e+01	 3.2672e+04	 5.8786e+03	-5.5577e+00
 9.8526e+04	 3.5216e+03	 4.3953e+00	 8.4384e-01	 3.4315e+02	 3.5774e+03	-7.9132e+01	 2.1645e+04	 4.1556e+03	-5.2087e+00
 1.4779e+05	 3.5216e+03	 4.1324e+00	 7.9205e-01	 3.4314e+02	 3.5799e+03	-7.9150e+01	 1.5373e+04	 2.9466e+03	-5.2174e+00
 2.2168e+05	 3.5216e+03	 3.9112e+00	 7.0276e-01	 3.4314e+02	 3.5826e+03	-7.9814e+01	 1.1551e+04	 2.0755e+03	-5.5654e+00
 3.3253e+05	 3.5216e+03	 3.7391e+00	 6.0360e-01	 3.4315e+02	 3.5852e+03	-8.0830e+01	 8.9659e+03	 1.4473e+03	-6.1947e+00
 4.9879e+05	 3.5216e+03	-2.0346e+00	 4.6826e+01	 3.4315e+02	 3.5881e+03	 2.4879e+00	 7.7048e+01	-1.7733e+03	 4.3450e-02
 7.4818e+05	 3.5216e+03	 3.5473e+00	 3.4318e-01	 3.4314e+02	 3.5948e+03	-8.4474e+01	 7.0087e+03	 6.7805e+02	-1.0337e+01
 9.0000e+05	 3.5216e+03	 3.5105e+00	 3.0394e-01	 3.4315e+02	 3.6022e+03	-8.5052e+01	 6.5787e+03	 5.6959e+02	-1.1550e+01
 1.0000e+02	 3.5995e+03	 6.0044e+00	 7.5528e-02	 3.4315e+02	 3.6105e+03	-8.9279e+01	 2.3827e+08	 2.9971e+06	-7.9499e+01
 1.5000e+02	 3.5995e+03	 5.9876e+00	 8.4465e-02	 3.4316e+02	 3.6130e+03	-8.9192e+01	 1.4204e+08	 2.0037e+06	-7.0889e+01
 2.2500e+02	 3.5995e+03	 5.9678e+00	 9.5648e-02	 3.4315e+02	 3.6156e+03	-8.9082e+01	 8.3620e+07	 1.3402e+06	-6.2393e+01
 3.3750e+02	 3.5995e+03	 5.9456e+00	 1.0981e-01	 3.4315e+02	 3.6182e+03	-8.8942e+01	 4.8559e+07	 8.9680e+05	-5.4147e+01
 5.0625e+02	 3.5995e+03	 5.9203e+00	 1.2751e-01	 3.4315e+02	 3.6206e+03	-8.8766e+01	 2.7878e+07	 6.0042e+05	-4.6431e+01
 7.5938e+02	 3.5995e+03	 5.8910e+00	 1.4948e-01	 3.4315e+02	 3.6234e+03	-8.8546e+01	 1.5853e+07	 4.0227e+05	-3.9409e+01
 1.1391e+03	 3.5995e+03	 5.8565e+00	 1.7600e-01	 3.4315e+02	 3.6259e+03	-8.8279e+01	 8.9766e+06	 2.6976e+05	-3.3276e+01
 1.7086e+03	 3.5995e+03	 5.8158e+00	 2.0915e-01	 3.4315e+02	 3.6285e+03	-8.7940e+01	 5.0358e+06	 1.8110e+05	-2.7806e+01
 2.5629e+03	 3.5995e+03	 5.7673e+00	 2.4954e-01	 3.4315e+02	 3.6312e+03	-8.7522e+01	 2.8138e+06	 1.2175e+05	-2.3112e+01
 3.8443e+03	 3.5995e+03	 5.7086e+00	 2.9838e-01	 3.4316e+02	 3.6339e+03	-8.7008e+01	 1.5688e+06	 8.2001e+04	-1.9132e+01
 5.7665e+03	 3.5995e+03	 5.6371e+00	 3.5765e-01	 3.4315e+02	 3.6363e+03	-8.6370e+01	 8.7257e+05	 5.5360e+04	-1.5762e+01
 8.6498e+03	 3.5995e+03	 5.5489e+00	 4.2802e-01	 3.4314e+02	 3.6391e+03	-8.5589e+01	 4.8607e+05	 3.7494e+04	-1.2964e+01
 1.2975e+04	 3.5995e+03	 5.4388e+00	 5.0991e-01	 3.4314e+02	 3.6416e+03	-8.4644e+01	 2.7201e+05	 2.5502e+04	-1.0666e+01
 1.9462e+04	 3.5995e+03	 5.3004e+00	 6.0138e-01	 3.4314e+02	 3.6442e+03	-8.3527e+01	 1.5376e+05	 1.7445e+04	-8.8137e+00
 2.9193e+04	 3.5995e+03	 5.1257e+00	 6.9655e-01	 3.4314e+02	 3.6468e+03	-8.2261e+01	 8.8500e+04	 1.2026e+04	-7.3588e+00
 4.3789e+04	 3.5995e+03	 4.9097e+00	 7.8173e-01	 3.4315e+02	 3.6492e+03	-8.0953e+01	 5.2570e+04	 8.3705e+03	-6.2805e+00
 6.5684e+04	 3.5995e+03	 4.6545e+00	 8.3665e-01	 3.4315e+02	 3.6517e+03	-7.9810e+01	 3.2746e+04	 5.8862e+03	-5.5633e+00
 9.8526e+04	 3.5995e+03	 4.3903e+00	 8.4157e-01	 3.4314e+02	 3.6543e+03	-7.9149e+01	 2.1703e+04	 4.1602e+03	-5.2169e+00
 1.4779e+05	 3.5995e+03	 4.1283e+00	 7.8992e-01	 3.4315e+02	 3.6568e+03	-7.9168e+01	 1.5415e+04	 2.9495e+03	-5.2263e+00
 2.2168e+05	 3.5995e+03	 3.9081e+00	 7.0095e-01	 3.4315e+02	 3.6594e+03	-7.9832e+01	 1.1581e+04	 2.0772e+03	-5.5754e+00
 3.3253e+05	 3.5995e+03	 3.7364e+00	 6.0227e-01	 3.4315e+02	 3.6619e+03	-8.0843e+01	 8.9857e+03	 1.4484e+03	-6.2039e+00
 4.9879e+05	 3.5995e+03	-2.0237e+00	 4.6791e+01	 3.4315e+02	 3.6645e+03	 2.4765e+00	 7.7106e+01	-1.7828e+03	 4.3249e-02
 7.4818e+05	 3.5995e+03	 3.5449e+00	 3.4196e-01	 3.4315e+02	 3.6711e+03	-8.4490e+01	 7.0337e+03	 6.7851e+02	-1.0366e+01
 9.0000e+05	 3.5995e+03	 3.5079e+00	 3.0534e-01	 3.4315e+02	 3.6789e+03	-8.5025e+01	 6.5484e+03	 5.7001e+02	-1.1488e+01
 1.0000e+02	 3.6761e+03	 6.0029e+00	 7.6177e-02	 3.4315e+02	 3.6873e+03	-8.9273e+01	 2.3624e+08	 2.9978e+06	-7.8803e+01
 1.5000e+02	 3.6761e+03	 5.9847e+00	 8.4613e-02	 3.4315e+02	 3.6897e+03	-8.9190e+01	 1.4179e+08	 2.0046e+06	-7.0730e+01
 2.2500e+02	 3.6761e+03	 5.9658e+00	 9.6444e-02	 3.4315e+02	 3.6921e+03	-8.9074e+01	 8.2930e+07	 1.3407e+06	-6.1857e+01
 3.3750e+02	 3.6761e+03	 5.9434e+00	 1.1081e-01	 3.4315e+02	 3.6948e+03	-8.8932e+01	 4.8117e+07	 8.9714e+05	-5.3634e+01
 5.0625e+02	 3.6761e+03	 5.9179e+00	 1.2859e-01	 3.4315e+02	 3.6973e+03	-8.8755e+01	 2.7645e+07	 6.0067e+05	-4.6023e+01
 7.5938e+02	 3.6761e+03	 5.8883e+00	 1.5051e-01	 3.4315e+02	 3.7001e+03	-8.8536e+01	 1.5745e+07	 4.0246e+05	-3.9122e+01
 1.1391e+03	 3.6761e+03	 5.8535e+00	 1.7744e-01	 3.4315e+02	 3.7026e+03	-8.8264e+01	 8.9039e+06	 2.6990e+05	-3.2989e+01
 1.7086e+03	 3.6761e+03	 5.8122e+00	 2.1081e-01	 3.4316e+02	 3.7052e+03	-8.7923e+01	 4.9963e+06	 1.8121e+05	-2.7571e+01
 2.5629e+03	 3.6761e+03	 5.7633e+00	 2.5112e-01	 3.4315e+02	 3.7078e+03	-8.7505e+01	 2.7961e+06	 1.2183e+05	-2.2950e+01
 3.8443e+03	 3.6761e+03	 5.7042e+00	 3.0006e-01	 3.4316e+02	 3.7104e+03	-8.6989e+01	 1.5601e+06	 8.2065e+04	-1.9010e+01
 5.7665e+03	 3.6761e+03	 5.6320e+00	 3.5930e-01	 3.4315e+02	 3.7129e+03	-8.6350e+01	 8.6855e+05	 5.5411e+04	-1.5675e+01
 8.6498e+03	 3.6761e+03	 5.5432e+00	 4.2949e-01	 3.4315e+02	 3.7154e+03	-8.5570e+01	 4.8441e+05	 3.7532e+04	-1.2907e+01
 1.2975e+04	 3.6761e+03	 5.4327e+00	 5.1088e-01	 3.4316e+02	 3.7179e+03	-8.4628e+01	 2.7149e+05	 2.5531e+04	-1.0634e+01
 1.9462e+04	 3.6761e+03	 5.2939e+00	 6.0211e-01	 3.4315e+02	 3.7204e+03	-8.3511e+01	 1.5357e+05	 1.7467e+04	-8.7922e+00
 2.9193e+04	 3.6761e+03	 5.1191e+00	 6.9629e-01	 3.4316e+02	 3.7231e+03	-8.2254e+01	 8.8533e+04	 1.2042e+04	-7.3519e+00
 4.3789e+04	 3.6761e+03	 4.9033e+00	 7.8056e-01	 3.4314e+02	 3.7256e+03	-8.0955e+01	 5.2649e+04	 8.3812e+03	-6.2818e+00
 6.5684e+04	 3.6761e+03	 4.6489e+00	 8.3488e-01	 3.4315e+02	 3.7284e+03	-7.9819e+01	 3.2816e+04	 5.8933e+03	-5.5683e+00
 9.8526e+04	 3.6761e+03	 4.3854e+00	 8.3937e-01	 3.4316e+02	 3.7309e+03	-7.9165e+01	 2.1760e+04	 4.1649e+03	-5.2247e+00
 1.4779e+05	 3.6761e+03	 4.1243e+00	 7.8776e-01	 3.4315e+02	 3.7336e+03	-7.9187e+01	 1.5457e+04	 2.9524e+03	-5.2355e+00
 2.2168e+05	 3.6761e+03	 3.9048e+00	 6.9913e-01	 3.4315e+02	 3.7363e+03	-7.9849e+01	 1.1611e+04	 2.0789e+03	-5.5852e+00
 3.3253e+05	 3.6761e+03	 3.7336e+00	 6.0086e-01	 3.4315e+02	 3.7388e+03	-8.0858e+01	 9.0067e+03	 1.4495e+03	-6.2137e+00
 4.9879e+05	 3.6761e+03	-2.0126e+00	 4.6757e+01	 3.4315e+02	 3.7418e+03	 2.4646e+00	 7.7162e+01	-1.7927e+03	 4.3043e-02
 7.4818e+05	 3.6761e+03	 3.5424e+00	 3.4150e-01	 3.4315e+02	 3.7482e+03	-8.4493e+01	 7.0432e+03	 6.7899e+02	-1.0373e+01
 9.0000e+05	 3.6761e+03	 3.5054e+00	 3.0433e-01	 3.4315e+02	 3.7562e+03	-8.5038e+01	 6.5702e+03	 5.7042e+02	-1.1518e+01
 1.0000e+02	 3.7535e+03	 6.0011e+00	 7.6697e-02	 3.4315e+02	 3.7641e+03	-8.9268e+01	 2.3463e+08	 2.9987e+06	-7.8245e+01
 1.5000e+02	 3.7535e+03	 5.9851e+00	 8.4567e-02	 3.4315e+02	 3.7668e+03	-8.9190e+01	 1.4187e+08	 2.0045e+06	-7.0774e+01
 2.2500e+02	 3.7535e+03	 5.9638e+00	 9.7264e-02	 3.4315e+02	 3.7692e+03	-8.9066e+01	 8.2231e+07	 1.3411e+06	-6.1315e+01
 3.3750e+02	 3.7535e+03	 5.9413e+00	 1.1188e-01	 3.4315e+02	 3.7716e+03	-8.8921e+01	 4.7658e+07	 8.9746e+05	-5.3103e+01
 5.0625e+02	 3.7535e+03	 5.9155e+00	 1.2969e-01	 3.4316e+02	 3.7743e+03	-8.8744e+01	 2.7409e+07	 6.0091e+05	-4.5611e+01
 7.5938e+02	 3.7535e+03	 5.8856e+00	 1.5182e-01	 3.4315e+02	 3.7769e+03	-8.8522e+01	 1.5609e+07	 4.0265e+05	-3.8766e+01
 1.1391e+03	 3.7535e+03	 5.8507e+00	 1.7915e-01	 3.4315e+02	 3.7795e+03	-8.8246e+01	 8.8187e+06	 2.7003e+05	-3.2658e+01
 1.7086e+03	 3.7535e+03	 5.8090e+00	 2.1232e-01	 3.4315e+02	 3.7821e+03	-8.7907e+01	 4.9607e+06	 1.8131e+05	-2.7360e+01
 2.5629e+03	 3.7535e+03	 5.7594e+00	 2.5276e-01	 3.4316e+02	 3.7849e+03	-8.7487e+01	 2.7780e+06	 1.2192e+05	-2.2787e+01
 3.8443e+03	 3.7535e+03	 5.6996e+00	 3.0179e-01	 3.4316e+02	 3.7873e+03	-8.6969e+01	 1.5511e+06	 8.2131e+04	-1.8886e+01
 5.7665e+03	 3.7535e+03	 5.6270e+00	 3.6096e-01	 3.4315e+02	 3.7898e+03	-8.6330e+01	 8.6455e+05	 5.5460e+04	-1.5589e+01
 8.6498e+03	 3.7535e+03	 5.5375e+00	 4.3109e-01	 3.4315e+02	 3.7926e+03	-8.5549e+01	 4.8261e+05	 3.7571e+04	-1.2845e+01
 1.2975e+04	 3.7535e+03	 5.4263e+00	 5.1216e-01	 3.4315e+02	 3.7950e+03	-8.4608e+01	 2.7081e+05	 2.5561e+04	-1.0595e+01
 1.9462e+04	 3.7535e+03	 5.2872e+00	 6.0269e-01	 3.4315e+02	 3.7978e+03	-8.3497e+01	 1.5342e+05	 1.7489e+04	-8.7726e+00
 2.9193e+04	 3.7535e+03	 5.1120e+00	 6.9604e-01	 3.4315e+02	 3.8004e+03	-8.2246e+01	 8.8563e+04	 1.2059e+04	-7.3443e+00
 4.3789e+04	 3.7535e+03	 4.8964e+00	 7.7950e-01	 3.4315e+02	 3.8031e+03	-8.0955e+01	 5.2721e+04	 8.3930e+03	-6.2815e+00
 6.5684e+04	 3.7535e+03	 4.6427e+00	 8.3294e-01	 3.4315e+02	 3.8056e+03	-7.9829e+01	 3.2892e+04	 5.9012e+03	-5.5739e+00
 9.8526e+04	 3.7535e+03	 4.3804e+00	 8.3700e-01	 3.4314e+02	 3.8084e+03	-7.9182e+01	 2.1822e+04	 4.1697e+03	-5.2335e+00
 1.4779e+05	 3.7535e+03	 4.1203e+00	 7.8545e-01	 3.4315e+02	 3.8108e+03	-7.9207e+01	 1.5503e+04	 2.9553e+03	-5.2458e+00
 2.2168e+05	 3.7535e+03	 3.9013e+00	 6.9719e-01	 3.4315e+02	 3.8136e+03	-7.9868e+01	 1.1644e+04	 2.0808e+03	-5.5958e+00
 3.3253e+05	 3.7535e+03	 3.7192e+00	 5.9834e-01	 3.4315e+02	 3.8161e+03	-8.0861e+01	 9.0447e+03	 1.4551e+03	-6.2158e+00
 4.9879e+05	 3.7535e+03	-2.0009e+00	 4.6722e+01	 3.4315e+02	 3.8190e+03	 2.4523e+00	 7.7221e+01	-1.8031e+03	 4.2826e-02
 7.4818e+05	 3.7535e+03	 3.5396e+00	 3.4287e-01	 3.4314e+02	 3.8257e+03	-8.4467e+01	 7.0151e+03	 6.7952e+02	-1.0324e+01
 9.0000e+05	 3.7535e+03	 3.5030e+00	 3.0424e-01	 3.4315e+02	 3.8335e+03	-8.5036e+01	 6.5721e+03	 5.7081e+02	-1.1514e+01
 1.0000e+02	 3.8308e+03	 5.9997e+00	 7.7580e-02	 3.4315e+02	 3.8414e+03	-8.9259e+01	 2.3196e+08	 2.9994e+06	-7.7336e+01
 1.5000e+02	 3.8308e+03	 5.9809e+00	 8.4444e-02	 3.4316e+02	 3.8440e+03	-8.9191e+01	 1.4207e+08	 2.0059e+06	-7.0827e+01
 2.2500e+02	 3.8308e+03	 5.9617e+00	 9.8028e-02	 3.4315e+02	 3.8466e+03	-8.9058e+01	 8.1590e+07	 1.3416e+06	-6.0816e+01
 3.3750e+02	 3.8308e+03	 5.9391e+00	 1.1266e-01	 3.4316e+02	 3.8490e+03	-8.8913e+01	 4.7328e+07	 8.9780e+05	-5.2716e+01
 5.0625e+02	 3.8308e+03	 5.9131e+00	 1.3079e-01	 3.4316e+02	 3.8518e+03	-8.8733e+01	 2.7179e+07	 6.0115e+05	-4.5212e+01
 7.5938e+02	 3.8308e+03	 5.8830e+00	 1.5303e-01	 3.4315e+02	 3.8544e+03	-8.8510e+01	 1.5486e+07	 4.0282e+05	-3.8443e+01
 1.1391e+03	 3.8308e+03	 5.8474e+00	 1.8015e-01	 3.4315e+02	 3.8570e+03	-8.8235e+01	 8.7696e+06	 2.7019e+05	-3.2458e+01
 1.7086e+03	 3.8308e+03	 5.8054e+00	 2.1363e-01	 3.4315e+02	 3.8596e+03	-8.7893e+01	 4.9303e+06	 1.8143e+05	-2.7175e+01
 2.5629e+03	 3.8308e+03	 5.7555e+00	 2.5440e-01	 3.4315e+02	 3.8624e+03	-8.7469e+01	 2.7600e+06	 1.2200e+05	-2.2623e+01
 3.8443e+03	 3.8308e+03	 5.6953e+00	 3.0357e-01	 3.4315e+02	 3.8648e+03	-8.6949e+01	 1.5420e+06	 8.2192e+04	-1.8761e+01
 5.7665e+03	 3.8308e+03	 5.6218e+00	 3.6266e-01	 3.4315e+02	 3.8672e+03	-8.6309e+01	 8.6051e+05	 5.5511e+04	-1.5502e+01
 8.6498e+03	 3.8308e+03	 5.5318e+00	 4.3258e-01	 3.4315e+02	 3.8698e+03	-8.5529e+01	 4.8095e+05	 3.7609e+04	-1.2788e+01
 1.2975e+04	 3.8308e+03	 5.4200e+00	 5.1330e-01	 3.4314e+02	 3.8722e+03	-8.4590e+01	 2.7021e+05	 2.5590e+04	-1.0559e+01
 1.9462e+04	 3.8308e+03	 5.2802e+00	 6.0325e-01	 3.4314e+02	 3.8751e+03	-8.3482e+01	 1.5328e+05	 1.7512e+04	-8.7529e+00
 2.9193e+04	 3.8308e+03	 5.1050e+00	 6.9575e-01	 3.4314e+02	 3.8777e+03	-8.2239e+01	 8.8601e+04	 1.2075e+04	-7.3374e+00
 4.3789e+04	 3.8308e+03	 4.8895e+00	 7.7839e-01	 3.4314e+02	 3.8804e+03	-8.0955e+01	 5.2796e+04	 8.4049e+03	-6.2816e+00
 6.5684e+04	 3.8308e+03	 4.6363e+00	 8.3095e-01	 3.4314e+02	 3.8829e+03	-7.9839e+01	 3.2971e+04	 5.9093e+03	-5.5796e+00
 9.8526e+04	 3.8308e+03	 4.3751e+00	 8.3468e-01	 3.4314e+02	 3.8858e+03	-7.9199e+01	 2.1882e+04	 4.1747e+03	-5.2416e+00
 1.4779e+05	 3.8308e+03	 4.1162e+00	 7.8327e-01	 3.4314e+02	 3.8883e+03	-7.9226e+01	 1.5546e+04	 2.9582e+03	-5.2551e+00
 2.2168e+05	 3.8308e+03	 3.8978e+00	 6.9533e-01	 3.4314e+02	 3.8910e+03	-7.9885e+01	 1.1675e+04	 2.0827e+03	-5.6057e+00
 3.3253e+05	 3.8308e+03	 3.7163e+00	 5.9688e-01	 3.4315e+02	 3.8936e+03	-8.0876e+01	 9.0668e+03	 1.4562e+03	-6.2262e+00
 4.9879e+05	 3.8308e+03	-1.9918e+00	 4.6689e+01	 3.4315e+02	 3.8964e+03	 2.4429e+00	 7.7275e+01	-1.8113e+03	 4.2662e-02
 7.4818e+05	 3.8308e+03	 3.5377e+00	 3.3940e-01	 3.4316e+02	 3.9030e+03	-8.4520e+01	 7.0867e+03	 6.7989e+02	-1.0423e+01
 9.0000e+05	 3.8308e+03	 3.5009e+00	 3.0355e-01	 3.4316e+02	 3.9105e+03	-8.5044e+01	 6.5871e+03	 5.7115e+02	-1.1533e+01
 1.0000e+02	 3.9078e+03	 5.9981e+00	 7.7872e-02	 3.4316e+02	 3.9188e+03	-8.9256e+01	 2.3109e+08	 3.0002e+06	-7.7025e+01
 1.5000e+02	 3.9078e+03	 5.9796e+00	 8.5228e-02	 3.4315e+02	 3.9213e+03	-8.9183e+01	 1.4076e+08	 2.0063e+06	-7.0160e+01
 2.2500e+02	 3.9078e+03	 5.9599e+00	 9.8814e-02	 3.4316e+02	 3.9242e+03	-8.9050e+01	 8.0941e+07	 1.3420e+06	-6.0315e+01
 3.3750e+02	 3.9078e+03	 5.9371e+00	 1.1363e-01	 3.4316e+02	 3.9267e+03	-8.8904e+01	 4.6924e+07	 8.9809e+05	-5.2249e+01
 5.0625e+02	 3.9078e+03	 5.9106e+00	 1.3184e-01	 3.4317e+02	 3.9294e+03	-8.8722e+01	 2.6961e+07	 6.0141e+05	-4.4830e+01
 7.5938e+02	 3.9078e+03	 5.8803e+00	 1.5416e-01	 3.4317e+02	 3.9319e+03	-8.8498e+01	 1.5372e+07	 4.0300e+05	-3.8144e+01
 1.1391e+03	 3.9078e+03	 5.8445e+00	 1.8153e-01	 3.4317e+02	 3.9346e+03	-8.8221e+01	 8.7031e+06	 2.7032e+05	-3.2196e+01
 1.7086e+03	 3.9078e+03	 5.8020e+00	 2.1507e-01	 3.4318e+02	 3.9372e+03	-8.7877e+01	 4.8973e+06	 1.8153e+05	-2.6977e+01
 2.5629e+03	 3.9078e+03	 5.7517e+00	 2.5577e-01	 3.4318e+02	 3.9399e+03	-8.7454e+01	 2.7453e+06	 1.2208e+05	-2.2488e+01
 3.8443e+03	 3.9078e+03	 5.6908e+00	 3.0509e-01	 3.4317e+02	 3.9424e+03	-8.6931e+01	 1.5343e+06	 8.2258e+04	-1.8653e+01
 5.7665e+03	 3.9078e+03	 5.6172e+00	 3.6415e-01	 3.4318e+02	 3.9448e+03	-8.6291e+01	 8.5699e+05	 5.5557e+04	-1.5425e+01
 8.6498e+03	 3.9078e+03	 5.5266e+00	 4.3388e-01	 3.4317e+02	 3.9476e+03	-8.5511e+01	 4.7951e+05	 3.7645e+04	-1.2738e+01
 1.2975e+04	 3.9078e+03	 5.4142e+00	 5.1428e-01	 3.4317e+02	 3.9501e+03	-8.4574e+01	 2.6969e+05	 2.5617e+04	-1.0528e+01
 1.9462e+04	 3.9078e+03	 5.2741e+00	 6.0345e-01	 3.4317e+02	 3.9528e+03	-8.3473e+01	 1.5323e+05	 1.7532e+04	-8.7399e+00
 2.9193e+04	 3.9078e+03	 5.0987e+00	 6.9549e-01	 3.4316e+02	 3.9554e+03	-8.2232e+01	 8.8633e+04	 1.2090e+04	-7.3310e+00
 4.3789e+04	 3.9078e+03	 4.8833e+00	 7.7724e-01	 3.4316e+02	 3.9578e+03	-8.0957e+01	 5.2874e+04	 8.4156e+03	-6.2829e+00
 6.5684e+04	 3.9078e+03	 4.6308e+00	 8.2908e-01	 3.4316e+02	 3.9604e+03	-7.9849e+01	 3.3046e+04	 5.9164e+03	-5.5854e+00
 9.8526e+04	 3.9078e+03	 4.3702e+00	 8.3247e-01	 3.4316e+02	 3.9630e+03	-7.9215e+01	 2.1941e+04	 4.1794e+03	-5.2497e+00
 1.4779e+05	 3.9078e+03	 4.1120e+00	 7.8112e-01	 3.4315e+02	 3.9656e+03	-7.9244e+01	 1.5589e+04	 2.9613e+03	-5.2642e+00
 2.2168e+05	 3.9078e+03	 3.8943e+00	 6.9335e-01	 3.4315e+02	 3.9681e+03	-7.9905e+01	 1.1708e+04	 2.0845e+03	-5.6167e+00
 3.3253e+05	 3.9078e+03	 3.7132e+00	 5.9524e-01	 3.4315e+02	 3.9708e+03	-8.0893e+01	 9.0918e+03	 1.4575e+03	-6.2382e+00
 4.9879e+05	 3.9078e+03	-1.9773e+00	 4.6651e+01	 3.4315e+02	 3.9735e+03	 2.4270e+00	 7.7338e+01	-1.8247e+03	 4.2384e-02
 7.4818e+05	 3.9078e+03	 3.5346e+00	 3.4082e-01	 3.4315e+02	 3.9800e+03	-8.4492e+01	 7.0573e+03	 6.8049e+02	-1.0371e+01
 9.0000e+05	 3.9078e+03	 3.4979e+00	 3.0301e-01	 3.4314e+02	 3.9878e+03	-8.5049e+01	 6.5988e+03	 5.7163e+02	-1.1544e+01
 1.0000e+02	 3.9851e+03	 5.9963e+00	 7.8665e-02	 3.4314e+02	 3.9959e+03	-8.9248e+01	 2.2876e+08	 3.0011e+06	-7.6226e+01
 1.5000e+02	 3.9851e+03	 5.9796e+00	 9.2482e-02	 3.4314e+02	 3.9985e+03	-8.9114e+01	 1.2972e+08	 2.0063e+06	-6.4657e+01
 2.2500e+02	 3.9851e+03	 5.9576e+00	 9.9813e-02	 3.4314e+02	 4.0011e+03	-8.9040e+01	 8.0131e+07	 1.3425e+06	-5.9688e+01
 3.3750e+02	 3.9851e+03	 5.9344e+00	 1.1451e-01	 3.4314e+02	 4.0039e+03	-8.8895e+01	 4.6564e+07	 8.9851e+05	-5.1824e+01
 5.0625e+02	 3.9851e+03	 5.9080e+00	 1.3314e-01	 3.4314e+02	 4.0063e+03	-8.8709e+01	 2.6699e+07	 6.0167e+05	-4.4375e+01
 7.5938e+02	 3.9851e+03	 5.8769e+00	 1.5563e-01	 3.4314e+02	 4.0091e+03	-8.8483e+01	 1.5227e+07	 4.0324e+05	-3.7763e+01
 1.1391e+03	 3.9851e+03	 5.8409e+00	 1.8338e-01	 3.4314e+02	 4.0116e+03	-8.8202e+01	 8.6153e+06	 2.7048e+05	-3.1851e+01
 1.7086e+03	 3.9851e+03	 5.7980e+00	 2.1703e-01	 3.4313e+02	 4.0144e+03	-8.7856e+01	 4.8530e+06	 1.8166e+05	-2.6715e+01
 2.5629e+03	 3.9851e+03	 5.7470e+00	 2.5787e-01	 3.4313e+02	 4.0170e+03	-8.7431e+01	 2.7230e+06	 1.2218e+05	-2.2287e+01
 3.8443e+03	 3.9851e+03	 5.6856e+00	 3.0730e-01	 3.4313e+02	 4.0196e+03	-8.6906e+01	 1.5233e+06	 8.2332e+04	-1.8502e+01
 5.7665e+03	 3.9851e+03	 5.6111e+00	 3.6629e-01	 3.4314e+02	 4.0223e+03	-8.6265e+01	 8.5199e+05	 5.5617e+04	-1.5319e+01
 8.6498e+03	 3.9851e+03	 5.5199e+00	 4.3588e-01	 3.4313e+02	 4.0251e+03	-8.5485e+01	 4.7731e+05	 3.7691e+04	-1.2664e+01
 1.2975e+04	 3.9851e+03	 5.4067e+00	 5.1605e-01	 3.4314e+02	 4.0276e+03	-8.4548e+01	 2.6877e+05	 2.5653e+04	-1.0477e+01
 1.9462e+04	 3.9851e+03	 5.2660e+00	 6.0463e-01	 3.4314e+02	 4.0304e+03	-8.3450e+01	 1.5293e+05	 1.7559e+04	-8.7095e+00
 2.9193e+04	 3.9851e+03	 5.0905e+00	 6.9558e-01	 3.4314e+02	 4.0329e+03	-8.2219e+01	 8.8623e+04	 1.2110e+04	-7.3184e+00
 4.3789e+04	 3.9851e+03	 4.8756e+00	 7.7626e-01	 3.4313e+02	 4.0354e+03	-8.0954e+01	 5.2941e+04	 8.4289e+03	-6.2809e+00
 6.5684e+04	 3.9851e+03	 4.6237e+00	 8.2724e-01	 3.4314e+02	 4.0380e+03	-7.9856e+01	 3.3119e+04	 5.9254e+03	-5.5894e+00
 9.8526e+04	 3.9851e+03	 4.3642e+00	 8.3017e-01	 3.4314e+02	 4.0406e+03	-7.9230e+01	 2.2001e+04	 4.1852e+03	-5.2570e+00
 1.4779e+05	 3.9851e+03	 4.1073e+00	 7.7867e-01	 3.4315e+02	 4.0433e+03	-7.9265e+01	 1.5638e+04	 2.9646e+03	-5.2748e+00
 2.2168e+05	 3.9851e+03	 3.8908e+00	 6.9130e-01	 3.4315e+02	 4.0459e+03	-7.9925e+01	 1.1743e+04	 2.0864e+03	-5.6282e+00
 3.3253e+05	 3.9851e+03	 3.7102e+00	 5.9376e-01	 3.4315e+02	 4.0486e+03	-8.0908e+01	 9.1145e+03	 1.4586e+03	-6.2487e+00
 4.9879e+05	 3.9851e+03	-1.9662e+00	 4.6618e+01	 3.4315e+02	 4.0514e+03	 2.4151e+00	 7.7393e+01	-1.8350e+03	 4.2176e-02
 7.4818e+05	 3.9851e+03	 3.5324e+00	 3.3981e-01	 3.4315e+02	 4.0581e+03	-8.4505e+01	 7.0782e+03	 6.8091e+02	-1.0395e+01
 9.0000e+05	 3.9851e+03	 3.4958e+00	 3.0287e-01	 3.4316e+02	 4.0658e+03	-8.5048e+01	 6.6019e+03	 5.7197e+02	-1.1542e+01
 1.0000e+02	 4.0631e+03	 5.9945e+00	 7.9173e-02	 3.4316e+02	 4.0737e+03	-8.9243e+01	 2.2730e+08	 3.0020e+06	-7.5714e+01
 1.5000e+02	 4.0631e+03	 5.9801e+00	 8.7604e-02	 3.4315e+02	 4.0763e+03	-8.9161e+01	 1.3695e+08	 2.0062e+06	-6.8263e+01
 2.2500e+02	 4.0631e+03	 5.9558e+00	 1.0060e-01	 3.4316e+02	 4.0788e+03	-8.9032e+01	 7.9506e+07	 1.3429e+06	-5.9204e+01
 3.3750e+02	 4.0631e+03	 5.9325e+00	 1.1551e-01	 3.4315e+02	 4.0816e+03	-8.8885e+01	 4.6161e+07	 8.9879e+05	-5.1359e+01
 5.0625e+02	 4.0631e+03	 5.9058e+00	 1.3394e-01	 3.4315e+02	 4.0841e+03	-8.8701e+01	 2.6539e+07	 6.0191e+05	-4.4092e+01
 7.5938e+02	 4.0631e+03	 5.8746e+00	 1.5651e-01	 3.4315e+02	 4.0869e+03	-8.8474e+01	 1.5142e+07	 4.0340e+05	-3.7536e+01
 1.1391e+03	 4.0631e+03	 5.8381e+00	 1.8415e-01	 3.4316e+02	 4.0894e+03	-8.8193e+01	 8.5791e+06	 2.7061e+05	-3.1703e+01
 1.7086e+03	 4.0631e+03	 5.7950e+00	 2.1818e-01	 3.4316e+02	 4.0923e+03	-8.7844e+01	 4.8274e+06	 1.8175e+05	-2.6561e+01
 2.5629e+03	 4.0631e+03	 5.7435e+00	 2.5911e-01	 3.4316e+02	 4.0949e+03	-8.7417e+01	 2.7099e+06	 1.2225e+05	-2.2166e+01
 3.8443e+03	 4.0631e+03	 5.6819e+00	 3.0856e-01	 3.4315e+02	 4.0973e+03	-8.6892e+01	 1.5171e+06	 8.2386e+04	-1.8414e+01
 5.7665e+03	 4.0631e+03	 5.6069e+00	 3.6758e-01	 3.4316e+02	 4.1000e+03	-8.6249e+01	 8.4899e+05	 5.5659e+04	-1.5253e+01
 8.6498e+03	 4.0631e+03	 5.5150e+00	 4.3698e-01	 3.4316e+02	 4.1026e+03	-8.5470e+01	 4.7611e+05	 3.7724e+04	-1.2621e+01
 1.2975e+04	 4.0631e+03	 5.4016e+00	 5.1677e-01	 3.4315e+02	 4.1053e+03	-8.4535e+01	 2.6840e+05	 2.5678e+04	-1.0453e+01
 1.9462e+04	 4.0631e+03	 5.2605e+00	 6.0475e-01	 3.4316e+02	 4.1079e+03	-8.3442e+01	 1.5290e+05	 1.7577e+04	-8.6986e+00
 2.9193e+04	 4.0631e+03	 5.0848e+00	 6.9498e-01	 3.4316e+02	 4.1106e+03	-8.2217e+01	 8.8699e+04	 1.2123e+04	-7.3165e+00
 4.3789e+04	 4.0631e+03	 4.8701e+00	 7.7493e-01	 3.4316e+02	 4.1131e+03	-8.0959e+01	 5.3032e+04	 8.4385e+03	-6.2845e+00
 6.5684e+04	 4.0631e+03	 4.6189e+00	 8.2547e-01	 3.4316e+02	 4.1156e+03	-7.9867e+01	 3.3190e+04	 5.9316e+03	-5.5955e+00
 9.8526e+04	 4.0631e+03	 4.3601e+00	 8.2822e-01	 3.4316e+02	 4.1182e+03	-7.9245e+01	 2.2053e+04	 4.1891e+03	-5.2644e+00
 1.4779e+05	 4.0631e+03	 4.1039e+00	 7.7677e-01	 3.4316e+02	 4.1208e+03	-7.9282e+01	 1.5676e+04	 2.9671e+03	-5.2833e+00
 2.2168e+05	 4.0631e+03	 3.8878e+00	 6.8969e-01	 3.4315e+02	 4.1236e+03	-7.9941e+01	 1.1770e+04	 2.0880e+03	-5.6371e+00
 3.3253e+05	 4.0631e+03	 3.7076e+00	 5.9241e-01	 3.4315e+02	 4.1260e+03	-8.0922e+01	 9.1352e+03	 1.4596e+03	-6.2585e+00
 4.9879e+05	 4.0631e+03	-1.9555e+00	 4.6585e+01	 3.4315e+02	 4.1288e+03	 2.4036e+00	 7.7447e+01	-1.8450e+03	 4.1976e-02
 7.4818e+05	 4.0631e+03	 3.5302e+00	 3.3786e-01	 3.4315e+02	 4.1355e+03	-8.4533e+01	 7.1192e+03	 6.8135e+02	-1.0449e+01
 9.0000e+05	 4.0631e+03	 3.4935e+00	 3.0054e-01	 3.4314e+02	 4.1438e+03	-8.5083e+01	 6.6532e+03	 5.7236e+02	-1.1624e+01
 1.0000e+02	 4.1410e+03	 5.9929e+00	 8.0134e-02	 3.4314e+02	 4.1521e+03	-8.9234e+01	 2.2457e+08	 3.0028e+06	-7.4786e+01
 1.5000e+02	 4.1410e+03	 5.9729e+00	 8.8098e-02	 3.4314e+02	 4.1546e+03	-8.9155e+01	 1.3618e+08	 2.0086e+06	-6.7798e+01
 2.2500e+02	 4.1410e+03	 5.9537e+00	 1.0147e-01	 3.4314e+02	 4.1574e+03	-8.9024e+01	 7.8825e+07	 1.3434e+06	-5.8677e+01
 3.3750e+02	 4.1410e+03	 5.9301e+00	 1.1647e-01	 3.4314e+02	 4.1599e+03	-8.8875e+01	 4.5781e+07	 8.9915e+05	-5.0916e+01
 5.0625e+02	 4.1410e+03	 5.9031e+00	 1.3495e-01	 3.4314e+02	 4.1626e+03	-8.8690e+01	 2.6341e+07	 6.0218e+05	-4.3743e+01
 7.5938e+02	 4.1410e+03	 5.8716e+00	 1.5807e-01	 3.4314e+02	 4.1652e+03	-8.8458e+01	 1.4992e+07	 4.0361e+05	-3.7146e+01
 1.1391e+03	 4.1410e+03	 5.8349e+00	 1.8579e-01	 3.4314e+02	 4.1676e+03	-8.8176e+01	 8.5036e+06	 2.7076e+05	-3.1406e+01
 1.7086e+03	 4.1410e+03	 5.7912e+00	 2.1975e-01	 3.4314e+02	 4.1702e+03	-8.7827e+01	 4.7930e+06	 1.8187e+05	-2.6354e+01
 2.5629e+03	 4.1410e+03	 5.7395e+00	 2.6084e-01	 3.4315e+02	 4.1728e+03	-8.7398e+01	 2.6919e+06	 1.2234e+05	-2.2004e+01
 3.8443e+03	 4.1410e+03	 5.6774e+00	 3.1022e-01	 3.4315e+02	 4.1754e+03	-8.6872e+01	 1.5089e+06	 8.2452e+04	-1.8301e+01
 5.7665e+03	 4.1410e+03	 5.6016e+00	 3.6926e-01	 3.4314e+02	 4.1779e+03	-8.6229e+01	 8.4514e+05	 5.5711e+04	-1.5170e+01
 8.6498e+03	 4.1410e+03	 5.5092e+00	 4.3849e-01	 3.4315e+02	 4.1806e+03	-8.5449e+01	 4.7446e+05	 3.7764e+04	-1.2564e+01
 1.2975e+04	 4.1410e+03	 5.3952e+00	 5.1786e-01	 3.4315e+02	 4.1831e+03	-8.4517e+01	 2.6783e+05	 2.5708e+04	-1.0418e+01
 1.9462e+04	 4.1410e+03	 5.2536e+00	 6.0529e-01	 3.4315e+02	 4.1859e+03	-8.3428e+01	 1.5276e+05	 1.7601e+04	-8.6794e+00
 2.9193e+04	 4.1410e+03	 5.0779e+00	 6.9488e-01	 3.4315e+02	 4.1884e+03	-8.2208e+01	 8.8712e+04	 1.2140e+04	-7.3076e+00
 4.3789e+04	 4.1410e+03	 4.8632e+00	 7.7401e-01	 3.4315e+02	 4.1909e+03	-8.0957e+01	 5.3095e+04	 8.4504e+03	-6.2832e+00
 6.5684e+04	 4.1410e+03	 4.6130e+00	 8.2362e-01	 3.4315e+02	 4.1935e+03	-7.9877e+01	 3.3265e+04	 5.9392e+03	-5.6009e+00
 9.8526e+04	 4.1410e+03	 4.3553e+00	 8.2601e-01	 3.4315e+02	 4.1961e+03	-7.9261e+01	 2.2112e+04	 4.1937e+03	-5.2727e+00
 1.4779e+05	 4.1410e+03	 4.0999e+00	 7.7458e-01	 3.4316e+02	 4.1988e+03	-7.9301e+01	 1.5720e+04	 2.9700e+03	-5.2931e+00
 2.2168e+05	 4.1410e+03	 3.8846e+00	 6.8795e-01	 3.4315e+02	 4.2014e+03	-7.9957e+01	 1.1800e+04	 2.0897e+03	-5.6467e+00
 3.3253e+05	 4.1410e+03	 3.7049e+00	 5.9105e-01	 3.4316e+02	 4.2041e+03	-8.0936e+01	 9.1563e+03	 1.4607e+03	-6.2684e+00
 4.9879e+05	 4.1410e+03	-1.9450e+00	 4.6554e+01	 3.4316e+02	 4.2067e+03	 2.3924e+00	 7.7499e+01	-1.8550e+03	 4.1779e-02
 7.4818e+05	 4.1410e+03	 3.5280e+00	 3.3523e-01	 3.4315e+02	 4.2132e+03	-8.4572e+01	 7.1750e+03	 6.8176e+02	-1.0524e+01
 9.0000e+05	 4.1410e+03	 3.4915e+00	 2.9845e-01	 3.4315e+02	 4.2211e+03	-8.5114e+01	 6.6996e+03	 5.7268e+02	-1.1699e+01
 1.0000e+02	 4.2184e+03	 5.9914e+00	 8.0332e-02	 3.4315e+02	 4.2290e+03	-8.9232e+01	 2.2402e+08	 3.0036e+06	-7.4584e+01
 1.5000e+02	 4.2184e+03	 5.9733e+00	 8.9586e-02	 3.4315e+02	 4.2317e+03	-8.9141e+01	 1.3392e+08	 2.0085e+06	-6.6676e+01
 2.2500e+02	 4.2184e+03	 5.9519e+00	 1.0217e-01	 3.4315e+02	 4.2342e+03	-8.9017e+01	 7.8281e+07	 1.3438e+06	-5.8254e+01
 3.3750e+02	 4.2184e+03	 5.9281e+00	 1.1735e-01	 3.4315e+02	 4.2369e+03	-8.8866e+01	 4.5435e+07	 8.9945e+05	-5.0514e+01
 5.0625e+02	 4.2184e+03	 5.9008e+00	 1.3599e-01	 3.4314e+02	 4.2394e+03	-8.8680e+01	 2.6140e+07	 6.0241e+05	-4.3392e+01
 7.5938e+02	 4.2184e+03	 5.8693e+00	 1.5922e-01	 3.4315e+02	 4.2423e+03	-8.8446e+01	 1.4884e+07	 4.0376e+05	-3.6864e+01
 1.1391e+03	 4.2184e+03	 5.8321e+00	 1.8699e-01	 3.4314e+02	 4.2448e+03	-8.8164e+01	 8.4489e+06	 2.7089e+05	-3.1189e+01
 1.7086e+03	 4.2184e+03	 5.7879e+00	 2.2124e-01	 3.4315e+02	 4.2476e+03	-8.7811e+01	 4.7606e+06	 1.8197e+05	-2.6161e+01
 2.5629e+03	 4.2184e+03	 5.7358e+00	 2.6241e-01	 3.4314e+02	 4.2502e+03	-8.7381e+01	 2.6758e+06	 1.2242e+05	-2.1858e+01
 3.8443e+03	 4.2184e+03	 5.6730e+00	 3.1206e-01	 3.4314e+02	 4.2529e+03	-8.6851e+01	 1.5001e+06	 8.2516e+04	-1.8179e+01
 5.7665e+03	 4.2184e+03	 5.5969e+00	 3.7089e-01	 3.4314e+02	 4.2554e+03	-8.6209e+01	 8.4142e+05	 5.5758e+04	-1.5090e+01
 8.6498e+03	 4.2184e+03	 5.5039e+00	 4.3985e-01	 3.4315e+02	 4.2583e+03	-8.5431e+01	 4.7300e+05	 3.7800e+04	-1.2513e+01
 1.2975e+04	 4.2184e+03	 5.3894e+00	 5.1893e-01	 3.4315e+02	 4.2608e+03	-8.4500e+01	 2.6728e+05	 2.5736e+04	-1.0385e+01
 1.9462e+04	 4.2184e+03	 5.2474e+00	 6.0583e-01	 3.4316e+02	 4.2636e+03	-8.3414e+01	 1.5263e+05	 1.7621e+04	-8.6615e+00
 2.9193e+04	 4.2184e+03	 5.0713e+00	 6.9470e-01	 3.4315e+02	 4.2662e+03	-8.2200e+01	 8.8735e+04	 1.2155e+04	-7.3000e+00
 4.3789e+04	 4.2184e+03	 4.8571e+00	 7.7285e-01	 3.4315e+02	 4.2689e+03	-8.0959e+01	 5.3174e+04	 8.4611e+03	-6.2846e+00
 6.5684e+04	 4.2184e+03	 4.6072e+00	 8.2187e-01	 3.4315e+02	 4.2713e+03	-7.9886e+01	 3.3335e+04	 5.9466e+03	-5.6058e+00
 9.8526e+04	 4.2184e+03	 4.3502e+00	 8.2375e-01	 3.4315e+02	 4.2739e+03	-7.9277e+01	 2.2173e+04	 4.1986e+03	-5.2810e+00
 1.4779e+05	 4.2184e+03	 4.0959e+00	 7.7248e-01	 3.4315e+02	 4.2766e+03	-7.9320e+01	 1.5763e+04	 2.9729e+03	-5.3022e+00
 2.2168e+05	 4.2184e+03	 3.8814e+00	 6.8612e-01	 3.4315e+02	 4.2792e+03	-7.9975e+01	 1.1831e+04	 2.0915e+03	-5.6569e+00
 3.3253e+05	 4.2184e+03	 3.7022e+00	 5.8961e-01	 3.4315e+02	 4.2818e+03	-8.0951e+01	 9.1787e+03	 1.4618e+03	-6.2791e+00
 4.9879e+05	 4.2184e+03	-1.9343e+00	 4.6521e+01	 3.4316e+02	 4.2845e+03	 2.3810e+00	 7.7554e+01	-1.8652e+03	 4.1579e-02
 7.4818e+05	 4.2184e+03	 3.5261e+00	 3.3246e-01	 3.4317e+02	 4.2909e+03	-8.4614e+01	 7.2348e+03	 6.8213e+02	-1.0606e+01
 9.0000e+05	 4.2184e+03	 3.4899e+00	 2.9511e-01	 3.4316e+02	 4.2987e+03	-8.5167e+01	 6.7755e+03	 5.7294e+02	-1.1826e+01
 1.0000e+02	 4.2959e+03	 5.9900e+00	 8.0916e-02	 3.4316e+02	 4.3065e+03	-8.9226e+01	 2.2240e+08	 3.0043e+06	-7.4027e+01
 1.5000e+02	 4.2959e+03	 5.9709e+00	 9.1794e-02	 3.4316e+02	 4.3090e+03	-8.9119e+01	 1.3070e+08	 2.0093e+06	-6.5047e+01
 2.2500e+02	 4.2959e+03	 5.9502e+00	 1.0294e-01	 3.4316e+02	 4.3116e+03	-8.9009e+01	 7.7700e+07	 1.3442e+06	-5.7805e+01
 3.3750e+02	 4.2959e+03	 5.9262e+00	 1.1824e-01	 3.4315e+02	 4.3141e+03	-8.8857e+01	 4.5095e+07	 8.9975e+05	-5.0120e+01
 5.0625e+02	 4.2959e+03	 5.8986e+00	 1.3727e-01	 3.4316e+02	 4.3165e+03	-8.8667e+01	 2.5895e+07	 6.0264e+05	-4.2969e+01
 7.5938e+02	 4.2959e+03	 5.8667e+00	 1.6019e-01	 3.4316e+02	 4.3191e+03	-8.8436e+01	 1.4794e+07	 4.0394e+05	-3.6624e+01
 1.1391e+03	 4.2959e+03	 5.8294e+00	 1.8856e-01	 3.4316e+02	 4.3216e+03	-8.8147e+01	 8.3785e+06	 2.7102e+05	-3.0915e+01
 1.7086e+03	 4.2959e+03	 5.7849e+00	 2.2230e-01	 3.4316e+02	 4.3244e+03	-8.7799e+01	 4.7379e+06	 1.8207e+05	-2.6023e+01
 2.5629e+03	 4.2959e+03	 5.7322e+00	 2.6379e-01	 3.4315e+02	 4.3270e+03	-8.7365e+01	 2.6618e+06	 1.2249e+05	-2.1730e+01
 3.8443e+03	 4.2959e+03	 5.6689e+00	 3.1346e-01	 3.4315e+02	 4.3296e+03	-8.6835e+01	 1.4933e+06	 8.2575e+04	-1.8085e+01
 5.7665e+03	 4.2959e+03	 5.5921e+00	 3.7234e-01	 3.4315e+02	 4.3321e+03	-8.6191e+01	 8.3815e+05	 5.5806e+04	-1.5019e+01
 8.6498e+03	 4.2959e+03	 5.4986e+00	 4.4124e-01	 3.4315e+02	 4.3346e+03	-8.5412e+01	 4.7151e+05	 3.7837e+04	-1.2462e+01
 1.2975e+04	 4.2959e+03	 5.3834e+00	 5.1995e-01	 3.4315e+02	 4.3372e+03	-8.4483e+01	 2.6676e+05	 2.5764e+04	-1.0354e+01
 1.9462e+04	 4.2959e+03	 5.2408e+00	 6.0620e-01	 3.4315e+02	 4.3398e+03	-8.3402e+01	 1.5253e+05	 1.7644e+04	-8.6454e+00
 2.9193e+04	 4.2959e+03	 5.0646e+00	 6.9438e-01	 3.4315e+02	 4.3426e+03	-8.2193e+01	 8.8776e+04	 1.2171e+04	-7.2938e+00
 4.3789e+04	 4.2959e+03	 4.8505e+00	 7.7191e-01	 3.4314e+02	 4.3450e+03	-8.0958e+01	 5.3239e+04	 8.4725e+03	-6.2837e+00
 6.5684e+04	 4.2959e+03	 4.6012e+00	 8.2010e-01	 3.4314e+02	 4.3477e+03	-7.9894e+01	 3.3407e+04	 5.9544e+03	-5.6106e+00
 9.8526e+04	 4.2959e+03	 4.3450e+00	 8.2167e-01	 3.4314e+02	 4.3502e+03	-7.9291e+01	 2.2229e+04	 4.2037e+03	-5.2880e+00
 1.4779e+05	 4.2959e+03	 4.0915e+00	 7.7025e-01	 3.4314e+02	 4.3531e+03	-7.9339e+01	 1.5809e+04	 2.9761e+03	-5.3120e+00
 2.2168e+05	 4.2959e+03	 3.8777e+00	 6.8406e-01	 3.4314e+02	 4.3558e+03	-7.9996e+01	 1.1867e+04	 2.0934e+03	-5.6688e+00
 3.3253e+05	 4.2959e+03	 3.6992e+00	 5.8794e-01	 3.4315e+02	 4.3586e+03	-8.0969e+01	 9.2047e+03	 1.4630e+03	-6.2917e+00
 4.9879e+05	 4.2959e+03	-1.9203e+00	 4.6484e+01	 3.4314e+02	 4.3612e+03	 2.3656e+00	 7.7616e+01	-1.8788e+03	 4.1311e-02
 7.4818e+05	 4.2959e+03	 3.5235e+00	 3.3227e-01	 3.4315e+02	 4.3677e+03	-8.4613e+01	 7.2389e+03	 6.8263e+02	-1.0604e+01
 9.0000e+05	 4.2959e+03	 3.4873e+00	 2.9430e-01	 3.4314e+02	 4.3758e+03	-8.5176e+01	 6.7941e+03	 5.7337e+02	-1.1850e+01
 1.0000e+02	 4.3730e+03	 5.9879e+00	 8.0980e-02	 3.4315e+02	 4.3835e+03	-8.9225e+01	 2.2222e+08	 3.0054e+06	-7.3942e+01
 1.5000e+02	 4.3730e+03	 5.9686e+00	 9.1019e-02	 3.4314e+02	 4.3862e+03	-8.9126e+01	 1.3181e+08	 2.0100e+06	-6.5576e+01
 2.2500e+02	 4.3730e+03	 5.9481e+00	 1.0377e-01	 3.4314e+02	 4.3887e+03	-8.9000e+01	 7.7073e+07	 1.3446e+06	-5.7318e+01
 3.3750e+02	 4.3730e+03	 5.9238e+00	 1.1919e-01	 3.4315e+02	 4.3914e+03	-8.8847e+01	 4.4737e+07	 9.0011e+05	-4.9702e+01
 5.0625e+02	 4.3730e+03	 5.8962e+00	 1.3792e-01	 3.4315e+02	 4.3939e+03	-8.8660e+01	 2.5773e+07	 6.0288e+05	-4.2750e+01
 7.5938e+02	 4.3730e+03	 5.8638e+00	 1.6137e-01	 3.4315e+02	 4.3966e+03	-8.8424e+01	 1.4686e+07	 4.0414e+05	-3.6338e+01
 1.1391e+03	 4.3730e+03	 5.8262e+00	 1.8952e-01	 3.4315e+02	 4.3991e+03	-8.8137e+01	 8.3362e+06	 2.7117e+05	-3.0742e+01
 1.7086e+03	 4.3730e+03	 5.7812e+00	 2.2399e-01	 3.4314e+02	 4.4017e+03	-8.7781e+01	 4.7023e+06	 1.8218e+05	-2.5811e+01
 2.5629e+03	 4.3730e+03	 5.7284e+00	 2.6548e-01	 3.4315e+02	 4.4042e+03	-8.7347e+01	 2.6448e+06	 1.2258e+05	-2.1577e+01
 3.8443e+03	 4.3730e+03	 5.6646e+00	 3.1515e-01	 3.4315e+02	 4.4067e+03	-8.6816e+01	 1.4854e+06	 8.2638e+04	-1.7974e+01
 5.7665e+03	 4.3730e+03	 5.5873e+00	 3.7393e-01	 3.4315e+02	 4.4094e+03	-8.6171e+01	 8.3459e+05	 5.5854e+04	-1.4942e+01
 8.6498e+03	 4.3730e+03	 5.4933e+00	 4.4270e-01	 3.4316e+02	 4.4120e+03	-8.5393e+01	 4.6995e+05	 3.7873e+04	-1.2409e+01
 1.2975e+04	 4.3730e+03	 5.3776e+00	 5.2096e-01	 3.4315e+02	 4.4148e+03	-8.4467e+01	 2.6624e+05	 2.5792e+04	-1.0323e+01
 1.9462e+04	 4.3730e+03	 5.2349e+00	 6.0660e-01	 3.4316e+02	 4.4174e+03	-8.3390e+01	 1.5243e+05	 1.7663e+04	-8.6300e+00
 2.9193e+04	 4.3730e+03	 5.0586e+00	 6.9398e-01	 3.4316e+02	 4.4199e+03	-8.2189e+01	 8.8827e+04	 1.2186e+04	-7.2893e+00
 4.3789e+04	 4.3730e+03	 4.8450e+00	 7.7062e-01	 3.4316e+02	 4.4224e+03	-8.0963e+01	 5.3328e+04	 8.4821e+03	-6.2872e+00
 6.5684e+04	 4.3730e+03	 4.5963e+00	 8.1850e-01	 3.4316e+02	 4.4249e+03	-7.9903e+01	 3.3473e+04	 5.9608e+03	-5.6155e+00
 9.8526e+04	 4.3730e+03	 4.3410e+00	 8.1971e-01	 3.4316e+02	 4.4276e+03	-7.9307e+01	 2.2282e+04	 4.2075e+03	-5.2958e+00
 1.4779e+05	 4.3730e+03	 4.0884e+00	 7.6850e-01	 3.4316e+02	 4.4300e+03	-7.9354e+01	 1.5845e+04	 2.9783e+03	-5.3200e+00
 2.2168e+05	 4.3730e+03	 3.8752e+00	 6.8259e-01	 3.4315e+02	 4.4326e+03	-8.0010e+01	 1.1893e+04	 2.0948e+03	-5.6773e+00
 3.3253e+05	 4.3730e+03	 3.6969e+00	 5.8684e-01	 3.4316e+02	 4.4351e+03	-8.0980e+01	 9.2220e+03	 1.4639e+03	-6.2996e+00
 4.9879e+05	 4.3730e+03	 3.5680e+00	 5.0168e-01	 3.4316e+02	 4.4377e+03	-8.1996e+01	 7.1917e+03	 1.0112e+03	-7.1122e+00
 7.4818e+05	 4.3730e+03	 3.5218e+00	 3.2983e-01	 3.4316e+02	 4.4455e+03	-8.4649e+01	 7.2923e+03	 6.8297e+02	-1.0677e+01
 9.0000e+05	 4.3730e+03	 3.4851e+00	 2.9532e-01	 3.4316e+02	 4.4532e+03	-8.5157e+01	 6.7707e+03	 5.7373e+02	-1.1801e+01
 1.0000e+02	 4.4505e+03	 5.9870e+00	 8.2302e-02	 3.4316e+02	 4.4610e+03	-8.9212e+01	 2.1865e+08	 3.0058e+06	-7.2745e+01
 1.5000e+02	 4.4505e+03	 5.9663e+00	 9.0766e-02	 3.4315e+02	 4.4637e+03	-8.9128e+01	 1.3218e+08	 2.0108e+06	-6.5733e+01
 2.2500e+02	 4.4505e+03	 5.9464e+00	 1.0441e-01	 3.4315e+02	 4.4661e+03	-8.8994e+01	 7.6605e+07	 1.3450e+06	-5.6954e+01
 3.3750e+02	 4.4505e+03	 5.9219e+00	 1.1984e-01	 3.4316e+02	 4.4686e+03	-8.8841e+01	 4.4493e+07	 9.0039e+05	-4.9415e+01
 5.0625e+02	 4.4505e+03	 5.8939e+00	 1.3910e-01	 3.4315e+02	 4.4711e+03	-8.8648e+01	 2.5555e+07	 6.0312e+05	-4.2372e+01
 7.5938e+02	 4.4505e+03	 5.8613e+00	 1.6252e-01	 3.4315e+02	 4.4736e+03	-8.8412e+01	 1.4581e+07	 4.0431e+05	-3.6065e+01
 1.1391e+03	 4.4505e+03	 5.8232e+00	 1.9089e-01	 3.4315e+02	 4.4763e+03	-8.8123e+01	 8.2765e+06	 2.7131e+05	-3.0506e+01
 1.7086e+03	 4.4505e+03	 5.7783e+00	 2.2532e-01	 3.4315e+02	 4.4789e+03	-8.7767e+01	 4.6744e+06	 1.8228e+05	-2.5645e+01
 2.5629e+03	 4.4505e+03	 5.7248e+00	 2.6693e-01	 3.4315e+02	 4.4814e+03	-8.7330e+01	 2.6305e+06	 1.2265e+05	-2.1447e+01
 3.8443e+03	 4.4505e+03	 5.6605e+00	 3.1659e-01	 3.4315e+02	 4.4839e+03	-8.6799e+01	 1.4786e+06	 8.2698e+04	-1.7880e+01
 5.7665e+03	 4.4505e+03	 5.5826e+00	 3.7531e-01	 3.4315e+02	 4.4864e+03	-8.6154e+01	 8.3151e+05	 5.5901e+04	-1.4875e+01
 8.6498e+03	 4.4505e+03	 5.4880e+00	 4.4383e-01	 3.4315e+02	 4.4891e+03	-8.5376e+01	 4.6875e+05	 3.7910e+04	-1.2365e+01
 1.2975e+04	 4.4505e+03	 5.3720e+00	 5.2175e-01	 3.4315e+02	 4.4916e+03	-8.4453e+01	 2.6583e+05	 2.5819e+04	-1.0296e+01
 1.9462e+04	 4.4505e+03	 5.2289e+00	 6.0720e-01	 3.4315e+02	 4.4942e+03	-8.3376e+01	 1.5228e+05	 1.7684e+04	-8.6114e+00
 2.9193e+04	 4.4505e+03	 5.0524e+00	 6.9377e-01	 3.4315e+02	 4.4968e+03	-8.2181e+01	 8.8854e+04	 1.2201e+04	-7.2826e+00
 4.3789e+04	 4.4505e+03	 4.8388e+00	 7.6978e-01	 3.4315e+02	 4.4992e+03	-8.0961e+01	 5.3387e+04	 8.4931e+03	-6.2859e+00
 6.5684e+04	 4.4505e+03	 4.5907e+00	 8.1668e-01	 3.4315e+02	 4.5018e+03	-7.9913e+01	 3.3547e+04	 5.9681e+03	-5.6211e+00
 9.8526e+04	 4.4505e+03	 4.3361e+00	 8.1764e-01	 3.4315e+02	 4.5044e+03	-7.9321e+01	 2.2339e+04	 4.2122e+03	-5.3032e+00
 1.4779e+05	 4.4505e+03	 4.0843e+00	 7.6636e-01	 3.4315e+02	 4.5068e+03	-7.9373e+01	 1.5889e+04	 2.9813e+03	-5.3295e+00
 2.2168e+05	 4.4505e+03	 3.8717e+00	 6.8073e-01	 3.4314e+02	 4.5096e+03	-8.0028e+01	 1.1925e+04	 2.0967e+03	-5.6876e+00
 3.3253e+05	 4.4505e+03	 3.6940e+00	 5.8540e-01	 3.4314e+02	 4.5124e+03	-8.0995e+01	 9.2447e+03	 1.4650e+03	-6.3103e+00
 4.9879e+05	 4.4505e+03	 3.5655e+00	 5.0050e-01	 3.4315e+02	 4.5149e+03	-8.2009e+01	 7.2085e+03	 1.0119e+03	-7.1237e+00
 7.4818e+05	 4.4505e+03	 3.5196e+00	 3.2809e-01	 3.4315e+02	 4.5224e+03	-8.4674e+01	 7.3311e+03	 6.8338e+02	-1.0728e+01
 9.0000e+05	 4.4505e+03	 3.4831e+00	 2.9304e-01	 3.4315e+02	 4.5304e+03	-8.5191e+01	 6.8233e+03	 5.7406e+02	-1.1886e+01
 1.0000e+02	 4.5276e+03	 5.9854e+00	 8.2892e-02	 3.4316e+02	 4.5382e+03	-8.9207e+01	 2.1710e+08	 3.0066e+06	-7.2208e+01
 1.5000e+02	 4.5276e+03	 5.9663e+00	 9.1876e-02	 3.4315e+02	 4.5407e+03	-8.9118e+01	 1.3058e+08	 2.0108e+06	-6.4939e+01
 2.2500e+02	 4.5276e+03	 5.9442e+00	 1.0528e-01	 3.4315e+02	 4.5433e+03	-8.8985e+01	 7.5973e+07	 1.3455e+06	-5.6463e+01
 3.3750e+02	 4.5276e+03	 5.9198e+00	 1.2105e-01	 3.4314e+02	 4.5458e+03	-8.8829e+01	 4.4050e+07	 9.0072e+05	-4.8905e+01
 5.0625e+02	 4.5276e+03	 5.8916e+00	 1.3989e-01	 3.4315e+02	 4.5486e+03	-8.8640e+01	 2.5410e+07	 6.0335e+05	-4.2115e+01
 7.5938e+02	 4.5276e+03	 5.8589e+00	 1.6364e-01	 3.4315e+02	 4.5511e+03	-8.8400e+01	 1.4482e+07	 4.0448e+05	-3.5803e+01
 1.1391e+03	 4.5276e+03	 5.8205e+00	 1.9225e-01	 3.4315e+02	 4.5539e+03	-8.8108e+01	 8.2177e+06	 2.7143e+05	-3.0276e+01
 1.7086e+03	 4.5276e+03	 5.7749e+00	 2.2661e-01	 3.4314e+02	 4.5565e+03	-8.7753e+01	 4.6478e+06	 1.8238e+05	-2.5484e+01
 2.5629e+03	 4.5276e+03	 5.7211e+00	 2.6836e-01	 3.4316e+02	 4.5591e+03	-8.7314e+01	 2.6165e+06	 1.2273e+05	-2.1318e+01
 3.8443e+03	 4.5276e+03	 5.6563e+00	 3.1815e-01	 3.4315e+02	 4.5616e+03	-8.6781e+01	 1.4714e+06	 8.2760e+04	-1.7779e+01
 5.7665e+03	 4.5276e+03	 5.5781e+00	 3.7688e-01	 3.4315e+02	 4.5640e+03	-8.6135e+01	 8.2804e+05	 5.5947e+04	-1.4801e+01
 8.6498e+03	 4.5276e+03	 5.4828e+00	 4.4523e-01	 3.4314e+02	 4.5666e+03	-8.5358e+01	 4.6729e+05	 3.7946e+04	-1.2315e+01
 1.2975e+04	 4.5276e+03	 5.3662e+00	 5.2295e-01	 3.4315e+02	 4.5692e+03	-8.4434e+01	 2.6523e+05	 2.5847e+04	-1.0262e+01
 1.9462e+04	 4.5276e+03	 5.2227e+00	 6.0762e-01	 3.4315e+02	 4.5719e+03	-8.3364e+01	 1.5218e+05	 1.7705e+04	-8.5953e+00
 2.9193e+04	 4.5276e+03	 5.0460e+00	 6.9343e-01	 3.4315e+02	 4.5744e+03	-8.2175e+01	 8.8897e+04	 1.2216e+04	-7.2768e+00
 4.3789e+04	 4.5276e+03	 4.8325e+00	 7.6855e-01	 3.4315e+02	 4.5771e+03	-8.0964e+01	 5.3472e+04	 8.5041e+03	-6.2878e+00
 6.5684e+04	 4.5276e+03	 4.5851e+00	 8.1501e-01	 3.4315e+02	 4.5796e+03	-7.9921e+01	 3.3616e+04	 5.9753e+03	-5.6258e+00
 9.8526e+04	 4.5276e+03	 4.3315e+00	 8.1549e-01	 3.4314e+02	 4.5821e+03	-7.9338e+01	 2.2398e+04	 4.2168e+03	-5.3115e+00
 1.4779e+05	 4.5276e+03	 4.0805e+00	 7.6434e-01	 3.4315e+02	 4.5848e+03	-7.9391e+01	 1.5931e+04	 2.9841e+03	-5.3386e+00
 2.2168e+05	 4.5276e+03	 3.8687e+00	 6.7901e-01	 3.4315e+02	 4.5873e+03	-8.0045e+01	 1.1955e+04	 2.0983e+03	-5.6975e+00
 3.3253e+05	 4.5276e+03	 3.6915e+00	 5.8392e-01	 3.4314e+02	 4.5901e+03	-8.1011e+01	 9.2681e+03	 1.4660e+03	-6.3219e+00
 4.9879e+05	 4.5276e+03	 3.5631e+00	 4.9936e-01	 3.4315e+02	 4.5926e+03	-8.2022e+01	 7.2251e+03	 1.0126e+03	-7.1355e+00
 7.4818e+05	 4.5276e+03	 3.5171e+00	 3.2876e-01	 3.4314e+02	 4.6006e+03	-8.4660e+01	 7.3161e+03	 6.8388e+02	-1.0698e+01
 9.0000e+05	 4.5276e+03	 3.4808e+00	 2.9353e-01	 3.4314e+02	 4.6082e+03	-8.5180e+01	 6.8119e+03	 5.7445e+02	-1.1858e+01
 1.0000e+02	 4.6055e+03	 5.9836e+00	 8.3375e-02	 3.4314e+02	 4.6168e+03	-8.9202e+01	 2.1584e+08	 3.0075e+06	-7.1767e+01
 1.5000e+02	 4.6055e+03	 5.9663e+00	 9.3880e-02	 3.4315e+02	 4.6192e+03	-8.9099e+01	 1.2779e+08	 2.0108e+06	-6.3553e+01
 2.2500e+02	 4.6055e+03	 5.9424e+00	 1.0615e-01	 3.4315e+02	 4.6220e+03	-8.8977e+01	 7.5346e+07	 1.3459e+06	-5.5981e+01
 3.3750e+02	 4.6055e+03	 5.9177e+00	 1.2165e-01	 3.4315e+02	 4.6245e+03	-8.8822e+01	 4.3832e+07	 9.0103e+05	-4.8646e+01
 5.0625e+02	 4.6055e+03	 5.8891e+00	 1.4131e-01	 3.4315e+02	 4.6270e+03	-8.8625e+01	 2.5155e+07	 6.0360e+05	-4.1675e+01
 7.5938e+02	 4.6055e+03	 5.8562e+00	 1.6484e-01	 3.4316e+02	 4.6296e+03	-8.8388e+01	 1.4376e+07	 4.0467e+05	-3.5526e+01
 1.1391e+03	 4.6055e+03	 5.8174e+00	 1.9325e-01	 3.4315e+02	 4.6321e+03	-8.8097e+01	 8.1751e+06	 2.7158e+05	-3.0102e+01
 1.7086e+03	 4.6055e+03	 5.7718e+00	 2.2810e-01	 3.4315e+02	 4.6346e+03	-8.7737e+01	 4.6174e+06	 1.8248e+05	-2.5303e+01
 2.5629e+03	 4.6055e+03	 5.7173e+00	 2.6994e-01	 3.4315e+02	 4.6374e+03	-8.7297e+01	 2.6012e+06	 1.2281e+05	-2.1180e+01
 3.8443e+03	 4.6055e+03	 5.6521e+00	 3.1967e-01	 3.4315e+02	 4.6401e+03	-8.6763e+01	 1.4643e+06	 8.2820e+04	-1.7681e+01
 5.7665e+03	 4.6055e+03	 5.5733e+00	 3.7830e-01	 3.4315e+02	 4.6426e+03	-8.6117e+01	 8.2493e+05	 5.5994e+04	-1.4732e+01
 8.6498e+03	 4.6055e+03	 5.4775e+00	 4.4649e-01	 3.4315e+02	 4.6454e+03	-8.5340e+01	 4.6596e+05	 3.7983e+04	-1.2268e+01
 1.2975e+04	 4.6055e+03	 5.3604e+00	 5.2380e-01	 3.4315e+02	 4.6478e+03	-8.4419e+01	 2.6479e+05	 2.5875e+04	-1.0234e+01
 1.9462e+04	 4.6055e+03	 5.2163e+00	 6.0797e-01	 3.4315e+02	 4.6507e+03	-8.3352e+01	 1.5209e+05	 1.7726e+04	-8.5799e+00
 2.9193e+04	 4.6055e+03	 5.0397e+00	 6.9311e-01	 3.4315e+02	 4.6532e+03	-8.2169e+01	 8.8939e+04	 1.2232e+04	-7.2712e+00
 4.3789e+04	 4.6055e+03	 4.8266e+00	 7.6748e-01	 3.4315e+02	 4.6557e+03	-8.0965e+01	 5.3547e+04	 8.5145e+03	-6.2889e+00
 6.5684e+04	 4.6055e+03	 4.5797e+00	 8.1327e-01	 3.4315e+02	 4.6583e+03	-7.9930e+01	 3.3688e+04	 5.9823e+03	-5.6313e+00
 9.8526e+04	 4.6055e+03	 4.3270e+00	 8.1356e-01	 3.4316e+02	 4.6609e+03	-7.9352e+01	 2.2451e+04	 4.2211e+03	-5.3186e+00
 1.4779e+05	 4.6055e+03	 4.0768e+00	 7.6241e-01	 3.4316e+02	 4.6636e+03	-7.9407e+01	 1.5971e+04	 2.9868e+03	-5.3473e+00
 2.2168e+05	 4.6055e+03	 3.8658e+00	 6.7733e-01	 3.4315e+02	 4.6662e+03	-8.0062e+01	 1.1985e+04	 2.0999e+03	-5.7074e+00
 3.3253e+05	 4.6055e+03	 3.6889e+00	 5.8269e-01	 3.4315e+02	 4.6688e+03	-8.1024e+01	 9.2877e+03	 1.4671e+03	-6.3307e+00
 4.9879e+05	 4.6055e+03	 3.5608e+00	 4.9842e-01	 3.4315e+02	 4.6714e+03	-8.2032e+01	 7.2386e+03	 1.0132e+03	-7.1442e+00
 7.4818e+05	 4.6055e+03	 3.5149e+00	 3.2851e-01	 3.4316e+02	 4.6791e+03	-8.4661e+01	 7.3217e+03	 6.8429e+02	-1.0700e+01
 9.0000e+05	 4.6055e+03	 3.4794e+00	 2.8865e-01	 3.4315e+02	 4.6874e+03	-8.5258e+01	 6.9272e+03	 5.7468e+02	-1.2054e+01
 1.0000e+02	 4.6846e+03	 5.9822e+00	 8.3872e-02	 3.4315e+02	 4.6956e+03	-8.9197e+01	 2.1456e+08	 3.0082e+06	-7.1325e+01
 1.5000e+02	 4.6846e+03	 5.9609e+00	 9.4975e-02	 3.4315e+02	 4.6981e+03	-8.9087e+01	 1.2632e+08	 2.0126e+06	-6.2763e+01
 2.2500e+02	 4.6846e+03	 5.9407e+00	 1.0697e-01	 3.4315e+02	 4.7005e+03	-8.8968e+01	 7.4772e+07	 1.3463e+06	-5.5538e+01
 3.3750e+02	 4.6846e+03	 5.9157e+00	 1.2268e-01	 3.4315e+02	 4.7031e+03	-8.8812e+01	 4.3463e+07	 9.0134e+05	-4.8220e+01
 5.0625e+02	 4.6846e+03	 5.8870e+00	 1.4209e-01	 3.4316e+02	 4.7055e+03	-8.8617e+01	 2.5018e+07	 6.0383e+05	-4.1433e+01
 7.5938e+02	 4.6846e+03	 5.8537e+00	 1.6604e-01	 3.4315e+02	 4.7083e+03	-8.8375e+01	 1.4272e+07	 4.0484e+05	-3.5254e+01
 1.1391e+03	 4.6846e+03	 5.8149e+00	 1.9477e-01	 3.4316e+02	 4.7108e+03	-8.8082e+01	 8.1116e+06	 2.7169e+05	-2.9856e+01
 1.7086e+03	 4.6846e+03	 5.7684e+00	 2.2947e-01	 3.4316e+02	 4.7136e+03	-8.7722e+01	 4.5899e+06	 1.8259e+05	-2.5138e+01
 2.5629e+03	 4.6846e+03	 5.7137e+00	 2.7117e-01	 3.4316e+02	 4.7162e+03	-8.7283e+01	 2.5894e+06	 1.2289e+05	-2.1070e+01
 3.8443e+03	 4.6846e+03	 5.6480e+00	 3.2114e-01	 3.4315e+02	 4.7186e+03	-8.6746e+01	 1.4576e+06	 8.2881e+04	-1.7587e+01
 5.7665e+03	 4.6846e+03	 5.5687e+00	 3.7978e-01	 3.4315e+02	 4.7212e+03	-8.6099e+01	 8.2172e+05	 5.6041e+04	-1.4663e+01
 8.6498e+03	 4.6846e+03	 5.4722e+00	 4.4780e-01	 3.4315e+02	 4.7238e+03	-8.5322e+01	 4.6460e+05	 3.8019e+04	-1.2220e+01
 1.2975e+04	 4.6846e+03	 5.3546e+00	 5.2483e-01	 3.4315e+02	 4.7265e+03	-8.4402e+01	 2.6427e+05	 2.5903e+04	-1.0203e+01
 1.9462e+04	 4.6846e+03	 5.2101e+00	 6.0834e-01	 3.4314e+02	 4.7291e+03	-8.3340e+01	 1.5200e+05	 1.7747e+04	-8.5645e+00
 2.9193e+04	 4.6846e+03	 5.0333e+00	 6.9285e-01	 3.4314e+02	 4.7317e+03	-8.2162e+01	 8.8971e+04	 1.2247e+04	-7.2646e+00
 4.3789e+04	 4.6846e+03	 4.8204e+00	 7.6647e-01	 3.4314e+02	 4.7341e+03	-8.0965e+01	 5.3617e+04	 8.5254e+03	-6.2891e+00
 6.5684e+04	 4.6846e+03	 4.5742e+00	 8.1152e-01	 3.4315e+02	 4.7366e+03	-7.9940e+01	 3.3760e+04	 5.9896e+03	-5.6365e+00
 9.8526e+04	 4.6846e+03	 4.3224e+00	 8.1136e-01	 3.4315e+02	 4.7392e+03	-7.9369e+01	 2.2511e+04	 4.2257e+03	-5.3273e+00
 1.4779e+05	 4.6846e+03	 4.0731e+00	 7.6044e-01	 3.4315e+02	 4.7417e+03	-7.9425e+01	 1.6013e+04	 2.9895e+03	-5.3563e+00
 2.2168e+05	 4.6846e+03	 3.8627e+00	 6.7570e-01	 3.4315e+02	 4.7445e+03	-8.0078e+01	 1.2014e+04	 2.1016e+03	-5.7166e+00
 3.3253e+05	 4.6846e+03	 3.6861e+00	 5.8128e-01	 3.4315e+02	 4.7470e+03	-8.1039e+01	 9.3102e+03	 1.4682e+03	-6.3414e+00
 4.9879e+05	 4.6846e+03	 3.5585e+00	 4.9728e-01	 3.4315e+02	 4.7499e+03	-8.2045e+01	 7.2553e+03	 1.0139e+03	-7.1560e+00
 7.4818e+05	 4.6846e+03	 3.5129e+00	 3.2662e-01	 3.4315e+02	 4.7575e+03	-8.4688e+01	 7.3642e+03	 6.8469e+02	-1.0755e+01
 9.0000e+05	 4.6846e+03	 3.4773e+00	 2.8664e-01	 3.4314e+02	 4.7652e+03	-8.5288e+01	 6.9758e+03	 5.7502e+02	-1.2131e+01
 1.0000e+02	 4.7624e+03	 5.9807e+00	 8.4519e-02	 3.4315e+02	 4.7733e+03	-8.9190e+01	 2.1292e+08	 3.0090e+06	-7.0761e+01
 1.5000e+02	 4.7624e+03	 5.9583e+00	 9.5828e-02	 3.4315e+02	 4.7758e+03	-8.9079e+01	 1.2519e+08	 2.0135e+06	-6.2177e+01
 2.2500e+02	 4.7624e+03	 5.9389e+00	 1.0766e-01	 3.4314e+02	 4.7782e+03	-8.8961e+01	 7.4288e+07	 1.3467e+06	-5.5161e+01
 3.3750e+02	 4.7624e+03	 5.9137e+00	 1.2361e-01	 3.4315e+02	 4.7808e+03	-8.8803e+01	 4.3135e+07	 9.0164e+05	-4.7840e+01
 5.0625e+02	 4.7624e+03	 5.8847e+00	 1.4312e-01	 3.4315e+02	 4.7832e+03	-8.8607e+01	 2.4837e+07	 6.0405e+05	-4.1117e+01
 7.5938e+02	 4.7624e+03	 5.8511e+00	 1.6702e-01	 3.4314e+02	 4.7860e+03	-8.8365e+01	 1.4189e+07	 4.0502e+05	-3.5033e+01
 1.1391e+03	 4.7624e+03	 5.8118e+00	 1.9581e-01	 3.4315e+02	 4.7885e+03	-8.8070e+01	 8.0685e+06	 2.7184e+05	-2.9681e+01
 1.7086e+03	 4.7624e+03	 5.7650e+00	 2.3097e-01	 3.4314e+02	 4.7911e+03	-8.7706e+01	 4.5600e+06	 1.8270e+05	-2.4960e+01
 2.5629e+03	 4.7624e+03	 5.7099e+00	 2.7279e-01	 3.4314e+02	 4.7936e+03	-8.7265e+01	 2.5740e+06	 1.2297e+05	-2.0931e+01
 3.8443e+03	 4.7624e+03	 5.6438e+00	 3.2252e-01	 3.4315e+02	 4.7961e+03	-8.6729e+01	 1.4514e+06	 8.2942e+04	-1.7499e+01
 5.7665e+03	 4.7624e+03	 5.5641e+00	 3.8126e-01	 3.4314e+02	 4.7985e+03	-8.6080e+01	 8.1853e+05	 5.6087e+04	-1.4594e+01
 8.6498e+03	 4.7624e+03	 5.4672e+00	 4.4901e-01	 3.4314e+02	 4.8011e+03	-8.5305e+01	 4.6335e+05	 3.8054e+04	-1.2176e+01
 1.2975e+04	 4.7624e+03	 5.3490e+00	 5.2572e-01	 3.4315e+02	 4.8036e+03	-8.4387e+01	 2.6383e+05	 2.5930e+04	-1.0175e+01
 1.9462e+04	 4.7624e+03	 5.2044e+00	 6.0887e-01	 3.4315e+02	 4.8063e+03	-8.3327e+01	 1.5186e+05	 1.7767e+04	-8.5477e+00
 2.9193e+04	 4.7624e+03	 5.0275e+00	 6.9249e-01	 3.4315e+02	 4.8089e+03	-8.2157e+01	 8.9018e+04	 1.2261e+04	-7.2601e+00
 4.3789e+04	 4.7624e+03	 4.8150e+00	 7.6541e-01	 3.4315e+02	 4.8115e+03	-8.0968e+01	 5.3692e+04	 8.5350e+03	-6.2907e+00
 6.5684e+04	 4.7624e+03	 4.5692e+00	 8.0995e-01	 3.4315e+02	 4.8140e+03	-7.9948e+01	 3.3826e+04	 5.9961e+03	-5.6414e+00
 9.8526e+04	 4.7624e+03	 4.3181e+00	 8.0966e-01	 3.4315e+02	 4.8169e+03	-7.9380e+01	 2.2559e+04	 4.2298e+03	-5.3332e+00
 1.4779e+05	 4.7624e+03	 4.0698e+00	 7.5855e-01	 3.4315e+02	 4.8194e+03	-7.9442e+01	 1.6052e+04	 2.9919e+03	-5.3652e+00
 2.2168e+05	 4.7624e+03	 3.8600e+00	 6.7403e-01	 3.4315e+02	 4.8222e+03	-8.0095e+01	 1.2044e+04	 2.1031e+03	-5.7267e+00
 3.3253e+05	 4.7624e+03	 3.6838e+00	 5.8010e-01	 3.4315e+02	 4.8246e+03	-8.1051e+01	 9.3292e+03	 1.4691e+03	-6.3503e+00
 4.9879e+05	 4.7624e+03	 3.5564e+00	 4.9645e-01	 3.4315e+02	 4.8272e+03	-8.2053e+01	 7.2673e+03	 1.0145e+03	-7.1635e+00
 7.4818e+05	 4.7624e+03	 3.5112e+00	 3.2511e-01	 3.4316e+02	 4.8349e+03	-8.4710e+01	 7.3982e+03	 6.8503e+02	-1.0800e+01
 9.0000e+05	 4.7624e+03	 3.4755e+00	 2.8696e-01	 3.4316e+02	 4.8426e+03	-8.5280e+01	 6.9679e+03	 5.7532e+02	-1.2111e+01
 1.0000e+02	 4.8399e+03	 5.9794e+00	 8.5076e-02	 3.4316e+02	 4.8508e+03	-8.9185e+01	 2.1152e+08	 3.0096e+06	-7.0283e+01
 1.5000e+02	 4.8399e+03	 5.9608e+00	 9.6516e-02	 3.4316e+02	 4.8533e+03	-8.9072e+01	 1.2430e+08	 2.0127e+06	-6.1760e+01
 2.2500e+02	 4.8399e+03	 5.9371e+00	 1.0852e-01	 3.4316e+02	 4.8558e+03	-8.8953e+01	 7.3701e+07	 1.3471e+06	-5.4709e+01
 3.3750e+02	 4.8399e+03	 5.9119e+00	 1.2437e-01	 3.4316e+02	 4.8583e+03	-8.8795e+01	 4.2872e+07	 9.0192e+05	-4.7534e+01
 5.0625e+02	 4.8399e+03	 5.8826e+00	 1.4378e-01	 3.4316e+02	 4.8608e+03	-8.8600e+01	 2.4723e+07	 6.0427e+05	-4.0914e+01
 7.5938e+02	 4.8399e+03	 5.8488e+00	 1.6817e-01	 3.4315e+02	 4.8636e+03	-8.8353e+01	 1.4091e+07	 4.0518e+05	-3.4778e+01
 1.1391e+03	 4.8399e+03	 5.8090e+00	 1.9731e-01	 3.4316e+02	 4.8661e+03	-8.8055e+01	 8.0070e+06	 2.7197e+05	-2.9440e+01
 1.7086e+03	 4.8399e+03	 5.7622e+00	 2.3213e-01	 3.4315e+02	 4.8686e+03	-8.7693e+01	 4.5373e+06	 1.8278e+05	-2.4823e+01
 2.5629e+03	 4.8399e+03	 5.7067e+00	 2.7411e-01	 3.4315e+02	 4.8712e+03	-8.7250e+01	 2.5616e+06	 1.2304e+05	-2.0819e+01
 3.8443e+03	 4.8399e+03	 5.6400e+00	 3.2407e-01	 3.4315e+02	 4.8737e+03	-8.6711e+01	 1.4445e+06	 8.2999e+04	-1.7404e+01
 5.7665e+03	 4.8399e+03	 5.5597e+00	 3.8261e-01	 3.4315e+02	 4.8763e+03	-8.6063e+01	 8.1564e+05	 5.6131e+04	-1.4531e+01
 8.6498e+03	 4.8399e+03	 5.4622e+00	 4.5020e-01	 3.4315e+02	 4.8790e+03	-8.5288e+01	 4.6212e+05	 3.8089e+04	-1.2133e+01
 1.2975e+04	 4.8399e+03	 5.3437e+00	 5.2656e-01	 3.4316e+02	 4.8818e+03	-8.4372e+01	 2.6341e+05	 2.5955e+04	-1.0148e+01
 1.9462e+04	 4.8399e+03	 5.1985e+00	 6.0904e-01	 3.4315e+02	 4.8844e+03	-8.3318e+01	 1.5182e+05	 1.7787e+04	-8.5356e+00
 2.9193e+04	 4.8399e+03	 5.0217e+00	 6.9209e-01	 3.4315e+02	 4.8872e+03	-8.2153e+01	 8.9070e+04	 1.2276e+04	-7.2559e+00
 4.3789e+04	 4.8399e+03	 4.8092e+00	 7.6419e-01	 3.4315e+02	 4.8896e+03	-8.0971e+01	 5.3777e+04	 8.5452e+03	-6.2933e+00
 6.5684e+04	 4.8399e+03	 4.5640e+00	 8.0839e-01	 3.4315e+02	 4.8921e+03	-7.9956e+01	 3.3891e+04	 6.0029e+03	-5.6458e+00
 9.8526e+04	 4.8399e+03	 4.3139e+00	 8.0763e-01	 3.4315e+02	 4.8949e+03	-7.9396e+01	 2.2615e+04	 4.2339e+03	-5.3415e+00
 1.4779e+05	 4.8399e+03	 4.0663e+00	 7.5662e-01	 3.4315e+02	 4.8973e+03	-7.9460e+01	 1.6093e+04	 2.9945e+03	-5.3743e+00
 2.2168e+05	 4.8399e+03	 3.8571e+00	 6.7239e-01	 3.4315e+02	 4.8999e+03	-8.0111e+01	 1.2073e+04	 2.1046e+03	-5.7365e+00
 3.3253e+05	 4.8399e+03	 3.6813e+00	 5.7884e-01	 3.4315e+02	 4.9024e+03	-8.1064e+01	 9.3495e+03	 1.4701e+03	-6.3599e+00
 4.9879e+05	 4.8399e+03	 3.5541e+00	 4.9539e-01	 3.4316e+02	 4.9052e+03	-8.2065e+01	 7.2829e+03	 1.0151e+03	-7.1743e+00
 7.4818e+05	 4.8399e+03	 3.5091e+00	 3.2419e-01	 3.4316e+02	 4.9128e+03	-8.4722e+01	 7.4194e+03	 6.8544e+02	-1.0824e+01
 9.0000e+05	 4.8399e+03	 3.4736e+00	 2.8514e-01	 3.4315e+02	 4.9209e+03	-8.5307e+01	 7.0124e+03	 5.7564e+02	-1.2182e+01
 1.0000e+02	 4.9181e+03	 5.9776e+00	 8.5738e-02	 3.4314e+02	 4.9288e+03	-8.9178e+01	 2.0989e+08	 3.0105e+06	-6.9720e+01
 1.5000e+02	 4.9181e+03	 5.9597e+00	 9.4579e-02	 3.4315e+02	 4.9316e+03	-8.9091e+01	 1.2685e+08	 2.0131e+06	-6.3013e+01
 2.2500e+02	 4.9181e+03	 5.9352e+00	 1.0923e-01	 3.4315e+02	 4.9341e+03	-8.8946e+01	 7.3222e+07	 1.3476e+06	-5.4336e+01
 3.3750e+02	 4.9181e+03	 5.9096e+00	 1.2540e-01	 3.4314e+02	 4.9365e+03	-8.8784e+01	 4.2521e+07	 9.0227e+05	-4.7126e+01
 5.0625e+02	 4.9181e+03	 5.8801e+00	 1.4510e-01	 3.4314e+02	 4.9392e+03	-8.8586e+01	 2.4499e+07	 6.0453e+05	-4.0526e+01
 7.5938e+02	 4.9181e+03	 5.8461e+00	 1.6934e-01	 3.4314e+02	 4.9418e+03	-8.8341e+01	 1.3994e+07	 4.0536e+05	-3.4522e+01
 1.1391e+03	 4.9181e+03	 5.8061e+00	 1.9850e-01	 3.4315e+02	 4.9446e+03	-8.8042e+01	 7.9589e+06	 2.7211e+05	-2.9249e+01
 1.7086e+03	 4.9181e+03	 5.7589e+00	 2.3359e-01	 3.4314e+02	 4.9471e+03	-8.7677e+01	 4.5089e+06	 1.8289e+05	-2.4653e+01
 2.5629e+03	 4.9181e+03	 5.7027e+00	 2.7569e-01	 3.4314e+02	 4.9499e+03	-8.7232e+01	 2.5469e+06	 1.2313e+05	-2.0685e+01
 3.8443e+03	 4.9181e+03	 5.6356e+00	 3.2562e-01	 3.4315e+02	 4.9523e+03	-8.6693e+01	 1.4376e+06	 8.3063e+04	-1.7308e+01
 5.7665e+03	 4.9181e+03	 5.5549e+00	 3.8407e-01	 3.4315e+02	 4.9548e+03	-8.6045e+01	 8.1253e+05	 5.6179e+04	-1.4463e+01
 8.6498e+03	 4.9181e+03	 5.4571e+00	 4.5159e-01	 3.4314e+02	 4.9576e+03	-8.5269e+01	 4.6070e+05	 3.8124e+04	-1.2084e+01
 1.2975e+04	 4.9181e+03	 5.3381e+00	 5.2751e-01	 3.4315e+02	 4.9601e+03	-8.4356e+01	 2.6293e+05	 2.5983e+04	-1.0119e+01
 1.9462e+04	 4.9181e+03	 5.1927e+00	 6.0936e-01	 3.4314e+02	 4.9628e+03	-8.3307e+01	 1.5174e+05	 1.7807e+04	-8.5217e+00
 2.9193e+04	 4.9181e+03	 5.0157e+00	 6.9195e-01	 3.4315e+02	 4.9655e+03	-8.2145e+01	 8.9088e+04	 1.2290e+04	-7.2486e+00
 4.3789e+04	 4.9181e+03	 4.8034e+00	 7.6334e-01	 3.4315e+02	 4.9680e+03	-8.0970e+01	 5.3837e+04	 8.5557e+03	-6.2926e+00
 6.5684e+04	 4.9181e+03	 4.5589e+00	 8.0666e-01	 3.4315e+02	 4.9704e+03	-7.9966e+01	 3.3964e+04	 6.0097e+03	-5.6515e+00
 9.8526e+04	 4.9181e+03	 4.3095e+00	 8.0576e-01	 3.4315e+02	 4.9731e+03	-7.9409e+01	 2.2668e+04	 4.2383e+03	-5.3483e+00
 1.4779e+05	 4.9181e+03	 4.0628e+00	 7.5464e-01	 3.4315e+02	 4.9756e+03	-7.9478e+01	 1.6136e+04	 2.9971e+03	-5.3838e+00
 2.2168e+05	 4.9181e+03	 3.8541e+00	 6.7081e-01	 3.4316e+02	 4.9781e+03	-8.0126e+01	 1.2101e+04	 2.1063e+03	-5.7454e+00
 3.3253e+05	 4.9181e+03	 3.6788e+00	 5.7744e-01	 3.4315e+02	 4.9807e+03	-8.1079e+01	 9.3720e+03	 1.4711e+03	-6.3709e+00
 4.9879e+05	 4.9181e+03	 3.5519e+00	 4.9439e-01	 3.4314e+02	 4.9832e+03	-8.2076e+01	 7.2976e+03	 1.0158e+03	-7.1844e+00
 7.4818e+05	 4.9181e+03	 3.5071e+00	 3.2244e-01	 3.4315e+02	 4.9911e+03	-8.4747e+01	 7.4595e+03	 6.8581e+02	-1.0877e+01
 9.0000e+05	 4.9181e+03	 3.4713e+00	 2.8559e-01	 3.4315e+02	 4.9989e+03	-8.5297e+01	 7.0014e+03	 5.7602e+02	-1.2155e+01
 1.0000e+02	 4.9962e+03	 5.9762e+00	 8.6066e-02	 3.4315e+02	 5.0071e+03	-8.9175e+01	 2.0909e+08	 3.0112e+06	-6.9438e+01
 1.5000e+02	 4.9962e+03	 5.9560e+00	 9.7372e-02	 3.4316e+02	 5.0097e+03	-8.9063e+01	 1.2321e+08	 2.0143e+06	-6.1167e+01
 2.2500e+02	 4.9962e+03	 5.9334e+00	 1.0987e-01	 3.4315e+02	 5.0122e+03	-8.8939e+01	 7.2797e+07	 1.3480e+06	-5.4004e+01
 3.3750e+02	 4.9962e+03	 5.9077e+00	 1.2616e-01	 3.4315e+02	 5.0147e+03	-8.8777e+01	 4.2266e+07	 9.0257e+05	-4.6828e+01
 5.0625e+02	 4.9962e+03	 5.8782e+00	 1.4597e-01	 3.4315e+02	 5.0171e+03	-8.8578e+01	 2.4353e+07	 6.0472e+05	-4.0271e+01
 7.5938e+02	 4.9962e+03	 5.8436e+00	 1.7041e-01	 3.4315e+02	 5.0199e+03	-8.8330e+01	 1.3906e+07	 4.0554e+05	-3.4291e+01
 1.1391e+03	 4.9962e+03	 5.8033e+00	 1.9960e-01	 3.4315e+02	 5.0224e+03	-8.8030e+01	 7.9153e+06	 2.7224e+05	-2.9075e+01
 1.7086e+03	 4.9962e+03	 5.7558e+00	 2.3497e-01	 3.4315e+02	 5.0251e+03	-8.7662e+01	 4.4824e+06	 1.8299e+05	-2.4496e+01
 2.5629e+03	 4.9962e+03	 5.6995e+00	 2.7702e-01	 3.4315e+02	 5.0278e+03	-8.7217e+01	 2.5347e+06	 1.2320e+05	-2.0574e+01
 3.8443e+03	 4.9962e+03	 5.6318e+00	 3.2683e-01	 3.4315e+02	 5.0302e+03	-8.6679e+01	 1.4323e+06	 8.3120e+04	-1.7231e+01
 5.7665e+03	 4.9962e+03	 5.5506e+00	 3.8542e-01	 3.4316e+02	 5.0329e+03	-8.6028e+01	 8.0969e+05	 5.6223e+04	-1.4401e+01
 8.6498e+03	 4.9962e+03	 5.4524e+00	 4.5274e-01	 3.4315e+02	 5.0354e+03	-8.5253e+01	 4.5953e+05	 3.8157e+04	-1.2043e+01
 1.2975e+04	 4.9962e+03	 5.3327e+00	 5.2820e-01	 3.4316e+02	 5.0381e+03	-8.4343e+01	 2.6259e+05	 2.6009e+04	-1.0096e+01
 1.9462e+04	 4.9962e+03	 5.1872e+00	 6.0979e-01	 3.4315e+02	 5.0406e+03	-8.3295e+01	 1.5164e+05	 1.7826e+04	-8.5066e+00
 2.9193e+04	 4.9962e+03	 5.0100e+00	 6.9145e-01	 3.4315e+02	 5.0432e+03	-8.2142e+01	 8.9152e+04	 1.2304e+04	-7.2457e+00
 4.3789e+04	 4.9962e+03	 4.7980e+00	 7.6224e-01	 3.4315e+02	 5.0456e+03	-8.0973e+01	 5.3915e+04	 8.5653e+03	-6.2946e+00
 6.5684e+04	 4.9962e+03	 4.5541e+00	 8.0498e-01	 3.4315e+02	 5.0481e+03	-7.9976e+01	 3.4035e+04	 6.0160e+03	-5.6574e+00
 9.8526e+04	 4.9962e+03	 4.3054e+00	 8.0375e-01	 3.4315e+02	 5.0508e+03	-7.9425e+01	 2.2725e+04	 4.2424e+03	-5.3566e+00
 1.4779e+05	 4.9962e+03	 4.0593e+00	 7.5288e-01	 3.4315e+02	 5.0532e+03	-7.9493e+01	 1.6173e+04	 2.9997e+03	-5.3916e+00
 2.2168e+05	 4.9962e+03	 3.8512e+00	 6.6910e-01	 3.4315e+02	 5.0559e+03	-8.0144e+01	 1.2132e+04	 2.1078e+03	-5.7558e+00
 3.3253e+05	 4.9962e+03	 3.6764e+00	 5.7606e-01	 3.4314e+02	 5.0584e+03	-8.1095e+01	 9.3946e+03	 1.4720e+03	-6.3820e+00
 4.9879e+05	 4.9962e+03	 3.5497e+00	 4.9337e-01	 3.4315e+02	 5.0609e+03	-8.2087e+01	 7.3128e+03	 1.0164e+03	-7.1948e+00
 7.4818e+05	 4.9962e+03	 3.5050e+00	 3.2242e-01	 3.4314e+02	 5.0688e+03	-8.4744e+01	 7.4599e+03	 6.8624e+02	-1.0871e+01
 9.0000e+05	 4.9962e+03	 3.4694e+00	 2.8527e-01	 3.4315e+02	 5.0764e+03	-8.5300e+01	 7.0093e+03	 5.7633e+02	-1.2162e+01
 1.0000e+02	 5.0737e+03	 5.9748e+00	 8.6889e-02	 3.4315e+02	 5.0848e+03	-8.9167e+01	 2.0711e+08	 3.0119e+06	-6.8763e+01
 1.5000e+02	 5.0737e+03	 5.9550e+00	 9.7483e-02	 3.4315e+02	 5.0872e+03	-8.9062e+01	 1.2307e+08	 2.0146e+06	-6.1088e+01
 2.2500e+02	 5.0737e+03	 5.9317e+00	 1.1063e-01	 3.4316e+02	 5.0899e+03	-8.8932e+01	 7.2296e+07	 1.3484e+06	-5.3618e+01
 3.3750e+02	 5.0737e+03	 5.9060e+00	 1.2689e-01	 3.4316e+02	 5.0923e+03	-8.8769e+01	 4.2021e+07	 9.0283e+05	-4.6543e+01
 5.0625e+02	 5.0737e+03	 5.8761e+00	 1.4704e-01	 3.4315e+02	 5.0948e+03	-8.8567e+01	 2.4175e+07	 6.0494e+05	-3.9962e+01
 7.5938e+02	 5.0737e+03	 5.8414e+00	 1.7142e-01	 3.4316e+02	 5.0975e+03	-8.8319e+01	 1.3825e+07	 4.0569e+05	-3.4077e+01
 1.1391e+03	 5.0737e+03	 5.8008e+00	 2.0104e-01	 3.4315e+02	 5.0999e+03	-8.8015e+01	 7.8585e+06	 2.7235e+05	-2.8854e+01
 1.7086e+03	 5.0737e+03	 5.7528e+00	 2.3621e-01	 3.4315e+02	 5.1026e+03	-8.7649e+01	 4.4590e+06	 1.8308e+05	-2.4355e+01
 2.5629e+03	 5.0737e+03	 5.6958e+00	 2.7836e-01	 3.4315e+02	 5.1052e+03	-8.7202e+01	 2.5225e+06	 1.2328e+05	-2.0462e+01
 3.8443e+03	 5.0737e+03	 5.6279e+00	 3.2840e-01	 3.4315e+02	 5.1076e+03	-8.6660e+01	 1.4254e+06	 8.3177e+04	-1.7137e+01
 5.7665e+03	 5.0737e+03	 5.5460e+00	 3.8672e-01	 3.4315e+02	 5.1102e+03	-8.6011e+01	 8.0697e+05	 5.6270e+04	-1.4341e+01
 8.6498e+03	 5.0737e+03	 5.4474e+00	 4.5388e-01	 3.4315e+02	 5.1128e+03	-8.5237e+01	 4.5838e+05	 3.8192e+04	-1.2002e+01
 1.2975e+04	 5.0737e+03	 5.3275e+00	 5.2914e-01	 3.4315e+02	 5.1156e+03	-8.4328e+01	 2.6212e+05	 2.6035e+04	-1.0068e+01
 1.9462e+04	 5.0737e+03	 5.1815e+00	 6.1017e-01	 3.4315e+02	 5.1181e+03	-8.3284e+01	 1.5154e+05	 1.7845e+04	-8.4920e+00
 2.9193e+04	 5.0737e+03	 5.0041e+00	 6.9112e-01	 3.4316e+02	 5.1208e+03	-8.2137e+01	 8.9194e+04	 1.2319e+04	-7.2406e+00
 4.3789e+04	 5.0737e+03	 4.7925e+00	 7.6108e-01	 3.4315e+02	 5.1232e+03	-8.0976e+01	 5.3997e+04	 8.5750e+03	-6.2970e+00
 6.5684e+04	 5.0737e+03	 4.5491e+00	 8.0349e-01	 3.4315e+02	 5.1257e+03	-7.9983e+01	 3.4098e+04	 6.0226e+03	-5.6617e+00
 9.8526e+04	 5.0737e+03	 4.3013e+00	 8.0190e-01	 3.4315e+02	 5.1283e+03	-7.9439e+01	 2.2777e+04	 4.2464e+03	-5.3639e+00
 1.4779e+05	 5.0737e+03	 4.0561e+00	 7.5109e-01	 3.4314e+02	 5.1308e+03	-7.9509e+01	 1.6212e+04	 3.0021e+03	-5.4002e+00
 2.2168e+05	 5.0737e+03	 3.8488e+00	 6.6766e-01	 3.4314e+02	 5.1333e+03	-8.0159e+01	 1.2159e+04	 2.1092e+03	-5.7646e+00
 3.3253e+05	 5.0737e+03	 3.6740e+00	 5.7503e-01	 3.4314e+02	 5.1359e+03	-8.1104e+01	 9.4113e+03	 1.4730e+03	-6.3891e+00
 4.9879e+05	 5.0737e+03	 3.5476e+00	 4.9253e-01	 3.4314e+02	 5.1388e+03	-8.2096e+01	 7.3252e+03	 1.0170e+03	-7.2029e+00
 7.4818e+05	 5.0737e+03	 3.5034e+00	 3.1979e-01	 3.4315e+02	 5.1465e+03	-8.4785e+01	 7.5214e+03	 6.8654e+02	-1.0955e+01
 9.0000e+05	 5.0737e+03	 3.4679e+00	 2.8227e-01	 3.4315e+02	 5.1542e+03	-8.5347e+01	 7.0838e+03	 5.7658e+02	-1.2286e+01
 1.0000e+02	 5.1514e+03	 5.9735e+00	 8.7471e-02	 3.4314e+02	 5.1623e+03	-8.9161e+01	 2.0573e+08	 3.0126e+06	-6.8291e+01
 1.5000e+02	 5.1514e+03	 5.9533e+00	 9.8618e-02	 3.4314e+02	 5.1648e+03	-8.9051e+01	 1.2165e+08	 2.0152e+06	-6.0367e+01
 2.2500e+02	 5.1514e+03	 5.9300e+00	 1.1137e-01	 3.4315e+02	 5.1674e+03	-8.8924e+01	 7.1814e+07	 1.3488e+06	-5.3244e+01
 3.3750e+02	 5.1514e+03	 5.9041e+00	 1.2777e-01	 3.4315e+02	 5.1699e+03	-8.8760e+01	 4.1732e+07	 9.0311e+05	-4.6209e+01
 5.0625e+02	 5.1514e+03	 5.8740e+00	 1.4794e-01	 3.4315e+02	 5.1727e+03	-8.8557e+01	 2.4028e+07	 6.0516e+05	-3.9705e+01
 7.5938e+02	 5.1514e+03	 5.8391e+00	 1.7256e-01	 3.4316e+02	 5.1752e+03	-8.8307e+01	 1.3733e+07	 4.0585e+05	-3.3838e+01
 1.1391e+03	 5.1514e+03	 5.7980e+00	 2.0170e-01	 3.4315e+02	 5.1777e+03	-8.8008e+01	 7.8329e+06	 2.7249e+05	-2.8746e+01
 1.7086e+03	 5.1514e+03	 5.7499e+00	 2.3736e-01	 3.4316e+02	 5.1803e+03	-8.7636e+01	 4.4373e+06	 1.8318e+05	-2.4224e+01
 2.5629e+03	 5.1514e+03	 5.6928e+00	 2.7957e-01	 3.4316e+02	 5.1829e+03	-8.7188e+01	 2.5116e+06	 1.2334e+05	-2.0362e+01
 3.8443e+03	 5.1514e+03	 5.6242e+00	 3.2944e-01	 3.4315e+02	 5.1853e+03	-8.6648e+01	 1.4209e+06	 8.3231e+04	-1.7072e+01
 5.7665e+03	 5.1514e+03	 5.5421e+00	 3.8789e-01	 3.4315e+02	 5.1880e+03	-8.5996e+01	 8.0454e+05	 5.6310e+04	-1.4288e+01
 8.6498e+03	 5.1514e+03	 5.4429e+00	 4.5475e-01	 3.4315e+02	 5.1909e+03	-8.5224e+01	 4.5750e+05	 3.8224e+04	-1.1969e+01
 1.2975e+04	 5.1514e+03	 5.3226e+00	 5.2967e-01	 3.4315e+02	 5.1934e+03	-8.4317e+01	 2.6186e+05	 2.6058e+04	-1.0049e+01
 1.9462e+04	 5.1514e+03	 5.1765e+00	 6.1025e-01	 3.4316e+02	 5.1961e+03	-8.3277e+01	 1.5152e+05	 1.7863e+04	-8.4826e+00
 2.9193e+04	 5.1514e+03	 4.9992e+00	 6.9073e-01	 3.4316e+02	 5.1988e+03	-8.2133e+01	 8.9245e+04	 1.2331e+04	-7.2376e+00
 4.3789e+04	 5.1514e+03	 4.7878e+00	 7.6007e-01	 3.4316e+02	 5.2014e+03	-8.0979e+01	 5.4068e+04	 8.5835e+03	-6.2991e+00
 6.5684e+04	 5.1514e+03	 4.5451e+00	 8.0179e-01	 3.4316e+02	 5.2039e+03	-7.9996e+01	 3.4170e+04	 6.0279e+03	-5.6687e+00
 9.8526e+04	 5.1514e+03	 4.2980e+00	 8.0026e-01	 3.4316e+02	 5.2064e+03	-7.9453e+01	 2.2824e+04	 4.2496e+03	-5.3708e+00
 1.4779e+05	 5.1514e+03	 4.0533e+00	 7.4954e-01	 3.4315e+02	 5.2090e+03	-7.9523e+01	 1.6245e+04	 3.0041e+03	-5.4077e+00
 2.2168e+05	 5.1514e+03	 3.8463e+00	 6.6632e-01	 3.4316e+02	 5.2116e+03	-8.0172e+01	 1.2183e+04	 2.1105e+03	-5.7725e+00
 3.3253e+05	 5.1514e+03	 3.6721e+00	 5.7383e-01	 3.4315e+02	 5.2142e+03	-8.1118e+01	 9.4310e+03	 1.4738e+03	-6.3992e+00
 4.9879e+05	 5.1514e+03	 3.5457e+00	 4.9164e-01	 3.4316e+02	 5.2168e+03	-8.2106e+01	 7.3384e+03	 1.0175e+03	-7.2118e+00
 7.4818e+05	 5.1514e+03	 3.5015e+00	 3.1939e-01	 3.4316e+02	 5.2248e+03	-8.4788e+01	 7.5309e+03	 6.8692e+02	-1.0963e+01
 9.0000e+05	 5.1514e+03	 3.4656e+00	 2.8360e-01	 3.4315e+02	 5.2326e+03	-8.5322e+01	 7.0505e+03	 5.7696e+02	-1.2220e+01
 1.0000e+02	 5.2299e+03	 5.9719e+00	 8.7928e-02	 3.4315e+02	 5.2408e+03	-8.9156e+01	 2.0466e+08	 3.0134e+06	-6.7918e+01
 1.5000e+02	 5.2299e+03	 5.9505e+00	 9.8851e-02	 3.4316e+02	 5.2433e+03	-8.9048e+01	 1.2137e+08	 2.0161e+06	-6.0197e+01
 2.2500e+02	 5.2299e+03	 5.9284e+00	 1.1212e-01	 3.4315e+02	 5.2457e+03	-8.8917e+01	 7.1337e+07	 1.3491e+06	-5.2877e+01
 3.3750e+02	 5.2299e+03	 5.9020e+00	 1.2867e-01	 3.4315e+02	 5.2481e+03	-8.8751e+01	 4.1439e+07	 9.0343e+05	-4.5869e+01
 5.0625e+02	 5.2299e+03	 5.8716e+00	 1.4904e-01	 3.4315e+02	 5.2506e+03	-8.8546e+01	 2.3851e+07	 6.0540e+05	-3.9397e+01
 7.5938e+02	 5.2299e+03	 5.8366e+00	 1.7337e-01	 3.4315e+02	 5.2534e+03	-8.8299e+01	 1.3669e+07	 4.0603e+05	-3.3665e+01
 1.1391e+03	 5.2299e+03	 5.7954e+00	 2.0342e-01	 3.4315e+02	 5.2558e+03	-8.7990e+01	 7.7666e+06	 2.7261e+05	-2.8490e+01
 1.7086e+03	 5.2299e+03	 5.7466e+00	 2.3863e-01	 3.4315e+02	 5.2586e+03	-8.7622e+01	 4.4138e+06	 1.8328e+05	-2.4082e+01
 2.5629e+03	 5.2299e+03	 5.6892e+00	 2.8102e-01	 3.4315e+02	 5.2612e+03	-8.7172e+01	 2.4986e+06	 1.2342e+05	-2.0245e+01
 3.8443e+03	 5.2299e+03	 5.6202e+00	 3.3110e-01	 3.4315e+02	 5.2639e+03	-8.6628e+01	 1.4138e+06	 8.3291e+04	-1.6974e+01
 5.7665e+03	 5.2299e+03	 5.5375e+00	 3.8922e-01	 3.4314e+02	 5.2664e+03	-8.5979e+01	 8.0179e+05	 5.6356e+04	-1.4227e+01
 8.6498e+03	 5.2299e+03	 5.4377e+00	 4.5607e-01	 3.4315e+02	 5.2689e+03	-8.5206e+01	 4.5618e+05	 3.8261e+04	-1.1923e+01
 1.2975e+04	 5.2299e+03	 5.3171e+00	 5.3066e-01	 3.4315e+02	 5.2716e+03	-8.4301e+01	 2.6137e+05	 2.6085e+04	-1.0020e+01
 1.9462e+04	 5.2299e+03	 5.1704e+00	 6.1060e-01	 3.4315e+02	 5.2741e+03	-8.3265e+01	 1.5143e+05	 1.7884e+04	-8.4677e+00
 2.9193e+04	 5.2299e+03	 4.9930e+00	 6.9054e-01	 3.4315e+02	 5.2768e+03	-8.2126e+01	 8.9270e+04	 1.2346e+04	-7.2306e+00
 4.3789e+04	 5.2299e+03	 4.7817e+00	 7.5931e-01	 3.4315e+02	 5.2793e+03	-8.0977e+01	 5.4123e+04	 8.5944e+03	-6.2975e+00
 6.5684e+04	 5.2299e+03	 4.5394e+00	 8.0023e-01	 3.4314e+02	 5.2818e+03	-8.0002e+01	 3.4237e+04	 6.0354e+03	-5.6726e+00
 9.8526e+04	 5.2299e+03	 4.2932e+00	 7.9816e-01	 3.4315e+02	 5.2844e+03	-7.9468e+01	 2.2884e+04	 4.2543e+03	-5.3789e+00
 1.4779e+05	 5.2299e+03	 4.0494e+00	 7.4750e-01	 3.4314e+02	 5.2868e+03	-7.9541e+01	 1.6290e+04	 3.0070e+03	-5.4173e+00
 2.2168e+05	 5.2299e+03	 3.8431e+00	 6.6453e-01	 3.4314e+02	 5.2896e+03	-8.0190e+01	 1.2216e+04	 2.1123e+03	-5.7832e+00
 3.3253e+05	 5.2299e+03	 3.6694e+00	 5.7248e-01	 3.4314e+02	 5.2921e+03	-8.1132e+01	 9.4533e+03	 1.4749e+03	-6.4096e+00
 4.9879e+05	 5.2299e+03	 3.5433e+00	 4.9048e-01	 3.4315e+02	 5.2950e+03	-8.2119e+01	 7.3558e+03	 1.0182e+03	-7.2241e+00
 7.4818e+05	 5.2299e+03	 3.4995e+00	 3.1690e-01	 3.4314e+02	 5.3027e+03	-8.4826e+01	 7.5901e+03	 6.8732e+02	-1.1043e+01
 9.0000e+05	 5.2299e+03	 3.4635e+00	 2.8432e-01	 3.4314e+02	 5.3104e+03	-8.5307e+01	 7.0327e+03	 5.7731e+02	-1.2182e+01
 1.0000e+02	 5.3076e+03	 5.9706e+00	 8.8671e-02	 3.4314e+02	 5.3185e+03	-8.9149e+01	 2.0295e+08	 3.0140e+06	-6.7334e+01
 1.5000e+02	 5.3076e+03	 5.9502e+00	 9.9583e-02	 3.4314e+02	 5.3210e+03	-8.9041e+01	 1.2047e+08	 2.0163e+06	-5.9751e+01
 2.2500e+02	 5.3076e+03	 5.9265e+00	 1.1284e-01	 3.4314e+02	 5.3238e+03	-8.8909e+01	 7.0883e+07	 1.3495e+06	-5.2524e+01
 3.3750e+02	 5.3076e+03	 5.9001e+00	 1.2955e-01	 3.4315e+02	 5.3262e+03	-8.8742e+01	 4.1158e+07	 9.0373e+05	-4.5543e+01
 5.0625e+02	 5.3076e+03	 5.8695e+00	 1.4988e-01	 3.4314e+02	 5.3286e+03	-8.8537e+01	 2.3717e+07	 6.0563e+05	-3.9162e+01
 7.5938e+02	 5.3076e+03	 5.8341e+00	 1.7460e-01	 3.4315e+02	 5.3312e+03	-8.8286e+01	 1.3573e+07	 4.0620e+05	-3.3414e+01
 1.1391e+03	 5.3076e+03	 5.7925e+00	 2.0411e-01	 3.4315e+02	 5.3338e+03	-8.7982e+01	 7.7403e+06	 2.7274e+05	-2.8379e+01
 1.7086e+03	 5.3076e+03	 5.7437e+00	 2.3988e-01	 3.4314e+02	 5.3367e+03	-8.7608e+01	 4.3906e+06	 1.8338e+05	-2.3943e+01
 2.5629e+03	 5.3076e+03	 5.6856e+00	 2.8237e-01	 3.4314e+02	 5.3392e+03	-8.7157e+01	 2.4867e+06	 1.2350e+05	-2.0135e+01
 3.8443e+03	 5.3076e+03	 5.6162e+00	 3.3233e-01	 3.4314e+02	 5.3418e+03	-8.6614e+01	 1.4086e+06	 8.3350e+04	-1.6900e+01
 5.7665e+03	 5.3076e+03	 5.5331e+00	 3.9056e-01	 3.4315e+02	 5.3443e+03	-8.5962e+01	 7.9904e+05	 5.6401e+04	-1.4167e+01
 8.6498e+03	 5.3076e+03	 5.4329e+00	 4.5722e-01	 3.4314e+02	 5.3471e+03	-8.5189e+01	 4.5503e+05	 3.8294e+04	-1.1882e+01
 1.2975e+04	 5.3076e+03	 5.3118e+00	 5.3144e-01	 3.4315e+02	 5.3496e+03	-8.4287e+01	 2.6099e+05	 2.6112e+04	-9.9949e+00
 1.9462e+04	 5.3076e+03	 5.1648e+00	 6.1080e-01	 3.4315e+02	 5.3521e+03	-8.3255e+01	 1.5139e+05	 1.7903e+04	-8.4558e+00
 2.9193e+04	 5.3076e+03	 4.9873e+00	 6.9004e-01	 3.4314e+02	 5.3548e+03	-8.2123e+01	 8.9333e+04	 1.2360e+04	-7.2275e+00
 4.3789e+04	 5.3076e+03	 4.7764e+00	 7.5803e-01	 3.4315e+02	 5.3572e+03	-8.0982e+01	 5.4214e+04	 8.6039e+03	-6.3011e+00
 6.5684e+04	 5.3076e+03	 4.5348e+00	 7.9864e-01	 3.4315e+02	 5.3599e+03	-8.0012e+01	 3.4305e+04	 6.0416e+03	-5.6781e+00
 9.8526e+04	 5.3076e+03	 4.2893e+00	 7.9628e-01	 3.4314e+02	 5.3625e+03	-7.9483e+01	 2.2938e+04	 4.2583e+03	-5.3866e+00
 1.4779e+05	 5.3076e+03	 4.0462e+00	 7.4565e-01	 3.4314e+02	 5.3653e+03	-7.9559e+01	 1.6330e+04	 3.0094e+03	-5.4264e+00
 2.2168e+05	 5.3076e+03	 3.8406e+00	 6.6302e-01	 3.4315e+02	 5.3679e+03	-8.0205e+01	 1.2243e+04	 2.1137e+03	-5.7925e+00
 3.3253e+05	 5.3076e+03	 3.6672e+00	 5.7120e-01	 3.4314e+02	 5.3706e+03	-8.1147e+01	 9.4744e+03	 1.4757e+03	-6.4201e+00
 4.9879e+05	 5.3076e+03	 3.5413e+00	 4.8959e-01	 3.4315e+02	 5.3732e+03	-8.2129e+01	 7.3692e+03	 1.0188e+03	-7.2333e+00
 7.4818e+05	 5.3076e+03	 3.4977e+00	 3.1622e-01	 3.4315e+02	 5.3809e+03	-8.4834e+01	 7.6062e+03	 6.8768e+02	-1.1061e+01
 9.0000e+05	 5.3076e+03	 3.4622e+00	 2.8042e-01	 3.4316e+02	 5.3886e+03	-8.5369e+01	 7.1305e+03	 5.7752e+02	-1.2347e+01
 1.0000e+02	 5.3858e+03	 5.9691e+00	 8.8838e-02	 3.4315e+02	 5.3964e+03	-8.9147e+01	 2.0257e+08	 3.0148e+06	-6.7191e+01
 1.5000e+02	 5.3858e+03	 5.9479e+00	 1.0053e-01	 3.4316e+02	 5.3991e+03	-8.9032e+01	 1.1933e+08	 2.0170e+06	-5.9163e+01
 2.2500e+02	 5.3858e+03	 5.9249e+00	 1.1366e-01	 3.4316e+02	 5.4016e+03	-8.8901e+01	 7.0368e+07	 1.3499e+06	-5.2128e+01
 3.3750e+02	 5.3858e+03	 5.8982e+00	 1.3026e-01	 3.4316e+02	 5.4041e+03	-8.8735e+01	 4.0935e+07	 9.0401e+05	-4.5282e+01
 5.0625e+02	 5.3858e+03	 5.8675e+00	 1.5075e-01	 3.4315e+02	 5.4068e+03	-8.8528e+01	 2.3579e+07	 6.0582e+05	-3.8921e+01
 7.5938e+02	 5.3858e+03	 5.8318e+00	 1.7555e-01	 3.4315e+02	 5.4094e+03	-8.8276e+01	 1.3499e+07	 4.0636e+05	-3.3220e+01
 1.1391e+03	 5.3858e+03	 5.7900e+00	 2.0572e-01	 3.4315e+02	 5.4121e+03	-8.7965e+01	 7.6798e+06	 2.7286e+05	-2.8146e+01
 1.7086e+03	 5.3858e+03	 5.7405e+00	 2.4121e-01	 3.4316e+02	 5.4147e+03	-8.7594e+01	 4.3665e+06	 1.8348e+05	-2.3798e+01
 2.5629e+03	 5.3858e+03	 5.6821e+00	 2.8375e-01	 3.4315e+02	 5.4174e+03	-8.7141e+01	 2.4746e+06	 1.2357e+05	-2.0025e+01
 3.8443e+03	 5.3858e+03	 5.6122e+00	 3.3375e-01	 3.4315e+02	 5.4198e+03	-8.6597e+01	 1.4026e+06	 8.3409e+04	-1.6816e+01
 5.7665e+03	 5.3858e+03	 5.5288e+00	 3.9189e-01	 3.4315e+02	 5.4222e+03	-8.5946e+01	 7.9633e+05	 5.6445e+04	-1.4108e+01
 8.6498e+03	 5.3858e+03	 5.4280e+00	 4.5827e-01	 3.4315e+02	 5.4249e+03	-8.5174e+01	 4.5399e+05	 3.8329e+04	-1.1845e+01
 1.2975e+04	 5.3858e+03	 5.3065e+00	 5.3218e-01	 3.4315e+02	 5.4273e+03	-8.4273e+01	 2.6062e+05	 2.6138e+04	-9.9711e+00
 1.9462e+04	 5.3858e+03	 5.1594e+00	 6.1120e-01	 3.4314e+02	 5.4301e+03	-8.3244e+01	 1.5129e+05	 1.7922e+04	-8.4414e+00
 2.9193e+04	 5.3858e+03	 4.9818e+00	 6.8977e-01	 3.4315e+02	 5.4327e+03	-8.2117e+01	 8.9369e+04	 1.2374e+04	-7.2224e+00
 4.3789e+04	 5.3858e+03	 4.7709e+00	 7.5721e-01	 3.4315e+02	 5.4352e+03	-8.0982e+01	 5.4273e+04	 8.6139e+03	-6.3006e+00
 6.5684e+04	 5.3858e+03	 4.5407e+00	 7.9802e-01	 3.4314e+02	 5.4378e+03	-8.0032e+01	 3.4332e+04	 6.0337e+03	-5.6900e+00
 9.8526e+04	 5.3858e+03	 4.2850e+00	 7.9461e-01	 3.4315e+02	 5.4404e+03	-7.9494e+01	 2.2986e+04	 4.2625e+03	-5.3926e+00
 1.4779e+05	 5.3858e+03	 4.0428e+00	 7.4384e-01	 3.4314e+02	 5.4431e+03	-7.9575e+01	 1.6370e+04	 3.0119e+03	-5.4351e+00
 2.2168e+05	 5.3858e+03	 3.8376e+00	 6.6134e-01	 3.4315e+02	 5.4457e+03	-8.0222e+01	 1.2275e+04	 2.1153e+03	-5.8028e+00
 3.3253e+05	 5.3858e+03	 3.6647e+00	 5.6993e-01	 3.4315e+02	 5.4484e+03	-8.1160e+01	 9.4957e+03	 1.4768e+03	-6.4301e+00
 4.9879e+05	 5.3858e+03	 3.5392e+00	 4.8861e-01	 3.4315e+02	 5.4510e+03	-8.2140e+01	 7.3839e+03	 1.0194e+03	-7.2433e+00
 7.4818e+05	 5.3858e+03	 3.4955e+00	 3.1705e-01	 3.4315e+02	 5.4588e+03	-8.4817e+01	 7.5865e+03	 6.8811e+02	-1.1025e+01
 9.0000e+05	 5.3858e+03	 3.4598e+00	 2.8253e-01	 3.4315e+02	 5.4668e+03	-8.5332e+01	 7.0773e+03	 5.7793e+02	-1.2246e+01
 1.0000e+02	 5.4640e+03	 5.9677e+00	 8.9650e-02	 3.4315e+02	 5.4751e+03	-8.9139e+01	 2.0073e+08	 3.0155e+06	-6.6566e+01
 1.5000e+02	 5.4640e+03	 5.9463e+00	 1.0051e-01	 3.4315e+02	 5.4776e+03	-8.9032e+01	 1.1936e+08	 2.0176e+06	-5.9160e+01
 2.2500e+02	 5.4640e+03	 5.9231e+00	 1.1426e-01	 3.4315e+02	 5.4801e+03	-8.8895e+01	 6.9997e+07	 1.3503e+06	-5.1837e+01
 3.3750e+02	 5.4640e+03	 5.8962e+00	 1.3103e-01	 3.4316e+02	 5.4826e+03	-8.8727e+01	 4.0693e+07	 9.0432e+05	-4.4999e+01
 5.0625e+02	 5.4640e+03	 5.8651e+00	 1.5176e-01	 3.4315e+02	 5.4851e+03	-8.8518e+01	 2.3423e+07	 6.0607e+05	-3.8647e+01
 7.5938e+02	 5.4640e+03	 5.8295e+00	 1.7663e-01	 3.4316e+02	 5.4878e+03	-8.8264e+01	 1.3417e+07	 4.0652e+05	-3.3004e+01
 1.1391e+03	 5.4640e+03	 5.7871e+00	 2.0654e-01	 3.4315e+02	 5.4903e+03	-8.7956e+01	 7.6492e+06	 2.7300e+05	-2.8019e+01
 1.7086e+03	 5.4640e+03	 5.7375e+00	 2.4249e-01	 3.4315e+02	 5.4931e+03	-8.7580e+01	 4.3435e+06	 1.8357e+05	-2.3661e+01
 2.5629e+03	 5.4640e+03	 5.6788e+00	 2.8499e-01	 3.4315e+02	 5.4957e+03	-8.7127e+01	 2.4638e+06	 1.2365e+05	-1.9926e+01
 3.8443e+03	 5.4640e+03	 5.6085e+00	 3.3497e-01	 3.4315e+02	 5.4984e+03	-8.6582e+01	 1.3975e+06	 8.3464e+04	-1.6743e+01
 5.7665e+03	 5.4640e+03	 5.5245e+00	 3.9305e-01	 3.4315e+02	 5.5009e+03	-8.5930e+01	 7.9397e+05	 5.6489e+04	-1.4055e+01
 8.6498e+03	 5.4640e+03	 5.4232e+00	 4.5919e-01	 3.4316e+02	 5.5038e+03	-8.5160e+01	 4.5308e+05	 3.8362e+04	-1.1810e+01
 1.2975e+04	 5.4640e+03	 5.3014e+00	 5.3278e-01	 3.4315e+02	 5.5063e+03	-8.4261e+01	 2.6033e+05	 2.6163e+04	-9.9504e+00
 1.9462e+04	 5.4640e+03	 5.1539e+00	 6.1131e-01	 3.4316e+02	 5.5090e+03	-8.3236e+01	 1.5126e+05	 1.7941e+04	-8.4309e+00
 2.9193e+04	 5.4640e+03	 4.9765e+00	 6.8930e-01	 3.4316e+02	 5.5116e+03	-8.2114e+01	 8.9430e+04	 1.2387e+04	-7.2197e+00
 4.3789e+04	 5.4640e+03	 4.7660e+00	 7.5603e-01	 3.4316e+02	 5.5144e+03	-8.0986e+01	 5.4358e+04	 8.6228e+03	-6.3040e+00
 6.5684e+04	 5.4640e+03	 4.5365e+00	 7.9637e-01	 3.4316e+02	 5.5168e+03	-8.0043e+01	 3.4403e+04	 6.0394e+03	-5.6964e+00
 9.8526e+04	 5.4640e+03	 4.2814e+00	 7.9280e-01	 3.4316e+02	 5.5196e+03	-7.9509e+01	 2.3038e+04	 4.2661e+03	-5.4003e+00
 1.4779e+05	 5.4640e+03	 4.0399e+00	 7.4218e-01	 3.4316e+02	 5.5222e+03	-7.9590e+01	 1.6407e+04	 3.0141e+03	-5.4433e+00
 2.2168e+05	 5.4640e+03	 3.8353e+00	 6.6008e-01	 3.4316e+02	 5.5248e+03	-8.0235e+01	 1.2298e+04	 2.1166e+03	-5.8104e+00
 3.3253e+05	 5.4640e+03	 3.6627e+00	 5.6881e-01	 3.4315e+02	 5.5274e+03	-8.1172e+01	 9.5142e+03	 1.4776e+03	-6.4391e+00
 4.9879e+05	 5.4640e+03	 3.5373e+00	 4.8776e-01	 3.4315e+02	 5.5300e+03	-8.2149e+01	 7.3968e+03	 1.0200e+03	-7.2521e+00
 7.4818e+05	 5.4640e+03	 3.4935e+00	 3.1773e-01	 3.4316e+02	 5.5379e+03	-8.4803e+01	 7.5700e+03	 6.8850e+02	-1.0995e+01
 9.0000e+05	 5.4640e+03	 3.4577e+00	 2.8410e-01	 3.4315e+02	 5.5456e+03	-8.5303e+01	 7.0382e+03	 5.7827e+02	-1.2171e+01
 1.0000e+02	 5.5428e+03	 5.9661e+00	 9.0100e-02	 3.4316e+02	 5.5535e+03	-8.9135e+01	 1.9973e+08	 3.0163e+06	-6.6217e+01
 1.5000e+02	 5.5428e+03	 5.9451e+00	 1.0001e-01	 3.4315e+02	 5.5559e+03	-8.9036e+01	 1.1995e+08	 2.0180e+06	-5.9442e+01
 2.2500e+02	 5.5428e+03	 5.9215e+00	 1.1498e-01	 3.4315e+02	 5.5584e+03	-8.8888e+01	 6.9560e+07	 1.3507e+06	-5.1500e+01
 3.3750e+02	 5.5428e+03	 5.8945e+00	 1.3197e-01	 3.4316e+02	 5.5608e+03	-8.8717e+01	 4.0404e+07	 9.0458e+05	-4.4667e+01
 5.0625e+02	 5.5428e+03	 5.8633e+00	 1.5264e-01	 3.4316e+02	 5.5633e+03	-8.8509e+01	 2.3289e+07	 6.0627e+05	-3.8413e+01
 7.5938e+02	 5.5428e+03	 5.8271e+00	 1.7760e-01	 3.4316e+02	 5.5659e+03	-8.8254e+01	 1.3344e+07	 4.0669e+05	-3.2810e+01
 1.1391e+03	 5.5428e+03	 5.7846e+00	 2.0789e-01	 3.4316e+02	 5.5686e+03	-8.7942e+01	 7.5995e+06	 2.7312e+05	-2.7825e+01
 1.7086e+03	 5.5428e+03	 5.7346e+00	 2.4359e-01	 3.4316e+02	 5.5712e+03	-8.7568e+01	 4.3238e+06	 1.8367e+05	-2.3542e+01
 2.5629e+03	 5.5428e+03	 5.6755e+00	 2.8642e-01	 3.4316e+02	 5.5739e+03	-8.7111e+01	 2.4515e+06	 1.2372e+05	-1.9815e+01
 3.8443e+03	 5.5428e+03	 5.6048e+00	 3.3633e-01	 3.4315e+02	 5.5764e+03	-8.6566e+01	 1.3918e+06	 8.3519e+04	-1.6665e+01
 5.7665e+03	 5.5428e+03	 5.5202e+00	 3.9422e-01	 3.4316e+02	 5.5789e+03	-8.5915e+01	 7.9163e+05	 5.6532e+04	-1.4003e+01
 8.6498e+03	 5.5428e+03	 5.4187e+00	 4.6030e-01	 3.4316e+02	 5.5815e+03	-8.5145e+01	 4.5199e+05	 3.8395e+04	-1.1772e+01
 1.2975e+04	 5.5428e+03	 5.2963e+00	 5.3358e-01	 3.4316e+02	 5.5839e+03	-8.4247e+01	 2.5994e+05	 2.6188e+04	-9.9259e+00
 1.9462e+04	 5.5428e+03	 5.1488e+00	 6.1171e-01	 3.4315e+02	 5.5867e+03	-8.3225e+01	 1.5116e+05	 1.7959e+04	-8.4170e+00
 2.9193e+04	 5.5428e+03	 4.9710e+00	 6.8885e-01	 3.4316e+02	 5.5892e+03	-8.2111e+01	 8.9488e+04	 1.2401e+04	-7.2164e+00
 4.3789e+04	 5.5428e+03	 4.7607e+00	 7.5501e-01	 3.4316e+02	 5.5917e+03	-8.0988e+01	 5.4431e+04	 8.6323e+03	-6.3055e+00
 6.5684e+04	 5.5428e+03	 4.5316e+00	 7.9490e-01	 3.4315e+02	 5.5943e+03	-8.0051e+01	 3.4467e+04	 6.0459e+03	-5.7008e+00
 9.8526e+04	 5.5428e+03	 4.2774e+00	 7.9096e-01	 3.4315e+02	 5.5969e+03	-7.9523e+01	 2.3092e+04	 4.2701e+03	-5.4079e+00
 1.4779e+05	 5.5428e+03	 4.0365e+00	 7.4041e-01	 3.4315e+02	 5.5996e+03	-7.9606e+01	 1.6446e+04	 3.0167e+03	-5.4517e+00
 2.2168e+05	 5.5428e+03	 3.8325e+00	 6.5837e-01	 3.4314e+02	 5.6022e+03	-8.0253e+01	 1.2330e+04	 2.1181e+03	-5.8212e+00
 3.3253e+05	 5.5428e+03	 3.6601e+00	 5.6756e-01	 3.4315e+02	 5.6049e+03	-8.1186e+01	 9.5353e+03	 1.4786e+03	-6.4488e+00
 4.9879e+05	 5.5428e+03	 3.5351e+00	 4.8665e-01	 3.4314e+02	 5.6074e+03	-8.2162e+01	 7.4137e+03	 1.0206e+03	-7.2642e+00
 7.4818e+05	 5.5428e+03	 3.4920e+00	 3.1263e-01	 3.4314e+02	 5.6152e+03	-8.4884e+01	 7.6935e+03	 6.8880e+02	-1.1170e+01
 9.0000e+05	 5.5428e+03	 3.4566e+00	 2.7726e-01	 3.4314e+02	 5.6231e+03	-8.5414e+01	 7.2118e+03	 5.7847e+02	-1.2467e+01
 1.0000e+02	 5.6204e+03	 5.9647e+00	 9.0535e-02	 3.4314e+02	 5.6308e+03	-8.9130e+01	 1.9877e+08	 3.0170e+06	-6.5882e+01
 1.5000e+02	 5.6204e+03	 5.9441e+00	 1.0122e-01	 3.4314e+02	 5.6336e+03	-8.9024e+01	 1.1853e+08	 2.0183e+06	-5.8725e+01
 2.2500e+02	 5.6204e+03	 5.9196e+00	 1.1569e-01	 3.4315e+02	 5.6361e+03	-8.8880e+01	 6.9136e+07	 1.3511e+06	-5.1169e+01
 3.3750e+02	 5.6204e+03	 5.8923e+00	 1.3276e-01	 3.4315e+02	 5.6385e+03	-8.8709e+01	 4.0164e+07	 9.0492e+05	-4.4384e+01
 5.0625e+02	 5.6204e+03	 5.8610e+00	 1.5372e-01	 3.4315e+02	 5.6413e+03	-8.8498e+01	 2.3125e+07	 6.0650e+05	-3.8129e+01
 7.5938e+02	 5.6204e+03	 5.8245e+00	 1.7868e-01	 3.4315e+02	 5.6439e+03	-8.8243e+01	 1.3263e+07	 4.0687e+05	-3.2598e+01
 1.1391e+03	 5.6204e+03	 5.7820e+00	 2.0893e-01	 3.4314e+02	 5.6465e+03	-8.7930e+01	 7.5616e+06	 2.7324e+05	-2.7674e+01
 1.7086e+03	 5.6204e+03	 5.7315e+00	 2.4507e-01	 3.4315e+02	 5.6491e+03	-8.7552e+01	 4.2978e+06	 1.8376e+05	-2.3387e+01
 2.5629e+03	 5.6204e+03	 5.6719e+00	 2.8779e-01	 3.4314e+02	 5.6519e+03	-8.7095e+01	 2.4398e+06	 1.2380e+05	-1.9708e+01
 3.8443e+03	 5.6204e+03	 5.6007e+00	 3.3773e-01	 3.4314e+02	 5.6543e+03	-8.6549e+01	 1.3861e+06	 8.3581e+04	-1.6583e+01
 5.7665e+03	 5.6204e+03	 5.5157e+00	 3.9572e-01	 3.4314e+02	 5.6568e+03	-8.5896e+01	 7.8863e+05	 5.6579e+04	-1.3939e+01
 8.6498e+03	 5.6204e+03	 5.4134e+00	 4.6154e-01	 3.4314e+02	 5.6595e+03	-8.5127e+01	 4.5077e+05	 3.8432e+04	-1.1729e+01
 1.2975e+04	 5.6204e+03	 5.2907e+00	 5.3445e-01	 3.4314e+02	 5.6619e+03	-8.4232e+01	 2.5952e+05	 2.6216e+04	-9.8993e+00
 1.9462e+04	 5.6204e+03	 5.1426e+00	 6.1194e-01	 3.4314e+02	 5.6646e+03	-8.3214e+01	 1.5110e+05	 1.7980e+04	-8.4038e+00
 2.9193e+04	 5.6204e+03	 4.9648e+00	 6.8881e-01	 3.4314e+02	 5.6672e+03	-8.2101e+01	 8.9494e+04	 1.2416e+04	-7.2078e+00
 4.3789e+04	 5.6204e+03	 4.7549e+00	 7.5410e-01	 3.4314e+02	 5.6698e+03	-8.0988e+01	 5.4497e+04	 8.6428e+03	-6.3054e+00
 6.5684e+04	 5.6204e+03	 4.5264e+00	 7.9329e-01	 3.4314e+02	 5.6723e+03	-8.0059e+01	 3.4536e+04	 6.0528e+03	-5.7058e+00
 9.8526e+04	 5.6204e+03	 4.2730e+00	 7.8912e-01	 3.4314e+02	 5.6749e+03	-7.9537e+01	 2.3146e+04	 4.2744e+03	-5.4149e+00
 1.4779e+05	 5.6204e+03	 4.0329e+00	 7.3850e-01	 3.4315e+02	 5.6776e+03	-7.9623e+01	 1.6488e+04	 3.0193e+03	-5.4609e+00
 2.2168e+05	 5.6204e+03	 3.8297e+00	 6.5678e-01	 3.4314e+02	 5.6801e+03	-8.0269e+01	 1.2360e+04	 2.1197e+03	-5.8310e+00
 3.3253e+05	 5.6204e+03	 3.6578e+00	 5.6616e-01	 3.4315e+02	 5.6828e+03	-8.1201e+01	 9.5589e+03	 1.4795e+03	-6.4607e+00
 4.9879e+05	 5.6204e+03	 3.5330e+00	 4.8562e-01	 3.4315e+02	 5.6854e+03	-8.2174e+01	 7.4294e+03	 1.0212e+03	-7.2752e+00
 7.4818e+05	 5.6204e+03	 3.4902e+00	 3.1162e-01	 3.4315e+02	 5.6928e+03	-8.4898e+01	 7.7185e+03	 6.8915e+02	-1.1200e+01
 9.0000e+05	 5.6204e+03	 3.4553e+00	 2.7233e-01	 3.4315e+02	 5.7008e+03	-8.5494e+01	 7.3423e+03	 5.7869e+02	-1.2688e+01
 1.0000e+02	 5.6981e+03	 5.9634e+00	 9.1395e-02	 3.4314e+02	 5.7088e+03	-8.9122e+01	 1.9690e+08	 3.0177e+06	-6.5248e+01
 1.5000e+02	 5.6981e+03	 5.9405e+00	 1.0157e-01	 3.4315e+02	 5.7115e+03	-8.9020e+01	 1.1811e+08	 2.0195e+06	-5.8484e+01
 2.2500e+02	 5.6981e+03	 5.9179e+00	 1.1659e-01	 3.4314e+02	 5.7140e+03	-8.8871e+01	 6.8601e+07	 1.3515e+06	-5.0759e+01
 3.3750e+02	 5.6981e+03	 5.8905e+00	 1.3368e-01	 3.4315e+02	 5.7166e+03	-8.8700e+01	 3.9886e+07	 9.0519e+05	-4.4063e+01
 5.0625e+02	 5.6981e+03	 5.8588e+00	 1.5460e-01	 3.4314e+02	 5.7191e+03	-8.8488e+01	 2.2993e+07	 6.0673e+05	-3.7897e+01
 7.5938e+02	 5.6981e+03	 5.8220e+00	 1.7986e-01	 3.4314e+02	 5.7217e+03	-8.8230e+01	 1.3176e+07	 4.0704e+05	-3.2369e+01
 1.1391e+03	 5.6981e+03	 5.7791e+00	 2.0982e-01	 3.4315e+02	 5.7241e+03	-8.7921e+01	 7.5298e+06	 2.7338e+05	-2.7544e+01
 1.7086e+03	 5.6981e+03	 5.7284e+00	 2.4631e-01	 3.4315e+02	 5.7267e+03	-8.7538e+01	 4.2761e+06	 1.8386e+05	-2.3257e+01
 2.5629e+03	 5.6981e+03	 5.6685e+00	 2.8892e-01	 3.4315e+02	 5.7293e+03	-8.7082e+01	 2.4303e+06	 1.2387e+05	-1.9620e+01
 3.8443e+03	 5.6981e+03	 5.5970e+00	 3.3902e-01	 3.4315e+02	 5.7318e+03	-8.6534e+01	 1.3808e+06	 8.3635e+04	-1.6510e+01
 5.7665e+03	 5.6981e+03	 5.5116e+00	 3.9676e-01	 3.4315e+02	 5.7342e+03	-8.5883e+01	 7.8655e+05	 5.6621e+04	-1.3891e+01
 8.6498e+03	 5.6981e+03	 5.4092e+00	 4.6244e-01	 3.4316e+02	 5.7369e+03	-8.5114e+01	 4.4990e+05	 3.8462e+04	-1.1697e+01
 1.2975e+04	 5.6981e+03	 5.2861e+00	 5.3502e-01	 3.4315e+02	 5.7393e+03	-8.4221e+01	 2.5924e+05	 2.6238e+04	-9.8803e+00
 1.9462e+04	 5.6981e+03	 5.1380e+00	 6.1205e-01	 3.4316e+02	 5.7421e+03	-8.3207e+01	 1.5108e+05	 1.7996e+04	-8.3948e+00
 2.9193e+04	 5.6981e+03	 4.9602e+00	 6.8814e-01	 3.4316e+02	 5.7447e+03	-8.2102e+01	 8.9581e+04	 1.2428e+04	-7.2082e+00
 4.3789e+04	 5.6981e+03	 4.7506e+00	 7.5298e-01	 3.4316e+02	 5.7474e+03	-8.0993e+01	 5.4578e+04	 8.6506e+03	-6.3091e+00
 6.5684e+04	 5.6981e+03	 4.5227e+00	 7.9190e-01	 3.4316e+02	 5.7499e+03	-8.0068e+01	 3.4597e+04	 6.0578e+03	-5.7112e+00
 9.8526e+04	 5.6981e+03	 4.2700e+00	 7.8759e-01	 3.4315e+02	 5.7526e+03	-7.9549e+01	 2.3191e+04	 4.2775e+03	-5.4216e+00
 1.4779e+05	 5.6981e+03	 4.0304e+00	 7.3706e-01	 3.4316e+02	 5.7551e+03	-7.9637e+01	 1.6521e+04	 3.0212e+03	-5.4683e+00
 2.2168e+05	 5.6981e+03	 3.8277e+00	 6.5564e-01	 3.4316e+02	 5.7577e+03	-8.0280e+01	 1.2381e+04	 2.1208e+03	-5.8381e+00
 3.3253e+05	 5.6981e+03	 3.6559e+00	 5.6539e-01	 3.4315e+02	 5.7601e+03	-8.1209e+01	 9.5719e+03	 1.4803e+03	-6.4661e+00
 4.9879e+05	 5.6981e+03	 3.5313e+00	 4.8493e-01	 3.4315e+02	 5.7627e+03	-8.2181e+01	 7.4400e+03	 1.0217e+03	-7.2820e+00
 7.4818e+05	 5.6981e+03	 3.4888e+00	 3.0925e-01	 3.4315e+02	 5.7704e+03	-8.4935e+01	 7.7778e+03	 6.8943e+02	-1.1282e+01
 9.0000e+05	 5.6981e+03	 3.4533e+00	 2.7483e-01	 3.4315e+02	 5.7784e+03	-8.5450e+01	 7.2755e+03	 5.7901e+02	-1.2565e+01
 1.0000e+02	 5.7756e+03	 5.9621e+00	 9.1846e-02	 3.4316e+02	 5.7866e+03	-8.9117e+01	 1.9593e+08	 3.0183e+06	-6.4914e+01
 1.5000e+02	 5.7756e+03	 5.9408e+00	 1.0508e-01	 3.4316e+02	 5.7891e+03	-8.8987e+01	 1.1417e+08	 2.0195e+06	-5.6534e+01
 2.2500e+02	 5.7756e+03	 5.9162e+00	 1.1709e-01	 3.4316e+02	 5.7916e+03	-8.8866e+01	 6.8306e+07	 1.3519e+06	-5.0526e+01
 3.3750e+02	 5.7756e+03	 5.8886e+00	 1.3432e-01	 3.4316e+02	 5.7941e+03	-8.8693e+01	 3.9697e+07	 9.0549e+05	-4.3841e+01
 5.0625e+02	 5.7756e+03	 5.8569e+00	 1.5539e-01	 3.4316e+02	 5.7965e+03	-8.8480e+01	 2.2877e+07	 6.0692e+05	-3.7693e+01
 7.5938e+02	 5.7756e+03	 5.8198e+00	 1.8074e-01	 3.4315e+02	 5.7991e+03	-8.8221e+01	 1.3112e+07	 4.0719e+05	-3.2200e+01
 1.1391e+03	 5.7756e+03	 5.7767e+00	 2.1112e-01	 3.4316e+02	 5.8016e+03	-8.7907e+01	 7.4833e+06	 2.7349e+05	-2.7362e+01
 1.7086e+03	 5.7756e+03	 5.7259e+00	 2.4726e-01	 3.4316e+02	 5.8041e+03	-8.7527e+01	 4.2597e+06	 1.8395e+05	-2.3158e+01
 2.5629e+03	 5.7756e+03	 5.6654e+00	 2.9012e-01	 3.4315e+02	 5.8069e+03	-8.7069e+01	 2.4203e+06	 1.2394e+05	-1.9528e+01
 3.8443e+03	 5.7756e+03	 5.5933e+00	 3.4021e-01	 3.4315e+02	 5.8094e+03	-8.6519e+01	 1.3759e+06	 8.3691e+04	-1.6441e+01
 5.7665e+03	 5.7756e+03	 5.5077e+00	 3.9794e-01	 3.4315e+02	 5.8121e+03	-8.5867e+01	 7.8423e+05	 5.6662e+04	-1.3841e+01
 8.6498e+03	 5.7756e+03	 5.4047e+00	 4.6347e-01	 3.4315e+02	 5.8147e+03	-8.5099e+01	 4.4889e+05	 3.8494e+04	-1.1661e+01
 1.2975e+04	 5.7756e+03	 5.2812e+00	 5.3556e-01	 3.4315e+02	 5.8174e+03	-8.4209e+01	 2.5898e+05	 2.6263e+04	-9.8611e+00
 1.9462e+04	 5.7756e+03	 5.1328e+00	 6.1230e-01	 3.4315e+02	 5.8200e+03	-8.3197e+01	 1.5101e+05	 1.8015e+04	-8.3827e+00
 2.9193e+04	 5.7756e+03	 4.9549e+00	 6.8781e-01	 3.4315e+02	 5.8226e+03	-8.2097e+01	 8.9624e+04	 1.2441e+04	-7.2038e+00
 4.3789e+04	 5.7756e+03	 4.7453e+00	 7.5224e-01	 3.4315e+02	 5.8252e+03	-8.0992e+01	 5.4632e+04	 8.6604e+03	-6.3082e+00
 6.5684e+04	 5.7756e+03	 4.5180e+00	 7.9037e-01	 3.4315e+02	 5.8276e+03	-8.0077e+01	 3.4664e+04	 6.0641e+03	-5.7163e+00
 9.8526e+04	 5.7756e+03	 4.2659e+00	 7.8575e-01	 3.4316e+02	 5.8303e+03	-7.9563e+01	 2.3245e+04	 4.2816e+03	-5.4290e+00
 1.4779e+05	 5.7756e+03	 4.0271e+00	 7.3535e-01	 3.4315e+02	 5.8328e+03	-7.9652e+01	 1.6559e+04	 3.0237e+03	-5.4764e+00
 2.2168e+05	 5.7756e+03	 3.8248e+00	 6.5406e-01	 3.4316e+02	 5.8355e+03	-8.0296e+01	 1.2411e+04	 2.1224e+03	-5.8477e+00
 3.3253e+05	 5.7756e+03	 3.6535e+00	 5.6401e-01	 3.4315e+02	 5.8381e+03	-8.1224e+01	 9.5953e+03	 1.4813e+03	-6.4777e+00
 4.9879e+05	 5.7756e+03	 3.5292e+00	 4.8392e-01	 3.4315e+02	 5.8408e+03	-8.2192e+01	 7.4556e+03	 1.0223e+03	-7.2930e+00
 7.4818e+05	 5.7756e+03	 3.4867e+00	 3.0910e-01	 3.4315e+02	 5.8485e+03	-8.4934e+01	 7.7815e+03	 6.8983e+02	-1.1280e+01
 9.0000e+05	 5.7756e+03	 3.4516e+00	 2.7368e-01	 3.4315e+02	 5.8563e+03	-8.5466e+01	 7.3059e+03	 5.7930e+02	-1.2612e+01
 1.0000e+02	 5.8535e+03	 5.9607e+00	 9.2215e-02	 3.4315e+02	 5.8645e+03	-8.9114e+01	 1.9515e+08	 3.0191e+06	-6.4639e+01
 1.5000e+02	 5.8535e+03	 5.9403e+00	 1.0530e-01	 3.4315e+02	 5.8670e+03	-8.8984e+01	 1.1393e+08	 2.0196e+06	-5.6410e+01
 2.2500e+02	 5.8535e+03	 5.9145e+00	 1.1789e-01	 3.4315e+02	 5.8698e+03	-8.8858e+01	 6.7846e+07	 1.3523e+06	-5.0172e+01
 3.3750e+02	 5.8535e+03	 5.8867e+00	 1.3516e-01	 3.4315e+02	 5.8722e+03	-8.8685e+01	 3.9449e+07	 9.0578e+05	-4.3552e+01
 5.0625e+02	 5.8535e+03	 5.8545e+00	 1.5632e-01	 3.4316e+02	 5.8749e+03	-8.8471e+01	 2.2740e+07	 6.0718e+05	-3.7452e+01
 7.5938e+02	 5.8535e+03	 5.8174e+00	 1.8149e-01	 3.4315e+02	 5.8774e+03	-8.8213e+01	 1.3057e+07	 4.0736e+05	-3.2053e+01
 1.1391e+03	 5.8535e+03	 5.7740e+00	 2.1246e-01	 3.4315e+02	 5.8799e+03	-8.7893e+01	 7.4361e+06	 2.7362e+05	-2.7177e+01
 1.7086e+03	 5.8535e+03	 5.7227e+00	 2.4867e-01	 3.4315e+02	 5.8826e+03	-8.7512e+01	 4.2356e+06	 1.8405e+05	-2.3014e+01
 2.5629e+03	 5.8535e+03	 5.6620e+00	 2.9138e-01	 3.4315e+02	 5.8851e+03	-8.7054e+01	 2.4098e+06	 1.2401e+05	-1.9432e+01
 3.8443e+03	 5.8535e+03	 5.5896e+00	 3.4142e-01	 3.4315e+02	 5.8878e+03	-8.6505e+01	 1.3711e+06	 8.3746e+04	-1.6372e+01
 5.7665e+03	 5.8535e+03	 5.5034e+00	 3.9924e-01	 3.4315e+02	 5.8902e+03	-8.5851e+01	 7.8167e+05	 5.6706e+04	-1.3785e+01
 8.6498e+03	 5.8535e+03	 5.3999e+00	 4.6446e-01	 3.4315e+02	 5.8931e+03	-8.5084e+01	 4.4793e+05	 3.8528e+04	-1.1626e+01
 1.2975e+04	 5.8535e+03	 5.2760e+00	 5.3634e-01	 3.4315e+02	 5.8955e+03	-8.4195e+01	 2.5860e+05	 2.6289e+04	-9.8369e+00
 1.9462e+04	 5.8535e+03	 5.1274e+00	 6.1251e-01	 3.4315e+02	 5.8984e+03	-8.3188e+01	 1.5096e+05	 1.8034e+04	-8.3711e+00
 2.9193e+04	 5.8535e+03	 4.9494e+00	 6.8743e-01	 3.4315e+02	 5.9010e+03	-8.2093e+01	 8.9673e+04	 1.2455e+04	-7.1998e+00
 4.3789e+04	 5.8535e+03	 4.7401e+00	 7.5114e-01	 3.4315e+02	 5.9038e+03	-8.0996e+01	 5.4712e+04	 8.6699e+03	-6.3106e+00
 6.5684e+04	 5.8535e+03	 4.5132e+00	 7.8897e-01	 3.4315e+02	 5.9064e+03	-8.0084e+01	 3.4726e+04	 6.0705e+03	-5.7204e+00
 9.8526e+04	 5.8535e+03	 4.2617e+00	 7.8407e-01	 3.4315e+02	 5.9090e+03	-7.9575e+01	 2.3295e+04	 4.2858e+03	-5.4354e+00
 1.4779e+05	 5.8535e+03	 4.0237e+00	 7.3354e-01	 3.4315e+02	 5.9116e+03	-7.9668e+01	 1.6600e+04	 3.0262e+03	-5.4854e+00
 2.2168e+05	 5.8535e+03	 3.8222e+00	 6.5252e-01	 3.4315e+02	 5.9144e+03	-8.0312e+01	 1.2441e+04	 2.1239e+03	-5.8575e+00
 3.3253e+05	 5.8535e+03	 3.6513e+00	 5.6269e-01	 3.4314e+02	 5.9168e+03	-8.1239e+01	 9.6178e+03	 1.4822e+03	-6.4890e+00
 4.9879e+05	 5.8535e+03	 3.5271e+00	 4.8291e-01	 3.4316e+02	 5.9196e+03	-8.2204e+01	 7.4712e+03	 1.0229e+03	-7.3040e+00
 7.4818e+05	 5.8535e+03	 3.4848e+00	 3.0978e-01	 3.4315e+02	 5.9273e+03	-8.4920e+01	 7.7645e+03	 6.9022e+02	-1.1249e+01
 9.0000e+05	 5.8535e+03	 3.4501e+00	 2.7132e-01	 3.4315e+02	 5.9349e+03	-8.5503e+01	 7.3696e+03	 5.7956e+02	-1.2716e+01
 1.0000e+02	 5.9322e+03	 5.9593e+00	 9.2743e-02	 3.4315e+02	 5.9434e+03	-8.9108e+01	 1.9404e+08	 3.0198e+06	-6.4256e+01
 1.5000e+02	 5.9322e+03	 5.9366e+00	 1.0452e-01	 3.4316e+02	 5.9459e+03	-8.8991e+01	 1.1478e+08	 2.0209e+06	-5.6796e+01
 2.2500e+02	 5.9322e+03	 5.9129e+00	 1.1857e-01	 3.4316e+02	 5.9486e+03	-8.8851e+01	 6.7456e+07	 1.3526e+06	-4.9869e+01
 3.3750e+02	 5.9322e+03	 5.8849e+00	 1.3605e-01	 3.4315e+02	 5.9510e+03	-8.8676e+01	 3.9191e+07	 9.0606e+05	-4.3254e+01
 5.0625e+02	 5.9322e+03	 5.8527e+00	 1.5732e-01	 3.4315e+02	 5.9534e+03	-8.8460e+01	 2.2596e+07	 6.0736e+05	-3.7204e+01
 7.5938e+02	 5.9322e+03	 5.8155e+00	 1.8280e-01	 3.4315e+02	 5.9561e+03	-8.8200e+01	 1.2964e+07	 4.0750e+05	-3.1813e+01
 1.1391e+03	 5.9322e+03	 5.7712e+00	 2.1348e-01	 3.4314e+02	 5.9586e+03	-8.7882e+01	 7.4004e+06	 2.7375e+05	-2.7033e+01
 1.7086e+03	 5.9322e+03	 5.7195e+00	 2.4968e-01	 3.4315e+02	 5.9612e+03	-8.7500e+01	 4.2184e+06	 1.8415e+05	-2.2908e+01
 2.5629e+03	 5.9322e+03	 5.6584e+00	 2.9281e-01	 3.4315e+02	 5.9638e+03	-8.7038e+01	 2.3981e+06	 1.2409e+05	-1.9325e+01
 3.8443e+03	 5.9322e+03	 5.5857e+00	 3.4274e-01	 3.4315e+02	 5.9662e+03	-8.6489e+01	 1.3658e+06	 8.3805e+04	-1.6297e+01
 5.7665e+03	 5.9322e+03	 5.4991e+00	 4.0038e-01	 3.4314e+02	 5.9686e+03	-8.5836e+01	 7.7944e+05	 5.6750e+04	-1.3735e+01
 8.6498e+03	 5.9322e+03	 5.3953e+00	 4.6549e-01	 3.4314e+02	 5.9712e+03	-8.5069e+01	 4.4694e+05	 3.8561e+04	-1.1591e+01
 1.2975e+04	 5.9322e+03	 5.2708e+00	 5.3712e-01	 3.4314e+02	 5.9739e+03	-8.4181e+01	 2.5823e+05	 2.6314e+04	-9.8131e+00
 1.9462e+04	 5.9322e+03	 5.1218e+00	 6.1288e-01	 3.4315e+02	 5.9765e+03	-8.3176e+01	 1.5087e+05	 1.8053e+04	-8.3569e+00
 2.9193e+04	 5.9322e+03	 4.9437e+00	 6.8714e-01	 3.4314e+02	 5.9791e+03	-8.2087e+01	 8.9711e+04	 1.2469e+04	-7.1946e+00
 4.3789e+04	 5.9322e+03	 4.7346e+00	 7.5007e-01	 3.4314e+02	 5.9816e+03	-8.0998e+01	 5.4790e+04	 8.6800e+03	-6.3122e+00
 6.5684e+04	 5.9322e+03	 4.5081e+00	 7.8742e-01	 3.4314e+02	 5.9840e+03	-8.0092e+01	 3.4794e+04	 6.0774e+03	-5.7251e+00
 9.8526e+04	 5.9322e+03	 4.2574e+00	 7.8216e-01	 3.4314e+02	 5.9866e+03	-7.9590e+01	 2.3352e+04	 4.2902e+03	-5.4431e+00
 1.4779e+05	 5.9322e+03	 4.0200e+00	 7.3168e-01	 3.4314e+02	 5.9891e+03	-7.9685e+01	 1.6642e+04	 3.0290e+03	-5.4942e+00
 2.2168e+05	 5.9322e+03	 3.8191e+00	 6.5083e-01	 3.4314e+02	 5.9919e+03	-8.0329e+01	 1.2473e+04	 2.1256e+03	-5.8681e+00
 3.3253e+05	 5.9322e+03	 3.6487e+00	 5.6136e-01	 3.4314e+02	 5.9943e+03	-8.1253e+01	 9.6406e+03	 1.4832e+03	-6.4997e+00
 4.9879e+05	 5.9322e+03	 3.5249e+00	 4.8182e-01	 3.4314e+02	 5.9972e+03	-8.2217e+01	 7.4881e+03	 1.0235e+03	-7.3159e+00
 7.4818e+05	 5.9322e+03	 3.4826e+00	 3.0989e-01	 3.4314e+02	 6.0048e+03	-8.4915e+01	 7.7616e+03	 6.9065e+02	-1.1238e+01
 9.0000e+05	 5.9322e+03	 3.4482e+00	 2.6965e-01	 3.4314e+02	 6.0128e+03	-8.5529e+01	 7.4153e+03	 5.7987e+02	-1.2788e+01
 1.0000e+02	 6.0100e+03	 5.9580e+00	 9.3545e-02	 3.4314e+02	 6.0208e+03	-8.9100e+01	 1.9238e+08	 3.0204e+06	-6.3692e+01
 1.5000e+02	 6.0100e+03	 5.9359e+00	 1.0427e-01	 3.4315e+02	 6.0233e+03	-8.8994e+01	 1.1506e+08	 2.0211e+06	-5.6930e+01
 2.2500e+02	 6.0100e+03	 5.9112e+00	 1.1921e-01	 3.4315e+02	 6.0260e+03	-8.8845e+01	 6.7094e+07	 1.3530e+06	-4.9588e+01
 3.3750e+02	 6.0100e+03	 5.8829e+00	 1.3668e-01	 3.4315e+02	 6.0285e+03	-8.8669e+01	 3.9012e+07	 9.0636e+05	-4.3043e+01
 5.0625e+02	 6.0100e+03	 5.8504e+00	 1.5823e-01	 3.4315e+02	 6.0312e+03	-8.8451e+01	 2.2465e+07	 6.0760e+05	-3.6973e+01
 7.5938e+02	 6.0100e+03	 5.8129e+00	 1.8379e-01	 3.4314e+02	 6.0338e+03	-8.8189e+01	 1.2894e+07	 4.0768e+05	-3.1629e+01
 1.1391e+03	 6.0100e+03	 5.7689e+00	 2.1449e-01	 3.4314e+02	 6.0364e+03	-8.7871e+01	 7.3657e+06	 2.7386e+05	-2.6896e+01
 1.7086e+03	 6.0100e+03	 5.7167e+00	 2.5088e-01	 3.4314e+02	 6.0390e+03	-8.7487e+01	 4.1982e+06	 1.8424e+05	-2.2786e+01
 2.5629e+03	 6.0100e+03	 5.6551e+00	 2.9398e-01	 3.4314e+02	 6.0419e+03	-8.7024e+01	 2.3885e+06	 1.2417e+05	-1.9236e+01
 3.8443e+03	 6.0100e+03	 5.5820e+00	 3.4405e-01	 3.4315e+02	 6.0443e+03	-8.6473e+01	 1.3606e+06	 8.3860e+04	-1.6224e+01
 5.7665e+03	 6.0100e+03	 5.4950e+00	 4.0151e-01	 3.4314e+02	 6.0468e+03	-8.5821e+01	 7.7724e+05	 5.6793e+04	-1.3686e+01
 8.6498e+03	 6.0100e+03	 5.3908e+00	 4.6638e-01	 3.4315e+02	 6.0494e+03	-8.5055e+01	 4.4609e+05	 3.8593e+04	-1.1559e+01
 1.2975e+04	 6.0100e+03	 5.2664e+00	 5.3770e-01	 3.4315e+02	 6.0519e+03	-8.4170e+01	 2.5795e+05	 2.6337e+04	-9.7942e+00
 1.9462e+04	 6.0100e+03	 5.1172e+00	 6.1281e-01	 3.4315e+02	 6.0546e+03	-8.3171e+01	 1.5089e+05	 1.8070e+04	-8.3503e+00
 2.9193e+04	 6.0100e+03	 4.9393e+00	 6.8666e-01	 3.4315e+02	 6.0572e+03	-8.2086e+01	 8.9773e+04	 1.2480e+04	-7.1932e+00
 4.3789e+04	 6.0100e+03	 4.7306e+00	 7.4914e-01	 3.4315e+02	 6.0599e+03	-8.1001e+01	 5.4857e+04	 8.6873e+03	-6.3147e+00
 6.5684e+04	 6.0100e+03	 4.5048e+00	 7.8613e-01	 3.4315e+02	 6.0623e+03	-8.0101e+01	 3.4851e+04	 6.0818e+03	-5.7304e+00
 9.8526e+04	 6.0100e+03	 4.2547e+00	 7.8082e-01	 3.4315e+02	 6.0649e+03	-7.9601e+01	 2.3392e+04	 4.2928e+03	-5.4491e+00
 1.4779e+05	 6.0100e+03	 4.0181e+00	 7.3041e-01	 3.4316e+02	 6.0675e+03	-7.9697e+01	 1.6671e+04	 3.0304e+03	-5.5012e+00
 2.2168e+05	 6.0100e+03	 3.8174e+00	 6.4984e-01	 3.4316e+02	 6.0701e+03	-8.0339e+01	 1.2492e+04	 2.1265e+03	-5.8744e+00
 3.3253e+05	 6.0100e+03	 3.6472e+00	 5.6061e-01	 3.4316e+02	 6.0728e+03	-8.1261e+01	 9.6535e+03	 1.4838e+03	-6.5058e+00
 4.9879e+05	 6.0100e+03	 3.5237e+00	 4.8133e-01	 3.4316e+02	 6.0754e+03	-8.2222e+01	 7.4956e+03	 1.0239e+03	-7.3207e+00
 7.4818e+05	 6.0100e+03	 3.4811e+00	 3.1040e-01	 3.4317e+02	 6.0833e+03	-8.4905e+01	 7.7488e+03	 6.9095e+02	-1.1215e+01
 9.0000e+05	 6.0100e+03	 3.4473e+00	 2.6773e-01	 3.4316e+02	 6.0911e+03	-8.5559e+01	 7.4684e+03	 5.8003e+02	-1.2876e+01
 1.0000e+02	 6.0884e+03	 5.9567e+00	 9.4088e-02	 3.4317e+02	 6.0994e+03	-8.9095e+01	 1.9127e+08	 3.0211e+06	-6.3310e+01
 1.5000e+02	 6.0884e+03	 5.9356e+00	 1.0571e-01	 3.4316e+02	 6.1019e+03	-8.8980e+01	 1.1349e+08	 2.0212e+06	-5.6151e+01
 2.2500e+02	 6.0884e+03	 5.9097e+00	 1.1985e-01	 3.4316e+02	 6.1046e+03	-8.8838e+01	 6.6735e+07	 1.3534e+06	-4.9310e+01
 3.3750e+02	 6.0884e+03	 5.8816e+00	 1.3751e-01	 3.4316e+02	 6.1071e+03	-8.8661e+01	 3.8775e+07	 9.0657e+05	-4.2771e+01
 5.0625e+02	 6.0884e+03	 5.8487e+00	 1.5909e-01	 3.4316e+02	 6.1095e+03	-8.8442e+01	 2.2343e+07	 6.0778e+05	-3.6762e+01
 7.5938e+02	 6.0884e+03	 5.8107e+00	 1.8461e-01	 3.4316e+02	 6.1122e+03	-8.8180e+01	 1.2837e+07	 4.0783e+05	-3.1476e+01
 1.1391e+03	 6.0884e+03	 5.7665e+00	 2.1554e-01	 3.4316e+02	 6.1146e+03	-8.7859e+01	 7.3297e+06	 2.7397e+05	-2.6753e+01
 1.7086e+03	 6.0884e+03	 5.7140e+00	 2.5212e-01	 3.4315e+02	 6.1174e+03	-8.7474e+01	 4.1775e+06	 1.8433e+05	-2.2664e+01
 2.5629e+03	 6.0884e+03	 5.6522e+00	 2.9518e-01	 3.4316e+02	 6.1200e+03	-8.7011e+01	 2.3788e+06	 1.2423e+05	-1.9148e+01
 3.8443e+03	 6.0884e+03	 5.5787e+00	 3.4507e-01	 3.4315e+02	 6.1227e+03	-8.6461e+01	 1.3566e+06	 8.3910e+04	-1.6167e+01
 5.7665e+03	 6.0884e+03	 5.4911e+00	 4.0263e-01	 3.4315e+02	 6.1251e+03	-8.5806e+01	 7.7508e+05	 5.6833e+04	-1.3638e+01
 8.6498e+03	 6.0884e+03	 5.3864e+00	 4.6725e-01	 3.4316e+02	 6.1277e+03	-8.5042e+01	 4.4526e+05	 3.8625e+04	-1.1528e+01
 1.2975e+04	 6.0884e+03	 5.2615e+00	 5.3828e-01	 3.4315e+02	 6.1301e+03	-8.4159e+01	 2.5767e+05	 2.6361e+04	-9.7746e+00
 1.9462e+04	 6.0884e+03	 5.1121e+00	 6.1299e-01	 3.4315e+02	 6.1327e+03	-8.3162e+01	 1.5084e+05	 1.8088e+04	-8.3396e+00
 2.9193e+04	 6.0884e+03	 4.9340e+00	 6.8627e-01	 3.4315e+02	 6.1354e+03	-8.2081e+01	 8.9824e+04	 1.2494e+04	-7.1895e+00
 4.3789e+04	 6.0884e+03	 4.7253e+00	 7.4811e-01	 3.4315e+02	 6.1379e+03	-8.1004e+01	 5.4933e+04	 8.6970e+03	-6.3163e+00
 6.5684e+04	 6.0884e+03	 4.4999e+00	 7.8466e-01	 3.4315e+02	 6.1403e+03	-8.0109e+01	 3.4916e+04	 6.0884e+03	-5.7348e+00
 9.8526e+04	 6.0884e+03	 4.2504e+00	 7.7900e-01	 3.4315e+02	 6.1431e+03	-7.9614e+01	 2.3447e+04	 4.2972e+03	-5.4562e+00
 1.4779e+05	 6.0884e+03	 4.0144e+00	 7.2864e-01	 3.4314e+02	 6.1456e+03	-7.9712e+01	 1.6711e+04	 3.0333e+03	-5.5094e+00
 2.2168e+05	 6.0884e+03	 3.8143e+00	 6.4811e-01	 3.4315e+02	 6.1484e+03	-8.0357e+01	 1.2525e+04	 2.1282e+03	-5.8853e+00
 3.3253e+05	 6.0884e+03	 3.6446e+00	 5.5925e-01	 3.4315e+02	 6.1508e+03	-8.1276e+01	 9.6770e+03	 1.4849e+03	-6.5170e+00
 4.9879e+05	 6.0884e+03	 3.5214e+00	 4.8006e-01	 3.4314e+02	 6.1534e+03	-8.2237e+01	 7.5155e+03	 1.0246e+03	-7.3354e+00
 7.4818e+05	 6.0884e+03	 3.4798e+00	 3.0333e-01	 3.4314e+02	 6.1610e+03	-8.5018e+01	 7.9296e+03	 6.9120e+02	-1.1472e+01
 9.0000e+05	 6.0884e+03	 3.4445e+00	 2.7131e-01	 3.4315e+02	 6.1687e+03	-8.5496e+01	 7.3697e+03	 5.8050e+02	-1.2696e+01
 1.0000e+02	 6.1659e+03	 5.9552e+00	 9.4591e-02	 3.4314e+02	 6.1770e+03	-8.9090e+01	 1.9025e+08	 3.0219e+06	-6.2957e+01
 1.5000e+02	 6.1659e+03	 5.9329e+00	 1.0751e-01	 3.4315e+02	 6.1795e+03	-8.8962e+01	 1.1159e+08	 2.0221e+06	-5.5182e+01
 2.2500e+02	 6.1659e+03	 5.9078e+00	 1.2072e-01	 3.4314e+02	 6.1821e+03	-8.8829e+01	 6.6254e+07	 1.3538e+06	-4.8939e+01
 3.3750e+02	 6.1659e+03	 5.8793e+00	 1.3834e-01	 3.4314e+02	 6.1846e+03	-8.8652e+01	 3.8543e+07	 9.0692e+05	-4.2499e+01
 5.0625e+02	 6.1659e+03	 5.8463e+00	 1.5980e-01	 3.4315e+02	 6.1871e+03	-8.8434e+01	 2.2245e+07	 6.0803e+05	-3.6585e+01
 7.5938e+02	 6.1659e+03	 5.8082e+00	 1.8580e-01	 3.4314e+02	 6.1898e+03	-8.8168e+01	 1.2754e+07	 4.0801e+05	-3.1260e+01
 1.1391e+03	 6.1659e+03	 5.7634e+00	 2.1662e-01	 3.4314e+02	 6.1922e+03	-8.7848e+01	 7.2934e+06	 2.7412e+05	-2.6607e+01
 1.7086e+03	 6.1659e+03	 5.7110e+00	 2.5343e-01	 3.4314e+02	 6.1949e+03	-8.7459e+01	 4.1559e+06	 1.8443e+05	-2.2535e+01
 2.5629e+03	 6.1659e+03	 5.6487e+00	 2.9635e-01	 3.4315e+02	 6.1975e+03	-8.6997e+01	 2.3694e+06	 1.2431e+05	-1.9061e+01
 3.8443e+03	 6.1659e+03	 5.5747e+00	 3.4650e-01	 3.4314e+02	 6.2000e+03	-8.6443e+01	 1.3510e+06	 8.3970e+04	-1.6089e+01
 5.7665e+03	 6.1659e+03	 5.4868e+00	 4.0378e-01	 3.4315e+02	 6.2026e+03	-8.5791e+01	 7.7288e+05	 5.6877e+04	-1.3588e+01
 8.6498e+03	 6.1659e+03	 5.3818e+00	 4.6821e-01	 3.4315e+02	 6.2052e+03	-8.5028e+01	 4.4435e+05	 3.8658e+04	-1.1494e+01
 1.2975e+04	 6.1659e+03	 5.2565e+00	 5.3895e-01	 3.4315e+02	 6.2081e+03	-8.4146e+01	 2.5735e+05	 2.6386e+04	-9.7533e+00
 1.9462e+04	 6.1659e+03	 5.1069e+00	 6.1317e-01	 3.4315e+02	 6.2107e+03	-8.3153e+01	 1.5080e+05	 1.8106e+04	-8.3287e+00
 2.9193e+04	 6.1659e+03	 4.9290e+00	 6.8582e-01	 3.4315e+02	 6.2133e+03	-8.2079e+01	 8.9884e+04	 1.2506e+04	-7.1871e+00
 4.3789e+04	 6.1659e+03	 4.7207e+00	 7.4724e-01	 3.4315e+02	 6.2158e+03	-8.1005e+01	 5.4997e+04	 8.7056e+03	-6.3175e+00
 6.5684e+04	 6.1659e+03	 4.4958e+00	 7.8320e-01	 3.4315e+02	 6.2182e+03	-8.0118e+01	 3.4981e+04	 6.0940e+03	-5.7403e+00
 9.8526e+04	 6.1659e+03	 4.2472e+00	 7.7743e-01	 3.4315e+02	 6.2208e+03	-7.9627e+01	 2.3494e+04	 4.3005e+03	-5.4630e+00
 1.4779e+05	 6.1659e+03	 4.0118e+00	 7.2696e-01	 3.4315e+02	 6.2232e+03	-7.9729e+01	 1.6750e+04	 3.0352e+03	-5.5186e+00
 2.2168e+05	 6.1659e+03	 3.8121e+00	 6.4696e-01	 3.4315e+02	 6.2258e+03	-8.0368e+01	 1.2547e+04	 2.1295e+03	-5.8923e+00
 3.3253e+05	 6.1659e+03	 3.6428e+00	 5.5822e-01	 3.4315e+02	 6.2284e+03	-8.1288e+01	 9.6947e+03	 1.4856e+03	-6.5256e+00
 4.9879e+05	 6.1659e+03	 3.5197e+00	 4.7938e-01	 3.4315e+02	 6.2311e+03	-8.2244e+01	 7.5262e+03	 1.0251e+03	-7.3422e+00
 7.4818e+05	 6.1659e+03	 3.4779e+00	 3.0611e-01	 3.4315e+02	 6.2390e+03	-8.4970e+01	 7.8575e+03	 6.9158e+02	-1.1362e+01
 9.0000e+05	 6.1659e+03	 3.4433e+00	 2.6950e-01	 3.4315e+02	 6.2471e+03	-8.5525e+01	 7.4195e+03	 5.8070e+02	-1.2777e+01
 1.0000e+02	 6.2443e+03	 5.9538e+00	 9.4973e-02	 3.4316e+02	 6.2549e+03	-8.9086e+01	 1.8948e+08	 3.0226e+06	-6.2689e+01
 1.5000e+02	 6.2443e+03	 5.9321e+00	 1.0787e-01	 3.4316e+02	 6.2573e+03	-8.8958e+01	 1.1122e+08	 2.0224e+06	-5.4994e+01
 2.2500e+02	 6.2443e+03	 5.9063e+00	 1.2133e-01	 3.4315e+02	 6.2600e+03	-8.8823e+01	 6.5917e+07	 1.3542e+06	-4.8678e+01
 3.3750e+02	 6.2443e+03	 5.8777e+00	 1.3914e-01	 3.4315e+02	 6.2624e+03	-8.8644e+01	 3.8323e+07	 9.0717e+05	-4.2244e+01
 5.0625e+02	 6.2443e+03	 5.8445e+00	 1.6071e-01	 3.4316e+02	 6.2649e+03	-8.8425e+01	 2.2119e+07	 6.0821e+05	-3.6368e+01
 7.5938e+02	 6.2443e+03	 5.8061e+00	 1.8673e-01	 3.4315e+02	 6.2675e+03	-8.8158e+01	 1.2691e+07	 4.0815e+05	-3.1093e+01
 1.1391e+03	 6.2443e+03	 5.7610e+00	 2.1773e-01	 3.4316e+02	 6.2700e+03	-8.7836e+01	 7.2562e+06	 2.7423e+05	-2.6460e+01
 1.7086e+03	 6.2443e+03	 5.7079e+00	 2.5445e-01	 3.4315e+02	 6.2727e+03	-8.7448e+01	 4.1393e+06	 1.8452e+05	-2.2432e+01
 2.5629e+03	 6.2443e+03	 5.6455e+00	 2.9764e-01	 3.4315e+02	 6.2752e+03	-8.6982e+01	 2.3591e+06	 1.2438e+05	-1.8967e+01
 3.8443e+03	 6.2443e+03	 5.5712e+00	 3.4770e-01	 3.4314e+02	 6.2778e+03	-8.6429e+01	 1.3463e+06	 8.4023e+04	-1.6023e+01
 5.7665e+03	 6.2443e+03	 5.4826e+00	 4.0502e-01	 3.4314e+02	 6.2803e+03	-8.5775e+01	 7.7052e+05	 5.6920e+04	-1.3537e+01
 8.6498e+03	 6.2443e+03	 5.3773e+00	 4.6929e-01	 3.4314e+02	 6.2830e+03	-8.5012e+01	 4.4333e+05	 3.8690e+04	-1.1458e+01
 1.2975e+04	 6.2443e+03	 5.2516e+00	 5.3946e-01	 3.4314e+02	 6.2856e+03	-8.4135e+01	 2.5711e+05	 2.6411e+04	-9.7348e+00
 1.9462e+04	 6.2443e+03	 5.1017e+00	 6.1347e-01	 3.4314e+02	 6.2882e+03	-8.3143e+01	 1.5073e+05	 1.8125e+04	-8.3161e+00
 2.9193e+04	 6.2443e+03	 4.9238e+00	 6.8556e-01	 3.4314e+02	 6.2908e+03	-8.2073e+01	 8.9917e+04	 1.2520e+04	-7.1821e+00
 4.3789e+04	 6.2443e+03	 4.7158e+00	 7.4624e-01	 3.4314e+02	 6.2932e+03	-8.1008e+01	 5.5071e+04	 8.7146e+03	-6.3194e+00
 6.5684e+04	 6.2443e+03	 4.4913e+00	 7.8172e-01	 3.4314e+02	 6.2958e+03	-8.0127e+01	 3.5048e+04	 6.1001e+03	-5.7455e+00
 9.8526e+04	 6.2443e+03	 4.2432e+00	 7.7576e-01	 3.4315e+02	 6.2984e+03	-7.9639e+01	 2.3544e+04	 4.3045e+03	-5.4697e+00
 1.4779e+05	 6.2443e+03	 4.0086e+00	 7.2545e-01	 3.4315e+02	 6.3008e+03	-7.9742e+01	 1.6785e+04	 3.0376e+03	-5.5257e+00
 2.2168e+05	 6.2443e+03	 3.8097e+00	 6.4551e-01	 3.4315e+02	 6.3036e+03	-8.0383e+01	 1.2576e+04	 2.1308e+03	-5.9018e+00
 3.3253e+05	 6.2443e+03	 3.6407e+00	 5.5716e-01	 3.4315e+02	 6.3061e+03	-8.1299e+01	 9.7133e+03	 1.4865e+03	-6.5344e+00
 4.9879e+05	 6.2443e+03	 3.5177e+00	 4.7849e-01	 3.4315e+02	 6.3086e+03	-8.2254e+01	 7.5401e+03	 1.0256e+03	-7.3517e+00
 7.4818e+05	 6.2443e+03	 3.4764e+00	 3.0460e-01	 3.4315e+02	 6.3164e+03	-8.4993e+01	 7.8965e+03	 6.9188e+02	-1.1413e+01
 9.0000e+05	 6.2443e+03	 3.4418e+00	 2.6656e-01	 3.4315e+02	 6.3242e+03	-8.5571e+01	 7.5012e+03	 5.8095e+02	-1.2912e+01
 1.0000e+02	 6.3214e+03	 5.9526e+00	 9.5632e-02	 3.4314e+02	 6.3320e+03	-8.9080e+01	 1.8818e+08	 3.0232e+06	-6.2245e+01
 1.5000e+02	 6.3214e+03	 5.9305e+00	 1.0751e-01	 3.4315e+02	 6.3346e+03	-8.8961e+01	 1.1159e+08	 2.0230e+06	-5.5163e+01
 2.2500e+02	 6.3214e+03	 5.9047e+00	 1.2198e-01	 3.4315e+02	 6.3370e+03	-8.8817e+01	 6.5567e+07	 1.3545e+06	-4.8406e+01
 3.3750e+02	 6.3214e+03	 5.8759e+00	 1.3990e-01	 3.4315e+02	 6.3395e+03	-8.8636e+01	 3.8112e+07	 9.0744e+05	-4.2000e+01
 5.0625e+02	 6.3214e+03	 5.8427e+00	 1.6165e-01	 3.4315e+02	 6.3421e+03	-8.8415e+01	 2.1990e+07	 6.0840e+05	-3.6144e+01
 7.5938e+02	 6.3214e+03	 5.8040e+00	 1.8759e-01	 3.4315e+02	 6.3446e+03	-8.8149e+01	 1.2633e+07	 4.0831e+05	-3.0940e+01
 1.1391e+03	 6.3214e+03	 5.7587e+00	 2.1873e-01	 3.4315e+02	 6.3473e+03	-8.7825e+01	 7.2230e+06	 2.7434e+05	-2.6328e+01
 1.7086e+03	 6.3214e+03	 5.7053e+00	 2.5555e-01	 3.4316e+02	 6.3499e+03	-8.7435e+01	 4.1214e+06	 1.8461e+05	-2.2325e+01
 2.5629e+03	 6.3214e+03	 5.6424e+00	 2.9867e-01	 3.4315e+02	 6.3528e+03	-8.6970e+01	 2.3510e+06	 1.2444e+05	-1.8892e+01
 3.8443e+03	 6.3214e+03	 5.5677e+00	 3.4871e-01	 3.4315e+02	 6.3552e+03	-8.6416e+01	 1.3424e+06	 8.4075e+04	-1.5966e+01
 5.7665e+03	 6.3214e+03	 5.4791e+00	 4.0587e-01	 3.4316e+02	 6.3579e+03	-8.5763e+01	 7.6889e+05	 5.6957e+04	-1.3500e+01
 8.6498e+03	 6.3214e+03	 5.3733e+00	 4.6994e-01	 3.4315e+02	 6.3605e+03	-8.5002e+01	 4.4271e+05	 3.8719e+04	-1.1434e+01
 1.2975e+04	 6.3214e+03	 5.2473e+00	 5.3993e-01	 3.4315e+02	 6.3629e+03	-8.4125e+01	 2.5689e+05	 2.6432e+04	-9.7186e+00
 1.9462e+04	 6.3214e+03	 5.0975e+00	 6.1333e-01	 3.4315e+02	 6.3656e+03	-8.3139e+01	 1.5076e+05	 1.8140e+04	-8.3111e+00
 2.9193e+04	 6.3214e+03	 4.9195e+00	 6.8491e-01	 3.4316e+02	 6.3681e+03	-8.2074e+01	 9.0003e+04	 1.2531e+04	-7.1827e+00
 4.3789e+04	 6.3214e+03	 4.7117e+00	 7.4521e-01	 3.4315e+02	 6.3708e+03	-8.1013e+01	 5.5147e+04	 8.7220e+03	-6.3227e+00
 6.5684e+04	 6.3214e+03	 4.4876e+00	 7.8026e-01	 3.4315e+02	 6.3732e+03	-8.0137e+01	 3.5113e+04	 6.1051e+03	-5.7515e+00
 9.8526e+04	 6.3214e+03	 4.2402e+00	 7.7417e-01	 3.4315e+02	 6.3758e+03	-7.9653e+01	 2.3593e+04	 4.3076e+03	-5.4771e+00
 1.4779e+05	 6.3214e+03	 4.0060e+00	 7.2399e-01	 3.4315e+02	 6.3784e+03	-7.9756e+01	 1.6819e+04	 3.0396e+03	-5.5332e+00
 2.2168e+05	 6.3214e+03	 3.8075e+00	 6.4417e-01	 3.4315e+02	 6.3813e+03	-8.0397e+01	 1.2602e+04	 2.1321e+03	-5.9106e+00
 3.3253e+05	 6.3214e+03	 3.6388e+00	 5.5613e-01	 3.4315e+02	 6.3838e+03	-8.1311e+01	 9.7313e+03	 1.4873e+03	-6.5431e+00
 4.9879e+05	 6.3214e+03	 3.5160e+00	 4.7768e-01	 3.4315e+02	 6.3866e+03	-8.2263e+01	 7.5529e+03	 1.0261e+03	-7.3606e+00
 7.4818e+05	 6.3214e+03	 3.4742e+00	 3.0759e-01	 3.4315e+02	 6.3942e+03	-8.4940e+01	 7.8196e+03	 6.9232e+02	-1.1295e+01
 9.0000e+05	 6.3214e+03	 3.4400e+00	 2.6749e-01	 3.4315e+02	 6.4020e+03	-8.5554e+01	 7.4752e+03	 5.8125e+02	-1.2861e+01
 1.0000e+02	 6.3992e+03	 5.9513e+00	 9.6042e-02	 3.4314e+02	 6.4101e+03	-8.9075e+01	 1.8737e+08	 3.0238e+06	-6.1965e+01
 1.5000e+02	 6.3992e+03	 5.9308e+00	 1.0782e-01	 3.4315e+02	 6.4126e+03	-8.8959e+01	 1.1127e+08	 2.0229e+06	-5.5007e+01
 2.2500e+02	 6.3992e+03	 5.9030e+00	 1.2262e-01	 3.4315e+02	 6.4154e+03	-8.8810e+01	 6.5228e+07	 1.3549e+06	-4.8142e+01
 3.3750e+02	 6.3992e+03	 5.8739e+00	 1.4069e-01	 3.4315e+02	 6.4179e+03	-8.8628e+01	 3.7898e+07	 9.0775e+05	-4.1750e+01
 5.0625e+02	 6.3992e+03	 5.8404e+00	 1.6232e-01	 3.4315e+02	 6.4207e+03	-8.8408e+01	 2.1899e+07	 6.0864e+05	-3.5980e+01
 7.5938e+02	 6.3992e+03	 5.8015e+00	 1.8871e-01	 3.4316e+02	 6.4232e+03	-8.8137e+01	 1.2558e+07	 4.0848e+05	-3.0742e+01
 1.1391e+03	 6.3992e+03	 5.7561e+00	 2.1928e-01	 3.4315e+02	 6.4257e+03	-8.7818e+01	 7.2048e+06	 2.7447e+05	-2.6250e+01
 1.7086e+03	 6.3992e+03	 5.7024e+00	 2.5669e-01	 3.4315e+02	 6.4282e+03	-8.7423e+01	 4.1032e+06	 1.8470e+05	-2.2215e+01
 2.5629e+03	 6.3992e+03	 5.6392e+00	 3.0003e-01	 3.4315e+02	 6.4308e+03	-8.6954e+01	 2.3403e+06	 1.2451e+05	-1.8795e+01
 3.8443e+03	 6.3992e+03	 5.5641e+00	 3.4980e-01	 3.4315e+02	 6.4336e+03	-8.6403e+01	 1.3382e+06	 8.4130e+04	-1.5906e+01
 5.7665e+03	 6.3992e+03	 5.4749e+00	 4.0697e-01	 3.4316e+02	 6.4360e+03	-8.5749e+01	 7.6682e+05	 5.7001e+04	-1.3453e+01
 8.6498e+03	 6.3992e+03	 5.3688e+00	 4.7085e-01	 3.4315e+02	 6.4386e+03	-8.4988e+01	 4.4186e+05	 3.8752e+04	-1.1402e+01
 1.2975e+04	 6.3992e+03	 5.2426e+00	 5.4055e-01	 3.4315e+02	 6.4411e+03	-8.4113e+01	 2.5659e+05	 2.6456e+04	-9.6986e+00
 1.9462e+04	 6.3992e+03	 5.0923e+00	 6.1351e-01	 3.4315e+02	 6.4437e+03	-8.3130e+01	 1.5072e+05	 1.8158e+04	-8.3003e+00
 2.9193e+04	 6.3992e+03	 4.9144e+00	 6.8457e-01	 3.4315e+02	 6.4463e+03	-8.2070e+01	 9.0048e+04	 1.2544e+04	-7.1788e+00
 4.3789e+04	 6.3992e+03	 4.7069e+00	 7.4439e-01	 3.4315e+02	 6.4488e+03	-8.1013e+01	 5.5208e+04	 8.7311e+03	-6.3231e+00
 6.5684e+04	 6.3992e+03	 4.4834e+00	 7.7908e-01	 3.4316e+02	 6.4515e+03	-8.0142e+01	 3.5167e+04	 6.1109e+03	-5.7547e+00
 9.8526e+04	 6.3992e+03	 4.2365e+00	 7.7262e-01	 3.4316e+02	 6.4541e+03	-7.9665e+01	 2.3640e+04	 4.3113e+03	-5.4834e+00
 1.4779e+05	 6.3992e+03	 4.0031e+00	 7.2245e-01	 3.4315e+02	 6.4569e+03	-7.9770e+01	 1.6855e+04	 3.0418e+03	-5.5410e+00
 2.2168e+05	 6.3992e+03	 3.8051e+00	 6.4284e-01	 3.4315e+02	 6.4595e+03	-8.0411e+01	 1.2628e+04	 2.1334e+03	-5.9193e+00
 3.3253e+05	 6.3992e+03	 3.6366e+00	 5.5503e-01	 3.4316e+02	 6.4621e+03	-8.1322e+01	 9.7505e+03	 1.4881e+03	-6.5521e+00
 4.9879e+05	 6.3992e+03	 3.5141e+00	 4.7679e-01	 3.4315e+02	 6.4648e+03	-8.2273e+01	 7.5670e+03	 1.0267e+03	-7.3703e+00
 7.4818e+05	 6.3992e+03	 3.4728e+00	 3.0537e-01	 3.4315e+02	 6.4729e+03	-8.4975e+01	 7.8766e+03	 6.9260e+02	-1.1373e+01
 9.0000e+05	 6.3992e+03	 3.4383e+00	 2.6776e-01	 3.4315e+02	 6.4808e+03	-8.5547e+01	 7.4676e+03	 5.8154e+02	-1.2841e+01
 1.0000e+02	 6.4780e+03	 5.9496e+00	 9.6489e-02	 3.4314e+02	 6.4890e+03	-8.9071e+01	 1.8651e+08	 3.0247e+06	-6.1661e+01
 1.5000e+02	 6.4780e+03	 5.9283e+00	 1.0833e-01	 3.4315e+02	 6.4915e+03	-8.8953e+01	 1.1075e+08	 2.0237e+06	-5.4725e+01
 2.2500e+02	 6.4780e+03	 5.9013e+00	 1.2345e-01	 3.4314e+02	 6.4943e+03	-8.8802e+01	 6.4787e+07	 1.3553e+06	-4.7803e+01
 3.3750e+02	 6.4780e+03	 5.8721e+00	 1.4144e-01	 3.4314e+02	 6.4968e+03	-8.8620e+01	 3.7697e+07	 9.0803e+05	-4.1516e+01
 5.0625e+02	 6.4780e+03	 5.8383e+00	 1.6338e-01	 3.4315e+02	 6.4994e+03	-8.8397e+01	 2.1757e+07	 6.0886e+05	-3.5734e+01
 7.5938e+02	 6.4780e+03	 5.7991e+00	 1.8954e-01	 3.4314e+02	 6.5020e+03	-8.8128e+01	 1.2503e+07	 4.0865e+05	-3.0596e+01
 1.1391e+03	 6.4780e+03	 5.7534e+00	 2.2101e-01	 3.4315e+02	 6.5044e+03	-8.7800e+01	 7.1486e+06	 2.7460e+05	-2.6033e+01
 1.7086e+03	 6.4780e+03	 5.6996e+00	 2.5784e-01	 3.4315e+02	 6.5071e+03	-8.7410e+01	 4.0849e+06	 1.8479e+05	-2.2105e+01
 2.5629e+03	 6.4780e+03	 5.6358e+00	 3.0106e-01	 3.4315e+02	 6.5098e+03	-8.6942e+01	 2.3323e+06	 1.2459e+05	-1.8720e+01
 3.8443e+03	 6.4780e+03	 5.5606e+00	 3.5113e-01	 3.4315e+02	 6.5123e+03	-8.6387e+01	 1.3332e+06	 8.4184e+04	-1.5836e+01
 5.7665e+03	 6.4780e+03	 5.4710e+00	 4.0793e-01	 3.4315e+02	 6.5148e+03	-8.5736e+01	 7.6502e+05	 5.7041e+04	-1.3412e+01
 8.6498e+03	 6.4780e+03	 5.3645e+00	 4.7169e-01	 3.4316e+02	 6.5176e+03	-8.4975e+01	 4.4107e+05	 3.8783e+04	-1.1373e+01
 1.2975e+04	 6.4780e+03	 5.2379e+00	 5.4098e-01	 3.4315e+02	 6.5200e+03	-8.4103e+01	 2.5639e+05	 2.6480e+04	-9.6824e+00
 1.9462e+04	 6.4780e+03	 5.0874e+00	 6.1352e-01	 3.4316e+02	 6.5226e+03	-8.3124e+01	 1.5071e+05	 1.8176e+04	-8.2921e+00
 2.9193e+04	 6.4780e+03	 4.9096e+00	 6.8406e-01	 3.4316e+02	 6.5252e+03	-8.2068e+01	 9.0115e+04	 1.2556e+04	-7.1772e+00
 4.3789e+04	 6.4780e+03	 4.7024e+00	 7.4329e-01	 3.4315e+02	 6.5276e+03	-8.1018e+01	 5.5290e+04	 8.7394e+03	-6.3265e+00
 6.5684e+04	 6.4780e+03	 4.4795e+00	 7.7759e-01	 3.4316e+02	 6.5304e+03	-8.0152e+01	 3.5234e+04	 6.1162e+03	-5.7607e+00
 9.8526e+04	 6.4780e+03	 4.2332e+00	 7.7104e-01	 3.4316e+02	 6.5329e+03	-7.9677e+01	 2.3689e+04	 4.3147e+03	-5.4902e+00
 1.4779e+05	 6.4780e+03	 4.0003e+00	 7.2099e-01	 3.4315e+02	 6.5356e+03	-7.9783e+01	 1.6889e+04	 3.0439e+03	-5.5483e+00
 2.2168e+05	 6.4780e+03	 3.8029e+00	 6.4162e-01	 3.4316e+02	 6.5382e+03	-8.0423e+01	 1.2652e+04	 2.1346e+03	-5.9270e+00
 3.3253e+05	 6.4780e+03	 3.6348e+00	 5.5396e-01	 3.4316e+02	 6.5406e+03	-8.1334e+01	 9.7693e+03	 1.4889e+03	-6.5614e+00
 4.9879e+05	 6.4780e+03	 3.5124e+00	 4.7588e-01	 3.4316e+02	 6.5432e+03	-8.2284e+01	 7.5815e+03	 1.0272e+03	-7.3810e+00
 7.4818e+05	 6.4780e+03	 3.4713e+00	 3.0241e-01	 3.4315e+02	 6.5509e+03	-8.5021e+01	 7.9537e+03	 6.9290e+02	-1.1479e+01
 9.0000e+05	 6.4780e+03	 3.4370e+00	 2.6420e-01	 3.4314e+02	 6.5589e+03	-8.5604e+01	 7.5683e+03	 5.8177e+02	-1.3009e+01
 1.0000e+02	 6.5561e+03	 5.9486e+00	 9.6774e-02	 3.4314e+02	 6.5666e+03	-8.9068e+01	 1.8596e+08	 3.0252e+06	-6.1469e+01
 1.5000e+02	 6.5561e+03	 5.9246e+00	 1.0889e-01	 3.4314e+02	 6.5691e+03	-8.8947e+01	 1.1017e+08	 2.0250e+06	-5.4407e+01
 2.2500e+02	 6.5561e+03	 5.8997e+00	 1.2407e-01	 3.4314e+02	 6.5718e+03	-8.8795e+01	 6.4467e+07	 1.3557e+06	-4.7554e+01
 3.3750e+02	 6.5561e+03	 5.8702e+00	 1.4222e-01	 3.4314e+02	 6.5742e+03	-8.8612e+01	 3.7491e+07	 9.0832e+05	-4.1275e+01
 5.0625e+02	 6.5561e+03	 5.8363e+00	 1.6421e-01	 3.4315e+02	 6.5767e+03	-8.8388e+01	 2.1647e+07	 6.0907e+05	-3.5541e+01
 7.5938e+02	 6.5561e+03	 5.7969e+00	 1.9076e-01	 3.4314e+02	 6.5793e+03	-8.8115e+01	 1.2423e+07	 4.0881e+05	-3.0389e+01
 1.1391e+03	 6.5561e+03	 5.7508e+00	 2.2196e-01	 3.4314e+02	 6.5818e+03	-8.7790e+01	 7.1179e+06	 2.7472e+05	-2.5909e+01
 1.7086e+03	 6.5561e+03	 5.6965e+00	 2.5912e-01	 3.4314e+02	 6.5846e+03	-8.7396e+01	 4.0647e+06	 1.8489e+05	-2.1984e+01
 2.5629e+03	 6.5561e+03	 5.6326e+00	 3.0238e-01	 3.4314e+02	 6.5872e+03	-8.6927e+01	 2.3221e+06	 1.2466e+05	-1.8627e+01
 3.8443e+03	 6.5561e+03	 5.5567e+00	 3.5219e-01	 3.4315e+02	 6.5899e+03	-8.6373e+01	 1.3291e+06	 8.4242e+04	-1.5778e+01
 5.7665e+03	 6.5561e+03	 5.4668e+00	 4.0920e-01	 3.4314e+02	 6.5924e+03	-8.5719e+01	 7.6264e+05	 5.7086e+04	-1.3360e+01
 8.6498e+03	 6.5561e+03	 5.3599e+00	 4.7272e-01	 3.4314e+02	 6.5951e+03	-8.4960e+01	 4.4011e+05	 3.8815e+04	-1.1339e+01
 1.2975e+04	 6.5561e+03	 5.2330e+00	 5.4174e-01	 3.4315e+02	 6.5976e+03	-8.4090e+01	 2.5602e+05	 2.6505e+04	-9.6596e+00
 1.9462e+04	 6.5561e+03	 5.0824e+00	 6.1376e-01	 3.4315e+02	 6.6002e+03	-8.3114e+01	 1.5066e+05	 1.8194e+04	-8.2807e+00
 2.9193e+04	 6.5561e+03	 4.9044e+00	 6.8374e-01	 3.4315e+02	 6.6028e+03	-8.2063e+01	 9.0157e+04	 1.2569e+04	-7.1729e+00
 4.3789e+04	 6.5561e+03	 4.6972e+00	 7.4251e-01	 3.4315e+02	 6.6052e+03	-8.1017e+01	 5.5348e+04	 8.7490e+03	-6.3262e+00
 6.5684e+04	 6.5561e+03	 4.4747e+00	 7.7630e-01	 3.4315e+02	 6.6077e+03	-8.0158e+01	 3.5292e+04	 6.1227e+03	-5.7642e+00
 9.8526e+04	 6.5561e+03	 4.2292e+00	 7.6941e-01	 3.4315e+02	 6.6103e+03	-7.9689e+01	 2.3739e+04	 4.3188e+03	-5.4966e+00
 1.4779e+05	 6.5561e+03	 3.9970e+00	 7.1925e-01	 3.4315e+02	 6.6128e+03	-7.9799e+01	 1.6930e+04	 3.0464e+03	-5.5572e+00
 2.2168e+05	 6.5561e+03	 3.8002e+00	 6.4005e-01	 3.4315e+02	 6.6155e+03	-8.0440e+01	 1.2683e+04	 2.1362e+03	-5.9373e+00
 3.3253e+05	 6.5561e+03	 3.6326e+00	 5.5281e-01	 3.4316e+02	 6.6179e+03	-8.1347e+01	 9.7896e+03	 1.4898e+03	-6.5712e+00
 4.9879e+05	 6.5561e+03	 3.5106e+00	 4.7512e-01	 3.4314e+02	 6.6206e+03	-8.2292e+01	 7.5936e+03	 1.0277e+03	-7.3888e+00
 7.4818e+05	 6.5561e+03	 3.4697e+00	 3.0216e-01	 3.4315e+02	 6.6282e+03	-8.5023e+01	 7.9602e+03	 6.9321e+02	-1.1483e+01
 9.0000e+05	 6.5561e+03	 3.4354e+00	 2.6587e-01	 3.4315e+02	 6.6360e+03	-8.5575e+01	 7.5207e+03	 5.8204e+02	-1.2921e+01
 1.0000e+02	 6.6332e+03	 5.9473e+00	 9.7418e-02	 3.4315e+02	 6.6442e+03	-8.9062e+01	 1.8473e+08	 3.0259e+06	-6.1049e+01
 1.5000e+02	 6.6332e+03	 5.9228e+00	 1.0937e-01	 3.4315e+02	 6.6466e+03	-8.8942e+01	 1.0969e+08	 2.0256e+06	-5.4153e+01
 2.2500e+02	 6.6332e+03	 5.8983e+00	 1.2452e-01	 3.4316e+02	 6.6491e+03	-8.8791e+01	 6.4231e+07	 1.3560e+06	-4.7368e+01
 3.3750e+02	 6.6332e+03	 5.8688e+00	 1.4286e-01	 3.4315e+02	 6.6516e+03	-8.8606e+01	 3.7323e+07	 9.0855e+05	-4.1080e+01
 5.0625e+02	 6.6332e+03	 5.8346e+00	 1.6486e-01	 3.4316e+02	 6.6540e+03	-8.8381e+01	 2.1562e+07	 6.0925e+05	-3.5390e+01
 7.5938e+02	 6.6332e+03	 5.7950e+00	 1.9143e-01	 3.4315e+02	 6.6567e+03	-8.8108e+01	 1.2380e+07	 4.0894e+05	-3.0272e+01
 1.1391e+03	 6.6332e+03	 5.7489e+00	 2.2282e-01	 3.4316e+02	 6.6591e+03	-8.7780e+01	 7.0904e+06	 2.7481e+05	-2.5801e+01
 1.7086e+03	 6.6332e+03	 5.6943e+00	 2.5995e-01	 3.4316e+02	 6.6618e+03	-8.7386e+01	 4.0517e+06	 1.8497e+05	-2.1905e+01
 2.5629e+03	 6.6332e+03	 5.6299e+00	 3.0316e-01	 3.4316e+02	 6.6644e+03	-8.6918e+01	 2.3162e+06	 1.2472e+05	-1.8571e+01
 3.8443e+03	 6.6332e+03	 5.5537e+00	 3.5315e-01	 3.4316e+02	 6.6668e+03	-8.6362e+01	 1.3255e+06	 8.4288e+04	-1.5726e+01
 5.7665e+03	 6.6332e+03	 5.4634e+00	 4.0996e-01	 3.4316e+02	 6.6696e+03	-8.5709e+01	 7.6123e+05	 5.7120e+04	-1.3327e+01
 8.6498e+03	 6.6332e+03	 5.3562e+00	 4.7330e-01	 3.4316e+02	 6.6721e+03	-8.4950e+01	 4.3957e+05	 3.8842e+04	-1.1317e+01
 1.2975e+04	 6.6332e+03	 5.2290e+00	 5.4208e-01	 3.4315e+02	 6.6748e+03	-8.4081e+01	 2.5586e+05	 2.6525e+04	-9.6461e+00
 1.9462e+04	 6.6332e+03	 5.0781e+00	 6.1366e-01	 3.4316e+02	 6.6774e+03	-8.3110e+01	 1.5068e+05	 1.8209e+04	-8.2752e+00
 2.9193e+04	 6.6332e+03	 4.9003e+00	 6.8334e-01	 3.4316e+02	 6.6800e+03	-8.2061e+01	 9.0210e+04	 1.2580e+04	-7.1711e+00
 4.3789e+04	 6.6332e+03	 4.6933e+00	 7.4154e-01	 3.4316e+02	 6.6825e+03	-8.1022e+01	 5.5420e+04	 8.7563e+03	-6.3291e+00
 6.5684e+04	 6.6332e+03	 4.4713e+00	 7.7498e-01	 3.4316e+02	 6.6849e+03	-8.0167e+01	 3.5352e+04	 6.1274e+03	-5.7695e+00
 9.8526e+04	 6.6332e+03	 4.2263e+00	 7.6795e-01	 3.4316e+02	 6.6876e+03	-7.9701e+01	 2.3784e+04	 4.3217e+03	-5.5034e+00
 1.4779e+05	 6.6332e+03	 3.9947e+00	 7.1784e-01	 3.4316e+02	 6.6901e+03	-7.9813e+01	 1.6963e+04	 3.0482e+03	-5.5649e+00
 2.2168e+05	 6.6332e+03	 3.7979e+00	 6.3895e-01	 3.4315e+02	 6.6926e+03	-8.0450e+01	 1.2705e+04	 2.1374e+03	-5.9439e+00
 3.3253e+05	 6.6332e+03	 3.6306e+00	 5.5185e-01	 3.4315e+02	 6.6951e+03	-8.1357e+01	 9.8066e+03	 1.4906e+03	-6.5790e+00
 4.9879e+05	 6.6332e+03	 3.5088e+00	 4.7418e-01	 3.4315e+02	 6.6978e+03	-8.2304e+01	 7.6087e+03	 1.0283e+03	-7.3997e+00
 7.4818e+05	 6.6332e+03	 3.4681e+00	 3.0057e-01	 3.4314e+02	 6.7058e+03	-8.5047e+01	 8.0024e+03	 6.9353e+02	-1.1539e+01
 9.0000e+05	 6.6332e+03	 3.4337e+00	 2.6418e-01	 3.4314e+02	 6.7134e+03	-8.5601e+01	 7.5689e+03	 5.8232e+02	-1.2998e+01
 1.0000e+02	 6.7107e+03	 5.9459e+00	 9.8097e-02	 3.4315e+02	 6.7216e+03	-8.9055e+01	 1.8345e+08	 3.0266e+06	-6.0612e+01
 1.5000e+02	 6.7107e+03	 5.9218e+00	 1.1072e-01	 3.4315e+02	 6.7241e+03	-8.8929e+01	 1.0836e+08	 2.0259e+06	-5.3485e+01
 2.2500e+02	 6.7107e+03	 5.8966e+00	 1.2526e-01	 3.4315e+02	 6.7265e+03	-8.8783e+01	 6.3849e+07	 1.3564e+06	-4.7073e+01
 3.3750e+02	 6.7107e+03	 5.8670e+00	 1.4371e-01	 3.4315e+02	 6.7291e+03	-8.8597e+01	 3.7103e+07	 9.0882e+05	-4.0825e+01
 5.0625e+02	 6.7107e+03	 5.8328e+00	 1.6600e-01	 3.4315e+02	 6.7316e+03	-8.8370e+01	 2.1414e+07	 6.0943e+05	-3.5137e+01
 7.5938e+02	 6.7107e+03	 5.7925e+00	 1.9240e-01	 3.4316e+02	 6.7342e+03	-8.8098e+01	 1.2317e+07	 4.0911e+05	-3.0107e+01
 1.1391e+03	 6.7107e+03	 5.7462e+00	 2.2365e-01	 3.4315e+02	 6.7367e+03	-8.7771e+01	 7.0641e+06	 2.7494e+05	-2.5693e+01
 1.7086e+03	 6.7107e+03	 5.6913e+00	 2.6096e-01	 3.4315e+02	 6.7392e+03	-8.7375e+01	 4.0361e+06	 1.8506e+05	-2.1809e+01
 2.5629e+03	 6.7107e+03	 5.6266e+00	 3.0447e-01	 3.4315e+02	 6.7418e+03	-8.6903e+01	 2.3062e+06	 1.2479e+05	-1.8480e+01
 3.8443e+03	 6.7107e+03	 5.5501e+00	 3.5432e-01	 3.4315e+02	 6.7442e+03	-8.6347e+01	 1.3211e+06	 8.4342e+04	-1.5664e+01
 5.7665e+03	 6.7107e+03	 5.4594e+00	 4.1104e-01	 3.4316e+02	 6.7467e+03	-8.5694e+01	 7.5923e+05	 5.7163e+04	-1.3282e+01
 8.6498e+03	 6.7107e+03	 5.3518e+00	 4.7411e-01	 3.4316e+02	 6.7493e+03	-8.4937e+01	 4.3882e+05	 3.8874e+04	-1.1288e+01
 1.2975e+04	 6.7107e+03	 5.2243e+00	 5.4248e-01	 3.4316e+02	 6.7518e+03	-8.4072e+01	 2.5568e+05	 2.6549e+04	-9.6304e+00
 1.9462e+04	 6.7107e+03	 5.0733e+00	 6.1396e-01	 3.4315e+02	 6.7546e+03	-8.3100e+01	 1.5061e+05	 1.8226e+04	-8.2632e+00
 2.9193e+04	 6.7107e+03	 4.8953e+00	 6.8289e-01	 3.4315e+02	 6.7572e+03	-8.2059e+01	 9.0270e+04	 1.2592e+04	-7.1685e+00
 4.3789e+04	 6.7107e+03	 4.6886e+00	 7.4051e-01	 3.4315e+02	 6.7598e+03	-8.1025e+01	 5.5497e+04	 8.7651e+03	-6.3316e+00
 6.5684e+04	 6.7107e+03	 4.4670e+00	 7.7352e-01	 3.4316e+02	 6.7622e+03	-8.0176e+01	 3.5419e+04	 6.1333e+03	-5.7749e+00
 9.8526e+04	 6.7107e+03	 4.2228e+00	 7.6639e-01	 3.4315e+02	 6.7651e+03	-7.9713e+01	 2.3832e+04	 4.3254e+03	-5.5099e+00
 1.4779e+05	 6.7107e+03	 3.9917e+00	 7.1638e-01	 3.4315e+02	 6.7676e+03	-7.9825e+01	 1.6997e+04	 3.0505e+03	-5.5720e+00
 2.2168e+05	 6.7107e+03	 3.7956e+00	 6.3757e-01	 3.4315e+02	 6.7704e+03	-8.0465e+01	 1.2732e+04	 2.1387e+03	-5.9533e+00
 3.3253e+05	 6.7107e+03	 3.6287e+00	 5.5069e-01	 3.4315e+02	 6.7729e+03	-8.1371e+01	 9.8274e+03	 1.4914e+03	-6.5893e+00
 4.9879e+05	 6.7107e+03	 3.5071e+00	 4.7344e-01	 3.4315e+02	 6.7759e+03	-8.2312e+01	 7.6206e+03	 1.0287e+03	-7.4077e+00
 7.4818e+05	 6.7107e+03	 3.4667e+00	 3.0012e-01	 3.4315e+02	 6.7835e+03	-8.5052e+01	 8.0144e+03	 6.9382e+02	-1.1551e+01
 9.0000e+05	 6.7107e+03	 3.4323e+00	 2.6412e-01	 3.4316e+02	 6.7912e+03	-8.5600e+01	 7.5705e+03	 5.8256e+02	-1.2995e+01
 1.0000e+02	 6.7884e+03	 5.9446e+00	 9.8622e-02	 3.4314e+02	 6.7995e+03	-8.9050e+01	 1.8247e+08	 3.0272e+06	-6.0277e+01
 1.5000e+02	 6.7884e+03	 5.9214e+00	 1.1073e-01	 3.4314e+02	 6.8019e+03	-8.8929e+01	 1.0835e+08	 2.0261e+06	-5.3475e+01
 2.2500e+02	 6.7884e+03	 5.8949e+00	 1.2608e-01	 3.4314e+02	 6.8046e+03	-8.8775e+01	 6.3437e+07	 1.3568e+06	-4.6756e+01
 3.3750e+02	 6.7884e+03	 5.8647e+00	 1.4452e-01	 3.4315e+02	 6.8072e+03	-8.8588e+01	 3.6896e+07	 9.0917e+05	-4.0581e+01
 5.0625e+02	 6.7884e+03	 5.8304e+00	 1.6679e-01	 3.4314e+02	 6.8099e+03	-8.8361e+01	 2.1312e+07	 6.0968e+05	-3.4956e+01
 7.5938e+02	 6.7884e+03	 5.7903e+00	 1.9353e-01	 3.4314e+02	 6.8125e+03	-8.8086e+01	 1.2245e+07	 4.0927e+05	-2.9919e+01
 1.1391e+03	 6.7884e+03	 5.7436e+00	 2.2501e-01	 3.4314e+02	 6.8151e+03	-8.7756e+01	 7.0212e+06	 2.7507e+05	-2.5525e+01
 1.7086e+03	 6.7884e+03	 5.6881e+00	 2.6231e-01	 3.4314e+02	 6.8178e+03	-8.7360e+01	 4.0153e+06	 1.8517e+05	-2.1685e+01
 2.5629e+03	 6.7884e+03	 5.6233e+00	 3.0570e-01	 3.4315e+02	 6.8205e+03	-8.6888e+01	 2.2969e+06	 1.2487e+05	-1.8395e+01
 3.8443e+03	 6.7884e+03	 5.5463e+00	 3.5557e-01	 3.4315e+02	 6.8229e+03	-8.6332e+01	 1.3165e+06	 8.4401e+04	-1.5598e+01
 5.7665e+03	 6.7884e+03	 5.4551e+00	 4.1223e-01	 3.4314e+02	 6.8254e+03	-8.5678e+01	 7.5703e+05	 5.7208e+04	-1.3233e+01
 8.6498e+03	 6.7884e+03	 5.3470e+00	 4.7515e-01	 3.4315e+02	 6.8281e+03	-8.4922e+01	 4.3786e+05	 3.8910e+04	-1.1253e+01
 1.2975e+04	 6.7884e+03	 5.2193e+00	 5.4315e-01	 3.4314e+02	 6.8305e+03	-8.4059e+01	 2.5536e+05	 2.6574e+04	-9.6093e+00
 1.9462e+04	 6.7884e+03	 5.0680e+00	 6.1419e-01	 3.4315e+02	 6.8333e+03	-8.3090e+01	 1.5055e+05	 1.8245e+04	-8.2516e+00
 2.9193e+04	 6.7884e+03	 4.8899e+00	 6.8265e-01	 3.4314e+02	 6.8359e+03	-8.2053e+01	 9.0301e+04	 1.2606e+04	-7.1632e+00
 4.3789e+04	 6.7884e+03	 4.6836e+00	 7.3980e-01	 3.4314e+02	 6.8386e+03	-8.1024e+01	 5.5551e+04	 8.7744e+03	-6.3309e+00
 6.5684e+04	 6.7884e+03	 4.4624e+00	 7.7213e-01	 3.4314e+02	 6.8411e+03	-8.0183e+01	 3.5483e+04	 6.1396e+03	-5.7793e+00
 9.8526e+04	 6.7884e+03	 4.2187e+00	 7.6471e-01	 3.4315e+02	 6.8439e+03	-7.9726e+01	 2.3885e+04	 4.3295e+03	-5.5168e+00
 1.4779e+05	 6.7884e+03	 3.9884e+00	 7.1459e-01	 3.4315e+02	 6.8464e+03	-7.9842e+01	 1.7040e+04	 3.0530e+03	-5.5814e+00
 2.2168e+05	 6.7884e+03	 3.7930e+00	 6.3596e-01	 3.4315e+02	 6.8492e+03	-8.0482e+01	 1.2764e+04	 2.1402e+03	-5.9641e+00
 3.3253e+05	 6.7884e+03	 3.6264e+00	 5.4939e-01	 3.4315e+02	 6.8516e+03	-8.1385e+01	 9.8506e+03	 1.4923e+03	-6.6007e+00
 4.9879e+05	 6.7884e+03	 3.5050e+00	 4.7240e-01	 3.4315e+02	 6.8542e+03	-8.2324e+01	 7.6373e+03	 1.0294e+03	-7.4195e+00
 7.4818e+05	 6.7884e+03	 3.4650e+00	 2.9872e-01	 3.4315e+02	 6.8621e+03	-8.5073e+01	 8.0518e+03	 6.9416e+02	-1.1599e+01
 9.0000e+05	 6.7884e+03	 3.4306e+00	 2.6259e-01	 3.4315e+02	 6.8701e+03	-8.5623e+01	 7.6147e+03	 5.8285e+02	-1.3065e+01
 1.0000e+02	 6.8673e+03	 5.9434e+00	 9.9059e-02	 3.4315e+02	 6.8783e+03	-8.9045e+01	 1.8167e+08	 3.0278e+06	-5.9999e+01
 1.5000e+02	 6.8673e+03	 5.9189e+00	 1.1117e-01	 3.4316e+02	 6.8808e+03	-8.8924e+01	 1.0791e+08	 2.0269e+06	-5.3241e+01
 2.2500e+02	 6.8673e+03	 5.8933e+00	 1.2679e-01	 3.4315e+02	 6.8835e+03	-8.8768e+01	 6.3084e+07	 1.3572e+06	-4.6482e+01
 3.3750e+02	 6.8673e+03	 5.8635e+00	 1.4522e-01	 3.4315e+02	 6.8859e+03	-8.8581e+01	 3.6716e+07	 9.0937e+05	-4.0375e+01
 5.0625e+02	 6.8673e+03	 5.8286e+00	 1.6764e-01	 3.4316e+02	 6.8886e+03	-8.8353e+01	 2.1204e+07	 6.0987e+05	-3.4768e+01
 7.5938e+02	 6.8673e+03	 5.7884e+00	 1.9434e-01	 3.4315e+02	 6.8912e+03	-8.8077e+01	 1.2194e+07	 4.0941e+05	-2.9785e+01
 1.1391e+03	 6.8673e+03	 5.7410e+00	 2.2614e-01	 3.4315e+02	 6.8936e+03	-8.7744e+01	 6.9862e+06	 2.7519e+05	-2.5387e+01
 1.7086e+03	 6.8673e+03	 5.6855e+00	 2.6338e-01	 3.4314e+02	 6.8962e+03	-8.7348e+01	 3.9989e+06	 1.8525e+05	-2.1586e+01
 2.5629e+03	 6.8673e+03	 5.6202e+00	 3.0683e-01	 3.4314e+02	 6.8988e+03	-8.6875e+01	 2.2884e+06	 1.2494e+05	-1.8317e+01
 3.8443e+03	 6.8673e+03	 5.5429e+00	 3.5667e-01	 3.4314e+02	 6.9014e+03	-8.6318e+01	 1.3125e+06	 8.4452e+04	-1.5541e+01
 5.7665e+03	 6.8673e+03	 5.4513e+00	 4.1317e-01	 3.4314e+02	 6.9039e+03	-8.5666e+01	 7.5532e+05	 5.7247e+04	-1.3194e+01
 8.6498e+03	 6.8673e+03	 5.3429e+00	 4.7595e-01	 3.4315e+02	 6.9066e+03	-8.4909e+01	 4.3712e+05	 3.8939e+04	-1.1226e+01
 1.2975e+04	 6.8673e+03	 5.2148e+00	 5.4371e-01	 3.4315e+02	 6.9091e+03	-8.4048e+01	 2.5510e+05	 2.6597e+04	-9.5912e+00
 1.9462e+04	 6.8673e+03	 5.0634e+00	 6.1411e-01	 3.4315e+02	 6.9119e+03	-8.3085e+01	 1.5057e+05	 1.8262e+04	-8.2450e+00
 2.9193e+04	 6.8673e+03	 4.8854e+00	 6.8216e-01	 3.4315e+02	 6.9145e+03	-8.2051e+01	 9.0366e+04	 1.2618e+04	-7.1616e+00
 4.3789e+04	 6.8673e+03	 4.6792e+00	 7.3880e-01	 3.4315e+02	 6.9171e+03	-8.1028e+01	 5.5625e+04	 8.7826e+03	-6.3336e+00
 6.5684e+04	 6.8673e+03	 4.4587e+00	 7.7089e-01	 3.4315e+02	 6.9196e+03	-8.0191e+01	 3.5540e+04	 6.1447e+03	-5.7838e+00
 9.8526e+04	 6.8673e+03	 4.2155e+00	 7.6327e-01	 3.4315e+02	 6.9222e+03	-7.9737e+01	 2.3930e+04	 4.3328e+03	-5.5229e+00
 1.4779e+05	 6.8673e+03	 3.9858e+00	 7.1319e-01	 3.4315e+02	 6.9246e+03	-7.9855e+01	 1.7074e+04	 3.0550e+03	-5.5888e+00
 2.2168e+05	 6.8673e+03	 3.7909e+00	 6.3487e-01	 3.4315e+02	 6.9272e+03	-8.0493e+01	 1.2786e+04	 2.1414e+03	-5.9711e+00
 3.3253e+05	 6.8673e+03	 3.6246e+00	 5.4856e-01	 3.4315e+02	 6.9301e+03	-8.1394e+01	 9.8655e+03	 1.4931e+03	-6.6076e+00
 4.9879e+05	 6.8673e+03	 3.5035e+00	 4.7164e-01	 3.4316e+02	 6.9326e+03	-8.2333e+01	 7.6497e+03	 1.0298e+03	-7.4284e+00
 7.4818e+05	 6.8673e+03	 3.4635e+00	 2.9870e-01	 3.4316e+02	 6.9406e+03	-8.5071e+01	 8.0524e+03	 6.9446e+02	-1.1595e+01
 9.0000e+05	 6.8673e+03	 3.4299e+00	 2.5810e-01	 3.4316e+02	 6.9484e+03	-8.5697e+01	 7.7470e+03	 5.8297e+02	-1.3289e+01
 1.0000e+02	 6.9456e+03	 5.9420e+00	 9.9703e-02	 3.4316e+02	 6.9566e+03	-8.9039e+01	 1.8049e+08	 3.0286e+06	-5.9597e+01
 1.5000e+02	 6.9456e+03	 5.9190e+00	 1.1212e-01	 3.4317e+02	 6.9590e+03	-8.8915e+01	 1.0701e+08	 2.0269e+06	-5.2794e+01
 2.2500e+02	 6.9456e+03	 5.8921e+00	 1.2737e-01	 3.4316e+02	 6.9618e+03	-8.8762e+01	 6.2794e+07	 1.3574e+06	-4.6260e+01
 3.3750e+02	 6.9456e+03	 5.8616e+00	 1.4602e-01	 3.4316e+02	 6.9643e+03	-8.8573e+01	 3.6515e+07	 9.0966e+05	-4.0142e+01
 5.0625e+02	 6.9456e+03	 5.8268e+00	 1.6836e-01	 3.4316e+02	 6.9668e+03	-8.8345e+01	 2.1114e+07	 6.1007e+05	-3.4609e+01
 7.5938e+02	 6.9456e+03	 5.7861e+00	 1.9512e-01	 3.4317e+02	 6.9695e+03	-8.8069e+01	 1.2146e+07	 4.0957e+05	-2.9654e+01
 1.1391e+03	 6.9456e+03	 5.7388e+00	 2.2701e-01	 3.4316e+02	 6.9719e+03	-8.7735e+01	 6.9595e+06	 2.7530e+05	-2.5280e+01
 1.7086e+03	 6.9456e+03	 5.6829e+00	 2.6438e-01	 3.4316e+02	 6.9746e+03	-8.7336e+01	 3.9839e+06	 1.8534e+05	-2.1496e+01
 2.5629e+03	 6.9456e+03	 5.6173e+00	 3.0787e-01	 3.4316e+02	 6.9772e+03	-8.6863e+01	 2.2807e+06	 1.2500e+05	-1.8245e+01
 3.8443e+03	 6.9456e+03	 5.5396e+00	 3.5756e-01	 3.4316e+02	 6.9799e+03	-8.6307e+01	 1.3092e+06	 8.4502e+04	-1.5493e+01
 5.7665e+03	 6.9456e+03	 5.4477e+00	 4.1405e-01	 3.4316e+02	 6.9824e+03	-8.5654e+01	 7.5371e+05	 5.7285e+04	-1.3157e+01
 8.6498e+03	 6.9456e+03	 5.3391e+00	 4.7669e-01	 3.4316e+02	 6.9853e+03	-8.4898e+01	 4.3645e+05	 3.8967e+04	-1.1201e+01
 1.2975e+04	 6.9456e+03	 5.2107e+00	 5.4411e-01	 3.4316e+02	 6.9878e+03	-8.4039e+01	 2.5491e+05	 2.6618e+04	-9.5766e+00
 1.9462e+04	 6.9456e+03	 5.0592e+00	 6.1416e-01	 3.4316e+02	 6.9906e+03	-8.3078e+01	 1.5056e+05	 1.8277e+04	-8.2375e+00
 2.9193e+04	 6.9456e+03	 4.8811e+00	 6.8163e-01	 3.4316e+02	 6.9932e+03	-8.2050e+01	 9.0436e+04	 1.2629e+04	-7.1610e+00
 4.3789e+04	 6.9456e+03	 4.6751e+00	 7.3788e-01	 3.4316e+02	 6.9956e+03	-8.1031e+01	 5.5695e+04	 8.7903e+03	-6.3359e+00
 6.5684e+04	 6.9456e+03	 4.4548e+00	 7.6967e-01	 3.4316e+02	 6.9981e+03	-8.0198e+01	 3.5596e+04	 6.1501e+03	-5.7879e+00
 9.8526e+04	 6.9456e+03	 4.2122e+00	 7.6181e-01	 3.4316e+02	 7.0007e+03	-7.9748e+01	 2.3976e+04	 4.3362e+03	-5.5292e+00
 1.4779e+05	 6.9456e+03	 3.9831e+00	 7.1167e-01	 3.4316e+02	 7.0034e+03	-7.9870e+01	 1.7110e+04	 3.0571e+03	-5.5968e+00
 2.2168e+05	 6.9456e+03	 3.7885e+00	 6.3345e-01	 3.4316e+02	 7.0060e+03	-8.0508e+01	 1.2815e+04	 2.1427e+03	-5.9807e+00
 3.3253e+05	 6.9456e+03	 3.6226e+00	 5.4742e-01	 3.4315e+02	 7.0086e+03	-8.1407e+01	 9.8860e+03	 1.4939e+03	-6.6175e+00
 4.9879e+05	 6.9456e+03	 3.5017e+00	 4.7065e-01	 3.4315e+02	 7.0112e+03	-8.2345e+01	 7.6658e+03	 1.0303e+03	-7.4402e+00
 7.4818e+05	 6.9456e+03	 3.4617e+00	 2.9732e-01	 3.4315e+02	 7.0186e+03	-8.5091e+01	 8.0897e+03	 6.9482e+02	-1.1643e+01
 9.0000e+05	 6.9456e+03	 3.4281e+00	 2.5732e-01	 3.4315e+02	 7.0263e+03	-8.5707e+01	 7.7706e+03	 5.8328e+02	-1.3322e+01
 1.0000e+02	 7.0236e+03	 5.9406e+00	 9.9866e-02	 3.4314e+02	 7.0345e+03	-8.9037e+01	 1.8020e+08	 3.0293e+06	-5.9485e+01
 1.5000e+02	 7.0236e+03	 5.9166e+00	 1.1232e-01	 3.4314e+02	 7.0370e+03	-8.8912e+01	 1.0681e+08	 2.0277e+06	-5.2674e+01
 2.2500e+02	 7.0236e+03	 5.8902e+00	 1.2813e-01	 3.4315e+02	 7.0396e+03	-8.8754e+01	 6.2423e+07	 1.3579e+06	-4.5971e+01
 3.3750e+02	 7.0236e+03	 5.8596e+00	 1.4684e-01	 3.4315e+02	 7.0421e+03	-8.8565e+01	 3.6313e+07	 9.0996e+05	-3.9905e+01
 5.0625e+02	 7.0236e+03	 5.8244e+00	 1.6922e-01	 3.4314e+02	 7.0446e+03	-8.8336e+01	 2.1007e+07	 6.1031e+05	-3.4420e+01
 7.5938e+02	 7.0236e+03	 5.7837e+00	 1.9626e-01	 3.4315e+02	 7.0472e+03	-8.8057e+01	 1.2075e+07	 4.0974e+05	-2.9470e+01
 1.1391e+03	 7.0236e+03	 5.7357e+00	 2.2792e-01	 3.4314e+02	 7.0496e+03	-8.7724e+01	 6.9317e+06	 2.7544e+05	-2.5165e+01
 1.7086e+03	 7.0236e+03	 5.6797e+00	 2.6546e-01	 3.4315e+02	 7.0524e+03	-8.7324e+01	 3.9677e+06	 1.8544e+05	-2.1396e+01
 2.5629e+03	 7.0236e+03	 5.6135e+00	 3.0913e-01	 3.4314e+02	 7.0550e+03	-8.6848e+01	 2.2714e+06	 1.2508e+05	-1.8159e+01
 3.8443e+03	 7.0236e+03	 5.5355e+00	 3.5898e-01	 3.4314e+02	 7.0576e+03	-8.6290e+01	 1.3040e+06	 8.4565e+04	-1.5420e+01
 5.7665e+03	 7.0236e+03	 5.4431e+00	 4.1539e-01	 3.4314e+02	 7.0601e+03	-8.5636e+01	 7.5127e+05	 5.7333e+04	-1.3104e+01
 8.6498e+03	 7.0236e+03	 5.3338e+00	 4.7768e-01	 3.4314e+02	 7.0629e+03	-8.4882e+01	 4.3554e+05	 3.9005e+04	-1.1166e+01
 1.2975e+04	 7.0236e+03	 5.2052e+00	 5.4490e-01	 3.4313e+02	 7.0654e+03	-8.4024e+01	 2.5454e+05	 2.6646e+04	-9.5525e+00
 1.9462e+04	 7.0236e+03	 5.0533e+00	 6.1436e-01	 3.4314e+02	 7.0684e+03	-8.3068e+01	 1.5051e+05	 1.8298e+04	-8.2253e+00
 2.9193e+04	 7.0236e+03	 4.8752e+00	 6.8139e-01	 3.4313e+02	 7.0709e+03	-8.2043e+01	 9.0468e+04	 1.2645e+04	-7.1547e+00
 4.3789e+04	 7.0236e+03	 4.6694e+00	 7.3693e-01	 3.4313e+02	 7.0736e+03	-8.1031e+01	 5.5767e+04	 8.8012e+03	-6.3362e+00
 6.5684e+04	 7.0236e+03	 4.4495e+00	 7.6820e-01	 3.4313e+02	 7.0762e+03	-8.0204e+01	 3.5664e+04	 6.1574e+03	-5.7921e+00
 9.8526e+04	 7.0236e+03	 4.2076e+00	 7.5991e-01	 3.4313e+02	 7.0789e+03	-7.9763e+01	 2.4036e+04	 4.3410e+03	-5.5370e+00
 1.4779e+05	 7.0236e+03	 3.9792e+00	 7.0979e-01	 3.4313e+02	 7.0814e+03	-7.9886e+01	 1.7155e+04	 3.0601e+03	-5.6062e+00
 2.2168e+05	 7.0236e+03	 3.7855e+00	 6.3177e-01	 3.4314e+02	 7.0839e+03	-8.0525e+01	 1.2849e+04	 2.1444e+03	-5.9918e+00
 3.3253e+05	 7.0236e+03	 3.6201e+00	 5.4593e-01	 3.4313e+02	 7.0866e+03	-8.1424e+01	 9.9130e+03	 1.4949e+03	-6.6311e+00
 4.9879e+05	 7.0236e+03	 3.4996e+00	 4.6959e-01	 3.4313e+02	 7.0892e+03	-8.2358e+01	 7.6831e+03	 1.0309e+03	-7.4525e+00
 7.4818e+05	 7.0236e+03	 3.4600e+00	 2.9626e-01	 3.4314e+02	 7.0974e+03	-8.5106e+01	 8.1186e+03	 6.9516e+02	-1.1679e+01
 9.0000e+05	 7.0236e+03	 3.4257e+00	 2.6349e-01	 3.4315e+02	 7.1050e+03	-8.5602e+01	 7.5885e+03	 5.8369e+02	-1.3001e+01
 1.0000e+02	 7.1022e+03	 5.9394e+00	 1.0075e-01	 3.4315e+02	 7.1133e+03	-8.9028e+01	 1.7862e+08	 3.0299e+06	-5.8953e+01
 1.5000e+02	 7.1022e+03	 5.9149e+00	 1.1426e-01	 3.4315e+02	 7.1158e+03	-8.8893e+01	 1.0500e+08	 2.0283e+06	-5.1767e+01
 2.2500e+02	 7.1022e+03	 5.8885e+00	 1.2878e-01	 3.4315e+02	 7.1186e+03	-8.8747e+01	 6.2109e+07	 1.3583e+06	-4.5727e+01
 3.3750e+02	 7.1022e+03	 5.8579e+00	 1.4767e-01	 3.4314e+02	 7.1211e+03	-8.8556e+01	 3.6109e+07	 9.1024e+05	-3.9670e+01
 5.0625e+02	 7.1022e+03	 5.8226e+00	 1.7013e-01	 3.4315e+02	 7.1238e+03	-8.8326e+01	 2.0895e+07	 6.1050e+05	-3.4225e+01
 7.5938e+02	 7.1022e+03	 5.7816e+00	 1.9711e-01	 3.4315e+02	 7.1264e+03	-8.8047e+01	 1.2023e+07	 4.0989e+05	-2.9332e+01
 1.1391e+03	 7.1022e+03	 5.7335e+00	 2.2908e-01	 3.4315e+02	 7.1291e+03	-8.7712e+01	 6.8967e+06	 2.7555e+05	-2.5029e+01
 1.7086e+03	 7.1022e+03	 5.6773e+00	 2.6661e-01	 3.4315e+02	 7.1317e+03	-8.7311e+01	 3.9506e+06	 1.8552e+05	-2.1295e+01
 2.5629e+03	 7.1022e+03	 5.6108e+00	 3.1006e-01	 3.4315e+02	 7.1345e+03	-8.6837e+01	 2.2646e+06	 1.2514e+05	-1.8096e+01
 3.8443e+03	 7.1022e+03	 5.5324e+00	 3.5990e-01	 3.4315e+02	 7.1370e+03	-8.6278e+01	 1.3007e+06	 8.4612e+04	-1.5372e+01
 5.7665e+03	 7.1022e+03	 5.4397e+00	 4.1621e-01	 3.4316e+02	 7.1394e+03	-8.5625e+01	 7.4979e+05	 5.7370e+04	-1.3069e+01
 8.6498e+03	 7.1022e+03	 5.3303e+00	 4.7826e-01	 3.4315e+02	 7.1421e+03	-8.4873e+01	 4.3502e+05	 3.9031e+04	-1.1145e+01
 1.2975e+04	 7.1022e+03	 5.2013e+00	 5.4510e-01	 3.4315e+02	 7.1446e+03	-8.4017e+01	 2.5445e+05	 2.6666e+04	-9.5420e+00
 1.9462e+04	 7.1022e+03	 5.0494e+00	 6.1429e-01	 3.4315e+02	 7.1474e+03	-8.3064e+01	 1.5053e+05	 1.8312e+04	-8.2200e+00
 2.9193e+04	 7.1022e+03	 4.8715e+00	 6.8081e-01	 3.4315e+02	 7.1500e+03	-8.2044e+01	 9.0545e+04	 1.2654e+04	-7.1555e+00
 4.3789e+04	 7.1022e+03	 4.6661e+00	 7.3600e-01	 3.4315e+02	 7.1526e+03	-8.1036e+01	 5.5837e+04	 8.8074e+03	-6.3398e+00
 6.5684e+04	 7.1022e+03	 4.4466e+00	 7.6694e-01	 3.4315e+02	 7.1551e+03	-8.0214e+01	 3.5723e+04	 6.1614e+03	-5.7979e+00
 9.8526e+04	 7.1022e+03	 4.2052e+00	 7.5856e-01	 3.4315e+02	 7.1579e+03	-7.9775e+01	 2.4078e+04	 4.3434e+03	-5.5436e+00
 1.4779e+05	 7.1022e+03	 3.9773e+00	 7.0869e-01	 3.4315e+02	 7.1604e+03	-7.9897e+01	 1.7182e+04	 3.0615e+03	-5.6122e+00
 2.2168e+05	 7.1022e+03	 3.7838e+00	 6.3081e-01	 3.4315e+02	 7.1629e+03	-8.0535e+01	 1.2869e+04	 2.1454e+03	-5.9983e+00
 3.3253e+05	 7.1022e+03	 3.6186e+00	 5.4520e-01	 3.4316e+02	 7.1654e+03	-8.1432e+01	 9.9262e+03	 1.4955e+03	-6.6372e+00
 4.9879e+05	 7.1022e+03	 3.4981e+00	 4.6904e-01	 3.4314e+02	 7.1680e+03	-8.2363e+01	 7.6920e+03	 1.0314e+03	-7.4580e+00
 7.4818e+05	 7.1022e+03	 3.4584e+00	 2.9730e-01	 3.4315e+02	 7.1759e+03	-8.5087e+01	 8.0902e+03	 6.9548e+02	-1.1633e+01
 9.0000e+05	 7.1022e+03	 3.4241e+00	 2.6448e-01	 3.4315e+02	 7.1835e+03	-8.5583e+01	 7.5601e+03	 5.8396e+02	-1.2946e+01
 1.0000e+02	 7.1808e+03	 5.9378e+00	 1.0117e-01	 3.4315e+02	 7.1915e+03	-8.9024e+01	 1.7788e+08	 3.0307e+06	-5.8692e+01
 1.5000e+02	 7.1808e+03	 5.9137e+00	 1.1339e-01	 3.4315e+02	 7.1940e+03	-8.8902e+01	 1.0581e+08	 2.0287e+06	-5.2156e+01
 2.2500e+02	 7.1808e+03	 5.8869e+00	 1.2932e-01	 3.4315e+02	 7.1966e+03	-8.8742e+01	 6.1849e+07	 1.3586e+06	-4.5523e+01
 3.3750e+02	 7.1808e+03	 5.8561e+00	 1.4820e-01	 3.4315e+02	 7.1994e+03	-8.8550e+01	 3.5978e+07	 9.1051e+05	-3.9514e+01
 5.0625e+02	 7.1808e+03	 5.8206e+00	 1.7088e-01	 3.4315e+02	 7.2019e+03	-8.8318e+01	 2.0802e+07	 6.1071e+05	-3.4062e+01
 7.5938e+02	 7.1808e+03	 5.7793e+00	 1.9785e-01	 3.4316e+02	 7.2048e+03	-8.8039e+01	 1.1978e+07	 4.1005e+05	-2.9210e+01
 1.1391e+03	 7.1808e+03	 5.7313e+00	 2.3012e-01	 3.4315e+02	 7.2074e+03	-8.7701e+01	 6.8653e+06	 2.7566e+05	-2.4905e+01
 1.7086e+03	 7.1808e+03	 5.6743e+00	 2.6763e-01	 3.4315e+02	 7.2101e+03	-8.7300e+01	 3.9355e+06	 1.8562e+05	-2.1202e+01
 2.5629e+03	 7.1808e+03	 5.6075e+00	 3.1122e-01	 3.4315e+02	 7.2128e+03	-8.6823e+01	 2.2561e+06	 1.2522e+05	-1.8018e+01
 3.8443e+03	 7.1808e+03	 5.5287e+00	 3.6100e-01	 3.4314e+02	 7.2155e+03	-8.6264e+01	 1.2967e+06	 8.4669e+04	-1.5315e+01
 5.7665e+03	 7.1808e+03	 5.4357e+00	 4.1717e-01	 3.4315e+02	 7.2179e+03	-8.5611e+01	 7.4806e+05	 5.7412e+04	-1.3030e+01
 8.6498e+03	 7.1808e+03	 5.3260e+00	 4.7918e-01	 3.4315e+02	 7.2207e+03	-8.4859e+01	 4.3418e+05	 3.9063e+04	-1.1115e+01
 1.2975e+04	 7.1808e+03	 5.1968e+00	 5.4574e-01	 3.4315e+02	 7.2231e+03	-8.4005e+01	 2.5415e+05	 2.6690e+04	-9.5224e+00
 1.9462e+04	 7.1808e+03	 5.0447e+00	 6.1440e-01	 3.4315e+02	 7.2257e+03	-8.3056e+01	 1.5050e+05	 1.8329e+04	-8.2108e+00
 2.9193e+04	 7.1808e+03	 4.8667e+00	 6.8048e-01	 3.4315e+02	 7.2284e+03	-8.2040e+01	 9.0590e+04	 1.2666e+04	-7.1519e+00
 4.3789e+04	 7.1808e+03	 4.6613e+00	 7.3505e-01	 3.4315e+02	 7.2308e+03	-8.1039e+01	 5.5909e+04	 8.8164e+03	-6.3415e+00
 6.5684e+04	 7.1808e+03	 4.4425e+00	 7.6559e-01	 3.4315e+02	 7.2332e+03	-8.0222e+01	 3.5786e+04	 6.1672e+03	-5.8027e+00
 9.8526e+04	 7.1808e+03	 4.2017e+00	 7.5703e-01	 3.4315e+02	 7.2359e+03	-7.9786e+01	 2.4127e+04	 4.3471e+03	-5.5502e+00
 1.4779e+05	 7.1808e+03	 3.9744e+00	 7.0699e-01	 3.4315e+02	 7.2383e+03	-7.9913e+01	 1.7223e+04	 3.0638e+03	-5.6215e+00
 2.2168e+05	 7.1808e+03	 3.7813e+00	 6.2938e-01	 3.4315e+02	 7.2409e+03	-8.0550e+01	 1.2898e+04	 2.1468e+03	-6.0080e+00
 3.3253e+05	 7.1808e+03	 3.6166e+00	 5.4403e-01	 3.4314e+02	 7.2434e+03	-8.1445e+01	 9.9476e+03	 1.4964e+03	-6.6477e+00
 4.9879e+05	 7.1808e+03	 3.4963e+00	 4.6813e-01	 3.4314e+02	 7.2459e+03	-8.2374e+01	 7.7069e+03	 1.0319e+03	-7.4686e+00
 7.4818e+05	 7.1808e+03	 3.4570e+00	 2.9543e-01	 3.4315e+02	 7.2536e+03	-8.5115e+01	 8.1416e+03	 6.9577e+02	-1.1702e+01
 9.0000e+05	 7.1808e+03	 3.4227e+00	 2.6177e-01	 3.4315e+02	 7.2613e+03	-8.5627e+01	 7.6385e+03	 5.8419e+02	-1.3075e+01
 1.0000e+02	 7.2586e+03	 5.9368e+00	 1.0152e-01	 3.4315e+02	 7.2692e+03	-8.9020e+01	 1.7726e+08	 3.0312e+06	-5.8479e+01
 1.5000e+02	 7.2586e+03	 5.9134e+00	 1.1377e-01	 3.4316e+02	 7.2718e+03	-8.8898e+01	 1.0546e+08	 2.0288e+06	-5.1979e+01
 2.2500e+02	 7.2586e+03	 5.8858e+00	 1.3002e-01	 3.4316e+02	 7.2743e+03	-8.8735e+01	 6.1516e+07	 1.3589e+06	-4.5270e+01
 3.3750e+02	 7.2586e+03	 5.8547e+00	 1.4890e-01	 3.4316e+02	 7.2768e+03	-8.8543e+01	 3.5809e+07	 9.1073e+05	-3.9319e+01
 5.0625e+02	 7.2586e+03	 5.8189e+00	 1.7175e-01	 3.4316e+02	 7.2795e+03	-8.8309e+01	 2.0696e+07	 6.1089e+05	-3.3879e+01
 7.5938e+02	 7.2586e+03	 5.7773e+00	 1.9903e-01	 3.4316e+02	 7.2824e+03	-8.8027e+01	 1.1907e+07	 4.1019e+05	-2.9028e+01
 1.1391e+03	 7.2586e+03	 5.7288e+00	 2.3103e-01	 3.4316e+02	 7.2849e+03	-8.7691e+01	 6.8383e+06	 2.7578e+05	-2.4796e+01
 1.7086e+03	 7.2586e+03	 5.6720e+00	 2.6859e-01	 3.4316e+02	 7.2877e+03	-8.7289e+01	 3.9214e+06	 1.8569e+05	-2.1118e+01
 2.5629e+03	 7.2586e+03	 5.6050e+00	 3.1228e-01	 3.4316e+02	 7.2903e+03	-8.6811e+01	 2.2485e+06	 1.2527e+05	-1.7949e+01
 3.8443e+03	 7.2586e+03	 5.5257e+00	 3.6199e-01	 3.4315e+02	 7.2927e+03	-8.6252e+01	 1.2931e+06	 8.4715e+04	-1.5264e+01
 5.7665e+03	 7.2586e+03	 5.4322e+00	 4.1802e-01	 3.4315e+02	 7.2951e+03	-8.5600e+01	 7.4654e+05	 5.7448e+04	-1.2995e+01
 8.6498e+03	 7.2586e+03	 5.3221e+00	 4.7973e-01	 3.4316e+02	 7.2977e+03	-8.4849e+01	 4.3368e+05	 3.9091e+04	-1.1094e+01
 1.2975e+04	 7.2586e+03	 5.1926e+00	 5.4611e-01	 3.4315e+02	 7.3004e+03	-8.3996e+01	 2.5398e+05	 2.6711e+04	-9.5083e+00
 1.9462e+04	 7.2586e+03	 5.0403e+00	 6.1450e-01	 3.4315e+02	 7.3029e+03	-8.3049e+01	 1.5047e+05	 1.8345e+04	-8.2023e+00
 2.9193e+04	 7.2586e+03	 4.8625e+00	 6.8008e-01	 3.4315e+02	 7.3057e+03	-8.2038e+01	 9.0643e+04	 1.2678e+04	-7.1498e+00
 4.3789e+04	 7.2586e+03	 4.6573e+00	 7.3425e-01	 3.4315e+02	 7.3081e+03	-8.1041e+01	 5.5970e+04	 8.8239e+03	-6.3430e+00
 6.5684e+04	 7.2586e+03	 4.4389e+00	 7.6448e-01	 3.4315e+02	 7.3106e+03	-8.0228e+01	 3.5838e+04	 6.1722e+03	-5.8064e+00
 9.8526e+04	 7.2586e+03	 4.1986e+00	 7.5571e-01	 3.4315e+02	 7.3133e+03	-7.9797e+01	 2.4169e+04	 4.3502e+03	-5.5559e+00
 1.4779e+05	 7.2586e+03	 3.9720e+00	 7.0575e-01	 3.4316e+02	 7.3158e+03	-7.9925e+01	 1.7254e+04	 3.0656e+03	-5.6281e+00
 2.2168e+05	 7.2586e+03	 3.7794e+00	 6.2824e-01	 3.4315e+02	 7.3183e+03	-8.0562e+01	 1.2921e+04	 2.1479e+03	-6.0159e+00
 3.3253e+05	 7.2586e+03	 3.6148e+00	 5.4311e-01	 3.4316e+02	 7.3210e+03	-8.1455e+01	 9.9645e+03	 1.4971e+03	-6.6557e+00
 4.9879e+05	 7.2586e+03	 3.4948e+00	 4.6744e-01	 3.4316e+02	 7.3239e+03	-8.2382e+01	 7.7184e+03	 1.0323e+03	-7.4766e+00
 7.4818e+05	 7.2586e+03	 3.4556e+00	 2.9364e-01	 3.4315e+02	 7.3315e+03	-8.5143e+01	 8.1912e+03	 6.9605e+02	-1.1768e+01
 9.0000e+05	 7.2586e+03	 3.4214e+00	 2.5986e-01	 3.4315e+02	 7.3391e+03	-8.5657e+01	 7.6946e+03	 5.8442e+02	-1.3166e+01
 1.0000e+02	 7.3364e+03	 5.9355e+00	 1.0199e-01	 3.4315e+02	 7.3473e+03	-8.9016e+01	 1.7645e+08	 3.0319e+06	-5.8199e+01
 1.5000e+02	 7.3364e+03	 5.9109e+00	 1.1494e-01	 3.4315e+02	 7.3499e+03	-8.8886e+01	 1.0438e+08	 2.0297e+06	-5.1425e+01
 2.2500e+02	 7.3364e+03	 5.8839e+00	 1.3072e-01	 3.4315e+02	 7.3526e+03	-8.8727e+01	 6.1187e+07	 1.3593e+06	-4.5013e+01
 3.3750e+02	 7.3364e+03	 5.8529e+00	 1.4957e-01	 3.4315e+02	 7.3551e+03	-8.8536e+01	 3.5649e+07	 9.1102e+05	-3.9131e+01
 5.0625e+02	 7.3364e+03	 5.8169e+00	 1.7238e-01	 3.4315e+02	 7.3575e+03	-8.8303e+01	 2.0621e+07	 6.1110e+05	-3.3744e+01
 7.5938e+02	 7.3364e+03	 5.7750e+00	 1.9986e-01	 3.4314e+02	 7.3602e+03	-8.8018e+01	 1.1857e+07	 4.1036e+05	-2.8896e+01
 1.1391e+03	 7.3364e+03	 5.7261e+00	 2.3193e-01	 3.4315e+02	 7.3627e+03	-8.7681e+01	 6.8117e+06	 2.7591e+05	-2.4689e+01
 1.7086e+03	 7.3364e+03	 5.6690e+00	 2.6982e-01	 3.4315e+02	 7.3654e+03	-8.7275e+01	 3.9035e+06	 1.8579e+05	-2.1010e+01
 2.5629e+03	 7.3364e+03	 5.6017e+00	 3.1339e-01	 3.4315e+02	 7.3680e+03	-8.6798e+01	 2.2406e+06	 1.2535e+05	-1.7875e+01
 3.8443e+03	 7.3364e+03	 5.5221e+00	 3.6310e-01	 3.4315e+02	 7.3708e+03	-8.6238e+01	 1.2892e+06	 8.4770e+04	-1.5208e+01
 5.7665e+03	 7.3364e+03	 5.4284e+00	 4.1897e-01	 3.4316e+02	 7.3733e+03	-8.5587e+01	 7.4485e+05	 5.7489e+04	-1.2956e+01
 8.6498e+03	 7.3364e+03	 5.3181e+00	 4.8049e-01	 3.4315e+02	 7.3760e+03	-8.4837e+01	 4.3299e+05	 3.9121e+04	-1.1068e+01
 1.2975e+04	 7.3364e+03	 5.1883e+00	 5.4652e-01	 3.4315e+02	 7.3785e+03	-8.3987e+01	 2.5379e+05	 2.6733e+04	-9.4933e+00
 1.9462e+04	 7.3364e+03	 5.0360e+00	 6.1447e-01	 3.4316e+02	 7.3814e+03	-8.3043e+01	 1.5048e+05	 1.8361e+04	-8.1957e+00
 2.9193e+04	 7.3364e+03	 4.8582e+00	 6.7960e-01	 3.4315e+02	 7.3839e+03	-8.2037e+01	 9.0707e+04	 1.2689e+04	-7.1486e+00
 4.3789e+04	 7.3364e+03	 4.6534e+00	 7.3329e-01	 3.4315e+02	 7.3866e+03	-8.1045e+01	 5.6043e+04	 8.8314e+03	-6.3459e+00
 6.5684e+04	 7.3364e+03	 4.4353e+00	 7.6316e-01	 3.4316e+02	 7.3892e+03	-8.0237e+01	 3.5900e+04	 6.1771e+03	-5.8118e+00
 9.8526e+04	 7.3364e+03	 4.1957e+00	 7.5423e-01	 3.4316e+02	 7.3919e+03	-7.9809e+01	 2.4216e+04	 4.3532e+03	-5.5629e+00
 1.4779e+05	 7.3364e+03	 3.9694e+00	 7.0438e-01	 3.4315e+02	 7.3944e+03	-7.9937e+01	 1.7287e+04	 3.0676e+03	-5.6353e+00
 2.2168e+05	 7.3364e+03	 3.7773e+00	 6.2713e-01	 3.4315e+02	 7.3969e+03	-8.0573e+01	 1.2944e+04	 2.1491e+03	-6.0232e+00
 3.3253e+05	 7.3364e+03	 3.6131e+00	 5.4215e-01	 3.4315e+02	 7.3996e+03	-8.1466e+01	 9.9822e+03	 1.4978e+03	-6.6645e+00
 4.9879e+05	 7.3364e+03	 3.4932e+00	 4.6666e-01	 3.4315e+02	 7.4021e+03	-8.2391e+01	 7.7313e+03	 1.0328e+03	-7.4855e+00
 7.4818e+05	 7.3364e+03	 3.4542e+00	 2.9267e-01	 3.4315e+02	 7.4097e+03	-8.5157e+01	 8.2183e+03	 6.9632e+02	-1.1803e+01
 9.0000e+05	 7.3364e+03	 3.4197e+00	 2.6162e-01	 3.4314e+02	 7.4173e+03	-8.5625e+01	 7.6428e+03	 5.8471e+02	-1.3071e+01
 1.0000e+02	 7.4146e+03	 5.9344e+00	 1.0256e-01	 3.4314e+02	 7.4250e+03	-8.9010e+01	 1.7546e+08	 3.0324e+06	-5.7860e+01
 1.5000e+02	 7.4146e+03	 5.9102e+00	 1.1404e-01	 3.4314e+02	 7.4275e+03	-8.8895e+01	 1.0520e+08	 2.0299e+06	-5.1823e+01
 2.2500e+02	 7.4146e+03	 5.8824e+00	 1.3124e-01	 3.4315e+02	 7.4301e+03	-8.8722e+01	 6.0941e+07	 1.3597e+06	-4.4820e+01
 3.3750e+02	 7.4146e+03	 5.8511e+00	 1.5046e-01	 3.4314e+02	 7.4327e+03	-8.8527e+01	 3.5438e+07	 9.1129e+05	-3.8888e+01
 5.0625e+02	 7.4146e+03	 5.8149e+00	 1.7354e-01	 3.4315e+02	 7.4355e+03	-8.8291e+01	 2.0483e+07	 6.1132e+05	-3.3507e+01
 7.5938e+02	 7.4146e+03	 5.7729e+00	 2.0073e-01	 3.4314e+02	 7.4381e+03	-8.8009e+01	 1.1806e+07	 4.1050e+05	-2.8759e+01
 1.1391e+03	 7.4146e+03	 5.7238e+00	 2.3311e-01	 3.4315e+02	 7.4408e+03	-8.7668e+01	 6.7775e+06	 2.7602e+05	-2.4555e+01
 1.7086e+03	 7.4146e+03	 5.6662e+00	 2.7071e-01	 3.4314e+02	 7.4434e+03	-8.7265e+01	 3.8907e+06	 1.8588e+05	-2.0931e+01
 2.5629e+03	 7.4146e+03	 5.5985e+00	 3.1444e-01	 3.4315e+02	 7.4460e+03	-8.6785e+01	 2.2330e+06	 1.2542e+05	-1.7804e+01
 3.8443e+03	 7.4146e+03	 5.5187e+00	 3.6419e-01	 3.4315e+02	 7.4485e+03	-8.6224e+01	 1.2854e+06	 8.4823e+04	-1.5153e+01
 5.7665e+03	 7.4146e+03	 5.4246e+00	 4.1999e-01	 3.4314e+02	 7.4509e+03	-8.5573e+01	 7.4304e+05	 5.7529e+04	-1.2916e+01
 8.6498e+03	 7.4146e+03	 5.3139e+00	 4.8128e-01	 3.4314e+02	 7.4536e+03	-8.4825e+01	 4.3228e+05	 3.9152e+04	-1.1041e+01
 1.2975e+04	 7.4146e+03	 5.1838e+00	 5.4701e-01	 3.4315e+02	 7.4561e+03	-8.3976e+01	 2.5356e+05	 2.6756e+04	-9.4765e+00
 1.9462e+04	 7.4146e+03	 5.0313e+00	 6.1447e-01	 3.4315e+02	 7.4588e+03	-8.3037e+01	 1.5048e+05	 1.8378e+04	-8.1879e+00
 2.9193e+04	 7.4146e+03	 4.8534e+00	 6.7926e-01	 3.4315e+02	 7.4614e+03	-8.2033e+01	 9.0751e+04	 1.2701e+04	-7.1451e+00
 4.3789e+04	 7.4146e+03	 4.6488e+00	 7.3254e-01	 3.4315e+02	 7.4641e+03	-8.1045e+01	 5.6101e+04	 8.8401e+03	-6.3462e+00
 6.5684e+04	 7.4146e+03	 4.4314e+00	 7.6192e-01	 3.4315e+02	 7.4666e+03	-8.0244e+01	 3.5958e+04	 6.1826e+03	-5.8160e+00
 9.8526e+04	 7.4146e+03	 4.1922e+00	 7.5282e-01	 3.4315e+02	 7.4694e+03	-7.9819e+01	 2.4262e+04	 4.3569e+03	-5.5686e+00
 1.4779e+05	 7.4146e+03	 3.9667e+00	 7.0291e-01	 3.4315e+02	 7.4719e+03	-7.9951e+01	 1.7323e+04	 3.0697e+03	-5.6433e+00
 2.2168e+05	 7.4146e+03	 3.7751e+00	 6.2581e-01	 3.4315e+02	 7.4746e+03	-8.0587e+01	 1.2971e+04	 2.1503e+03	-6.0323e+00
 3.3253e+05	 7.4146e+03	 3.6110e+00	 5.4113e-01	 3.4315e+02	 7.4771e+03	-8.1477e+01	 1.0001e+04	 1.4987e+03	-6.6731e+00
 4.9879e+05	 7.4146e+03	 3.4915e+00	 4.6579e-01	 3.4316e+02	 7.4797e+03	-8.2401e+01	 7.7457e+03	 1.0333e+03	-7.4959e+00
 7.4818e+05	 7.4146e+03	 3.4524e+00	 2.9543e-01	 3.4316e+02	 7.4875e+03	-8.5109e+01	 8.1417e+03	 6.9669e+02	-1.1686e+01
 9.0000e+05	 7.4146e+03	 3.4186e+00	 2.5856e-01	 3.4315e+02	 7.4952e+03	-8.5675e+01	 7.7332e+03	 5.8489e+02	-1.3222e+01
 1.0000e+02	 7.4925e+03	 5.9329e+00	 1.0316e-01	 3.4316e+02	 7.5035e+03	-8.9004e+01	 1.7445e+08	 3.0332e+06	-5.7513e+01
 1.5000e+02	 7.4925e+03	 5.9085e+00	 1.1590e-01	 3.4315e+02	 7.5060e+03	-8.8876e+01	 1.0351e+08	 2.0305e+06	-5.0978e+01
 2.2500e+02	 7.4925e+03	 5.8810e+00	 1.3186e-01	 3.4315e+02	 7.5086e+03	-8.8716e+01	 6.0654e+07	 1.3600e+06	-4.4600e+01
 3.3750e+02	 7.4925e+03	 5.8495e+00	 1.5106e-01	 3.4315e+02	 7.5111e+03	-8.8521e+01	 3.5297e+07	 9.1154e+05	-3.8722e+01
 5.0625e+02	 7.4925e+03	 5.8133e+00	 1.7427e-01	 3.4316e+02	 7.5136e+03	-8.8283e+01	 2.0397e+07	 6.1148e+05	-3.3358e+01
 7.5938e+02	 7.4925e+03	 5.7710e+00	 2.0164e-01	 3.4315e+02	 7.5162e+03	-8.7999e+01	 1.1753e+07	 4.1064e+05	-2.8621e+01
 1.1391e+03	 7.4925e+03	 5.7217e+00	 2.3406e-01	 3.4315e+02	 7.5188e+03	-8.7657e+01	 6.7497e+06	 2.7612e+05	-2.4445e+01
 1.7086e+03	 7.4925e+03	 5.6638e+00	 2.7169e-01	 3.4316e+02	 7.5214e+03	-8.7254e+01	 3.8766e+06	 1.8596e+05	-2.0846e+01
 2.5629e+03	 7.4925e+03	 5.5957e+00	 3.1532e-01	 3.4316e+02	 7.5241e+03	-8.6775e+01	 2.2268e+06	 1.2548e+05	-1.7746e+01
 3.8443e+03	 7.4925e+03	 5.5156e+00	 3.6508e-01	 3.4316e+02	 7.5268e+03	-8.6213e+01	 1.2822e+06	 8.4870e+04	-1.5108e+01
 5.7665e+03	 7.4925e+03	 5.4213e+00	 4.2081e-01	 3.4315e+02	 7.5292e+03	-8.5562e+01	 7.4161e+05	 5.7564e+04	-1.2883e+01
 8.6498e+03	 7.4925e+03	 5.3102e+00	 4.8195e-01	 3.4316e+02	 7.5320e+03	-8.4814e+01	 4.3168e+05	 3.9179e+04	-1.1018e+01
 1.2975e+04	 7.4925e+03	 5.1798e+00	 5.4720e-01	 3.4315e+02	 7.5345e+03	-8.3970e+01	 2.5347e+05	 2.6777e+04	-9.4659e+00
 1.9462e+04	 7.4925e+03	 5.0271e+00	 6.1440e-01	 3.4315e+02	 7.5371e+03	-8.3032e+01	 1.5050e+05	 1.8394e+04	-8.1822e+00
 2.9193e+04	 7.4925e+03	 4.8494e+00	 6.7867e-01	 3.4316e+02	 7.5397e+03	-8.2033e+01	 9.0830e+04	 1.2712e+04	-7.1455e+00
 4.3789e+04	 7.4925e+03	 4.6451e+00	 7.3158e-01	 3.4315e+02	 7.5421e+03	-8.1050e+01	 5.6174e+04	 8.8472e+03	-6.3494e+00
 6.5684e+04	 7.4925e+03	 4.4280e+00	 7.6075e-01	 3.4316e+02	 7.5449e+03	-8.0251e+01	 3.6014e+04	 6.1873e+03	-5.8206e+00
 9.8526e+04	 7.4925e+03	 4.1893e+00	 7.5137e-01	 3.4315e+02	 7.5474e+03	-7.9832e+01	 2.4309e+04	 4.3599e+03	-5.5755e+00
 1.4779e+05	 7.4925e+03	 3.9641e+00	 7.0160e-01	 3.4315e+02	 7.5501e+03	-7.9963e+01	 1.7356e+04	 3.0717e+03	-5.6502e+00
 2.2168e+05	 7.4925e+03	 3.7729e+00	 6.2473e-01	 3.4315e+02	 7.5527e+03	-8.0598e+01	 1.2994e+04	 2.1516e+03	-6.0393e+00
 3.3253e+05	 7.4925e+03	 3.6093e+00	 5.4017e-01	 3.4315e+02	 7.5551e+03	-8.1488e+01	 1.0019e+04	 1.4994e+03	-6.6817e+00
 4.9879e+05	 7.4925e+03	 3.4898e+00	 4.6503e-01	 3.4316e+02	 7.5578e+03	-8.2410e+01	 7.7584e+03	 1.0338e+03	-7.5044e+00
 7.4818e+05	 7.4925e+03	 3.4507e+00	 2.9585e-01	 3.4315e+02	 7.5654e+03	-8.5100e+01	 8.1300e+03	 6.9703e+02	-1.1664e+01
 9.0000e+05	 7.4925e+03	 3.4170e+00	 2.5962e-01	 3.4315e+02	 7.5734e+03	-8.5655e+01	 7.7016e+03	 5.8517e+02	-1.3161e+01
 1.0000e+02	 7.5706e+03	 5.9319e+00	 1.0362e-01	 3.4315e+02	 7.5813e+03	-8.8999e+01	 1.7366e+08	 3.0337e+06	-5.7245e+01
 1.5000e+02	 7.5706e+03	 5.9067e+00	 1.1658e-01	 3.4315e+02	 7.5838e+03	-8.8869e+01	 1.0291e+08	 2.0311e+06	-5.0668e+01
 2.2500e+02	 7.5706e+03	 5.8794e+00	 1.3253e-01	 3.4315e+02	 7.5864e+03	-8.8709e+01	 6.0350e+07	 1.3604e+06	-4.4363e+01
 3.3750e+02	 7.5706e+03	 5.8476e+00	 1.5191e-01	 3.4314e+02	 7.5889e+03	-8.8512e+01	 3.5101e+07	 9.1184e+05	-3.8495e+01
 5.0625e+02	 7.5706e+03	 5.8110e+00	 1.7522e-01	 3.4314e+02	 7.5916e+03	-8.8273e+01	 2.0287e+07	 6.1172e+05	-3.3165e+01
 7.5938e+02	 7.5706e+03	 5.7687e+00	 2.0253e-01	 3.4314e+02	 7.5941e+03	-8.7989e+01	 1.1701e+07	 4.1081e+05	-2.8484e+01
 1.1391e+03	 7.5706e+03	 5.7191e+00	 2.3537e-01	 3.4314e+02	 7.5968e+03	-8.7643e+01	 6.7122e+06	 2.7624e+05	-2.4298e+01
 1.7086e+03	 7.5706e+03	 5.6607e+00	 2.7301e-01	 3.4314e+02	 7.5994e+03	-8.7239e+01	 3.8579e+06	 1.8606e+05	-2.0735e+01
 2.5629e+03	 7.5706e+03	 5.5925e+00	 3.1658e-01	 3.4314e+02	 7.6019e+03	-8.6760e+01	 2.2180e+06	 1.2555e+05	-1.7666e+01
 3.8443e+03	 7.5706e+03	 5.5120e+00	 3.6619e-01	 3.4314e+02	 7.6044e+03	-8.6199e+01	 1.2783e+06	 8.4925e+04	-1.5052e+01
 5.7665e+03	 7.5706e+03	 5.4172e+00	 4.2180e-01	 3.4314e+02	 7.6068e+03	-8.5548e+01	 7.3986e+05	 5.7608e+04	-1.2843e+01
 8.6498e+03	 7.5706e+03	 5.3057e+00	 4.8274e-01	 3.4315e+02	 7.6096e+03	-8.4801e+01	 4.3097e+05	 3.9213e+04	-1.0991e+01
 1.2975e+04	 7.5706e+03	 5.1752e+00	 5.4779e-01	 3.4315e+02	 7.6121e+03	-8.3958e+01	 2.5320e+05	 2.6801e+04	-9.4473e+00
 1.9462e+04	 7.5706e+03	 5.0223e+00	 6.1454e-01	 3.4314e+02	 7.6148e+03	-8.3024e+01	 1.5046e+05	 1.8411e+04	-8.1724e+00
 2.9193e+04	 7.5706e+03	 4.8446e+00	 6.7840e-01	 3.4315e+02	 7.6174e+03	-8.2029e+01	 9.0867e+04	 1.2724e+04	-7.1412e+00
 4.3789e+04	 7.5706e+03	 4.6404e+00	 7.3083e-01	 3.4314e+02	 7.6201e+03	-8.1050e+01	 5.6232e+04	 8.8561e+03	-6.3495e+00
 6.5684e+04	 7.5706e+03	 4.4236e+00	 7.5944e-01	 3.4314e+02	 7.6226e+03	-8.0258e+01	 3.6076e+04	 6.1935e+03	-5.8248e+00
 9.8526e+04	 7.5706e+03	 4.1856e+00	 7.4986e-01	 3.4314e+02	 7.6254e+03	-7.9843e+01	 2.4358e+04	 4.3638e+03	-5.5818e+00
 1.4779e+05	 7.5706e+03	 3.9612e+00	 7.0002e-01	 3.4314e+02	 7.6278e+03	-7.9978e+01	 1.7395e+04	 3.0739e+03	-5.6587e+00
 2.2168e+05	 7.5706e+03	 3.7705e+00	 6.2313e-01	 3.4315e+02	 7.6306e+03	-8.0616e+01	 1.3027e+04	 2.1530e+03	-6.0508e+00
 3.3253e+05	 7.5706e+03	 3.6070e+00	 5.3894e-01	 3.4314e+02	 7.6331e+03	-8.1502e+01	 1.0042e+04	 1.5003e+03	-6.6929e+00
 4.9879e+05	 7.5706e+03	 3.4880e+00	 4.6404e-01	 3.4314e+02	 7.6357e+03	-8.2422e+01	 7.7750e+03	 1.0344e+03	-7.5167e+00
 7.4818e+05	 7.5706e+03	 3.4490e+00	 2.9543e-01	 3.4314e+02	 7.6436e+03	-8.5104e+01	 8.1416e+03	 6.9737e+02	-1.1675e+01
 9.0000e+05	 7.5706e+03	 3.4156e+00	 2.5831e-01	 3.4315e+02	 7.6512e+03	-8.5675e+01	 7.7407e+03	 5.8540e+02	-1.3223e+01
 1.0000e+02	 7.6485e+03	 5.9305e+00	 1.0415e-01	 3.4316e+02	 7.6594e+03	-8.8994e+01	 1.7278e+08	 3.0344e+06	-5.6939e+01
 1.5000e+02	 7.6485e+03	 5.9069e+00	 1.1808e-01	 3.4316e+02	 7.6618e+03	-8.8855e+01	 1.0161e+08	 2.0310e+06	-5.0026e+01
 2.2500e+02	 7.6485e+03	 5.8779e+00	 1.3314e-01	 3.4316e+02	 7.6642e+03	-8.8702e+01	 6.0072e+07	 1.3607e+06	-4.4148e+01
 3.3750e+02	 7.6485e+03	 5.8462e+00	 1.5239e-01	 3.4315e+02	 7.6670e+03	-8.8507e+01	 3.4989e+07	 9.1205e+05	-3.8363e+01
 5.0625e+02	 7.6485e+03	 5.8095e+00	 1.7571e-01	 3.4315e+02	 7.6695e+03	-8.8268e+01	 2.0230e+07	 6.1188e+05	-3.3063e+01
 7.5938e+02	 7.6485e+03	 5.7667e+00	 2.0340e-01	 3.4316e+02	 7.6721e+03	-8.7980e+01	 1.1651e+07	 4.1095e+05	-2.8352e+01
 1.1391e+03	 7.6485e+03	 5.7171e+00	 2.3608e-01	 3.4316e+02	 7.6746e+03	-8.7635e+01	 6.6920e+06	 2.7634e+05	-2.4216e+01
 1.7086e+03	 7.6485e+03	 5.6585e+00	 2.7379e-01	 3.4316e+02	 7.6772e+03	-8.7230e+01	 3.8470e+06	 1.8613e+05	-2.0668e+01
 2.5629e+03	 7.6485e+03	 5.5899e+00	 3.1729e-01	 3.4316e+02	 7.6798e+03	-8.6751e+01	 2.2130e+06	 1.2561e+05	-1.7618e+01
 3.8443e+03	 7.6485e+03	 5.5090e+00	 3.6711e-01	 3.4316e+02	 7.6822e+03	-8.6188e+01	 1.2751e+06	 8.4972e+04	-1.5006e+01
 5.7665e+03	 7.6485e+03	 5.4141e+00	 4.2249e-01	 3.4316e+02	 7.6849e+03	-8.5538e+01	 7.3865e+05	 5.7641e+04	-1.2815e+01
 8.6498e+03	 7.6485e+03	 5.3023e+00	 4.8332e-01	 3.4316e+02	 7.6875e+03	-8.4792e+01	 4.3046e+05	 3.9238e+04	-1.0970e+01
 1.2975e+04	 7.6485e+03	 5.1716e+00	 5.4814e-01	 3.4316e+02	 7.6901e+03	-8.3950e+01	 2.5304e+05	 2.6819e+04	-9.4349e+00
 1.9462e+04	 7.6485e+03	 5.0187e+00	 6.1447e-01	 3.4316e+02	 7.6928e+03	-8.3020e+01	 1.5048e+05	 1.8424e+04	-8.1676e+00
 2.9193e+04	 7.6485e+03	 4.8410e+00	 6.7791e-01	 3.4316e+02	 7.6953e+03	-8.2028e+01	 9.0933e+04	 1.2734e+04	-7.1411e+00
 4.3789e+04	 7.6485e+03	 4.6371e+00	 7.2979e-01	 3.4316e+02	 7.6979e+03	-8.1056e+01	 5.6312e+04	 8.8625e+03	-6.3539e+00
 6.5684e+04	 7.6485e+03	 4.4209e+00	 7.5838e-01	 3.4316e+02	 7.7004e+03	-8.0266e+01	 3.6126e+04	 6.1973e+03	-5.8294e+00
 9.8526e+04	 7.6485e+03	 4.1834e+00	 7.4866e-01	 3.4316e+02	 7.7031e+03	-7.9854e+01	 2.4397e+04	 4.3661e+03	-5.5878e+00
 1.4779e+05	 7.6485e+03	 3.9595e+00	 6.9896e-01	 3.4316e+02	 7.7056e+03	-7.9989e+01	 1.7421e+04	 3.0753e+03	-5.6648e+00
 2.2168e+05	 7.6485e+03	 3.7690e+00	 6.2233e-01	 3.4316e+02	 7.7083e+03	-8.0624e+01	 1.3044e+04	 2.1538e+03	-6.0563e+00
 3.3253e+05	 7.6485e+03	 3.6058e+00	 5.3833e-01	 3.4316e+02	 7.7109e+03	-8.1509e+01	 1.0053e+04	 1.5009e+03	-6.6982e+00
 4.9879e+05	 7.6485e+03	 3.4868e+00	 4.6355e-01	 3.4316e+02	 7.7136e+03	-8.2427e+01	 7.7831e+03	 1.0347e+03	-7.5218e+00
 7.4818e+05	 7.6485e+03	 3.4476e+00	 2.9587e-01	 3.4316e+02	 7.7212e+03	-8.5095e+01	 8.1294e+03	 6.9765e+02	-1.1653e+01
 9.0000e+05	 7.6485e+03	 3.4144e+00	 2.5619e-01	 3.4316e+02	 7.7289e+03	-8.5709e+01	 7.8049e+03	 5.8561e+02	-1.3328e+01
 1.0000e+02	 7.7262e+03	 5.9293e+00	 1.0454e-01	 3.4316e+02	 7.7373e+03	-8.8990e+01	 1.7215e+08	 3.0350e+06	-5.6720e+01
 1.5000e+02	 7.7262e+03	 5.9047e+00	 1.1761e-01	 3.4315e+02	 7.7397e+03	-8.8859e+01	 1.0201e+08	 2.0318e+06	-5.0207e+01
 2.2500e+02	 7.7262e+03	 5.8763e+00	 1.3381e-01	 3.4315e+02	 7.7424e+03	-8.8696e+01	 5.9773e+07	 1.3611e+06	-4.3916e+01
 3.3750e+02	 7.7262e+03	 5.8442e+00	 1.5319e-01	 3.4315e+02	 7.7448e+03	-8.8498e+01	 3.4807e+07	 9.1237e+05	-3.8150e+01
 5.0625e+02	 7.7262e+03	 5.8073e+00	 1.7661e-01	 3.4315e+02	 7.7472e+03	-8.8258e+01	 2.0128e+07	 6.1211e+05	-3.2883e+01
 7.5938e+02	 7.7262e+03	 5.7643e+00	 2.0423e-01	 3.4315e+02	 7.7498e+03	-8.7971e+01	 1.1604e+07	 4.1112e+05	-2.8225e+01
 1.1391e+03	 7.7262e+03	 5.7147e+00	 2.3727e-01	 3.4315e+02	 7.7522e+03	-8.7622e+01	 6.6585e+06	 2.7646e+05	-2.4085e+01
 1.7086e+03	 7.7262e+03	 5.6557e+00	 2.7479e-01	 3.4315e+02	 7.7549e+03	-8.7218e+01	 3.8329e+06	 1.8623e+05	-2.0582e+01
 2.5629e+03	 7.7262e+03	 5.5867e+00	 3.1864e-01	 3.4315e+02	 7.7575e+03	-8.6736e+01	 2.2036e+06	 1.2568e+05	-1.7533e+01
 3.8443e+03	 7.7262e+03	 5.5054e+00	 3.6804e-01	 3.4314e+02	 7.7599e+03	-8.6175e+01	 1.2719e+06	 8.5027e+04	-1.4959e+01
 5.7665e+03	 7.7262e+03	 5.4099e+00	 4.2350e-01	 3.4315e+02	 7.7626e+03	-8.5524e+01	 7.3690e+05	 5.7685e+04	-1.2774e+01
 8.6498e+03	 7.7262e+03	 5.2979e+00	 4.8415e-01	 3.4315e+02	 7.7652e+03	-8.4779e+01	 4.2972e+05	 3.9270e+04	-1.0943e+01
 1.2975e+04	 7.7262e+03	 5.1669e+00	 5.4849e-01	 3.4314e+02	 7.7679e+03	-8.3940e+01	 2.5288e+05	 2.6844e+04	-9.4202e+00
 1.9462e+04	 7.7262e+03	 5.0136e+00	 6.1442e-01	 3.4315e+02	 7.7704e+03	-8.3013e+01	 1.5049e+05	 1.8443e+04	-8.1600e+00
 2.9193e+04	 7.7262e+03	 4.8360e+00	 6.7745e-01	 3.4314e+02	 7.7731e+03	-8.2026e+01	 9.0994e+04	 1.2747e+04	-7.1386e+00
 4.3789e+04	 7.7262e+03	 4.6323e+00	 7.2906e-01	 3.4314e+02	 7.7756e+03	-8.1056e+01	 5.6368e+04	 8.8716e+03	-6.3538e+00
 6.5684e+04	 7.7262e+03	 4.4164e+00	 7.5696e-01	 3.4314e+02	 7.7780e+03	-8.0274e+01	 3.6194e+04	 6.2035e+03	-5.8344e+00
 9.8526e+04	 7.7262e+03	 4.1795e+00	 7.4716e-01	 3.4314e+02	 7.7806e+03	-7.9864e+01	 2.4446e+04	 4.3701e+03	-5.5938e+00
 1.4779e+05	 7.7262e+03	 3.9561e+00	 6.9739e-01	 3.4314e+02	 7.7831e+03	-8.0003e+01	 1.7460e+04	 3.0779e+03	-5.6728e+00
 2.2168e+05	 7.7262e+03	 3.7664e+00	 6.2077e-01	 3.4314e+02	 7.7859e+03	-8.0641e+01	 1.3077e+04	 2.1553e+03	-6.0673e+00
 3.3253e+05	 7.7262e+03	 3.6036e+00	 5.3696e-01	 3.4314e+02	 7.7883e+03	-8.1525e+01	 1.0079e+04	 1.5018e+03	-6.7111e+00
 4.9879e+05	 7.7262e+03	 3.4849e+00	 4.6253e-01	 3.4315e+02	 7.7911e+03	-8.2440e+01	 7.8003e+03	 1.0353e+03	-7.5343e+00
 7.4818e+05	 7.7262e+03	 3.4465e+00	 2.9114e-01	 3.4315e+02	 7.7989e+03	-8.5171e+01	 8.2614e+03	 6.9788e+02	-1.1838e+01
 9.0000e+05	 7.7262e+03	 3.4126e+00	 2.5992e-01	 3.4315e+02	 7.8064e+03	-8.5644e+01	 7.6928e+03	 5.8593e+02	-1.3129e+01
 1.0000e+02	 7.8037e+03	 5.9280e+00	 1.0503e-01	 3.4315e+02	 7.8148e+03	-8.8985e+01	 1.7133e+08	 3.0357e+06	-5.6439e+01
 1.5000e+02	 7.8037e+03	 5.9021e+00	 1.1978e-01	 3.4315e+02	 7.8173e+03	-8.8837e+01	 1.0016e+08	 2.0327e+06	-4.9277e+01
 2.2500e+02	 7.8037e+03	 5.8747e+00	 1.3428e-01	 3.4315e+02	 7.8199e+03	-8.8691e+01	 5.9564e+07	 1.3615e+06	-4.3750e+01
 3.3750e+02	 7.8037e+03	 5.8425e+00	 1.5391e-01	 3.4315e+02	 7.8224e+03	-8.8491e+01	 3.4644e+07	 9.1264e+05	-3.7960e+01
 5.0625e+02	 7.8037e+03	 5.8055e+00	 1.7734e-01	 3.4315e+02	 7.8248e+03	-8.8250e+01	 2.0044e+07	 6.1230e+05	-3.2736e+01
 7.5938e+02	 7.8037e+03	 5.7626e+00	 2.0530e-01	 3.4315e+02	 7.8276e+03	-8.7960e+01	 1.1543e+07	 4.1124e+05	-2.8068e+01
 1.1391e+03	 7.8037e+03	 5.7121e+00	 2.3769e-01	 3.4315e+02	 7.8301e+03	-8.7617e+01	 6.6467e+06	 2.7658e+05	-2.4032e+01
 1.7086e+03	 7.8037e+03	 5.6531e+00	 2.7584e-01	 3.4315e+02	 7.8330e+03	-8.7207e+01	 3.8184e+06	 1.8631e+05	-2.0495e+01
 2.5629e+03	 7.8037e+03	 5.5837e+00	 3.1946e-01	 3.4315e+02	 7.8356e+03	-8.6726e+01	 2.1980e+06	 1.2575e+05	-1.7479e+01
 3.8443e+03	 7.8037e+03	 5.5024e+00	 3.6900e-01	 3.4315e+02	 7.8381e+03	-8.6163e+01	 1.2686e+06	 8.5074e+04	-1.4912e+01
 5.7665e+03	 7.8037e+03	 5.4064e+00	 4.2436e-01	 3.4315e+02	 7.8406e+03	-8.5512e+01	 7.3539e+05	 5.7723e+04	-1.2740e+01
 8.6498e+03	 7.8037e+03	 5.2941e+00	 4.8464e-01	 3.4315e+02	 7.8434e+03	-8.4770e+01	 4.2928e+05	 3.9298e+04	-1.0924e+01
 1.2975e+04	 7.8037e+03	 5.1629e+00	 5.4898e-01	 3.4315e+02	 7.8458e+03	-8.3931e+01	 2.5265e+05	 2.6864e+04	-9.4046e+00
 1.9462e+04	 7.8037e+03	 5.0096e+00	 6.1460e-01	 3.4315e+02	 7.8486e+03	-8.3006e+01	 1.5045e+05	 1.8458e+04	-8.1510e+00
 2.9193e+04	 7.8037e+03	 4.8320e+00	 6.7704e-01	 3.4315e+02	 7.8512e+03	-8.2024e+01	 9.1049e+04	 1.2757e+04	-7.1369e+00
 4.3789e+04	 7.8037e+03	 4.6284e+00	 7.2824e-01	 3.4315e+02	 7.8539e+03	-8.1058e+01	 5.6432e+04	 8.8790e+03	-6.3557e+00
 6.5684e+04	 7.8037e+03	 4.4130e+00	 7.5591e-01	 3.4315e+02	 7.8564e+03	-8.0280e+01	 3.6244e+04	 6.2083e+03	-5.8380e+00
 9.8526e+04	 7.8037e+03	 4.1766e+00	 7.4579e-01	 3.4315e+02	 7.8591e+03	-7.9876e+01	 2.4491e+04	 4.3731e+03	-5.6003e+00
 1.4779e+05	 7.8037e+03	 3.9538e+00	 6.9598e-01	 3.4315e+02	 7.8616e+03	-8.0017e+01	 1.7496e+04	 3.0797e+03	-5.6809e+00
 2.2168e+05	 7.8037e+03	 3.7644e+00	 6.1978e-01	 3.4315e+02	 7.8642e+03	-8.0651e+01	 1.3098e+04	 2.1565e+03	-6.0738e+00
 3.3253e+05	 7.8037e+03	 3.6020e+00	 5.3613e-01	 3.4314e+02	 7.8668e+03	-8.1534e+01	 1.0094e+04	 1.5024e+03	-6.7186e+00
 4.9879e+05	 7.8037e+03	 3.4834e+00	 4.6176e-01	 3.4314e+02	 7.8694e+03	-8.2449e+01	 7.8134e+03	 1.0357e+03	-7.5438e+00
 7.4818e+05	 7.8037e+03	 3.4451e+00	 2.9043e-01	 3.4315e+02	 7.8774e+03	-8.5181e+01	 8.2818e+03	 6.9816e+02	-1.1862e+01
 9.0000e+05	 7.8037e+03	 3.4114e+00	 2.5623e-01	 3.4315e+02	 7.8851e+03	-8.5705e+01	 7.8037e+03	 5.8612e+02	-1.3314e+01
 1.0000e+02	 7.8823e+03	 5.9267e+00	 1.0546e-01	 3.4314e+02	 7.8930e+03	-8.8981e+01	 1.7065e+08	 3.0364e+06	-5.6201e+01
 1.5000e+02	 7.8823e+03	 5.9024e+00	 1.1845e-01	 3.4314e+02	 7.8956e+03	-8.8850e+01	 1.0128e+08	 2.0326e+06	-4.9830e+01
 2.2500e+02	 7.8823e+03	 5.8732e+00	 1.3492e-01	 3.4314e+02	 7.8981e+03	-8.8684e+01	 5.9279e+07	 1.3618e+06	-4.3530e+01
 3.3750e+02	 7.8823e+03	 5.8409e+00	 1.5475e-01	 3.4314e+02	 7.9008e+03	-8.8482e+01	 3.4456e+07	 9.1289e+05	-3.7744e+01
 5.0625e+02	 7.8823e+03	 5.8035e+00	 1.7818e-01	 3.4314e+02	 7.9032e+03	-8.8241e+01	 1.9950e+07	 6.1251e+05	-3.2571e+01
 7.5938e+02	 7.8823e+03	 5.7601e+00	 2.0596e-01	 3.4314e+02	 7.9061e+03	-8.7952e+01	 1.1506e+07	 4.1142e+05	-2.7967e+01
 1.1391e+03	 7.8823e+03	 5.7097e+00	 2.3890e-01	 3.4314e+02	 7.9086e+03	-8.7604e+01	 6.6130e+06	 2.7670e+05	-2.3900e+01
 1.7086e+03	 7.8823e+03	 5.6504e+00	 2.7690e-01	 3.4314e+02	 7.9114e+03	-8.7194e+01	 3.8037e+06	 1.8640e+05	-2.0406e+01
 2.5629e+03	 7.8823e+03	 5.5806e+00	 3.2045e-01	 3.4315e+02	 7.9140e+03	-8.6714e+01	 2.1912e+06	 1.2582e+05	-1.7415e+01
 3.8443e+03	 7.8823e+03	 5.4989e+00	 3.6997e-01	 3.4315e+02	 7.9167e+03	-8.6151e+01	 1.2653e+06	 8.5127e+04	-1.4863e+01
 5.7665e+03	 7.8823e+03	 5.4028e+00	 4.2526e-01	 3.4315e+02	 7.9191e+03	-8.5500e+01	 7.3384e+05	 5.7761e+04	-1.2705e+01
 8.6498e+03	 7.8823e+03	 5.2903e+00	 4.8544e-01	 3.4315e+02	 7.9217e+03	-8.4757e+01	 4.2858e+05	 3.9326e+04	-1.0898e+01
 1.2975e+04	 7.8823e+03	 5.1588e+00	 5.4922e-01	 3.4315e+02	 7.9243e+03	-8.3923e+01	 2.5254e+05	 2.6886e+04	-9.3930e+00
 1.9462e+04	 7.8823e+03	 5.0056e+00	 6.1452e-01	 3.4315e+02	 7.9269e+03	-8.3001e+01	 1.5047e+05	 1.8473e+04	-8.1455e+00
 2.9193e+04	 7.8823e+03	 4.8279e+00	 6.7654e-01	 3.4315e+02	 7.9296e+03	-8.2023e+01	 9.1117e+04	 1.2768e+04	-7.1362e+00
 4.3789e+04	 7.8823e+03	 4.6247e+00	 7.2726e-01	 3.4315e+02	 7.9321e+03	-8.1063e+01	 5.6508e+04	 8.8861e+03	-6.3591e+00
 6.5684e+04	 7.8823e+03	 4.4096e+00	 7.5455e-01	 3.4315e+02	 7.9346e+03	-8.0290e+01	 3.6310e+04	 6.2131e+03	-5.8441e+00
 9.8526e+04	 7.8823e+03	 4.1738e+00	 7.4447e-01	 3.4315e+02	 7.9373e+03	-7.9887e+01	 2.4534e+04	 4.3760e+03	-5.6065e+00
 1.4779e+05	 7.8823e+03	 3.9515e+00	 6.9473e-01	 3.4315e+02	 7.9401e+03	-8.0029e+01	 1.7527e+04	 3.0815e+03	-5.6878e+00
 2.2168e+05	 7.8823e+03	 3.7625e+00	 6.1865e-01	 3.4315e+02	 7.9428e+03	-8.0663e+01	 1.3122e+04	 2.1575e+03	-6.0818e+00
 3.3253e+05	 7.8823e+03	 3.6003e+00	 5.3522e-01	 3.4315e+02	 7.9455e+03	-8.1544e+01	 1.0111e+04	 1.5032e+03	-6.7268e+00
 4.9879e+05	 7.8823e+03	 3.4819e+00	 4.6110e-01	 3.4315e+02	 7.9481e+03	-8.2456e+01	 7.8245e+03	 1.0362e+03	-7.5513e+00
 7.4818e+05	 7.8823e+03	 3.4439e+00	 2.8930e-01	 3.4315e+02	 7.9561e+03	-8.5198e+01	 8.3141e+03	 6.9842e+02	-1.1904e+01
 9.0000e+05	 7.8823e+03	 3.4112e+00	 2.4758e-01	 3.4315e+02	 7.9639e+03	-8.5849e+01	 8.0762e+03	 5.8616e+02	-1.3778e+01
 1.0000e+02	 7.9612e+03	 5.9258e+00	 1.0603e-01	 3.4315e+02	 7.9721e+03	-8.8975e+01	 1.6972e+08	 3.0369e+06	-5.5888e+01
 1.5000e+02	 7.9612e+03	 5.9012e+00	 1.1891e-01	 3.4315e+02	 7.9746e+03	-8.8846e+01	 1.0089e+08	 2.0330e+06	-4.9628e+01
 2.2500e+02	 7.9612e+03	 5.8716e+00	 1.3568e-01	 3.4315e+02	 7.9774e+03	-8.8676e+01	 5.8948e+07	 1.3622e+06	-4.3275e+01
 3.3750e+02	 7.9612e+03	 5.8392e+00	 1.5542e-01	 3.4314e+02	 7.9798e+03	-8.8475e+01	 3.4308e+07	 9.1314e+05	-3.7572e+01
 5.0625e+02	 7.9612e+03	 5.8015e+00	 1.7895e-01	 3.4314e+02	 7.9822e+03	-8.8233e+01	 1.9865e+07	 6.1273e+05	-3.2420e+01
 7.5938e+02	 7.9612e+03	 5.7580e+00	 2.0680e-01	 3.4314e+02	 7.9849e+03	-8.7943e+01	 1.1459e+07	 4.1157e+05	-2.7844e+01
 1.1391e+03	 7.9612e+03	 5.7073e+00	 2.3952e-01	 3.4314e+02	 7.9874e+03	-8.7597e+01	 6.5958e+06	 2.7681e+05	-2.3828e+01
 1.7086e+03	 7.9612e+03	 5.6476e+00	 2.7780e-01	 3.4314e+02	 7.9901e+03	-8.7184e+01	 3.7914e+06	 1.8649e+05	-2.0330e+01
 2.5629e+03	 7.9612e+03	 5.5778e+00	 3.2153e-01	 3.4314e+02	 7.9928e+03	-8.6701e+01	 2.1838e+06	 1.2588e+05	-1.7348e+01
 3.8443e+03	 7.9612e+03	 5.4956e+00	 3.7103e-01	 3.4314e+02	 7.9954e+03	-8.6138e+01	 1.2616e+06	 8.5179e+04	-1.4812e+01
 5.7665e+03	 7.9612e+03	 5.3991e+00	 4.2613e-01	 3.4315e+02	 7.9978e+03	-8.5487e+01	 7.3234e+05	 5.7801e+04	-1.2670e+01
 8.6498e+03	 7.9612e+03	 5.2861e+00	 4.8602e-01	 3.4314e+02	 8.0006e+03	-8.4747e+01	 4.2807e+05	 3.9358e+04	-1.0876e+01
 1.2975e+04	 7.9612e+03	 5.1544e+00	 5.4969e-01	 3.4314e+02	 8.0032e+03	-8.3913e+01	 2.5232e+05	 2.6909e+04	-9.3770e+00
 1.9462e+04	 7.9612e+03	 5.0009e+00	 6.1443e-01	 3.4314e+02	 8.0061e+03	-8.2995e+01	 1.5049e+05	 1.8490e+04	-8.1390e+00
 2.9193e+04	 7.9612e+03	 4.8233e+00	 6.7608e-01	 3.4314e+02	 8.0086e+03	-8.2021e+01	 9.1179e+04	 1.2781e+04	-7.1341e+00
 4.3789e+04	 7.9612e+03	 4.6200e+00	 7.2636e-01	 3.4314e+02	 8.0111e+03	-8.1065e+01	 5.6578e+04	 8.8952e+03	-6.3605e+00
 6.5684e+04	 7.9612e+03	 4.4053e+00	 7.5336e-01	 3.4314e+02	 8.0136e+03	-8.0295e+01	 3.6367e+04	 6.2192e+03	-5.8475e+00
 9.8526e+04	 7.9612e+03	 4.1700e+00	 7.4292e-01	 3.4313e+02	 8.0163e+03	-7.9898e+01	 2.4585e+04	 4.3801e+03	-5.6129e+00
 1.4779e+05	 7.9612e+03	 3.9482e+00	 6.9314e-01	 3.4313e+02	 8.0189e+03	-8.0043e+01	 1.7567e+04	 3.0841e+03	-5.6962e+00
 2.2168e+05	 7.9612e+03	 3.7599e+00	 6.1714e-01	 3.4313e+02	 8.0214e+03	-8.0679e+01	 1.3154e+04	 2.1590e+03	-6.0924e+00
 3.3253e+05	 7.9612e+03	 3.5982e+00	 5.3396e-01	 3.4313e+02	 8.0241e+03	-8.1559e+01	 1.0135e+04	 1.5040e+03	-6.7387e+00
 4.9879e+05	 7.9612e+03	 3.4801e+00	 4.6014e-01	 3.4314e+02	 8.0267e+03	-8.2468e+01	 7.8409e+03	 1.0367e+03	-7.5632e+00
 7.4818e+05	 7.9612e+03	 3.4430e+00	 2.8320e-01	 3.4314e+02	 8.0346e+03	-8.5298e+01	 8.4932e+03	 6.9859e+02	-1.2158e+01
 9.0000e+05	 7.9612e+03	 3.4094e+00	 2.5054e-01	 3.4315e+02	 8.0423e+03	-8.5797e+01	 7.9809e+03	 5.8648e+02	-1.3608e+01
 1.0000e+02	 8.0395e+03	 5.9244e+00	 1.0655e-01	 3.4316e+02	 8.0502e+03	-8.8970e+01	 1.6889e+08	 3.0376e+06	-5.5599e+01
 1.5000e+02	 8.0395e+03	 5.8984e+00	 1.1880e-01	 3.4316e+02	 8.0528e+03	-8.8846e+01	 1.0098e+08	 2.0340e+06	-4.9648e+01
 2.2500e+02	 8.0395e+03	 5.8705e+00	 1.3619e-01	 3.4316e+02	 8.0552e+03	-8.8671e+01	 5.8726e+07	 1.3624e+06	-4.3105e+01
 3.3750e+02	 8.0395e+03	 5.8378e+00	 1.5598e-01	 3.4316e+02	 8.0577e+03	-8.8469e+01	 3.4185e+07	 9.1336e+05	-3.7427e+01
 5.0625e+02	 8.0395e+03	 5.8001e+00	 1.7949e-01	 3.4315e+02	 8.0601e+03	-8.8228e+01	 1.9805e+07	 6.1287e+05	-3.2315e+01
 7.5938e+02	 8.0395e+03	 5.7566e+00	 2.0766e-01	 3.4316e+02	 8.0627e+03	-8.7934e+01	 1.1412e+07	 4.1167e+05	-2.7721e+01
 1.1391e+03	 8.0395e+03	 5.7052e+00	 2.4044e-01	 3.4316e+02	 8.0654e+03	-8.7587e+01	 6.5706e+06	 2.7692e+05	-2.3728e+01
 1.7086e+03	 8.0395e+03	 5.6453e+00	 2.7853e-01	 3.4316e+02	 8.0679e+03	-8.7175e+01	 3.7814e+06	 1.8657e+05	-2.0268e+01
 2.5629e+03	 8.0395e+03	 5.5753e+00	 3.2230e-01	 3.4316e+02	 8.0706e+03	-8.6691e+01	 2.1786e+06	 1.2594e+05	-1.7298e+01
 3.8443e+03	 8.0395e+03	 5.4929e+00	 3.7171e-01	 3.4316e+02	 8.0731e+03	-8.6129e+01	 1.2593e+06	 8.5221e+04	-1.4777e+01
 5.7665e+03	 8.0395e+03	 5.3964e+00	 4.2669e-01	 3.4316e+02	 8.0756e+03	-8.5479e+01	 7.3138e+05	 5.7830e+04	-1.2647e+01
 8.6498e+03	 8.0395e+03	 5.2831e+00	 4.8641e-01	 3.4316e+02	 8.0782e+03	-8.4740e+01	 4.2773e+05	 3.9380e+04	-1.0862e+01
 1.2975e+04	 8.0395e+03	 5.1515e+00	 5.4988e-01	 3.4316e+02	 8.0807e+03	-8.3907e+01	 2.5223e+05	 2.6924e+04	-9.3683e+00
 1.9462e+04	 8.0395e+03	 4.9979e+00	 6.1429e-01	 3.4317e+02	 8.0834e+03	-8.2993e+01	 1.5053e+05	 1.8501e+04	-8.1361e+00
 2.9193e+04	 8.0395e+03	 4.8204e+00	 6.7561e-01	 3.4316e+02	 8.0860e+03	-8.2022e+01	 9.1242e+04	 1.2788e+04	-7.1349e+00
 4.3789e+04	 8.0395e+03	 4.6177e+00	 7.2542e-01	 3.4316e+02	 8.0884e+03	-8.1072e+01	 5.6651e+04	 8.8996e+03	-6.3655e+00
 6.5684e+04	 8.0395e+03	 4.4035e+00	 7.5234e-01	 3.4316e+02	 8.0909e+03	-8.0305e+01	 3.6416e+04	 6.2217e+03	-5.8531e+00
 9.8526e+04	 8.0395e+03	 4.1687e+00	 7.4200e-01	 3.4317e+02	 8.0935e+03	-7.9907e+01	 2.4616e+04	 4.3815e+03	-5.6181e+00
 1.4779e+05	 8.0395e+03	 3.9474e+00	 6.9249e-01	 3.4317e+02	 8.0963e+03	-8.0050e+01	 1.7584e+04	 3.0847e+03	-5.7003e+00
 2.2168e+05	 8.0395e+03	 3.7590e+00	 6.1673e-01	 3.4316e+02	 8.0989e+03	-8.0683e+01	 1.3163e+04	 2.1596e+03	-6.0951e+00
 3.3253e+05	 8.0395e+03	 3.5973e+00	 5.3368e-01	 3.4316e+02	 8.1016e+03	-8.1562e+01	 1.0141e+04	 1.5044e+03	-6.7407e+00
 4.9879e+05	 8.0395e+03	 3.4792e+00	 4.5979e-01	 3.4316e+02	 8.1042e+03	-8.2472e+01	 7.8468e+03	 1.0370e+03	-7.5670e+00
 7.4818e+05	 8.0395e+03	 3.4419e+00	 2.8414e-01	 3.4316e+02	 8.1121e+03	-8.5281e+01	 8.4651e+03	 6.9882e+02	-1.2113e+01
 9.0000e+05	 8.0395e+03	 3.4088e+00	 2.4645e-01	 3.4316e+02	 8.1199e+03	-8.5865e+01	 8.1134e+03	 5.8657e+02	-1.3832e+01
 1.0000e+02	 8.1172e+03	 5.9234e+00	 1.0709e-01	 3.4316e+02	 8.1281e+03	-8.8964e+01	 1.6804e+08	 3.0381e+06	-5.5313e+01
 1.5000e+02	 8.1172e+03	 5.8957e+00	 1.2119e-01	 3.4316e+02	 8.1305e+03	-8.8822e+01	 9.8994e+07	 2.0349e+06	-4.8648e+01
 2.2500e+02	 8.1172e+03	 5.8692e+00	 1.3691e-01	 3.4315e+02	 8.1330e+03	-8.8664e+01	 5.8417e+07	 1.3627e+06	-4.2868e+01
 3.3750e+02	 8.1172e+03	 5.8363e+00	 1.5678e-01	 3.4316e+02	 8.1356e+03	-8.8461e+01	 3.4009e+07	 9.1360e+05	-3.7225e+01
 5.0625e+02	 8.1172e+03	 5.7983e+00	 1.8052e-01	 3.4317e+02	 8.1380e+03	-8.8217e+01	 1.9691e+07	 6.1306e+05	-3.2119e+01
 7.5938e+02	 8.1172e+03	 5.7545e+00	 2.0853e-01	 3.4317e+02	 8.1409e+03	-8.7925e+01	 1.1364e+07	 4.1182e+05	-2.7596e+01
 1.1391e+03	 8.1172e+03	 5.7030e+00	 2.4142e-01	 3.4317e+02	 8.1433e+03	-8.7576e+01	 6.5441e+06	 2.7703e+05	-2.3623e+01
 1.7086e+03	 8.1172e+03	 5.6429e+00	 2.7953e-01	 3.4317e+02	 8.1461e+03	-8.7164e+01	 3.7679e+06	 1.8665e+05	-2.0187e+01
 2.5629e+03	 8.1172e+03	 5.5724e+00	 3.2315e-01	 3.4317e+02	 8.1488e+03	-8.6681e+01	 2.1729e+06	 1.2601e+05	-1.7244e+01
 3.8443e+03	 8.1172e+03	 5.4897e+00	 3.7268e-01	 3.4318e+02	 8.1516e+03	-8.6116e+01	 1.2560e+06	 8.5270e+04	-1.4730e+01
 5.7665e+03	 8.1172e+03	 5.3927e+00	 4.2741e-01	 3.4317e+02	 8.1541e+03	-8.5468e+01	 7.3015e+05	 5.7870e+04	-1.2617e+01
 8.6498e+03	 8.1172e+03	 5.2791e+00	 4.8714e-01	 3.4317e+02	 8.1568e+03	-8.4728e+01	 4.2708e+05	 3.9410e+04	-1.0837e+01
 1.2975e+04	 8.1172e+03	 5.1470e+00	 5.5020e-01	 3.4317e+02	 8.1592e+03	-8.3898e+01	 2.5209e+05	 2.6948e+04	-9.3547e+00
 1.9462e+04	 8.1172e+03	 4.9933e+00	 6.1438e-01	 3.4316e+02	 8.1621e+03	-8.2985e+01	 1.5050e+05	 1.8518e+04	-8.1273e+00
 2.9193e+04	 8.1172e+03	 4.8158e+00	 6.7517e-01	 3.4316e+02	 8.1647e+03	-8.2019e+01	 9.1302e+04	 1.2800e+04	-7.1327e+00
 4.3789e+04	 8.1172e+03	 4.6131e+00	 7.2469e-01	 3.4316e+02	 8.1674e+03	-8.1072e+01	 5.6709e+04	 8.9086e+03	-6.3656e+00
 6.5684e+04	 8.1172e+03	 4.3992e+00	 7.5114e-01	 3.4316e+02	 8.1699e+03	-8.0310e+01	 3.6474e+04	 6.2278e+03	-5.8567e+00
 9.8526e+04	 8.1172e+03	 4.1648e+00	 7.4048e-01	 3.4316e+02	 8.1726e+03	-7.9918e+01	 2.4666e+04	 4.3856e+03	-5.6244e+00
 1.4779e+05	 8.1172e+03	 3.9440e+00	 6.9084e-01	 3.4315e+02	 8.1751e+03	-8.0065e+01	 1.7626e+04	 3.0874e+03	-5.7090e+00
 2.2168e+05	 8.1172e+03	 3.7562e+00	 6.1502e-01	 3.4316e+02	 8.1777e+03	-8.0701e+01	 1.3199e+04	 2.1611e+03	-6.1075e+00
 3.3253e+05	 8.1172e+03	 3.5950e+00	 5.3236e-01	 3.4315e+02	 8.1803e+03	-8.1577e+01	 1.0166e+04	 1.5054e+03	-6.7529e+00
 4.9879e+05	 8.1172e+03	 3.4771e+00	 4.5867e-01	 3.4315e+02	 8.1829e+03	-8.2485e+01	 7.8659e+03	 1.0376e+03	-7.5809e+00
 7.4818e+05	 8.1172e+03	 3.4402e+00	 2.8202e-01	 3.4315e+02	 8.1910e+03	-8.5314e+01	 8.5286e+03	 6.9916e+02	-1.2198e+01
 9.0000e+05	 8.1172e+03	 3.4067e+00	 2.4817e-01	 3.4315e+02	 8.1988e+03	-8.5833e+01	 8.0570e+03	 5.8694e+02	-1.3727e+01
 1.0000e+02	 8.1961e+03	 5.9217e+00	 1.0747e-01	 3.4315e+02	 8.2070e+03	-8.8960e+01	 1.6744e+08	 3.0390e+06	-5.5099e+01
 1.5000e+02	 8.1961e+03	 5.8950e+00	 1.2035e-01	 3.4314e+02	 8.2096e+03	-8.8830e+01	 9.9683e+07	 2.0351e+06	-4.8981e+01
 2.2500e+02	 8.1961e+03	 5.8672e+00	 1.3759e-01	 3.4315e+02	 8.2123e+03	-8.8657e+01	 5.8128e+07	 1.3632e+06	-4.2641e+01
 3.3750e+02	 8.1961e+03	 5.8340e+00	 1.5760e-01	 3.4314e+02	 8.2148e+03	-8.8453e+01	 3.3833e+07	 9.1396e+05	-3.7018e+01
 5.0625e+02	 8.1961e+03	 5.7960e+00	 1.8126e-01	 3.4314e+02	 8.2172e+03	-8.8209e+01	 1.9611e+07	 6.1330e+05	-3.1976e+01
 7.5938e+02	 8.1961e+03	 5.7517e+00	 2.0970e-01	 3.4314e+02	 8.2198e+03	-8.7912e+01	 1.1301e+07	 4.1202e+05	-2.7428e+01
 1.1391e+03	 8.1961e+03	 5.7001e+00	 2.4240e-01	 3.4314e+02	 8.2222e+03	-8.7565e+01	 6.5175e+06	 2.7716e+05	-2.3515e+01
 1.7086e+03	 8.1961e+03	 5.6394e+00	 2.8075e-01	 3.4313e+02	 8.2250e+03	-8.7150e+01	 3.7516e+06	 1.8676e+05	-2.0087e+01
 2.5629e+03	 8.1961e+03	 5.5685e+00	 3.2451e-01	 3.4314e+02	 8.2276e+03	-8.6665e+01	 2.1637e+06	 1.2609e+05	-1.7160e+01
 3.8443e+03	 8.1961e+03	 5.4855e+00	 3.7410e-01	 3.4314e+02	 8.2304e+03	-8.6099e+01	 1.2513e+06	 8.5335e+04	-1.4663e+01
 5.7665e+03	 8.1961e+03	 5.3880e+00	 4.2867e-01	 3.4314e+02	 8.2329e+03	-8.5451e+01	 7.2801e+05	 5.7920e+04	-1.2569e+01
 8.6498e+03	 8.1961e+03	 5.2742e+00	 4.8802e-01	 3.4314e+02	 8.2357e+03	-8.4713e+01	 4.2631e+05	 3.9447e+04	-1.0807e+01
 1.2975e+04	 8.1961e+03	 5.1420e+00	 5.5084e-01	 3.4314e+02	 8.2381e+03	-8.3885e+01	 2.5180e+05	 2.6974e+04	-9.3348e+00
 1.9462e+04	 8.1961e+03	 4.9882e+00	 6.1445e-01	 3.4314e+02	 8.2409e+03	-8.2978e+01	 1.5049e+05	 1.8537e+04	-8.1181e+00
 2.9193e+04	 8.1961e+03	 4.8107e+00	 6.7486e-01	 3.4314e+02	 8.2436e+03	-8.2015e+01	 9.1344e+04	 1.2814e+04	-7.1285e+00
 4.3789e+04	 8.1961e+03	 4.6083e+00	 7.2390e-01	 3.4314e+02	 8.2461e+03	-8.1073e+01	 5.6771e+04	 8.9178e+03	-6.3660e+00
 6.5684e+04	 8.1961e+03	 4.3948e+00	 7.4984e-01	 3.4314e+02	 8.2488e+03	-8.0317e+01	 3.6537e+04	 6.2340e+03	-5.8610e+00
 9.8526e+04	 8.1961e+03	 4.1609e+00	 7.3884e-01	 3.4314e+02	 8.2516e+03	-7.9931e+01	 2.4721e+04	 4.3896e+03	-5.6317e+00
 1.4779e+05	 8.1961e+03	 3.9408e+00	 6.8905e-01	 3.4314e+02	 8.2541e+03	-8.0082e+01	 1.7672e+04	 3.0899e+03	-5.7192e+00
 2.2168e+05	 8.1961e+03	 3.7537e+00	 6.1371e-01	 3.4313e+02	 8.2569e+03	-8.0715e+01	 1.3227e+04	 2.1626e+03	-6.1165e+00
 3.3253e+05	 8.1961e+03	 3.5929e+00	 5.3115e-01	 3.4314e+02	 8.2593e+03	-8.1591e+01	 1.0189e+04	 1.5062e+03	-6.7645e+00
 4.9879e+05	 8.1961e+03	 3.4754e+00	 4.5777e-01	 3.4314e+02	 8.2619e+03	-8.2496e+01	 7.8815e+03	 1.0381e+03	-7.5921e+00
 7.4818e+05	 8.1961e+03	 3.4382e+00	 2.8551e-01	 3.4314e+02	 8.2695e+03	-8.5253e+01	 8.4244e+03	 6.9957e+02	-1.2042e+01
 9.0000e+05	 8.1961e+03	 3.4062e+00	 2.4222e-01	 3.4314e+02	 8.2772e+03	-8.5932e+01	 8.2551e+03	 5.8703e+02	-1.4062e+01
 1.0000e+02	 8.2745e+03	 5.9207e+00	 1.0803e-01	 3.4315e+02	 8.2852e+03	-8.8955e+01	 1.6659e+08	 3.0395e+06	-5.4808e+01
 1.5000e+02	 8.2745e+03	 5.8959e+00	 1.2022e-01	 3.4315e+02	 8.2878e+03	-8.8832e+01	 9.9795e+07	 2.0348e+06	-4.9043e+01
 2.2500e+02	 8.2745e+03	 5.8658e+00	 1.3822e-01	 3.4315e+02	 8.2903e+03	-8.8650e+01	 5.7864e+07	 1.3635e+06	-4.2437e+01
 3.3750e+02	 8.2745e+03	 5.8326e+00	 1.5824e-01	 3.4315e+02	 8.2928e+03	-8.8446e+01	 3.3696e+07	 9.1419e+05	-3.6859e+01
 5.0625e+02	 8.2745e+03	 5.7943e+00	 1.8206e-01	 3.4315e+02	 8.2954e+03	-8.8200e+01	 1.9525e+07	 6.1349e+05	-3.1826e+01
 7.5938e+02	 8.2745e+03	 5.7499e+00	 2.1018e-01	 3.4315e+02	 8.2984e+03	-8.7907e+01	 1.1275e+07	 4.1215e+05	-2.7357e+01
 1.1391e+03	 8.2745e+03	 5.6980e+00	 2.4337e-01	 3.4316e+02	 8.3008e+03	-8.7554e+01	 6.4917e+06	 2.7727e+05	-2.3413e+01
 1.7086e+03	 8.2745e+03	 5.6373e+00	 2.8159e-01	 3.4316e+02	 8.3036e+03	-8.7140e+01	 3.7404e+06	 1.8683e+05	-2.0020e+01
 2.5629e+03	 8.2745e+03	 5.5664e+00	 3.2539e-01	 3.4316e+02	 8.3062e+03	-8.6654e+01	 2.1579e+06	 1.2614e+05	-1.7107e+01
 3.8443e+03	 8.2745e+03	 5.4828e+00	 3.7467e-01	 3.4315e+02	 8.3089e+03	-8.6091e+01	 1.2494e+06	 8.5378e+04	-1.4634e+01
 5.7665e+03	 8.2745e+03	 5.3850e+00	 4.2929e-01	 3.4316e+02	 8.3114e+03	-8.5442e+01	 7.2695e+05	 5.7952e+04	-1.2544e+01
 8.6498e+03	 8.2745e+03	 5.2710e+00	 4.8855e-01	 3.4315e+02	 8.3142e+03	-8.4705e+01	 4.2585e+05	 3.9471e+04	-1.0789e+01
 1.2975e+04	 8.2745e+03	 5.1385e+00	 5.5099e-01	 3.4315e+02	 8.3166e+03	-8.3880e+01	 2.5173e+05	 2.6992e+04	-9.3259e+00
 1.9462e+04	 8.2745e+03	 4.9846e+00	 6.1434e-01	 3.4315e+02	 8.3192e+03	-8.2974e+01	 1.5051e+05	 1.8551e+04	-8.1137e+00
 2.9193e+04	 8.2745e+03	 4.8070e+00	 6.7432e-01	 3.4314e+02	 8.3218e+03	-8.2015e+01	 9.1417e+04	 1.2824e+04	-7.1287e+00
 4.3789e+04	 8.2745e+03	 4.6049e+00	 7.2299e-01	 3.4315e+02	 8.3242e+03	-8.1077e+01	 5.6841e+04	 8.9245e+03	-6.3692e+00
 6.5684e+04	 8.2745e+03	 4.3919e+00	 7.4874e-01	 3.4315e+02	 8.3270e+03	-8.0325e+01	 3.6592e+04	 6.2382e+03	-5.8657e+00
 9.8526e+04	 8.2745e+03	 4.1581e+00	 7.3760e-01	 3.4315e+02	 8.3295e+03	-7.9941e+01	 2.4763e+04	 4.3926e+03	-5.6374e+00
 1.4779e+05	 8.2745e+03	 3.9389e+00	 6.8806e-01	 3.4315e+02	 8.3324e+03	-8.0091e+01	 1.7697e+04	 3.0913e+03	-5.7247e+00
 2.2168e+05	 8.2745e+03	 3.7521e+00	 6.1274e-01	 3.4315e+02	 8.3350e+03	-8.0725e+01	 1.3248e+04	 2.1635e+03	-6.1234e+00
 3.3253e+05	 8.2745e+03	 3.5915e+00	 5.3045e-01	 3.4315e+02	 8.3378e+03	-8.1598e+01	 1.0202e+04	 1.5068e+03	-6.7707e+00
 4.9879e+05	 8.2745e+03	 3.4742e+00	 4.5725e-01	 3.4315e+02	 8.3404e+03	-8.2502e+01	 7.8904e+03	 1.0385e+03	-7.5979e+00
 7.4818e+05	 8.2745e+03	 3.4382e+00	 2.7616e-01	 3.4315e+02	 8.3481e+03	-8.5408e+01	 8.7097e+03	 6.9957e+02	-1.2450e+01
 9.0000e+05	 8.2745e+03	 3.4044e+00	 2.4463e-01	 3.4314e+02	 8.3558e+03	-8.5890e+01	 8.1737e+03	 5.8734e+02	-1.3917e+01
 1.0000e+02	 8.3531e+03	 5.9194e+00	 1.0827e-01	 3.4314e+02	 8.3636e+03	-8.8952e+01	 1.6621e+08	 3.0401e+06	-5.4673e+01
 1.5000e+02	 8.3531e+03	 5.8935e+00	 1.2271e-01	 3.4314e+02	 8.3660e+03	-8.8807e+01	 9.7765e+07	 2.0356e+06	-4.8027e+01
 2.2500e+02	 8.3531e+03	 5.8643e+00	 1.3883e-01	 3.4315e+02	 8.3686e+03	-8.8644e+01	 5.7613e+07	 1.3639e+06	-4.2242e+01
 3.3750e+02	 8.3531e+03	 5.8309e+00	 1.5888e-01	 3.4314e+02	 8.3711e+03	-8.8439e+01	 3.3560e+07	 9.1444e+05	-3.6700e+01
 5.0625e+02	 8.3531e+03	 5.7925e+00	 1.8304e-01	 3.4314e+02	 8.3735e+03	-8.8190e+01	 1.9420e+07	 6.1367e+05	-3.1646e+01
 7.5938e+02	 8.3531e+03	 5.7478e+00	 2.1109e-01	 3.4315e+02	 8.3761e+03	-8.7897e+01	 1.1226e+07	 4.1230e+05	-2.7229e+01
 1.1391e+03	 8.3531e+03	 5.6958e+00	 2.4455e-01	 3.4315e+02	 8.3786e+03	-8.7542e+01	 6.4604e+06	 2.7737e+05	-2.3291e+01
 1.7086e+03	 8.3531e+03	 5.6345e+00	 2.8251e-01	 3.4314e+02	 8.3814e+03	-8.7130e+01	 3.7281e+06	 1.8693e+05	-1.9944e+01
 2.5629e+03	 8.3531e+03	 5.5632e+00	 3.2632e-01	 3.4315e+02	 8.3839e+03	-8.6643e+01	 2.1518e+06	 1.2622e+05	-1.7048e+01
 3.8443e+03	 8.3531e+03	 5.4795e+00	 3.7565e-01	 3.4314e+02	 8.3868e+03	-8.6078e+01	 1.2461e+06	 8.5429e+04	-1.4587e+01
 5.7665e+03	 8.3531e+03	 5.3815e+00	 4.3015e-01	 3.4315e+02	 8.3892e+03	-8.5430e+01	 7.2549e+05	 5.7990e+04	-1.2511e+01
 8.6498e+03	 8.3531e+03	 5.2671e+00	 4.8912e-01	 3.4314e+02	 8.3918e+03	-8.4695e+01	 4.2535e+05	 3.9499e+04	-1.0769e+01
 1.2975e+04	 8.3531e+03	 5.1344e+00	 5.5135e-01	 3.4314e+02	 8.3944e+03	-8.3871e+01	 2.5156e+05	 2.7014e+04	-9.3123e+00
 1.9462e+04	 8.3531e+03	 4.9804e+00	 6.1438e-01	 3.4315e+02	 8.3969e+03	-8.2968e+01	 1.5050e+05	 1.8566e+04	-8.1065e+00
 2.9193e+04	 8.3531e+03	 4.8032e+00	 6.7395e-01	 3.4315e+02	 8.3995e+03	-8.2013e+01	 9.1466e+04	 1.2834e+04	-7.1268e+00
 4.3789e+04	 8.3531e+03	 4.6012e+00	 7.2222e-01	 3.4315e+02	 8.4020e+03	-8.1079e+01	 5.6903e+04	 8.9316e+03	-6.3709e+00
 6.5684e+04	 8.3531e+03	 4.3887e+00	 7.4776e-01	 3.4315e+02	 8.4044e+03	-8.0331e+01	 3.6639e+04	 6.2428e+03	-5.8691e+00
 9.8526e+04	 8.3531e+03	 4.1555e+00	 7.3644e-01	 3.4315e+02	 8.4071e+03	-7.9950e+01	 2.4802e+04	 4.3953e+03	-5.6427e+00
 1.4779e+05	 8.3531e+03	 3.9368e+00	 6.8689e-01	 3.4315e+02	 8.4096e+03	-8.0103e+01	 1.7727e+04	 3.0930e+03	-5.7314e+00
 2.2168e+05	 8.3531e+03	 3.7503e+00	 6.1183e-01	 3.4315e+02	 8.4122e+03	-8.0734e+01	 1.3268e+04	 2.1645e+03	-6.1297e+00
 3.3253e+05	 8.3531e+03	 3.5901e+00	 5.2959e-01	 3.4315e+02	 8.4147e+03	-8.1609e+01	 1.0219e+04	 1.5074e+03	-6.7790e+00
 4.9879e+05	 8.3531e+03	 3.4728e+00	 4.5664e-01	 3.4315e+02	 8.4172e+03	-8.2509e+01	 7.9009e+03	 1.0389e+03	-7.6050e+00
 7.4818e+05	 8.3531e+03	 3.4363e+00	 2.8050e-01	 3.4315e+02	 8.4249e+03	-8.5333e+01	 8.5750e+03	 6.9996e+02	-1.2251e+01
 9.0000e+05	 8.3531e+03	 3.4042e+00	 2.3804e-01	 3.4315e+02	 8.4326e+03	-8.6000e+01	 8.3998e+03	 5.8736e+02	-1.4301e+01
 1.0000e+02	 8.4298e+03	 5.9183e+00	 1.0898e-01	 3.4315e+02	 8.4405e+03	-8.8945e+01	 1.6514e+08	 3.0407e+06	-5.4309e+01
 1.5000e+02	 8.4298e+03	 5.8899e+00	 1.2455e-01	 3.4315e+02	 8.4430e+03	-8.8789e+01	 9.6323e+07	 2.0369e+06	-4.7289e+01
 2.2500e+02	 8.4298e+03	 5.8630e+00	 1.3932e-01	 3.4316e+02	 8.4454e+03	-8.8639e+01	 5.7408e+07	 1.3642e+06	-4.2083e+01
 3.3750e+02	 8.4298e+03	 5.8299e+00	 1.5950e-01	 3.4316e+02	 8.4479e+03	-8.8433e+01	 3.3429e+07	 9.1461e+05	-3.6550e+01
 5.0625e+02	 8.4298e+03	 5.7911e+00	 1.8341e-01	 3.4316e+02	 8.4506e+03	-8.8186e+01	 1.9381e+07	 6.1382e+05	-3.1574e+01
 7.5938e+02	 8.4298e+03	 5.7460e+00	 2.1178e-01	 3.4316e+02	 8.4531e+03	-8.7889e+01	 1.1190e+07	 4.1243e+05	-2.7132e+01
 1.1391e+03	 8.4298e+03	 5.6939e+00	 2.4518e-01	 3.4315e+02	 8.4559e+03	-8.7534e+01	 6.4437e+06	 2.7747e+05	-2.3223e+01
 1.7086e+03	 8.4298e+03	 5.6324e+00	 2.8345e-01	 3.4315e+02	 8.4584e+03	-8.7119e+01	 3.7158e+06	 1.8700e+05	-1.9871e+01
 2.5629e+03	 8.4298e+03	 5.5607e+00	 3.2720e-01	 3.4315e+02	 8.4611e+03	-8.6632e+01	 2.1460e+06	 1.2627e+05	-1.6995e+01
 3.8443e+03	 8.4298e+03	 5.4766e+00	 3.7648e-01	 3.4315e+02	 8.4636e+03	-8.6067e+01	 1.2434e+06	 8.5475e+04	-1.4547e+01
 5.7665e+03	 8.4298e+03	 5.3783e+00	 4.3085e-01	 3.4315e+02	 8.4664e+03	-8.5420e+01	 7.2432e+05	 5.8024e+04	-1.2483e+01
 8.6498e+03	 8.4298e+03	 5.2635e+00	 4.8970e-01	 3.4315e+02	 8.4689e+03	-8.4685e+01	 4.2485e+05	 3.9526e+04	-1.0749e+01
 1.2975e+04	 8.4298e+03	 5.1306e+00	 5.5152e-01	 3.4315e+02	 8.4716e+03	-8.3864e+01	 2.5148e+05	 2.7034e+04	-9.3026e+00
 1.9462e+04	 8.4298e+03	 4.9765e+00	 6.1420e-01	 3.4315e+02	 8.4742e+03	-8.2964e+01	 1.5055e+05	 1.8581e+04	-8.1024e+00
 2.9193e+04	 8.4298e+03	 4.7992e+00	 6.7338e-01	 3.4315e+02	 8.4769e+03	-8.2013e+01	 9.1544e+04	 1.2845e+04	-7.1270e+00
 4.3789e+04	 8.4298e+03	 4.5975e+00	 7.2132e-01	 3.4315e+02	 8.4794e+03	-8.1083e+01	 5.6974e+04	 8.9388e+03	-6.3737e+00
 6.5684e+04	 8.4298e+03	 4.3852e+00	 7.4639e-01	 3.4315e+02	 8.4818e+03	-8.0341e+01	 3.6707e+04	 6.2476e+03	-5.8753e+00
 9.8526e+04	 8.4298e+03	 4.1525e+00	 7.3506e-01	 3.4315e+02	 8.4846e+03	-7.9962e+01	 2.4848e+04	 4.3985e+03	-5.6492e+00
 1.4779e+05	 8.4298e+03	 3.9343e+00	 6.8554e-01	 3.4315e+02	 8.4872e+03	-8.0116e+01	 1.7762e+04	 3.0950e+03	-5.7390e+00
 2.2168e+05	 8.4298e+03	 3.7483e+00	 6.1063e-01	 3.4315e+02	 8.4900e+03	-8.0747e+01	 1.3294e+04	 2.1657e+03	-6.1384e+00
 3.3253e+05	 8.4298e+03	 3.5882e+00	 5.2862e-01	 3.4315e+02	 8.4924e+03	-8.1619e+01	 1.0238e+04	 1.5082e+03	-6.7878e+00
 4.9879e+05	 8.4298e+03	 3.4713e+00	 4.5579e-01	 3.4315e+02	 8.4951e+03	-8.2520e+01	 7.9157e+03	 1.0394e+03	-7.6159e+00
 7.4818e+05	 8.4298e+03	 3.4347e+00	 2.8201e-01	 3.4316e+02	 8.5029e+03	-8.5306e+01	 8.5291e+03	 7.0029e+02	-1.2179e+01
 9.0000e+05	 8.4298e+03	 3.4020e+00	 2.4293e-01	 3.4316e+02	 8.5111e+03	-8.5916e+01	 8.2309e+03	 5.8774e+02	-1.4004e+01
 1.0000e+02	 8.5083e+03	 5.9172e+00	 1.0910e-01	 3.4316e+02	 8.5190e+03	-8.8944e+01	 1.6495e+08	 3.0413e+06	-5.4236e+01
 1.5000e+02	 8.5083e+03	 5.8878e+00	 1.2008e-01	 3.4316e+02	 8.5216e+03	-8.8832e+01	 9.9907e+07	 2.0376e+06	-4.9031e+01
 2.2500e+02	 8.5083e+03	 5.8616e+00	 1.4000e-01	 3.4316e+02	 8.5240e+03	-8.8632e+01	 5.7128e+07	 1.3645e+06	-4.1867e+01
 3.3750e+02	 8.5083e+03	 5.8279e+00	 1.6019e-01	 3.4316e+02	 8.5264e+03	-8.8426e+01	 3.3286e+07	 9.1492e+05	-3.6382e+01
 5.0625e+02	 8.5083e+03	 5.7891e+00	 1.8459e-01	 3.4315e+02	 8.5291e+03	-8.8174e+01	 1.9257e+07	 6.1404e+05	-3.1362e+01
 7.5938e+02	 8.5083e+03	 5.7439e+00	 2.1256e-01	 3.4315e+02	 8.5316e+03	-8.7881e+01	 1.1149e+07	 4.1258e+05	-2.7023e+01
 1.1391e+03	 8.5083e+03	 5.6915e+00	 2.4599e-01	 3.4315e+02	 8.5344e+03	-8.7525e+01	 6.4225e+06	 2.7759e+05	-2.3137e+01
 1.7086e+03	 8.5083e+03	 5.6298e+00	 2.8439e-01	 3.4315e+02	 8.5369e+03	-8.7108e+01	 3.7035e+06	 1.8708e+05	-1.9796e+01
 2.5629e+03	 8.5083e+03	 5.5578e+00	 3.2812e-01	 3.4315e+02	 8.5397e+03	-8.6621e+01	 2.1400e+06	 1.2634e+05	-1.6938e+01
 3.8443e+03	 8.5083e+03	 5.4735e+00	 3.7730e-01	 3.4315e+02	 8.5421e+03	-8.6057e+01	 1.2407e+06	 8.5523e+04	-1.4507e+01
 5.7665e+03	 8.5083e+03	 5.3749e+00	 4.3167e-01	 3.4315e+02	 8.5446e+03	-8.5408e+01	 7.2295e+05	 5.8061e+04	-1.2452e+01
 8.6498e+03	 8.5083e+03	 5.2599e+00	 4.9026e-01	 3.4315e+02	 8.5473e+03	-8.4675e+01	 4.2437e+05	 3.9554e+04	-1.0729e+01
 1.2975e+04	 8.5083e+03	 5.1269e+00	 5.5189e-01	 3.4314e+02	 8.5498e+03	-8.3856e+01	 2.5131e+05	 2.7053e+04	-9.2897e+00
 1.9462e+04	 8.5083e+03	 4.9726e+00	 6.1426e-01	 3.4315e+02	 8.5525e+03	-8.2958e+01	 1.5053e+05	 1.8595e+04	-8.0953e+00
 2.9193e+04	 8.5083e+03	 4.7953e+00	 6.7299e-01	 3.4315e+02	 8.5550e+03	-8.2011e+01	 9.1597e+04	 1.2855e+04	-7.1254e+00
 4.3789e+04	 8.5083e+03	 4.5938e+00	 7.2047e-01	 3.4315e+02	 8.5574e+03	-8.1087e+01	 5.7041e+04	 8.9460e+03	-6.3761e+00
 6.5684e+04	 8.5083e+03	 4.3818e+00	 7.4520e-01	 3.4315e+02	 8.5601e+03	-8.0348e+01	 3.6765e+04	 6.2525e+03	-5.8801e+00
 9.8526e+04	 8.5083e+03	 4.1497e+00	 7.3375e-01	 3.4315e+02	 8.5625e+03	-7.9973e+01	 2.4893e+04	 4.4015e+03	-5.6555e+00
 1.4779e+05	 8.5083e+03	 3.9319e+00	 6.8423e-01	 3.4315e+02	 8.5654e+03	-8.0128e+01	 1.7796e+04	 3.0969e+03	-5.7465e+00
 2.2168e+05	 8.5083e+03	 3.7463e+00	 6.0941e-01	 3.4315e+02	 8.5679e+03	-8.0761e+01	 1.3321e+04	 2.1669e+03	-6.1474e+00
 3.3253e+05	 8.5083e+03	 3.5867e+00	 5.2780e-01	 3.4315e+02	 8.5708e+03	-8.1629e+01	 1.0254e+04	 1.5089e+03	-6.7955e+00
 4.9879e+05	 8.5083e+03	 3.4698e+00	 4.5503e-01	 3.4315e+02	 8.5733e+03	-8.2529e+01	 7.9289e+03	 1.0398e+03	-7.6255e+00
 7.4818e+05	 8.5083e+03	 3.4342e+00	 2.7480e-01	 3.4315e+02	 8.5814e+03	-8.5425e+01	 8.7527e+03	 7.0039e+02	-1.2497e+01
 9.0000e+05	 8.5083e+03	 3.4012e+00	 2.4006e-01	 3.4315e+02	 8.5890e+03	-8.5963e+01	 8.3294e+03	 5.8789e+02	-1.4168e+01
 1.0000e+02	 8.5862e+03	 5.9159e+00	 1.0997e-01	 3.4315e+02	 8.5971e+03	-8.8935e+01	 1.6364e+08	 3.0419e+06	-5.3795e+01
 1.5000e+02	 8.5862e+03	 5.8879e+00	 1.2151e-01	 3.4315e+02	 8.5996e+03	-8.8818e+01	 9.8735e+07	 2.0376e+06	-4.8457e+01
 2.2500e+02	 8.5862e+03	 5.8601e+00	 1.4051e-01	 3.4315e+02	 8.6020e+03	-8.8626e+01	 5.6923e+07	 1.3648e+06	-4.1707e+01
 3.3750e+02	 8.5862e+03	 5.8262e+00	 1.6095e-01	 3.4315e+02	 8.6048e+03	-8.8418e+01	 3.3128e+07	 9.1519e+05	-3.6198e+01
 5.0625e+02	 8.5862e+03	 5.7872e+00	 1.8505e-01	 3.4315e+02	 8.6072e+03	-8.8169e+01	 1.9210e+07	 6.1424e+05	-3.1274e+01
 7.5938e+02	 8.5862e+03	 5.7419e+00	 2.1370e-01	 3.4315e+02	 8.6099e+03	-8.7869e+01	 1.1090e+07	 4.1272e+05	-2.6869e+01
 1.1391e+03	 8.5862e+03	 5.6891e+00	 2.4704e-01	 3.4315e+02	 8.6125e+03	-8.7514e+01	 6.3951e+06	 2.7770e+05	-2.3029e+01
 1.7086e+03	 8.5862e+03	 5.6270e+00	 2.8551e-01	 3.4314e+02	 8.6151e+03	-8.7095e+01	 3.6890e+06	 1.8718e+05	-1.9709e+01
 2.5629e+03	 8.5862e+03	 5.5547e+00	 3.2901e-01	 3.4315e+02	 8.6177e+03	-8.6610e+01	 2.1341e+06	 1.2641e+05	-1.6883e+01
 3.8443e+03	 8.5862e+03	 5.4701e+00	 3.7823e-01	 3.4315e+02	 8.6201e+03	-8.6045e+01	 1.2376e+06	 8.5577e+04	-1.4462e+01
 5.7665e+03	 8.5862e+03	 5.3712e+00	 4.3239e-01	 3.4315e+02	 8.6228e+03	-8.5397e+01	 7.2174e+05	 5.8101e+04	-1.2422e+01
 8.6498e+03	 8.5862e+03	 5.2560e+00	 4.9074e-01	 3.4315e+02	 8.6253e+03	-8.4666e+01	 4.2395e+05	 3.9583e+04	-1.0710e+01
 1.2975e+04	 8.5862e+03	 5.1227e+00	 5.5213e-01	 3.4315e+02	 8.6281e+03	-8.3848e+01	 2.5121e+05	 2.7075e+04	-9.2781e+00
 1.9462e+04	 8.5862e+03	 4.9684e+00	 6.1422e-01	 3.4315e+02	 8.6306e+03	-8.2953e+01	 1.5054e+05	 1.8611e+04	-8.0890e+00
 2.9193e+04	 8.5862e+03	 4.7912e+00	 6.7258e-01	 3.4315e+02	 8.6334e+03	-8.2009e+01	 9.1654e+04	 1.2866e+04	-7.1236e+00
 4.3789e+04	 8.5862e+03	 4.5899e+00	 7.1965e-01	 3.4315e+02	 8.6358e+03	-8.1089e+01	 5.7106e+04	 8.9536e+03	-6.3780e+00
 6.5684e+04	 8.5862e+03	 4.3785e+00	 7.4420e-01	 3.4315e+02	 8.6382e+03	-8.0354e+01	 3.6815e+04	 6.2573e+03	-5.8835e+00
 9.8526e+04	 8.5862e+03	 4.1468e+00	 7.3244e-01	 3.4315e+02	 8.6409e+03	-7.9983e+01	 2.4937e+04	 4.4046e+03	-5.6616e+00
 1.4779e+05	 8.5862e+03	 3.9295e+00	 6.8304e-01	 3.4315e+02	 8.6434e+03	-8.0139e+01	 1.7827e+04	 3.0987e+03	-5.7530e+00
 2.2168e+05	 8.5862e+03	 3.7443e+00	 6.0842e-01	 3.4315e+02	 8.6460e+03	-8.0771e+01	 1.3342e+04	 2.1680e+03	-6.1541e+00
 3.3253e+05	 8.5862e+03	 3.5849e+00	 5.2682e-01	 3.4315e+02	 8.6485e+03	-8.1640e+01	 1.0273e+04	 1.5096e+03	-6.8048e+00
 4.9879e+05	 8.5862e+03	 3.4683e+00	 4.5434e-01	 3.4315e+02	 8.6514e+03	-8.2537e+01	 7.9409e+03	 1.0402e+03	-7.6337e+00
 7.4818e+05	 8.5862e+03	 3.4327e+00	 2.7492e-01	 3.4315e+02	 8.6590e+03	-8.5421e+01	 8.7491e+03	 7.0068e+02	-1.2487e+01
 9.0000e+05	 8.5862e+03	 3.4007e+00	 2.3265e-01	 3.4314e+02	 8.6668e+03	-8.6086e+01	 8.5946e+03	 5.8798e+02	-1.4617e+01
 1.0000e+02	 8.6640e+03	 5.9147e+00	 1.1033e-01	 3.4314e+02	 8.6751e+03	-8.8931e+01	 1.6310e+08	 3.0425e+06	-5.3607e+01
 1.5000e+02	 8.6640e+03	 5.8874e+00	 1.2272e-01	 3.4314e+02	 8.6775e+03	-8.8806e+01	 9.7763e+07	 2.0378e+06	-4.7975e+01
 2.2500e+02	 8.6640e+03	 5.8585e+00	 1.4128e-01	 3.4315e+02	 8.6803e+03	-8.8619e+01	 5.6612e+07	 1.3652e+06	-4.1468e+01
 3.3750e+02	 8.6640e+03	 5.8242e+00	 1.6159e-01	 3.4314e+02	 8.6828e+03	-8.8411e+01	 3.2997e+07	 9.1549e+05	-3.6043e+01
 5.0625e+02	 8.6640e+03	 5.7850e+00	 1.8583e-01	 3.4314e+02	 8.6854e+03	-8.8160e+01	 1.9129e+07	 6.1447e+05	-3.1130e+01
 7.5938e+02	 8.6640e+03	 5.7395e+00	 2.1443e-01	 3.4315e+02	 8.6880e+03	-8.7860e+01	 1.1052e+07	 4.1289e+05	-2.6767e+01
 1.1391e+03	 8.6640e+03	 5.6865e+00	 2.4762e-01	 3.4314e+02	 8.6904e+03	-8.7507e+01	 6.3802e+06	 2.7783e+05	-2.2965e+01
 1.7086e+03	 8.6640e+03	 5.6244e+00	 2.8626e-01	 3.4315e+02	 8.6931e+03	-8.7086e+01	 3.6793e+06	 1.8726e+05	-1.9648e+01
 2.5629e+03	 8.6640e+03	 5.5520e+00	 3.3003e-01	 3.4315e+02	 8.6957e+03	-8.6598e+01	 2.1276e+06	 1.2647e+05	-1.6823e+01
 3.8443e+03	 8.6640e+03	 5.4672e+00	 3.7904e-01	 3.4315e+02	 8.6983e+03	-8.6034e+01	 1.2350e+06	 8.5622e+04	-1.4424e+01
 5.7665e+03	 8.6640e+03	 5.3679e+00	 4.3312e-01	 3.4316e+02	 8.7008e+03	-8.5387e+01	 7.2053e+05	 5.8137e+04	-1.2394e+01
 8.6498e+03	 8.6640e+03	 5.2525e+00	 4.9133e-01	 3.4315e+02	 8.7033e+03	-8.4656e+01	 4.2344e+05	 3.9610e+04	-1.0690e+01
 1.2975e+04	 8.6640e+03	 5.1191e+00	 5.5237e-01	 3.4315e+02	 8.7059e+03	-8.3841e+01	 2.5110e+05	 2.7095e+04	-9.2674e+00
 1.9462e+04	 8.6640e+03	 4.9647e+00	 6.1401e-01	 3.4315e+02	 8.7089e+03	-8.2950e+01	 1.5059e+05	 1.8625e+04	-8.0857e+00
 2.9193e+04	 8.6640e+03	 4.7876e+00	 6.7206e-01	 3.4315e+02	 8.7114e+03	-8.2009e+01	 9.1724e+04	 1.2876e+04	-7.1238e+00
 4.3789e+04	 8.6640e+03	 4.5866e+00	 7.1882e-01	 3.4315e+02	 8.7142e+03	-8.1093e+01	 5.7172e+04	 8.9600e+03	-6.3808e+00
 6.5684e+04	 8.6640e+03	 4.3755e+00	 7.4311e-01	 3.4316e+02	 8.7166e+03	-8.0361e+01	 3.6869e+04	 6.2616e+03	-5.8880e+00
 9.8526e+04	 8.6640e+03	 4.1443e+00	 7.3132e-01	 3.4316e+02	 8.7191e+03	-7.9993e+01	 2.4975e+04	 4.4072e+03	-5.6670e+00
 1.4779e+05	 8.6640e+03	 3.9276e+00	 6.8204e-01	 3.4316e+02	 8.7218e+03	-8.0149e+01	 1.7853e+04	 3.1003e+03	-5.7586e+00
 2.2168e+05	 8.6640e+03	 3.7427e+00	 6.0744e-01	 3.4316e+02	 8.7243e+03	-8.0781e+01	 1.3364e+04	 2.1690e+03	-6.1614e+00
 3.3253e+05	 8.6640e+03	 3.5835e+00	 5.2616e-01	 3.4316e+02	 8.7271e+03	-8.1647e+01	 1.0285e+04	 1.5102e+03	-6.8107e+00
 4.9879e+05	 8.6640e+03	 3.4670e+00	 4.5372e-01	 3.4316e+02	 8.7296e+03	-8.2544e+01	 7.9518e+03	 1.0406e+03	-7.6414e+00
 7.4818e+05	 8.6640e+03	 3.4310e+00	 2.7846e-01	 3.4313e+02	 8.7373e+03	-8.5360e+01	 8.6377e+03	 7.0103e+02	-1.2321e+01
 9.0000e+05	 8.6640e+03	 3.3978e+00	 2.4478e-01	 3.4314e+02	 8.7452e+03	-8.5879e+01	 8.1685e+03	 5.8847e+02	-1.3881e+01
 1.0000e+02	 8.7425e+03	 5.9139e+00	 1.1076e-01	 3.4315e+02	 8.7536e+03	-8.8927e+01	 1.6247e+08	 3.0430e+06	-5.3392e+01
 1.5000e+02	 8.7425e+03	 5.8867e+00	 1.2490e-01	 3.4315e+02	 8.7560e+03	-8.8785e+01	 9.6055e+07	 2.0380e+06	-4.7131e+01
 2.2500e+02	 8.7425e+03	 5.8572e+00	 1.4169e-01	 3.4315e+02	 8.7588e+03	-8.8614e+01	 5.6447e+07	 1.3655e+06	-4.1337e+01
 3.3750e+02	 8.7425e+03	 5.8231e+00	 1.6208e-01	 3.4315e+02	 8.7612e+03	-8.8406e+01	 3.2898e+07	 9.1568e+05	-3.5927e+01
 5.0625e+02	 8.7425e+03	 5.7834e+00	 1.8650e-01	 3.4315e+02	 8.7639e+03	-8.8153e+01	 1.9060e+07	 6.1463e+05	-3.1010e+01
 7.5938e+02	 8.7425e+03	 5.7379e+00	 2.1517e-01	 3.4315e+02	 8.7665e+03	-8.7852e+01	 1.1014e+07	 4.1301e+05	-2.6667e+01
 1.1391e+03	 8.7425e+03	 5.6846e+00	 2.4863e-01	 3.4315e+02	 8.7689e+03	-8.7496e+01	 6.3542e+06	 2.7792e+05	-2.2864e+01
 1.7086e+03	 8.7425e+03	 5.6223e+00	 2.8703e-01	 3.4314e+02	 8.7715e+03	-8.7078e+01	 3.6695e+06	 1.8733e+05	-1.9588e+01
 2.5629e+03	 8.7425e+03	 5.5495e+00	 3.3088e-01	 3.4314e+02	 8.7741e+03	-8.6588e+01	 2.1221e+06	 1.2653e+05	-1.6772e+01
 3.8443e+03	 8.7425e+03	 5.4643e+00	 3.7991e-01	 3.4315e+02	 8.7765e+03	-8.6023e+01	 1.2322e+06	 8.5667e+04	-1.4383e+01
 5.7665e+03	 8.7425e+03	 5.3649e+00	 4.3375e-01	 3.4314e+02	 8.7790e+03	-8.5378e+01	 7.1948e+05	 5.8170e+04	-1.2369e+01
 8.6498e+03	 8.7425e+03	 5.2491e+00	 4.9179e-01	 3.4315e+02	 8.7819e+03	-8.4648e+01	 4.2304e+05	 3.9635e+04	-1.0673e+01
 1.2975e+04	 8.7425e+03	 5.1156e+00	 5.5265e-01	 3.4315e+02	 8.7843e+03	-8.3834e+01	 2.5097e+05	 2.7113e+04	-9.2565e+00
 1.9462e+04	 8.7425e+03	 4.9613e+00	 6.1408e-01	 3.4315e+02	 8.7872e+03	-8.2944e+01	 1.5058e+05	 1.8637e+04	-8.0793e+00
 2.9193e+04	 8.7425e+03	 4.7842e+00	 6.7162e-01	 3.4315e+02	 8.7898e+03	-8.2009e+01	 9.1784e+04	 1.2885e+04	-7.1234e+00
 4.3789e+04	 8.7425e+03	 4.5835e+00	 7.1796e-01	 3.4315e+02	 8.7924e+03	-8.1098e+01	 5.7240e+04	 8.9661e+03	-6.3841e+00
 6.5684e+04	 8.7425e+03	 4.3726e+00	 7.4197e-01	 3.4315e+02	 8.7949e+03	-8.0370e+01	 3.6925e+04	 6.2656e+03	-5.8933e+00
 9.8526e+04	 8.7425e+03	 4.1419e+00	 7.3020e-01	 3.4315e+02	 8.7973e+03	-8.0002e+01	 2.5014e+04	 4.4098e+03	-5.6723e+00
 1.4779e+05	 8.7425e+03	 3.9256e+00	 6.8090e-01	 3.4315e+02	 8.8001e+03	-8.0160e+01	 1.7883e+04	 3.1019e+03	-5.7653e+00
 2.2168e+05	 8.7425e+03	 3.7411e+00	 6.0650e-01	 3.4315e+02	 8.8027e+03	-8.0791e+01	 1.3385e+04	 2.1699e+03	-6.1683e+00
 3.3253e+05	 8.7425e+03	 3.5821e+00	 5.2529e-01	 3.4316e+02	 8.8053e+03	-8.1657e+01	 1.0302e+04	 1.5108e+03	-6.8193e+00
 4.9879e+05	 8.7425e+03	 3.4658e+00	 4.5320e-01	 3.4315e+02	 8.8079e+03	-8.2550e+01	 7.9610e+03	 1.0410e+03	-7.6474e+00
 7.4818e+05	 8.7425e+03	 3.4295e+00	 2.8155e-01	 3.4316e+02	 8.8156e+03	-8.5307e+01	 8.5428e+03	 7.0134e+02	-1.2181e+01
 9.0000e+05	 8.7425e+03	 3.3968e+00	 2.4476e-01	 3.4316e+02	 8.8235e+03	-8.5879e+01	 8.1694e+03	 5.8865e+02	-1.3878e+01
 1.0000e+02	 8.8207e+03	 5.9127e+00	 1.1093e-01	 3.4316e+02	 8.8317e+03	-8.8925e+01	 1.6223e+08	 3.0436e+06	-5.3301e+01
 1.5000e+02	 8.8207e+03	 5.8869e+00	 1.2495e-01	 3.4316e+02	 8.8341e+03	-8.8784e+01	 9.6015e+07	 2.0380e+06	-4.7113e+01
 2.2500e+02	 8.8207e+03	 5.8561e+00	 1.4227e-01	 3.4316e+02	 8.8367e+03	-8.8608e+01	 5.6220e+07	 1.3658e+06	-4.1163e+01
 3.3750e+02	 8.8207e+03	 5.8219e+00	 1.6277e-01	 3.4315e+02	 8.8393e+03	-8.8399e+01	 3.2758e+07	 9.1587e+05	-3.5767e+01
 5.0625e+02	 8.8207e+03	 5.7823e+00	 1.8722e-01	 3.4316e+02	 8.8418e+03	-8.8146e+01	 1.8987e+07	 6.1476e+05	-3.0886e+01
 7.5938e+02	 8.8207e+03	 5.7363e+00	 2.1591e-01	 3.4316e+02	 8.8446e+03	-8.7844e+01	 1.0976e+07	 4.1312e+05	-2.6568e+01
 1.1391e+03	 8.8207e+03	 5.6828e+00	 2.4944e-01	 3.4315e+02	 8.8471e+03	-8.7487e+01	 6.3337e+06	 2.7801e+05	-2.2782e+01
 1.7086e+03	 8.8207e+03	 5.6201e+00	 2.8792e-01	 3.4316e+02	 8.8499e+03	-8.7067e+01	 3.6582e+06	 1.8741e+05	-1.9520e+01
 2.5629e+03	 8.8207e+03	 5.5469e+00	 3.3159e-01	 3.4316e+02	 8.8526e+03	-8.6579e+01	 2.1175e+06	 1.2659e+05	-1.6728e+01
 3.8443e+03	 8.8207e+03	 5.4615e+00	 3.8067e-01	 3.4315e+02	 8.8553e+03	-8.6013e+01	 1.2297e+06	 8.5711e+04	-1.4347e+01
 5.7665e+03	 8.8207e+03	 5.3616e+00	 4.3446e-01	 3.4315e+02	 8.8578e+03	-8.5367e+01	 7.1830e+05	 5.8205e+04	-1.2341e+01
 8.6498e+03	 8.8207e+03	 5.2456e+00	 4.9224e-01	 3.4314e+02	 8.8606e+03	-8.4639e+01	 4.2265e+05	 3.9661e+04	-1.0657e+01
 1.2975e+04	 8.8207e+03	 5.1118e+00	 5.5285e-01	 3.4315e+02	 8.8631e+03	-8.3827e+01	 2.5088e+05	 2.7133e+04	-9.2463e+00
 1.9462e+04	 8.8207e+03	 4.9572e+00	 6.1377e-01	 3.4315e+02	 8.8656e+03	-8.2942e+01	 1.5065e+05	 1.8653e+04	-8.0767e+00
 2.9193e+04	 8.8207e+03	 4.7804e+00	 6.7132e-01	 3.4314e+02	 8.8682e+03	-8.2006e+01	 9.1825e+04	 1.2895e+04	-7.1208e+00
 4.3789e+04	 8.8207e+03	 4.5796e+00	 7.1725e-01	 3.4314e+02	 8.8707e+03	-8.1099e+01	 5.7297e+04	 8.9738e+03	-6.3849e+00
 6.5684e+04	 8.8207e+03	 4.3691e+00	 7.4091e-01	 3.4315e+02	 8.8734e+03	-8.0375e+01	 3.6978e+04	 6.2707e+03	-5.8969e+00
 9.8526e+04	 8.8207e+03	 4.1388e+00	 7.2886e-01	 3.4315e+02	 8.8759e+03	-8.0012e+01	 2.5059e+04	 4.4131e+03	-5.6784e+00
 1.4779e+05	 8.8207e+03	 3.9229e+00	 6.7947e-01	 3.4315e+02	 8.8786e+03	-8.0174e+01	 1.7921e+04	 3.1039e+03	-5.7735e+00
 2.2168e+05	 8.8207e+03	 3.7388e+00	 6.0522e-01	 3.4315e+02	 8.8812e+03	-8.0805e+01	 1.3413e+04	 2.1712e+03	-6.1775e+00
 3.3253e+05	 8.8207e+03	 3.5803e+00	 5.2431e-01	 3.4315e+02	 8.8839e+03	-8.1669e+01	 1.0322e+04	 1.5115e+03	-6.8286e+00
 4.9879e+05	 8.8207e+03	 3.4642e+00	 4.5234e-01	 3.4315e+02	 8.8865e+03	-8.2561e+01	 7.9760e+03	 1.0415e+03	-7.6583e+00
 7.4818e+05	 8.8207e+03	 3.4284e+00	 2.7720e-01	 3.4314e+02	 8.8941e+03	-8.5377e+01	 8.6768e+03	 7.0157e+02	-1.2368e+01
 9.0000e+05	 8.8207e+03	 3.3952e+00	 2.4465e-01	 3.4314e+02	 8.9021e+03	-8.5878e+01	 8.1729e+03	 5.8893e+02	-1.3878e+01
 1.0000e+02	 8.8994e+03	 5.9113e+00	 1.1193e-01	 3.4315e+02	 8.9098e+03	-8.8915e+01	 1.6078e+08	 3.0443e+06	-5.2814e+01
 1.5000e+02	 8.8994e+03	 5.8844e+00	 1.2564e-01	 3.4315e+02	 8.9123e+03	-8.8777e+01	 9.5489e+07	 2.0388e+06	-4.6836e+01
 2.2500e+02	 8.8994e+03	 5.8544e+00	 1.4296e-01	 3.4314e+02	 8.9148e+03	-8.8601e+01	 5.5945e+07	 1.3662e+06	-4.0951e+01
 3.3750e+02	 8.8994e+03	 5.8200e+00	 1.6357e-01	 3.4315e+02	 8.9172e+03	-8.8390e+01	 3.2599e+07	 9.1617e+05	-3.5582e+01
 5.0625e+02	 8.8994e+03	 5.7803e+00	 1.8804e-01	 3.4315e+02	 8.9197e+03	-8.8137e+01	 1.8904e+07	 6.1497e+05	-3.0739e+01
 7.5938e+02	 8.8994e+03	 5.7341e+00	 2.1674e-01	 3.4315e+02	 8.9223e+03	-8.7835e+01	 1.0934e+07	 4.1328e+05	-2.6456e+01
 1.1391e+03	 8.8994e+03	 5.6804e+00	 2.4992e-01	 3.4315e+02	 8.9248e+03	-8.7481e+01	 6.3215e+06	 2.7813e+05	-2.2729e+01
 1.7086e+03	 8.8994e+03	 5.6175e+00	 2.8869e-01	 3.4315e+02	 8.9273e+03	-8.7058e+01	 3.6483e+06	 1.8750e+05	-1.9458e+01
 2.5629e+03	 8.8994e+03	 5.5440e+00	 3.3252e-01	 3.4315e+02	 8.9301e+03	-8.6568e+01	 2.1117e+06	 1.2665e+05	-1.6673e+01
 3.8443e+03	 8.8994e+03	 5.4582e+00	 3.8144e-01	 3.4315e+02	 8.9325e+03	-8.6002e+01	 1.2272e+06	 8.5763e+04	-1.4309e+01
 5.7665e+03	 8.8994e+03	 5.3583e+00	 4.3514e-01	 3.4315e+02	 8.9351e+03	-8.5357e+01	 7.1718e+05	 5.8241e+04	-1.2314e+01
 8.6498e+03	 8.8994e+03	 5.2422e+00	 4.9282e-01	 3.4315e+02	 8.9377e+03	-8.4629e+01	 4.2216e+05	 3.9687e+04	-1.0637e+01
 1.2975e+04	 8.8994e+03	 5.1082e+00	 5.5308e-01	 3.4316e+02	 8.9404e+03	-8.3820e+01	 2.5078e+05	 2.7152e+04	-9.2359e+00
 1.9462e+04	 8.8994e+03	 4.9536e+00	 6.1367e-01	 3.4315e+02	 8.9430e+03	-8.2938e+01	 1.5068e+05	 1.8667e+04	-8.0721e+00
 2.9193e+04	 8.8994e+03	 4.7769e+00	 6.7070e-01	 3.4315e+02	 8.9456e+03	-8.2008e+01	 9.1910e+04	 1.2905e+04	-7.1223e+00
 4.3789e+04	 8.8994e+03	 4.5766e+00	 7.1656e-01	 3.4315e+02	 8.9481e+03	-8.1101e+01	 5.7352e+04	 8.9796e+03	-6.3869e+00
 6.5684e+04	 8.8994e+03	 4.3663e+00	 7.3988e-01	 3.4316e+02	 8.9505e+03	-8.0382e+01	 3.7029e+04	 6.2747e+03	-5.9014e+00
 9.8526e+04	 8.8994e+03	 4.1366e+00	 7.2768e-01	 3.4316e+02	 8.9531e+03	-8.0023e+01	 2.5100e+04	 4.4155e+03	-5.6846e+00
 1.4779e+05	 8.8994e+03	 3.9210e+00	 6.7846e-01	 3.4316e+02	 8.9557e+03	-8.0183e+01	 1.7947e+04	 3.1055e+03	-5.7793e+00
 2.2168e+05	 8.8994e+03	 3.7373e+00	 6.0441e-01	 3.4315e+02	 8.9583e+03	-8.0813e+01	 1.3431e+04	 2.1721e+03	-6.1833e+00
 3.3253e+05	 8.8994e+03	 3.5790e+00	 5.2365e-01	 3.4315e+02	 8.9608e+03	-8.1676e+01	 1.0335e+04	 1.5121e+03	-6.8348e+00
 4.9879e+05	 8.8994e+03	 3.4630e+00	 4.5174e-01	 3.4315e+02	 8.9634e+03	-8.2568e+01	 7.9865e+03	 1.0418e+03	-7.6658e+00
 7.4818e+05	 8.8994e+03	 3.4273e+00	 2.7686e-01	 3.4316e+02	 8.9714e+03	-8.5382e+01	 8.6876e+03	 7.0179e+02	-1.2379e+01
 9.0000e+05	 8.8994e+03	 3.3945e+00	 2.4227e-01	 3.4315e+02	 8.9793e+03	-8.5918e+01	 8.2532e+03	 5.8904e+02	-1.4011e+01
 1.0000e+02	 8.9767e+03	 5.9104e+00	 1.1200e-01	 3.4316e+02	 8.9874e+03	-8.8914e+01	 1.6068e+08	 3.0447e+06	-5.2772e+01
 1.5000e+02	 8.9767e+03	 5.8856e+00	 1.2529e-01	 3.4315e+02	 8.9901e+03	-8.8780e+01	 9.5752e+07	 2.0384e+06	-4.6975e+01
 2.2500e+02	 8.9767e+03	 5.8531e+00	 1.4345e-01	 3.4316e+02	 8.9926e+03	-8.8596e+01	 5.5754e+07	 1.3665e+06	-4.0802e+01
 3.3750e+02	 8.9767e+03	 5.8187e+00	 1.6407e-01	 3.4316e+02	 8.9951e+03	-8.8385e+01	 3.2498e+07	 9.1637e+05	-3.5464e+01
 5.0625e+02	 8.9767e+03	 5.7785e+00	 1.8862e-01	 3.4316e+02	 8.9979e+03	-8.8130e+01	 1.8846e+07	 6.1516e+05	-3.0635e+01
 7.5938e+02	 8.9767e+03	 5.7324e+00	 2.1747e-01	 3.4316e+02	 9.0004e+03	-8.7827e+01	 1.0897e+07	 4.1341e+05	-2.6359e+01
 1.1391e+03	 8.9767e+03	 5.6783e+00	 2.5126e-01	 3.4315e+02	 9.0031e+03	-8.7466e+01	 6.2878e+06	 2.7823e+05	-2.2599e+01
 1.7086e+03	 8.9767e+03	 5.6151e+00	 2.8978e-01	 3.4316e+02	 9.0056e+03	-8.7046e+01	 3.6346e+06	 1.8758e+05	-1.9377e+01
 2.5629e+03	 8.9767e+03	 5.5414e+00	 3.3337e-01	 3.4315e+02	 9.0082e+03	-8.6557e+01	 2.1063e+06	 1.2671e+05	-1.6622e+01
 3.8443e+03	 8.9767e+03	 5.4554e+00	 3.8230e-01	 3.4315e+02	 9.0106e+03	-8.5991e+01	 1.2245e+06	 8.5807e+04	-1.4270e+01
 5.7665e+03	 8.9767e+03	 5.3550e+00	 4.3584e-01	 3.4316e+02	 9.0131e+03	-8.5347e+01	 7.1603e+05	 5.8277e+04	-1.2287e+01
 8.6498e+03	 8.9767e+03	 5.2386e+00	 4.9325e-01	 3.4315e+02	 9.0157e+03	-8.4621e+01	 4.2179e+05	 3.9715e+04	-1.0621e+01
 1.2975e+04	 8.9767e+03	 5.1044e+00	 5.5340e-01	 3.4316e+02	 9.0181e+03	-8.3812e+01	 2.5063e+05	 2.7172e+04	-9.2238e+00
 1.9462e+04	 8.9767e+03	 4.9498e+00	 6.1365e-01	 3.4315e+02	 9.0207e+03	-8.2933e+01	 1.5068e+05	 1.8681e+04	-8.0661e+00
 2.9193e+04	 8.9767e+03	 4.7728e+00	 6.7028e-01	 3.4315e+02	 9.0232e+03	-8.2006e+01	 9.1968e+04	 1.2916e+04	-7.1207e+00
 4.3789e+04	 8.9767e+03	 4.5725e+00	 7.1563e-01	 3.4315e+02	 9.0257e+03	-8.1105e+01	 5.7427e+04	 8.9877e+03	-6.3895e+00
 6.5684e+04	 8.9767e+03	 4.3627e+00	 7.3862e-01	 3.4314e+02	 9.0284e+03	-8.0391e+01	 3.7093e+04	 6.2799e+03	-5.9065e+00
 9.8526e+04	 8.9767e+03	 4.1333e+00	 7.2629e-01	 3.4314e+02	 9.0309e+03	-8.0034e+01	 2.5148e+04	 4.4190e+03	-5.6909e+00
 1.4779e+05	 8.9767e+03	 3.9183e+00	 6.7703e-01	 3.4315e+02	 9.0337e+03	-8.0197e+01	 1.7985e+04	 3.1076e+03	-5.7875e+00
 2.2168e+05	 8.9767e+03	 3.7350e+00	 6.0310e-01	 3.4314e+02	 9.0362e+03	-8.0827e+01	 1.3460e+04	 2.1734e+03	-6.1930e+00
 3.3253e+05	 8.9767e+03	 3.5769e+00	 5.2250e-01	 3.4315e+02	 9.0387e+03	-8.1689e+01	 1.0358e+04	 1.5130e+03	-6.8457e+00
 4.9879e+05	 8.9767e+03	 3.4612e+00	 4.5087e-01	 3.4314e+02	 9.0413e+03	-8.2578e+01	 8.0020e+03	 1.0424e+03	-7.6767e+00
 7.4818e+05	 8.9767e+03	 3.4255e+00	 2.7857e-01	 3.4314e+02	 9.0490e+03	-8.5351e+01	 8.6342e+03	 7.0217e+02	-1.2296e+01
 9.0000e+05	 8.9767e+03	 3.3931e+00	 2.4075e-01	 3.4314e+02	 9.0568e+03	-8.5942e+01	 8.3053e+03	 5.8928e+02	-1.4094e+01
 1.0000e+02	 9.0542e+03	 5.9089e+00	 1.1267e-01	 3.4314e+02	 9.0648e+03	-8.8908e+01	 1.5972e+08	 3.0455e+06	-5.2442e+01
 1.5000e+02	 9.0542e+03	 5.8797e+00	 1.2759e-01	 3.4315e+02	 9.0673e+03	-8.8757e+01	 9.4026e+07	 2.0404e+06	-4.6081e+01
 2.2500e+02	 9.0542e+03	 5.8515e+00	 1.4415e-01	 3.4314e+02	 9.0700e+03	-8.8589e+01	 5.5483e+07	 1.3669e+06	-4.0592e+01
 3.3750e+02	 9.0542e+03	 5.8167e+00	 1.6482e-01	 3.4314e+02	 9.0724e+03	-8.8377e+01	 3.2351e+07	 9.1668e+05	-3.5291e+01
 5.0625e+02	 9.0542e+03	 5.7766e+00	 1.8947e-01	 3.4314e+02	 9.0752e+03	-8.8121e+01	 1.8761e+07	 6.1536e+05	-3.0488e+01
 7.5938e+02	 9.0542e+03	 5.7300e+00	 2.1834e-01	 3.4315e+02	 9.0778e+03	-8.7818e+01	 1.0854e+07	 4.1358e+05	-2.6244e+01
 1.1391e+03	 9.0542e+03	 5.6758e+00	 2.5205e-01	 3.4314e+02	 9.0804e+03	-8.7457e+01	 6.2681e+06	 2.7835e+05	-2.2519e+01
 1.7086e+03	 9.0542e+03	 5.6124e+00	 2.9057e-01	 3.4314e+02	 9.0830e+03	-8.7036e+01	 3.6248e+06	 1.8766e+05	-1.9315e+01
 2.5629e+03	 9.0542e+03	 5.5384e+00	 3.3434e-01	 3.4314e+02	 9.0859e+03	-8.6545e+01	 2.1001e+06	 1.2678e+05	-1.6565e+01
 3.8443e+03	 9.0542e+03	 5.4522e+00	 3.8314e-01	 3.4315e+02	 9.0883e+03	-8.5980e+01	 1.2218e+06	 8.5858e+04	-1.4230e+01
 5.7665e+03	 9.0542e+03	 5.3514e+00	 4.3656e-01	 3.4314e+02	 9.0908e+03	-8.5336e+01	 7.1485e+05	 5.8316e+04	-1.2258e+01
 8.6498e+03	 9.0542e+03	 5.2349e+00	 4.9383e-01	 3.4315e+02	 9.0934e+03	-8.4611e+01	 4.2130e+05	 3.9743e+04	-1.0601e+01
 1.2975e+04	 9.0542e+03	 5.1005e+00	 5.5362e-01	 3.4314e+02	 9.0958e+03	-8.3805e+01	 2.5053e+05	 2.7193e+04	-9.2129e+00
 1.9462e+04	 9.0542e+03	 4.9459e+00	 6.1364e-01	 3.4315e+02	 9.0986e+03	-8.2927e+01	 1.5068e+05	 1.8696e+04	-8.0599e+00
 2.9193e+04	 9.0542e+03	 4.7690e+00	 6.6985e-01	 3.4315e+02	 9.1012e+03	-8.2005e+01	 9.2026e+04	 1.2926e+04	-7.1195e+00
 4.3789e+04	 9.0542e+03	 4.5690e+00	 7.1487e-01	 3.4315e+02	 9.1039e+03	-8.1108e+01	 5.7488e+04	 8.9945e+03	-6.3914e+00
 6.5684e+04	 9.0542e+03	 4.3596e+00	 7.3758e-01	 3.4315e+02	 9.1064e+03	-8.0397e+01	 3.7145e+04	 6.2844e+03	-5.9106e+00
 9.8526e+04	 9.0542e+03	 4.1307e+00	 7.2510e-01	 3.4315e+02	 9.1088e+03	-8.0044e+01	 2.5189e+04	 4.4217e+03	-5.6967e+00
 1.4779e+05	 9.0542e+03	 3.9163e+00	 6.7590e-01	 3.4315e+02	 9.1116e+03	-8.0208e+01	 1.8015e+04	 3.1092e+03	-5.7941e+00
 2.2168e+05	 9.0542e+03	 3.7334e+00	 6.0220e-01	 3.4315e+02	 9.1141e+03	-8.0837e+01	 1.3480e+04	 2.1744e+03	-6.1996e+00
 3.3253e+05	 9.0542e+03	 3.5757e+00	 5.2180e-01	 3.4315e+02	 9.1169e+03	-8.1697e+01	 1.0371e+04	 1.5135e+03	-6.8526e+00
 4.9879e+05	 9.0542e+03	 3.4601e+00	 4.5037e-01	 3.4315e+02	 9.1194e+03	-8.2584e+01	 8.0110e+03	 1.0427e+03	-7.6829e+00
 7.4818e+05	 9.0542e+03	 3.4241e+00	 2.8093e-01	 3.4315e+02	 9.1274e+03	-8.5310e+01	 8.5618e+03	 7.0244e+02	-1.2189e+01
 9.0000e+05	 9.0542e+03	 3.3927e+00	 2.3627e-01	 3.4316e+02	 9.1352e+03	-8.6016e+01	 8.4627e+03	 5.8936e+02	-1.4359e+01
 1.0000e+02	 9.1324e+03	 5.9079e+00	 1.1319e-01	 3.4315e+02	 9.1433e+03	-8.8902e+01	 1.5899e+08	 3.0460e+06	-5.2197e+01
 1.5000e+02	 9.1324e+03	 5.8794e+00	 1.2806e-01	 3.4315e+02	 9.1458e+03	-8.8752e+01	 9.3687e+07	 2.0405e+06	-4.5912e+01
 2.2500e+02	 9.1324e+03	 5.8503e+00	 1.4475e-01	 3.4316e+02	 9.1486e+03	-8.8583e+01	 5.5256e+07	 1.3671e+06	-4.0417e+01
 3.3750e+02	 9.1324e+03	 5.8151e+00	 1.6554e-01	 3.4315e+02	 9.1511e+03	-8.8369e+01	 3.2211e+07	 9.1693e+05	-3.5129e+01
 5.0625e+02	 9.1324e+03	 5.7749e+00	 1.9005e-01	 3.4315e+02	 9.1535e+03	-8.8115e+01	 1.8704e+07	 6.1554e+05	-3.0386e+01
 7.5938e+02	 9.1324e+03	 5.7283e+00	 2.1911e-01	 3.4316e+02	 9.1563e+03	-8.7809e+01	 1.0816e+07	 4.1370e+05	-2.6144e+01
 1.1391e+03	 9.1324e+03	 5.6737e+00	 2.5283e-01	 3.4316e+02	 9.1588e+03	-8.7448e+01	 6.2487e+06	 2.7846e+05	-2.2440e+01
 1.7086e+03	 9.1324e+03	 5.6101e+00	 2.9133e-01	 3.4316e+02	 9.1616e+03	-8.7027e+01	 3.6153e+06	 1.8774e+05	-1.9257e+01
 2.5629e+03	 9.1324e+03	 5.5357e+00	 3.3509e-01	 3.4315e+02	 9.1642e+03	-8.6536e+01	 2.0954e+06	 1.2684e+05	-1.6520e+01
 3.8443e+03	 9.1324e+03	 5.4492e+00	 3.8397e-01	 3.4315e+02	 9.1668e+03	-8.5969e+01	 1.2191e+06	 8.5905e+04	-1.4192e+01
 5.7665e+03	 9.1324e+03	 5.3483e+00	 4.3723e-01	 3.4315e+02	 9.1692e+03	-8.5326e+01	 7.1375e+05	 5.8350e+04	-1.2232e+01
 8.6498e+03	 9.1324e+03	 5.2313e+00	 4.9432e-01	 3.4316e+02	 9.1721e+03	-8.4602e+01	 4.2088e+05	 3.9770e+04	-1.0583e+01
 1.2975e+04	 9.1324e+03	 5.0970e+00	 5.5396e-01	 3.4316e+02	 9.1746e+03	-8.3797e+01	 2.5038e+05	 2.7212e+04	-9.2010e+00
 1.9462e+04	 9.1324e+03	 4.9421e+00	 6.1335e-01	 3.4315e+02	 9.1774e+03	-8.2925e+01	 1.5076e+05	 1.8710e+04	-8.0575e+00
 2.9193e+04	 9.1324e+03	 4.7654e+00	 6.6936e-01	 3.4315e+02	 9.1801e+03	-8.2004e+01	 9.2093e+04	 1.2936e+04	-7.1192e+00
 4.3789e+04	 9.1324e+03	 4.5657e+00	 7.1408e-01	 3.4315e+02	 9.1828e+03	-8.1111e+01	 5.7551e+04	 9.0011e+03	-6.3938e+00
 6.5684e+04	 9.1324e+03	 4.3565e+00	 7.3656e-01	 3.4315e+02	 9.1852e+03	-8.0404e+01	 3.7196e+04	 6.2889e+03	-5.9146e+00
 9.8526e+04	 9.1324e+03	 4.1281e+00	 7.2394e-01	 3.4315e+02	 9.1877e+03	-8.0053e+01	 2.5230e+04	 4.4245e+03	-5.7023e+00
 1.4779e+05	 9.1324e+03	 3.9140e+00	 6.7470e-01	 3.4315e+02	 9.1903e+03	-8.0219e+01	 1.8047e+04	 3.1110e+03	-5.8011e+00
 2.2168e+05	 9.1324e+03	 3.7198e+00	 5.9992e-01	 3.4315e+02	 9.1929e+03	-8.0838e+01	 1.3531e+04	 2.1823e+03	-6.2004e+00
 3.3253e+05	 9.1324e+03	 3.5740e+00	 5.2095e-01	 3.4314e+02	 9.1956e+03	-8.1707e+01	 1.0388e+04	 1.5142e+03	-6.8606e+00
 4.9879e+05	 9.1324e+03	 3.4586e+00	 4.4952e-01	 3.4314e+02	 9.1981e+03	-8.2595e+01	 8.0261e+03	 1.0432e+03	-7.6940e+00
 7.4818e+05	 9.1324e+03	 3.4224e+00	 2.8275e-01	 3.4314e+02	 9.2063e+03	-8.5277e+01	 8.5067e+03	 7.0280e+02	-1.2104e+01
 9.0000e+05	 9.1324e+03	 3.3904e+00	 2.4243e-01	 3.4315e+02	 9.2142e+03	-8.5910e+01	 8.2480e+03	 5.8975e+02	-1.3985e+01
 1.0000e+02	 9.2114e+03	 5.9068e+00	 1.1347e-01	 3.4315e+02	 9.2225e+03	-8.8899e+01	 1.5859e+08	 3.0466e+06	-5.2055e+01
 1.5000e+02	 9.2114e+03	 5.8797e+00	 1.2811e-01	 3.4315e+02	 9.2254e+03	-8.8752e+01	 9.3645e+07	 2.0404e+06	-4.5895e+01
 2.2500e+02	 9.2114e+03	 5.8488e+00	 1.4524e-01	 3.4315e+02	 9.2279e+03	-8.8578e+01	 5.5069e+07	 1.3675e+06	-4.0270e+01
 3.3750e+02	 9.2114e+03	 5.8136e+00	 1.6616e-01	 3.4315e+02	 9.2304e+03	-8.8363e+01	 3.2090e+07	 9.1717e+05	-3.4988e+01
 5.0625e+02	 9.2114e+03	 5.7732e+00	 1.9081e-01	 3.4316e+02	 9.2328e+03	-8.8107e+01	 1.8630e+07	 6.1573e+05	-3.0257e+01
 7.5938e+02	 9.2114e+03	 5.7263e+00	 2.1979e-01	 3.4315e+02	 9.2354e+03	-8.7802e+01	 1.0782e+07	 4.1385e+05	-2.6054e+01
 1.1391e+03	 9.2114e+03	 5.6714e+00	 2.5380e-01	 3.4315e+02	 9.2381e+03	-8.7438e+01	 6.2249e+06	 2.7857e+05	-2.2346e+01
 1.7086e+03	 9.2114e+03	 5.6076e+00	 2.9226e-01	 3.4315e+02	 9.2407e+03	-8.7017e+01	 3.6038e+06	 1.8782e+05	-1.9187e+01
 2.5629e+03	 9.2114e+03	 5.5330e+00	 3.3614e-01	 3.4315e+02	 9.2433e+03	-8.6523e+01	 2.0889e+06	 1.2690e+05	-1.6460e+01
 3.8443e+03	 9.2114e+03	 5.4463e+00	 3.8480e-01	 3.4316e+02	 9.2458e+03	-8.5959e+01	 1.2165e+06	 8.5951e+04	-1.4154e+01
 5.7665e+03	 9.2114e+03	 5.3450e+00	 4.3784e-01	 3.4315e+02	 9.2482e+03	-8.5317e+01	 7.1276e+05	 5.8386e+04	-1.2208e+01
 8.6498e+03	 9.2114e+03	 5.2278e+00	 4.9484e-01	 3.4315e+02	 9.2508e+03	-8.4593e+01	 4.2043e+05	 3.9796e+04	-1.0565e+01
 1.2975e+04	 9.2114e+03	 5.0932e+00	 5.5410e-01	 3.4315e+02	 9.2533e+03	-8.3791e+01	 2.5031e+05	 2.7232e+04	-9.1918e+00
 1.9462e+04	 9.2114e+03	 4.9385e+00	 6.1338e-01	 3.4315e+02	 9.2561e+03	-8.2920e+01	 1.5075e+05	 1.8723e+04	-8.0513e+00
 2.9193e+04	 9.2114e+03	 4.7617e+00	 6.6904e-01	 3.4315e+02	 9.2586e+03	-8.2002e+01	 9.2137e+04	 1.2946e+04	-7.1172e+00
 4.3789e+04	 9.2114e+03	 4.5621e+00	 7.1334e-01	 3.4315e+02	 9.2615e+03	-8.1113e+01	 5.7611e+04	 9.0081e+03	-6.3954e+00
 6.5684e+04	 9.2114e+03	 4.3535e+00	 7.3543e-01	 3.4315e+02	 9.2639e+03	-8.0412e+01	 3.7254e+04	 6.2931e+03	-5.9197e+00
 9.8526e+04	 9.2114e+03	 4.1256e+00	 7.2275e-01	 3.4315e+02	 9.2663e+03	-8.0063e+01	 2.5271e+04	 4.4272e+03	-5.7082e+00
 1.4779e+05	 9.2114e+03	 3.9119e+00	 6.7356e-01	 3.4315e+02	 9.2689e+03	-8.0230e+01	 1.8078e+04	 3.1127e+03	-5.8078e+00
 2.2168e+05	 9.2114e+03	 3.7181e+00	 5.9908e-01	 3.4315e+02	 9.2716e+03	-8.0847e+01	 1.3550e+04	 2.1833e+03	-6.2063e+00
 3.3253e+05	 9.2114e+03	 3.5725e+00	 5.2010e-01	 3.4315e+02	 9.2741e+03	-8.1717e+01	 1.0405e+04	 1.5149e+03	-6.8688e+00
 4.9879e+05	 9.2114e+03	 3.4573e+00	 4.4901e-01	 3.4315e+02	 9.2767e+03	-8.2600e+01	 8.0352e+03	 1.0435e+03	-7.6999e+00
 7.4818e+05	 9.2114e+03	 3.4207e+00	 2.8647e-01	 3.4315e+02	 9.2846e+03	-8.5213e+01	 8.3961e+03	 7.0314e+02	-1.1941e+01
 9.0000e+05	 9.2114e+03	 3.3889e+00	 2.4574e-01	 3.4315e+02	 9.2922e+03	-8.5853e+01	 8.1368e+03	 5.9003e+02	-1.3791e+01
 1.0000e+02	 9.2894e+03	 5.9056e+00	 1.1403e-01	 3.4315e+02	 9.3005e+03	-8.8894e+01	 1.5781e+08	 3.0472e+06	-5.1789e+01