PEI 25 kg/mol, 2 mg/ml from Ethanol on B 10 x 15 mm + H 1x1 mm, 70 nm, 30 µm, Desorption, 23.4.2026, 13:22
Diameter[mm] 1.128e+00  Thickness[mm] 1.000e-04  Spacer Capacity[pF] 0.000e+00  Spacer Area[mm^2] 0.000e+00
Fixed value(s) :  AC Volt  [Vrms]=1.000
 Freq. [Hz]	 Time  [s]	 Eps'   	 Eps''  	M Temp [K]	M Time M[s]	  Phi [Deg]	 Zp' [Ohms]	 Zp'' [Ohms]	Tan(Phi) 
 1.0000e+02	 0.0000e+00	 5.9930e+00	 2.6796e-01	 3.6316e+02	 7.6800e+00	-8.7440e+01	 6.7159e+07	 3.0028e+06	-2.2366e+01
 1.5000e+02	 0.0000e+00	 5.9265e+00	 3.1956e-01	 3.6316e+02	 1.0130e+01	-8.6914e+01	 3.7543e+07	 2.0243e+06	-1.8546e+01
 2.2500e+02	 0.0000e+00	 5.8358e+00	 3.7084e-01	 3.6316e+02	 1.2570e+01	-8.6364e+01	 2.1568e+07	 1.3705e+06	-1.5737e+01
 3.3750e+02	 0.0000e+00	 5.7266e+00	 4.1895e-01	 3.6317e+02	 1.5050e+01	-8.5816e+01	 1.2727e+07	 9.3110e+05	-1.3669e+01
 5.0625e+02	 0.0000e+00	 5.6017e+00	 4.5630e-01	 3.6317e+02	 1.7500e+01	-8.5343e+01	 7.7903e+06	 6.3457e+05	-1.2276e+01
 7.5938e+02	 0.0000e+00	 5.4681e+00	 4.8112e-01	 3.6317e+02	 2.0210e+01	-8.4972e+01	 4.9256e+06	 4.3339e+05	-1.1365e+01
 1.1391e+03	 0.0000e+00	 5.3314e+00	 4.9476e-01	 3.6317e+02	 2.2800e+01	-8.4698e+01	 3.1932e+06	 2.9634e+05	-1.0776e+01
 1.7086e+03	 0.0000e+00	 5.1958e+00	 5.0045e-01	 3.6317e+02	 2.5400e+01	-8.4498e+01	 2.1046e+06	 2.0271e+05	-1.0382e+01
 2.5629e+03	 0.0000e+00	 5.0626e+00	 5.0164e-01	 3.6317e+02	 3.0900e+01	-8.4341e+01	 1.3997e+06	 1.3870e+05	-1.0092e+01
 3.8443e+03	 0.0000e+00	 4.9321e+00	 5.0118e-01	 3.6318e+02	 3.3360e+01	-8.4198e+01	 9.3401e+05	 9.4911e+04	-9.8409e+00
 5.7665e+03	 0.0000e+00	 4.8036e+00	 5.0137e-01	 3.6317e+02	 3.5800e+01	-8.4041e+01	 6.2244e+05	 6.4966e+04	-9.5810e+00
 8.6498e+03	 0.0000e+00	 4.6751e+00	 5.0329e-01	 3.6317e+02	 4.0990e+01	-8.3856e+01	 4.1338e+05	 4.4501e+04	-9.2891e+00
 1.2975e+04	 0.0000e+00	 4.5711e+00	 5.0913e-01	 3.6316e+02	 4.3720e+01	-8.3645e+01	 2.7242e+05	 3.0343e+04	-8.9782e+00
 1.9462e+04	 0.0000e+00	 4.4379e+00	 5.1323e-01	 3.6317e+02	 4.6300e+01	-8.3403e+01	 1.8017e+05	 2.0835e+04	-8.6471e+00
 2.9193e+04	 0.0000e+00	 4.3013e+00	 5.1551e-01	 3.6317e+02	 4.8910e+01	-8.3166e+01	 1.1958e+05	 1.4332e+04	-8.3437e+00
 4.3789e+04	 0.0000e+00	 4.1633e+00	 5.1349e-01	 3.6316e+02	 5.1490e+01	-8.2969e+01	 8.0034e+04	 9.8711e+03	-8.1079e+00
 6.5684e+04	 0.0000e+00	 4.0252e+00	 5.0640e-01	 3.6316e+02	 5.4240e+01	-8.2829e+01	 5.4102e+04	 6.8065e+03	-7.9486e+00
 9.8526e+04	 0.0000e+00	 3.8899e+00	 4.9415e-01	 3.6315e+02	 5.6680e+01	-8.2760e+01	 3.6962e+04	 4.6955e+03	-7.8719e+00
 1.4779e+05	 0.0000e+00	 3.7354e+00	 4.7536e-01	 3.6316e+02	 5.9240e+01	-8.2748e+01	 2.5616e+04	 3.2598e+03	-7.8580e+00
 2.2168e+05	 0.0000e+00	 3.6086e+00	 4.5449e-01	 3.6315e+02	 6.1860e+01	-8.2822e+01	 1.7861e+04	 2.2496e+03	-7.9399e+00
 3.3253e+05	 0.0000e+00	 3.4875e+00	 4.2730e-01	 3.6316e+02	 6.4300e+01	-8.3015e+01	 1.2665e+04	 1.5518e+03	-8.1618e+00
 4.9879e+05	 0.0000e+00	 3.3757e+00	 3.9301e-01	 3.6315e+02	 6.6960e+01	-8.3359e+01	 9.1801e+03	 1.0688e+03	-8.5892e+00
 7.4818e+05	 0.0000e+00	 3.3299e+00	 2.7774e-01	 3.6313e+02	 7.4680e+01	-8.5232e+01	 8.6600e+03	 7.2232e+02	-1.1989e+01
 9.0000e+05	 0.0000e+00	 3.2958e+00	 2.5251e-01	 3.6312e+02	 8.2300e+01	-8.5619e+01	 7.9186e+03	 6.0669e+02	-1.3052e+01
 1.0000e+02	 7.9600e+01	 5.9913e+00	 2.7025e-01	 3.6312e+02	 9.0430e+01	-8.7417e+01	 6.6590e+07	 3.0036e+06	-2.2170e+01
 1.5000e+02	 7.9600e+01	 5.9217e+00	 3.2028e-01	 3.6313e+02	 9.3000e+01	-8.6904e+01	 3.7458e+07	 2.0259e+06	-1.8489e+01
 2.2500e+02	 7.9600e+01	 5.8322e+00	 3.7357e-01	 3.6313e+02	 9.5880e+01	-8.6335e+01	 2.1410e+07	 1.3714e+06	-1.5612e+01
 3.3750e+02	 7.9600e+01	 5.7216e+00	 4.2140e-01	 3.6314e+02	 9.8360e+01	-8.5788e+01	 1.2653e+07	 9.3192e+05	-1.3578e+01
 5.0625e+02	 7.9600e+01	 5.5962e+00	 4.5812e-01	 3.6313e+02	 1.0111e+02	-8.5320e+01	 7.7593e+06	 6.3520e+05	-1.2216e+01
 7.5938e+02	 7.9600e+01	 5.4622e+00	 4.8231e-01	 3.6314e+02	 1.0355e+02	-8.4954e+01	 4.9135e+06	 4.3385e+05	-1.1325e+01
 1.1391e+03	 7.9600e+01	 5.3257e+00	 4.9579e-01	 3.6314e+02	 1.0635e+02	-8.4681e+01	 3.1866e+06	 2.9665e+05	-1.0742e+01
 1.7086e+03	 7.9600e+01	 5.1900e+00	 5.0100e-01	 3.6314e+02	 1.0899e+02	-8.4486e+01	 2.1023e+06	 2.0294e+05	-1.0359e+01
 2.5629e+03	 7.9600e+01	 5.0570e+00	 5.0203e-01	 3.6315e+02	 1.1436e+02	-8.4331e+01	 1.3987e+06	 1.3885e+05	-1.0073e+01
 3.8443e+03	 7.9600e+01	 4.9265e+00	 5.0146e-01	 3.6315e+02	 1.1711e+02	-8.4188e+01	 9.3350e+05	 9.5019e+04	-9.8244e+00
 5.7665e+03	 7.9600e+01	 4.7982e+00	 5.0142e-01	 3.6315e+02	 1.1961e+02	-8.4034e+01	 6.2238e+05	 6.5040e+04	-9.5693e+00
 8.6498e+03	 7.9600e+01	 4.6699e+00	 5.0331e-01	 3.6314e+02	 1.2461e+02	-8.3848e+01	 4.1336e+05	 4.4551e+04	-9.2783e+00
 1.2975e+04	 7.9600e+01	 4.5657e+00	 5.0897e-01	 3.6314e+02	 1.2705e+02	-8.3639e+01	 2.7251e+05	 3.0378e+04	-8.9704e+00
 1.9462e+04	 7.9600e+01	 4.4329e+00	 5.1296e-01	 3.6315e+02	 1.2985e+02	-8.3399e+01	 1.8026e+05	 2.0859e+04	-8.6417e+00
 2.9193e+04	 7.9600e+01	 4.2963e+00	 5.1503e-01	 3.6315e+02	 1.3230e+02	-8.3164e+01	 1.1969e+05	 1.4348e+04	-8.3420e+00
 4.3789e+04	 7.9600e+01	 4.1586e+00	 5.1266e-01	 3.6315e+02	 1.3475e+02	-8.2972e+01	 8.0163e+04	 9.8821e+03	-8.1120e+00
 6.5684e+04	 7.9600e+01	 4.0209e+00	 5.0545e-01	 3.6315e+02	 1.3736e+02	-8.2835e+01	 5.4204e+04	 6.8137e+03	-7.9552e+00
 9.8526e+04	 7.9600e+01	 3.8862e+00	 4.9301e-01	 3.6315e+02	 1.3980e+02	-8.2770e+01	 3.7048e+04	 4.7000e+03	-7.8825e+00
 1.4779e+05	 7.9600e+01	 3.7322e+00	 4.7416e-01	 3.6315e+02	 1.4263e+02	-8.2760e+01	 2.5680e+04	 3.2625e+03	-7.8713e+00
 2.2168e+05	 7.9600e+01	 3.6062e+00	 4.5322e-01	 3.6315e+02	 1.4518e+02	-8.2837e+01	 1.7911e+04	 2.2510e+03	-7.9568e+00
 3.3253e+05	 7.9600e+01	 3.4856e+00	 4.2617e-01	 3.6315e+02	 1.4791e+02	-8.3029e+01	 1.2699e+04	 1.5526e+03	-8.1788e+00
 4.9879e+05	 7.9600e+01	 3.3741e+00	 3.9209e-01	 3.6315e+02	 1.5049e+02	-8.3372e+01	 9.2016e+03	 1.0693e+03	-8.6053e+00
 7.4818e+05	 7.9600e+01	 3.3289e+00	 2.7733e-01	 3.6316e+02	 1.5813e+02	-8.5238e+01	 8.6728e+03	 7.2254e+02	-1.2003e+01
 9.0000e+05	 7.9600e+01	 3.2948e+00	 2.5337e-01	 3.6317e+02	 1.6636e+02	-8.5603e+01	 7.8917e+03	 6.0686e+02	-1.3004e+01
 1.0000e+02	 1.6370e+02	 5.9919e+00	 2.7038e-01	 3.6317e+02	 1.7446e+02	-8.7416e+01	 6.6558e+07	 3.0033e+06	-2.2161e+01
 1.5000e+02	 1.6370e+02	 5.9242e+00	 3.2028e-01	 3.6316e+02	 1.7700e+02	-8.6905e+01	 3.7458e+07	 2.0251e+06	-1.8497e+01
 2.2500e+02	 1.6370e+02	 5.8326e+00	 3.7422e-01	 3.6316e+02	 1.7990e+02	-8.6329e+01	 2.1373e+07	 1.3713e+06	-1.5586e+01
 3.3750e+02	 1.6370e+02	 5.7215e+00	 4.2237e-01	 3.6317e+02	 1.8236e+02	-8.5778e+01	 1.2624e+07	 9.3194e+05	-1.3546e+01
 5.0625e+02	 1.6370e+02	 5.5953e+00	 4.5934e-01	 3.6317e+02	 1.8480e+02	-8.5307e+01	 7.7387e+06	 6.3530e+05	-1.2181e+01
 7.5938e+02	 1.6370e+02	 5.4606e+00	 4.8371e-01	 3.6316e+02	 1.8736e+02	-8.4938e+01	 4.8992e+06	 4.3398e+05	-1.1289e+01
 1.1391e+03	 1.6370e+02	 5.3234e+00	 4.9657e-01	 3.6316e+02	 1.8993e+02	-8.4671e+01	 3.1815e+06	 2.9678e+05	-1.0720e+01
 1.7086e+03	 1.6370e+02	 5.1872e+00	 5.0200e-01	 3.6316e+02	 1.9257e+02	-8.4472e+01	 2.0981e+06	 2.0305e+05	-1.0333e+01
 2.5629e+03	 1.6370e+02	 5.0537e+00	 5.0248e-01	 3.6316e+02	 1.9771e+02	-8.4322e+01	 1.3974e+06	 1.3894e+05	-1.0057e+01
 3.8443e+03	 1.6370e+02	 4.9231e+00	 5.0189e-01	 3.6316e+02	 2.0018e+02	-8.4179e+01	 9.3270e+05	 9.5084e+04	-9.8092e+00
 5.7665e+03	 1.6370e+02	 4.7948e+00	 5.0173e-01	 3.6316e+02	 2.0261e+02	-8.4026e+01	 6.2199e+05	 6.5086e+04	-9.5564e+00
 8.6498e+03	 1.6370e+02	 4.6662e+00	 5.0352e-01	 3.6316e+02	 2.0786e+02	-8.3841e+01	 4.1319e+05	 4.4586e+04	-9.2672e+00
 1.2975e+04	 1.6370e+02	 4.5621e+00	 5.0905e-01	 3.6316e+02	 2.1047e+02	-8.3633e+01	 2.7246e+05	 3.0402e+04	-8.9620e+00
 1.9462e+04	 1.6370e+02	 4.4288e+00	 5.1285e-01	 3.6316e+02	 2.1305e+02	-8.3395e+01	 1.8030e+05	 2.0878e+04	-8.6358e+00
 2.9193e+04	 1.6370e+02	 4.2922e+00	 5.1473e-01	 3.6316e+02	 2.1549e+02	-8.3162e+01	 1.1976e+05	 1.4362e+04	-8.3387e+00
 4.3789e+04	 1.6370e+02	 4.1545e+00	 5.1217e-01	 3.6315e+02	 2.1793e+02	-8.2972e+01	 8.0239e+04	 9.8920e+03	-8.1115e+00
 6.5684e+04	 1.6370e+02	 4.0168e+00	 5.0451e-01	 3.6315e+02	 2.2043e+02	-8.2841e+01	 5.4305e+04	 6.8207e+03	-7.9618e+00
 9.8526e+04	 1.6370e+02	 3.8821e+00	 4.9176e-01	 3.6315e+02	 2.2318e+02	-8.2781e+01	 3.7142e+04	 4.7048e+03	-7.8943e+00
 1.4779e+05	 1.6370e+02	 3.7287e+00	 4.7279e-01	 3.6315e+02	 2.2574e+02	-8.2774e+01	 2.5755e+04	 3.2656e+03	-7.8866e+00
 2.2168e+05	 1.6370e+02	 3.6029e+00	 4.5190e-01	 3.6315e+02	 2.2849e+02	-8.2851e+01	 1.7964e+04	 2.2531e+03	-7.9727e+00
 3.3253e+05	 1.6370e+02	 3.4827e+00	 4.2463e-01	 3.6315e+02	 2.3093e+02	-8.3048e+01	 1.2745e+04	 1.5539e+03	-8.2017e+00
 4.9879e+05	 1.6370e+02	 3.3716e+00	 3.9069e-01	 3.6314e+02	 2.3349e+02	-8.3390e+01	 9.2347e+03	 1.0701e+03	-8.6299e+00
 7.4818e+05	 1.6370e+02	 3.3266e+00	 2.7643e-01	 3.6313e+02	 2.4122e+02	-8.5250e+01	 8.7011e+03	 7.2305e+02	-1.2034e+01
 9.0000e+05	 1.6370e+02	 3.2926e+00	 2.5257e-01	 3.6314e+02	 2.4905e+02	-8.5613e+01	 7.9167e+03	 6.0728e+02	-1.3036e+01
 1.0000e+02	 2.4640e+02	 5.9897e+00	 2.7247e-01	 3.6314e+02	 2.5718e+02	-8.7395e+01	 6.6047e+07	 3.0044e+06	-2.1983e+01
 1.5000e+02	 2.4640e+02	 5.9208e+00	 3.2312e-01	 3.6313e+02	 2.5963e+02	-8.6876e+01	 3.7129e+07	 2.0263e+06	-1.8323e+01
 2.2500e+02	 2.4640e+02	 5.8287e+00	 3.7665e-01	 3.6312e+02	 2.6219e+02	-8.6303e+01	 2.1235e+07	 1.3722e+06	-1.5475e+01
 3.3750e+02	 2.4640e+02	 5.7169e+00	 4.2468e-01	 3.6313e+02	 2.6486e+02	-8.5752e+01	 1.2556e+07	 9.3269e+05	-1.3462e+01
 5.0625e+02	 2.4640e+02	 5.5898e+00	 4.6115e-01	 3.6313e+02	 2.6730e+02	-8.5284e+01	 7.7083e+06	 6.3593e+05	-1.2121e+01
 7.5938e+02	 2.4640e+02	 5.4545e+00	 4.8502e-01	 3.6313e+02	 2.6997e+02	-8.4919e+01	 4.8860e+06	 4.3447e+05	-1.1246e+01
 1.1391e+03	 2.4640e+02	 5.3172e+00	 4.9772e-01	 3.6313e+02	 2.7249e+02	-8.4652e+01	 3.1742e+06	 2.9712e+05	-1.0683e+01
 1.7086e+03	 2.4640e+02	 5.1812e+00	 5.0235e-01	 3.6313e+02	 2.7505e+02	-8.4462e+01	 2.0966e+06	 2.0328e+05	-1.0314e+01
 2.5629e+03	 2.4640e+02	 5.0479e+00	 5.0286e-01	 3.6314e+02	 2.8013e+02	-8.4311e+01	 1.3964e+06	 1.3910e+05	-1.0038e+01
 3.8443e+03	 2.4640e+02	 4.9175e+00	 5.0171e-01	 3.6314e+02	 2.8291e+02	-8.4175e+01	 9.3302e+05	 9.5192e+04	-9.8014e+00
 5.7665e+03	 2.4640e+02	 4.7893e+00	 5.0169e-01	 3.6314e+02	 2.8536e+02	-8.4020e+01	 6.2204e+05	 6.5161e+04	-9.5462e+00
 8.6498e+03	 2.4640e+02	 4.6611e+00	 5.0341e-01	 3.6314e+02	 2.9061e+02	-8.3836e+01	 4.1328e+05	 4.4635e+04	-9.2589e+00
 1.2975e+04	 2.4640e+02	 4.5569e+00	 5.0895e-01	 3.6315e+02	 2.9311e+02	-8.3627e+01	 2.7252e+05	 3.0437e+04	-8.9535e+00
 1.9462e+04	 2.4640e+02	 4.4239e+00	 5.1265e-01	 3.6315e+02	 2.9593e+02	-8.3390e+01	 1.8037e+05	 2.0901e+04	-8.6296e+00
 2.9193e+04	 2.4640e+02	 4.2876e+00	 5.1424e-01	 3.6315e+02	 2.9841e+02	-8.3161e+01	 1.1987e+05	 1.4377e+04	-8.3376e+00
 4.3789e+04	 2.4640e+02	 4.1502e+00	 5.1136e-01	 3.6315e+02	 3.0110e+02	-8.2976e+01	 8.0367e+04	 9.9022e+03	-8.1160e+00
 6.5684e+04	 2.4640e+02	 4.0131e+00	 5.0356e-01	 3.6316e+02	 3.0355e+02	-8.2848e+01	 5.4408e+04	 6.8271e+03	-7.9694e+00
 9.8526e+04	 2.4640e+02	 3.8789e+00	 4.9077e-01	 3.6315e+02	 3.0599e+02	-8.2789e+01	 3.7217e+04	 4.7088e+03	-7.9037e+00
 1.4779e+05	 2.4640e+02	 3.7259e+00	 4.7173e-01	 3.6316e+02	 3.0861e+02	-8.2784e+01	 2.5813e+04	 3.2681e+03	-7.8984e+00
 2.2168e+05	 2.4640e+02	 3.6006e+00	 4.5075e-01	 3.6316e+02	 3.1118e+02	-8.2864e+01	 1.8009e+04	 2.2545e+03	-7.9881e+00
 3.3253e+05	 2.4640e+02	 3.4809e+00	 4.2363e-01	 3.6316e+02	 3.1386e+02	-8.3061e+01	 1.2775e+04	 1.5547e+03	-8.2169e+00
 4.9879e+05	 2.4640e+02	 3.3701e+00	 3.8970e-01	 3.6316e+02	 3.1643e+02	-8.3404e+01	 9.2581e+03	 1.0705e+03	-8.6480e+00
 7.4818e+05	 2.4640e+02	 3.3256e+00	 2.7630e-01	 3.6316e+02	 3.2440e+02	-8.5251e+01	 8.7052e+03	 7.2326e+02	-1.2036e+01
 9.0000e+05	 2.4640e+02	 3.2916e+00	 2.5288e-01	 3.6316e+02	 3.3218e+02	-8.5607e+01	 7.9070e+03	 6.0746e+02	-1.3016e+01
 1.0000e+02	 3.2950e+02	 5.9897e+00	 2.7287e-01	 3.6315e+02	 3.4041e+02	-8.7392e+01	 6.5949e+07	 3.0044e+06	-2.1951e+01
 1.5000e+02	 3.2950e+02	 5.9211e+00	 3.2344e-01	 3.6315e+02	 3.4290e+02	-8.6873e+01	 3.7092e+07	 2.0262e+06	-1.8306e+01
 2.2500e+02	 3.2950e+02	 5.8286e+00	 3.7740e-01	 3.6316e+02	 3.4536e+02	-8.6295e+01	 2.1193e+07	 1.3722e+06	-1.5444e+01
 3.3750e+02	 3.2950e+02	 5.7167e+00	 4.2561e-01	 3.6315e+02	 3.4786e+02	-8.5742e+01	 1.2528e+07	 9.3272e+05	-1.3432e+01
 5.0625e+02	 3.2950e+02	 5.5893e+00	 4.6224e-01	 3.6316e+02	 3.5036e+02	-8.5272e+01	 7.6902e+06	 6.3598e+05	-1.2092e+01
 7.5938e+02	 3.2950e+02	 5.4537e+00	 4.8632e-01	 3.6316e+02	 3.5313e+02	-8.4904e+01	 4.8729e+06	 4.3453e+05	-1.1214e+01
 1.1391e+03	 3.2950e+02	 5.3162e+00	 4.9884e-01	 3.6316e+02	 3.5569e+02	-8.4639e+01	 3.1671e+06	 2.9718e+05	-1.0657e+01
 1.7086e+03	 3.2950e+02	 5.1795e+00	 5.0333e-01	 3.6315e+02	 3.5841e+02	-8.4450e+01	 2.0925e+06	 2.0335e+05	-1.0290e+01
 2.5629e+03	 3.2950e+02	 5.0456e+00	 5.0353e-01	 3.6316e+02	 3.6336e+02	-8.4301e+01	 1.3945e+06	 1.3916e+05	-1.0020e+01
 3.8443e+03	 3.2950e+02	 4.9150e+00	 5.0235e-01	 3.6316e+02	 3.6583e+02	-8.4164e+01	 9.3184e+05	 9.5241e+04	-9.7840e+00
 5.7665e+03	 3.2950e+02	 4.7866e+00	 5.0210e-01	 3.6316e+02	 3.6830e+02	-8.4012e+01	 6.2154e+05	 6.5197e+04	-9.5332e+00
 8.6498e+03	 3.2950e+02	 4.6580e+00	 5.0371e-01	 3.6315e+02	 3.7336e+02	-8.3828e+01	 4.1304e+05	 4.4664e+04	-9.2475e+00
 1.2975e+04	 3.2950e+02	 4.5534e+00	 5.0905e-01	 3.6314e+02	 3.7582e+02	-8.3621e+01	 2.7247e+05	 3.0460e+04	-8.9449e+00
 1.9462e+04	 3.2950e+02	 4.4201e+00	 5.1265e-01	 3.6315e+02	 3.7868e+02	-8.3384e+01	 1.8037e+05	 2.0920e+04	-8.6220e+00
 2.9193e+04	 3.2950e+02	 4.2835e+00	 5.1383e-01	 3.6313e+02	 3.8124e+02	-8.3160e+01	 1.1997e+05	 1.4391e+04	-8.3363e+00
 4.3789e+04	 3.2950e+02	 4.1460e+00	 5.1061e-01	 3.6314e+02	 3.8393e+02	-8.2979e+01	 8.0483e+04	 9.9122e+03	-8.1197e+00
 6.5684e+04	 3.2950e+02	 4.0091e+00	 5.0258e-01	 3.6314e+02	 3.8643e+02	-8.2855e+01	 5.4514e+04	 6.8339e+03	-7.9770e+00
 9.8526e+04	 3.2950e+02	 3.8753e+00	 4.8963e-01	 3.6314e+02	 3.8886e+02	-8.2799e+01	 3.7304e+04	 4.7132e+03	-7.9147e+00
 1.4779e+05	 3.2950e+02	 3.7228e+00	 4.7051e-01	 3.6314e+02	 3.9155e+02	-8.2797e+01	 2.5879e+04	 3.2708e+03	-7.9123e+00
 2.2168e+05	 3.2950e+02	 3.5979e+00	 4.4949e-01	 3.6315e+02	 3.9411e+02	-8.2879e+01	 1.8060e+04	 2.2563e+03	-8.0043e+00
 3.3253e+05	 3.2950e+02	 3.4785e+00	 4.2243e-01	 3.6315e+02	 3.9672e+02	-8.3076e+01	 1.2811e+04	 1.5558e+03	-8.2345e+00
 4.9879e+05	 3.2950e+02	 3.3681e+00	 3.8860e-01	 3.6315e+02	 3.9930e+02	-8.3418e+01	 9.2843e+03	 1.0712e+03	-8.6671e+00
 7.4818e+05	 3.2950e+02	 3.3238e+00	 2.7576e-01	 3.6315e+02	 4.0686e+02	-8.5257e+01	 8.7222e+03	 7.2365e+02	-1.2053e+01
 9.0000e+05	 3.2950e+02	 3.2901e+00	 2.5214e-01	 3.6315e+02	 4.1493e+02	-8.5618e+01	 7.9302e+03	 6.0774e+02	-1.3049e+01
 1.0000e+02	 4.1220e+02	 5.9896e+00	 2.7387e-01	 3.6315e+02	 4.2286e+02	-8.7382e+01	 6.5708e+07	 3.0045e+06	-2.1870e+01
 1.5000e+02	 4.1220e+02	 5.9196e+00	 3.2335e-01	 3.6315e+02	 4.2569e+02	-8.6873e+01	 3.7102e+07	 2.0267e+06	-1.8307e+01
 2.2500e+02	 4.1220e+02	 5.8273e+00	 3.7903e-01	 3.6315e+02	 4.2824e+02	-8.6278e+01	 2.1101e+07	 1.3725e+06	-1.5374e+01
 3.3750e+02	 4.1220e+02	 5.7146e+00	 4.2721e-01	 3.6316e+02	 4.3096e+02	-8.5725e+01	 1.2481e+07	 9.3307e+05	-1.3376e+01
 5.0625e+02	 4.1220e+02	 5.5869e+00	 4.6375e-01	 3.6315e+02	 4.3343e+02	-8.5255e+01	 7.6651e+06	 6.3626e+05	-1.2047e+01
 7.5938e+02	 4.1220e+02	 5.4517e+00	 4.8753e-01	 3.6315e+02	 4.3593e+02	-8.4890e+01	 4.8609e+06	 4.3469e+05	-1.1182e+01
 1.1391e+03	 4.1220e+02	 5.3141e+00	 5.0039e-01	 3.6315e+02	 4.3868e+02	-8.4621e+01	 3.1572e+06	 2.9730e+05	-1.0620e+01
 1.7086e+03	 4.1220e+02	 5.1776e+00	 5.0497e-01	 3.6315e+02	 4.4172e+02	-8.4430e+01	 2.0858e+06	 2.0342e+05	-1.0253e+01
 2.5629e+03	 4.1220e+02	 5.0960e+00	 5.3912e-01	 3.6314e+02	 4.4693e+02	-8.3961e+01	 1.3024e+06	 1.3779e+05	-9.4523e+00
 3.8443e+03	 4.1220e+02	 4.9895e+00	 5.4809e-01	 3.6315e+02	 4.4936e+02	-8.3731e+01	 8.5407e+05	 9.3819e+04	-9.1035e+00
 5.7665e+03	 4.1220e+02	 4.8767e+00	 5.5353e-01	 3.6314e+02	 4.5180e+02	-8.3524e+01	 5.6379e+05	 6.3993e+04	-8.8102e+00
 8.6498e+03	 4.1220e+02	 4.7841e+00	 5.6303e-01	 3.6315e+02	 4.5680e+02	-8.3288e+01	 3.6952e+05	 4.3488e+04	-8.4970e+00
 1.2975e+04	 4.1220e+02	 4.6592e+00	 5.6905e-01	 3.6315e+02	 4.5930e+02	-8.3037e+01	 2.4374e+05	 2.9769e+04	-8.1876e+00
 1.9462e+04	 4.1220e+02	 4.5549e+00	 5.7756e-01	 3.6315e+02	 4.6200e+02	-8.2773e+01	 1.6010e+05	 2.0300e+04	-7.8864e+00
 2.9193e+04	 4.1220e+02	 4.4179e+00	 5.8139e-01	 3.6314e+02	 4.6449e+02	-8.2503e+01	 1.0603e+05	 1.3953e+04	-7.5989e+00
 4.3789e+04	 4.1220e+02	 4.2776e+00	 5.8006e-01	 3.6315e+02	 4.6718e+02	-8.2278e+01	 7.0848e+04	 9.6072e+03	-7.3744e+00
 6.5684e+04	 4.1220e+02	 4.1353e+00	 5.7321e-01	 3.6315e+02	 4.6961e+02	-8.2108e+01	 4.7796e+04	 6.6253e+03	-7.2143e+00
 9.8526e+04	 4.1220e+02	 3.9936e+00	 5.6003e-01	 3.6315e+02	 4.7205e+02	-8.2017e+01	 3.2614e+04	 4.5736e+03	-7.1311e+00
 1.4779e+05	 4.1220e+02	 3.8559e+00	 5.4207e-01	 3.6315e+02	 4.7480e+02	-8.1998e+01	 2.2463e+04	 3.1579e+03	-7.1132e+00
 2.2168e+05	 4.1220e+02	 3.6985e+00	 5.1597e-01	 3.6315e+02	 4.7736e+02	-8.2058e+01	 1.5733e+04	 2.1948e+03	-7.1681e+00
 3.3253e+05	 4.1220e+02	 3.5695e+00	 4.8469e-01	 3.6315e+02	 4.8005e+02	-8.2267e+01	 1.1165e+04	 1.5161e+03	-7.3645e+00
 4.9879e+05	 4.1220e+02	 3.4510e+00	 4.4631e-01	 3.6315e+02	 4.8261e+02	-8.2631e+01	 8.0838e+03	 1.0455e+03	-7.7322e+00
 7.4818e+05	 4.1220e+02	 3.4083e+00	 3.3415e-01	 3.6314e+02	 4.9038e+02	-8.4401e+01	 7.1982e+03	 7.0570e+02	-1.0200e+01
 9.0000e+05	 4.1220e+02	 3.3824e+00	 3.1506e-01	 3.6313e+02	 4.9836e+02	-8.4678e+01	 6.3465e+03	 5.9115e+02	-1.0736e+01
 1.0000e+02	 4.9570e+02	 6.3939e+00	 3.6846e-01	 3.6313e+02	 5.0647e+02	-8.6702e+01	 4.8840e+07	 2.8145e+06	-1.7353e+01
 1.5000e+02	 4.9570e+02	 6.3090e+00	 3.7847e-01	 3.6313e+02	 5.0896e+02	-8.6567e+01	 3.1699e+07	 1.9016e+06	-1.6669e+01
 2.2500e+02	 4.9570e+02	 6.2207e+00	 3.9422e-01	 3.6313e+02	 5.1143e+02	-8.6374e+01	 2.0288e+07	 1.2857e+06	-1.5780e+01
 3.3750e+02	 4.9570e+02	 6.1252e+00	 4.1391e-01	 3.6312e+02	 5.1419e+02	-8.6134e+01	 1.2882e+07	 8.7052e+05	-1.4798e+01
 5.0625e+02	 4.9570e+02	 6.0214e+00	 4.3495e-01	 3.6312e+02	 5.1669e+02	-8.5868e+01	 8.1727e+06	 5.9035e+05	-1.3844e+01
 7.5938e+02	 4.9570e+02	 5.9111e+00	 4.5318e-01	 3.6312e+02	 5.1941e+02	-8.5616e+01	 5.2293e+06	 4.0091e+05	-1.3044e+01
 1.1391e+03	 4.9570e+02	 5.7955e+00	 4.6892e-01	 3.6311e+02	 5.2186e+02	-8.5374e+01	 3.3692e+06	 2.7260e+05	-1.2359e+01
 1.7086e+03	 4.9570e+02	 5.6785e+00	 4.8143e-01	 3.6312e+02	 5.2469e+02	-8.5154e+01	 2.1878e+06	 1.8548e+05	-1.1795e+01
 2.5629e+03	 4.9570e+02	 5.5621e+00	 4.9223e-01	 3.6312e+02	 5.2730e+02	-8.4943e+01	 1.4265e+06	 1.2624e+05	-1.1300e+01
 3.8443e+03	 4.9570e+02	 5.4436e+00	 5.0457e-01	 3.6312e+02	 5.2997e+02	-8.4704e+01	 9.2774e+05	 8.5992e+04	-1.0789e+01
 5.7665e+03	 4.9570e+02	 5.3243e+00	 5.1912e-01	 3.6312e+02	 5.3243e+02	-8.4431e+01	 6.0116e+05	 5.8613e+04	-1.0256e+01
 8.6498e+03	 4.9570e+02	 5.2006e+00	 5.3736e-01	 3.6312e+02	 5.3507e+02	-8.4101e+01	 3.8717e+05	 4.0005e+04	-9.6781e+00
 1.2975e+04	 4.9570e+02	 5.0716e+00	 5.5901e-01	 3.6312e+02	 5.3755e+02	-8.3710e+01	 2.4812e+05	 2.7348e+04	-9.0724e+00
 1.9462e+04	 4.9570e+02	 4.9346e+00	 5.8218e-01	 3.6312e+02	 5.4018e+02	-8.3271e+01	 1.5883e+05	 1.8738e+04	-8.4761e+00
 2.9193e+04	 4.9570e+02	 4.7891e+00	 6.0505e-01	 3.6312e+02	 5.4286e+02	-8.2800e+01	 1.0188e+05	 1.2872e+04	-7.9153e+00
 4.3789e+04	 4.9570e+02	 4.6348e+00	 6.2493e-01	 3.6313e+02	 5.4543e+02	-8.2321e+01	 6.5761e+04	 8.8668e+03	-7.4166e+00
 6.5684e+04	 4.9570e+02	 4.4991e+00	 6.4287e-01	 3.6313e+02	 5.4818e+02	-8.1868e+01	 4.2617e+04	 6.0896e+03	-6.9984e+00
 9.8526e+04	 4.9570e+02	 4.3307e+00	 6.5212e-01	 3.6313e+02	 5.5074e+02	-8.1437e+01	 2.8008e+04	 4.2176e+03	-6.6409e+00
 1.4779e+05	 4.9570e+02	 4.1561e+00	 6.5186e-01	 3.6313e+02	 5.5357e+02	-8.1086e+01	 1.8680e+04	 2.9298e+03	-6.3758e+00
 2.2168e+05	 4.9570e+02	 3.9797e+00	 6.3799e-01	 3.6312e+02	 5.5613e+02	-8.0892e+01	 1.2724e+04	 2.0398e+03	-6.2378e+00
 3.3253e+05	 4.9570e+02	 3.8076e+00	 6.0639e-01	 3.6313e+02	 5.5893e+02	-8.0951e+01	 8.9246e+03	 1.4213e+03	-6.2790e+00
 4.9879e+05	 4.9570e+02	-2.5180e+00	 4.7258e+01	 3.6313e+02	 5.6160e+02	 3.0499e+00	 7.6344e+01	-1.4329e+03	 5.3281e-02
 7.4818e+05	 4.9570e+02	 3.5505e+00	 4.2611e-01	 3.6312e+02	 5.6838e+02	-8.3156e+01	 5.6447e+03	 6.7744e+02	-8.3323e+00
 9.0000e+05	 4.9570e+02	 3.5113e+00	 3.9960e-01	 3.6313e+02	 5.7611e+02	-8.3507e+01	 5.0038e+03	 5.6945e+02	-8.7870e+00
 1.0000e+02	 5.7340e+02	 6.4090e+00	 3.1980e-01	 3.6313e+02	 5.8438e+02	-8.7143e+01	 5.6272e+07	 2.8079e+06	-2.0041e+01
 1.5000e+02	 5.7340e+02	 6.3368e+00	 3.1401e-01	 3.6313e+02	 5.8693e+02	-8.7163e+01	 3.8206e+07	 1.8933e+06	-2.0180e+01
 2.2500e+02	 5.7340e+02	 6.2662e+00	 3.1445e-01	 3.6314e+02	 5.8969e+02	-8.7127e+01	 2.5435e+07	 1.2764e+06	-1.9928e+01
 3.3750e+02	 5.7340e+02	 6.1950e+00	 3.2184e-01	 3.6314e+02	 5.9236e+02	-8.7026e+01	 1.6568e+07	 8.6071e+05	-1.9249e+01
 5.0625e+02	 5.7340e+02	 6.1197e+00	 3.3512e-01	 3.6315e+02	 5.9513e+02	-8.6866e+01	 1.0607e+07	 5.8086e+05	-1.8261e+01
 7.5938e+02	 5.7340e+02	 6.0394e+00	 3.5097e-01	 3.6315e+02	 5.9816e+02	-8.6674e+01	 6.7522e+06	 3.9239e+05	-1.7208e+01
 1.1391e+03	 5.7340e+02	 5.9578e+00	 3.6585e-01	 3.6314e+02	 6.0347e+02	-8.6486e+01	 4.3183e+06	 2.6518e+05	-1.6285e+01
 1.7086e+03	 5.7340e+02	 5.8679e+00	 3.8442e-01	 3.6314e+02	 6.0594e+02	-8.6252e+01	 2.7399e+06	 1.7949e+05	-1.5264e+01
 2.5629e+03	 5.7340e+02	 5.7743e+00	 4.0409e-01	 3.6315e+02	 6.0868e+02	-8.5997e+01	 1.7376e+06	 1.2160e+05	-1.4290e+01
 3.8443e+03	 5.7340e+02	 5.6768e+00	 4.2551e-01	 3.6315e+02	 6.1111e+02	-8.5713e+01	 1.1001e+06	 8.2460e+04	-1.3341e+01
 5.7665e+03	 5.7340e+02	 5.5749e+00	 4.5091e-01	 3.6314e+02	 6.1355e+02	-8.5376e+01	 6.9210e+05	 5.5978e+04	-1.2364e+01
 8.6498e+03	 5.7340e+02	 5.4671e+00	 4.8065e-01	 3.6315e+02	 6.1630e+02	-8.4976e+01	 4.3284e+05	 3.8054e+04	-1.1374e+01
 1.2975e+04	 5.7340e+02	 5.3501e+00	 5.1502e-01	 3.6315e+02	 6.1874e+02	-8.4501e+01	 2.6931e+05	 2.5925e+04	-1.0388e+01
 1.9462e+04	 5.7340e+02	 5.2219e+00	 5.5261e-01	 3.6315e+02	 6.2147e+02	-8.3959e+01	 1.6733e+05	 1.7707e+04	-9.4496e+00
 2.9193e+04	 5.7340e+02	 5.0819e+00	 5.9116e-01	 3.6315e+02	 6.2405e+02	-8.3365e+01	 1.0428e+05	 1.2130e+04	-8.5965e+00
 4.3789e+04	 5.7340e+02	 4.9288e+00	 6.2847e-01	 3.6314e+02	 6.2685e+02	-8.2733e+01	 6.5391e+04	 8.3380e+03	-7.8425e+00
 6.5684e+04	 5.7340e+02	 4.7645e+00	 6.6299e-01	 3.6315e+02	 6.2930e+02	-8.2078e+01	 4.1324e+04	 5.7503e+03	-7.1864e+00
 9.8526e+04	 5.7340e+02	 4.5864e+00	 6.9272e-01	 3.6315e+02	 6.3222e+02	-8.1411e+01	 2.6367e+04	 3.9824e+03	-6.6209e+00
 1.4779e+05	 5.7340e+02	 4.4211e+00	 7.1706e-01	 3.6315e+02	 6.3474e+02	-8.0787e+01	 1.6981e+04	 2.7542e+03	-6.1656e+00
 2.2168e+05	 5.7340e+02	 4.2175e+00	 7.2131e-01	 3.6316e+02	 6.3746e+02	-8.0295e+01	 1.1254e+04	 1.9248e+03	-5.8469e+00
 3.3253e+05	 5.7340e+02	 4.0114e+00	 7.0012e-01	 3.6315e+02	 6.4007e+02	-8.0100e+01	 7.7298e+03	 1.3491e+03	-5.7296e+00
 4.9879e+05	 5.7340e+02	-3.5153e+00	 4.9478e+01	 3.6316e+02	 6.4283e+02	 4.0638e+00	 7.2919e+01	-1.0264e+03	 7.1047e-02
 7.4818e+05	 5.7340e+02	 3.6860e+00	 5.0925e-01	 3.6316e+02	 6.4943e+02	-8.2134e+01	 4.7231e+03	 6.5253e+02	-7.2381e+00
 9.0000e+05	 5.7340e+02	 3.6343e+00	 4.7624e-01	 3.6315e+02	 6.5705e+02	-8.2535e+01	 4.1986e+03	 5.5017e+02	-7.6314e+00
 1.0000e+02	 6.5440e+02	 6.4033e+00	 2.8492e-01	 3.6316e+02	 6.6521e+02	-8.7452e+01	 6.3160e+07	 2.8104e+06	-2.2474e+01
 1.5000e+02	 6.5440e+02	 6.3383e+00	 2.7191e-01	 3.6316e+02	 6.6769e+02	-8.7544e+01	 4.4122e+07	 1.8928e+06	-2.3310e+01
 2.2500e+02	 6.5440e+02	 6.2810e+00	 2.6097e-01	 3.6316e+02	 6.7019e+02	-8.7621e+01	 3.0647e+07	 1.2734e+06	-2.4068e+01
 3.3750e+02	 6.5440e+02	 6.2247e+00	 2.5843e-01	 3.6316e+02	 6.7286e+02	-8.7623e+01	 2.0633e+07	 8.5659e+05	-2.4087e+01
 5.0625e+02	 6.5440e+02	 6.1684e+00	 2.6271e-01	 3.6316e+02	 6.7532e+02	-8.7561e+01	 1.3531e+07	 5.7628e+05	-2.3479e+01
 7.5938e+02	 6.5440e+02	 6.1093e+00	 2.7375e-01	 3.6316e+02	 6.7810e+02	-8.7434e+01	 8.6568e+06	 3.8790e+05	-2.2317e+01
 1.1391e+03	 6.5440e+02	 6.0480e+00	 2.8711e-01	 3.6316e+02	 6.8336e+02	-8.7282e+01	 5.5026e+06	 2.6122e+05	-2.1065e+01
 1.7086e+03	 6.5440e+02	 5.9804e+00	 3.0628e-01	 3.6316e+02	 6.8580e+02	-8.7068e+01	 3.4389e+06	 1.7612e+05	-1.9526e+01
 2.5629e+03	 6.5440e+02	 5.9073e+00	 3.2857e-01	 3.6316e+02	 6.8872e+02	-8.6816e+01	 2.1371e+06	 1.1886e+05	-1.7979e+01
 3.8443e+03	 6.5440e+02	 5.8294e+00	 3.5436e-01	 3.6316e+02	 6.9130e+02	-8.6521e+01	 1.3210e+06	 8.0301e+04	-1.6450e+01
 5.7665e+03	 6.5440e+02	 5.7455e+00	 3.8511e-01	 3.6316e+02	 6.9391e+02	-8.6165e+01	 8.1035e+05	 5.4316e+04	-1.4919e+01
 8.6498e+03	 6.5440e+02	 5.6541e+00	 4.2131e-01	 3.6316e+02	 6.9649e+02	-8.5739e+01	 4.9381e+05	 3.6796e+04	-1.3420e+01
 1.2975e+04	 6.5440e+02	 5.5516e+00	 4.6371e-01	 3.6315e+02	 6.9893e+02	-8.5225e+01	 2.9911e+05	 2.4984e+04	-1.1972e+01
 1.9462e+04	 6.5440e+02	 5.4364e+00	 5.1132e-01	 3.6315e+02	 7.0149e+02	-8.4627e+01	 1.8084e+05	 1.7009e+04	-1.0632e+01
 2.9193e+04	 6.5440e+02	 5.3060e+00	 5.6201e-01	 3.6315e+02	 7.0405e+02	-8.3954e+01	 1.0969e+05	 1.1618e+04	-9.4412e+00
 4.3789e+04	 6.5440e+02	 5.1599e+00	 6.1350e-01	 3.6315e+02	 7.0680e+02	-8.3219e+01	 6.6987e+04	 7.9646e+03	-8.4106e+00
 6.5684e+04	 6.5440e+02	 4.9980e+00	 6.6458e-01	 3.6315e+02	 7.0924e+02	-8.2426e+01	 4.1225e+04	 5.4817e+03	-7.5205e+00
 9.8526e+04	 6.5440e+02	 4.8174e+00	 7.1311e-01	 3.6315e+02	 7.1191e+02	-8.1580e+01	 2.5613e+04	 3.7914e+03	-6.7556e+00
 1.4779e+05	 6.5440e+02	 4.6226e+00	 7.5513e-01	 3.6314e+02	 7.1718e+02	-8.0722e+01	 1.6125e+04	 2.6341e+03	-6.1216e+00
 2.2168e+05	 6.5440e+02	 4.4269e+00	 7.8285e-01	 3.6315e+02	 7.1961e+02	-7.9972e+01	 1.0369e+04	 1.8337e+03	-5.6549e+00
 3.3253e+05	 6.5440e+02	 4.1929e+00	 7.7519e-01	 3.6315e+02	 7.2240e+02	-7.9525e+01	 6.9813e+03	 1.2907e+03	-5.4089e+00
 4.9879e+05	 6.5440e+02	-4.3424e+00	 5.1461e+01	 3.6315e+02	 7.2510e+02	 4.8233e+00	 7.0109e+01	-8.3085e+02	 8.4382e-02
 7.4818e+05	 6.5440e+02	 3.8067e+00	 5.7979e-01	 3.6315e+02	 7.3149e+02	-8.1340e+01	 4.1485e+03	 6.3184e+02	-6.5657e+00
 9.0000e+05	 6.5440e+02	 3.7430e+00	 5.4063e-01	 3.6314e+02	 7.3918e+02	-8.1781e+01	 3.6985e+03	 5.3420e+02	-6.9234e+00
 1.0000e+02	 7.3650e+02	 6.3915e+00	 2.6131e-01	 3.6315e+02	 7.4707e+02	-8.7659e+01	 6.8866e+07	 2.8156e+06	-2.4459e+01
 1.5000e+02	 7.3650e+02	 6.3346e+00	 2.4193e-01	 3.6316e+02	 7.4957e+02	-8.7813e+01	 4.9589e+07	 1.8939e+06	-2.6183e+01
 2.2500e+02	 7.3650e+02	 6.2815e+00	 2.2637e-01	 3.6316e+02	 7.5232e+02	-8.7936e+01	 3.5331e+07	 1.2733e+06	-2.7748e+01
 3.3750e+02	 7.3650e+02	 6.2341e+00	 2.1691e-01	 3.6316e+02	 7.5486e+02	-8.8007e+01	 2.4581e+07	 8.5531e+05	-2.8740e+01
 5.0625e+02	 7.3650e+02	 6.1891e+00	 2.1409e-01	 3.6315e+02	 7.5761e+02	-8.8019e+01	 1.6603e+07	 5.7435e+05	-2.8909e+01
 7.5938e+02	 7.3650e+02	 6.1442e+00	 2.1831e-01	 3.6316e+02	 7.6018e+02	-8.7965e+01	 1.0855e+07	 3.8570e+05	-2.8145e+01
 1.1391e+03	 7.3650e+02	 6.0980e+00	 2.2749e-01	 3.6314e+02	 7.6543e+02	-8.7864e+01	 6.9447e+06	 2.5908e+05	-2.6805e+01
 1.7086e+03	 7.3650e+02	 6.0478e+00	 2.4377e-01	 3.6313e+02	 7.6821e+02	-8.7692e+01	 4.3207e+06	 1.7415e+05	-2.4810e+01
 2.5629e+03	 7.3650e+02	 5.9924e+00	 2.6515e-01	 3.6313e+02	 7.7086e+02	-8.7466e+01	 2.6482e+06	 1.1718e+05	-2.2600e+01
 3.8443e+03	 7.3650e+02	 5.9310e+00	 2.9200e-01	 3.6314e+02	 7.7361e+02	-8.7181e+01	 1.6031e+06	 7.8926e+04	-2.0311e+01
 5.7665e+03	 7.3650e+02	 5.8636e+00	 3.2462e-01	 3.6314e+02	 7.7613e+02	-8.6831e+01	 9.6136e+05	 5.3222e+04	-1.8063e+01
 8.6498e+03	 7.3650e+02	 5.7877e+00	 3.6423e-01	 3.6315e+02	 7.7885e+02	-8.6399e+01	 5.7121e+05	 3.5947e+04	-1.5890e+01
 1.2975e+04	 7.3650e+02	 5.7006e+00	 4.1117e-01	 3.6314e+02	 7.8136e+02	-8.5875e+01	 3.3733e+05	 2.4331e+04	-1.3864e+01
 1.9462e+04	 7.3650e+02	 5.5998e+00	 4.6535e-01	 3.6314e+02	 7.8419e+02	-8.5250e+01	 1.9870e+05	 1.6512e+04	-1.2034e+01
 2.9193e+04	 7.3650e+02	 5.4827e+00	 5.2488e-01	 3.6314e+02	 7.8674e+02	-8.4532e+01	 1.1745e+05	 1.1243e+04	-1.0446e+01
 4.3789e+04	 7.3650e+02	 5.3466e+00	 5.8810e-01	 3.6315e+02	 7.8918e+02	-8.3723e+01	 6.9880e+04	 7.6864e+03	-9.0913e+00
 6.5684e+04	 7.3650e+02	 5.1907e+00	 6.5382e-01	 3.6315e+02	 7.9180e+02	-8.2821e+01	 4.1904e+04	 5.2782e+03	-7.9390e+00
 9.8526e+04	 7.3650e+02	 5.0123e+00	 7.1982e-01	 3.6315e+02	 7.9436e+02	-8.1828e+01	 2.5374e+04	 3.6440e+03	-6.9633e+00
 1.4779e+05	 7.3650e+02	 4.8118e+00	 7.8085e-01	 3.6315e+02	 7.9961e+02	-8.0783e+01	 1.5594e+04	 2.5306e+03	-6.1623e+00
 2.2168e+05	 7.3650e+02	 4.5763e+00	 8.2338e-01	 3.6315e+02	 8.0222e+02	-7.9800e+01	 9.8591e+03	 1.7739e+03	-5.5580e+00
 3.3253e+05	 7.3650e+02	 4.3471e+00	 8.3446e-01	 3.6315e+02	 8.0480e+02	-7.9134e+01	 6.4854e+03	 1.2449e+03	-5.2095e+00
 4.9879e+05	 7.3650e+02	-5.0115e+00	 5.3133e+01	 3.6315e+02	 8.0766e+02	 5.3882e+00	 6.7903e+01	-7.1991e+02	 9.4320e-02
 7.4818e+05	 7.3650e+02	 3.9085e+00	 6.3795e-01	 3.6316e+02	 8.1413e+02	-8.0730e+01	 3.7703e+03	 6.1539e+02	-6.1267e+00
 9.0000e+05	 7.3650e+02	 3.8342e+00	 5.9438e-01	 3.6316e+02	 8.2186e+02	-8.1188e+01	 3.3640e+03	 5.2149e+02	-6.4508e+00
 1.0000e+02	 8.1920e+02	 6.3768e+00	 2.4341e-01	 3.6317e+02	 8.3016e+02	-8.7814e+01	 7.3931e+07	 2.8220e+06	-2.6198e+01
 1.5000e+02	 8.1920e+02	 6.3222e+00	 2.2080e-01	 3.6317e+02	 8.3269e+02	-8.8000e+01	 5.4334e+07	 1.8976e+06	-2.8633e+01
 2.2500e+02	 8.1920e+02	 6.2755e+00	 2.0262e-01	 3.6316e+02	 8.3543e+02	-8.8151e+01	 3.9473e+07	 1.2745e+06	-3.0972e+01
 3.3750e+02	 8.1920e+02	 6.2333e+00	 1.8920e-01	 3.6316e+02	 8.3799e+02	-8.8261e+01	 2.8183e+07	 8.5541e+05	-3.2946e+01
 5.0625e+02	 8.1920e+02	 6.1951e+00	 1.8158e-01	 3.6316e+02	 8.4043e+02	-8.8321e+01	 1.9576e+07	 5.7380e+05	-3.4117e+01
 7.5938e+02	 8.1920e+02	 6.1583e+00	 1.8053e-01	 3.6317e+02	 8.4305e+02	-8.8321e+01	 1.3127e+07	 3.8481e+05	-3.4114e+01
 1.1391e+03	 8.1920e+02	 6.1222e+00	 1.8452e-01	 3.6316e+02	 8.4830e+02	-8.8274e+01	 8.5621e+06	 2.5805e+05	-3.3179e+01
 1.7086e+03	 8.1920e+02	 6.0845e+00	 1.9660e-01	 3.6317e+02	 8.5074e+02	-8.8149e+01	 5.3574e+06	 1.7310e+05	-3.0949e+01
 2.5629e+03	 8.1920e+02	 6.0425e+00	 2.1515e-01	 3.6317e+02	 8.5332e+02	-8.7961e+01	 3.2636e+06	 1.1620e+05	-2.8085e+01
 3.8443e+03	 8.1920e+02	 5.9956e+00	 2.4032e-01	 3.6317e+02	 8.5586e+02	-8.7705e+01	 1.9479e+06	 7.8076e+04	-2.4948e+01
 5.7665e+03	 8.1920e+02	 5.9414e+00	 2.7274e-01	 3.6316e+02	 8.5830e+02	-8.7372e+01	 1.1442e+06	 5.2525e+04	-2.1784e+01
 8.6498e+03	 8.1920e+02	 5.8797e+00	 3.1323e-01	 3.6316e+02	 8.6097e+02	-8.6951e+01	 6.6420e+05	 3.5384e+04	-1.8771e+01
 1.2975e+04	 8.1920e+02	 5.8071e+00	 3.6255e-01	 3.6316e+02	 8.6355e+02	-8.6428e+01	 3.8257e+05	 2.3884e+04	-1.6018e+01
 1.9462e+04	 8.1920e+02	 5.7193e+00	 4.2089e-01	 3.6317e+02	 8.6599e+02	-8.5791e+01	 2.1969e+05	 1.6167e+04	-1.3589e+01
 2.9193e+04	 8.1920e+02	 5.6149e+00	 4.8716e-01	 3.6317e+02	 8.6863e+02	-8.5041e+01	 1.2654e+05	 1.0979e+04	-1.1526e+01
 4.3789e+04	 8.1920e+02	 5.4897e+00	 5.5976e-01	 3.6317e+02	 8.7111e+02	-8.4178e+01	 7.3417e+04	 7.4860e+03	-9.8073e+00
 6.5684e+04	 8.1920e+02	 5.3418e+00	 6.3803e-01	 3.6316e+02	 8.7388e+02	-8.3189e+01	 4.2941e+04	 5.1289e+03	-8.3723e+00
 9.8526e+04	 8.1920e+02	 5.1675e+00	 7.1922e-01	 3.6316e+02	 8.7649e+02	-8.2076e+01	 2.5396e+04	 3.5346e+03	-7.1848e+00
 1.4779e+05	 8.1920e+02	 4.9585e+00	 7.9725e-01	 3.6316e+02	 8.7911e+02	-8.0866e+01	 1.5273e+04	 2.4557e+03	-6.2195e+00
 2.2168e+05	 8.1920e+02	 4.7133e+00	 8.5626e-01	 3.6316e+02	 8.8163e+02	-7.9704e+01	 9.4804e+03	 1.7223e+03	-5.5046e+00
 3.3253e+05	 8.1920e+02	 4.4668e+00	 8.7959e-01	 3.6316e+02	 8.8441e+02	-7.8860e+01	 6.1527e+03	 1.2116e+03	-5.0782e+00
 4.9879e+05	 8.1920e+02	-5.5278e+00	 5.4423e+01	 3.6316e+02	 8.8710e+02	 5.7996e+00	 6.6293e+01	-6.5268e+02	 1.0157e-01
 7.4818e+05	 8.1920e+02	 3.9855e+00	 6.8250e-01	 3.6316e+02	 8.9343e+02	-8.0283e+01	 3.5242e+03	 6.0351e+02	-5.8395e+00
 9.0000e+05	 8.1920e+02	 3.9022e+00	 6.3474e-01	 3.6315e+02	 9.0093e+02	-8.0761e+01	 3.1501e+03	 5.1241e+02	-6.1477e+00
 1.0000e+02	 8.9830e+02	 6.3607e+00	 2.2943e-01	 3.6315e+02	 9.0913e+02	-8.7934e+01	 7.8437e+07	 2.8292e+06	-2.7724e+01
 1.5000e+02	 8.9830e+02	 6.3105e+00	 2.0680e-01	 3.6315e+02	 9.1158e+02	-8.8123e+01	 5.8013e+07	 1.9011e+06	-3.0515e+01
 2.2500e+02	 8.9830e+02	 6.2664e+00	 1.8653e-01	 3.6315e+02	 9.1433e+02	-8.8295e+01	 4.2878e+07	 1.2763e+06	-3.3594e+01
 3.3750e+02	 8.9830e+02	 6.2280e+00	 1.7154e-01	 3.6314e+02	 9.1699e+02	-8.8422e+01	 3.1084e+07	 8.5615e+05	-3.6307e+01
 5.0625e+02	 8.9830e+02	 6.1935e+00	 1.6132e-01	 3.6315e+02	 9.1969e+02	-8.8508e+01	 2.2036e+07	 5.7394e+05	-3.8393e+01
 7.5938e+02	 8.9830e+02	 6.1617e+00	 1.5650e-01	 3.6315e+02	 9.2230e+02	-8.8545e+01	 1.5143e+07	 3.8460e+05	-3.9373e+01
 1.1391e+03	 8.9830e+02	 6.1313e+00	 1.5713e-01	 3.6315e+02	 9.2736e+02	-8.8532e+01	 1.0054e+07	 2.5767e+05	-3.9020e+01
 1.7086e+03	 8.9830e+02	 6.1007e+00	 1.6492e-01	 3.6316e+02	 9.2980e+02	-8.8451e+01	 6.3863e+06	 1.7264e+05	-3.6991e+01
 2.5629e+03	 8.9830e+02	 6.0677e+00	 1.7993e-01	 3.6315e+02	 9.3255e+02	-8.8301e+01	 3.9023e+06	 1.1572e+05	-3.3721e+01
 3.8443e+03	 8.9830e+02	 6.0307e+00	 2.0227e-01	 3.6314e+02	 9.3499e+02	-8.8079e+01	 2.3143e+06	 7.7621e+04	-2.9815e+01
 5.7665e+03	 8.9830e+02	 5.9885e+00	 2.3286e-01	 3.6315e+02	 9.3768e+02	-8.7773e+01	 1.3402e+06	 5.2112e+04	-2.5717e+01
 8.6498e+03	 8.9830e+02	 5.9373e+00	 2.7251e-01	 3.6315e+02	 9.4024e+02	-8.7372e+01	 7.6347e+05	 3.5041e+04	-2.1788e+01
 1.2975e+04	 8.9830e+02	 5.8762e+00	 3.2223e-01	 3.6315e+02	 9.4288e+02	-8.6861e+01	 4.3044e+05	 2.3604e+04	-1.8236e+01
 1.9462e+04	 8.9830e+02	 5.8010e+00	 3.8264e-01	 3.6315e+02	 9.4555e+02	-8.6226e+01	 2.4166e+05	 1.5940e+04	-1.5161e+01
 2.9193e+04	 8.9830e+02	 5.7080e+00	 4.5331e-01	 3.6315e+02	 9.4811e+02	-8.5459e+01	 1.3599e+05	 1.0800e+04	-1.2592e+01
 4.3789e+04	 8.9830e+02	 5.5934e+00	 5.3322e-01	 3.6314e+02	 9.5061e+02	-8.4554e+01	 7.7072e+04	 7.3472e+03	-1.0490e+01
 6.5684e+04	 8.9830e+02	 5.4534e+00	 6.2206e-01	 3.6315e+02	 9.5305e+02	-8.3493e+01	 4.4043e+04	 5.0239e+03	-8.7667e+00
 9.8526e+04	 8.9830e+02	 5.2824e+00	 7.1647e-01	 3.6315e+02	 9.5574e+02	-8.2276e+01	 2.5493e+04	 3.4577e+03	-7.3728e+00
 1.4779e+05	 8.9830e+02	 5.0719e+00	 8.0932e-01	 3.6315e+02	 9.5832e+02	-8.0934e+01	 1.5045e+04	 2.4008e+03	-6.2668e+00
 2.2168e+05	 8.9830e+02	 4.8175e+00	 8.8223e-01	 3.6315e+02	 9.6074e+02	-7.9622e+01	 9.2014e+03	 1.6851e+03	-5.4606e+00
 3.3253e+05	 8.9830e+02	 4.5293e+00	 9.0971e-01	 3.6315e+02	 9.6336e+02	-7.8643e+01	 5.9489e+03	 1.1949e+03	-4.9788e+00
 4.9879e+05	 8.9830e+02	-5.9259e+00	 5.5369e+01	 3.6314e+02	 9.6604e+02	 6.1089e+00	 6.5160e+01	-6.0883e+02	 1.0703e-01
 7.4818e+05	 8.9830e+02	 4.0412e+00	 7.1515e-01	 3.6315e+02	 9.7236e+02	-7.9965e+01	 3.3633e+03	 5.9519e+02	-5.6508e+00
 9.0000e+05	 8.9830e+02	 3.9515e+00	 6.6362e-01	 3.6315e+02	 9.8022e+02	-8.0467e+01	 3.0131e+03	 5.0602e+02	-5.9545e+00
 1.0000e+02	 9.7750e+02	 6.3453e+00	 2.1759e-01	 3.6315e+02	 9.8800e+02	-8.8036e+01	 8.2706e+07	 2.8361e+06	-2.9162e+01
 1.5000e+02	 9.7750e+02	 6.2970e+00	 1.9526e-01	 3.6315e+02	 9.9063e+02	-8.8224e+01	 6.1442e+07	 1.9052e+06	-3.2249e+01
 2.2500e+02	 9.7750e+02	 6.2568e+00	 1.7424e-01	 3.6315e+02	 9.9336e+02	-8.8405e+01	 4.5904e+07	 1.2783e+06	-3.5910e+01
 3.3750e+02	 9.7750e+02	 6.2209e+00	 1.5850e-01	 3.6315e+02	 9.9618e+02	-8.8541e+01	 3.3641e+07	 8.5712e+05	-3.9249e+01
 5.0625e+02	 9.7750e+02	 6.1892e+00	 1.4679e-01	 3.6314e+02	 9.9869e+02	-8.8641e+01	 2.4216e+07	 5.7434e+05	-4.2164e+01
 7.5938e+02	 9.7750e+02	 6.1602e+00	 1.4057e-01	 3.6315e+02	 1.0015e+03	-8.8693e+01	 1.6859e+07	 3.8469e+05	-4.3823e+01
 1.1391e+03	 9.7750e+02	 6.1333e+00	 1.3912e-01	 3.6314e+02	 1.0064e+03	-8.8701e+01	 1.1356e+07	 2.5759e+05	-4.4087e+01
 1.7086e+03	 9.7750e+02	 6.1073e+00	 1.4386e-01	 3.6315e+02	 1.0091e+03	-8.8651e+01	 7.3211e+06	 1.7246e+05	-4.2452e+01
 2.5629e+03	 9.7750e+02	 6.0799e+00	 1.5529e-01	 3.6314e+02	 1.0117e+03	-8.8537e+01	 4.5215e+06	 1.1549e+05	-3.9151e+01
 3.8443e+03	 9.7750e+02	 6.0497e+00	 1.7440e-01	 3.6314e+02	 1.0144e+03	-8.8349e+01	 2.6841e+06	 7.7378e+04	-3.4688e+01
 5.7665e+03	 9.7750e+02	 6.0155e+00	 2.0255e-01	 3.6314e+02	 1.0169e+03	-8.8072e+01	 1.5407e+06	 5.1878e+04	-2.9699e+01
 8.6498e+03	 9.7750e+02	 5.9737e+00	 2.4036e-01	 3.6314e+02	 1.0197e+03	-8.7696e+01	 8.6557e+05	 3.4827e+04	-2.4853e+01
 1.2975e+04	 9.7750e+02	 5.9218e+00	 2.8931e-01	 3.6315e+02	 1.0222e+03	-8.7203e+01	 4.7942e+05	 2.3422e+04	-2.0469e+01
 1.9462e+04	 9.7750e+02	 5.8567e+00	 3.5055e-01	 3.6314e+02	 1.0247e+03	-8.6575e+01	 2.6377e+05	 1.5788e+04	-1.6707e+01
 2.9193e+04	 9.7750e+02	 5.7743e+00	 4.2442e-01	 3.6314e+02	 1.0274e+03	-8.5796e+01	 1.4524e+05	 1.0676e+04	-1.3605e+01
 4.3789e+04	 9.7750e+02	 5.6693e+00	 5.1047e-01	 3.6314e+02	 1.0298e+03	-8.4855e+01	 8.0506e+04	 7.2489e+03	-1.1106e+01
 6.5684e+04	 9.7750e+02	 5.5362e+00	 6.0820e-01	 3.6314e+02	 1.0326e+03	-8.3731e+01	 4.5047e+04	 4.9488e+03	-9.1026e+00
 9.8526e+04	 9.7750e+02	 5.3686e+00	 7.1439e-01	 3.6315e+02	 1.0352e+03	-8.2420e+01	 2.5567e+04	 3.4022e+03	-7.5149e+00
 1.4779e+05	 9.7750e+02	 5.1557e+00	 8.2002e-01	 3.6315e+02	 1.0379e+03	-8.0963e+01	 1.4849e+04	 2.3618e+03	-6.2873e+00
 2.2168e+05	 9.7750e+02	 4.8930e+00	 9.0420e-01	 3.6315e+02	 1.0403e+03	-7.9530e+01	 8.9778e+03	 1.6591e+03	-5.4114e+00
 3.3253e+05	 9.7750e+02	 4.5916e+00	 9.3796e-01	 3.6315e+02	 1.0432e+03	-7.8455e+01	 5.7698e+03	 1.1786e+03	-4.8953e+00
 4.9879e+05	 9.7750e+02	-6.2272e+00	 5.6011e+01	 3.6315e+02	 1.0460e+03	 6.3439e+00	 6.4413e+01	-5.7938e+02	 1.1118e-01
 7.4818e+05	 9.7750e+02	 4.0780e+00	 7.3737e-01	 3.6315e+02	 1.0527e+03	-7.9751e+01	 3.2619e+03	 5.8982e+02	-5.5304e+00
 9.0000e+05	 9.7750e+02	 3.9835e+00	 6.8255e-01	 3.6314e+02	 1.0606e+03	-8.0277e+01	 2.9295e+03	 5.0196e+02	-5.8361e+00
 1.0000e+02	 1.0579e+03	 6.3302e+00	 2.0715e-01	 3.6315e+02	 1.0688e+03	-8.8126e+01	 8.6873e+07	 2.8429e+06	-3.0558e+01
 1.5000e+02	 1.0579e+03	 6.2865e+00	 1.8292e-01	 3.6315e+02	 1.0713e+03	-8.8333e+01	 6.5588e+07	 1.9084e+06	-3.4368e+01
 2.2500e+02	 1.0579e+03	 6.2470e+00	 1.6422e-01	 3.6315e+02	 1.0742e+03	-8.8494e+01	 4.8704e+07	 1.2803e+06	-3.8041e+01
 3.3750e+02	 1.0579e+03	 6.2134e+00	 1.4851e-01	 3.6315e+02	 1.0772e+03	-8.8631e+01	 3.5903e+07	 8.5816e+05	-4.1837e+01
 5.0625e+02	 1.0579e+03	 6.1837e+00	 1.3701e-01	 3.6315e+02	 1.0797e+03	-8.8731e+01	 2.5944e+07	 5.7485e+05	-4.5132e+01
 7.5938e+02	 1.0579e+03	 6.1571e+00	 1.2952e-01	 3.6316e+02	 1.0825e+03	-8.8795e+01	 1.8296e+07	 3.8489e+05	-4.7536e+01
 1.1391e+03	 1.0579e+03	 6.1320e+00	 1.2667e-01	 3.6315e+02	 1.0876e+03	-8.8817e+01	 1.2472e+07	 2.5765e+05	-4.8409e+01
 1.7086e+03	 1.0579e+03	 6.1088e+00	 1.2967e-01	 3.6315e+02	 1.0903e+03	-8.8784e+01	 8.1225e+06	 1.7242e+05	-4.7110e+01
 2.5629e+03	 1.0579e+03	 6.0846e+00	 1.3885e-01	 3.6316e+02	 1.0932e+03	-8.8693e+01	 5.0569e+06	 1.1540e+05	-4.3821e+01
 3.8443e+03	 1.0579e+03	 6.0588e+00	 1.5557e-01	 3.6316e+02	 1.0957e+03	-8.8529e+01	 3.0089e+06	 7.7261e+04	-3.8945e+01
 5.7665e+03	 1.0579e+03	 6.0299e+00	 1.8080e-01	 3.6315e+02	 1.0982e+03	-8.8283e+01	 1.7261e+06	 5.1754e+04	-3.3351e+01
 8.6498e+03	 1.0579e+03	 5.9945e+00	 2.1656e-01	 3.6315e+02	 1.1007e+03	-8.7931e+01	 9.6068e+05	 3.4706e+04	-2.7680e+01
 1.2975e+04	 1.0579e+03	 5.9502e+00	 2.6425e-01	 3.6315e+02	 1.1033e+03	-8.7457e+01	 5.2489e+05	 2.3310e+04	-2.2518e+01
 1.9462e+04	 1.0579e+03	 5.8933e+00	 3.2549e-01	 3.6315e+02	 1.1059e+03	-8.6839e+01	 2.8408e+05	 1.5690e+04	-1.8106e+01
 2.9193e+04	 1.0579e+03	 5.8195e+00	 4.0178e-01	 3.6315e+02	 1.1085e+03	-8.6051e+01	 1.5343e+05	 1.0593e+04	-1.4484e+01
 4.3789e+04	 1.0579e+03	 5.7224e+00	 4.9287e-01	 3.6315e+02	 1.1112e+03	-8.5077e+01	 8.3381e+04	 7.1817e+03	-1.1610e+01
 6.5684e+04	 1.0579e+03	 5.5952e+00	 5.9880e-01	 3.6316e+02	 1.1137e+03	-8.3891e+01	 4.5754e+04	 4.8966e+03	-9.3441e+00
 9.8526e+04	 1.0579e+03	 5.4288e+00	 7.1584e-01	 3.6315e+02	 1.1164e+03	-8.2488e+01	 2.5515e+04	 3.3644e+03	-7.5838e+00
 1.4779e+05	 1.0579e+03	 5.2121e+00	 8.3212e-01	 3.6315e+02	 1.1191e+03	-8.0929e+01	 1.4633e+04	 2.3362e+03	-6.2637e+00
 2.2168e+05	 1.0579e+03	 4.9397e+00	 9.2414e-01	 3.6315e+02	 1.1217e+03	-7.9403e+01	 8.7841e+03	 1.6434e+03	-5.3452e+00
 3.3253e+05	 1.0579e+03	 4.6265e+00	 9.6005e-01	 3.6315e+02	 1.1244e+03	-7.8277e+01	 5.6370e+03	 1.1697e+03	-4.8190e+00
 4.9879e+05	 1.0579e+03	-6.4370e+00	 5.6336e+01	 3.6315e+02	 1.1271e+03	 6.5183e+00	 6.4042e+01	-5.6049e+02	 1.1426e-01
 7.4818e+05	 1.0579e+03	 4.0948e+00	 7.5013e-01	 3.6315e+02	 1.1336e+03	-7.9619e+01	 3.2064e+03	 5.8739e+02	-5.4587e+00
 9.0000e+05	 1.0579e+03	 3.9975e+00	 6.9125e-01	 3.6314e+02	 1.1414e+03	-8.0190e+01	 2.8926e+03	 5.0019e+02	-5.7831e+00
 1.0000e+02	 1.1387e+03	 6.3159e+00	 1.9797e-01	 3.6315e+02	 1.1497e+03	-8.8205e+01	 9.0903e+07	 2.8493e+06	-3.1904e+01
 1.5000e+02	 1.1387e+03	 6.2740e+00	 1.7442e-01	 3.6315e+02	 1.1522e+03	-8.8408e+01	 6.8784e+07	 1.9122e+06	-3.5971e+01
 2.2500e+02	 1.1387e+03	 6.2376e+00	 1.5605e-01	 3.6315e+02	 1.1549e+03	-8.8567e+01	 5.1254e+07	 1.2822e+06	-3.9972e+01
 3.3750e+02	 1.1387e+03	 6.2060e+00	 1.4077e-01	 3.6315e+02	 1.1575e+03	-8.8701e+01	 3.7877e+07	 8.5918e+05	-4.4085e+01
 5.0625e+02	 1.1387e+03	 6.1780e+00	 1.2935e-01	 3.6315e+02	 1.1601e+03	-8.8801e+01	 2.7481e+07	 5.7538e+05	-4.7761e+01
 7.5938e+02	 1.1387e+03	 6.1527e+00	 1.2188e-01	 3.6315e+02	 1.1627e+03	-8.8865e+01	 1.9444e+07	 3.8517e+05	-5.0483e+01
 1.1391e+03	 1.1387e+03	 6.1293e+00	 1.1862e-01	 3.6316e+02	 1.1680e+03	-8.8891e+01	 1.3318e+07	 2.5776e+05	-5.1670e+01
 1.7086e+03	 1.1387e+03	 6.1077e+00	 1.2103e-01	 3.6316e+02	 1.1707e+03	-8.8865e+01	 8.7021e+06	 1.7244e+05	-5.0463e+01
 2.5629e+03	 1.1387e+03	 6.0853e+00	 1.2899e-01	 3.6315e+02	 1.1732e+03	-8.8786e+01	 5.4437e+06	 1.1539e+05	-4.7178e+01
 3.8443e+03	 1.1387e+03	 6.0619e+00	 1.4407e-01	 3.6315e+02	 1.1757e+03	-8.8639e+01	 3.2491e+06	 7.7221e+04	-4.2075e+01
 5.7665e+03	 1.1387e+03	 6.0361e+00	 1.6766e-01	 3.6315e+02	 1.1782e+03	-8.8409e+01	 1.8613e+06	 5.1701e+04	-3.6001e+01
 8.6498e+03	 1.1387e+03	 6.0047e+00	 2.0161e-01	 3.6315e+02	 1.1807e+03	-8.8077e+01	 1.0320e+06	 3.4647e+04	-2.9785e+01
 1.2975e+04	 1.1387e+03	 5.9655e+00	 2.4797e-01	 3.6316e+02	 1.1833e+03	-8.7620e+01	 5.5933e+05	 2.3250e+04	-2.4057e+01
 1.9462e+04	 1.1387e+03	 5.9142e+00	 3.0953e-01	 3.6316e+02	 1.1859e+03	-8.7004e+01	 2.9873e+05	 1.5634e+04	-1.9107e+01
 2.9193e+04	 1.1387e+03	 5.8464e+00	 3.8777e-01	 3.6315e+02	 1.1887e+03	-8.6205e+01	 1.5897e+05	 1.0544e+04	-1.5077e+01
 4.3789e+04	 1.1387e+03	 5.7548e+00	 4.8371e-01	 3.6315e+02	 1.1911e+03	-8.5195e+01	 8.4960e+04	 7.1412e+03	-1.1897e+01
 6.5684e+04	 1.1387e+03	 5.6305e+00	 5.9752e-01	 3.6315e+02	 1.1936e+03	-8.3942e+01	 4.5852e+04	 4.8658e+03	-9.4232e+00
 9.8526e+04	 1.1387e+03	 5.4630e+00	 7.2354e-01	 3.6315e+02	 1.1962e+03	-8.2455e+01	 2.5244e+04	 3.3434e+03	-7.5504e+00
 1.4779e+05	 1.1387e+03	 5.2394e+00	 8.4790e-01	 3.6315e+02	 1.1987e+03	-8.0807e+01	 1.4361e+04	 2.3240e+03	-6.1792e+00
 2.2168e+05	 1.1387e+03	 4.9566e+00	 9.4307e-01	 3.6315e+02	 1.2014e+03	-7.9227e+01	 8.6077e+03	 1.6378e+03	-5.2558e+00
 3.3253e+05	 1.1387e+03	 4.6330e+00	 9.7624e-01	 3.6315e+02	 1.2040e+03	-7.8101e+01	 5.5435e+03	 1.1681e+03	-4.7458e+00
 4.9879e+05	 1.1387e+03	-6.5519e+00	 5.6341e+01	 3.6315e+02	 1.2070e+03	 6.6332e+00	 6.4037e+01	-5.5066e+02	 1.1629e-01
 7.4818e+05	 1.1387e+03	 4.0925e+00	 7.5117e-01	 3.6315e+02	 1.2135e+03	-7.9599e+01	 3.2020e+03	 5.8772e+02	-5.4482e+00
 9.0000e+05	 1.1387e+03	 3.9946e+00	 6.8881e-01	 3.6315e+02	 1.2212e+03	-8.0216e+01	 2.9029e+03	 5.0056e+02	-5.7992e+00
 1.0000e+02	 1.2186e+03	 6.3035e+00	 1.8975e-01	 3.6314e+02	 1.2294e+03	-8.8276e+01	 9.4841e+07	 2.8549e+06	-3.3221e+01
 1.5000e+02	 1.2186e+03	 6.2647e+00	 1.6712e-01	 3.6315e+02	 1.2322e+03	-8.8472e+01	 7.1787e+07	 1.9150e+06	-3.7486e+01
 2.2500e+02	 1.2186e+03	 6.2289e+00	 1.4930e-01	 3.6314e+02	 1.2347e+03	-8.8627e+01	 5.3572e+07	 1.2840e+06	-4.1722e+01
 3.3750e+02	 1.2186e+03	 6.1989e+00	 1.3460e-01	 3.6315e+02	 1.2375e+03	-8.8756e+01	 3.9614e+07	 8.6016e+05	-4.6054e+01
 5.0625e+02	 1.2186e+03	 6.1725e+00	 1.2374e-01	 3.6315e+02	 1.2399e+03	-8.8852e+01	 2.8726e+07	 5.7589e+05	-4.9882e+01
 7.5938e+02	 1.2186e+03	 6.1484e+00	 1.1669e-01	 3.6314e+02	 1.2427e+03	-8.8913e+01	 2.0308e+07	 3.8544e+05	-5.2687e+01
 1.1391e+03	 1.2186e+03	 6.1262e+00	 1.1353e-01	 3.6315e+02	 1.2477e+03	-8.8938e+01	 1.3916e+07	 2.5789e+05	-5.3963e+01
 1.7086e+03	 1.2186e+03	 6.1052e+00	 1.1576e-01	 3.6315e+02	 1.2504e+03	-8.8914e+01	 9.0986e+06	 1.7252e+05	-5.2741e+01
 2.5629e+03	 1.2186e+03	 6.0841e+00	 1.2329e-01	 3.6315e+02	 1.2529e+03	-8.8839e+01	 5.6950e+06	 1.1541e+05	-4.9346e+01
 3.8443e+03	 1.2186e+03	 6.0621e+00	 1.3771e-01	 3.6315e+02	 1.2556e+03	-8.8699e+01	 3.3993e+06	 7.7219e+04	-4.4021e+01
 5.7665e+03	 1.2186e+03	 6.0379e+00	 1.6042e-01	 3.6315e+02	 1.2581e+03	-8.8478e+01	 1.9453e+06	 5.1686e+04	-3.7638e+01
 8.6498e+03	 1.2186e+03	 6.0088e+00	 1.9348e-01	 3.6315e+02	 1.2606e+03	-8.8156e+01	 1.0753e+06	 3.4624e+04	-3.1057e+01
 1.2975e+04	 1.2186e+03	 5.9726e+00	 2.3953e-01	 3.6315e+02	 1.2634e+03	-8.7703e+01	 5.7904e+05	 2.3223e+04	-2.4934e+01
 1.9462e+04	 1.2186e+03	 5.9247e+00	 3.0171e-01	 3.6314e+02	 1.2658e+03	-8.7085e+01	 3.0647e+05	 1.5607e+04	-1.9637e+01
 2.9193e+04	 1.2186e+03	 5.8610e+00	 3.8232e-01	 3.6315e+02	 1.2684e+03	-8.6268e+01	 1.6124e+05	 1.0518e+04	-1.5330e+01
 4.3789e+04	 1.2186e+03	 5.7722e+00	 4.8330e-01	 3.6314e+02	 1.2708e+03	-8.5214e+01	 8.5032e+04	 7.1197e+03	-1.1943e+01
 6.5684e+04	 1.2186e+03	 5.6480e+00	 6.0428e-01	 3.6315e+02	 1.2734e+03	-8.3893e+01	 4.5339e+04	 4.8508e+03	-9.3467e+00
 9.8526e+04	 1.2186e+03	 5.4759e+00	 7.3858e-01	 3.6315e+02	 1.2760e+03	-8.2318e+01	 2.4730e+04	 3.3355e+03	-7.4140e+00
 1.4779e+05	 1.2186e+03	 5.2425e+00	 8.6806e-01	 3.6315e+02	 1.2787e+03	-8.0598e+01	 1.4027e+04	 2.3227e+03	-6.0393e+00
 2.2168e+05	 1.2186e+03	 4.9478e+00	 9.6228e-01	 3.6315e+02	 1.2812e+03	-7.8994e+01	 8.4359e+03	 1.6407e+03	-5.1418e+00
 3.3253e+05	 1.2186e+03	 4.6150e+00	 9.8746e-01	 3.6315e+02	 1.2837e+03	-7.7923e+01	 5.4805e+03	 1.1727e+03	-4.6736e+00
 4.9879e+05	 1.2186e+03	-6.5846e+00	 5.6081e+01	 3.6315e+02	 1.2866e+03	 6.6966e+00	 6.4334e+01	-5.4793e+02	 1.1741e-01
 7.4818e+05	 1.2186e+03	 4.0746e+00	 7.4383e-01	 3.6315e+02	 1.2931e+03	-7.9654e+01	 3.2336e+03	 5.9031e+02	-5.4779e+00
 9.0000e+05	 1.2186e+03	 3.9780e+00	 6.7811e-01	 3.6315e+02	 1.3012e+03	-8.0326e+01	 2.9487e+03	 5.0264e+02	-5.8663e+00
 1.0000e+02	 1.2985e+03	 6.2925e+00	 1.8298e-01	 3.6315e+02	 1.3091e+03	-8.8334e+01	 9.8350e+07	 2.8599e+06	-3.4390e+01
 1.5000e+02	 1.2985e+03	 6.2549e+00	 1.5952e-01	 3.6316e+02	 1.3119e+03	-8.8539e+01	 7.5207e+07	 1.9180e+06	-3.9210e+01
 2.2500e+02	 1.2985e+03	 6.2214e+00	 1.4379e-01	 3.6315e+02	 1.3143e+03	-8.8676e+01	 5.5622e+07	 1.2856e+06	-4.3266e+01
 3.3750e+02	 1.2985e+03	 6.1928e+00	 1.2989e-01	 3.6315e+02	 1.3172e+03	-8.8798e+01	 4.1050e+07	 8.6100e+05	-4.7677e+01
 5.0625e+02	 1.2985e+03	 6.1673e+00	 1.1933e-01	 3.6316e+02	 1.3197e+03	-8.8892e+01	 2.9789e+07	 5.7638e+05	-5.1682e+01
 7.5938e+02	 1.2985e+03	 6.1441e+00	 1.1278e-01	 3.6315e+02	 1.3224e+03	-8.8948e+01	 2.1013e+07	 3.8570e+05	-5.4480e+01
 1.1391e+03	 1.2985e+03	 6.1229e+00	 1.1030e-01	 3.6315e+02	 1.3274e+03	-8.8968e+01	 1.4323e+07	 2.5802e+05	-5.5512e+01
 1.7086e+03	 1.2985e+03	 6.1026e+00	 1.1262e-01	 3.6316e+02	 1.3298e+03	-8.8943e+01	 9.3526e+06	 1.7259e+05	-5.4189e+01
 2.5629e+03	 1.2985e+03	 6.0821e+00	 1.2044e-01	 3.6316e+02	 1.3326e+03	-8.8866e+01	 5.8298e+06	 1.1545e+05	-5.0497e+01
 3.8443e+03	 1.2985e+03	 6.0608e+00	 1.3467e-01	 3.6315e+02	 1.3351e+03	-8.8727e+01	 3.4761e+06	 7.7236e+04	-4.5006e+01
 5.7665e+03	 1.2985e+03	 6.0374e+00	 1.5729e-01	 3.6315e+02	 1.3376e+03	-8.8508e+01	 1.9840e+06	 5.1690e+04	-3.8384e+01
 8.6498e+03	 1.2985e+03	 6.0096e+00	 1.9049e-01	 3.6315e+02	 1.3404e+03	-8.8185e+01	 1.0922e+06	 3.4619e+04	-3.1549e+01
 1.2975e+04	 1.2985e+03	 5.9750e+00	 2.3725e-01	 3.6315e+02	 1.3430e+03	-8.7726e+01	 5.8462e+05	 2.3213e+04	-2.5185e+01
 1.9462e+04	 1.2985e+03	 5.9289e+00	 3.0078e-01	 3.6315e+02	 1.3457e+03	-8.7096e+01	 3.0742e+05	 1.5596e+04	-1.9712e+01
 2.9193e+04	 1.2985e+03	 5.8668e+00	 3.8487e-01	 3.6315e+02	 1.3483e+03	-8.6247e+01	 1.6017e+05	 1.0507e+04	-1.5244e+01
 4.3789e+04	 1.2985e+03	 5.7783e+00	 4.9135e-01	 3.6315e+02	 1.3507e+03	-8.5140e+01	 8.3640e+04	 7.1121e+03	-1.1760e+01
 6.5684e+04	 1.2985e+03	 5.6513e+00	 6.1957e-01	 3.6316e+02	 1.3534e+03	-8.3744e+01	 4.4220e+04	 4.8480e+03	-9.1214e+00
 9.8526e+04	 1.2985e+03	 5.4708e+00	 7.6071e-01	 3.6315e+02	 1.3560e+03	-8.2084e+01	 2.4010e+04	 3.3386e+03	-7.1917e+00
 1.4779e+05	 1.2985e+03	 5.2246e+00	 8.9257e-01	 3.6316e+02	 1.3589e+03	-8.0305e+01	 1.3642e+04	 2.3306e+03	-5.8534e+00
 2.2168e+05	 1.2985e+03	 4.9166e+00	 9.8086e-01	 3.6315e+02	 1.3613e+03	-7.8718e+01	 8.2761e+03	 1.6511e+03	-5.0126e+00
 3.3253e+05	 1.2985e+03	 4.5769e+00	 9.9365e-01	 3.6315e+02	 1.3641e+03	-7.7751e+01	 5.4464e+03	 1.1824e+03	-4.6061e+00
 4.9879e+05	 1.2985e+03	-6.5372e+00	 5.5607e+01	 3.6315e+02	 1.3668e+03	 6.7049e+00	 6.4881e+01	-5.5190e+02	 1.1756e-01
 7.4818e+05	 1.2985e+03	 4.0446e+00	 7.2915e-01	 3.6315e+02	 1.3731e+03	-7.9781e+01	 3.2987e+03	 5.9468e+02	-5.5470e+00
 9.0000e+05	 1.2985e+03	 3.9515e+00	 6.6149e-01	 3.6316e+02	 1.3809e+03	-8.0497e+01	 3.0228e+03	 5.0602e+02	-5.9736e+00
 1.0000e+02	 1.3782e+03	 6.2828e+00	 1.7749e-01	 3.6315e+02	 1.3888e+03	-8.8382e+01	 1.0139e+08	 2.8643e+06	-3.5398e+01
 1.5000e+02	 1.3782e+03	 6.2463e+00	 1.5462e-01	 3.6315e+02	 1.3913e+03	-8.8582e+01	 7.7590e+07	 1.9207e+06	-4.0397e+01
 2.2500e+02	 1.3782e+03	 6.2146e+00	 1.3941e-01	 3.6315e+02	 1.3940e+03	-8.8715e+01	 5.7373e+07	 1.2870e+06	-4.4580e+01
 3.3750e+02	 1.3782e+03	 6.1870e+00	 1.2605e-01	 3.6315e+02	 1.3966e+03	-8.8833e+01	 4.2300e+07	 8.6181e+05	-4.9082e+01
 5.0625e+02	 1.3782e+03	 6.1625e+00	 1.1623e-01	 3.6314e+02	 1.3991e+03	-8.8919e+01	 3.0583e+07	 5.7683e+05	-5.3020e+01
 7.5938e+02	 1.3782e+03	 6.1403e+00	 1.1041e-01	 3.6315e+02	 1.4016e+03	-8.8970e+01	 2.1464e+07	 3.8594e+05	-5.5615e+01
 1.1391e+03	 1.3782e+03	 6.1193e+00	 1.0807e-01	 3.6315e+02	 1.4069e+03	-8.8988e+01	 1.4619e+07	 2.5818e+05	-5.6622e+01
 1.7086e+03	 1.3782e+03	 6.0998e+00	 1.1099e-01	 3.6314e+02	 1.4095e+03	-8.8958e+01	 9.4893e+06	 1.7267e+05	-5.4956e+01
 2.5629e+03	 1.3782e+03	 6.0796e+00	 1.1948e-01	 3.6315e+02	 1.4121e+03	-8.8874e+01	 5.8767e+06	 1.1549e+05	-5.0883e+01
 3.8443e+03	 1.3782e+03	 6.0586e+00	 1.3409e-01	 3.6315e+02	 1.4145e+03	-8.8732e+01	 3.4911e+06	 7.7264e+04	-4.5184e+01
 5.7665e+03	 1.3782e+03	 6.0357e+00	 1.5723e-01	 3.6315e+02	 1.4169e+03	-8.8508e+01	 1.9848e+06	 5.1705e+04	-3.8387e+01
 8.6498e+03	 1.3782e+03	 6.0084e+00	 1.9151e-01	 3.6315e+02	 1.4195e+03	-8.8174e+01	 1.0864e+06	 3.4626e+04	-3.1374e+01
 1.2975e+04	 1.3782e+03	 5.9743e+00	 2.3965e-01	 3.6315e+02	 1.4221e+03	-8.7703e+01	 5.7876e+05	 2.3216e+04	-2.4929e+01
 1.9462e+04	 1.3782e+03	 5.9288e+00	 3.0571e-01	 3.6315e+02	 1.4246e+03	-8.7048e+01	 3.0246e+05	 1.5596e+04	-1.9393e+01
 2.9193e+04	 1.3782e+03	 5.8663e+00	 3.9400e-01	 3.6315e+02	 1.4274e+03	-8.6158e+01	 1.5646e+05	 1.0508e+04	-1.4889e+01
 4.3789e+04	 1.3782e+03	 5.7758e+00	 5.0629e-01	 3.6315e+02	 1.4299e+03	-8.4990e+01	 8.1170e+04	 7.1152e+03	-1.1408e+01
 6.5684e+04	 1.3782e+03	 5.6428e+00	 6.4163e-01	 3.6315e+02	 1.4323e+03	-8.3513e+01	 4.2699e+04	 4.8553e+03	-8.7944e+00
 9.8526e+04	 1.3782e+03	 5.4514e+00	 7.8778e-01	 3.6314e+02	 1.4351e+03	-8.1777e+01	 2.3185e+04	 3.3505e+03	-6.9200e+00
 1.4779e+05	 1.3782e+03	 5.1908e+00	 9.1848e-01	 3.6314e+02	 1.4376e+03	-7.9966e+01	 1.3257e+04	 2.3458e+03	-5.6515e+00
 2.2168e+05	 1.3782e+03	 4.8702e+00	 9.9679e-01	 3.6315e+02	 1.4404e+03	-7.8433e+01	 8.1439e+03	 1.6668e+03	-4.8859e+00
 3.3253e+05	 1.3782e+03	 4.5263e+00	 9.9420e-01	 3.6315e+02	 1.4429e+03	-7.7612e+01	 5.4434e+03	 1.1956e+03	-4.5527e+00
 4.9879e+05	 1.3782e+03	-6.4215e+00	 5.5016e+01	 3.6315e+02	 1.4460e+03	 6.6575e+00	 6.5579e+01	-5.6185e+02	 1.1672e-01
 7.4818e+05	 1.3782e+03	 4.0087e+00	 7.0859e-01	 3.6315e+02	 1.4523e+03	-7.9976e+01	 3.3944e+03	 6.0000e+02	-5.6573e+00
 9.0000e+05	 1.3782e+03	 3.9199e+00	 6.3872e-01	 3.6314e+02	 1.4599e+03	-8.0745e+01	 3.1305e+03	 5.1010e+02	-6.1372e+00
 1.0000e+02	 1.4572e+03	 6.2749e+00	 1.7245e-01	 3.6314e+02	 1.4681e+03	-8.8426e+01	 1.0436e+08	 2.8679e+06	-3.6387e+01
 1.5000e+02	 1.4572e+03	 6.2398e+00	 1.5233e-01	 3.6315e+02	 1.4705e+03	-8.8602e+01	 7.8759e+07	 1.9227e+06	-4.0963e+01
 2.2500e+02	 1.4572e+03	 6.2092e+00	 1.3623e-01	 3.6315e+02	 1.4732e+03	-8.8743e+01	 5.8712e+07	 1.2881e+06	-4.5580e+01
 3.3750e+02	 1.4572e+03	 6.1822e+00	 1.2305e-01	 3.6315e+02	 1.4757e+03	-8.8860e+01	 4.3331e+07	 8.6249e+05	-5.0240e+01
 5.0625e+02	 1.4572e+03	 6.1584e+00	 1.1400e-01	 3.6315e+02	 1.4786e+03	-8.8940e+01	 3.1183e+07	 5.7721e+05	-5.4023e+01
 7.5938e+02	 1.4572e+03	 6.1369e+00	 1.0847e-01	 3.6315e+02	 1.4813e+03	-8.8987e+01	 2.1848e+07	 3.8615e+05	-5.6577e+01
 1.1391e+03	 1.4572e+03	 6.1164e+00	 1.0715e-01	 3.6315e+02	 1.4866e+03	-8.8996e+01	 1.4745e+07	 2.5830e+05	-5.7085e+01
 1.7086e+03	 1.4572e+03	 6.0971e+00	 1.1052e-01	 3.6315e+02	 1.4894e+03	-8.8961e+01	 9.5296e+06	 1.7275e+05	-5.5165e+01
 2.5629e+03	 1.4572e+03	 6.0773e+00	 1.1953e-01	 3.6315e+02	 1.4920e+03	-8.8873e+01	 5.8742e+06	 1.1554e+05	-5.0842e+01
 3.8443e+03	 1.4572e+03	 6.0567e+00	 1.3525e-01	 3.6315e+02	 1.4946e+03	-8.8721e+01	 3.4612e+06	 7.7288e+04	-4.4783e+01
 5.7665e+03	 1.4572e+03	 6.0338e+00	 1.5968e-01	 3.6315e+02	 1.4971e+03	-8.8484e+01	 1.9544e+06	 5.1721e+04	-3.7788e+01
 8.6498e+03	 1.4572e+03	 6.0062e+00	 1.9530e-01	 3.6315e+02	 1.4999e+03	-8.8138e+01	 1.0653e+06	 3.4639e+04	-3.0753e+01
 1.2975e+04	 1.4572e+03	 5.9720e+00	 2.4591e-01	 3.6315e+02	 1.5025e+03	-8.7642e+01	 5.6403e+05	 2.3225e+04	-2.4285e+01
 1.9462e+04	 1.4572e+03	 5.9255e+00	 3.1545e-01	 3.6315e+02	 1.5052e+03	-8.6953e+01	 2.9312e+05	 1.5605e+04	-1.8784e+01
 2.9193e+04	 1.4572e+03	 5.8613e+00	 4.0841e-01	 3.6315e+02	 1.5078e+03	-8.6014e+01	 1.5094e+05	 1.0517e+04	-1.4352e+01
 4.3789e+04	 1.4572e+03	 5.7665e+00	 5.2729e-01	 3.6315e+02	 1.5104e+03	-8.4775e+01	 7.7938e+04	 7.1266e+03	-1.0936e+01
 6.5684e+04	 1.4572e+03	 5.6251e+00	 6.6921e-01	 3.6315e+02	 1.5131e+03	-8.3215e+01	 4.0940e+04	 4.8706e+03	-8.4055e+00
 9.8526e+04	 1.4572e+03	 5.4202e+00	 8.1836e-01	 3.6315e+02	 1.5159e+03	-8.1414e+01	 2.2319e+04	 3.3698e+03	-6.6233e+00
 1.4779e+05	 1.4572e+03	 5.1437e+00	 9.4455e-01	 3.6315e+02	 1.5186e+03	-7.9595e+01	 1.2891e+04	 2.3673e+03	-5.4456e+00
 2.2168e+05	 1.4572e+03	 4.8119e+00	 1.0091e+00	 3.6316e+02	 1.5214e+03	-7.8156e+01	 8.0447e+03	 1.6870e+03	-4.7686e+00
 3.3253e+05	 1.4572e+03	 4.4940e+00	 9.9517e-01	 3.6315e+02	 1.5240e+03	-7.7514e+01	 5.4381e+03	 1.2042e+03	-4.5158e+00
 4.9879e+05	 1.4572e+03	-6.2438e+00	 5.4354e+01	 3.6315e+02	 1.5268e+03	 6.5530e+00	 6.6377e+01	-5.7784e+02	 1.1487e-01
 7.4818e+05	 1.4572e+03	 3.9698e+00	 6.8558e-01	 3.6315e+02	 1.5332e+03	-8.0202e+01	 3.5083e+03	 6.0589e+02	-5.7904e+00
 9.0000e+05	 1.4572e+03	 3.8861e+00	 6.1527e-01	 3.6316e+02	 1.5409e+03	-8.1003e+01	 3.2498e+03	 5.1453e+02	-6.3162e+00
 1.0000e+02	 1.5382e+03	 6.2683e+00	 1.6880e-01	 3.6315e+02	 1.5489e+03	-8.8457e+01	 1.0661e+08	 2.8709e+06	-3.7135e+01
 1.5000e+02	 1.5382e+03	 6.2344e+00	 1.4945e-01	 3.6315e+02	 1.5514e+03	-8.8627e+01	 8.0277e+07	 1.9243e+06	-4.1716e+01
 2.2500e+02	 1.5382e+03	 6.2044e+00	 1.3325e-01	 3.6316e+02	 1.5539e+03	-8.8770e+01	 6.0023e+07	 1.2891e+06	-4.6562e+01
 3.3750e+02	 1.5382e+03	 6.1784e+00	 1.2094e-01	 3.6316e+02	 1.5564e+03	-8.8879e+01	 4.4088e+07	 8.6302e+05	-5.1086e+01
 5.0625e+02	 1.5382e+03	 6.1552e+00	 1.1227e-01	 3.6315e+02	 1.5589e+03	-8.8955e+01	 3.1661e+07	 5.7752e+05	-5.4823e+01
 7.5938e+02	 1.5382e+03	 6.1340e+00	 1.0753e-01	 3.6315e+02	 1.5617e+03	-8.8996e+01	 2.2039e+07	 3.8634e+05	-5.7046e+01
 1.1391e+03	 1.5382e+03	 6.1141e+00	 1.0682e-01	 3.6315e+02	 1.5669e+03	-8.8999e+01	 1.4791e+07	 2.5840e+05	-5.7239e+01
 1.7086e+03	 1.5382e+03	 6.0948e+00	 1.1085e-01	 3.6315e+02	 1.5694e+03	-8.8958e+01	 9.5014e+06	 1.7281e+05	-5.4981e+01
 2.5629e+03	 1.5382e+03	 6.0753e+00	 1.2089e-01	 3.6315e+02	 1.5719e+03	-8.8860e+01	 5.8083e+06	 1.1558e+05	-5.0255e+01
 3.8443e+03	 1.5382e+03	 6.0546e+00	 1.3765e-01	 3.6315e+02	 1.5746e+03	-8.8698e+01	 3.4008e+06	 7.7315e+04	-4.3986e+01
 5.7665e+03	 1.5382e+03	 6.0314e+00	 1.6358e-01	 3.6315e+02	 1.5770e+03	-8.8446e+01	 1.9078e+06	 5.1741e+04	-3.6872e+01
 8.6498e+03	 1.5382e+03	 6.0036e+00	 2.0147e-01	 3.6315e+02	 1.5797e+03	-8.8078e+01	 1.0327e+06	 3.4654e+04	-2.9799e+01
 1.2975e+04	 1.5382e+03	 5.9684e+00	 2.5487e-01	 3.6315e+02	 1.5822e+03	-8.7555e+01	 5.4420e+05	 2.3239e+04	-2.3418e+01
 1.9462e+04	 1.5382e+03	 5.9206e+00	 3.2852e-01	 3.6315e+02	 1.5847e+03	-8.6824e+01	 2.8146e+05	 1.5618e+04	-1.8022e+01
 2.9193e+04	 1.5382e+03	 5.8531e+00	 4.2686e-01	 3.6315e+02	 1.5873e+03	-8.5829e+01	 1.4441e+05	 1.0532e+04	-1.3712e+01
 4.3789e+04	 1.5382e+03	 5.7523e+00	 5.5210e-01	 3.6315e+02	 1.5897e+03	-8.4518e+01	 7.4435e+04	 7.1442e+03	-1.0419e+01
 6.5684e+04	 1.5382e+03	 5.6004e+00	 6.9933e-01	 3.6315e+02	 1.5924e+03	-8.2882e+01	 3.9177e+04	 4.8920e+03	-8.0083e+00
 9.8526e+04	 1.5382e+03	 5.3807e+00	 8.4955e-01	 3.6315e+02	 1.5951e+03	-8.1028e+01	 2.1500e+04	 3.3945e+03	-6.3336e+00
 1.4779e+05	 1.5382e+03	 5.0891e+00	 9.6776e-01	 3.6316e+02	 1.5977e+03	-7.9233e+01	 1.2582e+04	 2.3927e+03	-5.2586e+00
 2.2168e+05	 1.5382e+03	 4.7494e+00	 1.0165e+00	 3.6315e+02	 1.6002e+03	-7.7919e+01	 7.9857e+03	 1.7092e+03	-4.6721e+00
 3.3253e+05	 1.5382e+03	 4.4337e+00	 9.8543e-01	 3.6315e+02	 1.6027e+03	-7.7469e+01	 5.4919e+03	 1.2206e+03	-4.4993e+00
 4.9879e+05	 1.5382e+03	-6.0371e+00	 5.3702e+01	 3.6315e+02	 1.6056e+03	 6.4141e+00	 6.7183e+01	-5.9762e+02	 1.1242e-01
 7.4818e+05	 1.5382e+03	 3.9320e+00	 6.6099e-01	 3.6315e+02	 1.6120e+03	-8.0457e+01	 3.6388e+03	 6.1171e+02	-5.9486e+00
 9.0000e+05	 1.5382e+03	 3.8529e+00	 5.9094e-01	 3.6315e+02	 1.6196e+03	-8.1280e+01	 3.3836e+03	 5.1897e+02	-6.5199e+00
 1.0000e+02	 1.6169e+03	 6.2629e+00	 1.6568e-01	 3.6315e+02	 1.6279e+03	-8.8485e+01	 1.0862e+08	 2.8734e+06	-3.7800e+01
 1.5000e+02	 1.6169e+03	 6.2310e+00	 1.4509e-01	 3.6315e+02	 1.6304e+03	-8.8666e+01	 8.2687e+07	 1.9254e+06	-4.2945e+01
 2.2500e+02	 1.6169e+03	 6.2008e+00	 1.3129e-01	 3.6315e+02	 1.6331e+03	-8.8787e+01	 6.0921e+07	 1.2899e+06	-4.7231e+01
 3.3750e+02	 1.6169e+03	 6.1752e+00	 1.1938e-01	 3.6315e+02	 1.6357e+03	-8.8892e+01	 4.4665e+07	 8.6347e+05	-5.1728e+01
 5.0625e+02	 1.6169e+03	 6.1525e+00	 1.1138e-01	 3.6315e+02	 1.6385e+03	-8.8963e+01	 3.1916e+07	 5.7777e+05	-5.5241e+01
 7.5938e+02	 1.6169e+03	 6.1316e+00	 1.0701e-01	 3.6315e+02	 1.6411e+03	-8.9000e+01	 2.2146e+07	 3.8649e+05	-5.7300e+01
 1.1391e+03	 1.6169e+03	 6.1118e+00	 1.0735e-01	 3.6315e+02	 1.6462e+03	-8.8994e+01	 1.4717e+07	 2.5850e+05	-5.6932e+01
 1.7086e+03	 1.6169e+03	 6.0928e+00	 1.1187e-01	 3.6316e+02	 1.6487e+03	-8.8948e+01	 9.4151e+06	 1.7287e+05	-5.4464e+01
 2.5629e+03	 1.6169e+03	 6.0735e+00	 1.2290e-01	 3.6315e+02	 1.6513e+03	-8.8841e+01	 5.7131e+06	 1.1561e+05	-4.9416e+01
 3.8443e+03	 1.6169e+03	 6.0526e+00	 1.4094e-01	 3.6316e+02	 1.6537e+03	-8.8666e+01	 3.3214e+06	 7.7340e+04	-4.2945e+01
 5.7665e+03	 1.6169e+03	 6.0291e+00	 1.6867e-01	 3.6315e+02	 1.6564e+03	-8.8398e+01	 1.8502e+06	 5.1761e+04	-3.5745e+01
 8.6498e+03	 1.6169e+03	 6.0008e+00	 2.0897e-01	 3.6315e+02	 1.6590e+03	-8.8006e+01	 9.9558e+05	 3.4670e+04	-2.8716e+01
 1.2975e+04	 1.6169e+03	 5.9643e+00	 2.6590e-01	 3.6315e+02	 1.6618e+03	-8.7447e+01	 5.2162e+05	 2.3255e+04	-2.2431e+01
 1.9462e+04	 1.6169e+03	 5.9142e+00	 3.4396e-01	 3.6315e+02	 1.6644e+03	-8.6672e+01	 2.6883e+05	 1.5634e+04	-1.7195e+01
 2.9193e+04	 1.6169e+03	 5.8425e+00	 4.4800e-01	 3.6315e+02	 1.6671e+03	-8.5615e+01	 1.3760e+05	 1.0551e+04	-1.3041e+01
 4.3789e+04	 1.6169e+03	 5.7341e+00	 5.7940e-01	 3.6315e+02	 1.6696e+03	-8.4230e+01	 7.0929e+04	 7.1670e+03	-9.8966e+00
 6.5684e+04	 1.6169e+03	 5.5705e+00	 7.3103e-01	 3.6315e+02	 1.6720e+03	-8.2524e+01	 3.7478e+04	 4.9183e+03	-7.6200e+00
 9.8526e+04	 1.6169e+03	 5.3357e+00	 8.7992e-01	 3.6315e+02	 1.6746e+03	-8.0636e+01	 2.0758e+04	 3.4231e+03	-6.0639e+00
 1.4779e+05	 1.6169e+03	 5.0300e+00	 9.8815e-01	 3.6315e+02	 1.6772e+03	-7.8886e+01	 1.2323e+04	 2.4208e+03	-5.0904e+00
 2.2168e+05	 1.6169e+03	 4.6842e+00	 1.0202e+00	 3.6315e+02	 1.6799e+03	-7.7713e+01	 7.9571e+03	 1.7330e+03	-4.5916e+00
 3.3253e+05	 1.6169e+03	 4.3728e+00	 9.7294e-01	 3.6315e+02	 1.6826e+03	-7.7456e+01	 5.5623e+03	 1.2376e+03	-4.4943e+00
 4.9879e+05	 1.6169e+03	-5.8105e+00	 5.3050e+01	 3.6315e+02	 1.6856e+03	 6.2506e+00	 6.8009e+01	-6.2093e+02	 1.0953e-01
 7.4818e+05	 1.6169e+03	 3.8943e+00	 6.3697e-01	 3.6314e+02	 1.6919e+03	-8.0711e+01	 3.7761e+03	 6.1764e+02	-6.1137e+00
 9.0000e+05	 1.6169e+03	 3.8197e+00	 5.6689e-01	 3.6315e+02	 1.6994e+03	-8.1558e+01	 3.5272e+03	 5.2347e+02	-6.7381e+00
 1.0000e+02	 1.6968e+03	 6.2588e+00	 1.6354e-01	 3.6315e+02	 1.7076e+03	-8.8503e+01	 1.1004e+08	 2.8752e+06	-3.8271e+01
 1.5000e+02	 1.6968e+03	 6.2256e+00	 1.4527e-01	 3.6314e+02	 1.7101e+03	-8.8663e+01	 8.2584e+07	 1.9271e+06	-4.2855e+01
 2.2500e+02	 1.6968e+03	 6.1975e+00	 1.2940e-01	 3.6315e+02	 1.7127e+03	-8.8804e+01	 6.1808e+07	 1.2905e+06	-4.7893e+01
 3.3750e+02	 1.6968e+03	 6.1725e+00	 1.1822e-01	 3.6314e+02	 1.7153e+03	-8.8903e+01	 4.5104e+07	 8.6384e+05	-5.2213e+01
 5.0625e+02	 1.6968e+03	 6.1501e+00	 1.1061e-01	 3.6314e+02	 1.7178e+03	-8.8970e+01	 3.2139e+07	 5.7799e+05	-5.5604e+01
 7.5938e+02	 1.6968e+03	 6.1294e+00	 1.0689e-01	 3.6315e+02	 1.7204e+03	-8.9001e+01	 2.2171e+07	 3.8663e+05	-5.7344e+01
 1.1391e+03	 1.6968e+03	 6.1101e+00	 1.0717e-01	 3.6314e+02	 1.7256e+03	-8.8995e+01	 1.4742e+07	 2.5857e+05	-5.7014e+01
 1.7086e+03	 1.6968e+03	 6.0910e+00	 1.1318e-01	 3.6315e+02	 1.7281e+03	-8.8935e+01	 9.3057e+06	 1.7292e+05	-5.3815e+01
 2.5629e+03	 1.6968e+03	 6.0717e+00	 1.2519e-01	 3.6314e+02	 1.7310e+03	-8.8819e+01	 5.6088e+06	 1.1565e+05	-4.8500e+01
 3.8443e+03	 1.6968e+03	 6.0507e+00	 1.4457e-01	 3.6315e+02	 1.7334e+03	-8.8631e+01	 3.2380e+06	 7.7365e+04	-4.1854e+01
 5.7665e+03	 1.6968e+03	 6.0270e+00	 1.7436e-01	 3.6315e+02	 1.7359e+03	-8.8343e+01	 1.7899e+06	 5.1779e+04	-3.4567e+01
 8.6498e+03	 1.6968e+03	 5.9979e+00	 2.1738e-01	 3.6314e+02	 1.7384e+03	-8.7924e+01	 9.5708e+05	 3.4687e+04	-2.7592e+01
 1.2975e+04	 1.6968e+03	 5.9600e+00	 2.7773e-01	 3.6315e+02	 1.7410e+03	-8.7332e+01	 4.9940e+05	 2.3272e+04	-2.1460e+01
 1.9462e+04	 1.6968e+03	 5.9072e+00	 3.6053e-01	 3.6315e+02	 1.7437e+03	-8.6507e+01	 2.5647e+05	 1.5653e+04	-1.6385e+01
 2.9193e+04	 1.6968e+03	 5.8306e+00	 4.7056e-01	 3.6315e+02	 1.7462e+03	-8.5386e+01	 1.3100e+05	 1.0573e+04	-1.2391e+01
 4.3789e+04	 1.6968e+03	 5.7140e+00	 6.0756e-01	 3.6315e+02	 1.7487e+03	-8.3931e+01	 6.7642e+04	 7.1922e+03	-9.4049e+00
 6.5684e+04	 1.6968e+03	 5.5379e+00	 7.6264e-01	 3.6315e+02	 1.7514e+03	-8.2159e+01	 3.5924e+04	 4.9472e+03	-7.2616e+00
 9.8526e+04	 1.6968e+03	 5.2882e+00	 9.0892e-01	 3.6315e+02	 1.7539e+03	-8.0247e+01	 2.0095e+04	 3.4539e+03	-5.8181e+00
 1.4779e+05	 1.6968e+03	 4.9699e+00	 1.0060e+00	 3.6315e+02	 1.7566e+03	-7.8557e+01	 1.2104e+04	 2.4500e+03	-4.9401e+00
 2.2168e+05	 1.6968e+03	 4.6201e+00	 1.0216e+00	 3.6315e+02	 1.7591e+03	-7.7531e+01	 7.9461e+03	 1.7571e+03	-4.5224e+00
 3.3253e+05	 1.6968e+03	 4.3141e+00	 9.5951e-01	 3.6315e+02	 1.7618e+03	-7.7461e+01	 5.6402e+03	 1.2545e+03	-4.4961e+00
 4.9879e+05	 1.6968e+03	-5.5909e+00	 5.2427e+01	 3.6315e+02	 1.7645e+03	 6.0871e+00	 6.8817e+01	-6.4531e+02	 1.0664e-01
 7.4818e+05	 1.6968e+03	 3.8579e+00	 6.1391e-01	 3.6315e+02	 1.7711e+03	-8.0958e+01	 3.9180e+03	 6.2347e+02	-6.2842e+00
 9.0000e+05	 1.6968e+03	 3.7876e+00	 5.4413e-01	 3.6315e+02	 1.7789e+03	-8.1825e+01	 3.6747e+03	 5.2791e+02	-6.9608e+00
 1.0000e+02	 1.7762e+03	 6.2550e+00	 1.6140e-01	 3.6315e+02	 1.7867e+03	-8.8522e+01	 1.1150e+08	 2.8770e+06	-3.8756e+01
 1.5000e+02	 1.7762e+03	 6.2228e+00	 1.4307e-01	 3.6315e+02	 1.7891e+03	-8.8683e+01	 8.3854e+07	 1.9279e+06	-4.3495e+01
 2.2500e+02	 1.7762e+03	 6.1949e+00	 1.2836e-01	 3.6315e+02	 1.7916e+03	-8.8813e+01	 6.2312e+07	 1.2911e+06	-4.8264e+01
 3.3750e+02	 1.7762e+03	 6.1704e+00	 1.1735e-01	 3.6316e+02	 1.7942e+03	-8.8910e+01	 4.5437e+07	 8.6413e+05	-5.2581e+01
 5.0625e+02	 1.7762e+03	 6.1481e+00	 1.1021e-01	 3.6315e+02	 1.7966e+03	-8.8973e+01	 3.2253e+07	 5.7818e+05	-5.5784e+01
 7.5938e+02	 1.7762e+03	 6.1280e+00	 1.0700e-01	 3.6315e+02	 1.7992e+03	-8.9000e+01	 2.2149e+07	 3.8672e+05	-5.7274e+01
 1.1391e+03	 1.7762e+03	 6.1087e+00	 1.0809e-01	 3.6315e+02	 1.8044e+03	-8.8986e+01	 1.4616e+07	 2.5863e+05	-5.6515e+01
 1.7086e+03	 1.7762e+03	 6.0896e+00	 1.1456e-01	 3.6315e+02	 1.8069e+03	-8.8922e+01	 9.1942e+06	 1.7296e+05	-5.3159e+01
 2.5629e+03	 1.7762e+03	 6.0702e+00	 1.2757e-01	 3.6315e+02	 1.8097e+03	-8.8796e+01	 5.5040e+06	 1.1567e+05	-4.7582e+01
 3.8443e+03	 1.7762e+03	 6.0489e+00	 1.4845e-01	 3.6314e+02	 1.8122e+03	-8.8594e+01	 3.1533e+06	 7.7387e+04	-4.0747e+01
 5.7665e+03	 1.7762e+03	 6.0251e+00	 1.8017e-01	 3.6315e+02	 1.8147e+03	-8.8287e+01	 1.7321e+06	 5.1796e+04	-3.3441e+01
 8.6498e+03	 1.7762e+03	 5.9951e+00	 2.2591e-01	 3.6315e+02	 1.8174e+03	-8.7842e+01	 9.2092e+05	 3.4703e+04	-2.6537e+01
 1.2975e+04	 1.7762e+03	 5.9557e+00	 2.8991e-01	 3.6316e+02	 1.8199e+03	-8.7213e+01	 4.7843e+05	 2.3288e+04	-2.0544e+01
 1.9462e+04	 1.7762e+03	 5.9001e+00	 3.7759e-01	 3.6315e+02	 1.8226e+03	-8.6338e+01	 2.4488e+05	 1.5672e+04	-1.5626e+01
 2.9193e+04	 1.7762e+03	 5.8184e+00	 4.9323e-01	 3.6315e+02	 1.8252e+03	-8.5155e+01	 1.2498e+05	 1.0595e+04	-1.1797e+01
 4.3789e+04	 1.7762e+03	 5.6935e+00	 6.3569e-01	 3.6315e+02	 1.8279e+03	-8.3629e+01	 6.4648e+04	 7.2180e+03	-8.9565e+00
 6.5684e+04	 1.7762e+03	 5.5053e+00	 7.9351e-01	 3.6315e+02	 1.8304e+03	-8.1798e+01	 3.4527e+04	 4.9765e+03	-6.9380e+00
 9.8526e+04	 1.7762e+03	 5.2412e+00	 9.3621e-01	 3.6315e+02	 1.8332e+03	-7.9872e+01	 1.9510e+04	 3.4849e+03	-5.5983e+00
 1.4779e+05	 1.7762e+03	 4.9114e+00	 1.0225e+00	 3.6315e+02	 1.8358e+03	-7.8240e+01	 1.1909e+04	 2.4792e+03	-4.8034e+00
 2.2168e+05	 1.7762e+03	 4.5582e+00	 1.0223e+00	 3.6315e+02	 1.8385e+03	-7.7359e+01	 7.9404e+03	 1.7809e+03	-4.4586e+00
 3.3253e+05	 1.7762e+03	 4.2571e+00	 9.4671e-01	 3.6315e+02	 1.8411e+03	-7.7462e+01	 5.7164e+03	 1.2712e+03	-4.4968e+00
 4.9879e+05	 1.7762e+03	-5.3839e+00	 5.1821e+01	 3.6315e+02	 1.8438e+03	 5.9314e+00	 6.9622e+01	-6.7013e+02	 1.0389e-01
 7.4818e+05	 1.7762e+03	 3.8219e+00	 5.9223e-01	 3.6315e+02	 1.8504e+03	-8.1192e+01	 4.0613e+03	 6.2933e+02	-6.4534e+00
 9.0000e+05	 1.7762e+03	 3.7557e+00	 5.2265e-01	 3.6315e+02	 1.8581e+03	-8.2077e+01	 3.8257e+03	 5.3240e+02	-7.1858e+00
 1.0000e+02	 1.8554e+03	 6.2527e+00	 1.6026e-01	 3.6315e+02	 1.8663e+03	-8.8532e+01	 1.1229e+08	 2.8781e+06	-3.9017e+01
 1.5000e+02	 1.8554e+03	 6.2209e+00	 1.4174e-01	 3.6315e+02	 1.8687e+03	-8.8695e+01	 8.4640e+07	 1.9285e+06	-4.3889e+01
 2.2500e+02	 1.8554e+03	 6.1933e+00	 1.2768e-01	 3.6315e+02	 1.8714e+03	-8.8819e+01	 6.2642e+07	 1.2914e+06	-4.8507e+01
 3.3750e+02	 1.8554e+03	 6.1689e+00	 1.1676e-01	 3.6315e+02	 1.8739e+03	-8.8916e+01	 4.5668e+07	 8.6435e+05	-5.2835e+01
 5.0625e+02	 1.8554e+03	 6.1468e+00	 1.0994e-01	 3.6315e+02	 1.8767e+03	-8.8975e+01	 3.2334e+07	 5.7830e+05	-5.5912e+01
 7.5938e+02	 1.8554e+03	 6.1268e+00	 1.0723e-01	 3.6315e+02	 1.8792e+03	-8.8997e+01	 2.2100e+07	 3.8679e+05	-5.7137e+01
 1.1391e+03	 1.8554e+03	 6.1076e+00	 1.0909e-01	 3.6315e+02	 1.8843e+03	-8.8977e+01	 1.4483e+07	 2.5867e+05	-5.5988e+01
 1.7086e+03	 1.8554e+03	 6.0891e+00	 1.1602e-01	 3.6315e+02	 1.8868e+03	-8.8908e+01	 9.0780e+06	 1.7297e+05	-5.2482e+01
 2.5629e+03	 1.8554e+03	 6.0690e+00	 1.3010e-01	 3.6315e+02	 1.8896e+03	-8.8772e+01	 5.3971e+06	 1.1570e+05	-4.6649e+01
 3.8443e+03	 1.8554e+03	 6.0479e+00	 1.5241e-01	 3.6314e+02	 1.8921e+03	-8.8556e+01	 3.0715e+06	 7.7400e+04	-3.9683e+01
 5.7665e+03	 1.8554e+03	 6.0235e+00	 1.8600e-01	 3.6315e+02	 1.8949e+03	-8.8231e+01	 1.6778e+06	 5.1809e+04	-3.2384e+01
 8.6498e+03	 1.8554e+03	 5.9928e+00	 2.3438e-01	 3.6315e+02	 1.8975e+03	-8.7760e+01	 8.8766e+05	 3.4717e+04	-2.5569e+01
 1.2975e+04	 1.8554e+03	 5.9513e+00	 3.0222e-01	 3.6314e+02	 1.9001e+03	-8.7093e+01	 4.5893e+05	 2.3306e+04	-1.9692e+01
 1.9462e+04	 1.8554e+03	 5.8934e+00	 3.9469e-01	 3.6314e+02	 1.9026e+03	-8.6169e+01	 2.3428e+05	 1.5690e+04	-1.4932e+01
 2.9193e+04	 1.8554e+03	 5.8065e+00	 5.1575e-01	 3.6314e+02	 1.9054e+03	-8.4924e+01	 1.1952e+05	 1.0616e+04	-1.1258e+01
 4.3789e+04	 1.8554e+03	 5.6732e+00	 6.6360e-01	 3.6315e+02	 1.9079e+03	-8.3328e+01	 6.1929e+04	 7.2439e+03	-8.5492e+00
 6.5684e+04	 1.8554e+03	 5.4730e+00	 8.2384e-01	 3.6315e+02	 1.9107e+03	-8.1440e+01	 3.3256e+04	 5.0059e+03	-6.6434e+00
 9.8526e+04	 1.8554e+03	 5.1949e+00	 9.6308e-01	 3.6315e+02	 1.9133e+03	-7.9497e+01	 1.8965e+04	 3.5159e+03	-5.3941e+00
 1.4779e+05	 1.8554e+03	 4.8530e+00	 1.0388e+00	 3.6314e+02	 1.9184e+03	-7.7918e+01	 1.1722e+04	 2.5091e+03	-4.6718e+00
 2.2168e+05	 1.8554e+03	 4.4966e+00	 1.0236e+00	 3.6315e+02	 1.9208e+03	-7.7176e+01	 7.9308e+03	 1.8053e+03	-4.3931e+00
 3.3253e+05	 1.8554e+03	 4.2008e+00	 9.3468e-01	 3.6315e+02	 1.9234e+03	-7.7456e+01	 5.7900e+03	 1.2883e+03	-4.4944e+00
 4.9879e+05	 1.8554e+03	-5.1880e+00	 5.1211e+01	 3.6315e+02	 1.9261e+03	 5.7847e+00	 7.0451e+01	-6.9543e+02	 1.0131e-01
 7.4818e+05	 1.8554e+03	 3.7857e+00	 5.7083e-01	 3.6315e+02	 1.9326e+03	-8.1425e+01	 4.2136e+03	 6.3536e+02	-6.6319e+00
 9.0000e+05	 1.8554e+03	 3.7234e+00	 5.0142e-01	 3.6315e+02	 1.9404e+03	-8.2330e+01	 3.9877e+03	 5.3702e+02	-7.4256e+00
 1.0000e+02	 1.9377e+03	 6.2507e+00	 1.5917e-01	 3.6316e+02	 1.9481e+03	-8.8541e+01	 1.1306e+08	 2.8790e+06	-3.9270e+01
 1.5000e+02	 1.9377e+03	 6.2206e+00	 1.4123e-01	 3.6316e+02	 1.9506e+03	-8.8699e+01	 8.4946e+07	 1.9286e+06	-4.4045e+01
 2.2500e+02	 1.9377e+03	 6.1919e+00	 1.2696e-01	 3.6316e+02	 1.9533e+03	-8.8825e+01	 6.2999e+07	 1.2917e+06	-4.8772e+01
 3.3750e+02	 1.9377e+03	 6.1677e+00	 1.1662e-01	 3.6315e+02	 1.9559e+03	-8.8917e+01	 4.5722e+07	 8.6451e+05	-5.2888e+01
 5.0625e+02	 1.9377e+03	 6.1460e+00	 1.1009e-01	 3.6316e+02	 1.9586e+03	-8.8974e+01	 3.2288e+07	 5.7838e+05	-5.5826e+01
 7.5938e+02	 1.9377e+03	 6.1257e+00	 1.0774e-01	 3.6315e+02	 1.9611e+03	-8.8992e+01	 2.1996e+07	 3.8687e+05	-5.6858e+01
 1.1391e+03	 1.9377e+03	 6.1066e+00	 1.0962e-01	 3.6316e+02	 1.9663e+03	-8.8972e+01	 1.4413e+07	 2.5872e+05	-5.5709e+01
 1.7086e+03	 1.9377e+03	 6.0879e+00	 1.1767e-01	 3.6315e+02	 1.9687e+03	-8.8893e+01	 8.9506e+06	 1.7301e+05	-5.1736e+01
 2.5629e+03	 1.9377e+03	 6.0683e+00	 1.3279e-01	 3.6316e+02	 1.9714e+03	-8.8746e+01	 5.2877e+06	 1.1571e+05	-4.5698e+01
 3.8443e+03	 1.9377e+03	 6.0469e+00	 1.5625e-01	 3.6315e+02	 1.9739e+03	-8.8520e+01	 2.9958e+06	 7.7414e+04	-3.8699e+01
 5.7665e+03	 1.9377e+03	 6.0222e+00	 1.9161e-01	 3.6315e+02	 1.9767e+03	-8.8178e+01	 1.6287e+06	 5.1820e+04	-3.1430e+01
 8.6498e+03	 1.9377e+03	 5.9905e+00	 2.4266e-01	 3.6315e+02	 1.9792e+03	-8.7680e+01	 8.5738e+05	 3.4730e+04	-2.4687e+01
 1.2975e+04	 1.9377e+03	 5.9479e+00	 3.1396e-01	 3.6315e+02	 1.9818e+03	-8.6978e+01	 4.4177e+05	 2.3319e+04	-1.8945e+01
 1.9462e+04	 1.9377e+03	 5.8871e+00	 4.1099e-01	 3.6315e+02	 1.9843e+03	-8.6007e+01	 2.2498e+05	 1.5707e+04	-1.4324e+01
 2.9193e+04	 1.9377e+03	 5.7953e+00	 5.3744e-01	 3.6316e+02	 1.9872e+03	-8.4702e+01	 1.1470e+05	 1.0637e+04	-1.0783e+01
 4.3789e+04	 1.9377e+03	 5.6541e+00	 6.9029e-01	 3.6315e+02	 1.9896e+03	-8.3039e+01	 5.9534e+04	 7.2683e+03	-8.1909e+00
 6.5684e+04	 1.9377e+03	 5.4424e+00	 8.5273e-01	 3.6315e+02	 1.9921e+03	-8.1095e+01	 3.2129e+04	 5.0341e+03	-6.3823e+00
 9.8526e+04	 1.9377e+03	 5.1516e+00	 9.8856e-01	 3.6316e+02	 1.9948e+03	-7.9137e+01	 1.8476e+04	 3.5454e+03	-5.2113e+00
 1.4779e+05	 1.9377e+03	 4.7997e+00	 1.0544e+00	 3.6315e+02	 2.0000e+03	-7.7610e+01	 1.1548e+04	 2.5369e+03	-4.5521e+00
 2.2168e+05	 1.9377e+03	 4.4656e+00	 1.0315e+00	 3.6315e+02	 2.0024e+03	-7.6994e+01	 7.8701e+03	 1.8178e+03	-4.3293e+00
 3.3253e+05	 1.9377e+03	 4.1483e+00	 9.2470e-01	 3.6315e+02	 2.0050e+03	-7.7434e+01	 5.8525e+03	 1.3046e+03	-4.4861e+00
 4.9879e+05	 1.9377e+03	-5.0211e+00	 5.0637e+01	 3.6316e+02	 2.0080e+03	 5.6629e+00	 7.1251e+01	-7.1854e+02	 9.9160e-02
 7.4818e+05	 1.9377e+03	 3.7509e+00	 5.5166e-01	 3.6315e+02	 2.0144e+03	-8.1633e+01	 4.3600e+03	 6.4125e+02	-6.7993e+00
 9.0000e+05	 1.9377e+03	 3.6922e+00	 4.8244e-01	 3.6315e+02	 2.0225e+03	-8.2556e+01	 4.1446e+03	 5.4155e+02	-7.6533e+00
 1.0000e+02	 2.0198e+03	 6.2488e+00	 1.5862e-01	 3.6315e+02	 2.0302e+03	-8.8546e+01	 1.1345e+08	 2.8799e+06	-3.9395e+01
 1.5000e+02	 2.0198e+03	 6.2168e+00	 1.4151e-01	 3.6315e+02	 2.0327e+03	-8.8696e+01	 8.4778e+07	 1.9298e+06	-4.3931e+01
 2.2500e+02	 2.0198e+03	 6.1905e+00	 1.2667e-01	 3.6315e+02	 2.0354e+03	-8.8828e+01	 6.3139e+07	 1.2920e+06	-4.8869e+01
 3.3750e+02	 2.0198e+03	 6.1666e+00	 1.1655e-01	 3.6315e+02	 2.0380e+03	-8.8917e+01	 4.5750e+07	 8.6467e+05	-5.2910e+01
 5.0625e+02	 2.0198e+03	 6.1450e+00	 1.1010e-01	 3.6315e+02	 2.0406e+03	-8.8974e+01	 3.2285e+07	 5.7847e+05	-5.5811e+01
 7.5938e+02	 2.0198e+03	 6.1249e+00	 1.0819e-01	 3.6315e+02	 2.0432e+03	-8.8988e+01	 2.1903e+07	 3.8691e+05	-5.6610e+01
 1.1391e+03	 2.0198e+03	 6.1057e+00	 1.1078e-01	 3.6315e+02	 2.0482e+03	-8.8961e+01	 1.4262e+07	 2.5876e+05	-5.5117e+01
 1.7086e+03	 2.0198e+03	 6.0874e+00	 1.1923e-01	 3.6315e+02	 2.0507e+03	-8.8878e+01	 8.8339e+06	 1.7302e+05	-5.1057e+01
 2.5629e+03	 2.0198e+03	 6.0675e+00	 1.3483e-01	 3.6315e+02	 2.0535e+03	-8.8727e+01	 5.2077e+06	 1.1573e+05	-4.5000e+01
 3.8443e+03	 2.0198e+03	 6.0458e+00	 1.5965e-01	 3.6314e+02	 2.0559e+03	-8.8487e+01	 2.9322e+06	 7.7427e+04	-3.7870e+01
 5.7665e+03	 2.0198e+03	 6.0209e+00	 1.9674e-01	 3.6315e+02	 2.0586e+03	-8.8128e+01	 1.5862e+06	 5.1832e+04	-3.0603e+01
 8.6498e+03	 2.0198e+03	 5.9887e+00	 2.5006e-01	 3.6315e+02	 2.0612e+03	-8.7609e+01	 8.3199e+05	 3.4740e+04	-2.3949e+01
 1.2975e+04	 2.0198e+03	 5.9450e+00	 3.2471e-01	 3.6315e+02	 2.0640e+03	-8.6874e+01	 4.2714e+05	 2.3331e+04	-1.8308e+01
 1.9462e+04	 2.0198e+03	 5.8817e+00	 4.2575e-01	 3.6315e+02	 2.0665e+03	-8.5860e+01	 2.1718e+05	 1.5721e+04	-1.3815e+01
 2.9193e+04	 2.0198e+03	 5.7855e+00	 5.5739e-01	 3.6315e+02	 2.0693e+03	-8.4497e+01	 1.1059e+05	 1.0655e+04	-1.0380e+01
 4.3789e+04	 2.0198e+03	 5.6367e+00	 7.1480e-01	 3.6315e+02	 2.0718e+03	-8.2773e+01	 5.7493e+04	 7.2908e+03	-7.8857e+00
 6.5684e+04	 2.0198e+03	 5.4146e+00	 8.7953e-01	 3.6315e+02	 2.0742e+03	-8.0774e+01	 3.1150e+04	 5.0599e+03	-6.1563e+00
 9.8526e+04	 2.0198e+03	 5.1119e+00	 1.0128e+00	 3.6315e+02	 2.0769e+03	-7.8794e+01	 1.8035e+04	 3.5730e+03	-5.0475e+00
 1.4779e+05	 2.0198e+03	 4.7505e+00	 1.0698e+00	 3.6315e+02	 2.0819e+03	-7.7309e+01	 1.1383e+04	 2.5632e+03	-4.4407e+00
 2.2168e+05	 2.0198e+03	 4.4129e+00	 1.0346e+00	 3.6315e+02	 2.0845e+03	-7.6805e+01	 7.8463e+03	 1.8396e+03	-4.2653e+00
 3.3253e+05	 2.0198e+03	 4.0988e+00	 9.1650e-01	 3.6315e+02	 2.0871e+03	-7.7396e+01	 5.9049e+03	 1.3203e+03	-4.4723e+00
 4.9879e+05	 2.0198e+03	-4.8738e+00	 5.0094e+01	 3.6315e+02	 2.0899e+03	 5.5569e+00	 7.2022e+01	-7.4026e+02	 9.7292e-02
 7.4818e+05	 2.0198e+03	 3.7179e+00	 5.3469e-01	 3.6315e+02	 2.0963e+03	-8.1816e+01	 4.4984e+03	 6.4693e+02	-6.9535e+00
 9.0000e+05	 2.0198e+03	 3.6627e+00	 4.6607e-01	 3.6314e+02	 2.1039e+03	-8.2748e+01	 4.2901e+03	 5.4591e+02	-7.8587e+00
 1.0000e+02	 2.1012e+03	 6.2478e+00	 1.5839e-01	 3.6315e+02	 2.1119e+03	-8.8548e+01	 1.1361e+08	 2.8803e+06	-3.9445e+01
 1.5000e+02	 2.1012e+03	 6.2155e+00	 1.4051e-01	 3.6315e+02	 2.1144e+03	-8.8705e+01	 8.5382e+07	 1.9302e+06	-4.4235e+01
 2.2500e+02	 2.1012e+03	 6.1897e+00	 1.2659e-01	 3.6315e+02	 2.1172e+03	-8.8828e+01	 6.3183e+07	 1.2922e+06	-4.8897e+01
 3.3750e+02	 2.1012e+03	 6.1655e+00	 1.1642e-01	 3.6315e+02	 2.1197e+03	-8.8918e+01	 4.5800e+07	 8.6482e+05	-5.2959e+01
 5.0625e+02	 2.1012e+03	 6.1439e+00	 1.1038e-01	 3.6314e+02	 2.1225e+03	-8.8971e+01	 3.2206e+07	 5.7858e+05	-5.5663e+01
 7.5938e+02	 2.1012e+03	 6.1243e+00	 1.0863e-01	 3.6314e+02	 2.1251e+03	-8.8984e+01	 2.1815e+07	 3.8695e+05	-5.6377e+01
 1.1391e+03	 2.1012e+03	 6.1052e+00	 1.1178e-01	 3.6315e+02	 2.1301e+03	-8.8951e+01	 1.4134e+07	 2.5877e+05	-5.4621e+01
 1.7086e+03	 2.1012e+03	 6.0864e+00	 1.2049e-01	 3.6315e+02	 2.1326e+03	-8.8866e+01	 8.7415e+06	 1.7305e+05	-5.0515e+01
 2.5629e+03	 2.1012e+03	 6.0667e+00	 1.3688e-01	 3.6314e+02	 2.1352e+03	-8.8708e+01	 5.1299e+06	 1.1574e+05	-4.4323e+01
 3.8443e+03	 2.1012e+03	 6.0453e+00	 1.6271e-01	 3.6315e+02	 2.1377e+03	-8.8458e+01	 2.8770e+06	 7.7434e+04	-3.7154e+01
 5.7665e+03	 2.1012e+03	 6.0199e+00	 2.0126e-01	 3.6315e+02	 2.1405e+03	-8.8085e+01	 1.5506e+06	 5.1840e+04	-2.9911e+01
 8.6498e+03	 2.1012e+03	 5.9872e+00	 2.5671e-01	 3.6315e+02	 2.1431e+03	-8.7545e+01	 8.1044e+05	 3.4749e+04	-2.3323e+01
 1.2975e+04	 2.1012e+03	 5.9423e+00	 3.3408e-01	 3.6315e+02	 2.1456e+03	-8.6782e+01	 4.1517e+05	 2.3341e+04	-1.7787e+01
 1.9462e+04	 2.1012e+03	 5.8769e+00	 4.3919e-01	 3.6315e+02	 2.1482e+03	-8.5726e+01	 2.1054e+05	 1.5734e+04	-1.3381e+01
 2.9193e+04	 2.1012e+03	 5.7769e+00	 5.7529e-01	 3.6315e+02	 2.1512e+03	-8.4313e+01	 1.0715e+05	 1.0671e+04	-1.0042e+01
 4.3789e+04	 2.1012e+03	 5.6216e+00	 7.3714e-01	 3.6315e+02	 2.1536e+03	-8.2530e+01	 5.5751e+04	 7.3104e+03	-7.6262e+00
 6.5684e+04	 2.1012e+03	 5.3901e+00	 9.0412e-01	 3.6315e+02	 2.1561e+03	-8.0478e+01	 3.0303e+04	 5.0829e+03	-5.9618e+00
 9.8526e+04	 2.1012e+03	 5.0769e+00	 1.0349e+00	 3.6315e+02	 2.1588e+03	-7.8478e+01	 1.7649e+04	 3.5977e+03	-4.9057e+00
 1.4779e+05	 2.1012e+03	 4.7067e+00	 1.0842e+00	 3.6314e+02	 2.1639e+03	-7.7028e+01	 1.1230e+04	 2.5871e+03	-4.3410e+00
 2.2168e+05	 2.1012e+03	 4.3656e+00	 1.0382e+00	 3.6315e+02	 2.1664e+03	-7.6622e+01	 7.8187e+03	 1.8595e+03	-4.2048e+00
 3.3253e+05	 2.1012e+03	 4.0544e+00	 9.0984e-01	 3.6315e+02	 2.1689e+03	-7.7352e+01	 5.9481e+03	 1.3348e+03	-4.4562e+00
 4.9879e+05	 2.1012e+03	-4.7491e+00	 4.9603e+01	 3.6315e+02	 2.1719e+03	 5.4689e+00	 7.2735e+01	-7.5971e+02	 9.5741e-02
 7.4818e+05	 2.1012e+03	 3.6879e+00	 5.1957e-01	 3.6315e+02	 2.1784e+03	-8.1981e+01	 4.6293e+03	 6.5220e+02	-7.0979e+00
 9.0000e+05	 2.1012e+03	 3.6359e+00	 4.5139e-01	 3.6315e+02	 2.1864e+03	-8.2923e+01	 4.4297e+03	 5.4994e+02	-8.0548e+00
 1.0000e+02	 2.1837e+03	 6.2469e+00	 1.5844e-01	 3.6315e+02	 2.1942e+03	-8.8547e+01	 1.1358e+08	 2.8807e+06	-3.9427e+01
 1.5000e+02	 2.1837e+03	 6.2154e+00	 1.4208e-01	 3.6315e+02	 2.1967e+03	-8.8690e+01	 8.4437e+07	 1.9302e+06	-4.3744e+01
 2.2500e+02	 2.1837e+03	 6.1884e+00	 1.2660e-01	 3.6315e+02	 2.1993e+03	-8.8828e+01	 6.3176e+07	 1.2924e+06	-4.8882e+01
 3.3750e+02	 2.1837e+03	 6.1649e+00	 1.1677e-01	 3.6315e+02	 2.2019e+03	-8.8915e+01	 4.5662e+07	 8.6491e+05	-5.2795e+01
 5.0625e+02	 2.1837e+03	 6.1437e+00	 1.1081e-01	 3.6315e+02	 2.2046e+03	-8.8967e+01	 3.2079e+07	 5.7860e+05	-5.5443e+01
 7.5938e+02	 2.1837e+03	 6.1235e+00	 1.0913e-01	 3.6315e+02	 2.2072e+03	-8.8979e+01	 2.1716e+07	 3.8700e+05	-5.6114e+01
 1.1391e+03	 2.1837e+03	 6.1044e+00	 1.1237e-01	 3.6315e+02	 2.2124e+03	-8.8945e+01	 1.4059e+07	 2.5881e+05	-5.4323e+01
 1.7086e+03	 2.1837e+03	 6.0860e+00	 1.2177e-01	 3.6315e+02	 2.2149e+03	-8.8854e+01	 8.6495e+06	 1.7306e+05	-4.9979e+01
 2.5629e+03	 2.1837e+03	 6.0661e+00	 1.3849e-01	 3.6315e+02	 2.2177e+03	-8.8692e+01	 5.0700e+06	 1.1575e+05	-4.3800e+01
 3.8443e+03	 2.1837e+03	 6.0444e+00	 1.6539e-01	 3.6316e+02	 2.2204e+03	-8.8433e+01	 2.8304e+06	 7.7445e+04	-3.6547e+01
 5.7665e+03	 2.1837e+03	 6.0189e+00	 2.0518e-01	 3.6315e+02	 2.2229e+03	-8.8048e+01	 1.5210e+06	 5.1849e+04	-2.9334e+01
 8.6498e+03	 2.1837e+03	 5.9858e+00	 2.6251e-01	 3.6315e+02	 2.2257e+03	-8.7489e+01	 7.9255e+05	 3.4757e+04	-2.2803e+01
 1.2975e+04	 2.1837e+03	 5.9400e+00	 3.4246e-01	 3.6315e+02	 2.2283e+03	-8.6700e+01	 4.0501e+05	 2.3350e+04	-1.7345e+01
 1.9462e+04	 2.1837e+03	 5.8726e+00	 4.5079e-01	 3.6315e+02	 2.2309e+03	-8.5611e+01	 2.0512e+05	 1.5745e+04	-1.3027e+01
 2.9193e+04	 2.1837e+03	 5.7694e+00	 5.9089e-01	 3.6315e+02	 2.2335e+03	-8.4152e+01	 1.0432e+05	 1.0685e+04	-9.7639e+00
 4.3789e+04	 2.1837e+03	 5.6086e+00	 7.5661e-01	 3.6314e+02	 2.2359e+03	-8.2317e+01	 5.4316e+04	 7.3273e+03	-7.4128e+00
 6.5684e+04	 2.1837e+03	 5.3690e+00	 9.2553e-01	 3.6315e+02	 2.2386e+03	-8.0219e+01	 2.9602e+04	 5.1029e+03	-5.8009e+00
 9.8526e+04	 2.1837e+03	 5.0461e+00	 1.0546e+00	 3.6315e+02	 2.2411e+03	-7.8196e+01	 1.7320e+04	 3.6196e+03	-4.7850e+00
 1.4779e+05	 2.1837e+03	 4.6686e+00	 1.0973e+00	 3.6315e+02	 2.2463e+03	-7.6774e+01	 1.1097e+04	 2.6082e+03	-4.2548e+00
 2.2168e+05	 2.1837e+03	 4.3241e+00	 1.0416e+00	 3.6315e+02	 2.2487e+03	-7.6456e+01	 7.7934e+03	 1.8773e+03	-4.1513e+00
 3.3253e+05	 2.1837e+03	 4.0154e+00	 9.0431e-01	 3.6315e+02	 2.2514e+03	-7.7308e+01	 5.9845e+03	 1.3478e+03	-4.4402e+00
 4.9879e+05	 2.1837e+03	-4.6447e+00	 4.9178e+01	 3.6315e+02	 2.2541e+03	 5.3954e+00	 7.3364e+01	-7.7678e+02	 9.4446e-02
 7.4818e+05	 2.1837e+03	 3.6616e+00	 5.0731e-01	 3.6315e+02	 2.2610e+03	-8.2112e+01	 4.7412e+03	 6.5688e+02	-7.2177e+00
 9.0000e+05	 2.1837e+03	 3.6125e+00	 4.3887e-01	 3.6315e+02	 2.2687e+03	-8.3073e+01	 4.5561e+03	 5.5350e+02	-8.2315e+00
 1.0000e+02	 2.2661e+03	 6.2460e+00	 1.5877e-01	 3.6315e+02	 2.2769e+03	-8.8544e+01	 1.1334e+08	 2.8812e+06	-3.9339e+01
 1.5000e+02	 2.2661e+03	 6.2158e+00	 1.4102e-01	 3.6315e+02	 2.2794e+03	-8.8700e+01	 8.5072e+07	 1.9301e+06	-4.4076e+01
 2.2500e+02	 2.2661e+03	 6.1878e+00	 1.2674e-01	 3.6316e+02	 2.2819e+03	-8.8827e+01	 6.3105e+07	 1.2926e+06	-4.8822e+01
 3.3750e+02	 2.2661e+03	 6.1643e+00	 1.1705e-01	 3.6315e+02	 2.2844e+03	-8.8912e+01	 4.5555e+07	 8.6499e+05	-5.2665e+01
 5.0625e+02	 2.2661e+03	 6.1426e+00	 1.1115e-01	 3.6315e+02	 2.2869e+03	-8.8963e+01	 3.1981e+07	 5.7870e+05	-5.5263e+01
 7.5938e+02	 2.2661e+03	 6.1227e+00	 1.0954e-01	 3.6315e+02	 2.2897e+03	-8.8975e+01	 2.1633e+07	 3.8705e+05	-5.5893e+01
 1.1391e+03	 2.2661e+03	 6.1038e+00	 1.1313e-01	 3.6315e+02	 2.2946e+03	-8.8938e+01	 1.3965e+07	 2.5884e+05	-5.3952e+01
 1.7086e+03	 2.2661e+03	 6.0850e+00	 1.2282e-01	 3.6315e+02	 2.2974e+03	-8.8844e+01	 8.5754e+06	 1.7309e+05	-4.9543e+01
 2.5629e+03	 2.2661e+03	 6.0654e+00	 1.4007e-01	 3.6315e+02	 2.2999e+03	-8.8677e+01	 5.0130e+06	 1.1577e+05	-4.3303e+01
 3.8443e+03	 2.2661e+03	 6.0439e+00	 1.6756e-01	 3.6315e+02	 2.3026e+03	-8.8412e+01	 2.7937e+06	 7.7452e+04	-3.6071e+01
 5.7665e+03	 2.2661e+03	 6.0183e+00	 2.0843e-01	 3.6315e+02	 2.3051e+03	-8.8016e+01	 1.4972e+06	 5.1854e+04	-2.8874e+01
 8.6498e+03	 2.2661e+03	 5.9847e+00	 2.6724e-01	 3.6315e+02	 2.3079e+03	-8.7443e+01	 7.7851e+05	 3.4764e+04	-2.2394e+01
 1.2975e+04	 2.2661e+03	 5.9383e+00	 3.4943e-01	 3.6315e+02	 2.3105e+03	-8.6632e+01	 3.9693e+05	 2.3357e+04	-1.6994e+01
 1.9462e+04	 2.2661e+03	 5.8694e+00	 4.6075e-01	 3.6315e+02	 2.3134e+03	-8.5511e+01	 2.0069e+05	 1.5754e+04	-1.2739e+01
 2.9193e+04	 2.2661e+03	 5.7631e+00	 6.0422e-01	 3.6315e+02	 2.3160e+03	-8.4015e+01	 1.0202e+05	 1.0696e+04	-9.5381e+00
 4.3789e+04	 2.2661e+03	 5.5973e+00	 7.7314e-01	 3.6315e+02	 2.3186e+03	-8.2136e+01	 5.3155e+04	 7.3421e+03	-7.2398e+00
 6.5684e+04	 2.2661e+03	 5.3509e+00	 9.4366e-01	 3.6316e+02	 2.3211e+03	-7.9998e+01	 2.9033e+04	 5.1202e+03	-5.6703e+00
 9.8526e+04	 2.2661e+03	 5.0202e+00	 1.0708e+00	 3.6315e+02	 2.3239e+03	-7.7959e+01	 1.7057e+04	 3.6383e+03	-4.6882e+00
 1.4779e+05	 2.2661e+03	 4.6364e+00	 1.1076e+00	 3.6314e+02	 2.3289e+03	-7.6564e+01	 1.0993e+04	 2.6263e+03	-4.1858e+00
 2.2168e+05	 2.2661e+03	 4.2897e+00	 1.0440e+00	 3.6314e+02	 2.3314e+03	-7.6321e+01	 7.7754e+03	 1.8924e+03	-4.1088e+00
 3.3253e+05	 2.2661e+03	 3.9834e+00	 8.9934e-01	 3.6315e+02	 2.3339e+03	-7.7277e+01	 6.0176e+03	 1.3586e+03	-4.4292e+00
 4.9879e+05	 2.2661e+03	-4.5569e+00	 4.8828e+01	 3.6315e+02	 2.3369e+03	 5.3317e+00	 7.3890e+01	-7.9175e+02	 9.3325e-02
 7.4818e+05	 2.2661e+03	 3.6401e+00	 4.9740e-01	 3.6315e+02	 2.3433e+03	-8.2219e+01	 4.8356e+03	 6.6076e+02	-7.3182e+00
 9.0000e+05	 2.2661e+03	 3.5936e+00	 4.2903e-01	 3.6315e+02	 2.3511e+03	-8.3192e+01	 4.6606e+03	 5.5641e+02	-8.3761e+00
 1.0000e+02	 2.3484e+03	 6.2452e+00	 1.5899e-01	 3.6315e+02	 2.3592e+03	-8.8542e+01	 1.1318e+08	 2.8815e+06	-3.9280e+01
 1.5000e+02	 2.3484e+03	 6.2129e+00	 1.4010e-01	 3.6315e+02	 2.3618e+03	-8.8708e+01	 8.5634e+07	 1.9310e+06	-4.4347e+01
 2.2500e+02	 2.3484e+03	 6.1874e+00	 1.2714e-01	 3.6314e+02	 2.3644e+03	-8.8823e+01	 6.2908e+07	 1.2926e+06	-4.8667e+01
 3.3750e+02	 2.3484e+03	 6.1636e+00	 1.1715e-01	 3.6315e+02	 2.3669e+03	-8.8911e+01	 4.5516e+07	 8.6509e+05	-5.2614e+01
 5.0625e+02	 2.3484e+03	 6.1420e+00	 1.1118e-01	 3.6315e+02	 2.3697e+03	-8.8963e+01	 3.1973e+07	 5.7876e+05	-5.5245e+01
 7.5938e+02	 2.3484e+03	 6.1221e+00	 1.0980e-01	 3.6315e+02	 2.3722e+03	-8.8973e+01	 2.1583e+07	 3.8709e+05	-5.5757e+01
 1.1391e+03	 2.3484e+03	 6.1030e+00	 1.1366e-01	 3.6315e+02	 2.3774e+03	-8.8933e+01	 1.3900e+07	 2.5887e+05	-5.3696e+01
 1.7086e+03	 2.3484e+03	 6.0848e+00	 1.2361e-01	 3.6314e+02	 2.3798e+03	-8.8836e+01	 8.5211e+06	 1.7309e+05	-4.9228e+01
 2.5629e+03	 2.3484e+03	 6.0650e+00	 1.4122e-01	 3.6315e+02	 2.3827e+03	-8.8666e+01	 4.9720e+06	 1.1577e+05	-4.2946e+01
 3.8443e+03	 2.3484e+03	 6.0431e+00	 1.6947e-01	 3.6315e+02	 2.3851e+03	-8.8394e+01	 2.7621e+06	 7.7462e+04	-3.5658e+01
 5.7665e+03	 2.3484e+03	 6.0173e+00	 2.1122e-01	 3.6314e+02	 2.3877e+03	-8.7990e+01	 1.4775e+06	 5.1863e+04	-2.8488e+01
 8.6498e+03	 2.3484e+03	 5.9837e+00	 2.7134e-01	 3.6315e+02	 2.3903e+03	-8.7404e+01	 7.6674e+05	 3.4769e+04	-2.2052e+01
 1.2975e+04	 2.3484e+03	 5.9365e+00	 3.5525e-01	 3.6315e+02	 2.3932e+03	-8.6575e+01	 3.9043e+05	 2.3364e+04	-1.6711e+01
 1.9462e+04	 2.3484e+03	 5.8662e+00	 4.6914e-01	 3.6314e+02	 2.3956e+03	-8.5428e+01	 1.9710e+05	 1.5762e+04	-1.2504e+01
 2.9193e+04	 2.3484e+03	 5.7577e+00	 6.1527e-01	 3.6314e+02	 2.3982e+03	-8.3900e+01	 1.0019e+05	 1.0706e+04	-9.3579e+00
 4.3789e+04	 2.3484e+03	 5.5880e+00	 7.8665e-01	 3.6315e+02	 2.4006e+03	-8.1987e+01	 5.2242e+04	 7.3543e+03	-7.1036e+00
 6.5684e+04	 2.3484e+03	 5.3357e+00	 9.5822e-01	 3.6315e+02	 2.4031e+03	-7.9819e+01	 2.8592e+04	 5.1348e+03	-5.5683e+00
 9.8526e+04	 2.3484e+03	 4.9990e+00	 1.0835e+00	 3.6315e+02	 2.4059e+03	-7.7770e+01	 1.6857e+04	 3.6537e+03	-4.6136e+00
 1.4779e+05	 2.3484e+03	 4.6106e+00	 1.1153e+00	 3.6314e+02	 2.4112e+03	-7.6401e+01	 1.0917e+04	 2.6410e+03	-4.1338e+00
 2.2168e+05	 2.3484e+03	 4.2625e+00	 1.0452e+00	 3.6315e+02	 2.4137e+03	-7.6223e+01	 7.7670e+03	 1.9044e+03	-4.0784e+00
 3.3253e+05	 2.3484e+03	 3.9584e+00	 8.9517e-01	 3.6314e+02	 2.4161e+03	-7.7257e+01	 6.0456e+03	 1.3672e+03	-4.4219e+00
 4.9879e+05	 2.3484e+03	-4.4894e+00	 4.8558e+01	 3.6315e+02	 2.4191e+03	 5.2822e+00	 7.4300e+01	-8.0364e+02	 9.2454e-02
 7.4818e+05	 2.3484e+03	 3.6237e+00	 4.8957e-01	 3.6315e+02	 2.4255e+03	-8.2306e+01	 4.9130e+03	 6.6375e+02	-7.4019e+00
 9.0000e+05	 2.3484e+03	 3.5789e+00	 4.2151e-01	 3.6315e+02	 2.4335e+03	-8.3283e+01	 4.7437e+03	 5.5869e+02	-8.4907e+00
 1.0000e+02	 2.4308e+03	 6.2447e+00	 1.5895e-01	 3.6315e+02	 2.4413e+03	-8.8542e+01	 1.1322e+08	 2.8818e+06	-3.9287e+01
 1.5000e+02	 2.4308e+03	 6.2124e+00	 1.4359e-01	 3.6315e+02	 2.4442e+03	-8.8676e+01	 8.3551e+07	 1.9311e+06	-4.3265e+01
 2.2500e+02	 2.4308e+03	 6.1868e+00	 1.2744e-01	 3.6315e+02	 2.4467e+03	-8.8820e+01	 6.2762e+07	 1.2928e+06	-4.8549e+01
 3.3750e+02	 2.4308e+03	 6.1630e+00	 1.1732e-01	 3.6315e+02	 2.4496e+03	-8.8909e+01	 4.5447e+07	 8.6517e+05	-5.2530e+01
 5.0625e+02	 2.4308e+03	 6.1417e+00	 1.1149e-01	 3.6315e+02	 2.4521e+03	-8.8960e+01	 3.1882e+07	 5.7878e+05	-5.5086e+01
 7.5938e+02	 2.4308e+03	 6.1215e+00	 1.1023e-01	 3.6315e+02	 2.4549e+03	-8.8968e+01	 2.1498e+07	 3.8713e+05	-5.5533e+01
 1.1391e+03	 2.4308e+03	 6.1027e+00	 1.1421e-01	 3.6315e+02	 2.4602e+03	-8.8928e+01	 1.3834e+07	 2.5888e+05	-5.3436e+01
 1.7086e+03	 2.4308e+03	 6.0844e+00	 1.2428e-01	 3.6315e+02	 2.4626e+03	-8.8830e+01	 8.4747e+06	 1.7311e+05	-4.8957e+01
 2.5629e+03	 2.4308e+03	 6.0644e+00	 1.4236e-01	 3.6315e+02	 2.4652e+03	-8.8655e+01	 4.9322e+06	 1.1579e+05	-4.2598e+01
 3.8443e+03	 2.4308e+03	 6.0427e+00	 1.7089e-01	 3.6315e+02	 2.4679e+03	-8.8380e+01	 2.7393e+06	 7.7467e+04	-3.5361e+01
 5.7665e+03	 2.4308e+03	 6.0170e+00	 2.1343e-01	 3.6316e+02	 2.4704e+03	-8.7969e+01	 1.4622e+06	 5.1865e+04	-2.8192e+01
 8.6498e+03	 2.4308e+03	 5.9829e+00	 2.7441e-01	 3.6315e+02	 2.4729e+03	-8.7374e+01	 7.5817e+05	 3.4774e+04	-2.1803e+01
 1.2975e+04	 2.4308e+03	 5.9353e+00	 3.5983e-01	 3.6315e+02	 2.4755e+03	-8.6531e+01	 3.8545e+05	 2.3369e+04	-1.6494e+01
 1.9462e+04	 2.4308e+03	 5.8640e+00	 4.7535e-01	 3.6316e+02	 2.4782e+03	-8.5366e+01	 1.9452e+05	 1.5768e+04	-1.2336e+01
 2.9193e+04	 2.4308e+03	 5.7535e+00	 6.2363e-01	 3.6316e+02	 2.4809e+03	-8.3814e+01	 9.8847e+04	 1.0714e+04	-9.2258e+00
 4.3789e+04	 2.4308e+03	 5.5806e+00	 7.9683e-01	 3.6315e+02	 2.4834e+03	-8.1874e+01	 5.1575e+04	 7.3641e+03	-7.0035e+00
 6.5684e+04	 2.4308e+03	 5.3242e+00	 9.6915e-01	 3.6315e+02	 2.4861e+03	-7.9683e+01	 2.8269e+04	 5.1459e+03	-5.4936e+00
 9.8526e+04	 2.4308e+03	 4.9827e+00	 1.0931e+00	 3.6316e+02	 2.4889e+03	-7.7627e+01	 1.6710e+04	 3.6657e+03	-4.5585e+00
 1.4779e+05	 2.4308e+03	 4.5914e+00	 1.1211e+00	 3.6315e+02	 2.4939e+03	-7.6279e+01	 1.0862e+04	 2.6521e+03	-4.0955e+00
 2.2168e+05	 2.4308e+03	 4.2423e+00	 1.0463e+00	 3.6315e+02	 2.4966e+03	-7.6145e+01	 7.7584e+03	 1.9135e+03	-4.0545e+00
 3.3253e+05	 2.4308e+03	 3.9398e+00	 8.9229e-01	 3.6316e+02	 2.4991e+03	-7.7239e+01	 6.0651e+03	 1.3736e+03	-4.4154e+00
 4.9879e+05	 2.4308e+03	-4.4414e+00	 4.8354e+01	 3.6316e+02	 2.5020e+03	 5.2480e+00	 7.4614e+01	-8.1233e+02	 9.1852e-02
 7.4818e+05	 2.4308e+03	 3.6109e+00	 4.8392e-01	 3.6315e+02	 2.5084e+03	-8.2367e+01	 4.9703e+03	 6.6610e+02	-7.4618e+00
 9.0000e+05	 2.4308e+03	 3.5676e+00	 4.1603e-01	 3.6314e+02	 2.5160e+03	-8.3349e+01	 4.8063e+03	 5.6046e+02	-8.5755e+00
 1.0000e+02	 2.5133e+03	 6.2443e+00	 1.5947e-01	 3.6315e+02	 2.5244e+03	-8.8537e+01	 1.1285e+08	 2.8819e+06	-3.9158e+01
 1.5000e+02	 2.5133e+03	 6.2133e+00	 1.4022e-01	 3.6315e+02	 2.5268e+03	-8.8707e+01	 8.5558e+07	 1.9309e+06	-4.4310e+01
 2.2500e+02	 2.5133e+03	 6.1860e+00	 1.2743e-01	 3.6315e+02	 2.5295e+03	-8.8820e+01	 6.2765e+07	 1.2929e+06	-4.8545e+01
 3.3750e+02	 2.5133e+03	 6.1622e+00	 1.1733e-01	 3.6315e+02	 2.5321e+03	-8.8909e+01	 4.5447e+07	 8.6528e+05	-5.2522e+01
 5.0625e+02	 2.5133e+03	 6.1411e+00	 1.1157e-01	 3.6315e+02	 2.5345e+03	-8.8959e+01	 3.1861e+07	 5.7884e+05	-5.5043e+01
 7.5938e+02	 2.5133e+03	 6.1211e+00	 1.1040e-01	 3.6315e+02	 2.5371e+03	-8.8967e+01	 2.1465e+07	 3.8715e+05	-5.5442e+01
 1.1391e+03	 2.5133e+03	 6.1023e+00	 1.1457e-01	 3.6315e+02	 2.5421e+03	-8.8924e+01	 1.3790e+07	 2.5890e+05	-5.3263e+01
 1.7086e+03	 2.5133e+03	 6.0839e+00	 1.2462e-01	 3.6315e+02	 2.5446e+03	-8.8827e+01	 8.4514e+06	 1.7312e+05	-4.8818e+01
 2.5629e+03	 2.5133e+03	 6.0641e+00	 1.4298e-01	 3.6315e+02	 2.5471e+03	-8.8649e+01	 4.9108e+06	 1.1579e+05	-4.2411e+01
 3.8443e+03	 2.5133e+03	 6.0425e+00	 1.7202e-01	 3.6315e+02	 2.5496e+03	-8.8369e+01	 2.7212e+06	 7.7469e+04	-3.5126e+01
 5.7665e+03	 2.5133e+03	 6.0166e+00	 2.1505e-01	 3.6315e+02	 2.5521e+03	-8.7953e+01	 1.4512e+06	 5.1869e+04	-2.7978e+01
 8.6498e+03	 2.5133e+03	 5.9822e+00	 2.7688e-01	 3.6315e+02	 2.5547e+03	-8.7350e+01	 7.5141e+05	 3.4778e+04	-2.1606e+01
 1.2975e+04	 2.5133e+03	 5.9342e+00	 3.6341e-01	 3.6314e+02	 2.5573e+03	-8.6496e+01	 3.8166e+05	 2.3373e+04	-1.6329e+01
 1.9462e+04	 2.5133e+03	 5.8623e+00	 4.8028e-01	 3.6315e+02	 2.5597e+03	-8.5316e+01	 1.9252e+05	 1.5773e+04	-1.2206e+01
 2.9193e+04	 2.5133e+03	 5.7501e+00	 6.3007e-01	 3.6315e+02	 2.5624e+03	-8.3747e+01	 9.7837e+04	 1.0721e+04	-9.1262e+00
 4.3789e+04	 2.5133e+03	 5.5751e+00	 8.0452e-01	 3.6314e+02	 2.5649e+03	-8.1789e+01	 5.1082e+04	 7.3714e+03	-6.9297e+00
 6.5684e+04	 2.5133e+03	 5.3153e+00	 9.7730e-01	 3.6315e+02	 2.5673e+03	-7.9582e+01	 2.8034e+04	 5.1544e+03	-5.4387e+00
 9.8526e+04	 2.5133e+03	 4.9703e+00	 1.1000e+00	 3.6315e+02	 2.5700e+03	-7.7521e+01	 1.6605e+04	 3.6748e+03	-4.5186e+00
 1.4779e+05	 2.5133e+03	 4.5770e+00	 1.1253e+00	 3.6315e+02	 2.5751e+03	-7.6187e+01	 1.0821e+04	 2.6604e+03	-4.0673e+00
 2.2168e+05	 2.5133e+03	 4.2274e+00	 1.0472e+00	 3.6316e+02	 2.5775e+03	-7.6087e+01	 7.7521e+03	 1.9203e+03	-4.0370e+00
 3.3253e+05	 2.5133e+03	 3.9258e+00	 8.9020e-01	 3.6316e+02	 2.5799e+03	-7.7224e+01	 6.0794e+03	 1.3785e+03	-4.4100e+00
 4.9879e+05	 2.5133e+03	-4.4089e+00	 4.8200e+01	 3.6315e+02	 2.5828e+03	 5.2264e+00	 7.4853e+01	-8.1831e+02	 9.1472e-02
 7.4818e+05	 2.5133e+03	 3.6012e+00	 4.8031e-01	 3.6315e+02	 2.5892e+03	-8.2403e+01	 5.0077e+03	 6.6790e+02	-7.4978e+00
 9.0000e+05	 2.5133e+03	 3.5586e+00	 4.1291e-01	 3.6316e+02	 2.5971e+03	-8.3381e+01	 4.8425e+03	 5.6188e+02	-8.6183e+00
 1.0000e+02	 2.5944e+03	 6.2434e+00	 1.5979e-01	 3.6316e+02	 2.6051e+03	-8.8534e+01	 1.1262e+08	 2.8823e+06	-3.9073e+01
 1.5000e+02	 2.5944e+03	 6.2130e+00	 1.4061e-01	 3.6315e+02	 2.6076e+03	-8.8703e+01	 8.5320e+07	 1.9310e+06	-4.4185e+01
 2.2500e+02	 2.5944e+03	 6.1858e+00	 1.2737e-01	 3.6315e+02	 2.6103e+03	-8.8820e+01	 6.2793e+07	 1.2930e+06	-4.8565e+01
 3.3750e+02	 2.5944e+03	 6.1619e+00	 1.1746e-01	 3.6315e+02	 2.6129e+03	-8.8908e+01	 4.5394e+07	 8.6533e+05	-5.2458e+01
 5.0625e+02	 2.5944e+03	 6.1406e+00	 1.1180e-01	 3.6315e+02	 2.6156e+03	-8.8957e+01	 3.1794e+07	 5.7889e+05	-5.4923e+01
 7.5938e+02	 2.5944e+03	 6.1208e+00	 1.1052e-01	 3.6315e+02	 2.6182e+03	-8.8966e+01	 2.1443e+07	 3.8717e+05	-5.5384e+01
 1.1391e+03	 2.5944e+03	 6.1018e+00	 1.1423e-01	 3.6315e+02	 2.6235e+03	-8.8927e+01	 1.3830e+07	 2.5892e+05	-5.3415e+01
 1.7086e+03	 2.5944e+03	 6.0833e+00	 1.2494e-01	 3.6315e+02	 2.6263e+03	-8.8823e+01	 8.4300e+06	 1.7314e+05	-4.8690e+01
 2.5629e+03	 2.5944e+03	 6.0641e+00	 1.4350e-01	 3.6315e+02	 2.6289e+03	-8.8644e+01	 4.8932e+06	 1.1579e+05	-4.2259e+01
 3.8443e+03	 2.5944e+03	 6.0422e+00	 1.7266e-01	 3.6315e+02	 2.6317e+03	-8.8363e+01	 2.7111e+06	 7.7474e+04	-3.4994e+01
 5.7665e+03	 2.5944e+03	 6.0161e+00	 2.1610e-01	 3.6315e+02	 2.6341e+03	-8.7943e+01	 1.4441e+06	 5.1873e+04	-2.7839e+01
 8.6498e+03	 2.5944e+03	 5.9819e+00	 2.7869e-01	 3.6314e+02	 2.6369e+03	-8.7333e+01	 7.4651e+05	 3.4780e+04	-2.1464e+01
 1.2975e+04	 2.5944e+03	 5.9335e+00	 3.6581e-01	 3.6314e+02	 2.6395e+03	-8.6472e+01	 3.7915e+05	 2.3375e+04	-1.6220e+01
 1.9462e+04	 2.5944e+03	 5.8613e+00	 4.8379e-01	 3.6315e+02	 2.6422e+03	-8.5282e+01	 1.9113e+05	 1.5776e+04	-1.2115e+01
 2.9193e+04	 2.5944e+03	 5.7481e+00	 6.3476e-01	 3.6315e+02	 2.6448e+03	-8.3698e+01	 9.7115e+04	 1.0724e+04	-9.0556e+00
 4.3789e+04	 2.5944e+03	 5.5711e+00	 8.1018e-01	 3.6315e+02	 2.6475e+03	-8.1726e+01	 5.0725e+04	 7.3767e+03	-6.8763e+00
 6.5684e+04	 2.5944e+03	 5.3091e+00	 9.8334e-01	 3.6315e+02	 2.6499e+03	-7.9507e+01	 2.7862e+04	 5.1605e+03	-5.3990e+00
 9.8526e+04	 2.5944e+03	 4.9616e+00	 1.1054e+00	 3.6315e+02	 2.6529e+03	-7.7440e+01	 1.6523e+04	 3.6812e+03	-4.4885e+00
 1.4779e+05	 2.5944e+03	 4.5664e+00	 1.1290e+00	 3.6315e+02	 2.6578e+03	-7.6113e+01	 1.0786e+04	 2.6666e+03	-4.0448e+00
 2.2168e+05	 2.5944e+03	 4.2160e+00	 1.0485e+00	 3.6315e+02	 2.6604e+03	-7.6035e+01	 7.7425e+03	 1.9255e+03	-4.0211e+00
 3.3253e+05	 2.5944e+03	 3.9150e+00	 8.8945e-01	 3.6315e+02	 2.6628e+03	-7.7200e+01	 6.0844e+03	 1.3823e+03	-4.4016e+00
 4.9879e+05	 2.5944e+03	-4.3909e+00	 4.8076e+01	 3.6315e+02	 2.6656e+03	 5.2184e+00	 7.5045e+01	-8.2167e+02	 9.1332e-02
 7.4818e+05	 2.5944e+03	 3.5932e+00	 4.7760e-01	 3.6315e+02	 2.6721e+03	-8.2429e+01	 5.0362e+03	 6.6939e+02	-7.5235e+00
 9.0000e+05	 2.5944e+03	 3.5512e+00	 4.1035e-01	 3.6315e+02	 2.6797e+03	-8.3408e+01	 4.8727e+03	 5.6306e+02	-8.6540e+00
 1.0000e+02	 2.6770e+03	 6.2431e+00	 1.5966e-01	 3.6314e+02	 2.6880e+03	-8.8535e+01	 1.1271e+08	 2.8825e+06	-3.9102e+01
 1.5000e+02	 2.6770e+03	 6.2119e+00	 1.4201e-01	 3.6315e+02	 2.6905e+03	-8.8690e+01	 8.4481e+07	 1.9313e+06	-4.3743e+01
 2.2500e+02	 2.6770e+03	 6.1853e+00	 1.2745e-01	 3.6315e+02	 2.6932e+03	-8.8820e+01	 6.2756e+07	 1.2931e+06	-4.8532e+01
 3.3750e+02	 2.6770e+03	 6.1615e+00	 1.1737e-01	 3.6315e+02	 2.6958e+03	-8.8909e+01	 4.5429e+07	 8.6539e+05	-5.2496e+01
 5.0625e+02	 2.6770e+03	 6.1405e+00	 1.1169e-01	 3.6314e+02	 2.6982e+03	-8.8958e+01	 3.1828e+07	 5.7890e+05	-5.4980e+01
 7.5938e+02	 2.6770e+03	 6.1207e+00	 1.1052e-01	 3.6315e+02	 2.7008e+03	-8.8966e+01	 2.1442e+07	 3.8718e+05	-5.5381e+01
 1.1391e+03	 2.6770e+03	 6.1017e+00	 1.1436e-01	 3.6315e+02	 2.7061e+03	-8.8926e+01	 1.3814e+07	 2.5892e+05	-5.3354e+01
 1.7086e+03	 2.6770e+03	 6.0833e+00	 1.2517e-01	 3.6315e+02	 2.7086e+03	-8.8821e+01	 8.4147e+06	 1.7314e+05	-4.8602e+01
 2.5629e+03	 2.6770e+03	 6.0637e+00	 1.4384e-01	 3.6315e+02	 2.7112e+03	-8.8641e+01	 4.8817e+06	 1.1580e+05	-4.2157e+01
 3.8443e+03	 2.6770e+03	 6.0420e+00	 1.7326e-01	 3.6315e+02	 2.7137e+03	-8.8357e+01	 2.7017e+06	 7.7477e+04	-3.4871e+01
 5.7665e+03	 2.6770e+03	 6.0159e+00	 2.1696e-01	 3.6315e+02	 2.7162e+03	-8.7935e+01	 1.4384e+06	 5.1875e+04	-2.7728e+01
 8.6498e+03	 2.6770e+03	 5.9815e+00	 2.7994e-01	 3.6315e+02	 2.7189e+03	-8.7320e+01	 7.4319e+05	 3.4782e+04	-2.1367e+01
 1.2975e+04	 2.6770e+03	 5.9330e+00	 3.6777e-01	 3.6315e+02	 2.7214e+03	-8.6453e+01	 3.7713e+05	 2.3377e+04	-1.6132e+01
 1.9462e+04	 2.6770e+03	 5.8602e+00	 4.8634e-01	 3.6315e+02	 2.7241e+03	-8.5256e+01	 1.9013e+05	 1.5779e+04	-1.2049e+01
 2.9193e+04	 2.6770e+03	 5.7463e+00	 6.3832e-01	 3.6315e+02	 2.7267e+03	-8.3661e+01	 9.6572e+04	 1.0728e+04	-9.0022e+00
 4.3789e+04	 2.6770e+03	 5.5682e+00	 8.1483e-01	 3.6315e+02	 2.7293e+03	-8.1675e+01	 5.0435e+04	 7.3805e+03	-6.8336e+00
 6.5684e+04	 2.6770e+03	 5.3045e+00	 9.8811e-01	 3.6315e+02	 2.7318e+03	-7.9448e+01	 2.7727e+04	 5.1650e+03	-5.3683e+00
 9.8526e+04	 2.6770e+03	 4.9550e+00	 1.1097e+00	 3.6315e+02	 2.7344e+03	-7.7377e+01	 1.6460e+04	 3.6862e+03	-4.4652e+00
 1.4779e+05	 2.6770e+03	 4.5585e+00	 1.1320e+00	 3.6315e+02	 2.7396e+03	-7.6054e+01	 1.0757e+04	 2.6712e+03	-4.0270e+00
 2.2168e+05	 2.6770e+03	 4.2073e+00	 1.0500e+00	 3.6315e+02	 2.7424e+03	-7.5987e+01	 7.7310e+03	 1.9294e+03	-4.0068e+00
 3.3253e+05	 2.6770e+03	 3.9063e+00	 8.8914e-01	 3.6315e+02	 2.7449e+03	-7.7177e+01	 6.0866e+03	 1.3854e+03	-4.3934e+00
 4.9879e+05	 2.6770e+03	-4.3798e+00	 4.7975e+01	 3.6315e+02	 2.7477e+03	 5.2162e+00	 7.5203e+01	-8.2375e+02	 9.1293e-02
 7.4818e+05	 2.6770e+03	 3.5865e+00	 4.7595e-01	 3.6315e+02	 2.7541e+03	-8.2441e+01	 5.0536e+03	 6.7064e+02	-7.5355e+00
 9.0000e+05	 2.6770e+03	 3.5450e+00	 4.0834e-01	 3.6315e+02	 2.7618e+03	-8.3429e+01	 4.8967e+03	 5.6403e+02	-8.6816e+00
 1.0000e+02	 2.7591e+03	 6.2424e+00	 1.6002e-01	 3.6315e+02	 2.7701e+03	-8.8532e+01	 1.1246e+08	 2.8828e+06	-3.9011e+01
 1.5000e+02	 2.7591e+03	 6.2115e+00	 1.4119e-01	 3.6315e+02	 2.7726e+03	-8.8698e+01	 8.4972e+07	 1.9314e+06	-4.3994e+01
 2.2500e+02	 2.7591e+03	 6.1848e+00	 1.2739e-01	 3.6315e+02	 2.7752e+03	-8.8820e+01	 6.2783e+07	 1.2932e+06	-4.8549e+01
 3.3750e+02	 2.7591e+03	 6.1611e+00	 1.1734e-01	 3.6315e+02	 2.7777e+03	-8.8909e+01	 4.5441e+07	 8.6544e+05	-5.2507e+01
 5.0625e+02	 2.7591e+03	 6.1399e+00	 1.1181e-01	 3.6315e+02	 2.7802e+03	-8.8957e+01	 3.1791e+07	 5.7895e+05	-5.4911e+01
 7.5938e+02	 2.7591e+03	 6.1205e+00	 1.1048e-01	 3.6315e+02	 2.7829e+03	-8.8966e+01	 2.1451e+07	 3.8719e+05	-5.5400e+01
 1.1391e+03	 2.7591e+03	 6.1014e+00	 1.1463e-01	 3.6315e+02	 2.7880e+03	-8.8924e+01	 1.3782e+07	 2.5894e+05	-5.3226e+01
 1.7086e+03	 2.7591e+03	 6.0831e+00	 1.2524e-01	 3.6315e+02	 2.7904e+03	-8.8821e+01	 8.4097e+06	 1.7314e+05	-4.8571e+01
 2.5629e+03	 2.7591e+03	 6.0632e+00	 1.4416e-01	 3.6315e+02	 2.7930e+03	-8.8638e+01	 4.8708e+06	 1.1581e+05	-4.2059e+01
 3.8443e+03	 2.7591e+03	 6.0417e+00	 1.7369e-01	 3.6316e+02	 2.7956e+03	-8.8353e+01	 2.6951e+06	 7.7480e+04	-3.4785e+01
 5.7665e+03	 2.7591e+03	 6.0156e+00	 2.1757e-01	 3.6315e+02	 2.7981e+03	-8.7929e+01	 1.4344e+06	 5.1877e+04	-2.7650e+01
 8.6498e+03	 2.7591e+03	 5.9812e+00	 2.8072e-01	 3.6315e+02	 2.8007e+03	-8.7313e+01	 7.4112e+05	 3.4784e+04	-2.1306e+01
 1.2975e+04	 2.7591e+03	 5.9325e+00	 3.6916e-01	 3.6315e+02	 2.8033e+03	-8.6439e+01	 3.7572e+05	 2.3380e+04	-1.6070e+01
 1.9462e+04	 2.7591e+03	 5.8593e+00	 4.8824e-01	 3.6316e+02	 2.8057e+03	-8.5237e+01	 1.8939e+05	 1.5781e+04	-1.2001e+01
 2.9193e+04	 2.7591e+03	 5.7449e+00	 6.4097e-01	 3.6316e+02	 2.8084e+03	-8.3634e+01	 9.6174e+04	 1.0730e+04	-8.9629e+00
 4.3789e+04	 2.7591e+03	 5.5660e+00	 8.1793e-01	 3.6316e+02	 2.8108e+03	-8.1640e+01	 5.0244e+04	 7.3834e+03	-6.8050e+00
 6.5684e+04	 2.7591e+03	 5.3010e+00	 9.9185e-01	 3.6315e+02	 2.8135e+03	-7.9402e+01	 2.7622e+04	 5.1683e+03	-5.3445e+00
 9.8526e+04	 2.7591e+03	 4.9502e+00	 1.1132e+00	 3.6316e+02	 2.8161e+03	-7.7326e+01	 1.6407e+04	 3.6897e+03	-4.4467e+00
 1.4779e+05	 2.7591e+03	 4.5523e+00	 1.1348e+00	 3.6315e+02	 2.8212e+03	-7.6003e+01	 1.0731e+04	 2.6748e+03	-4.0117e+00
 2.2168e+05	 2.7591e+03	 4.2004e+00	 1.0514e+00	 3.6315e+02	 2.8236e+03	-7.5947e+01	 7.7206e+03	 1.9326e+03	-3.9949e+00
 3.3253e+05	 2.7591e+03	 3.8994e+00	 8.8924e-01	 3.6315e+02	 2.8262e+03	-7.7154e+01	 6.0859e+03	 1.3879e+03	-4.3851e+00
 4.9879e+05	 2.7591e+03	-4.3727e+00	 4.7892e+01	 3.6315e+02	 2.8289e+03	 5.2169e+00	 7.5334e+01	-8.2509e+02	 9.1304e-02
 7.4818e+05	 2.7591e+03	 3.5808e+00	 4.7435e-01	 3.6315e+02	 2.8352e+03	-8.2454e+01	 5.0706e+03	 6.7170e+02	-7.5489e+00
 9.0000e+05	 2.7591e+03	 3.5400e+00	 4.0656e-01	 3.6315e+02	 2.8429e+03	-8.3448e+01	 4.9181e+03	 5.6483e+02	-8.7072e+00
 1.0000e+02	 2.8402e+03	 6.2421e+00	 1.5999e-01	 3.6315e+02	 2.8511e+03	-8.8532e+01	 1.1248e+08	 2.8830e+06	-3.9015e+01
 1.5000e+02	 2.8402e+03	 6.2112e+00	 1.4150e-01	 3.6315e+02	 2.8539e+03	-8.8695e+01	 8.4786e+07	 1.9315e+06	-4.3896e+01
 2.2500e+02	 2.8402e+03	 6.1845e+00	 1.2737e-01	 3.6315e+02	 2.8564e+03	-8.8820e+01	 6.2796e+07	 1.2932e+06	-4.8557e+01
 3.3750e+02	 2.8402e+03	 6.1607e+00	 1.1734e-01	 3.6315e+02	 2.8592e+03	-8.8909e+01	 4.5441e+07	 8.6549e+05	-5.2504e+01
 5.0625e+02	 2.8402e+03	 6.1395e+00	 1.1186e-01	 3.6315e+02	 2.8617e+03	-8.8956e+01	 3.1778e+07	 5.7899e+05	-5.4886e+01
 7.5938e+02	 2.8402e+03	 6.1203e+00	 1.1065e-01	 3.6315e+02	 2.8642e+03	-8.8964e+01	 2.1418e+07	 3.8721e+05	-5.5313e+01
 1.1391e+03	 2.8402e+03	 6.1014e+00	 1.1488e-01	 3.6314e+02	 2.8694e+03	-8.8921e+01	 1.3752e+07	 2.5894e+05	-5.3110e+01
 1.7086e+03	 2.8402e+03	 6.0829e+00	 1.2557e-01	 3.6316e+02	 2.8720e+03	-8.8817e+01	 8.3876e+06	 1.7315e+05	-4.8441e+01
 2.5629e+03	 2.8402e+03	 6.0633e+00	 1.4420e-01	 3.6315e+02	 2.8746e+03	-8.8638e+01	 4.8693e+06	 1.1581e+05	-4.2047e+01
 3.8443e+03	 2.8402e+03	 6.0415e+00	 1.7413e-01	 3.6315e+02	 2.8770e+03	-8.8349e+01	 2.6883e+06	 7.7482e+04	-3.4696e+01
 5.7665e+03	 2.8402e+03	 6.0154e+00	 2.1816e-01	 3.6315e+02	 2.8796e+03	-8.7923e+01	 1.4305e+06	 5.1879e+04	-2.7573e+01
 8.6498e+03	 2.8402e+03	 5.9810e+00	 2.8168e-01	 3.6315e+02	 2.8822e+03	-8.7304e+01	 7.3861e+05	 3.4785e+04	-2.1234e+01
 1.2975e+04	 2.8402e+03	 5.9323e+00	 3.7025e-01	 3.6315e+02	 2.8847e+03	-8.6429e+01	 3.7461e+05	 2.3380e+04	-1.6023e+01
 1.9462e+04	 2.8402e+03	 5.8588e+00	 4.9012e-01	 3.6315e+02	 2.8872e+03	-8.5218e+01	 1.8866e+05	 1.5782e+04	-1.1954e+01
 2.9193e+04	 2.8402e+03	 5.7439e+00	 6.4325e-01	 3.6315e+02	 2.8898e+03	-8.3610e+01	 9.5833e+04	 1.0732e+04	-8.9296e+00
 4.3789e+04	 2.8402e+03	 5.5641e+00	 8.2073e-01	 3.6315e+02	 2.8923e+03	-8.1609e+01	 5.0072e+04	 7.3859e+03	-6.7795e+00
 6.5684e+04	 2.8402e+03	 5.2979e+00	 9.9489e-01	 3.6315e+02	 2.8948e+03	-7.9364e+01	 2.7538e+04	 5.1714e+03	-5.3251e+00
 9.8526e+04	 2.8402e+03	 4.9460e+00	 1.1162e+00	 3.6315e+02	 2.8974e+03	-7.7283e+01	 1.6363e+04	 3.6929e+03	-4.4311e+00
 1.4779e+05	 2.8402e+03	 4.5469e+00	 1.1369e+00	 3.6315e+02	 2.9024e+03	-7.5962e+01	 1.0710e+04	 2.6780e+03	-3.9994e+00
 2.2168e+05	 2.8402e+03	 4.1943e+00	 1.0525e+00	 3.6315e+02	 2.9049e+03	-7.5913e+01	 7.7129e+03	 1.9354e+03	-3.9851e+00
 3.3253e+05	 2.8402e+03	 3.8934e+00	 8.8921e-01	 3.6315e+02	 2.9074e+03	-7.7135e+01	 6.0861e+03	 1.3900e+03	-4.3785e+00
 4.9879e+05	 2.8402e+03	-4.3654e+00	 4.7822e+01	 3.6315e+02	 2.9102e+03	 5.2158e+00	 7.5444e+01	-8.2647e+02	 9.1285e-02
 7.4818e+05	 2.8402e+03	 3.5761e+00	 4.7283e-01	 3.6315e+02	 2.9167e+03	-8.2468e+01	 5.0870e+03	 6.7259e+02	-7.5633e+00
 9.0000e+05	 2.8402e+03	 3.5357e+00	 4.0537e-01	 3.6315e+02	 2.9244e+03	-8.3460e+01	 4.9326e+03	 5.6553e+02	-8.7221e+00
 1.0000e+02	 2.9218e+03	 6.2417e+00	 1.5988e-01	 3.6314e+02	 2.9328e+03	-8.8533e+01	 1.1256e+08	 2.8831e+06	-3.9041e+01
 1.5000e+02	 2.9218e+03	 6.2092e+00	 1.4225e-01	 3.6315e+02	 2.9352e+03	-8.8688e+01	 8.4340e+07	 1.9322e+06	-4.3651e+01
 2.2500e+02	 2.9218e+03	 6.1839e+00	 1.2738e-01	 3.6314e+02	 2.9379e+03	-8.8820e+01	 6.2789e+07	 1.2934e+06	-4.8547e+01
 3.3750e+02	 2.9218e+03	 6.1604e+00	 1.1728e-01	 3.6315e+02	 2.9404e+03	-8.8909e+01	 4.5465e+07	 8.6554e+05	-5.2528e+01
 5.0625e+02	 2.9218e+03	 6.1396e+00	 1.1182e-01	 3.6314e+02	 2.9432e+03	-8.8957e+01	 3.1790e+07	 5.7898e+05	-5.4907e+01
 7.5938e+02	 2.9218e+03	 6.1198e+00	 1.1059e-01	 3.6314e+02	 2.9459e+03	-8.8965e+01	 2.1429e+07	 3.8724e+05	-5.5339e+01
 1.1391e+03	 2.9218e+03	 6.1008e+00	 1.1450e-01	 3.6314e+02	 2.9512e+03	-8.8925e+01	 1.3798e+07	 2.5896e+05	-5.3284e+01
 1.7086e+03	 2.9218e+03	 6.0826e+00	 1.2535e-01	 3.6315e+02	 2.9539e+03	-8.8819e+01	 8.4026e+06	 1.7316e+05	-4.8526e+01
 2.5629e+03	 2.9218e+03	 6.0632e+00	 1.4451e-01	 3.6315e+02	 2.9564e+03	-8.8635e+01	 4.8589e+06	 1.1581e+05	-4.1956e+01
 3.8443e+03	 2.9218e+03	 6.0413e+00	 1.7433e-01	 3.6314e+02	 2.9591e+03	-8.8347e+01	 2.6852e+06	 7.7485e+04	-3.4654e+01
 5.7665e+03	 2.9218e+03	 6.0152e+00	 2.1854e-01	 3.6315e+02	 2.9616e+03	-8.7919e+01	 1.4280e+06	 5.1881e+04	-2.7524e+01
 8.6498e+03	 2.9218e+03	 5.9807e+00	 2.8238e-01	 3.6315e+02	 2.9644e+03	-8.7297e+01	 7.3676e+05	 3.4786e+04	-2.1180e+01
 1.2975e+04	 2.9218e+03	 5.9317e+00	 3.7127e-01	 3.6314e+02	 2.9671e+03	-8.6419e+01	 3.7358e+05	 2.3383e+04	-1.5977e+01
 1.9462e+04	 2.9218e+03	 5.8580e+00	 4.9149e-01	 3.6315e+02	 2.9697e+03	-8.5204e+01	 1.8814e+05	 1.5785e+04	-1.1919e+01
 2.9193e+04	 2.9218e+03	 5.7429e+00	 6.4516e-01	 3.6314e+02	 2.9723e+03	-8.3590e+01	 9.5548e+04	 1.0734e+04	-8.9015e+00
 4.3789e+04	 2.9218e+03	 5.5622e+00	 8.2328e-01	 3.6315e+02	 2.9750e+03	-8.1581e+01	 4.9918e+04	 7.3884e+03	-6.7562e+00
 6.5684e+04	 2.9218e+03	 5.2950e+00	 9.9759e-01	 3.6315e+02	 2.9774e+03	-7.9330e+01	 2.7464e+04	 5.1742e+03	-5.3078e+00
 9.8526e+04	 2.9218e+03	 4.9421e+00	 1.1186e+00	 3.6315e+02	 2.9800e+03	-7.7247e+01	 1.6329e+04	 3.6958e+03	-4.4182e+00
 1.4779e+05	 2.9218e+03	 4.5423e+00	 1.1386e+00	 3.6315e+02	 2.9852e+03	-7.5928e+01	 1.0695e+04	 2.6807e+03	-3.9895e+00
 2.2168e+05	 2.9218e+03	 4.1892e+00	 1.0534e+00	 3.6315e+02	 2.9879e+03	-7.5885e+01	 7.7063e+03	 1.9378e+03	-3.9769e+00
 3.3253e+05	 2.9218e+03	 3.8883e+00	 8.8909e-01	 3.6315e+02	 2.9903e+03	-7.7120e+01	 6.0870e+03	 1.3918e+03	-4.3734e+00
 4.9879e+05	 2.9218e+03	-4.3604e+00	 4.7762e+01	 3.6314e+02	 2.9931e+03	 5.2163e+00	 7.5539e+01	-8.2742e+02	 9.1294e-02
 7.4818e+05	 2.9218e+03	 3.5720e+00	 4.7210e-01	 3.6315e+02	 2.9996e+03	-8.2471e+01	 5.0948e+03	 6.7336e+02	-7.5663e+00
 9.0000e+05	 2.9218e+03	 3.5319e+00	 4.0411e-01	 3.6314e+02	 3.0072e+03	-8.3473e+01	 4.9479e+03	 5.6614e+02	-8.7398e+00
 1.0000e+02	 3.0045e+03	 6.2413e+00	 1.5989e-01	 3.6315e+02	 3.0155e+03	-8.8533e+01	 1.1255e+08	 2.8833e+06	-3.9035e+01
 1.5000e+02	 3.0045e+03	 6.2079e+00	 1.3983e-01	 3.6315e+02	 3.0180e+03	-8.8710e+01	 8.5799e+07	 1.9325e+06	-4.4397e+01
 2.2500e+02	 3.0045e+03	 6.1837e+00	 1.2738e-01	 3.6315e+02	 3.0205e+03	-8.8820e+01	 6.2788e+07	 1.2934e+06	-4.8544e+01
 3.3750e+02	 3.0045e+03	 6.1602e+00	 1.1737e-01	 3.6316e+02	 3.0232e+03	-8.8909e+01	 4.5431e+07	 8.6557e+05	-5.2487e+01
 5.0625e+02	 3.0045e+03	 6.1392e+00	 1.1152e-01	 3.6315e+02	 3.0257e+03	-8.8959e+01	 3.1876e+07	 5.7902e+05	-5.5052e+01
 7.5938e+02	 3.0045e+03	 6.1197e+00	 1.1059e-01	 3.6315e+02	 3.0284e+03	-8.8965e+01	 2.1429e+07	 3.8724e+05	-5.5338e+01
 1.1391e+03	 3.0045e+03	 6.1009e+00	 1.1492e-01	 3.6315e+02	 3.0337e+03	-8.8921e+01	 1.3748e+07	 2.5896e+05	-5.3090e+01
 1.7086e+03	 3.0045e+03	 6.0822e+00	 1.2579e-01	 3.6315e+02	 3.0361e+03	-8.8815e+01	 8.3727e+06	 1.7317e+05	-4.8350e+01
 2.5629e+03	 3.0045e+03	 6.0629e+00	 1.4465e-01	 3.6315e+02	 3.0387e+03	-8.8633e+01	 4.8542e+06	 1.1581e+05	-4.1914e+01
 3.8443e+03	 3.0045e+03	 6.0411e+00	 1.7466e-01	 3.6315e+02	 3.0413e+03	-8.8344e+01	 2.6801e+06	 7.7488e+04	-3.4587e+01
 5.7665e+03	 3.0045e+03	 6.0152e+00	 2.1903e-01	 3.6315e+02	 3.0437e+03	-8.7915e+01	 1.4248e+06	 5.1880e+04	-2.7463e+01
 8.6498e+03	 3.0045e+03	 5.9804e+00	 2.8292e-01	 3.6315e+02	 3.0466e+03	-8.7292e+01	 7.3537e+05	 3.4788e+04	-2.1138e+01
 1.2975e+04	 3.0045e+03	 5.9314e+00	 3.7213e-01	 3.6315e+02	 3.0493e+03	-8.6410e+01	 3.7271e+05	 2.3384e+04	-1.5939e+01
 1.9462e+04	 3.0045e+03	 5.8576e+00	 4.9262e-01	 3.6315e+02	 3.0518e+03	-8.5193e+01	 1.8770e+05	 1.5786e+04	-1.1891e+01
 2.9193e+04	 3.0045e+03	 5.7420e+00	 6.4690e-01	 3.6315e+02	 3.0545e+03	-8.3572e+01	 9.5291e+04	 1.0736e+04	-8.8761e+00
 4.3789e+04	 3.0045e+03	 5.5607e+00	 8.2510e-01	 3.6315e+02	 3.0572e+03	-8.1560e+01	 4.9807e+04	 7.3904e+03	-6.7394e+00
 6.5684e+04	 3.0045e+03	 5.2929e+00	 9.9975e-01	 3.6315e+02	 3.0596e+03	-7.9304e+01	 2.7404e+04	 5.1762e+03	-5.2942e+00
 9.8526e+04	 3.0045e+03	 4.9391e+00	 1.1206e+00	 3.6315e+02	 3.0624e+03	-7.7217e+01	 1.6300e+04	 3.6980e+03	-4.4077e+00
 1.4779e+05	 3.0045e+03	 4.5386e+00	 1.1401e+00	 3.6315e+02	 3.0674e+03	-7.5900e+01	 1.0681e+04	 2.6829e+03	-3.9810e+00
 2.2168e+05	 3.0045e+03	 4.1851e+00	 1.0541e+00	 3.6315e+02	 3.0701e+03	-7.5863e+01	 7.7010e+03	 1.9397e+03	-3.9703e+00
 3.3253e+05	 3.0045e+03	 3.8841e+00	 8.8923e-01	 3.6315e+02	 3.0726e+03	-7.7105e+01	 6.0860e+03	 1.3933e+03	-4.3680e+00
 4.9879e+05	 3.0045e+03	-4.3591e+00	 4.7709e+01	 3.6314e+02	 3.0755e+03	 5.2206e+00	 7.5623e+01	-8.2766e+02	 9.1370e-02
 7.4818e+05	 3.0045e+03	 3.5684e+00	 4.7097e-01	 3.6315e+02	 3.0819e+03	-8.2481e+01	 5.1070e+03	 6.7405e+02	-7.5766e+00
 9.0000e+05	 3.0045e+03	 3.5285e+00	 4.0304e-01	 3.6315e+02	 3.0895e+03	-8.3484e+01	 4.9611e+03	 5.6667e+02	-8.7548e+00
 1.0000e+02	 3.0868e+03	 6.2407e+00	 1.6019e-01	 3.6315e+02	 3.0978e+03	-8.8530e+01	 1.1234e+08	 2.8836e+06	-3.8957e+01
 1.5000e+02	 3.0868e+03	 6.2104e+00	 1.4496e-01	 3.6315e+02	 3.1003e+03	-8.8663e+01	 8.2763e+07	 1.9318e+06	-4.2843e+01
 2.2500e+02	 3.0868e+03	 6.1833e+00	 1.2717e-01	 3.6315e+02	 3.1029e+03	-8.8822e+01	 6.2892e+07	 1.2935e+06	-4.8621e+01
 3.3750e+02	 3.0868e+03	 6.1600e+00	 1.1735e-01	 3.6315e+02	 3.1056e+03	-8.8909e+01	 4.5439e+07	 8.6559e+05	-5.2495e+01
 5.0625e+02	 3.0868e+03	 6.1388e+00	 1.1162e-01	 3.6315e+02	 3.1082e+03	-8.8958e+01	 3.1847e+07	 5.7906e+05	-5.4999e+01
 7.5938e+02	 3.0868e+03	 6.1193e+00	 1.1067e-01	 3.6315e+02	 3.1108e+03	-8.8964e+01	 2.1412e+07	 3.8727e+05	-5.5291e+01
 1.1391e+03	 3.0868e+03	 6.1006e+00	 1.1503e-01	 3.6315e+02	 3.1159e+03	-8.8920e+01	 1.3734e+07	 2.5897e+05	-5.3033e+01
 1.7086e+03	 3.0868e+03	 6.0824e+00	 1.2554e-01	 3.6315e+02	 3.1184e+03	-8.8818e+01	 8.3899e+06	 1.7316e+05	-4.8450e+01
 2.5629e+03	 3.0868e+03	 6.0626e+00	 1.4482e-01	 3.6315e+02	 3.1212e+03	-8.8632e+01	 4.8484e+06	 1.1582e+05	-4.1862e+01
 3.8443e+03	 3.0868e+03	 6.0407e+00	 1.7480e-01	 3.6315e+02	 3.1237e+03	-8.8342e+01	 2.6779e+06	 7.7492e+04	-3.4557e+01
 5.7665e+03	 3.0868e+03	 6.0147e+00	 2.1929e-01	 3.6315e+02	 3.1264e+03	-8.7912e+01	 1.4231e+06	 5.1885e+04	-2.7429e+01
 8.6498e+03	 3.0868e+03	 5.9803e+00	 2.8329e-01	 3.6315e+02	 3.1290e+03	-8.7288e+01	 7.3439e+05	 3.4789e+04	-2.1110e+01
 1.2975e+04	 3.0868e+03	 5.9310e+00	 3.7282e-01	 3.6315e+02	 3.1317e+03	-8.6403e+01	 3.7203e+05	 2.3385e+04	-1.5909e+01
 1.9462e+04	 3.0868e+03	 5.8574e+00	 4.9359e-01	 3.6315e+02	 3.1342e+03	-8.5183e+01	 1.8734e+05	 1.5786e+04	-1.1867e+01
 2.9193e+04	 3.0868e+03	 5.7413e+00	 6.4818e-01	 3.6315e+02	 3.1371e+03	-8.3559e+01	 9.5104e+04	 1.0737e+04	-8.8576e+00
 4.3789e+04	 3.0868e+03	 5.5594e+00	 8.2689e-01	 3.6315e+02	 3.1396e+03	-8.1540e+01	 4.9699e+04	 7.3921e+03	-6.7233e+00
 6.5684e+04	 3.0868e+03	 5.2911e+00	 1.0014e+00	 3.6315e+02	 3.1420e+03	-7.9283e+01	 2.7359e+04	 5.1780e+03	-5.2837e+00
 9.8526e+04	 3.0868e+03	 4.9363e+00	 1.1222e+00	 3.6315e+02	 3.1446e+03	-7.7193e+01	 1.6276e+04	 3.7001e+03	-4.3989e+00
 1.4779e+05	 3.0868e+03	 4.5357e+00	 1.1414e+00	 3.6315e+02	 3.1496e+03	-7.5875e+01	 1.0668e+04	 2.6846e+03	-3.9738e+00
 2.2168e+05	 3.0868e+03	 4.1818e+00	 1.0551e+00	 3.6315e+02	 3.1522e+03	-7.5839e+01	 7.6935e+03	 1.9412e+03	-3.9633e+00
 3.3253e+05	 3.0868e+03	 3.8805e+00	 8.8974e-01	 3.6315e+02	 3.1548e+03	-7.7086e+01	 6.0825e+03	 1.3946e+03	-4.3614e+00
 4.9879e+05	 3.0868e+03	-4.3624e+00	 4.7663e+01	 3.6315e+02	 3.1577e+03	 5.2295e+00	 7.5695e+01	-8.2704e+02	 9.1525e-02
 7.4818e+05	 3.0868e+03	 3.5650e+00	 4.7041e-01	 3.6315e+02	 3.1641e+03	-8.2483e+01	 5.1131e+03	 6.7469e+02	-7.5785e+00
 9.0000e+05	 3.0868e+03	 3.5252e+00	 4.0222e-01	 3.6315e+02	 3.1718e+03	-8.3491e+01	 4.9712e+03	 5.6721e+02	-8.7643e+00
 1.0000e+02	 3.1691e+03	 6.2402e+00	 1.5961e-01	 3.6314e+02	 3.1798e+03	-8.8535e+01	 1.1275e+08	 2.8838e+06	-3.9096e+01
 1.5000e+02	 3.1691e+03	 6.2097e+00	 1.3924e-01	 3.6315e+02	 3.1823e+03	-8.8715e+01	 8.6159e+07	 1.9320e+06	-4.4596e+01
 2.2500e+02	 3.1691e+03	 6.1830e+00	 1.2724e-01	 3.6315e+02	 3.1851e+03	-8.8821e+01	 6.2858e+07	 1.2936e+06	-4.8593e+01
 3.3750e+02	 3.1691e+03	 6.1595e+00	 1.1732e-01	 3.6315e+02	 3.1876e+03	-8.8909e+01	 4.5450e+07	 8.6566e+05	-5.2504e+01
 5.0625e+02	 3.1691e+03	 6.1386e+00	 1.1177e-01	 3.6315e+02	 3.1902e+03	-8.8957e+01	 3.1805e+07	 5.7908e+05	-5.4923e+01
 7.5938e+02	 3.1691e+03	 6.1192e+00	 1.1054e-01	 3.6315e+02	 3.1928e+03	-8.8965e+01	 2.1438e+07	 3.8727e+05	-5.5357e+01
 1.1391e+03	 3.1691e+03	 6.1004e+00	 1.1504e-01	 3.6315e+02	 3.1979e+03	-8.8920e+01	 1.3734e+07	 2.5898e+05	-5.3030e+01
 1.7086e+03	 3.1691e+03	 6.0820e+00	 1.2566e-01	 3.6316e+02	 3.2003e+03	-8.8816e+01	 8.3816e+06	 1.7317e+05	-4.8400e+01
 2.5629e+03	 3.1691e+03	 6.0623e+00	 1.4492e-01	 3.6315e+02	 3.2032e+03	-8.8631e+01	 4.8450e+06	 1.1582e+05	-4.1831e+01
 3.8443e+03	 3.1691e+03	 6.0406e+00	 1.7501e-01	 3.6315e+02	 3.2056e+03	-8.8340e+01	 2.6747e+06	 7.7494e+04	-3.4515e+01
 5.7665e+03	 3.1691e+03	 6.0147e+00	 2.1962e-01	 3.6315e+02	 3.2081e+03	-8.7909e+01	 1.4210e+06	 5.1885e+04	-2.7387e+01
 8.6498e+03	 3.1691e+03	 5.9801e+00	 2.8381e-01	 3.6315e+02	 3.2108e+03	-8.7283e+01	 7.3306e+05	 3.4790e+04	-2.1071e+01
 1.2975e+04	 3.1691e+03	 5.9308e+00	 3.7342e-01	 3.6315e+02	 3.2134e+03	-8.6397e+01	 3.7143e+05	 2.3386e+04	-1.5883e+01
 1.9462e+04	 3.1691e+03	 5.8567e+00	 4.9454e-01	 3.6315e+02	 3.2161e+03	-8.5173e+01	 1.8697e+05	 1.5788e+04	-1.1843e+01
 2.9193e+04	 3.1691e+03	 5.7403e+00	 6.4927e-01	 3.6315e+02	 3.2187e+03	-8.3547e+01	 9.4943e+04	 1.0739e+04	-8.8411e+00
 4.3789e+04	 3.1691e+03	 5.5584e+00	 8.2820e-01	 3.6315e+02	 3.2211e+03	-8.1525e+01	 4.9621e+04	 7.3934e+03	-6.7115e+00
 6.5684e+04	 3.1691e+03	 5.2893e+00	 1.0029e+00	 3.6315e+02	 3.2238e+03	-7.9263e+01	 2.7318e+04	 5.1798e+03	-5.2738e+00
 9.8526e+04	 3.1691e+03	 4.9342e+00	 1.1236e+00	 3.6315e+02	 3.2267e+03	-7.7172e+01	 1.6256e+04	 3.7017e+03	-4.3916e+00
 1.4779e+05	 3.1691e+03	 4.5328e+00	 1.1425e+00	 3.6315e+02	 3.2316e+03	-7.5853e+01	 1.0658e+04	 2.6863e+03	-3.9675e+00
 2.2168e+05	 3.1691e+03	 4.1788e+00	 1.0559e+00	 3.6315e+02	 3.2343e+03	-7.5819e+01	 7.6878e+03	 1.9426e+03	-3.9574e+00
 3.3253e+05	 3.1691e+03	 3.8772e+00	 8.9015e-01	 3.6315e+02	 3.2368e+03	-7.7070e+01	 6.0797e+03	 1.3958e+03	-4.3557e+00
 4.9879e+05	 3.1691e+03	-4.3638e+00	 4.7621e+01	 3.6315e+02	 3.2397e+03	 5.2357e+00	 7.5763e+01	-8.2678e+02	 9.1636e-02
 7.4818e+05	 3.1691e+03	 3.5619e+00	 4.6948e-01	 3.6314e+02	 3.2461e+03	-8.2491e+01	 5.1232e+03	 6.7527e+02	-7.5870e+00
 9.0000e+05	 3.1691e+03	 3.5225e+00	 4.0085e-01	 3.6315e+02	 3.2537e+03	-8.3508e+01	 4.9883e+03	 5.6765e+02	-8.7876e+00
 1.0000e+02	 3.2510e+03	 6.2398e+00	 1.5968e-01	 3.6316e+02	 3.2619e+03	-8.8534e+01	 1.1270e+08	 2.8840e+06	-3.9078e+01
 1.5000e+02	 3.2510e+03	 6.2097e+00	 1.4225e-01	 3.6316e+02	 3.2643e+03	-8.8688e+01	 8.4341e+07	 1.9320e+06	-4.3655e+01
 2.2500e+02	 3.2510e+03	 6.1830e+00	 1.2718e-01	 3.6315e+02	 3.2667e+03	-8.8822e+01	 6.2886e+07	 1.2936e+06	-4.8614e+01
 3.3750e+02	 3.2510e+03	 6.1592e+00	 1.1717e-01	 3.6315e+02	 3.2694e+03	-8.8910e+01	 4.5506e+07	 8.6570e+05	-5.2565e+01
 5.0625e+02	 3.2510e+03	 6.1385e+00	 1.1158e-01	 3.6315e+02	 3.2719e+03	-8.8959e+01	 3.1857e+07	 5.7908e+05	-5.5012e+01
 7.5938e+02	 3.2510e+03	 6.1188e+00	 1.1055e-01	 3.6315e+02	 3.2745e+03	-8.8965e+01	 2.1437e+07	 3.8730e+05	-5.5350e+01
 1.1391e+03	 3.2510e+03	 6.1003e+00	 1.1452e-01	 3.6316e+02	 3.2794e+03	-8.8925e+01	 1.3796e+07	 2.5898e+05	-5.3268e+01
 1.7086e+03	 3.2510e+03	 6.0818e+00	 1.2570e-01	 3.6315e+02	 3.2821e+03	-8.8816e+01	 8.3789e+06	 1.7318e+05	-4.8383e+01
 2.5629e+03	 3.2510e+03	 6.0621e+00	 1.4496e-01	 3.6314e+02	 3.2847e+03	-8.8630e+01	 4.8438e+06	 1.1583e+05	-4.1818e+01
 3.8443e+03	 3.2510e+03	 6.0405e+00	 1.7512e-01	 3.6315e+02	 3.2874e+03	-8.8339e+01	 2.6731e+06	 7.7495e+04	-3.4493e+01
 5.7665e+03	 3.2510e+03	 6.0143e+00	 2.1981e-01	 3.6314e+02	 3.2898e+03	-8.7907e+01	 1.4197e+06	 5.1888e+04	-2.7361e+01
 8.6498e+03	 3.2510e+03	 5.9799e+00	 2.8418e-01	 3.6315e+02	 3.2926e+03	-8.7279e+01	 7.3209e+05	 3.4791e+04	-2.1043e+01
 1.2975e+04	 3.2510e+03	 5.9304e+00	 3.7391e-01	 3.6315e+02	 3.2952e+03	-8.6392e+01	 3.7094e+05	 2.3388e+04	-1.5860e+01
 1.9462e+04	 3.2510e+03	 5.8562e+00	 4.9523e-01	 3.6315e+02	 3.2976e+03	-8.5166e+01	 1.8671e+05	 1.5790e+04	-1.1825e+01
 2.9193e+04	 3.2510e+03	 5.7397e+00	 6.5031e-01	 3.6315e+02	 3.3002e+03	-8.3536e+01	 9.4791e+04	 1.0740e+04	-8.8261e+00
 4.3789e+04	 3.2510e+03	 5.5573e+00	 8.2940e-01	 3.6315e+02	 3.3028e+03	-8.1511e+01	 4.9549e+04	 7.3950e+03	-6.7004e+00
 6.5684e+04	 3.2510e+03	 5.2876e+00	 1.0042e+00	 3.6315e+02	 3.3054e+03	-7.9246e+01	 2.7282e+04	 5.1814e+03	-5.2653e+00
 9.8526e+04	 3.2510e+03	 4.9322e+00	 1.1247e+00	 3.6315e+02	 3.3081e+03	-7.7154e+01	 1.6240e+04	 3.7032e+03	-4.3853e+00
 1.4779e+05	 3.2510e+03	 4.5306e+00	 1.1435e+00	 3.6315e+02	 3.3132e+03	-7.5834e+01	 1.0648e+04	 2.6876e+03	-3.9619e+00
 2.2168e+05	 3.2510e+03	 4.1761e+00	 1.0568e+00	 3.6315e+02	 3.3157e+03	-7.5799e+01	 7.6816e+03	 1.9439e+03	-3.9517e+00
 3.3253e+05	 3.2510e+03	 3.8743e+00	 8.9084e-01	 3.6315e+02	 3.3184e+03	-7.7051e+01	 6.0750e+03	 1.3969e+03	-4.3490e+00
 4.9879e+05	 3.2510e+03	-4.3682e+00	 4.7581e+01	 3.6315e+02	 3.3210e+03	 5.2453e+00	 7.5826e+01	-8.2595e+02	 9.1805e-02
 7.4818e+05	 3.2510e+03	 3.5589e+00	 4.6886e-01	 3.6315e+02	 3.3279e+03	-8.2495e+01	 5.1300e+03	 6.7584e+02	-7.5906e+00
 9.0000e+05	 3.2510e+03	 3.5195e+00	 4.0006e-01	 3.6315e+02	 3.3356e+03	-8.3515e+01	 4.9980e+03	 5.6813e+02	-8.7973e+00
 1.0000e+02	 3.3329e+03	 6.2395e+00	 1.5962e-01	 3.6315e+02	 3.3437e+03	-8.8535e+01	 1.1274e+08	 2.8842e+06	-3.9089e+01
 1.5000e+02	 3.3329e+03	 6.2094e+00	 1.4176e-01	 3.6315e+02	 3.3461e+03	-8.8692e+01	 8.4628e+07	 1.9321e+06	-4.3801e+01
 2.2500e+02	 3.3329e+03	 6.1826e+00	 1.2698e-01	 3.6315e+02	 3.3486e+03	-8.8823e+01	 6.2988e+07	 1.2937e+06	-4.8690e+01
 3.3750e+02	 3.3329e+03	 6.1590e+00	 1.1714e-01	 3.6315e+02	 3.3513e+03	-8.8910e+01	 4.5519e+07	 8.6573e+05	-5.2578e+01
 5.0625e+02	 3.3329e+03	 6.1379e+00	 1.1146e-01	 3.6315e+02	 3.3538e+03	-8.8960e+01	 3.1891e+07	 5.7914e+05	-5.5067e+01
 7.5938e+02	 3.3329e+03	 6.1186e+00	 1.1047e-01	 3.6315e+02	 3.3567e+03	-8.8966e+01	 2.1452e+07	 3.8731e+05	-5.5386e+01
 1.1391e+03	 3.3329e+03	 6.1000e+00	 1.1463e-01	 3.6315e+02	 3.3619e+03	-8.8923e+01	 1.3783e+07	 2.5899e+05	-5.3216e+01
 1.7086e+03	 3.3329e+03	 6.0815e+00	 1.2576e-01	 3.6315e+02	 3.3644e+03	-8.8815e+01	 8.3753e+06	 1.7319e+05	-4.8360e+01
 2.5629e+03	 3.3329e+03	 6.0619e+00	 1.4523e-01	 3.6315e+02	 3.3672e+03	-8.8628e+01	 4.8348e+06	 1.1583e+05	-4.1740e+01
 3.8443e+03	 3.3329e+03	 6.0401e+00	 1.7521e-01	 3.6316e+02	 3.3697e+03	-8.8338e+01	 2.6716e+06	 7.7501e+04	-3.4472e+01
 5.7665e+03	 3.3329e+03	 6.0141e+00	 2.2010e-01	 3.6315e+02	 3.3721e+03	-8.7904e+01	 1.4179e+06	 5.1890e+04	-2.7325e+01
 8.6498e+03	 3.3329e+03	 5.9796e+00	 2.8456e-01	 3.6315e+02	 3.3747e+03	-8.7275e+01	 7.3111e+05	 3.4793e+04	-2.1013e+01
 1.2975e+04	 3.3329e+03	 5.9302e+00	 3.7446e-01	 3.6315e+02	 3.3772e+03	-8.6387e+01	 3.7040e+05	 2.3389e+04	-1.5837e+01
 1.9462e+04	 3.3329e+03	 5.8559e+00	 4.9597e-01	 3.6315e+02	 3.3799e+03	-8.5159e+01	 1.8644e+05	 1.5790e+04	-1.1807e+01
 2.9193e+04	 3.3329e+03	 5.7392e+00	 6.5119e-01	 3.6315e+02	 3.3825e+03	-8.3527e+01	 9.4663e+04	 1.0741e+04	-8.8134e+00
 4.3789e+04	 3.3329e+03	 5.5565e+00	 8.3058e-01	 3.6315e+02	 3.3852e+03	-8.1498e+01	 4.9479e+04	 7.3960e+03	-6.6899e+00
 6.5684e+04	 3.3329e+03	 5.2864e+00	 1.0053e+00	 3.6315e+02	 3.3877e+03	-7.9233e+01	 2.7253e+04	 5.1826e+03	-5.2585e+00
 9.8526e+04	 3.3329e+03	 4.9306e+00	 1.1259e+00	 3.6315e+02	 3.3904e+03	-7.7137e+01	 1.6222e+04	 3.7044e+03	-4.3791e+00
 1.4779e+05	 3.3329e+03	 4.5286e+00	 1.1446e+00	 3.6315e+02	 3.3954e+03	-7.5815e+01	 1.0638e+04	 2.6888e+03	-3.9565e+00
 2.2168e+05	 3.3329e+03	 4.1736e+00	 1.0576e+00	 3.6315e+02	 3.3981e+03	-7.5781e+01	 7.6757e+03	 1.9450e+03	-3.9464e+00
 3.3253e+05	 3.3329e+03	 3.8714e+00	 8.9128e-01	 3.6315e+02	 3.4006e+03	-7.7035e+01	 6.0720e+03	 1.3979e+03	-4.3436e+00
 4.9879e+05	 3.3329e+03	-4.3717e+00	 4.7541e+01	 3.6315e+02	 3.4036e+03	 5.2539e+00	 7.5889e+01	-8.2528e+02	 9.1956e-02
 7.4818e+05	 3.3329e+03	 3.5559e+00	 4.6825e-01	 3.6315e+02	 3.4100e+03	-8.2498e+01	 5.1367e+03	 6.7642e+02	-7.5940e+00
 9.0000e+05	 3.3329e+03	 3.5167e+00	 3.9963e-01	 3.6315e+02	 3.4177e+03	-8.3517e+01	 5.0035e+03	 5.6858e+02	-8.8000e+00
 1.0000e+02	 3.4150e+03	 6.2393e+00	 1.5972e-01	 3.6315e+02	 3.4259e+03	-8.8534e+01	 1.1267e+08	 2.8843e+06	-3.9064e+01
 1.5000e+02	 3.4150e+03	 6.2080e+00	 1.4139e-01	 3.6315e+02	 3.4283e+03	-8.8695e+01	 8.4850e+07	 1.9325e+06	-4.3906e+01
 2.2500e+02	 3.4150e+03	 6.1818e+00	 1.2687e-01	 3.6314e+02	 3.4311e+03	-8.8824e+01	 6.3041e+07	 1.2938e+06	-4.8725e+01
 3.3750e+02	 3.4150e+03	 6.1584e+00	 1.1692e-01	 3.6315e+02	 3.4337e+03	-8.8912e+01	 4.5605e+07	 8.6582e+05	-5.2673e+01
 5.0625e+02	 3.4150e+03	 6.1376e+00	 1.1140e-01	 3.6315e+02	 3.4364e+03	-8.8960e+01	 3.1909e+07	 5.7917e+05	-5.5095e+01
 7.5938e+02	 3.4150e+03	 6.1181e+00	 1.1018e-01	 3.6316e+02	 3.4390e+03	-8.8968e+01	 2.1509e+07	 3.8734e+05	-5.5529e+01
 1.1391e+03	 3.4150e+03	 6.0992e+00	 1.1491e-01	 3.6315e+02	 3.4442e+03	-8.8921e+01	 1.3749e+07	 2.5903e+05	-5.3080e+01
 1.7086e+03	 3.4150e+03	 6.0812e+00	 1.2571e-01	 3.6315e+02	 3.4466e+03	-8.8816e+01	 8.3783e+06	 1.7320e+05	-4.8374e+01
 2.5629e+03	 3.4150e+03	 6.0617e+00	 1.4498e-01	 3.6315e+02	 3.4492e+03	-8.8630e+01	 4.8431e+06	 1.1584e+05	-4.1809e+01
 3.8443e+03	 3.4150e+03	 6.0398e+00	 1.7532e-01	 3.6315e+02	 3.4516e+03	-8.8337e+01	 2.6701e+06	 7.7504e+04	-3.4451e+01
 5.7665e+03	 3.4150e+03	 6.0139e+00	 2.2019e-01	 3.6315e+02	 3.4541e+03	-8.7903e+01	 1.4173e+06	 5.1892e+04	-2.7312e+01
 8.6498e+03	 3.4150e+03	 5.9794e+00	 2.8478e-01	 3.6315e+02	 3.4568e+03	-8.7273e+01	 7.3057e+05	 3.4794e+04	-2.0997e+01
 1.2975e+04	 3.4150e+03	 5.9300e+00	 3.7490e-01	 3.6314e+02	 3.4594e+03	-8.6383e+01	 3.6997e+05	 2.3389e+04	-1.5818e+01
 1.9462e+04	 3.4150e+03	 5.8556e+00	 4.9669e-01	 3.6315e+02	 3.4619e+03	-8.5152e+01	 1.8616e+05	 1.5791e+04	-1.1789e+01
 2.9193e+04	 3.4150e+03	 5.7385e+00	 6.5213e-01	 3.6315e+02	 3.4645e+03	-8.3517e+01	 9.4527e+04	 1.0742e+04	-8.7997e+00
 4.3789e+04	 3.4150e+03	 5.5553e+00	 8.3169e-01	 3.6315e+02	 3.4674e+03	-8.1485e+01	 4.9413e+04	 7.3976e+03	-6.6795e+00
 6.5684e+04	 3.4150e+03	 5.2852e+00	 1.0066e+00	 3.6314e+02	 3.4699e+03	-7.9217e+01	 2.7219e+04	 5.1838e+03	-5.2507e+00
 9.8526e+04	 3.4150e+03	 4.9290e+00	 1.1270e+00	 3.6315e+02	 3.4727e+03	-7.7121e+01	 1.6207e+04	 3.7056e+03	-4.3735e+00
 1.4779e+05	 3.4150e+03	 4.5265e+00	 1.1455e+00	 3.6315e+02	 3.4779e+03	-7.5799e+01	 1.0630e+04	 2.6901e+03	-3.9516e+00
 2.2168e+05	 3.4150e+03	 4.1715e+00	 1.0587e+00	 3.6315e+02	 3.4803e+03	-7.5760e+01	 7.6678e+03	 1.9460e+03	-3.9403e+00
 3.3253e+05	 3.4150e+03	 3.8687e+00	 8.9202e-01	 3.6314e+02	 3.4827e+03	-7.7016e+01	 6.0669e+03	 1.3989e+03	-4.3371e+00
 4.9879e+05	 3.4150e+03	-4.3780e+00	 4.7505e+01	 3.6314e+02	 3.4857e+03	 5.2654e+00	 7.5948e+01	-8.2410e+02	 9.2158e-02
 7.4818e+05	 3.4150e+03	 3.5532e+00	 4.6820e-01	 3.6315e+02	 3.4921e+03	-8.2493e+01	 5.1372e+03	 6.7694e+02	-7.5889e+00
 9.0000e+05	 3.4150e+03	 3.5141e+00	 3.9883e-01	 3.6316e+02	 3.5001e+03	-8.3525e+01	 5.0135e+03	 5.6900e+02	-8.8111e+00
 1.0000e+02	 3.4975e+03	 6.2386e+00	 1.5955e-01	 3.6315e+02	 3.5079e+03	-8.8535e+01	 1.1279e+08	 2.8846e+06	-3.9100e+01
 1.5000e+02	 3.4975e+03	 6.2071e+00	 1.4195e-01	 3.6315e+02	 3.5107e+03	-8.8690e+01	 8.4514e+07	 1.9328e+06	-4.3726e+01
 2.2500e+02	 3.4975e+03	 6.1813e+00	 1.2663e-01	 3.6315e+02	 3.5131e+03	-8.8826e+01	 6.3164e+07	 1.2939e+06	-4.8816e+01
 3.3750e+02	 3.4975e+03	 6.1583e+00	 1.1685e-01	 3.6315e+02	 3.5157e+03	-8.8913e+01	 4.5633e+07	 8.6584e+05	-5.2703e+01
 5.0625e+02	 3.4975e+03	 6.1372e+00	 1.1131e-01	 3.6315e+02	 3.5184e+03	-8.8961e+01	 3.1935e+07	 5.7921e+05	-5.5137e+01
 7.5938e+02	 3.4975e+03	 6.1180e+00	 1.1047e-01	 3.6316e+02	 3.5211e+03	-8.8966e+01	 2.1452e+07	 3.8735e+05	-5.5382e+01
 1.1391e+03	 3.4975e+03	 6.0993e+00	 1.1481e-01	 3.6316e+02	 3.5262e+03	-8.8922e+01	 1.3761e+07	 2.5903e+05	-5.3125e+01
 1.7086e+03	 3.4975e+03	 6.0811e+00	 1.2559e-01	 3.6316e+02	 3.5286e+03	-8.8817e+01	 8.3863e+06	 1.7320e+05	-4.8420e+01
 2.5629e+03	 3.4975e+03	 6.0616e+00	 1.4513e-01	 3.6316e+02	 3.5312e+03	-8.8628e+01	 4.8382e+06	 1.1584e+05	-4.1766e+01
 3.8443e+03	 3.4975e+03	 6.0396e+00	 1.7529e-01	 3.6316e+02	 3.5337e+03	-8.8338e+01	 2.6705e+06	 7.7506e+04	-3.4456e+01
 5.7665e+03	 3.4975e+03	 6.0136e+00	 2.2039e-01	 3.6315e+02	 3.5364e+03	-8.7901e+01	 1.4160e+06	 5.1894e+04	-2.7286e+01
 8.6498e+03	 3.4975e+03	 5.9790e+00	 2.8506e-01	 3.6315e+02	 3.5389e+03	-8.7270e+01	 7.2984e+05	 3.4797e+04	-2.0974e+01
 1.2975e+04	 3.4975e+03	 5.9298e+00	 3.7525e-01	 3.6315e+02	 3.5415e+03	-8.6379e+01	 3.6962e+05	 2.3390e+04	-1.5803e+01
 1.9462e+04	 3.4975e+03	 5.8550e+00	 4.9711e-01	 3.6316e+02	 3.5439e+03	-8.5147e+01	 1.8601e+05	 1.5793e+04	-1.1778e+01
 2.9193e+04	 3.4975e+03	 5.7380e+00	 6.5264e-01	 3.6315e+02	 3.5465e+03	-8.3511e+01	 9.4454e+04	 1.0743e+04	-8.7921e+00
 4.3789e+04	 3.4975e+03	 5.5549e+00	 8.3232e-01	 3.6315e+02	 3.5490e+03	-8.1478e+01	 4.9375e+04	 7.3982e+03	-6.6740e+00
 6.5684e+04	 3.4975e+03	 5.2842e+00	 1.0074e+00	 3.6316e+02	 3.5516e+03	-7.9207e+01	 2.7197e+04	 5.1848e+03	-5.2456e+00
 9.8526e+04	 3.4975e+03	 4.9276e+00	 1.1279e+00	 3.6315e+02	 3.5542e+03	-7.7107e+01	 1.6193e+04	 3.7066e+03	-4.3687e+00
 1.4779e+05	 3.4975e+03	 4.5251e+00	 1.1466e+00	 3.6315e+02	 3.5596e+03	-7.5781e+01	 1.0620e+04	 2.6909e+03	-3.9466e+00
 2.2168e+05	 3.4975e+03	 4.1694e+00	 1.0596e+00	 3.6315e+02	 3.5621e+03	-7.5741e+01	 7.6610e+03	 1.9470e+03	-3.9348e+00
 3.3253e+05	 3.4975e+03	 3.8663e+00	 8.9283e-01	 3.6315e+02	 3.5647e+03	-7.6997e+01	 6.0614e+03	 1.3998e+03	-4.3303e+00
 4.9879e+05	 3.4975e+03	-4.3850e+00	 4.7469e+01	 3.6315e+02	 3.5674e+03	 5.2778e+00	 7.6005e+01	-8.2278e+02	 9.2376e-02
 7.4818e+05	 3.4975e+03	 3.5504e+00	 4.6779e-01	 3.6316e+02	 3.5737e+03	-8.2494e+01	 5.1418e+03	 6.7746e+02	-7.5898e+00
 9.0000e+05	 3.4975e+03	 3.5114e+00	 3.9859e-01	 3.6316e+02	 3.5814e+03	-8.3524e+01	 5.0165e+03	 5.6943e+02	-8.8096e+00
 1.0000e+02	 3.5787e+03	 6.2383e+00	 1.5945e-01	 3.6315e+02	 3.5896e+03	-8.8536e+01	 1.1286e+08	 2.8847e+06	-3.9125e+01
 1.5000e+02	 3.5787e+03	 6.2079e+00	 1.3983e-01	 3.6315e+02	 3.5925e+03	-8.8710e+01	 8.5798e+07	 1.9325e+06	-4.4396e+01
 2.2500e+02	 3.5787e+03	 6.1811e+00	 1.2658e-01	 3.6315e+02	 3.5949e+03	-8.8827e+01	 6.3185e+07	 1.2940e+06	-4.8831e+01
 3.3750e+02	 3.5787e+03	 6.1576e+00	 1.1671e-01	 3.6315e+02	 3.5977e+03	-8.8914e+01	 4.5688e+07	 8.6593e+05	-5.2762e+01
 5.0625e+02	 3.5787e+03	 6.1368e+00	 1.1113e-01	 3.6316e+02	 3.6002e+03	-8.8963e+01	 3.1986e+07	 5.7924e+05	-5.5220e+01
 7.5938e+02	 3.5787e+03	 6.1174e+00	 1.1025e-01	 3.6315e+02	 3.6030e+03	-8.8967e+01	 2.1494e+07	 3.8739e+05	-5.5486e+01
 1.1391e+03	 3.5787e+03	 6.0991e+00	 1.1487e-01	 3.6316e+02	 3.6079e+03	-8.8921e+01	 1.3753e+07	 2.5903e+05	-5.3095e+01
 1.7086e+03	 3.5787e+03	 6.0808e+00	 1.2560e-01	 3.6315e+02	 3.6106e+03	-8.8817e+01	 8.3854e+06	 1.7321e+05	-4.8413e+01
 2.5629e+03	 3.5787e+03	 6.0613e+00	 1.4519e-01	 3.6314e+02	 3.6132e+03	-8.8628e+01	 4.8361e+06	 1.1584e+05	-4.1747e+01
 3.8443e+03	 3.5787e+03	 6.0393e+00	 1.7538e-01	 3.6314e+02	 3.6159e+03	-8.8337e+01	 2.6691e+06	 7.7510e+04	-3.4435e+01
 5.7665e+03	 3.5787e+03	 6.0134e+00	 2.2051e-01	 3.6315e+02	 3.6184e+03	-8.7900e+01	 1.4152e+06	 5.1896e+04	-2.7270e+01
 8.6498e+03	 3.5787e+03	 5.9787e+00	 2.8528e-01	 3.6314e+02	 3.6212e+03	-8.7268e+01	 7.2927e+05	 3.4798e+04	-2.0957e+01
 1.2975e+04	 3.5787e+03	 5.9291e+00	 3.7556e-01	 3.6315e+02	 3.6239e+03	-8.6376e+01	 3.6931e+05	 2.3393e+04	-1.5787e+01
 1.9462e+04	 3.5787e+03	 5.8546e+00	 4.9761e-01	 3.6315e+02	 3.6266e+03	-8.5142e+01	 1.8582e+05	 1.5794e+04	-1.1765e+01
 2.9193e+04	 3.5787e+03	 5.7374e+00	 6.5350e-01	 3.6315e+02	 3.6292e+03	-8.3502e+01	 9.4329e+04	 1.0744e+04	-8.7795e+00
 4.3789e+04	 3.5787e+03	 5.5538e+00	 8.3333e-01	 3.6315e+02	 3.6321e+03	-8.1467e+01	 4.9316e+04	 7.3996e+03	-6.6646e+00
 6.5684e+04	 3.5787e+03	 5.2831e+00	 1.0085e+00	 3.6315e+02	 3.6346e+03	-7.9193e+01	 2.7168e+04	 5.1859e+03	-5.2388e+00
 9.8526e+04	 3.5787e+03	 4.9262e+00	 1.1290e+00	 3.6316e+02	 3.6373e+03	-7.7092e+01	 1.6178e+04	 3.7077e+03	-4.3634e+00
 1.4779e+05	 3.5787e+03	 4.5233e+00	 1.1475e+00	 3.6315e+02	 3.6425e+03	-7.5765e+01	 1.0611e+04	 2.6920e+03	-3.9418e+00
 2.2168e+05	 3.5787e+03	 4.1673e+00	 1.0607e+00	 3.6315e+02	 3.6449e+03	-7.5720e+01	 7.6534e+03	 1.9479e+03	-3.9290e+00
 3.3253e+05	 3.5787e+03	 3.8637e+00	 8.9355e-01	 3.6315e+02	 3.6474e+03	-7.6978e+01	 6.0565e+03	 1.4007e+03	-4.3240e+00
 4.9879e+05	 3.5787e+03	-4.3894e+00	 4.7434e+01	 3.6315e+02	 3.6504e+03	 5.2870e+00	 7.6061e+01	-8.2195e+02	 9.2537e-02
 7.4818e+05	 3.5787e+03	 3.5477e+00	 4.6726e-01	 3.6315e+02	 3.6567e+03	-8.2497e+01	 5.1476e+03	 6.7798e+02	-7.5926e+00
 9.0000e+05	 3.5787e+03	 3.5089e+00	 3.9762e-01	 3.6316e+02	 3.6644e+03	-8.3535e+01	 5.0287e+03	 5.6984e+02	-8.8248e+00
 1.0000e+02	 3.6617e+03	 6.2376e+00	 1.5927e-01	 3.6315e+02	 3.6727e+03	-8.8537e+01	 1.1299e+08	 2.8850e+06	-3.9164e+01
 1.5000e+02	 3.6617e+03	 6.2087e+00	 1.4219e-01	 3.6315e+02	 3.6754e+03	-8.8688e+01	 8.4375e+07	 1.9323e+06	-4.3666e+01
 2.2500e+02	 3.6617e+03	 6.1807e+00	 1.2655e-01	 3.6316e+02	 3.6779e+03	-8.8827e+01	 6.3201e+07	 1.2940e+06	-4.8840e+01
 3.3750e+02	 3.6617e+03	 6.1574e+00	 1.1666e-01	 3.6315e+02	 3.6804e+03	-8.8915e+01	 4.5707e+07	 8.6596e+05	-5.2782e+01
 5.0625e+02	 3.6617e+03	 6.1368e+00	 1.1106e-01	 3.6315e+02	 3.6829e+03	-8.8963e+01	 3.2008e+07	 5.7925e+05	-5.5258e+01
 7.5938e+02	 3.6617e+03	 6.1175e+00	 1.1024e-01	 3.6316e+02	 3.6854e+03	-8.8968e+01	 2.1497e+07	 3.8738e+05	-5.5493e+01
 1.1391e+03	 3.6617e+03	 6.0985e+00	 1.1479e-01	 3.6315e+02	 3.6905e+03	-8.8922e+01	 1.3763e+07	 2.5906e+05	-5.3125e+01
 1.7086e+03	 3.6617e+03	 6.0806e+00	 1.2571e-01	 3.6315e+02	 3.6930e+03	-8.8816e+01	 8.3785e+06	 1.7321e+05	-4.8371e+01
 2.5629e+03	 3.6617e+03	 6.0610e+00	 1.4516e-01	 3.6315e+02	 3.6957e+03	-8.8628e+01	 4.8372e+06	 1.1585e+05	-4.1754e+01
 3.8443e+03	 3.6617e+03	 6.0390e+00	 1.7551e-01	 3.6315e+02	 3.6982e+03	-8.8335e+01	 2.6671e+06	 7.7514e+04	-3.4408e+01
 5.7665e+03	 3.6617e+03	 6.0130e+00	 2.2058e-01	 3.6315e+02	 3.7009e+03	-8.7899e+01	 1.4148e+06	 5.1899e+04	-2.7261e+01
 8.6498e+03	 3.6617e+03	 5.9784e+00	 2.8566e-01	 3.6315e+02	 3.7035e+03	-8.7264e+01	 7.2831e+05	 3.4800e+04	-2.0928e+01
 1.2975e+04	 3.6617e+03	 5.9288e+00	 3.7614e-01	 3.6314e+02	 3.7062e+03	-8.6370e+01	 3.6875e+05	 2.3394e+04	-1.5762e+01
 1.9462e+04	 3.6617e+03	 5.8541e+00	 4.9819e-01	 3.6315e+02	 3.7087e+03	-8.5136e+01	 1.8560e+05	 1.5795e+04	-1.1751e+01
 2.9193e+04	 3.6617e+03	 5.7368e+00	 6.5405e-01	 3.6314e+02	 3.7117e+03	-8.3496e+01	 9.4250e+04	 1.0745e+04	-8.7713e+00
 4.3789e+04	 3.6617e+03	 5.5530e+00	 8.3403e-01	 3.6314e+02	 3.7141e+03	-8.1458e+01	 4.9274e+04	 7.4007e+03	-6.6580e+00
 6.5684e+04	 3.6617e+03	 5.2819e+00	 1.0093e+00	 3.6315e+02	 3.7166e+03	-7.9182e+01	 2.7145e+04	 5.1870e+03	-5.2333e+00
 9.8526e+04	 3.6617e+03	 4.9249e+00	 1.1299e+00	 3.6315e+02	 3.7191e+03	-7.7079e+01	 1.6166e+04	 3.7087e+03	-4.3589e+00
 1.4779e+05	 3.6617e+03	 4.5217e+00	 1.1486e+00	 3.6315e+02	 3.7240e+03	-7.5747e+01	 1.0601e+04	 2.6929e+03	-3.9367e+00
 2.2168e+05	 3.6617e+03	 4.1652e+00	 1.0615e+00	 3.6315e+02	 3.7265e+03	-7.5703e+01	 7.6477e+03	 1.9489e+03	-3.9240e+00
 3.3253e+05	 3.6617e+03	 3.8613e+00	 8.9411e-01	 3.6314e+02	 3.7290e+03	-7.6962e+01	 6.0527e+03	 1.4016e+03	-4.3186e+00
 4.9879e+05	 3.6617e+03	-4.3935e+00	 4.7400e+01	 3.6315e+02	 3.7319e+03	 5.2957e+00	 7.6116e+01	-8.2118e+02	 9.2691e-02
 7.4818e+05	 3.6617e+03	 3.5453e+00	 4.6663e-01	 3.6315e+02	 3.7384e+03	-8.2502e+01	 5.1546e+03	 6.7844e+02	-7.5977e+00
 9.0000e+05	 3.6617e+03	 3.5065e+00	 3.9684e-01	 3.6315e+02	 3.7459e+03	-8.3543e+01	 5.0386e+03	 5.7023e+02	-8.8361e+00
 1.0000e+02	 3.7432e+03	 6.2372e+00	 1.5900e-01	 3.6315e+02	 3.7541e+03	-8.8540e+01	 1.1318e+08	 2.8852e+06	-3.9228e+01
 1.5000e+02	 3.7432e+03	 6.2065e+00	 1.4045e-01	 3.6315e+02	 3.7566e+03	-8.8704e+01	 8.5418e+07	 1.9330e+06	-4.4189e+01
 2.2500e+02	 3.7432e+03	 6.1801e+00	 1.2644e-01	 3.6315e+02	 3.7594e+03	-8.8828e+01	 6.3257e+07	 1.2942e+06	-4.8879e+01
 3.3750e+02	 3.7432e+03	 6.1571e+00	 1.1659e-01	 3.6315e+02	 3.7619e+03	-8.8915e+01	 4.5732e+07	 8.6600e+05	-5.2808e+01
 5.0625e+02	 3.7432e+03	 6.1364e+00	 1.1097e-01	 3.6315e+02	 3.7647e+03	-8.8964e+01	 3.2034e+07	 5.7928e+05	-5.5299e+01
 7.5938e+02	 3.7432e+03	 6.1169e+00	 1.1020e-01	 3.6315e+02	 3.7672e+03	-8.8968e+01	 2.1504e+07	 3.8742e+05	-5.5506e+01
 1.1391e+03	 3.7432e+03	 6.0986e+00	 1.1467e-01	 3.6315e+02	 3.7723e+03	-8.8923e+01	 1.3777e+07	 2.5906e+05	-5.3183e+01
 1.7086e+03	 3.7432e+03	 6.0802e+00	 1.2567e-01	 3.6315e+02	 3.7747e+03	-8.8816e+01	 8.3810e+06	 1.7323e+05	-4.8382e+01
 2.5629e+03	 3.7432e+03	 6.0606e+00	 1.4508e-01	 3.6315e+02	 3.7774e+03	-8.8629e+01	 4.8400e+06	 1.1586e+05	-4.1775e+01
 3.8443e+03	 3.7432e+03	 6.0386e+00	 1.7559e-01	 3.6315e+02	 3.7798e+03	-8.8334e+01	 2.6659e+06	 7.7519e+04	-3.4390e+01
 5.7665e+03	 3.7432e+03	 6.0127e+00	 2.2076e-01	 3.6315e+02	 3.7823e+03	-8.7897e+01	 1.4136e+06	 5.1902e+04	-2.7236e+01
 8.6498e+03	 3.7432e+03	 5.9782e+00	 2.8564e-01	 3.6316e+02	 3.7849e+03	-8.7264e+01	 7.2835e+05	 3.4801e+04	-2.0929e+01
 1.2975e+04	 3.7432e+03	 5.9285e+00	 3.7629e-01	 3.6315e+02	 3.7874e+03	-8.6368e+01	 3.6860e+05	 2.3395e+04	-1.5755e+01
 1.9462e+04	 3.7432e+03	 5.8537e+00	 4.9868e-01	 3.6315e+02	 3.7901e+03	-8.5131e+01	 1.8542e+05	 1.5796e+04	-1.1738e+01
 2.9193e+04	 3.7432e+03	 5.7363e+00	 6.5466e-01	 3.6316e+02	 3.7927e+03	-8.3489e+01	 9.4162e+04	 1.0746e+04	-8.7623e+00
 4.3789e+04	 3.7432e+03	 5.5521e+00	 8.3482e-01	 3.6315e+02	 3.7954e+03	-8.1449e+01	 4.9227e+04	 7.4018e+03	-6.6507e+00
 6.5684e+04	 3.7432e+03	 5.2809e+00	 1.0103e+00	 3.6315e+02	 3.7979e+03	-7.9170e+01	 2.7119e+04	 5.1880e+03	-5.2273e+00
 9.8526e+04	 3.7432e+03	 4.9235e+00	 1.1307e+00	 3.6315e+02	 3.8006e+03	-7.7066e+01	 1.6153e+04	 3.7098e+03	-4.3542e+00
 1.4779e+05	 3.7432e+03	 4.5200e+00	 1.1494e+00	 3.6315e+02	 3.8059e+03	-7.5733e+01	 1.0594e+04	 2.6940e+03	-3.9325e+00
 2.2168e+05	 3.7432e+03	 4.1633e+00	 1.0624e+00	 3.6315e+02	 3.8084e+03	-7.5685e+01	 7.6409e+03	 1.9498e+03	-3.9188e+00
 3.3253e+05	 3.7432e+03	 3.8589e+00	 8.9468e-01	 3.6315e+02	 3.8109e+03	-7.6947e+01	 6.0489e+03	 1.4024e+03	-4.3132e+00
 4.9879e+05	 3.7432e+03	-4.3987e+00	 4.7371e+01	 3.6315e+02	 3.8138e+03	 5.3051e+00	 7.6163e+01	-8.2022e+02	 9.2856e-02
 7.4818e+05	 3.7432e+03	 3.5427e+00	 4.6619e-01	 3.6316e+02	 3.8202e+03	-8.2503e+01	 5.1594e+03	 6.7893e+02	-7.5993e+00
 9.0000e+05	 3.7432e+03	 3.5043e+00	 3.9604e-01	 3.6315e+02	 3.8284e+03	-8.3552e+01	 5.0488e+03	 5.7059e+02	-8.8483e+00
 1.0000e+02	 3.8257e+03	 6.2365e+00	 1.5915e-01	 3.6316e+02	 3.8363e+03	-8.8538e+01	 1.1307e+08	 2.8855e+06	-3.9187e+01
 1.5000e+02	 3.8257e+03	 6.2069e+00	 1.4124e-01	 3.6315e+02	 3.8390e+03	-8.8696e+01	 8.4938e+07	 1.9329e+06	-4.3944e+01
 2.2500e+02	 3.8257e+03	 6.1798e+00	 1.2630e-01	 3.6316e+02	 3.8414e+03	-8.8829e+01	 6.3327e+07	 1.2942e+06	-4.8930e+01
 3.3750e+02	 3.8257e+03	 6.1566e+00	 1.1643e-01	 3.6315e+02	 3.8442e+03	-8.8917e+01	 4.5798e+07	 8.6607e+05	-5.2880e+01
 5.0625e+02	 3.8257e+03	 6.1359e+00	 1.1106e-01	 3.6314e+02	 3.8467e+03	-8.8963e+01	 3.2008e+07	 5.7933e+05	-5.5250e+01
 7.5938e+02	 3.8257e+03	 6.1164e+00	 1.1001e-01	 3.6315e+02	 3.8495e+03	-8.8970e+01	 2.1542e+07	 3.8745e+05	-5.5600e+01
 1.1391e+03	 3.8257e+03	 6.0979e+00	 1.1448e-01	 3.6314e+02	 3.8549e+03	-8.8924e+01	 1.3800e+07	 2.5908e+05	-5.3265e+01
 1.7086e+03	 3.8257e+03	 6.0797e+00	 1.2576e-01	 3.6314e+02	 3.8573e+03	-8.8815e+01	 8.3751e+06	 1.7324e+05	-4.8344e+01
 2.5629e+03	 3.8257e+03	 6.0602e+00	 1.4516e-01	 3.6314e+02	 3.8602e+03	-8.8628e+01	 4.8370e+06	 1.1587e+05	-4.1747e+01
 3.8443e+03	 3.8257e+03	 6.0384e+00	 1.7570e-01	 3.6315e+02	 3.8627e+03	-8.8333e+01	 2.6642e+06	 7.7522e+04	-3.4367e+01
 5.7665e+03	 3.8257e+03	 6.0125e+00	 2.2096e-01	 3.6314e+02	 3.8651e+03	-8.7895e+01	 1.4124e+06	 5.1904e+04	-2.7211e+01
 8.6498e+03	 3.8257e+03	 5.9779e+00	 2.8586e-01	 3.6314e+02	 3.8678e+03	-8.7262e+01	 7.2780e+05	 3.4803e+04	-2.0912e+01
 1.2975e+04	 3.8257e+03	 5.9283e+00	 3.7661e-01	 3.6314e+02	 3.8704e+03	-8.6365e+01	 3.6828e+05	 2.3396e+04	-1.5741e+01
 1.9462e+04	 3.8257e+03	 5.8533e+00	 4.9906e-01	 3.6315e+02	 3.8731e+03	-8.5127e+01	 1.8528e+05	 1.5797e+04	-1.1729e+01
 2.9193e+04	 3.8257e+03	 5.7359e+00	 6.5528e-01	 3.6315e+02	 3.8757e+03	-8.3483e+01	 9.4073e+04	 1.0747e+04	-8.7533e+00
 4.3789e+04	 3.8257e+03	 5.5516e+00	 8.3566e-01	 3.6316e+02	 3.8784e+03	-8.1440e+01	 4.9178e+04	 7.4025e+03	-6.6434e+00
 6.5684e+04	 3.8257e+03	 5.2797e+00	 1.0110e+00	 3.6315e+02	 3.8808e+03	-7.9160e+01	 2.7099e+04	 5.1892e+03	-5.2222e+00
 9.8526e+04	 3.8257e+03	 4.9223e+00	 1.1316e+00	 3.6315e+02	 3.8834e+03	-7.7053e+01	 1.6141e+04	 3.7107e+03	-4.3498e+00
 1.4779e+05	 3.8257e+03	 4.5185e+00	 1.1503e+00	 3.6314e+02	 3.8889e+03	-7.5717e+01	 1.0585e+04	 2.6948e+03	-3.9280e+00
 2.2168e+05	 3.8257e+03	 4.1612e+00	 1.0632e+00	 3.6316e+02	 3.8914e+03	-7.5668e+01	 7.6355e+03	 1.9508e+03	-3.9140e+00
 3.3253e+05	 3.8257e+03	 3.8566e+00	 8.9533e-01	 3.6315e+02	 3.8939e+03	-7.6930e+01	 6.0445e+03	 1.4033e+03	-4.3075e+00
 4.9879e+05	 3.8257e+03	-4.4027e+00	 4.7339e+01	 3.6316e+02	 3.8967e+03	 5.3133e+00	 7.6213e+01	-8.1948e+02	 9.3002e-02
 7.4818e+05	 3.8257e+03	 3.5404e+00	 4.6556e-01	 3.6315e+02	 3.9031e+03	-8.2509e+01	 5.1664e+03	 6.7937e+02	-7.6047e+00
 9.0000e+05	 3.8257e+03	 3.5020e+00	 3.9535e-01	 3.6315e+02	 3.9109e+03	-8.3559e+01	 5.0575e+03	 5.7096e+02	-8.8580e+00
 1.0000e+02	 3.9084e+03	 6.2361e+00	 1.5900e-01	 3.6315e+02	 3.9189e+03	-8.8539e+01	 1.1318e+08	 2.8857e+06	-3.9221e+01
 1.5000e+02	 3.9084e+03	 6.2078e+00	 1.4071e-01	 3.6315e+02	 3.9217e+03	-8.8702e+01	 8.5263e+07	 1.9326e+06	-4.4118e+01
 2.2500e+02	 3.9084e+03	 6.1792e+00	 1.2624e-01	 3.6315e+02	 3.9241e+03	-8.8830e+01	 6.3358e+07	 1.2944e+06	-4.8949e+01
 3.3750e+02	 3.9084e+03	 6.1566e+00	 1.1635e-01	 3.6315e+02	 3.9270e+03	-8.8917e+01	 4.5826e+07	 8.6608e+05	-5.2913e+01
 5.0625e+02	 3.9084e+03	 6.1357e+00	 1.1070e-01	 3.6315e+02	 3.9295e+03	-8.8966e+01	 3.2112e+07	 5.7935e+05	-5.5428e+01
 7.5938e+02	 3.9084e+03	 6.1162e+00	 1.1017e-01	 3.6315e+02	 3.9324e+03	-8.8968e+01	 2.1511e+07	 3.8746e+05	-5.5518e+01
 1.1391e+03	 3.9084e+03	 6.0977e+00	 1.1462e-01	 3.6315e+02	 3.9374e+03	-8.8923e+01	 1.3784e+07	 2.5909e+05	-5.3201e+01
 1.7086e+03	 3.9084e+03	 6.0795e+00	 1.2582e-01	 3.6315e+02	 3.9401e+03	-8.8814e+01	 8.3713e+06	 1.7325e+05	-4.8320e+01
 2.5629e+03	 3.9084e+03	 6.0599e+00	 1.4512e-01	 3.6315e+02	 3.9426e+03	-8.8628e+01	 4.8384e+06	 1.1587e+05	-4.1757e+01
 3.8443e+03	 3.9084e+03	 6.0382e+00	 1.7580e-01	 3.6315e+02	 3.9453e+03	-8.8332e+01	 2.6628e+06	 7.7525e+04	-3.4348e+01
 5.7665e+03	 3.9084e+03	 6.0122e+00	 2.2092e-01	 3.6315e+02	 3.9479e+03	-8.7896e+01	 1.4126e+06	 5.1907e+04	-2.7214e+01
 8.6498e+03	 3.9084e+03	 5.9774e+00	 2.8609e-01	 3.6316e+02	 3.9507e+03	-8.7260e+01	 7.2720e+05	 3.4806e+04	-2.0893e+01
 1.2975e+04	 3.9084e+03	 5.9277e+00	 3.7694e-01	 3.6315e+02	 3.9532e+03	-8.6361e+01	 3.6796e+05	 2.3398e+04	-1.5726e+01
 1.9462e+04	 3.9084e+03	 5.8529e+00	 4.9941e-01	 3.6315e+02	 3.9559e+03	-8.5123e+01	 1.8515e+05	 1.5798e+04	-1.1720e+01
 2.9193e+04	 3.9084e+03	 5.7353e+00	 6.5578e-01	 3.6315e+02	 3.9584e+03	-8.3477e+01	 9.4001e+04	 1.0748e+04	-8.7457e+00
 4.3789e+04	 3.9084e+03	 5.5510e+00	 8.3605e-01	 3.6316e+02	 3.9609e+03	-8.1435e+01	 4.9155e+04	 7.4034e+03	-6.6395e+00
 6.5684e+04	 3.9084e+03	 5.2789e+00	 1.0117e+00	 3.6316e+02	 3.9636e+03	-7.9151e+01	 2.7081e+04	 5.1900e+03	-5.2178e+00
 9.8526e+04	 3.9084e+03	 4.9212e+00	 1.1325e+00	 3.6315e+02	 3.9664e+03	-7.7041e+01	 1.6129e+04	 3.7115e+03	-4.3456e+00
 1.4779e+05	 3.9084e+03	 4.5169e+00	 1.1511e+00	 3.6315e+02	 3.9714e+03	-7.5703e+01	 1.0578e+04	 2.6958e+03	-3.9240e+00
 2.2168e+05	 3.9084e+03	 4.1594e+00	 1.0639e+00	 3.6315e+02	 3.9739e+03	-7.5652e+01	 7.6302e+03	 1.9516e+03	-3.9096e+00
 3.3253e+05	 3.9084e+03	 3.8543e+00	 8.9589e-01	 3.6315e+02	 3.9763e+03	-7.6915e+01	 6.0407e+03	 1.4041e+03	-4.3022e+00
 4.9879e+05	 3.9084e+03	-4.4063e+00	 4.7308e+01	 3.6315e+02	 3.9794e+03	 5.3212e+00	 7.6264e+01	-8.1880e+02	 9.3141e-02
 7.4818e+05	 3.9084e+03	 3.5382e+00	 4.6491e-01	 3.6315e+02	 3.9859e+03	-8.2514e+01	 5.1736e+03	 6.7980e+02	-7.6104e+00
 9.0000e+05	 3.9084e+03	 3.5000e+00	 3.9443e-01	 3.6315e+02	 3.9941e+03	-8.3570e+01	 5.0694e+03	 5.7129e+02	-8.8736e+00
 1.0000e+02	 3.9914e+03	 6.2353e+00	 1.5876e-01	 3.6315e+02	 4.0024e+03	-8.8542e+01	 1.1336e+08	 2.8861e+06	-3.9276e+01
 1.5000e+02	 3.9914e+03	 6.2026e+00	 1.4059e-01	 3.6316e+02	 4.0049e+03	-8.8702e+01	 8.5334e+07	 1.9342e+06	-4.4119e+01
 2.2500e+02	 3.9914e+03	 6.1787e+00	 1.2607e-01	 3.6315e+02	 4.0073e+03	-8.8831e+01	 6.3442e+07	 1.2945e+06	-4.9011e+01
 3.3750e+02	 3.9914e+03	 6.1560e+00	 1.1622e-01	 3.6315e+02	 4.0101e+03	-8.8918e+01	 4.5878e+07	 8.6615e+05	-5.2968e+01
 5.0625e+02	 3.9914e+03	 6.1353e+00	 1.1066e-01	 3.6315e+02	 4.0126e+03	-8.8967e+01	 3.2122e+07	 5.7939e+05	-5.5440e+01
 7.5938e+02	 3.9914e+03	 6.1160e+00	 1.1001e-01	 3.6315e+02	 4.0151e+03	-8.8970e+01	 2.1542e+07	 3.8748e+05	-5.5595e+01
 1.1391e+03	 3.9914e+03	 6.0973e+00	 1.1487e-01	 3.6314e+02	 4.0207e+03	-8.8921e+01	 1.3753e+07	 2.5911e+05	-5.3078e+01
 1.7086e+03	 3.9914e+03	 6.0790e+00	 1.2558e-01	 3.6315e+02	 4.0232e+03	-8.8817e+01	 8.3870e+06	 1.7326e+05	-4.8407e+01
 2.5629e+03	 3.9914e+03	 6.0596e+00	 1.4546e-01	 3.6315e+02	 4.0261e+03	-8.8625e+01	 4.8273e+06	 1.1588e+05	-4.1660e+01
 3.8443e+03	 3.9914e+03	 6.0378e+00	 1.7579e-01	 3.6315e+02	 4.0286e+03	-8.8332e+01	 2.6629e+06	 7.7529e+04	-3.4347e+01
 5.7665e+03	 3.9914e+03	 6.0118e+00	 2.2117e-01	 3.6315e+02	 4.0310e+03	-8.7893e+01	 1.4110e+06	 5.1910e+04	-2.7182e+01
 8.6498e+03	 3.9914e+03	 5.9772e+00	 2.8644e-01	 3.6315e+02	 4.0337e+03	-8.7256e+01	 7.2631e+05	 3.4807e+04	-2.0867e+01
 1.2975e+04	 3.9914e+03	 5.9275e+00	 3.7727e-01	 3.6314e+02	 4.0362e+03	-8.6358e+01	 3.6763e+05	 2.3399e+04	-1.5711e+01
 1.9462e+04	 3.9914e+03	 5.8527e+00	 4.9991e-01	 3.6315e+02	 4.0391e+03	-8.5118e+01	 1.8496e+05	 1.5799e+04	-1.1707e+01
 2.9193e+04	 3.9914e+03	 5.7348e+00	 6.5642e-01	 3.6315e+02	 4.0417e+03	-8.3470e+01	 9.3910e+04	 1.0749e+04	-8.7365e+00
 4.3789e+04	 3.9914e+03	 5.5502e+00	 8.3688e-01	 3.6315e+02	 4.0444e+03	-8.1425e+01	 4.9106e+04	 7.4044e+03	-6.6320e+00
 6.5684e+04	 3.9914e+03	 5.2780e+00	 1.0126e+00	 3.6315e+02	 4.0468e+03	-7.9140e+01	 2.7057e+04	 5.1908e+03	-5.2125e+00
 9.8526e+04	 3.9914e+03	 4.9199e+00	 1.1332e+00	 3.6315e+02	 4.0495e+03	-7.7029e+01	 1.6118e+04	 3.7125e+03	-4.3416e+00
 1.4779e+05	 3.9914e+03	 4.5155e+00	 1.1520e+00	 3.6315e+02	 4.0545e+03	-7.5688e+01	 1.0570e+04	 2.6966e+03	-3.9197e+00
 2.2168e+05	 3.9914e+03	 4.1577e+00	 1.0648e+00	 3.6316e+02	 4.0571e+03	-7.5635e+01	 7.6235e+03	 1.9525e+03	-3.9045e+00
 3.3253e+05	 3.9914e+03	 3.8521e+00	 8.9648e-01	 3.6316e+02	 4.0596e+03	-7.6899e+01	 6.0367e+03	 1.4049e+03	-4.2969e+00
 4.9879e+05	 3.9914e+03	-4.4082e+00	 4.7277e+01	 3.6315e+02	 4.0623e+03	 5.3269e+00	 7.6314e+01	-8.1846e+02	 9.3241e-02
 7.4818e+05	 3.9914e+03	 3.5360e+00	 4.6423e-01	 3.6315e+02	 4.0691e+03	-8.2521e+01	 5.1812e+03	 6.8022e+02	-7.6170e+00
 9.0000e+05	 3.9914e+03	 3.4979e+00	 3.9377e-01	 3.6315e+02	 4.0767e+03	-8.3577e+01	 5.0779e+03	 5.7163e+02	-8.8831e+00
 1.0000e+02	 4.0741e+03	 6.2351e+00	 1.5871e-01	 3.6315e+02	 4.0851e+03	-8.8542e+01	 1.1339e+08	 2.8862e+06	-3.9286e+01
 1.5000e+02	 4.0741e+03	 6.2035e+00	 1.3991e-01	 3.6315e+02	 4.0879e+03	-8.8708e+01	 8.5749e+07	 1.9339e+06	-4.4339e+01
 2.2500e+02	 4.0741e+03	 6.1787e+00	 1.2619e-01	 3.6315e+02	 4.0905e+03	-8.8830e+01	 6.3382e+07	 1.2945e+06	-4.8964e+01
 3.3750e+02	 4.0741e+03	 6.1559e+00	 1.1633e-01	 3.6315e+02	 4.0932e+03	-8.8917e+01	 4.5837e+07	 8.6617e+05	-5.2919e+01
 5.0625e+02	 4.0741e+03	 6.1348e+00	 1.1103e-01	 3.6315e+02	 4.0957e+03	-8.8963e+01	 3.2016e+07	 5.7944e+05	-5.5253e+01
 7.5938e+02	 4.0741e+03	 6.1155e+00	 1.0997e-01	 3.6315e+02	 4.0985e+03	-8.8970e+01	 2.1549e+07	 3.8751e+05	-5.5610e+01
 1.1391e+03	 4.0741e+03	 6.0970e+00	 1.1448e-01	 3.6315e+02	 4.1034e+03	-8.8924e+01	 1.3800e+07	 2.5912e+05	-5.3257e+01
 1.7086e+03	 4.0741e+03	 6.0788e+00	 1.2544e-01	 3.6315e+02	 4.1061e+03	-8.8818e+01	 8.3967e+06	 1.7326e+05	-4.8461e+01
 2.5629e+03	 4.0741e+03	 6.0594e+00	 1.4518e-01	 3.6315e+02	 4.1087e+03	-8.8627e+01	 4.8364e+06	 1.1588e+05	-4.1737e+01
 3.8443e+03	 4.0741e+03	 6.0377e+00	 1.7586e-01	 3.6315e+02	 4.1114e+03	-8.8332e+01	 2.6619e+06	 7.7531e+04	-3.4333e+01
 5.7665e+03	 4.0741e+03	 6.0117e+00	 2.2126e-01	 3.6315e+02	 4.1138e+03	-8.7892e+01	 1.4104e+06	 5.1911e+04	-2.7170e+01
 8.6498e+03	 4.0741e+03	 5.9768e+00	 2.8645e-01	 3.6315e+02	 4.1167e+03	-8.7256e+01	 7.2630e+05	 3.4809e+04	-2.0865e+01
 1.2975e+04	 4.0741e+03	 5.9272e+00	 3.7750e-01	 3.6315e+02	 4.1192e+03	-8.6356e+01	 3.6741e+05	 2.3400e+04	-1.5701e+01
 1.9462e+04	 4.0741e+03	 5.8521e+00	 5.0032e-01	 3.6315e+02	 4.1219e+03	-8.5113e+01	 1.8481e+05	 1.5801e+04	-1.1697e+01
 2.9193e+04	 4.0741e+03	 5.7343e+00	 6.5689e-01	 3.6315e+02	 4.1245e+03	-8.3465e+01	 9.3843e+04	 1.0750e+04	-8.7296e+00
 4.3789e+04	 4.0741e+03	 5.5494e+00	 8.3755e-01	 3.6315e+02	 4.1272e+03	-8.1417e+01	 4.9067e+04	 7.4055e+03	-6.6257e+00
 6.5684e+04	 4.0741e+03	 5.2771e+00	 1.0132e+00	 3.6315e+02	 4.1297e+03	-7.9131e+01	 2.7040e+04	 5.1917e+03	-5.2082e+00
 9.8526e+04	 4.0741e+03	 4.9185e+00	 1.1340e+00	 3.6315e+02	 4.1325e+03	-7.7017e+01	 1.6107e+04	 3.7135e+03	-4.3374e+00
 1.4779e+05	 4.0741e+03	 4.5139e+00	 1.1528e+00	 3.6315e+02	 4.1374e+03	-7.5674e+01	 1.0563e+04	 2.6976e+03	-3.9156e+00
 2.2168e+05	 4.0741e+03	 4.1557e+00	 1.0654e+00	 3.6315e+02	 4.1401e+03	-7.5620e+01	 7.6193e+03	 1.9534e+03	-3.9005e+00
 3.3253e+05	 4.0741e+03	 3.8499e+00	 8.9688e-01	 3.6315e+02	 4.1425e+03	-7.6886e+01	 6.0340e+03	 1.4057e+03	-4.2925e+00
 4.9879e+05	 4.0741e+03	-4.4101e+00	 4.7247e+01	 3.6315e+02	 4.1455e+03	 5.3326e+00	 7.6362e+01	-8.1809e+02	 9.3342e-02
 7.4818e+05	 4.0741e+03	 3.5337e+00	 4.6401e-01	 3.6314e+02	 4.1520e+03	-8.2519e+01	 5.1836e+03	 6.8065e+02	-7.6157e+00
 9.0000e+05	 4.0741e+03	 3.4959e+00	 3.9326e-01	 3.6314e+02	 4.1598e+03	-8.3582e+01	 5.0845e+03	 5.7197e+02	-8.8895e+00
 1.0000e+02	 4.1571e+03	 6.2346e+00	 1.5870e-01	 3.6314e+02	 4.1680e+03	-8.8542e+01	 1.1340e+08	 2.8864e+06	-3.9286e+01
 1.5000e+02	 4.1571e+03	 6.2043e+00	 1.4060e-01	 3.6315e+02	 4.1705e+03	-8.8702e+01	 8.5330e+07	 1.9337e+06	-4.4129e+01
 2.2500e+02	 4.1571e+03	 6.1781e+00	 1.2594e-01	 3.6315e+02	 4.1732e+03	-8.8832e+01	 6.3505e+07	 1.2946e+06	-4.9054e+01
 3.3750e+02	 4.1571e+03	 6.1551e+00	 1.1612e-01	 3.6315e+02	 4.1757e+03	-8.8919e+01	 4.5920e+07	 8.6628e+05	-5.3008e+01
 5.0625e+02	 4.1571e+03	 6.1344e+00	 1.1065e-01	 3.6315e+02	 4.1784e+03	-8.8967e+01	 3.2127e+07	 5.7947e+05	-5.5441e+01
 7.5938e+02	 4.1571e+03	 6.1152e+00	 1.1007e-01	 3.6315e+02	 4.1810e+03	-8.8969e+01	 2.1530e+07	 3.8753e+05	-5.5557e+01
 1.1391e+03	 4.1571e+03	 6.0966e+00	 1.1441e-01	 3.6315e+02	 4.1860e+03	-8.8925e+01	 1.3809e+07	 2.5914e+05	-5.3288e+01
 1.7086e+03	 4.1571e+03	 6.0785e+00	 1.2587e-01	 3.6315e+02	 4.1885e+03	-8.8814e+01	 8.3679e+06	 1.7327e+05	-4.8293e+01
 2.5629e+03	 4.1571e+03	 6.0593e+00	 1.4538e-01	 3.6315e+02	 4.1912e+03	-8.8626e+01	 4.8298e+06	 1.1588e+05	-4.1678e+01
 3.8443e+03	 4.1571e+03	 6.0373e+00	 1.7591e-01	 3.6315e+02	 4.1936e+03	-8.8331e+01	 2.6610e+06	 7.7536e+04	-3.4320e+01
 5.7665e+03	 4.1571e+03	 6.0114e+00	 2.2133e-01	 3.6315e+02	 4.1964e+03	-8.7891e+01	 1.4100e+06	 5.1914e+04	-2.7161e+01
 8.6498e+03	 4.1571e+03	 5.9765e+00	 2.8657e-01	 3.6315e+02	 4.1990e+03	-8.7255e+01	 7.2599e+05	 3.4811e+04	-2.0855e+01
 1.2975e+04	 4.1571e+03	 5.9267e+00	 3.7769e-01	 3.6315e+02	 4.2017e+03	-8.6354e+01	 3.6723e+05	 2.3402e+04	-1.5692e+01
 1.9462e+04	 4.1571e+03	 5.8516e+00	 5.0052e-01	 3.6315e+02	 4.2042e+03	-8.5111e+01	 1.8474e+05	 1.5802e+04	-1.1691e+01
 2.9193e+04	 4.1571e+03	 5.7336e+00	 6.5737e-01	 3.6315e+02	 4.2067e+03	-8.3460e+01	 9.3774e+04	 1.0751e+04	-8.7222e+00
 4.3789e+04	 4.1571e+03	 5.5488e+00	 8.3815e-01	 3.6315e+02	 4.2094e+03	-8.1410e+01	 4.9032e+04	 7.4063e+03	-6.6203e+00
 6.5684e+04	 4.1571e+03	 5.2763e+00	 1.0140e+00	 3.6315e+02	 4.2118e+03	-7.9122e+01	 2.7019e+04	 5.1925e+03	-5.2036e+00
 9.8526e+04	 4.1571e+03	 4.9177e+00	 1.1349e+00	 3.6315e+02	 4.2147e+03	-7.7005e+01	 1.6094e+04	 3.7141e+03	-4.3332e+00
 1.4779e+05	 4.1571e+03	 4.5127e+00	 1.1536e+00	 3.6315e+02	 4.2196e+03	-7.5661e+01	 1.0556e+04	 2.6983e+03	-3.9120e+00
 2.2168e+05	 4.1571e+03	 4.1541e+00	 1.0662e+00	 3.6315e+02	 4.2221e+03	-7.5605e+01	 7.6136e+03	 1.9542e+03	-3.8961e+00
 3.3253e+05	 4.1571e+03	 3.8478e+00	 8.9739e-01	 3.6315e+02	 4.2245e+03	-7.6872e+01	 6.0306e+03	 1.4065e+03	-4.2878e+00
 4.9879e+05	 4.1571e+03	-4.4147e+00	 4.7221e+01	 3.6315e+02	 4.2274e+03	 5.3411e+00	 7.6404e+01	-8.1724e+02	 9.3490e-02
 7.4818e+05	 4.1571e+03	 3.5317e+00	 4.6369e-01	 3.6316e+02	 4.2340e+03	-8.2520e+01	 5.1872e+03	 6.8104e+02	-7.6166e+00
 9.0000e+05	 4.1571e+03	 3.4941e+00	 3.9312e-01	 3.6316e+02	 4.2417e+03	-8.3581e+01	 5.0863e+03	 5.7225e+02	-8.8883e+00
 1.0000e+02	 4.2390e+03	 6.2341e+00	 1.5832e-01	 3.6316e+02	 4.2499e+03	-8.8545e+01	 1.1366e+08	 2.8867e+06	-3.9376e+01
 1.5000e+02	 4.2390e+03	 6.2051e+00	 1.4100e-01	 3.6315e+02	 4.2523e+03	-8.8698e+01	 8.5084e+07	 1.9334e+06	-4.4007e+01
 2.2500e+02	 4.2390e+03	 6.1776e+00	 1.2592e-01	 3.6315e+02	 4.2550e+03	-8.8832e+01	 6.3516e+07	 1.2947e+06	-4.9059e+01
 3.3750e+02	 4.2390e+03	 6.1548e+00	 1.1598e-01	 3.6316e+02	 4.2575e+03	-8.8920e+01	 4.5972e+07	 8.6633e+05	-5.3065e+01
 5.0625e+02	 4.2390e+03	 6.1340e+00	 1.1063e-01	 3.6316e+02	 4.2600e+03	-8.8967e+01	 3.2131e+07	 5.7951e+05	-5.5446e+01
 7.5938e+02	 4.2390e+03	 6.1150e+00	 1.0982e-01	 3.6315e+02	 4.2628e+03	-8.8971e+01	 2.1580e+07	 3.8754e+05	-5.5684e+01
 1.1391e+03	 4.2390e+03	 6.0965e+00	 1.1424e-01	 3.6316e+02	 4.2680e+03	-8.8926e+01	 1.3829e+07	 2.5914e+05	-5.3364e+01
 1.7086e+03	 4.2390e+03	 6.0783e+00	 1.2565e-01	 3.6315e+02	 4.2704e+03	-8.8816e+01	 8.3824e+06	 1.7328e+05	-4.8375e+01
 2.5629e+03	 4.2390e+03	 6.0589e+00	 1.4542e-01	 3.6315e+02	 4.2731e+03	-8.8625e+01	 4.8285e+06	 1.1589e+05	-4.1665e+01
 3.8443e+03	 4.2390e+03	 6.0373e+00	 1.7592e-01	 3.6315e+02	 4.2755e+03	-8.8331e+01	 2.6609e+06	 7.7537e+04	-3.4318e+01
 5.7665e+03	 4.2390e+03	 6.0112e+00	 2.2144e-01	 3.6315e+02	 4.2780e+03	-8.7890e+01	 1.4093e+06	 5.1916e+04	-2.7146e+01
 8.6498e+03	 4.2390e+03	 5.9764e+00	 2.8682e-01	 3.6316e+02	 4.2806e+03	-8.7252e+01	 7.2536e+05	 3.4811e+04	-2.0837e+01
 1.2975e+04	 4.2390e+03	 5.9266e+00	 3.7793e-01	 3.6315e+02	 4.2832e+03	-8.6351e+01	 3.6699e+05	 2.3403e+04	-1.5682e+01
 1.9462e+04	 4.2390e+03	 5.8512e+00	 5.0108e-01	 3.6316e+02	 4.2858e+03	-8.5105e+01	 1.8453e+05	 1.5803e+04	-1.1677e+01
 2.9193e+04	 4.2390e+03	 5.7333e+00	 6.5791e-01	 3.6315e+02	 4.2885e+03	-8.3454e+01	 9.3697e+04	 1.0752e+04	-8.7145e+00
 4.3789e+04	 4.2390e+03	 5.5483e+00	 8.3886e-01	 3.6316e+02	 4.2912e+03	-8.1402e+01	 4.8990e+04	 7.4069e+03	-6.6141e+00
 6.5684e+04	 4.2390e+03	 5.2754e+00	 1.0146e+00	 3.6315e+02	 4.2936e+03	-7.9114e+01	 2.7004e+04	 5.1934e+03	-5.1996e+00
 9.8526e+04	 4.2390e+03	 4.9163e+00	 1.1355e+00	 3.6315e+02	 4.2964e+03	-7.6995e+01	 1.6085e+04	 3.7152e+03	-4.3296e+00
 1.4779e+05	 4.2390e+03	 4.5110e+00	 1.1542e+00	 3.6315e+02	 4.3014e+03	-7.5649e+01	 1.0550e+04	 2.6993e+03	-3.9085e+00
 2.2168e+05	 4.2390e+03	 4.1522e+00	 1.0668e+00	 3.6315e+02	 4.3041e+03	-7.5592e+01	 7.6097e+03	 1.9550e+03	-3.8924e+00
 3.3253e+05	 4.2390e+03	 3.8457e+00	 8.9763e-01	 3.6315e+02	 4.3065e+03	-7.6862e+01	 6.0290e+03	 1.4072e+03	-4.2843e+00
 4.9879e+05	 4.2390e+03	-4.4148e+00	 4.7192e+01	 3.6315e+02	 4.3095e+03	 5.3445e+00	 7.6451e+01	-8.1722e+02	 9.3551e-02
 7.4818e+05	 4.2390e+03	 3.5297e+00	 4.6362e-01	 3.6315e+02	 4.3160e+03	-8.2517e+01	 5.1880e+03	 6.8143e+02	-7.6133e+00
 9.0000e+05	 4.2390e+03	 3.4921e+00	 3.9306e-01	 3.6315e+02	 4.3238e+03	-8.3578e+01	 5.0871e+03	 5.7258e+02	-8.8844e+00
 1.0000e+02	 4.3211e+03	 6.2337e+00	 1.5856e-01	 3.6315e+02	 4.3318e+03	-8.8543e+01	 1.1349e+08	 2.8868e+06	-3.9314e+01
 1.5000e+02	 4.3211e+03	 6.2024e+00	 1.4017e-01	 3.6314e+02	 4.3343e+03	-8.8705e+01	 8.5590e+07	 1.9343e+06	-4.4249e+01
 2.2500e+02	 4.3211e+03	 6.1773e+00	 1.2576e-01	 3.6315e+02	 4.3371e+03	-8.8834e+01	 6.3598e+07	 1.2948e+06	-4.9120e+01
 3.3750e+02	 4.3211e+03	 6.1547e+00	 1.1611e-01	 3.6315e+02	 4.3397e+03	-8.8919e+01	 4.5922e+07	 8.6635e+05	-5.3007e+01
 5.0625e+02	 4.3211e+03	 6.1338e+00	 1.1045e-01	 3.6314e+02	 4.3425e+03	-8.8968e+01	 3.2184e+07	 5.7953e+05	-5.5535e+01
 7.5938e+02	 4.3211e+03	 6.1146e+00	 1.0978e-01	 3.6315e+02	 4.3451e+03	-8.8971e+01	 2.1587e+07	 3.8757e+05	-5.5699e+01
 1.1391e+03	 4.3211e+03	 6.0960e+00	 1.1460e-01	 3.6315e+02	 4.3501e+03	-8.8923e+01	 1.3786e+07	 2.5916e+05	-5.3195e+01
 1.7086e+03	 4.3211e+03	 6.0780e+00	 1.2562e-01	 3.6315e+02	 4.3525e+03	-8.8816e+01	 8.3847e+06	 1.7329e+05	-4.8386e+01
 2.5629e+03	 4.3211e+03	 6.0585e+00	 1.4530e-01	 3.6314e+02	 4.3552e+03	-8.8626e+01	 4.8325e+06	 1.1590e+05	-4.1696e+01
 3.8443e+03	 4.3211e+03	 6.0366e+00	 1.7609e-01	 3.6315e+02	 4.3576e+03	-8.8329e+01	 2.6584e+06	 7.7545e+04	-3.4281e+01
 5.7665e+03	 4.3211e+03	 6.0106e+00	 2.2160e-01	 3.6315e+02	 4.3601e+03	-8.7889e+01	 1.4082e+06	 5.1921e+04	-2.7123e+01
 8.6498e+03	 4.3211e+03	 5.9757e+00	 2.8698e-01	 3.6314e+02	 4.3629e+03	-8.7251e+01	 7.2497e+05	 3.4816e+04	-2.0823e+01
 1.2975e+04	 4.3211e+03	 5.9262e+00	 3.7820e-01	 3.6315e+02	 4.3655e+03	-8.6348e+01	 3.6674e+05	 2.3404e+04	-1.5670e+01
 1.9462e+04	 4.3211e+03	 5.8510e+00	 5.0142e-01	 3.6315e+02	 4.3680e+03	-8.5102e+01	 1.8441e+05	 1.5804e+04	-1.1669e+01
 2.9193e+04	 4.3211e+03	 5.7325e+00	 6.5839e-01	 3.6315e+02	 4.3710e+03	-8.3448e+01	 9.3628e+04	 1.0754e+04	-8.7067e+00
 4.3789e+04	 4.3211e+03	 5.5473e+00	 8.3953e-01	 3.6314e+02	 4.3734e+03	-8.1394e+01	 4.8951e+04	 7.4083e+03	-6.6076e+00
 6.5684e+04	 4.3211e+03	 5.2742e+00	 1.0153e+00	 3.6315e+02	 4.3762e+03	-7.9103e+01	 2.6983e+04	 5.1946e+03	-5.1945e+00
 9.8526e+04	 4.3211e+03	 4.9151e+00	 1.1361e+00	 3.6315e+02	 4.3787e+03	-7.6985e+01	 1.6077e+04	 3.7161e+03	-4.3262e+00
 1.4779e+05	 4.3211e+03	 4.5096e+00	 1.1549e+00	 3.6315e+02	 4.3838e+03	-7.5635e+01	 1.0543e+04	 2.7001e+03	-3.9047e+00
 2.2168e+05	 4.3211e+03	 4.1504e+00	 1.0674e+00	 3.6315e+02	 4.3862e+03	-7.5576e+01	 7.6048e+03	 1.9559e+03	-3.8881e+00
 3.3253e+05	 4.3211e+03	 3.8435e+00	 8.9824e-01	 3.6315e+02	 4.3889e+03	-7.6846e+01	 6.0249e+03	 1.4080e+03	-4.2790e+00
 4.9879e+05	 4.3211e+03	-4.4123e+00	 4.7184e+01	 3.6314e+02	 4.3917e+03	 5.3423e+00	 7.6464e+01	-8.1768e+02	 9.3513e-02
 7.4818e+05	 4.3211e+03	 3.5278e+00	 4.6336e-01	 3.6314e+02	 4.3985e+03	-8.2517e+01	 5.1909e+03	 6.8179e+02	-7.6136e+00
 9.0000e+05	 4.3211e+03	 3.4904e+00	 3.9228e-01	 3.6314e+02	 4.4063e+03	-8.3588e+01	 5.0972e+03	 5.7287e+02	-8.8978e+00
 1.0000e+02	 4.4036e+03	 6.2330e+00	 1.5832e-01	 3.6315e+02	 4.4144e+03	-8.8545e+01	 1.1367e+08	 2.8872e+06	-3.9371e+01
 1.5000e+02	 4.4036e+03	 6.2029e+00	 1.3996e-01	 3.6315e+02	 4.4169e+03	-8.8707e+01	 8.5720e+07	 1.9341e+06	-4.4320e+01
 2.2500e+02	 4.4036e+03	 6.1770e+00	 1.2568e-01	 3.6315e+02	 4.4197e+03	-8.8834e+01	 6.3640e+07	 1.2948e+06	-4.9149e+01
 3.3750e+02	 4.4036e+03	 6.1542e+00	 1.1599e-01	 3.6315e+02	 4.4222e+03	-8.8920e+01	 4.5972e+07	 8.6641e+05	-5.3060e+01
 5.0625e+02	 4.4036e+03	 6.1337e+00	 1.1055e-01	 3.6314e+02	 4.4247e+03	-8.8967e+01	 3.2155e+07	 5.7954e+05	-5.5483e+01
 7.5938e+02	 4.4036e+03	 6.1143e+00	 1.0977e-01	 3.6314e+02	 4.4273e+03	-8.8971e+01	 2.1588e+07	 3.8758e+05	-5.5699e+01
 1.1391e+03	 4.4036e+03	 6.0960e+00	 1.1458e-01	 3.6315e+02	 4.4326e+03	-8.8923e+01	 1.3788e+07	 2.5917e+05	-5.3201e+01
 1.7086e+03	 4.4036e+03	 6.0775e+00	 1.2561e-01	 3.6315e+02	 4.4350e+03	-8.8816e+01	 8.3847e+06	 1.7330e+05	-4.8382e+01
 2.5629e+03	 4.4036e+03	 6.0582e+00	 1.4536e-01	 3.6315e+02	 4.4379e+03	-8.8625e+01	 4.8304e+06	 1.1590e+05	-4.1677e+01
 3.8443e+03	 4.4036e+03	 6.0364e+00	 1.7609e-01	 3.6315e+02	 4.4404e+03	-8.8329e+01	 2.6584e+06	 7.7547e+04	-3.4281e+01
 5.7665e+03	 4.4036e+03	 6.0103e+00	 2.2171e-01	 3.6315e+02	 4.4429e+03	-8.7887e+01	 1.4076e+06	 5.1923e+04	-2.7109e+01
 8.6498e+03	 4.4036e+03	 5.9758e+00	 2.8710e-01	 3.6315e+02	 4.4454e+03	-8.7249e+01	 7.2466e+05	 3.4815e+04	-2.0814e+01
 1.2975e+04	 4.4036e+03	 5.9258e+00	 3.7850e-01	 3.6315e+02	 4.4480e+03	-8.6345e+01	 3.6644e+05	 2.3406e+04	-1.5656e+01
 1.9462e+04	 4.4036e+03	 5.8506e+00	 5.0163e-01	 3.6315e+02	 4.4506e+03	-8.5099e+01	 1.8433e+05	 1.5804e+04	-1.1663e+01
 2.9193e+04	 4.4036e+03	 5.7323e+00	 6.5880e-01	 3.6315e+02	 4.4532e+03	-8.3444e+01	 9.3570e+04	 1.0754e+04	-8.7010e+00
 4.3789e+04	 4.4036e+03	 5.5468e+00	 8.3996e-01	 3.6315e+02	 4.4556e+03	-8.1389e+01	 4.8926e+04	 7.4090e+03	-6.6036e+00
 6.5684e+04	 4.4036e+03	 5.2736e+00	 1.0160e+00	 3.6315e+02	 4.4583e+03	-7.9095e+01	 2.6966e+04	 5.1952e+03	-5.1905e+00
 9.8526e+04	 4.4036e+03	 4.9142e+00	 1.1369e+00	 3.6315e+02	 4.4611e+03	-7.6973e+01	 1.6065e+04	 3.7168e+03	-4.3223e+00
 1.4779e+05	 4.4036e+03	 4.5084e+00	 1.1556e+00	 3.6315e+02	 4.4665e+03	-7.5623e+01	 1.0537e+04	 2.7009e+03	-3.9012e+00
 2.2168e+05	 4.4036e+03	 4.1489e+00	 1.0681e+00	 3.6315e+02	 4.4689e+03	-7.5563e+01	 7.6001e+03	 1.9566e+03	-3.8844e+00
 3.3253e+05	 4.4036e+03	 3.8417e+00	 8.9844e-01	 3.6315e+02	 4.4714e+03	-7.6837e+01	 6.0236e+03	 1.4087e+03	-4.2760e+00
 4.9879e+05	 4.4036e+03	-4.4165e+00	 4.7141e+01	 3.6315e+02	 4.4742e+03	 5.3522e+00	 7.6534e+01	-8.1692e+02	 9.3686e-02
 7.4818e+05	 4.4036e+03	 3.5260e+00	 4.6275e-01	 3.6315e+02	 4.4805e+03	-8.2523e+01	 5.1978e+03	 6.8215e+02	-7.6198e+00
 9.0000e+05	 4.4036e+03	 3.4889e+00	 3.9188e-01	 3.6315e+02	 4.4886e+03	-8.3591e+01	 5.1024e+03	 5.7311e+02	-8.9031e+00
 1.0000e+02	 4.4860e+03	 6.2327e+00	 1.5844e-01	 3.6315e+02	 4.4964e+03	-8.8544e+01	 1.1358e+08	 2.8873e+06	-3.9338e+01
 1.5000e+02	 4.4860e+03	 6.2042e+00	 1.3910e-01	 3.6315e+02	 4.4992e+03	-8.8716e+01	 8.6249e+07	 1.9337e+06	-4.4603e+01
 2.2500e+02	 4.4860e+03	 6.1769e+00	 1.2564e-01	 3.6315e+02	 4.5016e+03	-8.8835e+01	 6.3657e+07	 1.2948e+06	-4.9162e+01
 3.3750e+02	 4.4860e+03	 6.1538e+00	 1.1580e-01	 3.6315e+02	 4.5042e+03	-8.8922e+01	 4.6047e+07	 8.6647e+05	-5.3143e+01
 5.0625e+02	 4.4860e+03	 6.1332e+00	 1.1048e-01	 3.6314e+02	 4.5068e+03	-8.8968e+01	 3.2176e+07	 5.7958e+05	-5.5516e+01
 7.5938e+02	 4.4860e+03	 6.1140e+00	 1.0975e-01	 3.6315e+02	 4.5094e+03	-8.8972e+01	 2.1593e+07	 3.8760e+05	-5.5708e+01
 1.1391e+03	 4.4860e+03	 6.0954e+00	 1.1434e-01	 3.6315e+02	 4.5146e+03	-8.8925e+01	 1.3818e+07	 2.5919e+05	-5.3311e+01
 1.7086e+03	 4.4860e+03	 6.0775e+00	 1.2575e-01	 3.6314e+02	 4.5174e+03	-8.8815e+01	 8.3755e+06	 1.7330e+05	-4.8329e+01
 2.5629e+03	 4.4860e+03	 6.0579e+00	 1.4532e-01	 3.6315e+02	 4.5200e+03	-8.8626e+01	 4.8318e+06	 1.1591e+05	-4.1686e+01
 3.8443e+03	 4.4860e+03	 6.0364e+00	 1.7611e-01	 3.6315e+02	 4.5227e+03	-8.8329e+01	 2.6581e+06	 7.7548e+04	-3.4277e+01
 5.7665e+03	 4.4860e+03	 6.0101e+00	 2.2174e-01	 3.6315e+02	 4.5251e+03	-8.7887e+01	 1.4074e+06	 5.1925e+04	-2.7104e+01
 8.6498e+03	 4.4860e+03	 5.9753e+00	 2.8727e-01	 3.6314e+02	 4.5280e+03	-8.7248e+01	 7.2423e+05	 3.4818e+04	-2.0801e+01
 1.2975e+04	 4.4860e+03	 5.9254e+00	 3.7863e-01	 3.6315e+02	 4.5306e+03	-8.6344e+01	 3.6631e+05	 2.3408e+04	-1.5649e+01
 1.9462e+04	 4.4860e+03	 5.8501e+00	 5.0202e-01	 3.6315e+02	 4.5334e+03	-8.5095e+01	 1.8419e+05	 1.5806e+04	-1.1653e+01
 2.9193e+04	 4.4860e+03	 5.7318e+00	 6.5929e-01	 3.6316e+02	 4.5359e+03	-8.3438e+01	 9.3500e+04	 1.0755e+04	-8.6939e+00
 4.3789e+04	 4.4860e+03	 5.5463e+00	 8.4059e-01	 3.6315e+02	 4.5387e+03	-8.1382e+01	 4.8889e+04	 7.4096e+03	-6.5981e+00
 6.5684e+04	 4.4860e+03	 5.2728e+00	 1.0167e+00	 3.6315e+02	 4.5412e+03	-7.9086e+01	 2.6946e+04	 5.1960e+03	-5.1860e+00
 9.8526e+04	 4.4860e+03	 4.9131e+00	 1.1376e+00	 3.6315e+02	 4.5439e+03	-7.6963e+01	 1.6056e+04	 3.7176e+03	-4.3188e+00
 1.4779e+05	 4.4860e+03	 4.5073e+00	 1.1563e+00	 3.6315e+02	 4.5489e+03	-7.5611e+01	 1.0530e+04	 2.7015e+03	-3.8979e+00
 2.2168e+05	 4.4860e+03	 4.1473e+00	 1.0687e+00	 3.6315e+02	 4.5516e+03	-7.5550e+01	 7.5958e+03	 1.9573e+03	-3.8807e+00
 3.3253e+05	 4.4860e+03	 3.8399e+00	 8.9876e-01	 3.6315e+02	 4.5541e+03	-7.6827e+01	 6.0214e+03	 1.4094e+03	-4.2725e+00
 4.9879e+05	 4.4860e+03	-4.4201e+00	 4.7118e+01	 3.6315e+02	 4.5572e+03	 5.3593e+00	 7.6572e+01	-8.1624e+02	 9.3810e-02
 7.4818e+05	 4.4860e+03	 3.5243e+00	 4.6237e-01	 3.6315e+02	 4.5635e+03	-8.2526e+01	 5.2021e+03	 6.8248e+02	-7.6223e+00
 9.0000e+05	 4.4860e+03	 3.4874e+00	 3.9123e-01	 3.6315e+02	 4.5717e+03	-8.3599e+01	 5.1109e+03	 5.7336e+02	-8.9139e+00
 1.0000e+02	 4.5690e+03	 6.2322e+00	 1.5794e-01	 3.6314e+02	 4.5796e+03	-8.8548e+01	 1.1394e+08	 2.8876e+06	-3.9459e+01
 1.5000e+02	 4.5690e+03	 6.2022e+00	 1.3920e-01	 3.6315e+02	 4.5824e+03	-8.8714e+01	 8.6188e+07	 1.9343e+06	-4.4557e+01
 2.2500e+02	 4.5690e+03	 6.1764e+00	 1.2558e-01	 3.6315e+02	 4.5849e+03	-8.8835e+01	 6.3691e+07	 1.2949e+06	-4.9184e+01
 3.3750e+02	 4.5690e+03	 6.1536e+00	 1.1586e-01	 3.6315e+02	 4.5879e+03	-8.8921e+01	 4.6020e+07	 8.6649e+05	-5.3110e+01
 5.0625e+02	 4.5690e+03	 6.1328e+00	 1.1022e-01	 3.6316e+02	 4.5903e+03	-8.8970e+01	 3.2250e+07	 5.7963e+05	-5.5640e+01
 7.5938e+02	 4.5690e+03	 6.1137e+00	 1.0967e-01	 3.6315e+02	 4.5930e+03	-8.8972e+01	 2.1608e+07	 3.8762e+05	-5.5746e+01
 1.1391e+03	 4.5690e+03	 6.0952e+00	 1.1449e-01	 3.6315e+02	 4.5979e+03	-8.8924e+01	 1.3799e+07	 2.5920e+05	-5.3236e+01
 1.7086e+03	 4.5690e+03	 6.0774e+00	 1.2580e-01	 3.6315e+02	 4.6006e+03	-8.8814e+01	 8.3724e+06	 1.7330e+05	-4.8310e+01
 2.5629e+03	 4.5690e+03	 6.0576e+00	 1.4542e-01	 3.6315e+02	 4.6032e+03	-8.8625e+01	 4.8284e+06	 1.1591e+05	-4.1655e+01
 3.8443e+03	 4.5690e+03	 6.0359e+00	 1.7620e-01	 3.6315e+02	 4.6059e+03	-8.8328e+01	 2.6567e+06	 7.7554e+04	-3.4256e+01
 5.7665e+03	 4.5690e+03	 6.0098e+00	 2.2191e-01	 3.6316e+02	 4.6083e+03	-8.7885e+01	 1.4063e+06	 5.1927e+04	-2.7083e+01
 8.6498e+03	 4.5690e+03	 5.9750e+00	 2.8743e-01	 3.6315e+02	 4.6112e+03	-8.7246e+01	 7.2383e+05	 3.4820e+04	-2.0788e+01
 1.2975e+04	 4.5690e+03	 5.9253e+00	 3.7883e-01	 3.6315e+02	 4.6137e+03	-8.6342e+01	 3.6613e+05	 2.3408e+04	-1.5641e+01
 1.9462e+04	 4.5690e+03	 5.8501e+00	 5.0231e-01	 3.6315e+02	 4.6165e+03	-8.5092e+01	 1.8408e+05	 1.5806e+04	-1.1646e+01
 2.9193e+04	 4.5690e+03	 5.7316e+00	 6.5970e-01	 3.6316e+02	 4.6190e+03	-8.3434e+01	 9.3442e+04	 1.0755e+04	-8.6882e+00
 4.3789e+04	 4.5690e+03	 5.5459e+00	 8.4110e-01	 3.6315e+02	 4.6216e+03	-8.1376e+01	 4.8860e+04	 7.4101e+03	-6.5937e+00
 6.5684e+04	 4.5690e+03	 5.2720e+00	 1.0173e+00	 3.6316e+02	 4.6243e+03	-7.9079e+01	 2.6933e+04	 5.1967e+03	-5.1826e+00
 9.8526e+04	 4.5690e+03	 4.9122e+00	 1.1382e+00	 3.6316e+02	 4.6272e+03	-7.6954e+01	 1.6047e+04	 3.7183e+03	-4.3157e+00
 1.4779e+05	 4.5690e+03	 4.5059e+00	 1.1570e+00	 3.6315e+02	 4.6322e+03	-7.5599e+01	 1.0524e+04	 2.7023e+03	-3.8945e+00
 2.2168e+05	 4.5690e+03	 4.1457e+00	 1.0692e+00	 3.6316e+02	 4.6348e+03	-7.5538e+01	 7.5923e+03	 1.9581e+03	-3.8773e+00
 3.3253e+05	 4.5690e+03	 3.8382e+00	 8.9911e-01	 3.6316e+02	 4.6372e+03	-7.6816e+01	 6.0191e+03	 1.4100e+03	-4.2688e+00
 4.9879e+05	 4.5690e+03	-4.4181e+00	 4.7093e+01	 3.6315e+02	 4.6400e+03	 5.3597e+00	 7.6613e+01	-8.1661e+02	 9.3818e-02
 7.4818e+05	 4.5690e+03	 3.5227e+00	 4.6168e-01	 3.6315e+02	 4.6466e+03	-8.2533e+01	 5.2098e+03	 6.8279e+02	-7.6302e+00
 9.0000e+05	 4.5690e+03	 3.4857e+00	 3.9061e-01	 3.6316e+02	 4.6544e+03	-8.3606e+01	 5.1190e+03	 5.7364e+02	-8.9237e+00
 1.0000e+02	 4.6517e+03	 6.2319e+00	 1.5797e-01	 3.6315e+02	 4.6625e+03	-8.8548e+01	 1.1392e+08	 2.8877e+06	-3.9451e+01
 1.5000e+02	 4.6517e+03	 6.2021e+00	 1.3960e-01	 3.6315e+02	 4.6650e+03	-8.8711e+01	 8.5942e+07	 1.9344e+06	-4.4429e+01
 2.2500e+02	 4.6517e+03	 6.1762e+00	 1.2542e-01	 3.6316e+02	 4.6674e+03	-8.8837e+01	 6.3769e+07	 1.2950e+06	-4.9242e+01
 3.3750e+02	 4.6517e+03	 6.1530e+00	 1.1577e-01	 3.6316e+02	 4.6700e+03	-8.8922e+01	 4.6057e+07	 8.6658e+05	-5.3149e+01
 5.0625e+02	 4.6517e+03	 6.1324e+00	 1.1014e-01	 3.6316e+02	 4.6724e+03	-8.8971e+01	 3.2273e+07	 5.7966e+05	-5.5676e+01
 7.5938e+02	 4.6517e+03	 6.1136e+00	 1.0974e-01	 3.6316e+02	 4.6752e+03	-8.8972e+01	 2.1595e+07	 3.8763e+05	-5.5712e+01
 1.1391e+03	 4.6517e+03	 6.0949e+00	 1.1452e-01	 3.6315e+02	 4.6801e+03	-8.8924e+01	 1.3796e+07	 2.5921e+05	-5.3222e+01
 1.7086e+03	 4.6517e+03	 6.0768e+00	 1.2568e-01	 3.6316e+02	 4.6829e+03	-8.8815e+01	 8.3807e+06	 1.7332e+05	-4.8353e+01
 2.5629e+03	 4.6517e+03	 6.0576e+00	 1.4543e-01	 3.6316e+02	 4.6854e+03	-8.8625e+01	 4.8282e+06	 1.1591e+05	-4.1653e+01
 3.8443e+03	 4.6517e+03	 6.0356e+00	 1.7643e-01	 3.6315e+02	 4.6881e+03	-8.8326e+01	 2.6533e+06	 7.7558e+04	-3.4210e+01
 5.7665e+03	 4.6517e+03	 6.0096e+00	 2.2199e-01	 3.6315e+02	 4.6906e+03	-8.7885e+01	 1.4058e+06	 5.1929e+04	-2.7072e+01
 8.6498e+03	 4.6517e+03	 5.9748e+00	 2.8764e-01	 3.6315e+02	 4.6934e+03	-8.7244e+01	 7.2328e+05	 3.4821e+04	-2.0771e+01
 1.2975e+04	 4.6517e+03	 5.9249e+00	 3.7913e-01	 3.6316e+02	 4.6960e+03	-8.6339e+01	 3.6583e+05	 2.3410e+04	-1.5628e+01
 1.9462e+04	 4.6517e+03	 5.8494e+00	 5.0253e-01	 3.6315e+02	 4.6987e+03	-8.5090e+01	 1.8400e+05	 1.5808e+04	-1.1640e+01
 2.9193e+04	 4.6517e+03	 5.7309e+00	 6.6008e-01	 3.6315e+02	 4.7013e+03	-8.3430e+01	 9.3388e+04	 1.0756e+04	-8.6822e+00
 4.3789e+04	 4.6517e+03	 5.5452e+00	 8.4166e-01	 3.6315e+02	 4.7040e+03	-8.1369e+01	 4.8827e+04	 7.4111e+03	-6.5884e+00
 6.5684e+04	 4.6517e+03	 5.2714e+00	 1.0180e+00	 3.6315e+02	 4.7064e+03	-7.9070e+01	 2.6914e+04	 5.1973e+03	-5.1784e+00
 9.8526e+04	 4.6517e+03	 4.9111e+00	 1.1390e+00	 3.6315e+02	 4.7090e+03	-7.6943e+01	 1.6036e+04	 3.7191e+03	-4.3118e+00
 1.4779e+05	 4.6517e+03	 4.5047e+00	 1.1576e+00	 3.6315e+02	 4.7140e+03	-7.5588e+01	 1.0519e+04	 2.7031e+03	-3.8913e+00
 2.2168e+05	 4.6517e+03	 4.1442e+00	 1.0698e+00	 3.6315e+02	 4.7167e+03	-7.5526e+01	 7.5883e+03	 1.9588e+03	-3.8739e+00
 3.3253e+05	 4.6517e+03	 3.8363e+00	 8.9919e-01	 3.6316e+02	 4.7192e+03	-7.6808e+01	 6.0186e+03	 1.4107e+03	-4.2664e+00
 4.9879e+05	 4.6517e+03	-4.4184e+00	 4.7070e+01	 3.6316e+02	 4.7222e+03	 5.3625e+00	 7.6650e+01	-8.1657e+02	 9.3868e-02
 7.4818e+05	 4.6517e+03	 3.5211e+00	 4.6123e-01	 3.6316e+02	 4.7288e+03	-8.2537e+01	 5.2148e+03	 6.8309e+02	-7.6341e+00
 9.0000e+05	 4.6517e+03	 3.4844e+00	 3.9002e-01	 3.6315e+02	 4.7366e+03	-8.3613e+01	 5.1268e+03	 5.7385e+02	-8.9340e+00
 1.0000e+02	 4.7339e+03	 6.2318e+00	 1.5804e-01	 3.6315e+02	 4.7449e+03	-8.8547e+01	 1.1387e+08	 2.8877e+06	-3.9432e+01
 1.5000e+02	 4.7339e+03	 6.2015e+00	 1.3981e-01	 3.6315e+02	 4.7474e+03	-8.8709e+01	 8.5810e+07	 1.9346e+06	-4.4356e+01
 2.2500e+02	 4.7339e+03	 6.1757e+00	 1.2529e-01	 3.6315e+02	 4.7500e+03	-8.8838e+01	 6.3835e+07	 1.2951e+06	-4.9290e+01
 3.3750e+02	 4.7339e+03	 6.1528e+00	 1.1556e-01	 3.6315e+02	 4.7525e+03	-8.8924e+01	 4.6141e+07	 8.6660e+05	-5.3243e+01
 5.0625e+02	 4.7339e+03	 6.1325e+00	 1.1060e-01	 3.6315e+02	 4.7550e+03	-8.8967e+01	 3.2141e+07	 5.7965e+05	-5.5449e+01
 7.5938e+02	 4.7339e+03	 6.1132e+00	 1.0982e-01	 3.6314e+02	 4.7576e+03	-8.8971e+01	 2.1578e+07	 3.8765e+05	-5.5664e+01
 1.1391e+03	 4.7339e+03	 6.0949e+00	 1.1436e-01	 3.6315e+02	 4.7627e+03	-8.8925e+01	 1.3815e+07	 2.5921e+05	-5.3297e+01
 1.7086e+03	 4.7339e+03	 6.0767e+00	 1.2584e-01	 3.6316e+02	 4.7652e+03	-8.8814e+01	 8.3695e+06	 1.7333e+05	-4.8287e+01
 2.5629e+03	 4.7339e+03	 6.0573e+00	 1.4558e-01	 3.6315e+02	 4.7682e+03	-8.8623e+01	 4.8234e+06	 1.1592e+05	-4.1609e+01
 3.8443e+03	 4.7339e+03	 6.0354e+00	 1.7639e-01	 3.6315e+02	 4.7707e+03	-8.8326e+01	 2.6539e+06	 7.7560e+04	-3.4217e+01
 5.7665e+03	 4.7339e+03	 6.0093e+00	 2.2209e-01	 3.6315e+02	 4.7735e+03	-8.7883e+01	 1.4052e+06	 5.1932e+04	-2.7058e+01
 8.6498e+03	 4.7339e+03	 5.9745e+00	 2.8778e-01	 3.6315e+02	 4.7760e+03	-8.7242e+01	 7.2294e+05	 3.4823e+04	-2.0761e+01
 1.2975e+04	 4.7339e+03	 5.9245e+00	 3.7963e-01	 3.6315e+02	 4.7787e+03	-8.6334e+01	 3.6536e+05	 2.3411e+04	-1.5606e+01
 1.9462e+04	 4.7339e+03	 5.8489e+00	 5.0312e-01	 3.6315e+02	 4.7811e+03	-8.5084e+01	 1.8379e+05	 1.5809e+04	-1.1625e+01
 2.9193e+04	 4.7339e+03	 5.7302e+00	 6.6063e-01	 3.6315e+02	 4.7837e+03	-8.3424e+01	 9.3311e+04	 1.0758e+04	-8.6739e+00
 4.3789e+04	 4.7339e+03	 5.5441e+00	 8.4231e-01	 3.6315e+02	 4.7864e+03	-8.1361e+01	 4.8790e+04	 7.4125e+03	-6.5821e+00
 6.5684e+04	 4.7339e+03	 5.2701e+00	 1.0186e+00	 3.6314e+02	 4.7888e+03	-7.9061e+01	 2.6897e+04	 5.1987e+03	-5.1739e+00
 9.8526e+04	 4.7339e+03	 4.9097e+00	 1.1395e+00	 3.6315e+02	 4.7916e+03	-7.6933e+01	 1.6028e+04	 3.7202e+03	-4.3085e+00
 1.4779e+05	 4.7339e+03	 4.5030e+00	 1.1581e+00	 3.6315e+02	 4.7965e+03	-7.5577e+01	 1.0514e+04	 2.7041e+03	-3.8882e+00
 2.2168e+05	 4.7339e+03	 4.1421e+00	 1.0700e+00	 3.6315e+02	 4.7990e+03	-7.5516e+01	 7.5866e+03	 1.9598e+03	-3.8711e+00
 3.3253e+05	 4.7339e+03	 3.8344e+00	 8.9933e-01	 3.6315e+02	 4.8015e+03	-7.6800e+01	 6.0176e+03	 1.4114e+03	-4.2636e+00
 4.9879e+05	 4.7339e+03	-4.4183e+00	 4.7047e+01	 3.6315e+02	 4.8044e+03	 5.3651e+00	 7.6688e+01	-8.1658e+02	 9.3913e-02
 7.4818e+05	 4.7339e+03	 3.5196e+00	 4.6068e-01	 3.6315e+02	 4.8111e+03	-8.2543e+01	 5.2211e+03	 6.8339e+02	-7.6400e+00
 9.0000e+05	 4.7339e+03	 3.4830e+00	 3.8907e-01	 3.6314e+02	 4.8194e+03	-8.3626e+01	 5.1393e+03	 5.7408e+02	-8.9522e+00
 1.0000e+02	 4.8167e+03	 6.2312e+00	 1.5776e-01	 3.6315e+02	 4.8272e+03	-8.8550e+01	 1.1407e+08	 2.8880e+06	-3.9498e+01
 1.5000e+02	 4.8167e+03	 6.2015e+00	 1.3900e-01	 3.6315e+02	 4.8300e+03	-8.8716e+01	 8.6311e+07	 1.9346e+06	-4.4615e+01
 2.2500e+02	 4.8167e+03	 6.1753e+00	 1.2520e-01	 3.6315e+02	 4.8324e+03	-8.8839e+01	 6.3883e+07	 1.2952e+06	-4.9324e+01
 3.3750e+02	 4.8167e+03	 6.1527e+00	 1.1565e-01	 3.6314e+02	 4.8352e+03	-8.8923e+01	 4.6104e+07	 8.6663e+05	-5.3199e+01
 5.0625e+02	 4.8167e+03	 6.1320e+00	 1.1028e-01	 3.6315e+02	 4.8377e+03	-8.8970e+01	 3.2235e+07	 5.7970e+05	-5.5606e+01
 7.5938e+02	 4.8167e+03	 6.1130e+00	 1.0966e-01	 3.6314e+02	 4.8405e+03	-8.8972e+01	 2.1611e+07	 3.8767e+05	-5.5746e+01
 1.1391e+03	 4.8167e+03	 6.0948e+00	 1.1485e-01	 3.6315e+02	 4.8455e+03	-8.8920e+01	 1.3756e+07	 2.5921e+05	-5.3067e+01
 1.7086e+03	 4.8167e+03	 6.0765e+00	 1.2574e-01	 3.6315e+02	 4.8481e+03	-8.8815e+01	 8.3761e+06	 1.7333e+05	-4.8324e+01
 2.5629e+03	 4.8167e+03	 6.0570e+00	 1.4542e-01	 3.6315e+02	 4.8507e+03	-8.8625e+01	 4.8285e+06	 1.1593e+05	-4.1652e+01
 3.8443e+03	 4.8167e+03	 6.0352e+00	 1.7641e-01	 3.6315e+02	 4.8534e+03	-8.8326e+01	 2.6535e+06	 7.7564e+04	-3.4211e+01
 5.7665e+03	 4.8167e+03	 6.0092e+00	 2.2213e-01	 3.6315e+02	 4.8559e+03	-8.7883e+01	 1.4049e+06	 5.1933e+04	-2.7053e+01
 8.6498e+03	 4.8167e+03	 5.9745e+00	 2.8795e-01	 3.6315e+02	 4.8587e+03	-8.7241e+01	 7.2252e+05	 3.4823e+04	-2.0748e+01
 1.2975e+04	 4.8167e+03	 5.9245e+00	 3.7964e-01	 3.6316e+02	 4.8612e+03	-8.6334e+01	 3.6534e+05	 2.3411e+04	-1.5606e+01
 1.9462e+04	 4.8167e+03	 5.8489e+00	 5.0326e-01	 3.6316e+02	 4.8637e+03	-8.5082e+01	 1.8374e+05	 1.5809e+04	-1.1622e+01
 2.9193e+04	 4.8167e+03	 5.7303e+00	 6.6098e-01	 3.6315e+02	 4.8663e+03	-8.3420e+01	 9.3261e+04	 1.0758e+04	-8.6694e+00
 4.3789e+04	 4.8167e+03	 5.5440e+00	 8.4282e-01	 3.6315e+02	 4.8687e+03	-8.1356e+01	 4.8760e+04	 7.4127e+03	-6.5779e+00
 6.5684e+04	 4.8167e+03	 5.2697e+00	 1.0191e+00	 3.6315e+02	 4.8714e+03	-7.9054e+01	 2.6883e+04	 5.1990e+03	-5.1707e+00
 9.8526e+04	 4.8167e+03	 4.9091e+00	 1.1402e+00	 3.6315e+02	 4.8740e+03	-7.6925e+01	 1.6020e+04	 3.7206e+03	-4.3057e+00
 1.4779e+05	 4.8167e+03	 4.5021e+00	 1.1587e+00	 3.6316e+02	 4.8791e+03	-7.5567e+01	 1.0508e+04	 2.7046e+03	-3.8854e+00
 2.2168e+05	 4.8167e+03	 4.1410e+00	 1.0705e+00	 3.6315e+02	 4.8815e+03	-7.5506e+01	 7.5831e+03	 1.9603e+03	-3.8683e+00
 3.3253e+05	 4.8167e+03	 3.8329e+00	 8.9959e-01	 3.6316e+02	 4.8842e+03	-7.6792e+01	 6.0159e+03	 1.4119e+03	-4.2607e+00
 4.9879e+05	 4.8167e+03	-4.4176e+00	 4.7028e+01	 3.6315e+02	 4.8869e+03	 5.3664e+00	 7.6718e+01	-8.1671e+02	 9.3936e-02
 7.4818e+05	 4.8167e+03	 3.5182e+00	 4.5985e-01	 3.6315e+02	 4.8937e+03	-8.2553e+01	 5.2306e+03	 6.8366e+02	-7.6508e+00
 9.0000e+05	 4.8167e+03	 3.4816e+00	 3.8835e-01	 3.6315e+02	 4.9014e+03	-8.3635e+01	 5.1488e+03	 5.7431e+02	-8.9652e+00
 1.0000e+02	 4.8988e+03	 6.2306e+00	 1.5778e-01	 3.6315e+02	 4.9097e+03	-8.8549e+01	 1.1405e+08	 2.8883e+06	-3.9488e+01
 1.5000e+02	 4.8988e+03	 6.2007e+00	 1.3906e-01	 3.6315e+02	 4.9121e+03	-8.8715e+01	 8.6276e+07	 1.9348e+06	-4.4592e+01
 2.2500e+02	 4.8988e+03	 6.1751e+00	 1.2511e-01	 3.6315e+02	 4.9146e+03	-8.8839e+01	 6.3926e+07	 1.2952e+06	-4.9356e+01
 3.3750e+02	 4.8988e+03	 6.1525e+00	 1.1544e-01	 3.6315e+02	 4.9174e+03	-8.8925e+01	 4.6190e+07	 8.6665e+05	-5.3297e+01
 5.0625e+02	 4.8988e+03	 6.1321e+00	 1.1027e-01	 3.6315e+02	 4.9198e+03	-8.8970e+01	 3.2238e+07	 5.7969e+05	-5.5612e+01
 7.5938e+02	 4.8988e+03	 6.1127e+00	 1.0964e-01	 3.6315e+02	 4.9224e+03	-8.8972e+01	 2.1615e+07	 3.8768e+05	-5.5754e+01
 1.1391e+03	 4.8988e+03	 6.0944e+00	 1.1472e-01	 3.6314e+02	 4.9274e+03	-8.8922e+01	 1.3772e+07	 2.5923e+05	-5.3126e+01
 1.7086e+03	 4.8988e+03	 6.0761e+00	 1.2598e-01	 3.6314e+02	 4.9299e+03	-8.8812e+01	 8.3606e+06	 1.7334e+05	-4.8231e+01
 2.5629e+03	 4.8988e+03	 6.0566e+00	 1.4557e-01	 3.6314e+02	 4.9325e+03	-8.8623e+01	 4.8235e+06	 1.1593e+05	-4.1606e+01
 3.8443e+03	 4.8988e+03	 6.0350e+00	 1.7654e-01	 3.6315e+02	 4.9352e+03	-8.8324e+01	 2.6515e+06	 7.7566e+04	-3.4184e+01
 5.7665e+03	 4.8988e+03	 6.0088e+00	 2.2226e-01	 3.6314e+02	 4.9376e+03	-8.7882e+01	 1.4041e+06	 5.1936e+04	-2.7035e+01
 8.6498e+03	 4.8988e+03	 5.9740e+00	 2.8822e-01	 3.6315e+02	 4.9406e+03	-8.7238e+01	 7.2184e+05	 3.4826e+04	-2.0727e+01
 1.2975e+04	 4.8988e+03	 5.9240e+00	 3.7990e-01	 3.6315e+02	 4.9432e+03	-8.6331e+01	 3.6509e+05	 2.3413e+04	-1.5594e+01
 1.9462e+04	 4.8988e+03	 5.8483e+00	 5.0361e-01	 3.6315e+02	 4.9459e+03	-8.5078e+01	 1.8361e+05	 1.5811e+04	-1.1613e+01
 2.9193e+04	 4.8988e+03	 5.7295e+00	 6.6147e-01	 3.6314e+02	 4.9485e+03	-8.3414e+01	 9.3193e+04	 1.0759e+04	-8.6618e+00
 4.3789e+04	 4.8988e+03	 5.5431e+00	 8.4326e-01	 3.6315e+02	 4.9512e+03	-8.1350e+01	 4.8734e+04	 7.4139e+03	-6.5734e+00
 6.5684e+04	 4.8988e+03	 5.2688e+00	 1.0197e+00	 3.6314e+02	 4.9537e+03	-7.9047e+01	 2.6868e+04	 5.1999e+03	-5.1670e+00
 9.8526e+04	 4.8988e+03	 4.9078e+00	 1.1407e+00	 3.6315e+02	 4.9565e+03	-7.6915e+01	 1.6012e+04	 3.7216e+03	-4.3024e+00
 1.4779e+05	 4.8988e+03	 4.5008e+00	 1.1593e+00	 3.6316e+02	 4.9615e+03	-7.5556e+01	 1.0504e+04	 2.7054e+03	-3.8824e+00
 2.2168e+05	 4.8988e+03	 4.1395e+00	 1.0710e+00	 3.6315e+02	 4.9641e+03	-7.5495e+01	 7.5799e+03	 1.9611e+03	-3.8652e+00
 3.3253e+05	 4.8988e+03	 3.8312e+00	 8.9977e-01	 3.6315e+02	 4.9665e+03	-7.6784e+01	 6.0147e+03	 1.4126e+03	-4.2580e+00
 4.9879e+05	 4.8988e+03	-4.4167e+00	 4.7007e+01	 3.6316e+02	 4.9694e+03	 5.3677e+00	 7.6753e+01	-8.1688e+02	 9.3959e-02
 7.4818e+05	 4.8988e+03	 3.5169e+00	 4.5938e-01	 3.6315e+02	 4.9760e+03	-8.2558e+01	 5.2359e+03	 6.8391e+02	-7.6558e+00
 9.0000e+05	 4.8988e+03	 3.4806e+00	 3.8763e-01	 3.6315e+02	 4.9838e+03	-8.3645e+01	 5.1584e+03	 5.7448e+02	-8.9792e+00
 1.0000e+02	 4.9811e+03	 6.2304e+00	 1.5761e-01	 3.6315e+02	 4.9920e+03	-8.8551e+01	 1.1418e+08	 2.8884e+06	-3.9531e+01
 1.5000e+02	 4.9811e+03	 6.2009e+00	 1.3897e-01	 3.6315e+02	 4.9945e+03	-8.8716e+01	 8.6329e+07	 1.9347e+06	-4.4620e+01
 2.2500e+02	 4.9811e+03	 6.1748e+00	 1.2510e-01	 3.6315e+02	 4.9971e+03	-8.8839e+01	 6.3934e+07	 1.2953e+06	-4.9360e+01
 3.3750e+02	 4.9811e+03	 6.1521e+00	 1.1559e-01	 3.6315e+02	 4.9997e+03	-8.8924e+01	 4.6129e+07	 8.6671e+05	-5.3223e+01
 5.0625e+02	 4.9811e+03	 6.1315e+00	 1.1015e-01	 3.6315e+02	 5.0024e+03	-8.8971e+01	 3.2271e+07	 5.7975e+05	-5.5665e+01
 7.5938e+02	 4.9811e+03	 6.1123e+00	 1.0964e-01	 3.6315e+02	 5.0049e+03	-8.8972e+01	 2.1614e+07	 3.8771e+05	-5.5749e+01
 1.1391e+03	 4.9811e+03	 6.0942e+00	 1.1440e-01	 3.6315e+02	 5.0100e+03	-8.8925e+01	 1.3810e+07	 2.5924e+05	-5.3271e+01
 1.7086e+03	 4.9811e+03	 6.0756e+00	 1.2587e-01	 3.6315e+02	 5.0124e+03	-8.8813e+01	 8.3678e+06	 1.7336e+05	-4.8269e+01
 2.5629e+03	 4.9811e+03	 6.0564e+00	 1.4564e-01	 3.6315e+02	 5.0150e+03	-8.8622e+01	 4.8213e+06	 1.1594e+05	-4.1585e+01
 3.8443e+03	 4.9811e+03	 6.0345e+00	 1.7664e-01	 3.6314e+02	 5.0174e+03	-8.8323e+01	 2.6501e+06	 7.7572e+04	-3.4163e+01
 5.7665e+03	 4.9811e+03	 6.0087e+00	 2.2237e-01	 3.6315e+02	 5.0199e+03	-8.7881e+01	 1.4034e+06	 5.1937e+04	-2.7021e+01
 8.6498e+03	 4.9811e+03	 5.9738e+00	 2.8816e-01	 3.6315e+02	 5.0227e+03	-8.7238e+01	 7.2199e+05	 3.4827e+04	-2.0731e+01
 1.2975e+04	 4.9811e+03	 5.9238e+00	 3.8011e-01	 3.6315e+02	 5.0253e+03	-8.6329e+01	 3.6489e+05	 2.3414e+04	-1.5584e+01
 1.9462e+04	 4.9811e+03	 5.8481e+00	 5.0399e-01	 3.6315e+02	 5.0279e+03	-8.5074e+01	 1.8347e+05	 1.5811e+04	-1.1604e+01
 2.9193e+04	 4.9811e+03	 5.7290e+00	 6.6187e-01	 3.6315e+02	 5.0305e+03	-8.3410e+01	 9.3136e+04	 1.0760e+04	-8.6559e+00
 4.3789e+04	 4.9811e+03	 5.5426e+00	 8.4368e-01	 3.6315e+02	 5.0332e+03	-8.1345e+01	 4.8710e+04	 7.4146e+03	-6.5695e+00
 6.5684e+04	 4.9811e+03	 5.2679e+00	 1.0203e+00	 3.6316e+02	 5.0356e+03	-7.9039e+01	 2.6852e+04	 5.2008e+03	-5.1631e+00
 9.8526e+04	 4.9811e+03	 4.9070e+00	 1.1414e+00	 3.6315e+02	 5.0384e+03	-7.6906e+01	 1.6002e+04	 3.7222e+03	-4.2991e+00
 1.4779e+05	 4.9811e+03	 4.4996e+00	 1.1597e+00	 3.6315e+02	 5.0437e+03	-7.5547e+01	 1.0499e+04	 2.7061e+03	-3.8798e+00
 2.2168e+05	 4.9811e+03	 4.1379e+00	 1.0712e+00	 3.6315e+02	 5.0462e+03	-7.5486e+01	 7.5779e+03	 1.9618e+03	-3.8628e+00
 3.3253e+05	 4.9811e+03	 3.8296e+00	 8.9976e-01	 3.6315e+02	 5.0487e+03	-7.6778e+01	 6.0147e+03	 1.4132e+03	-4.2562e+00
 4.9879e+05	 4.9811e+03	-4.4151e+00	 4.6986e+01	 3.6316e+02	 5.0517e+03	 5.3681e+00	 7.6786e+01	-8.1716e+02	 9.3966e-02
 7.4818e+05	 4.9811e+03	 3.5157e+00	 4.5850e-01	 3.6315e+02	 5.0583e+03	-8.2570e+01	 5.2460e+03	 6.8415e+02	-7.6678e+00
 9.0000e+05	 4.9811e+03	 3.4794e+00	 3.8674e-01	 3.6315e+02	 5.0664e+03	-8.3658e+01	 5.1702e+03	 5.7467e+02	-8.9967e+00
 1.0000e+02	 5.0637e+03	 6.2300e+00	 1.5751e-01	 3.6315e+02	 5.0749e+03	-8.8552e+01	 1.1425e+08	 2.8886e+06	-3.9553e+01
 1.5000e+02	 5.0637e+03	 6.1987e+00	 1.3948e-01	 3.6316e+02	 5.0774e+03	-8.8711e+01	 8.6010e+07	 1.9354e+06	-4.4440e+01
 2.2500e+02	 5.0637e+03	 6.1744e+00	 1.2493e-01	 3.6316e+02	 5.0800e+03	-8.8841e+01	 6.4023e+07	 1.2954e+06	-4.9425e+01
 3.3750e+02	 5.0637e+03	 6.1517e+00	 1.1554e-01	 3.6316e+02	 5.0826e+03	-8.8924e+01	 4.6149e+07	 8.6677e+05	-5.3242e+01
 5.0625e+02	 5.0637e+03	 6.1310e+00	 1.1018e-01	 3.6315e+02	 5.0851e+03	-8.8970e+01	 3.2263e+07	 5.7979e+05	-5.5647e+01
 7.5938e+02	 5.0637e+03	 6.1123e+00	 1.0963e-01	 3.6315e+02	 5.0879e+03	-8.8972e+01	 2.1617e+07	 3.8771e+05	-5.5756e+01
 1.1391e+03	 5.0637e+03	 6.0937e+00	 1.1440e-01	 3.6315e+02	 5.0930e+03	-8.8924e+01	 1.3810e+07	 2.5926e+05	-5.3267e+01
 1.7086e+03	 5.0637e+03	 6.0756e+00	 1.2586e-01	 3.6315e+02	 5.0955e+03	-8.8813e+01	 8.3685e+06	 1.7336e+05	-4.8273e+01
 2.5629e+03	 5.0637e+03	 6.0561e+00	 1.4562e-01	 3.6314e+02	 5.0981e+03	-8.8623e+01	 4.8219e+06	 1.1594e+05	-4.1588e+01
 3.8443e+03	 5.0637e+03	 6.0346e+00	 1.7655e-01	 3.6315e+02	 5.1005e+03	-8.8324e+01	 2.6514e+06	 7.7571e+04	-3.4180e+01
 5.7665e+03	 5.0637e+03	 6.0083e+00	 2.2251e-01	 3.6315e+02	 5.1030e+03	-8.7879e+01	 1.4025e+06	 5.1940e+04	-2.7003e+01
 8.6498e+03	 5.0637e+03	 5.9734e+00	 2.8840e-01	 3.6315e+02	 5.1057e+03	-8.7236e+01	 7.2138e+05	 3.4829e+04	-2.0712e+01
 1.2975e+04	 5.0637e+03	 5.9233e+00	 3.8045e-01	 3.6315e+02	 5.1083e+03	-8.6325e+01	 3.6456e+05	 2.3416e+04	-1.5569e+01
 1.9462e+04	 5.0637e+03	 5.8478e+00	 5.0431e-01	 3.6315e+02	 5.1109e+03	-8.5071e+01	 1.8335e+05	 1.5812e+04	-1.1596e+01
 2.9193e+04	 5.0637e+03	 5.7285e+00	 6.6229e-01	 3.6315e+02	 5.1135e+03	-8.3405e+01	 9.3077e+04	 1.0761e+04	-8.6496e+00
 4.3789e+04	 5.0637e+03	 5.5422e+00	 8.4432e-01	 3.6315e+02	 5.1163e+03	-8.1338e+01	 4.8674e+04	 7.4152e+03	-6.5640e+00
 6.5684e+04	 5.0637e+03	 5.2673e+00	 1.0208e+00	 3.6315e+02	 5.1187e+03	-7.9032e+01	 2.6839e+04	 5.2014e+03	-5.1599e+00
 9.8526e+04	 5.0637e+03	 4.9059e+00	 1.1419e+00	 3.6316e+02	 5.1215e+03	-7.6897e+01	 1.5995e+04	 3.7230e+03	-4.2961e+00
 1.4779e+05	 5.0637e+03	 4.4984e+00	 1.1602e+00	 3.6316e+02	 5.1264e+03	-7.5537e+01	 1.0495e+04	 2.7069e+03	-3.8771e+00
 2.2168e+05	 5.0637e+03	 4.1366e+00	 1.0717e+00	 3.6315e+02	 5.1291e+03	-7.5476e+01	 7.5749e+03	 1.9624e+03	-3.8600e+00
 3.3253e+05	 5.0637e+03	 3.8280e+00	 8.9994e-01	 3.6315e+02	 5.1315e+03	-7.6770e+01	 6.0135e+03	 1.4137e+03	-4.2537e+00
 4.9879e+05	 5.0637e+03	-4.4145e+00	 4.6967e+01	 3.6315e+02	 5.1345e+03	 5.3695e+00	 7.6818e+01	-8.1729e+02	 9.3991e-02
 7.4818e+05	 5.0637e+03	 3.5143e+00	 4.5805e-01	 3.6316e+02	 5.1410e+03	-8.2574e+01	 5.2510e+03	 6.8441e+02	-7.6723e+00
 9.0000e+05	 5.0637e+03	 3.4782e+00	 3.8628e-01	 3.6316e+02	 5.1487e+03	-8.3663e+01	 5.1763e+03	 5.7486e+02	-9.0044e+00
 1.0000e+02	 5.1460e+03	 6.2296e+00	 1.5718e-01	 3.6316e+02	 5.1568e+03	-8.8555e+01	 1.1449e+08	 2.8888e+06	-3.9633e+01
 1.5000e+02	 5.1460e+03	 6.2008e+00	 1.3845e-01	 3.6315e+02	 5.1592e+03	-8.8721e+01	 8.6655e+07	 1.9348e+06	-4.4788e+01
 2.2500e+02	 5.1460e+03	 6.1739e+00	 1.2496e-01	 3.6315e+02	 5.1619e+03	-8.8841e+01	 6.4007e+07	 1.2955e+06	-4.9408e+01
 3.3750e+02	 5.1460e+03	 6.1514e+00	 1.1519e-01	 3.6315e+02	 5.1645e+03	-8.8927e+01	 4.6290e+07	 8.6680e+05	-5.3403e+01
 5.0625e+02	 5.1460e+03	 6.1308e+00	 1.0994e-01	 3.6315e+02	 5.1672e+03	-8.8973e+01	 3.2333e+07	 5.7981e+05	-5.5765e+01
 7.5938e+02	 5.1460e+03	 6.1119e+00	 1.0961e-01	 3.6316e+02	 5.1699e+03	-8.8973e+01	 2.1621e+07	 3.8774e+05	-5.5762e+01
 1.1391e+03	 5.1460e+03	 6.0934e+00	 1.1439e-01	 3.6316e+02	 5.1750e+03	-8.8924e+01	 1.3811e+07	 2.5928e+05	-5.3267e+01
 1.7086e+03	 5.1460e+03	 6.0752e+00	 1.2577e-01	 3.6315e+02	 5.1774e+03	-8.8814e+01	 8.3742e+06	 1.7337e+05	-4.8303e+01
 2.5629e+03	 5.1460e+03	 6.0559e+00	 1.4576e-01	 3.6316e+02	 5.1802e+03	-8.8621e+01	 4.8171e+06	 1.1595e+05	-4.1546e+01
 3.8443e+03	 5.1460e+03	 6.0340e+00	 1.7676e-01	 3.6315e+02	 5.1826e+03	-8.8322e+01	 2.6483e+06	 7.7578e+04	-3.4137e+01
 5.7665e+03	 5.1460e+03	 6.0082e+00	 2.2251e-01	 3.6315e+02	 5.1854e+03	-8.7879e+01	 1.4025e+06	 5.1941e+04	-2.7002e+01
 8.6498e+03	 5.1460e+03	 5.9731e+00	 2.8848e-01	 3.6315e+02	 5.1880e+03	-8.7235e+01	 7.2119e+05	 3.4831e+04	-2.0705e+01
 1.2975e+04	 5.1460e+03	 5.9230e+00	 3.8062e-01	 3.6315e+02	 5.1907e+03	-8.6323e+01	 3.6440e+05	 2.3417e+04	-1.5561e+01
 1.9462e+04	 5.1460e+03	 5.8472e+00	 5.0455e-01	 3.6315e+02	 5.1931e+03	-8.5068e+01	 1.8326e+05	 1.5814e+04	-1.1589e+01
 2.9193e+04	 5.1460e+03	 5.7280e+00	 6.6258e-01	 3.6315e+02	 5.1959e+03	-8.3402e+01	 9.3037e+04	 1.0762e+04	-8.6451e+00
 4.3789e+04	 5.1460e+03	 5.5414e+00	 8.4453e-01	 3.6315e+02	 5.1985e+03	-8.1335e+01	 4.8662e+04	 7.4162e+03	-6.5615e+00
 6.5684e+04	 5.1460e+03	 5.2663e+00	 1.0213e+00	 3.6315e+02	 5.2009e+03	-7.9025e+01	 2.6826e+04	 5.2024e+03	-5.1565e+00
 9.8526e+04	 5.1460e+03	 4.9050e+00	 1.1423e+00	 3.6315e+02	 5.2035e+03	-7.6890e+01	 1.5990e+04	 3.7238e+03	-4.2939e+00
 1.4779e+05	 5.1460e+03	 4.4970e+00	 1.1607e+00	 3.6315e+02	 5.2087e+03	-7.5528e+01	 1.0491e+04	 2.7077e+03	-3.8746e+00
 2.2168e+05	 5.1460e+03	 4.1351e+00	 1.0719e+00	 3.6315e+02	 5.2112e+03	-7.5467e+01	 7.5730e+03	 1.9632e+03	-3.8576e+00
 3.3253e+05	 5.1460e+03	 3.8265e+00	 8.9988e-01	 3.6316e+02	 5.2136e+03	-7.6766e+01	 6.0139e+03	 1.4143e+03	-4.2522e+00
 4.9879e+05	 5.1460e+03	-4.4127e+00	 4.6948e+01	 3.6315e+02	 5.2166e+03	 5.3695e+00	 7.6848e+01	-8.1762e+02	 9.3990e-02
 7.4818e+05	 5.1460e+03	 3.5132e+00	 4.5756e-01	 3.6315e+02	 5.2230e+03	-8.2579e+01	 5.2567e+03	 6.8464e+02	-7.6780e+00
 9.0000e+05	 5.1460e+03	 3.4772e+00	 3.8579e-01	 3.6315e+02	 5.2311e+03	-8.3669e+01	 5.1829e+03	 5.7503e+02	-9.0132e+00
 1.0000e+02	 5.2285e+03	 6.2290e+00	 1.5704e-01	 3.6315e+02	 5.2388e+03	-8.8556e+01	 1.1459e+08	 2.8890e+06	-3.9664e+01
 1.5000e+02	 5.2285e+03	 6.1988e+00	 1.3808e-01	 3.6315e+02	 5.2412e+03	-8.8724e+01	 8.6888e+07	 1.9354e+06	-4.4894e+01
 2.2500e+02	 5.2285e+03	 6.1735e+00	 1.2482e-01	 3.6315e+02	 5.2439e+03	-8.8842e+01	 6.4079e+07	 1.2956e+06	-4.9461e+01
 3.3750e+02	 5.2285e+03	 6.1509e+00	 1.1525e-01	 3.6315e+02	 5.2465e+03	-8.8927e+01	 4.6264e+07	 8.6687e+05	-5.3369e+01
 5.0625e+02	 5.2285e+03	 6.1305e+00	 1.1004e-01	 3.6315e+02	 5.2492e+03	-8.8972e+01	 3.2303e+07	 5.7984e+05	-5.5710e+01
 7.5938e+02	 5.2285e+03	 6.1115e+00	 1.0951e-01	 3.6314e+02	 5.2518e+03	-8.8973e+01	 2.1641e+07	 3.8776e+05	-5.5810e+01
 1.1391e+03	 5.2285e+03	 6.0930e+00	 1.1454e-01	 3.6315e+02	 5.2569e+03	-8.8923e+01	 1.3793e+07	 2.5929e+05	-5.3197e+01
 1.7086e+03	 5.2285e+03	 6.0749e+00	 1.2565e-01	 3.6314e+02	 5.2593e+03	-8.8815e+01	 8.3826e+06	 1.7338e+05	-4.8349e+01
 2.5629e+03	 5.2285e+03	 6.0554e+00	 1.4557e-01	 3.6314e+02	 5.2619e+03	-8.8623e+01	 4.8236e+06	 1.1596e+05	-4.1599e+01
 3.8443e+03	 5.2285e+03	 6.0337e+00	 1.7670e-01	 3.6315e+02	 5.2644e+03	-8.8323e+01	 2.6491e+06	 7.7582e+04	-3.4146e+01
 5.7665e+03	 5.2285e+03	 6.0077e+00	 2.2265e-01	 3.6315e+02	 5.2668e+03	-8.7878e+01	 1.4016e+06	 5.1946e+04	-2.6983e+01
 8.6498e+03	 5.2285e+03	 5.9728e+00	 2.8860e-01	 3.6315e+02	 5.2696e+03	-8.7234e+01	 7.2088e+05	 3.4833e+04	-2.0696e+01
 1.2975e+04	 5.2285e+03	 5.9226e+00	 3.8073e-01	 3.6315e+02	 5.2722e+03	-8.6322e+01	 3.6430e+05	 2.3419e+04	-1.5556e+01
 1.9462e+04	 5.2285e+03	 5.8468e+00	 5.0487e-01	 3.6315e+02	 5.2749e+03	-8.5065e+01	 1.8315e+05	 1.5815e+04	-1.1581e+01
 2.9193e+04	 5.2285e+03	 5.7275e+00	 6.6296e-01	 3.6315e+02	 5.2775e+03	-8.3397e+01	 9.2983e+04	 1.0763e+04	-8.6392e+00
 4.3789e+04	 5.2285e+03	 5.5410e+00	 8.4495e-01	 3.6315e+02	 5.2801e+03	-8.1330e+01	 4.8637e+04	 7.4167e+03	-6.5577e+00
 6.5684e+04	 5.2285e+03	 5.2657e+00	 1.0217e+00	 3.6315e+02	 5.2825e+03	-7.9019e+01	 2.6815e+04	 5.2029e+03	-5.1538e+00
 9.8526e+04	 5.2285e+03	 4.9040e+00	 1.1429e+00	 3.6315e+02	 5.2854e+03	-7.6881e+01	 1.5982e+04	 3.7245e+03	-4.2910e+00
 1.4779e+05	 5.2285e+03	 4.4962e+00	 1.1611e+00	 3.6316e+02	 5.2904e+03	-7.5520e+01	 1.0487e+04	 2.7082e+03	-3.8722e+00
 2.2168e+05	 5.2285e+03	 4.1338e+00	 1.0722e+00	 3.6315e+02	 5.2929e+03	-7.5459e+01	 7.5709e+03	 1.9637e+03	-3.8553e+00
 3.3253e+05	 5.2285e+03	 3.8250e+00	 8.9984e-01	 3.6315e+02	 5.2953e+03	-7.6762e+01	 6.0142e+03	 1.4149e+03	-4.2507e+00
 4.9879e+05	 5.2285e+03	-4.4101e+00	 4.6931e+01	 3.6315e+02	 5.2984e+03	 5.3684e+00	 7.6877e+01	-8.1810e+02	 9.3971e-02
 7.4818e+05	 5.2285e+03	 3.5120e+00	 4.5705e-01	 3.6315e+02	 5.3049e+03	-8.2585e+01	 5.2625e+03	 6.8486e+02	-7.6840e+00
 9.0000e+05	 5.2285e+03	 3.4762e+00	 3.8526e-01	 3.6315e+02	 5.3126e+03	-8.3676e+01	 5.1901e+03	 5.7520e+02	-9.0231e+00
 1.0000e+02	 5.3099e+03	 6.2285e+00	 1.5707e-01	 3.6315e+02	 5.3208e+03	-8.8555e+01	 1.1457e+08	 2.8892e+06	-3.9655e+01
 1.5000e+02	 5.3099e+03	 6.1979e+00	 1.3889e-01	 3.6315e+02	 5.3232e+03	-8.8716e+01	 8.6381e+07	 1.9357e+06	-4.4625e+01
 2.2500e+02	 5.3099e+03	 6.1733e+00	 1.2467e-01	 3.6315e+02	 5.3259e+03	-8.8843e+01	 6.4153e+07	 1.2956e+06	-4.9517e+01
 3.3750e+02	 5.3099e+03	 6.1505e+00	 1.1506e-01	 3.6315e+02	 5.3284e+03	-8.8928e+01	 4.6340e+07	 8.6693e+05	-5.3453e+01
 5.0625e+02	 5.3099e+03	 6.1303e+00	 1.1003e-01	 3.6315e+02	 5.3312e+03	-8.8972e+01	 3.2306e+07	 5.7986e+05	-5.5714e+01
 7.5938e+02	 5.3099e+03	 6.1112e+00	 1.0967e-01	 3.6315e+02	 5.3339e+03	-8.8972e+01	 2.1609e+07	 3.8778e+05	-5.5724e+01
 1.1391e+03	 5.3099e+03	 6.0927e+00	 1.1447e-01	 3.6315e+02	 5.3390e+03	-8.8924e+01	 1.3802e+07	 2.5930e+05	-5.3227e+01
 1.7086e+03	 5.3099e+03	 6.0747e+00	 1.2566e-01	 3.6314e+02	 5.3417e+03	-8.8815e+01	 8.3815e+06	 1.7338e+05	-4.8341e+01
 2.5629e+03	 5.3099e+03	 6.0554e+00	 1.4568e-01	 3.6314e+02	 5.3443e+03	-8.8622e+01	 4.8200e+06	 1.1596e+05	-4.1568e+01
 3.8443e+03	 5.3099e+03	 6.0338e+00	 1.7679e-01	 3.6315e+02	 5.3467e+03	-8.8322e+01	 2.6478e+06	 7.7582e+04	-3.4130e+01
 5.7665e+03	 5.3099e+03	 6.0075e+00	 2.2268e-01	 3.6315e+02	 5.3492e+03	-8.7877e+01	 1.4014e+06	 5.1947e+04	-2.6978e+01
 8.6498e+03	 5.3099e+03	 5.9725e+00	 2.8872e-01	 3.6314e+02	 5.3518e+03	-8.7232e+01	 7.2059e+05	 3.4835e+04	-2.0686e+01
 1.2975e+04	 5.3099e+03	 5.9224e+00	 3.8088e-01	 3.6315e+02	 5.3545e+03	-8.6320e+01	 3.6415e+05	 2.3420e+04	-1.5549e+01
 1.9462e+04	 5.3099e+03	 5.8465e+00	 5.0515e-01	 3.6315e+02	 5.3570e+03	-8.5062e+01	 1.8305e+05	 1.5816e+04	-1.1574e+01
 2.9193e+04	 5.3099e+03	 5.7273e+00	 6.6344e-01	 3.6315e+02	 5.3597e+03	-8.3392e+01	 9.2915e+04	 1.0763e+04	-8.6327e+00
 4.3789e+04	 5.3099e+03	 5.5402e+00	 8.4553e-01	 3.6314e+02	 5.3622e+03	-8.1323e+01	 4.8604e+04	 7.4178e+03	-6.5524e+00
 6.5684e+04	 5.3099e+03	 5.2649e+00	 1.0222e+00	 3.6315e+02	 5.3646e+03	-7.9012e+01	 2.6802e+04	 5.2038e+03	-5.1505e+00
 9.8526e+04	 5.3099e+03	 4.9031e+00	 1.1434e+00	 3.6315e+02	 5.3673e+03	-7.6873e+01	 1.5974e+04	 3.7252e+03	-4.2882e+00
 1.4779e+05	 5.3099e+03	 4.4949e+00	 1.1615e+00	 3.6315e+02	 5.3725e+03	-7.5511e+01	 1.0483e+04	 2.7090e+03	-3.8697e+00
 2.2168e+05	 5.3099e+03	 4.1325e+00	 1.0724e+00	 3.6315e+02	 5.3749e+03	-7.5453e+01	 7.5698e+03	 1.9644e+03	-3.8535e+00
 3.3253e+05	 5.3099e+03	 3.8236e+00	 8.9985e-01	 3.6314e+02	 5.3774e+03	-7.6757e+01	 6.0141e+03	 1.4154e+03	-4.2491e+00
 4.9879e+05	 5.3099e+03	-4.4081e+00	 4.6913e+01	 3.6314e+02	 5.3802e+03	 5.3679e+00	 7.6906e+01	-8.1847e+02	 9.3963e-02
 7.4818e+05	 5.3099e+03	 3.5109e+00	 4.5643e-01	 3.6315e+02	 5.3867e+03	-8.2593e+01	 5.2698e+03	 6.8508e+02	-7.6922e+00
 9.0000e+05	 5.3099e+03	 3.4754e+00	 3.8463e-01	 3.6315e+02	 5.3943e+03	-8.3685e+01	 5.1986e+03	 5.7534e+02	-9.0357e+00
 1.0000e+02	 5.3916e+03	 6.2283e+00	 1.5699e-01	 3.6315e+02	 5.4024e+03	-8.8556e+01	 1.1463e+08	 2.8894e+06	-3.9674e+01
 1.5000e+02	 5.3916e+03	 6.1963e+00	 1.3887e-01	 3.6315e+02	 5.4049e+03	-8.8716e+01	 8.6389e+07	 1.9362e+06	-4.4619e+01
 2.2500e+02	 5.3916e+03	 6.1730e+00	 1.2458e-01	 3.6315e+02	 5.4077e+03	-8.8844e+01	 6.4203e+07	 1.2957e+06	-4.9552e+01
 3.3750e+02	 5.3916e+03	 6.1504e+00	 1.1501e-01	 3.6316e+02	 5.4104e+03	-8.8929e+01	 4.6364e+07	 8.6695e+05	-5.3479e+01
 5.0625e+02	 5.3916e+03	 6.1302e+00	 1.0994e-01	 3.6315e+02	 5.4132e+03	-8.8973e+01	 3.2332e+07	 5.7987e+05	-5.5758e+01
 7.5938e+02	 5.3916e+03	 6.1112e+00	 1.0960e-01	 3.6315e+02	 5.4158e+03	-8.8973e+01	 2.1622e+07	 3.8778e+05	-5.5758e+01
 1.1391e+03	 5.3916e+03	 6.0928e+00	 1.1421e-01	 3.6315e+02	 5.4209e+03	-8.8926e+01	 1.3833e+07	 2.5930e+05	-5.3348e+01
 1.7086e+03	 5.3916e+03	 6.0747e+00	 1.2577e-01	 3.6315e+02	 5.4237e+03	-8.8814e+01	 8.3742e+06	 1.7338e+05	-4.8299e+01
 2.5629e+03	 5.3916e+03	 6.0551e+00	 1.4581e-01	 3.6315e+02	 5.4262e+03	-8.8621e+01	 4.8156e+06	 1.1596e+05	-4.1528e+01
 3.8443e+03	 5.3916e+03	 6.0334e+00	 1.7673e-01	 3.6315e+02	 5.4289e+03	-8.8322e+01	 2.6487e+06	 7.7586e+04	-3.4138e+01
 5.7665e+03	 5.3916e+03	 6.0074e+00	 2.2294e-01	 3.6315e+02	 5.4314e+03	-8.7875e+01	 1.3998e+06	 5.1948e+04	-2.6946e+01
 8.6498e+03	 5.3916e+03	 5.9723e+00	 2.8898e-01	 3.6315e+02	 5.4342e+03	-8.7230e+01	 7.1994e+05	 3.4836e+04	-2.0667e+01
 1.2975e+04	 5.3916e+03	 5.9221e+00	 3.8108e-01	 3.6314e+02	 5.4368e+03	-8.6318e+01	 3.6396e+05	 2.3421e+04	-1.5540e+01
 1.9462e+04	 5.3916e+03	 5.8460e+00	 5.0528e-01	 3.6315e+02	 5.4392e+03	-8.5060e+01	 1.8300e+05	 1.5817e+04	-1.1570e+01
 2.9193e+04	 5.3916e+03	 5.7268e+00	 6.6370e-01	 3.6315e+02	 5.4419e+03	-8.3389e+01	 9.2879e+04	 1.0764e+04	-8.6286e+00
 4.3789e+04	 5.3916e+03	 5.5400e+00	 8.4605e-01	 3.6315e+02	 5.4443e+03	-8.1317e+01	 4.8574e+04	 7.4181e+03	-6.5481e+00
 6.5684e+04	 5.3916e+03	 5.2645e+00	 1.0229e+00	 3.6314e+02	 5.4471e+03	-7.9004e+01	 2.6783e+04	 5.2042e+03	-5.1465e+00
 9.8526e+04	 5.3916e+03	 4.9025e+00	 1.1439e+00	 3.6315e+02	 5.4497e+03	-7.6866e+01	 1.5967e+04	 3.7256e+03	-4.2856e+00
 1.4779e+05	 5.3916e+03	 4.4940e+00	 1.1620e+00	 3.6315e+02	 5.4549e+03	-7.5503e+01	 1.0479e+04	 2.7095e+03	-3.8676e+00
 2.2168e+05	 5.3916e+03	 4.1313e+00	 1.0728e+00	 3.6314e+02	 5.4573e+03	-7.5443e+01	 7.5666e+03	 1.9649e+03	-3.8508e+00
 3.3253e+05	 5.3916e+03	 3.8223e+00	 8.9986e-01	 3.6315e+02	 5.4598e+03	-7.6752e+01	 6.0141e+03	 1.4159e+03	-4.2476e+00
 4.9879e+05	 5.3916e+03	-4.4053e+00	 4.6898e+01	 3.6315e+02	 5.4625e+03	 5.3662e+00	 7.6930e+01	-8.1899e+02	 9.3933e-02
 7.4818e+05	 5.3916e+03	 3.5100e+00	 4.5599e-01	 3.6315e+02	 5.4694e+03	-8.2598e+01	 5.2748e+03	 6.8526e+02	-7.6975e+00
 9.0000e+05	 5.3916e+03	 3.4744e+00	 3.8409e-01	 3.6315e+02	 5.4771e+03	-8.3692e+01	 5.2059e+03	 5.7550e+02	-9.0458e+00
 1.0000e+02	 5.4744e+03	 6.2280e+00	 1.5691e-01	 3.6315e+02	 5.4854e+03	-8.8557e+01	 1.1469e+08	 2.8895e+06	-3.9691e+01
 1.5000e+02	 5.4744e+03	 6.1979e+00	 1.3908e-01	 3.6315e+02	 5.4879e+03	-8.8715e+01	 8.6261e+07	 1.9357e+06	-4.4564e+01
 2.2500e+02	 5.4744e+03	 6.1727e+00	 1.2457e-01	 3.6316e+02	 5.4907e+03	-8.8844e+01	 6.4203e+07	 1.2957e+06	-4.9550e+01
 3.3750e+02	 5.4744e+03	 6.1503e+00	 1.1503e-01	 3.6316e+02	 5.4932e+03	-8.8928e+01	 4.6353e+07	 8.6696e+05	-5.3466e+01
 5.0625e+02	 5.4744e+03	 6.1295e+00	 1.0989e-01	 3.6315e+02	 5.4960e+03	-8.8973e+01	 3.2347e+07	 5.7993e+05	-5.5777e+01
 7.5938e+02	 5.4744e+03	 6.1107e+00	 1.0943e-01	 3.6316e+02	 5.4985e+03	-8.8974e+01	 2.1656e+07	 3.8781e+05	-5.5841e+01
 1.1391e+03	 5.4744e+03	 6.0923e+00	 1.1459e-01	 3.6315e+02	 5.5036e+03	-8.8923e+01	 1.3788e+07	 2.5932e+05	-5.3169e+01
 1.7086e+03	 5.4744e+03	 6.0743e+00	 1.2583e-01	 3.6316e+02	 5.5061e+03	-8.8813e+01	 8.3701e+06	 1.7339e+05	-4.8272e+01
 2.5629e+03	 5.4744e+03	 6.0549e+00	 1.4563e-01	 3.6315e+02	 5.5089e+03	-8.8622e+01	 4.8216e+06	 1.1597e+05	-4.1578e+01
 3.8443e+03	 5.4744e+03	 6.0332e+00	 1.7686e-01	 3.6315e+02	 5.5113e+03	-8.8321e+01	 2.6468e+06	 7.7588e+04	-3.4114e+01
 5.7665e+03	 5.4744e+03	 6.0070e+00	 2.2295e-01	 3.6315e+02	 5.5140e+03	-8.7874e+01	 1.3997e+06	 5.1951e+04	-2.6943e+01
 8.6498e+03	 5.4744e+03	 5.9722e+00	 2.8901e-01	 3.6315e+02	 5.5165e+03	-8.7229e+01	 7.1986e+05	 3.4836e+04	-2.0664e+01
 1.2975e+04	 5.4744e+03	 5.9218e+00	 3.8135e-01	 3.6315e+02	 5.5194e+03	-8.6315e+01	 3.6371e+05	 2.3422e+04	-1.5529e+01
 1.9462e+04	 5.4744e+03	 5.8459e+00	 5.0558e-01	 3.6315e+02	 5.5219e+03	-8.5057e+01	 1.8289e+05	 1.5817e+04	-1.1563e+01
 2.9193e+04	 5.4744e+03	 5.7265e+00	 6.6405e-01	 3.6315e+02	 5.5244e+03	-8.3385e+01	 9.2830e+04	 1.0765e+04	-8.6235e+00
 4.3789e+04	 5.4744e+03	 5.5392e+00	 8.4641e-01	 3.6315e+02	 5.5270e+03	-8.1312e+01	 4.8553e+04	 7.4192e+03	-6.5443e+00
 6.5684e+04	 5.4744e+03	 5.2633e+00	 1.0233e+00	 3.6315e+02	 5.5295e+03	-7.8998e+01	 2.6775e+04	 5.2053e+03	-5.1438e+00
 9.8526e+04	 5.4744e+03	 4.9014e+00	 1.1442e+00	 3.6315e+02	 5.5322e+03	-7.6860e+01	 1.5963e+04	 3.7265e+03	-4.2837e+00
 1.4779e+05	 5.4744e+03	 4.4927e+00	 1.1623e+00	 3.6315e+02	 5.5375e+03	-7.5495e+01	 1.0476e+04	 2.7103e+03	-3.8652e+00
 2.2168e+05	 5.4744e+03	 4.1297e+00	 1.0729e+00	 3.6315e+02	 5.5399e+03	-7.5436e+01	 7.5661e+03	 1.9657e+03	-3.8491e+00
 3.3253e+05	 5.4744e+03	 3.8209e+00	 8.9978e-01	 3.6315e+02	 5.5424e+03	-7.6749e+01	 6.0146e+03	 1.4164e+03	-4.2465e+00
 4.9879e+05	 5.4744e+03	-4.4023e+00	 4.6882e+01	 3.6315e+02	 5.5452e+03	 5.3646e+00	 7.6957e+01	-8.1954e+02	 9.3904e-02
 7.4818e+05	 5.4744e+03	 3.5089e+00	 4.5573e-01	 3.6315e+02	 5.5517e+03	-8.2600e+01	 5.2778e+03	 6.8547e+02	-7.6995e+00
 9.0000e+05	 5.4744e+03	 3.4735e+00	 3.8384e-01	 3.6314e+02	 5.5598e+03	-8.3694e+01	 5.2093e+03	 5.7565e+02	-9.0494e+00
 1.0000e+02	 5.5571e+03	 6.2275e+00	 1.5640e-01	 3.6315e+02	 5.5678e+03	-8.8561e+01	 1.1506e+08	 2.8897e+06	-3.9818e+01
 1.5000e+02	 5.5571e+03	 6.1976e+00	 1.4004e-01	 3.6315e+02	 5.5705e+03	-8.8706e+01	 8.5672e+07	 1.9358e+06	-4.4257e+01
 2.2500e+02	 5.5571e+03	 6.1726e+00	 1.2453e-01	 3.6315e+02	 5.5730e+03	-8.8844e+01	 6.4228e+07	 1.2957e+06	-4.9569e+01
 3.3750e+02	 5.5571e+03	 6.1499e+00	 1.1490e-01	 3.6315e+02	 5.5757e+03	-8.8930e+01	 4.6408e+07	 8.6701e+05	-5.3526e+01
 5.0625e+02	 5.5571e+03	 6.1296e+00	 1.0987e-01	 3.6315e+02	 5.5782e+03	-8.8973e+01	 3.2354e+07	 5.7992e+05	-5.5790e+01
 7.5938e+02	 5.5571e+03	 6.1104e+00	 1.0934e-01	 3.6316e+02	 5.5811e+03	-8.8975e+01	 2.1673e+07	 3.8783e+05	-5.5883e+01
 1.1391e+03	 5.5571e+03	 6.0923e+00	 1.1461e-01	 3.6315e+02	 5.5861e+03	-8.8922e+01	 1.3785e+07	 2.5932e+05	-5.3159e+01
 1.7086e+03	 5.5571e+03	 6.0739e+00	 1.2598e-01	 3.6315e+02	 5.5887e+03	-8.8812e+01	 8.3606e+06	 1.7341e+05	-4.8214e+01
 2.5629e+03	 5.5571e+03	 6.0545e+00	 1.4580e-01	 3.6315e+02	 5.5913e+03	-8.8620e+01	 4.8158e+06	 1.1597e+05	-4.1525e+01
 3.8443e+03	 5.5571e+03	 6.0327e+00	 1.7694e-01	 3.6315e+02	 5.5938e+03	-8.8320e+01	 2.6455e+06	 7.7595e+04	-3.4094e+01
 5.7665e+03	 5.5571e+03	 6.0067e+00	 2.2306e-01	 3.6314e+02	 5.5962e+03	-8.7873e+01	 1.3990e+06	 5.1954e+04	-2.6928e+01
 8.6498e+03	 5.5571e+03	 5.9716e+00	 2.8921e-01	 3.6315e+02	 5.5990e+03	-8.7227e+01	 7.1937e+05	 3.4840e+04	-2.0648e+01
 1.2975e+04	 5.5571e+03	 5.9217e+00	 3.8147e-01	 3.6315e+02	 5.6015e+03	-8.6314e+01	 3.6360e+05	 2.3422e+04	-1.5523e+01
 1.9462e+04	 5.5571e+03	 5.8452e+00	 5.0579e-01	 3.6315e+02	 5.6040e+03	-8.5054e+01	 1.8281e+05	 1.5819e+04	-1.1557e+01
 2.9193e+04	 5.5571e+03	 5.7259e+00	 6.6441e-01	 3.6315e+02	 5.6065e+03	-8.3381e+01	 9.2781e+04	 1.0766e+04	-8.6181e+00
 4.3789e+04	 5.5571e+03	 5.5387e+00	 8.4674e-01	 3.6315e+02	 5.6090e+03	-8.1308e+01	 4.8534e+04	 7.4198e+03	-6.5412e+00
 6.5684e+04	 5.5571e+03	 5.2627e+00	 1.0238e+00	 3.6315e+02	 5.6117e+03	-7.8992e+01	 2.6761e+04	 5.2059e+03	-5.1405e+00
 9.8526e+04	 5.5571e+03	 4.9004e+00	 1.1447e+00	 3.6315e+02	 5.6142e+03	-7.6851e+01	 1.5955e+04	 3.7272e+03	-4.2808e+00
 1.4779e+05	 5.5571e+03	 4.4917e+00	 1.1626e+00	 3.6315e+02	 5.6193e+03	-7.5488e+01	 1.0473e+04	 2.7109e+03	-3.8633e+00
 2.2168e+05	 5.5571e+03	 4.1287e+00	 1.0730e+00	 3.6315e+02	 5.6218e+03	-7.5431e+01	 7.5653e+03	 1.9662e+03	-3.8477e+00
 3.3253e+05	 5.5571e+03	 3.8195e+00	 8.9972e-01	 3.6315e+02	 5.6246e+03	-7.6745e+01	 6.0150e+03	 1.4169e+03	-4.2453e+00
 4.9879e+05	 5.5571e+03	-4.3994e+00	 4.6867e+01	 3.6315e+02	 5.6276e+03	 5.3626e+00	 7.6981e+01	-8.2009e+02	 9.3869e-02
 7.4818e+05	 5.5571e+03	 3.5079e+00	 4.5534e-01	 3.6315e+02	 5.6342e+03	-8.2604e+01	 5.2823e+03	 6.8566e+02	-7.7040e+00
 9.0000e+05	 5.5571e+03	 3.4726e+00	 3.8357e-01	 3.6315e+02	 5.6419e+03	-8.3697e+01	 5.2129e+03	 5.7579e+02	-9.0535e+00
 1.0000e+02	 5.6392e+03	 6.2275e+00	 1.5665e-01	 3.6315e+02	 5.6501e+03	-8.8559e+01	 1.1488e+08	 2.8897e+06	-3.9755e+01
 1.5000e+02	 5.6392e+03	 6.2000e+00	 1.3805e-01	 3.6315e+02	 5.6526e+03	-8.8724e+01	 8.6902e+07	 1.9350e+06	-4.4910e+01
 2.2500e+02	 5.6392e+03	 6.1722e+00	 1.2434e-01	 3.6315e+02	 5.6552e+03	-8.8846e+01	 6.4326e+07	 1.2958e+06	-4.9641e+01
 3.3750e+02	 5.6392e+03	 6.1495e+00	 1.1495e-01	 3.6315e+02	 5.6578e+03	-8.8929e+01	 4.6387e+07	 8.6707e+05	-5.3498e+01
 5.0625e+02	 5.6392e+03	 6.1291e+00	 1.0971e-01	 3.6315e+02	 5.6602e+03	-8.8975e+01	 3.2401e+07	 5.7997e+05	-5.5866e+01
 7.5938e+02	 5.6392e+03	 6.1102e+00	 1.0936e-01	 3.6315e+02	 5.6628e+03	-8.8975e+01	 2.1669e+07	 3.8784e+05	-5.5871e+01
 1.1391e+03	 5.6392e+03	 6.0915e+00	 1.1428e-01	 3.6314e+02	 5.6679e+03	-8.8925e+01	 1.3824e+07	 2.5936e+05	-5.3301e+01
 1.7086e+03	 5.6392e+03	 6.0736e+00	 1.2581e-01	 3.6315e+02	 5.6703e+03	-8.8813e+01	 8.3718e+06	 1.7341e+05	-4.8276e+01
 2.5629e+03	 5.6392e+03	 6.0545e+00	 1.4572e-01	 3.6315e+02	 5.6732e+03	-8.8621e+01	 4.8186e+06	 1.1597e+05	-4.1549e+01
 3.8443e+03	 5.6392e+03	 6.0325e+00	 1.7703e-01	 3.6315e+02	 5.6757e+03	-8.8319e+01	 2.6443e+06	 7.7598e+04	-3.4077e+01
 5.7665e+03	 5.6392e+03	 6.0065e+00	 2.2303e-01	 3.6315e+02	 5.6781e+03	-8.7874e+01	 1.3992e+06	 5.1956e+04	-2.6932e+01
 8.6498e+03	 5.6392e+03	 5.9714e+00	 2.8930e-01	 3.6315e+02	 5.6807e+03	-8.7226e+01	 7.1915e+05	 3.4841e+04	-2.0641e+01
 1.2975e+04	 5.6392e+03	 5.9211e+00	 3.8162e-01	 3.6315e+02	 5.6832e+03	-8.6312e+01	 3.6345e+05	 2.3424e+04	-1.5516e+01
 1.9462e+04	 5.6392e+03	 5.8450e+00	 5.0624e-01	 3.6315e+02	 5.6859e+03	-8.5050e+01	 1.8265e+05	 1.5820e+04	-1.1546e+01
 2.9193e+04	 5.6392e+03	 5.7252e+00	 6.6484e-01	 3.6315e+02	 5.6885e+03	-8.3376e+01	 9.2720e+04	 1.0767e+04	-8.6114e+00
 4.3789e+04	 5.6392e+03	 5.5378e+00	 8.4718e-01	 3.6315e+02	 5.6912e+03	-8.1302e+01	 4.8509e+04	 7.4210e+03	-6.5367e+00
 6.5684e+04	 5.6392e+03	 5.2618e+00	 1.0242e+00	 3.6316e+02	 5.6938e+03	-7.8986e+01	 2.6751e+04	 5.2069e+03	-5.1377e+00
 9.8526e+04	 5.6392e+03	 4.8991e+00	 1.1451e+00	 3.6316e+02	 5.6964e+03	-7.6845e+01	 1.5951e+04	 3.7282e+03	-4.2785e+00
 1.4779e+05	 5.6392e+03	 4.4903e+00	 1.1629e+00	 3.6315e+02	 5.7017e+03	-7.5481e+01	 1.0471e+04	 2.7118e+03	-3.8614e+00
 2.2168e+05	 5.6392e+03	 4.1272e+00	 1.0730e+00	 3.6315e+02	 5.7042e+03	-7.5426e+01	 7.5652e+03	 1.9669e+03	-3.8463e+00
 3.3253e+05	 5.6392e+03	 3.8183e+00	 8.9950e-01	 3.6315e+02	 5.7066e+03	-7.6744e+01	 6.0165e+03	 1.4173e+03	-4.2449e+00
 4.9879e+05	 5.6392e+03	-4.3954e+00	 4.6851e+01	 3.6316e+02	 5.7096e+03	 5.3596e+00	 7.7008e+01	-8.2083e+02	 9.3817e-02
 7.4818e+05	 5.6392e+03	 3.5070e+00	 4.5495e-01	 3.6315e+02	 5.7162e+03	-8.2608e+01	 5.2868e+03	 6.8585e+02	-7.7084e+00
 9.0000e+05	 5.6392e+03	 3.4718e+00	 3.8295e-01	 3.6315e+02	 5.7242e+03	-8.3706e+01	 5.2214e+03	 5.7593e+02	-9.0659e+00
 1.0000e+02	 5.7215e+03	 6.2268e+00	 1.5644e-01	 3.6315e+02	 5.7319e+03	-8.8561e+01	 1.1503e+08	 2.8900e+06	-3.9802e+01
 1.5000e+02	 5.7215e+03	 6.1970e+00	 1.3637e-01	 3.6315e+02	 5.7344e+03	-8.8739e+01	 8.7974e+07	 1.9360e+06	-4.5442e+01
 2.2500e+02	 5.7215e+03	 6.1721e+00	 1.2434e-01	 3.6315e+02	 5.7370e+03	-8.8846e+01	 6.4325e+07	 1.2959e+06	-4.9639e+01
 3.3750e+02	 5.7215e+03	 6.1494e+00	 1.1501e-01	 3.6315e+02	 5.7396e+03	-8.8929e+01	 4.6361e+07	 8.6708e+05	-5.3468e+01
 5.0625e+02	 5.7215e+03	 6.1293e+00	 1.1007e-01	 3.6315e+02	 5.7424e+03	-8.8971e+01	 3.2294e+07	 5.7996e+05	-5.5683e+01
 7.5938e+02	 5.7215e+03	 6.1099e+00	 1.0943e-01	 3.6315e+02	 5.7449e+03	-8.8974e+01	 2.1657e+07	 3.8786e+05	-5.5836e+01
 1.1391e+03	 5.7215e+03	 6.0919e+00	 1.1410e-01	 3.6314e+02	 5.7502e+03	-8.8927e+01	 1.3846e+07	 2.5934e+05	-5.3390e+01
 1.7086e+03	 5.7215e+03	 6.0737e+00	 1.2575e-01	 3.6315e+02	 5.7529e+03	-8.8814e+01	 8.3754e+06	 1.7341e+05	-4.8298e+01
 2.5629e+03	 5.7215e+03	 6.0543e+00	 1.4590e-01	 3.6314e+02	 5.7554e+03	-8.8620e+01	 4.8126e+06	 1.1598e+05	-4.1496e+01
 3.8443e+03	 5.7215e+03	 6.0322e+00	 1.7704e-01	 3.6314e+02	 5.7582e+03	-8.8319e+01	 2.6440e+06	 7.7602e+04	-3.4072e+01
 5.7665e+03	 5.7215e+03	 6.0062e+00	 2.2328e-01	 3.6314e+02	 5.7607e+03	-8.7871e+01	 1.3977e+06	 5.1959e+04	-2.6900e+01
 8.6498e+03	 5.7215e+03	 5.9710e+00	 2.8956e-01	 3.6315e+02	 5.7634e+03	-8.7224e+01	 7.1850e+05	 3.4843e+04	-2.0621e+01
 1.2975e+04	 5.7215e+03	 5.9207e+00	 3.8191e-01	 3.6315e+02	 5.7660e+03	-8.6309e+01	 3.6317e+05	 2.3426e+04	-1.5503e+01
 1.9462e+04	 5.7215e+03	 5.8447e+00	 5.0655e-01	 3.6314e+02	 5.7685e+03	-8.5047e+01	 1.8254e+05	 1.5820e+04	-1.1538e+01
 2.9193e+04	 5.7215e+03	 5.7248e+00	 6.6517e-01	 3.6315e+02	 5.7712e+03	-8.3373e+01	 9.2674e+04	 1.0768e+04	-8.6066e+00
 4.3789e+04	 5.7215e+03	 5.5375e+00	 8.4760e-01	 3.6315e+02	 5.7740e+03	-8.1298e+01	 4.8485e+04	 7.4214e+03	-6.5332e+00
 6.5684e+04	 5.7215e+03	 5.2611e+00	 1.0246e+00	 3.6315e+02	 5.7764e+03	-7.8979e+01	 2.6739e+04	 5.2076e+03	-5.1347e+00
 9.8526e+04	 5.7215e+03	 4.8985e+00	 1.1455e+00	 3.6314e+02	 5.7790e+03	-7.6838e+01	 1.5944e+04	 3.7287e+03	-4.2761e+00
 1.4779e+05	 5.7215e+03	 4.4895e+00	 1.1634e+00	 3.6315e+02	 5.7840e+03	-7.5472e+01	 1.0467e+04	 2.7122e+03	-3.8590e+00
 2.2168e+05	 5.7215e+03	 4.1261e+00	 1.0734e+00	 3.6315e+02	 5.7866e+03	-7.5418e+01	 7.5630e+03	 1.9674e+03	-3.8441e+00
 3.3253e+05	 5.7215e+03	 3.8171e+00	 8.9939e-01	 3.6315e+02	 5.7890e+03	-7.6742e+01	 6.0172e+03	 1.4178e+03	-4.2441e+00
 4.9879e+05	 5.7215e+03	-4.3924e+00	 4.6838e+01	 3.6315e+02	 5.7919e+03	 5.3575e+00	 7.7030e+01	-8.2139e+02	 9.3779e-02
 7.4818e+05	 5.7215e+03	 3.5063e+00	 4.5426e-01	 3.6315e+02	 5.7986e+03	-8.2618e+01	 5.2949e+03	 6.8598e+02	-7.7188e+00
 9.0000e+05	 5.7215e+03	 3.4711e+00	 3.8234e-01	 3.6316e+02	 5.8064e+03	-8.3714e+01	 5.2297e+03	 5.7604e+02	-9.0786e+00
 1.0000e+02	 5.8038e+03	 6.2264e+00	 1.5629e-01	 3.6315e+02	 5.8146e+03	-8.8562e+01	 1.1515e+08	 2.8902e+06	-3.9839e+01
 1.5000e+02	 5.8038e+03	 6.1970e+00	 1.3865e-01	 3.6315e+02	 5.8175e+03	-8.8718e+01	 8.6527e+07	 1.9359e+06	-4.4695e+01
 2.2500e+02	 5.8038e+03	 6.1715e+00	 1.2416e-01	 3.6315e+02	 5.8200e+03	-8.8848e+01	 6.4420e+07	 1.2960e+06	-4.9708e+01
 3.3750e+02	 5.8038e+03	 6.1489e+00	 1.1479e-01	 3.6316e+02	 5.8227e+03	-8.8930e+01	 4.6450e+07	 8.6716e+05	-5.3566e+01
 5.0625e+02	 5.8038e+03	 6.1286e+00	 1.0951e-01	 3.6315e+02	 5.8252e+03	-8.8976e+01	 3.2459e+07	 5.8002e+05	-5.5962e+01
 7.5938e+02	 5.8038e+03	 6.1097e+00	 1.0927e-01	 3.6315e+02	 5.8277e+03	-8.8975e+01	 2.1688e+07	 3.8788e+05	-5.5916e+01
 1.1391e+03	 5.8038e+03	 6.0913e+00	 1.1428e-01	 3.6315e+02	 5.8329e+03	-8.8925e+01	 1.3825e+07	 2.5937e+05	-5.3302e+01
 1.7086e+03	 5.8038e+03	 6.0731e+00	 1.2584e-01	 3.6315e+02	 5.8355e+03	-8.8813e+01	 8.3696e+06	 1.7343e+05	-4.8260e+01
 2.5629e+03	 5.8038e+03	 6.0538e+00	 1.4587e-01	 3.6315e+02	 5.8381e+03	-8.8620e+01	 4.8137e+06	 1.1599e+05	-4.1502e+01
 3.8443e+03	 5.8038e+03	 6.0320e+00	 1.7706e-01	 3.6316e+02	 5.8408e+03	-8.8319e+01	 2.6438e+06	 7.7605e+04	-3.4068e+01
 5.7665e+03	 5.8038e+03	 6.0058e+00	 2.2323e-01	 3.6315e+02	 5.8434e+03	-8.7871e+01	 1.3980e+06	 5.1962e+04	-2.6903e+01
 8.6498e+03	 5.8038e+03	 5.9708e+00	 2.8943e-01	 3.6315e+02	 5.8462e+03	-8.7225e+01	 7.1883e+05	 3.4845e+04	-2.0630e+01
 1.2975e+04	 5.8038e+03	 5.9204e+00	 3.8202e-01	 3.6315e+02	 5.8488e+03	-8.6308e+01	 3.6307e+05	 2.3427e+04	-1.5498e+01
 1.9462e+04	 5.8038e+03	 5.8445e+00	 5.0668e-01	 3.6315e+02	 5.8515e+03	-8.5045e+01	 1.8249e+05	 1.5821e+04	-1.1535e+01
 2.9193e+04	 5.8038e+03	 5.7244e+00	 6.6535e-01	 3.6315e+02	 5.8540e+03	-8.3370e+01	 9.2649e+04	 1.0769e+04	-8.6036e+00
 4.3789e+04	 5.8038e+03	 5.5367e+00	 8.4793e-01	 3.6315e+02	 5.8565e+03	-8.1293e+01	 4.8466e+04	 7.4224e+03	-6.5297e+00
 6.5684e+04	 5.8038e+03	 5.2604e+00	 1.0248e+00	 3.6315e+02	 5.8589e+03	-7.8976e+01	 2.6733e+04	 5.2082e+03	-5.1329e+00
 9.8526e+04	 5.8038e+03	 4.8977e+00	 1.1459e+00	 3.6315e+02	 5.8615e+03	-7.6832e+01	 1.5940e+04	 3.7293e+03	-4.2742e+00
 1.4779e+05	 5.8038e+03	 4.4885e+00	 1.1636e+00	 3.6315e+02	 5.8665e+03	-7.5467e+01	 1.0465e+04	 2.7128e+03	-3.8575e+00
 2.2168e+05	 5.8038e+03	 4.1249e+00	 1.0734e+00	 3.6316e+02	 5.8690e+03	-7.5414e+01	 7.5628e+03	 1.9680e+03	-3.8429e+00
 3.3253e+05	 5.8038e+03	 3.8160e+00	 8.9935e-01	 3.6315e+02	 5.8716e+03	-7.6739e+01	 6.0175e+03	 1.4182e+03	-4.2430e+00
 4.9879e+05	 5.8038e+03	-4.3911e+00	 4.6825e+01	 3.6315e+02	 5.8743e+03	 5.3574e+00	 7.7050e+01	-8.2163e+02	 9.3777e-02
 7.4818e+05	 5.8038e+03	 3.5055e+00	 4.5395e-01	 3.6315e+02	 5.8812e+03	-8.2621e+01	 5.2985e+03	 6.8614e+02	-7.7222e+00
 9.0000e+05	 5.8038e+03	 3.4704e+00	 3.8217e-01	 3.6315e+02	 5.8890e+03	-8.3716e+01	 5.2321e+03	 5.7617e+02	-9.0808e+00
 1.0000e+02	 5.8864e+03	 6.2260e+00	 1.5602e-01	 3.6314e+02	 5.8972e+03	-8.8564e+01	 1.1534e+08	 2.8904e+06	-3.9905e+01
 1.5000e+02	 5.8864e+03	 6.1991e+00	 1.3564e-01	 3.6315e+02	 5.8997e+03	-8.8747e+01	 8.8447e+07	 1.9353e+06	-4.5702e+01
 2.2500e+02	 5.8864e+03	 6.1711e+00	 1.2416e-01	 3.6315e+02	 5.9024e+03	-8.8847e+01	 6.4418e+07	 1.2961e+06	-4.9703e+01
 3.3750e+02	 5.8864e+03	 6.1489e+00	 1.1483e-01	 3.6315e+02	 5.9050e+03	-8.8930e+01	 4.6435e+07	 8.6716e+05	-5.3548e+01
 5.0625e+02	 5.8864e+03	 6.1285e+00	 1.0970e-01	 3.6316e+02	 5.9074e+03	-8.8975e+01	 3.2405e+07	 5.8002e+05	-5.5869e+01
 7.5938e+02	 5.8864e+03	 6.1096e+00	 1.0942e-01	 3.6316e+02	 5.9101e+03	-8.8974e+01	 2.1658e+07	 3.8788e+05	-5.5836e+01
 1.1391e+03	 5.8864e+03	 6.0912e+00	 1.1441e-01	 3.6315e+02	 5.9154e+03	-8.8924e+01	 1.3808e+07	 2.5937e+05	-5.3238e+01
 1.7086e+03	 5.8864e+03	 6.0730e+00	 1.2577e-01	 3.6315e+02	 5.9179e+03	-8.8814e+01	 8.3744e+06	 1.7343e+05	-4.8286e+01
 2.5629e+03	 5.8864e+03	 6.0533e+00	 1.4598e-01	 3.6315e+02	 5.9206e+03	-8.8619e+01	 4.8101e+06	 1.1600e+05	-4.1467e+01
 3.8443e+03	 5.8864e+03	 6.0318e+00	 1.7715e-01	 3.6315e+02	 5.9230e+03	-8.8318e+01	 2.6425e+06	 7.7607e+04	-3.4050e+01
 5.7665e+03	 5.8864e+03	 6.0056e+00	 2.2337e-01	 3.6315e+02	 5.9255e+03	-8.7870e+01	 1.3971e+06	 5.1964e+04	-2.6886e+01
 8.6498e+03	 5.8864e+03	 5.9706e+00	 2.8981e-01	 3.6315e+02	 5.9281e+03	-8.7221e+01	 7.1787e+05	 3.4846e+04	-2.0601e+01
 1.2975e+04	 5.8864e+03	 5.9200e+00	 3.8225e-01	 3.6315e+02	 5.9307e+03	-8.6306e+01	 3.6285e+05	 2.3429e+04	-1.5487e+01
 1.9462e+04	 5.8864e+03	 5.8443e+00	 5.0690e-01	 3.6314e+02	 5.9334e+03	-8.5043e+01	 1.8241e+05	 1.5822e+04	-1.1529e+01
 2.9193e+04	 5.8864e+03	 5.7240e+00	 6.6575e-01	 3.6315e+02	 5.9359e+03	-8.3366e+01	 9.2594e+04	 1.0769e+04	-8.5979e+00
 4.3789e+04	 5.8864e+03	 5.5364e+00	 8.4836e-01	 3.6315e+02	 5.9387e+03	-8.1288e+01	 4.8442e+04	 7.4229e+03	-6.5260e+00
 6.5684e+04	 5.8864e+03	 5.2599e+00	 1.0253e+00	 3.6315e+02	 5.9412e+03	-7.8970e+01	 2.6721e+04	 5.2087e+03	-5.1300e+00
 9.8526e+04	 5.8864e+03	 4.8966e+00	 1.1462e+00	 3.6315e+02	 5.9440e+03	-7.6825e+01	 1.5935e+04	 3.7301e+03	-4.2720e+00
 1.4779e+05	 5.8864e+03	 4.4872e+00	 1.1638e+00	 3.6315e+02	 5.9489e+03	-7.5461e+01	 1.0463e+04	 2.7136e+03	-3.8558e+00
 2.2168e+05	 5.8864e+03	 4.1239e+00	 1.0734e+00	 3.6315e+02	 5.9517e+03	-7.5410e+01	 7.5627e+03	 1.9685e+03	-3.8419e+00
 3.3253e+05	 5.8864e+03	 3.8148e+00	 8.9915e-01	 3.6315e+02	 5.9542e+03	-7.6738e+01	 6.0188e+03	 1.4186e+03	-4.2427e+00
 4.9879e+05	 5.8864e+03	-4.3854e+00	 4.6812e+01	 3.6314e+02	 5.9571e+03	 5.3520e+00	 7.7072e+01	-8.2270e+02	 9.3682e-02
 7.4818e+05	 5.8864e+03	 3.5048e+00	 4.5319e-01	 3.6315e+02	 5.9636e+03	-8.2632e+01	 5.3074e+03	 6.8627e+02	-7.7337e+00
 9.0000e+05	 5.8864e+03	 3.4699e+00	 3.8154e-01	 3.6314e+02	 5.9717e+03	-8.3725e+01	 5.2407e+03	 5.7625e+02	-9.0944e+00
 1.0000e+02	 5.9690e+03	 6.2256e+00	 1.5611e-01	 3.6315e+02	 5.9794e+03	-8.8564e+01	 1.1528e+08	 2.8906e+06	-3.9880e+01
 1.5000e+02	 5.9690e+03	 6.1961e+00	 1.3719e-01	 3.6315e+02	 5.9819e+03	-8.8732e+01	 8.7450e+07	 1.9363e+06	-4.5165e+01
 2.2500e+02	 5.9690e+03	 6.1707e+00	 1.2400e-01	 3.6315e+02	 5.9844e+03	-8.8849e+01	 6.4502e+07	 1.2961e+06	-4.9765e+01
 3.3750e+02	 5.9690e+03	 6.1483e+00	 1.1444e-01	 3.6315e+02	 5.9870e+03	-8.8934e+01	 4.6591e+07	 8.6724e+05	-5.3723e+01
 5.0625e+02	 5.9690e+03	 6.1281e+00	 1.0951e-01	 3.6315e+02	 5.9897e+03	-8.8976e+01	 3.2460e+07	 5.8006e+05	-5.5959e+01
 7.5938e+02	 5.9690e+03	 6.1092e+00	 1.0919e-01	 3.6315e+02	 5.9922e+03	-8.8976e+01	 2.1704e+07	 3.8791e+05	-5.5952e+01
 1.1391e+03	 5.9690e+03	 6.0908e+00	 1.1431e-01	 3.6315e+02	 5.9974e+03	-8.8925e+01	 1.3821e+07	 2.5939e+05	-5.3285e+01
 1.7086e+03	 5.9690e+03	 6.0727e+00	 1.2594e-01	 3.6315e+02	 5.9999e+03	-8.8812e+01	 8.3632e+06	 1.7344e+05	-4.8220e+01
 2.5629e+03	 5.9690e+03	 6.0533e+00	 1.4595e-01	 3.6315e+02	 6.0025e+03	-8.8619e+01	 4.8110e+06	 1.1600e+05	-4.1475e+01
 3.8443e+03	 5.9690e+03	 6.0316e+00	 1.7710e-01	 3.6315e+02	 6.0050e+03	-8.8318e+01	 2.6432e+06	 7.7610e+04	-3.4057e+01
 5.7665e+03	 5.9690e+03	 6.0052e+00	 2.2345e-01	 3.6315e+02	 6.0077e+03	-8.7869e+01	 1.3966e+06	 5.1967e+04	-2.6875e+01
 8.6498e+03	 5.9690e+03	 5.9702e+00	 2.8980e-01	 3.6314e+02	 6.0103e+03	-8.7221e+01	 7.1791e+05	 3.4848e+04	-2.0601e+01
 1.2975e+04	 5.9690e+03	 5.9199e+00	 3.8237e-01	 3.6315e+02	 6.0131e+03	-8.6304e+01	 3.6274e+05	 2.3429e+04	-1.5482e+01
 1.9462e+04	 5.9690e+03	 5.8435e+00	 5.0722e-01	 3.6315e+02	 6.0155e+03	-8.5039e+01	 1.8230e+05	 1.5824e+04	-1.1521e+01
 2.9193e+04	 5.9690e+03	 5.7235e+00	 6.6610e-01	 3.6314e+02	 6.0183e+03	-8.3362e+01	 9.2544e+04	 1.0770e+04	-8.5925e+00
 4.3789e+04	 5.9690e+03	 5.5355e+00	 8.4879e-01	 3.6315e+02	 6.0207e+03	-8.1282e+01	 4.8417e+04	 7.4240e+03	-6.5217e+00
 6.5684e+04	 5.9690e+03	 5.2592e+00	 1.0258e+00	 3.6315e+02	 6.0232e+03	-7.8963e+01	 2.6708e+04	 5.2094e+03	-5.1269e+00
 9.8526e+04	 5.9690e+03	 4.8958e+00	 1.1465e+00	 3.6315e+02	 6.0259e+03	-7.6820e+01	 1.5930e+04	 3.7307e+03	-4.2701e+00
 1.4779e+05	 5.9690e+03	 4.4862e+00	 1.1640e+00	 3.6314e+02	 6.0311e+03	-7.5454e+01	 1.0461e+04	 2.7143e+03	-3.8540e+00
 2.2168e+05	 5.9690e+03	 4.1227e+00	 1.0734e+00	 3.6315e+02	 6.0335e+03	-7.5406e+01	 7.5625e+03	 1.9690e+03	-3.8407e+00
 3.3253e+05	 5.9690e+03	 3.8137e+00	 8.9892e-01	 3.6315e+02	 6.0360e+03	-7.6737e+01	 6.0204e+03	 1.4191e+03	-4.2425e+00
 4.9879e+05	 5.9690e+03	-4.3829e+00	 4.6800e+01	 3.6315e+02	 6.0389e+03	 5.3503e+00	 7.7092e+01	-8.2318e+02	 9.3652e-02
 7.4818e+05	 5.9690e+03	 3.5040e+00	 4.5299e-01	 3.6315e+02	 6.0455e+03	-8.2634e+01	 5.3097e+03	 6.8644e+02	-7.7351e+00
 9.0000e+05	 5.9690e+03	 3.4691e+00	 3.8110e-01	 3.6315e+02	 6.0536e+03	-8.3731e+01	 5.2468e+03	 5.7637e+02	-9.1031e+00
 1.0000e+02	 6.0509e+03	 6.2253e+00	 1.5587e-01	 3.6315e+02	 6.0616e+03	-8.8566e+01	 1.1545e+08	 2.8907e+06	-3.9939e+01
 1.5000e+02	 6.0509e+03	 6.1953e+00	 1.3911e-01	 3.6315e+02	 6.0642e+03	-8.8714e+01	 8.6243e+07	 1.9365e+06	-4.4536e+01
 2.2500e+02	 6.0509e+03	 6.1705e+00	 1.2390e-01	 3.6315e+02	 6.0666e+03	-8.8850e+01	 6.4551e+07	 1.2962e+06	-4.9801e+01
 3.3750e+02	 6.0509e+03	 6.1479e+00	 1.1462e-01	 3.6316e+02	 6.0694e+03	-8.8932e+01	 4.6519e+07	 8.6730e+05	-5.3637e+01
 5.0625e+02	 6.0509e+03	 6.1277e+00	 1.0944e-01	 3.6315e+02	 6.0720e+03	-8.8977e+01	 3.2481e+07	 5.8011e+05	-5.5992e+01
 7.5938e+02	 6.0509e+03	 6.1089e+00	 1.0925e-01	 3.6314e+02	 6.0747e+03	-8.8975e+01	 2.1691e+07	 3.8792e+05	-5.5915e+01
 1.1391e+03	 6.0509e+03	 6.0905e+00	 1.1442e-01	 3.6315e+02	 6.0800e+03	-8.8924e+01	 1.3807e+07	 2.5940e+05	-5.3228e+01
 1.7086e+03	 6.0509e+03	 6.0725e+00	 1.2574e-01	 3.6315e+02	 6.0824e+03	-8.8814e+01	 8.3763e+06	 1.7345e+05	-4.8294e+01
 2.5629e+03	 6.0509e+03	 6.0530e+00	 1.4584e-01	 3.6315e+02	 6.0850e+03	-8.8620e+01	 4.8147e+06	 1.1600e+05	-4.1505e+01
 3.8443e+03	 6.0509e+03	 6.0311e+00	 1.7724e-01	 3.6315e+02	 6.0876e+03	-8.8317e+01	 2.6412e+06	 7.7616e+04	-3.4029e+01
 5.7665e+03	 6.0509e+03	 6.0053e+00	 2.2349e-01	 3.6315e+02	 6.0900e+03	-8.7869e+01	 1.3964e+06	 5.1966e+04	-2.6871e+01
 8.6498e+03	 6.0509e+03	 5.9700e+00	 2.8992e-01	 3.6315e+02	 6.0928e+03	-8.7220e+01	 7.1760e+05	 3.4849e+04	-2.0592e+01
 1.2975e+04	 6.0509e+03	 5.9196e+00	 3.8251e-01	 3.6315e+02	 6.0954e+03	-8.6303e+01	 3.6260e+05	 2.3431e+04	-1.5475e+01
 1.9462e+04	 6.0509e+03	 5.8434e+00	 5.0742e-01	 3.6315e+02	 6.0982e+03	-8.5037e+01	 1.8223e+05	 1.5824e+04	-1.1516e+01
 2.9193e+04	 6.0509e+03	 5.7234e+00	 6.6618e-01	 3.6316e+02	 6.1009e+03	-8.3361e+01	 9.2533e+04	 1.0771e+04	-8.5913e+00
 4.3789e+04	 6.0509e+03	 5.5354e+00	 8.4906e-01	 3.6315e+02	 6.1036e+03	-8.1279e+01	 4.8402e+04	 7.4243e+03	-6.5194e+00
 6.5684e+04	 6.0509e+03	 5.2584e+00	 1.0262e+00	 3.6315e+02	 6.1060e+03	-7.8958e+01	 2.6699e+04	 5.2102e+03	-5.1243e+00
 9.8526e+04	 6.0509e+03	 4.8951e+00	 1.1468e+00	 3.6315e+02	 6.1087e+03	-7.6815e+01	 1.5927e+04	 3.7312e+03	-4.2686e+00
 1.4779e+05	 6.0509e+03	 4.4855e+00	 1.1642e+00	 3.6315e+02	 6.1137e+03	-7.5450e+01	 1.0459e+04	 2.7146e+03	-3.8530e+00
 2.2168e+05	 6.0509e+03	 4.1217e+00	 1.0735e+00	 3.6315e+02	 6.1164e+03	-7.5401e+01	 7.5618e+03	 1.9695e+03	-3.8394e+00
 3.3253e+05	 6.0509e+03	 3.8127e+00	 8.9879e-01	 3.6315e+02	 6.1188e+03	-7.6735e+01	 6.0212e+03	 1.4194e+03	-4.2420e+00
 4.9879e+05	 6.0509e+03	-4.3801e+00	 4.6790e+01	 3.6315e+02	 6.1217e+03	 5.3480e+00	 7.7109e+01	-8.2371e+02	 9.3612e-02
 7.4818e+05	 6.0509e+03	 3.5033e+00	 4.5260e-01	 3.6315e+02	 6.1281e+03	-8.2639e+01	 5.3143e+03	 6.8656e+02	-7.7405e+00
 9.0000e+05	 6.0509e+03	 3.4687e+00	 3.8083e-01	 3.6316e+02	 6.1358e+03	-8.3735e+01	 5.2504e+03	 5.7644e+02	-9.1084e+00
 1.0000e+02	 6.1331e+03	 6.2250e+00	 1.5588e-01	 3.6315e+02	 6.1441e+03	-8.8566e+01	 1.1545e+08	 2.8909e+06	-3.9935e+01
 1.5000e+02	 6.1331e+03	 6.1951e+00	 1.3833e-01	 3.6315e+02	 6.1465e+03	-8.8721e+01	 8.6728e+07	 1.9365e+06	-4.4785e+01
 2.2500e+02	 6.1331e+03	 6.1702e+00	 1.2398e-01	 3.6315e+02	 6.1492e+03	-8.8849e+01	 6.4510e+07	 1.2963e+06	-4.9766e+01
 3.3750e+02	 6.1331e+03	 6.1480e+00	 1.1453e-01	 3.6315e+02	 6.1519e+03	-8.8933e+01	 4.6558e+07	 8.6728e+05	-5.3683e+01
 5.0625e+02	 6.1331e+03	 6.1277e+00	 1.0972e-01	 3.6315e+02	 6.1546e+03	-8.8974e+01	 3.2398e+07	 5.8010e+05	-5.5849e+01
 7.5938e+02	 6.1331e+03	 6.1087e+00	 1.0913e-01	 3.6315e+02	 6.1572e+03	-8.8977e+01	 2.1716e+07	 3.8794e+05	-5.5978e+01
 1.1391e+03	 6.1331e+03	 6.0903e+00	 1.1414e-01	 3.6315e+02	 6.1624e+03	-8.8926e+01	 1.3841e+07	 2.5941e+05	-5.3356e+01
 1.7086e+03	 6.1331e+03	 6.0724e+00	 1.2567e-01	 3.6315e+02	 6.1652e+03	-8.8814e+01	 8.3808e+06	 1.7345e+05	-4.8319e+01
 2.5629e+03	 6.1331e+03	 6.0529e+00	 1.4598e-01	 3.6315e+02	 6.1677e+03	-8.8618e+01	 4.8101e+06	 1.1600e+05	-4.1465e+01
 3.8443e+03	 6.1331e+03	 6.0312e+00	 1.7723e-01	 3.6315e+02	 6.1705e+03	-8.8317e+01	 2.6413e+06	 7.7615e+04	-3.4031e+01
 5.7665e+03	 6.1331e+03	 6.0049e+00	 2.2375e-01	 3.6315e+02	 6.1729e+03	-8.7866e+01	 1.3948e+06	 5.1970e+04	-2.6838e+01
 8.6498e+03	 6.1331e+03	 5.9697e+00	 2.8993e-01	 3.6314e+02	 6.1758e+03	-8.7219e+01	 7.1758e+05	 3.4851e+04	-2.0590e+01
 1.2975e+04	 6.1331e+03	 5.9193e+00	 3.8270e-01	 3.6315e+02	 6.1784e+03	-8.6301e+01	 3.6243e+05	 2.3432e+04	-1.5467e+01
 1.9462e+04	 6.1331e+03	 5.8428e+00	 5.0757e-01	 3.6315e+02	 6.1809e+03	-8.5035e+01	 1.8218e+05	 1.5826e+04	-1.1511e+01
 2.9193e+04	 6.1331e+03	 5.7227e+00	 6.6668e-01	 3.6315e+02	 6.1836e+03	-8.3355e+01	 9.2464e+04	 1.0772e+04	-8.5838e+00
 4.3789e+04	 6.1331e+03	 5.5346e+00	 8.4961e-01	 3.6315e+02	 6.1860e+03	-8.1273e+01	 4.8370e+04	 7.4252e+03	-6.5143e+00
 6.5684e+04	 6.1331e+03	 5.2577e+00	 1.0264e+00	 3.6315e+02	 6.1886e+03	-7.8953e+01	 2.6692e+04	 5.2109e+03	-5.1223e+00
 9.8526e+04	 6.1331e+03	 4.8942e+00	 1.1472e+00	 3.6315e+02	 6.1912e+03	-7.6808e+01	 1.5921e+04	 3.7320e+03	-4.2662e+00
 1.4779e+05	 6.1331e+03	 4.4844e+00	 1.1643e+00	 3.6316e+02	 6.1964e+03	-7.5445e+01	 1.0458e+04	 2.7153e+03	-3.8515e+00
 2.2168e+05	 6.1331e+03	 4.1206e+00	 1.0735e+00	 3.6315e+02	 6.1988e+03	-7.5398e+01	 7.5618e+03	 1.9701e+03	-3.8384e+00
 3.3253e+05	 6.1331e+03	 3.8117e+00	 8.9862e-01	 3.6315e+02	 6.2015e+03	-7.6735e+01	 6.0224e+03	 1.4198e+03	-4.2418e+00
 4.9879e+05	 6.1331e+03	-4.3761e+00	 4.6778e+01	 3.6315e+02	 6.2042e+03	 5.3445e+00	 7.7128e+01	-8.2446e+02	 9.3550e-02
 7.4818e+05	 6.1331e+03	 3.5027e+00	 4.5241e-01	 3.6315e+02	 6.2109e+03	-8.2640e+01	 5.3165e+03	 6.8669e+02	-7.7423e+00
 9.0000e+05	 6.1331e+03	 3.4680e+00	 3.8038e-01	 3.6315e+02	 6.2186e+03	-8.3741e+01	 5.2567e+03	 5.7656e+02	-9.1173e+00
 1.0000e+02	 6.2159e+03	 6.2245e+00	 1.5568e-01	 3.6315e+02	 6.2263e+03	-8.8567e+01	 1.1559e+08	 2.8911e+06	-3.9982e+01
 1.5000e+02	 6.2159e+03	 6.1938e+00	 1.3710e-01	 3.6315e+02	 6.2289e+03	-8.8732e+01	 8.7508e+07	 1.9370e+06	-4.5178e+01
 2.2500e+02	 6.2159e+03	 6.1698e+00	 1.2382e-01	 3.6315e+02	 6.2314e+03	-8.8850e+01	 6.4597e+07	 1.2963e+06	-4.9830e+01
 3.3750e+02	 6.2159e+03	 6.1476e+00	 1.1443e-01	 3.6315e+02	 6.2340e+03	-8.8934e+01	 4.6598e+07	 8.6733e+05	-5.3726e+01
 5.0625e+02	 6.2159e+03	 6.1270e+00	 1.0945e-01	 3.6315e+02	 6.2366e+03	-8.8977e+01	 3.2477e+07	 5.8017e+05	-5.5979e+01
 7.5938e+02	 6.2159e+03	 6.1083e+00	 1.0907e-01	 3.6315e+02	 6.2392e+03	-8.8977e+01	 2.1728e+07	 3.8796e+05	-5.6006e+01
 1.1391e+03	 6.2159e+03	 6.0900e+00	 1.1426e-01	 3.6315e+02	 6.2444e+03	-8.8925e+01	 1.3827e+07	 2.5942e+05	-5.3298e+01
 1.7086e+03	 6.2159e+03	 6.0719e+00	 1.2581e-01	 3.6315e+02	 6.2470e+03	-8.8813e+01	 8.3720e+06	 1.7346e+05	-4.8264e+01
 2.5629e+03	 6.2159e+03	 6.0526e+00	 1.4605e-01	 3.6314e+02	 6.2495e+03	-8.8618e+01	 4.8077e+06	 1.1601e+05	-4.1442e+01
 3.8443e+03	 6.2159e+03	 6.0308e+00	 1.7727e-01	 3.6315e+02	 6.2520e+03	-8.8316e+01	 2.6407e+06	 7.7620e+04	-3.4021e+01
 5.7665e+03	 6.2159e+03	 6.0046e+00	 2.2365e-01	 3.6315e+02	 6.2545e+03	-8.7867e+01	 1.3954e+06	 5.1973e+04	-2.6848e+01
 8.6498e+03	 6.2159e+03	 5.9694e+00	 2.9021e-01	 3.6315e+02	 6.2571e+03	-8.7217e+01	 7.1689e+05	 3.4852e+04	-2.0569e+01
 1.2975e+04	 6.2159e+03	 5.9192e+00	 3.8294e-01	 3.6316e+02	 6.2597e+03	-8.6298e+01	 3.6219e+05	 2.3432e+04	-1.5457e+01
 1.9462e+04	 6.2159e+03	 5.8429e+00	 5.0770e-01	 3.6315e+02	 6.2622e+03	-8.5034e+01	 1.8213e+05	 1.5825e+04	-1.1509e+01
 2.9193e+04	 6.2159e+03	 5.7227e+00	 6.6692e-01	 3.6315e+02	 6.2649e+03	-8.3353e+01	 9.2431e+04	 1.0772e+04	-8.5808e+00
 4.3789e+04	 6.2159e+03	 5.5341e+00	 8.4978e-01	 3.6315e+02	 6.2675e+03	-8.1270e+01	 4.8361e+04	 7.4260e+03	-6.5124e+00
 6.5684e+04	 6.2159e+03	 5.2570e+00	 1.0269e+00	 3.6314e+02	 6.2700e+03	-7.8947e+01	 2.6679e+04	 5.2116e+03	-5.1193e+00
 9.8526e+04	 6.2159e+03	 4.8934e+00	 1.1475e+00	 3.6315e+02	 6.2726e+03	-7.6803e+01	 1.5918e+04	 3.7325e+03	-4.2646e+00
 1.4779e+05	 6.2159e+03	 4.4835e+00	 1.1645e+00	 3.6315e+02	 6.2779e+03	-7.5440e+01	 1.0456e+04	 2.7159e+03	-3.8501e+00
 2.2168e+05	 6.2159e+03	 4.1195e+00	 1.0734e+00	 3.6315e+02	 6.2803e+03	-7.5395e+01	 7.5626e+03	 1.9706e+03	-3.8378e+00
 3.3253e+05	 6.2159e+03	 3.8106e+00	 8.9833e-01	 3.6315e+02	 6.2827e+03	-7.6735e+01	 6.0243e+03	 1.4202e+03	-4.2419e+00
 4.9879e+05	 6.2159e+03	-4.3718e+00	 4.6768e+01	 3.6315e+02	 6.2857e+03	 5.3404e+00	 7.7145e+01	-8.2527e+02	 9.3479e-02
 7.4818e+05	 6.2159e+03	 3.5021e+00	 4.5167e-01	 3.6315e+02	 6.2921e+03	-8.2651e+01	 5.3252e+03	 6.8680e+02	-7.7537e+00
 9.0000e+05	 6.2159e+03	 3.4676e+00	 3.7981e-01	 3.6315e+02	 6.3002e+03	-8.3749e+01	 5.2645e+03	 5.7663e+02	-9.1297e+00
 1.0000e+02	 6.2975e+03	 6.2243e+00	 1.5555e-01	 3.6315e+02	 6.3080e+03	-8.8568e+01	 1.1569e+08	 2.8912e+06	-4.0015e+01
 1.5000e+02	 6.2975e+03	 6.1954e+00	 1.3712e-01	 3.6314e+02	 6.3104e+03	-8.8732e+01	 8.7496e+07	 1.9365e+06	-4.5184e+01
 2.2500e+02	 6.2975e+03	 6.1695e+00	 1.2385e-01	 3.6315e+02	 6.3132e+03	-8.8850e+01	 6.4579e+07	 1.2964e+06	-4.9815e+01
 3.3750e+02	 6.2975e+03	 6.1472e+00	 1.1436e-01	 3.6315e+02	 6.3159e+03	-8.8934e+01	 4.6627e+07	 8.6740e+05	-5.3755e+01
 5.0625e+02	 6.2975e+03	 6.1270e+00	 1.0935e-01	 3.6314e+02	 6.3186e+03	-8.8978e+01	 3.2508e+07	 5.8017e+05	-5.6031e+01
 7.5938e+02	 6.2975e+03	 6.1080e+00	 1.0906e-01	 3.6315e+02	 6.3212e+03	-8.8977e+01	 2.1730e+07	 3.8799e+05	-5.6007e+01
 1.1391e+03	 6.2975e+03	 6.0896e+00	 1.1392e-01	 3.6315e+02	 6.3264e+03	-8.8928e+01	 1.3868e+07	 2.5944e+05	-5.3455e+01
 1.7086e+03	 6.2975e+03	 6.0716e+00	 1.2568e-01	 3.6315e+02	 6.3290e+03	-8.8814e+01	 8.3804e+06	 1.7347e+05	-4.8310e+01
 2.5629e+03	 6.2975e+03	 6.0522e+00	 1.4604e-01	 3.6314e+02	 6.3316e+03	-8.8618e+01	 4.8079e+06	 1.1602e+05	-4.1440e+01
 3.8443e+03	 6.2975e+03	 6.0304e+00	 1.7733e-01	 3.6315e+02	 6.3340e+03	-8.8316e+01	 2.6397e+06	 7.7624e+04	-3.4006e+01
 5.7665e+03	 6.2975e+03	 6.0043e+00	 2.2382e-01	 3.6315e+02	 6.3364e+03	-8.7865e+01	 1.3943e+06	 5.1975e+04	-2.6826e+01
 8.6498e+03	 6.2975e+03	 5.9692e+00	 2.9041e-01	 3.6315e+02	 6.3390e+03	-8.7215e+01	 7.1640e+05	 3.4854e+04	-2.0555e+01
 1.2975e+04	 6.2975e+03	 5.9188e+00	 3.8307e-01	 3.6315e+02	 6.3417e+03	-8.6297e+01	 3.6207e+05	 2.3433e+04	-1.5451e+01
 1.9462e+04	 6.2975e+03	 5.8425e+00	 5.0811e-01	 3.6316e+02	 6.3442e+03	-8.5030e+01	 1.8198e+05	 1.5826e+04	-1.1499e+01
 2.9193e+04	 6.2975e+03	 5.7220e+00	 6.6714e-01	 3.6315e+02	 6.3469e+03	-8.3350e+01	 9.2401e+04	 1.0773e+04	-8.5769e+00
 4.3789e+04	 6.2975e+03	 5.5335e+00	 8.5016e-01	 3.6315e+02	 6.3494e+03	-8.1265e+01	 4.8339e+04	 7.4268e+03	-6.5088e+00
 6.5684e+04	 6.2975e+03	 5.2563e+00	 1.0270e+00	 3.6315e+02	 6.3518e+03	-7.8944e+01	 2.6676e+04	 5.2123e+03	-5.1180e+00
 9.8526e+04	 6.2975e+03	 4.8926e+00	 1.1477e+00	 3.6315e+02	 6.3545e+03	-7.6798e+01	 1.5914e+04	 3.7331e+03	-4.2630e+00
 1.4779e+05	 6.2975e+03	 4.4827e+00	 1.1647e+00	 3.6315e+02	 6.3597e+03	-7.5436e+01	 1.0455e+04	 2.7164e+03	-3.8488e+00
 2.2168e+05	 6.2975e+03	 4.1188e+00	 1.0734e+00	 3.6315e+02	 6.3622e+03	-7.5392e+01	 7.5624e+03	 1.9709e+03	-3.8370e+00
 3.3253e+05	 6.2975e+03	 3.8098e+00	 8.9808e-01	 3.6314e+02	 6.3647e+03	-7.6736e+01	 6.0260e+03	 1.4205e+03	-4.2421e+00
 4.9879e+05	 6.2975e+03	-4.3683e+00	 4.6757e+01	 3.6315e+02	 6.3675e+03	 5.3374e+00	 7.7162e+01	-8.2592e+02	 9.3425e-02
 7.4818e+05	 6.2975e+03	 3.5016e+00	 4.5120e-01	 3.6315e+02	 6.3740e+03	-8.2658e+01	 5.3308e+03	 6.8691e+02	-7.7606e+00
 9.0000e+05	 6.2975e+03	 3.4671e+00	 3.7945e-01	 3.6315e+02	 6.3822e+03	-8.3754e+01	 5.2696e+03	 5.7672e+02	-9.1371e+00
 1.0000e+02	 6.3795e+03	 6.2241e+00	 1.5569e-01	 3.6315e+02	 6.3901e+03	-8.8567e+01	 1.1559e+08	 2.8913e+06	-3.9977e+01
 1.5000e+02	 6.3795e+03	 6.1954e+00	 1.3743e-01	 3.6315e+02	 6.3928e+03	-8.8729e+01	 8.7299e+07	 1.9364e+06	-4.5082e+01
 2.2500e+02	 6.3795e+03	 6.1694e+00	 1.2372e-01	 3.6315e+02	 6.3953e+03	-8.8851e+01	 6.4646e+07	 1.2964e+06	-4.9865e+01
 3.3750e+02	 6.3795e+03	 6.1472e+00	 1.1431e-01	 3.6315e+02	 6.3980e+03	-8.8935e+01	 4.6646e+07	 8.6739e+05	-5.3778e+01
 5.0625e+02	 6.3795e+03	 6.1269e+00	 1.0936e-01	 3.6315e+02	 6.4005e+03	-8.8977e+01	 3.2504e+07	 5.8018e+05	-5.6024e+01
 7.5938e+02	 6.3795e+03	 6.1079e+00	 1.0912e-01	 3.6315e+02	 6.4030e+03	-8.8977e+01	 2.1718e+07	 3.8799e+05	-5.5976e+01
 1.1391e+03	 6.3795e+03	 6.0894e+00	 1.1420e-01	 3.6315e+02	 6.4082e+03	-8.8926e+01	 1.3834e+07	 2.5945e+05	-5.3321e+01
 1.7086e+03	 6.3795e+03	 6.0714e+00	 1.2582e-01	 3.6314e+02	 6.4109e+03	-8.8813e+01	 8.3711e+06	 1.7348e+05	-4.8255e+01
 2.5629e+03	 6.3795e+03	 6.0520e+00	 1.4602e-01	 3.6315e+02	 6.4134e+03	-8.8618e+01	 4.8086e+06	 1.1602e+05	-4.1445e+01
 3.8443e+03	 6.3795e+03	 6.0303e+00	 1.7737e-01	 3.6315e+02	 6.4162e+03	-8.8315e+01	 2.6392e+06	 7.7626e+04	-3.3998e+01
 5.7665e+03	 6.3795e+03	 6.0043e+00	 2.2379e-01	 3.6315e+02	 6.4186e+03	-8.7865e+01	 1.3945e+06	 5.1975e+04	-2.6830e+01
 8.6498e+03	 6.3795e+03	 5.9690e+00	 2.9037e-01	 3.6315e+02	 6.4215e+03	-8.7215e+01	 7.1650e+05	 3.4855e+04	-2.0557e+01
 1.2975e+04	 6.3795e+03	 5.9185e+00	 3.8325e-01	 3.6315e+02	 6.4241e+03	-8.6295e+01	 3.6191e+05	 2.3435e+04	-1.5443e+01
 1.9462e+04	 6.3795e+03	 5.8419e+00	 5.0827e-01	 3.6315e+02	 6.4267e+03	-8.5028e+01	 1.8192e+05	 1.5828e+04	-1.1494e+01
 2.9193e+04	 6.3795e+03	 5.7215e+00	 6.6747e-01	 3.6315e+02	 6.4294e+03	-8.3346e+01	 9.2354e+04	 1.0774e+04	-8.5719e+00
 4.3789e+04	 6.3795e+03	 5.5331e+00	 8.5048e-01	 3.6315e+02	 6.4321e+03	-8.1262e+01	 4.8321e+04	 7.4273e+03	-6.5059e+00
 6.5684e+04	 6.3795e+03	 5.2560e+00	 1.0275e+00	 3.6315e+02	 6.4345e+03	-7.8939e+01	 2.6665e+04	 5.2126e+03	-5.1155e+00
 9.8526e+04	 6.3795e+03	 4.8919e+00	 1.1480e+00	 3.6315e+02	 6.4372e+03	-7.6793e+01	 1.5910e+04	 3.7337e+03	-4.2612e+00
 1.4779e+05	 6.3795e+03	 4.4817e+00	 1.1648e+00	 3.6315e+02	 6.4423e+03	-7.5431e+01	 1.0453e+04	 2.7169e+03	-3.8475e+00
 2.2168e+05	 6.3795e+03	 4.1178e+00	 1.0735e+00	 3.6315e+02	 6.4450e+03	-7.5389e+01	 7.5622e+03	 1.9714e+03	-3.8360e+00
 3.3253e+05	 6.3795e+03	 3.8089e+00	 8.9788e-01	 3.6315e+02	 6.4475e+03	-7.6736e+01	 6.0273e+03	 1.4208e+03	-4.2421e+00
 4.9879e+05	 6.3795e+03	-4.3664e+00	 4.6749e+01	 3.6315e+02	 6.4502e+03	 5.3360e+00	 7.7176e+01	-8.2629e+02	 9.3400e-02
 7.4818e+05	 6.3795e+03	 3.5011e+00	 4.5103e-01	 3.6315e+02	 6.4568e+03	-8.2659e+01	 5.3328e+03	 6.8701e+02	-7.7624e+00
 9.0000e+05	 6.3795e+03	 3.4667e+00	 3.7920e-01	 3.6316e+02	 6.4646e+03	-8.3758e+01	 5.2730e+03	 5.7677e+02	-9.1422e+00
 1.0000e+02	 6.4619e+03	 6.2234e+00	 1.5544e-01	 3.6315e+02	 6.4728e+03	-8.8569e+01	 1.1578e+08	 2.8916e+06	-4.0038e+01
 1.5000e+02	 6.4619e+03	 6.1920e+00	 1.3780e-01	 3.6315e+02	 6.4753e+03	-8.8725e+01	 8.7061e+07	 1.9375e+06	-4.4934e+01
 2.2500e+02	 6.4619e+03	 6.1689e+00	 1.2333e-01	 3.6315e+02	 6.4779e+03	-8.8855e+01	 6.4852e+07	 1.2965e+06	-5.0020e+01
 3.3750e+02	 6.4619e+03	 6.1469e+00	 1.1428e-01	 3.6315e+02	 6.4805e+03	-8.8935e+01	 4.6658e+07	 8.6743e+05	-5.3789e+01
 5.0625e+02	 6.4619e+03	 6.1264e+00	 1.0952e-01	 3.6315e+02	 6.4832e+03	-8.8976e+01	 3.2456e+07	 5.8023e+05	-5.5937e+01
 7.5938e+02	 6.4619e+03	 6.1075e+00	 1.0909e-01	 3.6315e+02	 6.4858e+03	-8.8977e+01	 2.1724e+07	 3.8802e+05	-5.5986e+01
 1.1391e+03	 6.4619e+03	 6.0893e+00	 1.1385e-01	 3.6316e+02	 6.4909e+03	-8.8929e+01	 1.3876e+07	 2.5945e+05	-5.3483e+01
 1.7086e+03	 6.4619e+03	 6.0710e+00	 1.2573e-01	 3.6315e+02	 6.4934e+03	-8.8814e+01	 8.3772e+06	 1.7349e+05	-4.8287e+01
 2.5629e+03	 6.4619e+03	 6.0517e+00	 1.4596e-01	 3.6316e+02	 6.4961e+03	-8.8618e+01	 4.8106e+06	 1.1603e+05	-4.1461e+01
 3.8443e+03	 6.4619e+03	 6.0303e+00	 1.7733e-01	 3.6316e+02	 6.4986e+03	-8.8316e+01	 2.6398e+06	 7.7627e+04	-3.4006e+01
 5.7665e+03	 6.4619e+03	 6.0039e+00	 2.2382e-01	 3.6315e+02	 6.5010e+03	-8.7865e+01	 1.3943e+06	 5.1978e+04	-2.6825e+01
 8.6498e+03	 6.4619e+03	 5.9686e+00	 2.9036e-01	 3.6316e+02	 6.5037e+03	-8.7215e+01	 7.1652e+05	 3.4857e+04	-2.0556e+01
 1.2975e+04	 6.4619e+03	 5.9183e+00	 3.8324e-01	 3.6315e+02	 6.5063e+03	-8.6295e+01	 3.6191e+05	 2.3436e+04	-1.5443e+01
 1.9462e+04	 6.4619e+03	 5.8416e+00	 5.0850e-01	 3.6315e+02	 6.5089e+03	-8.5025e+01	 1.8184e+05	 1.5829e+04	-1.1488e+01
 2.9193e+04	 6.4619e+03	 5.7211e+00	 6.6762e-01	 3.6315e+02	 6.5114e+03	-8.3344e+01	 9.2335e+04	 1.0775e+04	-8.5694e+00
 4.3789e+04	 6.4619e+03	 5.5327e+00	 8.5061e-01	 3.6316e+02	 6.5139e+03	-8.1260e+01	 4.8314e+04	 7.4278e+03	-6.5044e+00
 6.5684e+04	 6.4619e+03	 5.2552e+00	 1.0276e+00	 3.6315e+02	 6.5164e+03	-7.8936e+01	 2.6662e+04	 5.2134e+03	-5.1142e+00
 9.8526e+04	 6.4619e+03	 4.8912e+00	 1.1482e+00	 3.6315e+02	 6.5190e+03	-7.6789e+01	 1.5908e+04	 3.7342e+03	-4.2599e+00
 1.4779e+05	 6.4619e+03	 4.4810e+00	 1.1648e+00	 3.6316e+02	 6.5241e+03	-7.5428e+01	 1.0453e+04	 2.7174e+03	-3.8468e+00
 2.2168e+05	 6.4619e+03	 4.1168e+00	 1.0734e+00	 3.6315e+02	 6.5265e+03	-7.5386e+01	 7.5624e+03	 1.9719e+03	-3.8352e+00
 3.3253e+05	 6.4619e+03	 3.8082e+00	 8.9782e-01	 3.6315e+02	 6.5294e+03	-7.6734e+01	 6.0277e+03	 1.4211e+03	-4.2416e+00
 4.9879e+05	 6.4619e+03	-4.3628e+00	 4.6740e+01	 3.6314e+02	 6.5322e+03	 5.3326e+00	 7.7190e+01	-8.2697e+02	 9.3341e-02
 7.4818e+05	 6.4619e+03	 3.5006e+00	 4.5057e-01	 3.6315e+02	 6.5390e+03	-8.2666e+01	 5.3383e+03	 6.8710e+02	-7.7693e+00
 9.0000e+05	 6.4619e+03	 3.4662e+00	 3.7896e-01	 3.6315e+02	 6.5465e+03	-8.3761e+01	 5.2763e+03	 5.7686e+02	-9.1466e+00
 1.0000e+02	 6.5438e+03	 6.2234e+00	 1.5517e-01	 3.6315e+02	 6.5548e+03	-8.8572e+01	 1.1597e+08	 2.8916e+06	-4.0106e+01
 1.5000e+02	 6.5438e+03	 6.1938e+00	 1.3709e-01	 3.6315e+02	 6.5572e+03	-8.8732e+01	 8.7513e+07	 1.9369e+06	-4.5181e+01
 2.2500e+02	 6.5438e+03	 6.1688e+00	 1.2344e-01	 3.6314e+02	 6.5597e+03	-8.8854e+01	 6.4795e+07	 1.2965e+06	-4.9975e+01
 3.3750e+02	 6.5438e+03	 6.1465e+00	 1.1423e-01	 3.6315e+02	 6.5624e+03	-8.8935e+01	 4.6678e+07	 8.6750e+05	-5.3807e+01
 5.0625e+02	 6.5438e+03	 6.1261e+00	 1.0924e-01	 3.6315e+02	 6.5649e+03	-8.8978e+01	 3.2540e+07	 5.8025e+05	-5.6079e+01
 7.5938e+02	 6.5438e+03	 6.1072e+00	 1.0897e-01	 3.6316e+02	 6.5675e+03	-8.8978e+01	 2.1747e+07	 3.8803e+05	-5.6045e+01
 1.1391e+03	 6.5438e+03	 6.0889e+00	 1.1398e-01	 3.6315e+02	 6.5727e+03	-8.8928e+01	 1.3861e+07	 2.5947e+05	-5.3419e+01
 1.7086e+03	 6.5438e+03	 6.0708e+00	 1.2576e-01	 3.6315e+02	 6.5752e+03	-8.8813e+01	 8.3753e+06	 1.7349e+05	-4.8274e+01
 2.5629e+03	 6.5438e+03	 6.0517e+00	 1.4622e-01	 3.6315e+02	 6.5777e+03	-8.8616e+01	 4.8021e+06	 1.1603e+05	-4.1388e+01
 3.8443e+03	 6.5438e+03	 6.0300e+00	 1.7749e-01	 3.6315e+02	 6.5804e+03	-8.8314e+01	 2.6374e+06	 7.7630e+04	-3.3974e+01
 5.7665e+03	 6.5438e+03	 6.0038e+00	 2.2387e-01	 3.6315e+02	 6.5828e+03	-8.7865e+01	 1.3940e+06	 5.1979e+04	-2.6818e+01
 8.6498e+03	 6.5438e+03	 5.9686e+00	 2.9047e-01	 3.6315e+02	 6.5855e+03	-8.7214e+01	 7.1625e+05	 3.4857e+04	-2.0548e+01
 1.2975e+04	 6.5438e+03	 5.9179e+00	 3.8350e-01	 3.6315e+02	 6.5880e+03	-8.6292e+01	 3.6167e+05	 2.3437e+04	-1.5431e+01
 1.9462e+04	 6.5438e+03	 5.8413e+00	 5.0871e-01	 3.6315e+02	 6.5905e+03	-8.5023e+01	 1.8177e+05	 1.5830e+04	-1.1483e+01
 2.9193e+04	 6.5438e+03	 5.7208e+00	 6.6801e-01	 3.6315e+02	 6.5932e+03	-8.3340e+01	 9.2280e+04	 1.0775e+04	-8.5640e+00
 4.3789e+04	 6.5438e+03	 5.5323e+00	 8.5105e-01	 3.6316e+02	 6.5956e+03	-8.1255e+01	 4.8289e+04	 7.4284e+03	-6.5005e+00
 6.5684e+04	 6.5438e+03	 5.2546e+00	 1.0278e+00	 3.6315e+02	 6.5984e+03	-7.8932e+01	 2.6655e+04	 5.2140e+03	-5.1123e+00
 9.8526e+04	 6.5438e+03	 4.8904e+00	 1.1483e+00	 3.6316e+02	 6.6009e+03	-7.6785e+01	 1.5905e+04	 3.7348e+03	-4.2586e+00
 1.4779e+05	 6.5438e+03	 4.4801e+00	 1.1649e+00	 3.6315e+02	 6.6060e+03	-7.5425e+01	 1.0453e+04	 2.7179e+03	-3.8460e+00
 2.2168e+05	 6.5438e+03	 4.1159e+00	 1.0733e+00	 3.6315e+02	 6.6085e+03	-7.5384e+01	 7.5631e+03	 1.9723e+03	-3.8347e+00
 3.3253e+05	 6.5438e+03	 3.8074e+00	 8.9753e-01	 3.6316e+02	 6.6112e+03	-7.6736e+01	 6.0297e+03	 1.4214e+03	-4.2421e+00
 4.9879e+05	 6.5438e+03	-4.3587e+00	 4.6731e+01	 3.6315e+02	 6.6140e+03	 5.3287e+00	 7.7205e+01	-8.2773e+02	 9.3272e-02
 7.4818e+05	 6.5438e+03	 3.5001e+00	 4.5033e-01	 3.6315e+02	 6.6204e+03	-8.2669e+01	 5.3411e+03	 6.8719e+02	-7.7725e+00
 9.0000e+05	 6.5438e+03	 3.4658e+00	 3.7847e-01	 3.6316e+02	 6.6283e+03	-8.3768e+01	 5.2832e+03	 5.7692e+02	-9.1576e+00
 1.0000e+02	 6.6256e+03	 6.2227e+00	 1.5525e-01	 3.6315e+02	 6.6362e+03	-8.8571e+01	 1.1592e+08	 2.8919e+06	-4.0082e+01
 1.5000e+02	 6.6256e+03	 6.1928e+00	 1.3759e-01	 3.6316e+02	 6.6389e+03	-8.8727e+01	 8.7193e+07	 1.9373e+06	-4.5008e+01
 2.2500e+02	 6.6256e+03	 6.1685e+00	 1.2338e-01	 3.6315e+02	 6.6414e+03	-8.8854e+01	 6.4825e+07	 1.2966e+06	-4.9996e+01
 3.3750e+02	 6.6256e+03	 6.1461e+00	 1.1400e-01	 3.6315e+02	 6.6442e+03	-8.8937e+01	 4.6771e+07	 8.6755e+05	-5.3912e+01
 5.0625e+02	 6.6256e+03	 6.1259e+00	 1.0914e-01	 3.6314e+02	 6.6467e+03	-8.8979e+01	 3.2570e+07	 5.8028e+05	-5.6128e+01
 7.5938e+02	 6.6256e+03	 6.1070e+00	 1.0877e-01	 3.6315e+02	 6.6494e+03	-8.8980e+01	 2.1788e+07	 3.8805e+05	-5.6147e+01
 1.1391e+03	 6.6256e+03	 6.0890e+00	 1.1417e-01	 3.6315e+02	 6.6544e+03	-8.8926e+01	 1.3838e+07	 2.5946e+05	-5.3335e+01
 1.7086e+03	 6.6256e+03	 6.0709e+00	 1.2577e-01	 3.6315e+02	 6.6570e+03	-8.8813e+01	 8.3743e+06	 1.7349e+05	-4.8269e+01
 2.5629e+03	 6.6256e+03	 6.0515e+00	 1.4607e-01	 3.6315e+02	 6.6595e+03	-8.8617e+01	 4.8070e+06	 1.1603e+05	-4.1428e+01
 3.8443e+03	 6.6256e+03	 6.0296e+00	 1.7748e-01	 3.6315e+02	 6.6624e+03	-8.8314e+01	 2.6376e+06	 7.7635e+04	-3.3974e+01
 5.7665e+03	 6.6256e+03	 6.0034e+00	 2.2408e-01	 3.6315e+02	 6.6649e+03	-8.7862e+01	 1.3927e+06	 5.1983e+04	-2.6792e+01
 8.6498e+03	 6.6256e+03	 5.9684e+00	 2.9065e-01	 3.6315e+02	 6.6676e+03	-8.7212e+01	 7.1580e+05	 3.4858e+04	-2.0535e+01
 1.2975e+04	 6.6256e+03	 5.9178e+00	 3.8364e-01	 3.6315e+02	 6.6702e+03	-8.6291e+01	 3.6154e+05	 2.3437e+04	-1.5426e+01
 1.9462e+04	 6.6256e+03	 5.8415e+00	 5.0881e-01	 3.6315e+02	 6.6729e+03	-8.5022e+01	 1.8173e+05	 1.5829e+04	-1.1481e+01
 2.9193e+04	 6.6256e+03	 5.7206e+00	 6.6806e-01	 3.6315e+02	 6.6755e+03	-8.3339e+01	 9.2273e+04	 1.0776e+04	-8.5630e+00
 4.3789e+04	 6.6256e+03	 5.5319e+00	 8.5123e-01	 3.6315e+02	 6.6782e+03	-8.1252e+01	 4.8278e+04	 7.4289e+03	-6.4987e+00
 6.5684e+04	 6.6256e+03	 5.2542e+00	 1.0282e+00	 3.6315e+02	 6.6807e+03	-7.8927e+01	 2.6645e+04	 5.2143e+03	-5.1099e+00
 9.8526e+04	 6.6256e+03	 4.8897e+00	 1.1486e+00	 3.6315e+02	 6.6835e+03	-7.6781e+01	 1.5903e+04	 3.7354e+03	-4.2572e+00
 1.4779e+05	 6.6256e+03	 4.4795e+00	 1.1652e+00	 3.6315e+02	 6.6885e+03	-7.5419e+01	 1.0450e+04	 2.7183e+03	-3.8443e+00
 2.2168e+05	 6.6256e+03	 4.1153e+00	 1.0733e+00	 3.6315e+02	 6.6911e+03	-7.5382e+01	 7.5632e+03	 1.9726e+03	-3.8342e+00
 3.3253e+05	 6.6256e+03	 3.8067e+00	 8.9747e-01	 3.6315e+02	 6.6935e+03	-7.6734e+01	 6.0301e+03	 1.4216e+03	-4.2416e+00
 4.9879e+05	 6.6256e+03	-4.3567e+00	 4.6724e+01	 3.6315e+02	 6.6962e+03	 5.3270e+00	 7.7217e+01	-8.2812e+02	 9.3243e-02
 7.4818e+05	 6.6256e+03	 3.4997e+00	 4.4999e-01	 3.6315e+02	 6.7027e+03	-8.2673e+01	 5.3451e+03	 6.8728e+02	-7.7772e+00
 9.0000e+05	 6.6256e+03	 3.4655e+00	 3.7815e-01	 3.6315e+02	 6.7104e+03	-8.3773e+01	 5.2876e+03	 5.7699e+02	-9.1642e+00
 1.0000e+02	 6.7077e+03	 6.2226e+00	 1.5526e-01	 3.6315e+02	 6.7182e+03	-8.8571e+01	 1.1591e+08	 2.8920e+06	-4.0078e+01
 1.5000e+02	 6.7077e+03	 6.1942e+00	 1.3814e-01	 3.6315e+02	 6.7209e+03	-8.8722e+01	 8.6848e+07	 1.9368e+06	-4.4840e+01
 2.2500e+02	 6.7077e+03	 6.1682e+00	 1.2328e-01	 3.6314e+02	 6.7234e+03	-8.8855e+01	 6.4880e+07	 1.2967e+06	-5.0036e+01
 3.3750e+02	 6.7077e+03	 6.1458e+00	 1.1400e-01	 3.6315e+02	 6.7261e+03	-8.8937e+01	 4.6772e+07	 8.6759e+05	-5.3911e+01
 5.0625e+02	 6.7077e+03	 6.1259e+00	 1.0908e-01	 3.6315e+02	 6.7286e+03	-8.8980e+01	 3.2588e+07	 5.8028e+05	-5.6159e+01
 7.5938e+02	 6.7077e+03	 6.1068e+00	 1.0866e-01	 3.6315e+02	 6.7314e+03	-8.8981e+01	 2.1809e+07	 3.8806e+05	-5.6200e+01
 1.1391e+03	 6.7077e+03	 6.0888e+00	 1.1384e-01	 3.6315e+02	 6.7364e+03	-8.8929e+01	 1.3878e+07	 2.5947e+05	-5.3487e+01
 1.7086e+03	 6.7077e+03	 6.0705e+00	 1.2588e-01	 3.6315e+02	 6.7389e+03	-8.8812e+01	 8.3671e+06	 1.7350e+05	-4.8225e+01
 2.5629e+03	 6.7077e+03	 6.0514e+00	 1.4603e-01	 3.6315e+02	 6.7415e+03	-8.8618e+01	 4.8083e+06	 1.1603e+05	-4.1439e+01
 3.8443e+03	 6.7077e+03	 6.0293e+00	 1.7757e-01	 3.6316e+02	 6.7442e+03	-8.8313e+01	 2.6362e+06	 7.7640e+04	-3.3955e+01
 5.7665e+03	 6.7077e+03	 6.0032e+00	 2.2402e-01	 3.6315e+02	 6.7467e+03	-8.7863e+01	 1.3931e+06	 5.1984e+04	-2.6798e+01
 8.6498e+03	 6.7077e+03	 5.9680e+00	 2.9069e-01	 3.6315e+02	 6.7492e+03	-8.7211e+01	 7.1571e+05	 3.4861e+04	-2.0531e+01
 1.2975e+04	 6.7077e+03	 5.9177e+00	 3.8372e-01	 3.6315e+02	 6.7519e+03	-8.6290e+01	 3.6146e+05	 2.3438e+04	-1.5422e+01
 1.9462e+04	 6.7077e+03	 5.8409e+00	 5.0903e-01	 3.6315e+02	 6.7543e+03	-8.5019e+01	 1.8165e+05	 1.5831e+04	-1.1475e+01
 2.9193e+04	 6.7077e+03	 5.7201e+00	 6.6827e-01	 3.6315e+02	 6.7570e+03	-8.3336e+01	 9.2244e+04	 1.0777e+04	-8.5595e+00
 4.3789e+04	 6.7077e+03	 5.5313e+00	 8.5151e-01	 3.6315e+02	 6.7594e+03	-8.1248e+01	 4.8262e+04	 7.4298e+03	-6.4958e+00
 6.5684e+04	 6.7077e+03	 5.2535e+00	 1.0285e+00	 3.6315e+02	 6.7619e+03	-7.8923e+01	 2.6639e+04	 5.2150e+03	-5.1081e+00
 9.8526e+04	 6.7077e+03	 4.8891e+00	 1.1488e+00	 3.6315e+02	 6.7646e+03	-7.6777e+01	 1.5900e+04	 3.7358e+03	-4.2560e+00
 1.4779e+05	 6.7077e+03	 4.4787e+00	 1.1652e+00	 3.6315e+02	 6.7699e+03	-7.5417e+01	 1.0450e+04	 2.7188e+03	-3.8436e+00
 2.2168e+05	 6.7077e+03	 4.1144e+00	 1.0730e+00	 3.6315e+02	 6.7723e+03	-7.5383e+01	 7.5652e+03	 1.9730e+03	-3.8343e+00
 3.3253e+05	 6.7077e+03	 3.8059e+00	 8.9700e-01	 3.6315e+02	 6.7747e+03	-7.6738e+01	 6.0332e+03	 1.4220e+03	-4.2429e+00
 4.9879e+05	 6.7077e+03	-4.3513e+00	 4.6716e+01	 3.6314e+02	 6.7776e+03	 5.3214e+00	 7.7230e+01	-8.2915e+02	 9.3144e-02
 7.4818e+05	 6.7077e+03	 3.4992e+00	 4.4955e-01	 3.6315e+02	 6.7842e+03	-8.2679e+01	 5.3504e+03	 6.8737e+02	-7.7838e+00
 9.0000e+05	 6.7077e+03	 3.4651e+00	 3.7784e-01	 3.6315e+02	 6.7924e+03	-8.3777e+01	 5.2920e+03	 5.7705e+02	-9.1707e+00
 1.0000e+02	 6.7897e+03	 6.2224e+00	 1.5490e-01	 3.6314e+02	 6.8002e+03	-8.8574e+01	 1.1618e+08	 2.8921e+06	-4.0171e+01
 1.5000e+02	 6.7897e+03	 6.1931e+00	 1.3666e-01	 3.6314e+02	 6.8029e+03	-8.8736e+01	 8.7788e+07	 1.9372e+06	-4.5318e+01
 2.2500e+02	 6.7897e+03	 6.1679e+00	 1.2313e-01	 3.6315e+02	 6.8054e+03	-8.8856e+01	 6.4956e+07	 1.2967e+06	-5.0092e+01
 3.3750e+02	 6.7897e+03	 6.1454e+00	 1.1398e-01	 3.6314e+02	 6.8082e+03	-8.8937e+01	 4.6782e+07	 8.6764e+05	-5.3919e+01
 5.0625e+02	 6.7897e+03	 6.1255e+00	 1.0892e-01	 3.6315e+02	 6.8106e+03	-8.8981e+01	 3.2636e+07	 5.8031e+05	-5.6239e+01
 7.5938e+02	 6.7897e+03	 6.1065e+00	 1.0877e-01	 3.6315e+02	 6.8135e+03	-8.8980e+01	 2.1787e+07	 3.8808e+05	-5.6141e+01
 1.1391e+03	 6.7897e+03	 6.0883e+00	 1.1402e-01	 3.6315e+02	 6.8185e+03	-8.8927e+01	 1.3856e+07	 2.5949e+05	-5.3396e+01
 1.7086e+03	 6.7897e+03	 6.0701e+00	 1.2565e-01	 3.6315e+02	 6.8209e+03	-8.8814e+01	 8.3822e+06	 1.7351e+05	-4.8308e+01
 2.5629e+03	 6.7897e+03	 6.0508e+00	 1.4612e-01	 3.6315e+02	 6.8235e+03	-8.8617e+01	 4.8055e+06	 1.1604e+05	-4.1411e+01
 3.8443e+03	 6.7897e+03	 6.0291e+00	 1.7752e-01	 3.6315e+02	 6.8262e+03	-8.8313e+01	 2.6370e+06	 7.7642e+04	-3.3963e+01
 5.7665e+03	 6.7897e+03	 6.0031e+00	 2.2398e-01	 3.6315e+02	 6.8287e+03	-8.7863e+01	 1.3933e+06	 5.1985e+04	-2.6803e+01
 8.6498e+03	 6.7897e+03	 5.9677e+00	 2.9083e-01	 3.6315e+02	 6.8314e+03	-8.7210e+01	 7.1536e+05	 3.4862e+04	-2.0520e+01
 1.2975e+04	 6.7897e+03	 5.9172e+00	 3.8381e-01	 3.6315e+02	 6.8340e+03	-8.6289e+01	 3.6138e+05	 2.3440e+04	-1.5417e+01
 1.9462e+04	 6.7897e+03	 5.8404e+00	 5.0916e-01	 3.6315e+02	 6.8367e+03	-8.5018e+01	 1.8161e+05	 1.5832e+04	-1.1471e+01
 2.9193e+04	 6.7897e+03	 5.7201e+00	 6.6864e-01	 3.6315e+02	 6.8393e+03	-8.3333e+01	 9.2193e+04	 1.0777e+04	-8.5548e+00
 4.3789e+04	 6.7897e+03	 5.5310e+00	 8.5181e-01	 3.6314e+02	 6.8421e+03	-8.1245e+01	 4.8246e+04	 7.4301e+03	-6.4932e+00
 6.5684e+04	 6.7897e+03	 5.2527e+00	 1.0286e+00	 3.6315e+02	 6.8446e+03	-7.8920e+01	 2.6634e+04	 5.2158e+03	-5.1065e+00
 9.8526e+04	 6.7897e+03	 4.8883e+00	 1.1489e+00	 3.6315e+02	 6.8474e+03	-7.6774e+01	 1.5898e+04	 3.7365e+03	-4.2548e+00
 1.4779e+05	 6.7897e+03	 4.4777e+00	 1.1651e+00	 3.6315e+02	 6.8524e+03	-7.5415e+01	 1.0451e+04	 2.7194e+03	-3.8432e+00
 2.2168e+05	 6.7897e+03	 4.1134e+00	 1.0729e+00	 3.6315e+02	 6.8549e+03	-7.5381e+01	 7.5660e+03	 1.9735e+03	-3.8338e+00
 3.3253e+05	 6.7897e+03	 3.8052e+00	 8.9677e-01	 3.6315e+02	 6.8574e+03	-7.6739e+01	 6.0348e+03	 1.4222e+03	-4.2432e+00
 4.9879e+05	 6.7897e+03	-4.3482e+00	 4.6708e+01	 3.6315e+02	 6.8602e+03	 5.3185e+00	 7.7243e+01	-8.2975e+02	 9.3092e-02
 7.4818e+05	 6.7897e+03	 3.4989e+00	 4.4939e-01	 3.6315e+02	 6.8669e+03	-8.2681e+01	 5.3523e+03	 6.8744e+02	-7.7859e+00
 9.0000e+05	 6.7897e+03	 3.4648e+00	 3.7752e-01	 3.6314e+02	 6.8745e+03	-8.3782e+01	 5.2964e+03	 5.7710e+02	-9.1776e+00
 1.0000e+02	 6.8719e+03	 6.2216e+00	 1.5484e-01	 3.6315e+02	 6.8827e+03	-8.8574e+01	 1.1622e+08	 2.8925e+06	-4.0182e+01
 1.5000e+02	 6.8719e+03	 6.1952e+00	 1.3538e-01	 3.6315e+02	 6.8852e+03	-8.8748e+01	 8.8615e+07	 1.9365e+06	-4.5760e+01
 2.2500e+02	 6.8719e+03	 6.1676e+00	 1.2302e-01	 3.6315e+02	 6.8879e+03	-8.8857e+01	 6.5014e+07	 1.2968e+06	-5.0134e+01
 3.3750e+02	 6.8719e+03	 6.1453e+00	 1.1400e-01	 3.6315e+02	 6.8905e+03	-8.8937e+01	 4.6771e+07	 8.6767e+05	-5.3904e+01
 5.0625e+02	 6.8719e+03	 6.1252e+00	 1.0913e-01	 3.6315e+02	 6.8932e+03	-8.8979e+01	 3.2572e+07	 5.8035e+05	-5.6125e+01
 7.5938e+02	 6.8719e+03	 6.1064e+00	 1.0878e-01	 3.6315e+02	 6.8958e+03	-8.8979e+01	 2.1784e+07	 3.8808e+05	-5.6133e+01
 1.1391e+03	 6.8719e+03	 6.0880e+00	 1.1396e-01	 3.6316e+02	 6.9010e+03	-8.8928e+01	 1.3864e+07	 2.5950e+05	-5.3424e+01
 1.7086e+03	 6.8719e+03	 6.0703e+00	 1.2591e-01	 3.6315e+02	 6.9035e+03	-8.8812e+01	 8.3650e+06	 1.7351e+05	-4.8211e+01
 2.5629e+03	 6.8719e+03	 6.0508e+00	 1.4599e-01	 3.6315e+02	 6.9062e+03	-8.8618e+01	 4.8097e+06	 1.1605e+05	-4.1447e+01
 3.8443e+03	 6.8719e+03	 6.0289e+00	 1.7742e-01	 3.6315e+02	 6.9086e+03	-8.8314e+01	 2.6384e+06	 7.7645e+04	-3.3980e+01
 5.7665e+03	 6.8719e+03	 6.0028e+00	 2.2420e-01	 3.6315e+02	 6.9110e+03	-8.7861e+01	 1.3919e+06	 5.1988e+04	-2.6774e+01
 8.6498e+03	 6.8719e+03	 5.9676e+00	 2.9090e-01	 3.6315e+02	 6.9137e+03	-8.7209e+01	 7.1519e+05	 3.4863e+04	-2.0514e+01
 1.2975e+04	 6.8719e+03	 5.9171e+00	 3.8400e-01	 3.6315e+02	 6.9162e+03	-8.6287e+01	 3.6120e+05	 2.3441e+04	-1.5409e+01
 1.9462e+04	 6.8719e+03	 5.8401e+00	 5.0939e-01	 3.6315e+02	 6.9190e+03	-8.5015e+01	 1.8152e+05	 1.5833e+04	-1.1465e+01
 2.9193e+04	 6.8719e+03	 5.7194e+00	 6.6882e-01	 3.6315e+02	 6.9215e+03	-8.3330e+01	 9.2168e+04	 1.0778e+04	-8.5514e+00
 4.3789e+04	 6.8719e+03	 5.5304e+00	 8.5204e-01	 3.6315e+02	 6.9242e+03	-8.1242e+01	 4.8233e+04	 7.4310e+03	-6.4907e+00
 6.5684e+04	 6.8719e+03	 5.2523e+00	 1.0288e+00	 3.6315e+02	 6.9267e+03	-7.8917e+01	 2.6630e+04	 5.2163e+03	-5.1052e+00
 9.8526e+04	 6.8719e+03	 4.8875e+00	 1.1490e+00	 3.6315e+02	 6.9292e+03	-7.6771e+01	 1.5897e+04	 3.7371e+03	-4.2538e+00
 1.4779e+05	 6.8719e+03	 4.4770e+00	 1.1651e+00	 3.6315e+02	 6.9342e+03	-7.5413e+01	 1.0451e+04	 2.7198e+03	-3.8426e+00
 2.2168e+05	 6.8719e+03	 4.1128e+00	 1.0729e+00	 3.6315e+02	 6.9367e+03	-7.5379e+01	 7.5663e+03	 1.9738e+03	-3.8334e+00
 3.3253e+05	 6.8719e+03	 3.8045e+00	 8.9657e-01	 3.6314e+02	 6.9394e+03	-7.6739e+01	 6.0362e+03	 1.4225e+03	-4.2434e+00
 4.9879e+05	 6.8719e+03	-4.3462e+00	 4.6703e+01	 3.6315e+02	 6.9422e+03	 5.3166e+00	 7.7252e+01	-8.3013e+02	 9.3060e-02
 7.4818e+05	 6.8719e+03	 3.4986e+00	 4.4865e-01	 3.6315e+02	 6.9489e+03	-8.2692e+01	 5.3611e+03	 6.8749e+02	-7.7980e+00
 9.0000e+05	 6.8719e+03	 3.4646e+00	 3.7662e-01	 3.6315e+02	 6.9564e+03	-8.3796e+01	 5.3091e+03	 5.7713e+02	-9.1991e+00
 1.0000e+02	 6.9537e+03	 6.2215e+00	 1.5468e-01	 3.6316e+02	 6.9645e+03	-8.8576e+01	 1.1634e+08	 2.8925e+06	-4.0223e+01
 1.5000e+02	 6.9537e+03	 6.1931e+00	 1.3842e-01	 3.6315e+02	 6.9669e+03	-8.8720e+01	 8.6670e+07	 1.9372e+06	-4.4741e+01
 2.2500e+02	 6.9537e+03	 6.1676e+00	 1.2317e-01	 3.6315e+02	 6.9694e+03	-8.8856e+01	 6.4935e+07	 1.2968e+06	-5.0073e+01
 3.3750e+02	 6.9537e+03	 6.1453e+00	 1.1379e-01	 3.6315e+02	 6.9721e+03	-8.8939e+01	 4.6858e+07	 8.6767e+05	-5.4004e+01
 5.0625e+02	 6.9537e+03	 6.1252e+00	 1.0886e-01	 3.6315e+02	 6.9745e+03	-8.8982e+01	 3.2653e+07	 5.8034e+05	-5.6266e+01
 7.5938e+02	 6.9537e+03	 6.1062e+00	 1.0880e-01	 3.6315e+02	 6.9773e+03	-8.8979e+01	 2.1780e+07	 3.8810e+05	-5.6121e+01
 1.1391e+03	 6.9537e+03	 6.0878e+00	 1.1390e-01	 3.6315e+02	 6.9823e+03	-8.8928e+01	 1.3871e+07	 2.5951e+05	-5.3449e+01
 1.7086e+03	 6.9537e+03	 6.0700e+00	 1.2574e-01	 3.6315e+02	 6.9849e+03	-8.8813e+01	 8.3767e+06	 1.7352e+05	-4.8276e+01
 2.5629e+03	 6.9537e+03	 6.0506e+00	 1.4594e-01	 3.6315e+02	 6.9875e+03	-8.8618e+01	 4.8114e+06	 1.1605e+05	-4.1459e+01
 3.8443e+03	 6.9537e+03	 6.0290e+00	 1.7761e-01	 3.6315e+02	 6.9902e+03	-8.8313e+01	 2.6356e+06	 7.7643e+04	-3.3946e+01
 5.7665e+03	 6.9537e+03	 6.0025e+00	 2.2418e-01	 3.6315e+02	 6.9927e+03	-8.7861e+01	 1.3921e+06	 5.1990e+04	-2.6775e+01
 8.6498e+03	 6.9537e+03	 5.9673e+00	 2.9105e-01	 3.6315e+02	 6.9955e+03	-8.7208e+01	 7.1483e+05	 3.4865e+04	-2.0503e+01
 1.2975e+04	 6.9537e+03	 5.9168e+00	 3.8413e-01	 3.6316e+02	 6.9980e+03	-8.6285e+01	 3.6107e+05	 2.3442e+04	-1.5403e+01
 1.9462e+04	 6.9537e+03	 5.8400e+00	 5.0941e-01	 3.6315e+02	 7.0008e+03	-8.5015e+01	 1.8152e+05	 1.5833e+04	-1.1464e+01
 2.9193e+04	 6.9537e+03	 5.7193e+00	 6.6891e-01	 3.6315e+02	 7.0034e+03	-8.3329e+01	 9.2156e+04	 1.0778e+04	-8.5502e+00
 4.3789e+04	 6.9537e+03	 5.5302e+00	 8.5208e-01	 3.6315e+02	 7.0062e+03	-8.1241e+01	 4.8230e+04	 7.4312e+03	-6.4902e+00
 6.5684e+04	 6.9537e+03	 5.2519e+00	 1.0290e+00	 3.6315e+02	 7.0087e+03	-7.8915e+01	 2.6625e+04	 5.2166e+03	-5.1039e+00
 9.8526e+04	 6.9537e+03	 4.8872e+00	 1.1491e+00	 3.6315e+02	 7.0115e+03	-7.6769e+01	 1.5895e+04	 3.7373e+03	-4.2531e+00
 1.4779e+05	 6.9537e+03	 4.4765e+00	 1.1652e+00	 3.6315e+02	 7.0165e+03	-7.5411e+01	 1.0450e+04	 2.7201e+03	-3.8420e+00
 2.2168e+05	 6.9537e+03	 4.1123e+00	 1.0729e+00	 3.6315e+02	 7.0190e+03	-7.5378e+01	 7.5663e+03	 1.9740e+03	-3.8329e+00
 3.3253e+05	 6.9537e+03	 3.8040e+00	 8.9638e-01	 3.6315e+02	 7.0216e+03	-7.6741e+01	 6.0374e+03	 1.4227e+03	-4.2437e+00
 4.9879e+05	 6.9537e+03	-4.3430e+00	 4.6696e+01	 3.6315e+02	 7.0247e+03	 5.3135e+00	 7.7263e+01	-8.3074e+02	 9.3005e-02
 7.4818e+05	 6.9537e+03	 3.4983e+00	 4.4824e-01	 3.6315e+02	 7.0312e+03	-8.2698e+01	 5.3660e+03	 6.8754e+02	-7.8046e+00
 9.0000e+05	 6.9537e+03	 3.4642e+00	 3.7648e-01	 3.6315e+02	 7.0394e+03	-8.3798e+01	 5.3111e+03	 5.7720e+02	-9.2016e+00
 1.0000e+02	 7.0367e+03	 6.2213e+00	 1.5475e-01	 3.6315e+02	 7.0473e+03	-8.8575e+01	 1.1629e+08	 2.8926e+06	-4.0203e+01
 1.5000e+02	 7.0367e+03	 6.1943e+00	 1.3724e-01	 3.6316e+02	 7.0499e+03	-8.8731e+01	 8.7415e+07	 1.9368e+06	-4.5134e+01
 2.2500e+02	 7.0367e+03	 6.1671e+00	 1.2280e-01	 3.6315e+02	 7.0524e+03	-8.8859e+01	 6.5129e+07	 1.2969e+06	-5.0219e+01
 3.3750e+02	 7.0367e+03	 6.1448e+00	 1.1366e-01	 3.6314e+02	 7.0552e+03	-8.8940e+01	 4.6913e+07	 8.6774e+05	-5.4064e+01
 5.0625e+02	 7.0367e+03	 6.1246e+00	 1.0890e-01	 3.6314e+02	 7.0577e+03	-8.8981e+01	 3.2641e+07	 5.8040e+05	-5.6239e+01
 7.5938e+02	 7.0367e+03	 6.1059e+00	 1.0890e-01	 3.6314e+02	 7.0602e+03	-8.8978e+01	 2.1760e+07	 3.8812e+05	-5.6066e+01
 1.1391e+03	 7.0367e+03	 6.0876e+00	 1.1403e-01	 3.6315e+02	 7.0652e+03	-8.8927e+01	 1.3855e+07	 2.5952e+05	-5.3386e+01
 1.7086e+03	 7.0367e+03	 6.0696e+00	 1.2571e-01	 3.6315e+02	 7.0680e+03	-8.8814e+01	 8.3785e+06	 1.7353e+05	-4.8284e+01
 2.5629e+03	 7.0367e+03	 6.0501e+00	 1.4621e-01	 3.6315e+02	 7.0706e+03	-8.8616e+01	 4.8025e+06	 1.1606e+05	-4.1380e+01
 3.8443e+03	 7.0367e+03	 6.0286e+00	 1.7776e-01	 3.6315e+02	 7.0732e+03	-8.8311e+01	 2.6333e+06	 7.7648e+04	-3.3913e+01
 5.7665e+03	 7.0367e+03	 6.0025e+00	 2.2423e-01	 3.6315e+02	 7.0758e+03	-8.7861e+01	 1.3917e+06	 5.1990e+04	-2.6769e+01
 8.6498e+03	 7.0367e+03	 5.9673e+00	 2.9114e-01	 3.6315e+02	 7.0786e+03	-8.7207e+01	 7.1459e+05	 3.4865e+04	-2.0496e+01
 1.2975e+04	 7.0367e+03	 5.9165e+00	 3.8421e-01	 3.6315e+02	 7.0814e+03	-8.6285e+01	 3.6100e+05	 2.3443e+04	-1.5399e+01
 1.9462e+04	 7.0367e+03	 5.8399e+00	 5.0953e-01	 3.6316e+02	 7.0838e+03	-8.5014e+01	 1.8147e+05	 1.5834e+04	-1.1461e+01
 2.9193e+04	 7.0367e+03	 5.7188e+00	 6.6904e-01	 3.6315e+02	 7.0864e+03	-8.3327e+01	 9.2139e+04	 1.0779e+04	-8.5478e+00
 4.3789e+04	 7.0367e+03	 5.5294e+00	 8.5233e-01	 3.6315e+02	 7.0888e+03	-8.1237e+01	 4.8216e+04	 7.4322e+03	-6.4874e+00
 6.5684e+04	 7.0367e+03	 5.2514e+00	 1.0293e+00	 3.6314e+02	 7.0914e+03	-7.8910e+01	 2.6618e+04	 5.2172e+03	-5.1019e+00
 9.8526e+04	 7.0367e+03	 4.8864e+00	 1.1493e+00	 3.6315e+02	 7.0940e+03	-7.6765e+01	 1.5893e+04	 3.7379e+03	-4.2518e+00
 1.4779e+05	 7.0367e+03	 4.4759e+00	 1.1654e+00	 3.6315e+02	 7.0992e+03	-7.5406e+01	 1.0449e+04	 2.7205e+03	-3.8408e+00
 2.2168e+05	 7.0367e+03	 4.1116e+00	 1.0727e+00	 3.6315e+02	 7.1017e+03	-7.5378e+01	 7.5676e+03	 1.9743e+03	-3.8330e+00
 3.3253e+05	 7.0367e+03	 3.8035e+00	 8.9627e-01	 3.6315e+02	 7.1043e+03	-7.6740e+01	 6.0382e+03	 1.4229e+03	-4.2437e+00
 4.9879e+05	 7.0367e+03	-4.3407e+00	 4.6690e+01	 3.6315e+02	 7.1070e+03	 5.3114e+00	 7.7273e+01	-8.3117e+02	 9.2968e-02
 7.4818e+05	 7.0367e+03	 3.4979e+00	 4.4817e-01	 3.6315e+02	 7.1138e+03	-8.2699e+01	 5.3668e+03	 6.8762e+02	-7.8049e+00
 9.0000e+05	 7.0367e+03	 3.4639e+00	 3.7657e-01	 3.6315e+02	 7.1222e+03	-8.3795e+01	 5.3098e+03	 5.7725e+02	-9.1984e+00
 1.0000e+02	 7.1195e+03	 6.2209e+00	 1.5447e-01	 3.6315e+02	 7.1300e+03	-8.8578e+01	 1.1650e+08	 2.8928e+06	-4.0273e+01
 1.5000e+02	 7.1195e+03	 6.1940e+00	 1.3666e-01	 3.6315e+02	 7.1326e+03	-8.8736e+01	 8.7791e+07	 1.9369e+06	-4.5326e+01
 2.2500e+02	 7.1195e+03	 6.1668e+00	 1.2288e-01	 3.6315e+02	 7.1351e+03	-8.8858e+01	 6.5089e+07	 1.2970e+06	-5.0186e+01
 3.3750e+02	 7.1195e+03	 6.1446e+00	 1.1373e-01	 3.6315e+02	 7.1380e+03	-8.8940e+01	 4.6884e+07	 8.6776e+05	-5.4029e+01
 5.0625e+02	 7.1195e+03	 6.1243e+00	 1.0879e-01	 3.6314e+02	 7.1404e+03	-8.8982e+01	 3.2675e+07	 5.8043e+05	-5.6295e+01
 7.5938e+02	 7.1195e+03	 6.1057e+00	 1.0874e-01	 3.6314e+02	 7.1432e+03	-8.8980e+01	 2.1794e+07	 3.8813e+05	-5.6151e+01
 1.1391e+03	 7.1195e+03	 6.0875e+00	 1.1376e-01	 3.6314e+02	 7.1482e+03	-8.8929e+01	 1.3888e+07	 2.5953e+05	-5.3513e+01
 1.7086e+03	 7.1195e+03	 6.0693e+00	 1.2558e-01	 3.6314e+02	 7.1509e+03	-8.8815e+01	 8.3870e+06	 1.7354e+05	-4.8330e+01
 2.5629e+03	 7.1195e+03	 6.0500e+00	 1.4612e-01	 3.6315e+02	 7.1535e+03	-8.8616e+01	 4.8054e+06	 1.1606e+05	-4.1404e+01
 3.8443e+03	 7.1195e+03	 6.0284e+00	 1.7770e-01	 3.6315e+02	 7.1561e+03	-8.8312e+01	 2.6342e+06	 7.7651e+04	-3.3924e+01
 5.7665e+03	 7.1195e+03	 6.0020e+00	 2.2427e-01	 3.6315e+02	 7.1586e+03	-8.7860e+01	 1.3915e+06	 5.1995e+04	-2.6763e+01
 8.6498e+03	 7.1195e+03	 5.9667e+00	 2.9108e-01	 3.6315e+02	 7.1614e+03	-8.7207e+01	 7.1474e+05	 3.4868e+04	-2.0498e+01
 1.2975e+04	 7.1195e+03	 5.9162e+00	 3.8431e-01	 3.6315e+02	 7.1640e+03	-8.6283e+01	 3.6090e+05	 2.3444e+04	-1.5394e+01
 1.9462e+04	 7.1195e+03	 5.8391e+00	 5.0986e-01	 3.6315e+02	 7.1664e+03	-8.5010e+01	 1.8136e+05	 1.5836e+04	-1.1452e+01
 2.9193e+04	 7.1195e+03	 5.7184e+00	 6.6936e-01	 3.6315e+02	 7.1690e+03	-8.3324e+01	 9.2094e+04	 1.0780e+04	-8.5431e+00
 4.3789e+04	 7.1195e+03	 5.5288e+00	 8.5254e-01	 3.6314e+02	 7.1714e+03	-8.1234e+01	 4.8204e+04	 7.4330e+03	-6.4851e+00
 6.5684e+04	 7.1195e+03	 5.2505e+00	 1.0294e+00	 3.6315e+02	 7.1739e+03	-7.8907e+01	 2.6615e+04	 5.2180e+03	-5.1006e+00
 9.8526e+04	 7.1195e+03	 4.8857e+00	 1.1494e+00	 3.6315e+02	 7.1765e+03	-7.6761e+01	 1.5891e+04	 3.7384e+03	-4.2506e+00
 1.4779e+05	 7.1195e+03	 4.4748e+00	 1.1651e+00	 3.6314e+02	 7.1818e+03	-7.5406e+01	 1.0451e+04	 2.7211e+03	-3.8406e+00
 2.2168e+05	 7.1195e+03	 4.1107e+00	 1.0725e+00	 3.6315e+02	 7.1842e+03	-7.5378e+01	 7.5692e+03	 1.9748e+03	-3.8330e+00
 3.3253e+05	 7.1195e+03	 3.8028e+00	 8.9589e-01	 3.6314e+02	 7.1867e+03	-7.6743e+01	 6.0407e+03	 1.4231e+03	-4.2447e+00
 4.9879e+05	 7.1195e+03	-4.3357e+00	 4.6683e+01	 3.6315e+02	 7.1896e+03	 5.3061e+00	 7.7284e+01	-8.3214e+02	 9.2874e-02
 7.4818e+05	 7.1195e+03	 3.4976e+00	 4.4786e-01	 3.6314e+02	 7.1959e+03	-8.2703e+01	 5.3706e+03	 6.8769e+02	-7.8096e+00
 9.0000e+05	 7.1195e+03	 3.4637e+00	 3.7583e-01	 3.6314e+02	 7.2036e+03	-8.3807e+01	 5.3202e+03	 5.7728e+02	-9.2160e+00
 1.0000e+02	 7.2010e+03	 6.2204e+00	 1.5450e-01	 3.6315e+02	 7.2119e+03	-8.8577e+01	 1.1647e+08	 2.8930e+06	-4.0261e+01
 1.5000e+02	 7.2010e+03	 6.1914e+00	 1.3507e-01	 3.6315e+02	 7.2147e+03	-8.8750e+01	 8.8823e+07	 1.9377e+06	-4.5840e+01
 2.2500e+02	 7.2010e+03	 6.1669e+00	 1.2289e-01	 3.6314e+02	 7.2172e+03	-8.8858e+01	 6.5085e+07	 1.2969e+06	-5.0184e+01
 3.3750e+02	 7.2010e+03	 6.1443e+00	 1.1369e-01	 3.6314e+02	 7.2200e+03	-8.8940e+01	 4.6901e+07	 8.6781e+05	-5.4045e+01
 5.0625e+02	 7.2010e+03	 6.1242e+00	 1.0894e-01	 3.6315e+02	 7.2224e+03	-8.8981e+01	 3.2631e+07	 5.8044e+05	-5.6218e+01
 7.5938e+02	 7.2010e+03	 6.1055e+00	 1.0872e-01	 3.6314e+02	 7.2250e+03	-8.8980e+01	 2.1797e+07	 3.8814e+05	-5.6157e+01
 1.1391e+03	 7.2010e+03	 6.0876e+00	 1.1394e-01	 3.6315e+02	 7.2299e+03	-8.8928e+01	 1.3865e+07	 2.5952e+05	-5.3427e+01
 1.7086e+03	 7.2010e+03	 6.0695e+00	 1.2567e-01	 3.6315e+02	 7.2327e+03	-8.8814e+01	 8.3807e+06	 1.7353e+05	-4.8295e+01
 2.5629e+03	 7.2010e+03	 6.0499e+00	 1.4603e-01	 3.6315e+02	 7.2352e+03	-8.8617e+01	 4.8084e+06	 1.1606e+05	-4.1429e+01
 3.8443e+03	 7.2010e+03	 6.0283e+00	 1.7759e-01	 3.6315e+02	 7.2380e+03	-8.8313e+01	 2.6359e+06	 7.7652e+04	-3.3945e+01
 5.7665e+03	 7.2010e+03	 6.0018e+00	 2.2433e-01	 3.6315e+02	 7.2404e+03	-8.7859e+01	 1.3911e+06	 5.1996e+04	-2.6755e+01
 8.6498e+03	 7.2010e+03	 5.9664e+00	 2.9121e-01	 3.6315e+02	 7.2431e+03	-8.7206e+01	 7.1443e+05	 3.4870e+04	-2.0488e+01
 1.2975e+04	 7.2010e+03	 5.9158e+00	 3.8443e-01	 3.6315e+02	 7.2459e+03	-8.6282e+01	 3.6079e+05	 2.3446e+04	-1.5388e+01
 1.9462e+04	 7.2010e+03	 5.8393e+00	 5.0999e-01	 3.6315e+02	 7.2487e+03	-8.5009e+01	 1.8131e+05	 1.5835e+04	-1.1450e+01
 2.9193e+04	 7.2010e+03	 5.7180e+00	 6.6953e-01	 3.6315e+02	 7.2512e+03	-8.3322e+01	 9.2071e+04	 1.0781e+04	-8.5403e+00
 4.3789e+04	 7.2010e+03	 5.5285e+00	 8.5274e-01	 3.6315e+02	 7.2539e+03	-8.1232e+01	 4.8193e+04	 7.4335e+03	-6.4832e+00
 6.5684e+04	 7.2010e+03	 5.2500e+00	 1.0296e+00	 3.6315e+02	 7.2564e+03	-7.8905e+01	 2.6611e+04	 5.2185e+03	-5.0993e+00
 9.8526e+04	 7.2010e+03	 4.8851e+00	 1.1494e+00	 3.6315e+02	 7.2590e+03	-7.6760e+01	 1.5891e+04	 3.7389e+03	-4.2502e+00
 1.4779e+05	 7.2010e+03	 4.4743e+00	 1.1651e+00	 3.6315e+02	 7.2641e+03	-7.5404e+01	 1.0451e+04	 2.7215e+03	-3.8402e+00
 2.2168e+05	 7.2010e+03	 4.1101e+00	 1.0723e+00	 3.6315e+02	 7.2667e+03	-7.5377e+01	 7.5700e+03	 1.9750e+03	-3.8328e+00
 3.3253e+05	 7.2010e+03	 3.8021e+00	 8.9572e-01	 3.6315e+02	 7.2692e+03	-7.6744e+01	 6.0419e+03	 1.4234e+03	-4.2448e+00
 4.9879e+05	 7.2010e+03	-4.3341e+00	 4.6678e+01	 3.6315e+02	 7.2719e+03	 5.3048e+00	 7.7294e+01	-8.3244e+02	 9.2852e-02
 7.4818e+05	 7.2010e+03	 3.4973e+00	 4.4750e-01	 3.6315e+02	 7.2785e+03	-8.2708e+01	 5.3748e+03	 6.8775e+02	-7.8151e+00
 9.0000e+05	 7.2010e+03	 3.4634e+00	 3.7574e-01	 3.6315e+02	 7.2862e+03	-8.3808e+01	 5.3215e+03	 5.7732e+02	-9.2176e+00
 1.0000e+02	 7.2835e+03	 6.2203e+00	 1.5398e-01	 3.6316e+02	 7.2940e+03	-8.8582e+01	 1.1687e+08	 2.8931e+06	-4.0396e+01
 1.5000e+02	 7.2835e+03	 6.1912e+00	 1.3619e-01	 3.6316e+02	 7.2966e+03	-8.8740e+01	 8.8093e+07	 1.9378e+06	-4.5461e+01
 2.2500e+02	 7.2835e+03	 6.1663e+00	 1.2264e-01	 3.6316e+02	 7.2990e+03	-8.8861e+01	 6.5218e+07	 1.2971e+06	-5.0281e+01
 3.3750e+02	 7.2835e+03	 6.1441e+00	 1.1359e-01	 3.6316e+02	 7.3019e+03	-8.8941e+01	 4.6942e+07	 8.6783e+05	-5.4091e+01
 5.0625e+02	 7.2835e+03	 6.1238e+00	 1.0867e-01	 3.6316e+02	 7.3044e+03	-8.8983e+01	 3.2710e+07	 5.8048e+05	-5.6350e+01
 7.5938e+02	 7.2835e+03	 6.1052e+00	 1.0867e-01	 3.6316e+02	 7.3072e+03	-8.8980e+01	 2.1807e+07	 3.8816e+05	-5.6182e+01
 1.1391e+03	 7.2835e+03	 6.0870e+00	 1.1354e-01	 3.6316e+02	 7.3125e+03	-8.8931e+01	 1.3914e+07	 2.5955e+05	-5.3610e+01
 1.7086e+03	 7.2835e+03	 6.0690e+00	 1.2574e-01	 3.6316e+02	 7.3149e+03	-8.8813e+01	 8.3762e+06	 1.7355e+05	-4.8265e+01
 2.5629e+03	 7.2835e+03	 6.0496e+00	 1.4611e-01	 3.6316e+02	 7.3175e+03	-8.8617e+01	 4.8059e+06	 1.1607e+05	-4.1406e+01
 3.8443e+03	 7.2835e+03	 6.0278e+00	 1.7761e-01	 3.6315e+02	 7.3201e+03	-8.8312e+01	 2.6357e+06	 7.7658e+04	-3.3940e+01
 5.7665e+03	 7.2835e+03	 6.0018e+00	 2.2439e-01	 3.6316e+02	 7.3225e+03	-8.7859e+01	 1.3908e+06	 5.1997e+04	-2.6747e+01
 8.6498e+03	 7.2835e+03	 5.9664e+00	 2.9114e-01	 3.6315e+02	 7.3252e+03	-8.7206e+01	 7.1459e+05	 3.4870e+04	-2.0493e+01
 1.2975e+04	 7.2835e+03	 5.9158e+00	 3.8453e-01	 3.6315e+02	 7.3278e+03	-8.6281e+01	 3.6070e+05	 2.3446e+04	-1.5385e+01
 1.9462e+04	 7.2835e+03	 5.8389e+00	 5.1004e-01	 3.6316e+02	 7.3302e+03	-8.5008e+01	 1.8129e+05	 1.5836e+04	-1.1448e+01
 2.9193e+04	 7.2835e+03	 5.7178e+00	 6.6974e-01	 3.6315e+02	 7.3329e+03	-8.3319e+01	 9.2042e+04	 1.0781e+04	-8.5374e+00
 4.3789e+04	 7.2835e+03	 5.5283e+00	 8.5296e-01	 3.6315e+02	 7.3353e+03	-8.1229e+01	 4.8181e+04	 7.4338e+03	-6.4813e+00
 6.5684e+04	 7.2835e+03	 5.2496e+00	 1.0298e+00	 3.6315e+02	 7.3377e+03	-7.8901e+01	 2.6604e+04	 5.2189e+03	-5.0976e+00
 9.8526e+04	 7.2835e+03	 4.8847e+00	 1.1496e+00	 3.6315e+02	 7.3404e+03	-7.6757e+01	 1.5889e+04	 3.7392e+03	-4.2492e+00
 1.4779e+05	 7.2835e+03	 4.4738e+00	 1.1652e+00	 3.6315e+02	 7.3457e+03	-7.5401e+01	 1.0450e+04	 2.7217e+03	-3.8395e+00
 2.2168e+05	 7.2835e+03	 4.1096e+00	 1.0724e+00	 3.6316e+02	 7.3481e+03	-7.5375e+01	 7.5699e+03	 1.9753e+03	-3.8322e+00
 3.3253e+05	 7.2835e+03	 3.8018e+00	 8.9560e-01	 3.6315e+02	 7.3505e+03	-7.6745e+01	 6.0427e+03	 1.4235e+03	-4.2450e+00
 4.9879e+05	 7.2835e+03	-4.3325e+00	 4.6672e+01	 3.6316e+02	 7.3534e+03	 5.3034e+00	 7.7302e+01	-8.3275e+02	 9.2828e-02
 7.4818e+05	 7.2835e+03	 3.4971e+00	 4.4709e-01	 3.6316e+02	 7.3598e+03	-8.2715e+01	 5.3798e+03	 6.8778e+02	-7.8220e+00
 9.0000e+05	 7.2835e+03	 3.4633e+00	 3.7535e-01	 3.6315e+02	 7.3675e+03	-8.3814e+01	 5.3270e+03	 5.7735e+02	-9.2267e+00
 1.0000e+02	 7.3648e+03	 6.2201e+00	 1.5405e-01	 3.6316e+02	 7.3757e+03	-8.8581e+01	 1.1682e+08	 2.8932e+06	-4.0377e+01
 1.5000e+02	 7.3648e+03	 6.1910e+00	 1.3600e-01	 3.6316e+02	 7.3781e+03	-8.8742e+01	 8.8217e+07	 1.9378e+06	-4.5524e+01
 2.2500e+02	 7.3648e+03	 6.1663e+00	 1.2270e-01	 3.6315e+02	 7.3809e+03	-8.8860e+01	 6.5184e+07	 1.2971e+06	-5.0255e+01
 3.3750e+02	 7.3648e+03	 6.1440e+00	 1.1351e-01	 3.6315e+02	 7.3835e+03	-8.8942e+01	 4.6976e+07	 8.6785e+05	-5.4129e+01
 5.0625e+02	 7.3648e+03	 6.1242e+00	 1.0865e-01	 3.6315e+02	 7.3862e+03	-8.8984e+01	 3.2718e+07	 5.8044e+05	-5.6367e+01
 7.5938e+02	 7.3648e+03	 6.1054e+00	 1.0882e-01	 3.6315e+02	 7.3887e+03	-8.8979e+01	 2.1778e+07	 3.8815e+05	-5.6107e+01
 1.1391e+03	 7.3648e+03	 6.0871e+00	 1.1421e-01	 3.6315e+02	 7.3939e+03	-8.8925e+01	 1.3833e+07	 2.5954e+05	-5.3295e+01
 1.7086e+03	 7.3648e+03	 6.0693e+00	 1.2585e-01	 3.6316e+02	 7.3963e+03	-8.8812e+01	 8.3688e+06	 1.7354e+05	-4.8224e+01
 2.5629e+03	 7.3648e+03	 6.0494e+00	 1.4617e-01	 3.6316e+02	 7.3990e+03	-8.8616e+01	 4.8039e+06	 1.1607e+05	-4.1387e+01
 3.8443e+03	 7.3648e+03	 6.0276e+00	 1.7772e-01	 3.6315e+02	 7.4015e+03	-8.8311e+01	 2.6339e+06	 7.7661e+04	-3.3916e+01
 5.7665e+03	 7.3648e+03	 6.0017e+00	 2.2440e-01	 3.6316e+02	 7.4042e+03	-8.7859e+01	 1.3907e+06	 5.1998e+04	-2.6746e+01
 8.6498e+03	 7.3648e+03	 5.9663e+00	 2.9128e-01	 3.6315e+02	 7.4068e+03	-8.7205e+01	 7.1426e+05	 3.4871e+04	-2.0483e+01
 1.2975e+04	 7.3648e+03	 5.9158e+00	 3.8461e-01	 3.6315e+02	 7.4095e+03	-8.6280e+01	 3.6062e+05	 2.3446e+04	-1.5381e+01
 1.9462e+04	 7.3648e+03	 5.8386e+00	 5.1015e-01	 3.6315e+02	 7.4119e+03	-8.5006e+01	 1.8125e+05	 1.5837e+04	-1.1445e+01
 2.9193e+04	 7.3648e+03	 5.7174e+00	 6.6982e-01	 3.6315e+02	 7.4145e+03	-8.3318e+01	 9.2031e+04	 1.0782e+04	-8.5357e+00
 4.3789e+04	 7.3648e+03	 5.5280e+00	 8.5304e-01	 3.6315e+02	 7.4169e+03	-8.1228e+01	 4.8176e+04	 7.4342e+03	-6.4803e+00
 6.5684e+04	 7.3648e+03	 5.2491e+00	 1.0299e+00	 3.6315e+02	 7.4194e+03	-7.8899e+01	 2.6602e+04	 5.2195e+03	-5.0968e+00
 9.8526e+04	 7.3648e+03	 4.8841e+00	 1.1496e+00	 3.6315e+02	 7.4222e+03	-7.6755e+01	 1.5888e+04	 3.7397e+03	-4.2485e+00
 1.4779e+05	 7.3648e+03	 4.4732e+00	 1.1651e+00	 3.6315e+02	 7.4271e+03	-7.5402e+01	 1.0452e+04	 2.7221e+03	-3.8395e+00
 2.2168e+05	 7.3648e+03	 4.1089e+00	 1.0721e+00	 3.6315e+02	 7.4298e+03	-7.5376e+01	 7.5716e+03	 1.9756e+03	-3.8325e+00
 3.3253e+05	 7.3648e+03	 3.8012e+00	 8.9532e-01	 3.6315e+02	 7.4322e+03	-7.6746e+01	 6.0446e+03	 1.4237e+03	-4.2457e+00
 4.9879e+05	 7.3648e+03	-4.3294e+00	 4.6667e+01	 3.6315e+02	 7.4352e+03	 5.3002e+00	 7.7311e+01	-8.3335e+02	 9.2771e-02
 7.4818e+05	 7.3648e+03	 3.4968e+00	 4.4660e-01	 3.6315e+02	 7.4419e+03	-8.2722e+01	 5.3857e+03	 6.8784e+02	-7.8299e+00
 9.0000e+05	 7.3648e+03	 3.4630e+00	 3.7499e-01	 3.6314e+02	 7.4496e+03	-8.3820e+01	 5.3322e+03	 5.7739e+02	-9.2350e+00
 1.0000e+02	 7.4469e+03	 6.2198e+00	 1.5424e-01	 3.6314e+02	 7.4576e+03	-8.8579e+01	 1.1668e+08	 2.8933e+06	-4.0327e+01
 1.5000e+02	 7.4469e+03	 6.1913e+00	 1.3616e-01	 3.6314e+02	 7.4600e+03	-8.8740e+01	 8.8108e+07	 1.9377e+06	-4.5470e+01
 2.2500e+02	 7.4469e+03	 6.1659e+00	 1.2256e-01	 3.6314e+02	 7.4626e+03	-8.8861e+01	 6.5259e+07	 1.2972e+06	-5.0309e+01
 3.3750e+02	 7.4469e+03	 6.1440e+00	 1.1366e-01	 3.6314e+02	 7.4652e+03	-8.8940e+01	 4.6911e+07	 8.6785e+05	-5.4054e+01
 5.0625e+02	 7.4469e+03	 6.1235e+00	 1.0850e-01	 3.6315e+02	 7.4679e+03	-8.8985e+01	 3.2764e+07	 5.8050e+05	-5.6440e+01
 7.5938e+02	 7.4469e+03	 6.1050e+00	 1.0865e-01	 3.6315e+02	 7.4705e+03	-8.8980e+01	 2.1812e+07	 3.8818e+05	-5.6190e+01
 1.1391e+03	 7.4469e+03	 6.0865e+00	 1.1377e-01	 3.6314e+02	 7.4756e+03	-8.8929e+01	 1.3886e+07	 2.5957e+05	-5.3497e+01
 1.7086e+03	 7.4469e+03	 6.0687e+00	 1.2566e-01	 3.6316e+02	 7.4781e+03	-8.8814e+01	 8.3815e+06	 1.7355e+05	-4.8293e+01
 2.5629e+03	 7.4469e+03	 6.0492e+00	 1.4611e-01	 3.6315e+02	 7.4808e+03	-8.8616e+01	 4.8057e+06	 1.1608e+05	-4.1402e+01
 3.8443e+03	 7.4469e+03	 6.0276e+00	 1.7779e-01	 3.6315e+02	 7.4834e+03	-8.8310e+01	 2.6329e+06	 7.7661e+04	-3.3903e+01
 5.7665e+03	 7.4469e+03	 6.0012e+00	 2.2464e-01	 3.6315e+02	 7.4859e+03	-8.7856e+01	 1.3892e+06	 5.2002e+04	-2.6714e+01
 8.6498e+03	 7.4469e+03	 5.9657e+00	 2.9143e-01	 3.6315e+02	 7.4885e+03	-8.7203e+01	 7.1390e+05	 3.4874e+04	-2.0471e+01
 1.2975e+04	 7.4469e+03	 5.9150e+00	 3.8497e-01	 3.6314e+02	 7.4912e+03	-8.6276e+01	 3.6029e+05	 2.3449e+04	-1.5365e+01
 1.9462e+04	 7.4469e+03	 5.8383e+00	 5.1054e-01	 3.6314e+02	 7.4937e+03	-8.5002e+01	 1.8112e+05	 1.5838e+04	-1.1436e+01
 2.9193e+04	 7.4469e+03	 5.7170e+00	 6.7021e-01	 3.6315e+02	 7.4965e+03	-8.3314e+01	 9.1977e+04	 1.0783e+04	-8.5301e+00
 4.3789e+04	 7.4469e+03	 5.5273e+00	 8.5344e-01	 3.6314e+02	 7.4989e+03	-8.1223e+01	 4.8154e+04	 7.4351e+03	-6.4765e+00
 6.5684e+04	 7.4469e+03	 5.2483e+00	 1.0303e+00	 3.6315e+02	 7.5014e+03	-7.8893e+01	 2.6591e+04	 5.2202e+03	-5.0938e+00
 9.8526e+04	 7.4469e+03	 4.8833e+00	 1.1498e+00	 3.6315e+02	 7.5041e+03	-7.6751e+01	 1.5885e+04	 3.7403e+03	-4.2471e+00
 1.4779e+05	 7.4469e+03	 4.4724e+00	 1.1651e+00	 3.6315e+02	 7.5092e+03	-7.5399e+01	 1.0452e+04	 2.7226e+03	-3.8388e+00
 2.2168e+05	 7.4469e+03	 4.1083e+00	 1.0720e+00	 3.6315e+02	 7.5117e+03	-7.5376e+01	 7.5727e+03	 1.9759e+03	-3.8325e+00
 3.3253e+05	 7.4469e+03	 3.8006e+00	 8.9490e-01	 3.6315e+02	 7.5141e+03	-7.6750e+01	 6.0474e+03	 1.4239e+03	-4.2470e+00
 4.9879e+05	 7.4469e+03	-4.3249e+00	 4.6662e+01	 3.6315e+02	 7.5171e+03	 5.2954e+00	 7.7319e+01	-8.3420e+02	 9.2686e-02
 7.4818e+05	 7.4469e+03	 3.4966e+00	 4.4653e-01	 3.6315e+02	 7.5237e+03	-8.2722e+01	 5.3865e+03	 6.8789e+02	-7.8305e+00
 9.0000e+05	 7.4469e+03	 3.4628e+00	 3.7481e-01	 3.6315e+02	 7.5318e+03	-8.3823e+01	 5.3348e+03	 5.7743e+02	-9.2390e+00
 1.0000e+02	 7.5291e+03	 6.2194e+00	 1.5364e-01	 3.6315e+02	 7.5395e+03	-8.8585e+01	 1.1713e+08	 2.8935e+06	-4.0481e+01
 1.5000e+02	 7.5291e+03	 6.1897e+00	 1.3631e-01	 3.6315e+02	 7.5422e+03	-8.8738e+01	 8.8017e+07	 1.9382e+06	-4.5411e+01
 2.2500e+02	 7.5291e+03	 6.1657e+00	 1.2244e-01	 3.6315e+02	 7.5447e+03	-8.8862e+01	 6.5321e+07	 1.2972e+06	-5.0356e+01
 3.3750e+02	 7.5291e+03	 6.1435e+00	 1.1346e-01	 3.6315e+02	 7.5472e+03	-8.8942e+01	 4.6994e+07	 8.6792e+05	-5.4146e+01
 5.0625e+02	 7.5291e+03	 6.1236e+00	 1.0864e-01	 3.6315e+02	 7.5499e+03	-8.8984e+01	 3.2720e+07	 5.8049e+05	-5.6366e+01
 7.5938e+02	 7.5291e+03	 6.1045e+00	 1.0874e-01	 3.6315e+02	 7.5524e+03	-8.8979e+01	 2.1793e+07	 3.8820e+05	-5.6137e+01
 1.1391e+03	 7.5291e+03	 6.0866e+00	 1.1389e-01	 3.6315e+02	 7.5577e+03	-8.8928e+01	 1.3871e+07	 2.5957e+05	-5.3441e+01
 1.7086e+03	 7.5291e+03	 6.0684e+00	 1.2580e-01	 3.6314e+02	 7.5602e+03	-8.8812e+01	 8.3727e+06	 1.7356e+05	-4.8240e+01
 2.5629e+03	 7.5291e+03	 6.0490e+00	 1.4629e-01	 3.6314e+02	 7.5629e+03	-8.8615e+01	 4.7997e+06	 1.1608e+05	-4.1348e+01
 3.8443e+03	 7.5291e+03	 6.0273e+00	 1.7782e-01	 3.6315e+02	 7.5657e+03	-8.8310e+01	 2.6325e+06	 7.7664e+04	-3.3896e+01
 5.7665e+03	 7.5291e+03	 6.0012e+00	 2.2446e-01	 3.6315e+02	 7.5682e+03	-8.7858e+01	 1.3904e+06	 5.2001e+04	-2.6737e+01
 8.6498e+03	 7.5291e+03	 5.9660e+00	 2.9151e-01	 3.6315e+02	 7.5709e+03	-8.7203e+01	 7.1369e+05	 3.4872e+04	-2.0466e+01
 1.2975e+04	 7.5291e+03	 5.9150e+00	 3.8493e-01	 3.6314e+02	 7.5735e+03	-8.6277e+01	 3.6032e+05	 2.3449e+04	-1.5366e+01
 1.9462e+04	 7.5291e+03	 5.8381e+00	 5.1053e-01	 3.6315e+02	 7.5764e+03	-8.5002e+01	 1.8112e+05	 1.5838e+04	-1.1435e+01
 2.9193e+04	 7.5291e+03	 5.7166e+00	 6.7034e-01	 3.6315e+02	 7.5790e+03	-8.3312e+01	 9.1959e+04	 1.0783e+04	-8.5278e+00
 4.3789e+04	 7.5291e+03	 5.5268e+00	 8.5357e-01	 3.6315e+02	 7.5817e+03	-8.1221e+01	 4.8146e+04	 7.4357e+03	-6.4750e+00
 6.5684e+04	 7.5291e+03	 5.2481e+00	 1.0305e+00	 3.6315e+02	 7.5842e+03	-7.8891e+01	 2.6586e+04	 5.2204e+03	-5.0928e+00
 9.8526e+04	 7.5291e+03	 4.8828e+00	 1.1498e+00	 3.6315e+02	 7.5871e+03	-7.6749e+01	 1.5885e+04	 3.7406e+03	-4.2466e+00
 1.4779e+05	 7.5291e+03	 4.4719e+00	 1.1652e+00	 3.6315e+02	 7.5923e+03	-7.5396e+01	 1.0450e+04	 2.7229e+03	-3.8380e+00
 2.2168e+05	 7.5291e+03	 4.1077e+00	 1.0718e+00	 3.6315e+02	 7.5947e+03	-7.5376e+01	 7.5739e+03	 1.9762e+03	-3.8325e+00
 3.3253e+05	 7.5291e+03	 3.8002e+00	 8.9476e-01	 3.6315e+02	 7.5972e+03	-7.6751e+01	 6.0484e+03	 1.4241e+03	-4.2472e+00
 4.9879e+05	 7.5291e+03	-4.3224e+00	 4.6658e+01	 3.6315e+02	 7.6001e+03	 5.2928e+00	 7.7326e+01	-8.3470e+02	 9.2640e-02
 7.4818e+05	 7.5291e+03	 3.4963e+00	 4.4631e-01	 3.6315e+02	 7.6066e+03	-8.2725e+01	 5.3892e+03	 6.8794e+02	-7.8338e+00
 9.0000e+05	 7.5291e+03	 3.4625e+00	 3.7478e-01	 3.6314e+02	 7.6143e+03	-8.3822e+01	 5.3351e+03	 5.7747e+02	-9.2388e+00
 1.0000e+02	 7.6116e+03	 6.2193e+00	 1.5353e-01	 3.6315e+02	 7.6223e+03	-8.8586e+01	 1.1721e+08	 2.8935e+06	-4.0509e+01
 1.5000e+02	 7.6116e+03	 6.1908e+00	 1.3632e-01	 3.6315e+02	 7.6248e+03	-8.8739e+01	 8.8008e+07	 1.9379e+06	-4.5414e+01
 2.2500e+02	 7.6116e+03	 6.1655e+00	 1.2247e-01	 3.6315e+02	 7.6275e+03	-8.8862e+01	 6.5308e+07	 1.2972e+06	-5.0344e+01
 3.3750e+02	 7.6116e+03	 6.1431e+00	 1.1347e-01	 3.6316e+02	 7.6302e+03	-8.8942e+01	 4.6990e+07	 8.6797e+05	-5.4138e+01
 5.0625e+02	 7.6116e+03	 6.1231e+00	 1.0872e-01	 3.6316e+02	 7.6329e+03	-8.8983e+01	 3.2696e+07	 5.8054e+05	-5.6320e+01
 7.5938e+02	 7.6116e+03	 6.1044e+00	 1.0850e-01	 3.6316e+02	 7.6355e+03	-8.8982e+01	 2.1842e+07	 3.8821e+05	-5.6264e+01
 1.1391e+03	 7.6116e+03	 6.0865e+00	 1.1427e-01	 3.6315e+02	 7.6407e+03	-8.8924e+01	 1.3826e+07	 2.5957e+05	-5.3263e+01
 1.7086e+03	 7.6116e+03	 6.0684e+00	 1.2571e-01	 3.6316e+02	 7.6434e+03	-8.8813e+01	 8.3782e+06	 1.7356e+05	-4.8272e+01
 2.5629e+03	 7.6116e+03	 6.0488e+00	 1.4600e-01	 3.6315e+02	 7.6460e+03	-8.8617e+01	 4.8093e+06	 1.1608e+05	-4.1430e+01
 3.8443e+03	 7.6116e+03	 6.0269e+00	 1.7786e-01	 3.6315e+02	 7.6487e+03	-8.8310e+01	 2.6318e+06	 7.7670e+04	-3.3885e+01
 5.7665e+03	 7.6116e+03	 6.0010e+00	 2.2466e-01	 3.6316e+02	 7.6512e+03	-8.7856e+01	 1.3891e+06	 5.2003e+04	-2.6712e+01
 8.6498e+03	 7.6116e+03	 5.9656e+00	 2.9150e-01	 3.6315e+02	 7.6540e+03	-8.7203e+01	 7.1372e+05	 3.4875e+04	-2.0465e+01
 1.2975e+04	 7.6116e+03	 5.9148e+00	 3.8494e-01	 3.6315e+02	 7.6565e+03	-8.6276e+01	 3.6031e+05	 2.3450e+04	-1.5365e+01
 1.9462e+04	 7.6116e+03	 5.8379e+00	 5.1072e-01	 3.6315e+02	 7.6590e+03	-8.5000e+01	 1.8105e+05	 1.5839e+04	-1.1431e+01
 2.9193e+04	 7.6116e+03	 5.7165e+00	 6.7035e-01	 3.6315e+02	 7.6615e+03	-8.3312e+01	 9.1958e+04	 1.0783e+04	-8.5277e+00
 4.3789e+04	 7.6116e+03	 5.5266e+00	 8.5366e-01	 3.6315e+02	 7.6640e+03	-8.1219e+01	 4.8141e+04	 7.4360e+03	-6.4740e+00
 6.5684e+04	 7.6116e+03	 5.2475e+00	 1.0305e+00	 3.6316e+02	 7.6667e+03	-7.8889e+01	 2.6586e+04	 5.2210e+03	-5.0921e+00
 9.8526e+04	 7.6116e+03	 4.8823e+00	 1.1499e+00	 3.6315e+02	 7.6693e+03	-7.6747e+01	 1.5884e+04	 3.7410e+03	-4.2459e+00
 1.4779e+05	 7.6116e+03	 4.4714e+00	 1.1650e+00	 3.6315e+02	 7.6745e+03	-7.5396e+01	 1.0452e+04	 2.7232e+03	-3.8380e+00
 2.2168e+05	 7.6116e+03	 4.1073e+00	 1.0717e+00	 3.6316e+02	 7.6770e+03	-7.5377e+01	 7.5748e+03	 1.9764e+03	-3.8327e+00
 3.3253e+05	 7.6116e+03	 3.7999e+00	 8.9465e-01	 3.6316e+02	 7.6796e+03	-7.6751e+01	 6.0491e+03	 1.4242e+03	-4.2473e+00
 4.9879e+05	 7.6116e+03	-4.3201e+00	 4.6655e+01	 3.6316e+02	 7.6823e+03	 5.2904e+00	 7.7332e+01	-8.3513e+02	 9.2599e-02
 7.4818e+05	 7.6116e+03	 3.4961e+00	 4.4615e-01	 3.6316e+02	 7.6891e+03	-8.2728e+01	 5.3911e+03	 6.8798e+02	-7.8361e+00
 9.0000e+05	 7.6116e+03	 3.4624e+00	 3.7481e-01	 3.6316e+02	 7.6969e+03	-8.3822e+01	 5.3347e+03	 5.7749e+02	-9.2377e+00
 1.0000e+02	 7.6942e+03	 6.2190e+00	 1.5371e-01	 3.6316e+02	 7.7052e+03	-8.8584e+01	 1.1707e+08	 2.8936e+06	-4.0459e+01
 1.5000e+02	 7.6942e+03	 6.1894e+00	 1.3570e-01	 3.6316e+02	 7.7077e+03	-8.8744e+01	 8.8409e+07	 1.9383e+06	-4.5611e+01
 2.2500e+02	 7.6942e+03	 6.1652e+00	 1.2228e-01	 3.6316e+02	 7.7104e+03	-8.8864e+01	 6.5408e+07	 1.2973e+06	-5.0419e+01
 3.3750e+02	 7.6942e+03	 6.1432e+00	 1.1331e-01	 3.6317e+02	 7.7129e+03	-8.8943e+01	 4.7056e+07	 8.6796e+05	-5.4214e+01
 5.0625e+02	 7.6942e+03	 6.1233e+00	 1.0860e-01	 3.6317e+02	 7.7156e+03	-8.8984e+01	 3.2731e+07	 5.8052e+05	-5.6383e+01
 7.5938e+02	 7.6942e+03	 6.1047e+00	 1.0870e-01	 3.6316e+02	 7.7182e+03	-8.8980e+01	 2.1801e+07	 3.8820e+05	-5.6159e+01
 1.1391e+03	 7.6942e+03	 6.0865e+00	 1.1364e-01	 3.6316e+02	 7.7234e+03	-8.8930e+01	 1.3902e+07	 2.5957e+05	-5.3557e+01
 1.7086e+03	 7.6942e+03	 6.0683e+00	 1.2573e-01	 3.6317e+02	 7.7259e+03	-8.8813e+01	 8.3774e+06	 1.7357e+05	-4.8266e+01
 2.5629e+03	 7.6942e+03	 6.0490e+00	 1.4636e-01	 3.6317e+02	 7.7284e+03	-8.8614e+01	 4.7975e+06	 1.1608e+05	-4.1329e+01
 3.8443e+03	 7.6942e+03	 6.0268e+00	 1.7783e-01	 3.6317e+02	 7.7309e+03	-8.8310e+01	 2.6324e+06	 7.7672e+04	-3.3891e+01
 5.7665e+03	 7.6942e+03	 6.0009e+00	 2.2462e-01	 3.6317e+02	 7.7335e+03	-8.7856e+01	 1.3894e+06	 5.2005e+04	-2.6716e+01
 8.6498e+03	 7.6942e+03	 5.9655e+00	 2.9174e-01	 3.6316e+02	 7.7360e+03	-8.7200e+01	 7.1312e+05	 3.4876e+04	-2.0448e+01
 1.2975e+04	 7.6942e+03	 5.9147e+00	 3.8494e-01	 3.6317e+02	 7.7389e+03	-8.6276e+01	 3.6031e+05	 2.3450e+04	-1.5365e+01
 1.9462e+04	 7.6942e+03	 5.8378e+00	 5.1079e-01	 3.6316e+02	 7.7415e+03	-8.5000e+01	 1.8102e+05	 1.5839e+04	-1.1429e+01
 2.9193e+04	 7.6942e+03	 5.7162e+00	 6.7048e-01	 3.6316e+02	 7.7442e+03	-8.3310e+01	 9.1940e+04	 1.0784e+04	-8.5255e+00
 4.3789e+04	 7.6942e+03	 5.5262e+00	 8.5378e-01	 3.6317e+02	 7.7466e+03	-8.1217e+01	 4.8134e+04	 7.4366e+03	-6.4726e+00
 6.5684e+04	 7.6942e+03	 5.2472e+00	 1.0305e+00	 3.6316e+02	 7.7490e+03	-7.8889e+01	 2.6585e+04	 5.2213e+03	-5.0917e+00
 9.8526e+04	 7.6942e+03	 4.8817e+00	 1.1498e+00	 3.6316e+02	 7.7518e+03	-7.6746e+01	 1.5885e+04	 3.7415e+03	-4.2456e+00
 1.4779e+05	 7.6942e+03	 4.4709e+00	 1.1649e+00	 3.6316e+02	 7.7569e+03	-7.5396e+01	 1.0453e+04	 2.7235e+03	-3.8379e+00
 2.2168e+05	 7.6942e+03	 4.1068e+00	 1.0715e+00	 3.6315e+02	 7.7594e+03	-7.5376e+01	 7.5758e+03	 1.9767e+03	-3.8326e+00
 3.3253e+05	 7.6942e+03	 3.7994e+00	 8.9435e-01	 3.6316e+02	 7.7618e+03	-7.6754e+01	 6.0511e+03	 1.4244e+03	-4.2482e+00
 4.9879e+05	 7.6942e+03	-4.3168e+00	 4.6649e+01	 3.6316e+02	 7.7648e+03	 5.2870e+00	 7.7341e+01	-8.3577e+02	 9.2539e-02
 7.4818e+05	 7.6942e+03	 3.4958e+00	 4.4594e-01	 3.6315e+02	 7.7712e+03	-8.2730e+01	 5.3937e+03	 6.8803e+02	-7.8393e+00
 9.0000e+05	 7.6942e+03	 3.4622e+00	 3.7429e-01	 3.6315e+02	 7.7792e+03	-8.3830e+01	 5.3421e+03	 5.7753e+02	-9.2501e+00
 1.0000e+02	 7.7765e+03	 6.2187e+00	 1.5379e-01	 3.6315e+02	 7.7872e+03	-8.8583e+01	 1.1701e+08	 2.8938e+06	-4.0435e+01
 1.5000e+02	 7.7765e+03	 6.1881e+00	 1.3773e-01	 3.6314e+02	 7.7899e+03	-8.8725e+01	 8.7104e+07	 1.9388e+06	-4.4928e+01
 2.2500e+02	 7.7765e+03	 6.1649e+00	 1.2220e-01	 3.6315e+02	 7.7924e+03	-8.8864e+01	 6.5450e+07	 1.2974e+06	-5.0449e+01
 3.3750e+02	 7.7765e+03	 6.1430e+00	 1.1332e-01	 3.6315e+02	 7.7952e+03	-8.8943e+01	 4.7053e+07	 8.6799e+05	-5.4209e+01
 5.0625e+02	 7.7765e+03	 6.1229e+00	 1.0863e-01	 3.6315e+02	 7.7977e+03	-8.8984e+01	 3.2722e+07	 5.8056e+05	-5.6363e+01
 7.5938e+02	 7.7765e+03	 6.1040e+00	 1.0853e-01	 3.6314e+02	 7.8002e+03	-8.8981e+01	 2.1835e+07	 3.8824e+05	-5.6240e+01
 1.1391e+03	 7.7765e+03	 6.0856e+00	 1.1379e-01	 3.6314e+02	 7.8052e+03	-8.8929e+01	 1.3884e+07	 2.5961e+05	-5.3482e+01
 1.7086e+03	 7.7765e+03	 6.0678e+00	 1.2581e-01	 3.6314e+02	 7.8079e+03	-8.8812e+01	 8.3714e+06	 1.7358e+05	-4.8228e+01
 2.5629e+03	 7.7765e+03	 6.0484e+00	 1.4622e-01	 3.6314e+02	 7.8105e+03	-8.8615e+01	 4.8020e+06	 1.1609e+05	-4.1364e+01
 3.8443e+03	 7.7765e+03	 6.0266e+00	 1.7793e-01	 3.6314e+02	 7.8131e+03	-8.8309e+01	 2.6308e+06	 7.7673e+04	-3.3870e+01
 5.7665e+03	 7.7765e+03	 6.0003e+00	 2.2467e-01	 3.6314e+02	 7.8155e+03	-8.7856e+01	 1.3890e+06	 5.2009e+04	-2.6707e+01
 8.6498e+03	 7.7765e+03	 5.9649e+00	 2.9186e-01	 3.6314e+02	 7.8184e+03	-8.7199e+01	 7.1284e+05	 3.4879e+04	-2.0438e+01
 1.2975e+04	 7.7765e+03	 5.9140e+00	 3.8532e-01	 3.6315e+02	 7.8210e+03	-8.6272e+01	 3.5996e+05	 2.3453e+04	-1.5348e+01
 1.9462e+04	 7.7765e+03	 5.8368e+00	 5.1114e-01	 3.6314e+02	 7.8239e+03	-8.4995e+01	 1.8090e+05	 1.5842e+04	-1.1419e+01
 2.9193e+04	 7.7765e+03	 5.7152e+00	 6.7087e-01	 3.6314e+02	 7.8265e+03	-8.3305e+01	 9.1887e+04	 1.0786e+04	-8.5191e+00
 4.3789e+04	 7.7765e+03	 5.5253e+00	 8.5419e-01	 3.6314e+02	 7.8292e+03	-8.1212e+01	 4.8111e+04	 7.4377e+03	-6.4685e+00
 6.5684e+04	 7.7765e+03	 5.2462e+00	 1.0307e+00	 3.6315e+02	 7.8316e+03	-7.8885e+01	 2.6582e+04	 5.2223e+03	-5.0901e+00
 9.8526e+04	 7.7765e+03	 4.8805e+00	 1.1499e+00	 3.6314e+02	 7.8345e+03	-7.6743e+01	 1.5884e+04	 3.7424e+03	-4.2444e+00
 1.4779e+05	 7.7765e+03	 4.4700e+00	 1.1648e+00	 3.6314e+02	 7.8394e+03	-7.5395e+01	 1.0454e+04	 2.7241e+03	-3.8375e+00
 2.2168e+05	 7.7765e+03	 4.1060e+00	 1.0712e+00	 3.6314e+02	 7.8420e+03	-7.5378e+01	 7.5780e+03	 1.9770e+03	-3.8330e+00
 3.3253e+05	 7.7765e+03	 3.7987e+00	 8.9390e-01	 3.6315e+02	 7.8445e+03	-7.6758e+01	 6.0542e+03	 1.4247e+03	-4.2496e+00
 4.9879e+05	 7.7765e+03	-4.3138e+00	 4.6644e+01	 3.6315e+02	 7.8474e+03	 5.2839e+00	 7.7349e+01	-8.3635e+02	 9.2483e-02
 7.4818e+05	 7.7765e+03	 3.4956e+00	 4.4572e-01	 3.6314e+02	 7.8544e+03	-8.2733e+01	 5.3963e+03	 6.8808e+02	-7.8425e+00
 9.0000e+05	 7.7765e+03	 3.4620e+00	 3.7419e-01	 3.6315e+02	 7.8625e+03	-8.3831e+01	 5.3436e+03	 5.7757e+02	-9.2519e+00
 1.0000e+02	 7.8599e+03	 6.2183e+00	 1.5341e-01	 3.6315e+02	 7.8706e+03	-8.8587e+01	 1.1731e+08	 2.8940e+06	-4.0534e+01
 1.5000e+02	 7.8599e+03	 6.1892e+00	 1.3528e-01	 3.6315e+02	 7.8732e+03	-8.8748e+01	 8.8686e+07	 1.9384e+06	-4.5753e+01
 2.2500e+02	 7.8599e+03	 6.1645e+00	 1.2215e-01	 3.6315e+02	 7.8759e+03	-8.8865e+01	 6.5478e+07	 1.2974e+06	-5.0467e+01
 3.3750e+02	 7.8599e+03	 6.1425e+00	 1.1317e-01	 3.6315e+02	 7.8785e+03	-8.8945e+01	 4.7116e+07	 8.6806e+05	-5.4277e+01
 5.0625e+02	 7.8599e+03	 6.1223e+00	 1.0839e-01	 3.6315e+02	 7.8812e+03	-8.8986e+01	 3.2795e+07	 5.8062e+05	-5.6484e+01
 7.5938e+02	 7.8599e+03	 6.1038e+00	 1.0852e-01	 3.6315e+02	 7.8838e+03	-8.8981e+01	 2.1837e+07	 3.8825e+05	-5.6244e+01
 1.1391e+03	 7.8599e+03	 6.0858e+00	 1.1389e-01	 3.6315e+02	 7.8890e+03	-8.8928e+01	 1.3872e+07	 2.5960e+05	-5.3436e+01
 1.7086e+03	 7.8599e+03	 6.0677e+00	 1.2584e-01	 3.6315e+02	 7.8915e+03	-8.8812e+01	 8.3697e+06	 1.7358e+05	-4.8217e+01
 2.5629e+03	 7.8599e+03	 6.0483e+00	 1.4617e-01	 3.6315e+02	 7.8943e+03	-8.8616e+01	 4.8037e+06	 1.1609e+05	-4.1378e+01
 3.8443e+03	 7.8599e+03	 6.0265e+00	 1.7801e-01	 3.6315e+02	 7.8967e+03	-8.8308e+01	 2.6297e+06	 7.7675e+04	-3.3856e+01
 5.7665e+03	 7.8599e+03	 6.0001e+00	 2.2470e-01	 3.6316e+02	 7.8994e+03	-8.7855e+01	 1.3889e+06	 5.2011e+04	-2.6703e+01
 8.6498e+03	 7.8599e+03	 5.9646e+00	 2.9183e-01	 3.6316e+02	 7.9020e+03	-8.7199e+01	 7.1291e+05	 3.4881e+04	-2.0439e+01
 1.2975e+04	 7.8599e+03	 5.9141e+00	 3.8532e-01	 3.6315e+02	 7.9046e+03	-8.6272e+01	 3.5996e+05	 2.3452e+04	-1.5349e+01
 1.9462e+04	 7.8599e+03	 5.8367e+00	 5.1127e-01	 3.6314e+02	 7.9071e+03	-8.4994e+01	 1.8086e+05	 1.5842e+04	-1.1416e+01
 2.9193e+04	 7.8599e+03	 5.7153e+00	 6.7094e-01	 3.6315e+02	 7.9099e+03	-8.3305e+01	 9.1877e+04	 1.0786e+04	-8.5184e+00
 4.3789e+04	 7.8599e+03	 5.5251e+00	 8.5411e-01	 3.6315e+02	 7.9125e+03	-8.1212e+01	 4.8115e+04	 7.4380e+03	-6.4688e+00
 6.5684e+04	 7.8599e+03	 5.2461e+00	 1.0308e+00	 3.6316e+02	 7.9152e+03	-7.8884e+01	 2.6579e+04	 5.2224e+03	-5.0894e+00
 9.8526e+04	 7.8599e+03	 4.8804e+00	 1.1499e+00	 3.6316e+02	 7.9178e+03	-7.6742e+01	 1.5884e+04	 3.7425e+03	-4.2442e+00
 1.4779e+05	 7.8599e+03	 4.4697e+00	 1.1647e+00	 3.6315e+02	 7.9230e+03	-7.5394e+01	 1.0455e+04	 2.7243e+03	-3.8375e+00
 2.2168e+05	 7.8599e+03	 4.1057e+00	 1.0712e+00	 3.6316e+02	 7.9255e+03	-7.5377e+01	 7.5780e+03	 1.9772e+03	-3.8327e+00
 3.3253e+05	 7.8599e+03	 3.7985e+00	 8.9392e-01	 3.6315e+02	 7.9280e+03	-7.6757e+01	 6.0540e+03	 1.4247e+03	-4.2493e+00
 4.9879e+05	 7.8599e+03	-4.3128e+00	 4.6641e+01	 3.6316e+02	 7.9307e+03	 5.2830e+00	 7.7354e+01	-8.3656e+02	 9.2467e-02
 7.4818e+05	 7.8599e+03	 3.4954e+00	 4.4585e-01	 3.6316e+02	 7.9375e+03	-8.2731e+01	 5.3948e+03	 6.8811e+02	-7.8400e+00
 9.0000e+05	 7.8599e+03	 3.4618e+00	 3.7432e-01	 3.6316e+02	 7.9452e+03	-8.3829e+01	 5.3417e+03	 5.7759e+02	-9.2483e+00
 1.0000e+02	 7.9425e+03	 6.2183e+00	 1.5329e-01	 3.6315e+02	 7.9536e+03	-8.8588e+01	 1.1740e+08	 2.8940e+06	-4.0566e+01
 1.5000e+02	 7.9425e+03	 6.1890e+00	 1.3590e-01	 3.6315e+02	 7.9561e+03	-8.8742e+01	 8.8277e+07	 1.9385e+06	-4.5540e+01
 2.2500e+02	 7.9425e+03	 6.1643e+00	 1.2195e-01	 3.6315e+02	 7.9588e+03	-8.8867e+01	 6.5587e+07	 1.2975e+06	-5.0549e+01
 3.3750e+02	 7.9425e+03	 6.1425e+00	 1.1329e-01	 3.6315e+02	 7.9614e+03	-8.8943e+01	 4.7067e+07	 8.6807e+05	-5.4220e+01
 5.0625e+02	 7.9425e+03	 6.1225e+00	 1.0863e-01	 3.6315e+02	 7.9639e+03	-8.8984e+01	 3.2723e+07	 5.8060e+05	-5.6362e+01
 7.5938e+02	 7.9425e+03	 6.1037e+00	 1.0867e-01	 3.6315e+02	 7.9665e+03	-8.8980e+01	 2.1808e+07	 3.8826e+05	-5.6170e+01
 1.1391e+03	 7.9425e+03	 6.0855e+00	 1.1380e-01	 3.6315e+02	 7.9717e+03	-8.8929e+01	 1.3883e+07	 2.5961e+05	-5.3476e+01
 1.7086e+03	 7.9425e+03	 6.0673e+00	 1.2578e-01	 3.6315e+02	 7.9742e+03	-8.8812e+01	 8.3736e+06	 1.7359e+05	-4.8237e+01
 2.5629e+03	 7.9425e+03	 6.0483e+00	 1.4622e-01	 3.6315e+02	 7.9770e+03	-8.8615e+01	 4.8021e+06	 1.1609e+05	-4.1364e+01
 3.8443e+03	 7.9425e+03	 6.0262e+00	 1.7778e-01	 3.6313e+02	 7.9794e+03	-8.8310e+01	 2.6331e+06	 7.7679e+04	-3.3897e+01
 5.7665e+03	 7.9425e+03	 5.9998e+00	 2.2481e-01	 3.6315e+02	 7.9819e+03	-8.7854e+01	 1.3882e+06	 5.2014e+04	-2.6688e+01
 8.6498e+03	 7.9425e+03	 5.9646e+00	 2.9196e-01	 3.6315e+02	 7.9846e+03	-8.7198e+01	 7.1259e+05	 3.4881e+04	-2.0429e+01
 1.2975e+04	 7.9425e+03	 5.9135e+00	 3.8553e-01	 3.6315e+02	 7.9872e+03	-8.6270e+01	 3.5976e+05	 2.3454e+04	-1.5339e+01
 1.9462e+04	 7.9425e+03	 5.8365e+00	 5.1124e-01	 3.6315e+02	 7.9899e+03	-8.4994e+01	 1.8086e+05	 1.5843e+04	-1.1416e+01
 2.9193e+04	 7.9425e+03	 5.7147e+00	 6.7111e-01	 3.6315e+02	 7.9925e+03	-8.3302e+01	 9.1854e+04	 1.0787e+04	-8.5154e+00
 4.3789e+04	 7.9425e+03	 5.5246e+00	 8.5433e-01	 3.6316e+02	 7.9951e+03	-8.1209e+01	 4.8103e+04	 7.4388e+03	-6.4666e+00
 6.5684e+04	 7.9425e+03	 5.2456e+00	 1.0310e+00	 3.6316e+02	 7.9975e+03	-7.8881e+01	 2.6574e+04	 5.2230e+03	-5.0880e+00
 9.8526e+04	 7.9425e+03	 4.8800e+00	 1.1500e+00	 3.6316e+02	 8.0003e+03	-7.6740e+01	 1.5882e+04	 3.7428e+03	-4.2434e+00
 1.4779e+05	 7.9425e+03	 4.4691e+00	 1.1647e+00	 3.6316e+02	 8.0055e+03	-7.5393e+01	 1.0455e+04	 2.7246e+03	-3.8370e+00
 2.2168e+05	 7.9425e+03	 4.1053e+00	 1.0710e+00	 3.6315e+02	 8.0082e+03	-7.5379e+01	 7.5798e+03	 1.9774e+03	-3.8332e+00
 3.3253e+05	 7.9425e+03	 3.7981e+00	 8.9363e-01	 3.6315e+02	 8.0110e+03	-7.6760e+01	 6.0560e+03	 1.4249e+03	-4.2501e+00
 4.9879e+05	 7.9425e+03	-4.3091e+00	 4.6637e+01	 3.6315e+02	 8.0137e+03	 5.2790e+00	 7.7361e+01	-8.3726e+02	 9.2397e-02
 7.4818e+05	 7.9425e+03	 3.4952e+00	 4.4555e-01	 3.6315e+02	 8.0205e+03	-8.2735e+01	 5.3984e+03	 6.8816e+02	-7.8447e+00
 9.0000e+05	 7.9425e+03	 3.4617e+00	 3.7399e-01	 3.6315e+02	 8.0284e+03	-8.3834e+01	 5.3465e+03	 5.7761e+02	-9.2562e+00
 1.0000e+02	 8.0257e+03	 6.2177e+00	 1.5334e-01	 3.6315e+02	 8.0364e+03	-8.8587e+01	 1.1736e+08	 2.8943e+06	-4.0548e+01
 1.5000e+02	 8.0257e+03	 6.1884e+00	 1.3612e-01	 3.6315e+02	 8.0389e+03	-8.8740e+01	 8.8134e+07	 1.9386e+06	-4.5462e+01
 2.2500e+02	 8.0257e+03	 6.1644e+00	 1.2223e-01	 3.6315e+02	 8.0417e+03	-8.8864e+01	 6.5437e+07	 1.2975e+06	-5.0434e+01
 3.3750e+02	 8.0257e+03	 6.1420e+00	 1.1301e-01	 3.6315e+02	 8.0443e+03	-8.8946e+01	 4.7181e+07	 8.6813e+05	-5.4347e+01
 5.0625e+02	 8.0257e+03	 6.1218e+00	 1.0876e-01	 3.6314e+02	 8.0470e+03	-8.8982e+01	 3.2684e+07	 5.8067e+05	-5.6288e+01
 7.5938e+02	 8.0257e+03	 6.1033e+00	 1.0867e-01	 3.6315e+02	 8.0495e+03	-8.8980e+01	 2.1808e+07	 3.8828e+05	-5.6166e+01
 1.1391e+03	 8.0257e+03	 6.0854e+00	 1.1386e-01	 3.6315e+02	 8.0546e+03	-8.8928e+01	 1.3875e+07	 2.5962e+05	-5.3445e+01
 1.7086e+03	 8.0257e+03	 6.0670e+00	 1.2578e-01	 3.6314e+02	 8.0570e+03	-8.8812e+01	 8.3736e+06	 1.7360e+05	-4.8235e+01
 2.5629e+03	 8.0257e+03	 6.0480e+00	 1.4619e-01	 3.6315e+02	 8.0597e+03	-8.8615e+01	 4.8030e+06	 1.1610e+05	-4.1370e+01
 3.8443e+03	 8.0257e+03	 6.0259e+00	 1.7803e-01	 3.6315e+02	 8.0621e+03	-8.8308e+01	 2.6293e+06	 7.7682e+04	-3.3847e+01
 5.7665e+03	 8.0257e+03	 5.9996e+00	 2.2491e-01	 3.6315e+02	 8.0645e+03	-8.7853e+01	 1.3875e+06	 5.2016e+04	-2.6675e+01
 8.6498e+03	 8.0257e+03	 5.9642e+00	 2.9200e-01	 3.6314e+02	 8.0672e+03	-8.7197e+01	 7.1250e+05	 3.4883e+04	-2.0425e+01
 1.2975e+04	 8.0257e+03	 5.9133e+00	 3.8557e-01	 3.6315e+02	 8.0698e+03	-8.6269e+01	 3.5972e+05	 2.3456e+04	-1.5336e+01
 1.9462e+04	 8.0257e+03	 5.8361e+00	 5.1144e-01	 3.6314e+02	 8.0725e+03	-8.4992e+01	 1.8079e+05	 1.5844e+04	-1.1411e+01
 2.9193e+04	 8.0257e+03	 5.7145e+00	 6.7132e-01	 3.6315e+02	 8.0751e+03	-8.3300e+01	 9.1825e+04	 1.0787e+04	-8.5122e+00
 4.3789e+04	 8.0257e+03	 5.5242e+00	 8.5468e-01	 3.6315e+02	 8.0779e+03	-8.1205e+01	 4.8084e+04	 7.4393e+03	-6.4635e+00
 6.5684e+04	 8.0257e+03	 5.2447e+00	 1.0310e+00	 3.6315e+02	 8.0804e+03	-7.8879e+01	 2.6574e+04	 5.2238e+03	-5.0872e+00
 9.8526e+04	 8.0257e+03	 4.8792e+00	 1.1500e+00	 3.6315e+02	 8.0830e+03	-7.6738e+01	 1.5882e+04	 3.7434e+03	-4.2428e+00
 1.4779e+05	 8.0257e+03	 4.4686e+00	 1.1646e+00	 3.6315e+02	 8.0882e+03	-7.5392e+01	 1.0455e+04	 2.7249e+03	-3.8369e+00
 2.2168e+05	 8.0257e+03	 4.1047e+00	 1.0708e+00	 3.6315e+02	 8.0907e+03	-7.5380e+01	 7.5812e+03	 1.9776e+03	-3.8334e+00
 3.3253e+05	 8.0257e+03	 3.7977e+00	 8.9340e-01	 3.6314e+02	 8.0931e+03	-7.6762e+01	 6.0576e+03	 1.4250e+03	-4.2509e+00
 4.9879e+05	 8.0257e+03	-4.3077e+00	 4.6634e+01	 3.6315e+02	 8.0961e+03	 5.2776e+00	 7.7366e+01	-8.3754e+02	 9.2373e-02
 7.4818e+05	 8.0257e+03	 3.4950e+00	 4.4547e-01	 3.6315e+02	 8.1027e+03	-8.2736e+01	 5.3994e+03	 6.8819e+02	-7.8457e+00
 9.0000e+05	 8.0257e+03	 3.4615e+00	 3.7380e-01	 3.6315e+02	 8.1108e+03	-8.3837e+01	 5.3492e+03	 5.7764e+02	-9.2604e+00
 1.0000e+02	 8.1081e+03	 6.2174e+00	 1.5299e-01	 3.6315e+02	 8.1186e+03	-8.8590e+01	 1.1763e+08	 2.8944e+06	-4.0640e+01
 1.5000e+02	 8.1081e+03	 6.1892e+00	 1.3502e-01	 3.6315e+02	 8.1213e+03	-8.8750e+01	 8.8853e+07	 1.9384e+06	-4.5838e+01
 2.2500e+02	 8.1081e+03	 6.1638e+00	 1.2199e-01	 3.6315e+02	 8.1239e+03	-8.8866e+01	 6.5565e+07	 1.2976e+06	-5.0528e+01
 3.3750e+02	 8.1081e+03	 6.1417e+00	 1.1303e-01	 3.6315e+02	 8.1265e+03	-8.8946e+01	 4.7174e+07	 8.6817e+05	-5.4337e+01
 5.0625e+02	 8.1081e+03	 6.1220e+00	 1.0839e-01	 3.6315e+02	 8.1289e+03	-8.8986e+01	 3.2795e+07	 5.8064e+05	-5.6480e+01
 7.5938e+02	 8.1081e+03	 6.1032e+00	 1.0840e-01	 3.6315e+02	 8.1318e+03	-8.8983e+01	 2.1863e+07	 3.8829e+05	-5.6305e+01
 1.1391e+03	 8.1081e+03	 6.0853e+00	 1.1381e-01	 3.6315e+02	 8.1367e+03	-8.8929e+01	 1.3882e+07	 2.5962e+05	-5.3469e+01
 1.7086e+03	 8.1081e+03	 6.0670e+00	 1.2574e-01	 3.6315e+02	 8.1392e+03	-8.8813e+01	 8.3762e+06	 1.7360e+05	-4.8250e+01
 2.5629e+03	 8.1081e+03	 6.0476e+00	 1.4635e-01	 3.6316e+02	 8.1417e+03	-8.8614e+01	 4.7979e+06	 1.1611e+05	-4.1323e+01
 3.8443e+03	 8.1081e+03	 6.0257e+00	 1.7811e-01	 3.6315e+02	 8.1445e+03	-8.8307e+01	 2.6283e+06	 7.7685e+04	-3.3832e+01
 5.7665e+03	 8.1081e+03	 5.9995e+00	 2.2477e-01	 3.6316e+02	 8.1469e+03	-8.7854e+01	 1.3884e+06	 5.2017e+04	-2.6692e+01
 8.6498e+03	 8.1081e+03	 5.9641e+00	 2.9205e-01	 3.6315e+02	 8.1495e+03	-8.7197e+01	 7.1238e+05	 3.4884e+04	-2.0422e+01
 1.2975e+04	 8.1081e+03	 5.9130e+00	 3.8559e-01	 3.6315e+02	 8.1521e+03	-8.6269e+01	 3.5970e+05	 2.3456e+04	-1.5335e+01
 1.9462e+04	 8.1081e+03	 5.8359e+00	 5.1154e-01	 3.6315e+02	 8.1545e+03	-8.4991e+01	 1.8076e+05	 1.5844e+04	-1.1408e+01
 2.9193e+04	 8.1081e+03	 5.7140e+00	 6.7144e-01	 3.6316e+02	 8.1573e+03	-8.3298e+01	 9.1809e+04	 1.0788e+04	-8.5101e+00
 4.3789e+04	 8.1081e+03	 5.5238e+00	 8.5457e-01	 3.6316e+02	 8.1597e+03	-8.1206e+01	 4.8090e+04	 7.4398e+03	-6.4639e+00
 6.5684e+04	 8.1081e+03	 5.2444e+00	 1.0310e+00	 3.6315e+02	 8.1622e+03	-7.8878e+01	 2.6573e+04	 5.2241e+03	-5.0866e+00
 9.8526e+04	 8.1081e+03	 4.8788e+00	 1.1499e+00	 3.6315e+02	 8.1648e+03	-7.6738e+01	 1.5884e+04	 3.7437e+03	-4.2428e+00
 1.4779e+05	 8.1081e+03	 4.4680e+00	 1.1645e+00	 3.6315e+02	 8.1701e+03	-7.5392e+01	 1.0457e+04	 2.7253e+03	-3.8370e+00
 2.2168e+05	 8.1081e+03	 4.1042e+00	 1.0705e+00	 3.6315e+02	 8.1726e+03	-7.5381e+01	 7.5831e+03	 1.9779e+03	-3.8339e+00
 3.3253e+05	 8.1081e+03	 3.7973e+00	 8.9314e-01	 3.6315e+02	 8.1750e+03	-7.6764e+01	 6.0593e+03	 1.4252e+03	-4.2516e+00
 4.9879e+05	 8.1081e+03	-4.3037e+00	 4.6630e+01	 3.6315e+02	 8.1779e+03	 5.2732e+00	 7.7372e+01	-8.3832e+02	 9.2295e-02
 7.4818e+05	 8.1081e+03	 3.4948e+00	 4.4504e-01	 3.6315e+02	 8.1844e+03	-8.2743e+01	 5.4046e+03	 6.8824e+02	-7.8527e+00
 9.0000e+05	 8.1081e+03	 3.4614e+00	 3.7369e-01	 3.6315e+02	 8.1920e+03	-8.3838e+01	 5.3508e+03	 5.7767e+02	-9.2628e+00
 1.0000e+02	 8.1894e+03	 6.2172e+00	 1.5309e-01	 3.6315e+02	 8.2001e+03	-8.8589e+01	 1.1755e+08	 2.8945e+06	-4.0611e+01
 1.5000e+02	 8.1894e+03	 6.1900e+00	 1.3370e-01	 3.6315e+02	 8.2030e+03	-8.8763e+01	 8.9728e+07	 1.9381e+06	-4.6296e+01
 2.2500e+02	 8.1894e+03	 6.1636e+00	 1.2201e-01	 3.6315e+02	 8.2055e+03	-8.8866e+01	 6.5551e+07	 1.2976e+06	-5.0516e+01
 3.3750e+02	 8.1894e+03	 6.1417e+00	 1.1296e-01	 3.6315e+02	 8.2083e+03	-8.8946e+01	 4.7202e+07	 8.6817e+05	-5.4370e+01
 5.0625e+02	 8.1894e+03	 6.1215e+00	 1.0840e-01	 3.6314e+02	 8.2107e+03	-8.8986e+01	 3.2793e+07	 5.8069e+05	-5.6472e+01
 7.5938e+02	 8.1894e+03	 6.1028e+00	 1.0828e-01	 3.6315e+02	 8.2137e+03	-8.8983e+01	 2.1885e+07	 3.8831e+05	-5.6360e+01
 1.1391e+03	 8.1894e+03	 6.0847e+00	 1.1376e-01	 3.6315e+02	 8.2190e+03	-8.8929e+01	 1.3887e+07	 2.5965e+05	-5.3485e+01
 1.7086e+03	 8.1894e+03	 6.0667e+00	 1.2565e-01	 3.6315e+02	 8.2214e+03	-8.8814e+01	 8.3826e+06	 1.7361e+05	-4.8283e+01
 2.5629e+03	 8.1894e+03	 6.0473e+00	 1.4624e-01	 3.6315e+02	 8.2242e+03	-8.8615e+01	 4.8014e+06	 1.1611e+05	-4.1351e+01
 3.8443e+03	 8.1894e+03	 6.0255e+00	 1.7803e-01	 3.6315e+02	 8.2267e+03	-8.8308e+01	 2.6294e+06	 7.7687e+04	-3.3846e+01
 5.7665e+03	 8.1894e+03	 5.9991e+00	 2.2490e-01	 3.6315e+02	 8.2291e+03	-8.7853e+01	 1.3876e+06	 5.2020e+04	-2.6674e+01
 8.6498e+03	 8.1894e+03	 5.9638e+00	 2.9229e-01	 3.6315e+02	 8.2319e+03	-8.7194e+01	 7.1179e+05	 3.4885e+04	-2.0404e+01
 1.2975e+04	 8.1894e+03	 5.9129e+00	 3.8573e-01	 3.6314e+02	 8.2344e+03	-8.6268e+01	 3.5958e+05	 2.3457e+04	-1.5329e+01
 1.9462e+04	 8.1894e+03	 5.8353e+00	 5.1178e-01	 3.6315e+02	 8.2369e+03	-8.4988e+01	 1.8068e+05	 1.5846e+04	-1.1402e+01
 2.9193e+04	 8.1894e+03	 5.7136e+00	 6.7164e-01	 3.6315e+02	 8.2397e+03	-8.3296e+01	 9.1781e+04	 1.0789e+04	-8.5070e+00
 4.3789e+04	 8.1894e+03	 5.5232e+00	 8.5500e-01	 3.6314e+02	 8.2421e+03	-8.1200e+01	 4.8066e+04	 7.4406e+03	-6.4599e+00
 6.5684e+04	 8.1894e+03	 5.2437e+00	 1.0311e+00	 3.6315e+02	 8.2447e+03	-7.8876e+01	 2.6571e+04	 5.2248e+03	-5.0856e+00
 9.8526e+04	 8.1894e+03	 4.8781e+00	 1.1499e+00	 3.6314e+02	 8.2472e+03	-7.6736e+01	 1.5884e+04	 3.7442e+03	-4.2421e+00
 1.4779e+05	 8.1894e+03	 4.4673e+00	 1.1643e+00	 3.6314e+02	 8.2523e+03	-7.5392e+01	 1.0458e+04	 2.7257e+03	-3.8368e+00
 2.2168e+05	 8.1894e+03	 4.1038e+00	 1.0704e+00	 3.6315e+02	 8.2547e+03	-7.5382e+01	 7.5841e+03	 1.9781e+03	-3.8340e+00
 3.3253e+05	 8.1894e+03	 3.7970e+00	 8.9292e-01	 3.6315e+02	 8.2574e+03	-7.6766e+01	 6.0608e+03	 1.4253e+03	-4.2523e+00
 4.9879e+05	 8.1894e+03	-4.3008e+00	 4.6626e+01	 3.6314e+02	 8.2601e+03	 5.2702e+00	 7.7380e+01	-8.3888e+02	 9.2242e-02
 7.4818e+05	 8.1894e+03	 3.4947e+00	 4.4495e-01	 3.6316e+02	 8.2669e+03	-8.2744e+01	 5.4056e+03	 6.8826e+02	-7.8540e+00
 9.0000e+05	 8.1894e+03	 3.4612e+00	 3.7345e-01	 3.6315e+02	 8.2748e+03	-8.3842e+01	 5.3542e+03	 5.7770e+02	-9.2681e+00
 1.0000e+02	 8.2721e+03	 6.2173e+00	 1.5259e-01	 3.6315e+02	 8.2829e+03	-8.8594e+01	 1.1794e+08	 2.8945e+06	-4.0745e+01
 1.5000e+02	 8.2721e+03	 6.1892e+00	 1.3567e-01	 3.6314e+02	 8.2854e+03	-8.8744e+01	 8.8426e+07	 1.9384e+06	-4.5618e+01
 2.2500e+02	 8.2721e+03	 6.1633e+00	 1.2174e-01	 3.6315e+02	 8.2882e+03	-8.8868e+01	 6.5700e+07	 1.2977e+06	-5.0628e+01
 3.3750e+02	 8.2721e+03	 6.1413e+00	 1.1290e-01	 3.6315e+02	 8.2907e+03	-8.8947e+01	 4.7227e+07	 8.6823e+05	-5.4395e+01
 5.0625e+02	 8.2721e+03	 6.1213e+00	 1.0843e-01	 3.6315e+02	 8.2932e+03	-8.8985e+01	 3.2782e+07	 5.8071e+05	-5.6452e+01
 7.5938e+02	 8.2721e+03	 6.1029e+00	 1.0841e-01	 3.6315e+02	 8.2957e+03	-8.8982e+01	 2.1859e+07	 3.8831e+05	-5.6292e+01
 1.1391e+03	 8.2721e+03	 6.0848e+00	 1.1344e-01	 3.6315e+02	 8.3010e+03	-8.8932e+01	 1.3926e+07	 2.5964e+05	-5.3637e+01
 1.7086e+03	 8.2721e+03	 6.0665e+00	 1.2560e-01	 3.6314e+02	 8.3034e+03	-8.8814e+01	 8.3856e+06	 1.7362e+05	-4.8300e+01
 2.5629e+03	 8.2721e+03	 6.0470e+00	 1.4631e-01	 3.6314e+02	 8.3063e+03	-8.8614e+01	 4.7992e+06	 1.1612e+05	-4.1331e+01
 3.8443e+03	 8.2721e+03	 6.0253e+00	 1.7821e-01	 3.6315e+02	 8.3087e+03	-8.8306e+01	 2.6267e+06	 7.7690e+04	-3.3810e+01
 5.7665e+03	 8.2721e+03	 5.9990e+00	 2.2507e-01	 3.6315e+02	 8.3112e+03	-8.7851e+01	 1.3866e+06	 5.2021e+04	-2.6654e+01
 8.6498e+03	 8.2721e+03	 5.9637e+00	 2.9226e-01	 3.6315e+02	 8.3139e+03	-8.7194e+01	 7.1187e+05	 3.4886e+04	-2.0406e+01
 1.2975e+04	 8.2721e+03	 5.9126e+00	 3.8596e-01	 3.6314e+02	 8.3165e+03	-8.6265e+01	 3.5936e+05	 2.3458e+04	-1.5319e+01
 1.9462e+04	 8.2721e+03	 5.8353e+00	 5.1173e-01	 3.6315e+02	 8.3192e+03	-8.4988e+01	 1.8069e+05	 1.5846e+04	-1.1403e+01
 2.9193e+04	 8.2721e+03	 5.7134e+00	 6.7174e-01	 3.6315e+02	 8.3218e+03	-8.3294e+01	 9.1767e+04	 1.0789e+04	-8.5054e+00
 4.3789e+04	 8.2721e+03	 5.5229e+00	 8.5501e-01	 3.6315e+02	 8.3245e+03	-8.1200e+01	 4.8065e+04	 7.4410e+03	-6.4594e+00
 6.5684e+04	 8.2721e+03	 5.2433e+00	 1.0312e+00	 3.6315e+02	 8.3269e+03	-7.8874e+01	 2.6568e+04	 5.2252e+03	-5.0847e+00
 9.8526e+04	 8.2721e+03	 4.8775e+00	 1.1499e+00	 3.6315e+02	 8.3297e+03	-7.6734e+01	 1.5884e+04	 3.7447e+03	-4.2417e+00
 1.4779e+05	 8.2721e+03	 4.4668e+00	 1.1642e+00	 3.6315e+02	 8.3347e+03	-7.5392e+01	 1.0459e+04	 2.7260e+03	-3.8367e+00
 2.2168e+05	 8.2721e+03	 4.1033e+00	 1.0701e+00	 3.6314e+02	 8.3374e+03	-7.5383e+01	 7.5856e+03	 1.9783e+03	-3.8343e+00
 3.3253e+05	 8.2721e+03	 3.7966e+00	 8.9272e-01	 3.6315e+02	 8.3398e+03	-7.6768e+01	 6.0622e+03	 1.4255e+03	-4.2528e+00
 4.9879e+05	 8.2721e+03	-4.2996e+00	 4.6623e+01	 3.6315e+02	 8.3427e+03	 5.2690e+00	 7.7384e+01	-8.3911e+02	 9.2221e-02
 7.4818e+05	 8.2721e+03	 3.4946e+00	 4.4474e-01	 3.6315e+02	 8.3494e+03	-8.2747e+01	 5.4082e+03	 6.8828e+02	-7.8576e+00
 9.0000e+05	 8.2721e+03	 3.4611e+00	 3.7340e-01	 3.6315e+02	 8.3574e+03	-8.3842e+01	 5.3549e+03	 5.7771e+02	-9.2691e+00
 1.0000e+02	 8.3548e+03	 6.2165e+00	 1.5295e-01	 3.6315e+02	 8.3652e+03	-8.8591e+01	 1.1765e+08	 2.8948e+06	-4.0643e+01
 1.5000e+02	 8.3548e+03	 6.1881e+00	 1.3520e-01	 3.6316e+02	 8.3679e+03	-8.8748e+01	 8.8739e+07	 1.9387e+06	-4.5771e+01
 2.2500e+02	 8.3548e+03	 6.1631e+00	 1.2176e-01	 3.6316e+02	 8.3704e+03	-8.8868e+01	 6.5689e+07	 1.2977e+06	-5.0618e+01
 3.3750e+02	 8.3548e+03	 6.1413e+00	 1.1295e-01	 3.6315e+02	 8.3730e+03	-8.8946e+01	 4.7208e+07	 8.6822e+05	-5.4373e+01
 5.0625e+02	 8.3548e+03	 6.1213e+00	 1.0864e-01	 3.6315e+02	 8.3754e+03	-8.8983e+01	 3.2720e+07	 5.8071e+05	-5.6345e+01
 7.5938e+02	 8.3548e+03	 6.1026e+00	 1.0834e-01	 3.6315e+02	 8.3780e+03	-8.8983e+01	 2.1873e+07	 3.8833e+05	-5.6326e+01
 1.1391e+03	 8.3548e+03	 6.0843e+00	 1.1372e-01	 3.6315e+02	 8.3831e+03	-8.8929e+01	 1.3892e+07	 2.5966e+05	-5.3502e+01
 1.7086e+03	 8.3548e+03	 6.0666e+00	 1.2574e-01	 3.6315e+02	 8.3855e+03	-8.8813e+01	 8.3767e+06	 1.7361e+05	-4.8249e+01
 2.5629e+03	 8.3548e+03	 6.0470e+00	 1.4623e-01	 3.6314e+02	 8.3882e+03	-8.8615e+01	 4.8018e+06	 1.1612e+05	-4.1353e+01
 3.8443e+03	 8.3548e+03	 6.0252e+00	 1.7821e-01	 3.6316e+02	 8.3907e+03	-8.8306e+01	 2.6267e+06	 7.7692e+04	-3.3809e+01
 5.7665e+03	 8.3548e+03	 5.9989e+00	 2.2500e-01	 3.6315e+02	 8.3931e+03	-8.7852e+01	 1.3870e+06	 5.2022e+04	-2.6662e+01
 8.6498e+03	 8.3548e+03	 5.9633e+00	 2.9227e-01	 3.6315e+02	 8.3957e+03	-8.7194e+01	 7.1184e+05	 3.4888e+04	-2.0403e+01
 1.2975e+04	 8.3548e+03	 5.9125e+00	 3.8591e-01	 3.6315e+02	 8.3982e+03	-8.6266e+01	 3.5941e+05	 2.3459e+04	-1.5321e+01
 1.9462e+04	 8.3548e+03	 5.8350e+00	 5.1191e-01	 3.6315e+02	 8.4010e+03	-8.4986e+01	 1.8063e+05	 1.5847e+04	-1.1398e+01
 2.9193e+04	 8.3548e+03	 5.7131e+00	 6.7173e-01	 3.6315e+02	 8.4035e+03	-8.3294e+01	 9.1768e+04	 1.0790e+04	-8.5050e+00
 4.3789e+04	 8.3548e+03	 5.5225e+00	 8.5511e-01	 3.6315e+02	 8.4062e+03	-8.1198e+01	 4.8059e+04	 7.4416e+03	-6.4582e+00
 6.5684e+04	 8.3548e+03	 5.2432e+00	 1.0313e+00	 3.6315e+02	 8.4087e+03	-7.8872e+01	 2.6565e+04	 5.2254e+03	-5.0839e+00
 9.8526e+04	 8.3548e+03	 4.8771e+00	 1.1499e+00	 3.6315e+02	 8.4112e+03	-7.6733e+01	 1.5884e+04	 3.7451e+03	-4.2413e+00
 1.4779e+05	 8.3548e+03	 4.4665e+00	 1.1641e+00	 3.6315e+02	 8.4162e+03	-7.5392e+01	 1.0460e+04	 2.7262e+03	-3.8368e+00
 2.2168e+05	 8.3548e+03	 4.1030e+00	 1.0701e+00	 3.6314e+02	 8.4189e+03	-7.5383e+01	 7.5861e+03	 1.9785e+03	-3.8343e+00
 3.3253e+05	 8.3548e+03	 3.7963e+00	 8.9251e-01	 3.6315e+02	 8.4215e+03	-7.6770e+01	 6.0636e+03	 1.4256e+03	-4.2535e+00
 4.9879e+05	 8.3548e+03	-4.2981e+00	 4.6620e+01	 3.6315e+02	 8.4245e+03	 5.2674e+00	 7.7389e+01	-8.3941e+02	 9.2194e-02
 7.4818e+05	 8.3548e+03	 3.4945e+00	 4.4422e-01	 3.6315e+02	 8.4310e+03	-8.2755e+01	 5.4146e+03	 6.8830e+02	-7.8666e+00
 9.0000e+05	 8.3548e+03	 3.4610e+00	 3.7284e-01	 3.6315e+02	 8.4385e+03	-8.3851e+01	 5.3629e+03	 5.7773e+02	-9.2828e+00
 1.0000e+02	 8.4359e+03	 6.2165e+00	 1.5254e-01	 3.6315e+02	 8.4467e+03	-8.8594e+01	 1.1797e+08	 2.8948e+06	-4.0753e+01
 1.5000e+02	 8.4359e+03	 6.1876e+00	 1.3607e-01	 3.6314e+02	 8.4492e+03	-8.8740e+01	 8.8167e+07	 1.9389e+06	-4.5472e+01
 2.2500e+02	 8.4359e+03	 6.1627e+00	 1.2168e-01	 3.6315e+02	 8.4520e+03	-8.8869e+01	 6.5729e+07	 1.2978e+06	-5.0646e+01
 3.3750e+02	 8.4359e+03	 6.1409e+00	 1.1277e-01	 3.6315e+02	 8.4546e+03	-8.8948e+01	 4.7281e+07	 8.6828e+05	-5.4454e+01
 5.0625e+02	 8.4359e+03	 6.1210e+00	 1.0819e-01	 3.6315e+02	 8.4570e+03	-8.8987e+01	 3.2857e+07	 5.8074e+05	-5.6578e+01
 7.5938e+02	 8.4359e+03	 6.1023e+00	 1.0843e-01	 3.6315e+02	 8.4596e+03	-8.8982e+01	 2.1855e+07	 3.8835e+05	-5.6277e+01
 1.1391e+03	 8.4359e+03	 6.0841e+00	 1.1359e-01	 3.6315e+02	 8.4649e+03	-8.8930e+01	 1.3909e+07	 2.5967e+05	-5.3564e+01
 1.7086e+03	 8.4359e+03	 6.0662e+00	 1.2571e-01	 3.6315e+02	 8.4673e+03	-8.8813e+01	 8.3786e+06	 1.7363e+05	-4.8257e+01
 2.5629e+03	 8.4359e+03	 6.0467e+00	 1.4647e-01	 3.6315e+02	 8.4702e+03	-8.8612e+01	 4.7940e+06	 1.1612e+05	-4.1284e+01
 3.8443e+03	 8.4359e+03	 6.0248e+00	 1.7808e-01	 3.6315e+02	 8.4726e+03	-8.8307e+01	 2.6286e+06	 7.7697e+04	-3.3832e+01
 5.7665e+03	 8.4359e+03	 5.9985e+00	 2.2506e-01	 3.6314e+02	 8.4751e+03	-8.7851e+01	 1.3866e+06	 5.2025e+04	-2.6653e+01
 8.6498e+03	 8.4359e+03	 5.9632e+00	 2.9245e-01	 3.6315e+02	 8.4777e+03	-8.7192e+01	 7.1139e+05	 3.4889e+04	-2.0390e+01
 1.2975e+04	 8.4359e+03	 5.9121e+00	 3.8608e-01	 3.6315e+02	 8.4804e+03	-8.6264e+01	 3.5925e+05	 2.3460e+04	-1.5313e+01
 1.9462e+04	 8.4359e+03	 5.8349e+00	 5.1194e-01	 3.6315e+02	 8.4829e+03	-8.4986e+01	 1.8062e+05	 1.5847e+04	-1.1398e+01
 2.9193e+04	 8.4359e+03	 5.7128e+00	 6.7194e-01	 3.6315e+02	 8.4855e+03	-8.3292e+01	 9.1740e+04	 1.0790e+04	-8.5020e+00
 4.3789e+04	 8.4359e+03	 5.5221e+00	 8.5518e-01	 3.6315e+02	 8.4882e+03	-8.1197e+01	 4.8055e+04	 7.4421e+03	-6.4572e+00
 6.5684e+04	 8.4359e+03	 5.2424e+00	 1.0314e+00	 3.6315e+02	 8.4907e+03	-7.8870e+01	 2.6564e+04	 5.2261e+03	-5.0830e+00
 9.8526e+04	 8.4359e+03	 4.8768e+00	 1.1498e+00	 3.6315e+02	 8.4935e+03	-7.6733e+01	 1.5885e+04	 3.7453e+03	-4.2412e+00
 1.4779e+05	 8.4359e+03	 4.4660e+00	 1.1640e+00	 3.6315e+02	 8.4984e+03	-7.5392e+01	 1.0461e+04	 2.7265e+03	-3.8369e+00
 2.2168e+05	 8.4359e+03	 4.1026e+00	 1.0698e+00	 3.6315e+02	 8.5009e+03	-7.5385e+01	 7.5880e+03	 1.9787e+03	-3.8349e+00
 3.3253e+05	 8.4359e+03	 3.7961e+00	 8.9240e-01	 3.6315e+02	 8.5034e+03	-7.6771e+01	 6.0644e+03	 1.4256e+03	-4.2538e+00
 4.9879e+05	 8.4359e+03	-4.2944e+00	 4.6617e+01	 3.6314e+02	 8.5065e+03	 5.2633e+00	 7.7394e+01	-8.4013e+02	 9.2122e-02
 7.4818e+05	 8.4359e+03	 3.4943e+00	 4.4409e-01	 3.6315e+02	 8.5129e+03	-8.2757e+01	 5.4161e+03	 6.8834e+02	-7.8684e+00
 9.0000e+05	 8.4359e+03	 3.4609e+00	 3.7269e-01	 3.6315e+02	 8.5206e+03	-8.3854e+01	 5.3652e+03	 5.7775e+02	-9.2864e+00
 1.0000e+02	 8.5179e+03	 6.2162e+00	 1.5246e-01	 3.6316e+02	 8.5288e+03	-8.8595e+01	 1.1804e+08	 2.8950e+06	-4.0774e+01
 1.5000e+02	 8.5179e+03	 6.1876e+00	 1.3457e-01	 3.6315e+02	 8.5313e+03	-8.8754e+01	 8.9154e+07	 1.9389e+06	-4.5981e+01
 2.2500e+02	 8.5179e+03	 6.1630e+00	 1.2188e-01	 3.6315e+02	 8.5339e+03	-8.8867e+01	 6.5621e+07	 1.2978e+06	-5.0565e+01
 3.3750e+02	 8.5179e+03	 6.1411e+00	 1.1296e-01	 3.6315e+02	 8.5365e+03	-8.8946e+01	 4.7202e+07	 8.6826e+05	-5.4364e+01
 5.0625e+02	 8.5179e+03	 6.1211e+00	 1.0824e-01	 3.6315e+02	 8.5392e+03	-8.8987e+01	 3.2840e+07	 5.8073e+05	-5.6550e+01
 7.5938e+02	 8.5179e+03	 6.1022e+00	 1.0833e-01	 3.6316e+02	 8.5417e+03	-8.8983e+01	 2.1876e+07	 3.8835e+05	-5.6331e+01
 1.1391e+03	 8.5179e+03	 6.0840e+00	 1.1358e-01	 3.6315e+02	 8.5469e+03	-8.8931e+01	 1.3910e+07	 2.5968e+05	-5.3568e+01
 1.7086e+03	 8.5179e+03	 6.0662e+00	 1.2575e-01	 3.6315e+02	 8.5493e+03	-8.8812e+01	 8.3756e+06	 1.7363e+05	-4.8239e+01
 2.5629e+03	 8.5179e+03	 6.0466e+00	 1.4642e-01	 3.6316e+02	 8.5520e+03	-8.8613e+01	 4.7957e+06	 1.1613e+05	-4.1298e+01
 3.8443e+03	 8.5179e+03	 6.0248e+00	 1.7821e-01	 3.6316e+02	 8.5544e+03	-8.8306e+01	 2.6268e+06	 7.7697e+04	-3.3808e+01
 5.7665e+03	 8.5179e+03	 5.9986e+00	 2.2514e-01	 3.6316e+02	 8.5569e+03	-8.7851e+01	 1.3861e+06	 5.2025e+04	-2.6644e+01
 8.6498e+03	 8.5179e+03	 5.9630e+00	 2.9235e-01	 3.6315e+02	 8.5597e+03	-8.7193e+01	 7.1164e+05	 3.4890e+04	-2.0397e+01
 1.2975e+04	 8.5179e+03	 5.9118e+00	 3.8611e-01	 3.6315e+02	 8.5624e+03	-8.6263e+01	 3.5922e+05	 2.3461e+04	-1.5311e+01
 1.9462e+04	 8.5179e+03	 5.8347e+00	 5.1206e-01	 3.6316e+02	 8.5649e+03	-8.4984e+01	 1.8058e+05	 1.5848e+04	-1.1395e+01
 2.9193e+04	 8.5179e+03	 5.7128e+00	 6.7211e-01	 3.6316e+02	 8.5674e+03	-8.3290e+01	 9.1718e+04	 1.0791e+04	-8.4998e+00
 4.3789e+04	 8.5179e+03	 5.5219e+00	 8.5526e-01	 3.6316e+02	 8.5700e+03	-8.1196e+01	 4.8051e+04	 7.4424e+03	-6.4564e+00
 6.5684e+04	 8.5179e+03	 5.2422e+00	 1.0315e+00	 3.6316e+02	 8.5724e+03	-7.8869e+01	 2.6562e+04	 5.2263e+03	-5.0823e+00
 9.8526e+04	 8.5179e+03	 4.8764e+00	 1.1499e+00	 3.6315e+02	 8.5752e+03	-7.6732e+01	 1.5884e+04	 3.7456e+03	-4.2408e+00
 1.4779e+05	 8.5179e+03	 4.4658e+00	 1.1640e+00	 3.6315e+02	 8.5802e+03	-7.5391e+01	 1.0461e+04	 2.7266e+03	-3.8367e+00
 2.2168e+05	 8.5179e+03	 4.1024e+00	 1.0698e+00	 3.6315e+02	 8.5829e+03	-7.5385e+01	 7.5884e+03	 1.9788e+03	-3.8349e+00
 3.3253e+05	 8.5179e+03	 3.7959e+00	 8.9217e-01	 3.6316e+02	 8.5854e+03	-7.6774e+01	 6.0659e+03	 1.4257e+03	-4.2547e+00
 4.9879e+05	 8.5179e+03	-4.2938e+00	 4.6616e+01	 3.6316e+02	 8.5882e+03	 5.2627e+00	 7.7396e+01	-8.4025e+02	 9.2110e-02
 7.4818e+05	 8.5179e+03	 3.4942e+00	 4.4414e-01	 3.6316e+02	 8.5949e+03	-8.2756e+01	 5.4156e+03	 6.8835e+02	-7.8674e+00
 9.0000e+05	 8.5179e+03	 3.4609e+00	 3.7272e-01	 3.6315e+02	 8.6030e+03	-8.3853e+01	 5.3647e+03	 5.7775e+02	-9.2856e+00
 1.0000e+02	 8.6003e+03	 6.2163e+00	 1.5243e-01	 3.6316e+02	 8.6108e+03	-8.8595e+01	 1.1806e+08	 2.8949e+06	-4.0782e+01
 1.5000e+02	 8.6003e+03	 6.1878e+00	 1.3413e-01	 3.6315e+02	 8.6137e+03	-8.8758e+01	 8.9445e+07	 1.9388e+06	-4.6133e+01
 2.2500e+02	 8.6003e+03	 6.1625e+00	 1.2168e-01	 3.6316e+02	 8.6162e+03	-8.8869e+01	 6.5731e+07	 1.2979e+06	-5.0645e+01
 3.3750e+02	 8.6003e+03	 6.1409e+00	 1.1276e-01	 3.6315e+02	 8.6192e+03	-8.8948e+01	 4.7287e+07	 8.6828e+05	-5.4460e+01
 5.0625e+02	 8.6003e+03	 6.1208e+00	 1.0830e-01	 3.6315e+02	 8.6216e+03	-8.8986e+01	 3.2822e+07	 5.8076e+05	-5.6515e+01
 7.5938e+02	 8.6003e+03	 6.1021e+00	 1.0850e-01	 3.6314e+02	 8.6245e+03	-8.8981e+01	 2.1842e+07	 3.8836e+05	-5.6241e+01
 1.1391e+03	 8.6003e+03	 6.0843e+00	 1.1396e-01	 3.6314e+02	 8.6297e+03	-8.8927e+01	 1.3863e+07	 2.5966e+05	-5.3388e+01
 1.7086e+03	 8.6003e+03	 6.0658e+00	 1.2574e-01	 3.6315e+02	 8.6322e+03	-8.8812e+01	 8.3764e+06	 1.7364e+05	-4.8241e+01
 2.5629e+03	 8.6003e+03	 6.0466e+00	 1.4641e-01	 3.6315e+02	 8.6347e+03	-8.8613e+01	 4.7960e+06	 1.1613e+05	-4.1300e+01
 3.8443e+03	 8.6003e+03	 6.0248e+00	 1.7823e-01	 3.6314e+02	 8.6374e+03	-8.8306e+01	 2.6264e+06	 7.7697e+04	-3.3803e+01
 5.7665e+03	 8.6003e+03	 5.9984e+00	 2.2525e-01	 3.6315e+02	 8.6398e+03	-8.7849e+01	 1.3854e+06	 5.2026e+04	-2.6630e+01
 8.6498e+03	 8.6003e+03	 5.9629e+00	 2.9270e-01	 3.6314e+02	 8.6425e+03	-8.7190e+01	 7.1079e+05	 3.4891e+04	-2.0372e+01
 1.2975e+04	 8.6003e+03	 5.9117e+00	 3.8633e-01	 3.6314e+02	 8.6450e+03	-8.6261e+01	 3.5902e+05	 2.3462e+04	-1.5302e+01
 1.9462e+04	 8.6003e+03	 5.8340e+00	 5.1255e-01	 3.6314e+02	 8.6475e+03	-8.4979e+01	 1.8040e+05	 1.5849e+04	-1.1382e+01
 2.9193e+04	 8.6003e+03	 5.7119e+00	 6.7254e-01	 3.6314e+02	 8.6500e+03	-8.3285e+01	 9.1659e+04	 1.0792e+04	-8.4930e+00
 4.3789e+04	 8.6003e+03	 5.5209e+00	 8.5569e-01	 3.6313e+02	 8.6525e+03	-8.1190e+01	 4.8027e+04	 7.4437e+03	-6.4520e+00
 6.5684e+04	 8.6003e+03	 5.2410e+00	 1.0317e+00	 3.6314e+02	 8.6552e+03	-7.8864e+01	 2.6556e+04	 5.2275e+03	-5.0800e+00
 9.8526e+04	 8.6003e+03	 4.8751e+00	 1.1499e+00	 3.6314e+02	 8.6578e+03	-7.6728e+01	 1.5883e+04	 3.7466e+03	-4.2395e+00
 1.4779e+05	 8.6003e+03	 4.4646e+00	 1.1637e+00	 3.6314e+02	 8.6629e+03	-7.5391e+01	 1.0464e+04	 2.7274e+03	-3.8365e+00
 2.2168e+05	 8.6003e+03	 4.1014e+00	 1.0692e+00	 3.6314e+02	 8.6653e+03	-7.5388e+01	 7.5920e+03	 1.9793e+03	-3.8358e+00
 3.3253e+05	 8.6003e+03	 3.7952e+00	 8.9157e-01	 3.6315e+02	 8.6679e+03	-7.6780e+01	 6.0700e+03	 1.4260e+03	-4.2567e+00
 4.9879e+05	 8.6003e+03	-4.2872e+00	 4.6610e+01	 3.6314e+02	 8.6706e+03	 5.2553e+00	 7.7405e+01	-8.4154e+02	 9.1980e-02
 7.4818e+05	 8.6003e+03	 3.4940e+00	 4.4366e-01	 3.6314e+02	 8.6771e+03	-8.2763e+01	 5.4214e+03	 6.8839e+02	-7.8754e+00
 9.0000e+05	 8.6003e+03	 3.4607e+00	 3.7224e-01	 3.6315e+02	 8.6850e+03	-8.3861e+01	 5.3716e+03	 5.7778e+02	-9.2970e+00
 1.0000e+02	 8.6823e+03	 6.2160e+00	 1.5237e-01	 3.6315e+02	 8.6928e+03	-8.8596e+01	 1.1810e+08	 2.8951e+06	-4.0795e+01
 1.5000e+02	 8.6823e+03	 6.1874e+00	 1.3483e-01	 3.6314e+02	 8.6955e+03	-8.8752e+01	 8.8979e+07	 1.9390e+06	-4.5890e+01
 2.2500e+02	 8.6823e+03	 6.1627e+00	 1.2158e-01	 3.6314e+02	 8.6979e+03	-8.8870e+01	 6.5785e+07	 1.2978e+06	-5.0689e+01
 3.3750e+02	 8.6823e+03	 6.1406e+00	 1.1284e-01	 3.6315e+02	 8.7008e+03	-8.8947e+01	 4.7253e+07	 8.6833e+05	-5.4418e+01
 5.0625e+02	 8.6823e+03	 6.1207e+00	 1.0832e-01	 3.6315e+02	 8.7032e+03	-8.8986e+01	 3.2818e+07	 5.8076e+05	-5.6509e+01
 7.5938e+02	 8.6823e+03	 6.1017e+00	 1.0826e-01	 3.6315e+02	 8.7061e+03	-8.8984e+01	 2.1890e+07	 3.8838e+05	-5.6362e+01
 1.1391e+03	 8.6823e+03	 6.0837e+00	 1.1379e-01	 3.6315e+02	 8.7110e+03	-8.8928e+01	 1.3884e+07	 2.5969e+05	-5.3463e+01
 1.7086e+03	 8.6823e+03	 6.0657e+00	 1.2581e-01	 3.6315e+02	 8.7136e+03	-8.8812e+01	 8.3719e+06	 1.7364e+05	-4.8214e+01
 2.5629e+03	 8.6823e+03	 6.0464e+00	 1.4651e-01	 3.6315e+02	 8.7162e+03	-8.8612e+01	 4.7925e+06	 1.1613e+05	-4.1268e+01
 3.8443e+03	 8.6823e+03	 6.0246e+00	 1.7825e-01	 3.6314e+02	 8.7186e+03	-8.8305e+01	 2.6261e+06	 7.7700e+04	-3.3798e+01
 5.7665e+03	 8.6823e+03	 5.9982e+00	 2.2518e-01	 3.6315e+02	 8.7212e+03	-8.7850e+01	 1.3859e+06	 5.2028e+04	-2.6638e+01
 8.6498e+03	 8.6823e+03	 5.9628e+00	 2.9267e-01	 3.6315e+02	 8.7238e+03	-8.7190e+01	 7.1085e+05	 3.4891e+04	-2.0374e+01
 1.2975e+04	 8.6823e+03	 5.9118e+00	 3.8647e-01	 3.6315e+02	 8.7264e+03	-8.6260e+01	 3.5889e+05	 2.3462e+04	-1.5297e+01
 1.9462e+04	 8.6823e+03	 5.8339e+00	 5.1251e-01	 3.6315e+02	 8.7288e+03	-8.4979e+01	 1.8042e+05	 1.5850e+04	-1.1383e+01
 2.9193e+04	 8.6823e+03	 5.7121e+00	 6.7252e-01	 3.6315e+02	 8.7314e+03	-8.3285e+01	 9.1661e+04	 1.0792e+04	-8.4935e+00
 4.3789e+04	 8.6823e+03	 5.5210e+00	 8.5567e-01	 3.6315e+02	 8.7339e+03	-8.1190e+01	 4.8028e+04	 7.4436e+03	-6.4523e+00
 6.5684e+04	 8.6823e+03	 5.2411e+00	 1.0317e+00	 3.6315e+02	 8.7363e+03	-7.8864e+01	 2.6555e+04	 5.2274e+03	-5.0800e+00
 9.8526e+04	 8.6823e+03	 4.8751e+00	 1.1499e+00	 3.6316e+02	 8.7390e+03	-7.6728e+01	 1.5884e+04	 3.7466e+03	-4.2395e+00
 1.4779e+05	 8.6823e+03	 4.4644e+00	 1.1636e+00	 3.6315e+02	 8.7442e+03	-7.5392e+01	 1.0465e+04	 2.7275e+03	-3.8368e+00
 2.2168e+05	 8.6823e+03	 4.1012e+00	 1.0691e+00	 3.6315e+02	 8.7466e+03	-7.5389e+01	 7.5929e+03	 1.9793e+03	-3.8361e+00
 3.3253e+05	 8.6823e+03	 3.7951e+00	 8.9152e-01	 3.6315e+02	 8.7490e+03	-7.6780e+01	 6.0704e+03	 1.4260e+03	-4.2569e+00
 4.9879e+05	 8.6823e+03	-4.2870e+00	 4.6609e+01	 3.6315e+02	 8.7521e+03	 5.2551e+00	 7.7408e+01	-8.4159e+02	 9.1977e-02
 7.4818e+05	 8.6823e+03	 3.4940e+00	 4.4327e-01	 3.6315e+02	 8.7586e+03	-8.2770e+01	 5.4262e+03	 6.8839e+02	-7.8824e+00
 9.0000e+05	 8.6823e+03	 3.4606e+00	 3.7201e-01	 3.6315e+02	 8.7664e+03	-8.3864e+01	 5.3749e+03	 5.7780e+02	-9.3024e+00
 1.0000e+02	 8.7637e+03	 6.2158e+00	 1.5239e-01	 3.6315e+02	 8.7741e+03	-8.8596e+01	 1.1809e+08	 2.8952e+06	-4.0788e+01
 1.5000e+02	 8.7637e+03	 6.1870e+00	 1.3475e-01	 3.6315e+02	 8.7766e+03	-8.8752e+01	 8.9033e+07	 1.9391e+06	-4.5915e+01
 2.2500e+02	 8.7637e+03	 6.1623e+00	 1.2143e-01	 3.6315e+02	 8.7792e+03	-8.8871e+01	 6.5867e+07	 1.2979e+06	-5.0748e+01
 3.3750e+02	 8.7637e+03	 6.1406e+00	 1.1280e-01	 3.6315e+02	 8.7818e+03	-8.8948e+01	 4.7268e+07	 8.6832e+05	-5.4436e+01
 5.0625e+02	 8.7637e+03	 6.1208e+00	 1.0836e-01	 3.6315e+02	 8.7845e+03	-8.8986e+01	 3.2805e+07	 5.8076e+05	-5.6486e+01
 7.5938e+02	 8.7637e+03	 6.1021e+00	 1.0846e-01	 3.6315e+02	 8.7871e+03	-8.8982e+01	 2.1849e+07	 3.8836e+05	-5.6261e+01
 1.1391e+03	 8.7637e+03	 6.0837e+00	 1.1396e-01	 3.6316e+02	 8.7924e+03	-8.8927e+01	 1.3864e+07	 2.5969e+05	-5.3386e+01
 1.7086e+03	 8.7637e+03	 6.0658e+00	 1.2583e-01	 3.6315e+02	 8.7949e+03	-8.8812e+01	 8.3701e+06	 1.7364e+05	-4.8205e+01
 2.5629e+03	 8.7637e+03	 6.0462e+00	 1.4647e-01	 3.6315e+02	 8.7975e+03	-8.8612e+01	 4.7939e+06	 1.1613e+05	-4.1280e+01
 3.8443e+03	 8.7637e+03	 6.0244e+00	 1.7817e-01	 3.6315e+02	 8.7999e+03	-8.8306e+01	 2.6272e+06	 7.7703e+04	-3.3812e+01
 5.7665e+03	 8.7637e+03	 5.9979e+00	 2.2532e-01	 3.6314e+02	 8.8027e+03	-8.7849e+01	 1.3850e+06	 5.2030e+04	-2.6620e+01
 8.6498e+03	 8.7637e+03	 5.9625e+00	 2.9262e-01	 3.6315e+02	 8.8053e+03	-8.7190e+01	 7.1100e+05	 3.4893e+04	-2.0377e+01
 1.2975e+04	 8.7637e+03	 5.9113e+00	 3.8637e-01	 3.6316e+02	 8.8079e+03	-8.6260e+01	 3.5898e+05	 2.3463e+04	-1.5299e+01
 1.9462e+04	 8.7637e+03	 5.8338e+00	 5.1253e-01	 3.6315e+02	 8.8104e+03	-8.4979e+01	 1.8041e+05	 1.5850e+04	-1.1382e+01
 2.9193e+04	 8.7637e+03	 5.7115e+00	 6.7257e-01	 3.6315e+02	 8.8132e+03	-8.3284e+01	 9.1654e+04	 1.0793e+04	-8.4921e+00
 4.3789e+04	 8.7637e+03	 5.5208e+00	 8.5589e-01	 3.6316e+02	 8.8157e+03	-8.1188e+01	 4.8016e+04	 7.4439e+03	-6.4504e+00
 6.5684e+04	 8.7637e+03	 5.2406e+00	 1.0317e+00	 3.6315e+02	 8.8185e+03	-7.8862e+01	 2.6555e+04	 5.2279e+03	-5.0794e+00
 9.8526e+04	 8.7637e+03	 4.8746e+00	 1.1498e+00	 3.6316e+02	 8.8211e+03	-7.6728e+01	 1.5885e+04	 3.7470e+03	-4.2395e+00
 1.4779e+05	 8.7637e+03	 4.4643e+00	 1.1636e+00	 3.6315e+02	 8.8263e+03	-7.5391e+01	 1.0464e+04	 2.7276e+03	-3.8365e+00
 2.2168e+05	 8.7637e+03	 4.1011e+00	 1.0691e+00	 3.6315e+02	 8.8287e+03	-7.5389e+01	 7.5933e+03	 1.9794e+03	-3.8362e+00
 3.3253e+05	 8.7637e+03	 3.7950e+00	 8.9141e-01	 3.6315e+02	 8.8314e+03	-7.6781e+01	 6.0711e+03	 1.4261e+03	-4.2572e+00
 4.9879e+05	 8.7637e+03	-4.2873e+00	 4.6608e+01	 3.6315e+02	 8.8341e+03	 5.2556e+00	 7.7409e+01	-8.4153e+02	 9.1986e-02
 7.4818e+05	 8.7637e+03	 3.4939e+00	 4.4321e-01	 3.6315e+02	 8.8407e+03	-8.2770e+01	 5.4269e+03	 6.8841e+02	-7.8832e+00
 9.0000e+05	 8.7637e+03	 3.4606e+00	 3.7195e-01	 3.6315e+02	 8.8485e+03	-8.3865e+01	 5.3757e+03	 5.7780e+02	-9.3038e+00
 1.0000e+02	 8.8459e+03	 6.2156e+00	 1.5255e-01	 3.6314e+02	 8.8569e+03	-8.8594e+01	 1.1796e+08	 2.8952e+06	-4.0744e+01
 1.5000e+02	 8.8459e+03	 6.1873e+00	 1.3492e-01	 3.6315e+02	 8.8594e+03	-8.8751e+01	 8.8919e+07	 1.9390e+06	-4.5858e+01
 2.2500e+02	 8.8459e+03	 6.1619e+00	 1.2163e-01	 3.6315e+02	 8.8620e+03	-8.8869e+01	 6.5759e+07	 1.2980e+06	-5.0662e+01
 3.3750e+02	 8.8459e+03	 6.1403e+00	 1.1269e-01	 3.6315e+02	 8.8645e+03	-8.8949e+01	 4.7317e+07	 8.6837e+05	-5.4490e+01
 5.0625e+02	 8.8459e+03	 6.1202e+00	 1.0830e-01	 3.6315e+02	 8.8670e+03	-8.8986e+01	 3.2824e+07	 5.8082e+05	-5.6514e+01
 7.5938e+02	 8.8459e+03	 6.1016e+00	 1.0849e-01	 3.6315e+02	 8.8696e+03	-8.8981e+01	 2.1843e+07	 3.8839e+05	-5.6241e+01
 1.1391e+03	 8.8459e+03	 6.0833e+00	 1.1381e-01	 3.6315e+02	 8.8747e+03	-8.8928e+01	 1.3882e+07	 2.5971e+05	-5.3453e+01
 1.7086e+03	 8.8459e+03	 6.0657e+00	 1.2590e-01	 3.6315e+02	 8.8772e+03	-8.8811e+01	 8.3661e+06	 1.7364e+05	-4.8180e+01
 2.5629e+03	 8.8459e+03	 6.0460e+00	 1.4647e-01	 3.6315e+02	 8.8797e+03	-8.8612e+01	 4.7940e+06	 1.1614e+05	-4.1279e+01
 3.8443e+03	 8.8459e+03	 6.0242e+00	 1.7828e-01	 3.6315e+02	 8.8824e+03	-8.8305e+01	 2.6258e+06	 7.7705e+04	-3.3792e+01
 5.7665e+03	 8.8459e+03	 5.9978e+00	 2.2539e-01	 3.6315e+02	 8.8849e+03	-8.7848e+01	 1.3846e+06	 5.2031e+04	-2.6611e+01
 8.6498e+03	 8.8459e+03	 5.9622e+00	 2.9270e-01	 3.6315e+02	 8.8875e+03	-8.7190e+01	 7.1080e+05	 3.4894e+04	-2.0370e+01
 1.2975e+04	 8.8459e+03	 5.9111e+00	 3.8651e-01	 3.6315e+02	 8.8900e+03	-8.6259e+01	 3.5885e+05	 2.3464e+04	-1.5293e+01
 1.9462e+04	 8.8459e+03	 5.8336e+00	 5.1248e-01	 3.6315e+02	 8.8928e+03	-8.4980e+01	 1.8043e+05	 1.5851e+04	-1.1383e+01
 2.9193e+04	 8.8459e+03	 5.7111e+00	 6.7256e-01	 3.6316e+02	 8.8954e+03	-8.3284e+01	 9.1656e+04	 1.0794e+04	-8.4917e+00
 4.3789e+04	 8.8459e+03	 5.5204e+00	 8.5561e-01	 3.6315e+02	 8.8979e+03	-8.1190e+01	 4.8031e+04	 7.4444e+03	-6.4520e+00
 6.5684e+04	 8.8459e+03	 5.2405e+00	 1.0317e+00	 3.6315e+02	 8.9005e+03	-7.8863e+01	 2.6556e+04	 5.2280e+03	-5.0796e+00
 9.8526e+04	 8.8459e+03	 4.8744e+00	 1.1497e+00	 3.6316e+02	 8.9032e+03	-7.6728e+01	 1.5886e+04	 3.7471e+03	-4.2396e+00
 1.4779e+05	 8.8459e+03	 4.4639e+00	 1.1634e+00	 3.6315e+02	 8.9084e+03	-7.5392e+01	 1.0466e+04	 2.7278e+03	-3.8370e+00
 2.2168e+05	 8.8459e+03	 4.1008e+00	 1.0690e+00	 3.6315e+02	 8.9110e+03	-7.5389e+01	 7.5936e+03	 1.9795e+03	-3.8361e+00
 3.3253e+05	 8.8459e+03	 3.7947e+00	 8.9137e-01	 3.6315e+02	 8.9134e+03	-7.6781e+01	 6.0714e+03	 1.4261e+03	-4.2572e+00
 4.9879e+05	 8.8459e+03	-4.2840e+00	 4.6606e+01	 3.6315e+02	 8.9162e+03	 5.2518e+00	 7.7413e+01	-8.4218e+02	 9.1919e-02
 7.4818e+05	 8.8459e+03	 3.4938e+00	 4.4345e-01	 3.6315e+02	 8.9229e+03	-8.2766e+01	 5.4239e+03	 6.8844e+02	-7.8786e+00
 9.0000e+05	 8.8459e+03	 3.4604e+00	 3.7214e-01	 3.6315e+02	 8.9304e+03	-8.3862e+01	 5.3730e+03	 5.7782e+02	-9.2987e+00
 1.0000e+02	 8.9278e+03	 6.2152e+00	 1.5239e-01	 3.6315e+02	 8.9386e+03	-8.8595e+01	 1.1809e+08	 2.8954e+06	-4.0784e+01
 1.5000e+02	 8.9278e+03	 6.1859e+00	 1.3540e-01	 3.6315e+02	 8.9411e+03	-8.8746e+01	 8.8603e+07	 1.9394e+06	-4.5685e+01
 2.2500e+02	 8.9278e+03	 6.1621e+00	 1.2165e-01	 3.6316e+02	 8.9435e+03	-8.8869e+01	 6.5747e+07	 1.2980e+06	-5.0654e+01
 3.3750e+02	 8.9278e+03	 6.1402e+00	 1.1277e-01	 3.6315e+02	 8.9461e+03	-8.8948e+01	 4.7282e+07	 8.6838e+05	-5.4448e+01
 5.0625e+02	 8.9278e+03	 6.1200e+00	 1.0831e-01	 3.6315e+02	 8.9486e+03	-8.8986e+01	 3.2819e+07	 5.8083e+05	-5.6504e+01
 7.5938e+02	 8.9278e+03	 6.1016e+00	 1.0829e-01	 3.6315e+02	 8.9512e+03	-8.8983e+01	 2.1885e+07	 3.8839e+05	-5.6346e+01
 1.1391e+03	 8.9278e+03	 6.0836e+00	 1.1379e-01	 3.6315e+02	 8.9563e+03	-8.8928e+01	 1.3884e+07	 2.5969e+05	-5.3463e+01
 1.7086e+03	 8.9278e+03	 6.0652e+00	 1.2583e-01	 3.6315e+02	 8.9589e+03	-8.8812e+01	 8.3704e+06	 1.7365e+05	-4.8202e+01
 2.5629e+03	 8.9278e+03	 6.0460e+00	 1.4657e-01	 3.6315e+02	 8.9615e+03	-8.8611e+01	 4.7905e+06	 1.1614e+05	-4.1248e+01
 3.8443e+03	 8.9278e+03	 6.0241e+00	 1.7835e-01	 3.6315e+02	 8.9642e+03	-8.8304e+01	 2.6246e+06	 7.7706e+04	-3.3776e+01
 5.7665e+03	 8.9278e+03	 5.9976e+00	 2.2542e-01	 3.6315e+02	 8.9667e+03	-8.7848e+01	 1.3844e+06	 5.2033e+04	-2.6607e+01
 8.6498e+03	 8.9278e+03	 5.9623e+00	 2.9276e-01	 3.6315e+02	 8.9694e+03	-8.7189e+01	 7.1066e+05	 3.4894e+04	-2.0366e+01
 1.2975e+04	 8.9278e+03	 5.9111e+00	 3.8652e-01	 3.6315e+02	 8.9720e+03	-8.6259e+01	 3.5884e+05	 2.3464e+04	-1.5293e+01
 1.9462e+04	 8.9278e+03	 5.8334e+00	 5.1278e-01	 3.6315e+02	 8.9745e+03	-8.4976e+01	 1.8032e+05	 1.5851e+04	-1.1376e+01
 2.9193e+04	 8.9278e+03	 5.7110e+00	 6.7285e-01	 3.6315e+02	 8.9772e+03	-8.3281e+01	 9.1616e+04	 1.0794e+04	-8.4878e+00
 4.3789e+04	 8.9278e+03	 5.5200e+00	 8.5606e-01	 3.6315e+02	 8.9796e+03	-8.1185e+01	 4.8006e+04	 7.4450e+03	-6.4481e+00
 6.5684e+04	 8.9278e+03	 5.2399e+00	 1.0318e+00	 3.6315e+02	 8.9820e+03	-7.8860e+01	 2.6553e+04	 5.2286e+03	-5.0784e+00
 9.8526e+04	 8.9278e+03	 4.8740e+00	 1.1498e+00	 3.6315e+02	 8.9847e+03	-7.6727e+01	 1.5886e+04	 3.7474e+03	-4.2392e+00
 1.4779e+05	 8.9278e+03	 4.4634e+00	 1.1633e+00	 3.6315e+02	 8.9899e+03	-7.5392e+01	 1.0467e+04	 2.7281e+03	-3.8369e+00
 2.2168e+05	 8.9278e+03	 4.1002e+00	 1.0687e+00	 3.6315e+02	 8.9924e+03	-7.5391e+01	 7.5959e+03	 1.9798e+03	-3.8367e+00
 3.3253e+05	 8.9278e+03	 3.7944e+00	 8.9099e-01	 3.6315e+02	 8.9949e+03	-7.6785e+01	 6.0740e+03	 1.4263e+03	-4.2586e+00
 4.9879e+05	 8.9278e+03	-4.2800e+00	 4.6593e+01	 3.6315e+02	 8.9976e+03	 5.2483e+00	 7.7433e+01	-8.4297e+02	 9.1858e-02
 7.4818e+05	 8.9278e+03	 3.4937e+00	 4.4343e-01	 3.6315e+02	 9.0040e+03	-8.2766e+01	 5.4242e+03	 6.8846e+02	-7.8787e+00
 9.0000e+05	 8.9278e+03	 3.4604e+00	 3.7220e-01	 3.6315e+02	 9.0116e+03	-8.3861e+01	 5.3721e+03	 5.7784e+02	-9.2970e+00
 1.0000e+02	 9.0089e+03	 6.2151e+00	 1.5225e-01	 3.6316e+02	 9.0197e+03	-8.8597e+01	 1.1820e+08	 2.8955e+06	-4.0822e+01
 1.5000e+02	 9.0089e+03	 6.1865e+00	 1.3234e-01	 3.6315e+02	 9.0221e+03	-8.8775e+01	 9.0656e+07	 1.9392e+06	-4.6748e+01
 2.2500e+02	 9.0089e+03	 6.1620e+00	 1.2135e-01	 3.6315e+02	 9.0250e+03	-8.8872e+01	 6.5911e+07	 1.2980e+06	-5.0780e+01
 3.3750e+02	 9.0089e+03	 6.1399e+00	 1.1263e-01	 3.6315e+02	 9.0275e+03	-8.8949e+01	 4.7340e+07	 8.6843e+05	-5.4512e+01
 5.0625e+02	 9.0089e+03	 6.1201e+00	 1.0811e-01	 3.6315e+02	 9.0302e+03	-8.8988e+01	 3.2879e+07	 5.8082e+05	-5.6608e+01
 7.5938e+02	 9.0089e+03	 6.1012e+00	 1.0829e-01	 3.6315e+02	 9.0328e+03	-8.8983e+01	 2.1883e+07	 3.8842e+05	-5.6340e+01
 1.1391e+03	 9.0089e+03	 6.0831e+00	 1.1377e-01	 3.6316e+02	 9.0381e+03	-8.8929e+01	 1.3887e+07	 2.5972e+05	-5.3469e+01
 1.7086e+03	 9.0089e+03	 6.0653e+00	 1.2578e-01	 3.6316e+02	 9.0405e+03	-8.8812e+01	 8.3737e+06	 1.7365e+05	-4.8222e+01
 2.5629e+03	 9.0089e+03	 6.0457e+00	 1.4620e-01	 3.6316e+02	 9.0432e+03	-8.8615e+01	 4.8029e+06	 1.1614e+05	-4.1353e+01
 3.8443e+03	 9.0089e+03	 6.0238e+00	 1.7845e-01	 3.6316e+02	 9.0456e+03	-8.8303e+01	 2.6232e+06	 7.7710e+04	-3.3757e+01
 5.7665e+03	 9.0089e+03	 5.9974e+00	 2.2556e-01	 3.6315e+02	 9.0480e+03	-8.7846e+01	 1.3836e+06	 5.2035e+04	-2.6589e+01
 8.6498e+03	 9.0089e+03	 5.9621e+00	 2.9285e-01	 3.6315e+02	 9.0506e+03	-8.7188e+01	 7.1043e+05	 3.4895e+04	-2.0359e+01
 1.2975e+04	 9.0089e+03	 5.9107e+00	 3.8661e-01	 3.6315e+02	 9.0532e+03	-8.6258e+01	 3.5875e+05	 2.3466e+04	-1.5288e+01
 1.9462e+04	 9.0089e+03	 5.8329e+00	 5.1282e-01	 3.6315e+02	 9.0558e+03	-8.4976e+01	 1.8031e+05	 1.5852e+04	-1.1374e+01
 2.9193e+04	 9.0089e+03	 5.7107e+00	 6.7287e-01	 3.6315e+02	 9.0584e+03	-8.3280e+01	 9.1614e+04	 1.0795e+04	-8.4871e+00
 4.3789e+04	 9.0089e+03	 5.5194e+00	 8.5608e-01	 3.6315e+02	 9.0609e+03	-8.1183e+01	 4.8005e+04	 7.4457e+03	-6.4473e+00
 6.5684e+04	 9.0089e+03	 5.2394e+00	 1.0318e+00	 3.6315e+02	 9.0636e+03	-7.8859e+01	 2.6553e+04	 5.2291e+03	-5.0779e+00
 9.8526e+04	 9.0089e+03	 4.8734e+00	 1.1498e+00	 3.6315e+02	 9.0665e+03	-7.6725e+01	 1.5886e+04	 3.7479e+03	-4.2386e+00
 1.4779e+05	 9.0089e+03	 4.4630e+00	 1.1632e+00	 3.6315e+02	 9.0714e+03	-7.5392e+01	 1.0468e+04	 2.7284e+03	-3.8368e+00
 2.2168e+05	 9.0089e+03	 4.0999e+00	 1.0685e+00	 3.6316e+02	 9.0739e+03	-7.5392e+01	 7.5970e+03	 1.9800e+03	-3.8369e+00
 3.3253e+05	 9.0089e+03	 3.7941e+00	 8.9071e-01	 3.6315e+02	 9.0765e+03	-7.6788e+01	 6.0759e+03	 1.4264e+03	-4.2597e+00
 4.9879e+05	 9.0089e+03	-4.2789e+00	 4.6601e+01	 3.6315e+02	 9.0795e+03	 5.2462e+00	 7.7421e+01	-8.4318e+02	 9.1820e-02
 7.4818e+05	 9.0089e+03	 3.4935e+00	 4.4292e-01	 3.6315e+02	 9.0860e+03	-8.2774e+01	 5.4305e+03	 6.8849e+02	-7.8875e+00
 9.0000e+05	 9.0089e+03	 3.4602e+00	 3.7187e-01	 3.6315e+02	 9.0936e+03	-8.3866e+01	 5.3769e+03	 5.7786e+02	-9.3049e+00
 1.0000e+02	 9.0909e+03	 6.2146e+00	 1.5192e-01	 3.6315e+02	 9.1017e+03	-8.8600e+01	 1.1845e+08	 2.8957e+06	-4.0907e+01
 1.5000e+02	 9.0909e+03	 6.1859e+00	 1.3537e-01	 3.6315e+02	 9.1042e+03	-8.8746e+01	 8.8623e+07	 1.9394e+06	-4.5695e+01
 2.2500e+02	 9.0909e+03	 6.1617e+00	 1.2121e-01	 3.6314e+02	 9.1067e+03	-8.8873e+01	 6.5987e+07	 1.2980e+06	-5.0836e+01
 3.3750e+02	 9.0909e+03	 6.1396e+00	 1.1256e-01	 3.6315e+02	 9.1092e+03	-8.8950e+01	 4.7373e+07	 8.6847e+05	-5.4547e+01
 5.0625e+02	 9.0909e+03	 6.1199e+00	 1.0807e-01	 3.6315e+02	 9.1118e+03	-8.8988e+01	 3.2892e+07	 5.8085e+05	-5.6628e+01
 7.5938e+02	 9.0909e+03	 6.1013e+00	 1.0831e-01	 3.6315e+02	 9.1145e+03	-8.8983e+01	 2.1881e+07	 3.8841e+05	-5.6334e+01
 1.1391e+03	 9.0909e+03	 6.0827e+00	 1.1400e-01	 3.6315e+02	 9.1195e+03	-8.8926e+01	 1.3859e+07	 2.5973e+05	-5.3358e+01
 1.7086e+03	 9.0909e+03	 6.0650e+00	 1.2589e-01	 3.6315e+02	 9.1220e+03	-8.8811e+01	 8.3663e+06	 1.7366e+05	-4.8177e+01
 2.5629e+03	 9.0909e+03	 6.0456e+00	 1.4642e-01	 3.6315e+02	 9.1245e+03	-8.8613e+01	 4.7956e+06	 1.1614e+05	-4.1290e+01
 3.8443e+03	 9.0909e+03	 6.0237e+00	 1.7846e-01	 3.6315e+02	 9.1270e+03	-8.8303e+01	 2.6231e+06	 7.7711e+04	-3.3754e+01
 5.7665e+03	 9.0909e+03	 5.9974e+00	 2.2546e-01	 3.6315e+02	 9.1295e+03	-8.7847e+01	 1.3842e+06	 5.2035e+04	-2.6601e+01
 8.6498e+03	 9.0909e+03	 5.9617e+00	 2.9302e-01	 3.6314e+02	 9.1322e+03	-8.7186e+01	 7.1003e+05	 3.4897e+04	-2.0346e+01
 1.2975e+04	 9.0909e+03	 5.9104e+00	 3.8677e-01	 3.6314e+02	 9.1349e+03	-8.6256e+01	 3.5860e+05	 2.3467e+04	-1.5281e+01
 1.9462e+04	 9.0909e+03	 5.8326e+00	 5.1311e-01	 3.6315e+02	 9.1377e+03	-8.4972e+01	 1.8021e+05	 1.5853e+04	-1.1367e+01
 2.9193e+04	 9.0909e+03	 5.7103e+00	 6.7309e-01	 3.6314e+02	 9.1402e+03	-8.3277e+01	 9.1584e+04	 1.0795e+04	-8.4837e+00
 4.3789e+04	 9.0909e+03	 5.5191e+00	 8.5627e-01	 3.6315e+02	 9.1430e+03	-8.1181e+01	 4.7994e+04	 7.4461e+03	-6.4455e+00
 6.5684e+04	 9.0909e+03	 5.2388e+00	 1.0318e+00	 3.6315e+02	 9.1454e+03	-7.8858e+01	 2.6553e+04	 5.2297e+03	-5.0774e+00
 9.8526e+04	 9.0909e+03	 4.8726e+00	 1.1497e+00	 3.6315e+02	 9.1483e+03	-7.6724e+01	 1.5887e+04	 3.7485e+03	-4.2382e+00
 1.4779e+05	 9.0909e+03	 4.4624e+00	 1.1629e+00	 3.6315e+02	 9.1535e+03	-7.5393e+01	 1.0470e+04	 2.7287e+03	-3.8371e+00
 2.2168e+05	 9.0909e+03	 4.0996e+00	 1.0681e+00	 3.6315e+02	 9.1559e+03	-7.5397e+01	 7.6001e+03	 1.9801e+03	-3.8382e+00
 3.3253e+05	 9.0909e+03	 3.7940e+00	 8.9104e-01	 3.6315e+02	 9.1584e+03	-7.6783e+01	 6.0736e+03	 1.4264e+03	-4.2579e+00
 4.9879e+05	 9.0909e+03	-4.2737e+00	 4.6596e+01	 3.6315e+02	 9.1613e+03	 5.2404e+00	 7.7429e+01	-8.4420e+02	 9.1719e-02
 7.4818e+05	 9.0909e+03	 3.4934e+00	 4.4315e-01	 3.6315e+02	 9.1677e+03	-8.2770e+01	 5.4276e+03	 6.8851e+02	-7.8831e+00
 9.0000e+05	 9.0909e+03	 3.4601e+00	 3.7184e-01	 3.6314e+02	 9.1757e+03	-8.3866e+01	 5.3773e+03	 5.7788e+02	-9.3052e+00
 1.0000e+02	 9.1730e+03	 6.2146e+00	 1.5190e-01	 3.6313e+02	 9.1836e+03	-8.8600e+01	 1.1847e+08	 2.8957e+06	-4.0913e+01
 1.5000e+02	 9.1730e+03	 6.1860e+00	 1.3369e-01	 3.6313e+02	 9.1861e+03	-8.8762e+01	 8.9740e+07	 1.9394e+06	-4.6272e+01
 2.2500e+02	 9.1730e+03	 6.1615e+00	 1.2136e-01	 3.6313e+02	 9.1887e+03	-8.8872e+01	 6.5903e+07	 1.2981e+06	-5.0770e+01
 3.3750e+02	 9.1730e+03	 6.1396e+00	 1.1269e-01	 3.6314e+02	 9.1912e+03	-8.8948e+01	 4.7314e+07	 8.6846e+05	-5.4480e+01
 5.0625e+02	 9.1730e+03	 6.1195e+00	 1.0830e-01	 3.6314e+02	 9.1939e+03	-8.8986e+01	 3.2824e+07	 5.8088e+05	-5.6507e+01
 7.5938e+02	 9.1730e+03	 6.1007e+00	 1.0834e-01	 3.6314e+02	 9.1965e+03	-8.8983e+01	 2.1875e+07	 3.8845e+05	-5.6313e+01
 1.1391e+03	 9.1730e+03	 6.0826e+00	 1.1336e-01	 3.6314e+02	 9.2016e+03	-8.8932e+01	 1.3937e+07	 2.5973e+05	-5.3659e+01
 1.7086e+03	 9.1730e+03	 6.0645e+00	 1.2569e-01	 3.6314e+02	 9.2040e+03	-8.8813e+01	 8.3794e+06	 1.7367e+05	-4.8248e+01
 2.5629e+03	 9.1730e+03	 6.0451e+00	 1.4670e-01	 3.6314e+02	 9.2067e+03	-8.8610e+01	 4.7864e+06	 1.1615e+05	-4.1207e+01
 3.8443e+03	 9.1730e+03	 6.0238e+00	 1.7829e-01	 3.6315e+02	 9.2092e+03	-8.8305e+01	 2.6256e+06	 7.7710e+04	-3.3787e+01
 5.7665e+03	 9.1730e+03	 5.9971e+00	 2.2550e-01	 3.6315e+02	 9.2116e+03	-8.7847e+01	 1.3839e+06	 5.2037e+04	-2.6594e+01
 8.6498e+03	 9.1730e+03	 5.9616e+00	 2.9289e-01	 3.6315e+02	 9.2142e+03	-8.7187e+01	 7.1033e+05	 3.4898e+04	-2.0354e+01
 1.2975e+04	 9.1730e+03	 5.9101e+00	 3.8681e-01	 3.6315e+02	 9.2167e+03	-8.6255e+01	 3.5857e+05	 2.3468e+04	-1.5279e+01
 1.9462e+04	 9.1730e+03	 5.8326e+00	 5.1293e-01	 3.6315e+02	 9.2194e+03	-8.4974e+01	 1.8027e+05	 1.5853e+04	-1.1371e+01
 2.9193e+04	 9.1730e+03	 5.7103e+00	 6.7289e-01	 3.6315e+02	 9.2220e+03	-8.3279e+01	 9.1611e+04	 1.0795e+04	-8.4862e+00
 4.3789e+04	 9.1730e+03	 5.5191e+00	 8.5587e-01	 3.6316e+02	 9.2248e+03	-8.1185e+01	 4.8017e+04	 7.4462e+03	-6.4485e+00
 6.5684e+04	 9.1730e+03	 5.2390e+00	 1.0317e+00	 3.6315e+02	 9.2272e+03	-7.8859e+01	 2.6555e+04	 5.2295e+03	-5.0779e+00
 9.8526e+04	 9.1730e+03	 4.8732e+00	 1.1496e+00	 3.6316e+02	 9.2300e+03	-7.6727e+01	 1.5889e+04	 3.7480e+03	-4.2392e+00
 1.4779e+05	 9.1730e+03	 4.4628e+00	 1.1630e+00	 3.6317e+02	 9.2349e+03	-7.5393e+01	 1.0470e+04	 2.7284e+03	-3.8373e+00
 2.2168e+05	 9.1730e+03	 4.1000e+00	 1.0684e+00	 3.6316e+02	 9.2377e+03	-7.5394e+01	 7.5978e+03	 1.9800e+03	-3.8373e+00
 3.3253e+05	 9.1730e+03	 3.7941e+00	 8.9082e-01	 3.6316e+02	 9.2401e+03	-7.6787e+01	 6.0751e+03	 1.4264e+03	-4.2591e+00
 4.9879e+05	 9.1730e+03	-4.2795e+00	 4.6599e+01	 3.6316e+02	 9.2430e+03	 5.2471e+00	 7.7424e+01	-8.4306e+02	 9.1836e-02
 7.4818e+05	 9.1730e+03	 3.4935e+00	 4.4323e-01	 3.6316e+02	 9.2495e+03	-8.2769e+01	 5.4266e+03	 6.8850e+02	-7.8818e+00
 9.0000e+05	 9.1730e+03	 3.4602e+00	 3.7200e-01	 3.6316e+02	 9.2570e+03	-8.3864e+01	 5.3751e+03	 5.7787e+02	-9.3015e+00
 1.0000e+02	 9.2544e+03	 6.2146e+00	 1.5214e-01	 3.6316e+02	 9.2652e+03	-8.8598e+01	 1.1829e+08	 2.8957e+06	-4.0848e+01
 1.5000e+02	 9.2544e+03	 6.1855e+00	 1.3580e-01	 3.6316e+02	 9.2677e+03	-8.8742e+01	 8.8342e+07	 1.9396e+06	-4.5548e+01
 2.2500e+02	 9.2544e+03	 6.1614e+00	 1.2136e-01	 3.6316e+02	 9.2702e+03	-8.8872e+01	 6.5904e+07	 1.2981e+06	-5.0770e+01
 3.3750e+02	 9.2544e+03	 6.1393e+00	 1.1242e-01	 3.6316e+02	 9.2727e+03	-8.8951e+01	 4.7430e+07	 8.6852e+05	-5.4610e+01
 5.0625e+02	 9.2544e+03	 6.1194e+00	 1.0802e-01	 3.6316e+02	 9.2752e+03	-8.8989e+01	 3.2909e+07	 5.8089e+05	-5.6652e+01
 7.5938e+02	 9.2544e+03	 6.1006e+00	 1.0826e-01	 3.6316e+02	 9.2780e+03	-8.8983e+01	 2.1889e+07	 3.8845e+05	-5.6350e+01
 1.1391e+03	 9.2544e+03	 6.0828e+00	 1.1372e-01	 3.6316e+02	 9.2833e+03	-8.8929e+01	 1.3893e+07	 2.5973e+05	-5.3489e+01
 1.7086e+03	 9.2544e+03	 6.0646e+00	 1.2588e-01	 3.6316e+02	 9.2858e+03	-8.8811e+01	 8.3672e+06	 1.7367e+05	-4.8178e+01
 2.5629e+03	 9.2544e+03	 6.0454e+00	 1.4647e-01	 3.6316e+02	 9.2885e+03	-8.8612e+01	 4.7938e+06	 1.1615e+05	-4.1273e+01
 3.8443e+03	 9.2544e+03	 6.0233e+00	 1.7830e-01	 3.6315e+02	 9.2910e+03	-8.8304e+01	 2.6254e+06	 7.7717e+04	-3.3782e+01
 5.7665e+03	 9.2544e+03	 5.9970e+00	 2.2540e-01	 3.6315e+02	 9.2935e+03	-8.7848e+01	 1.3845e+06	 5.2038e+04	-2.6606e+01
 8.6498e+03	 9.2544e+03	 5.9615e+00	 2.9282e-01	 3.6315e+02	 9.2961e+03	-8.7188e+01	 7.1049e+05	 3.4899e+04	-2.0358e+01
 1.2975e+04	 9.2544e+03	 5.9103e+00	 3.8689e-01	 3.6315e+02	 9.2987e+03	-8.6255e+01	 3.5849e+05	 2.3468e+04	-1.5276e+01
 1.9462e+04	 9.2544e+03	 5.8324e+00	 5.1298e-01	 3.6315e+02	 9.3013e+03	-8.4974e+01	 1.8025e+05	 1.5854e+04	-1.1370e+01
 2.9193e+04	 9.2544e+03	 5.7099e+00	 6.7298e-01	 3.6315e+02	 9.3039e+03	-8.3278e+01	 9.1599e+04	 1.0796e+04	-8.4845e+00
 4.3789e+04	 9.2544e+03	 5.5188e+00	 8.5609e-01	 3.6315e+02	 9.3063e+03	-8.1182e+01	 4.8004e+04	 7.4466e+03	-6.4465e+00
 6.5684e+04	 9.2544e+03	 5.2385e+00	 1.0317e+00	 3.6315e+02	 9.3089e+03	-7.8858e+01	 2.6554e+04	 5.2300e+03	-5.0773e+00
 9.8526e+04	 9.2544e+03	 4.8724e+00	 1.1495e+00	 3.6315e+02	 9.3115e+03	-7.6725e+01	 1.5889e+04	 3.7486e+03	-4.2387e+00
 1.4779e+05	 9.2544e+03	 4.4624e+00	 1.1629e+00	 3.6316e+02	 9.3166e+03	-7.5394e+01	 1.0471e+04	 2.7287e+03	-3.8373e+00
 2.2168e+05	 9.2544e+03	 4.0995e+00	 1.0681e+00	 3.6315e+02	 9.3193e+03	-7.5396e+01	 7.5999e+03	 1.9802e+03	-3.8380e+00
 3.3253e+05	 9.2544e+03	 3.7937e+00	 8.9037e-01	 3.6315e+02	 9.3218e+03	-7.6792e+01	 6.0781e+03	 1.4265e+03	-4.2608e+00
 4.9879e+05	 9.2544e+03	-4.2755e+00	 4.6596e+01	 3.6315e+02	 9.3247e+03	 5.2426e+00	 7.7430e+01	-8.4386e+02	 9.1757e-02
 7.4818e+05	 9.2544e+03	 3.4933e+00	 4.4320e-01	 3.6315e+02	 9.3313e+03	-8.2769e+01	 5.4270e+03	 6.8853e+02	-7.8820e+00
 9.0000e+05	 9.2544e+03	 3.4601e+00	 3.7178e-01	 3.6315e+02	 9.3389e+03	-8.3867e+01	 5.3783e+03	 5.7788e+02	-9.3069e+00
 1.0000e+02	 9.3362e+03	 6.2141e+00	 1.5189e-01	 3.6315e+02	 9.3466e+03	-8.8600e+01	 1.1848e+08	 2.8959e+06	-4.0911e+01
 1.5000e+02	 9.3362e+03	 6.1862e+00	 1.3505e-01	 3.6314e+02	 9.3493e+03	-8.8749e+01	 8.8836e+07	 1.9393e+06	-4.5807e+01
 2.2500e+02	 9.3362e+03	 6.1613e+00	 1.2137e-01	 3.6315e+02	 9.3517e+03	-8.8872e+01	 6.5901e+07	 1.2981e+06	-5.0766e+01
 3.3750e+02	 9.3362e+03	 6.1395e+00	 1.1265e-01	 3.6315e+02	 9.3544e+03	-8.8949e+01	 4.7331e+07	 8.6848e+05	-5.4499e+01
 5.0625e+02	 9.3362e+03	 6.1193e+00	 1.0805e-01	 3.6315e+02	 9.3570e+03	-8.8988e+01	 3.2900e+07	 5.8090e+05	-5.6636e+01
 7.5938e+02	 9.3362e+03	 6.1007e+00	 1.0837e-01	 3.6315e+02	 9.3599e+03	-8.8982e+01	 2.1867e+07	 3.8845e+05	-5.6293e+01
 1.1391e+03	 9.3362e+03	 6.0822e+00	 1.1393e-01	 3.6315e+02	 9.3649e+03	-8.8927e+01	 1.3867e+07	 2.5975e+05	-5.3387e+01
 1.7086e+03	 9.3362e+03	 6.0645e+00	 1.2584e-01	 3.6314e+02	 9.3674e+03	-8.8811e+01	 8.3696e+06	 1.7367e+05	-4.8192e+01
 2.5629e+03	 9.3362e+03	 6.0451e+00	 1.4651e-01	 3.6315e+02	 9.3700e+03	-8.8612e+01	 4.7925e+06	 1.1615e+05	-4.1260e+01
 3.8443e+03	 9.3362e+03	 6.0232e+00	 1.7851e-01	 3.6314e+02	 9.3724e+03	-8.8302e+01	 2.6224e+06	 7.7718e+04	-3.3742e+01
 5.7665e+03	 9.3362e+03	 5.9970e+00	 2.2551e-01	 3.6314e+02	 9.3750e+03	-8.7846e+01	 1.3838e+06	 5.2038e+04	-2.6592e+01
 8.6498e+03	 9.3362e+03	 5.9613e+00	 2.9302e-01	 3.6315e+02	 9.3776e+03	-8.7186e+01	 7.1002e+05	 3.4900e+04	-2.0345e+01
 1.2975e+04	 9.3362e+03	 5.9101e+00	 3.8679e-01	 3.6315e+02	 9.3802e+03	-8.6256e+01	 3.5859e+05	 2.3468e+04	-1.5280e+01
 1.9462e+04	 9.3362e+03	 5.8321e+00	 5.1322e-01	 3.6315e+02	 9.3826e+03	-8.4971e+01	 1.8017e+05	 1.5855e+04	-1.1364e+01
 2.9193e+04	 9.3362e+03	 5.7096e+00	 6.7312e-01	 3.6315e+02	 9.3855e+03	-8.3276e+01	 9.1580e+04	 1.0797e+04	-8.4823e+00
 4.3789e+04	 9.3362e+03	 5.5186e+00	 8.5624e-01	 3.6315e+02	 9.3879e+03	-8.1181e+01	 4.7996e+04	 7.4468e+03	-6.4451e+00
 6.5684e+04	 9.3362e+03	 5.2383e+00	 1.0319e+00	 3.6315e+02	 9.3904e+03	-7.8856e+01	 2.6552e+04	 5.2302e+03	-5.0766e+00
 9.8526e+04	 9.3362e+03	 4.8722e+00	 1.1495e+00	 3.6315e+02	 9.3930e+03	-7.6725e+01	 1.5890e+04	 3.7488e+03	-4.2387e+00
 1.4779e+05	 9.3362e+03	 4.4618e+00	 1.1627e+00	 3.6315e+02	 9.3980e+03	-7.5394e+01	 1.0473e+04	 2.7291e+03	-3.8374e+00
 2.2168e+05	 9.3362e+03	 4.0992e+00	 1.0679e+00	 3.6315e+02	 9.4005e+03	-7.5398e+01	 7.6014e+03	 1.9803e+03	-3.8385e+00
 3.3253e+05	 9.3362e+03	 3.7936e+00	 8.9026e-01	 3.6315e+02	 9.4029e+03	-7.6793e+01	 6.0790e+03	 1.4266e+03	-4.2612e+00
 4.9879e+05	 9.3362e+03	-4.2754e+00	 4.6595e+01	 3.6315e+02	 9.4058e+03	 5.2425e+00	 7.7430e+01	-8.4387e+02	 9.1756e-02
 7.4818e+05	 9.3362e+03	 3.4933e+00	 4.4275e-01	 3.6315e+02	 9.4125e+03	-8.2777e+01	 5.4325e+03	 6.8853e+02	-7.8900e+00
 9.0000e+05	 9.3362e+03	 3.4599e+00	 3.7178e-01	 3.6316e+02	 9.4206e+03	-8.3867e+01	 5.3782e+03	 5.7791e+02	-9.3064e+00
 1.0000e+02	 9.4179e+03	 6.2141e+00	 1.5180e-01	 3.6315e+02	 9.4286e+03	-8.8601e+01	 1.1855e+08	 2.8960e+06	-4.0937e+01
 1.5000e+02	 9.4179e+03	 6.1886e+00	 1.3490e-01	 3.6316e+02	 9.4312e+03	-8.8751e+01	 8.8933e+07	 1.9386e+06	-4.5875e+01
 2.2500e+02	 9.4179e+03	 6.1611e+00	 1.2125e-01	 3.6316e+02	 9.4336e+03	-8.8873e+01	 6.5964e+07	 1.2982e+06	-5.0814e+01
 3.3750e+02	 9.4179e+03	 6.1394e+00	 1.1251e-01	 3.6315e+02	 9.4365e+03	-8.8950e+01	 4.7393e+07	 8.6850e+05	-5.4568e+01
 5.0625e+02	 9.4179e+03	 6.1192e+00	 1.0814e-01	 3.6315e+02	 9.4389e+03	-8.8988e+01	 3.2870e+07	 5.8091e+05	-5.6584e+01
 7.5938e+02	 9.4179e+03	 6.1003e+00	 1.0803e-01	 3.6316e+02	 9.4417e+03	-8.8985e+01	 2.1937e+07	 3.8847e+05	-5.6469e+01
 1.1391e+03	 9.4179e+03	 6.0819e+00	 1.1338e-01	 3.6315e+02	 9.4467e+03	-8.8932e+01	 1.3934e+07	 2.5976e+05	-5.3643e+01
 1.7086e+03	 9.4179e+03	 6.0644e+00	 1.2576e-01	 3.6315e+02	 9.4494e+03	-8.8812e+01	 8.3749e+06	 1.7368e+05	-4.8221e+01
 2.5629e+03	 9.4179e+03	 6.0448e+00	 1.4641e-01	 3.6315e+02	 9.4520e+03	-8.8613e+01	 4.7960e+06	 1.1616e+05	-4.1288e+01
 3.8443e+03	 9.4179e+03	 6.0229e+00	 1.7839e-01	 3.6315e+02	 9.4546e+03	-8.8303e+01	 2.6241e+06	 7.7722e+04	-3.3762e+01
 5.7665e+03	 9.4179e+03	 5.9968e+00	 2.2554e-01	 3.6314e+02	 9.4571e+03	-8.7846e+01	 1.3837e+06	 5.2040e+04	-2.6589e+01
 8.6498e+03	 9.4179e+03	 5.9612e+00	 2.9304e-01	 3.6315e+02	 9.4598e+03	-8.7186e+01	 7.0996e+05	 3.4900e+04	-2.0343e+01
 1.2975e+04	 9.4179e+03	 5.9100e+00	 3.8705e-01	 3.6315e+02	 9.4624e+03	-8.6253e+01	 3.5835e+05	 2.3469e+04	-1.5269e+01
 1.9462e+04	 9.4179e+03	 5.8322e+00	 5.1312e-01	 3.6314e+02	 9.4652e+03	-8.4972e+01	 1.8020e+05	 1.5854e+04	-1.1366e+01
 2.9193e+04	 9.4179e+03	 5.7093e+00	 6.7326e-01	 3.6315e+02	 9.4679e+03	-8.3275e+01	 9.1561e+04	 1.0797e+04	-8.4801e+00
 4.3789e+04	 9.4179e+03	 5.5183e+00	 8.5647e-01	 3.6314e+02	 9.4706e+03	-8.1178e+01	 4.7983e+04	 7.4472e+03	-6.4430e+00
 6.5684e+04	 9.4179e+03	 5.2378e+00	 1.0318e+00	 3.6315e+02	 9.4730e+03	-7.8856e+01	 2.6553e+04	 5.2307e+03	-5.0763e+00
 9.8526e+04	 9.4179e+03	 4.8716e+00	 1.1494e+00	 3.6315e+02	 9.4757e+03	-7.6725e+01	 1.5891e+04	 3.7492e+03	-4.2384e+00
 1.4779e+05	 9.4179e+03	 4.4615e+00	 1.1626e+00	 3.6315e+02	 9.4806e+03	-7.5395e+01	 1.0474e+04	 2.7293e+03	-3.8377e+00
 2.2168e+05	 9.4179e+03	 4.0988e+00	 1.0677e+00	 3.6315e+02	 9.4832e+03	-7.5399e+01	 7.6028e+03	 1.9805e+03	-3.8388e+00
 3.3253e+05	 9.4179e+03	 3.7934e+00	 8.9004e-01	 3.6315e+02	 9.4856e+03	-7.6796e+01	 6.0804e+03	 1.4266e+03	-4.2621e+00
 4.9879e+05	 9.4179e+03	-4.2727e+00	 4.6592e+01	 3.6315e+02	 9.4884e+03	 5.2396e+00	 7.7436e+01	-8.4441e+02	 9.1704e-02
 7.4818e+05	 9.4179e+03	 3.4931e+00	 4.4266e-01	 3.6315e+02	 9.4951e+03	-8.2778e+01	 5.4336e+03	 6.8857e+02	-7.8912e+00
 9.0000e+05	 9.4179e+03	 3.4599e+00	 3.7149e-01	 3.6315e+02	 9.5034e+03	-8.3872e+01	 5.3825e+03	 5.7791e+02	-9.3137e+00
 1.0000e+02	 9.5008e+03	 6.2135e+00	 1.5166e-01	 3.6315e+02	 9.5112e+03	-8.8602e+01	 1.1866e+08	 2.8962e+06	-4.0969e+01
 1.5000e+02	 9.5008e+03	 6.1836e+00	 1.2933e-01	 3.6314e+02	 9.5137e+03	-8.8802e+01	 9.2762e+07	 1.9401e+06	-4.7812e+01
 2.2500e+02	 9.5008e+03	 6.1608e+00	 1.2116e-01	 3.6315e+02	 9.5163e+03	-8.8873e+01	 6.6015e+07	 1.2982e+06	-5.0850e+01
 3.3750e+02	 9.5008e+03	 6.1387e+00	 1.1235e-01	 3.6315e+02	 9.5192e+03	-8.8951e+01	 4.7457e+07	 8.6860e+05	-5.4637e+01
 5.0625e+02	 9.5008e+03	 6.1191e+00	 1.0781e-01	 3.6314e+02	 9.5217e+03	-8.8991e+01	 3.2971e+07	 5.8092e+05	-5.6756e+01
 7.5938e+02	 9.5008e+03	 6.1000e+00	 1.0804e-01	 3.6314e+02	 9.5245e+03	-8.8985e+01	 2.1935e+07	 3.8850e+05	-5.6461e+01
 1.1391e+03	 9.5008e+03	 6.0819e+00	 1.1386e-01	 3.6315e+02	 9.5297e+03	-8.8927e+01	 1.3875e+07	 2.5977e+05	-5.3415e+01
 1.7086e+03	 9.5008e+03	 6.0640e+00	 1.2574e-01	 3.6315e+02	 9.5323e+03	-8.8812e+01	 8.3762e+06	 1.7369e+05	-4.8226e+01
 2.5629e+03	 9.5008e+03	 6.0445e+00	 1.4652e-01	 3.6315e+02	 9.5350e+03	-8.8611e+01	 4.7924e+06	 1.1617e+05	-4.1255e+01
 3.8443e+03	 9.5008e+03	 6.0229e+00	 1.7842e-01	 3.6314e+02	 9.5375e+03	-8.8303e+01	 2.6236e+06	 7.7722e+04	-3.3756e+01
 5.7665e+03	 9.5008e+03	 5.9966e+00	 2.2563e-01	 3.6315e+02	 9.5399e+03	-8.7845e+01	 1.3831e+06	 5.2042e+04	-2.6577e+01
 8.6498e+03	 9.5008e+03	 5.9609e+00	 2.9316e-01	 3.6314e+02	 9.5427e+03	-8.7184e+01	 7.0967e+05	 3.4902e+04	-2.0333e+01
 1.2975e+04	 9.5008e+03	 5.9097e+00	 3.8711e-01	 3.6315e+02	 9.5452e+03	-8.6252e+01	 3.5830e+05	 2.3470e+04	-1.5266e+01
 1.9462e+04	 9.5008e+03	 5.8318e+00	 5.1330e-01	 3.6315e+02	 9.5479e+03	-8.4970e+01	 1.8014e+05	 1.5856e+04	-1.1361e+01
 2.9193e+04	 9.5008e+03	 5.7090e+00	 6.7338e-01	 3.6314e+02	 9.5505e+03	-8.3273e+01	 9.1544e+04	 1.0798e+04	-8.4782e+00
 4.3789e+04	 9.5008e+03	 5.5178e+00	 8.5649e-01	 3.6315e+02	 9.5532e+03	-8.1177e+01	 4.7982e+04	 7.4479e+03	-6.4424e+00
 6.5684e+04	 9.5008e+03	 5.2374e+00	 1.0321e+00	 3.6315e+02	 9.5557e+03	-7.8852e+01	 2.6545e+04	 5.2311e+03	-5.0746e+00
 9.8526e+04	 9.5008e+03	 4.8712e+00	 1.1494e+00	 3.6315e+02	 9.5585e+03	-7.6724e+01	 1.5891e+04	 3.7496e+03	-4.2382e+00
 1.4779e+05	 9.5008e+03	 4.4612e+00	 1.1626e+00	 3.6314e+02	 9.5635e+03	-7.5394e+01	 1.0474e+04	 2.7294e+03	-3.8374e+00
 2.2168e+05	 9.5008e+03	 4.0985e+00	 1.0675e+00	 3.6314e+02	 9.5659e+03	-7.5401e+01	 7.6042e+03	 1.9807e+03	-3.8392e+00
 3.3253e+05	 9.5008e+03	 3.7931e+00	 8.8986e-01	 3.6315e+02	 9.5684e+03	-7.6797e+01	 6.0816e+03	 1.4268e+03	-4.2625e+00
 4.9879e+05	 9.5008e+03	-4.2707e+00	 4.6591e+01	 3.6315e+02	 9.5712e+03	 5.2373e+00	 7.7437e+01	-8.4480e+02	 9.1663e-02
 7.4818e+05	 9.5008e+03	 3.4931e+00	 4.4303e-01	 3.6314e+02	 9.5778e+03	-8.2772e+01	 5.4291e+03	 6.8858e+02	-7.8845e+00
 9.0000e+05	 9.5008e+03	 3.4598e+00	 3.7183e-01	 3.6314e+02	 9.5855e+03	-8.3866e+01	 5.3776e+03	 5.7792e+02	-9.3050e+00
 1.0000e+02	 9.5829e+03	 6.2131e+00	 1.5174e-01	 3.6315e+02	 9.5937e+03	-8.8601e+01	 1.1859e+08	 2.8964e+06	-4.0945e+01
 1.5000e+02	 9.5829e+03	 6.1868e+00	 1.2798e-01	 3.6315e+02	 9.5962e+03	-8.8815e+01	 9.3744e+07	 1.9392e+06	-4.8343e+01
 2.2500e+02	 9.5829e+03	 6.1604e+00	 1.2108e-01	 3.6315e+02	 9.5989e+03	-8.8874e+01	 6.6055e+07	 1.2983e+06	-5.0878e+01
 3.3750e+02	 9.5829e+03	 6.1385e+00	 1.1239e-01	 3.6315e+02	 9.6017e+03	-8.8951e+01	 4.7443e+07	 8.6862e+05	-5.4618e+01
 5.0625e+02	 9.5829e+03	 6.1188e+00	 1.0778e-01	 3.6315e+02	 9.6044e+03	-8.8991e+01	 3.2980e+07	 5.8095e+05	-5.6769e+01
 7.5938e+02	 9.5829e+03	 6.0999e+00	 1.0821e-01	 3.6315e+02	 9.6072e+03	-8.8984e+01	 2.1900e+07	 3.8850e+05	-5.6371e+01
 1.1391e+03	 9.5829e+03	 6.0819e+00	 1.1344e-01	 3.6315e+02	 9.6125e+03	-8.8931e+01	 1.3927e+07	 2.5976e+05	-5.3612e+01
 1.7086e+03	 9.5829e+03	 6.0641e+00	 1.2568e-01	 3.6315e+02	 9.6149e+03	-8.8813e+01	 8.3802e+06	 1.7369e+05	-4.8249e+01
 2.5629e+03	 9.5829e+03	 6.0445e+00	 1.4650e-01	 3.6315e+02	 9.6175e+03	-8.8612e+01	 4.7931e+06	 1.1617e+05	-4.1260e+01
 3.8443e+03	 9.5829e+03	 6.0225e+00	 1.7841e-01	 3.6315e+02	 9.6200e+03	-8.8303e+01	 2.6238e+06	 7.7727e+04	-3.3756e+01
 5.7665e+03	 9.5829e+03	 5.9964e+00	 2.2557e-01	 3.6315e+02	 9.6225e+03	-8.7846e+01	 1.3835e+06	 5.2044e+04	-2.6583e+01
 8.6498e+03	 9.5829e+03	 5.9607e+00	 2.9309e-01	 3.6315e+02	 9.6252e+03	-8.7185e+01	 7.0986e+05	 3.4903e+04	-2.0338e+01
 1.2975e+04	 9.5829e+03	 5.9094e+00	 3.8694e-01	 3.6315e+02	 9.6278e+03	-8.6254e+01	 3.5845e+05	 2.3471e+04	-1.5272e+01
 1.9462e+04	 9.5829e+03	 5.8314e+00	 5.1313e-01	 3.6316e+02	 9.6305e+03	-8.4971e+01	 1.8020e+05	 1.5856e+04	-1.1364e+01
 2.9193e+04	 9.5829e+03	 5.7088e+00	 6.7329e-01	 3.6316e+02	 9.6330e+03	-8.3274e+01	 9.1556e+04	 1.0798e+04	-8.4789e+00
 4.3789e+04	 9.5829e+03	 5.5176e+00	 8.5630e-01	 3.6315e+02	 9.6355e+03	-8.1178e+01	 4.7993e+04	 7.4481e+03	-6.4436e+00
 6.5684e+04	 9.5829e+03	 5.2371e+00	 1.0318e+00	 3.6315e+02	 9.6380e+03	-7.8854e+01	 2.6552e+04	 5.2314e+03	-5.0755e+00
 9.8526e+04	 9.5829e+03	 4.8712e+00	 1.1492e+00	 3.6315e+02	 9.6406e+03	-7.6726e+01	 1.5893e+04	 3.7495e+03	-4.2387e+00
 1.4779e+05	 9.5829e+03	 4.4610e+00	 1.1623e+00	 3.6315e+02	 9.6459e+03	-7.5396e+01	 1.0476e+04	 2.7296e+03	-3.8380e+00
 2.2168e+05	 9.5829e+03	 4.0986e+00	 1.0676e+00	 3.6316e+02	 9.6485e+03	-7.5400e+01	 7.6036e+03	 1.9806e+03	-3.8390e+00
 3.3253e+05	 9.5829e+03	 3.7931e+00	 8.8992e-01	 3.6316e+02	 9.6509e+03	-7.6796e+01	 6.0813e+03	 1.4268e+03	-4.2623e+00
 4.9879e+05	 9.5829e+03	-4.2713e+00	 4.6590e+01	 3.6315e+02	 9.6536e+03	 5.2382e+00	 7.7439e+01	-8.4467e+02	 9.1680e-02
 7.4818e+05	 9.5829e+03	 3.4930e+00	 4.4285e-01	 3.6315e+02	 9.6602e+03	-8.2774e+01	 5.4313e+03	 6.8859e+02	-7.8875e+00
 9.0000e+05	 9.5829e+03	 3.4598e+00	 3.7175e-01	 3.6315e+02	 9.6680e+03	-8.3867e+01	 5.3787e+03	 5.7792e+02	-9.3069e+00
 1.0000e+02	 9.6653e+03	 6.2133e+00	 1.5141e-01	 3.6315e+02	 9.6762e+03	-8.8604e+01	 1.1885e+08	 2.8963e+06	-4.1035e+01
 1.5000e+02	 9.6653e+03	 6.1822e+00	 1.3047e-01	 3.6315e+02	 9.6788e+03	-8.8791e+01	 9.1952e+07	 1.9406e+06	-4.7383e+01
 2.2500e+02	 9.6653e+03	 6.1605e+00	 1.2096e-01	 3.6315e+02	 9.6815e+03	-8.8875e+01	 6.6122e+07	 1.2983e+06	-5.0930e+01
 3.3750e+02	 9.6653e+03	 6.1385e+00	 1.1236e-01	 3.6315e+02	 9.6840e+03	-8.8951e+01	 4.7456e+07	 8.6862e+05	-5.4633e+01
 5.0625e+02	 9.6653e+03	 6.1185e+00	 1.0799e-01	 3.6315e+02	 9.6865e+03	-8.8989e+01	 3.2918e+07	 5.8098e+05	-5.6660e+01
 7.5938e+02	 9.6653e+03	 6.0999e+00	 1.0803e-01	 3.6314e+02	 9.6892e+03	-8.8985e+01	 2.1936e+07	 3.8850e+05	-5.6464e+01
 1.1391e+03	 9.6653e+03	 6.0820e+00	 1.1355e-01	 3.6314e+02	 9.6944e+03	-8.8930e+01	 1.3913e+07	 2.5976e+05	-5.3561e+01
 1.7086e+03	 9.6653e+03	 6.0638e+00	 1.2585e-01	 3.6314e+02	 9.6969e+03	-8.8811e+01	 8.3691e+06	 1.7369e+05	-4.8183e+01
 2.5629e+03	 9.6653e+03	 6.0447e+00	 1.4639e-01	 3.6315e+02	 9.6995e+03	-8.8613e+01	 4.7964e+06	 1.1616e+05	-4.1291e+01
 3.8443e+03	 9.6653e+03	 6.0228e+00	 1.7855e-01	 3.6315e+02	 9.7021e+03	-8.8302e+01	 2.6217e+06	 7.7723e+04	-3.3732e+01
 5.7665e+03	 9.6653e+03	 5.9964e+00	 2.2559e-01	 3.6315e+02	 9.7045e+03	-8.7845e+01	 1.3834e+06	 5.2044e+04	-2.6581e+01
 8.6498e+03	 9.6653e+03	 5.9606e+00	 2.9316e-01	 3.6315e+02	 9.7072e+03	-8.7184e+01	 7.0968e+05	 3.4904e+04	-2.0333e+01
 1.2975e+04	 9.6653e+03	 5.9090e+00	 3.8710e-01	 3.6315e+02	 9.7097e+03	-8.6252e+01	 3.5831e+05	 2.3472e+04	-1.5265e+01
 1.9462e+04	 9.6653e+03	 5.8311e+00	 5.1340e-01	 3.6315e+02	 9.7122e+03	-8.4968e+01	 1.8010e+05	 1.5857e+04	-1.1358e+01
 2.9193e+04	 9.6653e+03	 5.7085e+00	 6.7343e-01	 3.6315e+02	 9.7149e+03	-8.3272e+01	 9.1538e+04	 1.0799e+04	-8.4768e+00
 4.3789e+04	 9.6653e+03	 5.5172e+00	 8.5637e-01	 3.6315e+02	 9.7177e+03	-8.1177e+01	 4.7989e+04	 7.4487e+03	-6.4426e+00
 6.5684e+04	 9.6653e+03	 5.2369e+00	 1.0318e+00	 3.6315e+02	 9.7202e+03	-7.8855e+01	 2.6554e+04	 5.2316e+03	-5.0757e+00
 9.8526e+04	 9.6653e+03	 4.8709e+00	 1.1492e+00	 3.6315e+02	 9.7230e+03	-7.6725e+01	 1.5893e+04	 3.7498e+03	-4.2384e+00
 1.4779e+05	 9.6653e+03	 4.4606e+00	 1.1621e+00	 3.6315e+02	 9.7282e+03	-7.5397e+01	 1.0478e+04	 2.7298e+03	-3.8382e+00
 2.2168e+05	 9.6653e+03	 4.0984e+00	 1.0674e+00	 3.6315e+02	 9.7307e+03	-7.5402e+01	 7.6050e+03	 1.9807e+03	-3.8395e+00
 3.3253e+05	 9.6653e+03	 3.7929e+00	 8.8967e-01	 3.6315e+02	 9.7332e+03	-7.6799e+01	 6.0829e+03	 1.4268e+03	-4.2632e+00
 4.9879e+05	 9.6653e+03	-4.2696e+00	 4.6589e+01	 3.6315e+02	 9.7360e+03	 5.2362e+00	 7.7441e+01	-8.4502e+02	 9.1644e-02
 7.4818e+05	 9.6653e+03	 3.4930e+00	 4.4279e-01	 3.6315e+02	 9.7425e+03	-8.2775e+01	 5.4321e+03	 6.8859e+02	-7.8887e+00
 9.0000e+05	 9.6653e+03	 3.4597e+00	 3.7181e-01	 3.6315e+02	 9.7507e+03	-8.3866e+01	 5.3779e+03	 5.7794e+02	-9.3052e+00
 1.0000e+02	 9.7480e+03	 6.2129e+00	 1.5140e-01	 3.6316e+02	 9.7586e+03	-8.8604e+01	 1.1886e+08	 2.8965e+06	-4.1035e+01
 1.5000e+02	 9.7480e+03	 6.1828e+00	 1.3360e-01	 3.6315e+02	 9.7612e+03	-8.8762e+01	 8.9800e+07	 1.9404e+06	-4.6279e+01
 2.2500e+02	 9.7480e+03	 6.1602e+00	 1.2084e-01	 3.6315e+02	 9.7637e+03	-8.8876e+01	 6.6189e+07	 1.2983e+06	-5.0980e+01
 3.3750e+02	 9.7480e+03	 6.1385e+00	 1.1231e-01	 3.6316e+02	 9.7664e+03	-8.8952e+01	 4.7475e+07	 8.6863e+05	-5.4656e+01
 5.0625e+02	 9.7480e+03	 6.1184e+00	 1.0804e-01	 3.6315e+02	 9.7689e+03	-8.8988e+01	 3.2902e+07	 5.8099e+05	-5.6630e+01
 7.5938e+02	 9.7480e+03	 6.0997e+00	 1.0824e-01	 3.6316e+02	 9.7718e+03	-8.8983e+01	 2.1893e+07	 3.8851e+05	-5.6352e+01
 1.1391e+03	 9.7480e+03	 6.0816e+00	 1.1384e-01	 3.6315e+02	 9.7767e+03	-8.8928e+01	 1.3878e+07	 2.5978e+05	-5.3423e+01
 1.7086e+03	 9.7480e+03	 6.0638e+00	 1.2577e-01	 3.6315e+02	 9.7794e+03	-8.8812e+01	 8.3744e+06	 1.7369e+05	-4.8213e+01
 2.5629e+03	 9.7480e+03	 6.0442e+00	 1.4661e-01	 3.6316e+02	 9.7820e+03	-8.8610e+01	 4.7894e+06	 1.1617e+05	-4.1227e+01
 3.8443e+03	 9.7480e+03	 6.0223e+00	 1.7855e-01	 3.6315e+02	 9.7847e+03	-8.8302e+01	 2.6217e+06	 7.7729e+04	-3.3728e+01
 5.7665e+03	 9.7480e+03	 5.9959e+00	 2.2570e-01	 3.6315e+02	 9.7871e+03	-8.7844e+01	 1.3827e+06	 5.2048e+04	-2.6566e+01
 8.6498e+03	 9.7480e+03	 5.9605e+00	 2.9324e-01	 3.6315e+02	 9.7898e+03	-8.7183e+01	 7.0948e+05	 3.4905e+04	-2.0326e+01
 1.2975e+04	 9.7480e+03	 5.9089e+00	 3.8706e-01	 3.6316e+02	 9.7924e+03	-8.6252e+01	 3.5834e+05	 2.3473e+04	-1.5266e+01
 1.9462e+04	 9.7480e+03	 5.8313e+00	 5.1344e-01	 3.6315e+02	 9.7948e+03	-8.4968e+01	 1.8009e+05	 1.5857e+04	-1.1357e+01
 2.9193e+04	 9.7480e+03	 5.7084e+00	 6.7351e-01	 3.6315e+02	 9.7974e+03	-8.3271e+01	 9.1526e+04	 1.0799e+04	-8.4756e+00
 4.3789e+04	 9.7480e+03	 5.5170e+00	 8.5638e-01	 3.6315e+02	 9.7999e+03	-8.1177e+01	 4.7988e+04	 7.4490e+03	-6.4422e+00
 6.5684e+04	 9.7480e+03	 5.2365e+00	 1.0317e+00	 3.6315e+02	 9.8024e+03	-7.8854e+01	 2.6555e+04	 5.2320e+03	-5.0755e+00
 9.8526e+04	 9.7480e+03	 4.8707e+00	 1.1491e+00	 3.6315e+02	 9.8052e+03	-7.6725e+01	 1.5895e+04	 3.7500e+03	-4.2386e+00
 1.4779e+05	 9.7480e+03	 4.4605e+00	 1.1621e+00	 3.6315e+02	 9.8103e+03	-7.5398e+01	 1.0479e+04	 2.7298e+03	-3.8385e+00
 2.2168e+05	 9.7480e+03	 4.0981e+00	 1.0673e+00	 3.6315e+02	 9.8127e+03	-7.5403e+01	 7.6062e+03	 1.9809e+03	-3.8398e+00
 3.3253e+05	 9.7480e+03	 3.7928e+00	 8.8958e-01	 3.6315e+02	 9.8154e+03	-7.6800e+01	 6.0836e+03	 1.4269e+03	-4.2636e+00
 4.9879e+05	 9.7480e+03	-4.2689e+00	 4.6588e+01	 3.6315e+02	 9.8182e+03	 5.2355e+00	 7.7442e+01	-8.4515e+02	 9.1632e-02
 7.4818e+05	 9.7480e+03	 3.4929e+00	 4.4289e-01	 3.6315e+02	 9.8246e+03	-8.2774e+01	 5.4308e+03	 6.8861e+02	-7.8866e+00
 9.0000e+05	 9.7480e+03	 3.4597e+00	 3.7216e-01	 3.6316e+02	 9.8324e+03	-8.3860e+01	 5.3727e+03	 5.7794e+02	-9.2963e+00
 1.0000e+02	 9.8298e+03	 6.2129e+00	 1.5121e-01	 3.6315e+02	 9.8402e+03	-8.8606e+01	 1.1901e+08	 2.8965e+06	-4.1087e+01
 1.5000e+02	 9.8298e+03	 6.1847e+00	 1.3438e-01	 3.6315e+02	 9.8427e+03	-8.8755e+01	 8.9278e+07	 1.9398e+06	-4.6024e+01
 2.2500e+02	 9.8298e+03	 6.1603e+00	 1.2087e-01	 3.6316e+02	 9.8454e+03	-8.8876e+01	 6.6172e+07	 1.2983e+06	-5.0966e+01
 3.3750e+02	 9.8298e+03	 6.1383e+00	 1.1241e-01	 3.6315e+02	 9.8482e+03	-8.8951e+01	 4.7432e+07	 8.6865e+05	-5.4604e+01
 5.0625e+02	 9.8298e+03	 6.1186e+00	 1.0797e-01	 3.6316e+02	 9.8507e+03	-8.8989e+01	 3.2922e+07	 5.8097e+05	-5.6668e+01
 7.5938e+02	 9.8298e+03	 6.0999e+00	 1.0827e-01	 3.6315e+02	 9.8535e+03	-8.8983e+01	 2.1888e+07	 3.8850e+05	-5.6340e+01
 1.1391e+03	 9.8298e+03	 6.0817e+00	 1.1352e-01	 3.6316e+02	 9.8589e+03	-8.8931e+01	 1.3918e+07	 2.5977e+05	-5.3576e+01
 1.7086e+03	 9.8298e+03	 6.0634e+00	 1.2579e-01	 3.6315e+02	 9.8613e+03	-8.8812e+01	 8.3732e+06	 1.7371e+05	-4.8203e+01
 2.5629e+03	 9.8298e+03	 6.0437e+00	 1.4653e-01	 3.6315e+02	 9.8642e+03	-8.8611e+01	 4.7920e+06	 1.1618e+05	-4.1246e+01
 3.8443e+03	 9.8298e+03	 6.0220e+00	 1.7856e-01	 3.6316e+02	 9.8667e+03	-8.8302e+01	 2.6215e+06	 7.7733e+04	-3.3725e+01
 5.7665e+03	 9.8298e+03	 5.9958e+00	 2.2565e-01	 3.6315e+02	 9.8691e+03	-8.7845e+01	 1.3830e+06	 5.2049e+04	-2.6572e+01
 8.6498e+03	 9.8298e+03	 5.9601e+00	 2.9322e-01	 3.6315e+02	 9.8717e+03	-8.7184e+01	 7.0953e+05	 3.4907e+04	-2.0327e+01
 1.2975e+04	 9.8298e+03	 5.9089e+00	 3.8723e-01	 3.6315e+02	 9.8742e+03	-8.6251e+01	 3.5818e+05	 2.3473e+04	-1.5259e+01
 1.9462e+04	 9.8298e+03	 5.8307e+00	 5.1353e-01	 3.6315e+02	 9.8770e+03	-8.4967e+01	 1.8006e+05	 1.5858e+04	-1.1354e+01
 2.9193e+04	 9.8298e+03	 5.7080e+00	 6.7358e-01	 3.6314e+02	 9.8795e+03	-8.3270e+01	 9.1517e+04	 1.0800e+04	-8.4741e+00
 4.3789e+04	 9.8298e+03	 5.5165e+00	 8.5656e-01	 3.6314e+02	 9.8822e+03	-8.1174e+01	 4.7978e+04	 7.4497e+03	-6.4403e+00
 6.5684e+04	 9.8298e+03	 5.2359e+00	 1.0319e+00	 3.6315e+02	 9.8847e+03	-7.8851e+01	 2.6551e+04	 5.2326e+03	-5.0741e+00
 9.8526e+04	 9.8298e+03	 4.8701e+00	 1.1491e+00	 3.6315e+02	 9.8874e+03	-7.6724e+01	 1.5895e+04	 3.7505e+03	-4.2383e+00
 1.4779e+05	 9.8298e+03	 4.4600e+00	 1.1618e+00	 3.6315e+02	 9.8924e+03	-7.5400e+01	 1.0481e+04	 2.7302e+03	-3.8389e+00
 2.2168e+05	 9.8298e+03	 4.0978e+00	 1.0669e+00	 3.6315e+02	 9.8949e+03	-7.5407e+01	 7.6090e+03	 1.9810e+03	-3.8409e+00
 3.3253e+05	 9.8298e+03	 3.7924e+00	 8.8920e-01	 3.6314e+02	 9.8974e+03	-7.6804e+01	 6.0861e+03	 1.4270e+03	-4.2650e+00
 4.9879e+05	 9.8298e+03	-4.2657e+00	 4.6586e+01	 3.6315e+02	 9.9002e+03	 5.2318e+00	 7.7446e+01	-8.4578e+02	 9.1568e-02
 7.4818e+05	 9.8298e+03	 3.4929e+00	 4.4278e-01	 3.6314e+02	 9.9067e+03	-8.2775e+01	 5.4321e+03	 6.8862e+02	-7.8885e+00
 9.0000e+05	 9.8298e+03	 3.4597e+00	 3.7192e-01	 3.6314e+02	 9.9144e+03	-8.3864e+01	 5.3762e+03	 5.7795e+02	-9.3021e+00
 1.0000e+02	 9.9117e+03	 6.2125e+00	 1.5103e-01	 3.6314e+02	 9.9227e+03	-8.8607e+01	 1.1916e+08	 2.8967e+06	-4.1135e+01
 1.5000e+02	 9.9117e+03	 6.1823e+00	 1.3576e-01	 3.6314e+02	 9.9253e+03	-8.8742e+01	 8.8373e+07	 1.9406e+06	-4.5540e+01
 2.2500e+02	 9.9117e+03	 6.1601e+00	 1.2090e-01	 3.6314e+02	 9.9279e+03	-8.8876e+01	 6.6155e+07	 1.2984e+06	-5.0952e+01
 3.3750e+02	 9.9117e+03	 6.1380e+00	 1.1217e-01	 3.6314e+02	 9.9305e+03	-8.8953e+01	 4.7535e+07	 8.6870e+05	-5.4720e+01
 5.0625e+02	 9.9117e+03	 6.1180e+00	 1.0800e-01	 3.6314e+02	 9.9332e+03	-8.8989e+01	 3.2915e+07	 5.8102e+05	-5.6651e+01
 7.5938e+02	 9.9117e+03	 6.0995e+00	 1.0813e-01	 3.6315e+02	 9.9358e+03	-8.8984e+01	 2.1917e+07	 3.8853e+05	-5.6410e+01
 1.1391e+03	 9.9117e+03	 6.0813e+00	 1.1351e-01	 3.6315e+02	 9.9409e+03	-8.8931e+01	 1.3919e+07	 2.5979e+05	-5.3576e+01
 1.7086e+03	 9.9117e+03	 6.0632e+00	 1.2585e-01	 3.6314e+02	 9.9433e+03	-8.8811e+01	 8.3688e+06	 1.7371e+05	-4.8177e+01
 2.5629e+03	 9.9117e+03	 6.0439e+00	 1.4643e-01	 3.6314e+02	 9.9459e+03	-8.8612e+01	 4.7951e+06	 1.1618e+05	-4.1274e+01
 3.8443e+03	 9.9117e+03	 6.0220e+00	 1.7855e-01	 3.6315e+02	 9.9484e+03	-8.8302e+01	 2.6217e+06	 7.7733e+04	-3.3727e+01
 5.7665e+03	 9.9117e+03	 5.9955e+00	 2.2573e-01	 3.6315e+02	 9.9508e+03	-8.7844e+01	 1.3825e+06	 5.2052e+04	-2.6561e+01
 8.6498e+03	 9.9117e+03	 5.9599e+00	 2.9344e-01	 3.6315e+02	 9.9535e+03	-8.7181e+01	 7.0900e+05	 3.4908e+04	-2.0310e+01
 1.2975e+04	 9.9117e+03	 5.9085e+00	 3.8746e-01	 3.6314e+02	 9.9560e+03	-8.6248e+01	 3.5797e+05	 2.3475e+04	-1.5249e+01
 1.9462e+04	 9.9117e+03	 5.8308e+00	 5.1366e-01	 3.6315e+02	 9.9587e+03	-8.4965e+01	 1.8001e+05	 1.5858e+04	-1.1351e+01
 2.9193e+04	 9.9117e+03	 5.7080e+00	 6.7377e-01	 3.6315e+02	 9.9613e+03	-8.3268e+01	 9.1491e+04	 1.0800e+04	-8.4717e+00
 4.3789e+04	 9.9117e+03	 5.5163e+00	 8.5669e-01	 3.6315e+02	 9.9640e+03	-8.1172e+01	 4.7971e+04	 7.4500e+03	-6.4391e+00
 6.5684e+04	 9.9117e+03	 5.2356e+00	 1.0317e+00	 3.6315e+02	 9.9665e+03	-7.8852e+01	 2.6554e+04	 5.2329e+03	-5.0745e+00
 9.8526e+04	 9.9117e+03	 4.8698e+00	 1.1489e+00	 3.6315e+02	 9.9692e+03	-7.6725e+01	 1.5897e+04	 3.7507e+03	-4.2385e+00
 1.4779e+05	 9.9117e+03	 4.4598e+00	 1.1618e+00	 3.6315e+02	 9.9742e+03	-7.5399e+01	 1.0481e+04	 2.7303e+03	-3.8388e+00
 2.2168e+05	 9.9117e+03	 4.0975e+00	 1.0669e+00	 3.6315e+02	 9.9769e+03	-7.5406e+01	 7.6087e+03	 1.9811e+03	-3.8406e+00
 3.3253e+05	 9.9117e+03	 3.7924e+00	 8.8917e-01	 3.6315e+02	 9.9793e+03	-7.6805e+01	 6.0864e+03	 1.4270e+03	-4.2651e+00