PEI 25 kg/mol, 2 mg/ml from Ethanol on B 10 x 15 mm + H 1x1 mm, 70 nm, 30 µm, 50°C Desorption tatsächlich, 27.4.2026, 13:45
Diameter[mm] 1.128e+00  Thickness[mm] 1.000e-04  Spacer Capacity[pF] 0.000e+00  Spacer Area[mm^2] 0.000e+00
Fixed value(s) :  AC Volt  [Vrms]=1.000
 Freq. [Hz]	 Time  [s]	 Eps'   	 Eps''  	M Temp [K]	M Time M[s]	  Phi [Deg]	 Zp' [Ohms]	 Zp'' [Ohms]	Tan(Phi) 
 1.0000e+02	 0.0000e+00	 5.9420e+00	 8.2683e-02	 3.2316e+02	 7.7800e+00	-8.9203e+01	 2.1765e+08	 3.0285e+06	-7.1865e+01
 1.5000e+02	 0.0000e+00	 5.9258e+00	 9.5385e-02	 3.2315e+02	 1.0260e+01	-8.9078e+01	 1.2578e+08	 2.0246e+06	-6.2125e+01
 2.2500e+02	 0.0000e+00	 5.9029e+00	 1.1592e-01	 3.2315e+02	 1.2870e+01	-8.8875e+01	 6.8994e+07	 1.3549e+06	-5.0920e+01
 3.3750e+02	 0.0000e+00	 5.8784e+00	 1.3915e-01	 3.2315e+02	 1.5310e+01	-8.8644e+01	 3.8319e+07	 9.0706e+05	-4.2245e+01
 5.0625e+02	 0.0000e+00	 5.8485e+00	 1.6890e-01	 3.2315e+02	 1.7760e+01	-8.8346e+01	 2.1046e+07	 6.0780e+05	-3.4627e+01
 7.5938e+02	 0.0000e+00	 5.8122e+00	 2.0654e-01	 3.2316e+02	 2.0370e+01	-8.7965e+01	 1.1474e+07	 4.0773e+05	-2.8142e+01
 1.1391e+03	 0.0000e+00	 5.7679e+00	 2.5449e-01	 3.2315e+02	 2.2810e+01	-8.7474e+01	 6.2081e+06	 2.7391e+05	-2.2665e+01
 1.7086e+03	 0.0000e+00	 5.7122e+00	 3.1530e-01	 3.2315e+02	 2.5370e+01	-8.6841e+01	 3.3404e+06	 1.8439e+05	-1.8117e+01
 2.5629e+03	 0.0000e+00	 5.6398e+00	 3.9148e-01	 3.2316e+02	 2.7950e+01	-8.6029e+01	 1.7936e+06	 1.2450e+05	-1.4406e+01
 3.8443e+03	 0.0000e+00	 5.5433e+00	 4.8490e-01	 3.2315e+02	 3.0370e+01	-8.5001e+01	 9.6538e+05	 8.4446e+04	-1.1432e+01
 5.7665e+03	 0.0000e+00	 5.4126e+00	 5.9284e-01	 3.2315e+02	 3.3060e+01	-8.3749e+01	 5.2641e+05	 5.7657e+04	-9.1300e+00
 8.6498e+03	 0.0000e+00	 5.2363e+00	 7.0639e-01	 3.2315e+02	 3.5620e+01	-8.2317e+01	 2.9452e+05	 3.9732e+04	-7.4127e+00
 1.2975e+04	 0.0000e+00	 5.0076e+00	 8.0514e-01	 3.2315e+02	 3.8390e+01	-8.0866e+01	 1.7227e+05	 2.7698e+04	-6.2196e+00
 1.9462e+04	 0.0000e+00	 4.7347e+00	 8.6200e-01	 3.2315e+02	 4.1000e+01	-7.9682e+01	 1.0727e+05	 1.9529e+04	-5.4927e+00
 2.9193e+04	 0.0000e+00	 4.4560e+00	 8.5762e-01	 3.2315e+02	 4.3670e+01	-7.9106e+01	 7.1878e+04	 1.3834e+04	-5.1958e+00
 4.3789e+04	 0.0000e+00	 4.1923e+00	 7.9378e-01	 3.2315e+02	 4.6120e+01	-7.9278e+01	 5.1773e+04	 9.8028e+03	-5.2814e+00
 6.5684e+04	 0.0000e+00	 3.9747e+00	 6.9665e-01	 3.2315e+02	 4.8560e+01	-8.0059e+01	 3.9328e+04	 6.8929e+03	-5.7055e+00
 9.8526e+04	 0.0000e+00	 3.8075e+00	 5.9305e-01	 3.2315e+02	 5.1310e+01	-8.1147e+01	 3.0798e+04	 4.7971e+03	-6.4202e+00
 1.4779e+05	 0.0000e+00	 3.6705e+00	 5.0083e-01	 3.2316e+02	 5.3870e+01	-8.2230e+01	 2.4313e+04	 3.3174e+03	-7.3289e+00
 2.2168e+05	 0.0000e+00	 3.5695e+00	 4.2767e-01	 3.2315e+02	 5.6620e+01	-8.3168e+01	 1.8981e+04	 2.2742e+03	-8.3465e+00
 3.3253e+05	 0.0000e+00	 3.4847e+00	 3.7142e-01	 3.2315e+02	 5.9060e+01	-8.3916e+01	 1.4571e+04	 1.5530e+03	-9.3822e+00
 4.9879e+05	 0.0000e+00	 3.4098e+00	 3.2931e-01	 3.2315e+02	 6.1590e+01	-8.4484e+01	 1.0956e+04	 1.0581e+03	-1.0354e+01
 7.4818e+05	 0.0000e+00	 3.3953e+00	 2.1297e-01	 3.2315e+02	 6.9440e+01	-8.6411e+01	 1.1294e+04	 7.0840e+02	-1.5943e+01
 9.0000e+05	 0.0000e+00	 3.3709e+00	 1.9304e-01	 3.2315e+02	 7.7190e+01	-8.6722e+01	 1.0358e+04	 5.9317e+02	-1.7462e+01
 1.0000e+02	 7.4500e+01	 5.9419e+00	 8.3025e-02	 3.2316e+02	 8.4160e+01	-8.9199e+01	 2.1675e+08	 3.0286e+06	-7.1568e+01
 1.5000e+02	 7.4500e+01	 5.9211e+00	 9.7368e-02	 3.2315e+02	 8.6640e+01	-8.9058e+01	 1.2321e+08	 2.0262e+06	-6.0811e+01
 2.2500e+02	 7.4500e+01	 5.9026e+00	 1.1611e-01	 3.2315e+02	 8.9140e+01	-8.8873e+01	 6.8884e+07	 1.3550e+06	-5.0836e+01
 3.3750e+02	 7.4500e+01	 5.8775e+00	 1.3944e-01	 3.2315e+02	 9.1810e+01	-8.8641e+01	 3.8239e+07	 9.0719e+05	-4.2151e+01
 5.0625e+02	 7.4500e+01	 5.8478e+00	 1.6905e-01	 3.2315e+02	 9.4260e+01	-8.8344e+01	 2.1028e+07	 6.0787e+05	-3.4592e+01
 7.5938e+02	 7.4500e+01	 5.8117e+00	 2.0668e-01	 3.2315e+02	 9.6920e+01	-8.7963e+01	 1.1466e+07	 4.0776e+05	-2.8119e+01
 1.1391e+03	 7.4500e+01	 5.7672e+00	 2.5480e-01	 3.2316e+02	 9.9370e+01	-8.7470e+01	 6.2003e+06	 2.7394e+05	-2.2634e+01
 1.7086e+03	 7.4500e+01	 5.7110e+00	 3.1557e-01	 3.2315e+02	 1.0195e+02	-8.6837e+01	 3.3376e+06	 1.8443e+05	-1.8097e+01
 2.5629e+03	 7.4500e+01	 5.6387e+00	 3.9201e-01	 3.2316e+02	 1.0462e+02	-8.6023e+01	 1.7912e+06	 1.2453e+05	-1.4384e+01
 3.8443e+03	 7.4500e+01	 5.5421e+00	 4.8504e-01	 3.2315e+02	 1.0712e+02	-8.4998e+01	 9.6510e+05	 8.4464e+04	-1.1426e+01
 5.7665e+03	 7.4500e+01	 5.4113e+00	 5.9318e-01	 3.2315e+02	 1.0959e+02	-8.3744e+01	 5.2610e+05	 5.7671e+04	-9.1225e+00
 8.6498e+03	 7.4500e+01	 5.2346e+00	 7.0643e-01	 3.2315e+02	 1.1250e+02	-8.2314e+01	 2.9451e+05	 3.9745e+04	-7.4099e+00
 1.2975e+04	 7.4500e+01	 5.0061e+00	 8.0495e-01	 3.2315e+02	 1.1537e+02	-8.0865e+01	 1.7231e+05	 2.7706e+04	-6.2191e+00
 1.9462e+04	 7.4500e+01	 4.7334e+00	 8.6159e-01	 3.2315e+02	 1.1800e+02	-7.9684e+01	 1.0732e+05	 1.9535e+04	-5.4939e+00
 2.9193e+04	 7.4500e+01	 4.4548e+00	 8.5716e-01	 3.2315e+02	 1.2056e+02	-7.9109e+01	 7.1917e+04	 1.3838e+04	-5.1972e+00
 4.3789e+04	 7.4500e+01	 4.1911e+00	 7.9331e-01	 3.2315e+02	 1.2300e+02	-7.9282e+01	 5.1803e+04	 9.8054e+03	-5.2831e+00
 6.5684e+04	 7.4500e+01	 3.9738e+00	 6.9610e-01	 3.2315e+02	 1.2564e+02	-8.0064e+01	 3.9358e+04	 6.8945e+03	-5.7086e+00
 9.8526e+04	 7.4500e+01	 3.8066e+00	 5.9268e-01	 3.2315e+02	 1.2812e+02	-8.1150e+01	 3.0818e+04	 4.7982e+03	-6.4228e+00
 1.4779e+05	 7.4500e+01	 3.6697e+00	 5.0063e-01	 3.2315e+02	 1.3091e+02	-8.2231e+01	 2.4322e+04	 3.3181e+03	-7.3301e+00
 2.2168e+05	 7.4500e+01	 3.5689e+00	 4.2738e-01	 3.2315e+02	 1.3350e+02	-8.3171e+01	 1.8994e+04	 2.2746e+03	-8.3507e+00
 3.3253e+05	 7.4500e+01	 3.4840e+00	 3.7132e-01	 3.2315e+02	 1.3594e+02	-8.3917e+01	 1.4575e+04	 1.5533e+03	-9.3829e+00
 4.9879e+05	 7.4500e+01	 3.4091e+00	 3.2925e-01	 3.2315e+02	 1.3856e+02	-8.4484e+01	 1.0958e+04	 1.0583e+03	-1.0354e+01
 7.4818e+05	 7.4500e+01	 3.3946e+00	 2.1337e-01	 3.2315e+02	 1.4619e+02	-8.6403e+01	 1.1272e+04	 7.0855e+02	-1.5909e+01
 9.0000e+05	 7.4500e+01	 3.3702e+00	 1.9393e-01	 3.2315e+02	 1.5394e+02	-8.6707e+01	 1.0311e+04	 5.9330e+02	-1.7379e+01
 1.0000e+02	 1.5130e+02	 5.9417e+00	 8.3087e-02	 3.2315e+02	 1.6083e+02	-8.9199e+01	 2.1659e+08	 3.0287e+06	-7.1511e+01
 1.5000e+02	 1.5130e+02	 5.9222e+00	 9.6507e-02	 3.2315e+02	 1.6333e+02	-8.9066e+01	 1.2431e+08	 2.0258e+06	-6.1366e+01
 2.2500e+02	 1.5130e+02	 5.9019e+00	 1.1626e-01	 3.2315e+02	 1.6606e+02	-8.8871e+01	 6.8795e+07	 1.3552e+06	-5.0765e+01
 3.3750e+02	 1.5130e+02	 5.8772e+00	 1.3970e-01	 3.2315e+02	 1.6850e+02	-8.8638e+01	 3.8169e+07	 9.0724e+05	-4.2072e+01
 5.0625e+02	 1.5130e+02	 5.8473e+00	 1.6936e-01	 3.2315e+02	 1.7094e+02	-8.8341e+01	 2.0989e+07	 6.0792e+05	-3.4526e+01
 7.5938e+02	 1.5130e+02	 5.8110e+00	 2.0704e-01	 3.2315e+02	 1.7356e+02	-8.7960e+01	 1.1446e+07	 4.0781e+05	-2.8067e+01
 1.1391e+03	 1.5130e+02	 5.7664e+00	 2.5493e-01	 3.2315e+02	 1.7600e+02	-8.7469e+01	 6.1972e+06	 2.7398e+05	-2.2619e+01
 1.7086e+03	 1.5130e+02	 5.7101e+00	 3.1593e-01	 3.2316e+02	 1.7878e+02	-8.6833e+01	 3.3338e+06	 1.8445e+05	-1.8074e+01
 2.5629e+03	 1.5130e+02	 5.6375e+00	 3.9234e-01	 3.2316e+02	 1.8137e+02	-8.6019e+01	 1.7897e+06	 1.2455e+05	-1.4369e+01
 3.8443e+03	 1.5130e+02	 5.5410e+00	 4.8548e-01	 3.2315e+02	 1.8381e+02	-8.4993e+01	 9.6422e+05	 8.4481e+04	-1.1413e+01
 5.7665e+03	 1.5130e+02	 5.4100e+00	 5.9331e-01	 3.2315e+02	 1.8637e+02	-8.3741e+01	 5.2598e+05	 5.7684e+04	-9.1184e+00
 8.6498e+03	 1.5130e+02	 5.2333e+00	 7.0640e-01	 3.2315e+02	 1.8894e+02	-8.2313e+01	 2.9452e+05	 3.9755e+04	-7.4084e+00
 1.2975e+04	 1.5130e+02	 5.0050e+00	 8.0495e-01	 3.2315e+02	 1.9166e+02	-8.0863e+01	 1.7231e+05	 2.7712e+04	-6.2178e+00
 1.9462e+04	 1.5130e+02	 4.7322e+00	 8.6121e-01	 3.2315e+02	 1.9431e+02	-7.9686e+01	 1.0737e+05	 1.9540e+04	-5.4948e+00
 2.9193e+04	 1.5130e+02	 4.4537e+00	 8.5676e-01	 3.2315e+02	 1.9706e+02	-7.9111e+01	 7.1950e+04	 1.3841e+04	-5.1983e+00
 4.3789e+04	 1.5130e+02	 4.1903e+00	 7.9284e-01	 3.2315e+02	 1.9950e+02	-7.9286e+01	 5.1834e+04	 9.8073e+03	-5.2852e+00
 6.5684e+04	 1.5130e+02	 3.9731e+00	 6.9583e-01	 3.2315e+02	 2.0217e+02	-8.0066e+01	 3.9373e+04	 6.8957e+03	-5.7098e+00
 9.8526e+04	 1.5130e+02	 3.8060e+00	 5.9254e-01	 3.2315e+02	 2.0462e+02	-8.1151e+01	 3.0825e+04	 4.7989e+03	-6.4232e+00
 1.4779e+05	 1.5130e+02	 3.6693e+00	 5.0041e-01	 3.2315e+02	 2.0719e+02	-8.2234e+01	 2.4333e+04	 3.3185e+03	-7.3325e+00
 2.2168e+05	 1.5130e+02	 3.5682e+00	 4.2725e-01	 3.2315e+02	 2.0981e+02	-8.3172e+01	 1.9000e+04	 2.2750e+03	-8.3516e+00
 3.3253e+05	 1.5130e+02	 3.4835e+00	 3.7130e-01	 3.2315e+02	 2.1225e+02	-8.3916e+01	 1.4575e+04	 1.5536e+03	-9.3818e+00
 4.9879e+05	 1.5130e+02	 3.4086e+00	 3.2924e-01	 3.2315e+02	 2.1491e+02	-8.4483e+01	 1.0958e+04	 1.0585e+03	-1.0353e+01
 7.4818e+05	 1.5130e+02	 3.3940e+00	 2.1182e-01	 3.2315e+02	 2.2256e+02	-8.6429e+01	 1.1355e+04	 7.0867e+02	-1.6023e+01
 9.0000e+05	 1.5130e+02	 3.3700e+00	 1.8887e-01	 3.2315e+02	 2.3025e+02	-8.6792e+01	 1.0587e+04	 5.9333e+02	-1.7843e+01
 1.0000e+02	 2.2760e+02	 5.9413e+00	 8.3355e-02	 3.2315e+02	 2.3695e+02	-8.9196e+01	 2.1589e+08	 3.0289e+06	-7.1277e+01
 1.5000e+02	 2.2760e+02	 5.9248e+00	 9.9605e-02	 3.2315e+02	 2.3958e+02	-8.9037e+01	 1.2045e+08	 2.0249e+06	-5.9483e+01
 2.2500e+02	 2.2760e+02	 5.9018e+00	 1.1642e-01	 3.2315e+02	 2.4206e+02	-8.8870e+01	 6.8700e+07	 1.3552e+06	-5.0694e+01
 3.3750e+02	 2.2760e+02	 5.8765e+00	 1.4002e-01	 3.2316e+02	 2.4450e+02	-8.8635e+01	 3.8080e+07	 9.0735e+05	-4.1968e+01
 5.0625e+02	 2.2760e+02	 5.8469e+00	 1.6968e-01	 3.2315e+02	 2.4700e+02	-8.8338e+01	 2.0950e+07	 6.0797e+05	-3.4459e+01
 7.5938e+02	 2.2760e+02	 5.8106e+00	 2.0748e-01	 3.2315e+02	 2.4958e+02	-8.7955e+01	 1.1422e+07	 4.0784e+05	-2.8005e+01
 1.1391e+03	 2.2760e+02	 5.7657e+00	 2.5524e-01	 3.2315e+02	 2.5231e+02	-8.7465e+01	 6.1897e+06	 2.7401e+05	-2.2589e+01
 1.7086e+03	 2.2760e+02	 5.7094e+00	 3.1617e-01	 3.2316e+02	 2.5487e+02	-8.6830e+01	 3.3313e+06	 1.8448e+05	-1.8058e+01
 2.5629e+03	 2.2760e+02	 5.6367e+00	 3.9250e-01	 3.2315e+02	 2.5762e+02	-8.6017e+01	 1.7889e+06	 1.2457e+05	-1.4361e+01
 3.8443e+03	 2.2760e+02	 5.5400e+00	 4.8557e-01	 3.2316e+02	 2.6012e+02	-8.4991e+01	 9.6405e+05	 8.4496e+04	-1.1409e+01
 5.7665e+03	 2.2760e+02	 5.4089e+00	 5.9345e-01	 3.2315e+02	 2.6287e+02	-8.3739e+01	 5.2587e+05	 5.7696e+04	-9.1145e+00
 8.6498e+03	 2.2760e+02	 5.2321e+00	 7.0647e-01	 3.2315e+02	 2.6544e+02	-8.2310e+01	 2.9449e+05	 3.9764e+04	-7.4060e+00
 1.2975e+04	 2.2760e+02	 5.0036e+00	 8.0470e-01	 3.2316e+02	 2.6820e+02	-8.0864e+01	 1.7236e+05	 2.7720e+04	-6.2180e+00
 1.9462e+04	 2.2760e+02	 4.7311e+00	 8.6089e-01	 3.2316e+02	 2.7081e+02	-7.9687e+01	 1.0741e+05	 1.9544e+04	-5.4956e+00
 2.9193e+04	 2.2760e+02	 4.4528e+00	 8.5648e-01	 3.2316e+02	 2.7341e+02	-7.9112e+01	 7.1974e+04	 1.3844e+04	-5.1989e+00
 4.3789e+04	 2.2760e+02	 4.1897e+00	 7.9254e-01	 3.2315e+02	 2.7587e+02	-7.9288e+01	 5.1854e+04	 9.8089e+03	-5.2864e+00
 6.5684e+04	 2.2760e+02	 3.9725e+00	 6.9551e-01	 3.2315e+02	 2.7844e+02	-8.0069e+01	 3.9392e+04	 6.8968e+03	-5.7117e+00
 9.8526e+04	 2.2760e+02	 3.8054e+00	 5.9228e-01	 3.2315e+02	 2.8106e+02	-8.1153e+01	 3.0838e+04	 4.7997e+03	-6.4250e+00
 1.4779e+05	 2.2760e+02	 3.6688e+00	 5.0039e-01	 3.2315e+02	 2.8362e+02	-8.2233e+01	 2.4334e+04	 3.3190e+03	-7.3319e+00
 2.2168e+05	 2.2760e+02	 3.5677e+00	 4.2723e-01	 3.2315e+02	 2.8617e+02	-8.3171e+01	 1.9001e+04	 2.2753e+03	-8.3507e+00
 3.3253e+05	 2.2760e+02	 3.4830e+00	 3.7127e-01	 3.2315e+02	 2.8870e+02	-8.3916e+01	 1.4577e+04	 1.5538e+03	-9.3814e+00
 4.9879e+05	 2.2760e+02	 3.4081e+00	 3.2919e-01	 3.2315e+02	 2.9133e+02	-8.4483e+01	 1.0960e+04	 1.0586e+03	-1.0353e+01
 7.4818e+05	 2.2760e+02	 3.3937e+00	 2.1144e-01	 3.2315e+02	 2.9925e+02	-8.6435e+01	 1.1376e+04	 7.0873e+02	-1.6051e+01
 9.0000e+05	 2.2760e+02	 3.3696e+00	 1.8784e-01	 3.2315e+02	 3.0675e+02	-8.6809e+01	 1.0645e+04	 5.9341e+02	-1.7939e+01
 1.0000e+02	 3.0410e+02	 5.9410e+00	 8.3305e-02	 3.2315e+02	 3.1351e+02	-8.9197e+01	 2.1602e+08	 3.0291e+06	-7.1317e+01
 1.5000e+02	 3.0410e+02	 5.9247e+00	 9.8663e-02	 3.2316e+02	 3.1606e+02	-8.9046e+01	 1.2160e+08	 2.0249e+06	-6.0050e+01
 2.2500e+02	 3.0410e+02	 5.9012e+00	 1.1675e-01	 3.2315e+02	 3.1850e+02	-8.8867e+01	 6.8508e+07	 1.3553e+06	-5.0547e+01
 3.3750e+02	 3.0410e+02	 5.8761e+00	 1.4023e-01	 3.2315e+02	 3.2134e+02	-8.8633e+01	 3.8024e+07	 9.0742e+05	-4.1903e+01
 5.0625e+02	 3.0410e+02	 5.8462e+00	 1.7004e-01	 3.2315e+02	 3.2383e+02	-8.8334e+01	 2.0905e+07	 6.0804e+05	-3.4381e+01
 7.5938e+02	 3.0410e+02	 5.8098e+00	 2.0775e-01	 3.2315e+02	 3.2666e+02	-8.7952e+01	 1.1407e+07	 4.0790e+05	-2.7966e+01
 1.1391e+03	 3.0410e+02	 5.7652e+00	 2.5595e-01	 3.2315e+02	 3.2912e+02	-8.7458e+01	 6.1725e+06	 2.7404e+05	-2.2525e+01
 1.7086e+03	 3.0410e+02	 5.7085e+00	 3.1688e-01	 3.2315e+02	 3.3189e+02	-8.6823e+01	 3.3238e+06	 1.8450e+05	-1.8015e+01
 2.5629e+03	 3.0410e+02	 5.6357e+00	 3.9305e-01	 3.2315e+02	 3.3450e+02	-8.6010e+01	 1.7864e+06	 1.2459e+05	-1.4338e+01
 3.8443e+03	 3.0410e+02	 5.5386e+00	 4.8610e-01	 3.2315e+02	 3.3716e+02	-8.4984e+01	 9.6298e+05	 8.4518e+04	-1.1394e+01
 5.7665e+03	 3.0410e+02	 5.4073e+00	 5.9394e-01	 3.2315e+02	 3.3962e+02	-8.3732e+01	 5.2543e+05	 5.7713e+04	-9.1042e+00
 8.6498e+03	 3.0410e+02	 5.2303e+00	 7.0662e-01	 3.2314e+02	 3.4219e+02	-8.2306e+01	 2.9443e+05	 3.9778e+04	-7.4019e+00
 1.2975e+04	 3.0410e+02	 5.0018e+00	 8.0466e-01	 3.2314e+02	 3.4462e+02	-8.0861e+01	 1.7237e+05	 2.7730e+04	-6.2161e+00
 1.9462e+04	 3.0410e+02	 4.7294e+00	 8.6047e-01	 3.2314e+02	 3.4719e+02	-7.9688e+01	 1.0746e+05	 1.9551e+04	-5.4963e+00
 2.9193e+04	 3.0410e+02	 4.4513e+00	 8.5586e-01	 3.2315e+02	 3.4992e+02	-7.9117e+01	 7.2026e+04	 1.3848e+04	-5.2010e+00
 4.3789e+04	 3.0410e+02	 4.1886e+00	 7.9203e-01	 3.2314e+02	 3.5244e+02	-7.9292e+01	 5.1887e+04	 9.8114e+03	-5.2885e+00
 6.5684e+04	 3.0410e+02	 3.9715e+00	 6.9501e-01	 3.2315e+02	 3.5487e+02	-8.0074e+01	 3.9420e+04	 6.8985e+03	-5.7143e+00
 9.8526e+04	 3.0410e+02	 3.8048e+00	 5.9208e-01	 3.2315e+02	 3.5731e+02	-8.1155e+01	 3.0849e+04	 4.8005e+03	-6.4261e+00
 1.4779e+05	 3.0410e+02	 3.6680e+00	 5.0017e-01	 3.2315e+02	 3.5994e+02	-8.2235e+01	 2.4345e+04	 3.3196e+03	-7.3337e+00
 2.2168e+05	 3.0410e+02	 3.5672e+00	 4.2704e-01	 3.2315e+02	 3.6262e+02	-8.3173e+01	 1.9009e+04	 2.2757e+03	-8.3534e+00
 3.3253e+05	 3.0410e+02	 3.4823e+00	 3.7112e-01	 3.2315e+02	 3.6525e+02	-8.3917e+01	 1.4582e+04	 1.5541e+03	-9.3833e+00
 4.9879e+05	 3.0410e+02	 3.4076e+00	 3.2912e-01	 3.2314e+02	 3.6787e+02	-8.4483e+01	 1.0962e+04	 1.0588e+03	-1.0354e+01
 7.4818e+05	 3.0410e+02	 3.3932e+00	 2.1055e-01	 3.2315e+02	 3.7556e+02	-8.6449e+01	 1.1424e+04	 7.0885e+02	-1.6116e+01
 9.0000e+05	 3.0410e+02	 3.3691e+00	 1.8758e-01	 3.2314e+02	 3.8312e+02	-8.6813e+01	 1.0660e+04	 5.9349e+02	-1.7961e+01
 1.0000e+02	 3.8040e+02	 5.9407e+00	 8.3556e-02	 3.2315e+02	 3.9016e+02	-8.9194e+01	 2.1537e+08	 3.0292e+06	-7.1099e+01
 1.5000e+02	 3.8040e+02	 5.9194e+00	 9.8659e-02	 3.2315e+02	 3.9264e+02	-8.9045e+01	 1.2160e+08	 2.0268e+06	-5.9998e+01
 2.2500e+02	 3.8040e+02	 5.9008e+00	 1.1705e-01	 3.2315e+02	 3.9514e+02	-8.8864e+01	 6.8333e+07	 1.3554e+06	-5.0414e+01
 3.3750e+02	 3.8040e+02	 5.8758e+00	 1.4049e-01	 3.2315e+02	 3.9762e+02	-8.8630e+01	 3.7954e+07	 9.0746e+05	-4.1825e+01
 5.0625e+02	 3.8040e+02	 5.8456e+00	 1.7017e-01	 3.2315e+02	 4.0012e+02	-8.8333e+01	 2.0889e+07	 6.0810e+05	-3.4351e+01
 7.5938e+02	 3.8040e+02	 5.8093e+00	 2.0795e-01	 3.2315e+02	 4.0286e+02	-8.7950e+01	 1.1396e+07	 4.0793e+05	-2.7936e+01
 1.1391e+03	 3.8040e+02	 5.7645e+00	 2.5601e-01	 3.2315e+02	 4.0531e+02	-8.7457e+01	 6.1711e+06	 2.7407e+05	-2.2517e+01
 1.7086e+03	 3.8040e+02	 5.7078e+00	 3.1682e-01	 3.2315e+02	 4.0820e+02	-8.6823e+01	 3.3244e+06	 1.8453e+05	-1.8016e+01
 2.5629e+03	 3.8040e+02	 5.6348e+00	 3.9296e-01	 3.2315e+02	 4.1075e+02	-8.6011e+01	 1.7868e+06	 1.2461e+05	-1.4339e+01
 3.8443e+03	 3.8040e+02	 5.5386e+00	 4.8565e-01	 3.2315e+02	 4.1319e+02	-8.4989e+01	 9.6388e+05	 8.4517e+04	-1.1405e+01
 5.7665e+03	 3.8040e+02	 5.4079e+00	 5.9282e-01	 3.2314e+02	 4.1587e+02	-8.3744e+01	 5.2642e+05	 5.7707e+04	-9.1223e+00
 8.6498e+03	 3.8040e+02	 5.2315e+00	 7.0543e-01	 3.2314e+02	 4.1845e+02	-8.2320e+01	 2.9492e+05	 3.9769e+04	-7.4160e+00
 1.2975e+04	 3.8040e+02	 5.0035e+00	 8.0334e-01	 3.2314e+02	 4.2114e+02	-8.0879e+01	 1.7265e+05	 2.7721e+04	-6.2283e+00
 1.9462e+04	 3.8040e+02	 4.7314e+00	 8.5970e-01	 3.2314e+02	 4.2369e+02	-7.9702e+01	 1.0756e+05	 1.9543e+04	-5.5035e+00
 2.9193e+04	 3.8040e+02	 4.4534e+00	 8.5560e-01	 3.2314e+02	 4.2636e+02	-7.9125e+01	 7.2048e+04	 1.3842e+04	-5.2050e+00
 4.3789e+04	 3.8040e+02	 4.1901e+00	 7.9222e-01	 3.2314e+02	 4.2881e+02	-7.9294e+01	 5.1875e+04	 9.8078e+03	-5.2891e+00
 6.5684e+04	 3.8040e+02	 3.9726e+00	 6.9553e-01	 3.2313e+02	 4.3125e+02	-8.0069e+01	 3.9390e+04	 6.8965e+03	-5.7117e+00
 9.8526e+04	 3.8040e+02	 3.8053e+00	 5.9254e-01	 3.2314e+02	 4.3387e+02	-8.1149e+01	 3.0825e+04	 4.7999e+03	-6.4220e+00
 1.4779e+05	 3.8040e+02	 3.6682e+00	 5.0049e-01	 3.2313e+02	 4.3644e+02	-8.2230e+01	 2.4329e+04	 3.3195e+03	-7.3291e+00
 2.2168e+05	 3.8040e+02	 3.5670e+00	 4.2742e-01	 3.2314e+02	 4.3916e+02	-8.3167e+01	 1.8993e+04	 2.2758e+03	-8.3454e+00
 3.3253e+05	 3.8040e+02	 3.4820e+00	 3.7140e-01	 3.2313e+02	 4.4162e+02	-8.3912e+01	 1.4571e+04	 1.5542e+03	-9.3754e+00
 4.9879e+05	 3.8040e+02	 3.4070e+00	 3.2931e-01	 3.2313e+02	 4.4444e+02	-8.4479e+01	 1.0956e+04	 1.0590e+03	-1.0346e+01
 7.4818e+05	 3.8040e+02	 3.3925e+00	 2.0930e-01	 3.2313e+02	 4.5206e+02	-8.6470e+01	 1.1492e+04	 7.0898e+02	-1.6209e+01
 9.0000e+05	 3.8040e+02	 3.3680e+00	 1.8722e-01	 3.2313e+02	 4.5975e+02	-8.6818e+01	 1.0680e+04	 5.9369e+02	-1.7990e+01
 1.0000e+02	 4.5710e+02	 5.9432e+00	 8.5622e-02	 3.2312e+02	 4.6645e+02	-8.9175e+01	 2.1018e+08	 3.0280e+06	-6.9412e+01
 1.5000e+02	 4.5710e+02	 5.9235e+00	 9.9559e-02	 3.2312e+02	 4.6908e+02	-8.9037e+01	 1.2050e+08	 2.0253e+06	-5.9497e+01
 2.2500e+02	 4.5710e+02	 5.9032e+00	 1.1873e-01	 3.2313e+02	 4.7162e+02	-8.8848e+01	 6.7366e+07	 1.3549e+06	-4.9721e+01
 3.3750e+02	 4.5710e+02	 5.8775e+00	 1.4241e-01	 3.2313e+02	 4.7430e+02	-8.8612e+01	 3.7442e+07	 9.0721e+05	-4.1272e+01
 5.0625e+02	 4.5710e+02	 5.8472e+00	 1.7239e-01	 3.2312e+02	 4.7676e+02	-8.8311e+01	 2.0620e+07	 6.0794e+05	-3.3918e+01
 7.5938e+02	 4.5710e+02	 5.8103e+00	 2.1009e-01	 3.2313e+02	 4.7962e+02	-8.7929e+01	 1.1280e+07	 4.0786e+05	-2.7656e+01
 1.1391e+03	 4.5710e+02	 5.7650e+00	 2.5819e-01	 3.2313e+02	 4.8206e+02	-8.7436e+01	 6.1190e+06	 2.7405e+05	-2.2328e+01
 1.7086e+03	 4.5710e+02	 5.7080e+00	 3.1935e-01	 3.2312e+02	 4.8489e+02	-8.6798e+01	 3.2981e+06	 1.8452e+05	-1.7874e+01
 2.5629e+03	 4.5710e+02	 5.6343e+00	 3.9571e-01	 3.2312e+02	 4.8756e+02	-8.5983e+01	 1.7745e+06	 1.2462e+05	-1.4239e+01
 3.8443e+03	 4.5710e+02	 5.5366e+00	 4.8903e-01	 3.2312e+02	 4.9030e+02	-8.4952e+01	 9.5722e+05	 8.4549e+04	-1.1321e+01
 5.7665e+03	 4.5710e+02	 5.4041e+00	 5.9678e-01	 3.2313e+02	 4.9275e+02	-8.3698e+01	 5.2293e+05	 5.7747e+04	-9.0555e+00
 8.6498e+03	 4.5710e+02	 5.2261e+00	 7.0916e-01	 3.2313e+02	 4.9531e+02	-8.2272e+01	 2.9337e+05	 3.9809e+04	-7.3694e+00
 1.2975e+04	 4.5710e+02	 4.9966e+00	 8.0632e-01	 3.2313e+02	 4.9787e+02	-8.0833e+01	 1.7201e+05	 2.7759e+04	-6.1968e+00
 1.9462e+04	 4.5710e+02	 4.7236e+00	 8.6116e-01	 3.2312e+02	 5.0044e+02	-7.9668e+01	 1.0737e+05	 1.9575e+04	-5.4852e+00
 2.9193e+04	 4.5710e+02	 4.4456e+00	 8.5547e-01	 3.2313e+02	 5.0316e+02	-7.9108e+01	 7.2059e+04	 1.3866e+04	-5.1967e+00
 4.3789e+04	 4.5710e+02	 4.1832e+00	 7.9063e-01	 3.2313e+02	 5.0569e+02	-7.9297e+01	 5.1979e+04	 9.8241e+03	-5.2910e+00
 6.5684e+04	 4.5710e+02	 3.9671e+00	 6.9334e-01	 3.2313e+02	 5.0839e+02	-8.0086e+01	 3.9515e+04	 6.9061e+03	-5.7217e+00
 9.8526e+04	 4.5710e+02	 3.8009e+00	 5.9036e-01	 3.2313e+02	 5.1087e+02	-8.1171e+01	 3.0939e+04	 4.8055e+03	-6.4382e+00
 1.4779e+05	 4.5710e+02	 3.6649e+00	 4.9882e-01	 3.2313e+02	 5.1344e+02	-8.2249e+01	 2.4411e+04	 3.3225e+03	-7.3472e+00
 2.2168e+05	 4.5710e+02	 3.5641e+00	 4.2592e-01	 3.2314e+02	 5.1606e+02	-8.3185e+01	 1.9059e+04	 2.2776e+03	-8.3681e+00
 3.3253e+05	 4.5710e+02	 3.4796e+00	 3.7043e-01	 3.2314e+02	 5.1850e+02	-8.3923e+01	 1.4609e+04	 1.5553e+03	-9.3933e+00
 4.9879e+05	 4.5710e+02	 3.4047e+00	 3.2867e-01	 3.2314e+02	 5.2116e+02	-8.4486e+01	 1.0977e+04	 1.0597e+03	-1.0359e+01
 7.4818e+05	 4.5710e+02	 3.3904e+00	 2.0962e-01	 3.2314e+02	 5.2900e+02	-8.6462e+01	 1.1475e+04	 7.0943e+02	-1.6174e+01
 9.0000e+05	 4.5710e+02	 3.3662e+00	 1.8720e-01	 3.2314e+02	 5.3675e+02	-8.6817e+01	 1.0681e+04	 5.9400e+02	-1.7982e+01
 1.0000e+02	 5.3410e+02	 5.9504e+00	 9.2250e-02	 3.2314e+02	 5.4339e+02	-8.9112e+01	 1.9507e+08	 3.0243e+06	-6.4503e+01
 1.5000e+02	 5.3410e+02	 5.9298e+00	 1.0404e-01	 3.2315e+02	 5.4589e+02	-8.8995e+01	 1.1531e+08	 2.0232e+06	-5.6995e+01
 2.2500e+02	 5.3410e+02	 5.9080e+00	 1.2414e-01	 3.2315e+02	 5.4833e+02	-8.8796e+01	 6.4427e+07	 1.3538e+06	-4.7591e+01
 3.3750e+02	 5.3410e+02	 5.8817e+00	 1.4715e-01	 3.2314e+02	 5.5087e+02	-8.8567e+01	 3.6235e+07	 9.0655e+05	-3.9970e+01
 5.0625e+02	 5.3410e+02	 5.8503e+00	 1.7667e-01	 3.2314e+02	 5.5345e+02	-8.8270e+01	 2.0121e+07	 6.0761e+05	-3.3114e+01
 7.5938e+02	 5.3410e+02	 5.8123e+00	 2.1403e-01	 3.2315e+02	 5.5617e+02	-8.7891e+01	 1.1072e+07	 4.0772e+05	-2.7156e+01
 1.1391e+03	 5.3410e+02	 5.7666e+00	 2.6180e-01	 3.2315e+02	 5.5862e+02	-8.7401e+01	 6.0347e+06	 2.7397e+05	-2.2027e+01
 1.7086e+03	 5.3410e+02	 5.7084e+00	 3.2284e-01	 3.2315e+02	 5.6144e+02	-8.6763e+01	 3.2624e+06	 1.8451e+05	-1.7682e+01
 2.5629e+03	 5.3410e+02	 5.6341e+00	 3.9928e-01	 3.2315e+02	 5.6400e+02	-8.5946e+01	 1.7586e+06	 1.2463e+05	-1.4110e+01
 3.8443e+03	 5.3410e+02	 5.5353e+00	 4.9230e-01	 3.2315e+02	 5.6644e+02	-8.4918e+01	 9.5085e+05	 8.4567e+04	-1.1244e+01
 5.7665e+03	 5.3410e+02	 5.4021e+00	 5.9983e-01	 3.2314e+02	 5.6887e+02	-8.3664e+01	 5.2027e+05	 5.7769e+04	-9.0060e+00
 8.6498e+03	 5.3410e+02	 5.2230e+00	 7.1195e-01	 3.2315e+02	 5.7144e+02	-8.2238e+01	 2.9222e+05	 3.9833e+04	-7.3361e+00
 1.2975e+04	 5.3410e+02	 4.9926e+00	 8.0819e-01	 3.2315e+02	 5.7416e+02	-8.0805e+01	 1.7162e+05	 2.7781e+04	-6.1774e+00
 1.9462e+04	 5.3410e+02	 4.7190e+00	 8.6188e-01	 3.2315e+02	 5.7681e+02	-7.9650e+01	 1.0728e+05	 1.9594e+04	-5.4753e+00
 2.9193e+04	 5.3410e+02	 4.4412e+00	 8.5501e-01	 3.2315e+02	 5.7941e+02	-7.9103e+01	 7.2097e+04	 1.3880e+04	-5.1943e+00
 4.3789e+04	 5.3410e+02	 4.1796e+00	 7.8954e-01	 3.2315e+02	 5.8187e+02	-7.9303e+01	 5.2051e+04	 9.8326e+03	-5.2937e+00
 6.5684e+04	 5.3410e+02	 3.9642e+00	 6.9197e-01	 3.2315e+02	 5.8431e+02	-8.0099e+01	 3.9593e+04	 6.9112e+03	-5.7289e+00
 9.8526e+04	 5.3410e+02	 3.7988e+00	 5.8911e-01	 3.2315e+02	 5.8706e+02	-8.1185e+01	 3.1004e+04	 4.8080e+03	-6.4485e+00
 1.4779e+05	 5.3410e+02	 3.6629e+00	 4.9773e-01	 3.2315e+02	 5.8962e+02	-8.2262e+01	 2.4464e+04	 3.3243e+03	-7.3592e+00
 2.2168e+05	 5.3410e+02	 3.5626e+00	 4.2537e-01	 3.2315e+02	 5.9219e+02	-8.3191e+01	 1.9084e+04	 2.2786e+03	-8.3753e+00
 3.3253e+05	 5.3410e+02	 3.4781e+00	 3.6987e-01	 3.2315e+02	 5.9469e+02	-8.3930e+01	 1.4632e+04	 1.5560e+03	-9.4035e+00
 4.9879e+05	 5.3410e+02	 3.4033e+00	 3.2830e-01	 3.2315e+02	 5.9761e+02	-8.4490e+01	 1.0990e+04	 1.0601e+03	-1.0367e+01
 7.4818e+05	 5.3410e+02	 3.3891e+00	 2.0940e-01	 3.2315e+02	 6.0525e+02	-8.6464e+01	 1.1486e+04	 7.0970e+02	-1.6185e+01
 9.0000e+05	 5.3410e+02	 3.3647e+00	 1.8961e-01	 3.2315e+02	 6.1287e+02	-8.6775e+01	 1.0545e+04	 5.9427e+02	-1.7745e+01
 1.0000e+02	 6.1020e+02	 5.9568e+00	 9.7988e-02	 3.2315e+02	 6.1951e+02	-8.9058e+01	 1.8365e+08	 3.0210e+06	-6.0791e+01
 1.5000e+02	 6.1020e+02	 5.9357e+00	 1.0875e-01	 3.2315e+02	 6.2222e+02	-8.8950e+01	 1.1032e+08	 2.0212e+06	-5.4583e+01
 2.2500e+02	 6.1020e+02	 5.9123e+00	 1.2820e-01	 3.2315e+02	 6.2469e+02	-8.8758e+01	 6.2389e+07	 1.3528e+06	-4.6119e+01
 3.3750e+02	 6.1020e+02	 5.8849e+00	 1.5061e-01	 3.2315e+02	 6.2745e+02	-8.8534e+01	 3.5403e+07	 9.0605e+05	-3.9074e+01
 5.0625e+02	 6.1020e+02	 5.8528e+00	 1.7964e-01	 3.2315e+02	 6.2994e+02	-8.8242e+01	 1.9788e+07	 6.0735e+05	-3.2581e+01
 7.5938e+02	 6.1020e+02	 5.8144e+00	 2.1676e-01	 3.2315e+02	 6.3287e+02	-8.7865e+01	 1.0933e+07	 4.0758e+05	-2.6824e+01
 1.1391e+03	 6.1020e+02	 5.7677e+00	 2.6530e-01	 3.2315e+02	 6.3531e+02	-8.7366e+01	 5.9550e+06	 2.7392e+05	-2.1740e+01
 1.7086e+03	 6.1020e+02	 5.7091e+00	 3.2541e-01	 3.2315e+02	 6.3819e+02	-8.6738e+01	 3.2366e+06	 1.8448e+05	-1.7544e+01
 2.5629e+03	 6.1020e+02	 5.6340e+00	 4.0201e-01	 3.2315e+02	 6.4075e+02	-8.5919e+01	 1.7466e+06	 1.2463e+05	-1.4015e+01
 3.8443e+03	 6.1020e+02	 5.5344e+00	 4.9503e-01	 3.2315e+02	 6.4341e+02	-8.4889e+01	 9.4562e+05	 8.4582e+04	-1.1180e+01
 5.7665e+03	 6.1020e+02	 5.4002e+00	 6.0223e-01	 3.2315e+02	 6.4587e+02	-8.3637e+01	 5.1820e+05	 5.7789e+04	-8.9670e+00
 8.6498e+03	 6.1020e+02	 5.2203e+00	 7.1389e-01	 3.2315e+02	 6.4844e+02	-8.2213e+01	 2.9143e+05	 3.9854e+04	-7.3124e+00
 1.2975e+04	 6.1020e+02	 4.9891e+00	 8.0947e-01	 3.2316e+02	 6.5087e+02	-8.0784e+01	 1.7135e+05	 2.7800e+04	-6.1635e+00
 1.9462e+04	 6.1020e+02	 4.7156e+00	 8.6228e-01	 3.2315e+02	 6.5344e+02	-7.9638e+01	 1.0723e+05	 1.9609e+04	-5.4688e+00
 2.9193e+04	 6.1020e+02	 4.4380e+00	 8.5433e-01	 3.2315e+02	 6.5614e+02	-7.9104e+01	 7.2155e+04	 1.3890e+04	-5.1948e+00
 4.3789e+04	 6.1020e+02	 4.1771e+00	 7.8830e-01	 3.2316e+02	 6.5856e+02	-7.9313e+01	 5.2133e+04	 9.8384e+03	-5.2989e+00
 6.5684e+04	 6.1020e+02	 3.9624e+00	 6.9074e-01	 3.2315e+02	 6.6100e+02	-8.0111e+01	 3.9664e+04	 6.9143e+03	-5.7365e+00
 9.8526e+04	 6.1020e+02	 3.7976e+00	 5.8809e-01	 3.2316e+02	 6.6375e+02	-8.1197e+01	 3.1058e+04	 4.8096e+03	-6.4575e+00
 1.4779e+05	 6.1020e+02	 3.6620e+00	 4.9710e-01	 3.2316e+02	 6.6631e+02	-8.2270e+01	 2.4495e+04	 3.3251e+03	-7.3668e+00
 2.2168e+05	 6.1020e+02	 3.5618e+00	 4.2479e-01	 3.2316e+02	 6.6906e+02	-8.3199e+01	 1.9110e+04	 2.2791e+03	-8.3848e+00
 3.3253e+05	 6.1020e+02	 3.4774e+00	 3.6955e-01	 3.2315e+02	 6.7150e+02	-8.3934e+01	 1.4644e+04	 1.5563e+03	-9.4097e+00
 4.9879e+05	 6.1020e+02	 3.4027e+00	 3.2804e-01	 3.2316e+02	 6.7416e+02	-8.4493e+01	 1.0998e+04	 1.0603e+03	-1.0373e+01
 7.4818e+05	 6.1020e+02	 3.3888e+00	 2.0755e-01	 3.2316e+02	 6.8187e+02	-8.6495e+01	 1.1589e+04	 7.0977e+02	-1.6327e+01
 9.0000e+05	 6.1020e+02	 3.3646e+00	 1.8526e-01	 3.2315e+02	 6.8983e+02	-8.6848e+01	 1.0793e+04	 5.9429e+02	-1.8161e+01
 1.0000e+02	 6.8730e+02	 5.9598e+00	 1.0286e-01	 3.2315e+02	 6.9658e+02	-8.9011e+01	 1.7495e+08	 3.0195e+06	-5.7941e+01
 1.5000e+02	 6.8730e+02	 5.9400e+00	 1.1606e-01	 3.2316e+02	 6.9916e+02	-8.8881e+01	 1.0337e+08	 2.0197e+06	-5.1181e+01
 2.2500e+02	 6.8730e+02	 5.9142e+00	 1.3130e-01	 3.2316e+02	 7.0176e+02	-8.8728e+01	 6.0913e+07	 1.3524e+06	-4.5042e+01
 3.3750e+02	 6.8730e+02	 5.8862e+00	 1.5317e-01	 3.2315e+02	 7.0425e+02	-8.8509e+01	 3.4810e+07	 9.0586e+05	-3.8428e+01
 5.0625e+02	 6.8730e+02	 5.8539e+00	 1.8203e-01	 3.2316e+02	 7.0706e+02	-8.8219e+01	 1.9529e+07	 6.0724e+05	-3.2160e+01
 7.5938e+02	 6.8730e+02	 5.8150e+00	 2.1908e-01	 3.2316e+02	 7.0962e+02	-8.7842e+01	 1.0817e+07	 4.0753e+05	-2.6543e+01
 1.1391e+03	 6.8730e+02	 5.7678e+00	 2.6670e-01	 3.2316e+02	 7.1208e+02	-8.7353e+01	 5.9238e+06	 2.7391e+05	-2.1627e+01
 1.7086e+03	 6.8730e+02	 5.7088e+00	 3.2746e-01	 3.2315e+02	 7.1481e+02	-8.6717e+01	 3.2164e+06	 1.8450e+05	-1.7433e+01
 2.5629e+03	 6.8730e+02	 5.6332e+00	 4.0389e-01	 3.2315e+02	 7.1764e+02	-8.5899e+01	 1.7385e+06	 1.2465e+05	-1.3947e+01
 3.8443e+03	 6.8730e+02	 5.5330e+00	 4.9688e-01	 3.2316e+02	 7.2006e+02	-8.4868e+01	 9.4209e+05	 8.4603e+04	-1.1135e+01
 5.7665e+03	 6.8730e+02	 5.3980e+00	 6.0398e-01	 3.2315e+02	 7.2250e+02	-8.3616e+01	 5.1669e+05	 5.7812e+04	-8.9374e+00
 8.6498e+03	 6.8730e+02	 5.2174e+00	 7.1507e-01	 3.2316e+02	 7.2514e+02	-8.2196e+01	 2.9095e+05	 3.9876e+04	-7.2963e+00
 1.2975e+04	 6.8730e+02	 4.9858e+00	 8.0994e-01	 3.2316e+02	 7.2756e+02	-8.0773e+01	 1.7125e+05	 2.7819e+04	-6.1558e+00
 1.9462e+04	 6.8730e+02	 4.7124e+00	 8.6168e-01	 3.2316e+02	 7.3042e+02	-7.9638e+01	 1.0731e+05	 1.9622e+04	-5.4689e+00
 2.9193e+04	 6.8730e+02	 4.4354e+00	 8.5280e-01	 3.2316e+02	 7.3287e+02	-7.9117e+01	 7.2284e+04	 1.3898e+04	-5.2010e+00
 4.3789e+04	 6.8730e+02	 4.1754e+00	 7.8677e-01	 3.2316e+02	 7.3531e+02	-7.9329e+01	 5.2234e+04	 9.8424e+03	-5.3070e+00
 6.5684e+04	 6.8730e+02	 3.9616e+00	 6.8947e-01	 3.2315e+02	 7.3800e+02	-8.0127e+01	 3.9737e+04	 6.9158e+03	-5.7458e+00
 9.8526e+04	 6.8730e+02	 3.7969e+00	 5.8718e-01	 3.2315e+02	 7.4050e+02	-8.1209e+01	 3.1106e+04	 4.8105e+03	-6.4663e+00
 1.4779e+05	 6.8730e+02	 3.6616e+00	 4.9648e-01	 3.2316e+02	 7.4316e+02	-8.2278e+01	 2.4526e+04	 3.3255e+03	-7.3751e+00
 2.2168e+05	 6.8730e+02	 3.5613e+00	 4.2452e-01	 3.2315e+02	 7.4575e+02	-8.3202e+01	 1.9122e+04	 2.2794e+03	-8.3891e+00
 3.3253e+05	 6.8730e+02	 3.4769e+00	 3.6927e-01	 3.2315e+02	 7.4834e+02	-8.3937e+01	 1.4655e+04	 1.5565e+03	-9.4154e+00
 4.9879e+05	 6.8730e+02	 3.4023e+00	 3.2770e-01	 3.2315e+02	 7.5112e+02	-8.4498e+01	 1.1010e+04	 1.0604e+03	-1.0382e+01
 7.4818e+05	 6.8730e+02	 3.3884e+00	 2.0700e-01	 3.2315e+02	 7.5916e+02	-8.6504e+01	 1.1620e+04	 7.0985e+02	-1.6369e+01
 9.0000e+05	 6.8730e+02	 3.3639e+00	 1.8676e-01	 3.2315e+02	 7.6706e+02	-8.6822e+01	 1.0707e+04	 5.9441e+02	-1.8012e+01
 1.0000e+02	 7.6440e+02	 5.9622e+00	 1.0680e-01	 3.2315e+02	 7.7370e+02	-8.8974e+01	 1.6849e+08	 3.0183e+06	-5.5824e+01
 1.5000e+02	 7.6440e+02	 5.9418e+00	 1.1713e-01	 3.2315e+02	 7.7616e+02	-8.8871e+01	 1.0242e+08	 2.0191e+06	-5.0726e+01
 2.2500e+02	 7.6440e+02	 5.9152e+00	 1.3363e-01	 3.2315e+02	 7.7864e+02	-8.8706e+01	 5.9852e+07	 1.3521e+06	-4.4265e+01
 3.3750e+02	 7.6440e+02	 5.8870e+00	 1.5516e-01	 3.2315e+02	 7.8136e+02	-8.8490e+01	 3.4365e+07	 9.0573e+05	-3.7941e+01
 5.0625e+02	 7.6440e+02	 5.8543e+00	 1.8355e-01	 3.2315e+02	 7.8394e+02	-8.8204e+01	 1.9367e+07	 6.0720e+05	-3.1895e+01
 7.5938e+02	 7.6440e+02	 5.8152e+00	 2.2039e-01	 3.2315e+02	 7.8666e+02	-8.7830e+01	 1.0753e+07	 4.0752e+05	-2.6386e+01
 1.1391e+03	 7.6440e+02	 5.7677e+00	 2.6853e-01	 3.2315e+02	 7.8912e+02	-8.7334e+01	 5.8834e+06	 2.7392e+05	-2.1479e+01
 1.7086e+03	 7.6440e+02	 5.7084e+00	 3.2906e-01	 3.2315e+02	 7.9191e+02	-8.6701e+01	 3.2008e+06	 1.8451e+05	-1.7348e+01
 2.5629e+03	 7.6440e+02	 5.6325e+00	 4.0555e-01	 3.2315e+02	 7.9450e+02	-8.5882e+01	 1.7314e+06	 1.2466e+05	-1.3889e+01
 3.8443e+03	 7.6440e+02	 5.5316e+00	 4.9842e-01	 3.2316e+02	 7.9731e+02	-8.4851e+01	 9.3919e+05	 8.4624e+04	-1.1098e+01
 5.7665e+03	 7.6440e+02	 5.3963e+00	 6.0537e-01	 3.2315e+02	 7.9975e+02	-8.3599e+01	 5.1551e+05	 5.7831e+04	-8.9141e+00
 8.6498e+03	 7.6440e+02	 5.2150e+00	 7.1601e-01	 3.2315e+02	 8.0264e+02	-8.2182e+01	 2.9057e+05	 3.9894e+04	-7.2835e+00
 1.2975e+04	 7.6440e+02	 4.9831e+00	 8.1017e-01	 3.2315e+02	 8.0512e+02	-8.0765e+01	 1.7120e+05	 2.7834e+04	-6.1507e+00
 1.9462e+04	 7.6440e+02	 4.7097e+00	 8.6076e-01	 3.2315e+02	 8.0794e+02	-7.9643e+01	 1.0742e+05	 1.9633e+04	-5.4715e+00
 2.9193e+04	 7.6440e+02	 4.4336e+00	 8.5165e-01	 3.2316e+02	 8.1037e+02	-7.9127e+01	 7.2382e+04	 1.3904e+04	-5.2059e+00
 4.3789e+04	 7.6440e+02	 4.1743e+00	 7.8541e-01	 3.2315e+02	 8.1294e+02	-7.9344e+01	 5.2324e+04	 9.8449e+03	-5.3148e+00
 6.5684e+04	 7.6440e+02	 3.9608e+00	 6.8850e-01	 3.2315e+02	 8.1556e+02	-8.0139e+01	 3.9793e+04	 6.9171e+03	-5.7528e+00
 9.8526e+04	 7.6440e+02	 3.7967e+00	 5.8665e-01	 3.2315e+02	 8.1800e+02	-8.1216e+01	 3.1134e+04	 4.8107e+03	-6.4719e+00
 1.4779e+05	 7.6440e+02	 3.6614e+00	 4.9614e-01	 3.2315e+02	 8.2066e+02	-8.2283e+01	 2.4543e+04	 3.3257e+03	-7.3797e+00
 2.2168e+05	 7.6440e+02	 3.5611e+00	 4.2421e-01	 3.2314e+02	 8.2325e+02	-8.3207e+01	 1.9136e+04	 2.2796e+03	-8.3946e+00
 3.3253e+05	 7.6440e+02	 3.4768e+00	 3.6916e-01	 3.2316e+02	 8.2569e+02	-8.3939e+01	 1.4660e+04	 1.5566e+03	-9.4180e+00
 4.9879e+05	 7.6440e+02	 3.4020e+00	 3.2763e-01	 3.2315e+02	 8.2831e+02	-8.4499e+01	 1.1012e+04	 1.0605e+03	-1.0384e+01
 7.4818e+05	 7.6440e+02	 3.3879e+00	 2.1005e-01	 3.2316e+02	 8.3594e+02	-8.6452e+01	 1.1451e+04	 7.0995e+02	-1.6129e+01
 9.0000e+05	 7.6440e+02	 3.3638e+00	 1.8789e-01	 3.2315e+02	 8.4412e+02	-8.6803e+01	 1.0642e+04	 5.9443e+02	-1.7903e+01
 1.0000e+02	 8.4140e+02	 5.9644e+00	 1.1063e-01	 3.2315e+02	 8.5075e+02	-8.8937e+01	 1.6267e+08	 3.0172e+06	-5.3913e+01
 1.5000e+02	 8.4140e+02	 5.9407e+00	 1.2282e-01	 3.2316e+02	 8.5325e+02	-8.8816e+01	 9.7684e+07	 2.0195e+06	-4.8371e+01
 2.2500e+02	 8.4140e+02	 5.9168e+00	 1.3596e-01	 3.2316e+02	 8.5575e+02	-8.8684e+01	 5.8828e+07	 1.3518e+06	-4.3520e+01
 3.3750e+02	 8.4140e+02	 5.8885e+00	 1.5692e-01	 3.2316e+02	 8.5825e+02	-8.8473e+01	 3.3978e+07	 9.0551e+05	-3.7524e+01
 5.0625e+02	 8.4140e+02	 5.8555e+00	 1.8521e-01	 3.2316e+02	 8.6091e+02	-8.8188e+01	 1.9193e+07	 6.0708e+05	-3.1616e+01
 7.5938e+02	 8.4140e+02	 5.8161e+00	 2.2209e-01	 3.2316e+02	 8.6350e+02	-8.7813e+01	 1.0671e+07	 4.0745e+05	-2.6189e+01
 1.1391e+03	 8.4140e+02	 5.7684e+00	 2.6942e-01	 3.2316e+02	 8.6594e+02	-8.7326e+01	 5.8641e+06	 2.7388e+05	-2.1411e+01
 1.7086e+03	 8.4140e+02	 5.7086e+00	 3.3033e-01	 3.2316e+02	 8.6856e+02	-8.6688e+01	 3.1885e+06	 1.8450e+05	-1.7281e+01
 2.5629e+03	 8.4140e+02	 5.6322e+00	 4.0681e-01	 3.2315e+02	 8.7112e+02	-8.5869e+01	 1.7260e+06	 1.2467e+05	-1.3845e+01
 3.8443e+03	 8.4140e+02	 5.5310e+00	 4.9969e-01	 3.2316e+02	 8.7381e+02	-8.4838e+01	 9.3680e+05	 8.4634e+04	-1.1069e+01
 5.7665e+03	 8.4140e+02	 5.3952e+00	 6.0643e-01	 3.2316e+02	 8.7625e+02	-8.3587e+01	 5.1461e+05	 5.7843e+04	-8.8967e+00
 8.6498e+03	 8.4140e+02	 5.2135e+00	 7.1669e-01	 3.2316e+02	 8.7914e+02	-8.2173e+01	 2.9029e+05	 3.9905e+04	-7.2744e+00
 1.2975e+04	 8.4140e+02	 4.9814e+00	 8.1031e-01	 3.2315e+02	 8.8162e+02	-8.0761e+01	 1.7117e+05	 2.7843e+04	-6.1476e+00
 1.9462e+04	 8.4140e+02	 4.7083e+00	 8.6045e-01	 3.2316e+02	 8.8444e+02	-7.9643e+01	 1.0746e+05	 1.9639e+04	-5.4719e+00
 2.9193e+04	 8.4140e+02	 4.4325e+00	 8.5067e-01	 3.2315e+02	 8.8694e+02	-7.9136e+01	 7.2465e+04	 1.3907e+04	-5.2106e+00
 4.3789e+04	 8.4140e+02	 4.1738e+00	 7.8470e-01	 3.2316e+02	 8.8937e+02	-7.9352e+01	 5.2372e+04	 9.8462e+03	-5.3190e+00
 6.5684e+04	 8.4140e+02	 3.9608e+00	 6.8785e-01	 3.2316e+02	 8.9180e+02	-8.0148e+01	 3.9830e+04	 6.9170e+03	-5.7583e+00
 9.8526e+04	 8.4140e+02	 3.7967e+00	 5.8630e-01	 3.2316e+02	 8.9437e+02	-8.1221e+01	 3.1153e+04	 4.8108e+03	-6.4756e+00
 1.4779e+05	 8.4140e+02	 3.6613e+00	 4.9596e-01	 3.2316e+02	 8.9716e+02	-8.2286e+01	 2.4551e+04	 3.3257e+03	-7.3823e+00
 2.2168e+05	 8.4140e+02	 3.5610e+00	 4.2422e-01	 3.2315e+02	 8.9975e+02	-8.3206e+01	 1.9136e+04	 2.2796e+03	-8.3941e+00
 3.3253e+05	 8.4140e+02	 3.4765e+00	 3.6908e-01	 3.2315e+02	 9.0258e+02	-8.3940e+01	 1.4663e+04	 1.5567e+03	-9.4194e+00
 4.9879e+05	 8.4140e+02	 3.4019e+00	 3.2764e-01	 3.2315e+02	 9.0512e+02	-8.4499e+01	 1.1012e+04	 1.0606e+03	-1.0383e+01
 7.4818e+05	 8.4140e+02	 3.3878e+00	 2.0805e-01	 3.2315e+02	 9.1287e+02	-8.6486e+01	 1.1561e+04	 7.0997e+02	-1.6283e+01
 9.0000e+05	 8.4140e+02	 3.3640e+00	 1.8460e-01	 3.2315e+02	 9.2081e+02	-8.6859e+01	 1.0832e+04	 5.9439e+02	-1.8223e+01
 1.0000e+02	 9.1810e+02	 5.9673e+00	 1.1363e-01	 3.2315e+02	 9.2733e+02	-8.8909e+01	 1.5837e+08	 3.0157e+06	-5.2515e+01
 1.5000e+02	 9.1810e+02	 5.9445e+00	 1.2470e-01	 3.2315e+02	 9.2978e+02	-8.8798e+01	 9.6209e+07	 2.0182e+06	-4.7671e+01
 2.2500e+02	 9.1810e+02	 5.9183e+00	 1.3795e-01	 3.2315e+02	 9.3258e+02	-8.8665e+01	 5.7980e+07	 1.3514e+06	-4.2903e+01
 3.3750e+02	 9.1810e+02	 5.8894e+00	 1.5871e-01	 3.2315e+02	 9.3500e+02	-8.8456e+01	 3.3596e+07	 9.0536e+05	-3.7108e+01
 5.0625e+02	 9.1810e+02	 5.8564e+00	 1.8669e-01	 3.2314e+02	 9.3766e+02	-8.8174e+01	 1.9040e+07	 6.0698e+05	-3.1369e+01
 7.5938e+02	 9.1810e+02	 5.8168e+00	 2.2352e-01	 3.2314e+02	 9.4031e+02	-8.7799e+01	 1.0602e+07	 4.0741e+05	-2.6024e+01
 1.1391e+03	 9.1810e+02	 5.7685e+00	 2.7110e-01	 3.2315e+02	 9.4308e+02	-8.7309e+01	 5.8276e+06	 2.7388e+05	-2.1278e+01
 1.7086e+03	 9.1810e+02	 5.7088e+00	 3.3183e-01	 3.2315e+02	 9.4569e+02	-8.6673e+01	 3.1741e+06	 1.8450e+05	-1.7204e+01
 2.5629e+03	 9.1810e+02	 5.6319e+00	 4.0810e-01	 3.2315e+02	 9.4828e+02	-8.5855e+01	 1.7206e+06	 1.2468e+05	-1.3800e+01
 3.8443e+03	 9.1810e+02	 5.5304e+00	 5.0098e-01	 3.2314e+02	 9.5075e+02	-8.4824e+01	 9.3439e+05	 8.4644e+04	-1.1039e+01
 5.7665e+03	 9.1810e+02	 5.3938e+00	 6.0756e-01	 3.2315e+02	 9.5362e+02	-8.3573e+01	 5.1365e+05	 5.7858e+04	-8.8778e+00
 8.6498e+03	 9.1810e+02	 5.2119e+00	 7.1732e-01	 3.2315e+02	 9.5620e+02	-8.2164e+01	 2.9004e+05	 3.9918e+04	-7.2659e+00
 1.2975e+04	 9.1810e+02	 4.9797e+00	 8.1030e-01	 3.2315e+02	 9.5891e+02	-8.0758e+01	 1.7117e+05	 2.7853e+04	-6.1455e+00
 1.9462e+04	 9.1810e+02	 4.7064e+00	 8.5991e-01	 3.2315e+02	 9.6156e+02	-7.9646e+01	 1.0753e+05	 1.9647e+04	-5.4731e+00
 2.9193e+04	 9.1810e+02	 4.4315e+00	 8.4979e-01	 3.2315e+02	 9.6437e+02	-7.9145e+01	 7.2540e+04	 1.3910e+04	-5.2149e+00
 4.3789e+04	 9.1810e+02	 4.1735e+00	 7.8373e-01	 3.2315e+02	 9.6681e+02	-7.9364e+01	 5.2436e+04	 9.8470e+03	-5.3251e+00
 6.5684e+04	 9.1810e+02	 3.9608e+00	 6.8742e-01	 3.2315e+02	 9.6961e+02	-8.0154e+01	 3.9856e+04	 6.9170e+03	-5.7619e+00
 9.8526e+04	 9.1810e+02	 3.7965e+00	 5.8608e-01	 3.2315e+02	 9.7206e+02	-8.1224e+01	 3.1165e+04	 4.8110e+03	-6.4778e+00
 1.4779e+05	 9.1810e+02	 3.6613e+00	 4.9591e-01	 3.2315e+02	 9.7484e+02	-8.2286e+01	 2.4554e+04	 3.3258e+03	-7.3829e+00
 2.2168e+05	 9.1810e+02	 3.5609e+00	 4.2419e-01	 3.2315e+02	 9.7744e+02	-8.3207e+01	 1.9137e+04	 2.2797e+03	-8.3944e+00
 3.3253e+05	 9.1810e+02	 3.4764e+00	 3.6904e-01	 3.2315e+02	 9.7994e+02	-8.3941e+01	 1.4665e+04	 1.5567e+03	-9.4203e+00
 4.9879e+05	 9.1810e+02	 3.4018e+00	 3.2755e-01	 3.2315e+02	 9.8269e+02	-8.4500e+01	 1.1015e+04	 1.0606e+03	-1.0385e+01
 7.4818e+05	 9.1810e+02	 3.3879e+00	 2.0823e-01	 3.2315e+02	 9.9058e+02	-8.6483e+01	 1.1551e+04	 7.0996e+02	-1.6270e+01
 9.0000e+05	 9.1810e+02	 3.3641e+00	 1.8407e-01	 3.2315e+02	 9.9858e+02	-8.6868e+01	 1.0863e+04	 5.9437e+02	-1.8276e+01
 1.0000e+02	 9.9590e+02	 5.9701e+00	 1.1691e-01	 3.2315e+02	 1.0057e+03	-8.8878e+01	 1.5393e+08	 3.0143e+06	-5.1066e+01
 1.5000e+02	 9.9590e+02	 5.9447e+00	 1.2735e-01	 3.2316e+02	 1.0082e+03	-8.8773e+01	 9.4209e+07	 2.0181e+06	-4.6682e+01
 2.2500e+02	 9.9590e+02	 5.9205e+00	 1.4006e-01	 3.2315e+02	 1.0106e+03	-8.8645e+01	 5.7104e+07	 1.3509e+06	-4.2270e+01
 3.3750e+02	 9.9590e+02	 5.8913e+00	 1.6052e-01	 3.2316e+02	 1.0133e+03	-8.8439e+01	 3.3217e+07	 9.0507e+05	-3.6701e+01
 5.0625e+02	 9.9590e+02	 5.8578e+00	 1.8836e-01	 3.2315e+02	 1.0158e+03	-8.8158e+01	 1.8872e+07	 6.0683e+05	-3.1099e+01
 7.5938e+02	 9.9590e+02	 5.8180e+00	 2.2478e-01	 3.2315e+02	 1.0187e+03	-8.7787e+01	 1.0543e+07	 4.0732e+05	-2.5883e+01
 1.1391e+03	 9.9590e+02	 5.7696e+00	 2.7185e-01	 3.2316e+02	 1.0212e+03	-8.7302e+01	 5.8116e+06	 2.7383e+05	-2.1224e+01
 1.7086e+03	 9.9590e+02	 5.7094e+00	 3.3288e-01	 3.2315e+02	 1.0239e+03	-8.6663e+01	 3.1640e+06	 1.8448e+05	-1.7151e+01
 2.5629e+03	 9.9590e+02	 5.6321e+00	 4.0903e-01	 3.2316e+02	 1.0265e+03	-8.5846e+01	 1.7167e+06	 1.2467e+05	-1.3770e+01
 3.8443e+03	 9.9590e+02	 5.5304e+00	 5.0188e-01	 3.2316e+02	 1.0291e+03	-8.4815e+01	 9.3271e+05	 8.4644e+04	-1.1019e+01
 5.7665e+03	 9.9590e+02	 5.3935e+00	 6.0821e-01	 3.2316e+02	 1.0316e+03	-8.3566e+01	 5.1310e+05	 5.7861e+04	-8.8678e+00
 8.6498e+03	 9.9590e+02	 5.2113e+00	 7.1775e-01	 3.2316e+02	 1.0344e+03	-8.2158e+01	 2.8986e+05	 3.9923e+04	-7.2605e+00
 1.2975e+04	 9.9590e+02	 4.9790e+00	 8.1041e-01	 3.2315e+02	 1.0369e+03	-8.0755e+01	 1.7115e+05	 2.7857e+04	-6.1437e+00
 1.9462e+04	 9.9590e+02	 4.7063e+00	 8.5950e-01	 3.2316e+02	 1.0397e+03	-7.9650e+01	 1.0758e+05	 1.9647e+04	-5.4756e+00
 2.9193e+04	 9.9590e+02	 4.4314e+00	 8.4923e-01	 3.2316e+02	 1.0421e+03	-7.9151e+01	 7.2588e+04	 1.3911e+04	-5.2182e+00
 4.3789e+04	 9.9590e+02	 4.1737e+00	 7.8322e-01	 3.2315e+02	 1.0446e+03	-7.9372e+01	 5.2471e+04	 9.8464e+03	-5.3289e+00
 6.5684e+04	 9.9590e+02	 3.9610e+00	 6.8710e-01	 3.2316e+02	 1.0471e+03	-8.0159e+01	 3.9874e+04	 6.9168e+03	-5.7648e+00
 9.8526e+04	 9.9590e+02	 3.7971e+00	 5.8604e-01	 3.2316e+02	 1.0496e+03	-8.1226e+01	 3.1167e+04	 4.8102e+03	-6.4793e+00
 1.4779e+05	 9.9590e+02	 3.6614e+00	 4.9600e-01	 3.2316e+02	 1.0523e+03	-8.2285e+01	 2.4549e+04	 3.3257e+03	-7.3818e+00
 2.2168e+05	 9.9590e+02	 3.5610e+00	 4.2409e-01	 3.2315e+02	 1.0549e+03	-8.3208e+01	 1.9142e+04	 2.2796e+03	-8.3968e+00
 3.3253e+05	 9.9590e+02	 3.4765e+00	 3.6914e-01	 3.2315e+02	 1.0576e+03	-8.3939e+01	 1.4660e+04	 1.5567e+03	-9.4178e+00
 4.9879e+05	 9.9590e+02	 3.4017e+00	 3.2766e-01	 3.2315e+02	 1.0603e+03	-8.4498e+01	 1.1011e+04	 1.0606e+03	-1.0382e+01
 7.4818e+05	 9.9590e+02	 3.3880e+00	 2.0727e-01	 3.2315e+02	 1.0681e+03	-8.6499e+01	 1.1604e+04	 7.0993e+02	-1.6345e+01
 9.0000e+05	 9.9590e+02	 3.3639e+00	 1.8378e-01	 3.2315e+02	 1.0760e+03	-8.6873e+01	 1.0880e+04	 5.9441e+02	-1.8304e+01
 1.0000e+02	 1.0733e+03	 5.9736e+00	 1.1996e-01	 3.2315e+02	 1.0828e+03	-8.8850e+01	 1.5001e+08	 3.0126e+06	-4.9794e+01
 1.5000e+02	 1.0733e+03	 5.9493e+00	 1.2917e-01	 3.2315e+02	 1.0853e+03	-8.8756e+01	 9.2878e+07	 2.0166e+06	-4.6057e+01
 2.2500e+02	 1.0733e+03	 5.9224e+00	 1.4235e-01	 3.2315e+02	 1.0879e+03	-8.8623e+01	 5.6187e+07	 1.3505e+06	-4.1605e+01
 3.3750e+02	 1.0733e+03	 5.8930e+00	 1.6247e-01	 3.2315e+02	 1.0908e+03	-8.8421e+01	 3.2819e+07	 9.0482e+05	-3.6271e+01
 5.0625e+02	 1.0733e+03	 5.8592e+00	 1.8996e-01	 3.2315e+02	 1.0932e+03	-8.8143e+01	 1.8713e+07	 6.0669e+05	-3.0844e+01
 7.5938e+02	 1.0733e+03	 5.8189e+00	 2.2605e-01	 3.2315e+02	 1.0959e+03	-8.7775e+01	 1.0484e+07	 4.0726e+05	-2.5742e+01
 1.1391e+03	 1.0733e+03	 5.7704e+00	 2.7331e-01	 3.2315e+02	 1.0983e+03	-8.7288e+01	 5.7806e+06	 2.7379e+05	-2.1113e+01
 1.7086e+03	 1.0733e+03	 5.7098e+00	 3.3412e-01	 3.2315e+02	 1.1012e+03	-8.6651e+01	 3.1523e+06	 1.8446e+05	-1.7089e+01
 2.5629e+03	 1.0733e+03	 5.6324e+00	 4.1043e-01	 3.2315e+02	 1.1038e+03	-8.5832e+01	 1.7108e+06	 1.2467e+05	-1.3723e+01
 3.8443e+03	 1.0733e+03	 5.5300e+00	 5.0303e-01	 3.2315e+02	 1.1064e+03	-8.4802e+01	 9.3058e+05	 8.4649e+04	-1.0993e+01
 5.7665e+03	 1.0733e+03	 5.3930e+00	 6.0923e-01	 3.2315e+02	 1.1089e+03	-8.3555e+01	 5.1224e+05	 5.7867e+04	-8.8521e+00
 8.6498e+03	 1.0733e+03	 5.2104e+00	 7.1832e-01	 3.2315e+02	 1.1116e+03	-8.2151e+01	 2.8963e+05	 3.9929e+04	-7.2536e+00
 1.2975e+04	 1.0733e+03	 4.9780e+00	 8.1036e-01	 3.2314e+02	 1.1142e+03	-8.0754e+01	 1.7116e+05	 2.7862e+04	-6.1430e+00
 1.9462e+04	 1.0733e+03	 4.7055e+00	 8.5910e-01	 3.2315e+02	 1.1172e+03	-7.9653e+01	 1.0763e+05	 1.9651e+04	-5.4772e+00
 2.9193e+04	 1.0733e+03	 4.4310e+00	 8.4862e-01	 3.2315e+02	 1.1196e+03	-7.9158e+01	 7.2640e+04	 1.3912e+04	-5.2214e+00
 4.3789e+04	 1.0733e+03	 4.1737e+00	 7.8265e-01	 3.2316e+02	 1.1221e+03	-7.9379e+01	 5.2509e+04	 9.8465e+03	-5.3328e+00
 6.5684e+04	 1.0733e+03	 3.9614e+00	 6.8693e-01	 3.2315e+02	 1.1246e+03	-8.0162e+01	 3.9884e+04	 6.9161e+03	-5.7668e+00
 9.8526e+04	 1.0733e+03	 3.7971e+00	 5.8609e-01	 3.2315e+02	 1.1270e+03	-8.1226e+01	 3.1164e+04	 4.8102e+03	-6.4787e+00
 1.4779e+05	 1.0733e+03	 3.6617e+00	 4.9612e-01	 3.2315e+02	 1.1297e+03	-8.2284e+01	 2.4544e+04	 3.3254e+03	-7.3806e+00
 2.2168e+05	 1.0733e+03	 3.5612e+00	 4.2429e-01	 3.2315e+02	 1.1322e+03	-8.3206e+01	 1.9132e+04	 2.2795e+03	-8.3933e+00
 3.3253e+05	 1.0733e+03	 3.4766e+00	 3.6911e-01	 3.2315e+02	 1.1351e+03	-8.3940e+01	 1.4662e+04	 1.5566e+03	-9.4188e+00
 4.9879e+05	 1.0733e+03	 3.4018e+00	 3.2773e-01	 3.2315e+02	 1.1377e+03	-8.4497e+01	 1.1009e+04	 1.0606e+03	-1.0380e+01
 7.4818e+05	 1.0733e+03	 3.3883e+00	 2.0482e-01	 3.2315e+02	 1.1457e+03	-8.6541e+01	 1.1743e+04	 7.0987e+02	-1.6543e+01
 9.0000e+05	 1.0733e+03	 3.3638e+00	 1.8597e-01	 3.2315e+02	 1.1535e+03	-8.6836e+01	 1.0752e+04	 5.9442e+02	-1.8088e+01
 1.0000e+02	 1.1508e+03	 5.9773e+00	 1.2349e-01	 3.2315e+02	 1.1606e+03	-8.8816e+01	 1.4572e+08	 3.0107e+06	-4.8402e+01
 1.5000e+02	 1.1508e+03	 5.9517e+00	 1.3180e-01	 3.2315e+02	 1.1632e+03	-8.8731e+01	 9.1028e+07	 2.0157e+06	-4.5159e+01
 2.2500e+02	 1.1508e+03	 5.9250e+00	 1.4478e-01	 3.2315e+02	 1.1659e+03	-8.8600e+01	 5.5242e+07	 1.3499e+06	-4.0924e+01
 3.3750e+02	 1.1508e+03	 5.8951e+00	 1.6427e-01	 3.2315e+02	 1.1684e+03	-8.8404e+01	 3.2459e+07	 9.0450e+05	-3.5887e+01
 5.0625e+02	 1.1508e+03	 5.8608e+00	 1.9125e-01	 3.2315e+02	 1.1713e+03	-8.8131e+01	 1.8587e+07	 6.0652e+05	-3.0645e+01
 7.5938e+02	 1.1508e+03	 5.8204e+00	 2.2752e-01	 3.2315e+02	 1.1739e+03	-8.7761e+01	 1.0416e+07	 4.0715e+05	-2.5582e+01
 1.1391e+03	 1.1508e+03	 5.7717e+00	 2.7476e-01	 3.2314e+02	 1.1766e+03	-8.7274e+01	 5.7500e+06	 2.7373e+05	-2.1006e+01
 1.7086e+03	 1.1508e+03	 5.7108e+00	 3.3531e-01	 3.2316e+02	 1.1792e+03	-8.6640e+01	 3.1411e+06	 1.8443e+05	-1.7031e+01
 2.5629e+03	 1.1508e+03	 5.6330e+00	 4.1140e-01	 3.2315e+02	 1.1819e+03	-8.5823e+01	 1.7068e+06	 1.2465e+05	-1.3692e+01
 3.8443e+03	 1.1508e+03	 5.5304e+00	 5.0398e-01	 3.2315e+02	 1.1844e+03	-8.4793e+01	 9.2883e+05	 8.4643e+04	-1.0973e+01
 5.7665e+03	 1.1508e+03	 5.3931e+00	 6.0988e-01	 3.2315e+02	 1.1871e+03	-8.3548e+01	 5.1169e+05	 5.7866e+04	-8.8428e+00
 8.6498e+03	 1.1508e+03	 5.2103e+00	 7.1885e-01	 3.2315e+02	 1.1897e+03	-8.2145e+01	 2.8942e+05	 3.9930e+04	-7.2482e+00
 1.2975e+04	 1.1508e+03	 4.9777e+00	 8.1039e-01	 3.2315e+02	 1.1921e+03	-8.0753e+01	 1.7115e+05	 2.7864e+04	-6.1424e+00
 1.9462e+04	 1.1508e+03	 4.7051e+00	 8.5866e-01	 3.2315e+02	 1.1947e+03	-7.9658e+01	 1.0769e+05	 1.9652e+04	-5.4796e+00
 2.9193e+04	 1.1508e+03	 4.4313e+00	 8.4817e-01	 3.2316e+02	 1.1972e+03	-7.9164e+01	 7.2679e+04	 1.3911e+04	-5.2246e+00
 4.3789e+04	 1.1508e+03	 4.1743e+00	 7.8240e-01	 3.2315e+02	 1.1998e+03	-7.9384e+01	 5.2526e+04	 9.8451e+03	-5.3352e+00
 6.5684e+04	 1.1508e+03	 3.9620e+00	 6.8684e-01	 3.2315e+02	 1.2022e+03	-8.0165e+01	 3.9889e+04	 6.9151e+03	-5.7684e+00
 9.8526e+04	 1.1508e+03	 3.7977e+00	 5.8613e-01	 3.2316e+02	 1.2047e+03	-8.1226e+01	 3.1162e+04	 4.8095e+03	-6.4793e+00
 1.4779e+05	 1.1508e+03	 3.6619e+00	 4.9628e-01	 3.2315e+02	 1.2074e+03	-8.2282e+01	 2.4536e+04	 3.3252e+03	-7.3787e+00
 2.2168e+05	 1.1508e+03	 3.5614e+00	 4.2439e-01	 3.2315e+02	 1.2099e+03	-8.3204e+01	 1.9128e+04	 2.2794e+03	-8.3918e+00
 3.3253e+05	 1.1508e+03	 3.4768e+00	 3.6935e-01	 3.2315e+02	 1.2126e+03	-8.3936e+01	 1.4652e+04	 1.5566e+03	-9.4131e+00
 4.9879e+05	 1.1508e+03	 3.4021e+00	 3.2787e-01	 3.2315e+02	 1.2152e+03	-8.4495e+01	 1.1004e+04	 1.0605e+03	-1.0376e+01
 7.4818e+05	 1.1508e+03	 3.3880e+00	 2.0967e-01	 3.2316e+02	 1.2234e+03	-8.6459e+01	 1.1471e+04	 7.0993e+02	-1.6158e+01
 9.0000e+05	 1.1508e+03	 3.3638e+00	 1.8971e-01	 3.2315e+02	 1.2311e+03	-8.6772e+01	 1.0540e+04	 5.9442e+02	-1.7731e+01
 1.0000e+02	 1.2284e+03	 5.9816e+00	 1.2718e-01	 3.2315e+02	 1.2381e+03	-8.8782e+01	 1.4150e+08	 3.0085e+06	-4.7034e+01
 1.5000e+02	 1.2284e+03	 5.9547e+00	 1.3317e-01	 3.2315e+02	 1.2406e+03	-8.8719e+01	 9.0090e+07	 2.0147e+06	-4.4716e+01
 2.2500e+02	 1.2284e+03	 5.9277e+00	 1.4742e-01	 3.2314e+02	 1.2430e+03	-8.8575e+01	 5.4255e+07	 1.3493e+06	-4.0211e+01
 3.3750e+02	 1.2284e+03	 5.8974e+00	 1.6660e-01	 3.2315e+02	 1.2455e+03	-8.8382e+01	 3.2006e+07	 9.0414e+05	-3.5399e+01
 5.0625e+02	 1.2284e+03	 5.8629e+00	 1.9332e-01	 3.2314e+02	 1.2479e+03	-8.8111e+01	 1.8388e+07	 6.0631e+05	-3.0328e+01
 7.5938e+02	 1.2284e+03	 5.8221e+00	 2.2921e-01	 3.2314e+02	 1.2507e+03	-8.7746e+01	 1.0339e+07	 4.0703e+05	-2.5401e+01
 1.1391e+03	 1.2284e+03	 5.7728e+00	 2.7610e-01	 3.2315e+02	 1.2531e+03	-8.7262e+01	 5.7221e+06	 2.7368e+05	-2.0908e+01
 1.7086e+03	 1.2284e+03	 5.7117e+00	 3.3659e-01	 3.2315e+02	 1.2559e+03	-8.6627e+01	 3.1291e+06	 1.8440e+05	-1.6969e+01
 2.5629e+03	 1.2284e+03	 5.6335e+00	 4.1273e-01	 3.2314e+02	 1.2586e+03	-8.5810e+01	 1.7013e+06	 1.2464e+05	-1.3650e+01
 3.8443e+03	 1.2284e+03	 5.5307e+00	 5.0506e-01	 3.2315e+02	 1.2613e+03	-8.4782e+01	 9.2685e+05	 8.4638e+04	-1.0951e+01
 5.7665e+03	 1.2284e+03	 5.3929e+00	 6.1069e-01	 3.2315e+02	 1.2638e+03	-8.3539e+01	 5.1102e+05	 5.7867e+04	-8.8308e+00
 8.6498e+03	 1.2284e+03	 5.2099e+00	 7.1925e-01	 3.2315e+02	 1.2666e+03	-8.2140e+01	 2.8926e+05	 3.9934e+04	-7.2434e+00
 1.2975e+04	 1.2284e+03	 4.9773e+00	 8.1043e-01	 3.2315e+02	 1.2691e+03	-8.0752e+01	 1.7114e+05	 2.7866e+04	-6.1416e+00
 1.9462e+04	 1.2284e+03	 4.7050e+00	 8.5845e-01	 3.2315e+02	 1.2719e+03	-7.9660e+01	 1.0771e+05	 1.9653e+04	-5.4809e+00
 2.9193e+04	 1.2284e+03	 4.4314e+00	 8.4783e-01	 3.2315e+02	 1.2744e+03	-7.9169e+01	 7.2708e+04	 1.3911e+04	-5.2268e+00
 4.3789e+04	 1.2284e+03	 4.1747e+00	 7.8208e-01	 3.2315e+02	 1.2769e+03	-7.9389e+01	 5.2547e+04	 9.8440e+03	-5.3380e+00
 6.5684e+04	 1.2284e+03	 3.9623e+00	 6.8670e-01	 3.2315e+02	 1.2796e+03	-8.0168e+01	 3.9897e+04	 6.9145e+03	-5.7701e+00
 9.8526e+04	 1.2284e+03	 3.7981e+00	 5.8619e-01	 3.2315e+02	 1.2820e+03	-8.1226e+01	 3.1159e+04	 4.8089e+03	-6.4793e+00
 1.4779e+05	 1.2284e+03	 3.6624e+00	 4.9642e-01	 3.2314e+02	 1.2847e+03	-8.2281e+01	 2.4529e+04	 3.3248e+03	-7.3776e+00
 2.2168e+05	 1.2284e+03	 3.5616e+00	 4.2476e-01	 3.2315e+02	 1.2872e+03	-8.3199e+01	 1.9111e+04	 2.2792e+03	-8.3850e+00
 3.3253e+05	 1.2284e+03	 3.4770e+00	 3.6953e-01	 3.2315e+02	 1.2898e+03	-8.3934e+01	 1.4645e+04	 1.5565e+03	-9.4094e+00
 4.9879e+05	 1.2284e+03	 3.4023e+00	 3.2799e-01	 3.2316e+02	 1.2925e+03	-8.4493e+01	 1.1000e+04	 1.0604e+03	-1.0373e+01
 7.4818e+05	 1.2284e+03	 3.3887e+00	 2.0463e-01	 3.2315e+02	 1.3002e+03	-8.6544e+01	 1.1754e+04	 7.0980e+02	-1.6560e+01
 9.0000e+05	 1.2284e+03	 3.3642e+00	 1.8555e-01	 3.2315e+02	 1.3084e+03	-8.6843e+01	 1.0776e+04	 5.9435e+02	-1.8132e+01
 1.0000e+02	 1.3057e+03	 5.9868e+00	 1.3082e-01	 3.2315e+02	 1.3150e+03	-8.8748e+01	 1.3756e+08	 3.0059e+06	-4.5764e+01
 1.5000e+02	 1.3057e+03	 5.9602e+00	 1.3759e-01	 3.2315e+02	 1.3177e+03	-8.8678e+01	 8.7193e+07	 2.0129e+06	-4.3318e+01
 2.2500e+02	 1.3057e+03	 5.9312e+00	 1.5023e-01	 3.2315e+02	 1.3202e+03	-8.8549e+01	 5.3239e+07	 1.3485e+06	-3.9481e+01
 3.3750e+02	 1.3057e+03	 5.9002e+00	 1.6900e-01	 3.2313e+02	 1.3229e+03	-8.8359e+01	 3.1550e+07	 9.0371e+05	-3.4912e+01
 5.0625e+02	 1.3057e+03	 5.8650e+00	 1.9542e-01	 3.2315e+02	 1.3254e+03	-8.8092e+01	 1.8190e+07	 6.0609e+05	-3.0012e+01
 7.5938e+02	 1.3057e+03	 5.8239e+00	 2.3091e-01	 3.2315e+02	 1.3282e+03	-8.7729e+01	 1.0263e+07	 4.0691e+05	-2.5221e+01
 1.1391e+03	 1.3057e+03	 5.7744e+00	 2.7761e-01	 3.2315e+02	 1.3306e+03	-8.7248e+01	 5.6910e+06	 2.7360e+05	-2.0800e+01
 1.7086e+03	 1.3057e+03	 5.7129e+00	 3.3782e-01	 3.2315e+02	 1.3332e+03	-8.6616e+01	 3.1177e+06	 1.8436e+05	-1.6911e+01
 2.5629e+03	 1.3057e+03	 5.6346e+00	 4.1380e-01	 3.2315e+02	 1.3359e+03	-8.5800e+01	 1.6969e+06	 1.2462e+05	-1.3617e+01
 3.8443e+03	 1.3057e+03	 5.5313e+00	 5.0589e-01	 3.2315e+02	 1.3384e+03	-8.4774e+01	 9.2533e+05	 8.4629e+04	-1.0934e+01
 5.7665e+03	 1.3057e+03	 5.3935e+00	 6.1148e-01	 3.2315e+02	 1.3411e+03	-8.3532e+01	 5.1036e+05	 5.7861e+04	-8.8204e+00
 8.6498e+03	 1.3057e+03	 5.2101e+00	 7.1967e-01	 3.2315e+02	 1.3436e+03	-8.2135e+01	 2.8909e+05	 3.9932e+04	-7.2395e+00
 1.2975e+04	 1.3057e+03	 4.9775e+00	 8.1046e-01	 3.2315e+02	 1.3464e+03	-8.0752e+01	 1.7114e+05	 2.7865e+04	-6.1416e+00
 1.9462e+04	 1.3057e+03	 4.7056e+00	 8.5842e-01	 3.2315e+02	 1.3490e+03	-7.9661e+01	 1.0772e+05	 1.9650e+04	-5.4817e+00
 2.9193e+04	 1.3057e+03	 4.4321e+00	 8.4756e-01	 3.2315e+02	 1.3517e+03	-7.9174e+01	 7.2731e+04	 1.3909e+04	-5.2292e+00
 4.3789e+04	 1.3057e+03	 4.1755e+00	 7.8211e-01	 3.2315e+02	 1.3542e+03	-7.9391e+01	 5.2545e+04	 9.8421e+03	-5.3388e+00
 6.5684e+04	 1.3057e+03	 3.9633e+00	 6.8688e-01	 3.2315e+02	 1.3566e+03	-8.0168e+01	 3.9887e+04	 6.9128e+03	-5.7700e+00
 9.8526e+04	 1.3057e+03	 3.7989e+00	 5.8651e-01	 3.2315e+02	 1.3593e+03	-8.1223e+01	 3.1141e+04	 4.8080e+03	-6.4770e+00
 1.4779e+05	 1.3057e+03	 3.6630e+00	 4.9674e-01	 3.2315e+02	 1.3619e+03	-8.2277e+01	 2.4513e+04	 3.3242e+03	-7.3742e+00
 2.2168e+05	 1.3057e+03	 3.5622e+00	 4.2498e-01	 3.2315e+02	 1.3646e+03	-8.3197e+01	 1.9102e+04	 2.2789e+03	-8.3820e+00
 3.3253e+05	 1.3057e+03	 3.4774e+00	 3.6977e-01	 3.2316e+02	 1.3671e+03	-8.3930e+01	 1.4636e+04	 1.5563e+03	-9.4042e+00
 4.9879e+05	 1.3057e+03	 3.4025e+00	 3.2819e-01	 3.2315e+02	 1.3698e+03	-8.4491e+01	 1.0993e+04	 1.0604e+03	-1.0367e+01
 7.4818e+05	 1.3057e+03	 3.3884e+00	 2.0915e-01	 3.2315e+02	 1.3776e+03	-8.6468e+01	 1.1500e+04	 7.0984e+02	-1.6201e+01
 9.0000e+05	 1.3057e+03	 3.3646e+00	 1.8529e-01	 3.2315e+02	 1.3852e+03	-8.6848e+01	 1.0791e+04	 5.9428e+02	-1.8159e+01
 1.0000e+02	 1.3826e+03	 5.9924e+00	 1.3489e-01	 3.2316e+02	 1.3922e+03	-8.8710e+01	 1.3341e+08	 3.0031e+06	-4.4425e+01
 1.5000e+02	 1.3826e+03	 5.9645e+00	 1.4164e-01	 3.2315e+02	 1.3948e+03	-8.8640e+01	 8.4702e+07	 2.0114e+06	-4.2110e+01
 2.2500e+02	 1.3826e+03	 5.9349e+00	 1.5343e-01	 3.2315e+02	 1.3972e+03	-8.8519e+01	 5.2129e+07	 1.3476e+06	-3.8681e+01
 3.3750e+02	 1.3826e+03	 5.9033e+00	 1.7166e-01	 3.2315e+02	 1.3996e+03	-8.8334e+01	 3.1061e+07	 9.0323e+05	-3.4389e+01
 5.0625e+02	 1.3826e+03	 5.8675e+00	 1.9753e-01	 3.2315e+02	 1.4021e+03	-8.8072e+01	 1.7996e+07	 6.0583e+05	-2.9704e+01
 7.5938e+02	 1.3826e+03	 5.8260e+00	 2.3284e-01	 3.2315e+02	 1.4046e+03	-8.7711e+01	 1.0178e+07	 4.0677e+05	-2.5021e+01
 1.1391e+03	 1.3826e+03	 5.7763e+00	 2.7920e-01	 3.2315e+02	 1.4072e+03	-8.7233e+01	 5.6586e+06	 2.7351e+05	-2.0689e+01
 1.7086e+03	 1.3826e+03	 5.7143e+00	 3.3949e-01	 3.2315e+02	 1.4102e+03	-8.6600e+01	 3.1024e+06	 1.8432e+05	-1.6832e+01
 2.5629e+03	 1.3826e+03	 5.6358e+00	 4.1522e-01	 3.2315e+02	 1.4128e+03	-8.5786e+01	 1.6911e+06	 1.2459e+05	-1.3573e+01
 3.8443e+03	 1.3826e+03	 5.5322e+00	 5.0722e-01	 3.2315e+02	 1.4154e+03	-8.4761e+01	 9.2289e+05	 8.4616e+04	-1.0907e+01
 5.7665e+03	 1.3826e+03	 5.3937e+00	 6.1237e-01	 3.2315e+02	 1.4179e+03	-8.3523e+01	 5.0961e+05	 5.7858e+04	-8.8079e+00
 8.6498e+03	 1.3826e+03	 5.2102e+00	 7.2014e-01	 3.2315e+02	 1.4204e+03	-8.2131e+01	 2.8890e+05	 3.9931e+04	-7.2349e+00
 1.2975e+04	 1.3826e+03	 4.9777e+00	 8.1078e-01	 3.2315e+02	 1.4231e+03	-8.0749e+01	 1.7107e+05	 2.7864e+04	-6.1394e+00
 1.9462e+04	 1.3826e+03	 4.7056e+00	 8.5818e-01	 3.2315e+02	 1.4256e+03	-7.9664e+01	 1.0775e+05	 1.9650e+04	-5.4832e+00
 2.9193e+04	 1.3826e+03	 4.4326e+00	 8.4726e-01	 3.2316e+02	 1.4281e+03	-7.9179e+01	 7.2757e+04	 1.3907e+04	-5.2317e+00
 4.3789e+04	 1.3826e+03	 4.1761e+00	 7.8198e-01	 3.2315e+02	 1.4308e+03	-7.9394e+01	 5.2554e+04	 9.8407e+03	-5.3404e+00
 6.5684e+04	 1.3826e+03	 3.9641e+00	 6.8706e-01	 3.2315e+02	 1.4337e+03	-8.0167e+01	 3.9876e+04	 6.9114e+03	-5.7696e+00
 9.8526e+04	 1.3826e+03	 3.7993e+00	 5.8672e-01	 3.2315e+02	 1.4361e+03	-8.1221e+01	 3.1130e+04	 4.8074e+03	-6.4755e+00
 1.4779e+05	 1.3826e+03	 3.6633e+00	 4.9703e-01	 3.2315e+02	 1.4389e+03	-8.2273e+01	 2.4499e+04	 3.3239e+03	-7.3705e+00
 2.2168e+05	 1.3826e+03	 3.5625e+00	 4.2525e-01	 3.2316e+02	 1.4415e+03	-8.3193e+01	 1.9089e+04	 2.2787e+03	-8.3773e+00
 3.3253e+05	 1.3826e+03	 3.4777e+00	 3.6998e-01	 3.2315e+02	 1.4442e+03	-8.3927e+01	 1.4627e+04	 1.5562e+03	-9.3997e+00
 4.9879e+05	 1.3826e+03	 3.4027e+00	 3.2834e-01	 3.2315e+02	 1.4468e+03	-8.4488e+01	 1.0988e+04	 1.0603e+03	-1.0364e+01
 7.4818e+05	 1.3826e+03	 3.3889e+00	 2.0710e-01	 3.2315e+02	 1.4544e+03	-8.6503e+01	 1.1614e+04	 7.0973e+02	-1.6364e+01
 9.0000e+05	 1.3826e+03	 3.3649e+00	 1.8436e-01	 3.2315e+02	 1.4624e+03	-8.6864e+01	 1.0846e+04	 5.9424e+02	-1.8252e+01
 1.0000e+02	 1.4597e+03	 5.9986e+00	 1.3923e-01	 3.2316e+02	 1.4691e+03	-8.8670e+01	 1.2925e+08	 3.0000e+06	-4.3085e+01
 1.5000e+02	 1.4597e+03	 5.9690e+00	 1.4464e-01	 3.2315e+02	 1.4719e+03	-8.8612e+01	 8.2942e+07	 2.0099e+06	-4.1267e+01
 2.2500e+02	 1.4597e+03	 5.9398e+00	 1.5702e-01	 3.2315e+02	 1.4744e+03	-8.8486e+01	 5.0937e+07	 1.3465e+06	-3.7828e+01
 3.3750e+02	 1.4597e+03	 5.9073e+00	 1.7480e-01	 3.2315e+02	 1.4768e+03	-8.8305e+01	 3.0504e+07	 9.0263e+05	-3.3795e+01
 5.0625e+02	 1.4597e+03	 5.8707e+00	 2.0027e-01	 3.2315e+02	 1.4794e+03	-8.8046e+01	 1.7749e+07	 6.0550e+05	-2.9313e+01
 7.5938e+02	 1.4597e+03	 5.8288e+00	 2.3520e-01	 3.2315e+02	 1.4820e+03	-8.7689e+01	 1.0076e+07	 4.0657e+05	-2.4783e+01
 1.1391e+03	 1.4597e+03	 5.7783e+00	 2.8141e-01	 3.2315e+02	 1.4847e+03	-8.7212e+01	 5.6141e+06	 2.7341e+05	-2.0534e+01
 1.7086e+03	 1.4597e+03	 5.7160e+00	 3.4094e-01	 3.2315e+02	 1.4872e+03	-8.6587e+01	 3.0892e+06	 1.8426e+05	-1.6765e+01
 2.5629e+03	 1.4597e+03	 5.6368e+00	 4.1673e-01	 3.2315e+02	 1.4901e+03	-8.5772e+01	 1.6850e+06	 1.2457e+05	-1.3526e+01
 3.8443e+03	 1.4597e+03	 5.5329e+00	 5.0845e-01	 3.2315e+02	 1.4925e+03	-8.4749e+01	 9.2066e+05	 8.4605e+04	-1.0882e+01
 5.7665e+03	 1.4597e+03	 5.3944e+00	 6.1337e-01	 3.2315e+02	 1.4949e+03	-8.3513e+01	 5.0878e+05	 5.7851e+04	-8.7947e+00
 8.6498e+03	 1.4597e+03	 5.2106e+00	 7.2075e-01	 3.2316e+02	 1.4976e+03	-8.2125e+01	 2.8865e+05	 3.9928e+04	-7.2294e+00
 1.2975e+04	 1.4597e+03	 4.9780e+00	 8.1105e-01	 3.2315e+02	 1.5001e+03	-8.0746e+01	 1.7101e+05	 2.7862e+04	-6.1378e+00
 1.9462e+04	 1.4597e+03	 4.7063e+00	 8.5827e-01	 3.2315e+02	 1.5029e+03	-7.9665e+01	 1.0774e+05	 1.9647e+04	-5.4834e+00
 2.9193e+04	 1.4597e+03	 4.4332e+00	 8.4716e-01	 3.2315e+02	 1.5053e+03	-7.9182e+01	 7.2765e+04	 1.3905e+04	-5.2330e+00
 4.3789e+04	 1.4597e+03	 4.1771e+00	 7.8197e-01	 3.2315e+02	 1.5078e+03	-7.9397e+01	 5.2554e+04	 9.8385e+03	-5.3417e+00
 6.5684e+04	 1.4597e+03	 3.9648e+00	 6.8721e-01	 3.2315e+02	 1.5103e+03	-8.0167e+01	 3.9868e+04	 6.9101e+03	-5.7695e+00
 9.8526e+04	 1.4597e+03	 3.8001e+00	 5.8697e-01	 3.2315e+02	 1.5128e+03	-8.1219e+01	 3.1117e+04	 4.8064e+03	-6.4741e+00
 1.4779e+05	 1.4597e+03	 3.6639e+00	 4.9719e-01	 3.2316e+02	 1.5153e+03	-8.2272e+01	 2.4491e+04	 3.3234e+03	-7.3692e+00
 2.2168e+05	 1.4597e+03	 3.5628e+00	 4.2549e-01	 3.2315e+02	 1.5179e+03	-8.3190e+01	 1.9078e+04	 2.2784e+03	-8.3735e+00
 3.3253e+05	 1.4597e+03	 3.4780e+00	 3.7011e-01	 3.2315e+02	 1.5204e+03	-8.3926e+01	 1.4622e+04	 1.5560e+03	-9.3972e+00
 4.9879e+05	 1.4597e+03	 3.4032e+00	 3.2844e-01	 3.2315e+02	 1.5231e+03	-8.4488e+01	 1.0985e+04	 1.0601e+03	-1.0362e+01
 7.4818e+05	 1.4597e+03	 3.3891e+00	 2.0868e-01	 3.2315e+02	 1.5307e+03	-8.6477e+01	 1.1526e+04	 7.0970e+02	-1.6241e+01
 9.0000e+05	 1.4597e+03	 3.3650e+00	 1.8509e-01	 3.2315e+02	 1.5385e+03	-8.6852e+01	 1.0803e+04	 5.9421e+02	-1.8180e+01
 1.0000e+02	 1.5358e+03	 6.0062e+00	 1.4360e-01	 3.2315e+02	 1.5454e+03	-8.8630e+01	 1.2532e+08	 2.9962e+06	-4.1825e+01
 1.5000e+02	 1.5358e+03	 5.9753e+00	 1.4901e-01	 3.2315e+02	 1.5479e+03	-8.8571e+01	 8.0512e+07	 2.0078e+06	-4.0099e+01
 2.2500e+02	 1.5358e+03	 5.9451e+00	 1.6080e-01	 3.2315e+02	 1.5507e+03	-8.8451e+01	 4.9739e+07	 1.3453e+06	-3.6971e+01
 3.3750e+02	 1.5358e+03	 5.9117e+00	 1.7818e-01	 3.2315e+02	 1.5531e+03	-8.8274e+01	 2.9926e+07	 9.0195e+05	-3.3179e+01
 5.0625e+02	 1.5358e+03	 5.8744e+00	 2.0337e-01	 3.2315e+02	 1.5556e+03	-8.8017e+01	 1.7479e+07	 6.0512e+05	-2.8885e+01
 7.5938e+02	 1.5358e+03	 5.8318e+00	 2.3775e-01	 3.2314e+02	 1.5584e+03	-8.7665e+01	 9.9677e+06	 4.0636e+05	-2.4529e+01
 1.1391e+03	 1.5358e+03	 5.7808e+00	 2.8376e-01	 3.2315e+02	 1.5608e+03	-8.7190e+01	 5.5675e+06	 2.7330e+05	-2.0372e+01
 1.7086e+03	 1.5358e+03	 5.7180e+00	 3.4319e-01	 3.2315e+02	 1.5636e+03	-8.6565e+01	 3.0690e+06	 1.8420e+05	-1.6662e+01
 2.5629e+03	 1.5358e+03	 5.6384e+00	 4.1843e-01	 3.2315e+02	 1.5661e+03	-8.5756e+01	 1.6781e+06	 1.2453e+05	-1.3475e+01
 3.8443e+03	 1.5358e+03	 5.5339e+00	 5.0990e-01	 3.2315e+02	 1.5688e+03	-8.4736e+01	 9.1805e+05	 8.4589e+04	-1.0853e+01
 5.7665e+03	 1.5358e+03	 5.3949e+00	 6.1439e-01	 3.2315e+02	 1.5712e+03	-8.3503e+01	 5.0794e+05	 5.7846e+04	-8.7809e+00
 8.6498e+03	 1.5358e+03	 5.2110e+00	 7.2171e-01	 3.2315e+02	 1.5738e+03	-8.2115e+01	 2.8827e+05	 3.9925e+04	-7.2204e+00
 1.2975e+04	 1.5358e+03	 4.9783e+00	 8.1137e-01	 3.2315e+02	 1.5764e+03	-8.0743e+01	 1.7094e+05	 2.7861e+04	-6.1357e+00
 1.9462e+04	 1.5358e+03	 4.7066e+00	 8.5826e-01	 3.2315e+02	 1.5790e+03	-7.9666e+01	 1.0774e+05	 1.9646e+04	-5.4839e+00
 2.9193e+04	 1.5358e+03	 4.4338e+00	 8.4702e-01	 3.2315e+02	 1.5816e+03	-7.9185e+01	 7.2778e+04	 1.3903e+04	-5.2346e+00
 4.3789e+04	 1.5358e+03	 4.1778e+00	 7.8190e-01	 3.2315e+02	 1.5841e+03	-7.9399e+01	 5.2559e+04	 9.8369e+03	-5.3431e+00
 6.5684e+04	 1.5358e+03	 3.9657e+00	 6.8726e-01	 3.2315e+02	 1.5869e+03	-8.0168e+01	 3.9865e+04	 6.9086e+03	-5.7704e+00
 9.8526e+04	 1.5358e+03	 3.8007e+00	 5.8728e-01	 3.2315e+02	 1.5893e+03	-8.1216e+01	 3.1101e+04	 4.8056e+03	-6.4718e+00
 1.4779e+05	 1.5358e+03	 3.6646e+00	 4.9762e-01	 3.2315e+02	 1.5919e+03	-8.2267e+01	 2.4469e+04	 3.3228e+03	-7.3641e+00
 2.2168e+05	 1.5358e+03	 3.5634e+00	 4.2578e-01	 3.2315e+02	 1.5944e+03	-8.3186e+01	 1.9065e+04	 2.2781e+03	-8.3690e+00
 3.3253e+05	 1.5358e+03	 3.4785e+00	 3.7041e-01	 3.2315e+02	 1.5969e+03	-8.3922e+01	 1.4610e+04	 1.5558e+03	-9.3907e+00
 4.9879e+05	 1.5358e+03	 3.4035e+00	 3.2878e-01	 3.2315e+02	 1.5997e+03	-8.4482e+01	 1.0974e+04	 1.0601e+03	-1.0352e+01
 7.4818e+05	 1.5358e+03	 3.3894e+00	 2.0939e-01	 3.2315e+02	 1.6074e+03	-8.6465e+01	 1.1487e+04	 7.0965e+02	-1.6187e+01
 9.0000e+05	 1.5358e+03	 3.3650e+00	 1.8915e-01	 3.2315e+02	 1.6152e+03	-8.6783e+01	 1.0571e+04	 5.9421e+02	-1.7791e+01
 1.0000e+02	 1.6126e+03	 6.0143e+00	 1.4845e-01	 3.2315e+02	 1.6223e+03	-8.8586e+01	 1.2123e+08	 2.9922e+06	-4.0514e+01
 1.5000e+02	 1.6126e+03	 5.9854e+00	 1.5266e-01	 3.2315e+02	 1.6252e+03	-8.8539e+01	 7.8588e+07	 2.0044e+06	-3.9208e+01
 2.2500e+02	 1.6126e+03	 5.9510e+00	 1.6461e-01	 3.2315e+02	 1.6277e+03	-8.8416e+01	 4.8590e+07	 1.3440e+06	-3.6153e+01
 3.3750e+02	 1.6126e+03	 5.9167e+00	 1.8182e-01	 3.2315e+02	 1.6301e+03	-8.8240e+01	 2.9326e+07	 9.0119e+05	-3.2541e+01
 5.0625e+02	 1.6126e+03	 5.8786e+00	 2.0633e-01	 3.2316e+02	 1.6328e+03	-8.7990e+01	 1.7228e+07	 6.0468e+05	-2.8491e+01
 7.5938e+02	 1.6126e+03	 5.8353e+00	 2.4065e-01	 3.2315e+02	 1.6354e+03	-8.7638e+01	 9.8476e+06	 4.0612e+05	-2.4248e+01
 1.1391e+03	 1.6126e+03	 5.7839e+00	 2.8633e-01	 3.2315e+02	 1.6381e+03	-8.7166e+01	 5.5177e+06	 2.7315e+05	-2.0200e+01
 1.7086e+03	 1.6126e+03	 5.7205e+00	 3.4531e-01	 3.2315e+02	 1.6406e+03	-8.6546e+01	 3.0501e+06	 1.8412e+05	-1.6566e+01
 2.5629e+03	 1.6126e+03	 5.6404e+00	 4.2025e-01	 3.2315e+02	 1.6434e+03	-8.5739e+01	 1.6708e+06	 1.2449e+05	-1.3421e+01
 3.8443e+03	 1.6126e+03	 5.5356e+00	 5.1143e-01	 3.2315e+02	 1.6458e+03	-8.4721e+01	 9.1529e+05	 8.4563e+04	-1.0824e+01
 5.7665e+03	 1.6126e+03	 5.3961e+00	 6.1566e-01	 3.2315e+02	 1.6482e+03	-8.3491e+01	 5.0689e+05	 5.7833e+04	-8.7647e+00
 8.6498e+03	 1.6126e+03	 5.2120e+00	 7.2236e-01	 3.2315e+02	 1.6509e+03	-8.2109e+01	 2.8801e+05	 3.9917e+04	-7.2153e+00
 1.2975e+04	 1.6126e+03	 4.9791e+00	 8.1174e-01	 3.2315e+02	 1.6533e+03	-8.0741e+01	 1.7087e+05	 2.7856e+04	-6.1339e+00
 1.9462e+04	 1.6126e+03	 4.7075e+00	 8.5838e-01	 3.2315e+02	 1.6562e+03	-7.9666e+01	 1.0772e+05	 1.9642e+04	-5.4842e+00
 2.9193e+04	 1.6126e+03	 4.4350e+00	 8.4707e-01	 3.2315e+02	 1.6587e+03	-7.9187e+01	 7.2773e+04	 1.3900e+04	-5.2356e+00
 4.3789e+04	 1.6126e+03	 4.1789e+00	 7.8218e-01	 3.2315e+02	 1.6614e+03	-7.9398e+01	 5.2540e+04	 9.8343e+03	-5.3426e+00
 6.5684e+04	 1.6126e+03	 3.9668e+00	 6.8770e-01	 3.2315e+02	 1.6638e+03	-8.0165e+01	 3.9839e+04	 6.9067e+03	-5.7681e+00
 9.8526e+04	 1.6126e+03	 3.8017e+00	 5.8767e-01	 3.2315e+02	 1.6662e+03	-8.1213e+01	 3.1080e+04	 4.8044e+03	-6.4691e+00
 1.4779e+05	 1.6126e+03	 3.6654e+00	 4.9790e-01	 3.2315e+02	 1.6689e+03	-8.2264e+01	 2.4456e+04	 3.3221e+03	-7.3617e+00
 2.2168e+05	 1.6126e+03	 3.5641e+00	 4.2608e-01	 3.2316e+02	 1.6714e+03	-8.3183e+01	 1.9052e+04	 2.2776e+03	-8.3649e+00
 3.3253e+05	 1.6126e+03	 3.4790e+00	 3.7076e-01	 3.2316e+02	 1.6742e+03	-8.3917e+01	 1.4596e+04	 1.5556e+03	-9.3833e+00
 4.9879e+05	 1.6126e+03	 3.4038e+00	 3.2897e-01	 3.2315e+02	 1.6768e+03	-8.4480e+01	 1.0967e+04	 1.0599e+03	-1.0347e+01
 7.4818e+05	 1.6126e+03	 3.3901e+00	 2.0615e-01	 3.2315e+02	 1.6844e+03	-8.6520e+01	 1.1668e+04	 7.0949e+02	-1.6445e+01
 9.0000e+05	 1.6126e+03	 3.3660e+00	 1.8354e-01	 3.2315e+02	 1.6926e+03	-8.6879e+01	 1.0894e+04	 5.9403e+02	-1.8340e+01
 1.0000e+02	 1.6899e+03	 6.0232e+00	 1.5336e-01	 3.2316e+02	 1.6993e+03	-8.8541e+01	 1.1734e+08	 2.9877e+06	-3.9274e+01
 1.5000e+02	 1.6899e+03	 5.9891e+00	 1.5944e-01	 3.2315e+02	 1.7019e+03	-8.8475e+01	 7.5244e+07	 2.0032e+06	-3.7562e+01
 2.2500e+02	 1.6899e+03	 5.9580e+00	 1.6875e-01	 3.2315e+02	 1.7044e+03	-8.8378e+01	 4.7395e+07	 1.3424e+06	-3.5306e+01
 3.3750e+02	 1.6899e+03	 5.9225e+00	 1.8545e-01	 3.2315e+02	 1.7071e+03	-8.8206e+01	 2.8752e+07	 9.0031e+05	-3.1935e+01
 5.0625e+02	 1.6899e+03	 5.8835e+00	 2.1002e-01	 3.2315e+02	 1.7096e+03	-8.7956e+01	 1.6925e+07	 6.0418e+05	-2.8014e+01
 7.5938e+02	 1.6899e+03	 5.8392e+00	 2.4381e-01	 3.2315e+02	 1.7124e+03	-8.7609e+01	 9.7200e+06	 4.0584e+05	-2.3950e+01
 1.1391e+03	 1.6899e+03	 5.7872e+00	 2.8923e-01	 3.2315e+02	 1.7149e+03	-8.7139e+01	 5.4623e+06	 2.7300e+05	-2.0009e+01
 1.7086e+03	 1.6899e+03	 5.7231e+00	 3.4785e-01	 3.2316e+02	 1.7174e+03	-8.6522e+01	 3.0279e+06	 1.8403e+05	-1.6453e+01
 2.5629e+03	 1.6899e+03	 5.6423e+00	 4.2252e-01	 3.2315e+02	 1.7200e+03	-8.5717e+01	 1.6619e+06	 1.2445e+05	-1.3354e+01
 3.8443e+03	 1.6899e+03	 5.5371e+00	 5.1335e-01	 3.2315e+02	 1.7224e+03	-8.4703e+01	 9.1188e+05	 8.4541e+04	-1.0786e+01
 5.7665e+03	 1.6899e+03	 5.3972e+00	 6.1718e-01	 3.2315e+02	 1.7251e+03	-8.3476e+01	 5.0564e+05	 5.7821e+04	-8.7449e+00
 8.6498e+03	 1.6899e+03	 5.2126e+00	 7.2347e-01	 3.2315e+02	 1.7278e+03	-8.2098e+01	 2.8757e+05	 3.9912e+04	-7.2051e+00
 1.2975e+04	 1.6899e+03	 4.9796e+00	 8.1227e-01	 3.2315e+02	 1.7306e+03	-8.0735e+01	 1.7075e+05	 2.7854e+04	-6.1304e+00
 1.9462e+04	 1.6899e+03	 4.7081e+00	 8.5872e-01	 3.2315e+02	 1.7332e+03	-7.9663e+01	 1.0768e+05	 1.9640e+04	-5.4827e+00
 2.9193e+04	 1.6899e+03	 4.4358e+00	 8.4735e-01	 3.2315e+02	 1.7359e+03	-7.9185e+01	 7.2749e+04	 1.3897e+04	-5.2348e+00
 4.3789e+04	 1.6899e+03	 4.1799e+00	 7.8226e-01	 3.2315e+02	 1.7384e+03	-7.9400e+01	 5.2535e+04	 9.8319e+03	-5.3433e+00
 6.5684e+04	 1.6899e+03	 3.9675e+00	 6.8792e-01	 3.2315e+02	 1.7411e+03	-8.0163e+01	 3.9826e+04	 6.9054e+03	-5.7674e+00
 9.8526e+04	 1.6899e+03	 3.8027e+00	 5.8809e-01	 3.2315e+02	 1.7437e+03	-8.1209e+01	 3.1058e+04	 4.8031e+03	-6.4662e+00
 1.4779e+05	 1.6899e+03	 3.6659e+00	 4.9835e-01	 3.2315e+02	 1.7464e+03	-8.2259e+01	 2.4434e+04	 3.3216e+03	-7.3561e+00
 2.2168e+05	 1.6899e+03	 3.5646e+00	 4.2638e-01	 3.2315e+02	 1.7490e+03	-8.3179e+01	 1.9039e+04	 2.2773e+03	-8.3602e+00
 3.3253e+05	 1.6899e+03	 3.4796e+00	 3.7103e-01	 3.2315e+02	 1.7516e+03	-8.3914e+01	 1.4586e+04	 1.5553e+03	-9.3783e+00
 4.9879e+05	 1.6899e+03	 3.4043e+00	 3.2933e-01	 3.2315e+02	 1.7544e+03	-8.4474e+01	 1.0955e+04	 1.0598e+03	-1.0337e+01
 7.4818e+05	 1.6899e+03	 3.3903e+00	 2.0799e-01	 3.2315e+02	 1.7624e+03	-8.6489e+01	 1.1564e+04	 7.0945e+02	-1.6301e+01
 9.0000e+05	 1.6899e+03	 3.3659e+00	 1.8854e-01	 3.2315e+02	 1.7702e+03	-8.6794e+01	 1.0605e+04	 5.9405e+02	-1.7853e+01
 1.0000e+02	 1.7675e+03	 6.0326e+00	 1.5809e-01	 3.2315e+02	 1.7772e+03	-8.8499e+01	 1.1383e+08	 2.9831e+06	-3.8159e+01
 1.5000e+02	 1.7675e+03	 6.0020e+00	 1.6288e-01	 3.2315e+02	 1.7796e+03	-8.8446e+01	 7.3657e+07	 1.9989e+06	-3.6849e+01
 2.2500e+02	 1.7675e+03	 5.9654e+00	 1.7274e-01	 3.2316e+02	 1.7821e+03	-8.8341e+01	 4.6302e+07	 1.3407e+06	-3.4535e+01
 3.3750e+02	 1.7675e+03	 5.9292e+00	 1.8927e-01	 3.2315e+02	 1.7848e+03	-8.8172e+01	 2.8172e+07	 8.9928e+05	-3.1327e+01
 5.0625e+02	 1.7675e+03	 5.8895e+00	 2.1369e-01	 3.2316e+02	 1.7873e+03	-8.7922e+01	 1.6635e+07	 6.0356e+05	-2.7561e+01
 7.5938e+02	 1.7675e+03	 5.8442e+00	 2.4712e-01	 3.2315e+02	 1.7901e+03	-8.7579e+01	 9.5898e+06	 4.0550e+05	-2.3649e+01
 1.1391e+03	 1.7675e+03	 5.7911e+00	 2.9181e-01	 3.2315e+02	 1.7925e+03	-8.7115e+01	 5.4140e+06	 2.7281e+05	-1.9846e+01
 1.7086e+03	 1.7675e+03	 5.7263e+00	 3.5047e-01	 3.2315e+02	 1.7953e+03	-8.6498e+01	 3.0053e+06	 1.8393e+05	-1.6339e+01
 2.5629e+03	 1.7675e+03	 5.6452e+00	 4.2498e-01	 3.2315e+02	 1.7981e+03	-8.5695e+01	 1.6522e+06	 1.2438e+05	-1.3283e+01
 3.8443e+03	 1.7675e+03	 5.5391e+00	 5.1534e-01	 3.2316e+02	 1.8009e+03	-8.4685e+01	 9.0835e+05	 8.4510e+04	-1.0748e+01
 5.7665e+03	 1.7675e+03	 5.3987e+00	 6.1874e-01	 3.2315e+02	 1.8034e+03	-8.3462e+01	 5.0437e+05	 5.7805e+04	-8.7253e+00
 8.6498e+03	 1.7675e+03	 5.2139e+00	 7.2464e-01	 3.2315e+02	 1.8061e+03	-8.2088e+01	 2.8710e+05	 3.9903e+04	-7.1951e+00
 1.2975e+04	 1.7675e+03	 4.9808e+00	 8.1311e-01	 3.2315e+02	 1.8086e+03	-8.0728e+01	 1.7058e+05	 2.7847e+04	-6.1256e+00
 1.9462e+04	 1.7675e+03	 4.7091e+00	 8.5889e-01	 3.2315e+02	 1.8112e+03	-7.9664e+01	 1.0766e+05	 1.9636e+04	-5.4828e+00
 2.9193e+04	 1.7675e+03	 4.4370e+00	 8.4759e-01	 3.2315e+02	 1.8137e+03	-7.9185e+01	 7.2729e+04	 1.3893e+04	-5.2349e+00
 4.3789e+04	 1.7675e+03	 4.1812e+00	 7.8258e-01	 3.2315e+02	 1.8161e+03	-7.9399e+01	 5.2513e+04	 9.8288e+03	-5.3428e+00
 6.5684e+04	 1.7675e+03	 3.9688e+00	 6.8842e-01	 3.2315e+02	 1.8186e+03	-8.0159e+01	 3.9798e+04	 6.9033e+03	-5.7651e+00
 9.8526e+04	 1.7675e+03	 3.8037e+00	 5.8858e-01	 3.2315e+02	 1.8213e+03	-8.1204e+01	 3.1032e+04	 4.8019e+03	-6.4625e+00
 1.4779e+05	 1.7675e+03	 3.6667e+00	 4.9881e-01	 3.2315e+02	 1.8241e+03	-8.2253e+01	 2.4411e+04	 3.3208e+03	-7.3509e+00
 2.2168e+05	 1.7675e+03	 3.5653e+00	 4.2677e-01	 3.2315e+02	 1.8268e+03	-8.3174e+01	 1.9022e+04	 2.2769e+03	-8.3542e+00
 3.3253e+05	 1.7675e+03	 3.4802e+00	 3.7136e-01	 3.2316e+02	 1.8295e+03	-8.3909e+01	 1.4573e+04	 1.5551e+03	-9.3714e+00
 4.9879e+05	 1.7675e+03	 3.4048e+00	 3.2955e-01	 3.2315e+02	 1.8321e+03	-8.4472e+01	 1.0948e+04	 1.0596e+03	-1.0332e+01
 7.4818e+05	 1.7675e+03	 3.3905e+00	 2.1195e-01	 3.2315e+02	 1.8401e+03	-8.6423e+01	 1.1348e+04	 7.0942e+02	-1.5996e+01
 9.0000e+05	 1.7675e+03	 3.3665e+00	 1.8798e-01	 3.2315e+02	 1.8478e+03	-8.6804e+01	 1.0637e+04	 5.9395e+02	-1.7909e+01
 1.0000e+02	 1.8450e+03	 6.0421e+00	 1.6271e-01	 3.2315e+02	 1.8543e+03	-8.8457e+01	 1.1060e+08	 2.9784e+06	-3.7133e+01
 1.5000e+02	 1.8450e+03	 6.0107e+00	 1.6652e-01	 3.2315e+02	 1.8568e+03	-8.8413e+01	 7.2048e+07	 1.9960e+06	-3.6096e+01
 2.2500e+02	 1.8450e+03	 5.9732e+00	 1.7637e-01	 3.2315e+02	 1.8594e+03	-8.8309e+01	 4.5348e+07	 1.3390e+06	-3.3867e+01
 3.3750e+02	 1.8450e+03	 5.9362e+00	 1.9286e-01	 3.2315e+02	 1.8618e+03	-8.8139e+01	 2.7647e+07	 8.9822e+05	-3.0780e+01
 5.0625e+02	 1.8450e+03	 5.8955e+00	 2.1696e-01	 3.2315e+02	 1.8643e+03	-8.7892e+01	 1.6384e+07	 6.0295e+05	-2.7173e+01
 7.5938e+02	 1.8450e+03	 5.8493e+00	 2.5018e-01	 3.2315e+02	 1.8669e+03	-8.7551e+01	 9.4726e+06	 4.0514e+05	-2.3381e+01
 1.1391e+03	 1.8450e+03	 5.7956e+00	 2.9508e-01	 3.2315e+02	 1.8694e+03	-8.7085e+01	 5.3540e+06	 2.7260e+05	-1.9641e+01
 1.7086e+03	 1.8450e+03	 5.7301e+00	 3.5327e-01	 3.2314e+02	 1.8722e+03	-8.6472e+01	 2.9814e+06	 1.8381e+05	-1.6220e+01
 2.5629e+03	 1.8450e+03	 5.6479e+00	 4.2740e-01	 3.2315e+02	 1.8748e+03	-8.5672e+01	 1.6429e+06	 1.2432e+05	-1.3215e+01
 3.8443e+03	 1.8450e+03	 5.5412e+00	 5.1754e-01	 3.2315e+02	 1.8774e+03	-8.4664e+01	 9.0448e+05	 8.4479e+04	-1.0707e+01
 5.7665e+03	 1.8450e+03	 5.4003e+00	 6.2062e-01	 3.2315e+02	 1.8799e+03	-8.3444e+01	 5.0284e+05	 5.7788e+04	-8.7015e+00
 8.6498e+03	 1.8450e+03	 5.2150e+00	 7.2607e-01	 3.2315e+02	 1.8824e+03	-8.2074e+01	 2.8654e+05	 3.9894e+04	-7.1825e+00
 1.2975e+04	 1.8450e+03	 4.9816e+00	 8.1401e-01	 3.2314e+02	 1.8849e+03	-8.0720e+01	 1.7039e+05	 2.7842e+04	-6.1198e+00
 1.9462e+04	 1.8450e+03	 4.7102e+00	 8.5959e-01	 3.2314e+02	 1.8874e+03	-7.9658e+01	 1.0757e+05	 1.9631e+04	-5.4796e+00
 2.9193e+04	 1.8450e+03	 4.4380e+00	 8.4786e-01	 3.2315e+02	 1.8902e+03	-7.9184e+01	 7.2705e+04	 1.3890e+04	-5.2343e+00
 4.3789e+04	 1.8450e+03	 4.1822e+00	 7.8293e-01	 3.2314e+02	 1.8927e+03	-7.9397e+01	 5.2490e+04	 9.8263e+03	-5.3418e+00
 6.5684e+04	 1.8450e+03	 3.9697e+00	 6.8874e-01	 3.2315e+02	 1.8954e+03	-8.0157e+01	 3.9779e+04	 6.9015e+03	-5.7637e+00
 9.8526e+04	 1.8450e+03	 3.8046e+00	 5.8904e-01	 3.2315e+02	 1.8978e+03	-8.1199e+01	 3.1008e+04	 4.8008e+03	-6.4589e+00
 1.4779e+05	 1.8450e+03	 3.6675e+00	 4.9931e-01	 3.2315e+02	 1.9007e+03	-8.2247e+01	 2.4387e+04	 3.3202e+03	-7.3451e+00
 2.2168e+05	 1.8450e+03	 3.5660e+00	 4.2718e-01	 3.2315e+02	 1.9032e+03	-8.3169e+01	 1.9003e+04	 2.2764e+03	-8.3477e+00
 3.3253e+05	 1.8450e+03	 3.4807e+00	 3.7169e-01	 3.2315e+02	 1.9058e+03	-8.3905e+01	 1.4560e+04	 1.5548e+03	-9.3645e+00
 4.9879e+05	 1.8450e+03	 3.4053e+00	 3.2989e-01	 3.2315e+02	 1.9086e+03	-8.4467e+01	 1.0937e+04	 1.0595e+03	-1.0323e+01
 7.4818e+05	 1.8450e+03	 3.3911e+00	 2.1047e-01	 3.2315e+02	 1.9161e+03	-8.6449e+01	 1.1428e+04	 7.0929e+02	-1.6112e+01
 9.0000e+05	 1.8450e+03	 3.3668e+00	 1.8816e-01	 3.2314e+02	 1.9241e+03	-8.6801e+01	 1.0627e+04	 5.9389e+02	-1.7893e+01
 1.0000e+02	 1.9214e+03	 6.0519e+00	 1.6642e-01	 3.2315e+02	 1.9307e+03	-8.8425e+01	 1.0814e+08	 2.9736e+06	-3.6366e+01
 1.5000e+02	 1.9214e+03	 6.0198e+00	 1.7102e-01	 3.2315e+02	 1.9332e+03	-8.8373e+01	 7.0150e+07	 1.9929e+06	-3.5199e+01
 2.2500e+02	 1.9214e+03	 5.9810e+00	 1.7974e-01	 3.2316e+02	 1.9359e+03	-8.8279e+01	 4.4497e+07	 1.3373e+06	-3.3275e+01
 3.3750e+02	 1.9214e+03	 5.9432e+00	 1.9585e-01	 3.2315e+02	 1.9391e+03	-8.8113e+01	 2.7225e+07	 8.9717e+05	-3.0345e+01
 5.0625e+02	 1.9214e+03	 5.9021e+00	 2.1982e-01	 3.2315e+02	 1.9415e+03	-8.7867e+01	 1.6171e+07	 6.0228e+05	-2.6850e+01
 7.5938e+02	 1.9214e+03	 5.8550e+00	 2.5331e-01	 3.2315e+02	 1.9442e+03	-8.7523e+01	 9.3552e+06	 4.0475e+05	-2.3114e+01
 1.1391e+03	 1.9214e+03	 5.8006e+00	 2.9824e-01	 3.2315e+02	 1.9467e+03	-8.7057e+01	 5.2973e+06	 2.7236e+05	-1.9449e+01
 1.7086e+03	 1.9214e+03	 5.7343e+00	 3.5611e-01	 3.2316e+02	 1.9493e+03	-8.6446e+01	 2.9576e+06	 1.8368e+05	-1.6102e+01
 2.5629e+03	 1.9214e+03	 5.6514e+00	 4.3000e-01	 3.2315e+02	 1.9522e+03	-8.5649e+01	 1.6329e+06	 1.2425e+05	-1.3143e+01
 3.8443e+03	 1.9214e+03	 5.5438e+00	 5.1980e-01	 3.2315e+02	 1.9548e+03	-8.4644e+01	 9.0056e+05	 8.4438e+04	-1.0665e+01
 5.7665e+03	 1.9214e+03	 5.4025e+00	 6.2239e-01	 3.2315e+02	 1.9573e+03	-8.3428e+01	 5.0141e+05	 5.7765e+04	-8.6802e+00
 8.6498e+03	 1.9214e+03	 5.2166e+00	 7.2730e-01	 3.2315e+02	 1.9601e+03	-8.2063e+01	 2.8606e+05	 3.9882e+04	-7.1725e+00
 1.2975e+04	 1.9214e+03	 4.9831e+00	 8.1474e-01	 3.2315e+02	 1.9626e+03	-8.0714e+01	 1.7024e+05	 2.7834e+04	-6.1161e+00
 1.9462e+04	 1.9214e+03	 4.7114e+00	 8.6000e-01	 3.2315e+02	 1.9651e+03	-7.9655e+01	 1.0752e+05	 1.9626e+04	-5.4784e+00
 2.9193e+04	 1.9214e+03	 4.4395e+00	 8.4837e-01	 3.2315e+02	 1.9676e+03	-7.9181e+01	 7.2662e+04	 1.3885e+04	-5.2330e+00
 4.3789e+04	 1.9214e+03	 4.1836e+00	 7.8345e-01	 3.2315e+02	 1.9701e+03	-7.9393e+01	 5.2455e+04	 9.8230e+03	-5.3400e+00
 6.5684e+04	 1.9214e+03	 3.9713e+00	 6.8930e-01	 3.2315e+02	 1.9726e+03	-8.0153e+01	 3.9747e+04	 6.8988e+03	-5.7614e+00
 9.8526e+04	 1.9214e+03	 3.8056e+00	 5.8963e-01	 3.2315e+02	 1.9753e+03	-8.1193e+01	 3.0977e+04	 4.7995e+03	-6.4543e+00
 1.4779e+05	 1.9214e+03	 3.6684e+00	 4.9973e-01	 3.2315e+02	 1.9781e+03	-8.2243e+01	 2.4366e+04	 3.3193e+03	-7.3407e+00
 2.2168e+05	 1.9214e+03	 3.5667e+00	 4.2773e-01	 3.2316e+02	 1.9807e+03	-8.3162e+01	 1.8979e+04	 2.2760e+03	-8.3386e+00
 3.3253e+05	 1.9214e+03	 3.4812e+00	 3.7214e-01	 3.2315e+02	 1.9834e+03	-8.3898e+01	 1.4542e+04	 1.5546e+03	-9.3546e+00
 4.9879e+05	 1.9214e+03	 3.4058e+00	 3.3015e-01	 3.2315e+02	 1.9860e+03	-8.4463e+01	 1.0928e+04	 1.0593e+03	-1.0316e+01
 7.4818e+05	 1.9214e+03	 3.3915e+00	 2.1131e-01	 3.2315e+02	 1.9936e+03	-8.6435e+01	 1.1383e+04	 7.0921e+02	-1.6050e+01
 9.0000e+05	 1.9214e+03	 3.3668e+00	 1.9187e-01	 3.2314e+02	 2.0016e+03	-8.6738e+01	 1.0421e+04	 5.9389e+02	-1.7547e+01
 1.0000e+02	 1.9989e+03	 6.0611e+00	 1.7022e-01	 3.2315e+02	 2.0081e+03	-8.8391e+01	 1.0572e+08	 2.9691e+06	-3.5608e+01
 1.5000e+02	 1.9989e+03	 6.0237e+00	 1.7095e-01	 3.2315e+02	 2.0106e+03	-8.8374e+01	 7.0180e+07	 1.9916e+06	-3.5237e+01
 2.2500e+02	 1.9989e+03	 5.9889e+00	 1.8263e-01	 3.2315e+02	 2.0133e+03	-8.8253e+01	 4.3795e+07	 1.3355e+06	-3.2793e+01
 3.3750e+02	 1.9989e+03	 5.9504e+00	 1.9874e-01	 3.2315e+02	 2.0159e+03	-8.8087e+01	 2.6830e+07	 8.9608e+05	-2.9941e+01
 5.0625e+02	 1.9989e+03	 5.9087e+00	 2.2262e-01	 3.2315e+02	 2.0186e+03	-8.7842e+01	 1.5967e+07	 6.0161e+05	-2.6541e+01
 7.5938e+02	 1.9989e+03	 5.8610e+00	 2.5623e-01	 3.2315e+02	 2.0211e+03	-8.7497e+01	 9.2487e+06	 4.0433e+05	-2.2874e+01
 1.1391e+03	 1.9989e+03	 5.8056e+00	 3.0107e-01	 3.2315e+02	 2.0239e+03	-8.7031e+01	 5.2475e+06	 2.7213e+05	-1.9283e+01
 1.7086e+03	 1.9989e+03	 5.7385e+00	 3.5906e-01	 3.2316e+02	 2.0266e+03	-8.6420e+01	 2.9333e+06	 1.8354e+05	-1.5982e+01
 2.5629e+03	 1.9989e+03	 5.6548e+00	 4.3247e-01	 3.2315e+02	 2.0294e+03	-8.5627e+01	 1.6236e+06	 1.2417e+05	-1.3076e+01
 3.8443e+03	 1.9989e+03	 5.5466e+00	 5.2219e-01	 3.2315e+02	 2.0319e+03	-8.4622e+01	 8.9643e+05	 8.4396e+04	-1.0622e+01
 5.7665e+03	 1.9989e+03	 5.4046e+00	 6.2434e-01	 3.2315e+02	 2.0346e+03	-8.3410e+01	 4.9984e+05	 5.7742e+04	-8.6564e+00
 8.6498e+03	 1.9989e+03	 5.2184e+00	 7.2886e-01	 3.2316e+02	 2.0371e+03	-8.2049e+01	 2.8545e+05	 3.9868e+04	-7.1597e+00
 1.2975e+04	 1.9989e+03	 4.9843e+00	 8.1583e-01	 3.2315e+02	 2.0398e+03	-8.0704e+01	 1.7001e+05	 2.7827e+04	-6.1095e+00
 1.9462e+04	 1.9989e+03	 4.7130e+00	 8.6078e-01	 3.2315e+02	 2.0424e+03	-7.9650e+01	 1.0742e+05	 1.9619e+04	-5.4752e+00
 2.9193e+04	 1.9989e+03	 4.4408e+00	 8.4869e-01	 3.2316e+02	 2.0452e+03	-7.9181e+01	 7.2634e+04	 1.3881e+04	-5.2326e+00
 4.3789e+04	 1.9989e+03	 4.1850e+00	 7.8391e-01	 3.2315e+02	 2.0476e+03	-7.9391e+01	 5.2425e+04	 9.8197e+03	-5.3387e+00
 6.5684e+04	 1.9989e+03	 3.9725e+00	 6.8995e-01	 3.2315e+02	 2.0501e+03	-8.0147e+01	 3.9709e+04	 6.8967e+03	-5.7577e+00
 9.8526e+04	 1.9989e+03	 3.8065e+00	 5.9017e-01	 3.2315e+02	 2.0528e+03	-8.1187e+01	 3.0948e+04	 4.7983e+03	-6.4499e+00
 1.4779e+05	 1.9989e+03	 3.6694e+00	 5.0032e-01	 3.2315e+02	 2.0553e+03	-8.2236e+01	 2.4338e+04	 3.3184e+03	-7.3341e+00
 2.2168e+05	 1.9989e+03	 3.5675e+00	 4.2818e-01	 3.2315e+02	 2.0581e+03	-8.3156e+01	 1.8959e+04	 2.2755e+03	-8.3318e+00
 3.3253e+05	 1.9989e+03	 3.4818e+00	 3.7257e-01	 3.2315e+02	 2.0605e+03	-8.3892e+01	 1.4526e+04	 1.5543e+03	-9.3453e+00
 4.9879e+05	 1.9989e+03	 3.4064e+00	 3.3051e-01	 3.2315e+02	 2.0632e+03	-8.4458e+01	 1.0916e+04	 1.0592e+03	-1.0307e+01
 7.4818e+05	 1.9989e+03	 3.3920e+00	 2.1179e-01	 3.2315e+02	 2.0711e+03	-8.6427e+01	 1.1357e+04	 7.0910e+02	-1.6015e+01
 9.0000e+05	 1.9989e+03	 3.3675e+00	 1.9049e-01	 3.2315e+02	 2.0788e+03	-8.6762e+01	 1.0497e+04	 5.9377e+02	-1.7678e+01
 1.0000e+02	 2.0761e+03	 6.0697e+00	 1.7361e-01	 3.2315e+02	 2.0858e+03	-8.8362e+01	 1.0366e+08	 2.9648e+06	-3.4963e+01
 1.5000e+02	 2.0761e+03	 6.0353e+00	 1.7373e-01	 3.2315e+02	 2.0883e+03	-8.8351e+01	 6.9057e+07	 1.9878e+06	-3.4740e+01
 2.2500e+02	 2.0761e+03	 5.9965e+00	 1.8527e-01	 3.2315e+02	 2.0909e+03	-8.8230e+01	 4.3171e+07	 1.3338e+06	-3.2367e+01
 3.3750e+02	 2.0761e+03	 5.9578e+00	 2.0119e-01	 3.2315e+02	 2.0935e+03	-8.8066e+01	 2.6503e+07	 8.9497e+05	-2.9613e+01
 5.0625e+02	 2.0761e+03	 5.9155e+00	 2.2511e-01	 3.2315e+02	 2.0959e+03	-8.7821e+01	 1.5791e+07	 6.0091e+05	-2.6278e+01
 7.5938e+02	 2.0761e+03	 5.8672e+00	 2.5872e-01	 3.2315e+02	 2.0985e+03	-8.7475e+01	 9.1598e+06	 4.0390e+05	-2.2678e+01
 1.1391e+03	 2.0761e+03	 5.8111e+00	 3.0335e-01	 3.2315e+02	 2.1009e+03	-8.7012e+01	 5.2081e+06	 2.7187e+05	-1.9157e+01
 1.7086e+03	 2.0761e+03	 5.7433e+00	 3.6163e-01	 3.2315e+02	 2.1036e+03	-8.6397e+01	 2.9125e+06	 1.8339e+05	-1.5882e+01
 2.5629e+03	 2.0761e+03	 5.6586e+00	 4.3520e-01	 3.2315e+02	 2.1061e+03	-8.5602e+01	 1.6134e+06	 1.2409e+05	-1.3002e+01
 3.8443e+03	 2.0761e+03	 5.5496e+00	 5.2464e-01	 3.2315e+02	 2.1087e+03	-8.4599e+01	 8.9224e+05	 8.4350e+04	-1.0578e+01
 5.7665e+03	 2.0761e+03	 5.4069e+00	 6.2658e-01	 3.2315e+02	 2.1112e+03	-8.3390e+01	 4.9806e+05	 5.7718e+04	-8.6293e+00
 8.6498e+03	 2.0761e+03	 5.2199e+00	 7.3052e-01	 3.2315e+02	 2.1139e+03	-8.2033e+01	 2.8479e+05	 3.9857e+04	-7.1455e+00
 1.2975e+04	 2.0761e+03	 4.9858e+00	 8.1699e-01	 3.2315e+02	 2.1166e+03	-8.0694e+01	 1.6977e+05	 2.7819e+04	-6.1026e+00
 1.9462e+04	 2.0761e+03	 4.7141e+00	 8.6155e-01	 3.2315e+02	 2.1192e+03	-7.9643e+01	 1.0733e+05	 1.9615e+04	-5.4716e+00
 2.9193e+04	 2.0761e+03	 4.4420e+00	 8.4939e-01	 3.2315e+02	 2.1219e+03	-7.9175e+01	 7.2575e+04	 1.3878e+04	-5.2296e+00
 4.3789e+04	 2.0761e+03	 4.1863e+00	 7.8448e-01	 3.2316e+02	 2.1243e+03	-7.9386e+01	 5.2386e+04	 9.8168e+03	-5.3364e+00
 6.5684e+04	 2.0761e+03	 3.9736e+00	 6.9041e-01	 3.2315e+02	 2.1271e+03	-8.0143e+01	 3.9683e+04	 6.8948e+03	-5.7554e+00
 9.8526e+04	 2.0761e+03	 3.8077e+00	 5.9080e-01	 3.2315e+02	 2.1296e+03	-8.1180e+01	 3.0915e+04	 4.7968e+03	-6.4449e+00
 1.4779e+05	 2.0761e+03	 3.6702e+00	 5.0094e-01	 3.2315e+02	 2.1324e+03	-8.2228e+01	 2.4308e+04	 3.3177e+03	-7.3265e+00
 2.2168e+05	 2.0761e+03	 3.5681e+00	 4.2854e-01	 3.2315e+02	 2.1349e+03	-8.3151e+01	 1.8943e+04	 2.2751e+03	-8.3262e+00
 3.3253e+05	 2.0761e+03	 3.4823e+00	 3.7296e-01	 3.2315e+02	 2.1376e+03	-8.3887e+01	 1.4510e+04	 1.5541e+03	-9.3369e+00
 4.9879e+05	 2.0761e+03	 3.4068e+00	 3.3088e-01	 3.2315e+02	 2.1402e+03	-8.4453e+01	 1.0904e+04	 1.0590e+03	-1.0296e+01
 7.4818e+05	 2.0761e+03	 3.3923e+00	 2.1253e-01	 3.2315e+02	 2.1479e+03	-8.6415e+01	 1.1317e+04	 7.0902e+02	-1.5962e+01
 9.0000e+05	 2.0761e+03	 3.3680e+00	 1.8970e-01	 3.2314e+02	 2.1556e+03	-8.6776e+01	 1.0541e+04	 5.9368e+02	-1.7755e+01
 1.0000e+02	 2.1529e+03	 6.0780e+00	 1.7627e-01	 3.2314e+02	 2.1622e+03	-8.8339e+01	 1.0209e+08	 2.9608e+06	-3.4482e+01
 1.5000e+02	 2.1529e+03	 6.0437e+00	 1.7691e-01	 3.2315e+02	 2.1647e+03	-8.8323e+01	 6.7816e+07	 1.9851e+06	-3.4163e+01
 2.2500e+02	 2.1529e+03	 6.0038e+00	 1.8735e-01	 3.2315e+02	 2.1674e+03	-8.8213e+01	 4.2690e+07	 1.3322e+06	-3.2046e+01
 3.3750e+02	 2.1529e+03	 5.9646e+00	 2.0311e-01	 3.2315e+02	 2.1701e+03	-8.8050e+01	 2.6252e+07	 8.9395e+05	-2.9366e+01
 5.0625e+02	 2.1529e+03	 5.9217e+00	 2.2722e-01	 3.2314e+02	 2.1727e+03	-8.7803e+01	 1.5645e+07	 6.0028e+05	-2.6062e+01
 7.5938e+02	 2.1529e+03	 5.8734e+00	 2.6072e-01	 3.2315e+02	 2.1753e+03	-8.7458e+01	 9.0895e+06	 4.0348e+05	-2.2528e+01
 1.1391e+03	 2.1529e+03	 5.8166e+00	 3.0571e-01	 3.2315e+02	 2.1778e+03	-8.6991e+01	 5.1679e+06	 2.7162e+05	-1.9027e+01
 1.7086e+03	 2.1529e+03	 5.7479e+00	 3.6408e-01	 3.2314e+02	 2.1806e+03	-8.6376e+01	 2.8929e+06	 1.8324e+05	-1.5787e+01
 2.5629e+03	 2.1529e+03	 5.6626e+00	 4.3778e-01	 3.2315e+02	 2.1834e+03	-8.5579e+01	 1.6039e+06	 1.2400e+05	-1.2935e+01
 3.8443e+03	 2.1529e+03	 5.5529e+00	 5.2699e-01	 3.2315e+02	 2.1859e+03	-8.4579e+01	 8.8827e+05	 8.4300e+04	-1.0537e+01
 5.7665e+03	 2.1529e+03	 5.4092e+00	 6.2866e-01	 3.2315e+02	 2.1883e+03	-8.3371e+01	 4.9641e+05	 5.7693e+04	-8.6043e+00
 8.6498e+03	 2.1529e+03	 5.2218e+00	 7.3223e-01	 3.2315e+02	 2.1910e+03	-8.2018e+01	 2.8413e+05	 3.9842e+04	-7.1313e+00
 1.2975e+04	 2.1529e+03	 4.9873e+00	 8.1837e-01	 3.2315e+02	 2.1934e+03	-8.0681e+01	 1.6948e+05	 2.7810e+04	-6.0942e+00
 1.9462e+04	 2.1529e+03	 4.7154e+00	 8.6226e-01	 3.2315e+02	 2.1962e+03	-7.9637e+01	 1.0724e+05	 1.9609e+04	-5.4687e+00
 2.9193e+04	 2.1529e+03	 4.4436e+00	 8.5003e-01	 3.2315e+02	 2.1986e+03	-7.9171e+01	 7.2520e+04	 1.3873e+04	-5.2276e+00
 4.3789e+04	 2.1529e+03	 4.1877e+00	 7.8500e-01	 3.2315e+02	 2.2011e+03	-7.9383e+01	 5.2352e+04	 9.8135e+03	-5.3346e+00
 6.5684e+04	 2.1529e+03	 3.9750e+00	 6.9112e-01	 3.2315e+02	 2.2038e+03	-8.0137e+01	 3.9642e+04	 6.8924e+03	-5.7515e+00
 9.8526e+04	 2.1529e+03	 3.8088e+00	 5.9144e-01	 3.2315e+02	 2.2064e+03	-8.1174e+01	 3.0882e+04	 4.7955e+03	-6.4399e+00
 1.4779e+05	 2.1529e+03	 3.6710e+00	 5.0157e-01	 3.2315e+02	 2.2091e+03	-8.2220e+01	 2.4277e+04	 3.3170e+03	-7.3191e+00
 2.2168e+05	 2.1529e+03	 3.5689e+00	 4.2908e-01	 3.2315e+02	 2.2118e+03	-8.3144e+01	 1.8919e+04	 2.2746e+03	-8.3175e+00
 3.3253e+05	 2.1529e+03	 3.4830e+00	 3.7336e-01	 3.2315e+02	 2.2144e+03	-8.3882e+01	 1.4495e+04	 1.5538e+03	-9.3290e+00
 4.9879e+05	 2.1529e+03	 3.4075e+00	 3.3124e-01	 3.2315e+02	 2.2169e+03	-8.4448e+01	 1.0892e+04	 1.0588e+03	-1.0287e+01
 7.4818e+05	 2.1529e+03	 3.3930e+00	 2.1035e-01	 3.2315e+02	 2.2247e+03	-8.6452e+01	 1.1435e+04	 7.0889e+02	-1.6130e+01
 9.0000e+05	 2.1529e+03	 3.3685e+00	 1.8976e-01	 3.2315e+02	 2.2325e+03	-8.6776e+01	 1.0537e+04	 5.9359e+02	-1.7752e+01
 1.0000e+02	 2.2298e+03	 6.0858e+00	 1.7905e-01	 3.2315e+02	 2.2390e+03	-8.8315e+01	 1.0051e+08	 2.9570e+06	-3.3990e+01
 1.5000e+02	 2.2298e+03	 6.0490e+00	 1.8264e-01	 3.2315e+02	 2.2415e+03	-8.8271e+01	 6.5689e+07	 1.9833e+06	-3.3121e+01
 2.2500e+02	 2.2298e+03	 6.0107e+00	 1.8915e-01	 3.2316e+02	 2.2441e+03	-8.8198e+01	 4.2284e+07	 1.3306e+06	-3.1777e+01
 3.3750e+02	 2.2298e+03	 5.9713e+00	 2.0475e-01	 3.2315e+02	 2.2467e+03	-8.8036e+01	 2.6042e+07	 8.9294e+05	-2.9164e+01
 5.0625e+02	 2.2298e+03	 5.9284e+00	 2.2856e-01	 3.2316e+02	 2.2494e+03	-8.7792e+01	 1.5552e+07	 5.9960e+05	-2.5938e+01
 7.5938e+02	 2.2298e+03	 5.8797e+00	 2.6250e-01	 3.2315e+02	 2.2519e+03	-8.7444e+01	 9.0279e+06	 4.0305e+05	-2.2399e+01
 1.1391e+03	 2.2298e+03	 5.8226e+00	 3.0778e-01	 3.2316e+02	 2.2546e+03	-8.6974e+01	 5.1331e+06	 2.7134e+05	-1.8918e+01
 1.7086e+03	 2.2298e+03	 5.7530e+00	 3.6641e-01	 3.2316e+02	 2.2571e+03	-8.6356e+01	 2.8745e+06	 1.8308e+05	-1.5701e+01
 2.5629e+03	 2.2298e+03	 5.6671e+00	 4.4016e-01	 3.2315e+02	 2.2598e+03	-8.5559e+01	 1.5953e+06	 1.2390e+05	-1.2875e+01
 3.8443e+03	 2.2298e+03	 5.5565e+00	 5.2941e-01	 3.2316e+02	 2.2623e+03	-8.4557e+01	 8.8421e+05	 8.4245e+04	-1.0496e+01
 5.7665e+03	 2.2298e+03	 5.4121e+00	 6.3078e-01	 3.2315e+02	 2.2648e+03	-8.3352e+01	 4.9474e+05	 5.7662e+04	-8.5800e+00
 8.6498e+03	 2.2298e+03	 5.2241e+00	 7.3402e-01	 3.2315e+02	 2.2674e+03	-8.2002e+01	 2.8344e+05	 3.9825e+04	-7.1171e+00
 1.2975e+04	 2.2298e+03	 4.9890e+00	 8.1957e-01	 3.2315e+02	 2.2699e+03	-8.0671e+01	 1.6923e+05	 2.7801e+04	-6.0873e+00
 1.9462e+04	 2.2298e+03	 4.7170e+00	 8.6345e-01	 3.2315e+02	 2.2727e+03	-7.9627e+01	 1.0709e+05	 1.9603e+04	-5.4630e+00
 2.9193e+04	 2.2298e+03	 4.4448e+00	 8.5067e-01	 3.2315e+02	 2.2752e+03	-7.9165e+01	 7.2465e+04	 1.3869e+04	-5.2251e+00
 4.3789e+04	 2.2298e+03	 4.1890e+00	 7.8579e-01	 3.2315e+02	 2.2781e+03	-7.9376e+01	 5.2299e+04	 9.8105e+03	-5.3309e+00
 6.5684e+04	 2.2298e+03	 3.9761e+00	 6.9163e-01	 3.2315e+02	 2.2805e+03	-8.0132e+01	 3.9613e+04	 6.8905e+03	-5.7489e+00
 9.8526e+04	 2.2298e+03	 3.8098e+00	 5.9209e-01	 3.2315e+02	 2.2829e+03	-8.1166e+01	 3.0848e+04	 4.7942e+03	-6.4344e+00
 1.4779e+05	 2.2298e+03	 3.6719e+00	 5.0203e-01	 3.2315e+02	 2.2856e+03	-8.2215e+01	 2.4255e+04	 3.3161e+03	-7.3142e+00
 2.2168e+05	 2.2298e+03	 3.5695e+00	 4.2969e-01	 3.2315e+02	 2.2882e+03	-8.3136e+01	 1.8892e+04	 2.2742e+03	-8.3072e+00
 3.3253e+05	 2.2298e+03	 3.4836e+00	 3.7376e-01	 3.2315e+02	 2.2909e+03	-8.3876e+01	 1.4480e+04	 1.5535e+03	-9.3206e+00
 4.9879e+05	 2.2298e+03	 3.4079e+00	 3.3153e-01	 3.2315e+02	 2.2935e+03	-8.4444e+01	 1.0882e+04	 1.0587e+03	-1.0279e+01
 7.4818e+05	 2.2298e+03	 3.3934e+00	 2.1307e-01	 3.2315e+02	 2.3014e+03	-8.6407e+01	 1.1289e+04	 7.0881e+02	-1.5926e+01
 9.0000e+05	 2.2298e+03	 3.3690e+00	 1.9102e-01	 3.2315e+02	 2.3094e+03	-8.6755e+01	 1.0468e+04	 5.9351e+02	-1.7637e+01
 1.0000e+02	 2.3067e+03	 6.0933e+00	 1.8136e-01	 3.2314e+02	 2.3164e+03	-8.8295e+01	 9.9229e+07	 2.9534e+06	-3.3598e+01
 1.5000e+02	 2.3067e+03	 6.0555e+00	 1.8301e-01	 3.2315e+02	 2.3189e+03	-8.8269e+01	 6.5555e+07	 1.9812e+06	-3.3089e+01
 2.2500e+02	 2.3067e+03	 6.0171e+00	 1.9077e-01	 3.2315e+02	 2.3214e+03	-8.8184e+01	 4.1925e+07	 1.3292e+06	-3.1541e+01
 3.3750e+02	 2.3067e+03	 5.9777e+00	 2.0609e-01	 3.2315e+02	 2.3240e+03	-8.8025e+01	 2.5873e+07	 8.9199e+05	-2.9006e+01
 5.0625e+02	 2.3067e+03	 5.9344e+00	 2.2989e-01	 3.2315e+02	 2.3265e+03	-8.7782e+01	 1.5462e+07	 5.9900e+05	-2.5814e+01
 7.5938e+02	 2.3067e+03	 5.8855e+00	 2.6394e-01	 3.2315e+02	 2.3292e+03	-8.7432e+01	 8.9785e+06	 4.0265e+05	-2.2298e+01
 1.1391e+03	 2.3067e+03	 5.8282e+00	 3.0968e-01	 3.2315e+02	 2.3316e+03	-8.6958e+01	 5.1016e+06	 2.7107e+05	-1.8820e+01
 1.7086e+03	 2.3067e+03	 5.7584e+00	 3.6856e-01	 3.2315e+02	 2.3343e+03	-8.6338e+01	 2.8577e+06	 1.8291e+05	-1.5624e+01
 2.5629e+03	 2.3067e+03	 5.6715e+00	 4.4256e-01	 3.2315e+02	 2.3369e+03	-8.5538e+01	 1.5866e+06	 1.2381e+05	-1.2815e+01
 3.8443e+03	 2.3067e+03	 5.5601e+00	 5.3183e-01	 3.2315e+02	 2.3397e+03	-8.4536e+01	 8.8018e+05	 8.4191e+04	-1.0455e+01
 5.7665e+03	 2.3067e+03	 5.4149e+00	 6.3301e-01	 3.2315e+02	 2.3421e+03	-8.3332e+01	 4.9300e+05	 5.7632e+04	-8.5542e+00
 8.6498e+03	 2.3067e+03	 5.2262e+00	 7.3595e-01	 3.2315e+02	 2.3447e+03	-8.1984e+01	 2.8269e+05	 3.9809e+04	-7.1012e+00
 1.2975e+04	 2.3067e+03	 4.9907e+00	 8.2119e-01	 3.2315e+02	 2.3473e+03	-8.0656e+01	 1.6890e+05	 2.7792e+04	-6.0774e+00
 1.9462e+04	 2.3067e+03	 4.7185e+00	 8.6445e-01	 3.2315e+02	 2.3499e+03	-7.9618e+01	 1.0697e+05	 1.9596e+04	-5.4584e+00
 2.9193e+04	 2.3067e+03	 4.4462e+00	 8.5159e-01	 3.2315e+02	 2.3526e+03	-7.9157e+01	 7.2387e+04	 1.3864e+04	-5.2211e+00
 4.3789e+04	 2.3067e+03	 4.1904e+00	 7.8634e-01	 3.2315e+02	 2.3551e+03	-7.9372e+01	 5.2262e+04	 9.8072e+03	-5.3289e+00
 6.5684e+04	 2.3067e+03	 3.9772e+00	 6.9253e-01	 3.2315e+02	 2.3579e+03	-8.0122e+01	 3.9561e+04	 6.8886e+03	-5.7430e+00
 9.8526e+04	 2.3067e+03	 3.8108e+00	 5.9275e-01	 3.2315e+02	 2.3604e+03	-8.1159e+01	 3.0814e+04	 4.7929e+03	-6.4290e+00
 1.4779e+05	 2.3067e+03	 3.6727e+00	 5.0271e-01	 3.2314e+02	 2.3632e+03	-8.2206e+01	 2.4222e+04	 3.3155e+03	-7.3058e+00
 2.2168e+05	 2.3067e+03	 3.5703e+00	 4.3014e-01	 3.2315e+02	 2.3658e+03	-8.3130e+01	 1.8872e+04	 2.2737e+03	-8.3002e+00
 3.3253e+05	 2.3067e+03	 3.4842e+00	 3.7419e-01	 3.2315e+02	 2.3684e+03	-8.3870e+01	 1.4463e+04	 1.5533e+03	-9.3112e+00
 4.9879e+05	 2.3067e+03	 3.4084e+00	 3.3195e-01	 3.2315e+02	 2.3710e+03	-8.4437e+01	 1.0869e+04	 1.0585e+03	-1.0268e+01
 7.4818e+05	 2.3067e+03	 3.3941e+00	 2.1246e-01	 3.2315e+02	 2.3786e+03	-8.6418e+01	 1.1321e+04	 7.0866e+02	-1.5975e+01
 9.0000e+05	 2.3067e+03	 3.3695e+00	 1.9232e-01	 3.2315e+02	 2.3866e+03	-8.6733e+01	 1.0397e+04	 5.9342e+02	-1.7520e+01
 1.0000e+02	 2.3839e+03	 6.0999e+00	 1.8358e-01	 3.2315e+02	 2.3933e+03	-8.8276e+01	 9.8025e+07	 2.9502e+06	-3.3227e+01
 1.5000e+02	 2.3839e+03	 6.0612e+00	 1.8371e-01	 3.2316e+02	 2.3957e+03	-8.8264e+01	 6.5304e+07	 1.9793e+06	-3.2993e+01
 2.2500e+02	 2.3839e+03	 6.0231e+00	 1.9180e-01	 3.2314e+02	 2.3986e+03	-8.8176e+01	 4.1701e+07	 1.3279e+06	-3.1403e+01
 3.3750e+02	 2.3839e+03	 5.9834e+00	 2.0703e-01	 3.2315e+02	 2.4012e+03	-8.8018e+01	 2.5754e+07	 8.9114e+05	-2.8901e+01
 5.0625e+02	 2.3839e+03	 5.9403e+00	 2.3107e-01	 3.2315e+02	 2.4039e+03	-8.7772e+01	 1.5383e+07	 5.9840e+05	-2.5708e+01
 7.5938e+02	 2.3839e+03	 5.8914e+00	 2.6500e-01	 3.2315e+02	 2.4064e+03	-8.7425e+01	 8.9427e+06	 4.0225e+05	-2.2232e+01
 1.1391e+03	 2.3839e+03	 5.8339e+00	 3.1097e-01	 3.2314e+02	 2.4091e+03	-8.6949e+01	 5.0804e+06	 2.7081e+05	-1.8760e+01
 1.7086e+03	 2.3839e+03	 5.7635e+00	 3.7031e-01	 3.2315e+02	 2.4117e+03	-8.6324e+01	 2.8442e+06	 1.8275e+05	-1.5564e+01
 2.5629e+03	 2.3839e+03	 5.6762e+00	 4.4481e-01	 3.2315e+02	 2.4142e+03	-8.5519e+01	 1.5786e+06	 1.2370e+05	-1.2761e+01
 3.8443e+03	 2.3839e+03	 5.5637e+00	 5.3424e-01	 3.2315e+02	 2.4167e+03	-8.4515e+01	 8.7622e+05	 8.4137e+04	-1.0414e+01
 5.7665e+03	 2.3839e+03	 5.4177e+00	 6.3541e-01	 3.2315e+02	 2.4191e+03	-8.3311e+01	 4.9114e+05	 5.7602e+04	-8.5263e+00
 8.6498e+03	 2.3839e+03	 5.2281e+00	 7.3792e-01	 3.2315e+02	 2.4217e+03	-8.1966e+01	 2.8194e+05	 3.9794e+04	-7.0850e+00
 1.2975e+04	 2.3839e+03	 4.9922e+00	 8.2276e-01	 3.2315e+02	 2.4241e+03	-8.0641e+01	 1.6858e+05	 2.7783e+04	-6.0676e+00
 1.9462e+04	 2.3839e+03	 4.7197e+00	 8.6537e-01	 3.2314e+02	 2.4267e+03	-7.9610e+01	 1.0685e+05	 1.9592e+04	-5.4539e+00
 2.9193e+04	 2.3839e+03	 4.4475e+00	 8.5225e-01	 3.2315e+02	 2.4294e+03	-7.9152e+01	 7.2331e+04	 1.3860e+04	-5.2186e+00
 4.3789e+04	 2.3839e+03	 4.1917e+00	 7.8713e-01	 3.2315e+02	 2.4319e+03	-7.9365e+01	 5.2210e+04	 9.8042e+03	-5.3253e+00
 6.5684e+04	 2.3839e+03	 3.9785e+00	 6.9318e-01	 3.2315e+02	 2.4346e+03	-8.0116e+01	 3.9524e+04	 6.8864e+03	-5.7395e+00
 9.8526e+04	 2.3839e+03	 3.8118e+00	 5.9336e-01	 3.2315e+02	 2.4371e+03	-8.1152e+01	 3.0782e+04	 4.7917e+03	-6.4240e+00
 1.4779e+05	 2.3839e+03	 3.6735e+00	 5.0335e-01	 3.2315e+02	 2.4399e+03	-8.2198e+01	 2.4191e+04	 3.3148e+03	-7.2980e+00
 2.2168e+05	 2.3839e+03	 3.5709e+00	 4.3060e-01	 3.2315e+02	 2.4424e+03	-8.3124e+01	 1.8852e+04	 2.2733e+03	-8.2928e+00
 3.3253e+05	 2.3839e+03	 3.4847e+00	 3.7453e-01	 3.2315e+02	 2.4452e+03	-8.3866e+01	 1.4450e+04	 1.5530e+03	-9.3043e+00
 4.9879e+05	 2.3839e+03	 3.4089e+00	 3.3230e-01	 3.2315e+02	 2.4478e+03	-8.4432e+01	 1.0857e+04	 1.0584e+03	-1.0259e+01
 7.4818e+05	 2.3839e+03	 3.3946e+00	 2.1327e-01	 3.2315e+02	 2.4554e+03	-8.6405e+01	 1.1278e+04	 7.0856e+02	-1.5917e+01
 9.0000e+05	 2.3839e+03	 3.3701e+00	 1.8986e-01	 3.2315e+02	 2.4635e+03	-8.6776e+01	 1.0532e+04	 5.9332e+02	-1.7751e+01
 1.0000e+02	 2.4608e+03	 6.1062e+00	 1.8553e-01	 3.2316e+02	 2.4702e+03	-8.8260e+01	 9.6996e+07	 2.9471e+06	-3.2912e+01
 1.5000e+02	 2.4608e+03	 6.0673e+00	 1.8785e-01	 3.2315e+02	 2.4729e+03	-8.8227e+01	 6.3866e+07	 1.9773e+06	-3.2299e+01
 2.2500e+02	 2.4608e+03	 6.0288e+00	 1.9309e-01	 3.2315e+02	 2.4754e+03	-8.8166e+01	 4.1421e+07	 1.3266e+06	-3.1223e+01
 3.3750e+02	 2.4608e+03	 5.9890e+00	 2.0780e-01	 3.2315e+02	 2.4781e+03	-8.8013e+01	 2.5659e+07	 8.9031e+05	-2.8820e+01
 5.0625e+02	 2.4608e+03	 5.9458e+00	 2.3139e-01	 3.2315e+02	 2.4806e+03	-8.7771e+01	 1.5362e+07	 5.9785e+05	-2.5696e+01
 7.5938e+02	 2.4608e+03	 5.8970e+00	 2.6554e-01	 3.2315e+02	 2.4833e+03	-8.7422e+01	 8.9246e+06	 4.0186e+05	-2.2208e+01
 1.1391e+03	 2.4608e+03	 5.8392e+00	 3.1208e-01	 3.2315e+02	 2.4858e+03	-8.6941e+01	 5.0624e+06	 2.7057e+05	-1.8710e+01
 1.7086e+03	 2.4608e+03	 5.7689e+00	 3.7192e-01	 3.2315e+02	 2.4887e+03	-8.6311e+01	 2.8319e+06	 1.8257e+05	-1.5511e+01
 2.5629e+03	 2.4608e+03	 5.6809e+00	 4.4665e-01	 3.2315e+02	 2.4912e+03	-8.5504e+01	 1.5721e+06	 1.2360e+05	-1.2719e+01
 3.8443e+03	 2.4608e+03	 5.5679e+00	 5.3624e-01	 3.2315e+02	 2.4937e+03	-8.4499e+01	 8.7295e+05	 8.4073e+04	-1.0383e+01
 5.7665e+03	 2.4608e+03	 5.4212e+00	 6.3746e-01	 3.2315e+02	 2.4963e+03	-8.3294e+01	 4.8956e+05	 5.7565e+04	-8.5043e+00
 8.6498e+03	 2.4608e+03	 5.2309e+00	 7.3973e-01	 3.2315e+02	 2.4989e+03	-8.1951e+01	 2.8125e+05	 3.9773e+04	-7.0714e+00
 1.2975e+04	 2.4608e+03	 4.9945e+00	 8.2419e-01	 3.2315e+02	 2.5013e+03	-8.0629e+01	 1.6829e+05	 2.7771e+04	-6.0598e+00
 1.9462e+04	 2.4608e+03	 4.7216e+00	 8.6650e-01	 3.2316e+02	 2.5041e+03	-7.9601e+01	 1.0671e+05	 1.9584e+04	-5.4491e+00
 2.9193e+04	 2.4608e+03	 4.4493e+00	 8.5321e-01	 3.2315e+02	 2.5066e+03	-7.9145e+01	 7.2249e+04	 1.3855e+04	-5.2148e+00
 4.3789e+04	 2.4608e+03	 4.1932e+00	 7.8778e-01	 3.2315e+02	 2.5093e+03	-7.9360e+01	 5.2167e+04	 9.8006e+03	-5.3228e+00
 6.5684e+04	 2.4608e+03	 3.9799e+00	 6.9392e-01	 3.2315e+02	 2.5118e+03	-8.0109e+01	 3.9482e+04	 6.8840e+03	-5.7353e+00
 9.8526e+04	 2.4608e+03	 3.8129e+00	 5.9411e-01	 3.2315e+02	 2.5144e+03	-8.1144e+01	 3.0743e+04	 4.7902e+03	-6.4179e+00
 1.4779e+05	 2.4608e+03	 3.6745e+00	 5.0388e-01	 3.2315e+02	 2.5169e+03	-8.2192e+01	 2.4166e+04	 3.3138e+03	-7.2924e+00
 2.2168e+05	 2.4608e+03	 3.5717e+00	 4.3130e-01	 3.2316e+02	 2.5197e+03	-8.3115e+01	 1.8822e+04	 2.2728e+03	-8.2813e+00
 3.3253e+05	 2.4608e+03	 3.4855e+00	 3.7512e-01	 3.2315e+02	 2.5221e+03	-8.3857e+01	 1.4427e+04	 1.5527e+03	-9.2916e+00
 4.9879e+05	 2.4608e+03	 3.4095e+00	 3.3274e-01	 3.2316e+02	 2.5247e+03	-8.4426e+01	 1.0843e+04	 1.0582e+03	-1.0247e+01
 7.4818e+05	 2.4608e+03	 3.3951e+00	 2.1345e-01	 3.2315e+02	 2.5327e+03	-8.6403e+01	 1.1269e+04	 7.0845e+02	-1.5906e+01
 9.0000e+05	 2.4608e+03	 3.3706e+00	 1.9203e-01	 3.2316e+02	 2.5406e+03	-8.6739e+01	 1.0412e+04	 5.9322e+02	-1.7552e+01
 1.0000e+02	 2.5379e+03	 6.1119e+00	 1.8727e-01	 3.2315e+02	 2.5474e+03	-8.8245e+01	 9.6096e+07	 2.9443e+06	-3.2637e+01
 1.5000e+02	 2.5379e+03	 6.0732e+00	 1.8798e-01	 3.2316e+02	 2.5499e+03	-8.8227e+01	 6.3822e+07	 1.9754e+06	-3.2308e+01
 2.2500e+02	 2.5379e+03	 6.0341e+00	 1.9412e-01	 3.2316e+02	 2.5524e+03	-8.8157e+01	 4.1201e+07	 1.3255e+06	-3.1084e+01
 3.3750e+02	 2.5379e+03	 5.9944e+00	 2.0859e-01	 3.2315e+02	 2.5551e+03	-8.8007e+01	 2.5562e+07	 8.8951e+05	-2.8738e+01
 5.0625e+02	 2.5379e+03	 5.9511e+00	 2.3190e-01	 3.2315e+02	 2.5575e+03	-8.7768e+01	 1.5328e+07	 5.9732e+05	-2.5662e+01
 7.5938e+02	 2.5379e+03	 5.9023e+00	 2.6614e-01	 3.2315e+02	 2.5602e+03	-8.7418e+01	 8.9043e+06	 4.0151e+05	-2.2177e+01
 1.1391e+03	 2.5379e+03	 5.8447e+00	 3.1274e-01	 3.2315e+02	 2.5626e+03	-8.6937e+01	 5.0517e+06	 2.7031e+05	-1.8689e+01
 1.7086e+03	 2.5379e+03	 5.7742e+00	 3.7296e-01	 3.2315e+02	 2.5652e+03	-8.6304e+01	 2.8240e+06	 1.8241e+05	-1.5482e+01
 2.5629e+03	 2.5379e+03	 5.6858e+00	 4.4812e-01	 3.2315e+02	 2.5679e+03	-8.5494e+01	 1.5669e+06	 1.2349e+05	-1.2688e+01
 3.8443e+03	 2.5379e+03	 5.5723e+00	 5.3825e-01	 3.2315e+02	 2.5703e+03	-8.4483e+01	 8.6968e+05	 8.4007e+04	-1.0353e+01
 5.7665e+03	 2.5379e+03	 5.4245e+00	 6.3946e-01	 3.2315e+02	 2.5731e+03	-8.3277e+01	 4.8802e+05	 5.7531e+04	-8.4828e+00
 8.6498e+03	 2.5379e+03	 5.2337e+00	 7.4161e-01	 3.2315e+02	 2.5758e+03	-8.1935e+01	 2.8054e+05	 3.9752e+04	-7.0572e+00
 1.2975e+04	 2.5379e+03	 4.9965e+00	 8.2562e-01	 3.2315e+02	 2.5782e+03	-8.0617e+01	 1.6799e+05	 2.7759e+04	-6.0519e+00
 1.9462e+04	 2.5379e+03	 4.7234e+00	 8.6778e-01	 3.2314e+02	 2.5808e+03	-7.9590e+01	 1.0655e+05	 1.9576e+04	-5.4431e+00
 2.9193e+04	 2.5379e+03	 4.4510e+00	 8.5419e-01	 3.2315e+02	 2.5832e+03	-7.9136e+01	 7.2167e+04	 1.3850e+04	-5.2108e+00
 4.3789e+04	 2.5379e+03	 4.1948e+00	 7.8876e-01	 3.2316e+02	 2.5858e+03	-7.9351e+01	 5.2102e+04	 9.7968e+03	-5.3182e+00
 6.5684e+04	 2.5379e+03	 3.9813e+00	 6.9478e-01	 3.2316e+02	 2.5883e+03	-8.0101e+01	 3.9433e+04	 6.8814e+03	-5.7304e+00
 9.8526e+04	 2.5379e+03	 3.8141e+00	 5.9484e-01	 3.2315e+02	 2.5912e+03	-8.1136e+01	 3.0705e+04	 4.7887e+03	-6.4120e+00
 1.4779e+05	 2.5379e+03	 3.6754e+00	 5.0462e-01	 3.2316e+02	 2.5938e+03	-8.2182e+01	 2.4130e+04	 3.3130e+03	-7.2835e+00
 2.2168e+05	 2.5379e+03	 3.5726e+00	 4.3191e-01	 3.2315e+02	 2.5964e+03	-8.3107e+01	 1.8795e+04	 2.2722e+03	-8.2715e+00
 3.3253e+05	 2.5379e+03	 3.4861e+00	 3.7561e-01	 3.2315e+02	 2.5989e+03	-8.3850e+01	 1.4408e+04	 1.5524e+03	-9.2812e+00
 4.9879e+05	 2.5379e+03	 3.4099e+00	 3.3317e-01	 3.2315e+02	 2.6018e+03	-8.4420e+01	 1.0829e+04	 1.0580e+03	-1.0235e+01
 7.4818e+05	 2.5379e+03	 3.3955e+00	 2.1413e-01	 3.2316e+02	 2.6094e+03	-8.6391e+01	 1.1232e+04	 7.0837e+02	-1.5857e+01
 9.0000e+05	 2.5379e+03	 3.3711e+00	 1.9109e-01	 3.2316e+02	 2.6176e+03	-8.6756e+01	 1.0464e+04	 5.9313e+02	-1.7641e+01
 1.0000e+02	 2.6149e+03	 6.1172e+00	 1.8898e-01	 3.2315e+02	 2.6241e+03	-8.8231e+01	 9.5225e+07	 2.9418e+06	-3.2370e+01
 1.5000e+02	 2.6149e+03	 6.0778e+00	 1.8719e-01	 3.2315e+02	 2.6267e+03	-8.8236e+01	 6.4091e+07	 1.9739e+06	-3.2469e+01
 2.2500e+02	 2.6149e+03	 6.0391e+00	 1.9498e-01	 3.2315e+02	 2.6292e+03	-8.8151e+01	 4.1020e+07	 1.3244e+06	-3.0973e+01
 3.3750e+02	 2.6149e+03	 5.9991e+00	 2.0900e-01	 3.2314e+02	 2.6318e+03	-8.8005e+01	 2.5512e+07	 8.8882e+05	-2.8703e+01
 5.0625e+02	 2.6149e+03	 5.9560e+00	 2.3240e-01	 3.2314e+02	 2.6344e+03	-8.7765e+01	 1.5296e+07	 5.9683e+05	-2.5628e+01
 7.5938e+02	 2.6149e+03	 5.9075e+00	 2.6633e-01	 3.2315e+02	 2.6370e+03	-8.7419e+01	 8.8981e+06	 4.0115e+05	-2.2181e+01
 1.1391e+03	 2.6149e+03	 5.8501e+00	 3.1299e-01	 3.2314e+02	 2.6397e+03	-8.6938e+01	 5.0477e+06	 2.7006e+05	-1.8691e+01
 1.7086e+03	 2.6149e+03	 5.7792e+00	 3.7375e-01	 3.2314e+02	 2.6423e+03	-8.6300e+01	 2.8181e+06	 1.8225e+05	-1.5463e+01
 2.5629e+03	 2.6149e+03	 5.6906e+00	 4.4965e-01	 3.2315e+02	 2.6451e+03	-8.5482e+01	 1.5616e+06	 1.2339e+05	-1.2656e+01
 3.8443e+03	 2.6149e+03	 5.5764e+00	 5.4005e-01	 3.2314e+02	 2.6478e+03	-8.4468e+01	 8.6680e+05	 8.3945e+04	-1.0326e+01
 5.7665e+03	 2.6149e+03	 5.4280e+00	 6.4162e-01	 3.2315e+02	 2.6504e+03	-8.3259e+01	 4.8638e+05	 5.7493e+04	-8.4598e+00
 8.6498e+03	 2.6149e+03	 5.2363e+00	 7.4366e-01	 3.2315e+02	 2.6530e+03	-8.1917e+01	 2.7976e+05	 3.9732e+04	-7.0413e+00
 1.2975e+04	 2.6149e+03	 4.9985e+00	 8.2732e-01	 3.2315e+02	 2.6557e+03	-8.0602e+01	 1.6765e+05	 2.7748e+04	-6.0418e+00
 1.9462e+04	 2.6149e+03	 4.7250e+00	 8.6910e-01	 3.2315e+02	 2.6582e+03	-7.9578e+01	 1.0639e+05	 1.9569e+04	-5.4367e+00
 2.9193e+04	 2.6149e+03	 4.4523e+00	 8.5505e-01	 3.2315e+02	 2.6607e+03	-7.9129e+01	 7.2094e+04	 1.3845e+04	-5.2071e+00
 4.3789e+04	 2.6149e+03	 4.1961e+00	 7.8951e-01	 3.2315e+02	 2.6634e+03	-7.9344e+01	 5.2053e+04	 9.7938e+03	-5.3148e+00
 6.5684e+04	 2.6149e+03	 3.9824e+00	 6.9551e-01	 3.2315e+02	 2.6658e+03	-8.0093e+01	 3.9391e+04	 6.8796e+03	-5.7259e+00
 9.8526e+04	 2.6149e+03	 3.8152e+00	 5.9556e-01	 3.2315e+02	 2.6682e+03	-8.1128e+01	 3.0668e+04	 4.7874e+03	-6.4060e+00
 1.4779e+05	 2.6149e+03	 3.6763e+00	 5.0525e-01	 3.2315e+02	 2.6709e+03	-8.2175e+01	 2.4100e+04	 3.3121e+03	-7.2763e+00
 2.2168e+05	 2.6149e+03	 3.5732e+00	 4.3241e-01	 3.2315e+02	 2.6734e+03	-8.3100e+01	 1.8773e+04	 2.2718e+03	-8.2635e+00
 3.3253e+05	 2.6149e+03	 3.4868e+00	 3.7606e-01	 3.2315e+02	 2.6761e+03	-8.3844e+01	 1.4391e+04	 1.5521e+03	-9.2718e+00
 4.9879e+05	 2.6149e+03	 3.4104e+00	 3.3351e-01	 3.2315e+02	 2.6786e+03	-8.4415e+01	 1.0818e+04	 1.0579e+03	-1.0226e+01
 7.4818e+05	 2.6149e+03	 3.3960e+00	 2.1466e-01	 3.2315e+02	 2.6867e+03	-8.6383e+01	 1.1205e+04	 7.0826e+02	-1.5821e+01
 9.0000e+05	 2.6149e+03	 3.3717e+00	 1.9017e-01	 3.2316e+02	 2.6945e+03	-8.6772e+01	 1.0514e+04	 5.9304e+02	-1.7729e+01
 1.0000e+02	 2.6918e+03	 6.1227e+00	 1.9052e-01	 3.2315e+02	 2.7012e+03	-8.8218e+01	 9.4454e+07	 2.9392e+06	-3.2136e+01
 1.5000e+02	 2.6918e+03	 6.0826e+00	 1.8975e-01	 3.2314e+02	 2.7038e+03	-8.8213e+01	 6.3228e+07	 1.9724e+06	-3.2057e+01
 2.2500e+02	 2.6918e+03	 6.0438e+00	 1.9576e-01	 3.2315e+02	 2.7063e+03	-8.8145e+01	 4.0857e+07	 1.3234e+06	-3.0873e+01
 3.3750e+02	 2.6918e+03	 6.0036e+00	 2.0946e-01	 3.2315e+02	 2.7092e+03	-8.8002e+01	 2.5456e+07	 8.8815e+05	-2.8662e+01
 5.0625e+02	 2.6918e+03	 5.9607e+00	 2.3244e-01	 3.2315e+02	 2.7117e+03	-8.7767e+01	 1.5293e+07	 5.9636e+05	-2.5644e+01
 7.5938e+02	 2.6918e+03	 5.9121e+00	 2.6657e-01	 3.2315e+02	 2.7144e+03	-8.7418e+01	 8.8901e+06	 4.0084e+05	-2.2179e+01
 1.1391e+03	 2.6918e+03	 5.8550e+00	 3.1336e-01	 3.2315e+02	 2.7169e+03	-8.6936e+01	 5.0416e+06	 2.6983e+05	-1.8684e+01
 1.7086e+03	 2.6918e+03	 5.7846e+00	 3.7432e-01	 3.2315e+02	 2.7194e+03	-8.6298e+01	 2.8138e+06	 1.8208e+05	-1.5454e+01
 2.5629e+03	 2.6918e+03	 5.6957e+00	 4.5074e-01	 3.2315e+02	 2.7221e+03	-8.5475e+01	 1.5578e+06	 1.2328e+05	-1.2636e+01
 3.8443e+03	 2.6918e+03	 5.5809e+00	 5.4183e-01	 3.2315e+02	 2.7246e+03	-8.4455e+01	 8.6395e+05	 8.3877e+04	-1.0300e+01
 5.7665e+03	 2.6918e+03	 5.4317e+00	 6.4345e-01	 3.2314e+02	 2.7274e+03	-8.3244e+01	 4.8500e+05	 5.7454e+04	-8.4414e+00
 8.6498e+03	 2.6918e+03	 5.2393e+00	 7.4549e-01	 3.2315e+02	 2.7299e+03	-8.1902e+01	 2.7908e+05	 3.9709e+04	-7.0280e+00
 1.2975e+04	 2.6918e+03	 5.0009e+00	 8.2879e-01	 3.2315e+02	 2.7326e+03	-8.0590e+01	 1.6735e+05	 2.7735e+04	-6.0339e+00
 1.9462e+04	 2.6918e+03	 4.7269e+00	 8.7023e-01	 3.2315e+02	 2.7352e+03	-7.9569e+01	 1.0625e+05	 1.9562e+04	-5.4318e+00
 2.9193e+04	 2.6918e+03	 4.4542e+00	 8.5612e-01	 3.2315e+02	 2.7376e+03	-7.9120e+01	 7.2004e+04	 1.3839e+04	-5.2028e+00
 4.3789e+04	 2.6918e+03	 4.1978e+00	 7.9045e-01	 3.2315e+02	 2.7402e+03	-7.9336e+01	 5.1991e+04	 9.7899e+03	-5.3106e+00
 6.5684e+04	 2.6918e+03	 3.9840e+00	 6.9637e-01	 3.2315e+02	 2.7427e+03	-8.0085e+01	 3.9343e+04	 6.8769e+03	-5.7211e+00
 9.8526e+04	 2.6918e+03	 3.8163e+00	 5.9635e-01	 3.2315e+02	 2.7454e+03	-8.1118e+01	 3.0628e+04	 4.7860e+03	-6.3994e+00
 1.4779e+05	 2.6918e+03	 3.6772e+00	 5.0586e-01	 3.2315e+02	 2.7480e+03	-8.2167e+01	 2.4071e+04	 3.3113e+03	-7.2693e+00
 2.2168e+05	 2.6918e+03	 3.5741e+00	 4.3301e-01	 3.2316e+02	 2.7507e+03	-8.3092e+01	 1.8747e+04	 2.2713e+03	-8.2540e+00
 3.3253e+05	 2.6918e+03	 3.4874e+00	 3.7660e-01	 3.2315e+02	 2.7531e+03	-8.3836e+01	 1.4370e+04	 1.5518e+03	-9.2601e+00
 4.9879e+05	 2.6918e+03	 3.4110e+00	 3.3395e-01	 3.2315e+02	 2.7557e+03	-8.4408e+01	 1.0804e+04	 1.0577e+03	-1.0214e+01
 7.4818e+05	 2.6918e+03	 3.3967e+00	 2.1393e-01	 3.2315e+02	 2.7636e+03	-8.6396e+01	 1.1243e+04	 7.0812e+02	-1.5878e+01
 9.0000e+05	 2.6918e+03	 3.3720e+00	 1.9212e-01	 3.2315e+02	 2.7712e+03	-8.6739e+01	 1.0408e+04	 5.9297e+02	-1.7552e+01
 1.0000e+02	 2.7685e+03	 6.1276e+00	 1.9191e-01	 3.2315e+02	 2.7779e+03	-8.8206e+01	 9.3772e+07	 2.9368e+06	-3.1930e+01
 1.5000e+02	 2.7685e+03	 6.0861e+00	 1.9025e-01	 3.2315e+02	 2.7806e+03	-8.8210e+01	 6.3059e+07	 1.9712e+06	-3.1990e+01
 2.2500e+02	 2.7685e+03	 6.0480e+00	 1.9638e-01	 3.2315e+02	 2.7830e+03	-8.8140e+01	 4.0728e+07	 1.3224e+06	-3.0798e+01
 3.3750e+02	 2.7685e+03	 6.0079e+00	 2.0992e-01	 3.2315e+02	 2.7859e+03	-8.7999e+01	 2.5400e+07	 8.8751e+05	-2.8619e+01
 5.0625e+02	 2.7685e+03	 5.9649e+00	 2.3258e-01	 3.2315e+02	 2.7884e+03	-8.7767e+01	 1.5284e+07	 5.9593e+05	-2.5647e+01
 7.5938e+02	 2.7685e+03	 5.9168e+00	 2.6639e-01	 3.2315e+02	 2.7912e+03	-8.7422e+01	 8.8959e+06	 4.0052e+05	-2.2211e+01
 1.1391e+03	 2.7685e+03	 5.8597e+00	 3.1348e-01	 3.2315e+02	 2.7936e+03	-8.6938e+01	 5.0398e+06	 2.6962e+05	-1.8692e+01
 1.7086e+03	 2.7685e+03	 5.7897e+00	 3.7480e-01	 3.2315e+02	 2.7962e+03	-8.6296e+01	 2.8101e+06	 1.8192e+05	-1.5447e+01
 2.5629e+03	 2.7685e+03	 5.7005e+00	 4.5169e-01	 3.2314e+02	 2.7988e+03	-8.5469e+01	 1.5545e+06	 1.2318e+05	-1.2620e+01
 3.8443e+03	 2.7685e+03	 5.5856e+00	 5.4332e-01	 3.2314e+02	 2.8012e+03	-8.4444e+01	 8.6156e+05	 8.3807e+04	-1.0280e+01
 5.7665e+03	 2.7685e+03	 5.4355e+00	 6.4520e-01	 3.2315e+02	 2.8039e+03	-8.3231e+01	 4.8369e+05	 5.7414e+04	-8.4246e+00
 8.6498e+03	 2.7685e+03	 5.2425e+00	 7.4718e-01	 3.2316e+02	 2.8065e+03	-8.1889e+01	 2.7844e+05	 3.9685e+04	-7.0164e+00
 1.2975e+04	 2.7685e+03	 5.0035e+00	 8.3043e-01	 3.2314e+02	 2.8089e+03	-8.0577e+01	 1.6702e+05	 2.7720e+04	-6.0252e+00
 1.9462e+04	 2.7685e+03	 4.7293e+00	 8.7148e-01	 3.2315e+02	 2.8116e+03	-7.9559e+01	 1.0610e+05	 1.9552e+04	-5.4268e+00
 2.9193e+04	 2.7685e+03	 4.4560e+00	 8.5715e-01	 3.2315e+02	 2.8141e+03	-7.9112e+01	 7.1918e+04	 1.3834e+04	-5.1986e+00
 4.3789e+04	 2.7685e+03	 4.1995e+00	 7.9150e-01	 3.2315e+02	 2.8166e+03	-7.9326e+01	 5.1921e+04	 9.7860e+03	-5.3057e+00
 6.5684e+04	 2.7685e+03	 3.9854e+00	 6.9734e-01	 3.2315e+02	 2.8191e+03	-8.0075e+01	 3.9289e+04	 6.8745e+03	-5.7151e+00
 9.8526e+04	 2.7685e+03	 3.8175e+00	 5.9719e-01	 3.2315e+02	 2.8215e+03	-8.1109e+01	 3.0585e+04	 4.7845e+03	-6.3925e+00
 1.4779e+05	 2.7685e+03	 3.6785e+00	 5.0670e-01	 3.2315e+02	 2.8241e+03	-8.2157e+01	 2.4031e+04	 3.3102e+03	-7.2598e+00
 2.2168e+05	 2.7685e+03	 3.5748e+00	 4.3369e-01	 3.2315e+02	 2.8267e+03	-8.3083e+01	 1.8718e+04	 2.2708e+03	-8.2428e+00
 3.3253e+05	 2.7685e+03	 3.4882e+00	 3.7710e-01	 3.2315e+02	 2.8291e+03	-8.3830e+01	 1.4351e+04	 1.5515e+03	-9.2501e+00
 4.9879e+05	 2.7685e+03	 3.4117e+00	 3.3440e-01	 3.2315e+02	 2.8319e+03	-8.4402e+01	 1.0789e+04	 1.0575e+03	-1.0202e+01
 7.4818e+05	 2.7685e+03	 3.3971e+00	 2.1611e-01	 3.2315e+02	 2.8394e+03	-8.6360e+01	 1.1130e+04	 7.0804e+02	-1.5719e+01
 9.0000e+05	 2.7685e+03	 3.3724e+00	 1.9317e-01	 3.2315e+02	 2.8476e+03	-8.6722e+01	 1.0351e+04	 5.9290e+02	-1.7459e+01
 1.0000e+02	 2.8449e+03	 6.1318e+00	 1.9298e-01	 3.2315e+02	 2.8541e+03	-8.8197e+01	 9.3251e+07	 2.9348e+06	-3.1774e+01
 1.5000e+02	 2.8449e+03	 6.0915e+00	 1.9195e-01	 3.2316e+02	 2.8566e+03	-8.8195e+01	 6.2500e+07	 1.9695e+06	-3.1734e+01
 2.2500e+02	 2.8449e+03	 6.0519e+00	 1.9703e-01	 3.2315e+02	 2.8593e+03	-8.8135e+01	 4.0594e+07	 1.3216e+06	-3.0716e+01
 3.3750e+02	 2.8449e+03	 6.0117e+00	 2.1010e-01	 3.2315e+02	 2.8619e+03	-8.7998e+01	 2.5379e+07	 8.8694e+05	-2.8614e+01
 5.0625e+02	 2.8449e+03	 5.9691e+00	 2.3255e-01	 3.2316e+02	 2.8646e+03	-8.7769e+01	 1.5286e+07	 5.9552e+05	-2.5668e+01
 7.5938e+02	 2.8449e+03	 5.9211e+00	 2.6630e-01	 3.2315e+02	 2.8671e+03	-8.7425e+01	 8.8989e+06	 4.0023e+05	-2.2234e+01
 1.1391e+03	 2.8449e+03	 5.8644e+00	 3.1310e-01	 3.2316e+02	 2.8698e+03	-8.6944e+01	 5.0458e+06	 2.6940e+05	-1.8730e+01
 1.7086e+03	 2.8449e+03	 5.7944e+00	 3.7488e-01	 3.2316e+02	 2.8724e+03	-8.6298e+01	 2.8096e+06	 1.8177e+05	-1.5457e+01
 2.5629e+03	 2.8449e+03	 5.7055e+00	 4.5223e-01	 3.2315e+02	 2.8752e+03	-8.5468e+01	 1.5527e+06	 1.2307e+05	-1.2616e+01
 3.8443e+03	 2.8449e+03	 5.5901e+00	 5.4427e-01	 3.2316e+02	 2.8776e+03	-8.4439e+01	 8.6007e+05	 8.3740e+04	-1.0271e+01
 5.7665e+03	 2.8449e+03	 5.4396e+00	 6.4662e-01	 3.2316e+02	 2.8801e+03	-8.3221e+01	 4.8262e+05	 5.7370e+04	-8.4124e+00
 8.6498e+03	 2.8449e+03	 5.2459e+00	 7.4881e-01	 3.2315e+02	 2.8828e+03	-8.1876e+01	 2.7784e+05	 3.9659e+04	-7.0057e+00
 1.2975e+04	 2.8449e+03	 5.0064e+00	 8.3200e-01	 3.2316e+02	 2.8852e+03	-8.0565e+01	 1.6671e+05	 2.7704e+04	-6.0174e+00
 1.9462e+04	 2.8449e+03	 4.7317e+00	 8.7274e-01	 3.2315e+02	 2.8879e+03	-7.9550e+01	 1.0595e+05	 1.9542e+04	-5.4217e+00
 2.9193e+04	 2.8449e+03	 4.4585e+00	 8.5833e-01	 3.2315e+02	 2.8905e+03	-7.9103e+01	 7.1819e+04	 1.3826e+04	-5.1944e+00
 4.3789e+04	 2.8449e+03	 4.2015e+00	 7.9249e-01	 3.2316e+02	 2.8933e+03	-7.9318e+01	 5.1857e+04	 9.7813e+03	-5.3016e+00
 6.5684e+04	 2.8449e+03	 3.9871e+00	 6.9837e-01	 3.2316e+02	 2.8958e+03	-8.0065e+01	 3.9230e+04	 6.8714e+03	-5.7092e+00
 9.8526e+04	 2.8449e+03	 3.8190e+00	 5.9820e-01	 3.2315e+02	 2.8982e+03	-8.1097e+01	 3.0533e+04	 4.7827e+03	-6.3840e+00
 1.4779e+05	 2.8449e+03	 3.6796e+00	 5.0753e-01	 3.2316e+02	 2.9009e+03	-8.2147e+01	 2.3992e+04	 3.3092e+03	-7.2501e+00
 2.2168e+05	 2.8449e+03	 3.5759e+00	 4.3442e-01	 3.2316e+02	 2.9034e+03	-8.3073e+01	 1.8686e+04	 2.2701e+03	-8.2314e+00
 3.3253e+05	 2.8449e+03	 3.4889e+00	 3.7771e-01	 3.2316e+02	 2.9061e+03	-8.3821e+01	 1.4328e+04	 1.5511e+03	-9.2371e+00
 4.9879e+05	 2.8449e+03	 3.4124e+00	 3.3491e-01	 3.2316e+02	 2.9087e+03	-8.4395e+01	 1.0773e+04	 1.0573e+03	-1.0189e+01
 7.4818e+05	 2.8449e+03	 3.3977e+00	 2.1664e-01	 3.2316e+02	 2.9163e+03	-8.6352e+01	 1.1102e+04	 7.0790e+02	-1.5684e+01
 9.0000e+05	 2.8449e+03	 3.3729e+00	 1.9515e-01	 3.2316e+02	 2.9243e+03	-8.6689e+01	 1.0246e+04	 5.9283e+02	-1.7283e+01
 1.0000e+02	 2.9216e+03	 6.1362e+00	 1.9444e-01	 3.2316e+02	 2.9310e+03	-8.8185e+01	 9.2553e+07	 2.9327e+06	-3.1559e+01
 1.5000e+02	 2.9216e+03	 6.0948e+00	 1.9093e-01	 3.2316e+02	 2.9338e+03	-8.8206e+01	 6.2836e+07	 1.9684e+06	-3.1922e+01
 2.2500e+02	 2.9216e+03	 6.0558e+00	 1.9744e-01	 3.2315e+02	 2.9363e+03	-8.8133e+01	 4.0508e+07	 1.3207e+06	-3.0671e+01
 3.3750e+02	 2.9216e+03	 6.0156e+00	 2.1034e-01	 3.2315e+02	 2.9391e+03	-8.7997e+01	 2.5350e+07	 8.8637e+05	-2.8600e+01
 5.0625e+02	 2.9216e+03	 5.9730e+00	 2.3256e-01	 3.2315e+02	 2.9416e+03	-8.7770e+01	 1.5285e+07	 5.9513e+05	-2.5684e+01
 7.5938e+02	 2.9216e+03	 5.9251e+00	 2.6594e-01	 3.2315e+02	 2.9441e+03	-8.7430e+01	 8.9111e+06	 3.9996e+05	-2.2280e+01
 1.1391e+03	 2.9216e+03	 5.8687e+00	 3.1260e-01	 3.2315e+02	 2.9467e+03	-8.6951e+01	 5.0539e+06	 2.6920e+05	-1.8774e+01
 1.7086e+03	 2.9216e+03	 5.7990e+00	 3.7495e-01	 3.2315e+02	 2.9492e+03	-8.6301e+01	 2.8090e+06	 1.8163e+05	-1.5466e+01
 2.5629e+03	 2.9216e+03	 5.7102e+00	 4.5283e-01	 3.2315e+02	 2.9519e+03	-8.5466e+01	 1.5506e+06	 1.2297e+05	-1.2610e+01
 3.8443e+03	 2.9216e+03	 5.5945e+00	 5.4527e-01	 3.2315e+02	 2.9543e+03	-8.4433e+01	 8.5849e+05	 8.3674e+04	-1.0260e+01
 5.7665e+03	 2.9216e+03	 5.4434e+00	 6.4825e-01	 3.2315e+02	 2.9568e+03	-8.3209e+01	 4.8141e+05	 5.7330e+04	-8.3972e+00
 8.6498e+03	 2.9216e+03	 5.2489e+00	 7.5058e-01	 3.2315e+02	 2.9594e+03	-8.1862e+01	 2.7718e+05	 3.9636e+04	-6.9931e+00
 1.2975e+04	 2.9216e+03	 5.0087e+00	 8.3369e-01	 3.2315e+02	 2.9618e+03	-8.0550e+01	 1.6637e+05	 2.7691e+04	-6.0079e+00
 1.9462e+04	 2.9216e+03	 4.7335e+00	 8.7409e-01	 3.2315e+02	 2.9646e+03	-7.9538e+01	 1.0579e+05	 1.9534e+04	-5.4154e+00
 2.9193e+04	 2.9216e+03	 4.4599e+00	 8.5932e-01	 3.2314e+02	 2.9670e+03	-7.9094e+01	 7.1736e+04	 1.3822e+04	-5.1900e+00
 4.3789e+04	 2.9216e+03	 4.2030e+00	 7.9347e-01	 3.2315e+02	 2.9694e+03	-7.9309e+01	 5.1793e+04	 9.7779e+03	-5.2969e+00
 6.5684e+04	 2.9216e+03	 3.9883e+00	 6.9913e-01	 3.2315e+02	 2.9721e+03	-8.0057e+01	 3.9188e+04	 6.8695e+03	-5.7046e+00
 9.8526e+04	 2.9216e+03	 3.8201e+00	 5.9886e-01	 3.2315e+02	 2.9745e+03	-8.1091e+01	 3.0499e+04	 4.7812e+03	-6.3790e+00
 1.4779e+05	 2.9216e+03	 3.6804e+00	 5.0817e-01	 3.2315e+02	 2.9773e+03	-8.2139e+01	 2.3961e+04	 3.3085e+03	-7.2424e+00
 2.2168e+05	 2.9216e+03	 3.5766e+00	 4.3477e-01	 3.2314e+02	 2.9799e+03	-8.3069e+01	 1.8671e+04	 2.2697e+03	-8.2265e+00
 3.3253e+05	 2.9216e+03	 3.4895e+00	 3.7819e-01	 3.2315e+02	 2.9827e+03	-8.3814e+01	 1.4310e+04	 1.5509e+03	-9.2268e+00
 4.9879e+05	 2.9216e+03	 3.4128e+00	 3.3531e-01	 3.2314e+02	 2.9854e+03	-8.4389e+01	 1.0760e+04	 1.0572e+03	-1.0178e+01
 7.4818e+05	 2.9216e+03	 3.3983e+00	 2.1515e-01	 3.2315e+02	 2.9934e+03	-8.6377e+01	 1.1179e+04	 7.0778e+02	-1.5795e+01
 9.0000e+05	 2.9216e+03	 3.3736e+00	 1.9316e-01	 3.2315e+02	 3.0010e+03	-8.6723e+01	 1.0352e+04	 5.9270e+02	-1.7465e+01
 1.0000e+02	 2.9983e+03	 6.1400e+00	 1.9545e-01	 3.2315e+02	 3.0077e+03	-8.8177e+01	 9.2073e+07	 2.9309e+06	-3.1415e+01
 1.5000e+02	 2.9983e+03	 6.0989e+00	 1.9486e-01	 3.2315e+02	 3.0103e+03	-8.8170e+01	 6.1568e+07	 1.9671e+06	-3.1299e+01
 2.2500e+02	 2.9983e+03	 6.0590e+00	 1.9811e-01	 3.2315e+02	 3.0128e+03	-8.8127e+01	 4.0372e+07	 1.3200e+06	-3.0584e+01
 3.3750e+02	 2.9983e+03	 6.0189e+00	 2.1045e-01	 3.2315e+02	 3.0156e+03	-8.7997e+01	 2.5337e+07	 8.8589e+05	-2.8600e+01
 5.0625e+02	 2.9983e+03	 5.9762e+00	 2.3229e-01	 3.2315e+02	 3.0181e+03	-8.7774e+01	 1.5303e+07	 5.9481e+05	-2.5727e+01
 7.5938e+02	 2.9983e+03	 5.9286e+00	 2.6563e-01	 3.2315e+02	 3.0206e+03	-8.7435e+01	 8.9216e+06	 3.9972e+05	-2.2319e+01
 1.1391e+03	 2.9983e+03	 5.8728e+00	 3.1237e-01	 3.2315e+02	 3.0233e+03	-8.6955e+01	 5.0578e+06	 2.6902e+05	-1.8801e+01
 1.7086e+03	 2.9983e+03	 5.8034e+00	 3.7465e-01	 3.2315e+02	 3.0258e+03	-8.6306e+01	 2.8113e+06	 1.8149e+05	-1.5490e+01
 2.5629e+03	 2.9983e+03	 5.7147e+00	 4.5309e-01	 3.2316e+02	 3.0284e+03	-8.5467e+01	 1.5497e+06	 1.2287e+05	-1.2613e+01
 3.8443e+03	 2.9983e+03	 5.5989e+00	 5.4630e-01	 3.2315e+02	 3.0309e+03	-8.4427e+01	 8.5687e+05	 8.3608e+04	-1.0249e+01
 5.7665e+03	 2.9983e+03	 5.4474e+00	 6.4962e-01	 3.2315e+02	 3.0336e+03	-8.3199e+01	 4.8039e+05	 5.7288e+04	-8.3855e+00
 8.6498e+03	 2.9983e+03	 5.2523e+00	 7.5223e-01	 3.2315e+02	 3.0362e+03	-8.1850e+01	 2.7658e+05	 3.9611e+04	-6.9824e+00
 1.2975e+04	 2.9983e+03	 5.0115e+00	 8.3511e-01	 3.2315e+02	 3.0389e+03	-8.0539e+01	 1.6609e+05	 2.7676e+04	-6.0010e+00
 1.9462e+04	 2.9983e+03	 4.7358e+00	 8.7542e-01	 3.2315e+02	 3.0416e+03	-7.9527e+01	 1.0562e+05	 1.9525e+04	-5.4097e+00
 2.9193e+04	 2.9983e+03	 4.4618e+00	 8.6040e-01	 3.2315e+02	 3.0442e+03	-7.9085e+01	 7.1646e+04	 1.3816e+04	-5.1857e+00
 4.3789e+04	 2.9983e+03	 4.2046e+00	 7.9424e-01	 3.2315e+02	 3.0466e+03	-7.9303e+01	 5.1742e+04	 9.7740e+03	-5.2939e+00
 6.5684e+04	 2.9983e+03	 3.9897e+00	 6.9989e-01	 3.2314e+02	 3.0491e+03	-8.0050e+01	 3.9145e+04	 6.8670e+03	-5.7005e+00
 9.8526e+04	 2.9983e+03	 3.8213e+00	 5.9971e-01	 3.2315e+02	 3.0518e+03	-8.1081e+01	 3.0456e+04	 4.7797e+03	-6.3720e+00
 1.4779e+05	 2.9983e+03	 3.6813e+00	 5.0882e-01	 3.2315e+02	 3.0544e+03	-8.2131e+01	 2.3931e+04	 3.3077e+03	-7.2350e+00
 2.2168e+05	 2.9983e+03	 3.5774e+00	 4.3553e-01	 3.2315e+02	 3.0571e+03	-8.3059e+01	 1.8639e+04	 2.2692e+03	-8.2138e+00
 3.3253e+05	 2.9983e+03	 3.4902e+00	 3.7865e-01	 3.2315e+02	 3.0596e+03	-8.3808e+01	 1.4292e+04	 1.5506e+03	-9.2174e+00
 4.9879e+05	 2.9983e+03	 3.4135e+00	 3.3570e-01	 3.2315e+02	 3.0622e+03	-8.4383e+01	 1.0747e+04	 1.0570e+03	-1.0168e+01
 7.4818e+05	 2.9983e+03	 3.3989e+00	 2.1496e-01	 3.2315e+02	 3.0698e+03	-8.6381e+01	 1.1189e+04	 7.0765e+02	-1.5812e+01
 9.0000e+05	 2.9983e+03	 3.3739e+00	 1.9308e-01	 3.2314e+02	 3.0775e+03	-8.6725e+01	 1.0356e+04	 5.9264e+02	-1.7474e+01
 1.0000e+02	 3.0748e+03	 6.1435e+00	 1.9649e-01	 3.2315e+02	 3.0844e+03	-8.8168e+01	 9.1584e+07	 2.9292e+06	-3.1266e+01
 1.5000e+02	 3.0748e+03	 6.1020e+00	 1.9532e-01	 3.2315e+02	 3.0869e+03	-8.8167e+01	 6.1423e+07	 1.9661e+06	-3.1241e+01
 2.2500e+02	 3.0748e+03	 6.0623e+00	 1.9836e-01	 3.2315e+02	 3.0893e+03	-8.8126e+01	 4.0320e+07	 1.3193e+06	-3.0562e+01
 3.3750e+02	 3.0748e+03	 6.0219e+00	 2.1042e-01	 3.2315e+02	 3.0921e+03	-8.7999e+01	 2.5340e+07	 8.8544e+05	-2.8618e+01
 5.0625e+02	 3.0748e+03	 5.9795e+00	 2.3209e-01	 3.2315e+02	 3.0945e+03	-8.7777e+01	 1.5316e+07	 5.9448e+05	-2.5764e+01
 7.5938e+02	 3.0748e+03	 5.9321e+00	 2.6509e-01	 3.2315e+02	 3.0972e+03	-8.7441e+01	 8.9397e+06	 3.9949e+05	-2.2378e+01
 1.1391e+03	 3.0748e+03	 5.8763e+00	 3.1196e-01	 3.2316e+02	 3.0997e+03	-8.6961e+01	 5.0643e+06	 2.6886e+05	-1.8836e+01
 1.7086e+03	 3.0748e+03	 5.8074e+00	 3.7445e-01	 3.2315e+02	 3.1026e+03	-8.6311e+01	 2.8128e+06	 1.8136e+05	-1.5509e+01
 2.5629e+03	 3.0748e+03	 5.7191e+00	 4.5324e-01	 3.2315e+02	 3.1051e+03	-8.5469e+01	 1.5492e+06	 1.2278e+05	-1.2618e+01
 3.8443e+03	 3.0748e+03	 5.6033e+00	 5.4705e-01	 3.2315e+02	 3.1079e+03	-8.4424e+01	 8.5570e+05	 8.3542e+04	-1.0243e+01
 5.7665e+03	 3.0748e+03	 5.4514e+00	 6.5084e-01	 3.2315e+02	 3.1103e+03	-8.3192e+01	 4.7950e+05	 5.7247e+04	-8.3759e+00
 8.6498e+03	 3.0748e+03	 5.2556e+00	 7.5374e-01	 3.2315e+02	 3.1132e+03	-8.1838e+01	 2.7602e+05	 3.9586e+04	-6.9726e+00
 1.2975e+04	 3.0748e+03	 5.0139e+00	 8.3661e-01	 3.2315e+02	 3.1156e+03	-8.0527e+01	 1.6579e+05	 2.7663e+04	-5.9932e+00
 1.9462e+04	 3.0748e+03	 4.7379e+00	 8.7678e-01	 3.2315e+02	 3.1184e+03	-7.9516e+01	 1.0546e+05	 1.9516e+04	-5.4038e+00
 2.9193e+04	 3.0748e+03	 4.4637e+00	 8.6149e-01	 3.2315e+02	 3.1209e+03	-7.9076e+01	 7.1555e+04	 1.3810e+04	-5.1814e+00
 4.3789e+04	 3.0748e+03	 4.2063e+00	 7.9536e-01	 3.2315e+02	 3.1233e+03	-7.9293e+01	 5.1670e+04	 9.7700e+03	-5.2886e+00
 6.5684e+04	 3.0748e+03	 3.9913e+00	 7.0083e-01	 3.2315e+02	 3.1262e+03	-8.0041e+01	 3.9093e+04	 6.8643e+03	-5.6951e+00
 9.8526e+04	 3.0748e+03	 3.8225e+00	 6.0042e-01	 3.2315e+02	 3.1287e+03	-8.1073e+01	 3.0420e+04	 4.7782e+03	-6.3664e+00
 1.4779e+05	 3.0748e+03	 3.6823e+00	 5.0954e-01	 3.2316e+02	 3.1314e+03	-8.2122e+01	 2.3897e+04	 3.3067e+03	-7.2269e+00
 2.2168e+05	 3.0748e+03	 3.5782e+00	 4.3617e-01	 3.2315e+02	 3.1339e+03	-8.3050e+01	 1.8611e+04	 2.2686e+03	-8.2038e+00
 3.3253e+05	 3.0748e+03	 3.4909e+00	 3.7914e-01	 3.2315e+02	 3.1366e+03	-8.3802e+01	 1.4274e+04	 1.5503e+03	-9.2075e+00
 4.9879e+05	 3.0748e+03	 3.4141e+00	 3.3615e-01	 3.2315e+02	 3.1393e+03	-8.4377e+01	 1.0733e+04	 1.0568e+03	-1.0156e+01
 7.4818e+05	 3.0748e+03	 3.3992e+00	 2.1669e-01	 3.2315e+02	 3.1473e+03	-8.6352e+01	 1.1100e+04	 7.0759e+02	-1.5687e+01
 9.0000e+05	 3.0748e+03	 3.3746e+00	 1.9307e-01	 3.2315e+02	 3.1549e+03	-8.6725e+01	 1.0356e+04	 5.9253e+02	-1.7478e+01
 1.0000e+02	 3.1522e+03	 6.1470e+00	 1.9701e-01	 3.2315e+02	 3.1615e+03	-8.8164e+01	 9.1343e+07	 2.9276e+06	-3.1201e+01
 1.5000e+02	 3.1522e+03	 6.1057e+00	 1.9464e-01	 3.2315e+02	 3.1642e+03	-8.8174e+01	 6.1638e+07	 1.9649e+06	-3.1369e+01
 2.2500e+02	 3.1522e+03	 6.0653e+00	 1.9884e-01	 3.2315e+02	 3.1666e+03	-8.8122e+01	 4.0224e+07	 1.3187e+06	-3.0503e+01
 3.3750e+02	 3.1522e+03	 6.0249e+00	 2.1063e-01	 3.2315e+02	 3.1692e+03	-8.7998e+01	 2.5315e+07	 8.8500e+05	-2.8604e+01
 5.0625e+02	 3.1522e+03	 5.9824e+00	 2.3192e-01	 3.2315e+02	 3.1719e+03	-8.7780e+01	 1.5328e+07	 5.9419e+05	-2.5796e+01
 7.5938e+02	 3.1522e+03	 5.9355e+00	 2.6481e-01	 3.2315e+02	 3.1744e+03	-8.7445e+01	 8.9492e+06	 3.9926e+05	-2.2414e+01
 1.1391e+03	 3.1522e+03	 5.8799e+00	 3.1146e-01	 3.2315e+02	 3.1771e+03	-8.6968e+01	 5.0724e+06	 2.6869e+05	-1.8878e+01
 1.7086e+03	 3.1522e+03	 5.8113e+00	 3.7388e-01	 3.2315e+02	 3.1797e+03	-8.6319e+01	 2.8171e+06	 1.8124e+05	-1.5543e+01
 2.5629e+03	 3.1522e+03	 5.7235e+00	 4.5317e-01	 3.2315e+02	 3.1822e+03	-8.5473e+01	 1.5494e+06	 1.2268e+05	-1.2630e+01
 3.8443e+03	 3.1522e+03	 5.6076e+00	 5.4748e-01	 3.2315e+02	 3.1847e+03	-8.4424e+01	 8.5503e+05	 8.3478e+04	-1.0243e+01
 5.7665e+03	 3.1522e+03	 5.4553e+00	 6.5199e-01	 3.2315e+02	 3.1872e+03	-8.3185e+01	 4.7864e+05	 5.7205e+04	-8.3672e+00
 8.6498e+03	 3.1522e+03	 5.2589e+00	 7.5516e-01	 3.2315e+02	 3.1899e+03	-8.1828e+01	 2.7550e+05	 3.9561e+04	-6.9639e+00
 1.2975e+04	 3.1522e+03	 5.0167e+00	 8.3804e-01	 3.2316e+02	 3.1923e+03	-8.0516e+01	 1.6550e+05	 2.7647e+04	-5.9862e+00
 1.9462e+04	 3.1522e+03	 4.7400e+00	 8.7796e-01	 3.2315e+02	 3.1951e+03	-7.9506e+01	 1.0532e+05	 1.9508e+04	-5.3988e+00
 2.9193e+04	 3.1522e+03	 4.4656e+00	 8.6263e-01	 3.2315e+02	 3.1975e+03	-7.9067e+01	 7.1460e+04	 1.3804e+04	-5.1767e+00
 4.3789e+04	 3.1522e+03	 4.2080e+00	 7.9623e-01	 3.2315e+02	 3.1999e+03	-7.9285e+01	 5.1613e+04	 9.7662e+03	-5.2849e+00
 6.5684e+04	 3.1522e+03	 3.9928e+00	 7.0178e-01	 3.2315e+02	 3.2026e+03	-8.0031e+01	 3.9040e+04	 6.8618e+03	-5.6895e+00
 9.8526e+04	 3.1522e+03	 3.8237e+00	 6.0129e-01	 3.2314e+02	 3.2051e+03	-8.1063e+01	 3.0376e+04	 4.7768e+03	-6.3591e+00
 1.4779e+05	 3.1522e+03	 3.6833e+00	 5.1027e-01	 3.2315e+02	 3.2079e+03	-8.2113e+01	 2.3863e+04	 3.3059e+03	-7.2184e+00
 2.2168e+05	 3.1522e+03	 3.5791e+00	 4.3673e-01	 3.2315e+02	 3.2105e+03	-8.3043e+01	 1.8587e+04	 2.2681e+03	-8.1952e+00
 3.3253e+05	 3.1522e+03	 3.4917e+00	 3.7969e-01	 3.2315e+02	 3.2132e+03	-8.3794e+01	 1.4253e+04	 1.5499e+03	-9.1963e+00
 4.9879e+05	 3.1522e+03	 3.4146e+00	 3.3661e-01	 3.2315e+02	 3.2158e+03	-8.4370e+01	 1.0718e+04	 1.0566e+03	-1.0144e+01
 7.4818e+05	 3.1522e+03	 3.3999e+00	 2.1575e-01	 3.2315e+02	 3.2234e+03	-8.6369e+01	 1.1148e+04	 7.0745e+02	-1.5758e+01
 9.0000e+05	 3.1522e+03	 3.3750e+00	 1.9325e-01	 3.2315e+02	 3.2311e+03	-8.6723e+01	 1.0347e+04	 5.9246e+02	-1.7465e+01
 1.0000e+02	 3.2286e+03	 6.1501e+00	 1.9802e-01	 3.2315e+02	 3.2380e+03	-8.8156e+01	 9.0879e+07	 2.9261e+06	-3.1058e+01
 1.5000e+02	 3.2286e+03	 6.1096e+00	 1.9496e-01	 3.2315e+02	 3.2404e+03	-8.8172e+01	 6.1537e+07	 1.9637e+06	-3.1338e+01
 2.2500e+02	 3.2286e+03	 6.0682e+00	 1.9926e-01	 3.2315e+02	 3.2431e+03	-8.8119e+01	 4.0138e+07	 1.3180e+06	-3.0453e+01
 3.3750e+02	 3.2286e+03	 6.0278e+00	 2.1072e-01	 3.2315e+02	 3.2456e+03	-8.7998e+01	 2.5305e+07	 8.8458e+05	-2.8606e+01
 5.0625e+02	 3.2286e+03	 5.9855e+00	 2.3170e-01	 3.2315e+02	 3.2484e+03	-8.7783e+01	 1.5342e+07	 5.9388e+05	-2.5833e+01
 7.5938e+02	 3.2286e+03	 5.9384e+00	 2.6431e-01	 3.2315e+02	 3.2509e+03	-8.7451e+01	 8.9659e+06	 3.9907e+05	-2.2467e+01
 1.1391e+03	 3.2286e+03	 5.8835e+00	 3.1102e-01	 3.2315e+02	 3.2537e+03	-8.6974e+01	 5.0796e+06	 2.6853e+05	-1.8917e+01
 1.7086e+03	 3.2286e+03	 5.8152e+00	 3.7341e-01	 3.2315e+02	 3.2563e+03	-8.6326e+01	 2.8206e+06	 1.8112e+05	-1.5573e+01
 2.5629e+03	 3.2286e+03	 5.7276e+00	 4.5278e-01	 3.2315e+02	 3.2589e+03	-8.5480e+01	 1.5508e+06	 1.2259e+05	-1.2650e+01
 3.8443e+03	 3.2286e+03	 5.6117e+00	 5.4776e-01	 3.2315e+02	 3.2613e+03	-8.4425e+01	 8.5458e+05	 8.3416e+04	-1.0245e+01
 5.7665e+03	 3.2286e+03	 5.4594e+00	 6.5293e-01	 3.2315e+02	 3.2638e+03	-8.3180e+01	 4.7796e+05	 5.7162e+04	-8.3615e+00
 8.6498e+03	 3.2286e+03	 5.2624e+00	 7.5639e-01	 3.2315e+02	 3.2664e+03	-8.1821e+01	 2.7505e+05	 3.9535e+04	-6.9573e+00
 1.2975e+04	 3.2286e+03	 5.0197e+00	 8.3942e-01	 3.2315e+02	 3.2688e+03	-8.0507e+01	 1.6523e+05	 2.7631e+04	-5.9799e+00
 1.9462e+04	 3.2286e+03	 4.7426e+00	 8.7932e-01	 3.2316e+02	 3.2717e+03	-7.9496e+01	 1.0516e+05	 1.9497e+04	-5.3934e+00
 2.9193e+04	 3.2286e+03	 4.4679e+00	 8.6369e-01	 3.2315e+02	 3.2741e+03	-7.9059e+01	 7.1373e+04	 1.3797e+04	-5.1730e+00
 4.3789e+04	 3.2286e+03	 4.2101e+00	 7.9724e-01	 3.2316e+02	 3.2766e+03	-7.9277e+01	 5.1548e+04	 9.7613e+03	-5.2809e+00
 6.5684e+04	 3.2286e+03	 3.9947e+00	 7.0296e-01	 3.2315e+02	 3.2793e+03	-8.0020e+01	 3.8974e+04	 6.8585e+03	-5.6826e+00
 9.8526e+04	 3.2286e+03	 3.8254e+00	 6.0249e-01	 3.2315e+02	 3.2818e+03	-8.1049e+01	 3.0316e+04	 4.7747e+03	-6.3492e+00
 1.4779e+05	 3.2286e+03	 3.6848e+00	 5.1126e-01	 3.2315e+02	 3.2844e+03	-8.2101e+01	 2.3817e+04	 3.3045e+03	-7.2073e+00
 2.2168e+05	 3.2286e+03	 3.5804e+00	 4.3769e-01	 3.2316e+02	 3.2870e+03	-8.3030e+01	 1.8547e+04	 2.2673e+03	-8.1803e+00
 3.3253e+05	 3.2286e+03	 3.4928e+00	 3.8055e-01	 3.2316e+02	 3.2897e+03	-8.3782e+01	 1.4221e+04	 1.5494e+03	-9.1784e+00
 4.9879e+05	 3.2286e+03	 3.4156e+00	 3.3727e-01	 3.2316e+02	 3.2923e+03	-8.4361e+01	 1.0697e+04	 1.0563e+03	-1.0127e+01
 7.4818e+05	 3.2286e+03	 3.4008e+00	 2.1703e-01	 3.2316e+02	 3.3004e+03	-8.6348e+01	 1.1083e+04	 7.0726e+02	-1.5670e+01
 9.0000e+05	 3.2286e+03	 3.3756e+00	 1.9725e-01	 3.2317e+02	 3.3083e+03	-8.6656e+01	 1.0137e+04	 5.9234e+02	-1.7114e+01
 1.0000e+02	 3.3056e+03	 6.1536e+00	 1.9900e-01	 3.2316e+02	 3.3155e+03	-8.8148e+01	 9.0432e+07	 2.9244e+06	-3.0923e+01
 1.5000e+02	 3.3056e+03	 6.1121e+00	 1.9550e-01	 3.2317e+02	 3.3179e+03	-8.8168e+01	 6.1367e+07	 1.9628e+06	-3.1264e+01
 2.2500e+02	 3.3056e+03	 6.0713e+00	 1.9934e-01	 3.2317e+02	 3.3207e+03	-8.8119e+01	 4.0123e+07	 1.3174e+06	-3.0457e+01
 3.3750e+02	 3.3056e+03	 6.0310e+00	 2.1060e-01	 3.2317e+02	 3.3232e+03	-8.8000e+01	 2.5318e+07	 8.8411e+05	-2.8637e+01
 5.0625e+02	 3.3056e+03	 5.9886e+00	 2.3128e-01	 3.2317e+02	 3.3259e+03	-8.7788e+01	 1.5370e+07	 5.9358e+05	-2.5893e+01
 7.5938e+02	 3.3056e+03	 5.9419e+00	 2.6346e-01	 3.2316e+02	 3.3285e+03	-8.7461e+01	 8.9949e+06	 3.9883e+05	-2.2553e+01
 1.1391e+03	 3.3056e+03	 5.8875e+00	 3.0984e-01	 3.2317e+02	 3.3309e+03	-8.6987e+01	 5.0990e+06	 2.6834e+05	-1.9002e+01
 1.7086e+03	 3.3056e+03	 5.8196e+00	 3.7236e-01	 3.2317e+02	 3.3336e+03	-8.6339e+01	 2.8285e+06	 1.8098e+05	-1.5629e+01
 2.5629e+03	 3.3056e+03	 5.7326e+00	 4.5191e-01	 3.2316e+02	 3.3362e+03	-8.5493e+01	 1.5538e+06	 1.2249e+05	-1.2685e+01
 3.8443e+03	 3.3056e+03	 5.6172e+00	 5.4734e-01	 3.2316e+02	 3.3389e+03	-8.4435e+01	 8.5525e+05	 8.3334e+04	-1.0263e+01
 5.7665e+03	 3.3056e+03	 5.4649e+00	 6.5297e-01	 3.2317e+02	 3.3413e+03	-8.3186e+01	 4.7793e+05	 5.7105e+04	-8.3694e+00
 8.6498e+03	 3.3056e+03	 5.2678e+00	 7.5710e-01	 3.2316e+02	 3.3441e+03	-8.1821e+01	 2.7480e+05	 3.9495e+04	-6.9579e+00
 1.2975e+04	 3.3056e+03	 5.0246e+00	 8.4038e-01	 3.2316e+02	 3.3466e+03	-8.0505e+01	 1.6504e+05	 2.7604e+04	-5.9790e+00
 1.9462e+04	 3.3056e+03	 4.7471e+00	 8.8051e-01	 3.2316e+02	 3.3494e+03	-7.9492e+01	 1.0501e+05	 1.9478e+04	-5.3913e+00
 2.9193e+04	 3.3056e+03	 4.4718e+00	 8.6529e-01	 3.2316e+02	 3.3519e+03	-7.9049e+01	 7.1241e+04	 1.3785e+04	-5.1680e+00
 4.3789e+04	 3.3056e+03	 4.2134e+00	 7.9900e-01	 3.2317e+02	 3.3547e+03	-7.9262e+01	 5.1434e+04	 9.7536e+03	-5.2734e+00
 6.5684e+04	 3.3056e+03	 3.9974e+00	 7.0445e-01	 3.2317e+02	 3.3572e+03	-8.0006e+01	 3.8892e+04	 6.8538e+03	-5.6745e+00
 9.8526e+04	 3.3056e+03	 3.8276e+00	 6.0383e-01	 3.2316e+02	 3.3596e+03	-8.1035e+01	 3.0248e+04	 4.7719e+03	-6.3388e+00
 1.4779e+05	 3.3056e+03	 3.6865e+00	 5.1237e-01	 3.2316e+02	 3.3623e+03	-8.2087e+01	 2.3765e+04	 3.3030e+03	-7.1950e+00
 2.2168e+05	 3.3056e+03	 3.5817e+00	 4.3861e-01	 3.2316e+02	 3.3649e+03	-8.3018e+01	 1.8508e+04	 2.2664e+03	-8.1661e+00
 3.3253e+05	 3.3056e+03	 3.4938e+00	 3.8126e-01	 3.2316e+02	 3.3676e+03	-8.3772e+01	 1.4195e+04	 1.5490e+03	-9.1638e+00
 4.9879e+05	 3.3056e+03	 3.4165e+00	 3.3779e-01	 3.2316e+02	 3.3701e+03	-8.4354e+01	 1.0681e+04	 1.0560e+03	-1.0115e+01
 7.4818e+05	 3.3056e+03	 3.4017e+00	 2.1616e-01	 3.2315e+02	 3.3776e+03	-8.6364e+01	 1.1127e+04	 7.0707e+02	-1.5737e+01
 9.0000e+05	 3.3056e+03	 3.3764e+00	 1.9572e-01	 3.2315e+02	 3.3852e+03	-8.6682e+01	 1.0216e+04	 5.9220e+02	-1.7251e+01
 1.0000e+02	 3.3826e+03	 6.1564e+00	 1.9955e-01	 3.2315e+02	 3.3921e+03	-8.8143e+01	 9.0181e+07	 2.9231e+06	-3.0851e+01
 1.5000e+02	 3.3826e+03	 6.1137e+00	 1.9764e-01	 3.2315e+02	 3.3945e+03	-8.8148e+01	 6.0703e+07	 1.9623e+06	-3.0934e+01
 2.2500e+02	 3.3826e+03	 6.0739e+00	 1.9953e-01	 3.2315e+02	 3.3972e+03	-8.8118e+01	 4.0085e+07	 1.3168e+06	-3.0441e+01
 3.3750e+02	 3.3826e+03	 6.0333e+00	 2.1054e-01	 3.2315e+02	 3.3998e+03	-8.8001e+01	 2.5325e+07	 8.8377e+05	-2.8656e+01
 5.0625e+02	 3.3826e+03	 5.9912e+00	 2.3100e-01	 3.2315e+02	 3.4022e+03	-8.7792e+01	 1.5388e+07	 5.9332e+05	-2.5936e+01
 7.5938e+02	 3.3826e+03	 5.9447e+00	 2.6307e-01	 3.2315e+02	 3.4048e+03	-8.7466e+01	 9.0083e+06	 3.9864e+05	-2.2597e+01
 1.1391e+03	 3.3826e+03	 5.8903e+00	 3.0894e-01	 3.2315e+02	 3.4072e+03	-8.6998e+01	 5.1139e+06	 2.6821e+05	-1.9066e+01
 1.7086e+03	 3.3826e+03	 5.8230e+00	 3.7172e-01	 3.2314e+02	 3.4099e+03	-8.6347e+01	 2.8334e+06	 1.8088e+05	-1.5665e+01
 2.5629e+03	 3.3826e+03	 5.7361e+00	 4.5163e-01	 3.2314e+02	 3.4126e+03	-8.5498e+01	 1.5547e+06	 1.2241e+05	-1.2701e+01
 3.8443e+03	 3.3826e+03	 5.6211e+00	 5.4753e-01	 3.2315e+02	 3.4152e+03	-8.4437e+01	 8.5494e+05	 8.3277e+04	-1.0266e+01
 5.7665e+03	 3.3826e+03	 5.4686e+00	 6.5387e-01	 3.2315e+02	 3.4176e+03	-8.3182e+01	 4.7727e+05	 5.7066e+04	-8.3634e+00
 8.6498e+03	 3.3826e+03	 5.2710e+00	 7.5838e-01	 3.2315e+02	 3.4202e+03	-8.1812e+01	 2.7433e+05	 3.9471e+04	-6.9503e+00
 1.2975e+04	 3.3826e+03	 5.0271e+00	 8.4171e-01	 3.2315e+02	 3.4228e+03	-8.0495e+01	 1.6478e+05	 2.7591e+04	-5.9724e+00
 1.9462e+04	 3.3826e+03	 4.7493e+00	 8.8202e-01	 3.2315e+02	 3.4254e+03	-7.9479e+01	 1.0483e+05	 1.9470e+04	-5.3845e+00
 2.9193e+04	 3.3826e+03	 4.4736e+00	 8.6638e-01	 3.2315e+02	 3.4281e+03	-7.9039e+01	 7.1151e+04	 1.3780e+04	-5.1635e+00
 4.3789e+04	 3.3826e+03	 4.2151e+00	 7.9989e-01	 3.2315e+02	 3.4306e+03	-7.9255e+01	 5.1377e+04	 9.7498e+03	-5.2696e+00
 6.5684e+04	 3.3826e+03	 3.9988e+00	 7.0534e-01	 3.2315e+02	 3.4333e+03	-7.9997e+01	 3.8843e+04	 6.8514e+03	-5.6693e+00
 9.8526e+04	 3.3826e+03	 3.8289e+00	 6.0458e-01	 3.2315e+02	 3.4358e+03	-8.1027e+01	 3.0211e+04	 4.7703e+03	-6.3331e+00
 1.4779e+05	 3.3826e+03	 3.6876e+00	 5.1315e-01	 3.2314e+02	 3.4387e+03	-8.2078e+01	 2.3729e+04	 3.3020e+03	-7.1862e+00
 2.2168e+05	 3.3826e+03	 3.5827e+00	 4.3908e-01	 3.2314e+02	 3.4412e+03	-8.3013e+01	 1.8488e+04	 2.2658e+03	-8.1595e+00
 3.3253e+05	 3.3826e+03	 3.4948e+00	 3.8179e-01	 3.2315e+02	 3.4439e+03	-8.3765e+01	 1.4175e+04	 1.5485e+03	-9.1538e+00
 4.9879e+05	 3.3826e+03	 3.4173e+00	 3.3834e-01	 3.2315e+02	 3.4465e+03	-8.4346e+01	 1.0663e+04	 1.0558e+03	-1.0100e+01
 7.4818e+05	 3.3826e+03	 3.4022e+00	 2.1798e-01	 3.2315e+02	 3.4541e+03	-8.6334e+01	 1.1034e+04	 7.0698e+02	-1.5608e+01
 9.0000e+05	 3.3826e+03	 3.3771e+00	 1.9726e-01	 3.2315e+02	 3.4621e+03	-8.6657e+01	 1.0136e+04	 5.9209e+02	-1.7120e+01
 1.0000e+02	 3.4594e+03	 6.1589e+00	 2.0026e-01	 3.2315e+02	 3.4688e+03	-8.8138e+01	 8.9863e+07	 2.9219e+06	-3.0755e+01
 1.5000e+02	 3.4594e+03	 6.1151e+00	 1.9594e-01	 3.2314e+02	 3.4717e+03	-8.8165e+01	 6.1229e+07	 1.9619e+06	-3.1209e+01
 2.2500e+02	 3.4594e+03	 6.0761e+00	 1.9978e-01	 3.2315e+02	 3.4742e+03	-8.8117e+01	 4.0034e+07	 1.3163e+06	-3.0414e+01
 3.3750e+02	 3.4594e+03	 6.0356e+00	 2.1056e-01	 3.2315e+02	 3.4769e+03	-8.8002e+01	 2.5323e+07	 8.8343e+05	-2.8665e+01
 5.0625e+02	 3.4594e+03	 5.9935e+00	 2.3052e-01	 3.2315e+02	 3.4794e+03	-8.7797e+01	 1.5420e+07	 5.9310e+05	-2.5999e+01
 7.5938e+02	 3.4594e+03	 5.9471e+00	 2.6245e-01	 3.2315e+02	 3.4820e+03	-8.7473e+01	 9.0295e+06	 3.9848e+05	-2.2660e+01
 1.1391e+03	 3.4594e+03	 5.8934e+00	 3.0833e-01	 3.2314e+02	 3.4845e+03	-8.7005e+01	 5.1239e+06	 2.6807e+05	-1.9114e+01
 1.7086e+03	 3.4594e+03	 5.8266e+00	 3.7067e-01	 3.2315e+02	 3.4871e+03	-8.6360e+01	 2.8415e+06	 1.8077e+05	-1.5719e+01
 2.5629e+03	 3.4594e+03	 5.7404e+00	 4.5081e-01	 3.2315e+02	 3.4898e+03	-8.5510e+01	 1.5576e+06	 1.2232e+05	-1.2733e+01
 3.8443e+03	 3.4594e+03	 5.6257e+00	 5.4743e-01	 3.2315e+02	 3.4922e+03	-8.4442e+01	 8.5510e+05	 8.3210e+04	-1.0276e+01
 5.7665e+03	 3.4594e+03	 5.4731e+00	 6.5416e-01	 3.2314e+02	 3.4949e+03	-8.3184e+01	 4.7706e+05	 5.7019e+04	-8.3666e+00
 8.6498e+03	 3.4594e+03	 5.2750e+00	 7.5909e-01	 3.2314e+02	 3.4975e+03	-8.1811e+01	 2.7407e+05	 3.9441e+04	-6.9490e+00
 1.2975e+04	 3.4594e+03	 5.0309e+00	 8.4306e-01	 3.2315e+02	 3.5001e+03	-8.0487e+01	 1.6452e+05	 2.7570e+04	-5.9674e+00
 1.9462e+04	 3.4594e+03	 4.7523e+00	 8.8306e-01	 3.2315e+02	 3.5029e+03	-7.9474e+01	 1.0471e+05	 1.9457e+04	-5.3817e+00
 2.9193e+04	 3.4594e+03	 4.4762e+00	 8.6749e-01	 3.2315e+02	 3.5056e+03	-7.9032e+01	 7.1060e+04	 1.3771e+04	-5.1600e+00
 4.3789e+04	 3.4594e+03	 4.2174e+00	 8.0117e-01	 3.2315e+02	 3.5080e+03	-7.9244e+01	 5.1295e+04	 9.7444e+03	-5.2640e+00
 6.5684e+04	 3.4594e+03	 4.0007e+00	 7.0647e-01	 3.2315e+02	 3.5104e+03	-7.9986e+01	 3.8781e+04	 6.8482e+03	-5.6629e+00
 9.8526e+04	 3.4594e+03	 3.8304e+00	 6.0569e-01	 3.2314e+02	 3.5131e+03	-8.1014e+01	 3.0155e+04	 4.7684e+03	-6.3240e+00
 1.4779e+05	 3.4594e+03	 3.6891e+00	 5.1403e-01	 3.2315e+02	 3.5156e+03	-8.2068e+01	 2.3688e+04	 3.3007e+03	-7.1768e+00
 2.2168e+05	 3.4594e+03	 3.5838e+00	 4.3994e-01	 3.2315e+02	 3.5182e+03	-8.3002e+01	 1.8452e+04	 2.2651e+03	-8.1461e+00
 3.3253e+05	 3.4594e+03	 3.4956e+00	 3.8239e-01	 3.2314e+02	 3.5207e+03	-8.3757e+01	 1.4153e+04	 1.5482e+03	-9.1416e+00
 4.9879e+05	 3.4594e+03	 3.4181e+00	 3.3881e-01	 3.2315e+02	 3.5233e+03	-8.4339e+01	 1.0649e+04	 1.0555e+03	-1.0089e+01
 7.4818e+05	 3.4594e+03	 3.4028e+00	 2.1973e-01	 3.2315e+02	 3.5312e+03	-8.6305e+01	 1.0946e+04	 7.0684e+02	-1.5486e+01
 9.0000e+05	 3.4594e+03	 3.3779e+00	 1.9568e-01	 3.2315e+02	 3.5396e+03	-8.6685e+01	 1.0218e+04	 5.9195e+02	-1.7263e+01
 1.0000e+02	 3.5369e+03	 6.1616e+00	 2.0075e-01	 3.2315e+02	 3.5462e+03	-8.8134e+01	 8.9642e+07	 2.9206e+06	-3.0693e+01
 1.5000e+02	 3.5369e+03	 6.1175e+00	 1.9720e-01	 3.2314e+02	 3.5489e+03	-8.8154e+01	 6.0838e+07	 1.9611e+06	-3.1022e+01
 2.2500e+02	 3.5369e+03	 6.0786e+00	 1.9997e-01	 3.2315e+02	 3.5514e+03	-8.8116e+01	 3.9997e+07	 1.3158e+06	-3.0398e+01
 3.3750e+02	 3.5369e+03	 6.0381e+00	 2.1051e-01	 3.2315e+02	 3.5539e+03	-8.8003e+01	 2.5329e+07	 8.8307e+05	-2.8683e+01
 5.0625e+02	 3.5369e+03	 5.9960e+00	 2.3034e-01	 3.2314e+02	 3.5566e+03	-8.7800e+01	 1.5432e+07	 5.9284e+05	-2.6031e+01
 7.5938e+02	 3.5369e+03	 5.9496e+00	 2.6187e-01	 3.2315e+02	 3.5591e+03	-8.7480e+01	 9.0496e+06	 3.9832e+05	-2.2720e+01
 1.1391e+03	 3.5369e+03	 5.8965e+00	 3.0756e-01	 3.2315e+02	 3.5616e+03	-8.7014e+01	 5.1368e+06	 2.6793e+05	-1.9172e+01
 1.7086e+03	 3.5369e+03	 5.8297e+00	 3.6986e-01	 3.2315e+02	 3.5643e+03	-8.6370e+01	 2.8477e+06	 1.8067e+05	-1.5762e+01
 2.5629e+03	 3.5369e+03	 5.7440e+00	 4.5019e-01	 3.2314e+02	 3.5669e+03	-8.5519e+01	 1.5597e+06	 1.2224e+05	-1.2759e+01
 3.8443e+03	 3.5369e+03	 5.6298e+00	 5.4700e-01	 3.2314e+02	 3.5696e+03	-8.4450e+01	 8.5577e+05	 8.3149e+04	-1.0292e+01
 5.7665e+03	 3.5369e+03	 5.4771e+00	 6.5449e-01	 3.2315e+02	 3.5720e+03	-8.3186e+01	 4.7682e+05	 5.6978e+04	-8.3685e+00
 8.6498e+03	 3.5369e+03	 5.2789e+00	 7.6007e-01	 3.2315e+02	 3.5746e+03	-8.1807e+01	 2.7372e+05	 3.9412e+04	-6.9452e+00
 1.2975e+04	 3.5369e+03	 5.0339e+00	 8.4404e-01	 3.2315e+02	 3.5771e+03	-8.0482e+01	 1.6433e+05	 2.7553e+04	-5.9641e+00
 1.9462e+04	 3.5369e+03	 4.7550e+00	 8.8424e-01	 3.2315e+02	 3.5799e+03	-7.9465e+01	 1.0457e+05	 1.9446e+04	-5.3774e+00
 2.9193e+04	 3.5369e+03	 4.4787e+00	 8.6868e-01	 3.2314e+02	 3.5824e+03	-7.9023e+01	 7.0963e+04	 1.3764e+04	-5.1558e+00
 4.3789e+04	 3.5369e+03	 4.2193e+00	 8.0196e-01	 3.2314e+02	 3.5848e+03	-7.9238e+01	 5.1245e+04	 9.7399e+03	-5.2613e+00
 6.5684e+04	 3.5369e+03	 4.0025e+00	 7.0737e-01	 3.2315e+02	 3.5874e+03	-7.9978e+01	 3.8731e+04	 6.8451e+03	-5.6583e+00
 9.8526e+04	 3.5369e+03	 3.8320e+00	 6.0663e-01	 3.2314e+02	 3.5898e+03	-8.1004e+01	 3.0109e+04	 4.7665e+03	-6.3168e+00
 1.4779e+05	 3.5369e+03	 3.6902e+00	 5.1483e-01	 3.2315e+02	 3.5927e+03	-8.2058e+01	 2.3652e+04	 3.2997e+03	-7.1679e+00
 2.2168e+05	 3.5369e+03	 3.5848e+00	 4.4061e-01	 3.2315e+02	 3.5953e+03	-8.2993e+01	 1.8424e+04	 2.2645e+03	-8.1361e+00
 3.3253e+05	 3.5369e+03	 3.4966e+00	 3.8298e-01	 3.2315e+02	 3.5978e+03	-8.3749e+01	 1.4131e+04	 1.5477e+03	-9.1299e+00
 4.9879e+05	 3.5369e+03	 3.4189e+00	 3.3929e-01	 3.2314e+02	 3.6006e+03	-8.4333e+01	 1.0633e+04	 1.0553e+03	-1.0077e+01
 7.4818e+05	 3.5369e+03	 3.4038e+00	 2.1815e-01	 3.2314e+02	 3.6087e+03	-8.6333e+01	 1.1026e+04	 7.0664e+02	-1.5603e+01
 9.0000e+05	 3.5369e+03	 3.3784e+00	 1.9772e-01	 3.2314e+02	 3.6164e+03	-8.6651e+01	 1.0113e+04	 5.9185e+02	-1.7087e+01
 1.0000e+02	 3.6137e+03	 6.1639e+00	 2.0132e-01	 3.2315e+02	 3.6232e+03	-8.8129e+01	 8.9390e+07	 2.9195e+06	-3.0618e+01
 1.5000e+02	 3.6137e+03	 6.1200e+00	 2.0033e-01	 3.2315e+02	 3.6258e+03	-8.8125e+01	 5.9886e+07	 1.9603e+06	-3.0549e+01
 2.2500e+02	 3.6137e+03	 6.0808e+00	 2.0026e-01	 3.2315e+02	 3.6283e+03	-8.8114e+01	 3.9938e+07	 1.3153e+06	-3.0364e+01
 3.3750e+02	 3.6137e+03	 6.0403e+00	 2.1035e-01	 3.2315e+02	 3.6311e+03	-8.8006e+01	 2.5349e+07	 8.8275e+05	-2.8716e+01
 5.0625e+02	 3.6137e+03	 5.9982e+00	 2.2992e-01	 3.2314e+02	 3.6336e+03	-8.7805e+01	 1.5461e+07	 5.9263e+05	-2.6088e+01
 7.5938e+02	 3.6137e+03	 5.9521e+00	 2.6105e-01	 3.2315e+02	 3.6364e+03	-8.7489e+01	 9.0779e+06	 3.9815e+05	-2.2800e+01
 1.1391e+03	 3.6137e+03	 5.8987e+00	 3.0658e-01	 3.2315e+02	 3.6389e+03	-8.7025e+01	 5.1533e+06	 2.6783e+05	-1.9241e+01
 1.7086e+03	 3.6137e+03	 5.8331e+00	 3.6866e-01	 3.2315e+02	 3.6417e+03	-8.6384e+01	 2.8570e+06	 1.8056e+05	-1.5823e+01
 2.5629e+03	 3.6137e+03	 5.7476e+00	 4.4931e-01	 3.2315e+02	 3.6442e+03	-8.5530e+01	 1.5627e+06	 1.2217e+05	-1.2792e+01
 3.8443e+03	 3.6137e+03	 5.6340e+00	 5.4637e-01	 3.2315e+02	 3.6467e+03	-8.4461e+01	 8.5677e+05	 8.3086e+04	-1.0312e+01
 5.7665e+03	 3.6137e+03	 5.4816e+00	 6.5460e-01	 3.2315e+02	 3.6493e+03	-8.3190e+01	 4.7674e+05	 5.6931e+04	-8.3740e+00
 8.6498e+03	 3.6137e+03	 5.2832e+00	 7.6072e-01	 3.2316e+02	 3.6519e+03	-8.1806e+01	 2.7349e+05	 3.9379e+04	-6.9450e+00
 1.2975e+04	 3.6137e+03	 5.0380e+00	 8.4519e-01	 3.2315e+02	 3.6546e+03	-8.0477e+01	 1.6410e+05	 2.7530e+04	-5.9608e+00
 1.9462e+04	 3.6137e+03	 4.7585e+00	 8.8550e-01	 3.2316e+02	 3.6572e+03	-7.9458e+01	 1.0442e+05	 1.9432e+04	-5.3738e+00
 2.9193e+04	 3.6137e+03	 4.4816e+00	 8.6999e-01	 3.2315e+02	 3.6599e+03	-7.9014e+01	 7.0856e+04	 1.3755e+04	-5.1513e+00
 4.3789e+04	 3.6137e+03	 4.2220e+00	 8.0361e-01	 3.2315e+02	 3.6624e+03	-7.9223e+01	 5.1139e+04	 9.7339e+03	-5.2537e+00
 6.5684e+04	 3.6137e+03	 4.0046e+00	 7.0853e-01	 3.2315e+02	 3.6649e+03	-7.9967e+01	 3.8668e+04	 6.8415e+03	-5.6520e+00
 9.8526e+04	 3.6137e+03	 3.8337e+00	 6.0767e-01	 3.2315e+02	 3.6675e+03	-8.0993e+01	 3.0057e+04	 4.7643e+03	-6.3088e+00
 1.4779e+05	 3.6137e+03	 3.6916e+00	 5.1579e-01	 3.2316e+02	 3.6701e+03	-8.2046e+01	 2.3608e+04	 3.2985e+03	-7.1572e+00
 2.2168e+05	 3.6137e+03	 3.5860e+00	 4.4151e-01	 3.2315e+02	 3.6726e+03	-8.2981e+01	 1.8386e+04	 2.2637e+03	-8.1222e+00
 3.3253e+05	 3.6137e+03	 3.4977e+00	 3.8370e-01	 3.2315e+02	 3.6751e+03	-8.3740e+01	 1.4104e+04	 1.5472e+03	-9.1157e+00
 4.9879e+05	 3.6137e+03	 3.4198e+00	 3.3992e-01	 3.2315e+02	 3.6777e+03	-8.4323e+01	 1.0614e+04	 1.0550e+03	-1.0060e+01
 7.4818e+05	 3.6137e+03	 3.4044e+00	 2.1941e-01	 3.2315e+02	 3.6855e+03	-8.6312e+01	 1.0962e+04	 7.0652e+02	-1.5516e+01
 9.0000e+05	 3.6137e+03	 3.3793e+00	 1.9763e-01	 3.2315e+02	 3.6932e+03	-8.6653e+01	 1.0118e+04	 5.9170e+02	-1.7099e+01
 1.0000e+02	 3.6905e+03	 6.1663e+00	 2.0186e-01	 3.2316e+02	 3.7002e+03	-8.8125e+01	 8.9147e+07	 2.9184e+06	-3.0547e+01
 1.5000e+02	 3.6905e+03	 6.1276e+00	 1.9862e-01	 3.2315e+02	 3.7026e+03	-8.8143e+01	 6.0402e+07	 1.9579e+06	-3.0851e+01
 2.2500e+02	 3.6905e+03	 6.0833e+00	 2.0029e-01	 3.2315e+02	 3.7051e+03	-8.8114e+01	 3.9933e+07	 1.3148e+06	-3.0373e+01
 3.3750e+02	 3.6905e+03	 6.0425e+00	 2.1021e-01	 3.2316e+02	 3.7078e+03	-8.8008e+01	 2.5365e+07	 8.8243e+05	-2.8744e+01
 5.0625e+02	 3.6905e+03	 6.0004e+00	 2.2974e-01	 3.2315e+02	 3.7103e+03	-8.7807e+01	 1.5473e+07	 5.9241e+05	-2.6118e+01
 7.5938e+02	 3.6905e+03	 5.9546e+00	 2.6054e-01	 3.2316e+02	 3.7131e+03	-8.7495e+01	 9.0957e+06	 3.9798e+05	-2.2855e+01
 1.1391e+03	 3.6905e+03	 5.9016e+00	 3.0571e-01	 3.2316e+02	 3.7155e+03	-8.7035e+01	 5.1678e+06	 2.6770e+05	-1.9304e+01
 1.7086e+03	 3.6905e+03	 5.8363e+00	 3.6764e-01	 3.2316e+02	 3.7182e+03	-8.6396e+01	 2.8649e+06	 1.8046e+05	-1.5875e+01
 2.5629e+03	 3.6905e+03	 5.7513e+00	 4.4818e-01	 3.2316e+02	 3.7208e+03	-8.5544e+01	 1.5667e+06	 1.2209e+05	-1.2833e+01
 3.8443e+03	 3.6905e+03	 5.6378e+00	 5.4575e-01	 3.2316e+02	 3.7232e+03	-8.4471e+01	 8.5774e+05	 8.3030e+04	-1.0330e+01
 5.7665e+03	 3.6905e+03	 5.4858e+00	 6.5458e-01	 3.2316e+02	 3.7258e+03	-8.3195e+01	 4.7675e+05	 5.6887e+04	-8.3806e+00
 8.6498e+03	 3.6905e+03	 5.2872e+00	 7.6134e-01	 3.2315e+02	 3.7284e+03	-8.1806e+01	 2.7327e+05	 3.9349e+04	-6.9447e+00
 1.2975e+04	 3.6905e+03	 5.0414e+00	 8.4621e-01	 3.2314e+02	 3.7308e+03	-8.0472e+01	 1.6391e+05	 2.7512e+04	-5.9577e+00
 1.9462e+04	 3.6905e+03	 4.7616e+00	 8.8685e-01	 3.2314e+02	 3.7336e+03	-7.9449e+01	 1.0426e+05	 1.9419e+04	-5.3691e+00
 2.9193e+04	 3.6905e+03	 4.4841e+00	 8.7129e-01	 3.2314e+02	 3.7362e+03	-7.9004e+01	 7.0751e+04	 1.3747e+04	-5.1466e+00
 4.3789e+04	 3.6905e+03	 4.2241e+00	 8.0457e-01	 3.2314e+02	 3.7389e+03	-7.9216e+01	 5.1078e+04	 9.7290e+03	-5.2501e+00
 6.5684e+04	 3.6905e+03	 4.0064e+00	 7.0973e-01	 3.2314e+02	 3.7413e+03	-7.9954e+01	 3.8602e+04	 6.8384e+03	-5.6450e+00
 9.8526e+04	 3.6905e+03	 3.8353e+00	 6.0869e-01	 3.2315e+02	 3.7438e+03	-8.0982e+01	 3.0007e+04	 4.7624e+03	-6.3008e+00
 1.4779e+05	 3.6905e+03	 3.6930e+00	 5.1669e-01	 3.2314e+02	 3.7464e+03	-8.2035e+01	 2.3567e+04	 3.2972e+03	-7.1475e+00
 2.2168e+05	 3.6905e+03	 3.5871e+00	 4.4218e-01	 3.2314e+02	 3.7492e+03	-8.2973e+01	 1.8358e+04	 2.2630e+03	-8.1123e+00
 3.3253e+05	 3.6905e+03	 3.4985e+00	 3.8430e-01	 3.2314e+02	 3.7516e+03	-8.3731e+01	 1.4082e+04	 1.5469e+03	-9.1034e+00
 4.9879e+05	 3.6905e+03	 3.4207e+00	 3.4045e-01	 3.2314e+02	 3.7542e+03	-8.4316e+01	 1.0597e+04	 1.0547e+03	-1.0048e+01
 7.4818e+05	 3.6905e+03	 3.4052e+00	 2.1969e-01	 3.2315e+02	 3.7619e+03	-8.6309e+01	 1.0949e+04	 7.0635e+02	-1.5500e+01
 9.0000e+05	 3.6905e+03	 3.3799e+00	 1.9796e-01	 3.2314e+02	 3.7697e+03	-8.6648e+01	 1.0101e+04	 5.9159e+02	-1.7074e+01
 1.0000e+02	 3.7670e+03	 6.1687e+00	 2.0232e-01	 3.2315e+02	 3.7768e+03	-8.8121e+01	 8.8946e+07	 2.9173e+06	-3.0489e+01
 1.5000e+02	 3.7670e+03	 6.1244e+00	 2.0127e-01	 3.2315e+02	 3.7797e+03	-8.8118e+01	 5.9607e+07	 1.9589e+06	-3.0429e+01
 2.2500e+02	 3.7670e+03	 6.0852e+00	 2.0030e-01	 3.2315e+02	 3.7821e+03	-8.8115e+01	 3.9931e+07	 1.3143e+06	-3.0381e+01
 3.3750e+02	 3.7670e+03	 6.0443e+00	 2.1008e-01	 3.2316e+02	 3.7847e+03	-8.8009e+01	 2.5381e+07	 8.8216e+05	-2.8771e+01
 5.0625e+02	 3.7670e+03	 6.0026e+00	 2.2919e-01	 3.2315e+02	 3.7873e+03	-8.7813e+01	 1.5510e+07	 5.9220e+05	-2.6191e+01
 7.5938e+02	 3.7670e+03	 5.9568e+00	 2.5997e-01	 3.2315e+02	 3.7899e+03	-8.7501e+01	 9.1157e+06	 3.9783e+05	-2.2913e+01
 1.1391e+03	 3.7670e+03	 5.9040e+00	 3.0468e-01	 3.2316e+02	 3.7926e+03	-8.7046e+01	 5.1854e+06	 2.6759e+05	-1.9378e+01
 1.7086e+03	 3.7670e+03	 5.8392e+00	 3.6657e-01	 3.2316e+02	 3.7951e+03	-8.6408e+01	 2.8732e+06	 1.8037e+05	-1.5929e+01
 2.5629e+03	 3.7670e+03	 5.7550e+00	 4.4704e-01	 3.2316e+02	 3.7979e+03	-8.5558e+01	 1.5707e+06	 1.2201e+05	-1.2874e+01
 3.8443e+03	 3.7670e+03	 5.6421e+00	 5.4508e-01	 3.2316e+02	 3.8004e+03	-8.4482e+01	 8.5880e+05	 8.2967e+04	-1.0351e+01
 5.7665e+03	 3.7670e+03	 5.4902e+00	 6.5439e-01	 3.2316e+02	 3.8028e+03	-8.3203e+01	 4.7689e+05	 5.6841e+04	-8.3898e+00
 8.6498e+03	 3.7670e+03	 5.2915e+00	 7.6183e-01	 3.2315e+02	 3.8054e+03	-8.1807e+01	 2.7309e+05	 3.9318e+04	-6.9457e+00
 1.2975e+04	 3.7670e+03	 5.0454e+00	 8.4708e-01	 3.2315e+02	 3.8078e+03	-8.0469e+01	 1.6374e+05	 2.7490e+04	-5.9563e+00
 1.9462e+04	 3.7670e+03	 4.7650e+00	 8.8792e-01	 3.2315e+02	 3.8107e+03	-7.9444e+01	 1.0414e+05	 1.9405e+04	-5.3665e+00
 2.9193e+04	 3.7670e+03	 4.4871e+00	 8.7245e-01	 3.2315e+02	 3.8131e+03	-7.8997e+01	 7.0656e+04	 1.3738e+04	-5.1431e+00
 4.3789e+04	 3.7670e+03	 4.2265e+00	 8.0590e-01	 3.2315e+02	 3.8156e+03	-7.9205e+01	 5.0994e+04	 9.7234e+03	-5.2444e+00
 6.5684e+04	 3.7670e+03	 4.0086e+00	 7.1095e-01	 3.2315e+02	 3.8182e+03	-7.9943e+01	 3.8537e+04	 6.8347e+03	-5.6384e+00
 9.8526e+04	 3.7670e+03	 3.8369e+00	 6.0971e-01	 3.2316e+02	 3.8207e+03	-8.0971e+01	 2.9957e+04	 4.7603e+03	-6.2931e+00
 1.4779e+05	 3.7670e+03	 3.6942e+00	 5.1760e-01	 3.2315e+02	 3.8234e+03	-8.2024e+01	 2.3525e+04	 3.2961e+03	-7.1372e+00
 2.2168e+05	 3.7670e+03	 3.5882e+00	 4.4295e-01	 3.2315e+02	 3.8261e+03	-8.2963e+01	 1.8326e+04	 2.2623e+03	-8.1007e+00
 3.3253e+05	 3.7670e+03	 3.4994e+00	 3.8495e-01	 3.2315e+02	 3.8287e+03	-8.3723e+01	 1.4059e+04	 1.5465e+03	-9.0907e+00
 4.9879e+05	 3.7670e+03	 3.4214e+00	 3.4094e-01	 3.2315e+02	 3.8312e+03	-8.4309e+01	 1.0582e+04	 1.0545e+03	-1.0035e+01
 7.4818e+05	 3.7670e+03	 3.4058e+00	 2.2108e-01	 3.2315e+02	 3.8388e+03	-8.6286e+01	 1.0880e+04	 7.0623e+02	-1.5405e+01
 9.0000e+05	 3.7670e+03	 3.3802e+00	 2.0108e-01	 3.2314e+02	 3.8469e+03	-8.6596e+01	 9.9442e+03	 5.9154e+02	-1.6811e+01
 1.0000e+02	 3.8442e+03	 6.1703e+00	 2.0279e-01	 3.2314e+02	 3.8538e+03	-8.8118e+01	 8.8743e+07	 2.9165e+06	-3.0428e+01
 1.5000e+02	 3.8442e+03	 6.1293e+00	 2.0081e-01	 3.2315e+02	 3.8563e+03	-8.8123e+01	 5.9743e+07	 1.9574e+06	-3.0522e+01
 2.2500e+02	 3.8442e+03	 6.0866e+00	 2.0019e-01	 3.2315e+02	 3.8588e+03	-8.8116e+01	 3.9953e+07	 1.3141e+06	-3.0404e+01
 3.3750e+02	 3.8442e+03	 6.0461e+00	 2.1006e-01	 3.2315e+02	 3.8615e+03	-8.8010e+01	 2.5384e+07	 8.8191e+05	-2.8783e+01
 5.0625e+02	 3.8442e+03	 6.0040e+00	 2.2912e-01	 3.2315e+02	 3.8639e+03	-8.7815e+01	 1.5515e+07	 5.9205e+05	-2.6205e+01
 7.5938e+02	 3.8442e+03	 5.9587e+00	 2.5944e-01	 3.2315e+02	 3.8665e+03	-8.7507e+01	 9.1343e+06	 3.9771e+05	-2.2967e+01
 1.1391e+03	 3.8442e+03	 5.9060e+00	 3.0376e-01	 3.2315e+02	 3.8691e+03	-8.7056e+01	 5.2011e+06	 2.6750e+05	-1.9443e+01
 1.7086e+03	 3.8442e+03	 5.8413e+00	 3.6572e-01	 3.2315e+02	 3.8716e+03	-8.6417e+01	 2.8799e+06	 1.8031e+05	-1.5972e+01
 2.5629e+03	 3.8442e+03	 5.7577e+00	 4.4643e-01	 3.2314e+02	 3.8742e+03	-8.5566e+01	 1.5728e+06	 1.2195e+05	-1.2897e+01
 3.8443e+03	 3.8442e+03	 5.6451e+00	 5.4484e-01	 3.2315e+02	 3.8768e+03	-8.4487e+01	 8.5917e+05	 8.2924e+04	-1.0361e+01
 5.7665e+03	 3.8442e+03	 5.4935e+00	 6.5446e-01	 3.2314e+02	 3.8792e+03	-8.3206e+01	 4.7684e+05	 5.6807e+04	-8.3939e+00
 8.6498e+03	 3.8442e+03	 5.2946e+00	 7.6256e-01	 3.2315e+02	 3.8820e+03	-8.1804e+01	 2.7283e+05	 3.9295e+04	-6.9431e+00
 1.2975e+04	 3.8442e+03	 5.0480e+00	 8.4825e-01	 3.2314e+02	 3.8844e+03	-8.0461e+01	 1.6351e+05	 2.7476e+04	-5.9510e+00
 1.9462e+04	 3.8442e+03	 4.7672e+00	 8.8905e-01	 3.2315e+02	 3.8872e+03	-7.9436e+01	 1.0401e+05	 1.9396e+04	-5.3621e+00
 2.9193e+04	 3.8442e+03	 4.4890e+00	 8.7351e-01	 3.2315e+02	 3.8896e+03	-7.8988e+01	 7.0571e+04	 1.3732e+04	-5.1390e+00
 4.3789e+04	 3.8442e+03	 4.2284e+00	 8.0671e-01	 3.2315e+02	 3.8921e+03	-7.9199e+01	 5.0943e+04	 9.7191e+03	-5.2416e+00
 6.5684e+04	 3.8442e+03	 4.0100e+00	 7.1182e-01	 3.2315e+02	 3.8945e+03	-7.9934e+01	 3.8489e+04	 6.8323e+03	-5.6334e+00
 9.8526e+04	 3.8442e+03	 3.8382e+00	 6.1051e-01	 3.2315e+02	 3.8969e+03	-8.0962e+01	 2.9917e+04	 4.7588e+03	-6.2868e+00
 1.4779e+05	 3.8442e+03	 3.6954e+00	 5.1842e-01	 3.2314e+02	 3.8995e+03	-8.2014e+01	 2.3488e+04	 3.2951e+03	-7.1281e+00
 2.2168e+05	 3.8442e+03	 3.5893e+00	 4.4345e-01	 3.2315e+02	 3.9021e+03	-8.2957e+01	 1.8306e+04	 2.2617e+03	-8.0939e+00
 3.3253e+05	 3.8442e+03	 3.5002e+00	 3.8548e-01	 3.2315e+02	 3.9046e+03	-8.3715e+01	 1.4039e+04	 1.5461e+03	-9.0802e+00
 4.9879e+05	 3.8442e+03	 3.4221e+00	 3.4135e-01	 3.2315e+02	 3.9074e+03	-8.4304e+01	 1.0570e+04	 1.0543e+03	-1.0025e+01
 7.4818e+05	 3.8442e+03	 3.4061e+00	 2.2411e-01	 3.2315e+02	 3.9151e+03	-8.6236e+01	 1.0732e+04	 7.0616e+02	-1.5198e+01
 9.0000e+05	 3.8442e+03	 3.3805e+00	 2.0413e-01	 3.2315e+02	 3.9228e+03	-8.6544e+01	 9.7954e+03	 5.9148e+02	-1.6561e+01
 1.0000e+02	 3.9200e+03	 6.1722e+00	 2.0299e-01	 3.2315e+02	 3.9308e+03	-8.8116e+01	 8.8654e+07	 2.9156e+06	-3.0406e+01
 1.5000e+02	 3.9200e+03	 6.1299e+00	 1.9760e-01	 3.2314e+02	 3.9333e+03	-8.8154e+01	 6.0714e+07	 1.9571e+06	-3.1022e+01
 2.2500e+02	 3.9200e+03	 6.0884e+00	 2.0036e-01	 3.2315e+02	 3.9358e+03	-8.8115e+01	 3.9918e+07	 1.3137e+06	-3.0387e+01
 3.3750e+02	 3.9200e+03	 6.0478e+00	 2.0982e-01	 3.2315e+02	 3.9384e+03	-8.8013e+01	 2.5412e+07	 8.8166e+05	-2.8823e+01
 5.0625e+02	 3.9200e+03	 6.0060e+00	 2.2859e-01	 3.2314e+02	 3.9409e+03	-8.7820e+01	 1.5551e+07	 5.9186e+05	-2.6274e+01
 7.5938e+02	 3.9200e+03	 5.9605e+00	 2.5888e-01	 3.2315e+02	 3.9437e+03	-8.7513e+01	 9.1540e+06	 3.9758e+05	-2.3024e+01
 1.1391e+03	 3.9200e+03	 5.9082e+00	 3.0303e-01	 3.2315e+02	 3.9461e+03	-8.7064e+01	 5.2137e+06	 2.6740e+05	-1.9497e+01
 1.7086e+03	 3.9200e+03	 5.8439e+00	 3.6483e-01	 3.2315e+02	 3.9489e+03	-8.6428e+01	 2.8870e+06	 1.8023e+05	-1.6018e+01
 2.5629e+03	 3.9200e+03	 5.7607e+00	 4.4552e-01	 3.2315e+02	 3.9516e+03	-8.5578e+01	 1.5761e+06	 1.2189e+05	-1.2930e+01
 3.8443e+03	 3.9200e+03	 5.6485e+00	 5.4406e-01	 3.2315e+02	 3.9542e+03	-8.4498e+01	 8.6039e+05	 8.2874e+04	-1.0382e+01
 5.7665e+03	 3.9200e+03	 5.4972e+00	 6.5439e-01	 3.2315e+02	 3.9567e+03	-8.3211e+01	 4.7689e+05	 5.6770e+04	-8.4005e+00
 8.6498e+03	 3.9200e+03	 5.2981e+00	 7.6298e-01	 3.2315e+02	 3.9594e+03	-8.1805e+01	 2.7268e+05	 3.9268e+04	-6.9439e+00
 1.2975e+04	 3.9200e+03	 5.0515e+00	 8.4914e-01	 3.2315e+02	 3.9621e+03	-8.0458e+01	 1.6334e+05	 2.7457e+04	-5.9489e+00
 1.9462e+04	 3.9200e+03	 4.7699e+00	 8.8997e-01	 3.2315e+02	 3.9649e+03	-7.9431e+01	 1.0390e+05	 1.9385e+04	-5.3597e+00
 2.9193e+04	 3.9200e+03	 4.4914e+00	 8.7447e-01	 3.2315e+02	 3.9674e+03	-7.8982e+01	 7.0493e+04	 1.3725e+04	-5.1361e+00
 4.3789e+04	 3.9200e+03	 4.2304e+00	 8.0769e-01	 3.2315e+02	 3.9698e+03	-7.9191e+01	 5.0881e+04	 9.7145e+03	-5.2377e+00
 6.5684e+04	 3.9200e+03	 4.0118e+00	 7.1272e-01	 3.2315e+02	 3.9726e+03	-7.9926e+01	 3.8441e+04	 6.8292e+03	-5.6289e+00
 9.8526e+04	 3.9200e+03	 3.8396e+00	 6.1149e-01	 3.2315e+02	 3.9750e+03	-8.0951e+01	 2.9870e+04	 4.7570e+03	-6.2791e+00
 1.4779e+05	 3.9200e+03	 3.6968e+00	 5.1914e-01	 3.2315e+02	 3.9778e+03	-8.2006e+01	 2.3455e+04	 3.2939e+03	-7.1209e+00
 2.2168e+05	 3.9200e+03	 3.5904e+00	 4.4426e-01	 3.2315e+02	 3.9804e+03	-8.2946e+01	 1.8272e+04	 2.2610e+03	-8.0816e+00
 3.3253e+05	 3.9200e+03	 3.5013e+00	 3.8602e-01	 3.2315e+02	 3.9832e+03	-8.3708e+01	 1.4020e+04	 1.5457e+03	-9.0702e+00
 4.9879e+05	 3.9200e+03	 3.4230e+00	 3.4192e-01	 3.2315e+02	 3.9858e+03	-8.4296e+01	 1.0552e+04	 1.0540e+03	-1.0011e+01
 7.4818e+05	 3.9200e+03	 3.4074e+00	 2.1921e-01	 3.2315e+02	 3.9934e+03	-8.6319e+01	 1.0973e+04	 7.0590e+02	-1.5544e+01
 9.0000e+05	 3.9200e+03	 3.3821e+00	 1.9692e-01	 3.2316e+02	 4.0016e+03	-8.6668e+01	 1.0154e+04	 5.9121e+02	-1.7175e+01
 1.0000e+02	 3.9989e+03	 6.1741e+00	 2.0319e-01	 3.2316e+02	 4.0087e+03	-8.8115e+01	 8.8567e+07	 2.9147e+06	-3.0386e+01
 1.5000e+02	 3.9989e+03	 6.1326e+00	 1.9815e-01	 3.2316e+02	 4.0111e+03	-8.8149e+01	 6.0545e+07	 1.9563e+06	-3.0949e+01
 2.2500e+02	 3.9989e+03	 6.0901e+00	 2.0037e-01	 3.2316e+02	 4.0137e+03	-8.8116e+01	 3.9916e+07	 1.3133e+06	-3.0394e+01
 3.3750e+02	 3.9989e+03	 6.0494e+00	 2.0969e-01	 3.2315e+02	 4.0163e+03	-8.8015e+01	 2.5428e+07	 8.8141e+05	-2.8849e+01
 5.0625e+02	 3.9989e+03	 6.0077e+00	 2.2814e-01	 3.2315e+02	 4.0188e+03	-8.7825e+01	 1.5581e+07	 5.9169e+05	-2.6334e+01
 7.5938e+02	 3.9989e+03	 5.9624e+00	 2.5802e-01	 3.2315e+02	 4.0216e+03	-8.7522e+01	 9.1845e+06	 3.9746e+05	-2.3108e+01
 1.1391e+03	 3.9989e+03	 5.9100e+00	 3.0236e-01	 3.2316e+02	 4.0240e+03	-8.7071e+01	 5.2251e+06	 2.6732e+05	-1.9546e+01
 1.7086e+03	 3.9989e+03	 5.8463e+00	 3.6355e-01	 3.2316e+02	 4.0267e+03	-8.6442e+01	 2.8971e+06	 1.8015e+05	-1.6081e+01
 2.5629e+03	 3.9989e+03	 5.7640e+00	 4.4440e-01	 3.2315e+02	 4.0292e+03	-8.5591e+01	 1.5800e+06	 1.2182e+05	-1.2970e+01
 3.8443e+03	 3.9989e+03	 5.6521e+00	 5.4330e-01	 3.2316e+02	 4.0319e+03	-8.4509e+01	 8.6160e+05	 8.2820e+04	-1.0403e+01
 5.7665e+03	 3.9989e+03	 5.5011e+00	 6.5420e-01	 3.2316e+02	 4.0343e+03	-8.3218e+01	 4.7703e+05	 5.6730e+04	-8.4089e+00
 8.6498e+03	 3.9989e+03	 5.3021e+00	 7.6331e-01	 3.2315e+02	 4.0369e+03	-8.1808e+01	 2.7256e+05	 3.9239e+04	-6.9462e+00
 1.2975e+04	 3.9989e+03	 5.0547e+00	 8.4998e-01	 3.2315e+02	 4.0396e+03	-8.0455e+01	 1.6318e+05	 2.7440e+04	-5.9468e+00
 1.9462e+04	 3.9989e+03	 4.7729e+00	 8.9107e-01	 3.2315e+02	 4.0421e+03	-7.9425e+01	 1.0377e+05	 1.9373e+04	-5.3563e+00
 2.9193e+04	 3.9989e+03	 4.4938e+00	 8.7556e-01	 3.2315e+02	 4.0449e+03	-7.8975e+01	 7.0405e+04	 1.3717e+04	-5.1325e+00
 4.3789e+04	 3.9989e+03	 4.2323e+00	 8.0871e-01	 3.2315e+02	 4.0474e+03	-7.9182e+01	 5.0817e+04	 9.7101e+03	-5.2334e+00
 6.5684e+04	 3.9989e+03	 4.0134e+00	 7.1373e-01	 3.2315e+02	 4.0500e+03	-7.9916e+01	 3.8386e+04	 6.8264e+03	-5.6232e+00
 9.8526e+04	 3.9989e+03	 3.8410e+00	 6.1232e-01	 3.2315e+02	 4.0524e+03	-8.0942e+01	 2.9829e+04	 4.7552e+03	-6.2728e+00
 1.4779e+05	 3.9989e+03	 3.6977e+00	 5.1978e-01	 3.2315e+02	 4.0554e+03	-8.1999e+01	 2.3426e+04	 3.2930e+03	-7.1141e+00
 2.2168e+05	 3.9989e+03	 3.5912e+00	 4.4490e-01	 3.2315e+02	 4.0579e+03	-8.2938e+01	 1.8246e+04	 2.2604e+03	-8.0719e+00
 3.3253e+05	 3.9989e+03	 3.5020e+00	 3.8660e-01	 3.2315e+02	 4.0607e+03	-8.3700e+01	 1.3999e+04	 1.5453e+03	-9.0586e+00
 4.9879e+05	 3.9989e+03	 3.4236e+00	 3.4232e-01	 3.2315e+02	 4.0633e+03	-8.4290e+01	 1.0539e+04	 1.0538e+03	-1.0001e+01
 7.4818e+05	 3.9989e+03	 3.4080e+00	 2.1860e-01	 3.2315e+02	 4.0709e+03	-8.6330e+01	 1.1003e+04	 7.0577e+02	-1.5590e+01
 9.0000e+05	 3.9989e+03	 3.3824e+00	 1.9916e-01	 3.2315e+02	 4.0791e+03	-8.6630e+01	 1.0040e+04	 5.9115e+02	-1.6983e+01
 1.0000e+02	 4.0764e+03	 6.1755e+00	 2.0341e-01	 3.2314e+02	 4.0856e+03	-8.8113e+01	 8.8470e+07	 2.9141e+06	-3.0360e+01
 1.5000e+02	 4.0764e+03	 6.1323e+00	 1.9847e-01	 3.2315e+02	 4.0881e+03	-8.8146e+01	 6.0449e+07	 1.9564e+06	-3.0899e+01
 2.2500e+02	 4.0764e+03	 6.0914e+00	 2.0048e-01	 3.2314e+02	 4.0908e+03	-8.8115e+01	 3.9894e+07	 1.3130e+06	-3.0384e+01
 3.3750e+02	 4.0764e+03	 6.0508e+00	 2.0944e-01	 3.2314e+02	 4.0934e+03	-8.8018e+01	 2.5459e+07	 8.8121e+05	-2.8890e+01
 5.0625e+02	 4.0764e+03	 6.0089e+00	 2.2789e-01	 3.2315e+02	 4.0961e+03	-8.7828e+01	 1.5599e+07	 5.9157e+05	-2.6368e+01
 7.5938e+02	 4.0764e+03	 5.9638e+00	 2.5756e-01	 3.2315e+02	 4.0989e+03	-8.7527e+01	 9.2009e+06	 3.9737e+05	-2.3155e+01
 1.1391e+03	 4.0764e+03	 5.9119e+00	 3.0167e-01	 3.2316e+02	 4.1014e+03	-8.7079e+01	 5.2370e+06	 2.6723e+05	-1.9597e+01
 1.7086e+03	 4.0764e+03	 5.8486e+00	 3.6294e-01	 3.2315e+02	 4.1042e+03	-8.6449e+01	 2.9020e+06	 1.8009e+05	-1.6115e+01
 2.5629e+03	 4.0764e+03	 5.7665e+00	 4.4341e-01	 3.2315e+02	 4.1068e+03	-8.5603e+01	 1.5836e+06	 1.2177e+05	-1.3005e+01
 3.8443e+03	 4.0764e+03	 5.6553e+00	 5.4249e-01	 3.2315e+02	 4.1096e+03	-8.4521e+01	 8.6289e+05	 8.2774e+04	-1.0425e+01
 5.7665e+03	 4.0764e+03	 5.5045e+00	 6.5394e-01	 3.2315e+02	 4.1121e+03	-8.3225e+01	 4.7722e+05	 5.6694e+04	-8.4175e+00
 8.6498e+03	 4.0764e+03	 5.3053e+00	 7.6364e-01	 3.2315e+02	 4.1149e+03	-8.1809e+01	 2.7244e+05	 3.9215e+04	-6.9474e+00
 1.2975e+04	 4.0764e+03	 5.0578e+00	 8.5076e-01	 3.2315e+02	 4.1174e+03	-8.0452e+01	 1.6303e+05	 2.7423e+04	-5.9451e+00
 1.9462e+04	 4.0764e+03	 4.7755e+00	 8.9218e-01	 3.2315e+02	 4.1199e+03	-7.9418e+01	 1.0364e+05	 1.9363e+04	-5.3526e+00
 2.9193e+04	 4.0764e+03	 4.4961e+00	 8.7659e-01	 3.2315e+02	 4.1226e+03	-7.8968e+01	 7.0323e+04	 1.3711e+04	-5.1291e+00
 4.3789e+04	 4.0764e+03	 4.2343e+00	 8.0975e-01	 3.2315e+02	 4.1251e+03	-7.9174e+01	 5.0752e+04	 9.7054e+03	-5.2292e+00
 6.5684e+04	 4.0764e+03	 4.0151e+00	 7.1469e-01	 3.2315e+02	 4.1278e+03	-7.9907e+01	 3.8335e+04	 6.8235e+03	-5.6180e+00
 9.8526e+04	 4.0764e+03	 3.8425e+00	 6.1316e-01	 3.2315e+02	 4.1303e+03	-8.0933e+01	 2.9788e+04	 4.7534e+03	-6.2667e+00
 1.4779e+05	 4.0764e+03	 3.6990e+00	 5.2070e-01	 3.2315e+02	 4.1332e+03	-8.1987e+01	 2.3385e+04	 3.2919e+03	-7.1039e+00
 2.2168e+05	 4.0764e+03	 3.5923e+00	 4.4545e-01	 3.2315e+02	 4.1358e+03	-8.2931e+01	 1.8224e+04	 2.2598e+03	-8.0644e+00
 3.3253e+05	 4.0764e+03	 3.5029e+00	 3.8716e-01	 3.2315e+02	 4.1384e+03	-8.3693e+01	 1.3978e+04	 1.5450e+03	-9.0475e+00
 4.9879e+05	 4.0764e+03	 3.4244e+00	 3.4282e-01	 3.2315e+02	 4.1411e+03	-8.4283e+01	 1.0524e+04	 1.0536e+03	-9.9889e+00
 7.4818e+05	 4.0764e+03	 3.4084e+00	 2.2202e-01	 3.2315e+02	 4.1489e+03	-8.6273e+01	 1.0833e+04	 7.0568e+02	-1.5352e+01
 9.0000e+05	 4.0764e+03	 3.3830e+00	 1.9906e-01	 3.2315e+02	 4.1569e+03	-8.6632e+01	 1.0045e+04	 5.9106e+02	-1.6994e+01
 1.0000e+02	 4.1542e+03	 6.1769e+00	 2.0370e-01	 3.2315e+02	 4.1636e+03	-8.8111e+01	 8.8343e+07	 2.9134e+06	-3.0323e+01
 1.5000e+02	 4.1542e+03	 6.1341e+00	 1.9843e-01	 3.2314e+02	 4.1663e+03	-8.8147e+01	 6.0459e+07	 1.9558e+06	-3.0913e+01
 2.2500e+02	 4.1542e+03	 6.0928e+00	 2.0029e-01	 3.2314e+02	 4.1688e+03	-8.8117e+01	 3.9932e+07	 1.3127e+06	-3.0419e+01
 3.3750e+02	 4.1542e+03	 6.0521e+00	 2.0934e-01	 3.2314e+02	 4.1713e+03	-8.8019e+01	 2.5471e+07	 8.8103e+05	-2.8910e+01
 5.0625e+02	 4.1542e+03	 6.0106e+00	 2.2764e-01	 3.2314e+02	 4.1740e+03	-8.7831e+01	 1.5615e+07	 5.9141e+05	-2.6404e+01
 7.5938e+02	 4.1542e+03	 5.9655e+00	 2.5718e-01	 3.2315e+02	 4.1769e+03	-8.7531e+01	 9.2147e+06	 3.9725e+05	-2.3196e+01
 1.1391e+03	 4.1542e+03	 5.9138e+00	 3.0093e-01	 3.2315e+02	 4.1793e+03	-8.7087e+01	 5.2499e+06	 2.6715e+05	-1.9652e+01
 1.7086e+03	 4.1542e+03	 5.8508e+00	 3.6194e-01	 3.2314e+02	 4.1822e+03	-8.6460e+01	 2.9100e+06	 1.8002e+05	-1.6165e+01
 2.5629e+03	 4.1542e+03	 5.7690e+00	 4.4261e-01	 3.2315e+02	 4.1848e+03	-8.5613e+01	 1.5864e+06	 1.2171e+05	-1.3034e+01
 3.8443e+03	 4.1542e+03	 5.6582e+00	 5.4179e-01	 3.2315e+02	 4.1872e+03	-8.4530e+01	 8.6400e+05	 8.2730e+04	-1.0444e+01
 5.7665e+03	 4.1542e+03	 5.5079e+00	 6.5369e-01	 3.2315e+02	 4.1896e+03	-8.3232e+01	 4.7740e+05	 5.6660e+04	-8.4258e+00
 8.6498e+03	 4.1542e+03	 5.3087e+00	 7.6397e-01	 3.2315e+02	 4.1923e+03	-8.1811e+01	 2.7233e+05	 3.9190e+04	-6.9488e+00
 1.2975e+04	 4.1542e+03	 5.0608e+00	 8.5159e-01	 3.2315e+02	 4.1950e+03	-8.0448e+01	 1.6287e+05	 2.7406e+04	-5.9428e+00
 1.9462e+04	 4.1542e+03	 4.7781e+00	 8.9305e-01	 3.2315e+02	 4.1976e+03	-7.9413e+01	 1.0354e+05	 1.9352e+04	-5.3504e+00
 2.9193e+04	 4.1542e+03	 4.4984e+00	 8.7755e-01	 3.2315e+02	 4.2002e+03	-7.8961e+01	 7.0246e+04	 1.3704e+04	-5.1260e+00
 4.3789e+04	 4.1542e+03	 4.2363e+00	 8.1095e-01	 3.2315e+02	 4.2026e+03	-7.9163e+01	 5.0676e+04	 9.7009e+03	-5.2239e+00
 6.5684e+04	 4.1542e+03	 4.0168e+00	 7.1565e-01	 3.2315e+02	 4.2052e+03	-7.9898e+01	 3.8283e+04	 6.8208e+03	-5.6128e+00
 9.8526e+04	 4.1542e+03	 3.8439e+00	 6.1396e-01	 3.2314e+02	 4.2078e+03	-8.0925e+01	 2.9749e+04	 4.7516e+03	-6.2609e+00
 1.4779e+05	 4.1542e+03	 3.7002e+00	 5.2139e-01	 3.2314e+02	 4.2104e+03	-8.1979e+01	 2.3354e+04	 3.2908e+03	-7.0968e+00
 2.2168e+05	 4.1542e+03	 3.5934e+00	 4.4621e-01	 3.2315e+02	 4.2131e+03	-8.2921e+01	 1.8192e+04	 2.2591e+03	-8.0530e+00
 3.3253e+05	 4.1542e+03	 3.5038e+00	 3.8767e-01	 3.2315e+02	 4.2155e+03	-8.3686e+01	 1.3960e+04	 1.5445e+03	-9.0381e+00
 4.9879e+05	 4.1542e+03	 3.4252e+00	 3.4322e-01	 3.2315e+02	 4.2182e+03	-8.4278e+01	 1.0512e+04	 1.0533e+03	-9.9797e+00
 7.4818e+05	 4.1542e+03	 3.4091e+00	 2.2227e-01	 3.2315e+02	 4.2261e+03	-8.6270e+01	 1.0821e+04	 7.0555e+02	-1.5337e+01
 9.0000e+05	 4.1542e+03	 3.3837e+00	 1.9882e-01	 3.2315e+02	 4.2339e+03	-8.6637e+01	 1.0057e+04	 5.9092e+02	-1.7019e+01
 1.0000e+02	 4.2312e+03	 6.1784e+00	 2.0418e-01	 3.2315e+02	 4.2408e+03	-8.8107e+01	 8.8135e+07	 2.9127e+06	-3.0259e+01
 1.5000e+02	 4.2312e+03	 6.1336e+00	 1.9937e-01	 3.2316e+02	 4.2432e+03	-8.8138e+01	 6.0176e+07	 1.9560e+06	-3.0765e+01
 2.2500e+02	 4.2312e+03	 6.0944e+00	 2.0036e-01	 3.2315e+02	 4.2459e+03	-8.8117e+01	 3.9919e+07	 1.3124e+06	-3.0418e+01
 3.3750e+02	 4.2312e+03	 6.0537e+00	 2.0926e-01	 3.2315e+02	 4.2485e+03	-8.8020e+01	 2.5481e+07	 8.8079e+05	-2.8930e+01
 5.0625e+02	 4.2312e+03	 6.0119e+00	 2.2706e-01	 3.2315e+02	 4.2509e+03	-8.7837e+01	 1.5656e+07	 5.9128e+05	-2.6478e+01
 7.5938e+02	 4.2312e+03	 5.9669e+00	 2.5644e-01	 3.2315e+02	 4.2536e+03	-8.7539e+01	 9.2410e+06	 3.9716e+05	-2.3268e+01
 1.1391e+03	 4.2312e+03	 5.9156e+00	 3.0034e-01	 3.2315e+02	 4.2560e+03	-8.7094e+01	 5.2602e+06	 2.6707e+05	-1.9696e+01
 1.7086e+03	 4.2312e+03	 5.8527e+00	 3.6085e-01	 3.2315e+02	 4.2586e+03	-8.6472e+01	 2.9188e+06	 1.7996e+05	-1.6219e+01
 2.5629e+03	 4.2312e+03	 5.7716e+00	 4.4134e-01	 3.2315e+02	 4.2612e+03	-8.5627e+01	 1.5910e+06	 1.2166e+05	-1.3078e+01
 3.8443e+03	 4.2312e+03	 5.6615e+00	 5.4089e-01	 3.2315e+02	 4.2637e+03	-8.4543e+01	 8.6544e+05	 8.2683e+04	-1.0467e+01
 5.7665e+03	 4.2312e+03	 5.5113e+00	 6.5316e-01	 3.2315e+02	 4.2663e+03	-8.3241e+01	 4.7779e+05	 5.6624e+04	-8.4379e+00
 8.6498e+03	 4.2312e+03	 5.3125e+00	 7.6415e-01	 3.2315e+02	 4.2689e+03	-8.1815e+01	 2.7226e+05	 3.9162e+04	-6.9522e+00
 1.2975e+04	 4.2312e+03	 5.0642e+00	 8.5227e-01	 3.2315e+02	 4.2716e+03	-8.0447e+01	 1.6274e+05	 2.7388e+04	-5.9420e+00
 1.9462e+04	 4.2312e+03	 4.7810e+00	 8.9395e-01	 3.2315e+02	 4.2742e+03	-7.9409e+01	 1.0344e+05	 1.9340e+04	-5.3482e+00
 2.9193e+04	 4.2312e+03	 4.5007e+00	 8.7862e-01	 3.2315e+02	 4.2769e+03	-7.8954e+01	 7.0160e+04	 1.3697e+04	-5.1225e+00
 4.3789e+04	 4.2312e+03	 4.2384e+00	 8.1190e-01	 3.2315e+02	 4.2794e+03	-7.9156e+01	 5.0617e+04	 9.6962e+03	-5.2203e+00
 6.5684e+04	 4.2312e+03	 4.0186e+00	 7.1670e-01	 3.2315e+02	 4.2822e+03	-7.9888e+01	 3.8227e+04	 6.8177e+03	-5.6071e+00
 9.8526e+04	 4.2312e+03	 3.8453e+00	 6.1487e-01	 3.2315e+02	 4.2846e+03	-8.0915e+01	 2.9705e+04	 4.7499e+03	-6.2539e+00
 1.4779e+05	 4.2312e+03	 3.7015e+00	 5.2221e-01	 3.2315e+02	 4.2873e+03	-8.1970e+01	 2.3317e+04	 3.2897e+03	-7.0880e+00
 2.2168e+05	 4.2312e+03	 3.5944e+00	 4.4679e-01	 3.2315e+02	 4.2901e+03	-8.2914e+01	 1.8169e+04	 2.2584e+03	-8.0449e+00
 3.3253e+05	 4.2312e+03	 3.5046e+00	 3.8825e-01	 3.2315e+02	 4.2929e+03	-8.3679e+01	 1.3939e+04	 1.5442e+03	-9.0269e+00
 4.9879e+05	 4.2312e+03	 3.4259e+00	 3.4374e-01	 3.2315e+02	 4.2955e+03	-8.4271e+01	 1.0496e+04	 1.0531e+03	-9.9668e+00
 7.4818e+05	 4.2312e+03	 3.4100e+00	 2.2098e-01	 3.2315e+02	 4.3033e+03	-8.6292e+01	 1.0884e+04	 7.0536e+02	-1.5431e+01
 9.0000e+05	 4.2312e+03	 3.3844e+00	 1.9795e-01	 3.2315e+02	 4.3114e+03	-8.6653e+01	 1.0101e+04	 5.9080e+02	-1.7097e+01
 1.0000e+02	 4.3087e+03	 6.1796e+00	 2.0404e-01	 3.2315e+02	 4.3181e+03	-8.8109e+01	 8.8197e+07	 2.9121e+06	-3.0286e+01
 1.5000e+02	 4.3087e+03	 6.1365e+00	 1.9899e-01	 3.2315e+02	 4.3208e+03	-8.8143e+01	 6.0291e+07	 1.9550e+06	-3.0839e+01
 2.2500e+02	 4.3087e+03	 6.0955e+00	 2.0021e-01	 3.2315e+02	 4.3232e+03	-8.8119e+01	 3.9949e+07	 1.3121e+06	-3.0445e+01
 3.3750e+02	 4.3087e+03	 6.0549e+00	 2.0896e-01	 3.2315e+02	 4.3261e+03	-8.8023e+01	 2.5517e+07	 8.8061e+05	-2.8976e+01
 5.0625e+02	 4.3087e+03	 6.0135e+00	 2.2678e-01	 3.2315e+02	 4.3285e+03	-8.7840e+01	 1.5674e+07	 5.9112e+05	-2.6517e+01
 7.5938e+02	 4.3087e+03	 5.9685e+00	 2.5582e-01	 3.2315e+02	 4.3312e+03	-8.7546e+01	 9.2637e+06	 3.9705e+05	-2.3331e+01
 1.1391e+03	 4.3087e+03	 5.9171e+00	 2.9890e-01	 3.2315e+02	 4.3336e+03	-8.7108e+01	 5.2856e+06	 2.6700e+05	-1.9797e+01
 1.7086e+03	 4.3087e+03	 5.8546e+00	 3.5982e-01	 3.2315e+02	 4.3362e+03	-8.6483e+01	 2.9272e+06	 1.7990e+05	-1.6271e+01
 2.5629e+03	 4.3087e+03	 5.7740e+00	 4.4027e-01	 3.2316e+02	 4.3388e+03	-8.5640e+01	 1.5948e+06	 1.2161e+05	-1.3114e+01
 3.8443e+03	 4.3087e+03	 5.6645e+00	 5.4005e-01	 3.2315e+02	 4.3412e+03	-8.4554e+01	 8.6679e+05	 8.2638e+04	-1.0489e+01
 5.7665e+03	 4.3087e+03	 5.5147e+00	 6.5273e-01	 3.2315e+02	 4.3437e+03	-8.3250e+01	 4.7810e+05	 5.6589e+04	-8.4487e+00
 8.6498e+03	 4.3087e+03	 5.3160e+00	 7.6427e-01	 3.2316e+02	 4.3463e+03	-8.1819e+01	 2.7222e+05	 3.9137e+04	-6.9556e+00
 1.2975e+04	 4.3087e+03	 5.0673e+00	 8.5266e-01	 3.2315e+02	 4.3488e+03	-8.0448e+01	 1.6267e+05	 2.7371e+04	-5.9429e+00
 1.9462e+04	 4.3087e+03	 4.7836e+00	 8.9485e-01	 3.2315e+02	 4.3516e+03	-7.9404e+01	 1.0333e+05	 1.9330e+04	-5.3458e+00
 2.9193e+04	 4.3087e+03	 4.5032e+00	 8.7956e-01	 3.2315e+02	 4.3541e+03	-7.8948e+01	 7.0085e+04	 1.3689e+04	-5.1198e+00
 4.3789e+04	 4.3087e+03	 4.2404e+00	 8.1264e-01	 3.2316e+02	 4.3569e+03	-7.9151e+01	 5.0571e+04	 9.6916e+03	-5.2180e+00
 6.5684e+04	 4.3087e+03	 4.0202e+00	 7.1750e-01	 3.2316e+02	 4.3594e+03	-7.9881e+01	 3.8184e+04	 6.8149e+03	-5.6031e+00
 9.8526e+04	 4.3087e+03	 3.8468e+00	 6.1580e-01	 3.2316e+02	 4.3622e+03	-8.0905e+01	 2.9660e+04	 4.7481e+03	-6.2467e+00
 1.4779e+05	 4.3087e+03	 3.7026e+00	 5.2303e-01	 3.2315e+02	 4.3648e+03	-8.1960e+01	 2.3281e+04	 3.2886e+03	-7.0792e+00
 2.2168e+05	 4.3087e+03	 3.5954e+00	 4.4747e-01	 3.2315e+02	 4.3673e+03	-8.2906e+01	 1.8141e+04	 2.2578e+03	-8.0350e+00
 3.3253e+05	 4.3087e+03	 3.5055e+00	 3.8884e-01	 3.2315e+02	 4.3700e+03	-8.3670e+01	 1.3918e+04	 1.5438e+03	-9.0152e+00
 4.9879e+05	 4.3087e+03	 3.4267e+00	 3.4417e-01	 3.2315e+02	 4.3726e+03	-8.4265e+01	 1.0483e+04	 1.0529e+03	-9.9566e+00
 7.4818e+05	 4.3087e+03	 3.4104e+00	 2.2282e-01	 3.2315e+02	 4.3806e+03	-8.6262e+01	 1.0795e+04	 7.0526e+02	-1.5306e+01
 9.0000e+05	 4.3087e+03	 3.3846e+00	 2.0402e-01	 3.2315e+02	 4.3882e+03	-8.6550e+01	 9.8007e+03	 5.9077e+02	-1.6590e+01
 1.0000e+02	 4.3855e+03	 6.1809e+00	 2.0430e-01	 3.2315e+02	 4.3963e+03	-8.8107e+01	 8.8084e+07	 2.9115e+06	-3.0254e+01
 1.5000e+02	 4.3855e+03	 6.1375e+00	 1.9921e-01	 3.2315e+02	 4.3988e+03	-8.8141e+01	 6.0225e+07	 1.9547e+06	-3.0810e+01
 2.2500e+02	 4.3855e+03	 6.0968e+00	 2.0021e-01	 3.2315e+02	 4.4015e+03	-8.8119e+01	 3.9949e+07	 1.3118e+06	-3.0453e+01
 3.3750e+02	 4.3855e+03	 6.0562e+00	 2.0874e-01	 3.2315e+02	 4.4041e+03	-8.8026e+01	 2.5543e+07	 8.8043e+05	-2.9012e+01
 5.0625e+02	 4.3855e+03	 6.0145e+00	 2.2627e-01	 3.2315e+02	 4.4067e+03	-8.7845e+01	 1.5710e+07	 5.9102e+05	-2.6581e+01
 7.5938e+02	 4.3855e+03	 5.9699e+00	 2.5554e-01	 3.2315e+02	 4.4092e+03	-8.7549e+01	 9.2736e+06	 3.9696e+05	-2.3362e+01
 1.1391e+03	 4.3855e+03	 5.9187e+00	 2.9861e-01	 3.2315e+02	 4.4117e+03	-8.7112e+01	 5.2908e+06	 2.6693e+05	-1.9821e+01
 1.7086e+03	 4.3855e+03	 5.8565e+00	 3.5898e-01	 3.2315e+02	 4.4144e+03	-8.6492e+01	 2.9340e+06	 1.7984e+05	-1.6314e+01
 2.5629e+03	 4.3855e+03	 5.7764e+00	 4.3936e-01	 3.2315e+02	 4.4169e+03	-8.5650e+01	 1.5981e+06	 1.2156e+05	-1.3147e+01
 3.8443e+03	 4.3855e+03	 5.6671e+00	 5.3911e-01	 3.2315e+02	 4.4196e+03	-8.4566e+01	 8.6830e+05	 8.2602e+04	-1.0512e+01
 5.7665e+03	 4.3855e+03	 5.5178e+00	 6.5229e-01	 3.2315e+02	 4.4220e+03	-8.3258e+01	 4.7843e+05	 5.6557e+04	-8.4591e+00
 8.6498e+03	 4.3855e+03	 5.3191e+00	 7.6445e-01	 3.2315e+02	 4.4247e+03	-8.1821e+01	 2.7215e+05	 3.9114e+04	-6.9580e+00
 1.2975e+04	 4.3855e+03	 5.0702e+00	 8.5351e-01	 3.2315e+02	 4.4272e+03	-8.0445e+01	 1.6250e+05	 2.7356e+04	-5.9404e+00
 1.9462e+04	 4.3855e+03	 4.7864e+00	 8.9581e-01	 3.2315e+02	 4.4299e+03	-7.9399e+01	 1.0322e+05	 1.9318e+04	-5.3431e+00
 2.9193e+04	 4.3855e+03	 4.5052e+00	 8.8057e-01	 3.2315e+02	 4.4326e+03	-7.8941e+01	 7.0004e+04	 1.3683e+04	-5.1162e+00
 4.3789e+04	 4.3855e+03	 4.2422e+00	 8.1367e-01	 3.2315e+02	 4.4351e+03	-7.9142e+01	 5.0507e+04	 9.6875e+03	-5.2136e+00
 6.5684e+04	 4.3855e+03	 4.0218e+00	 7.1846e-01	 3.2316e+02	 4.4376e+03	-7.9872e+01	 3.8134e+04	 6.8122e+03	-5.5978e+00
 9.8526e+04	 4.3855e+03	 3.8481e+00	 6.1664e-01	 3.2315e+02	 4.4400e+03	-8.0896e+01	 2.9620e+04	 4.7465e+03	-6.2404e+00
 1.4779e+05	 4.3855e+03	 3.7039e+00	 5.2352e-01	 3.2315e+02	 4.4426e+03	-8.1955e+01	 2.3259e+04	 3.2875e+03	-7.0750e+00
 2.2168e+05	 4.3855e+03	 3.5963e+00	 4.4812e-01	 3.2315e+02	 4.4451e+03	-8.2897e+01	 1.8115e+04	 2.2572e+03	-8.0253e+00
 3.3253e+05	 4.3855e+03	 3.5063e+00	 3.8927e-01	 3.2315e+02	 4.4476e+03	-8.3665e+01	 1.3903e+04	 1.5435e+03	-9.0074e+00
 4.9879e+05	 4.3855e+03	 3.4274e+00	 3.4462e-01	 3.2315e+02	 4.4503e+03	-8.4258e+01	 1.0469e+04	 1.0527e+03	-9.9454e+00
 7.4818e+05	 4.3855e+03	 3.4110e+00	 2.2381e-01	 3.2315e+02	 4.4581e+03	-8.6246e+01	 1.0747e+04	 7.0514e+02	-1.5240e+01
 9.0000e+05	 4.3855e+03	 3.3854e+00	 2.0120e-01	 3.2315e+02	 4.4658e+03	-8.6599e+01	 9.9380e+03	 5.9062e+02	-1.6826e+01
 1.0000e+02	 4.4630e+03	 6.1820e+00	 2.0452e-01	 3.2315e+02	 4.4728e+03	-8.8105e+01	 8.7990e+07	 2.9110e+06	-3.0227e+01
 1.5000e+02	 4.4630e+03	 6.1391e+00	 1.9832e-01	 3.2315e+02	 4.4753e+03	-8.8150e+01	 6.0495e+07	 1.9542e+06	-3.0956e+01
 2.2500e+02	 4.4630e+03	 6.0979e+00	 2.0011e-01	 3.2315e+02	 4.4778e+03	-8.8120e+01	 3.9968e+07	 1.3116e+06	-3.0472e+01
 3.3750e+02	 4.4630e+03	 6.0572e+00	 2.0844e-01	 3.2315e+02	 4.4804e+03	-8.8029e+01	 2.5581e+07	 8.8028e+05	-2.9060e+01
 5.0625e+02	 4.4630e+03	 6.0159e+00	 2.2618e-01	 3.2315e+02	 4.4830e+03	-8.7847e+01	 1.5716e+07	 5.9088e+05	-2.6598e+01
 7.5938e+02	 4.4630e+03	 5.9711e+00	 2.5481e-01	 3.2315e+02	 4.4856e+03	-8.7556e+01	 9.3003e+06	 3.9688e+05	-2.3434e+01
 1.1391e+03	 4.4630e+03	 5.9204e+00	 2.9767e-01	 3.2315e+02	 4.4881e+03	-8.7122e+01	 5.3075e+06	 2.6685e+05	-1.9889e+01
 1.7086e+03	 4.4630e+03	 5.8584e+00	 3.5808e-01	 3.2315e+02	 4.4906e+03	-8.6502e+01	 2.9414e+06	 1.7978e+05	-1.6361e+01
 2.5629e+03	 4.4630e+03	 5.7787e+00	 4.3836e-01	 3.2315e+02	 4.4934e+03	-8.5662e+01	 1.6018e+06	 1.2151e+05	-1.3182e+01
 3.8443e+03	 4.4630e+03	 5.6700e+00	 5.3823e-01	 3.2315e+02	 4.4958e+03	-8.4577e+01	 8.6973e+05	 8.2558e+04	-1.0535e+01
 5.7665e+03	 4.4630e+03	 5.5211e+00	 6.5179e-01	 3.2315e+02	 4.4984e+03	-8.3267e+01	 4.7879e+05	 5.6524e+04	-8.4706e+00
 8.6498e+03	 4.4630e+03	 5.3222e+00	 7.6443e-01	 3.2315e+02	 4.5009e+03	-8.1827e+01	 2.7216e+05	 3.9090e+04	-6.9624e+00
 1.2975e+04	 4.4630e+03	 5.0733e+00	 8.5405e-01	 3.2314e+02	 4.5036e+03	-8.0444e+01	 1.6240e+05	 2.7339e+04	-5.9403e+00
 1.9462e+04	 4.4630e+03	 4.7889e+00	 8.9661e-01	 3.2315e+02	 4.5062e+03	-7.9395e+01	 1.0313e+05	 1.9308e+04	-5.3411e+00
 2.9193e+04	 4.4630e+03	 4.5075e+00	 8.8151e-01	 3.2315e+02	 4.5089e+03	-7.8935e+01	 6.9930e+04	 1.3676e+04	-5.1134e+00
 4.3789e+04	 4.4630e+03	 4.2441e+00	 8.1466e-01	 3.2315e+02	 4.5113e+03	-7.9134e+01	 5.0446e+04	 9.6831e+03	-5.2097e+00
 6.5684e+04	 4.4630e+03	 4.0233e+00	 7.1912e-01	 3.2315e+02	 4.5138e+03	-7.9866e+01	 3.8098e+04	 6.8096e+03	-5.5947e+00
 9.8526e+04	 4.4630e+03	 3.8494e+00	 6.1732e-01	 3.2315e+02	 4.5164e+03	-8.0889e+01	 2.9588e+04	 4.7448e+03	-6.2358e+00
 1.4779e+05	 4.4630e+03	 3.7049e+00	 5.2426e-01	 3.2315e+02	 4.5190e+03	-8.1946e+01	 2.3226e+04	 3.2866e+03	-7.0670e+00
 2.2168e+05	 4.4630e+03	 3.5974e+00	 4.4865e-01	 3.2315e+02	 4.5217e+03	-8.2891e+01	 1.8094e+04	 2.2566e+03	-8.0182e+00
 3.3253e+05	 4.4630e+03	 3.5072e+00	 3.8988e-01	 3.2315e+02	 4.5241e+03	-8.3657e+01	 1.3881e+04	 1.5430e+03	-8.9957e+00
 4.9879e+05	 4.4630e+03	 3.4281e+00	 3.4503e-01	 3.2315e+02	 4.5269e+03	-8.4253e+01	 1.0457e+04	 1.0524e+03	-9.9356e+00
 7.4818e+05	 4.4630e+03	 3.4118e+00	 2.2313e-01	 3.2315e+02	 4.5346e+03	-8.6258e+01	 1.0780e+04	 7.0497e+02	-1.5291e+01
 9.0000e+05	 4.4630e+03	 3.3861e+00	 2.0188e-01	 3.2315e+02	 4.5422e+03	-8.6588e+01	 9.9044e+03	 5.9051e+02	-1.6773e+01
 1.0000e+02	 4.5395e+03	 6.1831e+00	 2.0426e-01	 3.2315e+02	 4.5504e+03	-8.8108e+01	 8.8101e+07	 2.9104e+06	-3.0270e+01
 1.5000e+02	 4.5395e+03	 6.1394e+00	 2.0098e-01	 3.2315e+02	 4.5528e+03	-8.8125e+01	 5.9693e+07	 1.9541e+06	-3.0547e+01
 2.2500e+02	 4.5395e+03	 6.0987e+00	 1.9989e-01	 3.2315e+02	 4.5556e+03	-8.8123e+01	 4.0013e+07	 1.3114e+06	-3.0511e+01
 3.3750e+02	 4.5395e+03	 6.0585e+00	 2.0832e-01	 3.2314e+02	 4.5582e+03	-8.8031e+01	 2.5595e+07	 8.8010e+05	-2.9082e+01
 5.0625e+02	 4.5395e+03	 6.0170e+00	 2.2559e-01	 3.2315e+02	 4.5608e+03	-8.7853e+01	 1.5757e+07	 5.9078e+05	-2.6672e+01
 7.5938e+02	 4.5395e+03	 5.9724e+00	 2.5453e-01	 3.2315e+02	 4.5634e+03	-8.7560e+01	 9.3106e+06	 3.9679e+05	-2.3465e+01
 1.1391e+03	 4.5395e+03	 5.9220e+00	 2.9672e-01	 3.2315e+02	 4.5662e+03	-8.7132e+01	 5.3244e+06	 2.6678e+05	-1.9958e+01
 1.7086e+03	 4.5395e+03	 5.8601e+00	 3.5700e-01	 3.2315e+02	 4.5688e+03	-8.6514e+01	 2.9503e+06	 1.7973e+05	-1.6415e+01
 2.5629e+03	 4.5395e+03	 5.7807e+00	 4.3737e-01	 3.2315e+02	 4.5714e+03	-8.5673e+01	 1.6054e+06	 1.2147e+05	-1.3217e+01
 3.8443e+03	 4.5395e+03	 5.6725e+00	 5.3719e-01	 3.2315e+02	 4.5739e+03	-8.4590e+01	 8.7140e+05	 8.2523e+04	-1.0560e+01
 5.7665e+03	 4.5395e+03	 5.5242e+00	 6.5114e-01	 3.2315e+02	 4.5763e+03	-8.3277e+01	 4.7927e+05	 5.6492e+04	-8.4838e+00
 8.6498e+03	 4.5395e+03	 5.3256e+00	 7.6441e-01	 3.2315e+02	 4.5789e+03	-8.1832e+01	 2.7217e+05	 3.9065e+04	-6.9670e+00
 1.2975e+04	 4.5395e+03	 5.0764e+00	 8.5447e-01	 3.2315e+02	 4.5814e+03	-8.0445e+01	 1.6232e+05	 2.7322e+04	-5.9410e+00
 1.9462e+04	 4.5395e+03	 4.7916e+00	 8.9745e-01	 3.2315e+02	 4.5842e+03	-7.9392e+01	 1.0303e+05	 1.9298e+04	-5.3391e+00
 2.9193e+04	 4.5395e+03	 4.5098e+00	 8.8248e-01	 3.2315e+02	 4.5866e+03	-7.8928e+01	 6.9853e+04	 1.3669e+04	-5.1104e+00
 4.3789e+04	 4.5395e+03	 4.2462e+00	 8.1544e-01	 3.2315e+02	 4.5891e+03	-7.9129e+01	 5.0397e+04	 9.6784e+03	-5.2072e+00
 6.5684e+04	 4.5395e+03	 4.0251e+00	 7.2001e-01	 3.2315e+02	 4.5919e+03	-7.9858e+01	 3.8051e+04	 6.8066e+03	-5.5904e+00
 9.8526e+04	 4.5395e+03	 3.8509e+00	 6.1813e-01	 3.2315e+02	 4.5944e+03	-8.0881e+01	 2.9548e+04	 4.7430e+03	-6.2299e+00
 1.4779e+05	 4.5395e+03	 3.7062e+00	 5.2498e-01	 3.2315e+02	 4.5969e+03	-8.1938e+01	 2.3194e+04	 3.2854e+03	-7.0597e+00
 2.2168e+05	 4.5395e+03	 3.5984e+00	 4.4942e-01	 3.2315e+02	 4.5995e+03	-8.2881e+01	 1.8063e+04	 2.2559e+03	-8.0067e+00
 3.3253e+05	 4.5395e+03	 3.5082e+00	 3.9045e-01	 3.2315e+02	 4.6019e+03	-8.3649e+01	 1.3861e+04	 1.5426e+03	-8.9850e+00
 4.9879e+05	 4.5395e+03	 3.4289e+00	 3.4555e-01	 3.2315e+02	 4.6046e+03	-8.4245e+01	 1.0441e+04	 1.0522e+03	-9.9230e+00
 7.4818e+05	 4.5395e+03	 3.4126e+00	 2.2308e-01	 3.2315e+02	 4.6121e+03	-8.6260e+01	 1.0782e+04	 7.0482e+02	-1.5298e+01
 9.0000e+05	 4.5395e+03	 3.3868e+00	 2.0223e-01	 3.2315e+02	 4.6198e+03	-8.6583e+01	 9.8876e+03	 5.9039e+02	-1.6748e+01
 1.0000e+02	 4.6170e+03	 6.1845e+00	 2.0425e-01	 3.2314e+02	 4.6281e+03	-8.8108e+01	 8.8105e+07	 2.9098e+06	-3.0279e+01
 1.5000e+02	 4.6170e+03	 6.1429e+00	 1.9911e-01	 3.2315e+02	 4.6305e+03	-8.8144e+01	 6.0255e+07	 1.9530e+06	-3.0852e+01
 2.2500e+02	 4.6170e+03	 6.1002e+00	 1.9993e-01	 3.2315e+02	 4.6332e+03	-8.8123e+01	 4.0004e+07	 1.3111e+06	-3.0511e+01
 3.3750e+02	 4.6170e+03	 6.0592e+00	 2.0795e-01	 3.2315e+02	 4.6358e+03	-8.8034e+01	 2.5641e+07	 8.7999e+05	-2.9138e+01
 5.0625e+02	 4.6170e+03	 6.0179e+00	 2.2546e-01	 3.2315e+02	 4.6385e+03	-8.7854e+01	 1.5766e+07	 5.9069e+05	-2.6691e+01
 7.5938e+02	 4.6170e+03	 5.9736e+00	 2.5364e-01	 3.2315e+02	 4.6411e+03	-8.7569e+01	 9.3432e+06	 3.9671e+05	-2.3552e+01
 1.1391e+03	 4.6170e+03	 5.9231e+00	 2.9611e-01	 3.2315e+02	 4.6435e+03	-8.7138e+01	 5.3355e+06	 2.6673e+05	-2.0003e+01
 1.7086e+03	 4.6170e+03	 5.8616e+00	 3.5621e-01	 3.2315e+02	 4.6461e+03	-8.6522e+01	 2.9568e+06	 1.7968e+05	-1.6455e+01
 2.5629e+03	 4.6170e+03	 5.7828e+00	 4.3613e-01	 3.2314e+02	 4.6487e+03	-8.5687e+01	 1.6100e+06	 1.2142e+05	-1.3259e+01
 3.8443e+03	 4.6170e+03	 5.6752e+00	 5.3611e-01	 3.2315e+02	 4.6511e+03	-8.4604e+01	 8.7316e+05	 8.2483e+04	-1.0586e+01
 5.7665e+03	 4.6170e+03	 5.5272e+00	 6.5039e-01	 3.2315e+02	 4.6538e+03	-8.3289e+01	 4.7983e+05	 5.6461e+04	-8.4984e+00
 8.6498e+03	 4.6170e+03	 5.3290e+00	 7.6438e-01	 3.2315e+02	 4.6563e+03	-8.1837e+01	 2.7218e+05	 3.9041e+04	-6.9716e+00
 1.2975e+04	 4.6170e+03	 5.0796e+00	 8.5495e-01	 3.2315e+02	 4.6589e+03	-8.0446e+01	 1.6223e+05	 2.7305e+04	-5.9414e+00
 1.9462e+04	 4.6170e+03	 4.7945e+00	 8.9826e-01	 3.2315e+02	 4.6614e+03	-7.9389e+01	 1.0294e+05	 1.9286e+04	-5.3376e+00
 2.9193e+04	 4.6170e+03	 4.5123e+00	 8.8346e-01	 3.2315e+02	 4.6642e+03	-7.8922e+01	 6.9776e+04	 1.3661e+04	-5.1076e+00
 4.3789e+04	 4.6170e+03	 4.2481e+00	 8.1658e-01	 3.2315e+02	 4.6666e+03	-7.9119e+01	 5.0327e+04	 9.6740e+03	-5.2023e+00
 6.5684e+04	 4.6170e+03	 4.0269e+00	 7.2113e-01	 3.2315e+02	 4.6691e+03	-7.9847e+01	 3.7993e+04	 6.8036e+03	-5.5842e+00
 9.8526e+04	 4.6170e+03	 3.8524e+00	 6.1905e-01	 3.2315e+02	 4.6718e+03	-8.0871e+01	 2.9505e+04	 4.7412e+03	-6.2231e+00
 1.4779e+05	 4.6170e+03	 3.7074e+00	 5.2583e-01	 3.2315e+02	 4.6744e+03	-8.1927e+01	 2.3157e+04	 3.2844e+03	-7.0506e+00
 2.2168e+05	 4.6170e+03	 3.5994e+00	 4.4993e-01	 3.2315e+02	 4.6772e+03	-8.2875e+01	 1.8042e+04	 2.2553e+03	-8.0000e+00
 3.3253e+05	 4.6170e+03	 3.5090e+00	 3.9090e-01	 3.2314e+02	 4.6798e+03	-8.3644e+01	 1.3845e+04	 1.5423e+03	-8.9768e+00
 4.9879e+05	 4.6170e+03	 3.4298e+00	 3.4598e-01	 3.2315e+02	 4.6825e+03	-8.4240e+01	 1.0428e+04	 1.0519e+03	-9.9132e+00
 7.4818e+05	 4.6170e+03	 3.4132e+00	 2.2476e-01	 3.2315e+02	 4.6901e+03	-8.6232e+01	 1.0701e+04	 7.0469e+02	-1.5186e+01
 9.0000e+05	 4.6170e+03	 3.3873e+00	 2.0350e-01	 3.2315e+02	 4.6978e+03	-8.6562e+01	 9.8257e+03	 5.9029e+02	-1.6645e+01
 1.0000e+02	 4.6951e+03	 6.1853e+00	 2.0447e-01	 3.2315e+02	 4.7058e+03	-8.8107e+01	 8.8013e+07	 2.9094e+06	-3.0251e+01
 1.5000e+02	 4.6951e+03	 6.1416e+00	 2.0141e-01	 3.2315e+02	 4.7083e+03	-8.8122e+01	 5.9566e+07	 1.9534e+06	-3.0493e+01
 2.2500e+02	 4.6951e+03	 6.1009e+00	 1.9968e-01	 3.2316e+02	 4.7111e+03	-8.8125e+01	 4.0054e+07	 1.3110e+06	-3.0553e+01
 3.3750e+02	 4.6951e+03	 6.0605e+00	 2.0777e-01	 3.2315e+02	 4.7136e+03	-8.8037e+01	 2.5663e+07	 8.7981e+05	-2.9169e+01
 5.0625e+02	 4.6951e+03	 6.0190e+00	 2.2502e-01	 3.2315e+02	 4.7161e+03	-8.7859e+01	 1.5797e+07	 5.9058e+05	-2.6749e+01
 7.5938e+02	 4.6951e+03	 5.9748e+00	 2.5322e-01	 3.2315e+02	 4.7186e+03	-8.7573e+01	 9.3587e+06	 3.9663e+05	-2.3595e+01
 1.1391e+03	 4.6951e+03	 5.9244e+00	 2.9556e-01	 3.2315e+02	 4.7211e+03	-8.7144e+01	 5.3454e+06	 2.6667e+05	-2.0045e+01
 1.7086e+03	 4.6951e+03	 5.8634e+00	 3.5514e-01	 3.2315e+02	 4.7237e+03	-8.6534e+01	 2.9657e+06	 1.7963e+05	-1.6510e+01
 2.5629e+03	 4.6951e+03	 5.7847e+00	 4.3510e-01	 3.2315e+02	 4.7262e+03	-8.5699e+01	 1.6138e+06	 1.2138e+05	-1.3295e+01
 3.8443e+03	 4.6951e+03	 5.6776e+00	 5.3508e-01	 3.2315e+02	 4.7289e+03	-8.4616e+01	 8.7484e+05	 8.2449e+04	-1.0611e+01
 5.7665e+03	 4.6951e+03	 5.5302e+00	 6.4978e-01	 3.2315e+02	 4.7314e+03	-8.3299e+01	 4.8028e+05	 5.6431e+04	-8.5109e+00
 8.6498e+03	 4.6951e+03	 5.3321e+00	 7.6427e-01	 3.2314e+02	 4.7339e+03	-8.1843e+01	 2.7222e+05	 3.9018e+04	-6.9768e+00
 1.2975e+04	 4.6951e+03	 5.0826e+00	 8.5540e-01	 3.2315e+02	 4.7366e+03	-8.0447e+01	 1.6215e+05	 2.7289e+04	-5.9418e+00
 1.9462e+04	 4.6951e+03	 4.7970e+00	 8.9900e-01	 3.2315e+02	 4.7391e+03	-7.9385e+01	 1.0285e+05	 1.9276e+04	-5.3360e+00
 2.9193e+04	 4.6951e+03	 4.5145e+00	 8.8423e-01	 3.2314e+02	 4.7419e+03	-7.8918e+01	 6.9715e+04	 1.3655e+04	-5.1056e+00
 4.3789e+04	 4.6951e+03	 4.2499e+00	 8.1741e-01	 3.2315e+02	 4.7443e+03	-7.9113e+01	 5.0276e+04	 9.6698e+03	-5.1992e+00
 6.5684e+04	 4.6951e+03	 4.0283e+00	 7.2189e-01	 3.2314e+02	 4.7471e+03	-7.9840e+01	 3.7952e+04	 6.8012e+03	-5.5802e+00
 9.8526e+04	 4.6951e+03	 3.8538e+00	 6.1977e-01	 3.2314e+02	 4.7495e+03	-8.0864e+01	 2.9470e+04	 4.7395e+03	-6.2181e+00
 1.4779e+05	 4.6951e+03	 3.7085e+00	 5.2647e-01	 3.2315e+02	 4.7521e+03	-8.1920e+01	 2.3129e+04	 3.2834e+03	-7.0441e+00
 2.2168e+05	 4.6951e+03	 3.6005e+00	 4.5048e-01	 3.2315e+02	 4.7549e+03	-8.2868e+01	 1.8020e+04	 2.2546e+03	-7.9926e+00
 3.3253e+05	 4.6951e+03	 3.5098e+00	 3.9142e-01	 3.2315e+02	 4.7573e+03	-8.3637e+01	 1.3826e+04	 1.5419e+03	-8.9671e+00
 4.9879e+05	 4.6951e+03	 3.4304e+00	 3.4648e-01	 3.2315e+02	 4.7599e+03	-8.4232e+01	 1.0413e+04	 1.0517e+03	-9.9006e+00
 7.4818e+05	 4.6951e+03	 3.4140e+00	 2.2409e-01	 3.2315e+02	 4.7675e+03	-8.6245e+01	 1.0734e+04	 7.0453e+02	-1.5235e+01
 9.0000e+05	 4.6951e+03	 3.3879e+00	 2.0484e-01	 3.2315e+02	 4.7752e+03	-8.6540e+01	 9.7614e+03	 5.9020e+02	-1.6539e+01
 1.0000e+02	 4.7725e+03	 6.1859e+00	 2.0430e-01	 3.2315e+02	 4.7834e+03	-8.8108e+01	 8.8085e+07	 2.9092e+06	-3.0279e+01
 1.5000e+02	 4.7725e+03	 6.1418e+00	 1.9879e-01	 3.2315e+02	 4.7858e+03	-8.8146e+01	 6.0351e+07	 1.9534e+06	-3.0896e+01
 2.2500e+02	 4.7725e+03	 6.1017e+00	 1.9974e-01	 3.2314e+02	 4.7885e+03	-8.8125e+01	 4.0042e+07	 1.3108e+06	-3.0548e+01
 3.3750e+02	 4.7725e+03	 6.0612e+00	 2.0749e-01	 3.2315e+02	 4.7911e+03	-8.8039e+01	 2.5698e+07	 8.7971e+05	-2.9213e+01
 5.0625e+02	 4.7725e+03	 6.0200e+00	 2.2452e-01	 3.2315e+02	 4.7935e+03	-8.7864e+01	 1.5833e+07	 5.9049e+05	-2.6813e+01
 7.5938e+02	 4.7725e+03	 5.9758e+00	 2.5262e-01	 3.2315e+02	 4.7961e+03	-8.7579e+01	 9.3809e+06	 3.9657e+05	-2.3655e+01
 1.1391e+03	 4.7725e+03	 5.9257e+00	 2.9483e-01	 3.2315e+02	 4.7985e+03	-8.7152e+01	 5.3586e+06	 2.6661e+05	-2.0099e+01
 1.7086e+03	 4.7725e+03	 5.8648e+00	 3.5428e-01	 3.2315e+02	 4.8011e+03	-8.6543e+01	 2.9730e+06	 1.7959e+05	-1.6554e+01
 2.5629e+03	 4.7725e+03	 5.7867e+00	 4.3398e-01	 3.2315e+02	 4.8037e+03	-8.5711e+01	 1.6180e+06	 1.2134e+05	-1.3334e+01
 3.8443e+03	 4.7725e+03	 5.6800e+00	 5.3426e-01	 3.2315e+02	 4.8064e+03	-8.4627e+01	 8.7619e+05	 8.2413e+04	-1.0632e+01
 5.7665e+03	 4.7725e+03	 5.5330e+00	 6.4915e-01	 3.2315e+02	 4.8089e+03	-8.3309e+01	 4.8074e+05	 5.6402e+04	-8.5235e+00
 8.6498e+03	 4.7725e+03	 5.3351e+00	 7.6401e-01	 3.2315e+02	 4.8117e+03	-8.1850e+01	 2.7231e+05	 3.8996e+04	-6.9830e+00
 1.2975e+04	 4.7725e+03	 5.0857e+00	 8.5576e-01	 3.2315e+02	 4.8141e+03	-8.0448e+01	 1.6208e+05	 2.7272e+04	-5.9429e+00
 1.9462e+04	 4.7725e+03	 4.7997e+00	 8.9965e-01	 3.2315e+02	 4.8167e+03	-7.9384e+01	 1.0278e+05	 1.9265e+04	-5.3351e+00
 2.9193e+04	 4.7725e+03	 4.5168e+00	 8.8512e-01	 3.2315e+02	 4.8191e+03	-7.8913e+01	 6.9645e+04	 1.3648e+04	-5.1031e+00
 4.3789e+04	 4.7725e+03	 4.2519e+00	 8.1832e-01	 3.2315e+02	 4.8216e+03	-7.9106e+01	 5.0220e+04	 9.6654e+03	-5.1959e+00
 6.5684e+04	 4.7725e+03	 4.0300e+00	 7.2274e-01	 3.2315e+02	 4.8240e+03	-7.9833e+01	 3.7908e+04	 6.7983e+03	-5.5761e+00
 9.8526e+04	 4.7725e+03	 3.8552e+00	 6.2057e-01	 3.2315e+02	 4.8266e+03	-8.0855e+01	 2.9432e+04	 4.7378e+03	-6.2123e+00
 1.4779e+05	 4.7725e+03	 3.7097e+00	 5.2719e-01	 3.2315e+02	 4.8291e+03	-8.1912e+01	 2.3097e+04	 3.2824e+03	-7.0367e+00
 2.2168e+05	 4.7725e+03	 3.6013e+00	 4.5113e-01	 3.2315e+02	 4.8316e+03	-8.2860e+01	 1.7994e+04	 2.2541e+03	-7.9829e+00
 3.3253e+05	 4.7725e+03	 3.5107e+00	 3.9196e-01	 3.2315e+02	 4.8342e+03	-8.3629e+01	 1.3807e+04	 1.5415e+03	-8.9567e+00
 4.9879e+05	 4.7725e+03	 3.4312e+00	 3.4686e-01	 3.2315e+02	 4.8368e+03	-8.4228e+01	 1.0402e+04	 1.0515e+03	-9.8921e+00
 7.4818e+05	 4.7725e+03	 3.4143e+00	 2.2742e-01	 3.2315e+02	 4.8447e+03	-8.6189e+01	 1.0576e+04	 7.0447e+02	-1.5013e+01
 9.0000e+05	 4.7725e+03	 3.3888e+00	 2.0111e-01	 3.2315e+02	 4.8523e+03	-8.6604e+01	 9.9422e+03	 5.9003e+02	-1.6850e+01
 1.0000e+02	 4.8496e+03	 6.1867e+00	 2.0436e-01	 3.2315e+02	 4.8589e+03	-8.8108e+01	 8.8060e+07	 2.9088e+06	-3.0274e+01
 1.5000e+02	 4.8496e+03	 6.1440e+00	 1.9910e-01	 3.2316e+02	 4.8613e+03	-8.8144e+01	 6.0256e+07	 1.9527e+06	-3.0858e+01
 2.2500e+02	 4.8496e+03	 6.1027e+00	 1.9938e-01	 3.2315e+02	 4.8639e+03	-8.8129e+01	 4.0115e+07	 1.3106e+06	-3.0609e+01
 3.3750e+02	 4.8496e+03	 6.0621e+00	 2.0731e-01	 3.2315e+02	 4.8664e+03	-8.8041e+01	 2.5721e+07	 8.7957e+05	-2.9242e+01
 5.0625e+02	 4.8496e+03	 6.0209e+00	 2.2440e-01	 3.2315e+02	 4.8691e+03	-8.7866e+01	 1.5841e+07	 5.9040e+05	-2.6831e+01
 7.5938e+02	 4.8496e+03	 5.9768e+00	 2.5209e-01	 3.2315e+02	 4.8717e+03	-8.7585e+01	 9.4008e+06	 3.9650e+05	-2.3709e+01
 1.1391e+03	 4.8496e+03	 5.9267e+00	 2.9404e-01	 3.2315e+02	 4.8744e+03	-8.7160e+01	 5.3729e+06	 2.6657e+05	-2.0156e+01
 1.7086e+03	 4.8496e+03	 5.8663e+00	 3.5337e-01	 3.2315e+02	 4.8770e+03	-8.6553e+01	 2.9806e+06	 1.7954e+05	-1.6601e+01
 2.5629e+03	 4.8496e+03	 5.7885e+00	 4.3319e-01	 3.2315e+02	 4.8797e+03	-8.5720e+01	 1.6209e+06	 1.2130e+05	-1.3363e+01
 3.8443e+03	 4.8496e+03	 5.6823e+00	 5.3314e-01	 3.2315e+02	 4.8821e+03	-8.4640e+01	 8.7802e+05	 8.2380e+04	-1.0658e+01
 5.7665e+03	 4.8496e+03	 5.5359e+00	 6.4842e-01	 3.2315e+02	 4.8846e+03	-8.3319e+01	 4.8128e+05	 5.6373e+04	-8.5375e+00
 8.6498e+03	 4.8496e+03	 5.3383e+00	 7.6388e-01	 3.2315e+02	 4.8873e+03	-8.1857e+01	 2.7236e+05	 3.8973e+04	-6.9884e+00
 1.2975e+04	 4.8496e+03	 5.0886e+00	 8.5609e-01	 3.2315e+02	 4.8898e+03	-8.0450e+01	 1.6201e+05	 2.7257e+04	-5.9440e+00
 1.9462e+04	 4.8496e+03	 4.8023e+00	 9.0034e-01	 3.2315e+02	 4.8925e+03	-7.9381e+01	 1.0270e+05	 1.9255e+04	-5.3338e+00
 2.9193e+04	 4.8496e+03	 4.5188e+00	 8.8593e-01	 3.2315e+02	 4.8949e+03	-7.8908e+01	 6.9581e+04	 1.3642e+04	-5.1007e+00
 4.3789e+04	 4.8496e+03	 4.2538e+00	 8.1911e-01	 3.2315e+02	 4.8974e+03	-7.9100e+01	 5.0171e+04	 9.6611e+03	-5.1931e+00
 6.5684e+04	 4.8496e+03	 4.0316e+00	 7.2348e-01	 3.2315e+02	 4.8999e+03	-7.9827e+01	 3.7869e+04	 6.7956e+03	-5.5726e+00
 9.8526e+04	 4.8496e+03	 3.8564e+00	 6.2126e-01	 3.2315e+02	 4.9024e+03	-8.0848e+01	 2.9400e+04	 4.7363e+03	-6.2073e+00
 1.4779e+05	 4.8496e+03	 3.7107e+00	 5.2770e-01	 3.2314e+02	 4.9052e+03	-8.1906e+01	 2.3075e+04	 3.2815e+03	-7.0319e+00
 2.2168e+05	 4.8496e+03	 3.6023e+00	 4.5177e-01	 3.2315e+02	 4.9079e+03	-8.2852e+01	 1.7969e+04	 2.2535e+03	-7.9737e+00
 3.3253e+05	 4.8496e+03	 3.5116e+00	 3.9239e-01	 3.2315e+02	 4.9106e+03	-8.3624e+01	 1.3792e+04	 1.5411e+03	-8.9495e+00
 4.9879e+05	 4.8496e+03	 3.4320e+00	 3.4726e-01	 3.2315e+02	 4.9132e+03	-8.4222e+01	 1.0390e+04	 1.0513e+03	-9.8830e+00
 7.4818e+05	 4.8496e+03	 3.4154e+00	 2.2227e-01	 3.2315e+02	 4.9212e+03	-8.6277e+01	 1.0822e+04	 7.0423e+02	-1.5366e+01
 9.0000e+05	 4.8496e+03	 3.3896e+00	 1.9997e-01	 3.2315e+02	 4.9290e+03	-8.6624e+01	 9.9992e+03	 5.8990e+02	-1.6951e+01
 1.0000e+02	 4.9263e+03	 6.1876e+00	 2.0425e-01	 3.2315e+02	 4.9355e+03	-8.8109e+01	 8.8105e+07	 2.9083e+06	-3.0294e+01
 1.5000e+02	 4.9263e+03	 6.1448e+00	 1.9840e-01	 3.2315e+02	 4.9381e+03	-8.8151e+01	 6.0470e+07	 1.9524e+06	-3.0972e+01
 2.2500e+02	 4.9263e+03	 6.1034e+00	 1.9912e-01	 3.2315e+02	 4.9406e+03	-8.8131e+01	 4.0166e+07	 1.3104e+06	-3.0651e+01
 3.3750e+02	 4.9263e+03	 6.0629e+00	 2.0701e-01	 3.2316e+02	 4.9432e+03	-8.8044e+01	 2.5757e+07	 8.7946e+05	-2.9287e+01
 5.0625e+02	 4.9263e+03	 6.0217e+00	 2.2393e-01	 3.2316e+02	 4.9459e+03	-8.7870e+01	 1.5874e+07	 5.9032e+05	-2.6891e+01
 7.5938e+02	 4.9263e+03	 5.9778e+00	 2.5165e-01	 3.2316e+02	 4.9484e+03	-8.7589e+01	 9.4172e+06	 3.9643e+05	-2.3755e+01
 1.1391e+03	 4.9263e+03	 5.9280e+00	 2.9348e-01	 3.2316e+02	 4.9511e+03	-8.7166e+01	 5.3832e+06	 2.6651e+05	-2.0199e+01
 1.7086e+03	 4.9263e+03	 5.8678e+00	 3.5238e-01	 3.2315e+02	 4.9538e+03	-8.6563e+01	 2.9889e+06	 1.7950e+05	-1.6652e+01
 2.5629e+03	 4.9263e+03	 5.7903e+00	 4.3190e-01	 3.2315e+02	 4.9565e+03	-8.5734e+01	 1.6258e+06	 1.2127e+05	-1.3407e+01
 3.8443e+03	 4.9263e+03	 5.6847e+00	 5.3207e-01	 3.2316e+02	 4.9589e+03	-8.4653e+01	 8.7979e+05	 8.2345e+04	-1.0684e+01
 5.7665e+03	 4.9263e+03	 5.5388e+00	 6.4762e-01	 3.2315e+02	 4.9617e+03	-8.3331e+01	 4.8188e+05	 5.6343e+04	-8.5526e+00
 8.6498e+03	 4.9263e+03	 5.3414e+00	 7.6350e-01	 3.2316e+02	 4.9643e+03	-8.1865e+01	 2.7249e+05	 3.8950e+04	-6.9959e+00
 1.2975e+04	 4.9263e+03	 5.0917e+00	 8.5640e-01	 3.2315e+02	 4.9668e+03	-8.0452e+01	 1.6196e+05	 2.7240e+04	-5.9455e+00
 1.9462e+04	 4.9263e+03	 4.8052e+00	 9.0115e-01	 3.2315e+02	 4.9695e+03	-7.9378e+01	 1.0261e+05	 1.9243e+04	-5.3323e+00
 2.9193e+04	 4.9263e+03	 4.5214e+00	 8.8698e-01	 3.2315e+02	 4.9719e+03	-7.8901e+01	 6.9499e+04	 1.3634e+04	-5.0975e+00
 4.3789e+04	 4.9263e+03	 4.2560e+00	 8.2016e-01	 3.2315e+02	 4.9746e+03	-7.9092e+01	 5.0107e+04	 9.6561e+03	-5.1892e+00
 6.5684e+04	 4.9263e+03	 4.0334e+00	 7.2450e-01	 3.2316e+02	 4.9771e+03	-7.9817e+01	 3.7815e+04	 6.7926e+03	-5.5671e+00
 9.8526e+04	 4.9263e+03	 3.8580e+00	 6.2217e-01	 3.2315e+02	 4.9795e+03	-8.0839e+01	 2.9357e+04	 4.7343e+03	-6.2009e+00
 1.4779e+05	 4.9263e+03	 3.7121e+00	 5.2856e-01	 3.2315e+02	 4.9821e+03	-8.1896e+01	 2.3037e+04	 3.2802e+03	-7.0230e+00
 2.2168e+05	 4.9263e+03	 3.6034e+00	 4.5231e-01	 3.2315e+02	 4.9846e+03	-8.2845e+01	 1.7947e+04	 2.2528e+03	-7.9667e+00
 3.3253e+05	 4.9263e+03	 3.5125e+00	 3.9297e-01	 3.2315e+02	 4.9871e+03	-8.3616e+01	 1.3772e+04	 1.5407e+03	-8.9382e+00
 4.9879e+05	 4.9263e+03	 3.4327e+00	 3.4770e-01	 3.2315e+02	 4.9899e+03	-8.4216e+01	 1.0376e+04	 1.0510e+03	-9.8727e+00
 7.4818e+05	 4.9263e+03	 3.4162e+00	 2.2261e-01	 3.2315e+02	 4.9977e+03	-8.6272e+01	 1.0805e+04	 7.0408e+02	-1.5346e+01
 9.0000e+05	 4.9263e+03	 3.3906e+00	 1.9600e-01	 3.2315e+02	 5.0056e+03	-8.6692e+01	 1.0202e+04	 5.8973e+02	-1.7299e+01
 1.0000e+02	 5.0029e+03	 6.1884e+00	 2.0430e-01	 3.2315e+02	 5.0122e+03	-8.8109e+01	 8.8083e+07	 2.9080e+06	-3.0290e+01
 1.5000e+02	 5.0029e+03	 6.1456e+00	 1.9758e-01	 3.2315e+02	 5.0146e+03	-8.8159e+01	 6.0719e+07	 1.9522e+06	-3.1104e+01
 2.2500e+02	 5.0029e+03	 6.1042e+00	 1.9900e-01	 3.2315e+02	 5.0174e+03	-8.8133e+01	 4.0192e+07	 1.3103e+06	-3.0675e+01
 3.3750e+02	 5.0029e+03	 6.0638e+00	 2.0674e-01	 3.2315e+02	 5.0199e+03	-8.8047e+01	 2.5792e+07	 8.7932e+05	-2.9331e+01
 5.0625e+02	 5.0029e+03	 6.0226e+00	 2.2351e-01	 3.2315e+02	 5.0226e+03	-8.7875e+01	 1.5904e+07	 5.9022e+05	-2.6946e+01
 7.5938e+02	 5.0029e+03	 5.9788e+00	 2.5119e-01	 3.2315e+02	 5.0251e+03	-8.7594e+01	 9.4341e+06	 3.9637e+05	-2.3801e+01
 1.1391e+03	 5.0029e+03	 5.9293e+00	 2.9252e-01	 3.2315e+02	 5.0276e+03	-8.7176e+01	 5.4009e+06	 2.6645e+05	-2.0270e+01
 1.7086e+03	 5.0029e+03	 5.8690e+00	 3.5169e-01	 3.2316e+02	 5.0304e+03	-8.6571e+01	 2.9948e+06	 1.7946e+05	-1.6688e+01
 2.5629e+03	 5.0029e+03	 5.7917e+00	 4.3087e-01	 3.2315e+02	 5.0332e+03	-8.5745e+01	 1.6296e+06	 1.2124e+05	-1.3442e+01
 3.8443e+03	 5.0029e+03	 5.6867e+00	 5.3118e-01	 3.2315e+02	 5.0357e+03	-8.4664e+01	 8.8126e+05	 8.2317e+04	-1.0706e+01
 5.7665e+03	 5.0029e+03	 5.5411e+00	 6.4706e-01	 3.2315e+02	 5.0385e+03	-8.3340e+01	 4.8230e+05	 5.6320e+04	-8.5635e+00
 8.6498e+03	 5.0029e+03	 5.3441e+00	 7.6340e-01	 3.2315e+02	 5.0411e+03	-8.1870e+01	 2.7253e+05	 3.8931e+04	-7.0004e+00
 1.2975e+04	 5.0029e+03	 5.0942e+00	 8.5658e-01	 3.2315e+02	 5.0436e+03	-8.0455e+01	 1.6192e+05	 2.7227e+04	-5.9472e+00
 1.9462e+04	 5.0029e+03	 4.8075e+00	 9.0190e-01	 3.2314e+02	 5.0462e+03	-7.9375e+01	 1.0252e+05	 1.9234e+04	-5.3304e+00
 2.9193e+04	 5.0029e+03	 4.5232e+00	 8.8760e-01	 3.2315e+02	 5.0487e+03	-7.8898e+01	 6.9450e+04	 1.3628e+04	-5.0960e+00
 4.3789e+04	 5.0029e+03	 4.2575e+00	 8.2085e-01	 3.2315e+02	 5.0514e+03	-7.9087e+01	 5.0065e+04	 9.6527e+03	-5.1867e+00
 6.5684e+04	 5.0029e+03	 4.0348e+00	 7.2523e-01	 3.2314e+02	 5.0538e+03	-7.9810e+01	 3.7778e+04	 6.7903e+03	-5.5634e+00
 9.8526e+04	 5.0029e+03	 3.8592e+00	 6.2281e-01	 3.2315e+02	 5.0562e+03	-8.0832e+01	 2.9327e+04	 4.7328e+03	-6.1964e+00
 1.4779e+05	 5.0029e+03	 3.7131e+00	 5.2915e-01	 3.2315e+02	 5.0589e+03	-8.1889e+01	 2.3012e+04	 3.2794e+03	-7.0171e+00
 2.2168e+05	 5.0029e+03	 3.6042e+00	 4.5286e-01	 3.2315e+02	 5.0614e+03	-8.2839e+01	 1.7926e+04	 2.2523e+03	-7.9589e+00
 3.3253e+05	 5.0029e+03	 3.5133e+00	 3.9343e-01	 3.2315e+02	 5.0641e+03	-8.3610e+01	 1.3756e+04	 1.5404e+03	-8.9299e+00
 4.9879e+05	 5.0029e+03	 3.4335e+00	 3.4815e-01	 3.2315e+02	 5.0668e+03	-8.4210e+01	 1.0363e+04	 1.0508e+03	-9.8621e+00
 7.4818e+05	 5.0029e+03	 3.4169e+00	 2.2020e-01	 3.2315e+02	 5.0747e+03	-8.6313e+01	 1.0923e+04	 7.0392e+02	-1.5518e+01
 9.0000e+05	 5.0029e+03	 3.3912e+00	 1.9643e-01	 3.2315e+02	 5.0825e+03	-8.6685e+01	 1.0179e+04	 5.8962e+02	-1.7265e+01
 1.0000e+02	 5.0798e+03	 6.1890e+00	 2.0415e-01	 3.2315e+02	 5.0890e+03	-8.8111e+01	 8.8151e+07	 2.9077e+06	-3.0316e+01
 1.5000e+02	 5.0798e+03	 6.1456e+00	 1.9801e-01	 3.2315e+02	 5.0915e+03	-8.8155e+01	 6.0589e+07	 1.9522e+06	-3.1037e+01
 2.2500e+02	 5.0798e+03	 6.1048e+00	 1.9886e-01	 3.2315e+02	 5.0941e+03	-8.8134e+01	 4.0219e+07	 1.3101e+06	-3.0698e+01
 3.3750e+02	 5.0798e+03	 6.0646e+00	 2.0656e-01	 3.2315e+02	 5.0966e+03	-8.8049e+01	 2.5813e+07	 8.7921e+05	-2.9360e+01
 5.0625e+02	 5.0798e+03	 6.0237e+00	 2.2289e-01	 3.2315e+02	 5.0993e+03	-8.7881e+01	 1.5948e+07	 5.9012e+05	-2.7025e+01
 7.5938e+02	 5.0798e+03	 5.9795e+00	 2.5050e-01	 3.2315e+02	 5.1019e+03	-8.7601e+01	 9.4601e+06	 3.9632e+05	-2.3870e+01
 1.1391e+03	 5.0798e+03	 5.9303e+00	 2.9209e-01	 3.2315e+02	 5.1046e+03	-8.7180e+01	 5.4088e+06	 2.6641e+05	-2.0303e+01
 1.7086e+03	 5.0798e+03	 5.8706e+00	 3.5080e-01	 3.2315e+02	 5.1072e+03	-8.6580e+01	 3.0024e+06	 1.7941e+05	-1.6735e+01
 2.5629e+03	 5.0798e+03	 5.7936e+00	 4.2994e-01	 3.2314e+02	 5.1099e+03	-8.5756e+01	 1.6332e+06	 1.2120e+05	-1.3475e+01
 3.8443e+03	 5.0798e+03	 5.6890e+00	 5.3010e-01	 3.2315e+02	 5.1124e+03	-8.4676e+01	 8.8305e+05	 8.2284e+04	-1.0732e+01
 5.7665e+03	 5.0798e+03	 5.5439e+00	 6.4620e-01	 3.2315e+02	 5.1148e+03	-8.3352e+01	 4.8294e+05	 5.6292e+04	-8.5792e+00
 8.6498e+03	 5.0798e+03	 5.3472e+00	 7.6307e-01	 3.2315e+02	 5.1174e+03	-8.1878e+01	 2.7265e+05	 3.8908e+04	-7.0074e+00
 1.2975e+04	 5.0798e+03	 5.0972e+00	 8.5689e-01	 3.2315e+02	 5.1199e+03	-8.0457e+01	 1.6186e+05	 2.7211e+04	-5.9485e+00
 1.9462e+04	 5.0798e+03	 4.8103e+00	 9.0258e-01	 3.2315e+02	 5.1227e+03	-7.9373e+01	 1.0245e+05	 1.9222e+04	-5.3296e+00
 2.9193e+04	 5.0798e+03	 4.5176e+00	 8.8761e-01	 3.2315e+02	 5.1276e+03	-7.8884e+01	 6.9450e+04	 1.3645e+04	-5.0896e+00
 4.3789e+04	 5.0798e+03	 4.2596e+00	 8.2177e-01	 3.2314e+02	 5.1302e+03	-7.9081e+01	 5.0009e+04	 9.6478e+03	-5.1835e+00
 6.5684e+04	 5.0798e+03	 4.0366e+00	 7.2612e-01	 3.2314e+02	 5.1326e+03	-7.9803e+01	 3.7731e+04	 6.7872e+03	-5.5592e+00
 9.8526e+04	 5.0798e+03	 3.8606e+00	 6.2368e-01	 3.2315e+02	 5.1351e+03	-8.0823e+01	 2.9286e+04	 4.7311e+03	-6.1901e+00
 1.4779e+05	 5.0798e+03	 3.7143e+00	 5.2991e-01	 3.2315e+02	 5.1378e+03	-8.1881e+01	 2.2979e+04	 3.2783e+03	-7.0094e+00
 2.2168e+05	 5.0798e+03	 3.6054e+00	 4.5352e-01	 3.2315e+02	 5.1404e+03	-8.2830e+01	 1.7899e+04	 2.2516e+03	-7.9497e+00
 3.3253e+05	 5.0798e+03	 3.5142e+00	 3.9388e-01	 3.2315e+02	 5.1429e+03	-8.3605e+01	 1.3740e+04	 1.5400e+03	-8.9220e+00
 4.9879e+05	 5.0798e+03	 3.4343e+00	 3.4860e-01	 3.2315e+02	 5.1454e+03	-8.4204e+01	 1.0350e+04	 1.0506e+03	-9.8517e+00
 7.4818e+05	 5.0798e+03	 3.4177e+00	 2.2156e-01	 3.2315e+02	 5.1532e+03	-8.6291e+01	 1.0856e+04	 7.0376e+02	-1.5426e+01
 9.0000e+05	 5.0798e+03	 3.3918e+00	 1.9870e-01	 3.2315e+02	 5.1611e+03	-8.6647e+01	 1.0063e+04	 5.8952e+02	-1.7070e+01
 1.0000e+02	 5.1584e+03	 6.1896e+00	 2.0379e-01	 3.2315e+02	 5.1678e+03	-8.8114e+01	 8.8305e+07	 2.9074e+06	-3.0372e+01
 1.5000e+02	 5.1584e+03	 6.1469e+00	 1.9723e-01	 3.2315e+02	 5.1704e+03	-8.8162e+01	 6.0829e+07	 1.9517e+06	-3.1167e+01
 2.2500e+02	 5.1584e+03	 6.1055e+00	 1.9859e-01	 3.2315e+02	 5.1730e+03	-8.8137e+01	 4.0274e+07	 1.3100e+06	-3.0744e+01
 3.3750e+02	 5.1584e+03	 6.0653e+00	 2.0625e-01	 3.2315e+02	 5.1759e+03	-8.8052e+01	 2.5853e+07	 8.7912e+05	-2.9408e+01
 5.0625e+02	 5.1584e+03	 6.0242e+00	 2.2234e-01	 3.2315e+02	 5.1783e+03	-8.7886e+01	 1.5988e+07	 5.9007e+05	-2.7094e+01
 7.5938e+02	 5.1584e+03	 5.9805e+00	 2.4998e-01	 3.2315e+02	 5.1812e+03	-8.7606e+01	 9.4800e+06	 3.9626e+05	-2.3924e+01
 1.1391e+03	 5.1584e+03	 5.9313e+00	 2.9128e-01	 3.2315e+02	 5.1836e+03	-8.7189e+01	 5.4238e+06	 2.6636e+05	-2.0363e+01
 1.7086e+03	 5.1584e+03	 5.8718e+00	 3.4977e-01	 3.2315e+02	 5.1866e+03	-8.6591e+01	 3.0113e+06	 1.7937e+05	-1.6788e+01
 2.5629e+03	 5.1584e+03	 5.7955e+00	 4.2876e-01	 3.2315e+02	 5.1891e+03	-8.5769e+01	 1.6376e+06	 1.2116e+05	-1.3517e+01
 3.8443e+03	 5.1584e+03	 5.6914e+00	 5.2897e-01	 3.2315e+02	 5.1919e+03	-8.4690e+01	 8.8495e+05	 8.2248e+04	-1.0759e+01
 5.7665e+03	 5.1584e+03	 5.5467e+00	 6.4516e-01	 3.2315e+02	 5.1943e+03	-8.3365e+01	 4.8371e+05	 5.6263e+04	-8.5973e+00
 8.6498e+03	 5.1584e+03	 5.3502e+00	 7.6269e-01	 3.2315e+02	 5.1972e+03	-8.1887e+01	 2.7278e+05	 3.8886e+04	-7.0149e+00
 1.2975e+04	 5.1584e+03	 5.1005e+00	 8.5705e-01	 3.2315e+02	 5.1997e+03	-8.0462e+01	 1.6183e+05	 2.7193e+04	-5.9512e+00
 1.9462e+04	 5.1584e+03	 4.8133e+00	 9.0318e-01	 3.2315e+02	 5.2024e+03	-7.9372e+01	 1.0238e+05	 1.9211e+04	-5.3292e+00
 2.9193e+04	 5.1584e+03	 4.5199e+00	 8.8855e-01	 3.2315e+02	 5.2074e+03	-7.8878e+01	 6.9376e+04	 1.3638e+04	-5.0868e+00
 4.3789e+04	 5.1584e+03	 4.2617e+00	 8.2259e-01	 3.2315e+02	 5.2101e+03	-7.9075e+01	 4.9959e+04	 9.6431e+03	-5.1808e+00
 6.5684e+04	 5.1584e+03	 4.0385e+00	 7.2697e-01	 3.2315e+02	 5.2126e+03	-7.9795e+01	 3.7687e+04	 6.7841e+03	-5.5552e+00
 9.8526e+04	 5.1584e+03	 3.8621e+00	 6.2434e-01	 3.2315e+02	 5.2150e+03	-8.0817e+01	 2.9255e+04	 4.7293e+03	-6.1859e+00
 1.4779e+05	 5.1584e+03	 3.7156e+00	 5.3065e-01	 3.2315e+02	 5.2176e+03	-8.1872e+01	 2.2946e+04	 3.2771e+03	-7.0020e+00
 2.2168e+05	 5.1584e+03	 3.6065e+00	 4.5411e-01	 3.2314e+02	 5.2201e+03	-8.2823e+01	 1.7876e+04	 2.2509e+03	-7.9418e+00
 3.3253e+05	 5.1584e+03	 3.5151e+00	 3.9448e-01	 3.2315e+02	 5.2227e+03	-8.3597e+01	 1.3719e+04	 1.5396e+03	-8.9108e+00
 4.9879e+05	 5.1584e+03	 3.4350e+00	 3.4901e-01	 3.2315e+02	 5.2253e+03	-8.4198e+01	 1.0337e+04	 1.0503e+03	-9.8422e+00
 7.4818e+05	 5.1584e+03	 3.4182e+00	 2.2401e-01	 3.2315e+02	 5.2329e+03	-8.6251e+01	 1.0737e+04	 7.0366e+02	-1.5259e+01
 9.0000e+05	 5.1584e+03	 3.3920e+00	 2.0305e-01	 3.2315e+02	 5.2408e+03	-8.6574e+01	 9.8474e+03	 5.8947e+02	-1.6705e+01
 1.0000e+02	 5.2380e+03	 6.1903e+00	 2.0396e-01	 3.2315e+02	 5.2485e+03	-8.8113e+01	 8.8233e+07	 2.9071e+06	-3.0351e+01
 1.5000e+02	 5.2380e+03	 6.1472e+00	 1.9768e-01	 3.2315e+02	 5.2510e+03	-8.8158e+01	 6.0691e+07	 1.9516e+06	-3.1098e+01
 2.2500e+02	 5.2380e+03	 6.1064e+00	 1.9840e-01	 3.2315e+02	 5.2536e+03	-8.8139e+01	 4.0314e+07	 1.3098e+06	-3.0779e+01
 3.3750e+02	 5.2380e+03	 6.0662e+00	 2.0585e-01	 3.2315e+02	 5.2561e+03	-8.8056e+01	 2.5903e+07	 8.7898e+05	-2.9469e+01
 5.0625e+02	 5.2380e+03	 6.0251e+00	 2.2199e-01	 3.2315e+02	 5.2588e+03	-8.7890e+01	 1.6013e+07	 5.8999e+05	-2.7141e+01
 7.5938e+02	 5.2380e+03	 5.9815e+00	 2.4956e-01	 3.2315e+02	 5.2614e+03	-8.7611e+01	 9.4960e+06	 3.9619e+05	-2.3968e+01
 1.1391e+03	 5.2380e+03	 5.9321e+00	 2.9057e-01	 3.2315e+02	 5.2642e+03	-8.7196e+01	 5.4371e+06	 2.6633e+05	-2.0415e+01
 1.7086e+03	 5.2380e+03	 5.8731e+00	 3.4890e-01	 3.2315e+02	 5.2668e+03	-8.6600e+01	 3.0187e+06	 1.7933e+05	-1.6833e+01
 2.5629e+03	 5.2380e+03	 5.7971e+00	 4.2765e-01	 3.2315e+02	 5.2694e+03	-8.5781e+01	 1.6419e+06	 1.2112e+05	-1.3556e+01
 3.8443e+03	 5.2380e+03	 5.6935e+00	 5.2782e-01	 3.2315e+02	 5.2719e+03	-8.4703e+01	 8.8687e+05	 8.2219e+04	-1.0787e+01
 5.7665e+03	 5.2380e+03	 5.5494e+00	 6.4427e-01	 3.2315e+02	 5.2743e+03	-8.3378e+01	 4.8438e+05	 5.6235e+04	-8.6136e+00
 8.6498e+03	 5.2380e+03	 5.3536e+00	 7.6216e-01	 3.2315e+02	 5.2771e+03	-8.1898e+01	 2.7297e+05	 3.8862e+04	-7.0242e+00
 1.2975e+04	 5.2380e+03	 5.1037e+00	 8.5712e-01	 3.2315e+02	 5.2795e+03	-8.0467e+01	 1.6182e+05	 2.7176e+04	-5.9545e+00
 1.9462e+04	 5.2380e+03	 4.8163e+00	 9.0380e-01	 3.2315e+02	 5.2822e+03	-7.9372e+01	 1.0231e+05	 1.9199e+04	-5.3289e+00
 2.9193e+04	 5.2380e+03	 4.5226e+00	 8.8936e-01	 3.2315e+02	 5.2873e+03	-7.8875e+01	 6.9313e+04	 1.3630e+04	-5.0853e+00
 4.3789e+04	 5.2380e+03	 4.2640e+00	 8.2374e-01	 3.2315e+02	 5.2901e+03	-7.9066e+01	 4.9889e+04	 9.6380e+03	-5.1763e+00
 6.5684e+04	 5.2380e+03	 4.0403e+00	 7.2808e-01	 3.2315e+02	 5.2927e+03	-7.9785e+01	 3.7630e+04	 6.7811e+03	-5.5492e+00
 9.8526e+04	 5.2380e+03	 3.8638e+00	 6.2541e-01	 3.2315e+02	 5.2952e+03	-8.0806e+01	 2.9205e+04	 4.7272e+03	-6.1780e+00
 1.4779e+05	 5.2380e+03	 3.7170e+00	 5.3146e-01	 3.2315e+02	 5.2978e+03	-8.1863e+01	 2.2912e+04	 3.2759e+03	-6.9939e+00
 2.2168e+05	 5.2380e+03	 3.6077e+00	 4.5480e-01	 3.2315e+02	 5.3004e+03	-8.2815e+01	 1.7849e+04	 2.2501e+03	-7.9325e+00
 3.3253e+05	 5.2380e+03	 3.5162e+00	 3.9513e-01	 3.2316e+02	 5.3029e+03	-8.3588e+01	 1.3696e+04	 1.5391e+03	-8.8988e+00
 4.9879e+05	 5.2380e+03	 3.4359e+00	 3.4952e-01	 3.2315e+02	 5.3057e+03	-8.4192e+01	 1.0323e+04	 1.0500e+03	-9.8306e+00
 7.4818e+05	 5.2380e+03	 3.4194e+00	 2.2147e-01	 3.2315e+02	 5.3133e+03	-8.6294e+01	 1.0861e+04	 7.0342e+02	-1.5440e+01
 9.0000e+05	 5.2380e+03	 3.3930e+00	 2.0130e-01	 3.2315e+02	 5.3209e+03	-8.6605e+01	 9.9332e+03	 5.8931e+02	-1.6856e+01
 1.0000e+02	 5.3182e+03	 6.1910e+00	 2.0392e-01	 3.2315e+02	 5.3275e+03	-8.8114e+01	 8.8251e+07	 2.9068e+06	-3.0361e+01
 1.5000e+02	 5.3182e+03	 6.1485e+00	 1.9710e-01	 3.2315e+02	 5.3301e+03	-8.8164e+01	 6.0870e+07	 1.9512e+06	-3.1196e+01
 2.2500e+02	 5.3182e+03	 6.1071e+00	 1.9805e-01	 3.2315e+02	 5.3326e+03	-8.8143e+01	 4.0384e+07	 1.3096e+06	-3.0836e+01
 3.3750e+02	 5.3182e+03	 6.0668e+00	 2.0551e-01	 3.2315e+02	 5.3354e+03	-8.8060e+01	 2.5945e+07	 8.7889e+05	-2.9521e+01
 5.0625e+02	 5.3182e+03	 6.0260e+00	 2.2158e-01	 3.2315e+02	 5.3379e+03	-8.7894e+01	 1.6043e+07	 5.8989e+05	-2.7196e+01
 7.5938e+02	 5.3182e+03	 5.9825e+00	 2.4893e-01	 3.2315e+02	 5.3404e+03	-8.7617e+01	 9.5200e+06	 3.9612e+05	-2.4033e+01
 1.1391e+03	 5.3182e+03	 5.9332e+00	 2.8940e-01	 3.2315e+02	 5.3429e+03	-8.7208e+01	 5.4590e+06	 2.6627e+05	-2.0502e+01
 1.7086e+03	 5.3182e+03	 5.8743e+00	 3.4772e-01	 3.2315e+02	 5.3455e+03	-8.6612e+01	 3.0290e+06	 1.7930e+05	-1.6894e+01
 2.5629e+03	 5.3182e+03	 5.7987e+00	 4.2651e-01	 3.2315e+02	 5.3483e+03	-8.5793e+01	 1.6463e+06	 1.2109e+05	-1.3596e+01
 3.8443e+03	 5.3182e+03	 5.6957e+00	 5.2665e-01	 3.2315e+02	 5.3508e+03	-8.4717e+01	 8.8885e+05	 8.2187e+04	-1.0815e+01
 5.7665e+03	 5.3182e+03	 5.5522e+00	 6.4325e-01	 3.2315e+02	 5.3534e+03	-8.3391e+01	 4.8515e+05	 5.6208e+04	-8.6315e+00
 8.6498e+03	 5.3182e+03	 5.3564e+00	 7.6175e-01	 3.2315e+02	 5.3560e+03	-8.1906e+01	 2.7312e+05	 3.8841e+04	-7.0318e+00
 1.2975e+04	 5.3182e+03	 5.1070e+00	 8.5736e-01	 3.2315e+02	 5.3584e+03	-8.0470e+01	 1.6177e+05	 2.7159e+04	-5.9566e+00
 1.9462e+04	 5.3182e+03	 4.8191e+00	 9.0434e-01	 3.2315e+02	 5.3610e+03	-7.9372e+01	 1.0225e+05	 1.9187e+04	-5.3289e+00
 2.9193e+04	 5.3182e+03	 4.5249e+00	 8.9018e-01	 3.2315e+02	 5.3662e+03	-7.8870e+01	 6.9249e+04	 1.3623e+04	-5.0832e+00
 4.3789e+04	 5.3182e+03	 4.2659e+00	 8.2452e-01	 3.2315e+02	 5.3686e+03	-7.9061e+01	 4.9843e+04	 9.6335e+03	-5.1739e+00
 6.5684e+04	 5.3182e+03	 4.0419e+00	 7.2883e-01	 3.2315e+02	 5.3711e+03	-7.9778e+01	 3.7591e+04	 6.7784e+03	-5.5457e+00
 9.8526e+04	 5.3182e+03	 3.8650e+00	 6.2614e-01	 3.2316e+02	 5.3739e+03	-8.0798e+01	 2.9171e+04	 4.7257e+03	-6.1727e+00
 1.4779e+05	 5.3182e+03	 3.7181e+00	 5.3218e-01	 3.2315e+02	 5.3765e+03	-8.1854e+01	 2.2881e+04	 3.2750e+03	-6.9865e+00