PEI 25 kg/mol, 2 mg/ml from Ethanol on B 10 x 15 mm + H 1x1 mm, 70 nm, 30 µm, 60°C Desorption, 30.4.2026, 14:15
Diameter[mm] 1.128e+00  Thickness[mm] 1.000e-04  Spacer Capacity[pF] 0.000e+00  Spacer Area[mm^2] 0.000e+00
Fixed value(s) :  AC Volt  [Vrms]=1.000
 Freq. [Hz]	 Time  [s]	 Eps'   	 Eps''  	M Temp [K]	M Time M[s]
 1.0000e+02	 0.0000e+00	 5.9159e+00	 9.6628e-02	 3.3315e+02	 7.7500e+00
 1.5000e+02	 0.0000e+00	 5.8929e+00	 1.1140e-01	 3.3315e+02	 1.0200e+01
 2.2500e+02	 0.0000e+00	 5.8675e+00	 1.2862e-01	 3.3315e+02	 1.2690e+01
 3.3750e+02	 0.0000e+00	 5.8373e+00	 1.4999e-01	 3.3315e+02	 1.5130e+01
 5.0625e+02	 0.0000e+00	 5.8023e+00	 1.7574e-01	 3.3315e+02	 1.7560e+01
 7.5938e+02	 0.0000e+00	 5.7610e+00	 2.0722e-01	 3.3315e+02	 2.0440e+01
 1.1391e+03	 0.0000e+00	 5.7119e+00	 2.4485e-01	 3.3314e+02	 2.2890e+01
 1.7086e+03	 0.0000e+00	 5.6531e+00	 2.9067e-01	 3.3315e+02	 2.5720e+01
 2.5629e+03	 0.0000e+00	 5.5824e+00	 3.4481e-01	 3.3315e+02	 2.8310e+01
 3.8443e+03	 0.0000e+00	 5.4960e+00	 4.0807e-01	 3.3315e+02	 3.0750e+01
 5.7665e+03	 0.0000e+00	 5.3899e+00	 4.8046e-01	 3.3314e+02	 3.3190e+01
 8.6498e+03	 0.0000e+00	 5.2595e+00	 5.5986e-01	 3.3315e+02	 3.5750e+01
 1.2975e+04	 0.0000e+00	 5.0995e+00	 6.4172e-01	 3.3315e+02	 3.8490e+01
 1.9462e+04	 0.0000e+00	 4.9058e+00	 7.1633e-01	 3.3315e+02	 4.1130e+01
 2.9193e+04	 0.0000e+00	 4.6802e+00	 7.7029e-01	 3.3315e+02	 4.3940e+01
 4.3789e+04	 0.0000e+00	 4.4427e+00	 7.8787e-01	 3.3315e+02	 4.6390e+01
 6.5684e+04	 0.0000e+00	 4.1970e+00	 7.6134e-01	 3.3315e+02	 4.8970e+01
 9.8526e+04	 0.0000e+00	 3.9756e+00	 6.9689e-01	 3.3315e+02	 5.1560e+01
 1.4779e+05	 0.0000e+00	 3.7934e+00	 6.1275e-01	 3.3315e+02	 5.4390e+01
 2.2168e+05	 0.0000e+00	 3.6405e+00	 5.2744e-01	 3.3315e+02	 5.7000e+01
 3.3253e+05	 0.0000e+00	 3.5263e+00	 4.5397e-01	 3.3315e+02	 5.9630e+01
 4.9879e+05	 0.0000e+00	 3.4324e+00	 3.9492e-01	 3.3316e+02	 6.2190e+01
 7.4818e+05	 0.0000e+00	 3.4078e+00	 2.5500e-01	 3.3316e+02	 7.0220e+01
 9.0000e+05	 0.0000e+00	 3.3789e+00	 2.2760e-01	 3.3317e+02	 7.8000e+01
 1.0000e+02	 7.5200e+01	 5.9152e+00	 9.6950e-02	 3.3317e+02	 8.6270e+01
 1.5000e+02	 7.5200e+01	 5.8917e+00	 1.1193e-01	 3.3316e+02	 8.8700e+01
 2.2500e+02	 7.5200e+01	 5.8665e+00	 1.2898e-01	 3.3316e+02	 9.1490e+01
 3.3750e+02	 7.5200e+01	 5.8364e+00	 1.5026e-01	 3.3317e+02	 9.3940e+01
 5.0625e+02	 7.5200e+01	 5.8012e+00	 1.7627e-01	 3.3316e+02	 9.6450e+01
 7.5938e+02	 7.5200e+01	 5.7596e+00	 2.0758e-01	 3.3316e+02	 9.9060e+01
 1.1391e+03	 7.5200e+01	 5.7107e+00	 2.4589e-01	 3.3316e+02	 1.0150e+02
 1.7086e+03	 7.5200e+01	 5.6517e+00	 2.9107e-01	 3.3316e+02	 1.0419e+02
 2.5629e+03	 7.5200e+01	 5.5805e+00	 3.4533e-01	 3.3316e+02	 1.0675e+02
 3.8443e+03	 7.5200e+01	 5.4940e+00	 4.0870e-01	 3.3316e+02	 1.0919e+02
 5.7665e+03	 7.5200e+01	 5.3878e+00	 4.8090e-01	 3.3315e+02	 1.1167e+02
 8.6498e+03	 7.5200e+01	 5.2570e+00	 5.6020e-01	 3.3316e+02	 1.1425e+02
 1.2975e+04	 7.5200e+01	 5.0969e+00	 6.4168e-01	 3.3315e+02	 1.1697e+02
 1.9462e+04	 7.5200e+01	 4.9032e+00	 7.1628e-01	 3.3315e+02	 1.1956e+02
 2.9193e+04	 7.5200e+01	 4.6775e+00	 7.6979e-01	 3.3315e+02	 1.2238e+02
 4.3789e+04	 7.5200e+01	 4.4400e+00	 7.8730e-01	 3.3315e+02	 1.2481e+02
 6.5684e+04	 7.5200e+01	 4.1945e+00	 7.6051e-01	 3.3315e+02	 1.2725e+02
 9.8526e+04	 7.5200e+01	 3.9735e+00	 6.9595e-01	 3.3315e+02	 1.2994e+02
 1.4779e+05	 7.5200e+01	 3.7915e+00	 6.1186e-01	 3.3315e+02	 1.3263e+02
 2.2168e+05	 7.5200e+01	 3.6389e+00	 5.2663e-01	 3.3315e+02	 1.3519e+02
 3.3253e+05	 7.5200e+01	 3.5251e+00	 4.5326e-01	 3.3315e+02	 1.3763e+02
 4.9879e+05	 7.5200e+01	 3.4311e+00	 3.9431e-01	 3.3315e+02	 1.4020e+02
 7.4818e+05	 7.5200e+01	 3.4063e+00	 2.5573e-01	 3.3314e+02	 1.4781e+02
 9.0000e+05	 7.5200e+01	 3.3773e+00	 2.3125e-01	 3.3313e+02	 1.5556e+02
 1.0000e+02	 1.5280e+02	 5.9143e+00	 9.7495e-02	 3.3314e+02	 1.6364e+02
 1.5000e+02	 1.5280e+02	 5.8918e+00	 1.1087e-01	 3.3313e+02	 1.6616e+02
 2.2500e+02	 1.5280e+02	 5.8652e+00	 1.2947e-01	 3.3314e+02	 1.6895e+02
 3.3750e+02	 1.5280e+02	 5.8349e+00	 1.5096e-01	 3.3314e+02	 1.7138e+02
 5.0625e+02	 1.5280e+02	 5.7996e+00	 1.7685e-01	 3.3314e+02	 1.7383e+02
 7.5938e+02	 1.5280e+02	 5.7581e+00	 2.0840e-01	 3.3314e+02	 1.7644e+02
 1.1391e+03	 1.5280e+02	 5.7087e+00	 2.4638e-01	 3.3314e+02	 1.7889e+02
 1.7086e+03	 1.5280e+02	 5.6497e+00	 2.9184e-01	 3.3314e+02	 1.8145e+02
 2.5629e+03	 1.5280e+02	 5.5784e+00	 3.4618e-01	 3.3314e+02	 1.8419e+02
 3.8443e+03	 1.5280e+02	 5.4917e+00	 4.0949e-01	 3.3314e+02	 1.8699e+02
 5.7665e+03	 1.5280e+02	 5.3851e+00	 4.8159e-01	 3.3314e+02	 1.8950e+02
 8.6498e+03	 1.5280e+02	 5.2542e+00	 5.6075e-01	 3.3314e+02	 1.9214e+02
 1.2975e+04	 1.5280e+02	 5.0940e+00	 6.4183e-01	 3.3314e+02	 1.9477e+02
 1.9462e+04	 1.5280e+02	 4.9004e+00	 7.1618e-01	 3.3314e+02	 1.9764e+02
 2.9193e+04	 1.5280e+02	 4.6749e+00	 7.6936e-01	 3.3315e+02	 2.0025e+02
 4.3789e+04	 1.5280e+02	 4.4378e+00	 7.8647e-01	 3.3314e+02	 2.0295e+02
 6.5684e+04	 1.5280e+02	 4.1926e+00	 7.5960e-01	 3.3314e+02	 2.0544e+02
 9.8526e+04	 1.5280e+02	 3.9722e+00	 6.9522e-01	 3.3315e+02	 2.0788e+02
 1.4779e+05	 1.5280e+02	 3.7904e+00	 6.1126e-01	 3.3315e+02	 2.1052e+02
 2.2168e+05	 1.5280e+02	 3.6380e+00	 5.2621e-01	 3.3315e+02	 2.1306e+02
 3.3253e+05	 1.5280e+02	 3.5241e+00	 4.5297e-01	 3.3315e+02	 2.1556e+02
 4.9879e+05	 1.5280e+02	 3.4304e+00	 3.9408e-01	 3.3314e+02	 2.1819e+02
 7.4818e+05	 1.5280e+02	 3.4057e+00	 2.5436e-01	 3.3315e+02	 2.2633e+02
 9.0000e+05	 1.5280e+02	 3.3770e+00	 2.2764e-01	 3.3314e+02	 2.3394e+02
 1.0000e+02	 2.3120e+02	 5.9138e+00	 9.7566e-02	 3.3315e+02	 2.4233e+02
 1.5000e+02	 2.3120e+02	 5.8909e+00	 1.1209e-01	 3.3314e+02	 2.4477e+02
 2.2500e+02	 2.3120e+02	 5.8645e+00	 1.2979e-01	 3.3314e+02	 2.4758e+02
 3.3750e+02	 2.3120e+02	 5.8343e+00	 1.5117e-01	 3.3314e+02	 2.5000e+02
 5.0625e+02	 2.3120e+02	 5.7989e+00	 1.7728e-01	 3.3314e+02	 2.5270e+02
 7.5938e+02	 2.3120e+02	 5.7570e+00	 2.0870e-01	 3.3315e+02	 2.5525e+02
 1.1391e+03	 2.3120e+02	 5.7078e+00	 2.4654e-01	 3.3315e+02	 2.5775e+02
 1.7086e+03	 2.3120e+02	 5.6484e+00	 2.9257e-01	 3.3315e+02	 2.6044e+02
 2.5629e+03	 2.3120e+02	 5.5769e+00	 3.4657e-01	 3.3315e+02	 2.6308e+02
 3.8443e+03	 2.3120e+02	 5.4899e+00	 4.0972e-01	 3.3315e+02	 2.6575e+02
 5.7665e+03	 2.3120e+02	 5.3834e+00	 4.8185e-01	 3.3315e+02	 2.6819e+02
 8.6498e+03	 2.3120e+02	 5.2524e+00	 5.6086e-01	 3.3315e+02	 2.7094e+02
 1.2975e+04	 2.3120e+02	 5.0921e+00	 6.4185e-01	 3.3315e+02	 2.7338e+02
 1.9462e+04	 2.3120e+02	 4.8986e+00	 7.1587e-01	 3.3315e+02	 2.7620e+02
 2.9193e+04	 2.3120e+02	 4.6732e+00	 7.6879e-01	 3.3315e+02	 2.7888e+02
 4.3789e+04	 2.3120e+02	 4.4364e+00	 7.8596e-01	 3.3315e+02	 2.8161e+02
 6.5684e+04	 2.3120e+02	 4.1914e+00	 7.5902e-01	 3.3316e+02	 2.8413e+02
 9.8526e+04	 2.3120e+02	 3.9713e+00	 6.9466e-01	 3.3316e+02	 2.8689e+02
 1.4779e+05	 2.3120e+02	 3.7896e+00	 6.1089e-01	 3.3315e+02	 2.8950e+02
 2.2168e+05	 2.3120e+02	 3.6372e+00	 5.2595e-01	 3.3315e+02	 2.9206e+02
 3.3253e+05	 2.3120e+02	 3.5235e+00	 4.5273e-01	 3.3316e+02	 2.9450e+02
 4.9879e+05	 2.3120e+02	 3.4297e+00	 3.9391e-01	 3.3315e+02	 2.9706e+02
 7.4818e+05	 2.3120e+02	 3.4045e+00	 2.6019e-01	 3.3316e+02	 3.0464e+02
 9.0000e+05	 2.3120e+02	 3.3763e+00	 2.2800e-01	 3.3316e+02	 3.1256e+02
 1.0000e+02	 3.0980e+02	 5.9130e+00	 9.7649e-02	 3.3316e+02	 3.2088e+02
 1.5000e+02	 3.0980e+02	 5.8897e+00	 1.1246e-01	 3.3316e+02	 3.2333e+02
 2.2500e+02	 3.0980e+02	 5.8639e+00	 1.3001e-01	 3.3316e+02	 3.2583e+02
 3.3750e+02	 3.0980e+02	 5.8336e+00	 1.5153e-01	 3.3316e+02	 3.2839e+02
 5.0625e+02	 3.0980e+02	 5.7982e+00	 1.7752e-01	 3.3316e+02	 3.3081e+02
 7.5938e+02	 3.0980e+02	 5.7561e+00	 2.0900e-01	 3.3316e+02	 3.3347e+02
 1.1391e+03	 3.0980e+02	 5.7068e+00	 2.4710e-01	 3.3316e+02	 3.3594e+02
 1.7086e+03	 3.0980e+02	 5.6474e+00	 2.9261e-01	 3.3316e+02	 3.3850e+02
 2.5629e+03	 3.0980e+02	 5.5759e+00	 3.4699e-01	 3.3316e+02	 3.4113e+02
 3.8443e+03	 3.0980e+02	 5.4887e+00	 4.1016e-01	 3.3316e+02	 3.4356e+02
 5.7665e+03	 3.0980e+02	 5.3820e+00	 4.8208e-01	 3.3316e+02	 3.4622e+02
 8.6498e+03	 3.0980e+02	 5.2508e+00	 5.6085e-01	 3.3316e+02	 3.4881e+02
 1.2975e+04	 3.0980e+02	 5.0906e+00	 6.4171e-01	 3.3316e+02	 3.5125e+02
 1.9462e+04	 3.0980e+02	 4.8970e+00	 7.1554e-01	 3.3316e+02	 3.5381e+02
 2.9193e+04	 3.0980e+02	 4.6718e+00	 7.6826e-01	 3.3316e+02	 3.5644e+02
 4.3789e+04	 3.0980e+02	 4.4351e+00	 7.8545e-01	 3.3316e+02	 3.5894e+02
 6.5684e+04	 3.0980e+02	 4.1904e+00	 7.5849e-01	 3.3316e+02	 3.6138e+02
 9.8526e+04	 3.0980e+02	 3.9703e+00	 6.9418e-01	 3.3316e+02	 3.6391e+02
 1.4779e+05	 3.0980e+02	 3.7888e+00	 6.1041e-01	 3.3317e+02	 3.6663e+02
 2.2168e+05	 3.0980e+02	 3.6364e+00	 5.2562e-01	 3.3316e+02	 3.6945e+02
 3.3253e+05	 3.0980e+02	 3.5226e+00	 4.5243e-01	 3.3316e+02	 3.7195e+02
 4.9879e+05	 3.0980e+02	 3.4289e+00	 3.9372e-01	 3.3316e+02	 3.7475e+02
 7.4818e+05	 3.0980e+02	 3.4044e+00	 2.5418e-01	 3.3316e+02	 3.8244e+02
 9.0000e+05	 3.0980e+02	 3.3752e+00	 2.3117e-01	 3.3315e+02	 3.9006e+02
 1.0000e+02	 3.8730e+02	 5.9123e+00	 9.8197e-02	 3.3315e+02	 3.9833e+02
 1.5000e+02	 3.8730e+02	 5.8891e+00	 1.1241e-01	 3.3315e+02	 4.0078e+02
 2.2500e+02	 3.8730e+02	 5.8630e+00	 1.3048e-01	 3.3315e+02	 4.0358e+02
 3.3750e+02	 3.8730e+02	 5.8323e+00	 1.5185e-01	 3.3314e+02	 4.0606e+02
 5.0625e+02	 3.8730e+02	 5.7968e+00	 1.7790e-01	 3.3315e+02	 4.0870e+02
 7.5938e+02	 3.8730e+02	 5.7550e+00	 2.0957e-01	 3.3314e+02	 4.1125e+02
 1.1391e+03	 3.8730e+02	 5.7054e+00	 2.4761e-01	 3.3315e+02	 4.1369e+02
 1.7086e+03	 3.8730e+02	 5.6458e+00	 2.9332e-01	 3.3315e+02	 4.1631e+02
 2.5629e+03	 3.8730e+02	 5.5741e+00	 3.4755e-01	 3.3315e+02	 4.1888e+02
 3.8443e+03	 3.8730e+02	 5.4866e+00	 4.1076e-01	 3.3314e+02	 4.2163e+02
 5.7665e+03	 3.8730e+02	 5.3800e+00	 4.8250e-01	 3.3314e+02	 4.2406e+02
 8.6498e+03	 3.8730e+02	 5.2485e+00	 5.6121e-01	 3.3314e+02	 4.2678e+02
 1.2975e+04	 3.8730e+02	 5.0882e+00	 6.4200e-01	 3.3314e+02	 4.2927e+02
 1.9462e+04	 3.8730e+02	 4.8944e+00	 7.1555e-01	 3.3314e+02	 4.3191e+02
 2.9193e+04	 3.8730e+02	 4.6689e+00	 7.6791e-01	 3.3313e+02	 4.3463e+02
 4.3789e+04	 3.8730e+02	 4.4323e+00	 7.8454e-01	 3.3313e+02	 4.3706e+02
 6.5684e+04	 3.8730e+02	 4.1878e+00	 7.5766e-01	 3.3312e+02	 4.3963e+02
 9.8526e+04	 3.8730e+02	 3.9677e+00	 6.9305e-01	 3.3312e+02	 4.4206e+02
 1.4779e+05	 3.8730e+02	 3.7865e+00	 6.0940e-01	 3.3311e+02	 4.4488e+02
 2.2168e+05	 3.8730e+02	 3.6344e+00	 5.2452e-01	 3.3311e+02	 4.4752e+02
 3.3253e+05	 3.8730e+02	 3.5208e+00	 4.5159e-01	 3.3311e+02	 4.4997e+02
 4.9879e+05	 3.8730e+02	 3.4271e+00	 3.9297e-01	 3.3311e+02	 4.5269e+02
 7.4818e+05	 3.8730e+02	 3.4022e+00	 2.5589e-01	 3.3310e+02	 4.6074e+02
 9.0000e+05	 3.8730e+02	 3.3732e+00	 2.3133e-01	 3.3309e+02	 4.6856e+02
 1.0000e+02	 4.6580e+02	 5.9308e+00	 1.1805e-01	 3.3308e+02	 4.7689e+02
 1.5000e+02	 4.6580e+02	 5.9063e+00	 1.2868e-01	 3.3308e+02	 4.7935e+02
 2.2500e+02	 4.6580e+02	 5.8764e+00	 1.4508e-01	 3.3308e+02	 4.8197e+02
 3.3750e+02	 4.6580e+02	 5.8438e+00	 1.6453e-01	 3.3308e+02	 4.8445e+02
 5.0625e+02	 4.6580e+02	 5.8061e+00	 1.8901e-01	 3.3308e+02	 4.8688e+02
 7.5938e+02	 4.6580e+02	 5.7626e+00	 2.1942e-01	 3.3308e+02	 4.8969e+02
 1.1391e+03	 4.6580e+02	 5.7111e+00	 2.5658e-01	 3.3308e+02	 4.9219e+02
 1.7086e+03	 4.6580e+02	 5.6500e+00	 3.0166e-01	 3.3308e+02	 4.9488e+02
 2.5629e+03	 4.6580e+02	 5.5766e+00	 3.5493e-01	 3.3308e+02	 4.9745e+02
 3.8443e+03	 4.6580e+02	 5.4878e+00	 4.1751e-01	 3.3308e+02	 5.0003e+02
 5.7665e+03	 4.6580e+02	 5.3793e+00	 4.8890e-01	 3.3308e+02	 5.0250e+02
 8.6498e+03	 4.6580e+02	 5.2465e+00	 5.6688e-01	 3.3309e+02	 5.0545e+02
 1.2975e+04	 4.6580e+02	 5.0847e+00	 6.4682e-01	 3.3308e+02	 5.0794e+02
 1.9462e+04	 4.6580e+02	 4.8896e+00	 7.1919e-01	 3.3309e+02	 5.1077e+02
 2.9193e+04	 4.6580e+02	 4.6638e+00	 7.7038e-01	 3.3308e+02	 5.1338e+02
 4.3789e+04	 4.6580e+02	 4.4270e+00	 7.8580e-01	 3.3309e+02	 5.1613e+02
 6.5684e+04	 4.6580e+02	 4.1828e+00	 7.5732e-01	 3.3309e+02	 5.1856e+02
 9.8526e+04	 4.6580e+02	 3.9641e+00	 6.9210e-01	 3.3309e+02	 5.2100e+02
 1.4779e+05	 4.6580e+02	 3.7838e+00	 6.0820e-01	 3.3309e+02	 5.2363e+02
 2.2168e+05	 4.6580e+02	 3.6326e+00	 5.2361e-01	 3.3310e+02	 5.2619e+02
 3.3253e+05	 4.6580e+02	 3.5195e+00	 4.5099e-01	 3.3309e+02	 5.2888e+02
 4.9879e+05	 4.6580e+02	 3.4261e+00	 3.9275e-01	 3.3310e+02	 5.3144e+02
 7.4818e+05	 4.6580e+02	 3.4018e+00	 2.5582e-01	 3.3311e+02	 5.3902e+02
 9.0000e+05	 4.6580e+02	 3.3736e+00	 2.2471e-01	 3.3311e+02	 5.4719e+02
 1.0000e+02	 5.4440e+02	 5.9516e+00	 1.4395e-01	 3.3312e+02	 5.5514e+02
 1.5000e+02	 5.4440e+02	 5.9205e+00	 1.5011e-01	 3.3312e+02	 5.5778e+02
 2.2500e+02	 5.4440e+02	 5.8888e+00	 1.6097e-01	 3.3313e+02	 5.6038e+02
 3.3750e+02	 5.4440e+02	 5.8536e+00	 1.7700e-01	 3.3313e+02	 5.6288e+02
 5.0625e+02	 5.4440e+02	 5.8140e+00	 1.9870e-01	 3.3312e+02	 5.6531e+02
 7.5938e+02	 5.4440e+02	 5.7688e+00	 2.2704e-01	 3.3312e+02	 5.6788e+02
 1.1391e+03	 5.4440e+02	 5.7162e+00	 2.6264e-01	 3.3313e+02	 5.7044e+02
 1.7086e+03	 5.4440e+02	 5.6542e+00	 3.0616e-01	 3.3313e+02	 5.7300e+02
 2.5629e+03	 5.4440e+02	 5.5800e+00	 3.5876e-01	 3.3313e+02	 5.7567e+02
 3.8443e+03	 5.4440e+02	 5.4903e+00	 4.2039e-01	 3.3313e+02	 5.7813e+02
 5.7665e+03	 5.4440e+02	 5.3813e+00	 4.9112e-01	 3.3313e+02	 5.8058e+02
 8.6498e+03	 5.4440e+02	 5.2481e+00	 5.6841e-01	 3.3314e+02	 5.8313e+02
 1.2975e+04	 5.4440e+02	 5.0859e+00	 6.4778e-01	 3.3314e+02	 5.8556e+02
 1.9462e+04	 5.4440e+02	 4.8912e+00	 7.1971e-01	 3.3314e+02	 5.8819e+02
 2.9193e+04	 5.4440e+02	 4.6652e+00	 7.7052e-01	 3.3314e+02	 5.9075e+02
 4.3789e+04	 5.4440e+02	 4.4287e+00	 7.8573e-01	 3.3314e+02	 5.9325e+02
 6.5684e+04	 5.4440e+02	 4.1847e+00	 7.5743e-01	 3.3314e+02	 5.9600e+02
 9.8526e+04	 5.4440e+02	 3.9660e+00	 6.9255e-01	 3.3314e+02	 5.9844e+02
 1.4779e+05	 5.4440e+02	 3.7856e+00	 6.0881e-01	 3.3314e+02	 6.0100e+02
 2.2168e+05	 5.4440e+02	 3.6340e+00	 5.2439e-01	 3.3314e+02	 6.0356e+02
 3.3253e+05	 5.4440e+02	 3.5208e+00	 4.5174e-01	 3.3314e+02	 6.0619e+02
 4.9879e+05	 5.4440e+02	 3.4270e+00	 3.9334e-01	 3.3315e+02	 6.0875e+02
 7.4818e+05	 5.4440e+02	 3.4027e+00	 2.5399e-01	 3.3316e+02	 6.1672e+02
 9.0000e+05	 5.4440e+02	 3.3740e+00	 2.3005e-01	 3.3315e+02	 6.2464e+02
 1.0000e+02	 6.2190e+02	 5.9721e+00	 1.6077e-01	 3.3316e+02	 6.3289e+02
 1.5000e+02	 6.2190e+02	 5.9376e+00	 1.6506e-01	 3.3316e+02	 6.3533e+02
 2.2500e+02	 6.2190e+02	 5.9019e+00	 1.7352e-01	 3.3316e+02	 6.3803e+02
 3.3750e+02	 6.2190e+02	 5.8639e+00	 1.8784e-01	 3.3315e+02	 6.4050e+02
 5.0625e+02	 6.2190e+02	 5.8222e+00	 2.0785e-01	 3.3316e+02	 6.4308e+02
 7.5938e+02	 6.2190e+02	 5.7754e+00	 2.3461e-01	 3.3316e+02	 6.4569e+02
 1.1391e+03	 6.2190e+02	 5.7218e+00	 2.6888e-01	 3.3316e+02	 6.4813e+02
 1.7086e+03	 6.2190e+02	 5.6580e+00	 3.1140e-01	 3.3316e+02	 6.5089e+02
 2.5629e+03	 6.2190e+02	 5.5831e+00	 3.6298e-01	 3.3316e+02	 6.5350e+02
 3.8443e+03	 6.2190e+02	 5.4928e+00	 4.2400e-01	 3.3316e+02	 6.5625e+02
 5.7665e+03	 6.2190e+02	 5.3830e+00	 4.9396e-01	 3.3316e+02	 6.5869e+02
 8.6498e+03	 6.2190e+02	 5.2492e+00	 5.7063e-01	 3.3316e+02	 6.6147e+02
 1.2975e+04	 6.2190e+02	 5.0868e+00	 6.4924e-01	 3.3317e+02	 6.6394e+02
 1.9462e+04	 6.2190e+02	 4.8918e+00	 7.2051e-01	 3.3316e+02	 6.6664e+02
 2.9193e+04	 6.2190e+02	 4.6661e+00	 7.7081e-01	 3.3317e+02	 6.6944e+02
 4.3789e+04	 6.2190e+02	 4.4299e+00	 7.8549e-01	 3.3316e+02	 6.7197e+02
 6.5684e+04	 6.2190e+02	 4.1865e+00	 7.5735e-01	 3.3313e+02	 6.7456e+02
 9.8526e+04	 6.2190e+02	 3.9678e+00	 6.9266e-01	 3.3315e+02	 6.7706e+02
 1.4779e+05	 6.2190e+02	 3.7874e+00	 6.0922e-01	 3.3315e+02	 6.7981e+02
 2.2168e+05	 6.2190e+02	 3.6356e+00	 5.2493e-01	 3.3315e+02	 6.8244e+02
 3.3253e+05	 6.2190e+02	 3.5220e+00	 4.5229e-01	 3.3316e+02	 6.8513e+02
 4.9879e+05	 6.2190e+02	 3.4282e+00	 3.9383e-01	 3.3316e+02	 6.8769e+02
 7.4818e+05	 6.2190e+02	 3.4039e+00	 2.5529e-01	 3.3315e+02	 6.9563e+02
 9.0000e+05	 6.2190e+02	 3.3753e+00	 2.2943e-01	 3.3316e+02	 7.0331e+02
 1.0000e+02	 7.0060e+02	 6.0053e+00	 1.8026e-01	 3.3316e+02	 7.1152e+02
 1.5000e+02	 7.0060e+02	 5.9672e+00	 1.8325e-01	 3.3316e+02	 7.1395e+02
 2.2500e+02	 7.0060e+02	 5.9266e+00	 1.9088e-01	 3.3316e+02	 7.1638e+02
 3.3750e+02	 7.0060e+02	 5.8848e+00	 2.0357e-01	 3.3317e+02	 7.1913e+02
 5.0625e+02	 7.0060e+02	 5.8397e+00	 2.2194e-01	 3.3317e+02	 7.2163e+02
 7.5938e+02	 7.0060e+02	 5.7897e+00	 2.4704e-01	 3.3317e+02	 7.2422e+02
 1.1391e+03	 7.0060e+02	 5.7334e+00	 2.7936e-01	 3.3317e+02	 7.2669e+02
 1.7086e+03	 7.0060e+02	 5.6680e+00	 3.2033e-01	 3.3317e+02	 7.2949e+02
 2.5629e+03	 7.0060e+02	 5.5913e+00	 3.7078e-01	 3.3317e+02	 7.3213e+02
 3.8443e+03	 7.0060e+02	 5.4996e+00	 4.3051e-01	 3.3317e+02	 7.3494e+02
 5.7665e+03	 7.0060e+02	 5.3890e+00	 4.9933e-01	 3.3317e+02	 7.3738e+02
 8.6498e+03	 7.0060e+02	 5.2542e+00	 5.7510e-01	 3.3317e+02	 7.4019e+02
 1.2975e+04	 7.0060e+02	 5.0910e+00	 6.5269e-01	 3.3317e+02	 7.4263e+02
 1.9462e+04	 7.0060e+02	 4.8956e+00	 7.2297e-01	 3.3317e+02	 7.4550e+02
 2.9193e+04	 7.0060e+02	 4.6696e+00	 7.7244e-01	 3.3317e+02	 7.4806e+02
 4.3789e+04	 7.0060e+02	 4.4336e+00	 7.8672e-01	 3.3317e+02	 7.5072e+02
 6.5684e+04	 7.0060e+02	 4.1902e+00	 7.5818e-01	 3.3317e+02	 7.5325e+02
 9.8526e+04	 7.0060e+02	 3.9718e+00	 6.9365e-01	 3.3317e+02	 7.5569e+02
 1.4779e+05	 7.0060e+02	 3.7910e+00	 6.1045e-01	 3.3317e+02	 7.5844e+02
 2.2168e+05	 7.0060e+02	 3.6389e+00	 5.2612e-01	 3.3317e+02	 7.6100e+02
 3.3253e+05	 7.0060e+02	 3.5250e+00	 4.5342e-01	 3.3317e+02	 7.6375e+02
 4.9879e+05	 7.0060e+02	 3.4309e+00	 3.9489e-01	 3.3317e+02	 7.6631e+02
 7.4818e+05	 7.0060e+02	 3.4059e+00	 2.5957e-01	 3.3316e+02	 7.7438e+02
 9.0000e+05	 7.0060e+02	 3.3774e+00	 2.3381e-01	 3.3317e+02	 7.8225e+02
 1.0000e+02	 7.7950e+02	 6.0536e+00	 1.9947e-01	 3.3317e+02	 7.9045e+02
 1.5000e+02	 7.7950e+02	 6.0091e+00	 2.0283e-01	 3.3316e+02	 7.9291e+02
 2.2500e+02	 7.7950e+02	 5.9666e+00	 2.0840e-01	 3.3316e+02	 7.9570e+02
 3.3750e+02	 7.7950e+02	 5.9210e+00	 2.2099e-01	 3.3316e+02	 7.9813e+02
 5.0625e+02	 7.7950e+02	 5.8712e+00	 2.3906e-01	 3.3316e+02	 8.0064e+02
 7.5938e+02	 7.7950e+02	 5.8167e+00	 2.6358e-01	 3.3316e+02	 8.0331e+02
 1.1391e+03	 7.7950e+02	 5.7561e+00	 2.9549e-01	 3.3316e+02	 8.0581e+02
 1.7086e+03	 7.7950e+02	 5.6867e+00	 3.3469e-01	 3.3316e+02	 8.0863e+02
 2.5629e+03	 7.7950e+02	 5.6066e+00	 3.8350e-01	 3.3316e+02	 8.1119e+02
 3.8443e+03	 7.7950e+02	 5.5117e+00	 4.4163e-01	 3.3315e+02	 8.1388e+02
 5.7665e+03	 7.7950e+02	 5.3984e+00	 5.0891e-01	 3.3315e+02	 8.1631e+02
 8.6498e+03	 7.7950e+02	 5.2616e+00	 5.8294e-01	 3.3316e+02	 8.1913e+02
 1.2975e+04	 7.7950e+02	 5.0969e+00	 6.5894e-01	 3.3315e+02	 8.2156e+02
 1.9462e+04	 7.7950e+02	 4.9000e+00	 7.2780e-01	 3.3316e+02	 8.2447e+02
 2.9193e+04	 7.7950e+02	 4.6734e+00	 7.7589e-01	 3.3316e+02	 8.2706e+02
 4.3789e+04	 7.7950e+02	 4.4370e+00	 7.8881e-01	 3.3315e+02	 8.2975e+02
 6.5684e+04	 7.7950e+02	 4.1939e+00	 7.5957e-01	 3.3315e+02	 8.3219e+02
 9.8526e+04	 7.7950e+02	 3.9753e+00	 6.9473e-01	 3.3315e+02	 8.3463e+02
 1.4779e+05	 7.7950e+02	 3.7946e+00	 6.1152e-01	 3.3316e+02	 8.3744e+02
 2.2168e+05	 7.7950e+02	 3.6424e+00	 5.2733e-01	 3.3315e+02	 8.4000e+02
 3.3253e+05	 7.7950e+02	 3.5280e+00	 4.5506e-01	 3.3315e+02	 8.4269e+02
 4.9879e+05	 7.7950e+02	 3.4338e+00	 3.9606e-01	 3.3315e+02	 8.4525e+02
 7.4818e+05	 7.7950e+02	 3.4090e+00	 2.5996e-01	 3.3315e+02	 8.5322e+02
 9.0000e+05	 7.7950e+02	 3.3818e+00	 2.2032e-01	 3.3316e+02	 8.6094e+02
 1.0000e+02	 8.5820e+02	 6.0963e+00	 2.1060e-01	 3.3315e+02	 8.6922e+02
 1.5000e+02	 8.5820e+02	 6.0504e+00	 2.1128e-01	 3.3315e+02	 8.7177e+02
 2.2500e+02	 8.5820e+02	 6.0055e+00	 2.1757e-01	 3.3315e+02	 8.7447e+02
 3.3750e+02	 8.5820e+02	 5.9580e+00	 2.3009e-01	 3.3316e+02	 8.7706e+02
 5.0625e+02	 8.5820e+02	 5.9066e+00	 2.4908e-01	 3.3315e+02	 8.7950e+02
 7.5938e+02	 8.5820e+02	 5.8497e+00	 2.7471e-01	 3.3315e+02	 8.8213e+02
 1.1391e+03	 8.5820e+02	 5.7855e+00	 3.0774e-01	 3.3315e+02	 8.8456e+02
 1.7086e+03	 8.5820e+02	 5.7121e+00	 3.4807e-01	 3.3315e+02	 8.8714e+02
 2.5629e+03	 8.5820e+02	 5.6278e+00	 3.9662e-01	 3.3315e+02	 8.8994e+02
 3.8443e+03	 8.5820e+02	 5.5289e+00	 4.5397e-01	 3.3315e+02	 8.9247e+02
 5.7665e+03	 8.5820e+02	 5.4124e+00	 5.1987e-01	 3.3315e+02	 8.9506e+02
 8.6498e+03	 8.5820e+02	 5.2726e+00	 5.9226e-01	 3.3316e+02	 8.9769e+02
 1.2975e+04	 8.5820e+02	 5.1057e+00	 6.6676e-01	 3.3315e+02	 9.0044e+02
 1.9462e+04	 8.5820e+02	 4.9073e+00	 7.3386e-01	 3.3316e+02	 9.0306e+02
 2.9193e+04	 8.5820e+02	 4.6796e+00	 7.8025e-01	 3.3315e+02	 9.0569e+02
 4.3789e+04	 8.5820e+02	 4.4427e+00	 7.9214e-01	 3.3315e+02	 9.0813e+02
 6.5684e+04	 8.5820e+02	 4.1994e+00	 7.6228e-01	 3.3315e+02	 9.1092e+02
 9.8526e+04	 8.5820e+02	 3.9804e+00	 6.9697e-01	 3.3315e+02	 9.1338e+02
 1.4779e+05	 8.5820e+02	 3.7993e+00	 6.1369e-01	 3.3315e+02	 9.1624e+02
 2.2168e+05	 8.5820e+02	 3.6463e+00	 5.2912e-01	 3.3315e+02	 9.1881e+02
 3.3253e+05	 8.5820e+02	 3.5323e+00	 4.5543e-01	 3.3315e+02	 9.2147e+02
 4.9879e+05	 8.5820e+02	 3.4372e+00	 3.9744e-01	 3.3315e+02	 9.2406e+02
 7.4818e+05	 8.5820e+02	 3.4128e+00	 2.5352e-01	 3.3315e+02	 9.3156e+02
 9.0000e+05	 8.5820e+02	 3.3838e+00	 2.2856e-01	 3.3315e+02	 9.3981e+02
 1.0000e+02	 9.3710e+02	 6.1287e+00	 2.1719e-01	 3.3315e+02	 9.4783e+02
 1.5000e+02	 9.3710e+02	 6.0828e+00	 2.1630e-01	 3.3314e+02	 9.5038e+02
 2.2500e+02	 9.3710e+02	 6.0361e+00	 2.2118e-01	 3.3315e+02	 9.5288e+02
 3.3750e+02	 9.3710e+02	 5.9884e+00	 2.3303e-01	 3.3315e+02	 9.5553e+02
 5.0625e+02	 9.3710e+02	 5.9369e+00	 2.5217e-01	 3.3315e+02	 9.5800e+02
 7.5938e+02	 9.3710e+02	 5.8797e+00	 2.7895e-01	 3.3315e+02	 9.6094e+02
 1.1391e+03	 9.3710e+02	 5.8147e+00	 3.1372e-01	 3.3315e+02	 9.6344e+02
 1.7086e+03	 9.3710e+02	 5.7392e+00	 3.5613e-01	 3.3315e+02	 9.6620e+02
 2.5629e+03	 9.3710e+02	 5.6521e+00	 4.0646e-01	 3.3315e+02	 9.6881e+02
 3.8443e+03	 9.3710e+02	 5.5495e+00	 4.6477e-01	 3.3315e+02	 9.7153e+02
 5.7665e+03	 9.3710e+02	 5.4290e+00	 5.3064e-01	 3.3315e+02	 9.7400e+02
 8.6498e+03	 9.3710e+02	 5.2860e+00	 6.0213e-01	 3.3316e+02	 9.7691e+02
 1.2975e+04	 9.3710e+02	 5.1163e+00	 6.7502e-01	 3.3315e+02	 9.7938e+02
 1.9462e+04	 9.3710e+02	 4.9161e+00	 7.4063e-01	 3.3315e+02	 9.8217e+02
 2.9193e+04	 9.3710e+02	 4.6871e+00	 7.8569e-01	 3.3316e+02	 9.8475e+02
 4.3789e+04	 9.3710e+02	 4.4494e+00	 7.9641e-01	 3.3315e+02	 9.8747e+02
 6.5684e+04	 9.3710e+02	 4.2055e+00	 7.6550e-01	 3.3316e+02	 9.8994e+02
 9.8526e+04	 9.3710e+02	 3.9862e+00	 6.9992e-01	 3.3315e+02	 9.9244e+02
 1.4779e+05	 9.3710e+02	 3.8044e+00	 6.1621e-01	 3.3316e+02	 9.9513e+02
 2.2168e+05	 9.3710e+02	 3.6509e+00	 5.3150e-01	 3.3316e+02	 9.9775e+02
 3.3253e+05	 9.3710e+02	 3.5359e+00	 4.5803e-01	 3.3316e+02	 1.0004e+03
 4.9879e+05	 9.3710e+02	 3.4408e+00	 3.9893e-01	 3.3316e+02	 1.0031e+03
 7.4818e+05	 9.3710e+02	 3.4158e+00	 2.5740e-01	 3.3315e+02	 1.0110e+03
 9.0000e+05	 9.3710e+02	 3.3870e+00	 2.2904e-01	 3.3316e+02	 1.0186e+03
 1.0000e+02	 1.0158e+03	 6.1533e+00	 2.2200e-01	 3.3316e+02	 1.0263e+03
 1.5000e+02	 1.0158e+03	 6.1057e+00	 2.2017e-01	 3.3315e+02	 1.0290e+03
 2.2500e+02	 1.0158e+03	 6.0594e+00	 2.2278e-01	 3.3316e+02	 1.0315e+03
 3.3750e+02	 1.0158e+03	 6.0118e+00	 2.3339e-01	 3.3315e+02	 1.0342e+03
 5.0625e+02	 1.0158e+03	 5.9610e+00	 2.5215e-01	 3.3315e+02	 1.0367e+03
 7.5938e+02	 1.0158e+03	 5.9048e+00	 2.7897e-01	 3.3315e+02	 1.0392e+03
 1.1391e+03	 1.0158e+03	 5.8405e+00	 3.1537e-01	 3.3315e+02	 1.0419e+03
 1.7086e+03	 1.0158e+03	 5.7650e+00	 3.5959e-01	 3.3315e+02	 1.0444e+03
 2.5629e+03	 1.0158e+03	 5.6764e+00	 4.1228e-01	 3.3316e+02	 1.0472e+03
 3.8443e+03	 1.0158e+03	 5.5714e+00	 4.7273e-01	 3.3316e+02	 1.0496e+03
 5.7665e+03	 1.0158e+03	 5.4476e+00	 5.3958e-01	 3.3315e+02	 1.0521e+03
 8.6498e+03	 1.0158e+03	 5.3013e+00	 6.1137e-01	 3.3316e+02	 1.0549e+03
 1.2975e+04	 1.0158e+03	 5.1284e+00	 6.8346e-01	 3.3315e+02	 1.0574e+03
 1.9462e+04	 1.0158e+03	 4.9256e+00	 7.4782e-01	 3.3315e+02	 1.0599e+03
 2.9193e+04	 1.0158e+03	 4.6947e+00	 7.9148e-01	 3.3315e+02	 1.0625e+03
 4.3789e+04	 1.0158e+03	 4.4560e+00	 8.0075e-01	 3.3315e+02	 1.0652e+03
 6.5684e+04	 1.0158e+03	 4.2114e+00	 7.6918e-01	 3.3316e+02	 1.0677e+03
 9.8526e+04	 1.0158e+03	 3.9915e+00	 7.0305e-01	 3.3316e+02	 1.0701e+03
 1.4779e+05	 1.0158e+03	 3.8091e+00	 6.1896e-01	 3.3315e+02	 1.0729e+03
 2.2168e+05	 1.0158e+03	 3.6552e+00	 5.3375e-01	 3.3315e+02	 1.0755e+03
 3.3253e+05	 1.0158e+03	 3.5395e+00	 4.6014e-01	 3.3315e+02	 1.0782e+03
 4.9879e+05	 1.0158e+03	 3.4440e+00	 4.0044e-01	 3.3314e+02	 1.0808e+03
 7.4818e+05	 1.0158e+03	 3.4186e+00	 2.5985e-01	 3.3315e+02	 1.0887e+03
 9.0000e+05	 1.0158e+03	 3.3896e+00	 2.3204e-01	 3.3315e+02	 1.0964e+03
 1.0000e+02	 1.0937e+03	 6.1728e+00	 2.2572e-01	 3.3315e+02	 1.1047e+03
 1.5000e+02	 1.0937e+03	 6.1254e+00	 2.2069e-01	 3.3315e+02	 1.1071e+03
 2.2500e+02	 1.0937e+03	 6.0775e+00	 2.2354e-01	 3.3315e+02	 1.1100e+03
 3.3750e+02	 1.0937e+03	 6.0299e+00	 2.3301e-01	 3.3315e+02	 1.1126e+03
 5.0625e+02	 1.0937e+03	 5.9799e+00	 2.5092e-01	 3.3315e+02	 1.1154e+03
 7.5938e+02	 1.0937e+03	 5.9249e+00	 2.7746e-01	 3.3315e+02	 1.1180e+03
 1.1391e+03	 1.0937e+03	 5.8619e+00	 3.1357e-01	 3.3315e+02	 1.1207e+03
 1.7086e+03	 1.0937e+03	 5.7878e+00	 3.5969e-01	 3.3315e+02	 1.1234e+03
 2.5629e+03	 1.0937e+03	 5.6994e+00	 4.1480e-01	 3.3315e+02	 1.1260e+03
 3.8443e+03	 1.0937e+03	 5.5931e+00	 4.7759e-01	 3.3315e+02	 1.1285e+03
 5.7665e+03	 1.0937e+03	 5.4672e+00	 5.4660e-01	 3.3315e+02	 1.1309e+03
 8.6498e+03	 1.0937e+03	 5.3177e+00	 6.1940e-01	 3.3315e+02	 1.1336e+03
 1.2975e+04	 1.0937e+03	 5.1417e+00	 6.9163e-01	 3.3315e+02	 1.1361e+03
 1.9462e+04	 1.0937e+03	 4.9361e+00	 7.5509e-01	 3.3315e+02	 1.1387e+03
 2.9193e+04	 1.0937e+03	 4.7035e+00	 7.9755e-01	 3.3315e+02	 1.1414e+03
 4.3789e+04	 1.0937e+03	 4.4634e+00	 8.0570e-01	 3.3315e+02	 1.1440e+03
 6.5684e+04	 1.0937e+03	 4.2178e+00	 7.7327e-01	 3.3315e+02	 1.1466e+03
 9.8526e+04	 1.0937e+03	 3.9973e+00	 7.0656e-01	 3.3315e+02	 1.1490e+03
 1.4779e+05	 1.0937e+03	 3.8143e+00	 6.2196e-01	 3.3315e+02	 1.1517e+03
 2.2168e+05	 1.0937e+03	 3.6595e+00	 5.3643e-01	 3.3316e+02	 1.1542e+03
 3.3253e+05	 1.0937e+03	 3.5433e+00	 4.6231e-01	 3.3315e+02	 1.1570e+03
 4.9879e+05	 1.0937e+03	 3.4475e+00	 4.0241e-01	 3.3316e+02	 1.1596e+03
 7.4818e+05	 1.0937e+03	 3.4215e+00	 2.6224e-01	 3.3315e+02	 1.1672e+03
 9.0000e+05	 1.0937e+03	 3.3920e+00	 2.3854e-01	 3.3315e+02	 1.1752e+03
 1.0000e+02	 1.1724e+03	 6.1885e+00	 2.2835e-01	 3.3315e+02	 1.1829e+03
 1.5000e+02	 1.1724e+03	 6.1400e+00	 2.2294e-01	 3.3315e+02	 1.1857e+03
 2.2500e+02	 1.1724e+03	 6.0925e+00	 2.2398e-01	 3.3316e+02	 1.1882e+03
 3.3750e+02	 1.1724e+03	 6.0452e+00	 2.3220e-01	 3.3316e+02	 1.1910e+03
 5.0625e+02	 1.1724e+03	 5.9956e+00	 2.4878e-01	 3.3315e+02	 1.1936e+03
 7.5938e+02	 1.1724e+03	 5.9414e+00	 2.7474e-01	 3.3316e+02	 1.1965e+03
 1.1391e+03	 1.1724e+03	 5.8799e+00	 3.1102e-01	 3.3316e+02	 1.1990e+03
 1.7086e+03	 1.1724e+03	 5.8074e+00	 3.5774e-01	 3.3316e+02	 1.2017e+03
 2.5629e+03	 1.1724e+03	 5.7200e+00	 4.1470e-01	 3.3316e+02	 1.2043e+03
 3.8443e+03	 1.1724e+03	 5.6141e+00	 4.7992e-01	 3.3316e+02	 1.2068e+03
 5.7665e+03	 1.1724e+03	 5.4865e+00	 5.5132e-01	 3.3315e+02	 1.2092e+03
 8.6498e+03	 1.1724e+03	 5.3347e+00	 6.2592e-01	 3.3316e+02	 1.2118e+03
 1.2975e+04	 1.1724e+03	 5.1558e+00	 6.9887e-01	 3.3316e+02	 1.2144e+03
 1.9462e+04	 1.1724e+03	 4.9474e+00	 7.6213e-01	 3.3316e+02	 1.2170e+03
 2.9193e+04	 1.1724e+03	 4.7126e+00	 8.0368e-01	 3.3315e+02	 1.2197e+03
 4.3789e+04	 1.1724e+03	 4.4710e+00	 8.1100e-01	 3.3316e+02	 1.2222e+03
 6.5684e+04	 1.1724e+03	 4.2242e+00	 7.7738e-01	 3.3315e+02	 1.2247e+03
 9.8526e+04	 1.1724e+03	 4.0029e+00	 7.0999e-01	 3.3315e+02	 1.2273e+03
 1.4779e+05	 1.1724e+03	 3.8191e+00	 6.2500e-01	 3.3315e+02	 1.2299e+03
 2.2168e+05	 1.1724e+03	 3.6636e+00	 5.3892e-01	 3.3315e+02	 1.2326e+03
 3.3253e+05	 1.1724e+03	 3.5470e+00	 4.6432e-01	 3.3315e+02	 1.2351e+03
 4.9879e+05	 1.1724e+03	 3.4507e+00	 4.0413e-01	 3.3315e+02	 1.2377e+03
 7.4818e+05	 1.1724e+03	 3.4241e+00	 2.6589e-01	 3.3315e+02	 1.2453e+03
 9.0000e+05	 1.1724e+03	 3.3954e+00	 2.3273e-01	 3.3315e+02	 1.2530e+03
 1.0000e+02	 1.2502e+03	 6.2014e+00	 2.3028e-01	 3.3315e+02	 1.2612e+03
 1.5000e+02	 1.2502e+03	 6.1527e+00	 2.2294e-01	 3.3315e+02	 1.2636e+03
 2.2500e+02	 1.2502e+03	 6.1046e+00	 2.2408e-01	 3.3314e+02	 1.2661e+03
 3.3750e+02	 1.2502e+03	 6.0573e+00	 2.3134e-01	 3.3314e+02	 1.2687e+03
 5.0625e+02	 1.2502e+03	 6.0082e+00	 2.4729e-01	 3.3315e+02	 1.2713e+03
 7.5938e+02	 1.2502e+03	 5.9552e+00	 2.7225e-01	 3.3315e+02	 1.2739e+03
 1.1391e+03	 1.2502e+03	 5.8948e+00	 3.0803e-01	 3.3313e+02	 1.2764e+03
 1.7086e+03	 1.2502e+03	 5.8236e+00	 3.5519e-01	 3.3314e+02	 1.2789e+03
 2.5629e+03	 1.2502e+03	 5.7378e+00	 4.1308e-01	 3.3314e+02	 1.2817e+03
 3.8443e+03	 1.2502e+03	 5.6325e+00	 4.8047e-01	 3.3314e+02	 1.2841e+03
 5.7665e+03	 1.2502e+03	 5.5047e+00	 5.5434e-01	 3.3315e+02	 1.2867e+03
 8.6498e+03	 1.2502e+03	 5.3511e+00	 6.3104e-01	 3.3315e+02	 1.2892e+03
 1.2975e+04	 1.2502e+03	 5.1695e+00	 7.0508e-01	 3.3315e+02	 1.2919e+03
 1.9462e+04	 1.2502e+03	 4.9587e+00	 7.6872e-01	 3.3315e+02	 1.2944e+03
 2.9193e+04	 1.2502e+03	 4.7217e+00	 8.0961e-01	 3.3315e+02	 1.2972e+03
 4.3789e+04	 1.2502e+03	 4.4785e+00	 8.1584e-01	 3.3315e+02	 1.2997e+03
 6.5684e+04	 1.2502e+03	 4.2309e+00	 7.8168e-01	 3.3315e+02	 1.3022e+03
 9.8526e+04	 1.2502e+03	 4.0084e+00	 7.1354e-01	 3.3315e+02	 1.3048e+03
 1.4779e+05	 1.2502e+03	 3.8241e+00	 6.2797e-01	 3.3315e+02	 1.3074e+03
 2.2168e+05	 1.2502e+03	 3.6680e+00	 5.4152e-01	 3.3316e+02	 1.3099e+03
 3.3253e+05	 1.2502e+03	 3.5507e+00	 4.6653e-01	 3.3315e+02	 1.3124e+03
 4.9879e+05	 1.2502e+03	 3.4539e+00	 4.0607e-01	 3.3315e+02	 1.3152e+03
 7.4818e+05	 1.2502e+03	 3.4278e+00	 2.6107e-01	 3.3315e+02	 1.3228e+03
 9.0000e+05	 1.2502e+03	 3.3984e+00	 2.3403e-01	 3.3315e+02	 1.3304e+03
 1.0000e+02	 1.3276e+03	 6.2124e+00	 2.3201e-01	 3.3315e+02	 1.3385e+03
 1.5000e+02	 1.3276e+03	 6.1625e+00	 2.2461e-01	 3.3315e+02	 1.3410e+03
 2.2500e+02	 1.3276e+03	 6.1151e+00	 2.2417e-01	 3.3315e+02	 1.3435e+03
 3.3750e+02	 1.3276e+03	 6.0678e+00	 2.3053e-01	 3.3315e+02	 1.3461e+03
 5.0625e+02	 1.3276e+03	 6.0192e+00	 2.4512e-01	 3.3315e+02	 1.3486e+03
 7.5938e+02	 1.3276e+03	 5.9669e+00	 2.6945e-01	 3.3316e+02	 1.3512e+03
 1.1391e+03	 1.3276e+03	 5.9080e+00	 3.0468e-01	 3.3315e+02	 1.3537e+03
 1.7086e+03	 1.3276e+03	 5.8384e+00	 3.5181e-01	 3.3316e+02	 1.3564e+03
 2.5629e+03	 1.3276e+03	 5.7543e+00	 4.1042e-01	 3.3316e+02	 1.3591e+03
 3.8443e+03	 1.3276e+03	 5.6502e+00	 4.7939e-01	 3.3315e+02	 1.3617e+03
 5.7665e+03	 1.3276e+03	 5.5228e+00	 5.5566e-01	 3.3316e+02	 1.3643e+03
 8.6498e+03	 1.3276e+03	 5.3683e+00	 6.3458e-01	 3.3315e+02	 1.3672e+03
 1.2975e+04	 1.3276e+03	 5.1849e+00	 7.1051e-01	 3.3315e+02	 1.3698e+03
 1.9462e+04	 1.3276e+03	 4.9715e+00	 7.7472e-01	 3.3315e+02	 1.3725e+03
 2.9193e+04	 1.3276e+03	 4.7320e+00	 8.1531e-01	 3.3315e+02	 1.3751e+03
 4.3789e+04	 1.3276e+03	 4.4870e+00	 8.2094e-01	 3.3315e+02	 1.3775e+03
 6.5684e+04	 1.3276e+03	 4.2381e+00	 7.8604e-01	 3.3315e+02	 1.3801e+03
 9.8526e+04	 1.3276e+03	 4.0148e+00	 7.1734e-01	 3.3316e+02	 1.3826e+03
 1.4779e+05	 1.3276e+03	 3.8294e+00	 6.3132e-01	 3.3316e+02	 1.3852e+03
 2.2168e+05	 1.3276e+03	 3.6726e+00	 5.4430e-01	 3.3316e+02	 1.3879e+03
 3.3253e+05	 1.3276e+03	 3.5546e+00	 4.6894e-01	 3.3315e+02	 1.3904e+03
 4.9879e+05	 1.3276e+03	 3.4575e+00	 4.0792e-01	 3.3315e+02	 1.3929e+03
 7.4818e+05	 1.3276e+03	 3.4309e+00	 2.6349e-01	 3.3315e+02	 1.4006e+03
 9.0000e+05	 1.3276e+03	 3.4011e+00	 2.3779e-01	 3.3315e+02	 1.4083e+03
 1.0000e+02	 1.4056e+03	 6.2222e+00	 2.3340e-01	 3.3315e+02	 1.4164e+03
 1.5000e+02	 1.4056e+03	 6.1717e+00	 2.2630e-01	 3.3315e+02	 1.4189e+03
 2.2500e+02	 1.4056e+03	 6.1241e+00	 2.2395e-01	 3.3315e+02	 1.4213e+03
 3.3750e+02	 1.4056e+03	 6.0767e+00	 2.2954e-01	 3.3315e+02	 1.4239e+03
 5.0625e+02	 1.4056e+03	 6.0284e+00	 2.4360e-01	 3.3315e+02	 1.4263e+03
 7.5938e+02	 1.4056e+03	 5.9769e+00	 2.6692e-01	 3.3315e+02	 1.4289e+03
 1.1391e+03	 1.4056e+03	 5.9191e+00	 3.0153e-01	 3.3315e+02	 1.4314e+03
 1.7086e+03	 1.4056e+03	 5.8513e+00	 3.4826e-01	 3.3315e+02	 1.4342e+03
 2.5629e+03	 1.4056e+03	 5.7685e+00	 4.0724e-01	 3.3315e+02	 1.4368e+03
 3.8443e+03	 1.4056e+03	 5.6661e+00	 4.7758e-01	 3.3315e+02	 1.4395e+03
 5.7665e+03	 1.4056e+03	 5.5393e+00	 5.5580e-01	 3.3315e+02	 1.4419e+03
 8.6498e+03	 1.4056e+03	 5.3845e+00	 6.3723e-01	 3.3315e+02	 1.4445e+03
 1.2975e+04	 1.4056e+03	 5.1992e+00	 7.1481e-01	 3.3315e+02	 1.4471e+03
 1.9462e+04	 1.4056e+03	 4.9835e+00	 7.7995e-01	 3.3315e+02	 1.4497e+03
 2.9193e+04	 1.4056e+03	 4.7421e+00	 8.2093e-01	 3.3314e+02	 1.4524e+03
 4.3789e+04	 1.4056e+03	 4.4953e+00	 8.2606e-01	 3.3315e+02	 1.4548e+03
 6.5684e+04	 1.4056e+03	 4.2449e+00	 7.9043e-01	 3.3315e+02	 1.4572e+03
 9.8526e+04	 1.4056e+03	 4.0206e+00	 7.2107e-01	 3.3314e+02	 1.4599e+03
 1.4779e+05	 1.4056e+03	 3.8343e+00	 6.3445e-01	 3.3315e+02	 1.4624e+03
 2.2168e+05	 1.4056e+03	 3.6768e+00	 5.4701e-01	 3.3315e+02	 1.4652e+03
 3.3253e+05	 1.4056e+03	 3.5584e+00	 4.7116e-01	 3.3315e+02	 1.4676e+03
 4.9879e+05	 1.4056e+03	 3.4608e+00	 4.0988e-01	 3.3315e+02	 1.4702e+03
 7.4818e+05	 1.4056e+03	 3.4334e+00	 2.6884e-01	 3.3315e+02	 1.4780e+03
 9.0000e+05	 1.4056e+03	 3.4040e+00	 2.3833e-01	 3.3314e+02	 1.4858e+03
 1.0000e+02	 1.4831e+03	 6.2303e+00	 2.3448e-01	 3.3315e+02	 1.4939e+03
 1.5000e+02	 1.4831e+03	 6.1797e+00	 2.2626e-01	 3.3315e+02	 1.4964e+03
 2.2500e+02	 1.4831e+03	 6.1319e+00	 2.2380e-01	 3.3314e+02	 1.4988e+03
 3.3750e+02	 1.4831e+03	 6.0847e+00	 2.2871e-01	 3.3315e+02	 1.5014e+03
 5.0625e+02	 1.4831e+03	 6.0368e+00	 2.4149e-01	 3.3315e+02	 1.5039e+03
 7.5938e+02	 1.4831e+03	 5.9862e+00	 2.6449e-01	 3.3315e+02	 1.5066e+03
 1.1391e+03	 1.4831e+03	 5.9292e+00	 2.9822e-01	 3.3315e+02	 1.5091e+03
 1.7086e+03	 1.4831e+03	 5.8624e+00	 3.4462e-01	 3.3315e+02	 1.5119e+03
 2.5629e+03	 1.4831e+03	 5.7817e+00	 4.0384e-01	 3.3315e+02	 1.5144e+03
 3.8443e+03	 1.4831e+03	 5.6807e+00	 4.7489e-01	 3.3315e+02	 1.5169e+03
 5.7665e+03	 1.4831e+03	 5.5550e+00	 5.5499e-01	 3.3315e+02	 1.5196e+03
 8.6498e+03	 1.4831e+03	 5.4002e+00	 6.3868e-01	 3.3315e+02	 1.5221e+03
 1.2975e+04	 1.4831e+03	 5.2139e+00	 7.1826e-01	 3.3315e+02	 1.5246e+03
 1.9462e+04	 1.4831e+03	 4.9963e+00	 7.8478e-01	 3.3315e+02	 1.5272e+03
 2.9193e+04	 1.4831e+03	 4.7526e+00	 8.2612e-01	 3.3315e+02	 1.5299e+03
 4.3789e+04	 1.4831e+03	 4.5039e+00	 8.3103e-01	 3.3315e+02	 1.5324e+03
 6.5684e+04	 1.4831e+03	 4.2520e+00	 7.9472e-01	 3.3315e+02	 1.5350e+03
 9.8526e+04	 1.4831e+03	 4.0267e+00	 7.2483e-01	 3.3315e+02	 1.5375e+03
 1.4779e+05	 1.4831e+03	 3.8397e+00	 6.3776e-01	 3.3315e+02	 1.5401e+03
 2.2168e+05	 1.4831e+03	 3.6813e+00	 5.4977e-01	 3.3315e+02	 1.5427e+03
 3.3253e+05	 1.4831e+03	 3.5623e+00	 4.7356e-01	 3.3315e+02	 1.5451e+03
 4.9879e+05	 1.4831e+03	 3.4642e+00	 4.1179e-01	 3.3315e+02	 1.5479e+03
 7.4818e+05	 1.4831e+03	 3.4367e+00	 2.6775e-01	 3.3315e+02	 1.5556e+03
 9.0000e+05	 1.4831e+03	 3.4068e+00	 2.4050e-01	 3.3315e+02	 1.5632e+03
 1.0000e+02	 1.5604e+03	 6.2374e+00	 2.3547e-01	 3.3315e+02	 1.5712e+03
 1.5000e+02	 1.5604e+03	 6.1867e+00	 2.2564e-01	 3.3315e+02	 1.5737e+03
 2.2500e+02	 1.5604e+03	 6.1388e+00	 2.2365e-01	 3.3315e+02	 1.5762e+03
 3.3750e+02	 1.5604e+03	 6.0918e+00	 2.2771e-01	 3.3315e+02	 1.5789e+03
 5.0625e+02	 1.5604e+03	 6.0443e+00	 2.4002e-01	 3.3315e+02	 1.5813e+03
 7.5938e+02	 1.5604e+03	 5.9938e+00	 2.6215e-01	 3.3315e+02	 1.5840e+03
 1.1391e+03	 1.5604e+03	 5.9382e+00	 2.9536e-01	 3.3315e+02	 1.5864e+03
 1.7086e+03	 1.5604e+03	 5.8726e+00	 3.4111e-01	 3.3315e+02	 1.5890e+03
 2.5629e+03	 1.5604e+03	 5.7932e+00	 3.9999e-01	 3.3315e+02	 1.5916e+03
 3.8443e+03	 1.5604e+03	 5.6941e+00	 4.7210e-01	 3.3315e+02	 1.5940e+03
 5.7665e+03	 1.5604e+03	 5.5697e+00	 5.5358e-01	 3.3315e+02	 1.5967e+03
 8.6498e+03	 1.5604e+03	 5.4153e+00	 6.3926e-01	 3.3315e+02	 1.5993e+03
 1.2975e+04	 1.5604e+03	 5.2281e+00	 7.2103e-01	 3.3315e+02	 1.6018e+03
 1.9462e+04	 1.5604e+03	 5.0091e+00	 7.8900e-01	 3.3315e+02	 1.6044e+03
 2.9193e+04	 1.5604e+03	 4.7633e+00	 8.3082e-01	 3.3315e+02	 1.6069e+03
 4.3789e+04	 1.5604e+03	 4.5128e+00	 8.3561e-01	 3.3316e+02	 1.6096e+03
 6.5684e+04	 1.5604e+03	 4.2596e+00	 7.9897e-01	 3.3315e+02	 1.6121e+03
 9.8526e+04	 1.5604e+03	 4.0329e+00	 7.2865e-01	 3.3315e+02	 1.6145e+03
 1.4779e+05	 1.5604e+03	 3.8448e+00	 6.4102e-01	 3.3315e+02	 1.6172e+03
 2.2168e+05	 1.5604e+03	 3.6859e+00	 5.5268e-01	 3.3315e+02	 1.6198e+03
 3.3253e+05	 1.5604e+03	 3.5663e+00	 4.7584e-01	 3.3316e+02	 1.6224e+03
 4.9879e+05	 1.5604e+03	 3.4677e+00	 4.1377e-01	 3.3315e+02	 1.6250e+03
 7.4818e+05	 1.5604e+03	 3.4396e+00	 2.7143e-01	 3.3315e+02	 1.6330e+03
 9.0000e+05	 1.5604e+03	 3.4093e+00	 2.4652e-01	 3.3315e+02	 1.6408e+03
 1.0000e+02	 1.6381e+03	 6.2440e+00	 2.3621e-01	 3.3315e+02	 1.6489e+03
 1.5000e+02	 1.6381e+03	 6.1948e+00	 2.2702e-01	 3.3316e+02	 1.6514e+03
 2.2500e+02	 1.6381e+03	 6.1452e+00	 2.2326e-01	 3.3315e+02	 1.6538e+03
 3.3750e+02	 1.6381e+03	 6.0982e+00	 2.2688e-01	 3.3315e+02	 1.6565e+03
 5.0625e+02	 1.6381e+03	 6.0510e+00	 2.3852e-01	 3.3315e+02	 1.6589e+03
 7.5938e+02	 1.6381e+03	 6.0011e+00	 2.5971e-01	 3.3315e+02	 1.6617e+03
 1.1391e+03	 1.6381e+03	 5.9459e+00	 2.9214e-01	 3.3315e+02	 1.6642e+03
 1.7086e+03	 1.6381e+03	 5.8819e+00	 3.3745e-01	 3.3315e+02	 1.6670e+03
 2.5629e+03	 1.6381e+03	 5.8042e+00	 3.9655e-01	 3.3315e+02	 1.6696e+03
 3.8443e+03	 1.6381e+03	 5.7066e+00	 4.6864e-01	 3.3315e+02	 1.6722e+03
 5.7665e+03	 1.6381e+03	 5.5837e+00	 5.5155e-01	 3.3315e+02	 1.6747e+03
 8.6498e+03	 1.6381e+03	 5.4299e+00	 6.3916e-01	 3.3315e+02	 1.6772e+03
 1.2975e+04	 1.6381e+03	 5.2423e+00	 7.2315e-01	 3.3315e+02	 1.6799e+03
 1.9462e+04	 1.6381e+03	 5.0217e+00	 7.9281e-01	 3.3315e+02	 1.6824e+03
 2.9193e+04	 1.6381e+03	 4.7740e+00	 8.3542e-01	 3.3315e+02	 1.6850e+03
 4.3789e+04	 1.6381e+03	 4.5216e+00	 8.4011e-01	 3.3315e+02	 1.6875e+03
 6.5684e+04	 1.6381e+03	 4.2670e+00	 8.0315e-01	 3.3315e+02	 1.6899e+03
 9.8526e+04	 1.6381e+03	 4.0391e+00	 7.3228e-01	 3.3315e+02	 1.6928e+03
 1.4779e+05	 1.6381e+03	 3.8501e+00	 6.4425e-01	 3.3315e+02	 1.6953e+03
 2.2168e+05	 1.6381e+03	 3.6903e+00	 5.5530e-01	 3.3315e+02	 1.6980e+03
 3.3253e+05	 1.6381e+03	 3.5702e+00	 4.7813e-01	 3.3315e+02	 1.7004e+03
 4.9879e+05	 1.6381e+03	 3.4710e+00	 4.1569e-01	 3.3314e+02	 1.7029e+03
 7.4818e+05	 1.6381e+03	 3.4429e+00	 2.7092e-01	 3.3315e+02	 1.7109e+03
 9.0000e+05	 1.6381e+03	 3.4127e+00	 2.4428e-01	 3.3315e+02	 1.7192e+03
 1.0000e+02	 1.7164e+03	 6.2501e+00	 2.3652e-01	 3.3315e+02	 1.7269e+03
 1.5000e+02	 1.7164e+03	 6.1978e+00	 2.2470e-01	 3.3315e+02	 1.7297e+03
 2.2500e+02	 1.7164e+03	 6.1509e+00	 2.2287e-01	 3.3315e+02	 1.7322e+03
 3.3750e+02	 1.7164e+03	 6.1040e+00	 2.2587e-01	 3.3315e+02	 1.7348e+03
 5.0625e+02	 1.7164e+03	 6.0569e+00	 2.3684e-01	 3.3315e+02	 1.7374e+03
 7.5938e+02	 1.7164e+03	 6.0076e+00	 2.5756e-01	 3.3315e+02	 1.7399e+03
 1.1391e+03	 1.7164e+03	 5.9535e+00	 2.8897e-01	 3.3315e+02	 1.7452e+03
 1.7086e+03	 1.7164e+03	 5.8903e+00	 3.3386e-01	 3.3315e+02	 1.7478e+03
 2.5629e+03	 1.7164e+03	 5.8141e+00	 3.9262e-01	 3.3315e+02	 1.7504e+03
 3.8443e+03	 1.7164e+03	 5.7183e+00	 4.6534e-01	 3.3315e+02	 1.7528e+03
 5.7665e+03	 1.7164e+03	 5.5968e+00	 5.4915e-01	 3.3315e+02	 1.7553e+03
 8.6498e+03	 1.7164e+03	 5.4440e+00	 6.3866e-01	 3.3315e+02	 1.7579e+03
 1.2975e+04	 1.7164e+03	 5.2562e+00	 7.2470e-01	 3.3314e+02	 1.7604e+03
 1.9462e+04	 1.7164e+03	 5.0345e+00	 7.9616e-01	 3.3315e+02	 1.7630e+03
 2.9193e+04	 1.7164e+03	 4.7848e+00	 8.3975e-01	 3.3315e+02	 1.7657e+03
 4.3789e+04	 1.7164e+03	 4.5307e+00	 8.4465e-01	 3.3315e+02	 1.7682e+03
 6.5684e+04	 1.7164e+03	 4.2744e+00	 8.0745e-01	 3.3315e+02	 1.7707e+03
 9.8526e+04	 1.7164e+03	 4.0455e+00	 7.3611e-01	 3.3315e+02	 1.7732e+03
 1.4779e+05	 1.7164e+03	 3.8556e+00	 6.4746e-01	 3.3315e+02	 1.7758e+03
 2.2168e+05	 1.7164e+03	 3.6949e+00	 5.5801e-01	 3.3315e+02	 1.7785e+03
 3.3253e+05	 1.7164e+03	 3.5741e+00	 4.8055e-01	 3.3315e+02	 1.7809e+03
 4.9879e+05	 1.7164e+03	 3.4745e+00	 4.1772e-01	 3.3315e+02	 1.7837e+03
 7.4818e+05	 1.7164e+03	 3.4455e+00	 2.7746e-01	 3.3315e+02	 1.7914e+03
 9.0000e+05	 1.7164e+03	 3.4150e+00	 2.5055e-01	 3.3315e+02	 1.7991e+03
 1.0000e+02	 1.7963e+03	 6.2555e+00	 2.3722e-01	 3.3315e+02	 1.8073e+03
 1.5000e+02	 1.7963e+03	 6.2065e+00	 2.2716e-01	 3.3315e+02	 1.8098e+03
 2.2500e+02	 1.7963e+03	 6.1565e+00	 2.2271e-01	 3.3315e+02	 1.8125e+03
 3.3750e+02	 1.7963e+03	 6.1097e+00	 2.2510e-01	 3.3315e+02	 1.8151e+03
 5.0625e+02	 1.7963e+03	 6.0626e+00	 2.3540e-01	 3.3316e+02	 1.8178e+03
 7.5938e+02	 1.7963e+03	 6.0140e+00	 2.5544e-01	 3.3315e+02	 1.8204e+03
 1.1391e+03	 1.7963e+03	 5.9604e+00	 2.8649e-01	 3.3316e+02	 1.8256e+03
 1.7086e+03	 1.7963e+03	 5.8982e+00	 3.3045e-01	 3.3315e+02	 1.8281e+03
 2.5629e+03	 1.7963e+03	 5.8234e+00	 3.8890e-01	 3.3316e+02	 1.8308e+03
 3.8443e+03	 1.7963e+03	 5.7293e+00	 4.6171e-01	 3.3315e+02	 1.8332e+03
 5.7665e+03	 1.7963e+03	 5.6093e+00	 5.4627e-01	 3.3316e+02	 1.8359e+03
 8.6498e+03	 1.7963e+03	 5.4576e+00	 6.3741e-01	 3.3315e+02	 1.8385e+03
 1.2975e+04	 1.7963e+03	 5.2703e+00	 7.2567e-01	 3.3315e+02	 1.8409e+03
 1.9462e+04	 1.7963e+03	 5.0474e+00	 7.9895e-01	 3.3316e+02	 1.8436e+03
 2.9193e+04	 1.7963e+03	 4.7960e+00	 8.4374e-01	 3.3315e+02	 1.8462e+03
 4.3789e+04	 1.7963e+03	 4.5316e+00	 8.4888e-01	 3.3315e+02	 1.8489e+03
 6.5684e+04	 1.7963e+03	 4.2823e+00	 8.1153e-01	 3.3316e+02	 1.8514e+03
 9.8526e+04	 1.7963e+03	 4.0521e+00	 7.3990e-01	 3.3315e+02	 1.8540e+03
 1.4779e+05	 1.7963e+03	 3.8611e+00	 6.5087e-01	 3.3315e+02	 1.8566e+03
 2.2168e+05	 1.7963e+03	 3.6995e+00	 5.6095e-01	 3.3316e+02	 1.8591e+03
 3.3253e+05	 1.7963e+03	 3.5781e+00	 4.8288e-01	 3.3315e+02	 1.8617e+03
 4.9879e+05	 1.7963e+03	 3.4781e+00	 4.1961e-01	 3.3315e+02	 1.8642e+03
 7.4818e+05	 1.7963e+03	 3.4489e+00	 2.7589e-01	 3.3315e+02	 1.8719e+03
 9.0000e+05	 1.7963e+03	 3.4185e+00	 2.4681e-01	 3.3315e+02	 1.8799e+03
 1.0000e+02	 1.8771e+03	 6.2605e+00	 2.3719e-01	 3.3315e+02	 1.8880e+03
 1.5000e+02	 1.8771e+03	 6.2080e+00	 2.2618e-01	 3.3315e+02	 1.8904e+03
 2.2500e+02	 1.8771e+03	 6.1610e+00	 2.2195e-01	 3.3314e+02	 1.8929e+03
 3.3750e+02	 1.8771e+03	 6.1144e+00	 2.2415e-01	 3.3315e+02	 1.8956e+03
 5.0625e+02	 1.8771e+03	 6.0678e+00	 2.3424e-01	 3.3315e+02	 1.8981e+03
 7.5938e+02	 1.8771e+03	 6.0192e+00	 2.5335e-01	 3.3315e+02	 1.9007e+03
 1.1391e+03	 1.8771e+03	 5.9665e+00	 2.8387e-01	 3.3315e+02	 1.9060e+03
 1.7086e+03	 1.8771e+03	 5.9054e+00	 3.2727e-01	 3.3314e+02	 1.9084e+03
 2.5629e+03	 1.8771e+03	 5.8314e+00	 3.8547e-01	 3.3315e+02	 1.9110e+03
 3.8443e+03	 1.8771e+03	 5.7389e+00	 4.5808e-01	 3.3314e+02	 1.9136e+03
 5.7665e+03	 1.8771e+03	 5.6207e+00	 5.4346e-01	 3.3315e+02	 1.9161e+03
 8.6498e+03	 1.8771e+03	 5.4701e+00	 6.3610e-01	 3.3315e+02	 1.9187e+03
 1.2975e+04	 1.8771e+03	 5.2828e+00	 7.2612e-01	 3.3315e+02	 1.9212e+03
 1.9462e+04	 1.8771e+03	 5.0592e+00	 8.0133e-01	 3.3315e+02	 1.9238e+03
 2.9193e+04	 1.8771e+03	 4.8064e+00	 8.4738e-01	 3.3315e+02	 1.9264e+03
 4.3789e+04	 1.8771e+03	 4.5403e+00	 8.5282e-01	 3.3315e+02	 1.9288e+03
 6.5684e+04	 1.8771e+03	 4.2896e+00	 8.1547e-01	 3.3314e+02	 1.9312e+03
 9.8526e+04	 1.8771e+03	 4.0582e+00	 7.4335e-01	 3.3314e+02	 1.9339e+03
 1.4779e+05	 1.8771e+03	 3.8665e+00	 6.5394e-01	 3.3314e+02	 1.9364e+03
 2.2168e+05	 1.8771e+03	 3.7039e+00	 5.6355e-01	 3.3315e+02	 1.9390e+03
 3.3253e+05	 1.8771e+03	 3.5819e+00	 4.8501e-01	 3.3314e+02	 1.9414e+03
 4.9879e+05	 1.8771e+03	 3.4814e+00	 4.2147e-01	 3.3315e+02	 1.9440e+03
 7.4818e+05	 1.8771e+03	 3.4524e+00	 2.7283e-01	 3.3315e+02	 1.9519e+03
 9.0000e+05	 1.8771e+03	 3.4215e+00	 2.4730e-01	 3.3314e+02	 1.9596e+03
 1.0000e+02	 1.9568e+03	 6.2651e+00	 2.3763e-01	 3.3315e+02	 1.9677e+03
 1.5000e+02	 1.9568e+03	 6.2127e+00	 2.2848e-01	 3.3315e+02	 1.9703e+03
 2.2500e+02	 1.9568e+03	 6.1657e+00	 2.2157e-01	 3.3315e+02	 1.9728e+03
 3.3750e+02	 1.9568e+03	 6.1189e+00	 2.2339e-01	 3.3315e+02	 1.9754e+03
 5.0625e+02	 1.9568e+03	 6.0728e+00	 2.3292e-01	 3.3315e+02	 1.9778e+03
 7.5938e+02	 1.9568e+03	 6.0245e+00	 2.5144e-01	 3.3315e+02	 1.9805e+03
 1.1391e+03	 1.9568e+03	 5.9720e+00	 2.8142e-01	 3.3315e+02	 1.9855e+03
 1.7086e+03	 1.9568e+03	 5.9117e+00	 3.2405e-01	 3.3315e+02	 1.9879e+03
 2.5629e+03	 1.9568e+03	 5.8393e+00	 3.8167e-01	 3.3315e+02	 1.9905e+03
 3.8443e+03	 1.9568e+03	 5.7485e+00	 4.5452e-01	 3.3315e+02	 1.9929e+03
 5.7665e+03	 1.9568e+03	 5.6316e+00	 5.4037e-01	 3.3315e+02	 1.9956e+03
 8.6498e+03	 1.9568e+03	 5.4826e+00	 6.3416e-01	 3.3315e+02	 1.9981e+03
 1.2975e+04	 1.9568e+03	 5.2957e+00	 7.2621e-01	 3.3315e+02	 2.0008e+03
 1.9462e+04	 1.9568e+03	 5.0718e+00	 8.0347e-01	 3.3315e+02	 2.0034e+03
 2.9193e+04	 1.9568e+03	 4.8176e+00	 8.5079e-01	 3.3315e+02	 2.0061e+03
 4.3789e+04	 1.9568e+03	 4.5497e+00	 8.5677e-01	 3.3315e+02	 2.0086e+03
 6.5684e+04	 1.9568e+03	 4.2976e+00	 8.1947e-01	 3.3315e+02	 2.0112e+03
 9.8526e+04	 1.9568e+03	 4.0648e+00	 7.4705e-01	 3.3316e+02	 2.0137e+03
 1.4779e+05	 1.9568e+03	 3.8719e+00	 6.5725e-01	 3.3315e+02	 2.0162e+03
 2.2168e+05	 1.9568e+03	 3.7086e+00	 5.6631e-01	 3.3315e+02	 2.0189e+03
 3.3253e+05	 1.9568e+03	 3.5860e+00	 4.8741e-01	 3.3315e+02	 2.0213e+03
 4.9879e+05	 1.9568e+03	 3.4849e+00	 4.2353e-01	 3.3316e+02	 2.0240e+03
 7.4818e+05	 1.9568e+03	 3.4552e+00	 2.7793e-01	 3.3315e+02	 2.0318e+03
 9.0000e+05	 1.9568e+03	 3.4241e+00	 2.5158e-01	 3.3316e+02	 2.0394e+03
 1.0000e+02	 2.0366e+03	 6.2691e+00	 2.3768e-01	 3.3315e+02	 2.0474e+03
 1.5000e+02	 2.0366e+03	 6.2166e+00	 2.2644e-01	 3.3315e+02	 2.0499e+03
 2.2500e+02	 2.0366e+03	 6.1698e+00	 2.2129e-01	 3.3315e+02	 2.0527e+03
 3.3750e+02	 2.0366e+03	 6.1234e+00	 2.2242e-01	 3.3315e+02	 2.0552e+03
 5.0625e+02	 2.0366e+03	 6.0771e+00	 2.3159e-01	 3.3315e+02	 2.0580e+03
 7.5938e+02	 2.0366e+03	 6.0292e+00	 2.4972e-01	 3.3315e+02	 2.0606e+03
 1.1391e+03	 2.0366e+03	 5.9774e+00	 2.7878e-01	 3.3315e+02	 2.0657e+03
 1.7086e+03	 2.0366e+03	 5.9178e+00	 3.2118e-01	 3.3315e+02	 2.0681e+03
 2.5629e+03	 2.0366e+03	 5.8466e+00	 3.7832e-01	 3.3315e+02	 2.0709e+03
 3.8443e+03	 2.0366e+03	 5.7569e+00	 4.5081e-01	 3.3315e+02	 2.0733e+03
 5.7665e+03	 2.0366e+03	 5.6418e+00	 5.3729e-01	 3.3315e+02	 2.0760e+03
 8.6498e+03	 2.0366e+03	 5.4939e+00	 6.3221e-01	 3.3314e+02	 2.0786e+03
 1.2975e+04	 2.0366e+03	 5.3078e+00	 7.2603e-01	 3.3314e+02	 2.0811e+03
 1.9462e+04	 2.0366e+03	 5.0832e+00	 8.0504e-01	 3.3315e+02	 2.0836e+03
 2.9193e+04	 2.0366e+03	 4.8278e+00	 8.5367e-01	 3.3315e+02	 2.0862e+03
 4.3789e+04	 2.0366e+03	 4.5584e+00	 8.6041e-01	 3.3315e+02	 2.0889e+03
 6.5684e+04	 2.0366e+03	 4.3047e+00	 8.2316e-01	 3.3315e+02	 2.0913e+03
 9.8526e+04	 2.0366e+03	 4.0708e+00	 7.5040e-01	 3.3315e+02	 2.0938e+03
 1.4779e+05	 2.0366e+03	 3.8770e+00	 6.6016e-01	 3.3315e+02	 2.0964e+03
 2.2168e+05	 2.0366e+03	 3.7131e+00	 5.6878e-01	 3.3315e+02	 2.0991e+03
 3.3253e+05	 2.0366e+03	 3.5897e+00	 4.8956e-01	 3.3315e+02	 2.1017e+03
 4.9879e+05	 2.0366e+03	 3.4884e+00	 4.2528e-01	 3.3315e+02	 2.1042e+03
 7.4818e+05	 2.0366e+03	 3.4586e+00	 2.7477e-01	 3.3314e+02	 2.1122e+03
 9.0000e+05	 2.0366e+03	 3.4278e+00	 2.4677e-01	 3.3314e+02	 2.1201e+03
 1.0000e+02	 2.1173e+03	 6.2728e+00	 2.3779e-01	 3.3315e+02	 2.1282e+03
 1.5000e+02	 2.1173e+03	 6.2218e+00	 2.2628e-01	 3.3315e+02	 2.1307e+03
 2.2500e+02	 2.1173e+03	 6.1735e+00	 2.2058e-01	 3.3315e+02	 2.1335e+03
 3.3750e+02	 2.1173e+03	 6.1273e+00	 2.2173e-01	 3.3315e+02	 2.1361e+03
 5.0625e+02	 2.1173e+03	 6.0811e+00	 2.3028e-01	 3.3314e+02	 2.1389e+03
 7.5938e+02	 2.1173e+03	 6.0337e+00	 2.4801e-01	 3.3315e+02	 2.1416e+03
 1.1391e+03	 2.1173e+03	 5.9824e+00	 2.7640e-01	 3.3315e+02	 2.1468e+03
 1.7086e+03	 2.1173e+03	 5.9238e+00	 3.1814e-01	 3.3314e+02	 2.1495e+03
 2.5629e+03	 2.1173e+03	 5.8533e+00	 3.7481e-01	 3.3315e+02	 2.1521e+03
 3.8443e+03	 2.1173e+03	 5.7652e+00	 4.4700e-01	 3.3315e+02	 2.1545e+03
 5.7665e+03	 2.1173e+03	 5.6519e+00	 5.3387e-01	 3.3315e+02	 2.1572e+03
 8.6498e+03	 2.1173e+03	 5.5056e+00	 6.2993e-01	 3.3315e+02	 2.1598e+03
 1.2975e+04	 2.1173e+03	 5.3204e+00	 7.2539e-01	 3.3315e+02	 2.1624e+03
 1.9462e+04	 2.1173e+03	 5.0958e+00	 8.0629e-01	 3.3315e+02	 2.1649e+03
 2.9193e+04	 2.1173e+03	 4.8391e+00	 8.5671e-01	 3.3315e+02	 2.1677e+03
 4.3789e+04	 2.1173e+03	 4.5681e+00	 8.6419e-01	 3.3315e+02	 2.1702e+03
 6.5684e+04	 2.1173e+03	 4.3129e+00	 8.2697e-01	 3.3315e+02	 2.1726e+03
 9.8526e+04	 2.1173e+03	 4.0775e+00	 7.5412e-01	 3.3315e+02	 2.1751e+03
 1.4779e+05	 2.1173e+03	 3.8827e+00	 6.6350e-01	 3.3315e+02	 2.1778e+03
 2.2168e+05	 2.1173e+03	 3.7178e+00	 5.7171e-01	 3.3315e+02	 2.1804e+03
 3.3253e+05	 2.1173e+03	 3.5939e+00	 4.9194e-01	 3.3315e+02	 2.1829e+03
 4.9879e+05	 2.1173e+03	 3.4920e+00	 4.2728e-01	 3.3315e+02	 2.1855e+03
 7.4818e+05	 2.1173e+03	 3.4616e+00	 2.7871e-01	 3.3315e+02	 2.1934e+03
 9.0000e+05	 2.1173e+03	 3.4305e+00	 2.5063e-01	 3.3315e+02	 2.2011e+03
 1.0000e+02	 2.1983e+03	 6.2765e+00	 2.3771e-01	 3.3315e+02	 2.2093e+03
 1.5000e+02	 2.1983e+03	 6.2249e+00	 2.2616e-01	 3.3316e+02	 2.2118e+03
 2.2500e+02	 2.1983e+03	 6.1770e+00	 2.2011e-01	 3.3316e+02	 2.2147e+03
 3.3750e+02	 2.1983e+03	 6.1309e+00	 2.2086e-01	 3.3315e+02	 2.2172e+03
 5.0625e+02	 2.1983e+03	 6.0850e+00	 2.2920e-01	 3.3315e+02	 2.2199e+03
 7.5938e+02	 2.1983e+03	 6.0378e+00	 2.4640e-01	 3.3315e+02	 2.2224e+03
 1.1391e+03	 2.1983e+03	 5.9868e+00	 2.7434e-01	 3.3315e+02	 2.2274e+03
 1.7086e+03	 2.1983e+03	 5.9289e+00	 3.1557e-01	 3.3314e+02	 2.2299e+03
 2.5629e+03	 2.1983e+03	 5.8597e+00	 3.7151e-01	 3.3314e+02	 2.2325e+03
 3.8443e+03	 2.1983e+03	 5.7726e+00	 4.4365e-01	 3.3315e+02	 2.2349e+03
 5.7665e+03	 2.1983e+03	 5.6607e+00	 5.3061e-01	 3.3315e+02	 2.2374e+03
 8.6498e+03	 2.1983e+03	 5.5158e+00	 6.2772e-01	 3.3315e+02	 2.2401e+03
 1.2975e+04	 2.1983e+03	 5.3313e+00	 7.2482e-01	 3.3315e+02	 2.2426e+03
 1.9462e+04	 2.1983e+03	 5.1066e+00	 8.0752e-01	 3.3315e+02	 2.2452e+03
 2.9193e+04	 2.1983e+03	 4.8488e+00	 8.5931e-01	 3.3315e+02	 2.2478e+03
 4.3789e+04	 2.1983e+03	 4.5764e+00	 8.6743e-01	 3.3315e+02	 2.2502e+03
 6.5684e+04	 2.1983e+03	 4.3197e+00	 8.3041e-01	 3.3314e+02	 2.2529e+03
 9.8526e+04	 2.1983e+03	 4.0831e+00	 7.5713e-01	 3.3314e+02	 2.2554e+03
 1.4779e+05	 2.1983e+03	 3.8874e+00	 6.6607e-01	 3.3315e+02	 2.2580e+03
 2.2168e+05	 2.1983e+03	 3.7218e+00	 5.7397e-01	 3.3314e+02	 2.2607e+03
 3.3253e+05	 2.1983e+03	 3.5974e+00	 4.9396e-01	 3.3315e+02	 2.2632e+03
 4.9879e+05	 2.1983e+03	 3.4951e+00	 4.2899e-01	 3.3314e+02	 2.2660e+03
 7.4818e+05	 2.1983e+03	 3.4644e+00	 2.7985e-01	 3.3315e+02	 2.2737e+03
 9.0000e+05	 2.1983e+03	 3.4333e+00	 2.5106e-01	 3.3316e+02	 2.2817e+03
 1.0000e+02	 2.2789e+03	 6.2795e+00	 2.3761e-01	 3.3316e+02	 2.2894e+03
 1.5000e+02	 2.2789e+03	 6.2293e+00	 2.2544e-01	 3.3315e+02	 2.2918e+03
 2.2500e+02	 2.2789e+03	 6.1802e+00	 2.1959e-01	 3.3315e+02	 2.2944e+03
 3.3750e+02	 2.2789e+03	 6.1340e+00	 2.2002e-01	 3.3315e+02	 2.2969e+03
 5.0625e+02	 2.2789e+03	 6.0883e+00	 2.2789e-01	 3.3315e+02	 2.2997e+03
 7.5938e+02	 2.2789e+03	 6.0417e+00	 2.4472e-01	 3.3315e+02	 2.3023e+03
 1.1391e+03	 2.2789e+03	 5.9912e+00	 2.7216e-01	 3.3315e+02	 2.3074e+03
 1.7086e+03	 2.2789e+03	 5.9337e+00	 3.1263e-01	 3.3315e+02	 2.3099e+03
 2.5629e+03	 2.2789e+03	 5.8656e+00	 3.6826e-01	 3.3315e+02	 2.3126e+03
 3.8443e+03	 2.2789e+03	 5.7801e+00	 4.4012e-01	 3.3315e+02	 2.3151e+03
 5.7665e+03	 2.2789e+03	 5.6697e+00	 5.2729e-01	 3.3315e+02	 2.3175e+03
 8.6498e+03	 2.2789e+03	 5.5259e+00	 6.2499e-01	 3.3315e+02	 2.3201e+03
 1.2975e+04	 2.2789e+03	 5.3427e+00	 7.2362e-01	 3.3315e+02	 2.3225e+03
 1.9462e+04	 2.2789e+03	 5.1181e+00	 8.0826e-01	 3.3315e+02	 2.3251e+03
 2.9193e+04	 2.2789e+03	 4.8595e+00	 8.6151e-01	 3.3315e+02	 2.3276e+03
 4.3789e+04	 2.2789e+03	 4.5856e+00	 8.7079e-01	 3.3316e+02	 2.3301e+03
 6.5684e+04	 2.2789e+03	 4.3274e+00	 8.3394e-01	 3.3315e+02	 2.3327e+03
 9.8526e+04	 2.2789e+03	 4.0897e+00	 7.6058e-01	 3.3315e+02	 2.3351e+03
 1.4779e+05	 2.2789e+03	 3.8928e+00	 6.6931e-01	 3.3315e+02	 2.3379e+03
 2.2168e+05	 2.2789e+03	 3.7358e+00	 5.7739e-01	 3.3315e+02	 2.3405e+03
 3.3253e+05	 2.2789e+03	 3.6015e+00	 4.9622e-01	 3.3315e+02	 2.3432e+03
 4.9879e+05	 2.2789e+03	 3.4986e+00	 4.3089e-01	 3.3315e+02	 2.3458e+03
 7.4818e+05	 2.2789e+03	 3.4674e+00	 2.8233e-01	 3.3315e+02	 2.3537e+03
 9.0000e+05	 2.2789e+03	 3.4371e+00	 2.4501e-01	 3.3315e+02	 2.3614e+03
 1.0000e+02	 2.3586e+03	 6.2823e+00	 2.3755e-01	 3.3315e+02	 2.3693e+03
 1.5000e+02	 2.3586e+03	 6.2309e+00	 2.2549e-01	 3.3315e+02	 2.3719e+03
 2.2500e+02	 2.3586e+03	 6.1833e+00	 2.1895e-01	 3.3315e+02	 2.3744e+03
 3.3750e+02	 2.3586e+03	 6.1374e+00	 2.1910e-01	 3.3316e+02	 2.3772e+03
 5.0625e+02	 2.3586e+03	 6.0919e+00	 2.2665e-01	 3.3316e+02	 2.3797e+03
 7.5938e+02	 2.3586e+03	 6.0452e+00	 2.4310e-01	 3.3316e+02	 2.3825e+03
 1.1391e+03	 2.3586e+03	 5.9953e+00	 2.6987e-01	 3.3315e+02	 2.3874e+03
 1.7086e+03	 2.3586e+03	 5.9385e+00	 3.1008e-01	 3.3316e+02	 2.3901e+03
 2.5629e+03	 2.3586e+03	 5.8713e+00	 3.6488e-01	 3.3316e+02	 2.3926e+03
 3.8443e+03	 2.3586e+03	 5.7870e+00	 4.3644e-01	 3.3315e+02	 2.3952e+03
 5.7665e+03	 2.3586e+03	 5.6782e+00	 5.2359e-01	 3.3315e+02	 2.3977e+03
 8.6498e+03	 2.3586e+03	 5.5362e+00	 6.2222e-01	 3.3316e+02	 2.4005e+03
 1.2975e+04	 2.3586e+03	 5.3538e+00	 7.2218e-01	 3.3316e+02	 2.4029e+03
 1.9462e+04	 2.3586e+03	 5.1294e+00	 8.0857e-01	 3.3315e+02	 2.4055e+03
 2.9193e+04	 2.3586e+03	 4.8701e+00	 8.6369e-01	 3.3315e+02	 2.4081e+03
 4.3789e+04	 2.3586e+03	 4.5946e+00	 8.7387e-01	 3.3315e+02	 2.4106e+03
 6.5684e+04	 2.3586e+03	 4.3350e+00	 8.3741e-01	 3.3315e+02	 2.4130e+03
 9.8526e+04	 2.3586e+03	 4.0959e+00	 7.6390e-01	 3.3315e+02	 2.4157e+03
 1.4779e+05	 2.3586e+03	 3.8980e+00	 6.7220e-01	 3.3315e+02	 2.4182e+03
 2.2168e+05	 2.3586e+03	 3.7403e+00	 5.7995e-01	 3.3314e+02	 2.4209e+03
 3.3253e+05	 2.3586e+03	 3.6053e+00	 4.9828e-01	 3.3315e+02	 2.4234e+03
 4.9879e+05	 2.3586e+03	 3.5020e+00	 4.3266e-01	 3.3315e+02	 2.4264e+03
 7.4818e+05	 2.3586e+03	 3.4703e+00	 2.8505e-01	 3.3314e+02	 2.4344e+03
 9.0000e+05	 2.3586e+03	 3.4386e+00	 2.5758e-01	 3.3315e+02	 2.4424e+03
 1.0000e+02	 2.4397e+03	 6.2851e+00	 2.3754e-01	 3.3315e+02	 2.4508e+03
 1.5000e+02	 2.4397e+03	 6.2338e+00	 2.2506e-01	 3.3315e+02	 2.4533e+03
 2.2500e+02	 2.4397e+03	 6.1860e+00	 2.1851e-01	 3.3314e+02	 2.4559e+03
 3.3750e+02	 2.4397e+03	 6.1401e+00	 2.1831e-01	 3.3315e+02	 2.4585e+03
 5.0625e+02	 2.4397e+03	 6.0950e+00	 2.2559e-01	 3.3315e+02	 2.4612e+03
 7.5938e+02	 2.4397e+03	 6.0484e+00	 2.4166e-01	 3.3314e+02	 2.4638e+03
 1.1391e+03	 2.4397e+03	 5.9989e+00	 2.6841e-01	 3.3314e+02	 2.4689e+03
 1.7086e+03	 2.4397e+03	 5.9428e+00	 3.0780e-01	 3.3315e+02	 2.4714e+03
 2.5629e+03	 2.4397e+03	 5.8764e+00	 3.6215e-01	 3.3315e+02	 2.4739e+03
 3.8443e+03	 2.4397e+03	 5.7932e+00	 4.3322e-01	 3.3315e+02	 2.4764e+03
 5.7665e+03	 2.4397e+03	 5.6856e+00	 5.2045e-01	 3.3315e+02	 2.4790e+03
 8.6498e+03	 2.4397e+03	 5.5452e+00	 6.1954e-01	 3.3315e+02	 2.4816e+03
 1.2975e+04	 2.4397e+03	 5.3640e+00	 7.2095e-01	 3.3315e+02	 2.4841e+03
 1.9462e+04	 2.4397e+03	 5.1401e+00	 8.0909e-01	 3.3315e+02	 2.4869e+03
 2.9193e+04	 2.4397e+03	 4.8801e+00	 8.6568e-01	 3.3315e+02	 2.4896e+03
 4.3789e+04	 2.4397e+03	 4.6035e+00	 8.7696e-01	 3.3315e+02	 2.4921e+03
 6.5684e+04	 2.4397e+03	 4.3425e+00	 8.4074e-01	 3.3315e+02	 2.4945e+03
 9.8526e+04	 2.4397e+03	 4.1021e+00	 7.6710e-01	 3.3315e+02	 2.4972e+03
 1.4779e+05	 2.4397e+03	 3.9033e+00	 6.7501e-01	 3.3315e+02	 2.4998e+03
 2.2168e+05	 2.4397e+03	 3.7448e+00	 5.8250e-01	 3.3315e+02	 2.5024e+03
 3.3253e+05	 2.4397e+03	 3.6092e+00	 5.0038e-01	 3.3315e+02	 2.5049e+03
 4.9879e+05	 2.4397e+03	 3.5055e+00	 4.3444e-01	 3.3316e+02	 2.5077e+03
 7.4818e+05	 2.4397e+03	 3.4733e+00	 2.8852e-01	 3.3315e+02	 2.5154e+03
 9.0000e+05	 2.4397e+03	 3.4417e+00	 2.5785e-01	 3.3316e+02	 2.5232e+03
 1.0000e+02	 2.5204e+03	 6.2877e+00	 2.3716e-01	 3.3315e+02	 2.5314e+03
 1.5000e+02	 2.5204e+03	 6.2390e+00	 2.2343e-01	 3.3316e+02	 2.5339e+03
 2.2500e+02	 2.5204e+03	 6.1889e+00	 2.1781e-01	 3.3316e+02	 2.5364e+03
 3.3750e+02	 2.5204e+03	 6.1430e+00	 2.1755e-01	 3.3315e+02	 2.5390e+03
 5.0625e+02	 2.5204e+03	 6.0977e+00	 2.2435e-01	 3.3315e+02	 2.5417e+03
 7.5938e+02	 2.5204e+03	 6.0518e+00	 2.4009e-01	 3.3315e+02	 2.5443e+03
 1.1391e+03	 2.5204e+03	 6.0025e+00	 2.6630e-01	 3.3316e+02	 2.5494e+03
 1.7086e+03	 2.5204e+03	 5.9469e+00	 3.0503e-01	 3.3316e+02	 2.5519e+03
 2.5629e+03	 2.5204e+03	 5.8812e+00	 3.5927e-01	 3.3315e+02	 2.5545e+03
 3.8443e+03	 2.5204e+03	 5.7994e+00	 4.2989e-01	 3.3315e+02	 2.5570e+03
 5.7665e+03	 2.5204e+03	 5.6931e+00	 5.1713e-01	 3.3316e+02	 2.5599e+03
 8.6498e+03	 2.5204e+03	 5.5539e+00	 6.1689e-01	 3.3315e+02	 2.5625e+03
 1.2975e+04	 2.5204e+03	 5.3739e+00	 7.1948e-01	 3.3316e+02	 2.5652e+03
 1.9462e+04	 2.5204e+03	 5.1503e+00	 8.0921e-01	 3.3316e+02	 2.5678e+03
 2.9193e+04	 2.5204e+03	 4.8897e+00	 8.6740e-01	 3.3316e+02	 2.5707e+03
 4.3789e+04	 2.5204e+03	 4.6118e+00	 8.7968e-01	 3.3315e+02	 2.5732e+03
 6.5684e+04	 2.5204e+03	 4.3494e+00	 8.4373e-01	 3.3314e+02	 2.5759e+03
 9.8526e+04	 2.5204e+03	 4.1080e+00	 7.7018e-01	 3.3315e+02	 2.5784e+03
 1.4779e+05	 2.5204e+03	 3.9083e+00	 6.7779e-01	 3.3315e+02	 2.5810e+03
 2.2168e+05	 2.5204e+03	 3.7489e+00	 5.8470e-01	 3.3315e+02	 2.5836e+03
 3.3253e+05	 2.5204e+03	 3.6128e+00	 5.0243e-01	 3.3315e+02	 2.5864e+03
 4.9879e+05	 2.5204e+03	 3.5086e+00	 4.3613e-01	 3.3315e+02	 2.5891e+03
 7.4818e+05	 2.5204e+03	 3.4758e+00	 2.9201e-01	 3.3315e+02	 2.5972e+03
 9.0000e+05	 2.5204e+03	 3.4441e+00	 2.6165e-01	 3.3315e+02	 2.6048e+03
 1.0000e+02	 2.6021e+03	 6.2897e+00	 2.3676e-01	 3.3315e+02	 2.6131e+03
 1.5000e+02	 2.6021e+03	 6.2400e+00	 2.2343e-01	 3.3315e+02	 2.6156e+03
 2.2500e+02	 2.6021e+03	 6.1911e+00	 2.1711e-01	 3.3315e+02	 2.6182e+03
 3.3750e+02	 2.6021e+03	 6.1456e+00	 2.1649e-01	 3.3315e+02	 2.6208e+03
 5.0625e+02	 2.6021e+03	 6.1006e+00	 2.2319e-01	 3.3315e+02	 2.6233e+03
 7.5938e+02	 2.6021e+03	 6.0547e+00	 2.3868e-01	 3.3316e+02	 2.6259e+03
 1.1391e+03	 2.6021e+03	 6.0060e+00	 2.6448e-01	 3.3315e+02	 2.6312e+03
 1.7086e+03	 2.6021e+03	 5.9508e+00	 3.0290e-01	 3.3316e+02	 2.6338e+03
 2.5629e+03	 2.6021e+03	 5.8862e+00	 3.5626e-01	 3.3315e+02	 2.6364e+03
 3.8443e+03	 2.6021e+03	 5.8050e+00	 4.2657e-01	 3.3315e+02	 2.6389e+03
 5.7665e+03	 2.6021e+03	 5.7004e+00	 5.1368e-01	 3.3315e+02	 2.6414e+03
 8.6498e+03	 2.6021e+03	 5.5629e+00	 6.1385e-01	 3.3315e+02	 2.6440e+03
 1.2975e+04	 2.6021e+03	 5.3839e+00	 7.1752e-01	 3.3315e+02	 2.6464e+03
 1.9462e+04	 2.6021e+03	 5.1608e+00	 8.0907e-01	 3.3315e+02	 2.6492e+03
 2.9193e+04	 2.6021e+03	 4.8999e+00	 8.6909e-01	 3.3315e+02	 2.6518e+03
 4.3789e+04	 2.6021e+03	 4.6208e+00	 8.8232e-01	 3.3315e+02	 2.6545e+03
 6.5684e+04	 2.6021e+03	 4.3569e+00	 8.4695e-01	 3.3315e+02	 2.6570e+03
 9.8526e+04	 2.6021e+03	 4.1141e+00	 7.7329e-01	 3.3315e+02	 2.6594e+03
 1.4779e+05	 2.6021e+03	 3.9134e+00	 6.8055e-01	 3.3315e+02	 2.6622e+03
 2.2168e+05	 2.6021e+03	 3.7533e+00	 5.8728e-01	 3.3316e+02	 2.6648e+03
 3.3253e+05	 2.6021e+03	 3.6167e+00	 5.0454e-01	 3.3315e+02	 2.6674e+03
 4.9879e+05	 2.6021e+03	 3.5121e+00	 4.3792e-01	 3.3315e+02	 2.6700e+03
 7.4818e+05	 2.6021e+03	 3.4791e+00	 2.9209e-01	 3.3315e+02	 2.6779e+03
 9.0000e+05	 2.6021e+03	 3.4468e+00	 2.6504e-01	 3.3315e+02	 2.6858e+03
 1.0000e+02	 2.6831e+03	 6.2921e+00	 2.3633e-01	 3.3316e+02	 2.6941e+03
 1.5000e+02	 2.6831e+03	 6.2382e+00	 2.2225e-01	 3.3316e+02	 2.6966e+03
 2.2500e+02	 2.6831e+03	 6.1935e+00	 2.1642e-01	 3.3316e+02	 2.6992e+03
 3.3750e+02	 2.6831e+03	 6.1479e+00	 2.1560e-01	 3.3316e+02	 2.7018e+03
 5.0625e+02	 2.6831e+03	 6.1032e+00	 2.2220e-01	 3.3315e+02	 2.7044e+03
 7.5938e+02	 2.6831e+03	 6.0577e+00	 2.3732e-01	 3.3315e+02	 2.7070e+03
 1.1391e+03	 2.6831e+03	 6.0092e+00	 2.6273e-01	 3.3315e+02	 2.7121e+03
 1.7086e+03	 2.6831e+03	 5.9551e+00	 3.0054e-01	 3.3315e+02	 2.7145e+03
 2.5629e+03	 2.6831e+03	 5.8906e+00	 3.5337e-01	 3.3316e+02	 2.7172e+03
 3.8443e+03	 2.6831e+03	 5.8110e+00	 4.2296e-01	 3.3315e+02	 2.7198e+03
 5.7665e+03	 2.6831e+03	 5.7081e+00	 5.0963e-01	 3.3315e+02	 2.7222e+03
 8.6498e+03	 2.6831e+03	 5.5726e+00	 6.1000e-01	 3.3316e+02	 2.7251e+03
 1.2975e+04	 2.6831e+03	 5.3956e+00	 7.1486e-01	 3.3316e+02	 2.7277e+03
 1.9462e+04	 2.6831e+03	 5.1737e+00	 8.0799e-01	 3.3316e+02	 2.7303e+03
 2.9193e+04	 2.6831e+03	 4.9134e+00	 8.7004e-01	 3.3317e+02	 2.7330e+03
 4.3789e+04	 2.6831e+03	 4.6340e+00	 8.8527e-01	 3.3317e+02	 2.7354e+03
 6.5684e+04	 2.6831e+03	 4.3689e+00	 8.5124e-01	 3.3317e+02	 2.7379e+03
 9.8526e+04	 2.6831e+03	 4.1248e+00	 7.7813e-01	 3.3318e+02	 2.7404e+03
 1.4779e+05	 2.6831e+03	 3.9227e+00	 6.8563e-01	 3.3319e+02	 2.7430e+03
 2.2168e+05	 2.6831e+03	 3.7613e+00	 5.9180e-01	 3.3319e+02	 2.7457e+03
 3.3253e+05	 2.6831e+03	 3.6236e+00	 5.0865e-01	 3.3321e+02	 2.7482e+03
 4.9879e+05	 2.6831e+03	 3.5183e+00	 4.4142e-01	 3.3321e+02	 2.7510e+03
 7.4818e+05	 2.6831e+03	 3.4850e+00	 2.9539e-01	 3.3323e+02	 2.7586e+03
 9.0000e+05	 2.6831e+03	 3.4531e+00	 2.6642e-01	 3.3324e+02	 2.7662e+03
 1.0000e+02	 2.7635e+03	 6.2969e+00	 2.3664e-01	 3.3325e+02	 2.7744e+03
 1.5000e+02	 2.7635e+03	 6.2491e+00	 2.2077e-01	 3.3325e+02	 2.7769e+03
 2.2500e+02	 2.7635e+03	 6.1985e+00	 2.1571e-01	 3.3325e+02	 2.7798e+03
 3.3750e+02	 2.7635e+03	 6.1532e+00	 2.1454e-01	 3.3325e+02	 2.7823e+03
 5.0625e+02	 2.7635e+03	 6.1091e+00	 2.2052e-01	 3.3326e+02	 2.7850e+03
 7.5938e+02	 2.7635e+03	 6.0636e+00	 2.3472e-01	 3.3326e+02	 2.7876e+03
 1.1391e+03	 2.7635e+03	 6.0157e+00	 2.5881e-01	 3.3325e+02	 2.7927e+03
 1.7086e+03	 2.7635e+03	 5.9629e+00	 2.9574e-01	 3.3325e+02	 2.7951e+03
 2.5629e+03	 2.7635e+03	 5.8996e+00	 3.4754e-01	 3.3325e+02	 2.7978e+03
 3.8443e+03	 2.7635e+03	 5.8216e+00	 4.1614e-01	 3.3324e+02	 2.8002e+03
 5.7665e+03	 2.7635e+03	 5.7210e+00	 5.0218e-01	 3.3325e+02	 2.8027e+03
 8.6498e+03	 2.7635e+03	 5.5883e+00	 6.0293e-01	 3.3324e+02	 2.8052e+03
 1.2975e+04	 2.7635e+03	 5.4140e+00	 7.0911e-01	 3.3323e+02	 2.8077e+03
 1.9462e+04	 2.7635e+03	 5.1939e+00	 8.0508e-01	 3.3323e+02	 2.8105e+03
 2.9193e+04	 2.7635e+03	 4.9333e+00	 8.7055e-01	 3.3323e+02	 2.8131e+03
 4.3789e+04	 2.7635e+03	 4.6520e+00	 8.8857e-01	 3.3323e+02	 2.8156e+03
 6.5684e+04	 2.7635e+03	 4.3842e+00	 8.5626e-01	 3.3323e+02	 2.8181e+03
 9.8526e+04	 2.7635e+03	 4.1369e+00	 7.8353e-01	 3.3322e+02	 2.8205e+03
 1.4779e+05	 2.7635e+03	 3.9321e+00	 6.9048e-01	 3.3321e+02	 2.8232e+03
 2.2168e+05	 2.7635e+03	 3.7689e+00	 5.9603e-01	 3.3321e+02	 2.8258e+03
 3.3253e+05	 2.7635e+03	 3.6297e+00	 5.1197e-01	 3.3320e+02	 2.8285e+03
 4.9879e+05	 2.7635e+03	 3.5234e+00	 4.4414e-01	 3.3321e+02	 2.8311e+03
 7.4818e+05	 2.7635e+03	 3.4886e+00	 2.9964e-01	 3.3319e+02	 2.8385e+03
 9.0000e+05	 2.7635e+03	 3.4560e+00	 2.7063e-01	 3.3319e+02	 2.8461e+03
 1.0000e+02	 2.8434e+03	 6.2984e+00	 2.3614e-01	 3.3317e+02	 2.8544e+03
 1.5000e+02	 2.8434e+03	 6.2454e+00	 2.1770e-01	 3.3317e+02	 2.8571e+03
 2.2500e+02	 2.8434e+03	 6.2004e+00	 2.1527e-01	 3.3317e+02	 2.8598e+03
 3.3750e+02	 2.8434e+03	 6.1553e+00	 2.1380e-01	 3.3316e+02	 2.8624e+03
 5.0625e+02	 2.8434e+03	 6.1108e+00	 2.1970e-01	 3.3316e+02	 2.8649e+03
 7.5938e+02	 2.8434e+03	 6.0656e+00	 2.3357e-01	 3.3316e+02	 2.8674e+03
 1.1391e+03	 2.8434e+03	 6.0179e+00	 2.5752e-01	 3.3315e+02	 2.8727e+03
 1.7086e+03	 2.8434e+03	 5.9652e+00	 2.9436e-01	 3.3315e+02	 2.8752e+03
 2.5629e+03	 2.8434e+03	 5.9025e+00	 3.4586e-01	 3.3315e+02	 2.8779e+03
 3.8443e+03	 2.8434e+03	 5.8250e+00	 4.1431e-01	 3.3315e+02	 2.8804e+03
 5.7665e+03	 2.8434e+03	 5.7253e+00	 5.0032e-01	 3.3314e+02	 2.8832e+03
 8.6498e+03	 2.8434e+03	 5.5934e+00	 6.0123e-01	 3.3314e+02	 2.8860e+03
 1.2975e+04	 2.8434e+03	 5.4198e+00	 7.0826e-01	 3.3314e+02	 2.8884e+03
 1.9462e+04	 2.8434e+03	 5.2000e+00	 8.0528e-01	 3.3314e+02	 2.8912e+03
 2.9193e+04	 2.8434e+03	 4.9389e+00	 8.7163e-01	 3.3314e+02	 2.8938e+03
 4.3789e+04	 2.8434e+03	 4.6568e+00	 8.9026e-01	 3.3314e+02	 2.8962e+03
 6.5684e+04	 2.8434e+03	 4.3882e+00	 8.5806e-01	 3.3313e+02	 2.8989e+03
 9.8526e+04	 2.8434e+03	 4.1404e+00	 7.8509e-01	 3.3313e+02	 2.9013e+03
 1.4779e+05	 2.8434e+03	 3.9353e+00	 6.9191e-01	 3.3313e+02	 2.9040e+03
 2.2168e+05	 2.8434e+03	 3.7718e+00	 5.9726e-01	 3.3313e+02	 2.9066e+03
 3.3253e+05	 2.8434e+03	 3.6324e+00	 5.1305e-01	 3.3313e+02	 2.9090e+03
 4.9879e+05	 2.8434e+03	 3.5259e+00	 4.4508e-01	 3.3313e+02	 2.9116e+03
 7.4818e+05	 2.8434e+03	 3.4912e+00	 2.9905e-01	 3.3313e+02	 2.9191e+03
 9.0000e+05	 2.8434e+03	 3.4588e+00	 2.6953e-01	 3.3313e+02	 2.9268e+03
 1.0000e+02	 2.9241e+03	 6.2999e+00	 2.3546e-01	 3.3313e+02	 2.9349e+03
 1.5000e+02	 2.9241e+03	 6.2495e+00	 2.1928e-01	 3.3313e+02	 2.9375e+03
 2.2500e+02	 2.9241e+03	 6.2021e+00	 2.1434e-01	 3.3312e+02	 2.9402e+03
 3.3750e+02	 2.9241e+03	 6.1569e+00	 2.1301e-01	 3.3312e+02	 2.9428e+03
 5.0625e+02	 2.9241e+03	 6.1128e+00	 2.1842e-01	 3.3313e+02	 2.9455e+03
 7.5938e+02	 2.9241e+03	 6.0682e+00	 2.3261e-01	 3.3313e+02	 2.9481e+03
 1.1391e+03	 2.9241e+03	 6.0206e+00	 2.5631e-01	 3.3312e+02	 2.9531e+03
 1.7086e+03	 2.9241e+03	 5.9685e+00	 2.9234e-01	 3.3313e+02	 2.9556e+03
 2.5629e+03	 2.9241e+03	 5.9062e+00	 3.4296e-01	 3.3313e+02	 2.9583e+03
 3.8443e+03	 2.9241e+03	 5.8301e+00	 4.1109e-01	 3.3313e+02	 2.9608e+03
 5.7665e+03	 2.9241e+03	 5.7316e+00	 4.9679e-01	 3.3313e+02	 2.9635e+03
 8.6498e+03	 2.9241e+03	 5.6012e+00	 5.9800e-01	 3.3313e+02	 2.9661e+03
 1.2975e+04	 2.9241e+03	 5.4292e+00	 7.0571e-01	 3.3313e+02	 2.9687e+03
 1.9462e+04	 2.9241e+03	 5.2105e+00	 8.0432e-01	 3.3314e+02	 2.9713e+03
 2.9193e+04	 2.9241e+03	 4.9496e+00	 8.7248e-01	 3.3313e+02	 2.9741e+03
 4.3789e+04	 2.9241e+03	 4.6665e+00	 8.9259e-01	 3.3312e+02	 2.9765e+03
 6.5684e+04	 2.9241e+03	 4.3965e+00	 8.6103e-01	 3.3313e+02	 2.9789e+03
 9.8526e+04	 2.9241e+03	 4.1474e+00	 7.8837e-01	 3.3313e+02	 2.9817e+03
 1.4779e+05	 2.9241e+03	 3.9413e+00	 6.9509e-01	 3.3313e+02	 2.9842e+03
 2.2168e+05	 2.9241e+03	 3.7768e+00	 5.9993e-01	 3.3313e+02	 2.9869e+03
 3.3253e+05	 2.9241e+03	 3.6368e+00	 5.1542e-01	 3.3313e+02	 2.9894e+03
 4.9879e+05	 2.9241e+03	 3.5298e+00	 4.4710e-01	 3.3313e+02	 2.9922e+03
 7.4818e+05	 2.9241e+03	 3.4946e+00	 3.0245e-01	 3.3313e+02	 2.9999e+03
 9.0000e+05	 2.9241e+03	 3.4619e+00	 2.7346e-01	 3.3314e+02	 3.0075e+03
 1.0000e+02	 3.0047e+03	 6.3018e+00	 2.3511e-01	 3.3314e+02	 3.0157e+03
 1.5000e+02	 3.0047e+03	 6.2508e+00	 2.2227e-01	 3.3314e+02	 3.0181e+03
 2.2500e+02	 3.0047e+03	 6.2043e+00	 2.1377e-01	 3.3314e+02	 3.0206e+03
 3.3750e+02	 3.0047e+03	 6.1594e+00	 2.1206e-01	 3.3314e+02	 3.0232e+03
 5.0625e+02	 3.0047e+03	 6.1154e+00	 2.1752e-01	 3.3314e+02	 3.0256e+03
 7.5938e+02	 3.0047e+03	 6.0707e+00	 2.3096e-01	 3.3314e+02	 3.0283e+03
 1.1391e+03	 3.0047e+03	 6.0239e+00	 2.5434e-01	 3.3314e+02	 3.0332e+03
 1.7086e+03	 3.0047e+03	 5.9717e+00	 2.8993e-01	 3.3314e+02	 3.0359e+03
 2.5629e+03	 3.0047e+03	 5.9105e+00	 3.4026e-01	 3.3314e+02	 3.0384e+03
 3.8443e+03	 3.0047e+03	 5.8352e+00	 4.0741e-01	 3.3314e+02	 3.0410e+03
 5.7665e+03	 3.0047e+03	 5.7381e+00	 4.9300e-01	 3.3314e+02	 3.0436e+03
 8.6498e+03	 3.0047e+03	 5.6095e+00	 5.9411e-01	 3.3314e+02	 3.0462e+03
 1.2975e+04	 3.0047e+03	 5.4391e+00	 7.0276e-01	 3.3314e+02	 3.0489e+03
 1.9462e+04	 3.0047e+03	 5.2215e+00	 8.0293e-01	 3.3314e+02	 3.0517e+03
 2.9193e+04	 3.0047e+03	 4.9605e+00	 8.7311e-01	 3.3314e+02	 3.0543e+03
 4.3789e+04	 3.0047e+03	 4.6763e+00	 8.9478e-01	 3.3315e+02	 3.0570e+03
 6.5684e+04	 3.0047e+03	 4.4054e+00	 8.6424e-01	 3.3314e+02	 3.0595e+03
 9.8526e+04	 3.0047e+03	 4.1552e+00	 7.9192e-01	 3.3314e+02	 3.0625e+03
 1.4779e+05	 3.0047e+03	 3.9474e+00	 6.9822e-01	 3.3314e+02	 3.0651e+03
 2.2168e+05	 3.0047e+03	 3.7820e+00	 6.0288e-01	 3.3314e+02	 3.0678e+03
 3.3253e+05	 3.0047e+03	 3.6413e+00	 5.1788e-01	 3.3315e+02	 3.0702e+03
 4.9879e+05	 3.0047e+03	 3.5338e+00	 4.4920e-01	 3.3315e+02	 3.0728e+03
 7.4818e+05	 3.0047e+03	 3.4981e+00	 3.0470e-01	 3.3314e+02	 3.0805e+03
 9.0000e+05	 3.0047e+03	 3.4656e+00	 2.7007e-01	 3.3314e+02	 3.0881e+03
 1.0000e+02	 3.0854e+03	 6.3034e+00	 2.3470e-01	 3.3314e+02	 3.0960e+03
 1.5000e+02	 3.0854e+03	 6.2527e+00	 2.2110e-01	 3.3315e+02	 3.0986e+03
 2.2500e+02	 3.0854e+03	 6.2061e+00	 2.1298e-01	 3.3314e+02	 3.1011e+03
 3.3750e+02	 3.0854e+03	 6.1613e+00	 2.1112e-01	 3.3315e+02	 3.1040e+03
 5.0625e+02	 3.0854e+03	 6.1180e+00	 2.1640e-01	 3.3315e+02	 3.1064e+03
 7.5938e+02	 3.0854e+03	 6.0731e+00	 2.2947e-01	 3.3315e+02	 3.1092e+03
 1.1391e+03	 3.0854e+03	 6.0267e+00	 2.5293e-01	 3.3315e+02	 3.1141e+03
 1.7086e+03	 3.0854e+03	 5.9753e+00	 2.8777e-01	 3.3315e+02	 3.1168e+03
 2.5629e+03	 3.0854e+03	 5.9144e+00	 3.3731e-01	 3.3315e+02	 3.1193e+03
 3.8443e+03	 3.0854e+03	 5.8401e+00	 4.0431e-01	 3.3315e+02	 3.1220e+03
 5.7665e+03	 3.0854e+03	 5.7442e+00	 4.8931e-01	 3.3315e+02	 3.1244e+03
 8.6498e+03	 3.0854e+03	 5.6170e+00	 5.9059e-01	 3.3315e+02	 3.1272e+03
 1.2975e+04	 3.0854e+03	 5.4482e+00	 7.0008e-01	 3.3315e+02	 3.1297e+03
 1.9462e+04	 3.0854e+03	 5.2314e+00	 8.0175e-01	 3.3315e+02	 3.1323e+03
 2.9193e+04	 3.0854e+03	 4.9706e+00	 8.7351e-01	 3.3315e+02	 3.1351e+03
 4.3789e+04	 3.0854e+03	 4.6860e+00	 8.9685e-01	 3.3316e+02	 3.1380e+03
 6.5684e+04	 3.0854e+03	 4.4132e+00	 8.6705e-01	 3.3315e+02	 3.1404e+03
 9.8526e+04	 3.0854e+03	 4.1617e+00	 7.9486e-01	 3.3315e+02	 3.1432e+03
 1.4779e+05	 3.0854e+03	 3.9528e+00	 7.0102e-01	 3.3315e+02	 3.1457e+03
 2.2168e+05	 3.0854e+03	 3.7866e+00	 6.0524e-01	 3.3315e+02	 3.1485e+03
 3.3253e+05	 3.0854e+03	 3.6452e+00	 5.2021e-01	 3.3315e+02	 3.1509e+03
 4.9879e+05	 3.0854e+03	 3.5372e+00	 4.5088e-01	 3.3315e+02	 3.1535e+03
 7.4818e+05	 3.0854e+03	 3.5017e+00	 3.0155e-01	 3.3314e+02	 3.1609e+03
 9.0000e+05	 3.0854e+03	 3.4682e+00	 2.7501e-01	 3.3315e+02	 3.1686e+03
 1.0000e+02	 3.1659e+03	 6.3045e+00	 2.3410e-01	 3.3314e+02	 3.1764e+03
 1.5000e+02	 3.1659e+03	 6.2541e+00	 2.1938e-01	 3.3314e+02	 3.1789e+03
 2.2500e+02	 3.1659e+03	 6.2075e+00	 2.1222e-01	 3.3314e+02	 3.1816e+03
 3.3750e+02	 3.1659e+03	 6.1631e+00	 2.1046e-01	 3.3315e+02	 3.1842e+03
 5.0625e+02	 3.1659e+03	 6.1195e+00	 2.1533e-01	 3.3314e+02	 3.1869e+03
 7.5938e+02	 3.1659e+03	 6.0753e+00	 2.2834e-01	 3.3315e+02	 3.1896e+03
 1.1391e+03	 3.1659e+03	 6.0287e+00	 2.5112e-01	 3.3314e+02	 3.1948e+03
 1.7086e+03	 3.1659e+03	 5.9779e+00	 2.8590e-01	 3.3315e+02	 3.1975e+03
 2.5629e+03	 3.1659e+03	 5.9177e+00	 3.3507e-01	 3.3314e+02	 3.2001e+03
 3.8443e+03	 3.1659e+03	 5.8441e+00	 4.0145e-01	 3.3314e+02	 3.2027e+03
 5.7665e+03	 3.1659e+03	 5.7492e+00	 4.8615e-01	 3.3314e+02	 3.2052e+03
 8.6498e+03	 3.1659e+03	 5.6236e+00	 5.8751e-01	 3.3314e+02	 3.2080e+03
 1.2975e+04	 3.1659e+03	 5.4559e+00	 6.9766e-01	 3.3315e+02	 3.2105e+03
 1.9462e+04	 3.1659e+03	 5.2399e+00	 8.0068e-01	 3.3315e+02	 3.2132e+03
 2.9193e+04	 3.1659e+03	 4.9795e+00	 8.7414e-01	 3.3315e+02	 3.2160e+03
 4.3789e+04	 3.1659e+03	 4.6940e+00	 8.9854e-01	 3.3315e+02	 3.2187e+03
 6.5684e+04	 3.1659e+03	 4.4203e+00	 8.6947e-01	 3.3315e+02	 3.2211e+03
 9.8526e+04	 3.1659e+03	 4.1674e+00	 7.9746e-01	 3.3315e+02	 3.2240e+03
 1.4779e+05	 3.1659e+03	 3.9575e+00	 7.0342e-01	 3.3315e+02	 3.2265e+03
 2.2168e+05	 3.1659e+03	 3.7907e+00	 6.0725e-01	 3.3315e+02	 3.2294e+03
 3.3253e+05	 3.1659e+03	 3.6487e+00	 5.2157e-01	 3.3315e+02	 3.2319e+03
 4.9879e+05	 3.1659e+03	 3.5403e+00	 4.5232e-01	 3.3314e+02	 3.2348e+03
 7.4818e+05	 3.1659e+03	 3.5041e+00	 3.0700e-01	 3.3314e+02	 3.2424e+03
 9.0000e+05	 3.1659e+03	 3.4707e+00	 2.7788e-01	 3.3315e+02	 3.2501e+03
 1.0000e+02	 3.2473e+03	 6.3056e+00	 2.3346e-01	 3.3314e+02	 3.2584e+03
 1.5000e+02	 3.2473e+03	 6.2564e+00	 2.2041e-01	 3.3315e+02	 3.2609e+03
 2.2500e+02	 3.2473e+03	 6.2092e+00	 2.1148e-01	 3.3315e+02	 3.2635e+03
 3.3750e+02	 3.2473e+03	 6.1647e+00	 2.0944e-01	 3.3315e+02	 3.2661e+03
 5.0625e+02	 3.2473e+03	 6.1211e+00	 2.1412e-01	 3.3315e+02	 3.2686e+03
 7.5938e+02	 3.2473e+03	 6.0772e+00	 2.2712e-01	 3.3314e+02	 3.2712e+03
 1.1391e+03	 3.2473e+03	 6.0311e+00	 2.4936e-01	 3.3315e+02	 3.2762e+03
 1.7086e+03	 3.2473e+03	 5.9805e+00	 2.8374e-01	 3.3315e+02	 3.2788e+03
 2.5629e+03	 3.2473e+03	 5.9209e+00	 3.3252e-01	 3.3315e+02	 3.2814e+03
 3.8443e+03	 3.2473e+03	 5.8481e+00	 3.9854e-01	 3.3315e+02	 3.2839e+03
 5.7665e+03	 3.2473e+03	 5.7543e+00	 4.8301e-01	 3.3315e+02	 3.2863e+03
 8.6498e+03	 3.2473e+03	 5.6301e+00	 5.8437e-01	 3.3315e+02	 3.2890e+03
 1.2975e+04	 3.2473e+03	 5.4637e+00	 6.9526e-01	 3.3315e+02	 3.2914e+03
 1.9462e+04	 3.2473e+03	 5.2485e+00	 7.9930e-01	 3.3315e+02	 3.2940e+03
 2.9193e+04	 3.2473e+03	 4.9881e+00	 8.7457e-01	 3.3315e+02	 3.2967e+03
 4.3789e+04	 3.2473e+03	 4.7019e+00	 9.0033e-01	 3.3314e+02	 3.2991e+03
 6.5684e+04	 3.2473e+03	 4.4271e+00	 8.7197e-01	 3.3314e+02	 3.3019e+03
 9.8526e+04	 3.2473e+03	 4.1732e+00	 8.0003e-01	 3.3315e+02	 3.3045e+03
 1.4779e+05	 3.2473e+03	 3.9623e+00	 7.0581e-01	 3.3314e+02	 3.3072e+03
 2.2168e+05	 3.2473e+03	 3.7949e+00	 6.0947e-01	 3.3314e+02	 3.3098e+03
 3.3253e+05	 3.2473e+03	 3.6521e+00	 5.2347e-01	 3.3314e+02	 3.3125e+03
 4.9879e+05	 3.2473e+03	 3.5436e+00	 4.5376e-01	 3.3314e+02	 3.3151e+03
 7.4818e+05	 3.2473e+03	 3.5071e+00	 3.0639e-01	 3.3314e+02	 3.3228e+03
 9.0000e+05	 3.2473e+03	 3.4737e+00	 2.7616e-01	 3.3314e+02	 3.3307e+03
 1.0000e+02	 3.3279e+03	 6.3066e+00	 2.3285e-01	 3.3314e+02	 3.3384e+03
 1.5000e+02	 3.3279e+03	 6.2561e+00	 2.1900e-01	 3.3315e+02	 3.3409e+03
 2.2500e+02	 3.3279e+03	 6.2105e+00	 2.1079e-01	 3.3315e+02	 3.3434e+03
 3.3750e+02	 3.3279e+03	 6.1662e+00	 2.0860e-01	 3.3315e+02	 3.3460e+03
 5.0625e+02	 3.3279e+03	 6.1229e+00	 2.1324e-01	 3.3315e+02	 3.3487e+03
 7.5938e+02	 3.3279e+03	 6.0792e+00	 2.2578e-01	 3.3315e+02	 3.3512e+03
 1.1391e+03	 3.3279e+03	 6.0333e+00	 2.4789e-01	 3.3315e+02	 3.3564e+03
 1.7086e+03	 3.3279e+03	 5.9829e+00	 2.8205e-01	 3.3315e+02	 3.3589e+03
 2.5629e+03	 3.3279e+03	 5.9240e+00	 3.3030e-01	 3.3316e+02	 3.3617e+03
 3.8443e+03	 3.3279e+03	 5.8519e+00	 3.9571e-01	 3.3315e+02	 3.3642e+03
 5.7665e+03	 3.3279e+03	 5.7595e+00	 4.7987e-01	 3.3315e+02	 3.3669e+03
 8.6498e+03	 3.3279e+03	 5.6363e+00	 5.8129e-01	 3.3316e+02	 3.3695e+03
 1.2975e+04	 3.3279e+03	 5.4714e+00	 6.9247e-01	 3.3315e+02	 3.3722e+03
 1.9462e+04	 3.3279e+03	 5.2577e+00	 7.9806e-01	 3.3315e+02	 3.3748e+03
 2.9193e+04	 3.3279e+03	 4.9974e+00	 8.7468e-01	 3.3315e+02	 3.3777e+03
 4.3789e+04	 3.3279e+03	 4.7108e+00	 9.0194e-01	 3.3315e+02	 3.3802e+03
 6.5684e+04	 3.3279e+03	 4.4348e+00	 8.7456e-01	 3.3316e+02	 3.3830e+03
 9.8526e+04	 3.3279e+03	 4.1795e+00	 8.0288e-01	 3.3316e+02	 3.3856e+03
 1.4779e+05	 3.3279e+03	 3.9676e+00	 7.0848e-01	 3.3316e+02	 3.3882e+03
 2.2168e+05	 3.3279e+03	 3.7993e+00	 6.1183e-01	 3.3317e+02	 3.3908e+03
 3.3253e+05	 3.3279e+03	 3.6565e+00	 5.2567e-01	 3.3316e+02	 3.3935e+03
 4.9879e+05	 3.3279e+03	 3.5471e+00	 4.5545e-01	 3.3316e+02	 3.3961e+03
 7.4818e+05	 3.3279e+03	 3.5101e+00	 3.0839e-01	 3.3316e+02	 3.4038e+03
 9.0000e+05	 3.3279e+03	 3.4768e+00	 2.7672e-01	 3.3316e+02	 3.4117e+03
 1.0000e+02	 3.4089e+03	 6.3074e+00	 2.3226e-01	 3.3315e+02	 3.4195e+03
 1.5000e+02	 3.4089e+03	 6.2580e+00	 2.1825e-01	 3.3315e+02	 3.4222e+03
 2.2500e+02	 3.4089e+03	 6.2115e+00	 2.0992e-01	 3.3316e+02	 3.4247e+03
 3.3750e+02	 3.4089e+03	 6.1676e+00	 2.0761e-01	 3.3315e+02	 3.4275e+03
 5.0625e+02	 3.4089e+03	 6.1246e+00	 2.1212e-01	 3.3316e+02	 3.4299e+03
 7.5938e+02	 3.4089e+03	 6.0810e+00	 2.2448e-01	 3.3315e+02	 3.4328e+03
 1.1391e+03	 3.4089e+03	 6.0354e+00	 2.4624e-01	 3.3316e+02	 3.4382e+03
 1.7086e+03	 3.4089e+03	 5.9853e+00	 2.8004e-01	 3.3316e+02	 3.4408e+03
 2.5629e+03	 3.4089e+03	 5.9267e+00	 3.2816e-01	 3.3315e+02	 3.4435e+03
 3.8443e+03	 3.4089e+03	 5.8556e+00	 3.9290e-01	 3.3315e+02	 3.4459e+03
 5.7665e+03	 3.4089e+03	 5.7640e+00	 4.7680e-01	 3.3315e+02	 3.4484e+03
 8.6498e+03	 3.4089e+03	 5.6422e+00	 5.7827e-01	 3.3315e+02	 3.4511e+03
 1.2975e+04	 3.4089e+03	 5.4785e+00	 6.9020e-01	 3.3315e+02	 3.4536e+03
 1.9462e+04	 3.4089e+03	 5.2653e+00	 7.9686e-01	 3.3315e+02	 3.4561e+03
 2.9193e+04	 3.4089e+03	 5.0054e+00	 8.7500e-01	 3.3315e+02	 3.4588e+03
 4.3789e+04	 3.4089e+03	 4.7178e+00	 9.0348e-01	 3.3316e+02	 3.4614e+03
 6.5684e+04	 3.4089e+03	 4.4409e+00	 8.7662e-01	 3.3315e+02	 3.4641e+03
 9.8526e+04	 3.4089e+03	 4.1848e+00	 8.0509e-01	 3.3316e+02	 3.4670e+03
 1.4779e+05	 3.4089e+03	 3.9720e+00	 7.1065e-01	 3.3316e+02	 3.4694e+03
 2.2168e+05	 3.4089e+03	 3.8030e+00	 6.1355e-01	 3.3315e+02	 3.4723e+03
 3.3253e+05	 3.4089e+03	 3.6595e+00	 5.2695e-01	 3.3315e+02	 3.4748e+03
 4.9879e+05	 3.4089e+03	 3.5499e+00	 4.5679e-01	 3.3315e+02	 3.4776e+03
 7.4818e+05	 3.4089e+03	 3.5127e+00	 3.1018e-01	 3.3316e+02	 3.4852e+03
 9.0000e+05	 3.4089e+03	 3.4789e+00	 2.8089e-01	 3.3315e+02	 3.4931e+03
 1.0000e+02	 3.4904e+03	 6.3079e+00	 2.3141e-01	 3.3314e+02	 3.5013e+03
 1.5000e+02	 3.4904e+03	 6.2588e+00	 2.1778e-01	 3.3315e+02	 3.5037e+03
 2.2500e+02	 3.4904e+03	 6.2125e+00	 2.0915e-01	 3.3315e+02	 3.5064e+03
 3.3750e+02	 3.4904e+03	 6.1686e+00	 2.0677e-01	 3.3314e+02	 3.5089e+03
 5.0625e+02	 3.4904e+03	 6.1257e+00	 2.1113e-01	 3.3314e+02	 3.5117e+03
 7.5938e+02	 3.4904e+03	 6.0825e+00	 2.2365e-01	 3.3315e+02	 3.5143e+03
 1.1391e+03	 3.4904e+03	 6.0374e+00	 2.4532e-01	 3.3315e+02	 3.5198e+03
 1.7086e+03	 3.4904e+03	 5.9876e+00	 2.7855e-01	 3.3315e+02	 3.5222e+03
 2.5629e+03	 3.4904e+03	 5.9293e+00	 3.2604e-01	 3.3316e+02	 3.5248e+03
 3.8443e+03	 3.4904e+03	 5.8588e+00	 3.9057e-01	 3.3314e+02	 3.5275e+03
 5.7665e+03	 3.4904e+03	 5.7682e+00	 4.7401e-01	 3.3315e+02	 3.5299e+03
 8.6498e+03	 3.4904e+03	 5.6476e+00	 5.7545e-01	 3.3315e+02	 3.5325e+03
 1.2975e+04	 3.4904e+03	 5.4852e+00	 6.8775e-01	 3.3315e+02	 3.5351e+03
 1.9462e+04	 3.4904e+03	 5.2734e+00	 7.9553e-01	 3.3315e+02	 3.5377e+03
 2.9193e+04	 3.4904e+03	 5.0135e+00	 8.7527e-01	 3.3315e+02	 3.5404e+03
 4.3789e+04	 3.4904e+03	 4.7254e+00	 9.0494e-01	 3.3315e+02	 3.5428e+03
 6.5684e+04	 3.4904e+03	 4.4473e+00	 8.7883e-01	 3.3315e+02	 3.5453e+03
 9.8526e+04	 3.4904e+03	 4.1901e+00	 8.0754e-01	 3.3315e+02	 3.5479e+03
 1.4779e+05	 3.4904e+03	 3.9765e+00	 7.1269e-01	 3.3315e+02	 3.5504e+03
 2.2168e+05	 3.4904e+03	 3.8067e+00	 6.1543e-01	 3.3315e+02	 3.5532e+03
 3.3253e+05	 3.4904e+03	 3.6629e+00	 5.2858e-01	 3.3315e+02	 3.5557e+03
 4.9879e+05	 3.4904e+03	 3.5529e+00	 4.5825e-01	 3.3316e+02	 3.5585e+03
 7.4818e+05	 3.4904e+03	 3.5155e+00	 3.1126e-01	 3.3315e+02	 3.5661e+03
 9.0000e+05	 3.4904e+03	 3.4817e+00	 2.8003e-01	 3.3316e+02	 3.5738e+03
 1.0000e+02	 3.5711e+03	 6.3086e+00	 2.3080e-01	 3.3315e+02	 3.5819e+03
 1.5000e+02	 3.5711e+03	 6.2594e+00	 2.1608e-01	 3.3315e+02	 3.5844e+03
 2.2500e+02	 3.5711e+03	 6.2133e+00	 2.0830e-01	 3.3314e+02	 3.5868e+03
 3.3750e+02	 3.5711e+03	 6.1698e+00	 2.0603e-01	 3.3315e+02	 3.5894e+03
 5.0625e+02	 3.5711e+03	 6.1270e+00	 2.1012e-01	 3.3315e+02	 3.5919e+03
 7.5938e+02	 3.5711e+03	 6.0839e+00	 2.2240e-01	 3.3314e+02	 3.5946e+03
 1.1391e+03	 3.5711e+03	 6.0388e+00	 2.4376e-01	 3.3314e+02	 3.5996e+03
 1.7086e+03	 3.5711e+03	 5.9896e+00	 2.7692e-01	 3.3314e+02	 3.6022e+03
 2.5629e+03	 3.5711e+03	 5.9315e+00	 3.2382e-01	 3.3314e+02	 3.6048e+03
 3.8443e+03	 3.5711e+03	 5.8617e+00	 3.8822e-01	 3.3314e+02	 3.6072e+03
 5.7665e+03	 3.5711e+03	 5.7721e+00	 4.7139e-01	 3.3315e+02	 3.6099e+03
 8.6498e+03	 3.5711e+03	 5.6526e+00	 5.7286e-01	 3.3315e+02	 3.6127e+03
 1.2975e+04	 3.5711e+03	 5.4914e+00	 6.8563e-01	 3.3315e+02	 3.6152e+03
 1.9462e+04	 3.5711e+03	 5.2801e+00	 7.9423e-01	 3.3314e+02	 3.6180e+03
 2.9193e+04	 3.5711e+03	 5.0209e+00	 8.7523e-01	 3.3315e+02	 3.6206e+03
 4.3789e+04	 3.5711e+03	 4.7320e+00	 9.0627e-01	 3.3315e+02	 3.6231e+03
 6.5684e+04	 3.5711e+03	 4.4531e+00	 8.8067e-01	 3.3315e+02	 3.6257e+03
 9.8526e+04	 3.5711e+03	 4.1949e+00	 8.0964e-01	 3.3314e+02	 3.6282e+03
 1.4779e+05	 3.5711e+03	 3.9806e+00	 7.1475e-01	 3.3315e+02	 3.6309e+03
 2.2168e+05	 3.5711e+03	 3.8104e+00	 6.1726e-01	 3.3314e+02	 3.6335e+03
 3.3253e+05	 3.5711e+03	 3.6659e+00	 5.3001e-01	 3.3314e+02	 3.6362e+03
 4.9879e+05	 3.5711e+03	 3.5558e+00	 4.5940e-01	 3.3314e+02	 3.6388e+03
 7.4818e+05	 3.5711e+03	 3.5178e+00	 3.1296e-01	 3.3315e+02	 3.6467e+03
 9.0000e+05	 3.5711e+03	 3.4841e+00	 2.8156e-01	 3.3314e+02	 3.6544e+03
 1.0000e+02	 3.6516e+03	 6.3091e+00	 2.2991e-01	 3.3315e+02	 3.6623e+03
 1.5000e+02	 3.6516e+03	 6.2594e+00	 2.1455e-01	 3.3315e+02	 3.6648e+03
 2.2500e+02	 3.6516e+03	 6.2143e+00	 2.0767e-01	 3.3314e+02	 3.6672e+03
 3.3750e+02	 3.6516e+03	 6.1709e+00	 2.0526e-01	 3.3315e+02	 3.6700e+03
 5.0625e+02	 3.6516e+03	 6.1283e+00	 2.0935e-01	 3.3315e+02	 3.6725e+03
 7.5938e+02	 3.6516e+03	 6.0854e+00	 2.2124e-01	 3.3315e+02	 3.6751e+03
 1.1391e+03	 3.6516e+03	 6.0406e+00	 2.4268e-01	 3.3315e+02	 3.6802e+03
 1.7086e+03	 3.6516e+03	 5.9913e+00	 2.7522e-01	 3.3315e+02	 3.6829e+03
 2.5629e+03	 3.6516e+03	 5.9340e+00	 3.2187e-01	 3.3314e+02	 3.6856e+03
 3.8443e+03	 3.6516e+03	 5.8647e+00	 3.8588e-01	 3.3315e+02	 3.6884e+03
 5.7665e+03	 3.6516e+03	 5.7760e+00	 4.6867e-01	 3.3315e+02	 3.6909e+03
 8.6498e+03	 3.6516e+03	 5.6576e+00	 5.6984e-01	 3.3315e+02	 3.6935e+03
 1.2975e+04	 3.6516e+03	 5.4980e+00	 6.8305e-01	 3.3315e+02	 3.6960e+03
 1.9462e+04	 3.6516e+03	 5.2878e+00	 7.9289e-01	 3.3316e+02	 3.6986e+03
 2.9193e+04	 3.6516e+03	 5.0285e+00	 8.7526e-01	 3.3315e+02	 3.7012e+03
 4.3789e+04	 3.6516e+03	 4.7393e+00	 9.0750e-01	 3.3315e+02	 3.7036e+03
 6.5684e+04	 3.6516e+03	 4.4593e+00	 8.8282e-01	 3.3316e+02	 3.7061e+03
 9.8526e+04	 3.6516e+03	 4.2002e+00	 8.1171e-01	 3.3315e+02	 3.7088e+03
 1.4779e+05	 3.6516e+03	 3.9849e+00	 7.1680e-01	 3.3316e+02	 3.7112e+03
 2.2168e+05	 3.6516e+03	 3.8140e+00	 6.1889e-01	 3.3315e+02	 3.7139e+03
 3.3253e+05	 3.6516e+03	 3.6693e+00	 5.3151e-01	 3.3315e+02	 3.7164e+03
 4.9879e+05	 3.6516e+03	 3.5588e+00	 4.6068e-01	 3.3315e+02	 3.7192e+03
 7.4818e+05	 3.6516e+03	 3.5209e+00	 3.1188e-01	 3.3315e+02	 3.7270e+03
 9.0000e+05	 3.6516e+03	 3.4868e+00	 2.8153e-01	 3.3315e+02	 3.7350e+03
 1.0000e+02	 3.7322e+03	 6.3095e+00	 2.2944e-01	 3.3315e+02	 3.7429e+03
 1.5000e+02	 3.7322e+03	 6.2592e+00	 2.1701e-01	 3.3315e+02	 3.7453e+03
 2.2500e+02	 3.7322e+03	 6.2151e+00	 2.0676e-01	 3.3315e+02	 3.7479e+03
 3.3750e+02	 3.7322e+03	 6.1719e+00	 2.0438e-01	 3.3315e+02	 3.7505e+03
 5.0625e+02	 3.7322e+03	 6.1296e+00	 2.0845e-01	 3.3315e+02	 3.7532e+03
 7.5938e+02	 3.7322e+03	 6.0867e+00	 2.2022e-01	 3.3315e+02	 3.7558e+03
 1.1391e+03	 3.7322e+03	 6.0421e+00	 2.4124e-01	 3.3315e+02	 3.7609e+03
 1.7086e+03	 3.7322e+03	 5.9935e+00	 2.7353e-01	 3.3315e+02	 3.7633e+03
 2.5629e+03	 3.7322e+03	 5.9365e+00	 3.2014e-01	 3.3315e+02	 3.7661e+03
 3.8443e+03	 3.7322e+03	 5.8678e+00	 3.8332e-01	 3.3315e+02	 3.7685e+03
 5.7665e+03	 3.7322e+03	 5.7797e+00	 4.6588e-01	 3.3315e+02	 3.7713e+03
 8.6498e+03	 3.7322e+03	 5.6625e+00	 5.6704e-01	 3.3315e+02	 3.7738e+03
 1.2975e+04	 3.7322e+03	 5.5038e+00	 6.8062e-01	 3.3315e+02	 3.7765e+03
 1.9462e+04	 3.7322e+03	 5.2950e+00	 7.9135e-01	 3.3315e+02	 3.7791e+03
 2.9193e+04	 3.7322e+03	 5.0360e+00	 8.7526e-01	 3.3315e+02	 3.7817e+03
 4.3789e+04	 3.7322e+03	 4.7464e+00	 9.0887e-01	 3.3315e+02	 3.7844e+03
 6.5684e+04	 3.7322e+03	 4.4655e+00	 8.8477e-01	 3.3314e+02	 3.7868e+03
 9.8526e+04	 3.7322e+03	 4.2051e+00	 8.1387e-01	 3.3315e+02	 3.7894e+03
 1.4779e+05	 3.7322e+03	 3.9890e+00	 7.1875e-01	 3.3315e+02	 3.7919e+03
 2.2168e+05	 3.7322e+03	 3.8178e+00	 6.2076e-01	 3.3315e+02	 3.7947e+03
 3.3253e+05	 3.7322e+03	 3.6724e+00	 5.3297e-01	 3.3315e+02	 3.7972e+03
 4.9879e+05	 3.7322e+03	 3.5616e+00	 4.6199e-01	 3.3315e+02	 3.8000e+03
 7.4818e+05	 3.7322e+03	 3.5232e+00	 3.1455e-01	 3.3315e+02	 3.8077e+03
 9.0000e+05	 3.7322e+03	 3.4892e+00	 2.8423e-01	 3.3315e+02	 3.8153e+03
 1.0000e+02	 3.8126e+03	 6.3099e+00	 2.2864e-01	 3.3315e+02	 3.8236e+03
 1.5000e+02	 3.8126e+03	 6.2610e+00	 2.1475e-01	 3.3315e+02	 3.8261e+03
 2.2500e+02	 3.8126e+03	 6.2158e+00	 2.0586e-01	 3.3315e+02	 3.8289e+03
 3.3750e+02	 3.8126e+03	 6.1728e+00	 2.0343e-01	 3.3315e+02	 3.8314e+03
 5.0625e+02	 3.8126e+03	 6.1307e+00	 2.0752e-01	 3.3315e+02	 3.8340e+03
 7.5938e+02	 3.8126e+03	 6.0882e+00	 2.1910e-01	 3.3315e+02	 3.8367e+03
 1.1391e+03	 3.8126e+03	 6.0437e+00	 2.4012e-01	 3.3315e+02	 3.8419e+03
 1.7086e+03	 3.8126e+03	 5.9950e+00	 2.7217e-01	 3.3315e+02	 3.8443e+03
 2.5629e+03	 3.8126e+03	 5.9385e+00	 3.1831e-01	 3.3315e+02	 3.8469e+03
 3.8443e+03	 3.8126e+03	 5.8703e+00	 3.8125e-01	 3.3315e+02	 3.8494e+03
 5.7665e+03	 3.8126e+03	 5.7832e+00	 4.6336e-01	 3.3316e+02	 3.8522e+03
 8.6498e+03	 3.8126e+03	 5.6671e+00	 5.6435e-01	 3.3315e+02	 3.8548e+03
 1.2975e+04	 3.8126e+03	 5.5097e+00	 6.7832e-01	 3.3315e+02	 3.8574e+03
 1.9462e+04	 3.8126e+03	 5.3017e+00	 7.8989e-01	 3.3315e+02	 3.8601e+03
 2.9193e+04	 3.8126e+03	 5.0433e+00	 8.7501e-01	 3.3315e+02	 3.8629e+03
 4.3789e+04	 3.8126e+03	 4.7532e+00	 9.0994e-01	 3.3315e+02	 3.8655e+03
 6.5684e+04	 3.8126e+03	 4.4716e+00	 8.8680e-01	 3.3315e+02	 3.8683e+03
 9.8526e+04	 3.8126e+03	 4.2100e+00	 8.1602e-01	 3.3315e+02	 3.8709e+03
 1.4779e+05	 3.8126e+03	 3.9933e+00	 7.2075e-01	 3.3315e+02	 3.8735e+03
 2.2168e+05	 3.8126e+03	 3.8214e+00	 6.2256e-01	 3.3315e+02	 3.8761e+03
 3.3253e+05	 3.8126e+03	 3.6757e+00	 5.3455e-01	 3.3315e+02	 3.8785e+03
 4.9879e+05	 3.8126e+03	 3.5646e+00	 4.6333e-01	 3.3315e+02	 3.8812e+03
 7.4818e+05	 3.8126e+03	 3.5262e+00	 3.1388e-01	 3.3315e+02	 3.8887e+03
 9.0000e+05	 3.8126e+03	 3.4915e+00	 2.8636e-01	 3.3315e+02	 3.8963e+03
 1.0000e+02	 3.8936e+03	 6.3100e+00	 2.2786e-01	 3.3314e+02	 3.9045e+03
 1.5000e+02	 3.8936e+03	 6.2617e+00	 2.1449e-01	 3.3315e+02	 3.9070e+03
 2.2500e+02	 3.8936e+03	 6.2165e+00	 2.0509e-01	 3.3315e+02	 3.9096e+03
 3.3750e+02	 3.8936e+03	 6.1739e+00	 2.0262e-01	 3.3314e+02	 3.9121e+03
 5.0625e+02	 3.8936e+03	 6.1320e+00	 2.0692e-01	 3.3315e+02	 3.9146e+03
 7.5938e+02	 3.8936e+03	 6.0894e+00	 2.1835e-01	 3.3314e+02	 3.9174e+03
 1.1391e+03	 3.8936e+03	 6.0450e+00	 2.3876e-01	 3.3314e+02	 3.9225e+03
 1.7086e+03	 3.8936e+03	 5.9968e+00	 2.7066e-01	 3.3314e+02	 3.9250e+03
 2.5629e+03	 3.8936e+03	 5.9405e+00	 3.1632e-01	 3.3314e+02	 3.9276e+03
 3.8443e+03	 3.8936e+03	 5.8730e+00	 3.7897e-01	 3.3315e+02	 3.9302e+03
 5.7665e+03	 3.8936e+03	 5.7868e+00	 4.6069e-01	 3.3315e+02	 3.9326e+03
 8.6498e+03	 3.8936e+03	 5.6717e+00	 5.6143e-01	 3.3315e+02	 3.9352e+03
 1.2975e+04	 3.8936e+03	 5.5155e+00	 6.7583e-01	 3.3315e+02	 3.9377e+03
 1.9462e+04	 3.8936e+03	 5.3085e+00	 7.8841e-01	 3.3315e+02	 3.9404e+03
 2.9193e+04	 3.8936e+03	 5.0504e+00	 8.7487e-01	 3.3315e+02	 3.9431e+03
 4.3789e+04	 3.8936e+03	 4.7601e+00	 9.1075e-01	 3.3315e+02	 3.9457e+03
 6.5684e+04	 3.8936e+03	 4.4773e+00	 8.8842e-01	 3.3315e+02	 3.9484e+03
 9.8526e+04	 3.8936e+03	 4.2151e+00	 8.1810e-01	 3.3315e+02	 3.9512e+03
 1.4779e+05	 3.8936e+03	 3.9973e+00	 7.2270e-01	 3.3315e+02	 3.9538e+03
 2.2168e+05	 3.8936e+03	 3.8248e+00	 6.2408e-01	 3.3315e+02	 3.9565e+03
 3.3253e+05	 3.8936e+03	 3.6786e+00	 5.3581e-01	 3.3315e+02	 3.9591e+03
 4.9879e+05	 3.8936e+03	 3.5672e+00	 4.6437e-01	 3.3315e+02	 3.9619e+03
 7.4818e+05	 3.8936e+03	 3.5281e+00	 3.1831e-01	 3.3315e+02	 3.9696e+03
 9.0000e+05	 3.8936e+03	 3.4941e+00	 2.8623e-01	 3.3315e+02	 3.9772e+03
 1.0000e+02	 3.9744e+03	 6.3106e+00	 2.2706e-01	 3.3315e+02	 3.9854e+03
 1.5000e+02	 3.9744e+03	 6.2623e+00	 2.1315e-01	 3.3315e+02	 3.9879e+03
 2.2500e+02	 3.9744e+03	 6.2171e+00	 2.0430e-01	 3.3315e+02	 3.9905e+03
 3.3750e+02	 3.9744e+03	 6.1745e+00	 2.0171e-01	 3.3314e+02	 3.9932e+03
 5.0625e+02	 3.9744e+03	 6.1327e+00	 2.0577e-01	 3.3314e+02	 3.9959e+03
 7.5938e+02	 3.9744e+03	 6.0907e+00	 2.1725e-01	 3.3315e+02	 3.9985e+03
 1.1391e+03	 3.9744e+03	 6.0463e+00	 2.3758e-01	 3.3315e+02	 4.0036e+03
 1.7086e+03	 3.9744e+03	 5.9983e+00	 2.6926e-01	 3.3315e+02	 4.0061e+03
 2.5629e+03	 3.9744e+03	 5.9427e+00	 3.1467e-01	 3.3314e+02	 4.0089e+03
 3.8443e+03	 3.9744e+03	 5.8756e+00	 3.7693e-01	 3.3315e+02	 4.0113e+03
 5.7665e+03	 3.9744e+03	 5.7902e+00	 4.5806e-01	 3.3315e+02	 4.0140e+03
 8.6498e+03	 3.9744e+03	 5.6762e+00	 5.5887e-01	 3.3315e+02	 4.0166e+03
 1.2975e+04	 3.9744e+03	 5.5212e+00	 6.7344e-01	 3.3314e+02	 4.0190e+03
 1.9462e+04	 3.9744e+03	 5.3155e+00	 7.8679e-01	 3.3315e+02	 4.0216e+03
 2.9193e+04	 3.9744e+03	 5.0577e+00	 8.7460e-01	 3.3315e+02	 4.0241e+03
 4.3789e+04	 3.9744e+03	 4.7667e+00	 9.1184e-01	 3.3314e+02	 4.0267e+03
 6.5684e+04	 3.9744e+03	 4.4828e+00	 8.9018e-01	 3.3315e+02	 4.0292e+03
 9.8526e+04	 3.9744e+03	 4.2197e+00	 8.1989e-01	 3.3314e+02	 4.0320e+03
 1.4779e+05	 3.9744e+03	 4.0015e+00	 7.2450e-01	 3.3315e+02	 4.0344e+03
 2.2168e+05	 3.9744e+03	 3.8284e+00	 6.2579e-01	 3.3315e+02	 4.0372e+03
 3.3253e+05	 3.9744e+03	 3.6818e+00	 5.3733e-01	 3.3315e+02	 4.0397e+03
 4.9879e+05	 3.9744e+03	 3.5700e+00	 4.6573e-01	 3.3315e+02	 4.0422e+03
 7.4818e+05	 3.9744e+03	 3.5312e+00	 3.1547e-01	 3.3315e+02	 4.0500e+03
 9.0000e+05	 3.9744e+03	 3.4966e+00	 2.8600e-01	 3.3315e+02	 4.0579e+03
 1.0000e+02	 4.0551e+03	 6.3107e+00	 2.2648e-01	 3.3315e+02	 4.0660e+03
 1.5000e+02	 4.0551e+03	 6.2624e+00	 2.1097e-01	 3.3315e+02	 4.0685e+03
 2.2500e+02	 4.0551e+03	 6.2178e+00	 2.0356e-01	 3.3315e+02	 4.0709e+03
 3.3750e+02	 4.0551e+03	 6.1753e+00	 2.0103e-01	 3.3314e+02	 4.0736e+03
 5.0625e+02	 4.0551e+03	 6.1338e+00	 2.0488e-01	 3.3315e+02	 4.0761e+03
 7.5938e+02	 4.0551e+03	 6.0915e+00	 2.1637e-01	 3.3314e+02	 4.0789e+03
 1.1391e+03	 4.0551e+03	 6.0479e+00	 2.3683e-01	 3.3315e+02	 4.0842e+03
 1.7086e+03	 4.0551e+03	 6.0001e+00	 2.6808e-01	 3.3314e+02	 4.0867e+03
 2.5629e+03	 4.0551e+03	 5.9446e+00	 3.1299e-01	 3.3315e+02	 4.0896e+03
 3.8443e+03	 4.0551e+03	 5.8780e+00	 3.7460e-01	 3.3315e+02	 4.0920e+03
 5.7665e+03	 4.0551e+03	 5.7932e+00	 4.5571e-01	 3.3314e+02	 4.0947e+03
 8.6498e+03	 4.0551e+03	 5.6803e+00	 5.5632e-01	 3.3315e+02	 4.0973e+03
 1.2975e+04	 4.0551e+03	 5.5267e+00	 6.7092e-01	 3.3315e+02	 4.0998e+03
 1.9462e+04	 4.0551e+03	 5.3217e+00	 7.8533e-01	 3.3315e+02	 4.1024e+03
 2.9193e+04	 4.0551e+03	 5.0645e+00	 8.7433e-01	 3.3315e+02	 4.1050e+03
 4.3789e+04	 4.0551e+03	 4.7735e+00	 9.1285e-01	 3.3315e+02	 4.1077e+03
 6.5684e+04	 4.0551e+03	 4.4886e+00	 8.9198e-01	 3.3315e+02	 4.1102e+03
 9.8526e+04	 4.0551e+03	 4.2246e+00	 8.2205e-01	 3.3315e+02	 4.1130e+03
 1.4779e+05	 4.0551e+03	 4.0052e+00	 7.2627e-01	 3.3314e+02	 4.1154e+03
 2.2168e+05	 4.0551e+03	 3.8317e+00	 6.2738e-01	 3.3315e+02	 4.1182e+03
 3.3253e+05	 4.0551e+03	 3.6848e+00	 5.3863e-01	 3.3315e+02	 4.1207e+03
 4.9879e+05	 4.0551e+03	 3.5728e+00	 4.6676e-01	 3.3315e+02	 4.1232e+03
 7.4818e+05	 4.0551e+03	 3.5338e+00	 3.1470e-01	 3.3315e+02	 4.1310e+03
 9.0000e+05	 4.0551e+03	 3.4995e+00	 2.8224e-01	 3.3315e+02	 4.1388e+03
 1.0000e+02	 4.1360e+03	 6.3110e+00	 2.2583e-01	 3.3315e+02	 4.1472e+03
 1.5000e+02	 4.1360e+03	 6.2619e+00	 2.1079e-01	 3.3315e+02	 4.1496e+03
 2.2500e+02	 4.1360e+03	 6.2182e+00	 2.0282e-01	 3.3315e+02	 4.1522e+03
 3.3750e+02	 4.1360e+03	 6.1761e+00	 2.0026e-01	 3.3315e+02	 4.1548e+03
 5.0625e+02	 4.1360e+03	 6.1347e+00	 2.0394e-01	 3.3315e+02	 4.1575e+03
 7.5938e+02	 4.1360e+03	 6.0928e+00	 2.1525e-01	 3.3315e+02	 4.1601e+03
 1.1391e+03	 4.1360e+03	 6.0490e+00	 2.3511e-01	 3.3314e+02	 4.1653e+03
 1.7086e+03	 4.1360e+03	 6.0015e+00	 2.6654e-01	 3.3314e+02	 4.1678e+03
 2.5629e+03	 4.1360e+03	 5.9463e+00	 3.1131e-01	 3.3315e+02	 4.1704e+03
 3.8443e+03	 4.1360e+03	 5.8804e+00	 3.7263e-01	 3.3314e+02	 4.1728e+03
 5.7665e+03	 4.1360e+03	 5.7963e+00	 4.5329e-01	 3.3315e+02	 4.1755e+03
 8.6498e+03	 4.1360e+03	 5.6844e+00	 5.5367e-01	 3.3315e+02	 4.1782e+03
 1.2975e+04	 4.1360e+03	 5.5317e+00	 6.6865e-01	 3.3315e+02	 4.1811e+03
 1.9462e+04	 4.1360e+03	 5.3281e+00	 7.8355e-01	 3.3315e+02	 4.1838e+03
 2.9193e+04	 4.1360e+03	 5.0711e+00	 8.7399e-01	 3.3314e+02	 4.1864e+03
 4.3789e+04	 4.1360e+03	 4.7799e+00	 9.1370e-01	 3.3314e+02	 4.1889e+03
 6.5684e+04	 4.1360e+03	 4.4943e+00	 8.9378e-01	 3.3315e+02	 4.1915e+03
 9.8526e+04	 4.1360e+03	 4.2293e+00	 8.2388e-01	 3.3314e+02	 4.1941e+03
 1.4779e+05	 4.1360e+03	 4.0093e+00	 7.2811e-01	 3.3314e+02	 4.1965e+03
 2.2168e+05	 4.1360e+03	 3.8350e+00	 6.2883e-01	 3.3314e+02	 4.1991e+03
 3.3253e+05	 4.1360e+03	 3.6878e+00	 5.3989e-01	 3.3315e+02	 4.2016e+03
 4.9879e+05	 4.1360e+03	 3.5755e+00	 4.6777e-01	 3.3315e+02	 4.2042e+03
 7.4818e+05	 4.1360e+03	 3.5364e+00	 3.1584e-01	 3.3315e+02	 4.2119e+03
 9.0000e+05	 4.1360e+03	 3.5014e+00	 2.8748e-01	 3.3315e+02	 4.2196e+03
 1.0000e+02	 4.2168e+03	 6.3111e+00	 2.2500e-01	 3.3315e+02	 4.2277e+03
 1.5000e+02	 4.2168e+03	 6.2630e+00	 2.1094e-01	 3.3315e+02	 4.2302e+03
 2.2500e+02	 4.2168e+03	 6.2191e+00	 2.0200e-01	 3.3315e+02	 4.2330e+03
 3.3750e+02	 4.2168e+03	 6.1767e+00	 1.9935e-01	 3.3315e+02	 4.2356e+03
 5.0625e+02	 4.2168e+03	 6.1355e+00	 2.0323e-01	 3.3315e+02	 4.2382e+03
 7.5938e+02	 4.2168e+03	 6.0940e+00	 2.1409e-01	 3.3315e+02	 4.2408e+03
 1.1391e+03	 4.2168e+03	 6.0501e+00	 2.3454e-01	 3.3316e+02	 4.2459e+03
 1.7086e+03	 4.2168e+03	 6.0029e+00	 2.6522e-01	 3.3315e+02	 4.2484e+03
 2.5629e+03	 4.2168e+03	 5.9483e+00	 3.0954e-01	 3.3315e+02	 4.2511e+03
 3.8443e+03	 4.2168e+03	 5.8828e+00	 3.7049e-01	 3.3316e+02	 4.2536e+03
 5.7665e+03	 4.2168e+03	 5.7993e+00	 4.5082e-01	 3.3315e+02	 4.2560e+03
 8.6498e+03	 4.2168e+03	 5.6885e+00	 5.5087e-01	 3.3315e+02	 4.2587e+03
 1.2975e+04	 4.2168e+03	 5.5371e+00	 6.6596e-01	 3.3315e+02	 4.2611e+03
 1.9462e+04	 4.2168e+03	 5.3345e+00	 7.8177e-01	 3.3315e+02	 4.2639e+03
 2.9193e+04	 4.2168e+03	 5.0784e+00	 8.7346e-01	 3.3316e+02	 4.2665e+03
 4.3789e+04	 4.2168e+03	 4.7864e+00	 9.1464e-01	 3.3315e+02	 4.2692e+03
 6.5684e+04	 4.2168e+03	 4.5001e+00	 8.9525e-01	 3.3315e+02	 4.2717e+03
 9.8526e+04	 4.2168e+03	 4.2341e+00	 8.2571e-01	 3.3316e+02	 4.2745e+03
 1.4779e+05	 4.2168e+03	 4.0135e+00	 7.3010e-01	 3.3315e+02	 4.2769e+03
 2.2168e+05	 4.2168e+03	 3.8385e+00	 6.3064e-01	 3.3316e+02	 4.2798e+03
 3.3253e+05	 4.2168e+03	 3.6908e+00	 5.4130e-01	 3.3316e+02	 4.2822e+03
 4.9879e+05	 4.2168e+03	 3.5782e+00	 4.6901e-01	 3.3316e+02	 4.2850e+03
 7.4818e+05	 4.2168e+03	 3.5384e+00	 3.2022e-01	 3.3316e+02	 4.2927e+03
 9.0000e+05	 4.2168e+03	 3.5037e+00	 2.8790e-01	 3.3316e+02	 4.3004e+03
 1.0000e+02	 4.2976e+03	 6.3113e+00	 2.2420e-01	 3.3315e+02	 4.3086e+03
 1.5000e+02	 4.2976e+03	 6.2640e+00	 2.0886e-01	 3.3316e+02	 4.3111e+03
 2.2500e+02	 4.2976e+03	 6.2194e+00	 2.0133e-01	 3.3315e+02	 4.3139e+03
 3.3750e+02	 4.2976e+03	 6.1774e+00	 1.9863e-01	 3.3316e+02	 4.3165e+03
 5.0625e+02	 4.2976e+03	 6.1361e+00	 2.0258e-01	 3.3315e+02	 4.3192e+03
 7.5938e+02	 4.2976e+03	 6.0950e+00	 2.1340e-01	 3.3315e+02	 4.3218e+03
 1.1391e+03	 4.2976e+03	 6.0518e+00	 2.3369e-01	 3.3315e+02	 4.3269e+03
 1.7086e+03	 4.2976e+03	 6.0045e+00	 2.6395e-01	 3.3315e+02	 4.3294e+03
 2.5629e+03	 4.2976e+03	 5.9500e+00	 3.0809e-01	 3.3315e+02	 4.3321e+03
 3.8443e+03	 4.2976e+03	 5.8849e+00	 3.6874e-01	 3.3315e+02	 4.3346e+03
 5.7665e+03	 4.2976e+03	 5.8020e+00	 4.4842e-01	 3.3315e+02	 4.3372e+03
 8.6498e+03	 4.2976e+03	 5.6921e+00	 5.4848e-01	 3.3315e+02	 4.3399e+03
 1.2975e+04	 4.2976e+03	 5.5418e+00	 6.6370e-01	 3.3315e+02	 4.3427e+03
 1.9462e+04	 4.2976e+03	 5.3401e+00	 7.8030e-01	 3.3315e+02	 4.3452e+03
 2.9193e+04	 4.2976e+03	 5.0844e+00	 8.7303e-01	 3.3315e+02	 4.3480e+03
 4.3789e+04	 4.2976e+03	 4.7923e+00	 9.1539e-01	 3.3315e+02	 4.3504e+03
 6.5684e+04	 4.2976e+03	 4.5052e+00	 8.9676e-01	 3.3314e+02	 4.3529e+03
 9.8526e+04	 4.2976e+03	 4.2383e+00	 8.2739e-01	 3.3315e+02	 4.3556e+03
 1.4779e+05	 4.2976e+03	 4.0168e+00	 7.3153e-01	 3.3315e+02	 4.3581e+03
 2.2168e+05	 4.2976e+03	 3.8416e+00	 6.3185e-01	 3.3316e+02	 4.3606e+03
 3.3253e+05	 4.2976e+03	 3.6935e+00	 5.4235e-01	 3.3315e+02	 4.3632e+03
 4.9879e+05	 4.2976e+03	 3.5807e+00	 4.7000e-01	 3.3315e+02	 4.3658e+03
 7.4818e+05	 4.2976e+03	 3.5407e+00	 3.2023e-01	 3.3315e+02	 4.3737e+03
 9.0000e+05	 4.2976e+03	 3.5059e+00	 2.9136e-01	 3.3315e+02	 4.3814e+03
 1.0000e+02	 4.3786e+03	 6.3113e+00	 2.2339e-01	 3.3315e+02	 4.3892e+03
 1.5000e+02	 4.3786e+03	 6.2612e+00	 2.0963e-01	 3.3315e+02	 4.3918e+03
 2.2500e+02	 4.3786e+03	 6.2200e+00	 2.0071e-01	 3.3315e+02	 4.3943e+03
 3.3750e+02	 4.3786e+03	 6.1780e+00	 1.9802e-01	 3.3315e+02	 4.3970e+03
 5.0625e+02	 4.3786e+03	 6.1373e+00	 2.0141e-01	 3.3315e+02	 4.3995e+03
 7.5938e+02	 4.3786e+03	 6.0958e+00	 2.1257e-01	 3.3316e+02	 4.4022e+03
 1.1391e+03	 4.3786e+03	 6.0528e+00	 2.3212e-01	 3.3315e+02	 4.4074e+03
 1.7086e+03	 4.3786e+03	 6.0058e+00	 2.6270e-01	 3.3315e+02	 4.4099e+03
 2.5629e+03	 4.3786e+03	 5.9516e+00	 3.0660e-01	 3.3315e+02	 4.4124e+03
 3.8443e+03	 4.3786e+03	 5.8869e+00	 3.6679e-01	 3.3315e+02	 4.4150e+03
 5.7665e+03	 4.3786e+03	 5.8048e+00	 4.4623e-01	 3.3315e+02	 4.4176e+03
 8.6498e+03	 4.3786e+03	 5.6956e+00	 5.4604e-01	 3.3315e+02	 4.4205e+03
 1.2975e+04	 4.3786e+03	 5.5466e+00	 6.6145e-01	 3.3315e+02	 4.4229e+03
 1.9462e+04	 4.3786e+03	 5.3458e+00	 7.7864e-01	 3.3315e+02	 4.4257e+03
 2.9193e+04	 4.3786e+03	 5.0907e+00	 8.7238e-01	 3.3316e+02	 4.4283e+03
 4.3789e+04	 4.3786e+03	 4.7983e+00	 9.1613e-01	 3.3315e+02	 4.4310e+03
 6.5684e+04	 4.3786e+03	 4.5106e+00	 8.9824e-01	 3.3315e+02	 4.4335e+03
 9.8526e+04	 4.3786e+03	 4.2427e+00	 8.2931e-01	 3.3315e+02	 4.4361e+03
 1.4779e+05	 4.3786e+03	 4.0205e+00	 7.3335e-01	 3.3315e+02	 4.4388e+03
 2.2168e+05	 4.3786e+03	 3.8446e+00	 6.3324e-01	 3.3315e+02	 4.4414e+03
 3.3253e+05	 4.3786e+03	 3.6964e+00	 5.4355e-01	 3.3315e+02	 4.4438e+03
 4.9879e+05	 4.3786e+03	 3.5832e+00	 4.7092e-01	 3.3314e+02	 4.4464e+03
 7.4818e+05	 4.3786e+03	 3.5433e+00	 3.2080e-01	 3.3314e+02	 4.4544e+03
 9.0000e+05	 4.3786e+03	 3.5082e+00	 2.9034e-01	 3.3314e+02	 4.4621e+03
 1.0000e+02	 4.4593e+03	 6.3114e+00	 2.2272e-01	 3.3315e+02	 4.4698e+03
 1.5000e+02	 4.4593e+03	 6.2631e+00	 2.0867e-01	 3.3315e+02	 4.4726e+03
 2.2500e+02	 4.4593e+03	 6.2203e+00	 1.9991e-01	 3.3315e+02	 4.4750e+03
 3.3750e+02	 4.4593e+03	 6.1784e+00	 1.9713e-01	 3.3315e+02	 4.4777e+03
 5.0625e+02	 4.4593e+03	 6.1379e+00	 2.0080e-01	 3.3315e+02	 4.4804e+03
 7.5938e+02	 4.4593e+03	 6.0964e+00	 2.1175e-01	 3.3315e+02	 4.4832e+03
 1.1391e+03	 4.4593e+03	 6.0537e+00	 2.3132e-01	 3.3314e+02	 4.4885e+03
 1.7086e+03	 4.4593e+03	 6.0068e+00	 2.6169e-01	 3.3314e+02	 4.4909e+03
 2.5629e+03	 4.4593e+03	 5.9528e+00	 3.0512e-01	 3.3315e+02	 4.4938e+03
 3.8443e+03	 4.4593e+03	 5.8886e+00	 3.6502e-01	 3.3314e+02	 4.4963e+03
 5.7665e+03	 4.4593e+03	 5.8071e+00	 4.4423e-01	 3.3314e+02	 4.4988e+03
 8.6498e+03	 4.4593e+03	 5.6989e+00	 5.4368e-01	 3.3314e+02	 4.5014e+03
 1.2975e+04	 4.4593e+03	 5.5508e+00	 6.5921e-01	 3.3315e+02	 4.5038e+03
 1.9462e+04	 4.4593e+03	 5.3510e+00	 7.7713e-01	 3.3315e+02	 4.5065e+03
 2.9193e+04	 4.4593e+03	 5.0963e+00	 8.7219e-01	 3.3314e+02	 4.5091e+03
 4.3789e+04	 4.4593e+03	 4.8040e+00	 9.1679e-01	 3.3315e+02	 4.5116e+03
 6.5684e+04	 4.4593e+03	 4.5155e+00	 8.9979e-01	 3.3315e+02	 4.5142e+03
 9.8526e+04	 4.4593e+03	 4.2470e+00	 8.3092e-01	 3.3314e+02	 4.5168e+03
 1.4779e+05	 4.4593e+03	 4.0241e+00	 7.3484e-01	 3.3314e+02	 4.5192e+03
 2.2168e+05	 4.4593e+03	 3.8478e+00	 6.3462e-01	 3.3315e+02	 4.5220e+03
 3.3253e+05	 4.4593e+03	 3.6990e+00	 5.4471e-01	 3.3315e+02	 4.5247e+03
 4.9879e+05	 4.4593e+03	 3.5857e+00	 4.7199e-01	 3.3315e+02	 4.5274e+03
 7.4818e+05	 4.4593e+03	 3.5451e+00	 3.2372e-01	 3.3314e+02	 4.5355e+03
 9.0000e+05	 4.4593e+03	 3.5106e+00	 2.8961e-01	 3.3315e+02	 4.5433e+03
 1.0000e+02	 4.5405e+03	 6.3114e+00	 2.2194e-01	 3.3315e+02	 4.5515e+03
 1.5000e+02	 4.5405e+03	 6.2625e+00	 2.0402e-01	 3.3315e+02	 4.5540e+03
 2.2500e+02	 4.5405e+03	 6.2209e+00	 1.9931e-01	 3.3315e+02	 4.5567e+03
 3.3750e+02	 4.5405e+03	 6.1794e+00	 1.9651e-01	 3.3315e+02	 4.5593e+03
 5.0625e+02	 4.5405e+03	 6.1386e+00	 2.0012e-01	 3.3316e+02	 4.5620e+03
 7.5938e+02	 4.5405e+03	 6.0978e+00	 2.1078e-01	 3.3316e+02	 4.5646e+03
 1.1391e+03	 4.5405e+03	 6.0546e+00	 2.3037e-01	 3.3315e+02	 4.5696e+03
 1.7086e+03	 4.5405e+03	 6.0083e+00	 2.6028e-01	 3.3315e+02	 4.5721e+03
 2.5629e+03	 4.5405e+03	 5.9545e+00	 3.0373e-01	 3.3316e+02	 4.5747e+03
 3.8443e+03	 4.5405e+03	 5.8905e+00	 3.6325e-01	 3.3315e+02	 4.5772e+03
 5.7665e+03	 4.5405e+03	 5.8098e+00	 4.4189e-01	 3.3315e+02	 4.5796e+03
 8.6498e+03	 4.5405e+03	 5.7025e+00	 5.4113e-01	 3.3315e+02	 4.5822e+03
 1.2975e+04	 4.5405e+03	 5.5554e+00	 6.5666e-01	 3.3315e+02	 4.5847e+03
 1.9462e+04	 4.5405e+03	 5.3569e+00	 7.7529e-01	 3.3315e+02	 4.5875e+03
 2.9193e+04	 4.5405e+03	 5.1030e+00	 8.7144e-01	 3.3315e+02	 4.5901e+03
 4.3789e+04	 4.5405e+03	 4.8105e+00	 9.1746e-01	 3.3315e+02	 4.5927e+03
 6.5684e+04	 4.5405e+03	 4.5212e+00	 9.0126e-01	 3.3315e+02	 4.5952e+03
 9.8526e+04	 4.5405e+03	 4.2516e+00	 8.3278e-01	 3.3315e+02	 4.5978e+03
 1.4779e+05	 4.5405e+03	 4.0280e+00	 7.3652e-01	 3.3315e+02	 4.6004e+03
 2.2168e+05	 4.5405e+03	 3.8512e+00	 6.3616e-01	 3.3315e+02	 4.6029e+03
 3.3253e+05	 4.5405e+03	 3.7019e+00	 5.4593e-01	 3.3315e+02	 4.6055e+03
 4.9879e+05	 4.5405e+03	-1.5309e+00	 4.6681e+01	 3.3315e+02	 4.6082e+03
 7.4818e+05	 4.5405e+03	 3.5479e+00	 3.2167e-01	 3.3315e+02	 4.6147e+03
 9.0000e+05	 4.5405e+03	 3.5125e+00	 2.9307e-01	 3.3315e+02	 4.6223e+03
 1.0000e+02	 4.6195e+03	 6.3114e+00	 2.2144e-01	 3.3315e+02	 4.6304e+03
 1.5000e+02	 4.6195e+03	 6.2671e+00	 2.0568e-01	 3.3315e+02	 4.6329e+03
 2.2500e+02	 4.6195e+03	 6.2209e+00	 1.9838e-01	 3.3315e+02	 4.6356e+03
 3.3750e+02	 4.6195e+03	 6.1797e+00	 1.9567e-01	 3.3316e+02	 4.6382e+03
 5.0625e+02	 4.6195e+03	 6.1395e+00	 1.9950e-01	 3.3315e+02	 4.6409e+03
 7.5938e+02	 4.6195e+03	 6.0984e+00	 2.1012e-01	 3.3315e+02	 4.6435e+03
 1.1391e+03	 4.6195e+03	 6.0555e+00	 2.2934e-01	 3.3316e+02	 4.6487e+03
 1.7086e+03	 4.6195e+03	 6.0096e+00	 2.5952e-01	 3.3314e+02	 4.6512e+03
 2.5629e+03	 4.6195e+03	 5.9563e+00	 3.0240e-01	 3.3315e+02	 4.6540e+03
 3.8443e+03	 4.6195e+03	 5.8924e+00	 3.6135e-01	 3.3316e+02	 4.6567e+03
 5.7665e+03	 4.6195e+03	 5.8121e+00	 4.3984e-01	 3.3316e+02	 4.6592e+03
 8.6498e+03	 4.6195e+03	 5.7058e+00	 5.3867e-01	 3.3316e+02	 4.6620e+03
 1.2975e+04	 4.6195e+03	 5.5598e+00	 6.5426e-01	 3.3316e+02	 4.6646e+03
 1.9462e+04	 4.6195e+03	 5.3624e+00	 7.7355e-01	 3.3315e+02	 4.6672e+03
 2.9193e+04	 4.6195e+03	 5.1091e+00	 8.7071e-01	 3.3316e+02	 4.6699e+03
 4.3789e+04	 4.6195e+03	 4.8164e+00	 9.1789e-01	 3.3315e+02	 4.6724e+03
 6.5684e+04	 4.6195e+03	 4.5179e+00	 9.0207e-01	 3.3315e+02	 4.6749e+03
 9.8526e+04	 4.6195e+03	 4.2559e+00	 8.3426e-01	 3.3315e+02	 4.6774e+03
 1.4779e+05	 4.6195e+03	 4.0314e+00	 7.3793e-01	 3.3315e+02	 4.6800e+03
 2.2168e+05	 4.6195e+03	 3.8542e+00	 6.3748e-01	 3.3315e+02	 4.6827e+03
 3.3253e+05	 4.6195e+03	 3.7046e+00	 5.4712e-01	 3.3315e+02	 4.6852e+03
 4.9879e+05	 4.6195e+03	-1.5391e+00	 4.6712e+01	 3.3315e+02	 4.6881e+03
 7.4818e+05	 4.6195e+03	 3.5499e+00	 3.2442e-01	 3.3315e+02	 4.6950e+03
 9.0000e+05	 4.6195e+03	 3.5148e+00	 2.9261e-01	 3.3314e+02	 4.7026e+03
 1.0000e+02	 4.6999e+03	 6.3113e+00	 2.2052e-01	 3.3315e+02	 4.7105e+03
 1.5000e+02	 4.6999e+03	 6.2639e+00	 2.0712e-01	 3.3315e+02	 4.7131e+03
 2.2500e+02	 4.6999e+03	 6.2213e+00	 1.9792e-01	 3.3314e+02	 4.7156e+03
 3.3750e+02	 4.6999e+03	 6.1802e+00	 1.9511e-01	 3.3315e+02	 4.7184e+03
 5.0625e+02	 4.6999e+03	 6.1400e+00	 1.9879e-01	 3.3315e+02	 4.7208e+03
 7.5938e+02	 4.6999e+03	 6.0993e+00	 2.0943e-01	 3.3315e+02	 4.7234e+03
 1.1391e+03	 4.6999e+03	 6.0564e+00	 2.2828e-01	 3.3315e+02	 4.7284e+03
 1.7086e+03	 4.6999e+03	 6.0105e+00	 2.5832e-01	 3.3314e+02	 4.7310e+03
 2.5629e+03	 4.6999e+03	 5.9576e+00	 3.0119e-01	 3.3314e+02	 4.7336e+03
 3.8443e+03	 4.6999e+03	 5.8938e+00	 3.5992e-01	 3.3314e+02	 4.7360e+03
 5.7665e+03	 4.6999e+03	 5.8144e+00	 4.3797e-01	 3.3315e+02	 4.7387e+03
 8.6498e+03	 4.6999e+03	 5.7085e+00	 5.3646e-01	 3.3315e+02	 4.7412e+03
 1.2975e+04	 4.6999e+03	 5.5637e+00	 6.5243e-01	 3.3315e+02	 4.7439e+03
 1.9462e+04	 4.6999e+03	 5.3671e+00	 7.7186e-01	 3.3315e+02	 4.7465e+03
 2.9193e+04	 4.6999e+03	 5.1140e+00	 8.7024e-01	 3.3315e+02	 4.7490e+03
 4.3789e+04	 4.6999e+03	 4.8215e+00	 9.1839e-01	 3.3315e+02	 4.7515e+03
 6.5684e+04	 4.6999e+03	 4.5225e+00	 9.0338e-01	 3.3315e+02	 4.7539e+03
 9.8526e+04	 4.6999e+03	 4.2598e+00	 8.3592e-01	 3.3315e+02	 4.7567e+03
 1.4779e+05	 4.6999e+03	 4.0346e+00	 7.3941e-01	 3.3314e+02	 4.7591e+03
 2.2168e+05	 4.6999e+03	 3.8568e+00	 6.3858e-01	 3.3315e+02	 4.7620e+03
 3.3253e+05	 4.6999e+03	 3.7071e+00	 5.4804e-01	 3.3315e+02	 4.7644e+03
 4.9879e+05	 4.6999e+03	-1.5480e+00	 4.6743e+01	 3.3316e+02	 4.7672e+03
 7.4818e+05	 4.6999e+03	 3.5522e+00	 3.2339e-01	 3.3315e+02	 4.7739e+03
 9.0000e+05	 4.6999e+03	 3.5166e+00	 2.9563e-01	 3.3316e+02	 4.7817e+03
 1.0000e+02	 4.7789e+03	 6.3113e+00	 2.2003e-01	 3.3315e+02	 4.7897e+03
 1.5000e+02	 4.7789e+03	 6.2646e+00	 2.0623e-01	 3.3315e+02	 4.7922e+03
 2.2500e+02	 4.7789e+03	 6.2216e+00	 1.9718e-01	 3.3316e+02	 4.7947e+03
 3.3750e+02	 4.7789e+03	 6.1808e+00	 1.9421e-01	 3.3315e+02	 4.7973e+03
 5.0625e+02	 4.7789e+03	 6.1405e+00	 1.9796e-01	 3.3316e+02	 4.7998e+03
 7.5938e+02	 4.7789e+03	 6.0999e+00	 2.0871e-01	 3.3315e+02	 4.8025e+03
 1.1391e+03	 4.7789e+03	 6.0574e+00	 2.2787e-01	 3.3316e+02	 4.8074e+03
 1.7086e+03	 4.7789e+03	 6.0114e+00	 2.5727e-01	 3.3316e+02	 4.8099e+03
 2.5629e+03	 4.7789e+03	 5.9589e+00	 2.9981e-01	 3.3315e+02	 4.8125e+03
 3.8443e+03	 4.7789e+03	 5.8957e+00	 3.5823e-01	 3.3315e+02	 4.8152e+03
 5.7665e+03	 4.7789e+03	 5.8163e+00	 4.3591e-01	 3.3315e+02	 4.8177e+03
 8.6498e+03	 4.7789e+03	 5.7113e+00	 5.3431e-01	 3.3316e+02	 4.8202e+03
 1.2975e+04	 4.7789e+03	 5.5677e+00	 6.5010e-01	 3.3315e+02	 4.8229e+03
 1.9462e+04	 4.7789e+03	 5.3723e+00	 7.7017e-01	 3.3315e+02	 4.8254e+03
 2.9193e+04	 4.7789e+03	 5.1199e+00	 8.6961e-01	 3.3316e+02	 4.8282e+03
 4.3789e+04	 4.7789e+03	 4.8270e+00	 9.1894e-01	 3.3315e+02	 4.8307e+03
 6.5684e+04	 4.7789e+03	 4.5274e+00	 9.0458e-01	 3.3316e+02	 4.8331e+03
 9.8526e+04	 4.7789e+03	 4.2635e+00	 8.3745e-01	 3.3315e+02	 4.8358e+03
 1.4779e+05	 4.7789e+03	 4.0380e+00	 7.4090e-01	 3.3316e+02	 4.8382e+03
 2.2168e+05	 4.7789e+03	 3.8597e+00	 6.3985e-01	 3.3315e+02	 4.8409e+03
 3.3253e+05	 4.7789e+03	 3.7096e+00	 5.4904e-01	 3.3315e+02	 4.8433e+03
 4.9879e+05	 4.7789e+03	-1.5552e+00	 4.6773e+01	 3.3316e+02	 4.8463e+03
 7.4818e+05	 4.7789e+03	 3.5543e+00	 3.2513e-01	 3.3315e+02	 4.8528e+03
 9.0000e+05	 4.7789e+03	 3.5186e+00	 2.9688e-01	 3.3315e+02	 4.8604e+03
 1.0000e+02	 4.8577e+03	 6.3112e+00	 2.1902e-01	 3.3315e+02	 4.8686e+03
 1.5000e+02	 4.8577e+03	 6.2670e+00	 2.0361e-01	 3.3315e+02	 4.8711e+03
 2.2500e+02	 4.8577e+03	 6.2218e+00	 1.9643e-01	 3.3315e+02	 4.8738e+03
 3.3750e+02	 4.8577e+03	 6.1809e+00	 1.9371e-01	 3.3314e+02	 4.8764e+03
 5.0625e+02	 4.8577e+03	 6.1410e+00	 1.9719e-01	 3.3315e+02	 4.8792e+03
 7.5938e+02	 4.8577e+03	 6.1006e+00	 2.0787e-01	 3.3314e+02	 4.8818e+03
 1.1391e+03	 4.8577e+03	 6.0582e+00	 2.2711e-01	 3.3314e+02	 4.8869e+03
 1.7086e+03	 4.8577e+03	 6.0125e+00	 2.5649e-01	 3.3315e+02	 4.8895e+03
 2.5629e+03	 4.8577e+03	 5.9599e+00	 2.9877e-01	 3.3314e+02	 4.8921e+03
 3.8443e+03	 4.8577e+03	 5.8970e+00	 3.5686e-01	 3.3315e+02	 4.8946e+03
 5.7665e+03	 4.8577e+03	 5.8184e+00	 4.3412e-01	 3.3315e+02	 4.8972e+03
 8.6498e+03	 4.8577e+03	 5.7143e+00	 5.3222e-01	 3.3315e+02	 4.8998e+03
 1.2975e+04	 4.8577e+03	 5.5712e+00	 6.4789e-01	 3.3315e+02	 4.9025e+03
 1.9462e+04	 4.8577e+03	 5.3770e+00	 7.6864e-01	 3.3315e+02	 4.9050e+03
 2.9193e+04	 4.8577e+03	 5.1253e+00	 8.6889e-01	 3.3315e+02	 4.9077e+03
 4.3789e+04	 4.8577e+03	 4.8325e+00	 9.1943e-01	 3.3315e+02	 4.9102e+03
 6.5684e+04	 4.8577e+03	 4.5319e+00	 9.0570e-01	 3.3315e+02	 4.9127e+03
 9.8526e+04	 4.8577e+03	 4.2676e+00	 8.3892e-01	 3.3315e+02	 4.9153e+03
 1.4779e+05	 4.8577e+03	 4.0410e+00	 7.4231e-01	 3.3315e+02	 4.9178e+03
 2.2168e+05	 4.8577e+03	 3.8626e+00	 6.4108e-01	 3.3314e+02	 4.9205e+03
 3.3253e+05	 4.8577e+03	 3.7122e+00	 5.5006e-01	 3.3315e+02	 4.9231e+03
 4.9879e+05	 4.8577e+03	-1.5648e+00	 4.6804e+01	 3.3315e+02	 4.9259e+03
 7.4818e+05	 4.8577e+03	 3.5563e+00	 3.2801e-01	 3.3315e+02	 4.9326e+03
 9.0000e+05	 4.8577e+03	 3.5206e+00	 3.0009e-01	 3.3315e+02	 4.9407e+03
 1.0000e+02	 4.9380e+03	 6.3114e+00	 2.1858e-01	 3.3315e+02	 4.9485e+03
 1.5000e+02	 4.9380e+03	 6.2665e+00	 2.0328e-01	 3.3315e+02	 4.9512e+03
 2.2500e+02	 4.9380e+03	 6.2221e+00	 1.9577e-01	 3.3314e+02	 4.9538e+03
 3.3750e+02	 4.9380e+03	 6.1812e+00	 1.9299e-01	 3.3315e+02	 4.9565e+03
 5.0625e+02	 4.9380e+03	 6.1417e+00	 1.9663e-01	 3.3315e+02	 4.9591e+03
 7.5938e+02	 4.9380e+03	 6.1014e+00	 2.0727e-01	 3.3315e+02	 4.9616e+03
 1.1391e+03	 4.9380e+03	 6.0592e+00	 2.2619e-01	 3.3315e+02	 4.9668e+03
 1.7086e+03	 4.9380e+03	 6.0135e+00	 2.5534e-01	 3.3315e+02	 4.9695e+03
 2.5629e+03	 4.9380e+03	 5.9613e+00	 2.9754e-01	 3.3315e+02	 4.9721e+03
 3.8443e+03	 4.9380e+03	 5.8987e+00	 3.5542e-01	 3.3315e+02	 4.9747e+03
 5.7665e+03	 4.9380e+03	 5.8203e+00	 4.3233e-01	 3.3315e+02	 4.9772e+03
 8.6498e+03	 4.9380e+03	 5.7170e+00	 5.3004e-01	 3.3315e+02	 4.9801e+03
 1.2975e+04	 4.9380e+03	 5.5748e+00	 6.4580e-01	 3.3314e+02	 4.9825e+03
 1.9462e+04	 4.9380e+03	 5.3812e+00	 7.6702e-01	 3.3315e+02	 4.9851e+03
 2.9193e+04	 4.9380e+03	 5.1306e+00	 8.6829e-01	 3.3315e+02	 4.9878e+03
 4.3789e+04	 4.9380e+03	 4.8376e+00	 9.1975e-01	 3.3315e+02	 4.9902e+03
 6.5684e+04	 4.9380e+03	 4.5366e+00	 9.0685e-01	 3.3315e+02	 4.9929e+03
 9.8526e+04	 4.9380e+03	 4.2714e+00	 8.4036e-01	 3.3315e+02	 4.9954e+03
 1.4779e+05	 4.9380e+03	 4.0444e+00	 7.4365e-01	 3.3315e+02	 4.9980e+03
 2.2168e+05	 4.9380e+03	 3.8653e+00	 6.4229e-01	 3.3314e+02	 5.0006e+03
 3.3253e+05	 4.9380e+03	 3.7147e+00	 5.5102e-01	 3.3315e+02	 5.0031e+03
 4.9879e+05	 4.9380e+03	-1.5720e+00	 4.6835e+01	 3.3315e+02	 5.0059e+03
 7.4818e+05	 4.9380e+03	 3.5591e+00	 3.2352e-01	 3.3315e+02	 5.0124e+03
 9.0000e+05	 4.9380e+03	 3.5236e+00	 2.9235e-01	 3.3315e+02	 5.0200e+03
 1.0000e+02	 5.0172e+03	 6.3113e+00	 2.1786e-01	 3.3316e+02	 5.0281e+03
 1.5000e+02	 5.0172e+03	 6.2655e+00	 2.0087e-01	 3.3316e+02	 5.0306e+03
 2.2500e+02	 5.0172e+03	 6.2224e+00	 1.9514e-01	 3.3315e+02	 5.0334e+03
 3.3750e+02	 5.0172e+03	 6.1819e+00	 1.9242e-01	 3.3315e+02	 5.0360e+03
 5.0625e+02	 5.0172e+03	 6.1423e+00	 1.9589e-01	 3.3315e+02	 5.0387e+03
 7.5938e+02	 5.0172e+03	 6.1019e+00	 2.0653e-01	 3.3315e+02	 5.0412e+03
 1.1391e+03	 5.0172e+03	 6.0599e+00	 2.2532e-01	 3.3315e+02	 5.0465e+03
 1.7086e+03	 5.0172e+03	 6.0142e+00	 2.5466e-01	 3.3315e+02	 5.0492e+03
 2.5629e+03	 5.0172e+03	 5.9623e+00	 2.9641e-01	 3.3315e+02	 5.0518e+03
 3.8443e+03	 5.0172e+03	 5.9001e+00	 3.5397e-01	 3.3315e+02	 5.0547e+03
 5.7665e+03	 5.0172e+03	 5.8224e+00	 4.3038e-01	 3.3315e+02	 5.0571e+03
 8.6498e+03	 5.0172e+03	 5.7196e+00	 5.2795e-01	 3.3314e+02	 5.0597e+03
 1.2975e+04	 5.0172e+03	 5.5785e+00	 6.4378e-01	 3.3315e+02	 5.0622e+03
 1.9462e+04	 5.0172e+03	 5.3861e+00	 7.6523e-01	 3.3315e+02	 5.0650e+03
 2.9193e+04	 5.0172e+03	 5.1356e+00	 8.6736e-01	 3.3315e+02	 5.0676e+03
 4.3789e+04	 5.0172e+03	 4.8424e+00	 9.2008e-01	 3.3315e+02	 5.0700e+03
 6.5684e+04	 5.0172e+03	 4.5412e+00	 9.0802e-01	 3.3315e+02	 5.0727e+03
 9.8526e+04	 5.0172e+03	 4.2753e+00	 8.4179e-01	 3.3315e+02	 5.0752e+03
 1.4779e+05	 5.0172e+03	 4.0477e+00	 7.4505e-01	 3.3315e+02	 5.0779e+03
 2.2168e+05	 5.0172e+03	 3.8681e+00	 6.4353e-01	 3.3315e+02	 5.0804e+03
 3.3253e+05	 5.0172e+03	 3.7171e+00	 5.5203e-01	 3.3315e+02	 5.0830e+03
 4.9879e+05	 5.0172e+03	-1.5794e+00	 4.6864e+01	 3.3315e+02	 5.0857e+03
 7.4818e+05	 5.0172e+03	 3.5609e+00	 3.2575e-01	 3.3315e+02	 5.0927e+03
 9.0000e+05	 5.0172e+03	 3.5250e+00	 2.9816e-01	 3.3315e+02	 5.1004e+03
 1.0000e+02	 5.0977e+03	 6.3111e+00	 2.1731e-01	 3.3316e+02	 5.1085e+03
 1.5000e+02	 5.0977e+03	 6.2641e+00	 2.0273e-01	 3.3315e+02	 5.1110e+03
 2.2500e+02	 5.0977e+03	 6.2225e+00	 1.9443e-01	 3.3315e+02	 5.1135e+03
 3.3750e+02	 5.0977e+03	 6.1823e+00	 1.9177e-01	 3.3315e+02	 5.1164e+03
 5.0625e+02	 5.0977e+03	 6.1429e+00	 1.9525e-01	 3.3315e+02	 5.1189e+03
 7.5938e+02	 5.0977e+03	 6.1026e+00	 2.0580e-01	 3.3315e+02	 5.1217e+03
 1.1391e+03	 5.0977e+03	 6.0605e+00	 2.2461e-01	 3.3315e+02	 5.1269e+03
 1.7086e+03	 5.0977e+03	 6.0154e+00	 2.5356e-01	 3.3315e+02	 5.1294e+03
 2.5629e+03	 5.0977e+03	 5.9636e+00	 2.9519e-01	 3.3315e+02	 5.1320e+03
 3.8443e+03	 5.0977e+03	 5.9016e+00	 3.5256e-01	 3.3315e+02	 5.1345e+03
 5.7665e+03	 5.0977e+03	 5.8240e+00	 4.2866e-01	 3.3315e+02	 5.1369e+03
 8.6498e+03	 5.0977e+03	 5.7221e+00	 5.2582e-01	 3.3315e+02	 5.1397e+03
 1.2975e+04	 5.0977e+03	 5.5820e+00	 6.4156e-01	 3.3315e+02	 5.1421e+03
 1.9462e+04	 5.0977e+03	 5.3905e+00	 7.6349e-01	 3.3315e+02	 5.1447e+03
 2.9193e+04	 5.0977e+03	 5.1409e+00	 8.6671e-01	 3.3315e+02	 5.1473e+03
 4.3789e+04	 5.0977e+03	 4.8480e+00	 9.2040e-01	 3.3315e+02	 5.1500e+03
 6.5684e+04	 5.0977e+03	 4.5458e+00	 9.0914e-01	 3.3315e+02	 5.1526e+03
 9.8526e+04	 5.0977e+03	 4.2790e+00	 8.4317e-01	 3.3315e+02	 5.1552e+03
 1.4779e+05	 5.0977e+03	 4.0507e+00	 7.4643e-01	 3.3315e+02	 5.1579e+03
 2.2168e+05	 5.0977e+03	 3.8707e+00	 6.4455e-01	 3.3315e+02	 5.1607e+03
 3.3253e+05	 5.0977e+03	 3.7196e+00	 5.5297e-01	 3.3315e+02	 5.1632e+03
 4.9879e+05	 5.0977e+03	-1.5865e+00	 4.6892e+01	 3.3314e+02	 5.1660e+03
 7.4818e+05	 5.0977e+03	 3.5626e+00	 3.2929e-01	 3.3315e+02	 5.1726e+03
 9.0000e+05	 5.0977e+03	 3.5269e+00	 2.9841e-01	 3.3314e+02	 5.1802e+03
 1.0000e+02	 5.1775e+03	 6.3109e+00	 2.1652e-01	 3.3315e+02	 5.1885e+03
 1.5000e+02	 5.1775e+03	 6.2631e+00	 2.0133e-01	 3.3314e+02	 5.1911e+03
 2.2500e+02	 5.1775e+03	 6.2231e+00	 1.9398e-01	 3.3315e+02	 5.1939e+03
 3.3750e+02	 5.1775e+03	 6.1826e+00	 1.9116e-01	 3.3315e+02	 5.1964e+03
 5.0625e+02	 5.1775e+03	 6.1431e+00	 1.9483e-01	 3.3315e+02	 5.1992e+03
 7.5938e+02	 5.1775e+03	 6.1035e+00	 2.0523e-01	 3.3315e+02	 5.2018e+03
 1.1391e+03	 5.1775e+03	 6.0615e+00	 2.2380e-01	 3.3315e+02	 5.2069e+03
 1.7086e+03	 5.1775e+03	 6.0161e+00	 2.5267e-01	 3.3315e+02	 5.2097e+03
 2.5629e+03	 5.1775e+03	 5.9647e+00	 2.9411e-01	 3.3315e+02	 5.2122e+03
 3.8443e+03	 5.1775e+03	 5.9028e+00	 3.5111e-01	 3.3315e+02	 5.2147e+03
 5.7665e+03	 5.1775e+03	 5.8260e+00	 4.2692e-01	 3.3315e+02	 5.2173e+03
 8.6498e+03	 5.1775e+03	 5.7246e+00	 5.2387e-01	 3.3315e+02	 5.2199e+03
 1.2975e+04	 5.1775e+03	 5.5853e+00	 6.3955e-01	 3.3315e+02	 5.2227e+03
 1.9462e+04	 5.1775e+03	 5.3950e+00	 7.6182e-01	 3.3315e+02	 5.2252e+03
 2.9193e+04	 5.1775e+03	 5.1460e+00	 8.6566e-01	 3.3315e+02	 5.2279e+03
 4.3789e+04	 5.1775e+03	 4.8528e+00	 9.2072e-01	 3.3315e+02	 5.2304e+03
 6.5684e+04	 5.1775e+03	 4.5504e+00	 9.1026e-01	 3.3315e+02	 5.2330e+03
 9.8526e+04	 5.1775e+03	 4.2827e+00	 8.4451e-01	 3.3315e+02	 5.2356e+03
 1.4779e+05	 5.1775e+03	 4.0540e+00	 7.4766e-01	 3.3315e+02	 5.2381e+03
 2.2168e+05	 5.1775e+03	 3.8736e+00	 6.4570e-01	 3.3315e+02	 5.2407e+03
 3.3253e+05	 5.1775e+03	 3.7221e+00	 5.5390e-01	 3.3315e+02	 5.2431e+03
 4.9879e+05	 5.1775e+03	-1.5942e+00	 4.6922e+01	 3.3315e+02	 5.2460e+03
 7.4818e+05	 5.1775e+03	 3.5646e+00	 3.3082e-01	 3.3315e+02	 5.2526e+03
 9.0000e+05	 5.1775e+03	 3.5293e+00	 2.9754e-01	 3.3315e+02	 5.2601e+03
 1.0000e+02	 5.2573e+03	 6.3108e+00	 2.1588e-01	 3.3315e+02	 5.2684e+03
 1.5000e+02	 5.2573e+03	 6.2640e+00	 2.0081e-01	 3.3314e+02	 5.2708e+03
 2.2500e+02	 5.2573e+03	 6.2230e+00	 1.9327e-01	 3.3315e+02	 5.2735e+03
 3.3750e+02	 5.2573e+03	 6.1831e+00	 1.9053e-01	 3.3315e+02	 5.2760e+03
 5.0625e+02	 5.2573e+03	 6.1434e+00	 1.9394e-01	 3.3315e+02	 5.2787e+03
 7.5938e+02	 5.2573e+03	 6.1040e+00	 2.0449e-01	 3.3315e+02	 5.2813e+03
 1.1391e+03	 5.2573e+03	 6.0621e+00	 2.2280e-01	 3.3315e+02	 5.2864e+03
 1.7086e+03	 5.2573e+03	 6.0170e+00	 2.5193e-01	 3.3314e+02	 5.2889e+03
 2.5629e+03	 5.2573e+03	 5.9656e+00	 2.9297e-01	 3.3315e+02	 5.2916e+03
 3.8443e+03	 5.2573e+03	 5.9041e+00	 3.4977e-01	 3.3315e+02	 5.2941e+03
 5.7665e+03	 5.2573e+03	 5.8275e+00	 4.2536e-01	 3.3315e+02	 5.2969e+03
 8.6498e+03	 5.2573e+03	 5.7268e+00	 5.2191e-01	 3.3315e+02	 5.2995e+03
 1.2975e+04	 5.2573e+03	 5.5886e+00	 6.3730e-01	 3.3315e+02	 5.3022e+03
 1.9462e+04	 5.2573e+03	 5.3992e+00	 7.6015e-01	 3.3315e+02	 5.3048e+03
 2.9193e+04	 5.2573e+03	 5.1507e+00	 8.6506e-01	 3.3315e+02	 5.3074e+03
 4.3789e+04	 5.2573e+03	 4.8579e+00	 9.2102e-01	 3.3315e+02	 5.3099e+03
 6.5684e+04	 5.2573e+03	 4.5546e+00	 9.1137e-01	 3.3315e+02	 5.3123e+03
 9.8526e+04	 5.2573e+03	 4.2864e+00	 8.4585e-01	 3.3315e+02	 5.3150e+03
 1.4779e+05	 5.2573e+03	 4.0568e+00	 7.4897e-01	 3.3314e+02	 5.3174e+03
 2.2168e+05	 5.2573e+03	 3.8761e+00	 6.4676e-01	 3.3315e+02	 5.3200e+03
 3.3253e+05	 5.2573e+03	 3.7242e+00	 5.5470e-01	 3.3315e+02	 5.3226e+03
 4.9879e+05	 5.2573e+03	-1.6009e+00	 4.6949e+01	 3.3315e+02	 5.3253e+03
 7.4818e+05	 5.2573e+03	 3.5673e+00	 3.2545e-01	 3.3315e+02	 5.3321e+03
 9.0000e+05	 5.2573e+03	 3.5316e+00	 2.9441e-01	 3.3315e+02	 5.3399e+03
 1.0000e+02	 5.3371e+03	 6.3106e+00	 2.1544e-01	 3.3316e+02	 5.3480e+03
 1.5000e+02	 5.3371e+03	 6.2653e+00	 2.0123e-01	 3.3315e+02	 5.3505e+03
 2.2500e+02	 5.3371e+03	 6.2232e+00	 1.9248e-01	 3.3315e+02	 5.3532e+03
 3.3750e+02	 5.3371e+03	 6.1833e+00	 1.8984e-01	 3.3315e+02	 5.3558e+03
 5.0625e+02	 5.3371e+03	 6.1440e+00	 1.9332e-01	 3.3315e+02	 5.3585e+03
 7.5938e+02	 5.3371e+03	 6.1046e+00	 2.0389e-01	 3.3316e+02	 5.3611e+03
 1.1391e+03	 5.3371e+03	 6.0629e+00	 2.2231e-01	 3.3315e+02	 5.3662e+03
 1.7086e+03	 5.3371e+03	 6.0180e+00	 2.5105e-01	 3.3314e+02	 5.3688e+03
 2.5629e+03	 5.3371e+03	 5.9665e+00	 2.9220e-01	 3.3315e+02	 5.3714e+03
 3.8443e+03	 5.3371e+03	 5.9052e+00	 3.4848e-01	 3.3315e+02	 5.3739e+03
 5.7665e+03	 5.3371e+03	 5.8293e+00	 4.2375e-01	 3.3314e+02	 5.3765e+03
 8.6498e+03	 5.3371e+03	 5.7291e+00	 5.2001e-01	 3.3315e+02	 5.3792e+03
 1.2975e+04	 5.3371e+03	 5.5915e+00	 6.3534e-01	 3.3315e+02	 5.3818e+03
 1.9462e+04	 5.3371e+03	 5.4030e+00	 7.5853e-01	 3.3315e+02	 5.3844e+03
 2.9193e+04	 5.3371e+03	 5.1552e+00	 8.6426e-01	 3.3315e+02	 5.3872e+03
 4.3789e+04	 5.3371e+03	 4.8626e+00	 9.2116e-01	 3.3315e+02	 5.3896e+03
 6.5684e+04	 5.3371e+03	 4.5589e+00	 9.1236e-01	 3.3315e+02	 5.3921e+03
 9.8526e+04	 5.3371e+03	 4.2900e+00	 8.4713e-01	 3.3315e+02	 5.3948e+03
 1.4779e+05	 5.3371e+03	 4.0598e+00	 7.5016e-01	 3.3315e+02	 5.3972e+03
 2.2168e+05	 5.3371e+03	 3.8787e+00	 6.4779e-01	 3.3315e+02	 5.4000e+03
 3.3253e+05	 5.3371e+03	 3.7266e+00	 5.5558e-01	 3.3315e+02	 5.4025e+03
 4.9879e+05	 5.3371e+03	-1.6070e+00	 4.6977e+01	 3.3315e+02	 5.4052e+03
 7.4818e+05	 5.3371e+03	 3.5693e+00	 3.2617e-01	 3.3315e+02	 5.4115e+03
 9.0000e+05	 5.3371e+03	 3.5334e+00	 2.9662e-01	 3.3315e+02	 5.4192e+03
 1.0000e+02	 5.4165e+03	 6.3103e+00	 2.1458e-01	 3.3315e+02	 5.4270e+03
 1.5000e+02	 5.4165e+03	 6.2629e+00	 2.0273e-01	 3.3315e+02	 5.4297e+03
 2.2500e+02	 5.4165e+03	 6.2234e+00	 1.9216e-01	 3.3315e+02	 5.4322e+03
 3.3750e+02	 5.4165e+03	 6.1836e+00	 1.8939e-01	 3.3315e+02	 5.4350e+03
 5.0625e+02	 5.4165e+03	 6.1446e+00	 1.9270e-01	 3.3315e+02	 5.4375e+03
 7.5938e+02	 5.4165e+03	 6.1051e+00	 2.0325e-01	 3.3316e+02	 5.4404e+03
 1.1391e+03	 5.4165e+03	 6.0634e+00	 2.2187e-01	 3.3315e+02	 5.4454e+03
 1.7086e+03	 5.4165e+03	 6.0189e+00	 2.5029e-01	 3.3315e+02	 5.4478e+03
 2.5629e+03	 5.4165e+03	 5.9675e+00	 2.9109e-01	 3.3315e+02	 5.4504e+03
 3.8443e+03	 5.4165e+03	 5.9068e+00	 3.4732e-01	 3.3315e+02	 5.4530e+03
 5.7665e+03	 5.4165e+03	 5.8309e+00	 4.2212e-01	 3.3315e+02	 5.4556e+03
 8.6498e+03	 5.4165e+03	 5.7313e+00	 5.1811e-01	 3.3315e+02	 5.4582e+03
 1.2975e+04	 5.4165e+03	 5.5946e+00	 6.3344e-01	 3.3315e+02	 5.4609e+03
 1.9462e+04	 5.4165e+03	 5.4070e+00	 7.5675e-01	 3.3315e+02	 5.4637e+03
 2.9193e+04	 5.4165e+03	 5.1602e+00	 8.6309e-01	 3.3315e+02	 5.4664e+03
 4.3789e+04	 5.4165e+03	 4.8675e+00	 9.2127e-01	 3.3315e+02	 5.4692e+03
 6.5684e+04	 5.4165e+03	 4.5632e+00	 9.1324e-01	 3.3315e+02	 5.4718e+03
 9.8526e+04	 5.4165e+03	 4.2934e+00	 8.4844e-01	 3.3315e+02	 5.4745e+03
 1.4779e+05	 5.4165e+03	 4.0627e+00	 7.5134e-01	 3.3315e+02	 5.4769e+03
 2.2168e+05	 5.4165e+03	 3.8812e+00	 6.4883e-01	 3.3315e+02	 5.4796e+03
 3.3253e+05	 5.4165e+03	 3.7385e+00	 5.5698e-01	 3.3315e+02	 5.4822e+03
 4.9879e+05	 5.4165e+03	-1.6141e+00	 4.7005e+01	 3.3315e+02	 5.4849e+03
 7.4818e+05	 5.4165e+03	 3.5710e+00	 3.2886e-01	 3.3315e+02	 5.4916e+03
 9.0000e+05	 5.4165e+03	 3.5352e+00	 2.9729e-01	 3.3315e+02	 5.4994e+03
 1.0000e+02	 5.4966e+03	 6.3101e+00	 2.1412e-01	 3.3315e+02	 5.5074e+03
 1.5000e+02	 5.4966e+03	 6.2647e+00	 2.0253e-01	 3.3315e+02	 5.5100e+03
 2.2500e+02	 5.4966e+03	 6.2237e+00	 1.9147e-01	 3.3314e+02	 5.5127e+03
 3.3750e+02	 5.4966e+03	 6.1838e+00	 1.8876e-01	 3.3315e+02	 5.5153e+03
 5.0625e+02	 5.4966e+03	 6.1449e+00	 1.9245e-01	 3.3315e+02	 5.5180e+03
 7.5938e+02	 5.4966e+03	 6.1057e+00	 2.0267e-01	 3.3315e+02	 5.5206e+03
 1.1391e+03	 5.4966e+03	 6.0644e+00	 2.2103e-01	 3.3315e+02	 5.5258e+03
 1.7086e+03	 5.4966e+03	 6.0196e+00	 2.4947e-01	 3.3315e+02	 5.5282e+03
 2.5629e+03	 5.4966e+03	 5.9685e+00	 2.9020e-01	 3.3315e+02	 5.5310e+03
 3.8443e+03	 5.4966e+03	 5.9077e+00	 3.4617e-01	 3.3315e+02	 5.5334e+03
 5.7665e+03	 5.4966e+03	 5.8324e+00	 4.2072e-01	 3.3315e+02	 5.5359e+03
 8.6498e+03	 5.4966e+03	 5.7334e+00	 5.1638e-01	 3.3315e+02	 5.5386e+03
 1.2975e+04	 5.4966e+03	 5.5976e+00	 6.3159e-01	 3.3315e+02	 5.5410e+03
 1.9462e+04	 5.4966e+03	 5.4108e+00	 7.5527e-01	 3.3315e+02	 5.5435e+03
 2.9193e+04	 5.4966e+03	 5.1645e+00	 8.6253e-01	 3.3315e+02	 5.5461e+03
 4.3789e+04	 5.4966e+03	 4.8718e+00	 9.2152e-01	 3.3315e+02	 5.5486e+03
 6.5684e+04	 5.4966e+03	 4.5672e+00	 9.1416e-01	 3.3315e+02	 5.5512e+03
 9.8526e+04	 5.4966e+03	 4.2968e+00	 8.4956e-01	 3.3315e+02	 5.5538e+03
 1.4779e+05	 5.4966e+03	 4.0654e+00	 7.5249e-01	 3.3315e+02	 5.5564e+03
 2.2168e+05	 5.4966e+03	 3.8835e+00	 6.4974e-01	 3.3314e+02	 5.5590e+03
 3.3253e+05	 5.4966e+03	 3.7406e+00	 5.5779e-01	 3.3314e+02	 5.5617e+03
 4.9879e+05	 5.4966e+03	-1.6192e+00	 4.7032e+01	 3.3315e+02	 5.5644e+03
 7.4818e+05	 5.4966e+03	 3.5729e+00	 3.3060e-01	 3.3315e+02	 5.5712e+03
 9.0000e+05	 5.4966e+03	 3.5369e+00	 2.9951e-01	 3.3315e+02	 5.5790e+03
 1.0000e+02	 5.5762e+03	 6.3100e+00	 2.1333e-01	 3.3315e+02	 5.5872e+03
 1.5000e+02	 5.5762e+03	 6.2659e+00	 1.9817e-01	 3.3315e+02	 5.5897e+03
 2.2500e+02	 5.5762e+03	 6.2236e+00	 1.9078e-01	 3.3315e+02	 5.5921e+03
 3.3750e+02	 5.5762e+03	 6.1843e+00	 1.8824e-01	 3.3315e+02	 5.5949e+03
 5.0625e+02	 5.5762e+03	 6.1455e+00	 1.9176e-01	 3.3315e+02	 5.5974e+03
 7.5938e+02	 5.5762e+03	 6.1061e+00	 2.0230e-01	 3.3315e+02	 5.6000e+03
 1.1391e+03	 5.5762e+03	 6.0647e+00	 2.2064e-01	 3.3315e+02	 5.6053e+03
 1.7086e+03	 5.5762e+03	 6.0202e+00	 2.4869e-01	 3.3315e+02	 5.6077e+03
 2.5629e+03	 5.5762e+03	 5.9695e+00	 2.8931e-01	 3.3315e+02	 5.6102e+03
 3.8443e+03	 5.5762e+03	 5.9090e+00	 3.4490e-01	 3.3314e+02	 5.6128e+03
 5.7665e+03	 5.5762e+03	 5.8339e+00	 4.1917e-01	 3.3315e+02	 5.6152e+03
 8.6498e+03	 5.5762e+03	 5.7353e+00	 5.1467e-01	 3.3315e+02	 5.6180e+03
 1.2975e+04	 5.5762e+03	 5.6004e+00	 6.2954e-01	 3.3315e+02	 5.6206e+03
 1.9462e+04	 5.5762e+03	 5.4147e+00	 7.5352e-01	 3.3315e+02	 5.6232e+03
 2.9193e+04	 5.5762e+03	 5.1691e+00	 8.6156e-01	 3.3315e+02	 5.6260e+03
 4.3789e+04	 5.5762e+03	 4.8765e+00	 9.2177e-01	 3.3315e+02	 5.6287e+03
 6.5684e+04	 5.5762e+03	 4.5712e+00	 9.1505e-01	 3.3315e+02	 5.6312e+03
 9.8526e+04	 5.5762e+03	 4.2999e+00	 8.5059e-01	 3.3315e+02	 5.6340e+03
 1.4779e+05	 5.5762e+03	 4.0683e+00	 7.5358e-01	 3.3315e+02	 5.6364e+03
 2.2168e+05	 5.5762e+03	 3.8860e+00	 6.5062e-01	 3.3314e+02	 5.6390e+03
 3.3253e+05	 5.5762e+03	 3.7428e+00	 5.5851e-01	 3.3315e+02	 5.6417e+03
 4.9879e+05	 5.5762e+03	-1.6251e+00	 4.7058e+01	 3.3315e+02	 5.6444e+03
 7.4818e+05	 5.5762e+03	 3.5748e+00	 3.2961e-01	 3.3315e+02	 5.6510e+03
 9.0000e+05	 5.5762e+03	 3.5391e+00	 2.9724e-01	 3.3315e+02	 5.6587e+03
 1.0000e+02	 5.6559e+03	 6.3100e+00	 2.1281e-01	 3.3316e+02	 5.6665e+03
 1.5000e+02	 5.6559e+03	 6.2639e+00	 2.0036e-01	 3.3315e+02	 5.6690e+03
 2.2500e+02	 5.6559e+03	 6.2240e+00	 1.9037e-01	 3.3315e+02	 5.6716e+03
 3.3750e+02	 5.6559e+03	 6.1845e+00	 1.8761e-01	 3.3315e+02	 5.6745e+03
 5.0625e+02	 5.6559e+03	 6.1458e+00	 1.9102e-01	 3.3315e+02	 5.6769e+03
 7.5938e+02	 5.6559e+03	 6.1067e+00	 2.0149e-01	 3.3315e+02	 5.6797e+03
 1.1391e+03	 5.6559e+03	 6.0653e+00	 2.1951e-01	 3.3315e+02	 5.6848e+03
 1.7086e+03	 5.6559e+03	 6.0208e+00	 2.4811e-01	 3.3315e+02	 5.6873e+03
 2.5629e+03	 5.6559e+03	 5.9704e+00	 2.8851e-01	 3.3315e+02	 5.6899e+03
 3.8443e+03	 5.6559e+03	 5.9098e+00	 3.4391e-01	 3.3315e+02	 5.6928e+03
 5.7665e+03	 5.6559e+03	 5.8352e+00	 4.1782e-01	 3.3315e+02	 5.6953e+03
 8.6498e+03	 5.6559e+03	 5.7372e+00	 5.1295e-01	 3.3315e+02	 5.6981e+03
 1.2975e+04	 5.6559e+03	 5.6029e+00	 6.2796e-01	 3.3315e+02	 5.7005e+03
 1.9462e+04	 5.6559e+03	 5.4177e+00	 7.5215e-01	 3.3315e+02	 5.7032e+03
 2.9193e+04	 5.6559e+03	 5.1729e+00	 8.6070e-01	 3.3315e+02	 5.7058e+03
 4.3789e+04	 5.6559e+03	 4.8805e+00	 9.2171e-01	 3.3315e+02	 5.7085e+03
 6.5684e+04	 5.6559e+03	 4.5749e+00	 9.1591e-01	 3.3316e+02	 5.7109e+03
 9.8526e+04	 5.6559e+03	 4.3031e+00	 8.5187e-01	 3.3315e+02	 5.7135e+03
 1.4779e+05	 5.6559e+03	 4.0708e+00	 7.5462e-01	 3.3314e+02	 5.7161e+03
 2.2168e+05	 5.6559e+03	 3.8882e+00	 6.5153e-01	 3.3315e+02	 5.7187e+03
 3.3253e+05	 5.6559e+03	 3.7448e+00	 5.5919e-01	 3.3316e+02	 5.7214e+03
 4.9879e+05	 5.6559e+03	-1.6300e+00	 4.7082e+01	 3.3315e+02	 5.7240e+03
 7.4818e+05	 5.6559e+03	 3.5765e+00	 3.3121e-01	 3.3315e+02	 5.7305e+03
 9.0000e+05	 5.6559e+03	 3.5415e+00	 2.9301e-01	 3.3316e+02	 5.7384e+03
 1.0000e+02	 5.7356e+03	 6.3098e+00	 2.1232e-01	 3.3315e+02	 5.7461e+03
 1.5000e+02	 5.7356e+03	 6.2647e+00	 1.9800e-01	 3.3315e+02	 5.7486e+03
 2.2500e+02	 5.7356e+03	 6.2240e+00	 1.8979e-01	 3.3315e+02	 5.7512e+03
 3.3750e+02	 5.7356e+03	 6.1849e+00	 1.8705e-01	 3.3315e+02	 5.7538e+03
 5.0625e+02	 5.7356e+03	 6.1464e+00	 1.9054e-01	 3.3315e+02	 5.7565e+03
 7.5938e+02	 5.7356e+03	 6.1070e+00	 2.0113e-01	 3.3315e+02	 5.7591e+03
 1.1391e+03	 5.7356e+03	 6.0661e+00	 2.1943e-01	 3.3315e+02	 5.7642e+03
 1.7086e+03	 5.7356e+03	 6.0217e+00	 2.4738e-01	 3.3315e+02	 5.7667e+03
 2.5629e+03	 5.7356e+03	 5.9712e+00	 2.8773e-01	 3.3315e+02	 5.7694e+03
 3.8443e+03	 5.7356e+03	 5.9109e+00	 3.4289e-01	 3.3315e+02	 5.7719e+03
 5.7665e+03	 5.7356e+03	 5.8365e+00	 4.1655e-01	 3.3315e+02	 5.7745e+03
 8.6498e+03	 5.7356e+03	 5.7390e+00	 5.1141e-01	 3.3315e+02	 5.7771e+03
 1.2975e+04	 5.7356e+03	 5.6055e+00	 6.2608e-01	 3.3315e+02	 5.7796e+03
 1.9462e+04	 5.7356e+03	 5.4214e+00	 7.5058e-01	 3.3315e+02	 5.7822e+03
 2.9193e+04	 5.7356e+03	 5.1770e+00	 8.6001e-01	 3.3315e+02	 5.7848e+03
 4.3789e+04	 5.7356e+03	 4.8843e+00	 9.2194e-01	 3.3314e+02	 5.7873e+03
 6.5684e+04	 5.7356e+03	 4.5784e+00	 9.1666e-01	 3.3315e+02	 5.7898e+03
 9.8526e+04	 5.7356e+03	 4.3063e+00	 8.5287e-01	 3.3315e+02	 5.7927e+03
 1.4779e+05	 5.7356e+03	 4.0733e+00	 7.5568e-01	 3.3315e+02	 5.7951e+03
 2.2168e+05	 5.7356e+03	 3.8904e+00	 6.5243e-01	 3.3315e+02	 5.7980e+03
 3.3253e+05	 5.7356e+03	 3.7468e+00	 5.5985e-01	 3.3315e+02	 5.8004e+03
 4.9879e+05	 5.7356e+03	-1.6348e+00	 4.7108e+01	 3.3315e+02	 5.8033e+03
 7.4818e+05	 5.7356e+03	 3.5789e+00	 3.2806e-01	 3.3315e+02	 5.8099e+03
 9.0000e+05	 5.7356e+03	 3.5428e+00	 2.9656e-01	 3.3315e+02	 5.8176e+03
 1.0000e+02	 5.8149e+03	 6.3095e+00	 2.1167e-01	 3.3315e+02	 5.8258e+03
 1.5000e+02	 5.8149e+03	 6.2663e+00	 1.9652e-01	 3.3315e+02	 5.8284e+03
 2.2500e+02	 5.8149e+03	 6.2240e+00	 1.8927e-01	 3.3315e+02	 5.8312e+03
 3.3750e+02	 5.8149e+03	 6.1851e+00	 1.8679e-01	 3.3315e+02	 5.8338e+03
 5.0625e+02	 5.8149e+03	 6.1465e+00	 1.9011e-01	 3.3315e+02	 5.8364e+03
 7.5938e+02	 5.8149e+03	 6.1077e+00	 2.0045e-01	 3.3315e+02	 5.8390e+03
 1.1391e+03	 5.8149e+03	 6.0668e+00	 2.1875e-01	 3.3315e+02	 5.8442e+03
 1.7086e+03	 5.8149e+03	 6.0224e+00	 2.4668e-01	 3.3315e+02	 5.8470e+03
 2.5629e+03	 5.8149e+03	 5.9721e+00	 2.8684e-01	 3.3315e+02	 5.8496e+03
 3.8443e+03	 5.8149e+03	 5.9119e+00	 3.4166e-01	 3.3315e+02	 5.8522e+03
 5.7665e+03	 5.8149e+03	 5.8379e+00	 4.1515e-01	 3.3315e+02	 5.8547e+03
 8.6498e+03	 5.8149e+03	 5.7409e+00	 5.0964e-01	 3.3315e+02	 5.8572e+03
 1.2975e+04	 5.8149e+03	 5.6081e+00	 6.2424e-01	 3.3315e+02	 5.8597e+03
 1.9462e+04	 5.8149e+03	 5.4249e+00	 7.4882e-01	 3.3315e+02	 5.8623e+03
 2.9193e+04	 5.8149e+03	 5.1813e+00	 8.5905e-01	 3.3315e+02	 5.8650e+03
 4.3789e+04	 5.8149e+03	 4.8890e+00	 9.2183e-01	 3.3315e+02	 5.8675e+03
 6.5684e+04	 5.8149e+03	 4.5826e+00	 9.1746e-01	 3.3315e+02	 5.8702e+03
 9.8526e+04	 5.8149e+03	 4.3096e+00	 8.5412e-01	 3.3315e+02	 5.8729e+03
 1.4779e+05	 5.8149e+03	 4.0761e+00	 7.5671e-01	 3.3315e+02	 5.8757e+03
 2.2168e+05	 5.8149e+03	 3.8928e+00	 6.5325e-01	 3.3315e+02	 5.8782e+03
 3.3253e+05	 5.8149e+03	 3.7489e+00	 5.6058e-01	 3.3315e+02	 5.8810e+03
 4.9879e+05	 5.8149e+03	-1.6400e+00	 4.7132e+01	 3.3315e+02	 5.8837e+03
 7.4818e+05	 5.8149e+03	 3.5807e+00	 3.2829e-01	 3.3315e+02	 5.8901e+03
 9.0000e+05	 5.8149e+03	 3.5445e+00	 2.9798e-01	 3.3315e+02	 5.8982e+03
 1.0000e+02	 5.8954e+03	 6.3095e+00	 2.1097e-01	 3.3315e+02	 5.9060e+03
 1.5000e+02	 5.8954e+03	 6.2660e+00	 1.9706e-01	 3.3315e+02	 5.9088e+03
 2.2500e+02	 5.8954e+03	 6.2243e+00	 1.8862e-01	 3.3315e+02	 5.9112e+03
 3.3750e+02	 5.8954e+03	 6.1854e+00	 1.8607e-01	 3.3315e+02	 5.9140e+03
 5.0625e+02	 5.8954e+03	 6.1470e+00	 1.8966e-01	 3.3315e+02	 5.9164e+03
 7.5938e+02	 5.8954e+03	 6.1082e+00	 1.9986e-01	 3.3315e+02	 5.9190e+03
 1.1391e+03	 5.8954e+03	 6.0672e+00	 2.1822e-01	 3.3315e+02	 5.9241e+03
 1.7086e+03	 5.8954e+03	 6.0229e+00	 2.4608e-01	 3.3315e+02	 5.9267e+03
 2.5629e+03	 5.8954e+03	 5.9726e+00	 2.8589e-01	 3.3315e+02	 5.9293e+03
 3.8443e+03	 5.8954e+03	 5.9128e+00	 3.4077e-01	 3.3315e+02	 5.9318e+03
 5.7665e+03	 5.8954e+03	 5.8390e+00	 4.1377e-01	 3.3315e+02	 5.9344e+03
 8.6498e+03	 5.8954e+03	 5.7427e+00	 5.0803e-01	 3.3315e+02	 5.9369e+03
 1.2975e+04	 5.8954e+03	 5.6105e+00	 6.2249e-01	 3.3315e+02	 5.9397e+03
 1.9462e+04	 5.8954e+03	 5.4285e+00	 7.4732e-01	 3.3315e+02	 5.9422e+03
 2.9193e+04	 5.8954e+03	 5.1854e+00	 8.5809e-01	 3.3315e+02	 5.9450e+03
 4.3789e+04	 5.8954e+03	 4.8934e+00	 9.2195e-01	 3.3315e+02	 5.9474e+03
 6.5684e+04	 5.8954e+03	 4.5864e+00	 9.1827e-01	 3.3315e+02	 5.9499e+03
 9.8526e+04	 5.8954e+03	 4.3129e+00	 8.5516e-01	 3.3315e+02	 5.9525e+03
 1.4779e+05	 5.8954e+03	 4.0789e+00	 7.5790e-01	 3.3315e+02	 5.9550e+03
 2.2168e+05	 5.8954e+03	 3.8952e+00	 6.5425e-01	 3.3316e+02	 5.9578e+03
 3.3253e+05	 5.8954e+03	 3.7510e+00	 5.6135e-01	 3.3315e+02	 5.9602e+03
 4.9879e+05	 5.8954e+03	-1.6467e+00	 4.7159e+01	 3.3315e+02	 5.9630e+03
 7.4818e+05	 5.8954e+03	 3.5824e+00	 3.3034e-01	 3.3315e+02	 5.9698e+03
 9.0000e+05	 5.8954e+03	 3.5462e+00	 2.9990e-01	 3.3316e+02	 5.9774e+03
 1.0000e+02	 5.9746e+03	 6.3093e+00	 2.1048e-01	 3.3315e+02	 5.9854e+03
 1.5000e+02	 5.9746e+03	 6.2631e+00	 1.9684e-01	 3.3316e+02	 5.9879e+03
 2.2500e+02	 5.9746e+03	 6.2242e+00	 1.8832e-01	 3.3315e+02	 5.9903e+03
 3.3750e+02	 5.9746e+03	 6.1854e+00	 1.8555e-01	 3.3315e+02	 5.9930e+03
 5.0625e+02	 5.9746e+03	 6.1472e+00	 1.8890e-01	 3.3315e+02	 5.9954e+03
 7.5938e+02	 5.9746e+03	 6.1084e+00	 1.9920e-01	 3.3316e+02	 5.9980e+03
 1.1391e+03	 5.9746e+03	 6.0677e+00	 2.1744e-01	 3.3315e+02	 6.0030e+03
 1.7086e+03	 5.9746e+03	 6.0236e+00	 2.4533e-01	 3.3315e+02	 6.0057e+03
 2.5629e+03	 5.9746e+03	 5.9733e+00	 2.8501e-01	 3.3315e+02	 6.0082e+03
 3.8443e+03	 5.9746e+03	 5.9138e+00	 3.3967e-01	 3.3315e+02	 6.0109e+03
 5.7665e+03	 5.9746e+03	 5.8404e+00	 4.1258e-01	 3.3315e+02	 6.0133e+03
 8.6498e+03	 5.9746e+03	 5.7444e+00	 5.0643e-01	 3.3315e+02	 6.0160e+03
 1.2975e+04	 5.9746e+03	 5.6130e+00	 6.2064e-01	 3.3315e+02	 6.0186e+03
 1.9462e+04	 5.9746e+03	 5.4314e+00	 7.4583e-01	 3.3315e+02	 6.0212e+03
 2.9193e+04	 5.9746e+03	 5.1893e+00	 8.5720e-01	 3.3315e+02	 6.0240e+03
 4.3789e+04	 5.9746e+03	 4.8975e+00	 9.2193e-01	 3.3315e+02	 6.0267e+03
 6.5684e+04	 5.9746e+03	 4.5898e+00	 9.1898e-01	 3.3315e+02	 6.0292e+03
 9.8526e+04	 5.9746e+03	 4.3156e+00	 8.5605e-01	 3.3315e+02	 6.0320e+03
 1.4779e+05	 5.9746e+03	 4.0811e+00	 7.5875e-01	 3.3315e+02	 6.0345e+03
 2.2168e+05	 5.9746e+03	 3.8973e+00	 6.5486e-01	 3.3315e+02	 6.0373e+03
 3.3253e+05	 5.9746e+03	 3.7530e+00	 5.6193e-01	 3.3315e+02	 6.0398e+03
 4.9879e+05	 5.9746e+03	-1.6504e+00	 4.7183e+01	 3.3316e+02	 6.0424e+03
 7.4818e+05	 5.9746e+03	 3.5838e+00	 3.3369e-01	 3.3315e+02	 6.0489e+03
 9.0000e+05	 5.9746e+03	 3.5482e+00	 2.9792e-01	 3.3315e+02	 6.0566e+03
 1.0000e+02	 6.0539e+03	 6.3089e+00	 2.0997e-01	 3.3315e+02	 6.0650e+03
 1.5000e+02	 6.0539e+03	 6.2664e+00	 1.9457e-01	 3.3315e+02	 6.0674e+03
 2.2500e+02	 6.0539e+03	 6.2244e+00	 1.8765e-01	 3.3315e+02	 6.0702e+03
 3.3750e+02	 6.0539e+03	 6.1856e+00	 1.8504e-01	 3.3315e+02	 6.0728e+03
 5.0625e+02	 6.0539e+03	 6.1477e+00	 1.8867e-01	 3.3315e+02	 6.0755e+03
 7.5938e+02	 6.0539e+03	 6.1087e+00	 1.9882e-01	 3.3315e+02	 6.0781e+03
 1.1391e+03	 6.0539e+03	 6.0683e+00	 2.1703e-01	 3.3315e+02	 6.0831e+03
 1.7086e+03	 6.0539e+03	 6.0242e+00	 2.4466e-01	 3.3315e+02	 6.0856e+03
 2.5629e+03	 6.0539e+03	 5.9744e+00	 2.8435e-01	 3.3315e+02	 6.0882e+03
 3.8443e+03	 6.0539e+03	 5.9149e+00	 3.3871e-01	 3.3316e+02	 6.0906e+03
 5.7665e+03	 6.0539e+03	 5.8416e+00	 4.1131e-01	 3.3316e+02	 6.0931e+03
 8.6498e+03	 6.0539e+03	 5.7462e+00	 5.0490e-01	 3.3316e+02	 6.0958e+03
 1.2975e+04	 6.0539e+03	 5.6154e+00	 6.1888e-01	 3.3315e+02	 6.0982e+03
 1.9462e+04	 6.0539e+03	 5.4349e+00	 7.4406e-01	 3.3315e+02	 6.1011e+03
 2.9193e+04	 6.0539e+03	 5.1933e+00	 8.5617e-01	 3.3316e+02	 6.1037e+03
 4.3789e+04	 6.0539e+03	 4.9017e+00	 9.2185e-01	 3.3316e+02	 6.1064e+03
 6.5684e+04	 6.0539e+03	 4.5938e+00	 9.1981e-01	 3.3316e+02	 6.1088e+03
 9.8526e+04	 6.0539e+03	 4.3190e+00	 8.5733e-01	 3.3315e+02	 6.1115e+03
 1.4779e+05	 6.0539e+03	 4.0839e+00	 7.5994e-01	 3.3316e+02	 6.1139e+03
 2.2168e+05	 6.0539e+03	 3.8993e+00	 6.5576e-01	 3.3315e+02	 6.1165e+03
 3.3253e+05	 6.0539e+03	 3.7551e+00	 5.6260e-01	 3.3316e+02	 6.1191e+03
 4.9879e+05	 6.0539e+03	-1.6548e+00	 4.7208e+01	 3.3315e+02	 6.1218e+03
 7.4818e+05	 6.0539e+03	 3.5860e+00	 3.3147e-01	 3.3315e+02	 6.1285e+03
 9.0000e+05	 6.0539e+03	 3.5498e+00	 2.9922e-01	 3.3315e+02	 6.1363e+03
 1.0000e+02	 6.1336e+03	 6.3088e+00	 2.0930e-01	 3.3315e+02	 6.1445e+03
 1.5000e+02	 6.1336e+03	 6.2648e+00	 1.9511e-01	 3.3315e+02	 6.1469e+03
 2.2500e+02	 6.1336e+03	 6.2244e+00	 1.8717e-01	 3.3315e+02	 6.1494e+03
 3.3750e+02	 6.1336e+03	 6.1857e+00	 1.8453e-01	 3.3315e+02	 6.1519e+03
 5.0625e+02	 6.1336e+03	 6.1480e+00	 1.8817e-01	 3.3315e+02	 6.1544e+03
 7.5938e+02	 6.1336e+03	 6.1092e+00	 1.9831e-01	 3.3315e+02	 6.1572e+03
 1.1391e+03	 6.1336e+03	 6.0689e+00	 2.1672e-01	 3.3316e+02	 6.1621e+03
 1.7086e+03	 6.1336e+03	 6.0250e+00	 2.4423e-01	 3.3315e+02	 6.1647e+03
 2.5629e+03	 6.1336e+03	 5.9749e+00	 2.8366e-01	 3.3315e+02	 6.1672e+03
 3.8443e+03	 6.1336e+03	 5.9156e+00	 3.3773e-01	 3.3315e+02	 6.1697e+03
 5.7665e+03	 6.1336e+03	 5.8427e+00	 4.1013e-01	 3.3315e+02	 6.1724e+03
 8.6498e+03	 6.1336e+03	 5.7476e+00	 5.0354e-01	 3.3315e+02	 6.1752e+03
 1.2975e+04	 6.1336e+03	 5.6173e+00	 6.1748e-01	 3.3315e+02	 6.1777e+03
 1.9462e+04	 6.1336e+03	 5.4372e+00	 7.4269e-01	 3.3315e+02	 6.1805e+03
 2.9193e+04	 6.1336e+03	 5.1965e+00	 8.5530e-01	 3.3315e+02	 6.1831e+03
 4.3789e+04	 6.1336e+03	 4.9048e+00	 9.2179e-01	 3.3315e+02	 6.1856e+03
 6.5684e+04	 6.1336e+03	 4.5970e+00	 9.2034e-01	 3.3315e+02	 6.1880e+03
 9.8526e+04	 6.1336e+03	 4.3214e+00	 8.5814e-01	 3.3315e+02	 6.1906e+03
 1.4779e+05	 6.1336e+03	 4.0859e+00	 7.6064e-01	 3.3315e+02	 6.1932e+03
 2.2168e+05	 6.1336e+03	 3.9012e+00	 6.5639e-01	 3.3315e+02	 6.1958e+03
 3.3253e+05	 6.1336e+03	 3.7567e+00	 5.6305e-01	 3.3314e+02	 6.1985e+03
 4.9879e+05	 6.1336e+03	-1.6571e+00	 4.7228e+01	 3.3315e+02	 6.2012e+03
 7.4818e+05	 6.1336e+03	 3.5873e+00	 3.3274e-01	 3.3315e+02	 6.2078e+03
 9.0000e+05	 6.1336e+03	 3.5515e+00	 2.9792e-01	 3.3315e+02	 6.2154e+03
 1.0000e+02	 6.2127e+03	 6.3085e+00	 2.0884e-01	 3.3315e+02	 6.2233e+03
 1.5000e+02	 6.2127e+03	 6.2646e+00	 1.9471e-01	 3.3315e+02	 6.2260e+03
 2.2500e+02	 6.2127e+03	 6.2243e+00	 1.8658e-01	 3.3315e+02	 6.2284e+03
 3.3750e+02	 6.2127e+03	 6.1859e+00	 1.8422e-01	 3.3315e+02	 6.2313e+03
 5.0625e+02	 6.2127e+03	 6.1479e+00	 1.8761e-01	 3.3315e+02	 6.2338e+03
 7.5938e+02	 6.2127e+03	 6.1097e+00	 1.9797e-01	 3.3315e+02	 6.2363e+03
 1.1391e+03	 6.2127e+03	 6.0692e+00	 2.1625e-01	 3.3315e+02	 6.2412e+03
 1.7086e+03	 6.2127e+03	 6.0256e+00	 2.4343e-01	 3.3315e+02	 6.2440e+03
 2.5629e+03	 6.2127e+03	 5.9757e+00	 2.8303e-01	 3.3315e+02	 6.2466e+03
 3.8443e+03	 6.2127e+03	 5.9165e+00	 3.3704e-01	 3.3315e+02	 6.2492e+03
 5.7665e+03	 6.2127e+03	 5.8437e+00	 4.0906e-01	 3.3315e+02	 6.2517e+03
 8.6498e+03	 6.2127e+03	 5.7489e+00	 5.0227e-01	 3.3315e+02	 6.2542e+03
 1.2975e+04	 6.2127e+03	 5.6193e+00	 6.1592e-01	 3.3314e+02	 6.2568e+03
 1.9462e+04	 6.2127e+03	 5.4402e+00	 7.4132e-01	 3.3315e+02	 6.2594e+03
 2.9193e+04	 6.2127e+03	 5.1999e+00	 8.5461e-01	 3.3315e+02	 6.2620e+03
 4.3789e+04	 6.2127e+03	 4.9087e+00	 9.2186e-01	 3.3315e+02	 6.2644e+03
 6.5684e+04	 6.2127e+03	 4.6002e+00	 9.2111e-01	 3.3315e+02	 6.2669e+03
 9.8526e+04	 6.2127e+03	 4.3243e+00	 8.5905e-01	 3.3315e+02	 6.2696e+03
 1.4779e+05	 6.2127e+03	 4.0882e+00	 7.6148e-01	 3.3315e+02	 6.2721e+03
 2.2168e+05	 6.2127e+03	 3.9033e+00	 6.5716e-01	 3.3314e+02	 6.2748e+03
 3.3253e+05	 6.2127e+03	 3.7587e+00	 5.6372e-01	 3.3315e+02	 6.2772e+03
 4.9879e+05	 6.2127e+03	-1.6612e+00	 4.7251e+01	 3.3315e+02	 6.2800e+03
 7.4818e+05	 6.2127e+03	 3.5895e+00	 3.3016e-01	 3.3315e+02	 6.2865e+03
 9.0000e+05	 6.2127e+03	 3.5531e+00	 2.9928e-01	 3.3315e+02	 6.2944e+03
 1.0000e+02	 6.2916e+03	 6.3085e+00	 2.0845e-01	 3.3315e+02	 6.3026e+03
 1.5000e+02	 6.2916e+03	 6.2675e+00	 1.9232e-01	 3.3315e+02	 6.3051e+03
 2.2500e+02	 6.2916e+03	 6.2245e+00	 1.8617e-01	 3.3315e+02	 6.3077e+03
 3.3750e+02	 6.2916e+03	 6.1861e+00	 1.8358e-01	 3.3315e+02	 6.3103e+03
 5.0625e+02	 6.2916e+03	 6.1486e+00	 1.8702e-01	 3.3315e+02	 6.3131e+03
 7.5938e+02	 6.2916e+03	 6.1103e+00	 1.9739e-01	 3.3315e+02	 6.3157e+03
 1.1391e+03	 6.2916e+03	 6.0696e+00	 2.1522e-01	 3.3315e+02	 6.3209e+03
 1.7086e+03	 6.2916e+03	 6.0260e+00	 2.4316e-01	 3.3315e+02	 6.3233e+03
 2.5629e+03	 6.2916e+03	 5.9764e+00	 2.8218e-01	 3.3315e+02	 6.3260e+03
 3.8443e+03	 6.2916e+03	 5.9172e+00	 3.3614e-01	 3.3315e+02	 6.3284e+03
 5.7665e+03	 6.2916e+03	 5.8448e+00	 4.0776e-01	 3.3315e+02	 6.3310e+03
 8.6498e+03	 6.2916e+03	 5.7505e+00	 5.0057e-01	 3.3315e+02	 6.3337e+03
 1.2975e+04	 6.2916e+03	 5.6216e+00	 6.1428e-01	 3.3314e+02	 6.3362e+03
 1.9462e+04	 6.2916e+03	 5.4433e+00	 7.3980e-01	 3.3315e+02	 6.3390e+03
 2.9193e+04	 6.2916e+03	 5.2036e+00	 8.5380e-01	 3.3316e+02	 6.3417e+03
 4.3789e+04	 6.2916e+03	 4.9125e+00	 9.2180e-01	 3.3315e+02	 6.3442e+03
 6.5684e+04	 6.2916e+03	 4.6038e+00	 9.2191e-01	 3.3315e+02	 6.3466e+03
 9.8526e+04	 6.2916e+03	 4.3272e+00	 8.6000e-01	 3.3315e+02	 6.3494e+03
 1.4779e+05	 6.2916e+03	 4.0907e+00	 7.6243e-01	 3.3315e+02	 6.3519e+03
 2.2168e+05	 6.2916e+03	 3.9055e+00	 6.5794e-01	 3.3315e+02	 6.3548e+03
 3.3253e+05	 6.2916e+03	 3.7605e+00	 5.6424e-01	 3.3316e+02	 6.3572e+03
 4.9879e+05	 6.2916e+03	-1.6654e+00	 4.7275e+01	 3.3316e+02	 6.3602e+03
 7.4818e+05	 6.2916e+03	 3.5915e+00	 3.2898e-01	 3.3315e+02	 6.3668e+03
 9.0000e+05	 6.2916e+03	 3.5546e+00	 3.0055e-01	 3.3315e+02	 6.3744e+03
 1.0000e+02	 6.3716e+03	 6.3082e+00	 2.0761e-01	 3.3315e+02	 6.3824e+03
 1.5000e+02	 6.3716e+03	 6.2702e+00	 1.9242e-01	 3.3315e+02	 6.3849e+03
 2.2500e+02	 6.3716e+03	 6.2247e+00	 1.8559e-01	 3.3315e+02	 6.3873e+03
 3.3750e+02	 6.3716e+03	 6.1865e+00	 1.8323e-01	 3.3315e+02	 6.3899e+03
 5.0625e+02	 6.3716e+03	 6.1486e+00	 1.8669e-01	 3.3315e+02	 6.3924e+03
 7.5938e+02	 6.3716e+03	 6.1104e+00	 1.9689e-01	 3.3316e+02	 6.3952e+03
 1.1391e+03	 6.3716e+03	 6.0700e+00	 2.1491e-01	 3.3315e+02	 6.4001e+03
 1.7086e+03	 6.3716e+03	 6.0267e+00	 2.4262e-01	 3.3315e+02	 6.4027e+03
 2.5629e+03	 6.3716e+03	 5.9769e+00	 2.8154e-01	 3.3315e+02	 6.4052e+03
 3.8443e+03	 6.3716e+03	 5.9179e+00	 3.3519e-01	 3.3315e+02	 6.4080e+03
 5.7665e+03	 6.3716e+03	 5.8458e+00	 4.0671e-01	 3.3316e+02	 6.4104e+03
 8.6498e+03	 6.3716e+03	 5.7518e+00	 4.9934e-01	 3.3315e+02	 6.4133e+03
 1.2975e+04	 6.3716e+03	 5.6236e+00	 6.1275e-01	 3.3316e+02	 6.4158e+03
 1.9462e+04	 6.3716e+03	 5.4458e+00	 7.3832e-01	 3.3315e+02	 6.4187e+03
 2.9193e+04	 6.3716e+03	 5.2070e+00	 8.5274e-01	 3.3315e+02	 6.4212e+03
 4.3789e+04	 6.3716e+03	 4.9161e+00	 9.2178e-01	 3.3315e+02	 6.4240e+03
 6.5684e+04	 6.3716e+03	 4.6069e+00	 9.2238e-01	 3.3316e+02	 6.4266e+03
 9.8526e+04	 6.3716e+03	 4.3298e+00	 8.6095e-01	 3.3315e+02	 6.4292e+03
 1.4779e+05	 6.3716e+03	 4.0928e+00	 7.6332e-01	 3.3315e+02	 6.4318e+03
 2.2168e+05	 6.3716e+03	 3.9074e+00	 6.5859e-01	 3.3315e+02	 6.4345e+03
 3.3253e+05	 6.3716e+03	 3.7623e+00	 5.6479e-01	 3.3315e+02	 6.4370e+03
 4.9879e+05	 6.3716e+03	-1.6700e+00	 4.7297e+01	 3.3314e+02	 6.4397e+03
 7.4818e+05	 6.3716e+03	 3.5924e+00	 3.3394e-01	 3.3315e+02	 6.4462e+03
 9.0000e+05	 6.3716e+03	 3.5559e+00	 3.0321e-01	 3.3315e+02	 6.4539e+03
 1.0000e+02	 6.4511e+03	 6.3078e+00	 2.0722e-01	 3.3315e+02	 6.4618e+03
 1.5000e+02	 6.4511e+03	 6.2629e+00	 1.9932e-01	 3.3315e+02	 6.4645e+03
 2.2500e+02	 6.4511e+03	 6.2244e+00	 1.8531e-01	 3.3315e+02	 6.4669e+03
 3.3750e+02	 6.4511e+03	 6.1866e+00	 1.8269e-01	 3.3315e+02	 6.4694e+03
 5.0625e+02	 6.4511e+03	 6.1489e+00	 1.8602e-01	 3.3315e+02	 6.4720e+03
 7.5938e+02	 6.4511e+03	 6.1109e+00	 1.9657e-01	 3.3315e+02	 6.4745e+03
 1.1391e+03	 6.4511e+03	 6.0704e+00	 2.1429e-01	 3.3315e+02	 6.4797e+03
 1.7086e+03	 6.4511e+03	 6.0274e+00	 2.4137e-01	 3.3315e+02	 6.4825e+03
 2.5629e+03	 6.4511e+03	 5.9774e+00	 2.8083e-01	 3.3315e+02	 6.4851e+03
 3.8443e+03	 6.4511e+03	 5.9188e+00	 3.3440e-01	 3.3315e+02	 6.4877e+03
 5.7665e+03	 6.4511e+03	 5.8467e+00	 4.0574e-01	 3.3315e+02	 6.4903e+03
 8.6498e+03	 6.4511e+03	 5.7531e+00	 4.9803e-01	 3.3315e+02	 6.4930e+03
 1.2975e+04	 6.4511e+03	 5.6254e+00	 6.1142e-01	 3.3315e+02	 6.4955e+03
 1.9462e+04	 6.4511e+03	 5.4486e+00	 7.3694e-01	 3.3315e+02	 6.4981e+03
 2.9193e+04	 6.4511e+03	 5.2102e+00	 8.5177e-01	 3.3315e+02	 6.5006e+03
 4.3789e+04	 6.4511e+03	 4.9194e+00	 9.2165e-01	 3.3315e+02	 6.5031e+03
 6.5684e+04	 6.4511e+03	 4.6102e+00	 9.2296e-01	 3.3315e+02	 6.5058e+03
 9.8526e+04	 6.4511e+03	 4.3326e+00	 8.6176e-01	 3.3315e+02	 6.5083e+03
 1.4779e+05	 6.4511e+03	 4.0951e+00	 7.6415e-01	 3.3314e+02	 6.5108e+03
 2.2168e+05	 6.4511e+03	 3.9093e+00	 6.5930e-01	 3.3315e+02	 6.5134e+03
 3.3253e+05	 6.4511e+03	 3.7640e+00	 5.6521e-01	 3.3315e+02	 6.5159e+03
 4.9879e+05	 6.4511e+03	-1.6739e+00	 4.7319e+01	 3.3315e+02	 6.5188e+03
 7.4818e+05	 6.4511e+03	 3.5945e+00	 3.3103e-01	 3.3315e+02	 6.5253e+03
 9.0000e+05	 6.4511e+03	 3.5578e+00	 3.0089e-01	 3.3315e+02	 6.5330e+03
 1.0000e+02	 6.5302e+03	 6.3077e+00	 2.0694e-01	 3.3315e+02	 6.5412e+03
 1.5000e+02	 6.5302e+03	 6.2618e+00	 1.8862e-01	 3.3315e+02	 6.5436e+03
 2.2500e+02	 6.5302e+03	 6.2248e+00	 1.8485e-01	 3.3315e+02	 6.5463e+03
 3.3750e+02	 6.5302e+03	 6.1866e+00	 1.8218e-01	 3.3315e+02	 6.5489e+03
 5.0625e+02	 6.5302e+03	 6.1492e+00	 1.8574e-01	 3.3315e+02	 6.5513e+03
 7.5938e+02	 6.5302e+03	 6.1114e+00	 1.9606e-01	 3.3316e+02	 6.5539e+03
 1.1391e+03	 6.5302e+03	 6.0712e+00	 2.1396e-01	 3.3315e+02	 6.5592e+03
 1.7086e+03	 6.5302e+03	 6.0279e+00	 2.4110e-01	 3.3315e+02	 6.5616e+03
 2.5629e+03	 6.5302e+03	 5.9783e+00	 2.8039e-01	 3.3316e+02	 6.5646e+03
 3.8443e+03	 6.5302e+03	 5.9196e+00	 3.3348e-01	 3.3315e+02	 6.5670e+03
 5.7665e+03	 6.5302e+03	 5.8479e+00	 4.0461e-01	 3.3316e+02	 6.5699e+03
 8.6498e+03	 6.5302e+03	 5.7546e+00	 4.9668e-01	 3.3316e+02	 6.5725e+03
 1.2975e+04	 6.5302e+03	 5.6275e+00	 6.0970e-01	 3.3315e+02	 6.5752e+03
 1.9462e+04	 6.5302e+03	 5.4512e+00	 7.3550e-01	 3.3315e+02	 6.5778e+03
 2.9193e+04	 6.5302e+03	 5.2136e+00	 8.5090e-01	 3.3315e+02	 6.5805e+03
 4.3789e+04	 6.5302e+03	 4.9232e+00	 9.2147e-01	 3.3315e+02	 6.5830e+03
 6.5684e+04	 6.5302e+03	 4.6136e+00	 9.2361e-01	 3.3315e+02	 6.5854e+03
 9.8526e+04	 6.5302e+03	 4.3353e+00	 8.6267e-01	 3.3315e+02	 6.5881e+03
 1.4779e+05	 6.5302e+03	 4.0974e+00	 7.6513e-01	 3.3315e+02	 6.5906e+03
 2.2168e+05	 6.5302e+03	 3.9113e+00	 6.6002e-01	 3.3315e+02	 6.5932e+03
 3.3253e+05	 6.5302e+03	 3.7659e+00	 5.6585e-01	 3.3315e+02	 6.5957e+03
 4.9879e+05	 6.5302e+03	-1.6761e+00	 4.7340e+01	 3.3315e+02	 6.5985e+03
 7.4818e+05	 6.5302e+03	 3.5962e+00	 3.3093e-01	 3.3315e+02	 6.6050e+03
 9.0000e+05	 6.5302e+03	 3.5598e+00	 2.9827e-01	 3.3315e+02	 6.6128e+03
 1.0000e+02	 6.6101e+03	 6.3075e+00	 2.0618e-01	 3.3315e+02	 6.6210e+03
 1.5000e+02	 6.6101e+03	 6.2638e+00	 1.9341e-01	 3.3315e+02	 6.6234e+03
 2.2500e+02	 6.6101e+03	 6.2246e+00	 1.8437e-01	 3.3315e+02	 6.6258e+03
 3.3750e+02	 6.6101e+03	 6.1868e+00	 1.8188e-01	 3.3315e+02	 6.6285e+03
 5.0625e+02	 6.6101e+03	 6.1494e+00	 1.8547e-01	 3.3315e+02	 6.6309e+03
 7.5938e+02	 6.6101e+03	 6.1115e+00	 1.9572e-01	 3.3315e+02	 6.6337e+03
 1.1391e+03	 6.6101e+03	 6.0715e+00	 2.1335e-01	 3.3315e+02	 6.6386e+03
 1.7086e+03	 6.6101e+03	 6.0282e+00	 2.4080e-01	 3.3315e+02	 6.6412e+03
 2.5629e+03	 6.6101e+03	 5.9790e+00	 2.7960e-01	 3.3315e+02	 6.6438e+03
 3.8443e+03	 6.6101e+03	 5.9203e+00	 3.3280e-01	 3.3316e+02	 6.6465e+03
 5.7665e+03	 6.6101e+03	 5.8487e+00	 4.0369e-01	 3.3315e+02	 6.6490e+03
 8.6498e+03	 6.6101e+03	 5.7558e+00	 4.9540e-01	 3.3315e+02	 6.6518e+03
 1.2975e+04	 6.6101e+03	 5.6291e+00	 6.0833e-01	 3.3315e+02	 6.6543e+03
 1.9462e+04	 6.6101e+03	 5.4535e+00	 7.3416e-01	 3.3315e+02	 6.6572e+03
 2.9193e+04	 6.6101e+03	 5.2169e+00	 8.5016e-01	 3.3315e+02	 6.6598e+03
 4.3789e+04	 6.6101e+03	 4.9264e+00	 9.2141e-01	 3.3315e+02	 6.6625e+03
 6.5684e+04	 6.6101e+03	 4.6166e+00	 9.2416e-01	 3.3315e+02	 6.6651e+03
 9.8526e+04	 6.6101e+03	 4.3376e+00	 8.6348e-01	 3.3315e+02	 6.6680e+03
 1.4779e+05	 6.6101e+03	 4.0993e+00	 7.6573e-01	 3.3315e+02	 6.6704e+03
 2.2168e+05	 6.6101e+03	 3.9130e+00	 6.6059e-01	 3.3315e+02	 6.6733e+03
 3.3253e+05	 6.6101e+03	 3.7675e+00	 5.6625e-01	 3.3315e+02	 6.6758e+03
 4.9879e+05	 6.6101e+03	-1.6786e+00	 4.7361e+01	 3.3315e+02	 6.6785e+03
 7.4818e+05	 6.6101e+03	 3.5975e+00	 3.3252e-01	 3.3315e+02	 6.6849e+03
 9.0000e+05	 6.6101e+03	 3.5609e+00	 3.0151e-01	 3.3314e+02	 6.6926e+03
 1.0000e+02	 6.6899e+03	 6.3071e+00	 2.0565e-01	 3.3315e+02	 6.7005e+03
 1.5000e+02	 6.6899e+03	 6.2643e+00	 1.9239e-01	 3.3315e+02	 6.7032e+03
 2.2500e+02	 6.6899e+03	 6.2246e+00	 1.8387e-01	 3.3315e+02	 6.7057e+03
 3.3750e+02	 6.6899e+03	 6.1869e+00	 1.8121e-01	 3.3315e+02	 6.7082e+03
 5.0625e+02	 6.6899e+03	 6.1499e+00	 1.8490e-01	 3.3315e+02	 6.7107e+03
 7.5938e+02	 6.6899e+03	 6.1119e+00	 1.9530e-01	 3.3315e+02	 6.7137e+03
 1.1391e+03	 6.6899e+03	 6.0717e+00	 2.1290e-01	 3.3315e+02	 6.7190e+03
 1.7086e+03	 6.6899e+03	 6.0285e+00	 2.4040e-01	 3.3315e+02	 6.7214e+03
 2.5629e+03	 6.6899e+03	 5.9794e+00	 2.7906e-01	 3.3315e+02	 6.7242e+03
 3.8443e+03	 6.6899e+03	 5.9210e+00	 3.3198e-01	 3.3315e+02	 6.7267e+03
 5.7665e+03	 6.6899e+03	 5.8494e+00	 4.0267e-01	 3.3315e+02	 6.7291e+03
 8.6498e+03	 6.6899e+03	 5.7571e+00	 4.9423e-01	 3.3315e+02	 6.7317e+03
 1.2975e+04	 6.6899e+03	 5.6310e+00	 6.0700e-01	 3.3315e+02	 6.7342e+03
 1.9462e+04	 6.6899e+03	 5.4562e+00	 7.3303e-01	 3.3315e+02	 6.7368e+03
 2.9193e+04	 6.6899e+03	 5.2198e+00	 8.4918e-01	 3.3315e+02	 6.7393e+03
 4.3789e+04	 6.6899e+03	 4.9297e+00	 9.2138e-01	 3.3315e+02	 6.7418e+03
 6.5684e+04	 6.6899e+03	 4.6193e+00	 9.2468e-01	 3.3315e+02	 6.7442e+03
 9.8526e+04	 6.6899e+03	 4.3401e+00	 8.6434e-01	 3.3315e+02	 6.7468e+03
 1.4779e+05	 6.6899e+03	 4.1013e+00	 7.6650e-01	 3.3315e+02	 6.7492e+03
 2.2168e+05	 6.6899e+03	 3.9148e+00	 6.6120e-01	 3.3315e+02	 6.7517e+03
 3.3253e+05	 6.6899e+03	 3.7691e+00	 5.6664e-01	 3.3315e+02	 6.7542e+03
 4.9879e+05	 6.6899e+03	-1.6803e+00	 4.7379e+01	 3.3315e+02	 6.7569e+03
 7.4818e+05	 6.6899e+03	 3.5992e+00	 3.3111e-01	 3.3315e+02	 6.7634e+03
 9.0000e+05	 6.6899e+03	 3.5627e+00	 3.0048e-01	 3.3315e+02	 6.7711e+03
 1.0000e+02	 6.7684e+03	 6.3070e+00	 2.0509e-01	 3.3316e+02	 6.7790e+03
 1.5000e+02	 6.7684e+03	 6.2645e+00	 1.9162e-01	 3.3315e+02	 6.7816e+03
 2.2500e+02	 6.7684e+03	 6.2248e+00	 1.8351e-01	 3.3315e+02	 6.7841e+03
 3.3750e+02	 6.7684e+03	 6.1872e+00	 1.8095e-01	 3.3315e+02	 6.7867e+03
 5.0625e+02	 6.7684e+03	 6.1500e+00	 1.8443e-01	 3.3315e+02	 6.7892e+03
 7.5938e+02	 6.7684e+03	 6.1120e+00	 1.9477e-01	 3.3315e+02	 6.7920e+03
 1.1391e+03	 6.7684e+03	 6.0722e+00	 2.1269e-01	 3.3315e+02	 6.7971e+03
 1.7086e+03	 6.7684e+03	 6.0291e+00	 2.3994e-01	 3.3315e+02	 6.7996e+03
 2.5629e+03	 6.7684e+03	 5.9801e+00	 2.7849e-01	 3.3315e+02	 6.8022e+03
 3.8443e+03	 6.7684e+03	 5.9217e+00	 3.3128e-01	 3.3315e+02	 6.8049e+03
 5.7665e+03	 6.7684e+03	 5.8504e+00	 4.0176e-01	 3.3315e+02	 6.8074e+03
 8.6498e+03	 6.7684e+03	 5.7582e+00	 4.9310e-01	 3.3315e+02	 6.8100e+03
 1.2975e+04	 6.7684e+03	 5.6326e+00	 6.0561e-01	 3.3314e+02	 6.8125e+03
 1.9462e+04	 6.7684e+03	 5.4583e+00	 7.3167e-01	 3.3315e+02	 6.8151e+03
 2.9193e+04	 6.7684e+03	 5.2226e+00	 8.4857e-01	 3.3315e+02	 6.8177e+03
 4.3789e+04	 6.7684e+03	 4.9326e+00	 9.2118e-01	 3.3315e+02	 6.8202e+03
 6.5684e+04	 6.7684e+03	 4.6221e+00	 9.2514e-01	 3.3315e+02	 6.8230e+03
 9.8526e+04	 6.7684e+03	 4.3424e+00	 8.6502e-01	 3.3315e+02	 6.8257e+03
 1.4779e+05	 6.7684e+03	 4.1032e+00	 7.6709e-01	 3.3315e+02	 6.8284e+03
 2.2168e+05	 6.7684e+03	 3.9162e+00	 6.6158e-01	 3.3315e+02	 6.8310e+03
 3.3253e+05	 6.7684e+03	 3.7707e+00	 5.6704e-01	 3.3315e+02	 6.8337e+03
 4.9879e+05	 6.7684e+03	-1.6838e+00	 4.7397e+01	 3.3315e+02	 6.8364e+03
 7.4818e+05	 6.7684e+03	 3.6003e+00	 3.3538e-01	 3.3316e+02	 6.8432e+03
 9.0000e+05	 6.7684e+03	 3.5641e+00	 3.0119e-01	 3.3315e+02	 6.8510e+03
 1.0000e+02	 6.8482e+03	 6.3067e+00	 2.0468e-01	 3.3315e+02	 6.8592e+03
 1.5000e+02	 6.8482e+03	 6.2638e+00	 1.9129e-01	 3.3314e+02	 6.8617e+03
 2.2500e+02	 6.8482e+03	 6.2245e+00	 1.8280e-01	 3.3314e+02	 6.8645e+03
 3.3750e+02	 6.8482e+03	 6.1870e+00	 1.8058e-01	 3.3315e+02	 6.8670e+03
 5.0625e+02	 6.8482e+03	 6.1499e+00	 1.8417e-01	 3.3314e+02	 6.8698e+03
 7.5938e+02	 6.8482e+03	 6.1124e+00	 1.9439e-01	 3.3315e+02	 6.8723e+03
 1.1391e+03	 6.8482e+03	 6.0725e+00	 2.1201e-01	 3.3315e+02	 6.8774e+03
 1.7086e+03	 6.8482e+03	 6.0295e+00	 2.3935e-01	 3.3315e+02	 6.8799e+03
 2.5629e+03	 6.8482e+03	 5.9803e+00	 2.7806e-01	 3.3315e+02	 6.8826e+03
 3.8443e+03	 6.8482e+03	 5.9222e+00	 3.3052e-01	 3.3315e+02	 6.8851e+03
 5.7665e+03	 6.8482e+03	 5.8512e+00	 4.0078e-01	 3.3315e+02	 6.8877e+03
 8.6498e+03	 6.8482e+03	 5.7593e+00	 4.9187e-01	 3.3315e+02	 6.8903e+03
 1.2975e+04	 6.8482e+03	 5.6341e+00	 6.0449e-01	 3.3315e+02	 6.8928e+03
 1.9462e+04	 6.8482e+03	 5.4608e+00	 7.3043e-01	 3.3314e+02	 6.8954e+03
 2.9193e+04	 6.8482e+03	 5.2253e+00	 8.4752e-01	 3.3315e+02	 6.8979e+03
 4.3789e+04	 6.8482e+03	 4.9358e+00	 9.2112e-01	 3.3315e+02	 6.9007e+03
 6.5684e+04	 6.8482e+03	 4.6252e+00	 9.2560e-01	 3.3315e+02	 6.9032e+03
 9.8526e+04	 6.8482e+03	 4.3449e+00	 8.6594e-01	 3.3315e+02	 6.9060e+03
 1.4779e+05	 6.8482e+03	 4.1053e+00	 7.6794e-01	 3.3315e+02	 6.9084e+03
 2.2168e+05	 6.8482e+03	 3.9182e+00	 6.6234e-01	 3.3315e+02	 6.9111e+03
 3.3253e+05	 6.8482e+03	 3.7724e+00	 5.6753e-01	 3.3315e+02	 6.9137e+03
 4.9879e+05	 6.8482e+03	-1.6853e+00	 4.7418e+01	 3.3315e+02	 6.9164e+03
 7.4818e+05	 6.8482e+03	 3.6017e+00	 3.3584e-01	 3.3315e+02	 6.9232e+03
 9.0000e+05	 6.8482e+03	 3.5656e+00	 3.0127e-01	 3.3316e+02	 6.9311e+03
 1.0000e+02	 6.9283e+03	 6.3064e+00	 2.0436e-01	 3.3316e+02	 6.9391e+03
 1.5000e+02	 6.9283e+03	 6.2642e+00	 1.9064e-01	 3.3316e+02	 6.9416e+03
 2.2500e+02	 6.9283e+03	 6.2247e+00	 1.8256e-01	 3.3315e+02	 6.9442e+03
 3.3750e+02	 6.9283e+03	 6.1872e+00	 1.8020e-01	 3.3316e+02	 6.9469e+03
 5.0625e+02	 6.9283e+03	 6.1503e+00	 1.8369e-01	 3.3315e+02	 6.9498e+03
 7.5938e+02	 6.9283e+03	 6.1126e+00	 1.9402e-01	 3.3316e+02	 6.9523e+03
 1.1391e+03	 6.9283e+03	 6.0731e+00	 2.1197e-01	 3.3315e+02	 6.9575e+03
 1.7086e+03	 6.9283e+03	 6.0300e+00	 2.3890e-01	 3.3315e+02	 6.9602e+03
 2.5629e+03	 6.9283e+03	 5.9810e+00	 2.7747e-01	 3.3316e+02	 6.9628e+03
 3.8443e+03	 6.9283e+03	 5.9230e+00	 3.2978e-01	 3.3315e+02	 6.9655e+03
 5.7665e+03	 6.9283e+03	 5.8520e+00	 3.9991e-01	 3.3315e+02	 6.9680e+03
 8.6498e+03	 6.9283e+03	 5.7605e+00	 4.9074e-01	 3.3315e+02	 6.9708e+03
 1.2975e+04	 6.9283e+03	 5.6359e+00	 6.0279e-01	 3.3315e+02	 6.9732e+03
 1.9462e+04	 6.9283e+03	 5.4632e+00	 7.2897e-01	 3.3315e+02	 6.9758e+03
 2.9193e+04	 6.9283e+03	 5.2287e+00	 8.4654e-01	 3.3316e+02	 6.9784e+03
 4.3789e+04	 6.9283e+03	 4.9394e+00	 9.2091e-01	 3.3315e+02	 6.9809e+03
 6.5684e+04	 6.9283e+03	 4.6283e+00	 9.2615e-01	 3.3315e+02	 6.9835e+03
 9.8526e+04	 6.9283e+03	 4.3476e+00	 8.6666e-01	 3.3315e+02	 6.9861e+03
 1.4779e+05	 6.9283e+03	 4.1074e+00	 7.6884e-01	 3.3316e+02	 6.9887e+03
 2.2168e+05	 6.9283e+03	 3.9201e+00	 6.6294e-01	 3.3315e+02	 6.9914e+03
 3.3253e+05	 6.9283e+03	 3.7739e+00	 5.6801e-01	 3.3315e+02	 6.9939e+03
 4.9879e+05	 6.9283e+03	-1.6885e+00	 4.7439e+01	 3.3315e+02	 6.9967e+03
 7.4818e+05	 6.9283e+03	 3.6036e+00	 3.3526e-01	 3.3315e+02	 7.0031e+03
 9.0000e+05	 6.9283e+03	 3.5672e+00	 3.0088e-01	 3.3316e+02	 7.0108e+03
 1.0000e+02	 7.0080e+03	 6.3062e+00	 2.0365e-01	 3.3315e+02	 7.0189e+03
 1.5000e+02	 7.0080e+03	 6.2634e+00	 1.9085e-01	 3.3315e+02	 7.0213e+03
 2.2500e+02	 7.0080e+03	 6.2246e+00	 1.8211e-01	 3.3316e+02	 7.0240e+03
 3.3750e+02	 7.0080e+03	 6.1872e+00	 1.7972e-01	 3.3315e+02	 7.0266e+03
 5.0625e+02	 7.0080e+03	 6.1506e+00	 1.8320e-01	 3.3315e+02	 7.0291e+03
 7.5938e+02	 7.0080e+03	 6.1131e+00	 1.9371e-01	 3.3315e+02	 7.0317e+03
 1.1391e+03	 7.0080e+03	 6.0735e+00	 2.1147e-01	 3.3315e+02	 7.0368e+03
 1.7086e+03	 7.0080e+03	 6.0305e+00	 2.3845e-01	 3.3315e+02	 7.0392e+03
 2.5629e+03	 7.0080e+03	 5.9816e+00	 2.7676e-01	 3.3316e+02	 7.0418e+03
 3.8443e+03	 7.0080e+03	 5.9235e+00	 3.2917e-01	 3.3315e+02	 7.0445e+03
 5.7665e+03	 7.0080e+03	 5.8529e+00	 3.9900e-01	 3.3315e+02	 7.0469e+03
 8.6498e+03	 7.0080e+03	 5.7617e+00	 4.8961e-01	 3.3315e+02	 7.0497e+03
 1.2975e+04	 7.0080e+03	 5.6376e+00	 6.0154e-01	 3.3315e+02	 7.0522e+03
 1.9462e+04	 7.0080e+03	 5.4656e+00	 7.2781e-01	 3.3316e+02	 7.0550e+03
 2.9193e+04	 7.0080e+03	 5.2316e+00	 8.4570e-01	 3.3316e+02	 7.0576e+03
 4.3789e+04	 7.0080e+03	 4.9427e+00	 9.2077e-01	 3.3316e+02	 7.0603e+03
 6.5684e+04	 7.0080e+03	 4.6311e+00	 9.2665e-01	 3.3315e+02	 7.0628e+03
 9.8526e+04	 7.0080e+03	 4.3497e+00	 8.6748e-01	 3.3316e+02	 7.0653e+03
 1.4779e+05	 7.0080e+03	 4.1092e+00	 7.6943e-01	 3.3315e+02	 7.0679e+03
 2.2168e+05	 7.0080e+03	 3.9215e+00	 6.6343e-01	 3.3315e+02	 7.0704e+03
 3.3253e+05	 7.0080e+03	 3.7754e+00	 5.6834e-01	 3.3316e+02	 7.0731e+03
 4.9879e+05	 7.0080e+03	-1.6899e+00	 4.7457e+01	 3.3315e+02	 7.0757e+03
 7.4818e+05	 7.0080e+03	 3.6053e+00	 3.3195e-01	 3.3315e+02	 7.0822e+03
 9.0000e+05	 7.0080e+03	 3.5684e+00	 3.0140e-01	 3.3314e+02	 7.0902e+03
 1.0000e+02	 7.0875e+03	 6.3061e+00	 2.0322e-01	 3.3315e+02	 7.0983e+03
 1.5000e+02	 7.0875e+03	 6.2647e+00	 1.8968e-01	 3.3315e+02	 7.1009e+03
 2.2500e+02	 7.0875e+03	 6.2247e+00	 1.8176e-01	 3.3315e+02	 7.1034e+03
 3.3750e+02	 7.0875e+03	 6.1873e+00	 1.7926e-01	 3.3315e+02	 7.1060e+03
 5.0625e+02	 7.0875e+03	 6.1507e+00	 1.8300e-01	 3.3315e+02	 7.1086e+03
 7.5938e+02	 7.0875e+03	 6.1134e+00	 1.9308e-01	 3.3315e+02	 7.1111e+03
 1.1391e+03	 7.0875e+03	 6.0736e+00	 2.1067e-01	 3.3315e+02	 7.1162e+03
 1.7086e+03	 7.0875e+03	 6.0309e+00	 2.3809e-01	 3.3315e+02	 7.1190e+03
 2.5629e+03	 7.0875e+03	 5.9820e+00	 2.7621e-01	 3.3315e+02	 7.1216e+03
 3.8443e+03	 7.0875e+03	 5.9242e+00	 3.2852e-01	 3.3315e+02	 7.1240e+03
 5.7665e+03	 7.0875e+03	 5.8535e+00	 3.9834e-01	 3.3315e+02	 7.1267e+03
 8.6498e+03	 7.0875e+03	 5.7625e+00	 4.8854e-01	 3.3315e+02	 7.1292e+03
 1.2975e+04	 7.0875e+03	 5.6388e+00	 6.0045e-01	 3.3315e+02	 7.1319e+03
 1.9462e+04	 7.0875e+03	 5.4673e+00	 7.2655e-01	 3.3315e+02	 7.1344e+03
 2.9193e+04	 7.0875e+03	 5.2341e+00	 8.4490e-01	 3.3315e+02	 7.1372e+03
 4.3789e+04	 7.0875e+03	 4.9452e+00	 9.2065e-01	 3.3315e+02	 7.1396e+03
 6.5684e+04	 7.0875e+03	 4.6336e+00	 9.2710e-01	 3.3315e+02	 7.1421e+03
 9.8526e+04	 7.0875e+03	 4.3520e+00	 8.6824e-01	 3.3315e+02	 7.1448e+03
 1.4779e+05	 7.0875e+03	 4.1111e+00	 7.7017e-01	 3.3315e+02	 7.1472e+03
 2.2168e+05	 7.0875e+03	 3.9232e+00	 6.6397e-01	 3.3316e+02	 7.1498e+03
 3.3253e+05	 7.0875e+03	 3.7771e+00	 5.6871e-01	 3.3316e+02	 7.1522e+03
 4.9879e+05	 7.0875e+03	-1.6932e+00	 4.7477e+01	 3.3315e+02	 7.1549e+03
 7.4818e+05	 7.0875e+03	 3.6061e+00	 3.3680e-01	 3.3315e+02	 7.1615e+03
 9.0000e+05	 7.0875e+03	 3.5696e+00	 3.0516e-01	 3.3315e+02	 7.1692e+03
 1.0000e+02	 7.1665e+03	 6.3057e+00	 2.0294e-01	 3.3315e+02	 7.1770e+03
 1.5000e+02	 7.1665e+03	 6.2642e+00	 1.8842e-01	 3.3315e+02	 7.1797e+03
 2.2500e+02	 7.1665e+03	 6.2247e+00	 1.8116e-01	 3.3315e+02	 7.1822e+03
 3.3750e+02	 7.1665e+03	 6.1875e+00	 1.7897e-01	 3.3316e+02	 7.1848e+03
 5.0625e+02	 7.1665e+03	 6.1507e+00	 1.8237e-01	 3.3315e+02	 7.1873e+03
 7.5938e+02	 7.1665e+03	 6.1136e+00	 1.9291e-01	 3.3315e+02	 7.1899e+03
 1.1391e+03	 7.1665e+03	 6.0740e+00	 2.1072e-01	 3.3315e+02	 7.1950e+03
 1.7086e+03	 7.1665e+03	 6.0312e+00	 2.3772e-01	 3.3316e+02	 7.1974e+03
 2.5629e+03	 7.1665e+03	 5.9825e+00	 2.7576e-01	 3.3315e+02	 7.2001e+03
 3.8443e+03	 7.1665e+03	 5.9248e+00	 3.2799e-01	 3.3316e+02	 7.2026e+03
 5.7665e+03	 7.1665e+03	 5.8544e+00	 3.9726e-01	 3.3315e+02	 7.2053e+03
 8.6498e+03	 7.1665e+03	 5.7637e+00	 4.8756e-01	 3.3315e+02	 7.2079e+03
 1.2975e+04	 7.1665e+03	 5.6403e+00	 5.9929e-01	 3.3315e+02	 7.2103e+03
 1.9462e+04	 7.1665e+03	 5.4695e+00	 7.2537e-01	 3.3315e+02	 7.2129e+03
 2.9193e+04	 7.1665e+03	 5.2366e+00	 8.4402e-01	 3.3315e+02	 7.2154e+03
 4.3789e+04	 7.1665e+03	 4.9480e+00	 9.2036e-01	 3.3315e+02	 7.2181e+03
 6.5684e+04	 7.1665e+03	 4.6362e+00	 9.2750e-01	 3.3315e+02	 7.2206e+03
 9.8526e+04	 7.1665e+03	 4.3541e+00	 8.6877e-01	 3.3315e+02	 7.2232e+03
 1.4779e+05	 7.1665e+03	 4.1127e+00	 7.7082e-01	 3.3316e+02	 7.2257e+03
 2.2168e+05	 7.1665e+03	 3.9247e+00	 6.6437e-01	 3.3315e+02	 7.2285e+03
 3.3253e+05	 7.1665e+03	 3.7784e+00	 5.6907e-01	 3.3315e+02	 7.2310e+03
 4.9879e+05	 7.1665e+03	-1.6937e+00	 4.7495e+01	 3.3315e+02	 7.2338e+03
 7.4818e+05	 7.1665e+03	 3.6071e+00	 3.3959e-01	 3.3315e+02	 7.2402e+03
 9.0000e+05	 7.1665e+03	 3.5719e+00	 2.9784e-01	 3.3315e+02	 7.2479e+03
 1.0000e+02	 7.2452e+03	 6.3054e+00	 2.0258e-01	 3.3315e+02	 7.2563e+03
 1.5000e+02	 7.2452e+03	 6.2644e+00	 1.9157e-01	 3.3315e+02	 7.2587e+03
 2.2500e+02	 7.2452e+03	 6.2244e+00	 1.8077e-01	 3.3314e+02	 7.2611e+03
 3.3750e+02	 7.2452e+03	 6.1875e+00	 1.7862e-01	 3.3315e+02	 7.2638e+03
 5.0625e+02	 7.2452e+03	 6.1510e+00	 1.8249e-01	 3.3314e+02	 7.2662e+03
 7.5938e+02	 7.2452e+03	 6.1135e+00	 1.9241e-01	 3.3315e+02	 7.2690e+03
 1.1391e+03	 7.2452e+03	 6.0745e+00	 2.1008e-01	 3.3314e+02	 7.2742e+03
 1.7086e+03	 7.2452e+03	 6.0316e+00	 2.3703e-01	 3.3315e+02	 7.2767e+03
 2.5629e+03	 7.2452e+03	 5.9827e+00	 2.7540e-01	 3.3315e+02	 7.2795e+03
 3.8443e+03	 7.2452e+03	 5.9252e+00	 3.2734e-01	 3.3315e+02	 7.2819e+03
 5.7665e+03	 7.2452e+03	 5.8550e+00	 3.9672e-01	 3.3315e+02	 7.2844e+03
 8.6498e+03	 7.2452e+03	 5.7644e+00	 4.8660e-01	 3.3315e+02	 7.2871e+03
 1.2975e+04	 7.2452e+03	 5.6415e+00	 5.9799e-01	 3.3314e+02	 7.2896e+03
 1.9462e+04	 7.2452e+03	 5.4712e+00	 7.2435e-01	 3.3315e+02	 7.2921e+03
 2.9193e+04	 7.2452e+03	 5.2390e+00	 8.4336e-01	 3.3315e+02	 7.2949e+03
 4.3789e+04	 7.2452e+03	 4.9507e+00	 9.2017e-01	 3.3315e+02	 7.2974e+03
 6.5684e+04	 7.2452e+03	 4.6387e+00	 9.2783e-01	 3.3315e+02	 7.2999e+03
 9.8526e+04	 7.2452e+03	 4.3562e+00	 8.6954e-01	 3.3315e+02	 7.3025e+03
 1.4779e+05	 7.2452e+03	 4.1145e+00	 7.7129e-01	 3.3316e+02	 7.3052e+03
 2.2168e+05	 7.2452e+03	 3.9261e+00	 6.6482e-01	 3.3315e+02	 7.3079e+03
 3.3253e+05	 7.2452e+03	 3.7798e+00	 5.6932e-01	 3.3315e+02	 7.3107e+03
 4.9879e+05	 7.2452e+03	-1.6949e+00	 4.7512e+01	 3.3315e+02	 7.3134e+03
 7.4818e+05	 7.2452e+03	 3.6093e+00	 3.3390e-01	 3.3315e+02	 7.3199e+03
 9.0000e+05	 7.2452e+03	 3.5727e+00	 3.0219e-01	 3.3315e+02	 7.3277e+03
 1.0000e+02	 7.3249e+03	 6.3050e+00	 2.0195e-01	 3.3315e+02	 7.3358e+03
 1.5000e+02	 7.3249e+03	 6.2621e+00	 1.9083e-01	 3.3315e+02	 7.3383e+03
 2.2500e+02	 7.3249e+03	 6.2248e+00	 1.8060e-01	 3.3315e+02	 7.3408e+03
 3.3750e+02	 7.3249e+03	 6.1875e+00	 1.7820e-01	 3.3315e+02	 7.3434e+03
 5.0625e+02	 7.3249e+03	 6.1511e+00	 1.8181e-01	 3.3315e+02	 7.3459e+03
 7.5938e+02	 7.3249e+03	 6.1139e+00	 1.9221e-01	 3.3315e+02	 7.3486e+03
 1.1391e+03	 7.3249e+03	 6.0747e+00	 2.1010e-01	 3.3315e+02	 7.3535e+03
 1.7086e+03	 7.3249e+03	 6.0321e+00	 2.3699e-01	 3.3315e+02	 7.3562e+03
 2.5629e+03	 7.3249e+03	 5.9835e+00	 2.7483e-01	 3.3315e+02	 7.3588e+03
 3.8443e+03	 7.3249e+03	 5.9258e+00	 3.2674e-01	 3.3315e+02	 7.3615e+03
 5.7665e+03	 7.3249e+03	 5.8556e+00	 3.9591e-01	 3.3315e+02	 7.3639e+03
 8.6498e+03	 7.3249e+03	 5.7654e+00	 4.8569e-01	 3.3315e+02	 7.3667e+03
 1.2975e+04	 7.3249e+03	 5.6428e+00	 5.9694e-01	 3.3315e+02	 7.3692e+03
 1.9462e+04	 7.3249e+03	 5.4731e+00	 7.2317e-01	 3.3315e+02	 7.3718e+03
 2.9193e+04	 7.3249e+03	 5.2414e+00	 8.4260e-01	 3.3315e+02	 7.3744e+03
 4.3789e+04	 7.3249e+03	 4.9533e+00	 9.2004e-01	 3.3315e+02	 7.3768e+03
 6.5684e+04	 7.3249e+03	 4.6412e+00	 9.2840e-01	 3.3315e+02	 7.3795e+03
 9.8526e+04	 7.3249e+03	 4.3582e+00	 8.7010e-01	 3.3315e+02	 7.3821e+03
 1.4779e+05	 7.3249e+03	 4.1160e+00	 7.7183e-01	 3.3315e+02	 7.3845e+03
 2.2168e+05	 7.3249e+03	 3.9276e+00	 6.6521e-01	 3.3315e+02	 7.3871e+03
 3.3253e+05	 7.3249e+03	 3.7812e+00	 5.6959e-01	 3.3315e+02	 7.3896e+03
 4.9879e+05	 7.3249e+03	-1.6954e+00	 4.7530e+01	 3.3315e+02	 7.3925e+03
 7.4818e+05	 7.3249e+03	 3.6108e+00	 3.3301e-01	 3.3315e+02	 7.3991e+03
 9.0000e+05	 7.3249e+03	 3.5744e+00	 2.9997e-01	 3.3315e+02	 7.4067e+03
 1.0000e+02	 7.4039e+03	 6.3051e+00	 2.0162e-01	 3.3315e+02	 7.4148e+03
 1.5000e+02	 7.4039e+03	 6.2628e+00	 1.8729e-01	 3.3315e+02	 7.4172e+03
 2.2500e+02	 7.4039e+03	 6.2244e+00	 1.7999e-01	 3.3315e+02	 7.4200e+03
 3.3750e+02	 7.4039e+03	 6.1875e+00	 1.7783e-01	 3.3314e+02	 7.4227e+03
 5.0625e+02	 7.4039e+03	 6.1513e+00	 1.8135e-01	 3.3315e+02	 7.4254e+03
 7.5938e+02	 7.4039e+03	 6.1141e+00	 1.9175e-01	 3.3315e+02	 7.4279e+03
 1.1391e+03	 7.4039e+03	 6.0748e+00	 2.0955e-01	 3.3315e+02	 7.4331e+03
 1.7086e+03	 7.4039e+03	 6.0323e+00	 2.3626e-01	 3.3315e+02	 7.4357e+03
 2.5629e+03	 7.4039e+03	 5.9837e+00	 2.7445e-01	 3.3315e+02	 7.4384e+03
 3.8443e+03	 7.4039e+03	 5.9263e+00	 3.2625e-01	 3.3315e+02	 7.4410e+03
 5.7665e+03	 7.4039e+03	 5.8563e+00	 3.9512e-01	 3.3314e+02	 7.4435e+03
 8.6498e+03	 7.4039e+03	 5.7663e+00	 4.8481e-01	 3.3315e+02	 7.4461e+03
 1.2975e+04	 7.4039e+03	 5.6442e+00	 5.9583e-01	 3.3315e+02	 7.4487e+03
 1.9462e+04	 7.4039e+03	 5.4751e+00	 7.2203e-01	 3.3314e+02	 7.4512e+03
 2.9193e+04	 7.4039e+03	 5.2439e+00	 8.4161e-01	 3.3315e+02	 7.4540e+03
 4.3789e+04	 7.4039e+03	 4.9560e+00	 9.1982e-01	 3.3315e+02	 7.4564e+03
 6.5684e+04	 7.4039e+03	 4.6436e+00	 9.2868e-01	 3.3314e+02	 7.4589e+03
 9.8526e+04	 7.4039e+03	 4.3601e+00	 8.7067e-01	 3.3315e+02	 7.4615e+03
 1.4779e+05	 7.4039e+03	 4.1177e+00	 7.7255e-01	 3.3315e+02	 7.4639e+03
 2.2168e+05	 7.4039e+03	 3.9290e+00	 6.6558e-01	 3.3315e+02	 7.4667e+03
 3.3253e+05	 7.4039e+03	 3.7825e+00	 5.6984e-01	 3.3315e+02	 7.4692e+03
 4.9879e+05	 7.4039e+03	-1.6962e+00	 4.7546e+01	 3.3314e+02	 7.4720e+03
 7.4818e+05	 7.4039e+03	 3.6122e+00	 3.3239e-01	 3.3315e+02	 7.4785e+03
 9.0000e+05	 7.4039e+03	 3.5753e+00	 3.0157e-01	 3.3315e+02	 7.4862e+03
 1.0000e+02	 7.4835e+03	 6.3047e+00	 2.0119e-01	 3.3315e+02	 7.4945e+03
 1.5000e+02	 7.4835e+03	 6.2615e+00	 1.8854e-01	 3.3315e+02	 7.4969e+03
 2.2500e+02	 7.4835e+03	 6.2244e+00	 1.7976e-01	 3.3316e+02	 7.4997e+03
 3.3750e+02	 7.4835e+03	 6.1876e+00	 1.7735e-01	 3.3315e+02	 7.5022e+03
 5.0625e+02	 7.4835e+03	 6.1514e+00	 1.8105e-01	 3.3315e+02	 7.5050e+03
 7.5938e+02	 7.4835e+03	 6.1145e+00	 1.9148e-01	 3.3315e+02	 7.5076e+03
 1.1391e+03	 7.4835e+03	 6.0754e+00	 2.0912e-01	 3.3316e+02	 7.5127e+03
 1.7086e+03	 7.4835e+03	 6.0327e+00	 2.3604e-01	 3.3315e+02	 7.5151e+03
 2.5629e+03	 7.4835e+03	 5.9844e+00	 2.7404e-01	 3.3315e+02	 7.5178e+03
 3.8443e+03	 7.4835e+03	 5.9270e+00	 3.2558e-01	 3.3315e+02	 7.5202e+03
 5.7665e+03	 7.4835e+03	 5.8570e+00	 3.9450e-01	 3.3315e+02	 7.5227e+03
 8.6498e+03	 7.4835e+03	 5.7672e+00	 4.8384e-01	 3.3315e+02	 7.5254e+03
 1.2975e+04	 7.4835e+03	 5.6454e+00	 5.9466e-01	 3.3315e+02	 7.5279e+03
 1.9462e+04	 7.4835e+03	 5.4767e+00	 7.2091e-01	 3.3315e+02	 7.5307e+03
 2.9193e+04	 7.4835e+03	 5.2462e+00	 8.4093e-01	 3.3315e+02	 7.5332e+03
 4.3789e+04	 7.4835e+03	 4.9587e+00	 9.1961e-01	 3.3315e+02	 7.5360e+03
 6.5684e+04	 7.4835e+03	 4.6461e+00	 9.2913e-01	 3.3315e+02	 7.5384e+03
 9.8526e+04	 7.4835e+03	 4.3624e+00	 8.7130e-01	 3.3316e+02	 7.5410e+03
 1.4779e+05	 7.4835e+03	 4.1193e+00	 7.7308e-01	 3.3315e+02	 7.5436e+03
 2.2168e+05	 7.4835e+03	 3.9305e+00	 6.6603e-01	 3.3315e+02	 7.5462e+03
 3.3253e+05	 7.4835e+03	 3.7839e+00	 5.7013e-01	 3.3315e+02	 7.5489e+03
 4.9879e+05	 7.4835e+03	-1.6976e+00	 4.7564e+01	 3.3315e+02	 7.5515e+03
 7.4818e+05	 7.4835e+03	 3.6133e+00	 3.3382e-01	 3.3315e+02	 7.5582e+03
 9.0000e+05	 7.4835e+03	 3.5764e+00	 3.0509e-01	 3.3315e+02	 7.5659e+03
 1.0000e+02	 7.5632e+03	 6.3042e+00	 2.0084e-01	 3.3315e+02	 7.5738e+03
 1.5000e+02	 7.5632e+03	 6.2642e+00	 1.8601e-01	 3.3315e+02	 7.5765e+03
 2.2500e+02	 7.5632e+03	 6.2242e+00	 1.7929e-01	 3.3315e+02	 7.5789e+03
 3.3750e+02	 7.5632e+03	 6.1877e+00	 1.7702e-01	 3.3315e+02	 7.5817e+03
 5.0625e+02	 7.5632e+03	 6.1514e+00	 1.8087e-01	 3.3315e+02	 7.5842e+03
 7.5938e+02	 7.5632e+03	 6.1146e+00	 1.9104e-01	 3.3315e+02	 7.5868e+03
 1.1391e+03	 7.5632e+03	 6.0755e+00	 2.0909e-01	 3.3315e+02	 7.5919e+03
 1.7086e+03	 7.5632e+03	 6.0329e+00	 2.3563e-01	 3.3315e+02	 7.5945e+03
 2.5629e+03	 7.5632e+03	 5.9848e+00	 2.7352e-01	 3.3316e+02	 7.5971e+03
 3.8443e+03	 7.5632e+03	 5.9274e+00	 3.2491e-01	 3.3315e+02	 7.5995e+03
 5.7665e+03	 7.5632e+03	 5.8577e+00	 3.9374e-01	 3.3315e+02	 7.6022e+03
 8.6498e+03	 7.5632e+03	 5.7681e+00	 4.8290e-01	 3.3315e+02	 7.6048e+03
 1.2975e+04	 7.5632e+03	 5.6466e+00	 5.9370e-01	 3.3315e+02	 7.6074e+03
 1.9462e+04	 7.5632e+03	 5.4784e+00	 7.1973e-01	 3.3315e+02	 7.6100e+03
 2.9193e+04	 7.5632e+03	 5.2486e+00	 8.3997e-01	 3.3314e+02	 7.6125e+03
 4.3789e+04	 7.5632e+03	 4.9612e+00	 9.1936e-01	 3.3315e+02	 7.6151e+03
 6.5684e+04	 7.5632e+03	 4.6486e+00	 9.2944e-01	 3.3315e+02	 7.6176e+03
 9.8526e+04	 7.5632e+03	 4.3641e+00	 8.7210e-01	 3.3315e+02	 7.6202e+03
 1.4779e+05	 7.5632e+03	 4.1210e+00	 7.7360e-01	 3.3315e+02	 7.6226e+03
 2.2168e+05	 7.5632e+03	 3.9319e+00	 6.6654e-01	 3.3315e+02	 7.6252e+03
 3.3253e+05	 7.5632e+03	 3.7850e+00	 5.7034e-01	 3.3315e+02	 7.6279e+03
 4.9879e+05	 7.5632e+03	-1.6983e+00	 4.7580e+01	 3.3315e+02	 7.6307e+03
 7.4818e+05	 7.5632e+03	 3.6141e+00	 3.3766e-01	 3.3316e+02	 7.6374e+03
 9.0000e+05	 7.5632e+03	 3.5794e+00	 2.9157e-01	 3.3315e+02	 7.6451e+03
 1.0000e+02	 7.6423e+03	 6.3043e+00	 2.0020e-01	 3.3315e+02	 7.6532e+03
 1.5000e+02	 7.6423e+03	 6.2608e+00	 1.8860e-01	 3.3314e+02	 7.6556e+03
 2.2500e+02	 7.6423e+03	 6.2241e+00	 1.7888e-01	 3.3315e+02	 7.6581e+03
 3.3750e+02	 7.6423e+03	 6.1876e+00	 1.7668e-01	 3.3315e+02	 7.6607e+03
 5.0625e+02	 7.6423e+03	 6.1517e+00	 1.8049e-01	 3.3314e+02	 7.6631e+03
 7.5938e+02	 7.6423e+03	 6.1148e+00	 1.9066e-01	 3.3315e+02	 7.6659e+03
 1.1391e+03	 7.6423e+03	 6.0758e+00	 2.0847e-01	 3.3314e+02	 7.6710e+03
 1.7086e+03	 7.6423e+03	 6.0334e+00	 2.3529e-01	 3.3315e+02	 7.6736e+03
 2.5629e+03	 7.6423e+03	 5.9849e+00	 2.7307e-01	 3.3315e+02	 7.6762e+03
 3.8443e+03	 7.6423e+03	 5.9276e+00	 3.2461e-01	 3.3315e+02	 7.6789e+03
 5.7665e+03	 7.6423e+03	 5.8581e+00	 3.9312e-01	 3.3315e+02	 7.6813e+03
 8.6498e+03	 7.6423e+03	 5.7688e+00	 4.8204e-01	 3.3314e+02	 7.6839e+03
 1.2975e+04	 7.6423e+03	 5.6478e+00	 5.9266e-01	 3.3315e+02	 7.6864e+03
 1.9462e+04	 7.6423e+03	 5.4803e+00	 7.1878e-01	 3.3315e+02	 7.6892e+03
 2.9193e+04	 7.6423e+03	 5.2508e+00	 8.3927e-01	 3.3315e+02	 7.6918e+03
 4.3789e+04	 7.6423e+03	 4.9634e+00	 9.1928e-01	 3.3315e+02	 7.6945e+03
 6.5684e+04	 7.6423e+03	 4.6508e+00	 9.2973e-01	 3.3315e+02	 7.6970e+03
 9.8526e+04	 7.6423e+03	 4.3660e+00	 8.7258e-01	 3.3315e+02	 7.6999e+03
 1.4779e+05	 7.6423e+03	 4.1225e+00	 7.7414e-01	 3.3316e+02	 7.7024e+03
 2.2168e+05	 7.6423e+03	 3.9332e+00	 6.6688e-01	 3.3315e+02	 7.7053e+03
 3.3253e+05	 7.6423e+03	 3.7865e+00	 5.7063e-01	 3.3315e+02	 7.7078e+03
 4.9879e+05	 7.6423e+03	-1.6993e+00	 4.7597e+01	 3.3315e+02	 7.7107e+03
 7.4818e+05	 7.6423e+03	 3.6161e+00	 3.3374e-01	 3.3316e+02	 7.7172e+03
 9.0000e+05	 7.6423e+03	 3.5793e+00	 3.0195e-01	 3.3316e+02	 7.7249e+03
 1.0000e+02	 7.7221e+03	 6.3039e+00	 1.9992e-01	 3.3315e+02	 7.7330e+03
 1.5000e+02	 7.7221e+03	 6.2623e+00	 1.8934e-01	 3.3315e+02	 7.7354e+03
 2.2500e+02	 7.7221e+03	 6.2241e+00	 1.7857e-01	 3.3315e+02	 7.7379e+03
 3.3750e+02	 7.7221e+03	 6.1878e+00	 1.7633e-01	 3.3314e+02	 7.7404e+03
 5.0625e+02	 7.7221e+03	 6.1517e+00	 1.8013e-01	 3.3315e+02	 7.7429e+03
 7.5938e+02	 7.7221e+03	 6.1150e+00	 1.9062e-01	 3.3314e+02	 7.7455e+03
 1.1391e+03	 7.7221e+03	 6.0760e+00	 2.0827e-01	 3.3315e+02	 7.7507e+03
 1.7086e+03	 7.7221e+03	 6.0336e+00	 2.3509e-01	 3.3315e+02	 7.7532e+03
 2.5629e+03	 7.7221e+03	 5.9854e+00	 2.7271e-01	 3.3315e+02	 7.7558e+03
 3.8443e+03	 7.7221e+03	 5.9284e+00	 3.2423e-01	 3.3315e+02	 7.7583e+03
 5.7665e+03	 7.7221e+03	 5.8588e+00	 3.9242e-01	 3.3315e+02	 7.7608e+03
 8.6498e+03	 7.7221e+03	 5.7698e+00	 4.8112e-01	 3.3315e+02	 7.7635e+03
 1.2975e+04	 7.7221e+03	 5.6491e+00	 5.9171e-01	 3.3315e+02	 7.7660e+03
 1.9462e+04	 7.7221e+03	 5.4817e+00	 7.1770e-01	 3.3315e+02	 7.7686e+03
 2.9193e+04	 7.7221e+03	 5.2529e+00	 8.3847e-01	 3.3315e+02	 7.7712e+03
 4.3789e+04	 7.7221e+03	 4.9659e+00	 9.1915e-01	 3.3315e+02	 7.7736e+03
 6.5684e+04	 7.7221e+03	 4.6531e+00	 9.3000e-01	 3.3314e+02	 7.7764e+03
 9.8526e+04	 7.7221e+03	 4.3679e+00	 8.7314e-01	 3.3315e+02	 7.7789e+03
 1.4779e+05	 7.7221e+03	 4.1239e+00	 7.7472e-01	 3.3315e+02	 7.7817e+03
 2.2168e+05	 7.7221e+03	 3.9345e+00	 6.6728e-01	 3.3315e+02	 7.7843e+03
 3.3253e+05	 7.7221e+03	 3.7878e+00	 5.7081e-01	 3.3315e+02	 7.7869e+03
 4.9879e+05	 7.7221e+03	-1.6991e+00	 4.7614e+01	 3.3315e+02	 7.7896e+03
 7.4818e+05	 7.7221e+03	 3.6171e+00	 3.3468e-01	 3.3315e+02	 7.7961e+03
 9.0000e+05	 7.7221e+03	 3.5803e+00	 3.0464e-01	 3.3315e+02	 7.8039e+03
 1.0000e+02	 7.8012e+03	 6.3037e+00	 1.9953e-01	 3.3315e+02	 7.8116e+03
 1.5000e+02	 7.8012e+03	 6.2619e+00	 1.8871e-01	 3.3315e+02	 7.8145e+03
 2.2500e+02	 7.8012e+03	 6.2245e+00	 1.7829e-01	 3.3315e+02	 7.8171e+03
 3.3750e+02	 7.8012e+03	 6.1880e+00	 1.7604e-01	 3.3315e+02	 7.8197e+03
 5.0625e+02	 7.8012e+03	 6.1522e+00	 1.7976e-01	 3.3315e+02	 7.8222e+03
 7.5938e+02	 7.8012e+03	 6.1154e+00	 1.9015e-01	 3.3315e+02	 7.8247e+03
 1.1391e+03	 7.8012e+03	 6.0763e+00	 2.0799e-01	 3.3315e+02	 7.8297e+03
 1.7086e+03	 7.8012e+03	 6.0341e+00	 2.3448e-01	 3.3315e+02	 7.8324e+03
 2.5629e+03	 7.8012e+03	 5.9858e+00	 2.7227e-01	 3.3315e+02	 7.8351e+03
 3.8443e+03	 7.8012e+03	 5.9288e+00	 3.2357e-01	 3.3315e+02	 7.8377e+03
 5.7665e+03	 7.8012e+03	 5.8594e+00	 3.9170e-01	 3.3315e+02	 7.8402e+03
 8.6498e+03	 7.8012e+03	 5.7705e+00	 4.8030e-01	 3.3316e+02	 7.8430e+03
 1.2975e+04	 7.8012e+03	 5.6501e+00	 5.9048e-01	 3.3315e+02	 7.8454e+03
 1.9462e+04	 7.8012e+03	 5.4837e+00	 7.1653e-01	 3.3315e+02	 7.8482e+03
 2.9193e+04	 7.8012e+03	 5.2552e+00	 8.3766e-01	 3.3315e+02	 7.8508e+03
 4.3789e+04	 7.8012e+03	 4.9685e+00	 9.1880e-01	 3.3315e+02	 7.8535e+03
 6.5684e+04	 7.8012e+03	 4.6554e+00	 9.3050e-01	 3.3315e+02	 7.8559e+03
 9.8526e+04	 7.8012e+03	 4.3698e+00	 8.7369e-01	 3.3315e+02	 7.8585e+03
 1.4779e+05	 7.8012e+03	 4.1255e+00	 7.7520e-01	 3.3316e+02	 7.8609e+03
 2.2168e+05	 7.8012e+03	 3.9358e+00	 6.6758e-01	 3.3315e+02	 7.8635e+03
 3.3253e+05	 7.8012e+03	 3.7889e+00	 5.7109e-01	 3.3315e+02	 7.8662e+03
 4.9879e+05	 7.8012e+03	-1.6999e+00	 4.7629e+01	 3.3315e+02	 7.8689e+03
 7.4818e+05	 7.8012e+03	 3.6190e+00	 3.3044e-01	 3.3315e+02	 7.8754e+03
 9.0000e+05	 7.8012e+03	 3.5820e+00	 3.0079e-01	 3.3315e+02	 7.8832e+03
 1.0000e+02	 7.8804e+03	 6.3034e+00	 1.9912e-01	 3.3314e+02	 7.8913e+03
 1.5000e+02	 7.8804e+03	 6.2638e+00	 1.8511e-01	 3.3315e+02	 7.8939e+03
 2.2500e+02	 7.8804e+03	 6.2239e+00	 1.7797e-01	 3.3315e+02	 7.8963e+03
 3.3750e+02	 7.8804e+03	 6.1879e+00	 1.7566e-01	 3.3315e+02	 7.8989e+03
 5.0625e+02	 7.8804e+03	 6.1522e+00	 1.7953e-01	 3.3315e+02	 7.9014e+03
 7.5938e+02	 7.8804e+03	 6.1155e+00	 1.8975e-01	 3.3315e+02	 7.9040e+03
 1.1391e+03	 7.8804e+03	 6.0765e+00	 2.0766e-01	 3.3315e+02	 7.9091e+03
 1.7086e+03	 7.8804e+03	 6.0343e+00	 2.3426e-01	 3.3315e+02	 7.9116e+03
 2.5629e+03	 7.8804e+03	 5.9860e+00	 2.7174e-01	 3.3315e+02	 7.9142e+03
 3.8443e+03	 7.8804e+03	 5.9291e+00	 3.2308e-01	 3.3315e+02	 7.9167e+03
 5.7665e+03	 7.8804e+03	 5.8599e+00	 3.9117e-01	 3.3314e+02	 7.9192e+03
 8.6498e+03	 7.8804e+03	 5.7712e+00	 4.7961e-01	 3.3315e+02	 7.9220e+03
 1.2975e+04	 7.8804e+03	 5.6512e+00	 5.8963e-01	 3.3315e+02	 7.9244e+03
 1.9462e+04	 7.8804e+03	 5.4848e+00	 7.1567e-01	 3.3315e+02	 7.9271e+03
 2.9193e+04	 7.8804e+03	 5.2570e+00	 8.3697e-01	 3.3315e+02	 7.9297e+03
 4.3789e+04	 7.8804e+03	 4.9708e+00	 9.1855e-01	 3.3315e+02	 7.9324e+03
 6.5684e+04	 7.8804e+03	 4.6575e+00	 9.3074e-01	 3.3315e+02	 7.9349e+03
 9.8526e+04	 7.8804e+03	 4.3714e+00	 8.7434e-01	 3.3315e+02	 7.9375e+03
 1.4779e+05	 7.8804e+03	 4.1270e+00	 7.7572e-01	 3.3315e+02	 7.9400e+03
 2.2168e+05	 7.8804e+03	 3.9370e+00	 6.6802e-01	 3.3315e+02	 7.9427e+03
 3.3253e+05	 7.8804e+03	 3.7902e+00	 5.7136e-01	 3.3315e+02	 7.9453e+03
 4.9879e+05	 7.8804e+03	-1.6999e+00	 4.7644e+01	 3.3316e+02	 7.9481e+03
 7.4818e+05	 7.8804e+03	 3.6200e+00	 3.3170e-01	 3.3316e+02	 7.9545e+03
 9.0000e+05	 7.8804e+03	 3.5836e+00	 2.9884e-01	 3.3315e+02	 7.9621e+03
 1.0000e+02	 7.9594e+03	 6.3032e+00	 1.9877e-01	 3.3315e+02	 7.9700e+03
 1.5000e+02	 7.9594e+03	 6.2617e+00	 1.8541e-01	 3.3315e+02	 7.9727e+03
 2.2500e+02	 7.9594e+03	 6.2242e+00	 1.7752e-01	 3.3315e+02	 7.9752e+03
 3.3750e+02	 7.9594e+03	 6.1878e+00	 1.7538e-01	 3.3315e+02	 7.9778e+03
 5.0625e+02	 7.9594e+03	 6.1525e+00	 1.7908e-01	 3.3315e+02	 7.9803e+03
 7.5938e+02	 7.9594e+03	 6.1157e+00	 1.8941e-01	 3.3315e+02	 7.9828e+03
 1.1391e+03	 7.9594e+03	 6.0768e+00	 2.0762e-01	 3.3315e+02	 7.9878e+03
 1.7086e+03	 7.9594e+03	 6.0347e+00	 2.3402e-01	 3.3315e+02	 7.9905e+03
 2.5629e+03	 7.9594e+03	 5.9865e+00	 2.7150e-01	 3.3315e+02	 7.9931e+03
 3.8443e+03	 7.9594e+03	 5.9295e+00	 3.2256e-01	 3.3315e+02	 7.9959e+03
 5.7665e+03	 7.9594e+03	 5.8606e+00	 3.9066e-01	 3.3315e+02	 7.9984e+03
 8.6498e+03	 7.9594e+03	 5.7720e+00	 4.7875e-01	 3.3315e+02	 8.0012e+03
 1.2975e+04	 7.9594e+03	 5.6522e+00	 5.8875e-01	 3.3314e+02	 8.0038e+03
 1.9462e+04	 7.9594e+03	 5.4866e+00	 7.1470e-01	 3.3315e+02	 8.0065e+03
 2.9193e+04	 7.9594e+03	 5.2591e+00	 8.3619e-01	 3.3315e+02	 8.0091e+03
 4.3789e+04	 7.9594e+03	 4.9729e+00	 9.1832e-01	 3.3315e+02	 8.0117e+03
 6.5684e+04	 7.9594e+03	 4.6595e+00	 9.3106e-01	 3.3315e+02	 8.0144e+03
 9.8526e+04	 7.9594e+03	 4.3732e+00	 8.7468e-01	 3.3315e+02	 8.0170e+03
 1.4779e+05	 7.9594e+03	 4.1282e+00	 7.7626e-01	 3.3316e+02	 8.0196e+03
 2.2168e+05	 7.9594e+03	 3.9382e+00	 6.6818e-01	 3.3315e+02	 8.0221e+03
 3.3253e+05	 7.9594e+03	 3.7913e+00	 5.7150e-01	 3.3315e+02	 8.0247e+03
 4.9879e+05	 7.9594e+03	-1.6992e+00	 4.7659e+01	 3.3315e+02	 8.0274e+03
 7.4818e+05	 7.9594e+03	 3.6209e+00	 3.3400e-01	 3.3315e+02	 8.0338e+03
 9.0000e+05	 7.9594e+03	 3.5843e+00	 3.0324e-01	 3.3315e+02	 8.0417e+03
 1.0000e+02	 8.0389e+03	 6.3029e+00	 1.9821e-01	 3.3315e+02	 8.0495e+03
 1.5000e+02	 8.0389e+03	 6.2611e+00	 1.8499e-01	 3.3315e+02	 8.0523e+03
 2.2500e+02	 8.0389e+03	 6.2243e+00	 1.7731e-01	 3.3315e+02	 8.0547e+03
 3.3750e+02	 8.0389e+03	 6.1881e+00	 1.7514e-01	 3.3315e+02	 8.0575e+03
 5.0625e+02	 8.0389e+03	 6.1525e+00	 1.7889e-01	 3.3315e+02	 8.0599e+03
 7.5938e+02	 8.0389e+03	 6.1159e+00	 1.8920e-01	 3.3315e+02	 8.0625e+03
 1.1391e+03	 8.0389e+03	 6.0771e+00	 2.0733e-01	 3.3315e+02	 8.0676e+03
 1.7086e+03	 8.0389e+03	 6.0351e+00	 2.3358e-01	 3.3315e+02	 8.0702e+03
 2.5629e+03	 8.0389e+03	 5.9870e+00	 2.7130e-01	 3.3315e+02	 8.0728e+03
 3.8443e+03	 8.0389e+03	 5.9299e+00	 3.2230e-01	 3.3315e+02	 8.0752e+03
 5.7665e+03	 8.0389e+03	 5.8610e+00	 3.9005e-01	 3.3315e+02	 8.0779e+03
 8.6498e+03	 8.0389e+03	 5.7725e+00	 4.7823e-01	 3.3315e+02	 8.0804e+03
 1.2975e+04	 8.0389e+03	 5.6532e+00	 5.8778e-01	 3.3315e+02	 8.0831e+03
 1.9462e+04	 8.0389e+03	 5.4878e+00	 7.1383e-01	 3.3315e+02	 8.0856e+03
 2.9193e+04	 8.0389e+03	 5.2608e+00	 8.3560e-01	 3.3316e+02	 8.0885e+03
 4.3789e+04	 8.0389e+03	 4.9750e+00	 9.1816e-01	 3.3316e+02	 8.0909e+03
 6.5684e+04	 8.0389e+03	 4.6615e+00	 9.3139e-01	 3.3315e+02	 8.0934e+03
 9.8526e+04	 8.0389e+03	 4.3748e+00	 8.7528e-01	 3.3315e+02	 8.0961e+03
 1.4779e+05	 8.0389e+03	 4.1296e+00	 7.7674e-01	 3.3315e+02	 8.0986e+03
 2.2168e+05	 8.0389e+03	 3.9395e+00	 6.6854e-01	 3.3316e+02	 8.1013e+03
 3.3253e+05	 8.0389e+03	 3.7925e+00	 5.7166e-01	 3.3315e+02	 8.1038e+03
 4.9879e+05	 8.0389e+03	-1.7010e+00	 4.7675e+01	 3.3315e+02	 8.1065e+03
 7.4818e+05	 8.0389e+03	 3.6218e+00	 3.3672e-01	 3.3316e+02	 8.1130e+03
 9.0000e+05	 8.0389e+03	 3.5855e+00	 3.0172e-01	 3.3316e+02	 8.1209e+03
 1.0000e+02	 8.1181e+03	 6.3028e+00	 1.9792e-01	 3.3315e+02	 8.1290e+03
 1.5000e+02	 8.1181e+03	 6.2618e+00	 1.8486e-01	 3.3315e+02	 8.1315e+03
 2.2500e+02	 8.1181e+03	 6.2239e+00	 1.7694e-01	 3.3315e+02	 8.1342e+03
 3.3750e+02	 8.1181e+03	 6.1879e+00	 1.7460e-01	 3.3315e+02	 8.1368e+03
 5.0625e+02	 8.1181e+03	 6.1524e+00	 1.7853e-01	 3.3315e+02	 8.1395e+03
 7.5938e+02	 8.1181e+03	 6.1162e+00	 1.8890e-01	 3.3315e+02	 8.1421e+03
 1.1391e+03	 8.1181e+03	 6.0774e+00	 2.0667e-01	 3.3315e+02	 8.1471e+03
 1.7086e+03	 8.1181e+03	 6.0352e+00	 2.3347e-01	 3.3315e+02	 8.1496e+03
 2.5629e+03	 8.1181e+03	 5.9871e+00	 2.7091e-01	 3.3315e+02	 8.1524e+03
 3.8443e+03	 8.1181e+03	 5.9304e+00	 3.2188e-01	 3.3315e+02	 8.1548e+03
 5.7665e+03	 8.1181e+03	 5.8614e+00	 3.8949e-01	 3.3315e+02	 8.1575e+03
 8.6498e+03	 8.1181e+03	 5.7732e+00	 4.7733e-01	 3.3315e+02	 8.1601e+03
 1.2975e+04	 8.1181e+03	 5.6542e+00	 5.8703e-01	 3.3315e+02	 8.1627e+03
 1.9462e+04	 8.1181e+03	 5.4892e+00	 7.1287e-01	 3.3315e+02	 8.1654e+03
 2.9193e+04	 8.1181e+03	 5.2629e+00	 8.3490e-01	 3.3316e+02	 8.1682e+03
 4.3789e+04	 8.1181e+03	 4.9772e+00	 9.1799e-01	 3.3315e+02	 8.1707e+03
 6.5684e+04	 8.1181e+03	 4.6634e+00	 9.3168e-01	 3.3315e+02	 8.1731e+03
 9.8526e+04	 8.1181e+03	 4.3764e+00	 8.7574e-01	 3.3315e+02	 8.1759e+03
 1.4779e+05	 8.1181e+03	 4.1307e+00	 7.7706e-01	 3.3316e+02	 8.1783e+03
 2.2168e+05	 8.1181e+03	 3.9406e+00	 6.6880e-01	 3.3315e+02	 8.1810e+03
 3.3253e+05	 8.1181e+03	 3.7935e+00	 5.7175e-01	 3.3315e+02	 8.1835e+03
 4.9879e+05	 8.1181e+03	-1.6985e+00	 4.7688e+01	 3.3315e+02	 8.1862e+03
 7.4818e+05	 8.1181e+03	 3.6232e+00	 3.3467e-01	 3.3315e+02	 8.1929e+03
 9.0000e+05	 8.1181e+03	 3.5866e+00	 3.0393e-01	 3.3315e+02	 8.2008e+03
 1.0000e+02	 8.1981e+03	 6.3026e+00	 1.9764e-01	 3.3315e+02	 8.2090e+03
 1.5000e+02	 8.1981e+03	 6.2611e+00	 1.8256e-01	 3.3315e+02	 8.2115e+03
 2.2500e+02	 8.1981e+03	 6.2239e+00	 1.7642e-01	 3.3315e+02	 8.2142e+03
 3.3750e+02	 8.1981e+03	 6.1880e+00	 1.7446e-01	 3.3315e+02	 8.2168e+03
 5.0625e+02	 8.1981e+03	 6.1527e+00	 1.7824e-01	 3.3315e+02	 8.2195e+03
 7.5938e+02	 8.1981e+03	 6.1160e+00	 1.8868e-01	 3.3315e+02	 8.2221e+03
 1.1391e+03	 8.1981e+03	 6.0774e+00	 2.0662e-01	 3.3315e+02	 8.2273e+03
 1.7086e+03	 8.1981e+03	 6.0354e+00	 2.3288e-01	 3.3315e+02	 8.2300e+03
 2.5629e+03	 8.1981e+03	 5.9874e+00	 2.7054e-01	 3.3315e+02	 8.2326e+03
 3.8443e+03	 8.1981e+03	 5.9307e+00	 3.2135e-01	 3.3315e+02	 8.2350e+03
 5.7665e+03	 8.1981e+03	 5.8618e+00	 3.8904e-01	 3.3315e+02	 8.2377e+03
 8.6498e+03	 8.1981e+03	 5.7737e+00	 4.7669e-01	 3.3314e+02	 8.2402e+03
 1.2975e+04	 8.1981e+03	 5.6549e+00	 5.8621e-01	 3.3315e+02	 8.2429e+03
 1.9462e+04	 8.1981e+03	 5.4902e+00	 7.1205e-01	 3.3315e+02	 8.2455e+03
 2.9193e+04	 8.1981e+03	 5.2641e+00	 8.3451e-01	 3.3315e+02	 8.2480e+03
 4.3789e+04	 8.1981e+03	 4.9789e+00	 9.1781e-01	 3.3314e+02	 8.2505e+03
 6.5684e+04	 8.1981e+03	 4.6650e+00	 9.3185e-01	 3.3315e+02	 8.2529e+03
 9.8526e+04	 8.1981e+03	 4.3777e+00	 8.7612e-01	 3.3315e+02	 8.2555e+03
 1.4779e+05	 8.1981e+03	 4.1318e+00	 7.7743e-01	 3.3315e+02	 8.2580e+03
 2.2168e+05	 8.1981e+03	 3.9415e+00	 6.6891e-01	 3.3315e+02	 8.2608e+03
 3.3253e+05	 8.1981e+03	 3.7945e+00	 5.7177e-01	 3.3315e+02	 8.2632e+03
 4.9879e+05	 8.1981e+03	-1.6974e+00	 4.7701e+01	 3.3315e+02	 8.2659e+03
 7.4818e+05	 8.1981e+03	 3.6240e+00	 3.3649e-01	 3.3315e+02	 8.2725e+03
 9.0000e+05	 8.1981e+03	 3.5874e+00	 3.0534e-01	 3.3314e+02	 8.2802e+03
 1.0000e+02	 8.2775e+03	 6.3021e+00	 1.9726e-01	 3.3315e+02	 8.2881e+03
 1.5000e+02	 8.2775e+03	 6.2602e+00	 1.8338e-01	 3.3315e+02	 8.2907e+03
 2.2500e+02	 8.2775e+03	 6.2239e+00	 1.7629e-01	 3.3315e+02	 8.2932e+03
 3.3750e+02	 8.2775e+03	 6.1880e+00	 1.7411e-01	 3.3315e+02	 8.2959e+03
 5.0625e+02	 8.2775e+03	 6.1528e+00	 1.7780e-01	 3.3315e+02	 8.2984e+03
 7.5938e+02	 8.2775e+03	 6.1163e+00	 1.8835e-01	 3.3315e+02	 8.3012e+03
 1.1391e+03	 8.2775e+03	 6.0782e+00	 2.0634e-01	 3.3316e+02	 8.3062e+03
 1.7086e+03	 8.2775e+03	 6.0359e+00	 2.3280e-01	 3.3315e+02	 8.3087e+03
 2.5629e+03	 8.2775e+03	 5.9878e+00	 2.7029e-01	 3.3315e+02	 8.3112e+03
 3.8443e+03	 8.2775e+03	 5.9313e+00	 3.2090e-01	 3.3315e+02	 8.3140e+03
 5.7665e+03	 8.2775e+03	 5.8626e+00	 3.8851e-01	 3.3315e+02	 8.3164e+03
 8.6498e+03	 8.2775e+03	 5.7744e+00	 4.7610e-01	 3.3315e+02	 8.3192e+03
 1.2975e+04	 8.2775e+03	 5.6560e+00	 5.8531e-01	 3.3315e+02	 8.3217e+03
 1.9462e+04	 8.2775e+03	 5.4919e+00	 7.1121e-01	 3.3315e+02	 8.3245e+03
 2.9193e+04	 8.2775e+03	 5.2663e+00	 8.3369e-01	 3.3315e+02	 8.3271e+03
 4.3789e+04	 8.2775e+03	 4.9811e+00	 9.1762e-01	 3.3315e+02	 8.3295e+03
 6.5684e+04	 8.2775e+03	 4.6671e+00	 9.3213e-01	 3.3315e+02	 8.3322e+03
 9.8526e+04	 8.2775e+03	 4.3794e+00	 8.7665e-01	 3.3315e+02	 8.3348e+03
 1.4779e+05	 8.2775e+03	 4.1333e+00	 7.7788e-01	 3.3315e+02	 8.3374e+03
 2.2168e+05	 8.2775e+03	 3.9427e+00	 6.6928e-01	 3.3315e+02	 8.3401e+03
 3.3253e+05	 8.2775e+03	 3.7956e+00	 5.7192e-01	 3.3315e+02	 8.3429e+03
 4.9879e+05	 8.2775e+03	-1.6970e+00	 4.7715e+01	 3.3315e+02	 8.3455e+03
 7.4818e+05	 8.2775e+03	 3.6251e+00	 3.3752e-01	 3.3315e+02	 8.3520e+03
 9.0000e+05	 8.2775e+03	 3.5887e+00	 3.0527e-01	 3.3314e+02	 8.3600e+03
 1.0000e+02	 8.3572e+03	 6.3022e+00	 1.9690e-01	 3.3314e+02	 8.3684e+03
 1.5000e+02	 8.3572e+03	 6.2612e+00	 1.8352e-01	 3.3315e+02	 8.3709e+03
 2.2500e+02	 8.3572e+03	 6.2239e+00	 1.7588e-01	 3.3315e+02	 8.3735e+03
 3.3750e+02	 8.3572e+03	 6.1882e+00	 1.7383e-01	 3.3315e+02	 8.3761e+03
 5.0625e+02	 8.3572e+03	 6.1528e+00	 1.7773e-01	 3.3315e+02	 8.3786e+03
 7.5938e+02	 8.3572e+03	 6.1167e+00	 1.8812e-01	 3.3315e+02	 8.3812e+03
 1.1391e+03	 8.3572e+03	 6.0781e+00	 2.0573e-01	 3.3315e+02	 8.3862e+03
 1.7086e+03	 8.3572e+03	 6.0360e+00	 2.3256e-01	 3.3315e+02	 8.3889e+03
 2.5629e+03	 8.3572e+03	 5.9882e+00	 2.6977e-01	 3.3315e+02	 8.3917e+03
 3.8443e+03	 8.3572e+03	 5.9315e+00	 3.2044e-01	 3.3315e+02	 8.3942e+03
 5.7665e+03	 8.3572e+03	 5.8629e+00	 3.8785e-01	 3.3315e+02	 8.3967e+03
 8.6498e+03	 8.3572e+03	 5.7751e+00	 4.7538e-01	 3.3315e+02	 8.3994e+03
 1.2975e+04	 8.3572e+03	 5.6569e+00	 5.8456e-01	 3.3315e+02	 8.4022e+03
 1.9462e+04	 8.3572e+03	 5.4933e+00	 7.1022e-01	 3.3316e+02	 8.4048e+03
 2.9193e+04	 8.3572e+03	 5.2682e+00	 8.3289e-01	 3.3315e+02	 8.4076e+03
 4.3789e+04	 8.3572e+03	 4.9832e+00	 9.1742e-01	 3.3315e+02	 8.4100e+03
 6.5684e+04	 8.3572e+03	 4.6691e+00	 9.3233e-01	 3.3315e+02	 8.4124e+03
 9.8526e+04	 8.3572e+03	 4.3811e+00	 8.7707e-01	 3.3315e+02	 8.4151e+03
 1.4779e+05	 8.3572e+03	 4.1345e+00	 7.7828e-01	 3.3315e+02	 8.4176e+03
 2.2168e+05	 8.3572e+03	 3.9437e+00	 6.6961e-01	 3.3315e+02	 8.4202e+03
 3.3253e+05	 8.3572e+03	 3.7968e+00	 5.7216e-01	 3.3315e+02	 8.4227e+03
 4.9879e+05	 8.3572e+03	-1.6961e+00	 4.7730e+01	 3.3315e+02	 8.4254e+03
 7.4818e+05	 8.3572e+03	 3.6260e+00	 3.3795e-01	 3.3315e+02	 8.4320e+03
 9.0000e+05	 8.3572e+03	 3.5895e+00	 3.0619e-01	 3.3316e+02	 8.4398e+03
 1.0000e+02	 8.4370e+03	 6.3019e+00	 1.9597e-01	 3.3316e+02	 8.4478e+03
 1.5000e+02	 8.4370e+03	 6.2618e+00	 1.8404e-01	 3.3315e+02	 8.4503e+03
 2.2500e+02	 8.4370e+03	 6.2237e+00	 1.7562e-01	 3.3315e+02	 8.4528e+03
 3.3750e+02	 8.4370e+03	 6.1880e+00	 1.7348e-01	 3.3315e+02	 8.4554e+03
 5.0625e+02	 8.4370e+03	 6.1526e+00	 1.7741e-01	 3.3316e+02	 8.4579e+03
 7.5938e+02	 8.4370e+03	 6.1167e+00	 1.8781e-01	 3.3316e+02	 8.4605e+03
 1.1391e+03	 8.4370e+03	 6.0782e+00	 2.0555e-01	 3.3315e+02	 8.4656e+03
 1.7086e+03	 8.4370e+03	 6.0364e+00	 2.3210e-01	 3.3315e+02	 8.4682e+03
 2.5629e+03	 8.4370e+03	 5.9884e+00	 2.6952e-01	 3.3315e+02	 8.4708e+03
 3.8443e+03	 8.4370e+03	 5.9319e+00	 3.2002e-01	 3.3316e+02	 8.4735e+03
 5.7665e+03	 8.4370e+03	 5.8632e+00	 3.8736e-01	 3.3316e+02	 8.4759e+03
 8.6498e+03	 8.4370e+03	 5.7757e+00	 4.7469e-01	 3.3315e+02	 8.4788e+03
 1.2975e+04	 8.4370e+03	 5.6577e+00	 5.8350e-01	 3.3315e+02	 8.4812e+03
 1.9462e+04	 8.4370e+03	 5.4943e+00	 7.0920e-01	 3.3316e+02	 8.4840e+03
 2.9193e+04	 8.4370e+03	 5.2698e+00	 8.3221e-01	 3.3315e+02	 8.4866e+03
 4.3789e+04	 8.4370e+03	 4.9853e+00	 9.1711e-01	 3.3315e+02	 8.4891e+03
 6.5684e+04	 8.4370e+03	 4.6709e+00	 9.3265e-01	 3.3314e+02	 8.4917e+03
 9.8526e+04	 8.4370e+03	 4.3824e+00	 8.7757e-01	 3.3315e+02	 8.4942e+03
 1.4779e+05	 8.4370e+03	 4.1357e+00	 7.7873e-01	 3.3315e+02	 8.4969e+03
 2.2168e+05	 8.4370e+03	 3.9448e+00	 6.6986e-01	 3.3315e+02	 8.4995e+03
 3.3253e+05	 8.4370e+03	 3.7977e+00	 5.7211e-01	 3.3315e+02	 8.5020e+03
 4.9879e+05	 8.4370e+03	-1.6967e+00	 4.7744e+01	 3.3315e+02	 8.5048e+03
 7.4818e+05	 8.4370e+03	 3.6276e+00	 3.3549e-01	 3.3315e+02	 8.5112e+03
 9.0000e+05	 8.4370e+03	 3.5909e+00	 3.0374e-01	 3.3315e+02	 8.5192e+03
 1.0000e+02	 8.5165e+03	 6.3015e+00	 1.9603e-01	 3.3316e+02	 8.5270e+03
 1.5000e+02	 8.5165e+03	 6.2612e+00	 1.8353e-01	 3.3315e+02	 8.5295e+03
 2.2500e+02	 8.5165e+03	 6.2235e+00	 1.7528e-01	 3.3315e+02	 8.5321e+03
 3.3750e+02	 8.5165e+03	 6.1880e+00	 1.7324e-01	 3.3315e+02	 8.5347e+03
 5.0625e+02	 8.5165e+03	 6.1529e+00	 1.7729e-01	 3.3315e+02	 8.5375e+03
 7.5938e+02	 8.5165e+03	 6.1165e+00	 1.8744e-01	 3.3315e+02	 8.5401e+03
 1.1391e+03	 8.5165e+03	 6.0785e+00	 2.0524e-01	 3.3314e+02	 8.5452e+03
 1.7086e+03	 8.5165e+03	 6.0366e+00	 2.3174e-01	 3.3315e+02	 8.5477e+03
 2.5629e+03	 8.5165e+03	 5.9885e+00	 2.6918e-01	 3.3315e+02	 8.5504e+03
 3.8443e+03	 8.5165e+03	 5.9321e+00	 3.1984e-01	 3.3315e+02	 8.5529e+03
 5.7665e+03	 8.5165e+03	 5.8636e+00	 3.8698e-01	 3.3314e+02	 8.5554e+03
 8.6498e+03	 8.5165e+03	 5.7761e+00	 4.7414e-01	 3.3314e+02	 8.5580e+03
 1.2975e+04	 8.5165e+03	 5.6584e+00	 5.8302e-01	 3.3315e+02	 8.5607e+03
 1.9462e+04	 8.5165e+03	 5.4955e+00	 7.0862e-01	 3.3315e+02	 8.5633e+03
 2.9193e+04	 8.5165e+03	 5.2711e+00	 8.3171e-01	 3.3315e+02	 8.5660e+03
 4.3789e+04	 8.5165e+03	 4.9868e+00	 9.1693e-01	 3.3315e+02	 8.5685e+03
 6.5684e+04	 8.5165e+03	 4.6726e+00	 9.3278e-01	 3.3315e+02	 8.5709e+03
 9.8526e+04	 8.5165e+03	 4.3838e+00	 8.7805e-01	 3.3315e+02	 8.5738e+03
 1.4779e+05	 8.5165e+03	 4.1368e+00	 7.7913e-01	 3.3315e+02	 8.5762e+03
 2.2168e+05	 8.5165e+03	 3.9458e+00	 6.6996e-01	 3.3315e+02	 8.5787e+03
 3.3253e+05	 8.5165e+03	 3.7987e+00	 5.7231e-01	 3.3315e+02	 8.5812e+03
 4.9879e+05	 8.5165e+03	-1.6948e+00	 4.7756e+01	 3.3315e+02	 8.5839e+03
 7.4818e+05	 8.5165e+03	 3.6283e+00	 3.3744e-01	 3.3315e+02	 8.5905e+03
 9.0000e+05	 8.5165e+03	 3.5917e+00	 3.0687e-01	 3.3315e+02	 8.5983e+03
 1.0000e+02	 8.5955e+03	 6.3014e+00	 1.9580e-01	 3.3314e+02	 8.6065e+03
 1.5000e+02	 8.5955e+03	 6.2623e+00	 1.8096e-01	 3.3315e+02	 8.6090e+03
 2.2500e+02	 8.5955e+03	 6.2236e+00	 1.7493e-01	 3.3315e+02	 8.6117e+03
 3.3750e+02	 8.5955e+03	 6.1880e+00	 1.7297e-01	 3.3315e+02	 8.6143e+03
 5.0625e+02	 8.5955e+03	 6.1529e+00	 1.7688e-01	 3.3315e+02	 8.6170e+03
 7.5938e+02	 8.5955e+03	 6.1167e+00	 1.8722e-01	 3.3315e+02	 8.6196e+03
 1.1391e+03	 8.5955e+03	 6.0787e+00	 2.0517e-01	 3.3315e+02	 8.6247e+03
 1.7086e+03	 8.5955e+03	 6.0370e+00	 2.3156e-01	 3.3315e+02	 8.6271e+03
 2.5629e+03	 8.5955e+03	 5.9891e+00	 2.6895e-01	 3.3315e+02	 8.6297e+03
 3.8443e+03	 8.5955e+03	 5.9327e+00	 3.1960e-01	 3.3315e+02	 8.6322e+03
 5.7665e+03	 8.5955e+03	 5.8641e+00	 3.8654e-01	 3.3315e+02	 8.6346e+03
 8.6498e+03	 8.5955e+03	 5.7767e+00	 4.7358e-01	 3.3314e+02	 8.6374e+03
 1.2975e+04	 8.5955e+03	 5.6592e+00	 5.8219e-01	 3.3315e+02	 8.6399e+03
 1.9462e+04	 8.5955e+03	 5.4966e+00	 7.0792e-01	 3.3314e+02	 8.6428e+03
 2.9193e+04	 8.5955e+03	 5.2728e+00	 8.3101e-01	 3.3314e+02	 8.6453e+03
 4.3789e+04	 8.5955e+03	 4.9886e+00	 9.1669e-01	 3.3315e+02	 8.6480e+03
 6.5684e+04	 8.5955e+03	 4.6741e+00	 9.3299e-01	 3.3315e+02	 8.6504e+03
 9.8526e+04	 8.5955e+03	 4.3851e+00	 8.7832e-01	 3.3315e+02	 8.6532e+03
 1.4779e+05	 8.5955e+03	 4.1378e+00	 7.7934e-01	 3.3315e+02	 8.6557e+03
 2.2168e+05	 8.5955e+03	 3.9467e+00	 6.7010e-01	 3.3315e+02	 8.6585e+03
 3.3253e+05	 8.5955e+03	 3.7996e+00	 5.7228e-01	 3.3314e+02	 8.6609e+03
 4.9879e+05	 8.5955e+03	-1.6920e+00	 4.7768e+01	 3.3314e+02	 8.6638e+03
 7.4818e+05	 8.5955e+03	 3.6290e+00	 3.3927e-01	 3.3314e+02	 8.6702e+03
 9.0000e+05	 8.5955e+03	 3.5927e+00	 3.0601e-01	 3.3314e+02	 8.6781e+03
 1.0000e+02	 8.6754e+03	 6.3009e+00	 1.9555e-01	 3.3315e+02	 8.6862e+03
 1.5000e+02	 8.6754e+03	 6.2629e+00	 1.8381e-01	 3.3315e+02	 8.6887e+03
 2.2500e+02	 8.6754e+03	 6.2234e+00	 1.7492e-01	 3.3314e+02	 8.6915e+03
 3.3750e+02	 8.6754e+03	 6.1879e+00	 1.7252e-01	 3.3315e+02	 8.6941e+03
 5.0625e+02	 8.6754e+03	 6.1526e+00	 1.7649e-01	 3.3314e+02	 8.6968e+03
 7.5938e+02	 8.6754e+03	 6.1170e+00	 1.8698e-01	 3.3315e+02	 8.6994e+03
 1.1391e+03	 8.6754e+03	 6.0788e+00	 2.0490e-01	 3.3314e+02	 8.7045e+03
 1.7086e+03	 8.6754e+03	 6.0369e+00	 2.3153e-01	 3.3315e+02	 8.7071e+03
 2.5629e+03	 8.6754e+03	 5.9894e+00	 2.6878e-01	 3.3315e+02	 8.7097e+03
 3.8443e+03	 8.6754e+03	 5.9328e+00	 3.1923e-01	 3.3314e+02	 8.7121e+03
 5.7665e+03	 8.6754e+03	 5.8644e+00	 3.8605e-01	 3.3315e+02	 8.7148e+03
 8.6498e+03	 8.6754e+03	 5.7771e+00	 4.7302e-01	 3.3314e+02	 8.7174e+03
 1.2975e+04	 8.6754e+03	 5.6600e+00	 5.8152e-01	 3.3315e+02	 8.7202e+03
 1.9462e+04	 8.6754e+03	 5.4980e+00	 7.0715e-01	 3.3315e+02	 8.7228e+03
 2.9193e+04	 8.6754e+03	 5.2743e+00	 8.3045e-01	 3.3315e+02	 8.7255e+03
 4.3789e+04	 8.6754e+03	 4.9903e+00	 9.1650e-01	 3.3315e+02	 8.7279e+03
 6.5684e+04	 8.6754e+03	 4.6759e+00	 9.3334e-01	 3.3315e+02	 8.7304e+03
 9.8526e+04	 8.6754e+03	 4.3864e+00	 8.7879e-01	 3.3314e+02	 8.7331e+03
 1.4779e+05	 8.6754e+03	 4.1389e+00	 7.7971e-01	 3.3315e+02	 8.7356e+03
 2.2168e+05	 8.6754e+03	 3.9476e+00	 6.7033e-01	 3.3315e+02	 8.7382e+03
 3.3253e+05	 8.6754e+03	 3.8006e+00	 5.7232e-01	 3.3315e+02	 8.7408e+03
 4.9879e+05	 8.6754e+03	-1.6928e+00	 4.7782e+01	 3.3315e+02	 8.7435e+03
 7.4818e+05	 8.6754e+03	 3.6307e+00	 3.3482e-01	 3.3315e+02	 8.7500e+03
 9.0000e+05	 8.6754e+03	 3.5939e+00	 3.0620e-01	 3.3315e+02	 8.7577e+03
 1.0000e+02	 8.7549e+03	 6.3008e+00	 1.9536e-01	 3.3315e+02	 8.7655e+03
 1.5000e+02	 8.7549e+03	 6.2617e+00	 1.8209e-01	 3.3315e+02	 8.7682e+03
 2.2500e+02	 8.7549e+03	 6.2234e+00	 1.7437e-01	 3.3315e+02	 8.7708e+03
 3.3750e+02	 8.7549e+03	 6.1880e+00	 1.7245e-01	 3.3315e+02	 8.7735e+03
 5.0625e+02	 8.7549e+03	 6.1530e+00	 1.7636e-01	 3.3315e+02	 8.7760e+03
 7.5938e+02	 8.7549e+03	 6.1171e+00	 1.8675e-01	 3.3315e+02	 8.7785e+03
 1.1391e+03	 8.7549e+03	 6.0789e+00	 2.0478e-01	 3.3315e+02	 8.7834e+03
 1.7086e+03	 8.7549e+03	 6.0372e+00	 2.3131e-01	 3.3315e+02	 8.7860e+03
 2.5629e+03	 8.7549e+03	 5.9897e+00	 2.6832e-01	 3.3315e+02	 8.7887e+03
 3.8443e+03	 8.7549e+03	 5.9334e+00	 3.1870e-01	 3.3315e+02	 8.7911e+03
 5.7665e+03	 8.7549e+03	 5.8650e+00	 3.8574e-01	 3.3315e+02	 8.7937e+03
 8.6498e+03	 8.7549e+03	 5.7777e+00	 4.7238e-01	 3.3315e+02	 8.7962e+03
 1.2975e+04	 8.7549e+03	 5.6607e+00	 5.8088e-01	 3.3315e+02	 8.7990e+03
 1.9462e+04	 8.7549e+03	 5.4987e+00	 7.0634e-01	 3.3315e+02	 8.8016e+03
 2.9193e+04	 8.7549e+03	 5.2756e+00	 8.2981e-01	 3.3315e+02	 8.8042e+03
 4.3789e+04	 8.7549e+03	 4.9920e+00	 9.1635e-01	 3.3314e+02	 8.8066e+03
 6.5684e+04	 8.7549e+03	 4.6773e+00	 9.3353e-01	 3.3315e+02	 8.8091e+03
 9.8526e+04	 8.7549e+03	 4.3877e+00	 8.7919e-01	 3.3315e+02	 8.8118e+03
 1.4779e+05	 8.7549e+03	 4.1399e+00	 7.8007e-01	 3.3315e+02	 8.8142e+03
 2.2168e+05	 8.7549e+03	 3.9485e+00	 6.7046e-01	 3.3315e+02	 8.8168e+03
 3.3253e+05	 8.7549e+03	 3.8015e+00	 5.7242e-01	 3.3315e+02	 8.8193e+03
 4.9879e+05	 8.7549e+03	-1.6916e+00	 4.7794e+01	 3.3315e+02	 8.8220e+03
 7.4818e+05	 8.7549e+03	 3.6316e+00	 3.3694e-01	 3.3315e+02	 8.8287e+03
 9.0000e+05	 8.7549e+03	 3.5956e+00	 3.0139e-01	 3.3314e+02	 8.8363e+03
 1.0000e+02	 8.8336e+03	 6.3006e+00	 1.9473e-01	 3.3315e+02	 8.8445e+03
 1.5000e+02	 8.8336e+03	 6.2575e+00	 1.8187e-01	 3.3315e+02	 8.8470e+03
 2.2500e+02	 8.8336e+03	 6.2232e+00	 1.7411e-01	 3.3315e+02	 8.8495e+03
 3.3750e+02	 8.8336e+03	 6.1879e+00	 1.7217e-01	 3.3315e+02	 8.8521e+03
 5.0625e+02	 8.8336e+03	 6.1530e+00	 1.7593e-01	 3.3315e+02	 8.8546e+03
 7.5938e+02	 8.8336e+03	 6.1172e+00	 1.8647e-01	 3.3315e+02	 8.8572e+03
 1.1391e+03	 8.8336e+03	 6.0793e+00	 2.0457e-01	 3.3315e+02	 8.8622e+03
 1.7086e+03	 8.8336e+03	 6.0374e+00	 2.3109e-01	 3.3315e+02	 8.8649e+03
 2.5629e+03	 8.8336e+03	 5.9898e+00	 2.6802e-01	 3.3315e+02	 8.8675e+03
 3.8443e+03	 8.8336e+03	 5.9336e+00	 3.1856e-01	 3.3315e+02	 8.8702e+03
 5.7665e+03	 8.8336e+03	 5.8653e+00	 3.8522e-01	 3.3316e+02	 8.8726e+03
 8.6498e+03	 8.8336e+03	 5.7784e+00	 4.7191e-01	 3.3315e+02	 8.8755e+03
 1.2975e+04	 8.8336e+03	 5.6615e+00	 5.8011e-01	 3.3315e+02	 8.8779e+03
 1.9462e+04	 8.8336e+03	 5.5003e+00	 7.0559e-01	 3.3315e+02	 8.8808e+03
 2.9193e+04	 8.8336e+03	 5.2773e+00	 8.2911e-01	 3.3316e+02	 8.8833e+03
 4.3789e+04	 8.8336e+03	 4.9938e+00	 9.1615e-01	 3.3316e+02	 8.8860e+03
 6.5684e+04	 8.8336e+03	 4.6792e+00	 9.3368e-01	 3.3316e+02	 8.8884e+03
 9.8526e+04	 8.8336e+03	 4.3893e+00	 8.7960e-01	 3.3316e+02	 8.8913e+03
 1.4779e+05	 8.8336e+03	 4.1411e+00	 7.8037e-01	 3.3316e+02	 8.8938e+03
 2.2168e+05	 8.8336e+03	 3.9496e+00	 6.7075e-01	 3.3315e+02	 8.8967e+03
 3.3253e+05	 8.8336e+03	 3.8025e+00	 5.7255e-01	 3.3315e+02	 8.8992e+03
 4.9879e+05	 8.8336e+03	-1.6895e+00	 4.7806e+01	 3.3315e+02	 8.9020e+03
 7.4818e+05	 8.8336e+03	 3.6325e+00	 3.3619e-01	 3.3315e+02	 8.9083e+03
 9.0000e+05	 8.8336e+03	 3.5959e+00	 3.0620e-01	 3.3316e+02	 8.9161e+03
 1.0000e+02	 8.9134e+03	 6.3002e+00	 1.9476e-01	 3.3315e+02	 8.9239e+03
 1.5000e+02	 8.9134e+03	 6.2610e+00	 1.8194e-01	 3.3315e+02	 8.9265e+03
 2.2500e+02	 8.9134e+03	 6.2235e+00	 1.7387e-01	 3.3315e+02	 8.9289e+03
 3.3750e+02	 8.9134e+03	 6.1881e+00	 1.7190e-01	 3.3315e+02	 8.9318e+03
 5.0625e+02	 8.9134e+03	 6.1528e+00	 1.7573e-01	 3.3315e+02	 8.9342e+03
 7.5938e+02	 8.9134e+03	 6.1172e+00	 1.8631e-01	 3.3315e+02	 8.9368e+03
 1.1391e+03	 8.9134e+03	 6.0793e+00	 2.0405e-01	 3.3315e+02	 8.9420e+03
 1.7086e+03	 8.9134e+03	 6.0379e+00	 2.3067e-01	 3.3315e+02	 8.9447e+03
 2.5629e+03	 8.9134e+03	 5.9901e+00	 2.6788e-01	 3.3316e+02	 8.9472e+03
 3.8443e+03	 8.9134e+03	 5.9338e+00	 3.1814e-01	 3.3315e+02	 8.9497e+03
 5.7665e+03	 8.9134e+03	 5.8656e+00	 3.8488e-01	 3.3315e+02	 8.9523e+03
 8.6498e+03	 8.9134e+03	 5.7787e+00	 4.7143e-01	 3.3315e+02	 8.9550e+03
 1.2975e+04	 8.9134e+03	 5.6623e+00	 5.7960e-01	 3.3315e+02	 8.9576e+03
 1.9462e+04	 8.9134e+03	 5.5007e+00	 7.0492e-01	 3.3315e+02	 8.9601e+03
 2.9193e+04	 8.9134e+03	 5.2786e+00	 8.2873e-01	 3.3315e+02	 8.9628e+03
 4.3789e+04	 8.9134e+03	 4.9954e+00	 9.1599e-01	 3.3315e+02	 8.9652e+03
 6.5684e+04	 8.9134e+03	 4.6804e+00	 9.3391e-01	 3.3315e+02	 8.9680e+03
 9.8526e+04	 8.9134e+03	 4.3902e+00	 8.7994e-01	 3.3315e+02	 8.9706e+03
 1.4779e+05	 8.9134e+03	 4.1419e+00	 7.8080e-01	 3.3315e+02	 8.9733e+03
 2.2168e+05	 8.9134e+03	 3.9504e+00	 6.7073e-01	 3.3315e+02	 8.9759e+03
 3.3253e+05	 8.9134e+03	 3.8032e+00	 5.7239e-01	 3.3315e+02	 8.9786e+03
 4.9879e+05	 8.9134e+03	-1.6872e+00	 4.7817e+01	 3.3315e+02	 8.9812e+03
 7.4818e+05	 8.9134e+03	 3.6333e+00	 3.3761e-01	 3.3316e+02	 8.9876e+03
 9.0000e+05	 8.9134e+03	 3.5968e+00	 3.0710e-01	 3.3315e+02	 8.9952e+03
 1.0000e+02	 8.9924e+03	 6.2999e+00	 1.9417e-01	 3.3314e+02	 9.0034e+03
 1.5000e+02	 8.9924e+03	 6.2586e+00	 1.7970e-01	 3.3314e+02	 9.0058e+03
 2.2500e+02	 8.9924e+03	 6.2232e+00	 1.7368e-01	 3.3315e+02	 9.0084e+03
 3.3750e+02	 8.9924e+03	 6.1879e+00	 1.7158e-01	 3.3315e+02	 9.0110e+03
 5.0625e+02	 8.9924e+03	 6.1531e+00	 1.7557e-01	 3.3315e+02	 9.0137e+03
 7.5938e+02	 8.9924e+03	 6.1175e+00	 1.8593e-01	 3.3315e+02	 9.0163e+03
 1.1391e+03	 8.9924e+03	 6.0794e+00	 2.0351e-01	 3.3315e+02	 9.0215e+03
 1.7086e+03	 8.9924e+03	 6.0377e+00	 2.3029e-01	 3.3315e+02	 9.0240e+03
 2.5629e+03	 8.9924e+03	 5.9902e+00	 2.6765e-01	 3.3315e+02	 9.0268e+03
 3.8443e+03	 8.9924e+03	 5.9343e+00	 3.1796e-01	 3.3315e+02	 9.0292e+03
 5.7665e+03	 8.9924e+03	 5.8659e+00	 3.8455e-01	 3.3315e+02	 9.0317e+03
 8.6498e+03	 8.9924e+03	 5.7793e+00	 4.7102e-01	 3.3315e+02	 9.0343e+03
 1.2975e+04	 8.9924e+03	 5.6627e+00	 5.7897e-01	 3.3315e+02	 9.0368e+03
 1.9462e+04	 8.9924e+03	 5.5018e+00	 7.0422e-01	 3.3315e+02	 9.0393e+03
 2.9193e+04	 8.9924e+03	 5.2797e+00	 8.2837e-01	 3.3315e+02	 9.0420e+03
 4.3789e+04	 8.9924e+03	 4.9969e+00	 9.1564e-01	 3.3315e+02	 9.0447e+03
 6.5684e+04	 8.9924e+03	 4.6818e+00	 9.3403e-01	 3.3315e+02	 9.0472e+03
 9.8526e+04	 8.9924e+03	 4.3912e+00	 8.8039e-01	 3.3315e+02	 9.0497e+03
 1.4779e+05	 8.9924e+03	 4.1428e+00	 7.8088e-01	 3.3315e+02	 9.0524e+03
 2.2168e+05	 8.9924e+03	 3.9511e+00	 6.7099e-01	 3.3315e+02	 9.0552e+03
 3.3253e+05	 8.9924e+03	 3.8040e+00	 5.7233e-01	 3.3315e+02	 9.0578e+03
 4.9879e+05	 8.9924e+03	-1.6846e+00	 4.7828e+01	 3.3315e+02	 9.0605e+03
 7.4818e+05	 8.9924e+03	 3.6340e+00	 3.3839e-01	 3.3315e+02	 9.0668e+03
 9.0000e+05	 8.9924e+03	 3.5974e+00	 3.0905e-01	 3.3315e+02	 9.0745e+03
 1.0000e+02	 9.0718e+03	 6.3001e+00	 1.9394e-01	 3.3315e+02	 9.0827e+03
 1.5000e+02	 9.0718e+03	 6.2574e+00	 1.7959e-01	 3.3315e+02	 9.0852e+03
 2.2500e+02	 9.0718e+03	 6.2231e+00	 1.7329e-01	 3.3315e+02	 9.0877e+03
 3.3750e+02	 9.0718e+03	 6.1879e+00	 1.7135e-01	 3.3315e+02	 9.0904e+03
 5.0625e+02	 9.0718e+03	 6.1532e+00	 1.7547e-01	 3.3314e+02	 9.0929e+03
 7.5938e+02	 9.0718e+03	 6.1174e+00	 1.8595e-01	 3.3315e+02	 9.0957e+03
 1.1391e+03	 9.0718e+03	 6.0796e+00	 2.0396e-01	 3.3315e+02	 9.1006e+03
 1.7086e+03	 9.0718e+03	 6.0381e+00	 2.3045e-01	 3.3315e+02	 9.1032e+03
 2.5629e+03	 9.0718e+03	 5.9905e+00	 2.6752e-01	 3.3315e+02	 9.1058e+03
 3.8443e+03	 9.0718e+03	 5.9346e+00	 3.1767e-01	 3.3315e+02	 9.1085e+03
 5.7665e+03	 9.0718e+03	 5.8662e+00	 3.8422e-01	 3.3315e+02	 9.1109e+03
 8.6498e+03	 9.0718e+03	 5.7798e+00	 4.7048e-01	 3.3315e+02	 9.1138e+03
 1.2975e+04	 9.0718e+03	 5.6632e+00	 5.7842e-01	 3.3315e+02	 9.1162e+03
 1.9462e+04	 9.0718e+03	 5.5025e+00	 7.0365e-01	 3.3315e+02	 9.1191e+03
 2.9193e+04	 9.0718e+03	 5.2808e+00	 8.2780e-01	 3.3315e+02	 9.1216e+03
 4.3789e+04	 9.0718e+03	 4.9980e+00	 9.1554e-01	 3.3315e+02	 9.1241e+03
 6.5684e+04	 9.0718e+03	 4.6830e+00	 9.3423e-01	 3.3315e+02	 9.1268e+03
 9.8526e+04	 9.0718e+03	 4.3923e+00	 8.8041e-01	 3.3315e+02	 9.1293e+03
 1.4779e+05	 9.0718e+03	 4.1435e+00	 7.8110e-01	 3.3315e+02	 9.1319e+03
 2.2168e+05	 9.0718e+03	 3.9517e+00	 6.7101e-01	 3.3315e+02	 9.1345e+03
 3.3253e+05	 9.0718e+03	 3.8048e+00	 5.7230e-01	 3.3315e+02	 9.1372e+03
 4.9879e+05	 9.0718e+03	-1.6831e+00	 4.7838e+01	 3.3315e+02	 9.1399e+03
 7.4818e+05	 9.0718e+03	 3.6350e+00	 3.3758e-01	 3.3315e+02	 9.1461e+03
 9.0000e+05	 9.0718e+03	 3.5985e+00	 3.0903e-01	 3.3315e+02	 9.1540e+03
 1.0000e+02	 9.1513e+03	 6.2997e+00	 1.9352e-01	 3.3315e+02	 9.1619e+03
 1.5000e+02	 9.1513e+03	 6.2582e+00	 1.8211e-01	 3.3315e+02	 9.1643e+03
 2.2500e+02	 9.1513e+03	 6.2231e+00	 1.7301e-01	 3.3315e+02	 9.1670e+03
 3.3750e+02	 9.1513e+03	 6.1879e+00	 1.7103e-01	 3.3315e+02	 9.1696e+03
 5.0625e+02	 9.1513e+03	 6.1531e+00	 1.7512e-01	 3.3315e+02	 9.1722e+03
 7.5938e+02	 9.1513e+03	 6.1177e+00	 1.8545e-01	 3.3315e+02	 9.1748e+03
 1.1391e+03	 9.1513e+03	 6.0799e+00	 2.0351e-01	 3.3315e+02	 9.1799e+03
 1.7086e+03	 9.1513e+03	 6.0381e+00	 2.3011e-01	 3.3315e+02	 9.1824e+03
 2.5629e+03	 9.1513e+03	 5.9908e+00	 2.6730e-01	 3.3315e+02	 9.1850e+03
 3.8443e+03	 9.1513e+03	 5.9346e+00	 3.1725e-01	 3.3315e+02	 9.1874e+03
 5.7665e+03	 9.1513e+03	 5.8667e+00	 3.8383e-01	 3.3315e+02	 9.1899e+03
 8.6498e+03	 9.1513e+03	 5.7802e+00	 4.6999e-01	 3.3315e+02	 9.1926e+03
 1.2975e+04	 9.1513e+03	 5.6640e+00	 5.7779e-01	 3.3314e+02	 9.1951e+03
 1.9462e+04	 9.1513e+03	 5.5038e+00	 7.0304e-01	 3.3315e+02	 9.1977e+03
 2.9193e+04	 9.1513e+03	 5.2823e+00	 8.2706e-01	 3.3315e+02	 9.2003e+03
 4.3789e+04	 9.1513e+03	 4.9997e+00	 9.1528e-01	 3.3316e+02	 9.2028e+03
 6.5684e+04	 9.1513e+03	 4.6848e+00	 9.3444e-01	 3.3315e+02	 9.2054e+03
 9.8526e+04	 9.1513e+03	 4.3937e+00	 8.8090e-01	 3.3315e+02	 9.2080e+03
 1.4779e+05	 9.1513e+03	 4.1446e+00	 7.8148e-01	 3.3315e+02	 9.2108e+03
 2.2168e+05	 9.1513e+03	 3.9527e+00	 6.7124e-01	 3.3315e+02	 9.2133e+03
 3.3253e+05	 9.1513e+03	 3.8056e+00	 5.7242e-01	 3.3315e+02	 9.2162e+03
 4.9879e+05	 9.1513e+03	-1.6818e+00	 4.7850e+01	 3.3315e+02	 9.2189e+03
 7.4818e+05	 9.1513e+03	 3.6362e+00	 3.3665e-01	 3.3316e+02	 9.2255e+03
 9.0000e+05	 9.1513e+03	 3.6000e+00	 3.0286e-01	 3.3315e+02	 9.2333e+03
 1.0000e+02	 9.2306e+03	 6.2995e+00	 1.9339e-01	 3.3315e+02	 9.2417e+03
 1.5000e+02	 9.2306e+03	 6.2586e+00	 1.8004e-01	 3.3315e+02	 9.2443e+03
 2.2500e+02	 9.2306e+03	 6.2230e+00	 1.7273e-01	 3.3315e+02	 9.2469e+03
 3.3750e+02	 9.2306e+03	 6.1882e+00	 1.7093e-01	 3.3315e+02	 9.2496e+03
 5.0625e+02	 9.2306e+03	 6.1535e+00	 1.7480e-01	 3.3315e+02	 9.2522e+03
 7.5938e+02	 9.2306e+03	 6.1178e+00	 1.8528e-01	 3.3315e+02	 9.2548e+03
 1.1391e+03	 9.2306e+03	 6.0797e+00	 2.0345e-01	 3.3316e+02	 9.2598e+03
 1.7086e+03	 9.2306e+03	 6.0385e+00	 2.2992e-01	 3.3315e+02	 9.2622e+03
 2.5629e+03	 9.2306e+03	 5.9910e+00	 2.6697e-01	 3.3315e+02	 9.2649e+03
 3.8443e+03	 9.2306e+03	 5.9348e+00	 3.1709e-01	 3.3315e+02	 9.2674e+03
 5.7665e+03	 9.2306e+03	 5.8669e+00	 3.8356e-01	 3.3315e+02	 9.2698e+03
 8.6498e+03	 9.2306e+03	 5.7803e+00	 4.6972e-01	 3.3315e+02	 9.2724e+03
 1.2975e+04	 9.2306e+03	 5.6643e+00	 5.7723e-01	 3.3315e+02	 9.2749e+03
 1.9462e+04	 9.2306e+03	 5.5042e+00	 7.0241e-01	 3.3314e+02	 9.2778e+03
 2.9193e+04	 9.2306e+03	 5.2831e+00	 8.2681e-01	 3.3315e+02	 9.2803e+03
 4.3789e+04	 9.2306e+03	 5.0008e+00	 9.1525e-01	 3.3315e+02	 9.2831e+03
 6.5684e+04	 9.2306e+03	 4.6856e+00	 9.3448e-01	 3.3316e+02	 9.2855e+03
 9.8526e+04	 9.2306e+03	 4.3942e+00	 8.8118e-01	 3.3315e+02	 9.2883e+03
 1.4779e+05	 9.2306e+03	 4.1451e+00	 7.8155e-01	 3.3315e+02	 9.2908e+03
 2.2168e+05	 9.2306e+03	 3.9532e+00	 6.7119e-01	 3.3314e+02	 9.2933e+03
 3.3253e+05	 9.2306e+03	 3.8063e+00	 5.7222e-01	 3.3315e+02	 9.2958e+03
 4.9879e+05	 9.2306e+03	-1.6782e+00	 4.7859e+01	 3.3315e+02	 9.2985e+03
 7.4818e+05	 9.2306e+03	 3.6373e+00	 3.3465e-01	 3.3314e+02	 9.3052e+03
 9.0000e+05	 9.2306e+03	 3.6007e+00	 3.0387e-01	 3.3315e+02	 9.3129e+03
 1.0000e+02	 9.3102e+03	 6.2992e+00	 1.9274e-01	 3.3314e+02	 9.3215e+03
 1.5000e+02	 9.3102e+03	 6.2582e+00	 1.7950e-01	 3.3315e+02	 9.3239e+03
 2.2500e+02	 9.3102e+03	 6.2229e+00	 1.7279e-01	 3.3315e+02	 9.3267e+03
 3.3750e+02	 9.3102e+03	 6.1879e+00	 1.7052e-01	 3.3314e+02	 9.3293e+03
 5.0625e+02	 9.3102e+03	 6.1535e+00	 1.7463e-01	 3.3315e+02	 9.3319e+03
 7.5938e+02	 9.3102e+03	 6.1178e+00	 1.8519e-01	 3.3315e+02	 9.3345e+03
 1.1391e+03	 9.3102e+03	 6.0799e+00	 2.0317e-01	 3.3315e+02	 9.3396e+03
 1.7086e+03	 9.3102e+03	 6.0386e+00	 2.2976e-01	 3.3315e+02	 9.3420e+03
 2.5629e+03	 9.3102e+03	 5.9911e+00	 2.6682e-01	 3.3315e+02	 9.3448e+03
 3.8443e+03	 9.3102e+03	 5.9351e+00	 3.1688e-01	 3.3315e+02	 9.3472e+03
 5.7665e+03	 9.3102e+03	 5.8671e+00	 3.8317e-01	 3.3314e+02	 9.3497e+03
 8.6498e+03	 9.3102e+03	 5.7807e+00	 4.6931e-01	 3.3315e+02	 9.3525e+03
 1.2975e+04	 9.3102e+03	 5.6649e+00	 5.7683e-01	 3.3314e+02	 9.3552e+03
 1.9462e+04	 9.3102e+03	 5.5051e+00	 7.0190e-01	 3.3315e+02	 9.3578e+03
 2.9193e+04	 9.3102e+03	 5.2843e+00	 8.2620e-01	 3.3315e+02	 9.3605e+03
 4.3789e+04	 9.3102e+03	 5.0021e+00	 9.1494e-01	 3.3314e+02	 9.3629e+03
 6.5684e+04	 9.3102e+03	 4.6869e+00	 9.3465e-01	 3.3315e+02	 9.3654e+03
 9.8526e+04	 9.3102e+03	 4.3955e+00	 8.8162e-01	 3.3315e+02	 9.3681e+03
 1.4779e+05	 9.3102e+03	 4.1461e+00	 7.8181e-01	 3.3315e+02	 9.3706e+03
 2.2168e+05	 9.3102e+03	 3.9540e+00	 6.7139e-01	 3.3315e+02	 9.3733e+03
 3.3253e+05	 9.3102e+03	 3.8072e+00	 5.7220e-01	 3.3315e+02	 9.3758e+03
 4.9879e+05	 9.3102e+03	-1.6759e+00	 4.7870e+01	 3.3315e+02	 9.3785e+03
 7.4818e+05	 9.3102e+03	 3.6380e+00	 3.3561e-01	 3.3315e+02	 9.3850e+03
 9.0000e+05	 9.3102e+03	 3.6017e+00	 3.0313e-01	 3.3315e+02	 9.3928e+03
 1.0000e+02	 9.3901e+03	 6.2989e+00	 1.9277e-01	 3.3315e+02	 9.4010e+03
 1.5000e+02	 9.3901e+03	 6.2616e+00	 1.8010e-01	 3.3315e+02	 9.4035e+03
 2.2500e+02	 9.3901e+03	 6.2227e+00	 1.7239e-01	 3.3315e+02	 9.4063e+03
 3.3750e+02	 9.3901e+03	 6.1877e+00	 1.7044e-01	 3.3315e+02	 9.4089e+03
 5.0625e+02	 9.3901e+03	 6.1532e+00	 1.7447e-01	 3.3315e+02	 9.4113e+03
 7.5938e+02	 9.3901e+03	 6.1180e+00	 1.8486e-01	 3.3315e+02	 9.4139e+03
 1.1391e+03	 9.3901e+03	 6.0804e+00	 2.0301e-01	 3.3315e+02	 9.4192e+03
 1.7086e+03	 9.3901e+03	 6.0387e+00	 2.2954e-01	 3.3315e+02	 9.4216e+03
 2.5629e+03	 9.3901e+03	 5.9914e+00	 2.6662e-01	 3.3315e+02	 9.4245e+03
 3.8443e+03	 9.3901e+03	 5.9352e+00	 3.1656e-01	 3.3315e+02	 9.4270e+03
 5.7665e+03	 9.3901e+03	 5.8676e+00	 3.8296e-01	 3.3315e+02	 9.4295e+03
 8.6498e+03	 9.3901e+03	 5.7811e+00	 4.6890e-01	 3.3316e+02	 9.4322e+03
 1.2975e+04	 9.3901e+03	 5.6655e+00	 5.7630e-01	 3.3315e+02	 9.4346e+03
 1.9462e+04	 9.3901e+03	 5.5058e+00	 7.0129e-01	 3.3315e+02	 9.4373e+03
 2.9193e+04	 9.3901e+03	 5.2855e+00	 8.2568e-01	 3.3315e+02	 9.4399e+03
 4.3789e+04	 9.3901e+03	 5.0035e+00	 9.1486e-01	 3.3315e+02	 9.4423e+03
 6.5684e+04	 9.3901e+03	 4.6883e+00	 9.3482e-01	 3.3315e+02	 9.4448e+03
 9.8526e+04	 9.3901e+03	 4.3964e+00	 8.8189e-01	 3.3315e+02	 9.4473e+03
 1.4779e+05	 9.3901e+03	 4.1467e+00	 7.8208e-01	 3.3315e+02	 9.4500e+03
 2.2168e+05	 9.3901e+03	 3.9547e+00	 6.7139e-01	 3.3315e+02	 9.4526e+03
 3.3253e+05	 9.3901e+03	 3.8078e+00	 5.7221e-01	 3.3315e+02	 9.4552e+03
 4.9879e+05	 9.3901e+03	-1.6735e+00	 4.7879e+01	 3.3315e+02	 9.4580e+03
 7.4818e+05	 9.3901e+03	 3.6386e+00	 3.3785e-01	 3.3314e+02	 9.4645e+03
 9.0000e+05	 9.3901e+03	 3.6025e+00	 3.0561e-01	 3.3315e+02	 9.4722e+03
 1.0000e+02	 9.4695e+03	 6.2989e+00	 1.9224e-01	 3.3315e+02	 9.4800e+03
 1.5000e+02	 9.4695e+03	 6.2588e+00	 1.7848e-01	 3.3315e+02	 9.4824e+03
 2.2500e+02	 9.4695e+03	 6.2226e+00	 1.7220e-01	 3.3314e+02	 9.4849e+03
 3.3750e+02	 9.4695e+03	 6.1879e+00	 1.7018e-01	 3.3315e+02	 9.4876e+03
 5.0625e+02	 9.4695e+03	 6.1535e+00	 1.7434e-01	 3.3315e+02	 9.4903e+03
 7.5938e+02	 9.4695e+03	 6.1181e+00	 1.8481e-01	 3.3315e+02	 9.4928e+03
 1.1391e+03	 9.4695e+03	 6.0802e+00	 2.0283e-01	 3.3315e+02	 9.4979e+03
 1.7086e+03	 9.4695e+03	 6.0390e+00	 2.2930e-01	 3.3314e+02	 9.5004e+03
 2.5629e+03	 9.4695e+03	 5.9917e+00	 2.6626e-01	 3.3315e+02	 9.5030e+03
 3.8443e+03	 9.4695e+03	 5.9357e+00	 3.1642e-01	 3.3314e+02	 9.5056e+03
 5.7665e+03	 9.4695e+03	 5.8678e+00	 3.8269e-01	 3.3315e+02	 9.5083e+03
 8.6498e+03	 9.4695e+03	 5.7817e+00	 4.6838e-01	 3.3315e+02	 9.5109e+03
 1.2975e+04	 9.4695e+03	 5.6660e+00	 5.7578e-01	 3.3315e+02	 9.5133e+03
 1.9462e+04	 9.4695e+03	 5.5069e+00	 7.0080e-01	 3.3315e+02	 9.5159e+03
 2.9193e+04	 9.4695e+03	 5.2866e+00	 8.2531e-01	 3.3314e+02	 9.5184e+03
 4.3789e+04	 9.4695e+03	 5.0046e+00	 9.1465e-01	 3.3314e+02	 9.5212e+03
 6.5684e+04	 9.4695e+03	 4.6894e+00	 9.3503e-01	 3.3315e+02	 9.5236e+03
 9.8526e+04	 9.4695e+03	 4.3974e+00	 8.8208e-01	 3.3315e+02	 9.5263e+03
 1.4779e+05	 9.4695e+03	 4.1475e+00	 7.8233e-01	 3.3315e+02	 9.5288e+03
 2.2168e+05	 9.4695e+03	 3.9554e+00	 6.7151e-01	 3.3315e+02	 9.5313e+03
 3.3253e+05	 9.4695e+03	 3.8085e+00	 5.7212e-01	 3.3315e+02	 9.5339e+03
 4.9879e+05	 9.4695e+03	-1.6716e+00	 4.7890e+01	 3.3316e+02	 9.5367e+03
 7.4818e+05	 9.4695e+03	 3.6397e+00	 3.3676e-01	 3.3315e+02	 9.5434e+03
 9.0000e+05	 9.4695e+03	 3.6035e+00	 3.0497e-01	 3.3315e+02	 9.5511e+03
 1.0000e+02	 9.5484e+03	 6.2987e+00	 1.9206e-01	 3.3315e+02	 9.5594e+03
 1.5000e+02	 9.5484e+03	 6.2594e+00	 1.7923e-01	 3.3315e+02	 9.5618e+03
 2.2500e+02	 9.5484e+03	 6.2226e+00	 1.7179e-01	 3.3315e+02	 9.5645e+03
 3.3750e+02	 9.5484e+03	 6.1879e+00	 1.6992e-01	 3.3315e+02	 9.5671e+03
 5.0625e+02	 9.5484e+03	 6.1536e+00	 1.7420e-01	 3.3315e+02	 9.5695e+03
 7.5938e+02	 9.5484e+03	 6.1181e+00	 1.8455e-01	 3.3315e+02	 9.5721e+03
 1.1391e+03	 9.5484e+03	 6.0804e+00	 2.0223e-01	 3.3315e+02	 9.5772e+03
 1.7086e+03	 9.5484e+03	 6.0393e+00	 2.2924e-01	 3.3315e+02	 9.5797e+03
 2.5629e+03	 9.5484e+03	 5.9919e+00	 2.6616e-01	 3.3315e+02	 9.5825e+03
 3.8443e+03	 9.5484e+03	 5.9359e+00	 3.1631e-01	 3.3315e+02	 9.5851e+03
 5.7665e+03	 9.5484e+03	 5.8680e+00	 3.8230e-01	 3.3315e+02	 9.5877e+03
 8.6498e+03	 9.5484e+03	 5.7820e+00	 4.6800e-01	 3.3315e+02	 9.5905e+03
 1.2975e+04	 9.5484e+03	 5.6665e+00	 5.7522e-01	 3.3315e+02	 9.5932e+03
 1.9462e+04	 9.5484e+03	 5.5075e+00	 7.0018e-01	 3.3315e+02	 9.5959e+03
 2.9193e+04	 9.5484e+03	 5.2877e+00	 8.2487e-01	 3.3316e+02	 9.5985e+03
 4.3789e+04	 9.5484e+03	 5.0062e+00	 9.1442e-01	 3.3315e+02	 9.6009e+03
 6.5684e+04	 9.5484e+03	 4.6908e+00	 9.3514e-01	 3.3315e+02	 9.6034e+03
 9.8526e+04	 9.5484e+03	 4.3984e+00	 8.8231e-01	 3.3315e+02	 9.6060e+03
 1.4779e+05	 9.5484e+03	 4.1483e+00	 7.8261e-01	 3.3315e+02	 9.6086e+03
 2.2168e+05	 9.5484e+03	 3.9561e+00	 6.7148e-01	 3.3315e+02	 9.6112e+03
 3.3253e+05	 9.5484e+03	 3.8092e+00	 5.7214e-01	 3.3315e+02	 9.6137e+03
 4.9879e+05	 9.5484e+03	-1.6679e+00	 4.7899e+01	 3.3316e+02	 9.6164e+03
 7.4818e+05	 9.5484e+03	 3.6400e+00	 3.3910e-01	 3.3315e+02	 9.6230e+03
 9.0000e+05	 9.5484e+03	 3.6038e+00	 3.0813e-01	 3.3315e+02	 9.6306e+03
 1.0000e+02	 9.6279e+03	 6.2984e+00	 1.9202e-01	 3.3315e+02	 9.6385e+03
 1.5000e+02	 9.6279e+03	 6.2609e+00	 1.8038e-01	 3.3315e+02	 9.6411e+03
 2.2500e+02	 9.6279e+03	 6.2223e+00	 1.7158e-01	 3.3315e+02	 9.6436e+03
 3.3750e+02	 9.6279e+03	 6.1876e+00	 1.6970e-01	 3.3316e+02	 9.6465e+03
 5.0625e+02	 9.6279e+03	 6.1534e+00	 1.7376e-01	 3.3314e+02	 9.6489e+03
 7.5938e+02	 9.6279e+03	 6.1179e+00	 1.8446e-01	 3.3315e+02	 9.6517e+03
 1.1391e+03	 9.6279e+03	 6.0808e+00	 2.0244e-01	 3.3315e+02	 9.6570e+03
 1.7086e+03	 9.6279e+03	 6.0394e+00	 2.2900e-01	 3.3315e+02	 9.6595e+03
 2.5629e+03	 9.6279e+03	 5.9920e+00	 2.6606e-01	 3.3315e+02	 9.6623e+03
 3.8443e+03	 9.6279e+03	 5.9361e+00	 3.1603e-01	 3.3315e+02	 9.6648e+03
 5.7665e+03	 9.6279e+03	 5.8683e+00	 3.8212e-01	 3.3315e+02	 9.6672e+03
 8.6498e+03	 9.6279e+03	 5.7822e+00	 4.6769e-01	 3.3314e+02	 9.6697e+03
 1.2975e+04	 9.6279e+03	 5.6669e+00	 5.7489e-01	 3.3315e+02	 9.6722e+03
 1.9462e+04	 9.6279e+03	 5.5081e+00	 6.9971e-01	 3.3315e+02	 9.6748e+03
 2.9193e+04	 9.6279e+03	 5.2885e+00	 8.2451e-01	 3.3314e+02	 9.6774e+03
 4.3789e+04	 9.6279e+03	 5.0071e+00	 9.1436e-01	 3.3315e+02	 9.6799e+03
 6.5684e+04	 9.6279e+03	 4.6916e+00	 9.3523e-01	 3.3315e+02	 9.6825e+03
 9.8526e+04	 9.6279e+03	 4.3990e+00	 8.8260e-01	 3.3315e+02	 9.6851e+03
 1.4779e+05	 9.6279e+03	 4.1487e+00	 7.8261e-01	 3.3315e+02	 9.6875e+03
 2.2168e+05	 9.6279e+03	 3.9566e+00	 6.7148e-01	 3.3315e+02	 9.6902e+03
 3.3253e+05	 9.6279e+03	 3.8097e+00	 5.7194e-01	 3.3315e+02	 9.6926e+03
 4.9879e+05	 9.6279e+03	-1.6647e+00	 4.7907e+01	 3.3315e+02	 9.6955e+03
 7.4818e+05	 9.6279e+03	 3.6412e+00	 3.3636e-01	 3.3315e+02	 9.7020e+03
 9.0000e+05	 9.6279e+03	 3.6046e+00	 3.0723e-01	 3.3315e+02	 9.7096e+03
 1.0000e+02	 9.7069e+03	 6.2979e+00	 1.9182e-01	 3.3315e+02	 9.7179e+03
 1.5000e+02	 9.7069e+03	 6.2612e+00	 1.7683e-01	 3.3315e+02	 9.7203e+03
 2.2500e+02	 9.7069e+03	 6.2228e+00	 1.7141e-01	 3.3315e+02	 9.7228e+03
 3.3750e+02	 9.7069e+03	 6.1878e+00	 1.6960e-01	 3.3314e+02	 9.7253e+03
 5.0625e+02	 9.7069e+03	 6.1535e+00	 1.7355e-01	 3.3315e+02	 9.7278e+03
 7.5938e+02	 9.7069e+03	 6.1182e+00	 1.8417e-01	 3.3315e+02	 9.7305e+03
 1.1391e+03	 9.7069e+03	 6.0804e+00	 2.0182e-01	 3.3315e+02	 9.7354e+03
 1.7086e+03	 9.7069e+03	 6.0396e+00	 2.2865e-01	 3.3315e+02	 9.7379e+03
 2.5629e+03	 9.7069e+03	 5.9922e+00	 2.6588e-01	 3.3315e+02	 9.7405e+03
 3.8443e+03	 9.7069e+03	 5.9361e+00	 3.1573e-01	 3.3315e+02	 9.7433e+03
 5.7665e+03	 9.7069e+03	 5.8686e+00	 3.8185e-01	 3.3315e+02	 9.7458e+03
 8.6498e+03	 9.7069e+03	 5.7825e+00	 4.6738e-01	 3.3315e+02	 9.7485e+03
 1.2975e+04	 9.7069e+03	 5.6673e+00	 5.7445e-01	 3.3315e+02	 9.7510e+03
 1.9462e+04	 9.7069e+03	 5.5087e+00	 6.9923e-01	 3.3315e+02	 9.7536e+03
 2.9193e+04	 9.7069e+03	 5.2895e+00	 8.2411e-01	 3.3315e+02	 9.7562e+03
 4.3789e+04	 9.7069e+03	 5.0082e+00	 9.1417e-01	 3.3315e+02	 9.7586e+03
 6.5684e+04	 9.7069e+03	 4.6927e+00	 9.3546e-01	 3.3315e+02	 9.7613e+03
 9.8526e+04	 9.7069e+03	 4.3999e+00	 8.8296e-01	 3.3315e+02	 9.7639e+03
 1.4779e+05	 9.7069e+03	 4.1494e+00	 7.8288e-01	 3.3315e+02	 9.7665e+03
 2.2168e+05	 9.7069e+03	 3.9572e+00	 6.7157e-01	 3.3315e+02	 9.7692e+03
 3.3253e+05	 9.7069e+03	 3.8103e+00	 5.7184e-01	 3.3315e+02	 9.7719e+03
 4.9879e+05	 9.7069e+03	-1.6631e+00	 4.7916e+01	 3.3315e+02	 9.7746e+03
 7.4818e+05	 9.7069e+03	 3.6417e+00	 3.3956e-01	 3.3315e+02	 9.7815e+03
 9.0000e+05	 9.7069e+03	 3.6058e+00	 3.0520e-01	 3.3315e+02	 9.7894e+03
 1.0000e+02	 9.7866e+03	 6.2978e+00	 1.9125e-01	 3.3315e+02	 9.7976e+03
 1.5000e+02	 9.7866e+03	 6.2575e+00	 1.7835e-01	 3.3314e+02	 9.8001e+03
 2.2500e+02	 9.7866e+03	 6.2224e+00	 1.7114e-01	 3.3314e+02	 9.8029e+03
 3.3750e+02	 9.7866e+03	 6.1879e+00	 1.6945e-01	 3.3315e+02	 9.8055e+03
 5.0625e+02	 9.7866e+03	 6.1537e+00	 1.7356e-01	 3.3314e+02	 9.8082e+03
 7.5938e+02	 9.7866e+03	 6.1185e+00	 1.8396e-01	 3.3315e+02	 9.8108e+03
 1.1391e+03	 9.7866e+03	 6.0808e+00	 2.0228e-01	 3.3314e+02	 9.8160e+03
 1.7086e+03	 9.7866e+03	 6.0399e+00	 2.2864e-01	 3.3315e+02	 9.8187e+03
 2.5629e+03	 9.7866e+03	 5.9927e+00	 2.6570e-01	 3.3315e+02	 9.8214e+03
 3.8443e+03	 9.7866e+03	 5.9367e+00	 3.1563e-01	 3.3315e+02	 9.8240e+03
 5.7665e+03	 9.7866e+03	 5.8689e+00	 3.8163e-01	 3.3316e+02	 9.8265e+03
 8.6498e+03	 9.7866e+03	 5.7829e+00	 4.6711e-01	 3.3316e+02	 9.8291e+03
 1.2975e+04	 9.7866e+03	 5.6678e+00	 5.7396e-01	 3.3315e+02	 9.8317e+03
 1.9462e+04	 9.7866e+03	 5.5094e+00	 6.9873e-01	 3.3315e+02	 9.8342e+03
 2.9193e+04	 9.7866e+03	 5.2903e+00	 8.2367e-01	 3.3315e+02	 9.8369e+03
 4.3789e+04	 9.7866e+03	 5.0095e+00	 9.1408e-01	 3.3315e+02	 9.8394e+03
 6.5684e+04	 9.7866e+03	 4.6938e+00	 9.3561e-01	 3.3315e+02	 9.8419e+03
 9.8526e+04	 9.7866e+03	 4.4009e+00	 8.8311e-01	 3.3315e+02	 9.8444e+03
 1.4779e+05	 9.7866e+03	 4.1501e+00	 7.8295e-01	 3.3315e+02	 9.8470e+03
 2.2168e+05	 9.7866e+03	 3.9577e+00	 6.7159e-01	 3.3315e+02	 9.8498e+03
 3.3253e+05	 9.7866e+03	 3.8109e+00	 5.7178e-01	 3.3315e+02	 9.8522e+03
 4.9879e+05	 9.7866e+03	-1.6603e+00	 4.7926e+01	 3.3315e+02	 9.8553e+03
 7.4818e+05	 9.7866e+03	 3.6424e+00	 3.3891e-01	 3.3316e+02	 9.8618e+03
 9.0000e+05	 9.7866e+03	 3.6061e+00	 3.0970e-01	 3.3315e+02	 9.8697e+03
 1.0000e+02	 9.8670e+03	 6.2977e+00	 1.9103e-01	 3.3315e+02	 9.8775e+03
 1.5000e+02	 9.8670e+03	 6.2573e+00	 1.7868e-01	 3.3316e+02	 9.8800e+03
 2.2500e+02	 9.8670e+03	 6.2225e+00	 1.7117e-01	 3.3316e+02	 9.8825e+03
 3.3750e+02	 9.8670e+03	 6.1880e+00	 1.6918e-01	 3.3315e+02	 9.8851e+03
 5.0625e+02	 9.8670e+03	 6.1538e+00	 1.7311e-01	 3.3315e+02	 9.8876e+03
 7.5938e+02	 9.8670e+03	 6.1185e+00	 1.8384e-01	 3.3316e+02	 9.8901e+03
 1.1391e+03	 9.8670e+03	 6.0811e+00	 2.0170e-01	 3.3316e+02	 9.8954e+03
 1.7086e+03	 9.8670e+03	 6.0398e+00	 2.2840e-01	 3.3316e+02	 9.8979e+03
 2.5629e+03	 9.8670e+03	 5.9929e+00	 2.6568e-01	 3.3315e+02	 9.9005e+03
 3.8443e+03	 9.8670e+03	 5.9371e+00	 3.1559e-01	 3.3316e+02	 9.9030e+03
 5.7665e+03	 9.8670e+03	 5.8693e+00	 3.8136e-01	 3.3315e+02	 9.9054e+03
 8.6498e+03	 9.8670e+03	 5.7832e+00	 4.6671e-01	 3.3315e+02	 9.9082e+03
 1.2975e+04	 9.8670e+03	 5.6684e+00	 5.7357e-01	 3.3316e+02	 9.9106e+03
 1.9462e+04	 9.8670e+03	 5.5101e+00	 6.9824e-01	 3.3315e+02	 9.9133e+03
 2.9193e+04	 9.8670e+03	 5.2914e+00	 8.2317e-01	 3.3315e+02	 9.9159e+03
 4.3789e+04	 9.8670e+03	 5.0104e+00	 9.1377e-01	 3.3315e+02	 9.9187e+03
 6.5684e+04	 9.8670e+03	 4.6949e+00	 9.3573e-01	 3.3315e+02	 9.9211e+03
 9.8526e+04	 9.8670e+03	 4.4016e+00	 8.8348e-01	 3.3315e+02	 9.9241e+03
 1.4779e+05	 9.8670e+03	 4.1508e+00	 7.8335e-01	 3.3315e+02	 9.9265e+03
 2.2168e+05	 9.8670e+03	 3.9583e+00	 6.7151e-01	 3.3314e+02	 9.9292e+03
 3.3253e+05	 9.8670e+03	 3.8116e+00	 5.7172e-01	 3.3315e+02	 9.9317e+03
 4.9879e+05	 9.8670e+03	-1.6564e+00	 4.7934e+01	 3.3315e+02	 9.9344e+03
 7.4818e+05	 9.8670e+03	 3.6430e+00	 3.4164e-01	 3.3315e+02	 9.9410e+03
 9.0000e+05	 9.8670e+03	 3.6075e+00	 3.0384e-01	 3.3315e+02	 9.9486e+03
 1.0000e+02	 9.9459e+03	 6.2974e+00	 1.9072e-01	 3.3315e+02	 9.9566e+03
 1.5000e+02	 9.9459e+03	 6.2559e+00	 1.7418e-01	 3.3315e+02	 9.9592e+03
 2.2500e+02	 9.9459e+03	 6.2222e+00	 1.7070e-01	 3.3315e+02	 9.9618e+03
 3.3750e+02	 9.9459e+03	 6.1877e+00	 1.6894e-01	 3.3315e+02	 9.9643e+03
 5.0625e+02	 9.9459e+03	 6.1535e+00	 1.7309e-01	 3.3315e+02	 9.9668e+03
 7.5938e+02	 9.9459e+03	 6.1186e+00	 1.8364e-01	 3.3315e+02	 9.9693e+03
 1.1391e+03	 9.9459e+03	 6.0809e+00	 2.0170e-01	 3.3316e+02	 9.9744e+03
 1.7086e+03	 9.9459e+03	 6.0400e+00	 2.2832e-01	 3.3315e+02	 9.9770e+03
 2.5629e+03	 9.9459e+03	 5.9928e+00	 2.6537e-01	 3.3315e+02	 9.9797e+03
 3.8443e+03	 9.9459e+03	 5.9369e+00	 3.1521e-01	 3.3315e+02	 9.9821e+03
 5.7665e+03	 9.9459e+03	 5.8695e+00	 3.8119e-01	 3.3315e+02	 9.9846e+03
 8.6498e+03	 9.9459e+03	 5.7834e+00	 4.6642e-01	 3.3315e+02	 9.9872e+03
 1.2975e+04	 9.9459e+03	 5.6688e+00	 5.7319e-01	 3.3315e+02	 9.9899e+03
 1.9462e+04	 9.9459e+03	 5.5108e+00	 6.9782e-01	 3.3315e+02	 9.9925e+03
 2.9193e+04	 9.9459e+03	 5.2922e+00	 8.2282e-01	 3.3315e+02	 9.9951e+03
 4.3789e+04	 9.9459e+03	 5.0116e+00	 9.1378e-01	 3.3315e+02	 9.9976e+03
 6.5684e+04	 9.9459e+03	 4.6957e+00	 9.3586e-01	 3.3315e+02	 1.0000e+04
 9.8526e+04	 9.9459e+03	 4.4023e+00	 8.8371e-01	 3.3315e+02	 1.0003e+04
 1.4779e+05	 9.9459e+03	 4.1513e+00	 7.8352e-01	 3.3315e+02	 1.0005e+04
 2.2168e+05	 9.9459e+03	 3.9588e+00	 6.7159e-01	 3.3315e+02	 1.0008e+04
 3.3253e+05	 9.9459e+03	 3.8122e+00	 5.7160e-01	 3.3315e+02	 1.0010e+04
 4.9879e+05	 9.9459e+03	-1.6545e+00	 4.7942e+01	 3.3315e+02	 1.0013e+04
 7.4818e+05	 9.9459e+03	 3.6443e+00	 3.3650e-01	 3.3315e+02	 1.0019e+04
 9.0000e+05	 9.9459e+03	 3.6079e+00	 3.0754e-01	 3.3315e+02	 1.0027e+04
 1.0000e+02	 1.0024e+04	 6.2973e+00	 1.9056e-01	 3.3315e+02	 1.0035e+04
 1.5000e+02	 1.0024e+04	 6.2530e+00	 1.7734e-01	 3.3315e+02	 1.0038e+04
 2.2500e+02	 1.0024e+04	 6.2222e+00	 1.7035e-01	 3.3315e+02	 1.0041e+04
 3.3750e+02	 1.0024e+04	 6.1878e+00	 1.6875e-01	 3.3315e+02	 1.0043e+04
 5.0625e+02	 1.0024e+04	 6.1535e+00	 1.7291e-01	 3.3315e+02	 1.0046e+04
 7.5938e+02	 1.0024e+04	 6.1185e+00	 1.8351e-01	 3.3315e+02	 1.0049e+04
 1.1391e+03	 1.0024e+04	 6.0812e+00	 2.0169e-01	 3.3315e+02	 1.0054e+04
 1.7086e+03	 1.0024e+04	 6.0401e+00	 2.2804e-01	 3.3315e+02	 1.0056e+04
 2.5629e+03	 1.0024e+04	 5.9930e+00	 2.6515e-01	 3.3315e+02	 1.0059e+04
 3.8443e+03	 1.0024e+04	 5.9372e+00	 3.1517e-01	 3.3315e+02	 1.0062e+04
 5.7665e+03	 1.0024e+04	 5.8696e+00	 3.8096e-01	 3.3315e+02	 1.0064e+04
 8.6498e+03	 1.0024e+04	 5.7836e+00	 4.6626e-01	 3.3315e+02	 1.0067e+04
 1.2975e+04	 1.0024e+04	 5.6690e+00	 5.7276e-01	 3.3314e+02	 1.0069e+04
 1.9462e+04	 1.0024e+04	 5.5111e+00	 6.9745e-01	 3.3315e+02	 1.0072e+04
 2.9193e+04	 1.0024e+04	 5.2928e+00	 8.2239e-01	 3.3315e+02	 1.0075e+04
 4.3789e+04	 1.0024e+04	 5.0122e+00	 9.1357e-01	 3.3315e+02	 1.0077e+04
 6.5684e+04	 1.0024e+04	 4.6965e+00	 9.3592e-01	 3.3315e+02	 1.0080e+04
 9.8526e+04	 1.0024e+04	 4.4029e+00	 8.8374e-01	 3.3315e+02	 1.0083e+04
 1.4779e+05	 1.0024e+04	 4.1517e+00	 7.8348e-01	 3.3315e+02	 1.0085e+04
 2.2168e+05	 1.0024e+04	 3.9592e+00	 6.7150e-01	 3.3314e+02	 1.0088e+04
 3.3253e+05	 1.0024e+04	 3.8127e+00	 5.7132e-01	 3.3315e+02	 1.0091e+04
 4.9879e+05	 1.0024e+04	-1.6514e+00	 4.7950e+01	 3.3314e+02	 1.0093e+04
 7.4818e+05	 1.0024e+04	 3.6452e+00	 3.3616e-01	 3.3315e+02	 1.0100e+04
 9.0000e+05	 1.0024e+04	 3.6090e+00	 3.0495e-01	 3.3315e+02	 1.0108e+04
 1.0000e+02	 1.0105e+04	 6.2969e+00	 1.9045e-01	 3.3314e+02	 1.0116e+04
 1.5000e+02	 1.0105e+04	 6.2587e+00	 1.8186e-01	 3.3315e+02	 1.0118e+04
 2.2500e+02	 1.0105e+04	 6.2218e+00	 1.7024e-01	 3.3315e+02	 1.0121e+04
 3.3750e+02	 1.0105e+04	 6.1876e+00	 1.6850e-01	 3.3315e+02	 1.0124e+04
 5.0625e+02	 1.0105e+04	 6.1537e+00	 1.7267e-01	 3.3315e+02	 1.0126e+04
 7.5938e+02	 1.0105e+04	 6.1186e+00	 1.8340e-01	 3.3315e+02	 1.0129e+04
 1.1391e+03	 1.0105e+04	 6.0813e+00	 2.0162e-01	 3.3315e+02	 1.0134e+04
 1.7086e+03	 1.0105e+04	 6.0402e+00	 2.2802e-01	 3.3316e+02	 1.0137e+04
 2.5629e+03	 1.0105e+04	 5.9933e+00	 2.6509e-01	 3.3315e+02	 1.0139e+04
 3.8443e+03	 1.0105e+04	 5.9376e+00	 3.1497e-01	 3.3315e+02	 1.0142e+04
 5.7665e+03	 1.0105e+04	 5.8698e+00	 3.8074e-01	 3.3315e+02	 1.0144e+04
 8.6498e+03	 1.0105e+04	 5.7840e+00	 4.6582e-01	 3.3315e+02	 1.0147e+04
 1.2975e+04	 1.0105e+04	 5.6694e+00	 5.7250e-01	 3.3315e+02	 1.0149e+04
 1.9462e+04	 1.0105e+04	 5.5118e+00	 6.9699e-01	 3.3315e+02	 1.0152e+04
 2.9193e+04	 1.0105e+04	 5.2939e+00	 8.2201e-01	 3.3315e+02	 1.0155e+04
 4.3789e+04	 1.0105e+04	 5.0133e+00	 9.1337e-01	 3.3315e+02	 1.0157e+04
 6.5684e+04	 1.0105e+04	 4.6976e+00	 9.3607e-01	 3.3315e+02	 1.0160e+04
 9.8526e+04	 1.0105e+04	 4.4038e+00	 8.8410e-01	 3.3315e+02	 1.0162e+04
 1.4779e+05	 1.0105e+04	 4.1524e+00	 7.8365e-01	 3.3315e+02	 1.0165e+04
 2.2168e+05	 1.0105e+04	 3.9599e+00	 6.7154e-01	 3.3315e+02	 1.0168e+04
 3.3253e+05	 1.0105e+04	 3.8132e+00	 5.7120e-01	 3.3315e+02	 1.0170e+04
 4.9879e+05	 1.0105e+04	-1.6480e+00	 4.7958e+01	 3.3315e+02	 1.0173e+04
 7.4818e+05	 1.0105e+04	 3.6456e+00	 3.3684e-01	 3.3315e+02	 1.0179e+04
 9.0000e+05	 1.0105e+04	 3.6099e+00	 3.0377e-01	 3.3316e+02	 1.0187e+04
 1.0000e+02	 1.0184e+04	 6.2968e+00	 1.9005e-01	 3.3316e+02	 1.0195e+04
 1.5000e+02	 1.0184e+04	 6.2548e+00	 1.7733e-01	 3.3315e+02	 1.0198e+04
 2.2500e+02	 1.0184e+04	 6.2218e+00	 1.6992e-01	 3.3316e+02	 1.0200e+04
 3.3750e+02	 1.0184e+04	 6.1876e+00	 1.6832e-01	 3.3315e+02	 1.0203e+04
 5.0625e+02	 1.0184e+04	 6.1538e+00	 1.7229e-01	 3.3315e+02	 1.0206e+04
 7.5938e+02	 1.0184e+04	 6.1185e+00	 1.8305e-01	 3.3315e+02	 1.0208e+04
 1.1391e+03	 1.0184e+04	 6.0814e+00	 2.0112e-01	 3.3315e+02	 1.0213e+04
 1.7086e+03	 1.0184e+04	 6.0406e+00	 2.2790e-01	 3.3315e+02	 1.0216e+04
 2.5629e+03	 1.0184e+04	 5.9934e+00	 2.6499e-01	 3.3315e+02	 1.0218e+04
 3.8443e+03	 1.0184e+04	 5.9376e+00	 3.1482e-01	 3.3316e+02	 1.0221e+04
 5.7665e+03	 1.0184e+04	 5.8700e+00	 3.8050e-01	 3.3315e+02	 1.0223e+04
 8.6498e+03	 1.0184e+04	 5.7843e+00	 4.6564e-01	 3.3315e+02	 1.0226e+04
 1.2975e+04	 1.0184e+04	 5.6697e+00	 5.7216e-01	 3.3315e+02	 1.0229e+04
 1.9462e+04	 1.0184e+04	 5.5124e+00	 6.9665e-01	 3.3315e+02	 1.0231e+04
 2.9193e+04	 1.0184e+04	 5.2945e+00	 8.2163e-01	 3.3315e+02	 1.0234e+04
 4.3789e+04	 1.0184e+04	 5.0142e+00	 9.1334e-01	 3.3315e+02	 1.0236e+04
 6.5684e+04	 1.0184e+04	 4.6984e+00	 9.3621e-01	 3.3315e+02	 1.0239e+04
 9.8526e+04	 1.0184e+04	 4.4045e+00	 8.8433e-01	 3.3315e+02	 1.0241e+04
 1.4779e+05	 1.0184e+04	 4.1530e+00	 7.8385e-01	 3.3315e+02	 1.0244e+04
 2.2168e+05	 1.0184e+04	 3.9602e+00	 6.7155e-01	 3.3315e+02	 1.0247e+04
 3.3253e+05	 1.0184e+04	 3.8138e+00	 5.7112e-01	 3.3315e+02	 1.0249e+04
 4.9879e+05	 1.0184e+04	-1.6458e+00	 4.7966e+01	 3.3315e+02	 1.0252e+04
 7.4818e+05	 1.0184e+04	 3.6461e+00	 3.3804e-01	 3.3315e+02	 1.0258e+04
 9.0000e+05	 1.0184e+04	 3.6103e+00	 3.0674e-01	 3.3315e+02	 1.0266e+04
 1.0000e+02	 1.0263e+04	 6.2966e+00	 1.8992e-01	 3.3316e+02	 1.0274e+04
 1.5000e+02	 1.0263e+04	 6.2596e+00	 1.7612e-01	 3.3315e+02	 1.0277e+04
 2.2500e+02	 1.0263e+04	 6.2217e+00	 1.6968e-01	 3.3315e+02	 1.0279e+04
 3.3750e+02	 1.0263e+04	 6.1877e+00	 1.6814e-01	 3.3315e+02	 1.0282e+04
 5.0625e+02	 1.0263e+04	 6.1540e+00	 1.7228e-01	 3.3316e+02	 1.0284e+04
 7.5938e+02	 1.0263e+04	 6.1188e+00	 1.8290e-01	 3.3315e+02	 1.0287e+04
 1.1391e+03	 1.0263e+04	 6.0812e+00	 2.0087e-01	 3.3315e+02	 1.0292e+04
 1.7086e+03	 1.0263e+04	 6.0406e+00	 2.2760e-01	 3.3315e+02	 1.0295e+04
 2.5629e+03	 1.0263e+04	 5.9936e+00	 2.6472e-01	 3.3315e+02	 1.0297e+04
 3.8443e+03	 1.0263e+04	 5.9376e+00	 3.1464e-01	 3.3315e+02	 1.0300e+04
 5.7665e+03	 1.0263e+04	 5.8703e+00	 3.8037e-01	 3.3315e+02	 1.0302e+04
 8.6498e+03	 1.0263e+04	 5.7845e+00	 4.6549e-01	 3.3316e+02	 1.0305e+04
 1.2975e+04	 1.0263e+04	 5.6702e+00	 5.7186e-01	 3.3316e+02	 1.0308e+04
 1.9462e+04	 1.0263e+04	 5.5127e+00	 6.9621e-01	 3.3316e+02	 1.0310e+04
 2.9193e+04	 1.0263e+04	 5.2952e+00	 8.2153e-01	 3.3315e+02	 1.0313e+04
 4.3789e+04	 1.0263e+04	 5.0151e+00	 9.1313e-01	 3.3315e+02	 1.0316e+04
 6.5684e+04	 1.0263e+04	 4.6991e+00	 9.3624e-01	 3.3315e+02	 1.0318e+04
 9.8526e+04	 1.0263e+04	 4.4050e+00	 8.8439e-01	 3.3315e+02	 1.0321e+04
 1.4779e+05	 1.0263e+04	 4.1533e+00	 7.8393e-01	 3.3315e+02	 1.0323e+04
 2.2168e+05	 1.0263e+04	 3.9607e+00	 6.7148e-01	 3.3315e+02	 1.0326e+04
 3.3253e+05	 1.0263e+04	 3.8142e+00	 5.7088e-01	 3.3315e+02	 1.0329e+04
 4.9879e+05	 1.0263e+04	-1.6421e+00	 4.7974e+01	 3.3315e+02	 1.0331e+04
 7.4818e+05	 1.0263e+04	 3.6468e+00	 3.3754e-01	 3.3316e+02	 1.0338e+04
 9.0000e+05	 1.0263e+04	 3.6111e+00	 3.0523e-01	 3.3315e+02	 1.0346e+04
 1.0000e+02	 1.0343e+04	 6.2965e+00	 1.8970e-01	 3.3315e+02	 1.0354e+04
 1.5000e+02	 1.0343e+04	 6.2569e+00	 1.7605e-01	 3.3315e+02	 1.0356e+04
 2.2500e+02	 1.0343e+04	 6.2219e+00	 1.6978e-01	 3.3315e+02	 1.0359e+04
 3.3750e+02	 1.0343e+04	 6.1875e+00	 1.6791e-01	 3.3315e+02	 1.0362e+04
 5.0625e+02	 1.0343e+04	 6.1538e+00	 1.7211e-01	 3.3315e+02	 1.0364e+04
 7.5938e+02	 1.0343e+04	 6.1188e+00	 1.8302e-01	 3.3315e+02	 1.0367e+04
 1.1391e+03	 1.0343e+04	 6.0816e+00	 2.0075e-01	 3.3315e+02	 1.0372e+04
 1.7086e+03	 1.0343e+04	 6.0408e+00	 2.2758e-01	 3.3316e+02	 1.0374e+04
 2.5629e+03	 1.0343e+04	 5.9935e+00	 2.6474e-01	 3.3315e+02	 1.0377e+04
 3.8443e+03	 1.0343e+04	 5.9380e+00	 3.1461e-01	 3.3315e+02	 1.0379e+04
 5.7665e+03	 1.0343e+04	 5.8704e+00	 3.8023e-01	 3.3315e+02	 1.0382e+04
 8.6498e+03	 1.0343e+04	 5.7846e+00	 4.6529e-01	 3.3315e+02	 1.0384e+04
 1.2975e+04	 1.0343e+04	 5.6702e+00	 5.7165e-01	 3.3315e+02	 1.0387e+04
 1.9462e+04	 1.0343e+04	 5.5131e+00	 6.9609e-01	 3.3315e+02	 1.0390e+04
 2.9193e+04	 1.0343e+04	 5.2955e+00	 8.2127e-01	 3.3315e+02	 1.0392e+04
 4.3789e+04	 1.0343e+04	 5.0156e+00	 9.1314e-01	 3.3315e+02	 1.0395e+04
 6.5684e+04	 1.0343e+04	 4.6995e+00	 9.3633e-01	 3.3314e+02	 1.0397e+04
 9.8526e+04	 1.0343e+04	 4.4053e+00	 8.8464e-01	 3.3315e+02	 1.0400e+04
 1.4779e+05	 1.0343e+04	 4.1535e+00	 7.8389e-01	 3.3315e+02	 1.0402e+04
 2.2168e+05	 1.0343e+04	 3.9608e+00	 6.7127e-01	 3.3315e+02	 1.0405e+04
 3.3253e+05	 1.0343e+04	 3.8145e+00	 5.7062e-01	 3.3314e+02	 1.0408e+04
 4.9879e+05	 1.0343e+04	-1.6366e+00	 4.7979e+01	 3.3314e+02	 1.0410e+04
 7.4818e+05	 1.0343e+04	 3.6473e+00	 3.3819e-01	 3.3315e+02	 1.0417e+04
 9.0000e+05	 1.0343e+04	 3.6115e+00	 3.0647e-01	 3.3314e+02	 1.0425e+04
 1.0000e+02	 1.0422e+04	 6.2963e+00	 1.8946e-01	 3.3315e+02	 1.0433e+04
 1.5000e+02	 1.0422e+04	 6.2577e+00	 1.7823e-01	 3.3315e+02	 1.0435e+04
 2.2500e+02	 1.0422e+04	 6.2217e+00	 1.6952e-01	 3.3315e+02	 1.0438e+04
 3.3750e+02	 1.0422e+04	 6.1876e+00	 1.6785e-01	 3.3315e+02	 1.0440e+04
 5.0625e+02	 1.0422e+04	 6.1535e+00	 1.7182e-01	 3.3315e+02	 1.0443e+04
 7.5938e+02	 1.0422e+04	 6.1188e+00	 1.8252e-01	 3.3315e+02	 1.0445e+04
 1.1391e+03	 1.0422e+04	 6.0817e+00	 2.0061e-01	 3.3315e+02	 1.0451e+04
 1.7086e+03	 1.0422e+04	 6.0407e+00	 2.2747e-01	 3.3315e+02	 1.0453e+04
 2.5629e+03	 1.0422e+04	 5.9937e+00	 2.6443e-01	 3.3315e+02	 1.0456e+04
 3.8443e+03	 1.0422e+04	 5.9380e+00	 3.1452e-01	 3.3315e+02	 1.0458e+04
 5.7665e+03	 1.0422e+04	 5.8704e+00	 3.8014e-01	 3.3315e+02	 1.0461e+04
 8.6498e+03	 1.0422e+04	 5.7848e+00	 4.6499e-01	 3.3315e+02	 1.0464e+04
 1.2975e+04	 1.0422e+04	 5.6705e+00	 5.7141e-01	 3.3315e+02	 1.0466e+04
 1.9462e+04	 1.0422e+04	 5.5136e+00	 6.9566e-01	 3.3315e+02	 1.0469e+04
 2.9193e+04	 1.0422e+04	 5.2963e+00	 8.2097e-01	 3.3315e+02	 1.0472e+04
 4.3789e+04	 1.0422e+04	 5.0164e+00	 9.1292e-01	 3.3315e+02	 1.0474e+04
 6.5684e+04	 1.0422e+04	 4.7004e+00	 9.3637e-01	 3.3315e+02	 1.0477e+04
 9.8526e+04	 1.0422e+04	 4.4058e+00	 8.8480e-01	 3.3315e+02	 1.0479e+04
 1.4779e+05	 1.0422e+04	 4.1539e+00	 7.8392e-01	 3.3314e+02	 1.0482e+04
 2.2168e+05	 1.0422e+04	 3.9613e+00	 6.7122e-01	 3.3315e+02	 1.0485e+04
 3.3253e+05	 1.0422e+04	 3.8150e+00	 5.7046e-01	 3.3315e+02	 1.0487e+04
 4.9879e+05	 1.0422e+04	-1.6337e+00	 4.7986e+01	 3.3315e+02	 1.0490e+04
 7.4818e+05	 1.0422e+04	 3.6484e+00	 3.3552e-01	 3.3315e+02	 1.0497e+04
 9.0000e+05	 1.0422e+04	 3.6129e+00	 3.0187e-01	 3.3315e+02	 1.0504e+04
 1.0000e+02	 1.0502e+04	 6.2963e+00	 1.8895e-01	 3.3315e+02	 1.0512e+04
 1.5000e+02	 1.0502e+04	 6.2569e+00	 1.7710e-01	 3.3315e+02	 1.0515e+04
 2.2500e+02	 1.0502e+04	 6.2219e+00	 1.6939e-01	 3.3315e+02	 1.0517e+04
 3.3750e+02	 1.0502e+04	 6.1873e+00	 1.6763e-01	 3.3315e+02	 1.0520e+04
 5.0625e+02	 1.0502e+04	 6.1538e+00	 1.7167e-01	 3.3315e+02	 1.0523e+04
 7.5938e+02	 1.0502e+04	 6.1190e+00	 1.8253e-01	 3.3315e+02	 1.0526e+04
 1.1391e+03	 1.0502e+04	 6.0819e+00	 2.0022e-01	 3.3315e+02	 1.0530e+04
 1.7086e+03	 1.0502e+04	 6.0409e+00	 2.2733e-01	 3.3315e+02	 1.0533e+04
 2.5629e+03	 1.0502e+04	 5.9939e+00	 2.6457e-01	 3.3315e+02	 1.0536e+04
 3.8443e+03	 1.0502e+04	 5.9382e+00	 3.1436e-01	 3.3315e+02	 1.0538e+04
 5.7665e+03	 1.0502e+04	 5.8708e+00	 3.7993e-01	 3.3315e+02	 1.0541e+04
 8.6498e+03	 1.0502e+04	 5.7851e+00	 4.6495e-01	 3.3315e+02	 1.0544e+04
 1.2975e+04	 1.0502e+04	 5.6709e+00	 5.7108e-01	 3.3315e+02	 1.0546e+04
 1.9462e+04	 1.0502e+04	 5.5141e+00	 6.9539e-01	 3.3315e+02	 1.0549e+04
 2.9193e+04	 1.0502e+04	 5.2969e+00	 8.2070e-01	 3.3315e+02	 1.0552e+04
 4.3789e+04	 1.0502e+04	 5.0171e+00	 9.1303e-01	 3.3315e+02	 1.0554e+04
 6.5684e+04	 1.0502e+04	 4.7011e+00	 9.3653e-01	 3.3315e+02	 1.0557e+04
 9.8526e+04	 1.0502e+04	 4.4063e+00	 8.8488e-01	 3.3315e+02	 1.0559e+04
 1.4779e+05	 1.0502e+04	 4.1543e+00	 7.8410e-01	 3.3315e+02	 1.0562e+04
 2.2168e+05	 1.0502e+04	 3.9616e+00	 6.7119e-01	 3.3315e+02	 1.0565e+04
 3.3253e+05	 1.0502e+04	 3.8155e+00	 5.7026e-01	 3.3315e+02	 1.0567e+04
 4.9879e+05	 1.0502e+04	-1.6292e+00	 4.7992e+01	 3.3315e+02	 1.0570e+04
 7.4818e+05	 1.0502e+04	 3.6491e+00	 3.3376e-01	 3.3315e+02	 1.0577e+04
 9.0000e+05	 1.0502e+04	 3.6133e+00	 3.0383e-01	 3.3315e+02	 1.0585e+04
 1.0000e+02	 1.0582e+04	 6.2960e+00	 1.8898e-01	 3.3315e+02	 1.0593e+04
 1.5000e+02	 1.0582e+04	 6.2547e+00	 1.7714e-01	 3.3315e+02	 1.0596e+04
 2.2500e+02	 1.0582e+04	 6.2214e+00	 1.6911e-01	 3.3315e+02	 1.0598e+04
 3.3750e+02	 1.0582e+04	 6.1877e+00	 1.6752e-01	 3.3315e+02	 1.0601e+04
 5.0625e+02	 1.0582e+04	 6.1536e+00	 1.7165e-01	 3.3315e+02	 1.0603e+04
 7.5938e+02	 1.0582e+04	 6.1188e+00	 1.8243e-01	 3.3315e+02	 1.0606e+04
 1.1391e+03	 1.0582e+04	 6.0821e+00	 2.0039e-01	 3.3315e+02	 1.0612e+04
 1.7086e+03	 1.0582e+04	 6.0411e+00	 2.2719e-01	 3.3315e+02	 1.0614e+04
 2.5629e+03	 1.0582e+04	 5.9942e+00	 2.6425e-01	 3.3315e+02	 1.0617e+04
 3.8443e+03	 1.0582e+04	 5.9383e+00	 3.1409e-01	 3.3315e+02	 1.0619e+04
 5.7665e+03	 1.0582e+04	 5.8710e+00	 3.7971e-01	 3.3315e+02	 1.0622e+04
 8.6498e+03	 1.0582e+04	 5.7854e+00	 4.6466e-01	 3.3315e+02	 1.0624e+04
 1.2975e+04	 1.0582e+04	 5.6712e+00	 5.7084e-01	 3.3315e+02	 1.0627e+04
 1.9462e+04	 1.0582e+04	 5.5144e+00	 6.9510e-01	 3.3315e+02	 1.0629e+04
 2.9193e+04	 1.0582e+04	 5.2976e+00	 8.2050e-01	 3.3315e+02	 1.0632e+04
 4.3789e+04	 1.0582e+04	 5.0179e+00	 9.1280e-01	 3.3315e+02	 1.0634e+04
 6.5684e+04	 1.0582e+04	 4.7019e+00	 9.3674e-01	 3.3315e+02	 1.0637e+04
 9.8526e+04	 1.0582e+04	 4.4070e+00	 8.8515e-01	 3.3315e+02	 1.0640e+04
 1.4779e+05	 1.0582e+04	 4.1547e+00	 7.8410e-01	 3.3315e+02	 1.0643e+04
 2.2168e+05	 1.0582e+04	 3.9620e+00	 6.7115e-01	 3.3315e+02	 1.0645e+04
 3.3253e+05	 1.0582e+04	 3.8160e+00	 5.7013e-01	 3.3315e+02	 1.0648e+04
 4.9879e+05	 1.0582e+04	-1.6263e+00	 4.8000e+01	 3.3315e+02	 1.0650e+04
 7.4818e+05	 1.0582e+04	 3.6495e+00	 3.3635e-01	 3.3315e+02	 1.0657e+04
 9.0000e+05	 1.0582e+04	 3.6139e+00	 3.0512e-01	 3.3315e+02	 1.0664e+04
 1.0000e+02	 1.0662e+04	 6.2958e+00	 1.8842e-01	 3.3315e+02	 1.0673e+04
 1.5000e+02	 1.0662e+04	 6.2603e+00	 1.7604e-01	 3.3315e+02	 1.0676e+04
 2.2500e+02	 1.0662e+04	 6.2215e+00	 1.6881e-01	 3.3315e+02	 1.0678e+04
 3.3750e+02	 1.0662e+04	 6.1875e+00	 1.6728e-01	 3.3315e+02	 1.0681e+04
 5.0625e+02	 1.0662e+04	 6.1538e+00	 1.7132e-01	 3.3315e+02	 1.0683e+04
 7.5938e+02	 1.0662e+04	 6.1190e+00	 1.8227e-01	 3.3315e+02	 1.0686e+04
 1.1391e+03	 1.0662e+04	 6.0822e+00	 2.0012e-01	 3.3314e+02	 1.0691e+04
 1.7086e+03	 1.0662e+04	 6.0411e+00	 2.2708e-01	 3.3314e+02	 1.0693e+04
 2.5629e+03	 1.0662e+04	 5.9942e+00	 2.6419e-01	 3.3315e+02	 1.0696e+04
 3.8443e+03	 1.0662e+04	 5.9386e+00	 3.1409e-01	 3.3314e+02	 1.0699e+04
 5.7665e+03	 1.0662e+04	 5.8709e+00	 3.7980e-01	 3.3315e+02	 1.0701e+04
 8.6498e+03	 1.0662e+04	 5.7855e+00	 4.6452e-01	 3.3315e+02	 1.0704e+04
 1.2975e+04	 1.0662e+04	 5.6713e+00	 5.7057e-01	 3.3315e+02	 1.0706e+04
 1.9462e+04	 1.0662e+04	 5.5147e+00	 6.9469e-01	 3.3315e+02	 1.0709e+04
 2.9193e+04	 1.0662e+04	 5.2982e+00	 8.2027e-01	 3.3315e+02	 1.0712e+04
 4.3789e+04	 1.0662e+04	 5.0188e+00	 9.1267e-01	 3.3315e+02	 1.0715e+04
 6.5684e+04	 1.0662e+04	 4.7025e+00	 9.3676e-01	 3.3314e+02	 1.0717e+04
 9.8526e+04	 1.0662e+04	 4.4075e+00	 8.8531e-01	 3.3315e+02	 1.0720e+04
 1.4779e+05	 1.0662e+04	 4.1551e+00	 7.8424e-01	 3.3315e+02	 1.0722e+04
 2.2168e+05	 1.0662e+04	 3.9624e+00	 6.7107e-01	 3.3316e+02	 1.0725e+04
 3.3253e+05	 1.0662e+04	 3.8164e+00	 5.7001e-01	 3.3316e+02	 1.0728e+04
 4.9879e+05	 1.0662e+04	-1.6225e+00	 4.8007e+01	 3.3315e+02	 1.0730e+04
 7.4818e+05	 1.0662e+04	 3.6501e+00	 3.3721e-01	 3.3315e+02	 1.0737e+04
 9.0000e+05	 1.0662e+04	 3.6149e+00	 3.0236e-01	 3.3315e+02	 1.0745e+04
 1.0000e+02	 1.0742e+04	 6.2956e+00	 1.8840e-01	 3.3316e+02	 1.0752e+04
 1.5000e+02	 1.0742e+04	 6.2560e+00	 1.7806e-01	 3.3316e+02	 1.0755e+04
 2.2500e+02	 1.0742e+04	 6.2213e+00	 1.6882e-01	 3.3315e+02	 1.0758e+04
 3.3750e+02	 1.0742e+04	 6.1874e+00	 1.6697e-01	 3.3316e+02	 1.0760e+04
 5.0625e+02	 1.0742e+04	 6.1537e+00	 1.7112e-01	 3.3315e+02	 1.0763e+04
 7.5938e+02	 1.0742e+04	 6.1193e+00	 1.8214e-01	 3.3315e+02	 1.0766e+04
 1.1391e+03	 1.0742e+04	 6.0820e+00	 2.0014e-01	 3.3316e+02	 1.0771e+04
 1.7086e+03	 1.0742e+04	 6.0415e+00	 2.2685e-01	 3.3316e+02	 1.0774e+04
 2.5629e+03	 1.0742e+04	 5.9944e+00	 2.6405e-01	 3.3315e+02	 1.0776e+04
 3.8443e+03	 1.0742e+04	 5.9389e+00	 3.1395e-01	 3.3316e+02	 1.0779e+04
 5.7665e+03	 1.0742e+04	 5.8713e+00	 3.7955e-01	 3.3315e+02	 1.0782e+04
 8.6498e+03	 1.0742e+04	 5.7860e+00	 4.6437e-01	 3.3316e+02	 1.0784e+04
 1.2975e+04	 1.0742e+04	 5.6718e+00	 5.7037e-01	 3.3316e+02	 1.0787e+04
 1.9462e+04	 1.0742e+04	 5.5151e+00	 6.9428e-01	 3.3316e+02	 1.0790e+04
 2.9193e+04	 1.0742e+04	 5.2988e+00	 8.1973e-01	 3.3315e+02	 1.0792e+04
 4.3789e+04	 1.0742e+04	 5.0194e+00	 9.1244e-01	 3.3315e+02	 1.0795e+04
 6.5684e+04	 1.0742e+04	 4.7034e+00	 9.3691e-01	 3.3315e+02	 1.0797e+04
 9.8526e+04	 1.0742e+04	 4.4080e+00	 8.8547e-01	 3.3315e+02	 1.0800e+04
 1.4779e+05	 1.0742e+04	 4.1555e+00	 7.8431e-01	 3.3315e+02	 1.0802e+04
 2.2168e+05	 1.0742e+04	 3.9627e+00	 6.7099e-01	 3.3315e+02	 1.0805e+04
 3.3253e+05	 1.0742e+04	 3.8168e+00	 5.6977e-01	 3.3315e+02	 1.0808e+04
 4.9879e+05	 1.0742e+04	-1.6190e+00	 4.8012e+01	 3.3315e+02	 1.0810e+04
 7.4818e+05	 1.0742e+04	 3.6511e+00	 3.3322e-01	 3.3315e+02	 1.0817e+04
 9.0000e+05	 1.0742e+04	 3.6155e+00	 3.0120e-01	 3.3315e+02	 1.0825e+04
 1.0000e+02	 1.0822e+04	 6.2956e+00	 1.8814e-01	 3.3315e+02	 1.0833e+04
 1.5000e+02	 1.0822e+04	 6.2568e+00	 1.7370e-01	 3.3315e+02	 1.0835e+04
 2.2500e+02	 1.0822e+04	 6.2214e+00	 1.6861e-01	 3.3315e+02	 1.0838e+04
 3.3750e+02	 1.0822e+04	 6.1874e+00	 1.6690e-01	 3.3315e+02	 1.0840e+04
 5.0625e+02	 1.0822e+04	 6.1537e+00	 1.7122e-01	 3.3315e+02	 1.0843e+04
 7.5938e+02	 1.0822e+04	 6.1191e+00	 1.8206e-01	 3.3315e+02	 1.0846e+04
 1.1391e+03	 1.0822e+04	 6.0821e+00	 1.9966e-01	 3.3315e+02	 1.0850e+04
 1.7086e+03	 1.0822e+04	 6.0415e+00	 2.2696e-01	 3.3315e+02	 1.0853e+04
 2.5629e+03	 1.0822e+04	 5.9944e+00	 2.6401e-01	 3.3315e+02	 1.0856e+04
 3.8443e+03	 1.0822e+04	 5.9390e+00	 3.1381e-01	 3.3315e+02	 1.0859e+04
 5.7665e+03	 1.0822e+04	 5.8714e+00	 3.7953e-01	 3.3315e+02	 1.0861e+04
 8.6498e+03	 1.0822e+04	 5.7858e+00	 4.6422e-01	 3.3315e+02	 1.0864e+04
 1.2975e+04	 1.0822e+04	 5.6721e+00	 5.7030e-01	 3.3315e+02	 1.0866e+04
 1.9462e+04	 1.0822e+04	 5.5153e+00	 6.9419e-01	 3.3315e+02	 1.0869e+04
 2.9193e+04	 1.0822e+04	 5.2990e+00	 8.1962e-01	 3.3315e+02	 1.0872e+04
 4.3789e+04	 1.0822e+04	 5.0198e+00	 9.1262e-01	 3.3315e+02	 1.0874e+04
 6.5684e+04	 1.0822e+04	 4.7036e+00	 9.3702e-01	 3.3315e+02	 1.0877e+04
 9.8526e+04	 1.0822e+04	 4.4082e+00	 8.8559e-01	 3.3315e+02	 1.0879e+04
 1.4779e+05	 1.0822e+04	 4.1556e+00	 7.8433e-01	 3.3315e+02	 1.0882e+04
 2.2168e+05	 1.0822e+04	 3.9629e+00	 6.7085e-01	 3.3314e+02	 1.0884e+04
 3.3253e+05	 1.0822e+04	 3.8171e+00	 5.6943e-01	 3.3315e+02	 1.0887e+04
 4.9879e+05	 1.0822e+04	-1.6133e+00	 4.8018e+01	 3.3315e+02	 1.0890e+04
 7.4818e+05	 1.0822e+04	 3.6514e+00	 3.3539e-01	 3.3315e+02	 1.0896e+04
 9.0000e+05	 1.0822e+04	 3.6157e+00	 3.0570e-01	 3.3315e+02	 1.0905e+04
 1.0000e+02	 1.0902e+04	 6.2951e+00	 1.8826e-01	 3.3315e+02	 1.0913e+04
 1.5000e+02	 1.0902e+04	 6.2569e+00	 1.7385e-01	 3.3315e+02	 1.0915e+04
 2.2500e+02	 1.0902e+04	 6.2213e+00	 1.6832e-01	 3.3314e+02	 1.0918e+04
 3.3750e+02	 1.0902e+04	 6.1874e+00	 1.6683e-01	 3.3315e+02	 1.0921e+04
 5.0625e+02	 1.0902e+04	 6.1538e+00	 1.7108e-01	 3.3315e+02	 1.0923e+04
 7.5938e+02	 1.0902e+04	 6.1193e+00	 1.8171e-01	 3.3315e+02	 1.0926e+04
 1.1391e+03	 1.0902e+04	 6.0822e+00	 2.0019e-01	 3.3314e+02	 1.0931e+04
 1.7086e+03	 1.0902e+04	 6.0416e+00	 2.2685e-01	 3.3315e+02	 1.0934e+04
 2.5629e+03	 1.0902e+04	 5.9947e+00	 2.6404e-01	 3.3315e+02	 1.0936e+04
 3.8443e+03	 1.0902e+04	 5.9389e+00	 3.1384e-01	 3.3315e+02	 1.0939e+04
 5.7665e+03	 1.0902e+04	 5.8715e+00	 3.7946e-01	 3.3315e+02	 1.0941e+04
 8.6498e+03	 1.0902e+04	 5.7860e+00	 4.6422e-01	 3.3315e+02	 1.0944e+04
 1.2975e+04	 1.0902e+04	 5.6721e+00	 5.7008e-01	 3.3315e+02	 1.0947e+04
 1.9462e+04	 1.0902e+04	 5.5154e+00	 6.9402e-01	 3.3315e+02	 1.0949e+04
 2.9193e+04	 1.0902e+04	 5.2993e+00	 8.1953e-01	 3.3315e+02	 1.0952e+04
 4.3789e+04	 1.0902e+04	 5.0201e+00	 9.1240e-01	 3.3314e+02	 1.0954e+04
 6.5684e+04	 1.0902e+04	 4.7040e+00	 9.3703e-01	 3.3314e+02	 1.0957e+04
 9.8526e+04	 1.0902e+04	 4.4084e+00	 8.8563e-01	 3.3315e+02	 1.0960e+04
 1.4779e+05	 1.0902e+04	 4.1557e+00	 7.8425e-01	 3.3315e+02	 1.0962e+04
 2.2168e+05	 1.0902e+04	 3.9630e+00	 6.7074e-01	 3.3314e+02	 1.0965e+04
 3.3253e+05	 1.0902e+04	 3.8173e+00	 5.6918e-01	 3.3314e+02	 1.0967e+04
 4.9879e+05	 1.0902e+04	-1.6095e+00	 4.8023e+01	 3.3315e+02	 1.0970e+04
 7.4818e+05	 1.0902e+04	 3.6517e+00	 3.3686e-01	 3.3315e+02	 1.0976e+04
 9.0000e+05	 1.0902e+04	 3.6164e+00	 3.0391e-01	 3.3315e+02	 1.0984e+04
 1.0000e+02	 1.0981e+04	 6.2953e+00	 1.8786e-01	 3.3315e+02	 1.0992e+04
 1.5000e+02	 1.0981e+04	 6.2581e+00	 1.7671e-01	 3.3315e+02	 1.0995e+04
 2.2500e+02	 1.0981e+04	 6.2212e+00	 1.6836e-01	 3.3315e+02	 1.0998e+04
 3.3750e+02	 1.0981e+04	 6.1873e+00	 1.6668e-01	 3.3315e+02	 1.1000e+04
 5.0625e+02	 1.0981e+04	 6.1536e+00	 1.7084e-01	 3.3315e+02	 1.1003e+04
 7.5938e+02	 1.0981e+04	 6.1196e+00	 1.8181e-01	 3.3315e+02	 1.1006e+04
 1.1391e+03	 1.0981e+04	 6.0824e+00	 1.9967e-01	 3.3315e+02	 1.1011e+04
 1.7086e+03	 1.0981e+04	 6.0418e+00	 2.2670e-01	 3.3315e+02	 1.1014e+04
 2.5629e+03	 1.0981e+04	 5.9947e+00	 2.6380e-01	 3.3315e+02	 1.1016e+04
 3.8443e+03	 1.0981e+04	 5.9391e+00	 3.1362e-01	 3.3315e+02	 1.1019e+04
 5.7665e+03	 1.0981e+04	 5.8717e+00	 3.7942e-01	 3.3315e+02	 1.1021e+04
 8.6498e+03	 1.0981e+04	 5.7862e+00	 4.6391e-01	 3.3315e+02	 1.1024e+04
 1.2975e+04	 1.0981e+04	 5.6723e+00	 5.6976e-01	 3.3315e+02	 1.1027e+04
 1.9462e+04	 1.0981e+04	 5.5163e+00	 6.9378e-01	 3.3315e+02	 1.1030e+04
 2.9193e+04	 1.0981e+04	 5.3000e+00	 8.1913e-01	 3.3316e+02	 1.1032e+04
 4.3789e+04	 1.0981e+04	 5.0210e+00	 9.1224e-01	 3.3315e+02	 1.1035e+04
 6.5684e+04	 1.0981e+04	 4.7048e+00	 9.3711e-01	 3.3315e+02	 1.1037e+04
 9.8526e+04	 1.0981e+04	 4.4091e+00	 8.8585e-01	 3.3316e+02	 1.1040e+04
 1.4779e+05	 1.0981e+04	 4.1563e+00	 7.8449e-01	 3.3315e+02	 1.1042e+04
 2.2168e+05	 1.0981e+04	 3.9635e+00	 6.7069e-01	 3.3315e+02	 1.1045e+04
 3.3253e+05	 1.0981e+04	 3.8177e+00	 5.6896e-01	 3.3315e+02	 1.1048e+04
 4.9879e+05	 1.0981e+04	-1.6059e+00	 4.8029e+01	 3.3315e+02	 1.1050e+04
 7.4818e+05	 1.0981e+04	 3.6526e+00	 3.3430e-01	 3.3315e+02	 1.1057e+04
 9.0000e+05	 1.0981e+04	 3.6174e+00	 3.0125e-01	 3.3315e+02	 1.1065e+04
 1.0000e+02	 1.1062e+04	 6.2947e+00	 1.8742e-01	 3.3315e+02	 1.1073e+04
 1.5000e+02	 1.1062e+04	 6.2539e+00	 1.7700e-01	 3.3315e+02	 1.1075e+04
 2.2500e+02	 1.1062e+04	 6.2211e+00	 1.6816e-01	 3.3315e+02	 1.1078e+04
 3.3750e+02	 1.1062e+04	 6.1872e+00	 1.6647e-01	 3.3315e+02	 1.1080e+04
 5.0625e+02	 1.1062e+04	 6.1538e+00	 1.7049e-01	 3.3314e+02	 1.1083e+04
 7.5938e+02	 1.1062e+04	 6.1195e+00	 1.8141e-01	 3.3315e+02	 1.1086e+04
 1.1391e+03	 1.1062e+04	 6.0824e+00	 1.9955e-01	 3.3315e+02	 1.1091e+04
 1.7086e+03	 1.1062e+04	 6.0419e+00	 2.2652e-01	 3.3315e+02	 1.1093e+04
 2.5629e+03	 1.1062e+04	 5.9950e+00	 2.6376e-01	 3.3315e+02	 1.1096e+04
 3.8443e+03	 1.1062e+04	 5.9394e+00	 3.1372e-01	 3.3315e+02	 1.1099e+04
 5.7665e+03	 1.1062e+04	 5.8718e+00	 3.7922e-01	 3.3315e+02	 1.1101e+04
 8.6498e+03	 1.1062e+04	 5.7863e+00	 4.6392e-01	 3.3315e+02	 1.1104e+04
 1.2975e+04	 1.1062e+04	 5.6725e+00	 5.6963e-01	 3.3315e+02	 1.1106e+04
 1.9462e+04	 1.1062e+04	 5.5165e+00	 6.9350e-01	 3.3315e+02	 1.1109e+04
 2.9193e+04	 1.1062e+04	 5.3005e+00	 8.1907e-01	 3.3315e+02	 1.1112e+04
 4.3789e+04	 1.1062e+04	 5.0216e+00	 9.1217e-01	 3.3315e+02	 1.1114e+04
 6.5684e+04	 1.1062e+04	 4.7052e+00	 9.3713e-01	 3.3315e+02	 1.1117e+04
 9.8526e+04	 1.1062e+04	 4.4094e+00	 8.8609e-01	 3.3316e+02	 1.1119e+04
 1.4779e+05	 1.1062e+04	 4.1564e+00	 7.8442e-01	 3.3315e+02	 1.1122e+04
 2.2168e+05	 1.1062e+04	 3.9636e+00	 6.7055e-01	 3.3314e+02	 1.1124e+04
 3.3253e+05	 1.1062e+04	 3.8180e+00	 5.6876e-01	 3.3315e+02	 1.1127e+04
 4.9879e+05	 1.1062e+04	-1.6024e+00	 4.8034e+01	 3.3315e+02	 1.1130e+04
 7.4818e+05	 1.1062e+04	 3.6530e+00	 3.3585e-01	 3.3315e+02	 1.1136e+04
 9.0000e+05	 1.1062e+04	 3.6176e+00	 3.0394e-01	 3.3315e+02	 1.1144e+04
 1.0000e+02	 1.1141e+04	 6.2948e+00	 1.8717e-01	 3.3315e+02	 1.1152e+04
 1.5000e+02	 1.1141e+04	 6.2586e+00	 1.7553e-01	 3.3315e+02	 1.1154e+04
 2.2500e+02	 1.1141e+04	 6.2211e+00	 1.6785e-01	 3.3315e+02	 1.1157e+04
 3.3750e+02	 1.1141e+04	 6.1872e+00	 1.6636e-01	 3.3316e+02	 1.1160e+04
 5.0625e+02	 1.1141e+04	 6.1538e+00	 1.7046e-01	 3.3315e+02	 1.1162e+04
 7.5938e+02	 1.1141e+04	 6.1192e+00	 1.8147e-01	 3.3316e+02	 1.1165e+04
 1.1391e+03	 1.1141e+04	 6.0825e+00	 1.9925e-01	 3.3315e+02	 1.1170e+04
 1.7086e+03	 1.1141e+04	 6.0419e+00	 2.2648e-01	 3.3315e+02	 1.1172e+04
 2.5629e+03	 1.1141e+04	 5.9952e+00	 2.6370e-01	 3.3315e+02	 1.1175e+04
 3.8443e+03	 1.1141e+04	 5.9394e+00	 3.1356e-01	 3.3315e+02	 1.1178e+04
 5.7665e+03	 1.1141e+04	 5.8720e+00	 3.7915e-01	 3.3315e+02	 1.1180e+04
 8.6498e+03	 1.1141e+04	 5.7866e+00	 4.6371e-01	 3.3315e+02	 1.1183e+04
 1.2975e+04	 1.1141e+04	 5.6727e+00	 5.6944e-01	 3.3315e+02	 1.1185e+04
 1.9462e+04	 1.1141e+04	 5.5170e+00	 6.9326e-01	 3.3315e+02	 1.1188e+04
 2.9193e+04	 1.1141e+04	 5.3011e+00	 8.1870e-01	 3.3315e+02	 1.1191e+04
 4.3789e+04	 1.1141e+04	 5.0222e+00	 9.1211e-01	 3.3315e+02	 1.1194e+04
 6.5684e+04	 1.1141e+04	 4.7060e+00	 9.3731e-01	 3.3315e+02	 1.1196e+04
 9.8526e+04	 1.1141e+04	 4.4099e+00	 8.8614e-01	 3.3315e+02	 1.1198e+04
 1.4779e+05	 1.1141e+04	 4.1568e+00	 7.8463e-01	 3.3315e+02	 1.1201e+04
 2.2168e+05	 1.1141e+04	 3.9640e+00	 6.7045e-01	 3.3315e+02	 1.1204e+04
 3.3253e+05	 1.1141e+04	 3.8184e+00	 5.6858e-01	 3.3315e+02	 1.1206e+04
 4.9879e+05	 1.1141e+04	-1.5971e+00	 4.8040e+01	 3.3315e+02	 1.1209e+04
 7.4818e+05	 1.1141e+04	 3.6537e+00	 3.3530e-01	 3.3315e+02	 1.1215e+04
 9.0000e+05	 1.1141e+04	 3.6183e+00	 3.0210e-01	 3.3316e+02	 1.1223e+04
 1.0000e+02	 1.1221e+04	 6.2946e+00	 1.8728e-01	 3.3315e+02	 1.1231e+04
 1.5000e+02	 1.1221e+04	 6.2552e+00	 1.7365e-01	 3.3315e+02	 1.1234e+04
 2.2500e+02	 1.1221e+04	 6.2208e+00	 1.6763e-01	 3.3315e+02	 1.1236e+04
 3.3750e+02	 1.1221e+04	 6.1872e+00	 1.6615e-01	 3.3315e+02	 1.1239e+04
 5.0625e+02	 1.1221e+04	 6.1538e+00	 1.7052e-01	 3.3315e+02	 1.1242e+04
 7.5938e+02	 1.1221e+04	 6.1197e+00	 1.8124e-01	 3.3315e+02	 1.1245e+04
 1.1391e+03	 1.1221e+04	 6.0823e+00	 1.9964e-01	 3.3315e+02	 1.1250e+04
 1.7086e+03	 1.1221e+04	 6.0418e+00	 2.2640e-01	 3.3315e+02	 1.1252e+04
 2.5629e+03	 1.1221e+04	 5.9950e+00	 2.6368e-01	 3.3315e+02	 1.1254e+04
 3.8443e+03	 1.1221e+04	 5.9396e+00	 3.1352e-01	 3.3315e+02	 1.1257e+04
 5.7665e+03	 1.1221e+04	 5.8721e+00	 3.7904e-01	 3.3315e+02	 1.1260e+04
 8.6498e+03	 1.1221e+04	 5.7866e+00	 4.6362e-01	 3.3316e+02	 1.1263e+04
 1.2975e+04	 1.1221e+04	 5.6727e+00	 5.6936e-01	 3.3315e+02	 1.1265e+04
 1.9462e+04	 1.1221e+04	 5.5169e+00	 6.9313e-01	 3.3315e+02	 1.1268e+04
 2.9193e+04	 1.1221e+04	 5.3013e+00	 8.1875e-01	 3.3315e+02	 1.1270e+04
 4.3789e+04	 1.1221e+04	 5.0226e+00	 9.1206e-01	 3.3315e+02	 1.1273e+04
 6.5684e+04	 1.1221e+04	 4.7061e+00	 9.3744e-01	 3.3315e+02	 1.1275e+04
 9.8526e+04	 1.1221e+04	 4.4101e+00	 8.8624e-01	 3.3315e+02	 1.1278e+04
 1.4779e+05	 1.1221e+04	 4.1570e+00	 7.8462e-01	 3.3315e+02	 1.1281e+04
 2.2168e+05	 1.1221e+04	 3.9642e+00	 6.7033e-01	 3.3315e+02	 1.1283e+04
 3.3253e+05	 1.1221e+04	 3.8188e+00	 5.6839e-01	 3.3315e+02	 1.1286e+04
 4.9879e+05	 1.1221e+04	-1.5943e+00	 4.8045e+01	 3.3315e+02	 1.1289e+04
 7.4818e+05	 1.1221e+04	 3.6541e+00	 3.3614e-01	 3.3315e+02	 1.1296e+04
 9.0000e+05	 1.1221e+04	 3.6191e+00	 3.0156e-01	 3.3316e+02	 1.1303e+04
 1.0000e+02	 1.1300e+04	 6.2946e+00	 1.8673e-01	 3.3315e+02	 1.1311e+04
 1.5000e+02	 1.1300e+04	 6.2560e+00	 1.7419e-01	 3.3315e+02	 1.1314e+04
 2.2500e+02	 1.1300e+04	 6.2210e+00	 1.6754e-01	 3.3315e+02	 1.1316e+04
 3.3750e+02	 1.1300e+04	 6.1871e+00	 1.6599e-01	 3.3315e+02	 1.1319e+04
 5.0625e+02	 1.1300e+04	 6.1540e+00	 1.7035e-01	 3.3315e+02	 1.1321e+04
 7.5938e+02	 1.1300e+04	 6.1196e+00	 1.8130e-01	 3.3315e+02	 1.1324e+04
 1.1391e+03	 1.1300e+04	 6.0826e+00	 1.9947e-01	 3.3315e+02	 1.1329e+04
 1.7086e+03	 1.1300e+04	 6.0421e+00	 2.2630e-01	 3.3315e+02	 1.1331e+04
 2.5629e+03	 1.1300e+04	 5.9952e+00	 2.6364e-01	 3.3315e+02	 1.1334e+04
 3.8443e+03	 1.1300e+04	 5.9398e+00	 3.1353e-01	 3.3315e+02	 1.1336e+04
 5.7665e+03	 1.1300e+04	 5.8723e+00	 3.7911e-01	 3.3315e+02	 1.1339e+04
 8.6498e+03	 1.1300e+04	 5.7867e+00	 4.6373e-01	 3.3315e+02	 1.1341e+04
 1.2975e+04	 1.1300e+04	 5.6730e+00	 5.6929e-01	 3.3315e+02	 1.1344e+04
 1.9462e+04	 1.1300e+04	 5.5172e+00	 6.9300e-01	 3.3315e+02	 1.1346e+04
 2.9193e+04	 1.1300e+04	 5.3015e+00	 8.1848e-01	 3.3315e+02	 1.1349e+04
 4.3789e+04	 1.1300e+04	 5.0229e+00	 9.1212e-01	 3.3315e+02	 1.1352e+04
 6.5684e+04	 1.1300e+04	 4.7065e+00	 9.3753e-01	 3.3314e+02	 1.1354e+04
 9.8526e+04	 1.1300e+04	 4.4102e+00	 8.8621e-01	 3.3315e+02	 1.1357e+04
 1.4779e+05	 1.1300e+04	 4.1570e+00	 7.8451e-01	 3.3315e+02	 1.1360e+04
 2.2168e+05	 1.1300e+04	 3.9641e+00	 6.7007e-01	 3.3315e+02	 1.1362e+04
 3.3253e+05	 1.1300e+04	 3.8189e+00	 5.6798e-01	 3.3314e+02	 1.1365e+04
 4.9879e+05	 1.1300e+04	-1.5886e+00	 4.8049e+01	 3.3315e+02	 1.1367e+04
 7.4818e+05	 1.1300e+04	 3.6551e+00	 3.3016e-01	 3.3315e+02	 1.1374e+04
 9.0000e+05	 1.1300e+04	 3.6199e+00	 2.9873e-01	 3.3314e+02	 1.1382e+04
 1.0000e+02	 1.1379e+04	 6.2941e+00	 1.8680e-01	 3.3315e+02	 1.1390e+04
 1.5000e+02	 1.1379e+04	 6.2558e+00	 1.7330e-01	 3.3315e+02	 1.1392e+04
 2.2500e+02	 1.1379e+04	 6.2210e+00	 1.6734e-01	 3.3315e+02	 1.1395e+04
 3.3750e+02	 1.1379e+04	 6.1873e+00	 1.6588e-01	 3.3315e+02	 1.1398e+04
 5.0625e+02	 1.1379e+04	 6.1538e+00	 1.7038e-01	 3.3315e+02	 1.1400e+04
 7.5938e+02	 1.1379e+04	 6.1196e+00	 1.8090e-01	 3.3315e+02	 1.1403e+04
 1.1391e+03	 1.1379e+04	 6.0827e+00	 1.9905e-01	 3.3315e+02	 1.1408e+04
 1.7086e+03	 1.1379e+04	 6.0422e+00	 2.2615e-01	 3.3316e+02	 1.1411e+04
 2.5629e+03	 1.1379e+04	 5.9955e+00	 2.6368e-01	 3.3315e+02	 1.1413e+04
 3.8443e+03	 1.1379e+04	 5.9398e+00	 3.1336e-01	 3.3315e+02	 1.1416e+04
 5.7665e+03	 1.1379e+04	 5.8723e+00	 3.7903e-01	 3.3315e+02	 1.1418e+04
 8.6498e+03	 1.1379e+04	 5.7868e+00	 4.6354e-01	 3.3315e+02	 1.1421e+04
 1.2975e+04	 1.1379e+04	 5.6731e+00	 5.6917e-01	 3.3315e+02	 1.1423e+04
 1.9462e+04	 1.1379e+04	 5.5174e+00	 6.9293e-01	 3.3315e+02	 1.1426e+04
 2.9193e+04	 1.1379e+04	 5.3017e+00	 8.1828e-01	 3.3315e+02	 1.1429e+04
 4.3789e+04	 1.1379e+04	 5.0231e+00	 9.1206e-01	 3.3315e+02	 1.1432e+04
 6.5684e+04	 1.1379e+04	 4.7068e+00	 9.3746e-01	 3.3315e+02	 1.1434e+04
 9.8526e+04	 1.1379e+04	 4.4104e+00	 8.8637e-01	 3.3316e+02	 1.1437e+04
 1.4779e+05	 1.1379e+04	 4.1570e+00	 7.8440e-01	 3.3315e+02	 1.1439e+04
 2.2168e+05	 1.1379e+04	 3.9643e+00	 6.6992e-01	 3.3315e+02	 1.1442e+04
 3.3253e+05	 1.1379e+04	 3.8192e+00	 5.6775e-01	 3.3316e+02	 1.1444e+04
 4.9879e+05	 1.1379e+04	-1.5840e+00	 4.8053e+01	 3.3315e+02	 1.1447e+04
 7.4818e+05	 1.1379e+04	 3.6553e+00	 3.3321e-01	 3.3315e+02	 1.1453e+04
 9.0000e+05	 1.1379e+04	 3.6201e+00	 3.0045e-01	 3.3315e+02	 1.1461e+04
 1.0000e+02	 1.1458e+04	 6.2942e+00	 1.8647e-01	 3.3315e+02	 1.1469e+04
 1.5000e+02	 1.1458e+04	 6.2557e+00	 1.7551e-01	 3.3316e+02	 1.1471e+04
 2.2500e+02	 1.1458e+04	 6.2208e+00	 1.6731e-01	 3.3315e+02	 1.1474e+04
 3.3750e+02	 1.1458e+04	 6.1874e+00	 1.6568e-01	 3.3315e+02	 1.1477e+04
 5.0625e+02	 1.1458e+04	 6.1538e+00	 1.6998e-01	 3.3315e+02	 1.1480e+04
 7.5938e+02	 1.1458e+04	 6.1196e+00	 1.8103e-01	 3.3315e+02	 1.1482e+04
 1.1391e+03	 1.1458e+04	 6.0826e+00	 1.9911e-01	 3.3316e+02	 1.1487e+04
 1.7086e+03	 1.1458e+04	 6.0422e+00	 2.2612e-01	 3.3315e+02	 1.1490e+04
 2.5629e+03	 1.1458e+04	 5.9955e+00	 2.6345e-01	 3.3315e+02	 1.1492e+04
 3.8443e+03	 1.1458e+04	 5.9400e+00	 3.1334e-01	 3.3314e+02	 1.1495e+04
 5.7665e+03	 1.1458e+04	 5.8725e+00	 3.7902e-01	 3.3315e+02	 1.1497e+04
 8.6498e+03	 1.1458e+04	 5.7870e+00	 4.6350e-01	 3.3316e+02	 1.1500e+04
 1.2975e+04	 1.1458e+04	 5.6733e+00	 5.6910e-01	 3.3316e+02	 1.1502e+04
 1.9462e+04	 1.1458e+04	 5.5174e+00	 6.9272e-01	 3.3317e+02	 1.1505e+04
 2.9193e+04	 1.1458e+04	 5.3022e+00	 8.1831e-01	 3.3316e+02	 1.1508e+04
 4.3789e+04	 1.1458e+04	 5.0237e+00	 9.1192e-01	 3.3316e+02	 1.1510e+04
 6.5684e+04	 1.1458e+04	 4.7072e+00	 9.3769e-01	 3.3316e+02	 1.1513e+04
 9.8526e+04	 1.1458e+04	 4.4106e+00	 8.8653e-01	 3.3316e+02	 1.1516e+04
 1.4779e+05	 1.1458e+04	 4.1571e+00	 7.8449e-01	 3.3316e+02	 1.1518e+04
 2.2168e+05	 1.1458e+04	 3.9645e+00	 6.6975e-01	 3.3316e+02	 1.1521e+04
 3.3253e+05	 1.1458e+04	 3.8192e+00	 5.6738e-01	 3.3315e+02	 1.1523e+04
 4.9879e+05	 1.1458e+04	-1.5799e+00	 4.8056e+01	 3.3316e+02	 1.1526e+04
 7.4818e+05	 1.1458e+04	 3.6558e+00	 3.3068e-01	 3.3315e+02	 1.1532e+04
 9.0000e+05	 1.1458e+04	 3.6205e+00	 3.0041e-01	 3.3315e+02	 1.1540e+04
 1.0000e+02	 1.1537e+04	 6.2938e+00	 1.8649e-01	 3.3315e+02	 1.1548e+04
 1.5000e+02	 1.1537e+04	 6.2528e+00	 1.7590e-01	 3.3315e+02	 1.1551e+04
 2.2500e+02	 1.1537e+04	 6.2205e+00	 1.6714e-01	 3.3314e+02	 1.1553e+04
 3.3750e+02	 1.1537e+04	 6.1868e+00	 1.6554e-01	 3.3315e+02	 1.1556e+04
 5.0625e+02	 1.1537e+04	 6.1538e+00	 1.7014e-01	 3.3314e+02	 1.1558e+04
 7.5938e+02	 1.1537e+04	 6.1196e+00	 1.8080e-01	 3.3315e+02	 1.1561e+04
 1.1391e+03	 1.1537e+04	 6.0827e+00	 1.9887e-01	 3.3314e+02	 1.1566e+04
 1.7086e+03	 1.1537e+04	 6.0422e+00	 2.2605e-01	 3.3314e+02	 1.1568e+04
 2.5629e+03	 1.1537e+04	 5.9955e+00	 2.6356e-01	 3.3314e+02	 1.1571e+04
 3.8443e+03	 1.1537e+04	 5.9398e+00	 3.1354e-01	 3.3314e+02	 1.1573e+04
 5.7665e+03	 1.1537e+04	 5.8723e+00	 3.7922e-01	 3.3314e+02	 1.1576e+04
 8.6498e+03	 1.1537e+04	 5.7868e+00	 4.6384e-01	 3.3315e+02	 1.1579e+04
 1.2975e+04	 1.1537e+04	 5.6729e+00	 5.6934e-01	 3.3314e+02	 1.1581e+04
 1.9462e+04	 1.1537e+04	 5.5171e+00	 6.9298e-01	 3.3314e+02	 1.1584e+04
 2.9193e+04	 1.1537e+04	 5.3016e+00	 8.1845e-01	 3.3315e+02	 1.1586e+04
 4.3789e+04	 1.1537e+04	 5.0230e+00	 9.1209e-01	 3.3315e+02	 1.1589e+04
 6.5684e+04	 1.1537e+04	 4.7066e+00	 9.3758e-01	 3.3314e+02	 1.1592e+04
 9.8526e+04	 1.1537e+04	 4.4100e+00	 8.8628e-01	 3.3314e+02	 1.1594e+04
 1.4779e+05	 1.1537e+04	 4.1567e+00	 7.8414e-01	 3.3315e+02	 1.1597e+04
 2.2168e+05	 1.1537e+04	 3.9643e+00	 6.6924e-01	 3.3315e+02	 1.1599e+04
 3.3253e+05	 1.1537e+04	 3.8194e+00	 5.6698e-01	 3.3315e+02	 1.1602e+04
 4.9879e+05	 1.1537e+04	-1.5731e+00	 4.8059e+01	 3.3314e+02	 1.1605e+04
 7.4818e+05	 1.1537e+04	 3.6562e+00	 3.3073e-01	 3.3315e+02	 1.1611e+04
 9.0000e+05	 1.1537e+04	 3.6212e+00	 2.9969e-01	 3.3315e+02	 1.1619e+04
 1.0000e+02	 1.1616e+04	 6.2937e+00	 1.8586e-01	 3.3315e+02	 1.1627e+04
 1.5000e+02	 1.1616e+04	 6.2586e+00	 1.7587e-01	 3.3316e+02	 1.1630e+04
 2.2500e+02	 1.1616e+04	 6.2207e+00	 1.6699e-01	 3.3315e+02	 1.1633e+04
 3.3750e+02	 1.1616e+04	 6.1872e+00	 1.6547e-01	 3.3315e+02	 1.1635e+04
 5.0625e+02	 1.1616e+04	 6.1537e+00	 1.6988e-01	 3.3315e+02	 1.1638e+04
 7.5938e+02	 1.1616e+04	 6.1195e+00	 1.8067e-01	 3.3315e+02	 1.1640e+04
 1.1391e+03	 1.1616e+04	 6.0828e+00	 1.9904e-01	 3.3315e+02	 1.1646e+04
 1.7086e+03	 1.1616e+04	 6.0424e+00	 2.2605e-01	 3.3315e+02	 1.1648e+04
 2.5629e+03	 1.1616e+04	 5.9957e+00	 2.6351e-01	 3.3315e+02	 1.1651e+04
 3.8443e+03	 1.1616e+04	 5.9400e+00	 3.1346e-01	 3.3315e+02	 1.1654e+04
 5.7665e+03	 1.1616e+04	 5.8726e+00	 3.7906e-01	 3.3316e+02	 1.1656e+04
 8.6498e+03	 1.1616e+04	 5.7871e+00	 4.6353e-01	 3.3316e+02	 1.1659e+04
 1.2975e+04	 1.1616e+04	 5.6734e+00	 5.6914e-01	 3.3316e+02	 1.1661e+04
 1.9462e+04	 1.1616e+04	 5.5174e+00	 6.9271e-01	 3.3316e+02	 1.1664e+04
 2.9193e+04	 1.1616e+04	 5.3022e+00	 8.1808e-01	 3.3316e+02	 1.1667e+04
 4.3789e+04	 1.1616e+04	 5.0237e+00	 9.1201e-01	 3.3315e+02	 1.1669e+04
 6.5684e+04	 1.1616e+04	 4.7073e+00	 9.3765e-01	 3.3315e+02	 1.1672e+04
 9.8526e+04	 1.1616e+04	 4.4106e+00	 8.8655e-01	 3.3315e+02	 1.1675e+04
 1.4779e+05	 1.1616e+04	 4.1571e+00	 7.8430e-01	 3.3315e+02	 1.1677e+04
 2.2168e+05	 1.1616e+04	 3.9645e+00	 6.6926e-01	 3.3316e+02	 1.1680e+04
 3.3253e+05	 1.1616e+04	 3.8196e+00	 5.6677e-01	 3.3315e+02	 1.1683e+04
 4.9879e+05	 1.1616e+04	-1.5685e+00	 4.8063e+01	 3.3315e+02	 1.1685e+04
 7.4818e+05	 1.1616e+04	 3.6565e+00	 3.3222e-01	 3.3315e+02	 1.1692e+04
 9.0000e+05	 1.1616e+04	 3.6214e+00	 3.0192e-01	 3.3315e+02	 1.1700e+04
 1.0000e+02	 1.1697e+04	 6.2935e+00	 1.8606e-01	 3.3315e+02	 1.1708e+04
 1.5000e+02	 1.1697e+04	 6.2565e+00	 1.7654e-01	 3.3315e+02	 1.1711e+04
 2.2500e+02	 1.1697e+04	 6.2206e+00	 1.6685e-01	 3.3315e+02	 1.1714e+04
 3.3750e+02	 1.1697e+04	 6.1869e+00	 1.6523e-01	 3.3315e+02	 1.1716e+04
 5.0625e+02	 1.1697e+04	 6.1539e+00	 1.6962e-01	 3.3315e+02	 1.1718e+04
 7.5938e+02	 1.1697e+04	 6.1199e+00	 1.8063e-01	 3.3315e+02	 1.1721e+04
 1.1391e+03	 1.1697e+04	 6.0830e+00	 1.9901e-01	 3.3316e+02	 1.1726e+04
 1.7086e+03	 1.1697e+04	 6.0424e+00	 2.2610e-01	 3.3315e+02	 1.1729e+04
 2.5629e+03	 1.1697e+04	 5.9957e+00	 2.6343e-01	 3.3315e+02	 1.1732e+04
 3.8443e+03	 1.1697e+04	 5.9401e+00	 3.1342e-01	 3.3315e+02	 1.1734e+04
 5.7665e+03	 1.1697e+04	 5.8728e+00	 3.7914e-01	 3.3315e+02	 1.1737e+04
 8.6498e+03	 1.1697e+04	 5.7870e+00	 4.6356e-01	 3.3315e+02	 1.1739e+04
 1.2975e+04	 1.1697e+04	 5.6733e+00	 5.6908e-01	 3.3315e+02	 1.1742e+04
 1.9462e+04	 1.1697e+04	 5.5175e+00	 6.9263e-01	 3.3315e+02	 1.1745e+04
 2.9193e+04	 1.1697e+04	 5.3023e+00	 8.1829e-01	 3.3314e+02	 1.1748e+04
 4.3789e+04	 1.1697e+04	 5.0240e+00	 9.1204e-01	 3.3314e+02	 1.1750e+04
 6.5684e+04	 1.1697e+04	 4.7073e+00	 9.3764e-01	 3.3315e+02	 1.1752e+04
 9.8526e+04	 1.1697e+04	 4.4105e+00	 8.8658e-01	 3.3315e+02	 1.1755e+04
 1.4779e+05	 1.1697e+04	 4.1569e+00	 7.8409e-01	 3.3315e+02	 1.1758e+04
 2.2168e+05	 1.1697e+04	 3.9645e+00	 6.6902e-01	 3.3315e+02	 1.1760e+04
 3.3253e+05	 1.1697e+04	 3.8198e+00	 5.6640e-01	 3.3315e+02	 1.1763e+04
 4.9879e+05	 1.1697e+04	-1.5638e+00	 4.8067e+01	 3.3314e+02	 1.1766e+04
 7.4818e+05	 1.1697e+04	 3.6566e+00	 3.3442e-01	 3.3315e+02	 1.1772e+04
 9.0000e+05	 1.1697e+04	 3.6219e+00	 3.0152e-01	 3.3315e+02	 1.1780e+04
 1.0000e+02	 1.1777e+04	 6.2934e+00	 1.8574e-01	 3.3315e+02	 1.1788e+04
 1.5000e+02	 1.1777e+04	 6.2511e+00	 1.7202e-01	 3.3315e+02	 1.1791e+04
 2.2500e+02	 1.1777e+04	 6.2203e+00	 1.6656e-01	 3.3315e+02	 1.1793e+04
 3.3750e+02	 1.1777e+04	 6.1869e+00	 1.6524e-01	 3.3315e+02	 1.1796e+04
 5.0625e+02	 1.1777e+04	 6.1540e+00	 1.6959e-01	 3.3315e+02	 1.1798e+04
 7.5938e+02	 1.1777e+04	 6.1196e+00	 1.8060e-01	 3.3315e+02	 1.1801e+04
 1.1391e+03	 1.1777e+04	 6.0830e+00	 1.9890e-01	 3.3316e+02	 1.1806e+04
 1.7086e+03	 1.1777e+04	 6.0426e+00	 2.2596e-01	 3.3315e+02	 1.1808e+04
 2.5629e+03	 1.1777e+04	 5.9959e+00	 2.6328e-01	 3.3315e+02	 1.1811e+04
 3.8443e+03	 1.1777e+04	 5.9403e+00	 3.1342e-01	 3.3315e+02	 1.1814e+04
 5.7665e+03	 1.1777e+04	 5.8728e+00	 3.7907e-01	 3.3315e+02	 1.1816e+04
 8.6498e+03	 1.1777e+04	 5.7872e+00	 4.6357e-01	 3.3316e+02	 1.1819e+04
 1.2975e+04	 1.1777e+04	 5.6736e+00	 5.6899e-01	 3.3316e+02	 1.1821e+04
 1.9462e+04	 1.1777e+04	 5.5177e+00	 6.9256e-01	 3.3316e+02	 1.1824e+04
 2.9193e+04	 1.1777e+04	 5.3025e+00	 8.1796e-01	 3.3315e+02	 1.1827e+04
 4.3789e+04	 1.1777e+04	 5.0243e+00	 9.1180e-01	 3.3315e+02	 1.1829e+04
 6.5684e+04	 1.1777e+04	 4.7078e+00	 9.3787e-01	 3.3316e+02	 1.1832e+04
 9.8526e+04	 1.1777e+04	 4.4108e+00	 8.8672e-01	 3.3316e+02	 1.1835e+04
 1.4779e+05	 1.1777e+04	 4.1572e+00	 7.8416e-01	 3.3316e+02	 1.1837e+04
 2.2168e+05	 1.1777e+04	 3.9645e+00	 6.6888e-01	 3.3315e+02	 1.1840e+04
 3.3253e+05	 1.1777e+04	 3.8199e+00	 5.6621e-01	 3.3315e+02	 1.1842e+04
 4.9879e+05	 1.1777e+04	-1.5604e+00	 4.8070e+01	 3.3316e+02	 1.1845e+04
 7.4818e+05	 1.1777e+04	 3.6573e+00	 3.3343e-01	 3.3315e+02	 1.1851e+04
 9.0000e+05	 1.1777e+04	 3.6222e+00	 3.0223e-01	 3.3315e+02	 1.1859e+04
 1.0000e+02	 1.1856e+04	 6.2934e+00	 1.8552e-01	 3.3315e+02	 1.1867e+04
 1.5000e+02	 1.1856e+04	 6.2551e+00	 1.7638e-01	 3.3316e+02	 1.1870e+04
 2.2500e+02	 1.1856e+04	 6.2203e+00	 1.6646e-01	 3.3316e+02	 1.1872e+04
 3.3750e+02	 1.1856e+04	 6.1868e+00	 1.6508e-01	 3.3315e+02	 1.1875e+04
 5.0625e+02	 1.1856e+04	 6.1537e+00	 1.6943e-01	 3.3315e+02	 1.1878e+04
 7.5938e+02	 1.1856e+04	 6.1196e+00	 1.8061e-01	 3.3315e+02	 1.1880e+04
 1.1391e+03	 1.1856e+04	 6.0829e+00	 1.9856e-01	 3.3314e+02	 1.1885e+04
 1.7086e+03	 1.1856e+04	 6.0426e+00	 2.2606e-01	 3.3315e+02	 1.1888e+04
 2.5629e+03	 1.1856e+04	 5.9959e+00	 2.6350e-01	 3.3315e+02	 1.1890e+04
 3.8443e+03	 1.1856e+04	 5.9402e+00	 3.1336e-01	 3.3315e+02	 1.1893e+04
 5.7665e+03	 1.1856e+04	 5.8727e+00	 3.7909e-01	 3.3315e+02	 1.1896e+04
 8.6498e+03	 1.1856e+04	 5.7872e+00	 4.6354e-01	 3.3315e+02	 1.1899e+04
 1.2975e+04	 1.1856e+04	 5.6732e+00	 5.6913e-01	 3.3315e+02	 1.1901e+04
 1.9462e+04	 1.1856e+04	 5.5176e+00	 6.9249e-01	 3.3315e+02	 1.1904e+04
 2.9193e+04	 1.1856e+04	 5.3026e+00	 8.1805e-01	 3.3315e+02	 1.1906e+04
 4.3789e+04	 1.1856e+04	 5.0242e+00	 9.1194e-01	 3.3315e+02	 1.1909e+04
 6.5684e+04	 1.1856e+04	 4.7077e+00	 9.3794e-01	 3.3315e+02	 1.1911e+04
 9.8526e+04	 1.1856e+04	 4.4107e+00	 8.8668e-01	 3.3315e+02	 1.1914e+04
 1.4779e+05	 1.1856e+04	 4.1569e+00	 7.8406e-01	 3.3315e+02	 1.1917e+04
 2.2168e+05	 1.1856e+04	 3.9645e+00	 6.6859e-01	 3.3315e+02	 1.1919e+04
 3.3253e+05	 1.1856e+04	 3.8201e+00	 5.6584e-01	 3.3316e+02	 1.1922e+04
 4.9879e+05	 1.1856e+04	-1.5552e+00	 4.8074e+01	 3.3315e+02	 1.1925e+04
 7.4818e+05	 1.1856e+04	 3.6577e+00	 3.3298e-01	 3.3315e+02	 1.1931e+04
 9.0000e+05	 1.1856e+04	 3.6226e+00	 3.0282e-01	 3.3315e+02	 1.1939e+04
 1.0000e+02	 1.1936e+04	 6.2929e+00	 1.8549e-01	 3.3315e+02	 1.1947e+04
 1.5000e+02	 1.1936e+04	 6.2543e+00	 1.7386e-01	 3.3315e+02	 1.1949e+04
 2.2500e+02	 1.1936e+04	 6.2202e+00	 1.6638e-01	 3.3315e+02	 1.1952e+04
 3.3750e+02	 1.1936e+04	 6.1867e+00	 1.6499e-01	 3.3315e+02	 1.1954e+04
 5.0625e+02	 1.1936e+04	 6.1535e+00	 1.6929e-01	 3.3315e+02	 1.1957e+04
 7.5938e+02	 1.1936e+04	 6.1195e+00	 1.8058e-01	 3.3315e+02	 1.1960e+04
 1.1391e+03	 1.1936e+04	 6.0830e+00	 1.9839e-01	 3.3315e+02	 1.1965e+04
 1.7086e+03	 1.1936e+04	 6.0426e+00	 2.2588e-01	 3.3315e+02	 1.1967e+04
 2.5629e+03	 1.1936e+04	 5.9959e+00	 2.6322e-01	 3.3315e+02	 1.1970e+04
 3.8443e+03	 1.1936e+04	 5.9403e+00	 3.1343e-01	 3.3315e+02	 1.1972e+04
 5.7665e+03	 1.1936e+04	 5.8729e+00	 3.7900e-01	 3.3314e+02	 1.1975e+04
 8.6498e+03	 1.1936e+04	 5.7872e+00	 4.6356e-01	 3.3315e+02	 1.1978e+04
 1.2975e+04	 1.1936e+04	 5.6734e+00	 5.6882e-01	 3.3315e+02	 1.1980e+04
 1.9462e+04	 1.1936e+04	 5.5179e+00	 6.9246e-01	 3.3315e+02	 1.1982e+04
 2.9193e+04	 1.1936e+04	 5.3030e+00	 8.1792e-01	 3.3316e+02	 1.1985e+04
 4.3789e+04	 1.1936e+04	 5.0247e+00	 9.1183e-01	 3.3316e+02	 1.1988e+04
 6.5684e+04	 1.1936e+04	 4.7081e+00	 9.3791e-01	 3.3315e+02	 1.1990e+04
 9.8526e+04	 1.1936e+04	 4.4111e+00	 8.8676e-01	 3.3315e+02	 1.1993e+04
 1.4779e+05	 1.1936e+04	 4.1572e+00	 7.8408e-01	 3.3316e+02	 1.1995e+04
 2.2168e+05	 1.1936e+04	 3.9646e+00	 6.6857e-01	 3.3316e+02	 1.1998e+04
 3.3253e+05	 1.1936e+04	 3.8202e+00	 5.6551e-01	 3.3316e+02	 1.2000e+04
 4.9879e+05	 1.1936e+04	-1.5498e+00	 4.8078e+01	 3.3316e+02	 1.2003e+04
 7.4818e+05	 1.1936e+04	 3.6581e+00	 3.3387e-01	 3.3315e+02	 1.2010e+04
 9.0000e+05	 1.1936e+04	 3.6232e+00	 3.0231e-01	 3.3316e+02	 1.2018e+04
 1.0000e+02	 1.2015e+04	 6.2929e+00	 1.8527e-01	 3.3315e+02	 1.2026e+04
 1.5000e+02	 1.2015e+04	 6.2549e+00	 1.7371e-01	 3.3315e+02	 1.2028e+04
 2.2500e+02	 1.2015e+04	 6.2200e+00	 1.6620e-01	 3.3314e+02	 1.2031e+04
 3.3750e+02	 1.2015e+04	 6.1868e+00	 1.6481e-01	 3.3315e+02	 1.2033e+04
 5.0625e+02	 1.2015e+04	 6.1538e+00	 1.6924e-01	 3.3315e+02	 1.2036e+04
 7.5938e+02	 1.2015e+04	 6.1197e+00	 1.8036e-01	 3.3315e+02	 1.2039e+04
 1.1391e+03	 1.2015e+04	 6.0831e+00	 1.9852e-01	 3.3315e+02	 1.2044e+04
 1.7086e+03	 1.2015e+04	 6.0426e+00	 2.2586e-01	 3.3315e+02	 1.2046e+04
 2.5629e+03	 1.2015e+04	 5.9962e+00	 2.6343e-01	 3.3315e+02	 1.2049e+04
 3.8443e+03	 1.2015e+04	 5.9404e+00	 3.1346e-01	 3.3315e+02	 1.2052e+04
 5.7665e+03	 1.2015e+04	 5.8729e+00	 3.7903e-01	 3.3315e+02	 1.2054e+04
 8.6498e+03	 1.2015e+04	 5.7873e+00	 4.6360e-01	 3.3315e+02	 1.2057e+04
 1.2975e+04	 1.2015e+04	 5.6735e+00	 5.6892e-01	 3.3314e+02	 1.2059e+04
 1.9462e+04	 1.2015e+04	 5.5178e+00	 6.9229e-01	 3.3315e+02	 1.2062e+04
 2.9193e+04	 1.2015e+04	 5.3028e+00	 8.1796e-01	 3.3315e+02	 1.2065e+04
 4.3789e+04	 1.2015e+04	 5.0247e+00	 9.1205e-01	 3.3315e+02	 1.2068e+04
 6.5684e+04	 1.2015e+04	 4.7080e+00	 9.3798e-01	 3.3315e+02	 1.2070e+04
 9.8526e+04	 1.2015e+04	 4.4108e+00	 8.8683e-01	 3.3315e+02	 1.2073e+04
 1.4779e+05	 1.2015e+04	 4.1569e+00	 7.8389e-01	 3.3315e+02	 1.2075e+04
 2.2168e+05	 1.2015e+04	 3.9646e+00	 6.6827e-01	 3.3315e+02	 1.2078e+04
 3.3253e+05	 1.2015e+04	 3.8203e+00	 5.6525e-01	 3.3315e+02	 1.2080e+04
 4.9879e+05	 1.2015e+04	-1.5454e+00	 4.8079e+01	 3.3315e+02	 1.2083e+04
 7.4818e+05	 1.2015e+04	 3.6586e+00	 3.3105e-01	 3.3315e+02	 1.2090e+04
 9.0000e+05	 1.2015e+04	 3.6237e+00	 3.0009e-01	 3.3315e+02	 1.2097e+04
 1.0000e+02	 1.2094e+04	 6.2927e+00	 1.8491e-01	 3.3314e+02	 1.2105e+04
 1.5000e+02	 1.2094e+04	 6.2546e+00	 1.7273e-01	 3.3313e+02	 1.2107e+04
 2.2500e+02	 1.2094e+04	 6.2202e+00	 1.6597e-01	 3.3314e+02	 1.2110e+04
 3.3750e+02	 1.2094e+04	 6.1869e+00	 1.6482e-01	 3.3314e+02	 1.2113e+04
 5.0625e+02	 1.2094e+04	 6.1536e+00	 1.6904e-01	 3.3314e+02	 1.2115e+04
 7.5938e+02	 1.2094e+04	 6.1196e+00	 1.8007e-01	 3.3314e+02	 1.2118e+04
 1.1391e+03	 1.2094e+04	 6.0832e+00	 1.9864e-01	 3.3314e+02	 1.2123e+04
 1.7086e+03	 1.2094e+04	 6.0427e+00	 2.2567e-01	 3.3314e+02	 1.2125e+04
 2.5629e+03	 1.2094e+04	 5.9962e+00	 2.6317e-01	 3.3315e+02	 1.2128e+04
 3.8443e+03	 1.2094e+04	 5.9407e+00	 3.1342e-01	 3.3315e+02	 1.2131e+04
 5.7665e+03	 1.2094e+04	 5.8731e+00	 3.7901e-01	 3.3315e+02	 1.2134e+04
 8.6498e+03	 1.2094e+04	 5.7876e+00	 4.6361e-01	 3.3314e+02	 1.2136e+04
 1.2975e+04	 1.2094e+04	 5.6739e+00	 5.6884e-01	 3.3315e+02	 1.2139e+04
 1.9462e+04	 1.2094e+04	 5.5183e+00	 6.9217e-01	 3.3315e+02	 1.2141e+04
 2.9193e+04	 1.2094e+04	 5.3036e+00	 8.1767e-01	 3.3315e+02	 1.2144e+04
 4.3789e+04	 1.2094e+04	 5.0255e+00	 9.1185e-01	 3.3316e+02	 1.2146e+04
 6.5684e+04	 1.2094e+04	 4.7088e+00	 9.3815e-01	 3.3315e+02	 1.2149e+04
 9.8526e+04	 1.2094e+04	 4.4114e+00	 8.8696e-01	 3.3315e+02	 1.2152e+04
 1.4779e+05	 1.2094e+04	 4.1573e+00	 7.8414e-01	 3.3315e+02	 1.2154e+04
 2.2168e+05	 1.2094e+04	 3.9648e+00	 6.6831e-01	 3.3315e+02	 1.2157e+04
 3.3253e+05	 1.2094e+04	 3.8206e+00	 5.6514e-01	 3.3315e+02	 1.2159e+04
 4.9879e+05	 1.2094e+04	-1.5437e+00	 4.8086e+01	 3.3315e+02	 1.2162e+04
 7.4818e+05	 1.2094e+04	 3.6595e+00	 3.2803e-01	 3.3315e+02	 1.2168e+04
 9.0000e+05	 1.2094e+04	 3.6244e+00	 2.9962e-01	 3.3315e+02	 1.2176e+04
 1.0000e+02	 1.2173e+04	 6.2927e+00	 1.8488e-01	 3.3315e+02	 1.2184e+04
 1.5000e+02	 1.2173e+04	 6.2536e+00	 1.7167e-01	 3.3315e+02	 1.2187e+04
 2.2500e+02	 1.2173e+04	 6.2200e+00	 1.6598e-01	 3.3316e+02	 1.2189e+04
 3.3750e+02	 1.2173e+04	 6.1867e+00	 1.6457e-01	 3.3315e+02	 1.2192e+04
 5.0625e+02	 1.2173e+04	 6.1538e+00	 1.6917e-01	 3.3315e+02	 1.2194e+04
 7.5938e+02	 1.2173e+04	 6.1198e+00	 1.8012e-01	 3.3315e+02	 1.2197e+04
 1.1391e+03	 1.2173e+04	 6.0835e+00	 1.9855e-01	 3.3316e+02	 1.2202e+04
 1.7086e+03	 1.2173e+04	 6.0431e+00	 2.2548e-01	 3.3316e+02	 1.2205e+04
 2.5629e+03	 1.2173e+04	 5.9966e+00	 2.6316e-01	 3.3315e+02	 1.2208e+04
 3.8443e+03	 1.2173e+04	 5.9412e+00	 3.1325e-01	 3.3315e+02	 1.2210e+04
 5.7665e+03	 1.2173e+04	 5.8734e+00	 3.7893e-01	 3.3316e+02	 1.2213e+04
 8.6498e+03	 1.2173e+04	 5.7879e+00	 4.6336e-01	 3.3316e+02	 1.2215e+04
 1.2975e+04	 1.2173e+04	 5.6741e+00	 5.6869e-01	 3.3316e+02	 1.2218e+04
 1.9462e+04	 1.2173e+04	 5.5187e+00	 6.9194e-01	 3.3316e+02	 1.2221e+04
 2.9193e+04	 1.2173e+04	 5.3040e+00	 8.1758e-01	 3.3315e+02	 1.2223e+04
 4.3789e+04	 1.2173e+04	 5.0259e+00	 9.1177e-01	 3.3315e+02	 1.2226e+04
 6.5684e+04	 1.2173e+04	 4.7093e+00	 9.3832e-01	 3.3316e+02	 1.2228e+04
 9.8526e+04	 1.2173e+04	 4.4118e+00	 8.8721e-01	 3.3316e+02	 1.2231e+04
 1.4779e+05	 1.2173e+04	 4.1576e+00	 7.8420e-01	 3.3316e+02	 1.2234e+04
 2.2168e+05	 1.2173e+04	 3.9650e+00	 6.6820e-01	 3.3315e+02	 1.2237e+04
 3.3253e+05	 1.2173e+04	 3.8209e+00	 5.6487e-01	 3.3316e+02	 1.2239e+04
 4.9879e+05	 1.2173e+04	-1.5382e+00	 4.8089e+01	 3.3316e+02	 1.2242e+04
 7.4818e+05	 1.2173e+04	 3.6598e+00	 3.2877e-01	 3.3316e+02	 1.2248e+04
 9.0000e+05	 1.2173e+04	 3.6252e+00	 2.9708e-01	 3.3315e+02	 1.2256e+04
 1.0000e+02	 1.2253e+04	 6.2927e+00	 1.8481e-01	 3.3315e+02	 1.2264e+04
 1.5000e+02	 1.2253e+04	 6.2547e+00	 1.7246e-01	 3.3316e+02	 1.2267e+04
 2.2500e+02	 1.2253e+04	 6.2200e+00	 1.6577e-01	 3.3316e+02	 1.2269e+04
 3.3750e+02	 1.2253e+04	 6.1869e+00	 1.6461e-01	 3.3315e+02	 1.2272e+04
 5.0625e+02	 1.2253e+04	 6.1541e+00	 1.6880e-01	 3.3316e+02	 1.2274e+04
 7.5938e+02	 1.2253e+04	 6.1196e+00	 1.8006e-01	 3.3316e+02	 1.2277e+04
 1.1391e+03	 1.2253e+04	 6.0833e+00	 1.9824e-01	 3.3315e+02	 1.2282e+04
 1.7086e+03	 1.2253e+04	 6.0429e+00	 2.2563e-01	 3.3315e+02	 1.2285e+04
 2.5629e+03	 1.2253e+04	 5.9966e+00	 2.6318e-01	 3.3315e+02	 1.2287e+04
 3.8443e+03	 1.2253e+04	 5.9408e+00	 3.1332e-01	 3.3316e+02	 1.2290e+04
 5.7665e+03	 1.2253e+04	 5.8735e+00	 3.7907e-01	 3.3315e+02	 1.2292e+04
 8.6498e+03	 1.2253e+04	 5.7878e+00	 4.6349e-01	 3.3315e+02	 1.2295e+04
 1.2975e+04	 1.2253e+04	 5.6741e+00	 5.6875e-01	 3.3315e+02	 1.2297e+04
 1.9462e+04	 1.2253e+04	 5.5185e+00	 6.9203e-01	 3.3315e+02	 1.2300e+04
 2.9193e+04	 1.2253e+04	 5.3037e+00	 8.1758e-01	 3.3315e+02	 1.2303e+04
 4.3789e+04	 1.2253e+04	 5.0259e+00	 9.1190e-01	 3.3315e+02	 1.2305e+04
 6.5684e+04	 1.2253e+04	 4.7091e+00	 9.3829e-01	 3.3315e+02	 1.2308e+04
 9.8526e+04	 1.2253e+04	 4.4115e+00	 8.8716e-01	 3.3315e+02	 1.2310e+04
 1.4779e+05	 1.2253e+04	 4.1573e+00	 7.8402e-01	 3.3315e+02	 1.2313e+04
 2.2168e+05	 1.2253e+04	 3.9649e+00	 6.6778e-01	 3.3316e+02	 1.2315e+04
 3.3253e+05	 1.2253e+04	 3.8209e+00	 5.6445e-01	 3.3315e+02	 1.2318e+04
 4.9879e+05	 1.2253e+04	-1.5331e+00	 4.8091e+01	 3.3315e+02	 1.2321e+04
 7.4818e+05	 1.2253e+04	 3.6599e+00	 3.3036e-01	 3.3314e+02	 1.2327e+04
 9.0000e+05	 1.2253e+04	 3.6257e+00	 2.9551e-01	 3.3315e+02	 1.2335e+04
 1.0000e+02	 1.2332e+04	 6.2925e+00	 1.8446e-01	 3.3315e+02	 1.2343e+04
 1.5000e+02	 1.2332e+04	 6.2538e+00	 1.7138e-01	 3.3315e+02	 1.2345e+04
 2.2500e+02	 1.2332e+04	 6.2196e+00	 1.6572e-01	 3.3314e+02	 1.2348e+04
 3.3750e+02	 1.2332e+04	 6.1867e+00	 1.6437e-01	 3.3315e+02	 1.2351e+04
 5.0625e+02	 1.2332e+04	 6.1536e+00	 1.6866e-01	 3.3315e+02	 1.2354e+04
 7.5938e+02	 1.2332e+04	 6.1197e+00	 1.7999e-01	 3.3315e+02	 1.2356e+04
 1.1391e+03	 1.2332e+04	 6.0836e+00	 1.9853e-01	 3.3315e+02	 1.2361e+04
 1.7086e+03	 1.2332e+04	 6.0432e+00	 2.2562e-01	 3.3315e+02	 1.2364e+04
 2.5629e+03	 1.2332e+04	 5.9966e+00	 2.6304e-01	 3.3315e+02	 1.2366e+04
 3.8443e+03	 1.2332e+04	 5.9410e+00	 3.1332e-01	 3.3315e+02	 1.2369e+04
 5.7665e+03	 1.2332e+04	 5.8733e+00	 3.7901e-01	 3.3315e+02	 1.2371e+04
 8.6498e+03	 1.2332e+04	 5.7877e+00	 4.6352e-01	 3.3315e+02	 1.2374e+04
 1.2975e+04	 1.2332e+04	 5.6739e+00	 5.6885e-01	 3.3315e+02	 1.2376e+04
 1.9462e+04	 1.2332e+04	 5.5183e+00	 6.9210e-01	 3.3314e+02	 1.2379e+04
 2.9193e+04	 1.2332e+04	 5.3036e+00	 8.1746e-01	 3.3315e+02	 1.2381e+04
 4.3789e+04	 1.2332e+04	 5.0256e+00	 9.1186e-01	 3.3314e+02	 1.2384e+04
 6.5684e+04	 1.2332e+04	 4.7089e+00	 9.3842e-01	 3.3315e+02	 1.2386e+04
 9.8526e+04	 1.2332e+04	 4.4112e+00	 8.8711e-01	 3.3315e+02	 1.2389e+04
 1.4779e+05	 1.2332e+04	 4.1570e+00	 7.8382e-01	 3.3314e+02	 1.2392e+04
 2.2168e+05	 1.2332e+04	 3.9646e+00	 6.6755e-01	 3.3315e+02	 1.2394e+04
 3.3253e+05	 1.2332e+04	 3.8209e+00	 5.6398e-01	 3.3315e+02	 1.2397e+04
 4.9879e+05	 1.2332e+04	-1.5268e+00	 4.8094e+01	 3.3315e+02	 1.2400e+04
 7.4818e+05	 1.2332e+04	 3.6604e+00	 3.2968e-01	 3.3315e+02	 1.2406e+04
 9.0000e+05	 1.2332e+04	 3.6258e+00	 2.9697e-01	 3.3315e+02	 1.2414e+04
 1.0000e+02	 1.2411e+04	 6.2920e+00	 1.8438e-01	 3.3316e+02	 1.2422e+04
 1.5000e+02	 1.2411e+04	 6.2551e+00	 1.7276e-01	 3.3315e+02	 1.2425e+04
 2.2500e+02	 1.2411e+04	 6.2200e+00	 1.6563e-01	 3.3315e+02	 1.2427e+04
 3.3750e+02	 1.2411e+04	 6.1866e+00	 1.6433e-01	 3.3316e+02	 1.2430e+04
 5.0625e+02	 1.2411e+04	 6.1538e+00	 1.6877e-01	 3.3316e+02	 1.2432e+04
 7.5938e+02	 1.2411e+04	 6.1198e+00	 1.7994e-01	 3.3315e+02	 1.2435e+04
 1.1391e+03	 1.2411e+04	 6.0832e+00	 1.9825e-01	 3.3315e+02	 1.2440e+04
 1.7086e+03	 1.2411e+04	 6.0431e+00	 2.2551e-01	 3.3315e+02	 1.2442e+04
 2.5629e+03	 1.2411e+04	 5.9966e+00	 2.6316e-01	 3.3315e+02	 1.2445e+04
 3.8443e+03	 1.2411e+04	 5.9410e+00	 3.1341e-01	 3.3315e+02	 1.2448e+04
 5.7665e+03	 1.2411e+04	 5.8735e+00	 3.7918e-01	 3.3314e+02	 1.2450e+04
 8.6498e+03	 1.2411e+04	 5.7877e+00	 4.6362e-01	 3.3315e+02	 1.2453e+04
 1.2975e+04	 1.2411e+04	 5.6738e+00	 5.6892e-01	 3.3315e+02	 1.2456e+04
 1.9462e+04	 1.2411e+04	 5.5182e+00	 6.9220e-01	 3.3315e+02	 1.2458e+04
 2.9193e+04	 1.2411e+04	 5.3036e+00	 8.1761e-01	 3.3315e+02	 1.2461e+04
 4.3789e+04	 1.2411e+04	 5.0257e+00	 9.1187e-01	 3.3315e+02	 1.2464e+04
 6.5684e+04	 1.2411e+04	 4.7089e+00	 9.3833e-01	 3.3315e+02	 1.2466e+04
 9.8526e+04	 1.2411e+04	 4.4112e+00	 8.8713e-01	 3.3315e+02	 1.2469e+04
 1.4779e+05	 1.2411e+04	 4.1569e+00	 7.8380e-01	 3.3314e+02	 1.2471e+04
 2.2168e+05	 1.2411e+04	 3.9645e+00	 6.6733e-01	 3.3314e+02	 1.2474e+04
 3.3253e+05	 1.2411e+04	 3.8209e+00	 5.6373e-01	 3.3315e+02	 1.2477e+04
 4.9879e+05	 1.2411e+04	-1.5212e+00	 4.8095e+01	 3.3315e+02	 1.2479e+04
 7.4818e+05	 1.2411e+04	 3.6608e+00	 3.2728e-01	 3.3315e+02	 1.2486e+04
 9.0000e+05	 1.2411e+04	 3.6261e+00	 2.9753e-01	 3.3314e+02	 1.2494e+04
 1.0000e+02	 1.2491e+04	 6.2919e+00	 1.8440e-01	 3.3315e+02	 1.2501e+04
 1.5000e+02	 1.2491e+04	 6.2545e+00	 1.7267e-01	 3.3315e+02	 1.2504e+04
 2.2500e+02	 1.2491e+04	 6.2198e+00	 1.6553e-01	 3.3315e+02	 1.2506e+04
 3.3750e+02	 1.2491e+04	 6.1867e+00	 1.6430e-01	 3.3314e+02	 1.2509e+04
 5.0625e+02	 1.2491e+04	 6.1539e+00	 1.6881e-01	 3.3315e+02	 1.2512e+04
 7.5938e+02	 1.2491e+04	 6.1197e+00	 1.7989e-01	 3.3315e+02	 1.2514e+04
 1.1391e+03	 1.2491e+04	 6.0836e+00	 1.9832e-01	 3.3315e+02	 1.2520e+04
 1.7086e+03	 1.2491e+04	 6.0431e+00	 2.2548e-01	 3.3315e+02	 1.2522e+04
 2.5629e+03	 1.2491e+04	 5.9966e+00	 2.6326e-01	 3.3315e+02	 1.2525e+04
 3.8443e+03	 1.2491e+04	 5.9412e+00	 3.1324e-01	 3.3315e+02	 1.2528e+04
 5.7665e+03	 1.2491e+04	 5.8736e+00	 3.7925e-01	 3.3315e+02	 1.2530e+04
 8.6498e+03	 1.2491e+04	 5.7878e+00	 4.6370e-01	 3.3315e+02	 1.2533e+04
 1.2975e+04	 1.2491e+04	 5.6739e+00	 5.6893e-01	 3.3315e+02	 1.2535e+04
 1.9462e+04	 1.2491e+04	 5.5185e+00	 6.9214e-01	 3.3315e+02	 1.2538e+04
 2.9193e+04	 1.2491e+04	 5.3039e+00	 8.1752e-01	 3.3315e+02	 1.2541e+04
 4.3789e+04	 1.2491e+04	 5.0259e+00	 9.1186e-01	 3.3315e+02	 1.2543e+04
 6.5684e+04	 1.2491e+04	 4.7091e+00	 9.3851e-01	 3.3315e+02	 1.2546e+04
 9.8526e+04	 1.2491e+04	 4.4112e+00	 8.8721e-01	 3.3315e+02	 1.2548e+04
 1.4779e+05	 1.2491e+04	 4.1569e+00	 7.8370e-01	 3.3315e+02	 1.2551e+04
 2.2168e+05	 1.2491e+04	 3.9646e+00	 6.6716e-01	 3.3316e+02	 1.2553e+04
 3.3253e+05	 1.2491e+04	 3.8211e+00	 5.6351e-01	 3.3314e+02	 1.2556e+04
 4.9879e+05	 1.2491e+04	-1.5172e+00	 4.8098e+01	 3.3315e+02	 1.2559e+04
 7.4818e+05	 1.2491e+04	 3.6610e+00	 3.2911e-01	 3.3315e+02	 1.2565e+04
 9.0000e+05	 1.2491e+04	 3.6263e+00	 2.9976e-01	 3.3315e+02	 1.2573e+04
 1.0000e+02	 1.2570e+04	 6.2919e+00	 1.8418e-01	 3.3315e+02	 1.2581e+04
 1.5000e+02	 1.2570e+04	 6.2565e+00	 1.7118e-01	 3.3315e+02	 1.2584e+04
 2.2500e+02	 1.2570e+04	 6.2203e+00	 1.6543e-01	 3.3315e+02	 1.2586e+04
 3.3750e+02	 1.2570e+04	 6.1867e+00	 1.6405e-01	 3.3315e+02	 1.2589e+04
 5.0625e+02	 1.2570e+04	 6.1539e+00	 1.6849e-01	 3.3315e+02	 1.2592e+04
 7.5938e+02	 1.2570e+04	 6.1199e+00	 1.7981e-01	 3.3315e+02	 1.2594e+04
 1.1391e+03	 1.2570e+04	 6.0837e+00	 1.9823e-01	 3.3315e+02	 1.2600e+04
 1.7086e+03	 1.2570e+04	 6.0435e+00	 2.2561e-01	 3.3315e+02	 1.2602e+04
 2.5629e+03	 1.2570e+04	 5.9970e+00	 2.6319e-01	 3.3315e+02	 1.2605e+04
 3.8443e+03	 1.2570e+04	 5.9414e+00	 3.1349e-01	 3.3315e+02	 1.2608e+04
 5.7665e+03	 1.2570e+04	 5.8736e+00	 3.7925e-01	 3.3316e+02	 1.2610e+04
 8.6498e+03	 1.2570e+04	 5.7879e+00	 4.6370e-01	 3.3315e+02	 1.2613e+04
 1.2975e+04	 1.2570e+04	 5.6739e+00	 5.6893e-01	 3.3315e+02	 1.2615e+04
 1.9462e+04	 1.2570e+04	 5.5186e+00	 6.9205e-01	 3.3315e+02	 1.2618e+04
 2.9193e+04	 1.2570e+04	 5.3040e+00	 8.1752e-01	 3.3315e+02	 1.2620e+04
 4.3789e+04	 1.2570e+04	 5.0262e+00	 9.1181e-01	 3.3315e+02	 1.2623e+04
 6.5684e+04	 1.2570e+04	 4.7093e+00	 9.3848e-01	 3.3315e+02	 1.2625e+04
 9.8526e+04	 1.2570e+04	 4.4113e+00	 8.8730e-01	 3.3315e+02	 1.2628e+04
 1.4779e+05	 1.2570e+04	 4.1570e+00	 7.8384e-01	 3.3315e+02	 1.2630e+04
 2.2168e+05	 1.2570e+04	 3.9647e+00	 6.6705e-01	 3.3315e+02	 1.2633e+04
 3.3253e+05	 1.2570e+04	 3.8212e+00	 5.6321e-01	 3.3315e+02	 1.2636e+04
 4.9879e+05	 1.2570e+04	-1.5124e+00	 4.8102e+01	 3.3315e+02	 1.2638e+04
 7.4818e+05	 1.2570e+04	 3.6619e+00	 3.2589e-01	 3.3315e+02	 1.2645e+04
 9.0000e+05	 1.2570e+04	 3.6272e+00	 2.9719e-01	 3.3315e+02	 1.2652e+04
 1.0000e+02	 1.2650e+04	 6.2919e+00	 1.8389e-01	 3.3316e+02	 1.2661e+04
 1.5000e+02	 1.2650e+04	 6.2554e+00	 1.6866e-01	 3.3315e+02	 1.2663e+04
 2.2500e+02	 1.2650e+04	 6.2199e+00	 1.6521e-01	 3.3315e+02	 1.2666e+04
 3.3750e+02	 1.2650e+04	 6.1865e+00	 1.6400e-01	 3.3316e+02	 1.2669e+04
 5.0625e+02	 1.2650e+04	 6.1539e+00	 1.6885e-01	 3.3315e+02	 1.2671e+04
 7.5938e+02	 1.2650e+04	 6.1199e+00	 1.7971e-01	 3.3315e+02	 1.2674e+04
 1.1391e+03	 1.2650e+04	 6.0837e+00	 1.9810e-01	 3.3315e+02	 1.2679e+04
 1.7086e+03	 1.2650e+04	 6.0437e+00	 2.2534e-01	 3.3315e+02	 1.2681e+04
 2.5629e+03	 1.2650e+04	 5.9970e+00	 2.6303e-01	 3.3315e+02	 1.2684e+04
 3.8443e+03	 1.2650e+04	 5.9417e+00	 3.1342e-01	 3.3315e+02	 1.2686e+04
 5.7665e+03	 1.2650e+04	 5.8737e+00	 3.7917e-01	 3.3315e+02	 1.2689e+04
 8.6498e+03	 1.2650e+04	 5.7882e+00	 4.6369e-01	 3.3316e+02	 1.2692e+04
 1.2975e+04	 1.2650e+04	 5.6741e+00	 5.6889e-01	 3.3316e+02	 1.2694e+04
 1.9462e+04	 1.2650e+04	 5.5186e+00	 6.9211e-01	 3.3315e+02	 1.2697e+04
 2.9193e+04	 1.2650e+04	 5.3039e+00	 8.1736e-01	 3.3316e+02	 1.2699e+04
 4.3789e+04	 1.2650e+04	 5.0263e+00	 9.1189e-01	 3.3315e+02	 1.2702e+04
 6.5684e+04	 1.2650e+04	 4.7094e+00	 9.3856e-01	 3.3316e+02	 1.2704e+04
 9.8526e+04	 1.2650e+04	 4.4113e+00	 8.8740e-01	 3.3315e+02	 1.2707e+04
 1.4779e+05	 1.2650e+04	 4.1569e+00	 7.8370e-01	 3.3316e+02	 1.2710e+04
 2.2168e+05	 1.2650e+04	 3.9648e+00	 6.6686e-01	 3.3315e+02	 1.2712e+04
 3.3253e+05	 1.2650e+04	 3.8213e+00	 5.6289e-01	 3.3315e+02	 1.2715e+04
 4.9879e+05	 1.2650e+04	-1.5081e+00	 4.8104e+01	 3.3315e+02	 1.2717e+04
 7.4818e+05	 1.2650e+04	 3.6616e+00	 3.2960e-01	 3.3316e+02	 1.2724e+04
 9.0000e+05	 1.2650e+04	 3.6274e+00	 2.9786e-01	 3.3315e+02	 1.2732e+04
 1.0000e+02	 1.2729e+04	 6.2918e+00	 1.8368e-01	 3.3316e+02	 1.2739e+04
 1.5000e+02	 1.2729e+04	 6.2517e+00	 1.6890e-01	 3.3315e+02	 1.2742e+04
 2.2500e+02	 1.2729e+04	 6.2195e+00	 1.6507e-01	 3.3315e+02	 1.2745e+04
 3.3750e+02	 1.2729e+04	 6.1867e+00	 1.6368e-01	 3.3315e+02	 1.2748e+04
 5.0625e+02	 1.2729e+04	 6.1540e+00	 1.6841e-01	 3.3315e+02	 1.2750e+04
 7.5938e+02	 1.2729e+04	 6.1200e+00	 1.7965e-01	 3.3315e+02	 1.2753e+04
 1.1391e+03	 1.2729e+04	 6.0840e+00	 1.9828e-01	 3.3315e+02	 1.2758e+04
 1.7086e+03	 1.2729e+04	 6.0437e+00	 2.2529e-01	 3.3315e+02	 1.2760e+04
 2.5629e+03	 1.2729e+04	 5.9970e+00	 2.6312e-01	 3.3315e+02	 1.2763e+04
 3.8443e+03	 1.2729e+04	 5.9413e+00	 3.1337e-01	 3.3315e+02	 1.2766e+04
 5.7665e+03	 1.2729e+04	 5.8736e+00	 3.7931e-01	 3.3315e+02	 1.2768e+04
 8.6498e+03	 1.2729e+04	 5.7879e+00	 4.6398e-01	 3.3314e+02	 1.2771e+04
 1.2975e+04	 1.2729e+04	 5.6741e+00	 5.6923e-01	 3.3315e+02	 1.2773e+04
 1.9462e+04	 1.2729e+04	 5.5182e+00	 6.9212e-01	 3.3315e+02	 1.2776e+04
 2.9193e+04	 1.2729e+04	 5.3038e+00	 8.1768e-01	 3.3315e+02	 1.2778e+04
 4.3789e+04	 1.2729e+04	 5.0259e+00	 9.1204e-01	 3.3314e+02	 1.2781e+04
 6.5684e+04	 1.2729e+04	 4.7091e+00	 9.3858e-01	 3.3315e+02	 1.2783e+04
 9.8526e+04	 1.2729e+04	 4.4110e+00	 8.8723e-01	 3.3315e+02	 1.2786e+04
 1.4779e+05	 1.2729e+04	 4.1565e+00	 7.8340e-01	 3.3315e+02	 1.2788e+04
 2.2168e+05	 1.2729e+04	 3.9643e+00	 6.6645e-01	 3.3315e+02	 1.2791e+04
 3.3253e+05	 1.2729e+04	 3.8212e+00	 5.6244e-01	 3.3315e+02	 1.2794e+04
 4.9879e+05	 1.2729e+04	-1.5024e+00	 4.8105e+01	 3.3315e+02	 1.2796e+04
 7.4818e+05	 1.2729e+04	 3.6620e+00	 3.2777e-01	 3.3315e+02	 1.2803e+04
 9.0000e+05	 1.2729e+04	 3.6278e+00	 2.9681e-01	 3.3315e+02	 1.2811e+04
 1.0000e+02	 1.2808e+04	 6.2914e+00	 1.8372e-01	 3.3314e+02	 1.2819e+04
 1.5000e+02	 1.2808e+04	 6.2553e+00	 1.7395e-01	 3.3315e+02	 1.2822e+04
 2.2500e+02	 1.2808e+04	 6.2196e+00	 1.6503e-01	 3.3315e+02	 1.2824e+04
 3.3750e+02	 1.2808e+04	 6.1866e+00	 1.6381e-01	 3.3314e+02	 1.2827e+04
 5.0625e+02	 1.2808e+04	 6.1537e+00	 1.6826e-01	 3.3315e+02	 1.2830e+04
 7.5938e+02	 1.2808e+04	 6.1199e+00	 1.7945e-01	 3.3315e+02	 1.2832e+04
 1.1391e+03	 1.2808e+04	 6.0837e+00	 1.9830e-01	 3.3315e+02	 1.2837e+04
 1.7086e+03	 1.2808e+04	 6.0434e+00	 2.2547e-01	 3.3315e+02	 1.2840e+04
 2.5629e+03	 1.2808e+04	 5.9971e+00	 2.6313e-01	 3.3315e+02	 1.2842e+04
 3.8443e+03	 1.2808e+04	 5.9413e+00	 3.1347e-01	 3.3315e+02	 1.2845e+04
 5.7665e+03	 1.2808e+04	 5.8738e+00	 3.7939e-01	 3.3315e+02	 1.2848e+04
 8.6498e+03	 1.2808e+04	 5.7879e+00	 4.6389e-01	 3.3315e+02	 1.2850e+04
 1.2975e+04	 1.2808e+04	 5.6739e+00	 5.6907e-01	 3.3315e+02	 1.2853e+04
 1.9462e+04	 1.2808e+04	 5.5184e+00	 6.9232e-01	 3.3315e+02	 1.2855e+04
 2.9193e+04	 1.2808e+04	 5.3038e+00	 8.1766e-01	 3.3315e+02	 1.2858e+04
 4.3789e+04	 1.2808e+04	 5.0260e+00	 9.1194e-01	 3.3315e+02	 1.2861e+04
 6.5684e+04	 1.2808e+04	 4.7091e+00	 9.3861e-01	 3.3315e+02	 1.2863e+04
 9.8526e+04	 1.2808e+04	 4.4108e+00	 8.8740e-01	 3.3315e+02	 1.2866e+04
 1.4779e+05	 1.2808e+04	 4.1564e+00	 7.8335e-01	 3.3315e+02	 1.2868e+04
 2.2168e+05	 1.2808e+04	 3.9643e+00	 6.6622e-01	 3.3315e+02	 1.2871e+04
 3.3253e+05	 1.2808e+04	 3.8212e+00	 5.6214e-01	 3.3315e+02	 1.2874e+04
 4.9879e+05	 1.2808e+04	-1.4971e+00	 4.8106e+01	 3.3315e+02	 1.2876e+04
 7.4818e+05	 1.2808e+04	 3.6632e+00	 3.2027e-01	 3.3315e+02	 1.2883e+04
 9.0000e+05	 1.2808e+04	 3.6288e+00	 2.9126e-01	 3.3316e+02	 1.2890e+04
 1.0000e+02	 1.2888e+04	 6.2914e+00	 1.8351e-01	 3.3315e+02	 1.2898e+04
 1.5000e+02	 1.2888e+04	 6.2542e+00	 1.7177e-01	 3.3315e+02	 1.2901e+04
 2.2500e+02	 1.2888e+04	 6.2196e+00	 1.6483e-01	 3.3316e+02	 1.2903e+04
 3.3750e+02	 1.2888e+04	 6.1865e+00	 1.6366e-01	 3.3316e+02	 1.2906e+04
 5.0625e+02	 1.2888e+04	 6.1538e+00	 1.6819e-01	 3.3316e+02	 1.2908e+04
 7.5938e+02	 1.2888e+04	 6.1199e+00	 1.7950e-01	 3.3315e+02	 1.2911e+04
 1.1391e+03	 1.2888e+04	 6.0839e+00	 1.9783e-01	 3.3315e+02	 1.2916e+04
 1.7086e+03	 1.2888e+04	 6.0436e+00	 2.2535e-01	 3.3315e+02	 1.2919e+04
 2.5629e+03	 1.2888e+04	 5.9971e+00	 2.6313e-01	 3.3315e+02	 1.2921e+04
 3.8443e+03	 1.2888e+04	 5.9416e+00	 3.1365e-01	 3.3315e+02	 1.2924e+04
 5.7665e+03	 1.2888e+04	 5.8738e+00	 3.7950e-01	 3.3316e+02	 1.2926e+04
 8.6498e+03	 1.2888e+04	 5.7879e+00	 4.6406e-01	 3.3315e+02	 1.2929e+04
 1.2975e+04	 1.2888e+04	 5.6740e+00	 5.6931e-01	 3.3314e+02	 1.2932e+04
 1.9462e+04	 1.2888e+04	 5.5183e+00	 6.9244e-01	 3.3314e+02	 1.2934e+04
 2.9193e+04	 1.2888e+04	 5.3037e+00	 8.1777e-01	 3.3314e+02	 1.2937e+04
 4.3789e+04	 1.2888e+04	 5.0259e+00	 9.1208e-01	 3.3314e+02	 1.2939e+04
 6.5684e+04	 1.2888e+04	 4.7088e+00	 9.3867e-01	 3.3315e+02	 1.2942e+04
 9.8526e+04	 1.2888e+04	 4.4106e+00	 8.8731e-01	 3.3315e+02	 1.2945e+04
 1.4779e+05	 1.2888e+04	 4.1561e+00	 7.8322e-01	 3.3315e+02	 1.2947e+04
 2.2168e+05	 1.2888e+04	 3.9641e+00	 6.6600e-01	 3.3315e+02	 1.2950e+04
 3.3253e+05	 1.2888e+04	 3.8211e+00	 5.6174e-01	 3.3315e+02	 1.2952e+04
 4.9879e+05	 1.2888e+04	-1.4908e+00	 4.8108e+01	 3.3315e+02	 1.2955e+04
 7.4818e+05	 1.2888e+04	 3.6628e+00	 3.2514e-01	 3.3315e+02	 1.2961e+04
 9.0000e+05	 1.2888e+04	 3.6287e+00	 2.9488e-01	 3.3315e+02	 1.2969e+04
 1.0000e+02	 1.2966e+04	 6.2912e+00	 1.8317e-01	 3.3315e+02	 1.2977e+04
 1.5000e+02	 1.2966e+04	 6.2537e+00	 1.7391e-01	 3.3315e+02	 1.2980e+04
 2.2500e+02	 1.2966e+04	 6.2196e+00	 1.6483e-01	 3.3315e+02	 1.2982e+04
 3.3750e+02	 1.2966e+04	 6.1867e+00	 1.6353e-01	 3.3315e+02	 1.2985e+04
 5.0625e+02	 1.2966e+04	 6.1538e+00	 1.6818e-01	 3.3315e+02	 1.2988e+04
 7.5938e+02	 1.2966e+04	 6.1200e+00	 1.7955e-01	 3.3316e+02	 1.2990e+04
 1.1391e+03	 1.2966e+04	 6.0839e+00	 1.9805e-01	 3.3315e+02	 1.2996e+04
 1.7086e+03	 1.2966e+04	 6.0438e+00	 2.2539e-01	 3.3315e+02	 1.2998e+04
 2.5629e+03	 1.2966e+04	 5.9973e+00	 2.6314e-01	 3.3315e+02	 1.3001e+04
 3.8443e+03	 1.2966e+04	 5.9416e+00	 3.1357e-01	 3.3315e+02	 1.3003e+04
 5.7665e+03	 1.2966e+04	 5.8740e+00	 3.7955e-01	 3.3315e+02	 1.3006e+04
 8.6498e+03	 1.2966e+04	 5.7880e+00	 4.6407e-01	 3.3315e+02	 1.3008e+04
 1.2975e+04	 1.2966e+04	 5.6740e+00	 5.6932e-01	 3.3315e+02	 1.3011e+04
 1.9462e+04	 1.2966e+04	 5.5185e+00	 6.9235e-01	 3.3315e+02	 1.3014e+04
 2.9193e+04	 1.2966e+04	 5.3037e+00	 8.1751e-01	 3.3315e+02	 1.3016e+04
 4.3789e+04	 1.2966e+04	 5.0260e+00	 9.1210e-01	 3.3315e+02	 1.3019e+04
 6.5684e+04	 1.2966e+04	 4.7092e+00	 9.3881e-01	 3.3315e+02	 1.3021e+04
 9.8526e+04	 1.2966e+04	 4.4108e+00	 8.8749e-01	 3.3315e+02	 1.3024e+04
 1.4779e+05	 1.2966e+04	 4.1561e+00	 7.8332e-01	 3.3315e+02	 1.3026e+04
 2.2168e+05	 1.2966e+04	 3.9641e+00	 6.6575e-01	 3.3315e+02	 1.3029e+04
 3.3253e+05	 1.2966e+04	 3.8212e+00	 5.6145e-01	 3.3315e+02	 1.3032e+04
 4.9879e+05	 1.2966e+04	-1.4867e+00	 4.8110e+01	 3.3314e+02	 1.3034e+04
 7.4818e+05	 1.2966e+04	 3.6632e+00	 3.2471e-01	 3.3315e+02	 1.3041e+04
 9.0000e+05	 1.2966e+04	 3.6290e+00	 2.9436e-01	 3.3315e+02	 1.3049e+04
 1.0000e+02	 1.3046e+04	 6.2912e+00	 1.8331e-01	 3.3315e+02	 1.3057e+04
 1.5000e+02	 1.3046e+04	 6.2536e+00	 1.7034e-01	 3.3315e+02	 1.3059e+04
 2.2500e+02	 1.3046e+04	 6.2198e+00	 1.6469e-01	 3.3315e+02	 1.3062e+04
 3.3750e+02	 1.3046e+04	 6.1866e+00	 1.6341e-01	 3.3315e+02	 1.3064e+04
 5.0625e+02	 1.3046e+04	 6.1539e+00	 1.6813e-01	 3.3315e+02	 1.3067e+04
 7.5938e+02	 1.3046e+04	 6.1200e+00	 1.7932e-01	 3.3315e+02	 1.3070e+04
 1.1391e+03	 1.3046e+04	 6.0837e+00	 1.9801e-01	 3.3315e+02	 1.3074e+04
 1.7086e+03	 1.3046e+04	 6.0440e+00	 2.2530e-01	 3.3314e+02	 1.3077e+04
 2.5629e+03	 1.3046e+04	 5.9972e+00	 2.6318e-01	 3.3315e+02	 1.3080e+04
 3.8443e+03	 1.3046e+04	 5.9419e+00	 3.1360e-01	 3.3315e+02	 1.3083e+04
 5.7665e+03	 1.3046e+04	 5.8740e+00	 3.7970e-01	 3.3315e+02	 1.3085e+04
 8.6498e+03	 1.3046e+04	 5.7880e+00	 4.6417e-01	 3.3315e+02	 1.3088e+04
 1.2975e+04	 1.3046e+04	 5.6740e+00	 5.6935e-01	 3.3315e+02	 1.3090e+04
 1.9462e+04	 1.3046e+04	 5.5182e+00	 6.9245e-01	 3.3315e+02	 1.3093e+04
 2.9193e+04	 1.3046e+04	 5.3038e+00	 8.1758e-01	 3.3315e+02	 1.3095e+04
 4.3789e+04	 1.3046e+04	 5.0261e+00	 9.1211e-01	 3.3315e+02	 1.3098e+04
 6.5684e+04	 1.3046e+04	 4.7091e+00	 9.3883e-01	 3.3315e+02	 1.3101e+04
 9.8526e+04	 1.3046e+04	 4.4106e+00	 8.8738e-01	 3.3315e+02	 1.3103e+04
 1.4779e+05	 1.3046e+04	 4.1560e+00	 7.8308e-01	 3.3315e+02	 1.3106e+04
 2.2168e+05	 1.3046e+04	 3.9640e+00	 6.6558e-01	 3.3315e+02	 1.3108e+04
 3.3253e+05	 1.3046e+04	 3.8213e+00	 5.6110e-01	 3.3314e+02	 1.3111e+04
 4.9879e+05	 1.3046e+04	-1.4816e+00	 4.8112e+01	 3.3315e+02	 1.3114e+04
 7.4818e+05	 1.3046e+04	 3.6637e+00	 3.2318e-01	 3.3315e+02	 1.3121e+04
 9.0000e+05	 1.3046e+04	 3.6297e+00	 2.9223e-01	 3.3315e+02	 1.3128e+04
 1.0000e+02	 1.3126e+04	 6.2911e+00	 1.8302e-01	 3.3315e+02	 1.3137e+04
 1.5000e+02	 1.3126e+04	 6.2539e+00	 1.6873e-01	 3.3315e+02	 1.3139e+04
 2.2500e+02	 1.3126e+04	 6.2192e+00	 1.6451e-01	 3.3316e+02	 1.3142e+04
 3.3750e+02	 1.3126e+04	 6.1866e+00	 1.6336e-01	 3.3314e+02	 1.3144e+04
 5.0625e+02	 1.3126e+04	 6.1538e+00	 1.6798e-01	 3.3315e+02	 1.3147e+04
 7.5938e+02	 1.3126e+04	 6.1200e+00	 1.7912e-01	 3.3315e+02	 1.3149e+04
 1.1391e+03	 1.3126e+04	 6.0842e+00	 1.9789e-01	 3.3316e+02	 1.3154e+04
 1.7086e+03	 1.3126e+04	 6.0441e+00	 2.2525e-01	 3.3315e+02	 1.3157e+04
 2.5629e+03	 1.3126e+04	 5.9975e+00	 2.6306e-01	 3.3315e+02	 1.3160e+04
 3.8443e+03	 1.3126e+04	 5.9417e+00	 3.1358e-01	 3.3316e+02	 1.3162e+04
 5.7665e+03	 1.3126e+04	 5.8740e+00	 3.7956e-01	 3.3315e+02	 1.3164e+04
 8.6498e+03	 1.3126e+04	 5.7880e+00	 4.6420e-01	 3.3315e+02	 1.3167e+04
 1.2975e+04	 1.3126e+04	 5.6741e+00	 5.6945e-01	 3.3316e+02	 1.3170e+04
 1.9462e+04	 1.3126e+04	 5.5184e+00	 6.9242e-01	 3.3315e+02	 1.3172e+04
 2.9193e+04	 1.3126e+04	 5.3040e+00	 8.1756e-01	 3.3316e+02	 1.3175e+04
 4.3789e+04	 1.3126e+04	 5.0262e+00	 9.1212e-01	 3.3315e+02	 1.3178e+04
 6.5684e+04	 1.3126e+04	 4.7092e+00	 9.3896e-01	 3.3315e+02	 1.3180e+04
 9.8526e+04	 1.3126e+04	 4.4107e+00	 8.8754e-01	 3.3316e+02	 1.3183e+04
 1.4779e+05	 1.3126e+04	 4.1560e+00	 7.8310e-01	 3.3315e+02	 1.3185e+04
 2.2168e+05	 1.3126e+04	 3.9640e+00	 6.6540e-01	 3.3315e+02	 1.3188e+04
 3.3253e+05	 1.3126e+04	 3.8212e+00	 5.6080e-01	 3.3315e+02	 1.3191e+04
 4.9879e+05	 1.3126e+04	-1.4759e+00	 4.8114e+01	 3.3316e+02	 1.3193e+04
 7.4818e+05	 1.3126e+04	 3.6640e+00	 3.2258e-01	 3.3315e+02	 1.3200e+04
 9.0000e+05	 1.3126e+04	 3.6298e+00	 2.9324e-01	 3.3316e+02	 1.3208e+04
 1.0000e+02	 1.3205e+04	 6.2910e+00	 1.8276e-01	 3.3316e+02	 1.3216e+04
 1.5000e+02	 1.3205e+04	 6.2558e+00	 1.7083e-01	 3.3315e+02	 1.3218e+04
 2.2500e+02	 1.3205e+04	 6.2197e+00	 1.6439e-01	 3.3316e+02	 1.3221e+04
 3.3750e+02	 1.3205e+04	 6.1867e+00	 1.6323e-01	 3.3315e+02	 1.3223e+04
 5.0625e+02	 1.3205e+04	 6.1541e+00	 1.6798e-01	 3.3315e+02	 1.3226e+04
 7.5938e+02	 1.3205e+04	 6.1204e+00	 1.7930e-01	 3.3315e+02	 1.3229e+04
 1.1391e+03	 1.3205e+04	 6.0844e+00	 1.9757e-01	 3.3315e+02	 1.3234e+04
 1.7086e+03	 1.3205e+04	 6.0441e+00	 2.2526e-01	 3.3314e+02	 1.3236e+04
 2.5629e+03	 1.3205e+04	 5.9977e+00	 2.6331e-01	 3.3315e+02	 1.3239e+04
 3.8443e+03	 1.3205e+04	 5.9418e+00	 3.1390e-01	 3.3315e+02	 1.3241e+04
 5.7665e+03	 1.3205e+04	 5.8740e+00	 3.7968e-01	 3.3315e+02	 1.3244e+04
 8.6498e+03	 1.3205e+04	 5.7882e+00	 4.6447e-01	 3.3315e+02	 1.3247e+04
 1.2975e+04	 1.3205e+04	 5.6739e+00	 5.6968e-01	 3.3314e+02	 1.3249e+04
 1.9462e+04	 1.3205e+04	 5.5180e+00	 6.9261e-01	 3.3315e+02	 1.3252e+04
 2.9193e+04	 1.3205e+04	 5.3035e+00	 8.1775e-01	 3.3315e+02	 1.3254e+04
 4.3789e+04	 1.3205e+04	 5.0256e+00	 9.1229e-01	 3.3314e+02	 1.3257e+04
 6.5684e+04	 1.3205e+04	 4.7087e+00	 9.3894e-01	 3.3315e+02	 1.3260e+04
 9.8526e+04	 1.3205e+04	 4.4101e+00	 8.8748e-01	 3.3315e+02	 1.3262e+04
 1.4779e+05	 1.3205e+04	 4.1555e+00	 7.8281e-01	 3.3314e+02	 1.3265e+04
 2.2168e+05	 1.3205e+04	 3.9637e+00	 6.6499e-01	 3.3315e+02	 1.3267e+04
 3.3253e+05	 1.3205e+04	 3.8212e+00	 5.6038e-01	 3.3314e+02	 1.3270e+04
 4.9879e+05	 1.3205e+04	-1.4713e+00	 4.8113e+01	 3.3315e+02	 1.3273e+04
 7.4818e+05	 1.3205e+04	 3.6640e+00	 3.2394e-01	 3.3314e+02	 1.3280e+04
 9.0000e+05	 1.3205e+04	 3.6302e+00	 2.9308e-01	 3.3315e+02	 1.3287e+04
 1.0000e+02	 1.3285e+04	 6.2909e+00	 1.8264e-01	 3.3315e+02	 1.3295e+04
 1.5000e+02	 1.3285e+04	 6.2536e+00	 1.7114e-01	 3.3314e+02	 1.3298e+04
 2.2500e+02	 1.3285e+04	 6.2192e+00	 1.6447e-01	 3.3315e+02	 1.3300e+04
 3.3750e+02	 1.3285e+04	 6.1863e+00	 1.6311e-01	 3.3314e+02	 1.3303e+04
 5.0625e+02	 1.3285e+04	 6.1540e+00	 1.6799e-01	 3.3315e+02	 1.3306e+04
 7.5938e+02	 1.3285e+04	 6.1200e+00	 1.7916e-01	 3.3315e+02	 1.3308e+04
 1.1391e+03	 1.3285e+04	 6.0840e+00	 1.9783e-01	 3.3315e+02	 1.3313e+04
 1.7086e+03	 1.3285e+04	 6.0439e+00	 2.2539e-01	 3.3315e+02	 1.3316e+04
 2.5629e+03	 1.3285e+04	 5.9973e+00	 2.6328e-01	 3.3315e+02	 1.3318e+04
 3.8443e+03	 1.3285e+04	 5.9417e+00	 3.1383e-01	 3.3315e+02	 1.3321e+04
 5.7665e+03	 1.3285e+04	 5.8740e+00	 3.7985e-01	 3.3315e+02	 1.3324e+04
 8.6498e+03	 1.3285e+04	 5.7878e+00	 4.6452e-01	 3.3315e+02	 1.3326e+04
 1.2975e+04	 1.3285e+04	 5.6737e+00	 5.6985e-01	 3.3315e+02	 1.3329e+04
 1.9462e+04	 1.3285e+04	 5.5180e+00	 6.9282e-01	 3.3315e+02	 1.3331e+04
 2.9193e+04	 1.3285e+04	 5.3033e+00	 8.1793e-01	 3.3315e+02	 1.3334e+04
 4.3789e+04	 1.3285e+04	 5.0256e+00	 9.1234e-01	 3.3315e+02	 1.3337e+04
 6.5684e+04	 1.3285e+04	 4.7084e+00	 9.3893e-01	 3.3315e+02	 1.3339e+04
 9.8526e+04	 1.3285e+04	 4.4099e+00	 8.8737e-01	 3.3315e+02	 1.3342e+04
 1.4779e+05	 1.3285e+04	 4.1552e+00	 7.8270e-01	 3.3316e+02	 1.3344e+04
 2.2168e+05	 1.3285e+04	 3.9635e+00	 6.6483e-01	 3.3315e+02	 1.3347e+04
 3.3253e+05	 1.3285e+04	 3.8211e+00	 5.6002e-01	 3.3316e+02	 1.3350e+04
 4.9879e+05	 1.3285e+04	-1.4652e+00	 4.8115e+01	 3.3315e+02	 1.3352e+04
 7.4818e+05	 1.3285e+04	 3.6642e+00	 3.2541e-01	 3.3315e+02	 1.3359e+04
 9.0000e+05	 1.3285e+04	 3.6301e+00	 2.9560e-01	 3.3315e+02	 1.3367e+04
 1.0000e+02	 1.3364e+04	 6.2909e+00	 1.8232e-01	 3.3315e+02	 1.3375e+04
 1.5000e+02	 1.3364e+04	 6.2552e+00	 1.6954e-01	 3.3316e+02	 1.3377e+04
 2.2500e+02	 1.3364e+04	 6.2196e+00	 1.6431e-01	 3.3315e+02	 1.3380e+04
 3.3750e+02	 1.3364e+04	 6.1864e+00	 1.6304e-01	 3.3316e+02	 1.3382e+04
 5.0625e+02	 1.3364e+04	 6.1540e+00	 1.6792e-01	 3.3315e+02	 1.3385e+04
 7.5938e+02	 1.3364e+04	 6.1202e+00	 1.7898e-01	 3.3316e+02	 1.3388e+04
 1.1391e+03	 1.3364e+04	 6.0842e+00	 1.9804e-01	 3.3315e+02	 1.3393e+04
 1.7086e+03	 1.3364e+04	 6.0440e+00	 2.2539e-01	 3.3315e+02	 1.3395e+04
 2.5629e+03	 1.3364e+04	 5.9975e+00	 2.6329e-01	 3.3315e+02	 1.3398e+04
 3.8443e+03	 1.3364e+04	 5.9421e+00	 3.1382e-01	 3.3316e+02	 1.3400e+04
 5.7665e+03	 1.3364e+04	 5.8742e+00	 3.7996e-01	 3.3315e+02	 1.3403e+04
 8.6498e+03	 1.3364e+04	 5.7881e+00	 4.6469e-01	 3.3315e+02	 1.3405e+04
 1.2975e+04	 1.3364e+04	 5.6738e+00	 5.6996e-01	 3.3315e+02	 1.3408e+04
 1.9462e+04	 1.3364e+04	 5.5179e+00	 6.9287e-01	 3.3315e+02	 1.3411e+04
 2.9193e+04	 1.3364e+04	 5.3032e+00	 8.1802e-01	 3.3315e+02	 1.3413e+04
 4.3789e+04	 1.3364e+04	 5.0256e+00	 9.1233e-01	 3.3315e+02	 1.3416e+04
 6.5684e+04	 1.3364e+04	 4.7084e+00	 9.3910e-01	 3.3315e+02	 1.3418e+04
 9.8526e+04	 1.3364e+04	 4.4097e+00	 8.8743e-01	 3.3315e+02	 1.3421e+04
 1.4779e+05	 1.3364e+04	 4.1550e+00	 7.8279e-01	 3.3315e+02	 1.3424e+04
 2.2168e+05	 1.3364e+04	 3.9634e+00	 6.6452e-01	 3.3315e+02	 1.3427e+04
 3.3253e+05	 1.3364e+04	 3.8211e+00	 5.5962e-01	 3.3315e+02	 1.3429e+04
 4.9879e+05	 1.3364e+04	-1.4611e+00	 4.8115e+01	 3.3315e+02	 1.3432e+04
 7.4818e+05	 1.3364e+04	 3.6643e+00	 3.2585e-01	 3.3315e+02	 1.3438e+04
 9.0000e+05	 1.3364e+04	 3.6305e+00	 2.9574e-01	 3.3315e+02	 1.3446e+04
 1.0000e+02	 1.3443e+04	 6.2906e+00	 1.8260e-01	 3.3315e+02	 1.3454e+04
 1.5000e+02	 1.3443e+04	 6.2533e+00	 1.7275e-01	 3.3315e+02	 1.3457e+04
 2.2500e+02	 1.3443e+04	 6.2191e+00	 1.6414e-01	 3.3315e+02	 1.3459e+04
 3.3750e+02	 1.3443e+04	 6.1864e+00	 1.6292e-01	 3.3315e+02	 1.3462e+04
 5.0625e+02	 1.3443e+04	 6.1537e+00	 1.6755e-01	 3.3315e+02	 1.3464e+04
 7.5938e+02	 1.3443e+04	 6.1203e+00	 1.7882e-01	 3.3315e+02	 1.3467e+04
 1.1391e+03	 1.3443e+04	 6.0842e+00	 1.9769e-01	 3.3315e+02	 1.3472e+04
 1.7086e+03	 1.3443e+04	 6.0441e+00	 2.2537e-01	 3.3315e+02	 1.3475e+04
 2.5629e+03	 1.3443e+04	 5.9976e+00	 2.6337e-01	 3.3315e+02	 1.3477e+04
 3.8443e+03	 1.3443e+04	 5.9420e+00	 3.1385e-01	 3.3315e+02	 1.3480e+04
 5.7665e+03	 1.3443e+04	 5.8742e+00	 3.8010e-01	 3.3315e+02	 1.3482e+04
 8.6498e+03	 1.3443e+04	 5.7881e+00	 4.6489e-01	 3.3315e+02	 1.3485e+04
 1.2975e+04	 1.3443e+04	 5.6738e+00	 5.7003e-01	 3.3315e+02	 1.3488e+04
 1.9462e+04	 1.3443e+04	 5.5178e+00	 6.9293e-01	 3.3314e+02	 1.3491e+04
 2.9193e+04	 1.3443e+04	 5.3031e+00	 8.1810e-01	 3.3315e+02	 1.3493e+04
 4.3789e+04	 1.3443e+04	 5.0254e+00	 9.1256e-01	 3.3314e+02	 1.3496e+04
 6.5684e+04	 1.3443e+04	 4.7082e+00	 9.3918e-01	 3.3315e+02	 1.3498e+04
 9.8526e+04	 1.3443e+04	 4.4096e+00	 8.8744e-01	 3.3315e+02	 1.3501e+04
 1.4779e+05	 1.3443e+04	 4.1548e+00	 7.8256e-01	 3.3315e+02	 1.3504e+04
 2.2168e+05	 1.3443e+04	 3.9631e+00	 6.6429e-01	 3.3314e+02	 1.3506e+04
 3.3253e+05	 1.3443e+04	 3.8211e+00	 5.5932e-01	 3.3315e+02	 1.3509e+04
 4.9879e+05	 1.3443e+04	-1.4558e+00	 4.8117e+01	 3.3315e+02	 1.3511e+04
 7.4818e+05	 1.3443e+04	 3.6649e+00	 3.2246e-01	 3.3315e+02	 1.3518e+04
 9.0000e+05	 1.3443e+04	 3.6311e+00	 2.9147e-01	 3.3315e+02	 1.3526e+04
 1.0000e+02	 1.3523e+04	 6.2905e+00	 1.8234e-01	 3.3315e+02	 1.3534e+04
 1.5000e+02	 1.3523e+04	 6.2579e+00	 1.7270e-01	 3.3315e+02	 1.3537e+04
 2.2500e+02	 1.3523e+04	 6.2191e+00	 1.6398e-01	 3.3315e+02	 1.3539e+04
 3.3750e+02	 1.3523e+04	 6.1866e+00	 1.6298e-01	 3.3316e+02	 1.3542e+04
 5.0625e+02	 1.3523e+04	 6.1540e+00	 1.6778e-01	 3.3315e+02	 1.3544e+04
 7.5938e+02	 1.3523e+04	 6.1202e+00	 1.7899e-01	 3.3315e+02	 1.3547e+04
 1.1391e+03	 1.3523e+04	 6.0842e+00	 1.9757e-01	 3.3315e+02	 1.3552e+04
 1.7086e+03	 1.3523e+04	 6.0441e+00	 2.2521e-01	 3.3316e+02	 1.3555e+04
 2.5629e+03	 1.3523e+04	 5.9977e+00	 2.6325e-01	 3.3316e+02	 1.3558e+04
 3.8443e+03	 1.3523e+04	 5.9422e+00	 3.1395e-01	 3.3316e+02	 1.3560e+04
 5.7665e+03	 1.3523e+04	 5.8743e+00	 3.8022e-01	 3.3315e+02	 1.3563e+04
 8.6498e+03	 1.3523e+04	 5.7881e+00	 4.6488e-01	 3.3315e+02	 1.3565e+04
 1.2975e+04	 1.3523e+04	 5.6737e+00	 5.7016e-01	 3.3315e+02	 1.3568e+04
 1.9462e+04	 1.3523e+04	 5.5179e+00	 6.9288e-01	 3.3315e+02	 1.3570e+04
 2.9193e+04	 1.3523e+04	 5.3032e+00	 8.1811e-01	 3.3315e+02	 1.3573e+04
 4.3789e+04	 1.3523e+04	 5.0254e+00	 9.1246e-01	 3.3315e+02	 1.3576e+04
 6.5684e+04	 1.3523e+04	 4.7082e+00	 9.3916e-01	 3.3314e+02	 1.3578e+04
 9.8526e+04	 1.3523e+04	 4.4095e+00	 8.8746e-01	 3.3315e+02	 1.3581e+04
 1.4779e+05	 1.3523e+04	 4.1547e+00	 7.8253e-01	 3.3315e+02	 1.3584e+04
 2.2168e+05	 1.3523e+04	 3.9630e+00	 6.6408e-01	 3.3315e+02	 1.3586e+04
 3.3253e+05	 1.3523e+04	 3.8211e+00	 5.5888e-01	 3.3315e+02	 1.3589e+04
 4.9879e+05	 1.3523e+04	-1.4498e+00	 4.8117e+01	 3.3315e+02	 1.3591e+04
 7.4818e+05	 1.3523e+04	 3.6650e+00	 3.2262e-01	 3.3315e+02	 1.3598e+04
 9.0000e+05	 1.3523e+04	 3.6314e+00	 2.9255e-01	 3.3315e+02	 1.3605e+04
 1.0000e+02	 1.3602e+04	 6.2905e+00	 1.8238e-01	 3.3315e+02	 1.3613e+04
 1.5000e+02	 1.3602e+04	 6.2493e+00	 1.7197e-01	 3.3315e+02	 1.3616e+04
 2.2500e+02	 1.3602e+04	 6.2194e+00	 1.6401e-01	 3.3315e+02	 1.3618e+04
 3.3750e+02	 1.3602e+04	 6.1865e+00	 1.6277e-01	 3.3315e+02	 1.3621e+04
 5.0625e+02	 1.3602e+04	 6.1539e+00	 1.6757e-01	 3.3315e+02	 1.3624e+04
 7.5938e+02	 1.3602e+04	 6.1203e+00	 1.7883e-01	 3.3315e+02	 1.3626e+04
 1.1391e+03	 1.3602e+04	 6.0841e+00	 1.9774e-01	 3.3315e+02	 1.3631e+04
 1.7086e+03	 1.3602e+04	 6.0444e+00	 2.2519e-01	 3.3316e+02	 1.3634e+04
 2.5629e+03	 1.3602e+04	 5.9978e+00	 2.6340e-01	 3.3315e+02	 1.3636e+04
 3.8443e+03	 1.3602e+04	 5.9423e+00	 3.1409e-01	 3.3315e+02	 1.3639e+04
 5.7665e+03	 1.3602e+04	 5.8743e+00	 3.8024e-01	 3.3315e+02	 1.3641e+04
 8.6498e+03	 1.3602e+04	 5.7881e+00	 4.6505e-01	 3.3315e+02	 1.3644e+04
 1.2975e+04	 1.3602e+04	 5.6736e+00	 5.7035e-01	 3.3315e+02	 1.3647e+04
 1.9462e+04	 1.3602e+04	 5.5177e+00	 6.9320e-01	 3.3315e+02	 1.3649e+04
 2.9193e+04	 1.3602e+04	 5.3030e+00	 8.1818e-01	 3.3315e+02	 1.3652e+04
 4.3789e+04	 1.3602e+04	 5.0253e+00	 9.1267e-01	 3.3315e+02	 1.3654e+04
 6.5684e+04	 1.3602e+04	 4.7081e+00	 9.3926e-01	 3.3315e+02	 1.3657e+04
 9.8526e+04	 1.3602e+04	 4.4092e+00	 8.8751e-01	 3.3315e+02	 1.3660e+04
 1.4779e+05	 1.3602e+04	 4.1545e+00	 7.8232e-01	 3.3315e+02	 1.3662e+04
 2.2168e+05	 1.3602e+04	 3.9629e+00	 6.6384e-01	 3.3315e+02	 1.3665e+04
 3.3253e+05	 1.3602e+04	 3.8209e+00	 5.5859e-01	 3.3315e+02	 1.3667e+04
 4.9879e+05	 1.3602e+04	-1.4459e+00	 4.8119e+01	 3.3316e+02	 1.3670e+04
 7.4818e+05	 1.3602e+04	 3.6648e+00	 3.2616e-01	 3.3315e+02	 1.3677e+04
 9.0000e+05	 1.3602e+04	 3.6312e+00	 2.9552e-01	 3.3315e+02	 1.3684e+04
 1.0000e+02	 1.3681e+04	 6.2905e+00	 1.8214e-01	 3.3315e+02	 1.3692e+04
 1.5000e+02	 1.3681e+04	 6.2522e+00	 1.6712e-01	 3.3315e+02	 1.3695e+04
 2.2500e+02	 1.3681e+04	 6.2191e+00	 1.6389e-01	 3.3316e+02	 1.3697e+04
 3.3750e+02	 1.3681e+04	 6.1863e+00	 1.6271e-01	 3.3315e+02	 1.3700e+04
 5.0625e+02	 1.3681e+04	 6.1537e+00	 1.6747e-01	 3.3315e+02	 1.3702e+04
 7.5938e+02	 1.3681e+04	 6.1203e+00	 1.7877e-01	 3.3315e+02	 1.3705e+04
 1.1391e+03	 1.3681e+04	 6.0844e+00	 1.9761e-01	 3.3315e+02	 1.3710e+04
 1.7086e+03	 1.3681e+04	 6.0443e+00	 2.2526e-01	 3.3315e+02	 1.3712e+04
 2.5629e+03	 1.3681e+04	 5.9980e+00	 2.6343e-01	 3.3315e+02	 1.3715e+04
 3.8443e+03	 1.3681e+04	 5.9423e+00	 3.1420e-01	 3.3315e+02	 1.3718e+04
 5.7665e+03	 1.3681e+04	 5.8743e+00	 3.8035e-01	 3.3315e+02	 1.3720e+04
 8.6498e+03	 1.3681e+04	 5.7880e+00	 4.6522e-01	 3.3315e+02	 1.3723e+04
 1.2975e+04	 1.3681e+04	 5.6734e+00	 5.7047e-01	 3.3315e+02	 1.3725e+04
 1.9462e+04	 1.3681e+04	 5.5173e+00	 6.9323e-01	 3.3315e+02	 1.3728e+04
 2.9193e+04	 1.3681e+04	 5.3026e+00	 8.1842e-01	 3.3315e+02	 1.3731e+04
 4.3789e+04	 1.3681e+04	 5.0247e+00	 9.1264e-01	 3.3315e+02	 1.3733e+04
 6.5684e+04	 1.3681e+04	 4.7077e+00	 9.3929e-01	 3.3315e+02	 1.3736e+04
 9.8526e+04	 1.3681e+04	 4.4087e+00	 8.8737e-01	 3.3315e+02	 1.3738e+04
 1.4779e+05	 1.3681e+04	 4.1541e+00	 7.8226e-01	 3.3315e+02	 1.3741e+04
 2.2168e+05	 1.3681e+04	 3.9625e+00	 6.6346e-01	 3.3315e+02	 1.3743e+04
 3.3253e+05	 1.3681e+04	 3.8207e+00	 5.5816e-01	 3.3315e+02	 1.3746e+04
 4.9879e+05	 1.3681e+04	-1.4402e+00	 4.8117e+01	 3.3314e+02	 1.3749e+04
 7.4818e+05	 1.3681e+04	 3.6654e+00	 3.2262e-01	 3.3315e+02	 1.3755e+04
 9.0000e+05	 1.3681e+04	 3.6316e+00	 2.9576e-01	 3.3315e+02	 1.3763e+04
 1.0000e+02	 1.3760e+04	 6.2902e+00	 1.8192e-01	 3.3315e+02	 1.3771e+04
 1.5000e+02	 1.3760e+04	 6.2513e+00	 1.6944e-01	 3.3315e+02	 1.3774e+04
 2.2500e+02	 1.3760e+04	 6.2190e+00	 1.6362e-01	 3.3315e+02	 1.3776e+04
 3.3750e+02	 1.3760e+04	 6.1864e+00	 1.6255e-01	 3.3315e+02	 1.3779e+04
 5.0625e+02	 1.3760e+04	 6.1541e+00	 1.6762e-01	 3.3315e+02	 1.3782e+04
 7.5938e+02	 1.3760e+04	 6.1203e+00	 1.7880e-01	 3.3315e+02	 1.3784e+04
 1.1391e+03	 1.3760e+04	 6.0845e+00	 1.9782e-01	 3.3315e+02	 1.3790e+04
 1.7086e+03	 1.3760e+04	 6.0444e+00	 2.2530e-01	 3.3315e+02	 1.3792e+04
 2.5629e+03	 1.3760e+04	 5.9980e+00	 2.6329e-01	 3.3315e+02	 1.3795e+04
 3.8443e+03	 1.3760e+04	 5.9425e+00	 3.1411e-01	 3.3315e+02	 1.3798e+04
 5.7665e+03	 1.3760e+04	 5.8743e+00	 3.8041e-01	 3.3316e+02	 1.3800e+04
 8.6498e+03	 1.3760e+04	 5.7880e+00	 4.6525e-01	 3.3315e+02	 1.3802e+04
 1.2975e+04	 1.3760e+04	 5.6736e+00	 5.7051e-01	 3.3315e+02	 1.3805e+04
 1.9462e+04	 1.3760e+04	 5.5175e+00	 6.9343e-01	 3.3316e+02	 1.3808e+04
 2.9193e+04	 1.3760e+04	 5.3027e+00	 8.1839e-01	 3.3316e+02	 1.3810e+04
 4.3789e+04	 1.3760e+04	 5.0249e+00	 9.1277e-01	 3.3316e+02	 1.3813e+04
 6.5684e+04	 1.3760e+04	 4.7075e+00	 9.3925e-01	 3.3316e+02	 1.3815e+04
 9.8526e+04	 1.3760e+04	 4.4086e+00	 8.8744e-01	 3.3315e+02	 1.3818e+04
 1.4779e+05	 1.3760e+04	 4.1538e+00	 7.8218e-01	 3.3315e+02	 1.3820e+04
 2.2168e+05	 1.3760e+04	 3.9624e+00	 6.6327e-01	 3.3315e+02	 1.3823e+04
 3.3253e+05	 1.3760e+04	 3.8208e+00	 5.5779e-01	 3.3315e+02	 1.3826e+04
 4.9879e+05	 1.3760e+04	-1.4337e+00	 4.8119e+01	 3.3315e+02	 1.3828e+04
 7.4818e+05	 1.3760e+04	 3.6655e+00	 3.2305e-01	 3.3315e+02	 1.3835e+04
 9.0000e+05	 1.3760e+04	 3.6318e+00	 2.9331e-01	 3.3314e+02	 1.3843e+04
 1.0000e+02	 1.3840e+04	 6.2902e+00	 1.8197e-01	 3.3315e+02	 1.3851e+04
 1.5000e+02	 1.3840e+04	 6.2519e+00	 1.6958e-01	 3.3315e+02	 1.3853e+04
 2.2500e+02	 1.3840e+04	 6.2187e+00	 1.6363e-01	 3.3314e+02	 1.3856e+04
 3.3750e+02	 1.3840e+04	 6.1861e+00	 1.6261e-01	 3.3315e+02	 1.3858e+04
 5.0625e+02	 1.3840e+04	 6.1537e+00	 1.6748e-01	 3.3315e+02	 1.3861e+04
 7.5938e+02	 1.3840e+04	 6.1204e+00	 1.7887e-01	 3.3314e+02	 1.3864e+04
 1.1391e+03	 1.3840e+04	 6.0842e+00	 1.9764e-01	 3.3314e+02	 1.3868e+04
 1.7086e+03	 1.3840e+04	 6.0443e+00	 2.2547e-01	 3.3314e+02	 1.3871e+04
 2.5629e+03	 1.3840e+04	 5.9978e+00	 2.6352e-01	 3.3315e+02	 1.3874e+04
 3.8443e+03	 1.3840e+04	 5.9423e+00	 3.1427e-01	 3.3315e+02	 1.3876e+04
 5.7665e+03	 1.3840e+04	 5.8742e+00	 3.8068e-01	 3.3314e+02	 1.3879e+04
 8.6498e+03	 1.3840e+04	 5.7878e+00	 4.6553e-01	 3.3315e+02	 1.3882e+04
 1.2975e+04	 1.3840e+04	 5.6731e+00	 5.7093e-01	 3.3315e+02	 1.3884e+04
 1.9462e+04	 1.3840e+04	 5.5170e+00	 6.9373e-01	 3.3315e+02	 1.3887e+04
 2.9193e+04	 1.3840e+04	 5.3021e+00	 8.1874e-01	 3.3315e+02	 1.3890e+04
 4.3789e+04	 1.3840e+04	 5.0242e+00	 9.1269e-01	 3.3314e+02	 1.3892e+04
 6.5684e+04	 1.3840e+04	 4.7068e+00	 9.3929e-01	 3.3315e+02	 1.3895e+04
 9.8526e+04	 1.3840e+04	 4.4079e+00	 8.8731e-01	 3.3314e+02	 1.3897e+04
 1.4779e+05	 1.3840e+04	 4.1533e+00	 7.8184e-01	 3.3315e+02	 1.3900e+04
 2.2168e+05	 1.3840e+04	 3.9619e+00	 6.6283e-01	 3.3314e+02	 1.3902e+04
 3.3253e+05	 1.3840e+04	 3.8204e+00	 5.5738e-01	 3.3315e+02	 1.3905e+04
 4.9879e+05	 1.3840e+04	-1.4277e+00	 4.8118e+01	 3.3314e+02	 1.3908e+04
 7.4818e+05	 1.3840e+04	 3.6660e+00	 3.1926e-01	 3.3314e+02	 1.3914e+04
 9.0000e+05	 1.3840e+04	 3.6325e+00	 2.8979e-01	 3.3315e+02	 1.3922e+04
 1.0000e+02	 1.3919e+04	 6.2899e+00	 1.8171e-01	 3.3315e+02	 1.3931e+04
 1.5000e+02	 1.3919e+04	 6.2531e+00	 1.7014e-01	 3.3314e+02	 1.3933e+04
 2.2500e+02	 1.3919e+04	 6.2189e+00	 1.6356e-01	 3.3315e+02	 1.3936e+04
 3.3750e+02	 1.3919e+04	 6.1862e+00	 1.6249e-01	 3.3315e+02	 1.3938e+04
 5.0625e+02	 1.3919e+04	 6.1537e+00	 1.6719e-01	 3.3315e+02	 1.3941e+04
 7.5938e+02	 1.3919e+04	 6.1200e+00	 1.7871e-01	 3.3315e+02	 1.3943e+04
 1.1391e+03	 1.3919e+04	 6.0844e+00	 1.9777e-01	 3.3315e+02	 1.3948e+04
 1.7086e+03	 1.3919e+04	 6.0444e+00	 2.2526e-01	 3.3315e+02	 1.3951e+04
 2.5629e+03	 1.3919e+04	 5.9980e+00	 2.6331e-01	 3.3315e+02	 1.3953e+04
 3.8443e+03	 1.3919e+04	 5.9421e+00	 3.1434e-01	 3.3315e+02	 1.3956e+04
 5.7665e+03	 1.3919e+04	 5.8742e+00	 3.8067e-01	 3.3315e+02	 1.3958e+04
 8.6498e+03	 1.3919e+04	 5.7880e+00	 4.6566e-01	 3.3315e+02	 1.3961e+04
 1.2975e+04	 1.3919e+04	 5.6733e+00	 5.7096e-01	 3.3316e+02	 1.3964e+04
 1.9462e+04	 1.3919e+04	 5.5170e+00	 6.9376e-01	 3.3315e+02	 1.3966e+04
 2.9193e+04	 1.3919e+04	 5.3023e+00	 8.1860e-01	 3.3316e+02	 1.3969e+04
 4.3789e+04	 1.3919e+04	 5.0245e+00	 9.1289e-01	 3.3315e+02	 1.3971e+04
 6.5684e+04	 1.3919e+04	 4.7071e+00	 9.3946e-01	 3.3316e+02	 1.3974e+04
 9.8526e+04	 1.3919e+04	 4.4081e+00	 8.8743e-01	 3.3315e+02	 1.3976e+04
 1.4779e+05	 1.3919e+04	 4.1533e+00	 7.8184e-01	 3.3315e+02	 1.3979e+04
 2.2168e+05	 1.3919e+04	 3.9619e+00	 6.6275e-01	 3.3316e+02	 1.3982e+04
 3.3253e+05	 1.3919e+04	 3.8206e+00	 5.5711e-01	 3.3315e+02	 1.3984e+04
 4.9879e+05	 1.3919e+04	-1.4241e+00	 4.8120e+01	 3.3315e+02	 1.3987e+04
 7.4818e+05	 1.3919e+04	 3.6661e+00	 3.2145e-01	 3.3315e+02	 1.3994e+04
 9.0000e+05	 1.3919e+04	 3.6327e+00	 2.9091e-01	 3.3315e+02	 1.4001e+04
 1.0000e+02	 1.3998e+04	 6.2900e+00	 1.8166e-01	 3.3315e+02	 1.4009e+04
 1.5000e+02	 1.3998e+04	 6.2527e+00	 1.6957e-01	 3.3315e+02	 1.4012e+04
 2.2500e+02	 1.3998e+04	 6.2188e+00	 1.6344e-01	 3.3316e+02	 1.4014e+04
 3.3750e+02	 1.3998e+04	 6.1862e+00	 1.6258e-01	 3.3315e+02	 1.4017e+04
 5.0625e+02	 1.3998e+04	 6.1537e+00	 1.6727e-01	 3.3315e+02	 1.4020e+04
 7.5938e+02	 1.3998e+04	 6.1203e+00	 1.7862e-01	 3.3315e+02	 1.4023e+04
 1.1391e+03	 1.3998e+04	 6.0843e+00	 1.9725e-01	 3.3315e+02	 1.4028e+04
 1.7086e+03	 1.3998e+04	 6.0444e+00	 2.2514e-01	 3.3316e+02	 1.4030e+04
 2.5629e+03	 1.3998e+04	 5.9982e+00	 2.6355e-01	 3.3315e+02	 1.4033e+04
 3.8443e+03	 1.3998e+04	 5.9424e+00	 3.1441e-01	 3.3315e+02	 1.4035e+04
 5.7665e+03	 1.3998e+04	 5.8743e+00	 3.8096e-01	 3.3315e+02	 1.4038e+04
 8.6498e+03	 1.3998e+04	 5.7879e+00	 4.6579e-01	 3.3314e+02	 1.4040e+04
 1.2975e+04	 1.3998e+04	 5.6730e+00	 5.7113e-01	 3.3316e+02	 1.4043e+04
 1.9462e+04	 1.3998e+04	 5.5168e+00	 6.9405e-01	 3.3315e+02	 1.4046e+04
 2.9193e+04	 1.3998e+04	 5.3019e+00	 8.1881e-01	 3.3315e+02	 1.4048e+04
 4.3789e+04	 1.3998e+04	 5.0240e+00	 9.1287e-01	 3.3315e+02	 1.4051e+04
 6.5684e+04	 1.3998e+04	 4.7066e+00	 9.3936e-01	 3.3315e+02	 1.4053e+04
 9.8526e+04	 1.3998e+04	 4.4075e+00	 8.8747e-01	 3.3315e+02	 1.4056e+04
 1.4779e+05	 1.3998e+04	 4.1527e+00	 7.8158e-01	 3.3315e+02	 1.4058e+04
 2.2168e+05	 1.3998e+04	 3.9615e+00	 6.6245e-01	 3.3314e+02	 1.4061e+04
 3.3253e+05	 1.3998e+04	 3.8204e+00	 5.5669e-01	 3.3315e+02	 1.4064e+04
 4.9879e+05	 1.3998e+04	-1.4173e+00	 4.8120e+01	 3.3315e+02	 1.4066e+04
 7.4818e+05	 1.3998e+04	 3.6658e+00	 3.2326e-01	 3.3315e+02	 1.4073e+04
 9.0000e+05	 1.3998e+04	 3.6327e+00	 2.9222e-01	 3.3315e+02	 1.4081e+04
 1.0000e+02	 1.4078e+04	 6.2898e+00	 1.8158e-01	 3.3315e+02	 1.4089e+04
 1.5000e+02	 1.4078e+04	 6.2537e+00	 1.7054e-01	 3.3315e+02	 1.4091e+04
 2.2500e+02	 1.4078e+04	 6.2188e+00	 1.6330e-01	 3.3315e+02	 1.4094e+04
 3.3750e+02	 1.4078e+04	 6.1861e+00	 1.6232e-01	 3.3315e+02	 1.4096e+04
 5.0625e+02	 1.4078e+04	 6.1536e+00	 1.6719e-01	 3.3315e+02	 1.4099e+04
 7.5938e+02	 1.4078e+04	 6.1204e+00	 1.7865e-01	 3.3315e+02	 1.4102e+04
 1.1391e+03	 1.4078e+04	 6.0845e+00	 1.9736e-01	 3.3315e+02	 1.4107e+04
 1.7086e+03	 1.4078e+04	 6.0446e+00	 2.2515e-01	 3.3315e+02	 1.4109e+04
 2.5629e+03	 1.4078e+04	 5.9982e+00	 2.6368e-01	 3.3315e+02	 1.4112e+04
 3.8443e+03	 1.4078e+04	 5.9425e+00	 3.1450e-01	 3.3315e+02	 1.4115e+04
 5.7665e+03	 1.4078e+04	 5.8744e+00	 3.8099e-01	 3.3315e+02	 1.4117e+04
 8.6498e+03	 1.4078e+04	 5.7878e+00	 4.6593e-01	 3.3315e+02	 1.4120e+04
 1.2975e+04	 1.4078e+04	 5.6731e+00	 5.7124e-01	 3.3315e+02	 1.4122e+04
 1.9462e+04	 1.4078e+04	 5.5166e+00	 6.9401e-01	 3.3315e+02	 1.4125e+04
 2.9193e+04	 1.4078e+04	 5.3017e+00	 8.1877e-01	 3.3315e+02	 1.4128e+04
 4.3789e+04	 1.4078e+04	 5.0238e+00	 9.1307e-01	 3.3315e+02	 1.4130e+04
 6.5684e+04	 1.4078e+04	 4.7066e+00	 9.3957e-01	 3.3315e+02	 1.4133e+04
 9.8526e+04	 1.4078e+04	 4.4075e+00	 8.8737e-01	 3.3315e+02	 1.4135e+04
 1.4779e+05	 1.4078e+04	 4.1526e+00	 7.8155e-01	 3.3315e+02	 1.4138e+04
 2.2168e+05	 1.4078e+04	 3.9614e+00	 6.6222e-01	 3.3315e+02	 1.4141e+04
 3.3253e+05	 1.4078e+04	 3.8203e+00	 5.5638e-01	 3.3315e+02	 1.4143e+04
 4.9879e+05	 1.4078e+04	-1.4132e+00	 4.8120e+01	 3.3315e+02	 1.4146e+04
 7.4818e+05	 1.4078e+04	 3.6663e+00	 3.2183e-01	 3.3315e+02	 1.4153e+04
 9.0000e+05	 1.4078e+04	 3.6334e+00	 2.8891e-01	 3.3315e+02	 1.4160e+04
 1.0000e+02	 1.4158e+04	 6.2897e+00	 1.8160e-01	 3.3315e+02	 1.4168e+04
 1.5000e+02	 1.4158e+04	 6.2508e+00	 1.6883e-01	 3.3315e+02	 1.4171e+04
 2.2500e+02	 1.4158e+04	 6.2186e+00	 1.6327e-01	 3.3315e+02	 1.4173e+04
 3.3750e+02	 1.4158e+04	 6.1860e+00	 1.6222e-01	 3.3315e+02	 1.4176e+04
 5.0625e+02	 1.4158e+04	 6.1540e+00	 1.6710e-01	 3.3315e+02	 1.4179e+04
 7.5938e+02	 1.4158e+04	 6.1206e+00	 1.7868e-01	 3.3315e+02	 1.4182e+04
 1.1391e+03	 1.4158e+04	 6.0846e+00	 1.9766e-01	 3.3314e+02	 1.4187e+04
 1.7086e+03	 1.4158e+04	 6.0446e+00	 2.2523e-01	 3.3315e+02	 1.4189e+04
 2.5629e+03	 1.4158e+04	 5.9984e+00	 2.6368e-01	 3.3315e+02	 1.4192e+04
 3.8443e+03	 1.4158e+04	 5.9425e+00	 3.1451e-01	 3.3315e+02	 1.4195e+04
 5.7665e+03	 1.4158e+04	 5.8745e+00	 3.8115e-01	 3.3315e+02	 1.4197e+04
 8.6498e+03	 1.4158e+04	 5.7879e+00	 4.6618e-01	 3.3315e+02	 1.4200e+04
 1.2975e+04	 1.4158e+04	 5.6730e+00	 5.7143e-01	 3.3314e+02	 1.4203e+04
 1.9462e+04	 1.4158e+04	 5.5165e+00	 6.9425e-01	 3.3315e+02	 1.4205e+04
 2.9193e+04	 1.4158e+04	 5.3015e+00	 8.1903e-01	 3.3315e+02	 1.4208e+04
 4.3789e+04	 1.4158e+04	 5.0236e+00	 9.1305e-01	 3.3315e+02	 1.4211e+04
 6.5684e+04	 1.4158e+04	 4.7062e+00	 9.3952e-01	 3.3315e+02	 1.4213e+04
 9.8526e+04	 1.4158e+04	 4.4072e+00	 8.8737e-01	 3.3315e+02	 1.4216e+04
 1.4779e+05	 1.4158e+04	 4.1523e+00	 7.8150e-01	 3.3316e+02	 1.4219e+04
 2.2168e+05	 1.4158e+04	 3.9612e+00	 6.6191e-01	 3.3315e+02	 1.4221e+04
 3.3253e+05	 1.4158e+04	 3.8202e+00	 5.5602e-01	 3.3315e+02	 1.4224e+04
 4.9879e+05	 1.4158e+04	-1.4069e+00	 4.8119e+01	 3.3315e+02	 1.4227e+04
 7.4818e+05	 1.4158e+04	 3.6666e+00	 3.2141e-01	 3.3316e+02	 1.4233e+04
 9.0000e+05	 1.4158e+04	 3.6335e+00	 2.8944e-01	 3.3315e+02	 1.4241e+04
 1.0000e+02	 1.4238e+04	 6.2895e+00	 1.8144e-01	 3.3315e+02	 1.4250e+04
 1.5000e+02	 1.4238e+04	 6.2528e+00	 1.7141e-01	 3.3315e+02	 1.4252e+04
 2.2500e+02	 1.4238e+04	 6.2187e+00	 1.6319e-01	 3.3315e+02	 1.4255e+04
 3.3750e+02	 1.4238e+04	 6.1863e+00	 1.6231e-01	 3.3315e+02	 1.4257e+04
 5.0625e+02	 1.4238e+04	 6.1538e+00	 1.6720e-01	 3.3315e+02	 1.4260e+04
 7.5938e+02	 1.4238e+04	 6.1204e+00	 1.7860e-01	 3.3315e+02	 1.4263e+04
 1.1391e+03	 1.4238e+04	 6.0845e+00	 1.9703e-01	 3.3315e+02	 1.4268e+04
 1.7086e+03	 1.4238e+04	 6.0446e+00	 2.2521e-01	 3.3315e+02	 1.4270e+04
 2.5629e+03	 1.4238e+04	 5.9984e+00	 2.6383e-01	 3.3315e+02	 1.4273e+04
 3.8443e+03	 1.4238e+04	 5.9427e+00	 3.1462e-01	 3.3315e+02	 1.4275e+04
 5.7665e+03	 1.4238e+04	 5.8745e+00	 3.8126e-01	 3.3316e+02	 1.4278e+04
 8.6498e+03	 1.4238e+04	 5.7879e+00	 4.6648e-01	 3.3315e+02	 1.4280e+04
 1.2975e+04	 1.4238e+04	 5.6729e+00	 5.7167e-01	 3.3315e+02	 1.4283e+04
 1.9462e+04	 1.4238e+04	 5.5163e+00	 6.9463e-01	 3.3315e+02	 1.4285e+04
 2.9193e+04	 1.4238e+04	 5.3010e+00	 8.1913e-01	 3.3315e+02	 1.4288e+04
 4.3789e+04	 1.4238e+04	 5.0231e+00	 9.1314e-01	 3.3316e+02	 1.4291e+04
 6.5684e+04	 1.4238e+04	 4.7058e+00	 9.3968e-01	 3.3315e+02	 1.4293e+04
 9.8526e+04	 1.4238e+04	 4.4067e+00	 8.8728e-01	 3.3315e+02	 1.4296e+04
 1.4779e+05	 1.4238e+04	 4.1519e+00	 7.8128e-01	 3.3315e+02	 1.4298e+04
 2.2168e+05	 1.4238e+04	 3.9608e+00	 6.6153e-01	 3.3315e+02	 1.4301e+04
 3.3253e+05	 1.4238e+04	 3.8199e+00	 5.5556e-01	 3.3315e+02	 1.4303e+04
 4.9879e+05	 1.4238e+04	-1.4018e+00	 4.8119e+01	 3.3315e+02	 1.4306e+04
 7.4818e+05	 1.4238e+04	 3.6665e+00	 3.2095e-01	 3.3315e+02	 1.4312e+04
 9.0000e+05	 1.4238e+04	 3.6334e+00	 2.9205e-01	 3.3315e+02	 1.4320e+04
 1.0000e+02	 1.4317e+04	 6.2897e+00	 1.8144e-01	 3.3314e+02	 1.4328e+04
 1.5000e+02	 1.4317e+04	 6.2531e+00	 1.6924e-01	 3.3315e+02	 1.4331e+04
 2.2500e+02	 1.4317e+04	 6.2189e+00	 1.6319e-01	 3.3315e+02	 1.4333e+04
 3.3750e+02	 1.4317e+04	 6.1863e+00	 1.6230e-01	 3.3315e+02	 1.4336e+04
 5.0625e+02	 1.4317e+04	 6.1537e+00	 1.6712e-01	 3.3315e+02	 1.4339e+04
 7.5938e+02	 1.4317e+04	 6.1204e+00	 1.7856e-01	 3.3315e+02	 1.4341e+04
 1.1391e+03	 1.4317e+04	 6.0846e+00	 1.9726e-01	 3.3315e+02	 1.4346e+04
 1.7086e+03	 1.4317e+04	 6.0448e+00	 2.2510e-01	 3.3315e+02	 1.4349e+04
 2.5629e+03	 1.4317e+04	 5.9983e+00	 2.6378e-01	 3.3315e+02	 1.4352e+04
 3.8443e+03	 1.4317e+04	 5.9427e+00	 3.1480e-01	 3.3315e+02	 1.4354e+04
 5.7665e+03	 1.4317e+04	 5.8744e+00	 3.8148e-01	 3.3315e+02	 1.4357e+04
 8.6498e+03	 1.4317e+04	 5.7878e+00	 4.6655e-01	 3.3315e+02	 1.4359e+04
 1.2975e+04	 1.4317e+04	 5.6729e+00	 5.7201e-01	 3.3315e+02	 1.4362e+04
 1.9462e+04	 1.4317e+04	 5.5161e+00	 6.9475e-01	 3.3315e+02	 1.4365e+04
 2.9193e+04	 1.4317e+04	 5.3010e+00	 8.1950e-01	 3.3315e+02	 1.4368e+04
 4.3789e+04	 1.4317e+04	 5.0229e+00	 9.1355e-01	 3.3315e+02	 1.4370e+04
 6.5684e+04	 1.4317e+04	 4.7053e+00	 9.3959e-01	 3.3315e+02	 1.4372e+04
 9.8526e+04	 1.4317e+04	 4.4062e+00	 8.8719e-01	 3.3315e+02	 1.4375e+04
 1.4779e+05	 1.4317e+04	 4.1512e+00	 7.8094e-01	 3.3315e+02	 1.4378e+04
 2.2168e+05	 1.4317e+04	 3.9604e+00	 6.6118e-01	 3.3315e+02	 1.4380e+04
 3.3253e+05	 1.4317e+04	 3.8197e+00	 5.5511e-01	 3.3315e+02	 1.4383e+04
 4.9879e+05	 1.4317e+04	-1.3962e+00	 4.8118e+01	 3.3315e+02	 1.4386e+04
 7.4818e+05	 1.4317e+04	 3.6664e+00	 3.2304e-01	 3.3315e+02	 1.4392e+04
 9.0000e+05	 1.4317e+04	 3.6338e+00	 2.9031e-01	 3.3315e+02	 1.4400e+04
 1.0000e+02	 1.4397e+04	 6.2895e+00	 1.8118e-01	 3.3315e+02	 1.4408e+04
 1.5000e+02	 1.4397e+04	 6.2510e+00	 1.6795e-01	 3.3315e+02	 1.4410e+04
 2.2500e+02	 1.4397e+04	 6.2185e+00	 1.6311e-01	 3.3315e+02	 1.4413e+04
 3.3750e+02	 1.4397e+04	 6.1862e+00	 1.6226e-01	 3.3315e+02	 1.4416e+04
 5.0625e+02	 1.4397e+04	 6.1538e+00	 1.6694e-01	 3.3315e+02	 1.4418e+04
 7.5938e+02	 1.4397e+04	 6.1205e+00	 1.7866e-01	 3.3315e+02	 1.4421e+04
 1.1391e+03	 1.4397e+04	 6.0845e+00	 1.9736e-01	 3.3316e+02	 1.4426e+04
 1.7086e+03	 1.4397e+04	 6.0448e+00	 2.2526e-01	 3.3315e+02	 1.4428e+04
 2.5629e+03	 1.4397e+04	 5.9985e+00	 2.6385e-01	 3.3315e+02	 1.4431e+04
 3.8443e+03	 1.4397e+04	 5.9426e+00	 3.1498e-01	 3.3315e+02	 1.4433e+04
 5.7665e+03	 1.4397e+04	 5.8743e+00	 3.8163e-01	 3.3315e+02	 1.4436e+04
 8.6498e+03	 1.4397e+04	 5.7876e+00	 4.6688e-01	 3.3315e+02	 1.4439e+04
 1.2975e+04	 1.4397e+04	 5.6727e+00	 5.7221e-01	 3.3315e+02	 1.4441e+04
 1.9462e+04	 1.4397e+04	 5.5158e+00	 6.9496e-01	 3.3315e+02	 1.4444e+04
 2.9193e+04	 1.4397e+04	 5.3006e+00	 8.1972e-01	 3.3316e+02	 1.4446e+04
 4.3789e+04	 1.4397e+04	 5.0224e+00	 9.1354e-01	 3.3315e+02	 1.4449e+04
 6.5684e+04	 1.4397e+04	 4.7048e+00	 9.3971e-01	 3.3315e+02	 1.4452e+04
 9.8526e+04	 1.4397e+04	 4.4058e+00	 8.8714e-01	 3.3315e+02	 1.4454e+04
 1.4779e+05	 1.4397e+04	 4.1509e+00	 7.8087e-01	 3.3315e+02	 1.4457e+04
 2.2168e+05	 1.4397e+04	 3.9601e+00	 6.6094e-01	 3.3316e+02	 1.4459e+04
 3.3253e+05	 1.4397e+04	 3.8195e+00	 5.5469e-01	 3.3315e+02	 1.4462e+04
 4.9879e+05	 1.4397e+04	-1.3909e+00	 4.8118e+01	 3.3314e+02	 1.4465e+04
 7.4818e+05	 1.4397e+04	 3.6671e+00	 3.1942e-01	 3.3315e+02	 1.4471e+04
 9.0000e+05	 1.4397e+04	 3.6341e+00	 2.8771e-01	 3.3315e+02	 1.4479e+04
 1.0000e+02	 1.4476e+04	 6.2892e+00	 1.8100e-01	 3.3315e+02	 1.4487e+04
 1.5000e+02	 1.4476e+04	 6.2518e+00	 1.6835e-01	 3.3315e+02	 1.4489e+04
 2.2500e+02	 1.4476e+04	 6.2188e+00	 1.6306e-01	 3.3315e+02	 1.4492e+04
 3.3750e+02	 1.4476e+04	 6.1863e+00	 1.6221e-01	 3.3315e+02	 1.4495e+04
 5.0625e+02	 1.4476e+04	 6.1541e+00	 1.6695e-01	 3.3315e+02	 1.4497e+04
 7.5938e+02	 1.4476e+04	 6.1207e+00	 1.7851e-01	 3.3315e+02	 1.4500e+04
 1.1391e+03	 1.4476e+04	 6.0848e+00	 1.9755e-01	 3.3314e+02	 1.4505e+04
 1.7086e+03	 1.4476e+04	 6.0449e+00	 2.2543e-01	 3.3315e+02	 1.4508e+04
 2.5629e+03	 1.4476e+04	 5.9986e+00	 2.6398e-01	 3.3315e+02	 1.4510e+04
 3.8443e+03	 1.4476e+04	 5.9428e+00	 3.1533e-01	 3.3315e+02	 1.4513e+04
 5.7665e+03	 1.4476e+04	 5.8745e+00	 3.8183e-01	 3.3314e+02	 1.4516e+04
 8.6498e+03	 1.4476e+04	 5.7876e+00	 4.6709e-01	 3.3315e+02	 1.4518e+04
 1.2975e+04	 1.4476e+04	 5.6723e+00	 5.7246e-01	 3.3314e+02	 1.4521e+04
 1.9462e+04	 1.4476e+04	 5.5156e+00	 6.9528e-01	 3.3315e+02	 1.4524e+04
 2.9193e+04	 1.4476e+04	 5.3002e+00	 8.1986e-01	 3.3315e+02	 1.4526e+04
 4.3789e+04	 1.4476e+04	 5.0220e+00	 9.1352e-01	 3.3315e+02	 1.4529e+04
 6.5684e+04	 1.4476e+04	 4.7045e+00	 9.3962e-01	 3.3315e+02	 1.4532e+04
 9.8526e+04	 1.4476e+04	 4.4052e+00	 8.8713e-01	 3.3315e+02	 1.4535e+04
 1.4779e+05	 1.4476e+04	 4.1506e+00	 7.8054e-01	 3.3314e+02	 1.4537e+04
 2.2168e+05	 1.4476e+04	 3.9598e+00	 6.6063e-01	 3.3315e+02	 1.4540e+04
 3.3253e+05	 1.4476e+04	 3.8193e+00	 5.5429e-01	 3.3315e+02	 1.4542e+04
 4.9879e+05	 1.4476e+04	-1.3848e+00	 4.8118e+01	 3.3314e+02	 1.4545e+04
 7.4818e+05	 1.4476e+04	 3.6672e+00	 3.1922e-01	 3.3315e+02	 1.4552e+04
 9.0000e+05	 1.4476e+04	 3.6343e+00	 2.8887e-01	 3.3315e+02	 1.4559e+04
 1.0000e+02	 1.4556e+04	 6.2893e+00	 1.8078e-01	 3.3315e+02	 1.4567e+04
 1.5000e+02	 1.4556e+04	 6.2528e+00	 1.6985e-01	 3.3315e+02	 1.4570e+04
 2.2500e+02	 1.4556e+04	 6.2184e+00	 1.6293e-01	 3.3315e+02	 1.4572e+04
 3.3750e+02	 1.4556e+04	 6.1862e+00	 1.6209e-01	 3.3315e+02	 1.4575e+04
 5.0625e+02	 1.4556e+04	 6.1538e+00	 1.6708e-01	 3.3316e+02	 1.4577e+04
 7.5938e+02	 1.4556e+04	 6.1204e+00	 1.7845e-01	 3.3316e+02	 1.4580e+04
 1.1391e+03	 1.4556e+04	 6.0845e+00	 1.9767e-01	 3.3315e+02	 1.4585e+04
 1.7086e+03	 1.4556e+04	 6.0447e+00	 2.2543e-01	 3.3314e+02	 1.4588e+04
 2.5629e+03	 1.4556e+04	 5.9985e+00	 2.6414e-01	 3.3315e+02	 1.4590e+04
 3.8443e+03	 1.4556e+04	 5.9430e+00	 3.1524e-01	 3.3315e+02	 1.4593e+04
 5.7665e+03	 1.4556e+04	 5.8746e+00	 3.8196e-01	 3.3315e+02	 1.4595e+04
 8.6498e+03	 1.4556e+04	 5.7875e+00	 4.6717e-01	 3.3315e+02	 1.4598e+04
 1.2975e+04	 1.4556e+04	 5.6723e+00	 5.7267e-01	 3.3315e+02	 1.4601e+04
 1.9462e+04	 1.4556e+04	 5.5153e+00	 6.9541e-01	 3.3314e+02	 1.4604e+04
 2.9193e+04	 1.4556e+04	 5.3000e+00	 8.1998e-01	 3.3315e+02	 1.4606e+04
 4.3789e+04	 1.4556e+04	 5.0217e+00	 9.1368e-01	 3.3315e+02	 1.4609e+04
 6.5684e+04	 1.4556e+04	 4.7042e+00	 9.3979e-01	 3.3315e+02	 1.4611e+04
 9.8526e+04	 1.4556e+04	 4.4050e+00	 8.8706e-01	 3.3315e+02	 1.4614e+04
 1.4779e+05	 1.4556e+04	 4.1502e+00	 7.8051e-01	 3.3315e+02	 1.4616e+04
 2.2168e+05	 1.4556e+04	 3.9595e+00	 6.6039e-01	 3.3315e+02	 1.4619e+04
 3.3253e+05	 1.4556e+04	 3.8192e+00	 5.5399e-01	 3.3315e+02	 1.4622e+04
 4.9879e+05	 1.4556e+04	-1.3797e+00	 4.8117e+01	 3.3315e+02	 1.4624e+04
 7.4818e+05	 1.4556e+04	 3.6672e+00	 3.2056e-01	 3.3315e+02	 1.4631e+04
 9.0000e+05	 1.4556e+04	 3.6346e+00	 2.8800e-01	 3.3315e+02	 1.4639e+04
 1.0000e+02	 1.4636e+04	 6.2894e+00	 1.8070e-01	 3.3316e+02	 1.4647e+04
 1.5000e+02	 1.4636e+04	 6.2531e+00	 1.7150e-01	 3.3315e+02	 1.4649e+04
 2.2500e+02	 1.4636e+04	 6.2188e+00	 1.6307e-01	 3.3315e+02	 1.4652e+04
 3.3750e+02	 1.4636e+04	 6.1860e+00	 1.6205e-01	 3.3315e+02	 1.4655e+04
 5.0625e+02	 1.4636e+04	 6.1536e+00	 1.6702e-01	 3.3315e+02	 1.4657e+04
 7.5938e+02	 1.4636e+04	 6.1206e+00	 1.7844e-01	 3.3315e+02	 1.4660e+04
 1.1391e+03	 1.4636e+04	 6.0847e+00	 1.9733e-01	 3.3315e+02	 1.4665e+04
 1.7086e+03	 1.4636e+04	 6.0448e+00	 2.2546e-01	 3.3315e+02	 1.4667e+04
 2.5629e+03	 1.4636e+04	 5.9985e+00	 2.6396e-01	 3.3315e+02	 1.4670e+04
 3.8443e+03	 1.4636e+04	 5.9427e+00	 3.1525e-01	 3.3315e+02	 1.4673e+04
 5.7665e+03	 1.4636e+04	 5.8744e+00	 3.8214e-01	 3.3315e+02	 1.4675e+04
 8.6498e+03	 1.4636e+04	 5.7876e+00	 4.6746e-01	 3.3315e+02	 1.4678e+04
 1.2975e+04	 1.4636e+04	 5.6721e+00	 5.7288e-01	 3.3315e+02	 1.4680e+04
 1.9462e+04	 1.4636e+04	 5.5152e+00	 6.9564e-01	 3.3315e+02	 1.4683e+04
 2.9193e+04	 1.4636e+04	 5.2995e+00	 8.2008e-01	 3.3315e+02	 1.4686e+04
 4.3789e+04	 1.4636e+04	 5.0212e+00	 9.1386e-01	 3.3315e+02	 1.4689e+04
 6.5684e+04	 1.4636e+04	 4.7037e+00	 9.3984e-01	 3.3315e+02	 1.4691e+04
 9.8526e+04	 1.4636e+04	 4.4044e+00	 8.8704e-01	 3.3315e+02	 1.4694e+04
 1.4779e+05	 1.4636e+04	 4.1498e+00	 7.8037e-01	 3.3315e+02	 1.4697e+04
 2.2168e+05	 1.4636e+04	 3.9590e+00	 6.5998e-01	 3.3315e+02	 1.4699e+04
 3.3253e+05	 1.4636e+04	 3.8191e+00	 5.5354e-01	 3.3315e+02	 1.4702e+04
 4.9879e+05	 1.4636e+04	-1.3736e+00	 4.8116e+01	 3.3315e+02	 1.4705e+04
 7.4818e+05	 1.4636e+04	 3.6672e+00	 3.2068e-01	 3.3315e+02	 1.4711e+04
 9.0000e+05	 1.4636e+04	 3.6345e+00	 2.8979e-01	 3.3315e+02	 1.4719e+04
 1.0000e+02	 1.4716e+04	 6.2892e+00	 1.8074e-01	 3.3315e+02	 1.4727e+04
 1.5000e+02	 1.4716e+04	 6.2519e+00	 1.6976e-01	 3.3315e+02	 1.4729e+04
 2.2500e+02	 1.4716e+04	 6.2184e+00	 1.6281e-01	 3.3315e+02	 1.4732e+04
 3.3750e+02	 1.4716e+04	 6.1861e+00	 1.6192e-01	 3.3315e+02	 1.4734e+04
 5.0625e+02	 1.4716e+04	 6.1541e+00	 1.6694e-01	 3.3315e+02	 1.4737e+04
 7.5938e+02	 1.4716e+04	 6.1205e+00	 1.7852e-01	 3.3315e+02	 1.4740e+04
 1.1391e+03	 1.4716e+04	 6.0848e+00	 1.9744e-01	 3.3315e+02	 1.4745e+04
 1.7086e+03	 1.4716e+04	 6.0447e+00	 2.2544e-01	 3.3315e+02	 1.4747e+04
 2.5629e+03	 1.4716e+04	 5.9983e+00	 2.6416e-01	 3.3314e+02	 1.4750e+04
 3.8443e+03	 1.4716e+04	 5.9426e+00	 3.1539e-01	 3.3315e+02	 1.4753e+04
 5.7665e+03	 1.4716e+04	 5.8744e+00	 3.8227e-01	 3.3315e+02	 1.4755e+04
 8.6498e+03	 1.4716e+04	 5.7875e+00	 4.6769e-01	 3.3315e+02	 1.4758e+04
 1.2975e+04	 1.4716e+04	 5.6720e+00	 5.7323e-01	 3.3315e+02	 1.4760e+04
 1.9462e+04	 1.4716e+04	 5.5148e+00	 6.9586e-01	 3.3315e+02	 1.4763e+04
 2.9193e+04	 1.4716e+04	 5.2992e+00	 8.2049e-01	 3.3315e+02	 1.4766e+04
 4.3789e+04	 1.4716e+04	 5.0209e+00	 9.1402e-01	 3.3315e+02	 1.4768e+04
 6.5684e+04	 1.4716e+04	 4.7032e+00	 9.3983e-01	 3.3315e+02	 1.4771e+04
 9.8526e+04	 1.4716e+04	 4.4039e+00	 8.8706e-01	 3.3315e+02	 1.4773e+04
 1.4779e+05	 1.4716e+04	 4.1494e+00	 7.8017e-01	 3.3315e+02	 1.4776e+04
 2.2168e+05	 1.4716e+04	 3.9587e+00	 6.5968e-01	 3.3315e+02	 1.4778e+04
 3.3253e+05	 1.4716e+04	 3.8188e+00	 5.5318e-01	 3.3315e+02	 1.4781e+04
 4.9879e+05	 1.4716e+04	-1.3685e+00	 4.8116e+01	 3.3315e+02	 1.4784e+04
 7.4818e+05	 1.4716e+04	 3.6675e+00	 3.1888e-01	 3.3314e+02	 1.4791e+04
 9.0000e+05	 1.4716e+04	 3.6346e+00	 2.9089e-01	 3.3315e+02	 1.4799e+04
 1.0000e+02	 1.4796e+04	 6.2894e+00	 1.8065e-01	 3.3315e+02	 1.4807e+04
 1.5000e+02	 1.4796e+04	 6.2522e+00	 1.7159e-01	 3.3316e+02	 1.4809e+04
 2.2500e+02	 1.4796e+04	 6.2187e+00	 1.6268e-01	 3.3316e+02	 1.4812e+04
 3.3750e+02	 1.4796e+04	 6.1861e+00	 1.6190e-01	 3.3315e+02	 1.4815e+04
 5.0625e+02	 1.4796e+04	 6.1537e+00	 1.6667e-01	 3.3315e+02	 1.4817e+04
 7.5938e+02	 1.4796e+04	 6.1205e+00	 1.7822e-01	 3.3315e+02	 1.4820e+04
 1.1391e+03	 1.4796e+04	 6.0849e+00	 1.9710e-01	 3.3315e+02	 1.4825e+04
 1.7086e+03	 1.4796e+04	 6.0451e+00	 2.2550e-01	 3.3316e+02	 1.4828e+04
 2.5629e+03	 1.4796e+04	 5.9987e+00	 2.6409e-01	 3.3315e+02	 1.4830e+04
 3.8443e+03	 1.4796e+04	 5.9427e+00	 3.1539e-01	 3.3315e+02	 1.4833e+04
 5.7665e+03	 1.4796e+04	 5.8745e+00	 3.8243e-01	 3.3315e+02	 1.4836e+04
 8.6498e+03	 1.4796e+04	 5.7875e+00	 4.6780e-01	 3.3316e+02	 1.4838e+04
 1.2975e+04	 1.4796e+04	 5.6720e+00	 5.7338e-01	 3.3315e+02	 1.4841e+04
 1.9462e+04	 1.4796e+04	 5.5145e+00	 6.9610e-01	 3.3315e+02	 1.4844e+04
 2.9193e+04	 1.4796e+04	 5.2990e+00	 8.2067e-01	 3.3315e+02	 1.4846e+04
 4.3789e+04	 1.4796e+04	 5.0206e+00	 9.1396e-01	 3.3315e+02	 1.4849e+04
 6.5684e+04	 1.4796e+04	 4.7030e+00	 9.3989e-01	 3.3315e+02	 1.4852e+04
 9.8526e+04	 1.4796e+04	 4.4037e+00	 8.8699e-01	 3.3315e+02	 1.4854e+04
 1.4779e+05	 1.4796e+04	 4.1490e+00	 7.7998e-01	 3.3315e+02	 1.4857e+04
 2.2168e+05	 1.4796e+04	 3.9584e+00	 6.5940e-01	 3.3315e+02	 1.4859e+04
 3.3253e+05	 1.4796e+04	 3.8187e+00	 5.5271e-01	 3.3316e+02	 1.4862e+04
 4.9879e+05	 1.4796e+04	-1.3629e+00	 4.8114e+01	 3.3315e+02	 1.4865e+04
 7.4818e+05	 1.4796e+04	 3.6681e+00	 3.1318e-01	 3.3314e+02	 1.4871e+04
 9.0000e+05	 1.4796e+04	 3.6351e+00	 2.8553e-01	 3.3315e+02	 1.4879e+04
 1.0000e+02	 1.4876e+04	 6.2890e+00	 1.8070e-01	 3.3315e+02	 1.4887e+04
 1.5000e+02	 1.4876e+04	 6.2540e+00	 1.6930e-01	 3.3315e+02	 1.4889e+04
 2.2500e+02	 1.4876e+04	 6.2184e+00	 1.6268e-01	 3.3315e+02	 1.4892e+04
 3.3750e+02	 1.4876e+04	 6.1861e+00	 1.6177e-01	 3.3315e+02	 1.4895e+04
 5.0625e+02	 1.4876e+04	 6.1539e+00	 1.6682e-01	 3.3315e+02	 1.4897e+04
 7.5938e+02	 1.4876e+04	 6.1206e+00	 1.7839e-01	 3.3315e+02	 1.4900e+04
 1.1391e+03	 1.4876e+04	 6.0845e+00	 1.9740e-01	 3.3314e+02	 1.4905e+04
 1.7086e+03	 1.4876e+04	 6.0450e+00	 2.2545e-01	 3.3315e+02	 1.4908e+04
 2.5629e+03	 1.4876e+04	 5.9985e+00	 2.6421e-01	 3.3315e+02	 1.4911e+04
 3.8443e+03	 1.4876e+04	 5.9427e+00	 3.1553e-01	 3.3315e+02	 1.4913e+04
 5.7665e+03	 1.4876e+04	 5.8745e+00	 3.8268e-01	 3.3315e+02	 1.4916e+04
 8.6498e+03	 1.4876e+04	 5.7871e+00	 4.6813e-01	 3.3315e+02	 1.4919e+04
 1.2975e+04	 1.4876e+04	 5.6714e+00	 5.7379e-01	 3.3314e+02	 1.4921e+04
 1.9462e+04	 1.4876e+04	 5.5142e+00	 6.9643e-01	 3.3315e+02	 1.4924e+04
 2.9193e+04	 1.4876e+04	 5.2985e+00	 8.2079e-01	 3.3315e+02	 1.4927e+04
 4.3789e+04	 1.4876e+04	 5.0199e+00	 9.1430e-01	 3.3315e+02	 1.4929e+04
 6.5684e+04	 1.4876e+04	 4.7023e+00	 9.3985e-01	 3.3314e+02	 1.4932e+04
 9.8526e+04	 1.4876e+04	 4.4030e+00	 8.8684e-01	 3.3314e+02	 1.4935e+04
 1.4779e+05	 1.4876e+04	 4.1484e+00	 7.7964e-01	 3.3315e+02	 1.4937e+04
 2.2168e+05	 1.4876e+04	 3.9580e+00	 6.5903e-01	 3.3315e+02	 1.4940e+04
 3.3253e+05	 1.4876e+04	 3.8183e+00	 5.5222e-01	 3.3315e+02	 1.4942e+04
 4.9879e+05	 1.4876e+04	-1.3566e+00	 4.8113e+01	 3.3315e+02	 1.4945e+04
 7.4818e+05	 1.4876e+04	 3.6679e+00	 3.1532e-01	 3.3315e+02	 1.4951e+04
 9.0000e+05	 1.4876e+04	 3.6352e+00	 2.8631e-01	 3.3315e+02	 1.4959e+04
 1.0000e+02	 1.4956e+04	 6.2888e+00	 1.8042e-01	 3.3315e+02	 1.4967e+04
 1.5000e+02	 1.4956e+04	 6.2538e+00	 1.6939e-01	 3.3315e+02	 1.4970e+04
 2.2500e+02	 1.4956e+04	 6.2186e+00	 1.6269e-01	 3.3315e+02	 1.4972e+04
 3.3750e+02	 1.4956e+04	 6.1860e+00	 1.6170e-01	 3.3315e+02	 1.4975e+04
 5.0625e+02	 1.4956e+04	 6.1537e+00	 1.6667e-01	 3.3315e+02	 1.4977e+04
 7.5938e+02	 1.4956e+04	 6.1207e+00	 1.7817e-01	 3.3315e+02	 1.4980e+04
 1.1391e+03	 1.4956e+04	 6.0849e+00	 1.9741e-01	 3.3315e+02	 1.4985e+04
 1.7086e+03	 1.4956e+04	 6.0452e+00	 2.2552e-01	 3.3315e+02	 1.4988e+04
 2.5629e+03	 1.4956e+04	 5.9987e+00	 2.6421e-01	 3.3316e+02	 1.4990e+04
 3.8443e+03	 1.4956e+04	 5.9431e+00	 3.1574e-01	 3.3315e+02	 1.4993e+04
 5.7665e+03	 1.4956e+04	 5.8745e+00	 3.8279e-01	 3.3315e+02	 1.4995e+04
 8.6498e+03	 1.4956e+04	 5.7874e+00	 4.6832e-01	 3.3315e+02	 1.4998e+04
 1.2975e+04	 1.4956e+04	 5.6715e+00	 5.7397e-01	 3.3315e+02	 1.5001e+04
 1.9462e+04	 1.4956e+04	 5.5142e+00	 6.9660e-01	 3.3315e+02	 1.5003e+04
 2.9193e+04	 1.4956e+04	 5.2982e+00	 8.2088e-01	 3.3315e+02	 1.5006e+04
 4.3789e+04	 1.4956e+04	 5.0198e+00	 9.1429e-01	 3.3315e+02	 1.5008e+04
 6.5684e+04	 1.4956e+04	 4.7020e+00	 9.3997e-01	 3.3315e+02	 1.5011e+04
 9.8526e+04	 1.4956e+04	 4.4027e+00	 8.8698e-01	 3.3315e+02	 1.5013e+04
 1.4779e+05	 1.4956e+04	 4.1480e+00	 7.7965e-01	 3.3315e+02	 1.5016e+04
 2.2168e+05	 1.4956e+04	 3.9579e+00	 6.5879e-01	 3.3315e+02	 1.5019e+04
 3.3253e+05	 1.4956e+04	 3.8182e+00	 5.5185e-01	 3.3315e+02	 1.5021e+04
 4.9879e+05	 1.4956e+04	-1.3513e+00	 4.8111e+01	 3.3315e+02	 1.5024e+04
 7.4818e+05	 1.4956e+04	 3.6680e+00	 3.1551e-01	 3.3315e+02	 1.5030e+04
 9.0000e+05	 1.4956e+04	 3.6355e+00	 2.8610e-01	 3.3315e+02	 1.5038e+04
 1.0000e+02	 1.5035e+04	 6.2888e+00	 1.8027e-01	 3.3315e+02	 1.5046e+04
 1.5000e+02	 1.5035e+04	 6.2532e+00	 1.7226e-01	 3.3314e+02	 1.5048e+04
 2.2500e+02	 1.5035e+04	 6.2184e+00	 1.6253e-01	 3.3314e+02	 1.5051e+04
 3.3750e+02	 1.5035e+04	 6.1859e+00	 1.6161e-01	 3.3315e+02	 1.5054e+04
 5.0625e+02	 1.5035e+04	 6.1536e+00	 1.6669e-01	 3.3315e+02	 1.5056e+04
 7.5938e+02	 1.5035e+04	 6.1208e+00	 1.7831e-01	 3.3315e+02	 1.5059e+04
 1.1391e+03	 1.5035e+04	 6.0849e+00	 1.9730e-01	 3.3315e+02	 1.5064e+04
 1.7086e+03	 1.5035e+04	 6.0451e+00	 2.2541e-01	 3.3315e+02	 1.5066e+04
 2.5629e+03	 1.5035e+04	 5.9990e+00	 2.6427e-01	 3.3315e+02	 1.5069e+04
 3.8443e+03	 1.5035e+04	 5.9430e+00	 3.1581e-01	 3.3314e+02	 1.5071e+04
 5.7665e+03	 1.5035e+04	 5.8745e+00	 3.8306e-01	 3.3315e+02	 1.5074e+04
 8.6498e+03	 1.5035e+04	 5.7873e+00	 4.6862e-01	 3.3314e+02	 1.5077e+04
 1.2975e+04	 1.5035e+04	 5.6714e+00	 5.7426e-01	 3.3315e+02	 1.5079e+04
 1.9462e+04	 1.5035e+04	 5.5140e+00	 6.9698e-01	 3.3315e+02	 1.5082e+04
 2.9193e+04	 1.5035e+04	 5.2978e+00	 8.2112e-01	 3.3315e+02	 1.5085e+04
 4.3789e+04	 1.5035e+04	 5.0194e+00	 9.1439e-01	 3.3315e+02	 1.5087e+04
 6.5684e+04	 1.5035e+04	 4.7016e+00	 9.4011e-01	 3.3315e+02	 1.5089e+04
 9.8526e+04	 1.5035e+04	 4.4022e+00	 8.8675e-01	 3.3316e+02	 1.5092e+04
 1.4779e+05	 1.5035e+04	 4.1477e+00	 7.7954e-01	 3.3315e+02	 1.5094e+04
 2.2168e+05	 1.5035e+04	 3.9575e+00	 6.5847e-01	 3.3315e+02	 1.5097e+04
 3.3253e+05	 1.5035e+04	 3.8180e+00	 5.5152e-01	 3.3315e+02	 1.5100e+04
 4.9879e+05	 1.5035e+04	-1.3446e+00	 4.8111e+01	 3.3315e+02	 1.5102e+04
 7.4818e+05	 1.5035e+04	 3.6679e+00	 3.1689e-01	 3.3315e+02	 1.5109e+04
 9.0000e+05	 1.5035e+04	 3.6354e+00	 2.8710e-01	 3.3315e+02	 1.5117e+04
 1.0000e+02	 1.5114e+04	 6.2887e+00	 1.7989e-01	 3.3315e+02	 1.5125e+04
 1.5000e+02	 1.5114e+04	 6.2542e+00	 1.6902e-01	 3.3315e+02	 1.5128e+04
 2.2500e+02	 1.5114e+04	 6.2182e+00	 1.6262e-01	 3.3316e+02	 1.5130e+04
 3.3750e+02	 1.5114e+04	 6.1861e+00	 1.6171e-01	 3.3315e+02	 1.5133e+04
 5.0625e+02	 1.5114e+04	 6.1539e+00	 1.6667e-01	 3.3315e+02	 1.5136e+04
 7.5938e+02	 1.5114e+04	 6.1205e+00	 1.7802e-01	 3.3315e+02	 1.5138e+04
 1.1391e+03	 1.5114e+04	 6.0847e+00	 1.9751e-01	 3.3315e+02	 1.5143e+04
 1.7086e+03	 1.5114e+04	 6.0452e+00	 2.2531e-01	 3.3315e+02	 1.5146e+04
 2.5629e+03	 1.5114e+04	 5.9989e+00	 2.6435e-01	 3.3315e+02	 1.5148e+04
 3.8443e+03	 1.5114e+04	 5.9431e+00	 3.1594e-01	 3.3315e+02	 1.5151e+04
 5.7665e+03	 1.5114e+04	 5.8745e+00	 3.8307e-01	 3.3315e+02	 1.5153e+04
 8.6498e+03	 1.5114e+04	 5.7873e+00	 4.6873e-01	 3.3315e+02	 1.5156e+04
 1.2975e+04	 1.5114e+04	 5.6713e+00	 5.7440e-01	 3.3315e+02	 1.5158e+04
 1.9462e+04	 1.5114e+04	 5.5138e+00	 6.9716e-01	 3.3315e+02	 1.5161e+04
 2.9193e+04	 1.5114e+04	 5.2978e+00	 8.2125e-01	 3.3315e+02	 1.5164e+04
 4.3789e+04	 1.5114e+04	 5.0192e+00	 9.1453e-01	 3.3315e+02	 1.5166e+04
 6.5684e+04	 1.5114e+04	 4.7015e+00	 9.4015e-01	 3.3315e+02	 1.5169e+04
 9.8526e+04	 1.5114e+04	 4.4019e+00	 8.8679e-01	 3.3315e+02	 1.5172e+04
 1.4779e+05	 1.5114e+04	 4.1473e+00	 7.7942e-01	 3.3315e+02	 1.5174e+04
 2.2168e+05	 1.5114e+04	 3.9572e+00	 6.5834e-01	 3.3316e+02	 1.5177e+04
 3.3253e+05	 1.5114e+04	 3.8178e+00	 5.5115e-01	 3.3316e+02	 1.5179e+04
 4.9879e+05	 1.5114e+04	-1.3404e+00	 4.8109e+01	 3.3315e+02	 1.5182e+04
 7.4818e+05	 1.5114e+04	 3.6680e+00	 3.1758e-01	 3.3315e+02	 1.5189e+04
 9.0000e+05	 1.5114e+04	 3.6355e+00	 2.8708e-01	 3.3315e+02	 1.5196e+04
 1.0000e+02	 1.5193e+04	 6.2887e+00	 1.8022e-01	 3.3315e+02	 1.5205e+04
 1.5000e+02	 1.5193e+04	 6.2522e+00	 1.6907e-01	 3.3315e+02	 1.5207e+04
 2.2500e+02	 1.5193e+04	 6.2182e+00	 1.6233e-01	 3.3315e+02	 1.5209e+04
 3.3750e+02	 1.5193e+04	 6.1859e+00	 1.6163e-01	 3.3315e+02	 1.5212e+04
 5.0625e+02	 1.5193e+04	 6.1537e+00	 1.6671e-01	 3.3315e+02	 1.5214e+04
 7.5938e+02	 1.5193e+04	 6.1206e+00	 1.7821e-01	 3.3315e+02	 1.5217e+04
 1.1391e+03	 1.5193e+04	 6.0848e+00	 1.9730e-01	 3.3315e+02	 1.5222e+04
 1.7086e+03	 1.5193e+04	 6.0450e+00	 2.2557e-01	 3.3315e+02	 1.5225e+04
 2.5629e+03	 1.5193e+04	 5.9989e+00	 2.6442e-01	 3.3315e+02	 1.5227e+04
 3.8443e+03	 1.5193e+04	 5.9431e+00	 3.1600e-01	 3.3315e+02	 1.5230e+04
 5.7665e+03	 1.5193e+04	 5.8744e+00	 3.8327e-01	 3.3315e+02	 1.5233e+04
 8.6498e+03	 1.5193e+04	 5.7871e+00	 4.6890e-01	 3.3315e+02	 1.5235e+04
 1.2975e+04	 1.5193e+04	 5.6712e+00	 5.7468e-01	 3.3315e+02	 1.5238e+04
 1.9462e+04	 1.5193e+04	 5.5134e+00	 6.9752e-01	 3.3315e+02	 1.5240e+04
 2.9193e+04	 1.5193e+04	 5.2973e+00	 8.2155e-01	 3.3315e+02	 1.5243e+04
 4.3789e+04	 1.5193e+04	 5.0185e+00	 9.1470e-01	 3.3315e+02	 1.5245e+04
 6.5684e+04	 1.5193e+04	 4.7008e+00	 9.4012e-01	 3.3315e+02	 1.5248e+04
 9.8526e+04	 1.5193e+04	 4.4013e+00	 8.8675e-01	 3.3315e+02	 1.5250e+04
 1.4779e+05	 1.5193e+04	 4.1468e+00	 7.7921e-01	 3.3315e+02	 1.5253e+04
 2.2168e+05	 1.5193e+04	 3.9567e+00	 6.5800e-01	 3.3315e+02	 1.5256e+04
 3.3253e+05	 1.5193e+04	 3.8174e+00	 5.5072e-01	 3.3316e+02	 1.5258e+04
 4.9879e+05	 1.5193e+04	-1.3349e+00	 4.8109e+01	 3.3316e+02	 1.5261e+04
 7.4818e+05	 1.5193e+04	 3.6681e+00	 3.1700e-01	 3.3315e+02	 1.5267e+04
 9.0000e+05	 1.5193e+04	 3.6354e+00	 2.8915e-01	 3.3316e+02	 1.5275e+04
 1.0000e+02	 1.5272e+04	 6.2884e+00	 1.8002e-01	 3.3315e+02	 1.5283e+04
 1.5000e+02	 1.5272e+04	 6.2551e+00	 1.6583e-01	 3.3315e+02	 1.5286e+04
 2.2500e+02	 1.5272e+04	 6.2186e+00	 1.6242e-01	 3.3315e+02	 1.5289e+04
 3.3750e+02	 1.5272e+04	 6.1861e+00	 1.6144e-01	 3.3315e+02	 1.5291e+04
 5.0625e+02	 1.5272e+04	 6.1538e+00	 1.6651e-01	 3.3315e+02	 1.5294e+04
 7.5938e+02	 1.5272e+04	 6.1208e+00	 1.7823e-01	 3.3315e+02	 1.5296e+04
 1.1391e+03	 1.5272e+04	 6.0851e+00	 1.9721e-01	 3.3315e+02	 1.5301e+04
 1.7086e+03	 1.5272e+04	 6.0453e+00	 2.2549e-01	 3.3315e+02	 1.5304e+04
 2.5629e+03	 1.5272e+04	 5.9988e+00	 2.6460e-01	 3.3315e+02	 1.5307e+04
 3.8443e+03	 1.5272e+04	 5.9428e+00	 3.1616e-01	 3.3316e+02	 1.5309e+04
 5.7665e+03	 1.5272e+04	 5.8743e+00	 3.8350e-01	 3.3315e+02	 1.5311e+04
 8.6498e+03	 1.5272e+04	 5.7869e+00	 4.6924e-01	 3.3315e+02	 1.5314e+04
 1.2975e+04	 1.5272e+04	 5.6708e+00	 5.7493e-01	 3.3315e+02	 1.5317e+04
 1.9462e+04	 1.5272e+04	 5.5130e+00	 6.9773e-01	 3.3314e+02	 1.5319e+04
 2.9193e+04	 1.5272e+04	 5.2967e+00	 8.2194e-01	 3.3315e+02	 1.5322e+04
 4.3789e+04	 1.5272e+04	 5.0181e+00	 9.1493e-01	 3.3315e+02	 1.5324e+04
 6.5684e+04	 1.5272e+04	 4.7002e+00	 9.4017e-01	 3.3314e+02	 1.5327e+04
 9.8526e+04	 1.5272e+04	 4.4007e+00	 8.8657e-01	 3.3315e+02	 1.5330e+04
 1.4779e+05	 1.5272e+04	 4.1463e+00	 7.7881e-01	 3.3315e+02	 1.5332e+04
 2.2168e+05	 1.5272e+04	 3.9562e+00	 6.5753e-01	 3.3315e+02	 1.5335e+04
 3.3253e+05	 1.5272e+04	 3.8173e+00	 5.5027e-01	 3.3315e+02	 1.5338e+04
 4.9879e+05	 1.5272e+04	-1.3291e+00	 4.8107e+01	 3.3314e+02	 1.5340e+04
 7.4818e+05	 1.5272e+04	 3.6679e+00	 3.1713e-01	 3.3315e+02	 1.5347e+04
 9.0000e+05	 1.5272e+04	 3.6356e+00	 2.8849e-01	 3.3315e+02	 1.5354e+04
 1.0000e+02	 1.5352e+04	 6.2887e+00	 1.7999e-01	 3.3315e+02	 1.5362e+04
 1.5000e+02	 1.5352e+04	 6.2568e+00	 1.6800e-01	 3.3315e+02	 1.5365e+04
 2.2500e+02	 1.5352e+04	 6.2182e+00	 1.6233e-01	 3.3315e+02	 1.5367e+04
 3.3750e+02	 1.5352e+04	 6.1859e+00	 1.6146e-01	 3.3314e+02	 1.5370e+04
 5.0625e+02	 1.5352e+04	 6.1537e+00	 1.6667e-01	 3.3315e+02	 1.5372e+04
 7.5938e+02	 1.5352e+04	 6.1206e+00	 1.7822e-01	 3.3314e+02	 1.5375e+04
 1.1391e+03	 1.5352e+04	 6.0853e+00	 1.9743e-01	 3.3314e+02	 1.5380e+04
 1.7086e+03	 1.5352e+04	 6.0452e+00	 2.2560e-01	 3.3314e+02	 1.5382e+04
 2.5629e+03	 1.5352e+04	 5.9988e+00	 2.6466e-01	 3.3315e+02	 1.5385e+04
 3.8443e+03	 1.5352e+04	 5.9429e+00	 3.1618e-01	 3.3315e+02	 1.5388e+04
 5.7665e+03	 1.5352e+04	 5.8743e+00	 3.8380e-01	 3.3315e+02	 1.5390e+04
 8.6498e+03	 1.5352e+04	 5.7868e+00	 4.6948e-01	 3.3315e+02	 1.5393e+04
 1.2975e+04	 1.5352e+04	 5.6707e+00	 5.7530e-01	 3.3315e+02	 1.5396e+04
 1.9462e+04	 1.5352e+04	 5.5127e+00	 6.9799e-01	 3.3315e+02	 1.5398e+04
 2.9193e+04	 1.5352e+04	 5.2964e+00	 8.2204e-01	 3.3314e+02	 1.5401e+04
 4.3789e+04	 1.5352e+04	 5.0178e+00	 9.1510e-01	 3.3314e+02	 1.5404e+04
 6.5684e+04	 1.5352e+04	 4.6999e+00	 9.4023e-01	 3.3315e+02	 1.5406e+04
 9.8526e+04	 1.5352e+04	 4.4003e+00	 8.8653e-01	 3.3315e+02	 1.5409e+04
 1.4779e+05	 1.5352e+04	 4.1459e+00	 7.7890e-01	 3.3315e+02	 1.5411e+04
 2.2168e+05	 1.5352e+04	 3.9560e+00	 6.5739e-01	 3.3315e+02	 1.5414e+04
 3.3253e+05	 1.5352e+04	 3.8171e+00	 5.4991e-01	 3.3315e+02	 1.5416e+04
 4.9879e+05	 1.5352e+04	-1.3233e+00	 4.8106e+01	 3.3315e+02	 1.5419e+04
 7.4818e+05	 1.5352e+04	 3.6687e+00	 3.1273e-01	 3.3316e+02	 1.5426e+04
 9.0000e+05	 1.5352e+04	 3.6362e+00	 2.8321e-01	 3.3316e+02	 1.5433e+04
 1.0000e+02	 1.5431e+04	 6.2887e+00	 1.8015e-01	 3.3315e+02	 1.5441e+04
 1.5000e+02	 1.5431e+04	 6.2560e+00	 1.6567e-01	 3.3315e+02	 1.5444e+04
 2.2500e+02	 1.5431e+04	 6.2181e+00	 1.6218e-01	 3.3315e+02	 1.5446e+04
 3.3750e+02	 1.5431e+04	 6.1858e+00	 1.6143e-01	 3.3315e+02	 1.5449e+04
 5.0625e+02	 1.5431e+04	 6.1538e+00	 1.6649e-01	 3.3315e+02	 1.5452e+04
 7.5938e+02	 1.5431e+04	 6.1208e+00	 1.7813e-01	 3.3315e+02	 1.5455e+04
 1.1391e+03	 1.5431e+04	 6.0849e+00	 1.9724e-01	 3.3316e+02	 1.5460e+04
 1.7086e+03	 1.5431e+04	 6.0453e+00	 2.2568e-01	 3.3315e+02	 1.5462e+04
 2.5629e+03	 1.5431e+04	 5.9988e+00	 2.6464e-01	 3.3316e+02	 1.5465e+04
 3.8443e+03	 1.5431e+04	 5.9429e+00	 3.1642e-01	 3.3315e+02	 1.5467e+04
 5.7665e+03	 1.5431e+04	 5.8743e+00	 3.8374e-01	 3.3315e+02	 1.5470e+04
 8.6498e+03	 1.5431e+04	 5.7867e+00	 4.6966e-01	 3.3315e+02	 1.5473e+04
 1.2975e+04	 1.5431e+04	 5.6707e+00	 5.7547e-01	 3.3315e+02	 1.5475e+04
 1.9462e+04	 1.5431e+04	 5.5123e+00	 6.9808e-01	 3.3315e+02	 1.5478e+04
 2.9193e+04	 1.5431e+04	 5.2961e+00	 8.2214e-01	 3.3315e+02	 1.5480e+04
 4.3789e+04	 1.5431e+04	 5.0172e+00	 9.1513e-01	 3.3314e+02	 1.5483e+04
 6.5684e+04	 1.5431e+04	 4.6995e+00	 9.4035e-01	 3.3315e+02	 1.5485e+04
 9.8526e+04	 1.5431e+04	 4.3999e+00	 8.8669e-01	 3.3315e+02	 1.5488e+04
 1.4779e+05	 1.5431e+04	 4.1455e+00	 7.7858e-01	 3.3315e+02	 1.5490e+04
 2.2168e+05	 1.5431e+04	 3.9555e+00	 6.5707e-01	 3.3315e+02	 1.5493e+04
 3.3253e+05	 1.5431e+04	 3.8168e+00	 5.4957e-01	 3.3315e+02	 1.5495e+04
 4.9879e+05	 1.5431e+04	-1.3176e+00	 4.8104e+01	 3.3315e+02	 1.5498e+04
 7.4818e+05	 1.5431e+04	 3.6684e+00	 3.1518e-01	 3.3315e+02	 1.5505e+04
 9.0000e+05	 1.5431e+04	 3.6363e+00	 2.8360e-01	 3.3315e+02	 1.5513e+04
 1.0000e+02	 1.5510e+04	 6.2884e+00	 1.7980e-01	 3.3315e+02	 1.5521e+04
 1.5000e+02	 1.5510e+04	 6.2546e+00	 1.6750e-01	 3.3315e+02	 1.5523e+04
 2.2500e+02	 1.5510e+04	 6.2181e+00	 1.6225e-01	 3.3315e+02	 1.5526e+04
 3.3750e+02	 1.5510e+04	 6.1858e+00	 1.6136e-01	 3.3315e+02	 1.5528e+04
 5.0625e+02	 1.5510e+04	 6.1536e+00	 1.6647e-01	 3.3315e+02	 1.5531e+04
 7.5938e+02	 1.5510e+04	 6.1207e+00	 1.7822e-01	 3.3315e+02	 1.5534e+04
 1.1391e+03	 1.5510e+04	 6.0849e+00	 1.9751e-01	 3.3315e+02	 1.5539e+04
 1.7086e+03	 1.5510e+04	 6.0452e+00	 2.2558e-01	 3.3315e+02	 1.5541e+04
 2.5629e+03	 1.5510e+04	 5.9989e+00	 2.6460e-01	 3.3314e+02	 1.5544e+04
 3.8443e+03	 1.5510e+04	 5.9432e+00	 3.1665e-01	 3.3315e+02	 1.5546e+04
 5.7665e+03	 1.5510e+04	 5.8743e+00	 3.8402e-01	 3.3315e+02	 1.5549e+04
 8.6498e+03	 1.5510e+04	 5.7867e+00	 4.6980e-01	 3.3315e+02	 1.5552e+04
 1.2975e+04	 1.5510e+04	 5.6705e+00	 5.7577e-01	 3.3316e+02	 1.5554e+04
 1.9462e+04	 1.5510e+04	 5.5122e+00	 6.9835e-01	 3.3315e+02	 1.5557e+04
 2.9193e+04	 1.5510e+04	 5.2960e+00	 8.2246e-01	 3.3315e+02	 1.5560e+04
 4.3789e+04	 1.5510e+04	 5.0170e+00	 9.1527e-01	 3.3315e+02	 1.5562e+04
 6.5684e+04	 1.5510e+04	 4.6991e+00	 9.4040e-01	 3.3315e+02	 1.5564e+04
 9.8526e+04	 1.5510e+04	 4.3996e+00	 8.8662e-01	 3.3316e+02	 1.5567e+04
 1.4779e+05	 1.5510e+04	 4.1451e+00	 7.7852e-01	 3.3315e+02	 1.5570e+04
 2.2168e+05	 1.5510e+04	 3.9552e+00	 6.5683e-01	 3.3316e+02	 1.5572e+04
 3.3253e+05	 1.5510e+04	 3.8166e+00	 5.4920e-01	 3.3315e+02	 1.5575e+04
 4.9879e+05	 1.5510e+04	-1.3122e+00	 4.8103e+01	 3.3315e+02	 1.5577e+04
 7.4818e+05	 1.5510e+04	 3.6685e+00	 3.1392e-01	 3.3316e+02	 1.5584e+04
 9.0000e+05	 1.5510e+04	 3.6362e+00	 2.8588e-01	 3.3315e+02	 1.5592e+04
 1.0000e+02	 1.5589e+04	 6.2885e+00	 1.7963e-01	 3.3314e+02	 1.5600e+04
 1.5000e+02	 1.5589e+04	 6.2526e+00	 1.6800e-01	 3.3315e+02	 1.5602e+04
 2.2500e+02	 1.5589e+04	 6.2184e+00	 1.6213e-01	 3.3315e+02	 1.5605e+04
 3.3750e+02	 1.5589e+04	 6.1862e+00	 1.6142e-01	 3.3315e+02	 1.5607e+04
 5.0625e+02	 1.5589e+04	 6.1538e+00	 1.6644e-01	 3.3315e+02	 1.5610e+04
 7.5938e+02	 1.5589e+04	 6.1207e+00	 1.7827e-01	 3.3315e+02	 1.5612e+04
 1.1391e+03	 1.5589e+04	 6.0851e+00	 1.9738e-01	 3.3315e+02	 1.5618e+04
 1.7086e+03	 1.5589e+04	 6.0453e+00	 2.2579e-01	 3.3315e+02	 1.5621e+04
 2.5629e+03	 1.5589e+04	 5.9991e+00	 2.6459e-01	 3.3316e+02	 1.5623e+04
 3.8443e+03	 1.5589e+04	 5.9431e+00	 3.1664e-01	 3.3316e+02	 1.5626e+04
 5.7665e+03	 1.5589e+04	 5.8744e+00	 3.8412e-01	 3.3315e+02	 1.5628e+04
 8.6498e+03	 1.5589e+04	 5.7869e+00	 4.7018e-01	 3.3315e+02	 1.5631e+04
 1.2975e+04	 1.5589e+04	 5.6704e+00	 5.7598e-01	 3.3315e+02	 1.5633e+04
 1.9462e+04	 1.5589e+04	 5.5121e+00	 6.9882e-01	 3.3315e+02	 1.5636e+04
 2.9193e+04	 1.5589e+04	 5.2954e+00	 8.2269e-01	 3.3315e+02	 1.5639e+04
 4.3789e+04	 1.5589e+04	 5.0164e+00	 9.1540e-01	 3.3315e+02	 1.5641e+04
 6.5684e+04	 1.5589e+04	 4.6984e+00	 9.4031e-01	 3.3315e+02	 1.5643e+04
 9.8526e+04	 1.5589e+04	 4.3988e+00	 8.8645e-01	 3.3315e+02	 1.5646e+04
 1.4779e+05	 1.5589e+04	 4.1445e+00	 7.7841e-01	 3.3314e+02	 1.5649e+04
 2.2168e+05	 1.5589e+04	 3.9548e+00	 6.5647e-01	 3.3315e+02	 1.5651e+04
 3.3253e+05	 1.5589e+04	 3.8162e+00	 5.4874e-01	 3.3315e+02	 1.5654e+04
 4.9879e+05	 1.5589e+04	-1.3059e+00	 4.8100e+01	 3.3315e+02	 1.5657e+04
 7.4818e+05	 1.5589e+04	 3.6683e+00	 3.1499e-01	 3.3315e+02	 1.5663e+04
 9.0000e+05	 1.5589e+04	 3.6362e+00	 2.8582e-01	 3.3315e+02	 1.5671e+04
 1.0000e+02	 1.5668e+04	 6.2883e+00	 1.7986e-01	 3.3315e+02	 1.5679e+04
 1.5000e+02	 1.5668e+04	 6.2512e+00	 1.6812e-01	 3.3316e+02	 1.5682e+04
 2.2500e+02	 1.5668e+04	 6.2179e+00	 1.6200e-01	 3.3315e+02	 1.5684e+04
 3.3750e+02	 1.5668e+04	 6.1861e+00	 1.6136e-01	 3.3315e+02	 1.5687e+04
 5.0625e+02	 1.5668e+04	 6.1542e+00	 1.6646e-01	 3.3315e+02	 1.5690e+04
 7.5938e+02	 1.5668e+04	 6.1210e+00	 1.7828e-01	 3.3315e+02	 1.5692e+04
 1.1391e+03	 1.5668e+04	 6.0852e+00	 1.9726e-01	 3.3315e+02	 1.5697e+04
 1.7086e+03	 1.5668e+04	 6.0454e+00	 2.2583e-01	 3.3315e+02	 1.5700e+04
 2.5629e+03	 1.5668e+04	 5.9990e+00	 2.6479e-01	 3.3315e+02	 1.5702e+04
 3.8443e+03	 1.5668e+04	 5.9431e+00	 3.1686e-01	 3.3315e+02	 1.5705e+04
 5.7665e+03	 1.5668e+04	 5.8744e+00	 3.8442e-01	 3.3314e+02	 1.5708e+04
 8.6498e+03	 1.5668e+04	 5.7866e+00	 4.7035e-01	 3.3315e+02	 1.5710e+04
 1.2975e+04	 1.5668e+04	 5.6700e+00	 5.7646e-01	 3.3315e+02	 1.5713e+04
 1.9462e+04	 1.5668e+04	 5.5117e+00	 6.9908e-01	 3.3315e+02	 1.5715e+04
 2.9193e+04	 1.5668e+04	 5.2949e+00	 8.2298e-01	 3.3314e+02	 1.5718e+04
 4.3789e+04	 1.5668e+04	 5.0158e+00	 9.1565e-01	 3.3315e+02	 1.5720e+04
 6.5684e+04	 1.5668e+04	 4.6978e+00	 9.4056e-01	 3.3315e+02	 1.5723e+04
 9.8526e+04	 1.5668e+04	 4.3983e+00	 8.8631e-01	 3.3315e+02	 1.5726e+04
 1.4779e+05	 1.5668e+04	 4.1438e+00	 7.7817e-01	 3.3315e+02	 1.5728e+04
 2.2168e+05	 1.5668e+04	 3.9542e+00	 6.5614e-01	 3.3315e+02	 1.5731e+04
 3.3253e+05	 1.5668e+04	 3.8159e+00	 5.4825e-01	 3.3315e+02	 1.5734e+04
 4.9879e+05	 1.5668e+04	-1.3005e+00	 4.8099e+01	 3.3315e+02	 1.5737e+04
 7.4818e+05	 1.5668e+04	 3.6683e+00	 3.1520e-01	 3.3314e+02	 1.5743e+04
 9.0000e+05	 1.5668e+04	 3.6361e+00	 2.8746e-01	 3.3315e+02	 1.5751e+04
 1.0000e+02	 1.5748e+04	 6.2882e+00	 1.7972e-01	 3.3314e+02	 1.5759e+04
 1.5000e+02	 1.5748e+04	 6.2495e+00	 1.6858e-01	 3.3315e+02	 1.5761e+04
 2.2500e+02	 1.5748e+04	 6.2185e+00	 1.6212e-01	 3.3315e+02	 1.5764e+04
 3.3750e+02	 1.5748e+04	 6.1857e+00	 1.6137e-01	 3.3315e+02	 1.5767e+04
 5.0625e+02	 1.5748e+04	 6.1538e+00	 1.6624e-01	 3.3315e+02	 1.5769e+04
 7.5938e+02	 1.5748e+04	 6.1206e+00	 1.7802e-01	 3.3315e+02	 1.5772e+04
 1.1391e+03	 1.5748e+04	 6.0851e+00	 1.9697e-01	 3.3315e+02	 1.5777e+04
 1.7086e+03	 1.5748e+04	 6.0453e+00	 2.2588e-01	 3.3315e+02	 1.5780e+04
 2.5629e+03	 1.5748e+04	 5.9991e+00	 2.6496e-01	 3.3314e+02	 1.5782e+04
 3.8443e+03	 1.5748e+04	 5.9432e+00	 3.1706e-01	 3.3315e+02	 1.5785e+04
 5.7665e+03	 1.5748e+04	 5.8743e+00	 3.8459e-01	 3.3315e+02	 1.5787e+04
 8.6498e+03	 1.5748e+04	 5.7864e+00	 4.7072e-01	 3.3315e+02	 1.5790e+04
 1.2975e+04	 1.5748e+04	 5.6698e+00	 5.7673e-01	 3.3315e+02	 1.5792e+04
 1.9462e+04	 1.5748e+04	 5.5113e+00	 6.9950e-01	 3.3315e+02	 1.5795e+04
 2.9193e+04	 1.5748e+04	 5.2945e+00	 8.2326e-01	 3.3315e+02	 1.5798e+04
 4.3789e+04	 1.5748e+04	 5.0153e+00	 9.1582e-01	 3.3315e+02	 1.5800e+04
 6.5684e+04	 1.5748e+04	 4.6973e+00	 9.4052e-01	 3.3315e+02	 1.5803e+04
 9.8526e+04	 1.5748e+04	 4.3977e+00	 8.8632e-01	 3.3315e+02	 1.5806e+04
 1.4779e+05	 1.5748e+04	 4.1434e+00	 7.7786e-01	 3.3315e+02	 1.5808e+04
 2.2168e+05	 1.5748e+04	 3.9538e+00	 6.5578e-01	 3.3315e+02	 1.5811e+04
 3.3253e+05	 1.5748e+04	 3.8157e+00	 5.4797e-01	 3.3315e+02	 1.5813e+04
 4.9879e+05	 1.5748e+04	-1.2956e+00	 4.8097e+01	 3.3315e+02	 1.5816e+04
 7.4818e+05	 1.5748e+04	 3.6687e+00	 3.1192e-01	 3.3315e+02	 1.5822e+04
 9.0000e+05	 1.5748e+04	 3.6363e+00	 2.8488e-01	 3.3315e+02	 1.5830e+04
 1.0000e+02	 1.5827e+04	 6.2880e+00	 1.7940e-01	 3.3315e+02	 1.5838e+04
 1.5000e+02	 1.5827e+04	 6.2547e+00	 1.6496e-01	 3.3315e+02	 1.5840e+04
 2.2500e+02	 1.5827e+04	 6.2180e+00	 1.6199e-01	 3.3315e+02	 1.5843e+04
 3.3750e+02	 1.5827e+04	 6.1856e+00	 1.6127e-01	 3.3315e+02	 1.5846e+04
 5.0625e+02	 1.5827e+04	 6.1537e+00	 1.6647e-01	 3.3315e+02	 1.5848e+04
 7.5938e+02	 1.5827e+04	 6.1209e+00	 1.7822e-01	 3.3315e+02	 1.5851e+04
 1.1391e+03	 1.5827e+04	 6.0851e+00	 1.9737e-01	 3.3315e+02	 1.5856e+04
 1.7086e+03	 1.5827e+04	 6.0454e+00	 2.2578e-01	 3.3315e+02	 1.5859e+04
 2.5629e+03	 1.5827e+04	 5.9993e+00	 2.6499e-01	 3.3315e+02	 1.5861e+04
 3.8443e+03	 1.5827e+04	 5.9430e+00	 3.1710e-01	 3.3315e+02	 1.5864e+04
 5.7665e+03	 1.5827e+04	 5.8744e+00	 3.8483e-01	 3.3315e+02	 1.5866e+04
 8.6498e+03	 1.5827e+04	 5.7864e+00	 4.7099e-01	 3.3315e+02	 1.5869e+04
 1.2975e+04	 1.5827e+04	 5.6698e+00	 5.7703e-01	 3.3316e+02	 1.5872e+04
 1.9462e+04	 1.5827e+04	 5.5111e+00	 6.9971e-01	 3.3315e+02	 1.5874e+04
 2.9193e+04	 1.5827e+04	 5.2940e+00	 8.2347e-01	 3.3315e+02	 1.5877e+04
 4.3789e+04	 1.5827e+04	 5.0149e+00	 9.1586e-01	 3.3315e+02	 1.5880e+04
 6.5684e+04	 1.5827e+04	 4.6969e+00	 9.4052e-01	 3.3315e+02	 1.5882e+04
 9.8526e+04	 1.5827e+04	 4.3973e+00	 8.8617e-01	 3.3315e+02	 1.5885e+04
 1.4779e+05	 1.5827e+04	 4.1429e+00	 7.7774e-01	 3.3315e+02	 1.5887e+04
 2.2168e+05	 1.5827e+04	 3.9536e+00	 6.5538e-01	 3.3315e+02	 1.5890e+04
 3.3253e+05	 1.5827e+04	 3.8155e+00	 5.4750e-01	 3.3315e+02	 1.5892e+04
 4.9879e+05	 1.5827e+04	-1.2894e+00	 4.8094e+01	 3.3315e+02	 1.5895e+04
 7.4818e+05	 1.5827e+04	 3.6685e+00	 3.1362e-01	 3.3315e+02	 1.5902e+04
 9.0000e+05	 1.5827e+04	 3.6365e+00	 2.8537e-01	 3.3315e+02	 1.5909e+04
 1.0000e+02	 1.5906e+04	 6.2879e+00	 1.7937e-01	 3.3316e+02	 1.5917e+04
 1.5000e+02	 1.5906e+04	 6.2525e+00	 1.6617e-01	 3.3315e+02	 1.5920e+04
 2.2500e+02	 1.5906e+04	 6.2182e+00	 1.6186e-01	 3.3315e+02	 1.5922e+04
 3.3750e+02	 1.5906e+04	 6.1858e+00	 1.6110e-01	 3.3316e+02	 1.5925e+04
 5.0625e+02	 1.5906e+04	 6.1537e+00	 1.6631e-01	 3.3315e+02	 1.5927e+04
 7.5938e+02	 1.5906e+04	 6.1208e+00	 1.7816e-01	 3.3315e+02	 1.5930e+04
 1.1391e+03	 1.5906e+04	 6.0854e+00	 1.9740e-01	 3.3315e+02	 1.5935e+04
 1.7086e+03	 1.5906e+04	 6.0454e+00	 2.2589e-01	 3.3315e+02	 1.5938e+04
 2.5629e+03	 1.5906e+04	 5.9993e+00	 2.6500e-01	 3.3315e+02	 1.5940e+04
 3.8443e+03	 1.5906e+04	 5.9432e+00	 3.1727e-01	 3.3315e+02	 1.5943e+04
 5.7665e+03	 1.5906e+04	 5.8743e+00	 3.8501e-01	 3.3316e+02	 1.5946e+04
 8.6498e+03	 1.5906e+04	 5.7862e+00	 4.7119e-01	 3.3315e+02	 1.5948e+04
 1.2975e+04	 1.5906e+04	 5.6696e+00	 5.7729e-01	 3.3315e+02	 1.5951e+04
 1.9462e+04	 1.5906e+04	 5.5108e+00	 7.0009e-01	 3.3315e+02	 1.5954e+04
 2.9193e+04	 1.5906e+04	 5.2937e+00	 8.2375e-01	 3.3315e+02	 1.5956e+04
 4.3789e+04	 1.5906e+04	 5.0143e+00	 9.1602e-01	 3.3315e+02	 1.5959e+04
 6.5684e+04	 1.5906e+04	 4.6963e+00	 9.4068e-01	 3.3315e+02	 1.5962e+04
 9.8526e+04	 1.5906e+04	 4.3967e+00	 8.8618e-01	 3.3315e+02	 1.5964e+04
 1.4779e+05	 1.5906e+04	 4.1423e+00	 7.7751e-01	 3.3315e+02	 1.5967e+04
 2.2168e+05	 1.5906e+04	 3.9530e+00	 6.5514e-01	 3.3315e+02	 1.5969e+04
 3.3253e+05	 1.5906e+04	 3.8151e+00	 5.4712e-01	 3.3316e+02	 1.5972e+04
 4.9879e+05	 1.5906e+04	-1.2844e+00	 4.8093e+01	 3.3316e+02	 1.5975e+04
 7.4818e+05	 1.5906e+04	 3.6683e+00	 3.1472e-01	 3.3315e+02	 1.5981e+04
 9.0000e+05	 1.5906e+04	 3.6367e+00	 2.8521e-01	 3.3315e+02	 1.5989e+04
 1.0000e+02	 1.5986e+04	 6.2880e+00	 1.7930e-01	 3.3315e+02	 1.5997e+04
 1.5000e+02	 1.5986e+04	 6.2515e+00	 1.7119e-01	 3.3315e+02	 1.6000e+04
 2.2500e+02	 1.5986e+04	 6.2179e+00	 1.6188e-01	 3.3315e+02	 1.6002e+04
 3.3750e+02	 1.5986e+04	 6.1857e+00	 1.6106e-01	 3.3316e+02	 1.6005e+04
 5.0625e+02	 1.5986e+04	 6.1539e+00	 1.6644e-01	 3.3315e+02	 1.6007e+04
 7.5938e+02	 1.5986e+04	 6.1209e+00	 1.7803e-01	 3.3315e+02	 1.6010e+04
 1.1391e+03	 1.5986e+04	 6.0852e+00	 1.9739e-01	 3.3315e+02	 1.6015e+04
 1.7086e+03	 1.5986e+04	 6.0455e+00	 2.2584e-01	 3.3315e+02	 1.6018e+04
 2.5629e+03	 1.5986e+04	 5.9991e+00	 2.6535e-01	 3.3315e+02	 1.6020e+04
 3.8443e+03	 1.5986e+04	 5.9431e+00	 3.1735e-01	 3.3315e+02	 1.6023e+04
 5.7665e+03	 1.5986e+04	 5.8742e+00	 3.8515e-01	 3.3315e+02	 1.6025e+04
 8.6498e+03	 1.5986e+04	 5.7862e+00	 4.7152e-01	 3.3315e+02	 1.6028e+04
 1.2975e+04	 1.5986e+04	 5.6693e+00	 5.7762e-01	 3.3315e+02	 1.6031e+04
 1.9462e+04	 1.5986e+04	 5.5104e+00	 7.0035e-01	 3.3315e+02	 1.6033e+04
 2.9193e+04	 1.5986e+04	 5.2932e+00	 8.2413e-01	 3.3315e+02	 1.6036e+04
 4.3789e+04	 1.5986e+04	 5.0136e+00	 9.1620e-01	 3.3315e+02	 1.6038e+04
 6.5684e+04	 1.5986e+04	 4.6954e+00	 9.4060e-01	 3.3315e+02	 1.6041e+04
 9.8526e+04	 1.5986e+04	 4.3961e+00	 8.8608e-01	 3.3315e+02	 1.6044e+04
 1.4779e+05	 1.5986e+04	 4.1418e+00	 7.7728e-01	 3.3315e+02	 1.6046e+04
 2.2168e+05	 1.5986e+04	 3.9525e+00	 6.5481e-01	 3.3316e+02	 1.6049e+04
 3.3253e+05	 1.5986e+04	 3.8148e+00	 5.4670e-01	 3.3315e+02	 1.6052e+04
 4.9879e+05	 1.5986e+04	-1.2782e+00	 4.8090e+01	 3.3315e+02	 1.6054e+04
 7.4818e+05	 1.5986e+04	 3.6686e+00	 3.1161e-01	 3.3315e+02	 1.6060e+04
 9.0000e+05	 1.5986e+04	 3.6367e+00	 2.8363e-01	 3.3315e+02	 1.6068e+04
 1.0000e+02	 1.6065e+04	 6.2879e+00	 1.7940e-01	 3.3315e+02	 1.6076e+04
 1.5000e+02	 1.6065e+04	 6.2518e+00	 1.6817e-01	 3.3315e+02	 1.6079e+04
 2.2500e+02	 1.6065e+04	 6.2178e+00	 1.6186e-01	 3.3315e+02	 1.6081e+04
 3.3750e+02	 1.6065e+04	 6.1855e+00	 1.6109e-01	 3.3315e+02	 1.6084e+04
 5.0625e+02	 1.6065e+04	 6.1540e+00	 1.6629e-01	 3.3315e+02	 1.6086e+04
 7.5938e+02	 1.6065e+04	 6.1208e+00	 1.7815e-01	 3.3315e+02	 1.6089e+04
 1.1391e+03	 1.6065e+04	 6.0852e+00	 1.9739e-01	 3.3316e+02	 1.6094e+04
 1.7086e+03	 1.6065e+04	 6.0455e+00	 2.2593e-01	 3.3316e+02	 1.6096e+04
 2.5629e+03	 1.6065e+04	 5.9992e+00	 2.6519e-01	 3.3315e+02	 1.6099e+04
 3.8443e+03	 1.6065e+04	 5.9433e+00	 3.1747e-01	 3.3315e+02	 1.6102e+04
 5.7665e+03	 1.6065e+04	 5.8744e+00	 3.8555e-01	 3.3315e+02	 1.6104e+04
 8.6498e+03	 1.6065e+04	 5.7861e+00	 4.7170e-01	 3.3315e+02	 1.6107e+04
 1.2975e+04	 1.6065e+04	 5.6691e+00	 5.7789e-01	 3.3315e+02	 1.6109e+04
 1.9462e+04	 1.6065e+04	 5.5100e+00	 7.0067e-01	 3.3315e+02	 1.6112e+04
 2.9193e+04	 1.6065e+04	 5.2926e+00	 8.2422e-01	 3.3315e+02	 1.6114e+04
 4.3789e+04	 1.6065e+04	 5.0132e+00	 9.1641e-01	 3.3315e+02	 1.6117e+04
 6.5684e+04	 1.6065e+04	 4.6951e+00	 9.4060e-01	 3.3315e+02	 1.6120e+04
 9.8526e+04	 1.6065e+04	 4.3955e+00	 8.8618e-01	 3.3315e+02	 1.6122e+04
 1.4779e+05	 1.6065e+04	 4.1413e+00	 7.7715e-01	 3.3315e+02	 1.6125e+04
 2.2168e+05	 1.6065e+04	 3.9522e+00	 6.5451e-01	 3.3315e+02	 1.6128e+04
 3.3253e+05	 1.6065e+04	 3.8145e+00	 5.4639e-01	 3.3315e+02	 1.6130e+04
 4.9879e+05	 1.6065e+04	-1.2737e+00	 4.8088e+01	 3.3315e+02	 1.6133e+04
 7.4818e+05	 1.6065e+04	 3.6683e+00	 3.1484e-01	 3.3316e+02	 1.6139e+04
 9.0000e+05	 1.6065e+04	 3.6369e+00	 2.8279e-01	 3.3315e+02	 1.6147e+04
 1.0000e+02	 1.6144e+04	 6.2878e+00	 1.7933e-01	 3.3315e+02	 1.6155e+04
 1.5000e+02	 1.6144e+04	 6.2513e+00	 1.6937e-01	 3.3315e+02	 1.6158e+04
 2.2500e+02	 1.6144e+04	 6.2180e+00	 1.6190e-01	 3.3315e+02	 1.6160e+04
 3.3750e+02	 1.6144e+04	 6.1858e+00	 1.6121e-01	 3.3315e+02	 1.6163e+04
 5.0625e+02	 1.6144e+04	 6.1538e+00	 1.6623e-01	 3.3315e+02	 1.6166e+04
 7.5938e+02	 1.6144e+04	 6.1207e+00	 1.7811e-01	 3.3315e+02	 1.6168e+04
 1.1391e+03	 1.6144e+04	 6.0853e+00	 1.9767e-01	 3.3315e+02	 1.6173e+04
 1.7086e+03	 1.6144e+04	 6.0454e+00	 2.2618e-01	 3.3315e+02	 1.6176e+04
 2.5629e+03	 1.6144e+04	 5.9991e+00	 2.6537e-01	 3.3314e+02	 1.6178e+04
 3.8443e+03	 1.6144e+04	 5.9432e+00	 3.1770e-01	 3.3314e+02	 1.6181e+04
 5.7665e+03	 1.6144e+04	 5.8742e+00	 3.8570e-01	 3.3314e+02	 1.6183e+04
 8.6498e+03	 1.6144e+04	 5.7861e+00	 4.7215e-01	 3.3314e+02	 1.6186e+04
 1.2975e+04	 1.6144e+04	 5.6687e+00	 5.7833e-01	 3.3315e+02	 1.6189e+04
 1.9462e+04	 1.6144e+04	 5.5095e+00	 7.0113e-01	 3.3315e+02	 1.6191e+04
 2.9193e+04	 1.6144e+04	 5.2917e+00	 8.2462e-01	 3.3315e+02	 1.6194e+04
 4.3789e+04	 1.6144e+04	 5.0123e+00	 9.1661e-01	 3.3315e+02	 1.6197e+04
 6.5684e+04	 1.6144e+04	 4.6941e+00	 9.4068e-01	 3.3315e+02	 1.6199e+04
 9.8526e+04	 1.6144e+04	 4.3946e+00	 8.8584e-01	 3.3314e+02	 1.6202e+04
 1.4779e+05	 1.6144e+04	 4.1406e+00	 7.7677e-01	 3.3315e+02	 1.6204e+04
 2.2168e+05	 1.6144e+04	 3.9516e+00	 6.5409e-01	 3.3315e+02	 1.6207e+04
 3.3253e+05	 1.6144e+04	 3.8140e+00	 5.4577e-01	 3.3314e+02	 1.6210e+04
 4.9879e+05	 1.6144e+04	-1.2669e+00	 4.8084e+01	 3.3315e+02	 1.6213e+04
 7.4818e+05	 1.6144e+04	 3.6685e+00	 3.1187e-01	 3.3315e+02	 1.6219e+04
 9.0000e+05	 1.6144e+04	 3.6368e+00	 2.8380e-01	 3.3314e+02	 1.6227e+04
 1.0000e+02	 1.6224e+04	 6.2876e+00	 1.7919e-01	 3.3315e+02	 1.6235e+04
 1.5000e+02	 1.6224e+04	 6.2532e+00	 1.6654e-01	 3.3315e+02	 1.6238e+04
 2.2500e+02	 1.6224e+04	 6.2178e+00	 1.6182e-01	 3.3315e+02	 1.6241e+04
 3.3750e+02	 1.6224e+04	 6.1855e+00	 1.6106e-01	 3.3315e+02	 1.6243e+04
 5.0625e+02	 1.6224e+04	 6.1538e+00	 1.6638e-01	 3.3315e+02	 1.6246e+04
 7.5938e+02	 1.6224e+04	 6.1208e+00	 1.7804e-01	 3.3315e+02	 1.6248e+04
 1.1391e+03	 1.6224e+04	 6.0854e+00	 1.9755e-01	 3.3316e+02	 1.6253e+04
 1.7086e+03	 1.6224e+04	 6.0455e+00	 2.2592e-01	 3.3315e+02	 1.6256e+04
 2.5629e+03	 1.6224e+04	 5.9992e+00	 2.6541e-01	 3.3315e+02	 1.6258e+04
 3.8443e+03	 1.6224e+04	 5.9431e+00	 3.1776e-01	 3.3315e+02	 1.6261e+04
 5.7665e+03	 1.6224e+04	 5.8741e+00	 3.8587e-01	 3.3315e+02	 1.6263e+04
 8.6498e+03	 1.6224e+04	 5.7858e+00	 4.7225e-01	 3.3315e+02	 1.6266e+04
 1.2975e+04	 1.6224e+04	 5.6687e+00	 5.7860e-01	 3.3315e+02	 1.6269e+04
 1.9462e+04	 1.6224e+04	 5.5094e+00	 7.0130e-01	 3.3315e+02	 1.6271e+04
 2.9193e+04	 1.6224e+04	 5.2918e+00	 8.2489e-01	 3.3315e+02	 1.6274e+04
 4.3789e+04	 1.6224e+04	 5.0121e+00	 9.1681e-01	 3.3315e+02	 1.6277e+04
 6.5684e+04	 1.6224e+04	 4.6939e+00	 9.4078e-01	 3.3315e+02	 1.6279e+04
 9.8526e+04	 1.6224e+04	 4.3944e+00	 8.8590e-01	 3.3315e+02	 1.6282e+04
 1.4779e+05	 1.6224e+04	 4.1402e+00	 7.7669e-01	 3.3314e+02	 1.6285e+04
 2.2168e+05	 1.6224e+04	 3.9512e+00	 6.5387e-01	 3.3315e+02	 1.6287e+04
 3.3253e+05	 1.6224e+04	 3.8139e+00	 5.4547e-01	 3.3315e+02	 1.6290e+04
 4.9879e+05	 1.6224e+04	-1.2621e+00	 4.8082e+01	 3.3315e+02	 1.6292e+04
 7.4818e+05	 1.6224e+04	 3.6684e+00	 3.1239e-01	 3.3315e+02	 1.6299e+04
 9.0000e+05	 1.6224e+04	 3.6370e+00	 2.8300e-01	 3.3315e+02	 1.6307e+04
 1.0000e+02	 1.6304e+04	 6.2875e+00	 1.7927e-01	 3.3315e+02	 1.6315e+04
 1.5000e+02	 1.6304e+04	 6.2537e+00	 1.6795e-01	 3.3315e+02	 1.6317e+04
 2.2500e+02	 1.6304e+04	 6.2180e+00	 1.6176e-01	 3.3315e+02	 1.6320e+04
 3.3750e+02	 1.6304e+04	 6.1857e+00	 1.6104e-01	 3.3315e+02	 1.6322e+04
 5.0625e+02	 1.6304e+04	 6.1538e+00	 1.6628e-01	 3.3315e+02	 1.6325e+04
 7.5938e+02	 1.6304e+04	 6.1207e+00	 1.7824e-01	 3.3315e+02	 1.6328e+04
 1.1391e+03	 1.6304e+04	 6.0855e+00	 1.9760e-01	 3.3315e+02	 1.6333e+04
 1.7086e+03	 1.6304e+04	 6.0455e+00	 2.2630e-01	 3.3315e+02	 1.6335e+04
 2.5629e+03	 1.6304e+04	 5.9992e+00	 2.6548e-01	 3.3315e+02	 1.6338e+04
 3.8443e+03	 1.6304e+04	 5.9432e+00	 3.1793e-01	 3.3314e+02	 1.6340e+04
 5.7665e+03	 1.6304e+04	 5.8742e+00	 3.8612e-01	 3.3315e+02	 1.6343e+04
 8.6498e+03	 1.6304e+04	 5.7858e+00	 4.7252e-01	 3.3315e+02	 1.6346e+04
 1.2975e+04	 1.6304e+04	 5.6683e+00	 5.7886e-01	 3.3315e+02	 1.6348e+04
 1.9462e+04	 1.6304e+04	 5.5089e+00	 7.0166e-01	 3.3314e+02	 1.6351e+04
 2.9193e+04	 1.6304e+04	 5.2912e+00	 8.2516e-01	 3.3315e+02	 1.6354e+04
 4.3789e+04	 1.6304e+04	 5.0114e+00	 9.1695e-01	 3.3315e+02	 1.6356e+04
 6.5684e+04	 1.6304e+04	 4.6932e+00	 9.4091e-01	 3.3315e+02	 1.6358e+04
 9.8526e+04	 1.6304e+04	 4.3937e+00	 8.8583e-01	 3.3315e+02	 1.6361e+04
 1.4779e+05	 1.6304e+04	 4.1395e+00	 7.7647e-01	 3.3315e+02	 1.6364e+04
 2.2168e+05	 1.6304e+04	 3.9507e+00	 6.5353e-01	 3.3315e+02	 1.6366e+04
 3.3253e+05	 1.6304e+04	 3.8135e+00	 5.4510e-01	 3.3315e+02	 1.6369e+04
 4.9879e+05	 1.6304e+04	-1.2563e+00	 4.8080e+01	 3.3315e+02	 1.6372e+04
 7.4818e+05	 1.6304e+04	 3.6688e+00	 3.0942e-01	 3.3316e+02	 1.6378e+04
 9.0000e+05	 1.6304e+04	 3.6371e+00	 2.8186e-01	 3.3315e+02	 1.6386e+04
 1.0000e+02	 1.6384e+04	 6.2877e+00	 1.7880e-01	 3.3315e+02	 1.6394e+04
 1.5000e+02	 1.6384e+04	 6.2496e+00	 1.6899e-01	 3.3315e+02	 1.6396e+04
 2.2500e+02	 1.6384e+04	 6.2178e+00	 1.6162e-01	 3.3315e+02	 1.6399e+04
 3.3750e+02	 1.6384e+04	 6.1856e+00	 1.6089e-01	 3.3314e+02	 1.6402e+04
 5.0625e+02	 1.6384e+04	 6.1540e+00	 1.6624e-01	 3.3315e+02	 1.6404e+04
 7.5938e+02	 1.6384e+04	 6.1209e+00	 1.7804e-01	 3.3315e+02	 1.6407e+04
 1.1391e+03	 1.6384e+04	 6.0853e+00	 1.9738e-01	 3.3315e+02	 1.6412e+04
 1.7086e+03	 1.6384e+04	 6.0456e+00	 2.2624e-01	 3.3315e+02	 1.6415e+04
 2.5629e+03	 1.6384e+04	 5.9992e+00	 2.6557e-01	 3.3315e+02	 1.6418e+04
 3.8443e+03	 1.6384e+04	 5.9432e+00	 3.1812e-01	 3.3315e+02	 1.6420e+04
 5.7665e+03	 1.6384e+04	 5.8740e+00	 3.8625e-01	 3.3314e+02	 1.6423e+04
 8.6498e+03	 1.6384e+04	 5.7857e+00	 4.7298e-01	 3.3315e+02	 1.6425e+04
 1.2975e+04	 1.6384e+04	 5.6681e+00	 5.7941e-01	 3.3314e+02	 1.6428e+04
 1.9462e+04	 1.6384e+04	 5.5086e+00	 7.0215e-01	 3.3314e+02	 1.6430e+04
 2.9193e+04	 1.6384e+04	 5.2906e+00	 8.2549e-01	 3.3315e+02	 1.6433e+04
 4.3789e+04	 1.6384e+04	 5.0107e+00	 9.1720e-01	 3.3315e+02	 1.6436e+04
 6.5684e+04	 1.6384e+04	 4.6925e+00	 9.4080e-01	 3.3314e+02	 1.6438e+04
 9.8526e+04	 1.6384e+04	 4.3929e+00	 8.8567e-01	 3.3314e+02	 1.6441e+04
 1.4779e+05	 1.6384e+04	 4.1391e+00	 7.7628e-01	 3.3315e+02	 1.6443e+04
 2.2168e+05	 1.6384e+04	 3.9502e+00	 6.5321e-01	 3.3315e+02	 1.6446e+04
 3.3253e+05	 1.6384e+04	 3.8131e+00	 5.4452e-01	 3.3315e+02	 1.6448e+04
 4.9879e+05	 1.6384e+04	-1.2499e+00	 4.8077e+01	 3.3315e+02	 1.6451e+04
 7.4818e+05	 1.6384e+04	 3.6686e+00	 3.0964e-01	 3.3315e+02	 1.6458e+04
 9.0000e+05	 1.6384e+04	 3.6371e+00	 2.8186e-01	 3.3315e+02	 1.6465e+04
 1.0000e+02	 1.6462e+04	 6.2875e+00	 1.7902e-01	 3.3315e+02	 1.6474e+04
 1.5000e+02	 1.6462e+04	 6.2514e+00	 1.6664e-01	 3.3315e+02	 1.6476e+04
 2.2500e+02	 1.6462e+04	 6.2178e+00	 1.6166e-01	 3.3315e+02	 1.6478e+04
 3.3750e+02	 1.6462e+04	 6.1858e+00	 1.6101e-01	 3.3315e+02	 1.6481e+04
 5.0625e+02	 1.6462e+04	 6.1538e+00	 1.6615e-01	 3.3315e+02	 1.6483e+04
 7.5938e+02	 1.6462e+04	 6.1208e+00	 1.7802e-01	 3.3316e+02	 1.6486e+04
 1.1391e+03	 1.6462e+04	 6.0852e+00	 1.9758e-01	 3.3315e+02	 1.6491e+04
 1.7086e+03	 1.6462e+04	 6.0456e+00	 2.2620e-01	 3.3315e+02	 1.6494e+04
 2.5629e+03	 1.6462e+04	 5.9996e+00	 2.6576e-01	 3.3315e+02	 1.6496e+04
 3.8443e+03	 1.6462e+04	 5.9434e+00	 3.1821e-01	 3.3315e+02	 1.6499e+04
 5.7665e+03	 1.6462e+04	 5.8742e+00	 3.8633e-01	 3.3315e+02	 1.6501e+04
 8.6498e+03	 1.6462e+04	 5.7858e+00	 4.7298e-01	 3.3315e+02	 1.6504e+04
 1.2975e+04	 1.6462e+04	 5.6682e+00	 5.7933e-01	 3.3315e+02	 1.6507e+04
 1.9462e+04	 1.6462e+04	 5.5086e+00	 7.0217e-01	 3.3316e+02	 1.6510e+04
 2.9193e+04	 1.6462e+04	 5.2906e+00	 8.2554e-01	 3.3316e+02	 1.6512e+04
 4.3789e+04	 1.6462e+04	 5.0108e+00	 9.1718e-01	 3.3315e+02	 1.6515e+04
 6.5684e+04	 1.6462e+04	 4.6926e+00	 9.4101e-01	 3.3315e+02	 1.6517e+04
 9.8526e+04	 1.6462e+04	 4.3930e+00	 8.8585e-01	 3.3315e+02	 1.6520e+04
 1.4779e+05	 1.6462e+04	 4.1389e+00	 7.7636e-01	 3.3315e+02	 1.6522e+04
 2.2168e+05	 1.6462e+04	 3.9500e+00	 6.5311e-01	 3.3316e+02	 1.6525e+04
 3.3253e+05	 1.6462e+04	 3.8131e+00	 5.4445e-01	 3.3315e+02	 1.6528e+04
 4.9879e+05	 1.6462e+04	-1.2460e+00	 4.8077e+01	 3.3315e+02	 1.6530e+04